{"v":"5.8.1","fr":60,"ip":0,"op":140,"w":1024,"h":1024,"nm":"emoji_Clinking glasses","ddd":0,"assets":[{"id":"comp_0","nm":"bubbles","fr":60,"layers":[{"ddd":0,"ind":1,"ty":4,"nm":"Layer 2 Outlines 2","sr":1,"ks":{"o":{"a":0,"k":100,"ix":11},"r":{"a":0,"k":0,"ix":10},"p":{"a":1,"k":[{"i":{"x":0.833,"y":0.833},"o":{"x":0.167,"y":0.167},"t":54,"s":[380.785,475.11,0],"to":[0.337,-9.994,0],"ti":[-0.337,9.994,0]},{"t":138,"s":[382.81,415.144,0]}],"ix":2,"l":2},"a":{"a":0,"k":[43.431,17.807,0],"ix":1,"l":2},"s":{"a":1,"k":[{"i":{"x":[0.833,0.833,0.833],"y":[0.833,0.833,0.833]},"o":{"x":[0.167,0.167,0.167],"y":[0.167,0.167,0.167]},"t":54,"s":[0,0,100]},{"t":138,"s":[100,100,100]}],"ix":6,"l":2}},"ao":0,"shapes":[{"ty":"gr","it":[{"ind":0,"ty":"sh","ix":1,"ks":{"a":0,"k":{"i":[[-2.895,-9.831],[-10.787,4.062],[2.486,8.618],[9.194,-4.03]],"o":[[2.485,8.618],[10.788,-4.061],[-2.485,-8.618],[-9.042,3.98]],"v":[[-16.57,5.444],[5.601,15.104],[16.98,-7.225],[-6.374,-15.135]],"c":true},"ix":2},"nm":"Path 1","mn":"ADBE Vector Shape - Group","hd":false},{"ty":"fl","c":{"a":0,"k":[1,0.995999983245,1,1],"ix":4},"o":{"a":0,"k":100,"ix":5},"r":1,"bm":0,"nm":"Fill 1","mn":"ADBE Vector Graphic - Fill","hd":false},{"ty":"tr","p":{"a":0,"k":[19.715,19.415],"ix":2},"a":{"a":0,"k":[0,0],"ix":1},"s":{"a":0,"k":[100,100],"ix":3},"r":{"a":0,"k":0,"ix":6},"o":{"a":0,"k":100,"ix":7},"sk":{"a":0,"k":0,"ix":4},"sa":{"a":0,"k":0,"ix":5},"nm":"Transform"}],"nm":"Group 1","np":2,"cix":2,"bm":0,"ix":1,"mn":"ADBE Vector Group","hd":false}],"ip":54,"op":328,"st":78,"bm":0},{"ddd":0,"ind":2,"ty":4,"nm":"Layer 4 Outlines 2","sr":1,"ks":{"o":{"a":0,"k":100,"ix":11},"r":{"a":1,"k":[{"i":{"x":[0.833],"y":[0.833]},"o":{"x":[0.333],"y":[0]},"t":64,"s":[-19]},{"t":138,"s":[0]}],"ix":10},"p":{"a":1,"k":[{"i":{"x":0.833,"y":0.833},"o":{"x":0.333,"y":0},"t":64,"s":[336.449,534.199,0],"to":[0.975,-11.291,0],"ti":[-0.975,11.291,0]},{"t":138,"s":[342.301,466.452,0]}],"ix":2,"l":2},"a":{"a":0,"k":[47.806,31.249,0],"ix":1,"l":2},"s":{"a":1,"k":[{"i":{"x":[0.833,0.833,0.833],"y":[0.833,0.833,1]},"o":{"x":[0.333,0.333,0.333],"y":[0,0,0]},"t":64,"s":[0,0,100]},{"t":138,"s":[65,65,100]}],"ix":6,"l":2}},"ao":0,"shapes":[{"ty":"gr","it":[{"ind":0,"ty":"sh","ix":1,"ks":{"a":0,"k":{"i":[[8.219,-7.67],[-2.697,-4.241],[-10.994,9.957],[4.344,4.866]],"o":[[-7.942,7.492],[3.919,6.361],[9.632,-8.738],[-3.861,-4.186]],"v":[[-13.991,-16.085],[-11.857,7.511],[12.302,13.798],[8.309,-12.801]],"c":true},"ix":2},"nm":"Path 1","mn":"ADBE Vector Shape - Group","hd":false},{"ty":"fl","c":{"a":0,"k":[1,0.995999983245,1,1],"ix":4},"o":{"a":0,"k":100,"ix":5},"r":1,"bm":0,"nm":"Fill 1","mn":"ADBE Vector Graphic - Fill","hd":false},{"ty":"tr","p":{"a":0,"k":[22.183,24.005],"ix":2},"a":{"a":0,"k":[0,0],"ix":1},"s":{"a":0,"k":[100,100],"ix":3},"r":{"a":0,"k":0,"ix":6},"o":{"a":0,"k":100,"ix":7},"sk":{"a":0,"k":0,"ix":4},"sa":{"a":0,"k":0,"ix":5},"nm":"Transform"}],"nm":"Group 1","np":2,"cix":2,"bm":0,"ix":1,"mn":"ADBE Vector Group","hd":false}],"ip":64,"op":328,"st":78,"bm":0},{"ddd":0,"ind":3,"ty":4,"nm":"Layer 5 Outlines 2","sr":1,"ks":{"o":{"a":0,"k":100,"ix":11},"r":{"a":0,"k":17,"ix":10},"p":{"a":1,"k":[{"i":{"x":0.833,"y":0.833},"o":{"x":0.333,"y":0},"t":78,"s":[249.519,524.878,0],"to":[0.658,-7.667,0],"ti":[-0.658,7.667,0]},{"t":138,"s":[253.468,478.874,0]}],"ix":2,"l":2},"a":{"a":0,"k":[-24.932,2.878,0],"ix":1,"l":2},"s":{"a":1,"k":[{"i":{"x":[0.833,0.833,0.833],"y":[0.833,0.833,1]},"o":{"x":[0.333,0.333,0.333],"y":[0,0,0]},"t":78,"s":[0,0,100]},{"t":138,"s":[95,95,100]}],"ix":6,"l":2}},"ao":0,"shapes":[{"ty":"gr","it":[{"ind":0,"ty":"sh","ix":1,"ks":{"a":0,"k":{"i":[[-4.738,-2.032],[-2.129,5.7],[6.305,1.419],[1.244,-5.569]],"o":[[5.599,2.333],[2.13,-5.7],[-6.33,-1.495],[-1.545,6.432]],"v":[[-4.681,11.004],[10.016,3.767],[2.977,-11.842],[-10.6,-2.788]],"c":true},"ix":2},"nm":"Path 1","mn":"ADBE Vector Shape - Group","hd":false},{"ty":"fl","c":{"a":0,"k":[1,0.995999983245,1,1],"ix":4},"o":{"a":0,"k":100,"ix":5},"r":1,"bm":0,"nm":"Fill 1","mn":"ADBE Vector Graphic - Fill","hd":false},{"ty":"tr","p":{"a":0,"k":[12.395,13.588],"ix":2},"a":{"a":0,"k":[0,0],"ix":1},"s":{"a":0,"k":[100,100],"ix":3},"r":{"a":0,"k":0,"ix":6},"o":{"a":0,"k":100,"ix":7},"sk":{"a":0,"k":0,"ix":4},"sa":{"a":0,"k":0,"ix":5},"nm":"Transform"}],"nm":"Group 1","np":2,"cix":2,"bm":0,"ix":1,"mn":"ADBE Vector Group","hd":false}],"ip":78,"op":328,"st":78,"bm":0},{"ddd":0,"ind":4,"ty":4,"nm":"Layer 6 Outlines 2","sr":1,"ks":{"o":{"a":0,"k":100,"ix":11},"r":{"a":0,"k":0,"ix":10},"p":{"a":1,"k":[{"i":{"x":0.833,"y":0.833},"o":{"x":0.167,"y":0.167},"t":78,"s":[328.529,660.44,0],"to":[-0.019,-17.333,0],"ti":[0.019,17.333,0]},{"t":138,"s":[328.416,556.44,0]}],"ix":2,"l":2},"a":{"a":0,"k":[45.298,29.924,0],"ix":1,"l":2},"s":{"a":1,"k":[{"i":{"x":[0.833,0.833,0.833],"y":[0.833,0.833,1]},"o":{"x":[0.333,0.333,0.333],"y":[0,0,0]},"t":78,"s":[0,0,100]},{"t":138,"s":[42,42,100]}],"ix":6,"l":2}},"ao":0,"shapes":[{"ty":"gr","it":[{"ind":0,"ty":"sh","ix":1,"ks":{"a":0,"k":{"i":[[7.731,4.146],[5.4,-10.771],[-9.885,-5.277],[-4.976,9.278]],"o":[[-9.885,-5.276],[-3.616,7.299],[9.86,5.201],[4.95,-9.353]],"v":[[10.919,-20.583],[-16.456,-6.873],[-11.219,20.658],[16.155,6.948]],"c":true},"ix":2},"nm":"Path 1","mn":"ADBE Vector Shape - Group","hd":false},{"ty":"fl","c":{"a":0,"k":[1,0.995999983245,1,1],"ix":4},"o":{"a":0,"k":100,"ix":5},"r":1,"bm":0,"nm":"Fill 1","mn":"ADBE Vector Graphic - Fill","hd":false},{"ty":"tr","p":{"a":0,"k":[21.354,26.109],"ix":2},"a":{"a":0,"k":[0,0],"ix":1},"s":{"a":0,"k":[100,100],"ix":3},"r":{"a":0,"k":0,"ix":6},"o":{"a":0,"k":100,"ix":7},"sk":{"a":0,"k":0,"ix":4},"sa":{"a":0,"k":0,"ix":5},"nm":"Transform"}],"nm":"Group 1","np":2,"cix":2,"bm":0,"ix":1,"mn":"ADBE Vector Group","hd":false}],"ip":78,"op":328,"st":78,"bm":0},{"ddd":0,"ind":5,"ty":4,"nm":"Layer 7 Outlines 2","sr":1,"ks":{"o":{"a":0,"k":100,"ix":11},"r":{"a":0,"k":-46,"ix":10},"p":{"a":1,"k":[{"i":{"x":0.833,"y":0.833},"o":{"x":0.333,"y":0},"t":72,"s":[282.507,704.311,0],"to":[3.322,-10.004,0],"ti":[-3.322,10.004,0]},{"t":138,"s":[302.442,644.289,0]}],"ix":2,"l":2},"a":{"a":0,"k":[11.408,57.887,0],"ix":1,"l":2},"s":{"a":1,"k":[{"i":{"x":[0.833,0.833,0.833],"y":[0.833,0.833,1]},"o":{"x":[0.333,0.333,0.333],"y":[0,0,0]},"t":72,"s":[0,0,100]},{"t":138,"s":[74,74,100]}],"ix":6,"l":2}},"ao":0,"shapes":[{"ty":"gr","it":[{"ind":0,"ty":"sh","ix":1,"ks":{"a":0,"k":{"i":[[6.489,-3.54],[-3.387,-6.034],[-7.498,4.303],[4.031,9.447]],"o":[[-9.847,5.349],[3.386,6.034],[7.574,-4.328],[-4.032,-9.447]],"v":[[-7.275,-15.194],[-12.349,8.554],[6.266,14.431],[13.091,-8.134]],"c":true},"ix":2},"nm":"Path 1","mn":"ADBE Vector Shape - Group","hd":false},{"ty":"fl","c":{"a":0,"k":[1,0.995999983245,1,1],"ix":4},"o":{"a":0,"k":100,"ix":5},"r":1,"bm":0,"nm":"Fill 1","mn":"ADBE Vector Graphic - Fill","hd":false},{"ty":"tr","p":{"a":0,"k":[17.372,18.984],"ix":2},"a":{"a":0,"k":[0,0],"ix":1},"s":{"a":0,"k":[100,100],"ix":3},"r":{"a":0,"k":0,"ix":6},"o":{"a":0,"k":100,"ix":7},"sk":{"a":0,"k":0,"ix":4},"sa":{"a":0,"k":0,"ix":5},"nm":"Transform"}],"nm":"Group 1","np":2,"cix":2,"bm":0,"ix":1,"mn":"ADBE Vector Group","hd":false}],"ip":72,"op":328,"st":78,"bm":0},{"ddd":0,"ind":6,"ty":4,"nm":"Layer 2 Outlines","sr":1,"ks":{"o":{"a":0,"k":100,"ix":11},"r":{"a":1,"k":[{"i":{"x":[0.667],"y":[1]},"o":{"x":[0.167],"y":[0.167]},"t":36,"s":[0]},{"t":84,"s":[40]}],"ix":10},"p":{"a":1,"k":[{"i":{"x":0.833,"y":0.833},"o":{"x":0.167,"y":0.167},"t":0,"s":[382.81,415.144,0],"to":[-1.667,-9,0],"ti":[-5.333,18.333,0]},{"i":{"x":0.667,"y":1},"o":{"x":0.167,"y":0.167},"t":36,"s":[372.81,361.144,0],"to":[5.333,-18.333,0],"ti":[-7,9.333,0]},{"t":98,"s":[414.81,305.144,0]}],"ix":2,"l":2},"a":{"a":0,"k":[43.431,17.807,0],"ix":1,"l":2},"s":{"a":1,"k":[{"i":{"x":[0.667,0.667,0.667],"y":[1,1,1]},"o":{"x":[0.167,0.167,0.167],"y":[0.167,0.167,0]},"t":36,"s":[100,100,100]},{"t":136,"s":[0,0,100]}],"ix":6,"l":2}},"ao":0,"shapes":[{"ty":"gr","it":[{"ind":0,"ty":"sh","ix":1,"ks":{"a":0,"k":{"i":[[-2.895,-9.831],[-10.787,4.062],[2.486,8.618],[9.194,-4.03]],"o":[[2.485,8.618],[10.788,-4.061],[-2.485,-8.618],[-9.042,3.98]],"v":[[-16.57,5.444],[5.601,15.104],[16.98,-7.225],[-6.374,-15.135]],"c":true},"ix":2},"nm":"Path 1","mn":"ADBE Vector Shape - Group","hd":false},{"ty":"fl","c":{"a":0,"k":[1,0.995999983245,1,1],"ix":4},"o":{"a":0,"k":100,"ix":5},"r":1,"bm":0,"nm":"Fill 1","mn":"ADBE Vector Graphic - Fill","hd":false},{"ty":"tr","p":{"a":0,"k":[19.715,19.415],"ix":2},"a":{"a":0,"k":[0,0],"ix":1},"s":{"a":0,"k":[100,100],"ix":3},"r":{"a":0,"k":0,"ix":6},"o":{"a":0,"k":100,"ix":7},"sk":{"a":0,"k":0,"ix":4},"sa":{"a":0,"k":0,"ix":5},"nm":"Transform"}],"nm":"Group 1","np":2,"cix":2,"bm":0,"ix":1,"mn":"ADBE Vector Group","hd":false}],"ip":0,"op":250,"st":0,"bm":0},{"ddd":0,"ind":7,"ty":4,"nm":"Layer 4 Outlines 3","sr":1,"ks":{"o":{"a":0,"k":100,"ix":11},"r":{"a":0,"k":0,"ix":10},"p":{"a":1,"k":[{"i":{"x":0.833,"y":0.833},"o":{"x":0.167,"y":0.167},"t":38,"s":[282.301,406.452,0],"to":[0,-5,0],"ti":[16,27.333,0]},{"t":74,"s":[282.301,376.452,0]}],"ix":2,"l":2},"a":{"a":0,"k":[47.806,31.249,0],"ix":1,"l":2},"s":{"a":1,"k":[{"i":{"x":[0.833,0.833,0.833],"y":[0.833,0.833,0.833]},"o":{"x":[0.167,0.167,0.167],"y":[0.167,0.167,0.167]},"t":38,"s":[49,49,100]},{"t":74,"s":[0,0,100]}],"ix":6,"l":2}},"ao":0,"shapes":[{"ty":"gr","it":[{"ind":0,"ty":"sh","ix":1,"ks":{"a":0,"k":{"i":[[8.219,-7.67],[-2.697,-4.241],[-10.994,9.957],[4.344,4.866]],"o":[[-7.942,7.492],[3.919,6.361],[9.632,-8.738],[-3.861,-4.186]],"v":[[-13.991,-16.085],[-11.857,7.511],[12.302,13.798],[8.309,-12.801]],"c":true},"ix":2},"nm":"Path 1","mn":"ADBE Vector Shape - Group","hd":false},{"ty":"fl","c":{"a":0,"k":[1,0.995999983245,1,1],"ix":4},"o":{"a":0,"k":100,"ix":5},"r":1,"bm":0,"nm":"Fill 1","mn":"ADBE Vector Graphic - Fill","hd":false},{"ty":"tr","p":{"a":0,"k":[22.183,24.005],"ix":2},"a":{"a":0,"k":[0,0],"ix":1},"s":{"a":0,"k":[100,100],"ix":3},"r":{"a":0,"k":0,"ix":6},"o":{"a":0,"k":100,"ix":7},"sk":{"a":0,"k":0,"ix":4},"sa":{"a":0,"k":0,"ix":5},"nm":"Transform"}],"nm":"Group 1","np":2,"cix":2,"bm":0,"ix":1,"mn":"ADBE Vector Group","hd":false}],"ip":38,"op":288,"st":38,"bm":0},{"ddd":0,"ind":8,"ty":4,"nm":"Layer 4 Outlines","sr":1,"ks":{"o":{"a":0,"k":100,"ix":11},"r":{"a":1,"k":[{"i":{"x":[0.667],"y":[1]},"o":{"x":[0.167],"y":[0.167]},"t":36,"s":[0]},{"t":84,"s":[102]}],"ix":10},"p":{"a":1,"k":[{"i":{"x":0.833,"y":0.833},"o":{"x":0.167,"y":0.167},"t":0,"s":[342.301,466.452,0],"to":[0,-8.333,0],"ti":[16,27.333,0]},{"i":{"x":0.667,"y":1},"o":{"x":0.167,"y":0.167},"t":36,"s":[342.301,416.452,0],"to":[-4.21,-7.192,0],"ti":[0,3.333,0]},{"t":98,"s":[342.301,376.452,0]}],"ix":2,"l":2},"a":{"a":0,"k":[47.806,31.249,0],"ix":1,"l":2},"s":{"a":1,"k":[{"i":{"x":[0.833,0.833,0.833],"y":[0.833,0.833,0.833]},"o":{"x":[0.167,0.167,0.167],"y":[0.167,0.167,0.167]},"t":0,"s":[65,65,100]},{"i":{"x":[0.667,0.667,0.667],"y":[1,1,1]},"o":{"x":[0.167,0.167,0.167],"y":[0.167,0.167,0]},"t":36,"s":[100,100,100]},{"t":124,"s":[0,0,100]}],"ix":6,"l":2}},"ao":0,"shapes":[{"ty":"gr","it":[{"ind":0,"ty":"sh","ix":1,"ks":{"a":0,"k":{"i":[[8.219,-7.67],[-2.697,-4.241],[-10.994,9.957],[4.344,4.866]],"o":[[-7.942,7.492],[3.919,6.361],[9.632,-8.738],[-3.861,-4.186]],"v":[[-13.991,-16.085],[-11.857,7.511],[12.302,13.798],[8.309,-12.801]],"c":true},"ix":2},"nm":"Path 1","mn":"ADBE Vector Shape - Group","hd":false},{"ty":"fl","c":{"a":0,"k":[1,0.995999983245,1,1],"ix":4},"o":{"a":0,"k":100,"ix":5},"r":1,"bm":0,"nm":"Fill 1","mn":"ADBE Vector Graphic - Fill","hd":false},{"ty":"tr","p":{"a":0,"k":[22.183,24.005],"ix":2},"a":{"a":0,"k":[0,0],"ix":1},"s":{"a":0,"k":[100,100],"ix":3},"r":{"a":0,"k":0,"ix":6},"o":{"a":0,"k":100,"ix":7},"sk":{"a":0,"k":0,"ix":4},"sa":{"a":0,"k":0,"ix":5},"nm":"Transform"}],"nm":"Group 1","np":2,"cix":2,"bm":0,"ix":1,"mn":"ADBE Vector Group","hd":false}],"ip":0,"op":250,"st":0,"bm":0},{"ddd":0,"ind":9,"ty":4,"nm":"Layer 5 Outlines","sr":1,"ks":{"o":{"a":0,"k":100,"ix":11},"r":{"a":1,"k":[{"i":{"x":[0.833],"y":[0.833]},"o":{"x":[0.167],"y":[0.167]},"t":0,"s":[17]},{"i":{"x":[0.667],"y":[1]},"o":{"x":[0.167],"y":[0.167]},"t":36,"s":[0]},{"t":84,"s":[-141]}],"ix":10},"p":{"a":1,"k":[{"i":{"x":0.833,"y":0.833},"o":{"x":0.167,"y":0.167},"t":0,"s":[253.468,478.874,0],"to":[6.667,-1.667,0],"ti":[-6.667,8.333,0]},{"i":{"x":0.667,"y":1},"o":{"x":0.167,"y":0.167},"t":36,"s":[293.468,468.874,0],"to":[6.667,-8.333,0],"ti":[0,6.667,0]},{"t":98,"s":[293.468,428.874,0]}],"ix":2,"l":2},"a":{"a":0,"k":[-24.932,2.878,0],"ix":1,"l":2},"s":{"a":1,"k":[{"i":{"x":[0.833,0.833,0.833],"y":[0.833,0.833,0.833]},"o":{"x":[0.167,0.167,0.167],"y":[0.167,0.167,0.167]},"t":0,"s":[95,95,100]},{"i":{"x":[0.667,0.667,0.667],"y":[1,1,1]},"o":{"x":[0.167,0.167,0.167],"y":[0.167,0.167,0]},"t":36,"s":[100,100,100]},{"t":118,"s":[0,0,100]}],"ix":6,"l":2}},"ao":0,"shapes":[{"ty":"gr","it":[{"ind":0,"ty":"sh","ix":1,"ks":{"a":0,"k":{"i":[[-4.738,-2.032],[-2.129,5.7],[6.305,1.419],[1.244,-5.569]],"o":[[5.599,2.333],[2.13,-5.7],[-6.33,-1.495],[-1.545,6.432]],"v":[[-4.681,11.004],[10.016,3.767],[2.977,-11.842],[-10.6,-2.788]],"c":true},"ix":2},"nm":"Path 1","mn":"ADBE Vector Shape - Group","hd":false},{"ty":"fl","c":{"a":0,"k":[1,0.995999983245,1,1],"ix":4},"o":{"a":0,"k":100,"ix":5},"r":1,"bm":0,"nm":"Fill 1","mn":"ADBE Vector Graphic - Fill","hd":false},{"ty":"tr","p":{"a":0,"k":[12.395,13.588],"ix":2},"a":{"a":0,"k":[0,0],"ix":1},"s":{"a":0,"k":[100,100],"ix":3},"r":{"a":0,"k":0,"ix":6},"o":{"a":0,"k":100,"ix":7},"sk":{"a":0,"k":0,"ix":4},"sa":{"a":0,"k":0,"ix":5},"nm":"Transform"}],"nm":"Group 1","np":2,"cix":2,"bm":0,"ix":1,"mn":"ADBE Vector Group","hd":false}],"ip":0,"op":250,"st":0,"bm":0},{"ddd":0,"ind":10,"ty":4,"nm":"Layer 6 Outlines","sr":1,"ks":{"o":{"a":0,"k":100,"ix":11},"r":{"a":1,"k":[{"i":{"x":[0.667],"y":[1]},"o":{"x":[0.167],"y":[0.167]},"t":36,"s":[0]},{"t":84,"s":[-195]}],"ix":10},"p":{"a":1,"k":[{"i":{"x":0.833,"y":0.833},"o":{"x":0.167,"y":0.167},"t":0,"s":[328.416,556.44,0],"to":[-1.667,-5,0],"ti":[1.667,11.667,0]},{"i":{"x":0.667,"y":1},"o":{"x":0.167,"y":0.167},"t":36,"s":[318.416,526.44,0],"to":[-1.667,-11.667,0],"ti":[0,6.667,0]},{"t":98,"s":[318.416,486.44,0]}],"ix":2,"l":2},"a":{"a":0,"k":[45.298,29.924,0],"ix":1,"l":2},"s":{"a":1,"k":[{"i":{"x":[0.833,0.833,0.833],"y":[0.833,0.833,0.833]},"o":{"x":[0.167,0.167,0.167],"y":[0.167,0.167,0.167]},"t":0,"s":[42,42,100]},{"i":{"x":[0.667,0.667,0.667],"y":[1,1,1]},"o":{"x":[0.167,0.167,0.167],"y":[0.167,0.167,0]},"t":36,"s":[100,100,100]},{"t":114,"s":[0,0,100]}],"ix":6,"l":2}},"ao":0,"shapes":[{"ty":"gr","it":[{"ind":0,"ty":"sh","ix":1,"ks":{"a":0,"k":{"i":[[7.731,4.146],[5.4,-10.771],[-9.885,-5.277],[-4.976,9.278]],"o":[[-9.885,-5.276],[-3.616,7.299],[9.86,5.201],[4.95,-9.353]],"v":[[10.919,-20.583],[-16.456,-6.873],[-11.219,20.658],[16.155,6.948]],"c":true},"ix":2},"nm":"Path 1","mn":"ADBE Vector Shape - Group","hd":false},{"ty":"fl","c":{"a":0,"k":[1,0.995999983245,1,1],"ix":4},"o":{"a":0,"k":100,"ix":5},"r":1,"bm":0,"nm":"Fill 1","mn":"ADBE Vector Graphic - Fill","hd":false},{"ty":"tr","p":{"a":0,"k":[21.354,26.109],"ix":2},"a":{"a":0,"k":[0,0],"ix":1},"s":{"a":0,"k":[100,100],"ix":3},"r":{"a":0,"k":0,"ix":6},"o":{"a":0,"k":100,"ix":7},"sk":{"a":0,"k":0,"ix":4},"sa":{"a":0,"k":0,"ix":5},"nm":"Transform"}],"nm":"Group 1","np":2,"cix":2,"bm":0,"ix":1,"mn":"ADBE Vector Group","hd":false}],"ip":0,"op":250,"st":0,"bm":0},{"ddd":0,"ind":11,"ty":4,"nm":"Layer 7 Outlines","sr":1,"ks":{"o":{"a":0,"k":100,"ix":11},"r":{"a":1,"k":[{"i":{"x":[0.833],"y":[0.833]},"o":{"x":[0.167],"y":[0.167]},"t":0,"s":[-46]},{"i":{"x":[0.667],"y":[1]},"o":{"x":[0.167],"y":[0.167]},"t":36,"s":[0]},{"t":84,"s":[-34]}],"ix":10},"p":{"a":1,"k":[{"i":{"x":0.833,"y":0.833},"o":{"x":0.167,"y":0.167},"t":0,"s":[302.442,644.289,0],"to":[0,-3.333,0],"ti":[-0.443,16.652,0]},{"i":{"x":0.667,"y":1},"o":{"x":0.167,"y":0.167},"t":36,"s":[302.442,624.289,0],"to":[0.443,-16.652,0],"ti":[-0.443,13.319,0]},{"t":98,"s":[305.099,544.377,0]}],"ix":2,"l":2},"a":{"a":0,"k":[11.408,57.887,0],"ix":1,"l":2},"s":{"a":1,"k":[{"i":{"x":[0.833,0.833,0.833],"y":[0.833,0.833,0.833]},"o":{"x":[0.167,0.167,0.167],"y":[0.167,0.167,0.167]},"t":0,"s":[74,74,100]},{"i":{"x":[0.667,0.667,0.667],"y":[1,1,1]},"o":{"x":[0.167,0.167,0.167],"y":[0.167,0.167,0]},"t":36,"s":[100,100,100]},{"t":126,"s":[0,0,100]}],"ix":6,"l":2}},"ao":0,"shapes":[{"ty":"gr","it":[{"ind":0,"ty":"sh","ix":1,"ks":{"a":0,"k":{"i":[[6.489,-3.54],[-3.387,-6.034],[-7.498,4.303],[4.031,9.447]],"o":[[-9.847,5.349],[3.386,6.034],[7.574,-4.328],[-4.032,-9.447]],"v":[[-7.275,-15.194],[-12.349,8.554],[6.266,14.431],[13.091,-8.134]],"c":true},"ix":2},"nm":"Path 1","mn":"ADBE Vector Shape - Group","hd":false},{"ty":"fl","c":{"a":0,"k":[1,0.995999983245,1,1],"ix":4},"o":{"a":0,"k":100,"ix":5},"r":1,"bm":0,"nm":"Fill 1","mn":"ADBE Vector Graphic - Fill","hd":false},{"ty":"tr","p":{"a":0,"k":[17.372,18.984],"ix":2},"a":{"a":0,"k":[0,0],"ix":1},"s":{"a":0,"k":[100,100],"ix":3},"r":{"a":0,"k":0,"ix":6},"o":{"a":0,"k":100,"ix":7},"sk":{"a":0,"k":0,"ix":4},"sa":{"a":0,"k":0,"ix":5},"nm":"Transform"}],"nm":"Group 1","np":2,"cix":2,"bm":0,"ix":1,"mn":"ADBE Vector Group","hd":false}],"ip":0,"op":250,"st":0,"bm":0}]}],"layers":[{"ddd":0,"ind":1,"ty":4,"nm":"glass left shine","parent":8,"sr":1,"ks":{"o":{"a":0,"k":100,"ix":11},"r":{"a":0,"k":0,"ix":10},"p":{"a":0,"k":[246.966,47.842,0],"ix":2,"l":2},"a":{"a":0,"k":[126.002,32.696,0],"ix":1,"l":2},"s":{"a":0,"k":[100,100,100],"ix":6,"l":2}},"ao":0,"shapes":[{"ty":"gr","it":[{"ind":0,"ty":"sh","ix":1,"ks":{"a":0,"k":{"i":[[3.639,-1.228],[66.525,11.243],[1.496,0.931],[-2.591,4.083],[-4.159,-2.565],[-70.55,-11.912],[-0.43,0.23],[-2.091,-4.445],[4.369,-2.065]],"o":[[-14.554,4.91],[-74.499,-12.606],[-4.082,-2.591],[2.591,-4.082],[0.329,0.227],[77.359,13.075],[4.445,-2.091],[2.065,4.369],[-0.354,0.204]],"v":[[113.391,17.597],[-8.156,21.203],[-120.41,-14.971],[-123.16,-27.13],[-111.001,-29.88],[-5.259,3.761],[112.008,-0.765],[123.686,3.57],[119.428,15.222]],"c":true},"ix":2},"nm":"Path 1","mn":"ADBE Vector Shape - Group","hd":false},{"ty":"fl","c":{"a":0,"k":[1,1,1,1],"ix":4},"o":{"a":0,"k":100,"ix":5},"r":1,"bm":0,"nm":"Fill 1","mn":"ADBE Vector Graphic - Fill","hd":false},{"ty":"tr","p":{"a":0,"k":[126.001,32.696],"ix":2},"a":{"a":0,"k":[0,0],"ix":1},"s":{"a":0,"k":[100,100],"ix":3},"r":{"a":0,"k":0,"ix":6},"o":{"a":0,"k":100,"ix":7},"sk":{"a":0,"k":0,"ix":4},"sa":{"a":0,"k":0,"ix":5},"nm":"Transform"}],"nm":"Group 1","np":2,"cix":2,"bm":0,"ix":1,"mn":"ADBE Vector Group","hd":false}],"ip":0,"op":140,"st":0,"bm":0},{"ddd":0,"ind":2,"ty":4,"nm":"mask","parent":8,"td":1,"sr":1,"ks":{"o":{"a":0,"k":100,"ix":11},"r":{"a":0,"k":0,"ix":10},"p":{"a":0,"k":[215.126,341.72,0],"ix":2,"l":2},"a":{"a":0,"k":[102.3,178.038,0],"ix":1,"l":2},"s":{"a":0,"k":[100,100,100],"ix":6,"l":2}},"ao":0,"shapes":[{"ty":"gr","it":[{"ty":"gr","it":[{"ind":0,"ty":"sh","ix":1,"ks":{"a":1,"k":[{"i":{"x":0.667,"y":1},"o":{"x":0.333,"y":0},"t":10,"s":[{"i":[[39.543,3.626],[0,0],[-1.034,-68.63],[-46.113,-5.296],[-17.869,81.171],[0,0]],"o":[[-38.359,-3.517],[0,0],[1.167,70.275],[48.036,5.493],[15.33,-69.678],[0,0]],"v":[[2.986,-136.07],[-86.623,-149.424],[-101.016,3.86],[-31.439,172.295],[69.977,24.943],[94.05,-124.788]],"c":true}]},{"i":{"x":0.833,"y":0.833},"o":{"x":0.333,"y":0},"t":22,"s":[{"i":[[43.099,25.594],[0,0],[-1.034,-68.63],[-46.113,-5.296],[-17.869,81.171],[0,0]],"o":[[-39.53,-23.474],[0,0],[1.167,70.275],[48.036,5.493],[15.33,-69.678],[0,0]],"v":[[2.986,-132.994],[-79.431,-192.879],[-101.016,3.859],[-31.439,172.296],[69.977,24.943],[92.014,-111.5]],"c":true}]},{"i":{"x":0.667,"y":1},"o":{"x":0.167,"y":0.167},"t":36,"s":[{"i":[[38.5,-1.254],[0,0],[-1.034,-68.63],[-46.113,-5.296],[-17.869,81.171],[0,0]],"o":[[-38.5,1.254],[0,0],[1.167,70.275],[48.036,5.493],[15.33,-69.678],[0,0]],"v":[[2.986,-128.07],[-86.623,-149.424],[-101.016,3.86],[-31.439,172.295],[69.977,24.943],[102.05,-177.788]],"c":true}]},{"i":{"x":0.833,"y":1},"o":{"x":0.333,"y":0},"t":48,"s":[{"i":[[59.514,-99.738],[0,0],[-1.034,-68.63],[-46.113,-5.296],[-17.869,81.171],[0,0]],"o":[[-37.856,63.442],[0,0],[1.167,70.275],[48.036,5.493],[15.33,-69.678],[0,0]],"v":[[21.129,-122.517],[-92.561,-118.949],[-101.016,3.86],[-31.439,172.296],[69.977,24.944],[113.157,-220.645]],"c":true}]},{"i":{"x":0.833,"y":0.833},"o":{"x":0.333,"y":0},"t":66,"s":[{"i":[[43.561,45.12],[0,0],[-1.034,-68.63],[-46.113,-5.296],[-17.869,81.171],[0,0]],"o":[[-33.376,-34.57],[0,0],[1.167,70.275],[48.036,5.493],[15.33,-69.678],[0,0]],"v":[[-1.522,-130.442],[-83.834,-181.303],[-101.016,3.86],[-31.439,172.295],[69.977,24.943],[93.826,-110.755]],"c":true}]},{"i":{"x":0.833,"y":1},"o":{"x":0.167,"y":0.167},"t":82,"s":[{"i":[[70.313,-9.775],[0,0],[-1.034,-68.63],[-46.113,-5.296],[-17.869,81.171],[0,0]],"o":[[-70.313,9.775],[0,0],[1.167,70.275],[48.036,5.493],[15.33,-69.678],[0,0]],"v":[[2.986,-136.07],[-84.705,-158.989],[-101.016,3.86],[-31.439,172.295],[69.977,24.943],[94.05,-124.788]],"c":true}]},{"i":{"x":0.833,"y":1},"o":{"x":0.167,"y":0},"t":96,"s":[{"i":[[39.543,11.626],[0,0],[-1.034,-68.63],[-46.113,-5.296],[-17.869,81.171],[0,0]],"o":[[-36.956,-10.865],[0,0],[1.167,70.275],[48.036,5.493],[15.33,-69.678],[0,0]],"v":[[2.986,-136.07],[-86.623,-149.424],[-101.016,3.86],[-31.439,172.295],[69.977,24.943],[94.05,-124.788]],"c":true}]},{"t":110,"s":[{"i":[[39.543,3.626],[0,0],[-1.034,-68.63],[-46.113,-5.296],[-17.869,81.171],[0,0]],"o":[[-38.359,-3.517],[0,0],[1.167,70.275],[48.036,5.493],[15.33,-69.678],[0,0]],"v":[[2.986,-136.07],[-86.623,-149.424],[-101.016,3.86],[-31.439,172.295],[69.977,24.943],[94.05,-124.788]],"c":true}]}],"ix":2},"nm":"Path 2","mn":"ADBE Vector Shape - Group","hd":false},{"ty":"tr","p":{"a":0,"k":[0,0],"ix":2},"a":{"a":0,"k":[0,0],"ix":1},"s":{"a":0,"k":[100,100],"ix":3},"r":{"a":0,"k":0,"ix":6},"o":{"a":0,"k":100,"ix":7},"sk":{"a":0,"k":0,"ix":4},"sa":{"a":0,"k":0,"ix":5},"nm":"Transform"}],"nm":"Group 1","np":1,"cix":2,"bm":0,"ix":1,"mn":"ADBE Vector Group","hd":false},{"ty":"fl","c":{"a":0,"k":[1,0.839215746113,0.113725497676,1],"ix":4},"o":{"a":0,"k":100,"ix":5},"r":1,"bm":0,"nm":"Fill 1","mn":"ADBE Vector Graphic - Fill","hd":false},{"ty":"tr","p":{"a":0,"k":[102.3,178.038],"ix":2},"a":{"a":0,"k":[0,0],"ix":1},"s":{"a":0,"k":[100,100],"ix":3},"r":{"a":0,"k":0,"ix":6},"o":{"a":0,"k":100,"ix":7},"sk":{"a":0,"k":0,"ix":4},"sa":{"a":0,"k":0,"ix":5},"nm":"Transform"}],"nm":"Group 1","np":2,"cix":2,"bm":0,"ix":1,"mn":"ADBE Vector Group","hd":false}],"ip":0,"op":140,"st":0,"bm":0},{"ddd":0,"ind":3,"ty":0,"nm":"bubbles","parent":8,"tt":1,"refId":"comp_0","sr":1,"ks":{"o":{"a":0,"k":100,"ix":11},"r":{"a":0,"k":0,"ix":10},"p":{"a":0,"k":[395.655,403.275,0],"ix":2,"l":2},"a":{"a":0,"k":[512,512,0],"ix":1,"l":2},"s":{"a":0,"k":[100,100,100],"ix":6,"l":2}},"ao":0,"w":1024,"h":1024,"ip":0,"op":140,"st":0,"bm":0},{"ddd":0,"ind":4,"ty":4,"nm":"mask","parent":8,"td":1,"sr":1,"ks":{"o":{"a":0,"k":100,"ix":11},"r":{"a":0,"k":0,"ix":10},"p":{"a":0,"k":[215.126,341.72,0],"ix":2,"l":2},"a":{"a":0,"k":[102.3,178.038,0],"ix":1,"l":2},"s":{"a":0,"k":[100,100,100],"ix":6,"l":2}},"ao":0,"shapes":[{"ty":"gr","it":[{"ty":"gr","it":[{"ind":0,"ty":"sh","ix":1,"ks":{"a":0,"k":{"i":[[0,0],[-1.034,-68.63],[-46.113,-5.296],[-17.869,81.171],[0,0],[0,0],[0,0]],"o":[[0,0],[1.167,70.275],[48.036,5.493],[15.33,-69.678],[0,0],[0,0],[0,0]],"v":[[-86.623,-149.424],[-101.016,3.859],[-31.439,172.296],[69.977,24.944],[102.05,-177.788],[118.568,-295.876],[-70.45,-257.807]],"c":true},"ix":2},"nm":"Path 2","mn":"ADBE Vector Shape - Group","hd":false},{"ty":"tr","p":{"a":0,"k":[0,0],"ix":2},"a":{"a":0,"k":[0,0],"ix":1},"s":{"a":0,"k":[100,100],"ix":3},"r":{"a":0,"k":0,"ix":6},"o":{"a":0,"k":100,"ix":7},"sk":{"a":0,"k":0,"ix":4},"sa":{"a":0,"k":0,"ix":5},"nm":"Transform"}],"nm":"Group 1","np":1,"cix":2,"bm":0,"ix":1,"mn":"ADBE Vector Group","hd":false},{"ty":"fl","c":{"a":0,"k":[1,0.839215746113,0.113725497676,1],"ix":4},"o":{"a":0,"k":100,"ix":5},"r":1,"bm":0,"nm":"Fill 1","mn":"ADBE Vector Graphic - Fill","hd":false},{"ty":"tr","p":{"a":0,"k":[102.3,178.038],"ix":2},"a":{"a":0,"k":[0,0],"ix":1},"s":{"a":0,"k":[100,100],"ix":3},"r":{"a":0,"k":0,"ix":6},"o":{"a":0,"k":100,"ix":7},"sk":{"a":0,"k":0,"ix":4},"sa":{"a":0,"k":0,"ix":5},"nm":"Transform"}],"nm":"Group 1","np":2,"cix":2,"bm":0,"ix":1,"mn":"ADBE Vector Group","hd":false}],"ip":0,"op":140,"st":0,"bm":0},{"ddd":0,"ind":5,"ty":4,"nm":"liquid left","parent":8,"tt":1,"sr":1,"ks":{"o":{"a":0,"k":100,"ix":11},"r":{"a":0,"k":0,"ix":10},"p":{"a":0,"k":[215.126,341.72,0],"ix":2,"l":2},"a":{"a":0,"k":[102.3,178.038,0],"ix":1,"l":2},"s":{"a":0,"k":[100,100,100],"ix":6,"l":2}},"ao":0,"shapes":[{"ty":"gr","it":[{"ty":"gr","it":[{"ind":0,"ty":"sh","ix":1,"ks":{"a":1,"k":[{"i":{"x":0.667,"y":1},"o":{"x":0.333,"y":0},"t":10,"s":[{"i":[[39.543,3.626],[0,0],[-1.034,-68.63],[-46.113,-5.296],[-17.869,81.171],[0,0]],"o":[[-38.359,-3.517],[0,0],[1.167,70.275],[48.036,5.493],[15.33,-69.678],[0,0]],"v":[[2.986,-136.07],[-86.623,-149.424],[-101.016,3.86],[-31.439,172.295],[69.977,24.943],[94.05,-124.788]],"c":true}]},{"i":{"x":0.833,"y":0.833},"o":{"x":0.333,"y":0},"t":22,"s":[{"i":[[43.099,25.594],[0,0],[-1.034,-68.63],[-46.113,-5.296],[-17.869,81.171],[0,0]],"o":[[-39.53,-23.474],[0,0],[1.167,70.275],[48.036,5.493],[15.33,-69.678],[0,0]],"v":[[2.986,-132.994],[-79.431,-192.879],[-101.016,3.859],[-31.439,172.296],[69.977,24.943],[92.014,-111.5]],"c":true}]},{"i":{"x":0.667,"y":1},"o":{"x":0.167,"y":0.167},"t":36,"s":[{"i":[[38.5,-1.254],[0,0],[-1.034,-68.63],[-46.113,-5.296],[-17.869,81.171],[0,0]],"o":[[-38.5,1.254],[0,0],[1.167,70.275],[48.036,5.493],[15.33,-69.678],[0,0]],"v":[[2.986,-128.07],[-86.623,-149.424],[-101.016,3.86],[-31.439,172.295],[69.977,24.943],[102.05,-177.788]],"c":true}]},{"i":{"x":0.833,"y":1},"o":{"x":0.333,"y":0},"t":48,"s":[{"i":[[59.514,-99.738],[0,0],[-1.034,-68.63],[-46.113,-5.296],[-17.869,81.171],[0,0]],"o":[[-37.856,63.442],[0,0],[1.167,70.275],[48.036,5.493],[15.33,-69.678],[0,0]],"v":[[21.129,-122.517],[-92.561,-118.949],[-101.016,3.86],[-31.439,172.296],[69.977,24.944],[113.157,-220.645]],"c":true}]},{"i":{"x":0.833,"y":0.833},"o":{"x":0.333,"y":0},"t":66,"s":[{"i":[[43.561,45.12],[0,0],[-1.034,-68.63],[-46.113,-5.296],[-17.869,81.171],[0,0]],"o":[[-33.376,-34.57],[0,0],[1.167,70.275],[48.036,5.493],[15.33,-69.678],[0,0]],"v":[[-1.522,-130.442],[-83.834,-181.303],[-101.016,3.86],[-31.439,172.295],[69.977,24.943],[93.826,-110.755]],"c":true}]},{"i":{"x":0.833,"y":1},"o":{"x":0.167,"y":0.167},"t":82,"s":[{"i":[[70.313,-9.775],[0,0],[-1.034,-68.63],[-46.113,-5.296],[-17.869,81.171],[0,0]],"o":[[-70.313,9.775],[0,0],[1.167,70.275],[48.036,5.493],[15.33,-69.678],[0,0]],"v":[[2.986,-136.07],[-84.705,-158.989],[-101.016,3.86],[-31.439,172.295],[69.977,24.943],[94.05,-124.788]],"c":true}]},{"i":{"x":0.833,"y":1},"o":{"x":0.167,"y":0},"t":96,"s":[{"i":[[39.543,11.626],[0,0],[-1.034,-68.63],[-46.113,-5.296],[-17.869,81.171],[0,0]],"o":[[-36.956,-10.865],[0,0],[1.167,70.275],[48.036,5.493],[15.33,-69.678],[0,0]],"v":[[2.986,-136.07],[-86.623,-149.424],[-101.016,3.86],[-31.439,172.295],[69.977,24.943],[94.05,-124.788]],"c":true}]},{"t":110,"s":[{"i":[[39.543,3.626],[0,0],[-1.034,-68.63],[-46.113,-5.296],[-17.869,81.171],[0,0]],"o":[[-38.359,-3.517],[0,0],[1.167,70.275],[48.036,5.493],[15.33,-69.678],[0,0]],"v":[[2.986,-136.07],[-86.623,-149.424],[-101.016,3.86],[-31.439,172.295],[69.977,24.943],[94.05,-124.788]],"c":true}]}],"ix":2},"nm":"Path 2","mn":"ADBE Vector Shape - Group","hd":false},{"ty":"tr","p":{"a":0,"k":[0,0],"ix":2},"a":{"a":0,"k":[0,0],"ix":1},"s":{"a":0,"k":[100,100],"ix":3},"r":{"a":0,"k":0,"ix":6},"o":{"a":0,"k":100,"ix":7},"sk":{"a":0,"k":0,"ix":4},"sa":{"a":0,"k":0,"ix":5},"nm":"Transform"}],"nm":"Group 1","np":1,"cix":2,"bm":0,"ix":1,"mn":"ADBE Vector Group","hd":false},{"ty":"fl","c":{"a":0,"k":[1,0.839215746113,0.113725497676,1],"ix":4},"o":{"a":0,"k":100,"ix":5},"r":1,"bm":0,"nm":"Fill 1","mn":"ADBE Vector Graphic - Fill","hd":false},{"ty":"tr","p":{"a":0,"k":[102.3,178.038],"ix":2},"a":{"a":0,"k":[0,0],"ix":1},"s":{"a":0,"k":[100,100],"ix":3},"r":{"a":0,"k":0,"ix":6},"o":{"a":0,"k":100,"ix":7},"sk":{"a":0,"k":0,"ix":4},"sa":{"a":0,"k":0,"ix":5},"nm":"Transform"}],"nm":"Group 1","np":2,"cix":2,"bm":0,"ix":1,"mn":"ADBE Vector Group","hd":false}],"ip":0,"op":140,"st":0,"bm":0},{"ddd":0,"ind":6,"ty":4,"nm":"mask","parent":8,"td":1,"sr":1,"ks":{"o":{"a":0,"k":100,"ix":11},"r":{"a":0,"k":0,"ix":10},"p":{"a":0,"k":[215.126,341.72,0],"ix":2,"l":2},"a":{"a":0,"k":[102.3,178.038,0],"ix":1,"l":2},"s":{"a":0,"k":[100,100,100],"ix":6,"l":2}},"ao":0,"shapes":[{"ty":"gr","it":[{"ty":"gr","it":[{"ind":0,"ty":"sh","ix":1,"ks":{"a":0,"k":{"i":[[0,0],[-1.034,-68.63],[-46.113,-5.296],[-17.869,81.171],[0,0],[0,0],[0,0]],"o":[[0,0],[1.167,70.275],[48.036,5.493],[15.33,-69.678],[0,0],[0,0],[0,0]],"v":[[-86.623,-149.424],[-101.016,3.859],[-31.439,172.296],[69.977,24.944],[102.05,-177.788],[119.033,-303.94],[-70.45,-257.807]],"c":true},"ix":2},"nm":"Path 2","mn":"ADBE Vector Shape - Group","hd":false},{"ty":"tr","p":{"a":0,"k":[0,0],"ix":2},"a":{"a":0,"k":[0,0],"ix":1},"s":{"a":0,"k":[100,100],"ix":3},"r":{"a":0,"k":0,"ix":6},"o":{"a":0,"k":100,"ix":7},"sk":{"a":0,"k":0,"ix":4},"sa":{"a":0,"k":0,"ix":5},"nm":"Transform"}],"nm":"Group 1","np":1,"cix":2,"bm":0,"ix":1,"mn":"ADBE Vector Group","hd":false},{"ty":"fl","c":{"a":0,"k":[1,0.839215746113,0.113725497676,1],"ix":4},"o":{"a":0,"k":100,"ix":5},"r":1,"bm":0,"nm":"Fill 1","mn":"ADBE Vector Graphic - Fill","hd":false},{"ty":"tr","p":{"a":0,"k":[102.3,178.038],"ix":2},"a":{"a":0,"k":[0,0],"ix":1},"s":{"a":0,"k":[100,100],"ix":3},"r":{"a":0,"k":0,"ix":6},"o":{"a":0,"k":100,"ix":7},"sk":{"a":0,"k":0,"ix":4},"sa":{"a":0,"k":0,"ix":5},"nm":"Transform"}],"nm":"Group 1","np":2,"cix":2,"bm":0,"ix":1,"mn":"ADBE Vector Group","hd":false}],"ip":0,"op":140,"st":0,"bm":0},{"ddd":0,"ind":7,"ty":4,"nm":"liquid surface left","parent":8,"tt":1,"sr":1,"ks":{"o":{"a":0,"k":100,"ix":11},"r":{"a":0,"k":0,"ix":10},"p":{"a":0,"k":[223.127,221.809,0],"ix":2,"l":2},"a":{"a":0,"k":[94.999,75.455,0],"ix":1,"l":2},"s":{"a":0,"k":[100,100,100],"ix":6,"l":2}},"ao":0,"shapes":[{"ty":"gr","it":[{"ind":0,"ty":"sh","ix":1,"ks":{"a":1,"k":[{"i":{"x":0.667,"y":1},"o":{"x":0.333,"y":0},"t":10,"s":[{"i":[[0,0],[-9.772,5.07],[-21.503,0.294],[-25.13,-10.518],[-0.571,-17.96],[0,0],[-2.441,3.526]],"o":[[0,0],[5.378,-2.828],[27.24,-0.372],[14.162,5.927],[0.571,17.959],[0,0],[2.441,-3.524]],"v":[[-94.749,-29.135],[-80.717,-37.203],[-27.718,-40.652],[62.137,-27.867],[86.13,-1.292],[86.13,-1.292],[-25.444,71.68]],"c":true}]},{"i":{"x":0.667,"y":1},"o":{"x":0.333,"y":0},"t":22,"s":[{"i":[[0,0],[-9.772,5.07],[-15.74,-0.35],[-18.827,-35.703],[1.428,-18.622],[0,0],[-2.441,3.526]],"o":[[0,0],[5.378,-2.828],[41.937,0.934],[10.034,19.029],[-1.249,17.794],[0,0],[2.441,-3.524]],"v":[[-94.749,-29.135],[-96.621,-71.903],[-36.941,-70.021],[77.333,-22.85],[81.818,16.85],[81.818,16.85],[-25.444,71.679]],"c":true}]},{"i":{"x":0.667,"y":1},"o":{"x":0.333,"y":0},"t":36,"s":[{"i":[[0,0],[-9.772,5.07],[-17.046,10.985],[-15.985,0.919],[4.226,-19.548],[0,0],[-2.441,3.526]],"o":[[0,0],[5.378,-2.828],[41.819,-26.949],[15.985,-0.918],[-3.796,17.562],[0,0],[2.441,-3.524]],"v":[[-94.749,-29.135],[-83.478,-39.522],[-29.535,-67.651],[106.238,-166.583],[93.264,-26.887],[93.264,-26.887],[-25.444,71.68]],"c":true}]},{"i":{"x":0.667,"y":1},"o":{"x":0.333,"y":0},"t":48,"s":[{"i":[[0,0],[-15.823,5.283],[-18.85,10.352],[-38.305,0.377],[-0.571,-17.96],[0,0],[-2.441,3.526]],"o":[[0,0],[5.378,-2.828],[22.006,-12.085],[15.352,-0.151],[0.571,17.959],[0,0],[2.441,-3.524]],"v":[[-103.87,6.602],[-84.81,-5.639],[-27.774,-22.646],[99.421,-97.809],[86.13,-1.292],[86.13,-1.292],[-25.444,71.679]],"c":true}]},{"i":{"x":0.833,"y":0.833},"o":{"x":0.333,"y":0},"t":66,"s":[{"i":[[0,0],[-9.772,5.07],[-20.627,-6.081],[-25.13,-10.518],[-0.571,-17.96],[0,0],[-2.441,3.526]],"o":[[0,0],[5.378,-2.828],[26.783,7.895],[14.162,5.927],[0.571,17.959],[0,0],[2.441,-3.524]],"v":[[-94.749,-29.135],[-86.373,-59.748],[-26.561,-54.605],[61.558,-20.891],[84.187,22.127],[84.187,22.127],[-25.444,71.68]],"c":true}]},{"i":{"x":0.667,"y":1},"o":{"x":0.167,"y":0.167},"t":82,"s":[{"i":[[0,0],[-9.772,5.07],[-23.876,3.133],[-25.13,-10.518],[-0.571,-17.96],[0,0],[-2.441,3.526]],"o":[[0,0],[5.378,-2.828],[30.666,-4.024],[14.162,5.927],[0.571,17.959],[0,0],[2.441,-3.524]],"v":[[-98.059,-17.578],[-87.983,-41.416],[-42.407,-50.156],[76.362,-15.228],[84.771,15.089],[84.771,15.089],[-25.444,71.68]],"c":true}]},{"t":110,"s":[{"i":[[0,0],[-9.772,5.07],[-21.503,0.294],[-25.13,-10.518],[-0.571,-17.96],[0,0],[-2.441,3.526]],"o":[[0,0],[5.378,-2.828],[27.24,-0.372],[14.162,5.927],[0.571,17.959],[0,0],[2.441,-3.524]],"v":[[-94.749,-29.135],[-80.717,-37.203],[-27.718,-40.652],[62.137,-27.867],[86.13,-1.292],[86.13,-1.292],[-25.444,71.68]],"c":true}]}],"ix":2},"nm":"Path 1","mn":"ADBE Vector Shape - Group","hd":false},{"ty":"fl","c":{"a":0,"k":[0.995999983245,0.952999997606,0.752999997606,1],"ix":4},"o":{"a":0,"k":100,"ix":5},"r":1,"bm":0,"nm":"Fill 1","mn":"ADBE Vector Graphic - Fill","hd":false},{"ty":"tr","p":{"a":0,"k":[94.999,75.456],"ix":2},"a":{"a":0,"k":[0,0],"ix":1},"s":{"a":0,"k":[100,100],"ix":3},"r":{"a":0,"k":0,"ix":6},"o":{"a":0,"k":100,"ix":7},"sk":{"a":0,"k":0,"ix":4},"sa":{"a":0,"k":0,"ix":5},"nm":"Transform"}],"nm":"Group 1","np":2,"cix":2,"bm":0,"ix":1,"mn":"ADBE Vector Group","hd":false}],"ip":0,"op":140,"st":0,"bm":0},{"ddd":0,"ind":8,"ty":4,"nm":"glass left","sr":1,"ks":{"o":{"a":0,"k":100,"ix":11},"r":{"a":1,"k":[{"i":{"x":[0],"y":[1]},"o":{"x":[0.167],"y":[0]},"t":0,"s":[0]},{"i":{"x":[0.667],"y":[1]},"o":{"x":[1],"y":[0]},"t":14,"s":[-7]},{"i":{"x":[0.239],"y":[1]},"o":{"x":[0.333],"y":[0]},"t":36,"s":[18.5]},{"i":{"x":[0.667],"y":[1]},"o":{"x":[0.333],"y":[0]},"t":66,"s":[-2]},{"i":{"x":[0.667],"y":[1]},"o":{"x":[0.333],"y":[0]},"t":82,"s":[1]},{"t":108,"s":[0]}],"ix":10},"p":{"a":1,"k":[{"i":{"x":0,"y":1},"o":{"x":0.167,"y":0},"t":0,"s":[303.234,544.729,0],"to":[0,0,0],"ti":[0,0,0]},{"i":{"x":0.833,"y":0.833},"o":{"x":1,"y":0},"t":14,"s":[249.234,586.729,0],"to":[0,0,0],"ti":[0.083,49.917,0]},{"i":{"x":0.837,"y":0.85},"o":{"x":0.167,"y":0.167},"t":36,"s":[310.984,540.229,0],"to":[-0.011,-6.813,0],"ti":[2.271,-9.432,0]},{"i":{"x":0.34,"y":1},"o":{"x":0.127,"y":0.115},"t":48,"s":[313.644,500.272,0],"to":[-1.343,5.577,0],"ti":[0,0,0]},{"i":{"x":0.667,"y":1},"o":{"x":0.333,"y":0},"t":66,"s":[303.234,564.729,0],"to":[0,0,0],"ti":[0,0,0]},{"i":{"x":0.667,"y":1},"o":{"x":0.333,"y":0},"t":82,"s":[303.234,536.729,0],"to":[0,0,0],"ti":[0,0,0]},{"t":102,"s":[303.234,544.729,0]}],"ix":2,"l":2},"a":{"a":0,"k":[186.888,436.004,0],"ix":1,"l":2},"s":{"a":0,"k":[100,100,100],"ix":6,"l":2}},"ao":0,"shapes":[{"ty":"gr","it":[{"ind":0,"ty":"sh","ix":1,"ks":{"a":0,"k":{"i":[[-57.865,-9.1],[-22.119,4.76],[-4.224,7.251],[-1.186,0.992],[3.303,-9.98],[43.864,-7.623],[51.46,7.883],[23.685,15.396],[-5.082,14.717],[-1.218,-0.855],[-1.104,-11.279],[-17.549,-11.725]],"o":[[47.056,7.342],[28.463,-6.226],[4.802,-8.29],[2.421,-2.083],[-2.527,7.775],[-23.108,4.081],[-50.575,-7.76],[-25.206,-16.403],[4.681,-13.653],[1.572,1.158],[0.892,8.902],[18.386,12.203]],"v":[[-5.37,27.577],[95.402,30.221],[137.832,10.586],[140.702,-7.437],[151.014,17.622],[99.438,47.687],[-7.604,46.483],[-119.783,10.285],[-149.234,-39.724],[-135.648,-53.511],[-137.288,-38.351],[-112.001,-6.694]],"c":true},"ix":2},"nm":"Path 1","mn":"ADBE Vector Shape - Group","hd":false},{"ty":"fl","c":{"a":0,"k":[0.689999988032,0.689999988032,0.689999988032,1],"ix":4},"o":{"a":0,"k":100,"ix":5},"r":1,"bm":0,"nm":"Fill 1","mn":"ADBE Vector Graphic - Fill","hd":false},{"ty":"tr","p":{"a":0,"k":[154.566,817.392],"ix":2},"a":{"a":0,"k":[0,0],"ix":1},"s":{"a":0,"k":[100,100],"ix":3},"r":{"a":0,"k":0,"ix":6},"o":{"a":0,"k":100,"ix":7},"sk":{"a":0,"k":0,"ix":4},"sa":{"a":0,"k":0,"ix":5},"nm":"Transform"}],"nm":"Group 1","np":2,"cix":2,"bm":0,"ix":1,"mn":"ADBE Vector Group","hd":false},{"ty":"gr","it":[{"ind":0,"ty":"sh","ix":1,"ks":{"a":0,"k":{"i":[[1.72,-6.913],[0.739,-5.569],[-11.365,-1.653],[-1.971,7.42],[-1.699,12.731],[17.672,3.831]],"o":[[-2.17,8.584],[-1.085,7.543],[12.631,1.902],[1.348,-5.014],[2.239,-17.388],[-14.609,-3.26]],"v":[[-7.647,-87.879],[-30.486,87.421],[-15.873,105.456],[5.109,94.324],[24.949,-63.838],[13.899,-104.098]],"c":true},"ix":2},"nm":"Path 1","mn":"ADBE Vector Shape - Group","hd":false},{"ty":"fl","c":{"a":0,"k":[1,1,1,1],"ix":4},"o":{"a":0,"k":100,"ix":5},"r":1,"bm":0,"nm":"Fill 1","mn":"ADBE Vector Graphic - Fill","hd":false},{"ty":"tr","p":{"a":0,"k":[174.588,664.873],"ix":2},"a":{"a":0,"k":[0,0],"ix":1},"s":{"a":0,"k":[100,100],"ix":3},"r":{"a":0,"k":0,"ix":6},"o":{"a":0,"k":100,"ix":7},"sk":{"a":0,"k":0,"ix":4},"sa":{"a":0,"k":0,"ix":5},"nm":"Transform"}],"nm":"Group 2","np":2,"cix":2,"bm":0,"ix":2,"mn":"ADBE Vector Group","hd":false},{"ty":"gr","it":[{"ind":0,"ty":"sh","ix":1,"ks":{"a":0,"k":{"i":[[6.969,-10.626],[-20.63,-10.095],[-4.744,10.212],[14.853,7.737]],"o":[[-3.371,5.274],[20.933,10.245],[4.744,-10.212],[-11.355,-5.879]],"v":[[-25.499,-13.448],[-10.551,13.339],[26.437,13.862],[4.514,-10.825]],"c":true},"ix":2},"nm":"Path 1","mn":"ADBE Vector Shape - Group","hd":false},{"ty":"fl","c":{"a":0,"k":[1,1,1,1],"ix":4},"o":{"a":0,"k":100,"ix":5},"r":1,"bm":0,"nm":"Fill 1","mn":"ADBE Vector Graphic - Fill","hd":false},{"ty":"tr","p":{"a":0,"k":[62.11,793.987],"ix":2},"a":{"a":0,"k":[0,0],"ix":1},"s":{"a":0,"k":[100,100],"ix":3},"r":{"a":0,"k":0,"ix":6},"o":{"a":0,"k":100,"ix":7},"sk":{"a":0,"k":0,"ix":4},"sa":{"a":0,"k":0,"ix":5},"nm":"Transform"}],"nm":"Group 3","np":2,"cix":2,"bm":0,"ix":3,"mn":"ADBE Vector Group","hd":false},{"ty":"gr","it":[{"ind":0,"ty":"sh","ix":1,"ks":{"a":0,"k":{"i":[[6.967,-4.123],[-1.963,-4.066],[-13.593,-2.252],[-3.244,12.408],[0,0],[11.168,3.07]],"o":[[-5.352,3.157],[3.925,8.132],[19.314,3.194],[3.244,-12.408],[0,0],[-11.092,-3.097]],"v":[[-30.683,-16.823],[-36.684,2.426],[-1.035,17.753],[35.404,6.135],[23.365,-13.781],[-1.651,-5.847]],"c":true},"ix":2},"nm":"Path 1","mn":"ADBE Vector Shape - Group","hd":false},{"ty":"fl","c":{"a":0,"k":[0.685999971278,0.685999971278,0.685999971278,1],"ix":4},"o":{"a":0,"k":100,"ix":5},"r":1,"bm":0,"nm":"Fill 1","mn":"ADBE Vector Graphic - Fill","hd":false},{"ty":"tr","p":{"a":0,"k":[159.481,776.307],"ix":2},"a":{"a":0,"k":[0,0],"ix":1},"s":{"a":0,"k":[100,100],"ix":3},"r":{"a":0,"k":0,"ix":6},"o":{"a":0,"k":100,"ix":7},"sk":{"a":0,"k":0,"ix":4},"sa":{"a":0,"k":0,"ix":5},"nm":"Transform"}],"nm":"Group 4","np":2,"cix":2,"bm":0,"ix":4,"mn":"ADBE Vector Group","hd":false},{"ty":"gr","it":[{"ind":0,"ty":"sh","ix":1,"ks":{"a":0,"k":{"i":[[1.426,-6.13],[0.809,-5.288],[-4.225,12.195],[1.235,5.496]],"o":[[-2.785,12.291],[-2.073,13.898],[5.019,-14.523],[-1.816,-7.888]],"v":[[-3.936,-33.857],[-17.467,26.089],[6.749,27.211],[18.305,-23.886]],"c":true},"ix":2},"nm":"Path 1","mn":"ADBE Vector Shape - Group","hd":false},{"ty":"fl","c":{"a":0,"k":[1,1,1,1],"ix":4},"o":{"a":0,"k":100,"ix":5},"r":1,"bm":0,"nm":"Fill 1","mn":"ADBE Vector Graphic - Fill","hd":false},{"ty":"tr","p":{"a":0,"k":[137.235,99.366],"ix":2},"a":{"a":0,"k":[0,0],"ix":1},"s":{"a":0,"k":[100,100],"ix":3},"r":{"a":0,"k":0,"ix":6},"o":{"a":0,"k":100,"ix":7},"sk":{"a":0,"k":0,"ix":4},"sa":{"a":0,"k":0,"ix":5},"nm":"Transform"}],"nm":"Group 5","np":2,"cix":2,"bm":0,"ix":5,"mn":"ADBE Vector Group","hd":false},{"ty":"gr","it":[{"ind":0,"ty":"sh","ix":1,"ks":{"a":0,"k":{"i":[],"o":[],"v":[],"c":true},"ix":2},"nm":"Path 1","mn":"ADBE Vector Shape - Group","hd":false},{"ind":1,"ty":"sh","ix":2,"ks":{"a":0,"k":{"i":[[0,0],[-0.05,0.102]],"o":[[0.026,0.076],[-0.05,0.102]],"v":[[-47.878,-3.393],[-47.878,-3.393]],"c":true},"ix":2},"nm":"Path 2","mn":"ADBE Vector Shape - Group","hd":false},{"ind":2,"ty":"sh","ix":3,"ks":{"a":0,"k":{"i":[],"o":[],"v":[],"c":true},"ix":2},"nm":"Path 3","mn":"ADBE Vector Shape - Group","hd":false},{"ind":3,"ty":"sh","ix":4,"ks":{"a":0,"k":{"i":[],"o":[],"v":[],"c":true},"ix":2},"nm":"Path 4","mn":"ADBE Vector Shape - Group","hd":false},{"ind":4,"ty":"sh","ix":5,"ks":{"a":0,"k":{"i":[],"o":[],"v":[],"c":true},"ix":2},"nm":"Path 5","mn":"ADBE Vector Shape - Group","hd":false},{"ind":5,"ty":"sh","ix":6,"ks":{"a":0,"k":{"i":[],"o":[],"v":[],"c":true},"ix":2},"nm":"Path 6","mn":"ADBE Vector Shape - Group","hd":false},{"ind":6,"ty":"sh","ix":7,"ks":{"a":0,"k":{"i":[[4.624,-1.56],[2.112,3.256],[91.273,13.025],[2.069,-1.373],[3.777,2.187],[-2.464,4.209],[-97.854,-14.013],[-5.652,-16.752]],"o":[[-3.942,1.33],[-2.03,-1.763],[-87.629,-12.482],[-2.747,3.123],[-4.209,-2.464],[4.651,-7.986],[53.205,7.548],[1.61,4.523]],"v":[[179.678,30.437],[169.444,26.882],[59.273,-0.115],[-48.884,-1.872],[-59.933,-0.085],[-63.139,-12.091],[61.764,-17.504],[185.153,19.387]],"c":true},"ix":2},"nm":"Path 7","mn":"ADBE Vector Shape - Group","hd":false},{"ty":"mm","mm":1,"nm":"Merge Paths 1","mn":"ADBE Vector Filter - Merge","hd":false},{"ty":"mm","mm":4,"nm":"Merge Paths 2","mn":"ADBE Vector Filter - Merge","hd":false},{"ty":"fl","c":{"a":0,"k":[0.788000009574,0.788000009574,0.788000009574,1],"ix":4},"o":{"a":0,"k":100,"ix":5},"r":1,"bm":0,"nm":"Fill 1","mn":"ADBE Vector Graphic - Fill","hd":false},{"ty":"tr","p":{"a":0,"k":[186.763,31.767],"ix":2},"a":{"a":0,"k":[0,0],"ix":1},"s":{"a":0,"k":[100,100],"ix":3},"r":{"a":0,"k":0,"ix":6},"o":{"a":0,"k":100,"ix":7},"sk":{"a":0,"k":0,"ix":4},"sa":{"a":0,"k":0,"ix":5},"nm":"Transform"}],"nm":"Group 6","np":10,"cix":2,"bm":0,"ix":6,"mn":"ADBE Vector Group","hd":false},{"ty":"gr","it":[{"ind":0,"ty":"sh","ix":1,"ks":{"a":0,"k":{"i":[[0.197,-1.418],[0,0],[-7.624,46.222],[-18.124,24.858],[-10.941,31.638],[-6.308,67.139],[-0.172,1.24],[0,0],[4.721,-51.322],[21.38,-61.756],[17.695,-24.376],[3.59,-21.644]],"o":[[0,0],[0.121,-1.391],[4.183,-25.39],[17.016,-23.387],[21.004,-60.615],[4.846,-51.702],[0,0],[-0.173,1.24],[-6.404,68.355],[-11.716,33.841],[-17.697,24.377],[-7.524,45.767]],"v":[[-77.563,364.02],[-99.319,364.099],[-71.597,175.247],[-30.6,102.567],[16.664,20.934],[61.536,-189.408],[83.82,-364.099],[99.319,-359.703],[77.479,-187.949],[31.786,26.217],[-17.688,112.057],[-54.254,179.105]],"c":true},"ix":2},"nm":"Path 1","mn":"ADBE Vector Shape - Group","hd":false},{"ty":"fl","c":{"a":0,"k":[0.685999971278,0.685999971278,0.685999971278,1],"ix":4},"o":{"a":0,"k":100,"ix":5},"r":1,"bm":0,"nm":"Fill 1","mn":"ADBE Vector Graphic - Fill","hd":false},{"ty":"tr","p":{"a":0,"k":[272.913,414.044],"ix":2},"a":{"a":0,"k":[0,0],"ix":1},"s":{"a":0,"k":[100,100],"ix":3},"r":{"a":0,"k":0,"ix":6},"o":{"a":0,"k":100,"ix":7},"sk":{"a":0,"k":0,"ix":4},"sa":{"a":0,"k":0,"ix":5},"nm":"Transform"}],"nm":"Group 7","np":2,"cix":2,"bm":0,"ix":7,"mn":"ADBE Vector Group","hd":false},{"ty":"gr","it":[{"ind":0,"ty":"sh","ix":1,"ks":{"a":0,"k":{"i":[[0,0],[0,0],[0,0],[6.816,-73.39],[-18.881,-50.704],[2.161,-17.869],[0,0],[41.129,-15.734],[-2.675,-5.428],[-90.072,-9.463],[0,0],[38.086,24.3],[0,0],[0,0],[0,0],[0,0],[0,0],[0,0],[0,0]],"o":[[0,0],[0,0],[0,0],[-14.097,151.412],[12.926,34.562],[-2.06,17.918],[0,0],[-35.242,13.409],[2.752,5.405],[90.071,9.463],[0,0],[-38.086,-24.299],[0,0],[0,0],[0,0],[0,0],[0,0],[0,0],[0,0]],"v":[[81.432,-410.011],[-6.022,-423.227],[-61.549,-415.385],[-103.761,-169.382],[-49.323,107.336],[-43.096,184.854],[-57.724,308.413],[-147.584,315.344],[-176.169,357.746],[-11.345,421.354],[111.253,401.352],[90.534,352.702],[8.98,320.188],[26.262,154.193],[53.973,94.185],[90.642,41.962],[121.276,-28.15],[142.701,-112.295],[177.838,-379.926]],"c":true},"ix":2},"nm":"Path 1","mn":"ADBE Vector Shape - Group","hd":false},{"ty":"fl","c":{"a":0,"k":[0.877999997606,0.877999997606,0.877999997606,1],"ix":4},"o":{"a":0,"k":100,"ix":5},"r":1,"bm":0,"nm":"Fill 1","mn":"ADBE Vector Graphic - Fill","hd":false},{"ty":"tr","p":{"a":0,"k":[184.575,437.543],"ix":2},"a":{"a":0,"k":[0,0],"ix":1},"s":{"a":0,"k":[100,100],"ix":3},"r":{"a":0,"k":0,"ix":6},"o":{"a":0,"k":50,"ix":7},"sk":{"a":0,"k":0,"ix":4},"sa":{"a":0,"k":0,"ix":5},"nm":"Transform"}],"nm":"Group 9","np":2,"cix":2,"bm":0,"ix":9,"mn":"ADBE Vector Group","hd":false}],"ip":0,"op":140,"st":0,"bm":0},{"ddd":0,"ind":9,"ty":4,"nm":"bubbles","parent":26,"sr":1,"ks":{"o":{"a":0,"k":100,"ix":11},"r":{"a":1,"k":[{"i":{"x":[0.833],"y":[0.833]},"o":{"x":[0.167],"y":[0.167]},"t":54,"s":[-165]},{"i":{"x":[0.667],"y":[1]},"o":{"x":[0.167],"y":[0.167]},"t":138,"s":[-69]},{"t":262,"s":[149]}],"ix":10},"p":{"a":1,"k":[{"i":{"x":0.833,"y":0.833},"o":{"x":0.167,"y":0.167},"t":54,"s":[139.606,297.336,0],"to":[-1.433,-9.897,0],"ti":[-15.234,21.897,0]},{"i":{"x":0.833,"y":0.833},"o":{"x":0.167,"y":0.167},"t":138,"s":[131.009,237.955,0],"to":[15.234,-21.897,0],"ti":[-16.667,12,0]},{"t":262,"s":[231.009,165.955,0]}],"ix":2,"l":2},"a":{"a":0,"k":[39.768,32.924,0],"ix":1,"l":2},"s":{"a":1,"k":[{"i":{"x":[0.833,0.833,0.833],"y":[0.833,0.833,0.833]},"o":{"x":[0.167,0.167,0.167],"y":[0.167,0.167,0.167]},"t":54,"s":[0,0,100]},{"i":{"x":[0.667,0.667,0.667],"y":[1,1,1]},"o":{"x":[0.167,0.167,0.167],"y":[0.167,0.167,-16.473]},"t":138,"s":[85,85,100]},{"t":262,"s":[0,0,100]}],"ix":6,"l":2}},"ao":0,"shapes":[{"ty":"gr","it":[{"ind":0,"ty":"sh","ix":1,"ks":{"a":0,"k":{"i":[[-5.312,-6.544],[-7.721,5.841],[5.521,4.395],[5.907,-5.374]],"o":[[5.032,6.115],[7.713,-5.761],[-5.521,-4.394],[-6.17,5.589]],"v":[[-12.654,10.419],[9.799,9.305],[12.445,-12.14],[-7.619,-10.793]],"c":true},"ix":2},"nm":"Path 1","mn":"ADBE Vector Shape - Group","hd":false},{"ty":"fl","c":{"a":0,"k":[0.995999983245,1,1,1],"ix":4},"o":{"a":0,"k":100,"ix":5},"r":1,"bm":0,"nm":"Fill 1","mn":"ADBE Vector Graphic - Fill","hd":false},{"ty":"tr","p":{"a":0,"k":[18.216,16.784],"ix":2},"a":{"a":0,"k":[0,0],"ix":1},"s":{"a":0,"k":[100,100],"ix":3},"r":{"a":0,"k":0,"ix":6},"o":{"a":0,"k":100,"ix":7},"sk":{"a":0,"k":0,"ix":4},"sa":{"a":0,"k":0,"ix":5},"nm":"Transform"}],"nm":"Group 1","np":2,"cix":2,"bm":0,"ix":1,"mn":"ADBE Vector Group","hd":false}],"ip":54,"op":140,"st":138,"bm":0},{"ddd":0,"ind":10,"ty":4,"nm":"Layer 13 Outlines 2","parent":26,"sr":1,"ks":{"o":{"a":0,"k":100,"ix":11},"r":{"a":1,"k":[{"i":{"x":[0.833],"y":[0.833]},"o":{"x":[0.167],"y":[0.167]},"t":54,"s":[5]},{"t":138,"s":[62]}],"ix":10},"p":{"a":1,"k":[{"i":{"x":0.833,"y":0.833},"o":{"x":0.167,"y":0.167},"t":54,"s":[198.712,424.67,0],"to":[-5.448,-14.368,0],"ti":[5.448,14.368,0]},{"t":138,"s":[166.024,338.464,0]}],"ix":2,"l":2},"a":{"a":0,"k":[14.715,61.341,0],"ix":1,"l":2},"s":{"a":1,"k":[{"i":{"x":[0.667,0.667,0.667],"y":[1,1,1]},"o":{"x":[0.167,0.167,0.167],"y":[0.167,0.167,16.444]},"t":54,"s":[0,0,100]},{"t":128,"s":[74,74,100]}],"ix":6,"l":2}},"ao":0,"shapes":[{"ty":"gr","it":[{"ind":0,"ty":"sh","ix":1,"ks":{"a":0,"k":{"i":[[8.381,2.261],[4.206,-15.988],[-5.972,-0.58],[-2.37,11.987]],"o":[[-12.459,-3.3],[-4.064,15.359],[8.281,0.804],[2.37,-11.987]],"v":[[8.503,-18.167],[-16.225,0.569],[0.309,20.663],[17.92,1.556]],"c":true},"ix":2},"nm":"Path 1","mn":"ADBE Vector Shape - Group","hd":false},{"ty":"fl","c":{"a":0,"k":[0.995999983245,1,1,1],"ix":4},"o":{"a":0,"k":100,"ix":5},"r":1,"bm":0,"nm":"Fill 1","mn":"ADBE Vector Graphic - Fill","hd":false},{"ty":"tr","p":{"a":0,"k":[20.539,21.717],"ix":2},"a":{"a":0,"k":[0,0],"ix":1},"s":{"a":0,"k":[100,100],"ix":3},"r":{"a":0,"k":0,"ix":6},"o":{"a":0,"k":100,"ix":7},"sk":{"a":0,"k":0,"ix":4},"sa":{"a":0,"k":0,"ix":5},"nm":"Transform"}],"nm":"Group 1","np":2,"cix":2,"bm":0,"ix":1,"mn":"ADBE Vector Group","hd":false}],"ip":54,"op":140,"st":138,"bm":0},{"ddd":0,"ind":11,"ty":4,"nm":"bubbles","parent":26,"sr":1,"ks":{"o":{"a":0,"k":100,"ix":11},"r":{"a":1,"k":[{"i":{"x":[0.833],"y":[0.833]},"o":{"x":[0.333],"y":[0]},"t":54,"s":[84]},{"t":138,"s":[30]}],"ix":10},"p":{"a":1,"k":[{"i":{"x":0.833,"y":0.833},"o":{"x":0.333,"y":0},"t":54,"s":[121.88,433.812,0],"to":[-1.433,-9.897,0],"ti":[1.433,9.897,0]},{"t":138,"s":[113.284,374.431,0]}],"ix":2,"l":2},"a":{"a":0,"k":[-39.462,17.312,0],"ix":1,"l":2},"s":{"a":1,"k":[{"i":{"x":[0.667,0.667,0.667],"y":[1,1,1]},"o":{"x":[0.333,0.333,0.333],"y":[0,0,0]},"t":54,"s":[0,0,100]},{"t":98,"s":[59,59,100]}],"ix":6,"l":2}},"ao":0,"shapes":[{"ty":"gr","it":[{"ind":0,"ty":"sh","ix":1,"ks":{"a":0,"k":{"i":[[1.496,-8.777],[-10.383,-0.687],[-0.657,6.768],[11.412,1.672]],"o":[[-1.722,10.281],[10.382,0.687],[0.658,-6.768],[-11.412,-1.671]],"v":[[-18.061,-3.691],[2.559,14.066],[19.125,3.217],[1.097,-13.082]],"c":true},"ix":2},"nm":"Path 1","mn":"ADBE Vector Shape - Group","hd":false},{"ty":"fl","c":{"a":0,"k":[0.995999983245,1,1,1],"ix":4},"o":{"a":0,"k":100,"ix":5},"r":1,"bm":0,"nm":"Fill 1","mn":"ADBE Vector Graphic - Fill","hd":false},{"ty":"tr","p":{"a":0,"k":[20.033,15.004],"ix":2},"a":{"a":0,"k":[0,0],"ix":1},"s":{"a":0,"k":[100,100],"ix":3},"r":{"a":0,"k":0,"ix":6},"o":{"a":0,"k":100,"ix":7},"sk":{"a":0,"k":0,"ix":4},"sa":{"a":0,"k":0,"ix":5},"nm":"Transform"}],"nm":"Group 1","np":2,"cix":2,"bm":0,"ix":1,"mn":"ADBE Vector Group","hd":false}],"ip":54,"op":140,"st":138,"bm":0},{"ddd":0,"ind":12,"ty":4,"nm":"bubbles","parent":26,"sr":1,"ks":{"o":{"a":0,"k":100,"ix":11},"r":{"a":1,"k":[{"i":{"x":[0.833],"y":[0.833]},"o":{"x":[0.167],"y":[0.167]},"t":54,"s":[-35]},{"i":{"x":[0.667],"y":[1]},"o":{"x":[0.167],"y":[0.167]},"t":138,"s":[0]},{"t":258,"s":[161]}],"ix":10},"p":{"a":1,"k":[{"i":{"x":0.833,"y":0.833},"o":{"x":0.167,"y":0.167},"t":54,"s":[179.465,523.867,0],"to":[-1.433,-9.897,0],"ti":[1.433,9.897,0]},{"t":138,"s":[170.869,464.486,0]}],"ix":2,"l":2},"a":{"a":0,"k":[45.3,42.149,0],"ix":1,"l":2},"s":{"a":1,"k":[{"i":{"x":[0.833,0.833,0.833],"y":[0.833,0.833,0.833]},"o":{"x":[0.167,0.167,0.167],"y":[0.167,0.167,0.167]},"t":54,"s":[0,0,100]},{"i":{"x":[0.667,0.667,0.667],"y":[1,1,1]},"o":{"x":[0.167,0.167,0.167],"y":[0.167,0.167,-16.19]},"t":138,"s":[34,34,100]},{"t":258,"s":[0,0,100]}],"ix":6,"l":2}},"ao":0,"shapes":[{"ty":"gr","it":[{"ind":0,"ty":"sh","ix":1,"ks":{"a":0,"k":{"i":[[11.512,8.915],[-1.429,-15.892],[-11.108,4.306]],"o":[[-11.36,-8.82],[1.43,15.893],[10.274,-3.985]],"v":[[9.191,-14.661],[-19.274,2.828],[5.019,19.174]],"c":true},"ix":2},"nm":"Path 1","mn":"ADBE Vector Shape - Group","hd":false},{"ty":"fl","c":{"a":0,"k":[0.995999983245,1,1,1],"ix":4},"o":{"a":0,"k":100,"ix":5},"r":1,"bm":0,"nm":"Fill 1","mn":"ADBE Vector Graphic - Fill","hd":false},{"ty":"tr","p":{"a":0,"k":[20.953,23.731],"ix":2},"a":{"a":0,"k":[0,0],"ix":1},"s":{"a":0,"k":[100,100],"ix":3},"r":{"a":0,"k":0,"ix":6},"o":{"a":0,"k":100,"ix":7},"sk":{"a":0,"k":0,"ix":4},"sa":{"a":0,"k":0,"ix":5},"nm":"Transform"}],"nm":"Group 1","np":2,"cix":2,"bm":0,"ix":1,"mn":"ADBE Vector Group","hd":false}],"ip":54,"op":140,"st":138,"bm":0},{"ddd":0,"ind":13,"ty":4,"nm":"mask","parent":26,"td":1,"sr":1,"ks":{"o":{"a":0,"k":100,"ix":11},"r":{"a":0,"k":0,"ix":10},"p":{"a":0,"k":[142.372,343.249,0],"ix":2,"l":2},"a":{"a":0,"k":[95.939,178.198,0],"ix":1,"l":2},"s":{"a":0,"k":[100,100,100],"ix":6,"l":2}},"ao":0,"shapes":[{"ty":"gr","it":[{"ty":"gr","it":[{"ind":0,"ty":"sh","ix":1,"ks":{"a":0,"k":{"i":[[0,0],[0.55,2.659],[0,0],[-21.683,-64.72],[-47.946,7.88],[0.848,60.767],[0,0],[0,0]],"o":[[0,0],[0,0],[0,0],[14.819,44.362],[36.593,-6.01],[-0.969,-70.263],[0,0],[0,0]],"v":[[-10.008,-98.108],[-3.5,-0.381],[2.618,56.267],[41.022,216.09],[139.506,343.25],[190.373,162.2],[178.544,-4.765],[164.749,-119.078]],"c":true},"ix":2},"nm":"Path 2","mn":"ADBE Vector Shape - Group","hd":false},{"ind":1,"ty":"sh","ix":2,"ks":{"a":0,"k":{"i":[[-0.157,-0.761],[0,0]],"o":[[0,0],[0,0]],"v":[[-3.5,-0.382],[-3.558,-1.618]],"c":true},"ix":2},"nm":"Path 3","mn":"ADBE Vector Shape - Group","hd":false},{"ty":"tr","p":{"a":0,"k":[0,0],"ix":2},"a":{"a":0,"k":[0,0],"ix":1},"s":{"a":0,"k":[100,100],"ix":3},"r":{"a":0,"k":0,"ix":6},"o":{"a":0,"k":100,"ix":7},"sk":{"a":0,"k":0,"ix":4},"sa":{"a":0,"k":0,"ix":5},"nm":"Transform"}],"nm":"Group 1","np":2,"cix":2,"bm":0,"ix":1,"mn":"ADBE Vector Group","hd":false},{"ty":"fl","c":{"a":0,"k":[1,0.839215746113,0.113725497676,1],"ix":4},"o":{"a":0,"k":100,"ix":5},"r":1,"bm":0,"nm":"Fill 1","mn":"ADBE Vector Graphic - Fill","hd":false},{"ty":"tr","p":{"a":0,"k":[0.407,5.015],"ix":2},"a":{"a":0,"k":[0,0],"ix":1},"s":{"a":0,"k":[100,100],"ix":3},"r":{"a":0,"k":0,"ix":6},"o":{"a":0,"k":100,"ix":7},"sk":{"a":0,"k":0,"ix":4},"sa":{"a":0,"k":0,"ix":5},"nm":"Transform"}],"nm":"Group 1","np":2,"cix":2,"bm":0,"ix":1,"mn":"ADBE Vector Group","hd":false}],"ip":0,"op":140,"st":0,"bm":0},{"ddd":0,"ind":14,"ty":4,"nm":"bubbles","parent":26,"tt":1,"sr":1,"ks":{"o":{"a":0,"k":100,"ix":11},"r":{"a":1,"k":[{"i":{"x":[0.833],"y":[0.833]},"o":{"x":[0.167],"y":[0.167]},"t":54,"s":[63]},{"t":138,"s":[34]}],"ix":10},"p":{"a":1,"k":[{"i":{"x":0.833,"y":0.833},"o":{"x":0.167,"y":0.167},"t":54,"s":[197.329,614.74,0],"to":[-0.882,-6.091,0],"ti":[2.134,14.74,0]},{"i":{"x":0.833,"y":0.833},"o":{"x":0.167,"y":0.167},"t":108,"s":[171.63,556.747,0],"to":[-1.333,-9.21,0],"ti":[0.551,3.806,0]},{"t":138,"s":[188.733,555.359,0]}],"ix":2,"l":2},"a":{"a":0,"k":[33.645,71.624,0],"ix":1,"l":2},"s":{"a":1,"k":[{"i":{"x":[0.833,0.833,0.833],"y":[0.833,0.833,0.833]},"o":{"x":[0.167,0.167,0.167],"y":[0.167,0.167,0.167]},"t":54,"s":[0,0,100]},{"i":{"x":[0.833,0.833,0.833],"y":[0.833,0.833,0.833]},"o":{"x":[0.167,0.167,0.167],"y":[0.167,0.167,0.167]},"t":106,"s":[61.905,61.905,100]},{"t":138,"s":[38.286,38.286,100]}],"ix":6,"l":2}},"ao":0,"shapes":[{"ty":"gr","it":[{"ind":0,"ty":"sh","ix":1,"ks":{"a":0,"k":{"i":[[7.972,3.989],[4.809,-8.133],[-12.141,-3.269],[-2.503,7.554]],"o":[[-8.578,-4.37],[-3.169,5.318],[12.14,3.27],[2.502,-7.552]],"v":[[9.725,-15.317],[-13.563,-8.095],[-6.138,16.417],[15.777,5.123]],"c":true},"ix":2},"nm":"Path 1","mn":"ADBE Vector Shape - Group","hd":false},{"ty":"fl","c":{"a":0,"k":[0.995999983245,1,1,1],"ix":4},"o":{"a":0,"k":100,"ix":5},"r":1,"bm":0,"nm":"Fill 1","mn":"ADBE Vector Graphic - Fill","hd":false},{"ty":"tr","p":{"a":0,"k":[18.529,19.937],"ix":2},"a":{"a":0,"k":[0,0],"ix":1},"s":{"a":0,"k":[100,100],"ix":3},"r":{"a":0,"k":0,"ix":6},"o":{"a":0,"k":100,"ix":7},"sk":{"a":0,"k":0,"ix":4},"sa":{"a":0,"k":0,"ix":5},"nm":"Transform"}],"nm":"Group 1","np":2,"cix":2,"bm":0,"ix":1,"mn":"ADBE Vector Group","hd":false}],"ip":54,"op":140,"st":138,"bm":0},{"ddd":0,"ind":15,"ty":4,"nm":"bubble 5","parent":26,"sr":1,"ks":{"o":{"a":0,"k":100,"ix":11},"r":{"a":1,"k":[{"i":{"x":[0.833],"y":[0.833]},"o":{"x":[0.167],"y":[0.167]},"t":0,"s":[-69]},{"i":{"x":[0.667],"y":[1]},"o":{"x":[0.167],"y":[0.167]},"t":36,"s":[0]},{"t":124,"s":[149]}],"ix":10},"p":{"a":1,"k":[{"i":{"x":0.833,"y":0.833},"o":{"x":0.167,"y":0.167},"t":0,"s":[131.009,237.955,0],"to":[3.333,0,0],"ti":[-16.667,12,0]},{"i":{"x":0.833,"y":0.833},"o":{"x":0.167,"y":0.167},"t":36,"s":[151.009,237.955,0],"to":[16.667,-12,0],"ti":[-13.333,12,0]},{"t":124,"s":[231.009,165.955,0]}],"ix":2,"l":2},"a":{"a":0,"k":[39.768,32.924,0],"ix":1,"l":2},"s":{"a":1,"k":[{"i":{"x":[0.833,0.833,0.833],"y":[0.833,0.833,0.833]},"o":{"x":[0.167,0.167,0.167],"y":[0.167,0.167,0.167]},"t":0,"s":[85,85,100]},{"i":{"x":[0.667,0.667,0.667],"y":[1,1,1]},"o":{"x":[0.167,0.167,0.167],"y":[0.167,0.167,-16.667]},"t":36,"s":[100,100,100]},{"t":124,"s":[0,0,100]}],"ix":6,"l":2}},"ao":0,"shapes":[{"ty":"gr","it":[{"ind":0,"ty":"sh","ix":1,"ks":{"a":0,"k":{"i":[[-5.312,-6.544],[-7.721,5.841],[5.521,4.395],[5.907,-5.374]],"o":[[5.032,6.115],[7.713,-5.761],[-5.521,-4.394],[-6.17,5.589]],"v":[[-12.654,10.419],[9.799,9.305],[12.445,-12.14],[-7.619,-10.793]],"c":true},"ix":2},"nm":"Path 1","mn":"ADBE Vector Shape - Group","hd":false},{"ty":"fl","c":{"a":0,"k":[0.995999983245,1,1,1],"ix":4},"o":{"a":0,"k":100,"ix":5},"r":1,"bm":0,"nm":"Fill 1","mn":"ADBE Vector Graphic - Fill","hd":false},{"ty":"tr","p":{"a":0,"k":[18.216,16.784],"ix":2},"a":{"a":0,"k":[0,0],"ix":1},"s":{"a":0,"k":[100,100],"ix":3},"r":{"a":0,"k":0,"ix":6},"o":{"a":0,"k":100,"ix":7},"sk":{"a":0,"k":0,"ix":4},"sa":{"a":0,"k":0,"ix":5},"nm":"Transform"}],"nm":"Group 1","np":2,"cix":2,"bm":0,"ix":1,"mn":"ADBE Vector Group","hd":false}],"ip":0,"op":140,"st":0,"bm":0},{"ddd":0,"ind":16,"ty":4,"nm":"bubble 4","parent":26,"sr":1,"ks":{"o":{"a":0,"k":100,"ix":11},"r":{"a":1,"k":[{"i":{"x":[0.833],"y":[0.833]},"o":{"x":[0.167],"y":[0.167]},"t":0,"s":[62]},{"i":{"x":[0.667],"y":[1]},"o":{"x":[0.167],"y":[0.167]},"t":36,"s":[0]},{"t":106,"s":[103]}],"ix":10},"p":{"a":1,"k":[{"i":{"x":0.833,"y":0.833},"o":{"x":0.167,"y":0.167},"t":0,"s":[166.024,338.464,0],"to":[0,-3.333,0],"ti":[6.181,-0.832,0]},{"i":{"x":0.667,"y":1},"o":{"x":0.167,"y":0.167},"t":36,"s":[166.024,318.464,0],"to":[-6.181,0.832,0],"ti":[6.181,-4.165,0]},{"t":106,"s":[128.936,343.454,0]}],"ix":2,"l":2},"a":{"a":0,"k":[14.715,61.341,0],"ix":1,"l":2},"s":{"a":1,"k":[{"i":{"x":[0.833,0.833,0.833],"y":[0.833,0.833,0.833]},"o":{"x":[0.167,0.167,0.167],"y":[0.167,0.167,0.167]},"t":0,"s":[74,74,100]},{"i":{"x":[0.667,0.667,0.667],"y":[1,1,1]},"o":{"x":[0.167,0.167,0.167],"y":[0.167,0.167,-16.667]},"t":36,"s":[100,100,100]},{"t":106,"s":[0,0,100]}],"ix":6,"l":2}},"ao":0,"shapes":[{"ty":"gr","it":[{"ind":0,"ty":"sh","ix":1,"ks":{"a":0,"k":{"i":[[8.381,2.261],[4.206,-15.988],[-5.972,-0.58],[-2.37,11.987]],"o":[[-12.459,-3.3],[-4.064,15.359],[8.281,0.804],[2.37,-11.987]],"v":[[8.503,-18.167],[-16.225,0.569],[0.309,20.663],[17.92,1.556]],"c":true},"ix":2},"nm":"Path 1","mn":"ADBE Vector Shape - Group","hd":false},{"ty":"fl","c":{"a":0,"k":[0.995999983245,1,1,1],"ix":4},"o":{"a":0,"k":100,"ix":5},"r":1,"bm":0,"nm":"Fill 1","mn":"ADBE Vector Graphic - Fill","hd":false},{"ty":"tr","p":{"a":0,"k":[20.539,21.717],"ix":2},"a":{"a":0,"k":[0,0],"ix":1},"s":{"a":0,"k":[100,100],"ix":3},"r":{"a":0,"k":0,"ix":6},"o":{"a":0,"k":100,"ix":7},"sk":{"a":0,"k":0,"ix":4},"sa":{"a":0,"k":0,"ix":5},"nm":"Transform"}],"nm":"Group 1","np":2,"cix":2,"bm":0,"ix":1,"mn":"ADBE Vector Group","hd":false}],"ip":0,"op":140,"st":0,"bm":0},{"ddd":0,"ind":17,"ty":4,"nm":"bubble 3","parent":26,"sr":1,"ks":{"o":{"a":0,"k":100,"ix":11},"r":{"a":1,"k":[{"i":{"x":[0.833],"y":[0.833]},"o":{"x":[0.167],"y":[0.167]},"t":0,"s":[30]},{"i":{"x":[0.667],"y":[1]},"o":{"x":[0.167],"y":[0.167]},"t":36,"s":[0]},{"t":96,"s":[-123]}],"ix":10},"p":{"a":1,"k":[{"i":{"x":0.833,"y":0.833},"o":{"x":0.167,"y":0.167},"t":0,"s":[113.284,374.431,0],"to":[0,-6.667,0],"ti":[0,6.667,0]},{"t":36,"s":[113.284,334.431,0]}],"ix":2,"l":2},"a":{"a":0,"k":[-39.462,17.312,0],"ix":1,"l":2},"s":{"a":1,"k":[{"i":{"x":[0.833,0.833,0.833],"y":[0.833,0.833,0.833]},"o":{"x":[0.167,0.167,0.167],"y":[0.167,0.167,0.167]},"t":0,"s":[59,59,100]},{"i":{"x":[0.667,0.667,0.667],"y":[1,1,1]},"o":{"x":[0.167,0.167,0.167],"y":[0.167,0.167,-16.667]},"t":36,"s":[100,100,100]},{"t":96,"s":[0,0,100]}],"ix":6,"l":2}},"ao":0,"shapes":[{"ty":"gr","it":[{"ind":0,"ty":"sh","ix":1,"ks":{"a":0,"k":{"i":[[1.496,-8.777],[-10.383,-0.687],[-0.657,6.768],[11.412,1.672]],"o":[[-1.722,10.281],[10.382,0.687],[0.658,-6.768],[-11.412,-1.671]],"v":[[-18.061,-3.691],[2.559,14.066],[19.125,3.217],[1.097,-13.082]],"c":true},"ix":2},"nm":"Path 1","mn":"ADBE Vector Shape - Group","hd":false},{"ty":"fl","c":{"a":0,"k":[0.995999983245,1,1,1],"ix":4},"o":{"a":0,"k":100,"ix":5},"r":1,"bm":0,"nm":"Fill 1","mn":"ADBE Vector Graphic - Fill","hd":false},{"ty":"tr","p":{"a":0,"k":[20.033,15.004],"ix":2},"a":{"a":0,"k":[0,0],"ix":1},"s":{"a":0,"k":[100,100],"ix":3},"r":{"a":0,"k":0,"ix":6},"o":{"a":0,"k":100,"ix":7},"sk":{"a":0,"k":0,"ix":4},"sa":{"a":0,"k":0,"ix":5},"nm":"Transform"}],"nm":"Group 1","np":2,"cix":2,"bm":0,"ix":1,"mn":"ADBE Vector Group","hd":false}],"ip":0,"op":140,"st":0,"bm":0},{"ddd":0,"ind":18,"ty":4,"nm":"bubble 2","parent":26,"sr":1,"ks":{"o":{"a":0,"k":100,"ix":11},"r":{"a":1,"k":[{"i":{"x":[0.667],"y":[1]},"o":{"x":[0.167],"y":[0.167]},"t":36,"s":[0]},{"t":120,"s":[161]}],"ix":10},"p":{"a":1,"k":[{"i":{"x":0.833,"y":0.833},"o":{"x":0.167,"y":0.167},"t":0,"s":[170.869,464.486,0],"to":[0,-8.667,0],"ti":[0,8.667,0]},{"t":36,"s":[170.869,412.486,0]}],"ix":2,"l":2},"a":{"a":0,"k":[45.3,42.149,0],"ix":1,"l":2},"s":{"a":1,"k":[{"i":{"x":[0.833,0.833,0.833],"y":[0.833,0.833,0.833]},"o":{"x":[0.167,0.167,0.167],"y":[0.167,0.167,0.167]},"t":0,"s":[34,34,100]},{"i":{"x":[0.667,0.667,0.667],"y":[1,1,1]},"o":{"x":[0.167,0.167,0.167],"y":[0.167,0.167,-16.667]},"t":36,"s":[100,100,100]},{"t":120,"s":[0,0,100]}],"ix":6,"l":2}},"ao":0,"shapes":[{"ty":"gr","it":[{"ind":0,"ty":"sh","ix":1,"ks":{"a":0,"k":{"i":[[11.512,8.915],[-1.429,-15.892],[-11.108,4.306]],"o":[[-11.36,-8.82],[1.43,15.893],[10.274,-3.985]],"v":[[9.191,-14.661],[-19.274,2.828],[5.019,19.174]],"c":true},"ix":2},"nm":"Path 1","mn":"ADBE Vector Shape - Group","hd":false},{"ty":"fl","c":{"a":0,"k":[0.995999983245,1,1,1],"ix":4},"o":{"a":0,"k":100,"ix":5},"r":1,"bm":0,"nm":"Fill 1","mn":"ADBE Vector Graphic - Fill","hd":false},{"ty":"tr","p":{"a":0,"k":[20.953,23.731],"ix":2},"a":{"a":0,"k":[0,0],"ix":1},"s":{"a":0,"k":[100,100],"ix":3},"r":{"a":0,"k":0,"ix":6},"o":{"a":0,"k":100,"ix":7},"sk":{"a":0,"k":0,"ix":4},"sa":{"a":0,"k":0,"ix":5},"nm":"Transform"}],"nm":"Group 1","np":2,"cix":2,"bm":0,"ix":1,"mn":"ADBE Vector Group","hd":false}],"ip":0,"op":140,"st":0,"bm":0},{"ddd":0,"ind":19,"ty":4,"nm":"mask","parent":26,"td":1,"sr":1,"ks":{"o":{"a":0,"k":100,"ix":11},"r":{"a":0,"k":0,"ix":10},"p":{"a":0,"k":[142.372,343.249,0],"ix":2,"l":2},"a":{"a":0,"k":[95.939,178.198,0],"ix":1,"l":2},"s":{"a":0,"k":[100,100,100],"ix":6,"l":2}},"ao":0,"shapes":[{"ty":"gr","it":[{"ty":"gr","it":[{"ind":0,"ty":"sh","ix":1,"ks":{"a":0,"k":{"i":[[0,0],[0.55,2.659],[0,0],[-21.683,-64.72],[-47.946,7.88],[0.848,60.767],[0,0],[0,0]],"o":[[0,0],[0,0],[0,0],[14.819,44.362],[36.593,-6.01],[-0.969,-70.263],[0,0],[0,0]],"v":[[-10.008,-98.108],[-3.5,-0.381],[2.618,56.267],[41.022,216.09],[139.506,343.25],[190.373,162.2],[178.544,-4.765],[164.749,-119.078]],"c":true},"ix":2},"nm":"Path 2","mn":"ADBE Vector Shape - Group","hd":false},{"ind":1,"ty":"sh","ix":2,"ks":{"a":0,"k":{"i":[[-0.157,-0.761],[0,0]],"o":[[0,0],[0,0]],"v":[[-3.5,-0.382],[-3.558,-1.618]],"c":true},"ix":2},"nm":"Path 3","mn":"ADBE Vector Shape - Group","hd":false},{"ty":"tr","p":{"a":0,"k":[0,0],"ix":2},"a":{"a":0,"k":[0,0],"ix":1},"s":{"a":0,"k":[100,100],"ix":3},"r":{"a":0,"k":0,"ix":6},"o":{"a":0,"k":100,"ix":7},"sk":{"a":0,"k":0,"ix":4},"sa":{"a":0,"k":0,"ix":5},"nm":"Transform"}],"nm":"Group 1","np":2,"cix":2,"bm":0,"ix":1,"mn":"ADBE Vector Group","hd":false},{"ty":"fl","c":{"a":0,"k":[1,0.839215746113,0.113725497676,1],"ix":4},"o":{"a":0,"k":100,"ix":5},"r":1,"bm":0,"nm":"Fill 1","mn":"ADBE Vector Graphic - Fill","hd":false},{"ty":"tr","p":{"a":0,"k":[0.407,5.015],"ix":2},"a":{"a":0,"k":[0,0],"ix":1},"s":{"a":0,"k":[100,100],"ix":3},"r":{"a":0,"k":0,"ix":6},"o":{"a":0,"k":100,"ix":7},"sk":{"a":0,"k":0,"ix":4},"sa":{"a":0,"k":0,"ix":5},"nm":"Transform"}],"nm":"Group 1","np":2,"cix":2,"bm":0,"ix":1,"mn":"ADBE Vector Group","hd":false}],"ip":0,"op":140,"st":0,"bm":0},{"ddd":0,"ind":20,"ty":4,"nm":"bubble","parent":26,"tt":1,"sr":1,"ks":{"o":{"a":0,"k":100,"ix":11},"r":{"a":1,"k":[{"i":{"x":[0.833],"y":[0.833]},"o":{"x":[0.167],"y":[0.167]},"t":0,"s":[34]},{"i":{"x":[0.667],"y":[1]},"o":{"x":[0.167],"y":[0.167]},"t":36,"s":[0]},{"t":106,"s":[-235]}],"ix":10},"p":{"a":1,"k":[{"i":{"x":0.833,"y":0.833},"o":{"x":0.167,"y":0.167},"t":0,"s":[188.733,555.359,0],"to":[0,-8.333,0],"ti":[7.9,17.39,0]},{"i":{"x":0.667,"y":1},"o":{"x":0.167,"y":0.167},"t":36,"s":[188.733,505.359,0],"to":[-7.9,-17.39,0],"ti":[7.9,9.057,0]},{"t":106,"s":[141.331,451.017,0]}],"ix":2,"l":2},"a":{"a":0,"k":[33.645,71.624,0],"ix":1,"l":2},"s":{"a":1,"k":[{"i":{"x":[0.833,0.833,0.833],"y":[0.833,0.833,0.833]},"o":{"x":[0.167,0.167,0.167],"y":[0.167,0.167,0.167]},"t":18,"s":[14,14,100]},{"i":{"x":[0.667,0.667,0.667],"y":[1,1,1]},"o":{"x":[0.167,0.167,0.167],"y":[0.167,0.167,-16.667]},"t":36,"s":[100,100,100]},{"t":106,"s":[0,0,100]}],"ix":6,"l":2}},"ao":0,"shapes":[{"ty":"gr","it":[{"ind":0,"ty":"sh","ix":1,"ks":{"a":0,"k":{"i":[[7.972,3.989],[4.809,-8.133],[-12.141,-3.269],[-2.503,7.554]],"o":[[-8.578,-4.37],[-3.169,5.318],[12.14,3.27],[2.502,-7.552]],"v":[[9.725,-15.317],[-13.563,-8.095],[-6.138,16.417],[15.777,5.123]],"c":true},"ix":2},"nm":"Path 1","mn":"ADBE Vector Shape - Group","hd":false},{"ty":"fl","c":{"a":0,"k":[0.995999983245,1,1,1],"ix":4},"o":{"a":0,"k":100,"ix":5},"r":1,"bm":0,"nm":"Fill 1","mn":"ADBE Vector Graphic - Fill","hd":false},{"ty":"tr","p":{"a":0,"k":[18.529,19.937],"ix":2},"a":{"a":0,"k":[0,0],"ix":1},"s":{"a":0,"k":[100,100],"ix":3},"r":{"a":0,"k":0,"ix":6},"o":{"a":0,"k":100,"ix":7},"sk":{"a":0,"k":0,"ix":4},"sa":{"a":0,"k":0,"ix":5},"nm":"Transform"}],"nm":"Group 1","np":2,"cix":2,"bm":0,"ix":1,"mn":"ADBE Vector Group","hd":false}],"ip":0,"op":140,"st":0,"bm":0},{"ddd":0,"ind":21,"ty":4,"nm":"liquid mask","parent":26,"td":1,"sr":1,"ks":{"o":{"a":0,"k":100,"ix":11},"r":{"a":0,"k":0,"ix":10},"p":{"a":0,"k":[142.372,343.249,0],"ix":2,"l":2},"a":{"a":0,"k":[95.939,178.198,0],"ix":1,"l":2},"s":{"a":0,"k":[100,100,100],"ix":6,"l":2}},"ao":0,"shapes":[{"ty":"gr","it":[{"ty":"gr","it":[{"ind":0,"ty":"sh","ix":1,"ks":{"a":0,"k":{"i":[[0,0],[0.55,2.659],[0,0],[-21.683,-64.72],[-47.946,7.88],[0.848,60.767],[0,0],[0,0]],"o":[[0,0],[0,0],[0,0],[14.819,44.362],[36.593,-6.01],[-0.969,-70.263],[0,0],[0,0]],"v":[[-10.008,-98.108],[-3.5,-0.381],[2.618,56.267],[41.022,216.09],[139.506,343.25],[190.373,162.2],[178.544,-4.765],[164.749,-119.078]],"c":true},"ix":2},"nm":"Path 2","mn":"ADBE Vector Shape - Group","hd":false},{"ind":1,"ty":"sh","ix":2,"ks":{"a":0,"k":{"i":[[-0.157,-0.761],[0,0]],"o":[[0,0],[0,0]],"v":[[-3.5,-0.382],[-3.558,-1.618]],"c":true},"ix":2},"nm":"Path 3","mn":"ADBE Vector Shape - Group","hd":false},{"ty":"tr","p":{"a":0,"k":[0,0],"ix":2},"a":{"a":0,"k":[0,0],"ix":1},"s":{"a":0,"k":[100,100],"ix":3},"r":{"a":0,"k":0,"ix":6},"o":{"a":0,"k":100,"ix":7},"sk":{"a":0,"k":0,"ix":4},"sa":{"a":0,"k":0,"ix":5},"nm":"Transform"}],"nm":"Group 1","np":2,"cix":2,"bm":0,"ix":1,"mn":"ADBE Vector Group","hd":false},{"ty":"fl","c":{"a":0,"k":[1,0.839215746113,0.113725497676,1],"ix":4},"o":{"a":0,"k":100,"ix":5},"r":1,"bm":0,"nm":"Fill 1","mn":"ADBE Vector Graphic - Fill","hd":false},{"ty":"tr","p":{"a":0,"k":[0.407,5.015],"ix":2},"a":{"a":0,"k":[0,0],"ix":1},"s":{"a":0,"k":[100,100],"ix":3},"r":{"a":0,"k":0,"ix":6},"o":{"a":0,"k":100,"ix":7},"sk":{"a":0,"k":0,"ix":4},"sa":{"a":0,"k":0,"ix":5},"nm":"Transform"}],"nm":"Group 1","np":2,"cix":2,"bm":0,"ix":1,"mn":"ADBE Vector Group","hd":false}],"ip":0,"op":140,"st":0,"bm":0},{"ddd":0,"ind":22,"ty":4,"nm":"liquid","parent":26,"tt":1,"sr":1,"ks":{"o":{"a":0,"k":100,"ix":11},"r":{"a":0,"k":0,"ix":10},"p":{"a":0,"k":[142.372,343.249,0],"ix":2,"l":2},"a":{"a":0,"k":[95.939,178.198,0],"ix":1,"l":2},"s":{"a":0,"k":[100,100,100],"ix":6,"l":2}},"ao":0,"shapes":[{"ty":"gr","it":[{"ty":"gr","it":[{"ind":0,"ty":"sh","ix":1,"ks":{"a":1,"k":[{"i":{"x":0.667,"y":1},"o":{"x":0.333,"y":0},"t":10,"s":[{"i":[[28.272,1.862],[0.55,2.659],[0,0],[-21.683,-64.72],[-47.946,7.88],[0.848,60.767],[0,0]],"o":[[-21.984,-1.448],[0,0],[0,0],[14.819,44.362],[36.593,-6.01],[-0.969,-70.263],[0,0]],"v":[[26.214,10.866],[-7,1.618],[2.618,56.267],[41.022,216.091],[139.506,343.25],[190.373,162.201],[178.544,-4.765]],"c":true}]},{"i":{"x":0.667,"y":1},"o":{"x":0.333,"y":0},"t":18,"s":[{"i":[[58.095,7.902],[0.55,2.659],[0,0],[-21.683,-64.72],[-47.946,7.88],[0.848,60.767],[0,0]],"o":[[-44.911,-4.735],[0,0],[0,0],[14.819,44.362],[36.593,-6.01],[-0.969,-70.263],[0,0]],"v":[[59.337,23.334],[-0.07,31.61],[2.618,56.267],[41.022,216.09],[139.506,343.25],[190.373,162.201],[178.751,-46.824]],"c":true}]},{"i":{"x":0.833,"y":1},"o":{"x":0.333,"y":0},"t":36,"s":[{"i":[[125.198,21.492],[-6.959,1.923],[0,0],[-21.683,-64.72],[-47.946,7.88],[0.848,60.767],[0,0]],"o":[[-19.338,-3.32],[0,0],[0,0],[14.819,44.362],[36.593,-6.01],[-0.969,-70.263],[0,0]],"v":[[9.764,-11.313],[-11.333,3.546],[2.618,56.267],[41.022,216.09],[139.506,343.25],[190.373,162.201],[178.544,-4.765]],"c":true}]},{"i":{"x":0.833,"y":1},"o":{"x":0.167,"y":0},"t":50,"s":[{"i":[[39.01,5.081],[-6.959,1.923],[0,0],[-21.683,-64.72],[-47.946,7.88],[0.848,60.767],[36.139,42.509]],"o":[[-19.729,-2.57],[0,0],[0,0],[14.819,44.362],[36.593,-6.01],[-0.969,-70.263],[-111.841,18.256]],"v":[[7.135,-61.807],[-14.694,-39.334],[2.618,56.268],[41.022,216.09],[139.506,343.25],[190.373,162.201],[178.544,-4.765]],"c":true}]},{"i":{"x":0.667,"y":1},"o":{"x":0.167,"y":0},"t":70,"s":[{"i":[[103.124,-20.454],[-6.959,1.923],[0,0],[-21.683,-64.72],[-47.946,7.88],[0.848,60.767],[36.139,42.509]],"o":[[-19.515,3.871],[0,0],[0,0],[14.819,44.362],[36.593,-6.01],[-0.969,-70.263],[-67.537,-1.627]],"v":[[23.874,26.9],[2.044,49.372],[2.618,56.268],[41.022,216.09],[139.506,343.25],[190.373,162.201],[175.159,-26.527]],"c":true}]},{"i":{"x":0.667,"y":1},"o":{"x":0.333,"y":0},"t":88,"s":[{"i":[[28.272,1.862],[0.55,2.659],[0,0],[-21.683,-64.72],[-47.946,7.88],[0.848,60.767],[0,0]],"o":[[-21.984,-1.448],[0,0],[0,0],[14.819,44.362],[36.593,-6.01],[-0.969,-70.263],[0,0]],"v":[[26.204,3.866],[-7.01,-5.381],[2.618,56.267],[41.022,216.091],[139.506,343.25],[190.373,162.201],[178.551,0.235]],"c":true}]},{"t":110,"s":[{"i":[[28.272,1.862],[0.55,2.659],[0,0],[-21.683,-64.72],[-47.946,7.88],[0.848,60.767],[0,0]],"o":[[-21.984,-1.448],[0,0],[0,0],[14.819,44.362],[36.593,-6.01],[-0.969,-70.263],[0,0]],"v":[[26.214,10.866],[-7,1.618],[2.618,56.267],[41.022,216.091],[139.506,343.25],[190.373,162.201],[178.544,-4.765]],"c":true}]}],"ix":2},"nm":"Path 2","mn":"ADBE Vector Shape - Group","hd":false},{"ty":"tr","p":{"a":0,"k":[0,0],"ix":2},"a":{"a":0,"k":[0,0],"ix":1},"s":{"a":0,"k":[100,100],"ix":3},"r":{"a":0,"k":0,"ix":6},"o":{"a":0,"k":100,"ix":7},"sk":{"a":0,"k":0,"ix":4},"sa":{"a":0,"k":0,"ix":5},"nm":"Transform"}],"nm":"Group 1","np":1,"cix":2,"bm":0,"ix":1,"mn":"ADBE Vector Group","hd":false},{"ty":"fl","c":{"a":0,"k":[1,0.839215746113,0.113725497676,1],"ix":4},"o":{"a":0,"k":100,"ix":5},"r":1,"bm":0,"nm":"Fill 1","mn":"ADBE Vector Graphic - Fill","hd":false},{"ty":"tr","p":{"a":0,"k":[0.407,5.015],"ix":2},"a":{"a":0,"k":[0,0],"ix":1},"s":{"a":0,"k":[100,100],"ix":3},"r":{"a":0,"k":0,"ix":6},"o":{"a":0,"k":100,"ix":7},"sk":{"a":0,"k":0,"ix":4},"sa":{"a":0,"k":0,"ix":5},"nm":"Transform"}],"nm":"Group 1","np":2,"cix":2,"bm":0,"ix":1,"mn":"ADBE Vector Group","hd":false}],"ip":0,"op":140,"st":0,"bm":0},{"ddd":0,"ind":23,"ty":4,"nm":"liquid mask","parent":26,"td":1,"sr":1,"ks":{"o":{"a":0,"k":100,"ix":11},"r":{"a":0,"k":0,"ix":10},"p":{"a":0,"k":[142.372,343.249,0],"ix":2,"l":2},"a":{"a":0,"k":[95.939,178.198,0],"ix":1,"l":2},"s":{"a":0,"k":[100,100,100],"ix":6,"l":2}},"ao":0,"shapes":[{"ty":"gr","it":[{"ty":"gr","it":[{"ind":0,"ty":"sh","ix":1,"ks":{"a":0,"k":{"i":[[0,0],[0.55,2.659],[0,0],[-21.683,-64.72],[-47.946,7.88],[0.848,60.767],[0,0],[0,0]],"o":[[0,0],[0,0],[0,0],[14.819,44.362],[36.593,-6.01],[-0.969,-70.263],[0,0],[0,0]],"v":[[-10.008,-98.108],[-3.5,-0.381],[2.618,56.267],[41.022,216.09],[139.506,343.25],[190.373,162.2],[178.544,-4.765],[164.749,-119.078]],"c":true},"ix":2},"nm":"Path 2","mn":"ADBE Vector Shape - Group","hd":false},{"ind":1,"ty":"sh","ix":2,"ks":{"a":0,"k":{"i":[[-0.157,-0.761],[0,0]],"o":[[0,0],[0,0]],"v":[[-3.5,-0.382],[-3.558,-1.618]],"c":true},"ix":2},"nm":"Path 3","mn":"ADBE Vector Shape - Group","hd":false},{"ty":"tr","p":{"a":0,"k":[0,0],"ix":2},"a":{"a":0,"k":[0,0],"ix":1},"s":{"a":0,"k":[100,100],"ix":3},"r":{"a":0,"k":0,"ix":6},"o":{"a":0,"k":100,"ix":7},"sk":{"a":0,"k":0,"ix":4},"sa":{"a":0,"k":0,"ix":5},"nm":"Transform"}],"nm":"Group 1","np":2,"cix":2,"bm":0,"ix":1,"mn":"ADBE Vector Group","hd":false},{"ty":"fl","c":{"a":0,"k":[1,0.839215746113,0.113725497676,1],"ix":4},"o":{"a":0,"k":100,"ix":5},"r":1,"bm":0,"nm":"Fill 1","mn":"ADBE Vector Graphic - Fill","hd":false},{"ty":"tr","p":{"a":0,"k":[0.407,5.015],"ix":2},"a":{"a":0,"k":[0,0],"ix":1},"s":{"a":0,"k":[100,100],"ix":3},"r":{"a":0,"k":0,"ix":6},"o":{"a":0,"k":100,"ix":7},"sk":{"a":0,"k":0,"ix":4},"sa":{"a":0,"k":0,"ix":5},"nm":"Transform"}],"nm":"Group 1","np":2,"cix":2,"bm":0,"ix":1,"mn":"ADBE Vector Group","hd":false}],"ip":0,"op":140,"st":0,"bm":0},{"ddd":0,"ind":24,"ty":4,"nm":"liquid surface","parent":26,"tt":1,"sr":1,"ks":{"o":{"a":0,"k":100,"ix":11},"r":{"a":0,"k":0,"ix":10},"p":{"a":0,"k":[133.783,169.295,0],"ix":2,"l":2},"a":{"a":0,"k":[91.852,24.037,0],"ix":1,"l":2},"s":{"a":0,"k":[100,100,100],"ix":6,"l":2}},"ao":0,"shapes":[{"ty":"gr","it":[{"ind":0,"ty":"sh","ix":1,"ks":{"a":1,"k":[{"i":{"x":0.833,"y":0.833},"o":{"x":0.333,"y":0},"t":10,"s":[{"i":[[0,0],[-10.977,2.952],[-35.371,0.712],[0,0],[0,0],[0.745,1.438],[1.354,0.132]],"o":[[0,0],[10.977,-2.953],[36.696,-0.738],[0,0],[0,0],[-0.744,-1.439],[-1.274,-0.124]],"v":[[-90.02,18.018],[-81.625,0.975],[3.336,-12.569],[91.602,-3.993],[87.833,11.636],[-39.319,22.35],[-67.258,19.69]],"c":true}]},{"i":{"x":0.833,"y":0.833},"o":{"x":0.167,"y":0.167},"t":18,"s":[{"i":[[0,0],[-10.65,8.863],[-27.48,22.282],[0,0],[0,0],[0.745,1.438],[1.354,0.132]],"o":[[0,0],[11.565,-3.564],[50.913,-41.282],[0,0],[0,0],[-0.744,-1.439],[-1.274,-0.124]],"v":[[-83.42,50.944],[-79.798,28.311],[3.256,-17.624],[87.419,-40.349],[87.833,11.636],[-37.469,64.276],[-65.408,61.616]],"c":true}]},{"i":{"x":0.833,"y":0.833},"o":{"x":0.167,"y":0.167},"t":28,"s":[{"i":[[0,0],[-10.54,5.719],[-39.061,7.298],[0,0],[0,0],[0.745,1.438],[1.354,0.132]],"o":[[0,0],[12.977,-5.03],[38.762,-4.537],[0,0],[0,0],[-0.744,-1.439],[-1.274,-0.124]],"v":[[-73.73,81.347],[-88.58,9.219],[3.063,-29.755],[90.777,-19.915],[87.833,11.636],[-38.764,34.931],[-55.718,92.019]],"c":true}]},{"i":{"x":0.667,"y":1},"o":{"x":0.167,"y":0.167},"t":32,"s":[{"i":[[0,0],[-10.51,4.861],[-35.552,-4.498],[0,0],[0,0],[0.745,1.438],[1.354,0.132]],"o":[[0,0],[9.208,-14.385],[35.443,5.499],[0,0],[0,0],[-0.744,-1.439],[-1.274,-0.124]],"v":[[-81.082,35.269],[-88.497,-25.815],[3.01,-33.069],[91.604,-9.583],[87.833,11.636],[-39.117,26.916],[-63.07,45.941]],"c":true}]},{"i":{"x":0.833,"y":0.833},"o":{"x":0.333,"y":0},"t":36,"s":[{"i":[[0,0],[-10.493,4.371],[-33.553,-11.218],[0,0],[0,0],[0.745,1.438],[1.354,0.132]],"o":[[0,0],[13.583,-5.659],[33.552,11.217],[0,0],[0,0],[-0.744,-1.439],[-1.274,-0.124]],"v":[[-85.27,9.017],[-93.247,-63.246],[2.98,-34.957],[92.076,-3.697],[87.833,11.636],[-39.319,22.35],[-67.258,19.69]],"c":true}]},{"i":{"x":0.667,"y":1},"o":{"x":0.167,"y":0.167},"t":50,"s":[{"i":[[0,0],[-9.518,5.792],[-32.334,-8.048],[0,0],[0,0],[0.745,1.438],[1.354,0.132]],"o":[[0,0],[12.161,-7.331],[28.674,7.137],[0,0],[0,0],[-0.744,-1.439],[-1.274,-0.124]],"v":[[-84.398,26.158],[-92.116,-57.217],[15.412,-60.185],[90.155,-13.612],[94.797,10.926],[-36.695,36.169],[-64.634,33.509]],"c":true}]},{"i":{"x":0.833,"y":0.833},"o":{"x":0.333,"y":0},"t":70,"s":[{"i":[[0,0],[-7.851,8.22],[-32.604,13.734],[0,0],[0,0],[0.745,1.438],[1.354,0.132]],"o":[[0,0],[9.731,-10.189],[34.958,-14.726],[0,0],[0,0],[-0.744,-1.439],[-1.274,-0.124]],"v":[[-82.427,64.468],[-81.285,27.092],[6.614,-23.993],[88.769,-25.312],[87.833,11.636],[-32.207,59.798],[-60.146,57.139]],"c":true}]},{"i":{"x":0.667,"y":1},"o":{"x":0.167,"y":0.167},"t":88,"s":[{"i":[[0,0],[-9.18,5.98],[-31.314,-0.875],[0,0],[0,0],[0.745,1.438],[1.354,0.132]],"o":[[0,0],[10.261,-7.112],[32.379,0.905],[0,0],[0,0],[-0.744,-1.439],[-1.274,-0.124]],"v":[[-85.656,44.715],[-86.991,-0.994],[5.22,-19.135],[99.548,4.219],[97.407,32.101],[-35.232,43.873],[-63.171,41.213]],"c":true}]},{"t":110,"s":[{"i":[[0,0],[-10.977,2.952],[-35.371,0.712],[0,0],[0,0],[0.745,1.438],[1.354,0.132]],"o":[[0,0],[10.977,-2.953],[36.696,-0.738],[0,0],[0,0],[-0.744,-1.439],[-1.274,-0.124]],"v":[[-90.02,18.018],[-81.625,0.975],[3.336,-12.569],[91.602,-3.993],[87.833,11.636],[-39.319,22.35],[-67.258,19.69]],"c":true}]}],"ix":2},"nm":"Path 1","mn":"ADBE Vector Shape - Group","hd":false},{"ty":"fl","c":{"a":0,"k":[0.995999983245,0.952999997606,0.752999997606,1],"ix":4},"o":{"a":0,"k":100,"ix":5},"r":1,"bm":0,"nm":"Fill 1","mn":"ADBE Vector Graphic - Fill","hd":false},{"ty":"tr","p":{"a":0,"k":[91.852,24.038],"ix":2},"a":{"a":0,"k":[0,0],"ix":1},"s":{"a":0,"k":[100,100],"ix":3},"r":{"a":0,"k":0,"ix":6},"o":{"a":0,"k":100,"ix":7},"sk":{"a":0,"k":0,"ix":4},"sa":{"a":0,"k":0,"ix":5},"nm":"Transform"}],"nm":"Group 1","np":2,"cix":2,"bm":0,"ix":1,"mn":"ADBE Vector Group","hd":false}],"ip":0,"op":140,"st":0,"bm":0},{"ddd":0,"ind":25,"ty":4,"nm":"glass right shine","parent":26,"sr":1,"ks":{"o":{"a":0,"k":100,"ix":11},"r":{"a":0,"k":0,"ix":10},"p":{"a":0,"k":[123.843,42.2,0],"ix":2,"l":2},"a":{"a":0,"k":[123.615,29.135,0],"ix":1,"l":2},"s":{"a":0,"k":[100,100,100],"ix":6,"l":2}},"ao":0,"shapes":[{"ty":"gr","it":[{"ind":0,"ty":"sh","ix":1,"ks":{"a":0,"k":{"i":[[18.951,1.841],[0.845,0.404],[-1.882,4.479],[-4.479,-1.882],[-76.549,7.753],[-0.262,0.216],[-3.631,-3.166],[3.166,-3.631],[90.761,-9.267]],"o":[[-25.958,-2.522],[-4.479,-1.881],[1.882,-4.479],[0.311,0.11],[83.782,-8.578],[3.238,-3.543],[3.631,3.166],[-2.539,2.968],[-34.506,3.559]],"v":[[-77.797,26.505],[-116.818,18.615],[-121.483,7.07],[-109.938,2.405],[0.13,7.875],[106.928,-24.992],[119.297,-25.719],[120.198,-13.495],[1.891,25.327]],"c":true},"ix":2},"nm":"Path 1","mn":"ADBE Vector Shape - Group","hd":false},{"ty":"fl","c":{"a":0,"k":[1,1,1,1],"ix":4},"o":{"a":0,"k":100,"ix":5},"r":1,"bm":0,"nm":"Fill 1","mn":"ADBE Vector Graphic - Fill","hd":false},{"ty":"tr","p":{"a":0,"k":[123.614,29.136],"ix":2},"a":{"a":0,"k":[0,0],"ix":1},"s":{"a":0,"k":[100,100],"ix":3},"r":{"a":0,"k":0,"ix":6},"o":{"a":0,"k":100,"ix":7},"sk":{"a":0,"k":0,"ix":4},"sa":{"a":0,"k":0,"ix":5},"nm":"Transform"}],"nm":"Group 1","np":2,"cix":2,"bm":0,"ix":1,"mn":"ADBE Vector Group","hd":false}],"ip":0,"op":140,"st":0,"bm":0},{"ddd":0,"ind":26,"ty":4,"nm":"glass right","sr":1,"ks":{"o":{"a":0,"k":100,"ix":11},"r":{"a":1,"k":[{"i":{"x":[0.383],"y":[1]},"o":{"x":[0.333],"y":[0]},"t":2,"s":[0]},{"i":{"x":[0.833],"y":[0.833]},"o":{"x":[1],"y":[0]},"t":18,"s":[10]},{"i":{"x":[0.667],"y":[1]},"o":{"x":[0.167],"y":[0.167]},"t":36,"s":[-5.5]},{"i":{"x":[0],"y":[1]},"o":{"x":[0.333],"y":[0]},"t":60,"s":[7]},{"t":122,"s":[0]}],"ix":10},"p":{"a":1,"k":[{"i":{"x":0.383,"y":1},"o":{"x":0.333,"y":0},"t":2,"s":[744.498,540.934,0],"to":[0,0,0],"ti":[0,0,0]},{"i":{"x":0.833,"y":0.833},"o":{"x":1,"y":0},"t":16,"s":[798.498,570.934,0],"to":[0,0,0],"ti":[3.667,8.333,0]},{"i":{"x":0.361,"y":0.517},"o":{"x":0.167,"y":0.167},"t":36,"s":[730.248,489.434,0],"to":[-2.647,-6.016,0],"ti":[-4.989,-16.878,0]},{"i":{"x":0.667,"y":1},"o":{"x":0.191,"y":0.075},"t":46,"s":[741.191,469.803,0],"to":[1.922,6.503,0],"ti":[0,0,0]},{"i":{"x":0.667,"y":1},"o":{"x":0.333,"y":0},"t":60,"s":[764.498,556.934,0],"to":[0,0,0],"ti":[0,0,0]},{"i":{"x":0.667,"y":1},"o":{"x":0.167,"y":0},"t":84,"s":[744.498,532.934,0],"to":[0,0,0],"ti":[0,0,0]},{"i":{"x":0.667,"y":1},"o":{"x":0.167,"y":0},"t":100,"s":[744.498,544.934,0],"to":[0,0,0],"ti":[0,0,0]},{"t":118,"s":[744.498,540.934,0]}],"ix":2,"l":2},"a":{"a":0,"k":[187.813,433.421,0],"ix":1,"l":2},"s":{"a":0,"k":[100,100,100],"ix":6,"l":2}},"ao":0,"shapes":[{"ty":"gr","it":[{"ind":0,"ty":"sh","ix":1,"ks":{"a":0,"k":{"i":[[-57.959,8.354],[-19.806,11.097],[-0.287,5.438],[-0.769,1.292],[0.225,-10.588],[39.657,-20.18],[51.53,-7.532],[27.214,7.788],[-0.553,15.62],[-1.322,-0.45],[-4.36,-10.551],[-20.228,-6.064]],"o":[[47.114,-6.756],[25.338,-14.257],[0.451,-9.602],[1.711,-2.727],[-0.152,8.184],[-20.89,10.67],[-50.631,7.378],[-28.936,-8.277],[0.517,-14.417],[1.865,0.663],[3.462,8.214],[21.161,6.397]],"v":[[5.893,28.865],[103.044,1.813],[136.353,-34.094],[133.771,-52.189],[151.024,-31.222],[112.147,17.326],[9.464,47.538],[-108.441,45.807],[-151.251,6.603],[-139.383,-16.276],[-139.468,4.453],[-106.002,27.316]],"c":true},"ix":2},"nm":"Path 1","mn":"ADBE Vector Shape - Group","hd":false},{"ty":"fl","c":{"a":0,"k":[0.689999988032,0.689999988032,0.689999988032,1],"ix":4},"o":{"a":0,"k":100,"ix":5},"r":1,"bm":0,"nm":"Fill 1","mn":"ADBE Vector Graphic - Fill","hd":false},{"ty":"tr","p":{"a":0,"k":[223.571,811.676],"ix":2},"a":{"a":0,"k":[0,0],"ix":1},"s":{"a":0,"k":[100,100],"ix":3},"r":{"a":0,"k":0,"ix":6},"o":{"a":0,"k":100,"ix":7},"sk":{"a":0,"k":0,"ix":4},"sa":{"a":0,"k":0,"ix":5},"nm":"Transform"}],"nm":"Group 1","np":2,"cix":2,"bm":0,"ix":1,"mn":"ADBE Vector Group","hd":false},{"ty":"gr","it":[{"ind":0,"ty":"sh","ix":1,"ks":{"a":0,"k":{"i":[[9.336,2.354],[-6.623,-11.254],[-10.96,-2.191],[-1.075,11.067],[9.615,5.275]],"o":[[-15.932,-3.96],[4.423,7.422],[15.141,2.998],[0.882,-9.078],[-5.875,-3.222]],"v":[[-11.321,-19.564],[-23.953,6.215],[-0.748,20.526],[29.694,9.981],[6.781,-2.374]],"c":true},"ix":2},"nm":"Path 1","mn":"ADBE Vector Shape - Group","hd":false},{"ty":"fl","c":{"a":0,"k":[1,1,1,1],"ix":4},"o":{"a":0,"k":100,"ix":5},"r":1,"bm":0,"nm":"Fill 1","mn":"ADBE Vector Graphic - Fill","hd":false},{"ty":"tr","p":{"a":0,"k":[124.01,812.83],"ix":2},"a":{"a":0,"k":[0,0],"ix":1},"s":{"a":0,"k":[100,100],"ix":3},"r":{"a":0,"k":0,"ix":6},"o":{"a":0,"k":100,"ix":7},"sk":{"a":0,"k":0,"ix":4},"sa":{"a":0,"k":0,"ix":5},"nm":"Transform"}],"nm":"Group 2","np":2,"cix":2,"bm":0,"ix":2,"mn":"ADBE Vector Group","hd":false},{"ty":"gr","it":[{"ind":0,"ty":"sh","ix":1,"ks":{"a":0,"k":{"i":[[8.958,-2.023],[-4.813,-29.886],[-1.308,-6.396],[-19.714,4.354],[3.106,17.663],[1.149,6.381]],"o":[[-11.997,2.692],[4.812,29.886],[1.307,6.397],[19.713,-4.354],[-2.338,-13.168],[-1.93,-9.914]],"v":[[-22.413,-95.697],[-30.702,-48.437],[-9.452,80.302],[15.802,93.365],[21.951,63.178],[-2.879,-81.661]],"c":true},"ix":2},"nm":"Path 1","mn":"ADBE Vector Shape - Group","hd":false},{"ty":"fl","c":{"a":0,"k":[1,1,1,1],"ix":4},"o":{"a":0,"k":100,"ix":5},"r":1,"bm":0,"nm":"Fill 1","mn":"ADBE Vector Graphic - Fill","hd":false},{"ty":"tr","p":{"a":0,"k":[215.846,671.753],"ix":2},"a":{"a":0,"k":[0,0],"ix":1},"s":{"a":0,"k":[100,100],"ix":3},"r":{"a":0,"k":0,"ix":6},"o":{"a":0,"k":100,"ix":7},"sk":{"a":0,"k":0,"ix":4},"sa":{"a":0,"k":0,"ix":5},"nm":"Transform"}],"nm":"Group 3","np":2,"cix":2,"bm":0,"ix":3,"mn":"ADBE Vector Group","hd":false},{"ty":"gr","it":[{"ind":0,"ty":"sh","ix":1,"ks":{"a":0,"k":{"i":[[6.011,-2.31],[-6.104,-5.014],[-20.671,3.457],[-2.375,4.591],[0,0],[17.185,-3.153]],"o":[[-5.431,2.124],[7.516,6.196],[22.056,-3.644],[2.375,-4.592],[0,0],[-17.193,3.232]],"v":[[-36.544,-12.706],[-34.794,12.3],[3.294,17.367],[39.6,2.73],[36.262,-20.824],[3.251,-9.483]],"c":true},"ix":2},"nm":"Path 1","mn":"ADBE Vector Shape - Group","hd":false},{"ty":"fl","c":{"a":0,"k":[0.689999988032,0.689999988032,0.689999988032,1],"ix":4},"o":{"a":0,"k":100,"ix":5},"r":1,"bm":0,"nm":"Fill 1","mn":"ADBE Vector Graphic - Fill","hd":false},{"ty":"tr","p":{"a":0,"k":[220.635,774.249],"ix":2},"a":{"a":0,"k":[0,0],"ix":1},"s":{"a":0,"k":[100,100],"ix":3},"r":{"a":0,"k":0,"ix":6},"o":{"a":0,"k":100,"ix":7},"sk":{"a":0,"k":0,"ix":4},"sa":{"a":0,"k":0,"ix":5},"nm":"Transform"}],"nm":"Group 4","np":2,"cix":2,"bm":0,"ix":4,"mn":"ADBE Vector Group","hd":false},{"ty":"gr","it":[{"ind":0,"ty":"sh","ix":1,"ks":{"a":0,"k":{"i":[],"o":[],"v":[],"c":true},"ix":2},"nm":"Path 1","mn":"ADBE Vector Shape - Group","hd":false},{"ind":1,"ty":"sh","ix":2,"ks":{"a":0,"k":{"i":[],"o":[],"v":[],"c":true},"ix":2},"nm":"Path 2","mn":"ADBE Vector Shape - Group","hd":false},{"ind":2,"ty":"sh","ix":3,"ks":{"a":0,"k":{"i":[],"o":[],"v":[],"c":true},"ix":2},"nm":"Path 3","mn":"ADBE Vector Shape - Group","hd":false},{"ind":3,"ty":"sh","ix":4,"ks":{"a":0,"k":{"i":[[0.478,0.047],[0.219,4.361],[-98.651,11.876],[-12.886,-10.495],[-0.156,-1.702],[4.862,-0.411],[1.656,2.813],[91.497,-11.043],[0.008,-0.079],[4.855,-0.332]],"o":[[-4.22,-0.41],[-0.635,-10.832],[72.383,-8.72],[3.798,3.102],[0.411,4.863],[-3.486,0.305],[-3.205,-1.759],[-79.051,9.52],[0.253,4.848],[-0.326,0.049]],"v":[[-115.646,29.898],[-122.199,21.224],[-11.836,-21.021],[117.563,-16.807],[122.672,-8.997],[113.342,-0.661],[105.003,-5.007],[-9.757,-3.539],[-106.065,20.622],[-114.365,29.943]],"c":true},"ix":2},"nm":"Path 4","mn":"ADBE Vector Shape - Group","hd":false},{"ty":"fl","c":{"a":0,"k":[0.788000009574,0.788000009574,0.788000009574,1],"ix":4},"o":{"a":0,"k":100,"ix":5},"r":1,"bm":0,"nm":"Fill 1","mn":"ADBE Vector Graphic - Fill","hd":false},{"ty":"tr","p":{"a":0,"k":[123.083,29.992],"ix":2},"a":{"a":0,"k":[0,0],"ix":1},"s":{"a":0,"k":[100,100],"ix":3},"r":{"a":0,"k":0,"ix":6},"o":{"a":0,"k":100,"ix":7},"sk":{"a":0,"k":0,"ix":4},"sa":{"a":0,"k":0,"ix":5},"nm":"Transform"}],"nm":"Group 5","np":5,"cix":2,"bm":0,"ix":5,"mn":"ADBE Vector Group","hd":false},{"ty":"gr","it":[{"ind":0,"ty":"sh","ix":1,"ks":{"a":0,"k":{"i":[[0,0],[2.133,25.204],[-11.007,32.207],[-4.473,17.087],[10.454,85.973],[0.203,1.226],[0,0],[-9.9,-80.936],[14.388,-55.427],[5.747,-16.963],[-1.754,-20.829],[-0.338,-1.48]],"o":[[-1.164,-6.222],[-2.074,-24.155],[5.636,-16.652],[11.954,-46.101],[-9.843,-80.691],[0,0],[0.202,1.226],[9.5,77.603],[-4.615,17.717],[-10.453,30.653],[2.059,24.312],[0,0]],"v":[[-2.821,373.836],[-33.348,195.81],[-14.057,108.947],[1.903,58.013],[9.975,-165.695],[-16.9,-369.73],[-0.425,-373.836],[25.922,-167.682],[17.516,61.94],[1.201,114.048],[-17.296,194.397],[13.067,370.798]],"c":true},"ix":2},"nm":"Path 1","mn":"ADBE Vector Shape - Group","hd":false},{"ty":"fl","c":{"a":0,"k":[0.685999971278,0.685999971278,0.685999971278,1],"ix":4},"o":{"a":0,"k":100,"ix":5},"r":1,"bm":0,"nm":"Fill 1","mn":"ADBE Vector Graphic - Fill","hd":false},{"ty":"tr","p":{"a":0,"k":[246.156,394.266],"ix":2},"a":{"a":0,"k":[0,0],"ix":1},"s":{"a":0,"k":[100,100],"ix":3},"r":{"a":0,"k":0,"ix":6},"o":{"a":0,"k":100,"ix":7},"sk":{"a":0,"k":0,"ix":4},"sa":{"a":0,"k":0,"ix":5},"nm":"Transform"}],"nm":"Group 6","np":2,"cix":2,"bm":0,"ix":6,"mn":"ADBE Vector Group","hd":false},{"ty":"gr","it":[{"ind":0,"ty":"sh","ix":1,"ks":{"a":0,"k":{"i":[[1.134,15.623],[26.822,4.374],[0,0],[0,0],[0,0],[0,0],[0,0],[0,0],[0,0],[0,0],[0,0],[69.507,-6.429],[0,0],[0,0],[0,0],[-32.407,-65.2],[-17.821,-47.386],[0,0],[32.723,-14.986],[-0.332,-10.643],[-108.592,26.502]],"o":[[-1.055,-15.615],[-24.37,-3.976],[0,0],[0,0],[0,0],[0,0],[0,0],[0,0],[0,0],[0,0],[0,0],[-78.118,7.36],[0,0],[0,0],[0,0],[32.407,65.199],[17.822,47.386],[0,0],[-47.358,21.682],[0.65,21.443],[108.592,-26.502]],"v":[[184.807,340.086],[126.425,311.426],[62.962,310.243],[44.13,220.32],[36.56,138.565],[48.257,80.223],[69.597,20.245],[83.778,-63.656],[81.694,-184.504],[60.064,-360.622],[49.453,-411.888],[-59.518,-422.395],[-184.873,-382.652],[-180.221,-330.437],[-163.502,-160.021],[-110.89,16.534],[-39.818,136.288],[-4.571,317.024],[-71.462,339.541],[-106.748,394.145],[65.222,411.898]],"c":true},"ix":2},"nm":"Path 1","mn":"ADBE Vector Shape - Group","hd":false},{"ty":"fl","c":{"a":0,"k":[0.877999997606,0.877999997606,0.877999997606,1],"ix":4},"o":{"a":0,"k":100,"ix":5},"r":1,"bm":0,"nm":"Fill 1","mn":"ADBE Vector Graphic - Fill","hd":false},{"ty":"tr","p":{"a":0,"k":[185.99,433.971],"ix":2},"a":{"a":0,"k":[0,0],"ix":1},"s":{"a":0,"k":[100,100],"ix":3},"r":{"a":0,"k":0,"ix":6},"o":{"a":0,"k":50,"ix":7},"sk":{"a":0,"k":0,"ix":4},"sa":{"a":0,"k":0,"ix":5},"nm":"Transform"}],"nm":"Group 8","np":2,"cix":2,"bm":0,"ix":8,"mn":"ADBE Vector Group","hd":false}],"ip":0,"op":140,"st":0,"bm":0},{"ddd":0,"ind":27,"ty":4,"nm":"clink 3","sr":1,"ks":{"o":{"a":0,"k":100,"ix":11},"r":{"a":0,"k":0,"ix":10},"p":{"a":0,"k":[896.86,123.4,0],"ix":2,"l":2},"a":{"a":0,"k":[76.07,19.49,0],"ix":1,"l":2},"s":{"a":1,"k":[{"i":{"x":[0.833,0.833,0.833],"y":[0.833,0.833,17.667]},"o":{"x":[0.333,0.333,0.333],"y":[0,0,0]},"t":58,"s":[100,100,100]},{"t":64,"s":[0,0,100]}],"ix":6,"l":2}},"ao":0,"shapes":[{"ty":"gr","it":[{"ind":0,"ty":"sh","ix":1,"ks":{"a":1,"k":[{"i":{"x":0.833,"y":1},"o":{"x":0.167,"y":0},"t":34,"s":[{"i":[[5.12,0],[2.8,1.84],[-4.96,7.36],[0,0],[-7.36,-4.96],[4.96,-7.36],[0,0]],"o":[[-3.04,0],[-7.36,-4.96],[0,0],[4.96,-7.36],[7.36,4.96],[0,0],[-3.12,4.56]],"v":[[-29.08,60.24],[-38.04,57.52],[-42.36,35.28],[-11.2,-10.96],[11.04,-15.28],[15.36,6.96],[-15.8,53.2]],"c":true}]},{"i":{"x":0.833,"y":1},"o":{"x":0.167,"y":0},"t":36,"s":[{"i":[[5.12,0],[2.8,1.84],[-4.96,7.36],[0,0],[-7.36,-4.96],[4.96,-7.36],[0,0]],"o":[[-3.04,0],[-7.36,-4.96],[0,0],[4.96,-7.36],[7.36,4.96],[0,0],[-3.12,4.56]],"v":[[-29.08,60.24],[-38.04,57.52],[-42.36,35.28],[15.8,-50.96],[38.04,-55.28],[42.36,-33.04],[-15.8,53.2]],"c":true}]},{"i":{"x":0.219,"y":1},"o":{"x":0.333,"y":0},"t":42,"s":[{"i":[[5.12,0],[2.8,1.84],[-4.96,7.36],[0,0],[-7.36,-4.96],[4.96,-7.36],[0,0]],"o":[[-3.04,0],[-7.36,-4.96],[0,0],[4.96,-7.36],[7.36,4.96],[0,0],[-3.12,4.56]],"v":[[-29.08,60.24],[-38.04,57.52],[-42.36,35.28],[15.8,-50.96],[38.04,-55.28],[42.36,-33.04],[-15.8,53.2]],"c":true}]},{"t":60,"s":[{"i":[[5.12,0],[2.8,1.84],[-4.96,7.36],[0,0],[-7.36,-4.96],[4.96,-7.36],[0,0]],"o":[[-3.04,0],[-7.36,-4.96],[0,0],[4.96,-7.36],[7.36,4.96],[0,0],[-3.12,4.56]],"v":[[29.42,-25.76],[20.46,-28.48],[16.14,-50.72],[15.8,-50.96],[38.04,-55.28],[42.36,-33.04],[42.7,-32.8]],"c":true}]}],"ix":2},"nm":"Path 1","mn":"ADBE Vector Shape - Group","hd":false},{"ty":"fl","c":{"a":0,"k":[1,0.165000002992,0.136999990426,1],"ix":4},"o":{"a":0,"k":100,"ix":5},"r":1,"bm":0,"nm":"Fill 1","mn":"ADBE Vector Graphic - Fill","hd":false},{"ty":"tr","p":{"a":0,"k":[47.57,60.49],"ix":2},"a":{"a":0,"k":[0,0],"ix":1},"s":{"a":0,"k":[100,100],"ix":3},"r":{"a":0,"k":0,"ix":6},"o":{"a":0,"k":100,"ix":7},"sk":{"a":0,"k":0,"ix":4},"sa":{"a":0,"k":0,"ix":5},"nm":"Transform"}],"nm":"Group 1","np":2,"cix":2,"bm":0,"ix":1,"mn":"ADBE Vector Group","hd":false}],"ip":34,"op":66,"st":0,"bm":0},{"ddd":0,"ind":28,"ty":4,"nm":"clink 2","sr":1,"ks":{"o":{"a":0,"k":100,"ix":11},"r":{"a":0,"k":0,"ix":10},"p":{"a":0,"k":[981.38,222.72,0],"ix":2,"l":2},"a":{"a":0,"k":[139.55,18.97,0],"ix":1,"l":2},"s":{"a":1,"k":[{"i":{"x":[0.833,0.833,0.833],"y":[0.833,0.833,17.667]},"o":{"x":[0.333,0.333,0.333],"y":[0,0,0]},"t":50,"s":[100,100,100]},{"t":56,"s":[0,0,100]}],"ix":6,"l":2}},"ao":0,"shapes":[{"ty":"gr","it":[{"ind":0,"ty":"sh","ix":1,"ks":{"a":1,"k":[{"i":{"x":0.833,"y":1},"o":{"x":0.167,"y":0},"t":34,"s":[{"i":[[1.52,0],[2.08,6.96],[-8.48,2.48],[0,0],[-2.48,-8.48],[8.48,-2.48],[0,0]],"o":[[-6.96,0],[-2.48,-8.48],[0,0],[8.48,-2.48],[2.48,8.48],[0,0],[-1.44,0.4]],"v":[[-60.96,34.72],[-76.32,23.2],[-65.44,3.36],[-59.52,1.76],[-39.68,12.64],[-50.56,32.48],[-56.48,34.08]],"c":true}]},{"i":{"x":0.833,"y":1},"o":{"x":0.167,"y":0},"t":36,"s":[{"i":[[1.52,0],[2.08,6.96],[-8.48,2.48],[0,0],[-2.48,-8.48],[8.48,-2.48],[0,0]],"o":[[-6.96,0],[-2.48,-8.48],[0,0],[8.48,-2.48],[2.48,8.48],[0,0],[-1.44,0.4]],"v":[[-60.96,34.72],[-76.32,23.2],[-65.44,3.36],[56.48,-32.24],[76.32,-21.36],[65.44,-1.52],[-56.48,34.08]],"c":true}]},{"i":{"x":0.219,"y":1},"o":{"x":0.333,"y":0},"t":38,"s":[{"i":[[1.52,0],[2.08,6.96],[-8.48,2.48],[0,0],[-2.48,-8.48],[8.48,-2.48],[0,0]],"o":[[-6.96,0],[-2.48,-8.48],[0,0],[8.48,-2.48],[2.48,8.48],[0,0],[-1.44,0.4]],"v":[[-60.96,34.72],[-76.32,23.2],[-65.44,3.36],[56.48,-32.24],[76.32,-21.36],[65.44,-1.52],[-56.48,34.08]],"c":true}]},{"t":48,"s":[{"i":[[1.52,0],[2.08,6.96],[-8.48,2.48],[0,0],[-2.48,-8.48],[8.48,-2.48],[0,0]],"o":[[-6.96,0],[-2.48,-8.48],[0,0],[8.48,-2.48],[2.48,8.48],[0,0],[-1.44,0.4]],"v":[[60.54,-0.78],[45.18,-12.3],[56.06,-32.14],[56.48,-32.24],[76.32,-21.36],[65.44,-1.52],[65.02,-1.42]],"c":true}]}],"ix":2},"nm":"Path 1","mn":"ADBE Vector Shape - Group","hd":false},{"ty":"fl","c":{"a":0,"k":[1,0.165000002992,0.136999990426,1],"ix":4},"o":{"a":0,"k":100,"ix":5},"r":1,"bm":0,"nm":"Fill 1","mn":"ADBE Vector Graphic - Fill","hd":false},{"ty":"tr","p":{"a":0,"k":[79.05,34.97],"ix":2},"a":{"a":0,"k":[0,0],"ix":1},"s":{"a":0,"k":[100,100],"ix":3},"r":{"a":0,"k":0,"ix":6},"o":{"a":0,"k":100,"ix":7},"sk":{"a":0,"k":0,"ix":4},"sa":{"a":0,"k":0,"ix":5},"nm":"Transform"}],"nm":"Group 1","np":2,"cix":2,"bm":0,"ix":1,"mn":"ADBE Vector Group","hd":false}],"ip":34,"op":66,"st":0,"bm":0},{"ddd":0,"ind":29,"ty":4,"nm":"clink 1","sr":1,"ks":{"o":{"a":0,"k":100,"ix":11},"r":{"a":0,"k":0,"ix":10},"p":{"a":0,"k":[966.94,350.38,0],"ix":2,"l":2},"a":{"a":0,"k":[112.31,57.11,0],"ix":1,"l":2},"s":{"a":1,"k":[{"i":{"x":[0.833,0.833,0.833],"y":[0.833,0.833,17.667]},"o":{"x":[0.333,0.333,0.333],"y":[0,0,0]},"t":52,"s":[100,100,100]},{"t":62,"s":[0,0,100]}],"ix":6,"l":2}},"ao":0,"shapes":[{"ty":"gr","it":[{"ind":0,"ty":"sh","ix":1,"ks":{"a":1,"k":[{"i":{"x":0.833,"y":1},"o":{"x":0.167,"y":0},"t":34,"s":[{"i":[[6.32,0],[2,0.8],[0,0],[-3.36,8.24],[-8.24,-3.36],[0,0],[3.36,-8.24]],"o":[[-2,0],[0,0],[-8.16,-3.36],[3.36,-8.16],[0,0],[8.16,3.359],[-2.56,6.24]],"v":[[-45.68,-0.64],[-51.68,-1.84],[-53.4,-3.32],[-62.2,-24.2],[-41.32,-33],[-39.6,-31.52],[-30.8,-10.64]],"c":true}]},{"i":{"x":0.833,"y":1},"o":{"x":0.167,"y":0},"t":36,"s":[{"i":[[6.32,0],[2,0.8],[0,0],[-3.36,8.24],[-8.24,-3.36],[0,0],[3.36,-8.24]],"o":[[-2,0],[0,0],[-8.16,-3.36],[3.36,-8.16],[0,0],[8.16,3.359],[-2.56,6.24]],"v":[[47.32,36.36],[41.32,35.16],[-53.4,-3.32],[-62.2,-24.2],[-41.32,-33],[53.4,5.48],[62.2,26.36]],"c":true}]},{"i":{"x":0.219,"y":1},"o":{"x":0.333,"y":0},"t":38,"s":[{"i":[[6.32,0],[2,0.8],[0,0],[-3.36,8.24],[-8.24,-3.36],[0,0],[3.36,-8.24]],"o":[[-2,0],[0,0],[-8.16,-3.36],[3.36,-8.16],[0,0],[8.16,3.359],[-2.56,6.24]],"v":[[47.32,36.36],[41.32,35.16],[-53.4,-3.32],[-62.2,-24.2],[-41.32,-33],[53.4,5.48],[62.2,26.36]],"c":true}]},{"t":52,"s":[{"i":[[6.32,0],[2,0.8],[0,0],[-3.36,8.24],[-8.24,-3.36],[0,0],[3.36,-8.24]],"o":[[-2,0],[0,0],[-8.16,-3.36],[3.36,-8.16],[0,0],[8.16,3.359],[-2.56,6.24]],"v":[[47.32,36.36],[41.32,35.16],[41.1,34.867],[32.3,13.987],[53.18,5.188],[53.4,5.48],[62.2,26.36]],"c":true}]}],"ix":2},"nm":"Path 1","mn":"ADBE Vector Shape - Group","hd":false},{"ty":"fl","c":{"a":0,"k":[1,0.165000002992,0.136999990426,1],"ix":4},"o":{"a":0,"k":100,"ix":5},"r":1,"bm":0,"nm":"Fill 1","mn":"ADBE Vector Graphic - Fill","hd":false},{"ty":"tr","p":{"a":0,"k":[65.81,36.61],"ix":2},"a":{"a":0,"k":[0,0],"ix":1},"s":{"a":0,"k":[100,100],"ix":3},"r":{"a":0,"k":0,"ix":6},"o":{"a":0,"k":100,"ix":7},"sk":{"a":0,"k":0,"ix":4},"sa":{"a":0,"k":0,"ix":5},"nm":"Transform"}],"nm":"Group 1","np":2,"cix":2,"bm":0,"ix":1,"mn":"ADBE Vector Group","hd":false}],"ip":34,"op":66,"st":0,"bm":0}],"markers":[{"tm":36,"cm":"rest","dr":0}]}