{"v":"5.8.1","fr":60,"ip":0,"op":150,"w":1024,"h":1024,"nm":"emoji_face exhaling","ddd":0,"assets":[],"layers":[{"ddd":0,"ind":1,"ty":3,"nm":"Null ALL","sr":1,"ks":{"o":{"a":0,"k":0,"ix":11},"r":{"a":0,"k":0,"ix":10},"p":{"s":true,"x":{"a":0,"k":512,"ix":3},"y":{"a":1,"k":[{"i":{"x":[0],"y":[1]},"o":{"x":[0.333],"y":[0]},"t":10,"s":[502]},{"i":{"x":[1],"y":[1]},"o":{"x":[1],"y":[0]},"t":24,"s":[482]},{"i":{"x":[0.833],"y":[1]},"o":{"x":[0.167],"y":[0]},"t":42,"s":[512]},{"i":{"x":[0.833],"y":[1]},"o":{"x":[0.167],"y":[0]},"t":56,"s":[502]},{"i":{"x":[0.833],"y":[1]},"o":{"x":[0.484],"y":[0]},"t":94,"s":[502]},{"i":{"x":[0.667],"y":[1]},"o":{"x":[0.167],"y":[0]},"t":104,"s":[494]},{"i":{"x":[0.667],"y":[1]},"o":{"x":[0.333],"y":[0]},"t":118,"s":[506]},{"i":{"x":[0.667],"y":[1]},"o":{"x":[0.333],"y":[0]},"t":128,"s":[500]},{"t":136,"s":[502]}],"ix":4}},"a":{"a":0,"k":[0,0,0],"ix":1,"l":2},"s":{"a":0,"k":[100,100,100],"ix":6,"l":2}},"ao":0,"ip":0,"op":150,"st":0,"bm":0},{"ddd":0,"ind":2,"ty":1,"nm":"Null FACE","parent":1,"sr":1,"ks":{"o":{"a":0,"k":0,"ix":11},"r":{"a":0,"k":0,"ix":10},"p":{"s":true,"x":{"a":1,"k":[{"i":{"x":[0],"y":[1]},"o":{"x":[0.333],"y":[0]},"t":10,"s":[0]},{"i":{"x":[0],"y":[1]},"o":{"x":[1],"y":[0]},"t":20,"s":[0]},{"i":{"x":[1],"y":[1]},"o":{"x":[1],"y":[0]},"t":26,"s":[0]},{"i":{"x":[0.667],"y":[1]},"o":{"x":[0.544],"y":[0]},"t":42,"s":[-58]},{"i":{"x":[0.667],"y":[1]},"o":{"x":[0.333],"y":[0]},"t":56,"s":[-48.854]},{"i":{"x":[0.667],"y":[1]},"o":{"x":[0.333],"y":[0]},"t":76,"s":[-50]},{"i":{"x":[0.07],"y":[1]},"o":{"x":[0.45],"y":[0]},"t":94,"s":[-50]},{"i":{"x":[0.667],"y":[1]},"o":{"x":[1],"y":[0]},"t":104,"s":[2]},{"i":{"x":[0.667],"y":[1]},"o":{"x":[0.333],"y":[0]},"t":118,"s":[0]},{"i":{"x":[0.667],"y":[1]},"o":{"x":[0.333],"y":[0]},"t":128,"s":[0]},{"t":136,"s":[0]}],"ix":3},"y":{"a":1,"k":[{"i":{"x":[0],"y":[1]},"o":{"x":[0.333],"y":[0]},"t":10,"s":[0]},{"i":{"x":[0],"y":[1]},"o":{"x":[1],"y":[0]},"t":20,"s":[-128]},{"i":{"x":[1],"y":[1]},"o":{"x":[1],"y":[0]},"t":26,"s":[-128]},{"i":{"x":[0.667],"y":[1]},"o":{"x":[0.544],"y":[0]},"t":42,"s":[60]},{"i":{"x":[0.667],"y":[1]},"o":{"x":[0.333],"y":[0]},"t":56,"s":[39.415]},{"i":{"x":[0.667],"y":[1]},"o":{"x":[0.333],"y":[0]},"t":76,"s":[52]},{"i":{"x":[0.07],"y":[1]},"o":{"x":[0.45],"y":[0]},"t":94,"s":[41]},{"i":{"x":[0.667],"y":[1]},"o":{"x":[1],"y":[0]},"t":104,"s":[-33]},{"i":{"x":[0.667],"y":[1]},"o":{"x":[0.333],"y":[0]},"t":118,"s":[12]},{"i":{"x":[0.667],"y":[1]},"o":{"x":[0.333],"y":[0]},"t":128,"s":[-2]},{"t":136,"s":[0]}],"ix":4}},"a":{"a":0,"k":[0,0,0],"ix":1,"l":2},"s":{"a":0,"k":[100,100,100],"ix":6,"l":2}},"ao":0,"sw":100,"sh":100,"sc":"#ffffff","ip":0,"op":150,"st":0,"bm":0},{"ddd":0,"ind":4,"ty":4,"nm":"Layer 19 Outlines","sr":1,"ks":{"o":{"a":0,"k":100,"ix":11},"r":{"a":1,"k":[{"i":{"x":[0.833],"y":[1]},"o":{"x":[0.333],"y":[0]},"t":58,"s":[0]},{"t":86,"s":[49]}],"ix":10},"p":{"a":1,"k":[{"i":{"x":0.833,"y":0.833},"o":{"x":0.333,"y":0},"t":58,"s":[219.709,872.116,0],"to":[1,-5.333,0],"ti":[-1,5.333,0]},{"t":86,"s":[225.709,840.116,0]}],"ix":2,"l":2},"a":{"a":0,"k":[79.386,81.579,0],"ix":1,"l":2},"s":{"a":1,"k":[{"i":{"x":[0.833,0.833,0.833],"y":[0.833,0.833,0.833]},"o":{"x":[0.167,0.167,0.167],"y":[0.167,0.167,0.167]},"t":58,"s":[100,100,100]},{"t":86,"s":[0,0,100]}],"ix":6,"l":2}},"ao":0,"shapes":[{"ty":"gr","it":[{"ind":0,"ty":"sh","ix":1,"ks":{"a":0,"k":{"i":[[-14.987,13.422],[-29.741,-15.09],[24.746,-22.921],[16.564,17.825]],"o":[[14.525,-13.008],[15.489,17.984],[-24.746,22.922],[-15.937,-28.506]],"v":[[-30.143,-34.822],[39.479,-47.069],[34.224,33.254],[-45.119,34.857]],"c":true},"ix":2},"nm":"Path 1","mn":"ADBE Vector Shape - Group","hd":false},{"ty":"fl","c":{"a":0,"k":[1,1,1,1],"ix":4},"o":{"a":0,"k":100,"ix":5},"r":1,"bm":0,"nm":"Fill 1","mn":"ADBE Vector Graphic - Fill","hd":false},{"ty":"tr","p":{"a":0,"k":[79.386,85.273],"ix":2},"a":{"a":0,"k":[0,0],"ix":1},"s":{"a":0,"k":[100,100],"ix":3},"r":{"a":0,"k":0,"ix":6},"o":{"a":0,"k":100,"ix":7},"sk":{"a":0,"k":0,"ix":4},"sa":{"a":0,"k":0,"ix":5},"nm":"Transform"}],"nm":"Group 1","np":2,"cix":2,"bm":0,"ix":1,"mn":"ADBE Vector Group","hd":false},{"ty":"gr","it":[{"ind":0,"ty":"sh","ix":1,"ks":{"a":0,"k":{"i":[[-24.746,22.922],[-24.39,-26.332],[24.746,-22.921],[24.391,26.332]],"o":[[24.746,-22.922],[24.391,26.331],[-24.746,22.922],[-24.39,-26.331]],"v":[[-39.663,-41.678],[44.806,-41.503],[44.163,47.678],[-44.807,41.503]],"c":true},"ix":2},"nm":"Path 1","mn":"ADBE Vector Shape - Group","hd":false},{"ty":"fl","c":{"a":0,"k":[0.573000021542,0.795999983245,0.922000002394,1],"ix":4},"o":{"a":0,"k":100,"ix":5},"r":1,"bm":0,"nm":"Fill 1","mn":"ADBE Vector Graphic - Fill","hd":false},{"ty":"tr","p":{"a":0,"k":[89.325,92.309],"ix":2},"a":{"a":0,"k":[0,0],"ix":1},"s":{"a":0,"k":[100,100],"ix":3},"r":{"a":0,"k":0,"ix":6},"o":{"a":0,"k":100,"ix":7},"sk":{"a":0,"k":0,"ix":4},"sa":{"a":0,"k":0,"ix":5},"nm":"Transform"}],"nm":"Group 2","np":2,"cix":2,"bm":0,"ix":2,"mn":"ADBE Vector Group","hd":false}],"ip":58,"op":150,"st":58,"bm":0},{"ddd":0,"ind":5,"ty":4,"nm":"Layer 17 Outlines","sr":1,"ks":{"o":{"a":0,"k":100,"ix":11},"r":{"a":1,"k":[{"i":{"x":[0.833],"y":[1]},"o":{"x":[0.333],"y":[0]},"t":58,"s":[0]},{"t":82,"s":[31]}],"ix":10},"p":{"a":1,"k":[{"i":{"x":0.151,"y":1},"o":{"x":0.167,"y":0.167},"t":58,"s":[138.617,810.465,0],"to":[-33,-47.411,0],"ti":[37,28.411,0]},{"t":96,"s":[132.617,660,0]}],"ix":2,"l":2},"a":{"a":0,"k":[63.206,48.546,0],"ix":1,"l":2},"s":{"a":1,"k":[{"i":{"x":[0.833,0.833,0.833],"y":[0.833,0.833,17.792]},"o":{"x":[0.333,0.333,0.333],"y":[0,0,0]},"t":58,"s":[134,134,100]},{"t":96,"s":[0,0,100]}],"ix":6,"l":2}},"ao":0,"shapes":[{"ty":"gr","it":[{"ind":0,"ty":"sh","ix":1,"ks":{"a":0,"k":{"i":[[0,-26.673],[16.742,-1.473],[0,26.673],[-23.111,0.018]],"o":[[0,26.673],[-18.416,0.404],[0,-26.673],[14.227,2.826]],"v":[[37.047,0.736],[0.555,46.636],[-38.489,0.539],[3.476,-46.044]],"c":true},"ix":2},"nm":"Path 1","mn":"ADBE Vector Shape - Group","hd":false},{"ty":"fl","c":{"a":0,"k":[1,1,1,1],"ix":4},"o":{"a":0,"k":100,"ix":5},"r":1,"bm":0,"nm":"Fill 1","mn":"ADBE Vector Graphic - Fill","hd":false},{"ty":"tr","p":{"a":0,"k":[63.206,48.546],"ix":2},"a":{"a":0,"k":[0,0],"ix":1},"s":{"a":0,"k":[100,100],"ix":3},"r":{"a":0,"k":0,"ix":6},"o":{"a":0,"k":100,"ix":7},"sk":{"a":0,"k":0,"ix":4},"sa":{"a":0,"k":0,"ix":5},"nm":"Transform"}],"nm":"Group 1","np":2,"cix":2,"bm":0,"ix":1,"mn":"ADBE Vector Group","hd":false},{"ty":"gr","it":[{"ind":0,"ty":"sh","ix":1,"ks":{"a":0,"k":{"i":[[0,-26.673],[28.383,0],[0,26.673],[-28.382,0]],"o":[[0,26.673],[-28.382,0],[0,-26.673],[28.383,0]],"v":[[47.909,0.715],[-0.001,48.296],[-51.391,0],[-0.001,-48.296]],"c":true},"ix":2},"nm":"Path 1","mn":"ADBE Vector Shape - Group","hd":false},{"ty":"fl","c":{"a":0,"k":[0.573000021542,0.795999983245,0.922000002394,1],"ix":4},"o":{"a":0,"k":100,"ix":5},"r":1,"bm":0,"nm":"Fill 1","mn":"ADBE Vector Graphic - Fill","hd":false},{"ty":"tr","p":{"a":0,"k":[51.64,48.546],"ix":2},"a":{"a":0,"k":[0,0],"ix":1},"s":{"a":0,"k":[100,100],"ix":3},"r":{"a":0,"k":0,"ix":6},"o":{"a":0,"k":100,"ix":7},"sk":{"a":0,"k":0,"ix":4},"sa":{"a":0,"k":0,"ix":5},"nm":"Transform"}],"nm":"Group 2","np":2,"cix":2,"bm":0,"ix":2,"mn":"ADBE Vector Group","hd":false}],"ip":58,"op":150,"st":58,"bm":0},{"ddd":0,"ind":6,"ty":4,"nm":"Layer 18 Outlines 2","sr":1,"ks":{"o":{"a":0,"k":100,"ix":11},"r":{"a":0,"k":0,"ix":10},"p":{"a":1,"k":[{"i":{"x":0.667,"y":1},"o":{"x":0.167,"y":0.167},"t":58,"s":[152.792,901.607,0],"to":[-42.333,-55.333,0],"ti":[27.333,13.333,0]},{"t":102,"s":[126.792,797.607,0]}],"ix":2,"l":2},"a":{"a":0,"k":[55.353,46.811,0],"ix":1,"l":2},"s":{"a":1,"k":[{"i":{"x":[0.667,0.667,0.667],"y":[1,1,1]},"o":{"x":[0.333,0.333,0.333],"y":[0,0,0]},"t":64,"s":[100,100,100]},{"t":102,"s":[0,0,100]}],"ix":6,"l":2}},"ao":0,"shapes":[{"ty":"gr","it":[{"ind":0,"ty":"sh","ix":1,"ks":{"a":0,"k":{"i":[[-5.873,-20.857],[11.467,-5.951],[5.873,20.857],[-17.203,5.456]],"o":[[5.873,20.857],[-17.22,4.674],[-5.873,-20.858],[11.297,-3.294]],"v":[[29.918,-12.151],[12.991,32.555],[-31.142,6.479],[-9.839,-38.852]],"c":true},"ix":2},"nm":"Path 1","mn":"ADBE Vector Shape - Group","hd":false},{"ty":"fl","c":{"a":0,"k":[1,1,1,1],"ix":4},"o":{"a":0,"k":100,"ix":5},"r":1,"bm":0,"nm":"Fill 1","mn":"ADBE Vector Graphic - Fill","hd":false},{"ty":"tr","p":{"a":0,"k":[55.353,49.101],"ix":2},"a":{"a":0,"k":[0,0],"ix":1},"s":{"a":0,"k":[100,100],"ix":3},"r":{"a":0,"k":0,"ix":6},"o":{"a":0,"k":100,"ix":7},"sk":{"a":0,"k":0,"ix":4},"sa":{"a":0,"k":0,"ix":5},"nm":"Transform"}],"nm":"Group 1","np":2,"cix":2,"bm":0,"ix":1,"mn":"ADBE Vector Group","hd":false},{"ty":"gr","it":[{"ind":0,"ty":"sh","ix":1,"ks":{"a":0,"k":{"i":[[-5.873,-20.857],[22.194,-6.249],[5.873,20.857],[-22.194,6.249]],"o":[[5.873,20.857],[-22.195,6.249],[-5.873,-20.858],[22.194,-6.249]],"v":[[38.186,-11.815],[10.634,37.766],[-40.186,11.315],[-10.633,-37.766]],"c":true},"ix":2},"nm":"Path 1","mn":"ADBE Vector Shape - Group","hd":false},{"ty":"fl","c":{"a":0,"k":[0.573000021542,0.795999983245,0.922000002394,1],"ix":4},"o":{"a":0,"k":100,"ix":5},"r":1,"bm":0,"nm":"Fill 1","mn":"ADBE Vector Graphic - Fill","hd":false},{"ty":"tr","p":{"a":0,"k":[46.309,49.358],"ix":2},"a":{"a":0,"k":[0,0],"ix":1},"s":{"a":0,"k":[100,100],"ix":3},"r":{"a":0,"k":0,"ix":6},"o":{"a":0,"k":100,"ix":7},"sk":{"a":0,"k":0,"ix":4},"sa":{"a":0,"k":0,"ix":5},"nm":"Transform"}],"nm":"Group 2","np":2,"cix":2,"bm":0,"ix":2,"mn":"ADBE Vector Group","hd":false}],"ip":58,"op":150,"st":58,"bm":0},{"ddd":0,"ind":7,"ty":4,"nm":"Layer 18 Outlines","sr":1,"ks":{"o":{"a":0,"k":100,"ix":11},"r":{"a":1,"k":[{"i":{"x":[0.667],"y":[1]},"o":{"x":[0.167],"y":[0.167]},"t":58,"s":[233]},{"t":94,"s":[177]}],"ix":10},"p":{"a":1,"k":[{"i":{"x":0.667,"y":1},"o":{"x":0.167,"y":0.167},"t":58,"s":[266.792,797.607,0],"to":[-35.333,-30.333,0],"ti":[-5.667,17.333,0]},{"t":94,"s":[246.792,717.607,0]}],"ix":2,"l":2},"a":{"a":0,"k":[55.353,46.811,0],"ix":1,"l":2},"s":{"a":1,"k":[{"i":{"x":[0.667,0.667,0.667],"y":[1,1,1]},"o":{"x":[0.167,0.167,0.167],"y":[0.167,0.167,-16.438]},"t":58,"s":[72,72,100]},{"t":94,"s":[0,0,100]}],"ix":6,"l":2}},"ao":0,"shapes":[{"ty":"gr","it":[{"ind":0,"ty":"sh","ix":1,"ks":{"a":0,"k":{"i":[[-5.873,-20.857],[14.094,-7.671],[5.873,20.857],[-22.194,6.249]],"o":[[5.873,20.857],[-22.195,6.249],[-5.873,-20.858],[13.439,-3.439]],"v":[[30.262,-11.75],[11.134,33.882],[-31.142,6.479],[-11.041,-39.291]],"c":true},"ix":2},"nm":"Path 1","mn":"ADBE Vector Shape - Group","hd":false},{"ty":"fl","c":{"a":0,"k":[1,1,1,1],"ix":4},"o":{"a":0,"k":100,"ix":5},"r":1,"bm":0,"nm":"Fill 1","mn":"ADBE Vector Graphic - Fill","hd":false},{"ty":"tr","p":{"a":0,"k":[55.353,49.101],"ix":2},"a":{"a":0,"k":[0,0],"ix":1},"s":{"a":0,"k":[100,100],"ix":3},"r":{"a":0,"k":0,"ix":6},"o":{"a":0,"k":100,"ix":7},"sk":{"a":0,"k":0,"ix":4},"sa":{"a":0,"k":0,"ix":5},"nm":"Transform"}],"nm":"Group 1","np":2,"cix":2,"bm":0,"ix":1,"mn":"ADBE Vector Group","hd":false},{"ty":"gr","it":[{"ind":0,"ty":"sh","ix":1,"ks":{"a":0,"k":{"i":[[-5.873,-20.857],[22.194,-6.249],[5.873,20.857],[-22.194,6.249]],"o":[[5.873,20.857],[-22.195,6.249],[-5.873,-20.858],[22.194,-6.249]],"v":[[34.769,-11.05],[10.634,37.766],[-40.186,11.315],[-10.633,-37.766]],"c":true},"ix":2},"nm":"Path 1","mn":"ADBE Vector Shape - Group","hd":false},{"ty":"fl","c":{"a":0,"k":[0.573000021542,0.795999983245,0.922000002394,1],"ix":4},"o":{"a":0,"k":100,"ix":5},"r":1,"bm":0,"nm":"Fill 1","mn":"ADBE Vector Graphic - Fill","hd":false},{"ty":"tr","p":{"a":0,"k":[46.309,49.358],"ix":2},"a":{"a":0,"k":[0,0],"ix":1},"s":{"a":0,"k":[100,100],"ix":3},"r":{"a":0,"k":0,"ix":6},"o":{"a":0,"k":100,"ix":7},"sk":{"a":0,"k":0,"ix":4},"sa":{"a":0,"k":0,"ix":5},"nm":"Transform"}],"nm":"Group 2","np":2,"cix":2,"bm":0,"ix":2,"mn":"ADBE Vector Group","hd":false}],"ip":58,"op":150,"st":58,"bm":0},{"ddd":0,"ind":8,"ty":1,"nm":"White Solid 1","sr":1,"ks":{"o":{"a":0,"k":100,"ix":11},"r":{"a":0,"k":0,"ix":10},"p":{"a":0,"k":[512,512,0],"ix":2,"l":2},"a":{"a":0,"k":[512,512,0],"ix":1,"l":2},"s":{"a":0,"k":[100,100,100],"ix":6,"l":2}},"ao":0,"hasMask":true,"masksProperties":[{"inv":false,"mode":"a","pt":{"a":1,"k":[{"i":{"x":0.833,"y":0.833},"o":{"x":0.167,"y":0.167},"t":58,"s":[{"i":[[46.33,-18.875],[-4.675,-43.113],[-14.232,0.467],[-27.623,22.444],[15.334,-3.142]],"o":[[-40.16,16.362],[1.535,14.157],[35.573,-1.166],[13.616,-11.063],[-122,25]],"v":[[125.5,751],[140,828],[185,902],[273,819],[267.5,773.5]],"c":true}]},{"t":60,"s":[{"i":[[60.5,-26.5],[-28.556,-32.636],[-61,-2],[-126,12],[15.334,-3.142]],"o":[[-39.722,17.399],[14,16],[35.573,1.166],[17.465,-1.663],[-122,25]],"v":[[125.5,751],[131.5,863.5],[185,902],[257,815],[263.5,770]],"c":true}]}],"ix":1},"o":{"a":0,"k":100,"ix":3},"x":{"a":0,"k":0,"ix":4},"nm":"Mask 1"}],"sw":1024,"sh":1024,"sc":"#ffffff","ip":58,"op":61,"st":0,"bm":0},{"ddd":0,"ind":9,"ty":4,"nm":"smoke 1","parent":10,"sr":1,"ks":{"o":{"a":0,"k":100,"ix":11},"r":{"a":0,"k":0,"ix":10},"p":{"a":0,"k":[136.465,126.948,0],"ix":2,"l":2},"a":{"a":0,"k":[164.29,116.09,0],"ix":1,"l":2},"s":{"a":0,"k":[111.311,111.311,100],"ix":6,"l":2}},"ao":0,"shapes":[{"ty":"gr","it":[{"ind":0,"ty":"sh","ix":1,"ks":{"a":1,"k":[{"i":{"x":0.833,"y":0.833},"o":{"x":0.167,"y":0.167},"t":42,"s":[{"i":[[-3.88,13.85],[-4.81,5.349],[-6.359,3.314],[-8.279,0.539],[-7.383,-3.772],[-0.35,-0.209],[-0.35,-0.216],[3.126,0.216],[3.207,-0.296],[4.372,-1.691],[3.449,-3.179],[1.145,-1.442],[0.97,-1.563],[1.037,-4.655],[-1.158,-4.607],[-7.814,-1.186],[3.018,-6.897],[0,-3.717],[-13.15,-4.473],[-7.922,4.096],[-3.772,1.833],[-4.041,-0.215],[-4.365,0.324],[-4.311,8.947],[-1.401,10.994],[-5.982,7.49],[4.581,-26.406],[0.862,-8.568],[17.784,-0.109],[8.461,-1.67],[7.814,-2.263],[5.928,21.555],[20.37,14.334]],"o":[[1.94,-6.925],[4.81,-5.349],[7.356,-3.826],[8.279,-0.539],[0.35,0.188],[0.35,0.209],[-3.099,-0.404],[-3.126,-0.216],[-4.662,0.404],[-4.372,1.691],[-1.348,1.239],[-1.145,1.442],[-2.506,4.042],[-1.037,4.655],[1.832,7.222],[8.623,1.294],[-1.509,3.396],[-0.054,13.905],[8.514,2.856],[3.772,-1.94],[3.718,-1.778],[4.365,0.216],[10.347,-0.808],[4.904,-10.239],[1.186,-9.484],[5.712,-7.168],[-1.509,8.514],[-1.887,17.73],[-8.461,0.053],[-7.76,1.509],[-21.718,6.305],[-5.497,-19.994],[-11.587,-8.245]],"v":[[-83.317,-76.738],[-72.862,-95.263],[-55.779,-108.372],[-31.872,-115.175],[-7.924,-110.581],[-6.873,-109.982],[-5.822,-109.342],[-15.145,-110.352],[-24.63,-110.312],[-38.338,-107.22],[-50.228,-99.965],[-53.96,-95.923],[-57.126,-91.396],[-62.623,-78.186],[-62.623,-64.128],[-46.618,-47.637],[-38.642,-29.207],[-40.797,-18.375],[-18.109,13.475],[7.974,11.265],[17.674,3.666],[30.823,1.834],[43.865,2.481],[66.068,-14.333],[70.487,-45.374],[82.289,-71.187],[76.145,-38.314],[74.529,-12.447],[42.41,24.2],[16.758,21.181],[-5.391,31.582],[-57.449,-0.051],[-71.299,-38.206]],"c":true}]},{"i":{"x":0.833,"y":0.833},"o":{"x":0.167,"y":0.167},"t":44,"s":[{"i":[[-3.88,13.85],[-4.81,5.349],[-6.359,3.315],[-8.279,0.539],[-7.383,-3.773],[-0.35,-0.209],[-0.351,-0.215],[3.126,0.216],[3.207,-0.297],[4.372,-1.691],[3.449,-3.18],[1.145,-1.442],[0.97,-1.563],[1.037,-4.655],[-1.159,-4.607],[-7.814,-1.186],[3.018,-6.897],[0,-3.717],[-13.15,-4.473],[-7.922,4.096],[-3.772,1.833],[-4.041,-0.215],[-4.365,0.324],[-4.311,8.947],[-2.078,10.864],[-6.796,6.659],[17.956,-32.355],[0.862,-8.568],[17.784,-0.109],[8.461,-1.67],[7.814,-2.263],[5.928,21.555],[20.37,14.334]],"o":[[1.94,-6.925],[4.81,-5.349],[7.356,-3.826],[8.279,-0.539],[0.351,0.189],[0.35,0.209],[-3.099,-0.404],[-3.126,-0.216],[-4.662,0.404],[-4.372,1.691],[-1.348,1.24],[-1.145,1.442],[-2.506,4.042],[-1.037,4.655],[1.832,7.222],[8.623,1.294],[-1.509,3.396],[-0.054,13.905],[8.514,2.856],[3.772,-1.94],[3.718,-1.778],[4.365,0.216],[10.347,-0.808],[4.904,-10.239],[2.47,-12.055],[8.138,-7.629],[-2.87,14.518],[-1.887,17.73],[-8.461,0.053],[-7.76,1.509],[-21.718,6.305],[-5.497,-19.994],[-11.587,-8.245]],"v":[[-55.703,-73.122],[-45.248,-91.647],[-28.165,-104.756],[-4.258,-111.559],[19.69,-106.965],[20.741,-106.366],[21.792,-105.726],[12.469,-106.736],[2.984,-106.696],[-10.724,-103.604],[-22.614,-96.349],[-26.346,-92.307],[-29.512,-87.78],[-35.009,-74.57],[-35.009,-60.512],[-19.004,-44.021],[-11.028,-25.591],[-13.183,-14.759],[9.505,17.091],[35.588,14.881],[45.288,7.282],[58.437,5.45],[71.479,6.097],[93.682,-10.717],[98.101,-41.758],[125.191,-76.877],[104.59,-38.354],[102.143,-8.831],[70.024,27.816],[44.372,24.797],[22.223,35.198],[-29.835,3.565],[-43.685,-34.59]],"c":true}]},{"i":{"x":0.833,"y":0.833},"o":{"x":0.167,"y":0.167},"t":46,"s":[{"i":[[-3.88,13.85],[-4.81,5.349],[-6.359,3.314],[-8.279,0.539],[-7.383,-3.772],[-0.35,-0.209],[-0.351,-0.215],[3.126,0.216],[3.207,-0.297],[4.372,-1.691],[3.449,-3.179],[1.145,-1.442],[0.97,-1.563],[1.037,-4.655],[-1.159,-4.607],[-7.814,-1.186],[3.018,-6.897],[0,-3.717],[-13.15,-4.473],[-7.922,4.096],[-3.772,1.833],[-4.041,-0.215],[-4.365,0.324],[-4.311,8.947],[-2.755,10.735],[-7.61,5.828],[31.331,-38.304],[0.862,-8.568],[17.784,-0.109],[8.461,-1.67],[7.814,-2.263],[5.928,21.555],[20.37,14.334]],"o":[[1.94,-6.925],[4.81,-5.349],[7.356,-3.826],[8.279,-0.539],[0.351,0.188],[0.35,0.209],[-3.099,-0.404],[-3.126,-0.216],[-4.662,0.404],[-4.372,1.691],[-1.348,1.239],[-1.145,1.442],[-2.506,4.042],[-1.037,4.655],[1.832,7.222],[8.623,1.294],[-1.509,3.396],[-0.054,13.905],[8.514,2.856],[3.772,-1.94],[3.718,-1.778],[4.365,0.216],[10.347,-0.808],[4.904,-10.239],[3.754,-14.626],[10.563,-8.089],[-4.231,20.522],[-1.887,17.73],[-8.461,0.053],[-7.76,1.509],[-21.718,6.305],[-5.497,-19.994],[-11.587,-8.245]],"v":[[-49.069,-72.201],[-38.614,-90.726],[-21.531,-103.835],[2.376,-110.638],[26.324,-106.044],[27.375,-105.445],[28.426,-104.805],[19.103,-105.815],[9.618,-105.775],[-4.09,-102.683],[-15.98,-95.428],[-19.712,-91.386],[-22.878,-86.859],[-28.375,-73.649],[-28.375,-59.591],[-12.37,-43.1],[-4.394,-24.67],[-6.549,-13.838],[16.139,18.012],[42.222,15.802],[51.922,8.203],[65.071,6.371],[78.113,7.018],[100.316,-9.796],[104.735,-40.837],[147.113,-85.262],[112.055,-41.089],[108.777,-7.91],[76.658,28.737],[51.006,25.718],[28.857,36.119],[-23.201,4.486],[-37.051,-33.669]],"c":true}]},{"i":{"x":0.833,"y":0.833},"o":{"x":0.167,"y":0.167},"t":47,"s":[{"i":[[-4.827,17.23],[-15.828,8.233],[-18.369,-9.385],[-0.872,-0.537],[7.978,-0.737],[8.591,-7.901],[2.411,-3.889],[-2.907,-11.458],[-8.826,-0.185],[-5.054,1.52],[-0.351,-4.878],[2.54,-1.466],[2.382,-6.47],[0,-4.626],[-16.358,-5.564],[-9.866,5.074],[-4.693,2.279],[-5.029,-0.248],[-5.43,0.402],[-5.363,11.129],[-1.743,13.676],[-7.432,9.326],[-8.786,7.236],[-5.091,3.091],[-1.552,-0.716],[3.821,-3.553],[5.698,-32.849],[1.073,-10.659],[22.123,-0.141],[10.525,-2.078],[9.719,-2.822],[7.373,26.816],[25.341,17.833]],"o":[[4.827,-17.229],[18.302,-9.52],[0.872,0.469],[-7.71,-1.006],[-11.598,1.006],[-3.352,3.083],[-6.235,10.056],[2.279,8.983],[5.872,0.123],[4.658,-1.401],[0.365,5.071],[-2.269,1.31],[-1.877,4.224],[-0.067,17.296],[10.592,3.553],[4.693,-2.413],[4.626,-2.212],[5.43,0.268],[13.778,-2.093],[6.101,-12.738],[1.475,-11.8],[7.106,-8.916],[4.559,-3.754],[1.877,-1.14],[1.743,0.804],[-24.335,22.726],[-1.877,10.592],[-2.346,22.056],[-10.525,0.067],[-9.654,1.877],[-27.017,7.844],[-6.838,-24.872],[-14.413,-10.257]],"v":[[-101.342,-64.314],[-67.085,-103.666],[-7.554,-106.415],[-4.939,-104.872],[-28.336,-106.08],[-60.18,-93.207],[-68.761,-82.549],[-76.824,-50.26],[-58.955,-37.913],[-43.027,-40.331],[-33.745,-35.409],[-41.319,-27.359],[-49.033,-14.986],[-52.94,6.248],[-20.225,47.91],[12.223,45.162],[27.352,38.159],[43.098,36.492],[60.75,35.868],[84.491,13.318],[89.989,-25.297],[104.67,-57.409],[129.207,-81.543],[144.089,-91.197],[159.106,-100.18],[156.961,-94.012],[97.028,-16.515],[95.016,15.664],[55.061,61.251],[24.375,61.989],[-4.403,70.436],[-69.163,31.083],[-86.393,-16.381]],"c":true}]},{"t":48,"s":[{"i":[[-5.76,20.561],[-18.88,9.84],[-21.92,-11.199],[-1.04,-0.641],[9.52,-0.88],[10.24,-9.441],[2.88,-4.639],[-3.44,-13.68],[-11.6,-1.76],[-13.36,-1.68],[3.2,-4.88],[3.44,-0.64],[4.48,-10.24],[0,-5.52],[-19.52,-6.64],[-11.76,6.08],[-5.6,2.72],[-6,-0.32],[-6.48,0.48],[-6.4,13.28],[-2.08,16.32],[-8.88,11.12],[-10.48,8.64],[-6.08,3.68],[-1.84,-0.88],[4.56,-4.24],[6.8,-39.2],[1.28,-12.72],[26.4,-0.16],[12.56,-2.48],[11.6,-3.36],[8.8,32],[30.24,21.28]],"o":[[5.76,-20.56],[21.84,-11.36],[1.04,0.56],[-9.2,-1.201],[-13.84,1.2],[-4,3.679],[-7.44,12],[2.72,10.72],[12.8,1.92],[5.76,0.72],[-1.92,2.881],[-10.96,2],[-2.24,5.04],[-0.08,20.64],[12.64,4.24],[5.6,-2.88],[5.52,-2.64],[6.48,0.32],[15.36,-1.2],[7.28,-15.2],[1.76,-14.081],[8.48,-10.64],[5.44,-4.48],[2.24,-1.36],[2.08,0.96],[-29.04,27.12],[-2.24,12.64],[-2.8,26.32],[-12.56,0.08],[-11.52,2.24],[-32.24,9.36],[-8.16,-29.68],[-17.2,-12.24]],"v":[[-153.56,-54.361],[-112.68,-101.32],[-41.64,-104.6],[-38.52,-102.759],[-66.44,-104.201],[-104.44,-88.839],[-114.68,-76.12],[-122.84,-35.641],[-99.08,-11.16],[-61.4,-19.4],[-52.68,-7.721],[-62.04,-3.8],[-87.24,16.199],[-90.44,32.279],[-56.76,79.559],[-18.04,76.279],[-3.64,64.999],[15.88,62.279],[35.24,63.239],[68.2,38.279],[74.76,-7.8],[92.28,-46.12],[121.56,-74.921],[139.32,-86.441],[157.24,-97.16],[154.68,-89.8],[83.16,2.68],[80.76,41.079],[33.08,95.479],[-5,90.999],[-37.88,106.439],[-115.16,59.479],[-135.72,2.84]],"c":true}]}],"ix":2},"nm":"Path 1","mn":"ADBE Vector Shape - Group","hd":false},{"ty":"fl","c":{"a":0,"k":[0.573000021542,0.795999983245,0.922000002394,1],"ix":4},"o":{"a":0,"k":100,"ix":5},"r":1,"bm":0,"nm":"Fill 1","mn":"ADBE Vector Graphic - Fill","hd":false},{"ty":"tr","p":{"a":0,"k":[159.57,116.05],"ix":2},"a":{"a":0,"k":[0,0],"ix":1},"s":{"a":0,"k":[100,100],"ix":3},"r":{"a":0,"k":0,"ix":6},"o":{"a":0,"k":100,"ix":7},"sk":{"a":0,"k":0,"ix":4},"sa":{"a":0,"k":0,"ix":5},"nm":"Transform"}],"nm":"Group 1","np":2,"cix":2,"bm":0,"ix":1,"mn":"ADBE Vector Group","hd":false},{"ty":"gr","it":[{"ind":0,"ty":"sh","ix":1,"ks":{"a":1,"k":[{"i":{"x":0.833,"y":0.833},"o":{"x":0.167,"y":0.167},"t":42,"s":[{"i":[[11.697,9.707],[4.25,0.343],[5.496,-0.538],[7.174,0.451],[6.413,3.234],[5.928,3.018],[14.712,-7.706],[3.88,-13.85],[-11.748,-8.299],[-5.497,-19.993],[-21.772,6.252],[-7.761,1.509],[-8.461,0.054],[-1.832,17.731],[-1.455,8.515]],"o":[[-5.481,-4.294],[-4.25,-0.343],[-7.141,0.674],[-7.174,-0.451],[-5.981,-3.019],[-14.766,-7.545],[-12.772,6.629],[-3.88,13.85],[20.317,14.335],[5.874,21.557],[7.814,-2.263],[8.46,-1.67],[17.784,-0.107],[0.916,-8.622],[4.581,-26.407]],"v":[[74.667,-90.607],[60.69,-96.795],[46.69,-95.734],[25.019,-94.985],[4.439,-100.098],[-12.644,-110.607],[-60.499,-108.398],[-88.037,-76.764],[-75.858,-38.178],[-62.008,-0.024],[-9.949,31.61],[12.2,21.209],[37.852,24.227],[69.97,-12.419],[71.587,-38.286]],"c":true}]},{"i":{"x":0.833,"y":0.833},"o":{"x":0.167,"y":0.167},"t":44,"s":[{"i":[[11.697,9.707],[8.404,-0.405],[5.496,-0.538],[7.174,0.451],[6.413,3.233],[5.928,3.018],[14.712,-7.706],[3.88,-13.85],[-11.748,-8.299],[-5.497,-19.993],[-21.772,6.252],[-7.761,1.509],[-8.461,0.054],[-1.832,17.731],[-1.455,8.515]],"o":[[-5.481,-4.294],[-8.404,0.405],[-7.141,0.674],[-7.174,-0.451],[-5.981,-3.019],[-14.766,-7.545],[-12.772,6.629],[-3.88,13.85],[20.317,14.335],[5.874,21.557],[7.814,-2.263],[8.46,-1.67],[17.784,-0.107],[0.916,-8.622],[4.581,-26.407]],"v":[[118.898,-89.982],[96.612,-94.675],[74.303,-92.118],[52.632,-91.369],[32.052,-96.482],[14.969,-106.991],[-32.886,-104.782],[-60.424,-73.148],[-48.245,-34.562],[-34.395,3.592],[17.664,33.541],[39.813,23.14],[65.465,26.158],[95.337,-8.803],[96.954,-34.67]],"c":true}]},{"i":{"x":0.833,"y":0.833},"o":{"x":0.167,"y":0.167},"t":46,"s":[{"i":[[11.697,9.707],[12.558,-1.153],[5.496,-0.538],[7.174,0.451],[6.413,3.233],[5.928,3.018],[14.712,-7.706],[3.88,-13.85],[-11.748,-8.299],[-5.497,-19.993],[-21.772,6.252],[-7.761,1.509],[-8.461,0.054],[-1.832,17.731],[-1.455,8.515]],"o":[[-5.482,-4.294],[-12.559,1.153],[-7.141,0.674],[-7.174,-0.451],[-5.981,-3.019],[-14.766,-7.545],[-12.772,6.629],[-3.88,13.85],[20.317,14.335],[5.874,21.557],[7.814,-2.263],[8.46,-1.67],[17.784,-0.107],[0.916,-8.622],[4.581,-26.407]],"v":[[142.15,-92.053],[111.555,-95.25],[80.938,-91.197],[59.267,-90.448],[38.687,-95.561],[21.604,-106.07],[-26.251,-103.861],[-53.789,-72.227],[-41.61,-33.641],[-27.76,4.513],[24.299,35.248],[46.448,24.847],[72.1,27.865],[103.319,-8.781],[104.936,-34.648]],"c":true}]},{"i":{"x":0.833,"y":0.833},"o":{"x":0.167,"y":0.167},"t":47,"s":[{"i":[[11.598,-1.676],[13.676,-1.341],[15.953,8.049],[7.369,3.765],[18.302,-9.586],[4.826,-17.228],[-14.62,-10.316],[-6.838,-24.872],[-27.084,7.777],[-9.654,1.876],[-10.525,0.064],[-2.279,22.055],[-1.81,10.592],[-24.305,22.759],[3.955,-0.804]],"o":[[-13.609,2.011],[-17.765,1.676],[-7.441,-3.754],[-18.369,-9.385],[-15.888,8.246],[-4.827,17.23],[25.274,17.833],[7.307,26.816],[9.721,-2.815],[10.525,-2.079],[22.123,-0.134],[1.14,-10.727],[5.698,-32.849],[11.598,-10.86],[-11.598,2.212]],"v":[[102.431,-92.886],[61.537,-87.925],[8.978,-93.355],[-12.274,-106.428],[-71.805,-103.679],[-106.062,-64.327],[-90.911,-16.327],[-73.682,31.137],[-8.922,69.265],[19.856,60.819],[50.542,60.08],[89.681,15.719],[91.692,-16.461],[152.442,-93.958],[137.291,-98.651]],"c":true}]},{"t":48,"s":[{"i":[[13.84,-2],[16.32,-1.6],[19.04,9.6],[8.8,4.48],[21.84,-11.439],[5.76,-20.559],[-17.44,-12.32],[-8.16,-29.68],[-32.32,9.28],[-11.52,2.239],[-12.56,0.08],[-2.72,26.319],[-2.16,12.64],[-29.04,27.12],[4.72,-0.96]],"o":[[-16.24,2.4],[-21.2,2],[-8.88,-4.48],[-21.92,-11.199],[-18.96,9.84],[-5.76,20.561],[30.16,21.281],[8.72,32],[11.6,-3.359],[12.56,-2.481],[26.4,-0.16],[1.36,-12.801],[6.8,-39.2],[13.84,-12.96],[-13.84,2.64]],"v":[[90.52,-88.441],[41.72,-82.521],[-21,-89.001],[-46.36,-104.6],[-117.4,-101.32],[-158.28,-54.361],[-140.2,2.919],[-119.64,59.559],[-42.36,106.52],[-9.48,91.08],[28.6,95.559],[76.28,41.16],[78.68,2.759],[150.2,-89.721],[132.12,-95.32]],"c":true}]}],"ix":2},"nm":"Path 1","mn":"ADBE Vector Shape - Group","hd":false},{"ty":"fl","c":{"a":0,"k":[1,1,1,1],"ix":4},"o":{"a":0,"k":100,"ix":5},"r":1,"bm":0,"nm":"Fill 1","mn":"ADBE Vector Graphic - Fill","hd":false},{"ty":"tr","p":{"a":0,"k":[164.29,116.13],"ix":2},"a":{"a":0,"k":[0,0],"ix":1},"s":{"a":0,"k":[100,100],"ix":3},"r":{"a":0,"k":0,"ix":6},"o":{"a":0,"k":100,"ix":7},"sk":{"a":0,"k":0,"ix":4},"sa":{"a":0,"k":0,"ix":5},"nm":"Transform"}],"nm":"Group 2","np":2,"cix":2,"bm":0,"ix":2,"mn":"ADBE Vector Group","hd":false}],"ip":42,"op":48,"st":40,"bm":0},{"ddd":0,"ind":10,"ty":4,"nm":"smoke","sr":1,"ks":{"o":{"a":0,"k":100,"ix":11},"r":{"a":0,"k":0,"ix":10},"p":{"a":1,"k":[{"i":{"x":0.833,"y":0.833},"o":{"x":0.167,"y":0.167},"t":38,"s":[457,761.2,0],"to":[-16.667,0,0],"ti":[16.667,0,0]},{"t":56,"s":[357,761.2,0]}],"ix":2,"l":2},"a":{"a":0,"k":[310.29,20.089,0],"ix":1,"l":2},"s":{"a":1,"k":[{"i":{"x":[0.833,0.833,0.833],"y":[0.833,0.833,0.833]},"o":{"x":[0.167,0.167,0.167],"y":[0.167,0.167,0.167]},"t":36,"s":[0,0,100]},{"t":56,"s":[100,100,100]}],"ix":6,"l":2}},"ao":0,"shapes":[{"ty":"gr","it":[{"ind":0,"ty":"sh","ix":1,"ks":{"a":1,"k":[{"i":{"x":0.833,"y":0.833},"o":{"x":0.167,"y":0.167},"t":48,"s":[{"i":[[-5.76,20.561],[-18.88,9.84],[-21.92,-11.199],[-1.04,-0.641],[9.52,-0.88],[10.24,-9.441],[2.88,-4.639],[-3.44,-13.68],[-11.6,-1.76],[-13.36,-1.68],[3.2,-4.88],[3.44,-0.64],[4.48,-10.24],[0,-5.52],[-19.52,-6.64],[-11.76,6.08],[-5.6,2.72],[-6,-0.32],[-6.48,0.48],[-6.4,13.28],[-2.08,16.32],[-8.88,11.12],[-10.48,8.64],[-6.08,3.68],[-1.84,-0.88],[4.56,-4.24],[6.8,-39.2],[1.28,-12.72],[26.4,-0.16],[12.56,-2.48],[11.6,-3.36],[8.8,32],[30.24,21.28]],"o":[[5.76,-20.56],[21.84,-11.36],[1.04,0.56],[-9.2,-1.201],[-13.84,1.2],[-4,3.679],[-7.44,12],[2.72,10.72],[12.8,1.92],[5.76,0.72],[-1.92,2.881],[-10.96,2],[-2.24,5.04],[-0.08,20.64],[12.64,4.24],[5.6,-2.88],[5.52,-2.64],[6.48,0.32],[15.36,-1.2],[7.28,-15.2],[1.76,-14.081],[8.48,-10.64],[5.44,-4.48],[2.24,-1.36],[2.08,0.96],[-29.04,27.12],[-2.24,12.64],[-2.8,26.32],[-12.56,0.08],[-11.52,2.24],[-32.24,9.36],[-8.16,-29.68],[-17.2,-12.24]],"v":[[-153.56,-54.361],[-112.68,-101.32],[-41.64,-104.6],[-38.52,-102.759],[-66.44,-104.201],[-104.44,-88.839],[-114.68,-76.12],[-122.84,-35.641],[-99.08,-11.16],[-61.4,-19.4],[-52.68,-7.721],[-62.04,-3.8],[-87.24,16.199],[-90.44,32.279],[-56.76,79.559],[-18.04,76.279],[-3.64,64.999],[15.88,62.279],[35.24,63.239],[68.2,38.279],[74.76,-7.8],[92.28,-46.12],[121.56,-74.921],[139.32,-86.441],[157.24,-97.16],[154.68,-89.8],[83.16,2.68],[80.76,41.079],[33.08,95.479],[-5,90.999],[-37.88,106.439],[-115.16,59.479],[-135.72,2.84]],"c":true}]},{"t":56,"s":[{"i":[[-5.76,20.561],[-18.88,9.84],[-21.92,-11.199],[-1.04,-0.641],[9.52,-0.88],[10.24,-9.441],[2.88,-4.639],[-3.44,-13.68],[-11.6,-1.76],[-13.36,-1.68],[3.2,-4.88],[3.44,-0.64],[4.48,-10.24],[0,-5.52],[-19.52,-6.64],[-11.76,6.08],[-5.6,2.72],[-6,-0.32],[-6.48,0.48],[-6.4,13.28],[-2.08,16.32],[-8.88,11.12],[-10.48,8.64],[-6.08,3.68],[-1.84,-0.88],[4.56,-4.24],[6.8,-39.2],[1.28,-12.72],[26.4,-0.16],[12.56,-2.48],[11.6,-3.36],[8.8,32],[30.24,21.28]],"o":[[5.76,-20.56],[21.84,-11.36],[1.04,0.56],[-9.2,-1.201],[-13.84,1.2],[-4,3.679],[-7.44,12],[2.72,10.72],[12.8,1.92],[5.76,0.72],[-1.92,2.881],[-10.96,2],[-2.24,5.04],[-0.08,20.64],[12.64,4.24],[5.6,-2.88],[5.52,-2.64],[6.48,0.32],[15.36,-1.2],[7.28,-15.2],[1.76,-14.081],[8.48,-10.64],[5.44,-4.48],[2.24,-1.36],[2.08,0.96],[-29.04,27.12],[-2.24,12.64],[-2.8,26.32],[-12.56,0.08],[-11.52,2.24],[-32.24,9.36],[-8.16,-29.68],[-17.2,-12.24]],"v":[[-153.56,-54.361],[-112.68,-101.32],[-41.64,-104.6],[-38.52,-102.759],[-66.44,-104.201],[-104.44,-88.839],[-114.68,-76.12],[-122.84,-35.641],[-99.08,-11.16],[-61.4,-19.4],[-52.68,-7.721],[-62.04,-3.8],[-87.24,16.199],[-90.44,32.279],[-56.76,79.559],[-18.04,76.279],[-3.64,64.999],[15.88,62.279],[35.24,63.239],[68.2,38.279],[74.76,-7.8],[92.28,-46.12],[121.56,-74.921],[139.32,-86.441],[157.24,-97.16],[154.68,-89.8],[83.16,2.68],[80.76,41.079],[33.08,95.479],[-5,90.999],[-37.88,106.439],[-115.16,59.479],[-135.72,2.84]],"c":true}]}],"ix":2},"nm":"Path 1","mn":"ADBE Vector Shape - Group","hd":false},{"ty":"fl","c":{"a":0,"k":[0.573000021542,0.795999983245,0.922000002394,1],"ix":4},"o":{"a":0,"k":100,"ix":5},"r":1,"bm":0,"nm":"Fill 1","mn":"ADBE Vector Graphic - Fill","hd":false},{"ty":"tr","p":{"a":0,"k":[159.57,116.05],"ix":2},"a":{"a":0,"k":[0,0],"ix":1},"s":{"a":0,"k":[100,100],"ix":3},"r":{"a":0,"k":0,"ix":6},"o":{"a":0,"k":100,"ix":7},"sk":{"a":0,"k":0,"ix":4},"sa":{"a":0,"k":0,"ix":5},"nm":"Transform"}],"nm":"Group 1","np":2,"cix":2,"bm":0,"ix":1,"mn":"ADBE Vector Group","hd":false},{"ty":"gr","it":[{"ind":0,"ty":"sh","ix":1,"ks":{"a":1,"k":[{"i":{"x":0.833,"y":0.833},"o":{"x":0.167,"y":0.167},"t":48,"s":[{"i":[[13.84,-2],[16.32,-1.6],[19.04,9.6],[8.8,4.48],[21.84,-11.439],[5.76,-20.559],[-17.44,-12.32],[-8.16,-29.68],[-32.32,9.28],[-11.52,2.239],[-12.56,0.08],[-2.72,26.319],[-2.16,12.64],[-29.04,27.12],[4.72,-0.96]],"o":[[-16.24,2.4],[-21.2,2],[-8.88,-4.48],[-21.92,-11.199],[-18.96,9.84],[-5.76,20.561],[30.16,21.281],[8.72,32],[11.6,-3.359],[12.56,-2.481],[26.4,-0.16],[1.36,-12.801],[6.8,-39.2],[13.84,-12.96],[-13.84,2.64]],"v":[[90.52,-88.441],[41.72,-82.521],[-21,-89.001],[-46.36,-104.6],[-117.4,-101.32],[-158.28,-54.361],[-140.2,2.919],[-119.64,59.559],[-43.818,105.27],[-10.938,89.831],[27.142,94.31],[74.822,39.911],[78.68,2.759],[150.2,-89.721],[132.12,-95.32]],"c":true}]},{"t":56,"s":[{"i":[[13.84,-2],[16.32,-1.6],[19.04,9.6],[8.8,4.48],[21.84,-11.439],[5.76,-20.559],[-17.44,-12.32],[-8.16,-29.68],[-32.32,9.28],[-11.52,2.239],[-12.56,0.08],[-2.72,26.319],[-2.16,12.64],[-29.04,27.12],[4.72,-0.96]],"o":[[-16.24,2.4],[-21.2,2],[-8.88,-4.48],[-21.92,-11.199],[-18.96,9.84],[-5.76,20.561],[30.16,21.281],[8.72,32],[11.6,-3.359],[12.56,-2.481],[26.4,-0.16],[1.36,-12.801],[6.8,-39.2],[13.84,-12.96],[-13.84,2.64]],"v":[[90.52,-88.441],[41.72,-82.521],[-21,-89.001],[-46.36,-104.6],[-117.4,-101.32],[-158.28,-54.361],[-140.2,2.919],[-119.64,59.559],[-42.36,106.52],[-9.48,91.08],[28.6,95.559],[75.28,41.16],[77.68,2.759],[149.45,-89.721],[132.12,-95.32]],"c":true}]}],"ix":2},"nm":"Path 1","mn":"ADBE Vector Shape - Group","hd":false},{"ty":"fl","c":{"a":0,"k":[1,1,1,1],"ix":4},"o":{"a":0,"k":100,"ix":5},"r":1,"bm":0,"nm":"Fill 1","mn":"ADBE Vector Graphic - Fill","hd":false},{"ty":"tr","p":{"a":0,"k":[164.29,116.13],"ix":2},"a":{"a":0,"k":[0,0],"ix":1},"s":{"a":0,"k":[100,100],"ix":3},"r":{"a":0,"k":0,"ix":6},"o":{"a":0,"k":100,"ix":7},"sk":{"a":0,"k":0,"ix":4},"sa":{"a":0,"k":0,"ix":5},"nm":"Transform"}],"nm":"Group 2","np":2,"cix":2,"bm":0,"ix":2,"mn":"ADBE Vector Group","hd":false}],"ip":48,"op":58,"st":56,"bm":0},{"ddd":0,"ind":11,"ty":4,"nm":"eyes","parent":2,"sr":1,"ks":{"o":{"a":0,"k":100,"ix":11},"r":{"a":0,"k":0,"ix":10},"p":{"a":0,"k":[-4.393,-23.675,0],"ix":2,"l":2},"a":{"a":0,"k":[276.16,70.925,0],"ix":1,"l":2},"s":{"a":0,"k":[100,100,100],"ix":6,"l":2}},"ao":0,"shapes":[{"ty":"gr","it":[{"ind":0,"ty":"sh","ix":1,"ks":{"a":1,"k":[{"i":{"x":0,"y":1},"o":{"x":0.333,"y":0},"t":10,"s":[{"i":[[0,0],[0,-5.68],[-29.52,0],[0,47.04],[0.72,5.12]],"o":[[-0.72,5.12],[0,47.04],[29.52,0],[0,-5.68],[0,0]],"v":[[-55.2,-60.8],[-56.32,-14.64],[0,60.8],[56.32,-14.64],[55.2,-60.8]],"c":true}]},{"i":{"x":0,"y":1},"o":{"x":1,"y":0},"t":20,"s":[{"i":[[0,0],[0,-5.68],[-29.52,0],[0,47.04],[0.72,5.12]],"o":[[-0.72,5.12],[0,47.04],[29.52,0],[0,-5.68],[0,0]],"v":[[-55.2,-60.8],[-56.32,26.36],[0,101.8],[56.32,26.36],[55.2,-60.8]],"c":true}]},{"i":{"x":1,"y":1},"o":{"x":1,"y":0},"t":26,"s":[{"i":[[0,0],[0,-5.68],[-29.52,0],[0,47.04],[0.72,5.12]],"o":[[-0.72,5.12],[0,47.04],[29.52,0],[0,-5.68],[0,0]],"v":[[-55.2,-60.8],[-56.32,26.36],[0,101.8],[56.32,26.36],[55.2,-60.8]],"c":true}]},{"i":{"x":0.833,"y":1},"o":{"x":0.333,"y":0},"t":42,"s":[{"i":[[0,0],[0,-5.68],[-29.52,0],[0,47.04],[0.72,5.12]],"o":[[-0.72,5.12],[0,47.04],[29.52,0],[0,-5.68],[0,0]],"v":[[-55.2,-60.8],[-56.32,-46.64],[0,28.8],[56.32,-46.64],[55.2,-60.8]],"c":true}]},{"i":{"x":0.833,"y":1},"o":{"x":0.167,"y":0},"t":56,"s":[{"i":[[0,0],[0,-5.68],[-29.52,0],[0,47.04],[0.72,5.12]],"o":[[-0.72,5.12],[0,47.04],[29.52,0],[0,-5.68],[0,0]],"v":[[-55.2,-60.8],[-56.32,-44.64],[0,30.8],[56.32,-44.64],[55.2,-60.8]],"c":true}]},{"i":{"x":0.301,"y":1},"o":{"x":0.167,"y":0},"t":94,"s":[{"i":[[0,0],[0,-5.68],[-29.52,0],[0,47.04],[0.72,5.12]],"o":[[-0.72,5.12],[0,47.04],[29.52,0],[0,-5.68],[0,0]],"v":[[-55.2,-60.8],[-56.32,-44.64],[0,30.8],[56.32,-44.64],[55.2,-60.8]],"c":true}]},{"t":104,"s":[{"i":[[0,0],[0,-5.68],[-29.52,0],[0,47.04],[0.72,5.12]],"o":[[-0.72,5.12],[0,47.04],[29.52,0],[0,-5.68],[0,0]],"v":[[-55.2,-60.8],[-56.32,-14.64],[0,60.8],[56.32,-14.64],[55.2,-60.8]],"c":true}]}],"ix":2},"nm":"Path 1","mn":"ADBE Vector Shape - Group","hd":false},{"ty":"fl","c":{"a":0,"k":[0.258999992819,0.169000004787,0.051000000449,1],"ix":4},"o":{"a":0,"k":100,"ix":5},"r":1,"bm":0,"nm":"Fill 1","mn":"ADBE Vector Graphic - Fill","hd":false},{"ty":"tr","p":{"a":0,"k":[453.36,80.8],"ix":2},"a":{"a":0,"k":[0,0],"ix":1},"s":{"a":0,"k":[100,100],"ix":3},"r":{"a":0,"k":0,"ix":6},"o":{"a":0,"k":100,"ix":7},"sk":{"a":0,"k":0,"ix":4},"sa":{"a":0,"k":0,"ix":5},"nm":"Transform"}],"nm":"Group 1","np":2,"cix":2,"bm":0,"ix":1,"mn":"ADBE Vector Group","hd":false},{"ty":"gr","it":[{"ind":0,"ty":"sh","ix":1,"ks":{"a":1,"k":[{"i":{"x":0,"y":1},"o":{"x":0.333,"y":0},"t":10,"s":[{"i":[[0,0],[0,-4],[-29.52,0],[0,47.04],[0.4,3.68]],"o":[[-0.4,3.76],[0,47.04],[29.52,0],[0,-4],[0,0]],"v":[[-55.68,-58.48],[-56.32,-16.96],[0,58.48],[56.32,-16.96],[55.68,-58.48]],"c":true}]},{"i":{"x":0,"y":1},"o":{"x":1,"y":0},"t":20,"s":[{"i":[[0,0],[0,-4],[-29.52,0],[0,47.04],[0.4,3.68]],"o":[[-0.4,3.76],[0,47.04],[29.52,0],[0,-4],[0,0]],"v":[[-55.68,-58.48],[-56.32,24.04],[0,99.48],[56.32,24.04],[55.68,-58.48]],"c":true}]},{"i":{"x":1,"y":1},"o":{"x":1,"y":0},"t":26,"s":[{"i":[[0,0],[0,-4],[-29.52,0],[0,47.04],[0.4,3.68]],"o":[[-0.4,3.76],[0,47.04],[29.52,0],[0,-4],[0,0]],"v":[[-55.68,-58.48],[-56.32,24.04],[0,99.48],[56.32,24.04],[55.68,-58.48]],"c":true}]},{"i":{"x":0.833,"y":1},"o":{"x":0.333,"y":0},"t":42,"s":[{"i":[[0,0],[0,-4],[-29.52,0],[0,47.04],[0.4,3.68]],"o":[[-0.4,3.76],[0,47.04],[29.52,0],[0,-4],[0,0]],"v":[[-55.68,-58.48],[-56.32,-48.96],[0,26.48],[56.32,-48.96],[55.68,-58.48]],"c":true}]},{"i":{"x":0.833,"y":1},"o":{"x":0.167,"y":0},"t":56,"s":[{"i":[[0,0],[0,-4],[-29.52,0],[0,47.04],[0.4,3.68]],"o":[[-0.4,3.76],[0,47.04],[29.52,0],[0,-4],[0,0]],"v":[[-55.68,-58.48],[-56.32,-46.96],[0,28.48],[56.32,-46.96],[55.68,-58.48]],"c":true}]},{"i":{"x":0.301,"y":1},"o":{"x":0.167,"y":0},"t":94,"s":[{"i":[[0,0],[0,-4],[-29.52,0],[0,47.04],[0.4,3.68]],"o":[[-0.4,3.76],[0,47.04],[29.52,0],[0,-4],[0,0]],"v":[[-55.68,-58.48],[-56.32,-46.96],[0,28.48],[56.32,-46.96],[55.68,-58.48]],"c":true}]},{"t":104,"s":[{"i":[[0,0],[0,-4],[-29.52,0],[0,47.04],[0.4,3.68]],"o":[[-0.4,3.76],[0,47.04],[29.52,0],[0,-4],[0,0]],"v":[[-55.68,-58.48],[-56.32,-16.96],[0,58.48],[56.32,-16.96],[55.68,-58.48]],"c":true}]}],"ix":2},"nm":"Path 1","mn":"ADBE Vector Shape - Group","hd":false},{"ty":"fl","c":{"a":0,"k":[0.258999992819,0.169000004787,0.051000000449,1],"ix":4},"o":{"a":0,"k":100,"ix":5},"r":1,"bm":0,"nm":"Fill 1","mn":"ADBE Vector Graphic - Fill","hd":false},{"ty":"tr","p":{"a":0,"k":[105.04,83.04],"ix":2},"a":{"a":0,"k":[0,0],"ix":1},"s":{"a":0,"k":[100,100],"ix":3},"r":{"a":0,"k":0,"ix":6},"o":{"a":0,"k":100,"ix":7},"sk":{"a":0,"k":0,"ix":4},"sa":{"a":0,"k":0,"ix":5},"nm":"Transform"}],"nm":"Group 2","np":2,"cix":2,"bm":0,"ix":2,"mn":"ADBE Vector Group","hd":false},{"ty":"gr","it":[{"ind":0,"ty":"sh","ix":1,"ks":{"a":0,"k":{"i":[[0,0],[0,0]],"o":[[0,0],[0,0]],"v":[[20,20],[186.32,20]],"c":false},"ix":2},"nm":"Path 1","mn":"ADBE Vector Shape - Group","hd":false},{"ty":"st","c":{"a":0,"k":[0.258999992819,0.169000004787,0.051000000449,1],"ix":3},"o":{"a":0,"k":100,"ix":4},"w":{"a":0,"k":40,"ix":5},"lc":2,"lj":1,"ml":10,"bm":0,"nm":"Stroke 1","mn":"ADBE Vector Graphic - Stroke","hd":false},{"ty":"tr","p":{"a":0,"k":[0,0],"ix":2},"a":{"a":0,"k":[0,0],"ix":1},"s":{"a":0,"k":[100,100],"ix":3},"r":{"a":0,"k":0,"ix":6},"o":{"a":0,"k":100,"ix":7},"sk":{"a":0,"k":0,"ix":4},"sa":{"a":0,"k":0,"ix":5},"nm":"Transform"}],"nm":"Group 3","np":2,"cix":2,"bm":0,"ix":3,"mn":"ADBE Vector Group","hd":false},{"ty":"gr","it":[{"ind":0,"ty":"sh","ix":1,"ks":{"a":0,"k":{"i":[[0,0],[0,0]],"o":[[0,0],[0,0]],"v":[[366,20],[532.32,20]],"c":false},"ix":2},"nm":"Path 1","mn":"ADBE Vector Shape - Group","hd":false},{"ty":"st","c":{"a":0,"k":[0.258999992819,0.169000004787,0.051000000449,1],"ix":3},"o":{"a":0,"k":100,"ix":4},"w":{"a":0,"k":40,"ix":5},"lc":2,"lj":1,"ml":10,"bm":0,"nm":"Stroke 1","mn":"ADBE Vector Graphic - Stroke","hd":false},{"ty":"tr","p":{"a":0,"k":[0,0],"ix":2},"a":{"a":0,"k":[0,0],"ix":1},"s":{"a":0,"k":[100,100],"ix":3},"r":{"a":0,"k":0,"ix":6},"o":{"a":0,"k":100,"ix":7},"sk":{"a":0,"k":0,"ix":4},"sa":{"a":0,"k":0,"ix":5},"nm":"Transform"}],"nm":"Group 4","np":2,"cix":2,"bm":0,"ix":4,"mn":"ADBE Vector Group","hd":false}],"ip":0,"op":150,"st":0,"bm":0},{"ddd":0,"ind":12,"ty":4,"nm":"eyesbrown","parent":2,"sr":1,"ks":{"o":{"a":0,"k":100,"ix":11},"r":{"a":0,"k":0,"ix":10},"p":{"a":1,"k":[{"i":{"x":0.833,"y":1},"o":{"x":1,"y":0},"t":12,"s":[4.753,-212.08,0],"to":[0,-1.667,0],"ti":[0,1.667,0]},{"i":{"x":0.667,"y":0.667},"o":{"x":1,"y":1},"t":24,"s":[4.753,-222.08,0],"to":[0,0,0],"ti":[0,0,0]},{"i":{"x":1,"y":1},"o":{"x":1,"y":0},"t":30,"s":[4.753,-222.08,0],"to":[-3,3,0],"ti":[1.833,1.167,0]},{"i":{"x":0.366,"y":1},"o":{"x":0.333,"y":0},"t":42,"s":[-13.247,-204.08,0],"to":[-1.833,-1.167,0],"ti":[-1.667,4.333,0]},{"i":{"x":0.667,"y":1},"o":{"x":0.333,"y":0},"t":56,"s":[-6.247,-229.08,0],"to":[0,0,0],"ti":[0,0,0]},{"i":{"x":0.667,"y":1},"o":{"x":0.333,"y":0},"t":78,"s":[-3.247,-226.08,0],"to":[0,0,0],"ti":[0,0,0]},{"i":{"x":0.07,"y":1},"o":{"x":0.45,"y":0},"t":94,"s":[-3.247,-230.08,0],"to":[1.333,3,0],"ti":[-1.333,-3,0]},{"i":{"x":0.07,"y":1},"o":{"x":0.167,"y":0},"t":106,"s":[4.753,-222.08,0],"to":[1.333,3,0],"ti":[0,-1.667,0]},{"t":120,"s":[4.753,-212.08,0]}],"ix":2,"l":2},"a":{"a":0,"k":[238.65,52.37,0],"ix":1,"l":2},"s":{"a":0,"k":[100,100,100],"ix":6,"l":2}},"ao":0,"shapes":[{"ty":"gr","it":[{"ind":0,"ty":"sh","ix":1,"ks":{"a":0,"k":{"i":[[31.6,27.52],[13.12,-10.64],[-8,-8.08],[-40.72,11.84],[2.56,7.76],[7.2,-1.12]],"o":[[0,0],[-7.28,5.92],[32,40.16],[7.76,-2.48],[-2.24,-6.88],[-52.72,-5.84]],"v":[[-49.32,-41.28],[-77.32,-39.2],[-80.28,-14.08],[76.28,38],[85.72,19.44],[69.48,9.44]],"c":true},"ix":2},"nm":"Path 1","mn":"ADBE Vector Shape - Group","hd":false},{"ty":"fl","c":{"a":0,"k":[0.258999992819,0.169000004787,0.051000000449,1],"ix":4},"o":{"a":0,"k":100,"ix":5},"r":1,"bm":0,"nm":"Fill 1","mn":"ADBE Vector Graphic - Fill","hd":false},{"ty":"tr","p":{"a":0,"k":[388.77,50.09],"ix":2},"a":{"a":0,"k":[0,0],"ix":1},"s":{"a":0,"k":[100,100],"ix":3},"r":{"a":0,"k":0,"ix":6},"o":{"a":0,"k":100,"ix":7},"sk":{"a":0,"k":0,"ix":4},"sa":{"a":0,"k":0,"ix":5},"nm":"Transform"}],"nm":"Group 1","np":2,"cix":2,"bm":0,"ix":1,"mn":"ADBE Vector Group","hd":false},{"ty":"gr","it":[{"ind":0,"ty":"sh","ix":1,"ks":{"a":0,"k":{"i":[[-31.6,27.52],[-13.12,-10.64],[8,-8.08],[40.72,11.84],[-2.56,7.76],[-7.2,-1.12]],"o":[[0,0],[7.28,5.92],[-32,40.16],[-7.76,-2.48],[2.24,-6.88],[52.72,-5.84]],"v":[[49.32,-41.28],[77.32,-39.2],[80.28,-14.08],[-76.28,38],[-85.72,19.44],[-69.48,9.44]],"c":true},"ix":2},"nm":"Path 1","mn":"ADBE Vector Shape - Group","hd":false},{"ty":"fl","c":{"a":0,"k":[0.258999992819,0.169000004787,0.051000000449,1],"ix":4},"o":{"a":0,"k":100,"ix":5},"r":1,"bm":0,"nm":"Fill 1","mn":"ADBE Vector Graphic - Fill","hd":false},{"ty":"tr","p":{"a":0,"k":[88.53,54.65],"ix":2},"a":{"a":0,"k":[0,0],"ix":1},"s":{"a":0,"k":[100,100],"ix":3},"r":{"a":0,"k":0,"ix":6},"o":{"a":0,"k":100,"ix":7},"sk":{"a":0,"k":0,"ix":4},"sa":{"a":0,"k":0,"ix":5},"nm":"Transform"}],"nm":"Group 2","np":2,"cix":2,"bm":0,"ix":2,"mn":"ADBE Vector Group","hd":false}],"ip":0,"op":150,"st":0,"bm":0},{"ddd":0,"ind":13,"ty":4,"nm":"mouth mask","parent":2,"td":1,"sr":1,"ks":{"o":{"a":0,"k":100,"ix":11},"r":{"a":0,"k":0,"ix":10},"p":{"a":0,"k":[-4.663,207.16,0],"ix":2,"l":2},"a":{"a":0,"k":[122.651,80.812,0],"ix":1,"l":2},"s":{"a":0,"k":[100,100,100],"ix":6,"l":2}},"ao":0,"shapes":[{"ty":"gr","it":[{"ind":0,"ty":"sh","ix":1,"ks":{"a":1,"k":[{"i":{"x":0,"y":1},"o":{"x":0.333,"y":0},"t":10,"s":[{"i":[[1.091,-31.536],[0,0],[-50.38,2.481],[30.849,29.432],[66.786,-3.396]],"o":[[-0.967,28.326],[0,0],[29.624,-1.426],[-18.619,-17.798],[-51.577,2.623]],"v":[[-130.434,24.276],[-109.175,54.515],[101.776,53.081],[93.627,-19.239],[-21.27,-52.166]],"c":true}]},{"i":{"x":0,"y":1},"o":{"x":1,"y":0},"t":20,"s":[{"i":[[-1.311,-78.774],[-19.434,-7.615],[-46.835,18.987],[21.033,81.013],[73.06,-0.107]],"o":[[1.19,70.756],[19.434,7.615],[30.38,-12.658],[-19.616,-58.228],[-79.043,-0.107]],"v":[[-138.09,96.14],[-103.371,178.398],[96.087,173.355],[102.416,6.266],[-17.837,-111.455]],"c":true}]},{"i":{"x":1,"y":1},"o":{"x":1,"y":0},"t":26,"s":[{"i":[[-1.311,-78.774],[-19.434,-7.615],[-46.835,18.987],[21.033,81.013],[73.06,-0.107]],"o":[[1.19,70.756],[19.434,7.615],[30.38,-12.658],[-19.616,-58.228],[-79.043,-0.107]],"v":[[-138.09,96.14],[-103.371,178.398],[96.087,173.355],[102.416,6.266],[-17.837,-111.455]],"c":true}]},{"i":{"x":0.667,"y":1},"o":{"x":0.631,"y":0},"t":42,"s":[{"i":[[3.176,-26.558],[0,0],[-59.536,-0.068],[34.599,26.153],[78.931,0]],"o":[[-2.838,23.854],[0,0],[35.005,0.067],[-20.882,-15.812],[-60.955,0]],"v":[[-160.563,40.244],[-137.316,66.667],[111.438,74.506],[106.167,13.145],[-27.299,-19.562]],"c":true}]},{"i":{"x":0.667,"y":1},"o":{"x":0.333,"y":0},"t":56,"s":[{"i":[[3.76,-31.44],[0,0],[-70.48,-0.08],[40.96,30.96],[93.44,0]],"o":[[-3.36,28.24],[0,0],[41.44,0.08],[-24.72,-18.72],[-72.16,0]],"v":[[-183.691,33.268],[-156.171,64.548],[138.309,73.828],[132.069,1.188],[-25.931,-37.532]],"c":true}]},{"i":{"x":0.667,"y":1},"o":{"x":0.333,"y":0},"t":76,"s":[{"i":[[3.176,-26.558],[0,0],[-59.536,-0.068],[34.599,26.153],[78.931,0]],"o":[[-2.838,23.854],[0,0],[35.005,0.067],[-20.882,-15.812],[-60.955,0]],"v":[[-181.563,30.244],[-158.316,56.667],[143.438,65.506],[138.167,4.145],[-31.299,-31.562]],"c":true}]},{"i":{"x":0.07,"y":1},"o":{"x":0.45,"y":0},"t":94,"s":[{"i":[[2.225,-32.904],[0,0],[-59.536,-0.068],[34.187,26.689],[78.931,0]],"o":[[-1.621,23.967],[0,0],[35.005,0.067],[-46.504,-36.305],[-60.955,0]],"v":[[-181.563,35.244],[-158.316,63.667],[143.437,72.506],[138.166,4.145],[-31.299,-37.562]],"c":true}]},{"t":104,"s":[{"i":[[1.091,-31.536],[0,0],[-50.38,2.481],[30.849,29.432],[66.786,-3.396]],"o":[[-0.967,28.326],[0,0],[29.624,-1.426],[-18.619,-17.798],[-51.577,2.623]],"v":[[-130.434,24.276],[-109.175,54.515],[101.776,53.081],[93.627,-19.239],[-21.27,-52.166]],"c":true}]}],"ix":2},"nm":"Path 1","mn":"ADBE Vector Shape - Group","hd":false},{"ty":"fl","c":{"a":0,"k":[0.258999992819,0.169000004787,0.051000000449,1],"ix":4},"o":{"a":0,"k":100,"ix":5},"r":1,"bm":0,"nm":"Fill 1","mn":"ADBE Vector Graphic - Fill","hd":false},{"ty":"tr","p":{"a":0,"k":[131.651,55.812],"ix":2},"a":{"a":0,"k":[0,0],"ix":1},"s":{"a":0,"k":[100,100],"ix":3},"r":{"a":0,"k":0,"ix":6},"o":{"a":0,"k":100,"ix":7},"sk":{"a":0,"k":0,"ix":4},"sa":{"a":0,"k":0,"ix":5},"nm":"Transform"}],"nm":"Group 1","np":2,"cix":2,"bm":0,"ix":1,"mn":"ADBE Vector Group","hd":false}],"ip":0,"op":150,"st":0,"bm":0},{"ddd":0,"ind":14,"ty":4,"nm":"TONGUE","parent":2,"tt":1,"sr":1,"ks":{"o":{"a":0,"k":100,"ix":11},"r":{"a":0,"k":0,"ix":10},"p":{"a":1,"k":[{"i":{"x":0.667,"y":1},"o":{"x":0.333,"y":0},"t":32,"s":[-7.595,316.431,0],"to":[0,0,0],"ti":[0,0,0]},{"i":{"x":0.667,"y":1},"o":{"x":0.333,"y":0},"t":42,"s":[-0.595,264.431,0],"to":[0,0,0],"ti":[0,0,0]},{"i":{"x":0.667,"y":0.667},"o":{"x":0.333,"y":0.333},"t":56,"s":[-0.595,260.431,0],"to":[0,0,0],"ti":[0,0,0]},{"t":94,"s":[-0.595,260.431,0]}],"ix":2,"l":2},"a":{"a":0,"k":[110.377,56.805,0],"ix":1,"l":2},"s":{"a":0,"k":[100,100,100],"ix":6,"l":2}},"ao":0,"shapes":[{"ty":"gr","it":[{"ind":0,"ty":"sh","ix":1,"ks":{"a":1,"k":[{"i":{"x":0.667,"y":1},"o":{"x":0.333,"y":0},"t":32,"s":[{"i":[[40.068,6.866],[-49.367,30.38],[-8.86,-37.975],[19.724,-2.835]],"o":[[-30.109,-5.159],[49.367,-30.38],[8.861,37.975],[-23.981,3.448]],"v":[[-73.695,49.689],[-60.76,-26.175],[101.266,9.268],[65.464,49.969]],"c":true}]},{"i":{"x":0.667,"y":1},"o":{"x":0.333,"y":0},"t":42,"s":[{"i":[[40.068,6.866],[-89.397,41.876],[-8.86,-37.975],[19.724,-2.835]],"o":[[-30.109,-5.159],[61.208,-28.672],[8.861,37.975],[-23.981,3.448]],"v":[[-73.695,49.689],[-62.759,-28.175],[117.266,11.268],[65.465,49.969]],"c":true}]},{"i":{"x":0.833,"y":1},"o":{"x":0.333,"y":0},"t":56,"s":[{"i":[[40.068,6.866],[-89.397,41.876],[-8.86,-37.975],[19.724,-2.835]],"o":[[-30.109,-5.159],[61.208,-28.672],[8.861,37.975],[-23.981,3.448]],"v":[[-73.695,49.689],[-62.759,-28.175],[117.266,11.268],[65.465,49.969]],"c":true}]},{"i":{"x":0.833,"y":1},"o":{"x":0.167,"y":0},"t":94,"s":[{"i":[[40.068,6.866],[-89.397,41.876],[-8.86,-37.975],[19.724,-2.835]],"o":[[-30.109,-5.159],[61.208,-28.672],[8.861,37.975],[-23.981,3.448]],"v":[[-73.695,49.689],[-62.759,-28.175],[117.266,11.268],[65.465,49.969]],"c":true}]},{"t":104,"s":[{"i":[[40.068,6.866],[-89.397,41.876],[-8.86,-37.975],[19.724,-2.835]],"o":[[-30.109,-5.159],[61.208,-28.672],[8.861,37.975],[-23.981,3.448]],"v":[[-73.695,73.689],[-62.759,-4.175],[117.266,35.268],[65.465,73.969]],"c":true}]}],"ix":2},"nm":"Path 1","mn":"ADBE Vector Shape - Group","hd":false},{"ty":"fl","c":{"a":0,"k":[0.957000014361,0.560999971278,0.694000004787,1],"ix":4},"o":{"a":0,"k":100,"ix":5},"r":1,"bm":0,"nm":"Fill 1","mn":"ADBE Vector Graphic - Fill","hd":false},{"ty":"tr","p":{"a":0,"k":[110.376,56.805],"ix":2},"a":{"a":0,"k":[0,0],"ix":1},"s":{"a":0,"k":[100,100],"ix":3},"r":{"a":0,"k":0,"ix":6},"o":{"a":0,"k":100,"ix":7},"sk":{"a":0,"k":0,"ix":4},"sa":{"a":0,"k":0,"ix":5},"nm":"Transform"}],"nm":"Group 1","np":2,"cix":2,"bm":0,"ix":1,"mn":"ADBE Vector Group","hd":false}],"ip":0,"op":106,"st":0,"bm":0},{"ddd":0,"ind":15,"ty":4,"nm":"mouth","parent":2,"sr":1,"ks":{"o":{"a":0,"k":100,"ix":11},"r":{"a":0,"k":0,"ix":10},"p":{"a":0,"k":[-4.663,206.66,0],"ix":2,"l":2},"a":{"a":0,"k":[122.651,80.812,0],"ix":1,"l":2},"s":{"a":0,"k":[100,100,100],"ix":6,"l":2}},"ao":0,"shapes":[{"ty":"gr","it":[{"ind":0,"ty":"sh","ix":1,"ks":{"a":1,"k":[{"i":{"x":0,"y":1},"o":{"x":0.333,"y":0},"t":10,"s":[{"i":[[1.091,-31.536],[0,0],[-50.38,2.481],[30.849,29.432],[66.786,-3.396]],"o":[[-0.967,28.326],[0,0],[29.624,-1.426],[-18.619,-17.798],[-51.577,2.623]],"v":[[-130.434,24.276],[-109.175,54.515],[101.776,53.081],[93.627,-19.239],[-21.27,-52.166]],"c":true}]},{"i":{"x":0,"y":1},"o":{"x":1,"y":0},"t":20,"s":[{"i":[[-1.311,-78.774],[-19.434,-7.615],[-46.835,18.987],[21.033,81.013],[73.06,-0.107]],"o":[[1.19,70.756],[19.434,7.615],[30.38,-12.658],[-19.616,-58.228],[-79.043,-0.107]],"v":[[-138.09,96.14],[-103.371,178.398],[96.087,173.355],[102.416,6.266],[-17.837,-111.455]],"c":true}]},{"i":{"x":1,"y":1},"o":{"x":1,"y":0},"t":26,"s":[{"i":[[-1.311,-78.774],[-19.434,-7.615],[-46.835,18.987],[21.033,81.013],[73.06,-0.107]],"o":[[1.19,70.756],[19.434,7.615],[30.38,-12.658],[-19.616,-58.228],[-79.043,-0.107]],"v":[[-138.09,96.14],[-103.371,178.398],[96.087,173.355],[102.416,6.266],[-17.837,-111.455]],"c":true}]},{"i":{"x":0.667,"y":1},"o":{"x":0.631,"y":0},"t":42,"s":[{"i":[[3.176,-26.558],[0,0],[-59.536,-0.068],[34.599,26.153],[78.931,0]],"o":[[-2.838,23.854],[0,0],[35.005,0.067],[-20.882,-15.812],[-60.955,0]],"v":[[-160.563,40.244],[-137.316,66.667],[111.438,74.506],[106.167,13.145],[-27.299,-19.562]],"c":true}]},{"i":{"x":0.667,"y":1},"o":{"x":0.333,"y":0},"t":56,"s":[{"i":[[3.76,-31.44],[0,0],[-70.48,-0.08],[40.96,30.96],[93.44,0]],"o":[[-3.36,28.24],[0,0],[41.44,0.08],[-24.72,-18.72],[-72.16,0]],"v":[[-183.691,33.268],[-156.171,64.548],[138.309,73.828],[132.069,1.188],[-25.931,-37.532]],"c":true}]},{"i":{"x":0.667,"y":1},"o":{"x":0.333,"y":0},"t":76,"s":[{"i":[[3.176,-26.558],[0,0],[-59.536,-0.068],[34.599,26.153],[78.931,0]],"o":[[-2.838,23.854],[0,0],[35.005,0.067],[-20.882,-15.812],[-60.955,0]],"v":[[-181.563,30.244],[-158.316,56.667],[143.438,65.506],[138.167,4.145],[-31.299,-31.562]],"c":true}]},{"i":{"x":0.07,"y":1},"o":{"x":0.45,"y":0},"t":94,"s":[{"i":[[2.225,-32.904],[0,0],[-59.536,-0.068],[34.187,26.689],[78.931,0]],"o":[[-1.621,23.967],[0,0],[35.005,0.067],[-46.504,-36.305],[-60.955,0]],"v":[[-181.563,35.244],[-158.316,63.667],[143.437,72.506],[138.166,4.145],[-31.299,-37.562]],"c":true}]},{"t":104,"s":[{"i":[[1.091,-31.536],[0,0],[-50.38,2.481],[30.849,29.432],[66.786,-3.396]],"o":[[-0.967,28.326],[0,0],[29.624,-1.426],[-18.619,-17.798],[-51.577,2.623]],"v":[[-130.434,24.276],[-109.175,54.515],[101.776,53.081],[93.627,-19.239],[-21.27,-52.166]],"c":true}]}],"ix":2},"nm":"Path 1","mn":"ADBE Vector Shape - Group","hd":false},{"ty":"fl","c":{"a":0,"k":[0.258999992819,0.169000004787,0.051000000449,1],"ix":4},"o":{"a":0,"k":100,"ix":5},"r":1,"bm":0,"nm":"Fill 1","mn":"ADBE Vector Graphic - Fill","hd":false},{"ty":"tr","p":{"a":0,"k":[131.651,55.812],"ix":2},"a":{"a":0,"k":[0,0],"ix":1},"s":{"a":0,"k":[100,100],"ix":3},"r":{"a":0,"k":0,"ix":6},"o":{"a":0,"k":100,"ix":7},"sk":{"a":0,"k":0,"ix":4},"sa":{"a":0,"k":0,"ix":5},"nm":"Transform"}],"nm":"Group 1","np":2,"cix":2,"bm":0,"ix":1,"mn":"ADBE Vector Group","hd":false}],"ip":0,"op":150,"st":0,"bm":0},{"ddd":0,"ind":16,"ty":4,"nm":"mouth shadow","parent":2,"sr":1,"ks":{"o":{"a":0,"k":100,"ix":11},"r":{"a":0,"k":0,"ix":10},"p":{"a":1,"k":[{"i":{"x":0,"y":1},"o":{"x":0.333,"y":0},"t":10,"s":[-5,298.026,0],"to":[0,0,0],"ti":[0,0,0]},{"i":{"x":0,"y":0},"o":{"x":1,"y":1},"t":20,"s":[-5,418.026,0],"to":[0,0,0],"ti":[0,0,0]},{"i":{"x":1,"y":1},"o":{"x":1,"y":0},"t":26,"s":[-5,418.026,0],"to":[0,0,0],"ti":[0,0,0]},{"i":{"x":0.664,"y":0.565},"o":{"x":0.283,"y":0},"t":42,"s":[-5,306.026,0],"to":[0,0,0],"ti":[0,0,0]},{"i":{"x":0.687,"y":1},"o":{"x":0.339,"y":0.307},"t":60,"s":[-5,300.304,0],"to":[0,0,0],"ti":[0,0,0]},{"i":{"x":0.802,"y":1},"o":{"x":0.562,"y":0},"t":76,"s":[-5,293.026,0],"to":[0,0,0],"ti":[0,0,0]},{"i":{"x":0.538,"y":1},"o":{"x":0.551,"y":0},"t":94,"s":[-5,299.026,0],"to":[0,0,0],"ti":[0,0,0]},{"t":104,"s":[-5,298.026,0]}],"ix":2,"l":2},"a":{"a":0,"k":[81.01,12.81,0],"ix":1,"l":2},"s":{"a":0,"k":[100,100,100],"ix":6,"l":2}},"ao":0,"shapes":[{"ty":"gr","it":[{"ind":0,"ty":"sh","ix":1,"ks":{"a":0,"k":{"i":[[0,0],[13.2,-0.721],[12.56,0.56],[12.8,1.519],[15.6,3.04],[0,0],[-13.68,1.68],[-13.76,-0.48],[-13.44,-2.64],[-12.8,-5.12]],"o":[[-15.68,3.52],[-13.12,0.56],[-12.56,-0.561],[-12.96,-1.68],[0,0],[12.72,-5.52],[13.68,-1.76],[13.76,0.72],[13.52,2.64],[0,0]],"v":[[79.88,6.88],[37.64,12],[-0.68,11.92],[-38.6,8.8],[-79.88,2.319],[-80.76,0.08],[-40.84,-10.24],[0.36,-12.08],[41.24,-6.96],[80.76,4.56]],"c":true},"ix":2},"nm":"Path 1","mn":"ADBE Vector Shape - Group","hd":false},{"ty":"fl","c":{"a":0,"k":[0.922000002394,0.560999971278,0,1],"ix":4},"o":{"a":0,"k":100,"ix":5},"r":1,"bm":0,"nm":"Fill 1","mn":"ADBE Vector Graphic - Fill","hd":false},{"ty":"tr","p":{"a":0,"k":[81.01,12.81],"ix":2},"a":{"a":0,"k":[0,0],"ix":1},"s":{"a":0,"k":[100,100],"ix":3},"r":{"a":0,"k":0,"ix":6},"o":{"a":0,"k":100,"ix":7},"sk":{"a":0,"k":0,"ix":4},"sa":{"a":0,"k":0,"ix":5},"nm":"Transform"}],"nm":"Group 1","np":2,"cix":2,"bm":0,"ix":1,"mn":"ADBE Vector Group","hd":false}],"ip":0,"op":150,"st":0,"bm":0},{"ddd":0,"ind":17,"ty":4,"nm":"base matte","parent":19,"td":1,"sr":1,"ks":{"o":{"a":0,"k":100,"ix":11},"r":{"a":0,"k":0,"ix":10},"p":{"a":0,"k":[-2,-3,0],"ix":2,"l":2},"a":{"a":0,"k":[0,0,0],"ix":1,"l":2},"s":{"a":0,"k":[100,100,100],"ix":6,"l":2}},"ao":0,"shapes":[{"ty":"gr","it":[{"ind":0,"ty":"sh","ix":1,"ks":{"a":0,"k":{"i":[[15.4,0],[0,38.4],[-27.9,0],[-10.6,-9.3],[0,-16.9],[11.5,-10.2]],"o":[[-27.9,0],[0,-38.4],[15.5,0],[11.5,10.2],[0,16.9],[-10.6,9.3]],"v":[[0,55.9],[-58,0],[0,-55.9],[40.4,-41.5],[58,0],[40.4,41.4]],"c":true},"ix":2},"nm":"Path 1","mn":"ADBE Vector Shape - Group","hd":false},{"ty":"gf","o":{"a":0,"k":100,"ix":10},"r":1,"bm":0,"g":{"p":5,"k":{"a":0,"k":[0.48,0.992,0.878,0.188,0.691,0.98,0.816,0.178,0.902,0.969,0.753,0.169,0.966,0.963,0.694,0.153,1,0.957,0.635,0.137],"ix":9}},"s":{"a":0,"k":[0,0],"ix":5},"e":{"a":0,"k":[56.225,0],"ix":6},"t":2,"h":{"a":0,"k":0,"ix":7},"a":{"a":0,"k":0,"ix":8},"nm":"Gradient Fill 1","mn":"ADBE Vector Graphic - G-Fill","hd":false},{"ty":"tr","p":{"a":0,"k":[0,0],"ix":2},"a":{"a":0,"k":[0,0],"ix":1},"s":{"a":0,"k":[100,100],"ix":3},"r":{"a":0,"k":0,"ix":6},"o":{"a":0,"k":100,"ix":7},"sk":{"a":0,"k":0,"ix":4},"sa":{"a":0,"k":0,"ix":5},"nm":"Transform"}],"nm":"Group 1","np":2,"cix":2,"bm":0,"ix":1,"mn":"ADBE Vector Group","hd":false}],"ip":0,"op":150,"st":0,"bm":0},{"ddd":0,"ind":18,"ty":4,"nm":"base shadow","parent":19,"tt":2,"sr":1,"ks":{"o":{"a":0,"k":100,"ix":11},"r":{"a":0,"k":0,"ix":10},"p":{"a":0,"k":[0,0,0],"ix":2,"l":2},"a":{"a":0,"k":[0,0,0],"ix":1,"l":2},"s":{"a":0,"k":[100,100,100],"ix":6,"l":2}},"ao":0,"shapes":[{"ty":"gr","it":[{"ind":0,"ty":"sh","ix":1,"ks":{"a":0,"k":{"i":[[15.4,0],[0,38.4],[-27.9,0],[-10.6,-9.3],[0,-16.9],[11.5,-10.2]],"o":[[-27.9,0],[0,-38.4],[15.5,0],[11.5,10.2],[0,16.9],[-10.6,9.3]],"v":[[0,55.9],[-58,0],[0,-55.9],[40.4,-41.5],[58,0],[40.4,41.4]],"c":true},"ix":2},"nm":"Path 1","mn":"ADBE Vector Shape - Group","hd":false},{"ty":"fl","c":{"a":0,"k":[0.921568627451,0.560784313725,0,1],"ix":4},"o":{"a":0,"k":100,"ix":5},"r":1,"bm":0,"nm":"Fill 1","mn":"ADBE Vector Graphic - Fill","hd":false},{"ty":"tr","p":{"a":0,"k":[0,0],"ix":2},"a":{"a":0,"k":[0,0],"ix":1},"s":{"a":0,"k":[100,100],"ix":3},"r":{"a":0,"k":0,"ix":6},"o":{"a":0,"k":100,"ix":7},"sk":{"a":0,"k":0,"ix":4},"sa":{"a":0,"k":0,"ix":5},"nm":"Transform"}],"nm":"Group 1","np":2,"cix":2,"bm":0,"ix":1,"mn":"ADBE Vector Group","hd":false}],"ip":0,"op":150,"st":0,"bm":0},{"ddd":0,"ind":19,"ty":4,"nm":"base normal","parent":1,"sr":1,"ks":{"o":{"a":0,"k":100,"ix":11},"r":{"a":0,"k":0,"ix":10},"p":{"a":0,"k":[0,0,0],"ix":2,"l":2},"a":{"a":0,"k":[0,0,0],"ix":1,"l":2},"s":{"a":0,"k":[800,800,100],"ix":6,"l":2}},"ao":0,"shapes":[{"ty":"gr","it":[{"ind":0,"ty":"sh","ix":1,"ks":{"a":0,"k":{"i":[[15.4,0],[0,38.4],[-27.9,0],[-10.6,-9.3],[0,-16.9],[11.5,-10.2]],"o":[[-27.9,0],[0,-38.4],[15.5,0],[11.5,10.2],[0,16.9],[-10.6,9.3]],"v":[[0,55.9],[-58,0],[0,-55.9],[40.4,-41.5],[58,0],[40.4,41.4]],"c":true},"ix":2},"nm":"Path 1","mn":"ADBE Vector Shape - Group","hd":false},{"ty":"gf","o":{"a":0,"k":100,"ix":10},"r":1,"bm":0,"g":{"p":5,"k":{"a":0,"k":[0.48,0.992,0.878,0.188,0.691,0.98,0.816,0.178,0.902,0.969,0.753,0.169,0.966,0.963,0.694,0.153,1,0.957,0.635,0.137],"ix":9}},"s":{"a":0,"k":[0,0],"ix":5},"e":{"a":0,"k":[56.225,0],"ix":6},"t":2,"h":{"a":0,"k":0,"ix":7},"a":{"a":0,"k":0,"ix":8},"nm":"Gradient Fill 1","mn":"ADBE Vector Graphic - G-Fill","hd":false},{"ty":"tr","p":{"a":0,"k":[0,0],"ix":2},"a":{"a":0,"k":[0,0],"ix":1},"s":{"a":0,"k":[100,100],"ix":3},"r":{"a":0,"k":0,"ix":6},"o":{"a":0,"k":100,"ix":7},"sk":{"a":0,"k":0,"ix":4},"sa":{"a":0,"k":0,"ix":5},"nm":"Transform"}],"nm":"Group 1","np":2,"cix":2,"bm":0,"ix":1,"mn":"ADBE Vector Group","hd":false}],"ip":0,"op":150,"st":0,"bm":0}],"markers":[{"tm":56,"cm":"rest","dr":0}]}