{"v":"5.8.1","fr":60,"ip":0,"op":103,"w":1024,"h":1024,"nm":"emoji_heart-eyes","ddd":0,"assets":[],"layers":[{"ddd":0,"ind":1,"ty":3,"nm":"Null ALL","sr":1,"ks":{"o":{"a":0,"k":0,"ix":11},"r":{"a":0,"k":0,"ix":10},"p":{"s":true,"x":{"a":0,"k":512,"ix":3},"y":{"a":1,"k":[{"i":{"x":[0],"y":[1]},"o":{"x":[0.333],"y":[0]},"t":0,"s":[512]},{"i":{"x":[0.667],"y":[1]},"o":{"x":[1],"y":[0]},"t":15,"s":[492]},{"i":{"x":[0.667],"y":[1]},"o":{"x":[0.333],"y":[0]},"t":30,"s":[512]},{"i":{"x":[0.667],"y":[1]},"o":{"x":[0.333],"y":[0]},"t":70,"s":[505.926]},{"i":{"x":[0.667],"y":[1]},"o":{"x":[0.333],"y":[0]},"t":90,"s":[520]},{"t":100,"s":[512]}],"ix":4}},"a":{"a":0,"k":[0,0,0],"ix":1,"l":2},"s":{"a":1,"k":[{"i":{"x":[0,0,0.667],"y":[1,1,1]},"o":{"x":[0.333,0.333,0.333],"y":[0,0,0]},"t":0,"s":[200,200,100]},{"i":{"x":[0.667,0.667,0.667],"y":[1,1,1]},"o":{"x":[0.373,0.373,0.333],"y":[0,0,0]},"t":15,"s":[176,176,100]},{"i":{"x":[0.667,0.667,0.667],"y":[1,1,1]},"o":{"x":[0.333,0.333,0.333],"y":[0,0,0]},"t":30,"s":[200,200,100]},{"i":{"x":[0.667,0.667,0.667],"y":[1,1,1]},"o":{"x":[0.333,0.333,0.333],"y":[0,0,0]},"t":35,"s":[197,197,100]},{"i":{"x":[0.667,0.667,0.667],"y":[1,1,1]},"o":{"x":[0.333,0.333,0.333],"y":[0,0,0]},"t":90,"s":[200,200,100]},{"t":100,"s":[200,200,100]}],"ix":6,"l":2}},"ao":0,"ip":0,"op":104,"st":0,"bm":0},{"ddd":0,"ind":2,"ty":3,"nm":"Null Face","parent":1,"sr":1,"ks":{"o":{"a":0,"k":0,"ix":11},"r":{"a":1,"k":[{"i":{"x":[0],"y":[1]},"o":{"x":[0.333],"y":[0]},"t":0,"s":[0]},{"i":{"x":[0.832],"y":[0.76]},"o":{"x":[1],"y":[0]},"t":15,"s":[-5]},{"i":{"x":[0.667],"y":[1]},"o":{"x":[0.117],"y":[0.444]},"t":30,"s":[-1]},{"i":{"x":[0.667],"y":[1]},"o":{"x":[0.333],"y":[0]},"t":50,"s":[1]},{"i":{"x":[0.667],"y":[1]},"o":{"x":[0.333],"y":[0]},"t":70,"s":[-1]},{"i":{"x":[0.667],"y":[1]},"o":{"x":[0.333],"y":[0]},"t":82.5,"s":[1.051]},{"i":{"x":[0.667],"y":[1]},"o":{"x":[0.333],"y":[0]},"t":90,"s":[0]},{"t":100,"s":[0]}],"ix":10},"p":{"s":true,"x":{"a":1,"k":[{"i":{"x":[0],"y":[1]},"o":{"x":[0.333],"y":[0]},"t":0,"s":[0]},{"i":{"x":[0.667],"y":[1]},"o":{"x":[0.515],"y":[0]},"t":15,"s":[11.364]},{"i":{"x":[0.667],"y":[1]},"o":{"x":[0.333],"y":[0]},"t":30,"s":[-42]},{"i":{"x":[0.667],"y":[1]},"o":{"x":[0.333],"y":[0]},"t":50,"s":[28]},{"i":{"x":[0.667],"y":[1]},"o":{"x":[0.333],"y":[0]},"t":70,"s":[-11.695]},{"i":{"x":[0.667],"y":[1]},"o":{"x":[0.333],"y":[0]},"t":87.5,"s":[0]},{"t":100,"s":[0]}],"ix":3},"y":{"a":1,"k":[{"i":{"x":[0],"y":[1]},"o":{"x":[0.333],"y":[0]},"t":0,"s":[20]},{"i":{"x":[0.849],"y":[0.674]},"o":{"x":[0.619],"y":[0]},"t":15,"s":[-27.727]},{"i":{"x":[0.667],"y":[1]},"o":{"x":[0.188],"y":[0.512]},"t":30,"s":[-1]},{"i":{"x":[0.667],"y":[1]},"o":{"x":[0.333],"y":[0]},"t":42.5,"s":[16.594]},{"i":{"x":[0.667],"y":[1]},"o":{"x":[0.333],"y":[0]},"t":65,"s":[10.191]},{"i":{"x":[0.667],"y":[1]},"o":{"x":[0.333],"y":[0]},"t":82.5,"s":[29.33]},{"t":100,"s":[20]}],"ix":4}},"a":{"a":0,"k":[0,0,0],"ix":1,"l":2},"s":{"a":1,"k":[{"i":{"x":[0,0,0.667],"y":[1,1,1]},"o":{"x":[0.333,0.333,0.333],"y":[0,0,0]},"t":0,"s":[100,100,100]},{"i":{"x":[0.667,0.667,0.667],"y":[1,1,1]},"o":{"x":[1,1,0.333],"y":[0,0,0]},"t":15,"s":[100,100,100]},{"i":{"x":[0.833,0.833,0.833],"y":[1,1,1]},"o":{"x":[0.333,0.333,0.333],"y":[0,0,0]},"t":30,"s":[100,100,100]},{"i":{"x":[0.667,0.667,0.667],"y":[1,1,1]},"o":{"x":[0.167,0.167,0.167],"y":[0,0,0]},"t":50,"s":[100,100,100]},{"i":{"x":[0.667,0.667,0.667],"y":[1,1,1]},"o":{"x":[0.333,0.333,0.333],"y":[0,0,0]},"t":70,"s":[100,100,100]},{"i":{"x":[0.667,0.667,0.667],"y":[1,1,1]},"o":{"x":[0.333,0.333,0.333],"y":[0,0,0]},"t":90,"s":[100,100,100]},{"t":100,"s":[100,100,100]}],"ix":6,"l":2}},"ao":0,"ip":0,"op":104,"st":0,"bm":0},{"ddd":0,"ind":3,"ty":4,"nm":"heart L 2","parent":2,"td":1,"sr":1,"ks":{"o":{"a":0,"k":100,"ix":11},"r":{"a":1,"k":[{"i":{"x":[0.667],"y":[1]},"o":{"x":[0.333],"y":[0]},"t":0,"s":[0]},{"i":{"x":[0.667],"y":[1]},"o":{"x":[0.333],"y":[0]},"t":30,"s":[0]},{"t":100,"s":[0]}],"ix":10},"p":{"a":1,"k":[{"i":{"x":0.667,"y":0.667},"o":{"x":0.333,"y":0.333},"t":0,"s":[-119.39,-72.291,0],"to":[0,0,0],"ti":[0,0,0]},{"i":{"x":0.667,"y":1},"o":{"x":0.333,"y":0},"t":15,"s":[-119.39,-72.291,0],"to":[0,0,0],"ti":[0,0,0]},{"i":{"x":0.833,"y":0.833},"o":{"x":0.333,"y":0.333},"t":30,"s":[-107.531,-80.499,0],"to":[0,0,0],"ti":[0,0,0]},{"i":{"x":0.667,"y":1},"o":{"x":0.167,"y":0.167},"t":50,"s":[-107.531,-80.499,0],"to":[0,0,0],"ti":[0,0,0]},{"i":{"x":0.833,"y":0.833},"o":{"x":0.333,"y":0.333},"t":70,"s":[-119.39,-72.291,0],"to":[0,0,0],"ti":[0,0,0]},{"i":{"x":0.667,"y":0.667},"o":{"x":0.167,"y":0.167},"t":90,"s":[-119.39,-72.291,0],"to":[0,0,0],"ti":[0,0,0]},{"t":100,"s":[-119.39,-72.291,0]}],"ix":2,"l":2},"a":{"a":0,"k":[28.102,25.277,0],"ix":1,"l":2},"s":{"a":1,"k":[{"i":{"x":[0,0,0.667],"y":[1,1,1]},"o":{"x":[0.333,0.333,0.333],"y":[0,0,0]},"t":0,"s":[400,400,100]},{"i":{"x":[0.667,0.667,0.667],"y":[1,1,1]},"o":{"x":[1,1,0.333],"y":[0,0,0]},"t":15,"s":[400,400,100]},{"i":{"x":[0.667,0.667,0.667],"y":[1,1,1]},"o":{"x":[0.333,0.333,0.333],"y":[0,0,0]},"t":22.5,"s":[350,350,100]},{"i":{"x":[0.667,0.667,0.667],"y":[1,1,1]},"o":{"x":[0.333,0.333,0.333],"y":[0,0,0]},"t":35,"s":[450,450,100]},{"i":{"x":[0.667,0.667,0.667],"y":[1,1,1]},"o":{"x":[0.333,0.333,0.333],"y":[0,0,0]},"t":50,"s":[392.79,392.79,100]},{"i":{"x":[0.667,0.667,0.667],"y":[1,1,1]},"o":{"x":[0.333,0.333,0.333],"y":[0,0,0]},"t":60,"s":[422.79,422.79,100]},{"i":{"x":[0.667,0.667,0.667],"y":[1,1,1]},"o":{"x":[0.333,0.333,0.333],"y":[0,0,0]},"t":70,"s":[380,380,100]},{"i":{"x":[0.667,0.667,0.667],"y":[1,1,1]},"o":{"x":[0.333,0.333,0.333],"y":[0,0,0]},"t":90,"s":[400,400,100]},{"t":100,"s":[400,400,100]}],"ix":6,"l":2}},"ao":0,"shapes":[{"ty":"gr","it":[{"ind":0,"ty":"sh","ix":1,"ks":{"a":0,"k":{"i":[[-0.1,1.9],[-0.2,0.8],[-1.6,0.6],[-0.8,-1.5],[0.4,-1.5],[0,-1.7],[1.5,0],[0.8,1.1]],"o":[[0,-0.8],[0.4,-1.7],[1.5,-0.5],[0.7,1.4],[-0.4,1.7],[0,1.4],[-1.4,0],[-1,-1.5]],"v":[[-4.35,-0.4],[-3.95,-2.9],[-0.75,-6.6],[3.75,-5.2],[3.55,-0.7],[2.95,4.5],[0.35,7.1],[-2.85,4.8]],"c":true},"ix":2},"nm":"Path 1","mn":"ADBE Vector Shape - Group","hd":false},{"ty":"fl","c":{"a":0,"k":[1,0.517999985639,0.477999997606,1],"ix":4},"o":{"a":0,"k":100,"ix":5},"r":1,"bm":0,"nm":"Fill 1","mn":"ADBE Vector Graphic - Fill","hd":false},{"ty":"tr","p":{"a":0,"k":[11.9,22.75],"ix":2},"a":{"a":0,"k":[0,0],"ix":1},"s":{"a":0,"k":[100,100],"ix":3},"r":{"a":0,"k":0,"ix":6},"o":{"a":0,"k":100,"ix":7},"sk":{"a":0,"k":0,"ix":4},"sa":{"a":0,"k":0,"ix":5},"nm":"Transform"}],"nm":"Group 1","np":2,"cix":2,"bm":0,"ix":1,"mn":"ADBE Vector Group","hd":false},{"ty":"gr","it":[{"ind":0,"ty":"sh","ix":1,"ks":{"a":0,"k":{"i":[[6.1,-2],[0,0],[7.2,-1.9],[-6.1,-10.2],[0,0],[1,14.6]],"o":[[-8.1,2.6],[0,0],[-8.6,2.3],[7.1,11.7],[0,0],[-0.8,-11.9]],"v":[[8.15,-21.6],[-1.25,-10],[-13.25,-14.1],[-20.55,7.1],[11.35,23.6],[25.65,-8.4]],"c":true},"ix":2},"nm":"Path 1","mn":"ADBE Vector Shape - Group","hd":false},{"ty":"fl","c":{"a":0,"k":[0.957000014361,0.263000009574,0.211999990426,1],"ix":4},"o":{"a":0,"k":100,"ix":5},"r":1,"bm":0,"nm":"Fill 1","mn":"ADBE Vector Graphic - Fill","hd":false},{"ty":"tr","p":{"a":0,"k":[26.9,24.55],"ix":2},"a":{"a":0,"k":[0,0],"ix":1},"s":{"a":0,"k":[100,100],"ix":3},"r":{"a":0,"k":0,"ix":6},"o":{"a":0,"k":100,"ix":7},"sk":{"a":0,"k":0,"ix":4},"sa":{"a":0,"k":0,"ix":5},"nm":"Transform"}],"nm":"Group 4","np":2,"cix":2,"bm":0,"ix":2,"mn":"ADBE Vector Group","hd":false}],"ip":0,"op":104,"st":0,"bm":0},{"ddd":0,"ind":4,"ty":4,"nm":"hearts L matte","parent":5,"tt":1,"sr":1,"ks":{"o":{"a":0,"k":100,"ix":11},"r":{"a":0,"k":0,"ix":10},"p":{"a":1,"k":[{"i":{"x":0.667,"y":1},"o":{"x":0.333,"y":0},"t":0,"s":[57.7,24.2,0],"to":[0,0,0],"ti":[0,0,0]},{"i":{"x":0.667,"y":1},"o":{"x":0.333,"y":0},"t":15,"s":[61.17,23.648,0],"to":[0,0,0],"ti":[0,0,0]},{"i":{"x":0.667,"y":1},"o":{"x":0.333,"y":0},"t":30,"s":[57.7,24.2,0],"to":[0,0,0],"ti":[0,0,0]},{"i":{"x":0.667,"y":1},"o":{"x":0.333,"y":0},"t":50,"s":[60.746,23.638,0],"to":[0,0,0],"ti":[0,0,0]},{"i":{"x":0.833,"y":0.833},"o":{"x":0.333,"y":0.333},"t":70,"s":[57.7,24.2,0],"to":[0,0,0],"ti":[0,0,0]},{"i":{"x":0.667,"y":0.667},"o":{"x":0.167,"y":0.167},"t":90,"s":[57.7,24.2,0],"to":[0,0,0],"ti":[0,0,0]},{"t":100,"s":[57.7,24.2,0]}],"ix":2,"l":2},"a":{"a":0,"k":[57.7,24.2,0],"ix":1,"l":2},"s":{"a":0,"k":[100,100,100],"ix":6,"l":2}},"ao":0,"shapes":[{"ty":"gr","it":[{"ind":0,"ty":"sh","ix":1,"ks":{"a":0,"k":{"i":[[2.495,-9.155],[0,0],[12.123,6.224],[0,0],[0,0],[0,0],[0,0]],"o":[[-3.862,14.171],[0,0],[-14.795,-7.596],[0,0],[0,0],[0,0],[0,0]],"v":[[49.437,26.429],[38.49,48.39],[18.702,42.251],[-0.699,27.19],[4.799,51.8],[44.208,54.148],[60.219,15.085]],"c":true},"ix":2},"nm":"Path 1","mn":"ADBE Vector Shape - Group","hd":false},{"ty":"fl","c":{"a":0,"k":[0.776000019148,0.156999999402,0.156999999402,1],"ix":4},"o":{"a":0,"k":100,"ix":5},"r":1,"bm":0,"nm":"Fill 1","mn":"ADBE Vector Graphic - Fill","hd":false},{"ty":"tr","p":{"a":0,"k":[0,0],"ix":2},"a":{"a":0,"k":[0,0],"ix":1},"s":{"a":0,"k":[100,100],"ix":3},"r":{"a":0,"k":0,"ix":6},"o":{"a":0,"k":100,"ix":7},"sk":{"a":0,"k":0,"ix":4},"sa":{"a":0,"k":0,"ix":5},"nm":"Transform"}],"nm":"Shape 1","np":3,"cix":2,"bm":0,"ix":1,"mn":"ADBE Vector Group","hd":false},{"ty":"gr","it":[{"ind":0,"ty":"sh","ix":1,"ks":{"a":0,"k":{"i":[[1,1.3],[7.95,-0.425],[1.8,-0.9],[-4.1,-2.3],[-1.5,-1.9],[-0.7,-0.5],[-0.6,0.6]],"o":[[-0.6,-0.8],[-2.1,0.1],[0,0],[2.1,1.2],[0.5,0.8],[0.8,0.5],[0.9,-1.2]],"v":[[7.15,0.4],[-2.95,-6.25],[-8.85,-3.4],[-1.75,-2],[3.75,2.8],[5.55,4.7],[7.95,4.5]],"c":true},"ix":2},"nm":"Path 1","mn":"ADBE Vector Shape - Group","hd":false},{"ty":"fl","c":{"a":0,"k":[0.776000019148,0.156999999402,0.156999999402,1],"ix":4},"o":{"a":0,"k":100,"ix":5},"r":1,"bm":0,"nm":"Fill 1","mn":"ADBE Vector Graphic - Fill","hd":false},{"ty":"tr","p":{"a":0,"k":[19.2,15.15],"ix":2},"a":{"a":0,"k":[0,0],"ix":1},"s":{"a":0,"k":[100,100],"ix":3},"r":{"a":0,"k":0,"ix":6},"o":{"a":0,"k":100,"ix":7},"sk":{"a":0,"k":0,"ix":4},"sa":{"a":0,"k":0,"ix":5},"nm":"Transform"}],"nm":"Group 2","np":2,"cix":2,"bm":0,"ix":2,"mn":"ADBE Vector Group","hd":false},{"ty":"gr","it":[{"ind":0,"ty":"sh","ix":1,"ks":{"a":0,"k":{"i":[[6.1,-2],[0.9,-0.6],[-3,-1.9],[-0.7,-5.8],[0.9,-1.1],[0.9,14.1]],"o":[[-1,0.3],[7.372,-1.084],[3.1,2],[1.5,12.7],[1.1,-1.3],[-0.8,-12]],"v":[[-7.8,-22.85],[-15.868,-20.323],[-0.6,-17.3],[5.9,-6],[-4.5,23.6],[10.95,-8.3]],"c":true},"ix":2},"nm":"Path 1","mn":"ADBE Vector Shape - Group","hd":false},{"ty":"fl","c":{"a":0,"k":[0.776000019148,0.156999999402,0.156999999402,1],"ix":4},"o":{"a":0,"k":100,"ix":5},"r":1,"bm":0,"nm":"Fill 1","mn":"ADBE Vector Graphic - Fill","hd":false},{"ty":"tr","p":{"a":0,"k":[42.85,24.55],"ix":2},"a":{"a":0,"k":[0,0],"ix":1},"s":{"a":0,"k":[100,100],"ix":3},"r":{"a":0,"k":0,"ix":6},"o":{"a":0,"k":100,"ix":7},"sk":{"a":0,"k":0,"ix":4},"sa":{"a":0,"k":0,"ix":5},"nm":"Transform"}],"nm":"Group 3","np":2,"cix":2,"bm":0,"ix":3,"mn":"ADBE Vector Group","hd":false}],"ip":0,"op":104,"st":0,"bm":0},{"ddd":0,"ind":5,"ty":4,"nm":"heart L","parent":2,"sr":1,"ks":{"o":{"a":0,"k":100,"ix":11},"r":{"a":1,"k":[{"i":{"x":[0.667],"y":[1]},"o":{"x":[0.333],"y":[0]},"t":0,"s":[0]},{"i":{"x":[0.667],"y":[1]},"o":{"x":[0.333],"y":[0]},"t":30,"s":[0]},{"t":100,"s":[0]}],"ix":10},"p":{"a":1,"k":[{"i":{"x":0.667,"y":0.667},"o":{"x":0.333,"y":0.333},"t":0,"s":[-119.39,-72.291,0],"to":[0,0,0],"ti":[0,0,0]},{"i":{"x":0.667,"y":1},"o":{"x":0.333,"y":0},"t":15,"s":[-119.39,-72.291,0],"to":[0,0,0],"ti":[0,0,0]},{"i":{"x":0.833,"y":0.833},"o":{"x":0.333,"y":0.333},"t":30,"s":[-107.531,-80.499,0],"to":[0,0,0],"ti":[0,0,0]},{"i":{"x":0.667,"y":1},"o":{"x":0.167,"y":0.167},"t":50,"s":[-107.531,-80.499,0],"to":[0,0,0],"ti":[0,0,0]},{"i":{"x":0.833,"y":0.833},"o":{"x":0.333,"y":0.333},"t":70,"s":[-119.39,-72.291,0],"to":[0,0,0],"ti":[0,0,0]},{"i":{"x":0.667,"y":0.667},"o":{"x":0.167,"y":0.167},"t":90,"s":[-119.39,-72.291,0],"to":[0,0,0],"ti":[0,0,0]},{"t":100,"s":[-119.39,-72.291,0]}],"ix":2,"l":2},"a":{"a":0,"k":[28.102,25.277,0],"ix":1,"l":2},"s":{"a":1,"k":[{"i":{"x":[0,0,0.667],"y":[1,1,1]},"o":{"x":[0.333,0.333,0.333],"y":[0,0,0]},"t":0,"s":[400,400,100]},{"i":{"x":[0.667,0.667,0.667],"y":[1,1,1]},"o":{"x":[1,1,0.333],"y":[0,0,0]},"t":15,"s":[400,400,100]},{"i":{"x":[0.667,0.667,0.667],"y":[1,1,1]},"o":{"x":[0.333,0.333,0.333],"y":[0,0,0]},"t":22.5,"s":[350,350,100]},{"i":{"x":[0.667,0.667,0.667],"y":[1,1,1]},"o":{"x":[0.333,0.333,0.333],"y":[0,0,0]},"t":35,"s":[450,450,100]},{"i":{"x":[0.667,0.667,0.667],"y":[1,1,1]},"o":{"x":[0.333,0.333,0.333],"y":[0,0,0]},"t":50,"s":[392.79,392.79,100]},{"i":{"x":[0.667,0.667,0.667],"y":[1,1,1]},"o":{"x":[0.333,0.333,0.333],"y":[0,0,0]},"t":60,"s":[422.79,422.79,100]},{"i":{"x":[0.667,0.667,0.667],"y":[1,1,1]},"o":{"x":[0.333,0.333,0.333],"y":[0,0,0]},"t":70,"s":[380,380,100]},{"i":{"x":[0.667,0.667,0.667],"y":[1,1,1]},"o":{"x":[0.333,0.333,0.333],"y":[0,0,0]},"t":90,"s":[400,400,100]},{"t":100,"s":[400,400,100]}],"ix":6,"l":2}},"ao":0,"shapes":[{"ty":"gr","it":[{"ind":0,"ty":"sh","ix":1,"ks":{"a":0,"k":{"i":[[-0.1,1.9],[-0.2,0.8],[-1.6,0.6],[-0.8,-1.5],[0.4,-1.5],[0,-1.7],[1.5,0],[0.8,1.1]],"o":[[0,-0.8],[0.4,-1.7],[1.5,-0.5],[0.7,1.4],[-0.4,1.7],[0,1.4],[-1.4,0],[-1,-1.5]],"v":[[-4.35,-0.4],[-3.95,-2.9],[-0.75,-6.6],[3.75,-5.2],[3.55,-0.7],[2.95,4.5],[0.35,7.1],[-2.85,4.8]],"c":true},"ix":2},"nm":"Path 1","mn":"ADBE Vector Shape - Group","hd":false},{"ty":"fl","c":{"a":0,"k":[1,0.517999985639,0.477999997606,1],"ix":4},"o":{"a":0,"k":100,"ix":5},"r":1,"bm":0,"nm":"Fill 1","mn":"ADBE Vector Graphic - Fill","hd":false},{"ty":"tr","p":{"a":0,"k":[11.9,22.75],"ix":2},"a":{"a":0,"k":[0,0],"ix":1},"s":{"a":0,"k":[100,100],"ix":3},"r":{"a":0,"k":0,"ix":6},"o":{"a":0,"k":100,"ix":7},"sk":{"a":0,"k":0,"ix":4},"sa":{"a":0,"k":0,"ix":5},"nm":"Transform"}],"nm":"Group 1","np":2,"cix":2,"bm":0,"ix":1,"mn":"ADBE Vector Group","hd":false},{"ty":"gr","it":[{"ind":0,"ty":"sh","ix":1,"ks":{"a":0,"k":{"i":[[6.1,-2],[0,0],[7.2,-1.9],[-6.1,-10.2],[0,0],[1,14.6]],"o":[[-8.1,2.6],[0,0],[-8.6,2.3],[7.1,11.7],[0,0],[-0.8,-11.9]],"v":[[8.15,-21.6],[-1.25,-10],[-13.25,-14.1],[-20.55,7.1],[11.35,23.6],[25.65,-8.4]],"c":true},"ix":2},"nm":"Path 1","mn":"ADBE Vector Shape - Group","hd":false},{"ty":"fl","c":{"a":0,"k":[0.957000014361,0.263000009574,0.211999990426,1],"ix":4},"o":{"a":0,"k":100,"ix":5},"r":1,"bm":0,"nm":"Fill 1","mn":"ADBE Vector Graphic - Fill","hd":false},{"ty":"tr","p":{"a":0,"k":[26.9,24.55],"ix":2},"a":{"a":0,"k":[0,0],"ix":1},"s":{"a":0,"k":[100,100],"ix":3},"r":{"a":0,"k":0,"ix":6},"o":{"a":0,"k":100,"ix":7},"sk":{"a":0,"k":0,"ix":4},"sa":{"a":0,"k":0,"ix":5},"nm":"Transform"}],"nm":"Group 4","np":2,"cix":2,"bm":0,"ix":2,"mn":"ADBE Vector Group","hd":false}],"ip":0,"op":104,"st":0,"bm":0},{"ddd":0,"ind":6,"ty":4,"nm":"heart R matte","parent":2,"td":1,"sr":1,"ks":{"o":{"a":0,"k":100,"ix":11},"r":{"a":1,"k":[{"i":{"x":[0.667],"y":[1]},"o":{"x":[0.333],"y":[0]},"t":0,"s":[0]},{"i":{"x":[0.667],"y":[1]},"o":{"x":[0.333],"y":[0]},"t":15,"s":[-12]},{"i":{"x":[0.667],"y":[1]},"o":{"x":[0.333],"y":[0]},"t":30,"s":[0]},{"t":100,"s":[0]}],"ix":10},"p":{"a":1,"k":[{"i":{"x":0.667,"y":0.667},"o":{"x":0.333,"y":0.333},"t":0,"s":[115.626,-72.485,0],"to":[0,0,0],"ti":[0,0,0]},{"i":{"x":0.667,"y":1},"o":{"x":0.333,"y":0},"t":15,"s":[115.626,-72.485,0],"to":[0,0,0],"ti":[0,0,0]},{"i":{"x":0.833,"y":0.833},"o":{"x":0.333,"y":0.333},"t":30,"s":[122.52,-78.607,0],"to":[0,0,0],"ti":[0,0,0]},{"i":{"x":0.667,"y":1},"o":{"x":0.167,"y":0.167},"t":50,"s":[122.52,-78.607,0],"to":[0,0,0],"ti":[0,0,0]},{"i":{"x":0.833,"y":0.833},"o":{"x":0.333,"y":0.333},"t":70,"s":[115.626,-72.485,0],"to":[0,0,0],"ti":[0,0,0]},{"i":{"x":0.667,"y":0.667},"o":{"x":0.167,"y":0.167},"t":90,"s":[115.626,-72.485,0],"to":[0,0,0],"ti":[0,0,0]},{"t":100,"s":[115.626,-72.485,0]}],"ix":2,"l":2},"a":{"a":0,"k":[86.856,25.229,0],"ix":1,"l":2},"s":{"a":1,"k":[{"i":{"x":[0,0,0.667],"y":[1,1,1]},"o":{"x":[0.333,0.333,0.333],"y":[0,0,0]},"t":0,"s":[400,400,100]},{"i":{"x":[0.667,0.667,0.667],"y":[1,1,1]},"o":{"x":[0.509,0.509,0.333],"y":[0,0,0]},"t":15,"s":[370,370,100]},{"i":{"x":[0.421,0.421,0.667],"y":[1,1,1]},"o":{"x":[0.333,0.333,0.333],"y":[0,0,0]},"t":22.5,"s":[423.318,423.318,100]},{"i":{"x":[0.667,0.667,0.667],"y":[1,1,1]},"o":{"x":[0.333,0.333,0.333],"y":[0,0,0]},"t":35,"s":[370,370,100]},{"i":{"x":[0.667,0.667,0.667],"y":[1,1,1]},"o":{"x":[0.333,0.333,0.333],"y":[0,0,0]},"t":50,"s":[409.202,409.202,100]},{"i":{"x":[0.667,0.667,0.667],"y":[1,1,1]},"o":{"x":[0.333,0.333,0.333],"y":[0,0,0]},"t":60,"s":[390.107,390.107,100]},{"i":{"x":[0.667,0.667,0.667],"y":[1,1,1]},"o":{"x":[0.333,0.333,0.333],"y":[0,0,0]},"t":70,"s":[420,420,100]},{"i":{"x":[0.667,0.667,0.667],"y":[1,1,1]},"o":{"x":[0.333,0.333,0.333],"y":[0,0,0]},"t":90,"s":[400,400,100]},{"t":100,"s":[400,400,100]}],"ix":6,"l":2}},"ao":0,"shapes":[{"ty":"gr","it":[{"ind":0,"ty":"sh","ix":1,"ks":{"a":0,"k":{"i":[[-2.3,2.9],[-3,-2],[1.899,-1.4],[0.3,-1.3],[1.4,-0.8],[0.701,2.2]],"o":[[1.9,-2.3],[1.6,1.1],[-3.201,2.4],[-0.4,1.5],[-1.4,0.8],[-1.4,-3.5]],"v":[[-3.25,-4.4],[4.65,-6.9],[4.351,-1.3],[0.65,3.9],[-1.45,8.1],[-4.85,5.9]],"c":true},"ix":2},"nm":"Path 1","mn":"ADBE Vector Shape - Group","hd":false},{"ty":"fl","c":{"a":0,"k":[1,0.517999985639,0.477999997606,1],"ix":4},"o":{"a":0,"k":100,"ix":5},"r":1,"bm":0,"nm":"Fill 1","mn":"ADBE Vector Graphic - Fill","hd":false},{"ty":"tr","p":{"a":0,"k":[71.5,13.95],"ix":2},"a":{"a":0,"k":[0,0],"ix":1},"s":{"a":0,"k":[100,100],"ix":3},"r":{"a":0,"k":0,"ix":6},"o":{"a":0,"k":100,"ix":7},"sk":{"a":0,"k":0,"ix":4},"sa":{"a":0,"k":0,"ix":5},"nm":"Transform"}],"nm":"Group 5","np":2,"cix":2,"bm":0,"ix":1,"mn":"ADBE Vector Group","hd":false},{"ty":"gr","it":[{"ind":0,"ty":"sh","ix":1,"ks":{"a":0,"k":{"i":[[6.2,1.7],[0,0],[7,2.4],[0.5,-11.9],[0,0],[-7.3,12.7]],"o":[[-8.2,-2.3],[0,0],[-8.4,-2.9],[-0.6,13.6],[0,0],[5.9,-10.3]],"v":[[13.55,-15.45],[-0.65,-11.05],[-8.35,-21.05],[-26.15,-7.45],[-8.75,23.95],[20.85,5.25]],"c":true},"ix":2},"nm":"Path 1","mn":"ADBE Vector Shape - Group","hd":false},{"ty":"fl","c":{"a":0,"k":[0.957000014361,0.263000009574,0.211999990426,1],"ix":4},"o":{"a":0,"k":100,"ix":5},"r":1,"bm":0,"nm":"Fill 1","mn":"ADBE Vector Graphic - Fill","hd":false},{"ty":"tr","p":{"a":0,"k":[88.4,24.2],"ix":2},"a":{"a":0,"k":[0,0],"ix":1},"s":{"a":0,"k":[100,100],"ix":3},"r":{"a":0,"k":0,"ix":6},"o":{"a":0,"k":100,"ix":7},"sk":{"a":0,"k":0,"ix":4},"sa":{"a":0,"k":0,"ix":5},"nm":"Transform"}],"nm":"Group 8","np":2,"cix":2,"bm":0,"ix":2,"mn":"ADBE Vector Group","hd":false}],"ip":0,"op":104,"st":0,"bm":0},{"ddd":0,"ind":7,"ty":4,"nm":"hearts R bevel","parent":8,"tt":1,"sr":1,"ks":{"o":{"a":0,"k":100,"ix":11},"r":{"a":0,"k":0,"ix":10},"p":{"a":1,"k":[{"i":{"x":0.667,"y":1},"o":{"x":0.333,"y":0},"t":0,"s":[57.7,24.2,0],"to":[0,0,0],"ti":[0,0,0]},{"i":{"x":0.667,"y":1},"o":{"x":0.333,"y":0},"t":15,"s":[61.169,24.45,0],"to":[0,0,0],"ti":[0,0,0]},{"i":{"x":0.667,"y":1},"o":{"x":0.333,"y":0},"t":30,"s":[57.7,24.2,0],"to":[0,0,0],"ti":[0,0,0]},{"i":{"x":0.667,"y":1},"o":{"x":0.333,"y":0},"t":50,"s":[60.624,23.66,0],"to":[0,0,0],"ti":[0,0,0]},{"i":{"x":0.833,"y":0.833},"o":{"x":0.333,"y":0.333},"t":70,"s":[57.7,24.2,0],"to":[0,0,0],"ti":[0,0,0]},{"i":{"x":0.667,"y":0.667},"o":{"x":0.167,"y":0.167},"t":90,"s":[57.7,24.2,0],"to":[0,0,0],"ti":[0,0,0]},{"t":100,"s":[57.7,24.2,0]}],"ix":2,"l":2},"a":{"a":0,"k":[57.7,24.2,0],"ix":1,"l":2},"s":{"a":0,"k":[100,100,100],"ix":6,"l":2}},"ao":0,"shapes":[{"ty":"gr","it":[{"ind":0,"ty":"sh","ix":1,"ks":{"a":0,"k":{"i":[[0,0],[0,0],[0,0],[0,0],[7.206,11.042]],"o":[[0,0],[0,0],[0,0],[0,0],[-8.536,-13.081]],"v":[[60.139,5.868],[49.951,20.78],[66.719,53.357],[82.516,50.263],[66.62,33.314]],"c":true},"ix":2},"nm":"Path 1","mn":"ADBE Vector Shape - Group","hd":false},{"ty":"fl","c":{"a":0,"k":[0.776000019148,0.156999999402,0.156999999402,1],"ix":4},"o":{"a":0,"k":100,"ix":5},"r":1,"bm":0,"nm":"Fill 1","mn":"ADBE Vector Graphic - Fill","hd":false},{"ty":"tr","p":{"a":0,"k":[0,0],"ix":2},"a":{"a":0,"k":[0,0],"ix":1},"s":{"a":0,"k":[100,100],"ix":3},"r":{"a":0,"k":0,"ix":6},"o":{"a":0,"k":100,"ix":7},"sk":{"a":0,"k":0,"ix":4},"sa":{"a":0,"k":0,"ix":5},"nm":"Transform"}],"nm":"Shape 2","np":3,"cix":2,"bm":0,"ix":1,"mn":"ADBE Vector Group","hd":false},{"ty":"gr","it":[{"ind":0,"ty":"sh","ix":1,"ks":{"a":0,"k":{"i":[[0.1,1.7],[5.675,3.6],[2,0.3],[-2.1,-4.2],[-0.2,-2.4],[-0.301,-0.8],[-0.901,0.1]],"o":[[-0.101,-1],[-4.325,-3.025],[0,0],[1.099,2.2],[0,0.9],[0.4,0.8],[1.5,-0.4]],"v":[[5.6,4.1],[1.35,-6.625],[-5.7,-8],[-0.6,-2.9],[1.3,4.1],[1.8,6.7],[3.9,7.9]],"c":true},"ix":2},"nm":"Path 1","mn":"ADBE Vector Shape - Group","hd":false},{"ty":"fl","c":{"a":0,"k":[0.776000019148,0.156999999402,0.156999999402,1],"ix":4},"o":{"a":0,"k":100,"ix":5},"r":1,"bm":0,"nm":"Fill 1","mn":"ADBE Vector Graphic - Fill","hd":false},{"ty":"tr","p":{"a":0,"k":[82.05,10.25],"ix":2},"a":{"a":0,"k":[0,0],"ix":1},"s":{"a":0,"k":[100,100],"ix":3},"r":{"a":0,"k":0,"ix":6},"o":{"a":0,"k":100,"ix":7},"sk":{"a":0,"k":0,"ix":4},"sa":{"a":0,"k":0,"ix":5},"nm":"Transform"}],"nm":"Group 6","np":2,"cix":2,"bm":0,"ix":2,"mn":"ADBE Vector Group","hd":false},{"ty":"gr","it":[{"ind":0,"ty":"sh","ix":1,"ks":{"a":0,"k":{"i":[[6.2,1.7],[1,0],[-1.4,-3.2],[2.7,-5.2],[0,0],[0,0],[-7.325,15.4]],"o":[[-1,-0.3],[2.9,2],[1.4,3.4],[-5.8,11.4],[0,0],[0,0],[6,-10.3]],"v":[[5.175,-20.125],[1.45,-19.9],[8.15,-12],[7.25,1],[-19.5,20.775],[-13.937,28.813],[14.625,6.325]],"c":true},"ix":2},"nm":"Path 1","mn":"ADBE Vector Shape - Group","hd":false},{"ty":"fl","c":{"a":0,"k":[0.776000019148,0.156999999402,0.156999999402,1],"ix":4},"o":{"a":0,"k":100,"ix":5},"r":1,"bm":0,"nm":"Fill 1","mn":"ADBE Vector Graphic - Fill","hd":false},{"ty":"tr","p":{"a":0,"k":[97.4,28.25],"ix":2},"a":{"a":0,"k":[0,0],"ix":1},"s":{"a":0,"k":[100,100],"ix":3},"r":{"a":0,"k":0,"ix":6},"o":{"a":0,"k":100,"ix":7},"sk":{"a":0,"k":0,"ix":4},"sa":{"a":0,"k":0,"ix":5},"nm":"Transform"}],"nm":"Group 7","np":2,"cix":2,"bm":0,"ix":3,"mn":"ADBE Vector Group","hd":false}],"ip":0,"op":104,"st":0,"bm":0},{"ddd":0,"ind":8,"ty":4,"nm":"heart R","parent":2,"sr":1,"ks":{"o":{"a":0,"k":100,"ix":11},"r":{"a":1,"k":[{"i":{"x":[0.667],"y":[1]},"o":{"x":[0.333],"y":[0]},"t":0,"s":[0]},{"i":{"x":[0.667],"y":[1]},"o":{"x":[0.333],"y":[0]},"t":15,"s":[-12]},{"i":{"x":[0.667],"y":[1]},"o":{"x":[0.333],"y":[0]},"t":30,"s":[0]},{"t":100,"s":[0]}],"ix":10},"p":{"a":1,"k":[{"i":{"x":0.667,"y":0.667},"o":{"x":0.333,"y":0.333},"t":0,"s":[115.626,-72.485,0],"to":[0,0,0],"ti":[0,0,0]},{"i":{"x":0.667,"y":1},"o":{"x":0.333,"y":0},"t":15,"s":[115.626,-72.485,0],"to":[0,0,0],"ti":[0,0,0]},{"i":{"x":0.833,"y":0.833},"o":{"x":0.333,"y":0.333},"t":30,"s":[122.52,-78.607,0],"to":[0,0,0],"ti":[0,0,0]},{"i":{"x":0.667,"y":1},"o":{"x":0.167,"y":0.167},"t":50,"s":[122.52,-78.607,0],"to":[0,0,0],"ti":[0,0,0]},{"i":{"x":0.833,"y":0.833},"o":{"x":0.333,"y":0.333},"t":70,"s":[115.626,-72.485,0],"to":[0,0,0],"ti":[0,0,0]},{"i":{"x":0.667,"y":0.667},"o":{"x":0.167,"y":0.167},"t":90,"s":[115.626,-72.485,0],"to":[0,0,0],"ti":[0,0,0]},{"t":100,"s":[115.626,-72.485,0]}],"ix":2,"l":2},"a":{"a":0,"k":[86.856,25.229,0],"ix":1,"l":2},"s":{"a":1,"k":[{"i":{"x":[0,0,0.667],"y":[1,1,1]},"o":{"x":[0.333,0.333,0.333],"y":[0,0,0]},"t":0,"s":[400,400,100]},{"i":{"x":[0.667,0.667,0.667],"y":[1,1,1]},"o":{"x":[0.509,0.509,0.333],"y":[0,0,0]},"t":15,"s":[370,370,100]},{"i":{"x":[0.421,0.421,0.667],"y":[1,1,1]},"o":{"x":[0.333,0.333,0.333],"y":[0,0,0]},"t":22.5,"s":[423.318,423.318,100]},{"i":{"x":[0.667,0.667,0.667],"y":[1,1,1]},"o":{"x":[0.333,0.333,0.333],"y":[0,0,0]},"t":35,"s":[370,370,100]},{"i":{"x":[0.667,0.667,0.667],"y":[1,1,1]},"o":{"x":[0.333,0.333,0.333],"y":[0,0,0]},"t":50,"s":[409.202,409.202,100]},{"i":{"x":[0.667,0.667,0.667],"y":[1,1,1]},"o":{"x":[0.333,0.333,0.333],"y":[0,0,0]},"t":60,"s":[390.107,390.107,100]},{"i":{"x":[0.667,0.667,0.667],"y":[1,1,1]},"o":{"x":[0.333,0.333,0.333],"y":[0,0,0]},"t":70,"s":[420,420,100]},{"i":{"x":[0.667,0.667,0.667],"y":[1,1,1]},"o":{"x":[0.333,0.333,0.333],"y":[0,0,0]},"t":90,"s":[400,400,100]},{"t":100,"s":[400,400,100]}],"ix":6,"l":2}},"ao":0,"shapes":[{"ty":"gr","it":[{"ind":0,"ty":"sh","ix":1,"ks":{"a":0,"k":{"i":[[-2.3,2.9],[-3,-2],[1.899,-1.4],[0.3,-1.3],[1.4,-0.8],[0.701,2.2]],"o":[[1.9,-2.3],[1.6,1.1],[-3.201,2.4],[-0.4,1.5],[-1.4,0.8],[-1.4,-3.5]],"v":[[-3.25,-4.4],[4.65,-6.9],[4.351,-1.3],[0.65,3.9],[-1.45,8.1],[-4.85,5.9]],"c":true},"ix":2},"nm":"Path 1","mn":"ADBE Vector Shape - Group","hd":false},{"ty":"fl","c":{"a":0,"k":[1,0.517999985639,0.477999997606,1],"ix":4},"o":{"a":0,"k":100,"ix":5},"r":1,"bm":0,"nm":"Fill 1","mn":"ADBE Vector Graphic - Fill","hd":false},{"ty":"tr","p":{"a":0,"k":[71.5,13.95],"ix":2},"a":{"a":0,"k":[0,0],"ix":1},"s":{"a":0,"k":[100,100],"ix":3},"r":{"a":0,"k":0,"ix":6},"o":{"a":0,"k":100,"ix":7},"sk":{"a":0,"k":0,"ix":4},"sa":{"a":0,"k":0,"ix":5},"nm":"Transform"}],"nm":"Group 5","np":2,"cix":2,"bm":0,"ix":1,"mn":"ADBE Vector Group","hd":false},{"ty":"gr","it":[{"ind":0,"ty":"sh","ix":1,"ks":{"a":0,"k":{"i":[[6.2,1.7],[0,0],[7,2.4],[0.5,-11.9],[0,0],[-7.3,12.7]],"o":[[-8.2,-2.3],[0,0],[-8.4,-2.9],[-0.6,13.6],[0,0],[5.9,-10.3]],"v":[[13.55,-15.45],[-0.65,-11.05],[-8.35,-21.05],[-26.15,-7.45],[-8.75,23.95],[20.85,5.25]],"c":true},"ix":2},"nm":"Path 1","mn":"ADBE Vector Shape - Group","hd":false},{"ty":"fl","c":{"a":0,"k":[0.957000014361,0.263000009574,0.211999990426,1],"ix":4},"o":{"a":0,"k":100,"ix":5},"r":1,"bm":0,"nm":"Fill 1","mn":"ADBE Vector Graphic - Fill","hd":false},{"ty":"tr","p":{"a":0,"k":[88.4,24.2],"ix":2},"a":{"a":0,"k":[0,0],"ix":1},"s":{"a":0,"k":[100,100],"ix":3},"r":{"a":0,"k":0,"ix":6},"o":{"a":0,"k":100,"ix":7},"sk":{"a":0,"k":0,"ix":4},"sa":{"a":0,"k":0,"ix":5},"nm":"Transform"}],"nm":"Group 8","np":2,"cix":2,"bm":0,"ix":2,"mn":"ADBE Vector Group","hd":false}],"ip":0,"op":104,"st":0,"bm":0},{"ddd":0,"ind":9,"ty":3,"nm":"Null blush","parent":2,"sr":1,"ks":{"o":{"a":0,"k":0,"ix":11},"r":{"a":0,"k":0,"ix":10},"p":{"a":0,"k":[3.2,-18.205,0],"ix":2,"l":2},"a":{"a":0,"k":[0,0,0],"ix":1,"l":2},"s":{"a":0,"k":[50,50,100],"ix":6,"l":2}},"ao":0,"ip":0,"op":104,"st":0,"bm":0},{"ddd":0,"ind":10,"ty":4,"nm":"blush L","parent":9,"sr":1,"ks":{"o":{"a":0,"k":43,"ix":11},"r":{"a":0,"k":0,"ix":10},"p":{"a":0,"k":[-256.4,26.01,0],"ix":2,"l":2},"a":{"a":0,"k":[78.15,23.253,0],"ix":1,"l":2},"s":{"a":0,"k":[800,800,100],"ix":6,"l":2}},"ao":0,"shapes":[{"ty":"gr","it":[{"ind":0,"ty":"sh","ix":1,"ks":{"a":0,"k":{"i":[[0,-9.113],[-9.665,0],[0,9.113],[9.665,0]],"o":[[0,9.113],[9.665,0],[0,-9.113],[-9.665,0]],"v":[[-17.5,0],[0,16.5],[17.5,0],[0,-16.5]],"c":true},"ix":2},"nm":"Path 2","mn":"ADBE Vector Shape - Group","hd":false},{"ty":"gf","o":{"a":0,"k":100,"ix":10},"r":1,"bm":0,"g":{"p":3,"k":{"a":0,"k":[0,0.929,0.467,0.439,0.5,0.929,0.467,0.439,1,0.929,0.467,0.439,0,1,0.5,0.5,1,0],"ix":9}},"s":{"a":0,"k":[0,0],"ix":5},"e":{"a":0,"k":[12,10.25],"ix":6},"t":2,"h":{"a":0,"k":0,"ix":7},"a":{"a":0,"k":0,"ix":8},"nm":"Gradient Fill 1","mn":"ADBE Vector Graphic - G-Fill","hd":false},{"ty":"tr","p":{"a":0,"k":[78.15,23.253],"ix":2},"a":{"a":0,"k":[0,0],"ix":1},"s":{"a":0,"k":[100,100],"ix":3},"r":{"a":0,"k":0,"ix":6},"o":{"a":0,"k":100,"ix":7},"sk":{"a":0,"k":0,"ix":4},"sa":{"a":0,"k":0,"ix":5},"nm":"Transform"}],"nm":"Group 3","np":2,"cix":2,"bm":0,"ix":1,"mn":"ADBE Vector Group","hd":false}],"ip":0,"op":104,"st":0,"bm":0},{"ddd":0,"ind":11,"ty":4,"nm":"blush R","parent":9,"sr":1,"ks":{"o":{"a":0,"k":43,"ix":11},"r":{"a":0,"k":0,"ix":10},"p":{"a":0,"k":[243.6,26.01,0],"ix":2,"l":2},"a":{"a":0,"k":[78.15,23.253,0],"ix":1,"l":2},"s":{"a":0,"k":[800,800,100],"ix":6,"l":2}},"ao":0,"shapes":[{"ty":"gr","it":[{"ind":0,"ty":"sh","ix":1,"ks":{"a":0,"k":{"i":[[0,-9.113],[-9.665,0],[0,9.113],[9.665,0]],"o":[[0,9.113],[9.665,0],[0,-9.113],[-9.665,0]],"v":[[-17.5,0],[0,16.5],[17.5,0],[0,-16.5]],"c":true},"ix":2},"nm":"Path 2","mn":"ADBE Vector Shape - Group","hd":false},{"ty":"gf","o":{"a":0,"k":100,"ix":10},"r":1,"bm":0,"g":{"p":3,"k":{"a":0,"k":[0,0.929,0.467,0.439,0.5,0.929,0.467,0.439,1,0.929,0.467,0.439,0,1,0.5,0.5,1,0],"ix":9}},"s":{"a":0,"k":[0,0],"ix":5},"e":{"a":0,"k":[12,10.25],"ix":6},"t":2,"h":{"a":0,"k":0,"ix":7},"a":{"a":0,"k":0,"ix":8},"nm":"Gradient Fill 1","mn":"ADBE Vector Graphic - G-Fill","hd":false},{"ty":"tr","p":{"a":0,"k":[78.15,23.253],"ix":2},"a":{"a":0,"k":[0,0],"ix":1},"s":{"a":0,"k":[100,100],"ix":3},"r":{"a":0,"k":0,"ix":6},"o":{"a":0,"k":100,"ix":7},"sk":{"a":0,"k":0,"ix":4},"sa":{"a":0,"k":0,"ix":5},"nm":"Transform"}],"nm":"Group 3","np":2,"cix":2,"bm":0,"ix":1,"mn":"ADBE Vector Group","hd":false}],"ip":0,"op":104,"st":0,"bm":0},{"ddd":0,"ind":12,"ty":4,"nm":"mouth matte","parent":2,"td":1,"sr":1,"ks":{"o":{"a":0,"k":100,"ix":11},"r":{"a":0,"k":0,"ix":10},"p":{"a":1,"k":[{"i":{"x":0.667,"y":0.667},"o":{"x":0.333,"y":0.333},"t":0,"s":[4.601,91.399,0],"to":[0,0,0],"ti":[0,0,0]},{"t":100,"s":[4.601,91.399,0]}],"ix":2,"l":2},"a":{"a":0,"k":[22.001,12,0],"ix":1,"l":2},"s":{"a":0,"k":[400,400,100],"ix":6,"l":2}},"ao":0,"shapes":[{"ty":"gr","it":[{"ind":0,"ty":"sh","ix":1,"ks":{"a":1,"k":[{"i":{"x":0,"y":1},"o":{"x":0.333,"y":0},"t":0,"s":[{"i":[[3.601,0],[3.4,1.2],[1.4,-4.101],[-1.4,-2.101],[-8.6,0],[-4.3,6.599],[3.601,2.399],[2.4,-0.8]],"o":[[-3.6,0],[-4.2,-1.4],[-0.8,2.299],[4.3,6.599],[8.601,0],[2.401,-3.701],[-2.1,-1.401],[-3.399,1.2]],"v":[[-0.35,-8.55],[-10.85,-10.35],[-20.951,-5.449],[-20.051,1.551],[-0.35,11.75],[19.35,1.551],[17.15,-9.449],[10.15,-10.35]],"c":true}]},{"i":{"x":0.667,"y":1},"o":{"x":1,"y":0},"t":15,"s":[{"i":[[3.352,-0.12],[1.587,-2.302],[-0.024,-4.778],[-1.561,-4.024],[-5.356,0],[-1.168,4.372],[0.625,3.388],[2.478,2.114]],"o":[[-3.352,0.12],[-0.932,1.352],[0.015,2.985],[1.757,4.528],[5.357,0],[1.168,-4.372],[-0.584,-3.165],[-1.577,-1.346]],"v":[[-2.386,-24.611],[-10.053,-20.761],[-11.792,-12.185],[-9.178,1.118],[-0.462,9.017],[8.241,0.126],[9.125,-14.899],[5.406,-23.085]],"c":true}]},{"i":{"x":0.667,"y":1},"o":{"x":0.333,"y":0},"t":30,"s":[{"i":[[4.173,0],[3.94,1.702],[1.651,-5.809],[-1.622,-2.98],[-9.965,0],[-4.966,9.371],[4.17,3.406],[2.781,-1.135]],"o":[[-4.171,0],[-4.867,-1.986],[-0.927,3.261],[4.983,9.361],[9.966,0],[2.782,-5.25],[-2.433,-1.987],[-3.939,1.702]],"v":[[-0.406,-14.416],[-12.573,-16.969],[-24.276,-10.017],[-23.233,-0.087],[-0.406,14.381],[22.421,-0.087],[19.872,-15.691],[11.761,-16.969]],"c":true}]},{"i":{"x":0.667,"y":1},"o":{"x":0.333,"y":0},"t":50,"s":[{"i":[[4.173,0],[3.94,1.702],[1.651,-5.809],[-1.622,-2.98],[-9.965,0],[-4.966,9.371],[4.17,3.406],[2.781,-1.135]],"o":[[-4.171,0],[-4.867,-1.986],[-0.927,3.261],[4.983,9.361],[9.966,0],[2.782,-5.25],[-2.433,-1.987],[-3.939,1.702]],"v":[[-0.406,-14.416],[-12.573,-16.969],[-24.276,-10.017],[-23.233,-0.087],[-0.406,14.381],[22.421,-0.087],[19.872,-15.691],[11.761,-16.969]],"c":true}]},{"i":{"x":0.667,"y":1},"o":{"x":0.333,"y":0},"t":70,"s":[{"i":[[3.971,0],[3.75,1.525],[1.563,-5.208],[-1.544,-2.671],[-9.485,0],[-4.731,8.395],[3.97,3.052],[2.647,-1.017]],"o":[[-3.97,0],[-4.632,-1.78],[-0.882,2.923],[4.742,8.389],[9.486,0],[2.648,-4.705],[-2.316,-1.781],[-3.749,1.525]],"v":[[-0.387,-12.351],[-11.967,-14.639],[-23.106,-8.409],[-22.113,0.49],[-0.387,13.455],[21.34,0.49],[18.914,-13.494],[11.194,-14.639]],"c":true}]},{"i":{"x":0.667,"y":1},"o":{"x":0.333,"y":0},"t":90,"s":[{"i":[[3.072,0],[2.901,1.024],[1.215,-3.492],[-1.194,-1.793],[-7.338,0],[-3.657,5.638],[3.071,2.049],[2.048,-0.683]],"o":[[-3.072,0],[-3.583,-1.194],[-0.683,1.962],[3.669,5.63],[7.338,0],[2.049,-3.158],[-1.792,-1.195],[-2.9,1.024]],"v":[[-0.299,-9.295],[-11.391,-10.831],[-20.008,-6.649],[-19.24,-0.677],[-0.299,8.025],[18.642,-0.677],[16.765,-10.062],[10.793,-10.831]],"c":true}]},{"t":100,"s":[{"i":[[3.601,0],[3.4,1.2],[1.4,-4.101],[-1.4,-2.101],[-8.6,0],[-4.3,6.599],[3.601,2.399],[2.4,-0.8]],"o":[[-3.6,0],[-4.2,-1.4],[-0.8,2.299],[4.3,6.599],[8.601,0],[2.401,-3.701],[-2.1,-1.401],[-3.399,1.2]],"v":[[-0.35,-8.55],[-10.85,-10.35],[-20.951,-5.449],[-20.051,1.551],[-0.35,11.75],[19.35,1.551],[17.15,-9.449],[10.15,-10.35]],"c":true}]}],"ix":2},"nm":"Path 1","mn":"ADBE Vector Shape - Group","hd":false},{"ty":"fl","c":{"a":0,"k":[0.258999992819,0.169000004787,0.051000000449,1],"ix":4},"o":{"a":0,"k":100,"ix":5},"r":1,"bm":0,"nm":"Fill 1","mn":"ADBE Vector Graphic - Fill","hd":false},{"ty":"tr","p":{"a":0,"k":[22,12],"ix":2},"a":{"a":0,"k":[0,0],"ix":1},"s":{"a":0,"k":[100,100],"ix":3},"r":{"a":0,"k":0,"ix":6},"o":{"a":0,"k":100,"ix":7},"sk":{"a":0,"k":0,"ix":4},"sa":{"a":0,"k":0,"ix":5},"nm":"Transform"}],"nm":"Group 1","np":2,"cix":2,"bm":0,"ix":1,"mn":"ADBE Vector Group","hd":false}],"ip":0,"op":104,"st":0,"bm":0},{"ddd":0,"ind":13,"ty":4,"nm":"tongue","parent":14,"tt":1,"sr":1,"ks":{"o":{"a":0,"k":100,"ix":11},"r":{"a":0,"k":3,"ix":10},"p":{"a":0,"k":[24.255,-5.305,0],"ix":2,"l":2},"a":{"a":0,"k":[6.25,116.75,0],"ix":1,"l":2},"s":{"a":0,"k":[31.34,31.072,100],"ix":6,"l":2}},"ao":0,"shapes":[{"ty":"gr","it":[{"ind":0,"ty":"sh","ix":1,"ks":{"a":1,"k":[{"i":{"x":0,"y":1},"o":{"x":0.333,"y":0},"t":0,"s":[{"i":[[42,0],[0,0],[0,0]],"o":[[-37.5,0],[0,0],[0,0]],"v":[[-9.055,215.847],[-62.055,226.187],[50.445,226.187]],"c":true}]},{"i":{"x":0.667,"y":1},"o":{"x":1,"y":0},"t":15,"s":[{"i":[[35.202,0],[0,0],[0,0]],"o":[[-31.43,0],[0,0],[0,0]],"v":[[4.272,183.849],[-40.149,209.119],[54.142,209.119]],"c":true}]},{"i":{"x":0.667,"y":1},"o":{"x":0.333,"y":0},"t":30,"s":[{"i":[[42,0],[0,0],[0,0]],"o":[[-37.5,0],[0,0],[0,0]],"v":[[-2.566,228.684],[-55.566,239.024],[56.934,239.024]],"c":true}]},{"i":{"x":0.667,"y":1},"o":{"x":0.333,"y":0},"t":90,"s":[{"i":[[42,0],[0,0],[0,0]],"o":[[-37.5,0],[0,0],[0,0]],"v":[[-2.566,228.684],[-55.566,239.024],[56.934,239.024]],"c":true}]},{"t":100,"s":[{"i":[[42,0],[0,0],[0,0]],"o":[[-37.5,0],[0,0],[0,0]],"v":[[-9.055,215.847],[-62.055,226.187],[50.445,226.187]],"c":true}]}],"ix":2},"nm":"Path 1","mn":"ADBE Vector Shape - Group","hd":false},{"ty":"fl","c":{"a":0,"k":[0.925490255917,0.466666696586,0.435294147566,1],"ix":4},"o":{"a":0,"k":100,"ix":5},"r":1,"bm":0,"nm":"Fill 1","mn":"ADBE Vector Graphic - Fill","hd":false},{"ty":"tr","p":{"a":0,"k":[0,0],"ix":2},"a":{"a":0,"k":[0,0],"ix":1},"s":{"a":0,"k":[100,100],"ix":3},"r":{"a":0,"k":0,"ix":6},"o":{"a":0,"k":100,"ix":7},"sk":{"a":0,"k":0,"ix":4},"sa":{"a":0,"k":0,"ix":5},"nm":"Transform"}],"nm":"Shape 1","np":3,"cix":2,"bm":0,"ix":1,"mn":"ADBE Vector Group","hd":false}],"ip":0,"op":104,"st":0,"bm":0},{"ddd":0,"ind":14,"ty":4,"nm":"mouth ","parent":2,"sr":1,"ks":{"o":{"a":0,"k":100,"ix":11},"r":{"a":0,"k":0,"ix":10},"p":{"a":1,"k":[{"i":{"x":0.667,"y":0.667},"o":{"x":0.333,"y":0.333},"t":0,"s":[4.601,91.399,0],"to":[0,0,0],"ti":[0,0,0]},{"t":100,"s":[4.601,91.399,0]}],"ix":2,"l":2},"a":{"a":0,"k":[22.001,12,0],"ix":1,"l":2},"s":{"a":0,"k":[400,400,100],"ix":6,"l":2}},"ao":0,"shapes":[{"ty":"gr","it":[{"ind":0,"ty":"sh","ix":1,"ks":{"a":1,"k":[{"i":{"x":0,"y":1},"o":{"x":0.333,"y":0},"t":0,"s":[{"i":[[3.601,0],[3.4,1.2],[1.4,-4.101],[-1.4,-2.101],[-8.6,0],[-4.3,6.599],[3.601,2.399],[2.4,-0.8]],"o":[[-3.6,0],[-4.2,-1.4],[-0.8,2.299],[4.3,6.599],[8.601,0],[2.401,-3.701],[-2.1,-1.401],[-3.399,1.2]],"v":[[-0.35,-8.55],[-10.85,-10.35],[-20.951,-5.449],[-20.051,1.551],[-0.35,11.75],[19.35,1.551],[17.15,-9.449],[10.15,-10.35]],"c":true}]},{"i":{"x":0.667,"y":1},"o":{"x":1,"y":0},"t":15,"s":[{"i":[[3.352,-0.12],[1.587,-2.302],[-0.024,-4.778],[-1.561,-4.024],[-5.356,0],[-1.168,4.372],[0.625,3.388],[2.478,2.114]],"o":[[-3.352,0.12],[-0.932,1.352],[0.015,2.985],[1.757,4.528],[5.357,0],[1.168,-4.372],[-0.584,-3.165],[-1.577,-1.346]],"v":[[-2.386,-24.611],[-10.053,-20.761],[-11.792,-12.185],[-9.178,1.118],[-0.462,9.017],[8.241,0.126],[9.125,-14.899],[5.406,-23.085]],"c":true}]},{"i":{"x":0.667,"y":1},"o":{"x":0.333,"y":0},"t":30,"s":[{"i":[[4.173,0],[3.94,1.702],[1.651,-5.809],[-1.622,-2.98],[-9.965,0],[-4.966,9.371],[4.17,3.406],[2.781,-1.135]],"o":[[-4.171,0],[-4.867,-1.986],[-0.927,3.261],[4.983,9.361],[9.966,0],[2.782,-5.25],[-2.433,-1.987],[-3.939,1.702]],"v":[[-0.406,-14.416],[-12.573,-16.969],[-24.276,-10.017],[-23.233,-0.087],[-0.406,14.381],[22.421,-0.087],[19.872,-15.691],[11.761,-16.969]],"c":true}]},{"i":{"x":0.667,"y":1},"o":{"x":0.333,"y":0},"t":50,"s":[{"i":[[4.173,0],[3.94,1.702],[1.651,-5.809],[-1.622,-2.98],[-9.965,0],[-4.966,9.371],[4.17,3.406],[2.781,-1.135]],"o":[[-4.171,0],[-4.867,-1.986],[-0.927,3.261],[4.983,9.361],[9.966,0],[2.782,-5.25],[-2.433,-1.987],[-3.939,1.702]],"v":[[-0.406,-14.416],[-12.573,-16.969],[-24.276,-10.017],[-23.233,-0.087],[-0.406,14.381],[22.421,-0.087],[19.872,-15.691],[11.761,-16.969]],"c":true}]},{"i":{"x":0.667,"y":1},"o":{"x":0.333,"y":0},"t":70,"s":[{"i":[[3.971,0],[3.75,1.525],[1.563,-5.208],[-1.544,-2.671],[-9.485,0],[-4.731,8.395],[3.97,3.052],[2.647,-1.017]],"o":[[-3.97,0],[-4.632,-1.78],[-0.882,2.923],[4.742,8.389],[9.486,0],[2.648,-4.705],[-2.316,-1.781],[-3.749,1.525]],"v":[[-0.387,-12.351],[-11.967,-14.639],[-23.106,-8.409],[-22.113,0.49],[-0.387,13.455],[21.34,0.49],[18.914,-13.494],[11.194,-14.639]],"c":true}]},{"i":{"x":0.667,"y":1},"o":{"x":0.333,"y":0},"t":90,"s":[{"i":[[3.072,0],[2.901,1.024],[1.215,-3.492],[-1.194,-1.793],[-7.338,0],[-3.657,5.638],[3.071,2.049],[2.048,-0.683]],"o":[[-3.072,0],[-3.583,-1.194],[-0.683,1.962],[3.669,5.63],[7.338,0],[2.049,-3.158],[-1.792,-1.195],[-2.9,1.024]],"v":[[-0.299,-9.295],[-11.391,-10.831],[-20.008,-6.649],[-19.24,-0.677],[-0.299,8.025],[18.642,-0.677],[16.765,-10.062],[10.793,-10.831]],"c":true}]},{"t":100,"s":[{"i":[[3.601,0],[3.4,1.2],[1.4,-4.101],[-1.4,-2.101],[-8.6,0],[-4.3,6.599],[3.601,2.399],[2.4,-0.8]],"o":[[-3.6,0],[-4.2,-1.4],[-0.8,2.299],[4.3,6.599],[8.601,0],[2.401,-3.701],[-2.1,-1.401],[-3.399,1.2]],"v":[[-0.35,-8.55],[-10.85,-10.35],[-20.951,-5.449],[-20.051,1.551],[-0.35,11.75],[19.35,1.551],[17.15,-9.449],[10.15,-10.35]],"c":true}]}],"ix":2},"nm":"Path 1","mn":"ADBE Vector Shape - Group","hd":false},{"ty":"fl","c":{"a":0,"k":[0.258999992819,0.169000004787,0.051000000449,1],"ix":4},"o":{"a":0,"k":100,"ix":5},"r":1,"bm":0,"nm":"Fill 1","mn":"ADBE Vector Graphic - Fill","hd":false},{"ty":"tr","p":{"a":0,"k":[22,12],"ix":2},"a":{"a":0,"k":[0,0],"ix":1},"s":{"a":0,"k":[100,100],"ix":3},"r":{"a":0,"k":0,"ix":6},"o":{"a":0,"k":100,"ix":7},"sk":{"a":0,"k":0,"ix":4},"sa":{"a":0,"k":0,"ix":5},"nm":"Transform"}],"nm":"Group 1","np":2,"cix":2,"bm":0,"ix":1,"mn":"ADBE Vector Group","hd":false}],"ip":0,"op":104,"st":0,"bm":0},{"ddd":0,"ind":15,"ty":4,"nm":"base matte","parent":17,"td":1,"sr":1,"ks":{"o":{"a":0,"k":100,"ix":11},"r":{"a":0,"k":0,"ix":10},"p":{"a":0,"k":[-2,-3,0],"ix":2,"l":2},"a":{"a":0,"k":[0,0,0],"ix":1,"l":2},"s":{"a":0,"k":[100,100,100],"ix":6,"l":2}},"ao":0,"shapes":[{"ty":"gr","it":[{"ind":0,"ty":"sh","ix":1,"ks":{"a":0,"k":{"i":[[15.4,0],[0,38.4],[-27.9,0],[-10.6,-9.3],[0,-16.9],[11.5,-10.2]],"o":[[-27.9,0],[0,-38.4],[15.5,0],[11.5,10.2],[0,16.9],[-10.6,9.3]],"v":[[0,55.9],[-58,0],[0,-55.9],[40.4,-41.5],[58,0],[40.4,41.4]],"c":true},"ix":2},"nm":"Path 1","mn":"ADBE Vector Shape - Group","hd":false},{"ty":"gf","o":{"a":0,"k":100,"ix":10},"r":1,"bm":0,"g":{"p":5,"k":{"a":0,"k":[0.48,0.992,0.878,0.188,0.691,0.98,0.816,0.178,0.902,0.969,0.753,0.169,0.966,0.963,0.694,0.153,1,0.957,0.635,0.137],"ix":9}},"s":{"a":0,"k":[0,0],"ix":5},"e":{"a":0,"k":[56.225,0],"ix":6},"t":2,"h":{"a":0,"k":0,"ix":7},"a":{"a":0,"k":0,"ix":8},"nm":"Gradient Fill 1","mn":"ADBE Vector Graphic - G-Fill","hd":false},{"ty":"tr","p":{"a":0,"k":[0,0],"ix":2},"a":{"a":0,"k":[0,0],"ix":1},"s":{"a":0,"k":[100,100],"ix":3},"r":{"a":0,"k":0,"ix":6},"o":{"a":0,"k":100,"ix":7},"sk":{"a":0,"k":0,"ix":4},"sa":{"a":0,"k":0,"ix":5},"nm":"Transform"}],"nm":"Group 1","np":2,"cix":2,"bm":0,"ix":1,"mn":"ADBE Vector Group","hd":false}],"ip":0,"op":104,"st":0,"bm":0},{"ddd":0,"ind":16,"ty":4,"nm":"base shadow","parent":17,"tt":2,"sr":1,"ks":{"o":{"a":0,"k":100,"ix":11},"r":{"a":0,"k":0,"ix":10},"p":{"a":0,"k":[0,0,0],"ix":2,"l":2},"a":{"a":0,"k":[0,0,0],"ix":1,"l":2},"s":{"a":0,"k":[100,100,100],"ix":6,"l":2}},"ao":0,"shapes":[{"ty":"gr","it":[{"ind":0,"ty":"sh","ix":1,"ks":{"a":0,"k":{"i":[[15.4,0],[0,38.4],[-27.9,0],[-10.6,-9.3],[0,-16.9],[11.5,-10.2]],"o":[[-27.9,0],[0,-38.4],[15.5,0],[11.5,10.2],[0,16.9],[-10.6,9.3]],"v":[[0,55.9],[-58,0],[0,-55.9],[40.4,-41.5],[58,0],[40.4,41.4]],"c":true},"ix":2},"nm":"Path 1","mn":"ADBE Vector Shape - Group","hd":false},{"ty":"fl","c":{"a":0,"k":[0.921568627451,0.560784313725,0,1],"ix":4},"o":{"a":0,"k":100,"ix":5},"r":1,"bm":0,"nm":"Fill 1","mn":"ADBE Vector Graphic - Fill","hd":false},{"ty":"tr","p":{"a":0,"k":[0,0],"ix":2},"a":{"a":0,"k":[0,0],"ix":1},"s":{"a":0,"k":[100,100],"ix":3},"r":{"a":0,"k":0,"ix":6},"o":{"a":0,"k":100,"ix":7},"sk":{"a":0,"k":0,"ix":4},"sa":{"a":0,"k":0,"ix":5},"nm":"Transform"}],"nm":"Group 1","np":2,"cix":2,"bm":0,"ix":1,"mn":"ADBE Vector Group","hd":false}],"ip":0,"op":104,"st":0,"bm":0},{"ddd":0,"ind":17,"ty":4,"nm":"base","parent":1,"sr":1,"ks":{"o":{"a":0,"k":100,"ix":11},"r":{"a":0,"k":0,"ix":10},"p":{"a":0,"k":[0,-4.401,0],"ix":2,"l":2},"a":{"a":0,"k":[0,0,0],"ix":1,"l":2},"s":{"a":0,"k":[400,400,100],"ix":6,"l":2}},"ao":0,"shapes":[{"ty":"gr","it":[{"ind":0,"ty":"sh","ix":1,"ks":{"a":0,"k":{"i":[[15.4,0],[0,38.4],[-27.9,0],[-10.6,-9.3],[0,-16.9],[11.5,-10.2]],"o":[[-27.9,0],[0,-38.4],[15.5,0],[11.5,10.2],[0,16.9],[-10.6,9.3]],"v":[[0,55.9],[-58,0],[0,-55.9],[40.4,-41.5],[58,0],[40.4,41.4]],"c":true},"ix":2},"nm":"Path 1","mn":"ADBE Vector Shape - Group","hd":false},{"ty":"gf","o":{"a":0,"k":100,"ix":10},"r":1,"bm":0,"g":{"p":5,"k":{"a":0,"k":[0.48,0.992,0.878,0.188,0.691,0.98,0.816,0.178,0.902,0.969,0.753,0.169,0.966,0.963,0.694,0.153,1,0.957,0.635,0.137],"ix":9}},"s":{"a":0,"k":[0,0],"ix":5},"e":{"a":0,"k":[56.225,0],"ix":6},"t":2,"h":{"a":0,"k":0,"ix":7},"a":{"a":0,"k":0,"ix":8},"nm":"Gradient Fill 1","mn":"ADBE Vector Graphic - G-Fill","hd":false},{"ty":"tr","p":{"a":0,"k":[0,0],"ix":2},"a":{"a":0,"k":[0,0],"ix":1},"s":{"a":0,"k":[100,100],"ix":3},"r":{"a":0,"k":0,"ix":6},"o":{"a":0,"k":100,"ix":7},"sk":{"a":0,"k":0,"ix":4},"sa":{"a":0,"k":0,"ix":5},"nm":"Transform"}],"nm":"Group 1","np":2,"cix":2,"bm":0,"ix":1,"mn":"ADBE Vector Group","hd":false}],"ip":0,"op":104,"st":0,"bm":0}],"markers":[{"tm":102,"cm":"rest","dr":0}]}