{"v":"5.8.1","fr":60,"ip":0,"op":120,"w":1024,"h":1024,"nm":"emoji_angry","ddd":0,"assets":[],"layers":[{"ddd":0,"ind":1,"ty":3,"nm":"Null ALL","sr":1,"ks":{"o":{"a":0,"k":0,"ix":11},"r":{"a":0,"k":0,"ix":10},"p":{"s":true,"x":{"a":0,"k":512,"ix":3},"y":{"a":1,"k":[{"i":{"x":[0.833],"y":[1]},"o":{"x":[0.167],"y":[0]},"t":10,"s":[500]},{"i":{"x":[0],"y":[1]},"o":{"x":[0.167],"y":[0.167]},"t":20,"s":[500]},{"i":{"x":[0.833],"y":[0.833]},"o":{"x":[0.5],"y":[0]},"t":32.5,"s":[476]},{"i":{"x":[0.833],"y":[0.833]},"o":{"x":[0.167],"y":[0.167]},"t":45,"s":[492.889]},{"i":{"x":[0],"y":[1]},"o":{"x":[0.167],"y":[0.167]},"t":52.5,"s":[552]},{"t":90,"s":[500]}],"ix":4}},"a":{"a":0,"k":[0,0,0],"ix":1,"l":2},"s":{"a":1,"k":[{"i":{"x":[0.833,0.833,0.833],"y":[0.833,0.833,1]},"o":{"x":[0.333,0.333,0.333],"y":[0,0,0]},"t":32.5,"s":[200,200,100]},{"i":{"x":[0.833,0.833,0.833],"y":[0.833,0.833,0.833]},"o":{"x":[0.167,0.167,0.167],"y":[0.167,0.167,0.167]},"t":45,"s":[196,208,100]},{"i":{"x":[0,0,0.667],"y":[1,1,1]},"o":{"x":[0.167,0.167,0.167],"y":[0.167,0.167,0]},"t":52.5,"s":[202,192,100]},{"t":90,"s":[200,200,100]}],"ix":6,"l":2}},"ao":0,"ip":0,"op":120,"st":0,"bm":0},{"ddd":0,"ind":2,"ty":3,"nm":"Null Face","parent":1,"sr":1,"ks":{"o":{"a":0,"k":0,"ix":11},"r":{"a":0,"k":0,"ix":10},"p":{"s":true,"x":{"a":0,"k":0,"ix":3},"y":{"a":1,"k":[{"i":{"x":[0.796],"y":[1]},"o":{"x":[0.167],"y":[0]},"t":0,"s":[82]},{"i":{"x":[0.833],"y":[0.833]},"o":{"x":[0.167],"y":[0]},"t":10,"s":[82]},{"i":{"x":[0.833],"y":[0.833]},"o":{"x":[0.433],"y":[0.352]},"t":20,"s":[98]},{"i":{"x":[0.399],"y":[1]},"o":{"x":[0.167],"y":[0.167]},"t":22.5,"s":[80.78]},{"i":{"x":[0.833],"y":[0.833]},"o":{"x":[1],"y":[0]},"t":32.5,"s":[46]},{"i":{"x":[0.833],"y":[0.833]},"o":{"x":[0.167],"y":[0.167]},"t":45,"s":[79.692]},{"i":{"x":[0.833],"y":[0.833]},"o":{"x":[0.167],"y":[0.167]},"t":50,"s":[102]},{"i":{"x":[0],"y":[1]},"o":{"x":[0.167],"y":[0.167]},"t":52.5,"s":[111.611]},{"t":90,"s":[82]}],"ix":4}},"a":{"a":0,"k":[0,0,0],"ix":1,"l":2},"s":{"a":0,"k":[100,100,100],"ix":6,"l":2}},"ao":0,"ip":0,"op":120,"st":0,"bm":0},{"ddd":0,"ind":3,"ty":4,"nm":"eyes ","parent":2,"sr":1,"ks":{"o":{"a":0,"k":100,"ix":11},"r":{"a":0,"k":0,"ix":10},"p":{"a":0,"k":[4.601,-44.601,0],"ix":2,"l":2},"a":{"a":0,"k":[29.3,12.85,0],"ix":1,"l":2},"s":{"a":0,"k":[400,400,100],"ix":6,"l":2}},"ao":0,"shapes":[{"ty":"gr","it":[{"ind":0,"ty":"sh","ix":1,"ks":{"a":1,"k":[{"i":{"x":0.833,"y":0.833},"o":{"x":0.167,"y":0},"t":10,"s":[{"i":[[0.9,0.899],[0,0],[0.7,-1.401],[-0.9,-0.901],[-0.7,1.399]],"o":[[0,0],[-1.4,-0.7],[-0.5,1.099],[1.4,0.7],[0.6,-1.101]],"v":[[1.55,-2.3],[1.55,-2.3],[-2.25,-1],[-1.65,2.3],[2.15,1]],"c":true}]},{"i":{"x":0,"y":1},"o":{"x":0.167,"y":0.167},"t":20,"s":[{"i":[[0.9,0.894],[0,0],[0.7,-1.393],[-0.9,-0.896],[-0.7,1.391]],"o":[[0,0],[-1.4,-0.696],[-0.5,1.092],[1.4,0.696],[0.6,-1.094]],"v":[[1.55,-0.187],[1.55,-0.187],[-2.25,1.105],[-1.65,4.386],[2.15,3.093]],"c":true}]},{"i":{"x":0.833,"y":0.833},"o":{"x":1,"y":0},"t":32.5,"s":[{"i":[[0.9,0.899],[0,0],[0.7,-1.401],[-0.9,-0.901],[-0.7,1.399]],"o":[[0,0],[-1.4,-0.7],[-0.5,1.099],[1.4,0.7],[0.6,-1.101]],"v":[[1.775,-13.378],[1.775,-13.378],[-2.025,-12.078],[-1.425,-8.778],[2.375,-10.078]],"c":true}]},{"i":{"x":0.833,"y":0.833},"o":{"x":0.167,"y":0.167},"t":50,"s":[{"i":[[0.9,0.894],[0,0],[0.7,-1.393],[-0.9,-0.896],[-0.7,1.391]],"o":[[0,0],[-1.4,-0.696],[-0.5,1.092],[1.4,0.696],[0.6,-1.094]],"v":[[1.55,-3.437],[1.55,-3.437],[-2.25,-2.145],[-1.65,1.136],[2.15,-0.157]],"c":true}]},{"i":{"x":0,"y":1},"o":{"x":0.167,"y":0.167},"t":52.5,"s":[{"i":[[0.9,0.899],[0,0],[0.7,-1.401],[-0.9,-0.901],[-0.7,1.399]],"o":[[0,0],[-1.4,-0.7],[-0.5,1.099],[1.4,0.7],[0.6,-1.101]],"v":[[1.55,-2.3],[1.55,-2.3],[-2.25,-1],[-1.65,2.3],[2.15,1]],"c":true}]},{"t":90,"s":[{"i":[[0.9,0.899],[0,0],[0.7,-1.401],[-0.9,-0.901],[-0.7,1.399]],"o":[[0,0],[-1.4,-0.7],[-0.5,1.099],[1.4,0.7],[0.6,-1.101]],"v":[[1.55,-2.3],[1.55,-2.3],[-2.25,-1],[-1.65,2.3],[2.15,1]],"c":true}]}],"ix":2},"nm":"Path 1","mn":"ADBE Vector Shape - Group","hd":false},{"ty":"fl","c":{"a":0,"k":[0.536999990426,0.375999989229,0.141000007181,1],"ix":4},"o":{"a":0,"k":100,"ix":5},"r":1,"bm":0,"nm":"Fill 1","mn":"ADBE Vector Graphic - Fill","hd":false},{"ty":"tr","p":{"a":0,"k":[43.6,13.451],"ix":2},"a":{"a":0,"k":[0,0],"ix":1},"s":{"a":0,"k":[100,100],"ix":3},"r":{"a":0,"k":0,"ix":6},"o":{"a":0,"k":100,"ix":7},"sk":{"a":0,"k":0,"ix":4},"sa":{"a":0,"k":0,"ix":5},"nm":"Transform"}],"nm":"Group 1","np":2,"cix":2,"bm":0,"ix":1,"mn":"ADBE Vector Group","hd":false},{"ty":"gr","it":[{"ind":0,"ty":"sh","ix":1,"ks":{"a":1,"k":[{"i":{"x":0.833,"y":0.833},"o":{"x":0.167,"y":0},"t":10,"s":[{"i":[[0.9,0.899],[0,0],[0.7,-1.401],[-0.9,-0.901],[-0.7,1.399]],"o":[[0,0],[-1.4,-0.7],[-0.5,1.099],[1.4,0.7],[0.6,-1.101]],"v":[[1.55,-2.3],[1.55,-2.3],[-2.25,-1],[-1.65,2.3],[2.15,1]],"c":true}]},{"i":{"x":0,"y":1},"o":{"x":0.167,"y":0.167},"t":20,"s":[{"i":[[0.9,0.92],[0,0],[0.7,-1.433],[-0.9,-0.922],[-0.7,1.431]],"o":[[0,0],[-1.4,-0.716],[-0.5,1.124],[1.4,0.716],[0.6,-1.126]],"v":[[1.55,-0.292],[1.55,-0.292],[-2.25,1.038],[-1.65,4.414],[2.15,3.084]],"c":true}]},{"i":{"x":0.833,"y":0.833},"o":{"x":1,"y":0},"t":32.5,"s":[{"i":[[0.9,0.899],[0,0],[0.7,-1.401],[-0.9,-0.901],[-0.7,1.399]],"o":[[0,0],[-1.4,-0.7],[-0.5,1.099],[1.4,0.7],[0.6,-1.101]],"v":[[1.369,-13.363],[1.369,-13.363],[-2.431,-12.063],[-1.831,-8.763],[1.969,-10.063]],"c":true}]},{"i":{"x":0.833,"y":0.833},"o":{"x":0.167,"y":0.167},"t":50,"s":[{"i":[[0.9,0.92],[0,0],[0.7,-1.433],[-0.9,-0.922],[-0.7,1.431]],"o":[[0,0],[-1.4,-0.716],[-0.5,1.124],[1.4,0.716],[0.6,-1.126]],"v":[[1.55,-3.542],[1.55,-3.542],[-2.25,-2.212],[-1.65,1.164],[2.15,-0.166]],"c":true}]},{"i":{"x":0,"y":1},"o":{"x":0.167,"y":0.167},"t":52.5,"s":[{"i":[[0.9,0.899],[0,0],[0.7,-1.401],[-0.9,-0.901],[-0.7,1.399]],"o":[[0,0],[-1.4,-0.7],[-0.5,1.099],[1.4,0.7],[0.6,-1.101]],"v":[[1.55,-2.3],[1.55,-2.3],[-2.25,-1],[-1.65,2.3],[2.15,1]],"c":true}]},{"t":90,"s":[{"i":[[0.9,0.899],[0,0],[0.7,-1.401],[-0.9,-0.901],[-0.7,1.399]],"o":[[0,0],[-1.4,-0.7],[-0.5,1.099],[1.4,0.7],[0.6,-1.101]],"v":[[1.55,-2.3],[1.55,-2.3],[-2.25,-1],[-1.65,2.3],[2.15,1]],"c":true}]}],"ix":2},"nm":"Path 1","mn":"ADBE Vector Shape - Group","hd":false},{"ty":"fl","c":{"a":0,"k":[0.536999990426,0.375999989229,0.141000007181,1],"ix":4},"o":{"a":0,"k":100,"ix":5},"r":1,"bm":0,"nm":"Fill 1","mn":"ADBE Vector Graphic - Fill","hd":false},{"ty":"tr","p":{"a":0,"k":[11.1,13.451],"ix":2},"a":{"a":0,"k":[0,0],"ix":1},"s":{"a":0,"k":[100,100],"ix":3},"r":{"a":0,"k":0,"ix":6},"o":{"a":0,"k":100,"ix":7},"sk":{"a":0,"k":0,"ix":4},"sa":{"a":0,"k":0,"ix":5},"nm":"Transform"}],"nm":"Group 2","np":2,"cix":2,"bm":0,"ix":2,"mn":"ADBE Vector Group","hd":false},{"ty":"gr","it":[{"ind":0,"ty":"sh","ix":1,"ks":{"a":1,"k":[{"i":{"x":0.833,"y":0.833},"o":{"x":0.167,"y":0},"t":10,"s":[{"i":[[-0.024,-6.437],[0,0],[0,0],[-4.1,0],[0,4.1],[0,0],[2.3,1.401]],"o":[[0,0],[0,0],[0,4.1],[4.101,0],[0,0],[0,-2.799],[-4.724,-2.5]],"v":[[-8.65,3.4],[-8.65,3.6],[-8.65,5.1],[-1.151,12.6],[6.35,5.1],[6.35,3.6],[2.549,-3.1]],"c":true}]},{"i":{"x":0,"y":1},"o":{"x":0.167,"y":0.167},"t":20,"s":[{"i":[[-0.024,-5.485],[0,0],[0,0],[-4.1,0],[0,3.493],[0,0],[2.3,1.194]],"o":[[0,0],[0,0],[0,3.493],[4.101,0],[0,0],[0,-2.385],[-4.724,-2.13]],"v":[[-8.65,5.511],[-8.65,5.682],[-8.65,6.96],[-1.151,13.35],[6.35,6.96],[6.35,5.682],[2.549,-0.027]],"c":true}]},{"i":{"x":0.833,"y":0.833},"o":{"x":1,"y":0},"t":32.5,"s":[{"i":[[-0.024,-6.437],[0,0],[0,0],[-4.1,0],[0,4.1],[0,0],[2.3,1.401]],"o":[[0,0],[0,0],[0,4.1],[4.101,0],[0,0],[0,-2.799],[-4.724,-2.5]],"v":[[-8.426,-8.959],[-8.426,-8.759],[-8.426,-5.65],[-0.926,1.85],[6.574,-5.65],[6.574,-8.759],[2.774,-15.459]],"c":true}]},{"i":{"x":0.833,"y":0.833},"o":{"x":0.167,"y":0.167},"t":50,"s":[{"i":[[-0.024,-5.485],[0,0],[0,0],[-4.1,0],[0,3.493],[0,0],[2.3,1.194]],"o":[[0,0],[0,0],[0,3.493],[4.101,0],[0,0],[0,-2.385],[-4.724,-2.13]],"v":[[-8.65,2.261],[-8.65,2.432],[-8.65,3.71],[-1.151,10.1],[6.35,3.71],[6.35,2.432],[2.549,-3.277]],"c":true}]},{"i":{"x":0,"y":1},"o":{"x":0.167,"y":0.167},"t":52.5,"s":[{"i":[[-0.024,-6.437],[0,0],[0,0],[-4.1,0],[0,4.1],[0,0],[2.3,1.401]],"o":[[0,0],[0,0],[0,4.1],[4.101,0],[0,0],[0,-2.799],[-4.724,-2.5]],"v":[[-8.65,3.4],[-8.65,3.6],[-8.65,5.1],[-1.151,12.6],[6.35,5.1],[6.35,3.6],[2.549,-3.1]],"c":true}]},{"t":90,"s":[{"i":[[-0.024,-6.437],[0,0],[0,0],[-4.1,0],[0,4.1],[0,0],[2.3,1.401]],"o":[[0,0],[0,0],[0,4.1],[4.101,0],[0,0],[0,-2.799],[-4.724,-2.5]],"v":[[-8.65,3.4],[-8.65,3.6],[-8.65,5.1],[-1.151,12.6],[6.35,5.1],[6.35,3.6],[2.549,-3.1]],"c":true}]}],"ix":2},"nm":"Path 1","mn":"ADBE Vector Shape - Group","hd":false},{"ty":"fl","c":{"a":0,"k":[0.258999992819,0.169000004787,0.051000000449,1],"ix":4},"o":{"a":0,"k":100,"ix":5},"r":1,"bm":0,"nm":"Fill 1","mn":"ADBE Vector Graphic - Fill","hd":false},{"ty":"tr","p":{"a":0,"k":[46.7,12.85],"ix":2},"a":{"a":0,"k":[0,0],"ix":1},"s":{"a":0,"k":[100,100],"ix":3},"r":{"a":0,"k":0,"ix":6},"o":{"a":0,"k":100,"ix":7},"sk":{"a":0,"k":0,"ix":4},"sa":{"a":0,"k":0,"ix":5},"nm":"Transform"}],"nm":"Group 3","np":2,"cix":2,"bm":0,"ix":3,"mn":"ADBE Vector Group","hd":false},{"ty":"gr","it":[{"ind":0,"ty":"sh","ix":1,"ks":{"a":1,"k":[{"i":{"x":0.833,"y":0.833},"o":{"x":0.167,"y":0},"t":10,"s":[{"i":[[6.513,-3.276],[0,-2.699],[0,0],[-4.1,0],[0,4.1],[0,0],[0,0]],"o":[[-2.4,1.399],[0,0],[0,4.1],[4.1,0],[0,0],[0,0],[0,-3.901]],"v":[[-2.45,-3.149],[-6.25,3.55],[-6.25,5.05],[1.25,12.55],[8.75,5.05],[8.75,3.55],[8.75,3.351]],"c":true}]},{"i":{"x":0,"y":1},"o":{"x":0.167,"y":0.167},"t":20,"s":[{"i":[[6.513,-2.768],[0,-2.28],[0,0],[-4.1,0],[0,3.464],[0,0],[0,0]],"o":[[-2.4,1.182],[0,0],[0,3.464],[4.1,0],[0,0],[0,0],[0,-3.296]],"v":[[-2.45,0.036],[-6.25,5.696],[-6.25,6.963],[1.25,13.3],[8.75,6.963],[8.75,5.696],[8.75,5.528]],"c":true}]},{"i":{"x":0.833,"y":0.833},"o":{"x":1,"y":0},"t":32.5,"s":[{"i":[[6.513,-3.276],[0,-2.699],[0,0],[-4.1,0],[0,4.1],[0,0],[0,0]],"o":[[-2.4,1.399],[0,0],[0,4.1],[4.1,0],[0,0],[0,0],[0,-3.901]],"v":[[-2.788,-15.462],[-6.588,-8.606],[-6.588,-5.388],[0.912,2.112],[8.412,-5.388],[8.412,-9.075],[8.412,-9.274]],"c":true}]},{"i":{"x":0.833,"y":0.833},"o":{"x":0.167,"y":0.167},"t":50,"s":[{"i":[[6.513,-2.768],[0,-2.28],[0,0],[-4.1,0],[0,3.464],[0,0],[0,0]],"o":[[-2.4,1.182],[0,0],[0,3.464],[4.1,0],[0,0],[0,0],[0,-3.296]],"v":[[-2.45,-3.214],[-6.25,2.446],[-6.25,3.713],[1.25,10.05],[8.75,3.713],[8.75,2.446],[8.75,2.278]],"c":true}]},{"i":{"x":0,"y":1},"o":{"x":0.167,"y":0.167},"t":52.5,"s":[{"i":[[6.513,-3.276],[0,-2.699],[0,0],[-4.1,0],[0,4.1],[0,0],[0,0]],"o":[[-2.4,1.399],[0,0],[0,4.1],[4.1,0],[0,0],[0,0],[0,-3.901]],"v":[[-2.45,-3.149],[-6.25,3.55],[-6.25,5.05],[1.25,12.55],[8.75,5.05],[8.75,3.55],[8.75,3.351]],"c":true}]},{"t":90,"s":[{"i":[[6.513,-3.276],[0,-2.699],[0,0],[-4.1,0],[0,4.1],[0,0],[0,0]],"o":[[-2.4,1.399],[0,0],[0,4.1],[4.1,0],[0,0],[0,0],[0,-3.901]],"v":[[-2.45,-3.149],[-6.25,3.55],[-6.25,5.05],[1.25,12.55],[8.75,5.05],[8.75,3.55],[8.75,3.351]],"c":true}]}],"ix":2},"nm":"Path 1","mn":"ADBE Vector Shape - Group","hd":false},{"ty":"fl","c":{"a":0,"k":[0.258999992819,0.169000004787,0.051000000449,1],"ix":4},"o":{"a":0,"k":100,"ix":5},"r":1,"bm":0,"nm":"Fill 1","mn":"ADBE Vector Graphic - Fill","hd":false},{"ty":"tr","p":{"a":0,"k":[11.9,12.8],"ix":2},"a":{"a":0,"k":[0,0],"ix":1},"s":{"a":0,"k":[100,100],"ix":3},"r":{"a":0,"k":0,"ix":6},"o":{"a":0,"k":100,"ix":7},"sk":{"a":0,"k":0,"ix":4},"sa":{"a":0,"k":0,"ix":5},"nm":"Transform"}],"nm":"Group 4","np":2,"cix":2,"bm":0,"ix":4,"mn":"ADBE Vector Group","hd":false}],"ip":0,"op":120,"st":0,"bm":0},{"ddd":0,"ind":4,"ty":4,"nm":"eyebrows","parent":2,"sr":1,"ks":{"o":{"a":0,"k":100,"ix":11},"r":{"a":0,"k":0,"ix":10},"p":{"a":0,"k":[4.601,-44.601,0],"ix":2,"l":2},"a":{"a":0,"k":[29.3,12.85,0],"ix":1,"l":2},"s":{"a":0,"k":[400,400,100],"ix":6,"l":2}},"ao":0,"shapes":[{"ty":"gr","it":[{"ind":0,"ty":"sh","ix":1,"ks":{"a":1,"k":[{"i":{"x":0.833,"y":0.833},"o":{"x":0.167,"y":0},"t":10,"s":[{"i":[[0.174,1.421],[1.393,0.148],[0.309,-0.068],[1.246,-0.37],[2.471,-2.563],[-0.391,-1.047],[-1.083,-0.215],[0,0],[-3.928,1.721],[-1.665,0.527]],"o":[[-0.162,-1.325],[-0.298,-0.032],[-1.323,0.161],[-3.451,1.242],[-0.791,0.821],[0.391,1.047],[0,0],[0,0],[2.953,-1.294],[1.258,-0.47]],"v":[[12.369,-9.359],[9.827,-11.942],[9.021,-11.927],[5.106,-11.036],[-10.648,-2.857],[-11.275,0.194],[-8.969,2.149],[-4.872,0.272],[2.856,-3.13],[10.418,-6.147]],"c":true}]},{"i":{"x":0,"y":1},"o":{"x":0.167,"y":0.167},"t":20,"s":[{"i":[[0.402,1.374],[1.399,-0.08],[0.294,-0.117],[1.17,-0.568],[2.022,-2.93],[-0.556,-0.97],[-1.104,-0.036],[0,0],[-3.596,2.335],[-1.557,0.79]],"o":[[-0.375,-1.281],[-0.3,0.017],[-1.28,0.374],[-3.203,1.785],[-0.648,0.938],[0.556,0.97],[0,0],[0,0],[2.704,-1.756],[1.165,-0.667]],"v":[[10.729,-8.182],[7.802,-10.318],[7.009,-10.173],[3.29,-8.658],[-10.927,1.969],[-11.051,5.081],[-8.458,6.636],[-4.721,4.119],[2.353,-0.492],[9.325,-4.696]],"c":true}]},{"i":{"x":0.833,"y":0.833},"o":{"x":1,"y":0},"t":32.5,"s":[{"i":[[0.418,1.369],[1.398,-0.096],[0.292,-0.12],[1.163,-0.581],[1.987,-2.954],[-0.568,-0.963],[-1.261,0.624],[0,0],[-3.568,2.378],[-1.548,0.809]],"o":[[-0.39,-1.276],[-0.299,0.021],[-1.275,0.389],[-3.182,1.823],[-0.636,0.946],[0.568,0.963],[0,0],[0,0],[2.683,-1.788],[1.157,-0.681]],"v":[[7.434,-30.752],[4.481,-32.853],[3.69,-32.699],[-0.011,-31.14],[-12.951,-20.834],[-12.955,-17.688],[-9.276,-16.687],[-6.719,-18.758],[-0.276,-23.208],[6.071,-27.25]],"c":true}]},{"i":{"x":0.833,"y":0.833},"o":{"x":0.167,"y":0.167},"t":50,"s":[{"i":[[0.388,1.378],[1.399,-0.066],[0.295,-0.114],[1.175,-0.556],[2.052,-2.91],[-0.546,-0.975],[-1.103,-0.047],[0,0],[-3.62,2.299],[-1.565,0.774]],"o":[[-0.362,-1.284],[-0.3,0.014],[-1.284,0.361],[-3.221,1.753],[-0.657,0.932],[0.546,0.975],[0,0],[0,0],[2.722,-1.728],[1.172,-0.656]],"v":[[11.719,-12.796],[8.813,-14.962],[8.019,-14.825],[4.285,-13.348],[-10.039,-2.865],[-10.195,0.245],[-7.618,1.826],[-3.855,-0.653],[3.265,-5.191],[10.279,-9.325]],"c":true}]},{"i":{"x":0,"y":1},"o":{"x":0.167,"y":0.167},"t":52.5,"s":[{"i":[[0.3,1.4],[1.401,0],[0.3,-0.1],[1.2,-0.5],[2.2,-2.799],[-0.5,-1],[-1.1,-0.099],[0,0],[-3.724,2.125],[-1.6,0.7]],"o":[[-0.301,-1.3],[-0.3,0],[-1.299,0.3],[-3.3,1.6],[-0.7,0.9],[0.5,1],[0,0],[0,0],[2.8,-1.599],[1.201,-0.6]],"v":[[11.351,-10.3],[8.549,-12.6],[7.749,-12.5],[3.951,-11.2],[-10.85,-1.4],[-11.15,1.7],[-8.65,3.4],[-4.775,1.1],[2.549,-3.1],[9.749,-6.9]],"c":true}]},{"t":90,"s":[{"i":[[0.174,1.421],[1.393,0.148],[0.309,-0.068],[1.246,-0.37],[2.471,-2.563],[-0.391,-1.047],[-1.083,-0.215],[0,0],[-3.928,1.721],[-1.665,0.527]],"o":[[-0.162,-1.325],[-0.298,-0.032],[-1.323,0.161],[-3.451,1.242],[-0.791,0.821],[0.391,1.047],[0,0],[0,0],[2.953,-1.294],[1.258,-0.47]],"v":[[12.369,-9.359],[9.827,-11.942],[9.021,-11.927],[5.106,-11.036],[-10.648,-2.857],[-11.275,0.194],[-8.969,2.149],[-4.872,0.272],[2.856,-3.13],[10.418,-6.147]],"c":true}]}],"ix":2},"nm":"Path 1","mn":"ADBE Vector Shape - Group","hd":false},{"ty":"fl","c":{"a":0,"k":[0.258999992819,0.169000004787,0.051000000449,1],"ix":4},"o":{"a":0,"k":100,"ix":5},"r":1,"bm":0,"nm":"Fill 1","mn":"ADBE Vector Graphic - Fill","hd":false},{"ty":"tr","p":{"a":0,"k":[46.7,12.85],"ix":2},"a":{"a":0,"k":[0,0],"ix":1},"s":{"a":0,"k":[100,100],"ix":3},"r":{"a":0,"k":0,"ix":6},"o":{"a":0,"k":100,"ix":7},"sk":{"a":0,"k":0,"ix":4},"sa":{"a":0,"k":0,"ix":5},"nm":"Transform"}],"nm":"Group 3","np":2,"cix":2,"bm":0,"ix":1,"mn":"ADBE Vector Group","hd":false},{"ty":"gr","it":[{"ind":0,"ty":"sh","ix":1,"ks":{"a":1,"k":[{"i":{"x":0.833,"y":0.833},"o":{"x":0.167,"y":0},"t":10,"s":[{"i":[[0.803,0.81],[3.447,1.253],[1.337,0.248],[0.298,-0.034],[0.049,-1.314],[-1.349,-0.347],[-3.068,-1.249],[-2.211,-0.898],[0,0],[-0.382,1.051]],"o":[[-2.507,-2.529],[-1.261,-0.458],[-0.21,-0.076],[-1.291,0.149],[-0.137,1.425],[1.681,0.611],[4.767,1.94],[1.366,0.555],[1.081,-0.227],[0.306,-0.84]],"v":[[10.541,-2.733],[-5.287,-10.769],[-9.222,-11.723],[-10.028,-11.731],[-12.446,-9.136],[-10.379,-6.053],[-2.79,-3.104],[5.479,0.42],[9.082,2.067],[11.37,0.091]],"c":true}]},{"i":{"x":0,"y":1},"o":{"x":0.167,"y":0.167},"t":20,"s":[{"i":[[0.636,0.947],[3.149,1.88],[1.267,0.496],[0.299,0.022],[0.296,-1.281],[-1.259,-0.596],[-2.778,-1.805],[-2.002,-1.299],[0,0],[-0.573,0.96]],"o":[[-1.985,-2.956],[-1.152,-0.688],[-0.192,-0.115],[-1.296,-0.097],[-0.404,1.374],[1.536,0.917],[4.315,2.804],[1.237,0.802],[1.104,-0.019],[0.458,-0.767]],"v":[[10.843,2.162],[-3.185,-8.714],[-6.87,-10.394],[-7.66,-10.553],[-10.524,-8.461],[-9.075,-5.043],[-2.179,-0.716],[5.278,4.304],[8.505,6.601],[11.125,5.091]],"c":true}]},{"i":{"x":0.833,"y":0.833},"o":{"x":1,"y":0},"t":32.5,"s":[{"i":[[0.657,0.932],[3.192,1.807],[1.278,0.466],[0.3,0.015],[0.267,-1.288],[-1.273,-0.566],[-2.819,-1.74],[-2.032,-1.252],[0,0],[-0.551,0.973]],"o":[[-2.053,-2.909],[-1.168,-0.661],[-0.195,-0.11],[-1.298,-0.067],[-0.372,1.383],[1.557,0.881],[4.379,2.703],[1.255,0.773],[1.275,0.643],[0.441,-0.777]],"v":[[11.934,-20.448],[-1.192,-30.507],[-4.915,-32.1],[-5.709,-32.241],[-8.523,-30.083],[-6.995,-26.7],[-0.575,-22.779],[6.421,-18.178],[8.953,-16.274],[12.285,-17.526]],"c":true}]},{"i":{"x":0.833,"y":0.833},"o":{"x":0.167,"y":0.167},"t":50,"s":[{"i":[[0.649,0.937],[3.176,1.834],[1.274,0.477],[0.299,0.018],[0.278,-1.286],[-1.268,-0.577],[-2.804,-1.764],[-2.021,-1.269],[0,0],[-0.559,0.968]],"o":[[-2.028,-2.927],[-1.162,-0.671],[-0.194,-0.112],[-1.298,-0.078],[-0.383,1.379],[1.549,0.895],[4.356,2.74],[1.249,0.784],[1.104,-0.035],[0.447,-0.774]],"v":[[10.005,-2.274],[-4.18,-12.944],[-7.889,-14.569],[-8.682,-14.717],[-11.515,-12.583],[-10.016,-9.187],[-3.057,-4.961],[4.472,-0.051],[7.733,2.199],[10.331,0.651]],"c":true}]},{"i":{"x":0,"y":1},"o":{"x":0.167,"y":0.167},"t":52.5,"s":[{"i":[[0.7,0.9],[3.3,1.6],[1.3,0.4],[0.3,0],[0.2,-1.3],[-1.3,-0.5],[-2.9,-1.601],[-2.094,-1.146],[0,0],[-0.5,1]],"o":[[-2.2,-2.8],[-1.2,-0.6],[-0.2,-0.1],[-1.3,0],[-0.3,1.4],[1.6,0.8],[4.513,2.474],[1.294,0.708],[1.1,-0.101],[0.4,-0.799]],"v":[[10.75,-1.25],[-4.05,-11.05],[-7.85,-12.45],[-8.65,-12.55],[-11.35,-10.25],[-9.65,-6.95],[-2.45,-3.149],[5.36,1.301],[8.75,3.351],[11.25,1.65]],"c":true}]},{"t":90,"s":[{"i":[[0.803,0.81],[3.447,1.253],[1.337,0.248],[0.298,-0.034],[0.049,-1.314],[-1.349,-0.347],[-3.068,-1.249],[-2.211,-0.898],[0,0],[-0.382,1.051]],"o":[[-2.507,-2.529],[-1.261,-0.458],[-0.21,-0.076],[-1.291,0.149],[-0.137,1.425],[1.681,0.611],[4.767,1.94],[1.366,0.555],[1.081,-0.227],[0.306,-0.84]],"v":[[10.541,-2.733],[-5.287,-10.769],[-9.222,-11.723],[-10.028,-11.731],[-12.446,-9.136],[-10.379,-6.053],[-2.79,-3.104],[5.479,0.42],[9.082,2.067],[11.37,0.091]],"c":true}]}],"ix":2},"nm":"Path 1","mn":"ADBE Vector Shape - Group","hd":false},{"ty":"fl","c":{"a":0,"k":[0.258999992819,0.169000004787,0.051000000449,1],"ix":4},"o":{"a":0,"k":100,"ix":5},"r":1,"bm":0,"nm":"Fill 1","mn":"ADBE Vector Graphic - Fill","hd":false},{"ty":"tr","p":{"a":0,"k":[11.9,12.8],"ix":2},"a":{"a":0,"k":[0,0],"ix":1},"s":{"a":0,"k":[100,100],"ix":3},"r":{"a":0,"k":0,"ix":6},"o":{"a":0,"k":100,"ix":7},"sk":{"a":0,"k":0,"ix":4},"sa":{"a":0,"k":0,"ix":5},"nm":"Transform"}],"nm":"Group 4","np":2,"cix":2,"bm":0,"ix":2,"mn":"ADBE Vector Group","hd":false}],"ip":0,"op":120,"st":0,"bm":0},{"ddd":0,"ind":5,"ty":4,"nm":"mouth open matte","parent":2,"td":1,"sr":1,"ks":{"o":{"a":0,"k":100,"ix":11},"r":{"a":0,"k":0,"ix":10},"p":{"a":1,"k":[{"i":{"x":0.833,"y":0.833},"o":{"x":0.167,"y":0.167},"t":45,"s":[0,26.5,0],"to":[0,3.342,0],"ti":[0,-3.342,0]},{"t":49,"s":[0,46.553,0]}],"ix":2,"l":2},"a":{"a":0,"k":[3.359,57.5,0],"ix":1,"l":2},"s":{"a":0,"k":[100,100,100],"ix":6,"l":2}},"ao":0,"shapes":[{"ty":"gr","it":[{"ind":0,"ty":"sh","ix":1,"ks":{"a":1,"k":[{"i":{"x":0,"y":1},"o":{"x":0.167,"y":0.167},"t":20,"s":[{"i":[[22,-0.5],[5,-5.311],[-2.325,-4.263],[-15.481,2.755],[-12.991,-3.736],[-1.537,2.93],[3.122,4.094]],"o":[[-22,0.5],[-2.961,3.145],[3.335,6.114],[15.034,-2.675],[16.015,4.606],[2.202,-4.198],[-4.864,-6.379]],"v":[[3,53.5],[-38.5,69.855],[-38.835,82.386],[-15.043,82.175],[22.481,82.736],[46.798,82.698],[47.5,69.855]],"c":true}]},{"i":{"x":0.833,"y":0.833},"o":{"x":1,"y":0},"t":35,"s":[{"i":[[22,-0.5],[5,-22.5],[0.485,-20.469],[-15.058,-4.531],[-12.491,2.764],[0.199,13.989],[3.122,17.342]],"o":[[-22,0.5],[-2.961,13.324],[-0.334,14.097],[16.034,4.825],[16.27,-3.6],[-0.298,-21.027],[-4.864,-27.025]],"v":[[3,1],[-38.5,38],[-41.835,88.968],[-19.534,115.175],[27.991,116.236],[51.798,94.527],[47.5,38]],"c":true}]},{"t":50,"s":[{"i":[[22,-0.5],[5,-5.311],[-2.325,-4.263],[-15.481,2.755],[-12.991,-3.736],[-1.537,2.93],[3.122,4.094]],"o":[[-22,0.5],[-2.961,3.145],[3.335,6.114],[15.034,-2.675],[16.015,4.606],[2.202,-4.198],[-4.864,-6.379]],"v":[[3.051,18.404],[-38.449,34.758],[-38.784,47.29],[-14.992,47.079],[22.532,47.64],[46.849,47.602],[47.551,34.758]],"c":true}]}],"ix":2},"nm":"Path 1","mn":"ADBE Vector Shape - Group","hd":false},{"ty":"fl","c":{"a":0,"k":[0.258823529412,0.16862745098,0.050980395897,1],"ix":4},"o":{"a":0,"k":100,"ix":5},"r":1,"bm":0,"nm":"Fill 1","mn":"ADBE Vector Graphic - Fill","hd":false},{"ty":"tr","p":{"a":0,"k":[0,0],"ix":2},"a":{"a":0,"k":[0,0],"ix":1},"s":{"a":0,"k":[100,100],"ix":3},"r":{"a":0,"k":0,"ix":6},"o":{"a":0,"k":100,"ix":7},"sk":{"a":0,"k":0,"ix":4},"sa":{"a":0,"k":0,"ix":5},"nm":"Transform"}],"nm":"Shape 1","np":3,"cix":2,"bm":0,"ix":1,"mn":"ADBE Vector Group","hd":false}],"ip":21,"op":50,"st":-2.5,"bm":0},{"ddd":0,"ind":6,"ty":4,"nm":"tongue","parent":2,"tt":1,"sr":1,"ks":{"o":{"a":0,"k":100,"ix":11},"r":{"a":0,"k":0,"ix":10},"p":{"a":0,"k":[0,84.463,0],"ix":2,"l":2},"a":{"a":0,"k":[6.25,116.75,0],"ix":1,"l":2},"s":{"a":0,"k":[100.287,99.43,100],"ix":6,"l":2}},"ao":0,"shapes":[{"ty":"gr","it":[{"ind":0,"ty":"sh","ix":1,"ks":{"a":1,"k":[{"i":{"x":0.833,"y":0.833},"o":{"x":0.167,"y":0.167},"t":22.5,"s":[{"i":[[42,0],[0,0],[0,0]],"o":[[-37.5,0],[0,0],[0,0]],"v":[[2.5,100.023],[-50.5,110.363],[62,110.363]],"c":true}]},{"t":35,"s":[{"i":[[42,0],[0,0],[0,0]],"o":[[-37.5,0],[0,0],[0,0]],"v":[[2.5,96],[-50.5,134.5],[62,134.5]],"c":true}]}],"ix":2},"nm":"Path 1","mn":"ADBE Vector Shape - Group","hd":false},{"ty":"fl","c":{"a":0,"k":[0.925490255917,0.466666696586,0.435294147566,1],"ix":4},"o":{"a":0,"k":100,"ix":5},"r":1,"bm":0,"nm":"Fill 1","mn":"ADBE Vector Graphic - Fill","hd":false},{"ty":"tr","p":{"a":0,"k":[0,0],"ix":2},"a":{"a":0,"k":[0,0],"ix":1},"s":{"a":0,"k":[100,100],"ix":3},"r":{"a":0,"k":0,"ix":6},"o":{"a":0,"k":100,"ix":7},"sk":{"a":0,"k":0,"ix":4},"sa":{"a":0,"k":0,"ix":5},"nm":"Transform"}],"nm":"Shape 1","np":3,"cix":2,"bm":0,"ix":1,"mn":"ADBE Vector Group","hd":false}],"ip":21,"op":50,"st":0,"bm":0},{"ddd":0,"ind":7,"ty":4,"nm":"mouth open","parent":2,"sr":1,"ks":{"o":{"a":0,"k":100,"ix":11},"r":{"a":0,"k":0,"ix":10},"p":{"a":1,"k":[{"i":{"x":0.833,"y":0.833},"o":{"x":0.167,"y":0.167},"t":45,"s":[0,26.5,0],"to":[0,3.342,0],"ti":[0,-3.342,0]},{"t":49,"s":[0,46.553,0]}],"ix":2,"l":2},"a":{"a":0,"k":[3.359,57.5,0],"ix":1,"l":2},"s":{"a":0,"k":[100,100,100],"ix":6,"l":2}},"ao":0,"shapes":[{"ty":"gr","it":[{"ind":0,"ty":"sh","ix":1,"ks":{"a":1,"k":[{"i":{"x":0,"y":1},"o":{"x":0.167,"y":0.167},"t":20,"s":[{"i":[[22,-0.5],[5,-5.311],[-2.325,-4.263],[-15.481,2.755],[-12.991,-3.736],[-1.537,2.93],[3.122,4.094]],"o":[[-22,0.5],[-2.961,3.145],[3.335,6.114],[15.034,-2.675],[16.015,4.606],[2.202,-4.198],[-4.864,-6.379]],"v":[[3,53.5],[-38.5,69.855],[-38.835,82.386],[-15.043,82.175],[22.481,82.736],[46.798,82.698],[47.5,69.855]],"c":true}]},{"i":{"x":0.833,"y":0.833},"o":{"x":1,"y":0},"t":35,"s":[{"i":[[22,-0.5],[5,-22.5],[0.485,-20.469],[-15.058,-4.531],[-12.491,2.764],[0.199,13.989],[3.122,17.342]],"o":[[-22,0.5],[-2.961,13.324],[-0.334,14.097],[16.034,4.825],[16.27,-3.6],[-0.298,-21.027],[-4.864,-27.025]],"v":[[3,1],[-38.5,38],[-41.835,88.968],[-19.534,115.175],[27.991,116.236],[51.798,94.527],[47.5,38]],"c":true}]},{"t":50,"s":[{"i":[[22,-0.5],[5,-5.311],[-2.325,-4.263],[-15.481,2.755],[-12.991,-3.736],[-1.537,2.93],[3.122,4.094]],"o":[[-22,0.5],[-2.961,3.145],[3.335,6.114],[15.034,-2.675],[16.015,4.606],[2.202,-4.198],[-4.864,-6.379]],"v":[[3.051,18.404],[-38.449,34.758],[-38.784,47.29],[-14.992,47.079],[22.532,47.64],[46.849,47.602],[47.551,34.758]],"c":true}]}],"ix":2},"nm":"Path 1","mn":"ADBE Vector Shape - Group","hd":false},{"ty":"fl","c":{"a":0,"k":[0.258823529412,0.16862745098,0.050980395897,1],"ix":4},"o":{"a":0,"k":100,"ix":5},"r":1,"bm":0,"nm":"Fill 1","mn":"ADBE Vector Graphic - Fill","hd":false},{"ty":"tr","p":{"a":0,"k":[0,0],"ix":2},"a":{"a":0,"k":[0,0],"ix":1},"s":{"a":0,"k":[100,100],"ix":3},"r":{"a":0,"k":0,"ix":6},"o":{"a":0,"k":100,"ix":7},"sk":{"a":0,"k":0,"ix":4},"sa":{"a":0,"k":0,"ix":5},"nm":"Transform"}],"nm":"Shape 1","np":3,"cix":2,"bm":0,"ix":1,"mn":"ADBE Vector Group","hd":false}],"ip":21,"op":50,"st":-2.5,"bm":0},{"ddd":0,"ind":8,"ty":4,"nm":"mouth ","parent":2,"sr":1,"ks":{"o":{"a":1,"k":[{"t":0,"s":[100],"h":1},{"t":21,"s":[0],"h":1},{"t":50,"s":[100],"h":1}],"ix":11},"r":{"a":0,"k":0,"ix":10},"p":{"s":true,"x":{"a":1,"k":[{"i":{"x":[0.833],"y":[1]},"o":{"x":[0.167],"y":[0]},"t":10,"s":[4.399]},{"i":{"x":[0.833],"y":[0.833]},"o":{"x":[0.167],"y":[0.167]},"t":20,"s":[4.399]},{"i":{"x":[0.833],"y":[0.833]},"o":{"x":[0.167],"y":[0.167]},"t":50,"s":[4.399]},{"i":{"x":[0],"y":[1]},"o":{"x":[0.167],"y":[0]},"t":52.5,"s":[4.399]},{"t":90,"s":[4.399]}],"ix":3},"y":{"a":1,"k":[{"i":{"x":[0.833],"y":[1]},"o":{"x":[0.167],"y":[0]},"t":10,"s":[55.8]},{"i":{"x":[0],"y":[1]},"o":{"x":[0.167],"y":[0.167]},"t":20,"s":[55.8]},{"i":{"x":[0.833],"y":[0.833]},"o":{"x":[1],"y":[0]},"t":32.5,"s":[35.8]},{"i":{"x":[0.833],"y":[0.833]},"o":{"x":[0.167],"y":[0.167]},"t":50,"s":[40.109]},{"i":{"x":[0],"y":[1]},"o":{"x":[0.167],"y":[0.167]},"t":52.5,"s":[48.509]},{"t":90,"s":[55.8]}],"ix":4}},"a":{"a":0,"k":[22.45,8.451,0],"ix":1,"l":2},"s":{"a":0,"k":[400,400,100],"ix":6,"l":2}},"ao":0,"shapes":[{"ty":"gr","it":[{"ind":0,"ty":"sh","ix":1,"ks":{"a":1,"k":[{"i":{"x":0.833,"y":0.833},"o":{"x":0.167,"y":0},"t":10,"s":[{"i":[[0.8,0.301],[0.199,0.3],[10.1,-9.7],[0,0],[0.4,-0.1],[0.6,0.5],[-0.3,0.801],[-10.1,0],[-3,-7.6],[0.6,-0.5]],"o":[[-0.3,-0.1],[-9.701,-10.099],[0,0],[-0.2,0.3],[-0.8,0.301],[-0.6,-0.5],[3,-7.6],[10,0],[0.3,0.7],[-0.599,0.5]],"v":[[19.2,7.9],[18.301,7.299],[-17.6,6.6],[-18.3,7.299],[-19.2,7.9],[-21.4,7.501],[-21.9,5.4],[0,-8.201],[21.9,5.4],[21.4,7.501]],"c":true}]},{"i":{"x":0,"y":1},"o":{"x":0.167,"y":0.167},"t":20,"s":[{"i":[[0.816,0.256],[0.215,0.288],[10.659,-9.082],[0,0],[0.405,-0.076],[0.569,0.535],[-0.347,0.782],[-10.1,0],[-3.418,-7.421],[0.571,-0.533]],"o":[[-0.305,-0.083],[-10.248,-9.544],[0,0],[-0.217,0.288],[-0.816,0.253],[-0.569,-0.535],[3.447,-7.408],[10,0],[0.338,0.682],[-0.57,0.533]],"v":[[19.838,6.863],[18.907,6.314],[-18.212,5.561],[-18.953,6.218],[-19.887,6.764],[-22.059,6.235],[-22.433,4.108],[0,-8.201],[22.395,4.217],[22.012,6.342]],"c":true}]},{"i":{"x":0.833,"y":0.833},"o":{"x":1,"y":0},"t":32.5,"s":[{"i":[[0.792,-0.32],[0.35,0.086],[4.871,-0.304],[0,0],[0.365,0.193],[0.113,0.773],[-0.758,0.396],[-5.606,0.259],[-3.282,-1.751],[0.163,-0.885]],"o":[[-0.288,0.13],[-5.421,-0.837],[0,0],[-0.349,0.09],[-0.797,-0.31],[-0.113,-0.773],[2.898,-1.166],[5.4,-0.25],[0.695,0.312],[0.038,0.74]],"v":[[11.889,-9.781],[10.822,-9.613],[-9.471,-10.021],[-10.46,-9.967],[-11.53,-10.121],[-12.902,-11.886],[-11.872,-13.785],[0,-16.201],[12.182,-13.449],[13.237,-11.565]],"c":true}]},{"i":{"x":0.833,"y":0.833},"o":{"x":0.167,"y":0.167},"t":45,"s":[{"i":[[0.792,-0.32],[0.35,0.086],[4.871,-0.304],[0,0],[0.365,0.193],[0.113,0.773],[-0.758,0.396],[-5.606,0.259],[-3.282,-1.751],[0.163,-0.885]],"o":[[-0.288,0.13],[-5.421,-0.837],[0,0],[-0.349,0.09],[-0.797,-0.31],[-0.113,-0.773],[2.898,-1.166],[5.4,-0.25],[0.695,0.312],[0.038,0.74]],"v":[[11.889,-3.781],[10.822,-3.613],[-9.471,-4.021],[-10.46,-3.967],[-11.53,-4.121],[-12.902,-5.886],[-11.872,-7.785],[0,-10.201],[12.182,-7.449],[13.237,-5.565]],"c":true}]},{"i":{"x":0.833,"y":0.833},"o":{"x":0.167,"y":0.167},"t":50,"s":[{"i":[[0.8,0.301],[0.199,0.3],[10.1,-9.7],[0,0],[0.4,-0.1],[0.6,0.5],[-0.3,0.801],[-10.1,0],[-3,-7.6],[0.6,-0.5]],"o":[[-0.3,-0.1],[-9.701,-10.099],[0,0],[-0.2,0.3],[-0.8,0.301],[-0.6,-0.5],[3,-7.6],[10,0],[0.3,0.7],[-0.599,0.5]],"v":[[19.2,7.9],[18.301,7.299],[-17.6,6.6],[-18.3,7.299],[-19.2,7.9],[-21.4,7.501],[-21.9,5.4],[0,-8.201],[21.9,5.4],[21.4,7.501]],"c":true}]},{"i":{"x":0,"y":1},"o":{"x":0.167,"y":0.167},"t":52.5,"s":[{"i":[[0.8,0.301],[0.199,0.3],[10.1,-9.7],[0,0],[0.4,-0.1],[0.6,0.5],[-0.3,0.801],[-10.1,0],[-3,-7.6],[0.6,-0.5]],"o":[[-0.3,-0.1],[-9.701,-10.099],[0,0],[-0.2,0.3],[-0.8,0.301],[-0.6,-0.5],[3,-7.6],[10,0],[0.3,0.7],[-0.599,0.5]],"v":[[19.2,7.9],[18.301,7.299],[-17.6,6.6],[-18.3,7.299],[-19.2,7.9],[-21.4,7.501],[-21.9,5.4],[0,-8.201],[21.9,5.4],[21.4,7.501]],"c":true}]},{"t":90,"s":[{"i":[[0.8,0.301],[0.199,0.3],[10.1,-9.7],[0,0],[0.4,-0.1],[0.6,0.5],[-0.3,0.801],[-10.1,0],[-3,-7.6],[0.6,-0.5]],"o":[[-0.3,-0.1],[-9.701,-10.099],[0,0],[-0.2,0.3],[-0.8,0.301],[-0.6,-0.5],[3,-7.6],[10,0],[0.3,0.7],[-0.599,0.5]],"v":[[19.2,7.9],[18.301,7.299],[-17.6,6.6],[-18.3,7.299],[-19.2,7.9],[-21.4,7.501],[-21.9,5.4],[0,-8.201],[21.9,5.4],[21.4,7.501]],"c":true}]}],"ix":2},"nm":"Path 1","mn":"ADBE Vector Shape - Group","hd":false},{"ty":"fl","c":{"a":0,"k":[0.258999992819,0.169000004787,0.051000000449,1],"ix":4},"o":{"a":0,"k":100,"ix":5},"r":1,"bm":0,"nm":"Fill 1","mn":"ADBE Vector Graphic - Fill","hd":false},{"ty":"tr","p":{"a":0,"k":[22.45,8.45],"ix":2},"a":{"a":0,"k":[0,0],"ix":1},"s":{"a":0,"k":[100,100],"ix":3},"r":{"a":0,"k":0,"ix":6},"o":{"a":0,"k":100,"ix":7},"sk":{"a":0,"k":0,"ix":4},"sa":{"a":0,"k":0,"ix":5},"nm":"Transform"}],"nm":"Group 1","np":2,"cix":2,"bm":0,"ix":1,"mn":"ADBE Vector Group","hd":false}],"ip":0,"op":120,"st":0,"bm":0},{"ddd":0,"ind":9,"ty":4,"nm":"base matte","parent":11,"td":1,"sr":1,"ks":{"o":{"a":0,"k":100,"ix":11},"r":{"a":0,"k":0,"ix":10},"p":{"a":0,"k":[-2,-3,0],"ix":2,"l":2},"a":{"a":0,"k":[0,0,0],"ix":1,"l":2},"s":{"a":0,"k":[100,100,100],"ix":6,"l":2}},"ao":0,"shapes":[{"ty":"gr","it":[{"ind":0,"ty":"sh","ix":1,"ks":{"a":0,"k":{"i":[[15.4,0],[0,38.4],[-27.9,0],[-10.6,-9.3],[0,-16.9],[11.5,-10.2]],"o":[[-27.9,0],[0,-38.4],[15.5,0],[11.5,10.2],[0,16.9],[-10.6,9.3]],"v":[[0,55.9],[-58,0],[0,-55.9],[40.4,-41.5],[58,0],[40.4,41.4]],"c":true},"ix":2},"nm":"Path 1","mn":"ADBE Vector Shape - Group","hd":false},{"ty":"gf","o":{"a":0,"k":100,"ix":10},"r":1,"bm":0,"g":{"p":5,"k":{"a":0,"k":[0.48,0.992,0.878,0.188,0.691,0.98,0.816,0.178,0.902,0.969,0.753,0.169,0.966,0.963,0.694,0.153,1,0.957,0.635,0.137],"ix":9}},"s":{"a":0,"k":[0,0],"ix":5},"e":{"a":0,"k":[56.225,0],"ix":6},"t":2,"h":{"a":0,"k":0,"ix":7},"a":{"a":0,"k":0,"ix":8},"nm":"Gradient Fill 1","mn":"ADBE Vector Graphic - G-Fill","hd":false},{"ty":"tr","p":{"a":0,"k":[0,0],"ix":2},"a":{"a":0,"k":[0,0],"ix":1},"s":{"a":0,"k":[100,100],"ix":3},"r":{"a":0,"k":0,"ix":6},"o":{"a":0,"k":100,"ix":7},"sk":{"a":0,"k":0,"ix":4},"sa":{"a":0,"k":0,"ix":5},"nm":"Transform"}],"nm":"Group 1","np":2,"cix":2,"bm":0,"ix":1,"mn":"ADBE Vector Group","hd":false}],"ip":0,"op":120,"st":0,"bm":0},{"ddd":0,"ind":10,"ty":4,"nm":"base shadow","parent":11,"tt":2,"sr":1,"ks":{"o":{"a":0,"k":100,"ix":11},"r":{"a":0,"k":0,"ix":10},"p":{"a":0,"k":[0,0,0],"ix":2,"l":2},"a":{"a":0,"k":[0,0,0],"ix":1,"l":2},"s":{"a":0,"k":[100,100,100],"ix":6,"l":2}},"ao":0,"shapes":[{"ty":"gr","it":[{"ind":0,"ty":"sh","ix":1,"ks":{"a":0,"k":{"i":[[15.4,0],[0,38.4],[-27.9,0],[-10.6,-9.3],[0,-16.9],[11.5,-10.2]],"o":[[-27.9,0],[0,-38.4],[15.5,0],[11.5,10.2],[0,16.9],[-10.6,9.3]],"v":[[0,55.9],[-58,0],[0,-55.9],[40.4,-41.5],[58,0],[40.4,41.4]],"c":true},"ix":2},"nm":"Path 1","mn":"ADBE Vector Shape - Group","hd":false},{"ty":"fl","c":{"a":0,"k":[0.921568632126,0.560784339905,0,1],"ix":4},"o":{"a":0,"k":100,"ix":5},"r":1,"bm":0,"nm":"Fill 1","mn":"ADBE Vector Graphic - Fill","hd":false},{"ty":"tr","p":{"a":0,"k":[0,0],"ix":2},"a":{"a":0,"k":[0,0],"ix":1},"s":{"a":0,"k":[100,100],"ix":3},"r":{"a":0,"k":0,"ix":6},"o":{"a":0,"k":100,"ix":7},"sk":{"a":0,"k":0,"ix":4},"sa":{"a":0,"k":0,"ix":5},"nm":"Transform"}],"nm":"Group 1","np":2,"cix":2,"bm":0,"ix":1,"mn":"ADBE Vector Group","hd":false}],"ip":0,"op":120,"st":0,"bm":0},{"ddd":0,"ind":11,"ty":4,"nm":"base normal","parent":1,"sr":1,"ks":{"o":{"a":0,"k":100,"ix":11},"r":{"a":0,"k":0,"ix":10},"p":{"a":0,"k":[0,6,0],"ix":2,"l":2},"a":{"a":0,"k":[0,0,0],"ix":1,"l":2},"s":{"a":0,"k":[400,400,100],"ix":6,"l":2}},"ao":0,"shapes":[{"ty":"gr","it":[{"ind":0,"ty":"sh","ix":1,"ks":{"a":0,"k":{"i":[[15.4,0],[0,38.4],[-27.9,0],[-10.6,-9.3],[0,-16.9],[11.5,-10.2]],"o":[[-27.9,0],[0,-38.4],[15.5,0],[11.5,10.2],[0,16.9],[-10.6,9.3]],"v":[[0,55.9],[-58,0],[0,-55.9],[40.4,-41.5],[58,0],[40.4,41.4]],"c":true},"ix":2},"nm":"Path 1","mn":"ADBE Vector Shape - Group","hd":false},{"ty":"gf","o":{"a":0,"k":100,"ix":10},"r":1,"bm":0,"g":{"p":5,"k":{"a":0,"k":[0.48,0.992,0.878,0.188,0.691,0.98,0.816,0.178,0.902,0.969,0.753,0.169,0.966,0.963,0.694,0.153,1,0.957,0.635,0.137],"ix":9}},"s":{"a":0,"k":[0,0],"ix":5},"e":{"a":0,"k":[56.225,0],"ix":6},"t":2,"h":{"a":0,"k":0,"ix":7},"a":{"a":0,"k":0,"ix":8},"nm":"Gradient Fill 1","mn":"ADBE Vector Graphic - G-Fill","hd":false},{"ty":"tr","p":{"a":0,"k":[0,0],"ix":2},"a":{"a":0,"k":[0,0],"ix":1},"s":{"a":0,"k":[100,100],"ix":3},"r":{"a":0,"k":0,"ix":6},"o":{"a":0,"k":100,"ix":7},"sk":{"a":0,"k":0,"ix":4},"sa":{"a":0,"k":0,"ix":5},"nm":"Transform"}],"nm":"Group 1","np":2,"cix":2,"bm":0,"ix":1,"mn":"ADBE Vector Group","hd":false}],"ip":0,"op":120,"st":0,"bm":0}],"markers":[{"tm":119,"cm":"rest","dr":0}]}