{"v":"5.8.1","fr":60,"ip":0,"op":84,"w":1024,"h":1024,"nm":"emoji_Cricket game","ddd":0,"assets":[{"id":"comp_0","nm":"cricket ball","fr":60,"layers":[{"ddd":0,"ind":1,"ty":4,"nm":"Layer 6 Outlines 3","td":1,"sr":1,"ks":{"o":{"a":0,"k":100,"ix":11},"r":{"a":1,"k":[{"i":{"x":[0.833],"y":[0.833]},"o":{"x":[0.167],"y":[0.167]},"t":0,"s":[0]},{"t":120,"s":[720]}],"ix":10},"p":{"a":0,"k":[480.063,544.375,0],"ix":2,"l":2},"a":{"a":0,"k":[480.063,544.375,0],"ix":1,"l":2},"s":{"a":0,"k":[100,100,100],"ix":6,"l":2}},"ao":0,"shapes":[{"ty":"gr","it":[{"ind":0,"ty":"sh","ix":1,"ks":{"a":0,"k":{"i":[[49.52,-44.16],[-52.8,-54.16],[-53.2,50.72],[28.96,33.84]],"o":[[-45.92,40.88],[44.72,45.92],[48.56,-46.4],[-42.48,-49.6]],"v":[[-78.6,-91.52],[-83.4,84.32],[87.64,84.96],[94.92,-78.16]],"c":true},"ix":2},"nm":"Path 1","mn":"ADBE Vector Shape - Group","hd":false},{"ty":"fl","c":{"a":0,"k":[0.647000002394,0.141000007181,0.081999999402,1],"ix":4},"o":{"a":0,"k":100,"ix":5},"r":1,"bm":0,"nm":"Fill 1","mn":"ADBE Vector Graphic - Fill","hd":false},{"ty":"tr","p":{"a":0,"k":[478.951,544.108],"ix":2},"a":{"a":0,"k":[0,0],"ix":1},"s":{"a":0,"k":[100,100],"ix":3},"r":{"a":0,"k":0,"ix":6},"o":{"a":0,"k":100,"ix":7},"sk":{"a":0,"k":0,"ix":4},"sa":{"a":0,"k":0,"ix":5},"nm":"Transform"}],"nm":"Group 2","np":2,"cix":2,"bm":0,"ix":1,"mn":"ADBE Vector Group","hd":false}],"ip":0,"op":122,"st":0,"bm":0},{"ddd":0,"ind":2,"ty":4,"nm":"Layer 2 Outlines","parent":6,"tt":1,"sr":1,"ks":{"o":{"a":0,"k":100,"ix":11},"r":{"a":0,"k":0,"ix":10},"p":{"a":0,"k":[512,512,0],"ix":2,"l":2},"a":{"a":0,"k":[512,512,0],"ix":1,"l":2},"s":{"a":0,"k":[100,100,100],"ix":6,"l":2}},"ao":0,"shapes":[{"ty":"gr","it":[{"ind":0,"ty":"sh","ix":1,"ks":{"a":1,"k":[{"i":{"x":0.833,"y":0.833},"o":{"x":0.167,"y":0.167},"t":0,"s":[{"i":[[0,0],[58.375,-42.947],[31.199,-7.787]],"o":[[0,0],[-57.36,42.199],[0,0]],"v":[[126.856,-91.49],[24.1,25.931],[-126.856,91.49]],"c":false}]},{"i":{"x":0.833,"y":0.833},"o":{"x":0.167,"y":0.167},"t":22,"s":[{"i":[[0,0],[82.595,-50.892],[58.14,11.175]],"o":[[0,0],[-69.171,42.62],[0,0]],"v":[[137.877,-107.915],[60.758,76.474],[-175.381,78.914]],"c":false}]},{"i":{"x":0.833,"y":0.833},"o":{"x":0.167,"y":0.167},"t":56,"s":[{"i":[[0,0],[58.375,-42.947],[0,0]],"o":[[0,0],[-57.36,42.199],[0,0]],"v":[[127.269,-102.252],[-8.612,-24.756],[-132.237,91.283]],"c":false}]},{"i":{"x":0.833,"y":0.833},"o":{"x":0.167,"y":0.167},"t":80,"s":[{"i":[[0,0],[86.687,-71.499],[0,0]],"o":[[-0.64,4.08],[-75.92,62.619],[0,0]],"v":[[126.856,-91.49],[48.353,47.675],[-149.094,94.725]],"c":false}]},{"i":{"x":0.833,"y":0.833},"o":{"x":0.167,"y":0.167},"t":120,"s":[{"i":[[0,0],[58.375,-42.947],[31.199,-7.787]],"o":[[0,0],[-57.36,42.199],[0,0]],"v":[[126.856,-91.49],[24.1,25.931],[-126.856,91.49]],"c":false}]},{"i":{"x":0.833,"y":0.833},"o":{"x":0.167,"y":0.167},"t":142,"s":[{"i":[[0,0],[82.595,-50.892],[58.14,11.175]],"o":[[0,0],[-69.171,42.62],[0,0]],"v":[[137.877,-107.915],[60.758,76.474],[-175.381,78.914]],"c":false}]},{"i":{"x":0.833,"y":0.833},"o":{"x":0.167,"y":0.167},"t":176,"s":[{"i":[[0,0],[58.375,-42.947],[0,0]],"o":[[0,0],[-57.36,42.199],[0,0]],"v":[[127.269,-102.252],[-8.612,-24.756],[-132.237,91.283]],"c":false}]},{"i":{"x":0.833,"y":0.833},"o":{"x":0.167,"y":0.167},"t":200,"s":[{"i":[[0,0],[86.687,-71.499],[0,0]],"o":[[-0.64,4.08],[-75.92,62.619],[0,0]],"v":[[126.856,-91.49],[48.353,47.675],[-149.094,94.725]],"c":false}]},{"t":240,"s":[{"i":[[0,0],[58.375,-42.947],[0,0]],"o":[[-0.64,4.08],[-57.36,42.199],[0,0]],"v":[[126.856,-91.49],[24.1,25.931],[-126.856,91.49]],"c":false}]}],"ix":2},"nm":"Path 1","mn":"ADBE Vector Shape - Group","hd":false},{"ty":"st","c":{"a":0,"k":[0.991999966491,0.905999995213,0.769000004787,1],"ix":3},"o":{"a":0,"k":100,"ix":4},"w":{"a":0,"k":26,"ix":5},"lc":1,"lj":1,"ml":10,"bm":0,"nm":"Stroke 1","mn":"ADBE Vector Graphic - Stroke","hd":false},{"ty":"tr","p":{"a":0,"k":[487.531,572.498],"ix":2},"a":{"a":0,"k":[0,0],"ix":1},"s":{"a":0,"k":[100,100],"ix":3},"r":{"a":0,"k":0,"ix":6},"o":{"a":0,"k":100,"ix":7},"sk":{"a":0,"k":0,"ix":4},"sa":{"a":0,"k":0,"ix":5},"nm":"Transform"}],"nm":"Group 1","np":2,"cix":2,"bm":0,"ix":1,"mn":"ADBE Vector Group","hd":false},{"ty":"gr","it":[{"ind":0,"ty":"sh","ix":1,"ks":{"a":1,"k":[{"i":{"x":0.833,"y":0.833},"o":{"x":0.167,"y":0.167},"t":0,"s":[{"i":[[0,0],[-83.31,64.652],[-7.387,35.129]],"o":[[0,0],[83.789,-65.023],[0,0]],"v":[[-134.638,114.903],[25.158,50.684],[134.638,-114.903]],"c":false}]},{"i":{"x":0.833,"y":0.833},"o":{"x":0.167,"y":0.167},"t":22,"s":[{"i":[[0,0],[-86.187,55.145],[0,0]],"o":[[0,0],[89.338,-57.161],[0,0]],"v":[[-145.27,101.601],[70.929,108.297],[124.305,-120.402]],"c":false}]},{"i":{"x":0.833,"y":0.833},"o":{"x":0.167,"y":0.167},"t":56,"s":[{"i":[[0,0],[-44.019,30.348],[-39.611,15.309]],"o":[[0,0],[87.319,-60.2],[0,0]],"v":[[-161.663,141.183],[-9.788,0.097],[196.365,-106.03]],"c":false}]},{"i":{"x":0.833,"y":0.833},"o":{"x":0.167,"y":0.167},"t":80,"s":[{"i":[[0,0],[-44.019,30.348],[0,0]],"o":[[86.671,17.315],[87.319,-60.2],[0,0]],"v":[[-134.638,114.903],[49.051,79.384],[134.638,-114.903]],"c":false}]},{"i":{"x":0.833,"y":0.833},"o":{"x":0.167,"y":0.167},"t":120,"s":[{"i":[[0,0],[-83.31,64.652],[-7.387,35.129]],"o":[[0,0],[83.789,-65.023],[0,0]],"v":[[-134.638,114.903],[25.158,50.684],[134.638,-114.903]],"c":false}]},{"i":{"x":0.833,"y":0.833},"o":{"x":0.167,"y":0.167},"t":142,"s":[{"i":[[0,0],[-86.187,55.145],[0,0]],"o":[[0,0],[89.338,-57.161],[0,0]],"v":[[-145.27,101.601],[70.929,108.297],[124.305,-120.402]],"c":false}]},{"i":{"x":0.833,"y":0.833},"o":{"x":0.167,"y":0.167},"t":176,"s":[{"i":[[0,0],[-44.019,30.348],[-39.611,15.309]],"o":[[0,0],[87.319,-60.2],[0,0]],"v":[[-161.663,141.183],[-9.788,0.097],[196.365,-106.03]],"c":false}]},{"i":{"x":0.833,"y":0.833},"o":{"x":0.167,"y":0.167},"t":200,"s":[{"i":[[0,0],[-44.019,30.348],[0,0]],"o":[[86.671,17.315],[87.319,-60.2],[0,0]],"v":[[-134.638,114.903],[49.051,79.384],[134.638,-114.903]],"c":false}]},{"t":240,"s":[{"i":[[0,0],[-44.019,30.348],[0,0]],"o":[[80.345,-13.962],[87.319,-60.2],[0,0]],"v":[[-134.638,114.903],[25.158,50.684],[134.638,-114.903]],"c":false}]}],"ix":2},"nm":"Path 1","mn":"ADBE Vector Shape - Group","hd":false},{"ty":"st","c":{"a":0,"k":[0.991999966491,0.905999995213,0.769000004787,1],"ix":3},"o":{"a":0,"k":100,"ix":4},"w":{"a":0,"k":26,"ix":5},"lc":1,"lj":1,"ml":10,"bm":0,"nm":"Stroke 1","mn":"ADBE Vector Graphic - Stroke","hd":false},{"ty":"tr","p":{"a":0,"k":[461.152,505.664],"ix":2},"a":{"a":0,"k":[0,0],"ix":1},"s":{"a":0,"k":[100,100],"ix":3},"r":{"a":0,"k":0,"ix":6},"o":{"a":0,"k":100,"ix":7},"sk":{"a":0,"k":0,"ix":4},"sa":{"a":0,"k":0,"ix":5},"nm":"Transform"}],"nm":"Group 2","np":2,"cix":2,"bm":0,"ix":2,"mn":"ADBE Vector Group","hd":false}],"ip":0,"op":122,"st":0,"bm":0},{"ddd":0,"ind":3,"ty":4,"nm":"Layer 6 Outlines 4","td":1,"sr":1,"ks":{"o":{"a":0,"k":100,"ix":11},"r":{"a":1,"k":[{"i":{"x":[0.833],"y":[0.833]},"o":{"x":[0.167],"y":[0.167]},"t":0,"s":[0]},{"i":{"x":[0.833],"y":[0.833]},"o":{"x":[0.167],"y":[0.167]},"t":120,"s":[0]},{"t":240,"s":[720]}],"ix":10},"p":{"a":0,"k":[480.063,544.375,0],"ix":2,"l":2},"a":{"a":0,"k":[480.063,544.375,0],"ix":1,"l":2},"s":{"a":0,"k":[100,100,100],"ix":6,"l":2}},"ao":0,"shapes":[{"ty":"gr","it":[{"ind":0,"ty":"sh","ix":1,"ks":{"a":0,"k":{"i":[[49.52,-44.16],[-52.8,-54.16],[-53.2,50.72],[28.96,33.84]],"o":[[-45.92,40.88],[44.72,45.92],[48.56,-46.4],[-42.48,-49.6]],"v":[[-78.6,-91.52],[-83.4,84.32],[87.64,84.96],[94.92,-78.16]],"c":true},"ix":2},"nm":"Path 1","mn":"ADBE Vector Shape - Group","hd":false},{"ty":"fl","c":{"a":0,"k":[0.647000002394,0.141000007181,0.081999999402,1],"ix":4},"o":{"a":0,"k":100,"ix":5},"r":1,"bm":0,"nm":"Fill 1","mn":"ADBE Vector Graphic - Fill","hd":false},{"ty":"tr","p":{"a":0,"k":[478.951,544.108],"ix":2},"a":{"a":0,"k":[0,0],"ix":1},"s":{"a":0,"k":[100,100],"ix":3},"r":{"a":0,"k":0,"ix":6},"o":{"a":0,"k":100,"ix":7},"sk":{"a":0,"k":0,"ix":4},"sa":{"a":0,"k":0,"ix":5},"nm":"Transform"}],"nm":"Group 2","np":2,"cix":2,"bm":0,"ix":1,"mn":"ADBE Vector Group","hd":false}],"ip":0,"op":122,"st":0,"bm":0},{"ddd":0,"ind":4,"ty":4,"nm":"Layer 2 Outlines 2","parent":6,"tt":1,"sr":1,"ks":{"o":{"a":0,"k":100,"ix":11},"r":{"a":0,"k":0,"ix":10},"p":{"a":0,"k":[512,512,0],"ix":2,"l":2},"a":{"a":0,"k":[512,512,0],"ix":1,"l":2},"s":{"a":0,"k":[100,100,100],"ix":6,"l":2}},"ao":0,"shapes":[{"ty":"gr","it":[{"ind":0,"ty":"sh","ix":1,"ks":{"a":1,"k":[{"i":{"x":0.833,"y":0.833},"o":{"x":0.167,"y":0.167},"t":0,"s":[{"i":[[0,0],[-44.019,30.348],[0,0]],"o":[[80.345,-13.962],[87.319,-60.2],[0,0]],"v":[[-127.638,139.903],[39.158,71.684],[150.638,-85.903]],"c":false}]},{"i":{"x":0.833,"y":0.833},"o":{"x":0.167,"y":0.167},"t":22,"s":[{"i":[[0,0],[-44.019,30.348],[0,0]],"o":[[118.01,28.463],[87.319,-60.2],[0,0]],"v":[[-123.633,134.598],[77.62,115.729],[146.46,-97.29]],"c":false}]},{"i":{"x":0.833,"y":0.833},"o":{"x":0.167,"y":0.167},"t":56,"s":[{"i":[[0,0],[-44.019,30.348],[0,0]],"o":[[64.897,-69.003],[87.319,-60.2],[0,0]],"v":[[-145.226,158.353],[6.65,17.267],[212.803,-88.859]],"c":false}]},{"i":{"x":0.833,"y":0.833},"o":{"x":0.167,"y":0.167},"t":80,"s":[{"i":[[0,0],[-44.019,30.348],[0,0]],"o":[[86.671,17.315],[87.319,-60.2],[0,0]],"v":[[-124.272,130.858],[59.417,95.338],[145.004,-98.949]],"c":false}]},{"i":{"x":0.833,"y":0.833},"o":{"x":0.167,"y":0.167},"t":118,"s":[{"i":[[0,0],[-44.019,30.348],[0,0]],"o":[[80.661,-12.398],[87.319,-60.2],[0,0]],"v":[[-124.522,133.076],[36.468,70.292],[144.754,-96.731]],"c":false}]},{"i":{"x":0.833,"y":0.833},"o":{"x":0.167,"y":0.167},"t":120,"s":[{"i":[[0,0],[-44.019,30.348],[0,0]],"o":[[80.345,-13.962],[87.319,-60.2],[0,0]],"v":[[-127.638,139.903],[39.158,71.684],[150.638,-85.903]],"c":false}]},{"i":{"x":0.833,"y":0.833},"o":{"x":0.167,"y":0.167},"t":142,"s":[{"i":[[0,0],[-44.019,30.348],[0,0]],"o":[[118.01,28.463],[87.319,-60.2],[0,0]],"v":[[-123.633,134.598],[77.62,115.729],[146.46,-97.29]],"c":false}]},{"i":{"x":0.833,"y":0.833},"o":{"x":0.167,"y":0.167},"t":176,"s":[{"i":[[0,0],[-44.019,30.348],[0,0]],"o":[[64.897,-69.003],[87.319,-60.2],[0,0]],"v":[[-145.226,158.353],[6.65,17.267],[212.803,-88.859]],"c":false}]},{"i":{"x":0.833,"y":0.833},"o":{"x":0.167,"y":0.167},"t":200,"s":[{"i":[[0,0],[-44.019,30.348],[0,0]],"o":[[86.671,17.315],[87.319,-60.2],[0,0]],"v":[[-124.272,130.858],[59.417,95.338],[145.004,-98.949]],"c":false}]},{"i":{"x":0.833,"y":0.833},"o":{"x":0.167,"y":0.167},"t":238,"s":[{"i":[[0,0],[-44.019,30.348],[0,0]],"o":[[80.661,-12.398],[87.319,-60.2],[0,0]],"v":[[-124.522,133.076],[36.468,70.292],[144.754,-96.731]],"c":false}]},{"t":240,"s":[{"i":[[0,0],[-44.019,30.348],[0,0]],"o":[[80.345,-13.962],[87.319,-60.2],[0,0]],"v":[[-134.638,114.903],[25.158,50.684],[134.638,-114.903]],"c":false}]}],"ix":2},"nm":"Path 1","mn":"ADBE Vector Shape - Group","hd":false},{"ty":"st","c":{"a":0,"k":[0.545104980469,0.12548828125,0.043151855469,1],"ix":3},"o":{"a":0,"k":100,"ix":4},"w":{"a":0,"k":45,"ix":5},"lc":1,"lj":1,"ml":10,"bm":0,"nm":"Stroke 1","mn":"ADBE Vector Graphic - Stroke","hd":false},{"ty":"tr","p":{"a":0,"k":[461.152,505.664],"ix":2},"a":{"a":0,"k":[0,0],"ix":1},"s":{"a":0,"k":[100,100],"ix":3},"r":{"a":0,"k":0,"ix":6},"o":{"a":0,"k":100,"ix":7},"sk":{"a":0,"k":0,"ix":4},"sa":{"a":0,"k":0,"ix":5},"nm":"Transform"}],"nm":"Group 2","np":2,"cix":2,"bm":0,"ix":1,"mn":"ADBE Vector Group","hd":false}],"ip":0,"op":122,"st":0,"bm":0},{"ddd":0,"ind":5,"ty":4,"nm":"Layer 6 Outlines 2","sr":1,"ks":{"o":{"a":0,"k":100,"ix":11},"r":{"a":0,"k":0,"ix":10},"p":{"a":0,"k":[512,512,0],"ix":2,"l":2},"a":{"a":0,"k":[512,512,0],"ix":1,"l":2},"s":{"a":0,"k":[100,100,100],"ix":6,"l":2}},"ao":0,"shapes":[{"ty":"gr","it":[{"ind":0,"ty":"sh","ix":1,"ks":{"a":0,"k":{"i":[[29.36,3.52],[17.68,-42.08],[-7.84,-2.16],[-28.48,18.8],[-3.92,10.56]],"o":[[-14.16,-1.68],[-16.08,38.32],[12.88,3.6],[28.48,-18.8],[2.8,-7.36]],"v":[[24.92,-59.6],[-45.24,-10.64],[-43.08,57.68],[8.6,-9.76],[58.52,-26.88]],"c":true},"ix":2},"nm":"Path 1","mn":"ADBE Vector Shape - Group","hd":false},{"ty":"fl","c":{"a":0,"k":[0.823999980852,0.375999989229,0.317999985639,1],"ix":4},"o":{"a":0,"k":100,"ix":5},"r":1,"bm":0,"nm":"Fill 1","mn":"ADBE Vector Graphic - Fill","hd":false},{"ty":"tr","p":{"a":0,"k":[439.111,500.508],"ix":2},"a":{"a":0,"k":[0,0],"ix":1},"s":{"a":0,"k":[100,100],"ix":3},"r":{"a":0,"k":0,"ix":6},"o":{"a":0,"k":100,"ix":7},"sk":{"a":0,"k":0,"ix":4},"sa":{"a":0,"k":0,"ix":5},"nm":"Transform"}],"nm":"Group 1","np":2,"cix":2,"bm":0,"ix":1,"mn":"ADBE Vector Group","hd":false}],"ip":0,"op":122,"st":0,"bm":0},{"ddd":0,"ind":6,"ty":4,"nm":"Layer 6 Outlines","parent":7,"sr":1,"ks":{"o":{"a":0,"k":100,"ix":11},"r":{"a":0,"k":0,"ix":10},"p":{"a":0,"k":[-31.938,32.375,0],"ix":2,"l":2},"a":{"a":0,"k":[480.063,544.375,0],"ix":1,"l":2},"s":{"a":0,"k":[100,100,100],"ix":6,"l":2}},"ao":0,"shapes":[{"ty":"gr","it":[{"ind":0,"ty":"sh","ix":1,"ks":{"a":0,"k":{"i":[[49.52,-44.16],[-52.8,-54.16],[-53.2,50.72],[28.96,33.84]],"o":[[-45.92,40.88],[44.72,45.92],[48.56,-46.4],[-42.48,-49.6]],"v":[[-78.6,-91.52],[-83.4,84.32],[87.64,84.96],[94.92,-78.16]],"c":true},"ix":2},"nm":"Path 1","mn":"ADBE Vector Shape - Group","hd":false},{"ty":"fl","c":{"a":0,"k":[0.647000002394,0.141000007181,0.081999999402,1],"ix":4},"o":{"a":0,"k":100,"ix":5},"r":1,"bm":0,"nm":"Fill 1","mn":"ADBE Vector Graphic - Fill","hd":false},{"ty":"tr","p":{"a":0,"k":[478.951,544.108],"ix":2},"a":{"a":0,"k":[0,0],"ix":1},"s":{"a":0,"k":[100,100],"ix":3},"r":{"a":0,"k":0,"ix":6},"o":{"a":0,"k":100,"ix":7},"sk":{"a":0,"k":0,"ix":4},"sa":{"a":0,"k":0,"ix":5},"nm":"Transform"}],"nm":"Group 2","np":2,"cix":2,"bm":0,"ix":1,"mn":"ADBE Vector Group","hd":false}],"ip":0,"op":122,"st":0,"bm":0},{"ddd":0,"ind":7,"ty":3,"nm":"Shape Layer 1","sr":1,"ks":{"o":{"a":0,"k":100,"ix":11},"r":{"a":1,"k":[{"i":{"x":[0.833],"y":[0.833]},"o":{"x":[0.167],"y":[0.167]},"t":0,"s":[0]},{"t":178,"s":[1070]}],"ix":10},"p":{"a":0,"k":[480.063,544.063,0],"ix":2,"l":2},"a":{"a":0,"k":[-31.938,32.063,0],"ix":1,"l":2},"s":{"a":0,"k":[100,100,100],"ix":6,"l":2}},"ao":0,"ip":0,"op":122,"st":0,"bm":0}]}],"layers":[{"ddd":0,"ind":1,"ty":0,"nm":"cricket ball","refId":"comp_0","sr":1,"ks":{"o":{"a":0,"k":100,"ix":11},"r":{"a":0,"k":0,"ix":10},"p":{"a":1,"k":[{"i":{"x":0.833,"y":0.833},"o":{"x":0.167,"y":0.167},"t":14,"s":[-274,28.5,0],"to":[0,0,0],"ti":[0,0,0]},{"i":{"x":0.833,"y":0.833},"o":{"x":0.167,"y":0.167},"t":32,"s":[383.157,652.816,0],"to":[0,0,0],"ti":[0,0,0]},{"i":{"x":0.833,"y":0.833},"o":{"x":0.167,"y":0.167},"t":38,"s":[182,316.5,0],"to":[0,0,0],"ti":[0,0,0]},{"t":46,"s":[-206,-121.5,0]}],"ix":2,"l":2},"a":{"a":0,"k":[512,512,0],"ix":1,"l":2},"s":{"a":1,"k":[{"i":{"x":[0.833,0.833,0.833],"y":[0.833,0.833,0.833]},"o":{"x":[0.167,0.167,0.167],"y":[0.167,0.167,0.167]},"t":14,"s":[232,232,100]},{"i":{"x":[0.833,0.833,0.833],"y":[0.833,0.833,0.833]},"o":{"x":[0.167,0.167,0.167],"y":[0.167,0.167,0.167]},"t":32,"s":[46,46,100]},{"i":{"x":[0.833,0.833,0.833],"y":[0.833,0.833,0.833]},"o":{"x":[0.167,0.167,0.167],"y":[0.167,0.167,0.167]},"t":38,"s":[100,100,100]},{"t":46,"s":[218,218,100]}],"ix":6,"l":2}},"ao":0,"w":1024,"h":1024,"ip":0,"op":40,"st":-82,"bm":0},{"ddd":0,"ind":2,"ty":4,"nm":"cricket mask","td":1,"sr":1,"ks":{"o":{"a":0,"k":100,"ix":11},"r":{"a":0,"k":0,"ix":10},"p":{"a":1,"k":[{"i":{"x":0,"y":1},"o":{"x":0.333,"y":0},"t":0,"s":[946,98,0],"to":[-10.333,11.667,0],"ti":[0,0,0]},{"i":{"x":0.833,"y":0.841},"o":{"x":1,"y":0},"t":24,"s":[884,168,0],"to":[0,0,0],"ti":[-8.667,10,0]},{"i":{"x":0.667,"y":1},"o":{"x":0.167,"y":0.199},"t":38,"s":[946,98,0],"to":[8.667,-10,0],"ti":[0,0,0]},{"i":{"x":0.667,"y":1},"o":{"x":0.601,"y":0},"t":42,"s":[936,108,0],"to":[0,0,0],"ti":[-1.667,1.667,0]},{"t":66,"s":[946,98,0]}],"ix":2,"l":2},"a":{"a":0,"k":[946,98,0],"ix":1,"l":2},"s":{"a":1,"k":[{"i":{"x":[0.667,0.667,0.667],"y":[1,1,1]},"o":{"x":[0.333,0.333,0.333],"y":[0,0,0]},"t":0,"s":[100,100,100]},{"i":{"x":[0.833,0.833,0.833],"y":[0.87,0.87,0.87]},"o":{"x":[0.333,0.333,0.333],"y":[0,0,0]},"t":24,"s":[99,99,100]},{"i":{"x":[0.702,0.702,0.702],"y":[1,1,1]},"o":{"x":[0.167,0.167,0.167],"y":[0.037,0.037,0.037]},"t":38,"s":[100,100,100]},{"i":{"x":[0.667,0.667,0.667],"y":[1,1,1]},"o":{"x":[0.69,0.69,0.333],"y":[0,0,0]},"t":42,"s":[100,100,100]},{"i":{"x":[0.667,0.667,0.667],"y":[1,1,1]},"o":{"x":[0.333,0.333,0.333],"y":[0,0,0]},"t":60,"s":[99.5,99.5,100]},{"t":66,"s":[100,100,100]}],"ix":6,"l":2}},"ao":0,"shapes":[{"ty":"gr","it":[{"ind":0,"ty":"sh","ix":1,"ks":{"a":1,"k":[{"i":{"x":0,"y":1},"o":{"x":0.333,"y":0},"t":0,"s":[{"i":[[-3.68,-4],[-9.44,7.361],[-61.12,51.76],[-0.4,4.72],[5.2,0.32],[47.68,-58.24],[1.84,-2.32]],"o":[[4.72,5.12],[3.92,-3.039],[61.12,-51.76],[0.4,-4.72],[-5.28,-0.32],[-53.04,64.8],[-9.44,12.479]],"v":[[-137.72,134.52],[-110.04,120.999],[22.84,12.12],[141,-84.04],[84.52,-139.32],[-13.4,-30.36],[-123.16,104.52]],"c":true}]},{"i":{"x":0.833,"y":0.833},"o":{"x":1,"y":0},"t":24,"s":[{"i":[[-2.479,-2.885],[-6.912,5.47],[-51.067,43.626],[-0.882,4.398],[-4.08,32.211],[43.182,-53.345],[1.371,-1.745]],"o":[[3.18,3.692],[2.892,-2.276],[55.234,-47.185],[-29.883,-0.674],[-4.72,0.217],[-44.49,54.971],[-6.989,9.299]],"v":[[-99.712,100.834],[-79.83,90.789],[26.383,2.653],[136.962,-88.554],[91.041,-135.115],[-0.321,-31.07],[-88.732,78.726]],"c":true}]},{"i":{"x":0.667,"y":1},"o":{"x":0.167,"y":0.167},"t":38,"s":[{"i":[[-3.68,-4],[-9.44,7.361],[-61.12,51.76],[-0.4,4.72],[5.2,0.32],[47.68,-58.24],[1.84,-2.32]],"o":[[4.72,5.12],[3.92,-3.039],[61.12,-51.76],[0.4,-4.72],[-5.28,-0.32],[-53.04,64.8],[-9.44,12.479]],"v":[[-137.72,134.52],[-110.04,120.999],[22.84,12.12],[141,-84.04],[84.52,-139.32],[-13.4,-30.36],[-123.16,104.52]],"c":true}]},{"i":{"x":0.667,"y":1},"o":{"x":0.69,"y":0},"t":42,"s":[{"i":[[-4.681,-4.598],[-9.804,7.517],[-58.306,49.298],[0.285,4.545],[33.644,5.517],[42.225,-54.043],[1.811,-2.409]],"o":[[6,5.883],[4.054,-3.089],[55.843,-47.215],[-2.783,-44.383],[-5.331,-0.869],[-48.951,62.666],[-9.273,13.051]],"v":[[-63.129,66.739],[-33.252,53.435],[97.316,-52.613],[203.748,-138.342],[140.068,-197.46],[53.63,-98.936],[-50.04,34.75]],"c":true}]},{"i":{"x":0.667,"y":1},"o":{"x":0.333,"y":0},"t":60,"s":[{"i":[[-3.645,-3.968],[-9.366,7.306],[-60.827,51.523],[-0.414,4.711],[4.93,1.248],[47.549,-58.098],[1.826,-2.303]],"o":[[4.675,5.078],[3.89,-3.017],[60.949,-51.627],[-0.481,-4.602],[-5.264,-0.304],[-52.791,64.514],[-9.369,12.386]],"v":[[-136.614,133.54],[-109.161,120.12],[22.943,11.845],[140.883,-84.171],[84.71,-139.198],[-13.019,-30.381],[-122.158,103.769]],"c":true}]},{"t":66,"s":[{"i":[[-3.68,-4],[-9.44,7.361],[-61.12,51.76],[-0.4,4.72],[5.2,0.32],[47.68,-58.24],[1.84,-2.32]],"o":[[4.72,5.12],[3.92,-3.039],[61.12,-51.76],[0.4,-4.72],[-5.28,-0.32],[-53.04,64.8],[-9.44,12.479]],"v":[[-137.72,134.52],[-110.04,120.999],[22.84,12.12],[141,-84.04],[84.52,-139.32],[-13.4,-30.36],[-123.16,104.52]],"c":true}]}],"ix":2},"nm":"Path 1","mn":"ADBE Vector Shape - Group","hd":false},{"ty":"fl","c":{"a":0,"k":[0.685999971278,0.340999977261,0.046999998654,1],"ix":4},"o":{"a":0,"k":100,"ix":5},"r":1,"bm":0,"nm":"Fill 1","mn":"ADBE Vector Graphic - Fill","hd":false},{"ty":"tr","p":{"a":0,"k":[588.784,455.597],"ix":2},"a":{"a":0,"k":[0,0],"ix":1},"s":{"a":0,"k":[100,100],"ix":3},"r":{"a":0,"k":0,"ix":6},"o":{"a":0,"k":100,"ix":7},"sk":{"a":0,"k":0,"ix":4},"sa":{"a":0,"k":0,"ix":5},"nm":"Transform"}],"nm":"Group 1","np":2,"cix":2,"bm":0,"ix":1,"mn":"ADBE Vector Group","hd":false},{"ty":"gr","it":[{"ind":0,"ty":"sh","ix":1,"ks":{"a":1,"k":[{"i":{"x":0,"y":1},"o":{"x":0.333,"y":0},"t":0,"s":[{"i":[[0,0],[0,0],[0,0],[0,0],[13.393,13.593],[0.773,-0.813]],"o":[[0,0],[0,0],[0,0],[0,0],[-13.847,-14.053],[-1.28,1.28]],"v":[[-55.16,1.36],[-28.072,28.607],[-0.68,56.16],[55.16,-0.08],[28.771,-27.229],[-0.12,-54.56]],"c":true}]},{"i":{"x":0.833,"y":0.833},"o":{"x":1,"y":0},"t":24,"s":[{"i":[[0,0],[-18.329,-18.446],[0,0],[0,0],[13.645,14.031],[1.069,-1.157]],"o":[[0,0],[18.343,18.458],[0,0],[0,0],[-13.065,-13.434],[-1.823,1.904]],"v":[[-72.238,21.275],[-55.919,54.684],[-21.321,73.549],[39.875,13.452],[4.617,-5.663],[-14.853,-40.607]],"c":true}]},{"i":{"x":0.667,"y":1},"o":{"x":0.167,"y":0.167},"t":38,"s":[{"i":[[0,0],[0,0],[0,0],[0,0],[13.393,13.593],[0.773,-0.813]],"o":[[0,0],[0,0],[0,0],[0,0],[-13.847,-14.053],[-1.28,1.28]],"v":[[-55.16,1.36],[-28.072,28.607],[-0.68,56.16],[55.16,-0.08],[28.771,-27.229],[-0.12,-54.56]],"c":true}]},{"i":{"x":0.667,"y":1},"o":{"x":0.69,"y":0},"t":42,"s":[{"i":[[0,0],[-19.695,-19.15],[0,0],[0,0],[14.623,14.265],[0.538,-0.573]],"o":[[0,0],[19.696,19.149],[0,0],[0,0],[-13.614,-13.282],[-0.949,0.943]],"v":[[-30.216,-25.344],[7.424,-5.407],[27.419,30.324],[68.293,-12.82],[45.931,-48.62],[11.229,-67.434]],"c":true}]},{"i":{"x":0.667,"y":1},"o":{"x":0.333,"y":0},"t":60,"s":[{"i":[[0,0],[-0.533,-0.537],[0,0],[0,0],[13.401,13.605],[0.781,-0.823]],"o":[[0,0],[0.534,0.537],[0,0],[0,0],[-13.824,-14.035],[-1.296,1.298]],"v":[[-55.657,1.94],[-28.882,29.366],[-1.281,56.666],[54.715,0.314],[28.068,-26.602],[-0.549,-54.154]],"c":true}]},{"t":66,"s":[{"i":[[0,0],[0,0],[0,0],[0,0],[13.393,13.593],[0.773,-0.813]],"o":[[0,0],[0,0],[0,0],[0,0],[-13.847,-14.053],[-1.28,1.28]],"v":[[-55.16,1.36],[-28.072,28.607],[-0.68,56.16],[55.16,-0.08],[28.771,-27.229],[-0.12,-54.56]],"c":true}]}],"ix":2},"nm":"Path 1","mn":"ADBE Vector Shape - Group","hd":false},{"ty":"fl","c":{"a":0,"k":[0.877999997606,0.877999997606,0.877999997606,1],"ix":4},"o":{"a":0,"k":100,"ix":5},"r":1,"bm":0,"nm":"Fill 1","mn":"ADBE Vector Graphic - Fill","hd":false},{"ty":"tr","p":{"a":0,"k":[894.864,148.597],"ix":2},"a":{"a":0,"k":[0,0],"ix":1},"s":{"a":0,"k":[100,100],"ix":3},"r":{"a":0,"k":0,"ix":6},"o":{"a":0,"k":100,"ix":7},"sk":{"a":0,"k":0,"ix":4},"sa":{"a":0,"k":0,"ix":5},"nm":"Transform"}],"nm":"Group 2","np":2,"cix":2,"bm":0,"ix":2,"mn":"ADBE Vector Group","hd":false},{"ty":"gr","it":[{"ind":0,"ty":"sh","ix":1,"ks":{"a":1,"k":[{"i":{"x":0,"y":1},"o":{"x":0.333,"y":0},"t":0,"s":[{"i":[[0,0],[0,0],[0,0],[0,0],[0,0],[0,0]],"o":[[0,0],[0,0],[0,0],[0,0],[0,0],[0,0]],"v":[[-40.12,-15.6],[-15.08,-40.56],[12.059,-13.539],[40.12,14.4],[14.44,40.56],[-13.637,11.66]],"c":true}]},{"i":{"x":0.833,"y":0.833},"o":{"x":1,"y":0},"t":24,"s":[{"i":[[0,0],[0,0],[-19.118,-19.261],[0,0],[0,0],[21.806,21.996]],"o":[[0,0],[0,0],[19.131,19.275],[0,0],[0,0],[-21.788,-21.979]],"v":[[-68.966,18.777],[-38.444,-13.025],[-21.827,21.57],[12.162,38.374],[-20.373,70.59],[-54.227,53.671]],"c":true}]},{"i":{"x":0.667,"y":1},"o":{"x":0.167,"y":0.167},"t":38,"s":[{"i":[[0,0],[0,0],[0,0],[0,0],[0,0],[0,0]],"o":[[0,0],[0,0],[0,0],[0,0],[0,0],[0,0]],"v":[[-40.12,-15.6],[-15.08,-40.56],[12.059,-13.539],[40.12,14.4],[14.44,40.56],[-13.637,11.66]],"c":true}]},{"i":{"x":0.667,"y":1},"o":{"x":0.69,"y":0},"t":42,"s":[{"i":[[0,0],[0,0],[-18.26,-17.753],[0,0],[0,0],[18.337,15.304]],"o":[[0,0],[0,0],[18.259,17.752],[0,0],[0,0],[-12.57,-10.491]],"v":[[-4.675,-53.058],[15.091,-72.617],[52.191,-50.705],[73.94,-16.343],[54.353,4.655],[34.21,-31.784]],"c":true}]},{"i":{"x":0.667,"y":1},"o":{"x":0.333,"y":0},"t":60,"s":[{"i":[[0,0],[0,0],[-0.556,-0.561],[0,0],[0,0],[0.635,0.64]],"o":[[0,0],[0,0],[0.557,0.561],[0,0],[0,0],[-0.634,-0.64]],"v":[[-40.96,-14.599],[-15.76,-39.759],[11.073,-12.517],[39.306,15.098],[13.427,41.434],[-14.818,12.882]],"c":true}]},{"t":66,"s":[{"i":[[0,0],[0,0],[0,0],[0,0],[0,0],[0,0]],"o":[[0,0],[0,0],[0,0],[0,0],[0,0],[0,0]],"v":[[-40.12,-15.6],[-15.08,-40.56],[12.059,-13.539],[40.12,14.4],[14.44,40.56],[-13.637,11.66]],"c":true}]}],"ix":2},"nm":"Path 1","mn":"ADBE Vector Shape - Group","hd":false},{"ty":"fl","c":{"a":0,"k":[0.877999997606,0.877999997606,0.877999997606,1],"ix":4},"o":{"a":0,"k":100,"ix":5},"r":1,"bm":0,"nm":"Fill 1","mn":"ADBE Vector Graphic - Fill","hd":false},{"ty":"tr","p":{"a":0,"k":[831.264,213.717],"ix":2},"a":{"a":0,"k":[0,0],"ix":1},"s":{"a":0,"k":[100,100],"ix":3},"r":{"a":0,"k":0,"ix":6},"o":{"a":0,"k":100,"ix":7},"sk":{"a":0,"k":0,"ix":4},"sa":{"a":0,"k":0,"ix":5},"nm":"Transform"}],"nm":"Group 3","np":2,"cix":2,"bm":0,"ix":3,"mn":"ADBE Vector Group","hd":false},{"ty":"gr","it":[{"ind":0,"ty":"sh","ix":1,"ks":{"a":1,"k":[{"i":{"x":0,"y":1},"o":{"x":0.333,"y":0},"t":0,"s":[{"i":[[0,0],[0,0],[0,0],[0,0],[-0.64,3.04]],"o":[[0,-1.84],[0,0],[0,0],[0,0],[0.64,-3.12]],"v":[[-128.4,73.52],[88.64,-142.96],[141.44,-87.76],[-74.24,131.84],[-140.8,139.92]],"c":true}]},{"i":{"x":0.833,"y":0.833},"o":{"x":1,"y":0},"t":24,"s":[{"i":[[0,0],[0,0],[0,0],[0,0],[-0.813,2.758]],"o":[[0.171,-1.731],[0,0],[0,0],[0,0],[0.822,-2.837]],"v":[[-121.879,77.725],[71.762,-126.564],[123.014,-71.304],[-78.425,127.283],[-138.744,139.619]],"c":true}]},{"i":{"x":0.667,"y":1},"o":{"x":0.167,"y":0.167},"t":38,"s":[{"i":[[0,0],[0,0],[0,0],[0,0],[-0.64,3.04]],"o":[[0,-1.84],[0,0],[0,0],[0,0],[0.64,-3.12]],"v":[[-128.4,73.52],[88.64,-142.96],[141.44,-87.76],[-74.24,131.84],[-140.8,139.92]],"c":true}]},{"i":{"x":0.667,"y":1},"o":{"x":0.69,"y":0},"t":42,"s":[{"i":[[0,0],[0,0],[0,0],[0,0],[-0.235,2.942]],"o":[[-0.248,-1.777],[0,0],[0,0],[0,0],[0.223,-3.019]],"v":[[-72.852,15.379],[101.325,-157.163],[156.43,-102.146],[-11.015,77.234],[-76.33,78.981]],"c":true}]},{"i":{"x":0.667,"y":1},"o":{"x":0.333,"y":0},"t":60,"s":[{"i":[[0,0],[0,0],[0,0],[0,0],[-0.645,3.032]],"o":[[0.005,-1.837],[0,0],[0,0],[0,0],[0.645,-3.112]],"v":[[-128.21,73.642],[88.149,-142.483],[140.904,-87.281],[-74.362,131.707],[-140.74,139.911]],"c":true}]},{"t":66,"s":[{"i":[[0,0],[0,0],[0,0],[0,0],[-0.64,3.04]],"o":[[0,-1.84],[0,0],[0,0],[0,0],[0.64,-3.12]],"v":[[-128.4,73.52],[88.64,-142.96],[141.44,-87.76],[-74.24,131.84],[-140.8,139.92]],"c":true}]}],"ix":2},"nm":"Path 1","mn":"ADBE Vector Shape - Group","hd":false},{"ty":"fl","c":{"a":0,"k":[0.277999997606,0.298000021542,0.310000011968,1],"ix":4},"o":{"a":0,"k":100,"ix":5},"r":1,"bm":0,"nm":"Fill 1","mn":"ADBE Vector Graphic - Fill","hd":false},{"ty":"tr","p":{"a":0,"k":[801.704,242.757],"ix":2},"a":{"a":0,"k":[0,0],"ix":1},"s":{"a":0,"k":[100,100],"ix":3},"r":{"a":0,"k":0,"ix":6},"o":{"a":0,"k":100,"ix":7},"sk":{"a":0,"k":0,"ix":4},"sa":{"a":0,"k":0,"ix":5},"nm":"Transform"}],"nm":"Group 4","np":2,"cix":2,"bm":0,"ix":4,"mn":"ADBE Vector Group","hd":false},{"ty":"gr","it":[{"ind":0,"ty":"sh","ix":1,"ks":{"a":1,"k":[{"i":{"x":0,"y":1},"o":{"x":0.333,"y":0},"t":0,"s":[{"i":[[-4.16,2.08],[-23.92,-1.2],[0,0],[0,0],[0,0],[-4.88,-14.72],[-1.2,-5.52],[4.24,-1.28],[3.68,3.04],[3.04,5.52],[-1.28,6.8]],"o":[[3.28,-1.6],[23.92,1.2],[0,0],[0,0],[0,0],[4.88,14.72],[1.2,5.52],[-4.32,1.2],[-3.68,-3.04],[-3.04,-5.52],[1.04,-6.641]],"v":[[169.76,-317.44],[216.8,-287.6],[280.64,-288.8],[300.88,-257.52],[299.68,-236.08],[299.68,-198.08],[314.4,-170.48],[-166.56,317.84],[-224.8,315.439],[-301.2,228.56],[-314.32,178]],"c":true}]},{"i":{"x":0.833,"y":0.833},"o":{"x":1,"y":0},"t":24,"s":[{"i":[[-3.602,2.267],[-20.267,0.948],[0,0],[0,0],[0,0],[-2.908,-12.737],[-0.514,-4.754],[2.343,-0.469],[2.048,1.894],[1.779,3.255],[-0.438,3.888]],"o":[[2.849,-1.759],[20.627,-0.963],[0,0],[0,0],[0,0],[2.89,12.658],[0.512,4.74],[-2.381,0.419],[-2.047,-1.893],[-1.78,-3.26],[0.318,-3.818]],"v":[[189.656,-303.345],[227.517,-280.533],[283.818,-287.234],[299.047,-260.026],[295.823,-240.392],[292.113,-206.459],[302.438,-183.054],[-49.087,148.823],[-80.992,144.11],[-124.025,91.634],[-132.649,62.155]],"c":true}]},{"i":{"x":0.667,"y":1},"o":{"x":0.167,"y":0.167},"t":38,"s":[{"i":[[-4.16,2.08],[-23.92,-1.2],[0,0],[0,0],[0,0],[-4.88,-14.72],[-1.2,-5.52],[4.24,-1.28],[3.68,3.04],[3.04,5.52],[-1.28,6.8]],"o":[[3.28,-1.6],[23.92,1.2],[0,0],[0,0],[0,0],[4.88,14.72],[1.2,5.52],[-4.32,1.2],[-3.68,-3.04],[-3.04,-5.52],[1.04,-6.641]],"v":[[169.76,-317.44],[216.8,-287.6],[280.64,-288.8],[300.88,-257.52],[299.68,-236.08],[299.68,-198.08],[314.4,-170.48],[-166.56,317.84],[-224.8,315.439],[-301.2,228.56],[-314.32,178]],"c":true}]},{"i":{"x":0.667,"y":1},"o":{"x":0.69,"y":0},"t":42,"s":[{"i":[[-4.092,1.582],[-24.822,-3.677],[0,0],[0,0],[0,0],[-6.976,-14.976],[-2,-5.587],[5.573,-1.905],[5.333,3.828],[4.647,7.178],[-1.461,8.832]],"o":[[3.224,-1.206],[24.568,3.64],[0,0],[0,0],[0,0],[6.991,15.008],[2.002,5.592],[-5.703,1.809],[-5.337,-3.83],[-4.646,-7.177],[1.125,-8.597]],"v":[[222.327,-386.101],[274.781,-351.692],[339.19,-346.331],[363.672,-313.957],[365.509,-293.112],[370.921,-255.647],[389.594,-227.059],[-105.775,319.979],[-185.438,320.055],[-298.631,208.421],[-320.1,142.664]],"c":true}]},{"i":{"x":0.667,"y":1},"o":{"x":0.333,"y":0},"t":60,"s":[{"i":[[-4.144,2.085],[-23.814,-1.137],[0,0],[0,0],[0,0],[-4.823,-14.662],[-1.18,-5.498],[4.185,-1.256],[3.633,3.007],[3.003,5.454],[-1.255,6.715]],"o":[[3.267,-1.605],[23.824,1.137],[0,0],[0,0],[0,0],[4.822,14.66],[1.18,5.497],[-4.264,1.177],[-3.632,-3.007],[-3.003,-5.454],[1.019,-6.559]],"v":[[170.339,-317.03],[217.112,-287.394],[280.732,-288.754],[300.827,-257.593],[299.568,-236.205],[299.46,-198.324],[314.052,-170.846],[-163.141,312.921],[-220.614,310.453],[-296.043,224.575],[-309.032,174.628]],"c":true}]},{"t":66,"s":[{"i":[[-4.16,2.08],[-23.92,-1.2],[0,0],[0,0],[0,0],[-4.88,-14.72],[-1.2,-5.52],[4.24,-1.28],[3.68,3.04],[3.04,5.52],[-1.28,6.8]],"o":[[3.28,-1.6],[23.92,1.2],[0,0],[0,0],[0,0],[4.88,14.72],[1.2,5.52],[-4.32,1.2],[-3.68,-3.04],[-3.04,-5.52],[1.04,-6.641]],"v":[[169.76,-317.44],[216.8,-287.6],[280.64,-288.8],[300.88,-257.52],[299.68,-236.08],[299.68,-198.08],[314.4,-170.48],[-166.56,317.84],[-224.8,315.439],[-301.2,228.56],[-314.32,178]],"c":true}]}],"ix":2},"nm":"Path 1","mn":"ADBE Vector Shape - Group","hd":false},{"ty":"fl","c":{"a":0,"k":[0.922000002394,0.545000023935,0.204000001795,1],"ix":4},"o":{"a":0,"k":100,"ix":5},"r":1,"bm":0,"nm":"Fill 1","mn":"ADBE Vector Graphic - Fill","hd":false},{"ty":"tr","p":{"a":0,"k":[405.464,627.237],"ix":2},"a":{"a":0,"k":[0,0],"ix":1},"s":{"a":0,"k":[100,100],"ix":3},"r":{"a":0,"k":0,"ix":6},"o":{"a":0,"k":100,"ix":7},"sk":{"a":0,"k":0,"ix":4},"sa":{"a":0,"k":0,"ix":5},"nm":"Transform"}],"nm":"Group 5","np":2,"cix":2,"bm":0,"ix":5,"mn":"ADBE Vector Group","hd":false},{"ty":"gr","it":[{"ind":0,"ty":"sh","ix":1,"ks":{"a":1,"k":[{"i":{"x":0,"y":1},"o":{"x":0.333,"y":0},"t":0,"s":[{"i":[[0,0],[0,0],[-4,5.12],[-22.88,-24.56],[2.16,-3.52],[0,0]],"o":[[0,0],[0,0],[4,-5.12],[22.88,24.56],[-2.48,4],[0,0]],"v":[[-51.44,35.6],[-51.44,-1.68],[-30.88,-41.52],[28.56,-28.4],[45.12,23.6],[1.36,52.96]],"c":true}]},{"i":{"x":0.833,"y":0.833},"o":{"x":1,"y":0},"t":24,"s":[{"i":[[0,0],[0,0],[-6.216,7.728],[-23.298,-25.994],[3.802,-5.066],[0,0]],"o":[[0,0],[0,0],[6.268,-7.793],[23.327,26.027],[-4.33,5.731],[0,0]],"v":[[-74.764,58.31],[-66.673,12.835],[-32.259,-43.072],[40.695,-42.765],[47.922,20.555],[-15.097,67.592]],"c":true}]},{"i":{"x":0.667,"y":1},"o":{"x":0.167,"y":0.167},"t":38,"s":[{"i":[[0,0],[0,0],[-4,5.12],[-22.88,-24.56],[2.16,-3.52],[0,0]],"o":[[0,0],[0,0],[4,-5.12],[22.88,24.56],[-2.48,4],[0,0]],"v":[[-51.44,35.6],[-51.44,-1.68],[-30.88,-41.52],[28.56,-28.4],[45.12,23.6],[1.36,52.96]],"c":true}]},{"i":{"x":0.667,"y":1},"o":{"x":0.69,"y":0},"t":42,"s":[{"i":[[0,0],[0,0],[-2.76,3.847],[-23.497,-24.026],[1.298,-2.761],[0,0]],"o":[[0,0],[0,0],[2.752,-3.836],[23.434,23.963],[-1.499,3.14],[0,0]],"v":[[-34.208,17.776],[-39.774,-14.857],[-27.503,-46.509],[26.18,-27.189],[48.521,19.517],[15.164,39.608]],"c":true}]},{"i":{"x":0.667,"y":1},"o":{"x":0.333,"y":0},"t":60,"s":[{"i":[[0,0],[0,0],[-4.065,5.196],[-22.892,-24.602],[2.208,-3.565],[0,0]],"o":[[0,0],[0,0],[4.066,-5.198],[22.893,24.603],[-2.534,4.05],[0,0]],"v":[[-52.119,36.261],[-51.883,-1.258],[-30.92,-41.565],[28.913,-28.818],[45.202,23.511],[0.881,53.386]],"c":true}]},{"t":66,"s":[{"i":[[0,0],[0,0],[-4,5.12],[-22.88,-24.56],[2.16,-3.52],[0,0]],"o":[[0,0],[0,0],[4,-5.12],[22.88,24.56],[-2.48,4],[0,0]],"v":[[-51.44,35.6],[-51.44,-1.68],[-30.88,-41.52],[28.56,-28.4],[45.12,23.6],[1.36,52.96]],"c":true}]}],"ix":2},"nm":"Path 1","mn":"ADBE Vector Shape - Group","hd":false},{"ty":"fl","c":{"a":0,"k":[0.685999971278,0.340999977261,0.046999998654,1],"ix":4},"o":{"a":0,"k":100,"ix":5},"r":1,"bm":0,"nm":"Fill 1","mn":"ADBE Vector Graphic - Fill","hd":false},{"ty":"tr","p":{"a":0,"k":[945.464,97.317],"ix":2},"a":{"a":0,"k":[0,0],"ix":1},"s":{"a":0,"k":[100,100],"ix":3},"r":{"a":0,"k":0,"ix":6},"o":{"a":0,"k":100,"ix":7},"sk":{"a":0,"k":0,"ix":4},"sa":{"a":0,"k":0,"ix":5},"nm":"Transform"}],"nm":"Group 6","np":2,"cix":2,"bm":0,"ix":6,"mn":"ADBE Vector Group","hd":false},{"ty":"gr","it":[{"ind":0,"ty":"sh","ix":1,"ks":{"a":1,"k":[{"i":{"x":0,"y":1},"o":{"x":0.333,"y":0},"t":0,"s":[{"i":[[0,0],[0,0],[-7.92,-0.88],[-31.52,2.48],[0,0],[0,0],[0,0],[-5.6,-19.76],[-0.24,-7.92],[5.28,-3.52],[5.28,2.64],[0,0],[-4.4,7.84],[-2.56,2],[-105.76,104.24]],"o":[[0,0],[0,0],[7.84,0.88],[33.28,-2.64],[0,0],[0,0],[0,0],[4.88,17.36],[0.4,10.48],[-5.28,3.52],[-5.28,-2.64],[0,0],[0.56,-0.96],[36.48,-28.4],[45.52,-44.96]],"v":[[118.76,-269.72],[160.76,-324.84],[177.08,-336.92],[229.24,-313.56],[293.88,-324.84],[320.12,-288.04],[315.64,-263.88],[311.32,-214.36],[333.48,-178.2],[-176.2,334.28],[-239.24,328.12],[-330.28,227.48],[-329.48,176.44],[-323.16,170.28],[-43.16,-17.56]],"c":true}]},{"i":{"x":0.833,"y":0.833},"o":{"x":1,"y":0},"t":24,"s":[{"i":[[0,0],[0,0],[-6.667,-0.023],[-27.544,5.187],[0,0],[0,0],[0,0],[-3.009,-17.409],[0.649,-6.98],[2.874,-1.628],[2.882,1.761],[0,0],[-2.028,4.354],[-1.282,1.07],[-65.9,67.88]],"o":[[0,0],[0,0],[6.635,0.031],[29.883,-5.647],[0,0],[0,0],[0,0],[2.585,15.165],[-0.78,9.175],[-2.861,1.619],[-2.877,-1.758],[0,0],[0.261,-0.534],[18.612,-15.479],[31.028,-32.026]],"v":[[147.427,-263.708],[184.664,-315.745],[199.213,-328.337],[242.597,-311.835],[302.07,-328.836],[322.506,-296.355],[315.662,-273.36],[306.441,-227.964],[322.606,-197.096],[-54.065,149.655],[-88.426,142.416],[-139.272,81.913],[-140.651,52.881],[-137.536,49.539],[24.252,-64.032]],"c":true}]},{"i":{"x":0.667,"y":1},"o":{"x":0.167,"y":0.167},"t":38,"s":[{"i":[[0,0],[0,0],[-7.92,-0.88],[-31.52,2.48],[0,0],[0,0],[0,0],[-5.6,-19.76],[-0.24,-7.92],[5.28,-3.52],[5.28,2.64],[0,0],[-4.4,7.84],[-2.56,2],[-105.76,104.24]],"o":[[0,0],[0,0],[7.84,0.88],[33.28,-2.64],[0,0],[0,0],[0,0],[4.88,17.36],[0.4,10.48],[-5.28,3.52],[-5.28,-2.64],[0,0],[0.56,-0.96],[36.48,-28.4],[45.52,-44.96]],"v":[[118.76,-269.72],[160.76,-324.84],[177.08,-336.92],[229.24,-313.56],[293.88,-324.84],[320.12,-288.04],[315.64,-263.88],[311.32,-214.36],[333.48,-178.2],[-176.2,334.28],[-239.24,328.12],[-330.28,227.48],[-329.48,176.44],[-323.16,170.28],[-43.16,-17.56]],"c":true}]},{"i":{"x":0.667,"y":1},"o":{"x":0.69,"y":0},"t":42,"s":[{"i":[[0,0],[0,0],[-8.319,-1.763],[-31.868,-0.946],[0,0],[0,0],[0,0],[-8.393,-19.888],[-1.416,-7.853],[6.788,-4.968],[7.559,3.194],[0,0],[-5.895,10.265],[-3.538,2.613],[-120.706,117.94]],"o":[[0,0],[0,0],[8.21,1.747],[33.142,0.964],[0,0],[0,0],[0,0],[7.358,17.523],[1.959,10.424],[-6.817,4.988],[-7.573,-3.203],[0,0],[0.75,-1.253],[49.625,-36.511],[48.819,-47.816]],"v":[[169.699,-337.027],[207.419,-387.428],[222.885,-397.429],[279.313,-368.917],[342.369,-372.953],[373.292,-334.969],[372.366,-312.055],[375.256,-264.044],[402.433,-226.59],[-119.414,350.028],[-206.395,345.868],[-342.002,216.014],[-343.518,149.005],[-334.833,140.956],[14.915,-80.133]],"c":true}]},{"i":{"x":0.667,"y":1},"o":{"x":0.333,"y":0},"t":60,"s":[{"i":[[0,0],[0,0],[-7.883,-0.855],[-31.404,2.559],[0,0],[0,0],[0,0],[-5.525,-19.692],[-0.214,-7.893],[5.21,-3.465],[5.21,2.614],[0,0],[-4.331,7.738],[-2.523,1.973],[-104.6,103.182]],"o":[[0,0],[0,0],[7.805,0.855],[33.181,-2.728],[0,0],[0,0],[0,0],[4.813,17.296],[0.366,10.442],[-5.21,3.465],[-5.21,-2.614],[0,0],[0.551,-0.948],[35.96,-28.024],[45.098,-44.584]],"v":[[119.594,-269.545],[161.456,-324.575],[177.724,-336.67],[229.629,-313.51],[294.118,-324.956],[320.189,-288.282],[315.641,-264.156],[311.178,-214.756],[333.164,-178.75],[-172.645,328.906],[-234.851,322.715],[-324.721,223.243],[-323.984,172.844],[-317.757,166.766],[-41.198,-18.913]],"c":true}]},{"t":66,"s":[{"i":[[0,0],[0,0],[-7.92,-0.88],[-31.52,2.48],[0,0],[0,0],[0,0],[-5.6,-19.76],[-0.24,-7.92],[5.28,-3.52],[5.28,2.64],[0,0],[-4.4,7.84],[-2.56,2],[-105.76,104.24]],"o":[[0,0],[0,0],[7.84,0.88],[33.28,-2.64],[0,0],[0,0],[0,0],[4.88,17.36],[0.4,10.48],[-5.28,3.52],[-5.28,-2.64],[0,0],[0.56,-0.96],[36.48,-28.4],[45.52,-44.96]],"v":[[118.76,-269.72],[160.76,-324.84],[177.08,-336.92],[229.24,-313.56],[293.88,-324.84],[320.12,-288.04],[315.64,-263.88],[311.32,-214.36],[333.48,-178.2],[-176.2,334.28],[-239.24,328.12],[-330.28,227.48],[-329.48,176.44],[-323.16,170.28],[-43.16,-17.56]],"c":true}]}],"ix":2},"nm":"Path 1","mn":"ADBE Vector Shape - Group","hd":false},{"ty":"fl","c":{"a":0,"k":[0.816000007181,0.435000011968,0.113999998803,1],"ix":4},"o":{"a":0,"k":100,"ix":5},"r":1,"bm":0,"nm":"Fill 1","mn":"ADBE Vector Graphic - Fill","hd":false},{"ty":"tr","p":{"a":0,"k":[414.384,634.717],"ix":2},"a":{"a":0,"k":[0,0],"ix":1},"s":{"a":0,"k":[100,100],"ix":3},"r":{"a":0,"k":0,"ix":6},"o":{"a":0,"k":100,"ix":7},"sk":{"a":0,"k":0,"ix":4},"sa":{"a":0,"k":0,"ix":5},"nm":"Transform"}],"nm":"Group 7","np":2,"cix":2,"bm":0,"ix":7,"mn":"ADBE Vector Group","hd":false}],"ip":0,"op":84,"st":0,"bm":0},{"ddd":0,"ind":3,"ty":4,"nm":"shadow","tt":1,"sr":1,"ks":{"o":{"a":0,"k":50,"ix":11},"r":{"a":0,"k":0,"ix":10},"p":{"a":1,"k":[{"i":{"x":0.833,"y":0.833},"o":{"x":0.167,"y":0.167},"t":24,"s":[205,572,0],"to":[26,17.667,0],"ti":[9.5,-0.333,0]},{"i":{"x":0.833,"y":0.833},"o":{"x":0.167,"y":0.167},"t":32,"s":[361,678,0],"to":[-9.5,0.333,0],"ti":[35.5,17.333,0]},{"t":38,"s":[148,574,0]}],"ix":2,"l":2},"a":{"a":0,"k":[-250,29,0],"ix":1,"l":2},"s":{"a":1,"k":[{"i":{"x":[0.833,0.833,0.833],"y":[0.833,0.833,0.833]},"o":{"x":[0.167,0.167,0.167],"y":[0.167,0.167,0.167]},"t":24,"s":[314,314,100]},{"i":{"x":[0.833,0.833,0.833],"y":[0.833,0.833,0.833]},"o":{"x":[0.167,0.167,0.167],"y":[0.167,0.167,0.167]},"t":32,"s":[158,158,100]},{"t":38,"s":[306,306,100]}],"ix":6,"l":2}},"ao":0,"shapes":[{"ty":"gr","it":[{"d":1,"ty":"el","s":{"a":0,"k":[72,72],"ix":2},"p":{"a":0,"k":[0,0],"ix":3},"nm":"Ellipse Path 1","mn":"ADBE Vector Shape - Ellipse","hd":false},{"ty":"st","c":{"a":0,"k":[0.662744978362,0.831372967888,0.96470600203,1],"ix":3},"o":{"a":0,"k":100,"ix":4},"w":{"a":0,"k":0,"ix":5},"lc":1,"lj":1,"ml":4,"bm":0,"nm":"Stroke 1","mn":"ADBE Vector Graphic - Stroke","hd":false},{"ty":"fl","c":{"a":0,"k":[0.685974121094,0.340972900391,0.046997070313,1],"ix":4},"o":{"a":0,"k":100,"ix":5},"r":1,"bm":0,"nm":"Fill 1","mn":"ADBE Vector Graphic - Fill","hd":false},{"ty":"tr","p":{"a":0,"k":[-251,32],"ix":2},"a":{"a":0,"k":[0,0],"ix":1},"s":{"a":0,"k":[100,100],"ix":3},"r":{"a":0,"k":0,"ix":6},"o":{"a":0,"k":100,"ix":7},"sk":{"a":0,"k":0,"ix":4},"sa":{"a":0,"k":0,"ix":5},"nm":"Transform"}],"nm":"Ellipse 1","np":3,"cix":2,"bm":0,"ix":1,"mn":"ADBE Vector Group","hd":false}],"ip":24,"op":40,"st":0,"bm":0},{"ddd":0,"ind":4,"ty":4,"nm":"cricket bat","sr":1,"ks":{"o":{"a":0,"k":100,"ix":11},"r":{"a":0,"k":0,"ix":10},"p":{"a":1,"k":[{"i":{"x":0,"y":1},"o":{"x":0.333,"y":0},"t":0,"s":[946,98,0],"to":[-10.333,11.667,0],"ti":[0,0,0]},{"i":{"x":0.833,"y":0.841},"o":{"x":1,"y":0},"t":24,"s":[884,168,0],"to":[0,0,0],"ti":[-8.667,10,0]},{"i":{"x":0.667,"y":1},"o":{"x":0.167,"y":0.199},"t":38,"s":[946,98,0],"to":[8.667,-10,0],"ti":[0,0,0]},{"i":{"x":0.667,"y":1},"o":{"x":0.601,"y":0},"t":42,"s":[936,108,0],"to":[0,0,0],"ti":[-1.667,1.667,0]},{"t":66,"s":[946,98,0]}],"ix":2,"l":2},"a":{"a":0,"k":[946,98,0],"ix":1,"l":2},"s":{"a":1,"k":[{"i":{"x":[0.667,0.667,0.667],"y":[1,1,1]},"o":{"x":[0.333,0.333,0.333],"y":[0,0,0]},"t":0,"s":[100,100,100]},{"i":{"x":[0.833,0.833,0.833],"y":[0.87,0.87,0.87]},"o":{"x":[0.333,0.333,0.333],"y":[0,0,0]},"t":24,"s":[99,99,100]},{"i":{"x":[0.702,0.702,0.702],"y":[1,1,1]},"o":{"x":[0.167,0.167,0.167],"y":[0.037,0.037,0.037]},"t":38,"s":[100,100,100]},{"i":{"x":[0.667,0.667,0.667],"y":[1,1,1]},"o":{"x":[0.69,0.69,0.333],"y":[0,0,0]},"t":42,"s":[100,100,100]},{"i":{"x":[0.667,0.667,0.667],"y":[1,1,1]},"o":{"x":[0.333,0.333,0.333],"y":[0,0,0]},"t":60,"s":[99.5,99.5,100]},{"t":66,"s":[100,100,100]}],"ix":6,"l":2}},"ao":0,"shapes":[{"ty":"gr","it":[{"ind":0,"ty":"sh","ix":1,"ks":{"a":1,"k":[{"i":{"x":0,"y":1},"o":{"x":0.333,"y":0},"t":0,"s":[{"i":[[-3.68,-4],[-9.44,7.361],[-61.12,51.76],[-0.4,4.72],[5.2,0.32],[47.68,-58.24],[1.84,-2.32]],"o":[[4.72,5.12],[3.92,-3.039],[61.12,-51.76],[0.4,-4.72],[-5.28,-0.32],[-53.04,64.8],[-9.44,12.479]],"v":[[-137.72,134.52],[-110.04,120.999],[22.84,12.12],[141,-84.04],[84.52,-139.32],[-13.4,-30.36],[-123.16,104.52]],"c":true}]},{"i":{"x":0.833,"y":0.833},"o":{"x":1,"y":0},"t":24,"s":[{"i":[[-2.479,-2.885],[-6.912,5.47],[-51.067,43.626],[-0.882,4.398],[-4.08,32.211],[43.182,-53.345],[1.371,-1.745]],"o":[[3.18,3.692],[2.892,-2.276],[55.234,-47.185],[-29.883,-0.674],[-4.72,0.217],[-44.49,54.971],[-6.989,9.299]],"v":[[-99.712,100.834],[-79.83,90.789],[26.383,2.653],[136.962,-88.554],[91.041,-135.115],[-0.321,-31.07],[-88.732,78.726]],"c":true}]},{"i":{"x":0.667,"y":1},"o":{"x":0.167,"y":0.167},"t":38,"s":[{"i":[[-3.68,-4],[-9.44,7.361],[-61.12,51.76],[-0.4,4.72],[5.2,0.32],[47.68,-58.24],[1.84,-2.32]],"o":[[4.72,5.12],[3.92,-3.039],[61.12,-51.76],[0.4,-4.72],[-5.28,-0.32],[-53.04,64.8],[-9.44,12.479]],"v":[[-137.72,134.52],[-110.04,120.999],[22.84,12.12],[141,-84.04],[84.52,-139.32],[-13.4,-30.36],[-123.16,104.52]],"c":true}]},{"i":{"x":0.667,"y":1},"o":{"x":0.69,"y":0},"t":42,"s":[{"i":[[-4.681,-4.598],[-9.804,7.517],[-58.306,49.298],[0.285,4.545],[33.644,5.517],[42.225,-54.043],[1.811,-2.409]],"o":[[6,5.883],[4.054,-3.089],[55.843,-47.215],[-2.783,-44.383],[-5.331,-0.869],[-48.951,62.666],[-9.273,13.051]],"v":[[-63.129,66.739],[-33.252,53.435],[97.316,-52.613],[203.748,-138.342],[140.068,-197.46],[53.63,-98.936],[-50.04,34.75]],"c":true}]},{"i":{"x":0.667,"y":1},"o":{"x":0.333,"y":0},"t":60,"s":[{"i":[[-3.645,-3.968],[-9.366,7.306],[-60.827,51.523],[-0.414,4.711],[4.93,1.248],[47.549,-58.098],[1.826,-2.303]],"o":[[4.675,5.078],[3.89,-3.017],[60.949,-51.627],[-0.481,-4.602],[-5.264,-0.304],[-52.791,64.514],[-9.369,12.386]],"v":[[-136.614,133.54],[-109.161,120.12],[22.943,11.845],[140.883,-84.171],[84.71,-139.198],[-13.019,-30.381],[-122.158,103.769]],"c":true}]},{"t":66,"s":[{"i":[[-3.68,-4],[-9.44,7.361],[-61.12,51.76],[-0.4,4.72],[5.2,0.32],[47.68,-58.24],[1.84,-2.32]],"o":[[4.72,5.12],[3.92,-3.039],[61.12,-51.76],[0.4,-4.72],[-5.28,-0.32],[-53.04,64.8],[-9.44,12.479]],"v":[[-137.72,134.52],[-110.04,120.999],[22.84,12.12],[141,-84.04],[84.52,-139.32],[-13.4,-30.36],[-123.16,104.52]],"c":true}]}],"ix":2},"nm":"Path 1","mn":"ADBE Vector Shape - Group","hd":false},{"ty":"fl","c":{"a":0,"k":[0.685999971278,0.340999977261,0.046999998654,1],"ix":4},"o":{"a":0,"k":100,"ix":5},"r":1,"bm":0,"nm":"Fill 1","mn":"ADBE Vector Graphic - Fill","hd":false},{"ty":"tr","p":{"a":0,"k":[588.784,455.597],"ix":2},"a":{"a":0,"k":[0,0],"ix":1},"s":{"a":0,"k":[100,100],"ix":3},"r":{"a":0,"k":0,"ix":6},"o":{"a":0,"k":100,"ix":7},"sk":{"a":0,"k":0,"ix":4},"sa":{"a":0,"k":0,"ix":5},"nm":"Transform"}],"nm":"Group 1","np":2,"cix":2,"bm":0,"ix":1,"mn":"ADBE Vector Group","hd":false},{"ty":"gr","it":[{"ind":0,"ty":"sh","ix":1,"ks":{"a":1,"k":[{"i":{"x":0,"y":1},"o":{"x":0.333,"y":0},"t":0,"s":[{"i":[[0,0],[0,0],[0,0],[0,0],[13.393,13.593],[0.773,-0.813]],"o":[[0,0],[0,0],[0,0],[0,0],[-13.847,-14.053],[-1.28,1.28]],"v":[[-55.16,1.36],[-28.072,28.607],[-0.68,56.16],[55.16,-0.08],[28.771,-27.229],[-0.12,-54.56]],"c":true}]},{"i":{"x":0.833,"y":0.833},"o":{"x":1,"y":0},"t":24,"s":[{"i":[[0,0],[-18.329,-18.446],[0,0],[0,0],[13.645,14.031],[1.069,-1.157]],"o":[[0,0],[18.343,18.458],[0,0],[0,0],[-13.065,-13.434],[-1.823,1.904]],"v":[[-72.238,21.275],[-55.919,54.684],[-21.321,73.549],[39.875,13.452],[4.617,-5.663],[-14.853,-40.607]],"c":true}]},{"i":{"x":0.667,"y":1},"o":{"x":0.167,"y":0.167},"t":38,"s":[{"i":[[0,0],[0,0],[0,0],[0,0],[13.393,13.593],[0.773,-0.813]],"o":[[0,0],[0,0],[0,0],[0,0],[-13.847,-14.053],[-1.28,1.28]],"v":[[-55.16,1.36],[-28.072,28.607],[-0.68,56.16],[55.16,-0.08],[28.771,-27.229],[-0.12,-54.56]],"c":true}]},{"i":{"x":0.667,"y":1},"o":{"x":0.69,"y":0},"t":42,"s":[{"i":[[0,0],[-19.695,-19.15],[0,0],[0,0],[14.623,14.265],[0.538,-0.573]],"o":[[0,0],[19.696,19.149],[0,0],[0,0],[-13.614,-13.282],[-0.949,0.943]],"v":[[-30.216,-25.344],[7.424,-5.407],[27.419,30.324],[68.293,-12.82],[45.931,-48.62],[11.229,-67.434]],"c":true}]},{"i":{"x":0.667,"y":1},"o":{"x":0.333,"y":0},"t":60,"s":[{"i":[[0,0],[-0.533,-0.537],[0,0],[0,0],[13.401,13.605],[0.781,-0.823]],"o":[[0,0],[0.534,0.537],[0,0],[0,0],[-13.824,-14.035],[-1.296,1.298]],"v":[[-55.657,1.94],[-28.882,29.366],[-1.281,56.666],[54.715,0.314],[28.068,-26.602],[-0.549,-54.154]],"c":true}]},{"t":66,"s":[{"i":[[0,0],[0,0],[0,0],[0,0],[13.393,13.593],[0.773,-0.813]],"o":[[0,0],[0,0],[0,0],[0,0],[-13.847,-14.053],[-1.28,1.28]],"v":[[-55.16,1.36],[-28.072,28.607],[-0.68,56.16],[55.16,-0.08],[28.771,-27.229],[-0.12,-54.56]],"c":true}]}],"ix":2},"nm":"Path 1","mn":"ADBE Vector Shape - Group","hd":false},{"ty":"fl","c":{"a":0,"k":[0.877999997606,0.877999997606,0.877999997606,1],"ix":4},"o":{"a":0,"k":100,"ix":5},"r":1,"bm":0,"nm":"Fill 1","mn":"ADBE Vector Graphic - Fill","hd":false},{"ty":"tr","p":{"a":0,"k":[894.864,148.597],"ix":2},"a":{"a":0,"k":[0,0],"ix":1},"s":{"a":0,"k":[100,100],"ix":3},"r":{"a":0,"k":0,"ix":6},"o":{"a":0,"k":100,"ix":7},"sk":{"a":0,"k":0,"ix":4},"sa":{"a":0,"k":0,"ix":5},"nm":"Transform"}],"nm":"Group 2","np":2,"cix":2,"bm":0,"ix":2,"mn":"ADBE Vector Group","hd":false},{"ty":"gr","it":[{"ind":0,"ty":"sh","ix":1,"ks":{"a":1,"k":[{"i":{"x":0,"y":1},"o":{"x":0.333,"y":0},"t":0,"s":[{"i":[[0,0],[0,0],[0,0],[0,0],[0,0],[0,0]],"o":[[0,0],[0,0],[0,0],[0,0],[0,0],[0,0]],"v":[[-40.12,-15.6],[-15.08,-40.56],[12.059,-13.539],[40.12,14.4],[14.44,40.56],[-13.637,11.66]],"c":true}]},{"i":{"x":0.833,"y":0.833},"o":{"x":1,"y":0},"t":24,"s":[{"i":[[0,0],[0,0],[-19.118,-19.261],[0,0],[0,0],[21.806,21.996]],"o":[[0,0],[0,0],[19.131,19.275],[0,0],[0,0],[-21.788,-21.979]],"v":[[-68.966,18.777],[-38.444,-13.025],[-21.827,21.57],[12.162,38.374],[-20.373,70.59],[-54.227,53.671]],"c":true}]},{"i":{"x":0.667,"y":1},"o":{"x":0.167,"y":0.167},"t":38,"s":[{"i":[[0,0],[0,0],[0,0],[0,0],[0,0],[0,0]],"o":[[0,0],[0,0],[0,0],[0,0],[0,0],[0,0]],"v":[[-40.12,-15.6],[-15.08,-40.56],[12.059,-13.539],[40.12,14.4],[14.44,40.56],[-13.637,11.66]],"c":true}]},{"i":{"x":0.667,"y":1},"o":{"x":0.69,"y":0},"t":42,"s":[{"i":[[0,0],[0,0],[-18.26,-17.753],[0,0],[0,0],[18.337,15.304]],"o":[[0,0],[0,0],[18.259,17.752],[0,0],[0,0],[-12.57,-10.491]],"v":[[-4.675,-53.058],[15.091,-72.617],[52.191,-50.705],[73.94,-16.343],[54.353,4.655],[34.21,-31.784]],"c":true}]},{"i":{"x":0.667,"y":1},"o":{"x":0.333,"y":0},"t":60,"s":[{"i":[[0,0],[0,0],[-0.556,-0.561],[0,0],[0,0],[0.635,0.64]],"o":[[0,0],[0,0],[0.557,0.561],[0,0],[0,0],[-0.634,-0.64]],"v":[[-40.96,-14.599],[-15.76,-39.759],[11.073,-12.517],[39.306,15.098],[13.427,41.434],[-14.818,12.882]],"c":true}]},{"t":66,"s":[{"i":[[0,0],[0,0],[0,0],[0,0],[0,0],[0,0]],"o":[[0,0],[0,0],[0,0],[0,0],[0,0],[0,0]],"v":[[-40.12,-15.6],[-15.08,-40.56],[12.059,-13.539],[40.12,14.4],[14.44,40.56],[-13.637,11.66]],"c":true}]}],"ix":2},"nm":"Path 1","mn":"ADBE Vector Shape - Group","hd":false},{"ty":"fl","c":{"a":0,"k":[0.877999997606,0.877999997606,0.877999997606,1],"ix":4},"o":{"a":0,"k":100,"ix":5},"r":1,"bm":0,"nm":"Fill 1","mn":"ADBE Vector Graphic - Fill","hd":false},{"ty":"tr","p":{"a":0,"k":[831.264,213.717],"ix":2},"a":{"a":0,"k":[0,0],"ix":1},"s":{"a":0,"k":[100,100],"ix":3},"r":{"a":0,"k":0,"ix":6},"o":{"a":0,"k":100,"ix":7},"sk":{"a":0,"k":0,"ix":4},"sa":{"a":0,"k":0,"ix":5},"nm":"Transform"}],"nm":"Group 3","np":2,"cix":2,"bm":0,"ix":3,"mn":"ADBE Vector Group","hd":false},{"ty":"gr","it":[{"ind":0,"ty":"sh","ix":1,"ks":{"a":1,"k":[{"i":{"x":0,"y":1},"o":{"x":0.333,"y":0},"t":0,"s":[{"i":[[0,0],[0,0],[0,0],[0,0],[-0.64,3.04]],"o":[[0,-1.84],[0,0],[0,0],[0,0],[0.64,-3.12]],"v":[[-128.4,73.52],[88.64,-142.96],[141.44,-87.76],[-74.24,131.84],[-140.8,139.92]],"c":true}]},{"i":{"x":0.833,"y":0.833},"o":{"x":1,"y":0},"t":24,"s":[{"i":[[0,0],[0,0],[0,0],[0,0],[-0.813,2.758]],"o":[[0.171,-1.731],[0,0],[0,0],[0,0],[0.822,-2.837]],"v":[[-121.879,77.725],[71.762,-126.564],[123.014,-71.304],[-78.425,127.283],[-138.744,139.619]],"c":true}]},{"i":{"x":0.667,"y":1},"o":{"x":0.167,"y":0.167},"t":38,"s":[{"i":[[0,0],[0,0],[0,0],[0,0],[-0.64,3.04]],"o":[[0,-1.84],[0,0],[0,0],[0,0],[0.64,-3.12]],"v":[[-128.4,73.52],[88.64,-142.96],[141.44,-87.76],[-74.24,131.84],[-140.8,139.92]],"c":true}]},{"i":{"x":0.667,"y":1},"o":{"x":0.69,"y":0},"t":42,"s":[{"i":[[0,0],[0,0],[0,0],[0,0],[-0.235,2.942]],"o":[[-0.248,-1.777],[0,0],[0,0],[0,0],[0.223,-3.019]],"v":[[-72.852,15.379],[101.325,-157.163],[156.43,-102.146],[-11.015,77.234],[-76.33,78.981]],"c":true}]},{"i":{"x":0.667,"y":1},"o":{"x":0.333,"y":0},"t":60,"s":[{"i":[[0,0],[0,0],[0,0],[0,0],[-0.645,3.032]],"o":[[0.005,-1.837],[0,0],[0,0],[0,0],[0.645,-3.112]],"v":[[-128.21,73.642],[88.149,-142.483],[140.904,-87.281],[-74.362,131.707],[-140.74,139.911]],"c":true}]},{"t":66,"s":[{"i":[[0,0],[0,0],[0,0],[0,0],[-0.64,3.04]],"o":[[0,-1.84],[0,0],[0,0],[0,0],[0.64,-3.12]],"v":[[-128.4,73.52],[88.64,-142.96],[141.44,-87.76],[-74.24,131.84],[-140.8,139.92]],"c":true}]}],"ix":2},"nm":"Path 1","mn":"ADBE Vector Shape - Group","hd":false},{"ty":"fl","c":{"a":0,"k":[0.277999997606,0.298000021542,0.310000011968,1],"ix":4},"o":{"a":0,"k":100,"ix":5},"r":1,"bm":0,"nm":"Fill 1","mn":"ADBE Vector Graphic - Fill","hd":false},{"ty":"tr","p":{"a":0,"k":[801.704,242.757],"ix":2},"a":{"a":0,"k":[0,0],"ix":1},"s":{"a":0,"k":[100,100],"ix":3},"r":{"a":0,"k":0,"ix":6},"o":{"a":0,"k":100,"ix":7},"sk":{"a":0,"k":0,"ix":4},"sa":{"a":0,"k":0,"ix":5},"nm":"Transform"}],"nm":"Group 4","np":2,"cix":2,"bm":0,"ix":4,"mn":"ADBE Vector Group","hd":false},{"ty":"gr","it":[{"ind":0,"ty":"sh","ix":1,"ks":{"a":1,"k":[{"i":{"x":0,"y":1},"o":{"x":0.333,"y":0},"t":0,"s":[{"i":[[-4.16,2.08],[-23.92,-1.2],[0,0],[0,0],[0,0],[-4.88,-14.72],[-1.2,-5.52],[4.24,-1.28],[3.68,3.04],[3.04,5.52],[-1.28,6.8]],"o":[[3.28,-1.6],[23.92,1.2],[0,0],[0,0],[0,0],[4.88,14.72],[1.2,5.52],[-4.32,1.2],[-3.68,-3.04],[-3.04,-5.52],[1.04,-6.641]],"v":[[169.76,-317.44],[216.8,-287.6],[280.64,-288.8],[300.88,-257.52],[299.68,-236.08],[299.68,-198.08],[314.4,-170.48],[-166.56,317.84],[-224.8,315.439],[-301.2,228.56],[-314.32,178]],"c":true}]},{"i":{"x":0.833,"y":0.833},"o":{"x":1,"y":0},"t":24,"s":[{"i":[[-3.602,2.267],[-20.267,0.948],[0,0],[0,0],[0,0],[-2.908,-12.737],[-0.514,-4.754],[2.343,-0.469],[2.048,1.894],[1.779,3.255],[-0.438,3.888]],"o":[[2.849,-1.759],[20.627,-0.963],[0,0],[0,0],[0,0],[2.89,12.658],[0.512,4.74],[-2.381,0.419],[-2.047,-1.893],[-1.78,-3.26],[0.318,-3.818]],"v":[[189.656,-303.345],[227.517,-280.533],[283.818,-287.234],[299.047,-260.026],[295.823,-240.392],[292.113,-206.459],[302.438,-183.054],[-49.087,148.823],[-80.992,144.11],[-124.025,91.634],[-132.649,62.155]],"c":true}]},{"i":{"x":0.667,"y":1},"o":{"x":0.167,"y":0.167},"t":38,"s":[{"i":[[-4.16,2.08],[-23.92,-1.2],[0,0],[0,0],[0,0],[-4.88,-14.72],[-1.2,-5.52],[4.24,-1.28],[3.68,3.04],[3.04,5.52],[-1.28,6.8]],"o":[[3.28,-1.6],[23.92,1.2],[0,0],[0,0],[0,0],[4.88,14.72],[1.2,5.52],[-4.32,1.2],[-3.68,-3.04],[-3.04,-5.52],[1.04,-6.641]],"v":[[169.76,-317.44],[216.8,-287.6],[280.64,-288.8],[300.88,-257.52],[299.68,-236.08],[299.68,-198.08],[314.4,-170.48],[-166.56,317.84],[-224.8,315.439],[-301.2,228.56],[-314.32,178]],"c":true}]},{"i":{"x":0.667,"y":1},"o":{"x":0.69,"y":0},"t":42,"s":[{"i":[[-4.092,1.582],[-24.822,-3.677],[0,0],[0,0],[0,0],[-6.976,-14.976],[-2,-5.587],[5.573,-1.905],[5.333,3.828],[4.647,7.178],[-1.461,8.832]],"o":[[3.224,-1.206],[24.568,3.64],[0,0],[0,0],[0,0],[6.991,15.008],[2.002,5.592],[-5.703,1.809],[-5.337,-3.83],[-4.646,-7.177],[1.125,-8.597]],"v":[[222.327,-386.101],[274.781,-351.692],[339.19,-346.331],[363.672,-313.957],[365.509,-293.112],[370.921,-255.647],[389.594,-227.059],[-105.775,319.979],[-185.438,320.055],[-298.631,208.421],[-320.1,142.664]],"c":true}]},{"i":{"x":0.667,"y":1},"o":{"x":0.333,"y":0},"t":60,"s":[{"i":[[-4.144,2.085],[-23.814,-1.137],[0,0],[0,0],[0,0],[-4.823,-14.662],[-1.18,-5.498],[4.185,-1.256],[3.633,3.007],[3.003,5.454],[-1.255,6.715]],"o":[[3.267,-1.605],[23.824,1.137],[0,0],[0,0],[0,0],[4.822,14.66],[1.18,5.497],[-4.264,1.177],[-3.632,-3.007],[-3.003,-5.454],[1.019,-6.559]],"v":[[170.339,-317.03],[217.112,-287.394],[280.732,-288.754],[300.827,-257.593],[299.568,-236.205],[299.46,-198.324],[314.052,-170.846],[-163.141,312.921],[-220.614,310.453],[-296.043,224.575],[-309.032,174.628]],"c":true}]},{"t":66,"s":[{"i":[[-4.16,2.08],[-23.92,-1.2],[0,0],[0,0],[0,0],[-4.88,-14.72],[-1.2,-5.52],[4.24,-1.28],[3.68,3.04],[3.04,5.52],[-1.28,6.8]],"o":[[3.28,-1.6],[23.92,1.2],[0,0],[0,0],[0,0],[4.88,14.72],[1.2,5.52],[-4.32,1.2],[-3.68,-3.04],[-3.04,-5.52],[1.04,-6.641]],"v":[[169.76,-317.44],[216.8,-287.6],[280.64,-288.8],[300.88,-257.52],[299.68,-236.08],[299.68,-198.08],[314.4,-170.48],[-166.56,317.84],[-224.8,315.439],[-301.2,228.56],[-314.32,178]],"c":true}]}],"ix":2},"nm":"Path 1","mn":"ADBE Vector Shape - Group","hd":false},{"ty":"fl","c":{"a":0,"k":[0.922000002394,0.545000023935,0.204000001795,1],"ix":4},"o":{"a":0,"k":100,"ix":5},"r":1,"bm":0,"nm":"Fill 1","mn":"ADBE Vector Graphic - Fill","hd":false},{"ty":"tr","p":{"a":0,"k":[405.464,627.237],"ix":2},"a":{"a":0,"k":[0,0],"ix":1},"s":{"a":0,"k":[100,100],"ix":3},"r":{"a":0,"k":0,"ix":6},"o":{"a":0,"k":100,"ix":7},"sk":{"a":0,"k":0,"ix":4},"sa":{"a":0,"k":0,"ix":5},"nm":"Transform"}],"nm":"Group 5","np":2,"cix":2,"bm":0,"ix":5,"mn":"ADBE Vector Group","hd":false},{"ty":"gr","it":[{"ind":0,"ty":"sh","ix":1,"ks":{"a":1,"k":[{"i":{"x":0,"y":1},"o":{"x":0.333,"y":0},"t":0,"s":[{"i":[[0,0],[0,0],[-4,5.12],[-22.88,-24.56],[2.16,-3.52],[0,0]],"o":[[0,0],[0,0],[4,-5.12],[22.88,24.56],[-2.48,4],[0,0]],"v":[[-51.44,35.6],[-51.44,-1.68],[-30.88,-41.52],[28.56,-28.4],[45.12,23.6],[1.36,52.96]],"c":true}]},{"i":{"x":0.833,"y":0.833},"o":{"x":1,"y":0},"t":24,"s":[{"i":[[0,0],[0,0],[-6.216,7.728],[-23.298,-25.994],[3.802,-5.066],[0,0]],"o":[[0,0],[0,0],[6.268,-7.793],[23.327,26.027],[-4.33,5.731],[0,0]],"v":[[-74.764,58.31],[-66.673,12.835],[-32.259,-43.072],[40.695,-42.765],[47.922,20.555],[-15.097,67.592]],"c":true}]},{"i":{"x":0.667,"y":1},"o":{"x":0.167,"y":0.167},"t":38,"s":[{"i":[[0,0],[0,0],[-4,5.12],[-22.88,-24.56],[2.16,-3.52],[0,0]],"o":[[0,0],[0,0],[4,-5.12],[22.88,24.56],[-2.48,4],[0,0]],"v":[[-51.44,35.6],[-51.44,-1.68],[-30.88,-41.52],[28.56,-28.4],[45.12,23.6],[1.36,52.96]],"c":true}]},{"i":{"x":0.667,"y":1},"o":{"x":0.69,"y":0},"t":42,"s":[{"i":[[0,0],[0,0],[-2.76,3.847],[-23.497,-24.026],[1.298,-2.761],[0,0]],"o":[[0,0],[0,0],[2.752,-3.836],[23.434,23.963],[-1.499,3.14],[0,0]],"v":[[-34.208,17.776],[-39.774,-14.857],[-27.503,-46.509],[26.18,-27.189],[48.521,19.517],[15.164,39.608]],"c":true}]},{"i":{"x":0.667,"y":1},"o":{"x":0.333,"y":0},"t":60,"s":[{"i":[[0,0],[0,0],[-4.065,5.196],[-22.892,-24.602],[2.208,-3.565],[0,0]],"o":[[0,0],[0,0],[4.066,-5.198],[22.893,24.603],[-2.534,4.05],[0,0]],"v":[[-52.119,36.261],[-51.883,-1.258],[-30.92,-41.565],[28.913,-28.818],[45.202,23.511],[0.881,53.386]],"c":true}]},{"t":66,"s":[{"i":[[0,0],[0,0],[-4,5.12],[-22.88,-24.56],[2.16,-3.52],[0,0]],"o":[[0,0],[0,0],[4,-5.12],[22.88,24.56],[-2.48,4],[0,0]],"v":[[-51.44,35.6],[-51.44,-1.68],[-30.88,-41.52],[28.56,-28.4],[45.12,23.6],[1.36,52.96]],"c":true}]}],"ix":2},"nm":"Path 1","mn":"ADBE Vector Shape - Group","hd":false},{"ty":"fl","c":{"a":0,"k":[0.685999971278,0.340999977261,0.046999998654,1],"ix":4},"o":{"a":0,"k":100,"ix":5},"r":1,"bm":0,"nm":"Fill 1","mn":"ADBE Vector Graphic - Fill","hd":false},{"ty":"tr","p":{"a":0,"k":[945.464,97.317],"ix":2},"a":{"a":0,"k":[0,0],"ix":1},"s":{"a":0,"k":[100,100],"ix":3},"r":{"a":0,"k":0,"ix":6},"o":{"a":0,"k":100,"ix":7},"sk":{"a":0,"k":0,"ix":4},"sa":{"a":0,"k":0,"ix":5},"nm":"Transform"}],"nm":"Group 6","np":2,"cix":2,"bm":0,"ix":6,"mn":"ADBE Vector Group","hd":false},{"ty":"gr","it":[{"ind":0,"ty":"sh","ix":1,"ks":{"a":1,"k":[{"i":{"x":0,"y":1},"o":{"x":0.333,"y":0},"t":0,"s":[{"i":[[0,0],[0,0],[-7.92,-0.88],[-31.52,2.48],[0,0],[0,0],[0,0],[-5.6,-19.76],[-0.24,-7.92],[5.28,-3.52],[5.28,2.64],[0,0],[-4.4,7.84],[-2.56,2],[-105.76,104.24]],"o":[[0,0],[0,0],[7.84,0.88],[33.28,-2.64],[0,0],[0,0],[0,0],[4.88,17.36],[0.4,10.48],[-5.28,3.52],[-5.28,-2.64],[0,0],[0.56,-0.96],[36.48,-28.4],[45.52,-44.96]],"v":[[118.76,-269.72],[160.76,-324.84],[177.08,-336.92],[229.24,-313.56],[293.88,-324.84],[320.12,-288.04],[315.64,-263.88],[311.32,-214.36],[333.48,-178.2],[-176.2,334.28],[-239.24,328.12],[-330.28,227.48],[-329.48,176.44],[-323.16,170.28],[-43.16,-17.56]],"c":true}]},{"i":{"x":0.833,"y":0.833},"o":{"x":1,"y":0},"t":24,"s":[{"i":[[0,0],[0,0],[-6.667,-0.023],[-27.544,5.187],[0,0],[0,0],[0,0],[-3.009,-17.409],[0.649,-6.98],[2.874,-1.628],[2.882,1.761],[0,0],[-2.028,4.354],[-1.282,1.07],[-65.9,67.88]],"o":[[0,0],[0,0],[6.635,0.031],[29.883,-5.647],[0,0],[0,0],[0,0],[2.585,15.165],[-0.78,9.175],[-2.861,1.619],[-2.877,-1.758],[0,0],[0.261,-0.534],[18.612,-15.479],[31.028,-32.026]],"v":[[147.427,-263.708],[184.664,-315.745],[199.213,-328.337],[242.597,-311.835],[302.07,-328.836],[322.506,-296.355],[315.662,-273.36],[306.441,-227.964],[322.606,-197.096],[-54.065,149.655],[-88.426,142.416],[-139.272,81.913],[-140.651,52.881],[-137.536,49.539],[24.252,-64.032]],"c":true}]},{"i":{"x":0.667,"y":1},"o":{"x":0.167,"y":0.167},"t":38,"s":[{"i":[[0,0],[0,0],[-7.92,-0.88],[-31.52,2.48],[0,0],[0,0],[0,0],[-5.6,-19.76],[-0.24,-7.92],[5.28,-3.52],[5.28,2.64],[0,0],[-4.4,7.84],[-2.56,2],[-105.76,104.24]],"o":[[0,0],[0,0],[7.84,0.88],[33.28,-2.64],[0,0],[0,0],[0,0],[4.88,17.36],[0.4,10.48],[-5.28,3.52],[-5.28,-2.64],[0,0],[0.56,-0.96],[36.48,-28.4],[45.52,-44.96]],"v":[[118.76,-269.72],[160.76,-324.84],[177.08,-336.92],[229.24,-313.56],[293.88,-324.84],[320.12,-288.04],[315.64,-263.88],[311.32,-214.36],[333.48,-178.2],[-176.2,334.28],[-239.24,328.12],[-330.28,227.48],[-329.48,176.44],[-323.16,170.28],[-43.16,-17.56]],"c":true}]},{"i":{"x":0.667,"y":1},"o":{"x":0.69,"y":0},"t":42,"s":[{"i":[[0,0],[0,0],[-8.319,-1.763],[-31.868,-0.946],[0,0],[0,0],[0,0],[-8.393,-19.888],[-1.416,-7.853],[6.788,-4.968],[7.559,3.194],[0,0],[-5.895,10.265],[-3.538,2.613],[-120.706,117.94]],"o":[[0,0],[0,0],[8.21,1.747],[33.142,0.964],[0,0],[0,0],[0,0],[7.358,17.523],[1.959,10.424],[-6.817,4.988],[-7.573,-3.203],[0,0],[0.75,-1.253],[49.625,-36.511],[48.819,-47.816]],"v":[[169.699,-337.027],[207.419,-387.428],[222.885,-397.429],[279.313,-368.917],[342.369,-372.953],[373.292,-334.969],[372.366,-312.055],[375.256,-264.044],[402.433,-226.59],[-119.414,350.028],[-206.395,345.868],[-342.002,216.014],[-343.518,149.005],[-334.833,140.956],[14.915,-80.133]],"c":true}]},{"i":{"x":0.667,"y":1},"o":{"x":0.333,"y":0},"t":60,"s":[{"i":[[0,0],[0,0],[-7.883,-0.855],[-31.404,2.559],[0,0],[0,0],[0,0],[-5.525,-19.692],[-0.214,-7.893],[5.21,-3.465],[5.21,2.614],[0,0],[-4.331,7.738],[-2.523,1.973],[-104.6,103.182]],"o":[[0,0],[0,0],[7.805,0.855],[33.181,-2.728],[0,0],[0,0],[0,0],[4.813,17.296],[0.366,10.442],[-5.21,3.465],[-5.21,-2.614],[0,0],[0.551,-0.948],[35.96,-28.024],[45.098,-44.584]],"v":[[119.594,-269.545],[161.456,-324.575],[177.724,-336.67],[229.629,-313.51],[294.118,-324.956],[320.189,-288.282],[315.641,-264.156],[311.178,-214.756],[333.164,-178.75],[-172.645,328.906],[-234.851,322.715],[-324.721,223.243],[-323.984,172.844],[-317.757,166.766],[-41.198,-18.913]],"c":true}]},{"t":66,"s":[{"i":[[0,0],[0,0],[-7.92,-0.88],[-31.52,2.48],[0,0],[0,0],[0,0],[-5.6,-19.76],[-0.24,-7.92],[5.28,-3.52],[5.28,2.64],[0,0],[-4.4,7.84],[-2.56,2],[-105.76,104.24]],"o":[[0,0],[0,0],[7.84,0.88],[33.28,-2.64],[0,0],[0,0],[0,0],[4.88,17.36],[0.4,10.48],[-5.28,3.52],[-5.28,-2.64],[0,0],[0.56,-0.96],[36.48,-28.4],[45.52,-44.96]],"v":[[118.76,-269.72],[160.76,-324.84],[177.08,-336.92],[229.24,-313.56],[293.88,-324.84],[320.12,-288.04],[315.64,-263.88],[311.32,-214.36],[333.48,-178.2],[-176.2,334.28],[-239.24,328.12],[-330.28,227.48],[-329.48,176.44],[-323.16,170.28],[-43.16,-17.56]],"c":true}]}],"ix":2},"nm":"Path 1","mn":"ADBE Vector Shape - Group","hd":false},{"ty":"fl","c":{"a":0,"k":[0.816000007181,0.435000011968,0.113999998803,1],"ix":4},"o":{"a":0,"k":100,"ix":5},"r":1,"bm":0,"nm":"Fill 1","mn":"ADBE Vector Graphic - Fill","hd":false},{"ty":"tr","p":{"a":0,"k":[414.384,634.717],"ix":2},"a":{"a":0,"k":[0,0],"ix":1},"s":{"a":0,"k":[100,100],"ix":3},"r":{"a":0,"k":0,"ix":6},"o":{"a":0,"k":100,"ix":7},"sk":{"a":0,"k":0,"ix":4},"sa":{"a":0,"k":0,"ix":5},"nm":"Transform"}],"nm":"Group 7","np":2,"cix":2,"bm":0,"ix":7,"mn":"ADBE Vector Group","hd":false}],"ip":0,"op":84,"st":0,"bm":0}],"markers":[{"tm":38,"cm":"rest","dr":0}]}