{"v":"5.8.1","fr":60,"ip":0,"op":195,"w":1024,"h":1024,"nm":"emoji_persevering","ddd":0,"assets":[],"layers":[{"ddd":0,"ind":1,"ty":3,"nm":"Null All","sr":1,"ks":{"o":{"a":0,"k":0,"ix":11},"r":{"a":0,"k":0,"ix":10},"p":{"s":true,"x":{"a":0,"k":512,"ix":3},"y":{"a":1,"k":[{"i":{"x":[0.667],"y":[1]},"o":{"x":[0.167],"y":[0]},"t":0,"s":[512]},{"i":{"x":[0.667],"y":[1]},"o":{"x":[0.333],"y":[0]},"t":60,"s":[512]},{"i":{"x":[0],"y":[1]},"o":{"x":[0.333],"y":[0]},"t":80,"s":[496]},{"i":{"x":[0.667],"y":[1]},"o":{"x":[0.333],"y":[0]},"t":102.5,"s":[528]},{"i":{"x":[0.481],"y":[1]},"o":{"x":[0.333],"y":[0]},"t":117.5,"s":[503.856]},{"t":145,"s":[512]}],"ix":4}},"a":{"a":0,"k":[0,0,0],"ix":1,"l":2},"s":{"a":0,"k":[100,100,100],"ix":6,"l":2}},"ao":0,"ip":0,"op":195,"st":0,"bm":0},{"ddd":0,"ind":2,"ty":3,"nm":"Null Face","parent":9,"sr":1,"ks":{"o":{"a":0,"k":0,"ix":11},"r":{"a":1,"k":[{"i":{"x":[0.833],"y":[0.833]},"o":{"x":[0.167],"y":[0.167]},"t":72.5,"s":[0]},{"t":85,"s":[0],"h":1},{"t":110,"s":[0],"h":1}],"ix":10},"p":{"s":true,"x":{"a":0,"k":0.5,"ix":3},"y":{"a":1,"k":[{"t":0,"s":[1],"h":1},{"i":{"x":[0.833],"y":[0.833]},"o":{"x":[0.333],"y":[0]},"t":60,"s":[1]},{"i":{"x":[0.667],"y":[1]},"o":{"x":[0.167],"y":[0.167]},"t":70,"s":[6]},{"i":{"x":[0],"y":[1]},"o":{"x":[0.333],"y":[0]},"t":80,"s":[-4]},{"i":{"x":[0.667],"y":[1]},"o":{"x":[0.333],"y":[0]},"t":102.5,"s":[1.992]},{"i":{"x":[0.667],"y":[1]},"o":{"x":[0.333],"y":[0]},"t":117.5,"s":[-0.538]},{"t":145,"s":[1]}],"ix":4}},"a":{"a":0,"k":[0,0,0],"ix":1,"l":2},"s":{"a":0,"k":[12.5,12.5,100],"ix":6,"l":2}},"ao":0,"ip":0,"op":195,"st":0,"bm":0},{"ddd":0,"ind":3,"ty":4,"nm":"eyebrows","parent":2,"sr":1,"ks":{"o":{"a":0,"k":100,"ix":11},"r":{"a":0,"k":0,"ix":10},"p":{"s":true,"x":{"a":0,"k":-2.456,"ix":3},"y":{"a":1,"k":[{"t":0,"s":[-190.005],"h":1},{"i":{"x":[0.667],"y":[1]},"o":{"x":[0.333],"y":[0]},"t":62.5,"s":[-190.005]},{"i":{"x":[0.833],"y":[0.833]},"o":{"x":[0.333],"y":[0]},"t":72.5,"s":[-190.005]},{"i":{"x":[0.833],"y":[0.833]},"o":{"x":[0.167],"y":[0.167]},"t":80,"s":[-160.005]},{"t":85,"s":[-73.025],"h":1},{"i":{"x":[0.833],"y":[0.833]},"o":{"x":[0.307],"y":[0.086]},"t":102.5,"s":[-73.025]},{"i":{"x":[0.525],"y":[1]},"o":{"x":[0.167],"y":[0.167]},"t":110,"s":[-169.395]},{"t":138,"s":[-190.005]}],"ix":4}},"a":{"a":0,"k":[-0.456,2.995,0],"ix":1,"l":2},"s":{"a":0,"k":[100,100,100],"ix":6,"l":2}},"ao":0,"shapes":[{"ty":"gr","it":[{"ind":0,"ty":"sh","ix":1,"ks":{"a":1,"k":[{"t":0,"s":[{"i":[[46.32,-7.92],[-19.2,-0.8],[-31.04,28.8],[-7.76,13.6],[6.64,4.64],[4.64,-6.64],[0,0]],"o":[[-17.6,3.2],[42.4,0.56],[11.84,-10.24],[4.64,-6.64],[-6.64,-4.64],[0,0],[-31.36,35.04]],"v":[[-289.2,22.64],[-288.4,52.24],[-174,8.24],[-144.4,-27.76],[-148,-48.16],[-168.4,-44.56],[-169.2,-43.76]],"c":true}],"h":1},{"i":{"x":0.833,"y":0.833},"o":{"x":0.333,"y":0},"t":62.5,"s":[{"i":[[46.32,-7.92],[-19.2,-0.8],[-31.04,28.8],[-7.76,13.6],[6.64,4.64],[4.64,-6.64],[0,0]],"o":[[-17.6,3.2],[42.4,0.56],[11.84,-10.24],[4.64,-6.64],[-6.64,-4.64],[0,0],[-31.36,35.04]],"v":[[-289.2,22.64],[-288.4,52.24],[-174,8.24],[-144.4,-27.76],[-148,-48.16],[-168.4,-44.56],[-169.2,-43.76]],"c":true}]},{"i":{"x":0.667,"y":1},"o":{"x":0.167,"y":0.167},"t":67.5,"s":[{"i":[[46.92,-2.604],[-18.984,-2.977],[-34.112,25.086],[-9.255,12.63],[6.069,5.365],[5.365,-6.07],[0,0]],"o":[[-17.85,1.179],[42.062,5.375],[12.927,-8.828],[5.365,-6.07],[-6.069,-5.365],[0,0],[-35.14,31.249]],"v":[[-287.635,21.908],[-290.205,51.407],[-171.545,20.695],[-138.045,-11.708],[-139.304,-32.385],[-159.98,-31.127],[-160.866,-30.423]],"c":true}]},{"i":{"x":0.833,"y":0.833},"o":{"x":0.333,"y":0},"t":72.5,"s":[{"i":[[46.32,-7.92],[-19.2,-0.8],[-31.04,28.8],[-7.76,13.6],[6.64,4.64],[4.64,-6.64],[0,0]],"o":[[-17.6,3.2],[42.4,0.56],[11.84,-10.24],[4.64,-6.64],[-6.64,-4.64],[0,0],[-31.36,35.04]],"v":[[-289.2,22.64],[-288.4,52.24],[-174,8.24],[-144.4,-27.76],[-148,-48.16],[-168.4,-44.56],[-169.2,-43.76]],"c":true}]},{"i":{"x":0.833,"y":0.833},"o":{"x":0.167,"y":0.167},"t":80,"s":[{"i":[[41.263,-22.486],[-18.425,5.457],[-17.164,10.366],[-11.257,10.884],[5.075,6.313],[6.313,-5.076],[0,0]],"o":[[-15.617,8.724],[40.299,-13.193],[22.705,-13.712],[6.313,-5.076],[-5.075,-6.313],[0,0],[-39.915,24.86]],"v":[[-271.985,27.747],[-261.648,55.495],[-169.705,8.712],[-127.211,-24.562],[-124.956,-45.155],[-145.548,-47.409],[-146.54,-46.865]],"c":true}]},{"t":85,"s":[{"i":[[43.14,-8.424],[-17.971,-0.326],[-23.742,7.92],[-12.702,8.78],[3.923,6.959],[6.959,-3.923],[0,0]],"o":[[-16.388,3.379],[39.661,-0.408],[21.847,-8.595],[6.959,-3.923],[-3.923,-6.959],[0,0],[-42.833,17.77]],"v":[[-260.885,8.785],[-259.487,36.447],[-157.978,16.224],[-112.681,-7.965],[-107.177,-27.638],[-126.849,-33.143],[-127.902,-32.773]],"c":true}],"h":1},{"i":{"x":0.833,"y":0.833},"o":{"x":0.167,"y":0.167},"t":102.5,"s":[{"i":[[43.14,-8.424],[-17.971,-0.326],[-23.742,7.92],[-12.702,8.78],[3.923,6.959],[6.959,-3.923],[0,0]],"o":[[-16.388,3.379],[39.661,-0.408],[21.847,-8.595],[6.959,-3.923],[-3.923,-6.959],[0,0],[-42.833,17.77]],"v":[[-260.885,8.785],[-259.487,36.447],[-157.978,16.224],[-112.681,-7.965],[-107.177,-27.638],[-126.849,-33.143],[-127.902,-32.773]],"c":true}]},{"i":{"x":0,"y":1},"o":{"x":0.167,"y":0.167},"t":110,"s":[{"i":[[45.406,-8.178],[-18.857,-0.619],[-31.085,26.356],[-8.682,12.637],[6.1,5.07],[5.07,-6.1],[0,0]],"o":[[-17.251,3.294],[41.632,0.182],[12.954,-9.932],[5.07,-6.1],[-6.1,-5.07],[0,0],[-33.916,31.511]],"v":[[-276.699,20.119],[-275.657,49.172],[-162.674,8.55],[-130.635,-24.882],[-132.482,-45.082],[-152.681,-43.234],[-153.527,-42.519]],"c":true}]},{"t":138,"s":[{"i":[[46.32,-7.92],[-19.2,-0.8],[-31.04,28.8],[-7.76,13.6],[6.64,4.64],[4.64,-6.64],[0,0]],"o":[[-17.6,3.2],[42.4,0.56],[11.84,-10.24],[4.64,-6.64],[-6.64,-4.64],[0,0],[-31.36,35.04]],"v":[[-289.2,22.64],[-288.4,52.24],[-174,8.24],[-144.4,-27.76],[-148,-48.16],[-168.4,-44.56],[-169.2,-43.76]],"c":true}]}],"ix":2},"nm":"Path 1","mn":"ADBE Vector Shape - Group","hd":false},{"ind":1,"ty":"sh","ix":2,"ks":{"a":1,"k":[{"t":0,"s":[{"i":[[0,0],[6.64,-4.64],[-4.64,-6.64],[-11.84,-10.24],[-42.32,0.32],[17.6,3.2],[31.28,35.76]],"o":[[-4.64,-6.64],[-6.64,4.64],[7.76,13.6],[31.2,28.56],[20,-0.8],[-46.88,-7.68],[0,0]],"v":[[167.6,-44.56],[147.2,-48.16],[143.6,-27.76],[173.2,8.24],[287.6,52.24],[288.4,22.64],[167.6,-44.56]],"c":true}],"h":1},{"i":{"x":0.833,"y":0.833},"o":{"x":0.333,"y":0},"t":62.5,"s":[{"i":[[0,0],[6.64,-4.64],[-4.64,-6.64],[-11.84,-10.24],[-42.32,0.32],[17.6,3.2],[31.28,35.76]],"o":[[-4.64,-6.64],[-6.64,4.64],[7.76,13.6],[31.2,28.56],[20,-0.8],[-46.88,-7.68],[0,0]],"v":[[167.6,-44.56],[147.2,-48.16],[143.6,-27.76],[173.2,8.24],[287.6,52.24],[288.4,22.64],[167.6,-44.56]],"c":true}]},{"i":{"x":0.667,"y":1},"o":{"x":0.167,"y":0.167},"t":67.5,"s":[{"i":[[0,0],[6.035,-5.403],[-5.403,-6.035],[-12.983,-8.745],[-41.976,5.396],[17.857,1.065],[35.346,31.748]],"o":[[-5.403,-6.035],[-6.035,5.403],[9.336,12.57],[34.402,24.609],[19.759,-3.194],[-47.463,-1.998],[0,0]],"v":[[158.766,-30.129],[138.081,-31.255],[136.955,-10.57],[170.662,21.618],[289.515,51.571],[286.758,22.089],[158.766,-30.129]],"c":true}]},{"i":{"x":0.833,"y":0.833},"o":{"x":0.333,"y":0},"t":72.5,"s":[{"i":[[0,0],[6.64,-4.64],[-4.64,-6.64],[-11.84,-10.24],[-42.32,0.32],[17.6,3.2],[31.28,35.76]],"o":[[-4.64,-6.64],[-6.64,4.64],[7.76,13.6],[31.2,28.56],[20,-0.8],[-46.88,-7.68],[0,0]],"v":[[167.6,-44.56],[147.2,-48.16],[143.6,-27.76],[173.2,8.24],[287.6,52.24],[288.4,22.64],[167.6,-44.56]],"c":true}]},{"i":{"x":0.833,"y":0.833},"o":{"x":0.167,"y":0.167},"t":80,"s":[{"i":[[0,0],[5.634,-5.821],[-5.821,-5.633],[-13.575,-7.794],[-40.596,-11.961],[15.917,8.164],[37.525,29.139]],"o":[[-5.821,-5.633],[-5.634,5.821],[10.211,11.871],[36.074,22.086],[19.373,5.032],[-42.641,-20.94],[0,0]],"v":[[140.703,-43.111],[119.991,-42.755],[120.347,-22.043],[156.269,7.652],[261.683,55.227],[271.029,27.129],[140.703,-43.111]],"c":true}]},{"t":85,"s":[{"i":[[0,0],[4.584,-6.553],[-6.553,-4.584],[-14.448,-5.482],[-40.264,-0.56],[16.677,3.404],[41.122,22.557]],"o":[[-6.553,-4.584],[-4.584,6.553],[11.804,9.98],[38.608,15.908],[19.042,-0.352],[-44.439,-8.264],[0,0]],"v":[[123.6,-31.636],[103.465,-28.061],[107.04,-7.926],[146.686,15.423],[258.624,38.266],[259.99,10.125],[123.6,-31.636]],"c":true}],"h":1},{"i":{"x":0.833,"y":0.833},"o":{"x":0.167,"y":0.167},"t":102.5,"s":[{"i":[[0,0],[4.584,-6.553],[-6.553,-4.584],[-14.448,-5.482],[-40.264,-0.56],[16.677,3.404],[41.122,22.557]],"o":[[-6.553,-4.584],[-4.584,6.553],[11.804,9.98],[38.608,15.908],[19.042,-0.352],[-44.439,-8.264],[0,0]],"v":[[123.6,-31.636],[103.465,-28.061],[107.04,-7.926],[146.686,15.423],[258.624,38.266],[259.99,10.125],[123.6,-31.636]],"c":true}]},{"i":{"x":0,"y":1},"o":{"x":0.167,"y":0.167},"t":110,"s":[{"i":[[0,0],[6.238,-4.986],[-4.986,-6.238],[-12.94,-9.793],[-41.777,-0.348],[17.322,3.435],[33.813,33.008]],"o":[[-4.986,-6.238],[-6.238,4.986],[8.497,12.886],[31.532,26.507],[19.754,-0.476],[-46.153,-8.316],[0,0]],"v":[[152.027,-43.545],[131.731,-45.793],[129.484,-25.496],[160.948,8.415],[274.52,50.022],[275.774,20.818],[152.027,-43.545]],"c":true}]},{"t":138,"s":[{"i":[[0,0],[6.64,-4.64],[-4.64,-6.64],[-11.84,-10.24],[-42.32,0.32],[17.6,3.2],[31.28,35.76]],"o":[[-4.64,-6.64],[-6.64,4.64],[7.76,13.6],[31.2,28.56],[20,-0.8],[-46.88,-7.68],[0,0]],"v":[[167.6,-44.56],[147.2,-48.16],[143.6,-27.76],[173.2,8.24],[287.6,52.24],[288.4,22.64],[167.6,-44.56]],"c":true}]}],"ix":2},"nm":"Path 2","mn":"ADBE Vector Shape - Group","hd":false},{"ty":"fl","c":{"a":0,"k":[0.258823529412,0.16862745098,0.050980392157,1],"ix":4},"o":{"a":0,"k":100,"ix":5},"r":1,"bm":0,"nm":"Fill 1","mn":"ADBE Vector Graphic - Fill","hd":false},{"ty":"tr","p":{"a":0,"k":[0,0],"ix":2},"a":{"a":0,"k":[0,0],"ix":1},"s":{"a":0,"k":[100,100],"ix":3},"r":{"a":0,"k":0,"ix":6},"o":{"a":0,"k":100,"ix":7},"sk":{"a":0,"k":0,"ix":4},"sa":{"a":0,"k":0,"ix":5},"nm":"Transform"}],"nm":"Shape 1","np":4,"cix":2,"bm":0,"ix":1,"mn":"ADBE Vector Group","hd":false}],"ip":0,"op":195,"st":0,"bm":0},{"ddd":0,"ind":4,"ty":4,"nm":"EYES Top","parent":5,"sr":1,"ks":{"o":{"a":0,"k":100,"ix":11},"r":{"a":0,"k":0,"ix":10},"p":{"s":true,"x":{"a":0,"k":-168,"ix":3},"y":{"a":0,"k":-12,"ix":4}},"a":{"a":0,"k":[-168,-12,0],"ix":1,"l":2},"s":{"a":0,"k":[100,100,100],"ix":6,"l":2}},"ao":0,"shapes":[{"ty":"gr","it":[{"ind":0,"ty":"sh","ix":1,"ks":{"a":1,"k":[{"t":0,"s":[{"i":[[6.06,4.658],[29.6,20.24],[11.52,-10.72],[-12.64,-12.32],[-1.2,-0.8],[-0.8,-0.8],[0,0],[-9.686,-4.843],[-4.251,6.111]],"o":[[-27.315,-20.993],[-12.64,-9.28],[-12.32,12.72],[1.04,0.96],[0.8,0.8],[0,0],[0,0],[9.686,4.843],[3.229,-4.641]],"v":[[-55.28,5.659],[-184.88,-92.581],[-226.48,-90.181],[-225.76,-44.901],[-222.48,-42.181],[-220.08,-40.581],[-132.96,-2.101],[-80.093,20.204],[-52.247,20.809]],"c":true}],"h":1},{"i":{"x":0.833,"y":0.833},"o":{"x":0.333,"y":0},"t":60,"s":[{"i":[[6.06,4.658],[29.6,20.24],[11.52,-10.72],[-12.64,-12.32],[-1.2,-0.8],[-0.8,-0.8],[0,0],[-9.686,-4.843],[-4.251,6.111]],"o":[[-27.315,-20.993],[-12.64,-9.28],[-12.32,12.72],[1.04,0.96],[0.8,0.8],[0,0],[0,0],[9.686,4.843],[3.229,-4.641]],"v":[[-55.28,5.659],[-184.88,-92.581],[-226.48,-90.181],[-225.76,-44.901],[-222.48,-42.181],[-220.08,-40.581],[-132.96,-2.101],[-80.093,20.204],[-52.247,20.809]],"c":true}]},{"i":{"x":0.667,"y":1},"o":{"x":0.167,"y":0.167},"t":67.5,"s":[{"i":[[6.491,4.035],[31.458,17.211],[10.403,-11.807],[-13.797,-11.009],[-1.273,-0.677],[-0.875,-0.717],[0,0],[-10.118,-3.861],[-3.625,6.502]],"o":[[-29.259,-18.187],[-13.496,-7.983],[-11,13.877],[1.13,0.852],[0.876,0.717],[0,0],[0,0],[10.118,3.861],[2.753,-4.938]],"v":[[-56.158,4.639],[-194.844,-80.293],[-236.003,-73.787],[-230.805,-28.801],[-227.272,-26.419],[-224.725,-25.064],[-134.225,4.605],[-79.41,21.568],[-51.64,19.415]],"c":true}]},{"i":{"x":0.833,"y":0.833},"o":{"x":0.333,"y":0},"t":72.5,"s":[{"i":[[6.06,4.658],[29.6,20.24],[11.52,-10.72],[-12.64,-12.32],[-1.2,-0.8],[-0.8,-0.8],[0,0],[-9.686,-4.843],[-4.251,6.111]],"o":[[-27.315,-20.993],[-12.64,-9.28],[-12.32,12.72],[1.04,0.96],[0.8,0.8],[0,0],[0,0],[9.686,4.843],[3.229,-4.641]],"v":[[-55.28,5.659],[-184.88,-92.581],[-226.48,-90.181],[-225.76,-44.901],[-222.48,-42.181],[-220.08,-40.581],[-132.96,-2.101],[-80.093,20.204],[-52.247,20.809]],"c":true}]},{"i":{"x":0.833,"y":0.833},"o":{"x":0.167,"y":0.167},"t":80,"s":[{"i":[[6.06,4.658],[33.503,12.781],[8.703,-13.11],[-15.164,-9.033],[-1.353,-0.498],[-0.964,-0.591],[0,0],[-8.407,-0.204],[-4.251,6.111]],"o":[[-27.315,-20.993],[-14.455,-6.077],[-9.015,15.242],[1.235,0.691],[0.965,0.591],[0,0],[0,0],[10.826,0.263],[3.229,-4.641]],"v":[[-55.28,5.659],[-208.987,-61.982],[-248.881,-49.949],[-237.623,-6.085],[-233.8,-4.204],[-231.093,-3.208],[-137.402,13.899],[-80.093,22.954],[-52.247,20.809]],"c":true}]},{"t":85,"s":[{"i":[[6.06,4.658],[34.384,10.164],[7.668,-13.74],[-15.813,-7.839],[-1.387,-0.393],[-1.007,-0.515],[0,0],[-10.632,-1.543],[-4.251,6.111]],"o":[[-27.315,-20.993],[-14.879,-4.946],[-7.814,15.889],[1.285,0.594],[1.007,0.515],[0,0],[0,0],[12.049,1.743],[3.229,-4.641]],"v":[[-55.28,5.659],[-214.169,-50.911],[-253.015,-35.846],[-238.417,7.018],[-234.46,8.598],[-231.685,9.383],[-136.966,19.23],[-80.093,24.161],[-52.247,20.809]],"c":true}],"h":1},{"i":{"x":0.833,"y":0.833},"o":{"x":0.167,"y":0.167},"t":102.5,"s":[{"i":[[6.06,4.658],[34.384,10.164],[7.668,-13.74],[-15.813,-7.839],[-1.387,-0.393],[-1.007,-0.515],[0,0],[-10.632,-1.543],[-4.251,6.111]],"o":[[-27.315,-20.993],[-14.879,-4.946],[-7.814,15.889],[1.285,0.594],[1.007,0.515],[0,0],[0,0],[12.049,1.743],[3.229,-4.641]],"v":[[-55.28,5.659],[-214.169,-50.911],[-253.015,-35.846],[-238.417,7.018],[-234.46,8.598],[-231.685,9.383],[-136.966,19.23],[-80.093,24.161],[-52.247,20.809]],"c":true}]},{"i":{"x":0,"y":1},"o":{"x":0.167,"y":0.167},"t":110,"s":[{"i":[[6.06,4.658],[30.687,17.998],[10.665,-11.402],[-13.357,-11.325],[-1.242,-0.709],[-0.847,-0.737],[0,0],[-9.773,-3.971],[-4.251,6.111]],"o":[[-27.315,-20.993],[-13.148,-8.316],[-11.319,13.436],[1.095,0.879],[0.847,0.737],[0,0],[0,0],[10.174,4.01],[3.229,-4.641]],"v":[[-55.28,5.659],[-191.549,-83.325],[-232.557,-78.09],[-228.732,-33.325],[-225.299,-30.858],[-222.814,-29.44],[-133.944,2.658],[-80.093,21.073],[-52.247,20.809]],"c":true}]},{"t":138,"s":[{"i":[[6.06,4.658],[29.6,20.24],[11.52,-10.72],[-12.64,-12.32],[-1.2,-0.8],[-0.8,-0.8],[0,0],[-9.686,-4.843],[-4.251,6.111]],"o":[[-27.315,-20.993],[-12.64,-9.28],[-12.32,12.72],[1.04,0.96],[0.8,0.8],[0,0],[0,0],[9.686,4.843],[3.229,-4.641]],"v":[[-55.28,5.659],[-184.88,-92.581],[-226.48,-90.181],[-225.76,-44.901],[-222.48,-42.181],[-220.08,-40.581],[-132.96,-2.101],[-80.093,20.204],[-52.247,20.809]],"c":true}]}],"ix":2},"nm":"Path 3","mn":"ADBE Vector Shape - Group","hd":false},{"ind":1,"ty":"sh","ix":2,"ks":{"a":1,"k":[{"t":0,"s":[{"i":[[-6.06,4.658],[-29.6,20.24],[-11.52,-10.72],[12.64,-12.32],[1.2,-0.8],[0.8,-0.8],[0,0],[9.686,-4.843],[4.251,6.111]],"o":[[27.315,-20.993],[12.64,-9.28],[12.32,12.72],[-1.04,0.96],[-0.8,0.8],[0,0],[0,0],[-9.686,4.843],[-3.229,-4.641]],"v":[[54.493,5.659],[184.093,-92.581],[225.693,-90.181],[224.973,-44.901],[221.693,-42.181],[219.293,-40.581],[132.173,-2.101],[79.307,20.204],[51.46,20.809]],"c":true}],"h":1},{"i":{"x":0.833,"y":0.833},"o":{"x":0.333,"y":0},"t":60,"s":[{"i":[[-6.06,4.658],[-29.6,20.24],[-11.52,-10.72],[12.64,-12.32],[1.2,-0.8],[0.8,-0.8],[0,0],[9.686,-4.843],[4.251,6.111]],"o":[[27.315,-20.993],[12.64,-9.28],[12.32,12.72],[-1.04,0.96],[-0.8,0.8],[0,0],[0,0],[-9.686,4.843],[-3.229,-4.641]],"v":[[54.493,5.659],[184.093,-92.581],[225.693,-90.181],[224.973,-44.901],[221.693,-42.181],[219.293,-40.581],[132.173,-2.101],[79.307,20.204],[51.46,20.809]],"c":true}]},{"i":{"x":0.667,"y":1},"o":{"x":0.167,"y":0.167},"t":67.5,"s":[{"i":[[-6.338,4.272],[-30.8,18.362],[-10.832,-11.415],[13.381,-11.511],[1.248,-0.724],[0.848,-0.749],[0,0],[9.968,-4.232],[3.863,6.363]],"o":[[28.567,-19.256],[13.192,-8.477],[11.506,13.461],[-1.098,0.894],[-0.848,0.749],[0,0],[0,0],[-9.968,4.232],[-2.934,-4.833]],"v":[[54.968,5.083],[190.42,-84.918],[231.79,-79.938],[228.259,-34.79],[224.816,-32.279],[222.322,-30.832],[132.98,2.163],[78.83,21.141],[50.999,20.015]],"c":true}]},{"i":{"x":0.833,"y":0.833},"o":{"x":0.333,"y":0},"t":72.5,"s":[{"i":[[-6.06,4.658],[-29.6,20.24],[-11.52,-10.72],[12.64,-12.32],[1.2,-0.8],[0.8,-0.8],[0,0],[9.686,-4.843],[4.251,6.111]],"o":[[27.315,-20.993],[12.64,-9.28],[12.32,12.72],[-1.04,0.96],[-0.8,0.8],[0,0],[0,0],[-9.686,4.843],[-3.229,-4.641]],"v":[[54.493,5.659],[184.093,-92.581],[225.693,-90.181],[224.973,-44.901],[221.693,-42.181],[219.293,-40.581],[132.173,-2.101],[79.307,20.204],[51.46,20.809]],"c":true}]},{"i":{"x":0.833,"y":0.833},"o":{"x":0.167,"y":0.167},"t":80,"s":[{"i":[[-6.06,4.658],[-33.365,13.137],[-8.842,-13.017],[15.067,-9.194],[1.348,-0.513],[0.958,-0.602],[0,0],[12.193,-1.704],[4.251,6.111]],"o":[[27.315,-20.993],[14.39,-6.231],[9.176,15.145],[-1.228,0.704],[-0.958,0.602],[0,0],[0,0],[-10.725,1.499],[-3.229,-4.641]],"v":[[54.493,5.659],[207.744,-62.479],[247.764,-50.871],[236.974,-6.89],[233.171,-4.969],[230.475,-3.944],[136.972,14.16],[79.307,22.704],[51.46,20.809]],"c":true}]},{"t":85,"s":[{"i":[[-6.06,4.658],[-34.36,10.24],[-7.698,-13.722],[15.795,-7.874],[1.387,-0.396],[1.006,-0.518],[0,0],[18.468,-0.256],[4.251,6.111]],"o":[[27.315,-20.993],[14.867,-4.979],[7.849,15.871],[-1.283,0.597],[-1.006,0.518],[0,0],[0,0],[-10.825,0.166],[-3.229,-4.641]],"v":[[54.493,5.659],[213.797,-49.58],[252.675,-34.601],[238.174,8.294],[234.221,9.883],[231.447,10.674],[136.753,20.731],[79.307,25.117],[51.46,20.809]],"c":true}],"h":1},{"i":{"x":0.833,"y":0.833},"o":{"x":0.167,"y":0.167},"t":102.5,"s":[{"i":[[-6.06,4.658],[-34.36,10.24],[-7.698,-13.722],[15.795,-7.874],[1.387,-0.396],[1.006,-0.518],[0,0],[18.468,-0.256],[4.251,6.111]],"o":[[27.315,-20.993],[14.867,-4.979],[7.849,15.871],[-1.283,0.597],[-1.006,0.518],[0,0],[0,0],[-10.825,0.166],[-3.229,-4.641]],"v":[[54.493,5.659],[213.797,-49.58],[252.675,-34.601],[238.174,8.294],[234.221,9.883],[231.447,10.674],[136.753,20.731],[79.307,25.117],[51.46,20.809]],"c":true}]},{"i":{"x":0,"y":1},"o":{"x":0.167,"y":0.167},"t":110,"s":[{"i":[[-6.06,4.658],[-30.674,18.034],[-10.679,-11.393],[13.348,-11.341],[1.242,-0.711],[0.846,-0.738],[0,0],[11.39,-3.838],[4.251,6.111]],"o":[[27.315,-20.993],[13.142,-8.331],[11.335,13.427],[-1.095,0.88],[-0.846,0.738],[0,0],[0,0],[-9.951,3.81],[-3.229,-4.641]],"v":[[54.493,5.659],[190.807,-83.121],[231.828,-77.929],[228.05,-33.15],[224.619,-30.68],[222.134,-29.258],[133.28,2.939],[79.307,21.226],[51.46,20.809]],"c":true}]},{"t":138,"s":[{"i":[[-6.06,4.658],[-29.6,20.24],[-11.52,-10.72],[12.64,-12.32],[1.2,-0.8],[0.8,-0.8],[0,0],[9.686,-4.843],[4.251,6.111]],"o":[[27.315,-20.993],[12.64,-9.28],[12.32,12.72],[-1.04,0.96],[-0.8,0.8],[0,0],[0,0],[-9.686,4.843],[-3.229,-4.641]],"v":[[54.493,5.659],[184.093,-92.581],[225.693,-90.181],[224.973,-44.901],[221.693,-42.181],[219.293,-40.581],[132.173,-2.101],[79.307,20.204],[51.46,20.809]],"c":true}]}],"ix":2},"nm":"Path 4","mn":"ADBE Vector Shape - Group","hd":false},{"ty":"fl","c":{"a":0,"k":[0.258823529412,0.16862745098,0.050980392157,1],"ix":4},"o":{"a":0,"k":100,"ix":5},"r":1,"bm":0,"nm":"Fill 1","mn":"ADBE Vector Graphic - Fill","hd":false},{"ty":"tr","p":{"a":0,"k":[0,0],"ix":2},"a":{"a":0,"k":[0,0],"ix":1},"s":{"a":0,"k":[100,100],"ix":3},"r":{"a":0,"k":0,"ix":6},"o":{"a":0,"k":100,"ix":7},"sk":{"a":0,"k":0,"ix":4},"sa":{"a":0,"k":0,"ix":5},"nm":"Transform"}],"nm":"Shape 1","np":4,"cix":2,"bm":0,"ix":1,"mn":"ADBE Vector Group","hd":false}],"ip":0,"op":195,"st":0,"bm":0},{"ddd":0,"ind":5,"ty":4,"nm":"EYES","parent":2,"sr":1,"ks":{"o":{"a":0,"k":100,"ix":11},"r":{"a":0,"k":0,"ix":10},"p":{"s":true,"x":{"a":0,"k":-168,"ix":3},"y":{"a":1,"k":[{"t":0,"s":[1],"h":1},{"i":{"x":[0.833],"y":[0.833]},"o":{"x":[1],"y":[0]},"t":60,"s":[1]},{"i":{"x":[0.833],"y":[0.833]},"o":{"x":[0.167],"y":[0.167]},"t":80,"s":[-29]},{"t":85,"s":[22.382],"h":1},{"i":{"x":[0.833],"y":[0.833]},"o":{"x":[0.307],"y":[0.086]},"t":102.5,"s":[22.382]},{"i":{"x":[0.525],"y":[1]},"o":{"x":[0.167],"y":[0.167]},"t":110,"s":[4.767]},{"t":138,"s":[1]}],"ix":4}},"a":{"a":0,"k":[-168,-12,0],"ix":1,"l":2},"s":{"a":0,"k":[100,100,100],"ix":6,"l":2}},"ao":0,"shapes":[{"ty":"gr","it":[{"ind":0,"ty":"sh","ix":1,"ks":{"a":1,"k":[{"t":0,"s":[{"i":[[-29.662,-16.187],[-0.547,-0.376],[0,0],[16.078,-2.754],[10.4,-1.6],[26.852,-12.482],[19.499,-2.579],[-29.145,27.667]],"o":[[0.483,0.428],[0,0],[11.228,10.975],[-12.8,0.8],[-29.339,4.03],[-17.448,6.25],[-39.853,6.441],[30.523,-32.13]],"v":[[-55.28,5.659],[-52.88,7.419],[-52.88,7.419],[-63.12,43.339],[-98.32,46.539],[-183.28,71.419],[-237.68,95.42],[-271.28,29.018]],"c":true}],"h":1},{"i":{"x":0.833,"y":0.833},"o":{"x":1,"y":0},"t":60,"s":[{"i":[[-29.662,-16.187],[-0.547,-0.376],[0,0],[16.078,-2.754],[10.4,-1.6],[26.852,-12.482],[19.499,-2.579],[-29.145,27.667]],"o":[[0.483,0.428],[0,0],[11.228,10.975],[-12.8,0.8],[-29.339,4.03],[-17.448,6.25],[-39.853,6.441],[30.523,-32.13]],"v":[[-55.28,5.659],[-52.88,7.419],[-52.88,7.419],[-63.12,43.339],[-98.32,46.539],[-183.28,71.419],[-237.68,95.42],[-271.28,29.018]],"c":true}]},{"t":85,"s":[{"i":[[-29.662,-16.187],[-0.547,-0.376],[0,0],[16.078,-2.754],[10.4,-1.6],[26.852,-12.482],[19.499,-2.579],[-29.145,27.667]],"o":[[0.483,0.428],[0,0],[11.228,10.975],[-12.8,0.8],[-29.339,4.03],[-17.448,6.25],[-39.853,6.441],[30.523,-32.13]],"v":[[-55.28,5.659],[-52.88,7.419],[-52.88,7.419],[-63.12,43.339],[-98.32,46.539],[-183.28,71.419],[-237.68,95.42],[-271.28,29.018]],"c":true}],"h":1},{"i":{"x":0.833,"y":0.833},"o":{"x":0.167,"y":0.167},"t":102.5,"s":[{"i":[[-29.662,-16.187],[-0.547,-0.376],[0,0],[16.078,-2.754],[10.4,-1.6],[26.852,-12.482],[19.499,-2.579],[-29.145,27.667]],"o":[[0.483,0.428],[0,0],[11.228,10.975],[-12.8,0.8],[-29.339,4.03],[-17.448,6.25],[-39.853,6.441],[30.523,-32.13]],"v":[[-55.28,5.659],[-52.88,7.419],[-52.88,7.419],[-63.12,43.339],[-98.32,46.539],[-183.28,71.419],[-237.68,95.42],[-271.28,29.018]],"c":true}]},{"i":{"x":0,"y":1},"o":{"x":0.167,"y":0.167},"t":110,"s":[{"i":[[-29.662,-16.187],[-0.547,-0.376],[0,0],[16.078,-2.754],[10.4,-1.6],[26.852,-12.482],[19.499,-2.579],[-29.145,27.667]],"o":[[0.483,0.428],[0,0],[11.228,10.975],[-12.8,0.8],[-29.339,4.03],[-17.448,6.25],[-39.853,6.441],[30.523,-32.13]],"v":[[-55.28,5.659],[-52.88,7.419],[-52.88,7.419],[-63.12,43.339],[-98.32,46.539],[-183.28,71.419],[-237.68,95.42],[-271.28,29.018]],"c":true}]},{"t":138,"s":[{"i":[[-29.662,-16.187],[-0.547,-0.376],[0,0],[16.078,-2.754],[10.4,-1.6],[26.852,-12.482],[19.499,-2.579],[-29.145,27.667]],"o":[[0.483,0.428],[0,0],[11.228,10.975],[-12.8,0.8],[-29.339,4.03],[-17.448,6.25],[-39.853,6.441],[30.523,-32.13]],"v":[[-55.28,5.659],[-52.88,7.419],[-52.88,7.419],[-63.12,43.339],[-98.32,46.539],[-183.28,71.419],[-237.68,95.42],[-271.28,29.018]],"c":true}]}],"ix":2},"nm":"Path 1","mn":"ADBE Vector Shape - Group","hd":false},{"ind":1,"ty":"sh","ix":2,"ks":{"a":1,"k":[{"t":0,"s":[{"i":[[29.662,-16.187],[0.547,-0.376],[0,0],[-16.078,-2.754],[-10.4,-1.6],[-26.852,-12.482],[-19.499,-2.579],[29.145,27.667]],"o":[[-0.483,0.428],[0,0],[-11.228,10.975],[12.8,0.8],[29.339,4.03],[17.448,6.25],[39.853,6.441],[-30.523,-32.13]],"v":[[55.28,5.659],[52.88,7.419],[52.88,7.419],[63.121,43.339],[98.32,46.539],[183.28,71.419],[237.68,95.42],[271.28,29.018]],"c":true}],"h":1},{"i":{"x":0.833,"y":0.833},"o":{"x":1,"y":0},"t":60,"s":[{"i":[[29.662,-16.187],[0.547,-0.376],[0,0],[-16.078,-2.754],[-10.4,-1.6],[-26.852,-12.482],[-19.499,-2.579],[29.145,27.667]],"o":[[-0.483,0.428],[0,0],[-11.228,10.975],[12.8,0.8],[29.339,4.03],[17.448,6.25],[39.853,6.441],[-30.523,-32.13]],"v":[[55.28,5.659],[52.88,7.419],[52.88,7.419],[63.121,43.339],[98.32,46.539],[183.28,71.419],[237.68,95.42],[271.28,29.018]],"c":true}]},{"t":85,"s":[{"i":[[29.662,-16.187],[0.547,-0.376],[0,0],[-16.078,-2.754],[-10.4,-1.6],[-26.852,-12.482],[-19.499,-2.579],[29.145,27.667]],"o":[[-0.483,0.428],[0,0],[-11.228,10.975],[12.8,0.8],[29.339,4.03],[17.448,6.25],[39.853,6.441],[-30.523,-32.13]],"v":[[55.28,5.659],[52.88,7.419],[52.88,7.419],[63.121,43.339],[98.32,46.539],[183.28,71.419],[237.68,95.42],[271.28,29.018]],"c":true}],"h":1},{"i":{"x":0.833,"y":0.833},"o":{"x":0.167,"y":0.167},"t":102.5,"s":[{"i":[[29.662,-16.187],[0.547,-0.376],[0,0],[-16.078,-2.754],[-10.4,-1.6],[-26.852,-12.482],[-19.499,-2.579],[29.145,27.667]],"o":[[-0.483,0.428],[0,0],[-11.228,10.975],[12.8,0.8],[29.339,4.03],[17.448,6.25],[39.853,6.441],[-30.523,-32.13]],"v":[[55.28,5.659],[52.88,7.419],[52.88,7.419],[63.121,43.339],[98.32,46.539],[183.28,71.419],[237.68,95.42],[271.28,29.018]],"c":true}]},{"i":{"x":0,"y":1},"o":{"x":0.167,"y":0.167},"t":110,"s":[{"i":[[29.662,-16.187],[0.547,-0.376],[0,0],[-16.078,-2.754],[-10.4,-1.6],[-26.852,-12.482],[-19.499,-2.579],[29.145,27.667]],"o":[[-0.483,0.428],[0,0],[-11.228,10.975],[12.8,0.8],[29.339,4.03],[17.448,6.25],[39.853,6.441],[-30.523,-32.13]],"v":[[55.28,5.659],[52.88,7.419],[52.88,7.419],[63.121,43.339],[98.32,46.539],[183.28,71.419],[237.68,95.42],[271.28,29.018]],"c":true}]},{"t":138,"s":[{"i":[[29.662,-16.187],[0.547,-0.376],[0,0],[-16.078,-2.754],[-10.4,-1.6],[-26.852,-12.482],[-19.499,-2.579],[29.145,27.667]],"o":[[-0.483,0.428],[0,0],[-11.228,10.975],[12.8,0.8],[29.339,4.03],[17.448,6.25],[39.853,6.441],[-30.523,-32.13]],"v":[[55.28,5.659],[52.88,7.419],[52.88,7.419],[63.121,43.339],[98.32,46.539],[183.28,71.419],[237.68,95.42],[271.28,29.018]],"c":true}]}],"ix":2},"nm":"Path 2","mn":"ADBE Vector Shape - Group","hd":false},{"ty":"fl","c":{"a":0,"k":[0.258823529412,0.16862745098,0.050980392157,1],"ix":4},"o":{"a":0,"k":100,"ix":5},"r":1,"bm":0,"nm":"Fill 1","mn":"ADBE Vector Graphic - Fill","hd":false},{"ty":"tr","p":{"a":0,"k":[0,0],"ix":2},"a":{"a":0,"k":[0,0],"ix":1},"s":{"a":0,"k":[100,100],"ix":3},"r":{"a":0,"k":0,"ix":6},"o":{"a":0,"k":100,"ix":7},"sk":{"a":0,"k":0,"ix":4},"sa":{"a":0,"k":0,"ix":5},"nm":"Transform"}],"nm":"Shape 1","np":4,"cix":2,"bm":0,"ix":1,"mn":"ADBE Vector Group","hd":false}],"ip":0,"op":195,"st":0,"bm":0},{"ddd":0,"ind":6,"ty":4,"nm":"mouth ","parent":2,"sr":1,"ks":{"o":{"a":0,"k":100,"ix":11},"r":{"a":0,"k":0,"ix":10},"p":{"s":true,"x":{"a":0,"k":-0.281,"ix":3},"y":{"a":1,"k":[{"t":0,"s":[215.456],"h":1},{"i":{"x":[0.833],"y":[0.833]},"o":{"x":[1],"y":[0]},"t":60,"s":[215.456]},{"i":{"x":[0.833],"y":[0.833]},"o":{"x":[0.167],"y":[0.167]},"t":80,"s":[175.456]},{"t":85,"s":[225.766],"h":1},{"i":{"x":[0.833],"y":[0.833]},"o":{"x":[0.307],"y":[0.086]},"t":102.5,"s":[225.766]},{"i":{"x":[0.667],"y":[1]},"o":{"x":[0.167],"y":[0.167]},"t":110,"s":[217.272]},{"t":138,"s":[215.456]}],"ix":4}},"a":{"a":0,"k":[0,-0.4,0],"ix":1,"l":2},"s":{"a":0,"k":[100,100,100],"ix":6,"l":2}},"ao":0,"shapes":[{"ty":"gr","it":[{"ind":0,"ty":"sh","ix":1,"ks":{"a":1,"k":[{"t":0,"s":[{"i":[[-86.4,0],[-15.2,-29.6],[4.8,-4],[7.819,4.556],[78.719,1.056],[5.119,-2.744],[5.12,3.2],[-5.6,11.2]],"o":[[86.4,0],[5.6,11.2],[-5.12,3.2],[-7.819,-4.556],[-78.719,-1.056],[-5.119,2.744],[-4.8,-4.8],[15.2,-28.8]],"v":[[-22.001,-72.4],[135.599,20.4],[136.4,45.2],[119.599,45.2],[-22.001,-2.8],[-163.6,44.4],[-180.401,44.4],[-179.6,19.6]],"c":true}],"h":1},{"i":{"x":0.833,"y":0.833},"o":{"x":1,"y":0},"t":60,"s":[{"i":[[-86.4,0],[-15.2,-29.6],[4.8,-4],[7.819,4.556],[78.719,1.056],[5.119,-2.744],[5.12,3.2],[-5.6,11.2]],"o":[[86.4,0],[5.6,11.2],[-5.12,3.2],[-7.819,-4.556],[-78.719,-1.056],[-5.119,2.744],[-4.8,-4.8],[15.2,-28.8]],"v":[[-22.001,-72.4],[135.599,20.4],[136.4,45.2],[119.599,45.2],[-22.001,-2.8],[-163.6,44.4],[-180.401,44.4],[-179.6,19.6]],"c":true}]},{"i":{"x":0.833,"y":0.833},"o":{"x":0.167,"y":0.167},"t":80,"s":[{"i":[[-95.687,0],[-21.22,-35.235],[4.65,-5.993],[9.275,4.438],[87.18,1.367],[6.024,-2.637],[5.146,4.994],[-7.804,13.407]],"o":[[95.687,0],[7.863,13.359],[-5.124,5.025],[-9.275,-4.438],[-87.18,-1.367],[-6.024,2.637],[-4.558,-6.992],[20.946,-34.335]],"v":[[-21.991,-74.856],[149.943,-2.979],[154.631,22.687],[136.205,25.706],[-21.991,-5.662],[-180.456,25.334],[-198.895,22.426],[-194.345,-3.268]],"c":true}]},{"i":{"x":0.833,"y":0.833},"o":{"x":0.167,"y":0.167},"t":85,"s":[{"i":[[-104.595,0],[-14.967,-20.253],[5.083,-5.993],[10.139,4.438],[95.296,1.367],[6.585,-2.637],[5.625,4.994],[-7.558,8.951]],"o":[[104.595,0],[6.524,8.805],[-5.601,5.025],[-10.139,-4.438],[-95.296,-1.367],[-6.585,2.637],[-4.982,-6.992],[17.148,-20.341]],"v":[[-21.982,-73.078],[165.958,-1.202],[171.083,22.687],[150.942,25.706],[-21.982,-6.55],[-195.199,25.334],[-215.355,22.426],[-210.382,-1.491]],"c":true}]},{"i":{"x":0.833,"y":0.833},"o":{"x":0.167,"y":0.167},"t":102.5,"s":[{"i":[[-104.595,0],[-14.967,-20.253],[5.083,-5.993],[10.139,4.438],[95.296,1.367],[6.585,-2.637],[5.625,4.994],[-7.558,8.951]],"o":[[104.595,0],[6.524,8.805],[-5.601,5.025],[-10.139,-4.438],[-95.296,-1.367],[-6.585,2.637],[-4.982,-6.992],[17.148,-20.341]],"v":[[-21.982,-73.078],[165.958,-1.202],[171.083,22.687],[150.942,25.706],[-21.982,-6.55],[-195.199,25.334],[-215.355,22.426],[-210.382,-1.491]],"c":true}]},{"i":{"x":0,"y":1},"o":{"x":0.167,"y":0.167},"t":110,"s":[{"i":[[-90.187,0],[-15.536,-28.306],[4.84,-4.476],[8.319,4.528],[82.169,1.13],[5.434,-2.719],[5.211,3.628],[-6.083,10.942]],"o":[[90.187,0],[5.904,10.913],[-5.205,3.636],[-8.319,-4.528],[-82.169,-1.13],[-5.434,2.719],[-4.817,-5.323],[15.903,-27.656]],"v":[[-21.997,-72.673],[141.846,15.131],[143.651,39.825],[126.161,40.546],[-21.997,-3.64],[-170.222,39.848],[-187.716,39.153],[-185.946,14.453]],"c":true}]},{"t":138,"s":[{"i":[[-86.4,0],[-15.2,-29.6],[4.8,-4],[7.819,4.556],[78.719,1.056],[5.119,-2.744],[5.12,3.2],[-5.6,11.2]],"o":[[86.4,0],[5.6,11.2],[-5.12,3.2],[-7.819,-4.556],[-78.719,-1.056],[-5.119,2.744],[-4.8,-4.8],[15.2,-28.8]],"v":[[-22.001,-72.4],[135.599,20.4],[136.4,45.2],[119.599,45.2],[-22.001,-2.8],[-163.6,44.4],[-180.401,44.4],[-179.6,19.6]],"c":true}]}],"ix":2},"nm":"Path 1","mn":"ADBE Vector Shape - Group","hd":false},{"ty":"fl","c":{"a":0,"k":[0.258999992819,0.169000004787,0.051000000449,1],"ix":4},"o":{"a":0,"k":100,"ix":5},"r":1,"bm":0,"nm":"Fill 1","mn":"ADBE Vector Graphic - Fill","hd":false},{"ty":"tr","p":{"a":0,"k":[22,12],"ix":2},"a":{"a":0,"k":[0,0],"ix":1},"s":{"a":0,"k":[100,100],"ix":3},"r":{"a":0,"k":0,"ix":6},"o":{"a":0,"k":100,"ix":7},"sk":{"a":0,"k":0,"ix":4},"sa":{"a":0,"k":0,"ix":5},"nm":"Transform"}],"nm":"Group 1","np":2,"cix":2,"bm":0,"ix":1,"mn":"ADBE Vector Group","hd":false}],"ip":0,"op":195,"st":0,"bm":0},{"ddd":0,"ind":7,"ty":4,"nm":"base matte","parent":9,"td":1,"sr":1,"ks":{"o":{"a":0,"k":100,"ix":11},"r":{"a":0,"k":0,"ix":10},"p":{"s":true,"x":{"a":0,"k":-2,"ix":3},"y":{"a":0,"k":-3,"ix":4}},"a":{"a":0,"k":[0,0,0],"ix":1,"l":2},"s":{"a":0,"k":[100,100,100],"ix":6,"l":2}},"ao":0,"sy":[{"c":{"a":0,"k":[0.921568632126,0.560784339905,0,1],"ix":2},"o":{"a":0,"k":100,"ix":3},"a":{"a":0,"k":-55,"ix":5},"s":{"a":0,"k":0,"ix":8},"d":{"a":0,"k":30,"ix":6},"ch":{"a":0,"k":0,"ix":7},"bm":{"a":0,"k":1,"ix":1},"no":{"a":0,"k":0,"ix":9},"ty":2,"nm":"Inner Shadow"}],"shapes":[{"ty":"gr","it":[{"ind":0,"ty":"sh","ix":1,"ks":{"a":0,"k":{"i":[[15.4,0],[0,38.4],[-27.9,0],[-10.6,-9.3],[0,-16.9],[11.5,-10.2]],"o":[[-27.9,0],[0,-38.4],[15.5,0],[11.5,10.2],[0,16.9],[-10.6,9.3]],"v":[[0,55.9],[-58,0],[0,-55.9],[40.4,-41.5],[58,0],[40.4,41.4]],"c":true},"ix":2},"nm":"Path 1","mn":"ADBE Vector Shape - Group","hd":false},{"ty":"gf","o":{"a":0,"k":100,"ix":10},"r":1,"bm":0,"g":{"p":5,"k":{"a":0,"k":[0.48,0.992,0.878,0.188,0.691,0.98,0.816,0.178,0.902,0.969,0.753,0.169,0.966,0.963,0.694,0.153,1,0.957,0.635,0.137],"ix":9}},"s":{"a":0,"k":[0,0],"ix":5},"e":{"a":0,"k":[56.225,0],"ix":6},"t":2,"h":{"a":0,"k":0,"ix":7},"a":{"a":0,"k":0,"ix":8},"nm":"Gradient Fill 1","mn":"ADBE Vector Graphic - G-Fill","hd":false},{"ty":"tr","p":{"a":0,"k":[0,0],"ix":2},"a":{"a":0,"k":[0,0],"ix":1},"s":{"a":0,"k":[100,100],"ix":3},"r":{"a":0,"k":0,"ix":6},"o":{"a":0,"k":100,"ix":7},"sk":{"a":0,"k":0,"ix":4},"sa":{"a":0,"k":0,"ix":5},"nm":"Transform"}],"nm":"Group 1","np":2,"cix":2,"bm":0,"ix":1,"mn":"ADBE Vector Group","hd":false}],"ip":0,"op":195,"st":0,"bm":0},{"ddd":0,"ind":8,"ty":4,"nm":"base shadow","parent":9,"tt":2,"sr":1,"ks":{"o":{"a":0,"k":100,"ix":11},"r":{"a":0,"k":0,"ix":10},"p":{"s":true,"x":{"a":0,"k":0,"ix":3},"y":{"a":0,"k":0,"ix":4}},"a":{"a":0,"k":[0,0,0],"ix":1,"l":2},"s":{"a":0,"k":[100,100,100],"ix":6,"l":2}},"ao":0,"sy":[{"c":{"a":0,"k":[0.921568632126,0.560784339905,0,1],"ix":2},"o":{"a":0,"k":100,"ix":3},"a":{"a":0,"k":-55,"ix":5},"s":{"a":0,"k":0,"ix":8},"d":{"a":0,"k":30,"ix":6},"ch":{"a":0,"k":0,"ix":7},"bm":{"a":0,"k":1,"ix":1},"no":{"a":0,"k":0,"ix":9},"ty":2,"nm":"Inner Shadow"}],"shapes":[{"ty":"gr","it":[{"ind":0,"ty":"sh","ix":1,"ks":{"a":0,"k":{"i":[[15.4,0],[0,38.4],[-27.9,0],[-10.6,-9.3],[0,-16.9],[11.5,-10.2]],"o":[[-27.9,0],[0,-38.4],[15.5,0],[11.5,10.2],[0,16.9],[-10.6,9.3]],"v":[[0,55.9],[-58,0],[0,-55.9],[40.4,-41.5],[58,0],[40.4,41.4]],"c":true},"ix":2},"nm":"Path 1","mn":"ADBE Vector Shape - Group","hd":false},{"ty":"fl","c":{"a":0,"k":[0.921568627451,0.560784313725,0,1],"ix":4},"o":{"a":0,"k":100,"ix":5},"r":1,"bm":0,"nm":"Fill 1","mn":"ADBE Vector Graphic - Fill","hd":false},{"ty":"tr","p":{"a":0,"k":[0,0],"ix":2},"a":{"a":0,"k":[0,0],"ix":1},"s":{"a":0,"k":[100,100],"ix":3},"r":{"a":0,"k":0,"ix":6},"o":{"a":0,"k":100,"ix":7},"sk":{"a":0,"k":0,"ix":4},"sa":{"a":0,"k":0,"ix":5},"nm":"Transform"}],"nm":"Group 1","np":2,"cix":2,"bm":0,"ix":1,"mn":"ADBE Vector Group","hd":false}],"ip":0,"op":195,"st":0,"bm":0},{"ddd":0,"ind":9,"ty":4,"nm":"base","parent":1,"sr":1,"ks":{"o":{"a":0,"k":100,"ix":11},"r":{"a":0,"k":0,"ix":10},"p":{"s":true,"x":{"a":0,"k":0,"ix":3},"y":{"a":0,"k":0,"ix":4}},"a":{"a":0,"k":[0,0,0],"ix":1,"l":2},"s":{"a":0,"k":[800,800,100],"ix":6,"l":2}},"ao":0,"sy":[{"c":{"a":0,"k":[0.921568632126,0.560784339905,0,1],"ix":2},"o":{"a":0,"k":100,"ix":3},"a":{"a":0,"k":-55,"ix":5},"s":{"a":0,"k":0,"ix":8},"d":{"a":0,"k":30,"ix":6},"ch":{"a":0,"k":0,"ix":7},"bm":{"a":0,"k":1,"ix":1},"no":{"a":0,"k":0,"ix":9},"ty":2,"nm":"Inner Shadow"}],"shapes":[{"ty":"gr","it":[{"ind":0,"ty":"sh","ix":1,"ks":{"a":0,"k":{"i":[[15.4,0],[0,38.4],[-27.9,0],[-10.6,-9.3],[0,-16.9],[11.5,-10.2]],"o":[[-27.9,0],[0,-38.4],[15.5,0],[11.5,10.2],[0,16.9],[-10.6,9.3]],"v":[[0,55.9],[-58,0],[0,-55.9],[40.4,-41.5],[58,0],[40.4,41.4]],"c":true},"ix":2},"nm":"Path 1","mn":"ADBE Vector Shape - Group","hd":false},{"ty":"gf","o":{"a":0,"k":100,"ix":10},"r":1,"bm":0,"g":{"p":5,"k":{"a":0,"k":[0.48,0.992,0.878,0.188,0.691,0.98,0.816,0.178,0.902,0.969,0.753,0.169,0.966,0.963,0.694,0.153,1,0.957,0.635,0.137],"ix":9}},"s":{"a":0,"k":[0,0],"ix":5},"e":{"a":0,"k":[56.225,0],"ix":6},"t":2,"h":{"a":0,"k":0,"ix":7},"a":{"a":0,"k":0,"ix":8},"nm":"Gradient Fill 1","mn":"ADBE Vector Graphic - G-Fill","hd":false},{"ty":"tr","p":{"a":0,"k":[0,0],"ix":2},"a":{"a":0,"k":[0,0],"ix":1},"s":{"a":0,"k":[100,100],"ix":3},"r":{"a":0,"k":0,"ix":6},"o":{"a":0,"k":100,"ix":7},"sk":{"a":0,"k":0,"ix":4},"sa":{"a":0,"k":0,"ix":5},"nm":"Transform"}],"nm":"Group 1","np":2,"cix":2,"bm":0,"ix":1,"mn":"ADBE Vector Group","hd":false}],"ip":0,"op":195,"st":0,"bm":0}],"markers":[{"tm":146,"cm":"rest","dr":0}]}