{"v":"5.8.1","fr":60,"ip":0,"op":167,"w":1024,"h":1024,"nm":"u1f9bb-u1f3fe","ddd":0,"assets":[],"layers":[{"ddd":0,"ind":1,"ty":3,"nm":"Null All","sr":1,"ks":{"o":{"a":0,"k":0,"ix":11},"r":{"a":0,"k":0,"ix":10},"p":{"a":0,"k":[512,512,0],"ix":2,"l":2},"a":{"a":0,"k":[0,0,0],"ix":1,"l":2},"s":{"a":1,"k":[{"i":{"x":[0.667,0.667,0.667],"y":[1,1,1]},"o":{"x":[0.333,0.333,0.333],"y":[0,0,0]},"t":11,"s":[100,100,100]},{"i":{"x":[0.667,0.667,0.667],"y":[1,1,1]},"o":{"x":[0.333,0.333,0.333],"y":[0,0,0]},"t":22,"s":[94,94,100]},{"i":{"x":[0.667,0.667,0.667],"y":[1,1,1]},"o":{"x":[0.333,0.333,0.333],"y":[0,0,0]},"t":33,"s":[101.058,101.058,100]},{"i":{"x":[0.667,0.667,0.667],"y":[1,1,1]},"o":{"x":[0.333,0.333,0.333],"y":[0,0,0]},"t":47,"s":[100,100,100]},{"i":{"x":[0.667,0.667,0.667],"y":[1,1,1]},"o":{"x":[0.333,0.333,0.333],"y":[0,0,0]},"t":78,"s":[100,100,100]},{"i":{"x":[0.667,0.667,0.667],"y":[1,1,1]},"o":{"x":[0.333,0.333,0.333],"y":[0,0,0]},"t":90,"s":[94,94,100]},{"i":{"x":[0.667,0.667,0.667],"y":[1,1,1]},"o":{"x":[0.333,0.333,0.333],"y":[0,0,0]},"t":106,"s":[106.063,106.063,100]},{"t":127,"s":[100,100,100]}],"ix":6,"l":2}},"ao":0,"ip":0,"op":167,"st":0,"bm":0},{"ddd":0,"ind":2,"ty":3,"nm":"Null Aid","parent":1,"sr":1,"ks":{"o":{"a":0,"k":0,"ix":11},"r":{"a":1,"k":[{"i":{"x":[0.833],"y":[1]},"o":{"x":[0.333],"y":[0]},"t":10,"s":[0]},{"i":{"x":[0.833],"y":[0.833]},"o":{"x":[0.167],"y":[0.167]},"t":18,"s":[0]},{"i":{"x":[0.833],"y":[0.833]},"o":{"x":[0.167],"y":[0.167]},"t":27,"s":[5]},{"t":34,"s":[24.027],"h":1},{"i":{"x":[0.667],"y":[1]},"o":{"x":[0.333],"y":[0]},"t":78,"s":[36]},{"i":{"x":[0.833],"y":[0.833]},"o":{"x":[0.333],"y":[0]},"t":85,"s":[36]},{"i":{"x":[0.667],"y":[1]},"o":{"x":[0.167],"y":[0.167]},"t":106,"s":[18]},{"i":{"x":[0.667],"y":[1]},"o":{"x":[0.333],"y":[0]},"t":125,"s":[0]},{"t":147,"s":[0]}],"ix":10},"p":{"a":1,"k":[{"i":{"x":0.833,"y":0.833},"o":{"x":0.333,"y":0},"t":10,"s":[0,0,0],"to":[0,0,0],"ti":[0,0,0]},{"i":{"x":0.833,"y":0.833},"o":{"x":0.167,"y":0.167},"t":18,"s":[0,-13.333,0],"to":[0,0,0],"ti":[0,0,0]},{"i":{"x":0.833,"y":0.833},"o":{"x":0.167,"y":0.167},"t":27,"s":[-7.692,-30.72,0],"to":[0,0,0],"ti":[0,0,0]},{"t":34,"s":[-47.692,11.282,0],"h":1},{"i":{"x":0.833,"y":0.833},"o":{"x":0.333,"y":0},"t":78,"s":[-28.718,-53.43,0],"to":[0,0,0],"ti":[0,0,0]},{"i":{"x":0.833,"y":0.833},"o":{"x":0.167,"y":0.167},"t":85,"s":[-26.841,-47.867,0],"to":[0,0,0],"ti":[0,0,0]},{"i":{"x":0.667,"y":1},"o":{"x":0.167,"y":0.167},"t":106,"s":[-17.353,-7.549,0],"to":[0,0,0],"ti":[0,0,0]},{"i":{"x":0.667,"y":0.667},"o":{"x":0.333,"y":0.333},"t":125,"s":[0,0,0],"to":[0,0,0],"ti":[0,0,0]},{"t":147,"s":[0,0,0]}],"ix":2,"l":2},"a":{"a":0,"k":[0,0,0],"ix":1,"l":2},"s":{"a":1,"k":[{"i":{"x":[0.833,0.833,0.833],"y":[0.833,0.833,1.167]},"o":{"x":[0.333,0.333,0.333],"y":[0,0,0]},"t":10,"s":[95.238,95.238,100]},{"i":{"x":[0.833,0.833,0.833],"y":[0.833,0.833,0.833]},"o":{"x":[0.167,0.167,0.167],"y":[0.167,0.167,0.167]},"t":18,"s":[86.238,86.238,100]},{"i":{"x":[0.833,0.833,0.833],"y":[0.833,0.833,0.833]},"o":{"x":[0.167,0.167,0.167],"y":[0.167,0.167,0.167]},"t":27,"s":[76.238,76.238,100]},{"t":34,"s":[66.238,66.238,100],"h":1},{"i":{"x":[0.864,0.864,0.833],"y":[0.878,0.878,0.922]},"o":{"x":[0.333,0.333,0.333],"y":[0,0,0]},"t":78,"s":[61.238,61.238,100]},{"i":{"x":[0.667,0.667,0.667],"y":[1,1,1]},"o":{"x":[0.279,0.279,0.167],"y":[0.727,0.727,0.082]},"t":101,"s":[86.238,86.238,100]},{"i":{"x":[0.667,0.667,0.667],"y":[1,1,1]},"o":{"x":[0.333,0.333,0.333],"y":[0,0,0]},"t":125,"s":[95.238,95.238,100]},{"t":147,"s":[95.238,95.238,100]}],"ix":6,"l":2}},"ao":0,"ip":0,"op":167,"st":0,"bm":0},{"ddd":0,"ind":3,"ty":4,"nm":"mask 3","parent":1,"td":1,"sr":1,"ks":{"o":{"a":0,"k":100,"ix":11},"r":{"a":0,"k":0,"ix":10},"p":{"a":0,"k":[3.488,2.115,0],"ix":2,"l":2},"a":{"a":0,"k":[493.971,503.79,0],"ix":1,"l":2},"s":{"a":0,"k":[100,100,100],"ix":6,"l":2}},"ao":0,"shapes":[{"ty":"gr","it":[{"ind":0,"ty":"sh","ix":1,"ks":{"a":0,"k":{"i":[[0,0],[0,0],[0,0],[0,0],[0,0],[79.7,45.384],[0.812,78.295],[0,0],[-72.071,18.775],[46.4,-260],[0,0],[0,0]],"o":[[0,0],[0,0],[0,0],[0,0],[0,0],[-110.001,-62.639],[-0.561,-54.122],[32.122,-47.536],[184,-48],[0,0],[0,0],[0,0]],"v":[[-493.721,-503.54],[-493.721,-432.514],[-493.721,503.54],[120.625,503.54],[120.625,47.213],[-10.524,-142.418],[-270.967,-206.124],[-242.428,-297.324],[-89.089,-398.114],[270.112,-29.314],[493.721,-29.314],[493.721,-503.54]],"c":true},"ix":2},"nm":"Path 1","mn":"ADBE Vector Shape - Group","hd":false},{"ty":"fl","c":{"a":0,"k":[0.56862745098,0.160784313725,1,1],"ix":4},"o":{"a":0,"k":100,"ix":5},"r":1,"bm":0,"nm":"Fill 1","mn":"ADBE Vector Graphic - Fill","hd":false},{"ty":"tr","p":{"a":0,"k":[493.971,503.79],"ix":2},"a":{"a":0,"k":[0,0],"ix":1},"s":{"a":0,"k":[100,100],"ix":3},"r":{"a":0,"k":0,"ix":6},"o":{"a":0,"k":100,"ix":7},"sk":{"a":0,"k":0,"ix":4},"sa":{"a":0,"k":0,"ix":5},"nm":"Transform"}],"nm":"Group 1","np":2,"cix":2,"bm":0,"ix":1,"mn":"ADBE Vector Group","hd":false}],"ip":0,"op":167,"st":0,"bm":0},{"ddd":0,"ind":4,"ty":4,"nm":"aid front ring","parent":2,"tt":1,"sr":1,"ks":{"o":{"a":0,"k":100,"ix":11},"r":{"a":0,"k":0,"ix":10},"p":{"a":0,"k":[-305.34,-188.16,0],"ix":2,"l":2},"a":{"a":0,"k":[142.25,263.45,0],"ix":1,"l":2},"s":{"a":0,"k":[105,105,100],"ix":6,"l":2}},"ao":0,"shapes":[{"ty":"gr","it":[{"ind":0,"ty":"sh","ix":1,"ks":{"a":0,"k":{"i":[[11.2,-5.6],[-9.6,2.4],[-12.8,4.8],[2.4,8.8],[10.4,-2.4]],"o":[[-12,5.6],[9.6,-2.4],[2.4,-0.8],[-4,-12.8],[-13.6,4.8]],"v":[[-26,-4.4],[-22.8,20.4],[26,8.4],[35.6,-6],[14,-20.4]],"c":true},"ix":2},"nm":"Path 1","mn":"ADBE Vector Shape - Group","hd":false},{"ty":"fl","c":{"a":0,"k":[0.788235353956,0.89019613827,0.901960844152,1],"ix":4},"o":{"a":0,"k":100,"ix":5},"r":1,"bm":0,"nm":"Fill 1","mn":"ADBE Vector Graphic - Fill","hd":false},{"ty":"tr","p":{"a":0,"k":[222.25,39.05],"ix":2},"a":{"a":0,"k":[0,0],"ix":1},"s":{"a":0,"k":[100,100],"ix":3},"r":{"a":0,"k":0,"ix":6},"o":{"a":0,"k":100,"ix":7},"sk":{"a":0,"k":0,"ix":4},"sa":{"a":0,"k":0,"ix":5},"nm":"Transform"}],"nm":"Group 1","np":2,"cix":2,"bm":0,"ix":1,"mn":"ADBE Vector Group","hd":false},{"ty":"gr","it":[{"ind":0,"ty":"sh","ix":1,"ks":{"a":0,"k":{"i":[[0,0],[0,0],[4,16],[-20.8,11.2],[0,0],[-6.4,-12.8]],"o":[[-60,35.2],[0,0],[-4,-16],[0,0],[13.6,-4.8],[0,0]],"v":[[56.8,6.4],[-16,63.2],[-48,3.2],[-36,-44.8],[3.2,-58.4],[37.6,-44]],"c":true},"ix":2},"nm":"Path 1","mn":"ADBE Vector Shape - Group","hd":false},{"ty":"fl","c":{"a":0,"k":[0.470588265213,0.564705882353,0.611764705882,1],"ix":4},"o":{"a":0,"k":100,"ix":5},"r":1,"bm":0,"nm":"Fill 1","mn":"ADBE Vector Graphic - Fill","hd":false},{"ty":"tr","p":{"a":0,"k":[225.85,63.45],"ix":2},"a":{"a":0,"k":[0,0],"ix":1},"s":{"a":0,"k":[100,100],"ix":3},"r":{"a":0,"k":0,"ix":6},"o":{"a":0,"k":100,"ix":7},"sk":{"a":0,"k":0,"ix":4},"sa":{"a":0,"k":0,"ix":5},"nm":"Transform"}],"nm":"Group 2","np":2,"cix":2,"bm":0,"ix":2,"mn":"ADBE Vector Group","hd":false}],"ip":0,"op":167,"st":0,"bm":0},{"ddd":0,"ind":5,"ty":4,"nm":"aid front tube shine","parent":2,"sr":1,"ks":{"o":{"a":1,"k":[{"i":{"x":[0.833],"y":[0.833]},"o":{"x":[0.167],"y":[0.167]},"t":22,"s":[100]},{"i":{"x":[0.833],"y":[0.833]},"o":{"x":[0.167],"y":[0.167]},"t":24,"s":[0]},{"i":{"x":[0.833],"y":[0.833]},"o":{"x":[0.167],"y":[0.167]},"t":96,"s":[0]},{"t":100,"s":[100]}],"ix":11},"r":{"a":0,"k":0,"ix":10},"p":{"a":0,"k":[-305.34,-188.16,0],"ix":2,"l":2},"a":{"a":0,"k":[142.25,263.45,0],"ix":1,"l":2},"s":{"a":0,"k":[105,105,100],"ix":6,"l":2}},"ao":0,"shapes":[{"ty":"gr","it":[{"ind":0,"ty":"sh","ix":1,"ks":{"a":1,"k":[{"i":{"x":0.833,"y":0.833},"o":{"x":0.333,"y":0},"t":10,"s":[{"i":[[1.6,-2.4],[8,-10.4],[5.6,-31.2],[4,10.4],[-7.2,20],[-8.8,10.4],[-16,8.8]],"o":[[-5.6,11.2],[-20,25.6],[-4.8,25.6],[-8,-20],[7.2,-20],[8.8,-11.2],[14.4,-9.6]],"v":[[44,-64.8],[17.6,-32],[-20.8,58.4],[-37.6,72.8],[-32.8,9.6],[-5.6,-43.2],[29.6,-74.4]],"c":true}]},{"i":{"x":0.833,"y":0.833},"o":{"x":0.167,"y":0.167},"t":18,"s":[{"i":[[1.542,-1.454],[7.54,-6.167],[12.919,-18.074],[0.063,7.945],[-7.921,12.878],[-8.184,6.067],[-13.801,4.069]],"o":[[-5.696,7.016],[-18.808,15.141],[-10.753,14.763],[-0.35,-15.379],[7.921,-12.878],[8.269,-6.618],[12.6,-4.819]],"v":[[59.936,-73.461],[36.792,-50.476],[-8.604,7.37],[-25.153,11.059],[-11.317,-26.523],[19.336,-61.078],[49.383,-81.865]],"c":true}]},{"i":{"x":0.833,"y":0.833},"o":{"x":0.167,"y":0.167},"t":22,"s":[{"i":[[2.59,-2.66],[4.864,-2.027],[8.193,-3.894],[-2.967,5.283],[-4.364,3.842],[-4.42,1.284],[-6.135,-0.721]],"o":[[-3.77,3.239],[-9.622,3.954],[-7.508,2.951],[3.58,-7.687],[5.161,-4.462],[4.549,-1.509],[6.533,0.768]],"v":[[67.544,-77.43],[53.244,-68.741],[24.887,-53.234],[17.416,-60.131],[29.863,-74.615],[48.409,-84.67],[64.805,-87.386]],"c":true}]},{"i":{"x":0.833,"y":0.833},"o":{"x":0.167,"y":0.167},"t":24,"s":[{"i":[[1.819,-4.202],[2.361,-1.906],[3.664,-0.055],[-2.046,4.891],[-0.677,0.946],[-1.717,0.697],[-2.232,-0.475]],"o":[[-1.194,2.757],[-2.748,2.219],[-4.163,0.063],[2.046,-4.891],[1.56,-2.179],[1.764,-0.801],[3.423,0.728]],"v":[[66.516,-81.123],[61.226,-74.023],[49.753,-68.556],[44.343,-77.134],[49.15,-84.48],[56.21,-89.569],[63.607,-90.071]],"c":true}]},{"i":{"x":0.833,"y":0.833},"o":{"x":0.167,"y":0.167},"t":96,"s":[{"i":[[2.88,-3.56],[2.786,-1.203],[3.544,0.929],[-3.283,4.163],[-0.906,0.73],[-1.841,0.211],[-2.023,-1.056]],"o":[[-1.889,2.336],[-3.242,1.4],[-4.027,-1.056],[3.283,-4.163],[2.087,-1.681],[1.914,-0.298],[3.102,1.62]],"v":[[63.688,-91.832],[56.688,-86.411],[44.169,-84.221],[41.258,-93.936],[47.859,-99.724],[56.024,-102.733],[63.286,-101.233]],"c":true}]},{"i":{"x":0.833,"y":0.833},"o":{"x":0.167,"y":0.167},"t":98,"s":[{"i":[[2.679,-3.162],[3.781,-1.715],[5.785,-1.65],[-3.014,4.782],[-2.554,2.374],[-3.102,0.838],[-4.091,-0.761]],"o":[[-2.761,2.864],[-6.346,2.875],[-5.703,1.101],[3.271,-5.996],[3.53,-3.176],[3.198,-0.997],[4.83,1.058]],"v":[[68.958,-75.557],[58.494,-68.209],[38.388,-58.782],[33.058,-66.93],[42.277,-77.318],[55.417,-84.228],[67.183,-85.174]],"c":true}]},{"i":{"x":0.833,"y":0.833},"o":{"x":0.167,"y":0.167},"t":100,"s":[{"i":[[2.477,-2.764],[4.776,-2.227],[8.025,-4.229],[-2.746,5.402],[-4.201,4.019],[-4.363,1.466],[-6.159,-0.467]],"o":[[-3.633,3.392],[-9.45,4.349],[-7.379,3.259],[3.259,-7.828],[4.973,-4.672],[4.482,-1.696],[6.559,0.497]],"v":[[69.091,-69.426],[55.162,-60.154],[27.47,-43.488],[19.72,-50.07],[31.558,-65.057],[49.672,-75.869],[65.942,-79.261]],"c":true}]},{"i":{"x":0.667,"y":1},"o":{"x":0.167,"y":0.167},"t":112,"s":[{"i":[[1.542,-1.454],[7.54,-6.167],[12.264,-18.524],[0.347,7.937],[-7.456,13.153],[-8.184,6.067],[-13.801,4.069]],"o":[[-5.696,7.016],[-18.808,15.141],[-10.218,15.137],[-0.9,-15.357],[7.456,-13.153],[8.269,-6.618],[12.6,-4.819]],"v":[[66.107,-77.6],[42.963,-54.616],[0.417,4.706],[-15.99,8.984],[-3.506,-29.068],[25.507,-65.218],[55.555,-86.005]],"c":true}]},{"t":120,"s":[{"i":[[1.6,-2.4],[8,-10.4],[5.6,-31.2],[4,10.4],[-7.2,20],[-8.8,10.4],[-16,8.8]],"o":[[-5.6,11.2],[-20,25.6],[-4.8,25.6],[-8,-20],[7.2,-20],[8.8,-11.2],[14.4,-9.6]],"v":[[44,-64.8],[17.6,-32],[-20.8,58.4],[-37.6,72.8],[-32.8,9.6],[-5.6,-43.2],[29.6,-74.4]],"c":true}]}],"ix":2},"nm":"Path 1","mn":"ADBE Vector Shape - Group","hd":false},{"ty":"fl","c":{"a":0,"k":[1,1,1,1],"ix":4},"o":{"a":0,"k":100,"ix":5},"r":1,"bm":0,"nm":"Fill 1","mn":"ADBE Vector Graphic - Fill","hd":false},{"ty":"tr","p":{"a":0,"k":[103.45,146.65],"ix":2},"a":{"a":0,"k":[0,0],"ix":1},"s":{"a":0,"k":[100,100],"ix":3},"r":{"a":0,"k":0,"ix":6},"o":{"a":0,"k":100,"ix":7},"sk":{"a":0,"k":0,"ix":4},"sa":{"a":0,"k":0,"ix":5},"nm":"Transform"}],"nm":"Group 3","np":2,"cix":2,"bm":0,"ix":1,"mn":"ADBE Vector Group","hd":false}],"ip":0,"op":167,"st":0,"bm":0},{"ddd":0,"ind":6,"ty":4,"nm":"mask 2","parent":1,"td":1,"sr":1,"ks":{"o":{"a":0,"k":100,"ix":11},"r":{"a":0,"k":0,"ix":10},"p":{"a":0,"k":[3.488,2.115,0],"ix":2,"l":2},"a":{"a":0,"k":[493.971,503.79,0],"ix":1,"l":2},"s":{"a":0,"k":[100,100,100],"ix":6,"l":2}},"ao":0,"shapes":[{"ty":"gr","it":[{"ind":0,"ty":"sh","ix":1,"ks":{"a":1,"k":[{"i":{"x":0.833,"y":0.833},"o":{"x":0.167,"y":0.167},"t":18,"s":[{"i":[[0,0],[0,0],[0,0],[0,0],[0,0],[79.7,45.384],[0.812,78.295],[0,0],[0,0],[0,0]],"o":[[0,0],[0,0],[0,0],[0,0],[0,0],[-110.001,-62.639],[-0.561,-54.122],[15.015,-22.22],[0,0],[0,0]],"v":[[-493.721,-503.54],[-493.721,-432.514],[-493.721,503.54],[120.625,503.54],[120.625,47.213],[-10.524,-142.418],[-276.875,-196.277],[-242.428,-297.324],[-185.622,-355.155],[-250.682,-504.157]],"c":true}]},{"t":22,"s":[{"i":[[0,0],[0,0],[0,0],[0,0],[0,0],[79.7,45.384],[-11.534,77.445],[0,0],[-20.848,15.5],[0,0]],"o":[[0,0],[0,0],[0,0],[0,0],[0,0],[-110.001,-62.639],[6.958,-46.718],[13.947,-20.639],[-1.056,-73.576],[0,0]],"v":[[-493.721,-503.54],[-493.721,-432.514],[-493.721,503.54],[120.625,503.54],[120.625,47.213],[-10.524,-142.418],[-280.271,-202.696],[-242.429,-297.324],[-190.477,-351.641],[-229.077,-503.889]],"c":true}],"h":1},{"i":{"x":0.833,"y":0.833},"o":{"x":0.167,"y":0.167},"t":92,"s":[{"i":[[0,0],[0,0],[0,0],[0,0],[0,0],[79.7,45.384],[-11.534,77.445],[0,0],[-146.983,-3.516],[0,0]],"o":[[0,0],[0,0],[0,0],[0,0],[0,0],[-110.001,-62.639],[6.958,-46.718],[13.947,-20.639],[-1.056,-73.576],[0,0]],"v":[[-493.721,-503.54],[-493.721,-432.514],[-493.721,503.54],[120.625,503.54],[120.625,47.213],[-10.524,-142.418],[-280.271,-202.696],[-242.429,-297.324],[-5.968,-406.787],[3.879,-533.782]],"c":true}]},{"i":{"x":0.833,"y":0.833},"o":{"x":0.167,"y":0.167},"t":98,"s":[{"i":[[0,0],[0,0],[0,0],[0,0],[0,0],[79.7,45.384],[-11.534,77.445],[0,0],[-124.35,8.854],[0,0]],"o":[[0,0],[0,0],[0,0],[0,0],[0,0],[-110.001,-62.639],[6.958,-46.718],[13.947,-20.639],[-1.056,-73.576],[0,0]],"v":[[-493.721,-503.54],[-493.721,-432.514],[-493.721,503.54],[120.625,503.54],[120.625,47.213],[-10.524,-142.418],[-280.271,-202.696],[-242.429,-297.324],[-38.746,-405.813],[-41.339,-521.119]],"c":true}]},{"i":{"x":0.833,"y":0.833},"o":{"x":0.167,"y":0.167},"t":102,"s":[{"i":[[0,0],[0,0],[0,0],[0,0],[0,0],[79.7,45.384],[-11.534,77.445],[0,0],[-108.832,16.316],[0,0]],"o":[[0,0],[0,0],[0,0],[0,0],[0,0],[-110.001,-62.639],[6.958,-46.718],[13.947,-20.639],[-1.056,-73.576],[0,0]],"v":[[-493.721,-503.54],[-493.721,-432.514],[-493.721,503.54],[120.625,503.54],[120.625,47.213],[-10.524,-142.418],[-280.271,-202.696],[-242.429,-297.324],[-65.278,-402.692],[-71.483,-512.677]],"c":true}]},{"t":106,"s":[{"i":[[0,0],[0,0],[0,0],[0,0],[0,0],[79.7,45.384],[18.816,91.179],[0,0],[-91.866,21.799],[0,0]],"o":[[0,0],[0,0],[0,0],[0,0],[0,0],[-110.001,-62.639],[-11.724,-56.812],[13.947,-20.639],[-1.056,-73.576],[0,0]],"v":[[-493.721,-503.54],[-493.721,-432.514],[-493.721,503.54],[120.625,503.54],[120.625,47.213],[-10.524,-142.418],[-265.186,-189.496],[-242.429,-297.324],[-87.943,-397.637],[-101.628,-504.234]],"c":true}]}],"ix":2},"nm":"Path 1","mn":"ADBE Vector Shape - Group","hd":false},{"ty":"fl","c":{"a":0,"k":[0.56862745098,0.160784313725,1,1],"ix":4},"o":{"a":0,"k":100,"ix":5},"r":1,"bm":0,"nm":"Fill 1","mn":"ADBE Vector Graphic - Fill","hd":false},{"ty":"tr","p":{"a":0,"k":[493.971,503.79],"ix":2},"a":{"a":0,"k":[0,0],"ix":1},"s":{"a":0,"k":[100,100],"ix":3},"r":{"a":0,"k":0,"ix":6},"o":{"a":0,"k":100,"ix":7},"sk":{"a":0,"k":0,"ix":4},"sa":{"a":0,"k":0,"ix":5},"nm":"Transform"}],"nm":"Group 1","np":2,"cix":2,"bm":0,"ix":1,"mn":"ADBE Vector Group","hd":false}],"ip":0,"op":167,"st":0,"bm":0},{"ddd":0,"ind":7,"ty":4,"nm":"aid front ","parent":2,"tt":1,"sr":1,"ks":{"o":{"a":0,"k":100,"ix":11},"r":{"a":1,"k":[{"i":{"x":[0.833],"y":[1]},"o":{"x":[0.333],"y":[0]},"t":10,"s":[0]},{"i":{"x":[0.833],"y":[0.833]},"o":{"x":[0.167],"y":[0.167]},"t":18,"s":[0]},{"i":{"x":[0.833],"y":[0.833]},"o":{"x":[0.167],"y":[0.167]},"t":22,"s":[54.444]},{"t":27,"s":[110],"h":1},{"i":{"x":[0.833],"y":[0.833]},"o":{"x":[0.167],"y":[0.167]},"t":85,"s":[110]},{"i":{"x":[0.667],"y":[1]},"o":{"x":[0.167],"y":[0.167]},"t":106,"s":[49]},{"i":{"x":[0.667],"y":[1]},"o":{"x":[0.333],"y":[0]},"t":125,"s":[1]},{"t":147,"s":[0]}],"ix":10},"p":{"a":1,"k":[{"i":{"x":0.833,"y":0.833},"o":{"x":0.333,"y":0.333},"t":10,"s":[-305.34,-188.16,0],"to":[0,0,0],"ti":[0,0,0]},{"i":{"x":0.833,"y":0.833},"o":{"x":0.167,"y":0.167},"t":18,"s":[-305.34,-188.16,0],"to":[0,0,0],"ti":[-22.465,41.527,0]},{"i":{"x":0.833,"y":0.833},"o":{"x":0.167,"y":0.167},"t":22,"s":[-285.022,-295.833,0],"to":[22.465,-41.527,0],"ti":[-52.448,10.863,0]},{"i":{"x":0.833,"y":0.833},"o":{"x":0.167,"y":0.167},"t":24,"s":[-197.003,-382.427,0],"to":[52.448,-10.863,0],"ti":[0,0,0]},{"t":27,"s":[-42.021,-390.976,0],"h":1},{"i":{"x":0.833,"y":0.833},"o":{"x":0.167,"y":0.167},"t":85,"s":[-42.021,-390.976,0],"to":[0,0,0],"ti":[52.448,-10.863,0]},{"i":{"x":0.833,"y":0.833},"o":{"x":0.167,"y":0.167},"t":92,"s":[-187.19,-367.111,0],"to":[-22.049,4.567,0],"ti":[13.878,-13.435,0]},{"i":{"x":0.833,"y":0.833},"o":{"x":0.167,"y":0.167},"t":98,"s":[-262.888,-324.156,0],"to":[-13.878,13.435,0],"ti":[0,0,0]},{"i":{"x":0.667,"y":1},"o":{"x":0.167,"y":0.167},"t":106,"s":[-299.687,-265.226,0],"to":[0,0,0],"ti":[0,0,0]},{"i":{"x":0.667,"y":1},"o":{"x":0.333,"y":0},"t":125,"s":[-313.327,-207.13,0],"to":[0,0,0],"ti":[0,0,0]},{"t":147,"s":[-305.34,-188.16,0]}],"ix":2,"l":2},"a":{"a":0,"k":[142.25,263.45,0],"ix":1,"l":2},"s":{"a":0,"k":[105,105,100],"ix":6,"l":2}},"ao":0,"shapes":[{"ty":"gr","it":[{"ind":0,"ty":"sh","ix":1,"ks":{"a":1,"k":[{"i":{"x":0.833,"y":0.833},"o":{"x":0.333,"y":0},"t":10,"s":[{"i":[[-2.4,-4],[0,0],[-3.2,2.4],[0,0],[2.4,2.4],[0,0],[4,-4],[0,0]],"o":[[0,0],[2.4,3.2],[0,0],[2.4,-2.4],[0,0],[-4,-4],[0,0],[-4,3.2]],"v":[[-42.8,16],[-22.8,44],[-13.2,44.8],[42.8,-12],[42.8,-20.8],[16.4,-43.2],[2,-42.4],[-41.2,3.2]],"c":true}]},{"i":{"x":0.833,"y":0.833},"o":{"x":0.167,"y":0.167},"t":18,"s":[{"i":[[-2.4,-4],[0,0],[-3.2,2.4],[0,0],[2.4,2.4],[0,0],[4,-4],[0,0]],"o":[[0,0],[2.4,3.2],[0,0],[2.4,-2.4],[0,0],[-4,-4],[0,0],[-4,3.2]],"v":[[-88.552,-31.856],[-68.552,-3.856],[-58.952,-3.056],[-2.952,-59.856],[-2.952,-68.656],[-29.352,-91.056],[-43.752,-90.256],[-86.952,-44.656]],"c":true}]},{"i":{"x":0.833,"y":0.833},"o":{"x":0.167,"y":0.167},"t":22,"s":[{"i":[[-2.4,-4],[0,0],[-3.2,2.4],[0,0],[2.4,2.4],[0,0],[4,-4],[0,0]],"o":[[0,0],[2.4,3.2],[0,0],[2.4,-2.4],[0,0],[-4,-4],[0,0],[-4,3.2]],"v":[[-88.552,-31.856],[-68.552,-3.856],[-58.952,-3.056],[-2.952,-59.856],[-2.952,-68.656],[-29.352,-91.056],[-43.752,-90.256],[-86.952,-44.656]],"c":true}]},{"t":24,"s":[{"i":[[-2.4,-4],[0,0],[-3.2,2.4],[0,0],[2.4,2.4],[0,0],[4,-4],[0,0]],"o":[[0,0],[2.4,3.2],[0,0],[2.4,-2.4],[0,0],[-4,-4],[0,0],[-4,3.2]],"v":[[-88.552,-31.856],[-68.552,-3.856],[-58.952,-3.056],[-2.952,-59.856],[-2.952,-68.656],[-29.352,-91.056],[-43.752,-90.256],[-86.952,-44.656]],"c":true}],"h":1},{"i":{"x":0.833,"y":0.833},"o":{"x":0.167,"y":0.167},"t":85,"s":[{"i":[[-2.4,-4],[0,0],[-3.2,2.4],[0,0],[2.4,2.4],[0,0],[4,-4],[0,0]],"o":[[0,0],[2.4,3.2],[0,0],[2.4,-2.4],[0,0],[-4,-4],[0,0],[-4,3.2]],"v":[[-88.552,-31.856],[-68.552,-3.856],[-58.952,-3.056],[-2.952,-59.856],[-2.952,-68.656],[-29.352,-91.056],[-43.752,-90.256],[-86.952,-44.656]],"c":true}]},{"i":{"x":0.667,"y":1},"o":{"x":0.167,"y":0.167},"t":106,"s":[{"i":[[-2.4,-4],[0,0],[-3.2,2.4],[0,0],[2.4,2.4],[0,0],[4,-4],[0,0]],"o":[[0,0],[2.4,3.2],[0,0],[2.4,-2.4],[0,0],[-4,-4],[0,0],[-4,3.2]],"v":[[-88.552,-31.856],[-68.552,-3.856],[-58.952,-3.056],[-2.952,-59.856],[-2.952,-68.656],[-29.352,-91.056],[-43.752,-90.256],[-86.952,-44.656]],"c":true}]},{"i":{"x":0.667,"y":1},"o":{"x":0.333,"y":0},"t":125,"s":[{"i":[[-2.959,-3.606],[0,0],[-2.814,2.842],[0,0],[2.725,2.023],[0,0],[3.372,-4.542],[0,0]],"o":[[0,0],[2.842,2.814],[0,0],[2.023,-2.725],[0,0],[-4.542,-3.372],[0,0],[-3.489,3.751]],"v":[[-15.824,-1.528],[8.058,23.244],[17.672,22.631],[64.757,-41.752],[63.47,-50.458],[34.076,-68.753],[19.948,-65.855],[-16.114,-14.425]],"c":true}]},{"t":147,"s":[{"i":[[-2.4,-4],[0,0],[-3.2,2.4],[0,0],[2.4,2.4],[0,0],[4,-4],[0,0]],"o":[[0,0],[2.4,3.2],[0,0],[2.4,-2.4],[0,0],[-4,-4],[0,0],[-4,3.2]],"v":[[-42.8,16],[-22.8,44],[-13.2,44.8],[42.8,-12],[42.8,-20.8],[16.4,-43.2],[2,-42.4],[-41.2,3.2]],"c":true}]}],"ix":2},"nm":"Path 1","mn":"ADBE Vector Shape - Group","hd":false},{"ty":"fl","c":{"a":0,"k":[0.470588265213,0.564705882353,0.611764705882,1],"ix":4},"o":{"a":0,"k":100,"ix":5},"r":1,"bm":0,"nm":"Fill 1","mn":"ADBE Vector Graphic - Fill","hd":false},{"ty":"tr","p":{"a":0,"k":[239.05,479.45],"ix":2},"a":{"a":0,"k":[0,0],"ix":1},"s":{"a":0,"k":[100,100],"ix":3},"r":{"a":0,"k":0,"ix":6},"o":{"a":0,"k":100,"ix":7},"sk":{"a":0,"k":0,"ix":4},"sa":{"a":0,"k":0,"ix":5},"nm":"Transform"}],"nm":"Group 4","np":2,"cix":2,"bm":0,"ix":1,"mn":"ADBE Vector Group","hd":false},{"ty":"gr","it":[{"ind":0,"ty":"sh","ix":1,"ks":{"a":1,"k":[{"i":{"x":0.833,"y":0.833},"o":{"x":0.333,"y":0},"t":10,"s":[{"i":[[0,0],[39.2,-120],[-42.4,-43.2],[0,0],[-44.8,134.4],[-37.6,16.8]],"o":[[0,0],[-59.2,179.2],[0,0],[-25.6,-51.2],[12,-36],[0,0]],"v":[[80,-236.4],[-66.4,-101.2],[77.6,236.4],[125.6,186.8],[13.6,-73.2],[96,-162.8]],"c":true}]},{"i":{"x":0.833,"y":0.833},"o":{"x":0.167,"y":0.167},"t":18,"s":[{"i":[[0,0],[36.393,-101.05],[-42.4,-43.2],[0,0],[-37.709,100.36],[-37.6,16.8]],"o":[[0,0],[-55.008,150.92],[0,0],[-29.281,-42.893],[13.347,-35.523],[0,0]],"v":[[80,-231.141],[-66.841,-98.191],[31.848,188.544],[79.848,132.634],[14.144,-69.938],[94.422,-174.369]],"c":true}]},{"i":{"x":0.833,"y":0.833},"o":{"x":0.167,"y":0.167},"t":22,"s":[{"i":[[0,0],[36.393,-101.05],[-42.4,-43.2],[0,0],[-37.709,100.36],[-37.6,16.8]],"o":[[0,0],[-55.008,150.92],[0,0],[-28.258,-31.556],[13.347,-35.523],[0,0]],"v":[[86.094,-263.884],[-60.747,-130.934],[31.848,188.544],[81.108,131.756],[19.694,-105.943],[100.517,-207.112]],"c":true}]},{"t":24,"s":[{"i":[[0,0],[36.393,-101.05],[-42.4,-43.2],[0,0],[-37.709,100.36],[-37.6,16.8]],"o":[[0,0],[-55.008,150.92],[0,0],[-29.281,-42.893],[13.347,-35.523],[0,0]],"v":[[117.054,-261.897],[-29.787,-128.946],[31.848,188.544],[79.848,132.634],[50.654,-103.956],[131.477,-205.125]],"c":true}],"h":1},{"i":{"x":0.833,"y":0.833},"o":{"x":0.167,"y":0.167},"t":85,"s":[{"i":[[0,0],[36.393,-101.05],[-42.4,-43.2],[0,0],[-37.709,100.36],[-37.6,16.8]],"o":[[0,0],[-55.008,150.92],[0,0],[-29.281,-42.893],[13.347,-35.523],[0,0]],"v":[[117.054,-261.897],[-29.787,-128.946],[31.848,188.544],[79.848,132.634],[50.654,-103.956],[131.477,-205.125]],"c":true}]},{"i":{"x":0.667,"y":1},"o":{"x":0.167,"y":0.167},"t":106,"s":[{"i":[[0,0],[36.393,-101.05],[-42.4,-43.2],[0,0],[-37.709,100.36],[-37.6,16.8]],"o":[[0,0],[-55.008,150.92],[0,0],[-29.281,-42.893],[13.347,-35.523],[0,0]],"v":[[68.453,-271.372],[-78.388,-138.422],[31.848,188.544],[79.848,132.634],[2.053,-113.431],[82.876,-214.6]],"c":true}]},{"i":{"x":0.667,"y":1},"o":{"x":0.333,"y":0},"t":125,"s":[{"i":[[0,0],[39.2,-120],[-48.265,-36.531],[0,0],[-44.8,134.4],[-37.6,16.8]],"o":[[0,0],[-59.2,179.2],[0,0],[-26.372,-21.051],[12,-36],[0,0]],"v":[[86.937,-220.354],[-59.463,-85.154],[104.381,217.827],[144.539,157.865],[20.537,-57.154],[102.937,-146.754]],"c":true}]},{"t":147,"s":[{"i":[[0,0],[39.2,-120],[-42.4,-43.2],[0,0],[-44.8,134.4],[-37.6,16.8]],"o":[[0,0],[-59.2,179.2],[0,0],[-25.6,-51.2],[12,-36],[0,0]],"v":[[80,-236.4],[-66.4,-101.2],[77.6,236.4],[125.6,186.8],[13.6,-73.2],[96,-162.8]],"c":true}]}],"ix":2},"nm":"Path 1","mn":"ADBE Vector Shape - Group","hd":false},{"ind":1,"ty":"sh","ix":2,"ks":{"a":1,"k":[{"i":{"x":0.833,"y":0.833},"o":{"x":0.333,"y":0},"t":10,"s":[{"i":[[-24,6.4],[0,0],[12,-37.6],[-47.2,-50.4],[-7.2,-11.2],[0,0],[4.8,4],[-51.2,154.4]],"o":[[0,0],[-36.8,17.6],[-34.4,103.2],[14.4,15.2],[0,0],[-4,-4],[-56.8,-51.2],[32,-96.8]],"v":[[73.6,-227.6],[87.2,-166.8],[6.4,-75.6],[83.2,146],[116.8,185.2],[77.6,224.4],[64,212.4],[-59.2,-99.6]],"c":true}]},{"i":{"x":0.833,"y":0.833},"o":{"x":0.167,"y":0.167},"t":18,"s":[{"i":[[-24,6.4],[0,0],[12,-37.6],[-20.011,-29.965],[-7.2,-11.2],[0,0],[4.8,4],[-47.446,130.081]],"o":[[0,0],[-36.8,17.6],[-33.038,97.475],[11.782,17.642],[0,0],[-4,-4],[-49.236,-54.588],[29.735,-81.524]],"v":[[73.6,-222.341],[85.622,-178.369],[6.4,-75.6],[39.551,96.041],[71.048,137.344],[31.848,176.544],[18.248,164.544],[-57.976,-96.515]],"c":true}]},{"i":{"x":0.833,"y":0.833},"o":{"x":0.167,"y":0.167},"t":22,"s":[{"i":[[-24,6.4],[0,0],[12,-37.6],[-20.749,-31.148],[-7.734,-7.398],[0,0],[4.8,4],[-42.799,123.708]],"o":[[0,0],[-36.8,17.6],[-34.4,103.2],[11.108,16.675],[0,0],[-2.731,-1.867],[-43.756,-51.046],[28.372,-82.009]],"v":[[79.694,-255.084],[91.717,-211.112],[12.494,-108.343],[41.503,94.542],[72.621,135.99],[34.292,175.422],[18.536,159.956],[-53.513,-129.802]],"c":true}]},{"t":24,"s":[{"i":[[-24,6.4],[0,0],[12,-37.6],[-17.271,-37.264],[-7.2,-11.2],[0,0],[4.8,4],[-47.446,130.081]],"o":[[0,0],[-36.8,17.6],[-34.4,103.2],[8.921,19.248],[0,0],[-4,-4],[-47.695,-61.324],[29.735,-81.524]],"v":[[110.654,-253.097],[122.677,-209.125],[43.454,-106.356],[42.479,93.792],[71.048,137.344],[31.848,176.544],[18.248,164.544],[-22.553,-127.815]],"c":true}],"h":1},{"i":{"x":0.833,"y":0.833},"o":{"x":0.167,"y":0.167},"t":85,"s":[{"i":[[-24,6.4],[0,0],[12,-37.6],[-17.271,-37.264],[-7.2,-11.2],[0,0],[4.8,4],[-47.446,130.081]],"o":[[0,0],[-36.8,17.6],[-34.4,103.2],[8.921,19.248],[0,0],[-4,-4],[-47.695,-61.324],[29.735,-81.524]],"v":[[110.654,-253.097],[122.677,-209.125],[43.454,-106.356],[42.479,93.792],[71.048,137.344],[31.848,176.544],[18.248,164.544],[-22.553,-127.815]],"c":true}]},{"i":{"x":0.667,"y":1},"o":{"x":0.167,"y":0.167},"t":106,"s":[{"i":[[-24,6.4],[0,0],[12,-37.6],[-18.184,-34.831],[-7.2,-11.2],[0,0],[4.8,4],[-47.446,130.081]],"o":[[0,0],[-36.8,17.6],[-34.4,103.2],[9.874,18.712],[0,0],[-4,-4],[-50.73,-57.95],[29.735,-81.524]],"v":[[62.053,-262.572],[74.076,-218.6],[-5.147,-115.831],[41.503,94.542],[71.048,137.344],[31.848,176.544],[18.248,164.544],[-71.154,-137.29]],"c":true}]},{"i":{"x":0.667,"y":1},"o":{"x":0.333,"y":0},"t":125,"s":[{"i":[[-24,6.4],[0,0],[12,-37.6],[-29.928,-23.275],[-8.761,-10.026],[0,0],[5.334,3.255],[-51.2,154.4]],"o":[[0,0],[-36.8,17.6],[-34.4,103.2],[18.237,14.183],[0,0],[-4.542,-3.372],[-63.68,-42.338],[32,-96.8]],"v":[[80.537,-211.554],[94.137,-150.754],[13.337,-59.554],[81.155,124.947],[135.668,161.442],[102.625,205.956],[87.416,196.075],[-52.263,-83.554]],"c":true}]},{"t":147,"s":[{"i":[[-24,6.4],[0,0],[12,-37.6],[-47.2,-50.4],[-7.2,-11.2],[0,0],[4.8,4],[-51.2,154.4]],"o":[[0,0],[-36.8,17.6],[-34.4,103.2],[14.4,15.2],[0,0],[-4,-4],[-56.8,-51.2],[32,-96.8]],"v":[[73.6,-227.6],[87.2,-166.8],[6.4,-75.6],[83.2,146],[116.8,185.2],[77.6,224.4],[64,212.4],[-59.2,-99.6]],"c":true}]}],"ix":2},"nm":"Path 2","mn":"ADBE Vector Shape - Group","hd":false},{"ty":"mm","mm":1,"nm":"Merge Paths 1","mn":"ADBE Vector Filter - Merge","hd":false},{"ty":"fl","c":{"a":0,"k":[0.149019607843,0.525490196078,0.776470648074,1],"ix":4},"o":{"a":0,"k":100,"ix":5},"r":1,"bm":0,"nm":"Fill 1","mn":"ADBE Vector Graphic - Fill","hd":false},{"ty":"tr","p":{"a":0,"k":[125.85,258.25],"ix":2},"a":{"a":0,"k":[0,0],"ix":1},"s":{"a":0,"k":[100,100],"ix":3},"r":{"a":0,"k":0,"ix":6},"o":{"a":0,"k":100,"ix":7},"sk":{"a":0,"k":0,"ix":4},"sa":{"a":0,"k":0,"ix":5},"nm":"Transform"}],"nm":"Group 5","np":4,"cix":2,"bm":0,"ix":2,"mn":"ADBE Vector Group","hd":false},{"ty":"gr","it":[{"ind":0,"ty":"sh","ix":1,"ks":{"a":1,"k":[{"i":{"x":0.833,"y":0.833},"o":{"x":0.333,"y":0},"t":10,"s":[{"i":[[0,0],[22.4,-78.4],[-85.6,-85.6]],"o":[[0,0],[-40,139.2],[0,0]],"v":[[62.8,-208.8],[-47.6,-97.6],[87.6,208.8]],"c":false}]},{"i":{"x":0.833,"y":0.833},"o":{"x":0.167,"y":0.167},"t":18,"s":[{"i":[[0,0],[21.223,-66.419],[-121.865,-120.92]],"o":[[0,0],[-23.118,72.348],[0,0]],"v":[[62.8,-208.8],[-47.6,-97.6],[41.848,160.944]],"c":false}]},{"i":{"x":0.833,"y":0.833},"o":{"x":0.167,"y":0.167},"t":22,"s":[{"i":[[0,0],[21.223,-66.419],[-121.865,-120.92]],"o":[[0,0],[-23.118,72.348],[0,0]],"v":[[68.894,-241.543],[-41.506,-130.343],[41.848,160.944]],"c":false}]},{"t":24,"s":[{"i":[[0,0],[21.223,-66.419],[-121.865,-120.92]],"o":[[0,0],[-23.118,72.348],[0,0]],"v":[[99.854,-239.556],[-10.546,-128.356],[41.848,160.944]],"c":false}],"h":1},{"i":{"x":0.833,"y":0.833},"o":{"x":0.167,"y":0.167},"t":85,"s":[{"i":[[0,0],[21.223,-66.419],[-121.865,-120.92]],"o":[[0,0],[-23.118,72.348],[0,0]],"v":[[99.854,-239.556],[-10.546,-128.356],[41.848,160.944]],"c":false}]},{"i":{"x":0.667,"y":1},"o":{"x":0.167,"y":0.167},"t":106,"s":[{"i":[[0,0],[21.223,-66.419],[-121.865,-120.92]],"o":[[0,0],[-23.118,72.348],[0,0]],"v":[[51.253,-249.031],[-59.147,-137.831],[41.848,160.944]],"c":false}]},{"i":{"x":0.667,"y":1},"o":{"x":0.333,"y":0},"t":125,"s":[{"i":[[0,0],[22.4,-78.4],[-97.204,-72.153]],"o":[[0,0],[-40,139.2],[0,0]],"v":[[69.737,-192.754],[-40.663,-81.554],[111.587,185.842]],"c":false}]},{"t":147,"s":[{"i":[[0,0],[22.4,-78.4],[-85.6,-85.6]],"o":[[0,0],[-40,139.2],[0,0]],"v":[[62.8,-208.8],[-47.6,-97.6],[87.6,208.8]],"c":false}]}],"ix":2},"nm":"Path 1","mn":"ADBE Vector Shape - Group","hd":false},{"ty":"st","c":{"a":0,"k":[0.329411764706,0.431372578939,0.478431402468,1],"ix":3},"o":{"a":0,"k":100,"ix":4},"w":{"a":0,"k":24,"ix":5},"lc":1,"lj":1,"ml":10,"bm":0,"nm":"Stroke 1","mn":"ADBE Vector Graphic - Stroke","hd":false},{"ty":"tr","p":{"a":0,"k":[147.05,269.05],"ix":2},"a":{"a":0,"k":[0,0],"ix":1},"s":{"a":0,"k":[100,100],"ix":3},"r":{"a":0,"k":0,"ix":6},"o":{"a":0,"k":100,"ix":7},"sk":{"a":0,"k":0,"ix":4},"sa":{"a":0,"k":0,"ix":5},"nm":"Transform"}],"nm":"Group 6","np":2,"cix":2,"bm":0,"ix":3,"mn":"ADBE Vector Group","hd":false},{"ty":"gr","it":[{"ind":0,"ty":"sh","ix":1,"ks":{"a":1,"k":[{"i":{"x":0.833,"y":0.833},"o":{"x":0.333,"y":0},"t":10,"s":[{"i":[[0,0],[-60,179.2],[0,0],[0,0],[11.2,-36],[-25.6,-51.2]],"o":[[-42.4,-42.4],[39.2,-119.2],[0,0],[-38.4,16],[-44.8,134.4],[0,0]],"v":[[54.199,236.4],[-89.801,-101.2],[56.599,-236.4],[73.399,-162],[-9.001,-72.4],[102.999,187.6]],"c":true}]},{"i":{"x":0.833,"y":0.833},"o":{"x":0.167,"y":0.167},"t":18,"s":[{"i":[[0,0],[-55.807,150.942],[0,0],[0,0],[11.2,-36],[-25.6,-51.2]],"o":[[-42.4,-42.4],[36.411,-100.384],[0,0],[-38.4,16],[-44.8,134.4],[0,0]],"v":[[8.447,188.544],[-90.242,-98.191],[56.599,-231.141],[71.821,-173.569],[-8.457,-69.138],[57.247,139.744]],"c":true}]},{"i":{"x":0.833,"y":0.833},"o":{"x":0.167,"y":0.167},"t":22,"s":[{"i":[[0,0],[-55.807,150.942],[0,0],[0,0],[11.2,-36],[-25.6,-51.2]],"o":[[-42.4,-42.4],[36.411,-100.384],[0,0],[-38.4,16],[-44.8,134.4],[0,0]],"v":[[8.447,188.544],[-84.148,-130.934],[62.693,-263.884],[77.916,-206.312],[-2.907,-105.143],[57.247,139.744]],"c":true}]},{"t":24,"s":[{"i":[[0,0],[-55.807,150.942],[0,0],[0,0],[11.2,-36],[-25.6,-51.2]],"o":[[-42.4,-42.4],[36.411,-100.384],[0,0],[-38.4,16],[-44.8,134.4],[0,0]],"v":[[8.447,188.544],[-53.188,-128.946],[93.653,-261.897],[108.876,-204.325],[28.053,-103.156],[57.247,139.744]],"c":true}],"h":1},{"i":{"x":0.833,"y":0.833},"o":{"x":0.167,"y":0.167},"t":85,"s":[{"i":[[0,0],[-55.807,150.942],[0,0],[0,0],[11.2,-36],[-25.6,-51.2]],"o":[[-42.4,-42.4],[36.411,-100.384],[0,0],[-38.4,16],[-44.8,134.4],[0,0]],"v":[[8.447,188.544],[-53.188,-128.946],[93.653,-261.897],[108.876,-204.325],[28.053,-103.156],[57.247,139.744]],"c":true}]},{"i":{"x":0.667,"y":1},"o":{"x":0.167,"y":0.167},"t":106,"s":[{"i":[[0,0],[-55.807,150.942],[0,0],[0,0],[11.2,-36],[-25.6,-51.2]],"o":[[-42.4,-42.4],[36.411,-100.384],[0,0],[-38.4,16],[-44.8,134.4],[0,0]],"v":[[8.447,188.544],[-101.789,-138.422],[45.052,-271.372],[60.275,-213.8],[-20.548,-112.631],[57.247,139.744]],"c":true}]},{"i":{"x":0.667,"y":1},"o":{"x":0.333,"y":0},"t":125,"s":[{"i":[[0,0],[-60,179.2],[0,0],[0,0],[11.2,-36],[-38.615,-33.147]],"o":[[-48.148,-35.739],[39.2,-119.2],[0,0],[-38.4,16],[-44.8,134.4],[0,0]],"v":[[80.98,217.827],[-82.864,-85.154],[63.536,-220.354],[80.336,-145.954],[-2.064,-56.354],[122.114,162.411]],"c":true}]},{"t":147,"s":[{"i":[[0,0],[-60,179.2],[0,0],[0,0],[11.2,-36],[-25.6,-51.2]],"o":[[-42.4,-42.4],[39.2,-119.2],[0,0],[-38.4,16],[-44.8,134.4],[0,0]],"v":[[54.199,236.4],[-89.801,-101.2],[56.599,-236.4],[73.399,-162],[-9.001,-72.4],[102.999,187.6]],"c":true}]}],"ix":2},"nm":"Path 1","mn":"ADBE Vector Shape - Group","hd":false},{"ty":"fl","c":{"a":0,"k":[0.725490196078,0.894117706897,0.917647118662,1],"ix":4},"o":{"a":0,"k":100,"ix":5},"r":1,"bm":0,"nm":"Fill 1","mn":"ADBE Vector Graphic - Fill","hd":false},{"ty":"tr","p":{"a":0,"k":[149.251,258.25],"ix":2},"a":{"a":0,"k":[0,0],"ix":1},"s":{"a":0,"k":[100,100],"ix":3},"r":{"a":0,"k":0,"ix":6},"o":{"a":0,"k":60,"ix":7},"sk":{"a":0,"k":0,"ix":4},"sa":{"a":0,"k":0,"ix":5},"nm":"Transform"}],"nm":"Group 7","np":2,"cix":2,"bm":0,"ix":4,"mn":"ADBE Vector Group","hd":false}],"ip":0,"op":167,"st":0,"bm":0},{"ddd":0,"ind":8,"ty":4,"nm":"mask ","parent":1,"td":1,"sr":1,"ks":{"o":{"a":0,"k":100,"ix":11},"r":{"a":0,"k":0,"ix":10},"p":{"a":0,"k":[2.552,-119.374,0],"ix":2,"l":2},"a":{"a":0,"k":[493.595,375.751,0],"ix":1,"l":2},"s":{"a":0,"k":[100,100,100],"ix":6,"l":2}},"ao":0,"shapes":[{"ty":"gr","it":[{"ind":0,"ty":"sh","ix":1,"ks":{"a":1,"k":[{"t":0,"s":[{"i":[[0,0],[0,0],[-51.239,-35.452],[-1.721,-46.178],[12.481,-20.183],[-3.2,-17.599],[-208.154,-0.7],[-43.126,-0.046],[0,0],[0,0]],"o":[[0,0],[0,0],[57.732,39.944],[0.553,14.824],[-12,19.2],[11.263,4.407],[81.274,0.273],[26.87,0.029],[0,0],[0,0]],"v":[[-493.345,-375.501],[-493.345,106.573],[-279.234,141.813],[-207.831,254.552],[-224.952,306.574],[-235.352,368.173],[254.555,375.038],[450.725,375.47],[493.345,375.501],[493.345,-375.501]],"c":true}],"h":1},{"t":18,"s":[{"i":[[0,0],[0,0],[-56.509,26.249],[-1.469,-54.345],[0.458,-20.419],[-3.2,-17.599],[-208.154,-0.7],[-43.126,-0.046],[0,0],[0,0]],"o":[[0,0],[0,0],[31.836,-14.788],[1.469,54.345],[-0.458,20.419],[11.263,4.407],[81.274,0.273],[26.87,0.029],[0,0],[0,0]],"v":[[-493.345,-375.501],[-492.61,253.863],[-426.877,133.541],[-366.879,243.124],[-367.809,333.241],[-235.352,368.173],[254.555,375.038],[450.725,375.47],[493.345,375.501],[493.345,-375.501]],"c":true}],"h":1},{"t":22,"s":[{"i":[[0,0],[0,0],[-56.509,26.249],[-1.469,-54.345],[3.925,89.531],[-74.033,78.555],[-140.218,-66.727],[73.546,-217.236],[0,0],[0,0]],"o":[[0,0],[0,0],[31.836,-14.788],[1.469,54.345],[-3.925,-89.531],[74.032,-78.555],[140.218,66.727],[-25.771,76.121],[0,0],[0,0]],"v":[[-493.345,-375.501],[-492.61,253.863],[-426.877,133.541],[-366.879,243.124],[-289.382,86.482],[-221.484,-199.467],[119.291,-251.02],[245.262,206.536],[493.345,375.501],[493.345,-375.501]],"c":true}],"h":1},{"t":102,"s":[{"i":[[0,0],[0,0],[-56.509,26.249],[-1.469,-54.345],[0.458,-20.419],[-3.2,-17.599],[-208.154,-0.7],[-43.126,-0.046],[0,0],[0,0]],"o":[[0,0],[0,0],[31.836,-14.788],[1.469,54.345],[-0.458,20.419],[11.263,4.407],[81.274,0.273],[26.87,0.029],[0,0],[0,0]],"v":[[-493.345,-375.501],[-492.61,253.864],[-426.877,133.541],[-366.879,243.124],[-367.809,333.241],[-235.352,368.173],[254.555,375.038],[450.725,375.47],[493.345,375.501],[493.345,-375.501]],"c":true}],"h":1},{"t":125,"s":[{"i":[[0,0],[0,0],[-51.239,-35.452],[-1.721,-46.178],[12.481,-20.183],[-3.2,-17.599],[-208.154,-0.7],[-43.126,-0.046],[0,0],[0,0]],"o":[[0,0],[0,0],[57.732,39.944],[0.553,14.824],[-12,19.2],[11.263,4.407],[81.274,0.273],[26.87,0.029],[0,0],[0,0]],"v":[[-493.345,-375.501],[-493.345,106.573],[-279.234,141.813],[-207.831,254.552],[-224.952,306.574],[-235.352,368.173],[254.555,375.038],[450.725,375.47],[493.345,375.501],[493.345,-375.501]],"c":true}],"h":1}],"ix":2},"nm":"Path 1","mn":"ADBE Vector Shape - Group","hd":false},{"ty":"fl","c":{"a":0,"k":[0.356862745098,0.686274509804,0.396078461292,1],"ix":4},"o":{"a":0,"k":100,"ix":5},"r":1,"bm":0,"nm":"Fill 1","mn":"ADBE Vector Graphic - Fill","hd":false},{"ty":"tr","p":{"a":0,"k":[493.595,375.751],"ix":2},"a":{"a":0,"k":[0,0],"ix":1},"s":{"a":0,"k":[100,100],"ix":3},"r":{"a":0,"k":0,"ix":6},"o":{"a":0,"k":100,"ix":7},"sk":{"a":0,"k":0,"ix":4},"sa":{"a":0,"k":0,"ix":5},"nm":"Transform"}],"nm":"Group 1","np":2,"cix":2,"bm":0,"ix":1,"mn":"ADBE Vector Group","hd":false}],"ip":0,"op":167,"st":0,"bm":0},{"ddd":0,"ind":9,"ty":4,"nm":"aid front tip ","parent":7,"tt":1,"sr":1,"ks":{"o":{"a":0,"k":100,"ix":11},"r":{"a":1,"k":[{"i":{"x":[0.833],"y":[0.833]},"o":{"x":[0.333],"y":[0]},"t":10,"s":[0]},{"i":{"x":[0.833],"y":[0.833]},"o":{"x":[0.167],"y":[0.167]},"t":18,"s":[-12]},{"t":27,"s":[-12],"h":1},{"i":{"x":[0.833],"y":[0.833]},"o":{"x":[0.167],"y":[0.167]},"t":85,"s":[-12]},{"i":{"x":[0.833],"y":[0.833]},"o":{"x":[0.167],"y":[0.167]},"t":98,"s":[-12]},{"i":{"x":[0.667],"y":[1]},"o":{"x":[0.184],"y":[0.268]},"t":106,"s":[-12]},{"i":{"x":[0.667],"y":[1]},"o":{"x":[0.333],"y":[0]},"t":125,"s":[-8.186]},{"t":147,"s":[0]}],"ix":10},"p":{"a":1,"k":[{"i":{"x":0.833,"y":0.833},"o":{"x":0.333,"y":0},"t":10,"s":[249.85,499.25,0],"to":[0,0,0],"ti":[0,0,0]},{"i":{"x":0.833,"y":0.833},"o":{"x":0.167,"y":0.167},"t":18,"s":[202.52,458.231,0],"to":[0,0,0],"ti":[0,0,0]},{"t":27,"s":[202.52,458.231,0],"h":1},{"i":{"x":0.833,"y":0.833},"o":{"x":0.167,"y":0.167},"t":85,"s":[202.52,458.231,0],"to":[0,0,0],"ti":[0,0,0]},{"i":{"x":0.833,"y":0.833},"o":{"x":0.167,"y":0.167},"t":98,"s":[202.52,458.231,0],"to":[0,0,0],"ti":[0,0,0]},{"i":{"x":0.667,"y":1},"o":{"x":0.167,"y":0.167},"t":106,"s":[192.72,454.071,0],"to":[0,0,0],"ti":[0,0,0]},{"i":{"x":0.667,"y":1},"o":{"x":0.333,"y":0},"t":125,"s":[274.453,474.151,0],"to":[0,0,0],"ti":[0,0,0]},{"t":147,"s":[249.85,499.25,0]}],"ix":2,"l":2},"a":{"a":0,"k":[31.45,49.65,0],"ix":1,"l":2},"s":{"a":0,"k":[100,100,100],"ix":6,"l":2}},"ao":0,"shapes":[{"ty":"gr","it":[{"ind":0,"ty":"sh","ix":1,"ks":{"a":1,"k":[{"i":{"x":0.833,"y":0.833},"o":{"x":0.167,"y":0.167},"t":18,"s":[{"i":[[13.6,14.4],[0,0],[4.8,-4.8],[-4.8,-13.6],[-4,-5.6],[-45.6,-19.2],[0,20.8]],"o":[[-20,-25.6],[-4,5.6],[-7.2,8.8],[2.4,6.4],[13.6,17.6],[63.2,27.2],[0,-21.6]],"v":[[49.6,-46],[-40,-92.4],[-52.8,-77.2],[-66.4,-46],[-55.2,-27.6],[-9.6,65.2],[71.2,10]],"c":true}]},{"i":{"x":0.833,"y":0.833},"o":{"x":0.167,"y":0.167},"t":22,"s":[{"i":[[17.8,16.409],[0,0],[4.8,-4.8],[-2.667,-7.556],[-3.756,-8.435],[-54.656,-12.027],[-0.231,15.301]],"o":[[-17.8,-16.409],[-4,5.6],[-7.2,8.8],[1.333,3.556],[12.088,25.511],[29.865,6.572],[0.323,-21.385]],"v":[[36.224,-43.298],[-20.585,-87.021],[-43.157,-84.083],[-65.4,-47.601],[-62.742,-22.297],[-9.439,63.272],[56.802,9.544]],"c":true}]},{"t":27,"s":[{"i":[[10.757,15.054],[0,0],[4.8,-4.8],[0,0],[-3.451,-11.98],[-45.6,-19.2],[0,20.8]],"o":[[-29.162,-40.809],[-4,5.6],[-7.2,8.8],[0,0],[10.197,35.401],[63.2,27.2],[0,-21.6]],"v":[[71.837,-51.134],[-18.304,-107.887],[-31.104,-92.687],[-64.15,-49.601],[-72.17,-15.669],[-7.529,71.502],[92.808,15.49]],"c":true}],"h":1},{"i":{"x":0.833,"y":0.833},"o":{"x":0.167,"y":0.167},"t":85,"s":[{"i":[[8.325,11.226],[0,0],[3.714,-3.58],[0,0],[-0.832,-11.96],[-41.282,-18.55],[0,15.512]],"o":[[-22.567,-30.433],[-3.095,4.176],[-5.572,6.563],[0,0],[2.022,29.066],[57.216,26.279],[0,-16.108]],"v":[[43.394,-32.674],[-26.361,-74.998],[-36.266,-63.662],[-60.269,-54.643],[-67.53,-21.859],[-13.976,66.544],[59.622,17.011]],"c":true}]},{"i":{"x":0.833,"y":0.833},"o":{"x":0.167,"y":0.167},"t":98,"s":[{"i":[[8.325,11.226],[0,0],[3.714,-3.58],[0,0],[-0.832,-11.96],[-41.282,-18.55],[0,15.512]],"o":[[-22.567,-30.433],[-3.095,4.176],[-5.572,6.563],[0,0],[2.022,29.066],[57.216,26.279],[0,-16.108]],"v":[[43.394,-32.674],[-26.361,-74.998],[-36.266,-63.662],[-60.269,-54.643],[-67.53,-21.859],[-13.976,66.544],[59.622,17.011]],"c":true}]},{"i":{"x":0.667,"y":1},"o":{"x":0.167,"y":0.167},"t":114,"s":[{"i":[[17.8,16.409],[0,0],[4.8,-4.8],[-2.667,-7.556],[-3.756,-8.435],[-54.656,-12.027],[-0.231,15.301]],"o":[[-17.8,-16.409],[-4,5.6],[-7.2,8.8],[1.333,3.556],[12.088,25.511],[29.865,6.572],[0.323,-21.385]],"v":[[36.224,-43.298],[-20.585,-87.021],[-43.157,-84.083],[-65.4,-47.601],[-62.742,-22.297],[-9.439,63.272],[56.802,9.544]],"c":true}]},{"i":{"x":0.667,"y":1},"o":{"x":0.333,"y":0},"t":125,"s":[{"i":[[13.6,14.4],[0,0],[4.8,-4.8],[-4.8,-13.6],[-4,-5.6],[-45.6,-19.2],[0,20.8]],"o":[[-20,-25.6],[-4,5.6],[-7.2,8.8],[2.4,6.4],[13.6,17.6],[63.2,27.2],[0,-21.6]],"v":[[49.6,-46],[-40,-92.4],[-52.8,-77.2],[-66.4,-46],[-55.2,-27.6],[-9.6,65.2],[71.2,10]],"c":true}]},{"t":147,"s":[{"i":[[13.6,14.4],[0,0],[4.8,-4.8],[-4.8,-13.6],[-4,-5.6],[-45.6,-19.2],[0,20.8]],"o":[[-20,-25.6],[-4,5.6],[-7.2,8.8],[2.4,6.4],[13.6,17.6],[63.2,27.2],[0,-21.6]],"v":[[49.6,-46],[-40,-92.4],[-52.8,-77.2],[-66.4,-46],[-55.2,-27.6],[-9.6,65.2],[71.2,10]],"c":true}]}],"ix":2},"nm":"Path 1","mn":"ADBE Vector Shape - Group","hd":false},{"ty":"fl","c":{"a":0,"k":[0.690196078431,0.745098039216,0.772549079446,1],"ix":4},"o":{"a":0,"k":100,"ix":5},"r":1,"bm":0,"nm":"Fill 1","mn":"ADBE Vector Graphic - Fill","hd":false},{"ty":"tr","p":{"a":0,"k":[71.45,92.65],"ix":2},"a":{"a":0,"k":[0,0],"ix":1},"s":{"a":0,"k":[100,100],"ix":3},"r":{"a":0,"k":0,"ix":6},"o":{"a":0,"k":100,"ix":7},"sk":{"a":0,"k":0,"ix":4},"sa":{"a":0,"k":0,"ix":5},"nm":"Transform"}],"nm":"Group 1","np":2,"cix":2,"bm":0,"ix":1,"mn":"ADBE Vector Group","hd":false},{"ty":"gr","it":[{"ind":0,"ty":"sh","ix":1,"ks":{"a":1,"k":[{"i":{"x":0.833,"y":0.833},"o":{"x":0.167,"y":0.167},"t":18,"s":[{"i":[[13.6,14.4],[0,0],[1.6,-13.6],[-3.2,-13.6],[0.812,-14.259],[0,0],[-52.8,3.2],[0,44.8]],"o":[[-20,-25.6],[-4,5.6],[-1.6,13.6],[4.877,18.209],[-1.185,20.823],[0,0],[44.8,-3.2],[0,-21.6]],"v":[[48.8,-48],[-40.8,-94.4],[-68.8,-45.6],[-68.7,-16],[-77.37,30.885],[-69.6,68.8],[0,91.2],[70.4,8]],"c":true}]},{"i":{"x":0.833,"y":0.833},"o":{"x":0.167,"y":0.167},"t":22,"s":[{"i":[[15.356,13.693],[0,0],[0.889,-7.556],[-1.778,-7.556],[-2.013,-25.051],[-13.557,-11.77],[-32.281,2.138],[0,44.8]],"o":[[-32.535,-29.858],[-4,5.6],[-0.889,7.556],[2.71,10.116],[2.013,25.051],[13.557,11.77],[48.375,-3.204],[0,-21.6]],"v":[[52.189,-59.855],[-21.385,-89.021],[-67.8,-47.201],[-69.2,-32.407],[-63.342,16.335],[-43.655,75.471],[14.022,96.102],[91.864,4.503]],"c":true}]},{"t":27,"s":[{"i":[[17.551,12.809],[0,0],[0,0],[0,0],[-3.252,-13.517],[-17.903,-8.641],[-52.8,3.2],[0,44.8]],"o":[[-48.204,-35.18],[-4,5.6],[0,0],[0,0],[3.252,13.517],[17.903,8.641],[44.8,-3.2],[0,-21.6]],"v":[[72.474,-92.298],[-19.104,-109.887],[-66.55,-49.201],[-74.374,-32.565],[-63.597,10.446],[-27.916,59.793],[46.77,74.855],[115.234,-14.062]],"c":true}],"h":1},{"i":{"x":0.833,"y":0.833},"o":{"x":0.167,"y":0.167},"t":85,"s":[{"i":[[15.002,9.887],[0,0],[0,0],[0,0],[-3.252,-13.517],[-16.194,-11.21],[-33.652,7.522],[-2.448,24.146]],"o":[[-41.203,-27.155],[-3.419,4.323],[0,0],[0,0],[3.252,13.517],[16.345,11.315],[33.652,-7.522],[3.589,-35.397]],"v":[[56.271,-63.421],[-22.008,-76.998],[-61.583,-53.383],[-69.407,-36.747],[-61.522,9.76],[-27.744,57.792],[37.72,72.926],[88.507,6.966]],"c":true}]},{"i":{"x":0.833,"y":0.833},"o":{"x":0.167,"y":0.167},"t":98,"s":[{"i":[[15.002,9.887],[0,0],[0,0],[0,0],[-3.252,-13.517],[-16.194,-11.21],[-33.652,7.522],[-2.448,24.146]],"o":[[-41.203,-27.155],[-3.419,4.323],[0,0],[0,0],[3.252,13.517],[16.345,11.315],[33.652,-7.522],[3.589,-35.397]],"v":[[56.271,-63.421],[-22.008,-76.998],[-61.583,-53.383],[-69.407,-36.747],[-61.522,9.76],[-27.744,57.792],[37.72,72.926],[88.507,6.966]],"c":true}]},{"i":{"x":0.667,"y":1},"o":{"x":0.167,"y":0.167},"t":114,"s":[{"i":[[15.356,13.693],[0,0],[0.889,-7.556],[-1.778,-7.556],[-2.013,-25.051],[-13.557,-11.77],[-32.281,2.138],[0,44.8]],"o":[[-32.535,-29.858],[-4,5.6],[-0.889,7.556],[2.71,10.116],[2.013,25.051],[13.557,11.77],[48.375,-3.204],[0,-21.6]],"v":[[52.189,-59.855],[-21.385,-89.021],[-67.8,-47.201],[-69.2,-32.407],[-63.342,16.335],[-43.655,75.471],[14.022,96.102],[91.864,4.503]],"c":true}]},{"i":{"x":0.667,"y":1},"o":{"x":0.333,"y":0},"t":125,"s":[{"i":[[13.6,14.4],[0,0],[1.6,-13.6],[-3.2,-13.6],[0.812,-14.259],[0,0],[-52.8,3.2],[0,44.8]],"o":[[-20,-25.6],[-4,5.6],[-1.6,13.6],[4.877,18.209],[-1.185,20.823],[0,0],[44.8,-3.2],[0,-21.6]],"v":[[48.8,-48],[-40.8,-94.4],[-68.8,-45.6],[-68.7,-16],[-77.37,30.885],[-69.6,68.8],[0,91.2],[70.4,8]],"c":true}]},{"t":147,"s":[{"i":[[13.6,14.4],[0,0],[1.6,-13.6],[-3.2,-13.6],[0.812,-14.259],[0,0],[-52.8,3.2],[0,44.8]],"o":[[-20,-25.6],[-4,5.6],[-1.6,13.6],[4.877,18.209],[-1.185,20.823],[0,0],[44.8,-3.2],[0,-21.6]],"v":[[48.8,-48],[-40.8,-94.4],[-68.8,-45.6],[-68.7,-16],[-77.37,30.885],[-69.6,68.8],[0,91.2],[70.4,8]],"c":true}]}],"ix":2},"nm":"Path 1","mn":"ADBE Vector Shape - Group","hd":false},{"ty":"fl","c":{"a":0,"k":[0.376470618154,0.490196108351,0.545098039216,1],"ix":4},"o":{"a":0,"k":100,"ix":5},"r":1,"bm":0,"nm":"Fill 1","mn":"ADBE Vector Graphic - Fill","hd":false},{"ty":"tr","p":{"a":0,"k":[72.25,94.65],"ix":2},"a":{"a":0,"k":[0,0],"ix":1},"s":{"a":0,"k":[100,100],"ix":3},"r":{"a":0,"k":0,"ix":6},"o":{"a":0,"k":100,"ix":7},"sk":{"a":0,"k":0,"ix":4},"sa":{"a":0,"k":0,"ix":5},"nm":"Transform"}],"nm":"Group 2","np":2,"cix":2,"bm":0,"ix":2,"mn":"ADBE Vector Group","hd":false}],"ip":0,"op":167,"st":0,"bm":0},{"ddd":0,"ind":10,"ty":4,"nm":"ear mask","parent":1,"td":1,"sr":1,"ks":{"o":{"a":0,"k":100,"ix":11},"r":{"a":0,"k":0,"ix":10},"p":{"a":0,"k":[6.8,20,0],"ix":2,"l":2},"a":{"a":0,"k":[313.45,464.25,0],"ix":1,"l":2},"s":{"a":0,"k":[100,100,100],"ix":6,"l":2}},"ao":0,"shapes":[{"ty":"gr","it":[{"ind":0,"ty":"sh","ix":1,"ks":{"a":0,"k":{"i":[[-190.4,49.6],[46.4,-260],[99.2,-82.4],[101.6,11.2],[-3.2,70.4],[8,80]],"o":[[184,-48],[-36.8,208],[-46.4,38.4],[-122.4,-13.6],[5.6,-112],[-20.8,-220]],"v":[[-92.4,-416],[266.8,-47.2],[35.6,308],[-165.2,452.8],[-306.8,268.8],[-292.4,12.8]],"c":true},"ix":2},"nm":"Path 1","mn":"ADBE Vector Shape - Group","hd":false},{"ty":"fl","c":{"a":0,"k":[0.647058844566,0.423529416323,0.262745112181,1],"ix":4},"o":{"a":0,"k":100,"ix":5},"r":1,"bm":0,"nm":"Fill 1","mn":"ADBE Vector Graphic - Fill","hd":false},{"ty":"tr","p":{"a":0,"k":[313.45,464.25],"ix":2},"a":{"a":0,"k":[0,0],"ix":1},"s":{"a":0,"k":[100,100],"ix":3},"r":{"a":0,"k":0,"ix":6},"o":{"a":0,"k":100,"ix":7},"sk":{"a":0,"k":0,"ix":4},"sa":{"a":0,"k":0,"ix":5},"nm":"Transform"}],"nm":"Group 7","np":2,"cix":2,"bm":0,"ix":1,"mn":"ADBE Vector Group","hd":false}],"ip":0,"op":167,"st":0,"bm":0},{"ddd":0,"ind":11,"ty":4,"nm":"ear ","parent":1,"tt":1,"sr":1,"ks":{"o":{"a":0,"k":100,"ix":11},"r":{"a":0,"k":0,"ix":10},"p":{"a":0,"k":[6.8,20,0],"ix":2,"l":2},"a":{"a":0,"k":[313.45,464.25,0],"ix":1,"l":2},"s":{"a":0,"k":[100,100,100],"ix":6,"l":2}},"ao":0,"shapes":[{"ty":"gr","it":[{"ind":0,"ty":"sh","ix":1,"ks":{"a":0,"k":{"i":[[2.679,-2.679],[60,-64],[120.8,-1.6],[0.69,-3.868],[-17.713,-1.968],[-46.4,38.4],[20.33,57.324]],"o":[[-69.6,84],[-18.4,19.2],[-2.873,0],[13.751,5.235],[101.6,11.2],[58.672,-48.735],[-2.401,-1.355]],"v":[[196.456,-156.661],[-5.144,12.939],[-197.144,131.339],[-204.214,137.148],[-161.25,156.352],[49.816,16.172],[204.214,-157.671]],"c":true},"ix":2},"nm":"Path 1","mn":"ADBE Vector Shape - Group","hd":false},{"ty":"fl","c":{"a":0,"k":[0.258823543787,0.137254908681,0.098039217293,1],"ix":4},"o":{"a":0,"k":100,"ix":5},"r":1,"bm":0,"nm":"Fill 1","mn":"ADBE Vector Graphic - Fill","hd":false},{"ty":"tr","p":{"a":0,"k":[305.394,768.911],"ix":2},"a":{"a":0,"k":[0,0],"ix":1},"s":{"a":0,"k":[100,100],"ix":3},"r":{"a":0,"k":0,"ix":6},"o":{"a":0,"k":100,"ix":7},"sk":{"a":0,"k":0,"ix":4},"sa":{"a":0,"k":0,"ix":5},"nm":"Transform"}],"nm":"Group 1","np":2,"cix":2,"bm":0,"ix":1,"mn":"ADBE Vector Group","hd":false},{"ty":"gr","it":[{"ind":0,"ty":"sh","ix":1,"ks":{"a":0,"k":{"i":[[0,0],[44.8,148.8],[61.6,19.2],[45.6,-33.6],[-9.6,-83.2],[-20.8,-24.8],[-3.2,0.8],[32.8,50.4],[7.2,57.6],[-0.8,10.4],[-79.2,-58.4],[43.2,-18.4],[24.8,-24],[2.4,-15.2],[-47.2,24],[-6.4,58.4],[32,34.4],[15.2,25.6],[-33.6,38.4],[-46.4,-14.4],[-16.8,-56.8],[49.6,-98.4]],"o":[[107.2,-144],[-20,-65.6],[-55.2,-17.6],[-28.8,20.8],[8,67.2],[33.6,38.4],[3.2,-0.8],[-16.8,-25.6],[-1.6,-11.2],[15.2,28],[124,92],[-32,12.8],[-11.2,10.4],[36,-46.4],[40.8,-20],[5.6,-47.2],[-20.8,-23.2],[-18.4,-31.2],[38.4,-28],[52,16],[31.2,103.2],[-29.6,57.6]],"v":[[68.4,252.4],[177.2,-144.4],[26,-290],[-137.2,-263.6],[-212.4,-89.2],[-153.2,35.6],[-112.4,93.2],[-130.8,26.8],[-183.6,-92.4],[-183.6,-124.4],[-47.6,3.6],[-24.4,222],[-114,268.4],[-135.6,307.6],[-4.4,240.4],[58,142.8],[14.8,15.6],[-122,-110.8],[-117.2,-227.6],[19.6,-250],[153.2,-119.6],[98,161.2]],"c":true},"ix":2},"nm":"Path 1","mn":"ADBE Vector Shape - Group","hd":false},{"ty":"fl","c":{"a":0,"k":[0.258823543787,0.137254908681,0.098039217293,1],"ix":4},"o":{"a":0,"k":100,"ix":5},"r":1,"bm":0,"nm":"Fill 1","mn":"ADBE Vector Graphic - Fill","hd":false},{"ty":"tr","p":{"a":0,"k":[328.65,414.25],"ix":2},"a":{"a":0,"k":[0,0],"ix":1},"s":{"a":0,"k":[100,100],"ix":3},"r":{"a":0,"k":0,"ix":6},"o":{"a":0,"k":100,"ix":7},"sk":{"a":0,"k":0,"ix":4},"sa":{"a":0,"k":0,"ix":5},"nm":"Transform"}],"nm":"Group 2","np":2,"cix":2,"bm":0,"ix":2,"mn":"ADBE Vector Group","hd":false},{"ty":"gr","it":[{"ind":0,"ty":"sh","ix":1,"ks":{"a":0,"k":{"i":[[32,38.4],[1.6,-5.6],[37.6,-60.8],[-3.2,-17.6],[-30.4,28],[4,25.6]],"o":[[-2.4,4],[-5.6,30.4],[-12,19.2],[18.4,7.2],[19.2,-17.6],[-10.4,-64.8]],"v":[[-26.4,-103.6],[-32,-89.2],[-38.4,34],[-48.8,95.6],[26.4,75.6],[48,3.6]],"c":true},"ix":2},"nm":"Path 1","mn":"ADBE Vector Shape - Group","hd":false},{"ty":"fl","c":{"a":0,"k":[0.258823543787,0.137254908681,0.098039217293,1],"ix":4},"o":{"a":0,"k":100,"ix":5},"r":1,"bm":0,"nm":"Fill 1","mn":"ADBE Vector Graphic - Fill","hd":false},{"ty":"tr","p":{"a":0,"k":[122.65,597.45],"ix":2},"a":{"a":0,"k":[0,0],"ix":1},"s":{"a":0,"k":[100,100],"ix":3},"r":{"a":0,"k":0,"ix":6},"o":{"a":0,"k":100,"ix":7},"sk":{"a":0,"k":0,"ix":4},"sa":{"a":0,"k":0,"ix":5},"nm":"Transform"}],"nm":"Group 3","np":2,"cix":2,"bm":0,"ix":3,"mn":"ADBE Vector Group","hd":false},{"ty":"gr","it":[{"ind":0,"ty":"sh","ix":1,"ks":{"a":0,"k":{"i":[[17.386,-1.159],[-1.6,44],[11.305,3.917],[0.573,-11.451],[-122.4,-13.6],[-16.243,5.906]],"o":[[-130.4,8],[0.57,-22.813],[-23.361,12.054],[-3.2,70.4],[19.558,2.156],[0.191,-9.248]],"v":[[75.133,84.177],[-71.267,-74.223],[-94.035,-109.532],[-113.007,-66.357],[45.019,116.616],[107.289,111.262]],"c":true},"ix":2},"nm":"Path 1","mn":"ADBE Vector Shape - Group","hd":false},{"ty":"fl","c":{"a":0,"k":[0.509803950787,0.274509817362,0.141176477075,1],"ix":4},"o":{"a":0,"k":100,"ix":5},"r":1,"bm":0,"nm":"Fill 1","mn":"ADBE Vector Graphic - Fill","hd":false},{"ty":"tr","p":{"a":0,"k":[102.717,809.673],"ix":2},"a":{"a":0,"k":[0,0],"ix":1},"s":{"a":0,"k":[100,100],"ix":3},"r":{"a":0,"k":0,"ix":6},"o":{"a":0,"k":100,"ix":7},"sk":{"a":0,"k":0,"ix":4},"sa":{"a":0,"k":0,"ix":5},"nm":"Transform"}],"nm":"Group 4","np":2,"cix":2,"bm":0,"ix":4,"mn":"ADBE Vector Group","hd":false},{"ty":"gr","it":[{"ind":0,"ty":"sh","ix":1,"ks":{"a":0,"k":{"i":[[76.403,29.877],[-2.216,-7.756],[213.6,-136],[-0.493,-18.468],[-5.347,4.425],[-36.8,208]],"o":[[-4.809,9.318],[43.2,130.4],[-17.43,10.894],[5.581,-6.21],[99.2,-82.4],[15.161,-84.956]],"v":[[86.746,-294.793],[84.447,-266.128],[-110.753,242.672],[-131.115,294.793],[-114.753,278.672],[130.82,-74.988]],"c":true},"ix":2},"nm":"Path 1","mn":"ADBE Vector Shape - Group","hd":false},{"ty":"fl","c":{"a":0,"k":[0.509803950787,0.274509817362,0.141176477075,1],"ix":4},"o":{"a":0,"k":100,"ix":5},"r":1,"bm":0,"nm":"Fill 1","mn":"ADBE Vector Graphic - Fill","hd":false},{"ty":"tr","p":{"a":0,"k":[463.803,493.578],"ix":2},"a":{"a":0,"k":[0,0],"ix":1},"s":{"a":0,"k":[100,100],"ix":3},"r":{"a":0,"k":0,"ix":6},"o":{"a":0,"k":100,"ix":7},"sk":{"a":0,"k":0,"ix":4},"sa":{"a":0,"k":0,"ix":5},"nm":"Transform"}],"nm":"Group 5","np":2,"cix":2,"bm":0,"ix":5,"mn":"ADBE Vector Group","hd":false},{"ty":"gr","it":[{"ind":0,"ty":"sh","ix":1,"ks":{"a":0,"k":{"i":[[8,-34.4],[45.6,-22.4],[26.4,-29.6],[28.8,42.4],[-16.8,28],[-5.6,30.4],[-20.8,-12.8],[-6.4,16],[-61.6,144],[-92,-42.4],[7.2,-104],[35.2,-34.4],[74.4,36],[11.2,-35.2],[-12,-20],[-12,-20]],"o":[[-16.8,68],[-35.2,16.8],[-22.4,25.6],[-9.6,-14.4],[37.6,-60.8],[6.4,-32.8],[42.4,25.6],[35.2,-84],[40.8,-95.2],[90.4,41.6],[-3.2,49.6],[7.2,-7.2],[-33.6,-16],[-7.2,22.4],[12.8,20],[23.2,36.8]],"v":[[71.6,142],[-38,237.2],[-111.6,297.2],[-215.6,276.4],[-211.6,197.2],[-205.2,74],[-146.8,51.6],[-72.4,127.6],[-147.6,-199.6],[73.2,-280.4],[221.2,-48.4],[160.4,83.6],[88.4,-122.8],[-4.4,-90.8],[9.2,-24.4],[50,31.6]],"c":true},"ix":2},"nm":"Path 1","mn":"ADBE Vector Shape - Group","hd":false},{"ty":"fl","c":{"a":0,"k":[0.509803950787,0.274509817362,0.141176477075,1],"ix":4},"o":{"a":0,"k":100,"ix":5},"r":1,"bm":0,"nm":"Fill 1","mn":"ADBE Vector Graphic - Fill","hd":false},{"ty":"tr","p":{"a":0,"k":[295.85,434.25],"ix":2},"a":{"a":0,"k":[0,0],"ix":1},"s":{"a":0,"k":[100,100],"ix":3},"r":{"a":0,"k":0,"ix":6},"o":{"a":0,"k":100,"ix":7},"sk":{"a":0,"k":0,"ix":4},"sa":{"a":0,"k":0,"ix":5},"nm":"Transform"}],"nm":"Group 6","np":2,"cix":2,"bm":0,"ix":6,"mn":"ADBE Vector Group","hd":false},{"ty":"gr","it":[{"ind":0,"ty":"sh","ix":1,"ks":{"a":0,"k":{"i":[[-190.4,49.6],[46.4,-260],[99.2,-82.4],[101.6,11.2],[-3.2,70.4],[8,80]],"o":[[184,-48],[-36.8,208],[-46.4,38.4],[-122.4,-13.6],[5.6,-112],[-20.8,-220]],"v":[[-92.4,-416],[266.8,-47.2],[35.6,308],[-165.2,452.8],[-306.8,268.8],[-292.4,12.8]],"c":true},"ix":2},"nm":"Path 1","mn":"ADBE Vector Shape - Group","hd":false},{"ty":"fl","c":{"a":0,"k":[0.647058844566,0.423529416323,0.262745112181,1],"ix":4},"o":{"a":0,"k":100,"ix":5},"r":1,"bm":0,"nm":"Fill 1","mn":"ADBE Vector Graphic - Fill","hd":false},{"ty":"tr","p":{"a":0,"k":[313.45,464.25],"ix":2},"a":{"a":0,"k":[0,0],"ix":1},"s":{"a":0,"k":[100,100],"ix":3},"r":{"a":0,"k":0,"ix":6},"o":{"a":0,"k":100,"ix":7},"sk":{"a":0,"k":0,"ix":4},"sa":{"a":0,"k":0,"ix":5},"nm":"Transform"}],"nm":"Group 7","np":2,"cix":2,"bm":0,"ix":7,"mn":"ADBE Vector Group","hd":false}],"ip":0,"op":167,"st":0,"bm":0},{"ddd":0,"ind":12,"ty":4,"nm":"aid back ","parent":2,"sr":1,"ks":{"o":{"a":0,"k":100,"ix":11},"r":{"a":0,"k":0,"ix":10},"p":{"a":0,"k":[80.64,-215.46,0],"ix":2,"l":2},"a":{"a":0,"k":[313.85,264.65,0],"ix":1,"l":2},"s":{"a":0,"k":[105,105,100],"ix":6,"l":2}},"ao":0,"shapes":[{"ty":"gr","it":[{"ind":0,"ty":"sh","ix":1,"ks":{"a":0,"k":{"i":[[4,-4.8],[-0.8,-2.4],[-2.4,-0.8],[-8.8,-3.2],[-2.4,0],[0,0],[0,0.8],[1.6,1.6],[1.6,0.8],[6.4,3.2]],"o":[[-1.6,1.6],[0.8,2.4],[8,3.2],[2.4,0.8],[0,0],[0.8,-0.8],[0,-1.6],[-1.6,-1.6],[-6.4,-3.2],[-4,-1.6]],"v":[[-18.4,-8.4],[-20,-2],[-14.4,2],[11.2,11.6],[18.4,13.2],[20,13.2],[20.8,11.6],[18.4,6],[14.4,2.8],[-4.8,-6.8]],"c":true},"ix":2},"nm":"Path 1","mn":"ADBE Vector Shape - Group","hd":false},{"ty":"fl","c":{"a":0,"k":[0.690196078431,0.745098039216,0.772549079446,1],"ix":4},"o":{"a":0,"k":100,"ix":5},"r":1,"bm":0,"nm":"Fill 1","mn":"ADBE Vector Graphic - Fill","hd":false},{"ty":"tr","p":{"a":0,"k":[393.85,26.25],"ix":2},"a":{"a":0,"k":[0,0],"ix":1},"s":{"a":0,"k":[100,100],"ix":3},"r":{"a":0,"k":0,"ix":6},"o":{"a":0,"k":100,"ix":7},"sk":{"a":0,"k":0,"ix":4},"sa":{"a":0,"k":0,"ix":5},"nm":"Transform"}],"nm":"Group 1","np":2,"cix":2,"bm":0,"ix":1,"mn":"ADBE Vector Group","hd":false},{"ty":"gr","it":[{"ind":0,"ty":"sh","ix":1,"ks":{"a":0,"k":{"i":[[-11.2,-9.6],[0.8,0.8],[8.8,4],[6.4,-0.8],[-9.6,-1.6]],"o":[[0.8,-0.8],[-4,-9.6],[-10.4,-4.8],[7.2,7.2],[14.4,2.4]],"v":[[26,14.8],[25.2,11.6],[-1.2,-10],[-26.8,-14],[-6.8,-0.4]],"c":true},"ix":2},"nm":"Path 1","mn":"ADBE Vector Shape - Group","hd":false},{"ty":"fl","c":{"a":0,"k":[0.690196078431,0.745098039216,0.772549079446,1],"ix":4},"o":{"a":0,"k":100,"ix":5},"r":1,"bm":0,"nm":"Fill 1","mn":"ADBE Vector Graphic - Fill","hd":false},{"ty":"tr","p":{"a":0,"k":[535.85,123.85],"ix":2},"a":{"a":0,"k":[0,0],"ix":1},"s":{"a":0,"k":[100,100],"ix":3},"r":{"a":0,"k":0,"ix":6},"o":{"a":0,"k":100,"ix":7},"sk":{"a":0,"k":0,"ix":4},"sa":{"a":0,"k":0,"ix":5},"nm":"Transform"}],"nm":"Group 2","np":2,"cix":2,"bm":0,"ix":2,"mn":"ADBE Vector Group","hd":false},{"ty":"gr","it":[{"ind":0,"ty":"sh","ix":1,"ks":{"a":0,"k":{"i":[[0,0.8],[26.4,66.4],[30.4,32],[-38.4,-74.4],[17.6,-16.8],[5.6,5.6]],"o":[[-20.8,-20.8],[-16.8,-41.6],[16.8,-0.8],[38.4,74.4],[-5.6,5.6],[-0.8,0]],"v":[[32.8,129.2],[-8.8,-32.4],[-73.6,-136.4],[29.6,-28.4],[56,131.6],[34.4,130]],"c":true},"ix":2},"nm":"Path 1","mn":"ADBE Vector Shape - Group","hd":false},{"ty":"fl","c":{"a":0,"k":[0.788235353956,0.89019613827,0.901960844152,1],"ix":4},"o":{"a":0,"k":100,"ix":5},"r":1,"bm":0,"nm":"Fill 1","mn":"ADBE Vector Graphic - Fill","hd":false},{"ty":"tr","p":{"a":0,"k":[537.85,253.45],"ix":2},"a":{"a":0,"k":[0,0],"ix":1},"s":{"a":0,"k":[100,100],"ix":3},"r":{"a":0,"k":0,"ix":6},"o":{"a":0,"k":100,"ix":7},"sk":{"a":0,"k":0,"ix":4},"sa":{"a":0,"k":0,"ix":5},"nm":"Transform"}],"nm":"Group 3","np":2,"cix":2,"bm":0,"ix":3,"mn":"ADBE Vector Group","hd":false},{"ty":"gr","it":[{"ind":0,"ty":"sh","ix":1,"ks":{"a":0,"k":{"i":[[0,0],[7.2,69.6],[200.8,-8.8],[52.8,-44.8],[0,0],[-17.6,0],[-27.2,51.2],[0,0]],"o":[[0,0],[-14.4,-136],[-64,2.4],[2.4,14.4],[8.8,33.6],[56,0],[0,0],[-13.6,20.8]],"v":[[216,198],[221.6,70.8],[-93.6,-235.6],[-278.4,-162],[16.8,102.8],[145.6,244.4],[278.4,170],[278.4,168.4]],"c":true},"ix":2},"nm":"Path 1","mn":"ADBE Vector Shape - Group","hd":false},{"ty":"fl","c":{"a":0,"k":[0.376470618154,0.490196108351,0.545098039216,1],"ix":4},"o":{"a":0,"k":100,"ix":5},"r":1,"bm":0,"nm":"Fill 1","mn":"ADBE Vector Graphic - Fill","hd":false},{"ty":"tr","p":{"a":0,"k":[317.85,283.85],"ix":2},"a":{"a":0,"k":[0,0],"ix":1},"s":{"a":0,"k":[100,100],"ix":3},"r":{"a":0,"k":0,"ix":6},"o":{"a":0,"k":100,"ix":7},"sk":{"a":0,"k":0,"ix":4},"sa":{"a":0,"k":0,"ix":5},"nm":"Transform"}],"nm":"Group 4","np":2,"cix":2,"bm":0,"ix":4,"mn":"ADBE Vector Group","hd":false},{"ty":"gr","it":[{"ind":0,"ty":"sh","ix":1,"ks":{"a":0,"k":{"i":[[188,83.2],[57.6,-8.8],[0,0],[-2.4,-14.4],[0,0],[-14.4,1.6],[0,0],[0,0],[0,0],[-76,0],[8.8,136.8]],"o":[[-109.6,-48],[-16,2.4],[-14.4,2.4],[0,0],[2.4,14.4],[0,0],[0,0],[0,0],[18.4,69.6],[89.6,0],[-5.6,-76.8]],"v":[[76,-216.4],[-184,-250.8],[-292.8,-226.8],[-311.2,-198],[-300,-122],[-273.6,-100.4],[-241.6,-105.2],[-241.6,-58],[-7.2,142.8],[150.4,264.4],[304.8,68.4]],"c":true},"ix":2},"nm":"Path 1","mn":"ADBE Vector Shape - Group","hd":false},{"ty":"fl","c":{"a":0,"k":[0.690196078431,0.745098039216,0.772549079446,1],"ix":4},"o":{"a":0,"k":100,"ix":5},"r":1,"bm":0,"nm":"Fill 1","mn":"ADBE Vector Graphic - Fill","hd":false},{"ty":"tr","p":{"a":0,"k":[313.85,264.65],"ix":2},"a":{"a":0,"k":[0,0],"ix":1},"s":{"a":0,"k":[100,100],"ix":3},"r":{"a":0,"k":0,"ix":6},"o":{"a":0,"k":100,"ix":7},"sk":{"a":0,"k":0,"ix":4},"sa":{"a":0,"k":0,"ix":5},"nm":"Transform"}],"nm":"Group 5","np":2,"cix":2,"bm":0,"ix":5,"mn":"ADBE Vector Group","hd":false},{"ty":"gr","it":[{"ind":0,"ty":"sh","ix":1,"ks":{"a":0,"k":{"i":[[16,9.6],[0,0],[-9.6,16],[0,0],[-7.2,-4],[0,0],[4.8,-8],[0,0]],"o":[[0,0],[-16,-9.6],[0,0],[4.8,-7.2],[0,0],[8,4],[0,0],[-8.8,16.8]],"v":[[-29.6,41.2],[-29.6,41.2],[-33.6,-5.2],[-9.6,-41.2],[11.2,-46.8],[34.4,-35.6],[40.8,-13.2],[16.8,28.4]],"c":true},"ix":2},"nm":"Path 1","mn":"ADBE Vector Shape - Group","hd":false},{"ty":"fl","c":{"a":0,"k":[0.376470618154,0.490196108351,0.545098039216,1],"ix":4},"o":{"a":0,"k":100,"ix":5},"r":1,"bm":0,"nm":"Fill 1","mn":"ADBE Vector Graphic - Fill","hd":false},{"ty":"tr","p":{"a":0,"k":[377.85,59.85],"ix":2},"a":{"a":0,"k":[0,0],"ix":1},"s":{"a":0,"k":[100,100],"ix":3},"r":{"a":0,"k":0,"ix":6},"o":{"a":0,"k":100,"ix":7},"sk":{"a":0,"k":0,"ix":4},"sa":{"a":0,"k":0,"ix":5},"nm":"Transform"}],"nm":"Group 6","np":2,"cix":2,"bm":0,"ix":6,"mn":"ADBE Vector Group","hd":false},{"ty":"gr","it":[{"ind":0,"ty":"sh","ix":1,"ks":{"a":0,"k":{"i":[[-44.625,0],[0,-44.625],[44.625,0],[0,44.625]],"o":[[44.625,0],[0,44.625],[-44.625,0],[0,-44.625]],"v":[[0,-80.8],[80.8,0],[0,80.8],[-80.8,0]],"c":true},"ix":2},"nm":"Path 1","mn":"ADBE Vector Shape - Group","hd":false},{"ty":"fl","c":{"a":0,"k":[0.376470618154,0.490196108351,0.545098039216,1],"ix":4},"o":{"a":0,"k":100,"ix":5},"r":1,"bm":0,"nm":"Fill 1","mn":"ADBE Vector Graphic - Fill","hd":false},{"ty":"tr","p":{"a":0,"k":[504.25,182.65],"ix":2},"a":{"a":0,"k":[0,0],"ix":1},"s":{"a":0,"k":[100,100],"ix":3},"r":{"a":0,"k":0,"ix":6},"o":{"a":0,"k":100,"ix":7},"sk":{"a":0,"k":0,"ix":4},"sa":{"a":0,"k":0,"ix":5},"nm":"Transform"}],"nm":"Group 7","np":2,"cix":2,"bm":0,"ix":7,"mn":"ADBE Vector Group","hd":false}],"ip":0,"op":167,"st":0,"bm":0}],"markers":[{"tm":0,"cm":"rest","dr":0}]}