{"v":"5.8.1","fr":60,"ip":0,"op":108,"w":1024,"h":1024,"nm":"emoji_mosquito","ddd":0,"assets":[],"layers":[{"ddd":0,"ind":1,"ty":4,"nm":"antenna front ","parent":5,"sr":1,"ks":{"o":{"a":0,"k":100,"ix":11},"r":{"a":1,"k":[{"i":{"x":[0.667],"y":[1]},"o":{"x":[0.333],"y":[0]},"t":0,"s":[0]},{"i":{"x":[0.689],"y":[0.546]},"o":{"x":[0.333],"y":[0]},"t":12,"s":[6.348]},{"i":{"x":[0.667],"y":[1]},"o":{"x":[0.262],"y":[0.702]},"t":24,"s":[-6.306]},{"i":{"x":[0.753],"y":[0.386]},"o":{"x":[0.333],"y":[0]},"t":36,"s":[-13.204]},{"i":{"x":[0.667],"y":[1]},"o":{"x":[0.286],"y":[0.409]},"t":48,"s":[-2.586]},{"i":{"x":[0.688],"y":[0.644]},"o":{"x":[0.333],"y":[0]},"t":60,"s":[15.902]},{"i":{"x":[0.667],"y":[1]},"o":{"x":[0.306],"y":[0.525]},"t":72,"s":[6.348]},{"t":84,"s":[0]}],"ix":10},"p":{"a":1,"k":[{"i":{"x":0.667,"y":0.667},"o":{"x":0.333,"y":0.333},"t":0,"s":[200.291,107.975,0],"to":[0,0,0],"ti":[0,0,0]},{"i":{"x":0.667,"y":1},"o":{"x":0.333,"y":0},"t":24,"s":[200.291,107.975,0],"to":[0,0,0],"ti":[0,0,0]},{"i":{"x":0.667,"y":1},"o":{"x":0.333,"y":0},"t":48,"s":[203.468,120.826,0],"to":[0,0,0],"ti":[0,0,0]},{"i":{"x":0.667,"y":1},"o":{"x":0.333,"y":0},"t":60,"s":[202.291,107.475,0],"to":[0,0,0],"ti":[0,0,0]},{"i":{"x":0.667,"y":0.667},"o":{"x":0.333,"y":0.333},"t":72,"s":[200.291,107.975,0],"to":[0,0,0],"ti":[0,0,0]},{"t":84,"s":[200.291,107.975,0]}],"ix":2,"l":2},"a":{"a":0,"k":[295.891,22.215,0],"ix":1,"l":2},"s":{"a":0,"k":[100,100,100],"ix":6,"l":2}},"ao":0,"shapes":[{"ty":"gr","it":[{"ind":0,"ty":"sh","ix":1,"ks":{"a":1,"k":[{"i":{"x":0.833,"y":0.833},"o":{"x":0.333,"y":0},"t":0,"s":[{"i":[[-3.2,-5.279],[21.36,-6.88],[68,1.199],[9.6,7.28],[-15.04,6.64],[0,0],[-59.6,-2],[-16.08,6.399]],"o":[[6.16,10],[-21.36,6.88],[-51.68,-0.881],[-9.6,-7.28],[14.48,-6.4],[0,0],[59.6,2],[16.16,-6.481]],"v":[[143.436,-17.56],[107.196,6.6],[-45.684,32.361],[-132.564,6.6],[-143.044,-27.16],[-127.364,-9.08],[-47.284,15.88],[113.996,-11.879]],"c":true}]},{"i":{"x":0.833,"y":0.833},"o":{"x":0.167,"y":0.167},"t":12,"s":[{"i":[[-3.2,-5.279],[21.261,-7.181],[68,1.199],[9.6,7.28],[-15.04,6.64],[0,0],[-59.6,-2],[-15.988,6.626]],"o":[[6.16,10],[-21.261,7.181],[-51.68,-0.881],[-9.6,-7.28],[14.48,-6.4],[0,0],[59.6,2],[16.067,-6.709]],"v":[[143.436,-17.56],[107.366,11.116],[-40.693,32.069],[-127.573,6.308],[-138.053,-27.452],[-122.373,-9.372],[-42.293,15.588],[113.904,-7.457]],"c":true}]},{"i":{"x":0.833,"y":0.833},"o":{"x":0.167,"y":0.167},"t":24,"s":[{"i":[[-3.2,-5.279],[21.36,-6.88],[68,1.199],[9.6,7.28],[-15.04,6.64],[0,0],[-59.6,-2],[-16.08,6.399]],"o":[[6.16,10],[-21.36,6.88],[-51.68,-0.881],[-9.6,-7.28],[14.48,-6.4],[0,0],[59.6,2],[16.16,-6.481]],"v":[[143.436,-17.56],[107.196,6.6],[-45.684,32.361],[-132.564,6.6],[-143.044,-27.16],[-127.364,-9.08],[-47.284,15.88],[113.996,-11.879]],"c":true}]},{"i":{"x":0.833,"y":0.833},"o":{"x":0.167,"y":0.167},"t":36,"s":[{"i":[[-3.2,-5.279],[21.36,-6.88],[68,1.199],[9.6,7.28],[-15.04,6.64],[0,0],[-59.6,-2],[-16.08,6.399]],"o":[[6.16,10],[-21.36,6.88],[-51.68,-0.881],[-9.6,-7.28],[14.48,-6.4],[0,0],[59.6,2],[16.16,-6.481]],"v":[[143.436,-17.56],[107.196,6.6],[-45.684,32.361],[-132.564,6.6],[-143.044,-27.16],[-127.364,-9.08],[-47.284,15.88],[113.996,-11.879]],"c":true}]},{"i":{"x":0.833,"y":0.833},"o":{"x":0.167,"y":0.167},"t":48,"s":[{"i":[[-3.2,-5.279],[21.36,-6.88],[68,1.199],[9.6,7.28],[-15.04,6.64],[0,0],[-59.6,-2],[-16.08,6.399]],"o":[[6.16,10],[-21.36,6.88],[-51.68,-0.881],[-9.6,-7.28],[14.48,-6.4],[0,0],[59.6,2],[16.16,-6.481]],"v":[[143.436,-17.56],[107.196,6.6],[-45.684,32.361],[-132.564,6.6],[-143.044,-27.16],[-127.364,-9.08],[-47.284,15.88],[113.996,-11.879]],"c":true}]},{"i":{"x":0.833,"y":0.833},"o":{"x":0.167,"y":0.167},"t":60,"s":[{"i":[[-3.2,-5.279],[21.36,-6.88],[68,1.199],[9.6,7.28],[-15.04,6.64],[0,0],[-59.6,-2],[-16.08,6.399]],"o":[[6.16,10],[-21.36,6.88],[-51.68,-0.881],[-9.6,-7.28],[14.48,-6.4],[0,0],[59.6,2],[16.16,-6.481]],"v":[[143.436,-17.56],[107.196,6.6],[-45.684,32.361],[-132.564,6.6],[-143.044,-27.16],[-127.364,-9.08],[-47.284,15.88],[113.996,-11.879]],"c":true}]},{"i":{"x":0.667,"y":1},"o":{"x":0.167,"y":0.167},"t":72,"s":[{"i":[[-3.2,-5.279],[21.261,-7.181],[68,1.199],[9.6,7.28],[-15.04,6.64],[0,0],[-59.6,-2],[-15.988,6.626]],"o":[[6.16,10],[-21.261,7.181],[-51.68,-0.881],[-9.6,-7.28],[14.48,-6.4],[0,0],[59.6,2],[16.067,-6.709]],"v":[[143.436,-17.56],[107.366,11.116],[-40.693,32.069],[-127.573,6.308],[-138.053,-27.452],[-122.373,-9.372],[-42.293,15.588],[113.904,-7.457]],"c":true}]},{"t":84,"s":[{"i":[[-3.2,-5.279],[21.36,-6.88],[68,1.199],[9.6,7.28],[-15.04,6.64],[0,0],[-59.6,-2],[-16.08,6.399]],"o":[[6.16,10],[-21.36,6.88],[-51.68,-0.881],[-9.6,-7.28],[14.48,-6.4],[0,0],[59.6,2],[16.16,-6.481]],"v":[[143.436,-17.56],[107.196,6.6],[-45.684,32.361],[-132.564,6.6],[-143.044,-27.16],[-127.364,-9.08],[-47.284,15.88],[113.996,-11.879]],"c":true}]}],"ix":2},"nm":"Path 1","mn":"ADBE Vector Shape - Group","hd":false},{"ty":"fl","c":{"a":0,"k":[0.517999985639,0.517999985639,0.517999985639,1],"ix":4},"o":{"a":0,"k":100,"ix":5},"r":1,"bm":0,"nm":"Fill 1","mn":"ADBE Vector Graphic - Fill","hd":false},{"ty":"tr","p":{"a":0,"k":[158.334,33.81],"ix":2},"a":{"a":0,"k":[0,0],"ix":1},"s":{"a":0,"k":[100,100],"ix":3},"r":{"a":0,"k":0,"ix":6},"o":{"a":0,"k":100,"ix":7},"sk":{"a":0,"k":0,"ix":4},"sa":{"a":0,"k":0,"ix":5},"nm":"Transform"}],"nm":"Group 1","np":2,"cix":2,"bm":0,"ix":1,"mn":"ADBE Vector Group","hd":false}],"ip":0,"op":108,"st":0,"bm":0},{"ddd":0,"ind":2,"ty":4,"nm":"legs front ","sr":1,"ks":{"o":{"a":0,"k":100,"ix":11},"r":{"a":0,"k":0,"ix":10},"p":{"a":0,"k":[620.912,710.52,0],"ix":2,"l":2},"a":{"a":0,"k":[396.53,256.53,0],"ix":1,"l":2},"s":{"a":0,"k":[100,100,100],"ix":6,"l":2}},"ao":0,"shapes":[{"ty":"gr","it":[{"ind":0,"ty":"sh","ix":1,"ks":{"a":1,"k":[{"i":{"x":0.833,"y":0.833},"o":{"x":0.333,"y":0},"t":0,"s":[{"i":[[5.44,-11.439],[16.88,-15.679],[6,-4.8],[-10.96,-9.92],[-6.24,5.84],[-24.16,22.32],[-3.6,8.401],[-5.76,-1.439],[-2.24,-6.72],[-6.08,2.241],[0,0],[-10.08,-1.92],[-2.24,10.481],[-4.8,0],[-3.04,-33.76],[-5.44,-5.44],[-28.08,-29.919],[-6.64,-6.08],[-4.8,4.88],[9.04,10.239],[16.32,17.521],[3.6,7.199],[0,0],[-6.08,0],[-17.44,-22.321],[-7.2,-3.04],[-32.24,-14.881],[-6.08,-2.4],[-2.88,5.2],[18.72,9.04],[13.84,7.2],[5.44,3.599],[18.72,24.721],[4.8,4.8],[12.08,-1.84],[10.16,-12.56],[0,0],[15.68,-7.2],[0,0],[3.12,6],[13.28,-4.801],[4.24,-23.52]],"o":[[-5.44,11.44],[-16.88,15.68],[-6,4.8],[8.88,8.08],[8.48,-7.839],[20.72,-19.119],[3.6,-8.479],[2.4,0.641],[4.24,12.639],[8.56,-3.12],[0,0],[12.64,2.399],[4.24,-19.92],[4.8,0],[3.04,33.761],[5.44,5.441],[27.76,29.6],[6.64,6],[4.8,-4.879],[-7.68,-8.721],[-16.32,-17.52],[-3.6,-7.28],[0,0],[6,0],[17.52,22.319],[7.2,3.04],[44.64,20.479],[6,2.4],[3.04,-5.439],[-11.44,-5.519],[-13.84,-7.279],[-5.44,-3.601],[-18.72,-24.72],[-4.8,-4.8],[-10.8,1.6],[-15.76,19.52],[0,0],[-15.68,7.28],[0,0],[-7.84,-15.121],[-13.28,4.799],[-4.48,23.52]],"v":[[-251.4,96.12],[-320.2,167.32],[-380.52,222.841],[-385.32,248.2],[-354.52,238.52],[-292.36,183],[-222.36,109.4],[-181.32,-122.92],[-171.08,-93.319],[-152.76,-80.44],[-144.28,-95.319],[-133,-84.279],[-115.48,-100.6],[-105.24,-136.199],[-96.2,-66.84],[-81.72,57.48],[-3.24,148.6],[83.08,238.52],[107.8,244.52],[99.96,217.961],[19.08,124.44],[-54.52,39.961],[-73.8,-154.92],[-29.72,-209.24],[60.76,-112.119],[156.68,3.16],[268.28,53.881],[375.72,101.56],[393.24,97.32],[375.16,73.16],[264.76,17.08],[177.88,-23.319],[80.12,-137.96],[-10.36,-241.16],[-32.68,-254.44],[-63.56,-224.36],[-92.44,-183.88],[-119.56,-186.92],[-145.48,-121.72],[-160.6,-157.319],[-191.4,-177.239],[-214.92,-131.96]],"c":true}]},{"i":{"x":0.833,"y":0.833},"o":{"x":0.167,"y":0.167},"t":12,"s":[{"i":[[5.44,-11.439],[16.88,-15.679],[6,-4.8],[-10.96,-9.92],[-6.24,5.84],[-24.16,22.32],[-3.6,8.401],[-5.835,-1.096],[-2.646,-6.571],[-5.946,2.575],[0,0],[-10.177,-1.314],[-1.608,10.596],[-4.792,0.284],[-5.029,-33.521],[-5.44,-5.44],[-28.08,-29.919],[-6.64,-6.08],[-4.8,4.88],[9.04,10.239],[16.32,17.521],[3.6,7.199],[0,0],[-6.069,0.359],[-18.829,-21.162],[-7.2,-3.04],[-32.24,-14.881],[-6.08,-2.4],[-2.88,5.2],[18.72,9.04],[13.84,7.2],[5.44,3.599],[20.261,23.475],[5.075,4.508],[11.95,-2.55],[9.388,-13.147],[0,0],[15.227,-8.114],[0,0],[3.462,5.809],[12.974,-5.575],[2.843,-23.729]],"o":[[-5.44,11.44],[-16.88,15.68],[-6,4.8],[8.88,8.08],[8.48,-7.839],[20.72,-19.119],[3.6,-8.479],[2.434,0.498],[4.979,12.366],[8.361,-3.62],[0,0],[12.76,1.648],[3.056,-20.136],[4.792,-0.284],[5.029,33.522],[5.44,5.441],[27.76,29.6],[6.64,6],[4.8,-4.879],[-7.68,-8.721],[-16.32,-17.52],[-3.6,-7.28],[0,0],[5.99,-0.354],[18.909,21.155],[7.2,3.04],[44.64,20.479],[6,2.4],[3.04,-5.439],[-11.44,-5.519],[-13.84,-7.279],[-5.44,-3.601],[-20.26,-23.474],[-5.075,-4.508],[-10.687,2.235],[-14.579,20.417],[0,0],[-15.223,8.194],[0,0],[-8.72,-14.631],[-12.973,5.575],[-3.083,23.744]],"v":[[-251.4,96.12],[-320.2,167.32],[-380.52,222.841],[-385.32,248.2],[-354.52,238.52],[-292.36,183],[-222.36,109.4],[-183.084,-109.536],[-171.113,-80.591],[-152.064,-68.817],[-144.478,-84.171],[-132.565,-73.817],[-116.04,-91.144],[-107.921,-127.286],[-94.799,-58.582],[-81.72,57.48],[-3.24,148.6],[83.08,238.52],[107.8,244.52],[99.96,217.961],[19.08,124.44],[-54.52,39.961],[-77.642,-147.832],[-36.848,-204.661],[61.183,-110.989],[156.68,3.16],[268.28,53.881],[375.72,101.56],[393.24,97.32],[375.16,73.16],[264.76,17.08],[177.88,-23.319],[78.853,-138.013],[-19.407,-237.668],[-42.472,-249.607],[-71.522,-217.755],[-97.96,-175.64],[-125.212,-177.072],[-147.235,-110.455],[-164.432,-145.099],[-196.355,-163.165],[-217.159,-116.575]],"c":true}]},{"i":{"x":0.833,"y":0.833},"o":{"x":0.167,"y":0.167},"t":24,"s":[{"i":[[5.44,-11.439],[16.88,-15.679],[6,-4.8],[-10.96,-9.92],[-6.24,5.84],[-24.16,22.32],[-3.6,8.401],[-5.76,-1.439],[-2.24,-6.72],[-6.08,2.241],[0,0],[-10.08,-1.92],[-2.24,10.481],[-4.8,0],[-3.04,-33.76],[-5.44,-5.44],[-28.08,-29.919],[-6.64,-6.08],[-4.8,4.88],[9.04,10.239],[16.32,17.521],[3.6,7.199],[0,0],[-6.08,0],[-17.44,-22.321],[-7.2,-3.04],[-32.24,-14.881],[-6.08,-2.4],[-2.88,5.2],[18.72,9.04],[13.84,7.2],[5.44,3.599],[18.72,24.721],[4.8,4.8],[12.08,-1.84],[10.16,-12.56],[0,0],[15.68,-7.2],[0,0],[3.12,6],[13.28,-4.801],[4.24,-23.52]],"o":[[-5.44,11.44],[-16.88,15.68],[-6,4.8],[8.88,8.08],[8.48,-7.839],[20.72,-19.119],[3.6,-8.479],[2.4,0.641],[4.24,12.639],[8.56,-3.12],[0,0],[12.64,2.399],[4.24,-19.92],[4.8,0],[3.04,33.761],[5.44,5.441],[27.76,29.6],[6.64,6],[4.8,-4.879],[-7.68,-8.721],[-16.32,-17.52],[-3.6,-7.28],[0,0],[6,0],[17.52,22.319],[7.2,3.04],[44.64,20.479],[6,2.4],[3.04,-5.439],[-11.44,-5.519],[-13.84,-7.279],[-5.44,-3.601],[-18.72,-24.72],[-4.8,-4.8],[-10.8,1.6],[-15.76,19.52],[0,0],[-15.68,7.28],[0,0],[-7.84,-15.121],[-13.28,4.799],[-4.48,23.52]],"v":[[-251.4,96.12],[-320.2,167.32],[-380.52,222.841],[-385.32,248.2],[-354.52,238.52],[-292.36,183],[-222.36,109.4],[-181.32,-122.92],[-171.08,-93.319],[-152.76,-80.44],[-144.28,-95.319],[-133,-84.279],[-115.48,-100.6],[-105.24,-136.199],[-96.2,-66.84],[-81.72,57.48],[-3.24,148.6],[83.08,238.52],[107.8,244.52],[99.96,217.961],[19.08,124.44],[-54.52,39.961],[-73.8,-154.92],[-29.72,-209.24],[60.76,-112.119],[156.68,3.16],[268.28,53.881],[375.72,101.56],[393.24,97.32],[375.16,73.16],[264.76,17.08],[177.88,-23.319],[80.12,-137.96],[-10.36,-241.16],[-32.68,-254.44],[-63.56,-224.36],[-92.44,-183.88],[-119.56,-186.92],[-145.48,-121.72],[-160.6,-157.319],[-191.4,-177.239],[-214.92,-131.96]],"c":true}]},{"i":{"x":0.833,"y":0.833},"o":{"x":0.167,"y":0.167},"t":36,"s":[{"i":[[5.44,-11.439],[16.88,-15.679],[6,-4.8],[-10.96,-9.92],[-6.24,5.84],[-24.16,22.32],[-3.6,8.401],[-5.65,-1.824],[-1.795,-6.852],[-6.224,1.803],[0,0],[-9.929,-2.589],[-2.934,10.308],[-4.789,-0.324],[-0.755,-33.888],[-5.44,-5.44],[-28.08,-29.919],[-6.64,-6.08],[-4.8,4.88],[9.04,10.239],[16.32,17.521],[3.6,7.199],[0,0],[-6.066,-0.41],[-15.894,-23.447],[-7.2,-3.04],[-32.24,-14.881],[-6.08,-2.4],[-2.88,5.2],[18.72,9.04],[13.84,7.2],[5.44,3.599],[17.01,25.928],[4.465,5.113],[12.177,-1.021],[10.973,-11.856],[0,0],[16.13,-6.125],[0,0],[2.701,6.2],[13.574,-3.892],[5.817,-23.18]],"o":[[-5.44,11.44],[-16.88,15.68],[-6,4.8],[8.88,8.08],[8.48,-7.839],[20.72,-19.119],[3.6,-8.479],[2.351,0.801],[3.377,12.896],[8.751,-2.535],[0,0],[12.449,3.246],[5.575,-19.589],[4.789,0.324],[0.755,33.889],[5.44,5.441],[27.76,29.6],[6.64,6],[4.8,-4.879],[-7.68,-8.721],[-16.32,-17.52],[-3.6,-7.28],[0,0],[5.986,0.405],[15.974,23.45],[7.2,3.04],[44.64,20.479],[6,2.4],[3.04,-5.439],[-11.44,-5.519],[-13.84,-7.279],[-5.44,-3.601],[-17.009,-25.927],[-4.465,-5.113],[-10.883,0.868],[-17.041,18.412],[0,0],[-16.135,6.205],[0,0],[-6.802,-15.616],[-13.574,3.892],[-6.057,23.164]],"v":[[-251.4,96.12],[-320.2,167.32],[-380.52,222.841],[-385.32,248.2],[-354.52,238.52],[-292.36,183],[-222.36,109.4],[-157.359,-142.358],[-149.14,-112.133],[-131.73,-98.047],[-122.266,-112.32],[-111.756,-100.544],[-93.175,-115.646],[-80.556,-150.473],[-76.217,-80.662],[-81.72,57.48],[-3.24,148.6],[83.08,238.52],[107.8,244.52],[99.96,217.961],[19.08,124.44],[-54.52,39.961],[-47.924,-167.029],[-0.279,-218.251],[83.441,-115.246],[156.68,3.16],[268.28,53.881],[375.72,101.56],[393.24,97.32],[375.16,73.16],[264.76,17.08],[177.88,-23.319],[104.5,-139.721],[21.19,-248.792],[-0.183,-263.548],[-33.022,-235.62],[-64.568,-197.181],[-91.421,-202.044],[-121.681,-138.742],[-134.365,-175.28],[-163.75,-197.233],[-190.272,-153.645]],"c":true}]},{"i":{"x":0.833,"y":0.833},"o":{"x":0.167,"y":0.167},"t":48,"s":[{"i":[[5.44,-11.439],[16.88,-15.679],[6,-4.8],[-10.96,-9.92],[-6.24,5.84],[-24.16,22.32],[-3.6,8.401],[-5.76,-1.439],[-2.24,-6.72],[-6.08,2.241],[0,0],[-10.08,-1.92],[-2.24,10.481],[-4.8,0],[-3.04,-33.76],[-5.44,-5.44],[-28.08,-29.919],[-6.64,-6.08],[-4.8,4.88],[9.04,10.239],[16.32,17.521],[3.6,7.199],[0,0],[-6.08,0],[-17.44,-22.321],[-7.2,-3.04],[-32.24,-14.881],[-6.08,-2.4],[-2.88,5.2],[18.72,9.04],[13.84,7.2],[5.44,3.599],[18.72,24.721],[4.8,4.8],[12.08,-1.84],[10.16,-12.56],[0,0],[15.68,-7.2],[0,0],[3.12,6],[13.28,-4.801],[4.24,-23.52]],"o":[[-5.44,11.44],[-16.88,15.68],[-6,4.8],[8.88,8.08],[8.48,-7.839],[20.72,-19.119],[3.6,-8.479],[2.4,0.641],[4.24,12.639],[8.56,-3.12],[0,0],[12.64,2.399],[4.24,-19.92],[4.8,0],[3.04,33.761],[5.44,5.441],[27.76,29.6],[6.64,6],[4.8,-4.879],[-7.68,-8.721],[-16.32,-17.52],[-3.6,-7.28],[0,0],[6,0],[17.52,22.319],[7.2,3.04],[44.64,20.479],[6,2.4],[3.04,-5.439],[-11.44,-5.519],[-13.84,-7.279],[-5.44,-3.601],[-18.72,-24.72],[-4.8,-4.8],[-10.8,1.6],[-15.76,19.52],[0,0],[-15.68,7.28],[0,0],[-7.84,-15.121],[-13.28,4.799],[-4.48,23.52]],"v":[[-251.4,96.12],[-320.2,167.32],[-380.52,222.841],[-385.32,248.2],[-354.52,238.52],[-292.36,183],[-222.36,109.4],[-181.32,-132.92],[-171.08,-103.319],[-152.76,-90.44],[-144.28,-105.319],[-133,-94.279],[-115.48,-110.6],[-105.24,-146.199],[-96.2,-76.84],[-81.72,57.48],[-3.24,148.6],[83.08,238.52],[107.8,244.52],[99.96,217.961],[19.08,124.44],[-54.52,39.961],[-73.8,-164.92],[-29.72,-219.24],[63.76,-116.619],[156.68,3.16],[268.28,53.881],[375.72,101.56],[393.24,97.32],[375.16,73.16],[264.76,17.08],[177.88,-23.319],[83.12,-142.46],[-10.36,-251.16],[-32.68,-264.44],[-63.56,-234.36],[-92.44,-193.88],[-119.56,-196.92],[-145.48,-131.72],[-160.6,-167.319],[-191.4,-187.239],[-214.92,-131.96]],"c":true}]},{"i":{"x":0.833,"y":0.833},"o":{"x":0.167,"y":0.167},"t":60,"s":[{"i":[[5.44,-11.439],[16.88,-15.679],[6,-4.8],[-10.96,-9.92],[-6.24,5.84],[-24.16,22.32],[-3.6,8.401],[-5.864,-0.927],[-2.835,-6.492],[-5.869,2.746],[0,0],[-10.21,-1.02],[-1.301,10.638],[-4.781,0.422],[-5.996,-33.362],[-5.44,-5.44],[-28.08,-29.919],[-6.64,-6.08],[-4.8,4.88],[9.04,10.239],[16.32,17.521],[3.6,7.199],[0,0],[-6.056,0.535],[-19.434,-20.609],[-7.2,-3.04],[-32.24,-14.881],[-6.08,-2.4],[-2.88,5.2],[18.72,9.04],[13.84,7.2],[5.44,3.599],[20.931,22.879],[5.203,4.359],[11.871,-2.895],[9.004,-13.413],[0,0],[14.986,-8.551],[0,0],[3.629,5.707],[12.807,-5.948],[2.156,-23.802]],"o":[[-5.44,11.44],[-16.88,15.68],[-6,4.8],[8.88,8.08],[8.48,-7.839],[20.72,-19.119],[3.6,-8.479],[2.447,0.428],[5.335,12.217],[8.253,-3.86],[0,0],[12.802,1.278],[2.472,-20.216],[4.781,-0.422],[5.996,33.363],[5.44,5.441],[27.76,29.6],[6.64,6],[4.8,-4.879],[-7.68,-8.721],[-16.32,-17.52],[-3.6,-7.28],[0,0],[5.977,-0.527],[19.513,20.599],[7.2,3.04],[44.64,20.479],[6,2.4],[3.04,-5.439],[-11.44,-5.519],[-13.84,-7.279],[-5.44,-3.601],[-20.93,-22.879],[-5.203,-4.359],[-10.618,2.543],[-13.983,20.83],[0,0],[-14.979,8.63],[0,0],[-9.139,-14.373],[-12.807,5.948],[-2.395,23.823]],"v":[[-251.4,96.12],[-320.2,167.32],[-380.52,222.841],[-385.32,248.2],[-354.52,238.52],[-292.36,183],[-222.36,109.4],[-196.671,-137.662],[-183.868,-109.076],[-164.486,-97.857],[-157.347,-113.424],[-145.14,-103.419],[-129.123,-121.217],[-122.053,-157.578],[-106.95,-89.283],[-81.72,57.48],[-3.24,148.6],[83.08,238.52],[107.8,244.52],[99.96,217.961],[19.08,124.44],[-54.52,39.961],[-92.38,-178.991],[-53.247,-236.976],[47.451,-146.178],[156.68,3.16],[268.28,53.881],[375.72,101.56],[393.24,97.32],[375.16,73.16],[264.76,17.08],[177.88,-23.319],[64.333,-173.702],[-36.768,-270.474],[-60.169,-281.741],[-88.285,-249.062],[-113.494,-206.2],[-140.776,-206.844],[-160.864,-139.617],[-179.055,-173.749],[-211.487,-190.884],[-230.935,-143.713]],"c":true}]},{"i":{"x":0.833,"y":0.833},"o":{"x":0.167,"y":0.167},"t":72,"s":[{"i":[[5.44,-11.439],[16.88,-15.679],[6,-4.8],[-10.96,-9.92],[-6.24,5.84],[-24.16,22.32],[-3.6,8.401],[-5.835,-1.096],[-2.646,-6.571],[-5.946,2.575],[0,0],[-10.177,-1.314],[-1.608,10.596],[-4.792,0.284],[-5.029,-33.521],[-5.44,-5.44],[-28.08,-29.919],[-6.64,-6.08],[-4.8,4.88],[9.04,10.239],[16.32,17.521],[3.6,7.199],[0,0],[-6.069,0.359],[-18.829,-21.162],[-7.2,-3.04],[-32.24,-14.881],[-6.08,-2.4],[-2.88,5.2],[18.72,9.04],[13.84,7.2],[5.44,3.599],[20.261,23.475],[5.075,4.508],[11.95,-2.55],[9.388,-13.147],[0,0],[15.227,-8.114],[0,0],[3.462,5.809],[12.974,-5.575],[2.843,-23.729]],"o":[[-5.44,11.44],[-16.88,15.68],[-6,4.8],[8.88,8.08],[8.48,-7.839],[20.72,-19.119],[3.6,-8.479],[2.434,0.498],[4.979,12.366],[8.361,-3.62],[0,0],[12.76,1.648],[3.056,-20.136],[4.792,-0.284],[5.029,33.522],[5.44,5.441],[27.76,29.6],[6.64,6],[4.8,-4.879],[-7.68,-8.721],[-16.32,-17.52],[-3.6,-7.28],[0,0],[5.99,-0.354],[18.909,21.155],[7.2,3.04],[44.64,20.479],[6,2.4],[3.04,-5.439],[-11.44,-5.519],[-13.84,-7.279],[-5.44,-3.601],[-20.26,-23.474],[-5.075,-4.508],[-10.687,2.235],[-14.579,20.417],[0,0],[-15.223,8.194],[0,0],[-8.72,-14.631],[-12.973,5.575],[-3.083,23.744]],"v":[[-251.4,96.12],[-320.2,167.32],[-380.52,222.841],[-385.32,248.2],[-354.52,238.52],[-292.36,183],[-222.36,109.4],[-183.084,-109.536],[-171.113,-80.591],[-152.064,-68.817],[-144.478,-84.171],[-132.565,-73.817],[-116.04,-91.144],[-107.921,-127.286],[-94.799,-58.582],[-81.72,57.48],[-3.24,148.6],[83.08,238.52],[107.8,244.52],[99.96,217.961],[19.08,124.44],[-54.52,39.961],[-77.642,-147.832],[-36.848,-204.661],[61.183,-110.989],[156.68,3.16],[268.28,53.881],[375.72,101.56],[393.24,97.32],[375.16,73.16],[264.76,17.08],[177.88,-23.319],[78.853,-138.013],[-19.407,-237.668],[-42.472,-249.607],[-71.522,-217.755],[-97.96,-175.64],[-125.212,-177.072],[-147.235,-110.455],[-164.432,-145.099],[-196.355,-163.165],[-217.159,-116.575]],"c":true}]},{"t":84,"s":[{"i":[[5.44,-11.439],[16.88,-15.679],[6,-4.8],[-10.96,-9.92],[-6.24,5.84],[-24.16,22.32],[-3.6,8.401],[-5.76,-1.439],[-2.24,-6.72],[-6.08,2.241],[0,0],[-10.08,-1.92],[-2.24,10.481],[-4.8,0],[-3.04,-33.76],[-5.44,-5.44],[-28.08,-29.919],[-6.64,-6.08],[-4.8,4.88],[9.04,10.239],[16.32,17.521],[3.6,7.199],[0,0],[-6.08,0],[-17.44,-22.321],[-7.2,-3.04],[-32.24,-14.881],[-6.08,-2.4],[-2.88,5.2],[18.72,9.04],[13.84,7.2],[5.44,3.599],[18.72,24.721],[4.8,4.8],[12.08,-1.84],[10.16,-12.56],[0,0],[15.68,-7.2],[0,0],[3.12,6],[13.28,-4.801],[4.24,-23.52]],"o":[[-5.44,11.44],[-16.88,15.68],[-6,4.8],[8.88,8.08],[8.48,-7.839],[20.72,-19.119],[3.6,-8.479],[2.4,0.641],[4.24,12.639],[8.56,-3.12],[0,0],[12.64,2.399],[4.24,-19.92],[4.8,0],[3.04,33.761],[5.44,5.441],[27.76,29.6],[6.64,6],[4.8,-4.879],[-7.68,-8.721],[-16.32,-17.52],[-3.6,-7.28],[0,0],[6,0],[17.52,22.319],[7.2,3.04],[44.64,20.479],[6,2.4],[3.04,-5.439],[-11.44,-5.519],[-13.84,-7.279],[-5.44,-3.601],[-18.72,-24.72],[-4.8,-4.8],[-10.8,1.6],[-15.76,19.52],[0,0],[-15.68,7.28],[0,0],[-7.84,-15.121],[-13.28,4.799],[-4.48,23.52]],"v":[[-251.4,96.12],[-320.2,167.32],[-380.52,222.841],[-385.32,248.2],[-354.52,238.52],[-292.36,183],[-222.36,109.4],[-181.32,-122.92],[-171.08,-93.319],[-152.76,-80.44],[-144.28,-95.319],[-133,-84.279],[-115.48,-100.6],[-105.24,-136.199],[-96.2,-66.84],[-81.72,57.48],[-3.24,148.6],[83.08,238.52],[107.8,244.52],[99.96,217.961],[19.08,124.44],[-54.52,39.961],[-73.8,-154.92],[-29.72,-209.24],[60.76,-112.119],[156.68,3.16],[268.28,53.881],[375.72,101.56],[393.24,97.32],[375.16,73.16],[264.76,17.08],[177.88,-23.319],[80.12,-137.96],[-10.36,-241.16],[-32.68,-254.44],[-63.56,-224.36],[-92.44,-183.88],[-119.56,-186.92],[-145.48,-121.72],[-160.6,-157.319],[-191.4,-177.239],[-214.92,-131.96]],"c":true}]}],"ix":2},"nm":"Path 1","mn":"ADBE Vector Shape - Group","hd":false},{"ty":"fl","c":{"a":0,"k":[0.517999985639,0.517999985639,0.517999985639,1],"ix":4},"o":{"a":0,"k":100,"ix":5},"r":1,"bm":0,"nm":"Fill 1","mn":"ADBE Vector Graphic - Fill","hd":false},{"ty":"tr","p":{"a":0,"k":[396.53,256.53],"ix":2},"a":{"a":0,"k":[0,0],"ix":1},"s":{"a":0,"k":[100,100],"ix":3},"r":{"a":0,"k":0,"ix":6},"o":{"a":0,"k":100,"ix":7},"sk":{"a":0,"k":0,"ix":4},"sa":{"a":0,"k":0,"ix":5},"nm":"Transform"}],"nm":"Group 1","np":2,"cix":2,"bm":0,"ix":1,"mn":"ADBE Vector Group","hd":false}],"ip":0,"op":108,"st":0,"bm":0},{"ddd":0,"ind":3,"ty":4,"nm":"eye ","parent":5,"sr":1,"ks":{"o":{"a":0,"k":100,"ix":11},"r":{"a":0,"k":0,"ix":10},"p":{"a":0,"k":[262.25,119.01,0],"ix":2,"l":2},"a":{"a":0,"k":[34.65,36.93,0],"ix":1,"l":2},"s":{"a":0,"k":[100,100,100],"ix":6,"l":2}},"ao":0,"shapes":[{"ty":"gr","it":[{"ind":0,"ty":"sh","ix":1,"ks":{"a":1,"k":[{"i":{"x":0.833,"y":0.833},"o":{"x":0.167,"y":0.167},"t":36,"s":[{"i":[[7.2,-16.159],[15.68,6.96],[-4.08,17.2],[-18.24,-7.68]],"o":[[-7.2,16.16],[-15.68,-6.96],[3.92,-16.8],[19.36,7.921]],"v":[[27.2,15.959],[-13.6,29.721],[-30.32,-8.92],[14.32,-29.001]],"c":true}]},{"i":{"x":0.833,"y":0.833},"o":{"x":0.167,"y":0.167},"t":42,"s":[{"i":[[7.2,-16.159],[15.68,6.96],[-4.08,17.2],[-18.24,-7.68]],"o":[[-7.2,16.16],[-15.68,-6.96],[3.92,-16.8],[19.36,7.921]],"v":[[31.613,23.739],[-9.187,37.5],[-25.907,-1.141],[18.733,-21.221]],"c":true}]},{"i":{"x":0.833,"y":0.833},"o":{"x":0.167,"y":0.167},"t":48,"s":[{"i":[[11.206,-25.012],[24.406,10.773],[-6.351,26.623],[-28.391,-11.887]],"o":[[-11.207,25.013],[-24.406,-10.773],[6.102,-26.004],[30.134,12.26]],"v":[[66.875,27.891],[3.369,49.191],[-22.656,-10.619],[46.827,-41.699]],"c":true}]},{"t":60,"s":[{"i":[[7.2,-16.159],[15.68,6.96],[-4.08,17.2],[-18.24,-7.68]],"o":[[-7.2,16.16],[-15.68,-6.96],[3.92,-16.8],[19.36,7.921]],"v":[[27.2,15.959],[-13.6,29.721],[-30.32,-8.92],[14.32,-29.001]],"c":true}]}],"ix":2},"nm":"Path 1","mn":"ADBE Vector Shape - Group","hd":false},{"ty":"fl","c":{"a":0,"k":[0.008000000785,0.008000000785,0.016000001571,1],"ix":4},"o":{"a":0,"k":100,"ix":5},"r":1,"bm":0,"nm":"Fill 1","mn":"ADBE Vector Graphic - Fill","hd":false},{"ty":"tr","p":{"a":0,"k":[34.65,36.931],"ix":2},"a":{"a":0,"k":[0,0],"ix":1},"s":{"a":0,"k":[100,100],"ix":3},"r":{"a":0,"k":0,"ix":6},"o":{"a":0,"k":100,"ix":7},"sk":{"a":0,"k":0,"ix":4},"sa":{"a":0,"k":0,"ix":5},"nm":"Transform"}],"nm":"Group 1","np":2,"cix":2,"bm":0,"ix":1,"mn":"ADBE Vector Group","hd":false}],"ip":0,"op":108,"st":0,"bm":0},{"ddd":0,"ind":4,"ty":4,"nm":"bulb","parent":5,"sr":1,"ks":{"o":{"a":0,"k":100,"ix":11},"r":{"a":0,"k":-3,"ix":10},"p":{"a":0,"k":[19.752,415.463,0],"ix":2,"l":2},"a":{"a":0,"k":[-396.018,331.387,0],"ix":1,"l":2},"s":{"a":0,"k":[100,100,100],"ix":6,"l":2}},"ao":0,"shapes":[{"ty":"gr","it":[{"ind":0,"ty":"sh","ix":1,"ks":{"a":1,"k":[{"i":{"x":0.833,"y":0.833},"o":{"x":0.167,"y":0.167},"t":12,"s":[{"i":[[9.878,-20.494],[5.502,-12.002],[-2.373,-6.275],[-2.037,-1.286],[-2.681,-0.127],[-2.264,0.57],[-6.841,10.357],[-4.571,7.825]],"o":[[-5.425,11.256],[-5.502,12.002],[0.892,2.36],[1.939,1.224],[1.993,0.094],[8.513,-2.144],[6.841,-10.357],[8.962,-15.34]],"v":[[-387.563,218.955],[-404.432,251.153],[-409.626,279.773],[-405.148,285.277],[-398.147,287.334],[-391.732,286.632],[-371.297,261.333],[-354.657,231.373]],"c":true}]},{"i":{"x":0.833,"y":0.833},"o":{"x":0.167,"y":0.167},"t":24,"s":[{"i":[[8.483,-21.109],[9.827,-9.161],[-6.983,-7.749],[-9.626,-2.309],[-8.851,-0.664],[-3.289,0.816],[4.936,16.183],[-3.246,11.433]],"o":[[-4.659,11.594],[-13.046,12.162],[2.626,2.915],[9.159,2.197],[6.579,0.493],[12.365,-3.069],[-4.936,-16.183],[4.852,-17.091]],"v":[[-389.617,253.467],[-415.499,271.55],[-423.689,312.539],[-403.431,320.653],[-374.796,325.186],[-359.329,324.8],[-346.085,289.492],[-350.352,261.36]],"c":true}]},{"i":{"x":0.833,"y":0.833},"o":{"x":0.167,"y":0.167},"t":30,"s":[{"i":[[12.784,-19.735],[16.141,-8.537],[-9.394,-23.543],[0.254,-9.607],[-5.872,12.252],[-8.761,5.113],[3.793,14.958],[-5.515,10.967]],"o":[[-7.021,10.839],[-16.857,9.372],[4.701,12.277],[-0.373,9.593],[6.193,-15.198],[21.088,-12.055],[-2.856,-10.062],[8.244,-16.394]],"v":[[-369.187,203.926],[-402.482,226.994],[-418.968,287.175],[-410.43,330.327],[-376.117,336.692],[-350.184,306.326],[-331.656,258.869],[-334.599,225.676]],"c":true}]},{"i":{"x":0.833,"y":0.833},"o":{"x":0.167,"y":0.167},"t":32,"s":[{"i":[[16.413,-17.814],[19.156,-6.55],[-7.692,-29.75],[4.543,-12.09],[-6.09,15.813],[-11.078,5.602],[1.696,14.937],[-7.493,10.176]],"o":[[-9.014,9.784],[-19.156,6.55],[4.1,15.857],[-4.543,12.09],[7.574,-19.667],[25.172,-12.728],[-0.946,-8.333],[11.201,-15.211]],"v":[[-351.158,168.468],[-384.801,191.689],[-408.1,259.143],[-408.694,314.147],[-373.311,324.904],[-340.172,288.228],[-317.196,236.063],[-320.29,198.383]],"c":true}]},{"i":{"x":0.833,"y":0.833},"o":{"x":0.167,"y":0.167},"t":36,"s":[{"i":[[25.087,-14.234],[17.467,-1.153],[6.199,-28.035],[4.465,-14.804],[-9.875,25.879],[-21.673,-0.435],[-6.605,20.392],[-12.144,8.812]],"o":[[-13.779,7.818],[-23.189,1.53],[-4.538,20.524],[-6.541,21.691],[6.342,-16.619],[27.094,0.544],[5.143,-15.877],[18.153,-13.172]],"v":[[-257.655,103.36],[-308.852,105.627],[-357.699,150.285],[-377.497,223.226],[-337.651,230.104],[-298.594,209.456],[-242.643,178.877],[-230.17,136.689]],"c":true}]},{"i":{"x":0.833,"y":0.833},"o":{"x":0.167,"y":0.167},"t":40,"s":[{"i":[[25.087,-14.234],[17.467,-1.153],[3.533,-32.452],[10.216,-10.398],[-19.94,15.045],[-21.622,-1.153],[-4.682,21.461],[-12.144,8.812]],"o":[[-13.779,7.818],[-23.189,1.53],[-2.72,20.683],[-14.968,15.235],[10.886,-9.593],[29.171,1.698],[3.625,-16.144],[18.153,-13.172]],"v":[[-208.155,72.193],[-260.852,69.794],[-309.866,116.619],[-337.475,164.654],[-308.324,193.882],[-247.927,183.122],[-193.143,147.71],[-180.67,105.523]],"c":true}]},{"i":{"x":0.833,"y":0.833},"o":{"x":0.167,"y":0.167},"t":42,"s":[{"i":[[25.087,-14.234],[20.367,-0.356],[6.051,-18.715],[11.319,-9.838],[-22.406,12.876],[-22.633,5.069],[-7.108,22.873],[-12.144,8.812]],"o":[[-13.779,7.818],[-35.649,0.623],[-6.051,18.715],[-16.585,14.415],[11.542,-7.829],[26.594,-5.956],[4.798,-15.441],[18.153,-13.172]],"v":[[-183.405,56.61],[-223.852,69.877],[-281.949,112.785],[-316.022,154.625],[-291.707,187.361],[-233.094,156.456],[-181.893,119.627],[-155.92,89.939]],"c":true}]},{"i":{"x":0.833,"y":0.833},"o":{"x":0.167,"y":0.167},"t":46,"s":[{"i":[[25.087,-14.234],[22.185,18.039],[24.698,-28.452],[10.512,-10.893],[-22.312,14.221],[-30.073,17.211],[-1.433,24.292],[-12.144,8.812]],"o":[[-13.779,7.818],[-23.243,-18.899],[-15.023,17.306],[-15.402,15.96],[10.812,-7.732],[35.699,-20.431],[0.976,-16.544],[18.153,-13.172]],"v":[[-158.655,41.027],[-183.352,55.961],[-265.033,115.952],[-310.943,160.961],[-285.907,190.315],[-226.761,149.289],[-157.143,97.544],[-131.17,74.356]],"c":true}]},{"t":48,"s":[{"i":[[25.087,-14.234],[17.467,-1.153],[-1.801,-41.285],[10.682,-11.18],[-24.414,13.085],[-21.522,-2.587],[-0.835,23.598],[-12.144,8.812]],"o":[[-13.779,7.818],[-23.189,1.53],[0.916,21],[-15.651,16.381],[10.602,-5.682],[33.324,4.005],[0.59,-16.679],[18.153,-13.172]],"v":[[-109.155,9.86],[-164.852,-1.873],[-214.199,49.285],[-215.519,94.012],[-192.102,127.682],[-146.594,130.456],[-94.143,85.377],[-81.67,43.189]],"c":true}]}],"ix":2},"nm":"Path 1","mn":"ADBE Vector Shape - Group","hd":false},{"ty":"fl","c":{"a":0,"k":[0.368999974868,0.39199999641,0.404000016755,1],"ix":4},"o":{"a":0,"k":100,"ix":5},"r":1,"bm":0,"nm":"Fill 1","mn":"ADBE Vector Graphic - Fill","hd":false},{"ty":"tr","p":{"a":0,"k":[0,0],"ix":2},"a":{"a":0,"k":[0,0],"ix":1},"s":{"a":0,"k":[100,100],"ix":3},"r":{"a":0,"k":0,"ix":6},"o":{"a":0,"k":100,"ix":7},"sk":{"a":0,"k":0,"ix":4},"sa":{"a":0,"k":0,"ix":5},"nm":"Transform"}],"nm":"Shape 1","np":3,"cix":2,"bm":0,"ix":1,"mn":"ADBE Vector Group","hd":false}],"ip":12,"op":50,"st":0,"bm":0},{"ddd":0,"ind":5,"ty":4,"nm":"HEAD","sr":1,"ks":{"o":{"a":0,"k":100,"ix":11},"r":{"a":1,"k":[{"i":{"x":[0.667],"y":[1]},"o":{"x":[0.333],"y":[0]},"t":0,"s":[0]},{"i":{"x":[0.667],"y":[1]},"o":{"x":[0.333],"y":[0]},"t":12,"s":[-3]},{"i":{"x":[0.667],"y":[1]},"o":{"x":[0.333],"y":[0]},"t":36,"s":[3]},{"i":{"x":[0.667],"y":[1]},"o":{"x":[0.333],"y":[0]},"t":48,"s":[3]},{"i":{"x":[0.667],"y":[1]},"o":{"x":[0.333],"y":[0]},"t":72,"s":[-3]},{"i":{"x":[0.667],"y":[1]},"o":{"x":[0.333],"y":[0]},"t":84,"s":[0]},{"t":96,"s":[0]}],"ix":10},"p":{"a":1,"k":[{"i":{"x":0.667,"y":1},"o":{"x":0.333,"y":0},"t":0,"s":[453.449,538.04,0],"to":[0,0,0],"ti":[0,0,0]},{"i":{"x":0.833,"y":0.833},"o":{"x":0.333,"y":0},"t":12,"s":[447.449,553.04,0],"to":[0,0,0],"ti":[0,0,0]},{"i":{"x":0.667,"y":1},"o":{"x":0.167,"y":0.167},"t":24,"s":[453.449,538.04,0],"to":[0,0,0],"ti":[0,0,0]},{"i":{"x":0.667,"y":1},"o":{"x":0.333,"y":0},"t":36,"s":[480.449,516.04,0],"to":[0,0,0],"ti":[0,0,0]},{"i":{"x":0.833,"y":0.833},"o":{"x":0.333,"y":0},"t":48,"s":[452.449,525.04,0],"to":[0,0,0],"ti":[0,0,0]},{"i":{"x":0.667,"y":1},"o":{"x":0.167,"y":0.167},"t":60,"s":[439.449,533.04,0],"to":[0,0,0],"ti":[0,0,0]},{"i":{"x":0.667,"y":1},"o":{"x":0.333,"y":0},"t":72,"s":[447.449,553.04,0],"to":[0,0,0],"ti":[0,0,0]},{"i":{"x":0.667,"y":1},"o":{"x":0.333,"y":0},"t":84,"s":[453.449,541.04,0],"to":[0,0,0],"ti":[0,0,0]},{"t":96,"s":[453.449,538.04,0]}],"ix":2,"l":2},"a":{"a":0,"k":[366.587,69.49,0],"ix":1,"l":2},"s":{"a":0,"k":[100,100,100],"ix":6,"l":2}},"ao":0,"shapes":[{"ty":"gr","it":[{"ind":0,"ty":"sh","ix":1,"ks":{"a":1,"k":[{"i":{"x":0.667,"y":1},"o":{"x":0.333,"y":0},"t":0,"s":[{"i":[[10.24,10.88],[0,0],[36.24,-9.6],[0,0],[45.6,-22.24],[0,0],[18.16,-15.84],[17.28,-51.92],[-2.917,-12.48],[-5.898,-2.398],[-4.575,4.639],[-5.889,15.839],[-7.28,9.68],[-20.24,13.681],[0,0],[-24.56,12.88],[0,0],[0,0],[0,0],[0,0],[0,0],[0,0],[0,0],[1.155,6.927]],"o":[[-7.92,-8.4],[0,0],[-36.24,9.6],[0,0],[-49.52,24.16],[0,0],[-18.08,15.68],[-8.995,26.986],[1.286,5.501],[6.197,2.514],[7.946,-8.056],[7.44,-20.08],[7.28,-9.68],[23.76,-16.08],[0,0],[30.56,-16.08],[0,0],[0,0],[0,0],[0,0],[0,0],[0,0],[0,0],[0,0]],"v":[[203.663,-179.12],[171.503,-197.44],[108.383,-196.64],[68.543,-150],[-5.057,-153.2],[-28.017,-59.04],[-157.617,34.8],[-200.258,127.76],[-213.481,187.468],[-203.057,199.36],[-187.07,195.337],[-167.217,155.12],[-131.777,70.24],[-64.177,20.72],[7.022,-31.599],[57.742,-38.4],[91.103,-83.04],[104.783,-81.84],[118.063,-110.8],[144.622,-77.04],[171.182,-79.44],[184.462,-103.599],[218.223,-136.16],[221.182,-152.559]],"c":true}]},{"i":{"x":0.833,"y":0.833},"o":{"x":0.333,"y":0},"t":12,"s":[{"i":[[10.24,10.88],[0,0],[36.24,-9.6],[0,0],[45.6,-22.24],[0,0],[5.631,-3.509],[14.606,-36.11],[-0.434,-11.389],[-5.664,-3.222],[-6.369,7.078],[-5.679,11.802],[-8.402,8.089],[-8.625,5.604],[0,0],[-24.56,12.88],[0,0],[0,0],[0,0],[0,0],[0,0],[0,0],[0,0],[1.155,6.927]],"o":[[-7.92,-8.4],[0,0],[-36.24,9.6],[0,0],[-49.52,24.16],[0,0],[-19.73,12.219],[-9.976,24.662],[0.204,5.355],[7.554,4.297],[6.762,-7.516],[10.899,-22.65],[4.768,-4.59],[28.676,-18.631],[0,0],[30.56,-16.08],[0,0],[0,0],[0,0],[0,0],[0,0],[0,0],[0,0],[0,0]],"v":[[203.662,-179.12],[171.502,-197.44],[108.382,-196.64],[68.542,-150],[-5.058,-153.2],[-28.017,-59.04],[-154.036,21.172],[-204.021,99.896],[-223.193,152.742],[-214.896,165.478],[-194.066,159.469],[-175.469,128.294],[-133.696,58.161],[-64.292,13.872],[7.022,-31.599],[57.742,-38.4],[91.102,-83.04],[104.782,-81.84],[118.062,-110.8],[144.622,-77.04],[171.182,-79.44],[184.462,-103.599],[218.222,-136.16],[221.182,-152.559]],"c":true}]},{"i":{"x":0.667,"y":1},"o":{"x":0.167,"y":0.167},"t":24,"s":[{"i":[[10.24,10.88],[0,0],[36.24,-9.6],[0,0],[45.6,-22.24],[0,0],[5.156,-4.498],[17.529,-51.642],[1.862,-6.956],[-21.485,-3.219],[-2.528,9.189],[-6.518,19.91],[-7.28,9.68],[-8.754,5.917],[0,0],[-24.56,12.88],[0,0],[0,0],[0,0],[0,0],[0,0],[0,0],[0,0],[1.155,6.927]],"o":[[-7.92,-8.4],[0,0],[-36.24,9.6],[0,0],[-49.52,24.16],[0,0],[-18.08,15.68],[-6.942,20.45],[-1.862,6.956],[22.358,3.35],[2.528,-9.189],[6.518,-19.91],[4.131,-5.493],[23.76,-16.08],[0,0],[30.56,-16.08],[0,0],[0,0],[0,0],[0,0],[0,0],[0,0],[0,0],[0,0]],"v":[[203.663,-179.12],[171.503,-197.44],[108.383,-196.64],[68.543,-150],[-5.057,-153.2],[-28.017,-59.04],[-157.617,34.8],[-202.008,134.26],[-213.337,175.754],[-201.307,199.86],[-175.727,184.399],[-163.967,146.37],[-131.777,70.24],[-64.177,20.72],[7.022,-31.599],[57.743,-38.4],[91.103,-83.04],[104.783,-81.84],[118.063,-110.8],[144.623,-77.04],[171.183,-79.44],[184.463,-103.599],[218.223,-136.16],[221.183,-152.559]],"c":true}]},{"i":{"x":0.833,"y":0.833},"o":{"x":0.333,"y":0},"t":36,"s":[{"i":[[10.24,10.88],[0,0],[36.24,-9.6],[0,0],[45.6,-22.24],[0,0],[18.16,-15.84],[14.607,-52.734],[-3.556,-12.314],[-6.016,-2.086],[-4.33,4.868],[-4.72,16.226],[-12.061,12.586],[-20.24,13.681],[0,0],[-24.56,12.88],[0,0],[0,0],[0,0],[0,0],[0,0],[0,0],[0,0],[1.155,6.927]],"o":[[-7.92,-8.4],[0,0],[-36.24,9.6],[0,0],[-49.52,24.16],[0,0],[-18.08,15.68],[-7.593,27.413],[1.567,5.427],[6.319,2.192],[7.52,-8.454],[15.545,-53.437],[8.38,-8.745],[23.76,-16.08],[0,0],[30.56,-16.08],[0,0],[0,0],[0,0],[0,0],[0,0],[0,0],[0,0],[0,0]],"v":[[203.662,-179.12],[171.502,-197.44],[108.382,-196.64],[68.542,-150],[-5.057,-153.2],[-28.017,-59.04],[-158.274,31.83],[-211.304,168.137],[-221.882,229.471],[-210.859,240.811],[-195.1,235.97],[-174.138,189.107],[-132.434,67.27],[-64.834,17.75],[7.022,-31.599],[57.742,-38.4],[91.102,-83.04],[104.782,-81.84],[118.062,-110.8],[144.622,-77.04],[171.182,-79.44],[184.462,-103.599],[218.222,-136.16],[221.182,-152.559]],"c":true}]},{"i":{"x":0.667,"y":1},"o":{"x":0.167,"y":0.167},"t":42,"s":[{"i":[[10.24,10.88],[5.435,1.005],[29.969,-7.983],[0,0],[37.217,-24.42],[1.092,-20.476],[31.247,-26.766],[14.607,-52.734],[-3.556,-12.314],[-6.016,-2.086],[-4.33,4.868],[-4.72,16.226],[-12.061,12.586],[-19.745,14.362],[-23.066,1.005],[-28.903,13.912],[0,0],[0,0],[0,0],[0,0],[0,0],[0,0],[0,0],[1.155,6.927]],"o":[[-7.92,-8.4],[-7.117,-1.315],[-36.223,9.664],[0,0],[-37.217,24.42],[-1.336,25.043],[-18.08,15.68],[-7.593,27.413],[1.567,5.427],[6.319,2.192],[7.52,-8.454],[15.545,-53.437],[8.38,-8.745],[26.405,-19.39],[13.844,-0.603],[33.55,-16.253],[0,0],[0,0],[0,0],[0,0],[0,0],[0,0],[0,0],[0,0]],"v":[[203.662,-179.12],[171.423,-196.56],[108.816,-195.536],[68.766,-150.512],[-10.024,-152.439],[-41.984,-62.814],[-150.786,40.951],[-198.032,163.436],[-208.137,224.244],[-197.114,235.584],[-181.355,230.743],[-160.866,184.406],[-124.946,76.391],[-61.59,27.093],[6.375,-15.293],[63.89,-30.962],[103.952,-76.704],[111.325,-76.425],[124.133,-109.616],[148.958,-75.515],[177.752,-78.282],[189.471,-113.124],[218.222,-136.16],[221.182,-152.559]],"c":true}]},{"i":{"x":0.833,"y":0.833},"o":{"x":0.333,"y":0},"t":48,"s":[{"i":[[10.24,10.88],[10.87,2.009],[23.698,-6.367],[9.294,0.122],[33.356,-33.353],[1.581,-9.706],[44.335,-37.691],[14.607,-52.734],[-3.556,-12.314],[-6.016,-2.086],[-4.33,4.868],[-4.72,16.226],[-12.061,12.586],[-19.25,15.042],[-10.258,2.167],[-33.245,14.944],[0,0],[0,0],[0,0],[0,0],[0,0],[0,0],[0,0],[1.155,6.927]],"o":[[-7.92,-8.4],[-14.234,-2.631],[-36.206,9.727],[-9.294,-0.122],[-47.326,47.321],[-1.581,9.706],[-18.08,15.68],[-7.593,27.413],[1.567,5.427],[6.319,2.192],[7.52,-8.454],[15.545,-53.437],[8.38,-8.745],[29.049,-22.7],[10.258,-2.167],[36.541,-16.425],[0,0],[0,0],[0,0],[0,0],[0,0],[0,0],[0,0],[0,0]],"v":[[203.662,-179.12],[171.344,-195.679],[109.249,-194.432],[59.43,-180.565],[-16.989,-151.573],[-31.779,-44.824],[-143.299,50.072],[-184.76,158.734],[-194.891,219.044],[-183.868,230.384],[-168.109,225.543],[-147.594,179.705],[-117.459,85.512],[-58.347,36.436],[-0.631,-5.663],[72.82,-8.648],[116.801,-70.368],[117.867,-71.01],[130.203,-108.432],[153.294,-73.99],[184.322,-77.124],[194.479,-122.649],[218.222,-136.16],[221.182,-152.559]],"c":true}]},{"i":{"x":0.833,"y":0.833},"o":{"x":0.167,"y":0.167},"t":54,"s":[{"i":[[13.926,16.9],[18.459,-0.795],[16.265,-11.233],[6.843,-5.589],[37.482,-28.096],[0.791,-4.853],[31.247,-26.766],[15.944,-52.327],[-3.236,-12.397],[-5.957,-2.242],[-4.453,4.754],[-5.305,16.033],[-9.671,11.133],[-19.49,14.724],[-5.129,1.084],[-28.903,13.912],[0,0],[0,0],[0,0],[0,0],[0,0],[0,0],[-10.664,4.19],[1.643,13.954]],"o":[[-12.766,-15.66],[-24.536,1.092],[-22.519,12.914],[-6.843,5.589],[-47.814,36.917],[-0.791,4.853],[-18.08,15.68],[-8.294,27.2],[1.426,5.464],[6.258,2.353],[7.733,-8.255],[11.492,-36.759],[7.83,-9.212],[31.139,-23.48],[5.129,-1.084],[33.55,-16.253],[0,0],[0,0],[0,0],[0,0],[0,0],[0,0],[10.664,-4.19],[-1.066,-10.49]],"v":[[206.412,-199.12],[151.923,-230.56],[93.412,-216.413],[54.346,-181.62],[-12.523,-151.637],[-29.398,-49.932],[-142.208,48.686],[-185.214,146.978],[-196.034,209.958],[-185.311,221.574],[-169.437,217.142],[-150.111,171.144],[-116.368,84.126],[-57.762,32.828],[3.696,-16.631],[65.281,-23.524],[103.952,-76.704],[111.325,-76.425],[124.133,-109.616],[148.958,-75.515],[177.752,-78.282],[189.471,-106.124],[221.472,-112.66],[231.432,-149.809]],"c":true}]},{"i":{"x":0.667,"y":1},"o":{"x":0.167,"y":0.167},"t":60,"s":[{"i":[[17.612,22.92],[26.048,-3.6],[8.832,-16.1],[1.008,-19.04],[41.608,-22.84],[0,0],[18.16,-15.84],[17.28,-51.92],[-2.917,-12.48],[-5.898,-2.398],[-4.575,4.639],[-5.889,15.839],[-7.28,9.68],[-19.731,14.406],[0,0],[-24.56,12.88],[0,0],[0,0],[0,0],[0,0],[0,0],[0,0],[-21.328,8.38],[2.132,20.981]],"o":[[-17.612,-22.92],[-34.837,4.815],[-8.832,16.1],[-3.992,-1.04],[-48.301,26.514],[0,0],[-18.08,15.68],[-8.995,26.986],[1.286,5.501],[6.197,2.514],[7.946,-8.056],[7.44,-20.08],[7.28,-9.68],[33.228,-24.26],[0,0],[30.56,-16.08],[0,0],[0,0],[0,0],[0,0],[0,0],[0,0],[21.328,-8.38],[-2.132,-20.981]],"v":[[209.163,-219.12],[132.503,-265.44],[87.383,-207.64],[62.043,-153],[-8.057,-151.7],[-27.017,-55.04],[-141.117,47.3],[-186.758,132.76],[-199.981,192.468],[-189.557,204.36],[-173.57,200.337],[-153.717,160.12],[-115.277,82.74],[-57.177,29.22],[8.022,-27.599],[57.742,-38.4],[91.103,-83.04],[104.783,-81.84],[118.063,-110.8],[144.622,-77.04],[171.182,-79.44],[184.462,-89.599],[224.723,-89.16],[241.682,-147.059]],"c":true}]},{"i":{"x":0.667,"y":1},"o":{"x":0.333,"y":0},"t":72,"s":[{"i":[[10.24,10.88],[0,0],[36.24,-9.6],[0,0],[45.6,-22.24],[0,0],[5.631,-3.509],[14.606,-36.11],[-0.434,-11.389],[-5.664,-3.222],[-6.369,7.078],[-5.679,11.802],[-8.402,8.089],[-8.625,5.604],[0,0],[-24.56,12.88],[0,0],[0,0],[0,0],[0,0],[0,0],[0,0],[0,0],[1.155,6.927]],"o":[[-7.92,-8.4],[0,0],[-36.24,9.6],[0,0],[-49.52,24.16],[0,0],[-19.73,12.219],[-9.976,24.662],[0.204,5.355],[7.554,4.297],[6.762,-7.516],[10.899,-22.65],[4.768,-4.59],[28.676,-18.631],[0,0],[30.56,-16.08],[0,0],[0,0],[0,0],[0,0],[0,0],[0,0],[0,0],[0,0]],"v":[[203.662,-179.12],[171.502,-197.44],[108.382,-196.64],[68.542,-150],[-5.058,-153.2],[-28.017,-59.04],[-154.036,21.172],[-204.021,99.896],[-223.193,152.742],[-214.896,165.478],[-194.066,159.469],[-175.469,128.294],[-133.696,58.161],[-64.292,13.872],[7.022,-31.599],[57.742,-38.4],[91.102,-83.04],[104.782,-81.84],[118.062,-110.8],[144.622,-77.04],[171.182,-79.44],[184.462,-103.599],[218.222,-136.16],[221.182,-152.559]],"c":true}]},{"i":{"x":0.667,"y":1},"o":{"x":0.333,"y":0},"t":84,"s":[{"i":[[10.24,10.88],[0,0],[36.24,-9.6],[0,0],[45.6,-22.24],[0,0],[18.16,-15.84],[17.28,-51.92],[-2.917,-12.48],[-5.898,-2.398],[-4.575,4.639],[-5.889,15.839],[-7.28,9.68],[-20.24,13.681],[0,0],[-24.56,12.88],[0,0],[0,0],[0,0],[0,0],[0,0],[0,0],[0,0],[1.155,6.927]],"o":[[-7.92,-8.4],[0,0],[-36.24,9.6],[0,0],[-49.52,24.16],[0,0],[-18.08,15.68],[-8.995,26.986],[1.286,5.501],[6.197,2.514],[7.946,-8.056],[7.44,-20.08],[7.28,-9.68],[23.76,-16.08],[0,0],[30.56,-16.08],[0,0],[0,0],[0,0],[0,0],[0,0],[0,0],[0,0],[0,0]],"v":[[203.663,-179.12],[171.503,-197.44],[108.383,-196.64],[68.543,-150],[-5.057,-153.2],[-28.017,-59.04],[-157.617,33.8],[-200.258,126.01],[-213.481,185.218],[-203.557,196.61],[-187.57,192.587],[-167.717,152.87],[-131.777,69.24],[-64.177,20.72],[7.022,-31.599],[57.742,-38.4],[91.103,-83.04],[104.783,-81.84],[118.063,-110.8],[144.622,-77.04],[171.182,-79.44],[184.462,-103.599],[218.223,-136.16],[221.182,-152.559]],"c":true}]},{"t":96,"s":[{"i":[[10.24,10.88],[0,0],[36.24,-9.6],[0,0],[45.6,-22.24],[0,0],[18.16,-15.84],[17.28,-51.92],[-2.917,-12.48],[-5.898,-2.398],[-4.575,4.639],[-5.889,15.839],[-7.28,9.68],[-20.24,13.681],[0,0],[-24.56,12.88],[0,0],[0,0],[0,0],[0,0],[0,0],[0,0],[0,0],[1.155,6.927]],"o":[[-7.92,-8.4],[0,0],[-36.24,9.6],[0,0],[-49.52,24.16],[0,0],[-18.08,15.68],[-8.995,26.986],[1.286,5.501],[6.197,2.514],[7.946,-8.056],[7.44,-20.08],[7.28,-9.68],[23.76,-16.08],[0,0],[30.56,-16.08],[0,0],[0,0],[0,0],[0,0],[0,0],[0,0],[0,0],[0,0]],"v":[[203.663,-179.12],[171.503,-197.44],[108.383,-196.64],[68.543,-150],[-5.057,-153.2],[-28.017,-59.04],[-157.617,34.8],[-200.258,127.76],[-213.481,187.468],[-203.057,199.36],[-187.07,195.337],[-167.217,155.12],[-131.777,70.24],[-64.177,20.72],[7.022,-31.599],[57.742,-38.4],[91.103,-83.04],[104.783,-81.84],[118.063,-110.8],[144.622,-77.04],[171.182,-79.44],[184.462,-103.599],[218.223,-136.16],[221.182,-152.559]],"c":true}]}],"ix":2},"nm":"Path 1","mn":"ADBE Vector Shape - Group","hd":false},{"ty":"fl","c":{"a":0,"k":[0.368999974868,0.39199999641,0.404000016755,1],"ix":4},"o":{"a":0,"k":100,"ix":5},"r":1,"bm":0,"nm":"Fill 1","mn":"ADBE Vector Graphic - Fill","hd":false},{"ty":"tr","p":{"a":0,"k":[222.587,206.49],"ix":2},"a":{"a":0,"k":[0,0],"ix":1},"s":{"a":0,"k":[100,100],"ix":3},"r":{"a":0,"k":0,"ix":6},"o":{"a":0,"k":100,"ix":7},"sk":{"a":0,"k":0,"ix":4},"sa":{"a":0,"k":0,"ix":5},"nm":"Transform"}],"nm":"Group 1","np":2,"cix":2,"bm":0,"ix":1,"mn":"ADBE Vector Group","hd":false}],"ip":0,"op":108,"st":0,"bm":0},{"ddd":0,"ind":6,"ty":4,"nm":"wings 2","parent":5,"sr":1,"ks":{"o":{"a":0,"k":25,"ix":11},"r":{"a":1,"k":[{"i":{"x":[0.833],"y":[0.833]},"o":{"x":[0.167],"y":[0.167]},"t":48,"s":[-37.941]},{"i":{"x":[0.833],"y":[0.833]},"o":{"x":[0.167],"y":[0.167]},"t":52,"s":[-47.441]},{"i":{"x":[0.374],"y":[1]},"o":{"x":[0.167],"y":[0.167]},"t":56,"s":[-42.941]},{"i":{"x":[0.667],"y":[1]},"o":{"x":[0.642],"y":[0]},"t":60,"s":[-43.924]},{"t":72,"s":[-13.578]}],"ix":10},"p":{"a":1,"k":[{"i":{"x":0.833,"y":0.833},"o":{"x":0.167,"y":0.167},"t":48,"s":[417.336,17.051,0],"to":[0,0,0],"ti":[0,0,0]},{"i":{"x":0.667,"y":1},"o":{"x":0.167,"y":0.167},"t":56,"s":[417.336,17.051,0],"to":[0,0,0],"ti":[0,0,0]},{"i":{"x":0.667,"y":1},"o":{"x":0.333,"y":0},"t":60,"s":[388.326,0.684,0],"to":[0,0,0],"ti":[0,0,0]},{"t":72,"s":[431.107,21.045,0]}],"ix":2,"l":2},"a":{"a":0,"k":[38.229,371.644,0],"ix":1,"l":2},"s":{"a":0,"k":[100,100,100],"ix":6,"l":2}},"ao":0,"shapes":[{"ty":"gr","it":[{"ind":0,"ty":"sh","ix":1,"ks":{"a":1,"k":[{"i":{"x":0.667,"y":1},"o":{"x":0.167,"y":0.167},"t":48,"s":[{"i":[[-12.607,5.063],[-39.237,18.956],[-17.186,10.507],[12.206,23.693],[20.094,-6.194],[37.394,-19.292],[9.05,-5.177],[-5.946,-9.896]],"o":[[12.607,-5.063],[57.42,-27.741],[17.089,-10.448],[-12.206,-23.693],[-17.096,5.206],[-99.41,51.287],[-9.049,5.177],[7.695,12.807]],"v":[[-157.485,185.414],[-50.516,133.674],[203.778,-0.166],[252.315,-66.408],[177.659,-67.571],[99.848,-30.384],[-196.498,131.006],[-196.049,167.693]],"c":true}]},{"i":{"x":0.667,"y":1},"o":{"x":0.333,"y":0},"t":56,"s":[{"i":[[-11.244,7.624],[-32.56,28.961],[-14.56,13.92],[16.96,20.56],[18.32,-10.321],[0,0],[7.743,-6.982],[-7.92,-8.4]],"o":[[11.244,-7.625],[32.56,-28.96],[14.48,-13.839],[-16.96,-20.56],[-15.6,8.719],[0,0],[-7.743,6.981],[10.24,10.88]],"v":[[-153.248,173.028],[-57.329,101.828],[160.351,-85.052],[193.711,-160.093],[120.512,-145.372],[102.031,-133.533],[-202.929,128.149],[-194.697,163.903]],"c":true}]},{"i":{"x":0.667,"y":1},"o":{"x":0.333,"y":0},"t":60,"s":[{"i":[[-12.764,4.653],[-39.829,17.679],[-17.517,9.946],[11.434,24.075],[20.284,-5.542],[37.998,-18.074],[9.212,-4.882],[-5.623,-10.083]],"o":[[12.764,-4.653],[58.287,-25.872],[17.418,-9.89],[-11.434,-24.075],[-17.255,4.651],[-101.015,48.049],[-9.212,4.882],[7.278,13.049]],"v":[[-158.361,194.152],[-49.777,145.895],[208.708,20.339],[259.361,-44.3],[184.781,-47.874],[105.809,-13.221],[-195.597,138.511],[-196.333,175.193]],"c":true}]},{"t":72,"s":[{"i":[[-11.244,7.624],[-32.56,28.961],[-14.56,13.92],[16.96,20.56],[18.32,-10.321],[0,0],[7.743,-6.982],[-7.92,-8.4]],"o":[[11.244,-7.625],[32.56,-28.96],[14.48,-13.839],[-16.96,-20.56],[-15.6,8.719],[0,0],[-7.743,6.981],[10.24,10.88]],"v":[[-153.248,173.028],[-57.329,101.828],[160.351,-85.052],[193.711,-160.093],[120.512,-145.372],[102.031,-133.533],[-202.929,128.149],[-194.697,163.903]],"c":true}]}],"ix":2},"nm":"Path 1","mn":"ADBE Vector Shape - Group","hd":false},{"ty":"fl","c":{"a":0,"k":[0.352999997606,0.552999997606,0.569000004787,1],"ix":4},"o":{"a":0,"k":100,"ix":5},"r":1,"bm":0,"nm":"Fill 1","mn":"ADBE Vector Graphic - Fill","hd":false},{"ty":"tr","p":{"a":0,"k":[210.921,235.862],"ix":2},"a":{"a":0,"k":[0,0],"ix":1},"s":{"a":0,"k":[100,100],"ix":3},"r":{"a":0,"k":0,"ix":6},"o":{"a":0,"k":100,"ix":7},"sk":{"a":0,"k":0,"ix":4},"sa":{"a":0,"k":0,"ix":5},"nm":"Transform"}],"nm":"Group 1","np":2,"cix":2,"bm":0,"ix":1,"mn":"ADBE Vector Group","hd":false},{"ty":"gr","it":[{"ind":0,"ty":"sh","ix":1,"ks":{"a":1,"k":[{"i":{"x":0.667,"y":1},"o":{"x":0.167,"y":0.167},"t":48,"s":[{"i":[[0,0],[-0.522,11.883],[-25.201,44.143],[-13.895,19.033],[-22.424,-12.526],[4.671,-12.757],[0,0],[58.654,-75.931]],"o":[[0,0],[0.616,-11.821],[25.201,-44.143],[13.911,-18.955],[18.637,10.463],[-4.671,12.757],[0,0],[-58.654,75.931]],"v":[[-164.799,190.471],[-170.19,175.746],[-106.451,55.812],[24.639,-166.897],[89.814,-217.663],[95.82,-165.869],[80.066,-129.275],[-92.375,135.743]],"c":true}]},{"i":{"x":0.667,"y":1},"o":{"x":0.333,"y":0},"t":56,"s":[{"i":[[0,0],[-2.96,11.52],[-33.76,38],[-17.52,15.76],[-19.36,-16.88],[7.2,-11.52],[0,0],[73.046,-62.21]],"o":[[0,0],[3.04,-11.44],[33.76,-38],[17.52,-15.68],[16.08,14.08],[-7.2,11.52],[0,0],[-73.047,62.209]],"v":[[-172.08,161.644],[-174.32,146.124],[-92.88,41.724],[86.96,-148.996],[161.2,-185.236],[156.4,-133.316],[133.44,-100.756],[-86.589,139.907]],"c":true}]},{"i":{"x":0.667,"y":1},"o":{"x":0.333,"y":0},"t":60,"s":[{"i":[[0,0],[-0.266,11.891],[-24.245,44.676],[-13.482,19.328],[-22.688,-12.041],[4.395,-12.854],[0,0],[57.005,-77.177]],"o":[[0,0],[0.362,-11.831],[24.245,-44.676],[13.5,-19.25],[18.858,10.059],[-4.395,12.854],[0,0],[-57.005,77.177]],"v":[[-176.528,199.797],[-182.235,185.191],[-121.093,63.912],[5.173,-161.567],[69.239,-213.725],[76.359,-162.072],[61.396,-125.147],[-105.299,143.522]],"c":true}]},{"t":72,"s":[{"i":[[0,0],[-2.96,11.52],[-33.76,38],[-17.52,15.76],[-19.36,-16.88],[7.2,-11.52],[0,0],[73.046,-62.21]],"o":[[0,0],[3.04,-11.44],[33.76,-38],[17.52,-15.68],[16.08,14.08],[-7.2,11.52],[0,0],[-73.047,62.209]],"v":[[-172.08,161.644],[-174.32,146.124],[-92.88,41.724],[86.96,-148.996],[161.2,-185.236],[156.4,-133.316],[133.44,-100.756],[-86.589,139.907]],"c":true}]}],"ix":2},"nm":"Path 1","mn":"ADBE Vector Shape - Group","hd":false},{"ty":"fl","c":{"a":0,"k":[0.46699999641,0.658999992819,0.685999971278,1],"ix":4},"o":{"a":0,"k":100,"ix":5},"r":1,"bm":0,"nm":"Fill 1","mn":"ADBE Vector Graphic - Fill","hd":false},{"ty":"tr","p":{"a":0,"k":[180.073,202.366],"ix":2},"a":{"a":0,"k":[0,0],"ix":1},"s":{"a":0,"k":[100,100],"ix":3},"r":{"a":0,"k":0,"ix":6},"o":{"a":0,"k":100,"ix":7},"sk":{"a":0,"k":0,"ix":4},"sa":{"a":0,"k":0,"ix":5},"nm":"Transform"}],"nm":"Group 2","np":2,"cix":2,"bm":0,"ix":2,"mn":"ADBE Vector Group","hd":false}],"ip":48,"op":72,"st":0,"bm":0},{"ddd":0,"ind":7,"ty":4,"nm":"wings ","parent":5,"sr":1,"ks":{"o":{"a":0,"k":65,"ix":11},"r":{"a":1,"k":[{"i":{"x":[0.667],"y":[1]},"o":{"x":[0.333],"y":[0]},"t":0,"s":[0]},{"i":{"x":[0.667],"y":[1]},"o":{"x":[0.333],"y":[0]},"t":12,"s":[-0.949]},{"i":{"x":[0.667],"y":[1]},"o":{"x":[0.333],"y":[0]},"t":24,"s":[-10]},{"i":{"x":[0.87],"y":[0.799]},"o":{"x":[1],"y":[0]},"t":36,"s":[-5]},{"i":{"x":[0.715],"y":[3.916]},"o":{"x":[0.227],"y":[4.821]},"t":48,"s":[-37.941]},{"i":{"x":[0.729],"y":[0.577]},"o":{"x":[0.319],"y":[0.293]},"t":60,"s":[-40.333]},{"i":{"x":[0.667],"y":[1]},"o":{"x":[0.257],"y":[0.376]},"t":72,"s":[-13.578]},{"i":{"x":[0.667],"y":[1]},"o":{"x":[0.333],"y":[0]},"t":84,"s":[14.952]},{"t":96,"s":[0]}],"ix":10},"p":{"a":1,"k":[{"i":{"x":0.833,"y":0.833},"o":{"x":0.333,"y":0.333},"t":0,"s":[424.326,16.684,0],"to":[0,0,0],"ti":[0,0,0]},{"i":{"x":0.667,"y":0.667},"o":{"x":0.167,"y":0.167},"t":24,"s":[424.326,16.684,0],"to":[0,0,0],"ti":[0,0,0]},{"i":{"x":0.833,"y":0.833},"o":{"x":1,"y":0},"t":36,"s":[424.326,16.684,0],"to":[0,0,0],"ti":[0,0,0]},{"i":{"x":0.833,"y":0.833},"o":{"x":0.167,"y":0.167},"t":48,"s":[417.336,17.051,0],"to":[0,0,0],"ti":[0,0,0]},{"i":{"x":0.833,"y":0.833},"o":{"x":0.167,"y":0.167},"t":60,"s":[388.326,0.684,0],"to":[0,0,0],"ti":[0,0,0]},{"i":{"x":0.833,"y":0.833},"o":{"x":0.167,"y":0.167},"t":72,"s":[431.107,21.045,0],"to":[0,0,0],"ti":[0,0,0]},{"i":{"x":0.667,"y":0.667},"o":{"x":0.167,"y":0.167},"t":84,"s":[424.326,16.684,0],"to":[0,0,0],"ti":[0,0,0]},{"t":96,"s":[424.326,16.684,0]}],"ix":2,"l":2},"a":{"a":0,"k":[38.229,371.644,0],"ix":1,"l":2},"s":{"a":0,"k":[100,100,100],"ix":6,"l":2}},"ao":0,"shapes":[{"ty":"gr","it":[{"ind":0,"ty":"sh","ix":1,"ks":{"a":1,"k":[{"i":{"x":0.833,"y":0.833},"o":{"x":0.333,"y":0},"t":0,"s":[{"i":[[-11.244,7.624],[-32.56,28.961],[-14.56,13.92],[16.96,20.56],[18.32,-10.321],[0,0],[7.743,-6.982],[-7.92,-8.4]],"o":[[11.244,-7.625],[32.56,-28.96],[14.48,-13.839],[-16.96,-20.56],[-15.6,8.719],[0,0],[-7.743,6.981],[10.24,10.88]],"v":[[-153.248,173.028],[-57.329,101.828],[160.351,-85.052],[193.711,-160.093],[120.512,-145.372],[102.031,-133.533],[-202.929,128.149],[-194.697,163.903]],"c":true}]},{"i":{"x":0.667,"y":1},"o":{"x":0.167,"y":0.167},"t":24,"s":[{"i":[[-11.244,7.624],[-32.56,28.961],[-14.56,13.92],[16.96,20.56],[18.32,-10.321],[0,0],[7.743,-6.982],[-7.92,-8.4]],"o":[[11.244,-7.625],[32.56,-28.96],[14.48,-13.839],[-16.96,-20.56],[-15.6,8.719],[0,0],[-7.743,6.981],[10.24,10.88]],"v":[[-153.248,173.028],[-57.329,101.828],[160.351,-85.052],[193.711,-160.093],[120.512,-145.372],[102.031,-133.533],[-202.929,128.149],[-194.697,163.903]],"c":true}]},{"i":{"x":0.833,"y":0.833},"o":{"x":1,"y":0},"t":36,"s":[{"i":[[-11.417,7.364],[-33.219,28.203],[-14.879,13.578],[16.482,20.945],[18.553,-9.896],[33.055,-25.259],[7.902,-6.801],[-7.717,-8.587]],"o":[[11.417,-7.364],[33.219,-28.202],[14.795,-13.502],[-16.482,-20.945],[-15.797,8.357],[-33.055,25.259],[-7.902,6.801],[9.987,11.113]],"v":[[-150.037,177.382],[-52.502,108.41],[169.426,-73.405],[204.507,-147.656],[130.987,-134.626],[59.19,-83.168],[-198.669,131.369],[-191.264,167.303]],"c":true}]},{"i":{"x":0.667,"y":1},"o":{"x":0.167,"y":0.167},"t":48,"s":[{"i":[[-12.607,5.063],[-39.237,18.956],[-17.186,10.507],[12.206,23.693],[20.094,-6.194],[37.394,-19.292],[9.05,-5.177],[-5.946,-9.896]],"o":[[12.607,-5.063],[57.42,-27.741],[17.089,-10.448],[-12.206,-23.693],[-17.096,5.206],[-99.41,51.287],[-9.049,5.177],[7.695,12.807]],"v":[[-157.485,185.414],[-50.516,133.674],[203.778,-0.166],[252.315,-66.408],[177.659,-67.571],[99.848,-30.384],[-196.498,131.006],[-196.049,167.693]],"c":true}]},{"i":{"x":0.833,"y":0.833},"o":{"x":0.333,"y":0},"t":52,"s":[{"i":[[-11.244,7.624],[-32.56,28.961],[-14.56,13.92],[16.96,20.56],[18.32,-10.321],[0,0],[7.743,-6.982],[-7.92,-8.4]],"o":[[11.244,-7.625],[32.56,-28.96],[14.48,-13.839],[-16.96,-20.56],[-15.6,8.719],[0,0],[-7.743,6.981],[10.24,10.88]],"v":[[-153.248,173.028],[-57.329,101.828],[160.351,-85.052],[193.711,-160.093],[120.512,-145.372],[102.031,-133.533],[-202.929,128.149],[-194.697,163.903]],"c":true}]},{"i":{"x":0.667,"y":1},"o":{"x":0.167,"y":0.167},"t":56,"s":[{"i":[[-12.607,5.063],[-39.237,18.956],[-17.186,10.507],[12.206,23.693],[20.094,-6.194],[37.394,-19.292],[9.05,-5.177],[-5.946,-9.896]],"o":[[12.607,-5.063],[57.42,-27.741],[17.089,-10.448],[-12.206,-23.693],[-17.096,5.206],[-99.41,51.287],[-9.049,5.177],[7.695,12.807]],"v":[[-157.485,185.414],[-50.516,133.674],[203.778,-0.166],[252.315,-66.408],[177.659,-67.571],[99.848,-30.384],[-196.498,131.006],[-196.049,167.693]],"c":true}]},{"i":{"x":0.833,"y":0.833},"o":{"x":0.333,"y":0},"t":60,"s":[{"i":[[-11.244,7.624],[-32.56,28.961],[-14.56,13.92],[16.96,20.56],[18.32,-10.321],[0,0],[7.743,-6.982],[-7.92,-8.4]],"o":[[11.244,-7.625],[32.56,-28.96],[14.48,-13.839],[-16.96,-20.56],[-15.6,8.719],[0,0],[-7.743,6.981],[10.24,10.88]],"v":[[-153.248,173.028],[-57.329,101.828],[160.351,-85.052],[193.711,-160.093],[120.512,-145.372],[102.031,-133.533],[-202.929,128.149],[-194.697,163.903]],"c":true}]},{"i":{"x":0.833,"y":0.833},"o":{"x":0.167,"y":0.167},"t":64,"s":[{"i":[[-12.607,5.063],[-39.237,18.956],[-17.186,10.507],[12.206,23.693],[20.094,-6.194],[37.394,-19.292],[9.05,-5.177],[-5.946,-9.896]],"o":[[12.607,-5.063],[57.42,-27.741],[17.089,-10.448],[-12.206,-23.693],[-17.096,5.206],[-99.41,51.287],[-9.049,5.177],[7.695,12.807]],"v":[[-157.485,185.414],[-50.516,133.674],[203.778,-0.166],[252.315,-66.408],[177.659,-67.571],[99.848,-30.384],[-196.498,131.006],[-196.049,167.693]],"c":true}]},{"i":{"x":0.833,"y":0.833},"o":{"x":0.167,"y":0.167},"t":72,"s":[{"i":[[-11.244,7.624],[-32.56,28.961],[-14.56,13.92],[16.96,20.56],[18.32,-10.321],[0,0],[7.743,-6.982],[-7.92,-8.4]],"o":[[11.244,-7.625],[32.56,-28.96],[14.48,-13.839],[-16.96,-20.56],[-15.6,8.719],[0,0],[-7.743,6.981],[10.24,10.88]],"v":[[-153.248,173.028],[-57.329,101.828],[160.351,-85.052],[193.711,-160.093],[120.512,-145.372],[102.031,-133.533],[-202.929,128.149],[-194.697,163.903]],"c":true}]},{"i":{"x":0.667,"y":1},"o":{"x":0.167,"y":0.167},"t":84,"s":[{"i":[[-11.244,7.624],[-32.56,28.961],[-14.56,13.92],[16.96,20.56],[18.32,-10.321],[0,0],[7.743,-6.982],[-7.92,-8.4]],"o":[[11.244,-7.625],[32.56,-28.96],[14.48,-13.839],[-16.96,-20.56],[-15.6,8.719],[0,0],[-7.743,6.981],[10.24,10.88]],"v":[[-153.248,173.028],[-57.329,101.828],[160.351,-85.052],[193.711,-160.093],[120.512,-145.372],[102.031,-133.533],[-202.929,128.149],[-194.697,163.903]],"c":true}]},{"t":96,"s":[{"i":[[-11.244,7.624],[-32.56,28.961],[-14.56,13.92],[16.96,20.56],[18.32,-10.321],[0,0],[7.743,-6.982],[-7.92,-8.4]],"o":[[11.244,-7.625],[32.56,-28.96],[14.48,-13.839],[-16.96,-20.56],[-15.6,8.719],[0,0],[-7.743,6.981],[10.24,10.88]],"v":[[-153.248,173.028],[-57.329,101.828],[160.351,-85.052],[193.711,-160.093],[120.512,-145.372],[102.031,-133.533],[-202.929,128.149],[-194.697,163.903]],"c":true}]}],"ix":2},"nm":"Path 1","mn":"ADBE Vector Shape - Group","hd":false},{"ty":"fl","c":{"a":1,"k":[{"i":{"x":[0.833],"y":[0.833]},"o":{"x":[0.167],"y":[0.167]},"t":52,"s":[0.352999997606,0.552999997606,0.569000004787,1]},{"i":{"x":[0.833],"y":[0.833]},"o":{"x":[0.167],"y":[0.167]},"t":60,"s":[0.46699999641,0.658999992819,0.685999971278,1]},{"t":72,"s":[0.352999997606,0.552999997606,0.569000004787,1]}],"ix":4},"o":{"a":0,"k":100,"ix":5},"r":1,"bm":0,"nm":"Fill 1","mn":"ADBE Vector Graphic - Fill","hd":false},{"ty":"tr","p":{"a":0,"k":[210.921,235.862],"ix":2},"a":{"a":0,"k":[0,0],"ix":1},"s":{"a":0,"k":[100,100],"ix":3},"r":{"a":0,"k":0,"ix":6},"o":{"a":0,"k":100,"ix":7},"sk":{"a":0,"k":0,"ix":4},"sa":{"a":0,"k":0,"ix":5},"nm":"Transform"}],"nm":"Group 1","np":2,"cix":2,"bm":0,"ix":1,"mn":"ADBE Vector Group","hd":false},{"ty":"gr","it":[{"ind":0,"ty":"sh","ix":1,"ks":{"a":1,"k":[{"i":{"x":0.833,"y":0.833},"o":{"x":0.333,"y":0},"t":0,"s":[{"i":[[0,0],[-2.96,11.52],[-33.76,38],[-17.52,15.76],[-19.36,-16.88],[7.2,-11.52],[0,0],[73.046,-62.21]],"o":[[0,0],[3.04,-11.44],[33.76,-38],[17.52,-15.68],[16.08,14.08],[-7.2,11.52],[0,0],[-73.047,62.209]],"v":[[-172.08,161.644],[-174.32,146.124],[-92.88,41.724],[86.96,-148.996],[161.2,-185.236],[156.4,-133.316],[133.44,-100.756],[-86.589,139.907]],"c":true}]},{"i":{"x":0.667,"y":1},"o":{"x":0.167,"y":0.167},"t":24,"s":[{"i":[[0,0],[-2.96,11.52],[-33.76,38],[-17.52,15.76],[-19.36,-16.88],[7.2,-11.52],[0,0],[73.046,-62.21]],"o":[[0,0],[3.04,-11.44],[33.76,-38],[17.52,-15.68],[16.08,14.08],[-7.2,11.52],[0,0],[-73.047,62.209]],"v":[[-172.08,161.644],[-174.32,146.124],[-92.88,41.724],[86.96,-148.996],[161.2,-185.236],[156.4,-133.316],[133.44,-100.756],[-86.589,139.907]],"c":true}]},{"i":{"x":0.833,"y":0.833},"o":{"x":1,"y":0},"t":36,"s":[{"i":[[0,0],[-2.127,11.702],[-30.951,40.321],[-16.346,16.975],[-20.52,-15.45],[6.356,-12.006],[0,0],[68.403,-67.282]],"o":[[0,0],[2.213,-11.628],[30.951,-40.321],[16.352,-16.895],[17.047,12.892],[-6.356,12.006],[0,0],[-68.403,67.282]],"v":[[-164.066,169.643],[-167.412,154.323],[-93.66,44.357],[72.056,-158.756],[143.509,-200.221],[142.441,-148.09],[121.872,-113.969],[-86.593,135.917]],"c":true}]},{"i":{"x":0.667,"y":1},"o":{"x":0.167,"y":0.167},"t":48,"s":[{"i":[[0,0],[-0.522,11.883],[-25.201,44.143],[-13.895,19.033],[-22.424,-12.526],[4.671,-12.757],[0,0],[58.654,-75.931]],"o":[[0,0],[0.616,-11.821],[25.201,-44.143],[13.911,-18.955],[18.637,10.463],[-4.671,12.757],[0,0],[-58.654,75.931]],"v":[[-164.799,190.471],[-170.19,175.746],[-106.451,55.812],[24.639,-166.897],[89.814,-217.663],[95.82,-165.869],[80.066,-129.275],[-92.375,135.743]],"c":true}]},{"i":{"x":0.833,"y":0.833},"o":{"x":0.333,"y":0},"t":52,"s":[{"i":[[0,0],[-2.96,11.52],[-33.76,38],[-17.52,15.76],[-19.36,-16.88],[7.2,-11.52],[0,0],[73.046,-62.21]],"o":[[0,0],[3.04,-11.44],[33.76,-38],[17.52,-15.68],[16.08,14.08],[-7.2,11.52],[0,0],[-73.047,62.209]],"v":[[-172.08,161.644],[-174.32,146.124],[-92.88,41.724],[86.96,-148.996],[161.2,-185.236],[156.4,-133.316],[133.44,-100.756],[-86.589,139.907]],"c":true}]},{"i":{"x":0.667,"y":1},"o":{"x":0.167,"y":0.167},"t":56,"s":[{"i":[[0,0],[-1.127,11.841],[-27.419,42.801],[-14.847,18.3],[-21.756,-13.653],[5.315,-12.502],[0,0],[62.449,-72.842]],"o":[[0,0],[1.218,-11.774],[27.419,-42.801],[14.86,-18.221],[18.079,11.399],[-5.315,12.502],[0,0],[-62.449,72.842]],"v":[[-176.937,192.083],[-181.57,177.103],[-111.8,60.574],[30.476,-155.161],[98.154,-202.538],[101.512,-150.505],[83.912,-114.762],[-101.817,141.119]],"c":true}]},{"i":{"x":0.833,"y":0.833},"o":{"x":0.333,"y":0},"t":60,"s":[{"i":[[0,0],[-2.96,11.52],[-33.76,38],[-17.52,15.76],[-19.36,-16.88],[7.2,-11.52],[0,0],[73.046,-62.21]],"o":[[0,0],[3.04,-11.44],[33.76,-38],[17.52,-15.68],[16.08,14.08],[-7.2,11.52],[0,0],[-73.047,62.209]],"v":[[-172.08,161.644],[-174.32,146.124],[-92.88,41.724],[86.96,-148.996],[161.2,-185.236],[156.4,-133.316],[133.44,-100.756],[-86.589,139.907]],"c":true}]},{"i":{"x":0.833,"y":0.833},"o":{"x":0.167,"y":0.167},"t":64,"s":[{"i":[[0,0],[-1.127,11.841],[-27.419,42.801],[-14.847,18.3],[-21.756,-13.653],[5.315,-12.502],[0,0],[62.449,-72.842]],"o":[[0,0],[1.218,-11.774],[27.419,-42.801],[14.86,-18.221],[18.079,11.399],[-5.315,12.502],[0,0],[-62.449,72.842]],"v":[[-176.937,192.083],[-181.57,177.103],[-111.8,60.574],[30.476,-155.161],[98.154,-202.538],[101.512,-150.505],[83.912,-114.762],[-101.817,141.119]],"c":true}]},{"i":{"x":0.833,"y":0.833},"o":{"x":0.167,"y":0.167},"t":72,"s":[{"i":[[0,0],[-2.96,11.52],[-33.76,38],[-17.52,15.76],[-19.36,-16.88],[7.2,-11.52],[0,0],[73.046,-62.21]],"o":[[0,0],[3.04,-11.44],[33.76,-38],[17.52,-15.68],[16.08,14.08],[-7.2,11.52],[0,0],[-73.047,62.209]],"v":[[-172.08,161.644],[-174.32,146.124],[-92.88,41.724],[86.96,-148.996],[161.2,-185.236],[156.4,-133.316],[133.44,-100.756],[-86.589,139.907]],"c":true}]},{"i":{"x":0.667,"y":1},"o":{"x":0.167,"y":0.167},"t":84,"s":[{"i":[[0,0],[-2.96,11.52],[-33.76,38],[-17.52,15.76],[-19.36,-16.88],[7.2,-11.52],[0,0],[73.046,-62.21]],"o":[[0,0],[3.04,-11.44],[33.76,-38],[17.52,-15.68],[16.08,14.08],[-7.2,11.52],[0,0],[-73.047,62.209]],"v":[[-172.08,161.644],[-174.32,146.124],[-92.88,41.724],[86.96,-148.996],[161.2,-185.236],[156.4,-133.316],[133.44,-100.756],[-86.589,139.907]],"c":true}]},{"t":96,"s":[{"i":[[0,0],[-2.96,11.52],[-33.76,38],[-17.52,15.76],[-19.36,-16.88],[7.2,-11.52],[0,0],[73.046,-62.21]],"o":[[0,0],[3.04,-11.44],[33.76,-38],[17.52,-15.68],[16.08,14.08],[-7.2,11.52],[0,0],[-73.047,62.209]],"v":[[-172.08,161.644],[-174.32,146.124],[-92.88,41.724],[86.96,-148.996],[161.2,-185.236],[156.4,-133.316],[133.44,-100.756],[-86.589,139.907]],"c":true}]}],"ix":2},"nm":"Path 1","mn":"ADBE Vector Shape - Group","hd":false},{"ty":"fl","c":{"a":1,"k":[{"i":{"x":[0.833],"y":[0.833]},"o":{"x":[0.167],"y":[0.167]},"t":52,"s":[0.46699999641,0.658999992819,0.685999971278,1]},{"t":72,"s":[0.46699999641,0.658999992819,0.685999971278,1]}],"ix":4},"o":{"a":0,"k":100,"ix":5},"r":1,"bm":0,"nm":"Fill 1","mn":"ADBE Vector Graphic - Fill","hd":false},{"ty":"tr","p":{"a":0,"k":[180.073,202.366],"ix":2},"a":{"a":0,"k":[0,0],"ix":1},"s":{"a":0,"k":[100,100],"ix":3},"r":{"a":0,"k":0,"ix":6},"o":{"a":0,"k":100,"ix":7},"sk":{"a":0,"k":0,"ix":4},"sa":{"a":0,"k":0,"ix":5},"nm":"Transform"}],"nm":"Group 2","np":2,"cix":2,"bm":0,"ix":2,"mn":"ADBE Vector Group","hd":false}],"ip":0,"op":108,"st":0,"bm":0},{"ddd":0,"ind":8,"ty":4,"nm":"ab ","parent":5,"sr":1,"ks":{"o":{"a":0,"k":100,"ix":11},"r":{"a":1,"k":[{"i":{"x":[0.667],"y":[1]},"o":{"x":[0.333],"y":[0]},"t":0,"s":[0]},{"i":{"x":[0.667],"y":[1]},"o":{"x":[0.333],"y":[0]},"t":12,"s":[-1]},{"i":{"x":[0.516],"y":[1]},"o":{"x":[0.333],"y":[0]},"t":36,"s":[2]},{"i":{"x":[0.667],"y":[1]},"o":{"x":[0.333],"y":[0]},"t":72,"s":[-7.672]},{"i":{"x":[0.667],"y":[1]},"o":{"x":[0.333],"y":[0]},"t":84,"s":[8.457]},{"i":{"x":[0.667],"y":[1]},"o":{"x":[0.333],"y":[0]},"t":96,"s":[-1]},{"t":106,"s":[0]}],"ix":10},"p":{"a":1,"k":[{"i":{"x":0.833,"y":0.833},"o":{"x":0.333,"y":0.333},"t":0,"s":[449.644,7.153,0],"to":[0,0,0],"ti":[0,0,0]},{"i":{"x":0.833,"y":0.833},"o":{"x":0.167,"y":0.167},"t":12,"s":[449.644,7.153,0],"to":[0,0,0],"ti":[0,0,0]},{"i":{"x":0.833,"y":0.833},"o":{"x":0.167,"y":0.167},"t":24,"s":[449.644,7.153,0],"to":[0,0,0],"ti":[0,0,0]},{"i":{"x":0.833,"y":0.833},"o":{"x":0.167,"y":0.167},"t":36,"s":[449.644,7.153,0],"to":[0,0,0],"ti":[0,0,0]},{"i":{"x":0.833,"y":0.833},"o":{"x":0.167,"y":0.167},"t":48,"s":[448.541,5.208,0],"to":[0,0,0],"ti":[0,0,0]},{"i":{"x":0.833,"y":0.833},"o":{"x":0.167,"y":0.167},"t":60,"s":[437.644,-10.847,0],"to":[0,0,0],"ti":[0,0,0]},{"i":{"x":0.833,"y":0.833},"o":{"x":0.167,"y":0.167},"t":72,"s":[449.644,7.153,0],"to":[0,0,0],"ti":[0,0,0]},{"i":{"x":0.833,"y":0.833},"o":{"x":0.167,"y":0.167},"t":84,"s":[449.644,7.153,0],"to":[0,0,0],"ti":[0,0,0]},{"i":{"x":0.667,"y":0.667},"o":{"x":0.167,"y":0.167},"t":96,"s":[449.644,7.153,0],"to":[0,0,0],"ti":[0,0,0]},{"t":106,"s":[449.644,7.153,0]}],"ix":2,"l":2},"a":{"a":0,"k":[60.081,134.273,0],"ix":1,"l":2},"s":{"a":0,"k":[100,100,100],"ix":6,"l":2}},"ao":0,"shapes":[{"ty":"gr","it":[{"ind":0,"ty":"sh","ix":1,"ks":{"a":1,"k":[{"t":0,"s":[{"i":[[3.2,-34.64],[-77.28,14.48],[-15.675,3.333],[-32.044,7.493],[-26.247,6.456],[-8.404,2.266],[6.4,18.56],[94.32,-15.92],[29.885,-5.988],[18.595,-4.272],[7.297,-1.981]],"o":[[-1.76,18.64],[12.607,-2.365],[28.889,-6.142],[33.085,-7.736],[27.402,-6.74],[39.6,-10.64],[-6.4,-18.48],[-34.249,5.783],[-26.599,5.33],[-12.828,2.947],[-29.76,8.08]],"v":[[-221.24,33.52],[-137.56,62.48],[-94.761,53.834],[-1.008,32.755],[90.582,10.776],[147.24,-3.52],[216.6,-58.48],[51.48,-57.44],[-46.24,-39.376],[-115.101,-24.686],[-145.64,-17.2]],"c":true}],"h":1},{"i":{"x":0.833,"y":0.833},"o":{"x":0.167,"y":0.167},"t":48,"s":[{"i":[[-2.009,-5.516],[-3.194,-2.2],[-3.755,-1.24],[-11.231,-0.029],[-26.064,6.475],[-8.404,2.266],[6.4,18.56],[94.351,-15.735],[25.844,-12.883],[3.888,-7.308],[0.554,-6.91]],"o":[[1.768,4.856],[3.259,2.245],[5.998,1.98],[11.59,0.03],[27.211,-6.76],[39.6,-10.64],[-6.4,-18.48],[-149.452,24.924],[-8.154,4.065],[-2.364,4.443],[-0.374,4.672]],"v":[[-219.176,47.846],[-211.513,58.316],[-200.698,64.031],[-175.601,66.568],[-93.003,53.504],[147.24,-3.52],[216.6,-58.48],[51.48,-57.44],[-195.58,0.143],[-214.954,16.52],[-220.694,32.318]],"c":true}]},{"i":{"x":0.833,"y":0.833},"o":{"x":0.167,"y":0.167},"t":60,"s":[{"i":[[-3.027,-10.34],[-4.495,-5.95],[-6.998,-3.532],[-15.576,2.085],[-26.064,6.475],[-8.404,2.266],[6.4,18.56],[94.351,-15.735],[36.623,8.037],[5.232,-8.94],[0.7,-9.799]],"o":[[3.027,10.34],[4.871,6.448],[11.178,5.642],[16.261,-2.176],[27.211,-6.76],[39.6,-10.64],[-6.4,-18.48],[-149.452,24.924],[-26.497,-5.815],[-5.232,8.94],[-0.7,9.799]],"v":[[-227.31,35.457],[-216.326,58.533],[-198.479,71.161],[-166.295,78.343],[-92.684,55.495],[147.24,-3.52],[216.6,-58.48],[51.48,-57.44],[-174.578,-33.163],[-220.697,-19.619],[-230.622,7.111]],"c":true}]},{"i":{"x":0.833,"y":0.833},"o":{"x":0.167,"y":0.167},"t":72,"s":[{"i":[[3.2,-34.64],[-77.28,14.48],[-15.586,3.312],[-26.961,6.237],[-24.773,6.005],[-10.996,2.965],[6.4,18.56],[94.32,-15.92],[24.91,-4.843],[20.028,-4.404],[10.374,-2.817]],"o":[[-1.76,18.64],[12.546,-2.353],[24.192,-5.141],[27.819,-6.436],[40.406,-9.794],[39.6,-10.64],[-6.4,-18.48],[-27.289,4.608],[-26.085,5.072],[-20.954,4.608],[-29.76,8.08]],"v":[[-221.24,33.52],[-137.56,62.48],[-88.632,52.537],[-7.598,68.213],[54.412,17.187],[147.24,-3.52],[216.6,-58.48],[46.687,-56.308],[-36.251,-72.674],[-94.041,-31.491],[-145.64,-17.2]],"c":true}]},{"i":{"x":0.833,"y":0.833},"o":{"x":0.167,"y":0.167},"t":78,"s":[{"i":[[3.381,-31.491],[-77.28,14.48],[-15.586,3.312],[-26.894,6.514],[-12.503,8.95],[-10.803,9.074],[3.552,11.352],[7.998,1.85],[54.712,-10.098],[20.028,-4.404],[10.374,-2.817]],"o":[[-1.76,18.64],[12.546,-2.353],[24.192,-5.141],[23.841,-5.732],[12.503,-8.95],[9.524,-8],[-3.882,-13.259],[-7.998,-1.85],[-26.129,4.822],[-20.954,4.608],[-29.76,8.08]],"v":[[-221.24,33.52],[-137.56,62.48],[2.426,30.859],[79.758,36.677],[147.899,1.377],[202.055,-34.09],[217.484,-58.485],[190.74,-74.804],[57.275,-79.926],[-9.861,-46.75],[-145.64,-17.2]],"c":true}]},{"i":{"x":0.667,"y":1},"o":{"x":0.167,"y":0.167},"t":84,"s":[{"i":[[3.562,-28.343],[-77.28,14.48],[-15.586,3.312],[-26.827,6.791],[-6.064,7.719],[-3.116,9.567],[0.704,4.145],[13.331,5.958],[21.534,-3.543],[20.028,-4.404],[10.374,-2.817]],"o":[[-1.76,18.64],[12.546,-2.353],[24.192,-5.141],[19.863,-5.028],[7.239,-9.215],[2.444,-7.504],[-1.364,-8.037],[-10.127,-4.526],[-26.221,4.314],[-20.954,4.608],[-29.76,8.08]],"v":[[-221.24,33.52],[-137.56,62.48],[93.484,9.18],[167.114,5.141],[203.393,-15.168],[216.356,-38.439],[218.368,-58.49],[197.567,-82.951],[150.801,-87.179],[74.32,-62.009],[-145.64,-17.2]],"c":true}]},{"t":96,"s":[{"i":[[3.562,-28.343],[-75.166,14.74],[-15.517,3.625],[-26.311,8.575],[-7.982,5.713],[-3.906,6.296],[0.703,4.145],[10.155,2.11],[21.809,-0.805],[20.028,-4.404],[29.295,-9.259]],"o":[[-1.76,18.64],[48.828,-9.575],[27.39,-6.399],[19.087,-6.22],[7.147,-5.115],[3.604,-5.808],[-1.364,-8.037],[-10.86,-2.257],[-26.555,0.98],[-20.954,4.608],[-49.71,15.712]],"v":[[-221.24,33.52],[-137.56,62.48],[93.466,10.18],[162.355,-8.694],[198.097,-26.887],[213.554,-42.614],[216.958,-56.514],[198.822,-68.927],[151.891,-70.336],[74.32,-62.009],[-149.161,-16.011]],"c":true}]}],"ix":2},"nm":"Path 1","mn":"ADBE Vector Shape - Group","hd":false},{"ty":"gf","o":{"a":0,"k":100,"ix":10},"r":1,"bm":0,"g":{"p":3,"k":{"a":0,"k":[0,0.455,0.349,0.388,0.63,0.561,0.278,0.298,1,0.667,0.208,0.208,0,0,0.5,0.5,1,1],"ix":9}},"s":{"a":0,"k":[-306,31],"ix":5},"e":{"a":0,"k":[168,-42],"ix":6},"t":2,"h":{"a":0,"k":0,"ix":7},"a":{"a":0,"k":0,"ix":8},"nm":"Gradient Fill 1","mn":"ADBE Vector Graphic - G-Fill","hd":false},{"ty":"tr","p":{"a":0,"k":[270.247,88.81],"ix":2},"a":{"a":0,"k":[0,0],"ix":1},"s":{"a":0,"k":[100,100],"ix":3},"r":{"a":0,"k":0,"ix":6},"o":{"a":0,"k":100,"ix":7},"sk":{"a":0,"k":0,"ix":4},"sa":{"a":0,"k":0,"ix":5},"nm":"Transform"}],"nm":"Group 1","np":2,"cix":2,"bm":0,"ix":1,"mn":"ADBE Vector Group","hd":false},{"ty":"gr","it":[{"ind":0,"ty":"sh","ix":1,"ks":{"a":1,"k":[{"t":0,"s":[{"i":[[-2.051,6.048],[-30.16,15.68],[-47.12,9.68],[-25.781,4.356],[-28.419,4.047],[-16.7,0.994],[-2.16,-15.76],[61.92,-19.36],[38.535,-10.268],[29.266,-7.475],[4.951,-1.254],[5.693,-1.34],[25.44,0.96],[3.747,-1.243],[20.394,21.42]],"o":[[2.118,-6.246],[30.16,-15.68],[14.673,-3.014],[27.619,-4.666],[30.243,-4.306],[67.6,-4],[2,14.48],[-19.811,6.161],[-35.362,9.423],[-5.642,1.441],[-15.52,3.93],[-22.24,5.2],[-25.44,-1.04],[-3.748,1.243],[-15.128,-15.889]],"v":[[-247.701,37.89],[-205.861,-19.23],[-56.181,-60.27],[7.012,-71.779],[94.159,-85.406],[168.298,-94.03],[249.978,-67.47],[176.379,0.13],[82.091,26.448],[-20.081,53.088],[-36.008,57.14],[-68.981,65.33],[-151.061,78.21],[-188.902,86.29],[-236.85,76.61]],"c":true}],"h":1},{"i":{"x":0.833,"y":0.833},"o":{"x":0.167,"y":0.167},"t":48,"s":[{"i":[[-2.514,7.296],[-4.818,6.461],[-10.189,6.165],[-18.785,5.774],[-96.801,16.233],[-16.7,0.994],[-2.16,-15.76],[61.92,-19.36],[41.49,-11.081],[22.947,-0.069],[16.212,-5.571],[6.727,1.649],[3.519,2.573],[3.601,5.107],[0.603,7.321]],"o":[[3.956,-11.482],[4.818,-6.461],[6.799,-4.114],[21.884,-6.726],[35.836,-6.009],[67.6,-4],[2,14.48],[-19.811,6.161],[-38.074,10.168],[-7.188,0.022],[-9.952,3.42],[-3.31,-0.812],[-3.123,-2.283],[-3.075,-4.362],[-0.62,-7.523]],"v":[[-245.822,31.914],[-231.367,3.764],[-210.265,-15.422],[-178.326,-29.656],[19.617,-73.38],[168.298,-94.03],[249.978,-67.47],[176.379,0.13],[-74.042,66.529],[-163.021,78.163],[-194.195,86.968],[-217.575,87.882],[-230.422,82.007],[-241.845,70.55],[-248.491,52.591]],"c":true}]},{"i":{"x":0.833,"y":0.833},"o":{"x":0.167,"y":0.167},"t":60,"s":[{"i":[[-0.63,16.166],[-7.284,10.805],[-15.886,9.372],[-35.561,-7.902],[-91.051,17.201],[-16.7,0.994],[-2.16,-15.76],[61.92,-19.36],[41.49,-11.081],[24.713,-21.242],[8.453,2.099],[7.29,3.36],[5.152,3.061],[3.328,3.349],[2.253,5.001]],"o":[[0.754,-19.365],[7.284,-10.805],[8.923,-5.264],[33.935,7.541],[35.705,-6.745],[67.6,-4],[2,14.48],[-19.811,6.161],[-38.074,10.168],[-8.581,7.375],[-5.553,-1.379],[-4.755,-2.192],[-5.152,-3.061],[-3.328,-3.349],[-2.253,-5.001]],"v":[[-248.112,17.739],[-233.508,-31.364],[-213.231,-54.224],[-153.992,-60.247],[19.617,-73.38],[168.298,-94.03],[249.978,-67.47],[176.378,0.13],[-74.042,66.529],[-133.097,96.519],[-174.945,98.704],[-195.051,91.704],[-211.972,83.247],[-231.568,68.359],[-244.098,49.712]],"c":true}]},{"i":{"x":0.833,"y":0.833},"o":{"x":0.167,"y":0.167},"t":72,"s":[{"i":[[-2.051,6.048],[-26.98,20.678],[-22.371,9.394],[-40.12,7.577],[-24.412,-0.198],[-16.798,1],[-2.16,-15.76],[61.92,-19.36],[24.878,-8.938],[40.16,-11.806],[8.55,0.868],[7.167,-1.686],[25.44,0.96],[3.747,-1.243],[20.394,21.42]],"o":[[2.118,-6.246],[32.733,-25.088],[7.383,-3.1],[26.186,-4.945],[24.412,0.198],[67.6,-4],[2,14.48],[-19.471,6.055],[-10.795,3.879],[-7.75,2.278],[-26.799,-2.721],[-22.24,5.2],[-25.44,-1.04],[-3.748,1.243],[-15.128,-15.889]],"v":[[-247.701,37.89],[-205.582,-23.22],[-93.017,-60.129],[-22.918,-103.155],[77.415,-85.812],[168.298,-94.03],[249.978,-67.47],[176.379,0.13],[84.074,25.919],[17.177,78.59],[-7.611,80.27],[-68.981,65.33],[-151.061,78.21],[-188.902,86.29],[-236.85,76.61]],"c":true}]},{"i":{"x":0.833,"y":0.833},"o":{"x":0.167,"y":0.167},"t":78,"s":[{"i":[[-2.051,6.048],[-29.032,19.932],[-35.057,10.544],[-40.098,7.695],[-20.307,-3.094],[-9.236,-2.862],[-1.518,-11.672],[9.213,-8.306],[16.138,-13.275],[29.631,-7.826],[13.547,-1.885],[6.982,-1.643],[25.44,0.96],[3.747,-1.243],[20.394,21.42]],"o":[[2.118,-6.246],[40.891,-27.681],[7.58,-2.503],[24.891,-4.773],[20.307,3.094],[15.385,4.767],[1.509,11.646],[-13.155,11.86],[-14.919,12.272],[-20.619,4.511],[-55.767,9.235],[-22.24,5.2],[-25.44,-1.04],[-3.748,1.243],[-15.128,-15.889]],"v":[[-247.701,37.89],[-207.033,-20.224],[-2.228,-73.374],[69.368,-108.03],[176.744,-104.293],[223.494,-96.656],[250.317,-68.594],[237.722,-36.012],[194.777,-3.141],[101.97,44.563],[55.188,48.931],[-68.981,65.33],[-151.061,78.21],[-188.902,86.29],[-236.85,76.61]],"c":true}]},{"i":{"x":0.667,"y":1},"o":{"x":0.167,"y":0.167},"t":84,"s":[{"i":[[-2.051,6.048],[-31.083,19.186],[-47.743,11.694],[-40.075,7.813],[-14.743,-7.023],[-3.44,-6.794],[-0.875,-7.584],[3.53,-9.928],[7.566,-8.06],[19.102,-3.846],[18.545,-4.638],[6.797,-1.599],[25.44,0.96],[3.747,-1.243],[20.394,21.42]],"o":[[2.118,-6.246],[49.049,-30.274],[7.777,-1.905],[23.597,-4.6],[9.046,4.309],[2.1,4.147],[1.017,8.812],[-2.705,7.608],[-10.66,11.356],[-33.489,6.743],[-84.736,21.19],[-22.24,5.2],[-25.44,-1.04],[-3.748,1.243],[-15.128,-15.889]],"v":[[-247.701,37.89],[-208.483,-17.229],[88.561,-86.62],[161.655,-112.905],[223.716,-104.783],[246.387,-83.904],[250.655,-69.719],[247.456,-41.147],[231.106,-13.634],[186.763,10.535],[117.988,17.591],[-68.981,65.33],[-151.061,78.21],[-188.902,86.29],[-236.85,76.61]],"c":true}]},{"t":96,"s":[{"i":[[-2.051,6.048],[-31.083,19.186],[-48.715,6.556],[-40.794,1.706],[-16.186,-2.17],[-6.202,-4.42],[-0.875,-7.584],[3.654,-5.715],[9.804,-7.527],[18.7,-6.311],[18.545,-4.638],[6.797,-1.599],[25.44,0.96],[3.747,-1.243],[20.394,21.42]],"o":[[2.118,-6.246],[49.049,-30.274],[11.247,-1.514],[23.893,-0.999],[13.372,1.793],[4.07,2.9],[1.017,8.812],[-4.35,6.803],[-12.354,9.485],[-21.08,7.115],[-84.736,21.19],[-22.24,5.2],[-25.44,-1.04],[-3.748,1.243],[-15.128,-15.889]],"v":[[-247.701,37.89],[-208.483,-17.229],[88.776,-84.616],[165.795,-93.817],[215.126,-92.556],[241.129,-83.495],[249.901,-69.482],[244.533,-45.573],[224.534,-23.875],[182.6,-1.664],[117.988,17.591],[-68.981,65.33],[-151.061,78.21],[-188.902,86.29],[-236.85,76.61]],"c":true}]}],"ix":2},"nm":"Path 1","mn":"ADBE Vector Shape - Group","hd":false},{"ty":"fl","c":{"a":0,"k":[0.368999974868,0.39199999641,0.404000016755,1],"ix":4},"o":{"a":0,"k":100,"ix":5},"r":1,"bm":0,"nm":"Fill 1","mn":"ADBE Vector Graphic - Fill","hd":false},{"ty":"tr","p":{"a":0,"k":[252.228,98.28],"ix":2},"a":{"a":0,"k":[0,0],"ix":1},"s":{"a":0,"k":[100,100],"ix":3},"r":{"a":0,"k":0,"ix":6},"o":{"a":0,"k":100,"ix":7},"sk":{"a":0,"k":0,"ix":4},"sa":{"a":0,"k":0,"ix":5},"nm":"Transform"}],"nm":"Group 2","np":2,"cix":2,"bm":0,"ix":2,"mn":"ADBE Vector Group","hd":false}],"ip":0,"op":108,"st":0,"bm":0},{"ddd":0,"ind":9,"ty":4,"nm":"antenna back ","parent":5,"sr":1,"ks":{"o":{"a":0,"k":100,"ix":11},"r":{"a":1,"k":[{"i":{"x":[0.667],"y":[1]},"o":{"x":[0.333],"y":[0]},"t":0,"s":[0]},{"i":{"x":[0.687],"y":[0.7]},"o":{"x":[0.333],"y":[0]},"t":12,"s":[7.842]},{"i":{"x":[0.667],"y":[1]},"o":{"x":[0.303],"y":[0.736]},"t":24,"s":[-6.285]},{"i":{"x":[0.78],"y":[0.433]},"o":{"x":[0.333],"y":[0]},"t":36,"s":[-11.849]},{"i":{"x":[0.667],"y":[1]},"o":{"x":[0.352],"y":[0.447]},"t":48,"s":[-2.782]},{"i":{"x":[0.67],"y":[0.45]},"o":{"x":[0.333],"y":[0]},"t":60,"s":[15.65]},{"i":{"x":[0.667],"y":[1]},"o":{"x":[0.318],"y":[0.528]},"t":72,"s":[7.842]},{"t":84,"s":[0]}],"ix":10},"p":{"a":1,"k":[{"i":{"x":0.667,"y":1},"o":{"x":0.333,"y":0},"t":0,"s":[205.65,87.431,0],"to":[0,0,0],"ti":[0,0,0]},{"i":{"x":0.667,"y":1},"o":{"x":0.333,"y":0},"t":12,"s":[205.756,94.947,0],"to":[0,0,0],"ti":[0,0,0]},{"i":{"x":0.667,"y":1},"o":{"x":0.333,"y":0},"t":24,"s":[203.65,87.431,0],"to":[0,0,0],"ti":[0,0,0]},{"i":{"x":0.667,"y":1},"o":{"x":0.333,"y":0},"t":36,"s":[200.896,88.192,0],"to":[0,0,0],"ti":[0,0,0]},{"i":{"x":0.667,"y":1},"o":{"x":0.333,"y":0},"t":48,"s":[207.749,98.836,0],"to":[0,0,0],"ti":[0,0,0]},{"i":{"x":0.667,"y":1},"o":{"x":0.333,"y":0},"t":60,"s":[212.15,89.431,0],"to":[0,0,0],"ti":[0,0,0]},{"i":{"x":0.667,"y":1},"o":{"x":0.333,"y":0},"t":72,"s":[205.756,94.947,0],"to":[0,0,0],"ti":[0,0,0]},{"t":84,"s":[205.65,87.431,0]}],"ix":2,"l":2},"a":{"a":0,"k":[284.29,39.91,0],"ix":1,"l":2},"s":{"a":0,"k":[100,100,100],"ix":6,"l":2}},"ao":0,"shapes":[{"ty":"gr","it":[{"ind":0,"ty":"sh","ix":1,"ks":{"a":1,"k":[{"i":{"x":0.833,"y":0.833},"o":{"x":0.333,"y":0},"t":0,"s":[{"i":[[0,0],[100.16,-7.68],[24.56,9.2],[0,0],[12.88,0],[-6.08,-7.68],[-25.68,-8.24],[-39.76,1.84],[0,0]],"o":[[0,0],[-36.16,2.719],[-19.04,-7.201],[0,0],[-14.16,0],[6,7.681],[28.96,9.281],[70.4,-3.2],[0,0]],"v":[[140.08,-7.841],[16.16,16.72],[-92.48,-2.159],[-116.64,-18.24],[-125.92,-35.12],[-132.32,-8.961],[-84.48,20.4],[18.48,33.28],[135.52,11.921]],"c":true}]},{"i":{"x":0.833,"y":0.833},"o":{"x":0.167,"y":0.167},"t":12,"s":[{"i":[[0,0],[78.43,-0.6],[24.56,9.2],[0,0],[12.88,0],[-6.08,-7.68],[-25.68,-8.24],[-45.345,0.442],[0,0]],"o":[[0,0],[-51.336,0.393],[-19.04,-7.201],[0,0],[-14.16,0],[6,7.681],[28.96,9.281],[78.001,-0.76],[0,0]],"v":[[139.911,-9.833],[21.746,17.502],[-85.007,-2.793],[-109.167,-18.873],[-118.447,-35.753],[-124.847,-9.594],[-77.007,19.766],[24.066,34.061],[135.351,9.928]],"c":true}]},{"i":{"x":0.833,"y":0.833},"o":{"x":0.167,"y":0.167},"t":24,"s":[{"i":[[0,0],[100.16,-7.68],[24.56,9.2],[0,0],[12.88,0],[-6.08,-7.68],[-25.68,-8.24],[-39.76,1.84],[0,0]],"o":[[0,0],[-36.16,2.719],[-19.04,-7.201],[0,0],[-14.16,0],[6,7.681],[28.96,9.281],[70.4,-3.2],[0,0]],"v":[[140.08,-7.841],[16.16,16.72],[-92.48,-2.159],[-116.64,-18.24],[-125.92,-35.12],[-132.32,-8.961],[-84.48,20.4],[18.48,33.28],[135.52,11.921]],"c":true}]},{"i":{"x":0.833,"y":0.833},"o":{"x":0.167,"y":0.167},"t":36,"s":[{"i":[[0,0],[99.96,-9.95],[24.56,9.2],[0,0],[12.88,0],[-6.08,-7.68],[-25.68,-8.24],[-39.71,2.709],[0,0]],"o":[[0,0],[-36.089,3.539],[-19.04,-7.201],[0,0],[-14.16,0],[6,7.681],[28.96,9.281],[70.309,-4.796],[0,0]],"v":[[140.08,-7.841],[13.576,17.049],[-95.719,2.396],[-119.879,-13.684],[-129.159,-30.564],[-135.559,-4.405],[-87.719,24.955],[16.271,33.551],[135.52,11.921]],"c":true}]},{"i":{"x":0.833,"y":0.833},"o":{"x":0.167,"y":0.167},"t":48,"s":[{"i":[[0,0],[100.16,-7.68],[24.56,9.2],[0,0],[12.88,0],[-6.08,-7.68],[-25.68,-8.24],[-39.76,1.84],[0,0]],"o":[[0,0],[-36.16,2.719],[-19.04,-7.201],[0,0],[-14.16,0],[6,7.681],[28.96,9.281],[70.4,-3.2],[0,0]],"v":[[140.08,-7.841],[16.16,16.72],[-92.48,-2.159],[-116.64,-18.24],[-125.92,-35.12],[-132.32,-8.961],[-84.48,20.4],[18.48,33.28],[135.52,11.921]],"c":true}]},{"i":{"x":0.833,"y":0.833},"o":{"x":0.167,"y":0.167},"t":60,"s":[{"i":[[0,0],[100.16,-7.68],[24.56,9.2],[0,0],[12.88,0],[-6.08,-7.68],[-25.68,-8.24],[-39.76,1.84],[0,0]],"o":[[0,0],[-36.16,2.719],[-19.04,-7.201],[0,0],[-14.16,0],[6,7.681],[28.96,9.281],[70.4,-3.2],[0,0]],"v":[[140.08,-7.841],[16.16,16.72],[-92.48,-2.159],[-116.64,-18.24],[-125.92,-35.12],[-132.32,-8.961],[-84.48,20.4],[18.48,33.28],[135.52,11.921]],"c":true}]},{"i":{"x":0.833,"y":0.833},"o":{"x":0.167,"y":0.167},"t":72,"s":[{"i":[[0,0],[78.43,-0.6],[24.56,9.2],[0,0],[12.88,0],[-6.08,-7.68],[-25.68,-8.24],[-45.345,0.442],[0,0]],"o":[[0,0],[-51.336,0.393],[-19.04,-7.201],[0,0],[-14.16,0],[6,7.681],[28.96,9.281],[78.001,-0.76],[0,0]],"v":[[139.911,-9.833],[21.746,17.502],[-85.007,-2.793],[-109.167,-18.873],[-118.447,-35.753],[-124.847,-9.594],[-77.007,19.766],[24.066,34.061],[135.351,9.928]],"c":true}]},{"t":84,"s":[{"i":[[0,0],[100.16,-7.68],[24.56,9.2],[0,0],[12.88,0],[-6.08,-7.68],[-25.68,-8.24],[-39.76,1.84],[0,0]],"o":[[0,0],[-36.16,2.719],[-19.04,-7.201],[0,0],[-14.16,0],[6,7.681],[28.96,9.281],[70.4,-3.2],[0,0]],"v":[[140.08,-7.841],[16.16,16.72],[-92.48,-2.159],[-116.64,-18.24],[-125.92,-35.12],[-132.32,-8.961],[-84.48,20.4],[18.48,33.28],[135.52,11.921]],"c":true}]}],"ix":2},"nm":"Path 1","mn":"ADBE Vector Shape - Group","hd":false},{"ty":"fl","c":{"a":0,"k":[0.517999985639,0.517999985639,0.517999985639,1],"ix":4},"o":{"a":0,"k":100,"ix":5},"r":1,"bm":0,"nm":"Fill 1","mn":"ADBE Vector Graphic - Fill","hd":false},{"ty":"tr","p":{"a":0,"k":[140.33,35.37],"ix":2},"a":{"a":0,"k":[0,0],"ix":1},"s":{"a":0,"k":[100,100],"ix":3},"r":{"a":0,"k":0,"ix":6},"o":{"a":0,"k":100,"ix":7},"sk":{"a":0,"k":0,"ix":4},"sa":{"a":0,"k":0,"ix":5},"nm":"Transform"}],"nm":"Group 1","np":2,"cix":2,"bm":0,"ix":1,"mn":"ADBE Vector Group","hd":false}],"ip":0,"op":108,"st":0,"bm":0},{"ddd":0,"ind":10,"ty":4,"nm":"legs back ","sr":1,"ks":{"o":{"a":0,"k":100,"ix":11},"r":{"a":0,"k":0,"ix":10},"p":{"a":0,"k":[378.072,646.16,0],"ix":2,"l":2},"a":{"a":0,"k":[217.37,273.451,0],"ix":1,"l":2},"s":{"a":0,"k":[100,100,100],"ix":6,"l":2}},"ao":0,"shapes":[{"ty":"gr","it":[{"ind":0,"ty":"sh","ix":1,"ks":{"a":1,"k":[{"i":{"x":0.833,"y":0.833},"o":{"x":0.333,"y":0},"t":0,"s":[{"i":[[0,0],[19.28,8.88],[17.76,-10.48],[4,-17.68],[0,0],[22.16,-6],[0,0],[17.68,-6.48],[8.08,-53.12],[4.8,-7.28],[4.8,-4],[-9.76,-11.2],[-6.4,6.4],[-3.6,6.8],[-2.4,15.28],[-5.2,1.2],[0,0],[0,0],[-5.52,1.12],[0,0]],"o":[[0,0],[-12.56,-5.76],[-8.64,5.12],[-4,17.68],[0,0],[-20.16,5.52],[0,0],[-17.68,6.4],[-5.68,37.6],[-4.8,7.281],[-4.8,4],[8.08,9.281],[6.4,-6.4],[6.4,-12.08],[2.4,-15.279],[6.8,-1.6],[0,0],[0,0],[6,-1.2],[0,0]],"v":[[217.12,-224.881],[175.28,-251.84],[123.76,-262.721],[104.48,-229.76],[97.2,-191.921],[47.28,-230.561],[23.12,-162.161],[-32.4,-210.001],[-67.84,-110.641],[-98.4,137.999],[-201.36,239.359],[-207.36,263.919],[-178.8,257.119],[-70.16,150.079],[-38,-90.481],[-20.72,-160.08],[23.12,-112.241],[52.88,-129.921],[61.36,-186.64],[89.12,-143.601]],"c":true}]},{"i":{"x":0.833,"y":0.833},"o":{"x":0.167,"y":0.167},"t":12,"s":[{"i":[[0,0],[19.832,7.568],[17.015,-11.651],[2.835,-17.904],[0,0],[21.72,-7.437],[0,0],[17.218,-7.622],[4.534,-53.539],[4.8,-7.28],[4.8,-4],[-9.76,-11.2],[-6.4,6.4],[-3.6,6.8],[-1.396,15.404],[-5.104,1.56],[0,0],[0,0],[-5.439,1.464],[0,0]],"o":[[0,0],[-12.91,-4.926],[-8.287,5.674],[-2.835,17.904],[0,0],[-19.756,6.827],[0,0],[-17.224,7.543],[-3.209,37.891],[-4.8,7.281],[-4.8,4],[8.08,9.281],[6.4,-6.4],[6.4,-12.08],[1.396,-15.403],[6.681,-2.041],[0,0],[0,0],[5.909,-1.59],[0,0]],"v":[[203.923,-219.274],[160.41,-243.44],[108.288,-250.927],[91.205,-216.777],[86.416,-178.542],[34.076,-213.834],[14.441,-144],[-44.089,-188.106],[-72.954,-86.641],[-98.4,137.999],[-201.36,239.359],[-207.36,263.919],[-178.8,257.119],[-70.16,150.079],[-41.86,-68.476],[-29.169,-139.057],[17.706,-94.187],[46.246,-113.776],[50.998,-170.929],[81.514,-129.797]],"c":true}]},{"i":{"x":0.833,"y":0.833},"o":{"x":0.167,"y":0.167},"t":24,"s":[{"i":[[0,0],[19.28,8.88],[17.76,-10.48],[4,-17.68],[0,0],[22.16,-6],[0,0],[17.68,-6.48],[8.08,-53.12],[4.8,-7.28],[4.8,-4],[-9.76,-11.2],[-6.4,6.4],[-3.6,6.8],[-2.4,15.28],[-5.2,1.2],[0,0],[0,0],[-5.52,1.12],[0,0]],"o":[[0,0],[-12.56,-5.76],[-8.64,5.12],[-4,17.68],[0,0],[-20.16,5.52],[0,0],[-17.68,6.4],[-5.68,37.6],[-4.8,7.281],[-4.8,4],[8.08,9.281],[6.4,-6.4],[6.4,-12.08],[2.4,-15.279],[6.8,-1.6],[0,0],[0,0],[6,-1.2],[0,0]],"v":[[217.12,-224.881],[175.28,-251.84],[123.76,-262.721],[104.48,-229.76],[97.2,-191.921],[47.28,-230.561],[23.12,-162.161],[-32.4,-210.001],[-67.84,-110.641],[-98.4,137.999],[-201.36,239.359],[-207.36,263.919],[-178.8,257.119],[-70.16,150.079],[-38,-90.481],[-20.72,-160.08],[23.12,-112.241],[52.88,-129.921],[61.36,-186.64],[89.12,-143.601]],"c":true}]},{"i":{"x":0.833,"y":0.833},"o":{"x":0.167,"y":0.167},"t":36,"s":[{"i":[[0,0],[18.503,10.403],[18.544,-9.02],[5.439,-17.292],[0,0],[22.578,-4.16],[0,0],[18.152,-5.006],[12.362,-52.29],[4.8,-7.28],[4.8,-4],[-9.76,-11.2],[-6.4,6.4],[-3.6,6.8],[-3.647,15.031],[-5.278,0.792],[0,0],[0,0],[-5.595,0.647],[0,0]],"o":[[0,0],[-12.044,-6.772],[-9.031,4.393],[-5.439,17.292],[0,0],[-20.545,3.846],[0,0],[-18.146,4.926],[-8.749,37.006],[-4.8,7.281],[-4.8,4],[8.08,9.281],[6.4,-6.4],[6.4,-12.08],[3.647,-15.03],[6.908,-1.036],[0,0],[0,0],[6.078,-0.703],[0,0]],"v":[[253.365,-232.234],[213.881,-262.54],[163.428,-277.614],[141.506,-246.349],[131.143,-209.235],[84.565,-251.844],[54.869,-185.66],[3.466,-237.898],[-40.015,-141.784],[-98.4,137.999],[-201.36,239.359],[-207.36,263.919],[-178.8,257.119],[-70.16,150.079],[-11.931,-119.242],[11.006,-187.187],[50.769,-135.908],[81.881,-151.084],[94.991,-206.916],[119.122,-161.742]],"c":true}]},{"i":{"x":0.833,"y":0.833},"o":{"x":0.167,"y":0.167},"t":48,"s":[{"i":[[0,0],[19.28,8.88],[17.76,-10.48],[4,-17.68],[0,0],[22.16,-6],[0,0],[17.68,-6.48],[8.08,-53.12],[4.8,-7.28],[4.8,-4],[-9.76,-11.2],[-6.4,6.4],[-3.6,6.8],[-2.4,15.28],[-5.2,1.2],[0,0],[0,0],[-5.52,1.12],[0,0]],"o":[[0,0],[-12.56,-5.76],[-8.64,5.12],[-4,17.68],[0,0],[-20.16,5.52],[0,0],[-17.68,6.4],[-5.68,37.6],[-4.8,7.281],[-4.8,4],[8.08,9.281],[6.4,-6.4],[6.4,-12.08],[2.4,-15.279],[6.8,-1.6],[0,0],[0,0],[6,-1.2],[0,0]],"v":[[217.12,-234.881],[175.28,-261.841],[123.76,-272.721],[104.48,-239.76],[97.2,-201.921],[47.28,-240.561],[23.12,-172.161],[-32.4,-220.001],[-67.84,-120.641],[-98.4,137.999],[-201.36,239.359],[-207.36,263.919],[-178.8,257.119],[-70.16,150.079],[-38,-100.481],[-20.72,-170.08],[23.12,-122.241],[52.88,-139.921],[61.36,-196.641],[89.12,-153.601]],"c":true}]},{"i":{"x":0.833,"y":0.833},"o":{"x":0.167,"y":0.167},"t":60,"s":[{"i":[[0,0],[20.018,7.061],[16.713,-12.08],[2.379,-17.97],[0,0],[21.524,-7.986],[0,0],[17.019,-8.058],[3.171,-53.637],[4.8,-7.28],[4.8,-4],[-9.76,-11.2],[-6.4,6.4],[-3.6,6.8],[-1.003,15.435],[-5.062,1.689],[0,0],[0,0],[-5.4,1.601],[0,0]],"o":[[0,0],[-13.031,-4.596],[-8.14,5.883],[-2.379,17.97],[0,0],[-19.576,7.327],[0,0],[-17.026,7.978],[-2.244,37.96],[-4.8,7.281],[-4.8,4],[8.08,9.281],[6.4,-6.4],[6.4,-12.08],[1.003,-15.434],[6.627,-2.211],[0,0],[0,0],[5.866,-1.74],[0,0]],"v":[[186.609,-252.712],[142.494,-275.763],[90.199,-281.923],[73.99,-247.349],[70.175,-209.004],[16.954,-242.954],[-0.898,-172.643],[-60.531,-215.247],[-86.807,-113.081],[-98.4,137.999],[-201.36,239.359],[-207.36,263.919],[-178.8,257.119],[-70.16,150.079],[-55.26,-95.712],[-44.369,-166.593],[3.632,-122.93],[31.665,-143.238],[34.962,-200.493],[66.514,-160.15]],"c":true}]},{"i":{"x":0.833,"y":0.833},"o":{"x":0.167,"y":0.167},"t":72,"s":[{"i":[[0,0],[19.832,7.568],[17.015,-11.651],[2.835,-17.904],[0,0],[21.72,-7.437],[0,0],[17.218,-7.622],[4.534,-53.539],[4.8,-7.28],[4.8,-4],[-9.76,-11.2],[-6.4,6.4],[-3.6,6.8],[-1.396,15.404],[-5.104,1.56],[0,0],[0,0],[-5.439,1.464],[0,0]],"o":[[0,0],[-12.91,-4.926],[-8.287,5.674],[-2.835,17.904],[0,0],[-19.756,6.827],[0,0],[-17.224,7.543],[-3.209,37.891],[-4.8,7.281],[-4.8,4],[8.08,9.281],[6.4,-6.4],[6.4,-12.08],[1.396,-15.403],[6.681,-2.041],[0,0],[0,0],[5.909,-1.59],[0,0]],"v":[[203.923,-219.274],[160.41,-243.44],[108.288,-250.927],[91.205,-216.777],[86.416,-178.542],[34.076,-213.834],[14.441,-144],[-44.089,-188.106],[-72.954,-86.641],[-98.4,137.999],[-201.36,239.359],[-207.36,263.919],[-178.8,257.119],[-70.16,150.079],[-41.86,-68.476],[-29.169,-139.057],[17.706,-94.187],[46.246,-113.776],[50.998,-170.929],[81.514,-129.797]],"c":true}]},{"t":84,"s":[{"i":[[0,0],[19.28,8.88],[17.76,-10.48],[4,-17.68],[0,0],[22.16,-6],[0,0],[17.68,-6.48],[8.08,-53.12],[4.8,-7.28],[4.8,-4],[-9.76,-11.2],[-6.4,6.4],[-3.6,6.8],[-2.4,15.28],[-5.2,1.2],[0,0],[0,0],[-5.52,1.12],[0,0]],"o":[[0,0],[-12.56,-5.76],[-8.64,5.12],[-4,17.68],[0,0],[-20.16,5.52],[0,0],[-17.68,6.4],[-5.68,37.6],[-4.8,7.281],[-4.8,4],[8.08,9.281],[6.4,-6.4],[6.4,-12.08],[2.4,-15.279],[6.8,-1.6],[0,0],[0,0],[6,-1.2],[0,0]],"v":[[217.12,-224.881],[175.28,-251.84],[123.76,-262.721],[104.48,-229.76],[97.2,-191.921],[47.28,-230.561],[23.12,-162.161],[-32.4,-210.001],[-67.84,-110.641],[-98.4,137.999],[-201.36,239.359],[-207.36,263.919],[-178.8,257.119],[-70.16,150.079],[-38,-90.481],[-20.72,-160.08],[23.12,-112.241],[52.88,-129.921],[61.36,-186.64],[89.12,-143.601]],"c":true}]}],"ix":2},"nm":"Path 1","mn":"ADBE Vector Shape - Group","hd":false},{"ty":"fl","c":{"a":0,"k":[0.517999985639,0.517999985639,0.517999985639,1],"ix":4},"o":{"a":0,"k":100,"ix":5},"r":1,"bm":0,"nm":"Fill 1","mn":"ADBE Vector Graphic - Fill","hd":false},{"ty":"tr","p":{"a":0,"k":[217.37,273.451],"ix":2},"a":{"a":0,"k":[0,0],"ix":1},"s":{"a":0,"k":[100,100],"ix":3},"r":{"a":0,"k":0,"ix":6},"o":{"a":0,"k":100,"ix":7},"sk":{"a":0,"k":0,"ix":4},"sa":{"a":0,"k":0,"ix":5},"nm":"Transform"}],"nm":"Group 1","np":2,"cix":2,"bm":0,"ix":1,"mn":"ADBE Vector Group","hd":false}],"ip":0,"op":108,"st":0,"bm":0}],"markers":[{"tm":0,"cm":"rest","dr":0}]}