{"v":"5.8.1","fr":60,"ip":0,"op":246,"w":1024,"h":1024,"nm":"emoji_First quarter moon face","ddd":0,"assets":[{"id":"comp_0","nm":"First quarter moon face","fr":60,"layers":[{"ddd":0,"ind":1,"ty":4,"nm":"Z 2","sr":1,"ks":{"o":{"a":0,"k":100,"ix":11},"r":{"a":1,"k":[{"i":{"x":[0.667],"y":[1]},"o":{"x":[0.333],"y":[0]},"t":92,"s":[23.583]},{"t":150,"s":[-31.417]}],"ix":10},"p":{"a":1,"k":[{"i":{"x":0.667,"y":1},"o":{"x":0.167,"y":0.167},"t":92,"s":[385.046,618.165,0],"to":[-29.87,-118.806,0],"ti":[115.87,-21.194,0]},{"t":150,"s":[169.826,445.329,0]}],"ix":2,"l":2},"a":{"a":0,"k":[122.816,120.542,0],"ix":1,"l":2},"s":{"a":1,"k":[{"i":{"x":[0.667,0.667,0.667],"y":[1,1,1]},"o":{"x":[0.167,0.167,0.167],"y":[0.167,0.167,1.256]},"t":92,"s":[48,48,100]},{"i":{"x":[0.833,0.833,0.833],"y":[0.833,0.833,1.788]},"o":{"x":[0.333,0.333,0.333],"y":[0,0,0]},"t":116,"s":[123,123,100]},{"i":{"x":[0.833,0.833,0.833],"y":[0.833,0.833,0.833]},"o":{"x":[0.167,0.167,0.167],"y":[0.167,0.167,0.167]},"t":142,"s":[63,63,100]},{"t":150,"s":[0,0,100]}],"ix":6,"l":2}},"ao":0,"shapes":[{"ty":"gr","it":[{"ind":0,"ty":"sh","ix":1,"ks":{"a":0,"k":{"i":[[0,0],[0,0],[0,0],[0,0]],"o":[[0,0],[0,0],[0,0],[0,0]],"v":[[-15.78,-45.542],[47.816,-22.286],[-47.816,25.324],[11.999,45.542]],"c":false},"ix":2},"nm":"Path 1","mn":"ADBE Vector Shape - Group","hd":false},{"ty":"st","c":{"a":0,"k":[0.364990234375,0.2509765625,0.216003417969,1],"ix":3},"o":{"a":0,"k":100,"ix":4},"w":{"a":0,"k":30,"ix":5},"lc":2,"lj":2,"bm":0,"nm":"Stroke 1","mn":"ADBE Vector Graphic - Stroke","hd":false},{"ty":"tr","p":{"a":0,"k":[122.816,120.542],"ix":2},"a":{"a":0,"k":[0,0],"ix":1},"s":{"a":0,"k":[100,100],"ix":3},"r":{"a":0,"k":0,"ix":6},"o":{"a":0,"k":100,"ix":7},"sk":{"a":0,"k":0,"ix":4},"sa":{"a":0,"k":0,"ix":5},"nm":"Transform"}],"nm":"Group 1","np":2,"cix":2,"bm":0,"ix":1,"mn":"ADBE Vector Group","hd":false}],"ip":92,"op":160,"st":50,"bm":0},{"ddd":0,"ind":2,"ty":4,"nm":"Z","sr":1,"ks":{"o":{"a":0,"k":100,"ix":11},"r":{"a":1,"k":[{"i":{"x":[0.667],"y":[1]},"o":{"x":[0.333],"y":[0]},"t":42,"s":[23.583]},{"t":100,"s":[-31.417]}],"ix":10},"p":{"a":1,"k":[{"i":{"x":0.667,"y":1},"o":{"x":0.167,"y":0.167},"t":42,"s":[385.046,618.165,0],"to":[-29.87,-118.806,0],"ti":[115.87,-21.194,0]},{"t":100,"s":[169.826,445.329,0]}],"ix":2,"l":2},"a":{"a":0,"k":[122.816,120.542,0],"ix":1,"l":2},"s":{"a":1,"k":[{"i":{"x":[0.667,0.667,0.667],"y":[1,1,1]},"o":{"x":[0.167,0.167,0.167],"y":[0.167,0.167,1.256]},"t":42,"s":[48,48,100]},{"i":{"x":[0.833,0.833,0.833],"y":[0.833,0.833,1.788]},"o":{"x":[0.333,0.333,0.333],"y":[0,0,0]},"t":66,"s":[123,123,100]},{"i":{"x":[0.833,0.833,0.833],"y":[0.833,0.833,0.833]},"o":{"x":[0.167,0.167,0.167],"y":[0.167,0.167,0.167]},"t":92,"s":[63,63,100]},{"t":100,"s":[0,0,100]}],"ix":6,"l":2}},"ao":0,"shapes":[{"ty":"gr","it":[{"ind":0,"ty":"sh","ix":1,"ks":{"a":0,"k":{"i":[[0,0],[0,0],[0,0],[0,0]],"o":[[0,0],[0,0],[0,0],[0,0]],"v":[[-15.78,-45.542],[47.816,-22.286],[-47.816,25.324],[11.999,45.542]],"c":false},"ix":2},"nm":"Path 1","mn":"ADBE Vector Shape - Group","hd":false},{"ty":"st","c":{"a":0,"k":[0.364990234375,0.2509765625,0.216003417969,1],"ix":3},"o":{"a":0,"k":100,"ix":4},"w":{"a":0,"k":30,"ix":5},"lc":2,"lj":2,"bm":0,"nm":"Stroke 1","mn":"ADBE Vector Graphic - Stroke","hd":false},{"ty":"tr","p":{"a":0,"k":[122.816,120.542],"ix":2},"a":{"a":0,"k":[0,0],"ix":1},"s":{"a":0,"k":[100,100],"ix":3},"r":{"a":0,"k":0,"ix":6},"o":{"a":0,"k":100,"ix":7},"sk":{"a":0,"k":0,"ix":4},"sa":{"a":0,"k":0,"ix":5},"nm":"Transform"}],"nm":"Group 1","np":2,"cix":2,"bm":0,"ix":1,"mn":"ADBE Vector Group","hd":false}],"ip":42,"op":110,"st":0,"bm":0},{"ddd":0,"ind":3,"ty":4,"nm":"eye","parent":15,"sr":1,"ks":{"o":{"a":1,"k":[{"t":10,"s":[100],"h":1},{"t":20,"s":[0],"h":1},{"t":142,"s":[100],"h":1}],"ix":11},"r":{"a":0,"k":0,"ix":10},"p":{"a":0,"k":[626.081,509.936,0],"ix":2,"l":2},"a":{"a":0,"k":[42.081,116.025,0],"ix":1,"l":2},"s":{"a":1,"k":[{"i":{"x":[0.667,0.667,0.667],"y":[1,1,1]},"o":{"x":[0.333,0.333,0.333],"y":[0,0,0]},"t":14,"s":[100,100,100]},{"i":{"x":[0.833,0.833,0.833],"y":[1,1,1]},"o":{"x":[0.333,0.333,0.333],"y":[0,0,0]},"t":20,"s":[100,72,100]},{"i":{"x":[0.667,0.667,0.667],"y":[1,1,1]},"o":{"x":[0.167,0.167,0.167],"y":[0,0.167,0]},"t":142,"s":[100,72,100]},{"t":146,"s":[100,100,100]}],"ix":6,"l":2}},"ao":0,"shapes":[{"ty":"gr","it":[{"ind":0,"ty":"sh","ix":1,"ks":{"a":0,"k":{"i":[[40.08,-6.961],[3.04,25.92],[-9.84,8.4],[2.16,-69.439],[3.6,-2.72],[24.08,10.801],[1.6,-1.12]],"o":[[-28,4.88],[-2.4,-20.72],[41.12,-35.121],[-0.16,4.481],[-3.04,-5.84],[-1.76,-0.799],[-2.16,1.52]],"v":[[-13.52,61.32],[-66.96,17.081],[-51.28,-31.08],[67.2,38.439],[61.84,50.359],[29.2,7.16],[23.52,7.48]],"c":true},"ix":2},"nm":"Path 1","mn":"ADBE Vector Shape - Group","hd":false},{"ty":"fl","c":{"a":0,"k":[0.365000017952,0.250999989229,0.216000007181,1],"ix":4},"o":{"a":0,"k":100,"ix":5},"r":1,"bm":0,"nm":"Fill 1","mn":"ADBE Vector Graphic - Fill","hd":false},{"ty":"tr","p":{"a":0,"k":[69.61,66.451],"ix":2},"a":{"a":0,"k":[0,0],"ix":1},"s":{"a":0,"k":[100,100],"ix":3},"r":{"a":0,"k":0,"ix":6},"o":{"a":0,"k":100,"ix":7},"sk":{"a":0,"k":0,"ix":4},"sa":{"a":0,"k":0,"ix":5},"nm":"Transform"}],"nm":"Group 1","np":2,"cix":2,"bm":0,"ix":1,"mn":"ADBE Vector Group","hd":false}],"ip":0,"op":196,"st":0,"bm":0},{"ddd":0,"ind":4,"ty":4,"nm":"close eye","parent":15,"sr":1,"ks":{"o":{"a":0,"k":100,"ix":11},"r":{"a":0,"k":7,"ix":10},"p":{"a":0,"k":[653.452,493.577,0],"ix":2,"l":2},"a":{"a":0,"k":[74.59,38.422,0],"ix":1,"l":2},"s":{"a":0,"k":[100,100,100],"ix":6,"l":2}},"ao":0,"shapes":[{"ty":"gr","it":[{"ind":0,"ty":"sh","ix":1,"ks":{"a":1,"k":[{"i":{"x":0,"y":1},"o":{"x":0.167,"y":0.167},"t":18,"s":[{"i":[[-2.976,-3.483],[-26.797,1.155],[-30.215,4.38],[-2.586,1.298],[-1.209,-2.351],[1.134,-2.953],[2.245,-3.194],[34.76,12.451],[6.609,17.927],[0.513,5.9]],"o":[[6.072,3.297],[22.709,-1.041],[2.198,-0.555],[2.351,-1.209],[1.612,3.27],[-1.764,3.482],[-20.103,29.36],[-18.37,-6.272],[-2.121,-5.547],[-0.394,-4.622]],"v":[[-65.45,-36.439],[0.396,-19.95],[58.798,-27.837],[66.282,-30.021],[72.728,-27.953],[70.507,-18.658],[64.477,-8.638],[-29.71,25.721],[-69.908,-13.826],[-73.947,-31.201]],"c":true}]},{"i":{"x":0.667,"y":1},"o":{"x":0.333,"y":0},"t":24,"s":[{"i":[[-2.976,-3.483],[-26.797,1.155],[-19.527,11.407],[-2.586,1.298],[-1.209,-2.351],[1.134,-2.953],[2.245,-3.194],[34.76,12.451],[6.609,17.927],[0.513,5.9]],"o":[[16.825,19.037],[22.709,-1.041],[2.485,-1.377],[2.351,-1.209],[1.612,3.27],[-1.764,3.482],[-20.103,29.36],[-18.37,-6.272],[-2.121,-5.547],[-0.394,-4.622]],"v":[[-65.575,-34.689],[-4.533,-2.238],[58.923,-25.837],[66.282,-30.021],[72.728,-27.953],[70.507,-18.658],[64.477,-8.638],[-29.71,25.721],[-69.908,-13.826],[-73.947,-31.201]],"c":true}]},{"i":{"x":0.833,"y":0.833},"o":{"x":1,"y":0},"t":136,"s":[{"i":[[-2.976,-3.483],[-26.797,1.155],[-19.527,11.407],[-2.586,1.298],[-1.209,-2.351],[1.134,-2.953],[2.245,-3.194],[34.76,12.451],[6.609,17.927],[0.513,5.9]],"o":[[16.825,19.037],[22.709,-1.041],[2.485,-1.377],[2.351,-1.209],[1.612,3.27],[-1.764,3.482],[-20.103,29.36],[-18.37,-6.272],[-2.121,-5.547],[-0.394,-4.622]],"v":[[-65.575,-34.689],[-4.533,-2.238],[58.923,-25.837],[66.282,-30.021],[72.728,-27.953],[70.507,-18.658],[64.477,-8.638],[-29.71,25.721],[-69.908,-13.826],[-73.947,-31.201]],"c":true}]},{"t":142,"s":[{"i":[[-2.976,-3.483],[-26.797,1.155],[-30.215,4.38],[-2.586,1.298],[-1.209,-2.351],[1.134,-2.953],[2.245,-3.194],[34.76,12.451],[6.609,17.927],[0.513,5.9]],"o":[[6.072,3.297],[22.709,-1.041],[2.198,-0.555],[2.351,-1.209],[1.612,3.27],[-1.764,3.482],[-20.103,29.36],[-18.37,-6.272],[-2.121,-5.547],[-0.394,-4.622]],"v":[[-65.45,-36.439],[0.396,-19.95],[58.798,-27.837],[66.282,-30.021],[72.728,-27.953],[70.507,-18.658],[64.477,-8.638],[-29.71,25.721],[-69.908,-13.826],[-73.947,-31.201]],"c":true}]}],"ix":2},"nm":"Path 1","mn":"ADBE Vector Shape - Group","hd":false},{"ty":"fl","c":{"a":0,"k":[0.365000017952,0.250999989229,0.216000007181,1],"ix":4},"o":{"a":0,"k":100,"ix":5},"r":1,"bm":0,"nm":"Fill 1","mn":"ADBE Vector Graphic - Fill","hd":false},{"ty":"tr","p":{"a":0,"k":[74.59,38.422],"ix":2},"a":{"a":0,"k":[0,0],"ix":1},"s":{"a":0,"k":[100,100],"ix":3},"r":{"a":0,"k":0,"ix":6},"o":{"a":0,"k":100,"ix":7},"sk":{"a":0,"k":0,"ix":4},"sa":{"a":0,"k":0,"ix":5},"nm":"Transform"}],"nm":"Group 1","np":2,"cix":2,"bm":0,"ix":1,"mn":"ADBE Vector Group","hd":false}],"ip":20,"op":142,"st":20,"bm":0},{"ddd":0,"ind":5,"ty":4,"nm":"mouth 9","parent":15,"sr":1,"ks":{"o":{"a":0,"k":100,"ix":11},"r":{"a":0,"k":0,"ix":10},"p":{"a":0,"k":[474.93,680.41,0],"ix":2,"l":2},"a":{"a":0,"k":[90.93,35.45,0],"ix":1,"l":2},"s":{"a":0,"k":[100,100,100],"ix":6,"l":2}},"ao":0,"shapes":[{"ty":"gr","it":[{"ind":0,"ty":"sh","ix":1,"ks":{"a":1,"k":[{"i":{"x":0,"y":1},"o":{"x":0.167,"y":0.167},"t":120,"s":[{"i":[[-4.255,0.006],[-3.202,3.686],[-0.148,8.246],[4.533,2.183],[5.473,-2.387],[4.135,-7.647],[-8.436,-6.901]],"o":[[4.024,-0.006],[3.854,-4.435],[0.083,-4.64],[-5.379,-2.591],[-6.182,2.696],[-3.84,7.102],[6.695,3.821]],"v":[[-66.224,2.021],[-50.035,-5.731],[-42.258,-26.775],[-49.887,-39.799],[-67.785,-39.07],[-82.76,-25.462],[-82.702,-0.991]],"c":true}]},{"t":138,"s":[{"i":[[-44.96,0],[-12.48,15.92],[5.6,4.08],[4.08,-2.241],[43.92,22.88],[5.92,-5.759],[-6.32,-8.88]],"o":[[52.16,0],[4.32,-5.44],[-3.76,-2.72],[-38.64,21.359],[-8.72,-4.559],[-6,5.76],[10.24,14.641]],"v":[[-6.52,35.199],[86.36,-3.84],[83.8,-21.279],[70.92,-22.159],[-63.96,-19.68],[-84.68,-29.44],[-82.44,-0.72]],"c":true}]}],"ix":2},"nm":"Path 1","mn":"ADBE Vector Shape - Group","hd":false},{"ty":"fl","c":{"a":0,"k":[0.365000017952,0.250999989229,0.216000007181,1],"ix":4},"o":{"a":0,"k":100,"ix":5},"r":1,"bm":0,"nm":"Fill 1","mn":"ADBE Vector Graphic - Fill","hd":false},{"ty":"tr","p":{"a":0,"k":[90.93,35.45],"ix":2},"a":{"a":0,"k":[0,0],"ix":1},"s":{"a":0,"k":[100,100],"ix":3},"r":{"a":0,"k":0,"ix":6},"o":{"a":0,"k":100,"ix":7},"sk":{"a":0,"k":0,"ix":4},"sa":{"a":0,"k":0,"ix":5},"nm":"Transform"}],"nm":"Group 1","np":2,"cix":2,"bm":0,"ix":1,"mn":"ADBE Vector Group","hd":false}],"ip":120,"op":196,"st":120,"bm":0},{"ddd":0,"ind":6,"ty":4,"nm":"mouth","parent":15,"sr":1,"ks":{"o":{"a":0,"k":100,"ix":11},"r":{"a":0,"k":0,"ix":10},"p":{"a":0,"k":[474.93,680.41,0],"ix":2,"l":2},"a":{"a":0,"k":[90.93,35.45,0],"ix":1,"l":2},"s":{"a":0,"k":[100,100,100],"ix":6,"l":2}},"ao":0,"shapes":[{"ty":"gr","it":[{"ind":0,"ty":"sh","ix":1,"ks":{"a":1,"k":[{"i":{"x":1,"y":1},"o":{"x":1,"y":0},"t":0,"s":[{"i":[[-44.96,0],[-12.48,15.92],[5.6,4.08],[4.08,-2.241],[43.92,22.88],[5.92,-5.759],[-6.32,-8.88]],"o":[[52.16,0],[4.32,-5.44],[-3.76,-2.72],[-38.64,21.359],[-8.72,-4.559],[-6,5.76],[10.24,14.641]],"v":[[-6.52,35.199],[86.36,-3.84],[83.8,-21.279],[70.92,-22.159],[-63.96,-19.68],[-84.68,-29.44],[-82.44,-0.72]],"c":true}]},{"t":20,"s":[{"i":[[-40.367,-3.769],[-15.182,10.119],[2.38,6.507],[4.635,0.426],[49.819,5.946],[2.195,-9.294],[-8.436,-6.901]],"o":[[34.461,3.217],[4.889,-3.259],[-1.594,-4.358],[-24.384,-5.786],[-9.771,-1.166],[-4.27,7.137],[13.736,11.426]],"v":[[36.568,28.904],[97.765,11.014],[103.384,-6.883],[90.712,-19.156],[-11.24,-28.502],[-36.489,-14.653],[-25.581,13.111]],"c":true}]}],"ix":2},"nm":"Path 1","mn":"ADBE Vector Shape - Group","hd":false},{"ty":"fl","c":{"a":0,"k":[0.365000017952,0.250999989229,0.216000007181,1],"ix":4},"o":{"a":0,"k":100,"ix":5},"r":1,"bm":0,"nm":"Fill 1","mn":"ADBE Vector Graphic - Fill","hd":false},{"ty":"tr","p":{"a":0,"k":[90.93,35.45],"ix":2},"a":{"a":0,"k":[0,0],"ix":1},"s":{"a":0,"k":[100,100],"ix":3},"r":{"a":0,"k":0,"ix":6},"o":{"a":0,"k":100,"ix":7},"sk":{"a":0,"k":0,"ix":4},"sa":{"a":0,"k":0,"ix":5},"nm":"Transform"}],"nm":"Group 1","np":2,"cix":2,"bm":0,"ix":1,"mn":"ADBE Vector Group","hd":false}],"ip":0,"op":18,"st":0,"bm":0},{"ddd":0,"ind":7,"ty":4,"nm":"mouth 6","parent":15,"sr":1,"ks":{"o":{"a":0,"k":100,"ix":11},"r":{"a":0,"k":7,"ix":10},"p":{"a":0,"k":[506.468,679.572,0],"ix":2,"l":2},"a":{"a":0,"k":[74.087,35.715,0],"ix":1,"l":2},"s":{"a":0,"k":[100,100,100],"ix":6,"l":2}},"ao":0,"shapes":[{"ty":"gr","it":[{"ind":0,"ty":"sh","ix":1,"ks":{"a":1,"k":[{"i":{"x":0,"y":1},"o":{"x":0.167,"y":0.167},"t":52,"s":[{"i":[[-6.62,11.944],[7.813,0.925],[2.851,-6.478],[-12.276,-3.202]],"o":[[6.245,-11.266],[-13.75,-1.627],[-5.145,11.69],[6.62,1.727]],"v":[[-85.874,-3.919],[-90.841,-28.124],[-116.411,-11.399],[-110.476,15.533]],"c":true}]},{"i":{"x":0.667,"y":1},"o":{"x":0.937,"y":0},"t":66,"s":[{"i":[[0,25.581],[23.168,0.207],[6.976,-16.279],[-43.023,-4.651]],"o":[[0,-25.581],[-25.686,-0.229],[-6.977,16.279],[43.023,4.65]],"v":[[73.837,-9.883],[-2.907,-23.765],[-66.86,-9.883],[-19.186,30.814]],"c":true}]},{"t":90,"s":[{"i":[[-6.62,11.944],[7.813,0.925],[2.851,-6.478],[-12.276,-3.202]],"o":[[6.245,-11.266],[-13.75,-1.627],[-5.145,11.69],[6.62,1.727]],"v":[[-129.046,-27.288],[-134.013,-51.493],[-159.584,-34.769],[-153.649,-7.837]],"c":true}]}],"ix":2},"nm":"Path 1","mn":"ADBE Vector Shape - Group","hd":false},{"ty":"fl","c":{"a":0,"k":[0.365000017952,0.250999989229,0.216000007181,1],"ix":4},"o":{"a":0,"k":100,"ix":5},"r":1,"bm":0,"nm":"Fill 1","mn":"ADBE Vector Graphic - Fill","hd":false},{"ty":"tr","p":{"a":0,"k":[74.087,35.715],"ix":2},"a":{"a":0,"k":[0,0],"ix":1},"s":{"a":0,"k":[100,100],"ix":3},"r":{"a":0,"k":0,"ix":6},"o":{"a":0,"k":100,"ix":7},"sk":{"a":0,"k":0,"ix":4},"sa":{"a":0,"k":0,"ix":5},"nm":"Transform"}],"nm":"Group 1","np":2,"cix":2,"bm":0,"ix":1,"mn":"ADBE Vector Group","hd":false}],"ip":54,"op":88,"st":36,"bm":0},{"ddd":0,"ind":8,"ty":4,"nm":"mouth 2","parent":15,"sr":1,"ks":{"o":{"a":0,"k":100,"ix":11},"r":{"a":0,"k":7,"ix":10},"p":{"a":0,"k":[506.468,679.572,0],"ix":2,"l":2},"a":{"a":0,"k":[74.087,35.715,0],"ix":1,"l":2},"s":{"a":0,"k":[100,100,100],"ix":6,"l":2}},"ao":0,"shapes":[{"ty":"gr","it":[{"ind":0,"ty":"sh","ix":1,"ks":{"a":1,"k":[{"i":{"x":0.667,"y":1},"o":{"x":1,"y":0},"t":20,"s":[{"i":[[0,25.581],[23.168,0.207],[6.976,-16.279],[-43.023,-4.651]],"o":[[0,-25.581],[-25.686,-0.229],[-6.977,16.279],[43.023,4.65]],"v":[[73.837,-9.883],[-2.907,-23.765],[-66.86,-9.883],[-19.186,30.814]],"c":true}]},{"t":38,"s":[{"i":[[-6.62,11.944],[7.813,0.925],[2.851,-6.478],[-12.276,-3.202]],"o":[[6.245,-11.266],[-13.75,-1.627],[-5.145,11.69],[6.62,1.727]],"v":[[-129.046,-27.288],[-134.013,-51.493],[-159.584,-34.769],[-153.649,-7.837]],"c":true}]}],"ix":2},"nm":"Path 1","mn":"ADBE Vector Shape - Group","hd":false},{"ty":"fl","c":{"a":0,"k":[0.365000017952,0.250999989229,0.216000007181,1],"ix":4},"o":{"a":0,"k":100,"ix":5},"r":1,"bm":0,"nm":"Fill 1","mn":"ADBE Vector Graphic - Fill","hd":false},{"ty":"tr","p":{"a":0,"k":[74.087,35.715],"ix":2},"a":{"a":0,"k":[0,0],"ix":1},"s":{"a":0,"k":[100,100],"ix":3},"r":{"a":0,"k":0,"ix":6},"o":{"a":0,"k":100,"ix":7},"sk":{"a":0,"k":0,"ix":4},"sa":{"a":0,"k":0,"ix":5},"nm":"Transform"}],"nm":"Group 1","np":2,"cix":2,"bm":0,"ix":1,"mn":"ADBE Vector Group","hd":false}],"ip":18,"op":38,"st":0,"bm":0},{"ddd":0,"ind":9,"ty":4,"nm":"mouth 7","parent":15,"sr":1,"ks":{"o":{"a":0,"k":100,"ix":11},"r":{"a":0,"k":0,"ix":10},"p":{"a":1,"k":[{"i":{"x":0.667,"y":1},"o":{"x":0.167,"y":0.167},"t":88,"s":[371.341,631.689,0],"to":[-0.422,-0.326,0],"ti":[-6.083,-4.867,0]},{"i":{"x":0.667,"y":1},"o":{"x":1,"y":0},"t":94,"s":[368.806,629.733,0],"to":[6.083,4.867,0],"ti":[-6.505,-5.193,0]},{"t":120,"s":[407.837,660.89,0]}],"ix":2,"l":2},"a":{"a":0,"k":[23.494,25.605,0],"ix":1,"l":2},"s":{"a":0,"k":[100,100,100],"ix":6,"l":2}},"ao":0,"shapes":[{"ty":"gr","it":[{"ind":0,"ty":"sh","ix":1,"ks":{"a":0,"k":{"i":[[-6.435,-5.834],[9.274,-10.23],[6.435,5.834],[-9.274,10.229]],"o":[[6.435,5.834],[-9.274,10.228],[-6.435,-5.834],[9.274,-10.229]],"v":[[16.792,-18.522],[11.651,10.564],[-16.792,18.521],[-11.652,-10.564]],"c":true},"ix":2},"nm":"Path 1","mn":"ADBE Vector Shape - Group","hd":false},{"ty":"fl","c":{"a":0,"k":[0.365000017952,0.250999989229,0.216000007181,1],"ix":4},"o":{"a":0,"k":100,"ix":5},"r":1,"bm":0,"nm":"Fill 1","mn":"ADBE Vector Graphic - Fill","hd":false},{"ty":"tr","p":{"a":0,"k":[23.477,24.606],"ix":2},"a":{"a":0,"k":[0,0],"ix":1},"s":{"a":0,"k":[100,100],"ix":3},"r":{"a":0,"k":0,"ix":6},"o":{"a":0,"k":100,"ix":7},"sk":{"a":0,"k":0,"ix":4},"sa":{"a":0,"k":0,"ix":5},"nm":"Transform"}],"nm":"Group 1","np":2,"cix":2,"bm":0,"ix":1,"mn":"ADBE Vector Group","hd":false}],"ip":88,"op":122,"st":88,"bm":0},{"ddd":0,"ind":10,"ty":4,"nm":"mouth 3","parent":15,"sr":1,"ks":{"o":{"a":0,"k":100,"ix":11},"r":{"a":0,"k":0,"ix":10},"p":{"a":1,"k":[{"i":{"x":0.833,"y":0.833},"o":{"x":1,"y":0},"t":38,"s":[368.841,629.689,0],"to":[6.342,5.793,0],"ti":[-6.342,-5.793,0]},{"t":54,"s":[406.894,664.448,0]}],"ix":2,"l":2},"a":{"a":0,"k":[23.494,25.605,0],"ix":1,"l":2},"s":{"a":0,"k":[100,100,100],"ix":6,"l":2}},"ao":0,"shapes":[{"ty":"gr","it":[{"ind":0,"ty":"sh","ix":1,"ks":{"a":0,"k":{"i":[[-6.435,-5.834],[9.274,-10.23],[6.435,5.834],[-9.274,10.229]],"o":[[6.435,5.834],[-9.274,10.228],[-6.435,-5.834],[9.274,-10.229]],"v":[[16.792,-18.522],[11.651,10.564],[-16.792,18.521],[-11.652,-10.564]],"c":true},"ix":2},"nm":"Path 1","mn":"ADBE Vector Shape - Group","hd":false},{"ty":"fl","c":{"a":0,"k":[0.365000017952,0.250999989229,0.216000007181,1],"ix":4},"o":{"a":0,"k":100,"ix":5},"r":1,"bm":0,"nm":"Fill 1","mn":"ADBE Vector Graphic - Fill","hd":false},{"ty":"tr","p":{"a":0,"k":[23.477,24.606],"ix":2},"a":{"a":0,"k":[0,0],"ix":1},"s":{"a":0,"k":[100,100],"ix":3},"r":{"a":0,"k":0,"ix":6},"o":{"a":0,"k":100,"ix":7},"sk":{"a":0,"k":0,"ix":4},"sa":{"a":0,"k":0,"ix":5},"nm":"Transform"}],"nm":"Group 1","np":2,"cix":2,"bm":0,"ix":1,"mn":"ADBE Vector Group","hd":false}],"ip":38,"op":54,"st":38,"bm":0},{"ddd":0,"ind":11,"ty":4,"nm":"gradient 2","parent":15,"sr":1,"ks":{"o":{"a":0,"k":100,"ix":11},"r":{"a":0,"k":0,"ix":10},"p":{"a":0,"k":[690.37,599.326,0],"ix":2,"l":2},"a":{"a":0,"k":[98.85,69.733,0],"ix":1,"l":2},"s":{"a":0,"k":[100,100,100],"ix":6,"l":2}},"ao":0,"shapes":[{"ty":"gr","it":[{"ty":"gr","it":[{"ind":0,"ty":"sh","ix":1,"ks":{"a":0,"k":{"i":[[17.481,-7.257],[-12.4,-30],[-47.6,19.759],[12.4,29.92],[27.421,0.001]],"o":[[-47.6,19.68],[12.4,30.001],[47.6,-19.68],[-7.846,-18.982],[-15.916,-0.001]],"v":[[-22.44,-58.756],[-86.2,31.164],[22.44,49.724],[86.2,-40.196],[28.574,-69.482]],"c":true},"ix":2},"nm":"Path 2","mn":"ADBE Vector Shape - Group","hd":false},{"ty":"tr","p":{"a":0,"k":[0,0],"ix":2},"a":{"a":0,"k":[0,0],"ix":1},"s":{"a":0,"k":[100,100],"ix":3},"r":{"a":0,"k":0,"ix":6},"o":{"a":0,"k":100,"ix":7},"sk":{"a":0,"k":0,"ix":4},"sa":{"a":0,"k":0,"ix":5},"nm":"Transform"}],"nm":"Group 1","np":1,"cix":2,"bm":0,"ix":1,"mn":"ADBE Vector Group","hd":false},{"ty":"gf","o":{"a":0,"k":100,"ix":10},"r":1,"bm":0,"g":{"p":3,"k":{"a":0,"k":[0,0.984,0.753,0.176,0.625,0.984,0.753,0.176,1,0.984,0.753,0.176,0,1,0.5,0.5,1,0],"ix":9}},"s":{"a":0,"k":[-22.067,-45.731],"ix":5},"e":{"a":0,"k":[83.18,-66.297],"ix":6},"t":2,"h":{"a":0,"k":0.865,"ix":7},"a":{"a":0,"k":-155.59,"ix":8},"nm":"Gradient Fill 1","mn":"ADBE Vector Graphic - G-Fill","hd":false},{"ty":"tr","p":{"a":0,"k":[98.85,71.733],"ix":2},"a":{"a":0,"k":[0,0],"ix":1},"s":{"a":0,"k":[100,100],"ix":3},"r":{"a":0,"k":0,"ix":6},"o":{"a":0,"k":100,"ix":7},"sk":{"a":0,"k":0,"ix":4},"sa":{"a":0,"k":0,"ix":5},"nm":"Transform"}],"nm":"Group 1","np":2,"cix":2,"bm":0,"ix":1,"mn":"ADBE Vector Group","hd":false}],"ip":0,"op":196,"st":0,"bm":0},{"ddd":0,"ind":12,"ty":4,"nm":"gradient","parent":15,"sr":1,"ks":{"o":{"a":0,"k":100,"ix":11},"r":{"a":0,"k":0,"ix":10},"p":{"a":0,"k":[702.01,316.37,0],"ix":2,"l":2},"a":{"a":0,"k":[235.77,314.37,0],"ix":1,"l":2},"s":{"a":0,"k":[100,100,100],"ix":6,"l":2}},"ao":0,"shapes":[{"ty":"gr","it":[{"ty":"gr","it":[{"ind":0,"ty":"sh","ix":1,"ks":{"a":1,"k":[{"i":{"x":0.667,"y":1},"o":{"x":1,"y":0},"t":20,"s":[{"i":[[-35.36,-98.72],[192,-68.079],[0,0],[-86.64,42.56],[-22.45,-3.486],[-13.304,4.703],[9.12,17.36],[0,0]],"o":[[29.04,81.12],[0,0],[4.8,-4],[13.867,-6.807],[20.547,3.19],[133.92,-47.44],[-141.52,-271.44],[0,0]],"v":[[-93.68,-134.2],[-235.52,180.279],[-97.84,314.12],[-11.6,217],[47.374,217.163],[101.6,218.84],[154.16,-37.88],[-226.8,-314.12]],"c":true}]},{"i":{"x":0.667,"y":1},"o":{"x":1,"y":0},"t":38,"s":[{"i":[[-35.36,-98.72],[192,-68.079],[0,0],[-86.64,42.56],[-22.45,-3.486],[-13.304,4.703],[9.12,17.36],[0,0]],"o":[[29.04,81.12],[0,0],[4.8,-4],[13.867,-6.807],[20.547,3.19],[133.92,-47.44],[-125.632,-273.157],[0,0]],"v":[[-81.632,-137],[-231.57,183.345],[-93.89,317.186],[-7.65,220.066],[51.324,220.229],[105.55,221.906],[158.11,-34.814],[-207.819,-312.804]],"c":true}]},{"i":{"x":0.667,"y":1},"o":{"x":1,"y":0},"t":58,"s":[{"i":[[-35.36,-98.72],[192,-68.079],[0,0],[-86.64,42.56],[-22.45,-3.486],[-13.304,4.703],[9.12,17.36],[0,0]],"o":[[29.04,81.12],[0,0],[4.8,-4],[13.867,-6.807],[20.547,3.19],[133.92,-47.44],[-141.52,-271.44],[0,0]],"v":[[-93.68,-134.2],[-235.52,180.279],[-97.84,314.12],[-11.6,217],[47.374,217.163],[101.6,218.84],[154.16,-37.88],[-226.8,-314.12]],"c":true}]},{"i":{"x":0.667,"y":1},"o":{"x":1,"y":0},"t":92,"s":[{"i":[[-35.36,-98.72],[192,-68.079],[0,0],[-86.64,42.56],[-22.45,-3.486],[-13.304,4.703],[9.12,17.36],[0,0]],"o":[[29.04,81.12],[0,0],[4.8,-4],[13.867,-6.807],[20.547,3.19],[133.92,-47.44],[-125.632,-273.157],[0,0]],"v":[[-81.632,-137],[-231.57,183.345],[-93.89,317.186],[-7.65,220.066],[51.324,220.229],[105.55,221.906],[158.11,-34.814],[-207.819,-312.804]],"c":true}]},{"t":124,"s":[{"i":[[-35.36,-98.72],[192,-68.079],[0,0],[-86.64,42.56],[-22.45,-3.486],[-13.304,4.703],[9.12,17.36],[0,0]],"o":[[29.04,81.12],[0,0],[4.8,-4],[13.867,-6.807],[20.547,3.19],[133.92,-47.44],[-141.52,-271.44],[0,0]],"v":[[-93.68,-134.2],[-235.52,180.279],[-97.84,314.12],[-11.6,217],[47.374,217.163],[101.6,218.84],[154.16,-37.88],[-226.8,-314.12]],"c":true}]}],"ix":2},"nm":"Path 2","mn":"ADBE Vector Shape - Group","hd":false},{"ty":"tr","p":{"a":0,"k":[0,0],"ix":2},"a":{"a":0,"k":[0,0],"ix":1},"s":{"a":0,"k":[100,100],"ix":3},"r":{"a":0,"k":0,"ix":6},"o":{"a":0,"k":100,"ix":7},"sk":{"a":0,"k":0,"ix":4},"sa":{"a":0,"k":0,"ix":5},"nm":"Transform"}],"nm":"Group 1","np":1,"cix":2,"bm":0,"ix":1,"mn":"ADBE Vector Group","hd":false},{"ty":"gf","o":{"a":0,"k":100,"ix":10},"r":1,"bm":0,"g":{"p":3,"k":{"a":0,"k":[0,1,0.969,0.702,0.625,1,0.969,0.702,1,1,0.969,0.702,0,1,0.5,0.5,1,0],"ix":9}},"s":{"a":0,"k":[-75.205,-97.078],"ix":5},"e":{"a":0,"k":[-411.172,-91.692],"ix":6},"t":2,"h":{"a":0,"k":0,"ix":7},"a":{"a":0,"k":0,"ix":8},"nm":"Gradient Fill 1","mn":"ADBE Vector Graphic - G-Fill","hd":false},{"ty":"tr","p":{"a":0,"k":[235.77,314.37],"ix":2},"a":{"a":0,"k":[0,0],"ix":1},"s":{"a":0,"k":[100,100],"ix":3},"r":{"a":0,"k":0,"ix":6},"o":{"a":0,"k":100,"ix":7},"sk":{"a":0,"k":0,"ix":4},"sa":{"a":0,"k":0,"ix":5},"nm":"Transform"}],"nm":"Group 1","np":2,"cix":2,"bm":0,"ix":1,"mn":"ADBE Vector Group","hd":false}],"ip":0,"op":196,"st":0,"bm":0},{"ddd":0,"ind":15,"ty":4,"nm":"moon","sr":1,"ks":{"o":{"a":0,"k":100,"ix":11},"r":{"a":1,"k":[{"i":{"x":[0.667],"y":[1]},"o":{"x":[0.819],"y":[0]},"t":0,"s":[0]},{"i":{"x":[0.509],"y":[1]},"o":{"x":[0.798],"y":[0]},"t":20,"s":[-6]},{"i":{"x":[0.298],"y":[1]},"o":{"x":[0.896],"y":[0]},"t":46,"s":[1]},{"i":{"x":[0.667],"y":[1]},"o":{"x":[1],"y":[0]},"t":76,"s":[-1]},{"i":{"x":[0.833],"y":[1]},"o":{"x":[0.821],"y":[0]},"t":92,"s":[1]},{"i":{"x":[0.833],"y":[1]},"o":{"x":[0.167],"y":[0]},"t":124,"s":[-4]},{"i":{"x":[0.833],"y":[1]},"o":{"x":[0.167],"y":[0]},"t":148,"s":[2]},{"i":{"x":[0.833],"y":[1]},"o":{"x":[0.167],"y":[0]},"t":164,"s":[-1]},{"t":182,"s":[0]}],"ix":10},"p":{"a":0,"k":[508.68,539.88,0],"ix":2,"l":2},"a":{"a":0,"k":[447.787,509.577,0],"ix":1,"l":2},"s":{"a":0,"k":[100,100,100],"ix":6,"l":2}},"ao":0,"shapes":[{"ty":"gr","it":[{"ind":0,"ty":"sh","ix":1,"ks":{"a":1,"k":[{"i":{"x":0.667,"y":1},"o":{"x":1,"y":0},"t":20,"s":[{"i":[[1.28,-0.319],[1.12,2.56],[-11.92,50.08],[-0.96,1.84],[0,0],[-19.36,-11.199],[-5.28,-4.16],[-0.32,-6.72],[7.92,-3.279]],"o":[[0.48,-2.56],[-3.76,-8.719],[0.64,-2.559],[0,0],[3.84,22],[5.84,3.36],[5.28,4.16],[0.48,8.561],[-1.2,0.56]],"v":[[22.44,50.12],[21.64,42.44],[-28.6,-43.641],[-26.28,-50.119],[-26.04,-49.96],[12.76,2.12],[30.04,12.44],[40.04,29.24],[26.12,49]],"c":true}]},{"i":{"x":0.667,"y":1},"o":{"x":1,"y":0},"t":38,"s":[{"i":[[1.291,-0.273],[1.025,2.599],[-13.749,49.609],[-1.027,1.804],[0,0],[-18.937,-11.902],[-5.124,-4.351],[-0.073,-6.727],[8.035,-2.987]],"o":[[0.573,-2.541],[-3.438,-8.852],[0.733,-2.535],[0,0],[3.031,22.126],[5.713,3.572],[5.124,4.351],[0.166,8.572],[-1.22,0.516]],"v":[[21.011,44.681],[20.493,36.977],[-26.557,-50.887],[-24.001,-57.278],[-23.767,-57.109],[13.098,-3.642],[29.988,7.305],[39.365,24.46],[24.729,43.697]],"c":true}]},{"i":{"x":0.667,"y":1},"o":{"x":1,"y":0},"t":58,"s":[{"i":[[1.28,-0.319],[1.12,2.56],[-11.92,50.08],[-0.96,1.84],[0,0],[-19.36,-11.199],[-5.28,-4.16],[-0.32,-6.72],[7.92,-3.279]],"o":[[0.48,-2.56],[-3.76,-8.719],[0.64,-2.559],[0,0],[3.84,22],[5.84,3.36],[5.28,4.16],[0.48,8.561],[-1.2,0.56]],"v":[[22.44,50.12],[21.64,42.44],[-28.6,-43.641],[-26.28,-50.119],[-26.04,-49.96],[12.76,2.12],[30.04,12.44],[40.04,29.24],[26.12,49]],"c":true}]},{"i":{"x":0.667,"y":1},"o":{"x":1,"y":0},"t":92,"s":[{"i":[[1.291,-0.273],[1.025,2.599],[-13.749,49.609],[-1.027,1.804],[0,0],[-18.937,-11.902],[-5.124,-4.351],[-0.073,-6.727],[8.035,-2.987]],"o":[[0.573,-2.541],[-3.438,-8.852],[0.733,-2.535],[0,0],[3.031,22.126],[5.713,3.572],[5.124,4.351],[0.166,8.572],[-1.22,0.516]],"v":[[21.011,44.681],[20.493,36.977],[-26.557,-50.887],[-24.001,-57.278],[-23.767,-57.109],[13.098,-3.642],[29.988,7.305],[39.365,24.46],[24.729,43.697]],"c":true}]},{"t":124,"s":[{"i":[[1.28,-0.319],[1.12,2.56],[-11.92,50.08],[-0.96,1.84],[0,0],[-19.36,-11.199],[-5.28,-4.16],[-0.32,-6.72],[7.92,-3.279]],"o":[[0.48,-2.56],[-3.76,-8.719],[0.64,-2.559],[0,0],[3.84,22],[5.84,3.36],[5.28,4.16],[0.48,8.561],[-1.2,0.56]],"v":[[22.44,50.12],[21.64,42.44],[-28.6,-43.641],[-26.28,-50.119],[-26.04,-49.96],[12.76,2.12],[30.04,12.44],[40.04,29.24],[26.12,49]],"c":true}]}],"ix":2},"nm":"Path 1","mn":"ADBE Vector Shape - Group","hd":false},{"ty":"fl","c":{"a":0,"k":[0.948999980852,0.651000019148,0,1],"ix":4},"o":{"a":0,"k":100,"ix":5},"r":1,"bm":0,"nm":"Fill 1","mn":"ADBE Vector Graphic - Fill","hd":false},{"ty":"tr","p":{"a":0,"k":[417.09,558.61],"ix":2},"a":{"a":0,"k":[0,0],"ix":1},"s":{"a":0,"k":[100,100],"ix":3},"r":{"a":0,"k":0,"ix":6},"o":{"a":0,"k":100,"ix":7},"sk":{"a":0,"k":0,"ix":4},"sa":{"a":0,"k":0,"ix":5},"nm":"Transform"}],"nm":"Group 1","np":2,"cix":2,"bm":0,"ix":1,"mn":"ADBE Vector Group","hd":false},{"ty":"gr","it":[{"ind":0,"ty":"sh","ix":1,"ks":{"a":1,"k":[{"i":{"x":0.667,"y":1},"o":{"x":1,"y":0},"t":20,"s":[{"i":[[-26.8,-23.359],[-114.72,6.48],[-11.6,244.481],[27.12,65.04],[4.24,-88.72],[244.32,-13.839],[89.44,144.48],[-1.12,4.321]],"o":[[97.04,84.24],[244.32,-13.839],[3.28,-69.84],[37.92,72.88],[-11.6,244.481],[-184.64,10.4],[-2.8,-4.48],[17.92,29.12]],"v":[[-380.12,183.68],[-24.12,306.16],[428.92,-151.2],[391.4,-356.56],[444.92,-111.2],[-8.12,346.16],[-445.8,118.48],[-448.04,104.88]],"c":true}]},{"i":{"x":0.667,"y":1},"o":{"x":1,"y":0},"t":38,"s":[{"i":[[-25.926,-24.327],[-114.88,2.269],[-20.557,243.89],[24.717,65.991],[7.49,-88.505],[244.663,-4.872],[84.082,147.663],[-1.277,4.276]],"o":[[93.886,87.742],[244.663,-4.872],[5.839,-69.672],[35.222,74.221],[-20.557,243.89],[-184.898,3.623],[-2.634,-4.58],[16.84,29.758]],"v":[[-388.047,165.994],[-36.778,301.445],[432.728,-138.995],[402.763,-345.593],[447.25,-98.435],[-22.255,342.005],[-451.293,98.429],[-453.033,84.756]],"c":true}]},{"i":{"x":0.667,"y":1},"o":{"x":1,"y":0},"t":58,"s":[{"i":[[-26.8,-23.359],[-114.72,6.48],[-11.6,244.481],[27.12,65.04],[4.24,-88.72],[244.32,-13.839],[89.44,144.48],[-1.12,4.321]],"o":[[97.04,84.24],[244.32,-13.839],[3.28,-69.84],[37.92,72.88],[-11.6,244.481],[-184.64,10.4],[-2.8,-4.48],[17.92,29.12]],"v":[[-380.12,183.68],[-24.12,306.16],[428.92,-151.2],[391.4,-356.56],[444.92,-111.2],[-8.12,346.16],[-445.8,118.48],[-448.04,104.88]],"c":true}]},{"i":{"x":0.667,"y":1},"o":{"x":1,"y":0},"t":92,"s":[{"i":[[-25.926,-24.327],[-114.88,2.269],[-20.557,243.89],[24.717,65.991],[7.49,-88.505],[244.663,-4.872],[84.082,147.663],[-1.277,4.276]],"o":[[93.886,87.742],[244.663,-4.872],[5.839,-69.672],[35.222,74.221],[-20.557,243.89],[-184.898,3.623],[-2.634,-4.58],[16.84,29.758]],"v":[[-388.047,165.994],[-36.778,301.445],[432.728,-138.995],[402.763,-345.593],[447.25,-98.435],[-22.255,342.005],[-451.293,98.429],[-453.033,84.756]],"c":true}]},{"t":124,"s":[{"i":[[-26.8,-23.359],[-114.72,6.48],[-11.6,244.481],[27.12,65.04],[4.24,-88.72],[244.32,-13.839],[89.44,144.48],[-1.12,4.321]],"o":[[97.04,84.24],[244.32,-13.839],[3.28,-69.84],[37.92,72.88],[-11.6,244.481],[-184.64,10.4],[-2.8,-4.48],[17.92,29.12]],"v":[[-380.12,183.68],[-24.12,306.16],[428.92,-151.2],[391.4,-356.56],[444.92,-111.2],[-8.12,346.16],[-445.8,118.48],[-448.04,104.88]],"c":true}]}],"ix":2},"nm":"Path 1","mn":"ADBE Vector Shape - Group","hd":false},{"ty":"fl","c":{"a":0,"k":[0.984000052658,0.752999997606,0.176000004189,1],"ix":4},"o":{"a":0,"k":100,"ix":5},"r":1,"bm":0,"nm":"Fill 1","mn":"ADBE Vector Graphic - Fill","hd":false},{"ty":"tr","p":{"a":0,"k":[455.09,615.13],"ix":2},"a":{"a":0,"k":[0,0],"ix":1},"s":{"a":0,"k":[100,100],"ix":3},"r":{"a":0,"k":0,"ix":6},"o":{"a":0,"k":100,"ix":7},"sk":{"a":0,"k":0,"ix":4},"sa":{"a":0,"k":0,"ix":5},"nm":"Transform"}],"nm":"Group 2","np":2,"cix":2,"bm":0,"ix":2,"mn":"ADBE Vector Group","hd":false},{"ty":"gr","it":[{"ind":0,"ty":"sh","ix":1,"ks":{"a":1,"k":[{"i":{"x":0.667,"y":1},"o":{"x":1,"y":0},"t":20,"s":[{"i":[[-53.92,1.52],[-44.08,17.68],[-13.6,7.2],[-3.84,4.8],[-1.76,5.12],[-3.84,1.92],[5.84,13.68],[-11.92,50.08],[-58.08,21.12],[-15.76,21.28],[24.4,82.56],[48.48,48.24],[-17.12,-2],[12.16,-257.36],[244.32,-13.84],[89.44,144.48],[-16.16,-5.92]],"o":[[47.44,-1.36],[14.32,-5.76],[5.28,-2.8],[3.44,-4.32],[6.96,-20.32],[10.4,-5.281],[-3.76,-8.72],[5.84,-24.401],[24.88,-9.04],[52.4,-70.48],[-19.36,-65.6],[-12.24,-12.16],[247.04,28.72],[-11.6,244.48],[-184.64,10.4],[-9.04,-14.64],[47.44,17.52]],"v":[[-272.2,246.12],[-133.56,217.32],[-91.32,198.36],[-75.56,188.04],[-69.72,172.76],[-41.96,148.84],[-17.4,115.08],[-67.64,29],[14.28,-5.72],[75.32,-54.68],[108.28,-278.68],[4.36,-452.76],[19,-483.72],[443.8,17.96],[-9.24,475.32],[-446.92,247.64],[-425.24,221.24]],"c":true}]},{"i":{"x":0.667,"y":1},"o":{"x":1,"y":0},"t":38,"s":[{"i":[[-53.939,-0.458],[-23.381,3.965],[-22.35,8.025],[1.678,25.597],[-10.465,17.443],[-13.409,-2.648],[5.334,13.885],[-13.749,49.61],[-58.816,18.976],[-16.53,20.688],[21.356,83.399],[46.678,49.985],[-17.035,-2.627],[21.588,-256.742],[244.663,-4.871],[84.082,147.662],[-15.932,-6.507]],"o":[[23.729,0.19],[23.381,-3.965],[14.521,-5.231],[-1.531,-5.307],[10.76,-29.069],[13.409,2.646],[-3.438,-8.852],[6.731,-24.169],[25.195,-8.122],[54.949,-68.511],[-16.942,-66.266],[-11.786,-12.601],[245.821,37.758],[-20.557,243.89],[-184.897,3.624],[-8.497,-14.962],[46.766,19.248]],"v":[[-277.805,232.078],[-206.969,226.391],[-138.202,208.381],[-106.276,177.407],[-109.765,135.152],[-46.974,118.171],[-18.371,110.469],[-65.421,22.604],[17.717,-9.088],[80.511,-55.777],[121.663,-278.418],[24.196,-456.191],[39.961,-486.593],[446.08,30.326],[-23.426,470.765],[-452.463,227.19],[-429.83,201.602]],"c":true}]},{"i":{"x":0.667,"y":1},"o":{"x":1,"y":0},"t":58,"s":[{"i":[[-53.92,1.52],[-44.08,17.68],[-13.6,7.2],[-3.84,4.8],[-1.76,5.12],[-3.84,1.92],[5.84,13.68],[-11.92,50.08],[-58.08,21.12],[-15.76,21.28],[24.4,82.56],[48.48,48.24],[-17.12,-2],[12.16,-257.36],[244.32,-13.84],[89.44,144.48],[-16.16,-5.92]],"o":[[47.44,-1.36],[14.32,-5.76],[5.28,-2.8],[3.44,-4.32],[6.96,-20.32],[10.4,-5.281],[-3.76,-8.72],[5.84,-24.401],[24.88,-9.04],[52.4,-70.48],[-19.36,-65.6],[-12.24,-12.16],[247.04,28.72],[-11.6,244.48],[-184.64,10.4],[-9.04,-14.64],[47.44,17.52]],"v":[[-272.2,246.12],[-133.56,217.32],[-91.32,198.36],[-75.56,188.04],[-69.72,172.76],[-41.96,148.84],[-17.4,115.08],[-67.64,29],[14.28,-5.72],[75.32,-54.68],[108.28,-278.68],[4.36,-452.76],[19,-483.72],[443.8,17.96],[-9.24,475.32],[-446.92,247.64],[-425.24,221.24]],"c":true}]},{"i":{"x":0.667,"y":1},"o":{"x":1,"y":0},"t":92,"s":[{"i":[[-53.939,-0.458],[-23.381,3.965],[-22.35,8.025],[1.678,25.597],[-10.465,17.443],[-13.409,-2.648],[5.334,13.885],[-13.749,49.61],[-58.816,18.976],[-16.53,20.688],[21.356,83.399],[46.678,49.985],[-17.035,-2.627],[21.588,-256.742],[244.663,-4.871],[84.082,147.662],[-15.932,-6.507]],"o":[[23.729,0.19],[23.381,-3.965],[14.521,-5.231],[-1.531,-5.307],[10.76,-29.069],[13.409,2.646],[-3.438,-8.852],[6.731,-24.169],[25.195,-8.122],[54.949,-68.511],[-16.942,-66.266],[-11.786,-12.601],[245.821,37.758],[-20.557,243.89],[-184.897,3.624],[-8.497,-14.962],[46.766,19.248]],"v":[[-277.805,232.078],[-206.969,226.391],[-138.202,208.381],[-106.276,177.407],[-109.765,135.152],[-46.974,118.171],[-18.371,110.469],[-65.421,22.604],[17.717,-9.088],[80.511,-55.777],[121.663,-278.418],[24.196,-456.191],[39.961,-486.593],[446.08,30.326],[-23.426,470.765],[-452.463,227.19],[-429.83,201.602]],"c":true}]},{"t":124,"s":[{"i":[[-53.92,1.52],[-44.08,17.68],[-13.6,7.2],[-3.84,4.8],[-1.76,5.12],[-3.84,1.92],[5.84,13.68],[-11.92,50.08],[-58.08,21.12],[-15.76,21.28],[24.4,82.56],[48.48,48.24],[-17.12,-2],[12.16,-257.36],[244.32,-13.84],[89.44,144.48],[-16.16,-5.92]],"o":[[47.44,-1.36],[14.32,-5.76],[5.28,-2.8],[3.44,-4.32],[6.96,-20.32],[10.4,-5.281],[-3.76,-8.72],[5.84,-24.401],[24.88,-9.04],[52.4,-70.48],[-19.36,-65.6],[-12.24,-12.16],[247.04,28.72],[-11.6,244.48],[-184.64,10.4],[-9.04,-14.64],[47.44,17.52]],"v":[[-272.2,246.12],[-133.56,217.32],[-91.32,198.36],[-75.56,188.04],[-69.72,172.76],[-41.96,148.84],[-17.4,115.08],[-67.64,29],[14.28,-5.72],[75.32,-54.68],[108.28,-278.68],[4.36,-452.76],[19,-483.72],[443.8,17.96],[-9.24,475.32],[-446.92,247.64],[-425.24,221.24]],"c":true}]}],"ix":2},"nm":"Path 1","mn":"ADBE Vector Shape - Group","hd":false},{"ty":"fl","c":{"a":0,"k":[1,0.898000021542,0.344999994016,1],"ix":4},"o":{"a":0,"k":100,"ix":5},"r":1,"bm":0,"nm":"Fill 2","mn":"ADBE Vector Graphic - Fill","hd":false},{"ty":"fl","c":{"a":0,"k":[1,0.898000021542,0.344999994016,1],"ix":4},"o":{"a":0,"k":100,"ix":5},"r":1,"bm":0,"nm":"Fill 1","mn":"ADBE Vector Graphic - Fill","hd":false},{"ty":"tr","p":{"a":0,"k":[456.21,485.97],"ix":2},"a":{"a":0,"k":[0,0],"ix":1},"s":{"a":0,"k":[100,100],"ix":3},"r":{"a":0,"k":0,"ix":6},"o":{"a":0,"k":100,"ix":7},"sk":{"a":0,"k":0,"ix":4},"sa":{"a":0,"k":0,"ix":5},"nm":"Transform"}],"nm":"Group 3","np":3,"cix":2,"bm":0,"ix":3,"mn":"ADBE Vector Group","hd":false}],"ip":0,"op":196,"st":0,"bm":0}]}],"layers":[{"ddd":0,"ind":1,"ty":0,"nm":"First quarter moon face","refId":"comp_0","sr":1,"ks":{"o":{"a":0,"k":100,"ix":11},"r":{"a":0,"k":0,"ix":10},"p":{"a":0,"k":[512,512,0],"ix":2,"l":2},"a":{"a":0,"k":[512,512,0],"ix":1,"l":2},"s":{"a":0,"k":[100,100,100],"ix":6,"l":2}},"ao":0,"w":1024,"h":1024,"ip":142,"op":246,"st":50,"bm":0},{"ddd":0,"ind":2,"ty":0,"nm":"First quarter moon face","refId":"comp_0","sr":1,"ks":{"o":{"a":0,"k":100,"ix":11},"r":{"a":0,"k":0,"ix":10},"p":{"a":0,"k":[512,512,0],"ix":2,"l":2},"a":{"a":0,"k":[512,512,0],"ix":1,"l":2},"s":{"a":0,"k":[100,100,100],"ix":6,"l":2}},"ao":0,"hasMask":true,"masksProperties":[{"inv":false,"mode":"a","pt":{"a":0,"k":{"i":[[0,0],[0,0],[0,0],[0,0]],"o":[[0,0],[0,0],[0,0],[0,0]],"v":[[348,170],[-82,170],[-82,578],[348,578]],"c":true},"ix":1},"o":{"a":0,"k":100,"ix":3},"x":{"a":0,"k":0,"ix":4},"nm":"Mask 1"}],"w":1024,"h":1024,"ip":80,"op":108,"st":0,"bm":0},{"ddd":0,"ind":3,"ty":0,"nm":"First quarter moon face","refId":"comp_0","sr":1,"ks":{"o":{"a":0,"k":100,"ix":11},"r":{"a":0,"k":0,"ix":10},"p":{"a":0,"k":[512,512,0],"ix":2,"l":2},"a":{"a":0,"k":[512,512,0],"ix":1,"l":2},"s":{"a":0,"k":[100,100,100],"ix":6,"l":2}},"ao":0,"w":1024,"h":1024,"ip":92,"op":142,"st":50,"bm":0},{"ddd":0,"ind":4,"ty":0,"nm":"First quarter moon face","refId":"comp_0","sr":1,"ks":{"o":{"a":0,"k":100,"ix":11},"r":{"a":0,"k":0,"ix":10},"p":{"a":0,"k":[512,512,0],"ix":2,"l":2},"a":{"a":0,"k":[512,512,0],"ix":1,"l":2},"s":{"a":0,"k":[100,100,100],"ix":6,"l":2}},"ao":0,"w":1024,"h":1024,"ip":42,"op":92,"st":0,"bm":0},{"ddd":0,"ind":5,"ty":0,"nm":"First quarter moon face","refId":"comp_0","sr":1,"ks":{"o":{"a":0,"k":100,"ix":11},"r":{"a":0,"k":0,"ix":10},"p":{"a":0,"k":[512,512,0],"ix":2,"l":2},"a":{"a":0,"k":[512,512,0],"ix":1,"l":2},"s":{"a":0,"k":[100,100,100],"ix":6,"l":2}},"ao":0,"w":1024,"h":1024,"ip":0,"op":42,"st":0,"bm":0}],"markers":[{"tm":0,"cm":"Rest","dr":0}]}