{"v":"5.8.1","fr":60,"ip":0,"op":300,"w":1024,"h":1024,"nm":"emoji_Gear","ddd":0,"assets":[],"layers":[{"ddd":0,"ind":1,"ty":4,"nm":"shine","sr":1,"ks":{"o":{"a":0,"k":100,"ix":11},"r":{"a":0,"k":0,"ix":10},"p":{"a":0,"k":[464.76,460.04,0],"ix":2,"l":2},"a":{"a":0,"k":[263.17,261.97,0],"ix":1,"l":2},"s":{"a":0,"k":[100,100,100],"ix":6,"l":2}},"ao":0,"shapes":[{"ty":"gr","it":[{"ind":0,"ty":"sh","ix":1,"ks":{"a":0,"k":{"i":[[0,2.96],[-177.84,6.88],[-8.8,-7.92],[4.72,-10.48],[4.08,-0.16],[0.08,-145.76],[0.8,-2.08],[0,0],[7.28,15.28]],"o":[[-0.08,-176.24],[5.44,-0.24],[8.08,7.28],[-7.6,16.88],[-148.08,5.28],[0,2.32],[0,0],[-6.08,15.84],[-1.2,-2.72]],"v":[[-172.2,152.4],[132.84,-176],[161.24,-168.08],[167.56,-137.52],[140.68,-120.8],[-132.84,150.8],[-134.04,157.52],[-134.84,159.52],[-170.28,160.96]],"c":true},"ix":2},"nm":"Path 1","mn":"ADBE Vector Shape - Group","hd":false},{"ty":"fl","c":{"a":0,"k":[0.579999976065,0.819999964097,0.877999997606,1],"ix":4},"o":{"a":0,"k":100,"ix":5},"r":1,"bm":0,"nm":"Fill 1","mn":"ADBE Vector Graphic - Fill","hd":false},{"ty":"tr","p":{"a":0,"k":[172.53,176.49],"ix":2},"a":{"a":0,"k":[0,0],"ix":1},"s":{"a":0,"k":[100,100],"ix":3},"r":{"a":0,"k":0,"ix":6},"o":{"a":0,"k":100,"ix":7},"sk":{"a":0,"k":0,"ix":4},"sa":{"a":0,"k":0,"ix":5},"nm":"Transform"}],"nm":"Group 1","np":2,"cix":2,"bm":0,"ix":1,"mn":"ADBE Vector Group","hd":false},{"ty":"gr","it":[{"ind":0,"ty":"sh","ix":1,"ks":{"a":0,"k":{"i":[[0.08,2.561],[-97.44,0],[-6.4,-7.36],[8.8,-9.36],[4.64,-0.639],[5.2,-59.36],[14.16,-1.681]],"o":[[-5.36,-105.2],[5.2,0],[8.08,9.439],[-6.48,6.881],[-98.4,12.72],[-0.24,2.64],[-17.2,2]],"v":[[-91.68,81.239],[68.4,-101.08],[88.24,-93.72],[88.24,-63.561],[68,-55.561],[-58.64,78.599],[-72.32,99.08]],"c":true},"ix":2},"nm":"Path 1","mn":"ADBE Vector Shape - Group","hd":false},{"ty":"fl","c":{"a":0,"k":[0.725,0.894000004787,0.917999985639,1],"ix":4},"o":{"a":0,"k":100,"ix":5},"r":1,"bm":0,"nm":"Fill 1","mn":"ADBE Vector Graphic - Fill","hd":false},{"ty":"tr","p":{"a":0,"k":[241.05,243.251],"ix":2},"a":{"a":0,"k":[0,0],"ix":1},"s":{"a":0,"k":[100,100],"ix":3},"r":{"a":0,"k":0,"ix":6},"o":{"a":0,"k":100,"ix":7},"sk":{"a":0,"k":0,"ix":4},"sa":{"a":0,"k":0,"ix":5},"nm":"Transform"}],"nm":"Group 2","np":2,"cix":2,"bm":0,"ix":2,"mn":"ADBE Vector Group","hd":false},{"ty":"gr","it":[{"ind":0,"ty":"sh","ix":1,"ks":{"a":0,"k":{"i":[[-1.76,-2.08],[2.8,-48.64],[89.36,-3.92],[29.44,18.88],[-1.92,-1.92],[-56,4.399],[-7.92,86.161],[49.36,35.68]],"o":[[29.36,33.44],[-5.2,89.28],[-38,1.68],[-2.24,-1.441],[35.68,36.401],[86.24,-6.8],[6.16,-66.88],[-2.32,-1.6]],"v":[[74.44,-160.52],[117.88,-33.72],[-50.12,131.72],[-153,104.121],[-155.72,107.64],[-12.92,161.001],[151.48,-1.16],[77.64,-163.8]],"c":true},"ix":2},"nm":"Path 1","mn":"ADBE Vector Shape - Group","hd":false},{"ty":"fl","c":{"a":0,"k":[0.184000007779,0.470999983245,0.536999990426,1],"ix":4},"o":{"a":0,"k":100,"ix":5},"r":1,"bm":0,"nm":"Fill 1","mn":"ADBE Vector Graphic - Fill","hd":false},{"ty":"tr","p":{"a":0,"k":[368.45,358.29],"ix":2},"a":{"a":0,"k":[0,0],"ix":1},"s":{"a":0,"k":[100,100],"ix":3},"r":{"a":0,"k":0,"ix":6},"o":{"a":0,"k":100,"ix":7},"sk":{"a":0,"k":0,"ix":4},"sa":{"a":0,"k":0,"ix":5},"nm":"Transform"}],"nm":"Group 3","np":2,"cix":2,"bm":0,"ix":3,"mn":"ADBE Vector Group","hd":false}],"ip":0,"op":300,"st":0,"bm":0},{"ddd":0,"ind":2,"ty":4,"nm":"gear","sr":1,"ks":{"o":{"a":0,"k":100,"ix":11},"r":{"a":1,"k":[{"i":{"x":[0.833],"y":[0.833]},"o":{"x":[0.167],"y":[0.167]},"t":0,"s":[0]},{"t":300,"s":[-360]}],"ix":10},"p":{"a":0,"k":[512,512,0],"ix":2,"l":2},"a":{"a":0,"k":[480.25,480.25,0],"ix":1,"l":2},"s":{"a":0,"k":[100,100,100],"ix":6,"l":2}},"ao":0,"shapes":[{"ty":"gr","it":[{"ind":0,"ty":"sh","ix":1,"ks":{"a":0,"k":{"i":[[49.84,0],[0,49.84],[-49.84,0],[0,-49.84]],"o":[[-49.84,0],[0,-49.84],[49.84,0],[0,49.84]],"v":[[0,90.24],[-90.24,0],[0,-90.24],[90.24,0]],"c":true},"ix":2},"nm":"Path 1","mn":"ADBE Vector Shape - Group","hd":false},{"ind":1,"ty":"sh","ix":2,"ks":{"a":0,"k":{"i":[[0,4.719],[0,0],[4.64,0.48],[0,0],[1.04,3.6],[11.6,21.04],[-2.4,2.88],[0,0],[3.36,3.28],[0,0],[3.68,-2.96],[0,0],[3.28,1.76],[23.52,6.88],[0.4,3.76],[0,0],[4.72,0],[0,0],[0.48,-4.64],[0,0],[3.6,-1.04],[21.04,-11.6],[2.88,2.4],[0,0],[3.28,-3.36],[0,0],[-2.96,-3.68],[0,0],[1.76,-3.28],[6.88,-23.52],[3.76,-0.4],[0,0],[0,-4.72],[0,0],[-4.64,-0.481],[0,0],[-1.04,-3.6],[-11.6,-21.04],[2.4,-2.88],[0,0],[-3.36,-3.281],[0,0],[-3.68,2.96],[0,0],[-3.28,-1.761],[-23.52,-6.88],[-0.4,-3.76],[0,0],[-4.72,0],[0,0],[-0.48,4.64],[0,0],[-3.6,1.04],[-21.04,11.601],[-2.88,-2.4],[0,0],[-3.28,3.36],[0,0],[2.96,3.679],[0,0],[-1.76,3.28],[-6.88,23.519],[-3.76,0.399],[0,0]],"o":[[0,0],[0,-4.72],[0,0],[-3.76,-0.4],[-6.88,-23.6],[-1.84,-3.28],[0,0],[2.96,-3.68],[0,0],[-3.36,-3.36],[0,0],[-2.96,2.4],[-21.12,-11.6],[-3.6,-1.04],[0,0],[-0.48,-4.64],[0,0],[-4.72,0],[0,0],[-0.4,3.76],[-23.6,6.88],[-3.28,1.84],[0,0],[-3.68,-2.96],[0,0],[-3.36,3.36],[0,0],[2.4,2.96],[-11.6,21.12],[-1.04,3.6],[0,0],[-4.64,0.48],[0,0],[0,4.719],[0,0],[3.76,0.399],[6.88,23.6],[1.84,3.28],[0,0],[-2.96,3.681],[0,0],[3.36,3.36],[0,0],[2.96,-2.4],[21.12,11.6],[3.6,1.04],[0,0],[0.48,4.72],[0,0],[4.72,0],[0,0],[0.4,-3.76],[23.6,-6.88],[3.28,-1.84],[0,0],[3.68,2.96],[0,0],[3.36,-3.36],[0,0],[-2.4,-2.96],[11.6,-21.12],[1.04,-3.6],[0,0],[4.64,-0.481]],"v":[[480,62.8],[480,-62.8],[471.76,-72],[329.12,-87.12],[321.28,-93.76],[293.44,-160.88],[294.32,-171.12],[384.56,-282.64],[383.92,-294.96],[295.12,-383.76],[282.8,-384.4],[171.12,-294.24],[160.88,-293.36],[93.76,-321.2],[87.12,-329.04],[72,-471.76],[62.8,-480],[-62.8,-480],[-72,-471.76],[-87.12,-329.12],[-93.76,-321.28],[-160.88,-293.44],[-171.12,-294.32],[-282.64,-384.48],[-294.96,-383.84],[-383.76,-295.04],[-384.4,-282.72],[-294.16,-171.2],[-293.28,-160.96],[-321.12,-93.84],[-328.96,-87.2],[-471.76,-72],[-480,-62.8],[-480,62.8],[-471.76,72],[-329.12,87.12],[-321.28,93.76],[-293.44,160.88],[-294.32,171.12],[-384.48,282.639],[-383.84,294.96],[-295.04,383.76],[-282.72,384.4],[-171.2,294.16],[-160.96,293.28],[-93.84,321.12],[-87.2,328.96],[-72,471.76],[-62.8,480],[62.8,480],[72,471.76],[87.12,329.12],[93.76,321.28],[160.88,293.439],[171.12,294.32],[282.64,384.559],[294.96,383.92],[383.76,295.12],[384.4,282.8],[294.16,171.28],[293.28,161.04],[321.12,93.92],[328.96,87.28],[471.76,72]],"c":true},"ix":2},"nm":"Path 2","mn":"ADBE Vector Shape - Group","hd":false},{"ty":"mm","mm":1,"nm":"Merge Paths 1","mn":"ADBE Vector Filter - Merge","hd":false},{"ty":"fl","c":{"a":0,"k":[0.510000011968,0.681999954523,0.752999997606,1],"ix":4},"o":{"a":0,"k":100,"ix":5},"r":1,"bm":0,"nm":"Fill 1","mn":"ADBE Vector Graphic - Fill","hd":false},{"ty":"tr","p":{"a":0,"k":[480.25,480.25],"ix":2},"a":{"a":0,"k":[0,0],"ix":1},"s":{"a":0,"k":[100,100],"ix":3},"r":{"a":0,"k":0,"ix":6},"o":{"a":0,"k":100,"ix":7},"sk":{"a":0,"k":0,"ix":4},"sa":{"a":0,"k":0,"ix":5},"nm":"Transform"}],"nm":"Group 1","np":4,"cix":2,"bm":0,"ix":1,"mn":"ADBE Vector Group","hd":false}],"ip":0,"op":300,"st":0,"bm":0}],"markers":[{"tm":0,"cm":"rest","dr":0}]}