{"v":"5.8.1","fr":60,"ip":0,"op":85,"w":1024,"h":1024,"nm":"emoji_savoring-food","ddd":0,"assets":[],"layers":[{"ddd":0,"ind":1,"ty":3,"nm":"Null ALL","sr":1,"ks":{"o":{"a":0,"k":0,"ix":11},"r":{"a":0,"k":0,"ix":10},"p":{"s":true,"x":{"a":1,"k":[{"i":{"x":[0.667],"y":[1]},"o":{"x":[0.333],"y":[0]},"t":42.5,"s":[512]},{"i":{"x":[0.833],"y":[1]},"o":{"x":[0.333],"y":[0]},"t":55,"s":[512]},{"t":62.5,"s":[512]}],"ix":3},"y":{"a":1,"k":[{"i":{"x":[0.667],"y":[1]},"o":{"x":[0.333],"y":[0]},"t":0,"s":[486]},{"i":{"x":[0.667],"y":[1]},"o":{"x":[0.333],"y":[0]},"t":20,"s":[486]},{"i":{"x":[0.667],"y":[1]},"o":{"x":[0.333],"y":[0]},"t":42.5,"s":[542]},{"i":{"x":[0.833],"y":[1]},"o":{"x":[0.333],"y":[0]},"t":55,"s":[522]},{"i":{"x":[0.266],"y":[1]},"o":{"x":[0.167],"y":[0.167]},"t":62.5,"s":[522]},{"t":82,"s":[486]}],"ix":4}},"a":{"a":0,"k":[0,0,0],"ix":1,"l":2},"s":{"a":0,"k":[100,100,100],"ix":6,"l":2}},"ao":0,"ip":0,"op":85,"st":0,"bm":0},{"ddd":0,"ind":2,"ty":3,"nm":"Null Face","parent":1,"sr":1,"ks":{"o":{"a":0,"k":0,"ix":11},"r":{"a":1,"k":[{"i":{"x":[0.667],"y":[1]},"o":{"x":[0.333],"y":[0]},"t":0,"s":[20.001]},{"i":{"x":[0.604],"y":[1]},"o":{"x":[0.333],"y":[0]},"t":20,"s":[-8.254]},{"i":{"x":[0.667],"y":[1]},"o":{"x":[0.333],"y":[0]},"t":37.5,"s":[0]},{"i":{"x":[0.767],"y":[0.503]},"o":{"x":[0.333],"y":[0]},"t":57.5,"s":[0]},{"i":{"x":[0.667],"y":[1]},"o":{"x":[0.194],"y":[0.789]},"t":70,"s":[12.286]},{"t":85,"s":[20.001]}],"ix":10},"p":{"s":true,"x":{"a":1,"k":[{"i":{"x":[0.833],"y":[0.833]},"o":{"x":[0.167],"y":[0.167]},"t":0,"s":[-4]},{"i":{"x":[0.667],"y":[1]},"o":{"x":[0.167],"y":[0.167]},"t":10,"s":[-4]},{"i":{"x":[0.667],"y":[1]},"o":{"x":[0.333],"y":[0]},"t":20,"s":[0]},{"i":{"x":[0.833],"y":[0.833]},"o":{"x":[0.333],"y":[0]},"t":57.5,"s":[0]},{"i":{"x":[0.667],"y":[1]},"o":{"x":[0.167],"y":[0.167]},"t":70,"s":[-7.714]},{"t":82,"s":[-4]}],"ix":3},"y":{"a":1,"k":[{"i":{"x":[0.667],"y":[1]},"o":{"x":[0.167],"y":[0]},"t":0,"s":[-74]},{"i":{"x":[0.771],"y":[0.621]},"o":{"x":[0.333],"y":[0]},"t":10,"s":[-74]},{"i":{"x":[0.667],"y":[1]},"o":{"x":[0.277],"y":[0.602]},"t":20,"s":[-35.447]},{"i":{"x":[0.667],"y":[1]},"o":{"x":[0.333],"y":[0]},"t":37.5,"s":[16]},{"i":{"x":[0.667],"y":[1]},"o":{"x":[0.333],"y":[0]},"t":55,"s":[12]},{"i":{"x":[0.723],"y":[0.778]},"o":{"x":[0.333],"y":[0]},"t":57.5,"s":[12]},{"i":{"x":[0.667],"y":[1]},"o":{"x":[0.278],"y":[0.58]},"t":70,"s":[-50.857]},{"t":82,"s":[-74]}],"ix":4}},"a":{"a":0,"k":[0,0,0],"ix":1,"l":2},"s":{"a":0,"k":[100,100,100],"ix":6,"l":2}},"ao":0,"ip":0,"op":85,"st":0,"bm":0},{"ddd":0,"ind":3,"ty":4,"nm":"eyes","parent":2,"sr":1,"ks":{"o":{"a":0,"k":100,"ix":11},"r":{"a":0,"k":0,"ix":10},"p":{"a":0,"k":[0,-107.859,0],"ix":2,"l":2},"a":{"a":0,"k":[3.047,-2.859,0],"ix":1,"l":2},"s":{"a":0,"k":[100,100,100],"ix":6,"l":2}},"ao":0,"shapes":[{"ty":"gr","it":[{"ind":0,"ty":"sh","ix":1,"ks":{"a":0,"k":{"i":[[18.021,23.403],[33.901,-42.7],[-19.19,33.512],[-50.083,-15.082],[-11.234,-33.918]],"o":[[-33.162,-43.215],[-24.948,29.975],[19.808,-47.301],[34.924,9.343],[9.362,28.129]],"v":[[-115.642,41.672],[-223.482,40.713],[-267.481,7.033],[-142.922,-55.286],[-68.842,16.872]],"c":true},"ix":2},"nm":"Path 1","mn":"ADBE Vector Shape - Group","hd":false},{"ind":1,"ty":"sh","ix":2,"ks":{"a":0,"k":{"i":[[0,0],[32.896,-43.481],[-12.323,30.963],[-1.449,3.165],[-50.106,-15.081],[-10.943,-34.079],[17.99,23.137]],"o":[[-32.798,-42.469],[-17.962,27.602],[1.151,-3.285],[19.408,-47.597],[34.812,9.386],[9.353,27.807],[0,0]],"v":[[230.998,41.672],[123.158,40.873],[75.158,16.871],[78.838,7.032],[203.318,-55.606],[277.318,16.632],[230.758,41.672]],"c":true},"ix":2},"nm":"Path 2","mn":"ADBE Vector Shape - Group","hd":false},{"ty":"fl","c":{"a":0,"k":[0.258823529412,0.16862745098,0.050980392157,1],"ix":4},"o":{"a":0,"k":100,"ix":5},"r":1,"bm":0,"nm":"Fill 1","mn":"ADBE Vector Graphic - Fill","hd":false},{"ty":"tr","p":{"a":0,"k":[0,0],"ix":2},"a":{"a":0,"k":[0,0],"ix":1},"s":{"a":0,"k":[100,100],"ix":3},"r":{"a":0,"k":0,"ix":6},"o":{"a":0,"k":100,"ix":7},"sk":{"a":0,"k":0,"ix":4},"sa":{"a":0,"k":0,"ix":5},"nm":"Transform"}],"nm":"Shape 1","np":4,"cix":2,"bm":0,"ix":1,"mn":"ADBE Vector Group","hd":false}],"ip":0,"op":85,"st":-17.5,"bm":0},{"ddd":0,"ind":4,"ty":3,"nm":"Null Mouth","parent":2,"sr":1,"ks":{"o":{"a":0,"k":0,"ix":11},"r":{"a":0,"k":0,"ix":10},"p":{"a":1,"k":[{"i":{"x":0.667,"y":1},"o":{"x":0.167,"y":0.167},"t":0,"s":[-15.033,19.236,0],"to":[0,0,0],"ti":[0,0,0]},{"i":{"x":0,"y":1},"o":{"x":0.333,"y":0},"t":20,"s":[-15.033,19.236,0],"to":[0,0,0],"ti":[0,0,0]},{"i":{"x":0.667,"y":0.667},"o":{"x":0.333,"y":0.333},"t":37.5,"s":[0,0,0],"to":[0,0,0],"ti":[0,0,0]},{"i":{"x":0.833,"y":0.833},"o":{"x":0.333,"y":0},"t":57.5,"s":[0,0,0],"to":[0,0,0],"ti":[0,0,0]},{"i":{"x":0.833,"y":0.833},"o":{"x":0.167,"y":0.167},"t":70,"s":[-16.891,16.66,0],"to":[0,0,0],"ti":[0,0,0]},{"t":82,"s":[-15.033,19.236,0]}],"ix":2,"l":2},"a":{"a":0,"k":[0,0,0],"ix":1,"l":2},"s":{"a":1,"k":[{"i":{"x":[0.667,0.667,0.667],"y":[1,1,1]},"o":{"x":[0.167,0.167,0.167],"y":[0.167,0.167,0]},"t":0,"s":[90,90,100]},{"i":{"x":[0.349,0.349,0.667],"y":[1,1,1]},"o":{"x":[0.333,0.333,0.333],"y":[0,0,0]},"t":10,"s":[90,90,100]},{"i":{"x":[0.667,0.667,0.667],"y":[1,1,1]},"o":{"x":[0.333,0.333,0.333],"y":[0,0,0]},"t":37.5,"s":[100,100,100]},{"i":{"x":[0.667,0.667,0.667],"y":[1,1,1]},"o":{"x":[0.333,0.333,0.333],"y":[0,0,0]},"t":50,"s":[100,100,100]},{"i":{"x":[0.42,0.42,0.667],"y":[1,1,1]},"o":{"x":[0.333,0.333,0.333],"y":[0,0,0]},"t":57.5,"s":[100,100,100]},{"t":82,"s":[90,90,100]}],"ix":6,"l":2}},"ao":0,"ip":0,"op":85,"st":0,"bm":0},{"ddd":0,"ind":5,"ty":4,"nm":"mouth top mask","parent":15,"td":1,"sr":1,"ks":{"o":{"a":0,"k":100,"ix":11},"r":{"a":0,"k":0,"ix":10},"p":{"a":0,"k":[0.45,1.202,0],"ix":2,"l":2},"a":{"a":0,"k":[0.45,1.202,0],"ix":1,"l":2},"s":{"a":0,"k":[100,100,100],"ix":6,"l":2}},"ao":0,"shapes":[{"ty":"gr","it":[{"ind":0,"ty":"sh","ix":1,"ks":{"a":0,"k":{"i":[[-8.773,-17.232],[-21.52,-25.12],[-27.44,-17.68],[-31.12,-9.44],[-62.72,18.32],[-27.28,17.76],[-21.52,24.8],[-13.6,30.08],[0,0],[0,0],[244.164,-6.751],[0,0],[8.205,-43.549],[-10.932,4.087]],"o":[[17.064,33.516],[21.28,24.8],[27.28,17.76],[62.72,18.32],[31.12,-9.44],[27.76,-17.6],[21.52,-25.04],[0,0],[4.8,-8.72],[0,0],[-254.038,7.024],[0,0],[-11.021,58.49],[10.932,-4.087]],"v":[[-331.961,-130.36],[-279.081,-46.92],[-205.641,17.08],[-117.641,58.12],[74.36,58.12],[162.36,17.08],[236.76,-46.92],[289.64,-129.96],[289.64,-129.96],[285.709,-324.76],[-21.513,-449.88],[-332.531,-340.92],[-392.273,-203.896],[-365.06,-137.126]],"c":true},"ix":2},"nm":"Path 1","mn":"ADBE Vector Shape - Group","hd":false},{"ty":"fl","c":{"a":0,"k":[0.258999992819,0.169000004787,0.051000000449,1],"ix":4},"o":{"a":0,"k":100,"ix":5},"r":1,"bm":0,"nm":"Fill 1","mn":"ADBE Vector Graphic - Fill","hd":false},{"ty":"tr","p":{"a":0,"k":[22,12],"ix":2},"a":{"a":0,"k":[0,0],"ix":1},"s":{"a":0,"k":[100,100],"ix":3},"r":{"a":0,"k":0,"ix":6},"o":{"a":0,"k":100,"ix":7},"sk":{"a":0,"k":0,"ix":4},"sa":{"a":0,"k":0,"ix":5},"nm":"Transform"}],"nm":"Group 1","np":2,"cix":2,"bm":0,"ix":1,"mn":"ADBE Vector Group","hd":false}],"ip":30,"op":85,"st":37.5,"bm":0},{"ddd":0,"ind":6,"ty":4,"nm":"base tapa top","parent":18,"tt":1,"sr":1,"ks":{"o":{"a":0,"k":100,"ix":11},"r":{"a":0,"k":0,"ix":10},"p":{"a":0,"k":[0,0,0],"ix":2,"l":2},"a":{"a":0,"k":[0,0,0],"ix":1,"l":2},"s":{"a":0,"k":[100,100,100],"ix":6,"l":2}},"ao":0,"shapes":[{"ty":"gr","it":[{"ind":0,"ty":"sh","ix":1,"ks":{"a":0,"k":{"i":[[15.4,0],[0,38.4],[-27.9,0],[-10.6,-9.3],[0,-16.9],[11.5,-10.2]],"o":[[-27.9,0],[0,-38.4],[15.5,0],[11.5,10.2],[0,16.9],[-10.6,9.3]],"v":[[0,55.9],[-58,0],[0,-55.9],[40.4,-41.5],[58,0],[40.4,41.4]],"c":true},"ix":2},"nm":"Path 1","mn":"ADBE Vector Shape - Group","hd":false},{"ty":"gf","o":{"a":0,"k":100,"ix":10},"r":1,"bm":0,"g":{"p":5,"k":{"a":0,"k":[0.48,0.992,0.878,0.188,0.691,0.98,0.816,0.178,0.902,0.969,0.753,0.169,0.966,0.963,0.694,0.153,1,0.957,0.635,0.137],"ix":9}},"s":{"a":0,"k":[0,0],"ix":5},"e":{"a":0,"k":[56.225,0],"ix":6},"t":2,"h":{"a":0,"k":0,"ix":7},"a":{"a":0,"k":0,"ix":8},"nm":"Gradient Fill 1","mn":"ADBE Vector Graphic - G-Fill","hd":false},{"ty":"tr","p":{"a":0,"k":[0,0],"ix":2},"a":{"a":0,"k":[0,0],"ix":1},"s":{"a":0,"k":[100,100],"ix":3},"r":{"a":0,"k":0,"ix":6},"o":{"a":0,"k":100,"ix":7},"sk":{"a":0,"k":0,"ix":4},"sa":{"a":0,"k":0,"ix":5},"nm":"Transform"}],"nm":"Group 1","np":2,"cix":2,"bm":0,"ix":1,"mn":"ADBE Vector Group","hd":false}],"ip":30,"op":85,"st":37.5,"bm":0},{"ddd":0,"ind":7,"ty":4,"nm":"TONGUE matte","parent":4,"td":1,"sr":1,"ks":{"o":{"a":0,"k":30,"ix":11},"r":{"a":1,"k":[{"i":{"x":[0],"y":[1]},"o":{"x":[0.167],"y":[0.167]},"t":30,"s":[19.572]},{"t":50,"s":[0],"h":1},{"i":{"x":[0.833],"y":[0.833]},"o":{"x":[0.333],"y":[0]},"t":57.5,"s":[0]},{"i":{"x":[0.667],"y":[1]},"o":{"x":[0.167],"y":[0.167]},"t":67.5,"s":[29.403]},{"t":82,"s":[69.896]}],"ix":10},"p":{"a":1,"k":[{"i":{"x":0,"y":1},"o":{"x":0.167,"y":0.167},"t":30,"s":[98.632,153.895,0],"to":[13.873,2.661,0],"ti":[-12.373,5.839,0]},{"t":50,"s":[141.627,174.339,0],"h":1},{"i":{"x":0.833,"y":0.833},"o":{"x":0.333,"y":0},"t":57.5,"s":[141.627,174.339,0],"to":[-82.627,61.661,0],"ti":[77.627,25.339,0]},{"i":{"x":0.667,"y":1},"o":{"x":0.167,"y":0.167},"t":67.5,"s":[-64.93,238.584,0],"to":[-48.627,-15.873,0],"ti":[32.533,18.899,0]},{"t":82,"s":[-198.714,175.553,0]}],"ix":2,"l":2},"a":{"a":0,"k":[141.627,174.339,0],"ix":1,"l":2},"s":{"a":0,"k":[100,100,100],"ix":6,"l":2}},"ao":0,"shapes":[{"ty":"gr","it":[{"ind":0,"ty":"sh","ix":1,"ks":{"a":1,"k":[{"i":{"x":0,"y":1},"o":{"x":0.167,"y":0.167},"t":30,"s":[{"i":[[0,0],[-3.083,-45.383]],"o":[[0,0],[3.083,45.383]],"v":[[102.732,67.829],[182.372,172.58]],"c":false}]},{"t":50,"s":[{"i":[[0,0],[0,0]],"o":[[0,0],[0,0]],"v":[[153.5,179],[243,272.5]],"c":false}],"h":1},{"i":{"x":0.833,"y":0.833},"o":{"x":0.333,"y":0},"t":57.5,"s":[{"i":[[0,0],[0,0]],"o":[[0,0],[0,0]],"v":[[153.5,179],[243,272.5]],"c":false}]},{"i":{"x":0.833,"y":0.833},"o":{"x":0.167,"y":0.167},"t":67.5,"s":[{"i":[[-6.482,-46.645],[0,0]],"o":[[10.562,76.011],[0,0]],"v":[[73.231,112.701],[158.409,221.319]],"c":false}]},{"i":{"x":0.667,"y":1},"o":{"x":0.167,"y":0.167},"t":75,"s":[{"i":[[-27.524,-29.03],[0,0]],"o":[[28.554,36.445],[0,0]],"v":[[60.028,116.347],[120.378,235.605]],"c":false}]},{"t":82,"s":[{"i":[[-34.631,-23.081],[0,0]],"o":[[34.631,23.081],[0,0]],"v":[[47.02,48.111],[98.984,170.963]],"c":false}]}],"ix":2},"nm":"Path 1","mn":"ADBE Vector Shape - Group","hd":false},{"ty":"st","c":{"a":0,"k":[0.901960784314,0.16862745098,0.419607843137,1],"ix":3},"o":{"a":0,"k":100,"ix":4},"w":{"a":0,"k":30,"ix":5},"lc":2,"lj":2,"bm":0,"nm":"Stroke 1","mn":"ADBE Vector Graphic - Stroke","hd":false},{"ty":"fl","c":{"a":0,"k":[1,0.250980392157,0.505882352941,1],"ix":4},"o":{"a":0,"k":100,"ix":5},"r":1,"bm":0,"nm":"Fill 1","mn":"ADBE Vector Graphic - Fill","hd":false},{"ty":"tr","p":{"a":0,"k":[0,0],"ix":2},"a":{"a":0,"k":[0,0],"ix":1},"s":{"a":0,"k":[100,100],"ix":3},"r":{"a":0,"k":0,"ix":6},"o":{"a":0,"k":100,"ix":7},"sk":{"a":0,"k":0,"ix":4},"sa":{"a":0,"k":0,"ix":5},"nm":"Transform"}],"nm":"Shape 2","np":3,"cix":2,"bm":0,"ix":1,"mn":"ADBE Vector Group","hd":false},{"ty":"gr","it":[{"ind":0,"ty":"sh","ix":1,"ks":{"a":1,"k":[{"i":{"x":0,"y":1},"o":{"x":0.167,"y":0.167},"t":30,"s":[{"i":[[0,0],[0,0],[-36.688,-84.372],[-55.994,34.53],[-7.084,3.993],[29.967,73.123]],"o":[[0,0],[0,0],[23.969,55.123],[9.18,-5.661],[48.923,-27.579],[-49.137,-119.899]],"v":[[137.973,-86.364],[-15.828,140.559],[84.539,257.641],[252.514,298.349],[273.957,284.95],[318.551,115.488]],"c":true}]},{"t":50,"s":[{"i":[[0,0],[0,0],[-54,-57],[-47.75,45.25],[-6.117,5.357],[51.972,59.531]],"o":[[0,0],[0,0],[41.339,43.636],[7.828,-7.418],[42.25,-37],[-55,-63]],"v":[[216,43],[11,225],[168,393],[340.75,398.5],[359,381],[368,206]],"c":true}],"h":1},{"i":{"x":0.833,"y":0.833},"o":{"x":0.333,"y":0},"t":57.5,"s":[{"i":[[0,0],[0,0],[-54,-57],[-47.75,45.25],[-6.117,5.357],[51.972,59.531]],"o":[[0,0],[0,0],[41.339,43.636],[7.828,-7.418],[42.25,-37],[-55,-63]],"v":[[216,43],[11,225],[168,393],[340.75,398.5],[359,381],[368,206]],"c":true}]},{"i":{"x":0.833,"y":0.833},"o":{"x":0.167,"y":0.167},"t":67.5,"s":[{"i":[[0,0],[3.026,-60.079],[-129.476,-48.627],[-29.925,58.584],[-3.981,7.091],[68.85,38.79]],"o":[[0,0],[-4.501,89.37],[56.27,21.134],[4.906,-9.604],[27.491,-48.972],[-72.862,-41.05]],"v":[[168.441,8.952],[-60.8,76.726],[87.611,337.015],[284.068,264.564],[295.437,241.98],[238.268,89.26]],"c":true}]},{"i":{"x":0.667,"y":1},"o":{"x":0.167,"y":0.167},"t":75,"s":[{"i":[[0,0],[0.764,-15.169],[-31.795,-81.919],[-51.362,18.544],[-6.434,2.041],[13.746,60.346]],"o":[[0,0],[-1.136,22.564],[17.63,45.363],[8.42,-3.04],[44.436,-14.097],[-22.446,-102.226]],"v":[[143.148,-1.239],[-67.973,151.921],[11.251,293.461],[148.839,350.017],[168.538,342.774],[231.72,216.511]],"c":true}]},{"i":{"x":0.833,"y":1},"o":{"x":0.167,"y":0},"t":82,"s":[{"i":[[0,0],[0,0],[-5.981,-69.947],[-57.372,-0.041],[-7.263,0.336],[-4.865,67.627]],"o":[[0,0],[0,0],[4.579,53.547],[9.643,0.007],[50.16,-2.318],[25.857,-116.162]],"v":[[126.056,-74.148],[-78.944,107.852],[-23.089,209.282],[51.287,306.002],[74.353,305.052],[210.998,167.784]],"c":true}]},{"t":84,"s":[{"i":[[0,0],[0,0],[-5.981,-69.947],[-57.372,-0.041],[-7.194,1.054],[-4.865,67.627]],"o":[[0,0],[0,0],[4.579,53.547],[9.643,0.007],[48.874,-7.158],[25.857,-116.162]],"v":[[126.056,-74.148],[-78.944,107.852],[-33.089,209.261],[25.782,282.613],[48.848,281.663],[210.998,167.784]],"c":true}]}],"ix":2},"nm":"Path 1","mn":"ADBE Vector Shape - Group","hd":false},{"ty":"fl","c":{"a":0,"k":[1,0.250980392157,0.505882352941,1],"ix":4},"o":{"a":0,"k":100,"ix":5},"r":1,"bm":0,"nm":"Fill 1","mn":"ADBE Vector Graphic - Fill","hd":false},{"ty":"tr","p":{"a":0,"k":[0,0],"ix":2},"a":{"a":0,"k":[0,0],"ix":1},"s":{"a":0,"k":[100,100],"ix":3},"r":{"a":0,"k":0,"ix":6},"o":{"a":0,"k":100,"ix":7},"sk":{"a":0,"k":0,"ix":4},"sa":{"a":0,"k":0,"ix":5},"nm":"Transform"}],"nm":"Shape 1","np":3,"cix":2,"bm":0,"ix":2,"mn":"ADBE Vector Group","hd":false}],"ip":30,"op":85,"st":37.5,"bm":0},{"ddd":0,"ind":8,"ty":4,"nm":"mouth shadow","parent":15,"tt":1,"sr":1,"ks":{"o":{"a":0,"k":100,"ix":11},"r":{"a":0,"k":0,"ix":10},"p":{"a":0,"k":[2.449,-2.6,0],"ix":2,"l":2},"a":{"a":0,"k":[0.45,1.202,0],"ix":1,"l":2},"s":{"a":0,"k":[92.015,93.925,100],"ix":6,"l":2}},"ao":0,"shapes":[{"ty":"gr","it":[{"ind":0,"ty":"sh","ix":1,"ks":{"a":0,"k":{"i":[[-86.21,9.88],[2.08,-8],[22.72,-29.04],[113.2,0],[70,89.04],[12.88,34.56],[-66.574,-6.905]],"o":[[69.347,-7.948],[-12.88,34.56],[-70.08,88.96],[-113.28,-0.08],[-22.72,-29.04],[-3.76,-9.12],[82.655,8.573]],"v":[[281.94,-179.788],[322.84,-116.76],[269.08,-20.76],[-21.16,120.12],[-311.401,-20.92],[-365.161,-116.92],[-329.295,-185.365]],"c":true},"ix":2},"nm":"Path 1","mn":"ADBE Vector Shape - Group","hd":false},{"ty":"fl","c":{"a":0,"k":[0.670588235294,0.247058823529,0.180392156863,1],"ix":4},"o":{"a":0,"k":100,"ix":5},"r":1,"bm":0,"nm":"Fill 1","mn":"ADBE Vector Graphic - Fill","hd":false},{"ty":"tr","p":{"a":0,"k":[22,12],"ix":2},"a":{"a":0,"k":[0,0],"ix":1},"s":{"a":0,"k":[100,100],"ix":3},"r":{"a":0,"k":0,"ix":6},"o":{"a":0,"k":100,"ix":7},"sk":{"a":0,"k":0,"ix":4},"sa":{"a":0,"k":0,"ix":5},"nm":"Transform"}],"nm":"Group 1","np":2,"cix":2,"bm":0,"ix":1,"mn":"ADBE Vector Group","hd":false}],"ip":30,"op":85,"st":0,"bm":0},{"ddd":0,"ind":9,"ty":4,"nm":"TONGUE","parent":4,"sr":1,"ks":{"o":{"a":0,"k":100,"ix":11},"r":{"a":1,"k":[{"i":{"x":[0],"y":[1]},"o":{"x":[0.167],"y":[0.167]},"t":30,"s":[19.572]},{"t":50,"s":[0],"h":1},{"i":{"x":[0.833],"y":[0.833]},"o":{"x":[0.333],"y":[0]},"t":57.5,"s":[0]},{"i":{"x":[0.667],"y":[1]},"o":{"x":[0.167],"y":[0.167]},"t":67.5,"s":[29.403]},{"t":82,"s":[69.896]}],"ix":10},"p":{"a":1,"k":[{"i":{"x":0,"y":1},"o":{"x":0.167,"y":0.167},"t":30,"s":[98.632,153.895,0],"to":[13.873,2.661,0],"ti":[-12.373,5.839,0]},{"t":50,"s":[141.627,174.339,0],"h":1},{"i":{"x":0.833,"y":0.833},"o":{"x":0.333,"y":0},"t":57.5,"s":[141.627,174.339,0],"to":[-82.627,61.661,0],"ti":[77.627,25.339,0]},{"i":{"x":0.667,"y":1},"o":{"x":0.167,"y":0.167},"t":67.5,"s":[-64.93,238.584,0],"to":[-48.627,-15.873,0],"ti":[32.533,18.899,0]},{"t":82,"s":[-198.714,175.553,0]}],"ix":2,"l":2},"a":{"a":0,"k":[141.627,174.339,0],"ix":1,"l":2},"s":{"a":0,"k":[100,100,100],"ix":6,"l":2}},"ao":0,"shapes":[{"ty":"gr","it":[{"ind":0,"ty":"sh","ix":1,"ks":{"a":1,"k":[{"i":{"x":0,"y":1},"o":{"x":0.167,"y":0.167},"t":30,"s":[{"i":[[0,0],[-3.083,-45.383]],"o":[[0,0],[3.083,45.383]],"v":[[102.732,67.829],[182.372,172.58]],"c":false}]},{"t":50,"s":[{"i":[[0,0],[0,0]],"o":[[0,0],[0,0]],"v":[[153.5,179],[243,272.5]],"c":false}],"h":1},{"i":{"x":0.833,"y":0.833},"o":{"x":0.333,"y":0},"t":57.5,"s":[{"i":[[0,0],[0,0]],"o":[[0,0],[0,0]],"v":[[153.5,179],[243,272.5]],"c":false}]},{"i":{"x":0.833,"y":0.833},"o":{"x":0.167,"y":0.167},"t":67.5,"s":[{"i":[[-6.482,-46.645],[0,0]],"o":[[10.562,76.011],[0,0]],"v":[[73.231,112.701],[158.409,221.319]],"c":false}]},{"i":{"x":0.667,"y":1},"o":{"x":0.167,"y":0.167},"t":75,"s":[{"i":[[-27.524,-29.03],[0,0]],"o":[[28.554,36.445],[0,0]],"v":[[60.028,116.347],[120.378,235.605]],"c":false}]},{"t":82,"s":[{"i":[[-34.631,-23.081],[0,0]],"o":[[34.631,23.081],[0,0]],"v":[[47.02,48.111],[98.984,170.963]],"c":false}]}],"ix":2},"nm":"Path 1","mn":"ADBE Vector Shape - Group","hd":false},{"ty":"st","c":{"a":0,"k":[0.901960784314,0.16862745098,0.419607843137,1],"ix":3},"o":{"a":0,"k":100,"ix":4},"w":{"a":0,"k":30,"ix":5},"lc":2,"lj":2,"bm":0,"nm":"Stroke 1","mn":"ADBE Vector Graphic - Stroke","hd":false},{"ty":"fl","c":{"a":0,"k":[1,0.250980392157,0.505882352941,1],"ix":4},"o":{"a":0,"k":100,"ix":5},"r":1,"bm":0,"nm":"Fill 1","mn":"ADBE Vector Graphic - Fill","hd":false},{"ty":"tr","p":{"a":0,"k":[0,0],"ix":2},"a":{"a":0,"k":[0,0],"ix":1},"s":{"a":0,"k":[100,100],"ix":3},"r":{"a":0,"k":0,"ix":6},"o":{"a":0,"k":100,"ix":7},"sk":{"a":0,"k":0,"ix":4},"sa":{"a":0,"k":0,"ix":5},"nm":"Transform"}],"nm":"Shape 2","np":3,"cix":2,"bm":0,"ix":1,"mn":"ADBE Vector Group","hd":false},{"ty":"gr","it":[{"ind":0,"ty":"sh","ix":1,"ks":{"a":1,"k":[{"i":{"x":0,"y":1},"o":{"x":0.167,"y":0.167},"t":30,"s":[{"i":[[0,0],[0,0],[-36.688,-84.372],[-55.994,34.53],[-7.084,3.993],[29.967,73.123]],"o":[[0,0],[0,0],[23.969,55.123],[9.18,-5.661],[48.923,-27.579],[-49.137,-119.899]],"v":[[137.973,-86.364],[-15.828,140.559],[84.539,257.641],[252.514,298.349],[273.957,284.95],[318.551,115.488]],"c":true}]},{"t":50,"s":[{"i":[[0,0],[0,0],[-54,-57],[-47.75,45.25],[-6.117,5.357],[51.972,59.531]],"o":[[0,0],[0,0],[41.339,43.636],[7.828,-7.418],[42.25,-37],[-55,-63]],"v":[[216,43],[11,225],[168,393],[340.75,398.5],[359,381],[368,206]],"c":true}],"h":1},{"i":{"x":0.833,"y":0.833},"o":{"x":0.333,"y":0},"t":57.5,"s":[{"i":[[0,0],[0,0],[-54,-57],[-47.75,45.25],[-6.117,5.357],[51.972,59.531]],"o":[[0,0],[0,0],[41.339,43.636],[7.828,-7.418],[42.25,-37],[-55,-63]],"v":[[216,43],[11,225],[168,393],[340.75,398.5],[359,381],[368,206]],"c":true}]},{"i":{"x":0.833,"y":0.833},"o":{"x":0.167,"y":0.167},"t":67.5,"s":[{"i":[[0,0],[3.026,-60.079],[-129.476,-48.627],[-29.925,58.584],[-3.981,7.091],[68.85,38.79]],"o":[[0,0],[-4.501,89.37],[56.27,21.134],[4.906,-9.604],[27.491,-48.972],[-72.862,-41.05]],"v":[[168.441,8.952],[-60.8,76.726],[87.611,337.015],[284.068,264.564],[295.437,241.98],[238.268,89.26]],"c":true}]},{"i":{"x":0.667,"y":1},"o":{"x":0.167,"y":0.167},"t":75,"s":[{"i":[[0,0],[0.764,-15.169],[-31.795,-81.919],[-51.362,18.544],[-6.434,2.041],[13.746,60.346]],"o":[[0,0],[-1.136,22.564],[17.63,45.363],[8.42,-3.04],[44.436,-14.097],[-22.446,-102.226]],"v":[[143.148,-1.239],[-67.973,151.921],[11.251,293.461],[148.839,350.017],[168.538,342.774],[231.72,216.511]],"c":true}]},{"i":{"x":0.833,"y":1},"o":{"x":0.167,"y":0},"t":82,"s":[{"i":[[0,0],[0,0],[-5.981,-69.947],[-57.372,-0.041],[-7.263,0.336],[-4.865,67.627]],"o":[[0,0],[0,0],[4.579,53.547],[9.643,0.007],[50.16,-2.318],[25.857,-116.162]],"v":[[126.056,-74.148],[-78.944,107.852],[-23.089,209.282],[51.287,306.002],[74.353,305.052],[210.998,167.784]],"c":true}]},{"t":84,"s":[{"i":[[0,0],[0,0],[-5.981,-69.947],[-57.372,-0.041],[-7.194,1.054],[-4.865,67.627]],"o":[[0,0],[0,0],[4.579,53.547],[9.643,0.007],[48.874,-7.158],[25.857,-116.162]],"v":[[126.056,-74.148],[-78.944,107.852],[-33.089,209.261],[25.782,282.613],[48.848,281.663],[210.998,167.784]],"c":true}]}],"ix":2},"nm":"Path 1","mn":"ADBE Vector Shape - Group","hd":false},{"ty":"fl","c":{"a":0,"k":[1,0.250980392157,0.505882352941,1],"ix":4},"o":{"a":0,"k":100,"ix":5},"r":1,"bm":0,"nm":"Fill 1","mn":"ADBE Vector Graphic - Fill","hd":false},{"ty":"tr","p":{"a":0,"k":[0,0],"ix":2},"a":{"a":0,"k":[0,0],"ix":1},"s":{"a":0,"k":[100,100],"ix":3},"r":{"a":0,"k":0,"ix":6},"o":{"a":0,"k":100,"ix":7},"sk":{"a":0,"k":0,"ix":4},"sa":{"a":0,"k":0,"ix":5},"nm":"Transform"}],"nm":"Shape 1","np":3,"cix":2,"bm":0,"ix":2,"mn":"ADBE Vector Group","hd":false}],"ip":30,"op":85,"st":37.5,"bm":0},{"ddd":0,"ind":10,"ty":4,"nm":"mouth low mask","parent":15,"td":1,"sr":1,"ks":{"o":{"a":0,"k":100,"ix":11},"r":{"a":0,"k":0,"ix":10},"p":{"a":0,"k":[0.45,1.202,0],"ix":2,"l":2},"a":{"a":0,"k":[0.45,1.202,0],"ix":1,"l":2},"s":{"a":0,"k":[100,100,100],"ix":6,"l":2}},"ao":0,"shapes":[{"ty":"gr","it":[{"ind":0,"ty":"sh","ix":1,"ks":{"a":0,"k":{"i":[[-99.67,-40.753],[-98.447,84.474],[0,0],[2.08,-8],[22.72,-29.04],[113.2,0],[70,89.04],[12.88,34.56],[0,0],[-37.11,-150.18]],"o":[[170.865,69.864],[132.41,-113.617],[0,0],[-12.88,34.56],[-70.08,88.96],[-113.28,-0.08],[-22.72,-29.04],[-1.273,-3.088],[0,0],[30.657,124.065]],"v":[[-221.815,178.515],[255.736,115.26],[396.593,-108.084],[322.84,-116.76],[269.079,-20.76],[-21.161,120.12],[-311.401,-20.92],[-365.16,-116.92],[-398.855,-236.219],[-447.268,-58.749]],"c":true},"ix":2},"nm":"Path 1","mn":"ADBE Vector Shape - Group","hd":false},{"ty":"fl","c":{"a":0,"k":[0.258999992819,0.169000004787,0.051000000449,1],"ix":4},"o":{"a":0,"k":100,"ix":5},"r":1,"bm":0,"nm":"Fill 1","mn":"ADBE Vector Graphic - Fill","hd":false},{"ty":"tr","p":{"a":0,"k":[22,12],"ix":2},"a":{"a":0,"k":[0,0],"ix":1},"s":{"a":0,"k":[100,100],"ix":3},"r":{"a":0,"k":0,"ix":6},"o":{"a":0,"k":100,"ix":7},"sk":{"a":0,"k":0,"ix":4},"sa":{"a":0,"k":0,"ix":5},"nm":"Transform"}],"nm":"Group 1","np":2,"cix":2,"bm":0,"ix":1,"mn":"ADBE Vector Group","hd":false}],"ip":0,"op":30,"st":-80,"bm":0},{"ddd":0,"ind":11,"ty":4,"nm":"base tapa top","parent":18,"tt":1,"sr":1,"ks":{"o":{"a":0,"k":100,"ix":11},"r":{"a":0,"k":0,"ix":10},"p":{"a":0,"k":[0,0,0],"ix":2,"l":2},"a":{"a":0,"k":[0,0,0],"ix":1,"l":2},"s":{"a":0,"k":[100,100,100],"ix":6,"l":2}},"ao":0,"shapes":[{"ty":"gr","it":[{"ind":0,"ty":"sh","ix":1,"ks":{"a":0,"k":{"i":[[15.4,0],[0,38.4],[-27.9,0],[-10.6,-9.3],[0,-16.9],[11.5,-10.2]],"o":[[-27.9,0],[0,-38.4],[15.5,0],[11.5,10.2],[0,16.9],[-10.6,9.3]],"v":[[0,55.9],[-58,0],[0,-55.9],[40.4,-41.5],[58,0],[40.4,41.4]],"c":true},"ix":2},"nm":"Path 1","mn":"ADBE Vector Shape - Group","hd":false},{"ty":"gf","o":{"a":0,"k":100,"ix":10},"r":1,"bm":0,"g":{"p":5,"k":{"a":0,"k":[0.48,0.992,0.878,0.188,0.691,0.98,0.816,0.178,0.902,0.969,0.753,0.169,0.966,0.963,0.694,0.153,1,0.957,0.635,0.137],"ix":9}},"s":{"a":0,"k":[0,0],"ix":5},"e":{"a":0,"k":[56.225,0],"ix":6},"t":2,"h":{"a":0,"k":0,"ix":7},"a":{"a":0,"k":0,"ix":8},"nm":"Gradient Fill 1","mn":"ADBE Vector Graphic - G-Fill","hd":false},{"ty":"tr","p":{"a":0,"k":[0,0],"ix":2},"a":{"a":0,"k":[0,0],"ix":1},"s":{"a":0,"k":[100,100],"ix":3},"r":{"a":0,"k":0,"ix":6},"o":{"a":0,"k":100,"ix":7},"sk":{"a":0,"k":0,"ix":4},"sa":{"a":0,"k":0,"ix":5},"nm":"Transform"}],"nm":"Group 1","np":2,"cix":2,"bm":0,"ix":1,"mn":"ADBE Vector Group","hd":false}],"ip":0,"op":30,"st":-80,"bm":0},{"ddd":0,"ind":12,"ty":4,"nm":"TONGUE LOW matte","parent":4,"td":1,"sr":1,"ks":{"o":{"a":0,"k":100,"ix":11},"r":{"a":1,"k":[{"i":{"x":[0.833],"y":[0.833]},"o":{"x":[0.6],"y":[0]},"t":0,"s":[-112.988]},{"t":17.5,"s":[-129.046]}],"ix":10},"p":{"a":1,"k":[{"i":{"x":0.833,"y":0.833},"o":{"x":0.6,"y":0},"t":0,"s":[-267.325,179.097,0],"to":[0,0,0],"ti":[0,0,0]},{"t":17.5,"s":[102.91,208.612,0]}],"ix":2,"l":2},"a":{"a":0,"k":[207.627,236.339,0],"ix":1,"l":2},"s":{"a":1,"k":[{"i":{"x":[0.833,0.833,0.833],"y":[1,1,1]},"o":{"x":[0.333,0.333,0.333],"y":[0,0,0]},"t":0,"s":[100,100,100]},{"t":17.5,"s":[100,100,100]}],"ix":6,"l":2}},"ao":0,"shapes":[{"ty":"gr","it":[{"ind":0,"ty":"sh","ix":1,"ks":{"a":1,"k":[{"i":{"x":0.833,"y":0.833},"o":{"x":0.333,"y":0},"t":0,"s":[{"i":[[0,0],[0,0],[-67.725,-53.884],[-62.637,20.605],[-7.808,2.273],[49.099,61.921]],"o":[[0,0],[0,0],[38.725,30.811],[10.245,-3.37],[53.922,-15.699],[-31.147,-39.281]],"v":[[195.662,169.609],[63.744,205.592],[136.75,248.266],[312.853,260.668],[336.786,252.511],[293.114,120.129]],"c":true}]},{"i":{"x":0.833,"y":0.833},"o":{"x":0.167,"y":0.167},"t":8,"s":[{"i":[[0,0],[1.859,-27.71],[-64.217,-56.224],[-52.433,35.652],[-6.649,4.149],[53.867,56.429]],"o":[[0,0],[-1.052,15.671],[43.194,37.818],[8.596,-5.845],[45.923,-28.655],[-52.491,-46.514]],"v":[[188.584,132.362],[20.185,245.556],[123.911,327.718],[297.909,330.612],[317.981,316.79],[302.911,137.149]],"c":true}]},{"i":{"x":0.833,"y":0.833},"o":{"x":0.167,"y":0.167},"t":17.5,"s":[{"i":[[0,0],[7.454,-111.081],[-84.214,-19.956],[-27.265,59.869],[-3.658,7.262],[68.211,39.904]],"o":[[0,0],[-4.215,62.82],[58.488,13.86],[4.47,-9.815],[25.265,-50.157],[-116.704,-68.273]],"v":[[200.85,21.046],[73.974,275.643],[184.882,362.548],[344.328,271.685],[354.672,248.612],[297.301,83.038]],"c":true}]},{"i":{"x":0.833,"y":0.833},"o":{"x":0.167,"y":0.167},"t":20,"s":[{"i":[[0,0],[8.843,-124.406],[-54.476,-8.873],[-26.598,62.396],[-3.057,7.516],[68.211,39.904]],"o":[[0,0],[-4.448,62.803],[38.501,6.191],[4.233,-9.917],[21.116,-51.91],[-116.704,-68.273]],"v":[[214.924,18.255],[90.165,278.783],[163.75,390.172],[285.118,313.18],[294.966,288.23],[237.534,124.235]],"c":true}]},{"t":29,"s":[{"i":[[0,0],[9.77,-133.289],[-34.651,-1.484],[-26.153,64.081],[-2.657,7.685],[68.211,39.904]],"o":[[0,0],[-4.602,62.793],[25.175,1.078],[4.075,-9.985],[18.35,-53.079],[-116.704,-68.273]],"v":[[223.614,-0.725],[111.962,305.588],[109.302,412.968],[196.122,355.88],[205.64,329.678],[143.173,157.147]],"c":true}]}],"ix":2},"nm":"Path 1","mn":"ADBE Vector Shape - Group","hd":false},{"ty":"fl","c":{"a":0,"k":[1,0.250980392157,0.505882352941,1],"ix":4},"o":{"a":0,"k":100,"ix":5},"r":1,"bm":0,"nm":"Fill 1","mn":"ADBE Vector Graphic - Fill","hd":false},{"ty":"tr","p":{"a":0,"k":[0,0],"ix":2},"a":{"a":0,"k":[0,0],"ix":1},"s":{"a":0,"k":[100,100],"ix":3},"r":{"a":0,"k":0,"ix":6},"o":{"a":0,"k":100,"ix":7},"sk":{"a":0,"k":0,"ix":4},"sa":{"a":0,"k":0,"ix":5},"nm":"Transform"}],"nm":"Shape 1","np":3,"cix":2,"bm":0,"ix":1,"mn":"ADBE Vector Group","hd":false}],"ip":0,"op":30,"st":-80,"bm":0},{"ddd":0,"ind":13,"ty":4,"nm":"TONGUE LOW shadow","parent":14,"tt":1,"sr":1,"ks":{"o":{"a":0,"k":100,"ix":11},"r":{"a":0,"k":12.308,"ix":10},"p":{"a":0,"k":[151.726,245.702,0],"ix":2,"l":2},"a":{"a":0,"k":[207.627,236.339,0],"ix":1,"l":2},"s":{"a":0,"k":[110,110,100],"ix":6,"l":2}},"ao":0,"shapes":[{"ty":"gr","it":[{"ind":0,"ty":"sh","ix":1,"ks":{"a":1,"k":[{"i":{"x":0.833,"y":0.833},"o":{"x":0.333,"y":0},"t":0,"s":[{"i":[[0,0],[0,0],[-67.725,-53.884],[-61.288,23.904],[-7.686,2.655],[49.099,61.921]],"o":[[0,0],[0,0],[38.725,30.811],[10.048,-3.919],[53.083,-18.337],[-31.147,-39.281]],"v":[[195.662,169.609],[63.744,205.592],[136.75,248.266],[307.862,262.445],[331.364,253.118],[302.164,117.264]],"c":true}]},{"i":{"x":0.833,"y":0.833},"o":{"x":0.167,"y":0.167},"t":8,"s":[{"i":[[0,0],[1.859,-27.71],[-64.217,-56.224],[-52.433,35.652],[-6.649,4.149],[53.867,56.429]],"o":[[0,0],[-1.052,15.671],[43.194,37.818],[8.596,-5.845],[45.923,-28.655],[-52.491,-46.514]],"v":[[188.584,132.362],[20.185,245.556],[123.911,327.718],[297.909,330.612],[317.981,316.79],[302.911,137.149]],"c":true}]},{"i":{"x":0.833,"y":0.833},"o":{"x":0.167,"y":0.167},"t":17.5,"s":[{"i":[[0,0],[7.454,-111.081],[-84.214,-19.956],[-27.265,59.869],[-3.658,7.262],[68.211,39.904]],"o":[[0,0],[-4.215,62.82],[58.488,13.86],[4.47,-9.815],[25.265,-50.157],[-116.704,-68.273]],"v":[[200.85,21.046],[73.974,275.643],[184.882,362.548],[344.328,271.685],[354.672,248.612],[297.301,83.038]],"c":true}]},{"i":{"x":0.833,"y":0.833},"o":{"x":0.167,"y":0.167},"t":20,"s":[{"i":[[0,0],[8.843,-124.406],[-54.476,-8.873],[-26.598,62.396],[-3.057,7.516],[68.211,39.904]],"o":[[0,0],[-4.448,62.803],[38.501,6.191],[4.233,-9.917],[21.116,-51.91],[-116.704,-68.273]],"v":[[214.924,18.255],[90.165,278.783],[163.75,390.172],[285.118,313.18],[294.966,288.23],[237.534,124.235]],"c":true}]},{"t":30,"s":[{"i":[[0,0],[9.77,-133.289],[-34.651,-1.484],[-26.153,64.081],[-2.657,7.685],[68.211,39.904]],"o":[[0,0],[-4.602,62.793],[25.175,1.078],[4.075,-9.985],[18.35,-53.079],[-116.704,-68.273]],"v":[[224.306,16.394],[112.654,322.706],[109.994,430.086],[196.814,372.999],[206.332,346.797],[143.865,174.265]],"c":true}]}],"ix":2},"nm":"Path 1","mn":"ADBE Vector Shape - Group","hd":false},{"ty":"fl","c":{"a":0,"k":[0.901960784314,0.16862745098,0.419607843137,1],"ix":4},"o":{"a":0,"k":100,"ix":5},"r":1,"bm":0,"nm":"Fill 1","mn":"ADBE Vector Graphic - Fill","hd":false},{"ty":"tr","p":{"a":0,"k":[0,0],"ix":2},"a":{"a":0,"k":[0,0],"ix":1},"s":{"a":0,"k":[100,100],"ix":3},"r":{"a":0,"k":0,"ix":6},"o":{"a":0,"k":100,"ix":7},"sk":{"a":0,"k":0,"ix":4},"sa":{"a":0,"k":0,"ix":5},"nm":"Transform"}],"nm":"Shape 1","np":3,"cix":2,"bm":0,"ix":1,"mn":"ADBE Vector Group","hd":false}],"ip":0,"op":30,"st":-80,"bm":0},{"ddd":0,"ind":14,"ty":4,"nm":"TONGUE LOW","parent":4,"sr":1,"ks":{"o":{"a":0,"k":100,"ix":11},"r":{"a":1,"k":[{"i":{"x":[0.833],"y":[0.833]},"o":{"x":[0.6],"y":[0]},"t":0,"s":[-112.988]},{"t":17.5,"s":[-129.046]}],"ix":10},"p":{"a":1,"k":[{"i":{"x":0.833,"y":0.833},"o":{"x":0.6,"y":0},"t":0,"s":[-267.325,179.097,0],"to":[0,0,0],"ti":[0,0,0]},{"t":17.5,"s":[102.91,208.612,0]}],"ix":2,"l":2},"a":{"a":0,"k":[207.627,236.339,0],"ix":1,"l":2},"s":{"a":1,"k":[{"i":{"x":[0.833,0.833,0.833],"y":[1,1,1]},"o":{"x":[0.333,0.333,0.333],"y":[0,0,0]},"t":0,"s":[100,100,100]},{"t":17.5,"s":[100,100,100]}],"ix":6,"l":2}},"ao":0,"shapes":[{"ty":"gr","it":[{"ind":0,"ty":"sh","ix":1,"ks":{"a":1,"k":[{"i":{"x":0.833,"y":0.833},"o":{"x":0.333,"y":0},"t":0,"s":[{"i":[[0,0],[0,0],[-67.725,-53.884],[-62.637,20.605],[-7.808,2.273],[49.099,61.921]],"o":[[0,0],[0,0],[38.725,30.811],[10.245,-3.37],[53.922,-15.699],[-31.147,-39.281]],"v":[[195.662,169.609],[63.744,205.592],[136.75,248.266],[312.853,260.668],[336.786,252.511],[293.114,120.129]],"c":true}]},{"i":{"x":0.833,"y":0.833},"o":{"x":0.167,"y":0.167},"t":8,"s":[{"i":[[0,0],[1.859,-27.71],[-64.217,-56.224],[-52.433,35.652],[-6.649,4.149],[53.867,56.429]],"o":[[0,0],[-1.052,15.671],[43.194,37.818],[8.596,-5.845],[45.923,-28.655],[-52.491,-46.514]],"v":[[188.584,132.362],[20.185,245.556],[123.911,327.718],[297.909,330.612],[317.981,316.79],[302.911,137.149]],"c":true}]},{"i":{"x":0.833,"y":0.833},"o":{"x":0.167,"y":0.167},"t":17.5,"s":[{"i":[[0,0],[7.454,-111.081],[-84.214,-19.956],[-27.265,59.869],[-3.658,7.262],[68.211,39.904]],"o":[[0,0],[-4.215,62.82],[58.488,13.86],[4.47,-9.815],[25.265,-50.157],[-116.704,-68.273]],"v":[[200.85,21.046],[73.974,275.643],[184.882,362.548],[344.328,271.685],[354.672,248.612],[297.301,83.038]],"c":true}]},{"i":{"x":0.833,"y":0.833},"o":{"x":0.167,"y":0.167},"t":20,"s":[{"i":[[0,0],[8.843,-124.406],[-54.476,-8.873],[-26.598,62.396],[-3.057,7.516],[68.211,39.904]],"o":[[0,0],[-4.448,62.803],[38.501,6.191],[4.233,-9.917],[21.116,-51.91],[-116.704,-68.273]],"v":[[214.924,18.255],[90.165,278.783],[163.75,390.172],[285.118,313.18],[294.966,288.23],[237.534,124.235]],"c":true}]},{"t":29,"s":[{"i":[[0,0],[9.77,-133.289],[-34.651,-1.484],[-26.153,64.081],[-2.657,7.685],[68.211,39.904]],"o":[[0,0],[-4.602,62.793],[25.175,1.078],[4.075,-9.985],[18.35,-53.079],[-116.704,-68.273]],"v":[[223.614,-0.725],[111.962,305.588],[109.302,412.968],[196.122,355.88],[205.64,329.678],[143.173,157.147]],"c":true}]}],"ix":2},"nm":"Path 1","mn":"ADBE Vector Shape - Group","hd":false},{"ty":"fl","c":{"a":0,"k":[1,0.250980392157,0.505882352941,1],"ix":4},"o":{"a":0,"k":100,"ix":5},"r":1,"bm":0,"nm":"Fill 1","mn":"ADBE Vector Graphic - Fill","hd":false},{"ty":"tr","p":{"a":0,"k":[0,0],"ix":2},"a":{"a":0,"k":[0,0],"ix":1},"s":{"a":0,"k":[100,100],"ix":3},"r":{"a":0,"k":0,"ix":6},"o":{"a":0,"k":100,"ix":7},"sk":{"a":0,"k":0,"ix":4},"sa":{"a":0,"k":0,"ix":5},"nm":"Transform"}],"nm":"Shape 1","np":3,"cix":2,"bm":0,"ix":1,"mn":"ADBE Vector Group","hd":false}],"ip":0,"op":30,"st":-80,"bm":0},{"ddd":0,"ind":15,"ty":4,"nm":"mouth ","parent":4,"sr":1,"ks":{"o":{"a":0,"k":100,"ix":11},"r":{"a":0,"k":0,"ix":10},"p":{"a":0,"k":[0,172.057,0],"ix":2,"l":2},"a":{"a":0,"k":[0.45,1.202,0],"ix":1,"l":2},"s":{"a":0,"k":[100,100,100],"ix":6,"l":2}},"ao":0,"shapes":[{"ty":"gr","it":[{"ind":0,"ty":"sh","ix":1,"ks":{"a":0,"k":{"i":[[0,0],[-21.52,-25.12],[-27.44,-17.68],[-31.12,-9.44],[-62.72,18.32],[-27.28,17.76],[-21.52,24.8],[-13.6,30.08],[0,0],[-8.72,-4.8],[2.08,-8],[22.72,-29.04],[113.2,0],[70,89.04],[12.88,34.56],[-9.12,3.76],[-3.76,-9.12]],"o":[[13.52,30.16],[21.28,24.8],[27.28,17.76],[62.72,18.32],[31.12,-9.44],[27.76,-17.6],[21.52,-25.04],[0,0],[4.8,-8.72],[7.2,4],[-12.88,34.56],[-70.08,88.96],[-113.28,-0.08],[-22.72,-29.04],[-3.76,-9.12],[9.12,-3.76],[0,0]],"v":[[-331.961,-130.36],[-279.081,-46.92],[-205.641,17.08],[-117.641,58.12],[74.359,58.12],[162.359,17.08],[236.76,-46.92],[289.64,-129.96],[289.64,-129.96],[314.04,-137.08],[322.84,-116.76],[269.08,-20.76],[-21.16,120.12],[-311.401,-20.92],[-365.161,-116.92],[-355.481,-140.36],[-332.041,-130.68]],"c":true},"ix":2},"nm":"Path 1","mn":"ADBE Vector Shape - Group","hd":false},{"ty":"fl","c":{"a":0,"k":[0.258999992819,0.169000004787,0.051000000449,1],"ix":4},"o":{"a":0,"k":100,"ix":5},"r":1,"bm":0,"nm":"Fill 1","mn":"ADBE Vector Graphic - Fill","hd":false},{"ty":"tr","p":{"a":0,"k":[22,12],"ix":2},"a":{"a":0,"k":[0,0],"ix":1},"s":{"a":0,"k":[100,100],"ix":3},"r":{"a":0,"k":0,"ix":6},"o":{"a":0,"k":100,"ix":7},"sk":{"a":0,"k":0,"ix":4},"sa":{"a":0,"k":0,"ix":5},"nm":"Transform"}],"nm":"Group 1","np":2,"cix":2,"bm":0,"ix":1,"mn":"ADBE Vector Group","hd":false}],"ip":0,"op":85,"st":0,"bm":0},{"ddd":0,"ind":16,"ty":4,"nm":"base matte","parent":18,"td":1,"sr":1,"ks":{"o":{"a":0,"k":100,"ix":11},"r":{"a":0,"k":0,"ix":10},"p":{"a":0,"k":[-2,-3,0],"ix":2,"l":2},"a":{"a":0,"k":[0,0,0],"ix":1,"l":2},"s":{"a":0,"k":[100,100,100],"ix":6,"l":2}},"ao":0,"shapes":[{"ty":"gr","it":[{"ind":0,"ty":"sh","ix":1,"ks":{"a":0,"k":{"i":[[15.4,0],[0,38.4],[-27.9,0],[-10.6,-9.3],[0,-16.9],[11.5,-10.2]],"o":[[-27.9,0],[0,-38.4],[15.5,0],[11.5,10.2],[0,16.9],[-10.6,9.3]],"v":[[0,55.9],[-58,0],[0,-55.9],[40.4,-41.5],[58,0],[40.4,41.4]],"c":true},"ix":2},"nm":"Path 1","mn":"ADBE Vector Shape - Group","hd":false},{"ty":"gf","o":{"a":0,"k":100,"ix":10},"r":1,"bm":0,"g":{"p":5,"k":{"a":0,"k":[0.48,0.992,0.878,0.188,0.691,0.98,0.816,0.178,0.902,0.969,0.753,0.169,0.966,0.963,0.694,0.153,1,0.957,0.635,0.137],"ix":9}},"s":{"a":0,"k":[0,0],"ix":5},"e":{"a":0,"k":[56.225,0],"ix":6},"t":2,"h":{"a":0,"k":0,"ix":7},"a":{"a":0,"k":0,"ix":8},"nm":"Gradient Fill 1","mn":"ADBE Vector Graphic - G-Fill","hd":false},{"ty":"tr","p":{"a":0,"k":[0,0],"ix":2},"a":{"a":0,"k":[0,0],"ix":1},"s":{"a":0,"k":[100,100],"ix":3},"r":{"a":0,"k":0,"ix":6},"o":{"a":0,"k":100,"ix":7},"sk":{"a":0,"k":0,"ix":4},"sa":{"a":0,"k":0,"ix":5},"nm":"Transform"}],"nm":"Group 1","np":2,"cix":2,"bm":0,"ix":1,"mn":"ADBE Vector Group","hd":false}],"ip":0,"op":85,"st":0,"bm":0},{"ddd":0,"ind":17,"ty":4,"nm":"base shadow","parent":18,"tt":2,"sr":1,"ks":{"o":{"a":0,"k":100,"ix":11},"r":{"a":0,"k":0,"ix":10},"p":{"a":0,"k":[0,0,0],"ix":2,"l":2},"a":{"a":0,"k":[0,0,0],"ix":1,"l":2},"s":{"a":0,"k":[100,100,100],"ix":6,"l":2}},"ao":0,"shapes":[{"ty":"gr","it":[{"ind":0,"ty":"sh","ix":1,"ks":{"a":0,"k":{"i":[[15.4,0],[0,38.4],[-27.9,0],[-10.6,-9.3],[0,-16.9],[11.5,-10.2]],"o":[[-27.9,0],[0,-38.4],[15.5,0],[11.5,10.2],[0,16.9],[-10.6,9.3]],"v":[[0,55.9],[-58,0],[0,-55.9],[40.4,-41.5],[58,0],[40.4,41.4]],"c":true},"ix":2},"nm":"Path 1","mn":"ADBE Vector Shape - Group","hd":false},{"ty":"fl","c":{"a":0,"k":[0.921568627451,0.560784313725,0,1],"ix":4},"o":{"a":0,"k":100,"ix":5},"r":1,"bm":0,"nm":"Fill 1","mn":"ADBE Vector Graphic - Fill","hd":false},{"ty":"tr","p":{"a":0,"k":[0,0],"ix":2},"a":{"a":0,"k":[0,0],"ix":1},"s":{"a":0,"k":[100,100],"ix":3},"r":{"a":0,"k":0,"ix":6},"o":{"a":0,"k":100,"ix":7},"sk":{"a":0,"k":0,"ix":4},"sa":{"a":0,"k":0,"ix":5},"nm":"Transform"}],"nm":"Group 1","np":2,"cix":2,"bm":0,"ix":1,"mn":"ADBE Vector Group","hd":false}],"ip":0,"op":85,"st":0,"bm":0},{"ddd":0,"ind":18,"ty":4,"nm":"base","parent":1,"sr":1,"ks":{"o":{"a":0,"k":100,"ix":11},"r":{"a":0,"k":0,"ix":10},"p":{"a":0,"k":[0,0,0],"ix":2,"l":2},"a":{"a":0,"k":[0,0,0],"ix":1,"l":2},"s":{"a":0,"k":[800,800,100],"ix":6,"l":2}},"ao":0,"shapes":[{"ty":"gr","it":[{"ind":0,"ty":"sh","ix":1,"ks":{"a":0,"k":{"i":[[15.4,0],[0,38.4],[-27.9,0],[-10.6,-9.3],[0,-16.9],[11.5,-10.2]],"o":[[-27.9,0],[0,-38.4],[15.5,0],[11.5,10.2],[0,16.9],[-10.6,9.3]],"v":[[0,55.9],[-58,0],[0,-55.9],[40.4,-41.5],[58,0],[40.4,41.4]],"c":true},"ix":2},"nm":"Path 1","mn":"ADBE Vector Shape - Group","hd":false},{"ty":"gf","o":{"a":0,"k":100,"ix":10},"r":1,"bm":0,"g":{"p":5,"k":{"a":0,"k":[0.48,0.992,0.878,0.188,0.691,0.98,0.816,0.178,0.902,0.969,0.753,0.169,0.966,0.963,0.694,0.153,1,0.957,0.635,0.137],"ix":9}},"s":{"a":0,"k":[0,0],"ix":5},"e":{"a":0,"k":[56.225,0],"ix":6},"t":2,"h":{"a":0,"k":0,"ix":7},"a":{"a":0,"k":0,"ix":8},"nm":"Gradient Fill 1","mn":"ADBE Vector Graphic - G-Fill","hd":false},{"ty":"tr","p":{"a":0,"k":[0,0],"ix":2},"a":{"a":0,"k":[0,0],"ix":1},"s":{"a":0,"k":[100,100],"ix":3},"r":{"a":0,"k":0,"ix":6},"o":{"a":0,"k":100,"ix":7},"sk":{"a":0,"k":0,"ix":4},"sa":{"a":0,"k":0,"ix":5},"nm":"Transform"}],"nm":"Group 1","np":2,"cix":2,"bm":0,"ix":1,"mn":"ADBE Vector Group","hd":false}],"ip":0,"op":85,"st":0,"bm":0}],"markers":[{"tm":55,"cm":"rest","dr":0}]}