{"v":"5.8.1","fr":60,"ip":0,"op":143,"w":1024,"h":1024,"nm":"emoji_Money face","ddd":0,"assets":[],"layers":[{"ddd":0,"ind":1,"ty":3,"nm":"Null ALL","sr":1,"ks":{"o":{"a":0,"k":0,"ix":11},"r":{"a":0,"k":0,"ix":10},"p":{"s":true,"x":{"a":0,"k":510,"ix":3},"y":{"a":1,"k":[{"i":{"x":[0.833],"y":[1]},"o":{"x":[0.167],"y":[0.167]},"t":0,"s":[494]},{"i":{"x":[0.633],"y":[1]},"o":{"x":[0.282],"y":[0]},"t":8,"s":[516]},{"i":{"x":[0.618],"y":[1]},"o":{"x":[0.265],"y":[0]},"t":16,"s":[504]},{"i":{"x":[0.663],"y":[1]},"o":{"x":[0.329],"y":[0]},"t":51,"s":[504]},{"i":{"x":[0.665],"y":[0.414]},"o":{"x":[0.329],"y":[0]},"t":58,"s":[526]},{"i":{"x":[0.595],"y":[1]},"o":{"x":[0.42],"y":[0.006]},"t":73,"s":[525.558]},{"i":{"x":[0.654],"y":[1]},"o":{"x":[0.319],"y":[0]},"t":85,"s":[482]},{"i":{"x":[0.831],"y":[1]},"o":{"x":[0.358],"y":[0]},"t":94,"s":[504]},{"i":{"x":[0.833],"y":[0.833]},"o":{"x":[0.333],"y":[0]},"t":136,"s":[504]},{"t":142,"s":[494]}],"ix":4}},"a":{"a":0,"k":[0,0,0],"ix":1,"l":2},"s":{"a":0,"k":[100,100,100],"ix":6,"l":2}},"ao":0,"ip":0,"op":143,"st":0,"bm":0},{"ddd":0,"ind":2,"ty":3,"nm":"Null Face","parent":1,"sr":1,"ks":{"o":{"a":0,"k":100,"ix":11},"r":{"a":0,"k":0,"ix":10},"p":{"a":1,"k":[{"i":{"x":0.677,"y":1},"o":{"x":0.333,"y":0},"t":0,"s":[2,-6,0],"to":[0,2.333,0],"ti":[0,0,0]},{"i":{"x":0.72,"y":1},"o":{"x":0.984,"y":0},"t":10,"s":[2,8,0],"to":[0,0,0],"ti":[0,0,0]},{"i":{"x":0.833,"y":0.833},"o":{"x":0.859,"y":0},"t":64,"s":[2,32,0],"to":[0,-12.333,0],"ti":[0,16.333,0]},{"t":84,"s":[2,-66,0]}],"ix":2,"l":2},"a":{"a":0,"k":[512,512,0],"ix":1,"l":2},"s":{"a":0,"k":[100,100,100],"ix":6,"l":2}},"ao":0,"ip":0,"op":143,"st":0,"bm":0},{"ddd":0,"ind":3,"ty":4,"nm":"eyes closed","parent":2,"sr":1,"ks":{"o":{"a":0,"k":100,"ix":11},"r":{"a":0,"k":0,"ix":10},"p":{"a":1,"k":[{"i":{"x":0.667,"y":1},"o":{"x":0.167,"y":0.167},"t":56,"s":[511.316,573.133,0],"to":[0,0.667,0],"ti":[0,-0.667,0]},{"t":59,"s":[511.316,577.133,0]}],"ix":2,"l":2},"a":{"a":0,"k":[292.837,36.178,0],"ix":1,"l":2},"s":{"a":0,"k":[100,100,100],"ix":6,"l":2}},"ao":0,"shapes":[{"ty":"gr","it":[{"ind":0,"ty":"sh","ix":1,"ks":{"a":1,"k":[{"i":{"x":0,"y":1},"o":{"x":0.167,"y":0.167},"t":55,"s":[{"i":[[0,0],[0,0]],"o":[[0,0],[0,0]],"v":[[68.204,-10.679],[-69.204,16.679]],"c":false}]},{"t":59,"s":[{"i":[[0,0],[0,0]],"o":[[0,0],[0,0]],"v":[[89.204,-16.679],[-89.204,16.679]],"c":false}]}],"ix":2},"nm":"Path 1","mn":"ADBE Vector Shape - Group","hd":false},{"ty":"st","c":{"a":0,"k":[0.258999992819,0.169000004787,0.051000000449,1],"ix":3},"o":{"a":0,"k":100,"ix":4},"w":{"a":0,"k":30,"ix":5},"lc":2,"lj":1,"ml":10,"bm":0,"nm":"Stroke 1","mn":"ADBE Vector Graphic - Stroke","hd":false},{"ty":"tr","p":{"a":0,"k":[481.47,31.679],"ix":2},"a":{"a":0,"k":[0,0],"ix":1},"s":{"a":0,"k":[100,100],"ix":3},"r":{"a":0,"k":0,"ix":6},"o":{"a":0,"k":100,"ix":7},"sk":{"a":0,"k":0,"ix":4},"sa":{"a":0,"k":0,"ix":5},"nm":"Transform"}],"nm":"Group 1","np":2,"cix":2,"bm":0,"ix":1,"mn":"ADBE Vector Group","hd":false},{"ty":"gr","it":[{"ind":0,"ty":"sh","ix":1,"ks":{"a":1,"k":[{"i":{"x":0,"y":1},"o":{"x":0.167,"y":0.167},"t":55,"s":[{"i":[[0,0],[0,0]],"o":[[0,0],[0,0]],"v":[[-70.204,-12.679],[66.204,12.679]],"c":false}]},{"t":59,"s":[{"i":[[0,0],[0,0]],"o":[[0,0],[0,0]],"v":[[-89.204,-16.679],[89.204,16.679]],"c":false}]}],"ix":2},"nm":"Path 1","mn":"ADBE Vector Shape - Group","hd":false},{"ty":"st","c":{"a":0,"k":[0.258999992819,0.169000004787,0.051000000449,1],"ix":3},"o":{"a":0,"k":100,"ix":4},"w":{"a":0,"k":30,"ix":5},"lc":2,"lj":1,"ml":10,"bm":0,"nm":"Stroke 1","mn":"ADBE Vector Graphic - Stroke","hd":false},{"ty":"tr","p":{"a":0,"k":[104.204,40.679],"ix":2},"a":{"a":0,"k":[0,0],"ix":1},"s":{"a":0,"k":[100,100],"ix":3},"r":{"a":0,"k":0,"ix":6},"o":{"a":0,"k":100,"ix":7},"sk":{"a":0,"k":0,"ix":4},"sa":{"a":0,"k":0,"ix":5},"nm":"Transform"}],"nm":"Group 2","np":2,"cix":2,"bm":0,"ix":2,"mn":"ADBE Vector Group","hd":false}],"ip":56,"op":85,"st":56,"bm":0},{"ddd":0,"ind":4,"ty":4,"nm":"mouth 2","parent":2,"sr":1,"ks":{"o":{"a":0,"k":100,"ix":11},"r":{"a":0,"k":0,"ix":10},"p":{"a":1,"k":[{"i":{"x":0.667,"y":1},"o":{"x":0.167,"y":0.167},"t":56,"s":[512.366,719.142,0],"to":[0,0.667,0],"ti":[0,-0.667,0]},{"t":59,"s":[512.366,723.142,0]}],"ix":2,"l":2},"a":{"a":0,"k":[123.363,30.718,0],"ix":1,"l":2},"s":{"a":0,"k":[100,100,100],"ix":6,"l":2}},"ao":0,"shapes":[{"ty":"gr","it":[{"ind":0,"ty":"sh","ix":1,"ks":{"a":0,"k":{"i":[[-60.636,0],[-13.033,14.781],[3.23,5.447],[5.213,-0.042],[1.813,-0.464],[34.511,0.042],[32.868,7.433],[1.927,0.085],[2.38,-3.506],[-4.987,-4.645]],"o":[[61.202,0],[4.987,-4.686],[-2.494,-3.421],[-1.927,0.085],[-33.151,7.053],[-34.341,0.169],[-1.814,-0.465],[-5.213,-0.127],[-3.287,5.447],[12.467,15.203]],"v":[[-0.255,30.468],[117.049,-7.96],[119.883,-24.428],[107.416,-29.92],[101.749,-29.075],[-0.255,-18.516],[-101.692,-29.497],[-107.359,-30.342],[-119.826,-24.851],[-116.993,-8.382]],"c":true},"ix":2},"nm":"Path 1","mn":"ADBE Vector Shape - Group","hd":false},{"ty":"fl","c":{"a":0,"k":[0.258999992819,0.169000004787,0.051000000449,1],"ix":4},"o":{"a":0,"k":100,"ix":5},"r":1,"bm":0,"nm":"Fill 1","mn":"ADBE Vector Graphic - Fill","hd":false},{"ty":"tr","p":{"a":0,"k":[123.363,30.719],"ix":2},"a":{"a":0,"k":[0,0],"ix":1},"s":{"a":0,"k":[100,100],"ix":3},"r":{"a":0,"k":0,"ix":6},"o":{"a":0,"k":100,"ix":7},"sk":{"a":0,"k":0,"ix":4},"sa":{"a":0,"k":0,"ix":5},"nm":"Transform"}],"nm":"Group 1","np":4,"cix":2,"bm":0,"ix":1,"mn":"ADBE Vector Group","hd":false}],"ip":56,"op":84,"st":56,"bm":0},{"ddd":0,"ind":5,"ty":4,"nm":"eyebrows 2","parent":2,"sr":1,"ks":{"o":{"a":0,"k":100,"ix":11},"r":{"a":1,"k":[{"i":{"x":[0.833],"y":[1]},"o":{"x":[0.167],"y":[0]},"t":0,"s":[0]},{"i":{"x":[0.667],"y":[1]},"o":{"x":[0.167],"y":[0]},"t":6,"s":[0]},{"i":{"x":[0.833],"y":[0.833]},"o":{"x":[1],"y":[0]},"t":46,"s":[0]},{"t":56,"s":[28]}],"ix":10},"p":{"a":1,"k":[{"i":{"x":0.667,"y":1},"o":{"x":0.167,"y":0.167},"t":0,"s":[301.56,203.521,0],"to":[1.5,0.833,0],"ti":[-1.5,-0.833,0]},{"i":{"x":0.667,"y":0.667},"o":{"x":1,"y":1},"t":6,"s":[310.56,208.521,0],"to":[0,0,0],"ti":[0,0,0]},{"i":{"x":0.833,"y":0.833},"o":{"x":1,"y":0},"t":46,"s":[310.56,208.521,0],"to":[3.167,46,0],"ti":[0,0,0]},{"i":{"x":0.667,"y":1},"o":{"x":0.167,"y":0.167},"t":56,"s":[329.56,484.521,0],"to":[0,0,0],"ti":[0,0,0]},{"i":{"x":0.667,"y":0.667},"o":{"x":0.333,"y":0.333},"t":59,"s":[329.56,488.521,0],"to":[0,0,0],"ti":[0,0,0]},{"i":{"x":0.833,"y":0.833},"o":{"x":0.167,"y":0},"t":82,"s":[329.56,488.521,0],"to":[0,0,0],"ti":[0,0,0]},{"t":84,"s":[329.56,438.521,0]}],"ix":2,"l":2},"a":{"a":0,"k":[96.25,33.889,0],"ix":1,"l":2},"s":{"a":0,"k":[100,100,100],"ix":6,"l":2}},"ao":0,"shapes":[{"ty":"gr","it":[{"ind":0,"ty":"sh","ix":1,"ks":{"a":0,"k":{"i":[[-48.16,0.4],[0,0],[19.6,4.16],[15.92,-2],[25.04,-29.92],[-13.6,11.44]],"o":[[0,0],[18.48,0.24],[-14.64,-2.96],[-44.56,4.88],[-12.48,15.36],[34.8,-28.24]],"v":[[69.52,-13.08],[69.52,-13.08],[73.76,-42.28],[27.12,-43.64],[-80.88,14.12],[-59.36,34.2]],"c":true},"ix":2},"nm":"Path 1","mn":"ADBE Vector Shape - Group","hd":false},{"ty":"fl","c":{"a":0,"k":[0.258999992819,0.169000004787,0.051000000449,1],"ix":4},"o":{"a":0,"k":100,"ix":5},"r":1,"bm":0,"nm":"Fill 1","mn":"ADBE Vector Graphic - Fill","hd":false},{"ty":"tr","p":{"a":0,"k":[93.61,45.89],"ix":2},"a":{"a":0,"k":[0,0],"ix":1},"s":{"a":0,"k":[100,100],"ix":3},"r":{"a":0,"k":0,"ix":6},"o":{"a":0,"k":100,"ix":7},"sk":{"a":0,"k":0,"ix":4},"sa":{"a":0,"k":0,"ix":5},"nm":"Transform"}],"nm":"Group 6","np":4,"cix":2,"bm":0,"ix":1,"mn":"ADBE Vector Group","hd":false}],"ip":0,"op":85,"st":0,"bm":0},{"ddd":0,"ind":6,"ty":4,"nm":"eyebrows","parent":2,"sr":1,"ks":{"o":{"a":0,"k":100,"ix":11},"r":{"a":1,"k":[{"i":{"x":[0.833],"y":[1]},"o":{"x":[0.167],"y":[0.167]},"t":0,"s":[4]},{"i":{"x":[0.667],"y":[1]},"o":{"x":[0.167],"y":[0]},"t":6,"s":[0]},{"i":{"x":[0.833],"y":[0.833]},"o":{"x":[1],"y":[0]},"t":46,"s":[0]},{"t":56,"s":[-22]}],"ix":10},"p":{"a":1,"k":[{"i":{"x":0.667,"y":1},"o":{"x":0.167,"y":0.167},"t":0,"s":[716.56,212.521,0],"to":[-1.333,1,0],"ti":[1.333,-1,0]},{"i":{"x":0.667,"y":0.667},"o":{"x":1,"y":1},"t":6,"s":[708.56,218.521,0],"to":[0,0,0],"ti":[0,0,0]},{"i":{"x":0.833,"y":0.833},"o":{"x":1,"y":0},"t":46,"s":[708.56,218.521,0],"to":[-3.333,45.5,0],"ti":[0,0,0]},{"i":{"x":0.667,"y":1},"o":{"x":0.167,"y":0.167},"t":56,"s":[688.56,491.521,0],"to":[0,0,0],"ti":[0,0,0]},{"i":{"x":0.667,"y":0.667},"o":{"x":0.333,"y":0.333},"t":59,"s":[688.56,495.521,0],"to":[0,0,0],"ti":[0,0,0]},{"i":{"x":0.833,"y":0.833},"o":{"x":0.167,"y":0},"t":82,"s":[688.56,495.521,0],"to":[0,0,0],"ti":[0,0,0]},{"t":84,"s":[688.56,445.521,0]}],"ix":2,"l":2},"a":{"a":0,"k":[494.25,43.889,0],"ix":1,"l":2},"s":{"a":0,"k":[100,100,100],"ix":6,"l":2}},"ao":0,"shapes":[{"ty":"gr","it":[{"ind":0,"ty":"sh","ix":1,"ks":{"a":0,"k":{"i":[[47.92,-4.32],[0,0],[-19.04,6.08],[-16,-0.4],[-27.92,-27.36],[14.64,10.08]],"o":[[0,0],[-18.32,2.08],[14.32,-4.32],[44.8,0.48],[13.92,14.08],[-37.44,-24.72]],"v":[[-70.04,-4.76],[-70.04,-4.76],[-77.16,-33.4],[-30.92,-39.32],[82.28,7.56],[62.84,29.64]],"c":true},"ix":2},"nm":"Path 1","mn":"ADBE Vector Shape - Group","hd":false},{"ty":"fl","c":{"a":0,"k":[0.258999992819,0.169000004787,0.051000000449,1],"ix":4},"o":{"a":0,"k":100,"ix":5},"r":1,"bm":0,"nm":"Fill 1","mn":"ADBE Vector Graphic - Fill","hd":false},{"ty":"tr","p":{"a":0,"k":[496.05,45.883],"ix":2},"a":{"a":0,"k":[0,0],"ix":1},"s":{"a":0,"k":[100,100],"ix":3},"r":{"a":0,"k":0,"ix":6},"o":{"a":0,"k":100,"ix":7},"sk":{"a":0,"k":0,"ix":4},"sa":{"a":0,"k":0,"ix":5},"nm":"Transform"}],"nm":"Group 5","np":4,"cix":2,"bm":0,"ix":1,"mn":"ADBE Vector Group","hd":false}],"ip":0,"op":85,"st":0,"bm":0},{"ddd":0,"ind":7,"ty":4,"nm":"eyes 2","parent":2,"sr":1,"ks":{"o":{"a":0,"k":100,"ix":11},"r":{"a":0,"k":0,"ix":10},"p":{"a":1,"k":[{"i":{"x":0.833,"y":0.833},"o":{"x":1,"y":0},"t":46,"s":[510.56,350.521,0],"to":[0,30,0],"ti":[0,-30,0]},{"t":56,"s":[510.56,530.521,0]}],"ix":2,"l":2},"a":{"a":0,"k":[296.25,175.889,0],"ix":1,"l":2},"s":{"a":1,"k":[{"i":{"x":[0.833,0.833,0.833],"y":[1,0.833,1]},"o":{"x":[1,1,0.333],"y":[0,0,0]},"t":46,"s":[100,100,100]},{"t":55,"s":[100,66,100]}],"ix":6,"l":2}},"ao":0,"shapes":[{"ty":"gr","it":[{"ind":0,"ty":"sh","ix":1,"ks":{"a":0,"k":{"i":[[7.12,8.684],[0,0],[5.52,-14.339],[-7.12,-8.684],[-5.52,14.339]],"o":[[0,0],[-11.36,-6.867],[-4.24,11.208],[11.36,6.866],[4.24,-11.208]],"v":[[12.88,-23.426],[12.88,-23.426],[-17.68,-9.895],[-12.88,23.427],[17.68,9.896]],"c":true},"ix":2},"nm":"Path 1","mn":"ADBE Vector Shape - Group","hd":false},{"ty":"mm","mm":4,"nm":"Merge Paths 1","mn":"ADBE Vector Filter - Merge","hd":false},{"ty":"fl","c":{"a":0,"k":[0.536999990426,0.375999989229,0.141000007181,1],"ix":4},"o":{"a":0,"k":100,"ix":5},"r":1,"bm":0,"nm":"Fill 1","mn":"ADBE Vector Graphic - Fill","hd":false},{"ty":"tr","p":{"a":0,"k":[433.85,224.499],"ix":2},"a":{"a":0,"k":[0,0],"ix":1},"s":{"a":0,"k":[100,100],"ix":3},"r":{"a":0,"k":0,"ix":6},"o":{"a":0,"k":100,"ix":7},"sk":{"a":0,"k":0,"ix":4},"sa":{"a":0,"k":0,"ix":5},"nm":"Transform"}],"nm":"Group 1","np":3,"cix":2,"bm":0,"ix":1,"mn":"ADBE Vector Group","hd":false},{"ty":"gr","it":[{"ind":0,"ty":"sh","ix":1,"ks":{"a":0,"k":{"i":[[33.68,0],[0,0],[0,-59.374],[-33.52,0],[0,59.274]],"o":[[0,0],[-33.52,0],[0,59.374],[33.52,0],[0,-59.273]],"v":[[0,-95.07],[0,-95.07],[-64,0.051],[0,95.069],[64,0.051]],"c":true},"ix":2},"nm":"Path 1","mn":"ADBE Vector Shape - Group","hd":false},{"ty":"mm","mm":4,"nm":"Merge Paths 1","mn":"ADBE Vector Filter - Merge","hd":false},{"ty":"fl","c":{"a":0,"k":[0.258999992819,0.169000004787,0.051000000449,1],"ix":4},"o":{"a":0,"k":100,"ix":5},"r":1,"bm":0,"nm":"Fill 1","mn":"ADBE Vector Graphic - Fill","hd":false},{"ty":"tr","p":{"a":0,"k":[449.69,256.459],"ix":2},"a":{"a":0,"k":[0,0],"ix":1},"s":{"a":0,"k":[100,100],"ix":3},"r":{"a":0,"k":0,"ix":6},"o":{"a":0,"k":100,"ix":7},"sk":{"a":0,"k":0,"ix":4},"sa":{"a":0,"k":0,"ix":5},"nm":"Transform"}],"nm":"Group 2","np":3,"cix":2,"bm":0,"ix":2,"mn":"ADBE Vector Group","hd":false},{"ty":"gr","it":[{"ind":0,"ty":"sh","ix":1,"ks":{"a":0,"k":{"i":[[7.12,8.684],[0,0],[5.52,-14.339],[-7.12,-8.684],[-5.52,14.339]],"o":[[0,0],[-11.36,-6.867],[-4.24,11.208],[11.36,6.866],[4.24,-11.208]],"v":[[12.88,-23.426],[12.88,-23.426],[-17.68,-9.895],[-12.88,23.427],[17.68,9.896]],"c":true},"ix":2},"nm":"Path 1","mn":"ADBE Vector Shape - Group","hd":false},{"ty":"mm","mm":4,"nm":"Merge Paths 1","mn":"ADBE Vector Filter - Merge","hd":false},{"ty":"fl","c":{"a":0,"k":[0.536999990426,0.375999989229,0.141000007181,1],"ix":4},"o":{"a":0,"k":100,"ix":5},"r":1,"bm":0,"nm":"Fill 1","mn":"ADBE Vector Graphic - Fill","hd":false},{"ty":"tr","p":{"a":0,"k":[127.05,224.499],"ix":2},"a":{"a":0,"k":[0,0],"ix":1},"s":{"a":0,"k":[100,100],"ix":3},"r":{"a":0,"k":0,"ix":6},"o":{"a":0,"k":100,"ix":7},"sk":{"a":0,"k":0,"ix":4},"sa":{"a":0,"k":0,"ix":5},"nm":"Transform"}],"nm":"Group 3","np":3,"cix":2,"bm":0,"ix":3,"mn":"ADBE Vector Group","hd":false},{"ty":"gr","it":[{"ind":0,"ty":"sh","ix":1,"ks":{"a":0,"k":{"i":[[33.52,0],[0,0],[0,-59.374],[-33.52,0],[0,59.274]],"o":[[0,0],[-33.52,0],[0,59.374],[33.52,0],[0,-59.273]],"v":[[0,-95.07],[0,-95.07],[-64,0.051],[0,95.069],[64,0.051]],"c":true},"ix":2},"nm":"Path 1","mn":"ADBE Vector Shape - Group","hd":false},{"ty":"mm","mm":4,"nm":"Merge Paths 1","mn":"ADBE Vector Filter - Merge","hd":false},{"ty":"fl","c":{"a":0,"k":[0.258999992819,0.169000004787,0.051000000449,1],"ix":4},"o":{"a":0,"k":100,"ix":5},"r":1,"bm":0,"nm":"Fill 1","mn":"ADBE Vector Graphic - Fill","hd":false},{"ty":"tr","p":{"a":0,"k":[143.05,256.459],"ix":2},"a":{"a":0,"k":[0,0],"ix":1},"s":{"a":0,"k":[100,100],"ix":3},"r":{"a":0,"k":0,"ix":6},"o":{"a":0,"k":100,"ix":7},"sk":{"a":0,"k":0,"ix":4},"sa":{"a":0,"k":0,"ix":5},"nm":"Transform"}],"nm":"Group 4","np":3,"cix":2,"bm":0,"ix":4,"mn":"ADBE Vector Group","hd":false}],"ip":8,"op":56,"st":0,"bm":0},{"ddd":0,"ind":8,"ty":4,"nm":"eyes","parent":2,"sr":1,"ks":{"o":{"a":0,"k":100,"ix":11},"r":{"a":0,"k":0,"ix":10},"p":{"a":0,"k":[504.56,422.521,0],"ix":2,"l":2},"a":{"a":0,"k":[290.25,247.889,0],"ix":1,"l":2},"s":{"a":1,"k":[{"i":{"x":[0.667,0.667,0.667],"y":[1,1,1]},"o":{"x":[0.167,0.167,0.167],"y":[0,0.167,0]},"t":0,"s":[100,103,100]},{"i":{"x":[0.667,0.667,0.667],"y":[1,1,1]},"o":{"x":[0.333,0.333,0.333],"y":[0,0,0]},"t":4,"s":[100,96,100]},{"t":8,"s":[100,100,100]}],"ix":6,"l":2}},"ao":0,"shapes":[{"ty":"gr","it":[{"ind":0,"ty":"sh","ix":1,"ks":{"a":0,"k":{"i":[[7.12,8.684],[0,0],[5.52,-14.339],[-7.12,-8.684],[-5.52,14.339]],"o":[[0,0],[-11.36,-6.867],[-4.24,11.208],[11.36,6.866],[4.24,-11.208]],"v":[[12.88,-23.426],[12.88,-23.426],[-17.68,-9.895],[-12.88,23.427],[17.68,9.896]],"c":true},"ix":2},"nm":"Path 1","mn":"ADBE Vector Shape - Group","hd":false},{"ty":"mm","mm":4,"nm":"Merge Paths 1","mn":"ADBE Vector Filter - Merge","hd":false},{"ty":"fl","c":{"a":0,"k":[0.536999990426,0.375999989229,0.141000007181,1],"ix":4},"o":{"a":0,"k":100,"ix":5},"r":1,"bm":0,"nm":"Fill 1","mn":"ADBE Vector Graphic - Fill","hd":false},{"ty":"tr","p":{"a":0,"k":[433.85,224.499],"ix":2},"a":{"a":0,"k":[0,0],"ix":1},"s":{"a":0,"k":[100,100],"ix":3},"r":{"a":0,"k":0,"ix":6},"o":{"a":0,"k":100,"ix":7},"sk":{"a":0,"k":0,"ix":4},"sa":{"a":0,"k":0,"ix":5},"nm":"Transform"}],"nm":"Group 1","np":3,"cix":2,"bm":0,"ix":1,"mn":"ADBE Vector Group","hd":false},{"ty":"gr","it":[{"ind":0,"ty":"sh","ix":1,"ks":{"a":0,"k":{"i":[[33.68,0],[0,0],[0,-59.374],[-33.52,0],[0,59.274]],"o":[[0,0],[-33.52,0],[0,59.374],[33.52,0],[0,-59.273]],"v":[[0,-95.07],[0,-95.07],[-64,0.051],[0,95.069],[64,0.051]],"c":true},"ix":2},"nm":"Path 1","mn":"ADBE Vector Shape - Group","hd":false},{"ty":"mm","mm":4,"nm":"Merge Paths 1","mn":"ADBE Vector Filter - Merge","hd":false},{"ty":"fl","c":{"a":0,"k":[0.258999992819,0.169000004787,0.051000000449,1],"ix":4},"o":{"a":0,"k":100,"ix":5},"r":1,"bm":0,"nm":"Fill 1","mn":"ADBE Vector Graphic - Fill","hd":false},{"ty":"tr","p":{"a":0,"k":[449.69,256.459],"ix":2},"a":{"a":0,"k":[0,0],"ix":1},"s":{"a":0,"k":[100,100],"ix":3},"r":{"a":0,"k":0,"ix":6},"o":{"a":0,"k":100,"ix":7},"sk":{"a":0,"k":0,"ix":4},"sa":{"a":0,"k":0,"ix":5},"nm":"Transform"}],"nm":"Group 2","np":3,"cix":2,"bm":0,"ix":2,"mn":"ADBE Vector Group","hd":false},{"ty":"gr","it":[{"ind":0,"ty":"sh","ix":1,"ks":{"a":0,"k":{"i":[[7.12,8.684],[0,0],[5.52,-14.339],[-7.12,-8.684],[-5.52,14.339]],"o":[[0,0],[-11.36,-6.867],[-4.24,11.208],[11.36,6.866],[4.24,-11.208]],"v":[[12.88,-23.426],[12.88,-23.426],[-17.68,-9.895],[-12.88,23.427],[17.68,9.896]],"c":true},"ix":2},"nm":"Path 1","mn":"ADBE Vector Shape - Group","hd":false},{"ty":"mm","mm":4,"nm":"Merge Paths 1","mn":"ADBE Vector Filter - Merge","hd":false},{"ty":"fl","c":{"a":0,"k":[0.536999990426,0.375999989229,0.141000007181,1],"ix":4},"o":{"a":0,"k":100,"ix":5},"r":1,"bm":0,"nm":"Fill 1","mn":"ADBE Vector Graphic - Fill","hd":false},{"ty":"tr","p":{"a":0,"k":[127.05,224.499],"ix":2},"a":{"a":0,"k":[0,0],"ix":1},"s":{"a":0,"k":[100,100],"ix":3},"r":{"a":0,"k":0,"ix":6},"o":{"a":0,"k":100,"ix":7},"sk":{"a":0,"k":0,"ix":4},"sa":{"a":0,"k":0,"ix":5},"nm":"Transform"}],"nm":"Group 3","np":3,"cix":2,"bm":0,"ix":3,"mn":"ADBE Vector Group","hd":false},{"ty":"gr","it":[{"ind":0,"ty":"sh","ix":1,"ks":{"a":0,"k":{"i":[[33.52,0],[0,0],[0,-59.374],[-33.52,0],[0,59.274]],"o":[[0,0],[-33.52,0],[0,59.374],[33.52,0],[0,-59.273]],"v":[[0,-95.07],[0,-95.07],[-64,0.051],[0,95.069],[64,0.051]],"c":true},"ix":2},"nm":"Path 1","mn":"ADBE Vector Shape - Group","hd":false},{"ty":"mm","mm":4,"nm":"Merge Paths 1","mn":"ADBE Vector Filter - Merge","hd":false},{"ty":"fl","c":{"a":0,"k":[0.258999992819,0.169000004787,0.051000000449,1],"ix":4},"o":{"a":0,"k":100,"ix":5},"r":1,"bm":0,"nm":"Fill 1","mn":"ADBE Vector Graphic - Fill","hd":false},{"ty":"tr","p":{"a":0,"k":[143.05,256.459],"ix":2},"a":{"a":0,"k":[0,0],"ix":1},"s":{"a":0,"k":[100,100],"ix":3},"r":{"a":0,"k":0,"ix":6},"o":{"a":0,"k":100,"ix":7},"sk":{"a":0,"k":0,"ix":4},"sa":{"a":0,"k":0,"ix":5},"nm":"Transform"}],"nm":"Group 4","np":3,"cix":2,"bm":0,"ix":4,"mn":"ADBE Vector Group","hd":false}],"ip":0,"op":8,"st":0,"bm":0},{"ddd":0,"ind":9,"ty":4,"nm":"mouth 1","parent":2,"sr":1,"ks":{"o":{"a":0,"k":100,"ix":11},"r":{"a":0,"k":0,"ix":10},"p":{"a":1,"k":[{"i":{"x":0.833,"y":0.833},"o":{"x":1,"y":0},"t":46,"s":[512.111,637.444,0],"to":[0,16,0],"ti":[0,-16,0]},{"t":56,"s":[512.111,733.444,0]}],"ix":2,"l":2},"a":{"a":0,"k":[38.473,51.806,0],"ix":1,"l":2},"s":{"a":1,"k":[{"i":{"x":[0.667,0.667,0.667],"y":[1,1,1]},"o":{"x":[0.167,0.167,0.167],"y":[0.167,0.167,-0.31]},"t":0,"s":[119,119,100]},{"i":{"x":[0.833,0.833,0.833],"y":[1,1,1]},"o":{"x":[0.333,0.333,0.333],"y":[0,0,0]},"t":4,"s":[98,98,100]},{"t":7,"s":[100,100,100]}],"ix":6,"l":2}},"ao":0,"shapes":[{"ty":"gr","it":[{"ind":0,"ty":"sh","ix":1,"ks":{"a":1,"k":[{"i":{"x":0.833,"y":0.833},"o":{"x":1,"y":0},"t":46,"s":[{"i":[[0,-28.474],[21.109,0],[0,28.474],[-21.11,0]],"o":[[0,28.474],[-21.11,0],[0,-28.474],[21.109,0]],"v":[[38.223,0],[0,51.556],[-38.223,0],[0,-51.556]],"c":true}]},{"t":56,"s":[{"i":[[-0.333,-25.444],[37.941,0],[0,28.474],[-73.12,-0.112]],"o":[[0.373,28.472],[-40.111,0],[0,-28.474],[72.889,0.112]],"v":[[121.223,-28],[-3,20.556],[-120.223,-29],[0,-26.556]],"c":true}]}],"ix":2},"nm":"Path 1","mn":"ADBE Vector Shape - Group","hd":false},{"ty":"mm","mm":4,"nm":"Merge Paths 1","mn":"ADBE Vector Filter - Merge","hd":false},{"ty":"fl","c":{"a":0,"k":[0.258999992819,0.169000004787,0.051000000449,1],"ix":4},"o":{"a":0,"k":100,"ix":5},"r":1,"bm":0,"nm":"Fill 1","mn":"ADBE Vector Graphic - Fill","hd":false},{"ty":"tr","p":{"a":0,"k":[38.472,51.806],"ix":2},"a":{"a":0,"k":[0,0],"ix":1},"s":{"a":0,"k":[100,100],"ix":3},"r":{"a":0,"k":0,"ix":6},"o":{"a":0,"k":100,"ix":7},"sk":{"a":0,"k":0,"ix":4},"sa":{"a":0,"k":0,"ix":5},"nm":"Transform"}],"nm":"Group 1","np":3,"cix":2,"bm":0,"ix":1,"mn":"ADBE Vector Group","hd":false}],"ip":0,"op":56,"st":0,"bm":0},{"ddd":0,"ind":10,"ty":3,"nm":"Null Face $$","parent":1,"sr":1,"ks":{"o":{"a":0,"k":100,"ix":11},"r":{"a":0,"k":0,"ix":10},"p":{"a":1,"k":[{"i":{"x":0,"y":1},"o":{"x":0.167,"y":0.167},"t":85,"s":[2,-12,0],"to":[0,4.333,0],"ti":[0,-3.333,0]},{"i":{"x":0.53,"y":1},"o":{"x":0.62,"y":0},"t":96,"s":[2,14,0],"to":[0,0,0],"ti":[0,0,0]},{"i":{"x":0.317,"y":0.317},"o":{"x":0.395,"y":0.395},"t":103,"s":[2,8,0],"to":[0,0,0],"ti":[0,0,0]},{"i":{"x":0.64,"y":1},"o":{"x":0.308,"y":0},"t":130,"s":[2,8,0],"to":[0,0,0],"ti":[0,0,0]},{"i":{"x":0,"y":1},"o":{"x":0.307,"y":0},"t":134,"s":[2,20,0],"to":[0,0,0],"ti":[0,4,0]},{"t":142,"s":[2,-4,0]}],"ix":2,"l":2},"a":{"a":0,"k":[512,512,0],"ix":1,"l":2},"s":{"a":0,"k":[100,100,100],"ix":6,"l":2}},"ao":0,"ip":0,"op":143,"st":0,"bm":0},{"ddd":0,"ind":11,"ty":4,"nm":"tongue 4","parent":10,"td":1,"sr":1,"ks":{"o":{"a":0,"k":100,"ix":11},"r":{"a":0,"k":0,"ix":10},"p":{"a":1,"k":[{"i":{"x":0,"y":1},"o":{"x":0.167,"y":0.167},"t":85,"s":[507.16,581.16,0],"to":[0,0,0],"ti":[0,0,0]},{"i":{"x":0.55,"y":1},"o":{"x":0.333,"y":0},"t":93,"s":[507.16,848.16,0],"to":[0,0,0],"ti":[0,0,0]},{"i":{"x":0.55,"y":0.55},"o":{"x":0.167,"y":0.167},"t":104,"s":[507.16,841.16,0],"to":[0,0,0],"ti":[0,0,0]},{"i":{"x":0.667,"y":1},"o":{"x":1,"y":0},"t":133,"s":[507.16,841.16,0],"to":[0,0,0],"ti":[0,0,0]},{"t":139,"s":[507.16,521.16,0]}],"ix":2,"l":2},"a":{"a":0,"k":[151.09,168.21,0],"ix":1,"l":2},"s":{"a":1,"k":[{"i":{"x":[0,0,0.667],"y":[1,1,1]},"o":{"x":[0.167,0.167,0.167],"y":[0.167,0.167,0.235]},"t":85,"s":[70,70,100]},{"i":{"x":[0.833,0.833,0.833],"y":[1,1,1]},"o":{"x":[0.333,0.333,0.333],"y":[0,0,0]},"t":93,"s":[100,100,100]},{"i":{"x":[0.667,0.667,0.667],"y":[1,1,1]},"o":{"x":[1,1,0.167],"y":[0,0,0]},"t":133,"s":[100,100,100]},{"t":138,"s":[81,81,100]}],"ix":6,"l":2}},"ao":0,"shapes":[{"ty":"gr","it":[{"ind":0,"ty":"sh","ix":1,"ks":{"a":0,"k":{"i":[[1.68,-3.92],[3.2,-2.72],[4.56,-1.36],[0.799,-0.16],[0,0],[-3.68,-3.52],[0.16,-8.08]],"o":[[-1.76,3.84],[-3.201,2.72],[-0.72,0.239],[0,0],[6.32,2.96],[6,5.76],[0,4.96]],"v":[[34.68,61.96],[27.32,71.801],[15.64,77.96],[13.32,78.439],[13.32,18.359],[28.44,28.04],[37.24,48.76]],"c":true},"ix":2},"nm":"Path 1","mn":"ADBE Vector Shape - Group","hd":false},{"ind":1,"ty":"sh","ix":2,"ks":{"a":0,"k":{"i":[[2.88,2.64],[1.44,3.44],[0,4.479],[-5.52,5.601],[-4.56,1.36],[0,0]],"o":[[-3.04,-2.801],[-1.44,-3.441],[0.08,-9.521],[2.96,-3.04],[0,0],[-4.4,-2.241]],"v":[[-20.92,-23.88],[-27.64,-33.32],[-29.8,-45.16],[-21.4,-67.801],[-9.96,-74.359],[-9.96,-16.52]],"c":true},"ix":2},"nm":"Path 2","mn":"ADBE Vector Shape - Group","hd":false},{"ind":2,"ty":"sh","ix":3,"ks":{"a":0,"k":{"i":[[2.4,6],[4.56,4.48],[6.64,3.361],[6.4,2.239],[0,0],[-1.12,-0.561],[-2.8,-3.599],[-1.44,-4.96],[-0.32,-2.08],[-5.92,0],[0,0],[1.12,7.521],[5.92,7.599],[14.799,2.079],[0,0],[6.399,0],[0,-6.399],[0,0],[4.96,-2.319],[4.16,-4.479],[2.32,-6],[0,-7.519],[-2.56,-6],[-4.72,-4.64],[-6.72,-3.36],[-4.399,-1.68],[0,0],[0,0],[4.399,3.68],[2.24,4.88],[0.56,3.12],[5.92,0],[0,0],[-1.2,-7.12],[-1.52,-3.679],[-4.88,-4.719],[-6.319,-2.48],[-6.56,-0.8],[0,0],[-6.401,0],[0,6.4],[0,0],[-5.601,2.32],[-4.48,4.399],[-2.48,6.16],[0,7.68]],"o":[[-2.4,-5.92],[-4.641,-4.56],[-5.28,-2.639],[0,0],[1.2,0.4],[4.08,2],[2.8,3.601],[0.56,2],[0.96,5.841],[0,0],[7.68,0],[-1.68,-11.439],[-8.16,-10.401],[0,0],[0,-6.399],[-6.4,0],[0,0],[-5.919,0.96],[-5.92,2.72],[-4.08,4.481],[-2.24,6],[0,7.92],[2.559,6],[4.72,4.64],[3.84,1.92],[0,0],[0,0],[-5.84,-1.04],[-3.52,-2.96],[-1.12,-2.48],[-1.12,-5.76],[0,0],[-7.28,0],[0.72,4.401],[2.96,7.201],[4.879,4.721],[6,2.399],[0,0],[0,6.4],[6.4,0],[0,0],[6.721,-0.88],[6.319,-2.64],[4.4,-4.4],[2.4,-6.08],[0.08,-7.84]],"v":[[58.36,27.801],[47.8,12.12],[30.92,0.279],[13.32,-7.079],[13.32,-74.359],[16.92,-73.079],[27.24,-64.6],[33.64,-51.721],[35,-45.641],[46.68,-35.32],[47,-35.32],[59.24,-49.641],[47.8,-78.199],[13.32,-96.919],[13.32,-114.6],[1.72,-126.199],[-9.881,-114.6],[-9.881,-96.359],[-26.28,-91.56],[-41.32,-80.76],[-50.92,-64.999],[-54.28,-44.76],[-50.44,-23.88],[-39.48,-7.88],[-22.36,4.12],[-9.881,9.561],[-9.881,78.921],[-9.96,79],[-25.24,71.96],[-33.8,60.201],[-36.28,51.881],[-47.96,41.641],[-49.16,41.641],[-60.76,55.32],[-57.4,67.4],[-45.72,85.24],[-28.921,96.04],[-10.04,100.68],[-10.04,114.6],[1.56,126.199],[13.159,114.6],[13.159,100.279],[31.72,95.56],[47.88,85],[58.2,69.24],[61.88,48.521]],"c":true},"ix":2},"nm":"Path 3","mn":"ADBE Vector Shape - Group","hd":false},{"ty":"mm","mm":1,"nm":"Merge Paths 1","mn":"ADBE Vector Filter - Merge","hd":false},{"ty":"mm","mm":4,"nm":"Merge Paths 2","mn":"ADBE Vector Filter - Merge","hd":false},{"ty":"fl","c":{"a":0,"k":[0.250999989229,0.250999989229,0.250999989229,1],"ix":4},"o":{"a":0,"k":100,"ix":5},"r":1,"bm":0,"nm":"Fill 1","mn":"ADBE Vector Graphic - Fill","hd":false},{"ty":"tr","p":{"a":0,"k":[153.33,165.41],"ix":2},"a":{"a":0,"k":[0,0],"ix":1},"s":{"a":0,"k":[100,100],"ix":3},"r":{"a":0,"k":0,"ix":6},"o":{"a":0,"k":100,"ix":7},"sk":{"a":0,"k":0,"ix":4},"sa":{"a":0,"k":0,"ix":5},"nm":"Transform"}],"nm":"Group 1","np":6,"cix":2,"bm":0,"ix":1,"mn":"ADBE Vector Group","hd":false},{"ty":"gr","it":[{"ind":0,"ty":"sh","ix":1,"ks":{"a":1,"k":[{"i":{"x":0.833,"y":0.833},"o":{"x":0.167,"y":0.167},"t":93,"s":[{"i":[[53.68,0],[46.72,3.92],[0,0],[-152.16,29.76],[0,0]],"o":[[-49.521,0],[0,0],[36.319,8.399],[0,0],[-50.321,4.56]],"v":[[-5.88,-31.76],[-150.84,-37.68],[-150.84,0.24],[150.84,-0.96],[150.84,-38.8]],"c":true}]},{"t":96,"s":[{"i":[[53.68,0],[46.72,3.92],[0,0],[-152.16,29.76],[0,0]],"o":[[-49.521,0],[0,0],[36.319,8.399],[0,0],[-50.321,4.56]],"v":[[-5.88,-31.76],[-150.84,-37.68],[-150.84,0.24],[150.84,-0.96],[150.84,-38.8]],"c":true}]}],"ix":2},"nm":"Path 1","mn":"ADBE Vector Shape - Group","hd":false},{"ty":"mm","mm":4,"nm":"Merge Paths 1","mn":"ADBE Vector Filter - Merge","hd":false},{"ty":"fl","c":{"a":0,"k":[0.019607843137,0.878431432387,0.019607843137,1],"ix":4},"o":{"a":0,"k":100,"ix":5},"r":1,"bm":0,"nm":"Fill 1","mn":"ADBE Vector Graphic - Fill","hd":false},{"ty":"tr","p":{"a":0,"k":[151.09,29.05],"ix":2},"a":{"a":0,"k":[0,0],"ix":1},"s":{"a":0,"k":[100,100],"ix":3},"r":{"a":0,"k":0,"ix":6},"o":{"a":0,"k":100,"ix":7},"sk":{"a":0,"k":0,"ix":4},"sa":{"a":0,"k":0,"ix":5},"nm":"Transform"}],"nm":"Group 2","np":3,"cix":2,"bm":0,"ix":2,"mn":"ADBE Vector Group","hd":false},{"ty":"gr","it":[{"ind":0,"ty":"sh","ix":1,"ks":{"a":0,"k":{"i":[[36.239,8.399],[0,0],[-76,0],[0,0],[0,76],[0,0]],"o":[[0,0],[0,76.079],[0,0],[76.08,0],[0,0],[-152.08,29.76]],"v":[[-150.8,-162.84],[-150.8,16.36],[-13.12,154.04],[13.12,154.04],[150.8,16.36],[150.8,-164.04]],"c":true},"ix":2},"nm":"Path 1","mn":"ADBE Vector Shape - Group","hd":false},{"ty":"mm","mm":4,"nm":"Merge Paths 1","mn":"ADBE Vector Filter - Merge","hd":false},{"ty":"fl","c":{"a":0,"k":[0.019999999626,0.877999997606,0.019999999626,1],"ix":4},"o":{"a":0,"k":100,"ix":5},"r":1,"bm":0,"nm":"Fill 1","mn":"ADBE Vector Graphic - Fill","hd":false},{"ty":"tr","p":{"a":0,"k":[151.05,182.13],"ix":2},"a":{"a":0,"k":[0,0],"ix":1},"s":{"a":0,"k":[100,100],"ix":3},"r":{"a":0,"k":0,"ix":6},"o":{"a":0,"k":100,"ix":7},"sk":{"a":0,"k":0,"ix":4},"sa":{"a":0,"k":0,"ix":5},"nm":"Transform"}],"nm":"Group 3","np":3,"cix":2,"bm":0,"ix":3,"mn":"ADBE Vector Group","hd":false}],"ip":85,"op":139,"st":85,"bm":0},{"ddd":0,"ind":12,"ty":4,"nm":"tongue 2","parent":10,"tt":1,"sr":1,"ks":{"o":{"a":1,"k":[{"i":{"x":[0.833],"y":[0.833]},"o":{"x":[0.167],"y":[0.167]},"t":137,"s":[20]},{"t":138,"s":[40]}],"ix":11},"r":{"a":0,"k":0,"ix":10},"p":{"a":0,"k":[508.16,850.16,0],"ix":2,"l":2},"a":{"a":0,"k":[151.09,168.21,0],"ix":1,"l":2},"s":{"a":0,"k":[100,100,100],"ix":6,"l":2}},"ao":0,"shapes":[{"ty":"gr","it":[{"ind":0,"ty":"sh","ix":1,"ks":{"a":1,"k":[{"i":{"x":0.833,"y":0.833},"o":{"x":0.167,"y":0.167},"t":93,"s":[{"i":[[53.68,0],[46.72,3.92],[0,0],[-152.16,29.76],[0,0]],"o":[[-49.521,0],[0,0],[36.319,8.399],[0,0],[-50.321,4.56]],"v":[[-5.88,-31.76],[-150.84,-37.68],[-150.84,0.24],[150.84,-0.96],[150.84,-38.8]],"c":true}]},{"i":{"x":0.833,"y":0.833},"o":{"x":0.167,"y":0.167},"t":96,"s":[{"i":[[53.68,0],[46.72,3.92],[0,0],[-152.16,29.76],[0,0]],"o":[[-49.521,0],[0,0],[36.319,8.399],[0,0],[-50.321,4.56]],"v":[[-5.88,-31.76],[-150.84,-37.68],[-150.84,0.24],[150.84,-0.96],[150.84,-38.8]],"c":true}]},{"i":{"x":0.833,"y":0.833},"o":{"x":0.167,"y":0.167},"t":137,"s":[{"i":[[53.68,0],[46.72,3.92],[0,0],[-152.16,29.76],[0,0]],"o":[[-49.521,0],[0,0],[36.319,8.399],[0,0],[-50.321,4.56]],"v":[[-5.88,-31.76],[-150.84,-37.68],[-150.84,0.24],[150.84,-0.96],[150.84,-38.8]],"c":true}]},{"t":138,"s":[{"i":[[53.68,0],[46.72,3.92],[0,0],[-152.16,29.76],[0,0]],"o":[[-49.521,0],[0,0],[36.319,8.399],[0,0],[-50.321,4.56]],"v":[[-6.88,-68.76],[-152.84,-75.68],[-149.84,6.24],[151.84,5.04],[145.84,-74.8]],"c":true}]}],"ix":2},"nm":"Path 1","mn":"ADBE Vector Shape - Group","hd":false},{"ty":"mm","mm":4,"nm":"Merge Paths 1","mn":"ADBE Vector Filter - Merge","hd":false},{"ty":"fl","c":{"a":0,"k":[0,0,0,1],"ix":4},"o":{"a":0,"k":100,"ix":5},"r":1,"bm":0,"nm":"Fill 1","mn":"ADBE Vector Graphic - Fill","hd":false},{"ty":"tr","p":{"a":0,"k":[151.09,29.05],"ix":2},"a":{"a":0,"k":[0,0],"ix":1},"s":{"a":0,"k":[100,100],"ix":3},"r":{"a":0,"k":0,"ix":6},"o":{"a":0,"k":100,"ix":7},"sk":{"a":0,"k":0,"ix":4},"sa":{"a":0,"k":0,"ix":5},"nm":"Transform"}],"nm":"Group 2","np":3,"cix":2,"bm":0,"ix":1,"mn":"ADBE Vector Group","hd":false}],"ip":85,"op":139,"st":85,"bm":0},{"ddd":0,"ind":13,"ty":1,"nm":"Magenta-Red Solid 3","parent":10,"td":1,"sr":1,"ks":{"o":{"a":0,"k":100,"ix":11},"r":{"a":0,"k":0,"ix":10},"p":{"a":1,"k":[{"i":{"x":0.667,"y":0.667},"o":{"x":0.167,"y":0.167},"t":104,"s":[512,512.49,0],"to":[0,0,0],"ti":[0,0,0]},{"i":{"x":0.7,"y":0.343},"o":{"x":0.368,"y":0},"t":136,"s":[512,512.49,0],"to":[0,-0.133,0],"ti":[0,0.152,0]},{"i":{"x":0.714,"y":0.98},"o":{"x":0.383,"y":0.01},"t":137,"s":[512,512.062,0],"to":[0,-0.469,0],"ti":[0,0.634,0]},{"i":{"x":0.744,"y":0.667},"o":{"x":0.419,"y":0.324},"t":138,"s":[512,474.4,0],"to":[0,-2.107,0],"ti":[0,-2.075,0]},{"i":{"x":0.421,"y":1},"o":{"x":0.647,"y":0.439},"t":139,"s":[512,473.362,0],"to":[0,4.212,0],"ti":[0,3.75,0]},{"i":{"x":0.667,"y":1},"o":{"x":0.167,"y":0},"t":141,"s":[512,484.49,0],"to":[0,-6.333,0],"ti":[0,1.667,0]},{"t":142,"s":[512,474.49,0]}],"ix":2,"l":2},"a":{"a":0,"k":[512,512,0],"ix":1,"l":2},"s":{"a":0,"k":[100,100,100],"ix":6,"l":2}},"ao":0,"hasMask":true,"masksProperties":[{"inv":false,"mode":"a","pt":{"a":0,"k":{"i":[[8,-166],[0,0],[-308,43],[0,0]],"o":[[-8,166],[0,0],[308,-43],[0,0]],"v":[[132,194],[243,657],[739.5,663.5],[940,200]],"c":true},"ix":1},"o":{"a":0,"k":100,"ix":3},"x":{"a":0,"k":0,"ix":4},"nm":"Mask 1"}],"sw":1024,"sh":1024,"sc":"#ff287e","ip":0,"op":143,"st":0,"bm":0},{"ddd":0,"ind":14,"ty":4,"nm":"tongue","parent":10,"tt":2,"sr":1,"ks":{"o":{"a":0,"k":100,"ix":11},"r":{"a":0,"k":0,"ix":10},"p":{"a":1,"k":[{"i":{"x":0,"y":1},"o":{"x":0.167,"y":0.167},"t":85,"s":[507.16,581.16,0],"to":[0,0,0],"ti":[0,0,0]},{"i":{"x":0.55,"y":1},"o":{"x":0.333,"y":0},"t":93,"s":[507.16,848.16,0],"to":[0,0,0],"ti":[0,0,0]},{"i":{"x":0.55,"y":0.55},"o":{"x":0.167,"y":0.167},"t":104,"s":[507.16,841.16,0],"to":[0,0,0],"ti":[0,0,0]},{"i":{"x":0.667,"y":1},"o":{"x":1,"y":0},"t":133,"s":[507.16,841.16,0],"to":[0,0,0],"ti":[0,0,0]},{"t":139,"s":[507.16,521.16,0]}],"ix":2,"l":2},"a":{"a":0,"k":[151.09,168.21,0],"ix":1,"l":2},"s":{"a":1,"k":[{"i":{"x":[0,0,0.667],"y":[1,1,1]},"o":{"x":[0.167,0.167,0.167],"y":[0.167,0.167,0.235]},"t":85,"s":[70,70,100]},{"i":{"x":[0.833,0.833,0.833],"y":[1,1,1]},"o":{"x":[0.333,0.333,0.333],"y":[0,0,0]},"t":93,"s":[100,100,100]},{"i":{"x":[0.667,0.667,0.667],"y":[1,1,1]},"o":{"x":[1,1,0.167],"y":[0,0,0]},"t":133,"s":[100,100,100]},{"t":138,"s":[81,81,100]}],"ix":6,"l":2}},"ao":0,"shapes":[{"ty":"gr","it":[{"ind":0,"ty":"sh","ix":1,"ks":{"a":0,"k":{"i":[[1.68,-3.92],[3.2,-2.72],[4.56,-1.36],[0.799,-0.16],[0,0],[-3.68,-3.52],[0.16,-8.08]],"o":[[-1.76,3.84],[-3.201,2.72],[-0.72,0.239],[0,0],[6.32,2.96],[6,5.76],[0,4.96]],"v":[[34.68,61.96],[27.32,71.801],[15.64,77.96],[13.32,78.439],[13.32,18.359],[28.44,28.04],[37.24,48.76]],"c":true},"ix":2},"nm":"Path 1","mn":"ADBE Vector Shape - Group","hd":false},{"ind":1,"ty":"sh","ix":2,"ks":{"a":0,"k":{"i":[[2.88,2.64],[1.44,3.44],[0,4.479],[-5.52,5.601],[-4.56,1.36],[0,0]],"o":[[-3.04,-2.801],[-1.44,-3.441],[0.08,-9.521],[2.96,-3.04],[0,0],[-4.4,-2.241]],"v":[[-20.92,-23.88],[-27.64,-33.32],[-29.8,-45.16],[-21.4,-67.801],[-9.96,-74.359],[-9.96,-16.52]],"c":true},"ix":2},"nm":"Path 2","mn":"ADBE Vector Shape - Group","hd":false},{"ind":2,"ty":"sh","ix":3,"ks":{"a":0,"k":{"i":[[2.4,6],[4.56,4.48],[6.64,3.361],[6.4,2.239],[0,0],[-1.12,-0.561],[-2.8,-3.599],[-1.44,-4.96],[-0.32,-2.08],[-5.92,0],[0,0],[1.12,7.521],[5.92,7.599],[14.799,2.079],[0,0],[6.399,0],[0,-6.399],[0,0],[4.96,-2.319],[4.16,-4.479],[2.32,-6],[0,-7.519],[-2.56,-6],[-4.72,-4.64],[-6.72,-3.36],[-4.399,-1.68],[0,0],[0,0],[4.399,3.68],[2.24,4.88],[0.56,3.12],[5.92,0],[0,0],[-1.2,-7.12],[-1.52,-3.679],[-4.88,-4.719],[-6.319,-2.48],[-6.56,-0.8],[0,0],[-6.401,0],[0,6.4],[0,0],[-5.601,2.32],[-4.48,4.399],[-2.48,6.16],[0,7.68]],"o":[[-2.4,-5.92],[-4.641,-4.56],[-5.28,-2.639],[0,0],[1.2,0.4],[4.08,2],[2.8,3.601],[0.56,2],[0.96,5.841],[0,0],[7.68,0],[-1.68,-11.439],[-8.16,-10.401],[0,0],[0,-6.399],[-6.4,0],[0,0],[-5.919,0.96],[-5.92,2.72],[-4.08,4.481],[-2.24,6],[0,7.92],[2.559,6],[4.72,4.64],[3.84,1.92],[0,0],[0,0],[-5.84,-1.04],[-3.52,-2.96],[-1.12,-2.48],[-1.12,-5.76],[0,0],[-7.28,0],[0.72,4.401],[2.96,7.201],[4.879,4.721],[6,2.399],[0,0],[0,6.4],[6.4,0],[0,0],[6.721,-0.88],[6.319,-2.64],[4.4,-4.4],[2.4,-6.08],[0.08,-7.84]],"v":[[58.36,27.801],[47.8,12.12],[30.92,0.279],[13.32,-7.079],[13.32,-74.359],[16.92,-73.079],[27.24,-64.6],[33.64,-51.721],[35,-45.641],[46.68,-35.32],[47,-35.32],[59.24,-49.641],[47.8,-78.199],[13.32,-96.919],[13.32,-114.6],[1.72,-126.199],[-9.881,-114.6],[-9.881,-96.359],[-26.28,-91.56],[-41.32,-80.76],[-50.92,-64.999],[-54.28,-44.76],[-50.44,-23.88],[-39.48,-7.88],[-22.36,4.12],[-9.881,9.561],[-9.881,78.921],[-9.96,79],[-25.24,71.96],[-33.8,60.201],[-36.28,51.881],[-47.96,41.641],[-49.16,41.641],[-60.76,55.32],[-57.4,67.4],[-45.72,85.24],[-28.921,96.04],[-10.04,100.68],[-10.04,114.6],[1.56,126.199],[13.159,114.6],[13.159,100.279],[31.72,95.56],[47.88,85],[58.2,69.24],[61.88,48.521]],"c":true},"ix":2},"nm":"Path 3","mn":"ADBE Vector Shape - Group","hd":false},{"ty":"mm","mm":1,"nm":"Merge Paths 1","mn":"ADBE Vector Filter - Merge","hd":false},{"ty":"mm","mm":4,"nm":"Merge Paths 2","mn":"ADBE Vector Filter - Merge","hd":false},{"ty":"fl","c":{"a":0,"k":[0.250999989229,0.250999989229,0.250999989229,1],"ix":4},"o":{"a":0,"k":100,"ix":5},"r":1,"bm":0,"nm":"Fill 1","mn":"ADBE Vector Graphic - Fill","hd":false},{"ty":"tr","p":{"a":0,"k":[153.33,165.41],"ix":2},"a":{"a":0,"k":[0,0],"ix":1},"s":{"a":0,"k":[100,100],"ix":3},"r":{"a":0,"k":0,"ix":6},"o":{"a":0,"k":100,"ix":7},"sk":{"a":0,"k":0,"ix":4},"sa":{"a":0,"k":0,"ix":5},"nm":"Transform"}],"nm":"Group 1","np":6,"cix":2,"bm":0,"ix":1,"mn":"ADBE Vector Group","hd":false},{"ty":"gr","it":[{"ind":0,"ty":"sh","ix":1,"ks":{"a":1,"k":[{"i":{"x":0.833,"y":0.833},"o":{"x":0.167,"y":0.167},"t":93,"s":[{"i":[[53.68,0],[46.72,3.92],[0,0],[-152.16,29.76],[0,0]],"o":[[-49.521,0],[0,0],[36.319,8.399],[0,0],[-50.321,4.56]],"v":[[-5.88,-31.76],[-150.84,-37.68],[-150.84,0.24],[150.84,-0.96],[150.84,-38.8]],"c":true}]},{"t":96,"s":[{"i":[[53.68,0],[46.72,3.92],[0,0],[-152.16,29.76],[0,0]],"o":[[-49.521,0],[0,0],[36.319,8.399],[0,0],[-50.321,4.56]],"v":[[-5.88,-31.76],[-150.84,-37.68],[-150.84,0.24],[150.84,-0.96],[150.84,-38.8]],"c":true}]}],"ix":2},"nm":"Path 1","mn":"ADBE Vector Shape - Group","hd":false},{"ty":"mm","mm":4,"nm":"Merge Paths 1","mn":"ADBE Vector Filter - Merge","hd":false},{"ty":"fl","c":{"a":0,"k":[0.019607843137,0.878431432387,0.019607843137,1],"ix":4},"o":{"a":0,"k":100,"ix":5},"r":1,"bm":0,"nm":"Fill 1","mn":"ADBE Vector Graphic - Fill","hd":false},{"ty":"tr","p":{"a":0,"k":[151.09,29.05],"ix":2},"a":{"a":0,"k":[0,0],"ix":1},"s":{"a":0,"k":[100,100],"ix":3},"r":{"a":0,"k":0,"ix":6},"o":{"a":0,"k":100,"ix":7},"sk":{"a":0,"k":0,"ix":4},"sa":{"a":0,"k":0,"ix":5},"nm":"Transform"}],"nm":"Group 2","np":3,"cix":2,"bm":0,"ix":2,"mn":"ADBE Vector Group","hd":false},{"ty":"gr","it":[{"ind":0,"ty":"sh","ix":1,"ks":{"a":0,"k":{"i":[[36.239,8.399],[0,0],[-76,0],[0,0],[0,76],[0,0]],"o":[[0,0],[0,76.079],[0,0],[76.08,0],[0,0],[-152.08,29.76]],"v":[[-150.8,-162.84],[-150.8,16.36],[-13.12,154.04],[13.12,154.04],[150.8,16.36],[150.8,-164.04]],"c":true},"ix":2},"nm":"Path 1","mn":"ADBE Vector Shape - Group","hd":false},{"ty":"mm","mm":4,"nm":"Merge Paths 1","mn":"ADBE Vector Filter - Merge","hd":false},{"ty":"fl","c":{"a":0,"k":[0.019999999626,0.877999997606,0.019999999626,1],"ix":4},"o":{"a":0,"k":100,"ix":5},"r":1,"bm":0,"nm":"Fill 1","mn":"ADBE Vector Graphic - Fill","hd":false},{"ty":"tr","p":{"a":0,"k":[151.05,182.13],"ix":2},"a":{"a":0,"k":[0,0],"ix":1},"s":{"a":0,"k":[100,100],"ix":3},"r":{"a":0,"k":0,"ix":6},"o":{"a":0,"k":100,"ix":7},"sk":{"a":0,"k":0,"ix":4},"sa":{"a":0,"k":0,"ix":5},"nm":"Transform"}],"nm":"Group 3","np":3,"cix":2,"bm":0,"ix":3,"mn":"ADBE Vector Group","hd":false}],"ip":85,"op":139,"st":85,"bm":0},{"ddd":0,"ind":15,"ty":4,"nm":"mouth 3","parent":2,"sr":1,"ks":{"o":{"a":0,"k":100,"ix":11},"r":{"a":0,"k":0,"ix":10},"p":{"a":0,"k":[512.111,807.444,0],"ix":2,"l":2},"a":{"a":0,"k":[38.473,51.806,0],"ix":1,"l":2},"s":{"a":0,"k":[119,119,100],"ix":6,"l":2}},"ao":0,"shapes":[{"ty":"gr","it":[{"ind":0,"ty":"sh","ix":1,"ks":{"a":1,"k":[{"i":{"x":0,"y":1},"o":{"x":0.167,"y":0.167},"t":137,"s":[{"i":[[0.234,-34.674],[152.471,0.516],[-0.922,42.635],[-176.101,0.345]],"o":[[-0.288,42.648],[-152.471,-0.516],[0.84,-38.876],[176.1,-0.345]],"v":[[201.774,-60.924],[-7.286,100.716],[-216.06,-63.025],[-0.143,-85.59]],"c":true}]},{"t":143,"s":[{"i":[[0,-28.474],[21.109,0],[0,28.474],[-21.11,0]],"o":[[0,28.474],[-21.11,0],[0,-28.474],[21.109,0]],"v":[[38.643,-85.399],[0.421,-33.843],[-37.802,-85.399],[0.421,-136.955]],"c":true}]}],"ix":2},"nm":"Path 1","mn":"ADBE Vector Shape - Group","hd":false},{"ty":"mm","mm":4,"nm":"Merge Paths 1","mn":"ADBE Vector Filter - Merge","hd":false},{"ty":"fl","c":{"a":0,"k":[0.258999992819,0.169000004787,0.051000000449,1],"ix":4},"o":{"a":0,"k":100,"ix":5},"r":1,"bm":0,"nm":"Fill 1","mn":"ADBE Vector Graphic - Fill","hd":false},{"ty":"tr","p":{"a":0,"k":[38.472,51.806],"ix":2},"a":{"a":0,"k":[0,0],"ix":1},"s":{"a":0,"k":[100,100],"ix":3},"r":{"a":0,"k":0,"ix":6},"o":{"a":0,"k":100,"ix":7},"sk":{"a":0,"k":0,"ix":4},"sa":{"a":0,"k":0,"ix":5},"nm":"Transform"}],"nm":"Group 1","np":3,"cix":2,"bm":0,"ix":1,"mn":"ADBE Vector Group","hd":false}],"ip":138,"op":196,"st":140,"bm":0},{"ddd":0,"ind":16,"ty":4,"nm":"mouth $","parent":10,"sr":1,"ks":{"o":{"a":0,"k":100,"ix":11},"r":{"a":0,"k":0,"ix":10},"p":{"a":1,"k":[{"i":{"x":0,"y":1},"o":{"x":0.167,"y":0.167},"t":84,"s":[503.32,691.84,0],"to":[-0.333,10,0],"ti":[0.333,-10,0]},{"i":{"x":0,"y":0},"o":{"x":0.333,"y":0.333},"t":88,"s":[501.32,751.84,0],"to":[0,0,0],"ti":[0,0,0]},{"i":{"x":0.833,"y":0.833},"o":{"x":0.333,"y":0},"t":134,"s":[501.32,751.84,0],"to":[0,-15,0],"ti":[0,15,0]},{"t":143,"s":[501.32,661.84,0]}],"ix":2,"l":2},"a":{"a":0,"k":[312.37,135.451,0],"ix":1,"l":2},"s":{"a":1,"k":[{"i":{"x":[0,0,0.667],"y":[1,1,1]},"o":{"x":[0.167,0.167,0.167],"y":[0.167,0.167,-0.397]},"t":84,"s":[43,43,100]},{"i":{"x":[0.833,0.833,0.833],"y":[1,1,1]},"o":{"x":[0.333,0.333,0.333],"y":[0,0,0]},"t":88,"s":[100,100,100]},{"i":{"x":[0.833,0.833,0.833],"y":[0.833,0.833,1.333]},"o":{"x":[0.167,0.167,0.167],"y":[0,0,0]},"t":134,"s":[100,100,100]},{"t":143,"s":[49,49,100]}],"ix":6,"l":2}},"ao":0,"shapes":[{"ty":"gr","it":[{"ind":0,"ty":"sh","ix":1,"ks":{"a":1,"k":[{"i":{"x":0.833,"y":0.833},"o":{"x":0.333,"y":0},"t":134,"s":[{"i":[[101.76,0],[78.96,14.559],[-4,-19.521],[-155.521,0],[-23.759,125.36],[19.361,-3.601]],"o":[[-101.761,0],[-19.6,-3.601],[26.24,128.319],[170.159,0],[3.681,-19.361],[-79.04,14.559]],"v":[[0.04,-108.48],[-275.24,-131.6],[-308.12,-98.48],[-0.04,135.2],[308.439,-98.959],[275.479,-131.6]],"c":true}]},{"i":{"x":0.833,"y":0.833},"o":{"x":0.167,"y":0.167},"t":141,"s":[{"i":[[90.5,-0.878],[22.335,-20.196],[-3.376,-19.515],[-97.184,0.87],[-19.934,72.192],[31.821,24.231]],"o":[[-79.333,0.496],[-22.335,20.196],[18.876,103.349],[101.686,-0.911],[5.458,-19.766],[-31.821,-24.231]],"v":[[1.151,-115.886],[-181.456,-86.288],[-202.767,-17.521],[0.878,129.831],[215.177,2.665],[192.953,-77.903]],"c":true}]},{"t":143,"s":[{"i":[[70.735,-2.418],[15.307,-29.808],[-2.677,-19.503],[-52.123,-1.711],[-6.108,55.409],[8.743,29.885]],"o":[[-39.966,1.366],[-5.93,11.548],[8.169,59.52],[40.692,1.335],[2.137,-19.385],[-6.563,-16.033]],"v":[[3.101,-128.888],[-73.614,-65.273],[-83.823,3.999],[2.49,120.405],[99.332,21.449],[92.644,-58.13]],"c":true}]}],"ix":2},"nm":"Path 1","mn":"ADBE Vector Shape - Group","hd":false},{"ty":"mm","mm":4,"nm":"Merge Paths 1","mn":"ADBE Vector Filter - Merge","hd":false},{"ty":"fl","c":{"a":0,"k":[0.258999992819,0.169000004787,0.051000000449,1],"ix":4},"o":{"a":0,"k":100,"ix":5},"r":1,"bm":0,"nm":"Fill 1","mn":"ADBE Vector Graphic - Fill","hd":false},{"ty":"tr","p":{"a":0,"k":[312.37,135.451],"ix":2},"a":{"a":0,"k":[0,0],"ix":1},"s":{"a":0,"k":[100,100],"ix":3},"r":{"a":0,"k":0,"ix":6},"o":{"a":0,"k":100,"ix":7},"sk":{"a":0,"k":0,"ix":4},"sa":{"a":0,"k":0,"ix":5},"nm":"Transform"}],"nm":"Group 1","np":3,"cix":2,"bm":0,"ix":1,"mn":"ADBE Vector Group","hd":false}],"ip":84,"op":138,"st":85,"bm":0},{"ddd":0,"ind":17,"ty":4,"nm":"eyebrowns","parent":10,"sr":1,"ks":{"o":{"a":0,"k":100,"ix":11},"r":{"a":0,"k":0,"ix":10},"p":{"a":1,"k":[{"i":{"x":0.667,"y":1},"o":{"x":0.333,"y":0},"t":85,"s":[509.08,192.92,0],"to":[0,7,0],"ti":[0,-5.667,0]},{"i":{"x":0.667,"y":1},"o":{"x":0.333,"y":0},"t":95,"s":[509.08,234.92,0],"to":[0,5.667,0],"ti":[0,1.333,0]},{"t":106,"s":[509.08,226.92,0]}],"ix":2,"l":2},"a":{"a":0,"k":[304.53,47.09,0],"ix":1,"l":2},"s":{"a":0,"k":[100,100,100],"ix":6,"l":2}},"ao":0,"shapes":[{"ty":"gr","it":[{"ind":0,"ty":"sh","ix":1,"ks":{"a":0,"k":{"i":[[-37.84,-30.72],[12.48,15.68],[13.601,8.16],[38.48,-7.6],[-17.919,-0.08]],"o":[[13.359,11.44],[-9.281,-11.36],[-36.639,-23.6],[-19.6,4.24],[45.361,-0.64]],"v":[[60.64,35.4],[81.36,14.68],[45.999,-15.64],[-74.24,-39.24],[-69.921,-9.96]],"c":true},"ix":2},"nm":"Path 1","mn":"ADBE Vector Shape - Group","hd":false},{"ty":"mm","mm":4,"nm":"Merge Paths 1","mn":"ADBE Vector Filter - Merge","hd":false},{"ty":"fl","c":{"a":0,"k":[0.258999992819,0.169000004787,0.051000000449,1],"ix":4},"o":{"a":0,"k":100,"ix":5},"r":1,"bm":0,"nm":"Fill 1","mn":"ADBE Vector Graphic - Fill","hd":false},{"ty":"tr","p":{"a":0,"k":[514.97,47.09],"ix":2},"a":{"a":0,"k":[0,0],"ix":1},"s":{"a":0,"k":[100,100],"ix":3},"r":{"a":0,"k":0,"ix":6},"o":{"a":0,"k":100,"ix":7},"sk":{"a":0,"k":0,"ix":4},"sa":{"a":0,"k":0,"ix":5},"nm":"Transform"}],"nm":"Group 1","np":3,"cix":2,"bm":0,"ix":1,"mn":"ADBE Vector Group","hd":false},{"ty":"gr","it":[{"ind":0,"ty":"sh","ix":1,"ks":{"a":0,"k":{"i":[[37.92,-30.72],[-12.48,15.68],[-13.6,8.16],[-38.48,-7.6],[17.92,-0.08]],"o":[[-13.36,11.44],[9.28,-11.36],[36.64,-23.6],[19.6,4.24],[-45.36,-0.64]],"v":[[-60.64,35.4],[-81.36,14.68],[-46,-15.64],[74.24,-39.24],[69.92,-9.96]],"c":true},"ix":2},"nm":"Path 1","mn":"ADBE Vector Shape - Group","hd":false},{"ty":"mm","mm":4,"nm":"Merge Paths 1","mn":"ADBE Vector Filter - Merge","hd":false},{"ty":"fl","c":{"a":0,"k":[0.258999992819,0.169000004787,0.051000000449,1],"ix":4},"o":{"a":0,"k":100,"ix":5},"r":1,"bm":0,"nm":"Fill 1","mn":"ADBE Vector Graphic - Fill","hd":false},{"ty":"tr","p":{"a":0,"k":[94.09,47.09],"ix":2},"a":{"a":0,"k":[0,0],"ix":1},"s":{"a":0,"k":[100,100],"ix":3},"r":{"a":0,"k":0,"ix":6},"o":{"a":0,"k":100,"ix":7},"sk":{"a":0,"k":0,"ix":4},"sa":{"a":0,"k":0,"ix":5},"nm":"Transform"}],"nm":"Group 2","np":3,"cix":2,"bm":0,"ix":2,"mn":"ADBE Vector Group","hd":false}],"ip":85,"op":143,"st":85,"bm":0},{"ddd":0,"ind":18,"ty":4,"nm":"eyes $","parent":10,"sr":1,"ks":{"o":{"a":0,"k":100,"ix":11},"r":{"a":0,"k":0,"ix":10},"p":{"a":1,"k":[{"i":{"x":0.833,"y":0.833},"o":{"x":0.167,"y":0.167},"t":85,"s":[502.8,414.68,0],"to":[0,2.667,0],"ti":[0,-2.667,0]},{"t":95,"s":[502.8,430.68,0]}],"ix":2,"l":2},"a":{"a":0,"k":[227.52,136.2,0],"ix":1,"l":2},"s":{"a":1,"k":[{"i":{"x":[0.667,0.667,0.667],"y":[1,1,1]},"o":{"x":[0.333,0.333,0.333],"y":[0,0,0]},"t":85,"s":[100,126,100]},{"i":{"x":[0.667,0.667,0.667],"y":[1,1,1]},"o":{"x":[0.333,0.333,0.333],"y":[0,0,0]},"t":95,"s":[100,97,100]},{"t":106,"s":[100,100,100]}],"ix":6,"l":2}},"ao":0,"shapes":[{"ty":"gr","it":[{"ind":0,"ty":"sh","ix":1,"ks":{"a":0,"k":{"i":[[1.68,-3.84],[3.2,-2.72],[4.561,-1.36],[0.8,-0.16],[0,0],[-3.68,-3.52],[0.159,-8.08]],"o":[[-1.76,3.84],[-3.2,2.72],[-0.72,0.24],[0,0],[6.32,2.96],[6,5.76],[0,5.04]],"v":[[34.68,61.88],[27.32,71.72],[15.64,77.88],[13.32,78.36],[13.32,18.28],[28.44,27.96],[37.241,48.68]],"c":true},"ix":2},"nm":"Path 1","mn":"ADBE Vector Shape - Group","hd":false},{"ind":1,"ty":"sh","ix":2,"ks":{"a":0,"k":{"i":[[2.88,2.64],[1.44,3.44],[0,4.48],[-5.52,5.6],[-4.56,1.36],[0,0]],"o":[[-3.04,-2.8],[-1.44,-3.44],[0.079,-9.52],[2.96,-3.04],[0,0],[-4.4,-2.24]],"v":[[-20.92,-23.88],[-27.64,-33.32],[-29.799,-45.16],[-21.4,-67.8],[-9.96,-74.36],[-9.96,-16.52]],"c":true},"ix":2},"nm":"Path 2","mn":"ADBE Vector Shape - Group","hd":false},{"ind":2,"ty":"sh","ix":3,"ks":{"a":0,"k":{"i":[[2.48,5.92],[4.56,4.48],[6.64,3.36],[6.399,2.24],[0,0],[-1.12,-0.56],[-2.8,-3.6],[-1.44,-4.96],[-0.32,-2.08],[-5.92,0],[0,0],[1.12,7.52],[5.92,7.6],[14.8,2.08],[0,0],[6.4,0],[0,-6.4],[0,0],[4.96,-2.32],[4.16,-4.48],[2.32,-6],[0,-7.52],[-2.56,-6],[-4.72,-4.64],[-6.72,-3.36],[-4.4,-1.68],[0,0],[0,0],[4.4,3.68],[2.24,4.88],[0.56,3.12],[5.92,0],[0,0],[-1.2,-7.12],[-1.52,-3.68],[-4.88,-4.72],[-6.32,-2.48],[-6.56,-0.8],[0,0],[-6.4,0],[0,6.4],[0,0],[-5.6,2.32],[-4.48,4.4],[-2.48,6.16],[0,7.68]],"o":[[-2.4,-5.92],[-4.64,-4.56],[-5.28,-2.64],[0,0],[1.199,0.4],[4.08,2],[2.8,3.6],[0.56,2],[0.96,5.84],[0,0],[7.68,0],[-1.68,-11.44],[-8.16,-10.4],[0,0],[0,-6.4],[-6.4,0],[0,0],[-5.92,0.96],[-5.92,2.72],[-4.08,4.48],[-2.24,6],[0,7.92],[2.56,6],[4.72,4.64],[3.84,1.92],[0,0],[0,0],[-5.84,-1.04],[-3.52,-2.96],[-1.12,-2.48],[-1.04,-5.76],[0,0],[-7.28,0],[0.72,4.4],[2.96,7.2],[4.88,4.72],[6,2.4],[0,0],[0,6.4],[6.4,0],[0,0],[6.72,-0.88],[6.32,-2.64],[4.4,-4.4],[2.4,-6.08],[0.08,-7.84]],"v":[[58.28,27.8],[47.72,12.12],[30.84,0.28],[13.241,-7.08],[13.241,-74.36],[16.84,-73.08],[27.16,-64.6],[33.56,-51.72],[34.92,-45.64],[46.6,-35.32],[46.92,-35.32],[59.16,-49.64],[47.72,-78.2],[13.24,-96.92],[13.24,-114.6],[1.64,-126.2],[-9.96,-114.6],[-9.96,-96.36],[-26.36,-91.56],[-41.4,-80.76],[-51,-65],[-54.36,-44.76],[-50.52,-23.88],[-39.56,-7.88],[-22.44,4.12],[-9.96,9.56],[-9.96,78.92],[-10.04,79],[-25.32,71.96],[-33.88,60.2],[-36.36,51.88],[-47.96,41.64],[-49.16,41.64],[-60.76,55.32],[-57.4,67.4],[-45.72,85.24],[-28.92,96.04],[-10.04,100.68],[-10.04,114.6],[1.56,126.2],[13.16,114.6],[13.16,100.28],[31.72,95.56],[47.88,85],[58.2,69.24],[61.88,48.52]],"c":true},"ix":2},"nm":"Path 3","mn":"ADBE Vector Shape - Group","hd":false},{"ty":"mm","mm":1,"nm":"Merge Paths 1","mn":"ADBE Vector Filter - Merge","hd":false},{"ty":"st","c":{"a":0,"k":[0.258999992819,0.169000004787,0.051000000449,1],"ix":3},"o":{"a":0,"k":100,"ix":4},"w":{"a":0,"k":4,"ix":5},"lc":1,"lj":1,"ml":10,"bm":0,"nm":"Stroke 1","mn":"ADBE Vector Graphic - Stroke","hd":false},{"ty":"tr","p":{"a":0,"k":[71.96,136.2],"ix":2},"a":{"a":0,"k":[0,0],"ix":1},"s":{"a":0,"k":[100,100],"ix":3},"r":{"a":0,"k":0,"ix":6},"o":{"a":0,"k":100,"ix":7},"sk":{"a":0,"k":0,"ix":4},"sa":{"a":0,"k":0,"ix":5},"nm":"Transform"}],"nm":"Group 1","np":5,"cix":2,"bm":0,"ix":1,"mn":"ADBE Vector Group","hd":false},{"ty":"gr","it":[{"ind":0,"ty":"sh","ix":1,"ks":{"a":0,"k":{"i":[[1.68,-3.84],[3.2,-2.72],[4.561,-1.36],[0.8,-0.16],[0,0],[-3.68,-3.52],[0.159,-8.08]],"o":[[-1.76,3.84],[-3.2,2.72],[-0.72,0.24],[0,0],[6.32,2.96],[6,5.76],[0,5.04]],"v":[[34.68,61.88],[27.32,71.72],[15.64,77.88],[13.32,78.36],[13.32,18.28],[28.44,27.96],[37.241,48.68]],"c":true},"ix":2},"nm":"Path 1","mn":"ADBE Vector Shape - Group","hd":false},{"ind":1,"ty":"sh","ix":2,"ks":{"a":0,"k":{"i":[[2.88,2.64],[1.44,3.44],[0,4.48],[-5.52,5.6],[-4.56,1.36],[0,0]],"o":[[-3.04,-2.8],[-1.44,-3.44],[0.079,-9.52],[2.96,-3.04],[0,0],[-4.4,-2.24]],"v":[[-20.92,-23.88],[-27.64,-33.32],[-29.799,-45.16],[-21.4,-67.8],[-9.96,-74.36],[-9.96,-16.52]],"c":true},"ix":2},"nm":"Path 2","mn":"ADBE Vector Shape - Group","hd":false},{"ind":2,"ty":"sh","ix":3,"ks":{"a":0,"k":{"i":[[2.48,5.92],[4.56,4.48],[6.64,3.36],[6.399,2.24],[0,0],[-1.12,-0.56],[-2.8,-3.6],[-1.44,-4.96],[-0.32,-2.08],[-5.92,0],[0,0],[1.12,7.52],[5.92,7.6],[14.8,2.08],[0,0],[6.4,0],[0,-6.4],[0,0],[4.96,-2.32],[4.16,-4.48],[2.32,-6],[0,-7.52],[-2.56,-6],[-4.72,-4.64],[-6.72,-3.36],[-4.4,-1.68],[0,0],[0,0],[4.4,3.68],[2.24,4.88],[0.56,3.12],[5.92,0],[0,0],[-1.2,-7.12],[-1.52,-3.68],[-4.88,-4.72],[-6.32,-2.48],[-6.56,-0.8],[0,0],[-6.4,0],[0,6.4],[0,0],[-5.6,2.32],[-4.48,4.4],[-2.48,6.16],[0,7.68]],"o":[[-2.4,-5.92],[-4.64,-4.56],[-5.28,-2.64],[0,0],[1.199,0.4],[4.08,2],[2.8,3.6],[0.56,2],[0.96,5.84],[0,0],[7.68,0],[-1.68,-11.44],[-8.16,-10.4],[0,0],[0,-6.4],[-6.4,0],[0,0],[-5.92,0.96],[-5.92,2.72],[-4.08,4.48],[-2.24,6],[0,7.92],[2.56,6],[4.72,4.64],[3.84,1.92],[0,0],[0,0],[-5.84,-1.04],[-3.52,-2.96],[-1.12,-2.48],[-1.04,-5.76],[0,0],[-7.28,0],[0.72,4.4],[2.96,7.2],[4.88,4.72],[6,2.4],[0,0],[0,6.4],[6.4,0],[0,0],[6.72,-0.88],[6.32,-2.64],[4.4,-4.4],[2.4,-6.08],[0.08,-7.84]],"v":[[58.28,27.8],[47.72,12.12],[30.84,0.28],[13.241,-7.08],[13.241,-74.36],[16.84,-73.08],[27.16,-64.6],[33.56,-51.72],[34.92,-45.64],[46.6,-35.32],[46.92,-35.32],[59.16,-49.64],[47.72,-78.2],[13.24,-96.92],[13.24,-114.6],[1.64,-126.2],[-9.96,-114.6],[-9.96,-96.36],[-26.36,-91.56],[-41.4,-80.76],[-51,-65],[-54.36,-44.76],[-50.52,-23.88],[-39.56,-7.88],[-22.44,4.12],[-9.96,9.56],[-9.96,78.92],[-10.04,79],[-25.32,71.96],[-33.88,60.2],[-36.36,51.88],[-47.96,41.64],[-49.16,41.64],[-60.76,55.32],[-57.4,67.4],[-45.72,85.24],[-28.92,96.04],[-10.04,100.68],[-10.04,114.6],[1.56,126.2],[13.16,114.6],[13.16,100.28],[31.72,95.56],[47.88,85],[58.2,69.24],[61.88,48.52]],"c":true},"ix":2},"nm":"Path 3","mn":"ADBE Vector Shape - Group","hd":false},{"ty":"mm","mm":1,"nm":"Merge Paths 1","mn":"ADBE Vector Filter - Merge","hd":false},{"ty":"mm","mm":4,"nm":"Merge Paths 2","mn":"ADBE Vector Filter - Merge","hd":false},{"ty":"fl","c":{"a":0,"k":[0.258999992819,0.169000004787,0.051000000449,1],"ix":4},"o":{"a":0,"k":100,"ix":5},"r":1,"bm":0,"nm":"Fill 1","mn":"ADBE Vector Graphic - Fill","hd":false},{"ty":"tr","p":{"a":0,"k":[71.96,136.2],"ix":2},"a":{"a":0,"k":[0,0],"ix":1},"s":{"a":0,"k":[100,100],"ix":3},"r":{"a":0,"k":0,"ix":6},"o":{"a":0,"k":100,"ix":7},"sk":{"a":0,"k":0,"ix":4},"sa":{"a":0,"k":0,"ix":5},"nm":"Transform"}],"nm":"Group 2","np":6,"cix":2,"bm":0,"ix":2,"mn":"ADBE Vector Group","hd":false},{"ty":"gr","it":[{"ind":0,"ty":"sh","ix":1,"ks":{"a":0,"k":{"i":[[1.68,-3.84],[3.2,-2.72],[4.56,-1.36],[0.8,-0.16],[0,0],[-3.68,-3.52],[0.16,-8.08]],"o":[[-1.76,3.84],[-3.2,2.72],[-0.72,0.24],[0,0],[6.32,2.96],[6,5.76],[0,5.04]],"v":[[34.68,61.88],[27.32,71.72],[15.64,77.88],[13.32,78.36],[13.32,18.28],[28.44,27.96],[37.24,48.68]],"c":true},"ix":2},"nm":"Path 1","mn":"ADBE Vector Shape - Group","hd":false},{"ind":1,"ty":"sh","ix":2,"ks":{"a":0,"k":{"i":[[2.88,2.64],[1.44,3.44],[0,4.48],[-5.52,5.6],[-4.56,1.36],[0,0]],"o":[[-3.04,-2.8],[-1.44,-3.44],[0.079,-9.52],[2.96,-3.04],[0,0],[-4.4,-2.24]],"v":[[-20.92,-23.88],[-27.64,-33.32],[-29.799,-45.16],[-21.4,-67.8],[-9.96,-74.36],[-9.96,-16.52]],"c":true},"ix":2},"nm":"Path 2","mn":"ADBE Vector Shape - Group","hd":false},{"ind":2,"ty":"sh","ix":3,"ks":{"a":0,"k":{"i":[[2.48,5.92],[4.56,4.48],[6.64,3.36],[6.4,2.24],[0,0],[-1.12,-0.56],[-2.799,-3.6],[-1.44,-4.96],[-0.32,-2.08],[-5.92,0],[0,0],[1.121,7.52],[5.92,7.52],[14.8,2.08],[0,0],[6.4,0],[0,-6.4],[0,0],[4.96,-2.32],[4.16,-4.48],[2.32,-6],[0,-7.52],[-2.56,-6],[-4.72,-4.64],[-6.72,-3.36],[-4.4,-1.68],[0,0],[0,0],[4.4,3.68],[2.24,4.88],[0.561,3.12],[5.92,0],[0,0],[-1.201,-7.12],[-1.52,-3.68],[-4.881,-4.72],[-6.32,-2.48],[-6.56,-0.8],[0,0],[-6.4,0],[0,6.4],[0,0],[-5.6,2.32],[-4.48,4.4],[-2.481,6.16],[0,7.68]],"o":[[-2.4,-5.92],[-4.64,-4.56],[-5.28,-2.64],[0,0],[1.2,0.4],[4.08,2],[2.801,3.6],[0.56,2],[0.96,5.84],[0,0],[7.68,0],[-1.679,-11.52],[-8.16,-10.4],[0,0],[0,-6.4],[-6.4,0],[0,0],[-5.92,0.96],[-5.92,2.72],[-4.08,4.48],[-2.24,6],[0,7.92],[2.56,6],[4.72,4.64],[3.84,1.92],[0,0],[0,0],[-5.84,-1.04],[-3.52,-2.96],[-1.12,-2.48],[-1.04,-5.76],[0,0],[-7.28,0],[0.719,4.4],[2.96,7.2],[4.879,4.72],[6,2.4],[0,0],[0,6.4],[6.4,0],[0,0],[6.72,-0.88],[6.32,-2.64],[4.4,-4.4],[2.399,-6.08],[0.08,-7.84]],"v":[[58.28,27.8],[47.72,12.12],[30.84,0.28],[13.24,-7.08],[13.24,-74.36],[16.84,-73.08],[27.159,-64.6],[33.56,-51.72],[34.92,-45.64],[46.6,-35.32],[46.92,-35.32],[59.159,-49.64],[47.72,-78.2],[13.24,-96.92],[13.24,-114.6],[1.64,-126.2],[-9.96,-114.6],[-9.96,-96.36],[-26.36,-91.56],[-41.4,-80.76],[-51,-65],[-54.36,-44.76],[-50.52,-23.88],[-39.56,-7.88],[-22.44,4.12],[-9.96,9.56],[-9.96,78.92],[-10.04,79],[-25.32,71.96],[-33.88,60.2],[-36.36,51.88],[-47.96,41.64],[-49.16,41.64],[-60.759,55.32],[-57.4,67.4],[-45.719,85.24],[-28.92,96.04],[-10.04,100.68],[-10.04,114.6],[1.56,126.2],[13.16,114.6],[13.16,100.28],[31.72,95.56],[47.88,85],[58.201,69.24],[61.88,48.52]],"c":true},"ix":2},"nm":"Path 3","mn":"ADBE Vector Shape - Group","hd":false},{"ty":"mm","mm":1,"nm":"Merge Paths 1","mn":"ADBE Vector Filter - Merge","hd":false},{"ty":"st","c":{"a":0,"k":[0.258999992819,0.169000004787,0.051000000449,1],"ix":3},"o":{"a":0,"k":100,"ix":4},"w":{"a":0,"k":4,"ix":5},"lc":1,"lj":1,"ml":10,"bm":0,"nm":"Stroke 1","mn":"ADBE Vector Graphic - Stroke","hd":false},{"ty":"tr","p":{"a":0,"k":[383.08,136.2],"ix":2},"a":{"a":0,"k":[0,0],"ix":1},"s":{"a":0,"k":[100,100],"ix":3},"r":{"a":0,"k":0,"ix":6},"o":{"a":0,"k":100,"ix":7},"sk":{"a":0,"k":0,"ix":4},"sa":{"a":0,"k":0,"ix":5},"nm":"Transform"}],"nm":"Group 3","np":5,"cix":2,"bm":0,"ix":3,"mn":"ADBE Vector Group","hd":false},{"ty":"gr","it":[{"ind":0,"ty":"sh","ix":1,"ks":{"a":0,"k":{"i":[[1.68,-3.84],[3.2,-2.72],[4.56,-1.36],[0.8,-0.16],[0,0],[-3.68,-3.52],[0.16,-8.08]],"o":[[-1.76,3.84],[-3.2,2.72],[-0.72,0.24],[0,0],[6.32,2.96],[6,5.76],[0,5.04]],"v":[[34.68,61.88],[27.32,71.72],[15.64,77.88],[13.32,78.36],[13.32,18.28],[28.44,27.96],[37.24,48.68]],"c":true},"ix":2},"nm":"Path 1","mn":"ADBE Vector Shape - Group","hd":false},{"ind":1,"ty":"sh","ix":2,"ks":{"a":0,"k":{"i":[[2.88,2.64],[1.44,3.44],[0,4.48],[-5.52,5.6],[-4.56,1.36],[0,0]],"o":[[-3.04,-2.8],[-1.44,-3.44],[0.079,-9.52],[2.96,-3.04],[0,0],[-4.4,-2.24]],"v":[[-20.92,-23.88],[-27.64,-33.32],[-29.799,-45.16],[-21.4,-67.8],[-9.96,-74.36],[-9.96,-16.52]],"c":true},"ix":2},"nm":"Path 2","mn":"ADBE Vector Shape - Group","hd":false},{"ind":2,"ty":"sh","ix":3,"ks":{"a":0,"k":{"i":[[2.48,5.92],[4.56,4.48],[6.64,3.36],[6.4,2.24],[0,0],[-1.12,-0.56],[-2.799,-3.6],[-1.44,-4.96],[-0.32,-2.08],[-5.92,0],[0,0],[1.121,7.52],[5.92,7.52],[14.8,2.08],[0,0],[6.4,0],[0,-6.4],[0,0],[4.96,-2.32],[4.16,-4.48],[2.32,-6],[0,-7.52],[-2.56,-6],[-4.72,-4.64],[-6.72,-3.36],[-4.4,-1.68],[0,0],[0,0],[4.4,3.68],[2.24,4.88],[0.561,3.12],[5.92,0],[0,0],[-1.201,-7.12],[-1.52,-3.68],[-4.881,-4.72],[-6.32,-2.48],[-6.56,-0.8],[0,0],[-6.4,0],[0,6.4],[0,0],[-5.6,2.32],[-4.48,4.4],[-2.481,6.16],[0,7.68]],"o":[[-2.4,-5.92],[-4.64,-4.56],[-5.28,-2.64],[0,0],[1.2,0.4],[4.08,2],[2.801,3.6],[0.56,2],[0.96,5.84],[0,0],[7.68,0],[-1.679,-11.52],[-8.16,-10.4],[0,0],[0,-6.4],[-6.4,0],[0,0],[-5.92,0.96],[-5.92,2.72],[-4.08,4.48],[-2.24,6],[0,7.92],[2.56,6],[4.72,4.64],[3.84,1.92],[0,0],[0,0],[-5.84,-1.04],[-3.52,-2.96],[-1.12,-2.48],[-1.04,-5.76],[0,0],[-7.28,0],[0.719,4.4],[2.96,7.2],[4.879,4.72],[6,2.4],[0,0],[0,6.4],[6.4,0],[0,0],[6.72,-0.88],[6.32,-2.64],[4.4,-4.4],[2.399,-6.08],[0.08,-7.84]],"v":[[58.28,27.8],[47.72,12.12],[30.84,0.28],[13.24,-7.08],[13.24,-74.36],[16.84,-73.08],[27.159,-64.6],[33.56,-51.72],[34.92,-45.64],[46.6,-35.32],[46.92,-35.32],[59.159,-49.64],[47.72,-78.2],[13.24,-96.92],[13.24,-114.6],[1.64,-126.2],[-9.96,-114.6],[-9.96,-96.36],[-26.36,-91.56],[-41.4,-80.76],[-51,-65],[-54.36,-44.76],[-50.52,-23.88],[-39.56,-7.88],[-22.44,4.12],[-9.96,9.56],[-9.96,78.92],[-10.04,79],[-25.32,71.96],[-33.88,60.2],[-36.36,51.88],[-47.96,41.64],[-49.16,41.64],[-60.759,55.32],[-57.4,67.4],[-45.719,85.24],[-28.92,96.04],[-10.04,100.68],[-10.04,114.6],[1.56,126.2],[13.16,114.6],[13.16,100.28],[31.72,95.56],[47.88,85],[58.201,69.24],[61.88,48.52]],"c":true},"ix":2},"nm":"Path 3","mn":"ADBE Vector Shape - Group","hd":false},{"ty":"mm","mm":1,"nm":"Merge Paths 1","mn":"ADBE Vector Filter - Merge","hd":false},{"ty":"mm","mm":4,"nm":"Merge Paths 2","mn":"ADBE Vector Filter - Merge","hd":false},{"ty":"fl","c":{"a":0,"k":[0.258999992819,0.169000004787,0.051000000449,1],"ix":4},"o":{"a":0,"k":100,"ix":5},"r":1,"bm":0,"nm":"Fill 1","mn":"ADBE Vector Graphic - Fill","hd":false},{"ty":"tr","p":{"a":0,"k":[383.08,136.2],"ix":2},"a":{"a":0,"k":[0,0],"ix":1},"s":{"a":0,"k":[100,100],"ix":3},"r":{"a":0,"k":0,"ix":6},"o":{"a":0,"k":100,"ix":7},"sk":{"a":0,"k":0,"ix":4},"sa":{"a":0,"k":0,"ix":5},"nm":"Transform"}],"nm":"Group 4","np":6,"cix":2,"bm":0,"ix":4,"mn":"ADBE Vector Group","hd":false}],"ip":85,"op":143,"st":85,"bm":0},{"ddd":0,"ind":19,"ty":4,"nm":"base matte","parent":21,"td":1,"sr":1,"ks":{"o":{"a":0,"k":100,"ix":11},"r":{"a":0,"k":0,"ix":10},"p":{"a":0,"k":[-2,-3,0],"ix":2,"l":2},"a":{"a":0,"k":[0,0,0],"ix":1,"l":2},"s":{"a":0,"k":[100,100,100],"ix":6,"l":2}},"ao":0,"shapes":[{"ty":"gr","it":[{"ind":0,"ty":"sh","ix":1,"ks":{"a":0,"k":{"i":[[15.4,0],[0,38.4],[-27.9,0],[-10.6,-9.3],[0,-16.9],[11.5,-10.2]],"o":[[-27.9,0],[0,-38.4],[15.5,0],[11.5,10.2],[0,16.9],[-10.6,9.3]],"v":[[0,55.9],[-58,0],[0,-55.9],[40.4,-41.5],[58,0],[40.4,41.4]],"c":true},"ix":2},"nm":"Path 1","mn":"ADBE Vector Shape - Group","hd":false},{"ty":"gf","o":{"a":0,"k":100,"ix":10},"r":1,"bm":0,"g":{"p":5,"k":{"a":0,"k":[0.48,0.992,0.878,0.188,0.691,0.98,0.816,0.178,0.902,0.969,0.753,0.169,0.966,0.963,0.694,0.153,1,0.957,0.635,0.137],"ix":9}},"s":{"a":0,"k":[0,0],"ix":5},"e":{"a":0,"k":[56.225,0],"ix":6},"t":2,"h":{"a":0,"k":0,"ix":7},"a":{"a":0,"k":0,"ix":8},"nm":"Gradient Fill 1","mn":"ADBE Vector Graphic - G-Fill","hd":false},{"ty":"tr","p":{"a":0,"k":[0,0],"ix":2},"a":{"a":0,"k":[0,0],"ix":1},"s":{"a":0,"k":[100,100],"ix":3},"r":{"a":0,"k":0,"ix":6},"o":{"a":0,"k":100,"ix":7},"sk":{"a":0,"k":0,"ix":4},"sa":{"a":0,"k":0,"ix":5},"nm":"Transform"}],"nm":"Group 1","np":2,"cix":2,"bm":0,"ix":1,"mn":"ADBE Vector Group","hd":false}],"ip":0,"op":143,"st":0,"bm":0},{"ddd":0,"ind":20,"ty":4,"nm":"base shadow","parent":21,"tt":2,"sr":1,"ks":{"o":{"a":0,"k":100,"ix":11},"r":{"a":0,"k":0,"ix":10},"p":{"a":0,"k":[0,0,0],"ix":2,"l":2},"a":{"a":0,"k":[0,0,0],"ix":1,"l":2},"s":{"a":0,"k":[100,100,100],"ix":6,"l":2}},"ao":0,"shapes":[{"ty":"gr","it":[{"ind":0,"ty":"sh","ix":1,"ks":{"a":0,"k":{"i":[[15.4,0],[0,38.4],[-27.9,0],[-10.6,-9.3],[0,-16.9],[11.5,-10.2]],"o":[[-27.9,0],[0,-38.4],[15.5,0],[11.5,10.2],[0,16.9],[-10.6,9.3]],"v":[[0,55.9],[-58,0],[0,-55.9],[40.4,-41.5],[58,0],[40.4,41.4]],"c":true},"ix":2},"nm":"Path 1","mn":"ADBE Vector Shape - Group","hd":false},{"ty":"fl","c":{"a":0,"k":[0.921568627451,0.560784313725,0,1],"ix":4},"o":{"a":0,"k":100,"ix":5},"r":1,"bm":0,"nm":"Fill 1","mn":"ADBE Vector Graphic - Fill","hd":false},{"ty":"tr","p":{"a":0,"k":[0,0],"ix":2},"a":{"a":0,"k":[0,0],"ix":1},"s":{"a":0,"k":[100,100],"ix":3},"r":{"a":0,"k":0,"ix":6},"o":{"a":0,"k":100,"ix":7},"sk":{"a":0,"k":0,"ix":4},"sa":{"a":0,"k":0,"ix":5},"nm":"Transform"}],"nm":"Group 1","np":2,"cix":2,"bm":0,"ix":1,"mn":"ADBE Vector Group","hd":false}],"ip":0,"op":143,"st":0,"bm":0},{"ddd":0,"ind":21,"ty":4,"nm":"base normal","parent":1,"sr":1,"ks":{"o":{"a":0,"k":100,"ix":11},"r":{"a":0,"k":0,"ix":10},"p":{"a":0,"k":[0,432,0],"ix":2,"l":2},"a":{"a":0,"k":[0,54,0],"ix":1,"l":2},"s":{"a":1,"k":[{"i":{"x":[0.588,0.588,0.588],"y":[1,0.976,1]},"o":{"x":[0.167,0.167,0.167],"y":[0,0.167,0]},"t":0,"s":[800,810,100]},{"i":{"x":[0.641,0.641,0.641],"y":[1,1.043,1]},"o":{"x":[0.306,0.306,0.306],"y":[0,-0.08,0]},"t":4,"s":[800,798,100]},{"i":{"x":[0.843,0.843,0.843],"y":[1,1,1]},"o":{"x":[0.308,0.308,0.308],"y":[0,-0.963,0]},"t":7,"s":[800,800,100]},{"i":{"x":[0.667,0.667,0.667],"y":[1,1,1]},"o":{"x":[1,1,0.333],"y":[0,0,0]},"t":46,"s":[800,800,100]},{"i":{"x":[0.667,0.667,0.667],"y":[1,1,1]},"o":{"x":[1,1,0.167],"y":[0,0,0]},"t":57,"s":[830,713,100]},{"i":{"x":[0.833,0.833,0.833],"y":[1,1,1]},"o":{"x":[1,1,0.167],"y":[0,0,0]},"t":64,"s":[830,713,100]},{"i":{"x":[0.667,0.667,0.667],"y":[1,1,1]},"o":{"x":[0.43,0.43,0.167],"y":[0,0,0]},"t":85,"s":[781,821,100]},{"i":{"x":[0.667,0.667,0.667],"y":[1,1,1]},"o":{"x":[0.333,0.333,0.333],"y":[0,0,0]},"t":94,"s":[800,795,100]},{"i":{"x":[0.833,0.833,0.833],"y":[1,1,1]},"o":{"x":[0.333,0.333,0.333],"y":[0,0,0]},"t":103,"s":[800,800,100]},{"i":{"x":[0.833,0.833,0.833],"y":[1,1,1]},"o":{"x":[0.167,0.167,0.167],"y":[0,0,0]},"t":138,"s":[800,800,100]},{"t":142,"s":[800,810,100]}],"ix":6,"l":2}},"ao":0,"shapes":[{"ty":"gr","it":[{"ind":0,"ty":"sh","ix":1,"ks":{"a":0,"k":{"i":[[15.4,0],[0,38.4],[-27.9,0],[-10.6,-9.3],[0,-16.9],[11.5,-10.2]],"o":[[-27.9,0],[0,-38.4],[15.5,0],[11.5,10.2],[0,16.9],[-10.6,9.3]],"v":[[0,55.9],[-58,0],[0,-55.9],[40.4,-41.5],[58,0],[40.4,41.4]],"c":true},"ix":2},"nm":"Path 1","mn":"ADBE Vector Shape - Group","hd":false},{"ty":"gf","o":{"a":0,"k":100,"ix":10},"r":1,"bm":0,"g":{"p":5,"k":{"a":0,"k":[0.48,0.992,0.878,0.188,0.691,0.98,0.816,0.178,0.902,0.969,0.753,0.169,0.966,0.963,0.694,0.153,1,0.957,0.635,0.137],"ix":9}},"s":{"a":0,"k":[0,0],"ix":5},"e":{"a":0,"k":[56.225,0],"ix":6},"t":2,"h":{"a":0,"k":0,"ix":7},"a":{"a":0,"k":0,"ix":8},"nm":"Gradient Fill 1","mn":"ADBE Vector Graphic - G-Fill","hd":false},{"ty":"tr","p":{"a":0,"k":[0,0],"ix":2},"a":{"a":0,"k":[0,0],"ix":1},"s":{"a":0,"k":[100,100],"ix":3},"r":{"a":0,"k":0,"ix":6},"o":{"a":0,"k":100,"ix":7},"sk":{"a":0,"k":0,"ix":4},"sa":{"a":0,"k":0,"ix":5},"nm":"Transform"}],"nm":"Group 1","np":2,"cix":2,"bm":0,"ix":1,"mn":"ADBE Vector Group","hd":false}],"ip":0,"op":143,"st":0,"bm":0}],"markers":[{"tm":110,"cm":"rest","dr":0}]}