{"v":"5.8.1","fr":60,"ip":0,"op":48,"w":1024,"h":1024,"nm":"emoji_flying-disc","ddd":0,"assets":[{"id":"comp_0","nm":"shine comp","fr":60,"layers":[{"ddd":0,"ind":1,"ty":0,"nm":"shine loop","refId":"comp_1","sr":1,"ks":{"o":{"a":0,"k":100,"ix":11},"r":{"a":0,"k":0,"ix":10},"p":{"a":0,"k":[640,640,0],"ix":2,"l":2},"a":{"a":0,"k":[640,640,0],"ix":1,"l":2},"s":{"a":0,"k":[100,100,100],"ix":6,"l":2}},"ao":0,"w":1280,"h":1280,"ip":36,"op":48,"st":36,"bm":0},{"ddd":0,"ind":2,"ty":0,"nm":"shine loop","refId":"comp_1","sr":1,"ks":{"o":{"a":0,"k":100,"ix":11},"r":{"a":0,"k":0,"ix":10},"p":{"a":0,"k":[640,640,0],"ix":2,"l":2},"a":{"a":0,"k":[640,640,0],"ix":1,"l":2},"s":{"a":0,"k":[100,100,100],"ix":6,"l":2}},"ao":0,"w":1280,"h":1280,"ip":24,"op":36,"st":24,"bm":0},{"ddd":0,"ind":3,"ty":0,"nm":"shine loop","refId":"comp_1","sr":1,"ks":{"o":{"a":0,"k":100,"ix":11},"r":{"a":0,"k":0,"ix":10},"p":{"a":0,"k":[640,640,0],"ix":2,"l":2},"a":{"a":0,"k":[640,640,0],"ix":1,"l":2},"s":{"a":0,"k":[100,100,100],"ix":6,"l":2}},"ao":0,"w":1280,"h":1280,"ip":12,"op":24,"st":12,"bm":0},{"ddd":0,"ind":4,"ty":0,"nm":"shine loop","refId":"comp_1","sr":1,"ks":{"o":{"a":0,"k":100,"ix":11},"r":{"a":0,"k":0,"ix":10},"p":{"a":0,"k":[640,640,0],"ix":2,"l":2},"a":{"a":0,"k":[640,640,0],"ix":1,"l":2},"s":{"a":0,"k":[100,100,100],"ix":6,"l":2}},"ao":0,"w":1280,"h":1280,"ip":0,"op":12,"st":0,"bm":0}]},{"id":"comp_1","nm":"shine loop","fr":60,"layers":[{"ddd":0,"ind":1,"ty":4,"nm":"Shape 1","sr":1,"ks":{"o":{"a":1,"k":[{"i":{"x":[0.667],"y":[1]},"o":{"x":[0.167],"y":[0.167]},"t":0,"s":[0]},{"t":6,"s":[100]}],"ix":11},"r":{"a":1,"k":[{"i":{"x":[0.833],"y":[0.833]},"o":{"x":[0.167],"y":[0.167]},"t":0,"s":[0]},{"t":12,"s":[11.448]}],"ix":10},"p":{"a":0,"k":[640,554,0],"ix":2,"l":2},"a":{"a":0,"k":[314.73,122.09,0],"ix":1,"l":2},"s":{"a":0,"k":[100,100,100],"ix":6,"l":2}},"ao":0,"shapes":[{"ty":"gr","it":[{"ind":0,"ty":"sh","ix":1,"ks":{"a":1,"k":[{"i":{"x":0.833,"y":0.833},"o":{"x":0.167,"y":0.167},"t":0,"s":[{"i":[[9,-1.5],[-1.5,-5.5],[-4.54,-0.801],[0.5,5]],"o":[[-9,1.5],[1.5,5.5],[8.5,1.5],[-0.5,-5]],"v":[[618.23,48.09],[616.23,66.59],[622.23,80.09],[630.23,64.59]],"c":true}]},{"t":12,"s":[{"i":[[12.531,-5.54],[1.37,-27.78],[-11.047,-7.309],[-2.768,37.845]],"o":[[-10.985,4.857],[-0.957,19.4],[11.047,7.309],[1.865,-24.914]],"v":[[613.948,44.09],[614.742,98.245],[614.629,155.218],[641.569,102.046]],"c":true}]}],"ix":2},"nm":"Path 1","mn":"ADBE Vector Shape - Group","hd":false},{"ty":"fl","c":{"a":0,"k":[0.435000011968,0.910000011968,0.991999966491,1],"ix":4},"o":{"a":0,"k":100,"ix":5},"r":1,"bm":0,"nm":"Fill 1","mn":"ADBE Vector Graphic - Fill","hd":false},{"ty":"tr","p":{"a":0,"k":[0,0],"ix":2},"a":{"a":0,"k":[0,0],"ix":1},"s":{"a":0,"k":[100,100],"ix":3},"r":{"a":0,"k":0,"ix":6},"o":{"a":0,"k":100,"ix":7},"sk":{"a":0,"k":0,"ix":4},"sa":{"a":0,"k":0,"ix":5},"nm":"Transform"}],"nm":"Shape 1","np":3,"cix":2,"bm":0,"ix":1,"mn":"ADBE Vector Group","hd":false}],"ip":0,"op":12,"st":0,"bm":0},{"ddd":0,"ind":2,"ty":4,"nm":"Group 1","sr":1,"ks":{"o":{"a":0,"k":100,"ix":11},"r":{"a":1,"k":[{"i":{"x":[0.833],"y":[0.833]},"o":{"x":[0.167],"y":[0.167]},"t":0,"s":[0]},{"t":12,"s":[76]}],"ix":10},"p":{"a":0,"k":[640,554,0],"ix":2,"l":2},"a":{"a":0,"k":[314.73,122.09,0],"ix":1,"l":2},"s":{"a":0,"k":[100,100,100],"ix":6,"l":2}},"ao":0,"shapes":[{"ty":"gr","it":[{"ind":0,"ty":"sh","ix":1,"ks":{"a":1,"k":[{"i":{"x":0.833,"y":0.833},"o":{"x":0.167,"y":0.167},"t":0,"s":[{"i":[[13.366,-3.013],[0.119,-9.618],[3.357,-13.495],[3.373,-10.449],[-4.713,-4.653],[-6.746,8.329],[-5.016,18.298]],"o":[[-5.858,1.321],[-0.119,9.618],[-2.345,9.425],[-3.373,10.449],[4.713,4.653],[6.746,-8.329],[6.646,-24.083]],"v":[[-168.846,50.564],[-175.567,68.077],[-178.537,103.851],[-189.393,135.368],[-189.662,159.727],[-171.533,153.46],[-152.95,112.766]],"c":true}]},{"i":{"x":0.833,"y":0.833},"o":{"x":0.167,"y":0.167},"t":6,"s":[{"i":[[12.201,-3.527],[-0.247,-32.691],[17.849,-45.155],[-12.248,-10.071],[-10.453,13.717],[-5.261,35.699],[2.916,25.567]],"o":[[-8.3,1.824],[-0.124,46.205],[-7.959,23.832],[12.195,10.028],[13.281,-19.402],[5.261,-35.7],[-3.876,-33.982]],"v":[[-195.042,-41.583],[-194.523,18.248],[-225.51,160.81],[-242.012,219.558],[-199.799,192.993],[-170.152,113.566],[-165.678,15.599]],"c":true}]},{"t":12,"s":[{"i":[[11.257,-4.437],[-14.078,-54.203],[39.657,-76.741],[-24.507,-6.454],[-14.633,29.137],[2.046,59.129],[15.309,29.07]],"o":[[-10.45,4.119],[20.876,80.372],[-18.623,38.223],[24.367,6.417],[20.332,-40.484],[-2.562,-74.04],[-20.459,-38.849]],"v":[[-257.53,-130.76],[-225.903,-34.673],[-249.61,213.796],[-284.09,303.968],[-206.844,226.229],[-171.061,62.206],[-206.584,-86.213]],"c":true}]}],"ix":2},"nm":"Path 1","mn":"ADBE Vector Shape - Group","hd":false},{"ty":"fl","c":{"a":0,"k":[0.435000011968,0.910000011968,0.991999966491,1],"ix":4},"o":{"a":0,"k":100,"ix":5},"r":1,"bm":0,"nm":"Fill 1","mn":"ADBE Vector Graphic - Fill","hd":false},{"ty":"tr","p":{"a":0,"k":[792.131,54.29],"ix":2},"a":{"a":0,"k":[0,0],"ix":1},"s":{"a":0,"k":[100,100],"ix":3},"r":{"a":0,"k":0,"ix":6},"o":{"a":0,"k":100,"ix":7},"sk":{"a":0,"k":0,"ix":4},"sa":{"a":0,"k":0,"ix":5},"nm":"Transform"}],"nm":"Group 1","np":2,"cix":2,"bm":0,"ix":1,"mn":"ADBE Vector Group","hd":false}],"ip":0,"op":12,"st":0,"bm":0},{"ddd":0,"ind":3,"ty":4,"nm":"Group 2","sr":1,"ks":{"o":{"a":0,"k":100,"ix":11},"r":{"a":1,"k":[{"i":{"x":[0.833],"y":[0.833]},"o":{"x":[0.167],"y":[0.167]},"t":0,"s":[0]},{"t":12,"s":[84]}],"ix":10},"p":{"a":0,"k":[640,554,0],"ix":2,"l":2},"a":{"a":0,"k":[314.73,122.09,0],"ix":1,"l":2},"s":{"a":0,"k":[100,100,100],"ix":6,"l":2}},"ao":0,"shapes":[{"ty":"gr","it":[{"ind":0,"ty":"sh","ix":1,"ks":{"a":1,"k":[{"i":{"x":0.833,"y":0.833},"o":{"x":0.167,"y":0.167},"t":0,"s":[{"i":[[0.213,-25.342],[-31.845,-6.998],[-56.799,16.561],[-24.398,22.004],[7.075,9.815],[49.059,-27.007],[84.15,19.513]],"o":[[-0.212,25.197],[44.247,9.723],[71.123,-20.738],[32.606,-29.406],[-6.569,-9.112],[-72.745,40.047],[-41.634,-8.624]],"v":[[-378.978,35.453],[-284.595,91.148],[-116.813,85.387],[18.267,14.368],[48.879,-45.988],[-36.445,8.353],[-283.089,46.637]],"c":true}]},{"i":{"x":0.833,"y":0.833},"o":{"x":0.167,"y":0.167},"t":6,"s":[{"i":[[0.806,-16.931],[-27.137,-7.129],[-52.916,13.246],[-23.875,18.809],[7.917,7.924],[34.686,-18.731],[53.083,-4.691]],"o":[[-0.589,15.543],[33.338,8.492],[52.916,-13.246],[27.979,-22.51],[-8.617,-8.229],[-46.529,25.25],[-53.083,4.691]],"v":[[-326.456,67.778],[-261.596,106.822],[-133.931,100.715],[-20.928,44.347],[7.25,-4.909],[-57.301,27.504],[-220.966,77.618]],"c":true}]},{"t":12,"s":[{"i":[[1.399,-8.52],[-22.429,-7.26],[-33.249,2.043],[-23.353,15.615],[8.759,6.033],[20.314,-10.454],[40.727,-4.959]],"o":[[-0.967,5.89],[22.429,7.26],[40.047,-2.461],[23.353,-15.615],[-10.666,-7.346],[-20.314,10.454],[-57.171,6.961]],"v":[[-273.045,83.155],[-237.709,105.549],[-151.049,116.042],[-52.094,83.244],[-26.349,45.088],[-70.127,55.573],[-158.996,84.516]],"c":true}]}],"ix":2},"nm":"Path 1","mn":"ADBE Vector Shape - Group","hd":false},{"ty":"fl","c":{"a":0,"k":[0.435000011968,0.910000011968,0.991999966491,1],"ix":4},"o":{"a":0,"k":100,"ix":5},"r":1,"bm":0,"nm":"Fill 1","mn":"ADBE Vector Graphic - Fill","hd":false},{"ty":"tr","p":{"a":0,"k":[511.17,331.69],"ix":2},"a":{"a":0,"k":[0,0],"ix":1},"s":{"a":0,"k":[100,100],"ix":3},"r":{"a":0,"k":0,"ix":6},"o":{"a":0,"k":100,"ix":7},"sk":{"a":0,"k":0,"ix":4},"sa":{"a":0,"k":0,"ix":5},"nm":"Transform"}],"nm":"Group 2","np":2,"cix":2,"bm":0,"ix":1,"mn":"ADBE Vector Group","hd":false}],"ip":0,"op":12,"st":0,"bm":0},{"ddd":0,"ind":4,"ty":4,"nm":"Group 3","sr":1,"ks":{"o":{"a":1,"k":[{"i":{"x":[0.833],"y":[0.833]},"o":{"x":[0.333],"y":[0]},"t":6,"s":[100]},{"t":12,"s":[0]}],"ix":11},"r":{"a":1,"k":[{"i":{"x":[0.833],"y":[0.833]},"o":{"x":[0.167],"y":[0.167]},"t":0,"s":[0]},{"t":12,"s":[22]}],"ix":10},"p":{"a":0,"k":[640,554,0],"ix":2,"l":2},"a":{"a":0,"k":[314.73,122.09,0],"ix":1,"l":2},"s":{"a":0,"k":[100,100,100],"ix":6,"l":2}},"ao":0,"shapes":[{"ty":"gr","it":[{"ind":0,"ty":"sh","ix":1,"ks":{"a":1,"k":[{"i":{"x":0.833,"y":0.833},"o":{"x":0.167,"y":0.167},"t":0,"s":[{"i":[[8.62,0.495],[-11.063,-65.699],[-10.155,18.692],[18.436,79.957]],"o":[[-11.918,-0.684],[13.325,79.131],[12.365,-22.761],[-12.94,-56.12]],"v":[[-74.732,-308.291],[-94.595,-183.511],[-10.909,-66.972],[-64.08,-194.732]],"c":true}]},{"t":12,"s":[{"i":[[6.02,-0.014],[0.541,-8.01],[-5.087,0.666],[-0.6,9.88]],"o":[[-6.294,0.015],[-0.543,8.04],[5.502,-0.72],[0.582,-9.575]],"v":[[-75.569,-234.967],[-86.062,-221.927],[-75.529,-210.04],[-64.824,-223.008]],"c":true}]}],"ix":2},"nm":"Path 1","mn":"ADBE Vector Shape - Group","hd":false},{"ty":"fl","c":{"a":0,"k":[0.435000011968,0.910000011968,0.991999966491,1],"ix":4},"o":{"a":0,"k":100,"ix":5},"r":1,"bm":0,"nm":"Fill 1","mn":"ADBE Vector Graphic - Fill","hd":false},{"ty":"tr","p":{"a":0,"k":[90.25,384.97],"ix":2},"a":{"a":0,"k":[0,0],"ix":1},"s":{"a":0,"k":[100,100],"ix":3},"r":{"a":0,"k":0,"ix":6},"o":{"a":0,"k":100,"ix":7},"sk":{"a":0,"k":0,"ix":4},"sa":{"a":0,"k":0,"ix":5},"nm":"Transform"}],"nm":"Group 3","np":2,"cix":2,"bm":0,"ix":1,"mn":"ADBE Vector Group","hd":false}],"ip":0,"op":12,"st":0,"bm":0}]}],"layers":[{"ddd":0,"ind":1,"ty":3,"nm":"Null Speedlines 2","sr":1,"ks":{"o":{"a":0,"k":0,"ix":11},"r":{"a":1,"k":[{"i":{"x":[0.833],"y":[0.833]},"o":{"x":[0.167],"y":[0.167]},"t":48,"s":[0]},{"i":{"x":[0.833],"y":[0.833]},"o":{"x":[0.167],"y":[0.167]},"t":54,"s":[12.997]},{"i":{"x":[0.833],"y":[0.833]},"o":{"x":[0.167],"y":[0.167]},"t":60,"s":[42.866]},{"i":{"x":[0.833],"y":[0.833]},"o":{"x":[0.167],"y":[0.167]},"t":66,"s":[69.087]},{"i":{"x":[0.833],"y":[0.833]},"o":{"x":[0.167],"y":[0.167]},"t":72,"s":[91.582]},{"i":{"x":[0.833],"y":[0.833]},"o":{"x":[0.167],"y":[0.167]},"t":78,"s":[132.455]},{"i":{"x":[0.833],"y":[0.833]},"o":{"x":[0.167],"y":[0.167]},"t":84,"s":[160.52]},{"i":{"x":[0.833],"y":[0.833]},"o":{"x":[0.167],"y":[0.167]},"t":90,"s":[176.154]},{"t":96,"s":[180]}],"ix":10},"p":{"a":0,"k":[512,512,0],"ix":2,"l":2},"a":{"a":0,"k":[0,0,0],"ix":1,"l":2},"s":{"a":0,"k":[100,100,100],"ix":6,"l":2}},"ao":0,"ip":48,"op":48.6060606060606,"st":48,"bm":0},{"ddd":0,"ind":2,"ty":4,"nm":"speedlines 5","parent":1,"sr":1,"ks":{"o":{"a":0,"k":100,"ix":11},"r":{"a":0,"k":180,"ix":10},"p":{"a":0,"k":[-37.72,-0.72,0],"ix":2,"l":2},"a":{"a":0,"k":[355.01,491.37,0],"ix":1,"l":2},"s":{"a":0,"k":[100,100,100],"ix":6,"l":2}},"ao":0,"shapes":[{"ty":"gr","it":[{"ind":0,"ty":"sh","ix":1,"ks":{"a":1,"k":[{"i":{"x":0.667,"y":1},"o":{"x":0.167,"y":0.167},"t":48,"s":[{"i":[[1.015,-11.82],[-105.667,8.295],[2.2,7.476],[80.827,-5.714]],"o":[[-1.03,11.568],[109.224,-8.574],[-4.074,-13.847],[-105.823,7.481]],"v":[[-316.941,32.757],[-163.448,57.044],[-24.629,2.431],[-173.387,25.323]],"c":true}]},{"i":{"x":0.833,"y":0.833},"o":{"x":0.333,"y":0},"t":53,"s":[{"i":[[-0.333,-11.859],[-104.859,15.455],[3.034,7.179],[84.49,-9.616]],"o":[[0.289,11.61],[108.389,-15.976],[-5.619,-13.295],[-105.406,11.997]],"v":[[-386.902,15.319],[-223.574,39.139],[-82.103,-20.292],[-231.938,7.413]],"c":true}]},{"i":{"x":0.667,"y":1},"o":{"x":0.167,"y":0.167},"t":60,"s":[{"i":[[2.782,-5.299],[-26.76,-2.851],[-1.083,3.532],[20.91,3.571]],"o":[[-2.723,5.187],[27.661,2.947],[2.005,-6.542],[-26.086,-4.454]],"v":[[-250.078,139.479],[-220.23,156.727],[-175.763,148.7],[-214.786,141.71]],"c":true}]},{"i":{"x":0.833,"y":0.833},"o":{"x":0.333,"y":0},"t":66,"s":[{"i":[[-0.034,-5.987],[-52.69,9.195],[1.461,3.651],[42.492,-5.978]],"o":[[0.033,5.86],[54.463,-9.505],[-2.706,-6.762],[-53.012,7.458]],"v":[[-103.773,124.696],[-18.612,131.474],[51.89,98.611],[-23.255,115.582]],"c":true}]},{"i":{"x":0.833,"y":0.833},"o":{"x":0.167,"y":0.167},"t":72,"s":[{"i":[[0.259,-4.939],[-45.551,4.958],[1.075,3.084],[36.666,-2.813]],"o":[[-0.253,4.835],[47.084,-5.125],[-1.992,-5.712],[-45.743,3.509]],"v":[[-61.316,88.785],[11.267,98.619],[73.205,75.029],[8.056,85.281]],"c":true}]},{"i":{"x":0.667,"y":1},"o":{"x":0.167,"y":0.167},"t":78,"s":[{"i":[[0.259,-4.939],[-27.769,5.788],[1.075,3.084],[24.566,-3.248]],"o":[[-0.253,4.835],[32.955,-6.869],[-1.992,-5.712],[-28.419,3.757]],"v":[[5.21,27.892],[55.251,35.309],[93.932,17.409],[51.553,16.994]],"c":true}]},{"i":{"x":0.833,"y":0.833},"o":{"x":0.333,"y":0},"t":88,"s":[{"i":[[-0.263,-8.784],[-69.834,14.908],[2.294,5.305],[54.995,-10.633]],"o":[[0.257,8.599],[74.02,-16.008],[-4.249,-9.826],[-70.355,13.602]],"v":[[-154.681,50.961],[-45.975,55.89],[68.544,3.387],[-55.916,31.066]],"c":true}]},{"t":96,"s":[{"i":[[-2.08,-11.68],[-99.92,35.36],[4.08,6.64],[81.04,-25.76]],"o":[[2,11.44],[103.28,-36.559],[-7.52,-12.32],[-101.12,32.08]],"v":[[-227.16,46.95],[-58.52,32.07],[69.16,-54.81],[-72.84,2.55]],"c":true}]}],"ix":2},"nm":"Path 1","mn":"ADBE Vector Shape - Group","hd":false},{"ty":"fl","c":{"a":0,"k":[0.788000009574,0.788000009574,0.788000009574,1],"ix":4},"o":{"a":0,"k":100,"ix":5},"r":1,"bm":0,"nm":"Fill 1","mn":"ADBE Vector Graphic - Fill","hd":false},{"ty":"fl","c":{"a":0,"k":[1,0,0,1],"ix":4},"o":{"a":0,"k":100,"ix":5},"r":1,"bm":0,"nm":"Fill 2","mn":"ADBE Vector Graphic - Fill","hd":false},{"ty":"tr","p":{"a":0,"k":[432.85,915.21],"ix":2},"a":{"a":0,"k":[0,0],"ix":1},"s":{"a":0,"k":[100,100],"ix":3},"r":{"a":0,"k":0,"ix":6},"o":{"a":1,"k":[{"i":{"x":[0.833],"y":[0.833]},"o":{"x":[0.167],"y":[0.167]},"t":60,"s":[100]},{"i":{"x":[0.833],"y":[0.833]},"o":{"x":[0.167],"y":[0.167]},"t":62,"s":[0]},{"i":{"x":[0.833],"y":[0.833]},"o":{"x":[0.167],"y":[0.167]},"t":74,"s":[0]},{"t":77,"s":[100]}],"ix":7},"sk":{"a":0,"k":0,"ix":4},"sa":{"a":0,"k":0,"ix":5},"nm":"Transform"}],"nm":"Group 1","np":3,"cix":2,"bm":0,"ix":1,"mn":"ADBE Vector Group","hd":false},{"ty":"gr","it":[{"ind":0,"ty":"sh","ix":1,"ks":{"a":1,"k":[{"i":{"x":0.667,"y":1},"o":{"x":0.167,"y":0.167},"t":48,"s":[{"i":[[12.645,-18.868],[-175.8,30.86],[11.46,19.211],[210.86,-28.14]],"o":[[-8.9,13.28],[155.719,-27.335],[-13.496,-22.623],[-166.516,22.222]],"v":[[-267.18,-2.141],[27.22,30.279],[286.96,-94.072],[-2.44,0.779]],"c":true}]},{"i":{"x":0.833,"y":0.833},"o":{"x":0.333,"y":0},"t":53,"s":[{"i":[[2.96,-11.22],[-186.817,26.109],[10.4,13.901],[188.561,-21.421]],"o":[[-2.96,11.22],[188.146,-26.295],[-5.496,-7.346],[-166.919,18.963]],"v":[[-331.242,-13.612],[-50.969,22.329],[186.544,-78.734],[-80.806,-8.526]],"c":true}]},{"i":{"x":0.667,"y":1},"o":{"x":0.167,"y":0.167},"t":60,"s":[{"i":[[5.332,-10.399],[-93.967,15.197],[11.829,15.412],[97.306,-17.177]],"o":[[-7.369,14.371],[94.635,-15.306],[-8.959,-11.673],[-83.482,14.737]],"v":[[-135.691,130.522],[15.694,165.408],[180.534,71.928],[13.03,131.534]],"c":true}]},{"i":{"x":0.833,"y":0.833},"o":{"x":0.333,"y":0},"t":66,"s":[{"i":[[6.432,-9.757],[-95.063,4.886],[10.083,16.608],[98.598,-6.491]],"o":[[-8.888,13.485],[95.739,-4.921],[-7.637,-12.578],[-84.59,5.569]],"v":[[-32.26,114.904],[136.872,159.532],[289.341,75.643],[129.08,132.131]],"c":true}]},{"i":{"x":0.833,"y":0.833},"o":{"x":0.167,"y":0.167},"t":72,"s":[{"i":[[5.975,-7.727],[-81.621,-0.707],[7.835,14.199],[84.725,-0.44]],"o":[[-8.257,10.678],[82.201,0.712],[-5.934,-10.754],[-72.687,0.377]],"v":[[29.317,80.384],[169.113,130.699],[303.674,69.111],[163.564,100.715]],"c":true}]},{"i":{"x":0.667,"y":1},"o":{"x":0.167,"y":0.167},"t":78,"s":[{"i":[[5.975,-7.727],[-93.07,-1.431],[6.437,5.896],[84.595,4.701]],"o":[[-8.257,10.678],[82.195,1.264],[-4.639,-4.249],[-74.036,-4.114]],"v":[[60.052,-3.335],[209.549,51.659],[350.545,4.513],[204,21.675]],"c":true}]},{"i":{"x":0.833,"y":0.833},"o":{"x":0.333,"y":0},"t":88,"s":[{"i":[[8.101,-14.892],[-136.388,31.631],[10.626,12.204],[152.333,-30.387]],"o":[[-7.237,12.993],[120.704,-27.994],[-11.083,-13.325],[-123.511,24.171]],"v":[[-112.003,46.52],[129.475,62.847],[328.986,-46.682],[102.414,28.512]],"c":true}]},{"t":96,"s":[{"i":[[2.96,-11.22],[-186.762,26.501],[10.4,13.901],[181.8,-21.7]],"o":[[-2.96,11.22],[184.64,-26.2],[-5.496,-7.346],[-166.809,19.911]],"v":[[-345.68,19.59],[-49.28,45.51],[184.96,-52.091],[-85.44,15.51]],"c":true}]}],"ix":2},"nm":"Path 1","mn":"ADBE Vector Shape - Group","hd":false},{"ty":"fl","c":{"a":0,"k":[0.788000009574,0.788000009574,0.788000009574,1],"ix":4},"o":{"a":0,"k":100,"ix":5},"r":1,"bm":0,"nm":"Fill 1","mn":"ADBE Vector Graphic - Fill","hd":false},{"ty":"tr","p":{"a":0,"k":[269.37,861.93],"ix":2},"a":{"a":0,"k":[0,0],"ix":1},"s":{"a":0,"k":[100,100],"ix":3},"r":{"a":0,"k":0,"ix":6},"o":{"a":0,"k":100,"ix":7},"sk":{"a":0,"k":0,"ix":4},"sa":{"a":0,"k":0,"ix":5},"nm":"Transform"}],"nm":"Group 2","np":2,"cix":2,"bm":0,"ix":2,"mn":"ADBE Vector Group","hd":false}],"ip":48,"op":48.6060606060606,"st":48,"bm":0},{"ddd":0,"ind":3,"ty":4,"nm":"speedlines 4","parent":1,"sr":1,"ks":{"o":{"a":0,"k":100,"ix":11},"r":{"a":0,"k":0,"ix":10},"p":{"a":0,"k":[-37.72,-0.72,0],"ix":2,"l":2},"a":{"a":0,"k":[355.01,491.37,0],"ix":1,"l":2},"s":{"a":0,"k":[100,100,100],"ix":6,"l":2}},"ao":0,"shapes":[{"ty":"gr","it":[{"ind":0,"ty":"sh","ix":1,"ks":{"a":1,"k":[{"i":{"x":0.667,"y":1},"o":{"x":0.167,"y":0.167},"t":48,"s":[{"i":[[-2.08,-11.68],[-99.92,35.36],[4.08,6.64],[81.04,-25.76]],"o":[[2,11.44],[103.28,-36.559],[-7.52,-12.32],[-101.12,32.08]],"v":[[-149.16,46.8],[19.48,31.92],[147.16,-54.96],[5.16,2.4]],"c":true}]},{"i":{"x":0.833,"y":0.833},"o":{"x":0.333,"y":0},"t":53,"s":[{"i":[[-0.333,-11.859],[-104.859,15.455],[3.034,7.179],[84.49,-9.616]],"o":[[0.289,11.61],[108.389,-15.976],[-5.619,-13.295],[-105.406,11.997]],"v":[[-312.847,51.593],[-149.519,75.413],[-8.048,15.982],[-157.883,43.687]],"c":true}]},{"i":{"x":0.667,"y":1},"o":{"x":0.167,"y":0.167},"t":60,"s":[{"i":[[2.782,-5.299],[-26.76,-2.851],[-1.083,3.532],[20.91,3.571]],"o":[[-2.723,5.187],[27.661,2.947],[2.005,-6.542],[-26.086,-4.454]],"v":[[-164.862,131.332],[-135.015,148.581],[-90.548,140.554],[-129.571,133.564]],"c":true}]},{"i":{"x":0.833,"y":0.833},"o":{"x":0.333,"y":0},"t":66,"s":[{"i":[[-0.034,-5.987],[-52.69,9.195],[1.461,3.651],[42.492,-5.978]],"o":[[0.033,5.86],[54.463,-9.505],[-2.706,-6.762],[-53.012,7.458]],"v":[[-36.85,128.858],[48.311,135.636],[118.813,102.772],[43.668,119.744]],"c":true}]},{"i":{"x":0.833,"y":0.833},"o":{"x":0.167,"y":0.167},"t":72,"s":[{"i":[[0.259,-4.939],[-45.551,4.958],[1.075,3.084],[36.666,-2.813]],"o":[[-0.253,4.835],[47.084,-5.125],[-1.992,-5.712],[-45.743,3.509]],"v":[[15.096,102.681],[87.68,112.515],[149.617,88.925],[84.468,99.177]],"c":true}]},{"i":{"x":0.667,"y":1},"o":{"x":0.167,"y":0.167},"t":78,"s":[{"i":[[0.259,-4.939],[-27.769,5.788],[1.075,3.084],[24.566,-3.248]],"o":[[-0.253,4.835],[32.955,-6.869],[-1.992,-5.712],[-28.419,3.757]],"v":[[87.53,23.058],[137.572,30.475],[176.252,12.574],[133.873,12.16]],"c":true}]},{"i":{"x":0.833,"y":0.833},"o":{"x":0.333,"y":0},"t":88,"s":[{"i":[[-0.263,-8.784],[-69.834,14.908],[2.294,5.305],[54.995,-10.633]],"o":[[0.257,8.599],[74.02,-16.008],[-4.249,-9.826],[-70.355,13.602]],"v":[[-75.679,63.555],[33.027,68.484],[147.546,15.981],[23.087,43.66]],"c":true}]},{"t":96,"s":[{"i":[[1.015,-11.82],[-105.667,8.295],[2.2,7.476],[80.827,-5.714]],"o":[[-1.03,11.568],[109.224,-8.574],[-4.074,-13.847],[-105.823,7.481]],"v":[[-241.941,32.757],[-88.448,57.044],[50.371,2.431],[-98.387,25.323]],"c":true}]}],"ix":2},"nm":"Path 1","mn":"ADBE Vector Shape - Group","hd":false},{"ty":"fl","c":{"a":0,"k":[0.788000009574,0.788000009574,0.788000009574,1],"ix":4},"o":{"a":0,"k":100,"ix":5},"r":1,"bm":0,"nm":"Fill 1","mn":"ADBE Vector Graphic - Fill","hd":false},{"ty":"fl","c":{"a":0,"k":[1,0,0,1],"ix":4},"o":{"a":0,"k":100,"ix":5},"r":1,"bm":0,"nm":"Fill 2","mn":"ADBE Vector Graphic - Fill","hd":false},{"ty":"tr","p":{"a":0,"k":[432.85,915.21],"ix":2},"a":{"a":0,"k":[0,0],"ix":1},"s":{"a":0,"k":[100,100],"ix":3},"r":{"a":0,"k":0,"ix":6},"o":{"a":1,"k":[{"i":{"x":[0.833],"y":[0.833]},"o":{"x":[0.167],"y":[0.167]},"t":60,"s":[100]},{"i":{"x":[0.833],"y":[0.833]},"o":{"x":[0.167],"y":[0.167]},"t":62,"s":[0]},{"i":{"x":[0.833],"y":[0.833]},"o":{"x":[0.167],"y":[0.167]},"t":74,"s":[0]},{"t":77,"s":[100]}],"ix":7},"sk":{"a":0,"k":0,"ix":4},"sa":{"a":0,"k":0,"ix":5},"nm":"Transform"}],"nm":"Group 1","np":3,"cix":2,"bm":0,"ix":1,"mn":"ADBE Vector Group","hd":false},{"ty":"gr","it":[{"ind":0,"ty":"sh","ix":1,"ks":{"a":1,"k":[{"i":{"x":0.667,"y":1},"o":{"x":0.167,"y":0.167},"t":48,"s":[{"i":[[2.96,-11.22],[-186.762,26.501],[10.4,13.901],[181.8,-21.7]],"o":[[-2.96,11.22],[184.64,-26.2],[-5.496,-7.346],[-166.809,19.911]],"v":[[-267.68,19.44],[28.72,45.36],[262.96,-52.241],[-7.44,15.36]],"c":true}]},{"i":{"x":0.833,"y":0.833},"o":{"x":0.333,"y":0},"t":53,"s":[{"i":[[2.96,-11.22],[-186.817,26.109],[10.4,13.901],[188.561,-21.421]],"o":[[-2.96,11.22],[188.146,-26.295],[-5.496,-7.346],[-166.919,18.963]],"v":[[-257.186,22.663],[23.086,58.603],[260.599,-42.46],[-6.751,27.748]],"c":true}]},{"i":{"x":0.667,"y":1},"o":{"x":0.167,"y":0.167},"t":60,"s":[{"i":[[5.332,-10.399],[-93.967,15.197],[11.829,15.412],[97.306,-17.177]],"o":[[-7.369,14.371],[94.635,-15.306],[-8.959,-11.673],[-83.482,14.737]],"v":[[-50.476,122.376],[100.91,157.262],[265.749,63.782],[98.246,123.388]],"c":true}]},{"i":{"x":0.833,"y":0.833},"o":{"x":0.333,"y":0},"t":66,"s":[{"i":[[6.432,-9.757],[-95.063,4.886],[10.083,16.608],[98.598,-6.491]],"o":[[-8.888,13.485],[95.739,-4.921],[-7.637,-12.578],[-84.59,5.569]],"v":[[34.663,119.066],[203.795,163.693],[356.264,79.805],[196.003,136.292]],"c":true}]},{"i":{"x":0.833,"y":0.833},"o":{"x":0.167,"y":0.167},"t":72,"s":[{"i":[[5.975,-7.727],[-81.621,-0.707],[7.835,14.199],[84.725,-0.44]],"o":[[-8.257,10.678],[82.201,0.712],[-5.934,-10.754],[-72.687,0.377]],"v":[[105.729,94.28],[245.526,144.595],[380.086,83.007],[239.977,114.611]],"c":true}]},{"i":{"x":0.667,"y":1},"o":{"x":0.167,"y":0.167},"t":78,"s":[{"i":[[5.975,-7.727],[-93.07,-1.431],[6.437,5.896],[84.595,4.701]],"o":[[-8.257,10.678],[82.195,1.264],[-4.639,-4.249],[-74.036,-4.114]],"v":[[142.372,-8.169],[291.87,46.825],[432.866,-0.321],[286.321,16.841]],"c":true}]},{"i":{"x":0.833,"y":0.833},"o":{"x":0.333,"y":0},"t":88,"s":[{"i":[[8.101,-14.892],[-136.388,31.631],[10.626,12.204],[152.333,-30.387]],"o":[[-7.237,12.993],[120.704,-27.994],[-11.083,-13.325],[-123.511,24.171]],"v":[[-33,59.114],[208.477,75.441],[407.988,-34.088],[181.416,41.106]],"c":true}]},{"t":96,"s":[{"i":[[12.645,-18.868],[-175.8,30.86],[11.46,19.211],[210.86,-28.14]],"o":[[-8.9,13.28],[155.719,-27.335],[-13.496,-22.623],[-166.516,22.222]],"v":[[-192.18,-2.141],[102.22,30.279],[361.96,-94.072],[72.56,0.779]],"c":true}]}],"ix":2},"nm":"Path 1","mn":"ADBE Vector Shape - Group","hd":false},{"ty":"fl","c":{"a":0,"k":[0.788000009574,0.788000009574,0.788000009574,1],"ix":4},"o":{"a":0,"k":100,"ix":5},"r":1,"bm":0,"nm":"Fill 1","mn":"ADBE Vector Graphic - Fill","hd":false},{"ty":"tr","p":{"a":0,"k":[269.37,861.93],"ix":2},"a":{"a":0,"k":[0,0],"ix":1},"s":{"a":0,"k":[100,100],"ix":3},"r":{"a":0,"k":0,"ix":6},"o":{"a":0,"k":100,"ix":7},"sk":{"a":0,"k":0,"ix":4},"sa":{"a":0,"k":0,"ix":5},"nm":"Transform"}],"nm":"Group 2","np":2,"cix":2,"bm":0,"ix":2,"mn":"ADBE Vector Group","hd":false}],"ip":48,"op":48.6060606060606,"st":48,"bm":0},{"ddd":0,"ind":4,"ty":3,"nm":"Null Speedlines","sr":1,"ks":{"o":{"a":0,"k":0,"ix":11},"r":{"a":1,"k":[{"i":{"x":[0.833],"y":[0.833]},"o":{"x":[0.167],"y":[0.167]},"t":0,"s":[0]},{"i":{"x":[0.833],"y":[0.833]},"o":{"x":[0.167],"y":[0.167]},"t":24,"s":[91.582]},{"t":48,"s":[180]}],"ix":10},"p":{"a":0,"k":[512,512,0],"ix":2,"l":2},"a":{"a":0,"k":[0,0,0],"ix":1,"l":2},"s":{"a":0,"k":[100,100,100],"ix":6,"l":2}},"ao":0,"ip":0,"op":48,"st":0,"bm":0},{"ddd":0,"ind":5,"ty":4,"nm":"speedlines 3","parent":4,"sr":1,"ks":{"o":{"a":0,"k":100,"ix":11},"r":{"a":0,"k":180,"ix":10},"p":{"a":0,"k":[-37.72,-0.72,0],"ix":2,"l":2},"a":{"a":0,"k":[355.01,491.37,0],"ix":1,"l":2},"s":{"a":0,"k":[100,100,100],"ix":6,"l":2}},"ao":0,"shapes":[{"ty":"gr","it":[{"ind":0,"ty":"sh","ix":1,"ks":{"a":1,"k":[{"i":{"x":0.833,"y":0.833},"o":{"x":0.167,"y":0.167},"t":0,"s":[{"i":[[1.015,-11.82],[-105.667,8.295],[2.2,7.476],[80.827,-5.714]],"o":[[-1.03,11.568],[109.224,-8.574],[-4.074,-13.847],[-105.823,7.481]],"v":[[-316.941,32.757],[-163.448,57.044],[-24.629,2.431],[-173.387,25.323]],"c":true}]},{"i":{"x":0.833,"y":0.833},"o":{"x":0.167,"y":0.167},"t":6,"s":[{"i":[[-0.333,-11.859],[-78.738,17.301],[3.034,7.179],[84.319,-11.02]],"o":[[0.289,11.61],[107.007,-23.513],[-5.619,-13.295],[-67.797,8.861]],"v":[[-368.039,59.705],[-240.415,81.235],[-94.687,11.322],[-248.779,49.509]],"c":true}]},{"i":{"x":0.833,"y":0.833},"o":{"x":0.167,"y":0.167},"t":12,"s":[{"i":[[1.169,-5.87],[-26.474,4.834],[-0.039,3.694],[21.066,-2.489]],"o":[[-1.145,5.746],[27.365,-4.996],[0.073,-6.842],[-26.281,3.105]],"v":[[-263.526,108.039],[-230.019,116.142],[-189.637,95.866],[-229.044,100.198]],"c":true}]},{"i":{"x":0.833,"y":0.833},"o":{"x":0.167,"y":0.167},"t":18,"s":[{"i":[[-0.034,-5.987],[-52.69,9.195],[1.461,3.651],[42.492,-5.978]],"o":[[0.033,5.86],[54.463,-9.505],[-2.706,-6.762],[-53.012,7.458]],"v":[[-169.089,126.641],[-83.928,133.419],[-13.426,100.556],[-88.571,117.527]],"c":true}]},{"i":{"x":0.833,"y":0.833},"o":{"x":0.167,"y":0.167},"t":24,"s":[{"i":[[0.259,-4.939],[-45.551,4.958],[1.075,3.084],[36.666,-2.813]],"o":[[-0.253,4.835],[47.084,-5.125],[-1.992,-5.712],[-45.743,3.509]],"v":[[-81.198,93.335],[-8.615,103.17],[53.323,79.579],[-11.826,89.831]],"c":true}]},{"i":{"x":0.833,"y":0.833},"o":{"x":0.167,"y":0.167},"t":32,"s":[{"i":[[0.792,-6.816],[-58.454,3.188],[1.188,4.362],[46.299,-1.404]],"o":[[-0.775,6.672],[61.368,-3.486],[-2.2,-8.078],[-58.649,1.778]],"v":[[-96.473,48.297],[-7.292,66.122],[84.747,38.545],[-11.615,46.408]],"c":true}]},{"i":{"x":0.833,"y":0.833},"o":{"x":0.167,"y":0.167},"t":40,"s":[{"i":[[0.726,-8.758],[-71.067,6.966],[1.683,5.529],[55.841,-4.385]],"o":[[-0.71,8.573],[75.35,-7.589],[-3.118,-10.241],[-71.438,5.61]],"v":[[-181.487,30.59],[-74.024,47.703],[45.67,8.401],[-81.112,21.919]],"c":true}]},{"t":48,"s":[{"i":[[-2.08,-11.68],[-99.92,35.36],[4.08,6.64],[81.04,-25.76]],"o":[[2,11.44],[103.28,-36.559],[-7.52,-12.32],[-101.12,32.08]],"v":[[-227.16,46.95],[-58.52,32.07],[69.16,-54.81],[-72.84,2.55]],"c":true}]}],"ix":2},"nm":"Path 1","mn":"ADBE Vector Shape - Group","hd":false},{"ty":"fl","c":{"a":0,"k":[0.788000009574,0.788000009574,0.788000009574,1],"ix":4},"o":{"a":0,"k":100,"ix":5},"r":1,"bm":0,"nm":"Fill 1","mn":"ADBE Vector Graphic - Fill","hd":false},{"ty":"fl","c":{"a":0,"k":[1,0,0,1],"ix":4},"o":{"a":0,"k":100,"ix":5},"r":1,"bm":0,"nm":"Fill 2","mn":"ADBE Vector Graphic - Fill","hd":false},{"ty":"tr","p":{"a":0,"k":[432.85,915.21],"ix":2},"a":{"a":0,"k":[0,0],"ix":1},"s":{"a":0,"k":[100,100],"ix":3},"r":{"a":0,"k":0,"ix":6},"o":{"a":1,"k":[{"i":{"x":[0.833],"y":[0.833]},"o":{"x":[0.167],"y":[0.167]},"t":12,"s":[100]},{"i":{"x":[0.833],"y":[0.833]},"o":{"x":[0.167],"y":[0.167]},"t":14,"s":[0]},{"i":{"x":[0.833],"y":[0.833]},"o":{"x":[0.167],"y":[0.167]},"t":26,"s":[0]},{"t":29,"s":[100]}],"ix":7},"sk":{"a":0,"k":0,"ix":4},"sa":{"a":0,"k":0,"ix":5},"nm":"Transform"}],"nm":"Group 1","np":3,"cix":2,"bm":0,"ix":1,"mn":"ADBE Vector Group","hd":false},{"ty":"gr","it":[{"ind":0,"ty":"sh","ix":1,"ks":{"a":1,"k":[{"i":{"x":0.833,"y":0.833},"o":{"x":0.167,"y":0.167},"t":0,"s":[{"i":[[12.645,-18.868],[-175.8,30.86],[11.46,19.211],[210.86,-28.14]],"o":[[-8.9,13.28],[155.719,-27.335],[-13.496,-22.623],[-166.516,22.222]],"v":[[-267.18,-2.141],[27.22,30.279],[286.96,-94.072],[-2.44,0.779]],"c":true}]},{"i":{"x":0.833,"y":0.833},"o":{"x":0.167,"y":0.167},"t":6,"s":[{"i":[[2.96,-11.22],[-185.839,32.346],[10.4,13.901],[166.501,-28.682]],"o":[[-2.96,11.22],[158.817,-27.643],[-5.496,-7.346],[-165.554,28.519]],"v":[[-301.324,26.106],[-67.81,64.425],[165.607,-56.618],[-97.647,33.57]],"c":true}]},{"i":{"x":0.833,"y":0.833},"o":{"x":0.167,"y":0.167},"t":12,"s":[{"i":[[5.332,-10.399],[-93.967,15.197],[11.829,15.412],[97.306,-17.177]],"o":[[-7.369,14.371],[94.635,-15.306],[-8.959,-11.673],[-83.482,14.737]],"v":[[-208.082,77.878],[-59.33,126.944],[96.986,30.753],[-61.994,93.07]],"c":true}]},{"i":{"x":0.833,"y":0.833},"o":{"x":0.167,"y":0.167},"t":18,"s":[{"i":[[8.143,-8.383],[-95.063,4.886],[10.083,16.608],[88.511,-8.523]],"o":[[-5.515,5.678],[95.739,-4.921],[-7.637,-12.578],[-84.382,8.126]],"v":[[-62.584,126.208],[71.557,161.476],[212.21,85.859],[63.764,134.076]],"c":true}]},{"i":{"x":0.833,"y":0.833},"o":{"x":0.167,"y":0.167},"t":24,"s":[{"i":[[5.975,-7.727],[-81.621,-0.707],[7.835,14.199],[84.725,-0.44]],"o":[[-8.257,10.678],[82.201,0.712],[-5.934,-10.754],[-72.687,0.377]],"v":[[-2.23,97.261],[149.231,135.249],[291.899,77.439],[143.682,105.265]],"c":true}]},{"i":{"x":0.833,"y":0.833},"o":{"x":0.167,"y":0.167},"t":32,"s":[{"i":[[8.299,-10.419],[-110.061,2.739],[7.64,14.181],[119.516,-1.589]],"o":[[-9.065,10.859],[102.35,-1.805],[-7.058,-12.944],[-98.861,0.835]],"v":[[-28.761,36.515],[163.243,86.234],[342.868,22.933],[150.771,52.403]],"c":true}]},{"i":{"x":0.833,"y":0.833},"o":{"x":0.167,"y":0.167},"t":40,"s":[{"i":[[9.723,-13.887],[-139.078,16.105],[9.187,13.321],[154.783,-13.077]],"o":[[-8.651,12.097],[123.085,-14.253],[-9.516,-14.486],[-125.445,10.139]],"v":[[-131.558,12.94],[106.556,56.298],[317.111,-30.117],[83.524,19.14]],"c":true}]},{"t":48,"s":[{"i":[[2.96,-11.22],[-186.762,26.501],[10.4,13.901],[181.8,-21.7]],"o":[[-2.96,11.22],[184.64,-26.2],[-5.496,-7.346],[-166.809,19.911]],"v":[[-345.68,19.59],[-49.28,45.51],[184.96,-52.091],[-85.44,15.51]],"c":true}]}],"ix":2},"nm":"Path 1","mn":"ADBE Vector Shape - Group","hd":false},{"ty":"fl","c":{"a":0,"k":[0.788000009574,0.788000009574,0.788000009574,1],"ix":4},"o":{"a":0,"k":100,"ix":5},"r":1,"bm":0,"nm":"Fill 1","mn":"ADBE Vector Graphic - Fill","hd":false},{"ty":"tr","p":{"a":0,"k":[269.37,861.93],"ix":2},"a":{"a":0,"k":[0,0],"ix":1},"s":{"a":0,"k":[100,100],"ix":3},"r":{"a":0,"k":0,"ix":6},"o":{"a":0,"k":100,"ix":7},"sk":{"a":0,"k":0,"ix":4},"sa":{"a":0,"k":0,"ix":5},"nm":"Transform"}],"nm":"Group 2","np":2,"cix":2,"bm":0,"ix":2,"mn":"ADBE Vector Group","hd":false}],"ip":0,"op":48,"st":0,"bm":0},{"ddd":0,"ind":6,"ty":4,"nm":"speedlines ","parent":4,"sr":1,"ks":{"o":{"a":0,"k":100,"ix":11},"r":{"a":0,"k":0,"ix":10},"p":{"a":0,"k":[-37.72,-0.72,0],"ix":2,"l":2},"a":{"a":0,"k":[355.01,491.37,0],"ix":1,"l":2},"s":{"a":0,"k":[100,100,100],"ix":6,"l":2}},"ao":0,"shapes":[{"ty":"gr","it":[{"ind":0,"ty":"sh","ix":1,"ks":{"a":1,"k":[{"i":{"x":0.833,"y":0.833},"o":{"x":0.167,"y":0.167},"t":0,"s":[{"i":[[-2.08,-11.68],[-99.92,35.36],[4.08,6.64],[81.04,-25.76]],"o":[[2,11.44],[103.28,-36.559],[-7.52,-12.32],[-101.12,32.08]],"v":[[-149.16,46.8],[19.48,31.92],[147.16,-54.96],[5.16,2.4]],"c":true}]},{"i":{"x":0.833,"y":0.833},"o":{"x":0.167,"y":0.167},"t":6,"s":[{"i":[[-0.333,-11.859],[-78.738,17.301],[3.034,7.179],[84.319,-11.02]],"o":[[0.289,11.61],[107.007,-23.513],[-5.619,-13.295],[-67.797,8.861]],"v":[[-275.176,79.105],[-147.551,100.634],[-1.823,30.722],[-155.915,68.908]],"c":true}]},{"i":{"x":0.833,"y":0.833},"o":{"x":0.167,"y":0.167},"t":12,"s":[{"i":[[1.169,-5.87],[-26.474,4.834],[-0.039,3.694],[21.066,-2.489]],"o":[[-1.145,5.746],[27.365,-4.996],[0.073,-6.842],[-26.281,3.105]],"v":[[-151.482,130.536],[-117.975,138.639],[-77.593,118.363],[-117,122.695]],"c":true}]},{"i":{"x":0.833,"y":0.833},"o":{"x":0.167,"y":0.167},"t":18,"s":[{"i":[[-0.034,-5.987],[-52.69,9.195],[1.461,3.651],[42.492,-5.978]],"o":[[0.033,5.86],[54.463,-9.505],[-2.706,-6.762],[-53.012,7.458]],"v":[[-56.936,125.315],[28.225,132.093],[98.727,99.229],[23.582,116.201]],"c":true}]},{"i":{"x":0.833,"y":0.833},"o":{"x":0.167,"y":0.167},"t":24,"s":[{"i":[[0.259,-4.939],[-45.551,4.958],[1.075,3.084],[36.666,-2.813]],"o":[[-0.253,4.835],[47.084,-5.125],[-1.992,-5.712],[-45.743,3.509]],"v":[[14.544,82.689],[87.128,92.523],[149.065,68.932],[83.916,79.185]],"c":true}]},{"i":{"x":0.833,"y":0.833},"o":{"x":0.167,"y":0.167},"t":32,"s":[{"i":[[0.792,-6.816],[-58.454,3.188],[1.188,4.361],[46.299,-1.404]],"o":[[-0.775,6.672],[61.368,-3.486],[-2.2,-8.078],[-58.649,1.778]],"v":[[-44.335,49.586],[44.846,67.411],[136.885,39.834],[40.523,47.697]],"c":true}]},{"i":{"x":0.833,"y":0.833},"o":{"x":0.167,"y":0.167},"t":40,"s":[{"i":[[0.726,-8.758],[-71.067,6.966],[1.683,5.529],[55.841,-4.385]],"o":[[-0.71,8.573],[75.35,-7.589],[-3.118,-10.241],[-71.438,5.61]],"v":[[-86.179,40.804],[21.284,57.918],[140.978,18.615],[14.197,32.134]],"c":true}]},{"t":48,"s":[{"i":[[1.015,-11.82],[-105.667,8.295],[2.2,7.476],[80.827,-5.714]],"o":[[-1.03,11.568],[109.224,-8.574],[-4.074,-13.847],[-105.823,7.481]],"v":[[-241.941,32.757],[-88.448,57.044],[50.371,2.431],[-98.387,25.323]],"c":true}]}],"ix":2},"nm":"Path 1","mn":"ADBE Vector Shape - Group","hd":false},{"ty":"fl","c":{"a":0,"k":[0.788000009574,0.788000009574,0.788000009574,1],"ix":4},"o":{"a":0,"k":100,"ix":5},"r":1,"bm":0,"nm":"Fill 1","mn":"ADBE Vector Graphic - Fill","hd":false},{"ty":"fl","c":{"a":0,"k":[1,0,0,1],"ix":4},"o":{"a":0,"k":100,"ix":5},"r":1,"bm":0,"nm":"Fill 2","mn":"ADBE Vector Graphic - Fill","hd":false},{"ty":"tr","p":{"a":0,"k":[432.85,915.21],"ix":2},"a":{"a":0,"k":[0,0],"ix":1},"s":{"a":0,"k":[100,100],"ix":3},"r":{"a":0,"k":0,"ix":6},"o":{"a":1,"k":[{"i":{"x":[0.833],"y":[0.833]},"o":{"x":[0.167],"y":[0.167]},"t":12,"s":[100]},{"i":{"x":[0.833],"y":[0.833]},"o":{"x":[0.167],"y":[0.167]},"t":14,"s":[0]},{"i":{"x":[0.833],"y":[0.833]},"o":{"x":[0.167],"y":[0.167]},"t":26,"s":[0]},{"t":29,"s":[100]}],"ix":7},"sk":{"a":0,"k":0,"ix":4},"sa":{"a":0,"k":0,"ix":5},"nm":"Transform"}],"nm":"Group 1","np":3,"cix":2,"bm":0,"ix":1,"mn":"ADBE Vector Group","hd":false},{"ty":"gr","it":[{"ind":0,"ty":"sh","ix":1,"ks":{"a":1,"k":[{"i":{"x":0.833,"y":0.833},"o":{"x":0.167,"y":0.167},"t":0,"s":[{"i":[[2.96,-11.22],[-186.762,26.501],[10.4,13.901],[181.8,-21.7]],"o":[[-2.96,11.22],[184.64,-26.2],[-5.496,-7.346],[-166.809,19.911]],"v":[[-267.68,19.44],[28.72,45.36],[262.96,-52.241],[-7.44,15.36]],"c":true}]},{"i":{"x":0.833,"y":0.833},"o":{"x":0.167,"y":0.167},"t":6,"s":[{"i":[[2.96,-11.22],[-185.839,32.346],[10.4,13.901],[166.501,-28.683]],"o":[[-2.96,11.22],[158.817,-27.643],[-5.496,-7.346],[-165.554,28.519]],"v":[[-208.46,45.505],[25.054,83.825],[258.471,-37.218],[-4.783,52.97]],"c":true}]},{"i":{"x":0.833,"y":0.833},"o":{"x":0.167,"y":0.167},"t":12,"s":[{"i":[[5.332,-10.399],[-93.967,15.197],[11.829,15.412],[97.306,-17.177]],"o":[[-7.369,14.371],[94.635,-15.306],[-8.959,-11.673],[-83.482,14.737]],"v":[[-96.038,100.375],[52.714,149.441],[209.03,53.251],[50.05,115.567]],"c":true}]},{"i":{"x":0.833,"y":0.833},"o":{"x":0.167,"y":0.167},"t":18,"s":[{"i":[[8.143,-8.383],[-95.063,4.886],[10.083,16.608],[88.511,-8.523]],"o":[[-5.515,5.678],[95.739,-4.921],[-7.637,-12.578],[-84.382,8.126]],"v":[[49.569,124.882],[183.709,160.15],[324.363,84.533],[175.917,132.749]],"c":true}]},{"i":{"x":0.833,"y":0.833},"o":{"x":0.167,"y":0.167},"t":24,"s":[{"i":[[5.975,-7.727],[-81.621,-0.707],[7.835,14.199],[84.725,-0.44]],"o":[[-8.257,10.678],[82.201,0.712],[-5.934,-10.754],[-72.687,0.377]],"v":[[93.513,86.614],[244.974,124.602],[387.642,66.792],[239.425,94.618]],"c":true}]},{"i":{"x":0.833,"y":0.833},"o":{"x":0.167,"y":0.167},"t":32,"s":[{"i":[[8.299,-10.419],[-110.061,2.739],[7.64,14.181],[119.516,-1.589]],"o":[[-9.065,10.859],[102.35,-1.805],[-7.058,-12.944],[-98.861,0.835]],"v":[[23.376,37.804],[215.381,87.523],[395.006,24.222],[202.908,53.692]],"c":true}]},{"i":{"x":0.833,"y":0.833},"o":{"x":0.167,"y":0.167},"t":40,"s":[{"i":[[9.723,-13.887],[-139.078,16.105],[9.187,13.321],[154.783,-13.077]],"o":[[-8.651,12.097],[123.085,-14.253],[-9.516,-14.486],[-125.445,10.139]],"v":[[-36.249,23.154],[201.864,66.513],[412.419,-19.903],[178.833,29.355]],"c":true}]},{"t":48,"s":[{"i":[[12.645,-18.868],[-175.8,30.86],[11.46,19.211],[210.86,-28.14]],"o":[[-8.9,13.28],[155.719,-27.335],[-13.496,-22.623],[-166.516,22.222]],"v":[[-192.18,-2.141],[102.22,30.279],[361.96,-94.072],[72.56,0.779]],"c":true}]}],"ix":2},"nm":"Path 1","mn":"ADBE Vector Shape - Group","hd":false},{"ty":"fl","c":{"a":0,"k":[0.788000009574,0.788000009574,0.788000009574,1],"ix":4},"o":{"a":0,"k":100,"ix":5},"r":1,"bm":0,"nm":"Fill 1","mn":"ADBE Vector Graphic - Fill","hd":false},{"ty":"tr","p":{"a":0,"k":[269.37,861.93],"ix":2},"a":{"a":0,"k":[0,0],"ix":1},"s":{"a":0,"k":[100,100],"ix":3},"r":{"a":0,"k":0,"ix":6},"o":{"a":0,"k":100,"ix":7},"sk":{"a":0,"k":0,"ix":4},"sa":{"a":0,"k":0,"ix":5},"nm":"Transform"}],"nm":"Group 2","np":2,"cix":2,"bm":0,"ix":2,"mn":"ADBE Vector Group","hd":false}],"ip":0,"op":48,"st":0,"bm":0},{"ddd":0,"ind":7,"ty":0,"nm":"shine comp","refId":"comp_0","sr":1,"ks":{"o":{"a":0,"k":100,"ix":11},"r":{"a":1,"k":[{"i":{"x":[0.667],"y":[1]},"o":{"x":[0.167],"y":[0.167]},"t":0,"s":[-22.489]},{"i":{"x":[0.558],"y":[0.298]},"o":{"x":[0.422],"y":[0]},"t":10,"s":[-14.457]},{"i":{"x":[0.833],"y":[0.833]},"o":{"x":[0.238],"y":[-1.282]},"t":32,"s":[-24.682]},{"i":{"x":[0.667],"y":[1]},"o":{"x":[0.167],"y":[0.167]},"t":48,"s":[-22.489]},{"i":{"x":[0.34],"y":[1]},"o":{"x":[0.333],"y":[0]},"t":58,"s":[-14.023]},{"i":{"x":[0.833],"y":[0.833]},"o":{"x":[0.66],"y":[0]},"t":80,"s":[-27.712]},{"t":96,"s":[-22.489]}],"ix":10},"p":{"a":1,"k":[{"i":{"x":0.667,"y":1},"o":{"x":0.167,"y":0.167},"t":0,"s":[508,512,0],"to":[0,0,0],"ti":[0,0,0]},{"i":{"x":0.558,"y":0.298},"o":{"x":0.422,"y":0},"t":10,"s":[508,516,0],"to":[0,0,0],"ti":[0,0,0]},{"i":{"x":0.833,"y":0.833},"o":{"x":0.238,"y":0.26},"t":32,"s":[523.427,517.543,0],"to":[0,0,0],"ti":[0,0,0]},{"i":{"x":0.667,"y":1},"o":{"x":0.167,"y":0.167},"t":48,"s":[508,512,0],"to":[0,0,0],"ti":[0,0,0]},{"i":{"x":0.34,"y":1},"o":{"x":0.333,"y":0},"t":58,"s":[512,520,0],"to":[0,0,0],"ti":[0,0,0]},{"i":{"x":0.833,"y":0.833},"o":{"x":0.66,"y":0},"t":80,"s":[510,506,0],"to":[0,0,0],"ti":[0,0,0]},{"t":96,"s":[508,512,0]}],"ix":2,"l":2},"a":{"a":0,"k":[640,640,0],"ix":1,"l":2},"s":{"a":1,"k":[{"i":{"x":[0.667,0.667,0.667],"y":[1,1,1]},"o":{"x":[0.167,0.167,0.167],"y":[0.167,0.167,0]},"t":0,"s":[133.908,84.766,100]},{"i":{"x":[0.558,0.558,0.667],"y":[0.298,0.298,1]},"o":{"x":[0.422,0.422,0.333],"y":[0,0,0]},"t":10,"s":[132.867,74.831,100]},{"i":{"x":[0.833,0.833,0.833],"y":[0.833,0.833,1]},"o":{"x":[0.238,0.238,0.333],"y":[0.48,-0.441,0]},"t":32,"s":[133.529,101.185,100]},{"i":{"x":[0.667,0.667,0.667],"y":[1,1,1]},"o":{"x":[0.167,0.167,0.167],"y":[0.167,0.167,0]},"t":48,"s":[133.908,84.766,100]},{"i":{"x":[0.34,0.34,0.667],"y":[1,1,1]},"o":{"x":[0.333,0.333,0.333],"y":[0,0,0]},"t":58,"s":[134.384,75.21,100]},{"i":{"x":[0.833,0.833,0.833],"y":[0.833,0.833,1]},"o":{"x":[0.66,0.66,0.333],"y":[0,0,0]},"t":80,"s":[134.563,101.055,100]},{"t":96,"s":[133.908,84.766,100]}],"ix":6,"l":2}},"ao":0,"w":1280,"h":1280,"ip":0,"op":48,"st":0,"bm":0},{"ddd":0,"ind":8,"ty":4,"nm":"disc ","sr":1,"ks":{"o":{"a":0,"k":100,"ix":11},"r":{"a":1,"k":[{"i":{"x":[0.667],"y":[1]},"o":{"x":[0.167],"y":[0.167]},"t":0,"s":[0]},{"i":{"x":[0.558],"y":[0.298]},"o":{"x":[0.422],"y":[0]},"t":10,"s":[3.769]},{"i":{"x":[0.833],"y":[0.833]},"o":{"x":[0.238],"y":[-0.392]},"t":32,"s":[-8.817]},{"i":{"x":[0.667],"y":[1]},"o":{"x":[0.167],"y":[0.167]},"t":48,"s":[0]},{"i":{"x":[0.34],"y":[1]},"o":{"x":[0.333],"y":[0]},"t":58,"s":[3.769]},{"i":{"x":[0.833],"y":[0.833]},"o":{"x":[0.66],"y":[0]},"t":80,"s":[-12.547]},{"t":96,"s":[0]}],"ix":10},"p":{"a":0,"k":[498.36,524.28,0],"ix":2,"l":2},"a":{"a":0,"k":[496.45,394.05,0],"ix":1,"l":2},"s":{"a":0,"k":[100,100,100],"ix":6,"l":2}},"ao":0,"shapes":[{"ty":"gr","it":[{"ind":0,"ty":"sh","ix":1,"ks":{"a":1,"k":[{"i":{"x":0.667,"y":1},"o":{"x":0.167,"y":0.167},"t":0,"s":[{"i":[[175.6,-79.2],[-35.68,-82.32],[-185.2,76.88],[-11.04,33.68],[12.72,21.2]],"o":[[-117.92,54.8],[26.08,60.24],[151.92,-63.04],[10.32,-31.36],[-32.32,-53.6]],"v":[[-68.48,-122.12],[-267.28,119.8],[77.12,144.52],[284,-36.04],[280.72,-115]],"c":true}]},{"i":{"x":0.833,"y":0.833},"o":{"x":0.333,"y":0},"t":10,"s":[{"i":[[178.236,-70.124],[-35.818,-73.821],[-186.567,71.729],[-11.351,30.074],[12.811,19.022]],"o":[[-119.696,48.535],[26.205,54.009],[153.034,-58.837],[10.574,-28.016],[-32.553,-48.094]],"v":[[-66.448,-94.053],[-266.663,115.913],[83.584,131.03],[288.026,-21.405],[288.985,-92.33]],"c":true}]},{"i":{"x":0.833,"y":0.833},"o":{"x":0.167,"y":0.167},"t":32,"s":[{"i":[[186.129,-60.145],[-31.511,-101.137],[-191.634,58.184],[-13.111,37.009],[11.702,26.642]],"o":[[-131.181,42.597],[23.055,73.997],[157.189,-47.726],[12.21,-34.466],[-29.748,-67.387]],"v":[[-48.901,-159.426],[-259.518,81.843],[85.17,166.988],[303.539,-4.547],[305.544,-96.354]],"c":true}]},{"i":{"x":0.667,"y":1},"o":{"x":0.167,"y":0.167},"t":48,"s":[{"i":[[175.6,-79.2],[-35.68,-82.32],[-185.2,76.88],[-11.04,33.68],[12.72,21.2]],"o":[[-117.92,54.8],[26.08,60.24],[151.92,-63.04],[10.32,-31.36],[-32.32,-53.6]],"v":[[-68.48,-122.12],[-267.28,119.8],[77.12,144.52],[284,-36.04],[280.72,-115]],"c":true}]},{"i":{"x":0.34,"y":1},"o":{"x":0.333,"y":0},"t":58,"s":[{"i":[[178.236,-70.124],[-35.818,-73.821],[-186.567,71.729],[-11.351,30.074],[12.811,19.022]],"o":[[-119.696,48.535],[26.205,54.009],[153.034,-58.837],[10.574,-28.016],[-32.553,-48.094]],"v":[[-66.448,-94.053],[-266.663,115.913],[83.584,131.03],[288.026,-21.405],[288.985,-92.33]],"c":true}]},{"i":{"x":0.833,"y":0.833},"o":{"x":0.66,"y":0},"t":80,"s":[{"i":[[188.468,-57.187],[-30.234,-109.233],[-193.135,54.17],[-13.633,39.064],[11.373,28.901]],"o":[[-134.584,40.837],[22.121,79.92],[158.42,-44.433],[12.695,-36.378],[-28.917,-73.105]],"v":[[-43.701,-178.799],[-257.401,71.747],[85.64,177.644],[308.136,0.449],[310.452,-97.547]],"c":true}]},{"t":96,"s":[{"i":[[175.6,-79.2],[-35.68,-82.32],[-185.2,76.88],[-11.04,33.68],[12.72,21.2]],"o":[[-117.92,54.8],[26.08,60.24],[151.92,-63.04],[10.32,-31.36],[-32.32,-53.6]],"v":[[-68.48,-122.12],[-267.28,119.8],[77.12,144.52],[284,-36.04],[280.72,-115]],"c":true}]}],"ix":2},"nm":"Path 1","mn":"ADBE Vector Shape - Group","hd":false},{"ind":1,"ty":"sh","ix":2,"ks":{"a":1,"k":[{"i":{"x":0.667,"y":1},"o":{"x":0.167,"y":0.167},"t":0,"s":[{"i":[[57.44,0],[20.88,48.32],[-177.28,80],[-43.12,-71.52],[12.4,-37.68],[112.96,-46.879]],"o":[[-90.96,0],[-31.92,-73.6],[174,-78.48],[16.241,26.88],[-25.44,77.36],[-72.88,30.241]],"v":[[-110.32,209.56],[-287.84,128.68],[-77.2,-142.92],[299.44,-129.24],[307.36,-26.92],[87.52,166.359]],"c":true}]},{"i":{"x":0.833,"y":0.833},"o":{"x":0.333,"y":0},"t":10,"s":[{"i":[[58.206,0.242],[20.558,43.523],[-179.953,70.801],[-43.495,-64.129],[13.171,-33.482],[105.701,-39.056]],"o":[[-92.173,-0.383],[-28.621,-60.591],[176.612,-69.486],[16.358,24.119],[-24.442,62.132],[-73.778,27.26]],"v":[[-115.255,192.356],[-288.495,124.336],[-75.207,-112.7],[308.008,-104.993],[311.663,-13.147],[94.432,150.401]],"c":true}]},{"i":{"x":0.833,"y":0.833},"o":{"x":0.167,"y":0.167},"t":32,"s":[{"i":[[58.198,9.748],[18.408,59.38],[-186.257,58.558],[-39.758,-89.884],[14.771,-41.373],[115.031,-34.412]],"o":[[-92.16,-15.436],[-27.435,-89.184],[185.493,-58.257],[14.951,33.799],[-29.732,83.431],[-75.49,22.673]],"v":[[-110.36,211.191],[-286.59,92.251],[-55.737,-181.581],[331.164,-107.53],[329.04,6.52],[94.575,193.927]],"c":true}]},{"i":{"x":0.667,"y":1},"o":{"x":0.167,"y":0.167},"t":48,"s":[{"i":[[57.44,0],[20.88,48.32],[-177.28,80],[-43.12,-71.52],[12.4,-37.68],[112.96,-46.879]],"o":[[-90.96,0],[-31.92,-73.6],[174,-78.48],[16.241,26.88],[-25.44,77.36],[-72.88,30.241]],"v":[[-110.32,209.56],[-287.84,128.68],[-77.2,-142.92],[299.44,-129.24],[307.36,-26.92],[87.52,166.359]],"c":true}]},{"i":{"x":0.34,"y":1},"o":{"x":0.333,"y":0},"t":58,"s":[{"i":[[58.206,0.242],[20.558,43.523],[-179.953,70.801],[-43.495,-64.129],[13.171,-33.482],[105.701,-39.056]],"o":[[-92.173,-0.383],[-28.621,-60.591],[176.612,-69.486],[16.358,24.119],[-24.442,62.132],[-73.778,27.26]],"v":[[-115.255,192.356],[-288.495,124.336],[-75.207,-112.7],[308.008,-104.993],[311.663,-13.147],[94.432,150.401]],"c":true}]},{"i":{"x":0.833,"y":0.833},"o":{"x":0.66,"y":0},"t":80,"s":[{"i":[[58.195,12.565],[17.771,64.079],[-188.125,54.929],[-38.651,-97.516],[15.245,-43.712],[117.796,-33.036]],"o":[[-92.156,-19.897],[-27.083,-97.657],[188.125,-54.929],[14.534,36.668],[-31.299,89.742],[-75.998,21.314]],"v":[[-108.909,216.772],[-286.026,82.743],[-49.967,-201.994],[338.026,-108.281],[334.19,12.349],[94.618,206.826]],"c":true}]},{"t":96,"s":[{"i":[[57.44,0],[20.88,48.32],[-177.28,80],[-43.12,-71.52],[12.4,-37.68],[112.96,-46.879]],"o":[[-90.96,0],[-31.92,-73.6],[174,-78.48],[16.241,26.88],[-25.44,77.36],[-72.88,30.241]],"v":[[-110.32,209.56],[-287.84,128.68],[-77.2,-142.92],[299.44,-129.24],[307.36,-26.92],[87.52,166.359]],"c":true}]}],"ix":2},"nm":"Path 2","mn":"ADBE Vector Shape - Group","hd":false},{"ty":"mm","mm":1,"nm":"Merge Paths 1","mn":"ADBE Vector Filter - Merge","hd":false},{"ty":"fl","c":{"a":0,"k":[0.875,0.933000033509,0.944999964097,1],"ix":4},"o":{"a":0,"k":100,"ix":5},"r":1,"bm":0,"nm":"Fill 1","mn":"ADBE Vector Graphic - Fill","hd":false},{"ty":"tr","p":{"a":0,"k":[462.89,299.01],"ix":2},"a":{"a":0,"k":[0,0],"ix":1},"s":{"a":0,"k":[100,100],"ix":3},"r":{"a":0,"k":0,"ix":6},"o":{"a":0,"k":100,"ix":7},"sk":{"a":0,"k":0,"ix":4},"sa":{"a":0,"k":0,"ix":5},"nm":"Transform"}],"nm":"Group 1","np":4,"cix":2,"bm":0,"ix":1,"mn":"ADBE Vector Group","hd":false},{"ty":"gr","it":[{"ind":0,"ty":"sh","ix":1,"ks":{"a":1,"k":[{"i":{"x":0.667,"y":1},"o":{"x":0.167,"y":0.167},"t":0,"s":[{"i":[[256.08,-114.56],[-56.72,-110.32],[-254.72,117.92],[67.12,96.96]],"o":[[-232.48,104],[62.8,122.24],[260.88,-120.8],[-67.12,-96.96]],"v":[[-136.4,-233.52],[-434.56,192.88],[142.4,230.16],[424.16,-206.72]],"c":true}]},{"i":{"x":0.833,"y":0.833},"o":{"x":0.333,"y":0},"t":10,"s":[{"i":[[259.921,-101.421],[-60.236,-97.05],[-258.234,101.951],[63.51,88.154]],"o":[[-235.966,92.074],[63.717,102.659],[263.307,-103.954],[-63.51,-88.154]],"v":[[-131.57,-197.784],[-438.378,181.177],[133.115,201.786],[433.578,-175.771]],"c":true}]},{"i":{"x":0.833,"y":0.833},"o":{"x":0.167,"y":0.167},"t":32,"s":[{"i":[[265.867,-88.845],[-51.993,-136.609],[-264.596,92.415],[61.634,123.625]],"o":[[-241.364,80.657],[56.913,150.236],[270.736,-94.547],[-61.634,-123.625]],"v":[[-112.489,-289.823],[-439.141,151.73],[140.368,289.226],[453.329,-164.733]],"c":true}]},{"i":{"x":0.667,"y":1},"o":{"x":0.167,"y":0.167},"t":48,"s":[{"i":[[256.08,-114.56],[-56.72,-110.32],[-254.72,117.92],[67.12,96.96]],"o":[[-232.48,104],[62.8,122.24],[260.88,-120.8],[-67.12,-96.96]],"v":[[-136.4,-233.52],[-434.56,192.88],[142.4,230.16],[424.16,-206.72]],"c":true}]},{"i":{"x":0.34,"y":1},"o":{"x":0.333,"y":0},"t":58,"s":[{"i":[[259.921,-101.421],[-60.236,-97.05],[-258.234,101.951],[63.51,88.154]],"o":[[-235.966,92.074],[63.717,102.659],[263.307,-103.954],[-63.51,-88.154]],"v":[[-131.57,-197.784],[-438.378,181.177],[133.115,201.786],[433.578,-175.771]],"c":true}]},{"i":{"x":0.833,"y":0.833},"o":{"x":0.66,"y":0},"t":80,"s":[{"i":[[267.629,-85.119],[-49.55,-148.333],[-266.481,89.589],[61.078,134.136]],"o":[[-242.964,77.274],[54.896,164.336],[272.937,-91.759],[-61.078,-134.136]],"v":[[-106.835,-317.098],[-439.367,143.003],[142.517,315.139],[459.182,-161.462]],"c":true}]},{"t":96,"s":[{"i":[[256.08,-114.56],[-56.72,-110.32],[-254.72,117.92],[67.12,96.96]],"o":[[-232.48,104],[62.8,122.24],[260.88,-120.8],[-67.12,-96.96]],"v":[[-136.4,-233.52],[-434.56,192.88],[142.4,230.16],[424.16,-206.72]],"c":true}]}],"ix":2},"nm":"Path 1","mn":"ADBE Vector Shape - Group","hd":false},{"ty":"fl","c":{"a":0,"k":[0,0.757000014361,0.925,1],"ix":4},"o":{"a":0,"k":100,"ix":5},"r":1,"bm":0,"nm":"Fill 1","mn":"ADBE Vector Graphic - Fill","hd":false},{"ty":"tr","p":{"a":0,"k":[491.53,348.33],"ix":2},"a":{"a":0,"k":[0,0],"ix":1},"s":{"a":0,"k":[100,100],"ix":3},"r":{"a":0,"k":0,"ix":6},"o":{"a":0,"k":100,"ix":7},"sk":{"a":0,"k":0,"ix":4},"sa":{"a":0,"k":0,"ix":5},"nm":"Transform"}],"nm":"Group 2","np":2,"cix":2,"bm":0,"ix":2,"mn":"ADBE Vector Group","hd":false},{"ty":"gr","it":[{"ind":0,"ty":"sh","ix":1,"ks":{"a":1,"k":[{"i":{"x":0.667,"y":1},"o":{"x":0.167,"y":0.167},"t":0,"s":[{"i":[[0,0],[0,0],[-50.32,-62.96],[-307.68,126.24],[14.88,52.64],[83.52,28.32]],"o":[[0,0],[0,0],[44.96,56.239],[365.28,-149.84],[-19.84,-70.08],[-83.52,-28.32]],"v":[[-404.44,5.76],[-474.44,71.52],[-424.28,209.92],[109.32,242.4],[445.8,-203.36],[308.84,-340.32]],"c":true}]},{"i":{"x":0.833,"y":0.833},"o":{"x":0.333,"y":0},"t":10,"s":[{"i":[[0,0],[0,0],[-49.632,-57.535],[-312.056,114.724],[14.904,47.155],[84.529,25.691]],"o":[[0,0],[0,0],[45.499,52.744],[369.505,-135.845],[-19.845,-62.787],[-84.529,-25.691]],"v":[[-407.072,6.532],[-478.25,65.075],[-426.645,201.058],[112.665,220.425],[456.847,-176.097],[317.004,-300.116]],"c":true}]},{"i":{"x":0.833,"y":0.833},"o":{"x":0.167,"y":0.167},"t":32,"s":[{"i":[[0,0],[0,0],[-47.211,-81.474],[-318.762,94.258],[12.153,63.315],[83.038,46.88]],"o":[[0,0],[0,0],[42.441,73.092],[378.206,-111.819],[-16.182,-84.302],[-83.038,-46.88]],"v":[[-401.772,-43.783],[-476.374,20.284],[-440.598,177.02],[98.712,286.848],[465.136,-147.81],[340.277,-322.426]],"c":true}]},{"i":{"x":0.667,"y":1},"o":{"x":0.167,"y":0.167},"t":48,"s":[{"i":[[0,0],[0,0],[-50.32,-62.96],[-307.68,126.24],[14.88,52.64],[83.52,28.32]],"o":[[0,0],[0,0],[44.96,56.239],[365.28,-149.84],[-19.84,-70.08],[-83.52,-28.32]],"v":[[-404.44,5.76],[-474.44,71.52],[-424.28,209.92],[109.32,242.4],[445.8,-203.36],[308.84,-340.32]],"c":true}]},{"i":{"x":0.34,"y":1},"o":{"x":0.333,"y":0},"t":58,"s":[{"i":[[0,0],[0,0],[-49.632,-57.535],[-312.056,114.724],[14.904,47.155],[84.529,25.691]],"o":[[0,0],[0,0],[45.499,52.744],[369.505,-135.845],[-19.845,-62.787],[-84.529,-25.691]],"v":[[-407.072,6.532],[-478.25,65.075],[-426.645,201.058],[112.665,220.425],[456.847,-176.097],[317.004,-300.116]],"c":true}]},{"i":{"x":0.833,"y":0.833},"o":{"x":0.66,"y":0},"t":80,"s":[{"i":[[0,0],[0,0],[-46.494,-88.569],[-320.75,88.192],[11.338,68.104],[82.596,53.16]],"o":[[0,0],[0,0],[41.535,79.122],[380.784,-104.699],[-15.096,-90.678],[-82.596,-53.16]],"v":[[-400.201,-58.694],[-475.818,7.01],[-444.733,169.896],[94.578,306.533],[467.592,-139.427],[347.174,-329.037]],"c":true}]},{"t":96,"s":[{"i":[[0,0],[0,0],[-50.32,-62.96],[-307.68,126.24],[14.88,52.64],[83.52,28.32]],"o":[[0,0],[0,0],[44.96,56.239],[365.28,-149.84],[-19.84,-70.08],[-83.52,-28.32]],"v":[[-404.44,5.76],[-474.44,71.52],[-424.28,209.92],[109.32,242.4],[445.8,-203.36],[308.84,-340.32]],"c":true}]}],"ix":2},"nm":"Path 1","mn":"ADBE Vector Shape - Group","hd":false},{"ty":"fl","c":{"a":0,"k":[0.118000000598,0.525,1,1],"ix":4},"o":{"a":0,"k":100,"ix":5},"r":1,"bm":0,"nm":"Fill 1","mn":"ADBE Vector Graphic - Fill","hd":false},{"ty":"tr","p":{"a":0,"k":[518.05,419.21],"ix":2},"a":{"a":0,"k":[0,0],"ix":1},"s":{"a":0,"k":[100,100],"ix":3},"r":{"a":0,"k":0,"ix":6},"o":{"a":0,"k":100,"ix":7},"sk":{"a":0,"k":0,"ix":4},"sa":{"a":0,"k":0,"ix":5},"nm":"Transform"}],"nm":"Group 3","np":2,"cix":2,"bm":0,"ix":3,"mn":"ADBE Vector Group","hd":false}],"ip":0,"op":48,"st":0,"bm":0}],"markers":[{"tm":0,"cm":"rest","dr":0}]}