{"v":"5.8.1","fr":60,"ip":0,"op":80,"w":1024,"h":1024,"nm":"emoji_bellhop remap","ddd":0,"assets":[{"id":"comp_0","nm":"emoji_bellhop","fr":60,"layers":[{"ddd":0,"ind":1,"ty":4,"nm":"button","parent":2,"sr":1,"ks":{"o":{"a":0,"k":100,"ix":11},"r":{"a":0,"k":0,"ix":10},"p":{"a":1,"k":[{"i":{"x":0,"y":1},"o":{"x":0.333,"y":0},"t":12,"s":[103.187,90.99,0],"to":[0,17.667,0],"ti":[0,-17.667,0]},{"i":{"x":0,"y":0},"o":{"x":1,"y":1},"t":16,"s":[103.187,196.99,0],"to":[0,0,0],"ti":[0,0,0]},{"i":{"x":0.667,"y":1},"o":{"x":1,"y":0},"t":20,"s":[103.187,196.99,0],"to":[0,-21.667,0],"ti":[0,16.667,0]},{"i":{"x":0.667,"y":1},"o":{"x":0.333,"y":0},"t":34,"s":[103.187,66.99,0],"to":[0,-16.667,0],"ti":[0,-3.667,0]},{"i":{"x":0.667,"y":1},"o":{"x":0.333,"y":0},"t":42,"s":[103.187,96.99,0],"to":[0,3.667,0],"ti":[0,1,0]},{"i":{"x":0.667,"y":1},"o":{"x":0.333,"y":0},"t":48,"s":[103.187,88.99,0],"to":[0,-1,0],"ti":[0,-0.333,0]},{"t":54,"s":[103.187,90.99,0]}],"ix":2,"l":2},"a":{"a":0,"k":[103.187,90.99,0],"ix":1,"l":2},"s":{"a":0,"k":[100,100,100],"ix":6,"l":2}},"ao":0,"shapes":[{"ty":"gr","it":[{"ind":0,"ty":"sh","ix":1,"ks":{"a":1,"k":[{"i":{"x":0,"y":1},"o":{"x":0.333,"y":0},"t":12,"s":[{"i":[[3.814,3.178],[0,0],[-3.257,5.483],[-17.242,-0.476],[6.993,-8.025],[14.938,-8.502]],"o":[[0,0],[-4.847,-4.052],[9.455,-15.812],[21.374,0.716],[-7.469,8.661],[-4.37,2.543]],"v":[[-29.836,17.917],[-29.836,17.917],[-29.121,2.82],[12.197,-20.779],[27.69,0.835],[-16.409,18.711]],"c":true}]},{"i":{"x":0,"y":1},"o":{"x":1,"y":0},"t":16,"s":[{"i":[[2.106,4.496],[0,0],[-5.159,3.749],[-17.248,-6.362],[9.008,-7.725],[23.698,-3.934]],"o":[[0,0],[-2.671,-5.725],[16.721,-12.151],[20.252,7.138],[-7.469,8.661],[-5.036,0.45]],"v":[[-16.823,0.129],[-16.823,0.129],[-9.773,-13.24],[57.447,-19.529],[69.94,3.585],[-4.999,6.543]],"c":true}]},{"i":{"x":0.667,"y":1},"o":{"x":1,"y":0},"t":20,"s":[{"i":[[2.106,4.496],[0,0],[-5.159,3.749],[-17.248,-6.362],[9.008,-7.725],[23.698,-3.934]],"o":[[0,0],[-2.671,-5.725],[16.721,-12.151],[20.252,7.138],[-7.469,8.661],[-5.036,0.45]],"v":[[-16.823,0.129],[-16.823,0.129],[-9.773,-13.24],[57.447,-19.529],[69.94,3.585],[-4.999,6.543]],"c":true}]},{"t":34,"s":[{"i":[[3.814,3.178],[0,0],[-3.257,5.483],[-17.242,-0.476],[6.993,-8.025],[14.938,-8.502]],"o":[[0,0],[-4.847,-4.052],[9.455,-15.812],[21.374,0.716],[-7.469,8.661],[-4.37,2.543]],"v":[[-29.836,17.917],[-29.836,17.917],[-29.121,2.82],[12.197,-20.779],[27.69,0.835],[-16.409,18.711]],"c":true}]}],"ix":2},"nm":"Path 1","mn":"ADBE Vector Shape - Group","hd":false},{"ty":"fl","c":{"a":0,"k":[1,0.961000031116,0.616000007181,1],"ix":4},"o":{"a":0,"k":100,"ix":5},"r":1,"bm":0,"nm":"Fill 1","mn":"ADBE Vector Graphic - Fill","hd":false},{"ty":"tr","p":{"a":0,"k":[66.002,33.344],"ix":2},"a":{"a":0,"k":[0,0],"ix":1},"s":{"a":0,"k":[100,100],"ix":3},"r":{"a":0,"k":0,"ix":6},"o":{"a":0,"k":100,"ix":7},"sk":{"a":0,"k":0,"ix":4},"sa":{"a":0,"k":0,"ix":5},"nm":"Transform"}],"nm":"Group 1","np":2,"cix":2,"bm":0,"ix":1,"mn":"ADBE Vector Group","hd":false},{"ty":"gr","it":[{"ind":0,"ty":"sh","ix":1,"ks":{"a":0,"k":{"i":[[78.424,0],[0,-7.071],[-57.845,0],[0,11.76]],"o":[[-78.345,0],[0,11.76],[57.845,0],[0.079,-6.992]],"v":[[0.994,-39.451],[-102.936,18.633],[-0.039,39.451],[102.858,18.633]],"c":true},"ix":2},"nm":"Path 1","mn":"ADBE Vector Shape - Group","hd":false},{"ty":"fl","c":{"a":0,"k":[1,0.791999966491,0.156999999402,1],"ix":4},"o":{"a":0,"k":100,"ix":5},"r":1,"bm":0,"nm":"Fill 1","mn":"ADBE Vector Graphic - Fill","hd":false},{"ty":"tr","p":{"a":0,"k":[103.187,39.7],"ix":2},"a":{"a":0,"k":[0,0],"ix":1},"s":{"a":0,"k":[100,100],"ix":3},"r":{"a":0,"k":0,"ix":6},"o":{"a":0,"k":100,"ix":7},"sk":{"a":0,"k":0,"ix":4},"sa":{"a":0,"k":0,"ix":5},"nm":"Transform"}],"nm":"Group 2","np":2,"cix":2,"bm":0,"ix":2,"mn":"ADBE Vector Group","hd":false},{"ty":"gr","it":[{"ind":0,"ty":"sh","ix":1,"ks":{"a":0,"k":{"i":[[0,0],[0.318,0],[17.878,-4.609],[0,0],[-56.097,0],[-8.899,12.237]],"o":[[-17.083,-7.072],[-27.889,0],[0,0],[8.025,11.84],[56.097,0],[0,0]],"v":[[102.937,-26.38],[-5.681,-33.452],[-102.937,-26.38],[-100.235,12.633],[-0.516,33.452],[99.203,12.633]],"c":true},"ix":2},"nm":"Path 1","mn":"ADBE Vector Shape - Group","hd":false},{"ty":"fl","c":{"a":0,"k":[0.620000023935,0.455000005984,0.043000000598,1],"ix":4},"o":{"a":0,"k":100,"ix":5},"r":1,"bm":0,"nm":"Fill 1","mn":"ADBE Vector Graphic - Fill","hd":false},{"ty":"tr","p":{"a":0,"k":[103.187,84.793],"ix":2},"a":{"a":0,"k":[0,0],"ix":1},"s":{"a":0,"k":[100,100],"ix":3},"r":{"a":0,"k":0,"ix":6},"o":{"a":0,"k":100,"ix":7},"sk":{"a":0,"k":0,"ix":4},"sa":{"a":0,"k":0,"ix":5},"nm":"Transform"}],"nm":"Group 3","np":2,"cix":2,"bm":0,"ix":3,"mn":"ADBE Vector Group","hd":false}],"ip":0,"op":56,"st":0,"bm":0},{"ddd":0,"ind":2,"ty":4,"nm":"button base","sr":1,"ks":{"o":{"a":0,"k":100,"ix":11},"r":{"a":0,"k":0,"ix":10},"p":{"a":1,"k":[{"i":{"x":0.667,"y":0.667},"o":{"x":1,"y":1},"t":12,"s":[512.487,186.037,0],"to":[0,0,0],"ti":[0,0,0]},{"i":{"x":0.585,"y":1},"o":{"x":0.387,"y":0},"t":20,"s":[512.487,186.037,0],"to":[0,-0.112,0],"ti":[0,0,0]},{"i":{"x":0.667,"y":1},"o":{"x":0.333,"y":0},"t":34,"s":[512.487,174.037,0],"to":[0,0,0],"ti":[0,-2,0]},{"t":42,"s":[512.487,186.037,0]}],"ix":2,"l":2},"a":{"a":0,"k":[103.187,90.99,0],"ix":1,"l":2},"s":{"a":0,"k":[100,100,100],"ix":6,"l":2}},"ao":0,"shapes":[{"ty":"gr","it":[{"ind":0,"ty":"sh","ix":1,"ks":{"a":1,"k":[{"i":{"x":0.833,"y":0.833},"o":{"x":0.333,"y":0},"t":12,"s":[{"i":[[0,0],[0,0],[0,0],[-27.254,0],[0,0],[0,0]],"o":[[0,0],[0,0],[0,0],[27.174,0],[0,0],[0,0]],"v":[[34.325,-63.487],[-34.405,-63.487],[-34.405,53.474],[0,63.487],[34.405,53.474],[34.405,-63.487]],"c":true}]},{"i":{"x":0.833,"y":0.833},"o":{"x":0.167,"y":0.167},"t":14,"s":[{"i":[[0,0],[0,0],[0,0],[-27.254,0],[0,0],[0,0]],"o":[[0,0],[0,0],[0,0],[27.174,0],[0,0],[0,0]],"v":[[34.218,6.637],[-34.512,6.637],[-34.405,53.474],[0,63.487],[34.405,53.474],[34.298,6.637]],"c":true}]},{"i":{"x":0.667,"y":1},"o":{"x":0.167,"y":0.167},"t":16,"s":[{"i":[[0,0],[0,0],[0,0],[-27.254,0],[0,0],[0,0]],"o":[[0,0],[0,0],[0,0],[27.174,0],[0,0],[0,0]],"v":[[34.03,19.513],[-34.7,19.513],[-34.405,53.474],[0,63.487],[34.405,53.474],[34.11,19.513]],"c":true}]},{"i":{"x":0.833,"y":0.833},"o":{"x":1,"y":0},"t":20,"s":[{"i":[[0,0],[0,0],[0,0],[-27.254,0],[0,0],[0,0]],"o":[[0,0],[0,0],[0,0],[27.174,0],[0,0],[0,0]],"v":[[34.325,16.513],[-34.405,16.513],[-34.405,53.474],[0,63.487],[34.405,53.474],[34.405,16.513]],"c":true}]},{"i":{"x":0.833,"y":0.833},"o":{"x":0.167,"y":0.167},"t":24,"s":[{"i":[[0,0],[0,0],[0,0],[-27.254,0],[0,0],[0,0]],"o":[[0,0],[0,0],[0,0],[27.174,0],[0,0],[0,0]],"v":[[34.325,43.285],[-34.405,43.285],[-34.405,96.363],[0,106.375],[34.405,96.363],[34.405,43.285]],"c":true}]},{"i":{"x":0.833,"y":0.833},"o":{"x":0.167,"y":0.167},"t":26,"s":[{"i":[[0,0],[0,0],[0,0],[-27.254,0],[0,0],[0,0]],"o":[[0,0],[0,0],[0,0],[27.174,0],[0,0],[0,0]],"v":[[34.325,-11.013],[-34.405,-11.013],[-34.405,98.475],[0,108.487],[34.405,98.475],[34.405,-11.013]],"c":true}]},{"i":{"x":0.833,"y":0.833},"o":{"x":0.167,"y":0.167},"t":28,"s":[{"i":[[0,0],[0,0],[0,0],[-27.254,0],[0,0],[0,0]],"o":[[0,0],[0,0],[0,0],[27.174,0],[0,0],[0,0]],"v":[[34.325,-11.263],[-34.405,-11.263],[-34.405,96.225],[0,106.237],[34.405,96.225],[34.405,-11.263]],"c":true}]},{"i":{"x":0.833,"y":0.833},"o":{"x":0.167,"y":0.167},"t":30,"s":[{"i":[[0,0],[0,0],[0,0],[-27.254,0],[0,0],[0,0]],"o":[[0,0],[0,0],[0,0],[27.174,0],[0,0],[0,0]],"v":[[34.325,-16.513],[-34.405,-16.513],[-34.405,88.975],[0,98.987],[34.405,88.975],[34.405,-16.513]],"c":true}]},{"i":{"x":0.667,"y":1},"o":{"x":0.167,"y":0.167},"t":34,"s":[{"i":[[0,0],[0,0],[0,0],[-27.254,0],[0,0],[0,0]],"o":[[0,0],[0,0],[0,0],[27.174,0],[0,0],[0,0]],"v":[[34.325,-52.013],[-34.405,-52.013],[-34.405,49.475],[0,59.487],[34.405,49.475],[34.405,-52.013]],"c":true}]},{"t":42,"s":[{"i":[[0,0],[0,0],[0,0],[-27.254,0],[0,0],[0,0]],"o":[[0,0],[0,0],[0,0],[27.174,0],[0,0],[0,0]],"v":[[34.325,-63.487],[-34.405,-63.487],[-34.405,53.474],[0,63.487],[34.405,53.474],[34.405,-63.487]],"c":true}]}],"ix":2},"nm":"Path 1","mn":"ADBE Vector Shape - Group","hd":false},{"ty":"fl","c":{"a":0,"k":[0.620000023935,0.455000005984,0.043000000598,1],"ix":4},"o":{"a":0,"k":100,"ix":5},"r":1,"bm":0,"nm":"Fill 1","mn":"ADBE Vector Graphic - Fill","hd":false},{"ty":"tr","p":{"a":0,"k":[103.307,118.244],"ix":2},"a":{"a":0,"k":[0,0],"ix":1},"s":{"a":0,"k":[100,100],"ix":3},"r":{"a":0,"k":0,"ix":6},"o":{"a":0,"k":100,"ix":7},"sk":{"a":0,"k":0,"ix":4},"sa":{"a":0,"k":0,"ix":5},"nm":"Transform"}],"nm":"Group 4","np":2,"cix":2,"bm":0,"ix":1,"mn":"ADBE Vector Group","hd":false}],"ip":0,"op":56,"st":0,"bm":0},{"ddd":0,"ind":4,"ty":4,"nm":"shine","sr":1,"ks":{"o":{"a":0,"k":100,"ix":11},"r":{"a":1,"k":[{"i":{"x":[0],"y":[1]},"o":{"x":[0.333],"y":[0]},"t":14,"s":[0]},{"i":{"x":[0],"y":[1]},"o":{"x":[0.333],"y":[0]},"t":20,"s":[14]},{"i":{"x":[0.667],"y":[1]},"o":{"x":[1],"y":[0]},"t":24,"s":[14]},{"i":{"x":[0.667],"y":[1]},"o":{"x":[0.333],"y":[0]},"t":34,"s":[1]},{"t":42,"s":[0]}],"ix":10},"p":{"a":1,"k":[{"i":{"x":0,"y":1},"o":{"x":0.333,"y":0},"t":14,"s":[344.555,382.455,0],"to":[1,2.333,0],"ti":[-1,-2.333,0]},{"i":{"x":0,"y":0},"o":{"x":0.333,"y":0.333},"t":20,"s":[350.555,396.455,0],"to":[0,0,0],"ti":[0,0,0]},{"i":{"x":0.667,"y":1},"o":{"x":1,"y":0},"t":24,"s":[350.555,396.455,0],"to":[1,-7.333,0],"ti":[1,2.333,0]},{"i":{"x":0.667,"y":1},"o":{"x":0.333,"y":0},"t":34,"s":[356.555,352.455,0],"to":[-1,-2.333,0],"ti":[2,-5,0]},{"t":42,"s":[344.555,382.455,0]}],"ix":2,"l":2},"a":{"a":0,"k":[81.297,74.781,0],"ix":1,"l":2},"s":{"a":0,"k":[100,100,100],"ix":6,"l":2}},"ao":0,"shapes":[{"ty":"gr","it":[{"ind":0,"ty":"sh","ix":1,"ks":{"a":0,"k":{"i":[[5.403,6.992],[0,0],[-3.337,7.548],[-55.143,14.62],[-3.019,-9.534],[0,0],[11.839,-3.258],[21.93,-27.81]],"o":[[0,0],[-5.085,-6.515],[20.977,-47.277],[9.694,-2.623],[0,0],[3.735,11.68],[-37.186,10.25],[-5.483,6.912]],"v":[[-59.831,67.301],[-74.77,48.39],[-77.71,25.586],[42.828,-71.908],[65.632,-59.275],[77.312,-23.201],[62.294,3.815],[-38.298,67.619]],"c":true},"ix":2},"nm":"Path 1","mn":"ADBE Vector Shape - Group","hd":false},{"ty":"fl","c":{"a":0,"k":[1,0.961000031116,0.616000007181,1],"ix":4},"o":{"a":0,"k":100,"ix":5},"r":1,"bm":0,"nm":"Fill 1","mn":"ADBE Vector Graphic - Fill","hd":false},{"ty":"tr","p":{"a":0,"k":[81.296,74.781],"ix":2},"a":{"a":0,"k":[0,0],"ix":1},"s":{"a":0,"k":[100,100],"ix":3},"r":{"a":0,"k":0,"ix":6},"o":{"a":0,"k":100,"ix":7},"sk":{"a":0,"k":0,"ix":4},"sa":{"a":0,"k":0,"ix":5},"nm":"Transform"}],"nm":"Group 1","np":2,"cix":2,"bm":0,"ix":1,"mn":"ADBE Vector Group","hd":false}],"ip":0,"op":56,"st":0,"bm":0},{"ddd":0,"ind":5,"ty":4,"nm":"matte","td":1,"sr":1,"ks":{"o":{"a":0,"k":100,"ix":11},"r":{"a":0,"k":0,"ix":10},"p":{"a":1,"k":[{"i":{"x":0,"y":1},"o":{"x":0.333,"y":0},"t":14,"s":[512.527,490.836,0],"to":[-6.667,6.667,0],"ti":[6.667,-6.667,0]},{"i":{"x":0,"y":0},"o":{"x":1,"y":1},"t":20,"s":[472.527,530.836,0],"to":[0,0,0],"ti":[0,0,0]},{"i":{"x":0.667,"y":1},"o":{"x":1,"y":0},"t":24,"s":[472.527,530.836,0],"to":[9.667,-10.667,0],"ti":[-6.667,6.667,0]},{"i":{"x":0.833,"y":1},"o":{"x":0.167,"y":0},"t":34,"s":[530.527,466.836,0],"to":[6.667,-6.667,0],"ti":[3,-4,0]},{"t":42,"s":[512.527,490.836,0]}],"ix":2,"l":2},"a":{"a":0,"k":[403.576,235.444,0],"ix":1,"l":2},"s":{"a":0,"k":[100,100,100],"ix":6,"l":2}},"ao":0,"shapes":[{"ty":"gr","it":[{"ind":0,"ty":"sh","ix":1,"ks":{"a":1,"k":[{"i":{"x":0,"y":1},"o":{"x":0.333,"y":0},"t":14,"s":[{"i":[[24.352,12.466],[315.117,0],[6.038,-79.024],[0,-18.463],[-226.851,0],[0,46.006]],"o":[[-5.51,-76.793],[-312.686,0],[-22.374,12.011],[0,46.006],[226.851,0],[0,-19.436]],"v":[[362.451,107.72],[0,-235.194],[-362.318,105.862],[-403.326,153.67],[0,235.194],[403.326,153.67]],"c":true}]},{"i":{"x":0,"y":1},"o":{"x":1,"y":0},"t":20,"s":[{"i":[[26.61,11.334],[344.356,0],[6.598,-71.852],[0,-16.787],[-247.9,0],[0,41.831]],"o":[[-6.021,-69.823],[-341.7,0],[-24.45,10.92],[0,41.831],[247.899,0],[0,-17.672]],"v":[[433.508,76.598],[37.426,-235.194],[-358.511,74.909],[-403.326,118.377],[37.426,192.502],[478.174,118.377]],"c":true}]},{"i":{"x":0.667,"y":1},"o":{"x":1,"y":0},"t":24,"s":[{"i":[[26.61,11.334],[344.356,0],[6.598,-71.852],[0,-16.787],[-247.9,0],[0,41.831]],"o":[[-6.021,-69.823],[-341.7,0],[-24.45,10.92],[0,41.831],[247.899,0],[0,-17.672]],"v":[[433.508,76.598],[37.426,-235.194],[-358.511,74.909],[-403.326,118.377],[37.426,192.502],[478.174,118.377]],"c":true}]},{"i":{"x":0.833,"y":1},"o":{"x":0.167,"y":0},"t":34,"s":[{"i":[[23.183,13.059],[299.995,0],[5.748,-82.779],[0,-19.34],[-215.965,0],[0,48.192]],"o":[[-5.246,-80.441],[-297.681,0],[-21.301,12.581],[0,48.192],[215.965,0],[0,-20.361]],"v":[[325.705,124.014],[-19.353,-235.194],[-364.284,122.069],[-403.325,172.148],[-19.353,257.545],[364.618,172.148]],"c":true}]},{"t":42,"s":[{"i":[[24.352,12.466],[315.117,0],[6.038,-79.024],[0,-18.463],[-226.851,0],[0,46.006]],"o":[[-5.51,-76.793],[-312.686,0],[-22.374,12.011],[0,46.006],[226.851,0],[0,-19.436]],"v":[[362.451,107.72],[0,-235.194],[-362.318,105.862],[-403.326,153.67],[0,235.194],[403.326,153.67]],"c":true}]}],"ix":2},"nm":"Path 1","mn":"ADBE Vector Shape - Group","hd":false},{"ty":"fl","c":{"a":0,"k":[1,0.791999966491,0.156999999402,1],"ix":4},"o":{"a":0,"k":100,"ix":5},"r":1,"bm":0,"nm":"Fill 1","mn":"ADBE Vector Graphic - Fill","hd":false},{"ty":"tr","p":{"a":0,"k":[403.576,235.444],"ix":2},"a":{"a":0,"k":[0,0],"ix":1},"s":{"a":0,"k":[100,100],"ix":3},"r":{"a":0,"k":0,"ix":6},"o":{"a":0,"k":100,"ix":7},"sk":{"a":0,"k":0,"ix":4},"sa":{"a":0,"k":0,"ix":5},"nm":"Transform"}],"nm":"Group 1","np":2,"cix":2,"bm":0,"ix":1,"mn":"ADBE Vector Group","hd":false}],"ip":0,"op":56,"st":0,"bm":0},{"ddd":0,"ind":6,"ty":4,"nm":"line","tt":1,"sr":1,"ks":{"o":{"a":0,"k":100,"ix":11},"r":{"a":0,"k":0,"ix":10},"p":{"a":0,"k":[512.567,610.498,0],"ix":2,"l":2},"a":{"a":0,"k":[362.059,47.289,0],"ix":1,"l":2},"s":{"a":0,"k":[100,100,100],"ix":6,"l":2}},"ao":0,"shapes":[{"ty":"gr","it":[{"ind":0,"ty":"sh","ix":1,"ks":{"a":1,"k":[{"i":{"x":0,"y":1},"o":{"x":0.333,"y":0},"t":14,"s":[{"i":[[280.246,0],[0,0],[0,0],[-266.977,0],[-0.795,0.636],[0,0]],"o":[[-279.928,0],[0,0],[7.31,3.258],[266.341,0],[0,0],[0,0]],"v":[[2.9,47.039],[-361.809,-14.144],[-358.472,-47.039],[2.9,15.256],[358.472,-46.642],[361.809,-11.998]],"c":true}]},{"i":{"x":0.833,"y":1},"o":{"x":1,"y":0},"t":20,"s":[{"i":[[280.246,0],[0,0],[0,0],[-266.977,0],[-0.795,0.636],[0,0]],"o":[[-279.928,0],[0,0],[7.31,3.258],[266.341,0],[0,0],[0,0]],"v":[[2.9,52.039],[-401.809,-3.144],[-398.472,-36.039],[2.9,20.256],[392.472,-36.642],[395.809,-1.998]],"c":true}]},{"i":{"x":0.833,"y":1},"o":{"x":1,"y":0},"t":24,"s":[{"i":[[280.246,0],[0,0],[0,0],[-266.977,0],[-0.795,0.636],[0,0]],"o":[[-279.928,0],[0,0],[7.31,3.258],[266.341,0],[0,0],[0,0]],"v":[[2.9,52.039],[-401.809,-3.144],[-398.472,-36.039],[2.9,20.256],[392.472,-36.642],[395.809,-1.998]],"c":true}]},{"i":{"x":0.667,"y":1},"o":{"x":0.167,"y":0},"t":34,"s":[{"i":[[280.246,0],[0,0],[0,0],[-266.977,0],[-0.795,0.636],[0,0]],"o":[[-279.928,0],[0,0],[7.31,3.258],[266.341,0],[0,0],[0,0]],"v":[[2.9,41.039],[-384.809,-45.144],[-381.472,-78.039],[2.9,9.256],[387.472,-80.642],[390.809,-45.998]],"c":true}]},{"t":42,"s":[{"i":[[280.246,0],[0,0],[0,0],[-266.977,0],[-0.795,0.636],[0,0]],"o":[[-279.928,0],[0,0],[7.31,3.258],[266.341,0],[0,0],[0,0]],"v":[[2.9,47.039],[-361.809,-14.144],[-358.472,-47.039],[2.9,15.256],[358.472,-46.642],[361.809,-11.998]],"c":true}]}],"ix":2},"nm":"Path 1","mn":"ADBE Vector Shape - Group","hd":false},{"ty":"fl","c":{"a":0,"k":[0.885999971278,0.651000019148,0.063000002094,1],"ix":4},"o":{"a":0,"k":100,"ix":5},"r":1,"bm":0,"nm":"Fill 1","mn":"ADBE Vector Graphic - Fill","hd":false},{"ty":"tr","p":{"a":0,"k":[362.059,47.289],"ix":2},"a":{"a":0,"k":[0,0],"ix":1},"s":{"a":0,"k":[100,100],"ix":3},"r":{"a":0,"k":0,"ix":6},"o":{"a":0,"k":100,"ix":7},"sk":{"a":0,"k":0,"ix":4},"sa":{"a":0,"k":0,"ix":5},"nm":"Transform"}],"nm":"Group 1","np":2,"cix":2,"bm":0,"ix":1,"mn":"ADBE Vector Group","hd":false}],"ip":0,"op":56,"st":0,"bm":0},{"ddd":0,"ind":7,"ty":4,"nm":"bell","sr":1,"ks":{"o":{"a":0,"k":100,"ix":11},"r":{"a":0,"k":0,"ix":10},"p":{"a":1,"k":[{"i":{"x":0,"y":1},"o":{"x":0.333,"y":0},"t":14,"s":[512.527,490.836,0],"to":[-6.667,6.667,0],"ti":[6.667,-6.667,0]},{"i":{"x":0,"y":0},"o":{"x":1,"y":1},"t":20,"s":[472.527,530.836,0],"to":[0,0,0],"ti":[0,0,0]},{"i":{"x":0.667,"y":1},"o":{"x":1,"y":0},"t":24,"s":[472.527,530.836,0],"to":[9.667,-10.667,0],"ti":[-6.667,6.667,0]},{"i":{"x":0.833,"y":1},"o":{"x":0.167,"y":0},"t":34,"s":[530.527,466.836,0],"to":[6.667,-6.667,0],"ti":[3,-4,0]},{"t":42,"s":[512.527,490.836,0]}],"ix":2,"l":2},"a":{"a":0,"k":[403.576,235.444,0],"ix":1,"l":2},"s":{"a":0,"k":[100,100,100],"ix":6,"l":2}},"ao":0,"shapes":[{"ty":"gr","it":[{"ind":0,"ty":"sh","ix":1,"ks":{"a":1,"k":[{"i":{"x":0,"y":1},"o":{"x":0.333,"y":0},"t":14,"s":[{"i":[[24.352,12.466],[315.117,0],[6.038,-79.024],[0,-18.463],[-226.851,0],[0,46.006]],"o":[[-5.51,-76.793],[-312.686,0],[-22.374,12.011],[0,46.006],[226.851,0],[0,-19.436]],"v":[[362.451,107.72],[0,-235.194],[-362.318,105.862],[-403.326,153.67],[0,235.194],[403.326,153.67]],"c":true}]},{"i":{"x":0,"y":1},"o":{"x":1,"y":0},"t":20,"s":[{"i":[[26.61,11.334],[344.356,0],[6.598,-71.852],[0,-16.787],[-247.9,0],[0,41.831]],"o":[[-6.021,-69.823],[-341.7,0],[-24.45,10.92],[0,41.831],[247.899,0],[0,-17.672]],"v":[[433.508,76.598],[37.426,-235.194],[-358.511,74.909],[-403.326,118.377],[37.426,192.502],[478.174,118.377]],"c":true}]},{"i":{"x":0.667,"y":1},"o":{"x":1,"y":0},"t":24,"s":[{"i":[[26.61,11.334],[344.356,0],[6.598,-71.852],[0,-16.787],[-247.9,0],[0,41.831]],"o":[[-6.021,-69.823],[-341.7,0],[-24.45,10.92],[0,41.831],[247.899,0],[0,-17.672]],"v":[[433.508,76.598],[37.426,-235.194],[-358.511,74.909],[-403.326,118.377],[37.426,192.502],[478.174,118.377]],"c":true}]},{"i":{"x":0.833,"y":1},"o":{"x":0.167,"y":0},"t":34,"s":[{"i":[[23.183,13.059],[299.995,0],[5.748,-82.779],[0,-19.34],[-215.965,0],[0,48.192]],"o":[[-5.246,-80.441],[-297.681,0],[-21.301,12.581],[0,48.192],[215.965,0],[0,-20.361]],"v":[[325.705,124.014],[-19.353,-235.194],[-364.284,122.069],[-403.325,172.148],[-19.353,257.545],[364.618,172.148]],"c":true}]},{"t":42,"s":[{"i":[[24.352,12.466],[315.117,0],[6.038,-79.024],[0,-18.463],[-226.851,0],[0,46.006]],"o":[[-5.51,-76.793],[-312.686,0],[-22.374,12.011],[0,46.006],[226.851,0],[0,-19.436]],"v":[[362.451,107.72],[0,-235.194],[-362.318,105.862],[-403.326,153.67],[0,235.194],[403.326,153.67]],"c":true}]}],"ix":2},"nm":"Path 1","mn":"ADBE Vector Shape - Group","hd":false},{"ty":"fl","c":{"a":0,"k":[1,0.791999966491,0.156999999402,1],"ix":4},"o":{"a":0,"k":100,"ix":5},"r":1,"bm":0,"nm":"Fill 1","mn":"ADBE Vector Graphic - Fill","hd":false},{"ty":"tr","p":{"a":0,"k":[403.576,235.444],"ix":2},"a":{"a":0,"k":[0,0],"ix":1},"s":{"a":0,"k":[100,100],"ix":3},"r":{"a":0,"k":0,"ix":6},"o":{"a":0,"k":100,"ix":7},"sk":{"a":0,"k":0,"ix":4},"sa":{"a":0,"k":0,"ix":5},"nm":"Transform"}],"nm":"Group 1","np":2,"cix":2,"bm":0,"ix":1,"mn":"ADBE Vector Group","hd":false}],"ip":0,"op":56,"st":0,"bm":0},{"ddd":0,"ind":8,"ty":4,"nm":"base","sr":1,"ks":{"o":{"a":0,"k":100,"ix":11},"r":{"a":0,"k":0,"ix":10},"p":{"a":0,"k":[512.527,781.172,0],"ix":2,"l":2},"a":{"a":0,"k":[479.617,148.835,0],"ix":1,"l":2},"s":{"a":0,"k":[100,100,100],"ix":6,"l":2}},"ao":0,"shapes":[{"ty":"gr","it":[{"ind":0,"ty":"sh","ix":1,"ks":{"a":1,"k":[{"i":{"x":0.667,"y":1},"o":{"x":0.333,"y":0},"t":14,"s":[{"i":[[-222.048,0],[0,-35.326],[222.048,0],[0,35.325]],"o":[[222.048,0],[0,35.325],[-222.048,0],[0,-35.326]],"v":[[0,-63.964],[402.054,0.001],[0,63.964],[-402.054,0.001]],"c":true}]},{"i":{"x":0.667,"y":1},"o":{"x":0.333,"y":0},"t":20,"s":[{"i":[[-229.735,0],[0,-35.326],[229.735,0],[0,35.325]],"o":[[229.735,0],[0,35.325],[-229.735,0],[0,-35.326]],"v":[[0,-62.463],[415.973,1.501],[0,65.464],[-415.973,1.501]],"c":true}]},{"i":{"x":0.84,"y":1},"o":{"x":0.333,"y":0},"t":24,"s":[{"i":[[-229.735,0],[0,-35.326],[229.735,0],[0,35.325]],"o":[[229.735,0],[0,35.325],[-229.735,0],[0,-35.326]],"v":[[0,-62.463],[415.973,1.501],[0,65.464],[-415.973,1.501]],"c":true}]},{"i":{"x":0.84,"y":1},"o":{"x":0.333,"y":0},"t":34,"s":[{"i":[[-222.048,0],[0,-35.326],[222.048,0],[0,35.325]],"o":[[222.048,0],[0,35.325],[-222.048,0],[0,-35.326]],"v":[[0,-63.964],[402.054,0.001],[0,63.964],[-402.054,0.001]],"c":true}]},{"t":42,"s":[{"i":[[-222.048,0],[0,-35.326],[222.048,0],[0,35.325]],"o":[[222.048,0],[0,35.325],[-222.048,0],[0,-35.326]],"v":[[0,-63.964],[402.054,0.001],[0,63.964],[-402.054,0.001]],"c":true}]}],"ix":2},"nm":"Path 1","mn":"ADBE Vector Shape - Group","hd":false},{"ty":"fl","c":{"a":0,"k":[0.305999995213,0.204000001795,0.180000005984,1],"ix":4},"o":{"a":0,"k":100,"ix":5},"r":1,"bm":0,"nm":"Fill 1","mn":"ADBE Vector Graphic - Fill","hd":false},{"ty":"tr","p":{"a":0,"k":[479.616,64.214],"ix":2},"a":{"a":0,"k":[0,0],"ix":1},"s":{"a":0,"k":[96.893,100],"ix":3},"r":{"a":0,"k":0,"ix":6},"o":{"a":0,"k":100,"ix":7},"sk":{"a":0,"k":0,"ix":4},"sa":{"a":0,"k":0,"ix":5},"nm":"Transform"}],"nm":"Group 1","np":2,"cix":2,"bm":0,"ix":1,"mn":"ADBE Vector Group","hd":false},{"ty":"gr","it":[{"ind":0,"ty":"sh","ix":1,"ks":{"a":0,"k":{"i":[[-243.419,0],[0,-46.035],[243.419,0],[0,46.033]],"o":[[243.419,0],[0,46.033],[-243.419,0],[0,-46.035]],"v":[[0,-83.351],[440.75,0.001],[0,83.351],[-440.75,0.001]],"c":true},"ix":2},"nm":"Path 1","mn":"ADBE Vector Shape - Group","hd":false},{"ty":"fl","c":{"a":0,"k":[0.8,0.522000002394,0.322000002394,1],"ix":4},"o":{"a":0,"k":100,"ix":5},"r":1,"bm":0,"nm":"Fill 1","mn":"ADBE Vector Graphic - Fill","hd":false},{"ty":"tr","p":{"a":0,"k":[479.616,87.335],"ix":2},"a":{"a":0,"k":[0,0],"ix":1},"s":{"a":0,"k":[100,100],"ix":3},"r":{"a":0,"k":0,"ix":6},"o":{"a":0,"k":100,"ix":7},"sk":{"a":0,"k":0,"ix":4},"sa":{"a":0,"k":0,"ix":5},"nm":"Transform"}],"nm":"Group 2","np":2,"cix":2,"bm":0,"ix":2,"mn":"ADBE Vector Group","hd":false},{"ty":"gr","it":[{"ind":0,"ty":"sh","ix":1,"ks":{"a":0,"k":{"i":[[35.279,-32.021],[3.496,-44.656],[-229.949,0],[-19.944,38.537],[27.095,28.128]],"o":[[-30.988,28.128],[21.374,38.457],[230.665,0],[-3.099,-44.814],[-31.386,-32.656]],"v":[[-431.771,-97.415],[-479.366,46.563],[1.906,129.912],[479.366,46.72],[431.931,-97.256]],"c":true},"ix":2},"nm":"Path 1","mn":"ADBE Vector Shape - Group","hd":false},{"ty":"fl","c":{"a":0,"k":[0.545000023935,0.340999977261,0.219999994016,1],"ix":4},"o":{"a":0,"k":100,"ix":5},"r":1,"bm":0,"nm":"Fill 1","mn":"ADBE Vector Graphic - Fill","hd":false},{"ty":"tr","p":{"a":0,"k":[479.616,167.508],"ix":2},"a":{"a":0,"k":[0,0],"ix":1},"s":{"a":0,"k":[100,100],"ix":3},"r":{"a":0,"k":0,"ix":6},"o":{"a":0,"k":100,"ix":7},"sk":{"a":0,"k":0,"ix":4},"sa":{"a":0,"k":0,"ix":5},"nm":"Transform"}],"nm":"Group 3","np":2,"cix":2,"bm":0,"ix":3,"mn":"ADBE Vector Group","hd":false}],"ip":0,"op":56,"st":0,"bm":0},{"ddd":0,"ind":9,"ty":0,"nm":"ring","refId":"comp_1","sr":1,"ks":{"o":{"a":0,"k":100,"ix":11},"r":{"a":0,"k":0,"ix":10},"p":{"a":0,"k":[512,512,0],"ix":2,"l":2},"a":{"a":0,"k":[512,512,0],"ix":1,"l":2},"s":{"a":0,"k":[-100,100,100],"ix":6,"l":2}},"ao":0,"w":1024,"h":1024,"ip":0,"op":148,"st":0,"bm":0},{"ddd":0,"ind":10,"ty":0,"nm":"ring","refId":"comp_1","sr":1,"ks":{"o":{"a":0,"k":100,"ix":11},"r":{"a":0,"k":0,"ix":10},"p":{"a":0,"k":[512,512,0],"ix":2,"l":2},"a":{"a":0,"k":[512,512,0],"ix":1,"l":2},"s":{"a":0,"k":[100,100,100],"ix":6,"l":2}},"ao":0,"w":1024,"h":1024,"ip":0,"op":148,"st":0,"bm":0}]},{"id":"comp_1","nm":"ring","fr":60,"layers":[{"ddd":0,"ind":1,"ty":4,"nm":"Layer 5 Outlines 3","sr":1,"ks":{"o":{"a":0,"k":100,"ix":11},"r":{"a":0,"k":0,"ix":10},"p":{"a":1,"k":[{"i":{"x":0,"y":1},"o":{"x":0.167,"y":0.167},"t":18,"s":[537.885,314.098,0],"to":[-4,-6.333,0],"ti":[4,6.333,0]},{"t":28,"s":[513.885,276.098,0]}],"ix":2,"l":2},"a":{"a":0,"k":[429.449,110.334,0],"ix":1,"l":2},"s":{"a":0,"k":[100,100,100],"ix":6,"l":2}},"ao":0,"shapes":[{"ty":"gr","it":[{"ind":0,"ty":"sh","ix":1,"ks":{"a":0,"k":{"i":[[0,0],[16.132,-21.575]],"o":[[-24.063,6.488],[0,0]],"v":[[35.637,-24.768],[-35.637,24.768]],"c":false},"ix":2},"nm":"Path 1","mn":"ADBE Vector Shape - Group","hd":false},{"ty":"st","c":{"a":0,"k":[1,0.791999966491,0.156999999402,1],"ix":3},"o":{"a":0,"k":100,"ix":4},"w":{"a":1,"k":[{"i":{"x":[0.667],"y":[1]},"o":{"x":[1],"y":[0]},"t":18,"s":[23]},{"t":40,"s":[0]}],"ix":5},"lc":2,"lj":1,"ml":10,"bm":0,"nm":"Stroke 1","mn":"ADBE Vector Graphic - Stroke","hd":false},{"ty":"tr","p":{"a":0,"k":[142.314,128.984],"ix":2},"a":{"a":0,"k":[0,0],"ix":1},"s":{"a":0,"k":[100,100],"ix":3},"r":{"a":0,"k":0,"ix":6},"o":{"a":0,"k":100,"ix":7},"sk":{"a":0,"k":0,"ix":4},"sa":{"a":0,"k":0,"ix":5},"nm":"Transform"}],"nm":"Group 2","np":2,"cix":2,"bm":0,"ix":1,"mn":"ADBE Vector Group","hd":false}],"ip":18,"op":166,"st":18,"bm":0},{"ddd":0,"ind":2,"ty":4,"nm":"Layer 5 Outlines","sr":1,"ks":{"o":{"a":0,"k":100,"ix":11},"r":{"a":0,"k":0,"ix":10},"p":{"a":1,"k":[{"i":{"x":0,"y":1},"o":{"x":0.167,"y":0.167},"t":18,"s":[537.885,314.098,0],"to":[-4,-6.333,0],"ti":[4,6.333,0]},{"t":28,"s":[513.885,276.098,0]}],"ix":2,"l":2},"a":{"a":0,"k":[429.449,110.334,0],"ix":1,"l":2},"s":{"a":0,"k":[100,100,100],"ix":6,"l":2}},"ao":0,"shapes":[{"ty":"gr","it":[{"ind":0,"ty":"sh","ix":1,"ks":{"a":0,"k":{"i":[[0,0],[16.712,-18.029]],"o":[[-69.218,15.301],[0,0]],"v":[[65.339,-41.265],[-65.339,41.265]],"c":false},"ix":2},"nm":"Path 1","mn":"ADBE Vector Shape - Group","hd":false},{"ty":"st","c":{"a":0,"k":[1,0.791999966491,0.156999999402,1],"ix":3},"o":{"a":0,"k":100,"ix":4},"w":{"a":1,"k":[{"i":{"x":[0.667],"y":[1]},"o":{"x":[1],"y":[0]},"t":18,"s":[17]},{"t":32,"s":[0]}],"ix":5},"lc":2,"lj":1,"ml":10,"bm":0,"nm":"Stroke 1","mn":"ADBE Vector Graphic - Stroke","hd":false},{"ty":"tr","p":{"a":0,"k":[107.839,83.765],"ix":2},"a":{"a":0,"k":[0,0],"ix":1},"s":{"a":0,"k":[100,100],"ix":3},"r":{"a":0,"k":0,"ix":6},"o":{"a":0,"k":100,"ix":7},"sk":{"a":0,"k":0,"ix":4},"sa":{"a":0,"k":0,"ix":5},"nm":"Transform"}],"nm":"Group 1","np":2,"cix":2,"bm":0,"ix":1,"mn":"ADBE Vector Group","hd":false}],"ip":18,"op":166,"st":18,"bm":0}]}],"layers":[{"ddd":0,"ind":1,"ty":0,"nm":"emoji_bellhop","refId":"comp_0","sr":1,"ks":{"o":{"a":0,"k":100,"ix":11},"r":{"a":0,"k":0,"ix":10},"p":{"a":0,"k":[512,512,0],"ix":2,"l":2},"a":{"a":0,"k":[512,512,0],"ix":1,"l":2},"s":{"a":0,"k":[100,100,100],"ix":6,"l":2}},"ao":0,"w":1024,"h":1024,"ip":40,"op":80,"st":28,"bm":0},{"ddd":0,"ind":2,"ty":0,"nm":"emoji_bellhop","refId":"comp_0","sr":1,"ks":{"o":{"a":0,"k":100,"ix":11},"r":{"a":0,"k":0,"ix":10},"p":{"a":0,"k":[512,512,0],"ix":2,"l":2},"a":{"a":0,"k":[512,512,0],"ix":1,"l":2},"s":{"a":0,"k":[100,100,100],"ix":6,"l":2}},"ao":0,"w":1024,"h":1024,"ip":0,"op":40,"st":0,"bm":0}],"markers":[{"tm":79,"cm":"rest","dr":0}]}