{"v":"5.8.1","fr":60,"ip":0,"op":132,"w":1024,"h":1024,"nm":"emoji_Baby chick","ddd":0,"assets":[],"layers":[{"ddd":0,"ind":1,"ty":4,"nm":"eye","parent":4,"sr":1,"ks":{"o":{"a":0,"k":100,"ix":11},"r":{"a":1,"k":[{"i":{"x":[0.667],"y":[1]},"o":{"x":[1],"y":[0]},"t":24,"s":[0]},{"i":{"x":[0.667],"y":[1]},"o":{"x":[0.853],"y":[0]},"t":38,"s":[-62]},{"i":{"x":[0.528],"y":[1]},"o":{"x":[0.853],"y":[0]},"t":40,"s":[-62]},{"i":{"x":[0.667],"y":[1]},"o":{"x":[1],"y":[0]},"t":54,"s":[0]},{"i":{"x":[0.667],"y":[1]},"o":{"x":[0.602],"y":[0]},"t":68,"s":[-62]},{"i":{"x":[0.833],"y":[1]},"o":{"x":[0.602],"y":[0]},"t":70,"s":[-62]},{"t":82,"s":[0]}],"ix":10},"p":{"a":1,"k":[{"i":{"x":0.667,"y":1},"o":{"x":1,"y":0},"t":24,"s":[144.519,217.453,0],"to":[-20.142,35.67,0],"ti":[20.142,-35.67,0]},{"i":{"x":0.667,"y":0.667},"o":{"x":0.853,"y":0.853},"t":38,"s":[23.666,431.47,0],"to":[0,0,0],"ti":[0,0,0]},{"i":{"x":0.528,"y":1},"o":{"x":0.853,"y":0},"t":40,"s":[23.666,431.47,0],"to":[20.142,-35.67,0],"ti":[0,0,0]},{"i":{"x":0.667,"y":1},"o":{"x":1,"y":0},"t":54,"s":[144.519,217.453,0],"to":[0,0,0],"ti":[20.142,-35.67,0]},{"i":{"x":0.667,"y":0.667},"o":{"x":0.602,"y":0.602},"t":68,"s":[23.666,431.47,0],"to":[0,0,0],"ti":[0,0,0]},{"i":{"x":0.833,"y":1},"o":{"x":0.602,"y":0},"t":70,"s":[23.666,431.47,0],"to":[20.142,-35.67,0],"ti":[-20.142,35.67,0]},{"t":82,"s":[144.519,217.453,0]}],"ix":2,"l":2},"a":{"a":0,"k":[44.927,47.577,0],"ix":1,"l":2},"s":{"a":0,"k":[100,100,100],"ix":6,"l":2}},"ao":0,"shapes":[{"ty":"gr","it":[{"ind":0,"ty":"sh","ix":1,"ks":{"a":0,"k":{"i":[[-7.543,22.309],[-20.509,-6.934],[7.543,-22.309],[20.508,6.934]],"o":[[7.543,-22.308],[20.508,6.934],[-7.543,22.308],[-20.509,-6.935]],"v":[[-37.134,-12.556],[13.658,-40.393],[37.134,12.556],[-13.657,40.393]],"c":true},"ix":2},"nm":"Path 1","mn":"ADBE Vector Shape - Group","hd":false},{"ty":"fl","c":{"a":0,"k":[0.184000007779,0.187999994615,0.169000004787,1],"ix":4},"o":{"a":0,"k":100,"ix":5},"r":1,"bm":0,"nm":"Fill 1","mn":"ADBE Vector Graphic - Fill","hd":false},{"ty":"tr","p":{"a":0,"k":[44.927,47.577],"ix":2},"a":{"a":0,"k":[0,0],"ix":1},"s":{"a":0,"k":[100,100],"ix":3},"r":{"a":0,"k":0,"ix":6},"o":{"a":0,"k":100,"ix":7},"sk":{"a":0,"k":0,"ix":4},"sa":{"a":0,"k":0,"ix":5},"nm":"Transform"}],"nm":"Group 1","np":2,"cix":2,"bm":0,"ix":1,"mn":"ADBE Vector Group","hd":false}],"ip":0,"op":132,"st":0,"bm":0},{"ddd":0,"ind":2,"ty":4,"nm":"peak","parent":1,"sr":1,"ks":{"o":{"a":0,"k":100,"ix":11},"r":{"a":0,"k":0,"ix":10},"p":{"a":1,"k":[{"i":{"x":0.833,"y":0.833},"o":{"x":0.167,"y":0.167},"t":31,"s":[-135.342,79.174,0],"to":[0.265,0.04,0],"ti":[2.169,-0.281,0]},{"i":{"x":0.833,"y":0.833},"o":{"x":0.167,"y":0.167},"t":32,"s":[-138.297,79.77,0],"to":[-1.467,0.19,0],"ti":[0.916,-0.387,0]},{"i":{"x":0.833,"y":0.833},"o":{"x":0.167,"y":0.167},"t":33,"s":[-143.193,80.449,0],"to":[-1.536,0.648,0],"ti":[-0.675,-0.102,0]},{"i":{"x":0.833,"y":0.833},"o":{"x":0.167,"y":0.167},"t":34,"s":[-142.314,82.651,0],"to":[0.693,0.104,0],"ti":[-0.309,-0.047,0]},{"i":{"x":0.833,"y":0.833},"o":{"x":0.167,"y":0.167},"t":35,"s":[-129.01,80.127,0],"to":[0.413,0.062,0],"ti":[0.048,0.027,0]},{"i":{"x":0.833,"y":0.833},"o":{"x":0.167,"y":0.167},"t":36,"s":[-135.689,75.336,0],"to":[-0.074,-0.042,0],"ti":[-0.021,-0.099,0]},{"i":{"x":0.833,"y":0.833},"o":{"x":0.167,"y":0.167},"t":37,"s":[-129.01,80.127,0],"to":[0.034,0.163,0],"ti":[1.641,-0.289,0]},{"i":{"x":0.833,"y":0.833},"o":{"x":0.167,"y":0.167},"t":38,"s":[-135.904,81.343,0],"to":[-1.641,0.289,0],"ti":[-0.164,0.032,0]},{"i":{"x":0.833,"y":0.833},"o":{"x":0.167,"y":0.167},"t":42,"s":[-135.904,81.343,0],"to":[0.164,-0.032,0],"ti":[-0.163,0.036,0]},{"i":{"x":0.833,"y":0.833},"o":{"x":0.167,"y":0.167},"t":43,"s":[-133.95,80.915,0],"to":[0.163,-0.036,0],"ti":[-0.161,0.042,0]},{"i":{"x":0.833,"y":0.833},"o":{"x":0.167,"y":0.167},"t":44,"s":[-131.047,80.158,0],"to":[0.081,-0.021,0],"ti":[0.039,-0.014,0]},{"i":{"x":0.833,"y":0.833},"o":{"x":0.167,"y":0.167},"t":45,"s":[-130.095,79.854,0],"to":[-0.039,0.014,0],"ti":[-0.075,0.035,0]},{"i":{"x":0.833,"y":0.833},"o":{"x":0.167,"y":0.167},"t":46,"s":[-131.047,80.158,0],"to":[0.054,-0.026,0],"ti":[-2.359,-0.633,0]},{"i":{"x":0.833,"y":0.833},"o":{"x":0.167,"y":0.167},"t":47,"s":[-122.039,81.68,0],"to":[2.385,0.64,0],"ti":[0.014,-0.001,0]},{"i":{"x":0.833,"y":0.833},"o":{"x":0.167,"y":0.167},"t":48,"s":[-121.52,82.679,0],"to":[-0.011,0.001,0],"ti":[-0.02,0.041,0]},{"i":{"x":0.833,"y":0.833},"o":{"x":0.167,"y":0.167},"t":49,"s":[-131.047,80.158,0],"to":[0.01,-0.02,0],"ti":[4.152,-1.347,0]},{"i":{"x":0.833,"y":0.833},"o":{"x":0.167,"y":0.167},"t":50,"s":[-147.082,81.378,0],"to":[-3.487,1.131,0],"ti":[1.295,-0.027,0]},{"i":{"x":0.833,"y":0.833},"o":{"x":0.167,"y":0.167},"t":51,"s":[-147.58,85.154,0],"to":[-1.571,0.033,0],"ti":[0.33,0.07,0]},{"i":{"x":0.833,"y":0.833},"o":{"x":0.167,"y":0.167},"t":52,"s":[-140.724,80.297,0],"to":[-0.187,-0.039,0],"ti":[-1.804,0.184,0]},{"i":{"x":0.833,"y":0.833},"o":{"x":0.167,"y":0.167},"t":53,"s":[-136.31,79.778,0],"to":[1.803,-0.184,0],"ti":[0.185,0.037,0]},{"i":{"x":0.833,"y":0.833},"o":{"x":0.167,"y":0.167},"t":54,"s":[-133.883,79.485,0],"to":[-1.076,-0.217,0],"ti":[-0.481,-0.072,0]},{"i":{"x":0.833,"y":0.833},"o":{"x":0.167,"y":0.167},"t":57,"s":[-135.342,79.174,0],"to":[0.075,0.011,0],"ti":[0.088,0.013,0]},{"i":{"x":0.833,"y":0.833},"o":{"x":0.167,"y":0.167},"t":61,"s":[-133.412,79.322,0],"to":[-0.03,-0.005,0],"ti":[0.098,0.01,0]},{"i":{"x":0.833,"y":0.833},"o":{"x":0.167,"y":0.167},"t":63,"s":[-135.522,78.71,0],"to":[-0.019,-0.002,0],"ti":[0.018,0.001,0]},{"i":{"x":0.833,"y":0.833},"o":{"x":0.167,"y":0.167},"t":64,"s":[-132.939,80.13,0],"to":[-0.057,-0.004,0],"ti":[-1.327,0.316,0]},{"i":{"x":0.833,"y":0.833},"o":{"x":0.167,"y":0.167},"t":66,"s":[-133.689,80.817,0],"to":[0.859,-0.205,0],"ti":[0.069,0.02,0]},{"i":{"x":0.833,"y":0.833},"o":{"x":0.167,"y":0.167},"t":67,"s":[-128.459,79.023,0],"to":[-0.086,-0.025,0],"ti":[0.18,0.014,0]},{"i":{"x":0.833,"y":0.833},"o":{"x":0.167,"y":0.167},"t":68,"s":[-135.757,80.18,0],"to":[-0.108,-0.009,0],"ti":[0.082,0.015,0]},{"i":{"x":0.833,"y":0.833},"o":{"x":0.167,"y":0.167},"t":70,"s":[-136.042,80.145,0],"to":[-0.316,-0.057,0],"ti":[0.013,0.115,0]},{"i":{"x":0.833,"y":0.833},"o":{"x":0.167,"y":0.167},"t":74,"s":[-134.971,75.113,0],"to":[-0.005,-0.046,0],"ti":[0.366,0.279,0]},{"i":{"x":0.833,"y":0.833},"o":{"x":0.167,"y":0.167},"t":75,"s":[-134.924,74.365,0],"to":[-0.213,-0.162,0],"ti":[-0.968,0.852,0]},{"i":{"x":0.833,"y":0.833},"o":{"x":0.167,"y":0.167},"t":76,"s":[-135.852,73.786,0],"to":[1.748,-1.539,0],"ti":[0.043,-0.298,0]},{"i":{"x":0.833,"y":0.833},"o":{"x":0.167,"y":0.167},"t":77,"s":[-125.881,67.183,0],"to":[-0.036,0.251,0],"ti":[0.685,-0.911,0]},{"i":{"x":0.833,"y":0.833},"o":{"x":0.167,"y":0.167},"t":78,"s":[-129.352,67.094,0],"to":[-1.05,1.396,0],"ti":[1.064,-2.197,0]},{"i":{"x":0.833,"y":0.833},"o":{"x":0.167,"y":0.167},"t":81,"s":[-134.678,72.786,0],"to":[-1.538,3.177,0],"ti":[-0.095,-0.014,0]},{"t":84,"s":[-135.342,79.174,0]}],"ix":2,"l":2},"a":{"a":0,"k":[66.73,57.69,0],"ix":1,"l":2},"s":{"a":0,"k":[100,100,100],"ix":6,"l":2}},"ao":0,"shapes":[{"ty":"gr","it":[{"ind":0,"ty":"sh","ix":1,"ks":{"a":0,"k":{"i":[[-1.52,-21.04],[0,0],[0,46.56],[0,0]],"o":[[1.76,24.72],[0,0],[0,-46.56],[0,0]],"v":[[-64.96,1.84],[47.68,57.44],[66.48,1.84],[47.68,-57.44]],"c":true},"ix":2},"nm":"Path 1","mn":"ADBE Vector Shape - Group","hd":false},{"ty":"fl","c":{"a":0,"k":[0.980000035903,0.569000004787,0,1],"ix":4},"o":{"a":0,"k":100,"ix":5},"r":1,"bm":0,"nm":"Fill 1","mn":"ADBE Vector Graphic - Fill","hd":false},{"ty":"tr","p":{"a":0,"k":[66.73,57.69],"ix":2},"a":{"a":0,"k":[0,0],"ix":1},"s":{"a":0,"k":[100,100],"ix":3},"r":{"a":0,"k":0,"ix":6},"o":{"a":0,"k":100,"ix":7},"sk":{"a":0,"k":0,"ix":4},"sa":{"a":0,"k":0,"ix":5},"nm":"Transform"}],"nm":"Group 1","np":2,"cix":2,"bm":0,"ix":1,"mn":"ADBE Vector Group","hd":false}],"ip":0,"op":132,"st":0,"bm":0},{"ddd":0,"ind":3,"ty":4,"nm":"wing","parent":4,"sr":1,"ks":{"o":{"a":0,"k":100,"ix":11},"r":{"a":1,"k":[{"i":{"x":[0.569],"y":[1]},"o":{"x":[0.203],"y":[0]},"t":24,"s":[0]},{"i":{"x":[0.569],"y":[1]},"o":{"x":[0.312],"y":[0]},"t":38,"s":[-13]},{"i":{"x":[0.658],"y":[0.753]},"o":{"x":[0.312],"y":[0]},"t":40,"s":[-13]},{"i":{"x":[0.698],"y":[1]},"o":{"x":[0.351],"y":[-0.194]},"t":54,"s":[0]},{"i":{"x":[0.698],"y":[1]},"o":{"x":[0.333],"y":[0]},"t":68,"s":[-17]},{"i":{"x":[0.667],"y":[1]},"o":{"x":[0.333],"y":[0]},"t":70,"s":[-17]},{"i":{"x":[0.667],"y":[1]},"o":{"x":[0.333],"y":[0]},"t":84,"s":[4]},{"i":{"x":[0.667],"y":[1]},"o":{"x":[0.333],"y":[0]},"t":94,"s":[-2]},{"i":{"x":[0.667],"y":[1]},"o":{"x":[0.333],"y":[0]},"t":104,"s":[1]},{"t":114,"s":[0]}],"ix":10},"p":{"a":1,"k":[{"i":{"x":0.833,"y":1},"o":{"x":1,"y":0},"t":24,"s":[471.37,471.17,0],"to":[-2.179,1.425,0],"ti":[2.179,-1.425,0]},{"i":{"x":0.833,"y":0.833},"o":{"x":0.584,"y":0.584},"t":38,"s":[458.299,479.722,0],"to":[0,0,0],"ti":[0,0,0]},{"i":{"x":0.528,"y":1},"o":{"x":0.584,"y":0},"t":40,"s":[458.299,479.722,0],"to":[2.179,-1.425,0],"ti":[0,0,0]},{"i":{"x":0.833,"y":1},"o":{"x":1,"y":0},"t":54,"s":[471.37,471.17,0],"to":[0,0,0],"ti":[2.179,-1.425,0]},{"i":{"x":0.833,"y":0.833},"o":{"x":0.333,"y":0.333},"t":68,"s":[458.299,479.722,0],"to":[0,0,0],"ti":[0,0,0]},{"i":{"x":0.833,"y":1},"o":{"x":0.333,"y":0},"t":70,"s":[458.299,479.722,0],"to":[2.179,-1.425,0],"ti":[-2.179,1.425,0]},{"t":82,"s":[471.37,471.17,0]}],"ix":2,"l":2},"a":{"a":0,"k":[215.77,141.01,0],"ix":1,"l":2},"s":{"a":0,"k":[100,100,100],"ix":6,"l":2}},"ao":0,"shapes":[{"ty":"gr","it":[{"ind":0,"ty":"sh","ix":1,"ks":{"a":0,"k":{"i":[[10.56,-10.48],[-66.08,-27.76],[-59.28,27.04],[8.96,39.759],[47.36,11.28],[15.76,2.24],[2.96,-14.24],[-26.32,-7.52],[0,-26.32],[56.32,-24],[54.08,25.52],[6.8,4.479]],"o":[[-21.84,21.84],[66.08,27.76],[56.56,-25.76],[-8.96,-39.76],[-47.28,-11.28],[-15.76,-2.24],[-2.16,10.4],[26.24,7.52],[0,26.24],[-54.64,23.28],[-33.36,-15.76],[-6.8,-4.4]],"v":[[-193.68,22.92],[-96.8,113],[105.92,104.76],[206.56,-45.4],[115.68,-107.72],[-18.72,-138.52],[-48.72,-125],[-14.16,-97.24],[145.76,-31.16],[62.4,67.96],[-99.76,68.68],[-167.36,25.88]],"c":true},"ix":2},"nm":"Path 1","mn":"ADBE Vector Shape - Group","hd":false},{"ty":"fl","c":{"a":0,"k":[0.987999949736,0.57599995931,0.004000000393,1],"ix":4},"o":{"a":0,"k":100,"ix":5},"r":1,"bm":0,"nm":"Fill 1","mn":"ADBE Vector Graphic - Fill","hd":false},{"ty":"tr","p":{"a":0,"k":[215.77,141.01],"ix":2},"a":{"a":0,"k":[0,0],"ix":1},"s":{"a":0,"k":[100,100],"ix":3},"r":{"a":0,"k":0,"ix":6},"o":{"a":0,"k":100,"ix":7},"sk":{"a":0,"k":0,"ix":4},"sa":{"a":0,"k":0,"ix":5},"nm":"Transform"}],"nm":"Group 1","np":2,"cix":2,"bm":0,"ix":1,"mn":"ADBE Vector Group","hd":false}],"ip":0,"op":132,"st":0,"bm":0},{"ddd":0,"ind":4,"ty":4,"nm":"body","sr":1,"ks":{"o":{"a":0,"k":99,"ix":11},"r":{"a":1,"k":[{"i":{"x":[0.356],"y":[1]},"o":{"x":[0.167],"y":[0]},"t":14,"s":[0]},{"i":{"x":[0.667],"y":[1]},"o":{"x":[1],"y":[0]},"t":24,"s":[7]},{"i":{"x":[0.667],"y":[1]},"o":{"x":[0.853],"y":[0]},"t":38,"s":[-18]},{"i":{"x":[0.05],"y":[1]},"o":{"x":[0.853],"y":[0]},"t":40,"s":[-18]},{"i":{"x":[0.667],"y":[1]},"o":{"x":[1],"y":[0]},"t":54,"s":[7]},{"i":{"x":[0.667],"y":[1]},"o":{"x":[0.602],"y":[0]},"t":68,"s":[-18]},{"i":{"x":[0.833],"y":[1]},"o":{"x":[0.602],"y":[0]},"t":70,"s":[-18]},{"i":{"x":[0.833],"y":[1]},"o":{"x":[0.167],"y":[0]},"t":84,"s":[6]},{"i":{"x":[0.833],"y":[1]},"o":{"x":[0.167],"y":[0]},"t":94,"s":[-2]},{"i":{"x":[0.833],"y":[1]},"o":{"x":[0.167],"y":[0]},"t":102,"s":[1]},{"t":110,"s":[0]}],"ix":10},"p":{"a":1,"k":[{"i":{"x":0.667,"y":1},"o":{"x":0.333,"y":0},"t":14,"s":[563.68,461,0],"to":[0,-2,0],"ti":[0,-2,0]},{"i":{"x":0.667,"y":1},"o":{"x":1,"y":0},"t":24,"s":[563.68,449,0],"to":[0,2,0],"ti":[0,-4,0]},{"i":{"x":0.667,"y":0.667},"o":{"x":1,"y":1},"t":38,"s":[563.68,473,0],"to":[0,0,0],"ti":[0,0,0]},{"i":{"x":0.361,"y":1},"o":{"x":1,"y":0},"t":40,"s":[563.68,473,0],"to":[0,-4,0],"ti":[0,-0.667,0]},{"i":{"x":0.667,"y":1},"o":{"x":0.891,"y":0},"t":54,"s":[563.68,449,0],"to":[0,0.667,0],"ti":[0,-4.667,0]},{"i":{"x":0.667,"y":0.667},"o":{"x":0.769,"y":0.769},"t":68,"s":[563.68,477,0],"to":[0,0,0],"ti":[0,0,0]},{"i":{"x":0.667,"y":1},"o":{"x":0.769,"y":0},"t":70,"s":[563.68,477,0],"to":[0,-5.333,0],"ti":[0,2.667,0]},{"i":{"x":0.667,"y":1},"o":{"x":0.333,"y":0},"t":82,"s":[563.68,445,0],"to":[0,-2.667,0],"ti":[0,-2.667,0]},{"t":94,"s":[563.68,461,0]}],"ix":2,"l":2},"a":{"a":0,"k":[425.93,369.97,0],"ix":1,"l":2},"s":{"a":0,"k":[100,100,100],"ix":6,"l":2}},"ao":0,"shapes":[{"ty":"gr","it":[{"ind":0,"ty":"sh","ix":1,"ks":{"a":1,"k":[{"i":{"x":0.833,"y":0.833},"o":{"x":1,"y":0},"t":24,"s":[{"i":[[0,0],[-6.56,24.4],[-154.64,6.4],[0,0],[-91.28,-30.4],[-4.48,-13.52],[168.72,-103.6],[92.4,191.44],[8.8,58.64]],"o":[[0,0],[12.8,-47.68],[204.8,-8.48],[0,0],[91.28,30.4],[4.48,13.52],[-163.28,100.24],[-44.4,-92.08],[-10.64,-71.04]],"v":[[-425.68,-116.84],[-411.04,-210.68],[-190.32,-361.24],[60.8,-183.32],[243.28,-127],[421.2,-41.4],[226.4,269.48],[-362.64,176.04],[-408.8,-31.16]],"c":true}]},{"i":{"x":0.833,"y":0.833},"o":{"x":0.167,"y":0.167},"t":34,"s":[{"i":[[4.62,20.641],[-6.56,24.4],[-154.529,-0.57],[0,0],[-91.28,-30.4],[-4.48,-13.52],[168.72,-103.6],[100.186,147.546],[20.116,43.666]],"o":[[-4.128,-18.443],[12.8,-47.68],[200.655,0.459],[0,0],[91.28,30.4],[4.48,13.52],[-163.28,100.24],[-55.319,-76.067],[-22.744,-49.369]],"v":[[-470.096,-41.015],[-472.07,-147.025],[-252.172,-320.472],[58.029,-179.64],[241.23,-124.334],[413.902,-44.454],[221.768,268.476],[-334.061,218.526],[-433.962,58.749]],"c":true}]},{"i":{"x":0.667,"y":1},"o":{"x":0.167,"y":0.167},"t":36,"s":[{"i":[[40.144,23.635],[15.566,71.511],[-181.581,-15.715],[0,0],[-91.28,-30.4],[-4.48,-13.52],[168.72,-103.6],[112.494,88.78],[14.893,20.71]],"o":[[-41.465,-23.936],[-22.73,-109.058],[100.857,6.571],[0,0],[91.28,30.4],[4.48,13.52],[-163.28,100.24],[-33.25,-29.158],[-14.564,-11.265]],"v":[[-434.637,178.808],[-548.235,13.736],[-293.405,-268.465],[54.554,-175.026],[238.66,-120.992],[404.753,-48.284],[215.787,270.567],[-298.228,271.796],[-364.923,200.406]],"c":true}]},{"i":{"x":0.667,"y":1},"o":{"x":0.602,"y":0},"t":38,"s":[{"i":[[48.274,24.32],[20.63,82.293],[-187.772,-19.182],[0,0],[-91.28,-30.4],[-4.48,-13.52],[168.72,-103.6],[115.311,75.332],[13.697,15.457]],"o":[[-50.009,-25.194],[-30.86,-123.104],[78.019,7.97],[0,0],[91.28,30.4],[4.48,13.52],[-163.28,100.24],[-28.2,-18.423],[-12.693,-2.545]],"v":[[-438.515,197.91],[-565.665,50.525],[-302.841,-256.564],[53.759,-173.97],[238.072,-120.227],[402.659,-49.16],[214.419,271.045],[-290.028,283.986],[-349.124,232.823]],"c":true}]},{"i":{"x":0.833,"y":0.833},"o":{"x":0.602,"y":0},"t":40,"s":[{"i":[[48.274,24.32],[20.63,82.293],[-187.772,-19.182],[0,0],[-91.28,-30.4],[-4.48,-13.52],[168.72,-103.6],[115.311,75.332],[13.697,15.457]],"o":[[-50.009,-25.194],[-30.86,-123.104],[78.019,7.97],[0,0],[91.28,30.4],[4.48,13.52],[-163.28,100.24],[-28.2,-18.423],[-12.693,-2.545]],"v":[[-438.515,197.91],[-565.665,50.525],[-302.841,-256.564],[53.759,-173.97],[238.072,-120.227],[402.659,-49.16],[214.419,271.045],[-290.028,283.986],[-349.124,232.823]],"c":true}]},{"i":{"x":0.833,"y":0.833},"o":{"x":0.167,"y":0.167},"t":46,"s":[{"i":[[31.146,27.204],[15.339,71.029],[-181.326,-14.204],[0,0],[-91.28,-30.4],[-4.48,-13.52],[168.72,-103.6],[110.853,97.923],[17.083,15.762]],"o":[[-33.968,-29.67],[-22.366,-108.429],[102.686,4.769],[0,0],[91.28,30.4],[4.48,13.52],[-163.28,100.24],[-35.888,-29.925],[-17.083,-15.762]],"v":[[-462.654,145.061],[-535.581,-0.296],[-280.948,-276.93],[55.129,-175.789],[239.085,-121.545],[406.266,-47.65],[216.75,270.741],[-304.156,262.983],[-376.175,198.727]],"c":true}]},{"i":{"x":0.528,"y":1},"o":{"x":0.167,"y":0.167},"t":50,"s":[{"i":[[8.82,23.613],[3.021,44.8],[-166.315,-2.614],[0,0],[-91.28,-30.4],[-4.48,-13.52],[168.72,-103.6],[100.473,150.526],[12.424,39.881]],"o":[[-6.905,-18.485],[-2.585,-74.258],[160.125,-2.683],[0,0],[91.28,30.4],[4.48,13.52],[-163.28,100.24],[-40.676,-64.887],[-13.459,-46.856]],"v":[[-446.558,-3.819],[-465.527,-118.637],[-229.97,-324.354],[58.319,-180.025],[241.445,-124.613],[414.666,-44.135],[222.178,270.031],[-337.053,214.078],[-415.925,71.988]],"c":true}]},{"i":{"x":0.833,"y":0.833},"o":{"x":1,"y":0},"t":54,"s":[{"i":[[0,0],[-6.56,24.4],[-154.64,6.4],[0,0],[-91.28,-30.4],[-4.48,-13.52],[168.72,-103.6],[92.4,191.44],[8.8,58.64]],"o":[[0,0],[12.8,-47.68],[204.8,-8.48],[0,0],[91.28,30.4],[4.48,13.52],[-163.28,100.24],[-44.4,-92.08],[-10.64,-71.04]],"v":[[-425.68,-116.84],[-411.04,-210.68],[-190.32,-361.24],[60.8,-183.32],[243.28,-127],[421.2,-41.4],[226.4,269.48],[-362.64,176.04],[-408.8,-31.16]],"c":true}]},{"i":{"x":0.833,"y":0.833},"o":{"x":0.167,"y":0.167},"t":62,"s":[{"i":[[8.07,4.065],[-2.015,34.077],[-160.178,2.124],[0,0],[-91.28,-30.4],[-4.48,-13.52],[168.72,-103.6],[96.23,172.031],[9.619,51.421]],"o":[[-8.36,-4.211],[5.502,-60.288],[183.607,-5.73],[0,0],[91.28,30.4],[4.48,13.52],[-163.28,100.24],[-41.692,-79.767],[-10.983,-59.59]],"v":[[-430.47,-61.077],[-436.888,-167.016],[-209.129,-343.742],[59.623,-181.757],[242.409,-125.868],[418.101,-42.697],[224.397,269.742],[-350.502,194.085],[-415.098,11.22]],"c":true}]},{"i":{"x":0.833,"y":0.833},"o":{"x":0.167,"y":0.167},"t":64,"s":[{"i":[[19.627,9.888],[4.495,47.938],[-168.111,-4.001],[0,0],[-91.28,-30.4],[-4.48,-13.52],[168.72,-103.6],[101.715,144.233],[10.791,41.082]],"o":[[-20.333,-10.243],[-4.951,-78.346],[153.253,-1.792],[0,0],[91.28,30.4],[4.48,13.52],[-163.28,100.24],[-37.813,-62.133],[-11.475,-43.192]],"v":[[-437.331,18.788],[-473.907,-104.479],[-236.069,-318.681],[57.937,-179.519],[241.163,-124.246],[413.662,-44.555],[221.529,270.116],[-333.117,219.929],[-409.443,73.791]],"c":true}]},{"i":{"x":0.667,"y":1},"o":{"x":0.167,"y":0.167},"t":66,"s":[{"i":[[37.877,19.082],[14.774,69.824],[-180.636,-13.672],[0,0],[-91.28,-30.4],[-4.48,-13.52],[168.72,-103.6],[110.376,100.339],[12.693,8.094]],"o":[[-39.238,-19.768],[-21.457,-106.86],[105.324,4.427],[0,0],[91.28,30.4],[4.48,13.52],[-163.28,100.24],[-38.605,-33.396],[-12.25,-17.298]],"v":[[-449.646,156.719],[-538.576,17.45],[-278.607,-279.108],[55.275,-175.984],[239.194,-121.685],[406.652,-47.489],[216.999,270.708],[-305.667,260.737],[-393.391,192.919]],"c":true}]},{"i":{"x":0.667,"y":1},"o":{"x":0.602,"y":0},"t":68,"s":[{"i":[[48.274,24.32],[20.63,82.293],[-187.772,-19.182],[0,0],[-91.28,-30.4],[-4.48,-13.52],[168.72,-103.6],[115.311,75.332],[13.697,15.457]],"o":[[-50.009,-25.194],[-30.86,-123.104],[78.019,7.97],[0,0],[91.28,30.4],[4.48,13.52],[-163.28,100.24],[-28.2,-18.423],[-12.693,-2.545]],"v":[[-438.515,197.91],[-565.665,50.525],[-302.841,-256.564],[53.759,-173.97],[238.072,-120.227],[402.659,-49.16],[214.419,271.045],[-290.028,283.986],[-349.124,232.823]],"c":true}]},{"i":{"x":0.833,"y":0.833},"o":{"x":0.602,"y":0},"t":70,"s":[{"i":[[48.274,24.32],[20.63,82.293],[-187.772,-19.182],[0,0],[-91.28,-30.4],[-4.48,-13.52],[168.72,-103.6],[115.311,75.332],[13.697,15.457]],"o":[[-50.009,-25.194],[-30.86,-123.104],[78.019,7.97],[0,0],[91.28,30.4],[4.48,13.52],[-163.28,100.24],[-28.2,-18.423],[-12.693,-2.545]],"v":[[-438.515,197.91],[-565.665,50.525],[-302.841,-256.564],[53.759,-173.97],[238.072,-120.227],[402.659,-49.16],[214.419,271.045],[-290.028,283.986],[-349.124,232.823]],"c":true}]},{"i":{"x":0.833,"y":0.833},"o":{"x":0.167,"y":0.167},"t":76,"s":[{"i":[[24.31,17.442],[13.258,66.597],[-178.789,-12.246],[0,0],[-91.28,-30.4],[-4.48,-13.52],[168.72,-103.6],[109.099,106.811],[14.622,18.962]],"o":[[-33.163,-23.793],[-19.023,-102.656],[112.391,3.51],[0,0],[91.28,30.4],[4.48,13.52],[-163.28,100.24],[-32.592,-38.392],[-12.136,-21.115]],"v":[[-428.79,146.943],[-523.744,-20.291],[-272.335,-284.943],[55.668,-176.505],[239.484,-122.063],[407.685,-47.056],[217.667,270.621],[-309.714,254.72],[-371.579,183.403]],"c":true}]},{"i":{"x":0.833,"y":1},"o":{"x":0.167,"y":0.167},"t":78,"s":[{"i":[[15.18,10.891],[5.815,50.749],[-169.719,-5.243],[0,0],[-91.28,-30.4],[-4.48,-13.52],[168.72,-103.6],[102.827,138.596],[12.435,33.865]],"o":[[-20.708,-14.857],[-7.071,-82.008],[147.098,-0.993],[0,0],[91.28,30.4],[4.48,13.52],[-163.28,100.24],[-37.027,-58.556],[-11.574,-39.866]],"v":[[-443.395,51.366],[-481.415,-91.797],[-241.532,-313.599],[57.595,-179.065],[240.91,-123.917],[412.761,-44.932],[220.947,270.192],[-329.592,225.17],[-409.08,97.948]],"c":true}]},{"t":82,"s":[{"i":[[0,0],[-6.56,24.4],[-154.64,6.4],[0,0],[-91.28,-30.4],[-4.48,-13.52],[168.72,-103.6],[92.4,191.44],[8.8,58.64]],"o":[[0,0],[12.8,-47.68],[204.8,-8.48],[0,0],[91.28,30.4],[4.48,13.52],[-163.28,100.24],[-44.4,-92.08],[-10.64,-71.04]],"v":[[-425.68,-116.84],[-411.04,-210.68],[-190.32,-361.24],[60.8,-183.32],[243.28,-127],[421.2,-41.4],[226.4,269.48],[-362.64,176.04],[-408.8,-31.16]],"c":true}]}],"ix":2},"nm":"Path 1","mn":"ADBE Vector Shape - Group","hd":false},{"ty":"fl","c":{"a":0,"k":[1,0.725,0.011999999776,1],"ix":4},"o":{"a":0,"k":100,"ix":5},"r":1,"bm":0,"nm":"Fill 1","mn":"ADBE Vector Graphic - Fill","hd":false},{"ty":"tr","p":{"a":0,"k":[425.93,369.97],"ix":2},"a":{"a":0,"k":[0,0],"ix":1},"s":{"a":0,"k":[100,100],"ix":3},"r":{"a":0,"k":0,"ix":6},"o":{"a":0,"k":100,"ix":7},"sk":{"a":0,"k":0,"ix":4},"sa":{"a":0,"k":0,"ix":5},"nm":"Transform"}],"nm":"Group 1","np":2,"cix":2,"bm":0,"ix":1,"mn":"ADBE Vector Group","hd":false}],"ip":0,"op":132,"st":0,"bm":0},{"ddd":0,"ind":5,"ty":4,"nm":"foot left","sr":1,"ks":{"o":{"a":0,"k":100,"ix":11},"r":{"a":0,"k":0,"ix":10},"p":{"a":0,"k":[539.36,881,0],"ix":2,"l":2},"a":{"a":0,"k":[74.49,106.85,0],"ix":1,"l":2},"s":{"a":0,"k":[100,100,100],"ix":6,"l":2}},"ao":0,"shapes":[{"ty":"gr","it":[{"ind":0,"ty":"sh","ix":1,"ks":{"a":1,"k":[{"i":{"x":0.667,"y":1},"o":{"x":0.333,"y":0},"t":14,"s":[{"i":[[0,0],[0,0],[-0.72,-15.761],[5.2,-12],[33.76,-4.479],[1.44,30],[-9.04,2.24],[-8.96,8.96]],"o":[[0,0],[0,0],[0.72,15.76],[-5.84,13.36],[-33.76,4.481],[-1.44,-30],[9.04,-2.241],[8.96,-9.12]],"v":[[14.24,-100.6],[67.52,-106.6],[69.76,-16.52],[69.04,57.08],[0,99.88],[-72.8,76.6],[-42,45.08],[12.8,27.08]],"c":true}]},{"i":{"x":0.667,"y":1},"o":{"x":0.333,"y":0},"t":24,"s":[{"i":[[0,0],[0,0],[0.122,-15.777],[5.2,-12],[33.76,-4.479],[1.44,30],[-9.04,2.24],[-8.96,8.96]],"o":[[0,0],[0,0],[-0.12,15.52],[-5.84,13.36],[-33.76,4.481],[-1.44,-30],[9.04,-2.241],[8.96,-9.12]],"v":[[22.24,-100.6],[75.52,-106.6],[75.76,-16.52],[69.04,57.08],[0,99.88],[-72.8,76.6],[-42,45.08],[12.8,27.08]],"c":true}]},{"i":{"x":0.667,"y":1},"o":{"x":0.333,"y":0},"t":38,"s":[{"i":[[0,0],[0,0],[-0.72,-15.761],[5.2,-12],[33.76,-4.479],[1.44,30],[-9.04,2.24],[-8.96,8.96]],"o":[[0,0],[0,0],[0.72,15.76],[-5.84,13.36],[-33.76,4.481],[-1.44,-30],[9.04,-2.241],[8.96,-9.12]],"v":[[14.24,-100.6],[67.52,-106.6],[69.76,-16.52],[69.04,57.08],[0,99.88],[-72.8,76.6],[-42,45.08],[12.8,27.08]],"c":true}]},{"i":{"x":0.667,"y":1},"o":{"x":0.333,"y":0},"t":40,"s":[{"i":[[0,0],[0,0],[-0.72,-15.761],[5.2,-12],[33.76,-4.479],[1.44,30],[-9.04,2.24],[-8.96,8.96]],"o":[[0,0],[0,0],[0.72,15.76],[-5.84,13.36],[-33.76,4.481],[-1.44,-30],[9.04,-2.241],[8.96,-9.12]],"v":[[14.24,-100.6],[67.52,-106.6],[69.76,-16.52],[69.04,57.08],[0,99.88],[-72.8,76.6],[-42,45.08],[12.8,27.08]],"c":true}]},{"i":{"x":0.667,"y":1},"o":{"x":0.333,"y":0},"t":54,"s":[{"i":[[0,0],[0,0],[0.122,-15.777],[5.2,-12],[33.76,-4.479],[1.44,30],[-9.04,2.24],[-8.96,8.96]],"o":[[0,0],[0,0],[-0.12,15.52],[-5.84,13.36],[-33.76,4.481],[-1.44,-30],[9.04,-2.241],[8.96,-9.12]],"v":[[22.24,-100.6],[75.52,-106.6],[75.76,-16.52],[69.04,57.08],[0,99.88],[-72.8,76.6],[-42,45.08],[12.8,27.08]],"c":true}]},{"i":{"x":0.667,"y":1},"o":{"x":0.333,"y":0},"t":68,"s":[{"i":[[0,0],[0,0],[-0.72,-15.761],[5.2,-12],[33.76,-4.479],[1.44,30],[-9.04,2.24],[-8.96,8.96]],"o":[[0,0],[0,0],[0.72,15.76],[-5.84,13.36],[-33.76,4.481],[-1.44,-30],[9.04,-2.241],[8.96,-9.12]],"v":[[14.24,-100.6],[67.52,-106.6],[69.76,-16.52],[69.04,57.08],[0,99.88],[-72.8,76.6],[-42,45.08],[12.8,27.08]],"c":true}]},{"i":{"x":0.667,"y":1},"o":{"x":0.333,"y":0},"t":70,"s":[{"i":[[0,0],[0,0],[-0.72,-15.761],[5.2,-12],[33.76,-4.479],[1.44,30],[-9.04,2.24],[-8.96,8.96]],"o":[[0,0],[0,0],[0.72,15.76],[-5.84,13.36],[-33.76,4.481],[-1.44,-30],[9.04,-2.241],[8.96,-9.12]],"v":[[14.24,-100.6],[67.52,-106.6],[69.76,-16.52],[69.04,57.08],[0,99.88],[-72.8,76.6],[-42,45.08],[12.8,27.08]],"c":true}]},{"i":{"x":0.667,"y":1},"o":{"x":0.333,"y":0},"t":84,"s":[{"i":[[0,0],[0,0],[0.122,-15.777],[5.2,-12],[33.76,-4.479],[1.44,30],[-9.04,2.24],[-8.96,8.96]],"o":[[0,0],[0,0],[-0.12,15.52],[-5.84,13.36],[-33.76,4.481],[-1.44,-30],[9.04,-2.241],[8.96,-9.12]],"v":[[22.24,-111.6],[75.52,-106.6],[75.76,-16.52],[69.04,57.08],[0,99.88],[-72.8,76.6],[-42,45.08],[12.8,27.08]],"c":true}]},{"i":{"x":0.833,"y":1},"o":{"x":0.167,"y":0},"t":94,"s":[{"i":[[0,0],[0,0],[-0.72,-15.761],[5.2,-12],[33.76,-4.479],[1.44,30],[-9.04,2.24],[-8.96,8.96]],"o":[[0,0],[0,0],[0.72,15.76],[-5.84,13.36],[-33.76,4.481],[-1.44,-30],[9.04,-2.241],[8.96,-9.12]],"v":[[12.24,-100.599],[65.52,-106.599],[69.76,-16.52],[69.04,57.08],[0,99.88],[-72.8,76.6],[-42,45.08],[12.8,27.08]],"c":true}]},{"t":102,"s":[{"i":[[0,0],[0,0],[-0.72,-15.761],[5.2,-12],[33.76,-4.479],[1.44,30],[-9.04,2.24],[-8.96,8.96]],"o":[[0,0],[0,0],[0.72,15.76],[-5.84,13.36],[-33.76,4.481],[-1.44,-30],[9.04,-2.241],[8.96,-9.12]],"v":[[14.24,-100.6],[67.52,-106.6],[69.76,-16.52],[69.04,57.08],[0,99.88],[-72.8,76.6],[-42,45.08],[12.8,27.08]],"c":true}]}],"ix":2},"nm":"Path 1","mn":"ADBE Vector Shape - Group","hd":false},{"ty":"fl","c":{"a":0,"k":[0.987999949736,0.57599995931,0.004000000393,1],"ix":4},"o":{"a":0,"k":100,"ix":5},"r":1,"bm":0,"nm":"Fill 1","mn":"ADBE Vector Graphic - Fill","hd":false},{"ty":"tr","p":{"a":0,"k":[74.49,106.85],"ix":2},"a":{"a":0,"k":[0,0],"ix":1},"s":{"a":0,"k":[100,100],"ix":3},"r":{"a":0,"k":0,"ix":6},"o":{"a":0,"k":100,"ix":7},"sk":{"a":0,"k":0,"ix":4},"sa":{"a":0,"k":0,"ix":5},"nm":"Transform"}],"nm":"Group 1","np":2,"cix":2,"bm":0,"ix":1,"mn":"ADBE Vector Group","hd":false}],"ip":0,"op":132,"st":0,"bm":0},{"ddd":0,"ind":6,"ty":4,"nm":"footright","sr":1,"ks":{"o":{"a":0,"k":100,"ix":11},"r":{"a":0,"k":0,"ix":10},"p":{"a":0,"k":[407.96,843.12,0],"ix":2,"l":2},"a":{"a":0,"k":[71.57,73.45,0],"ix":1,"l":2},"s":{"a":0,"k":[100,100,100],"ix":6,"l":2}},"ao":0,"shapes":[{"ty":"gr","it":[{"ind":0,"ty":"sh","ix":1,"ks":{"a":1,"k":[{"i":{"x":0.667,"y":1},"o":{"x":0.333,"y":0},"t":14,"s":[{"i":[[0,0],[10.72,-6.961],[18,-3.201],[-0.72,-15.04],[-16.56,0],[-14.24,1.6],[-3.6,9.04],[0,0]],"o":[[0,0],[-10.48,6.72],[-12.8,2.24],[0.72,15.04],[16.56,0],[20.24,-2.24],[7.52,-18.8],[0,0]],"v":[[13.48,-108],[12.76,9.36],[-49.56,14.64],[-70.6,46.16],[-37.56,73.2],[27,70.96],[63.8,46.96],[66.04,-113.2]],"c":true}]},{"i":{"x":0.667,"y":1},"o":{"x":0.333,"y":0},"t":24,"s":[{"i":[[0,0],[10.72,-6.961],[18,-3.201],[-0.72,-15.04],[-16.56,0],[-14.24,1.6],[-3.6,9.04],[0,0]],"o":[[0,0],[-10.48,6.72],[-12.8,2.24],[0.72,15.04],[16.56,0],[20.24,-2.24],[7.52,-18.8],[0,0]],"v":[[23.48,-108],[12.76,9.36],[-49.56,14.64],[-70.6,46.16],[-37.56,73.2],[27,70.96],[63.8,46.96],[76.04,-113.2]],"c":true}]},{"i":{"x":0.667,"y":1},"o":{"x":0.333,"y":0},"t":38,"s":[{"i":[[0,0],[10.72,-6.961],[18,-3.201],[-0.72,-15.04],[-16.56,0],[-14.24,1.6],[-3.6,9.04],[0,0]],"o":[[0,0],[-10.48,6.72],[-12.8,2.24],[0.72,15.04],[16.56,0],[20.24,-2.24],[7.52,-18.8],[0,0]],"v":[[13.48,-108],[12.76,9.36],[-49.56,14.64],[-70.6,46.16],[-37.56,73.2],[27,70.96],[63.8,46.96],[66.04,-113.2]],"c":true}]},{"i":{"x":0.667,"y":1},"o":{"x":0.333,"y":0},"t":40,"s":[{"i":[[0,0],[10.72,-6.961],[18,-3.201],[-0.72,-15.04],[-16.56,0],[-14.24,1.6],[-3.6,9.04],[0,0]],"o":[[0,0],[-10.48,6.72],[-12.8,2.24],[0.72,15.04],[16.56,0],[20.24,-2.24],[7.52,-18.8],[0,0]],"v":[[13.48,-108],[12.76,9.36],[-49.56,14.64],[-70.6,46.16],[-37.56,73.2],[27,70.96],[63.8,46.96],[66.04,-113.2]],"c":true}]},{"i":{"x":0.667,"y":1},"o":{"x":0.333,"y":0},"t":54,"s":[{"i":[[0,0],[10.72,-6.961],[18,-3.201],[-0.72,-15.04],[-16.56,0],[-14.24,1.6],[-3.6,9.04],[0,0]],"o":[[0,0],[-10.48,6.72],[-12.8,2.24],[0.72,15.04],[16.56,0],[20.24,-2.24],[7.52,-18.8],[0,0]],"v":[[19.48,-108],[12.76,9.36],[-49.56,14.64],[-70.6,46.16],[-37.56,73.2],[27,70.96],[63.8,46.96],[72.04,-113.2]],"c":true}]},{"i":{"x":0.667,"y":1},"o":{"x":0.333,"y":0},"t":68,"s":[{"i":[[0,0],[10.72,-6.961],[18,-3.201],[-0.72,-15.04],[-16.56,0],[-14.24,1.6],[-3.6,9.04],[0,0]],"o":[[0,0],[-10.48,6.72],[-12.8,2.24],[0.72,15.04],[16.56,0],[20.24,-2.24],[7.52,-18.8],[0,0]],"v":[[13.48,-108],[12.76,9.36],[-49.56,14.64],[-70.6,46.16],[-37.56,73.2],[27,70.96],[63.8,46.96],[66.04,-113.2]],"c":true}]},{"i":{"x":0.667,"y":1},"o":{"x":0.333,"y":0},"t":70,"s":[{"i":[[0,0],[10.72,-6.961],[18,-3.201],[-0.72,-15.04],[-16.56,0],[-14.24,1.6],[-3.6,9.04],[0,0]],"o":[[0,0],[-10.48,6.72],[-12.8,2.24],[0.72,15.04],[16.56,0],[20.24,-2.24],[7.52,-18.8],[0,0]],"v":[[13.48,-108],[12.76,9.36],[-49.56,14.64],[-70.6,46.16],[-37.56,73.2],[27,70.96],[63.8,46.96],[66.04,-113.2]],"c":true}]},{"i":{"x":0.667,"y":1},"o":{"x":0.333,"y":0},"t":84,"s":[{"i":[[0,0],[10.72,-6.961],[18,-3.201],[-0.72,-15.04],[-16.56,0],[-14.24,1.6],[-3.6,9.04],[0,0]],"o":[[0,0],[-10.48,6.72],[-12.8,2.24],[0.72,15.04],[16.56,0],[20.24,-2.24],[7.52,-18.8],[0,0]],"v":[[19.48,-108],[12.76,9.36],[-49.56,14.64],[-70.6,46.16],[-37.56,73.2],[27,70.96],[63.8,46.96],[72.04,-113.2]],"c":true}]},{"i":{"x":0.833,"y":1},"o":{"x":0.167,"y":0},"t":94,"s":[{"i":[[0,0],[10.72,-6.961],[18,-3.201],[-0.72,-15.04],[-16.56,0],[-14.24,1.6],[-3.6,9.04],[0,0]],"o":[[0,0],[-10.48,6.72],[-12.8,2.24],[0.72,15.04],[16.56,0],[20.24,-2.24],[7.52,-18.8],[0,0]],"v":[[9.48,-108],[12.76,9.36],[-49.56,14.64],[-70.6,46.16],[-37.56,73.2],[27,70.96],[63.8,46.96],[62.04,-113.2]],"c":true}]},{"t":102,"s":[{"i":[[0,0],[10.72,-6.961],[18,-3.201],[-0.72,-15.04],[-16.56,0],[-14.24,1.6],[-3.6,9.04],[0,0]],"o":[[0,0],[-10.48,6.72],[-12.8,2.24],[0.72,15.04],[16.56,0],[20.24,-2.24],[7.52,-18.8],[0,0]],"v":[[13.48,-108],[12.76,9.36],[-49.56,14.64],[-70.6,46.16],[-37.56,73.2],[27,70.96],[63.8,46.96],[66.04,-113.2]],"c":true}]}],"ix":2},"nm":"Path 1","mn":"ADBE Vector Shape - Group","hd":false},{"ty":"fl","c":{"a":0,"k":[0.987999949736,0.57599995931,0.004000000393,1],"ix":4},"o":{"a":0,"k":100,"ix":5},"r":1,"bm":0,"nm":"Fill 1","mn":"ADBE Vector Graphic - Fill","hd":false},{"ty":"tr","p":{"a":0,"k":[71.57,73.45],"ix":2},"a":{"a":0,"k":[0,0],"ix":1},"s":{"a":0,"k":[100,100],"ix":3},"r":{"a":0,"k":0,"ix":6},"o":{"a":0,"k":100,"ix":7},"sk":{"a":0,"k":0,"ix":4},"sa":{"a":0,"k":0,"ix":5},"nm":"Transform"}],"nm":"Group 1","np":2,"cix":2,"bm":0,"ix":1,"mn":"ADBE Vector Group","hd":false}],"ip":0,"op":132,"st":0,"bm":0}],"markers":[{"tm":120,"cm":"rest","dr":0}]}