{"v":"5.8.1","fr":60,"ip":0,"op":95,"w":1024,"h":1024,"nm":"emoji_winking_face_with_tongue remap","ddd":0,"assets":[{"id":"comp_0","nm":"emoji_30_winking_face_with_tongue - 60 fps","fr":60,"layers":[{"ddd":0,"ind":1,"ty":3,"nm":"ALL","sr":1,"ks":{"o":{"a":0,"k":0,"ix":11},"r":{"a":1,"k":[{"i":{"x":[0.667],"y":[1]},"o":{"x":[0.333],"y":[0]},"t":-17.5,"s":[0]},{"i":{"x":[0.667],"y":[0.994]},"o":{"x":[0.333],"y":[0]},"t":-2.5,"s":[-2]},{"i":{"x":[0.667],"y":[1]},"o":{"x":[0.333],"y":[-0.052]},"t":0,"s":[4]},{"t":15,"s":[0]}],"ix":10},"p":{"a":1,"k":[{"i":{"x":0.667,"y":1},"o":{"x":0.333,"y":0},"t":22.5,"s":[509,512,0],"to":[0,0,0],"ti":[0,0,0]},{"i":{"x":0.667,"y":1},"o":{"x":0.333,"y":0},"t":30,"s":[509,528,0],"to":[0,0,0],"ti":[0,0,0]},{"i":{"x":0.663,"y":1},"o":{"x":0.333,"y":0},"t":42.5,"s":[509,508,0],"to":[0,0,0],"ti":[0,0,0]},{"i":{"x":0.696,"y":0.696},"o":{"x":0.347,"y":0.347},"t":52.5,"s":[509,512,0],"to":[0,0,0],"ti":[0,0,0]},{"i":{"x":0.667,"y":1},"o":{"x":0.333,"y":0},"t":85,"s":[509,512,0],"to":[0,0,0],"ti":[0,0,0]},{"i":{"x":0.699,"y":1},"o":{"x":0.5,"y":0},"t":95,"s":[509,536,0],"to":[0,0,0],"ti":[0,0,0]},{"t":105,"s":[509,512,0]}],"ix":2,"l":2},"a":{"a":0,"k":[0,0,0],"ix":1,"l":2},"s":{"a":0,"k":[100,100,100],"ix":6,"l":2}},"ao":0,"ip":0,"op":120,"st":-27.5,"bm":0},{"ddd":0,"ind":2,"ty":3,"nm":"FACE ROTATION","parent":1,"sr":1,"ks":{"o":{"a":0,"k":0,"ix":11},"r":{"a":0,"k":0,"ix":10},"p":{"a":1,"k":[{"i":{"x":1,"y":1},"o":{"x":0.8,"y":0},"t":-27.5,"s":[-3,-12.368,0],"to":[101.833,0,0],"ti":[106.585,-2.325,0]},{"i":{"x":1,"y":1},"o":{"x":0.9,"y":0},"t":-2.5,"s":[608,-12.368,0],"to":[-106.585,2.325,0],"ti":[101.833,0,0]},{"i":{"x":0.1,"y":1},"o":{"x":0,"y":0},"t":0,"s":[-642.513,1.583,0],"to":[-101.833,0,0],"ti":[-73.333,0,0]},{"i":{"x":1,"y":1},"o":{"x":0.193,"y":0.193},"t":37.5,"s":[-3,-12.368,0],"to":[0,0,0],"ti":[0,0,0]},{"i":{"x":0.833,"y":0.833},"o":{"x":0.8,"y":0},"t":90,"s":[-3,-12.368,0],"to":[95.167,0,0],"ti":[-95.167,0,0]},{"t":118,"s":[568,-12.368,0]}],"ix":2,"l":2},"a":{"a":0,"k":[0,0,0],"ix":1,"l":2},"s":{"a":0,"k":[100,100,100],"ix":6,"l":2}},"ao":0,"ip":0,"op":120,"st":-27.5,"bm":0},{"ddd":0,"ind":3,"ty":3,"nm":"FACE","parent":2,"sr":1,"ks":{"o":{"a":0,"k":0,"ix":11},"r":{"a":0,"k":0,"ix":10},"p":{"a":1,"k":[{"i":{"x":0.635,"y":0.635},"o":{"x":0.302,"y":0.302},"t":85,"s":[3,1.632,0],"to":[0,0,0],"ti":[0,0,0]},{"i":{"x":0.1,"y":1},"o":{"x":0.167,"y":0},"t":97.5,"s":[3,1.632,0],"to":[0,-2,0],"ti":[0,-1,0]},{"i":{"x":0.1,"y":1},"o":{"x":0.167,"y":0},"t":107.5,"s":[3,-10.368,0],"to":[0,1,0],"ti":[0,-1.667,0]},{"i":{"x":0.1,"y":1},"o":{"x":0.167,"y":0},"t":117.5,"s":[3,7.632,0],"to":[0,1.667,0],"ti":[0,1,0]},{"i":{"x":0.1,"y":1},"o":{"x":0.167,"y":0},"t":127.5,"s":[3,-0.368,0],"to":[0,-1,0],"ti":[0,-0.333,0]},{"t":135,"s":[3,1.632,0]}],"ix":2,"l":2},"a":{"a":0,"k":[0,0,0],"ix":1,"l":2},"s":{"a":0,"k":[100,100,100],"ix":6,"l":2}},"ao":0,"ip":0,"op":120,"st":-27.5,"bm":0},{"ddd":0,"ind":4,"ty":3,"nm":"EYES","parent":3,"sr":1,"ks":{"o":{"a":0,"k":0,"ix":11},"r":{"a":0,"k":0,"ix":10},"p":{"a":1,"k":[{"i":{"x":0.4,"y":1},"o":{"x":0.333,"y":0},"t":12.5,"s":[0,10,0],"to":[0,-3.333,0],"ti":[0,-3.333,0]},{"i":{"x":0.667,"y":1},"o":{"x":0.8,"y":0},"t":22.5,"s":[0,-10,0],"to":[0,3.333,0],"ti":[0,-3.333,0]},{"i":{"x":0.4,"y":1},"o":{"x":0.333,"y":0},"t":30,"s":[0,30,0],"to":[0,3.333,0],"ti":[0,3.333,0]},{"i":{"x":0.667,"y":0.667},"o":{"x":0.333,"y":0.333},"t":42.5,"s":[0,10,0],"to":[0,0,0],"ti":[0,0,0]},{"i":{"x":0.366,"y":1},"o":{"x":0.494,"y":0},"t":85,"s":[0,10,0],"to":[0,0,0],"ti":[0,0,0]},{"i":{"x":0.535,"y":1},"o":{"x":0.221,"y":0},"t":97.5,"s":[0,70,0],"to":[0,0,0],"ti":[0,0,0]},{"t":107.5,"s":[0,10,0]}],"ix":2,"l":2},"a":{"a":0,"k":[0,0,0],"ix":1,"l":2},"s":{"a":0,"k":[100,100,100],"ix":6,"l":2}},"ao":0,"ip":0,"op":120,"st":-27.5,"bm":0},{"ddd":0,"ind":5,"ty":4,"nm":"eye closed 2","parent":4,"sr":1,"ks":{"o":{"a":0,"k":100,"ix":11},"r":{"a":1,"k":[{"i":{"x":[0.667],"y":[1]},"o":{"x":[0.333],"y":[0]},"t":42.5,"s":[0]},{"t":85,"s":[0]}],"ix":10},"p":{"a":1,"k":[{"i":{"x":0.667,"y":1},"o":{"x":0.333,"y":0},"t":42.5,"s":[194.631,-80.578,0],"to":[-5.333,0,0],"ti":[2.667,-3.667,0]},{"i":{"x":0.667,"y":1},"o":{"x":0.333,"y":0},"t":85,"s":[162.631,-80.578,0],"to":[-2.667,3.667,0],"ti":[-2.667,-3.667,0]},{"t":95,"s":[178.631,-58.578,0]}],"ix":2,"l":2},"a":{"a":0,"k":[-229.631,-80.578,0],"ix":1,"l":2},"s":{"a":0,"k":[-100,100,100],"ix":6,"l":2}},"ao":0,"shapes":[{"ty":"gr","it":[{"ind":0,"ty":"sh","ix":1,"ks":{"a":1,"k":[{"i":{"x":0.667,"y":1},"o":{"x":0.333,"y":0},"t":27.5,"s":[{"i":[[-11.512,-14.775],[-23,-11],[0,0],[31.407,-15.704],[3.65,-15.61],[-8.678,0.668],[-56.039,9.779],[-19.5,-1],[8.453,17.437],[35.158,19.872],[20.149,-0.73]],"o":[[5.26,6.751],[36.534,17.473],[0,0],[-20.463,10.232],[-2.95,12.615],[19.5,-1.5],[74.5,-13],[13.398,0.687],[-10.991,-22.673],[-46,-26],[-17.975,0.652]],"v":[[-325.26,-130.751],[-275,-109],[-227.5,-83],[-293,-65],[-339.942,-20.103],[-321,2.5],[-243,-29.5],[-138,-23],[-121.826,-55.6],[-203,-127.5],[-310.025,-163.652]],"c":true}]},{"i":{"x":0.4,"y":1},"o":{"x":0.333,"y":0},"t":30,"s":[{"i":[[-14.321,-12.072],[-10.498,-2.552],[0,0],[19.198,-8.527],[6.669,-14.578],[-8.639,-1.064],[-56.866,-1.512],[-19.5,-1],[8.453,17.437],[38.51,12.164],[19.561,-4.885]],"o":[[6.544,5.516],[10.081,2.451],[0,0],[-19.265,8.557],[-5.389,11.781],[19.411,2.391],[75.599,2.009],[13.398,0.687],[-10.991,-22.673],[-50.385,-15.916],[-17.451,4.358]],"v":[[-326.802,-115.255],[-292.128,-107.878],[-265.083,-100.251],[-304.176,-90.379],[-340.579,-60.667],[-326.488,-34.76],[-238.696,-53.181],[-133.5,-35],[-117.326,-67.6],[-206.516,-137.38],[-318.706,-150.596]],"c":true}]},{"i":{"x":0.667,"y":1},"o":{"x":0.333,"y":0},"t":42.5,"s":[{"i":[[-11.512,-14.775],[-23,-11],[0,0],[31.407,-15.704],[3.65,-15.61],[-8.678,0.668],[-56.039,9.779],[-19.5,-1],[8.453,17.437],[35.158,19.872],[20.149,-0.73]],"o":[[5.26,6.751],[36.534,17.473],[0,0],[-20.463,10.232],[-2.95,12.615],[19.5,-1.5],[74.5,-13],[13.398,0.687],[-10.991,-22.673],[-46,-26],[-17.975,0.652]],"v":[[-325.26,-130.751],[-275,-109],[-227.5,-83],[-293,-65],[-339.942,-20.103],[-321,2.5],[-243,-29.5],[-138,-23],[-121.826,-55.6],[-203,-127.5],[-310.025,-163.652]],"c":true}]},{"i":{"x":0.667,"y":1},"o":{"x":0.333,"y":0},"t":85,"s":[{"i":[[-11.512,-14.775],[-23,-11],[0,0],[31.407,-15.704],[3.65,-15.61],[-8.678,0.668],[-56.039,9.779],[-19.5,-1],[8.453,17.437],[35.158,19.872],[20.149,-0.73]],"o":[[5.26,6.751],[36.534,17.473],[0,0],[-20.463,10.232],[-2.95,12.615],[19.5,-1.5],[74.5,-13],[13.398,0.687],[-10.991,-22.673],[-46,-26],[-17.975,0.652]],"v":[[-325.26,-130.751],[-275,-109],[-227.5,-83],[-293,-65],[-339.942,-20.103],[-321,2.5],[-243,-29.5],[-138,-23],[-121.826,-55.6],[-203,-127.5],[-310.025,-163.652]],"c":true}]},{"i":{"x":0.667,"y":1},"o":{"x":0.333,"y":0},"t":95,"s":[{"i":[[-14.321,-12.072],[-10.498,-2.552],[0,0],[19.198,-8.527],[6.669,-14.578],[-8.639,-1.064],[-56.866,-1.512],[-19.5,-1],[8.453,17.437],[38.51,12.164],[19.561,-4.885]],"o":[[6.544,5.516],[10.081,2.451],[0,0],[-19.265,8.557],[-5.389,11.781],[19.411,2.391],[75.599,2.009],[13.398,0.687],[-10.991,-22.673],[-50.385,-15.916],[-17.451,4.358]],"v":[[-326.802,-115.255],[-292.128,-107.878],[-265.083,-100.251],[-304.176,-90.379],[-340.579,-60.667],[-326.488,-34.76],[-238.696,-53.181],[-133.5,-35],[-117.326,-67.6],[-206.516,-137.38],[-318.706,-150.596]],"c":true}]},{"t":102.5,"s":[{"i":[[-11.512,-14.775],[-23,-11],[0,0],[31.407,-15.704],[3.65,-15.61],[-8.678,0.668],[-56.039,9.779],[-19.5,-1],[8.453,17.437],[35.158,19.872],[20.149,-0.73]],"o":[[5.26,6.751],[36.534,17.473],[0,0],[-20.463,10.232],[-2.95,12.615],[19.5,-1.5],[74.5,-13],[13.398,0.687],[-10.991,-22.673],[-46,-26],[-17.975,0.652]],"v":[[-313.26,-142.751],[-263,-121],[-215.5,-95],[-281,-77],[-327.942,-32.103],[-309,-9.5],[-231,-41.5],[-126,-35],[-109.826,-67.6],[-191,-139.5],[-298.025,-175.651]],"c":true}]}],"ix":2},"nm":"Path 1","mn":"ADBE Vector Shape - Group","hd":false},{"ty":"fl","c":{"a":0,"k":[0.2588239782,0.168626987233,0.050980003207,1],"ix":4},"o":{"a":0,"k":100,"ix":5},"r":1,"bm":0,"nm":"Fill 1","mn":"ADBE Vector Graphic - Fill","hd":false},{"ty":"tr","p":{"a":0,"k":[0,0],"ix":2},"a":{"a":0,"k":[0,0],"ix":1},"s":{"a":0,"k":[100,100],"ix":3},"r":{"a":0,"k":0,"ix":6},"o":{"a":0,"k":100,"ix":7},"sk":{"a":0,"k":0,"ix":4},"sa":{"a":0,"k":0,"ix":5},"nm":"Transform"}],"nm":"Shape 1","np":2,"cix":2,"bm":0,"ix":1,"mn":"ADBE Vector Group","hd":false}],"ip":90,"op":102.5,"st":-67.5,"bm":0},{"ddd":0,"ind":6,"ty":4,"nm":"eye closed","parent":4,"sr":1,"ks":{"o":{"a":0,"k":100,"ix":11},"r":{"a":1,"k":[{"i":{"x":[0.667],"y":[1]},"o":{"x":[0.333],"y":[0]},"t":42.5,"s":[0]},{"t":85,"s":[0]}],"ix":10},"p":{"a":1,"k":[{"i":{"x":0.667,"y":0.667},"o":{"x":0.333,"y":0.333},"t":42.5,"s":[-194.631,-80.578,0],"to":[0,0,0],"ti":[0,0,0]},{"i":{"x":0.667,"y":1},"o":{"x":0.333,"y":0},"t":85,"s":[-194.631,-80.578,0],"to":[0,3.333,0],"ti":[0,-3.333,0]},{"t":95,"s":[-194.631,-60.578,0]}],"ix":2,"l":2},"a":{"a":0,"k":[-229.631,-80.578,0],"ix":1,"l":2},"s":{"a":0,"k":[100,100,100],"ix":6,"l":2}},"ao":0,"shapes":[{"ty":"gr","it":[{"ind":0,"ty":"sh","ix":1,"ks":{"a":1,"k":[{"i":{"x":0.667,"y":1},"o":{"x":0.333,"y":0},"t":27.5,"s":[{"i":[[-11.512,-14.775],[-23,-11],[0,0],[31.407,-15.704],[3.65,-15.61],[-8.678,0.668],[-56.039,9.779],[-19.5,-1],[8.453,17.437],[35.158,19.872],[20.149,-0.73]],"o":[[5.26,6.751],[36.534,17.473],[0,0],[-20.463,10.232],[-2.95,12.615],[19.5,-1.5],[74.5,-13],[13.398,0.687],[-10.991,-22.673],[-46,-26],[-17.975,0.652]],"v":[[-325.26,-130.751],[-275,-109],[-227.5,-83],[-293,-65],[-339.942,-20.103],[-321,2.5],[-243,-29.5],[-138,-23],[-121.826,-55.6],[-203,-127.5],[-310.025,-163.652]],"c":true}]},{"i":{"x":0.4,"y":1},"o":{"x":0.333,"y":0},"t":30,"s":[{"i":[[-14.321,-12.072],[-10.498,-2.552],[0,0],[19.198,-8.527],[6.669,-14.578],[-8.639,-1.064],[-56.866,-1.512],[-19.5,-1],[8.453,17.437],[38.51,12.164],[19.561,-4.885]],"o":[[6.544,5.516],[10.081,2.451],[0,0],[-19.265,8.557],[-5.389,11.781],[19.411,2.391],[75.599,2.009],[13.398,0.687],[-10.991,-22.673],[-50.385,-15.916],[-17.451,4.358]],"v":[[-326.802,-115.255],[-292.128,-107.878],[-265.083,-100.251],[-304.176,-90.379],[-340.579,-60.667],[-326.488,-34.76],[-238.696,-53.181],[-133.5,-35],[-117.326,-67.6],[-206.516,-137.38],[-318.706,-150.596]],"c":true}]},{"i":{"x":0.667,"y":1},"o":{"x":0.333,"y":0},"t":42.5,"s":[{"i":[[-11.512,-14.775],[-23,-11],[0,0],[31.407,-15.704],[3.65,-15.61],[-8.678,0.668],[-56.039,9.779],[-19.5,-1],[8.453,17.437],[35.158,19.872],[20.149,-0.73]],"o":[[5.26,6.751],[36.534,17.473],[0,0],[-20.463,10.232],[-2.95,12.615],[19.5,-1.5],[74.5,-13],[13.398,0.687],[-10.991,-22.673],[-46,-26],[-17.975,0.652]],"v":[[-325.26,-130.751],[-275,-109],[-227.5,-83],[-293,-65],[-339.942,-20.103],[-321,2.5],[-243,-29.5],[-138,-23],[-121.826,-55.6],[-203,-127.5],[-310.025,-163.652]],"c":true}]},{"i":{"x":0.667,"y":1},"o":{"x":0.333,"y":0},"t":85,"s":[{"i":[[-11.512,-14.775],[-23,-11],[0,0],[31.407,-15.704],[3.65,-15.61],[-8.678,0.668],[-56.039,9.779],[-19.5,-1],[8.453,17.437],[35.158,19.872],[20.149,-0.73]],"o":[[5.26,6.751],[36.534,17.473],[0,0],[-20.463,10.232],[-2.95,12.615],[19.5,-1.5],[74.5,-13],[13.398,0.687],[-10.991,-22.673],[-46,-26],[-17.975,0.652]],"v":[[-325.26,-130.751],[-275,-109],[-227.5,-83],[-293,-65],[-339.942,-20.103],[-321,2.5],[-243,-29.5],[-138,-23],[-121.826,-55.6],[-203,-127.5],[-310.025,-163.652]],"c":true}]},{"i":{"x":0.667,"y":1},"o":{"x":0.333,"y":0},"t":95,"s":[{"i":[[-14.321,-12.072],[-10.498,-2.552],[0,0],[19.198,-8.527],[6.669,-14.578],[-8.639,-1.064],[-56.866,-1.512],[-19.5,-1],[8.453,17.437],[38.51,12.164],[19.561,-4.885]],"o":[[6.544,5.516],[10.081,2.451],[0,0],[-19.265,8.557],[-5.389,11.781],[19.411,2.391],[75.599,2.009],[13.398,0.687],[-10.991,-22.673],[-50.385,-15.916],[-17.451,4.358]],"v":[[-326.802,-115.255],[-292.128,-107.878],[-265.083,-100.251],[-304.176,-90.379],[-340.579,-60.667],[-326.488,-34.76],[-238.696,-53.181],[-133.5,-35],[-117.326,-67.6],[-206.516,-137.38],[-318.706,-150.596]],"c":true}]},{"t":102.5,"s":[{"i":[[-11.512,-14.775],[-23,-11],[0,0],[31.407,-15.704],[3.65,-15.61],[-8.678,0.668],[-56.039,9.779],[-19.5,-1],[8.453,17.437],[35.158,19.872],[20.149,-0.73]],"o":[[5.26,6.751],[36.534,17.473],[0,0],[-20.463,10.232],[-2.95,12.615],[19.5,-1.5],[74.5,-13],[13.398,0.687],[-10.991,-22.673],[-46,-26],[-17.975,0.652]],"v":[[-313.26,-142.751],[-263,-121],[-215.5,-95],[-281,-77],[-327.942,-32.103],[-309,-9.5],[-231,-41.5],[-126,-35],[-109.826,-67.6],[-191,-139.5],[-298.025,-175.651]],"c":true}]}],"ix":2},"nm":"Path 1","mn":"ADBE Vector Shape - Group","hd":false},{"ty":"fl","c":{"a":0,"k":[0.2588239782,0.168626987233,0.050980003207,1],"ix":4},"o":{"a":0,"k":100,"ix":5},"r":1,"bm":0,"nm":"Fill 1","mn":"ADBE Vector Graphic - Fill","hd":false},{"ty":"tr","p":{"a":0,"k":[0,0],"ix":2},"a":{"a":0,"k":[0,0],"ix":1},"s":{"a":0,"k":[100,100],"ix":3},"r":{"a":0,"k":0,"ix":6},"o":{"a":0,"k":100,"ix":7},"sk":{"a":0,"k":0,"ix":4},"sa":{"a":0,"k":0,"ix":5},"nm":"Transform"}],"nm":"Shape 1","np":2,"cix":2,"bm":0,"ix":1,"mn":"ADBE Vector Group","hd":false}],"ip":28,"op":102.5,"st":-67.5,"bm":0},{"ddd":0,"ind":7,"ty":4,"nm":"base normal 7","parent":1,"td":1,"sr":1,"ks":{"o":{"a":0,"k":100,"ix":11},"r":{"a":0,"k":0,"ix":10},"p":{"a":0,"k":[0,442,0],"ix":2,"l":2},"a":{"a":0,"k":[0,56.5,0],"ix":1,"l":2},"s":{"a":1,"k":[{"i":{"x":[0.667,0.667,0.667],"y":[1,1,1]},"o":{"x":[0.333,0.333,0.333],"y":[0,0,0]},"t":12.5,"s":[800,800,100]},{"i":{"x":[0.667,0.667,0.667],"y":[1,1,1]},"o":{"x":[0.333,0.333,0.333],"y":[0,0,0]},"t":85,"s":[800,800,100]},{"i":{"x":[0.1,0.1,0.833],"y":[1,1,1]},"o":{"x":[0.5,0.5,0.333],"y":[0,0,0]},"t":95,"s":[810,790,100]},{"t":110,"s":[800,800,100]}],"ix":6,"l":2}},"ao":0,"shapes":[{"ty":"gr","it":[{"ind":0,"ty":"sh","ix":1,"ks":{"a":0,"k":{"i":[[15.4,0],[0,38.4],[-27.9,0],[-10.6,-9.3],[0,-16.9],[11.5,-10.2]],"o":[[-27.9,0],[0,-38.4],[15.5,0],[11.5,10.2],[0,16.9],[-10.6,9.3]],"v":[[0,55.9],[-58,0],[0,-55.9],[40.4,-41.5],[58,0],[40.4,41.4]],"c":true},"ix":2},"nm":"Path 1","mn":"ADBE Vector Shape - Group","hd":false},{"ty":"gf","o":{"a":0,"k":100,"ix":10},"r":1,"bm":0,"g":{"p":5,"k":{"a":0,"k":[0.48,0.992,0.878,0.188,0.691,0.98,0.816,0.178,0.902,0.969,0.753,0.169,0.966,0.963,0.694,0.153,1,0.957,0.635,0.137],"ix":9}},"s":{"a":0,"k":[0,0],"ix":5},"e":{"a":0,"k":[56.225,0],"ix":6},"t":2,"h":{"a":0,"k":0,"ix":7},"a":{"a":0,"k":0,"ix":8},"nm":"Gradient Fill 1","mn":"ADBE Vector Graphic - G-Fill","hd":false},{"ty":"tr","p":{"a":0,"k":[0,0],"ix":2},"a":{"a":0,"k":[0,0],"ix":1},"s":{"a":0,"k":[100,100],"ix":3},"r":{"a":0,"k":0,"ix":6},"o":{"a":0,"k":100,"ix":7},"sk":{"a":0,"k":0,"ix":4},"sa":{"a":0,"k":0,"ix":5},"nm":"Transform"}],"nm":"Group 1","np":2,"cix":2,"bm":0,"ix":1,"mn":"ADBE Vector Group","hd":false}],"ip":0,"op":28,"st":-27.5,"bm":0},{"ddd":0,"ind":8,"ty":4,"nm":"eye open left","parent":4,"tt":1,"sr":1,"ks":{"o":{"a":0,"k":100,"ix":11},"r":{"a":0,"k":0,"ix":10},"p":{"a":1,"k":[{"i":{"x":0.1,"y":1},"o":{"x":0,"y":0},"t":0,"s":[-86.014,-82.491,0],"to":[-16.331,0.067,0],"ti":[16.331,-0.067,0]},{"t":25,"s":[-184,-82.086,0]}],"ix":2,"l":2},"a":{"a":0,"k":[132,-196,0],"ix":1,"l":2},"s":{"a":1,"k":[{"i":{"x":[0.1,0.1,0.667],"y":[1,1,1]},"o":{"x":[0,0,0.167],"y":[0,0,0]},"t":0,"s":[50,100,100]},{"t":37.5,"s":[100,100,100]}],"ix":6,"l":2}},"ao":0,"shapes":[{"ty":"gr","it":[{"d":1,"ty":"el","s":{"a":0,"k":[120,120],"ix":2},"p":{"a":0,"k":[0,0],"ix":3},"nm":"Ellipse Path 1","mn":"ADBE Vector Shape - Ellipse","hd":false},{"ty":"fl","c":{"a":0,"k":[0.258823543787,0.168627455831,0.050980396569,1],"ix":4},"o":{"a":0,"k":100,"ix":5},"r":1,"bm":0,"nm":"Fill 1","mn":"ADBE Vector Graphic - Fill","hd":false},{"ty":"tr","p":{"a":1,"k":[{"i":{"x":0.667,"y":1},"o":{"x":0.167,"y":0.167},"t":2,"s":[78.001,-195.707],"to":[9,-0.049],"ti":[-9,0.049]},{"t":15,"s":[132,-196]}],"ix":2},"a":{"a":0,"k":[0,0],"ix":1},"s":{"a":0,"k":[100,100],"ix":3},"r":{"a":0,"k":0,"ix":6},"o":{"a":0,"k":100,"ix":7},"sk":{"a":0,"k":0,"ix":4},"sa":{"a":0,"k":0,"ix":5},"nm":"Transform"}],"nm":"Ellipse 2","np":2,"cix":2,"bm":0,"ix":1,"mn":"ADBE Vector Group","hd":false},{"ty":"gr","it":[{"d":1,"ty":"el","s":{"a":0,"k":[278,278],"ix":2},"p":{"a":0,"k":[0,0],"ix":3},"nm":"Ellipse Path 1","mn":"ADBE Vector Shape - Ellipse","hd":false},{"ty":"fl","c":{"a":0,"k":[1,1,1,1],"ix":4},"o":{"a":0,"k":100,"ix":5},"r":1,"bm":0,"nm":"Fill 1","mn":"ADBE Vector Graphic - Fill","hd":false},{"ty":"tr","p":{"a":0,"k":[132,-196],"ix":2},"a":{"a":0,"k":[0,0],"ix":1},"s":{"a":1,"k":[{"i":{"x":[0.833,0.833],"y":[1,0.833]},"o":{"x":[1,1],"y":[0,0]},"t":23,"s":[100,100]},{"t":27,"s":[100,73]}],"ix":3},"r":{"a":0,"k":0,"ix":6},"o":{"a":0,"k":100,"ix":7},"sk":{"a":0,"k":0,"ix":4},"sa":{"a":0,"k":0,"ix":5},"nm":"Transform"}],"nm":"Ellipse 1","np":2,"cix":2,"bm":0,"ix":2,"mn":"ADBE Vector Group","hd":false}],"ip":-1,"op":28,"st":-27.5,"bm":0},{"ddd":0,"ind":9,"ty":4,"nm":"base normal matte","parent":1,"td":1,"sr":1,"ks":{"o":{"a":0,"k":100,"ix":11},"r":{"a":0,"k":0,"ix":10},"p":{"a":0,"k":[0,442,0],"ix":2,"l":2},"a":{"a":0,"k":[0,56.5,0],"ix":1,"l":2},"s":{"a":1,"k":[{"i":{"x":[0.667,0.667,0.667],"y":[1,1,1]},"o":{"x":[0.333,0.333,0.333],"y":[0,0,0]},"t":12.5,"s":[800,800,100]},{"i":{"x":[0.667,0.667,0.667],"y":[1,1,1]},"o":{"x":[0.333,0.333,0.333],"y":[0,0,0]},"t":85,"s":[800,800,100]},{"i":{"x":[0.1,0.1,0.833],"y":[1,1,1]},"o":{"x":[0.5,0.5,0.333],"y":[0,0,0]},"t":95,"s":[810,790,100]},{"t":110,"s":[800,800,100]}],"ix":6,"l":2}},"ao":0,"shapes":[{"ty":"gr","it":[{"ind":0,"ty":"sh","ix":1,"ks":{"a":0,"k":{"i":[[15.4,0],[0,38.4],[-27.9,0],[-10.6,-9.3],[0,-16.9],[11.5,-10.2]],"o":[[-27.9,0],[0,-38.4],[15.5,0],[11.5,10.2],[0,16.9],[-10.6,9.3]],"v":[[0,55.9],[-58,0],[0,-55.9],[40.4,-41.5],[58,0],[40.4,41.4]],"c":true},"ix":2},"nm":"Path 1","mn":"ADBE Vector Shape - Group","hd":false},{"ty":"gf","o":{"a":0,"k":100,"ix":10},"r":1,"bm":0,"g":{"p":5,"k":{"a":0,"k":[0.48,0.992,0.878,0.188,0.691,0.98,0.816,0.178,0.902,0.969,0.753,0.169,0.966,0.963,0.694,0.153,1,0.957,0.635,0.137],"ix":9}},"s":{"a":0,"k":[0,0],"ix":5},"e":{"a":0,"k":[56.225,0],"ix":6},"t":2,"h":{"a":0,"k":0,"ix":7},"a":{"a":0,"k":0,"ix":8},"nm":"Gradient Fill 1","mn":"ADBE Vector Graphic - G-Fill","hd":false},{"ty":"tr","p":{"a":0,"k":[0,0],"ix":2},"a":{"a":0,"k":[0,0],"ix":1},"s":{"a":0,"k":[100,100],"ix":3},"r":{"a":0,"k":0,"ix":6},"o":{"a":0,"k":100,"ix":7},"sk":{"a":0,"k":0,"ix":4},"sa":{"a":0,"k":0,"ix":5},"nm":"Transform"}],"nm":"Group 1","np":2,"cix":2,"bm":0,"ix":1,"mn":"ADBE Vector Group","hd":false}],"ip":0,"op":90,"st":-27.5,"bm":0},{"ddd":0,"ind":10,"ty":4,"nm":"eye open right","parent":4,"tt":1,"sr":1,"ks":{"o":{"a":0,"k":100,"ix":11},"r":{"a":0,"k":0,"ix":10},"p":{"a":0,"k":[152,-82.086,0],"ix":2,"l":2},"a":{"a":0,"k":[132,-196,0],"ix":1,"l":2},"s":{"a":1,"k":[{"i":{"x":[0.1,0.1,0.667],"y":[1,1,1]},"o":{"x":[0,0,0.167],"y":[0,0,0]},"t":0,"s":[70,100,100]},{"t":15,"s":[100,100,100]}],"ix":6,"l":2}},"ao":0,"shapes":[{"ty":"gr","it":[{"d":1,"ty":"el","s":{"a":0,"k":[120,120],"ix":2},"p":{"a":0,"k":[0,0],"ix":3},"nm":"Ellipse Path 1","mn":"ADBE Vector Shape - Ellipse","hd":false},{"ty":"fl","c":{"a":0,"k":[0.258823543787,0.168627455831,0.050980396569,1],"ix":4},"o":{"a":0,"k":100,"ix":5},"r":1,"bm":0,"nm":"Fill 1","mn":"ADBE Vector Graphic - Fill","hd":false},{"ty":"tr","p":{"a":1,"k":[{"i":{"x":0.667,"y":1},"o":{"x":0.167,"y":0.167},"t":2.5,"s":[83.501,-195.707],"to":[9,-0.049],"ti":[-9,0.049]},{"t":15,"s":[137.5,-196]}],"ix":2},"a":{"a":0,"k":[0,0],"ix":1},"s":{"a":1,"k":[{"i":{"x":[0.833,0.833],"y":[0.833,0.833]},"o":{"x":[0.167,0.167],"y":[0.167,0.167]},"t":83,"s":[100,100]},{"t":89,"s":[100,100]}],"ix":3},"r":{"a":0,"k":0,"ix":6},"o":{"a":0,"k":100,"ix":7},"sk":{"a":0,"k":0,"ix":4},"sa":{"a":0,"k":0,"ix":5},"nm":"Transform"}],"nm":"Ellipse 2","np":2,"cix":2,"bm":0,"ix":1,"mn":"ADBE Vector Group","hd":false},{"ty":"gr","it":[{"d":1,"ty":"el","s":{"a":0,"k":[278,278],"ix":2},"p":{"a":0,"k":[0,0],"ix":3},"nm":"Ellipse Path 1","mn":"ADBE Vector Shape - Ellipse","hd":false},{"ty":"fl","c":{"a":0,"k":[1,1,1,1],"ix":4},"o":{"a":0,"k":100,"ix":5},"r":1,"bm":0,"nm":"Fill 1","mn":"ADBE Vector Graphic - Fill","hd":false},{"ty":"tr","p":{"a":0,"k":[132,-196],"ix":2},"a":{"a":0,"k":[0,0],"ix":1},"s":{"a":1,"k":[{"i":{"x":[0.833,0.833],"y":[1,0.833]},"o":{"x":[1,1],"y":[0,0]},"t":83,"s":[100,100]},{"t":89,"s":[100,84]}],"ix":3},"r":{"a":0,"k":0,"ix":6},"o":{"a":0,"k":100,"ix":7},"sk":{"a":0,"k":0,"ix":4},"sa":{"a":0,"k":0,"ix":5},"nm":"Transform"}],"nm":"Ellipse 1","np":2,"cix":2,"bm":0,"ix":2,"mn":"ADBE Vector Group","hd":false}],"ip":0,"op":90,"st":-27.5,"bm":0},{"ddd":0,"ind":11,"ty":4,"nm":"base normal 5","parent":1,"td":1,"sr":1,"ks":{"o":{"a":0,"k":100,"ix":11},"r":{"a":0,"k":0,"ix":10},"p":{"a":0,"k":[0,442,0],"ix":2,"l":2},"a":{"a":0,"k":[0,56.5,0],"ix":1,"l":2},"s":{"a":1,"k":[{"i":{"x":[0.4,0.4,0.667],"y":[1,1,1]},"o":{"x":[0.333,0.333,0.333],"y":[0,0,0]},"t":12.5,"s":[800,800,100]},{"i":{"x":[0.667,0.667,0.667],"y":[1,1,1]},"o":{"x":[0.8,0.8,0.333],"y":[0,0,0]},"t":22.5,"s":[790,810,100]},{"i":{"x":[0.2,0.2,0.667],"y":[1,1,1]},"o":{"x":[0.333,0.333,0.333],"y":[0,0,0]},"t":30,"s":[810,790,100]},{"i":{"x":[0.667,0.667,0.667],"y":[1,1,1]},"o":{"x":[0.333,0.333,0.333],"y":[0,0,0]},"t":42.5,"s":[800,800,100]},{"i":{"x":[0.667,0.667,0.667],"y":[1,1,1]},"o":{"x":[0.333,0.333,0.333],"y":[0,0,0]},"t":85,"s":[800,800,100]},{"i":{"x":[0.1,0.1,0.833],"y":[1,1,1]},"o":{"x":[0.5,0.5,0.333],"y":[0,0,0]},"t":95,"s":[810,790,100]},{"t":110,"s":[800,800,100]}],"ix":6,"l":2}},"ao":0,"shapes":[{"ty":"gr","it":[{"ind":0,"ty":"sh","ix":1,"ks":{"a":0,"k":{"i":[[15.4,0],[0,38.4],[-27.9,0],[-10.6,-9.3],[0,-16.9],[11.5,-10.2]],"o":[[-27.9,0],[0,-38.4],[15.5,0],[11.5,10.2],[0,16.9],[-10.6,9.3]],"v":[[0,55.9],[-58,0],[0,-55.9],[40.4,-41.5],[58,0],[40.4,41.4]],"c":true},"ix":2},"nm":"Path 1","mn":"ADBE Vector Shape - Group","hd":false},{"ty":"gf","o":{"a":0,"k":100,"ix":10},"r":1,"bm":0,"g":{"p":5,"k":{"a":0,"k":[0.48,0.992,0.878,0.188,0.691,0.98,0.816,0.178,0.902,0.969,0.753,0.169,0.966,0.963,0.694,0.153,1,0.957,0.635,0.137],"ix":9}},"s":{"a":0,"k":[0,0],"ix":5},"e":{"a":0,"k":[56.225,0],"ix":6},"t":2,"h":{"a":0,"k":0,"ix":7},"a":{"a":0,"k":0,"ix":8},"nm":"Gradient Fill 1","mn":"ADBE Vector Graphic - G-Fill","hd":false},{"ty":"tr","p":{"a":0,"k":[0,0],"ix":2},"a":{"a":0,"k":[0,0],"ix":1},"s":{"a":0,"k":[100,100],"ix":3},"r":{"a":0,"k":0,"ix":6},"o":{"a":0,"k":100,"ix":7},"sk":{"a":0,"k":0,"ix":4},"sa":{"a":0,"k":0,"ix":5},"nm":"Transform"}],"nm":"Group 1","np":2,"cix":2,"bm":0,"ix":1,"mn":"ADBE Vector Group","hd":false}],"ip":103,"op":120,"st":-27.5,"bm":0},{"ddd":0,"ind":12,"ty":4,"nm":"eyes normal left","parent":4,"tt":1,"sr":1,"ks":{"o":{"a":0,"k":100,"ix":11},"r":{"a":1,"k":[{"i":{"x":[1],"y":[1]},"o":{"x":[0.8],"y":[0]},"t":-27.5,"s":[0]},{"t":103,"s":[0]}],"ix":10},"p":{"a":1,"k":[{"i":{"x":1,"y":1},"o":{"x":0.8,"y":0},"t":-27.5,"s":[150.398,-61.601,0],"to":[0,-2,0],"ti":[0,2,0]},{"t":103,"s":[150.398,-73.601,0]}],"ix":2,"l":2},"a":{"a":0,"k":[46.65,6.65,0],"ix":1,"l":2},"s":{"a":1,"k":[{"i":{"x":[1,1,0.833],"y":[1,1,1]},"o":{"x":[0.8,0.8,0.167],"y":[0,0,0]},"t":-27.5,"s":[800,800,100]},{"t":103,"s":[800,800,100]}],"ix":6,"l":2}},"ao":0,"shapes":[{"ty":"gr","it":[{"ind":0,"ty":"sh","ix":1,"ks":{"a":0,"k":{"i":[[0.899,0.8],[0,0],[0.7,-1.4],[-0.901,-0.9],[-0.701,1.4]],"o":[[0,0],[-1.4,-0.7],[-0.5,1.1],[1.399,0.7],[0.5,-1.1]],"v":[[1.601,-5.3],[1.601,-5.3],[-2.201,-4],[-1.6,-0.7],[2.201,-2]],"c":true},"ix":2},"nm":"Path 1","mn":"ADBE Vector Shape - Group","hd":false},{"ty":"fl","c":{"a":0,"k":[0.536999990426,0.375999989229,0.141000007181,1],"ix":4},"o":{"a":0,"k":100,"ix":5},"r":1,"bm":0,"nm":"Fill 1","mn":"ADBE Vector Graphic - Fill","hd":false},{"ty":"tr","p":{"a":0,"k":[44.65,6.55],"ix":2},"a":{"a":0,"k":[0,0],"ix":1},"s":{"a":0,"k":[100,100],"ix":3},"r":{"a":0,"k":0,"ix":6},"o":{"a":0,"k":100,"ix":7},"sk":{"a":0,"k":0,"ix":4},"sa":{"a":0,"k":0,"ix":5},"nm":"Transform"}],"nm":"Group 1","np":2,"cix":2,"bm":0,"ix":1,"mn":"ADBE Vector Group","hd":false},{"ty":"gr","it":[{"ind":0,"ty":"sh","ix":1,"ks":{"a":0,"k":{"i":[[4.2,0],[0,0],[0,-5.9],[-4.2,0],[0,5.9]],"o":[[0,0],[-4.2,0],[0,5.9],[4.2,0],[0,-5.9]],"v":[[0,-12.4],[0,-12.4],[-8,-3],[0,6.4],[8,-3]],"c":true},"ix":2},"nm":"Path 1","mn":"ADBE Vector Shape - Group","hd":false},{"ty":"fl","c":{"a":0,"k":[0.258999992819,0.169000004787,0.051000000449,1],"ix":4},"o":{"a":0,"k":100,"ix":5},"r":1,"bm":0,"nm":"Fill 1","mn":"ADBE Vector Graphic - Fill","hd":false},{"ty":"tr","p":{"a":0,"k":[46.65,9.65],"ix":2},"a":{"a":0,"k":[0,0],"ix":1},"s":{"a":0,"k":[100,100],"ix":3},"r":{"a":0,"k":0,"ix":6},"o":{"a":0,"k":100,"ix":7},"sk":{"a":0,"k":0,"ix":4},"sa":{"a":0,"k":0,"ix":5},"nm":"Transform"}],"nm":"Group 2","np":2,"cix":2,"bm":0,"ix":2,"mn":"ADBE Vector Group","hd":false}],"ip":103,"op":120,"st":-27.5,"bm":0},{"ddd":0,"ind":13,"ty":4,"nm":"base normal 4","parent":1,"td":1,"sr":1,"ks":{"o":{"a":0,"k":100,"ix":11},"r":{"a":0,"k":0,"ix":10},"p":{"a":0,"k":[-1.996,442.132,0],"ix":2,"l":2},"a":{"a":0,"k":[0,56.5,0],"ix":1,"l":2},"s":{"a":1,"k":[{"i":{"x":[0.4,0.4,0.667],"y":[1,1,1]},"o":{"x":[0.333,0.333,0.333],"y":[0,0,0]},"t":12.5,"s":[800,800,100]},{"i":{"x":[0.667,0.667,0.667],"y":[1,1,1]},"o":{"x":[0.8,0.8,0.333],"y":[0,0,0]},"t":22.5,"s":[790,810,100]},{"i":{"x":[0.2,0.2,0.667],"y":[1,1,1]},"o":{"x":[0.333,0.333,0.333],"y":[0,0,0]},"t":30,"s":[810,790,100]},{"i":{"x":[0.667,0.667,0.667],"y":[1,1,1]},"o":{"x":[0.333,0.333,0.333],"y":[0,0,0]},"t":42.5,"s":[800,800,100]},{"i":{"x":[0.667,0.667,0.667],"y":[1,1,1]},"o":{"x":[0.333,0.333,0.333],"y":[0,0,0]},"t":85,"s":[800,800,100]},{"i":{"x":[0.1,0.1,0.833],"y":[1,1,1]},"o":{"x":[0.5,0.5,0.333],"y":[0,0,0]},"t":95,"s":[810,790,100]},{"t":110,"s":[800,800,100]}],"ix":6,"l":2}},"ao":0,"shapes":[{"ty":"gr","it":[{"ind":0,"ty":"sh","ix":1,"ks":{"a":0,"k":{"i":[[15.4,0],[0,38.4],[-27.9,0],[-10.6,-9.3],[0,-16.9],[11.5,-10.2]],"o":[[-27.9,0],[0,-38.4],[15.5,0],[11.5,10.2],[0,16.9],[-10.6,9.3]],"v":[[0,55.9],[-58,0],[0,-55.9],[40.4,-41.5],[58,0],[40.4,41.4]],"c":true},"ix":2},"nm":"Path 1","mn":"ADBE Vector Shape - Group","hd":false},{"ty":"gf","o":{"a":0,"k":100,"ix":10},"r":1,"bm":0,"g":{"p":5,"k":{"a":0,"k":[0.48,0.992,0.878,0.188,0.691,0.98,0.816,0.178,0.902,0.969,0.753,0.169,0.966,0.963,0.694,0.153,1,0.957,0.635,0.137],"ix":9}},"s":{"a":0,"k":[0,0],"ix":5},"e":{"a":0,"k":[56.225,0],"ix":6},"t":2,"h":{"a":0,"k":0,"ix":7},"a":{"a":0,"k":0,"ix":8},"nm":"Gradient Fill 1","mn":"ADBE Vector Graphic - G-Fill","hd":false},{"ty":"tr","p":{"a":0,"k":[0,0],"ix":2},"a":{"a":0,"k":[0,0],"ix":1},"s":{"a":0,"k":[100,100],"ix":3},"r":{"a":0,"k":0,"ix":6},"o":{"a":0,"k":100,"ix":7},"sk":{"a":0,"k":0,"ix":4},"sa":{"a":0,"k":0,"ix":5},"nm":"Transform"}],"nm":"Group 1","np":2,"cix":2,"bm":0,"ix":1,"mn":"ADBE Vector Group","hd":false}],"ip":103,"op":120,"st":-27.5,"bm":0},{"ddd":0,"ind":14,"ty":4,"nm":"eyes normal right","parent":4,"tt":1,"sr":1,"ks":{"o":{"a":0,"k":100,"ix":11},"r":{"a":1,"k":[{"i":{"x":[1],"y":[1]},"o":{"x":[0.8],"y":[0]},"t":-27.5,"s":[0]},{"t":103,"s":[0]}],"ix":10},"p":{"a":1,"k":[{"i":{"x":1,"y":1},"o":{"x":0.8,"y":0},"t":-27.5,"s":[-156.801,-61.601,0],"to":[0,-2,0],"ti":[0,2,0]},{"i":{"x":0.833,"y":0.833},"o":{"x":0.8,"y":0.8},"t":103,"s":[-156.801,-73.601,0],"to":[0,0,0],"ti":[0,0,0]},{"i":{"x":0.833,"y":0.833},"o":{"x":0.167,"y":0.167},"t":110,"s":[-156.801,-73.601,0],"to":[19,0,0],"ti":[-19,0,0]},{"t":113,"s":[-42.801,-73.601,0]}],"ix":2,"l":2},"a":{"a":0,"k":[8.25,6.65,0],"ix":1,"l":2},"s":{"a":1,"k":[{"i":{"x":[1,1,0.833],"y":[1,1,1]},"o":{"x":[0.8,0.8,0.167],"y":[0,0,0]},"t":-27.5,"s":[800,800,100]},{"t":103,"s":[800,800,100]}],"ix":6,"l":2}},"ao":0,"shapes":[{"ty":"gr","it":[{"ind":0,"ty":"sh","ix":1,"ks":{"a":0,"k":{"i":[[0.9,0.8],[0,0],[0.7,-1.4],[-0.9,-0.9],[-0.7,1.4]],"o":[[0,0],[-1.4,-0.7],[-0.5,1.1],[1.4,0.7],[0.6,-1.1]],"v":[[1.55,-5.3],[1.55,-5.3],[-2.25,-4],[-1.65,-0.7],[2.15,-2]],"c":true},"ix":2},"nm":"Path 1","mn":"ADBE Vector Shape - Group","hd":false},{"ty":"fl","c":{"a":0,"k":[0.536999990426,0.375999989229,0.141000007181,1],"ix":4},"o":{"a":0,"k":100,"ix":5},"r":1,"bm":0,"nm":"Fill 1","mn":"ADBE Vector Graphic - Fill","hd":false},{"ty":"tr","p":{"a":0,"k":[6.3,6.55],"ix":2},"a":{"a":0,"k":[0,0],"ix":1},"s":{"a":0,"k":[100,100],"ix":3},"r":{"a":0,"k":0,"ix":6},"o":{"a":0,"k":100,"ix":7},"sk":{"a":0,"k":0,"ix":4},"sa":{"a":0,"k":0,"ix":5},"nm":"Transform"}],"nm":"Group 3","np":2,"cix":2,"bm":0,"ix":1,"mn":"ADBE Vector Group","hd":false},{"ty":"gr","it":[{"ind":0,"ty":"sh","ix":1,"ks":{"a":0,"k":{"i":[[4.2,0],[0,0],[0,-5.9],[-4.2,0],[0,5.9]],"o":[[0,0],[-4.2,0],[0,5.9],[4.2,0],[0,-5.9]],"v":[[0,-12.4],[0,-12.4],[-8,-3],[0,6.4],[8,-3]],"c":true},"ix":2},"nm":"Path 1","mn":"ADBE Vector Shape - Group","hd":false},{"ty":"fl","c":{"a":0,"k":[0.258999992819,0.169000004787,0.051000000449,1],"ix":4},"o":{"a":0,"k":100,"ix":5},"r":1,"bm":0,"nm":"Fill 1","mn":"ADBE Vector Graphic - Fill","hd":false},{"ty":"tr","p":{"a":0,"k":[8.25,9.65],"ix":2},"a":{"a":0,"k":[0,0],"ix":1},"s":{"a":0,"k":[100,100],"ix":3},"r":{"a":0,"k":0,"ix":6},"o":{"a":0,"k":100,"ix":7},"sk":{"a":0,"k":0,"ix":4},"sa":{"a":0,"k":0,"ix":5},"nm":"Transform"}],"nm":"Group 4","np":2,"cix":2,"bm":0,"ix":2,"mn":"ADBE Vector Group","hd":false}],"ip":103,"op":120,"st":-27.5,"bm":0},{"ddd":0,"ind":15,"ty":4,"nm":"tongue matte","parent":20,"td":1,"sr":1,"ks":{"o":{"a":0,"k":100,"ix":11},"r":{"a":1,"k":[{"i":{"x":[0.755],"y":[-1.461]},"o":{"x":[0.333],"y":[0]},"t":5,"s":[9]},{"i":{"x":[0.728],"y":[0.036]},"o":{"x":[0.563],"y":[0.787]},"t":10,"s":[8.717]},{"i":{"x":[0.426],"y":[1]},"o":{"x":[0.181],"y":[0.246]},"t":17.5,"s":[5.657]},{"i":{"x":[0.667],"y":[1]},"o":{"x":[0.6],"y":[0]},"t":27.5,"s":[-5]},{"i":{"x":[0.833],"y":[1]},"o":{"x":[0.333],"y":[0]},"t":37.5,"s":[3]},{"t":47.5,"s":[0]}],"ix":10},"p":{"a":1,"k":[{"i":{"x":0.4,"y":1},"o":{"x":0.333,"y":0},"t":5,"s":[488.693,461.117,0],"to":[-7.157,0.355,0],"ti":[3.657,-0.355,0]},{"i":{"x":0.667,"y":1},"o":{"x":0.6,"y":0},"t":27.5,"s":[445.75,463.25,0],"to":[-3.657,0.355,0],"ti":[-3,-1,0]},{"i":{"x":0.667,"y":1},"o":{"x":0.333,"y":0},"t":37.5,"s":[466.75,463.25,0],"to":[3,1,0],"ti":[0.167,-1,0]},{"i":{"x":0.571,"y":0.571},"o":{"x":0.214,"y":0.214},"t":47.5,"s":[463.75,469.25,0],"to":[0,0,0],"ti":[0,0,0]},{"i":{"x":0.7,"y":0.7},"o":{"x":0.301,"y":0.301},"t":60,"s":[463.75,469.25,0],"to":[0,0,0],"ti":[0,0,0]},{"i":{"x":0.667,"y":1},"o":{"x":0.167,"y":0},"t":95,"s":[463.75,469.25,0],"to":[-2,0,0],"ti":[2,0,0]},{"t":102.5,"s":[451.75,469.25,0]}],"ix":2,"l":2},"a":{"a":0,"k":[464.25,466.25,0],"ix":1,"l":2},"s":{"a":0,"k":[100,100,100],"ix":6,"l":2}},"ao":0,"shapes":[{"ty":"gr","it":[{"ind":0,"ty":"sh","ix":1,"ks":{"a":1,"k":[{"i":{"x":0.833,"y":0.833},"o":{"x":0.333,"y":0},"t":5,"s":[{"i":[[0,0],[0,8.8],[0,0],[0,0],[0,0],[0,0],[0,0],[0,0],[-8.8,-0.08]],"o":[[8.8,0],[0,0],[0,0],[0,0],[0,0],[0,0],[0,0],[-0.08,8.8],[0,0]],"v":[[-11.453,-45.523],[4.547,-61.523],[5.999,-60.767],[6.265,-73.966],[-15.157,-69.988],[-25.317,-69.988],[-28.308,-56.923],[-27.453,-61.603],[-11.533,-45.523]],"c":true}]},{"i":{"x":0.667,"y":1},"o":{"x":0.167,"y":0.167},"t":10,"s":[{"i":[[0,0],[0,8.8],[0,0],[0,0],[0,0],[0,0],[0,0],[0,0],[-8.8,-0.08]],"o":[[8.8,0],[0,0],[0,0],[0,0],[0,0],[0,0],[0,0],[-0.08,8.8],[0,0]],"v":[[-62.327,87.986],[-46.327,71.986],[-19.012,7.122],[9.692,-75.034],[-11.877,-72.456],[-22.037,-72.456],[-52.507,9.925],[-78.327,71.906],[-62.407,87.986]],"c":true}]},{"i":{"x":0.667,"y":1},"o":{"x":0.333,"y":0},"t":17.5,"s":[{"i":[[0,0],[0,8.8],[0,0],[0,0],[0,0],[0,0],[0,0],[0,0],[-8.8,-0.08]],"o":[[8.8,0],[0,0],[0,0],[0,0],[0,0],[0,0],[0,0],[-0.08,8.8],[0,0]],"v":[[0.001,90.413],[16.001,74.413],[16.001,17.193],[16.001,-77],[-5.839,-77],[-15.999,-77],[-15.999,18.079],[-15.999,74.333],[-0.079,90.413]],"c":true}]},{"i":{"x":0.833,"y":0.833},"o":{"x":0.333,"y":0},"t":27.5,"s":[{"i":[[0,0],[0,8.8],[0,0],[0,0],[0,0],[0,0],[0,0],[0,0],[-8.8,-0.08]],"o":[[8.8,0],[0,0],[0,0],[0,0],[0,0],[0,0],[0,0],[-0.08,8.8],[0,0]],"v":[[0.001,90.413],[16.001,74.413],[16.001,17.193],[16.001,-77],[-5.839,-77],[-15.999,-77],[-15.999,18.079],[-15.999,74.333],[-0.079,90.413]],"c":true}]},{"i":{"x":0.833,"y":0.833},"o":{"x":0.167,"y":0.167},"t":30,"s":[{"i":[[0,0],[0,8.8],[0,0],[0,0],[0,0],[0,0],[0,0],[0,0],[-8.8,-0.08]],"o":[[8.8,0],[0,0],[0,0],[0,0],[0,0],[0,0],[0,0],[-0.08,8.8],[0,0]],"v":[[1.208,73.554],[17.208,57.554],[16.001,17.193],[16.001,-77],[-5.839,-77],[-15.999,-77],[-15.999,18.079],[-14.792,57.474],[1.128,73.554]],"c":true}]},{"i":{"x":0.833,"y":0.833},"o":{"x":0.167,"y":0.167},"t":32.5,"s":[{"i":[[0,0],[0,8.8],[0,0],[0,0],[0,0],[0,0],[0,0],[0,0],[-8.8,-0.08]],"o":[[8.8,0],[0,0],[0,0],[0,0],[0,0],[0,0],[0,0],[-0.08,8.8],[0,0]],"v":[[0.333,82.42],[16.333,66.42],[16.001,17.193],[16.001,-77],[-5.839,-77],[-15.999,-77],[-15.999,18.079],[-15.667,66.34],[0.253,82.42]],"c":true}]},{"i":{"x":0.667,"y":1},"o":{"x":0.167,"y":0.167},"t":87.5,"s":[{"i":[[0,0],[0,8.8],[0,0],[0,0],[0,0],[0,0],[0,0],[0,0],[-8.8,-0.08]],"o":[[8.8,0],[0,0],[0,0],[0,0],[0,0],[0,0],[0,0],[-0.08,8.8],[0,0]],"v":[[0.333,82.42],[16.333,66.42],[16.001,17.193],[16.001,-77],[-5.839,-77],[-15.999,-77],[-15.999,18.079],[-15.667,66.34],[0.253,82.42]],"c":true}]},{"i":{"x":0.833,"y":0.833},"o":{"x":0.333,"y":0},"t":90,"s":[{"i":[[0,0],[0,8.8],[0,0],[0,0],[0,0],[0,0],[0,0],[0,0],[-8.8,-0.08]],"o":[[8.8,0],[0,0],[0,0],[0,0],[0,0],[0,0],[0,0],[-0.08,8.8],[0,0]],"v":[[0.001,86.413],[16.001,70.413],[16.001,17.193],[16.001,-77],[-5.839,-77],[-15.999,-77],[-15.999,18.079],[-15.999,70.333],[-0.079,86.413]],"c":true}]},{"i":{"x":0.833,"y":0.833},"o":{"x":0.167,"y":0.167},"t":92.5,"s":[{"i":[[0,0],[-0.434,8.77],[-0.27,13.242],[0,0],[0,0],[0,0],[0.456,-11.513],[0,0],[-8.766,-0.514]],"o":[[8.77,0.434],[0,0],[0.27,-13.242],[0,0],[0,0],[0,0],[-0.456,11.513],[-0.514,8.766],[0,0]],"v":[[-4.737,76.916],[11.998,61.759],[15.631,11.033],[16.009,-76.506],[-5.831,-76.506],[-15.991,-76.506],[-16.369,11.886],[-19.89,60.101],[-4.817,76.912]],"c":true}]},{"i":{"x":0.833,"y":0.833},"o":{"x":0.167,"y":0.167},"t":95,"s":[{"i":[[0,0],[-1.196,8.718],[-0.744,36.484],[0,0],[0,0],[0,0],[1.256,-31.722],[0,0],[-8.708,-1.275]],"o":[[8.718,1.196],[0,0],[0.744,-36.484],[0,0],[0,0],[0,0],[-1.256,31.722],[-1.275,8.707],[0,0]],"v":[[-13.054,79.533],[4.972,65.855],[14.982,0.22],[16.022,-75.64],[-5.818,-75.64],[-15.978,-75.64],[-17.018,1.014],[-26.72,61.427],[-13.133,79.522]],"c":true}]},{"i":{"x":0.833,"y":0.833},"o":{"x":0.167,"y":0.167},"t":97.5,"s":[{"i":[[0,0],[0,8.8],[0,0],[0,0],[0,0],[0,0],[0,0],[0,0],[-8.8,-0.08]],"o":[[8.8,0],[0,0],[0,0],[0,0],[0,0],[0,0],[0,0],[-0.08,8.8],[0,0]],"v":[[-0.063,82.322],[15.937,66.322],[15.973,5.452],[16.032,-74.997],[-5.808,-74.997],[-15.968,-74.997],[-16.028,6.201],[-16.063,66.242],[-0.143,82.322]],"c":true}]},{"i":{"x":0.833,"y":0.833},"o":{"x":0.167,"y":0.167},"t":103,"s":[{"i":[[0,0],[0,8.8],[0,0],[0,0],[0,0],[0,0],[0,0],[0,0],[-8.8,-0.08]],"o":[[8.8,0],[0,0],[0,0],[0,0],[0,0],[0,0],[0,0],[-0.08,8.8],[0,0]],"v":[[-0.343,-29.224],[15.657,-45.224],[15.85,-63.154],[16.167,-66.28],[-5.673,-66.28],[-15.833,-66.28],[-16.154,-62.999],[-16.343,-45.304],[-0.424,-29.224]],"c":true}]},{"i":{"x":1,"y":1},"o":{"x":0.167,"y":0.167},"t":104,"s":[{"i":[[0,0],[0,8.8],[0,0],[0,0],[0,0],[0,0],[0,0],[0,0],[-8.8,-0.08]],"o":[[8.8,0],[0,0],[0,0],[0,0],[0,0],[0,0],[0,0],[-0.08,8.8],[0,0]],"v":[[-0.36,-51.618],[15.64,-67.618],[15.842,-82.236],[16.175,-65.774],[-5.665,-65.774],[-15.825,-65.774],[-16.161,-82.115],[-16.36,-67.698],[-0.44,-51.618]],"c":true}]},{"t":107.5,"s":[{"i":[[0,0],[0,8.8],[0,0],[0,0],[0,0],[0,0],[0,0],[0,0],[-8.8,-0.08]],"o":[[8.8,0],[0,0],[0,0],[0,0],[0,0],[0,0],[0,0],[-0.08,8.8],[0,0]],"v":[[-0.417,-40],[15.583,-56],[15.817,-59.023],[16.203,-64],[-5.637,-64],[-15.797,-64],[-16.186,-59.024],[-16.417,-56.08],[-0.497,-40]],"c":true}]}],"ix":2},"nm":"Path 1","mn":"ADBE Vector Shape - Group","hd":false},{"ty":"fl","c":{"a":0,"k":[0.670999983245,0.246999987434,0.180000005984,1],"ix":4},"o":{"a":0,"k":100,"ix":5},"r":1,"bm":0,"nm":"Fill 1","mn":"ADBE Vector Graphic - Fill","hd":false},{"ty":"tr","p":{"a":0,"k":[463.849,711.25],"ix":2},"a":{"a":0,"k":[0,0],"ix":1},"s":{"a":0,"k":[100,100],"ix":3},"r":{"a":0,"k":0,"ix":6},"o":{"a":0,"k":30,"ix":7},"sk":{"a":0,"k":0,"ix":4},"sa":{"a":0,"k":0,"ix":5},"nm":"Transform"}],"nm":"tongue center","np":2,"cix":2,"bm":0,"ix":2,"mn":"ADBE Vector Group","hd":false},{"ty":"gr","it":[{"ind":0,"ty":"sh","ix":1,"ks":{"a":1,"k":[{"i":{"x":0.833,"y":0.833},"o":{"x":0.333,"y":0},"t":5,"s":[{"i":[[46,-0.56],[0,0],[0,0],[42.313,-4.859],[0,0],[-53.213,4.954],[0,0],[-19.402,26.514],[0,0]],"o":[[0,0],[0,0],[-49.954,4.883],[0,0],[1.429,13.276],[0,0],[72.553,-1.922],[0,0],[-43.36,3.92]],"v":[[6.224,-142.566],[-15.198,-138.588],[-25.278,-138.588],[-94.273,-134.879],[-109.577,-125.312],[-52.603,-69.313],[-17.113,-71.897],[117.362,-140.647],[118.424,-152.71]],"c":true}]},{"i":{"x":0.667,"y":1},"o":{"x":0.167,"y":0.167},"t":10,"s":[{"i":[[46,-0.56],[0,0],[0,0],[42.71,-1.882],[0,0],[-61.101,-4.916],[0,0],[-17.651,58.429],[0,0]],"o":[[0,0],[0,0],[-48.506,3.164],[0,0],[-28.028,58.904],[0,0],[73.148,8.975],[0,0],[-43.36,3.92]],"v":[[9.651,-143.634],[-11.918,-141.056],[-21.998,-141.056],[-105.811,-135.345],[-175.829,-45.481],[-107.321,91.422],[-75.196,94.438],[75.551,4.628],[123.101,-155.521]],"c":true}]},{"i":{"x":0.667,"y":1},"o":{"x":0.333,"y":0},"t":17.5,"s":[{"i":[[46,-0.56],[0,0],[0,0],[43.44,3.6],[0,0],[-75.76,0],[0,0],[0,75.839],[0,0]],"o":[[0,0],[0,0],[-45.84,0],[0,0],[0.08,75.76],[0,0],[75.84,0],[0,0],[-43.36,3.92]],"v":[[14.374,-151.472],[-5.88,-145.6],[-15.96,-145.6],[-150.44,-151.36],[-150.44,44.815],[-13.08,182.015],[13.08,182.015],[150.44,44.655],[149.06,-166.332]],"c":true}]},{"i":{"x":0.833,"y":0.833},"o":{"x":0.333,"y":0},"t":27.5,"s":[{"i":[[46,-0.56],[0,0],[0,0],[43.44,3.6],[0,0],[-75.76,0],[0,0],[0,75.839],[0,0]],"o":[[0,0],[0,0],[-45.84,0],[0,0],[0.08,75.76],[0,0],[75.84,0],[0,0],[-43.36,3.92]],"v":[[15.96,-145.6],[-6.005,-155.649],[-17.168,-154.74],[-153.416,-174.708],[-150.44,44.815],[-13.08,182.015],[13.08,182.015],[150.44,44.655],[150.44,-152.4]],"c":true}]},{"i":{"x":0.833,"y":0.833},"o":{"x":0.167,"y":0.167},"t":30,"s":[{"i":[[46,-0.56],[0,0],[0,0],[43.44,3.6],[0,0],[-75.76,0],[0,0],[0,75.839],[0,0]],"o":[[0,0],[0,0],[-45.84,0],[0,0],[0.08,75.76],[0,0],[75.84,0],[0,0],[-43.36,3.92]],"v":[[15.96,-145.6],[-5.959,-152.002],[-16.73,-151.423],[-152.336,-166.234],[-149.233,27.956],[-11.873,165.156],[14.287,165.156],[151.647,27.796],[150.44,-152.4]],"c":true}]},{"i":{"x":0.833,"y":0.833},"o":{"x":0.167,"y":0.167},"t":32.5,"s":[{"i":[[46,-0.56],[0,0],[0,0],[43.44,3.6],[0,0],[-75.76,0],[0,0],[0,75.839],[0,0]],"o":[[0,0],[0,0],[-45.84,0],[0,0],[0.08,75.76],[0,0],[75.84,0],[0,0],[-43.36,3.92]],"v":[[15.96,-145.6],[-5.88,-145.6],[-15.96,-145.6],[-150.44,-151.36],[-150.109,36.822],[-12.749,174.021],[13.411,174.021],[150.771,36.662],[150.44,-152.4]],"c":true}]},{"i":{"x":0.667,"y":1},"o":{"x":0.167,"y":0.167},"t":87.5,"s":[{"i":[[46,-0.56],[0,0],[0,0],[43.44,3.6],[0,0],[-75.76,0],[0,0],[0,75.839],[0,0]],"o":[[0,0],[0,0],[-45.84,0],[0,0],[0.08,75.76],[0,0],[75.84,0],[0,0],[-43.36,3.92]],"v":[[15.96,-145.6],[-5.88,-145.6],[-15.96,-145.6],[-150.44,-151.36],[-150.109,36.822],[-12.749,174.021],[13.411,174.021],[150.771,36.661],[150.44,-152.4]],"c":true}]},{"i":{"x":0.833,"y":0.833},"o":{"x":0.333,"y":0},"t":90,"s":[{"i":[[46,-0.56],[0,0],[0,0],[43.44,3.6],[0,0],[-75.76,0],[0,0],[0,75.839],[0,0]],"o":[[0,0],[0,0],[-45.84,0],[0,0],[0.08,75.76],[0,0],[75.84,0],[0,0],[-43.36,3.92]],"v":[[15.96,-145.6],[-5.88,-145.6],[-15.96,-145.6],[-150.44,-151.36],[-150.44,40.815],[-13.08,178.015],[13.08,178.015],[150.44,40.655],[150.44,-152.4]],"c":true}]},{"i":{"x":0.833,"y":0.833},"o":{"x":0.167,"y":0.167},"t":92.5,"s":[{"i":[[46,-0.56],[0,0],[0,0],[43.117,3.843],[0,0],[-74.446,-3.64],[0,0],[-3.625,73.942],[0,0]],"o":[[0,0],[0,0],[-45.84,0],[0,0],[-3.337,73.835],[0,0],[74.21,3.484],[0,0],[-43.019,4.209]],"v":[[15.968,-145.106],[-5.872,-145.106],[-15.952,-145.106],[-148.996,-151.17],[-154.235,23.106],[-25.098,163.072],[0.974,164.362],[142.778,37.394],[148.996,-152.21]],"c":true}]},{"i":{"x":0.833,"y":0.833},"o":{"x":0.167,"y":0.167},"t":95,"s":[{"i":[[46,-0.56],[0,0],[0,0],[42.551,4.268],[0,0],[-72.141,-10.03],[0,0],[-9.988,70.613],[0,0]],"o":[[0,0],[0,0],[-45.84,0],[0,0],[-9.335,70.456],[0,0],[71.349,9.6],[0,0],[-42.419,4.716]],"v":[[15.981,-144.24],[-5.859,-144.24],[-15.939,-144.24],[-146.462,-150.837],[-160.897,11.309],[-46.194,156.131],[-20.277,159.686],[129.329,50.959],[146.46,-151.877]],"c":true}]},{"i":{"x":0.833,"y":0.833},"o":{"x":0.167,"y":0.167},"t":97.5,"s":[{"i":[[46,-0.56],[0,0],[0,0],[42.131,4.584],[0,0],[-71.452,-0.196],[0,0],[-0.441,69.176],[0,0]],"o":[[0,0],[0,0],[-45.84,0],[0,0],[0.444,68.854],[0,0],[70.172,-0.273],[0,0],[-41.974,5.092]],"v":[[15.991,-143.597],[-5.849,-143.597],[-15.929,-143.597],[-144.582,-150.59],[-144.582,32.996],[-13.172,156.485],[12.988,156.485],[144.579,32.836],[144.579,-151.63]],"c":true}]},{"i":{"x":0.833,"y":0.833},"o":{"x":0.167,"y":0.167},"t":103,"s":[{"i":[[46,-0.56],[0,0],[0,0],[36.431,8.869],[0,0],[-52.7,-1.047],[0,0],[-2.36,40.177],[0,0]],"o":[[0,0],[0,0],[-45.84,0],[0,0],[2.026,38.794],[0,0],[45.5,-1.46],[0,0],[-35.94,10.195]],"v":[[16.126,-134.88],[-5.714,-134.88],[-15.794,-134.88],[-119.082,-147.237],[-119.082,-127.178],[-13.572,-63.365],[12.588,-63.365],[119.065,-127.338],[119.065,-148.277]],"c":true}]},{"i":{"x":1,"y":1},"o":{"x":0.167,"y":0.167},"t":104,"s":[{"i":[[46,-0.56],[0,0],[0,0],[36.1,9.118],[0,0],[-51.61,-1.097],[0,0],[-1.563,24.475],[0,0]],"o":[[0,0],[0,0],[-45.84,0],[0,0],[-3.382,12.315],[0,0],[44.066,-1.529],[0,0],[-35.59,10.492]],"v":[[16.134,-134.374],[-5.706,-134.374],[-15.786,-134.374],[-117.6,-147.042],[-117.6,-143.316],[-13.596,-90.473],[12.564,-90.473],[117.582,-143.476],[117.582,-148.082]],"c":true}]},{"t":107.5,"s":[{"i":[[46,-0.56],[0,0],[0,0],[34.94,9.99],[0,0],[-47.794,-1.27],[0,0],[-2.862,32.59],[0,0]],"o":[[0,0],[0,0],[-45.84,0],[0,0],[2.44,30.93],[0,0],[39.046,-1.77],[0,0],[-34.362,11.53]],"v":[[16.162,-132.6],[-5.678,-132.6],[-15.759,-132.6],[-112.411,-146.36],[-112.411,-109.8],[-13.677,-61.6],[12.483,-61.6],[112.391,-109.96],[112.391,-147.4]],"c":true}]}],"ix":2},"nm":"Path 1","mn":"ADBE Vector Shape - Group","hd":false},{"ty":"fl","c":{"a":0,"k":[1,0.250999989229,0.505999995213,1],"ix":4},"o":{"a":0,"k":100,"ix":5},"r":1,"bm":0,"nm":"Fill 1","mn":"ADBE Vector Graphic - Fill","hd":false},{"ty":"tr","p":{"a":0,"k":[463.81,779.85],"ix":2},"a":{"a":0,"k":[0,0],"ix":1},"s":{"a":0,"k":[100,100],"ix":3},"r":{"a":0,"k":0,"ix":6},"o":{"a":0,"k":100,"ix":7},"sk":{"a":0,"k":0,"ix":4},"sa":{"a":0,"k":0,"ix":5},"nm":"Transform"}],"nm":"tongue","np":2,"cix":2,"bm":0,"ix":3,"mn":"ADBE Vector Group","hd":false}],"ip":5,"op":104,"st":-40,"bm":0},{"ddd":0,"ind":16,"ty":4,"nm":"shadow tonghe","parent":20,"tt":1,"sr":1,"ks":{"o":{"a":0,"k":100,"ix":11},"r":{"a":0,"k":0,"ix":10},"p":{"a":0,"k":[464.624,467.539,0],"ix":2,"l":2},"a":{"a":0,"k":[464.25,466.25,0],"ix":1,"l":2},"s":{"a":0,"k":[100,100,100],"ix":6,"l":2}},"ao":0,"shapes":[{"ty":"gr","it":[{"ind":0,"ty":"sh","ix":1,"ks":{"a":1,"k":[{"i":{"x":0.667,"y":1},"o":{"x":0.333,"y":0},"t":87.5,"s":[{"i":[[46,-0.56],[0,0],[43.44,3.6],[0,0],[-150.48,29.6],[0,0]],"o":[[0,0],[-45.84,0],[0,0],[37.92,8.56],[0,0],[-43.28,3.92]],"v":[[16.041,-14.976],[-15.959,-14.976],[-205.446,-27.667],[-204.941,4.718],[196.937,0.356],[179.435,-24.34]],"c":true}]},{"t":105,"s":[{"i":[[46,-0.56],[0,0],[43.44,3.6],[0,0],[-164.171,51.887],[0,0]],"o":[[0,0],[-45.84,0],[0,0],[107.588,20.525],[0,0],[-43.28,3.92]],"v":[[16.041,-4.976],[-15.959,-4.976],[-205.858,-40.667],[-205.352,-8.282],[197.407,-13.644],[179.905,-38.34]],"c":true}]}],"ix":2},"nm":"Path 1","mn":"ADBE Vector Shape - Group","hd":false},{"ty":"fl","c":{"a":0,"k":[0.670999983245,0.246999987434,0.180000005984,1],"ix":4},"o":{"a":0,"k":100,"ix":5},"r":1,"bm":0,"nm":"Fill 1","mn":"ADBE Vector Graphic - Fill","hd":false},{"ty":"tr","p":{"a":0,"k":[463.73,649.226],"ix":2},"a":{"a":0,"k":[0,0],"ix":1},"s":{"a":0,"k":[100,100],"ix":3},"r":{"a":0,"k":0,"ix":6},"o":{"a":0,"k":30,"ix":7},"sk":{"a":0,"k":0,"ix":4},"sa":{"a":0,"k":0,"ix":5},"nm":"Transform"}],"nm":"shadow","np":2,"cix":2,"bm":0,"ix":1,"mn":"ADBE Vector Group","hd":false}],"ip":5,"op":104,"st":-40,"bm":0},{"ddd":0,"ind":18,"ty":4,"nm":"tongue 2","parent":20,"sr":1,"ks":{"o":{"a":0,"k":100,"ix":11},"r":{"a":1,"k":[{"i":{"x":[0.755],"y":[-1.461]},"o":{"x":[0.333],"y":[0]},"t":5,"s":[9]},{"i":{"x":[0.728],"y":[0.036]},"o":{"x":[0.563],"y":[0.787]},"t":10,"s":[8.717]},{"i":{"x":[0.426],"y":[1]},"o":{"x":[0.181],"y":[0.246]},"t":17.5,"s":[5.657]},{"i":{"x":[0.667],"y":[1]},"o":{"x":[0.6],"y":[0]},"t":27.5,"s":[-5]},{"i":{"x":[0.833],"y":[1]},"o":{"x":[0.333],"y":[0]},"t":37.5,"s":[3]},{"t":47.5,"s":[0]}],"ix":10},"p":{"a":1,"k":[{"i":{"x":0.4,"y":1},"o":{"x":0.333,"y":0},"t":5,"s":[488.693,461.117,0],"to":[-7.157,0.355,0],"ti":[3.657,-0.355,0]},{"i":{"x":0.667,"y":1},"o":{"x":0.6,"y":0},"t":27.5,"s":[445.75,463.25,0],"to":[-3.657,0.355,0],"ti":[-3,-1,0]},{"i":{"x":0.667,"y":1},"o":{"x":0.333,"y":0},"t":37.5,"s":[466.75,463.25,0],"to":[3,1,0],"ti":[0.167,-1,0]},{"i":{"x":0.571,"y":0.571},"o":{"x":0.214,"y":0.214},"t":47.5,"s":[463.75,469.25,0],"to":[0,0,0],"ti":[0,0,0]},{"i":{"x":0.7,"y":0.7},"o":{"x":0.301,"y":0.301},"t":60,"s":[463.75,469.25,0],"to":[0,0,0],"ti":[0,0,0]},{"i":{"x":0.667,"y":1},"o":{"x":0.167,"y":0},"t":95,"s":[463.75,469.25,0],"to":[-2,0,0],"ti":[2,0,0]},{"t":102.5,"s":[451.75,469.25,0]}],"ix":2,"l":2},"a":{"a":0,"k":[464.25,466.25,0],"ix":1,"l":2},"s":{"a":0,"k":[100,100,100],"ix":6,"l":2}},"ao":0,"shapes":[{"ty":"gr","it":[{"ind":0,"ty":"sh","ix":1,"ks":{"a":1,"k":[{"i":{"x":0.833,"y":0.833},"o":{"x":0.333,"y":0},"t":5,"s":[{"i":[[0,0],[0,8.8],[0,0],[0,0],[0,0],[0,0],[0,0],[0,0],[-8.8,-0.08]],"o":[[8.8,0],[0,0],[0,0],[0,0],[0,0],[0,0],[0,0],[-0.08,8.8],[0,0]],"v":[[-11.453,-45.523],[4.547,-61.523],[5.999,-60.767],[6.265,-73.966],[-15.157,-69.988],[-25.317,-69.988],[-28.308,-56.923],[-27.453,-61.603],[-11.533,-45.523]],"c":true}]},{"i":{"x":0.667,"y":1},"o":{"x":0.167,"y":0.167},"t":10,"s":[{"i":[[0,0],[0,8.8],[0,0],[0,0],[0,0],[0,0],[0,0],[0,0],[-8.8,-0.08]],"o":[[8.8,0],[0,0],[0,0],[0,0],[0,0],[0,0],[0,0],[-0.08,8.8],[0,0]],"v":[[-62.327,87.986],[-46.327,71.986],[-19.012,7.122],[9.692,-75.034],[-11.877,-72.456],[-22.037,-72.456],[-52.507,9.925],[-78.327,71.906],[-62.407,87.986]],"c":true}]},{"i":{"x":0.667,"y":1},"o":{"x":0.333,"y":0},"t":17.5,"s":[{"i":[[0,0],[0,8.8],[0,0],[0,0],[0,0],[0,0],[0,0],[0,0],[-8.8,-0.08]],"o":[[8.8,0],[0,0],[0,0],[0,0],[0,0],[0,0],[0,0],[-0.08,8.8],[0,0]],"v":[[0.001,90.413],[16.001,74.413],[16.001,17.193],[16.001,-77],[-5.839,-77],[-15.999,-77],[-15.999,18.079],[-15.999,74.333],[-0.079,90.413]],"c":true}]},{"i":{"x":0.833,"y":0.833},"o":{"x":0.333,"y":0},"t":28,"s":[{"i":[[0,0],[0,8.8],[0,0],[0,0],[0,0],[0,0],[0,0],[0,0],[-8.8,-0.08]],"o":[[8.8,0],[0,0],[0,0],[0,0],[0,0],[0,0],[0,0],[-0.08,8.8],[0,0]],"v":[[0.001,90.413],[16.001,74.413],[16.001,17.193],[16.001,-77],[-5.839,-77],[-15.999,-77],[-15.999,18.079],[-15.999,74.333],[-0.079,90.413]],"c":true}]},{"i":{"x":0.833,"y":0.833},"o":{"x":0.167,"y":0.167},"t":30,"s":[{"i":[[0,0],[0,8.8],[0,0],[0,0],[0,0],[0,0],[0,0],[0,0],[-8.8,-0.08]],"o":[[8.8,0],[0,0],[0,0],[0,0],[0,0],[0,0],[0,0],[-0.08,8.8],[0,0]],"v":[[1.208,73.554],[17.208,57.554],[16.001,17.193],[16.001,-77],[-5.839,-77],[-15.999,-77],[-15.999,18.079],[-14.792,57.474],[1.128,73.554]],"c":true}]},{"i":{"x":0.833,"y":0.833},"o":{"x":0.167,"y":0.167},"t":32.5,"s":[{"i":[[0,0],[0,8.8],[0,0],[0,0],[0,0],[0,0],[0,0],[0,0],[-8.8,-0.08]],"o":[[8.8,0],[0,0],[0,0],[0,0],[0,0],[0,0],[0,0],[-0.08,8.8],[0,0]],"v":[[0.333,82.42],[16.333,66.42],[16.001,17.193],[16.001,-77],[-5.839,-77],[-15.999,-77],[-15.999,18.079],[-15.667,66.34],[0.253,82.42]],"c":true}]},{"i":{"x":0.667,"y":1},"o":{"x":0.167,"y":0.167},"t":87.5,"s":[{"i":[[0,0],[0,8.8],[0,0],[0,0],[0,0],[0,0],[0,0],[0,0],[-8.8,-0.08]],"o":[[8.8,0],[0,0],[0,0],[0,0],[0,0],[0,0],[0,0],[-0.08,8.8],[0,0]],"v":[[0.333,82.42],[16.333,66.42],[16.001,17.193],[16.001,-77],[-5.839,-77],[-15.999,-77],[-15.999,18.079],[-15.667,66.34],[0.253,82.42]],"c":true}]},{"i":{"x":0.833,"y":0.833},"o":{"x":0.333,"y":0},"t":90,"s":[{"i":[[0,0],[0,8.8],[0,0],[0,0],[0,0],[0,0],[0,0],[0,0],[-8.8,-0.08]],"o":[[8.8,0],[0,0],[0,0],[0,0],[0,0],[0,0],[0,0],[-0.08,8.8],[0,0]],"v":[[0.001,86.413],[16.001,70.413],[16.001,17.193],[16.001,-77],[-5.839,-77],[-15.999,-77],[-15.999,18.079],[-15.999,70.333],[-0.079,86.413]],"c":true}]},{"i":{"x":0.833,"y":0.833},"o":{"x":0.167,"y":0.167},"t":92.5,"s":[{"i":[[0,0],[-0.434,8.77],[-0.27,13.242],[0,0],[0,0],[0,0],[0.456,-11.513],[0,0],[-8.766,-0.514]],"o":[[8.77,0.434],[0,0],[0.27,-13.242],[0,0],[0,0],[0,0],[-0.456,11.513],[-0.514,8.766],[0,0]],"v":[[-4.737,76.916],[11.998,61.759],[15.631,11.033],[16.009,-76.506],[-5.831,-76.506],[-15.991,-76.506],[-16.369,11.886],[-19.89,60.101],[-4.817,76.912]],"c":true}]},{"i":{"x":0.833,"y":0.833},"o":{"x":0.167,"y":0.167},"t":95,"s":[{"i":[[0,0],[-1.196,8.718],[-0.744,36.484],[0,0],[0,0],[0,0],[1.256,-31.722],[0,0],[-8.708,-1.275]],"o":[[8.718,1.196],[0,0],[0.744,-36.484],[0,0],[0,0],[0,0],[-1.256,31.722],[-1.275,8.707],[0,0]],"v":[[-13.054,79.533],[4.972,65.855],[14.982,0.22],[16.022,-75.64],[-5.818,-75.64],[-15.978,-75.64],[-17.018,1.014],[-26.72,61.427],[-13.133,79.522]],"c":true}]},{"i":{"x":0.833,"y":0.833},"o":{"x":0.167,"y":0.167},"t":97.5,"s":[{"i":[[0,0],[0,8.8],[0,0],[0,0],[0,0],[0,0],[0,0],[0,0],[-8.8,-0.08]],"o":[[8.8,0],[0,0],[0,0],[0,0],[0,0],[0,0],[0,0],[-0.08,8.8],[0,0]],"v":[[-0.063,82.322],[15.937,66.322],[15.973,5.452],[16.032,-74.997],[-5.808,-74.997],[-15.968,-74.997],[-16.028,6.201],[-16.063,66.242],[-0.143,82.322]],"c":true}]},{"i":{"x":0.833,"y":0.833},"o":{"x":0.167,"y":0.167},"t":103,"s":[{"i":[[0,0],[0,8.8],[0,0],[0,0],[0,0],[0,0],[0,0],[0,0],[-8.8,-0.08]],"o":[[8.8,0],[0,0],[0,0],[0,0],[0,0],[0,0],[0,0],[-0.08,8.8],[0,0]],"v":[[-0.343,-29.224],[15.657,-45.224],[15.85,-63.154],[16.167,-66.28],[-5.673,-66.28],[-15.833,-66.28],[-16.154,-62.999],[-16.343,-45.304],[-0.424,-29.224]],"c":true}]},{"i":{"x":1,"y":1},"o":{"x":0.167,"y":0.167},"t":104,"s":[{"i":[[0,0],[0,8.8],[0,0],[0,0],[0,0],[0,0],[0,0],[0,0],[-8.8,-0.08]],"o":[[8.8,0],[0,0],[0,0],[0,0],[0,0],[0,0],[0,0],[-0.08,8.8],[0,0]],"v":[[-0.36,-51.618],[15.64,-67.618],[15.842,-82.236],[16.175,-65.774],[-5.665,-65.774],[-15.825,-65.774],[-16.161,-82.115],[-16.36,-67.698],[-0.44,-51.618]],"c":true}]},{"t":107.5,"s":[{"i":[[0,0],[0,8.8],[0,0],[0,0],[0,0],[0,0],[0,0],[0,0],[-8.8,-0.08]],"o":[[8.8,0],[0,0],[0,0],[0,0],[0,0],[0,0],[0,0],[-0.08,8.8],[0,0]],"v":[[-0.417,-40],[15.583,-56],[15.817,-59.023],[16.203,-64],[-5.637,-64],[-15.797,-64],[-16.186,-59.024],[-16.417,-56.08],[-0.497,-40]],"c":true}]}],"ix":2},"nm":"Path 1","mn":"ADBE Vector Shape - Group","hd":false},{"ty":"fl","c":{"a":0,"k":[0.670999983245,0.246999987434,0.180000005984,1],"ix":4},"o":{"a":0,"k":100,"ix":5},"r":1,"bm":0,"nm":"Fill 1","mn":"ADBE Vector Graphic - Fill","hd":false},{"ty":"tr","p":{"a":0,"k":[463.849,711.25],"ix":2},"a":{"a":0,"k":[0,0],"ix":1},"s":{"a":0,"k":[100,100],"ix":3},"r":{"a":0,"k":0,"ix":6},"o":{"a":0,"k":30,"ix":7},"sk":{"a":0,"k":0,"ix":4},"sa":{"a":0,"k":0,"ix":5},"nm":"Transform"}],"nm":"tongue center","np":2,"cix":2,"bm":0,"ix":2,"mn":"ADBE Vector Group","hd":false},{"ty":"gr","it":[{"ind":0,"ty":"sh","ix":1,"ks":{"a":1,"k":[{"i":{"x":0.833,"y":0.833},"o":{"x":0.333,"y":0},"t":5,"s":[{"i":[[46,-0.56],[0,0],[0,0],[42.313,-4.859],[0,0],[-53.213,4.954],[0,0],[-19.402,26.514],[0,0]],"o":[[0,0],[0,0],[-49.954,4.883],[0,0],[1.429,13.276],[0,0],[72.553,-1.922],[0,0],[-43.36,3.92]],"v":[[6.224,-142.566],[-15.198,-138.588],[-25.278,-138.588],[-94.273,-134.879],[-109.577,-125.312],[-52.603,-69.313],[-17.113,-71.897],[117.362,-140.647],[118.424,-152.71]],"c":true}]},{"i":{"x":0.667,"y":1},"o":{"x":0.167,"y":0.167},"t":10,"s":[{"i":[[46,-0.56],[0,0],[0,0],[42.71,-1.882],[0,0],[-61.101,-4.916],[0,0],[-17.651,58.429],[0,0]],"o":[[0,0],[0,0],[-48.506,3.164],[0,0],[-28.028,58.904],[0,0],[73.148,8.975],[0,0],[-43.36,3.92]],"v":[[9.651,-143.634],[-11.918,-141.056],[-21.998,-141.056],[-105.811,-135.345],[-175.829,-45.481],[-107.321,91.422],[-75.196,94.438],[75.551,4.628],[123.101,-155.521]],"c":true}]},{"i":{"x":0.667,"y":1},"o":{"x":0.333,"y":0},"t":17.5,"s":[{"i":[[46,-0.56],[0,0],[0,0],[43.44,3.6],[0,0],[-75.76,0],[0,0],[0,75.839],[0,0]],"o":[[0,0],[0,0],[-45.84,0],[0,0],[0.08,75.76],[0,0],[75.84,0],[0,0],[-43.36,3.92]],"v":[[14.374,-151.472],[-5.88,-145.6],[-15.96,-145.6],[-150.44,-151.36],[-150.44,44.815],[-13.08,182.015],[13.08,182.015],[150.44,44.655],[149.06,-166.332]],"c":true}]},{"i":{"x":0.833,"y":0.833},"o":{"x":0.333,"y":0},"t":28,"s":[{"i":[[46,-0.56],[0,0],[0,0],[43.44,3.6],[0,0],[-75.76,0],[0,0],[0,75.839],[0,0]],"o":[[0,0],[0,0],[-45.84,0],[0,0],[0.08,75.76],[0,0],[75.84,0],[0,0],[-43.36,3.92]],"v":[[15.96,-145.6],[-6.005,-155.649],[-17.168,-154.74],[-153.416,-174.708],[-150.44,44.815],[-13.08,182.015],[13.08,182.015],[150.44,44.655],[150.44,-152.4]],"c":true}]},{"i":{"x":0.833,"y":0.833},"o":{"x":0.167,"y":0.167},"t":29,"s":[{"i":[[46,-0.56],[0,0],[0,0],[43.44,3.6],[0,0],[-75.76,0],[0,0],[0,75.839],[0,0]],"o":[[0,0],[0,0],[-45.84,0],[0,0],[0.08,75.76],[0,0],[75.84,0],[0,0],[-43.36,3.92]],"v":[[15.96,-145.6],[-5.999,-155.169],[-17.11,-154.303],[-153.274,-173.592],[-150.251,42.232],[-12.309,172.46],[13.851,172.46],[150.63,42.072],[150.44,-152.4]],"c":true}]},{"i":{"x":0.833,"y":0.833},"o":{"x":0.167,"y":0.167},"t":30,"s":[{"i":[[46,-0.56],[0,0],[0,0],[43.44,3.6],[0,0],[-75.76,0],[0,0],[0,75.839],[0,0]],"o":[[0,0],[0,0],[-45.84,0],[0,0],[0.08,75.76],[0,0],[75.84,0],[0,0],[-43.36,3.92]],"v":[[15.96,-145.6],[-5.988,-154.325],[-17.009,-153.536],[-153.024,-171.633],[-149.918,37.7],[-12.112,169.418],[14.048,169.418],[150.962,37.539],[150.44,-152.4]],"c":true}]},{"i":{"x":0.833,"y":0.833},"o":{"x":0.167,"y":0.167},"t":31,"s":[{"i":[[46,-0.56],[0,0],[0,0],[43.44,3.6],[0,0],[-75.76,0],[0,0],[0,75.839],[0,0]],"o":[[0,0],[0,0],[-45.84,0],[0,0],[0.08,75.76],[0,0],[75.84,0],[0,0],[-43.36,3.92]],"v":[[15.96,-145.6],[-5.945,-150.835],[-16.589,-150.362],[-151.991,-163.524],[-149.994,37.348],[-12.333,170.76],[13.827,170.76],[150.886,37.188],[150.44,-152.4]],"c":true}]},{"i":{"x":0.833,"y":0.833},"o":{"x":0.167,"y":0.167},"t":32.5,"s":[{"i":[[46,-0.56],[0,0],[0,0],[43.44,3.6],[0,0],[-75.76,0],[0,0],[0,75.839],[0,0]],"o":[[0,0],[0,0],[-45.84,0],[0,0],[0.08,75.76],[0,0],[75.84,0],[0,0],[-43.36,3.92]],"v":[[15.96,-145.6],[-5.88,-145.6],[-15.96,-145.6],[-150.44,-151.36],[-150.109,36.822],[-12.749,174.021],[13.411,174.021],[150.771,36.662],[150.44,-152.4]],"c":true}]},{"i":{"x":0.667,"y":1},"o":{"x":0.167,"y":0.167},"t":87.5,"s":[{"i":[[46,-0.56],[0,0],[0,0],[43.44,3.6],[0,0],[-75.76,0],[0,0],[0,75.839],[0,0]],"o":[[0,0],[0,0],[-45.84,0],[0,0],[0.08,75.76],[0,0],[75.84,0],[0,0],[-43.36,3.92]],"v":[[15.96,-145.6],[-5.88,-145.6],[-15.96,-145.6],[-150.44,-151.36],[-150.109,36.822],[-12.749,174.021],[13.411,174.021],[150.771,36.661],[150.44,-152.4]],"c":true}]},{"i":{"x":0.833,"y":0.833},"o":{"x":0.333,"y":0},"t":90,"s":[{"i":[[46,-0.56],[0,0],[0,0],[43.44,3.6],[0,0],[-75.76,0],[0,0],[0,75.839],[0,0]],"o":[[0,0],[0,0],[-45.84,0],[0,0],[0.08,75.76],[0,0],[75.84,0],[0,0],[-43.36,3.92]],"v":[[15.96,-145.6],[-5.88,-145.6],[-15.96,-145.6],[-150.44,-151.36],[-150.44,40.815],[-13.08,178.015],[13.08,178.015],[150.44,40.655],[150.44,-152.4]],"c":true}]},{"i":{"x":0.833,"y":0.833},"o":{"x":0.167,"y":0.167},"t":92.5,"s":[{"i":[[46,-0.56],[0,0],[0,0],[43.117,3.843],[0,0],[-74.446,-3.64],[0,0],[-3.625,73.942],[0,0]],"o":[[0,0],[0,0],[-45.84,0],[0,0],[-3.337,73.835],[0,0],[74.21,3.484],[0,0],[-43.019,4.209]],"v":[[15.968,-145.106],[-5.872,-145.106],[-15.952,-145.106],[-148.996,-151.17],[-154.235,23.106],[-25.098,163.072],[0.974,164.362],[142.778,37.394],[148.996,-152.21]],"c":true}]},{"i":{"x":0.833,"y":0.833},"o":{"x":0.167,"y":0.167},"t":95,"s":[{"i":[[46,-0.56],[0,0],[0,0],[42.551,4.268],[0,0],[-72.141,-10.03],[0,0],[-9.988,70.613],[0,0]],"o":[[0,0],[0,0],[-45.84,0],[0,0],[-9.335,70.456],[0,0],[71.349,9.6],[0,0],[-42.419,4.716]],"v":[[15.981,-144.24],[-5.859,-144.24],[-15.939,-144.24],[-146.462,-150.837],[-160.897,11.309],[-46.194,156.131],[-20.277,159.686],[129.329,50.959],[146.46,-151.877]],"c":true}]},{"i":{"x":0.833,"y":0.833},"o":{"x":0.167,"y":0.167},"t":97.5,"s":[{"i":[[46,-0.56],[0,0],[0,0],[42.131,4.584],[0,0],[-71.452,-0.196],[0,0],[-0.441,69.176],[0,0]],"o":[[0,0],[0,0],[-45.84,0],[0,0],[0.444,68.854],[0,0],[70.172,-0.273],[0,0],[-41.974,5.092]],"v":[[15.991,-143.597],[-5.849,-143.597],[-15.929,-143.597],[-144.582,-150.59],[-144.582,32.996],[-13.172,156.485],[12.988,156.485],[144.579,32.836],[144.579,-151.63]],"c":true}]},{"i":{"x":0.833,"y":0.833},"o":{"x":0.167,"y":0.167},"t":103,"s":[{"i":[[46,-0.56],[0,0],[0,0],[36.431,8.869],[0,0],[-52.7,-1.047],[0,0],[-2.36,40.177],[0,0]],"o":[[0,0],[0,0],[-45.84,0],[0,0],[2.026,38.794],[0,0],[45.5,-1.46],[0,0],[-35.94,10.195]],"v":[[16.126,-134.88],[-5.714,-134.88],[-15.794,-134.88],[-119.082,-147.237],[-119.082,-127.178],[-13.572,-63.365],[12.588,-63.365],[119.065,-127.338],[119.065,-148.277]],"c":true}]},{"i":{"x":1,"y":1},"o":{"x":0.167,"y":0.167},"t":104,"s":[{"i":[[46,-0.56],[0,0],[0,0],[36.1,9.118],[0,0],[-51.61,-1.097],[0,0],[-1.563,24.475],[0,0]],"o":[[0,0],[0,0],[-45.84,0],[0,0],[-3.382,12.315],[0,0],[44.066,-1.529],[0,0],[-35.59,10.492]],"v":[[16.134,-134.374],[-5.706,-134.374],[-15.786,-134.374],[-117.6,-147.042],[-117.6,-143.316],[-13.596,-90.473],[12.564,-90.473],[117.582,-143.476],[117.582,-148.082]],"c":true}]},{"t":107.5,"s":[{"i":[[46,-0.56],[0,0],[0,0],[34.94,9.99],[0,0],[-47.794,-1.27],[0,0],[-2.862,32.59],[0,0]],"o":[[0,0],[0,0],[-45.84,0],[0,0],[2.44,30.93],[0,0],[39.046,-1.77],[0,0],[-34.362,11.53]],"v":[[16.162,-132.6],[-5.678,-132.6],[-15.759,-132.6],[-112.411,-146.36],[-112.411,-109.8],[-13.677,-61.6],[12.483,-61.6],[112.391,-109.96],[112.391,-147.4]],"c":true}]}],"ix":2},"nm":"Path 1","mn":"ADBE Vector Shape - Group","hd":false},{"ty":"fl","c":{"a":0,"k":[1,0.250999989229,0.505999995213,1],"ix":4},"o":{"a":0,"k":100,"ix":5},"r":1,"bm":0,"nm":"Fill 1","mn":"ADBE Vector Graphic - Fill","hd":false},{"ty":"tr","p":{"a":0,"k":[463.81,779.85],"ix":2},"a":{"a":0,"k":[0,0],"ix":1},"s":{"a":0,"k":[100,100],"ix":3},"r":{"a":0,"k":0,"ix":6},"o":{"a":0,"k":100,"ix":7},"sk":{"a":0,"k":0,"ix":4},"sa":{"a":0,"k":0,"ix":5},"nm":"Transform"}],"nm":"tongue","np":2,"cix":2,"bm":0,"ix":3,"mn":"ADBE Vector Group","hd":false}],"ip":5,"op":104,"st":-40,"bm":0},{"ddd":0,"ind":19,"ty":4,"nm":"base normal 6","parent":25,"td":1,"sr":1,"ks":{"o":{"a":0,"k":100,"ix":11},"r":{"a":0,"k":0,"ix":10},"p":{"a":0,"k":[0,56.5,0],"ix":2,"l":2},"a":{"a":0,"k":[0,56.5,0],"ix":1,"l":2},"s":{"a":0,"k":[100,100,100],"ix":6,"l":2}},"ao":0,"shapes":[{"ty":"gr","it":[{"ind":0,"ty":"sh","ix":1,"ks":{"a":0,"k":{"i":[[15.4,0],[0,38.4],[-27.9,0],[-10.6,-9.3],[0,-16.9],[11.5,-10.2]],"o":[[-27.9,0],[0,-38.4],[15.5,0],[11.5,10.2],[0,16.9],[-10.6,9.3]],"v":[[0,55.9],[-58,0],[0,-55.9],[40.4,-41.5],[58,0],[40.4,41.4]],"c":true},"ix":2},"nm":"Path 1","mn":"ADBE Vector Shape - Group","hd":false},{"ty":"gf","o":{"a":0,"k":100,"ix":10},"r":1,"bm":0,"g":{"p":5,"k":{"a":0,"k":[0.48,0.992,0.878,0.188,0.691,0.98,0.816,0.178,0.902,0.969,0.753,0.169,0.966,0.963,0.694,0.153,1,0.957,0.635,0.137],"ix":9}},"s":{"a":0,"k":[0,0],"ix":5},"e":{"a":0,"k":[56.225,0],"ix":6},"t":2,"h":{"a":0,"k":0,"ix":7},"a":{"a":0,"k":0,"ix":8},"nm":"Gradient Fill 1","mn":"ADBE Vector Graphic - G-Fill","hd":false},{"ty":"tr","p":{"a":0,"k":[0,0],"ix":2},"a":{"a":0,"k":[0,0],"ix":1},"s":{"a":0,"k":[100,100],"ix":3},"r":{"a":0,"k":0,"ix":6},"o":{"a":0,"k":100,"ix":7},"sk":{"a":0,"k":0,"ix":4},"sa":{"a":0,"k":0,"ix":5},"nm":"Transform"}],"nm":"Group 1","np":2,"cix":2,"bm":0,"ix":1,"mn":"ADBE Vector Group","hd":false}],"ip":0,"op":120,"st":-27.5,"bm":0},{"ddd":0,"ind":20,"ty":4,"nm":"mouth 3","parent":3,"tt":1,"sr":1,"ks":{"o":{"a":0,"k":100,"ix":11},"r":{"a":0,"k":0,"ix":10},"p":{"a":1,"k":[{"i":{"x":0.4,"y":0.725},"o":{"x":0.333,"y":0},"t":5,"s":[33.114,204.687,0],"to":[-5.439,5.651,0],"ti":[9.62,-10.029,0]},{"i":{"x":0.629,"y":0.973},"o":{"x":0.8,"y":0.175},"t":22.5,"s":[-1.278,224.39,0],"to":[-1.404,1.463,0],"ti":[0.917,-0.962,0]},{"i":{"x":0.648,"y":1},"o":{"x":0.315,"y":0.09},"t":30,"s":[-4.795,260.066,0],"to":[-0.212,0.223,0],"ti":[0.181,-0.191,0]},{"i":{"x":0.622,"y":0.622},"o":{"x":0.169,"y":0.169},"t":42.5,"s":[-5.386,244.687,0],"to":[0,0,0],"ti":[0,0,0]},{"i":{"x":0.687,"y":1},"o":{"x":0.35,"y":0},"t":85,"s":[-5.386,244.687,0],"to":[0,0,0],"ti":[0,0,0]},{"i":{"x":0.1,"y":1},"o":{"x":0.5,"y":0},"t":95,"s":[-4.886,254.687,0],"to":[0,-5,0],"ti":[0,6.667,0]},{"t":110,"s":[-4.886,214.687,0]}],"ix":2,"l":2},"a":{"a":0,"k":[458.454,700.937,0],"ix":1,"l":2},"s":{"a":0,"k":[100,100,100],"ix":6,"l":2}},"ao":0,"shapes":[{"ty":"gr","it":[{"ind":0,"ty":"sh","ix":1,"ks":{"a":1,"k":[{"i":{"x":0.667,"y":1},"o":{"x":0.333,"y":0},"t":2,"s":[{"i":[[26.735,3.57],[27.192,6.7],[1.37,-3.968],[-0.074,-0.968],[-44.871,-7.266],[-10.99,30.814],[4.335,1.309],[0.997,-0.037]],"o":[[-26.743,-3.324],[-4.539,-1.369],[-0.317,0.917],[0.782,21.517],[43.543,7.051],[1.29,-3.775],[-0.955,-0.288],[-26.53,-0.395]],"v":[[-22.586,-95.924],[-87.852,-109.298],[-98.629,-104.614],[-98.999,-101.744],[-37.509,-51.443],[70.485,-79.508],[64.976,-88.637],[61.998,-89]],"c":true}]},{"i":{"x":0.2,"y":1},"o":{"x":0.333,"y":0},"t":7,"s":[{"i":[[62.315,0.311],[61.208,7.627],[1.949,-9.884],[-0.433,-2.29],[-104.965,-3.736],[-16.079,81.264],[10.341,1.821],[2.274,-0.417]],"o":[[-62.261,0.311],[-10.287,-1.873],[-0.433,2.29],[7.754,51.175],[101.857,3.625],[1.841,-9.937],[-2.274,-0.417],[-60.908,7.627]],"v":[[-10.785,-81.546],[-186.539,-91.581],[-208.736,-77.067],[-208.736,-70.095],[-31.839,35.455],[207.328,-70.408],[192.007,-91.634],[185.077,-91.581]],"c":true}]},{"i":{"x":0.667,"y":1},"o":{"x":0,"y":0},"t":35,"s":[{"i":[[92.08,0.479],[90.64,15.92],[2.88,-15.199],[-0.64,-3.521],[-155.2,0],[-23.76,124.96],[15.28,2.8],[3.36,-0.641]],"o":[[-92,0.479],[-15.2,-2.88],[-0.64,3.521],[26.08,128],[169.68,0],[2.72,-15.28],[-3.36,-0.641],[-90.64,15.92]],"v":[[-1.16,-108.48],[-275.64,-131.6],[-308.44,-109.281],[-308.44,-98.56],[-1.24,134.48],[306.36,-99.041],[283.72,-131.68],[273.48,-131.6]],"c":true}]},{"i":{"x":0.833,"y":0.833},"o":{"x":0.5,"y":0},"t":95,"s":[{"i":[[92.08,0.479],[90.64,15.92],[2.88,-15.199],[-0.64,-3.521],[-155.2,0],[-23.76,124.96],[15.28,2.8],[3.36,-0.641]],"o":[[-92,0.479],[-15.2,-2.88],[-0.64,3.521],[26.08,128],[169.68,0],[2.72,-15.28],[-3.36,-0.641],[-90.64,15.92]],"v":[[-1.16,-108.48],[-275.64,-131.6],[-308.44,-109.281],[-308.44,-98.56],[-1.24,134.48],[306.36,-99.041],[283.72,-131.68],[273.48,-131.6]],"c":true}]},{"i":{"x":0.1,"y":1},"o":{"x":0.167,"y":0.167},"t":102.5,"s":[{"i":[[68.06,0.344],[37.168,16.518],[0.435,-10.078],[-2.06,-2.96],[-71.509,-0.706],[-21.32,42.872],[10.878,3.134],[3.284,-2.011]],"o":[[-68.001,0.344],[-8.681,-3.855],[-0.245,6.044],[24.886,46.232],[85.01,-0.101],[6.588,-12.24],[-2.707,-0.759],[-37.456,18.132]],"v":[[2.572,-72.017],[-162.457,-101.928],[-182.282,-87.723],[-177.843,-75.388],[1.908,4.132],[192.868,-75.935],[184.414,-102.49],[173.71,-100.113]],"c":true}]},{"t":110,"s":[{"i":[[62.315,0.311],[24.378,16.661],[-0.15,-8.853],[-2.4,-2.825],[-51.492,-0.875],[-20.736,23.238],[9.825,3.213],[3.265,-2.339]],"o":[[-62.261,0.311],[-7.122,-4.089],[-0.15,6.647],[24.6,26.675],[64.758,-0.125],[7.514,-11.512],[-2.55,-0.787],[-24.735,18.661]],"v":[[3.465,-63.296],[-98.209,-94.831],[-114.931,-82.567],[-109.431,-69.845],[2.661,-27.045],[116.155,-70.408],[111.094,-95.509],[100.279,-92.581]],"c":true}]}],"ix":2},"nm":"Path 1","mn":"ADBE Vector Shape - Group","hd":false},{"ty":"fl","c":{"a":0,"k":[0.258999992819,0.169000004787,0.051000000449,1],"ix":4},"o":{"a":0,"k":100,"ix":5},"r":1,"bm":0,"nm":"Fill 1","mn":"ADBE Vector Graphic - Fill","hd":false},{"ty":"tr","p":{"a":0,"k":[459.17,706.17],"ix":2},"a":{"a":0,"k":[0,0],"ix":1},"s":{"a":0,"k":[100,100],"ix":3},"r":{"a":0,"k":0,"ix":6},"o":{"a":0,"k":100,"ix":7},"sk":{"a":0,"k":0,"ix":4},"sa":{"a":0,"k":0,"ix":5},"nm":"Transform"}],"nm":"mouth 3","np":2,"cix":2,"bm":0,"ix":1,"mn":"ADBE Vector Group","hd":false}],"ip":0,"op":105,"st":-40,"bm":0},{"ddd":0,"ind":21,"ty":4,"nm":"base normal 3","parent":25,"td":1,"sr":1,"ks":{"o":{"a":0,"k":100,"ix":11},"r":{"a":0,"k":0,"ix":10},"p":{"a":0,"k":[0,56.5,0],"ix":2,"l":2},"a":{"a":0,"k":[0,56.5,0],"ix":1,"l":2},"s":{"a":0,"k":[100,100,100],"ix":6,"l":2}},"ao":0,"shapes":[{"ty":"gr","it":[{"ind":0,"ty":"sh","ix":1,"ks":{"a":0,"k":{"i":[[15.4,0],[0,38.4],[-27.9,0],[-10.6,-9.3],[0,-16.9],[11.5,-10.2]],"o":[[-27.9,0],[0,-38.4],[15.5,0],[11.5,10.2],[0,16.9],[-10.6,9.3]],"v":[[0,55.9],[-58,0],[0,-55.9],[40.4,-41.5],[58,0],[40.4,41.4]],"c":true},"ix":2},"nm":"Path 1","mn":"ADBE Vector Shape - Group","hd":false},{"ty":"gf","o":{"a":0,"k":100,"ix":10},"r":1,"bm":0,"g":{"p":5,"k":{"a":0,"k":[0.48,0.992,0.878,0.188,0.691,0.98,0.816,0.178,0.902,0.969,0.753,0.169,0.966,0.963,0.694,0.153,1,0.957,0.635,0.137],"ix":9}},"s":{"a":0,"k":[0,0],"ix":5},"e":{"a":0,"k":[56.225,0],"ix":6},"t":2,"h":{"a":0,"k":0,"ix":7},"a":{"a":0,"k":0,"ix":8},"nm":"Gradient Fill 1","mn":"ADBE Vector Graphic - G-Fill","hd":false},{"ty":"tr","p":{"a":0,"k":[0,0],"ix":2},"a":{"a":0,"k":[0,0],"ix":1},"s":{"a":0,"k":[100,100],"ix":3},"r":{"a":0,"k":0,"ix":6},"o":{"a":0,"k":100,"ix":7},"sk":{"a":0,"k":0,"ix":4},"sa":{"a":0,"k":0,"ix":5},"nm":"Transform"}],"nm":"Group 1","np":2,"cix":2,"bm":0,"ix":1,"mn":"ADBE Vector Group","hd":false}],"ip":105,"op":120,"st":-27.5,"bm":0},{"ddd":0,"ind":22,"ty":4,"nm":"mouth 1","parent":3,"tt":1,"sr":1,"ks":{"o":{"a":0,"k":100,"ix":11},"r":{"a":0,"k":0,"ix":10},"p":{"a":1,"k":[{"i":{"x":1,"y":1},"o":{"x":0.8,"y":0},"t":-27.5,"s":[0.8,0.201,0],"to":[-10,0,0],"ti":[0,-0.331,0]},{"i":{"x":0.683,"y":0},"o":{"x":0.8,"y":0},"t":-2.5,"s":[-59.2,0.201,0],"to":[0,0.331,0],"ti":[0,0,0]},{"i":{"x":0.623,"y":1},"o":{"x":0.292,"y":0.647},"t":105,"s":[0.8,2.186,0],"to":[0,0,0],"ti":[0,0.583,0]},{"i":{"x":0.833,"y":0.833},"o":{"x":0.267,"y":0.267},"t":107.5,"s":[0.8,0.201,0],"to":[0,0,0],"ti":[0,0,0]},{"i":{"x":0.833,"y":0.833},"o":{"x":0.167,"y":0.167},"t":110,"s":[0.8,0.201,0],"to":[0,0,0],"ti":[0,0,0]},{"t":113,"s":[88.8,-1.799,0]}],"ix":2,"l":2},"a":{"a":0,"k":[464.25,447.451,0],"ix":1,"l":2},"s":{"a":1,"k":[{"i":{"x":[1,1,0.833],"y":[1,1,1]},"o":{"x":[0.8,0.8,0.167],"y":[0,0,0]},"t":-27.5,"s":[100,100,100]},{"i":{"x":[0.833,0.833,0.833],"y":[1,1,1]},"o":{"x":[0.8,0.8,0.167],"y":[0,0,0]},"t":-2.5,"s":[80,100,100]},{"t":105,"s":[100,100,100]}],"ix":6,"l":2}},"ao":0,"shapes":[{"ty":"gr","it":[{"ind":0,"ty":"sh","ix":1,"ks":{"a":1,"k":[{"i":{"x":0.833,"y":0.833},"o":{"x":0.4,"y":0},"t":-2.5,"s":[{"i":[[-10.885,-11.54],[-33.829,1.429],[-19.281,20.563],[-5.24,-4.939],[2.875,-5.101],[4.139,-4.273],[15.521,-5.366],[40.515,13.454],[11.861,19.568]],"o":[[25.157,23.927],[28.21,-1.456],[4.94,-5.24],[4.452,4.196],[-2.92,5.209],[-11.753,12.25],[-40.504,13.308],[-20.752,-7.303],[-7.799,-13.966]],"v":[[-92.899,-28.465],[16.209,-0.675],[98.003,-28.795],[116.435,-29.34],[118.851,-13.448],[108.156,0.806],[65.179,26.697],[-59.774,25.744],[-113.927,-13.175]],"c":true}]},{"i":{"x":0.833,"y":1},"o":{"x":0.167,"y":0.167},"t":104,"s":[{"i":[[-20.634,-11.751],[-42.395,1.612],[-11.402,5.237],[-6.567,-5.571],[3.467,-5.829],[5.723,-5.005],[19.451,-6.053],[50.774,15.177],[15.149,22.923]],"o":[[20.634,11.751],[35.353,-1.642],[11.402,-5.237],[5.579,4.733],[-3.593,6.04],[-14.729,13.819],[-50.76,15.012],[-26.007,-8.238],[-9.774,-15.755]],"v":[[-115.335,-4.42],[20.766,21.069],[124.344,-1.107],[148.593,-5.554],[151.859,12.958],[137.821,30.061],[83.723,59.779],[-72.631,58.851],[-141.925,13.193]],"c":true}]},{"t":115,"s":[{"i":[[-18.314,-7.529],[-33.904,7.056],[-8.424,6.098],[-6.094,-3.998],[1.948,-5.557],[3.884,-5.139],[14.787,-7.885],[43.079,6.511],[15.514,18.03]],"o":[[18.314,7.529],[28.229,-6.145],[8.424,-6.098],[5.177,3.397],[-2.019,5.761],[-9.861,14.047],[-38.701,19.89],[-22.133,-3.742],[-10.149,-12.477]],"v":[[-99.393,-31.886],[13.884,-27.719],[94.023,-63.818],[112.96,-68.028],[118.268,-52.272],[109.439,-35.445],[70.178,-2.249],[-55.855,17.763],[-118.257,-12.94]],"c":true}]}],"ix":2},"nm":"Path 1","mn":"ADBE Vector Shape - Group","hd":false},{"ty":"gr","it":[{"ty":"tr","p":{"a":0,"k":[0,0],"ix":2},"a":{"a":0,"k":[0,0],"ix":1},"s":{"a":0,"k":[100,100],"ix":3},"r":{"a":0,"k":0,"ix":6},"o":{"a":0,"k":100,"ix":7},"sk":{"a":0,"k":0,"ix":4},"sa":{"a":0,"k":0,"ix":5},"nm":"Transform"}],"nm":"Group 1","np":0,"cix":2,"bm":0,"ix":2,"mn":"ADBE Vector Group","hd":false},{"ty":"mm","mm":4,"nm":"Merge Paths 1","mn":"ADBE Vector Filter - Merge","hd":false},{"ty":"fl","c":{"a":0,"k":[0.258999992819,0.169000004787,0.051000000449,1],"ix":4},"o":{"a":0,"k":100,"ix":5},"r":1,"bm":0,"nm":"Fill 1","mn":"ADBE Vector Graphic - Fill","hd":false},{"ty":"tr","p":{"a":0,"k":[459.862,584.238],"ix":2},"a":{"a":0,"k":[0,0],"ix":1},"s":{"a":0,"k":[100,100],"ix":3},"r":{"a":0,"k":0,"ix":6},"o":{"a":0,"k":100,"ix":7},"sk":{"a":0,"k":0,"ix":4},"sa":{"a":0,"k":0,"ix":5},"nm":"Transform"}],"nm":"mouth 1","np":4,"cix":2,"bm":0,"ix":1,"mn":"ADBE Vector Group","hd":false}],"ip":105,"op":120,"st":-27.5,"bm":0},{"ddd":0,"ind":23,"ty":4,"nm":"base matte","parent":25,"td":1,"sr":1,"ks":{"o":{"a":0,"k":100,"ix":11},"r":{"a":0,"k":0,"ix":10},"p":{"a":0,"k":[-2,-3,0],"ix":2,"l":2},"a":{"a":0,"k":[0,0,0],"ix":1,"l":2},"s":{"a":0,"k":[100,100,100],"ix":6,"l":2}},"ao":0,"shapes":[{"ty":"gr","it":[{"ind":0,"ty":"sh","ix":1,"ks":{"a":0,"k":{"i":[[15.4,0],[0,38.4],[-27.9,0],[-10.6,-9.3],[0,-16.9],[11.5,-10.2]],"o":[[-27.9,0],[0,-38.4],[15.5,0],[11.5,10.2],[0,16.9],[-10.6,9.3]],"v":[[0,55.9],[-58,0],[0,-55.9],[40.4,-41.5],[58,0],[40.4,41.4]],"c":true},"ix":2},"nm":"Path 1","mn":"ADBE Vector Shape - Group","hd":false},{"ty":"gf","o":{"a":0,"k":100,"ix":10},"r":1,"bm":0,"g":{"p":5,"k":{"a":0,"k":[0.48,0.992,0.878,0.188,0.691,0.98,0.816,0.178,0.902,0.969,0.753,0.169,0.966,0.963,0.694,0.153,1,0.957,0.635,0.137],"ix":9}},"s":{"a":0,"k":[0,0],"ix":5},"e":{"a":0,"k":[56.225,0],"ix":6},"t":2,"h":{"a":0,"k":0,"ix":7},"a":{"a":0,"k":0,"ix":8},"nm":"Gradient Fill 1","mn":"ADBE Vector Graphic - G-Fill","hd":false},{"ty":"tr","p":{"a":0,"k":[0,0],"ix":2},"a":{"a":0,"k":[0,0],"ix":1},"s":{"a":0,"k":[100,100],"ix":3},"r":{"a":0,"k":0,"ix":6},"o":{"a":0,"k":100,"ix":7},"sk":{"a":0,"k":0,"ix":4},"sa":{"a":0,"k":0,"ix":5},"nm":"Transform"}],"nm":"Group 1","np":2,"cix":2,"bm":0,"ix":1,"mn":"ADBE Vector Group","hd":false}],"ip":0,"op":120,"st":-27.5,"bm":0},{"ddd":0,"ind":24,"ty":4,"nm":"base shadow","parent":25,"tt":2,"sr":1,"ks":{"o":{"a":0,"k":100,"ix":11},"r":{"a":0,"k":0,"ix":10},"p":{"a":0,"k":[0,0,0],"ix":2,"l":2},"a":{"a":0,"k":[0,0,0],"ix":1,"l":2},"s":{"a":0,"k":[100,100,100],"ix":6,"l":2}},"ao":0,"shapes":[{"ty":"gr","it":[{"ind":0,"ty":"sh","ix":1,"ks":{"a":0,"k":{"i":[[15.4,0],[0,38.4],[-27.9,0],[-10.6,-9.3],[0,-16.9],[11.5,-10.2]],"o":[[-27.9,0],[0,-38.4],[15.5,0],[11.5,10.2],[0,16.9],[-10.6,9.3]],"v":[[0,55.9],[-58,0],[0,-55.9],[40.4,-41.5],[58,0],[40.4,41.4]],"c":true},"ix":2},"nm":"Path 1","mn":"ADBE Vector Shape - Group","hd":false},{"ty":"fl","c":{"a":0,"k":[0.921568627451,0.560784313725,0,1],"ix":4},"o":{"a":0,"k":100,"ix":5},"r":1,"bm":0,"nm":"Fill 1","mn":"ADBE Vector Graphic - Fill","hd":false},{"ty":"tr","p":{"a":0,"k":[0,0],"ix":2},"a":{"a":0,"k":[0,0],"ix":1},"s":{"a":0,"k":[100,100],"ix":3},"r":{"a":0,"k":0,"ix":6},"o":{"a":0,"k":100,"ix":7},"sk":{"a":0,"k":0,"ix":4},"sa":{"a":0,"k":0,"ix":5},"nm":"Transform"}],"nm":"Group 1","np":2,"cix":2,"bm":0,"ix":1,"mn":"ADBE Vector Group","hd":false}],"ip":0,"op":120,"st":-27.5,"bm":0},{"ddd":0,"ind":25,"ty":4,"nm":"base normal","parent":1,"sr":1,"ks":{"o":{"a":0,"k":100,"ix":11},"r":{"a":0,"k":0,"ix":10},"p":{"a":0,"k":[0,442,0],"ix":2,"l":2},"a":{"a":0,"k":[0,56.5,0],"ix":1,"l":2},"s":{"a":1,"k":[{"i":{"x":[0.667,0.667,0.667],"y":[1,1,1]},"o":{"x":[0.333,0.333,0.333],"y":[0,0,0]},"t":12.5,"s":[800,800,100]},{"i":{"x":[0.667,0.667,0.667],"y":[1,1,1]},"o":{"x":[0.333,0.333,0.333],"y":[0,0,0]},"t":85,"s":[800,800,100]},{"i":{"x":[0.1,0.1,0.833],"y":[1,1,1]},"o":{"x":[0.5,0.5,0.333],"y":[0,0,0]},"t":95,"s":[810,790,100]},{"t":110,"s":[800,800,100]}],"ix":6,"l":2}},"ao":0,"shapes":[{"ty":"gr","it":[{"ind":0,"ty":"sh","ix":1,"ks":{"a":0,"k":{"i":[[15.4,0],[0,38.4],[-27.9,0],[-10.6,-9.3],[0,-16.9],[11.5,-10.2]],"o":[[-27.9,0],[0,-38.4],[15.5,0],[11.5,10.2],[0,16.9],[-10.6,9.3]],"v":[[0,55.9],[-58,0],[0,-55.9],[40.4,-41.5],[58,0],[40.4,41.4]],"c":true},"ix":2},"nm":"Path 1","mn":"ADBE Vector Shape - Group","hd":false},{"ty":"gf","o":{"a":0,"k":100,"ix":10},"r":1,"bm":0,"g":{"p":5,"k":{"a":0,"k":[0.48,0.992,0.878,0.188,0.691,0.98,0.816,0.178,0.902,0.969,0.753,0.169,0.966,0.963,0.694,0.153,1,0.957,0.635,0.137],"ix":9}},"s":{"a":0,"k":[0,0],"ix":5},"e":{"a":0,"k":[56.225,0],"ix":6},"t":2,"h":{"a":0,"k":0,"ix":7},"a":{"a":0,"k":0,"ix":8},"nm":"Gradient Fill 1","mn":"ADBE Vector Graphic - G-Fill","hd":false},{"ty":"tr","p":{"a":0,"k":[0,0],"ix":2},"a":{"a":0,"k":[0,0],"ix":1},"s":{"a":0,"k":[100,100],"ix":3},"r":{"a":0,"k":0,"ix":6},"o":{"a":0,"k":100,"ix":7},"sk":{"a":0,"k":0,"ix":4},"sa":{"a":0,"k":0,"ix":5},"nm":"Transform"}],"nm":"Group 1","np":2,"cix":2,"bm":0,"ix":1,"mn":"ADBE Vector Group","hd":false}],"ip":0,"op":120,"st":-27.5,"bm":0}]}],"layers":[{"ddd":0,"ind":1,"ty":0,"nm":"emoji_30_winking_face_with_tongue - 60 fps","refId":"comp_0","sr":1,"ks":{"o":{"a":0,"k":100,"ix":11},"r":{"a":0,"k":0,"ix":10},"p":{"a":0,"k":[512,512,0],"ix":2,"l":2},"a":{"a":0,"k":[512,512,0],"ix":1,"l":2},"s":{"a":0,"k":[100,100,100],"ix":6,"l":2}},"ao":0,"w":1024,"h":1024,"ip":52.5,"op":95,"st":-25,"bm":0},{"ddd":0,"ind":2,"ty":0,"nm":"emoji_30_winking_face_with_tongue - 60 fps","refId":"comp_0","sr":0.8,"ks":{"o":{"a":0,"k":100,"ix":11},"r":{"a":0,"k":0,"ix":10},"p":{"a":0,"k":[512,512,0],"ix":2,"l":2},"a":{"a":0,"k":[512,512,0],"ix":1,"l":2},"s":{"a":0,"k":[100,100,100],"ix":6,"l":2}},"ao":0,"w":1024,"h":1024,"ip":0,"op":52.5,"st":0,"bm":0}],"markers":[{"tm":54,"cm":"rest","dr":0}]}