{"v":"5.8.1","fr":60,"ip":0,"op":168,"w":1024,"h":1024,"nm":"emoji_Smiling cat with heart-eyes","ddd":0,"assets":[],"layers":[{"ddd":0,"ind":1,"ty":3,"nm":"MOVE ALL","sr":1,"ks":{"o":{"a":0,"k":0,"ix":11},"r":{"a":1,"k":[{"i":{"x":[0.176],"y":[1]},"o":{"x":[0.519],"y":[0]},"t":4,"s":[0]},{"i":{"x":[0.328],"y":[1]},"o":{"x":[0.922],"y":[0]},"t":28,"s":[-3]},{"i":{"x":[0.378],"y":[1]},"o":{"x":[0.606],"y":[0]},"t":48.924,"s":[2]},{"i":{"x":[0.375],"y":[0.904]},"o":{"x":[0.621],"y":[0]},"t":69.846,"s":[-4]},{"i":{"x":[0.378],"y":[1]},"o":{"x":[0.315],"y":[-0.135]},"t":88,"s":[1]},{"i":{"x":[0.321],"y":[1]},"o":{"x":[0.598],"y":[0]},"t":108.205,"s":[-1]},{"i":{"x":[0.833],"y":[1]},"o":{"x":[0.333],"y":[0]},"t":129.129,"s":[0.3]},{"t":150,"s":[0]}],"ix":10},"p":{"a":1,"k":[{"i":{"x":0.176,"y":1},"o":{"x":0.519,"y":0},"t":6,"s":[512,512,0],"to":[0,0,0],"ti":[0,0,0]},{"i":{"x":0.328,"y":1},"o":{"x":0.922,"y":0},"t":28,"s":[522,510,0],"to":[0,0,0],"ti":[0,0,0]},{"i":{"x":0.378,"y":1},"o":{"x":0.606,"y":0},"t":48.924,"s":[510,512,0],"to":[0,0,0],"ti":[0,0,0]},{"i":{"x":0.328,"y":1},"o":{"x":0.598,"y":0},"t":69.846,"s":[514,506,0],"to":[0,0,0],"ti":[0,0,0]},{"i":{"x":0.378,"y":1},"o":{"x":0.606,"y":0},"t":88,"s":[518,512,0],"to":[0,0,0],"ti":[0,0,0]},{"i":{"x":0.321,"y":1},"o":{"x":0.598,"y":0},"t":108.205,"s":[514,506,0],"to":[0,0,0],"ti":[0,0,0]},{"i":{"x":0.667,"y":1},"o":{"x":0.333,"y":0},"t":128,"s":[510,526,0],"to":[0,0,0],"ti":[0,0,0]},{"i":{"x":0.667,"y":1},"o":{"x":0.333,"y":0},"t":140,"s":[512,508,0],"to":[0,0,0],"ti":[0,0,0]},{"t":150,"s":[512,512,0]}],"ix":2,"l":2},"a":{"a":0,"k":[0,0,0],"ix":1,"l":2},"s":{"a":1,"k":[{"i":{"x":[0.176,0.176,0.667],"y":[1,1,1]},"o":{"x":[0.519,0.519,0.333],"y":[0,0,0]},"t":6,"s":[100,100,100]},{"i":{"x":[0.328,0.328,0.667],"y":[1,1,1]},"o":{"x":[0.922,0.922,0.333],"y":[0,0,0]},"t":28,"s":[77,77,100]},{"i":{"x":[0.378,0.378,0.667],"y":[1,1,1]},"o":{"x":[0.606,0.606,0.333],"y":[0,0,0]},"t":48.924,"s":[106,106,100]},{"i":{"x":[0.328,0.328,0.667],"y":[1,1,1]},"o":{"x":[0.598,0.598,0.333],"y":[0,0,0]},"t":69.846,"s":[98,98,100]},{"i":{"x":[0.378,0.378,0.667],"y":[1,1,1]},"o":{"x":[0.606,0.606,0.333],"y":[0,0,0]},"t":88,"s":[104,104,100]},{"i":{"x":[0.321,0.321,0.667],"y":[1,1,1]},"o":{"x":[0.598,0.598,0.333],"y":[0,0,0]},"t":108.205,"s":[98,98,100]},{"i":{"x":[0.147,0.147,0.833],"y":[1,1,1]},"o":{"x":[0.333,0.333,0.333],"y":[0,0,0]},"t":129.129,"s":[101,101,100]},{"t":144,"s":[100,100,100]}],"ix":6,"l":2}},"ao":0,"ip":0,"op":168,"st":-10,"bm":0},{"ddd":0,"ind":2,"ty":3,"nm":"MOVE FACE","parent":1,"sr":1,"ks":{"o":{"a":0,"k":100,"ix":11},"r":{"a":1,"k":[{"i":{"x":[0.667],"y":[1]},"o":{"x":[0.333],"y":[0]},"t":0,"s":[0]},{"i":{"x":[0.667],"y":[1]},"o":{"x":[0.333],"y":[0]},"t":28,"s":[-5]},{"i":{"x":[0.667],"y":[1]},"o":{"x":[0.333],"y":[0]},"t":48,"s":[2]},{"i":{"x":[0.667],"y":[1]},"o":{"x":[0.333],"y":[0]},"t":70,"s":[-3]},{"t":108,"s":[0]}],"ix":10},"p":{"a":0,"k":[0,0,0],"ix":2,"l":2},"a":{"a":0,"k":[512,512,0],"ix":1,"l":2},"s":{"a":0,"k":[100,100,100],"ix":6,"l":2}},"ao":0,"ip":0,"op":168,"st":0,"bm":0},{"ddd":0,"ind":3,"ty":3,"nm":"MOVE HEAD","parent":2,"sr":1,"ks":{"o":{"a":0,"k":0,"ix":11},"r":{"a":1,"k":[{"i":{"x":[0.328],"y":[1]},"o":{"x":[1],"y":[0]},"t":28,"s":[0]},{"i":{"x":[0.378],"y":[1]},"o":{"x":[0.606],"y":[0]},"t":48,"s":[1]},{"i":{"x":[0.328],"y":[1]},"o":{"x":[0.598],"y":[0]},"t":69.846,"s":[0]},{"i":{"x":[0.378],"y":[1]},"o":{"x":[0.606],"y":[0]},"t":88,"s":[1]},{"i":{"x":[0.321],"y":[1]},"o":{"x":[0.598],"y":[0]},"t":108.205,"s":[0]},{"t":128,"s":[0]}],"ix":10},"p":{"a":1,"k":[{"i":{"x":0.176,"y":1},"o":{"x":0.519,"y":0},"t":6,"s":[512,512,0],"to":[0,0,0],"ti":[0,0,0]},{"i":{"x":0.328,"y":1},"o":{"x":0.922,"y":0},"t":28,"s":[517.48,375.751,0],"to":[0,0,0],"ti":[0,0,0]},{"i":{"x":0.378,"y":1},"o":{"x":0.606,"y":0},"t":48,"s":[485.708,498.418,0],"to":[0,0,0],"ti":[0,0,0]},{"i":{"x":0.328,"y":1},"o":{"x":0.598,"y":0},"t":70,"s":[546.5,461.727,0],"to":[0,0,0],"ti":[0,0,0]},{"i":{"x":0.378,"y":1},"o":{"x":0.606,"y":0},"t":88,"s":[491.415,479.246,0],"to":[0,0,0],"ti":[0,0,0]},{"i":{"x":0.321,"y":1},"o":{"x":0.598,"y":0},"t":108,"s":[542.756,479.18,0],"to":[0,0,0],"ti":[0,0,0]},{"i":{"x":0.667,"y":1},"o":{"x":0.333,"y":0},"t":128,"s":[510.022,523.861,0],"to":[0,0,0],"ti":[0,0,0]},{"i":{"x":0.667,"y":1},"o":{"x":0.333,"y":0},"t":140,"s":[513.992,504.001,0],"to":[0,0,0],"ti":[0,0,0]},{"t":152,"s":[512,512,0]}],"ix":2,"l":2},"a":{"a":0,"k":[0,0,0],"ix":1,"l":2},"s":{"a":0,"k":[100,100,100],"ix":6,"l":2}},"ao":0,"ip":0,"op":168,"st":-10,"bm":0},{"ddd":0,"ind":4,"ty":3,"nm":"MOVE HEAD 2","parent":1,"sr":1,"ks":{"o":{"a":0,"k":0,"ix":11},"r":{"a":1,"k":[{"i":{"x":[0.328],"y":[1]},"o":{"x":[1],"y":[0]},"t":28,"s":[0]},{"i":{"x":[0.378],"y":[1]},"o":{"x":[0.606],"y":[0]},"t":48.924,"s":[1]},{"i":{"x":[0.328],"y":[1]},"o":{"x":[0.598],"y":[0]},"t":69.846,"s":[0]},{"i":{"x":[0.378],"y":[1]},"o":{"x":[0.606],"y":[0]},"t":87.281,"s":[1]},{"i":{"x":[0.321],"y":[1]},"o":{"x":[0.598],"y":[0]},"t":108.205,"s":[0]},{"t":130,"s":[0]}],"ix":10},"p":{"a":1,"k":[{"i":{"x":0.176,"y":1},"o":{"x":0.519,"y":0},"t":6,"s":[0,0,0],"to":[0,0,0],"ti":[0,0,0]},{"i":{"x":0.328,"y":1},"o":{"x":0.922,"y":0},"t":28,"s":[2.897,-86.966,0],"to":[0,0,0],"ti":[0,0,0]},{"i":{"x":0.378,"y":1},"o":{"x":0.606,"y":0},"t":48.924,"s":[-27.354,-6.221,0],"to":[0,0,0],"ti":[0,0,0]},{"i":{"x":0.328,"y":1},"o":{"x":0.598,"y":0},"t":69.846,"s":[8.838,-18.127,0],"to":[0,0,0],"ti":[0,0,0]},{"i":{"x":0.378,"y":1},"o":{"x":0.606,"y":0},"t":87.281,"s":[-27.354,-6.221,0],"to":[0,0,0],"ti":[0,0,0]},{"i":{"x":0.321,"y":1},"o":{"x":0.598,"y":0},"t":108.205,"s":[8.838,-18.127,0],"to":[0,0,0],"ti":[0,0,0]},{"i":{"x":0.197,"y":1},"o":{"x":0.333,"y":0},"t":130,"s":[-2.04,-0.021,0],"to":[0,0,0],"ti":[0,0,0]},{"t":141.333984375,"s":[0,0,0]}],"ix":2,"l":2},"a":{"a":0,"k":[0,0,0],"ix":1,"l":2},"s":{"a":0,"k":[100,100,100],"ix":6,"l":2}},"ao":0,"ip":0,"op":168,"st":-10,"bm":0},{"ddd":0,"ind":5,"ty":4,"nm":"heart 1","parent":3,"sr":1,"ks":{"o":{"a":0,"k":100,"ix":11},"r":{"a":0,"k":0,"ix":10},"p":{"a":1,"k":[{"i":{"x":0.551,"y":1},"o":{"x":0.922,"y":0},"t":8,"s":[221.72,-56.4,0],"to":[0.068,-1.297,0],"ti":[-2.877,3.761,0]},{"i":{"x":0.379,"y":1},"o":{"x":0.846,"y":0},"t":28,"s":[222.128,-64.181,0],"to":[2.877,-3.761,0],"ti":[4.53,-1.964,0]},{"i":{"x":0.321,"y":1},"o":{"x":0.661,"y":0},"t":48,"s":[238.98,-78.965,0],"to":[-4.53,1.964,0],"ti":[-0.329,-3.761,0]},{"i":{"x":0.379,"y":1},"o":{"x":0.628,"y":0},"t":69.846,"s":[194.951,-52.4,0],"to":[0.329,3.761,0],"ti":[0,0,0]},{"i":{"x":0.321,"y":1},"o":{"x":0.661,"y":0},"t":87.281,"s":[240.951,-56.4,0],"to":[0,0,0],"ti":[3.205,0,0]},{"i":{"x":0.282,"y":1},"o":{"x":0.628,"y":0},"t":108.205,"s":[194.951,-52.4,0],"to":[-3.205,0,0],"ti":[-4.462,0.667,0]},{"t":129.12890625,"s":[221.72,-56.4,0]}],"ix":2,"l":2},"a":{"a":0,"k":[193.01,172.89,0],"ix":1,"l":2},"s":{"a":1,"k":[{"i":{"x":[0.551,0.551,0.667],"y":[1,1,1]},"o":{"x":[0.167,0.167,0.167],"y":[0,0,0]},"t":8,"s":[100,100,100]},{"i":{"x":[0.379,0.379,0.667],"y":[1,1,1]},"o":{"x":[0.846,0.846,0.333],"y":[0,0,0]},"t":28,"s":[99,99,100]},{"i":{"x":[0.321,0.321,0.667],"y":[1,1,1]},"o":{"x":[0.661,0.661,0.333],"y":[0,0,0]},"t":48,"s":[106,106,100]},{"i":{"x":[0.379,0.379,0.667],"y":[1,1,1]},"o":{"x":[0.628,0.628,0.333],"y":[0,0,0]},"t":69.846,"s":[92,92,100]},{"i":{"x":[0.321,0.321,0.667],"y":[1,1,1]},"o":{"x":[0.661,0.661,0.333],"y":[0,0,0]},"t":87.281,"s":[106,106,100]},{"i":{"x":[0.282,0.282,0.667],"y":[1,1,1]},"o":{"x":[0.628,0.628,0.333],"y":[0,0,0]},"t":108.205,"s":[92,92,100]},{"i":{"x":[0.833,0.833,0.833],"y":[1,1,1]},"o":{"x":[0.167,0.167,0.167],"y":[0,0,0]},"t":129.129,"s":[102,102,100]},{"t":144,"s":[100,100,100]}],"ix":6,"l":2}},"ao":0,"shapes":[{"ty":"gr","it":[{"ind":0,"ty":"sh","ix":1,"ks":{"a":0,"k":{"i":[[-27.359,34.08],[-21.12,-14.72],[13.68,-10],[2.64,-9.28],[10.16,-5.68],[5.359,15.76]],"o":[[13.44,-16.72],[11.28,7.84],[-23.2,16.96],[-3.12,11.2],[-10.159,5.68],[-1.12,-3.28]],"v":[[-20.32,-31.4],[36.32,-49.32],[33.999,-9.24],[7.119,28.2],[-8.241,58.36],[-32.64,42.28]],"c":true},"ix":2},"nm":"Path 1","mn":"ADBE Vector Shape - Group","hd":false},{"ty":"fl","c":{"a":0,"k":[0.957000014361,0.560999971278,0.694000004787,1],"ix":4},"o":{"a":0,"k":100,"ix":5},"r":1,"bm":0,"nm":"Fill 1","mn":"ADBE Vector Graphic - Fill","hd":false},{"ty":"tr","p":{"a":0,"k":[68.89,99.09],"ix":2},"a":{"a":0,"k":[0,0],"ix":1},"s":{"a":0,"k":[100,100],"ix":3},"r":{"a":0,"k":0,"ix":6},"o":{"a":0,"k":100,"ix":7},"sk":{"a":0,"k":0,"ix":4},"sa":{"a":0,"k":0,"ix":5},"nm":"Transform"}],"nm":"Group 1","np":2,"cix":2,"bm":0,"ix":1,"mn":"ADBE Vector Group","hd":false},{"ty":"gr","it":[{"ind":0,"ty":"sh","ix":1,"ks":{"a":0,"k":{"i":[[0.56,12.16],[1.28,5.04],[18.64,11.76],[0,0],[-15.2,-29.92],[-1.201,-17.6],[-2.88,-5.68],[-6.161,1.76]],"o":[[-0.4,-8.64],[-6.241,-25.28],[-18.641,-11.84],[0,0],[8,15.68],[0.399,6.32],[2.881,5.68],[9.839,-2.8]],"v":[[40.041,29.04],[36.76,6.72],[1,-44],[-40.601,-58.08],[-3.641,-21.6],[9.721,29.2],[13.159,47.84],[28.601,56.32]],"c":true},"ix":2},"nm":"Path 1","mn":"ADBE Vector Shape - Group","hd":false},{"ty":"fl","c":{"a":0,"k":[0.677999997606,0.136999990426,0.419999994016,1],"ix":4},"o":{"a":0,"k":100,"ix":5},"r":1,"bm":0,"nm":"Fill 1","mn":"ADBE Vector Graphic - Fill","hd":false},{"ty":"tr","p":{"a":0,"k":[148.37,73.13],"ix":2},"a":{"a":0,"k":[0,0],"ix":1},"s":{"a":0,"k":[100,100],"ix":3},"r":{"a":0,"k":0,"ix":6},"o":{"a":0,"k":100,"ix":7},"sk":{"a":0,"k":0,"ix":4},"sa":{"a":0,"k":0,"ix":5},"nm":"Transform"}],"nm":"Group 2","np":2,"cix":2,"bm":0,"ix":2,"mn":"ADBE Vector Group","hd":false},{"ty":"gr","it":[{"ind":0,"ty":"sh","ix":1,"ks":{"a":0,"k":{"i":[[44.72,12.56],[7.68,-0.88],[-15.44,-36.88],[19.28,-37.76],[9.6,-3.52],[-50.56,88.079]],"o":[[0,0],[0,0],[10.24,24.32],[-41.84,81.84],[11.76,-3.28],[42.88,-74.4]],"v":[[32.88,-139.96],[10.64,-143],[58.96,-85.8],[52.56,7.88],[-127.68,143.88],[84.8,9.32]],"c":true},"ix":2},"nm":"Path 1","mn":"ADBE Vector Shape - Group","hd":false},{"ty":"fl","c":{"a":0,"k":[0.677999997606,0.136999990426,0.419999994016,1],"ix":4},"o":{"a":0,"k":100,"ix":5},"r":1,"bm":0,"nm":"Fill 1","mn":"ADBE Vector Graphic - Fill","hd":false},{"ty":"tr","p":{"a":0,"k":[258.09,201.41],"ix":2},"a":{"a":0,"k":[0,0],"ix":1},"s":{"a":0,"k":[100,100],"ix":3},"r":{"a":0,"k":0,"ix":6},"o":{"a":0,"k":100,"ix":7},"sk":{"a":0,"k":0,"ix":4},"sa":{"a":0,"k":0,"ix":5},"nm":"Transform"}],"nm":"Group 3","np":2,"cix":2,"bm":0,"ix":3,"mn":"ADBE Vector Group","hd":false},{"ty":"gr","it":[{"ind":0,"ty":"sh","ix":1,"ks":{"a":0,"k":{"i":[[44.72,12.56],[0,0],[50.48,17.36],[3.76,-85.76],[0,0],[-52.64,91.6]],"o":[[-59.04,-16.56],[0,0],[-60.64,-20.8],[-4.32,98.08],[0,0],[42.88,-74.48]],"v":[[97.96,-111.44],[-4.52,-79.68],[-60.04,-151.84],[-188.44,-53.76],[-63.4,172.64],[149.88,37.92]],"c":true},"ix":2},"nm":"Path 1","mn":"ADBE Vector Shape - Group","hd":false},{"ty":"fl","c":{"a":0,"k":[0.851000019148,0.238999998803,0.556999954523,1],"ix":4},"o":{"a":0,"k":100,"ix":5},"r":1,"bm":0,"nm":"Fill 1","mn":"ADBE Vector Graphic - Fill","hd":false},{"ty":"tr","p":{"a":0,"k":[193.01,172.89],"ix":2},"a":{"a":0,"k":[0,0],"ix":1},"s":{"a":0,"k":[100,100],"ix":3},"r":{"a":0,"k":0,"ix":6},"o":{"a":0,"k":100,"ix":7},"sk":{"a":0,"k":0,"ix":4},"sa":{"a":0,"k":0,"ix":5},"nm":"Transform"}],"nm":"Group 4","np":2,"cix":2,"bm":0,"ix":4,"mn":"ADBE Vector Group","hd":false}],"ip":0,"op":168,"st":-10,"bm":0},{"ddd":0,"ind":6,"ty":4,"nm":"heart 2","parent":3,"sr":1,"ks":{"o":{"a":0,"k":100,"ix":11},"r":{"a":0,"k":0,"ix":10},"p":{"a":1,"k":[{"i":{"x":0.551,"y":1},"o":{"x":0.922,"y":0},"t":8,"s":[-220.44,-53.72,0],"to":[0.068,-1.297,0],"ti":[-3.846,-0.641,0]},{"i":{"x":0.379,"y":1},"o":{"x":0.846,"y":0},"t":28,"s":[-220.032,-61.502,0],"to":[3.846,0.641,0],"ti":[4.555,-1.938,0]},{"i":{"x":0.321,"y":1},"o":{"x":0.661,"y":0},"t":48.924,"s":[-197.363,-49.874,0],"to":[-4.555,1.938,0],"ti":[0,0,0]},{"i":{"x":0.379,"y":1},"o":{"x":0.628,"y":0},"t":69.846,"s":[-247.363,-49.874,0],"to":[0,0,0],"ti":[0,0,0]},{"i":{"x":0.321,"y":1},"o":{"x":0.661,"y":0},"t":87.281,"s":[-197.363,-49.874,0],"to":[0,0,0],"ti":[3.846,0.641,0]},{"i":{"x":0.282,"y":1},"o":{"x":0.628,"y":0},"t":108.205,"s":[-247.363,-49.874,0],"to":[-3.846,-0.641,0],"ti":[-4.487,0.641,0]},{"t":129.12890625,"s":[-220.44,-53.72,0]}],"ix":2,"l":2},"a":{"a":0,"k":[192.13,170.37,0],"ix":1,"l":2},"s":{"a":1,"k":[{"i":{"x":[0.551,0.551,0.667],"y":[1,1,1]},"o":{"x":[0.167,0.167,0.167],"y":[0,0,0]},"t":8,"s":[100,100,100]},{"i":{"x":[0.379,0.379,0.667],"y":[1,1,1]},"o":{"x":[0.846,0.846,0.333],"y":[0,0,0]},"t":28,"s":[101,101,100]},{"i":{"x":[0.321,0.321,0.667],"y":[1,1,1]},"o":{"x":[0.661,0.661,0.333],"y":[0,0,0]},"t":48,"s":[85,85,100]},{"i":{"x":[0.379,0.379,0.667],"y":[1,1,1]},"o":{"x":[0.628,0.628,0.333],"y":[0,0,0]},"t":69.846,"s":[106,106,100]},{"i":{"x":[0.321,0.321,0.667],"y":[1,1,1]},"o":{"x":[0.661,0.661,0.333],"y":[0,0,0]},"t":87.281,"s":[85,85,100]},{"i":{"x":[0.282,0.282,0.667],"y":[1,1,1]},"o":{"x":[0.628,0.628,0.333],"y":[0,0,0]},"t":108,"s":[104,104,100]},{"i":{"x":[0.833,0.833,0.833],"y":[1,1,1]},"o":{"x":[0.167,0.167,0.167],"y":[0,0,0]},"t":129.129,"s":[98,98,100]},{"t":142,"s":[100,100,100]}],"ix":6,"l":2}},"ao":0,"shapes":[{"ty":"gr","it":[{"ind":0,"ty":"sh","ix":1,"ks":{"a":0,"k":{"i":[[-0.479,13.12],[-1.92,6],[-11.84,3.68],[-5.84,-11.04],[2.881,-10.72],[1.04,-12.8],[10.721,0.32],[5.441,8.24]],"o":[[0.24,-5.84],[3.6,-11.2],[11.04,-3.44],[5.281,9.76],[-3.44,12.96],[-0.801,10.16],[-9.84,-0.32],[-7.84,-11.92]],"v":[[-31.561,-3.32],[-28.361,-21.08],[-5.401,-47.96],[26.759,-37.96],[25.319,-5.56],[21,32.12],[2.439,51.08],[-20.441,34.36]],"c":true},"ix":2},"nm":"Path 1","mn":"ADBE Vector Shape - Group","hd":false},{"ty":"fl","c":{"a":0,"k":[0.957000014361,0.560999971278,0.694000004787,1],"ix":4},"o":{"a":0,"k":100,"ix":5},"r":1,"bm":0,"nm":"Fill 1","mn":"ADBE Vector Graphic - Fill","hd":false},{"ty":"tr","p":{"a":0,"k":[84.531,157.49],"ix":2},"a":{"a":0,"k":[0,0],"ix":1},"s":{"a":0,"k":[100,100],"ix":3},"r":{"a":0,"k":0,"ix":6},"o":{"a":0,"k":100,"ix":7},"sk":{"a":0,"k":0,"ix":4},"sa":{"a":0,"k":0,"ix":5},"nm":"Transform"}],"nm":"Group 1","np":2,"cix":2,"bm":0,"ix":1,"mn":"ADBE Vector Group","hd":false},{"ty":"gr","it":[{"ind":0,"ty":"sh","ix":1,"ks":{"a":0,"k":{"i":[[7.12,9.84],[3.84,3.52],[22,-0.48],[0,0],[-29.2,-16.4],[-10.8,-14],[-5.52,-3.12],[-4.16,4.8]],"o":[[-5.12,-7.04],[-19.2,-17.6],[-22.08,0.48],[0,0],[15.36,8.64],[3.92,5.04],[5.52,3.2],[6.64,-7.76]],"v":[[51.64,2.92],[36.52,-13.88],[-21.32,-36.28],[-63.8,-24.92],[-12.84,-15.08],[26.44,19.8],[39.64,33.4],[57.16,31.96]],"c":true},"ix":2},"nm":"Path 1","mn":"ADBE Vector Shape - Group","hd":false},{"ty":"fl","c":{"a":0,"k":[0.677999997606,0.136999990426,0.419999994016,1],"ix":4},"o":{"a":0,"k":100,"ix":5},"r":1,"bm":0,"nm":"Fill 1","mn":"ADBE Vector Graphic - Fill","hd":false},{"ty":"tr","p":{"a":0,"k":[136.61,102.37],"ix":2},"a":{"a":0,"k":[0,0],"ix":1},"s":{"a":0,"k":[100,100],"ix":3},"r":{"a":0,"k":0,"ix":6},"o":{"a":0,"k":100,"ix":7},"sk":{"a":0,"k":0,"ix":4},"sa":{"a":0,"k":0,"ix":5},"nm":"Transform"}],"nm":"Group 2","np":2,"cix":2,"bm":0,"ix":2,"mn":"ADBE Vector Group","hd":false},{"ty":"gr","it":[{"ind":0,"ty":"sh","ix":1,"ks":{"a":0,"k":{"i":[[44.16,-14.32],[5.841,-5.04],[-33.36,-22.16],[-4.88,-42.16],[6.079,-8.24],[6.641,101.36]],"o":[[0,0],[0,0],[22,14.56],[10.56,91.28],[7.92,-9.2],[-5.6,-85.76]],"v":[[-56.24,-155.48],[-76.4,-145.64],[-4.48,-124.84],[42.079,-43.32],[-32.559,169.8],[69.759,-59.96]],"c":true},"ix":2},"nm":"Path 1","mn":"ADBE Vector Shape - Group","hd":false},{"ty":"fl","c":{"a":0,"k":[0.677999997606,0.136999990426,0.419999994016,1],"ix":4},"o":{"a":0,"k":100,"ix":5},"r":1,"bm":0,"nm":"Fill 1","mn":"ADBE Vector Graphic - Fill","hd":false},{"ty":"tr","p":{"a":0,"k":[307.21,170.05],"ix":2},"a":{"a":0,"k":[0,0],"ix":1},"s":{"a":0,"k":[100,100],"ix":3},"r":{"a":0,"k":0,"ix":6},"o":{"a":0,"k":100,"ix":7},"sk":{"a":0,"k":0,"ix":4},"sa":{"a":0,"k":0,"ix":5},"nm":"Transform"}],"nm":"Group 3","np":2,"cix":2,"bm":0,"ix":3,"mn":"ADBE Vector Group","hd":false},{"ty":"gr","it":[{"ind":0,"ty":"sh","ix":1,"ks":{"a":0,"k":{"i":[[44.16,-14.32],[0,0],[51.601,-13.6],[-44.401,-73.52],[0,0],[6.96,105.44]],"o":[[-58.319,18.96],[0,0],[-62,16.32],[50.799,84.08],[0,0],[-5.68,-85.76]],"v":[[58.84,-155.8],[-8.84,-72.6],[-95,-101.88],[-147.479,51],[82.12,170.12],[184.92,-60.28]],"c":true},"ix":2},"nm":"Path 1","mn":"ADBE Vector Shape - Group","hd":false},{"ty":"fl","c":{"a":0,"k":[0.851000019148,0.238999998803,0.556999954523,1],"ix":4},"o":{"a":0,"k":100,"ix":5},"r":1,"bm":0,"nm":"Fill 1","mn":"ADBE Vector Graphic - Fill","hd":false},{"ty":"tr","p":{"a":0,"k":[192.13,170.37],"ix":2},"a":{"a":0,"k":[0,0],"ix":1},"s":{"a":0,"k":[100,100],"ix":3},"r":{"a":0,"k":0,"ix":6},"o":{"a":0,"k":100,"ix":7},"sk":{"a":0,"k":0,"ix":4},"sa":{"a":0,"k":0,"ix":5},"nm":"Transform"}],"nm":"Group 4","np":2,"cix":2,"bm":0,"ix":4,"mn":"ADBE Vector Group","hd":false}],"ip":0,"op":168,"st":-10,"bm":0},{"ddd":0,"ind":7,"ty":4,"nm":"ear1","parent":22,"sr":1,"ks":{"o":{"a":0,"k":100,"ix":11},"r":{"a":0,"k":0,"ix":10},"p":{"a":0,"k":[204.41,200.41,0],"ix":2,"l":2},"a":{"a":0,"k":[72.09,114.97,0],"ix":1,"l":2},"s":{"a":0,"k":[100,100,100],"ix":6,"l":2}},"ao":0,"shapes":[{"ty":"gr","it":[{"ind":0,"ty":"sh","ix":1,"ks":{"a":0,"k":{"i":[[0,0],[-7.2,14.32],[-14.639,11.6],[-7.12,-30.64],[14.16,-42.4],[11.841,10.32]],"o":[[-12.319,-10.32],[17.28,-34.48],[24,-19.04],[13.2,56.64],[-4.96,14.96],[0,0]],"v":[[-59.52,33.84],[-64.321,-7.44],[8.96,-89.28],[58.639,-84.08],[56.639,91.84],[24.48,104.4]],"c":true},"ix":2},"nm":"Path 1","mn":"ADBE Vector Shape - Group","hd":false},{"ty":"fl","c":{"a":0,"k":[1,0.819999964097,0.819999964097,1],"ix":4},"o":{"a":0,"k":100,"ix":5},"r":1,"bm":0,"nm":"Fill 1","mn":"ADBE Vector Graphic - Fill","hd":false},{"ty":"tr","p":{"a":0,"k":[72.089,114.97],"ix":2},"a":{"a":0,"k":[0,0],"ix":1},"s":{"a":0,"k":[100,100],"ix":3},"r":{"a":0,"k":0,"ix":6},"o":{"a":0,"k":100,"ix":7},"sk":{"a":0,"k":0,"ix":4},"sa":{"a":0,"k":0,"ix":5},"nm":"Transform"}],"nm":"Group 1","np":2,"cix":2,"bm":0,"ix":1,"mn":"ADBE Vector Group","hd":false}],"ip":0,"op":168,"st":-10,"bm":0},{"ddd":0,"ind":8,"ty":4,"nm":"ear2","parent":23,"sr":1,"ks":{"o":{"a":0,"k":100,"ix":11},"r":{"a":0,"k":0,"ix":10},"p":{"a":0,"k":[163.289,200.41,0],"ix":2,"l":2},"a":{"a":0,"k":[72.09,114.97,0],"ix":1,"l":2},"s":{"a":0,"k":[100,100,100],"ix":6,"l":2}},"ao":0,"shapes":[{"ty":"gr","it":[{"ind":0,"ty":"sh","ix":1,"ks":{"a":0,"k":{"i":[[0,0],[7.2,14.32],[14.64,11.6],[7.12,-30.64],[-14.16,-42.4],[-11.84,10.32]],"o":[[12.32,-10.32],[-17.28,-34.48],[-24,-19.04],[-13.2,56.64],[4.96,14.96],[0,0]],"v":[[59.52,33.84],[64.32,-7.44],[-8.96,-89.28],[-58.64,-84.08],[-56.64,91.84],[-24.48,104.4]],"c":true},"ix":2},"nm":"Path 1","mn":"ADBE Vector Shape - Group","hd":false},{"ty":"fl","c":{"a":0,"k":[1,0.819999964097,0.819999964097,1],"ix":4},"o":{"a":0,"k":100,"ix":5},"r":1,"bm":0,"nm":"Fill 1","mn":"ADBE Vector Graphic - Fill","hd":false},{"ty":"tr","p":{"a":0,"k":[72.09,114.97],"ix":2},"a":{"a":0,"k":[0,0],"ix":1},"s":{"a":0,"k":[100,100],"ix":3},"r":{"a":0,"k":0,"ix":6},"o":{"a":0,"k":100,"ix":7},"sk":{"a":0,"k":0,"ix":4},"sa":{"a":0,"k":0,"ix":5},"nm":"Transform"}],"nm":"Group 1","np":2,"cix":2,"bm":0,"ix":1,"mn":"ADBE Vector Group","hd":false}],"ip":0,"op":168,"st":-10,"bm":0},{"ddd":0,"ind":9,"ty":4,"nm":"head 2","parent":21,"td":1,"sr":1,"ks":{"o":{"a":0,"k":100,"ix":11},"r":{"a":0,"k":0,"ix":10},"p":{"a":0,"k":[409.529,363.49,0],"ix":2,"l":2},"a":{"a":0,"k":[409.529,363.49,0],"ix":1,"l":2},"s":{"a":0,"k":[100,100,100],"ix":6,"l":2}},"ao":0,"shapes":[{"ty":"gr","it":[{"ind":0,"ty":"sh","ix":1,"ks":{"a":0,"k":{"i":[[8.399,121.12],[243.52,0],[14.4,-207.84],[-96.32,-65.6],[-166.48,-2.08],[0,0]],"o":[[-14.4,-207.84],[-243.52,0],[-8.4,121.12],[0,0],[166.48,-2.08],[96.24,-65.6]],"v":[[400.88,-7.56],[0,-363.24],[-400.88,-7.56],[-264.159,282.12],[0,363.24],[264.16,282.12]],"c":true},"ix":2},"nm":"Path 1","mn":"ADBE Vector Shape - Group","hd":false},{"ty":"fl","c":{"a":0,"k":[1,0.752999997606,0.13300000359,1],"ix":4},"o":{"a":0,"k":100,"ix":5},"r":1,"bm":0,"nm":"Fill 1","mn":"ADBE Vector Graphic - Fill","hd":false},{"ty":"tr","p":{"a":0,"k":[409.529,363.49],"ix":2},"a":{"a":0,"k":[0,0],"ix":1},"s":{"a":0,"k":[100,100],"ix":3},"r":{"a":0,"k":0,"ix":6},"o":{"a":0,"k":100,"ix":7},"sk":{"a":0,"k":0,"ix":4},"sa":{"a":0,"k":0,"ix":5},"nm":"Transform"}],"nm":"Group 1","np":2,"cix":2,"bm":0,"ix":1,"mn":"ADBE Vector Group","hd":false}],"ip":0,"op":168,"st":-10,"bm":0},{"ddd":0,"ind":10,"ty":4,"nm":"head hair","parent":4,"tt":1,"sr":1,"ks":{"o":{"a":0,"k":47,"ix":11},"r":{"a":0,"k":0,"ix":10},"p":{"a":0,"k":[0,-223.938,0],"ix":2,"l":2},"a":{"a":0,"k":[128.8,76.942,0],"ix":1,"l":2},"s":{"a":0,"k":[100,100,100],"ix":6,"l":2}},"ao":0,"shapes":[{"ty":"gr","it":[{"ind":0,"ty":"sh","ix":1,"ks":{"a":0,"k":{"i":[[16.72,-14.24],[10.64,12.32],[-8.4,77.92],[-32.96,-9.04]],"o":[[-9.04,7.68],[-12.881,-14.96],[37.359,1.36],[-26.641,43.68]],"v":[[4.386,72.099],[-33.614,66.339],[-51.534,-76.941],[54.146,-61.181]],"c":true},"ix":2},"nm":"Path 1","mn":"ADBE Vector Shape - Group","hd":false},{"ty":"fl","c":{"a":0,"k":[1,0.438999998803,0.263000009574,1],"ix":4},"o":{"a":0,"k":100,"ix":5},"r":1,"bm":0,"nm":"Fill 1","mn":"ADBE Vector Graphic - Fill","hd":false},{"ty":"tr","p":{"a":0,"k":[203.454,76.942],"ix":2},"a":{"a":0,"k":[0,0],"ix":1},"s":{"a":0,"k":[100,100],"ix":3},"r":{"a":0,"k":0,"ix":6},"o":{"a":0,"k":100,"ix":7},"sk":{"a":0,"k":0,"ix":4},"sa":{"a":0,"k":0,"ix":5},"nm":"Transform"}],"nm":"Group 1","np":2,"cix":2,"bm":0,"ix":1,"mn":"ADBE Vector Group","hd":false},{"ty":"gr","it":[{"ind":0,"ty":"sh","ix":1,"ks":{"a":0,"k":{"i":[[-16.721,-14.24],[-10.641,12.32],[8.399,77.92],[32.961,-9.04]],"o":[[9.04,7.68],[12.88,-14.96],[-37.36,1.36],[26.641,43.68]],"v":[[-4.386,72.099],[33.614,66.339],[51.534,-76.941],[-54.147,-61.181]],"c":true},"ix":2},"nm":"Path 1","mn":"ADBE Vector Shape - Group","hd":false},{"ty":"fl","c":{"a":0,"k":[1,0.438999998803,0.263000009574,1],"ix":4},"o":{"a":0,"k":100,"ix":5},"r":1,"bm":0,"nm":"Fill 1","mn":"ADBE Vector Graphic - Fill","hd":false},{"ty":"tr","p":{"a":0,"k":[54.146,76.942],"ix":2},"a":{"a":0,"k":[0,0],"ix":1},"s":{"a":0,"k":[100,100],"ix":3},"r":{"a":0,"k":0,"ix":6},"o":{"a":0,"k":100,"ix":7},"sk":{"a":0,"k":0,"ix":4},"sa":{"a":0,"k":0,"ix":5},"nm":"Transform"}],"nm":"Group 2","np":2,"cix":2,"bm":0,"ix":2,"mn":"ADBE Vector Group","hd":false}],"ip":0,"op":168,"st":-10,"bm":0},{"ddd":0,"ind":11,"ty":4,"nm":"nose","parent":3,"sr":1,"ks":{"o":{"a":0,"k":100,"ix":11},"r":{"a":0,"k":0,"ix":10},"p":{"a":1,"k":[{"i":{"x":0.667,"y":1},"o":{"x":0.333,"y":0},"t":6,"s":[-0.04,113.639,0],"to":[0.112,-2.134,0],"ti":[-0.049,-0.942,0]},{"i":{"x":0.328,"y":1},"o":{"x":0.333,"y":0},"t":28,"s":[0.631,100.837,0],"to":[0.049,0.942,0],"ti":[0.112,-2.134,0]},{"i":{"x":0.328,"y":1},"o":{"x":0.506,"y":0},"t":45.436,"s":[0.256,119.292,0],"to":[-0.112,2.134,0],"ti":[0.049,0.942,0]},{"t":64.615234375,"s":[-0.04,113.639,0]}],"ix":2,"l":2},"a":{"a":0,"k":[64.93,43.33,0],"ix":1,"l":2},"s":{"a":0,"k":[100,100,100],"ix":6,"l":2}},"ao":0,"shapes":[{"ty":"gr","it":[{"ind":0,"ty":"sh","ix":1,"ks":{"a":0,"k":{"i":[[0.4,22.881],[-31.12,0.479],[-0.4,-22.88],[24.72,0]],"o":[[-0.4,-22.88],[31.12,-0.561],[0.4,22.881],[-24.72,0]],"v":[[-64.28,-8.12],[-0.68,-42.519],[64.28,-10.04],[0.68,43.08]],"c":true},"ix":2},"nm":"Path 1","mn":"ADBE Vector Shape - Group","hd":false},{"ty":"fl","c":{"a":0,"k":[0,0,0,1],"ix":4},"o":{"a":0,"k":100,"ix":5},"r":1,"bm":0,"nm":"Fill 1","mn":"ADBE Vector Graphic - Fill","hd":false},{"ty":"tr","p":{"a":0,"k":[64.93,43.33],"ix":2},"a":{"a":0,"k":[0,0],"ix":1},"s":{"a":0,"k":[100,100],"ix":3},"r":{"a":0,"k":0,"ix":6},"o":{"a":0,"k":100,"ix":7},"sk":{"a":0,"k":0,"ix":4},"sa":{"a":0,"k":0,"ix":5},"nm":"Transform"}],"nm":"Group 1","np":2,"cix":2,"bm":0,"ix":1,"mn":"ADBE Vector Group","hd":false}],"ip":0,"op":168,"st":-10,"bm":0},{"ddd":0,"ind":12,"ty":4,"nm":"mouth","parent":11,"sr":1,"ks":{"o":{"a":0,"k":100,"ix":11},"r":{"a":0,"k":0,"ix":10},"p":{"a":0,"k":[64.97,94.091,0],"ix":2,"l":2},"a":{"a":0,"k":[265.84,121.92,0],"ix":1,"l":2},"s":{"a":0,"k":[100,100,100],"ix":6,"l":2}},"ao":0,"shapes":[{"ty":"gr","it":[{"ind":0,"ty":"sh","ix":1,"ks":{"a":1,"k":[{"i":{"x":0.331,"y":1},"o":{"x":0.333,"y":0},"t":12,"s":[{"i":[[0,0],[63.12,0],[0,0]],"o":[[0,0],[-76,0],[0,0]],"v":[[95.44,2.559],[0,41.919],[-95.44,-41.919]],"c":false}]},{"i":{"x":0.667,"y":1},"o":{"x":1,"y":0},"t":24,"s":[{"i":[[0,0],[63.12,0],[0,0]],"o":[[0,0],[-76,0],[0,0]],"v":[[79.966,1.762],[0,41.919],[-95.44,-41.919]],"c":false}]},{"t":52,"s":[{"i":[[0,0],[63.12,0],[0,0]],"o":[[0,0],[-76,0],[0,0]],"v":[[95.44,2.559],[0,41.919],[-95.44,-41.919]],"c":false}]}],"ix":2},"nm":"Path 1","mn":"ADBE Vector Shape - Group","hd":false},{"ty":"st","c":{"a":0,"k":[0,0,0,1],"ix":3},"o":{"a":0,"k":100,"ix":4},"w":{"a":0,"k":32,"ix":5},"lc":2,"lj":1,"ml":10,"bm":0,"nm":"Stroke 1","mn":"ADBE Vector Graphic - Stroke","hd":false},{"ty":"tr","p":{"a":0,"k":[356.24,121.92],"ix":2},"a":{"a":0,"k":[0,0],"ix":1},"s":{"a":0,"k":[100,100],"ix":3},"r":{"a":0,"k":0,"ix":6},"o":{"a":0,"k":100,"ix":7},"sk":{"a":0,"k":0,"ix":4},"sa":{"a":0,"k":0,"ix":5},"nm":"Transform"}],"nm":"Group 1","np":2,"cix":2,"bm":0,"ix":1,"mn":"ADBE Vector Group","hd":false},{"ty":"gr","it":[{"ind":0,"ty":"sh","ix":1,"ks":{"a":1,"k":[{"i":{"x":0.331,"y":1},"o":{"x":0.333,"y":0},"t":12,"s":[{"i":[[0,0],[-63.12,0],[0,0]],"o":[[0,0],[76,0],[0,0]],"v":[[-95.44,2.559],[-0.001,41.919],[95.44,-41.919]],"c":false}]},{"i":{"x":0.667,"y":1},"o":{"x":1,"y":0},"t":24,"s":[{"i":[[0,0],[-63.12,0],[0,0]],"o":[[0,0],[76,0],[0,0]],"v":[[-79.966,3.357],[-0.001,41.919],[95.44,-41.919]],"c":false}]},{"t":52,"s":[{"i":[[0,0],[-63.12,0],[0,0]],"o":[[0,0],[76,0],[0,0]],"v":[[-95.44,2.559],[-0.001,41.919],[95.44,-41.919]],"c":false}]}],"ix":2},"nm":"Path 1","mn":"ADBE Vector Shape - Group","hd":false},{"ty":"st","c":{"a":0,"k":[0,0,0,1],"ix":3},"o":{"a":0,"k":100,"ix":4},"w":{"a":0,"k":32,"ix":5},"lc":2,"lj":1,"ml":10,"bm":0,"nm":"Stroke 1","mn":"ADBE Vector Graphic - Stroke","hd":false},{"ty":"tr","p":{"a":0,"k":[175.44,121.92],"ix":2},"a":{"a":0,"k":[0,0],"ix":1},"s":{"a":0,"k":[100,100],"ix":3},"r":{"a":0,"k":0,"ix":6},"o":{"a":0,"k":100,"ix":7},"sk":{"a":0,"k":0,"ix":4},"sa":{"a":0,"k":0,"ix":5},"nm":"Transform"}],"nm":"Group 2","np":2,"cix":2,"bm":0,"ix":2,"mn":"ADBE Vector Group","hd":false}],"ip":0,"op":168,"st":-10,"bm":0},{"ddd":0,"ind":13,"ty":4,"nm":"mouth","parent":11,"sr":1,"ks":{"o":{"a":0,"k":100,"ix":11},"r":{"a":0,"k":2,"ix":10},"p":{"a":0,"k":[72.625,247.445,0],"ix":2,"l":2},"a":{"a":0,"k":[119.477,161.308,0],"ix":1,"l":2},"s":{"a":0,"k":[125,125,100],"ix":6,"l":2}},"ao":0,"shapes":[{"ty":"gr","it":[{"ind":0,"ty":"sh","ix":1,"ks":{"a":1,"k":[{"i":{"x":0.833,"y":0.833},"o":{"x":0.167,"y":0.167},"t":8,"s":[{"i":[[0,0],[-19.448,-3.291],[-17.404,-21.303],[0,0],[0,0],[0,0]],"o":[[39.793,-31.86],[14.987,2.536],[17.944,21.964],[0,0],[0,0],[0,0]],"v":[[-78.506,-3.097],[3.46,-44.948],[48.892,-8.729],[32.503,-23.736],[-10.402,-57.063],[-55.102,-17.311]],"c":true}]},{"i":{"x":0.833,"y":0.833},"o":{"x":0.167,"y":0.167},"t":12,"s":[{"i":[[0,0],[-6.956,16.339],[-31.025,-0.447],[0,0],[0,0],[0,0]],"o":[[26.306,1.778],[8.96,13.27],[16.758,22.754],[0,0],[0,0],[0,0]],"v":[[-68.952,-3.478],[-8.929,-45.137],[51.109,-7.702],[48.349,-19.671],[-10.402,-57.063],[-63.698,-15.56]],"c":true}]},{"i":{"x":0.833,"y":0.833},"o":{"x":0.167,"y":0.167},"t":13,"s":[{"i":[[0,0],[-12.28,7.429],[-23.393,-7.629],[0,0],[0,0],[0,0]],"o":[[27.395,-10.179],[11.263,7.205],[16.461,22.951],[0,0],[0,0],[0,0]],"v":[[-66.808,2.126],[-8.23,-31.221],[46.785,-3.39],[52.249,-21.718],[-10.28,-50.936],[-65.908,-18.186]],"c":true}]},{"i":{"x":0.833,"y":0.833},"o":{"x":0.167,"y":0.167},"t":14,"s":[{"i":[[0,0],[-17.604,-1.481],[-15.762,-14.811],[0,0],[0,0],[0,0]],"o":[[28.484,-22.137],[13.567,1.141],[16.165,23.149],[0,0],[0,0],[0,0]],"v":[[-64.665,7.731],[0.352,-23.083],[42.461,0.923],[56.15,-23.765],[-10.159,-44.809],[-68.118,-20.812]],"c":true}]},{"i":{"x":0,"y":1},"o":{"x":0.167,"y":0.167},"t":16,"s":[{"i":[[0,0],[-18.296,-1.243],[-11.42,-15.93],[0,0],[0,0],[0,0]],"o":[[23.205,-22.541],[14.1,0.958],[15.572,23.544],[0,0],[0,0],[0,0]],"v":[[-59.889,19.51],[2.25,-12.839],[40.479,12.309],[64.194,-15.606],[-10.402,-57.063],[-72.294,-13.809]],"c":true}]},{"i":{"x":0.698,"y":0.698},"o":{"x":0.922,"y":0},"t":28,"s":[{"i":[[0,0],[-17.216,0.677],[-5.808,-10.891],[0,0],[0,0],[0,0]],"o":[[7.65,-13.802],[13.268,-0.522],[13.347,25.025],[0,0],[0,0],[0,0]],"v":[[-42.431,40.708],[1.116,17.27],[32.59,32.038],[32.503,-23.736],[-10.402,-57.063],[-45.937,-7.973]],"c":true}]},{"i":{"x":0.833,"y":1},"o":{"x":0.167,"y":0.167},"t":42,"s":[{"i":[[0,0],[-17.318,-1.553],[-25.617,-7.648],[0,0],[0,0],[0,0]],"o":[[32.965,-15.193],[13.347,1.197],[15.572,23.544],[0,0],[0,0],[0,0]],"v":[[-65.119,1.989],[0.054,-16.808],[53.807,-2.78],[64.194,-15.606],[-10.402,-57.063],[-72.294,-13.809]],"c":true}]},{"t":44,"s":[{"i":[[0,0],[-17.318,-1.553],[-3.277,-16.331],[0,0],[0,0],[0,0]],"o":[[11.935,-22.385],[13.347,1.197],[15.572,23.544],[0,0],[0,0],[0,0]],"v":[[-65.119,1.989],[-7.296,-43.105],[53.807,-2.78],[64.194,-15.606],[-10.402,-57.063],[-72.294,-13.809]],"c":true}]}],"ix":2},"nm":"Path 1","mn":"ADBE Vector Shape - Group","hd":false},{"ty":"fl","c":{"a":0,"k":[0,0,0,1],"ix":4},"o":{"a":0,"k":100,"ix":5},"r":1,"bm":0,"nm":"Fill 1","mn":"ADBE Vector Graphic - Fill","hd":false},{"ty":"tr","p":{"a":0,"k":[118.194,87.621],"ix":2},"a":{"a":0,"k":[0,0],"ix":1},"s":{"a":0,"k":[100,100],"ix":3},"r":{"a":0,"k":0,"ix":6},"o":{"a":0,"k":100,"ix":7},"sk":{"a":0,"k":0,"ix":4},"sa":{"a":0,"k":0,"ix":5},"nm":"Transform"}],"nm":"Group 1","np":2,"cix":2,"bm":0,"ix":1,"mn":"ADBE Vector Group","hd":false}],"ip":11,"op":45,"st":-10,"bm":0},{"ddd":0,"ind":14,"ty":4,"nm":"mouth","parent":11,"sr":1,"ks":{"o":{"a":0,"k":100,"ix":11},"r":{"a":0,"k":0,"ix":10},"p":{"a":0,"k":[67.13,166.29,0],"ix":2,"l":2},"a":{"a":0,"k":[178.694,113.215,0],"ix":1,"l":2},"s":{"a":0,"k":[100,100,100],"ix":6,"l":2}},"ao":0,"shapes":[{"ty":"gr","it":[{"ind":0,"ty":"sh","ix":1,"ks":{"a":1,"k":[{"i":{"x":0,"y":1},"o":{"x":0.537,"y":0},"t":8,"s":[{"i":[[0,0],[67.841,0],[0,0]],"o":[[0,0],[-65.039,0],[0,0]],"v":[[103.2,-37.72],[-0.001,37.72],[-103.2,-37.72]],"c":false}]},{"i":{"x":0.531,"y":1},"o":{"x":0.922,"y":0},"t":28,"s":[{"i":[[0,0],[65.696,-1.735],[0,0]],"o":[[0,0],[-60.641,1.601],[0,0]],"v":[[53.754,-26.463],[-3.13,203.911],[-50.546,-31.167]],"c":false}]},{"i":{"x":0.38,"y":1},"o":{"x":0.537,"y":0},"t":46,"s":[{"i":[[0,0],[67.841,0],[0,0]],"o":[[0,0],[-65.039,0],[0,0]],"v":[[103.2,-37.72],[2.274,27.046],[-100.472,-39.752]],"c":false}]},{"i":{"x":0.33,"y":1},"o":{"x":0.6,"y":0},"t":70,"s":[{"i":[[0,0],[67.841,0],[0,0]],"o":[[0,0],[-65.039,0],[0,0]],"v":[[83.797,-37.038],[-8.145,36.557],[-103.2,-37.72]],"c":false}]},{"i":{"x":0.2,"y":1},"o":{"x":0.33,"y":0},"t":88,"s":[{"i":[[0,0],[67.841,0],[0,0]],"o":[[0,0],[-65.039,0],[0,0]],"v":[[103.2,-37.72],[2.227,37.708],[-100.972,-37.732]],"c":false}]},{"t":108,"s":[{"i":[[0,0],[67.841,0],[0,0]],"o":[[0,0],[-65.039,0],[0,0]],"v":[[103.2,-37.72],[-0.001,37.72],[-103.2,-37.72]],"c":false}]}],"ix":2},"nm":"Path 1","mn":"ADBE Vector Shape - Group","hd":false},{"ty":"st","c":{"a":0,"k":[0,0,0,1],"ix":3},"o":{"a":0,"k":100,"ix":4},"w":{"a":0,"k":30.198,"ix":5},"lc":1,"lj":1,"ml":10,"bm":0,"nm":"Stroke 1","mn":"ADBE Vector Graphic - Stroke","hd":false},{"ty":"tr","p":{"a":0,"k":[178.694,113.215],"ix":2},"a":{"a":0,"k":[0,0],"ix":1},"s":{"a":0,"k":[100,100],"ix":3},"r":{"a":0,"k":0,"ix":6},"o":{"a":0,"k":100,"ix":7},"sk":{"a":0,"k":0,"ix":4},"sa":{"a":0,"k":0,"ix":5},"nm":"Transform"}],"nm":"Group 1","np":2,"cix":2,"bm":0,"ix":1,"mn":"ADBE Vector Group","hd":false},{"ty":"gr","it":[{"ind":0,"ty":"sh","ix":1,"ks":{"a":1,"k":[{"i":{"x":0,"y":1},"o":{"x":0.537,"y":0},"t":8,"s":[{"i":[[-7.601,-1.68],[-0.879,-0.16],[-9.6,-5.28],[-0.479,-1.52],[0.559,-1.519],[6.401,-5.599],[31.839,1.919],[16.321,24.8],[0.08,1.441],[-0.8,1.2],[-7.12,3.761],[-9.679,10.801],[-5.84,2.719],[-7.12,-5.6],[-9.439,-2.72]],"o":[[0.8,0.16],[10.401,1.92],[1.28,0.72],[0.561,1.52],[-3.441,8.24],[-25.28,21.76],[-27.521,-1.601],[-0.8,-1.2],[-0.08,-1.519],[4.721,-7.12],[12.399,-6.4],[4.481,-4.96],[10.319,-4.801],[8,6.24],[7.681,2.16]],"v":[[52.8,-20.16],[55.279,-19.68],[84.879,-10.88],[88.079,-7.76],[87.52,-2.96],[71.279,17.04],[-16.56,53.361],[-86.961,10.88],[-88.56,6.96],[-87.121,2.8],[-67.36,-11.28],[-33.921,-37.36],[-19.36,-50.479],[2.239,-41.12],[29.839,-27.04]],"c":true}]},{"i":{"x":0.531,"y":1},"o":{"x":0.922,"y":0},"t":28,"s":[{"i":[[-7.601,-1.68],[-0.879,-0.16],[-9.6,-5.28],[-0.479,-1.52],[0.559,-1.519],[6.401,-5.599],[45.581,1.967],[-7.396,49.52],[0.08,1.441],[-0.8,1.2],[-7.12,3.761],[-9.679,10.801],[-5.84,2.719],[-7.12,-5.6],[-9.439,-2.72]],"o":[[0.8,0.16],[10.401,1.92],[1.28,0.72],[0.561,1.52],[-3.441,8.24],[-1.521,71.605],[-39.237,-4.747],[-0.8,-1.2],[-0.08,-1.519],[4.721,-7.12],[12.399,-6.4],[4.481,-4.96],[10.319,-4.801],[8,6.24],[7.681,2.16]],"v":[[52.8,-20.16],[55.279,-19.68],[58.776,-15.544],[61.976,-12.424],[61.417,-7.624],[45.176,12.376],[-8.708,222.488],[-63.051,6.712],[-64.65,2.792],[-63.211,-1.368],[-67.36,-11.28],[-33.921,-37.36],[-19.36,-50.479],[2.239,-41.12],[29.839,-27.04]],"c":true}]},{"i":{"x":0.38,"y":1},"o":{"x":0.537,"y":0},"t":46,"s":[{"i":[[-7.601,-1.68],[-0.879,-0.16],[-9.6,-5.28],[-0.479,-1.52],[0.559,-1.519],[6.401,-5.599],[31.839,1.919],[16.321,24.8],[0.08,1.441],[-0.8,1.2],[-7.12,3.761],[-9.679,10.801],[-5.84,2.719],[-7.12,-5.6],[-9.439,-2.72]],"o":[[0.8,0.16],[10.401,1.92],[1.28,0.72],[0.561,1.52],[-3.441,8.24],[-25.28,21.76],[-27.521,-1.601],[-0.8,-1.2],[-0.08,-1.519],[4.721,-7.12],[12.399,-6.4],[4.481,-4.96],[10.319,-4.801],[8,6.24],[7.681,2.16]],"v":[[52.8,-20.16],[55.279,-19.68],[84.879,-10.88],[88.079,-7.76],[87.52,-2.96],[71.279,17.04],[-14.285,42.687],[-84.233,8.848],[-85.832,4.928],[-84.393,0.768],[-64.632,-13.312],[-33.921,-37.36],[-19.36,-50.479],[2.239,-41.12],[29.839,-27.04]],"c":true}]},{"i":{"x":0.33,"y":1},"o":{"x":0.6,"y":0},"t":70,"s":[{"i":[[-7.601,-1.68],[-0.879,-0.16],[-9.6,-5.28],[-0.479,-1.52],[0.559,-1.519],[6.401,-5.599],[31.839,1.919],[16.321,24.8],[0.08,1.441],[-0.8,1.2],[-7.12,3.761],[-9.679,10.801],[-5.84,2.719],[-7.12,-5.6],[-9.439,-2.72]],"o":[[0.8,0.16],[10.401,1.92],[1.28,0.72],[0.561,1.52],[-3.441,8.24],[-25.28,21.76],[-27.521,-1.601],[-0.8,-1.2],[-0.08,-1.519],[4.721,-7.12],[12.399,-6.4],[4.481,-4.96],[10.319,-4.801],[8,6.24],[7.681,2.16]],"v":[[33.397,-19.478],[35.876,-18.998],[65.476,-10.198],[68.676,-7.078],[68.117,-2.278],[51.876,17.722],[-24.704,52.198],[-86.961,10.88],[-88.56,6.96],[-87.121,2.8],[-67.36,-11.28],[-33.921,-37.36],[-19.36,-50.479],[2.239,-41.12],[10.436,-26.358]],"c":true}]},{"i":{"x":0.2,"y":1},"o":{"x":0.33,"y":0},"t":88,"s":[{"i":[[-7.601,-1.68],[-0.879,-0.16],[-9.6,-5.28],[-0.479,-1.52],[0.559,-1.519],[6.401,-5.599],[31.839,1.919],[16.321,24.8],[0.08,1.441],[-0.8,1.2],[-7.12,3.761],[-9.679,10.801],[-5.84,2.719],[-7.12,-5.6],[-9.439,-2.72]],"o":[[0.8,0.16],[10.401,1.92],[1.28,0.72],[0.561,1.52],[-3.441,8.24],[-25.28,21.76],[-27.521,-1.601],[-0.8,-1.2],[-0.08,-1.519],[4.721,-7.12],[12.399,-6.4],[4.481,-4.96],[10.319,-4.801],[8,6.24],[7.681,2.16]],"v":[[52.8,-20.16],[55.279,-19.68],[84.879,-10.88],[88.079,-7.76],[87.52,-2.96],[71.279,17.04],[-14.332,53.349],[-84.733,10.868],[-86.332,6.948],[-84.893,2.788],[-65.132,-11.292],[-33.921,-37.36],[-19.36,-50.479],[2.239,-41.12],[29.839,-27.04]],"c":true}]},{"t":108,"s":[{"i":[[-7.601,-1.68],[-0.879,-0.16],[-9.6,-5.28],[-0.479,-1.52],[0.559,-1.519],[6.401,-5.599],[31.839,1.919],[16.321,24.8],[0.08,1.441],[-0.8,1.2],[-7.12,3.761],[-9.679,10.801],[-5.84,2.719],[-7.12,-5.6],[-9.439,-2.72]],"o":[[0.8,0.16],[10.401,1.92],[1.28,0.72],[0.561,1.52],[-3.441,8.24],[-25.28,21.76],[-27.521,-1.601],[-0.8,-1.2],[-0.08,-1.519],[4.721,-7.12],[12.399,-6.4],[4.481,-4.96],[10.319,-4.801],[8,6.24],[7.681,2.16]],"v":[[52.8,-20.16],[55.279,-19.68],[84.879,-10.88],[88.079,-7.76],[87.52,-2.96],[71.279,17.04],[-16.56,53.361],[-86.961,10.88],[-88.56,6.96],[-87.121,2.8],[-67.36,-11.28],[-33.921,-37.36],[-19.36,-50.479],[2.239,-41.12],[29.839,-27.04]],"c":true}]}],"ix":2},"nm":"Path 1","mn":"ADBE Vector Shape - Group","hd":false},{"ty":"fl","c":{"a":0,"k":[0.936999990426,0.497999991623,0.616000007181,1],"ix":4},"o":{"a":0,"k":100,"ix":5},"r":1,"bm":0,"nm":"Fill 1","mn":"ADBE Vector Graphic - Fill","hd":false},{"ty":"tr","p":{"a":0,"k":[186.855,91.575],"ix":2},"a":{"a":0,"k":[0,0],"ix":1},"s":{"a":0,"k":[100,100],"ix":3},"r":{"a":0,"k":0,"ix":6},"o":{"a":0,"k":100,"ix":7},"sk":{"a":0,"k":0,"ix":4},"sa":{"a":0,"k":0,"ix":5},"nm":"Transform"}],"nm":"Group 2","np":2,"cix":2,"bm":0,"ix":2,"mn":"ADBE Vector Group","hd":false}],"ip":0,"op":168,"st":-10,"bm":0},{"ddd":0,"ind":15,"ty":4,"nm":"moustache","parent":11,"sr":1,"ks":{"o":{"a":0,"k":100,"ix":11},"r":{"a":1,"k":[{"i":{"x":[0.667],"y":[1]},"o":{"x":[0.333],"y":[0]},"t":6,"s":[0]},{"i":{"x":[0.667],"y":[1]},"o":{"x":[0.333],"y":[0]},"t":24,"s":[15]},{"i":{"x":[0.667],"y":[1]},"o":{"x":[0.333],"y":[0]},"t":42,"s":[-8]},{"i":{"x":[0.667],"y":[1]},"o":{"x":[0.333],"y":[0]},"t":60,"s":[5]},{"i":{"x":[0.833],"y":[1]},"o":{"x":[0.333],"y":[0]},"t":74,"s":[-2]},{"i":{"x":[0.833],"y":[1]},"o":{"x":[0.167],"y":[0]},"t":86,"s":[1]},{"t":98,"s":[0]}],"ix":10},"p":{"a":1,"k":[{"i":{"x":0.833,"y":0.833},"o":{"x":0.333,"y":0.333},"t":6,"s":[394.57,21.85,0],"to":[0,0,0],"ti":[0,0,0]},{"t":24,"s":[394.57,21.85,0]}],"ix":2,"l":2},"a":{"a":0,"k":[13.679,79.36,0],"ix":1,"l":2},"s":{"a":0,"k":[100,100,100],"ix":6,"l":2}},"ao":0,"shapes":[{"ty":"gr","it":[{"ind":0,"ty":"sh","ix":1,"ks":{"a":1,"k":[{"i":{"x":0.662,"y":1},"o":{"x":0.333,"y":0},"t":56,"s":[{"i":[[0,0],[0,0]],"o":[[0,0],[0,0]],"v":[[67.68,-33.36],[-67.68,33.36]],"c":false}]},{"i":{"x":0.454,"y":1},"o":{"x":0.486,"y":0},"t":74,"s":[{"i":[[0,0],[0,0]],"o":[[0,0],[0,0]],"v":[[37.628,-5.305],[-67.68,33.36]],"c":false}]},{"t":98,"s":[{"i":[[0,0],[0,0]],"o":[[0,0],[0,0]],"v":[[67.68,-33.36],[-67.68,33.36]],"c":false}]}],"ix":2},"nm":"Path 1","mn":"ADBE Vector Shape - Group","hd":false},{"ty":"st","c":{"a":0,"k":[0.620000023935,0.620000023935,0.620000023935,1],"ix":3},"o":{"a":0,"k":100,"ix":4},"w":{"a":0,"k":24,"ix":5},"lc":2,"lj":1,"ml":10,"bm":0,"nm":"Stroke 1","mn":"ADBE Vector Graphic - Stroke","hd":false},{"ty":"tr","p":{"a":0,"k":[79.679,45.36],"ix":2},"a":{"a":0,"k":[0,0],"ix":1},"s":{"a":0,"k":[100,100],"ix":3},"r":{"a":0,"k":0,"ix":6},"o":{"a":0,"k":100,"ix":7},"sk":{"a":0,"k":0,"ix":4},"sa":{"a":0,"k":0,"ix":5},"nm":"Transform"}],"nm":"Group 1","np":2,"cix":2,"bm":0,"ix":1,"mn":"ADBE Vector Group","hd":false}],"ip":0,"op":168,"st":-10,"bm":0},{"ddd":0,"ind":16,"ty":4,"nm":"moustache","parent":11,"sr":1,"ks":{"o":{"a":0,"k":100,"ix":11},"r":{"a":1,"k":[{"i":{"x":[0.667],"y":[1]},"o":{"x":[0.333],"y":[0]},"t":8,"s":[0]},{"i":{"x":[0.667],"y":[1]},"o":{"x":[0.333],"y":[0]},"t":26,"s":[13]},{"i":{"x":[0.667],"y":[1]},"o":{"x":[0.333],"y":[0]},"t":44,"s":[-10]},{"i":{"x":[0.667],"y":[1]},"o":{"x":[0.333],"y":[0]},"t":62,"s":[7]},{"i":{"x":[0.833],"y":[1]},"o":{"x":[0.333],"y":[0]},"t":76,"s":[-4]},{"i":{"x":[0.833],"y":[1]},"o":{"x":[0.167],"y":[0]},"t":88,"s":[3]},{"i":{"x":[0.833],"y":[1]},"o":{"x":[0.167],"y":[0]},"t":102,"s":[-2]},{"i":{"x":[0.833],"y":[1]},"o":{"x":[0.167],"y":[0]},"t":116,"s":[1]},{"t":130,"s":[0]}],"ix":10},"p":{"a":1,"k":[{"i":{"x":0.833,"y":0.833},"o":{"x":0.333,"y":0.333},"t":6,"s":[401.45,76.73,0],"to":[0,0,0],"ti":[0,0,0]},{"t":24,"s":[401.45,76.73,0]}],"ix":2,"l":2},"a":{"a":0,"k":[13.6,36.639,0],"ix":1,"l":2},"s":{"a":0,"k":[100,100,100],"ix":6,"l":2}},"ao":0,"shapes":[{"ty":"gr","it":[{"ind":0,"ty":"sh","ix":1,"ks":{"a":1,"k":[{"i":{"x":0.662,"y":1},"o":{"x":0.333,"y":0},"t":56,"s":[{"i":[[0,0],[0,0]],"o":[[0,0],[0,0]],"v":[[72.6,-12.64],[-72.6,12.64]],"c":false}]},{"i":{"x":0.454,"y":1},"o":{"x":0.486,"y":0},"t":74,"s":[{"i":[[0,0],[0,0]],"o":[[0,0],[0,0]],"v":[[41.191,4.289],[-72.6,12.64]],"c":false}]},{"t":98,"s":[{"i":[[0,0],[0,0]],"o":[[0,0],[0,0]],"v":[[72.6,-12.64],[-72.6,12.64]],"c":false}]}],"ix":2},"nm":"Path 1","mn":"ADBE Vector Shape - Group","hd":false},{"ty":"st","c":{"a":0,"k":[0.620000023935,0.620000023935,0.620000023935,1],"ix":3},"o":{"a":0,"k":100,"ix":4},"w":{"a":0,"k":24,"ix":5},"lc":2,"lj":1,"ml":10,"bm":0,"nm":"Stroke 1","mn":"ADBE Vector Graphic - Stroke","hd":false},{"ty":"tr","p":{"a":0,"k":[84.6,24.639],"ix":2},"a":{"a":0,"k":[0,0],"ix":1},"s":{"a":0,"k":[100,100],"ix":3},"r":{"a":0,"k":0,"ix":6},"o":{"a":0,"k":100,"ix":7},"sk":{"a":0,"k":0,"ix":4},"sa":{"a":0,"k":0,"ix":5},"nm":"Transform"}],"nm":"Group 1","np":2,"cix":2,"bm":0,"ix":1,"mn":"ADBE Vector Group","hd":false}],"ip":0,"op":168,"st":-10,"bm":0},{"ddd":0,"ind":17,"ty":4,"nm":"moustache","parent":11,"sr":1,"ks":{"o":{"a":0,"k":100,"ix":11},"r":{"a":1,"k":[{"i":{"x":[0.667],"y":[1]},"o":{"x":[0.333],"y":[0]},"t":4,"s":[0]},{"i":{"x":[0.667],"y":[1]},"o":{"x":[0.333],"y":[0]},"t":22,"s":[13]},{"i":{"x":[0.667],"y":[0.779]},"o":{"x":[0.333],"y":[0]},"t":40,"s":[-10]},{"i":{"x":[0.667],"y":[1]},"o":{"x":[0.333],"y":[-0.275]},"t":58,"s":[6]},{"i":{"x":[0.833],"y":[1]},"o":{"x":[0.333],"y":[0]},"t":72,"s":[-4]},{"i":{"x":[0.833],"y":[1]},"o":{"x":[0.167],"y":[0]},"t":84,"s":[3]},{"i":{"x":[0.833],"y":[1]},"o":{"x":[0.167],"y":[0]},"t":96,"s":[-2]},{"i":{"x":[0.833],"y":[1]},"o":{"x":[0.167],"y":[0]},"t":108,"s":[1]},{"t":120,"s":[0]}],"ix":10},"p":{"a":1,"k":[{"i":{"x":0.833,"y":0.833},"o":{"x":0.333,"y":0.333},"t":6,"s":[393.57,133.131,0],"to":[0,0,0],"ti":[0,0,0]},{"t":24,"s":[393.57,133.131,0]}],"ix":2,"l":2},"a":{"a":0,"k":[12.679,10.079,0],"ix":1,"l":2},"s":{"a":0,"k":[100,100,100],"ix":6,"l":2}},"ao":0,"shapes":[{"ty":"gr","it":[{"ind":0,"ty":"sh","ix":1,"ks":{"a":1,"k":[{"i":{"x":0.662,"y":1},"o":{"x":0.333,"y":0},"t":56,"s":[{"i":[[0,0],[0,0]],"o":[[0,0],[0,0]],"v":[[67.68,23.079],[-67.68,-23.079]],"c":false}]},{"i":{"x":0.454,"y":1},"o":{"x":0.486,"y":0},"t":74,"s":[{"i":[[0,0],[0,0]],"o":[[0,0],[0,0]],"v":[[46.285,22.101],[-67.68,-23.079]],"c":false}]},{"t":98,"s":[{"i":[[0,0],[0,0]],"o":[[0,0],[0,0]],"v":[[67.68,23.079],[-67.68,-23.079]],"c":false}]}],"ix":2},"nm":"Path 1","mn":"ADBE Vector Shape - Group","hd":false},{"ty":"st","c":{"a":0,"k":[0.620000023935,0.620000023935,0.620000023935,1],"ix":3},"o":{"a":0,"k":100,"ix":4},"w":{"a":0,"k":24,"ix":5},"lc":2,"lj":1,"ml":10,"bm":0,"nm":"Stroke 1","mn":"ADBE Vector Graphic - Stroke","hd":false},{"ty":"tr","p":{"a":0,"k":[79.679,35.079],"ix":2},"a":{"a":0,"k":[0,0],"ix":1},"s":{"a":0,"k":[100,100],"ix":3},"r":{"a":0,"k":0,"ix":6},"o":{"a":0,"k":100,"ix":7},"sk":{"a":0,"k":0,"ix":4},"sa":{"a":0,"k":0,"ix":5},"nm":"Transform"}],"nm":"Group 1","np":2,"cix":2,"bm":0,"ix":1,"mn":"ADBE Vector Group","hd":false}],"ip":0,"op":168,"st":-10,"bm":0},{"ddd":0,"ind":18,"ty":4,"nm":"moustache","parent":11,"sr":1,"ks":{"o":{"a":0,"k":100,"ix":11},"r":{"a":1,"k":[{"i":{"x":[0.667],"y":[1]},"o":{"x":[0.333],"y":[0]},"t":8,"s":[0]},{"i":{"x":[0.667],"y":[1]},"o":{"x":[0.333],"y":[0]},"t":20,"s":[-15]},{"i":{"x":[0.667],"y":[1]},"o":{"x":[0.333],"y":[0]},"t":38,"s":[1]},{"i":{"x":[0.667],"y":[1]},"o":{"x":[0.333],"y":[0]},"t":56,"s":[-11]},{"i":{"x":[0.667],"y":[1]},"o":{"x":[0.333],"y":[0]},"t":72,"s":[6]},{"i":{"x":[0.667],"y":[1]},"o":{"x":[0.333],"y":[0]},"t":86,"s":[-3]},{"i":{"x":[0.667],"y":[1]},"o":{"x":[0.333],"y":[0]},"t":96,"s":[2]},{"i":{"x":[0.667],"y":[1]},"o":{"x":[0.333],"y":[0]},"t":106,"s":[-1]},{"t":116,"s":[0]}],"ix":10},"p":{"a":0,"k":[-260.63,24.85,0],"ix":2,"l":2},"a":{"a":0,"k":[149.68,82.36,0],"ix":1,"l":2},"s":{"a":0,"k":[100,100,100],"ix":6,"l":2}},"ao":0,"shapes":[{"ty":"gr","it":[{"ind":0,"ty":"sh","ix":1,"ks":{"a":1,"k":[{"i":{"x":0.667,"y":1},"o":{"x":0.333,"y":0},"t":30,"s":[{"i":[[0,0],[0,0]],"o":[[0,0],[0,0]],"v":[[-67.68,-33.36],[67.68,33.36]],"c":false}]},{"i":{"x":0.833,"y":0.833},"o":{"x":0.333,"y":0},"t":52,"s":[{"i":[[0,0],[0,0]],"o":[[0,0],[0,0]],"v":[[-19.968,-17.289],[50.396,25.971]],"c":false}]},{"i":{"x":0.667,"y":1},"o":{"x":0.167,"y":0.167},"t":56,"s":[{"i":[[0,0],[0,0]],"o":[[0,0],[0,0]],"v":[[-22.122,-18.559],[52.194,26.74]],"c":false}]},{"t":76,"s":[{"i":[[0,0],[0,0]],"o":[[0,0],[0,0]],"v":[[-67.68,-33.36],[67.68,33.36]],"c":false}]}],"ix":2},"nm":"Path 1","mn":"ADBE Vector Shape - Group","hd":false},{"ty":"st","c":{"a":0,"k":[0.620000023935,0.620000023935,0.620000023935,1],"ix":3},"o":{"a":0,"k":100,"ix":4},"w":{"a":0,"k":24,"ix":5},"lc":2,"lj":1,"ml":10,"bm":0,"nm":"Stroke 1","mn":"ADBE Vector Graphic - Stroke","hd":false},{"ty":"tr","p":{"a":0,"k":[79.68,45.36],"ix":2},"a":{"a":0,"k":[0,0],"ix":1},"s":{"a":0,"k":[100,100],"ix":3},"r":{"a":0,"k":0,"ix":6},"o":{"a":0,"k":100,"ix":7},"sk":{"a":0,"k":0,"ix":4},"sa":{"a":0,"k":0,"ix":5},"nm":"Transform"}],"nm":"Group 1","np":2,"cix":2,"bm":0,"ix":1,"mn":"ADBE Vector Group","hd":false}],"ip":0,"op":168,"st":-10,"bm":0},{"ddd":0,"ind":19,"ty":4,"nm":"moustache","parent":11,"sr":1,"ks":{"o":{"a":0,"k":100,"ix":11},"r":{"a":1,"k":[{"i":{"x":[0.667],"y":[1]},"o":{"x":[0.333],"y":[0]},"t":6,"s":[0]},{"i":{"x":[0.667],"y":[1]},"o":{"x":[0.333],"y":[0]},"t":18,"s":[-15]},{"i":{"x":[0.667],"y":[1]},"o":{"x":[0.333],"y":[0]},"t":36,"s":[1]},{"i":{"x":[0.667],"y":[1]},"o":{"x":[0.333],"y":[0]},"t":54,"s":[-11]},{"i":{"x":[0.667],"y":[1]},"o":{"x":[0.333],"y":[0]},"t":70,"s":[6]},{"i":{"x":[0.667],"y":[1]},"o":{"x":[0.333],"y":[0]},"t":84,"s":[-3]},{"i":{"x":[0.667],"y":[1]},"o":{"x":[0.333],"y":[0]},"t":94,"s":[2]},{"i":{"x":[0.667],"y":[1]},"o":{"x":[0.333],"y":[0]},"t":104,"s":[-1]},{"t":114,"s":[0]}],"ix":10},"p":{"a":0,"k":[-271.51,76.73,0],"ix":2,"l":2},"a":{"a":0,"k":[155.6,36.639,0],"ix":1,"l":2},"s":{"a":0,"k":[100,100,100],"ix":6,"l":2}},"ao":0,"shapes":[{"ty":"gr","it":[{"ind":0,"ty":"sh","ix":1,"ks":{"a":1,"k":[{"i":{"x":0.833,"y":0.833},"o":{"x":0.333,"y":0},"t":26,"s":[{"i":[[0,0],[0,0]],"o":[[0,0],[0,0]],"v":[[-72.6,-12.64],[72.6,12.64]],"c":false}]},{"i":{"x":0.667,"y":1},"o":{"x":0.167,"y":0.167},"t":50,"s":[{"i":[[0,0],[0,0]],"o":[[0,0],[0,0]],"v":[[-11.645,1.289],[67.402,11.97]],"c":false}]},{"i":{"x":0.667,"y":1},"o":{"x":0.333,"y":0},"t":54,"s":[{"i":[[0,0],[0,0]],"o":[[0,0],[0,0]],"v":[[-9.817,2.101],[66.986,11.917]],"c":false}]},{"t":74,"s":[{"i":[[0,0],[0,0]],"o":[[0,0],[0,0]],"v":[[-72.6,-12.64],[72.6,12.64]],"c":false}]}],"ix":2},"nm":"Path 1","mn":"ADBE Vector Shape - Group","hd":false},{"ty":"st","c":{"a":0,"k":[0.620000023935,0.620000023935,0.620000023935,1],"ix":3},"o":{"a":0,"k":100,"ix":4},"w":{"a":0,"k":24,"ix":5},"lc":2,"lj":1,"ml":10,"bm":0,"nm":"Stroke 1","mn":"ADBE Vector Graphic - Stroke","hd":false},{"ty":"tr","p":{"a":0,"k":[84.6,24.639],"ix":2},"a":{"a":0,"k":[0,0],"ix":1},"s":{"a":0,"k":[100,100],"ix":3},"r":{"a":0,"k":0,"ix":6},"o":{"a":0,"k":100,"ix":7},"sk":{"a":0,"k":0,"ix":4},"sa":{"a":0,"k":0,"ix":5},"nm":"Transform"}],"nm":"Group 1","np":2,"cix":2,"bm":0,"ix":1,"mn":"ADBE Vector Group","hd":false}],"ip":0,"op":168,"st":-10,"bm":0},{"ddd":0,"ind":20,"ty":4,"nm":"moustache","parent":11,"sr":1,"ks":{"o":{"a":0,"k":100,"ix":11},"r":{"a":1,"k":[{"i":{"x":[0.667],"y":[1]},"o":{"x":[0.333],"y":[0]},"t":10,"s":[0]},{"i":{"x":[0.667],"y":[1]},"o":{"x":[0.333],"y":[0]},"t":22,"s":[-15]},{"i":{"x":[0.667],"y":[1]},"o":{"x":[0.333],"y":[0]},"t":40,"s":[1]},{"i":{"x":[0.667],"y":[1]},"o":{"x":[0.333],"y":[0]},"t":58,"s":[-11]},{"i":{"x":[0.667],"y":[1]},"o":{"x":[0.333],"y":[0]},"t":74,"s":[6]},{"i":{"x":[0.667],"y":[1]},"o":{"x":[0.333],"y":[0]},"t":88,"s":[-3]},{"i":{"x":[0.667],"y":[1]},"o":{"x":[0.333],"y":[0]},"t":100,"s":[2]},{"i":{"x":[0.667],"y":[1]},"o":{"x":[0.333],"y":[0]},"t":110,"s":[-1]},{"t":120,"s":[0]}],"ix":10},"p":{"a":0,"k":[-262.63,137.131,0],"ix":2,"l":2},"a":{"a":0,"k":[147.68,14.079,0],"ix":1,"l":2},"s":{"a":0,"k":[100,100,100],"ix":6,"l":2}},"ao":0,"shapes":[{"ty":"gr","it":[{"ind":0,"ty":"sh","ix":1,"ks":{"a":1,"k":[{"i":{"x":0.833,"y":0.833},"o":{"x":0.333,"y":0},"t":28,"s":[{"i":[[0,0],[0,0]],"o":[[0,0],[0,0]],"v":[[-67.68,23.079],[67.68,-23.079]],"c":false}]},{"i":{"x":0.667,"y":1},"o":{"x":0.167,"y":0.167},"t":50,"s":[{"i":[[0,0],[0,0]],"o":[[0,0],[0,0]],"v":[[-22.057,12.792],[63.966,-22.374]],"c":false}]},{"i":{"x":0.667,"y":1},"o":{"x":0.333,"y":0},"t":52,"s":[{"i":[[0,0],[0,0]],"o":[[0,0],[0,0]],"v":[[-21.716,12.482],[63.859,-22.353]],"c":false}]},{"t":72,"s":[{"i":[[0,0],[0,0]],"o":[[0,0],[0,0]],"v":[[-67.68,23.079],[67.68,-23.079]],"c":false}]}],"ix":2},"nm":"Path 1","mn":"ADBE Vector Shape - Group","hd":false},{"ty":"st","c":{"a":0,"k":[0.620000023935,0.620000023935,0.620000023935,1],"ix":3},"o":{"a":0,"k":100,"ix":4},"w":{"a":0,"k":24,"ix":5},"lc":2,"lj":1,"ml":10,"bm":0,"nm":"Stroke 1","mn":"ADBE Vector Graphic - Stroke","hd":false},{"ty":"tr","p":{"a":0,"k":[79.68,35.079],"ix":2},"a":{"a":0,"k":[0,0],"ix":1},"s":{"a":0,"k":[100,100],"ix":3},"r":{"a":0,"k":0,"ix":6},"o":{"a":0,"k":100,"ix":7},"sk":{"a":0,"k":0,"ix":4},"sa":{"a":0,"k":0,"ix":5},"nm":"Transform"}],"nm":"Group 1","np":2,"cix":2,"bm":0,"ix":1,"mn":"ADBE Vector Group","hd":false}],"ip":0,"op":168,"st":-10,"bm":0},{"ddd":0,"ind":21,"ty":4,"nm":"head","parent":1,"sr":1,"ks":{"o":{"a":0,"k":100,"ix":11},"r":{"a":0,"k":0,"ix":10},"p":{"a":0,"k":[0,61.64,0],"ix":2,"l":2},"a":{"a":0,"k":[409.529,363.49,0],"ix":1,"l":2},"s":{"a":0,"k":[100,100,100],"ix":6,"l":2}},"ao":0,"shapes":[{"ty":"gr","it":[{"ind":0,"ty":"sh","ix":1,"ks":{"a":0,"k":{"i":[[8.399,121.12],[243.52,0],[14.4,-207.84],[-96.32,-65.6],[-166.48,-2.08],[0,0]],"o":[[-14.4,-207.84],[-243.52,0],[-8.4,121.12],[0,0],[166.48,-2.08],[96.24,-65.6]],"v":[[400.88,-7.56],[0,-363.24],[-400.88,-7.56],[-264.159,282.12],[0,363.24],[264.16,282.12]],"c":true},"ix":2},"nm":"Path 1","mn":"ADBE Vector Shape - Group","hd":false},{"ty":"fl","c":{"a":0,"k":[1,0.752999997606,0.13300000359,1],"ix":4},"o":{"a":0,"k":100,"ix":5},"r":1,"bm":0,"nm":"Fill 1","mn":"ADBE Vector Graphic - Fill","hd":false},{"ty":"tr","p":{"a":0,"k":[409.529,363.49],"ix":2},"a":{"a":0,"k":[0,0],"ix":1},"s":{"a":0,"k":[100,100],"ix":3},"r":{"a":0,"k":0,"ix":6},"o":{"a":0,"k":100,"ix":7},"sk":{"a":0,"k":0,"ix":4},"sa":{"a":0,"k":0,"ix":5},"nm":"Transform"}],"nm":"Group 1","np":2,"cix":2,"bm":0,"ix":1,"mn":"ADBE Vector Group","hd":false}],"ip":0,"op":168,"st":-10,"bm":0},{"ddd":0,"ind":22,"ty":4,"nm":"ear 1","parent":1,"sr":1,"ks":{"o":{"a":0,"k":100,"ix":11},"r":{"a":0,"k":0,"ix":10},"p":{"a":1,"k":[{"i":{"x":0.475,"y":1},"o":{"x":0,"y":0},"t":6,"s":[272.24,-198,0],"to":[0,0,0],"ti":[0,0,0]},{"i":{"x":0.852,"y":1},"o":{"x":0.407,"y":0},"t":26,"s":[271.699,-187.638,0],"to":[0,0,0],"ti":[0,0,0]},{"i":{"x":0.378,"y":1},"o":{"x":0.606,"y":0},"t":48,"s":[272.24,-198,0],"to":[-3.667,0,0],"ti":[0,0,0]},{"i":{"x":0.321,"y":1},"o":{"x":0.598,"y":0},"t":70,"s":[250.24,-198,0],"to":[0,0,0],"ti":[-3.667,0,0]},{"t":88,"s":[272.24,-198,0]}],"ix":2,"l":2},"a":{"a":0,"k":[191.85,258.41,0],"ix":1,"l":2},"s":{"a":1,"k":[{"i":{"x":[0.328,0.328,0.667],"y":[1,1,1]},"o":{"x":[0.333,0.333,0.333],"y":[0,0,0]},"t":28,"s":[100,100,100]},{"i":{"x":[0.378,0.378,0.667],"y":[1,1,1]},"o":{"x":[0.606,0.606,0.333],"y":[0,0,0]},"t":48,"s":[103,103,100]},{"i":{"x":[0.321,0.321,0.667],"y":[1,1,1]},"o":{"x":[0.598,0.598,0.333],"y":[0,0,0]},"t":70,"s":[96,96,100]},{"i":{"x":[0.833,0.833,0.833],"y":[1,1,1]},"o":{"x":[0.167,0.167,0.167],"y":[0,0,0]},"t":88,"s":[101,101,100]},{"t":108,"s":[100,100,100]}],"ix":6,"l":2}},"ao":0,"shapes":[{"ty":"gr","it":[{"ind":0,"ty":"sh","ix":1,"ks":{"a":0,"k":{"i":[[0,0],[26.88,43.6],[18.88,-5.92],[59.36,-153.6]],"o":[[76.08,-198.64],[-10.64,-17.28],[-49.76,15.68],[0,0]],"v":[[107.52,208.16],[109.84,-186.08],[59.84,-202.24],[-183.6,76.8]],"c":false},"ix":2},"nm":"Path 1","mn":"ADBE Vector Shape - Group","hd":false},{"ty":"fl","c":{"a":0,"k":[1,0.752999997606,0.13300000359,1],"ix":4},"o":{"a":0,"k":100,"ix":5},"r":1,"bm":0,"nm":"Fill 1","mn":"ADBE Vector Graphic - Fill","hd":false},{"ty":"tr","p":{"a":0,"k":[183.85,208.41],"ix":2},"a":{"a":0,"k":[0,0],"ix":1},"s":{"a":0,"k":[100,100],"ix":3},"r":{"a":0,"k":0,"ix":6},"o":{"a":0,"k":100,"ix":7},"sk":{"a":0,"k":0,"ix":4},"sa":{"a":0,"k":0,"ix":5},"nm":"Transform"}],"nm":"Group 1","np":2,"cix":2,"bm":0,"ix":1,"mn":"ADBE Vector Group","hd":false}],"ip":0,"op":168,"st":-10,"bm":0},{"ddd":0,"ind":23,"ty":4,"nm":"ear 2","parent":1,"sr":1,"ks":{"o":{"a":0,"k":100,"ix":11},"r":{"a":0,"k":0,"ix":10},"p":{"a":1,"k":[{"i":{"x":0.667,"y":1},"o":{"x":0.333,"y":0},"t":6,"s":[-260.24,-202,0],"to":[-0.09,1.727,0],"ti":[0,0,0]},{"i":{"x":0.667,"y":1},"o":{"x":0.333,"y":0},"t":26,"s":[-260.781,-191.638,0],"to":[0,0,0],"ti":[-0.09,1.727,0]},{"t":48,"s":[-260.24,-202,0]}],"ix":2,"l":2},"a":{"a":0,"k":[187.849,254.41,0],"ix":1,"l":2},"s":{"a":1,"k":[{"i":{"x":[0.328,0.328,0.667],"y":[1,1,1]},"o":{"x":[0.333,0.333,0.333],"y":[0,0,0]},"t":28,"s":[100,100,100]},{"i":{"x":[0.378,0.378,0.667],"y":[1,1,1]},"o":{"x":[0.606,0.606,0.333],"y":[0,0,0]},"t":48,"s":[93,93,100]},{"i":{"x":[0.321,0.321,0.667],"y":[1,1,1]},"o":{"x":[0.598,0.598,0.333],"y":[0,0,0]},"t":70,"s":[105,105,100]},{"i":{"x":[0.833,0.833,0.833],"y":[1,1,1]},"o":{"x":[0.167,0.167,0.167],"y":[0,0,0]},"t":88,"s":[99,99,100]},{"t":106,"s":[100,100,100]}],"ix":6,"l":2}},"ao":0,"shapes":[{"ty":"gr","it":[{"ind":0,"ty":"sh","ix":1,"ks":{"a":0,"k":{"i":[[0,0],[-26.88,43.6],[-18.88,-5.92],[-59.359,-153.6]],"o":[[-76.079,-198.64],[10.639,-17.28],[49.759,15.68],[0,0]],"v":[[-107.52,208.16],[-109.839,-186.08],[-59.84,-202.24],[183.599,76.8]],"c":false},"ix":2},"nm":"Path 1","mn":"ADBE Vector Shape - Group","hd":false},{"ty":"fl","c":{"a":0,"k":[1,0.752999997606,0.13300000359,1],"ix":4},"o":{"a":0,"k":100,"ix":5},"r":1,"bm":0,"nm":"Fill 1","mn":"ADBE Vector Graphic - Fill","hd":false},{"ty":"tr","p":{"a":0,"k":[183.849,208.41],"ix":2},"a":{"a":0,"k":[0,0],"ix":1},"s":{"a":0,"k":[100,100],"ix":3},"r":{"a":0,"k":0,"ix":6},"o":{"a":0,"k":100,"ix":7},"sk":{"a":0,"k":0,"ix":4},"sa":{"a":0,"k":0,"ix":5},"nm":"Transform"}],"nm":"Group 1","np":2,"cix":2,"bm":0,"ix":1,"mn":"ADBE Vector Group","hd":false}],"ip":0,"op":168,"st":-10,"bm":0}],"markers":[{"tm":0,"cm":"rest","dr":0}]}