{"v":"5.8.1","fr":60,"ip":0,"op":150,"w":1024,"h":1024,"nm":"emoji_Winking - Face","ddd":0,"assets":[],"layers":[{"ddd":0,"ind":1,"ty":3,"nm":"Null ALL","sr":1,"ks":{"o":{"a":0,"k":0,"ix":11},"r":{"a":0,"k":0,"ix":10},"p":{"s":true,"x":{"a":0,"k":500,"ix":3},"y":{"a":1,"k":[{"i":{"x":[0],"y":[1]},"o":{"x":[0.333],"y":[0]},"t":7.5,"s":[502]},{"i":{"x":[0.667],"y":[1]},"o":{"x":[1],"y":[0]},"t":22.5,"s":[472]},{"i":{"x":[0.667],"y":[1]},"o":{"x":[1],"y":[0]},"t":42.5,"s":[524]},{"i":{"x":[0.583],"y":[1]},"o":{"x":[1],"y":[0]},"t":52.5,"s":[524]},{"i":{"x":[0.833],"y":[1]},"o":{"x":[0.417],"y":[0]},"t":77.5,"s":[482]},{"i":{"x":[0.833],"y":[1]},"o":{"x":[0.167],"y":[0]},"t":90,"s":[506]},{"t":102.5,"s":[502]}],"ix":4}},"a":{"a":0,"k":[0,0,0],"ix":1,"l":2},"s":{"a":0,"k":[100,100,100],"ix":6,"l":2}},"ao":0,"ip":0,"op":150,"st":0,"bm":0},{"ddd":0,"ind":2,"ty":3,"nm":"Null Face","parent":1,"sr":1,"ks":{"o":{"a":0,"k":100,"ix":11},"r":{"a":1,"k":[{"i":{"x":[0],"y":[1]},"o":{"x":[0.333],"y":[0]},"t":10,"s":[0]},{"i":{"x":[0.667],"y":[1]},"o":{"x":[1],"y":[0]},"t":25,"s":[1]},{"i":{"x":[0.667],"y":[1]},"o":{"x":[0.333],"y":[0]},"t":42.5,"s":[-1]},{"i":{"x":[0.833],"y":[1]},"o":{"x":[0.333],"y":[0]},"t":52.5,"s":[-1]},{"t":77.5,"s":[0]}],"ix":10},"p":{"a":1,"k":[{"i":{"x":0,"y":1},"o":{"x":0.333,"y":0},"t":10,"s":[4,10,0],"to":[1.333,-8,0],"ti":[11.333,-5.333,0]},{"i":{"x":0.667,"y":1},"o":{"x":1,"y":0},"t":25,"s":[12,-38,0],"to":[-11.333,5.333,0],"ti":[12.667,-13.333,0]},{"i":{"x":0.667,"y":0.667},"o":{"x":1,"y":1},"t":42.5,"s":[-64,42,0],"to":[0,0,0],"ti":[0,0,0]},{"i":{"x":0.667,"y":1},"o":{"x":1,"y":0},"t":52.5,"s":[-64,42,0],"to":[11.333,-9.333,0],"ti":[-11.333,3.333,0]},{"i":{"x":0.667,"y":1},"o":{"x":0.167,"y":0},"t":77.5,"s":[4,-14,0],"to":[11.333,-3.333,0],"ti":[0,-4,0]},{"i":{"x":0.667,"y":1},"o":{"x":0.167,"y":0},"t":90,"s":[4,22,0],"to":[0,4,0],"ti":[0,2,0]},{"t":102.5,"s":[4,10,0]}],"ix":2,"l":2},"a":{"a":0,"k":[512,512,0],"ix":1,"l":2},"s":{"a":0,"k":[100,100,100],"ix":6,"l":2}},"ao":0,"ip":0,"op":150,"st":0,"bm":0},{"ddd":0,"ind":3,"ty":4,"nm":"eyebrows","parent":2,"sr":1,"ks":{"o":{"a":0,"k":100,"ix":11},"r":{"a":0,"k":0,"ix":10},"p":{"a":1,"k":[{"i":{"x":0,"y":1},"o":{"x":0.333,"y":0},"t":10,"s":[513.13,291.04,0],"to":[0,-5.333,0],"ti":[0,0,0]},{"i":{"x":0.667,"y":1},"o":{"x":1,"y":0},"t":27.5,"s":[513.13,259.04,0],"to":[0,0,0],"ti":[0,-5.333,0]},{"i":{"x":0.667,"y":0.667},"o":{"x":0.167,"y":0.167},"t":45,"s":[513.13,291.04,0],"to":[0,0,0],"ti":[0,0,0]},{"i":{"x":0,"y":1},"o":{"x":0.333,"y":0},"t":72.5,"s":[513.13,291.04,0],"to":[0,-3.333,0],"ti":[0,-0.667,0]},{"i":{"x":0,"y":1},"o":{"x":0,"y":0},"t":85,"s":[513.13,271.04,0],"to":[0,0.667,0],"ti":[0,-3.333,0]},{"i":{"x":0,"y":1},"o":{"x":0.167,"y":0},"t":97.5,"s":[513.13,295.04,0],"to":[0,3.333,0],"ti":[0,0.667,0]},{"t":112.5,"s":[513.13,291.04,0]}],"ix":2,"l":2},"a":{"a":0,"k":[296.739,67.69,0],"ix":1,"l":2},"s":{"a":0,"k":[100,100,100],"ix":6,"l":2}},"ao":0,"shapes":[{"ty":"gr","it":[{"ind":0,"ty":"sh","ix":1,"ks":{"a":0,"k":{"i":[[0,0],[3.84,6.56],[42.96,15.04],[0,0],[0,0],[-1.44,10.64],[-10.08,-0.4],[-1.04,-0.08],[-14.8,-6.88],[-16.32,-40.96],[3.84,-5.76],[6.96,0.08]],"o":[[-7.6,0],[-24.4,-38.4],[0,0],[0,0],[-10.24,-3.28],[1.44,-10],[1.04,-0.08],[16.24,2.16],[40.16,18.24],[2.72,6.4],[-4.08,5.6],[0,0]],"v":[[58.84,67.28],[40.36,56.72],[-63.64,-25.84],[-61.64,-31.76],[-64.6,-26.16],[-79.72,-50.16],[-59.48,-67.04],[-56.36,-67.04],[-9.56,-53.36],[78.44,38.96],[76.6,58.48],[59.08,67.36]],"c":true},"ix":2},"nm":"Path 1","mn":"ADBE Vector Shape - Group","hd":false},{"ty":"fl","c":{"a":0,"k":[0.258999992819,0.169000004787,0.051000000449,1],"ix":4},"o":{"a":0,"k":100,"ix":5},"r":1,"bm":0,"nm":"Fill 1","mn":"ADBE Vector Graphic - Fill","hd":false},{"ty":"tr","p":{"a":1,"k":[{"i":{"x":0.667,"y":1},"o":{"x":0.333,"y":0},"t":35,"s":[512.069,67.69],"to":[0,0],"ti":[0,0]},{"i":{"x":0.833,"y":0.833},"o":{"x":0.333,"y":0},"t":40,"s":[512.069,119.69],"to":[0,0],"ti":[0,0]},{"i":{"x":0.833,"y":0.833},"o":{"x":0.167,"y":0.167},"t":72.5,"s":[512.069,67.69],"to":[0,0],"ti":[0,0]},{"i":{"x":0.833,"y":1},"o":{"x":0.167,"y":0.167},"t":75,"s":[513.069,103.69],"to":[0,0],"ti":[0,0]},{"t":85,"s":[512.069,67.69]}],"ix":2},"a":{"a":0,"k":[0,0],"ix":1},"s":{"a":0,"k":[100,100],"ix":3},"r":{"a":0,"k":0,"ix":6},"o":{"a":1,"k":[{"t":39,"s":[100],"h":1},{"t":40,"s":[0],"h":1},{"t":72.5,"s":[0],"h":1},{"t":75,"s":[100],"h":1}],"ix":7},"sk":{"a":0,"k":0,"ix":4},"sa":{"a":0,"k":0,"ix":5},"nm":"Transform"}],"nm":"Group 1","np":2,"cix":2,"bm":0,"ix":1,"mn":"ADBE Vector Group","hd":false},{"ty":"gr","it":[{"ind":0,"ty":"sh","ix":1,"ks":{"a":0,"k":{"i":[[0,0],[4.08,5.6],[-2.72,6.4],[-40.16,18.24],[-16.24,2.16],[-1.04,-0.08],[-1.44,-10],[10.24,-3.28],[0,0],[0,0],[24.4,-38.4],[7.6,0]],"o":[[-6.96,0.08],[-3.84,-5.76],[16.32,-40.96],[14.8,-6.88],[1.04,-0.08],[10.08,-0.4],[1.44,10.64],[0,0],[0,0],[-42.96,15.04],[-3.84,6.56],[0,0]],"v":[[-59.08,67.36],[-76.6,58.48],[-78.44,38.96],[9.56,-53.36],[56.36,-67.04],[59.48,-67.04],[79.72,-50.16],[64.6,-26.16],[61.64,-31.76],[63.64,-25.84],[-40.36,56.72],[-58.84,67.28]],"c":true},"ix":2},"nm":"Path 1","mn":"ADBE Vector Shape - Group","hd":false},{"ty":"fl","c":{"a":0,"k":[0.258999992819,0.169000004787,0.051000000449,1],"ix":4},"o":{"a":0,"k":100,"ix":5},"r":1,"bm":0,"nm":"Fill 1","mn":"ADBE Vector Graphic - Fill","hd":false},{"ty":"tr","p":{"a":0,"k":[81.41,67.69],"ix":2},"a":{"a":0,"k":[0,0],"ix":1},"s":{"a":0,"k":[100,100],"ix":3},"r":{"a":0,"k":0,"ix":6},"o":{"a":0,"k":100,"ix":7},"sk":{"a":0,"k":0,"ix":4},"sa":{"a":0,"k":0,"ix":5},"nm":"Transform"}],"nm":"Group 2","np":2,"cix":2,"bm":0,"ix":2,"mn":"ADBE Vector Group","hd":false}],"ip":0,"op":150,"st":0,"bm":0},{"ddd":0,"ind":4,"ty":4,"nm":"eye closed","parent":2,"sr":1,"ks":{"o":{"a":0,"k":100,"ix":11},"r":{"a":0,"k":0,"ix":10},"p":{"a":0,"k":[679.577,452.36,0],"ix":2,"l":2},"a":{"a":0,"k":[106.69,81.89,0],"ix":1,"l":2},"s":{"a":0,"k":[100,100,100],"ix":6,"l":2}},"ao":0,"shapes":[{"ty":"gr","it":[{"ind":0,"ty":"sh","ix":1,"ks":{"a":1,"k":[{"i":{"x":0.833,"y":1},"o":{"x":0.167,"y":0},"t":40,"s":[{"i":[[6.458,7.319],[0,0],[0,0],[0.839,0.943],[0.907,0.898],[3.427,2.653],[3.728,2.22],[5.352,2.365],[5.614,1.685],[0,0],[-7.509,2.489],[-4.141,1.083],[0,0],[0,0],[3.404,11.713],[8.124,1.52],[3.277,0.192],[8.01,-1.148],[10.627,-3.038],[5.796,-2.271],[5.215,-2.093],[5.38,-2.88],[5.15,-2.986],[8.555,-6.963],[4.88,-6.64],[1.199,-2.079],[0,0],[-2.56,-7.359],[-10.933,5.272],[-0.08,0.006],[0,0],[0,0],[0,0],[-2.514,0.74],[-3.311,0.798],[-7.98,0.57],[-9.433,-0.69],[-2.104,-0.251],[-2.434,-0.388],[-4.4,-0.969],[-7.57,-2.668],[-4.748,-2.468],[0,0],[0,0],[-6.492,10.168]],"o":[[0,0],[0,0],[-0.793,-0.986],[-0.839,-0.943],[-3.103,-3.027],[-3.427,-2.653],[-5.027,-3.01],[-5.352,-2.365],[-6.15,-1.887],[9.485,-3.644],[7.511,-2.489],[0,0],[0,0],[11.712,-3.404],[-2.358,-7.978],[-3.244,-0.51],[-8.111,-0.151],[-10.949,1.555],[-5.666,1.803],[-5.797,2.271],[-5.215,2.093],[-5.38,2.88],[-9.532,5.57],[-6.424,5.1],[-1.44,1.92],[-0.64,1.281],[-2.96,7.2],[4.48,11.281],[0.08,-0.006],[0,0],[0,0],[0,0],[1.356,-0.096],[2.514,-0.741],[7.821,-1.681],[9.416,-0.672],[1.675,-0.12],[2.104,0.251],[4.708,0.786],[7.814,1.608],[4.947,1.892],[3.329,1.687],[0,0],[10.094,6.577],[5.347,-8.242]],"v":[[101.182,34.482],[100.305,33.422],[99.427,32.362],[96.984,29.469],[94.371,26.708],[84.569,18.174],[73.83,10.85],[58.246,2.779],[41.781,-3.304],[32.686,-1.092],[58.673,-13.284],[76.459,-18.527],[82.735,-20.022],[84.562,-20.549],[99.51,-47.985],[82.427,-63.426],[72.565,-64.489],[48.256,-62.927],[15.839,-53.038],[-1.59,-47.354],[-18.893,-40.611],[-35.874,-32.384],[-51.88,-23.489],[-79.091,-4.699],[-98.2,13.553],[-102.2,19.632],[-103.24,21.553],[-103.88,44.112],[-73.482,56.094],[-73.249,55.997],[-71.384,55.142],[-69.891,54.715],[-68.01,54.099],[-61.735,52.128],[-52.838,49.808],[-29.024,46.343],[-0.633,46.322],[7.432,46.949],[14.226,47.748],[27.951,50.136],[51.024,56.51],[65.603,63.008],[70.613,65.778],[72.967,67.295],[103.142,60.81]],"c":true}]},{"i":{"x":0.833,"y":1},"o":{"x":0.167,"y":0},"t":47.5,"s":[{"i":[[6.458,7.319],[0,0],[0,0],[0.839,0.943],[0.907,0.898],[3.427,2.653],[3.728,2.22],[5.352,2.365],[5.614,1.685],[0,0],[-7.509,2.489],[-4.141,1.083],[0,0],[0,0],[3.404,11.713],[8.124,1.52],[3.277,0.192],[8.01,-1.148],[10.627,-3.038],[5.796,-2.271],[5.215,-2.093],[5.38,-2.88],[5.15,-2.986],[8.555,-6.963],[4.88,-6.64],[1.199,-2.079],[0,0],[-2.56,-7.359],[-10.933,5.272],[-0.08,0.006],[0,0],[0,0],[0,0],[-2.514,0.74],[-3.311,0.798],[-7.98,0.57],[-9.433,-0.69],[-2.104,-0.251],[-2.434,-0.388],[-4.4,-0.969],[-7.57,-2.668],[-4.748,-2.468],[0,0],[0,0],[-6.492,10.168]],"o":[[0,0],[0,0],[-0.793,-0.986],[-0.839,-0.943],[-3.103,-3.027],[-3.427,-2.653],[-5.027,-3.01],[-5.352,-2.365],[-6.15,-1.887],[9.485,-3.644],[7.511,-2.489],[0,0],[0,0],[11.712,-3.404],[-2.358,-7.978],[-3.244,-0.51],[-8.111,-0.151],[-10.949,1.555],[-5.666,1.803],[-5.797,2.271],[-5.215,2.093],[-5.38,2.88],[-9.532,5.57],[-6.424,5.1],[-1.44,1.92],[-0.64,1.281],[-2.96,7.2],[4.48,11.281],[0.08,-0.006],[0,0],[0,0],[0,0],[1.356,-0.096],[2.514,-0.741],[7.821,-1.681],[9.416,-0.672],[1.675,-0.12],[2.104,0.251],[4.708,0.786],[7.814,1.608],[4.947,1.892],[3.329,1.687],[0,0],[10.094,6.577],[5.347,-8.242]],"v":[[101.182,34.482],[100.305,33.422],[99.427,32.362],[96.984,29.469],[94.371,26.708],[84.569,18.174],[73.83,10.85],[58.246,2.779],[41.781,-3.304],[32.686,-1.092],[58.621,-10.284],[76.407,-15.527],[82.683,-17.022],[84.51,-17.549],[99.458,-44.985],[82.375,-60.426],[72.513,-61.489],[48.204,-59.927],[15.839,-53.038],[-1.59,-47.354],[-18.893,-40.611],[-35.874,-32.384],[-51.88,-23.489],[-79.091,-4.699],[-98.2,13.553],[-102.2,19.632],[-103.24,21.553],[-103.88,44.112],[-73.482,56.094],[-73.249,55.997],[-71.384,55.142],[-69.891,54.715],[-68.01,54.099],[-61.735,52.128],[-52.838,49.808],[-29.024,46.343],[-0.633,46.322],[7.432,46.949],[14.226,47.748],[27.951,50.136],[51.024,56.51],[65.603,63.008],[70.613,65.778],[72.967,67.295],[103.142,60.81]],"c":true}]},{"i":{"x":0.833,"y":1},"o":{"x":1,"y":0},"t":55,"s":[{"i":[[6.458,7.319],[0,0],[0,0],[0.839,0.943],[0.907,0.898],[3.427,2.653],[3.728,2.22],[5.352,2.365],[5.614,1.685],[0,0],[-7.509,2.489],[-4.141,1.083],[0,0],[0,0],[3.404,11.713],[8.124,1.52],[3.277,0.192],[8.01,-1.148],[10.627,-3.038],[5.796,-2.271],[5.215,-2.093],[5.38,-2.88],[5.15,-2.986],[8.555,-6.963],[4.88,-6.64],[1.199,-2.079],[0,0],[-2.56,-7.359],[-10.933,5.272],[-0.08,0.006],[0,0],[0,0],[0,0],[-2.514,0.74],[-3.311,0.798],[-7.98,0.57],[-9.433,-0.69],[-2.104,-0.251],[-2.434,-0.388],[-4.4,-0.969],[-7.57,-2.668],[-4.748,-2.468],[0,0],[0,0],[-6.492,10.168]],"o":[[0,0],[0,0],[-0.793,-0.986],[-0.839,-0.943],[-3.103,-3.027],[-3.427,-2.653],[-5.027,-3.01],[-5.352,-2.365],[-6.15,-1.887],[9.485,-3.644],[7.511,-2.489],[0,0],[0,0],[11.712,-3.404],[-2.358,-7.978],[-3.244,-0.51],[-8.111,-0.151],[-10.949,1.555],[-5.666,1.803],[-5.797,2.271],[-5.215,2.093],[-5.38,2.88],[-9.532,5.57],[-6.424,5.1],[-1.44,1.92],[-0.64,1.281],[-2.96,7.2],[4.48,11.281],[0.08,-0.006],[0,0],[0,0],[0,0],[1.356,-0.096],[2.514,-0.741],[7.821,-1.681],[9.416,-0.672],[1.675,-0.12],[2.104,0.251],[4.708,0.786],[7.814,1.608],[4.947,1.892],[3.329,1.687],[0,0],[10.094,6.577],[5.347,-8.242]],"v":[[101.182,34.482],[100.305,33.422],[99.427,32.362],[96.984,29.469],[94.371,26.708],[84.569,18.174],[73.83,10.85],[58.246,2.779],[41.781,-3.304],[32.686,-1.092],[58.621,-10.284],[76.407,-15.527],[82.683,-17.022],[84.51,-17.549],[99.458,-44.985],[82.375,-60.426],[72.513,-61.489],[48.204,-59.927],[15.839,-53.038],[-1.59,-47.354],[-18.893,-40.611],[-35.874,-32.384],[-51.88,-23.489],[-79.091,-4.699],[-98.2,13.553],[-102.2,19.632],[-103.24,21.553],[-103.88,44.112],[-73.482,56.094],[-73.249,55.997],[-71.384,55.142],[-69.891,54.715],[-68.01,54.099],[-61.735,52.128],[-52.838,49.808],[-29.024,46.343],[-0.633,46.322],[7.432,46.949],[14.226,47.748],[27.951,50.136],[51.024,56.51],[65.603,63.008],[70.613,65.778],[72.967,67.295],[103.142,60.81]],"c":true}]},{"t":72.5,"s":[{"i":[[5.92,7.76],[0,0],[1.68,1.92],[7.12,4.96],[10.96,4.16],[6.24,1.6],[3.519,0.72],[0,0],[0,0],[0,0],[-7.201,3.28],[-4,1.52],[0,0],[0,0],[4.64,11.28],[8.24,0.64],[3.28,-0.16],[7.84,-2],[10.24,-4.16],[5.52,-2.88],[4.96,-2.64],[5.04,-3.44],[4.8,-3.52],[7.76,-7.84],[4.88,-6.64],[1.2,-2.08],[0,0],[-2.56,-7.36],[-11.28,4.48],[-0.079,0],[0,0],[0,0],[0,0],[-2.56,0.56],[-3.36,0.56],[-8,0],[-9.36,-1.36],[-2.08,-0.4],[-2.4,-0.56],[-4.32,-1.28],[-7.36,-3.2],[-4.559,-2.8],[0,0],[0,0],[-7.2,9.68]],"o":[[0,0],[-1.44,-2.08],[-5.76,-6.48],[-9.6,-6.72],[-6,-2.32],[-3.12,-0.8],[0,0],[0,0],[0,0],[9.04,-4.64],[7.2,-3.28],[0,0],[0,0],[11.28,-4.64],[-3.2,-7.68],[-3.28,-0.16],[-8.08,0.72],[-10.72,2.72],[-5.44,2.4],[-5.52,2.88],[-4.96,2.64],[-5.04,3.44],[-8.88,6.56],[-5.84,5.76],[-1.44,1.92],[-0.64,1.28],[-2.96,7.2],[4.48,11.28],[0.08,0],[0,0],[0,0],[0,0],[1.36,0],[2.56,-0.56],[7.92,-1.12],[9.44,0],[1.68,0],[2.08,0.4],[4.64,1.12],[7.68,2.16],[4.8,2.24],[3.201,1.92],[0,0],[9.6,7.28],[5.92,-7.84]],"v":[[100.44,43.64],[98.84,41.4],[94.2,35.4],[74.84,18.12],[43.88,1.72],[25.48,-4.2],[15.4,-6.44],[10.6,-7.32],[15.32,-9.8],[29.32,-17.16],[54.12,-29.08],[71.24,-36.2],[77.32,-38.36],[79.08,-39.08],[91,-67.96],[72.36,-81.48],[62.44,-81.48],[38.44,-77.32],[7,-67],[-9.72,-59.48],[-26.2,-50.92],[-42.2,-40.92],[-57.16,-30.36],[-82.2,-8.76],[-98.2,9.88],[-102.2,15.96],[-103.24,17.88],[-103.88,40.44],[-75.32,52.76],[-75.081,52.68],[-73.16,51.96],[-71.64,51.64],[-69.72,51.16],[-63.32,49.64],[-54.28,47.96],[-30.28,46.2],[-1.96,48.2],[6.04,49.4],[12.76,50.68],[26.28,54.04],[48.84,62.04],[62.919,69.56],[67.72,72.68],[69.96,74.36],[100.52,70.04]],"c":true}]}],"ix":2},"nm":"Path 1","mn":"ADBE Vector Shape - Group","hd":false},{"ty":"fl","c":{"a":0,"k":[0.258999992819,0.169000004787,0.051000000449,1],"ix":4},"o":{"a":0,"k":100,"ix":5},"r":1,"bm":0,"nm":"Fill 1","mn":"ADBE Vector Graphic - Fill","hd":false},{"ty":"tr","p":{"a":0,"k":[106.69,81.89],"ix":2},"a":{"a":0,"k":[0,0],"ix":1},"s":{"a":0,"k":[100,100],"ix":3},"r":{"a":0,"k":0,"ix":6},"o":{"a":0,"k":100,"ix":7},"sk":{"a":0,"k":0,"ix":4},"sa":{"a":0,"k":0,"ix":5},"nm":"Transform"}],"nm":"Group 1","np":2,"cix":2,"bm":0,"ix":1,"mn":"ADBE Vector Group","hd":false}],"ip":40,"op":75,"st":47.5,"bm":0},{"ddd":0,"ind":5,"ty":4,"nm":"mouth 1 ","parent":2,"sr":1,"ks":{"o":{"a":0,"k":100,"ix":11},"r":{"a":0,"k":0,"ix":10},"p":{"a":1,"k":[{"i":{"x":0,"y":1},"o":{"x":0.333,"y":0},"t":32.5,"s":[513.936,695.48,0],"to":[0,-0.333,0],"ti":[0,0,0]},{"i":{"x":0.667,"y":1},"o":{"x":1,"y":0},"t":40,"s":[513.936,693.48,0],"to":[0,0,0],"ti":[0,-0.333,0]},{"t":75,"s":[513.936,695.48,0]}],"ix":2,"l":2},"a":{"a":0,"k":[206.65,68.289,0],"ix":1,"l":2},"s":{"a":0,"k":[100,100,100],"ix":6,"l":2}},"ao":0,"shapes":[{"ty":"gr","it":[{"ind":0,"ty":"sh","ix":1,"ks":{"a":1,"k":[{"i":{"x":0.833,"y":1},"o":{"x":0.167,"y":0},"t":12.5,"s":[{"i":[[102,0],[21.84,33.279],[-5.52,12.321],[-8.88,-0.079],[-3.12,-1.04],[-57.68,0.32],[-54.96,16.559],[-3.28,0.08],[-4.24,-7.759],[8.24,-10.641]],"o":[[-101.92,0],[-8.24,-10.641],[4.24,-7.759],[3.28,0],[55.2,16.639],[57.36,0.32],[3.12,-1.04],[8.88,-0.079],[5.52,12.321],[-21.84,33.279]],"v":[[0,68.039],[-196.4,-18.12],[-200.88,-55.48],[-179.52,-67.961],[-169.84,-66.359],[0.4,-41.801],[169.84,-66.359],[179.52,-67.961],[200.88,-55.48],[196.4,-18.12]],"c":true}]},{"i":{"x":0,"y":1},"o":{"x":0.333,"y":0},"t":32.5,"s":[{"i":[[102,0],[21.84,33.279],[-5.52,12.321],[-8.88,-0.079],[-3.12,-1.04],[-57.68,0.32],[-54.96,16.559],[-3.28,0.08],[-4.24,-7.759],[8.24,-10.641]],"o":[[-101.92,0],[-8.24,-10.641],[4.24,-7.759],[3.28,0],[55.2,16.639],[57.36,0.32],[3.12,-1.04],[8.88,-0.079],[5.52,12.321],[-21.84,33.279]],"v":[[0,68.039],[-196.4,-18.12],[-200.88,-63.48],[-179.52,-75.961],[-169.84,-74.359],[0.4,-45.8],[169.84,-74.359],[179.52,-75.961],[200.88,-63.48],[196.4,-18.12]],"c":true}]},{"i":{"x":0.667,"y":1},"o":{"x":1,"y":0},"t":40,"s":[{"i":[[102,0],[21.84,26.568],[-5.52,12.32],[-8.88,-0.08],[-3.12,-1.04],[-57.68,0.32],[-54.96,16.56],[-3.28,0.08],[-4.24,-7.76],[8.24,-8.494]],"o":[[-101.92,0],[-8.24,-8.494],[4.24,-7.76],[3.28,0],[55.2,16.64],[57.36,0.32],[3.12,-1.04],[8.88,-0.08],[5.52,12.32],[-21.84,26.568]],"v":[[0,52.023],[-196.4,-16.76],[-200.88,-52.479],[-179.52,-64.959],[-169.84,-63.359],[0.4,-41.799],[169.84,-63.359],[179.52,-64.959],[200.88,-52.479],[196.4,-16.76]],"c":true}]},{"i":{"x":0.833,"y":1},"o":{"x":0.167,"y":0},"t":75,"s":[{"i":[[102,0],[21.84,33.279],[-5.52,12.321],[-8.88,-0.079],[-3.12,-1.04],[-57.68,0.32],[-54.96,16.559],[-3.28,0.08],[-4.24,-7.759],[8.24,-10.641]],"o":[[-101.92,0],[-8.24,-10.641],[4.24,-7.759],[3.28,0],[55.2,16.639],[57.36,0.32],[3.12,-1.04],[8.88,-0.079],[5.52,12.321],[-21.84,33.279]],"v":[[0,68.039],[-196.4,-22.12],[-200.88,-59.48],[-179.52,-71.961],[-169.84,-70.359],[0.4,-45.801],[169.84,-70.359],[179.52,-71.961],[200.88,-59.48],[196.4,-22.12]],"c":true}]},{"t":85,"s":[{"i":[[102,0],[21.84,33.279],[-5.52,12.321],[-8.88,-0.079],[-3.12,-1.04],[-57.68,0.32],[-54.96,16.559],[-3.28,0.08],[-4.24,-7.759],[8.24,-10.641]],"o":[[-101.92,0],[-8.24,-10.641],[4.24,-7.759],[3.28,0],[55.2,16.639],[57.36,0.32],[3.12,-1.04],[8.88,-0.079],[5.52,12.321],[-21.84,33.279]],"v":[[0,68.039],[-196.4,-18.12],[-200.88,-55.48],[-179.52,-67.961],[-169.84,-66.359],[0.4,-41.801],[169.84,-66.359],[179.52,-67.961],[200.88,-55.48],[196.4,-18.12]],"c":true}]}],"ix":2},"nm":"Path 1","mn":"ADBE Vector Shape - Group","hd":false},{"ty":"fl","c":{"a":0,"k":[0.258999992819,0.169000004787,0.051000000449,1],"ix":4},"o":{"a":0,"k":100,"ix":5},"r":1,"bm":0,"nm":"Fill 1","mn":"ADBE Vector Graphic - Fill","hd":false},{"ty":"tr","p":{"a":0,"k":[206.65,68.29],"ix":2},"a":{"a":0,"k":[0,0],"ix":1},"s":{"a":0,"k":[100,100],"ix":3},"r":{"a":0,"k":0,"ix":6},"o":{"a":0,"k":100,"ix":7},"sk":{"a":0,"k":0,"ix":4},"sa":{"a":0,"k":0,"ix":5},"nm":"Transform"}],"nm":"Group 1","np":2,"cix":2,"bm":0,"ix":1,"mn":"ADBE Vector Group","hd":false}],"ip":0,"op":150,"st":0,"bm":0},{"ddd":0,"ind":6,"ty":4,"nm":"eyes normal 3","parent":2,"sr":1,"ks":{"o":{"a":0,"k":100,"ix":11},"r":{"a":0,"k":0,"ix":10},"p":{"a":0,"k":[663.049,456.899,0],"ix":2,"l":2},"a":{"a":0,"k":[46.45,7.4,0],"ix":1,"l":2},"s":{"a":1,"k":[{"i":{"x":[0.833,0.833,0.833],"y":[1,1,1]},"o":{"x":[0.167,0.167,0.167],"y":[0,0.167,0]},"t":75,"s":[800,660,100]},{"t":80,"s":[800,800,100]}],"ix":6,"l":2}},"ao":0,"shapes":[{"ty":"gr","it":[{"ind":0,"ty":"sh","ix":1,"ks":{"a":0,"k":{"i":[[0.899,0.8],[0,0],[0.7,-1.4],[-0.901,-0.9],[-0.701,1.4]],"o":[[0,0],[-1.4,-0.7],[-0.5,1.1],[1.399,0.7],[0.5,-1.1]],"v":[[1.601,-5.3],[1.601,-5.3],[-2.201,-4],[-1.6,-0.7],[2.201,-2]],"c":true},"ix":2},"nm":"Path 1","mn":"ADBE Vector Shape - Group","hd":false},{"ty":"fl","c":{"a":0,"k":[0.536999990426,0.375999989229,0.141000007181,1],"ix":4},"o":{"a":0,"k":100,"ix":5},"r":1,"bm":0,"nm":"Fill 1","mn":"ADBE Vector Graphic - Fill","hd":false},{"ty":"tr","p":{"a":0,"k":[44.65,6.55],"ix":2},"a":{"a":0,"k":[0,0],"ix":1},"s":{"a":0,"k":[100,100],"ix":3},"r":{"a":0,"k":0,"ix":6},"o":{"a":0,"k":100,"ix":7},"sk":{"a":0,"k":0,"ix":4},"sa":{"a":0,"k":0,"ix":5},"nm":"Transform"}],"nm":"Group 1","np":2,"cix":2,"bm":0,"ix":1,"mn":"ADBE Vector Group","hd":false},{"ty":"gr","it":[{"ind":0,"ty":"sh","ix":1,"ks":{"a":0,"k":{"i":[[4.2,0],[0,0],[0,-5.9],[-4.2,0],[0,5.9]],"o":[[0,0],[-4.2,0],[0,5.9],[4.2,0],[0,-5.9]],"v":[[0,-12.4],[0,-12.4],[-8,-3],[0,6.4],[8,-3]],"c":true},"ix":2},"nm":"Path 1","mn":"ADBE Vector Shape - Group","hd":false},{"ty":"fl","c":{"a":0,"k":[0.258999992819,0.169000004787,0.051000000449,1],"ix":4},"o":{"a":0,"k":100,"ix":5},"r":1,"bm":0,"nm":"Fill 1","mn":"ADBE Vector Graphic - Fill","hd":false},{"ty":"tr","p":{"a":0,"k":[46.65,9.65],"ix":2},"a":{"a":0,"k":[0,0],"ix":1},"s":{"a":0,"k":[100,100],"ix":3},"r":{"a":0,"k":0,"ix":6},"o":{"a":0,"k":100,"ix":7},"sk":{"a":0,"k":0,"ix":4},"sa":{"a":0,"k":0,"ix":5},"nm":"Transform"}],"nm":"Group 2","np":2,"cix":2,"bm":0,"ix":2,"mn":"ADBE Vector Group","hd":false}],"ip":75,"op":150,"st":75,"bm":0},{"ddd":0,"ind":7,"ty":4,"nm":"eyes normal 2","parent":2,"sr":1,"ks":{"o":{"a":0,"k":100,"ix":11},"r":{"a":0,"k":0,"ix":10},"p":{"a":0,"k":[663.049,456.899,0],"ix":2,"l":2},"a":{"a":0,"k":[46.45,7.4,0],"ix":1,"l":2},"s":{"a":1,"k":[{"i":{"x":[0.833,0.833,0.833],"y":[1,0.833,1]},"o":{"x":[0.333,0.333,0.333],"y":[0,0,0]},"t":35,"s":[800,800,100]},{"t":40,"s":[800,660,100]}],"ix":6,"l":2}},"ao":0,"shapes":[{"ty":"gr","it":[{"ind":0,"ty":"sh","ix":1,"ks":{"a":0,"k":{"i":[[0.899,0.8],[0,0],[0.7,-1.4],[-0.901,-0.9],[-0.701,1.4]],"o":[[0,0],[-1.4,-0.7],[-0.5,1.1],[1.399,0.7],[0.5,-1.1]],"v":[[1.601,-5.3],[1.601,-5.3],[-2.201,-4],[-1.6,-0.7],[2.201,-2]],"c":true},"ix":2},"nm":"Path 1","mn":"ADBE Vector Shape - Group","hd":false},{"ty":"fl","c":{"a":0,"k":[0.536999990426,0.375999989229,0.141000007181,1],"ix":4},"o":{"a":0,"k":100,"ix":5},"r":1,"bm":0,"nm":"Fill 1","mn":"ADBE Vector Graphic - Fill","hd":false},{"ty":"tr","p":{"a":0,"k":[44.65,6.55],"ix":2},"a":{"a":0,"k":[0,0],"ix":1},"s":{"a":0,"k":[100,100],"ix":3},"r":{"a":0,"k":0,"ix":6},"o":{"a":0,"k":100,"ix":7},"sk":{"a":0,"k":0,"ix":4},"sa":{"a":0,"k":0,"ix":5},"nm":"Transform"}],"nm":"Group 1","np":2,"cix":2,"bm":0,"ix":1,"mn":"ADBE Vector Group","hd":false},{"ty":"gr","it":[{"ind":0,"ty":"sh","ix":1,"ks":{"a":0,"k":{"i":[[4.2,0],[0,0],[0,-5.9],[-4.2,0],[0,5.9]],"o":[[0,0],[-4.2,0],[0,5.9],[4.2,0],[0,-5.9]],"v":[[0,-12.4],[0,-12.4],[-8,-3],[0,6.4],[8,-3]],"c":true},"ix":2},"nm":"Path 1","mn":"ADBE Vector Shape - Group","hd":false},{"ty":"fl","c":{"a":0,"k":[0.258999992819,0.169000004787,0.051000000449,1],"ix":4},"o":{"a":0,"k":100,"ix":5},"r":1,"bm":0,"nm":"Fill 1","mn":"ADBE Vector Graphic - Fill","hd":false},{"ty":"tr","p":{"a":0,"k":[46.65,9.65],"ix":2},"a":{"a":0,"k":[0,0],"ix":1},"s":{"a":0,"k":[100,100],"ix":3},"r":{"a":0,"k":0,"ix":6},"o":{"a":0,"k":100,"ix":7},"sk":{"a":0,"k":0,"ix":4},"sa":{"a":0,"k":0,"ix":5},"nm":"Transform"}],"nm":"Group 2","np":2,"cix":2,"bm":0,"ix":2,"mn":"ADBE Vector Group","hd":false}],"ip":0,"op":40,"st":0,"bm":0},{"ddd":0,"ind":8,"ty":4,"nm":"eyes normal","parent":2,"sr":1,"ks":{"o":{"a":0,"k":100,"ix":11},"r":{"a":0,"k":0,"ix":10},"p":{"a":0,"k":[347.049,448.899,0],"ix":2,"l":2},"a":{"a":0,"k":[6.95,6.4,0],"ix":1,"l":2},"s":{"a":0,"k":[800,800,100],"ix":6,"l":2}},"ao":0,"shapes":[{"ty":"gr","it":[{"ind":0,"ty":"sh","ix":1,"ks":{"a":0,"k":{"i":[[0.9,0.8],[0,0],[0.7,-1.4],[-0.9,-0.9],[-0.7,1.4]],"o":[[0,0],[-1.4,-0.7],[-0.5,1.1],[1.4,0.7],[0.6,-1.1]],"v":[[1.55,-5.3],[1.55,-5.3],[-2.25,-4],[-1.65,-0.7],[2.15,-2]],"c":true},"ix":2},"nm":"Path 1","mn":"ADBE Vector Shape - Group","hd":false},{"ty":"fl","c":{"a":0,"k":[0.536999990426,0.375999989229,0.141000007181,1],"ix":4},"o":{"a":0,"k":100,"ix":5},"r":1,"bm":0,"nm":"Fill 1","mn":"ADBE Vector Graphic - Fill","hd":false},{"ty":"tr","p":{"a":0,"k":[6.3,6.55],"ix":2},"a":{"a":0,"k":[0,0],"ix":1},"s":{"a":0,"k":[100,100],"ix":3},"r":{"a":0,"k":0,"ix":6},"o":{"a":0,"k":100,"ix":7},"sk":{"a":0,"k":0,"ix":4},"sa":{"a":0,"k":0,"ix":5},"nm":"Transform"}],"nm":"Group 3","np":2,"cix":2,"bm":0,"ix":1,"mn":"ADBE Vector Group","hd":false},{"ty":"gr","it":[{"ind":0,"ty":"sh","ix":1,"ks":{"a":0,"k":{"i":[[4.2,0],[0,0],[0,-5.9],[-4.2,0],[0,5.9]],"o":[[0,0],[-4.2,0],[0,5.9],[4.2,0],[0,-5.9]],"v":[[0,-12.4],[0,-12.4],[-8,-3],[0,6.4],[8,-3]],"c":true},"ix":2},"nm":"Path 1","mn":"ADBE Vector Shape - Group","hd":false},{"ty":"fl","c":{"a":0,"k":[0.258999992819,0.169000004787,0.051000000449,1],"ix":4},"o":{"a":0,"k":100,"ix":5},"r":1,"bm":0,"nm":"Fill 1","mn":"ADBE Vector Graphic - Fill","hd":false},{"ty":"tr","p":{"a":0,"k":[8.25,9.65],"ix":2},"a":{"a":0,"k":[0,0],"ix":1},"s":{"a":0,"k":[100,100],"ix":3},"r":{"a":0,"k":0,"ix":6},"o":{"a":0,"k":100,"ix":7},"sk":{"a":0,"k":0,"ix":4},"sa":{"a":0,"k":0,"ix":5},"nm":"Transform"}],"nm":"Group 4","np":2,"cix":2,"bm":0,"ix":2,"mn":"ADBE Vector Group","hd":false}],"ip":0,"op":150,"st":0,"bm":0},{"ddd":0,"ind":9,"ty":4,"nm":"base matte","parent":11,"td":1,"sr":1,"ks":{"o":{"a":0,"k":100,"ix":11},"r":{"a":0,"k":0,"ix":10},"p":{"a":0,"k":[-2,-3,0],"ix":2,"l":2},"a":{"a":0,"k":[0,0,0],"ix":1,"l":2},"s":{"a":0,"k":[100,100,100],"ix":6,"l":2}},"ao":0,"shapes":[{"ty":"gr","it":[{"ind":0,"ty":"sh","ix":1,"ks":{"a":0,"k":{"i":[[15.4,0],[0,38.4],[-27.9,0],[-10.6,-9.3],[0,-16.9],[11.5,-10.2]],"o":[[-27.9,0],[0,-38.4],[15.5,0],[11.5,10.2],[0,16.9],[-10.6,9.3]],"v":[[0,55.9],[-58,0],[0,-55.9],[40.4,-41.5],[58,0],[40.4,41.4]],"c":true},"ix":2},"nm":"Path 1","mn":"ADBE Vector Shape - Group","hd":false},{"ty":"gf","o":{"a":0,"k":100,"ix":10},"r":1,"bm":0,"g":{"p":5,"k":{"a":0,"k":[0.48,0.992,0.878,0.188,0.691,0.98,0.816,0.178,0.902,0.969,0.753,0.169,0.966,0.963,0.694,0.153,1,0.957,0.635,0.137],"ix":9}},"s":{"a":0,"k":[0,0],"ix":5},"e":{"a":0,"k":[56.225,0],"ix":6},"t":2,"h":{"a":0,"k":0,"ix":7},"a":{"a":0,"k":0,"ix":8},"nm":"Gradient Fill 1","mn":"ADBE Vector Graphic - G-Fill","hd":false},{"ty":"tr","p":{"a":0,"k":[0,0],"ix":2},"a":{"a":0,"k":[0,0],"ix":1},"s":{"a":0,"k":[100,100],"ix":3},"r":{"a":0,"k":0,"ix":6},"o":{"a":0,"k":100,"ix":7},"sk":{"a":0,"k":0,"ix":4},"sa":{"a":0,"k":0,"ix":5},"nm":"Transform"}],"nm":"Group 1","np":2,"cix":2,"bm":0,"ix":1,"mn":"ADBE Vector Group","hd":false}],"ip":0,"op":150,"st":0,"bm":0},{"ddd":0,"ind":10,"ty":4,"nm":"base shadow","parent":11,"tt":2,"sr":1,"ks":{"o":{"a":0,"k":100,"ix":11},"r":{"a":0,"k":0,"ix":10},"p":{"a":0,"k":[0,0,0],"ix":2,"l":2},"a":{"a":0,"k":[0,0,0],"ix":1,"l":2},"s":{"a":0,"k":[100,100,100],"ix":6,"l":2}},"ao":0,"shapes":[{"ty":"gr","it":[{"ind":0,"ty":"sh","ix":1,"ks":{"a":0,"k":{"i":[[15.4,0],[0,38.4],[-27.9,0],[-10.6,-9.3],[0,-16.9],[11.5,-10.2]],"o":[[-27.9,0],[0,-38.4],[15.5,0],[11.5,10.2],[0,16.9],[-10.6,9.3]],"v":[[0,55.9],[-58,0],[0,-55.9],[40.4,-41.5],[58,0],[40.4,41.4]],"c":true},"ix":2},"nm":"Path 1","mn":"ADBE Vector Shape - Group","hd":false},{"ty":"fl","c":{"a":0,"k":[0.921568627451,0.560784313725,0,1],"ix":4},"o":{"a":0,"k":100,"ix":5},"r":1,"bm":0,"nm":"Fill 1","mn":"ADBE Vector Graphic - Fill","hd":false},{"ty":"tr","p":{"a":0,"k":[0,0],"ix":2},"a":{"a":0,"k":[0,0],"ix":1},"s":{"a":0,"k":[100,100],"ix":3},"r":{"a":0,"k":0,"ix":6},"o":{"a":0,"k":100,"ix":7},"sk":{"a":0,"k":0,"ix":4},"sa":{"a":0,"k":0,"ix":5},"nm":"Transform"}],"nm":"Group 1","np":2,"cix":2,"bm":0,"ix":1,"mn":"ADBE Vector Group","hd":false}],"ip":0,"op":150,"st":0,"bm":0},{"ddd":0,"ind":11,"ty":4,"nm":"base normal","parent":1,"sr":1,"ks":{"o":{"a":0,"k":100,"ix":11},"r":{"a":0,"k":0,"ix":10},"p":{"a":0,"k":[0,0,0],"ix":2,"l":2},"a":{"a":0,"k":[0,0,0],"ix":1,"l":2},"s":{"a":0,"k":[800,800,100],"ix":6,"l":2}},"ao":0,"shapes":[{"ty":"gr","it":[{"ind":0,"ty":"sh","ix":1,"ks":{"a":0,"k":{"i":[[15.4,0],[0,38.4],[-27.9,0],[-10.6,-9.3],[0,-16.9],[11.5,-10.2]],"o":[[-27.9,0],[0,-38.4],[15.5,0],[11.5,10.2],[0,16.9],[-10.6,9.3]],"v":[[0,55.9],[-58,0],[0,-55.9],[40.4,-41.5],[58,0],[40.4,41.4]],"c":true},"ix":2},"nm":"Path 1","mn":"ADBE Vector Shape - Group","hd":false},{"ty":"gf","o":{"a":0,"k":100,"ix":10},"r":1,"bm":0,"g":{"p":5,"k":{"a":0,"k":[0.48,0.992,0.878,0.188,0.691,0.98,0.816,0.178,0.902,0.969,0.753,0.169,0.966,0.963,0.694,0.153,1,0.957,0.635,0.137],"ix":9}},"s":{"a":0,"k":[0,0],"ix":5},"e":{"a":0,"k":[56.225,0],"ix":6},"t":2,"h":{"a":0,"k":0,"ix":7},"a":{"a":0,"k":0,"ix":8},"nm":"Gradient Fill 1","mn":"ADBE Vector Graphic - G-Fill","hd":false},{"ty":"tr","p":{"a":0,"k":[0,0],"ix":2},"a":{"a":0,"k":[0,0],"ix":1},"s":{"a":0,"k":[100,100],"ix":3},"r":{"a":0,"k":0,"ix":6},"o":{"a":0,"k":100,"ix":7},"sk":{"a":0,"k":0,"ix":4},"sa":{"a":0,"k":0,"ix":5},"nm":"Transform"}],"nm":"Group 1","np":2,"cix":2,"bm":0,"ix":1,"mn":"ADBE Vector Group","hd":false}],"ip":0,"op":150,"st":0,"bm":0}],"markers":[{"tm":74,"cm":"rest","dr":0}]}