{"v":"5.8.1","fr":60,"ip":0,"op":108,"w":1024,"h":1024,"nm":"emoji_woozy-face","ddd":0,"assets":[],"layers":[{"ddd":0,"ind":1,"ty":3,"nm":"Null ALL","sr":1,"ks":{"o":{"a":0,"k":0,"ix":11},"r":{"a":0,"k":0,"ix":10},"p":{"s":true,"x":{"a":1,"k":[{"i":{"x":[0.667],"y":[1]},"o":{"x":[0.333],"y":[0]},"t":0,"s":[512]},{"t":108,"s":[512]}],"ix":3},"y":{"a":1,"k":[{"i":{"x":[0.667],"y":[1]},"o":{"x":[0.167],"y":[0.167]},"t":0,"s":[512]},{"i":{"x":[0.667],"y":[1]},"o":{"x":[0.333],"y":[0]},"t":30,"s":[536.125]},{"i":{"x":[0.667],"y":[1]},"o":{"x":[0.333],"y":[0]},"t":58,"s":[512]},{"i":{"x":[0.667],"y":[1]},"o":{"x":[0.333],"y":[0]},"t":70,"s":[512]},{"i":{"x":[0.833],"y":[0.833]},"o":{"x":[0.333],"y":[0]},"t":92,"s":[488]},{"t":108,"s":[512]}],"ix":4}},"a":{"a":0,"k":[0,0,0],"ix":1,"l":2},"s":{"a":0,"k":[100,100,100],"ix":6,"l":2}},"ao":0,"ip":0,"op":108,"st":0,"bm":0},{"ddd":0,"ind":2,"ty":3,"nm":"Null Face","parent":1,"sr":1,"ks":{"o":{"a":0,"k":0,"ix":11},"r":{"a":1,"k":[{"i":{"x":[0.667],"y":[1]},"o":{"x":[0.167],"y":[0.167]},"t":0,"s":[0]},{"i":{"x":[0.667],"y":[1]},"o":{"x":[0.333],"y":[0]},"t":20,"s":[-4]},{"i":{"x":[0.833],"y":[0.833]},"o":{"x":[0.333],"y":[0]},"t":82,"s":[4]},{"t":108,"s":[0]}],"ix":10},"p":{"s":true,"x":{"a":1,"k":[{"i":{"x":[0.667],"y":[1]},"o":{"x":[0.167],"y":[0.167]},"t":0,"s":[0]},{"i":{"x":[0.667],"y":[1]},"o":{"x":[0.333],"y":[0]},"t":20,"s":[-18]},{"i":{"x":[0.833],"y":[0.833]},"o":{"x":[0.333],"y":[0]},"t":74,"s":[58]},{"t":108,"s":[0]}],"ix":3},"y":{"a":1,"k":[{"i":{"x":[0.667],"y":[1]},"o":{"x":[0.167],"y":[0.167]},"t":0,"s":[0]},{"i":{"x":[0.667],"y":[1]},"o":{"x":[0.333],"y":[0]},"t":30,"s":[40.662]},{"i":{"x":[0.667],"y":[1]},"o":{"x":[0.333],"y":[0]},"t":56,"s":[2]},{"i":{"x":[0.478],"y":[1]},"o":{"x":[0.44],"y":[0]},"t":64,"s":[2]},{"i":{"x":[0.833],"y":[0.833]},"o":{"x":[0.563],"y":[0]},"t":92,"s":[-48]},{"t":108,"s":[0]}],"ix":4}},"a":{"a":0,"k":[0,0,0],"ix":1,"l":2},"s":{"a":0,"k":[100,100,100],"ix":6,"l":2}},"ao":0,"ip":0,"op":108,"st":0,"bm":0},{"ddd":0,"ind":3,"ty":4,"nm":"mouth ","parent":2,"sr":1,"ks":{"o":{"a":0,"k":100,"ix":11},"r":{"a":0,"k":0,"ix":10},"p":{"a":0,"k":[-9.32,195,0],"ix":2,"l":2},"a":{"a":0,"k":[379.275,156.555,0],"ix":1,"l":2},"s":{"a":0,"k":[100,100,100],"ix":6,"l":2}},"ao":0,"shapes":[{"ty":"gr","it":[{"ind":0,"ty":"sh","ix":1,"ks":{"a":1,"k":[{"i":{"x":0.667,"y":1},"o":{"x":0.333,"y":0},"t":0,"s":[{"i":[[0,0],[21.68,-1.12]],"o":[[-9.2,-19.6],[0,0]],"v":[[31,19.48],[-31,-18.36]],"c":false}]},{"i":{"x":0.667,"y":1},"o":{"x":0.333,"y":0},"t":20,"s":[{"i":[[0,0],[21.68,-1.12]],"o":[[-9.2,-19.6],[0,0]],"v":[[31,19.48],[-31,-18.36]],"c":false}]},{"i":{"x":0.667,"y":1},"o":{"x":0.333,"y":0},"t":60,"s":[{"i":[[0,0],[19.179,-10.17]],"o":[[-16.616,-13.882],[0,0]],"v":[[7.03,-19.816],[-65.15,-27.936]],"c":false}]},{"i":{"x":0.667,"y":1},"o":{"x":0.333,"y":0},"t":84,"s":[{"i":[[0,0],[19.179,-10.17]],"o":[[-16.616,-13.882],[0,0]],"v":[[25.633,-8.775],[-46.547,-16.895]],"c":false}]},{"t":108,"s":[{"i":[[0,0],[21.68,-1.12]],"o":[[-9.2,-19.6],[0,0]],"v":[[31,19.48],[-31,-18.36]],"c":false}]}],"ix":2},"nm":"Path 1","mn":"ADBE Vector Shape - Group","hd":false},{"ty":"st","c":{"a":0,"k":[0.20800000359,0.13300000359,0.043000000598,1],"ix":3},"o":{"a":0,"k":100,"ix":4},"w":{"a":0,"k":35.502,"ix":5},"lc":2,"lj":2,"bm":0,"nm":"Stroke 1","mn":"ADBE Vector Graphic - Stroke","hd":false},{"ty":"tr","p":{"a":0,"k":[638.795,122.155],"ix":2},"a":{"a":0,"k":[0,0],"ix":1},"s":{"a":0,"k":[100,100],"ix":3},"r":{"a":0,"k":0,"ix":6},"o":{"a":0,"k":100,"ix":7},"sk":{"a":0,"k":0,"ix":4},"sa":{"a":0,"k":0,"ix":5},"nm":"Transform"}],"nm":"Group 1","np":2,"cix":2,"bm":0,"ix":1,"mn":"ADBE Vector Group","hd":false},{"ty":"gr","it":[{"ind":0,"ty":"sh","ix":1,"ks":{"a":1,"k":[{"i":{"x":0.667,"y":1},"o":{"x":0.333,"y":0},"t":0,"s":[{"i":[[0,0],[-22.32,-14.88],[-22.88,13.84],[-9.52,5.841],[-35.68,-16.32],[-38.8,-6.24],[-13.68,65.52]],"o":[[-4,26.48],[22.32,14.881],[9.6,-5.759],[33.44,-20.56],[35.68,16.32],[66.08,10.64],[0,0]],"v":[[-250.56,-56.12],[-219.68,13.56],[-143.52,15.24],[-116.32,-4.36],[-3.44,0.68],[104.64,46.2],[254.56,-56.84]],"c":false}]},{"i":{"x":0.667,"y":1},"o":{"x":0.333,"y":0},"t":20,"s":[{"i":[[0,0],[-22.32,-14.88],[-22.88,13.84],[-9.52,5.841],[-35.68,-16.32],[-38.8,-6.24],[-13.68,65.52]],"o":[[-4,26.48],[22.32,14.881],[9.6,-5.759],[33.44,-20.56],[35.68,16.32],[66.08,10.64],[0,0]],"v":[[-250.56,-56.12],[-219.68,13.56],[-143.52,15.24],[-116.32,-4.36],[-3.44,0.68],[104.64,46.2],[254.56,-56.84]],"c":false}]},{"i":{"x":0.667,"y":1},"o":{"x":0.333,"y":0},"t":60,"s":[{"i":[[0,0],[-29.76,-14.881],[-30.507,13.84],[-12.689,5.851],[-35.68,-16.32],[-38.8,-6.24],[15.266,65.169]],"o":[[8.502,25.395],[29.76,14.881],[12.8,-5.759],[44.587,-20.56],[35.68,16.32],[66.08,10.64],[0,0]],"v":[[-273.742,-40.185],[-198.24,36.56],[-96.693,38.24],[-60.427,18.64],[70.56,-14.32],[145.64,22.2],[220.771,-78.546]],"c":false}]},{"i":{"x":0.667,"y":1},"o":{"x":0.333,"y":0},"t":84,"s":[{"i":[[0,0],[-29.76,-14.881],[-29.312,16.217],[-12.184,6.84],[-35.68,-16.32],[-38.8,-6.24],[15.266,65.169]],"o":[[8.502,25.395],[29.76,14.881],[12.303,-6.757],[42.814,-24.033],[35.68,16.32],[66.08,10.64],[0,0]],"v":[[-253.987,-7.173],[-208.758,65.15],[-94.833,35.151],[-60.236,12.734],[72.134,-3.387],[152.574,39.861],[239.374,-67.504]],"c":false}]},{"t":108,"s":[{"i":[[0,0],[-22.32,-14.88],[-22.88,13.84],[-9.52,5.841],[-35.68,-16.32],[-38.8,-6.24],[-13.68,65.52]],"o":[[-4,26.48],[22.32,14.881],[9.6,-5.759],[33.44,-20.56],[35.68,16.32],[66.08,10.64],[0,0]],"v":[[-250.56,-56.12],[-219.68,13.56],[-143.52,15.24],[-116.32,-4.36],[-3.44,0.68],[104.64,46.2],[254.56,-56.84]],"c":false}]}],"ix":2},"nm":"Path 1","mn":"ADBE Vector Shape - Group","hd":false},{"ty":"st","c":{"a":0,"k":[0.20800000359,0.13300000359,0.043000000598,1],"ix":3},"o":{"a":0,"k":100,"ix":4},"w":{"a":0,"k":35.502,"ix":5},"lc":2,"lj":2,"bm":0,"nm":"Stroke 1","mn":"ADBE Vector Graphic - Stroke","hd":false},{"ty":"tr","p":{"a":0,"k":[380.435,167.515],"ix":2},"a":{"a":0,"k":[0,0],"ix":1},"s":{"a":0,"k":[100,100],"ix":3},"r":{"a":0,"k":0,"ix":6},"o":{"a":0,"k":100,"ix":7},"sk":{"a":0,"k":0,"ix":4},"sa":{"a":0,"k":0,"ix":5},"nm":"Transform"}],"nm":"Group 2","np":2,"cix":2,"bm":0,"ix":2,"mn":"ADBE Vector Group","hd":false},{"ty":"gr","it":[{"ind":0,"ty":"sh","ix":1,"ks":{"a":1,"k":[{"i":{"x":0.667,"y":1},"o":{"x":0.333,"y":0},"t":0,"s":[{"i":[[0,0],[22.8,-13.44]],"o":[[-25.84,-5.76],[0,0]],"v":[[38.32,-3.2],[-38.32,8.96]],"c":false}]},{"i":{"x":0.667,"y":1},"o":{"x":0.333,"y":0},"t":20,"s":[{"i":[[0,0],[22.8,-13.44]],"o":[[-25.84,-5.76],[0,0]],"v":[[38.32,-3.2],[-38.32,8.96]],"c":false}]},{"i":{"x":0.667,"y":1},"o":{"x":0.333,"y":0},"t":60,"s":[{"i":[[0,0],[14.174,-22.351]],"o":[[-25.627,6.644],[0,0]],"v":[[4.548,2.407],[-59.138,44.146]],"c":false}]},{"i":{"x":0.667,"y":1},"o":{"x":0.333,"y":0},"t":84,"s":[{"i":[[0,0],[14.174,-22.351]],"o":[[-25.627,6.644],[0,0]],"v":[[24.303,35.418],[-39.383,77.158]],"c":false}]},{"t":108,"s":[{"i":[[0,0],[22.8,-13.44]],"o":[[-25.84,-5.76],[0,0]],"v":[[38.32,-3.2],[-38.32,8.96]],"c":false}]}],"ix":2},"nm":"Path 1","mn":"ADBE Vector Shape - Group","hd":false},{"ty":"st","c":{"a":0,"k":[0.20800000359,0.13300000359,0.043000000598,1],"ix":3},"o":{"a":0,"k":100,"ix":4},"w":{"a":0,"k":35.502,"ix":5},"lc":2,"lj":2,"bm":0,"nm":"Stroke 1","mn":"ADBE Vector Graphic - Stroke","hd":false},{"ty":"tr","p":{"a":0,"k":[127.075,97.715],"ix":2},"a":{"a":0,"k":[0,0],"ix":1},"s":{"a":0,"k":[100,100],"ix":3},"r":{"a":0,"k":0,"ix":6},"o":{"a":0,"k":100,"ix":7},"sk":{"a":0,"k":0,"ix":4},"sa":{"a":0,"k":0,"ix":5},"nm":"Transform"}],"nm":"Group 3","np":2,"cix":2,"bm":0,"ix":3,"mn":"ADBE Vector Group","hd":false}],"ip":0,"op":108,"st":0,"bm":0},{"ddd":0,"ind":4,"ty":4,"nm":"eyes ","parent":2,"sr":1,"ks":{"o":{"a":0,"k":100,"ix":11},"r":{"a":0,"k":0,"ix":10},"p":{"a":0,"k":[-19.77,-69.123,0],"ix":2,"l":2},"a":{"a":0,"k":[209.6,75.607,0],"ix":1,"l":2},"s":{"a":1,"k":[{"t":0,"s":[100,100,100],"h":1},{"t":84,"s":[100,100,100],"h":1}],"ix":6,"l":2}},"ao":0,"shapes":[{"ty":"gr","it":[{"ind":0,"ty":"sh","ix":1,"ks":{"a":1,"k":[{"i":{"x":0.667,"y":1},"o":{"x":0.333,"y":0},"t":32,"s":[{"i":[[4.48,6.64],[0,0],[11.76,-7.84],[-4.4,-6.72],[-11.76,7.84]],"o":[[0,0],[-4.4,-6.72],[-11.76,7.84],[4.4,6.72],[11.76,-7.84]],"v":[[1.28,-3.995],[1.28,-3.995],[-26,-4.235],[-36.4,21.045],[-9.12,21.285]],"c":true}]},{"i":{"x":0.667,"y":1},"o":{"x":0.333,"y":0},"t":38,"s":[{"i":[[4.48,6.64],[0,0],[11.76,-7.84],[-4.4,-6.72],[-11.76,7.84]],"o":[[0,0],[-4.4,-6.72],[-11.76,7.84],[4.4,6.72],[11.76,-7.84]],"v":[[1.28,-3.995],[1.28,-3.995],[-26,-4.235],[-36.4,21.045],[-9.12,21.285]],"c":true}]},{"i":{"x":0.667,"y":1},"o":{"x":0.333,"y":0},"t":56,"s":[{"i":[[4.48,6.64],[0,0],[11.76,-7.84],[-4.4,-6.72],[-11.76,7.84]],"o":[[0,0],[-4.4,-6.72],[-11.76,7.84],[4.4,6.72],[11.76,-7.84]],"v":[[-2.457,-27.666],[-2.457,-27.666],[-34.32,-32.83],[-40.137,-2.626],[-9.257,3.554]],"c":true}]},{"i":{"x":0.667,"y":1},"o":{"x":0.333,"y":0},"t":74,"s":[{"i":[[4.48,6.64],[0,0],[11.76,-7.84],[-4.4,-6.72],[-11.76,7.84]],"o":[[0,0],[-4.4,-6.72],[-11.76,7.84],[4.4,6.72],[11.76,-7.84]],"v":[[-2.457,-27.666],[-2.457,-27.666],[-34.32,-32.83],[-40.137,-2.626],[-9.257,3.554]],"c":true}]},{"i":{"x":0.667,"y":1},"o":{"x":0.333,"y":0},"t":84,"s":[{"i":[[4.48,6.64],[0,0],[11.76,-7.84],[-4.4,-6.72],[-11.76,7.84]],"o":[[0,0],[-4.4,-6.72],[-11.76,7.84],[4.4,6.72],[11.76,-7.84]],"v":[[-6.861,-47.911],[-6.861,-47.911],[-38.724,-53.075],[-44.541,-22.871],[-13.661,-16.691]],"c":true}]},{"i":{"x":0.667,"y":1},"o":{"x":0.333,"y":0},"t":92,"s":[{"i":[[4.48,6.64],[0,0],[11.76,-7.84],[-4.4,-6.72],[-11.76,7.84]],"o":[[0,0],[-4.4,-6.72],[-11.76,7.84],[4.4,6.72],[11.76,-7.84]],"v":[[-6.861,-47.911],[-6.861,-47.911],[-38.884,-56.071],[-44.541,-22.871],[-13.002,-13.721]],"c":true}]},{"t":106,"s":[{"i":[[4.48,6.64],[0,0],[11.76,-7.84],[-4.4,-6.72],[-11.76,7.84]],"o":[[0,0],[-4.4,-6.72],[-11.76,7.84],[4.4,6.72],[11.76,-7.84]],"v":[[1.28,-3.995],[1.28,-3.995],[-26,-4.235],[-36.4,21.045],[-9.12,21.285]],"c":true}]}],"ix":2},"nm":"Path 1","mn":"ADBE Vector Shape - Group","hd":false},{"ty":"fl","c":{"a":0,"k":[0.536999990426,0.375999989229,0.141000007181,1],"ix":4},"o":{"a":0,"k":100,"ix":5},"r":1,"bm":0,"nm":"Fill 1","mn":"ADBE Vector Graphic - Fill","hd":false},{"ty":"tr","p":{"a":0,"k":[76.97,67.41],"ix":2},"a":{"a":0,"k":[0,0],"ix":1},"s":{"a":0,"k":[100,100],"ix":3},"r":{"a":0,"k":0,"ix":6},"o":{"a":0,"k":100,"ix":7},"sk":{"a":0,"k":0,"ix":4},"sa":{"a":0,"k":0,"ix":5},"nm":"Transform"}],"nm":"Group 1","np":2,"cix":2,"bm":0,"ix":1,"mn":"ADBE Vector Group","hd":false},{"ty":"gr","it":[{"ind":0,"ty":"sh","ix":1,"ks":{"a":1,"k":[{"i":{"x":0.667,"y":1},"o":{"x":0.333,"y":0},"t":32,"s":[{"i":[[0,0],[-3.2,-12.96],[-28.72,0],[0,48.64],[2.08,7.76],[15.6,-7.36]],"o":[[-12.08,5.76],[8.32,34.4],[34.72,0],[0,-9.28],[-4.48,-16.64],[0,0]],"v":[[-48.08,-22.4],[-63.36,9.76],[0.24,64.16],[66.56,-13.84],[63.28,-39.52],[24.16,-56.8]],"c":true}]},{"i":{"x":0.667,"y":1},"o":{"x":0.333,"y":0},"t":38,"s":[{"i":[[0,0],[-3.2,-12.96],[-28.72,0],[0,48.64],[2.08,7.76],[15.6,-7.36]],"o":[[-12.08,5.76],[8.32,34.4],[34.72,0],[0,-9.28],[-4.48,-16.64],[0,0]],"v":[[-48.08,-22.4],[-63.36,9.76],[0.24,64.16],[66.56,-13.84],[63.28,-39.52],[24.16,-56.8]],"c":true}]},{"i":{"x":0.667,"y":1},"o":{"x":0.333,"y":0},"t":56,"s":[{"i":[[8.094,-25.796],[-3.2,-12.96],[-28.72,0],[0.125,53.146],[6.234,8.074],[28.604,1.104]],"o":[[-3.648,11.626],[8.32,34.4],[34.72,0],[-0.046,-19.606],[-6.257,-8.104],[-36.169,-1.396]],"v":[[-60.33,-35.15],[-62.298,11.635],[-0.01,65.66],[63.06,-12.34],[48.842,-57.333],[1.16,-83.3]],"c":true}]},{"i":{"x":0.667,"y":1},"o":{"x":0.333,"y":0},"t":74,"s":[{"i":[[8.094,-25.796],[-3.2,-12.96],[-28.72,0],[0.125,53.146],[6.234,8.074],[28.604,1.104]],"o":[[-3.648,11.626],[8.32,34.4],[34.72,0],[-0.046,-19.606],[-6.257,-8.104],[-36.169,-1.396]],"v":[[-60.33,-35.15],[-62.298,11.635],[-0.01,65.66],[63.06,-12.34],[48.842,-57.333],[1.16,-83.3]],"c":true}]},{"i":{"x":0.667,"y":1},"o":{"x":0.333,"y":0},"t":84,"s":[{"i":[[7.383,-29.903],[-3.555,-14.851],[-28.712,0.685],[1.585,61.209],[6.454,9.151],[28.626,0.59]],"o":[[-3.328,13.478],[9.263,39.422],[34.71,-0.828],[-0.585,-22.58],[-6.478,-9.185],[-36.197,-0.746]],"v":[[-63.015,-48.965],[-63.697,4.967],[0.057,65.706],[60.967,-25.636],[45.517,-77.117],[-2.865,-105.889]],"c":true}]},{"i":{"x":0.667,"y":1},"o":{"x":0.333,"y":0},"t":92,"s":[{"i":[[7.383,-29.903],[-3.555,-14.851],[-28.712,0.685],[1.585,61.209],[6.454,9.151],[28.626,0.59]],"o":[[-3.328,13.478],[9.263,39.422],[34.71,-0.828],[-0.585,-22.58],[-6.478,-9.185],[-36.197,-0.746]],"v":[[-63.015,-48.965],[-63.697,4.967],[0.057,65.705],[60.967,-25.636],[45.517,-77.117],[-2.865,-105.889]],"c":true}]},{"t":106,"s":[{"i":[[0,0],[-3.2,-12.96],[-28.72,0],[0,48.64],[2.08,7.76],[15.6,-7.36]],"o":[[-12.08,5.76],[8.32,34.4],[34.72,0],[0,-9.28],[-4.48,-16.64],[0,0]],"v":[[-48.08,-22.4],[-63.36,9.76],[0.24,64.16],[66.56,-13.84],[63.28,-39.52],[24.16,-56.8]],"c":true}]}],"ix":2},"nm":"Path 1","mn":"ADBE Vector Shape - Group","hd":false},{"ty":"fl","c":{"a":0,"k":[0.258999992819,0.169000004787,0.051000000449,1],"ix":4},"o":{"a":0,"k":100,"ix":5},"r":1,"bm":0,"nm":"Fill 1","mn":"ADBE Vector Graphic - Fill","hd":false},{"ty":"tr","p":{"a":0,"k":[66.81,84.25],"ix":2},"a":{"a":0,"k":[0,0],"ix":1},"s":{"a":0,"k":[100,100],"ix":3},"r":{"a":0,"k":0,"ix":6},"o":{"a":0,"k":100,"ix":7},"sk":{"a":0,"k":0,"ix":4},"sa":{"a":0,"k":0,"ix":5},"nm":"Transform"}],"nm":"Group 2","np":2,"cix":2,"bm":0,"ix":2,"mn":"ADBE Vector Group","hd":false},{"ty":"gr","it":[{"ind":0,"ty":"sh","ix":1,"ks":{"a":1,"k":[{"i":{"x":0.667,"y":1},"o":{"x":0.333,"y":0},"t":20,"s":[{"i":[[8.24,5.76],[0,0],[8,-11.52],[-8.24,-5.76],[-8,11.52]],"o":[[0,0],[-8.24,-5.76],[-8,11.6],[8.24,5.76],[8.08,-11.6]],"v":[[12.84,-18.56],[12.84,-18.56],[-15.8,-10.96],[-12.92,18.56],[15.72,10.96]],"c":true}]},{"i":{"x":0,"y":1},"o":{"x":0.333,"y":0},"t":44,"s":[{"i":[[8.24,5.76],[0,0],[4.69,-5.94],[-8.24,-5.76],[-6.71,8.02]],"o":[[0,0],[-8.24,-5.76],[-4.69,5.94],[8.24,5.76],[5.845,-6.986]],"v":[[14.59,3.19],[14.59,3.19],[-10.8,3.54],[-3.92,27.06],[24.22,27.46]],"c":true}]},{"i":{"x":0.667,"y":1},"o":{"x":1,"y":0},"t":66,"s":[{"i":[[8.24,5.76],[0,0],[4.69,-5.94],[-8.24,-5.76],[-6.71,8.02]],"o":[[0,0],[-8.24,-5.76],[-4.69,5.94],[8.24,5.76],[5.845,-6.986]],"v":[[14.59,3.19],[14.59,3.19],[-10.8,3.54],[-3.92,27.06],[24.22,27.46]],"c":true}]},{"i":{"x":0.667,"y":1},"o":{"x":0.333,"y":0},"t":74,"s":[{"i":[[8.24,5.76],[0,0],[4.69,-5.94],[-8.24,-5.76],[-6.71,8.02]],"o":[[0,0],[-8.24,-5.76],[-4.69,5.94],[8.24,5.76],[5.845,-6.986]],"v":[[14.59,3.19],[14.59,3.19],[-10.8,3.54],[-3.92,27.06],[24.22,27.46]],"c":true}]},{"i":{"x":0.667,"y":1},"o":{"x":0.333,"y":0},"t":84,"s":[{"i":[[8.353,6.525],[0,0],[7.771,-13.469],[-8.353,-6.525],[-7.789,13.459]],"o":[[0,0],[-8.353,-6.525],[-7.769,13.562],[8.353,6.525],[7.849,-13.563]],"v":[[12.974,-36.784],[12.974,-36.784],[-15.511,-27.499],[-12.047,6.616],[16.438,-2.669]],"c":true}]},{"i":{"x":0.667,"y":1},"o":{"x":0.333,"y":0},"t":92,"s":[{"i":[[8.353,6.525],[0,0],[7.771,-13.469],[-8.353,-6.525],[-7.789,13.459]],"o":[[0,0],[-8.353,-6.525],[-7.769,13.562],[8.353,6.525],[7.849,-13.563]],"v":[[12.974,-36.784],[12.974,-36.784],[-15.511,-27.499],[-12.047,6.616],[16.438,-2.669]],"c":true}]},{"t":106,"s":[{"i":[[8.24,5.76],[0,0],[8,-11.52],[-8.24,-5.76],[-8,11.52]],"o":[[0,0],[-8.24,-5.76],[-8,11.6],[8.24,5.76],[8.08,-11.6]],"v":[[12.84,-18.56],[12.84,-18.56],[-15.8,-10.96],[-12.92,18.56],[15.72,10.96]],"c":true}]}],"ix":2},"nm":"Path 1","mn":"ADBE Vector Shape - Group","hd":false},{"ty":"fl","c":{"a":0,"k":[0.536999990426,0.375999989229,0.141000007181,1],"ix":4},"o":{"a":0,"k":100,"ix":5},"r":1,"bm":0,"nm":"Fill 1","mn":"ADBE Vector Graphic - Fill","hd":false},{"ty":"tr","p":{"a":0,"k":[336.61,50.25],"ix":2},"a":{"a":0,"k":[0,0],"ix":1},"s":{"a":0,"k":[100,100],"ix":3},"r":{"a":0,"k":0,"ix":6},"o":{"a":0,"k":100,"ix":7},"sk":{"a":0,"k":0,"ix":4},"sa":{"a":0,"k":0,"ix":5},"nm":"Transform"}],"nm":"Group 3","np":2,"cix":2,"bm":0,"ix":3,"mn":"ADBE Vector Group","hd":false},{"ty":"gr","it":[{"ind":0,"ty":"sh","ix":1,"ks":{"a":1,"k":[{"i":{"x":0.667,"y":1},"o":{"x":0.333,"y":0},"t":20,"s":[{"i":[[21.691,-0.311],[12.035,-15.654],[0,-21.065],[-33.52,0],[0,47.04],[7.728,12.308]],"o":[[-18.224,0.261],[-9.76,12.695],[0,47.04],[33.52,0],[0,-18.932],[-11.474,-18.275]],"v":[[0,-75.36],[-48.127,-51.071],[-64,0],[0,75.36],[64,0],[51.785,-47.224]],"c":true}]},{"i":{"x":0,"y":1},"o":{"x":0.333,"y":0},"t":44,"s":[{"i":[[20.048,9.206],[7.855,-11.424],[0,-18.871],[-33.52,0],[-4.2,33.12],[12.402,6.999]],"o":[[-12.519,-5.748],[-8.29,12.057],[0,47.04],[33.52,0],[2.509,-19.782],[-16.854,-9.511]],"v":[[-17,-46.86],[-51.055,-46.956],[-64,0],[0,75.36],[63,12],[43.366,-17.997]],"c":true}]},{"i":{"x":0.667,"y":1},"o":{"x":1,"y":0},"t":66,"s":[{"i":[[20.048,9.206],[7.855,-11.424],[0,-18.871],[-33.52,0],[-4.2,33.12],[12.402,6.999]],"o":[[-12.519,-5.748],[-8.29,12.057],[0,47.04],[33.52,0],[2.509,-19.782],[-16.854,-9.511]],"v":[[-17,-46.86],[-51.055,-46.956],[-64,0],[0,75.36],[63,12],[43.366,-17.997]],"c":true}]},{"i":{"x":0.667,"y":1},"o":{"x":0.333,"y":0},"t":74,"s":[{"i":[[20.048,9.206],[7.855,-11.424],[0,-18.871],[-33.52,0],[-4.2,33.12],[12.402,6.999]],"o":[[-12.519,-5.748],[-8.29,12.057],[0,47.04],[33.52,0],[2.509,-19.782],[-16.854,-9.511]],"v":[[-17,-46.86],[-51.055,-46.956],[-64,0],[0,75.36],[63,12],[43.366,-17.997]],"c":true}]},{"i":{"x":0.667,"y":1},"o":{"x":0.333,"y":0},"t":84,"s":[{"i":[[21.681,-0.73],[11.724,-18.322],[-0.417,-24.379],[-33.515,0.573],[0.931,54.44],[7.971,14.112]],"o":[[-18.217,0.614],[-9.508,14.859],[0.931,54.44],[33.515,-0.573],[-0.375,-21.91],[-11.834,-20.953]],"v":[[-0.488,-98.583],[-48.128,-69.65],[-62.988,-10.274],[2.495,75.847],[64.994,-12.462],[51.846,-66.906]],"c":true}]},{"i":{"x":0.667,"y":1},"o":{"x":0.333,"y":0},"t":92,"s":[{"i":[[21.681,-0.73],[11.724,-18.322],[-0.417,-24.379],[-33.515,0.573],[0.931,54.44],[7.971,14.112]],"o":[[-18.217,0.614],[-9.508,14.859],[0.931,54.44],[33.515,-0.573],[-0.375,-21.91],[-11.834,-20.953]],"v":[[-0.488,-98.583],[-48.128,-69.65],[-62.988,-10.274],[2.495,75.847],[64.994,-12.462],[51.846,-66.906]],"c":true}]},{"t":106,"s":[{"i":[[21.691,-0.311],[12.035,-15.654],[0,-21.065],[-33.52,0],[0,47.04],[7.728,12.308]],"o":[[-18.224,0.261],[-9.76,12.695],[0,47.04],[33.52,0],[0,-18.932],[-11.474,-18.275]],"v":[[0,-75.36],[-48.127,-51.071],[-64,0],[0,75.36],[64,0],[51.785,-47.224]],"c":true}]}],"ix":2},"nm":"Path 1","mn":"ADBE Vector Shape - Group","hd":false},{"ty":"fl","c":{"a":0,"k":[0.258999992819,0.169000004787,0.051000000449,1],"ix":4},"o":{"a":0,"k":100,"ix":5},"r":1,"bm":0,"nm":"Fill 1","mn":"ADBE Vector Graphic - Fill","hd":false},{"ty":"tr","p":{"a":0,"k":[352.57,75.61],"ix":2},"a":{"a":0,"k":[0,0],"ix":1},"s":{"a":0,"k":[100,100],"ix":3},"r":{"a":0,"k":0,"ix":6},"o":{"a":0,"k":100,"ix":7},"sk":{"a":0,"k":0,"ix":4},"sa":{"a":0,"k":0,"ix":5},"nm":"Transform"}],"nm":"Group 4","np":2,"cix":2,"bm":0,"ix":4,"mn":"ADBE Vector Group","hd":false}],"ip":0,"op":108,"st":0,"bm":0},{"ddd":0,"ind":5,"ty":4,"nm":"eybrows ","parent":2,"sr":1,"ks":{"o":{"a":0,"k":100,"ix":11},"r":{"a":0,"k":0,"ix":10},"p":{"a":0,"k":[-4.12,-167.44,0],"ix":2,"l":2},"a":{"a":0,"k":[282.45,65.37,0],"ix":1,"l":2},"s":{"a":0,"k":[100,100,100],"ix":6,"l":2}},"ao":0,"shapes":[{"ty":"gr","it":[{"ind":0,"ty":"sh","ix":1,"ks":{"a":1,"k":[{"i":{"x":0.667,"y":1},"o":{"x":0.167,"y":0.167},"t":0,"s":[{"i":[[46.4,14.96],[-19.92,-1.92],[-14.24,-6.96],[-14.64,-36.32],[9.84,14.96]],"o":[[-16.88,-4.96],[14.56,1.6],[39.76,17.84],[7.12,18.72],[-24.16,-38.4]],"v":[[-63.16,-34.56],[-57.16,-63.2],[-12.44,-50.08],[72.92,37.84],[46.04,50.16]],"c":true}]},{"i":{"x":0.667,"y":1},"o":{"x":0.333,"y":0},"t":20,"s":[{"i":[[46.4,14.96],[-19.92,-1.92],[-14.24,-6.96],[-14.64,-36.32],[9.84,14.96]],"o":[[-16.88,-4.96],[14.56,1.6],[39.76,17.84],[7.12,18.72],[-24.16,-38.4]],"v":[[-62.741,-42.549],[-56.741,-71.189],[-12.021,-58.069],[73.339,29.851],[46.459,42.171]],"c":true}]},{"i":{"x":0.667,"y":1},"o":{"x":0.333,"y":0},"t":44,"s":[{"i":[[19.008,35.044],[-15.848,-12.22],[-23.27,-14.441],[-21.28,-5.347],[17.996,2.454]],"o":[[-8.088,-14.912],[11.479,9.098],[37.9,23.52],[23.015,5.782],[-63.156,-8.612]],"v":[[-101.048,-27.257],[-81.235,-47.32],[-33.44,-5.232],[40.445,25.505],[35.117,53.4]],"c":true}]},{"i":{"x":0.667,"y":1},"o":{"x":0.333,"y":0},"t":56,"s":[{"i":[[19.008,35.044],[-15.848,-12.22],[-23.27,-14.441],[-21.28,-5.347],[17.996,2.454]],"o":[[-8.088,-14.912],[11.479,9.098],[37.9,23.52],[23.015,5.782],[-63.156,-8.612]],"v":[[-111.048,-27.104],[-91.235,-47.167],[-43.44,-5.08],[30.445,25.658],[25.117,53.552]],"c":true}]},{"i":{"x":0.667,"y":1},"o":{"x":0.333,"y":0},"t":74,"s":[{"i":[[19.008,35.044],[-15.848,-12.22],[-23.27,-14.441],[-21.28,-5.347],[17.996,2.454]],"o":[[-8.088,-14.912],[11.479,9.098],[37.9,23.52],[23.015,5.782],[-63.156,-8.612]],"v":[[-111.048,-27.104],[-91.235,-47.167],[-43.44,-5.08],[30.445,25.658],[25.117,53.552]],"c":true}]},{"i":{"x":0.667,"y":1},"o":{"x":0.333,"y":0},"t":84,"s":[{"i":[[46.4,14.96],[-19.92,-1.92],[-14.24,-6.96],[-14.64,-36.32],[9.84,14.96]],"o":[[-16.88,-4.96],[14.56,1.6],[39.76,17.84],[7.12,18.72],[-24.16,-38.4]],"v":[[-78.701,-65.789],[-72.701,-94.429],[-27.981,-81.309],[61.162,11.92],[34.282,24.24]],"c":true}]},{"i":{"x":0.667,"y":1},"o":{"x":0.333,"y":0},"t":92,"s":[{"i":[[46.4,14.96],[-19.92,-1.92],[-14.24,-6.96],[-14.64,-36.32],[9.84,14.96]],"o":[[-16.88,-4.96],[14.56,1.6],[39.76,17.84],[7.12,18.72],[-24.16,-38.4]],"v":[[-78.701,-65.789],[-72.701,-94.429],[-27.981,-81.309],[61.162,11.92],[34.282,24.24]],"c":true}]},{"t":106,"s":[{"i":[[46.4,14.96],[-19.92,-1.92],[-14.24,-6.96],[-14.64,-36.32],[9.84,14.96]],"o":[[-16.88,-4.96],[14.56,1.6],[39.76,17.84],[7.12,18.72],[-24.16,-38.4]],"v":[[-63.16,-34.56],[-57.16,-63.2],[-12.44,-50.08],[72.92,37.84],[46.04,50.16]],"c":true}]}],"ix":2},"nm":"Path 1","mn":"ADBE Vector Shape - Group","hd":false},{"ty":"fl","c":{"a":0,"k":[0.258999992819,0.169000004787,0.051000000449,1],"ix":4},"o":{"a":0,"k":100,"ix":5},"r":1,"bm":0,"nm":"Fill 1","mn":"ADBE Vector Graphic - Fill","hd":false},{"ty":"tr","p":{"a":0,"k":[484.61,65.37],"ix":2},"a":{"a":0,"k":[0,0],"ix":1},"s":{"a":0,"k":[100,100],"ix":3},"r":{"a":0,"k":0,"ix":6},"o":{"a":0,"k":100,"ix":7},"sk":{"a":0,"k":0,"ix":4},"sa":{"a":0,"k":0,"ix":5},"nm":"Transform"}],"nm":"Group 1","np":2,"cix":2,"bm":0,"ix":1,"mn":"ADBE Vector Group","hd":false},{"ty":"gr","it":[{"ind":0,"ty":"sh","ix":1,"ks":{"a":1,"k":[{"i":{"x":0.667,"y":1},"o":{"x":0.167,"y":0.167},"t":0,"s":[{"i":[[-31.04,37.6],[9.12,-17.84],[11.76,-10.72],[39.2,-0.24],[-17.52,3.68]],"o":[[10.8,-13.92],[-6.88,12.96],[-31.2,30.48],[-20,-0.24],[44.56,-8.4]],"v":[[51.88,-43.04],[76.36,-26.88],[47.72,9.92],[-65.48,56.96],[-67.08,27.36]],"c":true}]},{"i":{"x":0.667,"y":1},"o":{"x":0.333,"y":0},"t":20,"s":[{"i":[[-31.04,37.6],[9.12,-17.84],[11.76,-10.72],[39.2,-0.24],[-17.52,3.68]],"o":[[10.8,-13.92],[-6.88,12.96],[-31.2,30.48],[-20,-0.24],[44.56,-8.4]],"v":[[59.32,-32.136],[83.799,-15.976],[55.16,20.824],[-58.04,67.864],[-59.641,38.264]],"c":true}]},{"i":{"x":0.667,"y":1},"o":{"x":0.333,"y":0},"t":30,"s":[{"i":[[-31.04,37.6],[9.12,-17.84],[11.76,-10.72],[39.2,-0.24],[-17.52,3.68]],"o":[[10.8,-13.92],[-6.88,12.96],[-31.2,30.48],[-20,-0.24],[44.56,-8.4]],"v":[[59.32,-32.136],[83.799,-15.976],[55.16,20.824],[-58.04,67.864],[-59.641,38.264]],"c":true}]},{"i":{"x":0.667,"y":1},"o":{"x":0.333,"y":0},"t":38,"s":[{"i":[[-31.04,37.6],[9.12,-17.84],[11.76,-10.72],[39.2,-0.24],[-17.52,3.68]],"o":[[10.8,-13.92],[-6.88,12.96],[-31.2,30.48],[-20,-0.24],[44.56,-8.4]],"v":[[51.88,-43.04],[76.36,-26.88],[47.72,9.92],[-65.48,56.96],[-67.08,27.36]],"c":true}]},{"i":{"x":0.833,"y":0.833},"o":{"x":0.333,"y":0},"t":56,"s":[{"i":[[-48.486,5.133],[19,-6.36],[22.766,-17.402],[18.013,-20.992],[-8.709,15.641]],"o":[[17.456,-2.384],[-13.984,4.442],[-29.88,22.84],[-13.295,14.944],[25.911,-48.293]],"v":[[20.532,-62.053],[26.708,-33.378],[-33.78,-3.08],[-84.173,51.252],[-107.571,33.052]],"c":true}]},{"i":{"x":0.667,"y":1},"o":{"x":0.167,"y":0.167},"t":74,"s":[{"i":[[-48.486,5.133],[19,-6.36],[22.766,-17.402],[18.013,-20.992],[-8.709,15.641]],"o":[[17.456,-2.384],[-13.984,4.442],[-29.88,22.84],[-13.295,14.944],[25.911,-48.293]],"v":[[20.532,-62.053],[26.708,-33.378],[-33.78,-3.08],[-84.173,51.252],[-107.571,33.052]],"c":true}]},{"i":{"x":0.667,"y":1},"o":{"x":0.333,"y":0},"t":84,"s":[{"i":[[-47.786,9.679],[18.316,-8.122],[21.025,-19.47],[12.12,-24.865],[-4.471,17.335]],"o":[[17.154,-4.019],[-13.504,5.74],[-27.595,25.554],[-9.084,17.82],[12.859,-53.275]],"v":[[5.527,-82.592],[14.378,-54.626],[-42.986,-18.764],[-88.389,52.187],[-115.629,40.495]],"c":true}]},{"i":{"x":0.667,"y":1},"o":{"x":0.333,"y":0},"t":92,"s":[{"i":[[-47.786,9.679],[18.316,-8.122],[21.025,-19.47],[12.12,-24.865],[-4.471,17.335]],"o":[[17.154,-4.019],[-13.504,5.74],[-27.595,25.554],[-9.084,17.82],[12.859,-53.275]],"v":[[5.527,-82.592],[14.378,-54.626],[-42.986,-18.764],[-88.389,52.187],[-115.629,40.495]],"c":true}]},{"t":106,"s":[{"i":[[-31.04,37.6],[9.12,-17.84],[11.76,-10.72],[39.2,-0.24],[-17.52,3.68]],"o":[[10.8,-13.92],[-6.88,12.96],[-31.2,30.48],[-20,-0.24],[44.56,-8.4]],"v":[[51.88,-43.04],[76.36,-26.88],[47.72,9.92],[-65.48,56.96],[-67.08,27.36]],"c":true}]}],"ix":2},"nm":"Path 1","mn":"ADBE Vector Shape - Group","hd":false},{"ty":"fl","c":{"a":0,"k":[0.258999992819,0.169000004787,0.051000000449,1],"ix":4},"o":{"a":0,"k":100,"ix":5},"r":1,"bm":0,"nm":"Fill 1","mn":"ADBE Vector Graphic - Fill","hd":false},{"ty":"tr","p":{"a":0,"k":[85.73,63.05],"ix":2},"a":{"a":0,"k":[0,0],"ix":1},"s":{"a":0,"k":[100,100],"ix":3},"r":{"a":0,"k":0,"ix":6},"o":{"a":0,"k":100,"ix":7},"sk":{"a":0,"k":0,"ix":4},"sa":{"a":0,"k":0,"ix":5},"nm":"Transform"}],"nm":"Group 2","np":2,"cix":2,"bm":0,"ix":2,"mn":"ADBE Vector Group","hd":false}],"ip":0,"op":108,"st":0,"bm":0},{"ddd":0,"ind":6,"ty":3,"nm":"Null blush","parent":2,"sr":1,"ks":{"o":{"a":0,"k":0,"ix":11},"r":{"a":0,"k":0,"ix":10},"p":{"a":0,"k":[0,0,0],"ix":2,"l":2},"a":{"a":0,"k":[0,0,0],"ix":1,"l":2},"s":{"a":0,"k":[100,100,100],"ix":6,"l":2}},"ao":0,"ip":0,"op":108,"st":0,"bm":0},{"ddd":0,"ind":7,"ty":4,"nm":"blush L","parent":6,"sr":1,"ks":{"o":{"a":0,"k":80,"ix":11},"r":{"a":0,"k":0,"ix":10},"p":{"a":0,"k":[-289.6,89.6,0],"ix":2,"l":2},"a":{"a":0,"k":[83.15,23.253,0],"ix":1,"l":2},"s":{"a":0,"k":[1064.286,950,100],"ix":6,"l":2}},"ao":0,"shapes":[{"ty":"gr","it":[{"ind":0,"ty":"sh","ix":1,"ks":{"a":0,"k":{"i":[[0,-9.113],[-9.665,0],[0,9.113],[9.665,0]],"o":[[0,9.113],[9.665,0],[0,-9.113],[-9.665,0]],"v":[[-12.5,0],[5,16.5],[22.5,0],[5,-16.5]],"c":true},"ix":2},"nm":"Path 2","mn":"ADBE Vector Shape - Group","hd":false},{"ty":"gf","o":{"a":0,"k":100,"ix":10},"r":1,"bm":0,"g":{"p":3,"k":{"a":0,"k":[0,0.929,0.467,0.439,0.95,0.929,0.467,0.439,1,0.929,0.467,0.439,0,1,0.344,0.75,0.5,0.5,0.66,0.25,1,0],"ix":9}},"s":{"a":0,"k":[4.5,0],"ix":5},"e":{"a":0,"k":[20,0],"ix":6},"t":2,"h":{"a":0,"k":0,"ix":7},"a":{"a":0,"k":0,"ix":8},"nm":"Gradient Fill 1","mn":"ADBE Vector Graphic - G-Fill","hd":false},{"ty":"tr","p":{"a":0,"k":[78.15,23.253],"ix":2},"a":{"a":0,"k":[0,0],"ix":1},"s":{"a":0,"k":[100,100],"ix":3},"r":{"a":0,"k":0,"ix":6},"o":{"a":0,"k":100,"ix":7},"sk":{"a":0,"k":0,"ix":4},"sa":{"a":0,"k":0,"ix":5},"nm":"Transform"}],"nm":"Group 3","np":2,"cix":2,"bm":0,"ix":1,"mn":"ADBE Vector Group","hd":false}],"ip":0,"op":108,"st":0,"bm":0},{"ddd":0,"ind":8,"ty":4,"nm":"blush R","parent":6,"sr":1,"ks":{"o":{"a":0,"k":80,"ix":11},"r":{"a":0,"k":0,"ix":10},"p":{"a":0,"k":[309.6,61.6,0],"ix":2,"l":2},"a":{"a":0,"k":[83.15,23.253,0],"ix":1,"l":2},"s":{"a":0,"k":[1064.286,950,100],"ix":6,"l":2}},"ao":0,"shapes":[{"ty":"gr","it":[{"ind":0,"ty":"sh","ix":1,"ks":{"a":0,"k":{"i":[[0,-9.113],[-9.665,0],[0,9.113],[9.665,0]],"o":[[0,9.113],[9.665,0],[0,-9.113],[-9.665,0]],"v":[[-12.5,0],[5,16.5],[22.5,0],[5,-16.5]],"c":true},"ix":2},"nm":"Path 2","mn":"ADBE Vector Shape - Group","hd":false},{"ty":"gf","o":{"a":0,"k":100,"ix":10},"r":1,"bm":0,"g":{"p":3,"k":{"a":0,"k":[0,0.929,0.467,0.439,0.95,0.929,0.467,0.439,1,0.929,0.467,0.439,0,1,0.344,0.75,0.5,0.5,0.66,0.25,1,0],"ix":9}},"s":{"a":0,"k":[4.5,0],"ix":5},"e":{"a":0,"k":[20,0],"ix":6},"t":2,"h":{"a":0,"k":0,"ix":7},"a":{"a":0,"k":0,"ix":8},"nm":"Gradient Fill 1","mn":"ADBE Vector Graphic - G-Fill","hd":false},{"ty":"tr","p":{"a":0,"k":[78.15,23.253],"ix":2},"a":{"a":0,"k":[0,0],"ix":1},"s":{"a":0,"k":[100,100],"ix":3},"r":{"a":0,"k":0,"ix":6},"o":{"a":0,"k":100,"ix":7},"sk":{"a":0,"k":0,"ix":4},"sa":{"a":0,"k":0,"ix":5},"nm":"Transform"}],"nm":"Group 3","np":2,"cix":2,"bm":0,"ix":1,"mn":"ADBE Vector Group","hd":false}],"ip":0,"op":108,"st":0,"bm":0},{"ddd":0,"ind":9,"ty":4,"nm":"base matte","parent":11,"td":1,"sr":1,"ks":{"o":{"a":0,"k":100,"ix":11},"r":{"a":0,"k":0,"ix":10},"p":{"a":0,"k":[-2,-3,0],"ix":2,"l":2},"a":{"a":0,"k":[0,0,0],"ix":1,"l":2},"s":{"a":0,"k":[100,100,100],"ix":6,"l":2}},"ao":0,"shapes":[{"ty":"gr","it":[{"ind":0,"ty":"sh","ix":1,"ks":{"a":0,"k":{"i":[[15.4,0],[0,38.4],[-27.9,0],[-10.6,-9.3],[0,-16.9],[11.5,-10.2]],"o":[[-27.9,0],[0,-38.4],[15.5,0],[11.5,10.2],[0,16.9],[-10.6,9.3]],"v":[[0,55.9],[-58,0],[0,-55.9],[40.4,-41.5],[58,0],[40.4,41.4]],"c":true},"ix":2},"nm":"Path 1","mn":"ADBE Vector Shape - Group","hd":false},{"ty":"gf","o":{"a":0,"k":100,"ix":10},"r":1,"bm":0,"g":{"p":5,"k":{"a":0,"k":[0.48,0.992,0.878,0.188,0.691,0.98,0.816,0.178,0.902,0.969,0.753,0.169,0.966,0.963,0.694,0.153,1,0.957,0.635,0.137],"ix":9}},"s":{"a":0,"k":[0,0],"ix":5},"e":{"a":0,"k":[56.225,0],"ix":6},"t":2,"h":{"a":0,"k":0,"ix":7},"a":{"a":0,"k":0,"ix":8},"nm":"Gradient Fill 1","mn":"ADBE Vector Graphic - G-Fill","hd":false},{"ty":"tr","p":{"a":0,"k":[0,0],"ix":2},"a":{"a":0,"k":[0,0],"ix":1},"s":{"a":0,"k":[100,100],"ix":3},"r":{"a":0,"k":0,"ix":6},"o":{"a":0,"k":100,"ix":7},"sk":{"a":0,"k":0,"ix":4},"sa":{"a":0,"k":0,"ix":5},"nm":"Transform"}],"nm":"Group 1","np":2,"cix":2,"bm":0,"ix":1,"mn":"ADBE Vector Group","hd":false}],"ip":0,"op":108,"st":0,"bm":0},{"ddd":0,"ind":10,"ty":4,"nm":"base shadow","parent":11,"tt":2,"sr":1,"ks":{"o":{"a":0,"k":100,"ix":11},"r":{"a":0,"k":0,"ix":10},"p":{"a":0,"k":[0,0,0],"ix":2,"l":2},"a":{"a":0,"k":[0,0,0],"ix":1,"l":2},"s":{"a":0,"k":[100,100,100],"ix":6,"l":2}},"ao":0,"shapes":[{"ty":"gr","it":[{"ind":0,"ty":"sh","ix":1,"ks":{"a":0,"k":{"i":[[15.4,0],[0,38.4],[-27.9,0],[-10.6,-9.3],[0,-16.9],[11.5,-10.2]],"o":[[-27.9,0],[0,-38.4],[15.5,0],[11.5,10.2],[0,16.9],[-10.6,9.3]],"v":[[0,55.9],[-58,0],[0,-55.9],[40.4,-41.5],[58,0],[40.4,41.4]],"c":true},"ix":2},"nm":"Path 1","mn":"ADBE Vector Shape - Group","hd":false},{"ty":"fl","c":{"a":0,"k":[0.921568627451,0.560784313725,0,1],"ix":4},"o":{"a":0,"k":100,"ix":5},"r":1,"bm":0,"nm":"Fill 1","mn":"ADBE Vector Graphic - Fill","hd":false},{"ty":"tr","p":{"a":0,"k":[0,0],"ix":2},"a":{"a":0,"k":[0,0],"ix":1},"s":{"a":0,"k":[100,100],"ix":3},"r":{"a":0,"k":0,"ix":6},"o":{"a":0,"k":100,"ix":7},"sk":{"a":0,"k":0,"ix":4},"sa":{"a":0,"k":0,"ix":5},"nm":"Transform"}],"nm":"Group 1","np":2,"cix":2,"bm":0,"ix":1,"mn":"ADBE Vector Group","hd":false}],"ip":0,"op":108,"st":0,"bm":0},{"ddd":0,"ind":11,"ty":4,"nm":"base normal","parent":1,"sr":1,"ks":{"o":{"a":0,"k":100,"ix":11},"r":{"a":0,"k":0,"ix":10},"p":{"a":0,"k":[-3,-9,0],"ix":2,"l":2},"a":{"a":0,"k":[0,0,0],"ix":1,"l":2},"s":{"a":0,"k":[800,800,100],"ix":6,"l":2}},"ao":0,"shapes":[{"ty":"gr","it":[{"ind":0,"ty":"sh","ix":1,"ks":{"a":0,"k":{"i":[[15.4,0],[0,38.4],[-27.9,0],[-10.6,-9.3],[0,-16.9],[11.5,-10.2]],"o":[[-27.9,0],[0,-38.4],[15.5,0],[11.5,10.2],[0,16.9],[-10.6,9.3]],"v":[[0,55.9],[-58,0],[0,-55.9],[40.4,-41.5],[58,0],[40.4,41.4]],"c":true},"ix":2},"nm":"Path 1","mn":"ADBE Vector Shape - Group","hd":false},{"ty":"gf","o":{"a":0,"k":100,"ix":10},"r":1,"bm":0,"g":{"p":5,"k":{"a":0,"k":[0.48,0.992,0.878,0.188,0.691,0.98,0.816,0.178,0.902,0.969,0.753,0.169,0.966,0.963,0.694,0.153,1,0.957,0.635,0.137],"ix":9}},"s":{"a":0,"k":[0,0],"ix":5},"e":{"a":0,"k":[56.225,0],"ix":6},"t":2,"h":{"a":0,"k":0,"ix":7},"a":{"a":0,"k":0,"ix":8},"nm":"Gradient Fill 1","mn":"ADBE Vector Graphic - G-Fill","hd":false},{"ty":"tr","p":{"a":0,"k":[0,0],"ix":2},"a":{"a":0,"k":[0,0],"ix":1},"s":{"a":0,"k":[100,100],"ix":3},"r":{"a":0,"k":0,"ix":6},"o":{"a":0,"k":100,"ix":7},"sk":{"a":0,"k":0,"ix":4},"sa":{"a":0,"k":0,"ix":5},"nm":"Transform"}],"nm":"Group 1","np":2,"cix":2,"bm":0,"ix":1,"mn":"ADBE Vector Group","hd":false}],"ip":0,"op":108,"st":0,"bm":0}],"markers":[{"tm":20,"cm":"rest","dr":0}]}