{"v":"5.8.1","fr":60,"ip":0,"op":162,"w":1024,"h":1024,"nm":"emoji_Face with thermometer","ddd":0,"assets":[],"layers":[{"ddd":0,"ind":1,"ty":3,"nm":"Null ALL","sr":1,"ks":{"o":{"a":0,"k":0,"ix":11},"r":{"a":0,"k":0,"ix":10},"p":{"a":1,"k":[{"i":{"x":0.667,"y":1},"o":{"x":0.333,"y":0},"t":6,"s":[510,502,0],"to":[-0.333,2.667,0],"ti":[-0.667,-2.667,0]},{"i":{"x":0.667,"y":1},"o":{"x":0.333,"y":0},"t":14,"s":[508,518,0],"to":[0.667,2.667,0],"ti":[-0.333,1.333,0]},{"i":{"x":0.667,"y":1},"o":{"x":0.333,"y":0},"t":22,"s":[514,518,0],"to":[0.333,-1.333,0],"ti":[0.667,1.333,0]},{"i":{"x":0.667,"y":0.667},"o":{"x":0.333,"y":0.333},"t":32,"s":[510,510,0],"to":[0,0,0],"ti":[0,0,0]},{"i":{"x":0.667,"y":1},"o":{"x":0.333,"y":0},"t":46,"s":[510,510,0],"to":[0,-2.667,0],"ti":[0,1.333,0]},{"i":{"x":0.667,"y":1},"o":{"x":0.167,"y":0},"t":66,"s":[510,494,0],"to":[0,-1.333,0],"ti":[0,-1.333,0]},{"t":78,"s":[510,502,0]}],"ix":2,"l":2},"a":{"a":0,"k":[0,0,0],"ix":1,"l":2},"s":{"a":0,"k":[100,100,100],"ix":6,"l":2}},"ao":0,"ip":0,"op":162,"st":0,"bm":0},{"ddd":0,"ind":2,"ty":1,"nm":"Null FACE","parent":1,"sr":1,"ks":{"o":{"a":0,"k":0,"ix":11},"r":{"a":0,"k":0,"ix":10},"p":{"a":1,"k":[{"i":{"x":0,"y":1},"o":{"x":1,"y":0},"t":6,"s":[0,0,0],"to":[0,0,0],"ti":[0,0,0]},{"i":{"x":0.258,"y":1},"o":{"x":0.69,"y":0},"t":14,"s":[-20,28,0],"to":[0,0,0],"ti":[0,0,0]},{"i":{"x":0.258,"y":1},"o":{"x":0.69,"y":0},"t":22,"s":[20,28,0],"to":[0,0,0],"ti":[0,0,0]},{"i":{"x":0.258,"y":0.258},"o":{"x":0.618,"y":0.618},"t":32,"s":[0,28,0],"to":[0,0,0],"ti":[0,0,0]},{"i":{"x":0.34,"y":1},"o":{"x":0.618,"y":0},"t":46,"s":[0,28,0],"to":[0,0,0],"ti":[0,0,0]},{"i":{"x":0.34,"y":1},"o":{"x":0.167,"y":0},"t":66,"s":[0,-6,0],"to":[0,0,0],"ti":[0,0,0]},{"i":{"x":0.34,"y":1},"o":{"x":0.167,"y":0},"t":78,"s":[0,4,0],"to":[0,0,0],"ti":[0,0,0]},{"t":88,"s":[0,0,0]}],"ix":2,"l":2},"a":{"a":0,"k":[0,0,0],"ix":1,"l":2},"s":{"a":0,"k":[100,100,100],"ix":6,"l":2}},"ao":0,"sw":100,"sh":100,"sc":"#ffffff","ip":0,"op":162,"st":0,"bm":0},{"ddd":0,"ind":3,"ty":4,"nm":"eyes closed","parent":2,"sr":1,"ks":{"o":{"a":0,"k":100,"ix":11},"r":{"a":0,"k":0,"ix":10},"p":{"a":0,"k":[2.847,-35.489,0],"ix":2,"l":2},"a":{"a":0,"k":[236.887,30.303,0],"ix":1,"l":2},"s":{"a":0,"k":[100,100,100],"ix":6,"l":2}},"ao":0,"shapes":[{"ty":"gr","it":[{"ind":0,"ty":"sh","ix":1,"ks":{"a":0,"k":{"i":[[0,0],[0,0],[44.434,16.714],[-16.912,-10.705],[-41.31,9.175],[-13.492,7.927],[3.463,7.308],[7.308,-3.463]],"o":[[0,0],[-44.916,15.408],[-16.911,-6.009],[36.557,21.289],[15.343,-2.975],[7.307,-3.463],[-3.463,-7.307],[0,0]],"v":[[73.228,-22.099],[73.228,-22.099],[-65.008,-24.045],[-79.103,2.053],[41.978,20.879],[85.562,4.385],[92.552,-15.118],[73.049,-22.11]],"c":false},"ix":2},"nm":"Path 1","mn":"ADBE Vector Shape - Group","hd":false},{"ty":"fl","c":{"a":0,"k":[0.258999992819,0.169000004787,0.051000000449,1],"ix":4},"o":{"a":0,"k":100,"ix":5},"r":1,"bm":0,"nm":"Fill 1","mn":"ADBE Vector Graphic - Fill","hd":false},{"ty":"tr","p":{"a":0,"k":[377.508,30.304],"ix":2},"a":{"a":0,"k":[0,0],"ix":1},"s":{"a":0,"k":[100,100],"ix":3},"r":{"a":0,"k":0,"ix":6},"o":{"a":0,"k":100,"ix":7},"sk":{"a":0,"k":0,"ix":4},"sa":{"a":0,"k":0,"ix":5},"nm":"Transform"}],"nm":"Group 1","np":2,"cix":2,"bm":0,"ix":1,"mn":"ADBE Vector Group","hd":false},{"ty":"gr","it":[{"ind":0,"ty":"sh","ix":1,"ks":{"a":0,"k":{"i":[[0,0],[0,0],[44.434,16.714],[-16.912,-10.705],[-41.311,9.175],[-13.492,7.927],[3.463,7.308],[7.308,-3.463]],"o":[[0,0],[-44.916,15.408],[-16.911,-6.009],[36.557,21.289],[15.342,-2.975],[7.307,-3.463],[-3.463,-7.307],[0,0]],"v":[[73.228,-22.099],[73.228,-22.099],[-65.008,-24.045],[-79.104,2.053],[41.978,20.879],[85.561,4.385],[92.552,-15.118],[73.048,-22.11]],"c":false},"ix":2},"nm":"Path 1","mn":"ADBE Vector Shape - Group","hd":false},{"ty":"fl","c":{"a":0,"k":[0.258999992819,0.169000004787,0.051000000449,1],"ix":4},"o":{"a":0,"k":100,"ix":5},"r":1,"bm":0,"nm":"Fill 1","mn":"ADBE Vector Graphic - Fill","hd":false},{"ty":"tr","p":{"a":0,"k":[96.266,30.304],"ix":2},"a":{"a":0,"k":[0,0],"ix":1},"s":{"a":0,"k":[100,100],"ix":3},"r":{"a":0,"k":0,"ix":6},"o":{"a":0,"k":100,"ix":7},"sk":{"a":0,"k":0,"ix":4},"sa":{"a":0,"k":0,"ix":5},"nm":"Transform"}],"nm":"Group 2","np":2,"cix":2,"bm":0,"ix":2,"mn":"ADBE Vector Group","hd":false}],"ip":14,"op":58,"st":14,"bm":0},{"ddd":0,"ind":4,"ty":4,"nm":"thermometer","parent":8,"sr":1,"ks":{"o":{"a":0,"k":100,"ix":11},"r":{"a":0,"k":0,"ix":10},"p":{"a":0,"k":[218.69,199.01,0],"ix":2,"l":2},"a":{"a":0,"k":[134.29,134.13,0],"ix":1,"l":2},"s":{"a":0,"k":[100,100,100],"ix":6,"l":2}},"ao":0,"shapes":[{"ty":"gr","it":[{"ind":0,"ty":"sh","ix":1,"ks":{"a":0,"k":{"i":[[0,0],[0,0],[-2.72,2.72],[-2.72,-2.72],[0,0]],"o":[[0,0],[-2.72,-2.72],[2.72,-2.72],[0,0],[0,0]],"v":[[7.08,17],[-14.28,-4.44],[-14.28,-14.28],[-4.44,-14.28],[17,7.16]],"c":true},"ix":2},"nm":"Path 1","mn":"ADBE Vector Shape - Group","hd":false},{"ty":"fl","c":{"a":0,"k":[0.250999989229,0.250999989229,0.250999989229,1],"ix":4},"o":{"a":0,"k":100,"ix":5},"r":1,"bm":0,"nm":"Fill 1","mn":"ADBE Vector Graphic - Fill","hd":false},{"ty":"tr","p":{"a":0,"k":[17.25,251.01],"ix":2},"a":{"a":0,"k":[0,0],"ix":1},"s":{"a":0,"k":[100,100],"ix":3},"r":{"a":0,"k":0,"ix":6},"o":{"a":0,"k":100,"ix":7},"sk":{"a":0,"k":0,"ix":4},"sa":{"a":0,"k":0,"ix":5},"nm":"Transform"}],"nm":"Group 1","np":2,"cix":2,"bm":0,"ix":1,"mn":"ADBE Vector Group","hd":false},{"ty":"gr","it":[{"ind":0,"ty":"sh","ix":1,"ks":{"a":0,"k":{"i":[[0,0],[0,0],[-2.72,2.72],[-2.72,-2.72],[0,0]],"o":[[0,0],[-2.72,-2.72],[2.72,-2.72],[0,0],[0,0]],"v":[[7.48,17.24],[-14.68,-4.68],[-14.68,-14.52],[-4.84,-14.52],[17.4,7.48]],"c":true},"ix":2},"nm":"Path 1","mn":"ADBE Vector Shape - Group","hd":false},{"ty":"fl","c":{"a":0,"k":[0.250999989229,0.250999989229,0.250999989229,1],"ix":4},"o":{"a":0,"k":100,"ix":5},"r":1,"bm":0,"nm":"Fill 1","mn":"ADBE Vector Graphic - Fill","hd":false},{"ty":"tr","p":{"a":0,"k":[95.57,173.33],"ix":2},"a":{"a":0,"k":[0,0],"ix":1},"s":{"a":0,"k":[100,100],"ix":3},"r":{"a":0,"k":0,"ix":6},"o":{"a":0,"k":100,"ix":7},"sk":{"a":0,"k":0,"ix":4},"sa":{"a":0,"k":0,"ix":5},"nm":"Transform"}],"nm":"Group 2","np":2,"cix":2,"bm":0,"ix":2,"mn":"ADBE Vector Group","hd":false},{"ty":"gr","it":[{"ind":0,"ty":"sh","ix":1,"ks":{"a":0,"k":{"i":[[0,0],[0,0],[-2.72,2.72],[-2.72,-2.72],[0,0]],"o":[[0,0],[-2.72,-2.72],[2.72,-2.72],[0,0],[0,0]],"v":[[7.24,17.32],[-14.44,-4.76],[-14.44,-14.6],[-4.6,-14.6],[17.16,7.56]],"c":true},"ix":2},"nm":"Path 1","mn":"ADBE Vector Shape - Group","hd":false},{"ty":"fl","c":{"a":0,"k":[0.250999989229,0.250999989229,0.250999989229,1],"ix":4},"o":{"a":0,"k":100,"ix":5},"r":1,"bm":0,"nm":"Fill 1","mn":"ADBE Vector Graphic - Fill","hd":false},{"ty":"tr","p":{"a":0,"k":[173.97,96.61],"ix":2},"a":{"a":0,"k":[0,0],"ix":1},"s":{"a":0,"k":[100,100],"ix":3},"r":{"a":0,"k":0,"ix":6},"o":{"a":0,"k":100,"ix":7},"sk":{"a":0,"k":0,"ix":4},"sa":{"a":0,"k":0,"ix":5},"nm":"Transform"}],"nm":"Group 3","np":2,"cix":2,"bm":0,"ix":3,"mn":"ADBE Vector Group","hd":false},{"ty":"gr","it":[{"ind":0,"ty":"sh","ix":1,"ks":{"a":0,"k":{"i":[[0,0],[0,0],[-2.72,2.72],[-2.72,-2.72],[0,0]],"o":[[0,0],[-2.72,-2.72],[2.72,-2.72],[0,0],[0,0]],"v":[[1.92,11.84],[-9.12,0.72],[-9.12,-9.12],[0.72,-9.12],[11.84,2.08]],"c":true},"ix":2},"nm":"Path 1","mn":"ADBE Vector Shape - Group","hd":false},{"ty":"fl","c":{"a":0,"k":[0.250999989229,0.250999989229,0.250999989229,1],"ix":4},"o":{"a":0,"k":100,"ix":5},"r":1,"bm":0,"nm":"Fill 1","mn":"ADBE Vector Graphic - Fill","hd":false},{"ty":"tr","p":{"a":0,"k":[59.29,219.77],"ix":2},"a":{"a":0,"k":[0,0],"ix":1},"s":{"a":0,"k":[100,100],"ix":3},"r":{"a":0,"k":0,"ix":6},"o":{"a":0,"k":100,"ix":7},"sk":{"a":0,"k":0,"ix":4},"sa":{"a":0,"k":0,"ix":5},"nm":"Transform"}],"nm":"Group 4","np":2,"cix":2,"bm":0,"ix":4,"mn":"ADBE Vector Group","hd":false},{"ty":"gr","it":[{"ind":0,"ty":"sh","ix":1,"ks":{"a":0,"k":{"i":[[0,0],[0,0],[-2.72,2.72],[-2.72,-2.72],[0,0]],"o":[[0,0],[-2.72,-2.72],[2.72,-2.72],[0,0],[0,0]],"v":[[2.36,12.08],[-9.56,0.48],[-9.56,-9.36],[0.28,-9.36],[12.28,2.32]],"c":true},"ix":2},"nm":"Path 1","mn":"ADBE Vector Shape - Group","hd":false},{"ty":"fl","c":{"a":0,"k":[0.250999989229,0.250999989229,0.250999989229,1],"ix":4},"o":{"a":0,"k":100,"ix":5},"r":1,"bm":0,"nm":"Fill 1","mn":"ADBE Vector Graphic - Fill","hd":false},{"ty":"tr","p":{"a":0,"k":[137.73,142.09],"ix":2},"a":{"a":0,"k":[0,0],"ix":1},"s":{"a":0,"k":[100,100],"ix":3},"r":{"a":0,"k":0,"ix":6},"o":{"a":0,"k":100,"ix":7},"sk":{"a":0,"k":0,"ix":4},"sa":{"a":0,"k":0,"ix":5},"nm":"Transform"}],"nm":"Group 5","np":2,"cix":2,"bm":0,"ix":5,"mn":"ADBE Vector Group","hd":false},{"ty":"gr","it":[{"ind":0,"ty":"sh","ix":1,"ks":{"a":0,"k":{"i":[[0,0],[0,0],[-2.64,2.72],[-2.72,-2.72],[0,0]],"o":[[0,0],[-2.64,-2.72],[2.72,-2.72],[0,0],[0,0]],"v":[[2.6,12.4],[-9.56,0.16],[-9.56,-9.68],[0.28,-9.68],[12.2,2.32]],"c":true},"ix":2},"nm":"Path 1","mn":"ADBE Vector Shape - Group","hd":false},{"ty":"fl","c":{"a":0,"k":[0.250999989229,0.250999989229,0.250999989229,1],"ix":4},"o":{"a":0,"k":100,"ix":5},"r":1,"bm":0,"nm":"Fill 1","mn":"ADBE Vector Graphic - Fill","hd":false},{"ty":"tr","p":{"a":0,"k":[215.57,64.49],"ix":2},"a":{"a":0,"k":[0,0],"ix":1},"s":{"a":0,"k":[100,100],"ix":3},"r":{"a":0,"k":0,"ix":6},"o":{"a":0,"k":100,"ix":7},"sk":{"a":0,"k":0,"ix":4},"sa":{"a":0,"k":0,"ix":5},"nm":"Transform"}],"nm":"Group 6","np":2,"cix":2,"bm":0,"ix":6,"mn":"ADBE Vector Group","hd":false},{"ty":"gr","it":[{"ind":0,"ty":"sh","ix":1,"ks":{"a":0,"k":{"i":[[0,0],[0,0],[-2.72,2.72],[-2.72,-2.72],[0,0]],"o":[[0,0],[-2.72,-2.72],[2.72,-2.72],[0,0],[0,0]],"v":[[7.56,17.24],[-14.44,-4.68],[-14.44,-14.52],[-4.6,-14.52],[17.16,7.24]],"c":true},"ix":2},"nm":"Path 1","mn":"ADBE Vector Shape - Group","hd":false},{"ty":"fl","c":{"a":0,"k":[0.250999989229,0.250999989229,0.250999989229,1],"ix":4},"o":{"a":0,"k":100,"ix":5},"r":1,"bm":0,"nm":"Fill 1","mn":"ADBE Vector Graphic - Fill","hd":false},{"ty":"tr","p":{"a":0,"k":[251.17,17.49],"ix":2},"a":{"a":0,"k":[0,0],"ix":1},"s":{"a":0,"k":[100,100],"ix":3},"r":{"a":0,"k":0,"ix":6},"o":{"a":0,"k":100,"ix":7},"sk":{"a":0,"k":0,"ix":4},"sa":{"a":0,"k":0,"ix":5},"nm":"Transform"}],"nm":"Group 7","np":2,"cix":2,"bm":0,"ix":7,"mn":"ADBE Vector Group","hd":false}],"ip":0,"op":162,"st":0,"bm":0},{"ddd":0,"ind":5,"ty":4,"nm":"mouth 3","parent":2,"td":1,"sr":1,"ks":{"o":{"a":0,"k":100,"ix":11},"r":{"a":0,"k":0,"ix":10},"p":{"a":0,"k":[10,151.75,0],"ix":2,"l":2},"a":{"a":0,"k":[214,46,0],"ix":1,"l":2},"s":{"a":0,"k":[100,100,100],"ix":6,"l":2}},"ao":0,"shapes":[{"ty":"gr","it":[{"ind":0,"ty":"sh","ix":1,"ks":{"a":0,"k":{"i":[[-10.895,-9.939],[6.96,-7.12],[6.88,2.88],[4.88,1.76],[0,0],[31.68,-0.08],[55.76,-18.88],[-21.04,11.12],[-64.64,-0.56],[-43.04,-13.92]],"o":[[7.04,6.96],[-5.2,5.36],[-3.36,-1.44],[-46.572,-16.929],[-31.28,-4.8],[-58.88,-1.28],[-17.68,6.24],[56.56,-31.28],[45.2,0],[38.72,13.47]],"v":[[924.4,-387.04],[206.64,38.4],[186.64,42.48],[174.24,37.6],[86.08,15.76],[-8.56,8.64],[-181.76,35.28],[-192.56,2.16],[-7.68,-44.8],[203.52,-359.76]],"c":true},"ix":2},"nm":"Path 1","mn":"ADBE Vector Shape - Group","hd":false},{"ty":"fl","c":{"a":0,"k":[0.258999992819,0.169000004787,0.051000000449,1],"ix":4},"o":{"a":0,"k":100,"ix":5},"r":1,"bm":0,"nm":"Fill 1","mn":"ADBE Vector Graphic - Fill","hd":false},{"ty":"tr","p":{"a":0,"k":[213.85,45.61],"ix":2},"a":{"a":0,"k":[0,0],"ix":1},"s":{"a":0,"k":[100,100],"ix":3},"r":{"a":0,"k":0,"ix":6},"o":{"a":0,"k":100,"ix":7},"sk":{"a":0,"k":0,"ix":4},"sa":{"a":0,"k":0,"ix":5},"nm":"Transform"}],"nm":"Group 1","np":2,"cix":2,"bm":0,"ix":1,"mn":"ADBE Vector Group","hd":false}],"ip":0,"op":162,"st":0,"bm":0},{"ddd":0,"ind":6,"ty":4,"nm":"thermometer","parent":8,"tt":1,"sr":1,"ks":{"o":{"a":0,"k":100,"ix":11},"r":{"a":0,"k":0,"ix":10},"p":{"a":0,"k":[147.45,232.89,0],"ix":2,"l":2},"a":{"a":0,"k":[129.29,115.77,0],"ix":1,"l":2},"s":{"a":0,"k":[100,100,100],"ix":6,"l":2}},"ao":0,"shapes":[{"ty":"gr","it":[{"ind":0,"ty":"sh","ix":1,"ks":{"a":1,"k":[{"i":{"x":0.452,"y":1},"o":{"x":0.333,"y":0},"t":12,"s":[{"i":[[0.08,0.08],[0,0],[10.08,-10.08],[0,0],[-18.4,-5.76],[0,0],[10.16,10.08]],"o":[[0,0],[-10.08,-10.08],[0,0],[18.96,3.44],[0,0],[10.08,-10.16],[-0.08,-0.08]],"v":[[118.56,-105.44],[118.56,-105.44],[82.08,-105.44],[-150.54,123.18],[-94.54,137.02],[118.96,-68.48],[118.88,-105.12]],"c":true}]},{"i":{"x":0.833,"y":1},"o":{"x":0.167,"y":0},"t":50,"s":[{"i":[[0.08,0.08],[0,0],[10.08,-10.08],[0,0],[-18.4,-5.76],[0,0],[10.16,10.08]],"o":[[0,0],[-10.08,-10.08],[0,0],[18.96,3.44],[0,0],[10.08,-10.16],[-0.08,-0.08]],"v":[[9.209,-0.332],[9.209,-0.332],[-27.271,-0.332],[-150.54,123.18],[-94.54,137.02],[9.609,36.628],[9.529,-0.012]],"c":true}]},{"i":{"x":0.381,"y":1},"o":{"x":0.639,"y":0},"t":54,"s":[{"i":[[0.08,0.08],[0,0],[10.08,-10.08],[0,0],[-18.4,-5.76],[0,0],[10.16,10.08]],"o":[[0,0],[-10.08,-10.08],[0,0],[18.96,3.44],[0,0],[10.08,-10.16],[-0.08,-0.08]],"v":[[9.209,-0.332],[9.209,-0.332],[-27.271,-0.332],[-150.54,123.18],[-94.54,137.02],[9.609,36.628],[9.529,-0.012]],"c":true}]},{"t":140,"s":[{"i":[[0.08,0.08],[0,0],[10.08,-10.08],[0,0],[-18.4,-5.76],[0,0],[10.16,10.08]],"o":[[0,0],[-10.08,-10.08],[0,0],[18.96,3.44],[0,0],[10.08,-10.16],[-0.08,-0.08]],"v":[[118.56,-105.44],[118.56,-105.44],[82.08,-105.44],[-150.54,123.18],[-94.54,137.02],[118.96,-68.48],[118.88,-105.12]],"c":true}]}],"ix":2},"nm":"Path 1","mn":"ADBE Vector Shape - Group","hd":false},{"ty":"fl","c":{"a":0,"k":[1,0,0,1],"ix":4},"o":{"a":0,"k":100,"ix":5},"r":1,"bm":0,"nm":"Fill 1","mn":"ADBE Vector Graphic - Fill","hd":false},{"ty":"tr","p":{"a":0,"k":[129.29,115.77],"ix":2},"a":{"a":0,"k":[0,0],"ix":1},"s":{"a":0,"k":[100,100],"ix":3},"r":{"a":0,"k":0,"ix":6},"o":{"a":0,"k":100,"ix":7},"sk":{"a":0,"k":0,"ix":4},"sa":{"a":0,"k":0,"ix":5},"nm":"Transform"}],"nm":"Group 1","np":2,"cix":2,"bm":0,"ix":1,"mn":"ADBE Vector Group","hd":false}],"ip":0,"op":162,"st":0,"bm":0},{"ddd":0,"ind":7,"ty":4,"nm":"mouth 2","parent":2,"td":1,"sr":1,"ks":{"o":{"a":0,"k":100,"ix":11},"r":{"a":0,"k":0,"ix":10},"p":{"a":0,"k":[10,151.75,0],"ix":2,"l":2},"a":{"a":0,"k":[214,46,0],"ix":1,"l":2},"s":{"a":0,"k":[100,100,100],"ix":6,"l":2}},"ao":0,"shapes":[{"ty":"gr","it":[{"ind":0,"ty":"sh","ix":1,"ks":{"a":0,"k":{"i":[[-10.895,-9.939],[6.96,-7.12],[6.88,2.88],[4.88,1.76],[0,0],[31.68,-0.08],[55.76,-18.88],[-21.04,11.12],[-64.64,-0.56],[-43.04,-13.92]],"o":[[7.04,6.96],[-5.2,5.36],[-3.36,-1.44],[-46.572,-16.929],[-31.28,-4.8],[-58.88,-1.28],[-17.68,6.24],[56.56,-31.28],[45.2,0],[38.72,13.47]],"v":[[924.4,-387.04],[206.64,38.4],[186.64,42.48],[174.24,37.6],[86.08,15.76],[-8.56,8.64],[-181.76,35.28],[-192.56,2.16],[-7.68,-44.8],[203.52,-359.76]],"c":true},"ix":2},"nm":"Path 1","mn":"ADBE Vector Shape - Group","hd":false},{"ty":"fl","c":{"a":0,"k":[0.258999992819,0.169000004787,0.051000000449,1],"ix":4},"o":{"a":0,"k":100,"ix":5},"r":1,"bm":0,"nm":"Fill 1","mn":"ADBE Vector Graphic - Fill","hd":false},{"ty":"tr","p":{"a":0,"k":[213.85,45.61],"ix":2},"a":{"a":0,"k":[0,0],"ix":1},"s":{"a":0,"k":[100,100],"ix":3},"r":{"a":0,"k":0,"ix":6},"o":{"a":0,"k":100,"ix":7},"sk":{"a":0,"k":0,"ix":4},"sa":{"a":0,"k":0,"ix":5},"nm":"Transform"}],"nm":"Group 1","np":2,"cix":2,"bm":0,"ix":1,"mn":"ADBE Vector Group","hd":false}],"ip":0,"op":162,"st":0,"bm":0},{"ddd":0,"ind":8,"ty":4,"nm":"thermometer","parent":2,"tt":1,"sr":1,"ks":{"o":{"a":0,"k":100,"ix":11},"r":{"a":1,"k":[{"i":{"x":[0.833],"y":[1]},"o":{"x":[0.167],"y":[0]},"t":6,"s":[0]},{"i":{"x":[0.667],"y":[1]},"o":{"x":[0.333],"y":[0]},"t":10,"s":[2]},{"i":{"x":[0.667],"y":[1]},"o":{"x":[0.333],"y":[0]},"t":16,"s":[-10]},{"i":{"x":[0.667],"y":[1]},"o":{"x":[0.333],"y":[0]},"t":24,"s":[2]},{"i":{"x":[0.667],"y":[1]},"o":{"x":[0.333],"y":[0]},"t":32,"s":[-6]},{"i":{"x":[0.667],"y":[1]},"o":{"x":[0.333],"y":[0]},"t":40,"s":[3]},{"i":{"x":[0.667],"y":[1]},"o":{"x":[0.333],"y":[0]},"t":48,"s":[-2]},{"i":{"x":[0.833],"y":[1]},"o":{"x":[0.167],"y":[0]},"t":56,"s":[1]},{"t":64,"s":[0]}],"ix":10},"p":{"a":0,"k":[151.72,171.32,0],"ix":2,"l":2},"a":{"a":0,"k":[55.33,336.77,0],"ix":1,"l":2},"s":{"a":0,"k":[100,100,100],"ix":6,"l":2}},"ao":0,"shapes":[{"ty":"gr","it":[{"ind":0,"ty":"sh","ix":1,"ks":{"a":0,"k":{"i":[[14.88,15.2],[0,0],[15.2,-15.2],[0,0],[0,0],[-28.56,-10.16],[0,0],[0,0],[0,0],[0,0]],"o":[[0,0],[-15.2,-15.2],[0,0],[0,0],[30,4.4],[0,0],[0,0],[0,0],[0,0],[14.88,-15.2]],"v":[[178.2,-161.32],[178.2,-161.32],[123.24,-161.32],[-153.64,115.16],[-207.08,169.68],[-119.08,191.52],[-77.32,148.68],[88.28,-14.84],[98.2,-23.64],[178.2,-106.68]],"c":true},"ix":2},"nm":"Path 1","mn":"ADBE Vector Shape - Group","hd":false},{"ty":"fl","c":{"a":0,"k":[0.902000038297,0.902000038297,0.902000038297,1],"ix":4},"o":{"a":0,"k":100,"ix":5},"r":1,"bm":0,"nm":"Fill 1","mn":"ADBE Vector Graphic - Fill","hd":false},{"ty":"tr","p":{"a":0,"k":[193.33,176.77],"ix":2},"a":{"a":0,"k":[0,0],"ix":1},"s":{"a":0,"k":[100,100],"ix":3},"r":{"a":0,"k":0,"ix":6},"o":{"a":0,"k":100,"ix":7},"sk":{"a":0,"k":0,"ix":4},"sa":{"a":0,"k":0,"ix":5},"nm":"Transform"}],"nm":"Group 1","np":2,"cix":2,"bm":0,"ix":1,"mn":"ADBE Vector Group","hd":false}],"ip":0,"op":162,"st":0,"bm":0},{"ddd":0,"ind":9,"ty":4,"nm":"eyesbrown","parent":2,"sr":1,"ks":{"o":{"a":0,"k":100,"ix":11},"r":{"a":0,"k":0,"ix":10},"p":{"a":0,"k":[1.72,-174.04,0],"ix":2,"l":2},"a":{"a":0,"k":[304.77,50.77,0],"ix":1,"l":2},"s":{"a":0,"k":[100,100,100],"ix":6,"l":2}},"ao":0,"shapes":[{"ty":"gr","it":[{"ind":0,"ty":"sh","ix":1,"ks":{"a":0,"k":{"i":[[0,0],[0.24,8.16],[-8.08,0.24],[-15.28,-3.28],[-25.28,-33.92],[13.2,12.08],[47.36,3.44]],"o":[[-8.08,0.32],[-0.32,-8.08],[15.52,-1.92],[41.6,7.76],[11.36,16.48],[-34.32,-32.8],[0,0]],"v":[[-72.72,-18.48],[-87.84,-32.64],[-73.76,-47.76],[-27.2,-45.76],[76.8,19.12],[53.6,37.6],[-72.72,-18.4]],"c":false},"ix":2},"nm":"Path 1","mn":"ADBE Vector Shape - Group","hd":false},{"ty":"fl","c":{"a":0,"k":[0.258999992819,0.169000004787,0.051000000449,1],"ix":4},"o":{"a":0,"k":100,"ix":5},"r":1,"bm":0,"nm":"Fill 1","mn":"ADBE Vector Graphic - Fill","hd":false},{"ty":"tr","p":{"a":0,"k":[521.13,51.61],"ix":2},"a":{"a":0,"k":[0,0],"ix":1},"s":{"a":0,"k":[100,100],"ix":3},"r":{"a":0,"k":0,"ix":6},"o":{"a":0,"k":100,"ix":7},"sk":{"a":0,"k":0,"ix":4},"sa":{"a":0,"k":0,"ix":5},"nm":"Transform"}],"nm":"Group 1","np":2,"cix":2,"bm":0,"ix":1,"mn":"ADBE Vector Group","hd":false},{"ty":"gr","it":[{"ind":0,"ty":"sh","ix":1,"ks":{"a":0,"k":{"i":[[0,0],[-0.32,8.08],[8.08,0.32],[15.28,-3.28],[25.28,-33.92],[-13.2,12.16],[-47.36,3.44]],"o":[[8.08,0.32],[0.32,-8.08],[-15.52,-2],[-41.6,7.76],[-11.36,16.48],[34.32,-32.8],[0,0]],"v":[[72.64,-18.4],[87.84,-32.48],[73.76,-47.68],[27.2,-45.76],[-76.8,19.04],[-53.6,37.52],[72.8,-18.48]],"c":false},"ix":2},"nm":"Path 1","mn":"ADBE Vector Shape - Group","hd":false},{"ty":"fl","c":{"a":0,"k":[0.258999992819,0.169000004787,0.051000000449,1],"ix":4},"o":{"a":0,"k":100,"ix":5},"r":1,"bm":0,"nm":"Fill 1","mn":"ADBE Vector Graphic - Fill","hd":false},{"ty":"tr","p":{"a":0,"k":[88.41,49.93],"ix":2},"a":{"a":0,"k":[0,0],"ix":1},"s":{"a":0,"k":[100,100],"ix":3},"r":{"a":0,"k":0,"ix":6},"o":{"a":0,"k":100,"ix":7},"sk":{"a":0,"k":0,"ix":4},"sa":{"a":0,"k":0,"ix":5},"nm":"Transform"}],"nm":"Group 2","np":2,"cix":2,"bm":0,"ix":2,"mn":"ADBE Vector Group","hd":false}],"ip":0,"op":162,"st":0,"bm":0},{"ddd":0,"ind":10,"ty":4,"nm":"mouth","parent":2,"sr":1,"ks":{"o":{"a":0,"k":100,"ix":11},"r":{"a":0,"k":0,"ix":10},"p":{"a":0,"k":[11,151,0],"ix":2,"l":2},"a":{"a":0,"k":[214,46,0],"ix":1,"l":2},"s":{"a":0,"k":[100,100,100],"ix":6,"l":2}},"ao":0,"shapes":[{"ty":"gr","it":[{"ind":0,"ty":"sh","ix":1,"ks":{"a":0,"k":{"i":[[-10.895,-9.939],[6.96,-7.12],[6.88,2.88],[4.88,1.76],[0,0],[31.68,-0.08],[55.76,-18.88],[-21.04,11.12],[-64.64,-0.56],[-43.04,-13.92]],"o":[[7.04,6.96],[-5.2,5.36],[-3.36,-1.44],[-46.572,-16.929],[-31.28,-4.8],[-58.88,-1.28],[-17.68,6.24],[56.56,-31.28],[45.2,0],[38.72,13.47]],"v":[[206.4,12.96],[206.64,38.4],[186.64,42.48],[174.24,37.6],[86.08,15.76],[-8.56,8.64],[-181.76,35.28],[-192.56,2.16],[-7.68,-44.8],[125.52,-23.76]],"c":true},"ix":2},"nm":"Path 1","mn":"ADBE Vector Shape - Group","hd":false},{"ty":"fl","c":{"a":0,"k":[0.258999992819,0.169000004787,0.051000000449,1],"ix":4},"o":{"a":0,"k":100,"ix":5},"r":1,"bm":0,"nm":"Fill 1","mn":"ADBE Vector Graphic - Fill","hd":false},{"ty":"tr","p":{"a":0,"k":[213.85,45.61],"ix":2},"a":{"a":0,"k":[0,0],"ix":1},"s":{"a":0,"k":[100,100],"ix":3},"r":{"a":0,"k":0,"ix":6},"o":{"a":0,"k":100,"ix":7},"sk":{"a":0,"k":0,"ix":4},"sa":{"a":0,"k":0,"ix":5},"nm":"Transform"}],"nm":"Group 1","np":2,"cix":2,"bm":0,"ix":1,"mn":"ADBE Vector Group","hd":false}],"ip":0,"op":162,"st":0,"bm":0},{"ddd":0,"ind":11,"ty":4,"nm":"eyes normal 2","parent":2,"sr":1,"ks":{"o":{"a":0,"k":100,"ix":11},"r":{"a":0,"k":0,"ix":10},"p":{"a":0,"k":[-4.201,-35.601,0],"ix":2,"l":2},"a":{"a":0,"k":[27.45,9.65,0],"ix":1,"l":2},"s":{"a":1,"k":[{"i":{"x":[0.667,0.667,0.667],"y":[1,1,1]},"o":{"x":[0.333,0.333,0.333],"y":[0,0,0]},"t":58,"s":[800,680,100]},{"i":{"x":[0.667,0.667,0.667],"y":[1,1,1]},"o":{"x":[0.333,0.333,0.333],"y":[0,0,0]},"t":62,"s":[800,837,100]},{"t":68,"s":[800,800,100]}],"ix":6,"l":2}},"ao":0,"shapes":[{"ty":"gr","it":[{"ind":0,"ty":"sh","ix":1,"ks":{"a":0,"k":{"i":[[0.899,0.8],[0,0],[0.7,-1.4],[-0.901,-0.9],[-0.701,1.4]],"o":[[0,0],[-1.4,-0.7],[-0.5,1.1],[1.399,0.7],[0.5,-1.1]],"v":[[1.601,-5.3],[1.601,-5.3],[-2.201,-4],[-1.6,-0.7],[2.201,-2]],"c":true},"ix":2},"nm":"Path 1","mn":"ADBE Vector Shape - Group","hd":false},{"ty":"fl","c":{"a":0,"k":[0.536999990426,0.375999989229,0.141000007181,1],"ix":4},"o":{"a":0,"k":100,"ix":5},"r":1,"bm":0,"nm":"Fill 1","mn":"ADBE Vector Graphic - Fill","hd":false},{"ty":"tr","p":{"a":0,"k":[44.65,6.55],"ix":2},"a":{"a":0,"k":[0,0],"ix":1},"s":{"a":0,"k":[100,100],"ix":3},"r":{"a":0,"k":0,"ix":6},"o":{"a":0,"k":100,"ix":7},"sk":{"a":0,"k":0,"ix":4},"sa":{"a":0,"k":0,"ix":5},"nm":"Transform"}],"nm":"Group 1","np":2,"cix":2,"bm":0,"ix":1,"mn":"ADBE Vector Group","hd":false},{"ty":"gr","it":[{"ind":0,"ty":"sh","ix":1,"ks":{"a":0,"k":{"i":[[4.2,0],[0,0],[0,-5.9],[-4.2,0],[0,5.9]],"o":[[0,0],[-4.2,0],[0,5.9],[4.2,0],[0,-5.9]],"v":[[0,-12.4],[0,-12.4],[-8,-3],[0,6.4],[8,-3]],"c":true},"ix":2},"nm":"Path 1","mn":"ADBE Vector Shape - Group","hd":false},{"ty":"fl","c":{"a":0,"k":[0.258999992819,0.169000004787,0.051000000449,1],"ix":4},"o":{"a":0,"k":100,"ix":5},"r":1,"bm":0,"nm":"Fill 1","mn":"ADBE Vector Graphic - Fill","hd":false},{"ty":"tr","p":{"a":0,"k":[46.65,9.65],"ix":2},"a":{"a":0,"k":[0,0],"ix":1},"s":{"a":0,"k":[100,100],"ix":3},"r":{"a":0,"k":0,"ix":6},"o":{"a":0,"k":100,"ix":7},"sk":{"a":0,"k":0,"ix":4},"sa":{"a":0,"k":0,"ix":5},"nm":"Transform"}],"nm":"Group 2","np":2,"cix":2,"bm":0,"ix":2,"mn":"ADBE Vector Group","hd":false},{"ty":"gr","it":[{"ind":0,"ty":"sh","ix":1,"ks":{"a":0,"k":{"i":[[0.9,0.8],[0,0],[0.7,-1.4],[-0.9,-0.9],[-0.7,1.4]],"o":[[0,0],[-1.4,-0.7],[-0.5,1.1],[1.4,0.7],[0.6,-1.1]],"v":[[1.55,-5.3],[1.55,-5.3],[-2.25,-4],[-1.65,-0.7],[2.15,-2]],"c":true},"ix":2},"nm":"Path 1","mn":"ADBE Vector Shape - Group","hd":false},{"ty":"fl","c":{"a":0,"k":[0.536999990426,0.375999989229,0.141000007181,1],"ix":4},"o":{"a":0,"k":100,"ix":5},"r":1,"bm":0,"nm":"Fill 1","mn":"ADBE Vector Graphic - Fill","hd":false},{"ty":"tr","p":{"a":0,"k":[6.3,6.55],"ix":2},"a":{"a":0,"k":[0,0],"ix":1},"s":{"a":0,"k":[100,100],"ix":3},"r":{"a":0,"k":0,"ix":6},"o":{"a":0,"k":100,"ix":7},"sk":{"a":0,"k":0,"ix":4},"sa":{"a":0,"k":0,"ix":5},"nm":"Transform"}],"nm":"Group 3","np":2,"cix":2,"bm":0,"ix":3,"mn":"ADBE Vector Group","hd":false},{"ty":"gr","it":[{"ind":0,"ty":"sh","ix":1,"ks":{"a":0,"k":{"i":[[4.2,0],[0,0],[0,-5.9],[-4.2,0],[0,5.9]],"o":[[0,0],[-4.2,0],[0,5.9],[4.2,0],[0,-5.9]],"v":[[0,-12.4],[0,-12.4],[-8,-3],[0,6.4],[8,-3]],"c":true},"ix":2},"nm":"Path 1","mn":"ADBE Vector Shape - Group","hd":false},{"ty":"fl","c":{"a":0,"k":[0.258999992819,0.169000004787,0.051000000449,1],"ix":4},"o":{"a":0,"k":100,"ix":5},"r":1,"bm":0,"nm":"Fill 1","mn":"ADBE Vector Graphic - Fill","hd":false},{"ty":"tr","p":{"a":0,"k":[8.25,9.65],"ix":2},"a":{"a":0,"k":[0,0],"ix":1},"s":{"a":0,"k":[100,100],"ix":3},"r":{"a":0,"k":0,"ix":6},"o":{"a":0,"k":100,"ix":7},"sk":{"a":0,"k":0,"ix":4},"sa":{"a":0,"k":0,"ix":5},"nm":"Transform"}],"nm":"Group 4","np":2,"cix":2,"bm":0,"ix":4,"mn":"ADBE Vector Group","hd":false}],"ip":58,"op":172,"st":10,"bm":0},{"ddd":0,"ind":12,"ty":4,"nm":"eyes normal","parent":2,"sr":1,"ks":{"o":{"a":0,"k":100,"ix":11},"r":{"a":0,"k":0,"ix":10},"p":{"a":0,"k":[-4.201,-35.601,0],"ix":2,"l":2},"a":{"a":0,"k":[27.45,9.65,0],"ix":1,"l":2},"s":{"a":1,"k":[{"i":{"x":[0.833,0.833,0.833],"y":[1,0.833,1]},"o":{"x":[0.333,0.333,0.333],"y":[0,0,0]},"t":8,"s":[800,800,100]},{"t":12,"s":[800,682,100]}],"ix":6,"l":2}},"ao":0,"shapes":[{"ty":"gr","it":[{"ind":0,"ty":"sh","ix":1,"ks":{"a":0,"k":{"i":[[0.899,0.8],[0,0],[0.7,-1.4],[-0.901,-0.9],[-0.701,1.4]],"o":[[0,0],[-1.4,-0.7],[-0.5,1.1],[1.399,0.7],[0.5,-1.1]],"v":[[1.601,-5.3],[1.601,-5.3],[-2.201,-4],[-1.6,-0.7],[2.201,-2]],"c":true},"ix":2},"nm":"Path 1","mn":"ADBE Vector Shape - Group","hd":false},{"ty":"fl","c":{"a":0,"k":[0.536999990426,0.375999989229,0.141000007181,1],"ix":4},"o":{"a":0,"k":100,"ix":5},"r":1,"bm":0,"nm":"Fill 1","mn":"ADBE Vector Graphic - Fill","hd":false},{"ty":"tr","p":{"a":0,"k":[44.65,6.55],"ix":2},"a":{"a":0,"k":[0,0],"ix":1},"s":{"a":0,"k":[100,100],"ix":3},"r":{"a":0,"k":0,"ix":6},"o":{"a":0,"k":100,"ix":7},"sk":{"a":0,"k":0,"ix":4},"sa":{"a":0,"k":0,"ix":5},"nm":"Transform"}],"nm":"Group 1","np":2,"cix":2,"bm":0,"ix":1,"mn":"ADBE Vector Group","hd":false},{"ty":"gr","it":[{"ind":0,"ty":"sh","ix":1,"ks":{"a":0,"k":{"i":[[4.2,0],[0,0],[0,-5.9],[-4.2,0],[0,5.9]],"o":[[0,0],[-4.2,0],[0,5.9],[4.2,0],[0,-5.9]],"v":[[0,-12.4],[0,-12.4],[-8,-3],[0,6.4],[8,-3]],"c":true},"ix":2},"nm":"Path 1","mn":"ADBE Vector Shape - Group","hd":false},{"ty":"fl","c":{"a":0,"k":[0.258999992819,0.169000004787,0.051000000449,1],"ix":4},"o":{"a":0,"k":100,"ix":5},"r":1,"bm":0,"nm":"Fill 1","mn":"ADBE Vector Graphic - Fill","hd":false},{"ty":"tr","p":{"a":0,"k":[46.65,9.65],"ix":2},"a":{"a":0,"k":[0,0],"ix":1},"s":{"a":0,"k":[100,100],"ix":3},"r":{"a":0,"k":0,"ix":6},"o":{"a":0,"k":100,"ix":7},"sk":{"a":0,"k":0,"ix":4},"sa":{"a":0,"k":0,"ix":5},"nm":"Transform"}],"nm":"Group 2","np":2,"cix":2,"bm":0,"ix":2,"mn":"ADBE Vector Group","hd":false},{"ty":"gr","it":[{"ind":0,"ty":"sh","ix":1,"ks":{"a":0,"k":{"i":[[0.9,0.8],[0,0],[0.7,-1.4],[-0.9,-0.9],[-0.7,1.4]],"o":[[0,0],[-1.4,-0.7],[-0.5,1.1],[1.4,0.7],[0.6,-1.1]],"v":[[1.55,-5.3],[1.55,-5.3],[-2.25,-4],[-1.65,-0.7],[2.15,-2]],"c":true},"ix":2},"nm":"Path 1","mn":"ADBE Vector Shape - Group","hd":false},{"ty":"fl","c":{"a":0,"k":[0.536999990426,0.375999989229,0.141000007181,1],"ix":4},"o":{"a":0,"k":100,"ix":5},"r":1,"bm":0,"nm":"Fill 1","mn":"ADBE Vector Graphic - Fill","hd":false},{"ty":"tr","p":{"a":0,"k":[6.3,6.55],"ix":2},"a":{"a":0,"k":[0,0],"ix":1},"s":{"a":0,"k":[100,100],"ix":3},"r":{"a":0,"k":0,"ix":6},"o":{"a":0,"k":100,"ix":7},"sk":{"a":0,"k":0,"ix":4},"sa":{"a":0,"k":0,"ix":5},"nm":"Transform"}],"nm":"Group 3","np":2,"cix":2,"bm":0,"ix":3,"mn":"ADBE Vector Group","hd":false},{"ty":"gr","it":[{"ind":0,"ty":"sh","ix":1,"ks":{"a":0,"k":{"i":[[4.2,0],[0,0],[0,-5.9],[-4.2,0],[0,5.9]],"o":[[0,0],[-4.2,0],[0,5.9],[4.2,0],[0,-5.9]],"v":[[0,-12.4],[0,-12.4],[-8,-3],[0,6.4],[8,-3]],"c":true},"ix":2},"nm":"Path 1","mn":"ADBE Vector Shape - Group","hd":false},{"ty":"fl","c":{"a":0,"k":[0.258999992819,0.169000004787,0.051000000449,1],"ix":4},"o":{"a":0,"k":100,"ix":5},"r":1,"bm":0,"nm":"Fill 1","mn":"ADBE Vector Graphic - Fill","hd":false},{"ty":"tr","p":{"a":0,"k":[8.25,9.65],"ix":2},"a":{"a":0,"k":[0,0],"ix":1},"s":{"a":0,"k":[100,100],"ix":3},"r":{"a":0,"k":0,"ix":6},"o":{"a":0,"k":100,"ix":7},"sk":{"a":0,"k":0,"ix":4},"sa":{"a":0,"k":0,"ix":5},"nm":"Transform"}],"nm":"Group 4","np":2,"cix":2,"bm":0,"ix":4,"mn":"ADBE Vector Group","hd":false}],"ip":0,"op":14,"st":0,"bm":0},{"ddd":0,"ind":13,"ty":4,"nm":"cheeks 2","parent":2,"sr":1,"ks":{"o":{"a":1,"k":[{"i":{"x":[0.579],"y":[0.832]},"o":{"x":[0.231],"y":[0]},"t":10,"s":[85]},{"i":{"x":[0.695],"y":[1]},"o":{"x":[0.277],"y":[-5.486]},"t":34,"s":[0]},{"i":{"x":[0.39],"y":[1]},"o":{"x":[0.333],"y":[0]},"t":48,"s":[0]},{"t":140,"s":[85]}],"ix":11},"r":{"a":0,"k":0,"ix":10},"p":{"a":0,"k":[298.44,85.8,0],"ix":2,"l":2},"a":{"a":0,"k":[544.61,103.37,0],"ix":1,"l":2},"s":{"a":0,"k":[132,132,100],"ix":6,"l":2}},"ao":0,"shapes":[{"ty":"gr","it":[{"ind":0,"ty":"sh","ix":1,"ks":{"a":0,"k":{"i":[[0,-52.533],[-57.305,0],[0,52.533],[57.305,0]],"o":[[0,52.533],[57.305,0],[0,-52.533],[-57.305,0]],"v":[[121.28,256.8],[225.04,351.92],[328.8,256.8],[225.04,161.68]],"c":true},"ix":2},"nm":"Path 2","mn":"ADBE Vector Shape - Group","hd":false},{"ty":"gf","o":{"a":0,"k":100,"ix":10},"r":1,"bm":0,"g":{"p":5,"k":{"a":0,"k":[0,0.929,0.467,0.439,0.26,0.929,0.467,0.439,0.52,0.929,0.467,0.439,0.76,0.929,0.467,0.439,1,0.929,0.467,0.439,0.095,1,0.547,0.5,1,0],"ix":9}},"s":{"a":0,"k":[221,257],"ix":5},"e":{"a":0,"k":[126.5,257],"ix":6},"t":2,"h":{"a":0,"k":0,"ix":7},"a":{"a":0,"k":0,"ix":8},"nm":"Gradient Fill 1","mn":"ADBE Vector Graphic - G-Fill","hd":false},{"ty":"tr","p":{"a":0,"k":[320.17,-161.43],"ix":2},"a":{"a":0,"k":[0,0],"ix":1},"s":{"a":0,"k":[100,100],"ix":3},"r":{"a":0,"k":0,"ix":6},"o":{"a":0,"k":100,"ix":7},"sk":{"a":0,"k":0,"ix":4},"sa":{"a":0,"k":0,"ix":5},"nm":"Transform"}],"nm":"Group 2","np":2,"cix":2,"bm":0,"ix":1,"mn":"ADBE Vector Group","hd":false}],"ip":0,"op":162,"st":0,"bm":0},{"ddd":0,"ind":14,"ty":4,"nm":"cheeks","parent":2,"sr":1,"ks":{"o":{"a":1,"k":[{"i":{"x":[0.579],"y":[0.832]},"o":{"x":[0.231],"y":[0]},"t":10,"s":[85]},{"i":{"x":[0.695],"y":[1]},"o":{"x":[0.277],"y":[-5.486]},"t":34,"s":[0]},{"i":{"x":[0.39],"y":[1]},"o":{"x":[0.333],"y":[0]},"t":48,"s":[0]},{"t":140,"s":[85]}],"ix":11},"r":{"a":0,"k":0,"ix":10},"p":{"a":0,"k":[-295.56,84.8,0],"ix":2,"l":2},"a":{"a":0,"k":[102.61,103.37,0],"ix":1,"l":2},"s":{"a":0,"k":[132,132,100],"ix":6,"l":2}},"ao":0,"shapes":[{"ty":"gr","it":[{"ind":0,"ty":"sh","ix":1,"ks":{"a":0,"k":{"i":[[0,-52.533],[-57.305,0],[0,52.533],[57.305,0]],"o":[[0,52.533],[57.305,0],[0,-52.533],[-57.305,0]],"v":[[-319.92,272.8],[-216.16,367.92],[-112.4,272.8],[-216.16,177.68]],"c":true},"ix":2},"nm":"Path 2","mn":"ADBE Vector Shape - Group","hd":false},{"ty":"gf","o":{"a":0,"k":100,"ix":10},"r":1,"bm":0,"g":{"p":5,"k":{"a":0,"k":[0,0.929,0.467,0.439,0.26,0.929,0.467,0.439,0.52,0.929,0.467,0.439,0.76,0.929,0.467,0.439,1,0.929,0.467,0.439,0.095,1,0.547,0.5,1,0],"ix":9}},"s":{"a":0,"k":[-216,273],"ix":5},"e":{"a":0,"k":[-117.5,273],"ix":6},"t":2,"h":{"a":0,"k":0,"ix":7},"a":{"a":0,"k":0,"ix":8},"nm":"Gradient Fill 1","mn":"ADBE Vector Graphic - G-Fill","hd":false},{"ty":"tr","p":{"a":0,"k":[320.17,-161.43],"ix":2},"a":{"a":0,"k":[0,0],"ix":1},"s":{"a":0,"k":[100,100],"ix":3},"r":{"a":0,"k":0,"ix":6},"o":{"a":0,"k":100,"ix":7},"sk":{"a":0,"k":0,"ix":4},"sa":{"a":0,"k":0,"ix":5},"nm":"Transform"}],"nm":"Group 1","np":2,"cix":2,"bm":0,"ix":1,"mn":"ADBE Vector Group","hd":false}],"ip":0,"op":162,"st":0,"bm":0},{"ddd":0,"ind":15,"ty":4,"nm":"base matte","parent":17,"td":1,"sr":1,"ks":{"o":{"a":0,"k":100,"ix":11},"r":{"a":0,"k":0,"ix":10},"p":{"a":0,"k":[-2,-3,0],"ix":2,"l":2},"a":{"a":0,"k":[0,0,0],"ix":1,"l":2},"s":{"a":0,"k":[100,100,100],"ix":6,"l":2}},"ao":0,"shapes":[{"ty":"gr","it":[{"ind":0,"ty":"sh","ix":1,"ks":{"a":0,"k":{"i":[[15.4,0],[0,38.4],[-27.9,0],[-10.6,-9.3],[0,-16.9],[11.5,-10.2]],"o":[[-27.9,0],[0,-38.4],[15.5,0],[11.5,10.2],[0,16.9],[-10.6,9.3]],"v":[[0,55.9],[-58,0],[0,-55.9],[40.4,-41.5],[58,0],[40.4,41.4]],"c":true},"ix":2},"nm":"Path 1","mn":"ADBE Vector Shape - Group","hd":false},{"ty":"gf","o":{"a":0,"k":100,"ix":10},"r":1,"bm":0,"g":{"p":5,"k":{"a":0,"k":[0.48,0.992,0.878,0.188,0.691,0.98,0.816,0.178,0.902,0.969,0.753,0.169,0.966,0.963,0.694,0.153,1,0.957,0.635,0.137],"ix":9}},"s":{"a":0,"k":[0,0],"ix":5},"e":{"a":0,"k":[56.225,0],"ix":6},"t":2,"h":{"a":0,"k":0,"ix":7},"a":{"a":0,"k":0,"ix":8},"nm":"Gradient Fill 1","mn":"ADBE Vector Graphic - G-Fill","hd":false},{"ty":"tr","p":{"a":0,"k":[0,0],"ix":2},"a":{"a":0,"k":[0,0],"ix":1},"s":{"a":0,"k":[100,100],"ix":3},"r":{"a":0,"k":0,"ix":6},"o":{"a":0,"k":100,"ix":7},"sk":{"a":0,"k":0,"ix":4},"sa":{"a":0,"k":0,"ix":5},"nm":"Transform"}],"nm":"Group 1","np":2,"cix":2,"bm":0,"ix":1,"mn":"ADBE Vector Group","hd":false}],"ip":0,"op":162,"st":0,"bm":0},{"ddd":0,"ind":16,"ty":4,"nm":"base shadow","parent":17,"tt":2,"sr":1,"ks":{"o":{"a":0,"k":100,"ix":11},"r":{"a":0,"k":0,"ix":10},"p":{"a":0,"k":[0,0,0],"ix":2,"l":2},"a":{"a":0,"k":[0,0,0],"ix":1,"l":2},"s":{"a":0,"k":[100,100,100],"ix":6,"l":2}},"ao":0,"shapes":[{"ty":"gr","it":[{"ind":0,"ty":"sh","ix":1,"ks":{"a":0,"k":{"i":[[15.4,0],[0,38.4],[-27.9,0],[-10.6,-9.3],[0,-16.9],[11.5,-10.2]],"o":[[-27.9,0],[0,-38.4],[15.5,0],[11.5,10.2],[0,16.9],[-10.6,9.3]],"v":[[0,55.9],[-58,0],[0,-55.9],[40.4,-41.5],[58,0],[40.4,41.4]],"c":true},"ix":2},"nm":"Path 1","mn":"ADBE Vector Shape - Group","hd":false},{"ty":"fl","c":{"a":0,"k":[0.921568627451,0.560784313725,0,1],"ix":4},"o":{"a":0,"k":100,"ix":5},"r":1,"bm":0,"nm":"Fill 1","mn":"ADBE Vector Graphic - Fill","hd":false},{"ty":"tr","p":{"a":0,"k":[0,0],"ix":2},"a":{"a":0,"k":[0,0],"ix":1},"s":{"a":0,"k":[100,100],"ix":3},"r":{"a":0,"k":0,"ix":6},"o":{"a":0,"k":100,"ix":7},"sk":{"a":0,"k":0,"ix":4},"sa":{"a":0,"k":0,"ix":5},"nm":"Transform"}],"nm":"Group 1","np":2,"cix":2,"bm":0,"ix":1,"mn":"ADBE Vector Group","hd":false}],"ip":0,"op":162,"st":0,"bm":0},{"ddd":0,"ind":17,"ty":4,"nm":"base normal","parent":1,"sr":1,"ks":{"o":{"a":0,"k":100,"ix":11},"r":{"a":0,"k":0,"ix":10},"p":{"a":0,"k":[-2,0,0],"ix":2,"l":2},"a":{"a":0,"k":[0,0,0],"ix":1,"l":2},"s":{"a":0,"k":[800,800,100],"ix":6,"l":2}},"ao":0,"shapes":[{"ty":"gr","it":[{"ind":0,"ty":"sh","ix":1,"ks":{"a":0,"k":{"i":[[15.4,0],[0,38.4],[-27.9,0],[-10.6,-9.3],[0,-16.9],[11.5,-10.2]],"o":[[-27.9,0],[0,-38.4],[15.5,0],[11.5,10.2],[0,16.9],[-10.6,9.3]],"v":[[0,55.9],[-58,0],[0,-55.9],[40.4,-41.5],[58,0],[40.4,41.4]],"c":true},"ix":2},"nm":"Path 1","mn":"ADBE Vector Shape - Group","hd":false},{"ty":"gf","o":{"a":0,"k":100,"ix":10},"r":1,"bm":0,"g":{"p":5,"k":{"a":0,"k":[0.48,0.992,0.878,0.188,0.691,0.98,0.816,0.178,0.902,0.969,0.753,0.169,0.966,0.963,0.694,0.153,1,0.957,0.635,0.137],"ix":9}},"s":{"a":0,"k":[0,0],"ix":5},"e":{"a":0,"k":[56.225,0],"ix":6},"t":2,"h":{"a":0,"k":0,"ix":7},"a":{"a":0,"k":0,"ix":8},"nm":"Gradient Fill 1","mn":"ADBE Vector Graphic - G-Fill","hd":false},{"ty":"tr","p":{"a":0,"k":[0,0],"ix":2},"a":{"a":0,"k":[0,0],"ix":1},"s":{"a":0,"k":[100,100],"ix":3},"r":{"a":0,"k":0,"ix":6},"o":{"a":0,"k":100,"ix":7},"sk":{"a":0,"k":0,"ix":4},"sa":{"a":0,"k":0,"ix":5},"nm":"Transform"}],"nm":"Group 1","np":2,"cix":2,"bm":0,"ix":1,"mn":"ADBE Vector Group","hd":false}],"ip":0,"op":162,"st":0,"bm":0}],"markers":[{"tm":154,"cm":"rest","dr":0}]}