{"v":"5.8.1","fr":60,"ip":0,"op":93,"w":1024,"h":1024,"nm":"emoji_Bowling","ddd":0,"assets":[],"layers":[{"ddd":0,"ind":1,"ty":4,"nm":"ball mask","td":1,"sr":1,"ks":{"o":{"a":0,"k":100,"ix":11},"r":{"a":0,"k":0,"ix":10},"p":{"a":1,"k":[{"i":{"x":0.833,"y":0.871},"o":{"x":0.167,"y":0.167},"t":31.199,"s":[-488.28,1309.2,0],"to":[0,0,0],"ti":[0,0,0]},{"i":{"x":0.833,"y":0.722},"o":{"x":0.167,"y":0.207},"t":48,"s":[355.72,721.2,0],"to":[0,0,0],"ti":[-533.333,-136.667,0]},{"t":73,"s":[1287.72,641.2,0]}],"ix":2,"l":2},"a":{"a":0,"k":[314.69,314.81,0],"ix":1,"l":2},"s":{"a":1,"k":[{"i":{"x":[0.833,0.833,0.833],"y":[0.907,0.907,0.917]},"o":{"x":[0.167,0.167,0.167],"y":[0.167,0.167,-0.082]},"t":31.199,"s":[205,205,100]},{"i":{"x":[0.833,0.833,0.833],"y":[0.833,0.833,0.713]},"o":{"x":[0.167,0.167,0.167],"y":[0.355,0.355,0.123]},"t":48,"s":[100,100,100]},{"t":73,"s":[59,59,100]}],"ix":6,"l":2}},"ao":0,"shapes":[{"ty":"gr","it":[{"ind":0,"ty":"sh","ix":1,"ks":{"a":0,"k":{"i":[[62.16,-45.52],[-66.48,-131.44],[-7.2,-9.68],[-106.4,115.84],[36.72,33.84],[10.88,5.2]],"o":[[-88.16,64.64],[5.2,10.32],[16,21.68],[113.76,-123.84],[-9.6,-8.8],[-121.52,-57.12]],"v":[[-131.52,-171.52],[-198.32,173.6],[-180.48,204.24],[151.04,144.88],[193.44,-185.68],[160.48,-203.6]],"c":true},"ix":2},"nm":"Path 1","mn":"ADBE Vector Shape - Group","hd":false},{"ty":"fl","c":{"a":0,"k":[0.368999974868,0.388000009574,0.404000016755,1],"ix":4},"o":{"a":0,"k":100,"ix":5},"r":1,"bm":0,"nm":"Fill 1","mn":"ADBE Vector Graphic - Fill","hd":false},{"ty":"tr","p":{"a":0,"k":[271.85,268.73],"ix":2},"a":{"a":0,"k":[0,0],"ix":1},"s":{"a":0,"k":[100,100],"ix":3},"r":{"a":0,"k":0,"ix":6},"o":{"a":0,"k":100,"ix":7},"sk":{"a":0,"k":0,"ix":4},"sa":{"a":0,"k":0,"ix":5},"nm":"Transform"}],"nm":"Group 1","np":2,"cix":2,"bm":0,"ix":1,"mn":"ADBE Vector Group","hd":false},{"ty":"gr","it":[{"ind":0,"ty":"sh","ix":1,"ks":{"a":0,"k":{"i":[[-91.12,-138.08],[-111.12,126.16],[138.4,85.199]],"o":[[91.36,138.479],[111.12,-126.16],[-134.72,-82.88]],"v":[[-223.32,164.12],[203.32,194.279],[150.6,-225.8]],"c":true},"ix":2},"nm":"Path 1","mn":"ADBE Vector Shape - Group","hd":false},{"ty":"fl","c":{"a":0,"k":[0.277999997606,0.298000021542,0.310000011968,1],"ix":4},"o":{"a":0,"k":100,"ix":5},"r":1,"bm":0,"nm":"Fill 1","mn":"ADBE Vector Graphic - Fill","hd":false},{"ty":"tr","p":{"a":0,"k":[314.69,308.93],"ix":2},"a":{"a":0,"k":[0,0],"ix":1},"s":{"a":0,"k":[100,100],"ix":3},"r":{"a":0,"k":0,"ix":6},"o":{"a":0,"k":100,"ix":7},"sk":{"a":0,"k":0,"ix":4},"sa":{"a":0,"k":0,"ix":5},"nm":"Transform"}],"nm":"Group 2","np":2,"cix":2,"bm":0,"ix":2,"mn":"ADBE Vector Group","hd":false}],"ip":19.2,"op":86.4,"st":0,"bm":0},{"ddd":0,"ind":2,"ty":4,"nm":"holes","parent":3,"tt":1,"sr":1,"ks":{"o":{"a":0,"k":100,"ix":11},"r":{"a":1,"k":[{"i":{"x":[0.833],"y":[0.833]},"o":{"x":[0.167],"y":[0.167]},"t":40.801,"s":[-75]},{"i":{"x":[0.833],"y":[0.833]},"o":{"x":[0.167],"y":[0.167]},"t":48,"s":[0]},{"i":{"x":[0.833],"y":[0.833]},"o":{"x":[0.167],"y":[0.167]},"t":60,"s":[61]},{"i":{"x":[0.833],"y":[0.833]},"o":{"x":[0.167],"y":[0.167]},"t":69.6,"s":[327]},{"t":73,"s":[351]}],"ix":10},"p":{"a":1,"k":[{"i":{"x":0.833,"y":0.833},"o":{"x":0.167,"y":0.167},"t":48,"s":[546.69,569.29,0],"to":[-7.52,-7.52,0],"ti":[7.52,7.52,0]},{"t":52.80078125,"s":[501.572,524.172,0]}],"ix":2,"l":2},"a":{"a":0,"k":[392.13,383.69,0],"ix":1,"l":2},"s":{"a":0,"k":[100,100,100],"ix":6,"l":2}},"ao":0,"shapes":[{"ty":"gr","it":[{"ind":0,"ty":"sh","ix":1,"ks":{"a":0,"k":{"i":[[24.4,-0.881],[0.48,-17.279],[-22.64,0.481],[-0.4,18.16]],"o":[[-23.92,0.88],[-0.48,17.28],[23.52,-0.479],[0.4,-18.159]],"v":[[-0.84,-34.4],[-35,0.639],[0.52,34.799],[35.08,0.639]],"c":true},"ix":2},"nm":"Path 1","mn":"ADBE Vector Shape - Group","hd":false},{"ty":"fl","c":{"a":0,"k":[0.097999999102,0.097999999102,0.097999999102,1],"ix":4},"o":{"a":0,"k":100,"ix":5},"r":1,"bm":0,"nm":"Fill 1","mn":"ADBE Vector Graphic - Fill","hd":false},{"ty":"tr","p":{"a":0,"k":[35.73,195.85],"ix":2},"a":{"a":0,"k":[0,0],"ix":1},"s":{"a":1,"k":[{"i":{"x":[0.833,0.833],"y":[0.833,0.833]},"o":{"x":[0.167,0.167],"y":[0.167,0.167]},"t":45.6,"s":[85,100]},{"i":{"x":[0.667,0.667],"y":[1,1]},"o":{"x":[0.167,0.167],"y":[0,0.167]},"t":48,"s":[100,100]},{"i":{"x":[0.833,0.833],"y":[1,1]},"o":{"x":[0.333,0.333],"y":[0,0]},"t":60,"s":[100,50]},{"i":{"x":[0.833,0.833],"y":[1,1]},"o":{"x":[0.167,0.167],"y":[0,0]},"t":68,"s":[100,50]},{"i":{"x":[0.833,0.833],"y":[1,1]},"o":{"x":[0.167,0.167],"y":[0,0]},"t":69,"s":[100,100]},{"t":70,"s":[56,100]}],"ix":3},"r":{"a":0,"k":0,"ix":6},"o":{"a":0,"k":100,"ix":7},"sk":{"a":0,"k":0,"ix":4},"sa":{"a":0,"k":0,"ix":5},"nm":"Transform"}],"nm":"Group 1","np":2,"cix":2,"bm":0,"ix":1,"mn":"ADBE Vector Group","hd":false},{"ty":"gr","it":[{"ind":0,"ty":"sh","ix":1,"ks":{"a":0,"k":{"i":[[23.04,-1.76],[0.88,-20],[-29.68,0.48],[2.88,21.52]],"o":[[-22.56,1.76],[-0.88,19.04],[26.64,-0.4],[-3.28,-24.56]],"v":[[-5.2,-37.92],[-39.76,-0.24],[1.04,39.2],[37.76,-2.72]],"c":true},"ix":2},"nm":"Path 1","mn":"ADBE Vector Shape - Group","hd":false},{"ty":"fl","c":{"a":0,"k":[0.097999999102,0.097999999102,0.097999999102,1],"ix":4},"o":{"a":0,"k":100,"ix":5},"r":1,"bm":0,"nm":"Fill 1","mn":"ADBE Vector Graphic - Fill","hd":false},{"ty":"tr","p":{"a":0,"k":[65.45,39.93],"ix":2},"a":{"a":0,"k":[0,0],"ix":1},"s":{"a":1,"k":[{"i":{"x":[0.833,0.833],"y":[0.833,0.833]},"o":{"x":[0.167,0.167],"y":[0.167,0.167]},"t":45.6,"s":[85,100]},{"i":{"x":[0.667,0.667],"y":[1,1]},"o":{"x":[0.167,0.167],"y":[0,0.167]},"t":48,"s":[100,100]},{"i":{"x":[0.833,0.833],"y":[1,1]},"o":{"x":[0.333,0.333],"y":[0,0]},"t":60,"s":[100,50]},{"i":{"x":[0.833,0.833],"y":[1,1]},"o":{"x":[0.167,0.167],"y":[0,0]},"t":68,"s":[100,50]},{"i":{"x":[0.833,0.833],"y":[1,1]},"o":{"x":[0.167,0.167],"y":[0,0]},"t":69,"s":[100,100]},{"i":{"x":[0.833,0.833],"y":[1,1]},"o":{"x":[0.167,0.167],"y":[0,0]},"t":70,"s":[59,100]},{"t":71,"s":[82,100]}],"ix":3},"r":{"a":0,"k":0,"ix":6},"o":{"a":0,"k":100,"ix":7},"sk":{"a":0,"k":0,"ix":4},"sa":{"a":0,"k":0,"ix":5},"nm":"Transform"}],"nm":"Group 2","np":2,"cix":2,"bm":0,"ix":2,"mn":"ADBE Vector Group","hd":false},{"ty":"gr","it":[{"ind":0,"ty":"sh","ix":1,"ks":{"a":0,"k":{"i":[[1.36,-22.561],[-17.76,-1.361],[-1.36,27.52],[23.04,0.4]],"o":[[-1.52,26.16],[17.76,1.36],[1.36,-26.64],[-21.44,-0.4]],"v":[[-39.16,-2.48],[-4.12,38.32],[39.32,3.28],[0.76,-39.28]],"c":true},"ix":2},"nm":"Path 1","mn":"ADBE Vector Shape - Group","hd":false},{"ty":"fl","c":{"a":0,"k":[0.097999999102,0.097999999102,0.097999999102,1],"ix":4},"o":{"a":0,"k":100,"ix":5},"r":1,"bm":0,"nm":"Fill 1","mn":"ADBE Vector Graphic - Fill","hd":false},{"ty":"tr","p":{"a":0,"k":[175.33,106.57],"ix":2},"a":{"a":0,"k":[0,0],"ix":1},"s":{"a":1,"k":[{"i":{"x":[0.833,0.833],"y":[0.833,0.833]},"o":{"x":[0.167,0.167],"y":[0.167,0.167]},"t":45.6,"s":[85,100]},{"i":{"x":[0.667,0.667],"y":[1,1]},"o":{"x":[0.167,0.167],"y":[0,0.167]},"t":48,"s":[100,100]},{"i":{"x":[0.833,0.833],"y":[1,1]},"o":{"x":[0.333,0.333],"y":[0,0]},"t":60,"s":[100,50]},{"i":{"x":[0.833,0.833],"y":[1,1]},"o":{"x":[0.167,0.167],"y":[0,0]},"t":68,"s":[100,50]},{"i":{"x":[0.833,0.833],"y":[1,1]},"o":{"x":[0.167,0.167],"y":[0,0]},"t":69,"s":[62,100]},{"t":70,"s":[92,100]}],"ix":3},"r":{"a":0,"k":0,"ix":6},"o":{"a":0,"k":100,"ix":7},"sk":{"a":0,"k":0,"ix":4},"sa":{"a":0,"k":0,"ix":5},"nm":"Transform"}],"nm":"Group 3","np":2,"cix":2,"bm":0,"ix":3,"mn":"ADBE Vector Group","hd":false}],"ip":19.2,"op":64,"st":0,"bm":0},{"ddd":0,"ind":3,"ty":4,"nm":"ball","sr":1,"ks":{"o":{"a":0,"k":100,"ix":11},"r":{"a":0,"k":0,"ix":10},"p":{"a":1,"k":[{"i":{"x":0.833,"y":0.871},"o":{"x":0.167,"y":0.167},"t":31.199,"s":[-488.28,1309.2,0],"to":[0,0,0],"ti":[0,0,0]},{"i":{"x":0.833,"y":0.722},"o":{"x":0.167,"y":0.207},"t":48,"s":[355.72,721.2,0],"to":[0,0,0],"ti":[-533.333,-136.667,0]},{"t":73,"s":[1287.72,641.2,0]}],"ix":2,"l":2},"a":{"a":0,"k":[314.69,314.81,0],"ix":1,"l":2},"s":{"a":1,"k":[{"i":{"x":[0.833,0.833,0.833],"y":[0.907,0.907,0.917]},"o":{"x":[0.167,0.167,0.167],"y":[0.167,0.167,-0.082]},"t":31.199,"s":[205,205,100]},{"i":{"x":[0.833,0.833,0.833],"y":[0.833,0.833,0.713]},"o":{"x":[0.167,0.167,0.167],"y":[0.355,0.355,0.123]},"t":48,"s":[100,100,100]},{"t":73,"s":[59,59,100]}],"ix":6,"l":2}},"ao":0,"shapes":[{"ty":"gr","it":[{"ind":0,"ty":"sh","ix":1,"ks":{"a":0,"k":{"i":[[62.16,-45.52],[-66.48,-131.44],[-7.2,-9.68],[-106.4,115.84],[36.72,33.84],[10.88,5.2]],"o":[[-88.16,64.64],[5.2,10.32],[16,21.68],[113.76,-123.84],[-9.6,-8.8],[-121.52,-57.12]],"v":[[-131.52,-171.52],[-198.32,173.6],[-180.48,204.24],[151.04,144.88],[193.44,-185.68],[160.48,-203.6]],"c":true},"ix":2},"nm":"Path 1","mn":"ADBE Vector Shape - Group","hd":false},{"ty":"fl","c":{"a":0,"k":[0.368999974868,0.388000009574,0.404000016755,1],"ix":4},"o":{"a":0,"k":100,"ix":5},"r":1,"bm":0,"nm":"Fill 1","mn":"ADBE Vector Graphic - Fill","hd":false},{"ty":"tr","p":{"a":0,"k":[271.85,268.73],"ix":2},"a":{"a":0,"k":[0,0],"ix":1},"s":{"a":0,"k":[100,100],"ix":3},"r":{"a":0,"k":0,"ix":6},"o":{"a":0,"k":100,"ix":7},"sk":{"a":0,"k":0,"ix":4},"sa":{"a":0,"k":0,"ix":5},"nm":"Transform"}],"nm":"Group 1","np":2,"cix":2,"bm":0,"ix":1,"mn":"ADBE Vector Group","hd":false},{"ty":"gr","it":[{"ind":0,"ty":"sh","ix":1,"ks":{"a":0,"k":{"i":[[-91.12,-138.08],[-111.12,126.16],[138.4,85.199]],"o":[[91.36,138.479],[111.12,-126.16],[-134.72,-82.88]],"v":[[-223.32,164.12],[203.32,194.279],[150.6,-225.8]],"c":true},"ix":2},"nm":"Path 1","mn":"ADBE Vector Shape - Group","hd":false},{"ty":"fl","c":{"a":0,"k":[0.277999997606,0.298000021542,0.310000011968,1],"ix":4},"o":{"a":0,"k":100,"ix":5},"r":1,"bm":0,"nm":"Fill 1","mn":"ADBE Vector Graphic - Fill","hd":false},{"ty":"tr","p":{"a":0,"k":[314.69,308.93],"ix":2},"a":{"a":0,"k":[0,0],"ix":1},"s":{"a":0,"k":[100,100],"ix":3},"r":{"a":0,"k":0,"ix":6},"o":{"a":0,"k":100,"ix":7},"sk":{"a":0,"k":0,"ix":4},"sa":{"a":0,"k":0,"ix":5},"nm":"Transform"}],"nm":"Group 2","np":2,"cix":2,"bm":0,"ix":2,"mn":"ADBE Vector Group","hd":false}],"ip":19.2,"op":86.4,"st":0,"bm":0},{"ddd":0,"ind":4,"ty":4,"nm":"splash","sr":1,"ks":{"o":{"a":0,"k":100,"ix":11},"r":{"a":0,"k":0,"ix":10},"p":{"a":1,"k":[{"i":{"x":0.575,"y":0.369},"o":{"x":0.167,"y":0.167},"t":48,"s":[516,672,0],"to":[8.142,-3.664,0],"ti":[-19.756,8.89,0]},{"i":{"x":0.703,"y":1},"o":{"x":0.341,"y":0.147},"t":50.401,"s":[502.955,689.07,0],"to":[12.598,-5.669,0],"ti":[-5.192,2.336,0]},{"t":52.79921875,"s":[608,636,0]}],"ix":2,"l":2},"a":{"a":0,"k":[476,652,0],"ix":1,"l":2},"s":{"a":1,"k":[{"i":{"x":[0.667,0.667,0.667],"y":[1,1,1]},"o":{"x":[0.167,0.167,0.167],"y":[0.167,0.167,8.085]},"t":48,"s":[68,68,100]},{"t":52.79921875,"s":[100,100,100]}],"ix":6,"l":2}},"ao":0,"shapes":[{"ty":"gr","it":[{"ind":0,"ty":"sh","ix":1,"ks":{"a":0,"k":{"i":[[0,0],[0,0],[0,0],[0,0],[0,0],[0,0],[0,0],[0,0],[0,0],[0,0],[0,0],[0,0],[0,0],[0,0]],"o":[[0,0],[0,0],[0,0],[0,0],[0,0],[0,0],[0,0],[0,0],[0,0],[0,0],[0,0],[0,0],[0,0],[0,0]],"v":[[-273.026,243.975],[-412.286,201.651],[-246.975,124.815],[-383.845,-145.534],[-117.788,-29.247],[-60.871,-368.534],[80.449,-53.779],[412.286,-236.406],[224.691,62.708],[369.742,124.815],[254.577,213.975],[350.663,368.534],[-2.107,243.975],[-334.086,364.271]],"c":true},"ix":2},"nm":"Path 1","mn":"ADBE Vector Shape - Group","hd":false},{"ty":"fl","c":{"a":0,"k":[1,0.795999983245,0.289999988032,1],"ix":4},"o":{"a":0,"k":100,"ix":5},"r":1,"bm":0,"nm":"Fill 1","mn":"ADBE Vector Graphic - Fill","hd":false},{"ty":"tr","p":{"a":0,"k":[473.672,480.376],"ix":2},"a":{"a":0,"k":[0,0],"ix":1},"s":{"a":0,"k":[100,100],"ix":3},"r":{"a":0,"k":0,"ix":6},"o":{"a":0,"k":100,"ix":7},"sk":{"a":0,"k":0,"ix":4},"sa":{"a":0,"k":0,"ix":5},"nm":"Transform"}],"nm":"Group 2","np":2,"cix":2,"bm":0,"ix":1,"mn":"ADBE Vector Group","hd":false}],"ip":49,"op":54,"st":-2.4,"bm":0},{"ddd":0,"ind":5,"ty":1,"nm":"ball shadow","sr":1,"ks":{"o":{"a":0,"k":100,"ix":11},"r":{"a":0,"k":0,"ix":10},"p":{"a":1,"k":[{"i":{"x":0.833,"y":0.833},"o":{"x":0.167,"y":0.167},"t":45.6,"s":[432,552,0],"to":[13.333,-6.667,0],"ti":[-13.333,6.667,0]},{"t":48,"s":[512,512,0]}],"ix":2,"l":2},"a":{"a":0,"k":[512,512,0],"ix":1,"l":2},"s":{"a":0,"k":[100,100,100],"ix":6,"l":2}},"ao":0,"hasMask":true,"masksProperties":[{"inv":false,"mode":"a","pt":{"a":0,"k":{"i":[[194.5,74.5],[0,0],[-8,0],[-57.851,51.825]],"o":[[-171.796,-65.804],[0,0],[8,0],[24,-21.5]],"v":[[497,511],[402,688],[424,826],[641,853.5]],"c":true},"ix":1},"o":{"a":0,"k":100,"ix":3},"x":{"a":0,"k":0,"ix":4},"nm":"Mask 1"}],"sw":1024,"sh":1024,"sc":"#d8cec9","ip":48,"op":52.8,"st":0,"bm":0},{"ddd":0,"ind":6,"ty":4,"nm":"pin 3 shadow","parent":7,"sr":1,"ks":{"o":{"a":0,"k":100,"ix":11},"r":{"a":0,"k":-1,"ix":10},"p":{"a":1,"k":[{"i":{"x":0.833,"y":0.833},"o":{"x":0.167,"y":0.167},"t":5,"s":[149.362,918.172,0],"to":[-0.459,-0.753,0],"ti":[1.144,1.875,0]},{"i":{"x":0.833,"y":0.833},"o":{"x":0.167,"y":0.167},"t":6,"s":[148.138,918.054,0],"to":[-0.989,-1.622,0],"ti":[0.397,0.651,0]},{"i":{"x":0.833,"y":0.833},"o":{"x":0.167,"y":0.167},"t":7,"s":[149.384,919.168,0],"to":[-0.856,-1.403,0],"ti":[-0.001,-0.083,0]},{"t":12,"s":[149.418,921.668,0]}],"ix":2,"l":2},"a":{"a":0,"k":[65.012,18.316,0],"ix":1,"l":2},"s":{"a":1,"k":[{"i":{"x":[0.833,0.833,0.833],"y":[0.833,0.833,0.833]},"o":{"x":[0.167,0.167,0.167],"y":[0.167,0.167,0.167]},"t":2,"s":[100,100,100]},{"t":12,"s":[100,41,100]}],"ix":6,"l":2}},"ao":0,"shapes":[{"ty":"gr","it":[{"ind":0,"ty":"sh","ix":1,"ks":{"a":0,"k":{"i":[[0.179,-9.611],[35.668,0.663],[-0.178,9.611],[-35.669,-0.664]],"o":[[-0.179,9.611],[-35.669,-0.664],[0.179,-9.612],[35.669,0.664]],"v":[[64.584,1.201],[-0.324,17.404],[-64.585,-1.201],[0.324,-17.402]],"c":true},"ix":2},"nm":"Path 1","mn":"ADBE Vector Shape - Group","hd":false},{"ty":"fl","c":{"a":0,"k":[0.741000007181,0.705999995213,0.689999988032,1],"ix":4},"o":{"a":0,"k":100,"ix":5},"r":1,"bm":0,"nm":"Fill 1","mn":"ADBE Vector Graphic - Fill","hd":false},{"ty":"tr","p":{"a":0,"k":[65.012,18.316],"ix":2},"a":{"a":0,"k":[0,0],"ix":1},"s":{"a":0,"k":[100,100],"ix":3},"r":{"a":0,"k":0,"ix":6},"o":{"a":0,"k":100,"ix":7},"sk":{"a":0,"k":0,"ix":4},"sa":{"a":0,"k":0,"ix":5},"nm":"Transform"}],"nm":"Group 1","np":2,"cix":2,"bm":0,"ix":1,"mn":"ADBE Vector Group","hd":false}],"ip":2,"op":14.4,"st":0,"bm":0},{"ddd":0,"ind":7,"ty":4,"nm":"pin 3","sr":1,"ks":{"o":{"a":0,"k":100,"ix":11},"r":{"a":1,"k":[{"i":{"x":[0.667],"y":[1]},"o":{"x":[0.333],"y":[0]},"t":0,"s":[1]},{"i":{"x":[0.833],"y":[1]},"o":{"x":[0.167],"y":[0]},"t":29,"s":[0.4]},{"i":{"x":[0.833],"y":[1]},"o":{"x":[0.167],"y":[0]},"t":38.4,"s":[0]},{"i":{"x":[0.833],"y":[0.833]},"o":{"x":[0.167],"y":[0.167]},"t":48,"s":[0]},{"t":64.80078125,"s":[100]}],"ix":10},"p":{"a":1,"k":[{"i":{"x":0.667,"y":1},"o":{"x":0.333,"y":0},"t":0,"s":[502.84,-877.6,0],"to":[13,164.333,0],"ti":[-13.667,-298.333,0]},{"i":{"x":0.833,"y":0.833},"o":{"x":0.333,"y":0},"t":26,"s":[580.84,108.4,0],"to":[13.667,298.333,0],"ti":[-0.667,-134,0]},{"i":{"x":0.833,"y":0.833},"o":{"x":0.167,"y":0.167},"t":29,"s":[584.84,912.4,0],"to":[0,0,0],"ti":[0,0,0]},{"i":{"x":0.833,"y":0.833},"o":{"x":0.167,"y":0.167},"t":48,"s":[584.84,912.4,0],"to":[5.333,-398.667,0],"ti":[-237.333,110.667,0]},{"t":64.80078125,"s":[1004.84,-303.6,0]}],"ix":2,"l":2},"a":{"a":1,"k":[{"i":{"x":0.833,"y":0.833},"o":{"x":0.333,"y":0},"t":26,"s":[145.81,70.97,0],"to":[0.667,134,0],"ti":[-0.667,-134,0]},{"t":29,"s":[149.81,874.97,0]}],"ix":1,"l":2},"s":{"a":0,"k":[100,100,100],"ix":6,"l":2}},"ao":0,"shapes":[{"ty":"gr","it":[{"ind":0,"ty":"sh","ix":1,"ks":{"a":0,"k":{"i":[[-13.779,39.197],[-6,16.64],[-13.12,-7.04],[5.52,-15.12],[15.494,-31.577]],"o":[[13.779,-39.197],[6,-16.64],[13.12,7.04],[-5.52,15.12],[-15.494,31.576]],"v":[[-25.11,26.332],[-4.47,-32.148],[25.77,-67.428],[23.77,-15.028],[3.129,42.892]],"c":true},"ix":2},"nm":"Path 1","mn":"ADBE Vector Shape - Group","hd":false},{"ty":"fl","c":{"a":0,"k":[1,1,1,1],"ix":4},"o":{"a":0,"k":100,"ix":5},"r":1,"bm":0,"nm":"Fill 1","mn":"ADBE Vector Graphic - Fill","hd":false},{"ty":"tr","p":{"a":0,"k":[101.68,444.398],"ix":2},"a":{"a":0,"k":[0,0],"ix":1},"s":{"a":0,"k":[100,100],"ix":3},"r":{"a":0,"k":0,"ix":6},"o":{"a":0,"k":100,"ix":7},"sk":{"a":0,"k":0,"ix":4},"sa":{"a":0,"k":0,"ix":5},"nm":"Transform"}],"nm":"Group 1","np":2,"cix":2,"bm":0,"ix":1,"mn":"ADBE Vector Group","hd":false},{"ty":"gr","it":[{"ind":0,"ty":"sh","ix":1,"ks":{"a":0,"k":{"i":[[0,0],[0,0],[-2.48,-10.96],[0,0],[0,0],[-0.88,7.12]],"o":[[0,0],[0,0],[1.6,7.12],[0,0],[0,0],[0.88,-7.12]],"v":[[-58.08,-21.52],[54.08,-21.36],[57.92,2.72],[62.88,21.52],[-62.88,21.52],[-60,0.8]],"c":true},"ix":2},"nm":"Path 1","mn":"ADBE Vector Shape - Group","hd":false},{"ty":"fl","c":{"a":0,"k":[0.987999949736,0.313999998803,0.152999997606,1],"ix":4},"o":{"a":0,"k":100,"ix":5},"r":1,"bm":0,"nm":"Fill 1","mn":"ADBE Vector Graphic - Fill","hd":false},{"ty":"tr","p":{"a":0,"k":[142.33,334.97],"ix":2},"a":{"a":0,"k":[0,0],"ix":1},"s":{"a":0,"k":[100,100],"ix":3},"r":{"a":0,"k":0,"ix":6},"o":{"a":0,"k":100,"ix":7},"sk":{"a":0,"k":0,"ix":4},"sa":{"a":0,"k":0,"ix":5},"nm":"Transform"}],"nm":"Group 2","np":2,"cix":2,"bm":0,"ix":2,"mn":"ADBE Vector Group","hd":false},{"ty":"gr","it":[{"ind":0,"ty":"sh","ix":1,"ks":{"a":0,"k":{"i":[[0,0],[0,0],[0.88,-10.24],[0,0],[0,0],[0.88,10.24]],"o":[[0,0],[0,0],[-0.96,10.56],[0,0],[0,0],[-0.88,-10.24]],"v":[[-60.64,-22.2],[60.64,-21.8],[57.84,0.92],[56.16,22.2],[-55.76,22.2],[-57.76,0.44]],"c":true},"ix":2},"nm":"Path 1","mn":"ADBE Vector Shape - Group","hd":false},{"ty":"fl","c":{"a":0,"k":[0.987999949736,0.313999998803,0.152999997606,1],"ix":4},"o":{"a":0,"k":100,"ix":5},"r":1,"bm":0,"nm":"Fill 1","mn":"ADBE Vector Graphic - Fill","hd":false},{"ty":"tr","p":{"a":0,"k":[140.01,243.09],"ix":2},"a":{"a":0,"k":[0,0],"ix":1},"s":{"a":0,"k":[100,100],"ix":3},"r":{"a":0,"k":0,"ix":6},"o":{"a":0,"k":100,"ix":7},"sk":{"a":0,"k":0,"ix":4},"sa":{"a":0,"k":0,"ix":5},"nm":"Transform"}],"nm":"Group 3","np":2,"cix":2,"bm":0,"ix":3,"mn":"ADBE Vector Group","hd":false},{"ty":"gr","it":[{"ind":0,"ty":"sh","ix":1,"ks":{"a":0,"k":{"i":[[14.64,4],[6.56,-19.6],[-9.52,-4.48],[-5.04,19.12]],"o":[[-8.64,-2.4],[-6.56,19.6],[14.24,6.72],[5.04,-19.12]],"v":[[11.32,-35.64],[-19.4,-11.48],[-13.88,31.32],[20.36,2.12]],"c":true},"ix":2},"nm":"Path 1","mn":"ADBE Vector Shape - Group","hd":false},{"ty":"fl","c":{"a":0,"k":[1,1,1,1],"ix":4},"o":{"a":0,"k":100,"ix":5},"r":1,"bm":0,"nm":"Fill 1","mn":"ADBE Vector Graphic - Fill","hd":false},{"ty":"tr","p":{"a":0,"k":[119.17,66.53],"ix":2},"a":{"a":0,"k":[0,0],"ix":1},"s":{"a":0,"k":[100,100],"ix":3},"r":{"a":0,"k":0,"ix":6},"o":{"a":0,"k":100,"ix":7},"sk":{"a":0,"k":0,"ix":4},"sa":{"a":0,"k":0,"ix":5},"nm":"Transform"}],"nm":"Group 4","np":2,"cix":2,"bm":0,"ix":4,"mn":"ADBE Vector Group","hd":false},{"ty":"gr","it":[{"ind":0,"ty":"sh","ix":1,"ks":{"a":0,"k":{"i":[[45.44,3.36],[-12.16,-79.84],[1.12,-35.52],[7.76,-21.12],[0,0],[-19.753,-108.642],[-53.74,0.802],[0,0],[7.76,102],[14.4,34.32],[0,29.92],[0,44.32]],"o":[[-34.24,-2.48],[12.16,79.84],[-1.12,35.44],[-7.76,21.04],[0,0],[11.119,30.404],[53.741,-0.802],[0,0],[-7.76,-102],[-10.96,-26.08],[0,-70.96],[0,-44.32]],"v":[[1.544,-396.938],[-45.016,-286.058],[-25.096,-119.738],[-46.136,-24.378],[-81.576,65.382],[-104.911,247.999],[-14.788,398.616],[83.624,330.342],[116.904,174.021],[48.184,-31.018],[30.424,-116.378],[51.464,-298.138]],"c":true},"ix":2},"nm":"Path 1","mn":"ADBE Vector Shape - Group","hd":false},{"ty":"fl","c":{"a":0,"k":[0.944999964097,0.929000016755,0.925,1],"ix":4},"o":{"a":0,"k":100,"ix":5},"r":1,"bm":0,"nm":"Fill 1","mn":"ADBE Vector Graphic - Fill","hd":false},{"ty":"tr","p":{"a":0,"k":[139.906,425.188],"ix":2},"a":{"a":0,"k":[0,0],"ix":1},"s":{"a":0,"k":[100,100],"ix":3},"r":{"a":0,"k":0,"ix":6},"o":{"a":0,"k":100,"ix":7},"sk":{"a":0,"k":0,"ix":4},"sa":{"a":0,"k":0,"ix":5},"nm":"Transform"}],"nm":"Group 5","np":2,"cix":2,"bm":0,"ix":5,"mn":"ADBE Vector Group","hd":false},{"ty":"gr","it":[{"ind":0,"ty":"sh","ix":1,"ks":{"a":0,"k":{"i":[[54.56,0],[-1.36,-37.52],[0,-60.16],[14.32,-31.52],[4.32,-106.08],[-11.52,-10.32],[-11.52,10.24],[1.44,157.76],[-4,126.16],[-2.56,58.88]],"o":[[-76,0],[1.44,38.72],[0,60.16],[-14.32,31.52],[-4.32,106.079],[14.32,12.88],[12.88,-11.44],[-1.44,-157.76],[2.88,-90.32],[2.88,-65.84]],"v":[[-6.44,-466.72],[-82.44,-346.24],[-60.92,-182.8],[-83.88,-53.76],[-141.24,136.96],[-60.92,453.84],[66.68,452.4],[144.12,146.96],[49.48,-184.32],[71,-353.52]],"c":true},"ix":2},"nm":"Path 1","mn":"ADBE Vector Shape - Group","hd":false},{"ty":"fl","c":{"a":0,"k":[0.847000002394,0.808000033509,0.788000009574,1],"ix":4},"o":{"a":0,"k":100,"ix":5},"r":1,"bm":0,"nm":"Fill 1","mn":"ADBE Vector Graphic - Fill","hd":false},{"ty":"tr","p":{"a":0,"k":[145.81,466.97],"ix":2},"a":{"a":0,"k":[0,0],"ix":1},"s":{"a":0,"k":[100,100],"ix":3},"r":{"a":0,"k":0,"ix":6},"o":{"a":0,"k":100,"ix":7},"sk":{"a":0,"k":0,"ix":4},"sa":{"a":0,"k":0,"ix":5},"nm":"Transform"}],"nm":"Group 6","np":2,"cix":2,"bm":0,"ix":6,"mn":"ADBE Vector Group","hd":false}],"ip":0,"op":86.4,"st":0,"bm":0},{"ddd":0,"ind":8,"ty":4,"nm":"pin shadow","parent":10,"sr":1,"ks":{"o":{"a":0,"k":100,"ix":11},"r":{"a":0,"k":1,"ix":10},"p":{"a":0,"k":[137.746,883.672,0],"ix":2,"l":2},"a":{"a":0,"k":[65.012,18.316,0],"ix":1,"l":2},"s":{"a":1,"k":[{"i":{"x":[0.667,0.667,0.667],"y":[1,1,1]},"o":{"x":[0.167,0.167,0.167],"y":[0,0.167,0]},"t":55.2,"s":[100,66,100]},{"t":60.00078125,"s":[100,100,100]}],"ix":6,"l":2}},"ao":0,"shapes":[{"ty":"gr","it":[{"ind":0,"ty":"sh","ix":1,"ks":{"a":0,"k":{"i":[[0.179,-9.611],[35.668,0.663],[-0.178,9.611],[-35.669,-0.664]],"o":[[-0.179,9.611],[-35.669,-0.664],[0.179,-9.612],[35.669,0.664]],"v":[[64.584,1.201],[-0.324,17.404],[-64.585,-1.201],[0.324,-17.402]],"c":true},"ix":2},"nm":"Path 1","mn":"ADBE Vector Shape - Group","hd":false},{"ty":"fl","c":{"a":0,"k":[0.741000007181,0.705999995213,0.689999988032,1],"ix":4},"o":{"a":0,"k":100,"ix":5},"r":1,"bm":0,"nm":"Fill 1","mn":"ADBE Vector Graphic - Fill","hd":false},{"ty":"tr","p":{"a":0,"k":[65.012,18.316],"ix":2},"a":{"a":0,"k":[0,0],"ix":1},"s":{"a":0,"k":[100,100],"ix":3},"r":{"a":0,"k":0,"ix":6},"o":{"a":0,"k":100,"ix":7},"sk":{"a":0,"k":0,"ix":4},"sa":{"a":0,"k":0,"ix":5},"nm":"Transform"}],"nm":"Group 1","np":2,"cix":2,"bm":0,"ix":1,"mn":"ADBE Vector Group","hd":false}],"ip":55.2,"op":69.6,"st":55.2,"bm":0},{"ddd":0,"ind":9,"ty":4,"nm":"pin 2 shadow","parent":10,"sr":1,"ks":{"o":{"a":0,"k":100,"ix":11},"r":{"a":0,"k":1,"ix":10},"p":{"a":1,"k":[{"i":{"x":0.833,"y":0.833},"o":{"x":0.167,"y":0.167},"t":0,"s":[137.746,883.672,0],"to":[0.166,0.251,0],"ti":[-0.166,-0.251,0]},{"t":14,"s":[138.741,885.175,0]}],"ix":2,"l":2},"a":{"a":0,"k":[65.012,18.316,0],"ix":1,"l":2},"s":{"a":1,"k":[{"i":{"x":[0.833,0.833,0.833],"y":[0.833,0.833,0.833]},"o":{"x":[0.167,0.167,0.167],"y":[0.167,0.167,0.167]},"t":0,"s":[100,100,100]},{"t":14,"s":[96,41,100]}],"ix":6,"l":2}},"ao":0,"shapes":[{"ty":"gr","it":[{"ind":0,"ty":"sh","ix":1,"ks":{"a":0,"k":{"i":[[0.179,-9.611],[35.668,0.663],[-0.178,9.611],[-35.669,-0.664]],"o":[[-0.179,9.611],[-35.669,-0.664],[0.179,-9.612],[35.669,0.664]],"v":[[64.584,1.201],[-0.324,17.404],[-64.585,-1.201],[0.324,-17.402]],"c":true},"ix":2},"nm":"Path 1","mn":"ADBE Vector Shape - Group","hd":false},{"ty":"fl","c":{"a":0,"k":[0.741000007181,0.705999995213,0.689999988032,1],"ix":4},"o":{"a":0,"k":100,"ix":5},"r":1,"bm":0,"nm":"Fill 1","mn":"ADBE Vector Graphic - Fill","hd":false},{"ty":"tr","p":{"a":0,"k":[65.012,18.316],"ix":2},"a":{"a":0,"k":[0,0],"ix":1},"s":{"a":0,"k":[100,100],"ix":3},"r":{"a":0,"k":0,"ix":6},"o":{"a":0,"k":100,"ix":7},"sk":{"a":0,"k":0,"ix":4},"sa":{"a":0,"k":0,"ix":5},"nm":"Transform"}],"nm":"Group 1","np":2,"cix":2,"bm":0,"ix":1,"mn":"ADBE Vector Group","hd":false}],"ip":0,"op":14.4,"st":0,"bm":0},{"ddd":0,"ind":10,"ty":4,"nm":"pin 2","sr":1,"ks":{"o":{"a":0,"k":100,"ix":11},"r":{"a":1,"k":[{"i":{"x":[0.667],"y":[1]},"o":{"x":[0.333],"y":[0]},"t":0,"s":[-1]},{"i":{"x":[0.833],"y":[1]},"o":{"x":[0.167],"y":[0]},"t":26,"s":[0.5]},{"i":{"x":[0.833],"y":[1]},"o":{"x":[0.167],"y":[0]},"t":36,"s":[-0.2]},{"i":{"x":[0.833],"y":[1]},"o":{"x":[0.167],"y":[0]},"t":45.6,"s":[0]},{"i":{"x":[0.833],"y":[1]},"o":{"x":[0.167],"y":[0]},"t":48,"s":[0]},{"t":67.19921875,"s":[70]}],"ix":10},"p":{"a":1,"k":[{"i":{"x":0.667,"y":1},"o":{"x":0.333,"y":0},"t":0,"s":[752.16,-804.32,0],"to":[6.333,146.333,0],"ti":[-6.333,-280.333,0]},{"i":{"x":0.833,"y":0.833},"o":{"x":0.333,"y":0},"t":26,"s":[790.16,73.68,0],"to":[6.333,280.333,0],"ti":[0,-134,0]},{"i":{"x":0.833,"y":0.833},"o":{"x":0.167,"y":0.167},"t":29,"s":[790.16,877.68,0],"to":[0,0,0],"ti":[0,0,0]},{"i":{"x":0.833,"y":0.833},"o":{"x":0.167,"y":0.167},"t":48,"s":[790.16,877.68,0],"to":[3.629,-27.278,0],"ti":[-16.476,50.627,0]},{"i":{"x":0.833,"y":0.833},"o":{"x":0.167,"y":0.167},"t":50.4,"s":[821.563,790.331,0],"to":[77.343,-237.663,0],"ti":[-47.815,126.956,0]},{"t":67.19921875,"s":[1218.16,-46.32,0]}],"ix":2,"l":2},"a":{"a":1,"k":[{"i":{"x":0.833,"y":0.833},"o":{"x":0.333,"y":0},"t":26,"s":[134.33,44.25,0],"to":[0,134,0],"ti":[0,-134,0]},{"i":{"x":0.833,"y":0.833},"o":{"x":0.167,"y":0.167},"t":29,"s":[134.33,848.25,0],"to":[0,0,0],"ti":[0,0,0]},{"t":48,"s":[134.33,848.25,0]}],"ix":1,"l":2},"s":{"a":0,"k":[100,100,100],"ix":6,"l":2}},"ao":0,"shapes":[{"ty":"gr","it":[{"ind":0,"ty":"sh","ix":1,"ks":{"a":0,"k":{"i":[[0,0],[0,0],[-1.28,-8],[0,0],[0,0],[-0.88,9.28]],"o":[[0,0],[0,0],[1.28,8],[0,0],[0,0],[0.88,-9.44]],"v":[[-57.24,-20.36],[54.44,-20.28],[57.08,-0.28],[61.16,20.36],[-61.16,20.04],[-58.6,-0.44]],"c":true},"ix":2},"nm":"Path 1","mn":"ADBE Vector Shape - Group","hd":false},{"ty":"fl","c":{"a":0,"k":[0.987999949736,0.313999998803,0.152999997606,1],"ix":4},"o":{"a":0,"k":100,"ix":5},"r":1,"bm":0,"nm":"Fill 1","mn":"ADBE Vector Graphic - Fill","hd":false},{"ty":"tr","p":{"a":0,"k":[137.57,317.41],"ix":2},"a":{"a":0,"k":[0,0],"ix":1},"s":{"a":0,"k":[100,100],"ix":3},"r":{"a":0,"k":0,"ix":6},"o":{"a":0,"k":100,"ix":7},"sk":{"a":0,"k":0,"ix":4},"sa":{"a":0,"k":0,"ix":5},"nm":"Transform"}],"nm":"Group 1","np":2,"cix":2,"bm":0,"ix":1,"mn":"ADBE Vector Group","hd":false},{"ty":"gr","it":[{"ind":0,"ty":"sh","ix":1,"ks":{"a":0,"k":{"i":[[0,0],[0,0],[0.72,-8.72],[0,0],[0,0],[1.52,12.08]],"o":[[0,0],[0,0],[-0.64,7.52],[0,0],[0,0],[-0.88,-7.44]],"v":[[-60.2,-20.76],[60.2,-20.6],[57.88,-0.52],[56.2,20.68],[-55.64,20.76],[-57.72,-1.4]],"c":true},"ix":2},"nm":"Path 1","mn":"ADBE Vector Shape - Group","hd":false},{"ty":"fl","c":{"a":0,"k":[0.987999949736,0.313999998803,0.152999997606,1],"ix":4},"o":{"a":0,"k":100,"ix":5},"r":1,"bm":0,"nm":"Fill 1","mn":"ADBE Vector Graphic - Fill","hd":false},{"ty":"tr","p":{"a":0,"k":[135.65,230.29],"ix":2},"a":{"a":0,"k":[0,0],"ix":1},"s":{"a":0,"k":[100,100],"ix":3},"r":{"a":0,"k":0,"ix":6},"o":{"a":0,"k":100,"ix":7},"sk":{"a":0,"k":0,"ix":4},"sa":{"a":0,"k":0,"ix":5},"nm":"Transform"}],"nm":"Group 2","np":2,"cix":2,"bm":0,"ix":2,"mn":"ADBE Vector Group","hd":false},{"ty":"gr","it":[{"ind":0,"ty":"sh","ix":1,"ks":{"a":0,"k":{"i":[[14.64,5.52],[14.08,-32.8],[3.04,-8.08],[-13.12,-5.52],[-4.16,8.56],[-7.52,18.64]],"o":[[-10.8,-4.08],[-14.08,32.8],[-3.04,8.08],[13.12,5.52],[7.52,-15.6],[7.52,-18.64]],"v":[[22.92,-60.68],[-13.32,-17.32],[-31.48,28.52],[-24.44,59.24],[1.24,38.6],[23.88,-15.8]],"c":true},"ix":2},"nm":"Path 1","mn":"ADBE Vector Shape - Group","hd":false},{"ty":"fl","c":{"a":0,"k":[1,1,1,1],"ix":4},"o":{"a":0,"k":100,"ix":5},"r":1,"bm":0,"nm":"Fill 1","mn":"ADBE Vector Graphic - Fill","hd":false},{"ty":"tr","p":{"a":0,"k":[100.37,425.57],"ix":2},"a":{"a":0,"k":[0,0],"ix":1},"s":{"a":0,"k":[100,100],"ix":3},"r":{"a":0,"k":0,"ix":6},"o":{"a":0,"k":100,"ix":7},"sk":{"a":0,"k":0,"ix":4},"sa":{"a":0,"k":0,"ix":5},"nm":"Transform"}],"nm":"Group 3","np":2,"cix":2,"bm":0,"ix":3,"mn":"ADBE Vector Group","hd":false},{"ty":"gr","it":[{"ind":0,"ty":"sh","ix":1,"ks":{"a":0,"k":{"i":[[10.56,6],[7.6,-17.68],[-14.08,-4],[-4,18.64]],"o":[[-9.04,-5.12],[-7.52,17.6],[14.08,4],[4,-18.64]],"v":[[14.36,-32.68],[-17.4,-12.52],[-10.36,33.8],[20.36,1.56]],"c":true},"ix":2},"nm":"Path 1","mn":"ADBE Vector Shape - Group","hd":false},{"ty":"fl","c":{"a":0,"k":[1,1,1,1],"ix":4},"o":{"a":0,"k":100,"ix":5},"r":1,"bm":0,"nm":"Fill 1","mn":"ADBE Vector Graphic - Fill","hd":false},{"ty":"tr","p":{"a":0,"k":[111.97,69.57],"ix":2},"a":{"a":0,"k":[0,0],"ix":1},"s":{"a":0,"k":[100,100],"ix":3},"r":{"a":0,"k":0,"ix":6},"o":{"a":0,"k":100,"ix":7},"sk":{"a":0,"k":0,"ix":4},"sa":{"a":0,"k":0,"ix":5},"nm":"Transform"}],"nm":"Group 4","np":2,"cix":2,"bm":0,"ix":4,"mn":"ADBE Vector Group","hd":false},{"ty":"gr","it":[{"ind":0,"ty":"sh","ix":1,"ks":{"a":0,"k":{"i":[[43.2,0],[-5.6,-52.08],[-2.16,-66.56],[17.76,-42.08],[0,0],[0,0],[-16.64,-1.12],[-52.16,85.36],[26.64,54.32],[3.2,54.72],[-2.16,49.92]],"o":[[-36.56,0],[5.52,52.08],[2.32,69.36],[-17.76,42.08],[0,0],[0,0],[16.64,1.119],[52.16,-85.36],[-22.56,-46.08],[-5.28,-91.52],[1.84,-41.04]],"v":[[-21.16,-391.919],[-72.12,-299.919],[-51.48,-120.319],[-97.64,28.241],[-125.32,108.081],[-106.44,350.881],[-76.52,390.801],[73.16,288.801],[54.28,23.841],[5.48,-110.319],[25.4,-305.439]],"c":true},"ix":2},"nm":"Path 1","mn":"ADBE Vector Shape - Group","hd":false},{"ty":"fl","c":{"a":0,"k":[0.944999964097,0.929000016755,0.929000016755,1],"ix":4},"o":{"a":0,"k":100,"ix":5},"r":1,"bm":0,"nm":"Fill 1","mn":"ADBE Vector Graphic - Fill","hd":false},{"ty":"tr","p":{"a":0,"k":[159.09,419.129],"ix":2},"a":{"a":0,"k":[0,0],"ix":1},"s":{"a":0,"k":[100,100],"ix":3},"r":{"a":0,"k":0,"ix":6},"o":{"a":0,"k":100,"ix":7},"sk":{"a":0,"k":0,"ix":4},"sa":{"a":0,"k":0,"ix":5},"nm":"Transform"}],"nm":"Group 5","np":2,"cix":2,"bm":0,"ix":5,"mn":"ADBE Vector Group","hd":false},{"ty":"gr","it":[{"ind":0,"ty":"sh","ix":1,"ks":{"a":0,"k":{"i":[[66.64,0],[-4,-35.68],[0,-57.68],[13.76,-30.16],[4.72,-101.52],[-17.2,-14.321],[-11.04,9.84],[1.36,151.04],[-2.88,127.68],[-6.24,56.08]],"o":[[-77.44,0],[4.64,41.12],[0,57.68],[-13.76,30.16],[-5.76,123.28],[14.16,11.84],[12.32,-10.96],[-1.36,-150.96],[1.6,-70.24],[5.84,-51.6]],"v":[[-3.44,-448],[-79.76,-331.44],[-59.2,-174.96],[-81.2,-51.44],[-134,131.28],[-63.76,435.28],[62.4,438.16],[138.4,148.48],[50.96,-178.48],[72.48,-341.92]],"c":true},"ix":2},"nm":"Path 1","mn":"ADBE Vector Shape - Group","hd":false},{"ty":"fl","c":{"a":0,"k":[0.847000002394,0.808000033509,0.788000009574,1],"ix":4},"o":{"a":0,"k":100,"ix":5},"r":1,"bm":0,"nm":"Fill 1","mn":"ADBE Vector Graphic - Fill","hd":false},{"ty":"tr","p":{"a":0,"k":[140.01,448.25],"ix":2},"a":{"a":0,"k":[0,0],"ix":1},"s":{"a":0,"k":[100,100],"ix":3},"r":{"a":0,"k":0,"ix":6},"o":{"a":0,"k":100,"ix":7},"sk":{"a":0,"k":0,"ix":4},"sa":{"a":0,"k":0,"ix":5},"nm":"Transform"}],"nm":"Group 6","np":2,"cix":2,"bm":0,"ix":6,"mn":"ADBE Vector Group","hd":false}],"ip":0,"op":86.4,"st":0,"bm":0},{"ddd":0,"ind":11,"ty":4,"nm":"pin 1 shadow","parent":12,"sr":1,"ks":{"o":{"a":0,"k":100,"ix":11},"r":{"a":1,"k":[{"i":{"x":[0.833],"y":[0.833]},"o":{"x":[0.167],"y":[0.167]},"t":0,"s":[-0.5]},{"t":23,"s":[-0.5]}],"ix":10},"p":{"a":1,"k":[{"i":{"x":0.833,"y":0.833},"o":{"x":0.167,"y":0.167},"t":0,"s":[147.872,881.186,0],"to":[0,0.635,0],"ti":[0,-1.387,0]},{"t":14,"s":[149.87,887.101,0]}],"ix":2,"l":2},"a":{"a":0,"k":[65.012,18.316,0],"ix":1,"l":2},"s":{"a":1,"k":[{"i":{"x":[0.833,0.833,0.833],"y":[0.833,0.833,0.833]},"o":{"x":[0.167,0.167,0.167],"y":[0.167,0.167,0.167]},"t":3,"s":[101,70.952,100]},{"t":12,"s":[95,33.952,100]}],"ix":6,"l":2}},"ao":0,"shapes":[{"ty":"gr","it":[{"ind":0,"ty":"sh","ix":1,"ks":{"a":0,"k":{"i":[[0.179,-9.611],[35.668,0.663],[-0.178,9.611],[-35.669,-0.664]],"o":[[-0.179,9.611],[-35.669,-0.664],[0.179,-9.612],[35.669,0.664]],"v":[[64.584,1.201],[-0.324,17.404],[-64.585,-1.201],[0.324,-17.402]],"c":true},"ix":2},"nm":"Path 1","mn":"ADBE Vector Shape - Group","hd":false},{"ty":"fl","c":{"a":0,"k":[0.741000007181,0.705999995213,0.689999988032,1],"ix":4},"o":{"a":0,"k":100,"ix":5},"r":1,"bm":0,"nm":"Fill 1","mn":"ADBE Vector Graphic - Fill","hd":false},{"ty":"tr","p":{"a":0,"k":[65.012,18.316],"ix":2},"a":{"a":0,"k":[0,0],"ix":1},"s":{"a":0,"k":[100,100],"ix":3},"r":{"a":0,"k":0,"ix":6},"o":{"a":0,"k":100,"ix":7},"sk":{"a":0,"k":0,"ix":4},"sa":{"a":0,"k":0,"ix":5},"nm":"Transform"}],"nm":"Group 1","np":2,"cix":2,"bm":0,"ix":1,"mn":"ADBE Vector Group","hd":false}],"ip":0,"op":14.4,"st":0,"bm":0},{"ddd":0,"ind":12,"ty":4,"nm":"pin 1","sr":1,"ks":{"o":{"a":0,"k":100,"ix":11},"r":{"a":1,"k":[{"i":{"x":[0.667],"y":[1]},"o":{"x":[0.333],"y":[0]},"t":0,"s":[0.5]},{"i":{"x":[0.833],"y":[1]},"o":{"x":[0.167],"y":[0]},"t":26,"s":[-0.4]},{"i":{"x":[0.833],"y":[1]},"o":{"x":[0.167],"y":[0]},"t":38.4,"s":[0]},{"i":{"x":[0.833],"y":[0.833]},"o":{"x":[0.167],"y":[0.167]},"t":50.4,"s":[0]},{"t":67.19921875,"s":[-135]}],"ix":10},"p":{"a":1,"k":[{"i":{"x":0.667,"y":1},"o":{"x":0.333,"y":0},"t":0,"s":[291.404,-799.76,0],"to":[10,146.667,0],"ti":[-9.333,-278.667,0]},{"i":{"x":0.833,"y":0.833},"o":{"x":0.333,"y":0},"t":26,"s":[351.404,80.24,0],"to":[9.333,278.667,0],"ti":[0.667,-132,0]},{"i":{"x":0.833,"y":0.833},"o":{"x":0.167,"y":0.167},"t":29,"s":[347.404,872.24,0],"to":[0,0,0],"ti":[0,0,0]},{"i":{"x":0.833,"y":0.833},"o":{"x":0.167,"y":0.167},"t":50.4,"s":[347.404,872.24,0],"to":[-70.667,-314.667,0],"ti":[303.333,78,0]},{"t":67.19921875,"s":[-176.596,36.24,0]}],"ix":2,"l":2},"a":{"a":1,"k":[{"i":{"x":0.833,"y":0.833},"o":{"x":0.333,"y":0},"t":26,"s":[140.766,48.45,0],"to":[-0.667,132,0],"ti":[0.667,-132,0]},{"t":29,"s":[136.766,840.45,0]}],"ix":1,"l":2},"s":{"a":0,"k":[100,100,100],"ix":6,"l":2}},"ao":0,"shapes":[{"ty":"gr","it":[{"ind":0,"ty":"sh","ix":1,"ks":{"a":0,"k":{"i":[[9.04,5.04],[8.08,-17.68],[8.88,-20],[-17.12,35.76],[-4.56,12.08]],"o":[[-6.16,-3.44],[-8.08,17.6],[-8.879,20],[17.12,-35.76],[4.56,-12.08]],"v":[[25.48,-47.92],[0.28,-33.28],[-25.641,25.24],[11.88,15.6],[29,-20.16]],"c":true},"ix":2},"nm":"Path 1","mn":"ADBE Vector Shape - Group","hd":false},{"ty":"fl","c":{"a":0,"k":[1,1,1,1],"ix":4},"o":{"a":0,"k":100,"ix":5},"r":1,"bm":0,"nm":"Fill 1","mn":"ADBE Vector Graphic - Fill","hd":false},{"ty":"tr","p":{"a":0,"k":[99.642,422.49],"ix":2},"a":{"a":0,"k":[0,0],"ix":1},"s":{"a":0,"k":[100,100],"ix":3},"r":{"a":0,"k":0,"ix":6},"o":{"a":0,"k":100,"ix":7},"sk":{"a":0,"k":0,"ix":4},"sa":{"a":0,"k":0,"ix":5},"nm":"Transform"}],"nm":"Group 1","np":2,"cix":2,"bm":0,"ix":1,"mn":"ADBE Vector Group","hd":false},{"ty":"gr","it":[{"ind":0,"ty":"sh","ix":1,"ks":{"a":0,"k":{"i":[[0,0],[0,0],[-0.4,-5.76],[0,0],[0,0],[-0.64,8.56]],"o":[[0,0],[0,0],[0.48,5.76],[0,0],[0,0],[0.56,-7.68]],"v":[[-57.48,-22.32],[57.32,-22.16],[58.2,-1.12],[60.84,22.32],[-60.84,22.32],[-58.6,-2.16]],"c":true},"ix":2},"nm":"Path 1","mn":"ADBE Vector Shape - Group","hd":false},{"ty":"fl","c":{"a":0,"k":[0.987999949736,0.313999998803,0.152999997606,1],"ix":4},"o":{"a":0,"k":100,"ix":5},"r":1,"bm":0,"nm":"Fill 1","mn":"ADBE Vector Graphic - Fill","hd":false},{"ty":"tr","p":{"a":0,"k":[146.922,308.97],"ix":2},"a":{"a":0,"k":[0,0],"ix":1},"s":{"a":0,"k":[100,100],"ix":3},"r":{"a":0,"k":0,"ix":6},"o":{"a":0,"k":100,"ix":7},"sk":{"a":0,"k":0,"ix":4},"sa":{"a":0,"k":0,"ix":5},"nm":"Transform"}],"nm":"Group 2","np":2,"cix":2,"bm":0,"ix":2,"mn":"ADBE Vector Group","hd":false},{"ty":"gr","it":[{"ind":0,"ty":"sh","ix":1,"ks":{"a":0,"k":{"i":[[0,0],[0,0],[1.36,-6.56],[0,0],[0,0],[1.12,8.48]],"o":[[0,0],[0,0],[-1.84,8.96],[0,0],[0,0],[-1.52,-10.16]],"v":[[-66.36,-22.08],[66.36,-22.16],[61.8,1.2],[57.88,22.16],[-60.6,22],[-62.84,0.56]],"c":true},"ix":2},"nm":"Path 1","mn":"ADBE Vector Shape - Group","hd":false},{"ty":"fl","c":{"a":0,"k":[0.987999949736,0.313999998803,0.152999997606,1],"ix":4},"o":{"a":0,"k":100,"ix":5},"r":1,"bm":0,"nm":"Fill 1","mn":"ADBE Vector Graphic - Fill","hd":false},{"ty":"tr","p":{"a":0,"k":[148.922,221.61],"ix":2},"a":{"a":0,"k":[0,0],"ix":1},"s":{"a":0,"k":[100,100],"ix":3},"r":{"a":0,"k":0,"ix":6},"o":{"a":0,"k":100,"ix":7},"sk":{"a":0,"k":0,"ix":4},"sa":{"a":0,"k":0,"ix":5},"nm":"Transform"}],"nm":"Group 3","np":2,"cix":2,"bm":0,"ix":3,"mn":"ADBE Vector Group","hd":false},{"ty":"gr","it":[{"ind":0,"ty":"sh","ix":1,"ks":{"a":0,"k":{"i":[[-10.08,-9.6],[11.12,-12.08],[9.52,6.56],[-11.52,14.08]],"o":[[9.6,9.12],[-11.12,12.08],[-9.6,-6.56],[13.68,-16.64]],"v":[[20.92,-23.92],[14.84,16.88],[-20.92,26.96],[-15.88,-14.88]],"c":true},"ix":2},"nm":"Path 1","mn":"ADBE Vector Shape - Group","hd":false},{"ty":"fl","c":{"a":0,"k":[1,1,1,1],"ix":4},"o":{"a":0,"k":100,"ix":5},"r":1,"bm":0,"nm":"Fill 1","mn":"ADBE Vector Graphic - Fill","hd":false},{"ty":"tr","p":{"a":0,"k":[121.802,66.01],"ix":2},"a":{"a":0,"k":[0,0],"ix":1},"s":{"a":0,"k":[100,100],"ix":3},"r":{"a":0,"k":0,"ix":6},"o":{"a":0,"k":100,"ix":7},"sk":{"a":0,"k":0,"ix":4},"sa":{"a":0,"k":0,"ix":5},"nm":"Transform"}],"nm":"Group 4","np":2,"cix":2,"bm":0,"ix":4,"mn":"ADBE Vector Group","hd":false},{"ty":"gr","it":[{"ind":0,"ty":"sh","ix":1,"ks":{"a":0,"k":{"i":[[48.72,0],[-8.88,-70.96],[-1.12,-63.2],[0,0],[-62.84,-105.092],[-33.059,154.945],[0,0],[2.16,75.36],[-1.12,38.8]],"o":[[-33.28,0],[8.88,70.96],[1.12,63.2],[0,0],[62.84,105.092],[33.059,-154.944],[0,0],[-1.6,-55.52],[1.04,-38.8]],"v":[[8.063,-414.393],[-39.618,-317.913],[-19.858,-158.953],[-60.658,-4.153],[-73.01,287.22],[102.79,259.448],[73.503,-17.513],[44.702,-148.313],[61.342,-325.673]],"c":true},"ix":2},"nm":"Path 1","mn":"ADBE Vector Shape - Group","hd":false},{"ty":"fl","c":{"a":0,"k":[0.936999990426,0.933000033509,0.925,1],"ix":4},"o":{"a":0,"k":100,"ix":5},"r":1,"bm":0,"nm":"Fill 1","mn":"ADBE Vector Graphic - Fill","hd":false},{"ty":"tr","p":{"a":0,"k":[136.099,448.163],"ix":2},"a":{"a":0,"k":[0,0],"ix":1},"s":{"a":0,"k":[100,100],"ix":3},"r":{"a":0,"k":0,"ix":6},"o":{"a":0,"k":100,"ix":7},"sk":{"a":0,"k":0,"ix":4},"sa":{"a":0,"k":0,"ix":5},"nm":"Transform"}],"nm":"Group 5","np":2,"cix":2,"bm":0,"ix":5,"mn":"ADBE Vector Group","hd":false},{"ty":"gr","it":[{"ind":0,"ty":"sh","ix":1,"ks":{"a":0,"k":{"i":[[66.64,-0.4],[-4,-35.68],[0,-57.68],[13.76,-30.16],[4.72,-101.52],[-17.2,-14.32],[-11.04,9.84],[1.36,150.96],[-6.56,127.52],[-0.48,66.88]],"o":[[-82.56,0.48],[4.64,41.12],[0,57.68],[-13.76,30.16],[-5.76,123.28],[14.16,11.84],[12.32,-10.96],[-1.36,-150.96],[2.88,-55.92],[0.4,-51.84]],"v":[[4.16,-447.8],[-72.16,-331.24],[-51.6,-174.76],[-73.6,-51.24],[-126.4,131.48],[-56.16,435.48],[70,438.36],[130.8,150.68],[63.44,-179.16],[85.52,-340.92]],"c":true},"ix":2},"nm":"Path 1","mn":"ADBE Vector Shape - Group","hd":false},{"ty":"fl","c":{"a":0,"k":[0.847000002394,0.808000033509,0.788000009574,1],"ix":4},"o":{"a":0,"k":100,"ix":5},"r":1,"bm":0,"nm":"Fill 1","mn":"ADBE Vector Graphic - Fill","hd":false},{"ty":"tr","p":{"a":0,"k":[141.122,448.45],"ix":2},"a":{"a":0,"k":[0,0],"ix":1},"s":{"a":0,"k":[100,100],"ix":3},"r":{"a":0,"k":0,"ix":6},"o":{"a":0,"k":100,"ix":7},"sk":{"a":0,"k":0,"ix":4},"sa":{"a":0,"k":0,"ix":5},"nm":"Transform"}],"nm":"Group 6","np":2,"cix":2,"bm":0,"ix":6,"mn":"ADBE Vector Group","hd":false},{"ty":"gr","it":[{"ind":0,"ty":"sh","ix":1,"ks":{"a":0,"k":{"i":[[9.04,5.04],[8.08,-17.68],[0,0],[0,0],[-4.56,12.08]],"o":[[-6.16,-3.44],[-8.08,17.6],[0,0],[0,0],[4.56,-12.08]],"v":[[15.88,-30.04],[-9.32,-15.4],[-24.92,19.4],[2.28,33.48],[19.4,-2.28]],"c":true},"ix":2},"nm":"Path 1","mn":"ADBE Vector Shape - Group","hd":false},{"ty":"fl","c":{"a":0,"k":[1,1,1,1],"ix":4},"o":{"a":0,"k":100,"ix":5},"r":1,"bm":0,"nm":"Fill 1","mn":"ADBE Vector Graphic - Fill","hd":false},{"ty":"tr","p":{"a":0,"k":[109.242,404.61],"ix":2},"a":{"a":0,"k":[0,0],"ix":1},"s":{"a":0,"k":[100,100],"ix":3},"r":{"a":0,"k":0,"ix":6},"o":{"a":0,"k":100,"ix":7},"sk":{"a":0,"k":0,"ix":4},"sa":{"a":0,"k":0,"ix":5},"nm":"Transform"}],"nm":"Group 7","np":2,"cix":2,"bm":0,"ix":7,"mn":"ADBE Vector Group","hd":false}],"ip":0,"op":86.4,"st":0,"bm":0}],"markers":[{"tm":48,"cm":"rest","dr":0}]}