{"v":"5.8.1","fr":60,"ip":0,"op":96,"w":1024,"h":1024,"nm":"emoji_Ice hockey","ddd":0,"assets":[],"layers":[{"ddd":0,"ind":1,"ty":4,"nm":"ball","sr":1,"ks":{"o":{"a":0,"k":100,"ix":11},"r":{"a":0,"k":0,"ix":10},"p":{"a":1,"k":[{"i":{"x":0.833,"y":0.833},"o":{"x":0.167,"y":0.167},"t":0,"s":[790,880,0],"to":[0,0,0],"ti":[0,0,0]},{"i":{"x":0,"y":1},"o":{"x":0.167,"y":0.167},"t":12,"s":[376,874,0],"to":[0,0,0],"ti":[0,0,0]},{"i":{"x":0.833,"y":0.833},"o":{"x":0.333,"y":0},"t":62,"s":[344,918,0],"to":[0,0,0],"ti":[0,0,0]},{"i":{"x":0.833,"y":0.833},"o":{"x":0.167,"y":0.167},"t":74,"s":[1328,1004,0],"to":[0,0,0],"ti":[0,0,0]},{"i":{"x":0.833,"y":0.833},"o":{"x":0.167,"y":0.167},"t":90,"s":[1328,916,0],"to":[0,0,0],"ti":[0,0,0]},{"t":96,"s":[790,880,0]}],"ix":2,"l":2},"a":{"a":0,"k":[790,880,0],"ix":1,"l":2},"s":{"a":1,"k":[{"i":{"x":[0.833,0.833,0.833],"y":[0.833,0.833,0.833]},"o":{"x":[0.167,0.167,0.167],"y":[0.167,0.167,0.167]},"t":0,"s":[100,100,100]},{"i":{"x":[0.667,0.667,0.667],"y":[1,1,1]},"o":{"x":[0.167,0.167,0.167],"y":[0,0,-0.214]},"t":12,"s":[79,79,100]},{"i":{"x":[0.833,0.833,0.833],"y":[0.833,0.833,1]},"o":{"x":[0.333,0.333,0.333],"y":[0,0,0]},"t":62,"s":[79,79,100]},{"i":{"x":[0.833,0.833,0.833],"y":[0.833,0.833,0.833]},"o":{"x":[0.167,0.167,0.167],"y":[0.167,0.167,0.167]},"t":74,"s":[202,202,100]},{"i":{"x":[0.833,0.833,0.833],"y":[0.833,0.833,0.833]},"o":{"x":[0.167,0.167,0.167],"y":[0.167,0.167,0.167]},"t":90,"s":[202,202,100]},{"t":96,"s":[100,100,100]}],"ix":6,"l":2}},"ao":0,"shapes":[{"ty":"gr","it":[{"ind":0,"ty":"sh","ix":1,"ks":{"a":1,"k":[{"i":{"x":0.833,"y":0.833},"o":{"x":0.333,"y":0},"t":62,"s":[{"i":[[117.12,1.12],[-0.8,-23.839],[-104.48,-1.679],[-0.32,9.12]],"o":[[-96.16,-0.96],[0.56,18.64],[113.44,1.84],[0.24,-10.639]],"v":[[-3.76,-67.08],[-139.36,-2.6],[2.24,66.2],[139.92,-3.8]],"c":true}]},{"i":{"x":0.833,"y":0.833},"o":{"x":0.167,"y":0.167},"t":74,"s":[{"i":[[117.12,1.12],[4.02,-16.089],[-104.472,2.106],[-0.32,9.12]],"o":[[-96.16,-0.96],[2.909,8.911],[118.513,-2.389],[0.24,-10.639]],"v":[[-0.853,-39.58],[-144.638,-9.267],[1.98,23.422],[144.642,-10.189]],"c":true}]},{"i":{"x":0.833,"y":0.833},"o":{"x":0.167,"y":0.167},"t":90,"s":[{"i":[[117.12,1.12],[4.02,-16.089],[-104.472,2.106],[-0.32,9.12]],"o":[[-96.16,-0.96],[2.909,8.911],[118.513,-2.389],[0.24,-10.639]],"v":[[-0.853,-39.58],[-144.638,-9.267],[1.98,23.422],[144.642,-10.189]],"c":true}]},{"t":96,"s":[{"i":[[117.12,1.12],[-0.8,-23.839],[-104.48,-1.679],[-0.32,9.12]],"o":[[-96.16,-0.96],[0.56,18.64],[113.44,1.84],[0.24,-10.639]],"v":[[-3.76,-67.08],[-139.36,-2.6],[2.24,66.2],[139.92,-3.8]],"c":true}]}],"ix":2},"nm":"Path 1","mn":"ADBE Vector Shape - Group","hd":false},{"ty":"fl","c":{"a":0,"k":[0.368999974868,0.388000009574,0.404000016755,1],"ix":4},"o":{"a":0,"k":100,"ix":5},"r":1,"bm":0,"nm":"Fill 1","mn":"ADBE Vector Graphic - Fill","hd":false},{"ty":"tr","p":{"a":0,"k":[787.84,849.8],"ix":2},"a":{"a":0,"k":[0,0],"ix":1},"s":{"a":0,"k":[100,100],"ix":3},"r":{"a":0,"k":0,"ix":6},"o":{"a":0,"k":100,"ix":7},"sk":{"a":0,"k":0,"ix":4},"sa":{"a":0,"k":0,"ix":5},"nm":"Transform"}],"nm":"Group 1","np":2,"cix":2,"bm":0,"ix":1,"mn":"ADBE Vector Group","hd":false},{"ty":"gr","it":[{"ind":0,"ty":"sh","ix":1,"ks":{"a":1,"k":[{"i":{"x":0.833,"y":0.833},"o":{"x":0.333,"y":0},"t":62,"s":[{"i":[[0,0],[0,0],[-0.8,-31.28],[0,0],[-108.64,-1.6],[0,0],[0,19.52],[2.72,3.679]],"o":[[0,0],[0,0],[0.8,31.279],[0,0],[118,1.759],[0,0],[0,-12.561],[-7.76,-10.16]],"v":[[-35.32,-79.199],[-139.4,-61.199],[-141.72,-15.039],[-136.28,27.2],[-5.32,77.441],[137.72,28.001],[142.52,-17.199],[139.32,-62.479]],"c":true}]},{"i":{"x":0.833,"y":0.833},"o":{"x":0.167,"y":0.167},"t":74,"s":[{"i":[[0,0],[0,0],[1.169,-31.268],[0,0],[-108.64,-1.6],[0,0],[0.213,21.855],[2.72,3.679]],"o":[[0,0],[0,0],[-1.38,36.918],[0,0],[118,1.759],[0,0],[-0.123,-12.56],[-7.76,-10.16]],"v":[[-35.32,-79.199],[-144.678,-66.755],[-146.5,-31.984],[-138.56,9.422],[-5.084,29.663],[141.551,10.778],[144.407,-30.811],[144.042,-68.868]],"c":true}]},{"i":{"x":0.833,"y":0.833},"o":{"x":0.167,"y":0.167},"t":90,"s":[{"i":[[0,0],[0,0],[1.169,-31.268],[0,0],[-108.64,-1.6],[0,0],[0.213,21.855],[2.72,3.679]],"o":[[0,0],[0,0],[-1.38,36.918],[0,0],[118,1.759],[0,0],[-0.123,-12.56],[-7.76,-10.16]],"v":[[-35.32,-79.199],[-144.678,-66.755],[-146.5,-31.984],[-138.56,9.422],[-5.084,29.663],[141.551,10.778],[144.407,-30.811],[144.042,-68.868]],"c":true}]},{"t":96,"s":[{"i":[[0,0],[0,0],[-0.8,-31.28],[0,0],[-108.64,-1.6],[0,0],[0,19.52],[2.72,3.679]],"o":[[0,0],[0,0],[0.8,31.279],[0,0],[118,1.759],[0,0],[0,-12.561],[-7.76,-10.16]],"v":[[-35.32,-79.199],[-139.4,-61.199],[-141.72,-15.039],[-136.28,27.2],[-5.32,77.441],[137.72,28.001],[142.52,-17.199],[139.32,-62.479]],"c":true}]}],"ix":2},"nm":"Path 1","mn":"ADBE Vector Shape - Group","hd":false},{"ty":"fl","c":{"a":0,"k":[0.603999956916,0.603999956916,0.603999956916,1],"ix":4},"o":{"a":0,"k":100,"ix":5},"r":1,"bm":0,"nm":"Fill 1","mn":"ADBE Vector Graphic - Fill","hd":false},{"ty":"tr","p":{"a":0,"k":[787.88,908.4],"ix":2},"a":{"a":0,"k":[0,0],"ix":1},"s":{"a":0,"k":[100,100],"ix":3},"r":{"a":0,"k":0,"ix":6},"o":{"a":0,"k":100,"ix":7},"sk":{"a":0,"k":0,"ix":4},"sa":{"a":0,"k":0,"ix":5},"nm":"Transform"}],"nm":"Group 2","np":2,"cix":2,"bm":0,"ix":2,"mn":"ADBE Vector Group","hd":false}],"ip":0,"op":96,"st":0,"bm":0},{"ddd":0,"ind":2,"ty":4,"nm":"hockey stick","sr":1,"ks":{"o":{"a":0,"k":100,"ix":11},"r":{"a":1,"k":[{"i":{"x":[0.667],"y":[1]},"o":{"x":[0.333],"y":[0]},"t":12,"s":[0]},{"i":{"x":[0.667],"y":[1]},"o":{"x":[0.333],"y":[0]},"t":18,"s":[1]},{"i":{"x":[0.667],"y":[1]},"o":{"x":[0.508],"y":[-0.1]},"t":28,"s":[0]},{"i":{"x":[0],"y":[1.013]},"o":{"x":[0.508],"y":[-0.014]},"t":34,"s":[0]},{"i":{"x":[0.667],"y":[1]},"o":{"x":[1],"y":[0.026]},"t":48,"s":[17]},{"i":{"x":[0.667],"y":[1]},"o":{"x":[0.167],"y":[-0.02]},"t":64,"s":[-3]},{"i":{"x":[0.833],"y":[1]},"o":{"x":[0.508],"y":[0.445]},"t":76,"s":[0.3]},{"t":84,"s":[0]}],"ix":10},"p":{"a":1,"k":[{"i":{"x":0,"y":1},"o":{"x":0.508,"y":0},"t":34,"s":[928,116,0],"to":[2.667,-2.333,0],"ti":[-1,-1,0]},{"i":{"x":0.667,"y":1},"o":{"x":1,"y":0},"t":48,"s":[944,102,0],"to":[1,1,0],"ti":[2.667,-2.333,0]},{"i":{"x":0.667,"y":1},"o":{"x":0.167,"y":0},"t":64,"s":[934,122,0],"to":[-2.667,2.333,0],"ti":[1,1,0]},{"t":76,"s":[928,116,0]}],"ix":2,"l":2},"a":{"a":0,"k":[928,116,0],"ix":1,"l":2},"s":{"a":1,"k":[{"i":{"x":[0,0,0.667],"y":[0.987,0.987,1]},"o":{"x":[0.508,0.508,0.333],"y":[0.015,0.015,0]},"t":34,"s":[100,100,100]},{"i":{"x":[0.667,0.667,0.667],"y":[1,1,1]},"o":{"x":[1,1,0.333],"y":[-0.04,-0.04,0]},"t":48,"s":[84,84,100]},{"i":{"x":[0.667,0.667,0.667],"y":[1,1,1]},"o":{"x":[0.167,0.167,0.167],"y":[0,0,0]},"t":64,"s":[97,97,100]},{"t":76,"s":[100,100,100]}],"ix":6,"l":2}},"ao":0,"shapes":[{"ty":"gr","it":[{"ind":0,"ty":"sh","ix":1,"ks":{"a":1,"k":[{"i":{"x":0,"y":1},"o":{"x":0.508,"y":0},"t":34,"s":[{"i":[[12.24,-0.88],[0.72,-4.16],[0,0],[0,0],[-22.193,-15.182],[0,0],[0,0],[-5.76,3.92],[1.44,9.76]],"o":[[-14.8,1.12],[-1.44,8],[0,0],[0,0],[22.194,15.181],[0,0],[0,0],[6,-4.08],[-1.2,-8]],"v":[[-11.2,-74.28],[-46.16,-31.16],[-32.48,-16.28],[-69.92,37.4],[-41.91,56.561],[-14.72,75.16],[22.32,21.88],[39.28,25.88],[68.48,-22.76]],"c":true}]},{"i":{"x":0.667,"y":1},"o":{"x":1,"y":0},"t":48,"s":[{"i":[[20.76,-6.3],[0.667,-4.005],[0,0],[0,0],[-21.875,-13.979],[0,0],[0,0],[-5.705,3.842],[1.562,9.356]],"o":[[-13.835,5.327],[-1.337,7.704],[0,0],[0,0],[21.876,13.979],[0,0],[0,0],[5.942,-3.998],[-16.855,-28.391]],"v":[[-13.24,-67.853],[-47.618,-25.974],[-36.819,-7.993],[-70.485,40.195],[-50.398,67.699],[-14.864,75.739],[18.407,27.94],[38.457,27.691],[67.01,-19.415]],"c":true}]},{"i":{"x":0.667,"y":1},"o":{"x":0.167,"y":0},"t":64,"s":[{"i":[[23.2,-0.479],[0.941,-4.357],[0,0],[0,0],[-19.694,-14.218],[0,0],[0,0],[-5.663,3.818],[0.733,10.399]],"o":[[-13.983,0.348],[-1.862,8.375],[0,0],[0,0],[19.694,14.217],[0,0],[0,0],[5.899,-3.974],[-1.684,-23.162]],"v":[[-8.606,-76.457],[-44.207,-32.849],[-32.294,-16.347],[-70.897,38.284],[-36.78,56.101],[-15.047,78.602],[23.155,24.371],[38.843,29.558],[69.381,-20.21]],"c":true}]},{"t":76,"s":[{"i":[[12.24,-0.88],[0.72,-4.16],[0,0],[0,0],[-22.193,-15.182],[0,0],[0,0],[-5.76,3.92],[1.44,9.76]],"o":[[-14.8,1.12],[-1.44,8],[0,0],[0,0],[22.194,15.181],[0,0],[0,0],[6,-4.08],[-1.2,-8]],"v":[[-11.2,-74.28],[-46.16,-31.16],[-32.48,-16.28],[-69.92,37.4],[-41.91,56.561],[-14.72,75.16],[22.32,21.88],[39.28,25.88],[68.48,-22.76]],"c":true}]}],"ix":2},"nm":"Path 1","mn":"ADBE Vector Shape - Group","hd":false},{"ty":"fl","c":{"a":0,"k":[0.368999974868,0.388000009574,0.404000016755,1],"ix":4},"o":{"a":0,"k":100,"ix":5},"r":1,"bm":0,"nm":"Fill 1","mn":"ADBE Vector Graphic - Fill","hd":false},{"ty":"tr","p":{"a":0,"k":[929.52,135.64],"ix":2},"a":{"a":0,"k":[0,0],"ix":1},"s":{"a":0,"k":[100,100],"ix":3},"r":{"a":0,"k":0,"ix":6},"o":{"a":0,"k":100,"ix":7},"sk":{"a":0,"k":0,"ix":4},"sa":{"a":0,"k":0,"ix":5},"nm":"Transform"}],"nm":"Group 1","np":2,"cix":2,"bm":0,"ix":1,"mn":"ADBE Vector Group","hd":false},{"ty":"gr","it":[{"ind":0,"ty":"sh","ix":1,"ks":{"a":1,"k":[{"i":{"x":0,"y":1},"o":{"x":0.508,"y":0},"t":34,"s":[{"i":[[0,0],[-25.855,-19.571],[0,0],[0,0],[0,0]],"o":[[0,0],[25.855,19.57],[0,0],[0,0],[0,0]],"v":[[-161.36,165.401],[-130.369,188.859],[-97.84,213.479],[161.36,-176.201],[105.76,-213.479]],"c":true}]},{"i":{"x":0.667,"y":1},"o":{"x":1,"y":0},"t":48,"s":[{"i":[[0,0],[-24.823,-17.57],[0,0],[0,0],[0,0]],"o":[[0,0],[27.26,19.295],[0,0],[0,0],[0,0]],"v":[[-156.991,157.088],[-136.652,193.359],[-92.928,202.436],[161.069,-175.289],[105.054,-210.367]],"c":true}]},{"i":{"x":0.667,"y":1},"o":{"x":0.167,"y":0},"t":64,"s":[{"i":[[0,0],[-27.137,-17.97],[0,0],[0,0],[0,0]],"o":[[0,0],[27.137,17.968],[0,0],[0,0],[0,0]],"v":[[-163.783,169.922],[-127.842,188.56],[-96.218,214.662],[161.273,-172.955],[105.017,-212.788]],"c":true}]},{"t":76,"s":[{"i":[[0,0],[-25.855,-19.571],[0,0],[0,0],[0,0]],"o":[[0,0],[25.855,19.57],[0,0],[0,0],[0,0]],"v":[[-161.36,165.401],[-130.369,188.859],[-97.84,213.479],[161.36,-176.201],[105.76,-213.479]],"c":true}]}],"ix":2},"nm":"Path 1","mn":"ADBE Vector Shape - Group","hd":false},{"ty":"fl","c":{"a":0,"k":[0.987999949736,0.161000001197,0.161000001197,1],"ix":4},"o":{"a":0,"k":100,"ix":5},"r":1,"bm":0,"nm":"Fill 1","mn":"ADBE Vector Graphic - Fill","hd":false},{"ty":"tr","p":{"a":0,"k":[761.04,376.04],"ix":2},"a":{"a":0,"k":[0,0],"ix":1},"s":{"a":0,"k":[100,100],"ix":3},"r":{"a":0,"k":0,"ix":6},"o":{"a":0,"k":100,"ix":7},"sk":{"a":0,"k":0,"ix":4},"sa":{"a":0,"k":0,"ix":5},"nm":"Transform"}],"nm":"Group 2","np":2,"cix":2,"bm":0,"ix":2,"mn":"ADBE Vector Group","hd":false},{"ty":"gr","it":[{"ind":0,"ty":"sh","ix":1,"ks":{"a":1,"k":[{"i":{"x":0,"y":1},"o":{"x":0.508,"y":0},"t":34,"s":[{"i":[[0,0],[-24.083,-18.077],[0,0],[0,0],[27.297,20.166],[0,0]],"o":[[0,0],[24.083,18.077],[0,0],[0,0],[-27.298,-20.165],[0,0]],"v":[[-17.24,-45.96],[16.082,-20.947],[47.56,2.681],[19.8,45.96],[-15.118,20.165],[-47.56,-3.8]],"c":true}]},{"i":{"x":0.667,"y":1},"o":{"x":1,"y":0},"t":48,"s":[{"i":[[0,0],[-24.386,-17.117],[0,0],[0,0],[27.687,19.122],[0,0]],"o":[[0,0],[26.885,18.87],[0,0],[0,0],[-25.422,-17.558],[0,0]],"v":[[-12.439,-55.241],[7.139,-19.691],[52.91,-9.373],[25.727,32.566],[-21.51,21.624],[-42.194,-14.345]],"c":true}]},{"i":{"x":0.667,"y":1},"o":{"x":0.167,"y":0},"t":64,"s":[{"i":[[0,0],[-28.004,-18.499],[0,0],[0,0],[29.756,19.566],[0,0]],"o":[[0,0],[28.004,18.5],[0,0],[0,0],[-27.178,-17.872],[0,0]],"v":[[-20.338,-40.89],[16.676,-21.596],[48.394,4.514],[19.551,48.698],[-13.432,21.86],[-51.517,1.964]],"c":true}]},{"t":76,"s":[{"i":[[0,0],[-24.083,-18.077],[0,0],[0,0],[27.297,20.166],[0,0]],"o":[[0,0],[24.083,18.077],[0,0],[0,0],[-27.298,-20.165],[0,0]],"v":[[-17.24,-45.96],[16.082,-20.947],[47.56,2.681],[19.8,45.96],[-15.118,20.165],[-47.56,-3.8]],"c":true}]}],"ix":2},"nm":"Path 1","mn":"ADBE Vector Shape - Group","hd":false},{"ty":"fl","c":{"a":0,"k":[0.875,0.877999997606,0.877999997606,1],"ix":4},"o":{"a":0,"k":100,"ix":5},"r":1,"bm":0,"nm":"Fill 1","mn":"ADBE Vector Graphic - Fill","hd":false},{"ty":"tr","p":{"a":0,"k":[594.04,619.64],"ix":2},"a":{"a":0,"k":[0,0],"ix":1},"s":{"a":0,"k":[100,100],"ix":3},"r":{"a":0,"k":0,"ix":6},"o":{"a":0,"k":100,"ix":7},"sk":{"a":0,"k":0,"ix":4},"sa":{"a":0,"k":0,"ix":5},"nm":"Transform"}],"nm":"Group 3","np":2,"cix":2,"bm":0,"ix":3,"mn":"ADBE Vector Group","hd":false},{"ty":"gr","it":[{"ind":0,"ty":"sh","ix":1,"ks":{"a":1,"k":[{"i":{"x":0,"y":1},"o":{"x":0.508,"y":0},"t":34,"s":[{"i":[[0,0],[0,0],[0,0],[0,0],[27.069,20.326]],"o":[[0,0],[0,0],[0,0],[0,0],[-27.069,-20.326]],"v":[[-73.2,32.04],[9.04,-82.92],[73.2,-37.32],[-5.44,82.92],[-39.819,57.105]],"c":true}]},{"i":{"x":0.667,"y":1},"o":{"x":1,"y":0},"t":48,"s":[{"i":[[0,0],[0,0],[0,0],[0,0],[30.559,21.457]],"o":[[0,0],[0,0],[0,0],[0,0],[-27.768,-19.498]],"v":[[-67.401,20.523],[13.298,-90.986],[77.969,-48.03],[0.933,68.503],[-45.033,58.04]],"c":true}]},{"i":{"x":0.667,"y":1},"o":{"x":0.167,"y":0},"t":64,"s":[{"i":[[0,0],[0,0],[0,0],[0,0],[30.541,20.514]],"o":[[0,0],[0,0],[0,0],[0,0],[-30.541,-20.513]],"v":[[-77.837,38.358],[6.771,-78.522],[75.095,-36.367],[-6.465,86.297],[-39.06,59.216]],"c":true}]},{"t":76,"s":[{"i":[[0,0],[0,0],[0,0],[0,0],[27.069,20.326]],"o":[[0,0],[0,0],[0,0],[0,0],[-27.069,-20.326]],"v":[[-73.2,32.04],[9.04,-82.92],[73.2,-37.32],[-5.44,82.92],[-39.819,57.105]],"c":true}]}],"ix":2},"nm":"Path 1","mn":"ADBE Vector Shape - Group","hd":false},{"ty":"fl","c":{"a":0,"k":[0.365000017952,0.388000009574,0.395999983245,1],"ix":4},"o":{"a":0,"k":100,"ix":5},"r":1,"bm":0,"nm":"Fill 1","mn":"ADBE Vector Graphic - Fill","hd":false},{"ty":"tr","p":{"a":0,"k":[596.88,616.04],"ix":2},"a":{"a":0,"k":[0,0],"ix":1},"s":{"a":0,"k":[100,100],"ix":3},"r":{"a":0,"k":0,"ix":6},"o":{"a":0,"k":100,"ix":7},"sk":{"a":0,"k":0,"ix":4},"sa":{"a":0,"k":0,"ix":5},"nm":"Transform"}],"nm":"Group 4","np":2,"cix":2,"bm":0,"ix":4,"mn":"ADBE Vector Group","hd":false},{"ty":"gr","it":[{"ind":0,"ty":"sh","ix":1,"ks":{"a":1,"k":[{"i":{"x":0,"y":1},"o":{"x":0.508,"y":0},"t":34,"s":[{"i":[[0,0],[8.4,-9.839],[-2.32,-19.2],[-12.56,4.481],[-12.16,15.92],[0,0]],"o":[[-1.36,3.28],[-8.4,9.84],[2.32,19.121],[22.4,-7.92],[8.32,-10.88],[0,0]],"v":[[42.44,-101.841],[-64.04,35.519],[-84.12,77.599],[-51.56,97.359],[-10.76,55.12],[86.44,-83.6]],"c":true}]},{"i":{"x":0.667,"y":1},"o":{"x":1,"y":0},"t":48,"s":[{"i":[[0,0],[8.267,-9.563],[-2.561,-18.412],[-12.49,4.469],[-11.946,15.452],[0,0]],"o":[[-1.317,3.168],[-8.267,9.562],[2.559,18.335],[22.277,-7.902],[8.174,-10.561],[0,0]],"v":[[48.193,-113.644],[-56.437,19.701],[-75.963,60.385],[-43.187,78.937],[-2.964,37.826],[92.379,-96.704]],"c":true}]},{"i":{"x":0.667,"y":1},"o":{"x":0.167,"y":0},"t":64,"s":[{"i":[[0,0],[8.521,-9.926],[-0.961,-20.427],[-12.091,4.025],[-12.442,16.142],[0,0]],"o":[[-1.487,3.391],[-8.521,9.928],[0.966,20.344],[21.559,-7.108],[8.512,-11.031],[0,0]],"v":[[36.325,-94.127],[-72.492,45.061],[-94.04,88.41],[-64.689,111.139],[-23.654,68.791],[76.526,-72.36]],"c":true}]},{"t":76,"s":[{"i":[[0,0],[8.4,-9.839],[-2.32,-19.2],[-12.56,4.481],[-12.16,15.92],[0,0]],"o":[[-1.36,3.28],[-8.4,9.84],[2.32,19.121],[22.4,-7.92],[8.32,-10.88],[0,0]],"v":[[42.44,-101.841],[-64.04,35.519],[-84.12,77.599],[-51.56,97.359],[-10.76,55.12],[86.44,-83.6]],"c":true}]}],"ix":2},"nm":"Path 1","mn":"ADBE Vector Shape - Group","hd":false},{"ty":"fl","c":{"a":0,"k":[0.941000007181,0.541000007181,0.204000001795,1],"ix":4},"o":{"a":0,"k":100,"ix":5},"r":1,"bm":0,"nm":"Fill 1","mn":"ADBE Vector Graphic - Fill","hd":false},{"ty":"tr","p":{"a":0,"k":[507.4,748.48],"ix":2},"a":{"a":0,"k":[0,0],"ix":1},"s":{"a":0,"k":[100,100],"ix":3},"r":{"a":0,"k":0,"ix":6},"o":{"a":0,"k":100,"ix":7},"sk":{"a":0,"k":0,"ix":4},"sa":{"a":0,"k":0,"ix":5},"nm":"Transform"}],"nm":"Group 5","np":2,"cix":2,"bm":0,"ix":5,"mn":"ADBE Vector Group","hd":false},{"ty":"gr","it":[{"ind":0,"ty":"sh","ix":1,"ks":{"a":1,"k":[{"i":{"x":0,"y":1},"o":{"x":0.508,"y":0},"t":34,"s":[{"i":[[0,0],[11.2,-13.601],[12.8,-8],[138.08,0],[48.72,0],[-4.8,-15.2],[-55.2,-10],[-78.88,12.8],[-25.6,16.801],[-14.32,22.32],[0,0],[0,0]],"o":[[0,0],[-11.2,13.599],[-12.8,8],[-108.56,0],[-37.92,0],[4.8,15.2],[50.8,9.28],[65.44,-10.64],[24.48,-16.079],[14.32,-22.319],[0,0],[0,0]],"v":[[218.16,-155.12],[156.64,-74.479],[103.92,-21.76],[-51.76,0.561],[-248.96,-11.439],[-272.88,70],[-184.24,145.84],[1.04,136.24],[147.84,94.64],[214.24,6.88],[286.88,-106.479],[286.08,-124.88]],"c":true}]},{"i":{"x":0.667,"y":1},"o":{"x":1,"y":0},"t":48,"s":[{"i":[[0,0],[11.016,-13.211],[12.686,-7.853],[137.937,-1.82],[48.67,-0.642],[-4.987,-14.537],[-55.27,-8.879],[-78.637,13.333],[-25.361,16.475],[-14.023,21.628],[0,0],[0,0]],"o":[[0,0],[-11.016,13.211],[-12.685,7.853],[-108.448,1.429],[-37.881,0.5],[4.988,14.538],[50.865,8.244],[65.237,-11.083],[24.251,-15.768],[14.022,-21.628],[0,0],[0,0]],"v":[[223.914,-166.541],[163.479,-88.271],[111.481,-36.936],[-43.755,-13.445],[-240.904,-22.375],[-263.768,56.168],[-174.258,127.85],[10.709,116.188],[156.83,74.294],[222.05,-10.879],[293.179,-120.725],[292.147,-138.389]],"c":true}]},{"i":{"x":0.667,"y":1},"o":{"x":0.167,"y":0},"t":64,"s":[{"i":[[0,0],[11.392,-13.745],[12.54,-7.734],[129.795,7.8],[45.797,2.752],[-3.546,-16.339],[-51.253,-13.688],[-74.96,9.076],[-25.131,16.313],[-14.878,22.786],[0,0],[0,0]],"o":[[0,0],[-11.392,13.744],[-12.54,7.734],[-102.046,-6.133],[-35.644,-2.142],[3.547,16.34],[47.162,12.68],[62.19,-7.55],[24.033,-15.615],[14.879,-22.785],[0,0],[0,0]],"v":[[213.578,-148.845],[150.627,-67.075],[97.721,-14.323],[-50.036,0.478],[-234.641,-23.347],[-262.299,61.392],[-183.795,146.57],[-9.023,146.888],[131.611,111.205],[199.602,22.184],[285.995,-103.219],[274.46,-145.738]],"c":true}]},{"t":76,"s":[{"i":[[0,0],[11.2,-13.601],[12.8,-8],[138.08,0],[48.72,0],[-4.8,-15.2],[-55.2,-10],[-78.88,12.8],[-25.6,16.801],[-14.32,22.32],[0,0],[0,0]],"o":[[0,0],[-11.2,13.599],[-12.8,8],[-108.56,0],[-37.92,0],[4.8,15.2],[50.8,9.28],[65.44,-10.64],[24.48,-16.079],[14.32,-22.319],[0,0],[0,0]],"v":[[218.16,-155.12],[156.64,-74.479],[103.92,-21.76],[-51.76,0.561],[-248.96,-11.439],[-272.88,70],[-184.24,145.84],[1.04,136.24],[147.84,94.64],[214.24,6.88],[286.88,-106.479],[286.08,-124.88]],"c":true}]}],"ix":2},"nm":"Path 1","mn":"ADBE Vector Shape - Group","hd":false},{"ty":"fl","c":{"a":0,"k":[1,0.658999992819,0.156999999402,1],"ix":4},"o":{"a":0,"k":100,"ix":5},"r":1,"bm":0,"nm":"Fill 1","mn":"ADBE Vector Graphic - Fill","hd":false},{"ty":"tr","p":{"a":0,"k":[308.08,799.92],"ix":2},"a":{"a":0,"k":[0,0],"ix":1},"s":{"a":0,"k":[100,100],"ix":3},"r":{"a":0,"k":0,"ix":6},"o":{"a":0,"k":100,"ix":7},"sk":{"a":0,"k":0,"ix":4},"sa":{"a":0,"k":0,"ix":5},"nm":"Transform"}],"nm":"Group 6","np":2,"cix":2,"bm":0,"ix":6,"mn":"ADBE Vector Group","hd":false}],"ip":0,"op":96,"st":0,"bm":0},{"ddd":0,"ind":3,"ty":4,"nm":"hockey stick shadow","parent":2,"sr":1,"ks":{"o":{"a":0,"k":100,"ix":11},"r":{"a":0,"k":0,"ix":10},"p":{"a":0,"k":[512,512,0],"ix":2,"l":2},"a":{"a":0,"k":[512,512,0],"ix":1,"l":2},"s":{"a":0,"k":[100,100,100],"ix":6,"l":2}},"ao":0,"shapes":[{"ty":"gr","it":[{"ind":0,"ty":"sh","ix":1,"ks":{"a":1,"k":[{"i":{"x":0,"y":1},"o":{"x":0.508,"y":0},"t":34,"s":[{"i":[[0,0],[11.392,-13.745],[19.955,-13.262],[67.912,0.421],[29.046,2.945],[-0.325,-37.993],[-54.672,-15.329],[-74.96,9.075],[-25.131,16.314],[-14.879,22.786],[0,0],[0,0]],"o":[[0,0],[-11.392,13.744],[-12.27,8.155],[-102.228,-0.633],[-61.2,-6.205],[0.249,29.054],[54.672,15.329],[62.189,-7.552],[24.032,-15.615],[14.878,-22.785],[0,0],[0,0]],"v":[[240.856,-170.305],[171.405,-79.535],[110.999,-22.783],[-32.958,-7.966],[-194.592,-17.99],[-259.221,30.948],[-183.218,126.626],[-2.445,125.944],[164.189,67.26],[217.68,9.74],[299.073,-117.163],[292.989,-148.159]],"c":true}]},{"i":{"x":0.667,"y":1},"o":{"x":1,"y":0},"t":48,"s":[{"i":[[0,0],[11.016,-13.211],[12.686,-7.852],[137.937,-1.818],[48.67,-0.642],[-0.533,-15.359],[-82.231,-16.466],[-78.637,13.335],[-19.319,23.589],[-14.022,21.628],[0,0],[0,0]],"o":[[0,0],[-11.016,13.211],[-12.685,7.854],[-108.448,1.431],[-37.88,0.499],[0.863,24.866],[50.865,8.245],[65.238,-11.082],[18.328,-22.38],[14.023,-21.629],[0,0],[0,0]],"v":[[238.432,-173.982],[199.921,-126.7],[147.923,-75.365],[-7.313,-51.875],[-204.462,-60.803],[-250.41,6.588],[-153.816,115.42],[46.151,101.258],[185.772,50.866],[257.992,-52.807],[307.266,-130.502],[305.118,-192.975]],"c":true}]},{"i":{"x":0.667,"y":1},"o":{"x":0.167,"y":0},"t":64,"s":[{"i":[[0,0],[11.392,-13.745],[12.54,-7.734],[129.795,7.8],[45.792,2.823],[-3.547,-16.339],[-51.252,-13.689],[-74.96,9.075],[-25.131,16.314],[-14.879,22.786],[0,0],[0,0]],"o":[[0,0],[-11.392,13.744],[-12.54,7.734],[-102.046,-6.133],[-61.397,-3.784],[3.546,16.339],[47.162,12.679],[62.189,-7.552],[24.032,-15.615],[14.878,-22.785],[0,0],[0,0]],"v":[[233.356,-153.305],[170.405,-71.535],[117.499,-18.783],[-54.958,-5.466],[-220.092,-33.99],[-267.221,55.448],[-188.718,140.626],[-13.945,140.944],[126.689,105.26],[194.68,16.24],[281.073,-109.163],[281.489,-128.659]],"c":true}]},{"t":76,"s":[{"i":[[0,0],[11.392,-13.745],[19.955,-13.262],[67.912,0.421],[29.046,2.945],[-0.325,-37.993],[-54.672,-15.329],[-74.96,9.075],[-25.131,16.314],[-14.879,22.786],[0,0],[0,0]],"o":[[0,0],[-11.392,13.744],[-12.27,8.155],[-102.228,-0.633],[-61.2,-6.205],[0.249,29.054],[54.672,15.329],[62.189,-7.552],[24.032,-15.615],[14.878,-22.785],[0,0],[0,0]],"v":[[240.856,-170.305],[171.405,-79.535],[110.999,-22.783],[-32.958,-7.966],[-194.592,-17.99],[-259.221,30.948],[-183.218,126.626],[-2.445,125.944],[164.189,67.26],[217.68,9.74],[299.073,-117.163],[292.989,-148.159]],"c":true}]}],"ix":2},"nm":"Path 1","mn":"ADBE Vector Shape - Group","hd":false},{"ty":"fl","c":{"a":0,"k":[0.941000007181,0.541000007181,0.204000001795,1],"ix":4},"o":{"a":0,"k":100,"ix":5},"r":1,"bm":0,"nm":"Fill 1","mn":"ADBE Vector Graphic - Fill","hd":false},{"ty":"tr","p":{"a":0,"k":[291.046,810.545],"ix":2},"a":{"a":0,"k":[0,0],"ix":1},"s":{"a":0,"k":[100,100],"ix":3},"r":{"a":0,"k":0,"ix":6},"o":{"a":0,"k":100,"ix":7},"sk":{"a":0,"k":0,"ix":4},"sa":{"a":0,"k":0,"ix":5},"nm":"Transform"}],"nm":"Group 7","np":2,"cix":2,"bm":0,"ix":1,"mn":"ADBE Vector Group","hd":false}],"ip":37,"op":77,"st":0,"bm":0}],"markers":[{"tm":0,"cm":"rest","dr":0}]}