{"v":"5.8.1","fr":60,"ip":0,"op":122,"w":1024,"h":1024,"nm":"emoji_Sparkles","ddd":0,"assets":[],"layers":[{"ddd":0,"ind":1,"ty":4,"nm":"sparkles 4","sr":1,"ks":{"o":{"a":0,"k":100,"ix":11},"r":{"a":0,"k":0,"ix":10},"p":{"a":1,"k":[{"t":42,"s":[359.619,216.429,0],"h":1},{"t":44,"s":[775.619,424.429,0],"h":1},{"t":96,"s":[775.619,424.429,0],"h":1},{"t":98,"s":[359.619,216.429,0],"h":1}],"ix":2,"l":2},"a":{"a":0,"k":[142.707,172.458,0],"ix":1,"l":2},"s":{"a":1,"k":[{"i":{"x":[0,0,0.833],"y":[1,1,1]},"o":{"x":[0,0,0.167],"y":[0,0,0.101]},"t":0,"s":[100,100,100]},{"i":{"x":[0.833,0.833,0.833],"y":[0.833,0.833,17.522]},"o":{"x":[0.841,0.841,0.167],"y":[0,0,0]},"t":20,"s":[113.998,113.998,100]},{"i":{"x":[0.833,0.833,0.833],"y":[0.833,0.833,0.833]},"o":{"x":[0.167,0.167,0.167],"y":[0.167,0.167,0.167]},"t":44,"s":[0,0,100]},{"i":{"x":[0.451,0.451,0.843],"y":[1,1,1]},"o":{"x":[0.167,0.167,0.167],"y":[0.167,0.167,16.425]},"t":52,"s":[0,0,100]},{"i":{"x":[0.334,0.334,0.833],"y":[1,1,1]},"o":{"x":[0.841,0.841,0.167],"y":[0,0,0]},"t":78,"s":[67.998,67.998,100]},{"i":{"x":[1,1,0.833],"y":[1,1,2.301]},"o":{"x":[0.729,0.729,0.18],"y":[0,0,0]},"t":98,"s":[0,0,100]},{"i":{"x":[0.517,0.517,0.841],"y":[1,1,1]},"o":{"x":[0.167,0.167,0.167],"y":[0.167,0.167,0.698]},"t":122,"s":[100,100,100]},{"t":144,"s":[137,137,100]}],"ix":6,"l":2}},"ao":0,"shapes":[{"ty":"gr","it":[{"ind":0,"ty":"sh","ix":1,"ks":{"a":0,"k":{"i":[[0,0],[4.596,1.29],[0,0],[3.708,12.981],[0,0],[1.209,-4.999],[0,0],[13.384,-3.467],[0,0],[-4.515,-1.612],[0,0],[-3.548,-11.852],[0,0],[-1.209,4.919],[0,0],[-11.772,3.95]],"o":[[4.515,-1.532],[0,0],[-13.062,-3.547],[0,0],[-1.209,-4.918],[0,0],[-3.547,13.384],[0,0],[-4.596,1.21],[0,0],[11.69,4.032],[0,0],[1.21,4.838],[0,0],[3.628,-11.853],[0,0]],"v":[[118.035,6.45],[117.793,-2.822],[55.551,-19.592],[28.622,-46.198],[4.112,-147.383],[-5.321,-147.302],[-28.38,-46.521],[-55.793,-19.35],[-117.632,-3.306],[-118.035,5.966],[-52.809,28.541],[-28.541,53.938],[-5.241,147.382],[4.112,147.382],[28.219,53.616],[52.729,28.38]],"c":true},"ix":2},"nm":"Path 1","mn":"ADBE Vector Shape - Group","hd":false},{"ty":"st","c":{"a":0,"k":[0.957000014361,0.705999995213,0,1],"ix":3},"o":{"a":0,"k":100,"ix":4},"w":{"a":0,"k":8.063,"ix":5},"lc":1,"lj":1,"ml":10,"bm":0,"nm":"Stroke 1","mn":"ADBE Vector Graphic - Stroke","hd":false},{"ty":"fl","c":{"a":0,"k":[0.957000014361,0.705999995213,0,1],"ix":4},"o":{"a":0,"k":100,"ix":5},"r":1,"bm":0,"nm":"Fill 1","mn":"ADBE Vector Graphic - Fill","hd":false},{"ty":"tr","p":{"a":0,"k":[142.707,172.458],"ix":2},"a":{"a":0,"k":[0,0],"ix":1},"s":{"a":0,"k":[100,100],"ix":3},"r":{"a":0,"k":0,"ix":6},"o":{"a":0,"k":100,"ix":7},"sk":{"a":0,"k":0,"ix":4},"sa":{"a":0,"k":0,"ix":5},"nm":"Transform"}],"nm":"Group 1","np":3,"cix":2,"bm":0,"ix":1,"mn":"ADBE Vector Group","hd":false}],"ip":0,"op":122,"st":0,"bm":0},{"ddd":0,"ind":2,"ty":4,"nm":"sparkles 3","sr":1,"ks":{"o":{"a":0,"k":100,"ix":11},"r":{"a":0,"k":0,"ix":10},"p":{"a":1,"k":[{"t":36,"s":[666.8,503.937,0],"h":1},{"t":38,"s":[278.8,379.937,0],"h":1},{"t":88,"s":[278.8,379.937,0],"h":1},{"t":90,"s":[666.8,503.937,0],"h":1}],"ix":2,"l":2},"a":{"a":0,"k":[325.895,460.7,0],"ix":1,"l":2},"s":{"a":1,"k":[{"i":{"x":[0.032,0.032,0.667],"y":[1,1,1]},"o":{"x":[0.82,0.82,0.333],"y":[0,0,0]},"t":0,"s":[100,100,100]},{"i":{"x":[0.111,0.111,0.667],"y":[1,1,1]},"o":{"x":[0.759,0.759,0.333],"y":[0,0,0]},"t":38,"s":[0,0,100]},{"i":{"x":[0.032,0.032,0.667],"y":[1,1,1]},"o":{"x":[0.82,0.82,0.333],"y":[0,0,0]},"t":62,"s":[70,70,100]},{"i":{"x":[0.111,0.111,0.667],"y":[1,1,1]},"o":{"x":[0.759,0.759,0.333],"y":[0,0,0]},"t":90,"s":[0,0,100]},{"t":122,"s":[100,100,100]}],"ix":6,"l":2}},"ao":0,"shapes":[{"ty":"gr","it":[{"ind":0,"ty":"sh","ix":1,"ks":{"a":0,"k":{"i":[[-1.693,4.515],[0,0],[0,-104.007],[0,0],[-2.258,9.111],[0,0],[-71.595,23.703],[0,0]],"o":[[0,0],[-68.612,17.415],[0,0],[6.53,-0.644],[0,0],[19.833,-72.804],[0,0],[5.321,-1.934]],"v":[[160.161,-227.645],[-34.629,-182.978],[-141.055,-21.809],[-160.162,227.644],[-146.053,214.341],[-96.549,-23.745],[36.643,-178.301],[149.76,-217.244]],"c":true},"ix":2},"nm":"Path 1","mn":"ADBE Vector Shape - Group","hd":false},{"ty":"fl","c":{"a":0,"k":[0.957000014361,0.705999995213,0,1],"ix":4},"o":{"a":0,"k":100,"ix":5},"r":1,"bm":0,"nm":"Fill 1","mn":"ADBE Vector Graphic - Fill","hd":false},{"ty":"tr","p":{"a":0,"k":[486.137,693.504],"ix":2},"a":{"a":0,"k":[0,0],"ix":1},"s":{"a":0,"k":[100,100],"ix":3},"r":{"a":0,"k":0,"ix":6},"o":{"a":0,"k":100,"ix":7},"sk":{"a":0,"k":0,"ix":4},"sa":{"a":0,"k":0,"ix":5},"nm":"Transform"}],"nm":"Group 1","np":2,"cix":2,"bm":0,"ix":1,"mn":"ADBE Vector Group","hd":false},{"ty":"gr","it":[{"ind":0,"ty":"sh","ix":1,"ks":{"a":0,"k":{"i":[[-23.22,-4.031],[5.403,1.774],[0,0],[19.754,73.046],[0,0],[2.983,1.451],[0,0],[-88.043,-15.157]],"o":[[-1.773,-4.435],[0,0],[-71.837,-23.703],[0,0],[-0.725,-2.741],[0,0],[11.853,110.295],[75.626,13.062]],"v":[[156.171,225.548],[145.527,215.471],[33.218,179.27],[-100.46,24.389],[-149.883,-216.358],[-156.171,-225.548],[-140.207,16.084],[-30.154,193.46]],"c":true},"ix":2},"nm":"Path 1","mn":"ADBE Vector Shape - Group","hd":false},{"ty":"fl","c":{"a":0,"k":[1,0.933000033509,0.344999994016,1],"ix":4},"o":{"a":0,"k":100,"ix":5},"r":1,"bm":0,"nm":"Fill 1","mn":"ADBE Vector Graphic - Fill","hd":false},{"ty":"tr","p":{"a":0,"k":[489.886,227.734],"ix":2},"a":{"a":0,"k":[0,0],"ix":1},"s":{"a":0,"k":[100,100],"ix":3},"r":{"a":0,"k":0,"ix":6},"o":{"a":0,"k":100,"ix":7},"sk":{"a":0,"k":0,"ix":4},"sa":{"a":0,"k":0,"ix":5},"nm":"Transform"}],"nm":"Group 2","np":2,"cix":2,"bm":0,"ix":2,"mn":"ADBE Vector Group","hd":false},{"ty":"gr","it":[{"ind":0,"ty":"sh","ix":1,"ks":{"a":0,"k":{"i":[[15.883,5.16],[0,0],[19.754,73.046],[0,0],[9.675,0],[1.29,-4.756],[0,0],[71.836,-23.704],[0,0],[-15.803,-5.401],[0,0],[-19.834,-72.723],[0,0],[-10.16,0],[-1.29,4.757],[0,0],[-71.596,23.703],[0,0]],"o":[[0,0],[-71.836,-23.703],[0,0],[-1.29,-4.756],[-8.142,0],[0,0],[-19.834,73.045],[0,0],[-15.883,5.16],[0,0],[71.595,23.784],[0,0],[1.29,4.757],[10.722,0],[0,0],[19.833,-72.805],[0,0],[15.642,-5.482]],"v":[[309.519,-17.496],[197.208,-53.697],[63.533,-208.576],[14.109,-449.324],[-0.001,-460.449],[-14.11,-449.324],[-63.533,-208.496],[-197.208,-53.616],[-309.52,-17.414],[-309.842,15.56],[-196.724,54.504],[-63.533,209.061],[-14.029,447.146],[0.082,460.45],[14.19,447.146],[63.694,209.061],[196.886,54.504],[310.002,15.56]],"c":true},"ix":2},"nm":"Path 1","mn":"ADBE Vector Shape - Group","hd":false},{"ty":"fl","c":{"a":0,"k":[0.991999966491,0.847000002394,0.20800000359,1],"ix":4},"o":{"a":0,"k":100,"ix":5},"r":1,"bm":0,"nm":"Fill 1","mn":"ADBE Vector Graphic - Fill","hd":false},{"ty":"tr","p":{"a":0,"k":[325.894,460.7],"ix":2},"a":{"a":0,"k":[0,0],"ix":1},"s":{"a":0,"k":[100,100],"ix":3},"r":{"a":0,"k":0,"ix":6},"o":{"a":0,"k":100,"ix":7},"sk":{"a":0,"k":0,"ix":4},"sa":{"a":0,"k":0,"ix":5},"nm":"Transform"}],"nm":"Group 3","np":2,"cix":2,"bm":0,"ix":3,"mn":"ADBE Vector Group","hd":false}],"ip":0,"op":122,"st":0,"bm":0},{"ddd":0,"ind":3,"ty":4,"nm":"sparkles 2","sr":1,"ks":{"o":{"a":0,"k":100,"ix":11},"r":{"a":0,"k":0,"ix":10},"p":{"a":0,"k":[506.05,337.504,0],"ix":2,"l":2},"a":{"a":0,"k":[185.002,220.236,0],"ix":1,"l":2},"s":{"a":1,"k":[{"i":{"x":[0.262,0.262,0.667],"y":[1,1,1]},"o":{"x":[0.891,0.891,0.333],"y":[0,0,0]},"t":58,"s":[100,100,100]},{"i":{"x":[0.312,0.312,0.667],"y":[1,1,1]},"o":{"x":[0.904,0.904,0.333],"y":[0,0,0]},"t":76,"s":[0,0,100]},{"i":{"x":[0.262,0.262,0.667],"y":[1,1,1]},"o":{"x":[0.891,0.891,0.333],"y":[0,0,0]},"t":98,"s":[50,50,100]},{"i":{"x":[0.312,0.312,0.667],"y":[1,1,1]},"o":{"x":[0.904,0.904,0.333],"y":[0,0,0]},"t":116,"s":[0,0,100]},{"i":{"x":[0.262,0.262,0.667],"y":[1,1,1]},"o":{"x":[0.891,0.891,0.333],"y":[0,0,0]},"t":140,"s":[71,71,100]},{"i":{"x":[0.312,0.312,0.667],"y":[1,1,1]},"o":{"x":[0.904,0.904,0.333],"y":[0,0,0]},"t":158,"s":[0,0,100]},{"t":180,"s":[100,100,100]}],"ix":6,"l":2}},"ao":0,"shapes":[{"ty":"gr","it":[{"ind":0,"ty":"sh","ix":1,"ks":{"a":0,"k":{"i":[[0,0],[-51.923,0],[0,0],[8.144,-1.936],[0,0],[13.867,-61.195],[3.386,-7.498],[0,0]],"o":[[0,-59.743],[0,0],[0,0],[0,0],[-44.746,17.979],[0,0],[-4.676,10.482],[0,0]],"v":[[-77.319,-9.796],[7.257,-99.128],[88.043,-102.434],[75.223,-94.29],[22.493,-77.117],[-56.518,11.086],[-77.803,89.776],[-88.042,102.434]],"c":true},"ix":2},"nm":"Path 1","mn":"ADBE Vector Shape - Group","hd":false},{"ty":"fl","c":{"a":0,"k":[0.957000014361,0.705999995213,0,1],"ix":4},"o":{"a":0,"k":100,"ix":5},"r":1,"bm":0,"nm":"Fill 1","mn":"ADBE Vector Graphic - Fill","hd":false},{"ty":"tr","p":{"a":0,"k":[275.907,334.884],"ix":2},"a":{"a":0,"k":[0,0],"ix":1},"s":{"a":0,"k":[100,100],"ix":3},"r":{"a":0,"k":0,"ix":6},"o":{"a":0,"k":100,"ix":7},"sk":{"a":0,"k":0,"ix":4},"sa":{"a":0,"k":0,"ix":5},"nm":"Transform"}],"nm":"Group 1","np":2,"cix":2,"bm":0,"ix":1,"mn":"ADBE Vector Group","hd":false},{"ty":"gr","it":[{"ind":0,"ty":"sh","ix":1,"ks":{"a":0,"k":{"i":[[0,0],[-51.358,-13.142],[0,0],[2.176,0.645],[0,0],[11.046,51.277],[0,0],[0,0]],"o":[[6.853,63.371],[0,0],[-1.128,-1.532],[0,0],[-58.937,-20.156],[-11.045,-51.277],[-4.112,-11.046],[0,0]],"v":[[-78.448,-6.45],[-16.77,87.639],[90.219,108.521],[85.302,105.054],[28.864,84.333],[-57.405,-12.739],[-80.222,-97.475],[-90.219,-107.957]],"c":true},"ix":2},"nm":"Path 1","mn":"ADBE Vector Shape - Group","hd":false},{"ty":"fl","c":{"a":0,"k":[1,0.933000033509,0.344999994016,1],"ix":4},"o":{"a":0,"k":100,"ix":5},"r":1,"bm":0,"nm":"Fill 1","mn":"ADBE Vector Graphic - Fill","hd":false},{"ty":"tr","p":{"a":0,"k":[275.1,110.304],"ix":2},"a":{"a":0,"k":[0,0],"ix":1},"s":{"a":0,"k":[100,100],"ix":3},"r":{"a":0,"k":0,"ix":6},"o":{"a":0,"k":100,"ix":7},"sk":{"a":0,"k":0,"ix":4},"sa":{"a":0,"k":0,"ix":5},"nm":"Transform"}],"nm":"Group 2","np":2,"cix":2,"bm":0,"ix":2,"mn":"ADBE Vector Group","hd":false},{"ty":"gr","it":[{"ind":0,"ty":"sh","ix":1,"ks":{"a":0,"k":{"i":[[0,0],[11.288,42.167],[0,0],[1.774,-6.37],[0,0],[41.28,-13.626],[0,0],[-9.11,-3.064],[0,0],[-11.449,-41.845],[0,0],[-1.693,6.369],[0,0],[-55.873,13.706],[0,0],[9.19,2.982]],"o":[[-67.161,-22.172],[0,0],[-1.693,-6.37],[0,0],[-11.369,42.006],[0,0],[-9.111,2.983],[0,0],[41.119,13.626],[0,0],[1.774,6.369],[0,0],[11.368,-42.087],[0,0],[9.11,-3.145],[0,0]],"v":[[119.043,-25.599],[34.467,-114.931],[6.329,-213.616],[-13.747,-213.616],[-32.854,-122.428],[-109.69,-33.418],[-175.48,-4.878],[-175.642,14.069],[-109.368,37.531],[-32.774,126.38],[-13.666,213.616],[6.329,213.616],[28.743,126.783],[113.399,37.531],[175.642,14.069],[175.481,-4.957]],"c":true},"ix":2},"nm":"Path 1","mn":"ADBE Vector Shape - Group","hd":false},{"ty":"fl","c":{"a":0,"k":[0.991999966491,0.847000002394,0.20800000359,1],"ix":4},"o":{"a":0,"k":100,"ix":5},"r":1,"bm":0,"nm":"Fill 1","mn":"ADBE Vector Graphic - Fill","hd":false},{"ty":"tr","p":{"a":0,"k":[185.002,220.236],"ix":2},"a":{"a":0,"k":[0,0],"ix":1},"s":{"a":0,"k":[100,100],"ix":3},"r":{"a":0,"k":0,"ix":6},"o":{"a":0,"k":100,"ix":7},"sk":{"a":0,"k":0,"ix":4},"sa":{"a":0,"k":0,"ix":5},"nm":"Transform"}],"nm":"Group 3","np":2,"cix":2,"bm":0,"ix":3,"mn":"ADBE Vector Group","hd":false}],"ip":76,"op":118,"st":58,"bm":0},{"ddd":0,"ind":4,"ty":4,"nm":"sparkles 1","sr":1,"ks":{"o":{"a":0,"k":100,"ix":11},"r":{"a":0,"k":0,"ix":10},"p":{"a":1,"k":[{"t":16,"s":[214.05,721.504,0],"h":1},{"t":18,"s":[574.05,641.504,0],"h":1},{"t":58,"s":[574.05,641.504,0],"h":1},{"t":60,"s":[378.05,749.504,0],"h":1},{"t":98,"s":[378.05,749.504,0],"h":1},{"t":100,"s":[214.05,721.504,0],"h":1}],"ix":2,"l":2},"a":{"a":0,"k":[185.002,220.236,0],"ix":1,"l":2},"s":{"a":1,"k":[{"i":{"x":[0.262,0.262,0.667],"y":[1,1,1]},"o":{"x":[0.891,0.891,0.333],"y":[0,0,0]},"t":0,"s":[100,100,100]},{"i":{"x":[0.312,0.312,0.667],"y":[1,1,1]},"o":{"x":[0.904,0.904,0.333],"y":[0,0,0]},"t":18,"s":[0,0,100]},{"i":{"x":[0.262,0.262,0.667],"y":[1,1,1]},"o":{"x":[0.891,0.891,0.333],"y":[0,0,0]},"t":40.666,"s":[100,100,100]},{"i":{"x":[0.312,0.312,0.667],"y":[1,1,1]},"o":{"x":[0.904,0.904,0.333],"y":[0,0,0]},"t":60,"s":[0,0,100]},{"i":{"x":[0.262,0.262,0.667],"y":[1,1,1]},"o":{"x":[0.891,0.891,0.333],"y":[0,0,0]},"t":82,"s":[71,71,100]},{"i":{"x":[0.312,0.312,0.667],"y":[1,1,1]},"o":{"x":[0.904,0.904,0.333],"y":[0,0,0]},"t":100,"s":[0,0,100]},{"t":122,"s":[100,100,100]}],"ix":6,"l":2}},"ao":0,"shapes":[{"ty":"gr","it":[{"ind":0,"ty":"sh","ix":1,"ks":{"a":0,"k":{"i":[[0,0],[-51.923,0],[0,0],[8.144,-1.936],[0,0],[13.867,-61.195],[3.386,-7.498],[0,0]],"o":[[0,-59.743],[0,0],[0,0],[0,0],[-44.746,17.979],[0,0],[-4.676,10.482],[0,0]],"v":[[-77.319,-9.796],[7.257,-99.128],[88.043,-102.434],[75.223,-94.29],[22.493,-77.117],[-56.518,11.086],[-77.803,89.776],[-88.042,102.434]],"c":true},"ix":2},"nm":"Path 1","mn":"ADBE Vector Shape - Group","hd":false},{"ty":"fl","c":{"a":0,"k":[0.957000014361,0.705999995213,0,1],"ix":4},"o":{"a":0,"k":100,"ix":5},"r":1,"bm":0,"nm":"Fill 1","mn":"ADBE Vector Graphic - Fill","hd":false},{"ty":"tr","p":{"a":0,"k":[275.907,334.884],"ix":2},"a":{"a":0,"k":[0,0],"ix":1},"s":{"a":0,"k":[100,100],"ix":3},"r":{"a":0,"k":0,"ix":6},"o":{"a":0,"k":100,"ix":7},"sk":{"a":0,"k":0,"ix":4},"sa":{"a":0,"k":0,"ix":5},"nm":"Transform"}],"nm":"Group 1","np":2,"cix":2,"bm":0,"ix":1,"mn":"ADBE Vector Group","hd":false},{"ty":"gr","it":[{"ind":0,"ty":"sh","ix":1,"ks":{"a":0,"k":{"i":[[0,0],[-51.358,-13.142],[0,0],[2.176,0.645],[0,0],[11.046,51.277],[0,0],[0,0]],"o":[[6.853,63.371],[0,0],[-1.128,-1.532],[0,0],[-58.937,-20.156],[-11.045,-51.277],[-4.112,-11.046],[0,0]],"v":[[-78.448,-6.45],[-16.77,87.639],[90.219,108.521],[85.302,105.054],[28.864,84.333],[-57.405,-12.739],[-80.222,-97.475],[-90.219,-107.957]],"c":true},"ix":2},"nm":"Path 1","mn":"ADBE Vector Shape - Group","hd":false},{"ty":"fl","c":{"a":0,"k":[1,0.933000033509,0.344999994016,1],"ix":4},"o":{"a":0,"k":100,"ix":5},"r":1,"bm":0,"nm":"Fill 1","mn":"ADBE Vector Graphic - Fill","hd":false},{"ty":"tr","p":{"a":0,"k":[275.1,110.304],"ix":2},"a":{"a":0,"k":[0,0],"ix":1},"s":{"a":0,"k":[100,100],"ix":3},"r":{"a":0,"k":0,"ix":6},"o":{"a":0,"k":100,"ix":7},"sk":{"a":0,"k":0,"ix":4},"sa":{"a":0,"k":0,"ix":5},"nm":"Transform"}],"nm":"Group 2","np":2,"cix":2,"bm":0,"ix":2,"mn":"ADBE Vector Group","hd":false},{"ty":"gr","it":[{"ind":0,"ty":"sh","ix":1,"ks":{"a":0,"k":{"i":[[0,0],[11.288,42.167],[0,0],[1.774,-6.37],[0,0],[41.28,-13.626],[0,0],[-9.11,-3.064],[0,0],[-11.449,-41.845],[0,0],[-1.693,6.369],[0,0],[-55.873,13.706],[0,0],[9.19,2.982]],"o":[[-67.161,-22.172],[0,0],[-1.693,-6.37],[0,0],[-11.369,42.006],[0,0],[-9.111,2.983],[0,0],[41.119,13.626],[0,0],[1.774,6.369],[0,0],[11.368,-42.087],[0,0],[9.11,-3.145],[0,0]],"v":[[119.043,-25.599],[34.467,-114.931],[6.329,-213.616],[-13.747,-213.616],[-32.854,-122.428],[-109.69,-33.418],[-175.48,-4.878],[-175.642,14.069],[-109.368,37.531],[-32.774,126.38],[-13.666,213.616],[6.329,213.616],[28.743,126.783],[113.399,37.531],[175.642,14.069],[175.481,-4.957]],"c":true},"ix":2},"nm":"Path 1","mn":"ADBE Vector Shape - Group","hd":false},{"ty":"fl","c":{"a":0,"k":[0.991999966491,0.847000002394,0.20800000359,1],"ix":4},"o":{"a":0,"k":100,"ix":5},"r":1,"bm":0,"nm":"Fill 1","mn":"ADBE Vector Graphic - Fill","hd":false},{"ty":"tr","p":{"a":0,"k":[185.002,220.236],"ix":2},"a":{"a":0,"k":[0,0],"ix":1},"s":{"a":0,"k":[100,100],"ix":3},"r":{"a":0,"k":0,"ix":6},"o":{"a":0,"k":100,"ix":7},"sk":{"a":0,"k":0,"ix":4},"sa":{"a":0,"k":0,"ix":5},"nm":"Transform"}],"nm":"Group 3","np":2,"cix":2,"bm":0,"ix":3,"mn":"ADBE Vector Group","hd":false}],"ip":0,"op":122,"st":0,"bm":0}],"markers":[{"tm":0,"cm":"rest","dr":0}]}