{"v":"5.8.1","fr":60,"ip":0,"op":255,"w":1024,"h":1024,"nm":"emoji_sad-but-relieved","ddd":0,"assets":[],"layers":[{"ddd":0,"ind":1,"ty":4,"nm":"DROP 3","sr":1,"ks":{"o":{"a":0,"k":100,"ix":11},"r":{"a":1,"k":[{"i":{"x":[0.833],"y":[0.833]},"o":{"x":[0.167],"y":[0.167]},"t":225,"s":[0]},{"i":{"x":[0.833],"y":[0.833]},"o":{"x":[0.167],"y":[0.167]},"t":235,"s":[0]},{"t":245,"s":[-26.4]}],"ix":10},"p":{"s":true,"x":{"a":1,"k":[{"i":{"x":[0.75],"y":[0.578]},"o":{"x":[0.167],"y":[0.167]},"t":225,"s":[158.273]},{"i":{"x":[0.833],"y":[0.833]},"o":{"x":[0.244],"y":[0.256]},"t":235,"s":[224.273]},{"t":245,"s":[330.273]}],"ix":3},"y":{"a":1,"k":[{"i":{"x":[0.762],"y":[0.618]},"o":{"x":[0.167],"y":[0.167]},"t":225,"s":[834.792]},{"i":{"x":[0.833],"y":[0.833]},"o":{"x":[0.319],"y":[0.374]},"t":235,"s":[872.01]},{"t":245,"s":[923.01]}],"ix":4}},"a":{"a":0,"k":[-0.727,82.01,0],"ix":1,"l":2},"s":{"a":0,"k":[100,100,100],"ix":6,"l":2}},"ao":0,"shapes":[{"ty":"gr","it":[{"ind":0,"ty":"sh","ix":1,"ks":{"a":1,"k":[{"i":{"x":0.833,"y":0.833},"o":{"x":0.167,"y":0.167},"t":225,"s":[{"i":[[2.891,-29.102],[4.646,17.768],[8.294,5.079],[-21.492,0.467]],"o":[[-1.906,19.189],[-4.646,-17.768],[-8.294,-5.079],[27.261,-0.592]],"v":[[62.109,84.437],[27.545,86.592],[-2.325,56.326],[7.492,31.811]],"c":true}]},{"i":{"x":0.833,"y":0.833},"o":{"x":0.167,"y":0.167},"t":230,"s":[{"i":[[-8.055,-21.51],[11.326,15.759],[7.414,7.052],[-10.498,-3.004]],"o":[[8.164,21.799],[-6.136,-8.538],[-9.927,-9.443],[10.498,3.004]],"v":[[41.964,84.317],[21.684,93.953],[-3.513,67.145],[-0.096,50.193]],"c":true}]},{"i":{"x":0.833,"y":0.833},"o":{"x":0.167,"y":0.167},"t":235,"s":[{"i":[[-13.964,-10.817],[7.659,4.636],[9.66,9.499],[-2.176,2.599]],"o":[[24.517,18.992],[-4.357,-2.637],[-8.486,-8.345],[5.954,-7.109]],"v":[[8.964,70.317],[3.184,89.453],[-22.931,67.441],[-35.846,48.443]],"c":true}]},{"t":245,"s":[{"i":[[-10.688,-12.228],[7.765,4.322],[5.305,9.05],[-3.803,4.345]],"o":[[11.418,13.063],[-6.669,-3.712],[-3.913,-6.675],[2.096,-2.394]],"v":[[-3.477,78.033],[-8.814,92.266],[-26.451,70.448],[-30.822,50.064]],"c":true}]}],"ix":2},"nm":"Path 1","mn":"ADBE Vector Shape - Group","hd":false},{"ty":"fl","c":{"a":0,"k":[0.505882352941,0.83137254902,0.980392156863,1],"ix":4},"o":{"a":0,"k":100,"ix":5},"r":1,"bm":0,"nm":"Fill 1","mn":"ADBE Vector Graphic - Fill","hd":false},{"ty":"tr","p":{"a":0,"k":[0,0],"ix":2},"a":{"a":0,"k":[0,0],"ix":1},"s":{"a":0,"k":[100,100],"ix":3},"r":{"a":0,"k":0,"ix":6},"o":{"a":0,"k":100,"ix":7},"sk":{"a":0,"k":0,"ix":4},"sa":{"a":0,"k":0,"ix":5},"nm":"Transform"}],"nm":"Shape 2","np":3,"cix":2,"bm":0,"ix":1,"mn":"ADBE Vector Group","hd":false},{"ty":"gr","it":[{"ind":0,"ty":"sh","ix":1,"ks":{"a":1,"k":[{"i":{"x":0.833,"y":0.833},"o":{"x":0.167,"y":0.167},"t":225,"s":[{"i":[[47.432,0],[0,43.326],[-8.158,7.768],[-6.664,1.796],[-6.981,-0.118],[-7.912,-2.958],[-8.182,-8.886],[0.365,-18.485]],"o":[[-48.172,0],[0,-25.91],[11.127,-10.595],[10.509,-2.832],[11.278,0.191],[9.058,3.387],[12.237,13.29],[-0.836,42.366]],"v":[[2.489,158],[-77,85.339],[-54.924,34.621],[-26.795,16.956],[4.404,13.118],[33.999,19.013],[62.561,38.676],[79.635,88.635]],"c":true}]},{"i":{"x":0.833,"y":0.833},"o":{"x":0.167,"y":0.167},"t":235,"s":[{"i":[[9.313,-8.337],[18.569,11.568],[6.547,9.167],[2.233,6.53],[-4.928,4.946],[-6.753,-5.074],[-9.684,-7.221],[-5.901,-7.641]],"o":[[-9.408,8.422],[-11.22,-6.99],[-7.213,-10.099],[-5.5,-16.084],[7.961,-7.991],[13.347,10.029],[15.372,11.462],[9.543,12.356]],"v":[[52.908,127.078],[3.181,128.932],[-28.537,99.099],[-47.5,66.584],[-46.122,36.95],[-12.847,45.471],[21.128,69.288],[53.457,93.144]],"c":true}]},{"t":245,"s":[{"i":[[3.425,-2.114],[16.523,12.266],[5.201,8.075],[0.953,8.743],[-2.536,0.575],[-5.654,-6.275],[-7.897,-8.175],[-9.983,-9.313]],"o":[[-7.425,4.583],[-9.984,-7.412],[-7.653,-11.883],[-0.808,-7.414],[3.533,-0.801],[11.175,12.403],[11.471,11.875],[7.106,6.629]],"v":[[43.58,123.385],[0.416,110.221],[-26.327,81.69],[-39.532,50.4],[-34.866,38.182],[-20.315,47.403],[11.52,82.494],[39.814,109.619]],"c":true}]}],"ix":2},"nm":"Path 1","mn":"ADBE Vector Shape - Group","hd":false},{"ty":"gf","o":{"a":0,"k":100,"ix":10},"r":1,"bm":0,"g":{"p":3,"k":{"a":0,"k":[0.426,0.161,0.714,0.965,0.713,0.139,0.624,0.931,1,0.118,0.533,0.898],"ix":9}},"s":{"a":0,"k":[8.389,-108.36],"ix":5},"e":{"a":0,"k":[232.941,156.656],"ix":6},"t":2,"h":{"a":0,"k":0,"ix":7},"a":{"a":0,"k":0,"ix":8},"nm":"Gradient Fill 1","mn":"ADBE Vector Graphic - G-Fill","hd":false},{"ty":"tr","p":{"a":0,"k":[0,0],"ix":2},"a":{"a":0,"k":[0,0],"ix":1},"s":{"a":0,"k":[100,100],"ix":3},"r":{"a":0,"k":0,"ix":6},"o":{"a":0,"k":100,"ix":7},"sk":{"a":0,"k":0,"ix":4},"sa":{"a":0,"k":0,"ix":5},"nm":"Transform"}],"nm":"Shape 1","np":3,"cix":2,"bm":0,"ix":2,"mn":"ADBE Vector Group","hd":false}],"ip":225,"op":240,"st":102.5,"bm":0},{"ddd":0,"ind":2,"ty":4,"nm":"DROP","sr":1,"ks":{"o":{"a":0,"k":100,"ix":11},"r":{"a":0,"k":0,"ix":10},"p":{"s":true,"x":{"a":0,"k":158.273,"ix":3},"y":{"a":1,"k":[{"i":{"x":[0.804],"y":[0.886]},"o":{"x":[0.167],"y":[0.167]},"t":95,"s":[382.792]},{"i":{"x":[0.833],"y":[0.833]},"o":{"x":[0.113],"y":[0.328]},"t":150,"s":[698.792]},{"i":{"x":[0.833],"y":[0.833]},"o":{"x":[0.167],"y":[0.167]},"t":212.5,"s":[770.792]},{"t":225,"s":[834.792]}],"ix":4}},"a":{"a":0,"k":[-0.727,82.01,0],"ix":1,"l":2},"s":{"a":1,"k":[{"i":{"x":[0.667,0.667,0.667],"y":[1,1,1]},"o":{"x":[0.167,0.167,0.167],"y":[0.167,0.167,-5.556]},"t":95,"s":[40,40,100]},{"i":{"x":[0.833,0.833,0.833],"y":[1,1,1]},"o":{"x":[0.333,0.333,0.333],"y":[0,0,0]},"t":150,"s":[100,100,100]},{"t":212.5,"s":[100,100,100]}],"ix":6,"l":2}},"ao":0,"shapes":[{"ty":"gr","it":[{"ind":0,"ty":"sh","ix":1,"ks":{"a":1,"k":[{"i":{"x":0.833,"y":0.833},"o":{"x":0.333,"y":0},"t":95,"s":[{"i":[[21.261,-33.252],[0,39.532],[-4.601,34.755],[-9.726,-8.379]],"o":[[-14.93,24.154],[0,-13.588],[3.96,-29.91],[34.315,29.549]],"v":[[70.797,128.522],[21.942,108.313],[27.988,41.932],[47.972,-2.846]],"c":true}]},{"i":{"x":0.667,"y":1},"o":{"x":0.167,"y":0.167},"t":150,"s":[{"i":[[21.261,-33.252],[0,39.532],[-4.601,34.755],[-9.726,-8.379]],"o":[[-14.93,24.154],[0,-13.588],[3.96,-29.91],[34.315,29.549]],"v":[[70.797,128.522],[21.942,108.313],[27.988,16.217],[47.972,-28.561]],"c":true}]},{"i":{"x":0.833,"y":0.833},"o":{"x":0.333,"y":0},"t":212.5,"s":[{"i":[[21.261,-33.252],[0,39.532],[-4.601,34.755],[-9.726,-8.379]],"o":[[-14.93,24.154],[0,-13.588],[3.96,-29.91],[34.315,29.549]],"v":[[70.797,128.522],[21.942,108.313],[27.988,16.217],[47.972,-28.561]],"c":true}]},{"t":225,"s":[{"i":[[2.891,-29.102],[4.646,17.768],[8.294,5.079],[-21.492,0.467]],"o":[[-1.906,19.189],[-4.646,-17.768],[-8.294,-5.079],[27.261,-0.592]],"v":[[62.109,84.437],[27.545,86.592],[-2.325,56.326],[7.492,31.811]],"c":true}]}],"ix":2},"nm":"Path 1","mn":"ADBE Vector Shape - Group","hd":false},{"ty":"fl","c":{"a":0,"k":[0.505882352941,0.83137254902,0.980392156863,1],"ix":4},"o":{"a":0,"k":100,"ix":5},"r":1,"bm":0,"nm":"Fill 1","mn":"ADBE Vector Graphic - Fill","hd":false},{"ty":"tr","p":{"a":0,"k":[0,0],"ix":2},"a":{"a":0,"k":[0,0],"ix":1},"s":{"a":0,"k":[100,100],"ix":3},"r":{"a":0,"k":0,"ix":6},"o":{"a":0,"k":100,"ix":7},"sk":{"a":0,"k":0,"ix":4},"sa":{"a":0,"k":0,"ix":5},"nm":"Transform"}],"nm":"Shape 2","np":3,"cix":2,"bm":0,"ix":1,"mn":"ADBE Vector Group","hd":false},{"ty":"gr","it":[{"ind":0,"ty":"sh","ix":1,"ks":{"a":1,"k":[{"i":{"x":0.833,"y":0.833},"o":{"x":0.333,"y":0},"t":95,"s":[{"i":[[65.192,0],[0,56.601],[-24.707,31.841],[-15.634,10.366],[-9.596,0],[-5.301,-4.075],[-15.132,-17.501],[0,-39.854]],"o":[[-66.208,0],[0,-48.849],[11.816,-15.227],[5.026,-3.417],[10.001,0],[14.539,10.188],[42.758,49.451],[1.485,55.796]],"v":[[0.117,205.471],[-121.42,82.849],[-64.293,-57.149],[-26.694,-92.88],[-2.751,-99.299],[21.301,-92.88],[60.931,-56.22],[119.934,83.654]],"c":true}]},{"i":{"x":0.667,"y":1},"o":{"x":0.167,"y":0.167},"t":150,"s":[{"i":[[65.192,0],[0,56.601],[-24.707,63.456],[-15.634,28.099],[-9.596,0],[-5.301,-11.047],[-15.165,-34.862],[0,-39.854]],"o":[[-66.208,0],[0,-48.849],[11.816,-30.346],[5.026,-9.263],[10.001,0],[14.539,27.616],[42.758,98.549],[1.485,55.796]],"v":[[0.117,205.471],[-117.134,82.849],[-64.293,-96.456],[-26.694,-186.953],[-2.751,-201.45],[21.301,-186.953],[60.931,-94.604],[115.649,83.654]],"c":true}]},{"i":{"x":0.833,"y":0.833},"o":{"x":0.333,"y":0},"t":212.5,"s":[{"i":[[65.192,0],[0,56.601],[-24.707,63.456],[-15.634,28.099],[-9.596,0],[-5.301,-11.047],[-15.165,-34.862],[0,-39.854]],"o":[[-66.208,0],[0,-48.849],[11.816,-30.346],[5.026,-9.263],[10.001,0],[14.539,27.616],[42.758,98.549],[1.485,55.796]],"v":[[0.117,205.471],[-117.134,82.849],[-64.293,-96.456],[-26.694,-186.953],[-2.751,-201.45],[21.301,-186.953],[60.931,-94.604],[115.649,83.654]],"c":true}]},{"t":225,"s":[{"i":[[47.432,0],[0,43.326],[-8.158,7.768],[-6.664,1.796],[-6.981,-0.118],[-7.912,-2.958],[-8.182,-8.886],[0.365,-18.485]],"o":[[-48.172,0],[0,-25.91],[11.127,-10.595],[10.509,-2.832],[11.278,0.191],[9.058,3.387],[12.237,13.29],[-0.836,42.366]],"v":[[2.489,158],[-77,85.339],[-54.924,34.621],[-26.795,16.956],[4.404,13.118],[33.999,19.013],[62.561,38.676],[79.635,88.635]],"c":true}]}],"ix":2},"nm":"Path 1","mn":"ADBE Vector Shape - Group","hd":false},{"ty":"gf","o":{"a":0,"k":100,"ix":10},"r":1,"bm":0,"g":{"p":3,"k":{"a":0,"k":[0.426,0.161,0.714,0.965,0.713,0.139,0.624,0.931,1,0.118,0.533,0.898],"ix":9}},"s":{"a":0,"k":[8.389,-108.36],"ix":5},"e":{"a":0,"k":[232.941,156.656],"ix":6},"t":2,"h":{"a":0,"k":0,"ix":7},"a":{"a":0,"k":0,"ix":8},"nm":"Gradient Fill 1","mn":"ADBE Vector Graphic - G-Fill","hd":false},{"ty":"tr","p":{"a":0,"k":[0,0],"ix":2},"a":{"a":0,"k":[0,0],"ix":1},"s":{"a":0,"k":[100,100],"ix":3},"r":{"a":0,"k":0,"ix":6},"o":{"a":0,"k":100,"ix":7},"sk":{"a":0,"k":0,"ix":4},"sa":{"a":0,"k":0,"ix":5},"nm":"Transform"}],"nm":"Shape 1","np":3,"cix":2,"bm":0,"ix":2,"mn":"ADBE Vector Group","hd":false}],"ip":95,"op":225,"st":95,"bm":0},{"ddd":0,"ind":3,"ty":3,"nm":"Null Face","parent":10,"sr":1,"ks":{"o":{"a":0,"k":0,"ix":11},"r":{"a":0,"k":0,"ix":10},"p":{"s":true,"x":{"a":0,"k":0,"ix":3},"y":{"a":1,"k":[{"i":{"x":[0.833],"y":[0.833]},"o":{"x":[0.333],"y":[0]},"t":0,"s":[1]},{"i":{"x":[0],"y":[1]},"o":{"x":[0.167],"y":[0.167]},"t":7.5,"s":[-4]},{"i":{"x":[0.774],"y":[0.292]},"o":{"x":[0.456],"y":[0]},"t":20,"s":[-10.25]},{"i":{"x":[0.485],"y":[1]},"o":{"x":[0.181],"y":[1.461]},"t":37.5,"s":[-8.893]},{"i":{"x":[0.667],"y":[1]},"o":{"x":[0.333],"y":[0]},"t":60,"s":[-1]},{"i":{"x":[0.667],"y":[1]},"o":{"x":[0.167],"y":[0]},"t":67.5,"s":[-1.5]},{"i":{"x":[0.667],"y":[1]},"o":{"x":[0.333],"y":[0]},"t":85,"s":[-1.5]},{"i":{"x":[0.667],"y":[1]},"o":{"x":[0.333],"y":[0]},"t":90,"s":[0.5]},{"i":{"x":[0.667],"y":[1]},"o":{"x":[0.333],"y":[0]},"t":95,"s":[0.5]},{"i":{"x":[0.667],"y":[1]},"o":{"x":[0.333],"y":[0]},"t":105,"s":[-1.5]},{"i":{"x":[0.667],"y":[1]},"o":{"x":[0.507],"y":[0]},"t":237.5,"s":[-1.5]},{"t":252.5,"s":[1]}],"ix":4}},"a":{"a":0,"k":[0,0,0],"ix":1,"l":2},"s":{"a":0,"k":[12.5,12.5,100],"ix":6,"l":2}},"ao":0,"ip":0,"op":255,"st":0,"bm":0},{"ddd":0,"ind":4,"ty":4,"nm":"eyebrows","parent":3,"sr":1,"ks":{"o":{"a":0,"k":100,"ix":11},"r":{"a":0,"k":0,"ix":10},"p":{"s":true,"x":{"a":0,"k":0,"ix":3},"y":{"a":1,"k":[{"i":{"x":[0.833],"y":[0.833]},"o":{"x":[0.333],"y":[0]},"t":0,"s":[-204.297]},{"i":{"x":[0],"y":[1]},"o":{"x":[0.167],"y":[0.167]},"t":7.5,"s":[-199.005]},{"i":{"x":[0.833],"y":[0.833]},"o":{"x":[1],"y":[0]},"t":20,"s":[-226.005]},{"i":{"x":[0.667],"y":[1]},"o":{"x":[0.167],"y":[0.167]},"t":37.5,"s":[-193.005]},{"i":{"x":[0.667],"y":[1]},"o":{"x":[0.236],"y":[0]},"t":60,"s":[-209.005]},{"i":{"x":[0.667],"y":[1]},"o":{"x":[0.333],"y":[0]},"t":85,"s":[-209.005]},{"i":{"x":[0.667],"y":[1]},"o":{"x":[0.333],"y":[0]},"t":90,"s":[-193.005]},{"i":{"x":[0.667],"y":[1]},"o":{"x":[0.333],"y":[0]},"t":95,"s":[-193.005]},{"i":{"x":[0.694],"y":[1]},"o":{"x":[0.333],"y":[0]},"t":105,"s":[-209.005]},{"i":{"x":[0.667],"y":[1]},"o":{"x":[1],"y":[0]},"t":237.5,"s":[-209.005]},{"t":252.5,"s":[-204.297]}],"ix":4}},"a":{"a":0,"k":[-0.005,0.703,0],"ix":1,"l":2},"s":{"a":0,"k":[100,100,100],"ix":6,"l":2}},"ao":0,"shapes":[{"ty":"gr","it":[{"ind":0,"ty":"sh","ix":1,"ks":{"a":0,"k":{"i":[[46.4,-7.84],[-19.2,-0.88],[-31.2,28.72],[-7.76,13.6],[6.56,4.72],[4.72,-6.56],[0,0]],"o":[[-17.6,3.12],[42.4,0.64],[11.84,-10.24],[4.64,-6.64],[-6.56,-4.72],[0,0],[-31.44,35.12]],"v":[[-295.08,22.52],[-294.36,52.12],[-179.8,8.36],[-150.12,-27.56],[-153.64,-48.04],[-174.12,-44.52],[-174.92,-43.72]],"c":true},"ix":2},"nm":"Path 1","mn":"ADBE Vector Shape - Group","hd":false},{"ind":1,"ty":"sh","ix":2,"ks":{"a":0,"k":{"i":[[31.52,34.88],[0,0],[6.64,-4.64],[-4.72,-6.64],[-11.92,-10.16],[-42.4,0.72],[17.68,3.12]],"o":[[0,0],[-4.64,-6.64],[-6.64,4.64],[7.84,13.52],[31.2,28.72],[19.2,-0.88],[-46.4,-7.76]],"v":[[174.76,-43.48],[173.96,-44.28],[153.48,-47.88],[149.96,-27.4],[179.8,8.36],[294.36,51.96],[295,22.36]],"c":true},"ix":2},"nm":"Path 2","mn":"ADBE Vector Shape - Group","hd":false},{"ty":"fl","c":{"a":0,"k":[0.258823529412,0.16862745098,0.050980392157,1],"ix":4},"o":{"a":0,"k":100,"ix":5},"r":1,"bm":0,"nm":"Fill 1","mn":"ADBE Vector Graphic - Fill","hd":false},{"ty":"tr","p":{"a":0,"k":[0,0],"ix":2},"a":{"a":0,"k":[0,0],"ix":1},"s":{"a":0,"k":[100,100],"ix":3},"r":{"a":0,"k":0,"ix":6},"o":{"a":0,"k":100,"ix":7},"sk":{"a":0,"k":0,"ix":4},"sa":{"a":0,"k":0,"ix":5},"nm":"Transform"}],"nm":"Shape 1","np":4,"cix":2,"bm":0,"ix":1,"mn":"ADBE Vector Group","hd":false}],"ip":0,"op":255,"st":0,"bm":0},{"ddd":0,"ind":5,"ty":4,"nm":"eyes closed","parent":3,"sr":1,"ks":{"o":{"a":0,"k":100,"ix":11},"r":{"a":0,"k":0,"ix":10},"p":{"a":0,"k":[0,31.716,0],"ix":2,"l":2},"a":{"a":0,"k":[0.19,-0.514,0],"ix":1,"l":2},"s":{"a":0,"k":[100,100,100],"ix":6,"l":2}},"ao":0,"shapes":[{"ty":"gr","it":[{"ind":0,"ty":"sh","ix":1,"ks":{"a":0,"k":{"i":[[0,0],[-37.764,7.65],[-12.954,4.425],[-2.756,-8.092],[5.169,-3.92],[15.391,-5.031],[31.414,9.753],[12.536,11.193],[-5.688,6.371],[-6.062,-2.861]],"o":[[35.552,15.14],[12.949,-2.547],[8.092,-2.756],[2.206,6.478],[-12.776,9.66],[-31.048,10.008],[-15.757,-4.94],[-6.371,-5.688],[4.704,-5.278],[0,0]],"v":[[-246.906,-27.764],[-133.934,-17.823],[-95.231,-28.592],[-75.59,-18.929],[-80.907,-1.593],[-123.73,20.323],[-220.383,21.595],[-263.903,-2.268],[-265.139,-24.103],[-246.906,-27.764]],"c":true},"ix":2},"nm":"Path 1","mn":"ADBE Vector Shape - Group","hd":false},{"ind":1,"ty":"sh","ix":2,"ks":{"a":0,"k":{"i":[[0,0],[-37.764,7.65],[-12.954,4.425],[-2.756,-8.092],[5.169,-3.92],[15.391,-5.031],[31.414,9.753],[12.536,11.193],[-5.688,6.371],[-6.062,-2.861]],"o":[[35.552,15.14],[12.949,-2.547],[8.092,-2.756],[2.206,6.478],[-12.776,9.66],[-31.048,10.008],[-15.757,-4.94],[-6.371,-5.688],[4.704,-5.278],[0,0]],"v":[[97.305,-27.764],[210.277,-17.823],[248.98,-28.592],[268.621,-18.929],[263.304,-1.593],[220.481,20.323],[123.828,21.595],[80.308,-2.268],[79.072,-24.103],[97.305,-27.764]],"c":true},"ix":2},"nm":"Path 2","mn":"ADBE Vector Shape - Group","hd":false},{"ty":"fl","c":{"a":0,"k":[0.258823529412,0.16862745098,0.050980392157,1],"ix":4},"o":{"a":0,"k":100,"ix":5},"r":1,"bm":0,"nm":"Fill 1","mn":"ADBE Vector Graphic - Fill","hd":false},{"ty":"tr","p":{"a":0,"k":[0,0],"ix":2},"a":{"a":0,"k":[0,0],"ix":1},"s":{"a":0,"k":[100,100],"ix":3},"r":{"a":0,"k":0,"ix":6},"o":{"a":0,"k":100,"ix":7},"sk":{"a":0,"k":0,"ix":4},"sa":{"a":0,"k":0,"ix":5},"nm":"Transform"}],"nm":"Shape 1","np":4,"cix":2,"bm":0,"ix":1,"mn":"ADBE Vector Group","hd":false}],"ip":87.5,"op":100,"st":80,"bm":0},{"ddd":0,"ind":6,"ty":4,"nm":"eyes normal","parent":3,"sr":1,"ks":{"o":{"a":1,"k":[{"t":0,"s":[100],"h":1},{"t":87.5,"s":[0],"h":1},{"t":100,"s":[100],"h":1}],"ix":11},"r":{"a":0,"k":0,"ix":10},"p":{"s":true,"x":{"a":0,"k":-8.5,"ix":3},"y":{"a":1,"k":[{"i":{"x":[0.833],"y":[0.833]},"o":{"x":[0.333],"y":[0]},"t":0,"s":[36.399]},{"i":{"x":[0],"y":[1]},"o":{"x":[0.167],"y":[0.167]},"t":7.5,"s":[52.399]},{"i":{"x":[0.833],"y":[0.833]},"o":{"x":[0.456],"y":[0]},"t":20,"s":[36.399]},{"i":{"x":[0.667],"y":[1]},"o":{"x":[0.167],"y":[0.167]},"t":37.5,"s":[44.399]},{"i":{"x":[0.667],"y":[1]},"o":{"x":[0.167],"y":[0]},"t":60,"s":[36.399]},{"i":{"x":[0.667],"y":[1]},"o":{"x":[1],"y":[0]},"t":212.5,"s":[36.399]},{"t":227.5,"s":[36.399]}],"ix":4}},"a":{"a":0,"k":[27.45,9.65,0],"ix":1,"l":2},"s":{"a":0,"k":[800,800,100],"ix":6,"l":2}},"ao":0,"shapes":[{"ty":"gr","it":[{"ind":0,"ty":"sh","ix":1,"ks":{"a":0,"k":{"i":[[0.899,0.8],[0,0],[0.7,-1.4],[-0.901,-0.9],[-0.701,1.4]],"o":[[0,0],[-1.4,-0.7],[-0.5,1.1],[1.399,0.7],[0.5,-1.1]],"v":[[3.726,-5.3],[3.726,-5.3],[-0.076,-4],[0.525,-0.7],[4.326,-2]],"c":true},"ix":2},"nm":"Path 1","mn":"ADBE Vector Shape - Group","hd":false},{"ty":"fl","c":{"a":0,"k":[0.536999990426,0.375999989229,0.141000007181,1],"ix":4},"o":{"a":0,"k":100,"ix":5},"r":1,"bm":0,"nm":"Fill 1","mn":"ADBE Vector Graphic - Fill","hd":false},{"ty":"tr","p":{"a":0,"k":[44.65,6.55],"ix":2},"a":{"a":0,"k":[0,0],"ix":1},"s":{"a":0,"k":[100,100],"ix":3},"r":{"a":0,"k":0,"ix":6},"o":{"a":0,"k":100,"ix":7},"sk":{"a":0,"k":0,"ix":4},"sa":{"a":0,"k":0,"ix":5},"nm":"Transform"}],"nm":"Group 1","np":2,"cix":2,"bm":0,"ix":1,"mn":"ADBE Vector Group","hd":false},{"ty":"gr","it":[{"ind":0,"ty":"sh","ix":1,"ks":{"a":1,"k":[{"i":{"x":0.833,"y":0.833},"o":{"x":0.333,"y":0},"t":85,"s":[{"i":[[4.2,0],[0,0],[0,-5.9],[-4.2,0],[0,5.9]],"o":[[0,0],[-4.2,0],[0,5.9],[4.2,0],[0,-5.9]],"v":[[2.125,-12.4],[2.125,-12.4],[-5.875,-3],[2.125,6.4],[10.125,-3]],"c":true}]},{"i":{"x":0.833,"y":0.833},"o":{"x":0.167,"y":0.167},"t":87,"s":[{"i":[[4.2,0],[0,0],[0,-5.9],[-4.2,0],[0,5.9]],"o":[[0,0],[-4.2,0],[0,5.9],[4.2,0],[0,-5.9]],"v":[[2.125,-10.775],[2.125,-10.775],[-5.875,-3],[2.125,5.15],[10.125,-3]],"c":true}]},{"i":{"x":0.667,"y":1},"o":{"x":0.167,"y":0.167},"t":100,"s":[{"i":[[4.2,0],[0,0],[0,-5.9],[-4.2,0],[0,5.9]],"o":[[0,0],[-4.2,0],[0,5.9],[4.2,0],[0,-5.9]],"v":[[2.125,-10.775],[2.125,-10.775],[-5.875,-3],[2.125,5.15],[10.125,-3]],"c":true}]},{"t":102,"s":[{"i":[[4.2,0],[0,0],[0,-5.9],[-4.2,0],[0,5.9]],"o":[[0,0],[-4.2,0],[0,5.9],[4.2,0],[0,-5.9]],"v":[[2.125,-12.4],[2.125,-12.4],[-5.875,-3],[2.125,6.4],[10.125,-3]],"c":true}]}],"ix":2},"nm":"Path 1","mn":"ADBE Vector Shape - Group","hd":false},{"ty":"fl","c":{"a":0,"k":[0.258999992819,0.169000004787,0.051000000449,1],"ix":4},"o":{"a":0,"k":100,"ix":5},"r":1,"bm":0,"nm":"Fill 1","mn":"ADBE Vector Graphic - Fill","hd":false},{"ty":"tr","p":{"a":0,"k":[46.65,9.65],"ix":2},"a":{"a":0,"k":[0,0],"ix":1},"s":{"a":0,"k":[100,100],"ix":3},"r":{"a":0,"k":0,"ix":6},"o":{"a":0,"k":100,"ix":7},"sk":{"a":0,"k":0,"ix":4},"sa":{"a":0,"k":0,"ix":5},"nm":"Transform"}],"nm":"Group 2","np":2,"cix":2,"bm":0,"ix":2,"mn":"ADBE Vector Group","hd":false},{"ty":"gr","it":[{"ind":0,"ty":"sh","ix":1,"ks":{"a":0,"k":{"i":[[0.9,0.8],[0,0],[0.7,-1.4],[-0.9,-0.9],[-0.7,1.4]],"o":[[0,0],[-1.4,-0.7],[-0.5,1.1],[1.4,0.7],[0.6,-1.1]],"v":[[1.55,-5.3],[1.55,-5.3],[-2.25,-4],[-1.65,-0.7],[2.15,-2]],"c":true},"ix":2},"nm":"Path 1","mn":"ADBE Vector Shape - Group","hd":false},{"ty":"fl","c":{"a":0,"k":[0.536999990426,0.375999989229,0.141000007181,1],"ix":4},"o":{"a":0,"k":100,"ix":5},"r":1,"bm":0,"nm":"Fill 1","mn":"ADBE Vector Graphic - Fill","hd":false},{"ty":"tr","p":{"a":0,"k":[6.3,6.55],"ix":2},"a":{"a":0,"k":[0,0],"ix":1},"s":{"a":0,"k":[100,100],"ix":3},"r":{"a":0,"k":0,"ix":6},"o":{"a":0,"k":100,"ix":7},"sk":{"a":0,"k":0,"ix":4},"sa":{"a":0,"k":0,"ix":5},"nm":"Transform"}],"nm":"Group 3","np":2,"cix":2,"bm":0,"ix":3,"mn":"ADBE Vector Group","hd":false},{"ty":"gr","it":[{"ind":0,"ty":"sh","ix":1,"ks":{"a":1,"k":[{"i":{"x":0.833,"y":0.833},"o":{"x":0.333,"y":0},"t":85,"s":[{"i":[[4.2,0],[0,0],[0,-5.9],[-4.2,0],[0,5.9]],"o":[[0,0],[-4.2,0],[0,5.9],[4.2,0],[0,-5.9]],"v":[[0,-12.4],[0,-12.4],[-8,-3],[0,6.4],[8,-3]],"c":true}]},{"i":{"x":0.833,"y":0.833},"o":{"x":0.167,"y":0.167},"t":87,"s":[{"i":[[4.2,0],[0,0],[0,-5.9],[-4.2,0],[0,5.9]],"o":[[0,0],[-4.2,0],[0,5.9],[4.2,0],[0,-5.9]],"v":[[0,-10.775],[0,-10.775],[-8,-3],[0,5.15],[8,-3]],"c":true}]},{"i":{"x":0.667,"y":1},"o":{"x":0.167,"y":0.167},"t":100,"s":[{"i":[[4.2,0],[0,0],[0,-5.9],[-4.2,0],[0,5.9]],"o":[[0,0],[-4.2,0],[0,5.9],[4.2,0],[0,-5.9]],"v":[[0,-10.775],[0,-10.775],[-8,-3],[0,5.15],[8,-3]],"c":true}]},{"t":102,"s":[{"i":[[4.2,0],[0,0],[0,-5.9],[-4.2,0],[0,5.9]],"o":[[0,0],[-4.2,0],[0,5.9],[4.2,0],[0,-5.9]],"v":[[0,-12.4],[0,-12.4],[-8,-3],[0,6.4],[8,-3]],"c":true}]}],"ix":2},"nm":"Path 1","mn":"ADBE Vector Shape - Group","hd":false},{"ty":"fl","c":{"a":0,"k":[0.258999992819,0.169000004787,0.051000000449,1],"ix":4},"o":{"a":0,"k":100,"ix":5},"r":1,"bm":0,"nm":"Fill 1","mn":"ADBE Vector Graphic - Fill","hd":false},{"ty":"tr","p":{"a":0,"k":[8.25,9.65],"ix":2},"a":{"a":0,"k":[0,0],"ix":1},"s":{"a":0,"k":[100,100],"ix":3},"r":{"a":0,"k":0,"ix":6},"o":{"a":0,"k":100,"ix":7},"sk":{"a":0,"k":0,"ix":4},"sa":{"a":0,"k":0,"ix":5},"nm":"Transform"}],"nm":"Group 4","np":2,"cix":2,"bm":0,"ix":4,"mn":"ADBE Vector Group","hd":false}],"ip":0,"op":255,"st":0,"bm":0},{"ddd":0,"ind":7,"ty":4,"nm":"mouth ","parent":3,"sr":1,"ks":{"o":{"a":0,"k":100,"ix":11},"r":{"a":0,"k":0,"ix":10},"p":{"s":true,"x":{"a":0,"k":0.057,"ix":3},"y":{"a":1,"k":[{"i":{"x":[0.833],"y":[1]},"o":{"x":[0.333],"y":[0]},"t":0,"s":[255.456]},{"i":{"x":[0],"y":[1]},"o":{"x":[0.167],"y":[0.167]},"t":7.5,"s":[255.456]},{"i":{"x":[0.261],"y":[1]},"o":{"x":[0.726],"y":[0]},"t":20,"s":[233.585]},{"i":{"x":[0.667],"y":[1]},"o":{"x":[0.333],"y":[0]},"t":60,"s":[254.456]},{"i":{"x":[0.667],"y":[1]},"o":{"x":[1],"y":[0]},"t":237.5,"s":[254.456]},{"t":252.5,"s":[255.456]}],"ix":4}},"a":{"a":0,"k":[0.057,-0.271,0],"ix":1,"l":2},"s":{"a":0,"k":[100,100,100],"ix":6,"l":2}},"ao":0,"shapes":[{"ty":"gr","it":[{"ind":0,"ty":"sh","ix":1,"ks":{"a":1,"k":[{"i":{"x":0.833,"y":0.833},"o":{"x":0.333,"y":0},"t":0,"s":[{"i":[[-86.4,0],[-15.2,-29.6],[4.8,-4],[7.819,4.556],[78.719,1.056],[5.119,-2.744],[5.12,3.2],[-5.6,11.2]],"o":[[86.4,0],[5.6,11.2],[-5.12,3.2],[-7.819,-4.556],[-78.719,-1.056],[-5.119,2.744],[-4.8,-4.8],[15.2,-28.8]],"v":[[-22.001,-72.4],[135.599,20.4],[136.4,45.2],[119.599,45.2],[-22.001,-2.8],[-163.6,44.4],[-180.401,44.4],[-179.6,19.6]],"c":true}]},{"i":{"x":0,"y":1},"o":{"x":0.167,"y":0.167},"t":7.5,"s":[{"i":[[-86.4,0],[-15.2,-29.6],[4.8,-4],[8.378,0.161],[48.24,0.48],[51.4,-0.733],[5.12,3.2],[-5.6,11.2]],"o":[[86.4,0],[5.6,11.2],[-10.067,6.911],[-62.289,-2.217],[-48.08,0.64],[-5.711,-0.511],[-4.8,-4.8],[15.2,-28.8]],"v":[[-22.001,-74.256],[135.599,18.544],[136.4,43.344],[112.4,48.344],[-25.201,46.811],[-156.4,47.544],[-180.4,42.544],[-179.601,17.744]],"c":true}]},{"i":{"x":0.833,"y":0.833},"o":{"x":1,"y":0},"t":20,"s":[{"i":[[-86.56,0],[-14.56,-41.954],[4.8,-6.322],[5.04,0.653],[48.088,-0.349],[13.328,-2.615],[5.04,4.827],[-5.6,16.207]],"o":[[86.56,0],[5.6,16.207],[-5.04,4.713],[-13.787,-2.808],[-45.125,0.328],[-5.04,0.669],[-4.8,-6.322],[14.48,-41.839]],"v":[[-21.881,-117.876],[135.319,15.111],[136.056,51.962],[120.226,56.635],[-25.081,47.53],[-160.932,57.207],[-180.121,51.088],[-179.001,15.111]],"c":true}]},{"i":{"x":0,"y":1},"o":{"x":0.167,"y":0.167},"t":37.5,"s":[{"i":[[-81.056,0],[-15.66,-37.083],[4.835,-5.071],[8.249,2.243],[58.5,0.804],[28.601,-1.821],[5.192,4.148],[-5.931,14.091]],"o":[[81.056,0],[5.772,14.033],[-7.658,6.953],[-35.4,-3.842],[-58.419,0.066],[-5.591,0.854],[-4.837,-6.17],[16.07,-36.219]],"v":[[-22.001,-77.495],[126.279,15.784],[127.047,47.207],[109.769,51.862],[-23.612,33.047],[-151.529,51.225],[-169.985,46.411],[-168.988,14.75]],"c":true}]},{"i":{"x":0.667,"y":1},"o":{"x":0.333,"y":0},"t":60,"s":[{"i":[[-86.4,0],[-15.2,-29.6],[4.8,-4],[7.819,4.556],[78.719,1.056],[5.119,-2.744],[5.12,3.2],[-5.6,11.2]],"o":[[86.4,0],[5.6,11.2],[-5.12,3.2],[-7.819,-4.556],[-78.719,-1.056],[-5.119,2.744],[-4.8,-4.8],[15.2,-28.8]],"v":[[-22.001,-72.4],[135.599,20.4],[136.4,45.2],[119.599,45.2],[-22.001,-2.8],[-163.6,44.4],[-180.401,44.4],[-179.6,19.6]],"c":true}]},{"i":{"x":0.667,"y":1},"o":{"x":1,"y":0},"t":237.5,"s":[{"i":[[-86.4,0],[-15.2,-29.6],[4.8,-4],[7.819,4.556],[78.719,1.056],[5.119,-2.744],[5.12,3.2],[-5.6,11.2]],"o":[[86.4,0],[5.6,11.2],[-5.12,3.2],[-7.819,-4.556],[-78.719,-1.056],[-5.119,2.744],[-4.8,-4.8],[15.2,-28.8]],"v":[[-22.001,-72.4],[135.599,20.4],[136.4,45.2],[119.599,45.2],[-22.001,-2.8],[-163.6,44.4],[-180.401,44.4],[-179.6,19.6]],"c":true}]},{"t":252.5,"s":[{"i":[[-86.4,0],[-15.2,-29.6],[4.8,-4],[7.819,4.556],[78.719,1.056],[5.119,-2.744],[5.12,3.2],[-5.6,11.2]],"o":[[86.4,0],[5.6,11.2],[-5.12,3.2],[-7.819,-4.556],[-78.719,-1.056],[-5.119,2.744],[-4.8,-4.8],[15.2,-28.8]],"v":[[-22.001,-72.4],[135.599,20.4],[136.4,45.2],[119.599,45.2],[-22.001,-2.8],[-163.6,44.4],[-180.401,44.4],[-179.6,19.6]],"c":true}]}],"ix":2},"nm":"Path 1","mn":"ADBE Vector Shape - Group","hd":false},{"ty":"fl","c":{"a":0,"k":[0.258999992819,0.169000004787,0.051000000449,1],"ix":4},"o":{"a":0,"k":100,"ix":5},"r":1,"bm":0,"nm":"Fill 1","mn":"ADBE Vector Graphic - Fill","hd":false},{"ty":"tr","p":{"a":0,"k":[22,12],"ix":2},"a":{"a":0,"k":[0,0],"ix":1},"s":{"a":0,"k":[100,100],"ix":3},"r":{"a":0,"k":0,"ix":6},"o":{"a":0,"k":100,"ix":7},"sk":{"a":0,"k":0,"ix":4},"sa":{"a":0,"k":0,"ix":5},"nm":"Transform"}],"nm":"Group 1","np":2,"cix":2,"bm":0,"ix":1,"mn":"ADBE Vector Group","hd":false}],"ip":0,"op":255,"st":0,"bm":0},{"ddd":0,"ind":8,"ty":4,"nm":"base matte","parent":10,"td":1,"sr":1,"ks":{"o":{"a":0,"k":100,"ix":11},"r":{"a":0,"k":0,"ix":10},"p":{"s":true,"x":{"a":0,"k":-2,"ix":3},"y":{"a":0,"k":-3,"ix":4}},"a":{"a":0,"k":[0,0,0],"ix":1,"l":2},"s":{"a":0,"k":[100,100,100],"ix":6,"l":2}},"ao":0,"shapes":[{"ty":"gr","it":[{"ind":0,"ty":"sh","ix":1,"ks":{"a":0,"k":{"i":[[15.4,0],[0,38.4],[-27.9,0],[-10.6,-9.3],[0,-16.9],[11.5,-10.2]],"o":[[-27.9,0],[0,-38.4],[15.5,0],[11.5,10.2],[0,16.9],[-10.6,9.3]],"v":[[0,55.9],[-58,0],[0,-55.9],[40.4,-41.5],[58,0],[40.4,41.4]],"c":true},"ix":2},"nm":"Path 1","mn":"ADBE Vector Shape - Group","hd":false},{"ty":"fl","c":{"a":0,"k":[0.921568627451,0.560784313725,0,1],"ix":4},"o":{"a":0,"k":100,"ix":5},"r":1,"bm":0,"nm":"Fill 1","mn":"ADBE Vector Graphic - Fill","hd":false},{"ty":"tr","p":{"a":0,"k":[0,0],"ix":2},"a":{"a":0,"k":[0,0],"ix":1},"s":{"a":0,"k":[100,100],"ix":3},"r":{"a":0,"k":0,"ix":6},"o":{"a":0,"k":100,"ix":7},"sk":{"a":0,"k":0,"ix":4},"sa":{"a":0,"k":0,"ix":5},"nm":"Transform"}],"nm":"Group 1","np":2,"cix":2,"bm":0,"ix":1,"mn":"ADBE Vector Group","hd":false}],"ip":0,"op":255,"st":0,"bm":0},{"ddd":0,"ind":9,"ty":4,"nm":"base shadow","parent":10,"tt":2,"sr":1,"ks":{"o":{"a":0,"k":100,"ix":11},"r":{"a":0,"k":0,"ix":10},"p":{"s":true,"x":{"a":0,"k":0,"ix":3},"y":{"a":0,"k":0,"ix":4}},"a":{"a":0,"k":[0,0,0],"ix":1,"l":2},"s":{"a":0,"k":[100,100,100],"ix":6,"l":2}},"ao":0,"shapes":[{"ty":"gr","it":[{"ind":0,"ty":"sh","ix":1,"ks":{"a":0,"k":{"i":[[15.4,0],[0,38.4],[-27.9,0],[-10.6,-9.3],[0,-16.9],[11.5,-10.2]],"o":[[-27.9,0],[0,-38.4],[15.5,0],[11.5,10.2],[0,16.9],[-10.6,9.3]],"v":[[0,55.9],[-58,0],[0,-55.9],[40.4,-41.5],[58,0],[40.4,41.4]],"c":true},"ix":2},"nm":"Path 1","mn":"ADBE Vector Shape - Group","hd":false},{"ty":"fl","c":{"a":0,"k":[0.921568627451,0.560784313725,0,1],"ix":4},"o":{"a":0,"k":100,"ix":5},"r":1,"bm":0,"nm":"Fill 1","mn":"ADBE Vector Graphic - Fill","hd":false},{"ty":"tr","p":{"a":0,"k":[0,0],"ix":2},"a":{"a":0,"k":[0,0],"ix":1},"s":{"a":0,"k":[100,100],"ix":3},"r":{"a":0,"k":0,"ix":6},"o":{"a":0,"k":100,"ix":7},"sk":{"a":0,"k":0,"ix":4},"sa":{"a":0,"k":0,"ix":5},"nm":"Transform"}],"nm":"Group 1","np":2,"cix":2,"bm":0,"ix":1,"mn":"ADBE Vector Group","hd":false}],"ip":0,"op":255,"st":0,"bm":0},{"ddd":0,"ind":10,"ty":4,"nm":"base","sr":1,"ks":{"o":{"a":0,"k":100,"ix":11},"r":{"a":0,"k":0,"ix":10},"p":{"s":true,"x":{"a":0,"k":512,"ix":3},"y":{"a":1,"k":[{"i":{"x":[0.833],"y":[0.833]},"o":{"x":[0.333],"y":[0]},"t":0,"s":[519.679]},{"i":{"x":[0],"y":[1]},"o":{"x":[0.167],"y":[0.167]},"t":7.5,"s":[503.679]},{"i":{"x":[0.251],"y":[1]},"o":{"x":[0.732],"y":[0]},"t":20,"s":[501.146]},{"i":{"x":[0.251],"y":[1]},"o":{"x":[0.333],"y":[0]},"t":37.5,"s":[519.679]},{"i":{"x":[0.667],"y":[1]},"o":{"x":[0.167],"y":[0]},"t":52.5,"s":[511.679]},{"i":{"x":[0.667],"y":[1]},"o":{"x":[0.767],"y":[0]},"t":237.5,"s":[511.679]},{"t":252.5,"s":[519.679]}],"ix":4}},"a":{"a":0,"k":[0,0,0],"ix":1,"l":2},"s":{"a":0,"k":[800,800,100],"ix":6,"l":2}},"ao":0,"shapes":[{"ty":"gr","it":[{"ind":0,"ty":"sh","ix":1,"ks":{"a":0,"k":{"i":[[15.4,0],[0,38.4],[-27.9,0],[-10.6,-9.3],[0,-16.9],[11.5,-10.2]],"o":[[-27.9,0],[0,-38.4],[15.5,0],[11.5,10.2],[0,16.9],[-10.6,9.3]],"v":[[0,55.9],[-58,0],[0,-55.9],[40.4,-41.5],[58,0],[40.4,41.4]],"c":true},"ix":2},"nm":"Path 1","mn":"ADBE Vector Shape - Group","hd":false},{"ty":"gf","o":{"a":0,"k":100,"ix":10},"r":1,"bm":0,"g":{"p":5,"k":{"a":0,"k":[0.48,0.992,0.878,0.188,0.691,0.98,0.816,0.178,0.902,0.969,0.753,0.169,0.966,0.963,0.694,0.153,1,0.957,0.635,0.137],"ix":9}},"s":{"a":0,"k":[0,0],"ix":5},"e":{"a":0,"k":[56.225,0],"ix":6},"t":2,"h":{"a":0,"k":0,"ix":7},"a":{"a":0,"k":0,"ix":8},"nm":"Gradient Fill 1","mn":"ADBE Vector Graphic - G-Fill","hd":false},{"ty":"tr","p":{"a":0,"k":[0,0],"ix":2},"a":{"a":0,"k":[0,0],"ix":1},"s":{"a":0,"k":[100,100],"ix":3},"r":{"a":0,"k":0,"ix":6},"o":{"a":0,"k":100,"ix":7},"sk":{"a":0,"k":0,"ix":4},"sa":{"a":0,"k":0,"ix":5},"nm":"Transform"}],"nm":"Group 1","np":2,"cix":2,"bm":0,"ix":1,"mn":"ADBE Vector Group","hd":false}],"ip":0,"op":255,"st":0,"bm":0},{"ddd":0,"ind":11,"ty":4,"nm":"DROP Back","sr":1,"ks":{"o":{"a":0,"k":100,"ix":11},"r":{"a":1,"k":[{"i":{"x":[0.667],"y":[1]},"o":{"x":[0.167],"y":[0.167]},"t":190,"s":[0]},{"i":{"x":[0.833],"y":[0.833]},"o":{"x":[0.333],"y":[0]},"t":210,"s":[10]},{"i":{"x":[0.833],"y":[0.833]},"o":{"x":[0.167],"y":[0.167]},"t":225,"s":[0]},{"i":{"x":[0.833],"y":[0.833]},"o":{"x":[0.167],"y":[0.167]},"t":235,"s":[0]},{"t":245,"s":[-25.4]}],"ix":10},"p":{"a":1,"k":[{"i":{"x":0.833,"y":0.833},"o":{"x":0.167,"y":0.167},"t":102.5,"s":[276.273,159.01,0],"to":[0,15.165,0],"ti":[0,-4.237,0]},{"i":{"x":0.833,"y":0.833},"o":{"x":0.167,"y":0.167},"t":120,"s":[245.273,236.792,0],"to":[0,5.477,0],"ti":[0,-40.371,0]},{"i":{"x":0.833,"y":0.833},"o":{"x":0.167,"y":0.167},"t":190,"s":[245.273,310.01,0],"to":[0,26.832,0],"ti":[1.5,0,0]},{"i":{"x":0.833,"y":0.833},"o":{"x":0.167,"y":0.167},"t":212.5,"s":[156.764,479.263,0],"to":[-1.297,0,0],"ti":[-10.714,-159.061,0]},{"i":{"x":0.833,"y":0.833},"o":{"x":0.167,"y":0.167},"t":225,"s":[173.37,622.49,0],"to":[-17.145,138.833,0],"ti":[-30.727,-20.99,0]},{"i":{"x":0.833,"y":0.833},"o":{"x":0.167,"y":0.167},"t":235,"s":[224.273,872.01,0],"to":[30.727,20.99,0],"ti":[-42.51,4.459,0]},{"t":245,"s":[366.273,906.01,0]}],"ix":2,"l":2},"a":{"a":0,"k":[-0.727,2.01,0],"ix":1,"l":2},"s":{"a":0,"k":[100,100,100],"ix":6,"l":2}},"ao":0,"shapes":[{"ty":"gr","it":[{"ind":0,"ty":"sh","ix":1,"ks":{"a":1,"k":[{"i":{"x":0.833,"y":0.833},"o":{"x":0.167,"y":0.167},"t":102.5,"s":[{"i":[[50.203,-39.022],[-26.119,29.675],[-26.259,8.988]],"o":[[-21.381,16.619],[16.558,-18.813],[48.028,-16.439]],"v":[[37.797,49.522],[12.942,22.313],[35.472,-51.061]],"c":true}]},{"i":{"x":0.667,"y":1},"o":{"x":0.167,"y":0.167},"t":112.5,"s":[{"i":[[26.047,-40.147],[2.848,30.032],[-15.825,2.486]],"o":[[-17.244,26.579],[-2.848,-30.032],[15.825,-2.486]],"v":[[84.953,69.866],[42.848,52.751],[62.675,-67.295]],"c":true}]},{"i":{"x":0.833,"y":0.833},"o":{"x":0.333,"y":0},"t":125,"s":[{"i":[[21.261,-33.252],[0,39.532],[-21.027,-18.116]],"o":[[-14.93,24.154],[0,-25.281],[34.315,29.549]],"v":[[72.797,128.522],[23.942,108.313],[49.972,-25.561]],"c":true}]},{"i":{"x":0.833,"y":0.833},"o":{"x":0.167,"y":0.167},"t":155,"s":[{"i":[[21.261,-33.252],[0,39.532],[-21.027,-18.116]],"o":[[-14.93,24.154],[0,-25.281],[34.315,29.549]],"v":[[70.797,128.522],[21.942,108.313],[47.972,-25.561]],"c":true}]},{"i":{"x":0.667,"y":1},"o":{"x":0.167,"y":0.167},"t":175,"s":[{"i":[[21.261,-33.252],[0,39.532],[-21.027,-18.116]],"o":[[-14.93,24.154],[0,-25.281],[34.315,29.549]],"v":[[70.797,128.522],[21.942,108.313],[47.972,-28.561]],"c":true}]},{"i":{"x":0.833,"y":0.833},"o":{"x":0.333,"y":0},"t":190,"s":[{"i":[[21.261,-33.252],[0,39.532],[-21.027,-18.116]],"o":[[-14.93,24.154],[0,-25.281],[34.315,29.549]],"v":[[70.797,128.522],[21.942,108.313],[47.972,-28.561]],"c":true}]},{"i":{"x":0.833,"y":0.833},"o":{"x":0.167,"y":0.167},"t":215,"s":[{"i":[[1.703,-43.522],[13.558,59.187],[-21.797,17.181]],"o":[[-1.585,40.487],[-5.645,-24.643],[24.028,-18.939]],"v":[[89.797,-0.978],[17.942,1.813],[-2.028,-61.561]],"c":true}]},{"i":{"x":0.833,"y":0.833},"o":{"x":0.167,"y":0.167},"t":225,"s":[{"i":[[-0.464,-60.317],[8.13,45.649],[-15.859,13.151]],"o":[[0.238,31.012],[-8.184,-45.953],[17.483,-14.497]],"v":[[65.964,18.317],[-3.816,25.453],[-28.346,-47.057]],"c":true}]},{"i":{"x":0.833,"y":0.833},"o":{"x":0.167,"y":0.167},"t":235,"s":[{"i":[[-13.964,-10.817],[7.659,4.636],[-4.654,5.557]],"o":[[24.517,18.992],[-8.184,-4.953],[5.954,-7.109]],"v":[[8.964,-13.683],[3.184,5.453],[-35.846,-35.557]],"c":true}]},{"t":245,"s":[{"i":[[-13.964,-8.293],[6.989,4.289],[4.346,11.557]],"o":[[24.517,14.561],[-16.184,-9.931],[-1.615,-4.295]],"v":[[-6.036,4.793],[-11.816,19.464],[-42.846,-17.557]],"c":true}]}],"ix":2},"nm":"Path 1","mn":"ADBE Vector Shape - Group","hd":false},{"ty":"fl","c":{"a":0,"k":[0.505882352941,0.83137254902,0.980392156863,1],"ix":4},"o":{"a":0,"k":100,"ix":5},"r":1,"bm":0,"nm":"Fill 1","mn":"ADBE Vector Graphic - Fill","hd":false},{"ty":"tr","p":{"a":0,"k":[0,0],"ix":2},"a":{"a":0,"k":[0,0],"ix":1},"s":{"a":0,"k":[100,100],"ix":3},"r":{"a":0,"k":0,"ix":6},"o":{"a":0,"k":100,"ix":7},"sk":{"a":0,"k":0,"ix":4},"sa":{"a":0,"k":0,"ix":5},"nm":"Transform"}],"nm":"Shape 2","np":3,"cix":2,"bm":0,"ix":1,"mn":"ADBE Vector Group","hd":false},{"ty":"gr","it":[{"ind":0,"ty":"sh","ix":1,"ks":{"a":1,"k":[{"i":{"x":0.833,"y":0.833},"o":{"x":0.167,"y":0.167},"t":102.5,"s":[{"i":[[57.266,-11.971],[16.134,31.151],[-15.915,18.184],[-10.968,6.474],[-10.542,2.108],[-13.301,-3.797],[-8.681,-11.646],[7.149,-26.346]],"o":[[-39.105,8.175],[-13.762,-26.572],[15.793,-18.044],[17.444,-10.297],[17.751,-3.55],[11.603,3.312],[12.17,16.326],[-7.149,26.346]],"v":[[0.234,86.471],[-97.634,52.349],[-82.043,-26.456],[-41.944,-59.203],[-0.688,-76.7],[42.426,-76.266],[78.431,-53.104],[91.149,7.154]],"c":true}]},{"i":{"x":0.667,"y":1},"o":{"x":0.167,"y":0.167},"t":112.5,"s":[{"i":[[64.843,-0.346],[6.023,52.095],[-19.743,36.746],[-14.936,15.242],[-13.042,4.714],[-15.314,-9.329],[-9.746,-42.375],[11.602,-57.173]],"o":[[-72.68,0.388],[-7.069,-61.146],[20.894,-38.888],[14.936,-15.242],[13.042,-4.714],[17.438,10.623],[11.053,48.057],[-10.727,52.862]],"v":[[0.157,166.065],[-114.931,71.864],[-79.894,-81.893],[-33.936,-147.539],[9.958,-177.567],[51.563,-172.904],[100.947,-82.338],[107.227,69.357]],"c":true}]},{"i":{"x":0.833,"y":0.833},"o":{"x":0.333,"y":0},"t":125,"s":[{"i":[[65.192,0],[0,56.601],[-24.707,61.772],[-15.634,27.354],[-9.596,0],[-5.301,-10.754],[-15.132,-33.952],[0,-39.854]],"o":[[-66.208,0],[0,-48.849],[11.816,-29.541],[5.026,-9.017],[10.001,0],[14.539,26.883],[42.758,95.934],[1.485,55.796]],"v":[[0.117,205.471],[-119.134,82.849],[-65.293,-93.791],[-26.694,-181.888],[-2.751,-196],[21.301,-181.888],[61.931,-91.989],[117.649,83.654]],"c":true}]},{"i":{"x":0.833,"y":0.833},"o":{"x":0.167,"y":0.167},"t":155,"s":[{"i":[[65.192,0],[0,56.601],[-24.707,61.772],[-15.634,27.354],[-9.596,0],[-5.301,-10.754],[-15.132,-33.952],[0,-39.854]],"o":[[-66.208,0],[0,-48.849],[11.816,-29.541],[5.026,-9.017],[10.001,0],[14.539,26.883],[42.758,95.934],[1.485,55.796]],"v":[[0.117,205.471],[-117.134,82.849],[-64.293,-93.791],[-26.694,-181.888],[-2.751,-196],[21.301,-181.888],[60.931,-91.989],[115.649,83.654]],"c":true}]},{"i":{"x":0.667,"y":1},"o":{"x":0.167,"y":0.167},"t":175,"s":[{"i":[[65.192,0],[0,56.601],[-24.707,63.456],[-15.634,28.099],[-9.596,0],[-5.301,-11.047],[-15.165,-34.862],[0,-39.854]],"o":[[-66.208,0],[0,-48.849],[11.816,-30.346],[5.026,-9.263],[10.001,0],[14.539,27.616],[42.758,98.549],[1.485,55.796]],"v":[[0.117,205.471],[-117.134,82.849],[-64.293,-96.456],[-26.694,-186.953],[-2.751,-201.45],[21.301,-186.953],[60.931,-94.604],[115.649,83.654]],"c":true}]},{"i":{"x":0.833,"y":0.833},"o":{"x":0.333,"y":0},"t":190,"s":[{"i":[[65.192,0],[0,56.601],[-24.707,63.456],[-15.634,28.099],[-9.596,0],[-5.301,-11.047],[-15.165,-34.862],[0,-39.854]],"o":[[-66.208,0],[0,-48.849],[11.816,-30.346],[5.026,-9.263],[10.001,0],[14.539,27.616],[42.758,98.549],[1.485,55.796]],"v":[[0.117,205.471],[-117.134,82.849],[-64.293,-96.456],[-26.694,-186.953],[-2.751,-201.45],[21.301,-186.953],[60.931,-94.604],[115.649,83.654]],"c":true}]},{"i":{"x":0.833,"y":0.833},"o":{"x":0.167,"y":0.167},"t":215,"s":[{"i":[[65.192,0],[0,56.601],[-11.213,10.148],[-9.159,2.346],[-9.595,-0.155],[-10.874,-3.865],[-11.246,-11.609],[0.501,-24.149]],"o":[[-66.208,0],[0,-33.849],[15.293,-13.841],[14.444,-3.7],[15.501,0.25],[12.449,4.425],[16.819,17.362],[-1.149,55.346]],"v":[[4.617,110.471],[-104.634,8.849],[-74.293,-57.409],[-35.632,-80.487],[7.249,-85.5],[47.926,-77.8],[87.181,-52.112],[110.649,13.154]],"c":true}]},{"i":{"x":0.833,"y":0.833},"o":{"x":0.167,"y":0.167},"t":225,"s":[{"i":[[47.432,0],[0,43.326],[-8.158,7.768],[-6.664,1.796],[-6.981,-0.118],[-7.912,-2.958],[-8.182,-8.886],[0.365,-18.485]],"o":[[-48.172,0],[0,-25.91],[11.127,-10.595],[10.509,-2.832],[11.278,0.191],[9.058,3.387],[12.237,13.29],[-0.836,42.366]],"v":[[2.489,78],[-77,5.339],[-54.924,-45.379],[-26.795,-63.044],[4.404,-66.882],[33.999,-60.987],[62.561,-41.324],[79.635,8.634]],"c":true}]},{"i":{"x":0.833,"y":0.833},"o":{"x":0.167,"y":0.167},"t":235,"s":[{"i":[[9.313,-8.337],[18.569,11.568],[6.547,9.167],[2.233,6.53],[-4.928,4.946],[-6.753,-5.074],[-9.684,-7.221],[-5.901,-7.641]],"o":[[-9.408,8.422],[-11.22,-6.99],[-7.213,-10.099],[-5.5,-16.084],[7.961,-7.991],[13.347,10.029],[15.372,11.462],[9.543,12.356]],"v":[[52.908,43.078],[3.181,44.932],[-28.537,15.099],[-47.5,-17.416],[-46.122,-47.05],[-12.847,-38.529],[21.128,-14.712],[53.457,9.144]],"c":true}]},{"t":245,"s":[{"i":[[2.956,-2.731],[18.569,8.869],[6.547,7.028],[2.529,6.422],[-2.378,1.05],[-6.753,-5.074],[-9.718,-5.894],[-12.147,-6.232]],"o":[[-6.408,5.922],[-11.22,-5.359],[-7.213,-7.743],[-5.25,-13.334],[3.313,-1.463],[13.347,10.029],[18.872,11.446],[6.543,3.356]],"v":[[57.408,38.078],[3.181,33.631],[-28.537,10.76],[-47.5,-17.416],[-53.872,-42.05],[-29.597,-20.529],[8.378,7.804],[45.957,29.144]],"c":true}]}],"ix":2},"nm":"Path 1","mn":"ADBE Vector Shape - Group","hd":false},{"ty":"fl","c":{"a":0,"k":[0.266666666667,0.701960784314,0.901960784314,1],"ix":4},"o":{"a":0,"k":100,"ix":5},"r":1,"bm":0,"nm":"Fill 1","mn":"ADBE Vector Graphic - Fill","hd":false},{"ty":"tr","p":{"a":0,"k":[0,0],"ix":2},"a":{"a":0,"k":[0,0],"ix":1},"s":{"a":0,"k":[100,100],"ix":3},"r":{"a":0,"k":0,"ix":6},"o":{"a":0,"k":100,"ix":7},"sk":{"a":0,"k":0,"ix":4},"sa":{"a":0,"k":0,"ix":5},"nm":"Transform"}],"nm":"Shape 1","np":3,"cix":2,"bm":0,"ix":2,"mn":"ADBE Vector Group","hd":false}],"ip":240,"op":250,"st":102.5,"bm":0}],"markers":[{"tm":45,"cm":"","dr":0},{"tm":187,"cm":"rest","dr":0}]}