{"v":"5.8.1","fr":60,"ip":0,"op":178,"w":1024,"h":1024,"nm":"emoji_Front facing baby-chick remap","ddd":0,"assets":[{"id":"comp_0","nm":"51 Front facing baby-chick","fr":60,"layers":[{"ddd":0,"ind":1,"ty":3,"nm":"move ALL 2","sr":1,"ks":{"o":{"a":0,"k":25,"ix":11},"r":{"a":0,"k":0.335,"ix":10},"p":{"a":1,"k":[{"i":{"x":0.833,"y":0.833},"o":{"x":0.167,"y":0.167},"t":44,"s":[510.562,511.997,0],"to":[0,0,0],"ti":[-0.258,-0.381,0.065]},{"i":{"x":0.4,"y":1},"o":{"x":0,"y":0},"t":46,"s":[510.562,511.997,0],"to":[0.258,0.381,-0.065],"ti":[-0.054,-0.195,-0.922]},{"i":{"x":0.635,"y":1},"o":{"x":0.294,"y":0},"t":58,"s":[510.016,511.071,0],"to":[0.054,0.195,0.922],"ti":[0.079,0.615,0.254]},{"i":{"x":0.659,"y":1},"o":{"x":0.32,"y":0},"t":70,"s":[511.27,511.449,0],"to":[-0.079,-0.615,-0.254],"ti":[-0.859,-0.971,-0.495]},{"i":{"x":0.674,"y":1},"o":{"x":0.336,"y":0},"t":82,"s":[510.33,511.161,0],"to":[0.859,0.971,0.495],"ti":[0.571,0.121,0.47]},{"i":{"x":0.695,"y":1},"o":{"x":0.355,"y":0},"t":94,"s":[511.284,512.183,0],"to":[-0.571,-0.121,-0.47],"ti":[-0.94,0.895,-0.737]},{"i":{"x":0.763,"y":1},"o":{"x":0.413,"y":0},"t":106,"s":[509.809,511.171,0],"to":[0.94,-0.895,0.737],"ti":[-0.848,-0.975,0.061]},{"i":{"x":1,"y":1},"o":{"x":0.633,"y":0},"t":118,"s":[510.584,512.801,0],"to":[0.848,0.975,-0.061],"ti":[-0.657,0.429,-0.34]},{"t":122,"s":[510.562,511.997,0]}],"ix":2,"l":2},"a":{"a":0,"k":[512,512,0],"ix":1,"l":2},"s":{"a":0,"k":[100,100,100],"ix":6,"l":2}},"ao":0,"ip":0,"op":200,"st":0,"bm":0},{"ddd":0,"ind":2,"ty":3,"nm":"move ALL","parent":1,"sr":1,"ks":{"o":{"a":0,"k":100,"ix":11},"r":{"a":0,"k":0,"ix":10},"p":{"a":1,"k":[{"i":{"x":0,"y":1},"o":{"x":0.333,"y":0},"t":34,"s":[512,512,0],"to":[0,0,0],"ti":[0,0,0]},{"i":{"x":0.667,"y":1},"o":{"x":0.167,"y":0},"t":72,"s":[512,454,0],"to":[0,0,0],"ti":[0,0,0]},{"i":{"x":0.667,"y":1},"o":{"x":0.333,"y":0},"t":90,"s":[514,470,0],"to":[0,0,0],"ti":[0,0,0]},{"i":{"x":0.833,"y":0.833},"o":{"x":0.333,"y":0},"t":108,"s":[514,464,0],"to":[0,0,0],"ti":[0,0,0]},{"t":126,"s":[512,512,0]}],"ix":2,"l":2},"a":{"a":0,"k":[512,512,0],"ix":1,"l":2},"s":{"a":0,"k":[100,100,100],"ix":6,"l":2}},"ao":0,"ip":0,"op":200,"st":0,"bm":0},{"ddd":0,"ind":3,"ty":3,"nm":"move head","parent":9,"sr":1,"ks":{"o":{"a":0,"k":100,"ix":11},"r":{"a":0,"k":0,"ix":10},"p":{"a":1,"k":[{"i":{"x":0.133,"y":1},"o":{"x":0.333,"y":0},"t":20,"s":[327.695,487.684,0],"to":[0,11.333,0],"ti":[-0.006,15.667,0]},{"i":{"x":0.347,"y":1},"o":{"x":0.706,"y":0},"t":34,"s":[327.695,555.684,0],"to":[0.006,-15.667,0],"ti":[0,28,0]},{"i":{"x":0.572,"y":0.572},"o":{"x":0.527,"y":0.527},"t":52,"s":[327.73,393.684,0],"to":[0,0,0],"ti":[0,0,0]},{"i":{"x":0.617,"y":1},"o":{"x":0.816,"y":0},"t":114,"s":[327.73,393.684,0],"to":[0,19.333,0],"ti":[0.006,-14.333,0]},{"i":{"x":0.667,"y":1},"o":{"x":0.624,"y":0},"t":130,"s":[327.695,503.684,0],"to":[-0.006,14.333,0],"ti":[0,2,0]},{"i":{"x":0.667,"y":1},"o":{"x":0.333,"y":0},"t":142,"s":[327.695,479.684,0],"to":[0,-2,0],"ti":[0,-1.333,0]},{"i":{"x":0.667,"y":1},"o":{"x":0.333,"y":0},"t":154,"s":[327.695,491.684,0],"to":[0,1.333,0],"ti":[0,0.667,0]},{"t":166,"s":[327.695,487.684,0]}],"ix":2,"l":2},"a":{"a":0,"k":[512,512,0],"ix":1,"l":2},"s":{"a":0,"k":[100,100,100],"ix":6,"l":2}},"ao":0,"ip":0,"op":200,"st":0,"bm":0},{"ddd":0,"ind":4,"ty":4,"nm":"eyes","parent":3,"sr":1,"ks":{"o":{"a":1,"k":[{"t":126,"s":[100],"h":1},{"t":128,"s":[0],"h":1},{"t":144,"s":[100],"h":1}],"ix":11},"r":{"a":0,"k":0,"ix":10},"p":{"a":0,"k":[512.715,295.434,0],"ix":2,"l":2},"a":{"a":0,"k":[181.569,44.754,0],"ix":1,"l":2},"s":{"a":1,"k":[{"i":{"x":[0.833,0.833,0.833],"y":[1,0.833,1]},"o":{"x":[0.333,0.333,0.333],"y":[0,0,0]},"t":122,"s":[100,100,100]},{"i":{"x":[0.833,0.833,0.833],"y":[0.833,0.833,0.833]},"o":{"x":[0.167,0.167,0.167],"y":[0.167,0.167,0.167]},"t":126,"s":[100,81,100]},{"i":{"x":[0.667,0.667,0.667],"y":[1,1,1]},"o":{"x":[0.167,0.167,0.167],"y":[0,0.167,0]},"t":144,"s":[100,81,100]},{"t":148,"s":[100,100,100]}],"ix":6,"l":2}},"ao":0,"shapes":[{"ty":"gr","it":[{"ind":0,"ty":"sh","ix":1,"ks":{"a":0,"k":{"i":[[-20.101,2.681],[-3.078,-23.08],[20.102,-2.681],[3.078,23.079]],"o":[[20.101,-2.681],[3.079,23.079],[-20.101,2.681],[-3.078,-23.08]],"v":[[-5.574,-41.789],[36.396,-4.854],[5.573,41.789],[-36.397,4.855]],"c":true},"ix":2},"nm":"Path 1","mn":"ADBE Vector Shape - Group","hd":false},{"ty":"fl","c":{"a":0,"k":[0.180000005984,0.187999994615,0.176000004189,1],"ix":4},"o":{"a":0,"k":100,"ix":5},"r":1,"bm":0,"nm":"Fill 1","mn":"ADBE Vector Graphic - Fill","hd":false},{"ty":"tr","p":{"a":0,"k":[39.725,44.789],"ix":2},"a":{"a":0,"k":[0,0],"ix":1},"s":{"a":0,"k":[100,100],"ix":3},"r":{"a":0,"k":0,"ix":6},"o":{"a":0,"k":100,"ix":7},"sk":{"a":0,"k":0,"ix":4},"sa":{"a":0,"k":0,"ix":5},"nm":"Transform"}],"nm":"Group 1","np":2,"cix":2,"bm":0,"ix":1,"mn":"ADBE Vector Group","hd":false},{"ty":"gr","it":[{"ind":0,"ty":"sh","ix":1,"ks":{"a":0,"k":{"i":[[-1.59,23.231],[-20.233,-1.385],[1.59,-23.231],[20.233,1.385]],"o":[[1.59,-23.23],[20.233,1.385],[-1.59,23.231],[-20.233,-1.385]],"v":[[-36.635,-2.508],[2.879,-42.063],[36.636,2.508],[-2.879,42.063]],"c":true},"ix":2},"nm":"Path 1","mn":"ADBE Vector Shape - Group","hd":false},{"ty":"fl","c":{"a":0,"k":[0.180000005984,0.187999994615,0.176000004189,1],"ix":4},"o":{"a":0,"k":100,"ix":5},"r":1,"bm":0,"nm":"Fill 1","mn":"ADBE Vector Graphic - Fill","hd":false},{"ty":"tr","p":{"a":0,"k":[324.662,43.698],"ix":2},"a":{"a":0,"k":[0,0],"ix":1},"s":{"a":0,"k":[100,100],"ix":3},"r":{"a":0,"k":0,"ix":6},"o":{"a":0,"k":100,"ix":7},"sk":{"a":0,"k":0,"ix":4},"sa":{"a":0,"k":0,"ix":5},"nm":"Transform"}],"nm":"Group 2","np":2,"cix":2,"bm":0,"ix":2,"mn":"ADBE Vector Group","hd":false}],"ip":0,"op":200,"st":0,"bm":0},{"ddd":0,"ind":5,"ty":4,"nm":"eyes closed","parent":3,"sr":1,"ks":{"o":{"a":0,"k":100,"ix":11},"r":{"a":0,"k":0,"ix":10},"p":{"a":0,"k":[513.459,309.973,0],"ix":2,"l":2},"a":{"a":0,"k":[223.985,69.662,0],"ix":1,"l":2},"s":{"a":0,"k":[100,100,100],"ix":6,"l":2}},"ao":0,"shapes":[{"ty":"gr","it":[{"ind":0,"ty":"sh","ix":1,"ks":{"a":0,"k":{"i":[[0,0],[20.101,-2.682],[3.078,23.08]],"o":[[3.078,23.08],[-20.102,2.681],[0,0]],"v":[[34.858,-24.663],[4.035,21.982],[-37.936,-14.953]],"c":false},"ix":2},"nm":"Path 1","mn":"ADBE Vector Shape - Group","hd":false},{"ty":"st","c":{"a":0,"k":[0.180000005984,0.187999994615,0.176000004189,1],"ix":3},"o":{"a":0,"k":100,"ix":4},"w":{"a":0,"k":20,"ix":5},"lc":2,"lj":2,"bm":0,"nm":"Stroke 1","mn":"ADBE Vector Graphic - Stroke","hd":false},{"ty":"tr","p":{"a":0,"k":[82.936,69.662],"ix":2},"a":{"a":0,"k":[0,0],"ix":1},"s":{"a":0,"k":[100,100],"ix":3},"r":{"a":0,"k":0,"ix":6},"o":{"a":0,"k":100,"ix":7},"sk":{"a":0,"k":0,"ix":4},"sa":{"a":0,"k":0,"ix":5},"nm":"Transform"}],"nm":"Group 1","np":2,"cix":2,"bm":0,"ix":1,"mn":"ADBE Vector Group","hd":false},{"ty":"gr","it":[{"ind":0,"ty":"sh","ix":1,"ks":{"a":0,"k":{"i":[[0,0],[20.233,1.385],[-1.59,23.231]],"o":[[-1.59,23.231],[-20.233,-1.385],[0,0]],"v":[[37.431,-17.962],[-2.085,21.593],[-35.841,-22.978]],"c":false},"ix":2},"nm":"Path 1","mn":"ADBE Vector Shape - Group","hd":false},{"ty":"st","c":{"a":0,"k":[0.180000005984,0.187999994615,0.176000004189,1],"ix":3},"o":{"a":0,"k":100,"ix":4},"w":{"a":0,"k":20,"ix":5},"lc":2,"lj":2,"bm":0,"nm":"Stroke 1","mn":"ADBE Vector Graphic - Stroke","hd":false},{"ty":"tr","p":{"a":0,"k":[365.539,69.234],"ix":2},"a":{"a":0,"k":[0,0],"ix":1},"s":{"a":0,"k":[100,100],"ix":3},"r":{"a":0,"k":0,"ix":6},"o":{"a":0,"k":100,"ix":7},"sk":{"a":0,"k":0,"ix":4},"sa":{"a":0,"k":0,"ix":5},"nm":"Transform"}],"nm":"Group 2","np":2,"cix":2,"bm":0,"ix":2,"mn":"ADBE Vector Group","hd":false}],"ip":128,"op":144,"st":0,"bm":0},{"ddd":0,"ind":6,"ty":4,"nm":"mouth","parent":3,"sr":1,"ks":{"o":{"a":0,"k":100,"ix":11},"r":{"a":0,"k":0,"ix":10},"p":{"a":0,"k":[511.92,379.16,0],"ix":2,"l":2},"a":{"a":0,"k":[73.45,58.81,0],"ix":1,"l":2},"s":{"a":0,"k":[100,100,100],"ix":6,"l":2}},"ao":0,"shapes":[{"ty":"gr","it":[{"ind":0,"ty":"sh","ix":1,"ks":{"a":0,"k":{"i":[[50.72,-1.12],[0,-18.16],[-18,0],[-0.56,19.2]],"o":[[-56.32,1.28],[0,21.36],[18,0],[0.56,-18]],"v":[[0,-57.44],[-73.2,-10.16],[-1.12,58.56],[72.64,-10.16]],"c":true},"ix":2},"nm":"Path 1","mn":"ADBE Vector Shape - Group","hd":false},{"ty":"fl","c":{"a":0,"k":[0.995999983245,0.560999971278,0.004000000393,1],"ix":4},"o":{"a":0,"k":100,"ix":5},"r":1,"bm":0,"nm":"Fill 1","mn":"ADBE Vector Graphic - Fill","hd":false},{"ty":"tr","p":{"a":0,"k":[73.45,58.81],"ix":2},"a":{"a":0,"k":[0,0],"ix":1},"s":{"a":0,"k":[100,100],"ix":3},"r":{"a":0,"k":0,"ix":6},"o":{"a":0,"k":100,"ix":7},"sk":{"a":0,"k":0,"ix":4},"sa":{"a":0,"k":0,"ix":5},"nm":"Transform"}],"nm":"Group 1","np":2,"cix":2,"bm":0,"ix":1,"mn":"ADBE Vector Group","hd":false}],"ip":0,"op":200,"st":0,"bm":0},{"ddd":0,"ind":7,"ty":4,"nm":"wing","parent":9,"sr":1,"ks":{"o":{"a":0,"k":100,"ix":11},"r":{"a":1,"k":[{"i":{"x":[0],"y":[1]},"o":{"x":[0.333],"y":[0]},"t":20,"s":[0]},{"i":{"x":[0.833],"y":[1]},"o":{"x":[1],"y":[0]},"t":34,"s":[-28]},{"i":{"x":[0.239],"y":[1]},"o":{"x":[0.602],"y":[0]},"t":44,"s":[19]},{"i":{"x":[0.833],"y":[1]},"o":{"x":[0.977],"y":[0]},"t":54,"s":[-80]},{"i":{"x":[0.239],"y":[1]},"o":{"x":[0.167],"y":[0]},"t":62.443,"s":[9]},{"i":{"x":[0.833],"y":[1]},"o":{"x":[0.977],"y":[0]},"t":72,"s":[-80]},{"i":{"x":[0.239],"y":[1]},"o":{"x":[0.167],"y":[0]},"t":80,"s":[9]},{"i":{"x":[0.833],"y":[1]},"o":{"x":[0.977],"y":[0]},"t":87.557,"s":[-80]},{"i":{"x":[0.239],"y":[1]},"o":{"x":[0.167],"y":[0]},"t":94,"s":[9]},{"i":{"x":[0.833],"y":[1]},"o":{"x":[0.977],"y":[0]},"t":102,"s":[-80]},{"i":{"x":[0.591],"y":[1]},"o":{"x":[0.164],"y":[0]},"t":110.445,"s":[9]},{"i":{"x":[0.83],"y":[1]},"o":{"x":[0.423],"y":[0]},"t":122,"s":[-7]},{"i":{"x":[0.833],"y":[1]},"o":{"x":[0.167],"y":[0]},"t":130,"s":[9]},{"i":{"x":[0.833],"y":[1]},"o":{"x":[0.167],"y":[0]},"t":144,"s":[-2]},{"t":156,"s":[0]}],"ix":10},"p":{"a":1,"k":[{"i":{"x":0,"y":1},"o":{"x":0.333,"y":0},"t":20,"s":[582.22,400.696,0],"to":[-8.333,-0.667,0],"ti":[0,0,0]},{"i":{"x":0.833,"y":1},"o":{"x":1,"y":0},"t":34,"s":[532.22,396.696,0],"to":[0,0,0],"ti":[4.333,-8,0]},{"i":{"x":0.833,"y":0.39},"o":{"x":0.624,"y":0},"t":44,"s":[582.22,400.696,0],"to":[-1.697,3.133,0],"ti":[20.462,-7.916,0]},{"i":{"x":0.598,"y":0.791},"o":{"x":0.318,"y":0.279},"t":48,"s":[548.766,419.169,0],"to":[-10.574,4.091,0],"ti":[7.309,-3.782,0]},{"i":{"x":0.583,"y":0.648},"o":{"x":0.265,"y":0.445},"t":49,"s":[510.531,431.307,0],"to":[-4.915,2.543,0],"ti":[3.886,-2.01,0]},{"i":{"x":0.51,"y":1},"o":{"x":0.206,"y":0.679},"t":50,"s":[517.141,438.1,0],"to":[-7.704,3.984,0],"ti":[0,0,0]},{"i":{"x":0.832,"y":0},"o":{"x":0.528,"y":0},"t":54,"s":[506.22,444.696,0],"to":[0,0,0],"ti":[0,0,0]},{"i":{"x":0.645,"y":1},"o":{"x":0.697,"y":0.333},"t":60,"s":[511.233,430.382,0],"to":[0,0,0],"ti":[0,0,0]},{"i":{"x":0.449,"y":0.664},"o":{"x":0.271,"y":0},"t":62.443,"s":[582.22,400.696,0],"to":[0,0,0],"ti":[0,0,0]},{"i":{"x":0.521,"y":1},"o":{"x":0.209,"y":1},"t":66,"s":[512.439,429.662,0],"to":[0,0,0],"ti":[0,0,0]},{"i":{"x":0.84,"y":0.024},"o":{"x":0.556,"y":0},"t":72,"s":[506.22,444.696,0],"to":[0,0,0],"ti":[0,0,0]},{"i":{"x":0.618,"y":1},"o":{"x":0.643,"y":0.336},"t":78,"s":[513.98,427.559,0],"to":[0,0,0],"ti":[0,0,0]},{"i":{"x":0.526,"y":0.646},"o":{"x":0.305,"y":0},"t":80,"s":[582.22,400.696,0],"to":[0,0,0],"ti":[0,0,0]},{"i":{"x":0.61,"y":0.69},"o":{"x":0.283,"y":0.472},"t":82,"s":[526.012,421.753,0],"to":[0,0,0],"ti":[0,0,0]},{"i":{"x":0.531,"y":1},"o":{"x":0.22,"y":0.484},"t":83,"s":[512.733,423.618,0],"to":[0,0,0],"ti":[0,0,0]},{"i":{"x":0.83,"y":0},"o":{"x":0.515,"y":0},"t":87.557,"s":[506.22,444.696,0],"to":[0,0,0],"ti":[0,0,0]},{"i":{"x":0.658,"y":1},"o":{"x":0.721,"y":0.326},"t":92,"s":[509.034,431.412,0],"to":[0,0,0],"ti":[0,0,0]},{"i":{"x":0.538,"y":0.646},"o":{"x":0.31,"y":0},"t":94,"s":[582.22,400.696,0],"to":[0,0,0],"ti":[0,0,0]},{"i":{"x":0.611,"y":0.795},"o":{"x":0.283,"y":0.32},"t":96,"s":[528.204,420.229,0],"to":[0,0,0],"ti":[0,0,0]},{"i":{"x":0.626,"y":0.865},"o":{"x":0.295,"y":0.178},"t":97,"s":[508.837,422.123,0],"to":[0,0,0],"ti":[0,0,0]},{"i":{"x":0.567,"y":1},"o":{"x":0.246,"y":0.594},"t":98,"s":[514.043,438.234,0],"to":[0,0,0],"ti":[0,0,0]},{"i":{"x":0.829,"y":0},"o":{"x":0.528,"y":0},"t":102,"s":[506.22,444.696,0],"to":[0,0,0],"ti":[0,0,0]},{"i":{"x":0.645,"y":1},"o":{"x":0.697,"y":0.333},"t":108,"s":[511.214,430.108,0],"to":[0,0,0],"ti":[-7.356,4.259,0]},{"i":{"x":0.833,"y":0.833},"o":{"x":0.167,"y":0.167},"t":110.445,"s":[582.22,400.696,0],"to":[0,0,0],"ti":[0,0,0]},{"i":{"x":0.833,"y":0.833},"o":{"x":0.167,"y":0.167},"t":130,"s":[582.22,400.696,0],"to":[0,0,0],"ti":[0,0,0]},{"t":144,"s":[582.22,400.696,0]}],"ix":2,"l":2},"a":{"a":0,"k":[117.884,114.398,0],"ix":1,"l":2},"s":{"a":0,"k":[100,100,100],"ix":6,"l":2}},"ao":0,"shapes":[{"ty":"gr","it":[{"ind":0,"ty":"sh","ix":1,"ks":{"a":1,"k":[{"i":{"x":0,"y":1},"o":{"x":0.167,"y":0},"t":20,"s":[{"i":[[0,0],[29.28,-2.24],[31.52,28.16],[-11.2,12.401],[-45.04,-27.92]],"o":[[0,0],[-31.6,2.401],[-31.52,-28.16],[11.28,-12.399],[48.8,30.16]],"v":[[101.24,46.08],[53,72.559],[-61.88,38.8],[-90.04,-62.561],[-16.84,5.04]],"c":true}]},{"i":{"x":0,"y":1},"o":{"x":1,"y":0},"t":34,"s":[{"i":[[0,0],[29.28,-2.24],[41.407,26.583],[-11.2,12.401],[-45.04,-27.92]],"o":[[0,0],[-31.6,2.401],[-35.568,-22.835],[11.28,-12.399],[48.8,30.16]],"v":[[101.24,46.08],[53,72.559],[-69.301,31.456],[-117.592,-34.173],[-23.714,11.578]],"c":true}]},{"i":{"x":0.667,"y":1},"o":{"x":1,"y":0},"t":40,"s":[{"i":[[0,0],[29.28,-2.24],[41.407,26.583],[-11.2,12.401],[-45.04,-27.92]],"o":[[0,0],[-31.6,2.401],[-35.568,-22.835],[11.28,-12.399],[48.8,30.16]],"v":[[101.24,46.08],[53,72.559],[-69.301,31.456],[-117.592,-34.173],[-23.714,11.578]],"c":true}]},{"i":{"x":0.833,"y":0.833},"o":{"x":0.333,"y":0},"t":44,"s":[{"i":[[0,0],[29.28,-2.24],[31.18,15.468],[-11.2,12.401],[-45.04,-27.92]],"o":[[0,0],[-31.6,2.401],[-37.864,-18.783],[11.28,-12.399],[48.8,30.16]],"v":[[101.24,46.08],[53,72.559],[-25.001,56.742],[-63.112,0.08],[4.521,20.937]],"c":true}]},{"i":{"x":0.833,"y":1},"o":{"x":0.167,"y":0.167},"t":50,"s":[{"i":[[0,0],[29.28,-2.24],[36.732,22.812],[-11.2,12.401],[-44.418,-28.881]],"o":[[0,0],[-31.6,2.401],[-36.098,-21.763],[11.28,-12.399],[58.986,38.589]],"v":[[101.24,46.08],[52.504,69.852],[-61.784,34.829],[-131.835,-60.88],[-36.304,7.819]],"c":true}]},{"i":{"x":0.833,"y":0.833},"o":{"x":0.167,"y":0},"t":54,"s":[{"i":[[0,0],[29.28,-2.24],[41.268,28.814],[-11.2,12.401],[-43.91,-29.666]],"o":[[0,0],[-31.6,2.401],[-34.655,-24.197],[11.28,-12.399],[67.31,45.476]],"v":[[101.24,46.08],[52.098,67.641],[-75.585,25.046],[-141.655,-66.824],[-35.529,8.466]],"c":true}]},{"i":{"x":0.667,"y":1},"o":{"x":0.167,"y":0.167},"t":60,"s":[{"i":[[0,0],[29.28,-2.24],[36.732,22.812],[-11.2,12.401],[-44.418,-28.881]],"o":[[0,0],[-31.6,2.401],[-36.098,-21.763],[11.28,-12.399],[58.986,38.589]],"v":[[101.24,46.08],[52.504,69.852],[-61.784,34.829],[-124.799,-52.425],[-36.304,7.819]],"c":true}]},{"i":{"x":0.833,"y":0.833},"o":{"x":0.333,"y":0},"t":62,"s":[{"i":[[0,0],[29.28,-2.24],[31.18,15.468],[-11.2,12.401],[-45.04,-27.92]],"o":[[0,0],[-31.6,2.401],[-37.864,-18.783],[11.28,-12.399],[48.8,30.16]],"v":[[101.24,46.08],[53,72.559],[-25.001,56.742],[-63.112,0.08],[4.521,20.937]],"c":true}]},{"i":{"x":0.833,"y":0.833},"o":{"x":0.167,"y":0.167},"t":66,"s":[{"i":[[0,0],[29.28,-2.24],[36.732,22.812],[-11.2,12.401],[-44.418,-28.881]],"o":[[0,0],[-31.6,2.401],[-36.098,-21.763],[11.28,-12.399],[58.986,38.589]],"v":[[101.24,46.08],[52.504,69.852],[-61.784,34.829],[-121.696,-43.183],[-36.304,7.819]],"c":true}]},{"i":{"x":0.833,"y":1},"o":{"x":0.167,"y":0.167},"t":68,"s":[{"i":[[0,0],[29.28,-2.24],[38.435,25.066],[-11.2,12.401],[-44.227,-29.176]],"o":[[0,0],[-31.6,2.401],[-35.556,-22.677],[11.28,-12.399],[62.113,41.175]],"v":[[101.24,46.08],[52.352,69.022],[-66.967,31.155],[-137.014,-66.162],[-36.013,8.062]],"c":true}]},{"i":{"x":0.833,"y":0.833},"o":{"x":0.167,"y":0},"t":72,"s":[{"i":[[0,0],[29.28,-2.24],[41.268,28.814],[-11.2,12.401],[-43.91,-29.666]],"o":[[0,0],[-31.6,2.401],[-34.655,-24.197],[11.28,-12.399],[67.31,45.476]],"v":[[101.24,46.08],[52.098,67.641],[-75.585,25.046],[-141.655,-66.824],[-35.529,8.466]],"c":true}]},{"i":{"x":0.667,"y":1},"o":{"x":0.167,"y":0.167},"t":78,"s":[{"i":[[0,0],[29.28,-2.24],[36.732,22.812],[-11.2,12.401],[-44.418,-28.881]],"o":[[0,0],[-31.6,2.401],[-36.098,-21.763],[11.28,-12.399],[58.986,38.589]],"v":[[101.24,46.08],[52.504,69.852],[-61.784,34.829],[-131.835,-60.88],[-36.304,7.819]],"c":true}]},{"i":{"x":0.833,"y":0.833},"o":{"x":0.333,"y":0},"t":80,"s":[{"i":[[0,0],[29.28,-2.24],[31.18,15.468],[-11.2,12.401],[-45.04,-27.92]],"o":[[0,0],[-31.6,2.401],[-37.864,-18.783],[11.28,-12.399],[48.8,30.16]],"v":[[101.24,46.08],[53,72.559],[-25.001,56.742],[-63.112,0.08],[4.521,20.937]],"c":true}]},{"i":{"x":0.833,"y":1},"o":{"x":0.167,"y":0.167},"t":84,"s":[{"i":[[0,0],[29.28,-2.24],[36.732,22.812],[-11.2,12.401],[-44.418,-28.881]],"o":[[0,0],[-31.6,2.401],[-36.098,-21.763],[11.28,-12.399],[58.986,38.589]],"v":[[101.24,46.08],[52.504,69.852],[-61.784,34.829],[-131.835,-60.88],[-36.304,7.819]],"c":true}]},{"i":{"x":0.833,"y":0.833},"o":{"x":0.167,"y":0},"t":90,"s":[{"i":[[0,0],[29.28,-2.24],[41.268,28.814],[-11.2,12.401],[-43.91,-29.666]],"o":[[0,0],[-31.6,2.401],[-34.655,-24.197],[11.28,-12.399],[67.31,45.476]],"v":[[101.24,46.08],[52.098,67.641],[-75.585,25.046],[-141.655,-66.824],[-35.529,8.466]],"c":true}]},{"i":{"x":0.667,"y":1},"o":{"x":0.167,"y":0.167},"t":92,"s":[{"i":[[0,0],[29.28,-2.24],[35.396,21.045],[-11.2,12.401],[-44.568,-28.65]],"o":[[0,0],[-31.6,2.401],[-36.523,-21.046],[11.28,-12.399],[56.535,36.56]],"v":[[101.24,46.08],[52.623,70.504],[-46.139,43.496],[-118.456,-39.828],[-26.797,12.829]],"c":true}]},{"i":{"x":0.833,"y":0.833},"o":{"x":0.333,"y":0},"t":94,"s":[{"i":[[0,0],[29.28,-2.24],[31.18,15.468],[-11.2,12.401],[-45.04,-27.92]],"o":[[0,0],[-31.6,2.401],[-37.864,-18.783],[11.28,-12.399],[48.8,30.16]],"v":[[101.24,46.08],[53,72.559],[-25.001,56.742],[-63.112,0.08],[4.521,20.937]],"c":true}]},{"i":{"x":0.833,"y":1},"o":{"x":0.167,"y":0.167},"t":98,"s":[{"i":[[0,0],[29.28,-2.24],[36.732,22.812],[-11.2,12.401],[-44.418,-28.881]],"o":[[0,0],[-31.6,2.401],[-36.098,-21.763],[11.28,-12.399],[58.986,38.589]],"v":[[101.24,46.08],[52.504,69.852],[-61.784,34.829],[-131.835,-60.88],[-36.304,7.819]],"c":true}]},{"i":{"x":0.833,"y":1},"o":{"x":0.167,"y":0},"t":104,"s":[{"i":[[0,0],[29.28,-2.24],[41.268,28.814],[-11.2,12.401],[-43.91,-29.666]],"o":[[0,0],[-31.6,2.401],[-34.655,-24.197],[11.28,-12.399],[67.31,45.476]],"v":[[101.24,46.08],[52.098,67.641],[-75.585,25.046],[-141.655,-66.824],[-35.529,8.466]],"c":true}]},{"t":110,"s":[{"i":[[0,0],[29.28,-2.24],[31.52,28.16],[-11.2,12.401],[-45.04,-27.92]],"o":[[0,0],[-31.6,2.401],[-31.52,-28.16],[11.28,-12.399],[48.8,30.16]],"v":[[101.24,46.08],[53,72.559],[-61.88,38.8],[-90.04,-62.561],[-16.84,5.04]],"c":true}]}],"ix":2},"nm":"Path 1","mn":"ADBE Vector Shape - Group","hd":false},{"ty":"fl","c":{"a":0,"k":[0.995999983245,0.560999971278,0.004000000393,1],"ix":4},"o":{"a":0,"k":100,"ix":5},"r":1,"bm":0,"nm":"Fill 1","mn":"ADBE Vector Graphic - Fill","hd":false},{"ty":"tr","p":{"a":0,"k":[226.999,313.587],"ix":2},"a":{"a":0,"k":[0,0],"ix":1},"s":{"a":0,"k":[100,100],"ix":3},"r":{"a":0,"k":0,"ix":6},"o":{"a":0,"k":100,"ix":7},"sk":{"a":0,"k":0,"ix":4},"sa":{"a":0,"k":0,"ix":5},"nm":"Transform"}],"nm":"Group 1","np":2,"cix":2,"bm":0,"ix":1,"mn":"ADBE Vector Group","hd":false},{"ty":"gr","it":[{"ind":0,"ty":"sh","ix":1,"ks":{"a":1,"k":[{"i":{"x":0.833,"y":0.833},"o":{"x":0.333,"y":0},"t":20,"s":[{"i":[[-162.949,-68.387],[-28.56,-1.52],[-16.48,34.56],[40.96,33.84],[0,0]],"o":[[0,0],[28.56,1.52],[16.56,-34.561],[-60.08,-49.52],[-50.922,-94.758]],"v":[[-14.685,135.219],[99.474,178.739],[161.074,153.219],[63.475,30.099],[-35.646,-93.021]],"c":true}]},{"i":{"x":0.833,"y":0.833},"o":{"x":0.167,"y":0.167},"t":24,"s":[{"i":[[-162.949,-68.387],[-28.56,-1.52],[-16.48,34.56],[40.96,33.84],[2.468,11.067]],"o":[[0,0],[28.56,1.52],[16.56,-34.561],[-60.08,-49.52],[-41.984,-84.602]],"v":[[-14.685,135.219],[99.474,178.739],[161.074,153.219],[63.475,30.099],[-21.4,-120.897]],"c":true}]},{"i":{"x":0,"y":1},"o":{"x":0.167,"y":0.167},"t":26,"s":[{"i":[[-162.949,-68.387],[-28.56,-1.52],[-16.48,34.56],[40.96,33.84],[4.336,19.448]],"o":[[0,0],[28.56,1.52],[16.56,-34.561],[-60.08,-49.52],[-35.216,-76.911]],"v":[[-14.685,135.219],[99.474,178.739],[161.074,153.219],[63.475,30.099],[-13.451,-126.348]],"c":true}]},{"i":{"x":0.833,"y":0.833},"o":{"x":1,"y":0},"t":34,"s":[{"i":[[-162.949,-68.387],[-28.56,-1.52],[-16.48,34.56],[40.96,33.84],[11.017,49.414]],"o":[[0,0],[28.56,1.52],[16.56,-34.561],[-60.08,-49.52],[-11.017,-49.414]],"v":[[-14.685,135.219],[99.474,178.739],[161.074,153.219],[63.475,30.099],[-3.678,-119.061]],"c":true}]},{"i":{"x":0.833,"y":0.833},"o":{"x":0.167,"y":0.167},"t":40,"s":[{"i":[[-162.949,-68.387],[-28.56,-1.52],[-16.48,34.56],[40.96,33.84],[3.878,17.394]],"o":[[0,0],[28.56,1.52],[16.56,-34.561],[-60.08,-49.52],[-36.876,-78.797]],"v":[[-14.685,135.219],[99.474,178.739],[161.074,153.219],[63.475,30.099],[-11.47,-140.592]],"c":true}]},{"i":{"x":0.667,"y":1},"o":{"x":0.167,"y":0.167},"t":42,"s":[{"i":[[-162.949,-68.387],[-28.56,-1.52],[-16.48,34.56],[40.96,33.84],[1.408,6.313]],"o":[[0,0],[28.56,1.52],[16.56,-34.561],[-60.08,-49.52],[-45.824,-88.965]],"v":[[-14.685,135.219],[99.474,178.739],[161.074,153.219],[63.475,30.099],[-22.153,-123.218]],"c":true}]},{"i":{"x":0.833,"y":0.833},"o":{"x":0.333,"y":0},"t":44,"s":[{"i":[[-162.949,-68.387],[-28.56,-1.52],[-16.48,34.56],[40.96,33.84],[0,0]],"o":[[0,0],[28.56,1.52],[16.56,-34.561],[-60.08,-49.52],[-50.922,-94.758]],"v":[[-14.685,135.219],[99.474,178.739],[161.074,153.219],[63.475,30.099],[-46.378,-105.712]],"c":true}]},{"i":{"x":0.833,"y":0.833},"o":{"x":0.167,"y":0.167},"t":46,"s":[{"i":[[-162.949,-68.387],[-28.56,-1.52],[-16.48,34.56],[40.96,33.84],[0,0]],"o":[[0,0],[28.56,1.52],[16.56,-34.561],[-60.08,-49.52],[-50.922,-94.758]],"v":[[-14.685,135.219],[99.474,178.739],[161.074,153.219],[63.475,30.099],[-44.602,-114.01]],"c":true}]},{"i":{"x":0.833,"y":0.833},"o":{"x":0.167,"y":0.167},"t":48,"s":[{"i":[[-162.949,-68.387],[-28.56,-1.52],[-16.48,34.56],[40.96,33.84],[0,0]],"o":[[0,0],[28.56,1.52],[16.56,-34.561],[-60.08,-49.52],[-50.922,-94.758]],"v":[[-14.685,135.219],[99.474,178.739],[161.074,153.219],[63.475,30.099],[-3.741,-119.506]],"c":true}]},{"i":{"x":0.833,"y":1},"o":{"x":0.167,"y":0.167},"t":50,"s":[{"i":[[-162.949,-68.387],[-28.56,-1.52],[-16.48,34.56],[40.96,33.84],[0,0]],"o":[[0,0],[28.56,1.52],[16.56,-34.561],[-60.08,-49.52],[-50.922,-94.758]],"v":[[-14.685,135.219],[99.474,178.739],[161.074,153.219],[63.475,30.099],[-2.113,-137.926]],"c":true}]},{"i":{"x":0.833,"y":1},"o":{"x":0.167,"y":0},"t":54,"s":[{"i":[[-162.949,-68.387],[-28.56,-1.52],[-16.48,34.56],[40.96,33.84],[0,0]],"o":[[0,0],[28.56,1.52],[16.56,-34.561],[-60.08,-49.52],[-50.922,-94.758]],"v":[[-14.685,135.219],[99.474,178.739],[161.074,153.219],[63.475,30.099],[-46.378,-105.712]],"c":true}]},{"i":{"x":0.667,"y":1},"o":{"x":0.167,"y":0},"t":60,"s":[{"i":[[-162.949,-68.387],[-28.56,-1.52],[-16.48,34.56],[40.96,33.84],[0,0]],"o":[[0,0],[28.56,1.52],[16.56,-34.561],[-60.08,-49.52],[-50.922,-94.758]],"v":[[-14.685,135.219],[99.474,178.739],[161.074,153.219],[63.475,30.099],[48.652,-143.16]],"c":true}]},{"i":{"x":0.833,"y":0.833},"o":{"x":0.333,"y":0},"t":62,"s":[{"i":[[-162.949,-68.387],[-28.56,-1.52],[-16.48,34.56],[40.96,33.84],[0,0]],"o":[[0,0],[28.56,1.52],[16.56,-34.561],[-60.08,-49.52],[-50.922,-94.758]],"v":[[-14.685,135.219],[99.474,178.739],[161.074,153.219],[63.475,30.099],[-47.243,-125.719]],"c":true}]},{"i":{"x":0.667,"y":1},"o":{"x":0.167,"y":0.167},"t":66,"s":[{"i":[[-162.949,-68.387],[-28.56,-1.52],[-16.48,34.56],[40.96,33.84],[0,0]],"o":[[0,0],[28.56,1.52],[16.56,-34.561],[-60.08,-49.52],[-50.922,-94.758]],"v":[[-14.685,135.219],[99.474,178.739],[161.074,153.219],[63.475,30.099],[44.849,-157.847]],"c":true}]},{"i":{"x":0.833,"y":0.833},"o":{"x":0.333,"y":0},"t":72,"s":[{"i":[[-162.949,-68.387],[-28.56,-1.52],[-16.48,34.56],[40.96,33.84],[0,0]],"o":[[0,0],[28.56,1.52],[16.56,-34.561],[-60.08,-49.52],[-50.922,-94.758]],"v":[[-14.685,135.219],[99.474,178.739],[161.074,153.219],[63.475,30.099],[-35.646,-93.021]],"c":true}]},{"i":{"x":0.667,"y":1},"o":{"x":0.167,"y":0.167},"t":78,"s":[{"i":[[-162.949,-68.387],[-28.56,-1.52],[-16.48,34.56],[40.96,33.84],[0,0]],"o":[[0,0],[28.56,1.52],[16.56,-34.561],[-60.08,-49.52],[-50.922,-94.758]],"v":[[-14.685,135.219],[99.474,178.739],[161.074,153.219],[63.475,30.099],[54.78,-146.902]],"c":true}]},{"i":{"x":0.833,"y":0.833},"o":{"x":0.333,"y":0},"t":80,"s":[{"i":[[-162.949,-68.387],[-28.56,-1.52],[-16.48,34.56],[40.96,33.84],[0,0]],"o":[[0,0],[28.56,1.52],[16.56,-34.561],[-60.08,-49.52],[-50.922,-94.758]],"v":[[-14.685,135.219],[99.474,178.739],[161.074,153.219],[63.475,30.099],[-35.646,-93.021]],"c":true}]},{"i":{"x":0.833,"y":0.833},"o":{"x":0.167,"y":0.167},"t":82,"s":[{"i":[[-162.949,-68.387],[-28.56,-1.52],[-16.48,34.56],[40.96,33.84],[0,0]],"o":[[0,0],[28.56,1.52],[16.56,-34.561],[-60.08,-49.52],[-50.922,-94.758]],"v":[[-14.685,135.219],[99.474,178.739],[161.074,153.219],[63.475,30.099],[42.088,-142.595]],"c":true}]},{"i":{"x":0.833,"y":0.833},"o":{"x":0.167,"y":0.167},"t":88,"s":[{"i":[[-162.949,-68.387],[-28.56,-1.52],[-16.48,34.56],[40.96,33.84],[0,0]],"o":[[0,0],[28.56,1.52],[16.56,-34.561],[-60.08,-49.52],[-50.922,-94.758]],"v":[[-14.685,135.219],[99.474,178.739],[161.074,153.219],[63.475,30.099],[-35.646,-93.021]],"c":true}]},{"i":{"x":0.667,"y":1},"o":{"x":0.167,"y":0.167},"t":92,"s":[{"i":[[-162.949,-68.387],[-28.56,-1.52],[-16.48,34.56],[40.96,33.84],[0,0]],"o":[[0,0],[28.56,1.52],[16.56,-34.561],[-60.08,-49.52],[-50.922,-94.758]],"v":[[-14.685,135.219],[99.474,178.739],[161.074,153.219],[63.475,30.099],[41.215,-162.314]],"c":true}]},{"i":{"x":0.833,"y":0.833},"o":{"x":0.333,"y":0},"t":94,"s":[{"i":[[-162.949,-68.387],[-28.56,-1.52],[-16.48,34.56],[40.96,33.84],[0,0]],"o":[[0,0],[28.56,1.52],[16.56,-34.561],[-60.08,-49.52],[-50.922,-94.758]],"v":[[-14.685,135.219],[99.474,178.739],[161.074,153.219],[63.475,30.099],[-42.553,-91.886]],"c":true}]},{"i":{"x":0.667,"y":1},"o":{"x":0.167,"y":0.167},"t":96,"s":[{"i":[[-162.949,-68.387],[-28.56,-1.52],[-16.48,34.56],[40.96,33.84],[0,0]],"o":[[0,0],[28.56,1.52],[16.56,-34.561],[-60.08,-49.52],[-50.922,-94.758]],"v":[[-14.685,135.219],[99.474,178.739],[161.074,153.219],[63.475,30.099],[27.039,-167.261]],"c":true}]},{"i":{"x":0.833,"y":0.833},"o":{"x":0.333,"y":0},"t":102,"s":[{"i":[[-162.949,-68.387],[-28.56,-1.52],[-16.48,34.56],[40.96,33.84],[0,0]],"o":[[0,0],[28.56,1.52],[16.56,-34.561],[-60.08,-49.52],[-50.922,-94.758]],"v":[[-14.685,135.219],[99.474,178.739],[161.074,153.219],[63.475,30.099],[-35.646,-93.021]],"c":true}]},{"i":{"x":0.667,"y":1},"o":{"x":0.167,"y":0.167},"t":108,"s":[{"i":[[-162.949,-68.387],[-28.56,-1.52],[-16.48,34.56],[40.96,33.84],[0,0]],"o":[[0,0],[28.56,1.52],[16.56,-34.561],[-60.08,-49.52],[-50.922,-94.758]],"v":[[-14.685,135.219],[99.474,178.739],[161.074,153.219],[63.475,30.099],[41.041,-158.817]],"c":true}]},{"t":110,"s":[{"i":[[-162.949,-68.387],[-28.56,-1.52],[-16.48,34.56],[40.96,33.84],[0,0]],"o":[[0,0],[28.56,1.52],[16.56,-34.561],[-60.08,-49.52],[-50.922,-94.758]],"v":[[-14.685,135.219],[99.474,178.739],[161.074,153.219],[63.475,30.099],[-35.646,-93.021]],"c":true}]}],"ix":2},"nm":"Path 1","mn":"ADBE Vector Shape - Group","hd":false},{"ty":"fl","c":{"a":0,"k":[1,0.725,0.011999999776,1],"ix":4},"o":{"a":0,"k":100,"ix":5},"r":1,"bm":0,"nm":"Fill 1","mn":"ADBE Vector Graphic - Fill","hd":false},{"ty":"tr","p":{"a":0,"k":[177.885,188.029],"ix":2},"a":{"a":0,"k":[0,0],"ix":1},"s":{"a":0,"k":[100,100],"ix":3},"r":{"a":0,"k":0,"ix":6},"o":{"a":0,"k":100,"ix":7},"sk":{"a":0,"k":0,"ix":4},"sa":{"a":0,"k":0,"ix":5},"nm":"Transform"}],"nm":"Group 2","np":2,"cix":2,"bm":0,"ix":2,"mn":"ADBE Vector Group","hd":false}],"ip":0,"op":200,"st":0,"bm":0},{"ddd":0,"ind":8,"ty":4,"nm":"wing","parent":9,"sr":1,"ks":{"o":{"a":0,"k":100,"ix":11},"r":{"a":1,"k":[{"i":{"x":[0],"y":[1]},"o":{"x":[0.333],"y":[0]},"t":22,"s":[0]},{"i":{"x":[0.667],"y":[1]},"o":{"x":[1],"y":[0]},"t":34,"s":[28]},{"i":{"x":[0.173],"y":[1]},"o":{"x":[0.65],"y":[0]},"t":46,"s":[-17]},{"i":{"x":[0.667],"y":[1]},"o":{"x":[0.977],"y":[0]},"t":54,"s":[74]},{"i":{"x":[0.173],"y":[1]},"o":{"x":[0.167],"y":[0]},"t":64,"s":[-9]},{"i":{"x":[0.667],"y":[1]},"o":{"x":[0.977],"y":[0]},"t":72,"s":[74]},{"i":{"x":[0.173],"y":[1]},"o":{"x":[0.167],"y":[0]},"t":80,"s":[-9]},{"i":{"x":[0.667],"y":[1]},"o":{"x":[0.977],"y":[0]},"t":86,"s":[74]},{"i":{"x":[0.173],"y":[1]},"o":{"x":[0.167],"y":[0]},"t":96,"s":[-9]},{"i":{"x":[0.667],"y":[1]},"o":{"x":[0.977],"y":[0]},"t":104,"s":[74]},{"i":{"x":[0.583],"y":[1]},"o":{"x":[0.167],"y":[0]},"t":112,"s":[-9]},{"i":{"x":[0.833],"y":[1]},"o":{"x":[0.417],"y":[0]},"t":120,"s":[8]},{"i":{"x":[0.667],"y":[1]},"o":{"x":[0.167],"y":[0]},"t":128,"s":[-9]},{"i":{"x":[0.833],"y":[1]},"o":{"x":[0.333],"y":[0]},"t":142,"s":[2]},{"t":154,"s":[0]}],"ix":10},"p":{"a":1,"k":[{"i":{"x":0,"y":1},"o":{"x":0.333,"y":0},"t":22,"s":[73.042,390.75,0],"to":[8.99,-5,0],"ti":[0,0,0]},{"i":{"x":0.667,"y":1},"o":{"x":1,"y":0},"t":34,"s":[126.983,360.75,0],"to":[0,0,0],"ti":[-5.676,-6.667,0]},{"i":{"x":0.894,"y":0},"o":{"x":0.891,"y":0},"t":46,"s":[73.042,390.75,0],"to":[2.808,3.298,0],"ti":[-21.077,-1.666,0]},{"i":{"x":0.416,"y":0.737},"o":{"x":0.167,"y":0.152},"t":49,"s":[78.417,385.431,0],"to":[9.78,0.773,0],"ti":[-16.674,-3.297,0]},{"i":{"x":0.472,"y":1},"o":{"x":0.176,"y":0.894},"t":50,"s":[142.798,389.617,0],"to":[20.03,3.961,0],"ti":[0,0,0]},{"i":{"x":0.812,"y":0.191},"o":{"x":0.512,"y":0},"t":54,"s":[161.042,400.75,0],"to":[0,0,0],"ti":[0,0,0]},{"i":{"x":0.738,"y":0.737},"o":{"x":0.414,"y":0.219},"t":60,"s":[146.371,398.351,0],"to":[0,0,0],"ti":[0,0,0]},{"i":{"x":0.748,"y":0.702},"o":{"x":0.474,"y":0.254},"t":61,"s":[141.578,378.771,0],"to":[0,0,0],"ti":[0,0,0]},{"i":{"x":0.532,"y":0.775},"o":{"x":0.28,"y":0.283},"t":62,"s":[109.126,359.418,0],"to":[0,0,0],"ti":[0,0,0]},{"i":{"x":0.576,"y":1},"o":{"x":0.256,"y":0.929},"t":63,"s":[72.828,384.899,0],"to":[0,0,0],"ti":[0,0,0]},{"i":{"x":0.627,"y":0.283},"o":{"x":0.491,"y":0},"t":64,"s":[73.042,390.75,0],"to":[0,0,0],"ti":[0,0,0]},{"i":{"x":0.511,"y":0.812},"o":{"x":0.216,"y":0.215},"t":65,"s":[84.74,368.349,0],"to":[0,0,0],"ti":[0,0,0]},{"i":{"x":0.445,"y":1},"o":{"x":0.16,"y":0.414},"t":66,"s":[133.502,366.916,0],"to":[0,0,0],"ti":[0,0,0]},{"i":{"x":0.888,"y":0.523},"o":{"x":0.674,"y":0},"t":72,"s":[161.042,400.75,0],"to":[0,0,0],"ti":[0,0,0]},{"i":{"x":0.581,"y":0.767},"o":{"x":0.401,"y":0.238},"t":78,"s":[128.567,365.431,0],"to":[0,0,0],"ti":[0,0,0]},{"i":{"x":0.54,"y":1},"o":{"x":0.166,"y":1},"t":79,"s":[74.478,385.594,0],"to":[0,0,0],"ti":[0,0,0]},{"i":{"x":0.505,"y":0.303},"o":{"x":0.46,"y":0},"t":80,"s":[73.042,390.75,0],"to":[0,0,0],"ti":[0,0,0]},{"i":{"x":0.528,"y":0.837},"o":{"x":0.22,"y":0.199},"t":81,"s":[96.386,369.105,0],"to":[0,0,0],"ti":[0,0,0]},{"i":{"x":0.5,"y":1},"o":{"x":0.194,"y":0.306},"t":82,"s":[143.854,383.097,0],"to":[0,0,0],"ti":[0,0,0]},{"i":{"x":0.812,"y":0.679},"o":{"x":0.512,"y":0},"t":86,"s":[161.171,422.75,0],"to":[0,0,0],"ti":[0,0,0]},{"i":{"x":0.738,"y":0.545},"o":{"x":0.414,"y":0.38},"t":92,"s":[146.313,388.424,0],"to":[0,0,0],"ti":[0,0,0]},{"i":{"x":0.748,"y":0.76},"o":{"x":0.474,"y":0.204},"t":93,"s":[141.521,377.833,0],"to":[0,0,0],"ti":[0,0,0]},{"i":{"x":0.532,"y":0.819},"o":{"x":0.28,"y":0.473},"t":94,"s":[95.221,369.993,0],"to":[0,0,0],"ti":[0,0,0]},{"i":{"x":0.576,"y":1},"o":{"x":0.256,"y":0.201},"t":95,"s":[69.898,378.057,0],"to":[0,0,0],"ti":[0,0,0]},{"i":{"x":0.7,"y":0},"o":{"x":0.491,"y":0},"t":96,"s":[73.042,390.75,0],"to":[0,0,0],"ti":[0,0,0]},{"i":{"x":0.511,"y":0.83},"o":{"x":0.216,"y":0.194},"t":97,"s":[80.792,378.427,0],"to":[0,0,0],"ti":[0,0,0]},{"i":{"x":0.445,"y":1},"o":{"x":0.16,"y":0.415},"t":98,"s":[133.502,367.016,0],"to":[0,0,0],"ti":[0,0,0]},{"i":{"x":0.888,"y":0.508},"o":{"x":0.674,"y":0},"t":104,"s":[161.042,400.75,0],"to":[0,0,0],"ti":[0,0,0]},{"i":{"x":0.581,"y":0.773},"o":{"x":0.401,"y":0.222},"t":110,"s":[130.578,365.552,0],"to":[0,0,0],"ti":[0,0,0]},{"i":{"x":0.54,"y":1},"o":{"x":0.135,"y":1},"t":111,"s":[72.507,386.876,0],"to":[0,0,0],"ti":[1.671,0.19,0]},{"i":{"x":0.667,"y":0.667},"o":{"x":0.167,"y":0.167},"t":112,"s":[73.042,390.75,0],"to":[0,0,0],"ti":[0,0,0]},{"i":{"x":0.667,"y":0.667},"o":{"x":0.167,"y":0.167},"t":128,"s":[73.042,390.75,0],"to":[0,0,0],"ti":[0,0,0]},{"t":142,"s":[73.042,390.75,0]}],"ix":2,"l":2},"a":{"a":0,"k":[228.877,107.464,0],"ix":1,"l":2},"s":{"a":0,"k":[100,100,100],"ix":6,"l":2}},"ao":0,"shapes":[{"ty":"gr","it":[{"ind":0,"ty":"sh","ix":1,"ks":{"a":1,"k":[{"i":{"x":0,"y":1},"o":{"x":0.333,"y":0},"t":22,"s":[{"i":[[-57.44,25.92],[-7.04,-7.68],[38.08,-32.48],[48.48,20.24],[3.76,7.52]],"o":[[42.72,-19.28],[12.4,13.52],[-38.32,32.64],[-26.56,-11.12],[-9.04,-18.16]],"v":[[-2.24,17.16],[109.28,-69.56],[70.96,39.72],[-73.6,57],[-112.64,26.2]],"c":true}]},{"i":{"x":0.667,"y":1},"o":{"x":1,"y":0},"t":34,"s":[{"i":[[-61.244,14.846],[-7.04,-7.68],[44.628,-22.658],[44.132,12.214],[3.76,7.52]],"o":[[47.676,-11.557],[12.4,13.52],[-52.189,26.497],[-27.751,-7.681],[-9.04,-18.16]],"v":[[-2.24,17.16],[102.677,-11.686],[70.96,39.72],[-73.6,57],[-112.64,26.2]],"c":true}]},{"i":{"x":0.833,"y":1},"o":{"x":0.333,"y":0},"t":46,"s":[{"i":[[-61.244,14.846],[-7.04,-7.68],[21.147,-5.811],[27.532,8.032],[3.76,7.52]],"o":[[47.676,-11.557],[12.4,13.52],[-44.625,12.263],[-27.642,-8.064],[-9.04,-18.16]],"v":[[-10.97,21.827],[59.403,13.854],[29.544,52.239],[-73.6,57],[-112.64,26.2]],"c":true}]},{"i":{"x":0.833,"y":1},"o":{"x":0.167,"y":0},"t":51,"s":[{"i":[[-61.718,12.733],[-7.04,-7.68],[87.718,-29.986],[27.532,8.032],[3.76,7.52]],"o":[[92.13,-19.007],[12.4,13.52],[-43.791,14.97],[-27.642,-8.064],[-9.04,-18.16]],"v":[[-10.97,21.827],[148.378,-63.038],[29.544,52.239],[-73.6,57],[-112.64,26.2]],"c":true}]},{"i":{"x":0.833,"y":0.833},"o":{"x":0.167,"y":0},"t":54,"s":[{"i":[[-61.718,12.733],[-7.04,-7.68],[87.718,-29.986],[27.532,8.032],[3.76,7.52]],"o":[[92.13,-19.007],[12.4,13.52],[-43.791,14.97],[-27.642,-8.064],[-9.04,-18.16]],"v":[[-10.97,21.827],[148.378,-63.038],[29.544,52.239],[-73.6,57],[-112.64,26.2]],"c":true}]},{"i":{"x":0.667,"y":1},"o":{"x":0.167,"y":0.167},"t":60,"s":[{"i":[[-61.383,14.225],[-7.04,-7.68],[84.233,-23.6],[27.532,8.032],[3.76,7.52]],"o":[[85.758,-10.733],[12.4,13.52],[-44.38,13.058],[-27.642,-8.064],[-9.04,-18.16]],"v":[[-10.97,21.827],[144.455,-49.264],[29.544,52.239],[-73.6,57],[-112.64,26.2]],"c":true}]},{"i":{"x":0.833,"y":0.833},"o":{"x":0.333,"y":0},"t":64,"s":[{"i":[[-61.244,14.846],[-7.04,-7.68],[21.147,-5.811],[27.532,8.032],[3.76,7.52]],"o":[[47.676,-11.557],[12.4,13.52],[-44.625,12.263],[-27.642,-8.064],[-9.04,-18.16]],"v":[[-10.97,21.827],[59.403,13.854],[29.544,52.239],[-73.6,57],[-112.64,26.2]],"c":true}]},{"i":{"x":0.833,"y":0.833},"o":{"x":0.167,"y":0.167},"t":66,"s":[{"i":[[-61.294,14.62],[-7.04,-7.68],[44.043,-12.267],[27.532,8.032],[3.76,7.52]],"o":[[61.497,-11.258],[12.4,13.52],[-44.536,12.552],[-27.642,-8.064],[-9.04,-18.16]],"v":[[-10.97,21.827],[105.374,-15.129],[29.544,52.239],[-73.6,57],[-112.64,26.2]],"c":true}]},{"i":{"x":0.833,"y":1},"o":{"x":0.167,"y":0.167},"t":68,"s":[{"i":[[-61.383,14.225],[-7.04,-7.68],[84.233,-23.6],[27.532,8.032],[3.76,7.52]],"o":[[85.758,-10.733],[12.4,13.52],[-44.38,13.058],[-27.642,-8.064],[-9.04,-18.16]],"v":[[-10.97,21.827],[144.455,-49.264],[29.544,52.239],[-73.6,57],[-112.64,26.2]],"c":true}]},{"i":{"x":0.833,"y":0.833},"o":{"x":0.167,"y":0},"t":72,"s":[{"i":[[-61.718,12.733],[-7.04,-7.68],[87.718,-29.986],[27.532,8.032],[3.76,7.52]],"o":[[92.13,-19.007],[12.4,13.52],[-43.791,14.97],[-27.642,-8.064],[-9.04,-18.16]],"v":[[-10.97,21.827],[148.378,-63.038],[29.544,52.239],[-73.6,57],[-112.64,26.2]],"c":true}]},{"i":{"x":0.833,"y":0.833},"o":{"x":0.167,"y":0.167},"t":76,"s":[{"i":[[-61.509,13.664],[-7.04,-7.68],[85.542,-25.998],[27.532,8.032],[3.76,7.52]],"o":[[88.151,-13.84],[12.4,13.52],[-44.159,13.776],[-27.642,-8.064],[-9.04,-18.16]],"v":[[-10.97,21.827],[147.671,-53.896],[29.544,52.239],[-73.6,57],[-112.64,26.2]],"c":true}]},{"i":{"x":0.833,"y":0.833},"o":{"x":0.167,"y":0.167},"t":78,"s":[{"i":[[-61.383,14.225],[-7.04,-7.68],[84.233,-23.6],[27.532,8.032],[3.76,7.52]],"o":[[85.758,-10.733],[12.4,13.52],[-44.38,13.058],[-27.642,-8.064],[-9.04,-18.16]],"v":[[-10.97,21.827],[128.369,-29.309],[29.544,52.239],[-73.6,57],[-112.64,26.2]],"c":true}]},{"i":{"x":0.833,"y":1},"o":{"x":0.167,"y":0.167},"t":80,"s":[{"i":[[-61.294,14.62],[-7.04,-7.68],[44.043,-12.267],[27.532,8.032],[3.76,7.52]],"o":[[61.497,-11.258],[12.4,13.52],[-44.536,12.552],[-27.642,-8.064],[-9.04,-18.16]],"v":[[-10.97,21.827],[84.433,-1.811],[29.544,52.239],[-73.6,57],[-112.64,26.2]],"c":true}]},{"i":{"x":0.833,"y":1},"o":{"x":0.167,"y":0},"t":82,"s":[{"i":[[-61.718,12.733],[-7.04,-7.68],[87.718,-29.986],[27.532,8.032],[3.76,7.52]],"o":[[92.13,-19.007],[12.4,13.52],[-43.791,14.97],[-27.642,-8.064],[-9.04,-18.16]],"v":[[-10.97,21.827],[132.597,-39.144],[29.544,52.239],[-73.6,57],[-112.64,26.2]],"c":true}]},{"i":{"x":0.833,"y":1},"o":{"x":0.167,"y":0},"t":83,"s":[{"i":[[-61.718,12.733],[-7.04,-7.68],[87.718,-29.986],[27.532,8.032],[3.76,7.52]],"o":[[92.13,-19.007],[12.4,13.52],[-43.791,14.97],[-27.642,-8.064],[-9.04,-18.16]],"v":[[-10.97,21.827],[148.378,-63.038],[29.544,52.239],[-73.6,57],[-112.64,26.2]],"c":true}]},{"i":{"x":0.667,"y":1},"o":{"x":0.167,"y":0},"t":92,"s":[{"i":[[-61.718,12.733],[-7.04,-7.68],[87.718,-29.986],[27.532,8.032],[3.76,7.52]],"o":[[92.13,-19.007],[12.4,13.52],[-43.791,14.97],[-27.642,-8.064],[-9.04,-18.16]],"v":[[-10.97,21.827],[148.378,-63.038],[29.544,52.239],[-73.6,57],[-112.64,26.2]],"c":true}]},{"i":{"x":0.833,"y":1},"o":{"x":0.333,"y":0},"t":96,"s":[{"i":[[-61.244,14.846],[-7.04,-7.68],[21.147,-5.811],[27.532,8.032],[3.76,7.52]],"o":[[47.676,-11.557],[12.4,13.52],[-44.625,12.263],[-27.642,-8.064],[-9.04,-18.16]],"v":[[-10.97,21.827],[59.403,13.854],[29.544,52.239],[-73.6,57],[-112.64,26.2]],"c":true}]},{"i":{"x":0.833,"y":1},"o":{"x":0.167,"y":0},"t":98,"s":[{"i":[[-61.718,12.733],[-7.04,-7.68],[87.718,-29.986],[27.532,8.032],[3.76,7.52]],"o":[[92.13,-19.007],[12.4,13.52],[-43.791,14.97],[-27.642,-8.064],[-9.04,-18.16]],"v":[[-10.97,21.827],[125.363,-33.639],[29.544,52.239],[-73.6,57],[-112.64,26.2]],"c":true}]},{"i":{"x":0.833,"y":1},"o":{"x":0.167,"y":0},"t":104,"s":[{"i":[[-61.718,12.733],[-7.04,-7.68],[87.718,-29.986],[27.532,8.032],[3.76,7.52]],"o":[[92.13,-19.007],[12.4,13.52],[-43.791,14.97],[-27.642,-8.064],[-9.04,-18.16]],"v":[[-10.97,21.827],[157.544,-72.836],[29.544,52.239],[-73.6,57],[-112.64,26.2]],"c":true}]},{"i":{"x":0.667,"y":1},"o":{"x":0.167,"y":0},"t":110,"s":[{"i":[[-61.718,12.733],[-7.04,-7.68],[87.718,-29.986],[27.532,8.032],[3.76,7.52]],"o":[[92.13,-19.007],[12.4,13.52],[-43.791,14.97],[-27.642,-8.064],[-9.04,-18.16]],"v":[[-10.97,21.827],[131.747,-33.599],[29.544,52.239],[-73.6,57],[-112.64,26.2]],"c":true}]},{"i":{"x":0.667,"y":1},"o":{"x":0.333,"y":0},"t":112,"s":[{"i":[[-57.44,25.92],[-7.04,-7.68],[38.08,-32.48],[48.48,20.24],[3.76,7.52]],"o":[[42.72,-19.28],[12.4,13.52],[-38.32,32.64],[-26.56,-11.12],[-9.04,-18.16]],"v":[[-2.24,17.16],[109.28,-69.56],[70.96,39.72],[-73.6,57],[-112.64,26.2]],"c":true}]},{"t":120,"s":[{"i":[[-57.44,25.92],[-7.04,-7.68],[38.08,-32.48],[48.48,20.24],[3.76,7.52]],"o":[[42.72,-19.28],[12.4,13.52],[-38.32,32.64],[-26.56,-11.12],[-9.04,-18.16]],"v":[[-2.24,17.16],[109.28,-69.56],[70.96,39.72],[-73.6,57],[-112.64,26.2]],"c":true}]}],"ix":2},"nm":"Path 1","mn":"ADBE Vector Shape - Group","hd":false},{"ty":"fl","c":{"a":0,"k":[0.995999983245,0.560999971278,0.004000000393,1],"ix":4},"o":{"a":0,"k":100,"ix":5},"r":1,"bm":0,"nm":"Fill 1","mn":"ADBE Vector Graphic - Fill","hd":false},{"ty":"tr","p":{"a":0,"k":[121.93,313.437],"ix":2},"a":{"a":0,"k":[0,0],"ix":1},"s":{"a":0,"k":[100,100],"ix":3},"r":{"a":0,"k":0,"ix":6},"o":{"a":0,"k":100,"ix":7},"sk":{"a":0,"k":0,"ix":4},"sa":{"a":0,"k":0,"ix":5},"nm":"Transform"}],"nm":"Group 1","np":2,"cix":2,"bm":0,"ix":1,"mn":"ADBE Vector Group","hd":false},{"ty":"gr","it":[{"ind":0,"ty":"sh","ix":1,"ks":{"a":0,"k":{"i":[[177.254,-59.42],[18,0],[-1.36,35.601],[-30,28.48],[-21.04,52.56]],"o":[[0,0],[-18,0],[1.52,-37.519],[30.08,-28.56],[32.042,-90.248]],"v":[[0.653,146.443],[-128.467,181.004],[-176.547,137.483],[-72.947,35.404],[27.693,-90.757]],"c":true},"ix":2},"nm":"Path 1","mn":"ADBE Vector Shape - Group","hd":false},{"ty":"fl","c":{"a":0,"k":[1,0.725,0.011999999776,1],"ix":4},"o":{"a":0,"k":100,"ix":5},"r":1,"bm":0,"nm":"Fill 1","mn":"ADBE Vector Graphic - Fill","hd":false},{"ty":"tr","p":{"a":0,"k":[183.597,181.255],"ix":2},"a":{"a":0,"k":[0,0],"ix":1},"s":{"a":0,"k":[100,100],"ix":3},"r":{"a":0,"k":0,"ix":6},"o":{"a":0,"k":100,"ix":7},"sk":{"a":0,"k":0,"ix":4},"sa":{"a":0,"k":0,"ix":5},"nm":"Transform"}],"nm":"Group 2","np":2,"cix":2,"bm":0,"ix":2,"mn":"ADBE Vector Group","hd":false}],"ip":0,"op":200,"st":0,"bm":0},{"ddd":0,"ind":9,"ty":4,"nm":"BODY","parent":2,"sr":1,"ks":{"o":{"a":0,"k":100,"ix":11},"r":{"a":0,"k":0,"ix":10},"p":{"a":1,"k":[{"i":{"x":0.133,"y":1},"o":{"x":0.333,"y":0},"t":22,"s":[507.177,443.566,0],"to":[0,3.667,0],"ti":[0,0,0]},{"i":{"x":0.483,"y":1},"o":{"x":0.835,"y":0},"t":34,"s":[507.177,465.566,0],"to":[0,0,0],"ti":[0,3.667,0]},{"i":{"x":0.483,"y":0.483},"o":{"x":0.333,"y":0.333},"t":48,"s":[507.177,443.566,0],"to":[0,0,0],"ti":[0,0,0]},{"i":{"x":0.483,"y":1},"o":{"x":0.333,"y":0},"t":120,"s":[507.177,443.566,0],"to":[0,3.667,0],"ti":[0,1.333,0]},{"i":{"x":0.667,"y":1},"o":{"x":0.333,"y":0},"t":128.799,"s":[507.177,465.566,0],"to":[0,-1.333,0],"ti":[0,3,0]},{"i":{"x":0.667,"y":1},"o":{"x":0.333,"y":0},"t":140,"s":[507.177,435.566,0],"to":[0,-3,0],"ti":[0,-1,0]},{"i":{"x":0.667,"y":1},"o":{"x":0.333,"y":0},"t":150.801,"s":[507.177,447.566,0],"to":[0,1,0],"ti":[0,0.667,0]},{"i":{"x":0.667,"y":1},"o":{"x":0.333,"y":0},"t":157.842,"s":[507.177,441.566,0],"to":[0,-0.667,0],"ti":[0,-0.333,0]},{"t":166.640625,"s":[507.177,443.566,0]}],"ix":2,"l":2},"a":{"a":0,"k":[322.872,419.25,0],"ix":1,"l":2},"s":{"a":0,"k":[100,100,100],"ix":6,"l":2}},"ao":0,"shapes":[{"ty":"gr","it":[{"ind":0,"ty":"sh","ix":1,"ks":{"a":0,"k":{"i":[[0,0],[97.6,106.64],[106.64,-123.12],[0,0],[-27.53,-116.236],[-268.8,6.08],[0,0]],"o":[[0,0],[-97.6,-106.64],[-106.64,123.12],[0,0],[0,0],[268.8,-6.08],[18.593,-129.416]],"v":[[283.069,-34.6],[204.988,-292.92],[-192.932,-295.88],[-268.052,-42.12],[-295.091,195.08],[15.709,412.92],[304.029,193.64]],"c":true},"ix":2},"nm":"Path 1","mn":"ADBE Vector Shape - Group","hd":false},{"ty":"fl","c":{"a":0,"k":[1,0.725,0.011999999776,1],"ix":4},"o":{"a":0,"k":100,"ix":5},"r":1,"bm":0,"nm":"Fill 1","mn":"ADBE Vector Graphic - Fill","hd":false},{"ty":"tr","p":{"a":0,"k":[322.871,419.25],"ix":2},"a":{"a":0,"k":[0,0],"ix":1},"s":{"a":0,"k":[100,100],"ix":3},"r":{"a":0,"k":0,"ix":6},"o":{"a":0,"k":100,"ix":7},"sk":{"a":0,"k":0,"ix":4},"sa":{"a":0,"k":0,"ix":5},"nm":"Transform"}],"nm":"Group 1","np":2,"cix":2,"bm":0,"ix":1,"mn":"ADBE Vector Group","hd":false}],"ip":0,"op":200,"st":0,"bm":0},{"ddd":0,"ind":10,"ty":4,"nm":"leg","parent":2,"sr":1,"ks":{"o":{"a":0,"k":100,"ix":11},"r":{"a":0,"k":0,"ix":10},"p":{"a":0,"k":[645.92,875.92,0],"ix":2,"l":2},"a":{"a":0,"k":[65.61,87.01,0],"ix":1,"l":2},"s":{"a":0,"k":[100,100,100],"ix":6,"l":2}},"ao":0,"shapes":[{"ty":"gr","it":[{"ind":0,"ty":"sh","ix":1,"ks":{"a":1,"k":[{"i":{"x":0.667,"y":1},"o":{"x":0.333,"y":0},"t":34,"s":[{"i":[[0,0],[0,0],[-12.48,-23.759],[-33.2,3.52],[4.48,14.641],[16.88,10.16],[2.24,38.319]],"o":[[0,0],[0,0],[12.4,23.68],[31.52,-3.36],[-4.48,-14.64],[-13.68,-8.159],[-1.2,-20.161]],"v":[[-18,-81.16],[-60.8,-76.68],[-52.88,57.32],[31.6,83.24],[60.88,44.92],[19.2,6.6],[0.08,-66.599]],"c":true}]},{"i":{"x":0.833,"y":0.833},"o":{"x":0.333,"y":0},"t":52,"s":[{"i":[[0,0],[0,0],[-12.48,-23.759],[-31.489,-11.096],[-2.25,15.145],[10.873,16.431],[2.24,38.319]],"o":[[0,0],[0,0],[12.4,23.68],[29.902,10.518],[2.249,-15.144],[-8.842,-13.248],[-1.2,-20.161]],"v":[[-18,-69.16],[-60.8,-64.68],[-64.88,69.377],[-10.991,114.779],[31.92,92.77],[10.763,40.252],[0.08,-54.599]],"c":true}]},{"i":{"x":0.833,"y":0.833},"o":{"x":0.167,"y":0.167},"t":74,"s":[{"i":[[0,0],[0,0],[-12.48,-23.759],[-31.489,-11.096],[-2.25,15.145],[10.873,16.431],[2.24,38.319]],"o":[[0,0],[0,0],[12.4,23.68],[29.902,10.518],[2.249,-15.144],[-8.842,-13.248],[-1.2,-20.161]],"v":[[-18,-69.16],[-60.8,-64.68],[-51.242,69.302],[2.647,114.704],[45.558,92.695],[24.401,40.177],[0.08,-54.599]],"c":true}]},{"i":{"x":0.833,"y":1},"o":{"x":0.167,"y":0.167},"t":102,"s":[{"i":[[0,0],[0,0],[-12.48,-23.759],[-31.489,-11.096],[-2.25,15.145],[10.873,16.431],[2.24,38.319]],"o":[[0,0],[0,0],[12.4,23.68],[29.902,10.518],[2.249,-15.144],[-8.842,-13.248],[-1.2,-20.161]],"v":[[-18,-69.16],[-60.8,-64.68],[-60.88,69.326],[-6.991,114.728],[35.92,92.719],[14.763,40.201],[0.08,-54.599]],"c":true}]},{"i":{"x":0.667,"y":1},"o":{"x":0.167,"y":0},"t":120,"s":[{"i":[[0,0],[0,0],[-12.48,-23.759],[-31.489,-11.096],[-2.25,15.145],[10.873,16.431],[2.24,38.319]],"o":[[0,0],[0,0],[12.4,23.68],[29.902,10.518],[2.249,-15.144],[-8.842,-13.248],[-1.2,-20.161]],"v":[[-18,-69.16],[-60.8,-64.68],[-52.88,69.32],[1.009,114.722],[43.92,92.713],[22.763,40.195],[0.08,-54.599]],"c":true}]},{"t":128,"s":[{"i":[[0,0],[0,0],[-12.48,-23.759],[-33.2,3.52],[4.48,14.641],[16.88,10.16],[2.24,38.319]],"o":[[0,0],[0,0],[12.4,23.68],[31.52,-3.36],[-4.48,-14.64],[-13.68,-8.159],[-1.2,-20.161]],"v":[[-18,-81.16],[-60.8,-76.68],[-52.88,57.32],[31.6,83.24],[60.88,44.92],[19.2,6.6],[0.08,-66.599]],"c":true}]}],"ix":2},"nm":"Path 1","mn":"ADBE Vector Shape - Group","hd":false},{"ty":"fl","c":{"a":0,"k":[0.995999983245,0.560999971278,0.004000000393,1],"ix":4},"o":{"a":0,"k":100,"ix":5},"r":1,"bm":0,"nm":"Fill 1","mn":"ADBE Vector Graphic - Fill","hd":false},{"ty":"tr","p":{"a":0,"k":[65.61,87.01],"ix":2},"a":{"a":0,"k":[0,0],"ix":1},"s":{"a":0,"k":[100,100],"ix":3},"r":{"a":0,"k":0,"ix":6},"o":{"a":0,"k":100,"ix":7},"sk":{"a":0,"k":0,"ix":4},"sa":{"a":0,"k":0,"ix":5},"nm":"Transform"}],"nm":"Group 1","np":2,"cix":2,"bm":0,"ix":1,"mn":"ADBE Vector Group","hd":false}],"ip":0,"op":200,"st":0,"bm":0},{"ddd":0,"ind":11,"ty":4,"nm":"leg","parent":2,"sr":1,"ks":{"o":{"a":0,"k":100,"ix":11},"r":{"a":0,"k":0,"ix":10},"p":{"a":0,"k":[381.88,882.28,0],"ix":2,"l":2},"a":{"a":0,"k":[70.69,85.13,0],"ix":1,"l":2},"s":{"a":0,"k":[100,100,100],"ix":6,"l":2}},"ao":0,"shapes":[{"ty":"gr","it":[{"ind":0,"ty":"sh","ix":1,"ks":{"a":1,"k":[{"i":{"x":0.667,"y":1},"o":{"x":0.333,"y":0},"t":34,"s":[{"i":[[0,0],[0,0],[3.36,-20.24],[13.28,-18.72],[-28.32,-3.439],[-16.88,30.401]],"o":[[0,0],[0,0],[-4.08,24.401],[-10.16,14.24],[18.8,2.241],[14.72,-26.639]],"v":[[68.12,-84.88],[3.16,-80.721],[1.64,-7.521],[-60.28,36.8],[-29.48,79.599],[55.72,54.479]],"c":true}]},{"i":{"x":0.833,"y":0.833},"o":{"x":0.333,"y":0},"t":50,"s":[{"i":[[0,0],[0,0],[3.36,-20.24],[2.2,-22.846],[-26.274,11.113],[-16.88,30.401]],"o":[[0,0],[0,0],[-4.08,24.401],[-1.724,17.408],[17.421,-7.415],[14.72,-26.639]],"v":[[62.623,-72.88],[-2.337,-68.721],[-11.857,4.517],[-56.716,87.568],[-8.699,109.358],[42.223,66.517]],"c":true}]},{"i":{"x":0.833,"y":0.833},"o":{"x":0.167,"y":0.167},"t":74,"s":[{"i":[[0,0],[0,0],[3.36,-20.24],[2.2,-22.846],[-26.274,11.113],[-16.88,30.401]],"o":[[0,0],[0,0],[-4.08,24.401],[-1.724,17.408],[17.421,-7.415],[14.72,-26.639]],"v":[[62.623,-72.88],[-2.337,-68.721],[0.143,4.459],[-44.716,87.51],[3.301,109.3],[54.223,66.459]],"c":true}]},{"i":{"x":0.833,"y":0.833},"o":{"x":0.167,"y":0.167},"t":84,"s":[{"i":[[0,0],[0,0],[3.36,-20.24],[2.2,-22.846],[-26.274,11.113],[-16.88,30.401]],"o":[[0,0],[0,0],[-4.08,24.401],[-1.724,17.408],[17.421,-7.415],[14.72,-26.639]],"v":[[62.623,-72.88],[-2.337,-68.721],[-3.857,4.479],[-48.716,87.53],[-0.699,109.32],[50.223,66.479]],"c":true}]},{"i":{"x":0.833,"y":1},"o":{"x":0.167,"y":0.167},"t":96,"s":[{"i":[[0,0],[0,0],[3.36,-20.24],[2.2,-22.846],[-26.274,11.113],[-16.88,30.401]],"o":[[0,0],[0,0],[-4.08,24.401],[-1.724,17.408],[17.421,-7.415],[14.72,-26.639]],"v":[[62.623,-72.88],[-2.337,-68.721],[-7.857,4.455],[-52.716,87.506],[-4.699,109.296],[46.223,66.455]],"c":true}]},{"i":{"x":0.667,"y":1},"o":{"x":0.167,"y":0},"t":116,"s":[{"i":[[0,0],[0,0],[3.36,-20.24],[2.2,-22.846],[-26.274,11.113],[-16.88,30.401]],"o":[[0,0],[0,0],[-4.08,24.401],[-1.724,17.408],[17.421,-7.415],[14.72,-26.639]],"v":[[62.623,-72.88],[-2.337,-68.721],[-3.857,4.479],[-48.716,87.53],[-0.699,109.32],[50.223,66.479]],"c":true}]},{"t":126,"s":[{"i":[[0,0],[0,0],[3.36,-20.24],[13.28,-18.72],[-28.32,-3.439],[-16.88,30.401]],"o":[[0,0],[0,0],[-4.08,24.401],[-10.16,14.24],[18.8,2.241],[14.72,-26.639]],"v":[[68.12,-84.88],[3.16,-80.721],[1.64,-7.521],[-60.28,36.8],[-29.48,79.599],[55.72,54.479]],"c":true}]}],"ix":2},"nm":"Path 1","mn":"ADBE Vector Shape - Group","hd":false},{"ty":"fl","c":{"a":0,"k":[0.995999983245,0.560999971278,0.004000000393,1],"ix":4},"o":{"a":0,"k":100,"ix":5},"r":1,"bm":0,"nm":"Fill 1","mn":"ADBE Vector Graphic - Fill","hd":false},{"ty":"tr","p":{"a":0,"k":[70.69,85.13],"ix":2},"a":{"a":0,"k":[0,0],"ix":1},"s":{"a":0,"k":[100,100],"ix":3},"r":{"a":0,"k":0,"ix":6},"o":{"a":0,"k":100,"ix":7},"sk":{"a":0,"k":0,"ix":4},"sa":{"a":0,"k":0,"ix":5},"nm":"Transform"}],"nm":"Group 1","np":2,"cix":2,"bm":0,"ix":1,"mn":"ADBE Vector Group","hd":false}],"ip":0,"op":200,"st":0,"bm":0}]}],"layers":[{"ddd":0,"ind":1,"ty":0,"nm":"51 Front facing baby-chick","refId":"comp_0","sr":0.9,"ks":{"o":{"a":0,"k":100,"ix":11},"r":{"a":0,"k":0,"ix":10},"p":{"a":0,"k":[512,512,0],"ix":2,"l":2},"a":{"a":0,"k":[512,512,0],"ix":1,"l":2},"s":{"a":0,"k":[100,100,100],"ix":6,"l":2}},"ao":0,"w":1024,"h":1024,"ip":0,"op":178,"st":0,"bm":0}],"markers":[]}