{"v":"5.8.1","fr":60,"ip":0,"op":100,"w":1024,"h":1024,"nm":"emoji_ SOS button","ddd":0,"assets":[],"layers":[{"ddd":0,"ind":1,"ty":3,"nm":"Null depth","sr":1,"ks":{"o":{"a":0,"k":0,"ix":11},"r":{"a":0,"k":0,"ix":10},"p":{"a":1,"k":[{"i":{"x":0.833,"y":0.833},"o":{"x":0.297,"y":0},"t":19,"s":[512,512,0],"to":[0,0,0],"ti":[0,0,0]},{"i":{"x":0.833,"y":0.833},"o":{"x":0.167,"y":0.167},"t":23,"s":[517.624,517.072,0],"to":[0,0,0],"ti":[0,0,0]},{"i":{"x":0,"y":1},"o":{"x":0.167,"y":0.167},"t":25,"s":[550,542,0],"to":[0,0,0],"ti":[0,0,0]},{"i":{"x":0.667,"y":0.667},"o":{"x":0.333,"y":0.333},"t":41,"s":[556,546,0],"to":[0,0,0],"ti":[0,0,0]},{"i":{"x":0,"y":1},"o":{"x":0.333,"y":0},"t":66,"s":[556,546,0],"to":[0,0,0],"ti":[0,0,0]},{"i":{"x":0.667,"y":1},"o":{"x":0.75,"y":0},"t":72,"s":[492,498,0],"to":[0,0,0],"ti":[0,0,0]},{"t":84,"s":[512,512,0]}],"ix":2,"l":2},"a":{"a":0,"k":[0,0,0],"ix":1,"l":2},"s":{"a":0,"k":[100,100,100],"ix":6,"l":2}},"ao":0,"ip":0,"op":100,"st":0,"bm":0},{"ddd":0,"ind":2,"ty":4,"nm":"SOS","parent":1,"sr":1,"ks":{"o":{"a":0,"k":100,"ix":11},"r":{"a":0,"k":0,"ix":10},"p":{"a":0,"k":[0,0,0],"ix":2,"l":2},"a":{"a":0,"k":[512,512,0],"ix":1,"l":2},"s":{"a":0,"k":[100,100,100],"ix":6,"l":2}},"ao":0,"shapes":[{"ty":"gr","it":[{"ind":0,"ty":"sh","ix":1,"ks":{"a":0,"k":{"i":[[0,-28.8],[23.12,-22.96],[41.28,0],[29.2,17.68],[0,0],[-16.64,-5.44],[-13.84,0],[-8.801,7.839],[0,15.519],[3.92,6.8],[7.6,6.32],[23.199,13.68],[10.881,11.68],[6.479,15.52],[0,20.72],[-21.359,22.32],[-37.6,0],[-16.799,-5.44],[-18.32,-9.84],[0,0],[12.399,3.84],[12,0],[7.6,-8.24],[0,-13.28],[-3.12,-6.16],[-6.72,-5.76],[-25.199,-14.88],[-12.32,-19.84]],"o":[[0,39.84],[-23.12,22.96],[-38,0],[0,0],[24,13.28],[16.641,5.441],[16.559,0],[8.88,-7.841],[0,-8.641],[-3.92,-6.72],[-7.52,-6.24],[-21.761,-12.64],[-10.88,-11.68],[-6.481,-15.52],[0,-39.04],[21.36,-22.32],[18.48,0],[16.8,5.44],[0,0],[-18.96,-9.68],[-12.401,-3.84],[-14.319,0],[-7.599,8.24],[0,8.24],[3.12,6.16],[6.72,5.76],[33.28,19.76],[12.48,19.84]],"v":[[116.04,98.319],[81.32,192.56],[-15.24,226.961],[-116.04,200.4],[-116.04,113.44],[-55.08,141.52],[-9.399,149.68],[28.681,137.921],[41.96,102.88],[36.12,79.76],[18.92,60.24],[-27.239,30.319],[-76.2,-6.24],[-102.279,-47.04],[-112.04,-101.36],[-80.04,-193.44],[8.44,-226.961],[61.4,-218.8],[114.12,-195.841],[89.8,-123.04],[42.681,-143.281],[6.04,-149.04],[-26.84,-136.641],[-38.279,-104.321],[-33.64,-82.72],[-18.92,-64.88],[28.92,-33.92],[97.32,25.44]],"c":true},"ix":2},"nm":"Path 1","mn":"ADBE Vector Shape - Group","hd":false},{"ty":"fl","c":{"a":0,"k":[0.980000035903,0.980000035903,0.980000035903,1],"ix":4},"o":{"a":0,"k":100,"ix":5},"r":1,"bm":0,"nm":"Fill 1","mn":"ADBE Vector Graphic - Fill","hd":false},{"ty":"tr","p":{"a":0,"k":[780.76,518.56],"ix":2},"a":{"a":0,"k":[0,0],"ix":1},"s":{"a":0,"k":[100,100],"ix":3},"r":{"a":0,"k":0,"ix":6},"o":{"a":0,"k":100,"ix":7},"sk":{"a":0,"k":0,"ix":4},"sa":{"a":0,"k":0,"ix":5},"nm":"Transform"}],"nm":"Group 1","np":2,"cix":2,"bm":0,"ix":1,"mn":"ADBE Vector Group","hd":false},{"ty":"gr","it":[{"ind":0,"ty":"sh","ix":1,"ks":{"a":0,"k":{"i":[[0,-49.36],[-13.68,-24.96],[-27.28,0],[0,99.28],[54.4,0],[13.84,-25.04]],"o":[[0,49.359],[13.68,24.96],[54.72,0],[0,-99.44],[-27.28,0],[-13.76,25.04]],"v":[[-82.08,-0.08],[-61.52,111.36],[-0.08,148.8],[81.92,-0.08],[0.32,-149.279],[-61.36,-111.679]],"c":true},"ix":2},"nm":"Path 1","mn":"ADBE Vector Shape - Group","hd":false},{"ind":1,"ty":"sh","ix":2,"ks":{"a":0,"k":{"i":[[0,-73.28],[26.481,-39.199],[49.521,0],[26.56,39.281],[0,73.521],[-26.64,38.8],[-49.68,0],[-26.321,-39.04]],"o":[[0,73.12],[-26.559,39.281],[-49.52,0],[-26.56,-39.279],[0,-73.519],[26.64,-38.72],[49.68,0],[26.239,39.2]],"v":[[153.84,-0.08],[114.08,168.399],[0,227.279],[-114.08,168.399],[-153.84,-0.721],[-113.92,-169.119],[0.48,-227.279],[114.481,-168.719]],"c":true},"ix":2},"nm":"Path 2","mn":"ADBE Vector Shape - Group","hd":false},{"ty":"fl","c":{"a":0,"k":[0.980000035903,0.980000035903,0.980000035903,1],"ix":4},"o":{"a":0,"k":100,"ix":5},"r":1,"bm":0,"nm":"Fill 1","mn":"ADBE Vector Graphic - Fill","hd":false},{"ty":"tr","p":{"a":0,"k":[495.92,518.24],"ix":2},"a":{"a":0,"k":[0,0],"ix":1},"s":{"a":0,"k":[100,100],"ix":3},"r":{"a":0,"k":0,"ix":6},"o":{"a":0,"k":100,"ix":7},"sk":{"a":0,"k":0,"ix":4},"sa":{"a":0,"k":0,"ix":5},"nm":"Transform"}],"nm":"Group 2","np":3,"cix":2,"bm":0,"ix":2,"mn":"ADBE Vector Group","hd":false},{"ty":"gr","it":[{"ind":0,"ty":"sh","ix":1,"ks":{"a":0,"k":{"i":[[0,-28.8],[23.12,-22.96],[41.28,0],[29.2,17.68],[0,0],[-16.64,-5.44],[-13.84,0],[-8.8,7.839],[0,15.519],[3.92,6.8],[7.6,6.32],[23.2,13.68],[10.88,11.68],[6.48,15.52],[0,20.72],[-21.36,22.32],[-37.6,0],[-16.8,-5.44],[-18.32,-9.84],[0,0],[12.4,3.84],[12,0],[7.6,-8.24],[0,-13.28],[-3.12,-6.16],[-6.72,-5.76],[-25.12,-14.88],[-12.32,-19.84]],"o":[[0,39.84],[-23.12,22.96],[-38,0],[0,0],[24,13.28],[16.64,5.441],[16.56,0],[8.88,-7.841],[0,-8.641],[-3.92,-6.72],[-7.52,-6.24],[-21.76,-12.64],[-10.88,-11.68],[-6.48,-15.52],[0,-39.04],[21.36,-22.32],[18.48,0],[16.8,5.44],[0,0],[-18.96,-9.68],[-12.4,-3.84],[-14.32,0],[-7.6,8.24],[0,8.24],[3.04,6.16],[6.72,5.76],[33.28,19.76],[12.56,19.84]],"v":[[116.04,98.319],[81.32,192.56],[-15.24,226.961],[-116.04,200.4],[-116.04,113.44],[-55.08,141.52],[-9.4,149.68],[28.68,137.921],[41.96,102.88],[36.12,79.76],[18.92,60.24],[-27.24,30.319],[-76.2,-6.24],[-102.28,-47.04],[-112.04,-101.36],[-80.04,-193.44],[8.44,-226.961],[61.4,-218.8],[114.12,-195.841],[89.8,-123.04],[42.68,-143.281],[6.04,-149.04],[-26.84,-136.641],[-38.28,-104.321],[-33.64,-82.72],[-18.92,-64.88],[28.92,-33.92],[97.32,25.44]],"c":true},"ix":2},"nm":"Path 1","mn":"ADBE Vector Shape - Group","hd":false},{"ty":"fl","c":{"a":0,"k":[0.980000035903,0.980000035903,0.980000035903,1],"ix":4},"o":{"a":0,"k":100,"ix":5},"r":1,"bm":0,"nm":"Fill 1","mn":"ADBE Vector Graphic - Fill","hd":false},{"ty":"tr","p":{"a":0,"k":[207.8,518.56],"ix":2},"a":{"a":0,"k":[0,0],"ix":1},"s":{"a":0,"k":[100,100],"ix":3},"r":{"a":0,"k":0,"ix":6},"o":{"a":0,"k":100,"ix":7},"sk":{"a":0,"k":0,"ix":4},"sa":{"a":0,"k":0,"ix":5},"nm":"Transform"}],"nm":"Group 3","np":2,"cix":2,"bm":0,"ix":3,"mn":"ADBE Vector Group","hd":false}],"ip":0,"op":1202.4,"st":0,"bm":0},{"ddd":0,"ind":3,"ty":4,"nm":"shine 2","parent":1,"sr":1,"ks":{"o":{"a":0,"k":90,"ix":11},"r":{"a":0,"k":0,"ix":10},"p":{"a":0,"k":[-304.8,-316.262,0],"ix":2,"l":2},"a":{"a":0,"k":[110.4,114.662,0],"ix":1,"l":2},"s":{"a":0,"k":[100,100,100],"ix":6,"l":2}},"ao":0,"shapes":[{"ty":"gr","it":[{"ind":0,"ty":"sh","ix":1,"ks":{"a":1,"k":[{"i":{"x":0,"y":1},"o":{"x":0.167,"y":0.167},"t":25,"s":[{"i":[[0.952,-50.613],[-42.998,-0.278],[-66.27,25.128],[-41.77,12.592],[-4.032,108.786],[71.551,-1.254],[68.99,-2.667],[47.129,-25.057],[0.983,-61.742]],"o":[[-1.76,93.592],[39.896,0.258],[83.23,-31.559],[39.303,-11.848],[3.23,-87.142],[-90.8,1.592],[-68.99,2.667],[-46.88,24.925],[-0.553,34.765]],"v":[[-125.44,456.671],[-87.096,580.004],[161.57,405.822],[617.57,263.671],[695.57,29.404],[633.6,-99.329],[66.56,-99.583],[-38.32,-20.662],[-117.565,102.004]],"c":true}]},{"i":{"x":0.667,"y":1},"o":{"x":0.167,"y":0},"t":41,"s":[{"i":[[0.952,-50.613],[-42.998,-0.278],[-70.085,10.55],[-41.77,12.592],[-0.77,174.858],[71.363,5.333],[68.989,-2.667],[75.443,-58.667],[2.667,-34.667]],"o":[[-1.76,93.592],[39.896,0.258],[70.085,-10.55],[39.303,-11.848],[0.573,-130.093],[-71.363,-5.333],[-68.99,2.667],[-75.443,58.667],[-2.667,34.667]],"v":[[-117.44,548.671],[-75.096,672.004],[175.57,445.822],[657.57,353.671],[695.57,121.404],[629.6,-91.329],[244.56,-91.329],[85.68,95.338],[-110.183,138.004]],"c":true}]},{"i":{"x":0.833,"y":0.833},"o":{"x":0.333,"y":0},"t":66,"s":[{"i":[[0.952,-50.613],[-42.998,-0.278],[-70.085,10.55],[-41.77,12.592],[-0.77,174.858],[71.363,5.333],[68.989,-2.667],[75.443,-58.667],[2.667,-34.667]],"o":[[-1.76,93.592],[39.896,0.258],[70.085,-10.55],[39.303,-11.848],[0.573,-130.093],[-71.363,-5.333],[-68.99,2.667],[-75.443,58.667],[-2.667,34.667]],"v":[[-117.44,548.671],[-75.096,672.004],[175.57,445.822],[657.57,353.671],[695.57,121.404],[629.6,-91.329],[244.56,-91.329],[85.68,95.338],[-110.183,138.004]],"c":true}]},{"t":68,"s":[{"i":[[0.952,-50.613],[-42.998,-0.278],[-66.27,25.128],[-41.77,12.592],[-4.032,108.786],[71.551,-1.254],[68.99,-2.667],[47.129,-25.057],[0.983,-61.742]],"o":[[-1.76,93.592],[39.896,0.258],[83.23,-31.559],[39.303,-11.848],[3.23,-87.142],[-90.8,1.592],[-68.99,2.667],[-46.88,24.925],[-0.553,34.765]],"v":[[-125.44,456.671],[-87.096,580.004],[161.57,405.822],[617.57,263.671],[695.57,29.404],[633.6,-99.329],[66.56,-99.583],[-38.32,-20.662],[-117.565,102.004]],"c":true}]}],"ix":2},"nm":"Path 1","mn":"ADBE Vector Shape - Group","hd":false},{"ty":"fl","c":{"a":0,"k":[1,0.541176470588,0.501960784314,1],"ix":4},"o":{"a":0,"k":100,"ix":5},"r":1,"bm":0,"nm":"Fill 1","mn":"ADBE Vector Graphic - Fill","hd":false},{"ty":"tr","p":{"a":0,"k":[110.4,114.663],"ix":2},"a":{"a":0,"k":[0,0],"ix":1},"s":{"a":0,"k":[100,100],"ix":3},"r":{"a":0,"k":0,"ix":6},"o":{"a":0,"k":100,"ix":7},"sk":{"a":0,"k":0,"ix":4},"sa":{"a":0,"k":0,"ix":5},"nm":"Transform"}],"nm":"Group 1","np":2,"cix":2,"bm":0,"ix":1,"mn":"ADBE Vector Group","hd":false}],"ip":25,"op":68,"st":0,"bm":0},{"ddd":0,"ind":4,"ty":4,"nm":"shine ","parent":1,"sr":1,"ks":{"o":{"a":1,"k":[{"t":0,"s":[100],"h":1},{"t":25,"s":[0],"h":1},{"t":68,"s":[100],"h":1}],"ix":11},"r":{"a":0,"k":0,"ix":10},"p":{"a":0,"k":[-304.8,-316.262,0],"ix":2,"l":2},"a":{"a":0,"k":[110.4,114.662,0],"ix":1,"l":2},"s":{"a":0,"k":[100,100,100],"ix":6,"l":2}},"ao":0,"shapes":[{"ty":"gr","it":[{"ind":0,"ty":"sh","ix":1,"ks":{"a":1,"k":[{"i":{"x":0.833,"y":0.833},"o":{"x":1,"y":0},"t":19,"s":[{"i":[[0,24],[73.6,-2.4],[18.4,-22.4],[0.8,-54.4],[-20,0],[-22.4,35.2]],"o":[[0,-18.4],[-61.6,2.4],[-18.4,22.4],[0,38.4],[27.2,0],[43.2,-69.6]],"v":[[110.4,-92.537],[24,-114.137],[-86.4,-82.137],[-110.5,6.263],[-90,82.663],[-39.05,-0.237]],"c":true}]},{"i":{"x":0.833,"y":0.833},"o":{"x":0.167,"y":0.167},"t":23,"s":[{"i":[[10.122,21.908],[73.627,-2.046],[16.518,-28.544],[0.603,-53.491],[-28.246,13.972],[-29.131,33.702]],"o":[[-10.122,-16.877],[-65.09,2.013],[-16.518,28.791],[0.115,39.117],[34.714,-13.972],[47.817,-64.606]],"v":[[156.89,-93.485],[20.843,-112.89],[-89.498,-71.394],[-110.828,70.97],[-83.162,137.809],[-12.162,22.042]],"c":true}]},{"i":{"x":0.833,"y":0.833},"o":{"x":0.167,"y":0.167},"t":24,"s":[{"i":[[99.613,3.409],[73.864,1.083],[-0.121,-82.861],[-1.136,-45.454],[-101.149,137.5],[-88.636,20.454]],"o":[[-99.613,-3.409],[-95.945,-1.407],[0.124,85.297],[1.136,45.455],[101.149,-137.5],[88.636,-20.455]],"v":[[567.908,-101.867],[-7.068,-101.867],[-116.892,23.587],[-114.613,342.451],[-19.172,342.451],[241.023,73.133]],"c":true}]},{"i":{"x":0.833,"y":0.833},"o":{"x":0.167,"y":0.167},"t":25,"s":[{"i":[[99.613,3.409],[73.864,1.083],[-0.121,-82.861],[-1.136,-45.454],[-101.149,137.5],[-134.035,113.593]],"o":[[-99.613,-3.409],[-95.945,-1.407],[0.124,85.297],[1.136,45.455],[101.149,-137.5],[69.396,-58.813]],"v":[[643.908,-101.123],[-7.068,-101.867],[-116.892,23.587],[-114.613,542.451],[-19.172,542.451],[299.023,209.133]],"c":true}]},{"i":{"x":0.25,"y":1},"o":{"x":0.167,"y":0.167},"t":68,"s":[{"i":[[0,24],[73.6,-2.4],[18.4,-22.4],[0.8,-54.4],[-20,0],[-22.4,35.2]],"o":[[0,-18.4],[-61.6,2.4],[-18.4,22.4],[0,38.4],[27.2,0],[43.2,-69.6]],"v":[[110.4,-92.537],[24,-114.137],[-86.4,-82.137],[-110.4,40.263],[-90.4,114.663],[-40.8,16.263]],"c":true}]},{"i":{"x":0.833,"y":1},"o":{"x":0.75,"y":0},"t":72,"s":[{"i":[[0,15.241],[51.626,-1.524],[12.907,-14.225],[0.561,-34.546],[-14.029,0],[-15.712,22.353]],"o":[[0,-11.685],[-43.209,1.524],[-12.907,14.225],[0,24.385],[19.08,0],[30.303,-44.199]],"v":[[31.04,-80.832],[-29.565,-94.548],[-107.005,-74.227],[-123.84,3.501],[-109.811,50.748],[-75.019,-11.74]],"c":true}]},{"t":84,"s":[{"i":[[0,24],[73.6,-2.4],[18.4,-22.4],[0.8,-54.4],[-20,0],[-22.4,35.2]],"o":[[0,-18.4],[-61.6,2.4],[-18.4,22.4],[0,38.4],[27.2,0],[43.2,-69.6]],"v":[[110.4,-92.537],[24,-114.137],[-86.4,-82.137],[-110.5,6.263],[-90,82.663],[-39.05,-0.237]],"c":true}]}],"ix":2},"nm":"Path 1","mn":"ADBE Vector Shape - Group","hd":false},{"ty":"fl","c":{"a":0,"k":[1,0.541176470588,0.501960784314,1],"ix":4},"o":{"a":0,"k":100,"ix":5},"r":1,"bm":0,"nm":"Fill 1","mn":"ADBE Vector Graphic - Fill","hd":false},{"ty":"tr","p":{"a":0,"k":[110.4,114.663],"ix":2},"a":{"a":0,"k":[0,0],"ix":1},"s":{"a":0,"k":[100,100],"ix":3},"r":{"a":0,"k":0,"ix":6},"o":{"a":0,"k":100,"ix":7},"sk":{"a":0,"k":0,"ix":4},"sa":{"a":0,"k":0,"ix":5},"nm":"Transform"}],"nm":"Group 1","np":2,"cix":2,"bm":0,"ix":1,"mn":"ADBE Vector Group","hd":false}],"ip":0,"op":100,"st":0,"bm":0},{"ddd":0,"ind":5,"ty":4,"nm":"button ","sr":1,"ks":{"o":{"a":0,"k":100,"ix":11},"r":{"a":0,"k":0,"ix":10},"p":{"a":0,"k":[511.96,512,0],"ix":2,"l":2},"a":{"a":0,"k":[480.29,480.25,0],"ix":1,"l":2},"s":{"a":0,"k":[100,100,100],"ix":6,"l":2}},"ao":0,"shapes":[{"ty":"gr","it":[{"ind":0,"ty":"sh","ix":1,"ks":{"a":1,"k":[{"i":{"x":0.833,"y":0.833},"o":{"x":0.333,"y":0},"t":19,"s":[{"i":[[0,0],[0,0],[0.241,-33.04],[0,0],[-33.119,-0.08],[0,0],[0,0],[-0.08,33.12],[0,0],[0,0],[32.399,0.72]],"o":[[0,0],[-33.04,0.24],[0,0],[-0.08,33.12],[0,0],[0,0],[33.12,0.08],[0,0],[0,0],[0.72,-32.4],[0,0]],"v":[[392.88,-451.64],[-392.72,-451.64],[-452.72,-391.64],[-452.72,391.56],[-392.88,451.56],[-392.72,451.56],[392.08,451.56],[452.08,391.72],[452.08,391.56],[452.08,-391.64],[394.641,-451.64]],"c":true}]},{"i":{"x":0.833,"y":0.833},"o":{"x":0.167,"y":0.167},"t":23,"s":[{"i":[[0,0],[0,0],[0.241,-33.04],[0,0],[-33.119,-0.08],[0,0],[0,0],[-0.08,33.12],[0,0],[0,0],[32.399,0.72]],"o":[[0,0],[-33.04,0.24],[0,0],[-0.08,33.12],[0,0],[0,0],[33.12,0.08],[0,0],[0,0],[0.72,-32.4],[0,0]],"v":[[400.047,-444.246],[-385.553,-444.246],[-445.553,-384.246],[-445.553,398.954],[-385.713,458.954],[-385.553,458.954],[399.247,458.954],[459.247,399.114],[459.247,398.954],[459.247,-384.246],[401.808,-444.246]],"c":true}]},{"i":{"x":0,"y":1},"o":{"x":0.167,"y":0.167},"t":25,"s":[{"i":[[0,0],[0,0],[0.241,-33.04],[0,0],[-33.119,-0.08],[0,0],[0,0],[-0.08,33.12],[0,0],[0,0],[32.399,0.72]],"o":[[0,0],[-33.04,0.24],[0,0],[-0.08,33.12],[0,0],[0,0],[33.12,0.08],[0,0],[0,0],[0.72,-32.4],[0,0]],"v":[[439.78,-403.254],[-345.819,-403.254],[-405.819,-343.254],[-405.819,439.946],[-345.98,499.946],[-345.819,499.946],[438.98,499.946],[498.98,440.106],[498.98,439.946],[498.98,-343.254],[441.541,-403.254]],"c":true}]},{"i":{"x":0.667,"y":1},"o":{"x":0.167,"y":0},"t":41,"s":[{"i":[[0,0],[0,0],[0.241,-33.04],[0,0],[-33.119,-0.08],[0,0],[0,0],[-0.08,33.12],[0,0],[0,0],[32.399,0.72]],"o":[[0,0],[-33.04,0.24],[0,0],[-0.08,33.12],[0,0],[0,0],[33.12,0.08],[0,0],[0,0],[0.72,-32.4],[0,0]],"v":[[448.13,-394.64],[-337.47,-394.64],[-397.47,-334.64],[-397.47,448.56],[-337.63,508.56],[-337.47,508.56],[447.33,508.56],[507.33,448.72],[507.33,448.56],[507.33,-334.64],[449.891,-394.64]],"c":true}]},{"i":{"x":0,"y":1},"o":{"x":0.333,"y":0},"t":66,"s":[{"i":[[0,0],[0,0],[0.241,-33.04],[0,0],[-33.119,-0.08],[0,0],[0,0],[-0.08,33.12],[0,0],[0,0],[32.399,0.72]],"o":[[0,0],[-33.04,0.24],[0,0],[-0.08,33.12],[0,0],[0,0],[33.12,0.08],[0,0],[0,0],[0.72,-32.4],[0,0]],"v":[[448.13,-394.64],[-337.47,-394.64],[-397.47,-334.64],[-397.47,448.56],[-337.63,508.56],[-337.47,508.56],[447.33,508.56],[507.33,448.72],[507.33,448.56],[507.33,-334.64],[449.891,-394.64]],"c":true}]},{"i":{"x":0.667,"y":1},"o":{"x":0.75,"y":0},"t":72,"s":[{"i":[[0,0],[0,0],[0.241,-33.04],[0,0],[-33.119,-0.08],[0,0],[0,0],[-0.08,33.12],[0,0],[0,0],[32.399,0.72]],"o":[[0,0],[-33.04,0.24],[0,0],[-0.08,33.12],[0,0],[0,0],[33.12,0.08],[0,0],[0,0],[0.72,-32.4],[0,0]],"v":[[372.88,-461.64],[-412.72,-461.64],[-472.72,-401.64],[-472.72,381.56],[-412.88,441.56],[-412.72,441.56],[372.08,441.56],[432.08,371.72],[432.08,371.56],[432.08,-401.64],[374.641,-461.64]],"c":true}]},{"t":84,"s":[{"i":[[0,0],[0,0],[0.241,-33.04],[0,0],[-33.119,-0.08],[0,0],[0,0],[-0.08,33.12],[0,0],[0,0],[32.399,0.72]],"o":[[0,0],[-33.04,0.24],[0,0],[-0.08,33.12],[0,0],[0,0],[33.12,0.08],[0,0],[0,0],[0.72,-32.4],[0,0]],"v":[[392.88,-451.64],[-392.72,-451.64],[-452.72,-391.64],[-452.72,391.56],[-392.88,451.56],[-392.72,451.56],[392.08,451.56],[452.08,391.72],[452.08,391.56],[452.08,-391.64],[394.641,-451.64]],"c":true}]}],"ix":2},"nm":"Path 1","mn":"ADBE Vector Shape - Group","hd":false},{"ty":"fl","c":{"a":0,"k":[0.956862804936,0.262745098039,0.211764720842,1],"ix":4},"o":{"a":0,"k":100,"ix":5},"r":1,"bm":0,"nm":"Fill 1","mn":"ADBE Vector Graphic - Fill","hd":false},{"ty":"tr","p":{"a":0,"k":[453.05,451.89],"ix":2},"a":{"a":0,"k":[0,0],"ix":1},"s":{"a":0,"k":[100,100],"ix":3},"r":{"a":0,"k":0,"ix":6},"o":{"a":0,"k":100,"ix":7},"sk":{"a":0,"k":0,"ix":4},"sa":{"a":0,"k":0,"ix":5},"nm":"Transform"}],"nm":"Group 1","np":2,"cix":2,"bm":0,"ix":1,"mn":"ADBE Vector Group","hd":false},{"ty":"gr","it":[{"ind":0,"ty":"sh","ix":1,"ks":{"a":1,"k":[{"i":{"x":0.833,"y":0.833},"o":{"x":0.333,"y":0},"t":19,"s":[{"i":[[35.36,0],[0,0],[0,-35.36],[0,0],[-35.36,0],[0,0],[0,35.36],[0,0]],"o":[[0,0],[-35.36,0],[0,0],[0,35.36],[0,0],[35.36,0],[0,0],[0,-35.36]],"v":[[416,-480],[-416,-480],[-480,-416],[-480,416],[-416,480],[416,480],[480,416],[480,-416]],"c":true}]},{"i":{"x":0.833,"y":0.833},"o":{"x":0.167,"y":0.167},"t":23,"s":[{"i":[[35.36,0],[0,0],[0,-35.36],[0,0],[-35.36,0],[0,0],[0,35.36],[0,0]],"o":[[0,0],[-35.36,0],[0,0],[0,35.36],[0,0],[35.36,0],[0,0],[0,-35.36]],"v":[[416,-472.573],[-408.833,-472.573],[-472.833,-408.573],[-472.833,416],[-408.833,480],[416,480],[480,416],[480,-408.573]],"c":true}]},{"i":{"x":0,"y":1},"o":{"x":0.167,"y":0.167},"t":25,"s":[{"i":[[35.36,0],[0,0],[0,-35.36],[0,0],[-35.36,0],[0,0],[0,35.36],[0,0]],"o":[[0,0],[-35.36,0],[0,0],[0,35.36],[0,0],[35.36,0],[0,0],[0,-35.36]],"v":[[416,-431.402],[-369.1,-431.402],[-433.1,-367.402],[-433.1,416],[-369.1,480],[416,480],[480,416],[480,-367.402]],"c":true}]},{"i":{"x":0.667,"y":1},"o":{"x":0.167,"y":0},"t":41,"s":[{"i":[[35.36,0],[0,0],[0,-35.36],[0,0],[-35.36,0],[0,0],[0,35.36],[0,0]],"o":[[0,0],[-35.36,0],[0,0],[0,35.36],[0,0],[35.36,0],[0,0],[0,-35.36]],"v":[[416,-422.75],[-360.75,-422.75],[-424.75,-358.75],[-424.75,416],[-360.75,480],[416,480],[480,416],[480,-358.75]],"c":true}]},{"i":{"x":0,"y":1},"o":{"x":0.333,"y":0},"t":66,"s":[{"i":[[35.36,0],[0,0],[0,-35.36],[0,0],[-35.36,0],[0,0],[0,35.36],[0,0]],"o":[[0,0],[-35.36,0],[0,0],[0,35.36],[0,0],[35.36,0],[0,0],[0,-35.36]],"v":[[416,-422.75],[-360.75,-422.75],[-424.75,-358.75],[-424.75,416],[-360.75,480],[416,480],[480,416],[480,-358.75]],"c":true}]},{"i":{"x":0.667,"y":1},"o":{"x":0.75,"y":0},"t":72,"s":[{"i":[[35.36,0],[0,0],[0,-35.36],[0,0],[-35.36,0],[0,0],[0,35.36],[0,0]],"o":[[0,0],[-35.36,0],[0,0],[0,35.36],[0,0],[35.36,0],[0,0],[0,-35.36]],"v":[[416,-490],[-436,-490],[-500,-426],[-500,416],[-436,480],[416,480],[480,416],[480,-426]],"c":true}]},{"t":84,"s":[{"i":[[35.36,0],[0,0],[0,-35.36],[0,0],[-35.36,0],[0,0],[0,35.36],[0,0]],"o":[[0,0],[-35.36,0],[0,0],[0,35.36],[0,0],[35.36,0],[0,0],[0,-35.36]],"v":[[416,-480],[-416,-480],[-480,-416],[-480,416],[-416,480],[416,480],[480,416],[480,-416]],"c":true}]}],"ix":2},"nm":"Path 1","mn":"ADBE Vector Shape - Group","hd":false},{"ty":"fl","c":{"a":0,"k":[0.800000059838,0.20000001496,0.20000001496,1],"ix":4},"o":{"a":0,"k":100,"ix":5},"r":1,"bm":0,"nm":"Fill 1","mn":"ADBE Vector Graphic - Fill","hd":false},{"ty":"tr","p":{"a":0,"k":[480.33,480.25],"ix":2},"a":{"a":0,"k":[0,0],"ix":1},"s":{"a":0,"k":[100,100],"ix":3},"r":{"a":0,"k":0,"ix":6},"o":{"a":0,"k":100,"ix":7},"sk":{"a":0,"k":0,"ix":4},"sa":{"a":0,"k":0,"ix":5},"nm":"Transform"}],"nm":"Group 2","np":2,"cix":2,"bm":0,"ix":2,"mn":"ADBE Vector Group","hd":false}],"ip":0,"op":100,"st":0,"bm":0}],"markers":[{"tm":86,"cm":"rest","dr":0}]}