{"v":"5.8.1","fr":60,"ip":0,"op":80,"w":1024,"h":1024,"nm":"emoji_eagle","ddd":0,"assets":[{"id":"comp_0","nm":"Speedlines A","fr":60,"layers":[{"ddd":0,"ind":1,"ty":4,"nm":"Shape 11","sr":1,"ks":{"o":{"a":0,"k":100,"ix":11},"r":{"a":0,"k":-45,"ix":10},"p":{"a":0,"k":[494,436,0],"ix":2,"l":2},"a":{"a":0,"k":[-6,-24,0],"ix":1,"l":2},"s":{"a":0,"k":[100,100,100],"ix":6,"l":2}},"ao":0,"shapes":[{"ty":"gr","it":[{"ind":0,"ty":"sh","ix":1,"ks":{"a":1,"k":[{"i":{"x":0.833,"y":0.833},"o":{"x":0.167,"y":0.167},"t":52,"s":[{"i":[[0,0],[0,0]],"o":[[0,0],[0,0]],"v":[[-288.083,-392.305],[-277.762,-391.499]],"c":false}]},{"i":{"x":0.833,"y":0.833},"o":{"x":0.167,"y":0.167},"t":62,"s":[{"i":[[0,0],[0,0]],"o":[[0,0],[0,0]],"v":[[-240,-392],[43.265,-390.89]],"c":false}]},{"t":72,"s":[{"i":[[0,0],[0,0]],"o":[[0,0],[0,0]],"v":[[271.945,-392.304],[279.439,-390.89]],"c":false}]}],"ix":2},"nm":"Path 1","mn":"ADBE Vector Shape - Group","hd":false},{"ty":"st","c":{"a":0,"k":[0.772549019608,0.788235294118,0.811764705882,1],"ix":3},"o":{"a":0,"k":100,"ix":4},"w":{"a":0,"k":15,"ix":5},"lc":2,"lj":2,"bm":0,"nm":"Stroke 1","mn":"ADBE Vector Graphic - Stroke","hd":false},{"ty":"tr","p":{"a":0,"k":[0,0],"ix":2},"a":{"a":0,"k":[0,0],"ix":1},"s":{"a":0,"k":[100,100],"ix":3},"r":{"a":0,"k":0,"ix":6},"o":{"a":0,"k":100,"ix":7},"sk":{"a":0,"k":0,"ix":4},"sa":{"a":0,"k":0,"ix":5},"nm":"Transform"}],"nm":"Shape 1","np":3,"cix":2,"bm":0,"ix":1,"mn":"ADBE Vector Group","hd":false}],"ip":52,"op":72,"st":52,"bm":0},{"ddd":0,"ind":2,"ty":4,"nm":"Shape 9","sr":1,"ks":{"o":{"a":0,"k":100,"ix":11},"r":{"a":0,"k":-45,"ix":10},"p":{"a":0,"k":[506,488,0],"ix":2,"l":2},"a":{"a":0,"k":[-6,-24,0],"ix":1,"l":2},"s":{"a":0,"k":[100,100,100],"ix":6,"l":2}},"ao":0,"shapes":[{"ty":"gr","it":[{"ind":0,"ty":"sh","ix":1,"ks":{"a":1,"k":[{"i":{"x":0.833,"y":0.833},"o":{"x":0.167,"y":0.167},"t":32,"s":[{"i":[[0,0],[0,0]],"o":[[0,0],[0,0]],"v":[[-532.625,103.307],[-531.807,103.334]],"c":false}]},{"i":{"x":0.833,"y":0.833},"o":{"x":0.167,"y":0.167},"t":42,"s":[{"i":[[0,0],[0,0]],"o":[[0,0],[0,0]],"v":[[-172,104],[444,104]],"c":false}]},{"t":52,"s":[{"i":[[0,0],[0,0]],"o":[[0,0],[0,0]],"v":[[556.32,104.748],[564.208,104.721]],"c":false}]}],"ix":2},"nm":"Path 1","mn":"ADBE Vector Shape - Group","hd":false},{"ty":"st","c":{"a":0,"k":[0.772549019608,0.788235294118,0.811764705882,1],"ix":3},"o":{"a":0,"k":100,"ix":4},"w":{"a":0,"k":15,"ix":5},"lc":2,"lj":2,"bm":0,"nm":"Stroke 1","mn":"ADBE Vector Graphic - Stroke","hd":false},{"ty":"tr","p":{"a":0,"k":[0,0],"ix":2},"a":{"a":0,"k":[0,0],"ix":1},"s":{"a":0,"k":[100,100],"ix":3},"r":{"a":0,"k":0,"ix":6},"o":{"a":0,"k":100,"ix":7},"sk":{"a":0,"k":0,"ix":4},"sa":{"a":0,"k":0,"ix":5},"nm":"Transform"}],"nm":"Shape 4","np":3,"cix":2,"bm":0,"ix":1,"mn":"ADBE Vector Group","hd":false}],"ip":32,"op":52,"st":32,"bm":0},{"ddd":0,"ind":3,"ty":4,"nm":"Shape 7","sr":1,"ks":{"o":{"a":0,"k":100,"ix":11},"r":{"a":0,"k":-45,"ix":10},"p":{"a":0,"k":[506,488,0],"ix":2,"l":2},"a":{"a":0,"k":[-6,-24,0],"ix":1,"l":2},"s":{"a":0,"k":[100,100,100],"ix":6,"l":2}},"ao":0,"shapes":[{"ty":"gr","it":[{"ind":0,"ty":"sh","ix":1,"ks":{"a":1,"k":[{"i":{"x":0.833,"y":0.833},"o":{"x":0.167,"y":0.167},"t":58,"s":[{"i":[[0,0],[0,0]],"o":[[0,0],[0,0]],"v":[[-391.543,-252.312],[-387.072,-252.935]],"c":false}]},{"i":{"x":0.833,"y":0.833},"o":{"x":0.167,"y":0.167},"t":68,"s":[{"i":[[0,0],[0,0]],"o":[[0,0],[0,0]],"v":[[131.716,-252],[342.662,-252.312]],"c":false}]},{"t":78,"s":[{"i":[[0,0],[0,0]],"o":[[0,0],[0,0]],"v":[[418.801,-252.935],[424.686,-252.312]],"c":false}]}],"ix":2},"nm":"Path 1","mn":"ADBE Vector Shape - Group","hd":false},{"ty":"st","c":{"a":0,"k":[0.772549019608,0.788235294118,0.811764705882,1],"ix":3},"o":{"a":0,"k":100,"ix":4},"w":{"a":0,"k":15,"ix":5},"lc":2,"lj":2,"bm":0,"nm":"Stroke 1","mn":"ADBE Vector Graphic - Stroke","hd":false},{"ty":"tr","p":{"a":0,"k":[0,0],"ix":2},"a":{"a":0,"k":[0,0],"ix":1},"s":{"a":0,"k":[100,100],"ix":3},"r":{"a":0,"k":0,"ix":6},"o":{"a":0,"k":100,"ix":7},"sk":{"a":0,"k":0,"ix":4},"sa":{"a":0,"k":0,"ix":5},"nm":"Transform"}],"nm":"Shape 2","np":3,"cix":2,"bm":0,"ix":1,"mn":"ADBE Vector Group","hd":false}],"ip":58,"op":78,"st":58,"bm":0},{"ddd":0,"ind":4,"ty":4,"nm":"Shape 5","sr":1,"ks":{"o":{"a":0,"k":100,"ix":11},"r":{"a":0,"k":-45,"ix":10},"p":{"a":0,"k":[506,488,0],"ix":2,"l":2},"a":{"a":0,"k":[-6,-24,0],"ix":1,"l":2},"s":{"a":0,"k":[100,100,100],"ix":6,"l":2}},"ao":0,"shapes":[{"ty":"gr","it":[{"ind":0,"ty":"sh","ix":1,"ks":{"a":1,"k":[{"i":{"x":0.833,"y":0.833},"o":{"x":0.167,"y":0.167},"t":14,"s":[{"i":[[0,0],[0,0]],"o":[[0,0],[0,0]],"v":[[-266.419,441.885],[-255.813,443.299]],"c":false}]},{"i":{"x":0.833,"y":0.833},"o":{"x":0.167,"y":0.167},"t":24,"s":[{"i":[[0,0],[0,0]],"o":[[0,0],[0,0]],"v":[[-214.093,442.995],[83.598,443.3]],"c":false}]},{"t":34,"s":[{"i":[[0,0],[0,0]],"o":[[0,0],[0,0]],"v":[[224.313,442.494],[230.676,443.3]],"c":false}]}],"ix":2},"nm":"Path 1","mn":"ADBE Vector Shape - Group","hd":false},{"ty":"st","c":{"a":0,"k":[0.772549019608,0.788235294118,0.811764705882,1],"ix":3},"o":{"a":0,"k":100,"ix":4},"w":{"a":0,"k":15,"ix":5},"lc":2,"lj":2,"bm":0,"nm":"Stroke 1","mn":"ADBE Vector Graphic - Stroke","hd":false},{"ty":"tr","p":{"a":0,"k":[0,0],"ix":2},"a":{"a":0,"k":[0,0],"ix":1},"s":{"a":0,"k":[100,100],"ix":3},"r":{"a":0,"k":0,"ix":6},"o":{"a":0,"k":100,"ix":7},"sk":{"a":0,"k":0,"ix":4},"sa":{"a":0,"k":0,"ix":5},"nm":"Transform"}],"nm":"Shape 5","np":3,"cix":2,"bm":0,"ix":1,"mn":"ADBE Vector Group","hd":false}],"ip":14,"op":34,"st":14,"bm":0},{"ddd":0,"ind":5,"ty":4,"nm":"Shape 3","sr":1,"ks":{"o":{"a":0,"k":100,"ix":11},"r":{"a":0,"k":-45,"ix":10},"p":{"a":0,"k":[506,488,0],"ix":2,"l":2},"a":{"a":0,"k":[-6,-24,0],"ix":1,"l":2},"s":{"a":0,"k":[100,100,100],"ix":6,"l":2}},"ao":0,"shapes":[{"ty":"gr","it":[{"ind":0,"ty":"sh","ix":1,"ks":{"a":1,"k":[{"i":{"x":0.833,"y":0.833},"o":{"x":0.167,"y":0.167},"t":20,"s":[{"i":[[0,0],[0,0]],"o":[[0,0],[0,0]],"v":[[-658.233,-37.172],[-653.381,-37.615]],"c":false}]},{"i":{"x":0.833,"y":0.833},"o":{"x":0.167,"y":0.167},"t":30,"s":[{"i":[[0,0],[0,0]],"o":[[0,0],[0,0]],"v":[[-552.167,-37.657],[183.833,-37.657]],"c":false}]},{"t":40,"s":[{"i":[[0,0],[0,0]],"o":[[0,0],[0,0]],"v":[[458.996,-36.201],[466.676,-37.172]],"c":false}]}],"ix":2},"nm":"Path 1","mn":"ADBE Vector Shape - Group","hd":false},{"ty":"st","c":{"a":0,"k":[0.772549019608,0.788235294118,0.811764705882,1],"ix":3},"o":{"a":0,"k":100,"ix":4},"w":{"a":0,"k":15,"ix":5},"lc":2,"lj":2,"bm":0,"nm":"Stroke 1","mn":"ADBE Vector Graphic - Stroke","hd":false},{"ty":"tr","p":{"a":0,"k":[0,0],"ix":2},"a":{"a":0,"k":[0,0],"ix":1},"s":{"a":0,"k":[100,100],"ix":3},"r":{"a":0,"k":0,"ix":6},"o":{"a":0,"k":100,"ix":7},"sk":{"a":0,"k":0,"ix":4},"sa":{"a":0,"k":0,"ix":5},"nm":"Transform"}],"nm":"Shape 3","np":3,"cix":2,"bm":0,"ix":1,"mn":"ADBE Vector Group","hd":false}],"ip":20,"op":40,"st":20,"bm":0},{"ddd":0,"ind":6,"ty":4,"nm":"Shape 1","sr":1,"ks":{"o":{"a":0,"k":100,"ix":11},"r":{"a":0,"k":-45,"ix":10},"p":{"a":0,"k":[506,532,0],"ix":2,"l":2},"a":{"a":0,"k":[-6,-24,0],"ix":1,"l":2},"s":{"a":0,"k":[100,100,100],"ix":6,"l":2}},"ao":0,"shapes":[{"ty":"gr","it":[{"ind":0,"ty":"sh","ix":1,"ks":{"a":1,"k":[{"i":{"x":0.833,"y":0.833},"o":{"x":0.167,"y":0.167},"t":2,"s":[{"i":[[0,0],[0,0]],"o":[[0,0],[0,0]],"v":[[-288.083,-392.305],[-277.762,-391.499]],"c":false}]},{"i":{"x":0.833,"y":0.833},"o":{"x":0.167,"y":0.167},"t":12,"s":[{"i":[[0,0],[0,0]],"o":[[0,0],[0,0]],"v":[[-240,-392],[43.265,-390.89]],"c":false}]},{"t":22,"s":[{"i":[[0,0],[0,0]],"o":[[0,0],[0,0]],"v":[[271.945,-392.304],[279.439,-390.89]],"c":false}]}],"ix":2},"nm":"Path 1","mn":"ADBE Vector Shape - Group","hd":false},{"ty":"st","c":{"a":0,"k":[0.772549019608,0.788235294118,0.811764705882,1],"ix":3},"o":{"a":0,"k":100,"ix":4},"w":{"a":0,"k":15,"ix":5},"lc":2,"lj":2,"bm":0,"nm":"Stroke 1","mn":"ADBE Vector Graphic - Stroke","hd":false},{"ty":"tr","p":{"a":0,"k":[0,0],"ix":2},"a":{"a":0,"k":[0,0],"ix":1},"s":{"a":0,"k":[100,100],"ix":3},"r":{"a":0,"k":0,"ix":6},"o":{"a":0,"k":100,"ix":7},"sk":{"a":0,"k":0,"ix":4},"sa":{"a":0,"k":0,"ix":5},"nm":"Transform"}],"nm":"Shape 1","np":3,"cix":2,"bm":0,"ix":1,"mn":"ADBE Vector Group","hd":false}],"ip":2,"op":22,"st":2,"bm":0}]},{"id":"comp_1","nm":"Speedlines B","fr":60,"layers":[{"ddd":0,"ind":1,"ty":4,"nm":"Shape 14","sr":1,"ks":{"o":{"a":0,"k":100,"ix":11},"r":{"a":0,"k":-45,"ix":10},"p":{"a":0,"k":[506,488,0],"ix":2,"l":2},"a":{"a":0,"k":[-6,-24,0],"ix":1,"l":2},"s":{"a":0,"k":[100,100,100],"ix":6,"l":2}},"ao":0,"shapes":[{"ty":"gr","it":[{"ind":0,"ty":"sh","ix":1,"ks":{"a":1,"k":[{"i":{"x":0.833,"y":0.833},"o":{"x":0.167,"y":0.167},"t":60,"s":[{"i":[[0,0],[0,0]],"o":[[0,0],[0,0]],"v":[[-532.625,103.307],[-531.807,103.334]],"c":false}]},{"i":{"x":0.833,"y":0.833},"o":{"x":0.167,"y":0.167},"t":70,"s":[{"i":[[0,0],[0,0]],"o":[[0,0],[0,0]],"v":[[-172,104],[444,104]],"c":false}]},{"t":80,"s":[{"i":[[0,0],[0,0]],"o":[[0,0],[0,0]],"v":[[556.32,104.748],[564.208,104.721]],"c":false}]}],"ix":2},"nm":"Path 1","mn":"ADBE Vector Shape - Group","hd":false},{"ty":"st","c":{"a":0,"k":[0.772549019608,0.788235294118,0.811764705882,1],"ix":3},"o":{"a":0,"k":100,"ix":4},"w":{"a":0,"k":15,"ix":5},"lc":2,"lj":2,"bm":0,"nm":"Stroke 1","mn":"ADBE Vector Graphic - Stroke","hd":false},{"ty":"tr","p":{"a":0,"k":[0,0],"ix":2},"a":{"a":0,"k":[0,0],"ix":1},"s":{"a":0,"k":[100,100],"ix":3},"r":{"a":0,"k":0,"ix":6},"o":{"a":0,"k":100,"ix":7},"sk":{"a":0,"k":0,"ix":4},"sa":{"a":0,"k":0,"ix":5},"nm":"Transform"}],"nm":"Shape 4","np":3,"cix":2,"bm":0,"ix":1,"mn":"ADBE Vector Group","hd":false}],"ip":60,"op":80,"st":60,"bm":0},{"ddd":0,"ind":2,"ty":4,"nm":"Shape 8","sr":1,"ks":{"o":{"a":0,"k":100,"ix":11},"r":{"a":0,"k":-45,"ix":10},"p":{"a":0,"k":[710,704,0],"ix":2,"l":2},"a":{"a":0,"k":[-6,-24,0],"ix":1,"l":2},"s":{"a":0,"k":[100,100,100],"ix":6,"l":2}},"ao":0,"shapes":[{"ty":"gr","it":[{"ind":0,"ty":"sh","ix":1,"ks":{"a":1,"k":[{"i":{"x":0.833,"y":0.833},"o":{"x":0.167,"y":0.167},"t":46,"s":[{"i":[[0,0],[0,0]],"o":[[0,0],[0,0]],"v":[[-427.716,-37.615],[-422.864,-38.059]],"c":false}]},{"i":{"x":0.833,"y":0.833},"o":{"x":0.167,"y":0.167},"t":56,"s":[{"i":[[0,0],[0,0]],"o":[[0,0],[0,0]],"v":[[-263.667,-37.172],[183.833,-37.657]],"c":false}]},{"t":66,"s":[{"i":[[0,0],[0,0]],"o":[[0,0],[0,0]],"v":[[379.8,-35.674],[387.48,-36.645]],"c":false}]}],"ix":2},"nm":"Path 1","mn":"ADBE Vector Shape - Group","hd":false},{"ty":"st","c":{"a":0,"k":[0.772549019608,0.788235294118,0.811764705882,1],"ix":3},"o":{"a":0,"k":100,"ix":4},"w":{"a":0,"k":15,"ix":5},"lc":2,"lj":2,"bm":0,"nm":"Stroke 1","mn":"ADBE Vector Graphic - Stroke","hd":false},{"ty":"tr","p":{"a":0,"k":[0,0],"ix":2},"a":{"a":0,"k":[0,0],"ix":1},"s":{"a":0,"k":[100,100],"ix":3},"r":{"a":0,"k":0,"ix":6},"o":{"a":0,"k":100,"ix":7},"sk":{"a":0,"k":0,"ix":4},"sa":{"a":0,"k":0,"ix":5},"nm":"Transform"}],"nm":"Shape 3","np":3,"cix":2,"bm":0,"ix":1,"mn":"ADBE Vector Group","hd":false}],"ip":46,"op":66,"st":46,"bm":0},{"ddd":0,"ind":3,"ty":4,"nm":"Shape 6","sr":1,"ks":{"o":{"a":0,"k":100,"ix":11},"r":{"a":0,"k":-45,"ix":10},"p":{"a":0,"k":[1078,932,0],"ix":2,"l":2},"a":{"a":0,"k":[-6,-24,0],"ix":1,"l":2},"s":{"a":0,"k":[100,100,100],"ix":6,"l":2}},"ao":0,"shapes":[{"ty":"gr","it":[{"ind":0,"ty":"sh","ix":1,"ks":{"a":1,"k":[{"i":{"x":0.833,"y":0.833},"o":{"x":0.167,"y":0.167},"t":28,"s":[{"i":[[0,0],[0,0]],"o":[[0,0],[0,0]],"v":[[-288.083,-392.305],[-277.762,-391.499]],"c":false}]},{"i":{"x":0.833,"y":0.833},"o":{"x":0.167,"y":0.167},"t":38,"s":[{"i":[[0,0],[0,0]],"o":[[0,0],[0,0]],"v":[[-240,-392],[43.265,-390.89]],"c":false}]},{"t":48,"s":[{"i":[[0,0],[0,0]],"o":[[0,0],[0,0]],"v":[[271.945,-392.304],[279.439,-390.89]],"c":false}]}],"ix":2},"nm":"Path 1","mn":"ADBE Vector Shape - Group","hd":false},{"ty":"st","c":{"a":0,"k":[0.772549019608,0.788235294118,0.811764705882,1],"ix":3},"o":{"a":0,"k":100,"ix":4},"w":{"a":0,"k":15,"ix":5},"lc":2,"lj":2,"bm":0,"nm":"Stroke 1","mn":"ADBE Vector Graphic - Stroke","hd":false},{"ty":"tr","p":{"a":0,"k":[0,0],"ix":2},"a":{"a":0,"k":[0,0],"ix":1},"s":{"a":0,"k":[100,100],"ix":3},"r":{"a":0,"k":0,"ix":6},"o":{"a":0,"k":100,"ix":7},"sk":{"a":0,"k":0,"ix":4},"sa":{"a":0,"k":0,"ix":5},"nm":"Transform"}],"nm":"Shape 1","np":3,"cix":2,"bm":0,"ix":1,"mn":"ADBE Vector Group","hd":false}],"ip":28,"op":48,"st":28,"bm":0},{"ddd":0,"ind":4,"ty":4,"nm":"Shape 4","sr":1,"ks":{"o":{"a":0,"k":100,"ix":11},"r":{"a":0,"k":-45,"ix":10},"p":{"a":0,"k":[506,488,0],"ix":2,"l":2},"a":{"a":0,"k":[-6,-24,0],"ix":1,"l":2},"s":{"a":0,"k":[100,100,100],"ix":6,"l":2}},"ao":0,"shapes":[{"ty":"gr","it":[{"ind":0,"ty":"sh","ix":1,"ks":{"a":1,"k":[{"i":{"x":0.833,"y":0.833},"o":{"x":0.167,"y":0.167},"t":6,"s":[{"i":[[0,0],[0,0]],"o":[[0,0],[0,0]],"v":[[-532.625,103.307],[-531.807,103.334]],"c":false}]},{"i":{"x":0.833,"y":0.833},"o":{"x":0.167,"y":0.167},"t":16,"s":[{"i":[[0,0],[0,0]],"o":[[0,0],[0,0]],"v":[[-172,104],[444,104]],"c":false}]},{"t":26,"s":[{"i":[[0,0],[0,0]],"o":[[0,0],[0,0]],"v":[[556.32,104.748],[564.208,104.721]],"c":false}]}],"ix":2},"nm":"Path 1","mn":"ADBE Vector Shape - Group","hd":false},{"ty":"st","c":{"a":0,"k":[0.772549019608,0.788235294118,0.811764705882,1],"ix":3},"o":{"a":0,"k":100,"ix":4},"w":{"a":0,"k":15,"ix":5},"lc":2,"lj":2,"bm":0,"nm":"Stroke 1","mn":"ADBE Vector Graphic - Stroke","hd":false},{"ty":"tr","p":{"a":0,"k":[0,0],"ix":2},"a":{"a":0,"k":[0,0],"ix":1},"s":{"a":0,"k":[100,100],"ix":3},"r":{"a":0,"k":0,"ix":6},"o":{"a":0,"k":100,"ix":7},"sk":{"a":0,"k":0,"ix":4},"sa":{"a":0,"k":0,"ix":5},"nm":"Transform"}],"nm":"Shape 4","np":3,"cix":2,"bm":0,"ix":1,"mn":"ADBE Vector Group","hd":false}],"ip":6,"op":26,"st":6,"bm":0},{"ddd":0,"ind":5,"ty":4,"nm":"Shape 2","sr":1,"ks":{"o":{"a":0,"k":100,"ix":11},"r":{"a":0,"k":-45,"ix":10},"p":{"a":0,"k":[546,608,0],"ix":2,"l":2},"a":{"a":0,"k":[-6,-24,0],"ix":1,"l":2},"s":{"a":0,"k":[100,100,100],"ix":6,"l":2}},"ao":0,"shapes":[{"ty":"gr","it":[{"ind":0,"ty":"sh","ix":1,"ks":{"a":1,"k":[{"i":{"x":0.833,"y":0.833},"o":{"x":0.167,"y":0.167},"t":32,"s":[{"i":[[0,0],[0,0]],"o":[[0,0],[0,0]],"v":[[-391.543,-252.312],[-387.072,-252.935]],"c":false}]},{"i":{"x":0.833,"y":0.833},"o":{"x":0.167,"y":0.167},"t":42,"s":[{"i":[[0,0],[0,0]],"o":[[0,0],[0,0]],"v":[[131.716,-252],[342.662,-252.312]],"c":false}]},{"t":52,"s":[{"i":[[0,0],[0,0]],"o":[[0,0],[0,0]],"v":[[418.801,-252.935],[424.686,-252.312]],"c":false}]}],"ix":2},"nm":"Path 1","mn":"ADBE Vector Shape - Group","hd":false},{"ty":"st","c":{"a":0,"k":[0.772549019608,0.788235294118,0.811764705882,1],"ix":3},"o":{"a":0,"k":100,"ix":4},"w":{"a":0,"k":15,"ix":5},"lc":2,"lj":2,"bm":0,"nm":"Stroke 1","mn":"ADBE Vector Graphic - Stroke","hd":false},{"ty":"tr","p":{"a":0,"k":[0,0],"ix":2},"a":{"a":0,"k":[0,0],"ix":1},"s":{"a":0,"k":[100,100],"ix":3},"r":{"a":0,"k":0,"ix":6},"o":{"a":0,"k":100,"ix":7},"sk":{"a":0,"k":0,"ix":4},"sa":{"a":0,"k":0,"ix":5},"nm":"Transform"}],"nm":"Shape 2","np":3,"cix":2,"bm":0,"ix":1,"mn":"ADBE Vector Group","hd":false}],"ip":32,"op":52,"st":32,"bm":0}]}],"layers":[{"ddd":0,"ind":1,"ty":3,"nm":"Null All","sr":1,"ks":{"o":{"a":0,"k":0,"ix":11},"r":{"a":0,"k":0,"ix":10},"p":{"a":1,"k":[{"i":{"x":0.833,"y":0.833},"o":{"x":0.167,"y":0.167},"t":0,"s":[512,512,0],"to":[0,0,0],"ti":[0,0,0]},{"i":{"x":0.833,"y":0.833},"o":{"x":0.167,"y":0.167},"t":8,"s":[520,508,0],"to":[0,0,0],"ti":[0,0,0]},{"i":{"x":0.833,"y":0.833},"o":{"x":0.167,"y":0.167},"t":16,"s":[512,512,0],"to":[0,0,0],"ti":[0,0,0]},{"i":{"x":0.833,"y":0.833},"o":{"x":0.167,"y":0.167},"t":24,"s":[520,504,0],"to":[0,0,0],"ti":[0,0,0]},{"i":{"x":0.833,"y":0.833},"o":{"x":0.167,"y":0.167},"t":32,"s":[508,516,0],"to":[0,0,0],"ti":[0,0,0]},{"i":{"x":0.833,"y":0.833},"o":{"x":0.167,"y":0.167},"t":40,"s":[512,512,0],"to":[0,0,0],"ti":[0,0,0]},{"i":{"x":0.833,"y":0.833},"o":{"x":0.167,"y":0.167},"t":48,"s":[520,508,0],"to":[0,0,0],"ti":[0,0,0]},{"i":{"x":0.833,"y":0.833},"o":{"x":0.167,"y":0.167},"t":56,"s":[512,512,0],"to":[0,0,0],"ti":[0,0,0]},{"i":{"x":0.833,"y":0.833},"o":{"x":0.167,"y":0.167},"t":64,"s":[520,504,0],"to":[0,0,0],"ti":[0,0,0]},{"i":{"x":0.833,"y":0.833},"o":{"x":0.167,"y":0.167},"t":72,"s":[508,516,0],"to":[0,0,0],"ti":[0,0,0]},{"t":80,"s":[512,512,0]}],"ix":2,"l":2},"a":{"a":0,"k":[0,0,0],"ix":1,"l":2},"s":{"a":0,"k":[100,100,100],"ix":6,"l":2}},"ao":0,"ip":0,"op":80,"st":0,"bm":0},{"ddd":0,"ind":2,"ty":4,"nm":"Claw 2","parent":4,"sr":1,"ks":{"o":{"a":0,"k":100,"ix":11},"r":{"a":1,"k":[{"i":{"x":[0.833],"y":[0.833]},"o":{"x":[0.167],"y":[0.167]},"t":0,"s":[0]},{"i":{"x":[0.833],"y":[0.833]},"o":{"x":[0.167],"y":[0.167]},"t":10,"s":[6.473]},{"i":{"x":[0.833],"y":[0.833]},"o":{"x":[0.167],"y":[0.167]},"t":18,"s":[4.746]},{"i":{"x":[0.833],"y":[0.833]},"o":{"x":[0.167],"y":[0.167]},"t":28,"s":[0]},{"i":{"x":[0.833],"y":[0.833]},"o":{"x":[0.167],"y":[0.167]},"t":36,"s":[6.473]},{"i":{"x":[0.833],"y":[0.833]},"o":{"x":[0.167],"y":[0.167]},"t":46,"s":[4.746]},{"i":{"x":[0.833],"y":[0.833]},"o":{"x":[0.167],"y":[0.167]},"t":54,"s":[0]},{"i":{"x":[0.833],"y":[0.833]},"o":{"x":[0.167],"y":[0.167]},"t":64,"s":[6.473]},{"i":{"x":[0.833],"y":[0.833]},"o":{"x":[0.167],"y":[0.167]},"t":72,"s":[4.746]},{"t":80,"s":[0]}],"ix":10},"p":{"a":1,"k":[{"i":{"x":0.833,"y":0.833},"o":{"x":0.167,"y":0.167},"t":0,"s":[94.079,372.215,0],"to":[0,0,0],"ti":[0,0,0]},{"i":{"x":0.833,"y":0.833},"o":{"x":0.167,"y":0.167},"t":10,"s":[94.079,355.215,0],"to":[0,0,0],"ti":[0,0,0]},{"i":{"x":0.833,"y":0.833},"o":{"x":0.167,"y":0.167},"t":18,"s":[104.079,363.715,0],"to":[0,0,0],"ti":[0,0,0]},{"i":{"x":0.833,"y":0.833},"o":{"x":0.167,"y":0.167},"t":28,"s":[94.079,372.215,0],"to":[0,0,0],"ti":[0,0,0]},{"i":{"x":0.833,"y":0.833},"o":{"x":0.167,"y":0.167},"t":36,"s":[94.079,355.215,0],"to":[0,0,0],"ti":[0,0,0]},{"i":{"x":0.833,"y":0.833},"o":{"x":0.167,"y":0.167},"t":46,"s":[104.079,363.715,0],"to":[0,0,0],"ti":[0,0,0]},{"i":{"x":0.833,"y":0.833},"o":{"x":0.167,"y":0.167},"t":54,"s":[94.079,372.215,0],"to":[0,0,0],"ti":[0,0,0]},{"i":{"x":0.833,"y":0.833},"o":{"x":0.167,"y":0.167},"t":64,"s":[94.079,355.215,0],"to":[0,0,0],"ti":[0,0,0]},{"i":{"x":0.833,"y":0.833},"o":{"x":0.167,"y":0.167},"t":72,"s":[104.079,363.715,0],"to":[0,0,0],"ti":[0,0,0]},{"t":80,"s":[94.079,372.215,0]}],"ix":2,"l":2},"a":{"a":0,"k":[94.079,372.215,0],"ix":1,"l":2},"s":{"a":0,"k":[100,100,100],"ix":6,"l":2}},"ao":0,"shapes":[{"ty":"gr","it":[{"ind":0,"ty":"sh","ix":1,"ks":{"a":0,"k":{"i":[[-3.44,-12.72],[7.84,0.559],[2.96,7.841],[7.12,0.32],[0.72,4.72],[-11.6,-0.4]],"o":[[3.2,11.92],[-5.28,-0.401],[-2.96,-7.84],[-7.12,-0.399],[-1.52,-9.28],[10.16,0.241]],"v":[[36.92,-11.08],[35.24,35.641],[20.04,6.76],[-9.08,-12.92],[-41.56,-12.92],[-1.96,-35.8]],"c":true},"ix":2},"nm":"Path 1","mn":"ADBE Vector Shape - Group","hd":false},{"ty":"fl","c":{"a":0,"k":[0.957000014361,0.510000011968,0.118000000598,1],"ix":4},"o":{"a":0,"k":100,"ix":5},"r":1,"bm":0,"nm":"Fill 1","mn":"ADBE Vector Graphic - Fill","hd":false},{"ty":"tr","p":{"a":0,"k":[55.73,418.21],"ix":2},"a":{"a":0,"k":[0,0],"ix":1},"s":{"a":0,"k":[100,100],"ix":3},"r":{"a":0,"k":0,"ix":6},"o":{"a":0,"k":100,"ix":7},"sk":{"a":0,"k":0,"ix":4},"sa":{"a":0,"k":0,"ix":5},"nm":"Transform"}],"nm":"Group 2","np":2,"cix":2,"bm":0,"ix":1,"mn":"ADBE Vector Group","hd":false},{"ty":"gr","it":[{"ind":0,"ty":"sh","ix":1,"ks":{"a":0,"k":{"i":[[8.64,18.4],[-45.04,-1.52],[4.08,-33.04],[5.2,3.76],[0,0],[0,0]],"o":[[-4.16,-8.96],[45.04,1.52],[-4.16,33.04],[-5.28,-3.76],[0,0],[-0.16,0.079]],"v":[[-59.68,-3.28],[-1.84,-54.96],[59.76,12.96],[28.64,52.72],[17.76,25.281],[-5.12,-3.599]],"c":true},"ix":2},"nm":"Path 1","mn":"ADBE Vector Shape - Group","hd":false},{"ty":"fl","c":{"a":0,"k":[1,0.725,0.011999999776,1],"ix":4},"o":{"a":0,"k":100,"ix":5},"r":1,"bm":0,"nm":"Fill 1","mn":"ADBE Vector Graphic - Fill","hd":false},{"ty":"tr","p":{"a":0,"k":[64.09,402.49],"ix":2},"a":{"a":0,"k":[0,0],"ix":1},"s":{"a":0,"k":[100,100],"ix":3},"r":{"a":0,"k":0,"ix":6},"o":{"a":0,"k":100,"ix":7},"sk":{"a":0,"k":0,"ix":4},"sa":{"a":0,"k":0,"ix":5},"nm":"Transform"}],"nm":"Group 4","np":2,"cix":2,"bm":0,"ix":2,"mn":"ADBE Vector Group","hd":false}],"ip":0,"op":80,"st":0,"bm":0},{"ddd":0,"ind":3,"ty":4,"nm":"Claw","parent":4,"sr":1,"ks":{"o":{"a":0,"k":100,"ix":11},"r":{"a":1,"k":[{"i":{"x":[0.833],"y":[0.833]},"o":{"x":[0.167],"y":[0.167]},"t":0,"s":[0]},{"i":{"x":[0.833],"y":[0.833]},"o":{"x":[0.167],"y":[0.167]},"t":10,"s":[8.516]},{"i":{"x":[0.833],"y":[0.833]},"o":{"x":[0.167],"y":[0.167]},"t":18,"s":[5.603]},{"i":{"x":[0.833],"y":[0.833]},"o":{"x":[0.167],"y":[0.167]},"t":28,"s":[0]},{"i":{"x":[0.833],"y":[0.833]},"o":{"x":[0.167],"y":[0.167]},"t":36,"s":[8.516]},{"i":{"x":[0.833],"y":[0.833]},"o":{"x":[0.167],"y":[0.167]},"t":46,"s":[5.603]},{"i":{"x":[0.833],"y":[0.833]},"o":{"x":[0.167],"y":[0.167]},"t":54,"s":[0]},{"i":{"x":[0.833],"y":[0.833]},"o":{"x":[0.167],"y":[0.167]},"t":64,"s":[8.516]},{"i":{"x":[0.833],"y":[0.833]},"o":{"x":[0.167],"y":[0.167]},"t":72,"s":[5.603]},{"t":80,"s":[0]}],"ix":10},"p":{"a":1,"k":[{"i":{"x":0.833,"y":0.833},"o":{"x":0.167,"y":0.167},"t":0,"s":[261.117,414.923,0],"to":[0,0,0],"ti":[0,0,0]},{"i":{"x":0.833,"y":0.833},"o":{"x":0.167,"y":0.167},"t":10,"s":[257.117,416.423,0],"to":[0,0,0],"ti":[0,0,0]},{"i":{"x":0.833,"y":0.833},"o":{"x":0.167,"y":0.167},"t":18,"s":[266.617,425.423,0],"to":[0,0,0],"ti":[0,0,0]},{"i":{"x":0.833,"y":0.833},"o":{"x":0.167,"y":0.167},"t":28,"s":[261.117,414.923,0],"to":[0,0,0],"ti":[0,0,0]},{"i":{"x":0.833,"y":0.833},"o":{"x":0.167,"y":0.167},"t":36,"s":[257.117,416.423,0],"to":[0,0,0],"ti":[0,0,0]},{"i":{"x":0.833,"y":0.833},"o":{"x":0.167,"y":0.167},"t":46,"s":[266.617,425.423,0],"to":[0,0,0],"ti":[0,0,0]},{"i":{"x":0.833,"y":0.833},"o":{"x":0.167,"y":0.167},"t":54,"s":[261.117,414.923,0],"to":[0,0,0],"ti":[0,0,0]},{"i":{"x":0.833,"y":0.833},"o":{"x":0.167,"y":0.167},"t":64,"s":[257.117,416.423,0],"to":[0,0,0],"ti":[0,0,0]},{"i":{"x":0.833,"y":0.833},"o":{"x":0.167,"y":0.167},"t":72,"s":[266.617,425.423,0],"to":[0,0,0],"ti":[0,0,0]},{"t":80,"s":[261.117,414.923,0]}],"ix":2,"l":2},"a":{"a":0,"k":[261.117,414.923,0],"ix":1,"l":2},"s":{"a":0,"k":[100,100,100],"ix":6,"l":2}},"ao":0,"shapes":[{"ty":"gr","it":[{"ind":0,"ty":"sh","ix":1,"ks":{"a":0,"k":{"i":[[-0.24,-4.48],[-9.36,-1.12],[-5.28,-10.88],[-5.2,-0.4],[1.12,3.04],[25.6,2.481]],"o":[[0.4,8.56],[9.36,1.12],[2.48,5.12],[9.76,0.72],[-3.36,-9.12],[-13.52,-1.439]],"v":[[-40.8,-15.2],[-7.76,-11.44],[18.72,5.2],[28.64,35.44],[39.92,-0.48],[-2.16,-34.721]],"c":true},"ix":2},"nm":"Path 1","mn":"ADBE Vector Shape - Group","hd":false},{"ty":"fl","c":{"a":0,"k":[0.957000014361,0.510000011968,0.118000000598,1],"ix":4},"o":{"a":0,"k":100,"ix":5},"r":1,"bm":0,"nm":"Fill 1","mn":"ADBE Vector Graphic - Fill","hd":false},{"ty":"tr","p":{"a":0,"k":[219.05,463.691],"ix":2},"a":{"a":0,"k":[0,0],"ix":1},"s":{"a":0,"k":[100,100],"ix":3},"r":{"a":0,"k":0,"ix":6},"o":{"a":0,"k":100,"ix":7},"sk":{"a":0,"k":0,"ix":4},"sa":{"a":0,"k":0,"ix":5},"nm":"Transform"}],"nm":"Group 1","np":2,"cix":2,"bm":0,"ix":1,"mn":"ADBE Vector Group","hd":false},{"ty":"gr","it":[{"ind":0,"ty":"sh","ix":1,"ks":{"a":0,"k":{"i":[[0,0],[-18.56,9.601],[-26.16,-21.12],[15.6,-6.48],[-0.4,10.88],[0,0]],"o":[[-6.16,-12],[22.96,-11.92],[35.12,28.319],[-21.68,9.04],[0.4,-10.88],[0,0]],"v":[[-60.28,2.799],[-34.76,-45.121],[31.32,-36.56],[23.24,48.639],[7.32,37.839],[-2.44,-0.801]],"c":true},"ix":2},"nm":"Path 1","mn":"ADBE Vector Shape - Group","hd":false},{"ty":"fl","c":{"a":0,"k":[1,0.725,0.011999999776,1],"ix":4},"o":{"a":0,"k":100,"ix":5},"r":1,"bm":0,"nm":"Fill 1","mn":"ADBE Vector Graphic - Fill","hd":false},{"ty":"tr","p":{"a":0,"k":[238.85,447.451],"ix":2},"a":{"a":0,"k":[0,0],"ix":1},"s":{"a":0,"k":[100,100],"ix":3},"r":{"a":0,"k":0,"ix":6},"o":{"a":0,"k":100,"ix":7},"sk":{"a":0,"k":0,"ix":4},"sa":{"a":0,"k":0,"ix":5},"nm":"Transform"}],"nm":"Group 3","np":2,"cix":2,"bm":0,"ix":2,"mn":"ADBE Vector Group","hd":false}],"ip":0,"op":80,"st":0,"bm":0},{"ddd":0,"ind":4,"ty":4,"nm":"Body ","parent":1,"sr":1,"ks":{"o":{"a":0,"k":100,"ix":11},"r":{"a":1,"k":[{"i":{"x":[0.833],"y":[0.833]},"o":{"x":[0.167],"y":[0.167]},"t":0,"s":[0]},{"i":{"x":[0.833],"y":[0.833]},"o":{"x":[0.167],"y":[0.167]},"t":18,"s":[0]},{"i":{"x":[0.833],"y":[0.833]},"o":{"x":[0.167],"y":[0.167]},"t":28,"s":[0]},{"i":{"x":[0.833],"y":[0.833]},"o":{"x":[0.167],"y":[0.167]},"t":36,"s":[0]},{"i":{"x":[0.833],"y":[0.833]},"o":{"x":[0.167],"y":[0.167]},"t":46,"s":[0]},{"i":{"x":[0.833],"y":[0.833]},"o":{"x":[0.167],"y":[0.167]},"t":54,"s":[0]},{"i":{"x":[0.833],"y":[0.833]},"o":{"x":[0.167],"y":[0.167]},"t":64,"s":[0]},{"i":{"x":[0.833],"y":[0.833]},"o":{"x":[0.167],"y":[0.167]},"t":72,"s":[0]},{"t":80,"s":[0]}],"ix":10},"p":{"a":1,"k":[{"i":{"x":0.833,"y":0.833},"o":{"x":0.167,"y":0.167},"t":0,"s":[-48.56,213.24,0],"to":[0,0,0],"ti":[0,0,0]},{"i":{"x":0.833,"y":0.833},"o":{"x":0.167,"y":0.167},"t":18,"s":[-48.56,213.24,0],"to":[0,0,0],"ti":[0,0,0]},{"i":{"x":0.833,"y":0.833},"o":{"x":0.167,"y":0.167},"t":28,"s":[-48.56,213.24,0],"to":[0,0,0],"ti":[0,0,0]},{"i":{"x":0.833,"y":0.833},"o":{"x":0.167,"y":0.167},"t":36,"s":[-40.06,207.24,0],"to":[0,0,0],"ti":[0,0,0]},{"i":{"x":0.833,"y":0.833},"o":{"x":0.167,"y":0.167},"t":46,"s":[-42.56,205.24,0],"to":[0,0,0],"ti":[0,0,0]},{"i":{"x":0.833,"y":0.833},"o":{"x":0.167,"y":0.167},"t":54,"s":[-48.56,213.24,0],"to":[0,0,0],"ti":[0,0,0]},{"i":{"x":0.833,"y":0.833},"o":{"x":0.167,"y":0.167},"t":64,"s":[-40.06,207.24,0],"to":[0,0,0],"ti":[0,0,0]},{"i":{"x":0.833,"y":0.833},"o":{"x":0.167,"y":0.167},"t":72,"s":[-38.56,203.24,0],"to":[0,0,0],"ti":[0,0,0]},{"t":80,"s":[-48.56,213.24,0]}],"ix":2,"l":2},"a":{"a":0,"k":[260.73,232.69,0],"ix":1,"l":2},"s":{"a":0,"k":[100,100,100],"ix":6,"l":2}},"ao":0,"shapes":[{"ty":"gr","it":[{"ty":"gr","it":[{"ind":0,"ty":"sh","ix":1,"ks":{"a":1,"k":[{"i":{"x":0.833,"y":0.833},"o":{"x":0.167,"y":0.167},"t":0,"s":[{"i":[[-1.44,-11.52],[-14.64,3.12],[3.92,11.84],[5.36,-3.36]],"o":[[0.64,5.28],[12.16,-2.56],[-3.2,-9.52],[-5.36,3.36]],"v":[[-19.56,7.04],[-0.12,19.68],[17.08,-11.28],[0.76,-19.44]],"c":true}]},{"i":{"x":0.833,"y":0.833},"o":{"x":0.167,"y":0.167},"t":10,"s":[{"i":[[-1.699,-11.485],[-14.553,3.503],[4.23,11.733],[5.27,-3.5]],"o":[[0.778,5.261],[12.089,-2.878],[-3.449,-9.433],[-5.27,3.5]],"v":[[-32.937,19.719],[-13.172,31.844],[3.209,0.443],[-13.319,-7.286]],"c":true}]},{"i":{"x":0.833,"y":0.833},"o":{"x":0.167,"y":0.167},"t":18,"s":[{"i":[[-2.082,-11.421],[-14.428,3.988],[4.619,11.585],[5.15,-3.674]],"o":[[0.954,5.232],[11.986,-3.281],[-3.762,-9.312],[-5.15,3.674]],"v":[[-34.684,19.404],[-14.524,30.862],[0.799,-1.068],[-15.979,-8.241]],"c":true}]},{"i":{"x":0.833,"y":0.833},"o":{"x":0.167,"y":0.167},"t":28,"s":[{"i":[[-1.44,-11.52],[-14.64,3.12],[3.92,11.84],[5.36,-3.36]],"o":[[0.64,5.28],[12.16,-2.56],[-3.2,-9.52],[-5.36,3.36]],"v":[[-19.56,7.04],[-0.12,19.68],[17.08,-11.28],[0.76,-19.44]],"c":true}]},{"i":{"x":0.833,"y":0.833},"o":{"x":0.167,"y":0.167},"t":36,"s":[{"i":[[-1.699,-11.485],[-14.553,3.503],[4.23,11.733],[5.27,-3.5]],"o":[[0.778,5.261],[12.089,-2.878],[-3.449,-9.433],[-5.27,3.5]],"v":[[-32.937,19.719],[-13.172,31.844],[3.209,0.443],[-13.319,-7.286]],"c":true}]},{"i":{"x":0.833,"y":0.833},"o":{"x":0.167,"y":0.167},"t":46,"s":[{"i":[[-2.082,-11.421],[-14.428,3.988],[4.619,11.585],[5.15,-3.674]],"o":[[0.954,5.232],[11.986,-3.281],[-3.762,-9.312],[-5.15,3.674]],"v":[[-34.684,19.404],[-14.524,30.862],[0.799,-1.068],[-15.979,-8.241]],"c":true}]},{"i":{"x":0.833,"y":0.833},"o":{"x":0.167,"y":0.167},"t":54,"s":[{"i":[[-1.44,-11.52],[-14.64,3.12],[3.92,11.84],[5.36,-3.36]],"o":[[0.64,5.28],[12.16,-2.56],[-3.2,-9.52],[-5.36,3.36]],"v":[[-19.56,7.04],[-0.12,19.68],[17.08,-11.28],[0.76,-19.44]],"c":true}]},{"i":{"x":0.833,"y":0.833},"o":{"x":0.167,"y":0.167},"t":64,"s":[{"i":[[-1.699,-11.485],[-14.553,3.503],[4.23,11.733],[5.27,-3.5]],"o":[[0.778,5.261],[12.089,-2.878],[-3.449,-9.433],[-5.27,3.5]],"v":[[-32.937,19.719],[-13.172,31.844],[3.209,0.443],[-13.319,-7.286]],"c":true}]},{"i":{"x":0.833,"y":0.833},"o":{"x":0.167,"y":0.167},"t":72,"s":[{"i":[[-2.082,-11.421],[-14.428,3.988],[4.619,11.585],[5.15,-3.674]],"o":[[0.954,5.232],[11.986,-3.281],[-3.762,-9.312],[-5.15,3.674]],"v":[[-34.684,19.404],[-14.524,30.862],[0.799,-1.068],[-15.979,-8.241]],"c":true}]},{"t":80,"s":[{"i":[[-1.44,-11.52],[-14.64,3.12],[3.92,11.84],[5.36,-3.36]],"o":[[0.64,5.28],[12.16,-2.56],[-3.2,-9.52],[-5.36,3.36]],"v":[[-19.56,7.04],[-0.12,19.68],[17.08,-11.28],[0.76,-19.44]],"c":true}]}],"ix":2},"nm":"Path 1","mn":"ADBE Vector Shape - Group","hd":false},{"ty":"fl","c":{"a":0,"k":[0.187999994615,0.184000007779,0.184000007779,1],"ix":4},"o":{"a":0,"k":100,"ix":5},"r":1,"bm":0,"nm":"Fill 1","mn":"ADBE Vector Graphic - Fill","hd":false},{"ty":"tr","p":{"a":0,"k":[126.21,85.85],"ix":2},"a":{"a":0,"k":[0,0],"ix":1},"s":{"a":0,"k":[100,100],"ix":3},"r":{"a":0,"k":0,"ix":6},"o":{"a":0,"k":100,"ix":7},"sk":{"a":0,"k":0,"ix":4},"sa":{"a":0,"k":0,"ix":5},"nm":"Transform"}],"nm":"Group 1","np":2,"cix":2,"bm":0,"ix":1,"mn":"ADBE Vector Group","hd":false},{"ty":"gr","it":[{"ind":0,"ty":"sh","ix":1,"ks":{"a":1,"k":[{"i":{"x":0.833,"y":0.833},"o":{"x":0.167,"y":0.167},"t":0,"s":[{"i":[[-1.12,8.24],[-17.2,16.88],[-7.04,0],[0,0],[10.16,-6.48],[16.16,-14.32],[0,0],[4.72,-5.92]],"o":[[1.12,-8.16],[14.64,-14.4],[0,0],[0,0],[-10.16,6.48],[-16.88,14.96],[0,0],[-4.24,5.04]],"v":[[-43.4,19],[-22.2,-22.84],[24.84,-57.16],[44.52,-57.16],[28.76,-39.16],[-10.36,-8.44],[-28.68,28.439],[-27.24,52.12]],"c":true}]},{"i":{"x":0.833,"y":0.833},"o":{"x":0.167,"y":0.167},"t":10,"s":[{"i":[[-0.914,8.265],[-16.731,17.345],[-7.038,0.185],[0,0],[9.986,-6.745],[15.777,-14.74],[0,0],[4.563,-6.042]],"o":[[0.905,-8.187],[14.257,-14.779],[0,0],[0,0],[-9.986,6.745],[-16.481,15.398],[0,0],[-4.106,5.15]],"v":[[-53.972,33.146],[-33.878,-9.236],[12.245,-44.78],[31.918,-45.296],[16.636,-26.889],[-21.664,4.848],[-39.009,42.195],[-36.947,65.83]],"c":true}]},{"i":{"x":0.833,"y":0.833},"o":{"x":0.167,"y":0.167},"t":18,"s":[{"i":[[-0.637,8.291],[-16.143,17.894],[-7.027,0.42],[0,0],[9.755,-7.074],[15.276,-15.259],[0,0],[4.359,-6.191]],"o":[[0.631,-8.212],[13.755,-15.247],[0,0],[0,0],[-9.755,7.074],[-15.958,15.94],[0,0],[-3.932,5.284]],"v":[[-52.095,34.591],[-33.428,-8.439],[11.481,-45.503],[31.126,-46.676],[16.468,-27.769],[-20.751,5.23],[-36.839,43.136],[-33.989,66.689]],"c":true}]},{"i":{"x":0.833,"y":0.833},"o":{"x":0.167,"y":0.167},"t":28,"s":[{"i":[[-1.12,8.24],[-17.2,16.88],[-7.04,0],[0,0],[10.16,-6.48],[16.16,-14.32],[0,0],[4.72,-5.92]],"o":[[1.12,-8.16],[14.64,-14.4],[0,0],[0,0],[-10.16,6.48],[-16.88,14.96],[0,0],[-4.24,5.04]],"v":[[-43.4,19],[-22.2,-22.84],[24.84,-57.16],[44.52,-57.16],[28.76,-39.16],[-10.36,-8.44],[-28.68,28.439],[-27.24,52.12]],"c":true}]},{"i":{"x":0.833,"y":0.833},"o":{"x":0.167,"y":0.167},"t":36,"s":[{"i":[[-0.914,8.265],[-16.731,17.345],[-7.038,0.185],[0,0],[9.986,-6.745],[15.777,-14.74],[0,0],[4.563,-6.042]],"o":[[0.905,-8.187],[14.257,-14.779],[0,0],[0,0],[-9.986,6.745],[-16.481,15.398],[0,0],[-4.106,5.15]],"v":[[-53.972,33.146],[-33.878,-9.236],[12.245,-44.78],[31.918,-45.296],[16.636,-26.889],[-21.664,4.848],[-39.009,42.195],[-36.947,65.83]],"c":true}]},{"i":{"x":0.833,"y":0.833},"o":{"x":0.167,"y":0.167},"t":46,"s":[{"i":[[-0.637,8.291],[-16.143,17.894],[-7.027,0.42],[0,0],[9.755,-7.074],[15.276,-15.259],[0,0],[4.359,-6.191]],"o":[[0.631,-8.212],[13.755,-15.247],[0,0],[0,0],[-9.755,7.074],[-15.958,15.94],[0,0],[-3.932,5.284]],"v":[[-52.095,34.591],[-33.428,-8.438],[11.481,-45.503],[31.126,-46.676],[16.468,-27.769],[-20.751,5.23],[-36.839,43.136],[-33.989,66.689]],"c":true}]},{"i":{"x":0.833,"y":0.833},"o":{"x":0.167,"y":0.167},"t":54,"s":[{"i":[[-1.12,8.24],[-17.2,16.88],[-7.04,0],[0,0],[10.16,-6.48],[16.16,-14.32],[0,0],[4.72,-5.92]],"o":[[1.12,-8.16],[14.64,-14.4],[0,0],[0,0],[-10.16,6.48],[-16.88,14.96],[0,0],[-4.24,5.04]],"v":[[-43.4,19],[-22.2,-22.84],[24.84,-57.16],[44.52,-57.16],[28.76,-39.16],[-10.36,-8.44],[-28.68,28.439],[-27.24,52.12]],"c":true}]},{"i":{"x":0.833,"y":0.833},"o":{"x":0.167,"y":0.167},"t":64,"s":[{"i":[[-0.914,8.265],[-16.731,17.345],[-7.038,0.185],[0,0],[9.986,-6.745],[15.777,-14.74],[0,0],[4.563,-6.042]],"o":[[0.905,-8.187],[14.257,-14.779],[0,0],[0,0],[-9.986,6.745],[-16.481,15.398],[0,0],[-4.106,5.15]],"v":[[-53.972,33.146],[-33.878,-9.236],[12.245,-44.78],[31.918,-45.296],[16.636,-26.889],[-21.664,4.848],[-39.009,42.195],[-36.947,65.83]],"c":true}]},{"i":{"x":0.833,"y":0.833},"o":{"x":0.167,"y":0.167},"t":72,"s":[{"i":[[-0.637,8.291],[-16.143,17.894],[-7.027,0.42],[0,0],[9.755,-7.074],[15.276,-15.259],[0,0],[4.359,-6.191]],"o":[[0.631,-8.212],[13.755,-15.247],[0,0],[0,0],[-9.755,7.074],[-15.958,15.94],[0,0],[-3.932,5.284]],"v":[[-52.095,34.591],[-33.428,-8.438],[11.481,-45.503],[31.126,-46.676],[16.468,-27.769],[-20.751,5.23],[-36.839,43.136],[-33.989,66.689]],"c":true}]},{"t":80,"s":[{"i":[[-1.12,8.24],[-17.2,16.88],[-7.04,0],[0,0],[10.16,-6.48],[16.16,-14.32],[0,0],[4.72,-5.92]],"o":[[1.12,-8.16],[14.64,-14.4],[0,0],[0,0],[-10.16,6.48],[-16.88,14.96],[0,0],[-4.24,5.04]],"v":[[-43.4,19],[-22.2,-22.84],[24.84,-57.16],[44.52,-57.16],[28.76,-39.16],[-10.36,-8.44],[-28.68,28.439],[-27.24,52.12]],"c":true}]}],"ix":2},"nm":"Path 1","mn":"ADBE Vector Shape - Group","hd":false},{"ty":"fl","c":{"a":0,"k":[1,0.556999954523,0.004000000393,1],"ix":4},"o":{"a":0,"k":100,"ix":5},"r":1,"bm":0,"nm":"Fill 1","mn":"ADBE Vector Graphic - Fill","hd":false},{"ty":"tr","p":{"a":0,"k":[92.77,179.97],"ix":2},"a":{"a":0,"k":[0,0],"ix":1},"s":{"a":0,"k":[100,100],"ix":3},"r":{"a":0,"k":0,"ix":6},"o":{"a":0,"k":100,"ix":7},"sk":{"a":0,"k":0,"ix":4},"sa":{"a":0,"k":0,"ix":5},"nm":"Transform"}],"nm":"Group 2","np":2,"cix":2,"bm":0,"ix":2,"mn":"ADBE Vector Group","hd":false},{"ty":"gr","it":[{"ind":0,"ty":"sh","ix":1,"ks":{"a":1,"k":[{"i":{"x":0.833,"y":0.833},"o":{"x":0.167,"y":0.167},"t":0,"s":[{"i":[[0,0],[-21.92,16.32],[-0.88,7.6],[14.08,1.12],[9.04,7.28],[0,0],[4.08,-27.359],[-20.32,-14.64],[-5.28,2.8]],"o":[[3.36,-8.48],[22,-16.32],[0.88,-7.04],[-14.08,-1.12],[-8.08,-6.56],[0,0],[-4.48,30.4],[20.32,14.64],[6.48,-3.36]],"v":[[-12,41.08],[17.28,7],[74.72,-41.16],[14.64,-44.76],[-24.4,-55.24],[-32.64,-68.04],[-71.12,-17],[-45.2,49.48],[-11.12,65.24]],"c":true}]},{"i":{"x":0.833,"y":0.833},"o":{"x":0.167,"y":0.167},"t":10,"s":[{"i":[[0,0],[-21.484,16.89],[-0.68,7.62],[14.105,0.75],[9.228,7.04],[0,0],[3.36,-27.457],[-20.697,-14.101],[-5.205,2.938]],"o":[[3.136,-8.565],[21.564,-16.892],[0.695,-7.061],[-14.105,-0.75],[-8.249,-6.346],[0,0],[-3.68,30.507],[20.697,14.101],[6.39,-3.529]],"v":[[-22.316,54.842],[6.059,20.005],[62.214,-29.646],[2.061,-31.668],[-37.241,-41.119],[-45.814,-53.698],[-82.941,-1.665],[-55.284,64.111],[-20.802,78.971]],"c":true}]},{"i":{"x":0.833,"y":0.833},"o":{"x":0.167,"y":0.167},"t":18,"s":[{"i":[[0,0],[-20.908,17.598],[-0.425,7.639],[14.122,0.278],[9.458,6.728],[0,0],[2.441,-27.554],[-21.157,-13.402],[-5.104,3.11]],"o":[[2.848,-8.665],[20.988,-17.603],[0.459,-7.08],[-14.122,-0.278],[-8.457,-6.066],[0,0],[-2.659,30.613],[21.157,13.402],[6.268,-3.74]],"v":[[-20.129,55.79],[7.066,20.025],[61.532,-31.475],[1.344,-31.486],[-38.252,-39.619],[-47.24,-51.905],[-82.608,1.339],[-52.769,66.155],[-17.81,79.855]],"c":true}]},{"i":{"x":0.833,"y":0.833},"o":{"x":0.167,"y":0.167},"t":28,"s":[{"i":[[0,0],[-21.92,16.32],[-0.88,7.6],[14.08,1.12],[9.04,7.28],[0,0],[4.08,-27.359],[-20.32,-14.64],[-5.28,2.8]],"o":[[3.36,-8.48],[22,-16.32],[0.88,-7.04],[-14.08,-1.12],[-8.08,-6.56],[0,0],[-4.48,30.4],[20.32,14.64],[6.48,-3.36]],"v":[[-12,41.08],[17.28,7],[74.72,-41.16],[14.64,-44.76],[-24.4,-55.24],[-32.64,-68.04],[-71.12,-17],[-45.2,49.48],[-11.12,65.24]],"c":true}]},{"i":{"x":0.833,"y":0.833},"o":{"x":0.167,"y":0.167},"t":36,"s":[{"i":[[0,0],[-21.484,16.89],[-0.68,7.62],[14.105,0.75],[9.228,7.04],[0,0],[3.36,-27.457],[-20.697,-14.101],[-5.205,2.938]],"o":[[3.136,-8.565],[21.564,-16.892],[0.695,-7.061],[-14.105,-0.75],[-8.249,-6.346],[0,0],[-3.68,30.507],[20.697,14.101],[6.39,-3.529]],"v":[[-22.316,54.842],[6.059,20.005],[62.214,-29.646],[2.061,-31.668],[-37.241,-41.119],[-45.814,-53.698],[-82.941,-1.665],[-55.284,64.111],[-20.802,78.971]],"c":true}]},{"i":{"x":0.833,"y":0.833},"o":{"x":0.167,"y":0.167},"t":46,"s":[{"i":[[0,0],[-20.908,17.598],[-0.425,7.639],[14.122,0.278],[9.458,6.728],[0,0],[2.441,-27.554],[-21.157,-13.402],[-5.104,3.11]],"o":[[2.848,-8.665],[20.988,-17.603],[0.459,-7.08],[-14.122,-0.278],[-8.457,-6.066],[0,0],[-2.659,30.613],[21.157,13.402],[6.268,-3.74]],"v":[[-20.129,55.79],[7.066,20.025],[61.532,-31.475],[1.344,-31.486],[-38.252,-39.619],[-47.24,-51.905],[-82.608,1.339],[-52.769,66.155],[-17.81,79.855]],"c":true}]},{"i":{"x":0.833,"y":0.833},"o":{"x":0.167,"y":0.167},"t":54,"s":[{"i":[[0,0],[-21.92,16.32],[-0.88,7.6],[14.08,1.12],[9.04,7.28],[0,0],[4.08,-27.359],[-20.32,-14.64],[-5.28,2.8]],"o":[[3.36,-8.48],[22,-16.32],[0.88,-7.04],[-14.08,-1.12],[-8.08,-6.56],[0,0],[-4.48,30.4],[20.32,14.64],[6.48,-3.36]],"v":[[-12,41.08],[17.28,7],[74.72,-41.16],[14.64,-44.76],[-24.4,-55.24],[-32.64,-68.04],[-71.12,-17],[-45.2,49.48],[-11.12,65.24]],"c":true}]},{"i":{"x":0.833,"y":0.833},"o":{"x":0.167,"y":0.167},"t":64,"s":[{"i":[[0,0],[-21.484,16.89],[-0.68,7.62],[14.105,0.75],[9.228,7.04],[0,0],[3.36,-27.457],[-20.697,-14.101],[-5.205,2.938]],"o":[[3.136,-8.565],[21.564,-16.892],[0.695,-7.061],[-14.105,-0.75],[-8.249,-6.346],[0,0],[-3.68,30.507],[20.697,14.101],[6.39,-3.529]],"v":[[-22.316,54.842],[6.059,20.005],[62.214,-29.646],[2.061,-31.668],[-37.241,-41.119],[-45.814,-53.698],[-82.941,-1.665],[-55.284,64.111],[-20.802,78.971]],"c":true}]},{"i":{"x":0.833,"y":0.833},"o":{"x":0.167,"y":0.167},"t":72,"s":[{"i":[[0,0],[-20.908,17.598],[-0.425,7.639],[14.122,0.278],[9.458,6.728],[0,0],[2.441,-27.554],[-21.157,-13.402],[-5.104,3.11]],"o":[[2.848,-8.665],[20.988,-17.603],[0.459,-7.08],[-14.122,-0.278],[-8.457,-6.066],[0,0],[-2.659,30.613],[21.157,13.402],[6.268,-3.74]],"v":[[-20.129,55.79],[7.066,20.025],[61.532,-31.475],[1.344,-31.486],[-38.252,-39.619],[-47.24,-51.905],[-82.608,1.339],[-52.769,66.155],[-17.81,79.855]],"c":true}]},{"t":80,"s":[{"i":[[0,0],[-21.92,16.32],[-0.88,7.6],[14.08,1.12],[9.04,7.28],[0,0],[4.08,-27.359],[-20.32,-14.64],[-5.28,2.8]],"o":[[3.36,-8.48],[22,-16.32],[0.88,-7.04],[-14.08,-1.12],[-8.08,-6.56],[0,0],[-4.48,30.4],[20.32,14.64],[6.48,-3.36]],"v":[[-12,41.08],[17.28,7],[74.72,-41.16],[14.64,-44.76],[-24.4,-55.24],[-32.64,-68.04],[-71.12,-17],[-45.2,49.48],[-11.12,65.24]],"c":true}]}],"ix":2},"nm":"Path 1","mn":"ADBE Vector Shape - Group","hd":false},{"ty":"fl","c":{"a":0,"k":[1,0.725,0.011999999776,1],"ix":4},"o":{"a":0,"k":100,"ix":5},"r":1,"bm":0,"nm":"Fill 1","mn":"ADBE Vector Graphic - Fill","hd":false},{"ty":"tr","p":{"a":0,"k":[75.85,167.81],"ix":2},"a":{"a":0,"k":[0,0],"ix":1},"s":{"a":0,"k":[100,100],"ix":3},"r":{"a":0,"k":0,"ix":6},"o":{"a":0,"k":100,"ix":7},"sk":{"a":0,"k":0,"ix":4},"sa":{"a":0,"k":0,"ix":5},"nm":"Transform"}],"nm":"Group 3","np":2,"cix":2,"bm":0,"ix":3,"mn":"ADBE Vector Group","hd":false},{"ty":"gr","it":[{"ind":0,"ty":"sh","ix":1,"ks":{"a":1,"k":[{"i":{"x":0.833,"y":0.833},"o":{"x":0.167,"y":0.167},"t":0,"s":[{"i":[[12.32,-12.4],[-57.44,-49.52],[-15.2,-20.8],[-9.6,-10.16],[-7.92,2.24],[-4,3.44],[-6.8,4.48],[-3.44,2.88],[-5.2,4.48],[2.8,6.16],[35.04,23.76],[29.28,3.92]],"o":[[-16.4,16.4],[57.44,49.52],[15.28,20.96],[9.6,10.16],[7.92,-2.24],[4,-3.44],[7.12,-4.8],[3.36,-2.799],[7.36,-6.16],[-1.52,-3.28],[-31.2,-21.12],[-27.04,-3.6]],"v":[[-96.36,-133.04],[-98.6,-22.88],[-24.28,76.96],[12.92,128.24],[55.16,156.96],[50.68,91.6],[105.32,114.16],[100.84,48.8],[148.68,68.48],[123.32,-63.28],[45.64,-120.72],[-27.56,-155.6]],"c":true}]},{"i":{"x":0.833,"y":0.833},"o":{"x":0.167,"y":0.167},"t":10,"s":[{"i":[[11.99,-12.719],[-58.721,-47.995],[-17.431,-18.969],[-10.687,-9.01],[-7.616,3.12],[-3.586,3.87],[-6.25,5.22],[-3.101,3.243],[-4.661,5.039],[3.478,5.804],[35.67,22.803],[29.375,3.128]],"o":[[-15.964,16.825],[58.721,47.995],[17.55,19.099],[10.687,9.01],[7.616,-3.12],[3.586,-3.87],[6.532,-5.574],[3.022,-3.161],[6.617,-6.952],[-1.881,-3.087],[-31.744,-20.293],[-27.125,-2.889]],"v":[[-111.471,-119.423],[-110.817,-9.242],[-23.559,90.501],[15.441,138.482],[60.655,162.246],[48.819,97.811],[105.658,114.052],[93.822,49.617],[143.58,63.766],[113.255,-66.49],[34.304,-111.336],[-43.287,-143.781]],"c":true}]},{"i":{"x":0.833,"y":0.833},"o":{"x":0.167,"y":0.167},"t":18,"s":[{"i":[[11.559,-13.113],[-60.291,-46.006],[-16.391,-19.875],[-9.6,-10.16],[-7.92,2.24],[-4,3.44],[-6.8,4.48],[-3.44,2.88],[-5.2,4.48],[2.8,6.16],[36.412,21.599],[29.463,2.145]],"o":[[-15.393,17.349],[60.291,46.006],[16.503,20.011],[9.6,10.16],[7.92,-2.24],[4,-3.44],[7.12,-4.8],[3.36,-2.799],[7.36,-6.16],[-1.52,-3.28],[-32.404,-19.222],[-27.207,-1.981]],"v":[[-115.386,-118.477],[-111.053,-8.38],[-23.911,82.85],[12.92,128.24],[55.16,156.96],[50.68,91.6],[105.32,114.16],[100.84,48.8],[148.68,68.48],[121.82,-64.28],[27.096,-114.648],[-48.054,-145.1]],"c":true}]},{"i":{"x":0.833,"y":0.833},"o":{"x":0.167,"y":0.167},"t":28,"s":[{"i":[[12.32,-12.4],[-57.44,-49.52],[-15.2,-20.8],[-9.6,-10.16],[-7.92,2.24],[-4,3.44],[-6.8,4.48],[-3.44,2.88],[-5.2,4.48],[2.8,6.16],[35.04,23.76],[29.28,3.92]],"o":[[-16.4,16.4],[57.44,49.52],[15.28,20.96],[9.6,10.16],[7.92,-2.24],[4,-3.44],[7.12,-4.8],[3.36,-2.799],[7.36,-6.16],[-1.52,-3.28],[-31.2,-21.12],[-27.04,-3.6]],"v":[[-96.36,-133.04],[-98.6,-22.88],[-24.28,76.96],[12.92,128.24],[55.16,156.96],[50.68,91.6],[105.32,114.16],[100.84,48.8],[148.68,68.48],[123.32,-63.28],[45.64,-120.72],[-27.56,-155.6]],"c":true}]},{"i":{"x":0.833,"y":0.833},"o":{"x":0.167,"y":0.167},"t":36,"s":[{"i":[[11.99,-12.719],[-58.721,-47.995],[-17.431,-18.969],[-10.687,-9.01],[-7.616,3.12],[-3.586,3.87],[-6.25,5.22],[-3.101,3.243],[-4.661,5.039],[3.478,5.804],[35.67,22.803],[29.375,3.128]],"o":[[-15.964,16.825],[58.721,47.995],[17.55,19.099],[10.687,9.01],[7.616,-3.12],[3.586,-3.87],[6.532,-5.574],[3.022,-3.161],[6.617,-6.952],[-1.881,-3.087],[-31.744,-20.293],[-27.125,-2.889]],"v":[[-111.471,-119.423],[-110.817,-9.242],[-23.559,90.501],[15.441,138.482],[60.655,162.246],[48.819,97.811],[105.658,114.052],[93.822,49.617],[143.58,63.766],[113.255,-66.49],[34.304,-111.336],[-43.287,-143.781]],"c":true}]},{"i":{"x":0.833,"y":0.833},"o":{"x":0.167,"y":0.167},"t":46,"s":[{"i":[[11.559,-13.113],[-60.291,-46.006],[-16.391,-19.875],[-9.6,-10.16],[-7.92,2.24],[-4,3.44],[-6.8,4.48],[-3.44,2.88],[-5.2,4.48],[2.8,6.16],[36.412,21.599],[29.463,2.145]],"o":[[-15.393,17.349],[60.291,46.006],[16.503,20.011],[9.6,10.16],[7.92,-2.24],[4,-3.44],[7.12,-4.8],[3.36,-2.799],[7.36,-6.16],[-1.52,-3.28],[-32.404,-19.222],[-27.207,-1.981]],"v":[[-115.386,-118.477],[-111.053,-8.38],[-23.911,82.85],[12.92,128.24],[55.16,156.96],[50.68,91.6],[105.32,114.16],[100.84,48.8],[148.68,68.48],[121.82,-64.28],[27.096,-114.648],[-48.054,-145.1]],"c":true}]},{"i":{"x":0.833,"y":0.833},"o":{"x":0.167,"y":0.167},"t":54,"s":[{"i":[[12.32,-12.4],[-57.44,-49.52],[-15.2,-20.8],[-9.6,-10.16],[-7.92,2.24],[-4,3.44],[-6.8,4.48],[-3.44,2.88],[-5.2,4.48],[2.8,6.16],[35.04,23.76],[29.28,3.92]],"o":[[-16.4,16.4],[57.44,49.52],[15.28,20.96],[9.6,10.16],[7.92,-2.24],[4,-3.44],[7.12,-4.8],[3.36,-2.799],[7.36,-6.16],[-1.52,-3.28],[-31.2,-21.12],[-27.04,-3.6]],"v":[[-96.36,-133.04],[-98.6,-22.88],[-24.28,76.96],[12.92,128.24],[55.16,156.96],[50.68,91.6],[105.32,114.16],[100.84,48.8],[148.68,68.48],[123.32,-63.28],[45.64,-120.72],[-27.56,-155.6]],"c":true}]},{"i":{"x":0.833,"y":0.833},"o":{"x":0.167,"y":0.167},"t":64,"s":[{"i":[[11.99,-12.719],[-58.721,-47.995],[-17.431,-18.969],[-10.687,-9.01],[-7.616,3.12],[-3.586,3.87],[-6.25,5.22],[-3.101,3.243],[-4.661,5.039],[3.478,5.804],[35.67,22.803],[29.375,3.128]],"o":[[-15.964,16.825],[58.721,47.995],[17.55,19.099],[10.687,9.01],[7.616,-3.12],[3.586,-3.87],[6.532,-5.574],[3.022,-3.161],[6.617,-6.952],[-1.881,-3.087],[-31.744,-20.293],[-27.125,-2.889]],"v":[[-111.471,-119.423],[-110.817,-9.242],[-23.559,90.501],[15.441,138.482],[60.655,162.246],[48.819,97.811],[105.658,114.052],[93.822,49.617],[143.58,63.766],[113.255,-66.49],[34.304,-111.336],[-43.287,-143.781]],"c":true}]},{"i":{"x":0.833,"y":0.833},"o":{"x":0.167,"y":0.167},"t":72,"s":[{"i":[[11.559,-13.113],[-60.291,-46.006],[-16.391,-19.875],[-9.6,-10.16],[-7.92,2.24],[-4,3.44],[-6.8,4.48],[-3.44,2.88],[-5.2,4.48],[2.8,6.16],[36.412,21.599],[29.463,2.145]],"o":[[-15.393,17.349],[60.291,46.006],[16.503,20.011],[9.6,10.16],[7.92,-2.24],[4,-3.44],[7.12,-4.8],[3.36,-2.799],[7.36,-6.16],[-1.52,-3.28],[-32.404,-19.222],[-27.207,-1.981]],"v":[[-115.386,-118.477],[-111.053,-8.38],[-23.911,82.85],[12.92,128.24],[55.16,156.96],[50.68,91.6],[105.32,114.16],[100.84,48.8],[148.68,68.48],[121.82,-64.28],[27.096,-114.648],[-48.054,-145.1]],"c":true}]},{"t":80,"s":[{"i":[[12.32,-12.4],[-57.44,-49.52],[-15.2,-20.8],[-9.6,-10.16],[-7.92,2.24],[-4,3.44],[-6.8,4.48],[-3.44,2.88],[-5.2,4.48],[2.8,6.16],[35.04,23.76],[29.28,3.92]],"o":[[-16.4,16.4],[57.44,49.52],[15.28,20.96],[9.6,10.16],[7.92,-2.24],[4,-3.44],[7.12,-4.8],[3.36,-2.799],[7.36,-6.16],[-1.52,-3.28],[-31.2,-21.12],[-27.04,-3.6]],"v":[[-96.36,-133.04],[-98.6,-22.88],[-24.28,76.96],[12.92,128.24],[55.16,156.96],[50.68,91.6],[105.32,114.16],[100.84,48.8],[148.68,68.48],[123.32,-63.28],[45.64,-120.72],[-27.56,-155.6]],"c":true}]}],"ix":2},"nm":"Path 1","mn":"ADBE Vector Shape - Group","hd":false},{"ty":"fl","c":{"a":0,"k":[1,0.917999985639,0.783999992819,1],"ix":4},"o":{"a":0,"k":100,"ix":5},"r":1,"bm":0,"nm":"Fill 1","mn":"ADBE Vector Graphic - Fill","hd":false},{"ty":"tr","p":{"a":0,"k":[168.13,159.45],"ix":2},"a":{"a":0,"k":[0,0],"ix":1},"s":{"a":0,"k":[100,100],"ix":3},"r":{"a":0,"k":0,"ix":6},"o":{"a":0,"k":100,"ix":7},"sk":{"a":0,"k":0,"ix":4},"sa":{"a":0,"k":0,"ix":5},"nm":"Transform"}],"nm":"Group 4","np":2,"cix":2,"bm":0,"ix":4,"mn":"ADBE Vector Group","hd":false},{"ty":"tr","p":{"a":0,"k":[83.576,64.422],"ix":2},"a":{"a":0,"k":[160.826,159.922],"ix":1},"s":{"a":0,"k":[100,100],"ix":3},"r":{"a":0,"k":0,"ix":6},"o":{"a":0,"k":100,"ix":7},"sk":{"a":0,"k":0,"ix":4},"sa":{"a":0,"k":0,"ix":5},"nm":"Transform"}],"nm":"Group Head","np":4,"cix":2,"bm":0,"ix":1,"mn":"ADBE Vector Group","hd":false},{"ty":"gr","it":[{"ty":"gr","it":[{"ind":0,"ty":"sh","ix":1,"ks":{"a":1,"k":[{"i":{"x":0.833,"y":0.833},"o":{"x":0.167,"y":0.167},"t":0,"s":[{"i":[[0,0],[10.56,-38.319],[22.56,-26.321],[25.12,18],[-6.72,24.8],[0,0],[23.84,-20.641],[32.72,39.84],[-15.04,19.519],[0,0],[0,0],[0,0]],"o":[[0,0],[-10.48,38.321],[-15.92,18.639],[-28,-20.081],[6.72,-24.801],[0,0],[-25.12,21.76],[-36.64,-44.561],[15.04,-19.521],[0,0],[0,0],[0,0]],"v":[[130.96,-12.44],[152.72,70.919],[100.88,186.2],[34.8,203.08],[15.28,117.48],[18.32,76.2],[-45.52,138.52],[-126.64,156.52],[-108.96,66.44],[-88.32,38.679],[-142.4,-75.48],[-19.2,-221.08]],"c":true}]},{"i":{"x":0.833,"y":0.833},"o":{"x":0.167,"y":0.167},"t":10,"s":[{"i":[[0,0],[10.56,-38.319],[22.56,-26.321],[25.12,18],[-6.72,24.8],[0,0],[32.38,-25.4],[26.5,36.6],[-15.04,19.519],[0,0],[0,0],[0,0]],"o":[[0,0],[-10.48,38.321],[-15.92,18.639],[-28,-20.081],[6.72,-24.801],[0,0],[-26.149,20.512],[-33.833,-46.728],[15.04,-19.521],[0,0],[0,0],[0,0]],"v":[[127.96,-13.94],[150.22,72.419],[100.88,186.2],[31.3,200.08],[12.78,119.48],[18.32,76.2],[-49.02,134.52],[-124.64,140.02],[-108.96,66.44],[-90.82,39.679],[-150.9,-71.98],[-19.2,-221.08]],"c":true}]},{"i":{"x":0.833,"y":0.833},"o":{"x":0.167,"y":0.167},"t":18,"s":[{"i":[[0,0],[10.56,-38.319],[22.56,-26.321],[25.12,18],[-6.72,24.8],[0,0],[27.38,-32.9],[34.45,38.354],[-12.922,20.981],[0,0],[0,0],[0,0]],"o":[[0,0],[-10.48,38.321],[-15.92,18.639],[-28,-20.081],[6.72,-24.801],[0,0],[-21.259,25.545],[-30,-33.4],[8.82,-14.32],[0,0],[0,0],[0,0]],"v":[[130.96,-12.44],[152.72,70.919],[96.38,187.7],[29.8,205.08],[6.28,125.98],[15.32,78.2],[-45.52,133.52],[-124.14,152.52],[-112.46,68.44],[-91.32,38.179],[-143.4,-74.48],[-19.2,-221.08]],"c":true}]},{"i":{"x":0.833,"y":0.833},"o":{"x":0.167,"y":0.167},"t":28,"s":[{"i":[[0,0],[10.56,-38.319],[22.56,-26.321],[25.12,18],[-6.72,24.8],[0,0],[23.84,-20.641],[32.72,39.84],[-15.04,19.519],[0,0],[0,0],[0,0]],"o":[[0,0],[-10.48,38.321],[-15.92,18.639],[-28,-20.081],[6.72,-24.801],[0,0],[-25.12,21.76],[-36.64,-44.561],[15.04,-19.521],[0,0],[0,0],[0,0]],"v":[[130.96,-12.44],[152.72,70.919],[100.88,186.2],[34.8,203.08],[15.28,117.48],[18.32,76.2],[-45.52,138.52],[-126.64,156.52],[-108.96,66.44],[-88.32,38.679],[-142.4,-75.48],[-19.2,-221.08]],"c":true}]},{"i":{"x":0.833,"y":0.833},"o":{"x":0.167,"y":0.167},"t":36,"s":[{"i":[[0,0],[10.56,-38.319],[22.56,-26.321],[25.12,18],[-6.72,24.8],[0,0],[32.38,-25.4],[26.5,36.6],[-15.04,19.519],[0,0],[0,0],[0,0]],"o":[[0,0],[-10.48,38.321],[-15.92,18.639],[-28,-20.081],[6.72,-24.801],[0,0],[-26.149,20.512],[-33.833,-46.728],[15.04,-19.521],[0,0],[0,0],[0,0]],"v":[[127.96,-13.94],[150.22,72.419],[100.88,186.2],[31.3,200.08],[12.78,119.48],[18.32,76.2],[-49.02,134.52],[-124.64,140.02],[-108.96,66.44],[-90.82,39.679],[-150.9,-71.98],[-19.2,-221.08]],"c":true}]},{"i":{"x":0.833,"y":0.833},"o":{"x":0.167,"y":0.167},"t":46,"s":[{"i":[[0,0],[10.56,-38.319],[22.56,-26.321],[25.12,18],[-6.72,24.8],[0,0],[27.38,-32.9],[34.45,38.354],[-12.922,20.981],[0,0],[0,0],[0,0]],"o":[[0,0],[-10.48,38.321],[-15.92,18.639],[-28,-20.081],[6.72,-24.801],[0,0],[-21.259,25.545],[-30,-33.4],[8.82,-14.32],[0,0],[0,0],[0,0]],"v":[[130.96,-12.44],[152.72,70.919],[96.38,187.7],[29.8,205.08],[6.28,125.98],[15.32,78.2],[-45.52,133.52],[-124.14,152.52],[-112.46,68.44],[-91.32,38.179],[-143.4,-74.48],[-19.2,-221.08]],"c":true}]},{"i":{"x":0.833,"y":0.833},"o":{"x":0.167,"y":0.167},"t":54,"s":[{"i":[[0,0],[10.56,-38.319],[22.56,-26.321],[25.12,18],[-6.72,24.8],[0,0],[23.84,-20.641],[32.72,39.84],[-15.04,19.519],[0,0],[0,0],[0,0]],"o":[[0,0],[-10.48,38.321],[-15.92,18.639],[-28,-20.081],[6.72,-24.801],[0,0],[-25.12,21.76],[-36.64,-44.561],[15.04,-19.521],[0,0],[0,0],[0,0]],"v":[[130.96,-12.44],[152.72,70.919],[100.88,186.2],[34.8,203.08],[15.28,117.48],[18.32,76.2],[-45.52,138.52],[-126.64,156.52],[-108.96,66.44],[-88.32,38.679],[-142.4,-75.48],[-19.2,-221.08]],"c":true}]},{"i":{"x":0.833,"y":0.833},"o":{"x":0.167,"y":0.167},"t":64,"s":[{"i":[[0,0],[10.56,-38.319],[22.56,-26.321],[25.12,18],[-6.72,24.8],[0,0],[32.38,-25.4],[26.5,36.6],[-15.04,19.519],[0,0],[0,0],[0,0]],"o":[[0,0],[-10.48,38.321],[-15.92,18.639],[-28,-20.081],[6.72,-24.801],[0,0],[-26.149,20.512],[-33.833,-46.728],[15.04,-19.521],[0,0],[0,0],[0,0]],"v":[[127.96,-13.94],[150.22,72.419],[100.88,186.2],[31.3,200.08],[12.78,119.48],[18.32,76.2],[-49.02,134.52],[-124.64,140.02],[-108.96,66.44],[-90.82,39.679],[-150.9,-71.98],[-19.2,-221.08]],"c":true}]},{"i":{"x":0.833,"y":0.833},"o":{"x":0.167,"y":0.167},"t":72,"s":[{"i":[[0,0],[10.56,-38.319],[22.56,-26.321],[25.12,18],[-6.72,24.8],[0,0],[27.38,-32.9],[34.45,38.354],[-12.922,20.981],[0,0],[0,0],[0,0]],"o":[[0,0],[-10.48,38.321],[-15.92,18.639],[-28,-20.081],[6.72,-24.801],[0,0],[-21.259,25.545],[-30,-33.4],[8.82,-14.32],[0,0],[0,0],[0,0]],"v":[[130.96,-12.44],[152.72,70.919],[96.38,187.7],[29.8,205.08],[6.28,125.98],[15.32,78.2],[-45.52,133.52],[-124.14,152.52],[-112.46,68.44],[-91.32,38.179],[-143.4,-74.48],[-19.2,-221.08]],"c":true}]},{"t":80,"s":[{"i":[[0,0],[10.56,-38.319],[22.56,-26.321],[25.12,18],[-6.72,24.8],[0,0],[23.84,-20.641],[32.72,39.84],[-15.04,19.519],[0,0],[0,0],[0,0]],"o":[[0,0],[-10.48,38.321],[-15.92,18.639],[-28,-20.081],[6.72,-24.801],[0,0],[-25.12,21.76],[-36.64,-44.561],[15.04,-19.521],[0,0],[0,0],[0,0]],"v":[[130.96,-12.44],[152.72,70.919],[100.88,186.2],[34.8,203.08],[15.28,117.48],[18.32,76.2],[-45.52,138.52],[-126.64,156.52],[-108.96,66.44],[-88.32,38.679],[-142.4,-75.48],[-19.2,-221.08]],"c":true}]}],"ix":2},"nm":"Path 1","mn":"ADBE Vector Shape - Group","hd":false},{"ty":"fl","c":{"a":0,"k":[0.438999998803,0.325,0.298000021542,1],"ix":4},"o":{"a":0,"k":100,"ix":5},"r":1,"bm":0,"nm":"Fill 1","mn":"ADBE Vector Graphic - Fill","hd":false},{"ty":"tr","p":{"a":0,"k":[225.93,221.331],"ix":2},"a":{"a":0,"k":[0,0],"ix":1},"s":{"a":0,"k":[100,100],"ix":3},"r":{"a":0,"k":0,"ix":6},"o":{"a":0,"k":100,"ix":7},"sk":{"a":0,"k":0,"ix":4},"sa":{"a":0,"k":0,"ix":5},"nm":"Transform"}],"nm":"Group 5","np":2,"cix":2,"bm":0,"ix":1,"mn":"ADBE Vector Group","hd":false},{"ty":"tr","p":{"a":0,"k":[192.286,250.028],"ix":2},"a":{"a":0,"k":[192.286,250.028],"ix":1},"s":{"a":0,"k":[100,100],"ix":3},"r":{"a":0,"k":0,"ix":6},"o":{"a":0,"k":100,"ix":7},"sk":{"a":0,"k":0,"ix":4},"sa":{"a":0,"k":0,"ix":5},"nm":"Transform"}],"nm":"Group Body","np":1,"cix":2,"bm":0,"ix":2,"mn":"ADBE Vector Group","hd":false}],"ip":0,"op":80,"st":0,"bm":0},{"ddd":0,"ind":5,"ty":4,"nm":"Wing front ","parent":4,"sr":1,"ks":{"o":{"a":0,"k":100,"ix":11},"r":{"a":0,"k":0,"ix":10},"p":{"a":0,"k":[225.895,44.671,0],"ix":2,"l":2},"a":{"a":0,"k":[25.245,349.551,0],"ix":1,"l":2},"s":{"a":0,"k":[100,100,100],"ix":6,"l":2}},"ao":0,"shapes":[{"ty":"gr","it":[{"ind":0,"ty":"sh","ix":1,"ks":{"a":1,"k":[{"i":{"x":0.833,"y":0.833},"o":{"x":0.167,"y":0.167},"t":0,"s":[{"i":[[-5.83,120.828],[-20.32,68.32],[-39.04,40.56],[-42,3.04],[-39.84,2.96],[-3.76,-8.24],[0,0],[2.24,-22.48],[-0.56,-11.44],[24.8,-24.8],[8.24,-12.8],[42.8,-39.04],[0,0]],"o":[[0,0],[20.24,-68.32],[39.04,-40.56],[42.08,-3.04],[39.76,-3.04],[2.8,6.16],[0,0],[-2.24,22.56],[0.8,15.76],[-24.8,24.8],[-8.24,12.8],[-42.8,39.04],[-141.39,17.08]],"v":[[-275.165,39.579],[-213.565,-24.98],[-158.765,-187.94],[-39.405,-239.78],[201.635,-251.78],[278.195,-257.061],[233.875,-170.741],[125.795,-146.741],[205.395,-124.98],[112.275,3.42],[58.995,43.98],[-28.125,206.141],[-125.005,248.22]],"c":true}]},{"i":{"x":0.833,"y":0.833},"o":{"x":0.167,"y":0.167},"t":10,"s":[{"i":[[-5.83,120.828],[-20.32,68.32],[-35.79,43.455],[-41.64,6.27],[-39.492,6.029],[-4.374,-7.931],[0,0],[0.489,-22.586],[-1.463,-11.36],[22.81,-26.642],[7.226,-13.398],[42.8,-39.04],[0,0]],"o":[[0,0],[20.24,-68.32],[35.79,-43.455],[41.719,-6.282],[39.406,-6.103],[3.268,5.925],[0,0],[-0.49,22.666],[2.015,15.651],[-22.81,26.642],[-7.226,13.398],[-42.8,39.04],[-141.39,17.08]],"v":[[-281.165,37.579],[-214.565,-25.48],[-166.512,-182.342],[-51.514,-243.249],[187.879,-273.835],[263.802,-285.014],[226.283,-195.528],[120.381,-163.25],[201.424,-147.705],[118.502,-12.494],[68.515,32.061],[-28.125,206.141],[-127.005,250.221]],"c":true}]},{"i":{"x":0.833,"y":0.833},"o":{"x":0.167,"y":0.167},"t":18,"s":[{"i":[[-5.83,120.828],[-21.591,74.514],[-42.763,36.614],[-42.097,-1.023],[-39.94,-0.889],[-2.937,-8.568],[0,0],[4.386,-22.162],[0.523,-11.442],[27.072,-22.298],[9.434,-11.947],[42.8,-39.04],[0,0]],"o":[[0,0],[19.307,-66.63],[42.763,-36.614],[42.177,1.025],[39.868,0.802],[2.194,6.401],[0,0],[-4.401,22.24],[-0.721,15.764],[-27.072,22.297],[-9.434,11.947],[-42.8,39.04],[-141.39,17.08]],"v":[[-275.165,39.579],[-209.912,-34.59],[-137.117,-202.037],[-13.321,-242.146],[227.755,-230.888],[304.467,-228.773],[252.044,-147.121],[142.156,-133.636],[219.291,-104.315],[114.244,14.525],[56.371,51.543],[-28.125,206.141],[-125.005,248.22]],"c":true}]},{"i":{"x":0.833,"y":0.833},"o":{"x":0.167,"y":0.167},"t":28,"s":[{"i":[[-5.83,120.828],[-20.32,68.32],[-39.04,40.56],[-42,3.04],[-39.84,2.96],[-3.76,-8.24],[0,0],[2.24,-22.48],[-0.56,-11.44],[24.8,-24.8],[8.24,-12.8],[42.8,-39.04],[0,0]],"o":[[0,0],[20.24,-68.32],[39.04,-40.56],[42.08,-3.04],[39.76,-3.04],[2.8,6.16],[0,0],[-2.24,22.56],[0.8,15.76],[-24.8,24.8],[-8.24,12.8],[-42.8,39.04],[-141.39,17.08]],"v":[[-275.165,39.579],[-213.565,-24.98],[-158.765,-187.94],[-39.405,-239.78],[201.635,-251.78],[278.195,-257.061],[233.875,-170.741],[125.795,-146.741],[205.395,-124.98],[112.275,3.42],[58.995,43.98],[-28.125,206.141],[-125.005,248.22]],"c":true}]},{"i":{"x":0.833,"y":0.833},"o":{"x":0.167,"y":0.167},"t":36,"s":[{"i":[[-5.83,120.828],[-20.32,68.32],[-39.051,40.549],[-42.001,3.022],[-39.911,1.757],[-3.498,-8.355],[0,0],[2.238,-22.48],[-0.577,-11.439],[24.807,-24.793],[8.244,-12.798],[42.8,-39.04],[0,0]],"o":[[0,0],[20.24,-68.32],[39.051,-40.549],[42.081,-3.028],[39.834,-1.839],[2.613,6.242],[0,0],[-2.246,22.559],[0.796,15.76],[-24.807,24.793],[-8.244,12.798],[-42.8,39.04],[-141.39,17.08]],"v":[[-281.165,37.579],[-214.565,-25.48],[-150.288,-182.1],[-30.914,-233.907],[212.371,-237.78],[289.056,-240.748],[242.152,-155.804],[134.26,-140.821],[213.854,-119.038],[120.698,9.336],[67.407,49.881],[-28.125,206.141],[-127.005,250.221]],"c":true}]},{"i":{"x":0.833,"y":0.833},"o":{"x":0.167,"y":0.167},"t":46,"s":[{"i":[[-5.83,120.828],[-21.591,74.514],[-42.339,37.104],[-42.106,-0.538],[-39.948,-0.429],[-3.035,-8.534],[0,0],[4.13,-22.211],[0.391,-11.447],[26.813,-22.608],[9.296,-12.055],[42.8,-39.04],[0,0]],"o":[[0,0],[19.307,-66.63],[42.339,-37.104],[42.186,0.539],[39.875,0.342],[2.268,6.375],[0,0],[-4.145,22.289],[-0.539,15.771],[-26.813,22.608],[-9.296,12.055],[-42.8,39.04],[-141.39,17.08]],"v":[[-275.165,39.579],[-209.912,-34.59],[-142.685,-198.033],[-19.36,-239.565],[221.83,-231.083],[298.562,-229.852],[247.082,-147.601],[137.356,-132.852],[214.824,-104.421],[111.152,15.621],[61.525,37.211],[-28.125,206.14],[-125.005,248.221]],"c":true}]},{"i":{"x":0.833,"y":0.833},"o":{"x":0.167,"y":0.167},"t":54,"s":[{"i":[[-5.83,120.828],[-20.32,68.32],[-39.04,40.56],[-42,3.04],[-39.84,2.96],[-3.76,-8.24],[0,0],[2.24,-22.48],[-0.56,-11.44],[24.8,-24.8],[8.24,-12.8],[42.8,-39.04],[0,0]],"o":[[0,0],[20.24,-68.32],[39.04,-40.56],[42.08,-3.04],[39.76,-3.04],[2.8,6.16],[0,0],[-2.24,22.56],[0.8,15.76],[-24.8,24.8],[-8.24,12.8],[-42.8,39.04],[-141.39,17.08]],"v":[[-275.165,39.579],[-213.565,-24.98],[-158.765,-187.94],[-39.405,-239.78],[201.635,-251.78],[278.195,-257.061],[233.875,-170.741],[125.795,-146.741],[205.395,-124.98],[112.275,3.42],[58.995,43.98],[-28.125,206.141],[-125.005,248.22]],"c":true}]},{"i":{"x":0.833,"y":0.833},"o":{"x":0.167,"y":0.167},"t":64,"s":[{"i":[[-5.83,120.828],[-20.32,68.32],[-37.974,41.559],[-41.908,4.123],[-39.75,3.993],[-3.961,-8.146],[0,0],[1.648,-22.531],[-0.877,-11.42],[24.148,-25.435],[7.905,-13.01],[42.8,-39.04],[0,0]],"o":[[0,0],[20.24,-68.32],[37.974,-41.559],[41.987,-4.131],[39.668,-4.071],[2.959,6.085],[0,0],[-1.654,22.611],[1.209,15.734],[-24.148,25.435],[-7.905,13.01],[-42.8,39.04],[-141.39,17.08]],"v":[[-281.165,37.579],[-214.565,-25.48],[-163.24,-192.48],[-45.265,-247.4],[195.382,-265.651],[271.779,-272.916],[229.714,-185.475],[122.294,-158.678],[202.431,-138.991],[112.675,-8.218],[60.465,33.711],[-28.125,206.141],[-127.005,250.221]],"c":true}]},{"i":{"x":0.833,"y":0.833},"o":{"x":0.167,"y":0.167},"t":72,"s":[{"i":[[-5.83,120.828],[-21.591,74.514],[-42.122,37.349],[-42.109,-0.294],[-39.949,-0.197],[-3.085,-8.516],[0,0],[4.001,-22.234],[0.325,-11.449],[26.682,-22.763],[9.799,-11.65],[42.8,-39.04],[0,0]],"o":[[0,0],[19.307,-66.63],[42.122,-37.349],[42.189,0.294],[39.876,0.111],[2.305,6.362],[0,0],[-4.015,22.313],[-0.448,15.774],[-26.682,22.763],[-9.798,11.65],[-42.8,39.04],[-141.39,17.08]],"v":[[-275.165,39.579],[-209.912,-34.59],[-141.61,-203.35],[-18.527,-245.598],[222.707,-238.517],[299.445,-237.732],[248.444,-155.183],[138.805,-139.797],[216.437,-111.816],[113.464,8.825],[60.187,45.419],[-28.125,206.14],[-125.005,248.221]],"c":true}]},{"t":80,"s":[{"i":[[-5.83,120.828],[-20.32,68.32],[-39.04,40.56],[-42,3.04],[-39.84,2.96],[-3.76,-8.24],[0,0],[2.24,-22.48],[-0.56,-11.44],[24.8,-24.8],[8.24,-12.8],[42.8,-39.04],[0,0]],"o":[[0,0],[20.24,-68.32],[39.04,-40.56],[42.08,-3.04],[39.76,-3.04],[2.8,6.16],[0,0],[-2.24,22.56],[0.8,15.76],[-24.8,24.8],[-8.24,12.8],[-42.8,39.04],[-141.39,17.08]],"v":[[-275.165,39.579],[-213.565,-24.98],[-158.765,-187.94],[-39.405,-239.78],[201.635,-251.78],[278.195,-257.061],[233.875,-170.741],[125.795,-146.741],[205.395,-124.98],[112.275,3.42],[58.995,43.98],[-28.125,206.141],[-125.005,248.22]],"c":true}]}],"ix":2},"nm":"Path 1","mn":"ADBE Vector Shape - Group","hd":false},{"ty":"fl","c":{"a":0,"k":[0.438999998803,0.325,0.298000021542,1],"ix":4},"o":{"a":0,"k":100,"ix":5},"r":1,"bm":0,"nm":"Fill 1","mn":"ADBE Vector Graphic - Fill","hd":false},{"ty":"tr","p":{"a":0,"k":[281.245,265.551],"ix":2},"a":{"a":0,"k":[0,0],"ix":1},"s":{"a":0,"k":[100,100],"ix":3},"r":{"a":0,"k":0,"ix":6},"o":{"a":0,"k":100,"ix":7},"sk":{"a":0,"k":0,"ix":4},"sa":{"a":0,"k":0,"ix":5},"nm":"Transform"}],"nm":"Group 1","np":2,"cix":2,"bm":0,"ix":1,"mn":"ADBE Vector Group","hd":false}],"ip":0,"op":80,"st":0,"bm":0},{"ddd":0,"ind":6,"ty":4,"nm":"Wing back ","parent":4,"sr":1,"ks":{"o":{"a":0,"k":100,"ix":11},"r":{"a":0,"k":0,"ix":10},"p":{"a":0,"k":[149.65,37.97,0],"ix":2,"l":2},"a":{"a":0,"k":[302.45,513.57,0],"ix":1,"l":2},"s":{"a":0,"k":[100,100,100],"ix":6,"l":2}},"ao":0,"shapes":[{"ty":"gr","it":[{"ind":0,"ty":"sh","ix":1,"ks":{"a":1,"k":[{"i":{"x":0.833,"y":0.833},"o":{"x":0.167,"y":0.167},"t":0,"s":[{"i":[[0,0],[14.64,128.4],[18,64.16],[8.64,4.64],[0,0],[3.76,11.12],[-6.72,14.64],[30.96,-18.4],[-3.44,-104.72],[0,0],[-39.56,-10.4]],"o":[[0,0],[-14.64,-128.4],[-18,-64.16],[-6.64,-3.6],[0,0],[-5.28,-15.76],[6.72,-14.64],[-27.76,16.4],[3.44,104.72],[0,0],[39.56,10.4]],"v":[[107.56,269.32],[187.56,135.32],[108.76,-59.48],[81.72,-192.36],[23.16,-156.36],[-28.68,-127.08],[18.6,-230.68],[-8.44,-250.92],[-198.76,4.68],[-70.36,226.52],[-1.92,268.08]],"c":true}]},{"i":{"x":0.833,"y":0.833},"o":{"x":0.167,"y":0.167},"t":10,"s":[{"i":[[0,0],[14.64,128.4],[23.26,62.446],[8.995,3.907],[0,0],[4.67,10.77],[-5.482,15.147],[29.327,-20.905],[-12.115,-104.074],[0,0],[-39.56,-10.4]],"o":[[0,0],[-14.64,-128.4],[-23.26,-62.446],[-6.916,-3.037],[0,0],[-6.569,-15.268],[5.482,-15.147],[-26.304,18.646],[12.115,104.074],[0,0],[39.56,10.4]],"v":[[107.56,269.32],[185.56,137.32],[93.447,-66.814],[55.478,-196.993],[0.106,-156.259],[-49.127,-122.78],[-10.604,-229.945],[-39.23,-247.872],[-207.69,22.635],[-72.36,228.52],[-1.92,268.08]],"c":true}]},{"i":{"x":0.833,"y":0.833},"o":{"x":0.167,"y":0.167},"t":18,"s":[{"i":[[0,0],[14.64,128.4],[12.615,65.432],[8.225,5.341],[0,0],[2.824,11.394],[-7.911,14.032],[32.38,-15.768],[5.26,-104.644],[0,0],[-39.56,-10.4]],"o":[[0,0],[-14.64,-128.4],[-12.615,-65.432],[-6.318,-4.139],[0,0],[-3.954,-16.144],[7.911,-14.032],[-29.025,14.04],[-5.26,104.644],[0,0],[39.56,10.4]],"v":[[107.56,269.32],[186.56,136.32],[126.328,-46.462],[110.405,-181.128],[49.06,-150.11],[-5.03,-125.232],[50.681,-224.552],[25.414,-246.966],[-185.455,-8.036],[-71.36,227.52],[-1.92,268.08]],"c":true}]},{"i":{"x":0.833,"y":0.833},"o":{"x":0.167,"y":0.167},"t":28,"s":[{"i":[[0,0],[14.64,128.4],[18,64.16],[8.64,4.64],[0,0],[3.76,11.12],[-6.72,14.64],[30.96,-18.4],[-3.44,-104.72],[0,0],[-39.56,-10.4]],"o":[[0,0],[-14.64,-128.4],[-18,-64.16],[-6.64,-3.6],[0,0],[-5.28,-15.76],[6.72,-14.64],[-27.76,16.4],[3.44,104.72],[0,0],[39.56,10.4]],"v":[[107.56,269.32],[187.56,135.32],[108.76,-59.48],[81.72,-192.36],[23.16,-156.36],[-28.68,-127.08],[18.6,-230.68],[-8.44,-250.92],[-198.76,4.68],[-70.36,226.52],[-1.92,268.08]],"c":true}]},{"i":{"x":0.833,"y":0.833},"o":{"x":0.167,"y":0.167},"t":36,"s":[{"i":[[0,0],[14.64,128.4],[23.26,62.446],[8.995,3.907],[0,0],[4.67,10.77],[-5.482,15.147],[29.327,-20.905],[-12.115,-104.074],[0,0],[-39.56,-10.4]],"o":[[0,0],[-14.64,-128.4],[-23.26,-62.446],[-6.916,-3.037],[0,0],[-6.569,-15.268],[5.482,-15.147],[-26.304,18.646],[12.115,104.074],[0,0],[39.56,10.4]],"v":[[107.56,269.32],[185.56,137.32],[109.447,-70.814],[71.478,-200.993],[16.106,-160.259],[-33.127,-126.78],[5.396,-233.945],[-23.23,-251.872],[-191.69,18.635],[-72.36,228.52],[-1.92,268.08]],"c":true}]},{"i":{"x":0.833,"y":0.833},"o":{"x":0.167,"y":0.167},"t":46,"s":[{"i":[[0,0],[14.64,128.4],[13.31,65.294],[8.282,5.253],[0,0],[2.946,11.363],[-7.762,14.115],[32.21,-16.112],[4.146,-104.694],[0,0],[-39.56,-10.4]],"o":[[0,0],[-14.64,-128.4],[-13.31,-65.294],[-6.362,-4.071],[0,0],[-4.126,-16.101],[7.762,-14.115],[-28.874,14.348],[-4.146,104.694],[0,0],[39.56,10.4]],"v":[[107.56,269.32],[186.56,136.32],[135.524,-43.793],[118.17,-178.281],[57.158,-146.613],[3.336,-121.16],[57.988,-221.068],[32.483,-243.211],[-175.832,-2.052],[-71.36,227.52],[-1.92,268.08]],"c":true}]},{"i":{"x":0.833,"y":0.833},"o":{"x":0.167,"y":0.167},"t":54,"s":[{"i":[[0,0],[14.64,128.4],[18,64.16],[8.64,4.64],[0,0],[3.76,11.12],[-6.72,14.64],[30.96,-18.4],[-3.44,-104.72],[0,0],[-39.56,-10.4]],"o":[[0,0],[-14.64,-128.4],[-18,-64.16],[-6.64,-3.6],[0,0],[-5.28,-15.76],[6.72,-14.64],[-27.76,16.4],[3.44,104.72],[0,0],[39.56,10.4]],"v":[[107.56,269.32],[187.56,135.32],[108.76,-59.48],[81.72,-192.36],[23.16,-156.36],[-28.68,-127.08],[18.6,-230.68],[-8.44,-250.92],[-198.76,4.68],[-70.36,226.52],[-1.92,268.08]],"c":true}]},{"i":{"x":0.833,"y":0.833},"o":{"x":0.167,"y":0.167},"t":64,"s":[{"i":[[0,0],[14.64,128.4],[23.26,62.446],[8.995,3.907],[0,0],[4.67,10.77],[-5.482,15.147],[29.327,-20.905],[-12.115,-104.074],[0,0],[-39.56,-10.4]],"o":[[0,0],[-14.64,-128.4],[-23.26,-62.446],[-6.916,-3.037],[0,0],[-6.569,-15.268],[5.482,-15.147],[-26.304,18.646],[12.115,104.074],[0,0],[39.56,10.4]],"v":[[107.56,269.32],[185.56,137.32],[101.447,-70.814],[63.478,-200.993],[8.106,-160.259],[-41.127,-126.78],[-2.604,-233.945],[-31.23,-251.872],[-199.69,18.635],[-72.36,228.52],[-1.92,268.08]],"c":true}]},{"i":{"x":0.833,"y":0.833},"o":{"x":0.167,"y":0.167},"t":72,"s":[{"i":[[0,0],[14.64,128.4],[15.138,64.895],[8.426,5.018],[0,0],[3.263,11.276],[-7.362,14.328],[31.745,-17.01],[1.206,-104.77],[0,0],[-39.56,-10.4]],"o":[[0,0],[-14.64,-128.4],[-15.138,-64.895],[-6.474,-3.891],[0,0],[-4.576,-15.979],[7.362,-14.328],[-28.46,15.153],[-1.206,104.77],[0,0],[39.56,10.4]],"v":[[107.56,269.32],[186.56,136.32],[127.622,-46.138],[106.499,-180.086],[46.4,-146.718],[-6.687,-119.765],[45.14,-221.167],[19.023,-242.586],[-182.44,4.326],[-71.36,227.52],[-1.92,268.08]],"c":true}]},{"t":80,"s":[{"i":[[0,0],[14.64,128.4],[18,64.16],[8.64,4.64],[0,0],[3.76,11.12],[-6.72,14.64],[30.96,-18.4],[-3.44,-104.72],[0,0],[-39.56,-10.4]],"o":[[0,0],[-14.64,-128.4],[-18,-64.16],[-6.64,-3.6],[0,0],[-5.28,-15.76],[6.72,-14.64],[-27.76,16.4],[3.44,104.72],[0,0],[39.56,10.4]],"v":[[107.56,269.32],[187.56,135.32],[108.76,-59.48],[81.72,-192.36],[23.16,-156.36],[-28.68,-127.08],[18.6,-230.68],[-8.44,-250.92],[-198.76,4.68],[-70.36,226.52],[-1.92,268.08]],"c":true}]}],"ix":2},"nm":"Path 1","mn":"ADBE Vector Shape - Group","hd":false},{"ty":"fl","c":{"a":0,"k":[0.310000011968,0.231000010173,0.216000007181,1],"ix":4},"o":{"a":0,"k":100,"ix":5},"r":1,"bm":0,"nm":"Fill 1","mn":"ADBE Vector Graphic - Fill","hd":false},{"ty":"tr","p":{"a":0,"k":[202.45,269.57],"ix":2},"a":{"a":0,"k":[0,0],"ix":1},"s":{"a":0,"k":[100,100],"ix":3},"r":{"a":0,"k":0,"ix":6},"o":{"a":0,"k":100,"ix":7},"sk":{"a":0,"k":0,"ix":4},"sa":{"a":0,"k":0,"ix":5},"nm":"Transform"}],"nm":"Group 1","np":2,"cix":2,"bm":0,"ix":1,"mn":"ADBE Vector Group","hd":false}],"ip":0,"op":80,"st":0,"bm":0},{"ddd":0,"ind":7,"ty":4,"nm":"Tail ","parent":4,"sr":1,"ks":{"o":{"a":0,"k":100,"ix":11},"r":{"a":1,"k":[{"i":{"x":[0.833],"y":[0.833]},"o":{"x":[0.167],"y":[0.167]},"t":0,"s":[0]},{"i":{"x":[0.833],"y":[0.833]},"o":{"x":[0.167],"y":[0.167]},"t":10,"s":[-6.06]},{"i":{"x":[0.833],"y":[0.833]},"o":{"x":[0.167],"y":[0.167]},"t":18,"s":[6.959]},{"i":{"x":[0.833],"y":[0.833]},"o":{"x":[0.167],"y":[0.167]},"t":28,"s":[0]},{"i":{"x":[0.833],"y":[0.833]},"o":{"x":[0.167],"y":[0.167]},"t":36,"s":[-6.06]},{"i":{"x":[0.833],"y":[0.833]},"o":{"x":[0.167],"y":[0.167]},"t":46,"s":[6.959]},{"i":{"x":[0.833],"y":[0.833]},"o":{"x":[0.167],"y":[0.167]},"t":54,"s":[0]},{"i":{"x":[0.833],"y":[0.833]},"o":{"x":[0.167],"y":[0.167]},"t":64,"s":[-6.06]},{"i":{"x":[0.833],"y":[0.833]},"o":{"x":[0.167],"y":[0.167]},"t":72,"s":[6.959]},{"t":80,"s":[0]}],"ix":10},"p":{"a":1,"k":[{"i":{"x":0.833,"y":0.833},"o":{"x":0.167,"y":0.167},"t":0,"s":[332.89,245.371,0],"to":[0,0,0],"ti":[0,0,0]},{"i":{"x":0.833,"y":0.833},"o":{"x":0.167,"y":0.167},"t":10,"s":[344.89,239.371,0],"to":[0,0,0],"ti":[0,0,0]},{"i":{"x":0.833,"y":0.833},"o":{"x":0.167,"y":0.167},"t":18,"s":[335.14,244.371,0],"to":[0,0,0],"ti":[0,0,0]},{"i":{"x":0.833,"y":0.833},"o":{"x":0.167,"y":0.167},"t":28,"s":[332.89,245.371,0],"to":[0,0,0],"ti":[0,0,0]},{"i":{"x":0.833,"y":0.833},"o":{"x":0.167,"y":0.167},"t":36,"s":[344.89,239.371,0],"to":[0,0,0],"ti":[0,0,0]},{"i":{"x":0.833,"y":0.833},"o":{"x":0.167,"y":0.167},"t":46,"s":[335.14,244.371,0],"to":[0,0,0],"ti":[0,0,0]},{"i":{"x":0.833,"y":0.833},"o":{"x":0.167,"y":0.167},"t":54,"s":[332.89,245.371,0],"to":[0,0,0],"ti":[0,0,0]},{"i":{"x":0.833,"y":0.833},"o":{"x":0.167,"y":0.167},"t":64,"s":[344.89,239.371,0],"to":[0,0,0],"ti":[0,0,0]},{"i":{"x":0.833,"y":0.833},"o":{"x":0.167,"y":0.167},"t":72,"s":[335.14,244.371,0],"to":[0,0,0],"ti":[0,0,0]},{"t":80,"s":[332.89,245.371,0]}],"ix":2,"l":2},"a":{"a":0,"k":[50.57,12.651,0],"ix":1,"l":2},"s":{"a":0,"k":[100,100,100],"ix":6,"l":2}},"ao":0,"shapes":[{"ty":"gr","it":[{"ind":0,"ty":"sh","ix":1,"ks":{"a":0,"k":{"i":[[4.88,-2.96],[23.68,-6],[4.88,0],[15.36,1.52],[0,0],[0,0],[-21.44,-1.12],[0,0],[-22.16,4.321],[0,0],[-16.88,12.721],[11.28,5.281],[13.52,-10.88]],"o":[[-1.76,1.04],[-23.68,6],[-4.88,0],[-12,-1.2],[0,0],[0,0],[21.36,1.12],[0,0],[30.8,-6],[0,0],[16.88,-12.8],[-11.28,-5.28],[-13.52,10.88]],"v":[[35.44,3.119],[-2.88,32.8],[-40.8,26.8],[-77.76,35.6],[-109.52,17.359],[-117.76,30.479],[-77.2,52.239],[-42.32,43.999],[0.88,50.399],[43.28,17.359],[85.68,1.999],[106.48,-49.441],[75.52,-15.68]],"c":true},"ix":2},"nm":"Path 1","mn":"ADBE Vector Shape - Group","hd":false},{"ty":"fl","c":{"a":0,"k":[0.438999998803,0.325,0.298000021542,1],"ix":4},"o":{"a":0,"k":100,"ix":5},"r":1,"bm":0,"nm":"Fill 1","mn":"ADBE Vector Graphic - Fill","hd":false},{"ty":"tr","p":{"a":0,"k":[119.13,162.331],"ix":2},"a":{"a":0,"k":[0,0],"ix":1},"s":{"a":0,"k":[100,100],"ix":3},"r":{"a":0,"k":0,"ix":6},"o":{"a":0,"k":100,"ix":7},"sk":{"a":0,"k":0,"ix":4},"sa":{"a":0,"k":0,"ix":5},"nm":"Transform"}],"nm":"Group 1","np":2,"cix":2,"bm":0,"ix":1,"mn":"ADBE Vector Group","hd":false},{"ty":"gr","it":[{"ind":0,"ty":"sh","ix":1,"ks":{"a":0,"k":{"i":[[0,0],[-22.48,-17.281],[0,0],[15.76,-9.76],[0,0],[18.8,-1.44],[0,0],[10.48,0.8],[0,0]],"o":[[0,0],[22.48,17.28],[0,0],[-15.76,9.761],[0,0],[-18.8,1.439],[0,0],[-10.48,-0.721],[0,0]],"v":[[-54.4,-103.2],[55.2,-35.599],[112.24,9.441],[80.72,58.96],[44.72,71.761],[-1.12,101.761],[-35.68,93.521],[-70.96,101.761],[-112.24,76.96]],"c":true},"ix":2},"nm":"Path 1","mn":"ADBE Vector Shape - Group","hd":false},{"ty":"gf","o":{"a":0,"k":100,"ix":10},"r":1,"bm":0,"g":{"p":3,"k":{"a":0,"k":[0,0.675,0.537,0.475,0.548,0.837,0.727,0.629,1,1,0.918,0.784],"ix":9}},"s":{"a":0,"k":[-38.5,-56.5],"ix":5},"e":{"a":0,"k":[2,51.5],"ix":6},"t":1,"nm":"Gradient Fill 1","mn":"ADBE Vector Graphic - G-Fill","hd":false},{"ty":"tr","p":{"a":0,"k":[112.49,103.45],"ix":2},"a":{"a":0,"k":[0,0],"ix":1},"s":{"a":0,"k":[100,100],"ix":3},"r":{"a":0,"k":0,"ix":6},"o":{"a":0,"k":100,"ix":7},"sk":{"a":0,"k":0,"ix":4},"sa":{"a":0,"k":0,"ix":5},"nm":"Transform"}],"nm":"Group 2","np":2,"cix":2,"bm":0,"ix":2,"mn":"ADBE Vector Group","hd":false}],"ip":0,"op":80,"st":0,"bm":0},{"ddd":0,"ind":8,"ty":0,"nm":"Speedlines A","refId":"comp_0","sr":1,"ks":{"o":{"a":0,"k":100,"ix":11},"r":{"a":0,"k":90,"ix":10},"p":{"a":0,"k":[512,512,0],"ix":2,"l":2},"a":{"a":0,"k":[512,512,0],"ix":1,"l":2},"s":{"a":0,"k":[-100,100,100],"ix":6,"l":2}},"ao":0,"tm":{"a":1,"k":[{"i":{"x":[0.833],"y":[0.833]},"o":{"x":[0.167],"y":[0.167]},"t":36,"s":[0]},{"t":80,"s":[1.333]}],"ix":2},"w":1024,"h":1024,"ip":36,"op":80,"st":40,"bm":0},{"ddd":0,"ind":9,"ty":0,"nm":"Speedlines A","refId":"comp_0","sr":1,"ks":{"o":{"a":0,"k":100,"ix":11},"r":{"a":0,"k":0,"ix":10},"p":{"a":0,"k":[512,512,0],"ix":2,"l":2},"a":{"a":0,"k":[512,512,0],"ix":1,"l":2},"s":{"a":0,"k":[100,100,100],"ix":6,"l":2}},"ao":0,"tm":{"a":1,"k":[{"i":{"x":[0.833],"y":[0.833]},"o":{"x":[0.167],"y":[0.167]},"t":0,"s":[0]},{"t":46,"s":[1.333]}],"ix":2},"w":1024,"h":1024,"ip":0,"op":46,"st":0,"bm":0},{"ddd":0,"ind":10,"ty":0,"nm":"Speedlines B","refId":"comp_1","sr":1,"ks":{"o":{"a":0,"k":100,"ix":11},"r":{"a":0,"k":90,"ix":10},"p":{"a":0,"k":[512,512,0],"ix":2,"l":2},"a":{"a":0,"k":[512,512,0],"ix":1,"l":2},"s":{"a":0,"k":[-100,100,100],"ix":6,"l":2}},"ao":0,"tm":{"a":1,"k":[{"i":{"x":[0.833],"y":[0.833]},"o":{"x":[0.167],"y":[0.167]},"t":36,"s":[0]},{"t":80,"s":[1.333]}],"ix":2},"w":1024,"h":1024,"ip":36,"op":80,"st":40,"bm":0},{"ddd":0,"ind":11,"ty":0,"nm":"Speedlines B","refId":"comp_1","sr":1,"ks":{"o":{"a":0,"k":100,"ix":11},"r":{"a":0,"k":0,"ix":10},"p":{"a":0,"k":[512,512,0],"ix":2,"l":2},"a":{"a":0,"k":[512,512,0],"ix":1,"l":2},"s":{"a":0,"k":[100,100,100],"ix":6,"l":2}},"ao":0,"tm":{"a":1,"k":[{"i":{"x":[0.833],"y":[0.833]},"o":{"x":[0.167],"y":[0.167]},"t":0,"s":[0]},{"t":46,"s":[1.333]}],"ix":2},"w":1024,"h":1024,"ip":0,"op":46,"st":0,"bm":0}],"markers":[{"tm":0,"cm":"rest","dr":0}]}