{"v":"5.8.1","fr":60,"ip":0,"op":52,"w":1024,"h":1024,"nm":"emoji_Pool 8 ball","ddd":0,"assets":[],"layers":[{"ddd":0,"ind":1,"ty":4,"nm":"ball","td":1,"sr":1,"ks":{"o":{"a":0,"k":100,"ix":11},"r":{"a":0,"k":0,"ix":10},"p":{"a":0,"k":[526.36,496.96,0],"ix":2,"l":2},"a":{"a":0,"k":[518.85,506.81,0],"ix":1,"l":2},"s":{"a":0,"k":[100,100,100],"ix":6,"l":2}},"ao":0,"shapes":[{"ty":"gr","it":[{"ind":0,"ty":"sh","ix":1,"ks":{"a":0,"k":{"i":[[91.52,-65.44],[-20.88,-211.84],[-36.4,-44.881],[-150.64,-12],[-120.56,83.841],[10.48,30],[215.76,62.8]],"o":[[-103.44,73.84],[10.16,103.12],[22.16,27.36],[151.84,12.08],[245.04,-170.479],[-10.48,-30],[-190.4,-55.36]],"v":[[-277.64,-334.44],[-476.44,102.28],[-404.52,312.84],[-135.56,433.56],[252.28,327.799],[450.76,-130.44],[146.04,-399.88]],"c":true},"ix":2},"nm":"Path 1","mn":"ADBE Vector Shape - Group","hd":false},{"ty":"fl","c":{"a":0,"k":[0.368999974868,0.388000009574,0.404000016755,1],"ix":4},"o":{"a":0,"k":100,"ix":5},"r":1,"bm":0,"nm":"Fill 1","mn":"ADBE Vector Graphic - Fill","hd":false},{"ty":"tr","p":{"a":0,"k":[497.57,455.49],"ix":2},"a":{"a":0,"k":[0,0],"ix":1},"s":{"a":0,"k":[100,100],"ix":3},"r":{"a":0,"k":0,"ix":6},"o":{"a":0,"k":100,"ix":7},"sk":{"a":0,"k":0,"ix":4},"sa":{"a":0,"k":0,"ix":5},"nm":"Transform"}],"nm":"Group 1","np":2,"cix":2,"bm":0,"ix":1,"mn":"ADBE Vector Group","hd":false}],"ip":0,"op":52,"st":0,"bm":0},{"ddd":0,"ind":2,"ty":4,"nm":"shadow","tt":2,"sr":1,"ks":{"o":{"a":0,"k":90,"ix":11},"r":{"a":0,"k":0,"ix":10},"p":{"a":0,"k":[526.36,496.96,0],"ix":2,"l":2},"a":{"a":0,"k":[518.85,506.81,0],"ix":1,"l":2},"s":{"a":0,"k":[100,100,100],"ix":6,"l":2}},"ao":0,"shapes":[{"ty":"gr","it":[{"ind":0,"ty":"sh","ix":1,"ks":{"a":0,"k":{"i":[[-72.64,85.92],[72.4,200.161],[46.4,34.56],[149.36,-23.12],[94.8,-112.08],[3.28,-83.52],[-9.84,-14.961],[-224.56,-7.759]],"o":[[82.08,-97.04],[-35.28,-97.439],[-28.24,-21.04],[-109.2,16.96],[-91.92,108.88],[-4.24,107.44],[17.52,26.56],[198.24,6.8]],"v":[[360.6,278.36],[440.36,-193.161],[318.84,-379.56],[28.44,-430.44],[-321.4,-232.52],[-487.56,45.88],[-401,260.6],[-39.4,446.759]],"c":true},"ix":2},"nm":"Path 1","mn":"ADBE Vector Shape - Group","hd":false},{"ty":"fl","c":{"a":0,"k":[0.250999989229,0.238999998803,0.243000000598,1],"ix":4},"o":{"a":0,"k":100,"ix":5},"r":1,"bm":0,"nm":"Fill 1","mn":"ADBE Vector Graphic - Fill","hd":false},{"ty":"tr","p":{"a":0,"k":[524.69,559.81],"ix":2},"a":{"a":0,"k":[0,0],"ix":1},"s":{"a":0,"k":[100,100],"ix":3},"r":{"a":0,"k":0,"ix":6},"o":{"a":0,"k":100,"ix":7},"sk":{"a":0,"k":0,"ix":4},"sa":{"a":0,"k":0,"ix":5},"nm":"Transform"}],"nm":"Group 2","np":2,"cix":2,"bm":0,"ix":2,"mn":"ADBE Vector Group","hd":false}],"ip":0,"op":52,"st":0,"bm":0},{"ddd":0,"ind":3,"ty":4,"nm":"ball 2","parent":11,"td":1,"sr":1,"ks":{"o":{"a":0,"k":100,"ix":11},"r":{"a":0,"k":0,"ix":10},"p":{"a":0,"k":[518.85,506.81,0],"ix":2,"l":2},"a":{"a":0,"k":[518.85,506.81,0],"ix":1,"l":2},"s":{"a":0,"k":[100,100,100],"ix":6,"l":2}},"ao":0,"shapes":[{"ty":"gr","it":[{"ind":0,"ty":"sh","ix":1,"ks":{"a":0,"k":{"i":[[91.52,-65.44],[-20.88,-211.84],[-36.4,-44.881],[-150.64,-12],[-120.56,83.841],[10.48,30],[215.76,62.8]],"o":[[-103.44,73.84],[10.16,103.12],[22.16,27.36],[151.84,12.08],[245.04,-170.479],[-10.48,-30],[-190.4,-55.36]],"v":[[-277.64,-334.44],[-476.44,102.28],[-404.52,312.84],[-135.56,433.56],[252.28,327.799],[450.76,-130.44],[146.04,-399.88]],"c":true},"ix":2},"nm":"Path 1","mn":"ADBE Vector Shape - Group","hd":false},{"ty":"fl","c":{"a":0,"k":[0.368999974868,0.388000009574,0.404000016755,1],"ix":4},"o":{"a":0,"k":100,"ix":5},"r":1,"bm":0,"nm":"Fill 1","mn":"ADBE Vector Graphic - Fill","hd":false},{"ty":"tr","p":{"a":0,"k":[497.57,455.49],"ix":2},"a":{"a":0,"k":[0,0],"ix":1},"s":{"a":0,"k":[100,100],"ix":3},"r":{"a":0,"k":0,"ix":6},"o":{"a":0,"k":100,"ix":7},"sk":{"a":0,"k":0,"ix":4},"sa":{"a":0,"k":0,"ix":5},"nm":"Transform"}],"nm":"Group 1","np":2,"cix":2,"bm":0,"ix":1,"mn":"ADBE Vector Group","hd":false},{"ty":"gr","it":[{"ind":0,"ty":"sh","ix":1,"ks":{"a":0,"k":{"i":[[-72.64,85.92],[72.4,200.161],[46.4,34.56],[149.36,-23.12],[94.8,-112.08],[3.28,-83.52],[-9.84,-14.961],[-224.56,-7.759]],"o":[[82.08,-97.04],[-35.28,-97.439],[-28.24,-21.04],[-109.2,16.96],[-91.92,108.88],[-4.24,107.44],[17.52,26.56],[198.24,6.8]],"v":[[360.6,278.36],[440.36,-193.161],[318.84,-379.56],[28.44,-430.44],[-321.4,-232.52],[-487.56,45.88],[-401,260.6],[-39.4,446.759]],"c":true},"ix":2},"nm":"Path 1","mn":"ADBE Vector Shape - Group","hd":false},{"ty":"fl","c":{"a":0,"k":[0.250999989229,0.238999998803,0.243000000598,1],"ix":4},"o":{"a":0,"k":100,"ix":5},"r":1,"bm":0,"nm":"Fill 1","mn":"ADBE Vector Graphic - Fill","hd":false},{"ty":"tr","p":{"a":0,"k":[524.69,559.81],"ix":2},"a":{"a":0,"k":[0,0],"ix":1},"s":{"a":0,"k":[100,100],"ix":3},"r":{"a":0,"k":0,"ix":6},"o":{"a":0,"k":100,"ix":7},"sk":{"a":0,"k":0,"ix":4},"sa":{"a":0,"k":0,"ix":5},"nm":"Transform"}],"nm":"Group 2","np":2,"cix":2,"bm":0,"ix":2,"mn":"ADBE Vector Group","hd":false}],"ip":28,"op":52,"st":-14,"bm":0},{"ddd":0,"ind":4,"ty":4,"nm":"8","parent":6,"tt":1,"sr":1,"ks":{"o":{"a":0,"k":100,"ix":11},"r":{"a":0,"k":360,"ix":10},"p":{"a":1,"k":[{"i":{"x":0.833,"y":0.833},"o":{"x":0.167,"y":0.167},"t":34,"s":[228.481,174.468,0],"to":[-1.405,1.224,0],"ti":[2.828,-2.463,0]},{"i":{"x":0.833,"y":0.833},"o":{"x":0.167,"y":0.167},"t":36,"s":[225.126,149.381,0],"to":[-2.367,2.061,0],"ti":[1.399,-5.125,0]},{"i":{"x":0.833,"y":0.833},"o":{"x":0.167,"y":0.167},"t":38,"s":[216.477,139.604,0],"to":[-1.982,7.259,0],"ti":[0.024,-9.211,0]},{"i":{"x":0.833,"y":0.833},"o":{"x":0.167,"y":0.167},"t":42,"s":[214.131,165.904,0],"to":[-0.033,12.682,0],"ti":[2.294,-1.998,0]},{"i":{"x":0.833,"y":0.833},"o":{"x":0.167,"y":0.167},"t":46,"s":[210.877,180.183,0],"to":[-6.542,5.698,0],"ti":[0.032,0.332,0]},{"i":{"x":0.833,"y":0.833},"o":{"x":0.167,"y":0.167},"t":48,"s":[211.79,186.118,0],"to":[-0.032,-0.332,0],"ti":[-0.024,-0.332,0]},{"t":50,"s":[212.37,192.09,0]}],"ix":2,"l":2},"a":{"a":0,"k":[104.69,144.73,0],"ix":1,"l":2},"s":{"a":1,"k":[{"i":{"x":[0.667,0.667,0.667],"y":[1,1,1]},"o":{"x":[0.167,0.167,0.167],"y":[0,0.167,0]},"t":32,"s":[100,16,100]},{"t":46,"s":[100,100,100]}],"ix":6,"l":2}},"ao":0,"shapes":[{"ty":"gr","it":[{"ind":0,"ty":"sh","ix":1,"ks":{"a":0,"k":{"i":[[4,-16.88],[18.64,4.72],[-4.4,16.559],[-16.16,-4]],"o":[[-4.56,19.04],[-17.28,-4.4],[4.8,-18.081],[19.68,4.8]],"v":[[51.16,-56.56],[11,-36.08],[-10.68,-73.039],[27.48,-93.12]],"c":true},"ix":2},"nm":"Path 1","mn":"ADBE Vector Shape - Group","hd":false},{"ind":1,"ty":"sh","ix":2,"ks":{"a":0,"k":{"i":[[4,-22.479],[22.08,4],[-4.4,28.16],[-20.96,-6.48]],"o":[[-4.08,22.56],[-22.08,-4],[4.4,-28.16],[20.88,6.4]],"v":[[31.96,55.44],[-15.08,85.6],[-49.64,39.04],[3.4,9.28]],"c":true},"ix":2},"nm":"Path 2","mn":"ADBE Vector Shape - Group","hd":false},{"ind":2,"ty":"sh","ix":3,"ks":{"a":0,"k":{"i":[[-5.44,40.32],[45.92,12.16],[8.8,-28.879],[0,0],[3.92,-57.76],[-37.36,-8.96],[-12.8,58.879],[0,0]],"o":[[5.36,-39.68],[-49.92,-13.2],[-12.24,40.16],[0,0],[-3.68,54.48],[46.16,11.12],[10.64,-48.481],[0,0]],"v":[[99.08,-45.6],[38.84,-131.28],[-53.72,-88.16],[-47.88,-28.88],[-100.76,40.64],[-29.88,133.36],[81.4,72.961],[66.28,0.4]],"c":true},"ix":2},"nm":"Path 3","mn":"ADBE Vector Shape - Group","hd":false},{"ty":"mm","mm":1,"nm":"Merge Paths 1","mn":"ADBE Vector Filter - Merge","hd":false},{"ty":"fl","c":{"a":0,"k":[0.187999994615,0.187999994615,0.187999994615,1],"ix":4},"o":{"a":0,"k":100,"ix":5},"r":1,"bm":0,"nm":"Fill 1","mn":"ADBE Vector Graphic - Fill","hd":false},{"ty":"tr","p":{"a":0,"k":[104.69,144.73],"ix":2},"a":{"a":0,"k":[0,0],"ix":1},"s":{"a":0,"k":[100,100],"ix":3},"r":{"a":0,"k":0,"ix":6},"o":{"a":0,"k":100,"ix":7},"sk":{"a":0,"k":0,"ix":4},"sa":{"a":0,"k":0,"ix":5},"nm":"Transform"}],"nm":"Group 1","np":5,"cix":2,"bm":0,"ix":1,"mn":"ADBE Vector Group","hd":false}],"ip":28,"op":52,"st":-14,"bm":0},{"ddd":0,"ind":5,"ty":4,"nm":"ball 3","parent":11,"td":1,"sr":1,"ks":{"o":{"a":0,"k":100,"ix":11},"r":{"a":0,"k":0,"ix":10},"p":{"a":0,"k":[518.85,506.81,0],"ix":2,"l":2},"a":{"a":0,"k":[518.85,506.81,0],"ix":1,"l":2},"s":{"a":0,"k":[100,100,100],"ix":6,"l":2}},"ao":0,"shapes":[{"ty":"gr","it":[{"ind":0,"ty":"sh","ix":1,"ks":{"a":0,"k":{"i":[[91.52,-65.44],[-20.88,-211.84],[-36.4,-44.881],[-150.64,-12],[-120.56,83.841],[10.48,30],[215.76,62.8]],"o":[[-103.44,73.84],[10.16,103.12],[22.16,27.36],[151.84,12.08],[245.04,-170.479],[-10.48,-30],[-190.4,-55.36]],"v":[[-277.64,-334.44],[-476.44,102.28],[-404.52,312.84],[-135.56,433.56],[252.28,327.799],[450.76,-130.44],[146.04,-399.88]],"c":true},"ix":2},"nm":"Path 1","mn":"ADBE Vector Shape - Group","hd":false},{"ty":"fl","c":{"a":0,"k":[0.368999974868,0.388000009574,0.404000016755,1],"ix":4},"o":{"a":0,"k":100,"ix":5},"r":1,"bm":0,"nm":"Fill 1","mn":"ADBE Vector Graphic - Fill","hd":false},{"ty":"tr","p":{"a":0,"k":[497.57,455.49],"ix":2},"a":{"a":0,"k":[0,0],"ix":1},"s":{"a":0,"k":[100,100],"ix":3},"r":{"a":0,"k":0,"ix":6},"o":{"a":0,"k":100,"ix":7},"sk":{"a":0,"k":0,"ix":4},"sa":{"a":0,"k":0,"ix":5},"nm":"Transform"}],"nm":"Group 1","np":2,"cix":2,"bm":0,"ix":1,"mn":"ADBE Vector Group","hd":false},{"ty":"gr","it":[{"ind":0,"ty":"sh","ix":1,"ks":{"a":0,"k":{"i":[[-72.64,85.92],[72.4,200.161],[46.4,34.56],[149.36,-23.12],[94.8,-112.08],[3.28,-83.52],[-9.84,-14.961],[-224.56,-7.759]],"o":[[82.08,-97.04],[-35.28,-97.439],[-28.24,-21.04],[-109.2,16.96],[-91.92,108.88],[-4.24,107.44],[17.52,26.56],[198.24,6.8]],"v":[[360.6,278.36],[440.36,-193.161],[318.84,-379.56],[28.44,-430.44],[-321.4,-232.52],[-487.56,45.88],[-401,260.6],[-39.4,446.759]],"c":true},"ix":2},"nm":"Path 1","mn":"ADBE Vector Shape - Group","hd":false},{"ty":"fl","c":{"a":0,"k":[0.250999989229,0.238999998803,0.243000000598,1],"ix":4},"o":{"a":0,"k":100,"ix":5},"r":1,"bm":0,"nm":"Fill 1","mn":"ADBE Vector Graphic - Fill","hd":false},{"ty":"tr","p":{"a":0,"k":[524.69,559.81],"ix":2},"a":{"a":0,"k":[0,0],"ix":1},"s":{"a":0,"k":[100,100],"ix":3},"r":{"a":0,"k":0,"ix":6},"o":{"a":0,"k":100,"ix":7},"sk":{"a":0,"k":0,"ix":4},"sa":{"a":0,"k":0,"ix":5},"nm":"Transform"}],"nm":"Group 2","np":2,"cix":2,"bm":0,"ix":2,"mn":"ADBE Vector Group","hd":false}],"ip":28,"op":52,"st":-14,"bm":0},{"ddd":0,"ind":6,"ty":4,"nm":"white","parent":11,"tt":1,"sr":1,"ks":{"o":{"a":0,"k":100,"ix":11},"r":{"a":1,"k":[{"i":{"x":[0],"y":[0.762]},"o":{"x":[0.167],"y":[0.167]},"t":28,"s":[-309]},{"t":58,"s":[-360]}],"ix":10},"p":{"a":1,"k":[{"i":{"x":0,"y":1},"o":{"x":0.167,"y":0.167},"t":28,"s":[1036.61,412.53,0],"to":[-37.333,33.333,0],"ti":[37.333,-33.333,0]},{"t":58,"s":[812.61,612.53,0]}],"ix":2,"l":2},"a":{"a":0,"k":[654.45,481.49,0],"ix":1,"l":2},"s":{"a":1,"k":[{"i":{"x":[0.833,0.833,0.833],"y":[0.833,0.833,1]},"o":{"x":[0.175,0.175,0.285],"y":[0,0.223,0]},"t":16,"s":[110,62.004,100]},{"i":{"x":[0,0,0.702],"y":[1,1,1]},"o":{"x":[0.167,0.167,0.167],"y":[0.167,0.167,0]},"t":28,"s":[107.421,76.021,100]},{"t":45.23046875,"s":[100,100,100]}],"ix":6,"l":2}},"ao":0,"shapes":[{"ty":"gr","it":[{"ind":0,"ty":"sh","ix":1,"ks":{"a":1,"k":[{"i":{"x":0.667,"y":1},"o":{"x":0.167,"y":0.167},"t":32,"s":[{"i":[[108.56,2.613],[10.487,-73.725],[-105.926,-11.376],[-24.689,90.346]],"o":[[-113.68,-2.737],[-10.48,73.672],[105.92,11.375],[25.44,-93.096]],"v":[[17.08,-210.503],[-215.72,-79.793],[-52.28,61.434],[200.76,-60.691]],"c":true}]},{"t":54,"s":[{"i":[[108.56,3.92],[10.48,-109.92],[-105.92,-17.04],[-24.64,134.72]],"o":[[-113.68,-4.08],[-10.48,109.84],[105.92,16.96],[25.44,-138.8]],"v":[[17.08,-209.16],[-215.72,-14.28],[-52.28,196.28],[200.76,14.2]],"c":true}]}],"ix":2},"nm":"Path 1","mn":"ADBE Vector Shape - Group","hd":false},{"ty":"fl","c":{"a":0,"k":[1,1,1,1],"ix":4},"o":{"a":0,"k":100,"ix":5},"r":1,"bm":0,"nm":"Fill 1","mn":"ADBE Vector Graphic - Fill","hd":false},{"ty":"tr","p":{"a":0,"k":[226.45,213.49],"ix":2},"a":{"a":0,"k":[0,0],"ix":1},"s":{"a":0,"k":[100,100],"ix":3},"r":{"a":0,"k":0,"ix":6},"o":{"a":0,"k":100,"ix":7},"sk":{"a":0,"k":0,"ix":4},"sa":{"a":0,"k":0,"ix":5},"nm":"Transform"}],"nm":"Group 1","np":2,"cix":2,"bm":0,"ix":1,"mn":"ADBE Vector Group","hd":false}],"ip":28,"op":52,"st":-14,"bm":0},{"ddd":0,"ind":7,"ty":4,"nm":"ball","parent":11,"td":1,"sr":1,"ks":{"o":{"a":0,"k":100,"ix":11},"r":{"a":0,"k":0,"ix":10},"p":{"a":0,"k":[518.85,506.81,0],"ix":2,"l":2},"a":{"a":0,"k":[518.85,506.81,0],"ix":1,"l":2},"s":{"a":0,"k":[100,100,100],"ix":6,"l":2}},"ao":0,"shapes":[{"ty":"gr","it":[{"ind":0,"ty":"sh","ix":1,"ks":{"a":0,"k":{"i":[[91.52,-65.44],[-20.88,-211.84],[-36.4,-44.881],[-150.64,-12],[-120.56,83.841],[10.48,30],[215.76,62.8]],"o":[[-103.44,73.84],[10.16,103.12],[22.16,27.36],[151.84,12.08],[245.04,-170.479],[-10.48,-30],[-190.4,-55.36]],"v":[[-277.64,-334.44],[-476.44,102.28],[-404.52,312.84],[-135.56,433.56],[252.28,327.799],[450.76,-130.44],[146.04,-399.88]],"c":true},"ix":2},"nm":"Path 1","mn":"ADBE Vector Shape - Group","hd":false},{"ty":"fl","c":{"a":0,"k":[0.368999974868,0.388000009574,0.404000016755,1],"ix":4},"o":{"a":0,"k":100,"ix":5},"r":1,"bm":0,"nm":"Fill 1","mn":"ADBE Vector Graphic - Fill","hd":false},{"ty":"tr","p":{"a":0,"k":[497.57,455.49],"ix":2},"a":{"a":0,"k":[0,0],"ix":1},"s":{"a":0,"k":[100,100],"ix":3},"r":{"a":0,"k":0,"ix":6},"o":{"a":0,"k":100,"ix":7},"sk":{"a":0,"k":0,"ix":4},"sa":{"a":0,"k":0,"ix":5},"nm":"Transform"}],"nm":"Group 1","np":2,"cix":2,"bm":0,"ix":1,"mn":"ADBE Vector Group","hd":false},{"ty":"gr","it":[{"ind":0,"ty":"sh","ix":1,"ks":{"a":0,"k":{"i":[[-72.64,85.92],[72.4,200.161],[46.4,34.56],[149.36,-23.12],[94.8,-112.08],[3.28,-83.52],[-9.84,-14.961],[-224.56,-7.759]],"o":[[82.08,-97.04],[-35.28,-97.439],[-28.24,-21.04],[-109.2,16.96],[-91.92,108.88],[-4.24,107.44],[17.52,26.56],[198.24,6.8]],"v":[[360.6,278.36],[440.36,-193.161],[318.84,-379.56],[28.44,-430.44],[-321.4,-232.52],[-487.56,45.88],[-401,260.6],[-39.4,446.759]],"c":true},"ix":2},"nm":"Path 1","mn":"ADBE Vector Shape - Group","hd":false},{"ty":"fl","c":{"a":0,"k":[0.250999989229,0.238999998803,0.243000000598,1],"ix":4},"o":{"a":0,"k":100,"ix":5},"r":1,"bm":0,"nm":"Fill 1","mn":"ADBE Vector Graphic - Fill","hd":false},{"ty":"tr","p":{"a":0,"k":[524.69,559.81],"ix":2},"a":{"a":0,"k":[0,0],"ix":1},"s":{"a":0,"k":[100,100],"ix":3},"r":{"a":0,"k":0,"ix":6},"o":{"a":0,"k":100,"ix":7},"sk":{"a":0,"k":0,"ix":4},"sa":{"a":0,"k":0,"ix":5},"nm":"Transform"}],"nm":"Group 2","np":2,"cix":2,"bm":0,"ix":2,"mn":"ADBE Vector Group","hd":false}],"ip":0,"op":28,"st":0,"bm":0},{"ddd":0,"ind":8,"ty":4,"nm":"8","parent":10,"tt":1,"sr":1,"ks":{"o":{"a":0,"k":100,"ix":11},"r":{"a":1,"k":[{"i":{"x":[0.833],"y":[0.833]},"o":{"x":[0.412],"y":[0]},"t":0,"s":[0]},{"i":{"x":[0.737],"y":[0.498]},"o":{"x":[0.167],"y":[0.167]},"t":12,"s":[18.089]},{"i":{"x":[0.762],"y":[0.722]},"o":{"x":[0.442],"y":[0.289]},"t":18,"s":[38.674]},{"i":{"x":[0.728],"y":[1.441]},"o":{"x":[0.4],"y":[-0.35]},"t":22,"s":[78.704]},{"i":{"x":[0.018],"y":[0.965]},"o":{"x":[0.371],"y":[0.037]},"t":23.523,"s":[58.321]},{"i":{"x":[0.473],"y":[1]},"o":{"x":[0.174],"y":[2.527]},"t":24.762,"s":[323.852]},{"t":94,"s":[360]}],"ix":10},"p":{"a":1,"k":[{"i":{"x":0.833,"y":0.833},"o":{"x":0.167,"y":0.167},"t":0,"s":[212.37,192.09,0],"to":[-1.492,0.233,0],"ti":[1.492,-0.233,0]},{"t":10,"s":[203.415,193.489,0]}],"ix":2,"l":2},"a":{"a":0,"k":[104.69,144.73,0],"ix":1,"l":2},"s":{"a":1,"k":[{"i":{"x":[0.833,0.833,0.833],"y":[0.833,0.833,0.833]},"o":{"x":[0.167,0.167,0.167],"y":[0.167,0.167,0.167]},"t":0,"s":[100,100,100]},{"i":{"x":[0.833,0.833,0.833],"y":[0.833,0.833,0.833]},"o":{"x":[0.167,0.167,0.167],"y":[0.167,0.167,0.167]},"t":10,"s":[104,104,100]},{"t":18,"s":[100,100,100]}],"ix":6,"l":2}},"ao":0,"shapes":[{"ty":"gr","it":[{"ind":0,"ty":"sh","ix":1,"ks":{"a":0,"k":{"i":[[4,-16.88],[18.64,4.72],[-4.4,16.559],[-16.16,-4]],"o":[[-4.56,19.04],[-17.28,-4.4],[4.8,-18.081],[19.68,4.8]],"v":[[51.16,-56.56],[11,-36.08],[-10.68,-73.039],[27.48,-93.12]],"c":true},"ix":2},"nm":"Path 1","mn":"ADBE Vector Shape - Group","hd":false},{"ind":1,"ty":"sh","ix":2,"ks":{"a":0,"k":{"i":[[4,-22.479],[22.08,4],[-4.4,28.16],[-20.96,-6.48]],"o":[[-4.08,22.56],[-22.08,-4],[4.4,-28.16],[20.88,6.4]],"v":[[31.96,55.44],[-15.08,85.6],[-49.64,39.04],[3.4,9.28]],"c":true},"ix":2},"nm":"Path 2","mn":"ADBE Vector Shape - Group","hd":false},{"ind":2,"ty":"sh","ix":3,"ks":{"a":0,"k":{"i":[[-5.44,40.32],[45.92,12.16],[8.8,-28.879],[0,0],[3.92,-57.76],[-37.36,-8.96],[-12.8,58.879],[0,0]],"o":[[5.36,-39.68],[-49.92,-13.2],[-12.24,40.16],[0,0],[-3.68,54.48],[46.16,11.12],[10.64,-48.481],[0,0]],"v":[[99.08,-45.6],[38.84,-131.28],[-53.72,-88.16],[-47.88,-28.88],[-100.76,40.64],[-29.88,133.36],[81.4,72.961],[66.28,0.4]],"c":true},"ix":2},"nm":"Path 3","mn":"ADBE Vector Shape - Group","hd":false},{"ty":"mm","mm":1,"nm":"Merge Paths 1","mn":"ADBE Vector Filter - Merge","hd":false},{"ty":"fl","c":{"a":0,"k":[0.187999994615,0.187999994615,0.187999994615,1],"ix":4},"o":{"a":0,"k":100,"ix":5},"r":1,"bm":0,"nm":"Fill 1","mn":"ADBE Vector Graphic - Fill","hd":false},{"ty":"tr","p":{"a":0,"k":[104.69,144.73],"ix":2},"a":{"a":0,"k":[0,0],"ix":1},"s":{"a":0,"k":[100,100],"ix":3},"r":{"a":0,"k":0,"ix":6},"o":{"a":0,"k":100,"ix":7},"sk":{"a":0,"k":0,"ix":4},"sa":{"a":0,"k":0,"ix":5},"nm":"Transform"}],"nm":"Group 1","np":5,"cix":2,"bm":0,"ix":1,"mn":"ADBE Vector Group","hd":false}],"ip":0,"op":28,"st":0,"bm":0},{"ddd":0,"ind":9,"ty":4,"nm":"ball 4","parent":11,"td":1,"sr":1,"ks":{"o":{"a":0,"k":100,"ix":11},"r":{"a":0,"k":0,"ix":10},"p":{"a":0,"k":[518.85,506.81,0],"ix":2,"l":2},"a":{"a":0,"k":[518.85,506.81,0],"ix":1,"l":2},"s":{"a":0,"k":[100,100,100],"ix":6,"l":2}},"ao":0,"shapes":[{"ty":"gr","it":[{"ind":0,"ty":"sh","ix":1,"ks":{"a":0,"k":{"i":[[91.52,-65.44],[-20.88,-211.84],[-36.4,-44.881],[-150.64,-12],[-120.56,83.841],[10.48,30],[215.76,62.8]],"o":[[-103.44,73.84],[10.16,103.12],[22.16,27.36],[151.84,12.08],[245.04,-170.479],[-10.48,-30],[-190.4,-55.36]],"v":[[-277.64,-334.44],[-476.44,102.28],[-404.52,312.84],[-135.56,433.56],[252.28,327.799],[450.76,-130.44],[146.04,-399.88]],"c":true},"ix":2},"nm":"Path 1","mn":"ADBE Vector Shape - Group","hd":false},{"ty":"fl","c":{"a":0,"k":[0.368999974868,0.388000009574,0.404000016755,1],"ix":4},"o":{"a":0,"k":100,"ix":5},"r":1,"bm":0,"nm":"Fill 1","mn":"ADBE Vector Graphic - Fill","hd":false},{"ty":"tr","p":{"a":0,"k":[497.57,455.49],"ix":2},"a":{"a":0,"k":[0,0],"ix":1},"s":{"a":0,"k":[100,100],"ix":3},"r":{"a":0,"k":0,"ix":6},"o":{"a":0,"k":100,"ix":7},"sk":{"a":0,"k":0,"ix":4},"sa":{"a":0,"k":0,"ix":5},"nm":"Transform"}],"nm":"Group 1","np":2,"cix":2,"bm":0,"ix":1,"mn":"ADBE Vector Group","hd":false},{"ty":"gr","it":[{"ind":0,"ty":"sh","ix":1,"ks":{"a":0,"k":{"i":[[-72.64,85.92],[72.4,200.161],[46.4,34.56],[149.36,-23.12],[94.8,-112.08],[3.28,-83.52],[-9.84,-14.961],[-224.56,-7.759]],"o":[[82.08,-97.04],[-35.28,-97.439],[-28.24,-21.04],[-109.2,16.96],[-91.92,108.88],[-4.24,107.44],[17.52,26.56],[198.24,6.8]],"v":[[360.6,278.36],[440.36,-193.161],[318.84,-379.56],[28.44,-430.44],[-321.4,-232.52],[-487.56,45.88],[-401,260.6],[-39.4,446.759]],"c":true},"ix":2},"nm":"Path 1","mn":"ADBE Vector Shape - Group","hd":false},{"ty":"fl","c":{"a":0,"k":[0.250999989229,0.238999998803,0.243000000598,1],"ix":4},"o":{"a":0,"k":100,"ix":5},"r":1,"bm":0,"nm":"Fill 1","mn":"ADBE Vector Graphic - Fill","hd":false},{"ty":"tr","p":{"a":0,"k":[524.69,559.81],"ix":2},"a":{"a":0,"k":[0,0],"ix":1},"s":{"a":0,"k":[100,100],"ix":3},"r":{"a":0,"k":0,"ix":6},"o":{"a":0,"k":100,"ix":7},"sk":{"a":0,"k":0,"ix":4},"sa":{"a":0,"k":0,"ix":5},"nm":"Transform"}],"nm":"Group 2","np":2,"cix":2,"bm":0,"ix":2,"mn":"ADBE Vector Group","hd":false}],"ip":0,"op":28,"st":0,"bm":0},{"ddd":0,"ind":10,"ty":4,"nm":"white","parent":11,"tt":1,"sr":1,"ks":{"o":{"a":0,"k":100,"ix":11},"r":{"a":1,"k":[{"i":{"x":[1],"y":[1]},"o":{"x":[1.04],"y":[0.187]},"t":0,"s":[0]},{"t":26,"s":[-209.936]}],"ix":10},"p":{"a":1,"k":[{"i":{"x":0.882,"y":0.63},"o":{"x":0.902,"y":0},"t":0,"s":[812.61,612.53,0],"to":[-9.436,7.449,0],"ti":[18.542,-14.639,0]},{"i":{"x":0.546,"y":0.902},"o":{"x":0.244,"y":0.083},"t":20,"s":[763.078,664.265,0],"to":[-4.32,3.411,0],"ti":[6.395,-1.311,0]},{"i":{"x":0.613,"y":1},"o":{"x":0.284,"y":0.078},"t":22,"s":[697.666,671.582,0],"to":[-3.002,0.615,0],"ti":[0,0,0]},{"i":{"x":0.667,"y":0.761},"o":{"x":0.333,"y":0},"t":23.523,"s":[736.61,672.53,0],"to":[0,0,0],"ti":[3.622,19.05,0]},{"i":{"x":0.667,"y":0.989},"o":{"x":0.333,"y":0.814},"t":26,"s":[805.926,637.667,0],"to":[-5.487,-28.855,0],"ti":[-0.633,0,0]},{"i":{"x":0.667,"y":1},"o":{"x":0.333,"y":0.025},"t":48,"s":[754.298,432.53,0],"to":[4.321,0,0],"ti":[-2.681,0,0]},{"t":94,"s":[812.61,612.53,0]}],"ix":2,"l":2},"a":{"a":0,"k":[654.45,481.49,0],"ix":1,"l":2},"s":{"a":1,"k":[{"i":{"x":[0.833,0.833,0.833],"y":[0.833,0.833,1]},"o":{"x":[1,1,0.333],"y":[0,0,0]},"t":0,"s":[100,100,100]},{"i":{"x":[0.73,0.73,0.623],"y":[1.257,1.819,1]},"o":{"x":[0.167,0.167,0.167],"y":[0.167,0.167,0]},"t":24.762,"s":[62,127,100]},{"i":{"x":[0.074,0.074,0.679],"y":[1,1,1]},"o":{"x":[0.101,0.101,0.21],"y":[-0.457,-0.839,0]},"t":48,"s":[89.562,110.707,100]},{"t":90,"s":[100,100,100]}],"ix":6,"l":2}},"ao":0,"shapes":[{"ty":"gr","it":[{"ind":0,"ty":"sh","ix":1,"ks":{"a":1,"k":[{"i":{"x":0.833,"y":0.833},"o":{"x":0.167,"y":0.167},"t":0,"s":[{"i":[[108.56,3.92],[10.48,-109.92],[-105.92,-17.04],[-24.64,134.72]],"o":[[-113.68,-4.08],[-10.48,109.84],[105.92,16.96],[25.44,-138.8]],"v":[[17.08,-209.16],[-215.72,-14.28],[-52.28,196.28],[200.76,14.2]],"c":true}]},{"i":{"x":0.833,"y":0.833},"o":{"x":0.167,"y":0.167},"t":10,"s":[{"i":[[105.915,39.327],[46.464,-107.564],[-100.022,-41.639],[-56.013,126.453]],"o":[[-125.429,-47.59],[-43.688,102.024],[100.007,41.633],[57.714,-130.293]],"v":[[67.929,-203.927],[-204.02,-77.617],[-97.654,180.631],[193.756,61.515]],"c":true}]},{"i":{"x":0.833,"y":0.833},"o":{"x":0.167,"y":0.167},"t":12,"s":[{"i":[[103.451,45.69],[52.812,-105.128],[-97.009,-45.812],[-61.255,122.493]],"o":[[-125.487,-55.422],[-49.531,98.597],[96.997,45.807],[63.114,-126.211]],"v":[[76.892,-199.422],[-197.918,-89.133],[-104.91,173.934],[188.849,69.587]],"c":true}]},{"t":20,"s":[{"i":[[103.451,45.69],[52.812,-105.128],[-97.009,-45.812],[-61.255,122.493]],"o":[[-125.487,-55.422],[-49.531,98.597],[96.997,45.807],[63.114,-126.211]],"v":[[76.892,-199.422],[-197.918,-89.133],[-104.91,173.934],[188.849,69.587]],"c":true}]}],"ix":2},"nm":"Path 1","mn":"ADBE Vector Shape - Group","hd":false},{"ty":"fl","c":{"a":0,"k":[1,1,1,1],"ix":4},"o":{"a":0,"k":100,"ix":5},"r":1,"bm":0,"nm":"Fill 1","mn":"ADBE Vector Graphic - Fill","hd":false},{"ty":"tr","p":{"a":0,"k":[226.45,213.49],"ix":2},"a":{"a":0,"k":[0,0],"ix":1},"s":{"a":0,"k":[100,100],"ix":3},"r":{"a":0,"k":0,"ix":6},"o":{"a":0,"k":100,"ix":7},"sk":{"a":0,"k":0,"ix":4},"sa":{"a":0,"k":0,"ix":5},"nm":"Transform"}],"nm":"Group 1","np":2,"cix":2,"bm":0,"ix":1,"mn":"ADBE Vector Group","hd":false}],"ip":0,"op":28,"st":0,"bm":0},{"ddd":0,"ind":11,"ty":4,"nm":"Ball","sr":1,"ks":{"o":{"a":0,"k":100,"ix":11},"r":{"a":1,"k":[{"i":{"x":[0.833],"y":[0.833]},"o":{"x":[0.167],"y":[0.167]},"t":0,"s":[0]},{"i":{"x":[0.833],"y":[0.833]},"o":{"x":[0.167],"y":[0.167]},"t":42,"s":[0]},{"t":92,"s":[0]}],"ix":10},"p":{"a":1,"k":[{"i":{"x":0.667,"y":1},"o":{"x":0.333,"y":0},"t":0.666,"s":[526.36,496.96,0],"to":[-0.884,0,0],"ti":[-0.965,0,0]},{"i":{"x":0.667,"y":1},"o":{"x":0.333,"y":0},"t":12,"s":[528.09,496.96,0],"to":[0.965,0,0],"ti":[1.399,0,0]},{"i":{"x":0.667,"y":1},"o":{"x":0.333,"y":0},"t":27.332,"s":[525.39,496.96,0],"to":[-1.399,0,0],"ti":[-0.052,0,0]},{"i":{"x":0.667,"y":1},"o":{"x":0.333,"y":0},"t":34,"s":[526.813,496.96,0],"to":[0.052,0,0],"ti":[0.466,0,0]},{"i":{"x":0.667,"y":1},"o":{"x":0.333,"y":0},"t":40.666,"s":[527.95,496.96,0],"to":[-0.466,0,0],"ti":[-0.607,0,0]},{"i":{"x":0.667,"y":1},"o":{"x":0.333,"y":0},"t":47.332,"s":[524.847,496.96,0],"to":[0.607,0,0],"ti":[-0.914,0,0]},{"i":{"x":0.667,"y":1},"o":{"x":0.333,"y":0},"t":54,"s":[528.026,496.96,0],"to":[0.914,0,0],"ti":[-0.518,0,0]},{"i":{"x":0.667,"y":1},"o":{"x":0.333,"y":0},"t":60.666,"s":[525.005,496.96,0],"to":[0.518,0,0],"ti":[1.85,0,0]},{"i":{"x":0.667,"y":1},"o":{"x":0.333,"y":0},"t":67.332,"s":[527.728,496.96,0],"to":[-1.85,0,0],"ti":[0.223,0,0]},{"i":{"x":0.667,"y":1},"o":{"x":0.333,"y":0},"t":82,"s":[525.979,496.96,0],"to":[-0.223,0,0],"ti":[0.884,0,0]},{"t":94,"s":[526.36,496.96,0]}],"ix":2,"l":2},"a":{"a":0,"k":[518.85,506.81,0],"ix":1,"l":2},"s":{"a":0,"k":[100,100,100],"ix":6,"l":2}},"ao":0,"shapes":[{"ty":"gr","it":[{"ind":0,"ty":"sh","ix":1,"ks":{"a":0,"k":{"i":[[91.52,-65.44],[-20.88,-211.84],[-36.4,-44.881],[-150.64,-12],[-120.56,83.841],[10.48,30],[215.76,62.8]],"o":[[-103.44,73.84],[10.16,103.12],[22.16,27.36],[151.84,12.08],[245.04,-170.479],[-10.48,-30],[-190.4,-55.36]],"v":[[-277.64,-334.44],[-476.44,102.28],[-404.52,312.84],[-135.56,433.56],[252.28,327.799],[450.76,-130.44],[146.04,-399.88]],"c":true},"ix":2},"nm":"Path 1","mn":"ADBE Vector Shape - Group","hd":false},{"ty":"fl","c":{"a":0,"k":[0.368999974868,0.388000009574,0.404000016755,1],"ix":4},"o":{"a":0,"k":100,"ix":5},"r":1,"bm":0,"nm":"Fill 1","mn":"ADBE Vector Graphic - Fill","hd":false},{"ty":"tr","p":{"a":0,"k":[497.57,455.49],"ix":2},"a":{"a":0,"k":[0,0],"ix":1},"s":{"a":0,"k":[100,100],"ix":3},"r":{"a":0,"k":0,"ix":6},"o":{"a":0,"k":100,"ix":7},"sk":{"a":0,"k":0,"ix":4},"sa":{"a":0,"k":0,"ix":5},"nm":"Transform"}],"nm":"Group 1","np":2,"cix":2,"bm":0,"ix":1,"mn":"ADBE Vector Group","hd":false},{"ty":"gr","it":[{"ind":0,"ty":"sh","ix":1,"ks":{"a":0,"k":{"i":[[-72.64,85.92],[72.4,200.161],[46.4,34.56],[149.36,-23.12],[94.8,-112.08],[3.28,-83.52],[-9.84,-14.961],[-224.56,-7.759]],"o":[[82.08,-97.04],[-35.28,-97.439],[-28.24,-21.04],[-109.2,16.96],[-91.92,108.88],[-4.24,107.44],[17.52,26.56],[198.24,6.8]],"v":[[360.6,278.36],[440.36,-193.161],[318.84,-379.56],[28.44,-430.44],[-321.4,-232.52],[-487.56,45.88],[-401,260.6],[-39.4,446.759]],"c":true},"ix":2},"nm":"Path 1","mn":"ADBE Vector Shape - Group","hd":false},{"ty":"fl","c":{"a":0,"k":[0.368999987841,0.388000011444,0.404000014067,1],"ix":4},"o":{"a":0,"k":100,"ix":5},"r":1,"bm":0,"nm":"Fill 1","mn":"ADBE Vector Graphic - Fill","hd":false},{"ty":"tr","p":{"a":0,"k":[524.69,559.81],"ix":2},"a":{"a":0,"k":[0,0],"ix":1},"s":{"a":0,"k":[100,100],"ix":3},"r":{"a":0,"k":0,"ix":6},"o":{"a":0,"k":100,"ix":7},"sk":{"a":0,"k":0,"ix":4},"sa":{"a":0,"k":0,"ix":5},"nm":"Transform"}],"nm":"Group 2","np":2,"cix":2,"bm":0,"ix":2,"mn":"ADBE Vector Group","hd":false}],"ip":0,"op":52,"st":0,"bm":0}],"markers":[{"tm":0,"cm":"Rest","dr":0}]}