{"v":"5.8.1","fr":60,"ip":0,"op":83,"w":1024,"h":1024,"nm":"emoji_high-voltage remap","ddd":0,"assets":[{"id":"comp_0","nm":"emoji_86_high-voltage","fr":60,"layers":[{"ddd":0,"ind":1,"ty":4,"nm":"spark 10","sr":1,"ks":{"o":{"a":0,"k":100,"ix":11},"r":{"a":0,"k":0,"ix":10},"p":{"a":0,"k":[333,841.5,0],"ix":2,"l":2},"a":{"a":0,"k":[-179,329.5,0],"ix":1,"l":2},"s":{"a":0,"k":[100,100,100],"ix":6,"l":2}},"ao":0,"shapes":[{"ty":"gr","it":[{"ind":0,"ty":"sh","ix":1,"ks":{"a":1,"k":[{"i":{"x":0.833,"y":0.833},"o":{"x":0.167,"y":0.167},"t":88,"s":[{"i":[[0,0],[0,0],[0,0],[0,0],[0,0],[0,0]],"o":[[0,0],[0,0],[0,0],[0,0],[0,0],[0,0]],"v":[[-107,184],[-203,221],[-163,393],[-251,475],[-140,397],[-181,229]],"c":true}]},{"i":{"x":0.833,"y":0.833},"o":{"x":0.167,"y":0.167},"t":92,"s":[{"i":[[0,0],[0,0],[0,0],[0,0],[0,0],[0,0]],"o":[[0,0],[0,0],[0,0],[0,0],[0,0],[0,0]],"v":[[-54,289],[-102,376.5],[-162.5,399.5],[-204,436],[-152.5,410.5],[-91,393.5]],"c":true}]},{"t":98,"s":[{"i":[[0,0],[0,0],[0,0],[0,0],[0,0],[0,0]],"o":[[0,0],[0,0],[0,0],[0,0],[0,0],[0,0]],"v":[[-163,448],[-211.107,465.867],[-226.653,486.337],[-251,499],[-220.787,490.153],[-204.653,471.765]],"c":true}]}],"ix":2},"nm":"Path 1","mn":"ADBE Vector Shape - Group","hd":false},{"ty":"fl","c":{"a":0,"k":[0.996078431373,0.721568627451,0.01568627451,1],"ix":4},"o":{"a":0,"k":100,"ix":5},"r":1,"bm":0,"nm":"Fill 1","mn":"ADBE Vector Graphic - Fill","hd":false},{"ty":"tr","p":{"a":0,"k":[0,0],"ix":2},"a":{"a":0,"k":[0,0],"ix":1},"s":{"a":0,"k":[100,100],"ix":3},"r":{"a":0,"k":0,"ix":6},"o":{"a":0,"k":100,"ix":7},"sk":{"a":0,"k":0,"ix":4},"sa":{"a":0,"k":0,"ix":5},"nm":"Transform"}],"nm":"Shape 1","np":3,"cix":2,"bm":0,"ix":1,"mn":"ADBE Vector Group","hd":false}],"ip":88,"op":98,"st":0,"bm":0},{"ddd":0,"ind":2,"ty":4,"nm":"spark 9","sr":1,"ks":{"o":{"a":0,"k":100,"ix":11},"r":{"a":0,"k":0,"ix":10},"p":{"a":0,"k":[276,518,0],"ix":2,"l":2},"a":{"a":0,"k":[-236,6,0],"ix":1,"l":2},"s":{"a":0,"k":[100,100,100],"ix":6,"l":2}},"ao":0,"shapes":[{"ty":"gr","it":[{"ind":0,"ty":"sh","ix":1,"ks":{"a":1,"k":[{"i":{"x":0.833,"y":0.833},"o":{"x":0.167,"y":0.167},"t":88,"s":[{"i":[[0,0],[0,0],[0,0],[0,0],[0,0],[0,0]],"o":[[0,0],[0,0],[0,0],[0,0],[0,0],[0,0]],"v":[[-171,-126],[-319,-90],[-180,53],[-198,138],[-153,37],[-266,-77]],"c":true}]},{"i":{"x":0.833,"y":0.833},"o":{"x":0.167,"y":0.167},"t":90,"s":[{"i":[[0,0],[0,0],[0,0],[0,0],[0,0],[0,0]],"o":[[0,0],[0,0],[0,0],[0,0],[0,0],[0,0]],"v":[[-280.62,15.221],[-289.625,68.125],[-150.5,75.75],[-168.5,157],[-126,62.5],[-260.031,54.594]],"c":true}]},{"i":{"x":0.833,"y":0.833},"o":{"x":0.167,"y":0.167},"t":92,"s":[{"i":[[0,0],[0,0],[0,0],[0,0],[0,0],[0,0]],"o":[[0,0],[0,0],[0,0],[0,0],[0,0],[0,0]],"v":[[-182.241,77.442],[-182.25,77.25],[-121,98.5],[-139,176],[-99,88],[-184.063,78.188]],"c":true}]},{"t":98,"s":[{"i":[[0,0],[0,0],[0,0],[0,0],[0,0],[0,0]],"o":[[0,0],[0,0],[0,0],[0,0],[0,0],[0,0]],"v":[[-94.241,96.442],[-94.25,96.25],[-113,107.5],[-153,203],[-91,97],[-96.063,97.188]],"c":true}]}],"ix":2},"nm":"Path 1","mn":"ADBE Vector Shape - Group","hd":false},{"ty":"fl","c":{"a":0,"k":[0.996078431373,0.721568627451,0.01568627451,1],"ix":4},"o":{"a":0,"k":100,"ix":5},"r":1,"bm":0,"nm":"Fill 1","mn":"ADBE Vector Graphic - Fill","hd":false},{"ty":"tr","p":{"a":0,"k":[0,0],"ix":2},"a":{"a":0,"k":[0,0],"ix":1},"s":{"a":0,"k":[100,100],"ix":3},"r":{"a":0,"k":0,"ix":6},"o":{"a":0,"k":100,"ix":7},"sk":{"a":0,"k":0,"ix":4},"sa":{"a":0,"k":0,"ix":5},"nm":"Transform"}],"nm":"Shape 1","np":3,"cix":2,"bm":0,"ix":1,"mn":"ADBE Vector Group","hd":false}],"ip":88,"op":98,"st":0,"bm":0},{"ddd":0,"ind":3,"ty":4,"nm":"spark 7","sr":1,"ks":{"o":{"a":0,"k":100,"ix":11},"r":{"a":0,"k":0,"ix":10},"p":{"a":0,"k":[484.75,260,0],"ix":2,"l":2},"a":{"a":0,"k":[-27.25,-252,0],"ix":1,"l":2},"s":{"a":0,"k":[100,100,100],"ix":6,"l":2}},"ao":0,"shapes":[{"ty":"gr","it":[{"ind":0,"ty":"sh","ix":1,"ks":{"a":1,"k":[{"i":{"x":0.833,"y":0.833},"o":{"x":0.167,"y":0.167},"t":66,"s":[{"i":[[0,0],[0,0],[0,0]],"o":[[0,0],[0,0],[0,0]],"v":[[18.5,-279],[-43,-265],[-73,-225]],"c":true}]},{"t":72,"s":[{"i":[[0,0],[0,0],[0,0]],"o":[[0,0],[0,0],[0,0]],"v":[[-86.5,-236],[-106,-208],[-104,-165]],"c":true}]}],"ix":2},"nm":"Path 1","mn":"ADBE Vector Shape - Group","hd":false},{"ty":"fl","c":{"a":0,"k":[0.996078431373,0.721568627451,0.01568627451,1],"ix":4},"o":{"a":0,"k":100,"ix":5},"r":1,"bm":0,"nm":"Fill 1","mn":"ADBE Vector Graphic - Fill","hd":false},{"ty":"tr","p":{"a":0,"k":[0,0],"ix":2},"a":{"a":0,"k":[0,0],"ix":1},"s":{"a":0,"k":[100,100],"ix":3},"r":{"a":0,"k":0,"ix":6},"o":{"a":0,"k":100,"ix":7},"sk":{"a":0,"k":0,"ix":4},"sa":{"a":0,"k":0,"ix":5},"nm":"Transform"}],"nm":"Shape 1","np":3,"cix":2,"bm":0,"ix":1,"mn":"ADBE Vector Group","hd":false}],"ip":66,"op":72,"st":0,"bm":0},{"ddd":0,"ind":4,"ty":4,"nm":"spark 6B","sr":1,"ks":{"o":{"a":0,"k":100,"ix":11},"r":{"a":0,"k":0,"ix":10},"p":{"a":0,"k":[704,137.75,0],"ix":2,"l":2},"a":{"a":0,"k":[192,-374.25,0],"ix":1,"l":2},"s":{"a":0,"k":[100,100,100],"ix":6,"l":2}},"ao":0,"shapes":[{"ty":"gr","it":[{"ind":0,"ty":"sh","ix":1,"ks":{"a":1,"k":[{"i":{"x":0.833,"y":0.833},"o":{"x":0.167,"y":0.167},"t":60,"s":[{"i":[[0,0],[0,0],[0,0],[0,0],[0,0],[0,0]],"o":[[0,0],[0,0],[0,0],[0,0],[0,0],[0,0]],"v":[[233.5,-470.5],[150,-433],[162.5,-390],[161.5,-277],[179,-391],[166.5,-424.5]],"c":true}]},{"i":{"x":0.833,"y":0.833},"o":{"x":0.167,"y":0.167},"t":66,"s":[{"i":[[0,0],[0,0],[0,0],[0,0],[0,0],[0,0]],"o":[[0,0],[0,0],[0,0],[0,0],[0,0],[0,0]],"v":[[97.5,-358],[-16,-312.5],[74,-275],[39,-180.5],[99,-275],[27,-308.5]],"c":true}]},{"i":{"x":0.833,"y":0.833},"o":{"x":0.167,"y":0.167},"t":68,"s":[{"i":[[0,0],[0,0],[0,0],[0,0],[0,0],[0,0]],"o":[[0,0],[0,0],[0,0],[0,0],[0,0],[0,0]],"v":[[32.167,-328.333],[44.333,-286],[40.333,-242.667],[-6.333,-189.833],[61,-228.333],[62,-281.333]],"c":true}]},{"i":{"x":0.833,"y":0.833},"o":{"x":0.167,"y":0.167},"t":70,"s":[{"i":[[0,0],[0,0],[0,0],[0,0],[0,0],[0,0]],"o":[[0,0],[0,0],[0,0],[0,0],[0,0],[0,0]],"v":[[154.833,-226.667],[90.667,-197.5],[10.667,-252.333],[-51.667,-199.167],[13,-237.667],[97,-168.167]],"c":true}]},{"i":{"x":0.833,"y":0.833},"o":{"x":0.167,"y":0.167},"t":72,"s":[{"i":[[0,0],[0,0],[0,0],[0,0],[0,0],[0,0]],"o":[[0,0],[0,0],[0,0],[0,0],[0,0],[0,0]],"v":[[99.5,-218],[48,-168.5],[-21,-241],[-97,-208.5],[-30,-219],[75,-96.5]],"c":true}]},{"i":{"x":0.833,"y":0.833},"o":{"x":0.167,"y":0.167},"t":76,"s":[{"i":[[0,0],[0,0],[0,0],[0,0],[0,0],[0,0]],"o":[[0,0],[0,0],[0,0],[0,0],[0,0],[0,0]],"v":[[-117.956,-162.516],[-248.583,-130.431],[-71.992,-7.909],[32.951,0.146],[-72.169,-33.413],[-199.563,-120.734]],"c":true}]},{"t":82,"s":[{"i":[[0,0],[0,0],[0,0],[0,0],[0,0],[0,0]],"o":[[0,0],[0,0],[0,0],[0,0],[0,0],[0,0]],"v":[[109.044,-39.516],[-21.583,-7.431],[116.008,102.091],[98.951,188.146],[138.831,89.587],[27.437,2.266]],"c":true}]}],"ix":2},"nm":"Path 1","mn":"ADBE Vector Shape - Group","hd":false},{"ty":"fl","c":{"a":0,"k":[0.996078431373,0.721568627451,0.01568627451,1],"ix":4},"o":{"a":0,"k":100,"ix":5},"r":1,"bm":0,"nm":"Fill 1","mn":"ADBE Vector Graphic - Fill","hd":false},{"ty":"tr","p":{"a":0,"k":[0,0],"ix":2},"a":{"a":0,"k":[0,0],"ix":1},"s":{"a":0,"k":[100,100],"ix":3},"r":{"a":0,"k":0,"ix":6},"o":{"a":0,"k":100,"ix":7},"sk":{"a":0,"k":0,"ix":4},"sa":{"a":0,"k":0,"ix":5},"nm":"Transform"}],"nm":"Shape 1","np":3,"cix":2,"bm":0,"ix":1,"mn":"ADBE Vector Group","hd":false}],"ip":60,"op":82,"st":0,"bm":0},{"ddd":0,"ind":5,"ty":4,"nm":"spark 6","sr":1,"ks":{"o":{"a":0,"k":100,"ix":11},"r":{"a":0,"k":0,"ix":10},"p":{"a":0,"k":[807.75,31.5,0],"ix":2,"l":2},"a":{"a":0,"k":[295.75,-480.5,0],"ix":1,"l":2},"s":{"a":0,"k":[100,100,100],"ix":6,"l":2}},"ao":0,"shapes":[{"ty":"gr","it":[{"ind":0,"ty":"sh","ix":1,"ks":{"a":1,"k":[{"i":{"x":0.833,"y":0.833},"o":{"x":0.167,"y":0.167},"t":60,"s":[{"i":[[0,0],[0,0],[0,0],[0,0],[0,0],[0,0]],"o":[[0,0],[0,0],[0,0],[0,0],[0,0],[0,0]],"v":[[310,-504],[307.139,-472.526],[306.5,-465.5],[276.5,-448.5],[315,-460.5],[314.042,-468.837]],"c":true}]},{"i":{"x":0.833,"y":0.833},"o":{"x":0.167,"y":0.167},"t":66,"s":[{"i":[[0,0],[0,0],[0,0],[0,0],[0,0],[0,0]],"o":[[0,0],[0,0],[0,0],[0,0],[0,0],[0,0]],"v":[[250,-439],[212.714,-357.717],[128.5,-366],[107,-304.5],[137.5,-350],[247.852,-332.166]],"c":true}]},{"i":{"x":0.833,"y":0.833},"o":{"x":0.167,"y":0.167},"t":72,"s":[{"i":[[0,0],[0,0],[0,0],[0,0],[0,0],[0,0]],"o":[[0,0],[0,0],[0,0],[0,0],[0,0],[0,0]],"v":[[95.5,-332],[33.214,-345.717],[7,-270],[6.5,-269.5],[7,-270],[43.852,-328.666]],"c":true}]},{"t":76,"s":[{"i":[[0,0],[0,0],[0,0],[0,0],[0,0],[0,0]],"o":[[0,0],[0,0],[0,0],[0,0],[0,0],[0,0]],"v":[[7.5,-304],[-30.786,-282.717],[-57,-222],[-57.5,-221.5],[-57,-222],[-20.148,-265.666]],"c":true}]}],"ix":2},"nm":"Path 1","mn":"ADBE Vector Shape - Group","hd":false},{"ty":"fl","c":{"a":0,"k":[0.996078431373,0.721568627451,0.01568627451,1],"ix":4},"o":{"a":0,"k":100,"ix":5},"r":1,"bm":0,"nm":"Fill 1","mn":"ADBE Vector Graphic - Fill","hd":false},{"ty":"tr","p":{"a":0,"k":[0,0],"ix":2},"a":{"a":0,"k":[0,0],"ix":1},"s":{"a":0,"k":[100,100],"ix":3},"r":{"a":0,"k":0,"ix":6},"o":{"a":0,"k":100,"ix":7},"sk":{"a":0,"k":0,"ix":4},"sa":{"a":0,"k":0,"ix":5},"nm":"Transform"}],"nm":"Shape 1","np":3,"cix":2,"bm":0,"ix":1,"mn":"ADBE Vector Group","hd":false}],"ip":60,"op":76,"st":0,"bm":0},{"ddd":0,"ind":6,"ty":4,"nm":"spark 5","sr":1,"ks":{"o":{"a":0,"k":100,"ix":11},"r":{"a":0,"k":0,"ix":10},"p":{"a":0,"k":[507,608.5,0],"ix":2,"l":2},"a":{"a":0,"k":[-5,96.5,0],"ix":1,"l":2},"s":{"a":0,"k":[100,100,100],"ix":6,"l":2}},"ao":0,"shapes":[{"ty":"gr","it":[{"ind":0,"ty":"sh","ix":1,"ks":{"a":1,"k":[{"i":{"x":0.833,"y":0.833},"o":{"x":0.167,"y":0.167},"t":44,"s":[{"i":[[0,0],[0,0],[0,0],[0,0],[0,0],[0,0]],"o":[[0,0],[0,0],[0,0],[0,0],[0,0],[0,0]],"v":[[27,-40],[-56,150],[-14,159],[-52,233],[44,157],[-20,142]],"c":true}]},{"i":{"x":0.833,"y":0.833},"o":{"x":0.167,"y":0.167},"t":46,"s":[{"i":[[0,0],[0,0],[0,0],[0,0],[0,0],[0,0]],"o":[[0,0],[0,0],[0,0],[0,0],[0,0],[0,0]],"v":[[-9.333,8.333],[-110.333,188],[-102.667,291],[-141.667,316.333],[-84,312],[-93.333,190.333]],"c":true}]},{"i":{"x":0.833,"y":0.833},"o":{"x":0.167,"y":0.167},"t":50,"s":[{"i":[[0,0],[0,0],[0,0],[0,0],[0,0],[0,0]],"o":[[0,0],[0,0],[0,0],[0,0],[0,0],[0,0]],"v":[[-82,105],[-261,414],[-310,393],[-321,483],[-295,418],[-240,440]],"c":true}]},{"i":{"x":0.833,"y":0.833},"o":{"x":0.167,"y":0.167},"t":54,"s":[{"i":[[0,0],[0,0],[0,0],[0,0],[0,0],[0,0]],"o":[[0,0],[0,0],[0,0],[0,0],[0,0],[0,0]],"v":[[-186.667,269],[-277,440],[-357.333,456.667],[-330.667,489.667],[-327.667,467],[-261.333,451]],"c":true}]},{"i":{"x":0.833,"y":0.833},"o":{"x":0.167,"y":0.167},"t":56,"s":[{"i":[[0,0],[0,0],[0,0],[0,0],[0,0],[0,0]],"o":[[0,0],[0,0],[0,0],[0,0],[0,0],[0,0]],"v":[[-239,351],[-367.5,499.5],[-366,499],[-335.5,493],[-335,493],[-335,492.5]],"c":true}]},{"t":60,"s":[{"i":[[0,0],[0,0],[0,0],[0,0],[0,0],[0,0]],"o":[[0,0],[0,0],[0,0],[0,0],[0,0],[0,0]],"v":[[-324,451],[-367.5,499.5],[-366,499],[-354.5,499],[-354,499],[-354,498.5]],"c":true}]}],"ix":2},"nm":"Path 1","mn":"ADBE Vector Shape - Group","hd":false},{"ty":"fl","c":{"a":0,"k":[0.996078431373,0.721568627451,0.01568627451,1],"ix":4},"o":{"a":0,"k":100,"ix":5},"r":1,"bm":0,"nm":"Fill 1","mn":"ADBE Vector Graphic - Fill","hd":false},{"ty":"tr","p":{"a":0,"k":[0,0],"ix":2},"a":{"a":0,"k":[0,0],"ix":1},"s":{"a":0,"k":[100,100],"ix":3},"r":{"a":0,"k":0,"ix":6},"o":{"a":0,"k":100,"ix":7},"sk":{"a":0,"k":0,"ix":4},"sa":{"a":0,"k":0,"ix":5},"nm":"Transform"}],"nm":"Shape 1","np":3,"cix":2,"bm":0,"ix":1,"mn":"ADBE Vector Group","hd":false}],"ip":44,"op":60,"st":0,"bm":0},{"ddd":0,"ind":7,"ty":4,"nm":"spark 4","sr":1,"ks":{"o":{"a":0,"k":100,"ix":11},"r":{"a":0,"k":0,"ix":10},"p":{"a":0,"k":[316,738.5,0],"ix":2,"l":2},"a":{"a":0,"k":[-196,226.5,0],"ix":1,"l":2},"s":{"a":0,"k":[100,100,100],"ix":6,"l":2}},"ao":0,"shapes":[{"ty":"gr","it":[{"ind":0,"ty":"sh","ix":1,"ks":{"a":1,"k":[{"i":{"x":0.833,"y":0.833},"o":{"x":0.167,"y":0.167},"t":38,"s":[{"i":[[0,0],[0,0],[0,0],[0,0],[0,0],[0,0]],"o":[[0,0],[0,0],[0,0],[0,0],[0,0],[0,0]],"v":[[-26,-23],[-268,246],[-189,210],[-280,373],[-153,195],[-194,199]],"c":true}]},{"i":{"x":0.833,"y":0.833},"o":{"x":0.167,"y":0.167},"t":44,"s":[{"i":[[0,0],[0,0],[0,0],[0,0],[0,0],[0,0]],"o":[[0,0],[0,0],[0,0],[0,0],[0,0],[0,0]],"v":[[-289,415],[-291,416],[-305,442],[-330,490],[-242,405],[-242,405]],"c":true}]},{"t":48,"s":[{"i":[[0,0],[0,0],[0,0],[0,0],[0,0],[0,0]],"o":[[0,0],[0,0],[0,0],[0,0],[0,0],[0,0]],"v":[[-316.023,472.353],[-316.705,472.588],[-321.477,478.706],[-330,490],[-300,470],[-300,470]],"c":true}]}],"ix":2},"nm":"Path 1","mn":"ADBE Vector Shape - Group","hd":false},{"ty":"fl","c":{"a":0,"k":[0.996078431373,0.721568627451,0.01568627451,1],"ix":4},"o":{"a":0,"k":100,"ix":5},"r":1,"bm":0,"nm":"Fill 1","mn":"ADBE Vector Graphic - Fill","hd":false},{"ty":"tr","p":{"a":0,"k":[0,0],"ix":2},"a":{"a":0,"k":[0,0],"ix":1},"s":{"a":0,"k":[100,100],"ix":3},"r":{"a":0,"k":0,"ix":6},"o":{"a":0,"k":100,"ix":7},"sk":{"a":0,"k":0,"ix":4},"sa":{"a":0,"k":0,"ix":5},"nm":"Transform"}],"nm":"Shape 1","np":3,"cix":2,"bm":0,"ix":1,"mn":"ADBE Vector Group","hd":false}],"ip":38,"op":48,"st":0,"bm":0},{"ddd":0,"ind":8,"ty":4,"nm":"spark 3","sr":1,"ks":{"o":{"a":0,"k":100,"ix":11},"r":{"a":0,"k":0,"ix":10},"p":{"a":0,"k":[441,364.5,0],"ix":2,"l":2},"a":{"a":0,"k":[-71,-147.5,0],"ix":1,"l":2},"s":{"a":0,"k":[100,100,100],"ix":6,"l":2}},"ao":0,"shapes":[{"ty":"gr","it":[{"ind":0,"ty":"sh","ix":1,"ks":{"a":1,"k":[{"i":{"x":0.833,"y":0.833},"o":{"x":0.167,"y":0.167},"t":28,"s":[{"i":[[0,0],[0,0],[0,0],[0,0],[0,0],[0,0],[0,0],[0,0],[0,0],[0,0]],"o":[[0,0],[0,0],[0,0],[0,0],[0,0],[0,0],[0,0],[0,0],[0,0],[0,0]],"v":[[79,-337],[-61.147,-302.797],[-89,-296],[-131,-207],[-220,-152],[-189,42],[-192,-152],[-105,-209],[-79,-274],[36,-296]],"c":true}]},{"i":{"x":0.833,"y":0.833},"o":{"x":0.167,"y":0.167},"t":30,"s":[{"i":[[0,0],[0,0],[0,0],[0,0],[0,0],[0,0],[0,0],[0,0],[0,0],[0,0]],"o":[[0,0],[0,0],[0,0],[0,0],[0,0],[0,0],[0,0],[0,0],[0,0],[0,0]],"v":[[-96.667,-194.333],[-205.318,-199.678],[-208.333,-146],[-140.667,-5.667],[-194.667,39.667],[-206.333,188.667],[-161.333,38.333],[-111.667,-5.333],[-191.333,-175.667],[-112,-186]],"c":true}]},{"i":{"x":0.833,"y":0.833},"o":{"x":0.167,"y":0.167},"t":32,"s":[{"i":[[0,0],[0,0],[0,0],[0,0],[0,0],[0,0],[0,0],[0,0],[0,0],[0,0]],"o":[[0,0],[0,0],[0,0],[0,0],[0,0],[0,0],[0,0],[0,0],[0,0],[0,0]],"v":[[-116.333,-51.667],[-169.49,2.441],[-113.667,99],[-174.333,191.667],[-123.333,235.333],[-223.667,335.333],[-84.667,232.667],[-142.333,194.333],[-89.667,86.667],[-157,3]],"c":true}]},{"i":{"x":0.833,"y":0.833},"o":{"x":0.167,"y":0.167},"t":34,"s":[{"i":[[0,0],[0,0],[0,0],[0,0],[0,0],[0,0],[0,0],[0,0],[0,0],[0,0]],"o":[[0,0],[0,0],[0,0],[0,0],[0,0],[0,0],[0,0],[0,0],[0,0],[0,0]],"v":[[-136,91],[-133.661,204.561],[-87,352],[-160,397],[-144,423],[-241,482],[-100,419],[-125,402],[-56,357],[-114,196]],"c":true}]},{"t":38,"s":[{"i":[[0,0],[0,0],[0,0],[0,0],[0,0],[0,0],[0,0],[0,0],[0,0],[0,0]],"o":[[0,0],[0,0],[0,0],[0,0],[0,0],[0,0],[0,0],[0,0],[0,0],[0,0]],"v":[[-183.297,384],[-203.817,429.598],[-195.243,444.259],[-228.784,466.669],[-221.432,479.617],[-266,509],[-190.216,484.625],[-201.703,476.159],[-164,450.749],[-194.784,425.335]],"c":true}]}],"ix":2},"nm":"Path 1","mn":"ADBE Vector Shape - Group","hd":false},{"ty":"fl","c":{"a":0,"k":[0.996078431373,0.721568627451,0.01568627451,1],"ix":4},"o":{"a":0,"k":100,"ix":5},"r":1,"bm":0,"nm":"Fill 1","mn":"ADBE Vector Graphic - Fill","hd":false},{"ty":"tr","p":{"a":0,"k":[0,0],"ix":2},"a":{"a":0,"k":[0,0],"ix":1},"s":{"a":0,"k":[100,100],"ix":3},"r":{"a":0,"k":0,"ix":6},"o":{"a":0,"k":100,"ix":7},"sk":{"a":0,"k":0,"ix":4},"sa":{"a":0,"k":0,"ix":5},"nm":"Transform"}],"nm":"Shape 1","np":3,"cix":2,"bm":0,"ix":1,"mn":"ADBE Vector Group","hd":false}],"ip":28,"op":38,"st":0,"bm":0},{"ddd":0,"ind":9,"ty":4,"nm":"spark","sr":1,"ks":{"o":{"a":0,"k":100,"ix":11},"r":{"a":0,"k":0,"ix":10},"p":{"a":0,"k":[669.5,297.5,0],"ix":2,"l":2},"a":{"a":0,"k":[157.5,-214.5,0],"ix":1,"l":2},"s":{"a":0,"k":[100,100,100],"ix":6,"l":2}},"ao":0,"shapes":[{"ty":"gr","it":[{"ind":0,"ty":"sh","ix":1,"ks":{"a":1,"k":[{"i":{"x":0.833,"y":0.833},"o":{"x":0.167,"y":0.167},"t":6,"s":[{"i":[[0,0],[0,0],[0,0],[0,0],[0,0],[0,0]],"o":[[0,0],[0,0],[0,0],[0,0],[0,0],[0,0]],"v":[[233,-341],[202,-255.5],[180.5,-265.5],[78,-86.5],[173.5,-226],[216,-227]],"c":true}]},{"i":{"x":0.833,"y":0.833},"o":{"x":0.167,"y":0.167},"t":8,"s":[{"i":[[0,0],[0,0],[0,0],[0,0],[0,0],[0,0]],"o":[[0,0],[0,0],[0,0],[0,0],[0,0],[0,0]],"v":[[203.667,-296.667],[125.667,-125.833],[183.5,-101.167],[183.333,-24.167],[238.833,-97.667],[148.333,-131]],"c":true}]},{"i":{"x":0.833,"y":0.833},"o":{"x":0.167,"y":0.167},"t":12,"s":[{"i":[[0,0],[0,0],[0,0],[0,0],[0,0],[0,0]],"o":[[0,0],[0,0],[0,0],[0,0],[0,0],[0,0]],"v":[[145,-208],[51,-82.5],[93.5,203.5],[40,274.5],[117.5,213],[67,-71]],"c":true}]},{"i":{"x":0.833,"y":0.833},"o":{"x":0.167,"y":0.167},"t":14,"s":[{"i":[[0,0],[0,0],[0,0],[0,0],[0,0],[0,0]],"o":[[0,0],[0,0],[0,0],[0,0],[0,0],[0,0]],"v":[[114.167,50.833],[38.667,116.5],[-6.833,216.167],[-167.333,259.167],[-0.5,255.833],[47.667,149]],"c":true}]},{"t":18,"s":[{"i":[[0,0],[0,0],[0,0],[0,0],[0,0],[0,0]],"o":[[0,0],[0,0],[0,0],[0,0],[0,0],[0,0]],"v":[[-37.5,334.5],[-112,370.5],[-207.5,241.5],[-276,384.5],[-200.5,281.5],[-129,409]],"c":true}]}],"ix":2},"nm":"Path 1","mn":"ADBE Vector Shape - Group","hd":false},{"ty":"fl","c":{"a":0,"k":[0.996078431373,0.721568627451,0.01568627451,1],"ix":4},"o":{"a":0,"k":100,"ix":5},"r":1,"bm":0,"nm":"Fill 1","mn":"ADBE Vector Graphic - Fill","hd":false},{"ty":"tr","p":{"a":0,"k":[0,0],"ix":2},"a":{"a":0,"k":[0,0],"ix":1},"s":{"a":0,"k":[100,100],"ix":3},"r":{"a":0,"k":0,"ix":6},"o":{"a":0,"k":100,"ix":7},"sk":{"a":0,"k":0,"ix":4},"sa":{"a":0,"k":0,"ix":5},"nm":"Transform"}],"nm":"Shape 1","np":3,"cix":2,"bm":0,"ix":1,"mn":"ADBE Vector Group","hd":false}],"ip":6,"op":18,"st":0,"bm":0},{"ddd":0,"ind":10,"ty":4,"nm":"RAY 2","sr":1,"ks":{"o":{"a":0,"k":100,"ix":11},"r":{"a":0,"k":0,"ix":10},"p":{"a":0,"k":[512,512,0],"ix":2,"l":2},"a":{"a":0,"k":[512,512,0],"ix":1,"l":2},"s":{"a":0,"k":[100,100,100],"ix":6,"l":2}},"ao":0,"shapes":[{"ty":"gr","it":[{"ind":0,"ty":"sh","ix":1,"ks":{"a":1,"k":[{"i":{"x":0.833,"y":0.833},"o":{"x":0.167,"y":0.167},"t":72,"s":[{"i":[[18.082,-15.113],[-17.475,19.235],[-21.983,20.88],[-12.551,6.813],[9.28,-12.32],[39.988,-41.159]],"o":[[-23.806,19.897],[17.475,-19.235],[21.983,-20.88],[15.05,-8.17],[-9.2,12.32],[-30.934,31.84]],"v":[[49.737,-19.627],[23.733,-35.785],[80.654,-84.76],[233.5,-217.32],[247.06,-209.59],[121.22,-85.62]],"c":true}]},{"i":{"x":0.833,"y":0.833},"o":{"x":0.167,"y":0.167},"t":74,"s":[{"i":[[20.201,-15.113],[-19.524,19.235],[-24.56,20.88],[-12.551,6.813],[9.28,-12.32],[44.72,-41.12]],"o":[[-26.597,19.897],[19.524,-19.235],[24.56,-20.88],[15.05,-8.17],[-9.2,12.32],[-34.56,31.84]],"v":[[12.599,20.373],[-13.101,0.215],[54.96,-58.76],[218.5,-202.32],[232.06,-194.59],[100.28,-59.62]],"c":true}]},{"i":{"x":0.833,"y":0.833},"o":{"x":0.167,"y":0.167},"t":80,"s":[{"i":[[20.201,-15.113],[-19.524,19.235],[-24.56,20.88],[-12.551,6.813],[9.28,-12.32],[44.72,-41.12]],"o":[[-26.597,19.897],[19.524,-19.235],[24.56,-20.88],[15.05,-8.17],[-9.2,12.32],[-34.56,31.84]],"v":[[-39.401,65.373],[-69.101,38.215],[-1.04,-20.76],[212,-204.32],[229.06,-195.59],[42.78,-13.12]],"c":true}]},{"i":{"x":0.833,"y":0.833},"o":{"x":0.167,"y":0.167},"t":84,"s":[{"i":[[23.084,-14.186],[-16.602,16.878],[-20.885,18.321],[-10.673,5.978],[7.891,-10.81],[37.993,-36.118]],"o":[[-24.268,14.913],[16.602,-16.878],[20.885,-18.321],[12.798,-7.169],[-7.823,10.81],[-29.389,27.938]],"v":[[-71.772,92.666],[-100.005,65.327],[26.657,-38.361],[203.331,-195.153],[217.838,-187.493],[59.243,-27.27]],"c":true}]},{"i":{"x":0.833,"y":0.833},"o":{"x":0.167,"y":0.167},"t":88,"s":[{"i":[[27.146,-16.167],[-19.524,19.235],[-24.56,20.88],[-12.551,6.813],[9.28,-12.32],[44.72,-41.12]],"o":[[-28.538,16.996],[19.524,-19.235],[24.56,-20.88],[15.05,-8.17],[-9.2,12.32],[-34.56,31.84]],"v":[[-138.901,149.373],[-172.101,118.215],[-9.04,-18.76],[170.5,-167.82],[187.56,-159.09],[29.28,-6.12]],"c":true}]},{"i":{"x":0.833,"y":0.833},"o":{"x":0.167,"y":0.167},"t":92,"s":[{"i":[[26.24,-17.6],[-18.48,20.24],[-24.56,20.88],[-11.12,8.96],[9.28,-12.32],[44.72,-41.12]],"o":[[-27.6,18.48],[18.48,-20.24],[24.56,-20.88],[14.72,-11.84],[-9.2,12.32],[-34.56,31.84]],"v":[[-139.56,159.68],[-174.36,130.32],[-10.04,-11.76],[169,-166.32],[183.56,-153.84],[28.28,0.88]],"c":true}]},{"i":{"x":0.833,"y":0.833},"o":{"x":0.167,"y":0.167},"t":98,"s":[{"i":[[26.24,-17.6],[-18.48,20.24],[-24.56,20.88],[-11.12,8.96],[9.28,-12.32],[44.72,-41.12]],"o":[[-27.6,18.48],[18.48,-20.24],[24.56,-20.88],[14.72,-11.84],[-9.2,12.32],[-34.56,31.84]],"v":[[-115.06,133.68],[-149.86,104.32],[-12.04,-13.26],[173.5,-172.32],[188.06,-159.84],[26.28,-0.62]],"c":true}]},{"t":104,"s":[{"i":[[26.24,-17.6],[-18.48,20.24],[-24.56,20.88],[-11.12,8.96],[9.28,-12.32],[44.72,-41.12]],"o":[[-27.6,18.48],[18.48,-20.24],[24.56,-20.88],[14.72,-11.84],[-9.2,12.32],[-34.56,31.84]],"v":[[-139.56,159.68],[-174.36,130.32],[-10.04,-11.76],[169,-166.32],[183.56,-153.84],[28.28,0.88]],"c":true}]}],"ix":2},"nm":"Path 1","mn":"ADBE Vector Shape - Group","hd":false},{"ty":"fl","c":{"a":0,"k":[1,0.898000021542,0.404000016755,1],"ix":4},"o":{"a":0,"k":100,"ix":5},"r":1,"bm":0,"nm":"Fill 1","mn":"ADBE Vector Graphic - Fill","hd":false},{"ty":"tr","p":{"a":0,"k":[418.2,364.24],"ix":2},"a":{"a":0,"k":[0,0],"ix":1},"s":{"a":0,"k":[100,100],"ix":3},"r":{"a":0,"k":0,"ix":6},"o":{"a":0,"k":100,"ix":7},"sk":{"a":0,"k":0,"ix":4},"sa":{"a":0,"k":0,"ix":5},"nm":"Transform"}],"nm":"Group 1","np":2,"cix":2,"bm":0,"ix":1,"mn":"ADBE Vector Group","hd":false},{"ty":"gr","it":[{"ind":0,"ty":"sh","ix":1,"ks":{"a":1,"k":[{"i":{"x":0.833,"y":0.833},"o":{"x":0.167,"y":0.167},"t":72,"s":[{"i":[[0.031,-0.016],[0.002,-0.001],[-0.028,0.014],[-0.012,0.006],[0.03,-0.015]],"o":[[-0.03,0.015],[-0.003,0.001],[0.044,-0.022],[0.023,-0.012],[-0.025,0.013]],"v":[[81.891,-314.726],[81.849,-314.704],[81.887,-314.724],[82.278,-314.92],[82.275,-314.919]],"c":true}]},{"i":{"x":0.833,"y":0.833},"o":{"x":0.167,"y":0.167},"t":74,"s":[{"i":[[-1.883,-0.038],[-5.361,-0.003],[2.14,0.034],[0.7,0.015],[0.583,-0.037]],"o":[[1.821,0.037],[6.921,0.003],[-3.326,-0.054],[-1.326,-0.029],[-0.443,0.031]],"v":[[207.397,-281.174],[217.992,-281.122],[227.057,-281.169],[224.56,-281.648],[213.48,-281.644]],"c":true}]},{"i":{"x":0.833,"y":0.833},"o":{"x":0.167,"y":0.167},"t":76,"s":[{"i":[[-4.636,7.043],[-5.238,-0.65],[5.267,-6.482],[4.894,-6.664],[-3.188,7.008]],"o":[[4.636,-7.043],[6.762,0.839],[-4.423,5.443],[-4.894,6.664],[3.188,-7.008]],"v":[[194.734,-257.417],[211.168,-264.287],[210.103,-252.978],[190.764,-229.624],[180.432,-231.702]],"c":true}]},{"i":{"x":0.833,"y":0.833},"o":{"x":0.167,"y":0.167},"t":80,"s":[{"i":[[-8.587,9.453],[-4.932,-2.269],[8.027,-8.153],[3.349,-3.749],[-6.32,10.499]],"o":[[8.304,-9.141],[6.367,2.929],[-12.641,12.918],[-6.347,7.105],[5.277,-8.686]],"v":[[172.701,-214.648],[194.107,-222.201],[193.093,-204.378],[106.271,-99.565],[97.811,-106.846]],"c":true}]},{"i":{"x":0.833,"y":0.833},"o":{"x":0.167,"y":0.167},"t":84,"s":[{"i":[[-9.703,15.026],[-6.287,-3.075],[9.132,-13.004],[5.654,-6.296],[-10.672,17.634]],"o":[[9.381,-14.527],[8.121,3.971],[-14.374,20.598],[-10.717,11.933],[8.909,-14.589]],"v":[[62.424,-133.512],[88.103,-146.617],[88.518,-119.441],[-39.372,62.07],[-52.158,54.842]],"c":true}]},{"i":{"x":0.833,"y":0.833},"o":{"x":0.167,"y":0.167},"t":88,"s":[{"i":[[-14.88,21.44],[-8.56,-5.12],[13.92,-18.48],[6.649,-7.176],[-12.55,20.097]],"o":[[14.4,-20.72],[11.04,6.64],[-21.92,29.28],[-12.603,13.6],[10.477,-16.626]],"v":[[60.72,-132.96],[97.84,-150.08],[96.08,-109.68],[-99.161,138.031],[-115.96,124.095]],"c":true}]},{"i":{"x":0.833,"y":0.833},"o":{"x":0.167,"y":0.167},"t":92,"s":[{"i":[[-14.88,21.44],[-8.56,-5.12],[13.92,-18.48],[6.16,-7.6],[-11.2,20.88]],"o":[[14.4,-20.72],[11.04,6.64],[-21.92,29.28],[-11.68,14.4],[9.36,-17.28]],"v":[[66.72,-133.96],[103.84,-151.08],[102.08,-110.68],[-87.12,141.8],[-104.8,129]],"c":true}]},{"i":{"x":0.833,"y":0.833},"o":{"x":0.167,"y":0.167},"t":98,"s":[{"i":[[-14.88,21.44],[-8.56,-5.12],[13.92,-18.48],[10.731,-12.195],[-5.985,21.798]],"o":[[14.4,-20.72],[11.04,6.64],[-21.92,29.28],[-10.436,11.86],[5.023,-18.048]],"v":[[71.72,-139.96],[108.84,-157.08],[107.08,-116.68],[-78.365,140.089],[-93.527,129.096]],"c":true}]},{"t":104,"s":[{"i":[[-14.88,21.44],[-8.56,-5.12],[13.92,-18.48],[6.16,-7.6],[-11.2,20.88]],"o":[[14.4,-20.72],[11.04,6.64],[-21.92,29.28],[-11.68,14.4],[9.36,-17.28]],"v":[[66.72,-133.96],[103.84,-151.08],[102.08,-110.68],[-87.12,141.8],[-104.8,129]],"c":true}]}],"ix":2},"nm":"Path 1","mn":"ADBE Vector Shape - Group","hd":false},{"ty":"fl","c":{"a":0,"k":[1,0.898000021542,0.404000016755,1],"ix":4},"o":{"a":0,"k":100,"ix":5},"r":1,"bm":0,"nm":"Fill 1","mn":"ADBE Vector Graphic - Fill","hd":false},{"ty":"tr","p":{"a":0,"k":[440.88,699.96],"ix":2},"a":{"a":0,"k":[0,0],"ix":1},"s":{"a":0,"k":[100,100],"ix":3},"r":{"a":0,"k":0,"ix":6},"o":{"a":0,"k":100,"ix":7},"sk":{"a":0,"k":0,"ix":4},"sa":{"a":0,"k":0,"ix":5},"nm":"Transform"}],"nm":"Group 2","np":2,"cix":2,"bm":0,"ix":2,"mn":"ADBE Vector Group","hd":false},{"ty":"gr","it":[{"ind":0,"ty":"sh","ix":1,"ks":{"a":1,"k":[{"i":{"x":0.833,"y":0.833},"o":{"x":0.167,"y":0.167},"t":72,"s":[{"i":[[4.231,-6.479],[0.784,-0.394],[0,0],[-0.001,0.001],[-0.001,0.001],[0,0],[0.001,-0.001],[0.002,-0.001],[0.011,-0.005],[-0.002,0.002],[81.797,-3.092],[0,0],[-49.982,44.08],[-10.237,2.9],[37.089,-53.909]],"o":[[-6.373,9.76],[-0.421,0.212],[0,0],[0.001,-0.001],[0.001,-0.001],[0,0],[-0.001,0.001],[-0.002,0.001],[-0.005,0.003],[0.002,-0.001],[-29.504,1.115],[0,0],[49.982,-44.08],[3.503,-0.992],[-71.299,103.632]],"v":[[52.728,-150.16],[30.779,-130.037],[31.956,-130.624],[15.466,-122.341],[15.483,-122.351],[15.498,-122.358],[15.537,-122.379],[15.545,-122.383],[15.529,-122.375],[15.526,-122.374],[-91.884,-113.368],[-158.402,-114.441],[-7.107,-244.461],[264.01,-471.77],[262.604,-430.004]],"c":true}]},{"i":{"x":0.833,"y":0.833},"o":{"x":0.167,"y":0.167},"t":74,"s":[{"i":[[4.736,-6.473],[-15.36,-0.96],[0,0],[33.414,0.002],[6.276,0.001],[5.159,0],[5.349,-0.001],[5.935,-0.002],[13.14,-0.013],[35.68,0.003],[91.384,-3.092],[0,0],[-55.84,44.08],[-10.237,2.9],[37.089,-53.909]],"o":[[-7.12,9.76],[8.957,0.516],[0,0],[-16.584,-0.001],[-6.276,-0.001],[-5.159,0],[-5.349,0.001],[-5.935,0.002],[-6.293,0.006],[-27.824,-0.002],[-32.963,1.115],[0,0],[55.84,-44.08],[3.503,-0.992],[-71.299,103.632]],"v":[[28.82,-129.16],[31.64,-104.12],[280.74,-105.56],[223.024,-85.361],[183.216,-85.382],[156.599,-85.4],[133.039,-85.449],[117.75,-85.458],[89.925,-85.439],[40.26,-85.435],[-123.444,-83.368],[-197.759,-84.441],[-33.2,-218.461],[252.01,-460.77],[250.604,-419.004]],"c":true}]},{"i":{"x":0.833,"y":0.833},"o":{"x":0.167,"y":0.167},"t":76,"s":[{"i":[[4.736,-6.473],[-15.36,-0.96],[0,0],[43.573,-24.396],[7.65,-2.75],[4.83,0.346],[-0.612,6.806],[-1.817,7.597],[8.357,1.545],[34.548,0.263],[91.384,-3.092],[0,0],[-55.84,44.08],[-10.237,2.9],[37.089,-53.909]],"o":[[-7.12,9.76],[8.957,0.516],[0,0],[-29.828,16.701],[-7.583,2.703],[-3.87,-0.047],[0.223,-6.209],[1.817,-7.597],[-3.466,-1.549],[-27.823,-0.23],[-32.963,1.115],[0,0],[55.84,-44.08],[3.503,-0.992],[-71.299,103.632]],"v":[[24.248,-124.732],[27.069,-99.692],[281.74,-101.275],[200.367,-54.564],[132.184,-21.106],[106.112,-16.276],[94.936,-25.95],[108.373,-66.613],[97.889,-78.611],[41.403,-79.643],[-137.301,-77.083],[-206.33,-78.013],[-49.2,-207.603],[253.867,-463.628],[252.461,-421.861]],"c":true}]},{"i":{"x":0.833,"y":0.833},"o":{"x":0.167,"y":0.167},"t":80,"s":[{"i":[[4.736,-6.473],[-15.36,-0.96],[0,0],[67.52,-61.199],[11.087,-9.63],[4.01,1.211],[-15.514,23.824],[-7.2,11.68],[-3.6,5.441],[31.718,0.912],[91.384,-3.092],[0,0],[-55.84,44.08],[-10.237,2.9],[37.089,-53.909]],"o":[[-7.12,9.76],[8.957,0.516],[0,0],[-67.52,61.2],[-10.851,9.465],[-0.649,-0.164],[14.153,-21.735],[7.2,-11.68],[3.6,-5.439],[-27.82,-0.8],[-32.963,1.115],[0,0],[55.84,-44.08],[3.503,-0.992],[-71.299,103.632]],"v":[[12.82,-113.66],[15.64,-88.62],[284.24,-90.561],[116.6,48.679],[4.603,139.586],[-20.106,156.534],[-0.32,122.796],[72.68,12],[117.8,-61.541],[44.26,-65.161],[-171.944,-61.368],[-227.759,-61.941],[-89.2,-180.461],[258.51,-470.77],[257.104,-429.004]],"c":true}]},{"i":{"x":0.833,"y":0.833},"o":{"x":0.167,"y":0.167},"t":84,"s":[{"i":[[4.538,-6.419],[-13.062,-0.842],[0,0],[57.416,-53.699],[12.789,-12.284],[4.626,1.545],[-17.897,30.392],[-6.123,10.249],[-3.062,4.774],[20.681,0],[68.333,0.719],[0,0],[-47.484,38.678],[-34.485,5.5],[22.122,-32.688]],"o":[[-6.054,8.564],[7.617,0.453],[0,0],[-57.416,53.7],[-12.517,12.074],[-0.748,-0.21],[16.327,-27.726],[6.123,-10.249],[3.061,-4.772],[-14.663,0],[-28.045,-0.295],[0,0],[47.484,-38.678],[2.299,-0.367],[-70.249,103.801]],"v":[[14.296,-116.848],[20.17,-90.621],[310.745,-90.611],[78.477,130.278],[-185.874,364.38],[-214.378,386.001],[-198.187,351.254],[-11.298,38.466],[3.26,14.739],[-4.427,-16.076],[-227.471,-11.53],[-274.934,-12.033],[-61.785,-196.787],[262.925,-472.46],[265.689,-445.261]],"c":true}]},{"i":{"x":0.833,"y":0.833},"o":{"x":0.167,"y":0.167},"t":88,"s":[{"i":[[5.348,-7.308],[-15.36,-0.96],[0,0],[67.52,-61.199],[15.04,-14],[5.44,1.761],[-21.04,34.64],[-7.2,11.68],[-3.6,5.441],[24.32,0],[80.357,0.819],[0,0],[-55.84,44.08],[-10.64,0],[27.409,-36.303]],"o":[[-7.12,9.76],[8.957,0.516],[0,0],[-67.52,61.2],[-14.72,13.76],[-0.88,-0.239],[19.2,-31.599],[7.2,-11.68],[3.6,-5.439],[-17.243,0],[-32.98,-0.336],[0,0],[55.84,-44.08],[2.737,0],[-79.128,104.803]],"v":[[8.32,-106.661],[14.64,-79.62],[332.24,-71.06],[59.1,180.679],[-257.06,448.62],[-290.58,473.259],[-271.54,433.659],[-58.82,92],[-41.7,64.959],[-50.74,29.84],[-288.925,27.613],[-344.74,27.039],[-98.2,-178.961],[297.76,-484.021],[255.735,-423.391]],"c":true}]},{"i":{"x":0.833,"y":0.833},"o":{"x":0.167,"y":0.167},"t":92,"s":[{"i":[[4.974,-6.798],[-15.36,-0.96],[0,0],[67.52,-61.199],[15.04,-14],[5.44,1.761],[-21.04,34.64],[-7.2,11.68],[-3.6,5.441],[24.32,0],[83.283,-2.106],[0,0],[-55.84,44.08],[-10.64,0],[34.675,-48.819]],"o":[[-7.12,9.76],[8.957,0.516],[0,0],[-67.52,61.2],[-14.72,13.76],[-0.88,-0.239],[19.2,-31.599],[7.2,-11.68],[3.6,-5.439],[-17.243,0],[-34.18,0.865],[0,0],[55.84,-44.08],[3.289,0],[-77.493,109.104]],"v":[[14.32,-107.161],[20.64,-80.12],[348.24,-81.56],[57.6,184.679],[-248.56,458.12],[-282.08,482.759],[-263.04,443.159],[-52.32,91],[-35.2,63.959],[-44.24,28.839],[-290.378,34.565],[-348.24,36.039],[-99.2,-171.961],[283.76,-484.521],[228.569,-400.579]],"c":true}]},{"i":{"x":0.833,"y":0.833},"o":{"x":0.167,"y":0.167},"t":98,"s":[{"i":[[5.32,-7.271],[-15.36,-0.96],[0,0],[67.52,-61.199],[15.04,-14],[5.44,1.761],[-21.04,34.64],[-7.2,11.68],[-3.6,5.441],[24.32,0],[77.285,3.599],[0,0],[-55.84,44.08],[-10.64,0],[25.049,-37.156]],"o":[[-7.12,9.76],[8.957,0.516],[0,0],[-67.52,61.2],[-14.72,13.76],[-0.88,-0.239],[19.2,-31.599],[7.2,-11.68],[3.6,-5.439],[-17.243,0],[-31.719,-1.477],[0,0],[55.84,-44.08],[2.778,0],[-70.879,105.138]],"v":[[9.82,-104.161],[16.14,-77.12],[362.74,-97.56],[57.6,184.679],[-249.06,470.62],[-282.58,495.259],[-263.54,455.659],[-48.32,84.5],[-31.2,57.459],[-40.24,22.34],[-270.075,12.558],[-323.74,10.039],[-101.2,-173.461],[268.76,-481.021],[230.652,-418.84]],"c":true}]},{"t":104,"s":[{"i":[[6.045,-8.261],[-15.36,-0.96],[0,0],[67.52,-61.199],[15.04,-14],[5.44,1.761],[-21.04,34.64],[-7.2,11.68],[-3.6,5.441],[24.32,0],[83.283,-2.106],[0,0],[-55.84,44.08],[-10.64,0],[10.62,-15.925]],"o":[[-7.12,9.76],[8.957,0.516],[0,0],[-67.52,61.2],[-14.72,13.76],[-0.88,-0.239],[19.2,-31.599],[7.2,-11.68],[3.6,-5.439],[-17.243,0],[-34.18,0.865],[0,0],[55.84,-44.08],[1.707,0],[-55.577,83.336]],"v":[[14.32,-107.161],[20.64,-80.12],[348.24,-81.56],[57.6,184.679],[-248.56,458.12],[-282.08,482.759],[-263.04,443.159],[-52.32,91],[-35.2,63.959],[-44.24,28.839],[-290.378,34.565],[-348.24,36.039],[-99.2,-171.961],[283.76,-484.521],[269.256,-459.136]],"c":true}]}],"ix":2},"nm":"Path 1","mn":"ADBE Vector Shape - Group","hd":false},{"ty":"fl","c":{"a":0,"k":[1,0.788000009574,0.152999997606,1],"ix":4},"o":{"a":0,"k":100,"ix":5},"r":1,"bm":0,"nm":"Fill 1","mn":"ADBE Vector Graphic - Fill","hd":false},{"ty":"tr","p":{"a":0,"k":[502.56,509.96],"ix":2},"a":{"a":0,"k":[0,0],"ix":1},"s":{"a":0,"k":[100,100],"ix":3},"r":{"a":0,"k":0,"ix":6},"o":{"a":0,"k":100,"ix":7},"sk":{"a":0,"k":0,"ix":4},"sa":{"a":0,"k":0,"ix":5},"nm":"Transform"}],"nm":"Group 3","np":2,"cix":2,"bm":0,"ix":3,"mn":"ADBE Vector Group","hd":false},{"ty":"gr","it":[{"ind":0,"ty":"sh","ix":1,"ks":{"a":1,"k":[{"i":{"x":0.833,"y":0.833},"o":{"x":0.167,"y":0.167},"t":72,"s":[{"i":[[0,0],[-38.612,84.21],[14.009,-3.968],[0,0],[0,0],[-2.363,-13.2],[-4.726,0],[0,0],[0,0.018],[0,0],[0,0],[0,0.011],[0,0.027],[-20.806,43.698]],"o":[[0,0],[12.27,-26.76],[-14.009,3.968],[0,0],[0,0],[2.363,13.2],[4.726,0],[0,0],[0,-0.026],[0,0],[0,0],[0,-0.09],[0,-0.051],[0.76,-1.596]],"v":[[70.84,-135.524],[281.25,-458.32],[258.09,-478.89],[-14.495,-194.08],[-164.322,-121.561],[-175.117,-102.301],[-157.716,-88.541],[17.825,-91.903],[17.825,-91.908],[17.825,-91.949],[17.825,-91.959],[17.825,-91.978],[17.825,-92.217],[70.856,-135.276]],"c":true}]},{"i":{"x":0.833,"y":0.833},"o":{"x":0.167,"y":0.167},"t":74,"s":[{"i":[[0,0],[-38.612,84.21],[14.009,-3.968],[0,0],[0,0],[-2.64,-13.2],[-5.28,0],[-38.588,-0.001],[-11.885,0.208],[0,0],[-4.587,0.005],[-5.999,0.12],[-14.867,0.308],[29.04,0]],"o":[[0,0],[12.27,-26.76],[-14.009,3.968],[0,0],[0,0],[2.64,13.2],[5.28,0],[19.767,0.001],[16.865,-0.295],[0,0],[4.597,-0.005],[50.487,-1.008],[27.55,-0.57],[-29.04,0]],"v":[[49.96,-107.26],[269.25,-447.32],[246.09,-467.89],[-40.76,-168.08],[-203.679,-91.561],[-215.739,-72.301],[-196.299,-58.541],[48.608,-63.229],[91.405,-63.285],[127.894,-63.75],[129.618,-63.858],[169.033,-64.072],[269.72,-66.76],[274.82,-112.76]],"c":true}]},{"i":{"x":0.833,"y":0.833},"o":{"x":0.167,"y":0.167},"t":76,"s":[{"i":[[0,0],[-38.612,84.21],[14.009,-3.968],[0,0],[0,0],[-2.64,-13.2],[-5.28,0],[-32.111,0.136],[0,0],[2.084,-9.896],[-1.219,-4.068],[-25.914,8.444],[-21.307,12.387],[29.04,0]],"o":[[0,0],[12.27,-26.76],[-14.009,3.968],[0,0],[0,0],[2.64,13.2],[5.28,0],[19.765,-0.16],[0,0],[-0.855,4.062],[2.822,9.414],[25.914,-8.444],[12.404,-4.867],[-29.04,0]],"v":[[46.96,-103.26],[271.107,-450.177],[247.947,-470.747],[-56.76,-157.223],[-212.25,-85.133],[-224.31,-65.872],[-204.87,-52.112],[63.274,-57.015],[96.809,-56.835],[88.686,-32.434],[86.448,-15.494],[120.606,-3.136],[283.006,-71.153],[275.82,-108.474]],"c":true}]},{"i":{"x":0.833,"y":0.833},"o":{"x":0.167,"y":0.167},"t":80,"s":[{"i":[[0,0],[-38.612,84.21],[14.009,-3.968],[0,0],[0,0],[-2.64,-13.2],[-5.28,0],[-15.92,0.48],[0,0],[0,0],[-2.858,-3.977],[-6.208,2.052],[-38.2,35.68],[29.04,0]],"o":[[0,0],[12.27,-26.76],[-14.009,3.968],[0,0],[0,0],[2.64,13.2],[5.28,0],[19.76,-0.56],[0,0],[0,0],[2.865,3.986],[7.305,-2.415],[7.04,-9.36],[-29.04,0]],"v":[[39.46,-93.26],[275.75,-457.32],[252.59,-477.89],[-96.76,-130.08],[-233.679,-69.061],[-245.739,-49.801],[-226.299,-36.041],[99.94,-41.48],[79.82,18.54],[50.7,59.7],[-26.321,149.635],[-4.834,174.578],[298.72,-67.76],[278.32,-97.76]],"c":true}]},{"i":{"x":0.833,"y":0.833},"o":{"x":0.167,"y":0.167},"t":84,"s":[{"i":[[0,0],[-33.501,79.728],[12.376,0.364],[0,0],[0,0],[-2.245,-11.582],[-4.49,0],[-13.539,0.396],[0,0],[0,0],[0,-6.247],[-10.01,6.161],[-22.109,30.114],[24.695,0]],"o":[[0,3.88],[11.525,-27.429],[-16.985,-0.5],[0,0],[0,0],[2.245,11.582],[4.49,0],[16.803,-0.491],[0,0],[0,0],[0,9.196],[7.755,-4.773],[5.987,-8.213],[-24.695,0]],"v":[[43.366,-95.565],[273.094,-450.547],[257.005,-479.58],[-54.946,-143.269],[-280.854,-19.153],[-293.235,1.695],[-276.704,13.769],[-14.088,14.359],[-1.435,38.506],[-160,281.66],[-220.638,379.162],[-199.889,386.743],[320.472,-67.967],[304.826,-97.8]],"c":true}]},{"i":{"x":0.833,"y":0.833},"o":{"x":0.167,"y":0.167},"t":88,"s":[{"i":[[0,0],[-60.98,69.74],[14.56,0],[0,0],[0,0],[-2.64,-13.2],[-5.28,0],[-15.92,0.48],[0,0],[0,0],[0,-7.12],[-11.76,7.04],[-26,34.32],[29.04,0]],"o":[[0,0],[7.028,-8.038],[-14.56,0],[0,0],[0,0],[2.64,13.2],[5.28,0],[19.76,-0.56],[0,0],[0,0],[0,10.48],[9.12,-5.44],[7.04,-9.36],[-29.04,0]],"v":[[42.96,-84.26],[299,-464.32],[291.84,-491.14],[-96.76,-130.08],[-350.66,19.92],[-365.22,43.68],[-345.78,57.44],[-61.06,65.52],[-46.18,93.04],[-220.3,354.2],[-296.9,466.46],[-272.5,475.1],[344.72,-44.26],[326.32,-78.26]],"c":true}]},{"i":{"x":0.833,"y":0.833},"o":{"x":0.167,"y":0.167},"t":92,"s":[{"i":[[0,0],[-5.28,9.28],[14.56,0],[0,0],[0,0],[-2.64,-13.2],[-5.28,0],[-15.92,0.48],[0,0],[0,0],[0,-7.12],[-11.76,7.04],[-26,34.32],[29.04,0]],"o":[[0,0],[5.28,-9.28],[-14.56,0],[0,0],[0,0],[2.64,13.2],[5.28,0],[19.76,-0.56],[0,0],[0,0],[0,10.48],[9.12,-5.44],[7.04,-9.36],[-29.04,0]],"v":[[48.96,-84.76],[286,-465.32],[277.84,-491.64],[-97.76,-123.08],[-354.16,28.92],[-368.72,52.68],[-349.28,66.44],[-54.56,64.52],[-39.68,92.04],[-212.8,364.2],[-288.4,475.96],[-264,484.6],[360.72,-54.76],[342.32,-88.76]],"c":true}]},{"i":{"x":0.833,"y":0.833},"o":{"x":0.167,"y":0.167},"t":98,"s":[{"i":[[0,0],[-5.28,9.28],[14.56,0],[0,0],[0,0],[-2.64,-13.2],[-5.28,0],[-15.92,0.48],[0,0],[0,0],[0,-7.12],[-11.76,7.04],[-26,34.32],[29.04,0]],"o":[[0,0],[5.28,-9.28],[-14.56,0],[0,0],[0,0],[2.64,13.2],[5.28,0],[19.76,-0.56],[0,0],[0,0],[0,10.48],[9.12,-5.44],[7.04,-9.36],[-29.04,0]],"v":[[44.46,-81.76],[271,-461.82],[262.84,-488.14],[-99.76,-124.58],[-329.66,2.92],[-344.22,26.68],[-324.78,40.44],[-50.56,58.02],[-35.68,85.54],[-213.3,376.7],[-288.9,488.46],[-264.5,497.1],[375.22,-70.76],[356.82,-104.76]],"c":true}]},{"t":104,"s":[{"i":[[0,0],[-5.28,9.28],[14.56,0],[0,0],[0,0],[-2.64,-13.2],[-5.28,0],[-15.92,0.48],[0,0],[0,0],[0,-7.12],[-11.76,7.04],[-26,34.32],[29.04,0]],"o":[[0,0],[5.28,-9.28],[-14.56,0],[0,0],[0,0],[2.64,13.2],[5.28,0],[19.76,-0.56],[0,0],[0,0],[0,10.48],[9.12,-5.44],[7.04,-9.36],[-29.04,0]],"v":[[48.96,-84.76],[286,-465.32],[277.84,-491.64],[-97.76,-123.08],[-354.16,28.92],[-368.72,52.68],[-349.28,66.44],[-54.56,64.52],[-39.68,92.04],[-212.8,364.2],[-288.4,475.96],[-264,484.6],[360.72,-54.76],[342.32,-88.76]],"c":true}]}],"ix":2},"nm":"Path 1","mn":"ADBE Vector Shape - Group","hd":false},{"ty":"fl","c":{"a":0,"k":[0.995999983245,0.722000002394,0.016000001571,1],"ix":4},"o":{"a":0,"k":100,"ix":5},"r":1,"bm":0,"nm":"Fill 1","mn":"ADBE Vector Graphic - Fill","hd":false},{"ty":"tr","p":{"a":0,"k":[508.48,517.08],"ix":2},"a":{"a":0,"k":[0,0],"ix":1},"s":{"a":0,"k":[100,100],"ix":3},"r":{"a":0,"k":0,"ix":6},"o":{"a":0,"k":100,"ix":7},"sk":{"a":0,"k":0,"ix":4},"sa":{"a":0,"k":0,"ix":5},"nm":"Transform"}],"nm":"Group 4","np":2,"cix":2,"bm":0,"ix":4,"mn":"ADBE Vector Group","hd":false}],"ip":72,"op":106,"st":64,"bm":0},{"ddd":0,"ind":11,"ty":4,"nm":"Ray Birth 2","sr":1,"ks":{"o":{"a":0,"k":100,"ix":11},"r":{"a":0,"k":0,"ix":10},"p":{"a":0,"k":[712,90,0],"ix":2,"l":2},"a":{"a":0,"k":[712,90,0],"ix":1,"l":2},"s":{"a":1,"k":[{"i":{"x":[0.833,0.833,0.833],"y":[0.833,0.833,0.833]},"o":{"x":[0.167,0.167,0.167],"y":[0.167,0.167,0.167]},"t":56,"s":[0,0,100]},{"t":62,"s":[100,100,100]}],"ix":6,"l":2}},"ao":0,"shapes":[{"ty":"gr","it":[{"ind":0,"ty":"sh","ix":1,"ks":{"a":1,"k":[{"i":{"x":0.833,"y":0.833},"o":{"x":0.167,"y":0.167},"t":62,"s":[{"i":[[6.573,-3.924],[-13.428,14.107],[-3.04,2.157],[1.828,-3.45]],"o":[[-9.95,5.941],[4.9,-5.148],[4.021,-2.853],[-4.329,8.172]],"v":[[186.727,-156.566],[173.728,-160.596],[204.151,-183.169],[203.129,-177.412]],"c":true}]},{"i":{"x":0.833,"y":0.833},"o":{"x":0.167,"y":0.167},"t":66,"s":[{"i":[[8.712,-5.073],[-17.799,18.235],[-4.03,2.789],[2.423,-4.459]],"o":[[-13.189,7.679],[6.495,-6.654],[5.331,-3.688],[-5.739,10.563]],"v":[[141.696,-94.958],[124.466,-100.168],[164.792,-129.347],[163.437,-121.904]],"c":true}]},{"t":72,"s":[{"i":[[22.748,-20.212],[-19.678,19.482],[-7.36,4.514],[1.207,-7.645]],"o":[[-22.355,19.863],[11.315,-11.202],[9.734,-5.97],[-0.793,3.855]],"v":[[6.155,13.897],[-26.522,1.279],[-4.036,-11.887],[20.593,-4.095]],"c":true}]}],"ix":2},"nm":"Path 1","mn":"ADBE Vector Shape - Group","hd":false},{"ty":"fl","c":{"a":0,"k":[1,0.898000021542,0.404000016755,1],"ix":4},"o":{"a":0,"k":100,"ix":5},"r":1,"bm":0,"nm":"Fill 1","mn":"ADBE Vector Graphic - Fill","hd":false},{"ty":"tr","p":{"a":0,"k":[418.2,364.24],"ix":2},"a":{"a":0,"k":[0,0],"ix":1},"s":{"a":0,"k":[100,100],"ix":3},"r":{"a":0,"k":0,"ix":6},"o":{"a":0,"k":100,"ix":7},"sk":{"a":0,"k":0,"ix":4},"sa":{"a":0,"k":0,"ix":5},"nm":"Transform"}],"nm":"Group 1","np":2,"cix":2,"bm":0,"ix":1,"mn":"ADBE Vector Group","hd":false},{"ty":"gr","it":[{"ind":0,"ty":"sh","ix":1,"ks":{"a":1,"k":[{"i":{"x":0.833,"y":0.833},"o":{"x":0.167,"y":0.167},"t":62,"s":[{"i":[[8.266,-14.993],[15.287,-1.19],[-7.954,10.298],[-21.325,15.291],[2.816,-10.251]],"o":[[-2.986,5.416],[-20.216,1.574],[7.954,-10.298],[0.852,-0.611],[-2.25,8.191]],"v":[[135.674,-302.718],[112.156,-285.785],[63.248,-293.36],[142.265,-352.251],[152.44,-345.151]],"c":true}]},{"i":{"x":0.833,"y":0.833},"o":{"x":0.167,"y":0.167},"t":66,"s":[{"i":[[10.957,-19.38],[20.263,-1.539],[-10.543,13.311],[-28.267,19.766],[3.732,-13.251]],"o":[[-3.958,7.001],[-26.796,2.035],[10.543,-13.311],[1.129,-0.789],[-2.982,10.588]],"v":[[101.485,-241.237],[70.311,-219.348],[5.483,-229.14],[110.221,-305.266],[123.708,-296.088]],"c":true}]},{"t":72,"s":[{"i":[[7.525,-9.55],[25.404,-1.088],[0,0],[-28.66,13.75],[-7.128,-20.13]],"o":[[-8.298,10.531],[-11.81,0.506],[0,0],[1.13,-0.542],[2.653,7.493]],"v":[[59.415,-135.41],[20.537,-113.372],[-162.602,-110.391],[-69.4,-184.21],[73.787,-162.453]],"c":true}]}],"ix":2},"nm":"Path 1","mn":"ADBE Vector Shape - Group","hd":false},{"ty":"fl","c":{"a":0,"k":[1,0.788000009574,0.152999997606,1],"ix":4},"o":{"a":0,"k":100,"ix":5},"r":1,"bm":0,"nm":"Fill 1","mn":"ADBE Vector Graphic - Fill","hd":false},{"ty":"tr","p":{"a":0,"k":[502.56,509.96],"ix":2},"a":{"a":0,"k":[0,0],"ix":1},"s":{"a":0,"k":[100,100],"ix":3},"r":{"a":0,"k":0,"ix":6},"o":{"a":0,"k":100,"ix":7},"sk":{"a":0,"k":0,"ix":4},"sa":{"a":0,"k":0,"ix":5},"nm":"Transform"}],"nm":"Group 3","np":2,"cix":2,"bm":0,"ix":2,"mn":"ADBE Vector Group","hd":false},{"ty":"gr","it":[{"ind":0,"ty":"sh","ix":1,"ks":{"a":1,"k":[{"i":{"x":0.833,"y":0.833},"o":{"x":0.167,"y":0.167},"t":62,"s":[{"i":[[1.427,16.159],[10.872,-4.792],[0,0],[5.303,-4.777],[-13.086,-2.269],[-15.008,0.758],[-5.422,10.215]],"o":[[-0.84,-9.506],[-9.966,4.393],[0,0],[-5.303,4.777],[7.076,1.227],[13.701,-0.692],[6.168,-11.62]],"v":[[158.093,-342.989],[136.345,-359.371],[105.103,-325.986],[56.224,-299.997],[69.106,-273.061],[119.028,-272.087],[141.102,-291.459]],"c":true}]},{"i":{"x":0.833,"y":0.833},"o":{"x":0.167,"y":0.167},"t":66,"s":[{"i":[[1.892,20.888],[14.411,-6.195],[0,0],[7.029,-6.175],[-17.345,-2.933],[-19.894,0.979],[-7.186,13.204]],"o":[[-1.113,-12.288],[-13.21,5.678],[0,0],[-7.029,6.175],[9.38,1.586],[18.161,-0.894],[8.176,-15.021]],"v":[[133.128,-291.209],[104.302,-312.385],[62.89,-269.23],[-1.9,-235.636],[15.175,-200.817],[81.348,-199.559],[110.607,-224.6]],"c":true}]},{"t":72,"s":[{"i":[[-8.175,20.316],[12.84,-6.25],[0,0],[14.119,-8.606],[-15.565,0.235],[-7.383,0.034],[-15.322,20.25]],"o":[[10.004,-24.861],[-11.769,5.729],[0,0],[-14.119,8.606],[42.847,-0.647],[19.588,-0.09],[10.548,-13.941]],"v":[[90.016,-158.219],[-75.32,-191.33],[-51.012,-142.196],[-168.289,-117.829],[-153.327,-89.433],[4.432,-89.49],[63.31,-114.33]],"c":true}]}],"ix":2},"nm":"Path 1","mn":"ADBE Vector Shape - Group","hd":false},{"ty":"fl","c":{"a":0,"k":[0.995999983245,0.722000002394,0.016000001571,1],"ix":4},"o":{"a":0,"k":100,"ix":5},"r":1,"bm":0,"nm":"Fill 1","mn":"ADBE Vector Graphic - Fill","hd":false},{"ty":"tr","p":{"a":0,"k":[508.48,517.08],"ix":2},"a":{"a":0,"k":[0,0],"ix":1},"s":{"a":0,"k":[100,100],"ix":3},"r":{"a":0,"k":0,"ix":6},"o":{"a":0,"k":100,"ix":7},"sk":{"a":0,"k":0,"ix":4},"sa":{"a":0,"k":0,"ix":5},"nm":"Transform"}],"nm":"Group 4","np":2,"cix":2,"bm":0,"ix":3,"mn":"ADBE Vector Group","hd":false}],"ip":56,"op":72,"st":28,"bm":0},{"ddd":0,"ind":12,"ty":4,"nm":"Ray Birth 1","sr":1,"ks":{"o":{"a":0,"k":100,"ix":11},"r":{"a":0,"k":0,"ix":10},"p":{"a":0,"k":[802,8,0],"ix":2,"l":2},"a":{"a":0,"k":[802,8,0],"ix":1,"l":2},"s":{"a":1,"k":[{"i":{"x":[0.833,0.833,0.833],"y":[0.833,0.833,0.833]},"o":{"x":[0.167,0.167,0.167],"y":[0.167,0.167,0.167]},"t":56,"s":[0,0,100]},{"t":62,"s":[100,100,100]}],"ix":6,"l":2}},"ao":0,"shapes":[{"ty":"gr","it":[{"ind":0,"ty":"sh","ix":1,"ks":{"a":1,"k":[{"i":{"x":0.833,"y":0.833},"o":{"x":0.167,"y":0.167},"t":62,"s":[{"i":[[2.931,-5.978],[-2.34,9.82],[-0.944,1.316],[0.375,-2.124]],"o":[[-4.53,9.237],[0.894,-3.753],[4.887,-6.812],[-0.816,4.623]],"v":[[355.438,-310.775],[347.255,-312.526],[361.163,-331.678],[364.584,-328.714]],"c":true}]},{"i":{"x":0.833,"y":0.833},"o":{"x":0.167,"y":0.167},"t":66,"s":[{"i":[[5.19,-10.47],[-4.143,17.2],[-1.672,2.305],[0.664,-3.721]],"o":[[-8.02,16.178],[1.583,-6.573],[8.653,-11.931],[-1.445,8.098]],"v":[[331.078,-272.285],[316.591,-275.351],[341.215,-308.898],[347.273,-303.705]],"c":true}]},{"t":72,"s":[{"i":[[18.404,-18.239],[-15.921,17.58],[-7.36,4.514],[6.137,-6.212]],"o":[[-18.087,17.924],[9.155,-10.109],[9.734,-5.97],[-6.084,6.212]],"v":[[109.036,-75.518],[82.598,-86.906],[238.964,-217.387],[248.593,-211.095]],"c":true}]}],"ix":2},"nm":"Path 1","mn":"ADBE Vector Shape - Group","hd":false},{"ty":"fl","c":{"a":0,"k":[1,0.898000021542,0.404000016755,1],"ix":4},"o":{"a":0,"k":100,"ix":5},"r":1,"bm":0,"nm":"Fill 1","mn":"ADBE Vector Graphic - Fill","hd":false},{"ty":"tr","p":{"a":0,"k":[418.2,364.24],"ix":2},"a":{"a":0,"k":[0,0],"ix":1},"s":{"a":0,"k":[100,100],"ix":3},"r":{"a":0,"k":0,"ix":6},"o":{"a":0,"k":100,"ix":7},"sk":{"a":0,"k":0,"ix":4},"sa":{"a":0,"k":0,"ix":5},"nm":"Transform"}],"nm":"Group 1","np":2,"cix":2,"bm":0,"ix":1,"mn":"ADBE Vector Group","hd":false},{"ty":"gr","it":[{"ind":0,"ty":"sh","ix":1,"ks":{"a":1,"k":[{"i":{"x":0.833,"y":0.833},"o":{"x":0.167,"y":0.167},"t":62,"s":[{"i":[[3.618,-8.136],[4.917,-3.494],[-5.936,9.675],[-8.543,5.998],[0.519,-5.956]],"o":[[-4.598,10.34],[-10.656,7.572],[5.936,-9.675],[0.337,-0.236],[-0.613,7.039]],"v":[[277.185,-458.667],[265.222,-441.613],[250.876,-447.017],[294.604,-502.258],[298.135,-501.754]],"c":true}]},{"i":{"x":0.833,"y":0.833},"o":{"x":0.167,"y":0.167},"t":66,"s":[{"i":[[6.406,-14.25],[8.706,-6.12],[-10.51,16.946],[-15.125,10.506],[0.918,-10.432]],"o":[[-8.141,18.111],[-18.866,13.262],[10.51,-16.946],[0.596,-0.414],[-1.085,12.329]],"v":[[257.532,-421.81],[236.351,-391.939],[210.95,-401.404],[288.374,-498.16],[294.625,-497.278]],"c":true}]},{"t":72,"s":[{"i":[[5.347,-9.79],[20.553,-0.982],[0,0],[-28.66,13.75],[11.67,-17.884]],"o":[[-5.643,10.332],[-9.555,0.457],[0,0],[1.13,-0.542],[-45.824,70.223]],"v":[[99.708,-205.148],[67.847,-181.199],[-80.325,-178.509],[265.1,-470.21],[279.787,-460.453]],"c":true}]}],"ix":2},"nm":"Path 1","mn":"ADBE Vector Shape - Group","hd":false},{"ty":"fl","c":{"a":0,"k":[1,0.788000009574,0.152999997606,1],"ix":4},"o":{"a":0,"k":100,"ix":5},"r":1,"bm":0,"nm":"Fill 1","mn":"ADBE Vector Graphic - Fill","hd":false},{"ty":"tr","p":{"a":0,"k":[502.56,509.96],"ix":2},"a":{"a":0,"k":[0,0],"ix":1},"s":{"a":0,"k":[100,100],"ix":3},"r":{"a":0,"k":0,"ix":6},"o":{"a":0,"k":100,"ix":7},"sk":{"a":0,"k":0,"ix":4},"sa":{"a":0,"k":0,"ix":5},"nm":"Transform"}],"nm":"Group 3","np":2,"cix":2,"bm":0,"ix":2,"mn":"ADBE Vector Group","hd":false},{"ty":"gr","it":[{"ind":0,"ty":"sh","ix":1,"ks":{"a":1,"k":[{"i":{"x":0.833,"y":0.833},"o":{"x":0.167,"y":0.167},"t":62,"s":[{"i":[[0.5,9.142],[3.809,-2.711],[0,0],[2.044,-2.327],[-1.434,-3.123],[-2.516,2.649],[-3.761,7.544]],"o":[[-0.294,-5.378],[-3.492,2.485],[0,0],[-2.044,2.327],[3.729,8.123],[4.026,-4.239],[4.515,-9.055]],"v":[[296.27,-507.724],[288.684,-509.377],[264.061,-478.847],[244.552,-453.94],[244.791,-441.453],[265.011,-441.623],[274.361,-457.187]],"c":true}]},{"i":{"x":0.833,"y":0.833},"o":{"x":0.167,"y":0.167},"t":66,"s":[{"i":[[0.886,16.013],[6.745,-4.749],[0,0],[3.619,-4.076],[-2.539,-5.47],[-4.455,4.64],[-6.66,13.213]],"o":[[-0.521,-9.421],[-6.182,4.353],[0,0],[-3.619,4.076],[6.603,14.227],[7.129,-7.425],[7.994,-15.861]],"v":[[295.884,-502.384],[282.454,-505.28],[238.856,-451.805],[204.315,-408.179],[204.737,-386.307],[240.539,-386.605],[257.094,-413.866]],"c":true}]},{"t":72,"s":[{"i":[[-17.996,51.639],[12.84,-6.25],[0,0],[11.424,-7.766],[-12.594,0.212],[-5.973,0.031],[-12.396,18.274]],"o":[[6.003,-17.225],[-11.769,5.729],[0,0],[-11.424,7.766],[34.666,-0.584],[15.848,-0.081],[8.534,-12.58]],"v":[[281.016,-461.219],[259.18,-477.33],[22.988,-260.696],[-86.056,-185.916],[-73.951,-160.292],[53.687,-160.343],[101.324,-182.759]],"c":true}]}],"ix":2},"nm":"Path 1","mn":"ADBE Vector Shape - Group","hd":false},{"ty":"fl","c":{"a":0,"k":[0.995999983245,0.722000002394,0.016000001571,1],"ix":4},"o":{"a":0,"k":100,"ix":5},"r":1,"bm":0,"nm":"Fill 1","mn":"ADBE Vector Graphic - Fill","hd":false},{"ty":"tr","p":{"a":0,"k":[508.48,517.08],"ix":2},"a":{"a":0,"k":[0,0],"ix":1},"s":{"a":0,"k":[100,100],"ix":3},"r":{"a":0,"k":0,"ix":6},"o":{"a":0,"k":100,"ix":7},"sk":{"a":0,"k":0,"ix":4},"sa":{"a":0,"k":0,"ix":5},"nm":"Transform"}],"nm":"Group 4","np":2,"cix":2,"bm":0,"ix":3,"mn":"ADBE Vector Group","hd":false}],"ip":56,"op":72,"st":28,"bm":0},{"ddd":0,"ind":13,"ty":4,"nm":"Ray Split 2","sr":1,"ks":{"o":{"a":0,"k":100,"ix":11},"r":{"a":0,"k":0,"ix":10},"p":{"a":0,"k":[267,1013,0],"ix":2,"l":2},"a":{"a":0,"k":[267,1013,0],"ix":1,"l":2},"s":{"a":1,"k":[{"i":{"x":[0.833,0.833,0.833],"y":[0.833,0.833,0.833]},"o":{"x":[0.167,0.167,0.167],"y":[0.167,0.167,0.167]},"t":50,"s":[100,100,100]},{"t":56,"s":[18,18,100]}],"ix":6,"l":2}},"ao":0,"shapes":[{"ty":"gr","it":[{"ind":0,"ty":"sh","ix":1,"ks":{"a":1,"k":[{"i":{"x":0.833,"y":0.833},"o":{"x":0.167,"y":0.167},"t":44,"s":[{"i":[[-8.008,13.78],[-5.36,-3.715],[6.688,-12.453],[3.866,-5.492],[-7.025,15.092]],"o":[[8.788,-15.122],[6.925,4.799],[-6.688,12.453],[-7.326,10.408],[5.871,-12.49]],"v":[[-99.372,120.76],[-76.088,108.385],[-77.192,137.587],[-127.37,225.58],[-138.46,216.328]],"c":true}]},{"i":{"x":0.833,"y":0.833},"o":{"x":0.167,"y":0.167},"t":50,"s":[{"i":[[-3.764,3.163],[-2.875,-0.279],[3.257,-4.143],[14.872,-1.211],[-0.227,4.868]],"o":[[5.057,-4.249],[8.021,0.78],[-3.257,4.143],[-4.956,0.403],[0.235,-5.039]],"v":[[-153.616,249.377],[-136.776,244.76],[-125.939,255.975],[-150.377,267.25],[-160.903,263.297]],"c":true}]},{"t":54,"s":[{"i":[[-3.764,3.163],[-2.732,-0.937],[3.257,-4.143],[6.247,-0.711],[-0.227,4.868]],"o":[[5.057,-4.249],[6.646,2.28],[-3.257,4.143],[-4.94,0.562],[0.235,-5.039]],"v":[[-172.116,273.877],[-157.026,272.01],[-152.689,283.225],[-168.877,291.75],[-179.403,287.797]],"c":true}]}],"ix":2},"nm":"Path 1","mn":"ADBE Vector Shape - Group","hd":false},{"ty":"fl","c":{"a":0,"k":[1,0.898000021542,0.404000016755,1],"ix":4},"o":{"a":0,"k":100,"ix":5},"r":1,"bm":0,"nm":"Fill 1","mn":"ADBE Vector Graphic - Fill","hd":false},{"ty":"tr","p":{"a":0,"k":[440.88,699.96],"ix":2},"a":{"a":0,"k":[0,0],"ix":1},"s":{"a":0,"k":[100,100],"ix":3},"r":{"a":0,"k":0,"ix":6},"o":{"a":0,"k":100,"ix":7},"sk":{"a":0,"k":0,"ix":4},"sa":{"a":0,"k":0,"ix":5},"nm":"Transform"}],"nm":"Group 2","np":2,"cix":2,"bm":0,"ix":1,"mn":"ADBE Vector Group","hd":false},{"ty":"gr","it":[{"ind":0,"ty":"sh","ix":1,"ks":{"a":1,"k":[{"i":{"x":0.833,"y":0.833},"o":{"x":0.167,"y":0.167},"t":44,"s":[{"i":[[-7.293,19.867],[-5.707,-2.698],[-9.037,-4.416],[12.225,-13.365],[9.434,-10.119],[3.412,1.273],[-1.599,8.953]],"o":[[8.171,-22.258],[5.707,2.698],[9.004,4.399],[-6.503,7.11],[-9.233,9.946],[-0.552,-0.173],[2.148,-12.032]],"v":[[-169.731,284.297],[-143.267,264.342],[-65.023,292.456],[-62.785,327.904],[-216.126,481.885],[-235.651,494.695],[-235.708,480.572]],"c":true}]},{"i":{"x":0.833,"y":0.833},"o":{"x":0.167,"y":0.167},"t":50,"s":[{"i":[[-3.552,6.61],[-2.92,-0.079],[-4.409,-2.373],[5.954,-4.446],[7.684,-2.145],[1.662,0.424],[-0.779,2.979]],"o":[[3.98,-7.405],[9.496,0.256],[4.071,2.191],[-3.167,2.365],[-5.378,1.501],[-0.269,-0.057],[1.046,-4.003]],"v":[[-220.898,433.198],[-203.806,427.034],[-168.151,437.912],[-167.061,449.706],[-240.369,504.434],[-251.254,505.196],[-251.281,500.497]],"c":true}]},{"t":54,"s":[{"i":[[-3.552,6.61],[-2.92,-0.079],[-3.392,-3.682],[7.926,-13.654],[12.809,-2.895],[0.806,4.156],[-1.721,7.958]],"o":[[3.98,-7.405],[9.496,0.256],[3.341,3.627],[-5.999,10.334],[-8.544,1.931],[-0.806,-4.156],[1.721,-7.958]],"v":[[-239.398,457.698],[-222.306,451.534],[-201.901,459.412],[-206.311,487.206],[-237.119,509.684],[-250.254,502.446],[-249.781,488.247]],"c":true}]}],"ix":2},"nm":"Path 1","mn":"ADBE Vector Shape - Group","hd":false},{"ty":"fl","c":{"a":0,"k":[1,0.788000009574,0.152999997606,1],"ix":4},"o":{"a":0,"k":100,"ix":5},"r":1,"bm":0,"nm":"Fill 1","mn":"ADBE Vector Graphic - Fill","hd":false},{"ty":"tr","p":{"a":0,"k":[502.56,509.96],"ix":2},"a":{"a":0,"k":[0,0],"ix":1},"s":{"a":0,"k":[100,100],"ix":3},"r":{"a":0,"k":0,"ix":6},"o":{"a":0,"k":100,"ix":7},"sk":{"a":0,"k":0,"ix":4},"sa":{"a":0,"k":0,"ix":5},"nm":"Transform"}],"nm":"Group 3","np":2,"cix":2,"bm":0,"ix":2,"mn":"ADBE Vector Group","hd":false},{"ty":"gr","it":[{"ind":0,"ty":"sh","ix":1,"ks":{"a":1,"k":[{"i":{"x":0.833,"y":0.833},"o":{"x":0.167,"y":0.167},"t":44,"s":[{"i":[[26.729,6.905],[9.67,-26.613],[0,-5.146],[-7.385,5.076],[-16.309,24.807],[12.89,4.09]],"o":[[-34.417,-8.891],[-9.67,26.613],[0,7.575],[5.721,-3.932],[4.416,-6.766],[-8.759,-2.779]],"v":[[-126.209,245.015],[-178.31,287.807],[-241.822,487.806],[-226.517,494.051],[-16.654,304.699],[-25.971,275.449]],"c":true}]},{"i":{"x":0.833,"y":0.833},"o":{"x":0.167,"y":0.167},"t":50,"s":[{"i":[[13.212,-0.427],[4.71,-8.854],[-0.333,-1.679],[-10.763,2.814],[-8.055,8.144],[5.655,3.046]],"o":[[-17.012,0.55],[-4.71,8.854],[1.441,7.267],[13.803,-3.608],[3.526,-3.565],[-9.436,-5.083]],"v":[[-199.484,412.89],[-228.113,429.615],[-257.296,498.154],[-237.717,500.856],[-148.881,437.61],[-152.168,427.503]],"c":true}]},{"t":54,"s":[{"i":[[13.754,-1.72],[4.71,-8.854],[-0.082,-1.71],[-10.763,2.814],[-8.344,7.847],[7.981,8.457]],"o":[[-16.89,2.112],[-4.71,8.854],[0.566,11.767],[13.803,-3.608],[16.151,-15.19],[-4.561,-4.833]],"v":[[-214.234,433.14],[-246.613,454.115],[-257.296,492.904],[-230.967,501.856],[-187.131,476.36],[-181.668,441.253]],"c":true}]}],"ix":2},"nm":"Path 1","mn":"ADBE Vector Shape - Group","hd":false},{"ty":"fl","c":{"a":0,"k":[0.995999983245,0.722000002394,0.016000001571,1],"ix":4},"o":{"a":0,"k":100,"ix":5},"r":1,"bm":0,"nm":"Fill 1","mn":"ADBE Vector Graphic - Fill","hd":false},{"ty":"tr","p":{"a":0,"k":[508.48,517.08],"ix":2},"a":{"a":0,"k":[0,0],"ix":1},"s":{"a":0,"k":[100,100],"ix":3},"r":{"a":0,"k":0,"ix":6},"o":{"a":0,"k":100,"ix":7},"sk":{"a":0,"k":0,"ix":4},"sa":{"a":0,"k":0,"ix":5},"nm":"Transform"}],"nm":"Group 4","np":2,"cix":2,"bm":0,"ix":3,"mn":"ADBE Vector Group","hd":false}],"ip":44,"op":56,"st":0,"bm":0},{"ddd":0,"ind":14,"ty":4,"nm":"Ray Split 1","sr":1,"ks":{"o":{"a":0,"k":100,"ix":11},"r":{"a":0,"k":0,"ix":10},"p":{"a":0,"k":[105,992,0],"ix":2,"l":2},"a":{"a":0,"k":[105,992,0],"ix":1,"l":2},"s":{"a":1,"k":[{"i":{"x":[0.833,0.833,0.833],"y":[0.833,0.833,0.833]},"o":{"x":[0.167,0.167,0.167],"y":[0.167,0.167,0.167]},"t":56,"s":[100,100,100]},{"t":62,"s":[34,34,100]}],"ix":6,"l":2}},"ao":0,"shapes":[{"ty":"gr","it":[{"ind":0,"ty":"sh","ix":1,"ks":{"a":1,"k":[{"i":{"x":0.833,"y":0.833},"o":{"x":0.167,"y":0.167},"t":44,"s":[{"i":[[13.942,-22.781],[-11.592,14.63],[-6.981,6.47],[5.821,-8.905]],"o":[[-13.89,22.696],[11.592,-14.63],[9.233,-8.558],[-5.771,8.905]],"v":[[-188.31,427.064],[-213.139,411.842],[0.738,108.43],[9.871,117.45]],"c":true}]},{"i":{"x":0.833,"y":0.833},"o":{"x":0.167,"y":0.167},"t":50,"s":[{"i":[[7.108,-11.634],[-3.617,13.611],[-3.559,3.304],[2.968,-4.547]],"o":[[-7.082,11.59],[2.447,-9.206],[4.707,-4.37],[-2.942,4.547]],"v":[[-166.424,422.673],[-182.583,415.9],[-130.04,321.707],[-125.384,326.314]],"c":true}]},{"i":{"x":0.833,"y":0.833},"o":{"x":0.167,"y":0.167},"t":56,"s":[{"i":[[4.576,-5.469],[-2.329,6.398],[-2.291,1.553],[1.901,-2.146]],"o":[[-4.559,5.448],[1.575,-4.328],[3.03,-2.054],[-1.894,2.138]],"v":[[-262.397,564.122],[-272.799,560.938],[-238.975,516.661],[-235.978,518.827]],"c":true}]},{"t":60,"s":[{"i":[[3.697,-3.862],[-2.329,6.398],[-2.291,1.553],[-0.017,-2.867]],"o":[[-4.912,5.132],[1.575,-4.328],[3.03,-2.054],[0.027,4.683]],"v":[[-277.397,589.622],[-290.549,583.688],[-278.725,570.411],[-269.978,571.827]],"c":true}]}],"ix":2},"nm":"Path 1","mn":"ADBE Vector Shape - Group","hd":false},{"ty":"fl","c":{"a":0,"k":[1,0.898000021542,0.404000016755,1],"ix":4},"o":{"a":0,"k":100,"ix":5},"r":1,"bm":0,"nm":"Fill 1","mn":"ADBE Vector Graphic - Fill","hd":false},{"ty":"tr","p":{"a":0,"k":[418.2,364.24],"ix":2},"a":{"a":0,"k":[0,0],"ix":1},"s":{"a":0,"k":[100,100],"ix":3},"r":{"a":0,"k":0,"ix":6},"o":{"a":0,"k":100,"ix":7},"sk":{"a":0,"k":0,"ix":4},"sa":{"a":0,"k":0,"ix":5},"nm":"Transform"}],"nm":"Group 1","np":2,"cix":2,"bm":0,"ix":1,"mn":"ADBE Vector Group","hd":false},{"ty":"gr","it":[{"ind":0,"ty":"sh","ix":1,"ks":{"a":1,"k":[{"i":{"x":0.833,"y":0.833},"o":{"x":0.167,"y":0.167},"t":44,"s":[{"i":[[6.293,-11.698],[22.404,5.191],[35.767,4.752],[-10.055,14.236],[-6.674,0]],"o":[[-6.293,11.698],[-11.083,-2.568],[-28.471,-3.782],[15.37,-21.763],[6.674,0]],"v":[[-185.767,359.342],[-225.963,387.349],[-344.327,368.788],[-372.505,330.803],[41.779,-211.96]],"c":true}]},{"i":{"x":0.833,"y":0.833},"o":{"x":0.167,"y":0.167},"t":50,"s":[{"i":[[3.209,-5.974],[11.422,2.651],[2.508,9.183],[-3.376,10.33],[-3.403,0]],"o":[[-3.209,5.974],[-5.65,-1.311],[-3.557,-13.024],[4.224,-12.926],[3.403,0]],"v":[[-266.977,351.533],[-287.471,365.835],[-302.067,348.607],[-301.684,314.709],[-170.466,90.04]],"c":true}]},{"i":{"x":0.833,"y":0.833},"o":{"x":0.167,"y":0.167},"t":56,"s":[{"i":[[2.065,-2.808],[7.353,1.246],[1.614,4.317],[-2.173,4.856],[-2.19,0]],"o":[[-2.065,2.808],[-3.637,-0.616],[-2.289,-6.122],[2.719,-6.076],[2.19,0]],"v":[[-357.181,453.46],[-370.374,460.183],[-379.77,452.084],[-379.523,436.15],[-295.053,330.54]],"c":true}]},{"t":60,"s":[{"i":[[8.871,-8.42],[7.353,1.246],[1.614,4.317],[-2.358,4.769],[-2.19,0]],"o":[[-2.528,2.4],[-3.637,-0.616],[-2.289,-6.122],[8.213,-16.611],[2.19,0]],"v":[[-357.181,453.46],[-370.374,460.183],[-379.77,452.084],[-379.523,436.15],[-349.803,410.29]],"c":true}]}],"ix":2},"nm":"Path 1","mn":"ADBE Vector Shape - Group","hd":false},{"ty":"fl","c":{"a":0,"k":[1,0.788000009574,0.152999997606,1],"ix":4},"o":{"a":0,"k":100,"ix":5},"r":1,"bm":0,"nm":"Fill 1","mn":"ADBE Vector Graphic - Fill","hd":false},{"ty":"tr","p":{"a":0,"k":[502.56,509.96],"ix":2},"a":{"a":0,"k":[0,0],"ix":1},"s":{"a":0,"k":[100,100],"ix":3},"r":{"a":0,"k":0,"ix":6},"o":{"a":0,"k":100,"ix":7},"sk":{"a":0,"k":0,"ix":4},"sa":{"a":0,"k":0,"ix":5},"nm":"Transform"}],"nm":"Group 3","np":2,"cix":2,"bm":0,"ix":2,"mn":"ADBE Vector Group","hd":false},{"ty":"gr","it":[{"ind":0,"ty":"sh","ix":1,"ks":{"a":1,"k":[{"i":{"x":0.833,"y":0.833},"o":{"x":0.167,"y":0.167},"t":44,"s":[{"i":[[-3.312,6.708],[9.133,0],[0,0],[0,0],[-9.801,-1.943],[-14.533,29.028]],"o":[[3.312,-6.708],[-9.133,0],[0,0],[0,0],[16.413,3.255],[10.005,-19.984]],"v":[[40.977,-200.056],[35.859,-219.08],[-209.241,156.317],[-334.301,324.046],[-225.893,381.666],[-153.447,360.393]],"c":true}]},{"i":{"x":0.833,"y":0.833},"o":{"x":0.167,"y":0.167},"t":50,"s":[{"i":[[-3.647,28.62],[4.656,0],[0,0],[0,0],[-4.997,-0.992],[-11.995,20.249]],"o":[[1.047,-8.215],[-4.656,0],[0,0],[0,0],[8.368,1.662],[18.642,-31.469]],"v":[[-158.027,93.135],[-176.386,82.92],[-276.347,295.872],[-298.609,332.073],[-290.337,359.449],[-251.485,346.671]],"c":true}]},{"i":{"x":0.833,"y":0.833},"o":{"x":0.167,"y":0.167},"t":56,"s":[{"i":[[-2.348,13.453],[2.997,0],[0,0],[0,0],[-3.217,-0.467],[-7.722,9.518]],"o":[[0.674,-3.862],[-2.997,0],[0,0],[0,0],[5.387,0.781],[12,-14.793]],"v":[[-289.154,328.222],[-300.973,323.42],[-365.322,423.523],[-379.653,440.54],[-374.328,453.408],[-349.317,447.402]],"c":true}]},{"t":60,"s":[{"i":[[3.424,11.948],[2.997,0],[0,0],[0,0],[-3.217,-0.467],[-7.722,9.518]],"o":[[-1.08,-3.768],[-2.997,0],[0,0],[0,0],[5.387,0.781],[12,-14.793]],"v":[[-343.904,407.972],[-355.723,403.17],[-374.072,435.773],[-379.653,440.54],[-374.328,453.408],[-349.317,447.402]],"c":true}]}],"ix":2},"nm":"Path 1","mn":"ADBE Vector Shape - Group","hd":false},{"ty":"fl","c":{"a":0,"k":[0.995999983245,0.722000002394,0.016000001571,1],"ix":4},"o":{"a":0,"k":100,"ix":5},"r":1,"bm":0,"nm":"Fill 1","mn":"ADBE Vector Graphic - Fill","hd":false},{"ty":"tr","p":{"a":0,"k":[508.48,517.08],"ix":2},"a":{"a":0,"k":[0,0],"ix":1},"s":{"a":0,"k":[100,100],"ix":3},"r":{"a":0,"k":0,"ix":6},"o":{"a":0,"k":100,"ix":7},"sk":{"a":0,"k":0,"ix":4},"sa":{"a":0,"k":0,"ix":5},"nm":"Transform"}],"nm":"Group 4","np":2,"cix":2,"bm":0,"ix":3,"mn":"ADBE Vector Group","hd":false}],"ip":44,"op":62,"st":0,"bm":0},{"ddd":0,"ind":15,"ty":4,"nm":"RAY","sr":1,"ks":{"o":{"a":0,"k":100,"ix":11},"r":{"a":0,"k":0,"ix":10},"p":{"a":0,"k":[512,512,0],"ix":2,"l":2},"a":{"a":0,"k":[512,512,0],"ix":1,"l":2},"s":{"a":0,"k":[100,100,100],"ix":6,"l":2}},"ao":0,"shapes":[{"ty":"gr","it":[{"ind":0,"ty":"sh","ix":1,"ks":{"a":1,"k":[{"i":{"x":0.833,"y":0.833},"o":{"x":0.167,"y":0.167},"t":0,"s":[{"i":[[26.24,-17.6],[-18.48,20.24],[-24.56,20.88],[-11.12,8.96],[9.28,-12.32],[44.72,-41.12]],"o":[[-27.6,18.48],[18.48,-20.24],[24.56,-20.88],[14.72,-11.84],[-9.2,12.32],[-34.56,31.84]],"v":[[-139.56,159.68],[-174.36,130.32],[-10.04,-11.76],[169,-166.32],[183.56,-153.84],[28.28,0.88]],"c":true}]},{"i":{"x":0.833,"y":0.833},"o":{"x":0.167,"y":0.167},"t":6,"s":[{"i":[[27.146,-16.167],[-19.524,19.235],[-24.56,20.88],[-12.551,6.813],[9.28,-12.32],[44.72,-41.12]],"o":[[-28.538,16.996],[19.524,-19.235],[24.56,-20.88],[15.05,-8.17],[-9.2,12.32],[-34.56,31.84]],"v":[[-138.901,149.373],[-172.101,118.215],[-9.04,-18.76],[170.5,-167.82],[187.56,-159.09],[29.28,-6.12]],"c":true}]},{"i":{"x":0.833,"y":0.833},"o":{"x":0.167,"y":0.167},"t":12,"s":[{"i":[[26.24,-17.6],[-18.48,20.24],[-24.56,20.88],[-11.12,8.96],[9.28,-12.32],[44.72,-41.12]],"o":[[-27.6,18.48],[18.48,-20.24],[24.56,-20.88],[14.72,-11.84],[-9.2,12.32],[-34.56,31.84]],"v":[[-115.06,133.68],[-149.86,104.32],[-12.04,-13.26],[173.5,-172.32],[188.06,-159.84],[26.28,-0.62]],"c":true}]},{"i":{"x":0.833,"y":0.833},"o":{"x":0.167,"y":0.167},"t":18,"s":[{"i":[[27.146,-16.167],[-19.524,19.235],[-24.56,20.88],[-12.551,6.813],[9.28,-12.32],[44.72,-41.12]],"o":[[-28.538,16.996],[19.524,-19.235],[24.56,-20.88],[15.05,-8.17],[-9.2,12.32],[-34.56,31.84]],"v":[[-138.901,149.373],[-172.101,118.215],[-9.04,-18.76],[170.5,-167.82],[187.56,-159.09],[29.28,-6.12]],"c":true}]},{"i":{"x":0.833,"y":0.833},"o":{"x":0.167,"y":0.167},"t":22,"s":[{"i":[[26.24,-17.6],[-18.48,20.24],[-24.56,20.88],[-11.12,8.96],[9.28,-12.32],[44.72,-41.12]],"o":[[-27.6,18.48],[18.48,-20.24],[24.56,-20.88],[14.72,-11.84],[-9.2,12.32],[-34.56,31.84]],"v":[[-139.56,159.68],[-174.36,130.32],[-10.04,-11.76],[169,-166.32],[183.56,-153.84],[28.28,0.88]],"c":true}]},{"i":{"x":0.833,"y":0.833},"o":{"x":0.167,"y":0.167},"t":28,"s":[{"i":[[26.24,-17.6],[-18.48,20.24],[-24.56,20.88],[-11.12,8.96],[9.28,-12.32],[44.72,-41.12]],"o":[[-27.6,18.48],[18.48,-20.24],[24.56,-20.88],[14.72,-11.84],[-9.2,12.32],[-34.56,31.84]],"v":[[-115.06,133.68],[-149.86,104.32],[-12.04,-13.26],[173.5,-172.32],[188.06,-159.84],[26.28,-0.62]],"c":true}]},{"i":{"x":0.833,"y":0.833},"o":{"x":0.167,"y":0.167},"t":34,"s":[{"i":[[27.146,-16.167],[-19.524,19.235],[-24.56,20.88],[-12.551,6.813],[9.28,-12.32],[44.72,-41.12]],"o":[[-28.538,16.996],[19.524,-19.235],[24.56,-20.88],[15.05,-8.17],[-9.2,12.32],[-34.56,31.84]],"v":[[-138.901,149.373],[-172.101,118.215],[-9.04,-18.76],[170.5,-167.82],[187.56,-159.09],[29.28,-6.12]],"c":true}]},{"i":{"x":0.833,"y":0.833},"o":{"x":0.167,"y":0.167},"t":38,"s":[{"i":[[26.24,-17.6],[-18.48,20.24],[-24.56,20.88],[-11.12,8.96],[9.28,-12.32],[44.72,-41.12]],"o":[[-27.6,18.48],[18.48,-20.24],[24.56,-20.88],[14.72,-11.84],[-9.2,12.32],[-34.56,31.84]],"v":[[-170.06,244.18],[-204.86,214.82],[-18.54,34.24],[136.5,-109.32],[151.06,-96.84],[19.78,46.88]],"c":true}]},{"t":44,"s":[{"i":[[16.47,-12.707],[-11.592,14.63],[-12.589,17.51],[-6.981,6.47],[5.821,-8.905],[38.83,-61.023]],"o":[[-17.312,13.357],[11.592,-14.63],[35.867,-49.886],[9.233,-8.558],[-5.771,8.905],[-16.973,26.674]],"v":[[-191.31,433.064],[-213.139,411.842],[-120.567,282.146],[0.738,108.43],[9.871,117.45],[-100.53,299.783]],"c":true}]}],"ix":2},"nm":"Path 1","mn":"ADBE Vector Shape - Group","hd":false},{"ty":"fl","c":{"a":0,"k":[1,0.898000021542,0.404000016755,1],"ix":4},"o":{"a":0,"k":100,"ix":5},"r":1,"bm":0,"nm":"Fill 1","mn":"ADBE Vector Graphic - Fill","hd":false},{"ty":"tr","p":{"a":0,"k":[418.2,364.24],"ix":2},"a":{"a":0,"k":[0,0],"ix":1},"s":{"a":0,"k":[100,100],"ix":3},"r":{"a":0,"k":0,"ix":6},"o":{"a":0,"k":100,"ix":7},"sk":{"a":0,"k":0,"ix":4},"sa":{"a":0,"k":0,"ix":5},"nm":"Transform"}],"nm":"Group 1","np":2,"cix":2,"bm":0,"ix":1,"mn":"ADBE Vector Group","hd":false},{"ty":"gr","it":[{"ind":0,"ty":"sh","ix":1,"ks":{"a":1,"k":[{"i":{"x":0.833,"y":0.833},"o":{"x":0.167,"y":0.167},"t":0,"s":[{"i":[[-14.88,21.44],[-8.56,-5.12],[13.92,-18.48],[6.16,-7.6],[-11.2,20.88]],"o":[[14.4,-20.72],[11.04,6.64],[-21.92,29.28],[-11.68,14.4],[9.36,-17.28]],"v":[[66.72,-133.96],[103.84,-151.08],[102.08,-110.68],[-87.12,141.8],[-104.8,129]],"c":true}]},{"i":{"x":0.833,"y":0.833},"o":{"x":0.167,"y":0.167},"t":6,"s":[{"i":[[-14.88,21.44],[-8.56,-5.12],[13.92,-18.48],[6.649,-7.176],[-12.55,20.097]],"o":[[14.4,-20.72],[11.04,6.64],[-21.92,29.28],[-12.603,13.6],[10.477,-16.626]],"v":[[60.72,-132.96],[97.84,-150.08],[96.08,-109.68],[-99.161,138.031],[-115.96,124.095]],"c":true}]},{"i":{"x":0.833,"y":0.833},"o":{"x":0.167,"y":0.167},"t":12,"s":[{"i":[[-14.88,21.44],[-8.56,-5.12],[13.92,-18.48],[10.731,-12.195],[-5.985,21.798]],"o":[[14.4,-20.72],[11.04,6.64],[-21.92,29.28],[-10.436,11.86],[5.023,-18.048]],"v":[[71.72,-139.96],[108.84,-157.08],[107.08,-116.68],[-78.365,140.089],[-93.527,129.096]],"c":true}]},{"i":{"x":0.833,"y":0.833},"o":{"x":0.167,"y":0.167},"t":18,"s":[{"i":[[-14.88,21.44],[-8.56,-5.12],[13.92,-18.48],[6.649,-7.176],[-12.55,20.097]],"o":[[14.4,-20.72],[11.04,6.64],[-21.92,29.28],[-12.603,13.6],[10.477,-16.626]],"v":[[60.72,-132.96],[97.84,-150.08],[96.08,-109.68],[-99.161,138.031],[-115.96,124.095]],"c":true}]},{"i":{"x":0.833,"y":0.833},"o":{"x":0.167,"y":0.167},"t":22,"s":[{"i":[[-14.88,21.44],[-8.56,-5.12],[13.92,-18.48],[6.16,-7.6],[-11.2,20.88]],"o":[[14.4,-20.72],[11.04,6.64],[-21.92,29.28],[-11.68,14.4],[9.36,-17.28]],"v":[[66.72,-133.96],[103.84,-151.08],[102.08,-110.68],[-87.12,141.8],[-104.8,129]],"c":true}]},{"i":{"x":0.833,"y":0.833},"o":{"x":0.167,"y":0.167},"t":28,"s":[{"i":[[-14.88,21.44],[-8.56,-5.12],[13.92,-18.48],[10.731,-12.195],[-5.985,21.798]],"o":[[14.4,-20.72],[11.04,6.64],[-21.92,29.28],[-10.436,11.86],[5.023,-18.048]],"v":[[71.72,-139.96],[108.84,-157.08],[107.08,-116.68],[-78.365,140.089],[-93.527,129.096]],"c":true}]},{"i":{"x":0.833,"y":0.833},"o":{"x":0.167,"y":0.167},"t":34,"s":[{"i":[[-14.88,21.44],[-8.56,-5.12],[13.92,-18.48],[6.649,-7.176],[-12.55,20.097]],"o":[[14.4,-20.72],[11.04,6.64],[-21.92,29.28],[-12.603,13.6],[10.477,-16.626]],"v":[[60.72,-132.96],[97.84,-150.08],[96.08,-109.68],[-99.161,138.031],[-115.96,124.095]],"c":true}]},{"i":{"x":0.833,"y":0.833},"o":{"x":0.167,"y":0.167},"t":38,"s":[{"i":[[-13.645,19.694],[-7.831,-4.724],[12.753,-16.983],[6.16,-7.6],[-11.2,20.88]],"o":[[13.192,-19.041],[10.114,6.102],[-20.082,26.908],[-11.68,14.4],[9.36,-17.28]],"v":[[10.472,-51.762],[44.48,-67.495],[42.867,-30.368],[-135.12,187.3],[-152.3,177.5]],"c":true}]},{"t":44,"s":[{"i":[[-8.008,13.78],[-5.36,-3.715],[6.688,-12.453],[3.866,-5.492],[-7.025,15.092]],"o":[[8.788,-15.122],[6.925,4.799],[-6.688,12.453],[-7.326,10.408],[5.871,-12.49]],"v":[[-99.372,120.76],[-76.088,108.385],[-77.192,137.587],[-127.37,225.58],[-138.46,216.328]],"c":true}]}],"ix":2},"nm":"Path 1","mn":"ADBE Vector Shape - Group","hd":false},{"ty":"fl","c":{"a":0,"k":[1,0.898000021542,0.404000016755,1],"ix":4},"o":{"a":0,"k":100,"ix":5},"r":1,"bm":0,"nm":"Fill 1","mn":"ADBE Vector Graphic - Fill","hd":false},{"ty":"tr","p":{"a":0,"k":[440.88,699.96],"ix":2},"a":{"a":0,"k":[0,0],"ix":1},"s":{"a":0,"k":[100,100],"ix":3},"r":{"a":0,"k":0,"ix":6},"o":{"a":0,"k":100,"ix":7},"sk":{"a":0,"k":0,"ix":4},"sa":{"a":0,"k":0,"ix":5},"nm":"Transform"}],"nm":"Group 2","np":2,"cix":2,"bm":0,"ix":2,"mn":"ADBE Vector Group","hd":false},{"ty":"gr","it":[{"ind":0,"ty":"sh","ix":1,"ks":{"a":1,"k":[{"i":{"x":0.833,"y":0.833},"o":{"x":0.167,"y":0.167},"t":0,"s":[{"i":[[7.2,-9.84],[-15.36,-0.96],[-90.355,0.571],[-7.058,0.05],[0,0],[67.52,-61.199],[15.04,-14],[5.44,1.761],[-21.04,34.64],[-7.2,11.68],[-3.6,5.441],[24.32,0],[83.283,-2.106],[0,0],[-55.84,44.08],[-10.64,0]],"o":[[-7.12,9.76],[8.957,0.516],[24.865,-0.157],[15.764,-0.112],[0,0],[-67.52,61.2],[-14.72,13.76],[-0.88,-0.239],[19.2,-31.599],[7.2,-11.68],[3.6,-5.439],[-17.243,0],[-34.18,0.865],[0,0],[55.84,-44.08],[10.64,0]],"v":[[14.32,-107.161],[20.64,-80.12],[230.987,-80.76],[322.979,-81.378],[348.24,-81.56],[57.6,184.679],[-248.56,458.12],[-282.08,482.759],[-263.04,443.159],[-52.32,91],[-35.2,63.959],[-44.24,28.839],[-290.378,34.565],[-348.24,36.039],[-99.2,-171.961],[283.76,-484.521]],"c":true}]},{"i":{"x":0.833,"y":0.833},"o":{"x":0.167,"y":0.167},"t":6,"s":[{"i":[[7.2,-9.84],[-15.36,-0.96],[-87.511,-2.272],[-6.833,-0.175],[0,0],[67.52,-61.199],[15.04,-14],[5.44,1.761],[-21.04,34.64],[-7.2,11.68],[-3.6,5.441],[24.32,0],[80.357,0.819],[0,0],[-55.84,44.08],[-10.64,0]],"o":[[-7.12,9.76],[8.957,0.516],[24.083,0.625],[15.262,0.39],[0,0],[-67.52,61.2],[-14.72,13.76],[-0.88,-0.239],[19.2,-31.599],[7.2,-11.68],[3.6,-5.439],[-17.243,0],[-32.98,-0.336],[0,0],[55.84,-44.08],[10.64,0]],"v":[[8.32,-106.661],[14.64,-79.62],[218.707,-73.979],[307.785,-71.684],[332.24,-71.06],[59.1,180.679],[-257.06,448.62],[-290.58,473.259],[-271.54,433.659],[-58.82,92],[-41.7,64.959],[-50.74,29.84],[-288.925,27.613],[-344.74,27.039],[-98.2,-178.961],[297.76,-484.021]],"c":true}]},{"i":{"x":0.833,"y":0.833},"o":{"x":0.167,"y":0.167},"t":12,"s":[{"i":[[7.2,-9.84],[-15.36,-0.96],[-95.759,5.975],[-7.485,0.477],[0,0],[67.52,-61.199],[15.04,-14],[5.44,1.761],[-21.04,34.64],[-7.2,11.68],[-3.6,5.441],[24.32,0],[77.285,3.599],[0,0],[-55.84,44.08],[-10.64,0]],"o":[[-7.12,9.76],[8.957,0.516],[26.352,-1.644],[16.718,-1.066],[0,0],[-67.52,61.2],[-14.72,13.76],[-0.88,-0.239],[19.2,-31.599],[7.2,-11.68],[3.6,-5.439],[-17.243,0],[-31.719,-1.477],[0,0],[55.84,-44.08],[10.64,0]],"v":[[9.82,-104.161],[16.14,-77.12],[238.42,-89.693],[335.947,-95.846],[362.74,-97.56],[57.6,184.679],[-249.06,470.62],[-282.58,495.259],[-263.54,455.659],[-48.32,84.5],[-31.2,57.459],[-40.24,22.34],[-270.075,12.558],[-323.74,10.039],[-101.2,-173.461],[268.76,-481.021]],"c":true}]},{"i":{"x":0.833,"y":0.833},"o":{"x":0.167,"y":0.167},"t":18,"s":[{"i":[[7.2,-9.84],[-15.36,-0.96],[-87.511,-2.272],[-6.833,-0.175],[0,0],[67.52,-61.199],[15.04,-14],[5.44,1.761],[-21.04,34.64],[-7.2,11.68],[-3.6,5.441],[24.32,0],[80.357,0.819],[0,0],[-55.84,44.08],[-10.64,0]],"o":[[-7.12,9.76],[8.957,0.516],[24.083,0.625],[15.262,0.39],[0,0],[-67.52,61.2],[-14.72,13.76],[-0.88,-0.239],[19.2,-31.599],[7.2,-11.68],[3.6,-5.439],[-17.243,0],[-32.98,-0.336],[0,0],[55.84,-44.08],[10.64,0]],"v":[[8.32,-106.661],[14.64,-79.62],[218.707,-73.979],[307.785,-71.684],[332.24,-71.06],[59.1,180.679],[-257.06,448.62],[-290.58,473.259],[-271.54,433.659],[-58.82,92],[-41.7,64.959],[-50.74,29.84],[-288.925,27.613],[-344.74,27.039],[-98.2,-178.961],[297.76,-484.021]],"c":true}]},{"i":{"x":0.833,"y":0.833},"o":{"x":0.167,"y":0.167},"t":22,"s":[{"i":[[7.2,-9.84],[-15.36,-0.96],[-90.355,0.571],[-7.058,0.05],[0,0],[67.52,-61.199],[15.04,-14],[5.44,1.761],[-21.04,34.64],[-7.2,11.68],[-3.6,5.441],[24.32,0],[83.283,-2.106],[0,0],[-55.84,44.08],[-10.64,0]],"o":[[-7.12,9.76],[8.957,0.516],[24.865,-0.157],[15.764,-0.112],[0,0],[-67.52,61.2],[-14.72,13.76],[-0.88,-0.239],[19.2,-31.599],[7.2,-11.68],[3.6,-5.439],[-17.243,0],[-34.18,0.865],[0,0],[55.84,-44.08],[10.64,0]],"v":[[14.32,-107.161],[20.64,-80.12],[230.987,-80.76],[322.979,-81.378],[348.24,-81.56],[57.6,184.679],[-248.56,458.12],[-282.08,482.759],[-263.04,443.159],[-52.32,91],[-35.2,63.959],[-44.24,28.839],[-290.378,34.565],[-348.24,36.039],[-99.2,-171.961],[283.76,-484.521]],"c":true}]},{"i":{"x":0.833,"y":0.833},"o":{"x":0.167,"y":0.167},"t":28,"s":[{"i":[[7.2,-9.84],[-15.36,-0.96],[-95.759,5.975],[-7.485,0.477],[0,0],[67.52,-61.199],[15.04,-14],[5.44,1.761],[-21.04,34.64],[-7.2,11.68],[-3.6,5.441],[24.32,0],[77.285,3.599],[0,0],[-55.84,44.08],[-10.64,0]],"o":[[-7.12,9.76],[8.957,0.516],[26.352,-1.644],[16.718,-1.066],[0,0],[-67.52,61.2],[-14.72,13.76],[-0.88,-0.239],[19.2,-31.599],[7.2,-11.68],[3.6,-5.439],[-17.243,0],[-31.719,-1.477],[0,0],[55.84,-44.08],[10.64,0]],"v":[[9.82,-104.161],[16.14,-77.12],[238.42,-89.693],[335.947,-95.846],[362.74,-97.56],[57.6,184.679],[-249.06,470.62],[-282.58,495.259],[-263.54,455.659],[-48.32,84.5],[-31.2,57.459],[-40.24,22.34],[-270.075,12.558],[-323.74,10.039],[-101.2,-173.461],[268.76,-481.021]],"c":true}]},{"i":{"x":0.833,"y":0.833},"o":{"x":0.167,"y":0.167},"t":34,"s":[{"i":[[7.2,-9.84],[-15.36,-0.96],[-87.511,-2.272],[-6.833,-0.175],[0,0],[67.52,-61.199],[15.04,-14],[5.44,1.761],[-21.04,34.64],[-7.2,11.68],[-3.6,5.441],[24.32,0],[80.357,0.819],[0,0],[-55.84,44.08],[-10.64,0]],"o":[[-7.12,9.76],[8.957,0.516],[24.083,0.625],[15.262,0.39],[0,0],[-67.52,61.2],[-14.72,13.76],[-0.88,-0.239],[19.2,-31.599],[7.2,-11.68],[3.6,-5.439],[-17.243,0],[-32.98,-0.336],[0,0],[55.84,-44.08],[10.64,0]],"v":[[8.32,-106.661],[14.64,-79.62],[218.707,-73.979],[307.785,-71.684],[332.24,-71.06],[59.1,180.679],[-257.06,448.62],[-290.58,473.259],[-271.54,433.659],[-58.82,92],[-41.7,64.959],[-50.74,29.84],[-288.925,27.613],[-344.74,27.039],[-98.2,-178.961],[297.76,-484.021]],"c":true}]},{"i":{"x":0.833,"y":0.833},"o":{"x":0.167,"y":0.167},"t":38,"s":[{"i":[[4.227,-4.016],[-9.03,-0.391],[-17.883,0.087],[-15.292,2.557],[0,0],[67.52,-61.199],[15.04,-14],[5.44,1.761],[-20.202,35.136],[-7.2,11.68],[-3.6,5.441],[24.32,0],[74.506,-2.253],[0,0],[-55.84,44.08],[-10.64,0]],"o":[[-4.186,3.977],[4.947,0.197],[6.822,-0.033],[33.098,-5.534],[0,0],[-67.52,61.2],[-14.72,13.76],[-0.88,-0.239],[20.48,-35.62],[7.2,-11.68],[3.6,-5.439],[-17.243,0],[-30.578,0.925],[0,0],[55.84,-44.08],[10.64,0]],"v":[[-29.405,-23.99],[-25.69,-12.971],[144.558,-20.374],[127.342,47.074],[262.74,12.44],[62.1,192.179],[-275.56,486.62],[-305.58,496.759],[-286.04,448.659],[-103.82,171],[-86.7,143.959],[-95.74,111.339],[-318.02,117.463],[-369.74,119.039],[-107.7,-125.961],[258.76,-445.021]],"c":true}]},{"t":44,"s":[{"i":[[4.506,-7.118],[-5.707,-2.698],[-12.679,-4.835],[-9.037,-4.416],[12.225,-13.365],[14.757,-14.019],[9.434,-10.119],[3.412,1.273],[-1.599,8.953],[-10.028,23.011],[-1.895,4.12],[12.415,1.756],[35.767,4.752],[-10.055,14.236],[-28.263,37.989],[-6.674,0]],"o":[[-4.466,7.055],[5.707,2.698],[12.679,4.835],[9.004,4.4],[-6.503,7.11],[-14.757,14.019],[-9.233,9.946],[-0.552,-0.173],[2.148,-12.032],[3.825,-8.777],[2.733,-5.944],[-11.264,-1.593],[-28.471,-3.782],[15.37,-21.763],[53.878,-72.42],[6.674,0]],"v":[[-140.731,242.797],[-143.267,264.342],[-102.739,277.704],[-65.023,292.456],[-62.785,327.904],[-92.803,357.021],[-216.126,481.885],[-235.651,494.695],[-235.708,480.572],[-223.032,441.529],[-205.793,404.484],[-211.963,389.349],[-344.327,368.788],[-372.505,330.803],[-206.938,118.46],[41.779,-211.96]],"c":true}]}],"ix":2},"nm":"Path 1","mn":"ADBE Vector Shape - Group","hd":false},{"ty":"fl","c":{"a":0,"k":[1,0.788000009574,0.152999997606,1],"ix":4},"o":{"a":0,"k":100,"ix":5},"r":1,"bm":0,"nm":"Fill 1","mn":"ADBE Vector Graphic - Fill","hd":false},{"ty":"tr","p":{"a":0,"k":[502.56,509.96],"ix":2},"a":{"a":0,"k":[0,0],"ix":1},"s":{"a":0,"k":[100,100],"ix":3},"r":{"a":0,"k":0,"ix":6},"o":{"a":0,"k":100,"ix":7},"sk":{"a":0,"k":0,"ix":4},"sa":{"a":0,"k":0,"ix":5},"nm":"Transform"}],"nm":"Group 3","np":2,"cix":2,"bm":0,"ix":3,"mn":"ADBE Vector Group","hd":false},{"ty":"gr","it":[{"ind":0,"ty":"sh","ix":1,"ks":{"a":1,"k":[{"i":{"x":0.833,"y":0.833},"o":{"x":0.167,"y":0.167},"t":0,"s":[{"i":[[0,0],[-5.28,9.28],[14.56,0],[0,0],[0,0],[-2.64,-13.2],[-5.28,0],[-15.92,0.48],[0,0],[0,0],[0,-7.12],[-11.76,7.04],[-26,34.32],[29.04,0],[0,0],[0,0]],"o":[[0,0],[5.28,-9.28],[-14.56,0],[0,0],[0,0],[2.64,13.2],[5.28,0],[19.76,-0.56],[0,0],[0,0],[0,10.48],[9.12,-5.44],[7.04,-9.36],[-29.04,0],[0,0],[0,0]],"v":[[48.96,-84.76],[286,-465.32],[277.84,-491.64],[-97.76,-123.08],[-354.16,28.92],[-368.72,52.68],[-349.28,66.44],[-54.56,64.52],[-39.68,92.04],[-212.8,364.2],[-288.4,475.96],[-264,484.6],[360.72,-54.76],[342.32,-88.76],[82,-21.4],[67.1,-49.973]],"c":true}]},{"i":{"x":0.833,"y":0.833},"o":{"x":0.167,"y":0.167},"t":6,"s":[{"i":[[0,0],[-60.98,69.74],[14.56,0],[0,0],[0,0],[-2.64,-13.2],[-5.28,0],[-15.92,0.48],[0,0],[0,0],[0,-7.12],[-11.76,7.04],[-26,34.32],[29.04,0],[0,0],[0,0]],"o":[[0,0],[7.028,-8.038],[-14.56,0],[0,0],[0,0],[2.64,13.2],[5.28,0],[19.76,-0.56],[0,0],[0,0],[0,10.48],[9.12,-5.44],[7.04,-9.36],[-29.04,0],[0,0],[0,0]],"v":[[42.96,-84.26],[299,-464.32],[291.84,-491.14],[-96.76,-130.08],[-350.66,19.92],[-365.22,43.68],[-345.78,57.44],[-61.06,65.52],[-46.18,93.04],[-220.3,354.2],[-296.9,466.46],[-272.5,475.1],[344.72,-44.26],[326.32,-78.26],[82,-21.4],[64.394,-49.748]],"c":true}]},{"i":{"x":0.833,"y":0.833},"o":{"x":0.167,"y":0.167},"t":12,"s":[{"i":[[0,0],[-5.28,9.28],[14.56,0],[0,0],[0,0],[-2.64,-13.2],[-5.28,0],[-15.92,0.48],[0,0],[0,0],[0,-7.12],[-11.76,7.04],[-26,34.32],[29.04,0],[0,0],[0,0]],"o":[[0,0],[5.28,-9.28],[-14.56,0],[0,0],[0,0],[2.64,13.2],[5.28,0],[19.76,-0.56],[0,0],[0,0],[0,10.48],[9.12,-5.44],[7.04,-9.36],[-29.04,0],[0,0],[0,0]],"v":[[44.46,-81.76],[271,-461.82],[262.84,-488.14],[-99.76,-124.58],[-329.66,2.92],[-344.22,26.68],[-324.78,40.44],[-50.56,58.02],[-35.68,85.54],[-213.3,376.7],[-288.9,488.46],[-264.5,497.1],[375.22,-70.76],[356.82,-104.76],[77.5,-18.4],[62.6,-46.973]],"c":true}]},{"i":{"x":0.833,"y":0.833},"o":{"x":0.167,"y":0.167},"t":18,"s":[{"i":[[0,0],[-60.98,69.74],[14.56,0],[0,0],[0,0],[-2.64,-13.2],[-5.28,0],[-15.92,0.48],[0,0],[0,0],[0,-7.12],[-11.76,7.04],[-26,34.32],[29.04,0],[0,0],[0,0]],"o":[[0,0],[7.028,-8.038],[-14.56,0],[0,0],[0,0],[2.64,13.2],[5.28,0],[19.76,-0.56],[0,0],[0,0],[0,10.48],[9.12,-5.44],[7.04,-9.36],[-29.04,0],[0,0],[0,0]],"v":[[42.96,-84.26],[299,-464.32],[291.84,-491.14],[-96.76,-130.08],[-350.66,19.92],[-365.22,43.68],[-345.78,57.44],[-61.06,65.52],[-46.18,93.04],[-220.3,354.2],[-296.9,466.46],[-272.5,475.1],[344.72,-44.26],[326.32,-78.26],[82,-21.4],[64.394,-49.748]],"c":true}]},{"i":{"x":0.833,"y":0.833},"o":{"x":0.167,"y":0.167},"t":22,"s":[{"i":[[0,0],[-5.28,9.28],[14.56,0],[0,0],[0,0],[-2.64,-13.2],[-5.28,0],[-15.92,0.48],[0,0],[0,0],[0,-7.12],[-11.76,7.04],[-26,34.32],[29.04,0],[0,0],[0,0]],"o":[[0,0],[5.28,-9.28],[-14.56,0],[0,0],[0,0],[2.64,13.2],[5.28,0],[19.76,-0.56],[0,0],[0,0],[0,10.48],[9.12,-5.44],[7.04,-9.36],[-29.04,0],[0,0],[0,0]],"v":[[48.96,-84.76],[286,-465.32],[277.84,-491.64],[-97.76,-123.08],[-354.16,28.92],[-368.72,52.68],[-349.28,66.44],[-54.56,64.52],[-39.68,92.04],[-212.8,364.2],[-288.4,475.96],[-264,484.6],[360.72,-54.76],[342.32,-88.76],[82,-21.4],[67.1,-49.973]],"c":true}]},{"i":{"x":0.833,"y":0.833},"o":{"x":0.167,"y":0.167},"t":28,"s":[{"i":[[0,0],[-5.28,9.28],[14.56,0],[0,0],[0,0],[-2.64,-13.2],[-5.28,0],[-15.92,0.48],[0,0],[0,0],[0,-7.12],[-11.76,7.04],[-26,34.32],[29.04,0],[0,0],[0,0]],"o":[[0,0],[5.28,-9.28],[-14.56,0],[0,0],[0,0],[2.64,13.2],[5.28,0],[19.76,-0.56],[0,0],[0,0],[0,10.48],[9.12,-5.44],[7.04,-9.36],[-29.04,0],[0,0],[0,0]],"v":[[44.46,-81.76],[271,-461.82],[262.84,-488.14],[-99.76,-124.58],[-329.66,2.92],[-344.22,26.68],[-324.78,40.44],[-50.56,58.02],[-35.68,85.54],[-213.3,376.7],[-288.9,488.46],[-264.5,497.1],[375.22,-70.76],[356.82,-104.76],[77.5,-18.4],[62.6,-46.973]],"c":true}]},{"i":{"x":0.833,"y":0.833},"o":{"x":0.167,"y":0.167},"t":34,"s":[{"i":[[0,0],[-60.98,69.74],[14.56,0],[0,0],[0,0],[-2.64,-13.2],[-5.28,0],[-15.92,0.48],[0,0],[0,0],[0,-7.12],[-11.76,7.04],[-26,34.32],[29.04,0],[0,0],[0,0]],"o":[[0,0],[7.028,-8.038],[-14.56,0],[0,0],[0,0],[2.64,13.2],[5.28,0],[19.76,-0.56],[0,0],[0,0],[0,10.48],[9.12,-5.44],[7.04,-9.36],[-29.04,0],[0,0],[0,0]],"v":[[42.96,-84.26],[299,-464.32],[291.84,-491.14],[-96.76,-130.08],[-350.66,19.92],[-365.22,43.68],[-345.78,57.44],[-61.06,65.52],[-46.18,93.04],[-220.3,354.2],[-296.9,466.46],[-272.5,475.1],[344.72,-44.26],[326.32,-78.26],[82,-21.4],[64.394,-49.748]],"c":true}]},{"i":{"x":0.833,"y":0.833},"o":{"x":0.167,"y":0.167},"t":38,"s":[{"i":[[0,0],[-5.28,9.28],[14.56,0],[0,0],[0,0],[-2.64,-13.2],[-5.28,0],[-15.92,0.48],[0,0],[0,0],[0,-7.12],[-10.445,8.875],[-96.7,105.68],[23.2,-6.82],[28.98,8.18],[52.096,-4.636]],"o":[[0,0],[5.28,-9.28],[-14.56,0],[0,0],[0,0],[2.64,13.2],[5.28,0],[19.76,-0.56],[0,0],[0,0],[0,10.48],[112.02,-95.18],[7.04,-9.36],[-27.861,8.19],[-28.98,-8.18],[-21.401,1.904]],"v":[[-8.98,-19.58],[261,-425.82],[252.84,-452.14],[-106.26,-77.08],[-375.66,111.92],[-387.72,133.18],[-368.28,146.94],[-106.06,144.52],[-91.18,172.04],[-212.8,364.2],[-311.9,489.96],[-287.5,498.6],[271.22,37.24],[256.82,5.24],[149.5,54.1],[138.924,-27.444]],"c":true}]},{"t":44,"s":[{"i":[[0,0],[-3.312,6.708],[9.133,0],[0,0],[0,0],[-3.571,-14.124],[-7.008,-1.243],[-9.987,0.326],[0,0],[0,0],[0,-5.146],[-7.385,5.076],[-16.309,24.807],[12.89,4.09],[9.755,2.858],[8.217,2.278]],"o":[[0,0],[3.312,-6.708],[-9.133,0],[0,0],[0,0],[3.571,14.124],[9.867,1.75],[12.395,-0.405],[0,0],[0,0],[0,7.575],[5.721,-3.932],[4.416,-6.766],[-8.759,-2.779],[-7.55,-2.212],[-3.688,-1.022]],"v":[[-116.209,248.515],[40.977,-200.056],[35.859,-219.08],[-209.241,156.317],[-363.425,313.434],[-372.551,340.296],[-346.097,356.17],[-210.893,377.666],[-201.31,402.307],[-194.901,404.526],[-241.822,487.806],[-226.517,494.051],[-16.654,304.699],[-25.971,275.449],[-54.984,266.312],[-81.947,258.393]],"c":true}]}],"ix":2},"nm":"Path 1","mn":"ADBE Vector Shape - Group","hd":false},{"ty":"fl","c":{"a":0,"k":[0.995999983245,0.722000002394,0.016000001571,1],"ix":4},"o":{"a":0,"k":100,"ix":5},"r":1,"bm":0,"nm":"Fill 1","mn":"ADBE Vector Graphic - Fill","hd":false},{"ty":"tr","p":{"a":0,"k":[508.48,517.08],"ix":2},"a":{"a":0,"k":[0,0],"ix":1},"s":{"a":0,"k":[100,100],"ix":3},"r":{"a":0,"k":0,"ix":6},"o":{"a":0,"k":100,"ix":7},"sk":{"a":0,"k":0,"ix":4},"sa":{"a":0,"k":0,"ix":5},"nm":"Transform"}],"nm":"Group 4","np":2,"cix":2,"bm":0,"ix":4,"mn":"ADBE Vector Group","hd":false}],"ip":0,"op":44,"st":0,"bm":0},{"ddd":0,"ind":16,"ty":4,"nm":"spark 6B 2","sr":1,"ks":{"o":{"a":0,"k":100,"ix":11},"r":{"a":0,"k":0,"ix":10},"p":{"a":0,"k":[704,137.75,0],"ix":2,"l":2},"a":{"a":0,"k":[192,-374.25,0],"ix":1,"l":2},"s":{"a":0,"k":[100,100,100],"ix":6,"l":2}},"ao":0,"shapes":[{"ty":"gr","it":[{"ind":0,"ty":"sh","ix":1,"ks":{"a":1,"k":[{"i":{"x":0.833,"y":0.833},"o":{"x":0.167,"y":0.167},"t":60,"s":[{"i":[[0,0],[0,0],[0,0],[0,0],[0,0],[0,0]],"o":[[0,0],[0,0],[0,0],[0,0],[0,0],[0,0]],"v":[[233.5,-470.5],[150,-433],[162.5,-390],[161.5,-277],[179,-391],[166.5,-424.5]],"c":true}]},{"i":{"x":0.833,"y":0.833},"o":{"x":0.167,"y":0.167},"t":66,"s":[{"i":[[0,0],[0,0],[0,0],[0,0],[0,0],[0,0]],"o":[[0,0],[0,0],[0,0],[0,0],[0,0],[0,0]],"v":[[97.5,-358],[-16,-312.5],[74,-275],[39,-180.5],[99,-275],[27,-308.5]],"c":true}]},{"i":{"x":0.833,"y":0.833},"o":{"x":0.167,"y":0.167},"t":72,"s":[{"i":[[0,0],[0,0],[0,0],[0,0],[0,0],[0,0]],"o":[[0,0],[0,0],[0,0],[0,0],[0,0],[0,0]],"v":[[99.5,-218],[48,-168.5],[-21,-241],[-97,-208.5],[-30,-219],[75,-96.5]],"c":true}]},{"i":{"x":0.833,"y":0.833},"o":{"x":0.167,"y":0.167},"t":76,"s":[{"i":[[0,0],[0,0],[0,0],[0,0],[0,0],[0,0]],"o":[[0,0],[0,0],[0,0],[0,0],[0,0],[0,0]],"v":[[-117.956,-162.516],[-248.583,-130.431],[-71.992,-7.909],[32.951,0.146],[-72.169,-33.413],[-199.563,-120.734]],"c":true}]},{"i":{"x":0.833,"y":0.833},"o":{"x":0.167,"y":0.167},"t":82,"s":[{"i":[[0,0],[0,0],[0,0],[0,0],[0,0],[0,0]],"o":[[0,0],[0,0],[0,0],[0,0],[0,0],[0,0]],"v":[[109.044,-39.516],[-21.583,-7.431],[116.008,102.091],[98.951,188.146],[138.831,89.587],[27.437,2.266]],"c":true}]},{"t":88,"s":[{"i":[[0,0],[0,0],[0,0],[0,0],[0,0],[0,0]],"o":[[0,0],[0,0],[0,0],[0,0],[0,0],[0,0]],"v":[[83.044,14.484],[93.417,28.569],[109.008,156.091],[12.951,216.146],[124.831,169.587],[95.437,28.266]],"c":true}]}],"ix":2},"nm":"Path 1","mn":"ADBE Vector Shape - Group","hd":false},{"ty":"fl","c":{"a":0,"k":[0.996078431373,0.721568627451,0.01568627451,1],"ix":4},"o":{"a":0,"k":100,"ix":5},"r":1,"bm":0,"nm":"Fill 1","mn":"ADBE Vector Graphic - Fill","hd":false},{"ty":"tr","p":{"a":0,"k":[0,0],"ix":2},"a":{"a":0,"k":[0,0],"ix":1},"s":{"a":0,"k":[100,100],"ix":3},"r":{"a":0,"k":0,"ix":6},"o":{"a":0,"k":100,"ix":7},"sk":{"a":0,"k":0,"ix":4},"sa":{"a":0,"k":0,"ix":5},"nm":"Transform"}],"nm":"Shape 1","np":3,"cix":2,"bm":0,"ix":1,"mn":"ADBE Vector Group","hd":false}],"ip":82,"op":88,"st":0,"bm":0},{"ddd":0,"ind":17,"ty":4,"nm":"spark 8","sr":1,"ks":{"o":{"a":0,"k":100,"ix":11},"r":{"a":0,"k":0,"ix":10},"p":{"a":0,"k":[807.75,31.5,0],"ix":2,"l":2},"a":{"a":0,"k":[295.75,-480.5,0],"ix":1,"l":2},"s":{"a":0,"k":[100,100,100],"ix":6,"l":2}},"ao":0,"shapes":[{"ty":"gr","it":[{"ind":0,"ty":"sh","ix":1,"ks":{"a":1,"k":[{"i":{"x":0.833,"y":0.833},"o":{"x":0.167,"y":0.167},"t":76,"s":[{"i":[[0,0],[0,0],[0,0],[0,0],[0,0]],"o":[[0,0],[0,0],[0,0],[0,0],[0,0]],"v":[[215,-463.5],[177.714,-453.717],[149.5,-364],[186.5,-395.5],[185.852,-446.166]],"c":true}]},{"i":{"x":0.833,"y":0.833},"o":{"x":0.167,"y":0.167},"t":82,"s":[{"i":[[0,0],[0,0],[0,0],[0,0],[0,0]],"o":[[0,0],[0,0],[0,0],[0,0],[0,0]],"v":[[204,-317.5],[163.714,-211.217],[54,-154.5],[44,-122.5],[176.852,-193.166]],"c":true}]},{"t":88,"s":[{"i":[[0,0],[0,0],[0,0],[0,0],[0,0]],"o":[[0,0],[0,0],[0,0],[0,0],[0,0]],"v":[[113,-160.5],[59.714,-129.217],[49,-129.5],[39,-97.5],[66.852,-119.166]],"c":true}]}],"ix":2},"nm":"Path 1","mn":"ADBE Vector Shape - Group","hd":false},{"ty":"fl","c":{"a":0,"k":[0.996078431373,0.721568627451,0.01568627451,1],"ix":4},"o":{"a":0,"k":100,"ix":5},"r":1,"bm":0,"nm":"Fill 1","mn":"ADBE Vector Graphic - Fill","hd":false},{"ty":"tr","p":{"a":0,"k":[0,0],"ix":2},"a":{"a":0,"k":[0,0],"ix":1},"s":{"a":0,"k":[100,100],"ix":3},"r":{"a":0,"k":0,"ix":6},"o":{"a":0,"k":100,"ix":7},"sk":{"a":0,"k":0,"ix":4},"sa":{"a":0,"k":0,"ix":5},"nm":"Transform"}],"nm":"Shape 1","np":3,"cix":2,"bm":0,"ix":1,"mn":"ADBE Vector Group","hd":false}],"ip":76,"op":88,"st":0,"bm":0},{"ddd":0,"ind":18,"ty":4,"nm":"spark 2","sr":1,"ks":{"o":{"a":0,"k":100,"ix":11},"r":{"a":0,"k":0,"ix":10},"p":{"a":0,"k":[669.5,297.5,0],"ix":2,"l":2},"a":{"a":0,"k":[157.5,-214.5,0],"ix":1,"l":2},"s":{"a":0,"k":[100,100,100],"ix":6,"l":2}},"ao":0,"shapes":[{"ty":"gr","it":[{"ind":0,"ty":"sh","ix":1,"ks":{"a":1,"k":[{"i":{"x":0.833,"y":0.833},"o":{"x":0.167,"y":0.167},"t":6,"s":[{"i":[[0,0],[0,0],[0,0],[0,0],[0,0],[0,0]],"o":[[0,0],[0,0],[0,0],[0,0],[0,0],[0,0]],"v":[[233,-341],[202,-255.5],[180.5,-265.5],[78,-86.5],[173.5,-226],[216,-227]],"c":true}]},{"i":{"x":0.833,"y":0.833},"o":{"x":0.167,"y":0.167},"t":12,"s":[{"i":[[0,0],[0,0],[0,0],[0,0],[0,0],[0,0]],"o":[[0,0],[0,0],[0,0],[0,0],[0,0],[0,0]],"v":[[145,-208],[51,-82.5],[93.5,203.5],[40,274.5],[117.5,213],[67,-71]],"c":true}]},{"i":{"x":0.833,"y":0.833},"o":{"x":0.167,"y":0.167},"t":18,"s":[{"i":[[0,0],[0,0],[0,0],[0,0],[0,0],[0,0]],"o":[[0,0],[0,0],[0,0],[0,0],[0,0],[0,0]],"v":[[-37.5,334.5],[-112,370.5],[-207.5,241.5],[-276,384.5],[-200.5,281.5],[-129,409]],"c":true}]},{"t":20,"s":[{"i":[[0,0],[0,0],[0,0],[0,0],[0,0],[0,0]],"o":[[0,0],[0,0],[0,0],[0,0],[0,0],[0,0]],"v":[[-145.5,325.5],[-176,336.5],[-249.5,339.5],[-304,456.5],[-230.5,364.5],[-181,360]],"c":true}]}],"ix":2},"nm":"Path 1","mn":"ADBE Vector Shape - Group","hd":false},{"ty":"fl","c":{"a":0,"k":[0.996078431373,0.721568627451,0.01568627451,1],"ix":4},"o":{"a":0,"k":100,"ix":5},"r":1,"bm":0,"nm":"Fill 1","mn":"ADBE Vector Graphic - Fill","hd":false},{"ty":"tr","p":{"a":0,"k":[0,0],"ix":2},"a":{"a":0,"k":[0,0],"ix":1},"s":{"a":0,"k":[100,100],"ix":3},"r":{"a":0,"k":0,"ix":6},"o":{"a":0,"k":100,"ix":7},"sk":{"a":0,"k":0,"ix":4},"sa":{"a":0,"k":0,"ix":5},"nm":"Transform"}],"nm":"Shape 1","np":3,"cix":2,"bm":0,"ix":1,"mn":"ADBE Vector Group","hd":false}],"ip":18,"op":22,"st":0,"bm":0}]}],"layers":[{"ddd":0,"ind":1,"ty":0,"nm":"emoji_86_high-voltage","refId":"comp_0","sr":0.8,"ks":{"o":{"a":0,"k":100,"ix":11},"r":{"a":0,"k":0,"ix":10},"p":{"a":0,"k":[512,512,0],"ix":2,"l":2},"a":{"a":0,"k":[512,512,0],"ix":1,"l":2},"s":{"a":0,"k":[100,100,100],"ix":6,"l":2}},"ao":0,"w":1024,"h":1024,"ip":0,"op":83,"st":0,"bm":0}],"markers":[{"tm":0,"cm":"rest","dr":0}]}