{"v":"5.8.1","fr":60,"ip":0,"op":200,"w":1024,"h":1024,"nm":"emoji_exclamation question mark","ddd":0,"assets":[{"id":"comp_0","nm":"exclamation question mark","fr":60,"layers":[{"ddd":0,"ind":1,"ty":3,"nm":"position solid 2","sr":1,"ks":{"o":{"a":0,"k":100,"ix":11},"r":{"a":0,"k":0,"ix":10},"p":{"a":0,"k":[374,517,0],"ix":2,"l":2},"a":{"a":0,"k":[512,512,0],"ix":1,"l":2},"s":{"a":0,"k":[101,101,100],"ix":6,"l":2}},"ao":0,"ip":0,"op":200,"st":0,"bm":0},{"ddd":0,"ind":2,"ty":3,"nm":"position solid","parent":1,"sr":1,"ks":{"o":{"a":0,"k":79,"ix":11},"r":{"a":0,"k":0,"ix":10},"p":{"a":0,"k":[343.683,734.772,0],"ix":2,"l":2},"a":{"a":0,"k":[512,512,0],"ix":1,"l":2},"s":{"a":1,"k":[{"i":{"x":[0.833,0.833,0.833],"y":[0.833,0.833,3.78]},"o":{"x":[0.333,0.333,0.333],"y":[0,0,0]},"t":44,"s":[99.01,99.01,100]},{"t":49,"s":[50,50,100]}],"ix":6,"l":2}},"ao":0,"ip":0,"op":200,"st":0,"bm":0},{"ddd":0,"ind":3,"ty":4,"nm":"exclamation mark","parent":1,"sr":1,"ks":{"o":{"a":0,"k":100,"ix":11},"r":{"a":0,"k":0,"ix":10},"p":{"a":1,"k":[{"i":{"x":0,"y":1},"o":{"x":0.167,"y":0},"t":92,"s":[347.954,698.496,0],"to":[0,2,0],"ti":[0,-2,0]},{"t":114,"s":[347.954,710.496,0]}],"ix":2,"l":2},"a":{"a":0,"k":[95.789,677.663,0],"ix":1,"l":2},"s":{"a":0,"k":[100,100,100],"ix":6,"l":2}},"ao":0,"shapes":[{"ty":"gr","it":[{"ind":0,"ty":"sh","ix":1,"ks":{"a":0,"k":{"i":[[-14.39,0],[0,-14.39],[14.39,0],[0,14.39]],"o":[[14.39,0],[0,14.39],[-14.39,0],[0,-14.39]],"v":[[0,-26.056],[26.056,0],[0,26.056],[-26.056,0]],"c":true},"ix":2},"nm":"Path 1","mn":"ADBE Vector Shape - Group","hd":false},{"ty":"fl","c":{"a":0,"k":[1,1,1,1],"ix":4},"o":{"a":0,"k":100,"ix":5},"r":1,"bm":0,"nm":"Fill 1","mn":"ADBE Vector Graphic - Fill","hd":false},{"ty":"tr","p":{"a":0,"k":[61.837,74.47],"ix":2},"a":{"a":0,"k":[0,0],"ix":1},"s":{"a":0,"k":[100,100],"ix":3},"r":{"a":0,"k":0,"ix":6},"o":{"a":0,"k":20,"ix":7},"sk":{"a":0,"k":0,"ix":4},"sa":{"a":0,"k":0,"ix":5},"nm":"Transform"}],"nm":"Group 2","np":2,"cix":2,"bm":0,"ix":1,"mn":"ADBE Vector Group","hd":false},{"ty":"gr","it":[{"ind":0,"ty":"sh","ix":1,"ks":{"a":1,"k":[{"i":{"x":0,"y":1},"o":{"x":0.167,"y":0},"t":93,"s":[{"i":[[-1.579,11.054],[0,0],[15.55,0.308],[1.013,-20.432],[-0.491,-5.244],[-14.558,-0.288]],"o":[[1.405,-11.169],[0,0],[-22.108,-2.368],[-0.3,6.046],[0.789,14.213],[13.989,0.276]],"v":[[24.764,-102.927],[26.291,-118.311],[9.381,-142.622],[-37.219,-120.398],[-36.459,-104.149],[1.866,-90.294]],"c":true}]},{"i":{"x":0.833,"y":1},"o":{"x":0.167,"y":0},"t":114,"s":[{"i":[[-1.579,11.054],[0,0],[22.898,2.369],[0,-14.212],[-1.58,-14.212],[-13.422,-3.947]],"o":[[2.369,-15.002],[0,0],[-22.108,-2.368],[0,14.212],[0.789,14.213],[13.423,3.948]],"v":[[27.764,133.36],[23.816,-95.291],[1.708,-125.295],[-28.296,-92.922],[-23.558,112.831],[4.866,145.993]],"c":true}]},{"t":132,"s":[{"i":[[-1.579,11.054],[0,0],[22.898,2.369],[0,-14.212],[-1.58,-14.212],[-13.422,-3.947]],"o":[[2.369,-15.002],[0,0],[-22.108,-2.368],[0,14.212],[0.789,14.213],[13.423,3.948]],"v":[[27.764,111.578],[23.816,-95.291],[1.708,-125.295],[-28.296,-92.922],[-23.558,91.049],[4.866,124.211]],"c":true}]}],"ix":2},"nm":"Path 1","mn":"ADBE Vector Shape - Group","hd":false},{"ty":"fl","c":{"a":0,"k":[1,1,1,1],"ix":4},"o":{"a":0,"k":100,"ix":5},"r":1,"bm":0,"nm":"Fill 1","mn":"ADBE Vector Graphic - Fill","hd":false},{"ty":"tr","p":{"a":0,"k":[68.814,251.877],"ix":2},"a":{"a":0,"k":[0,0],"ix":1},"s":{"a":0,"k":[100,100],"ix":3},"r":{"a":0,"k":0,"ix":6},"o":{"a":1,"k":[{"i":{"x":[0.833],"y":[0.833]},"o":{"x":[0.167],"y":[0.167]},"t":92,"s":[0]},{"t":94,"s":[20]}],"ix":7},"sk":{"a":0,"k":0,"ix":4},"sa":{"a":0,"k":0,"ix":5},"nm":"Transform"}],"nm":"Group 3","np":2,"cix":2,"bm":0,"ix":2,"mn":"ADBE Vector Group","hd":false},{"ty":"gr","it":[{"ind":0,"ty":"sh","ix":1,"ks":{"a":1,"k":[{"i":{"x":0,"y":1},"o":{"x":0.167,"y":0.167},"t":92,"s":[{"i":[[-0.79,17.37],[0,0],[17.371,0],[0,0],[-0.79,-17.37],[0,0],[-17.37,0],[0,0]],"o":[[0,0],[0.79,-17.37],[0,0],[-18.16,0],[0,0],[0.79,17.37],[0,0],[17.371,0]],"v":[[73.462,-252.885],[77.773,-315.041],[46.19,-347.413],[-46.19,-347.413],[-77.773,-315.041],[-73.462,-252.885],[-41.879,-222.092],[41.089,-222.092]],"c":true}]},{"i":{"x":0.833,"y":1},"o":{"x":0.625,"y":0},"t":114,"s":[{"i":[[-0.79,17.37],[0,0],[17.371,0],[0,0],[-0.79,-17.37],[0,0],[-17.37,0],[0,0]],"o":[[0,0],[0.79,-17.37],[0,0],[-18.16,0],[0,0],[0.79,17.37],[0,0],[17.371,0]],"v":[[63.561,344.62],[77.773,-315.041],[46.19,-347.413],[-46.19,-347.413],[-77.773,-315.041],[-63.561,344.62],[-31.978,375.413],[31.188,375.413]],"c":true}]},{"i":{"x":0.833,"y":1},"o":{"x":0.167,"y":0},"t":128,"s":[{"i":[[-0.79,17.37],[0,0],[17.371,0],[0,0],[-0.79,-17.37],[0,0],[-17.37,0],[0,0]],"o":[[0,0],[0.79,-17.37],[0,0],[-18.16,0],[0,0],[0.79,17.37],[0,0],[17.371,0]],"v":[[63.561,308.62],[77.773,-315.041],[46.19,-347.413],[-46.19,-347.413],[-77.773,-315.041],[-63.561,308.62],[-31.978,339.413],[31.188,339.413]],"c":true}]},{"t":146,"s":[{"i":[[-0.79,17.37],[0,0],[17.371,0],[0,0],[-0.79,-17.37],[0,0],[-17.37,0],[0,0]],"o":[[0,0],[0.79,-17.37],[0,0],[-18.16,0],[0,0],[0.79,17.37],[0,0],[17.371,0]],"v":[[63.561,316.62],[77.773,-315.041],[46.19,-347.413],[-46.19,-347.413],[-77.773,-315.041],[-63.561,316.62],[-31.978,347.413],[31.188,347.413]],"c":true}]}],"ix":2},"nm":"Path 1","mn":"ADBE Vector Shape - Group","hd":false},{"ty":"fl","c":{"a":0,"k":[0.957000014361,0.263000009574,0.211999990426,1],"ix":4},"o":{"a":0,"k":100,"ix":5},"r":1,"bm":0,"nm":"Fill 1","mn":"ADBE Vector Graphic - Fill","hd":false},{"ty":"tr","p":{"a":0,"k":[78.813,347.663],"ix":2},"a":{"a":0,"k":[0,0],"ix":1},"s":{"a":0,"k":[100,100],"ix":3},"r":{"a":0,"k":0,"ix":6},"o":{"a":0,"k":100,"ix":7},"sk":{"a":0,"k":0,"ix":4},"sa":{"a":0,"k":0,"ix":5},"nm":"Transform"}],"nm":"Group 4","np":2,"cix":2,"bm":0,"ix":3,"mn":"ADBE Vector Group","hd":false}],"ip":92,"op":200,"st":108,"bm":0},{"ddd":0,"ind":4,"ty":4,"nm":"exclamation shadow","parent":3,"sr":1,"ks":{"o":{"a":0,"k":100,"ix":11},"r":{"a":0,"k":0,"ix":10},"p":{"a":0,"k":[95.789,347.663,0],"ix":2,"l":2},"a":{"a":0,"k":[95.789,347.663,0],"ix":1,"l":2},"s":{"a":0,"k":[100,100,100],"ix":6,"l":2}},"ao":0,"shapes":[{"ty":"gr","it":[{"ind":0,"ty":"sh","ix":1,"ks":{"a":1,"k":[{"i":{"x":0,"y":1},"o":{"x":0.167,"y":0.167},"t":92,"s":[{"i":[[17.371,0],[0,0],[0.79,-17.371],[0,0],[17.371,0],[0,0],[0,17.37],[0,0]],"o":[[0,0],[18.16,0],[0,0],[-0.79,17.37],[0,0],[17.37,0],[0,0],[0.79,-17.371]],"v":[[7.896,-347.413],[-27.057,-347.413],[4.527,-315.04],[0.216,-252.885],[-31.367,-222.092],[3.585,-222.092],[35.168,-252.885],[39.478,-315.04]],"c":true}]},{"i":{"x":0.833,"y":1},"o":{"x":0.625,"y":0},"t":114,"s":[{"i":[[17.371,0],[0,0],[0.79,-17.371],[0,0],[17.371,0],[0,0],[0,17.37],[0,0]],"o":[[0,0],[18.16,0],[0,0],[-0.79,17.37],[0,0],[17.37,0],[0,0],[0.79,-17.371]],"v":[[7.896,-347.413],[-27.057,-347.413],[4.527,-315.04],[-9.685,344.62],[-41.268,375.413],[-6.316,375.413],[25.267,344.62],[39.478,-315.04]],"c":true}]},{"i":{"x":0.833,"y":1},"o":{"x":0.167,"y":0},"t":128,"s":[{"i":[[17.371,0],[0,0],[0.79,-17.371],[0,0],[17.371,0],[0,0],[0,17.37],[0,0]],"o":[[0,0],[18.16,0],[0,0],[-0.79,17.37],[0,0],[17.37,0],[0,0],[0.79,-17.371]],"v":[[7.896,-347.413],[-27.057,-347.413],[4.526,-315.04],[-9.686,308.62],[-41.268,339.413],[-6.316,339.413],[25.267,308.62],[39.478,-315.04]],"c":true}]},{"t":146,"s":[{"i":[[17.371,0],[0,0],[0.79,-17.371],[0,0],[17.371,0],[0,0],[0,17.37],[0,0]],"o":[[0,0],[18.16,0],[0,0],[-0.79,17.37],[0,0],[17.37,0],[0,0],[0.79,-17.371]],"v":[[7.896,-347.413],[-27.057,-347.413],[4.526,-315.04],[-9.686,316.62],[-41.268,347.413],[-6.317,347.413],[25.266,316.62],[39.478,-315.04]],"c":true}]}],"ix":2},"nm":"Path 1","mn":"ADBE Vector Shape - Group","hd":false},{"ty":"fl","c":{"a":0,"k":[0.8,0.2,0.2,1],"ix":4},"o":{"a":0,"k":100,"ix":5},"r":1,"bm":0,"nm":"Fill 1","mn":"ADBE Vector Graphic - Fill","hd":false},{"ty":"tr","p":{"a":0,"k":[151.06,347.663],"ix":2},"a":{"a":0,"k":[0,0],"ix":1},"s":{"a":0,"k":[100,100],"ix":3},"r":{"a":0,"k":0,"ix":6},"o":{"a":0,"k":100,"ix":7},"sk":{"a":0,"k":0,"ix":4},"sa":{"a":0,"k":0,"ix":5},"nm":"Transform"}],"nm":"Group 1","np":2,"cix":2,"bm":0,"ix":1,"mn":"ADBE Vector Group","hd":false}],"ip":92,"op":200,"st":108,"bm":0},{"ddd":0,"ind":5,"ty":4,"nm":"exclamation dot","parent":1,"sr":1,"ks":{"o":{"a":0,"k":100,"ix":11},"r":{"a":0,"k":0,"ix":10},"p":{"a":0,"k":[349.533,885.824,0],"ix":2,"l":2},"a":{"a":0,"k":[94.999,94.999,0],"ix":1,"l":2},"s":{"a":1,"k":[{"i":{"x":[0.667,0.667,0.667],"y":[1,1,1]},"o":{"x":[0.956,0.956,0.333],"y":[0,0,0]},"t":102,"s":[0,0,100]},{"i":{"x":[0.667,0.667,0.667],"y":[1,1,1]},"o":{"x":[0.333,0.333,0.333],"y":[0,0,0]},"t":114,"s":[109,109,100]},{"i":{"x":[0.833,0.833,0.833],"y":[1,1,1]},"o":{"x":[0.167,0.167,0.167],"y":[0,0,0]},"t":128,"s":[98,98,100]},{"t":146,"s":[100,100,100]}],"ix":6,"l":2}},"ao":0,"shapes":[{"ty":"gr","it":[{"ind":0,"ty":"sh","ix":1,"ks":{"a":0,"k":{"i":[[-11.844,17.371],[-21.318,3.158],[-4.737,-1.579],[2.369,-3.159],[3.158,-0.79],[11.054,-15.792],[7.896,3.949]],"o":[[9.475,-14.212],[5.527,-0.79],[3.159,1.579],[-1.579,3.158],[-19.74,5.526],[-3.948,6.317],[-7.895,-5.526]],"v":[[-30.09,-4.384],[21.232,-33.598],[36.234,-32.809],[40.182,-24.912],[31.497,-20.175],[-17.457,14.566],[-36.407,33.515]],"c":true},"ix":2},"nm":"Path 1","mn":"ADBE Vector Shape - Group","hd":false},{"ty":"fl","c":{"a":0,"k":[1,1,1,1],"ix":4},"o":{"a":0,"k":100,"ix":5},"r":1,"bm":0,"nm":"Fill 1","mn":"ADBE Vector Graphic - Fill","hd":false},{"ty":"tr","p":{"a":0,"k":[65.082,70.958],"ix":2},"a":{"a":0,"k":[0,0],"ix":1},"s":{"a":0,"k":[100,100],"ix":3},"r":{"a":0,"k":0,"ix":6},"o":{"a":0,"k":20,"ix":7},"sk":{"a":0,"k":0,"ix":4},"sa":{"a":0,"k":0,"ix":5},"nm":"Transform"}],"nm":"Group 1","np":2,"cix":2,"bm":0,"ix":1,"mn":"ADBE Vector Group","hd":false},{"ty":"gr","it":[{"ind":0,"ty":"sh","ix":1,"ks":{"a":0,"k":{"i":[[-44.915,0],[0,-44.915],[44.915,0],[0,44.915]],"o":[[44.915,0],[0,44.915],[-44.915,0],[0,-44.915]],"v":[[0,-81.326],[81.326,0],[0,81.326],[-81.326,0]],"c":true},"ix":2},"nm":"Path 1","mn":"ADBE Vector Shape - Group","hd":false},{"ty":"fl","c":{"a":0,"k":[0.957000014361,0.263000009574,0.211999990426,1],"ix":4},"o":{"a":0,"k":100,"ix":5},"r":1,"bm":0,"nm":"Fill 1","mn":"ADBE Vector Graphic - Fill","hd":false},{"ty":"tr","p":{"a":0,"k":[81.576,94.999],"ix":2},"a":{"a":0,"k":[0,0],"ix":1},"s":{"a":0,"k":[100,100],"ix":3},"r":{"a":0,"k":0,"ix":6},"o":{"a":0,"k":100,"ix":7},"sk":{"a":0,"k":0,"ix":4},"sa":{"a":0,"k":0,"ix":5},"nm":"Transform"}],"nm":"Group 2","np":2,"cix":2,"bm":0,"ix":2,"mn":"ADBE Vector Group","hd":false},{"ty":"gr","it":[{"ind":0,"ty":"sh","ix":1,"ks":{"a":0,"k":{"i":[[-52.328,0],[0,-52.328],[52.329,0],[0,52.328]],"o":[[52.329,0],[0,52.328],[-52.328,0],[0,-52.328]],"v":[[0,-94.749],[94.749,0],[0,94.749],[-94.749,0]],"c":true},"ix":2},"nm":"Path 1","mn":"ADBE Vector Shape - Group","hd":false},{"ty":"fl","c":{"a":0,"k":[0.8,0.2,0.2,1],"ix":4},"o":{"a":0,"k":100,"ix":5},"r":1,"bm":0,"nm":"Fill 1","mn":"ADBE Vector Graphic - Fill","hd":false},{"ty":"tr","p":{"a":0,"k":[94.999,94.999],"ix":2},"a":{"a":0,"k":[0,0],"ix":1},"s":{"a":0,"k":[100,100],"ix":3},"r":{"a":0,"k":0,"ix":6},"o":{"a":0,"k":100,"ix":7},"sk":{"a":0,"k":0,"ix":4},"sa":{"a":0,"k":0,"ix":5},"nm":"Transform"}],"nm":"Group 3","np":2,"cix":2,"bm":0,"ix":3,"mn":"ADBE Vector Group","hd":false}],"ip":92,"op":200,"st":108,"bm":0},{"ddd":0,"ind":6,"ty":4,"nm":"exclamation mark","parent":2,"sr":1,"ks":{"o":{"a":0,"k":100,"ix":11},"r":{"a":0,"k":0,"ix":10},"p":{"a":1,"k":[{"i":{"x":0,"y":1},"o":{"x":0.333,"y":0},"t":16,"s":[516.313,487.481,0],"to":[0,-0.673,0],"ti":[0,-0.673,0]},{"i":{"x":0.833,"y":0.833},"o":{"x":1,"y":0},"t":24,"s":[516.313,483.441,0],"to":[0,0.539,0],"ti":[0,-0.202,0]},{"t":48,"s":[516.313,509.701,0]}],"ix":2,"l":2},"a":{"a":0,"k":[95.789,677.663,0],"ix":1,"l":2},"s":{"a":1,"k":[{"i":{"x":[0.833,0.833,0.833],"y":[0.833,0.833,0.833]},"o":{"x":[0.167,0.167,0.167],"y":[0.167,0.167,0.167]},"t":46,"s":[101,101,100]},{"t":48,"s":[101,72.72,100]}],"ix":6,"l":2}},"ao":0,"shapes":[{"ty":"gr","it":[{"ind":0,"ty":"sh","ix":1,"ks":{"a":1,"k":[{"i":{"x":0,"y":1},"o":{"x":0.333,"y":0},"t":16,"s":[{"i":[[-14.39,0],[0,-14.39],[14.39,0],[0,14.39]],"o":[[14.39,0],[0,14.39],[-14.39,0],[0,-14.39]],"v":[[0,-26.056],[26.056,0],[0,26.056],[-26.056,0]],"c":true}]},{"i":{"x":0.833,"y":1},"o":{"x":1,"y":0},"t":24,"s":[{"i":[[-14.39,0],[0,-14.39],[14.39,0],[0,14.39]],"o":[[14.39,0],[0,14.39],[-14.39,0],[0,-14.39]],"v":[[0.165,-46.056],[26.221,-20],[0.165,6.056],[-25.891,-20]],"c":true}]},{"i":{"x":0.833,"y":1},"o":{"x":0.167,"y":0},"t":46,"s":[{"i":[[-14.39,0],[0,-14.39],[14.39,0],[0,14.39]],"o":[[14.39,0],[0,14.39],[-14.39,0],[0,-14.39]],"v":[[0.494,527.944],[26.55,554],[0.494,580.056],[-25.562,554]],"c":true}]},{"t":49,"s":[{"i":[[-14.39,0],[0,-14.39],[14.39,0],[0,14.39]],"o":[[14.39,0],[0,14.39],[-14.39,0],[0,-14.39]],"v":[[0.494,541.695],[26.55,567.752],[0.494,593.807],[-25.562,567.752]],"c":true}]}],"ix":2},"nm":"Path 1","mn":"ADBE Vector Shape - Group","hd":false},{"ty":"fl","c":{"a":0,"k":[1,1,1,1],"ix":4},"o":{"a":0,"k":100,"ix":5},"r":1,"bm":0,"nm":"Fill 1","mn":"ADBE Vector Graphic - Fill","hd":false},{"ty":"tr","p":{"a":0,"k":[61.837,74.47],"ix":2},"a":{"a":0,"k":[0,0],"ix":1},"s":{"a":0,"k":[100,100],"ix":3},"r":{"a":0,"k":0,"ix":6},"o":{"a":0,"k":20,"ix":7},"sk":{"a":0,"k":0,"ix":4},"sa":{"a":0,"k":0,"ix":5},"nm":"Transform"}],"nm":"Group 2","np":2,"cix":2,"bm":0,"ix":1,"mn":"ADBE Vector Group","hd":false},{"ty":"gr","it":[{"ind":0,"ty":"sh","ix":1,"ks":{"a":1,"k":[{"i":{"x":0,"y":1},"o":{"x":0.333,"y":0},"t":16,"s":[{"i":[[-1.579,11.054],[0,0],[22.898,2.369],[0,-14.212],[-1.58,-14.212],[-13.422,-3.947]],"o":[[2.369,-15.002],[0,0],[-22.108,-2.368],[0,14.212],[0.789,14.213],[13.423,3.948]],"v":[[27.764,111.578],[23.816,-95.291],[1.708,-125.295],[-28.296,-92.922],[-23.558,91.049],[4.866,124.211]],"c":true}]},{"i":{"x":0.833,"y":0.833},"o":{"x":1,"y":0},"t":24,"s":[{"i":[[-1.579,11.054],[0,0],[22.898,2.369],[0,-14.212],[-1.58,-14.212],[-13.422,-3.947]],"o":[[2.369,-15.002],[0,0],[-22.108,-2.368],[0,14.212],[0.789,14.213],[13.423,3.948]],"v":[[27.764,111.578],[23.689,-114.291],[1.581,-144.295],[-28.423,-111.922],[-23.558,91.049],[4.866,124.211]],"c":true}]},{"i":{"x":0.833,"y":0.833},"o":{"x":0.167,"y":0.167},"t":30,"s":[{"i":[[-1.579,11.054],[0,0],[22.898,2.369],[0,-14.212],[-1.58,-14.212],[-13.422,-3.947]],"o":[[2.369,-15.002],[0,0],[-22.108,-2.368],[0,14.212],[0.789,14.213],[13.423,3.948]],"v":[[27.717,114.982],[23.654,-101.042],[1.546,-131.046],[-28.458,-98.673],[-23.605,94.453],[4.819,127.615]],"c":true}]},{"i":{"x":0.833,"y":0.833},"o":{"x":0.167,"y":0.167},"t":34,"s":[{"i":[[-1.579,11.054],[0,0],[22.898,2.369],[0,-14.212],[-1.58,-14.212],[-13.422,-3.947]],"o":[[2.369,-15.002],[0,0],[-22.108,-2.368],[0,14.212],[0.789,14.213],[13.423,3.948]],"v":[[27.479,132.311],[23.479,-57.953],[1.371,-87.957],[-28.633,-55.584],[-23.843,111.782],[4.581,144.944]],"c":true}]},{"i":{"x":0.833,"y":0.833},"o":{"x":0.167,"y":0.167},"t":36,"s":[{"i":[[-1.579,11.054],[0,0],[22.898,2.369],[0,-14.212],[-1.58,-14.212],[-13.422,-3.947]],"o":[[2.369,-15.002],[0,0],[-22.108,-2.368],[0,14.212],[0.789,14.213],[13.423,3.948]],"v":[[27.016,165.994],[23.514,-23.628],[1.406,-53.632],[-28.598,-21.259],[-24.306,145.465],[4.118,178.627]],"c":true}]},{"i":{"x":0.833,"y":0.833},"o":{"x":0.167,"y":0.167},"t":38,"s":[{"i":[[-1.579,11.054],[0,0],[22.898,2.369],[0,-14.212],[-1.58,-14.212],[-13.422,-3.947]],"o":[[2.369,-15.002],[0,0],[-22.108,-2.368],[0,14.212],[0.789,14.213],[13.423,3.948]],"v":[[26.552,199.677],[23.549,16.697],[1.441,-13.307],[-28.563,19.066],[-24.77,179.148],[3.654,212.31]],"c":true}]},{"i":{"x":0.833,"y":0.833},"o":{"x":0.167,"y":0.167},"t":40,"s":[{"i":[[-1.579,11.054],[0,0],[22.898,2.369],[0,-14.212],[-1.58,-14.212],[-13.422,-3.947]],"o":[[2.369,-15.002],[0,0],[-22.108,-2.368],[0,14.212],[0.789,14.213],[13.423,3.948]],"v":[[26.089,233.36],[23.583,81.023],[1.475,51.019],[-28.529,83.391],[-25.233,212.831],[3.191,245.993]],"c":true}]},{"i":{"x":0.833,"y":1},"o":{"x":0.167,"y":0.167},"t":42,"s":[{"i":[[-1.579,11.054],[0,0],[22.898,2.369],[0,-14.212],[-1.58,-14.212],[-13.422,-3.947]],"o":[[2.369,-15.002],[0,0],[-22.108,-2.368],[0,14.212],[0.789,14.213],[13.423,3.948]],"v":[[25.626,267.043],[23.858,180.681],[1.75,150.677],[-28.254,183.05],[-25.696,246.514],[2.728,279.676]],"c":true}]},{"t":44,"s":[{"i":[[-1.579,11.054],[0,0],[22.898,2.369],[0,-14.212],[-1.58,-14.212],[-13.979,-0.565]],"o":[[2.369,-15.002],[0,0],[-22.108,-2.368],[0,14.212],[0.789,14.213],[12.725,0.515]],"v":[[23.472,393.105],[23.881,362.681],[1.773,332.677],[-28.231,365.05],[-26.86,386.437],[-1.407,409.699]],"c":true}]}],"ix":2},"nm":"Path 1","mn":"ADBE Vector Shape - Group","hd":false},{"ty":"fl","c":{"a":0,"k":[1,1,1,1],"ix":4},"o":{"a":0,"k":100,"ix":5},"r":1,"bm":0,"nm":"Fill 1","mn":"ADBE Vector Graphic - Fill","hd":false},{"ty":"tr","p":{"a":0,"k":[68.814,251.877],"ix":2},"a":{"a":0,"k":[0,0],"ix":1},"s":{"a":0,"k":[100,100],"ix":3},"r":{"a":0,"k":0,"ix":6},"o":{"a":1,"k":[{"i":{"x":[0.833],"y":[0.833]},"o":{"x":[0.167],"y":[0.167]},"t":44,"s":[20]},{"t":45,"s":[0]}],"ix":7},"sk":{"a":0,"k":0,"ix":4},"sa":{"a":0,"k":0,"ix":5},"nm":"Transform"}],"nm":"Group 3","np":2,"cix":2,"bm":0,"ix":2,"mn":"ADBE Vector Group","hd":false},{"ty":"gr","it":[{"ind":0,"ty":"sh","ix":1,"ks":{"a":1,"k":[{"i":{"x":0,"y":1},"o":{"x":0.333,"y":0},"t":16,"s":[{"i":[[-0.79,17.37],[0,0],[17.371,0],[0,0],[-0.79,-17.37],[0,0],[-17.37,0],[0,0]],"o":[[0,0],[0.79,-17.37],[0,0],[-18.16,0],[0,0],[0.79,17.37],[0,0],[17.371,0]],"v":[[63.561,316.62],[77.773,-315.041],[46.19,-347.413],[-46.19,-347.413],[-77.773,-315.041],[-63.561,316.62],[-31.978,347.413],[31.188,347.413]],"c":true}]},{"i":{"x":0.833,"y":1},"o":{"x":1,"y":0},"t":24,"s":[{"i":[[-0.79,17.37],[0,0],[17.371,0],[0,0],[-0.79,-17.37],[0,0],[-17.37,0],[0,0]],"o":[[0,0],[0.79,-17.37],[0,0],[-18.16,0],[0,0],[0.79,17.37],[0,0],[17.371,0]],"v":[[63.561,308.62],[77.773,-333.041],[46.19,-365.413],[-46.19,-365.413],[-77.773,-333.041],[-63.561,308.62],[-31.978,339.413],[31.188,339.413]],"c":true}]},{"i":{"x":0.833,"y":1},"o":{"x":0.167,"y":0},"t":46,"s":[{"i":[[-0.039,16.982],[0,0],[17.371,0],[0,0],[-0.79,-17.37],[-0.669,-15.449],[-17.37,0],[0,0]],"o":[[0.035,-15.464],[0.79,-17.37],[0,0],[-18.16,0],[0,0],[0.583,13.482],[0,0],[17.371,0]],"v":[[67.561,308.62],[67.773,264.459],[46.19,232.087],[-33.69,232.087],[-67.773,264.459],[-66.811,308.62],[-31.978,339.413],[31.188,339.413]],"c":true}]},{"i":{"x":0.833,"y":1},"o":{"x":0.167,"y":0},"t":48,"s":[{"i":[[-0.039,16.982],[0,0],[17.371,0],[0,0],[-0.79,-17.37],[-0.669,-15.449],[-17.37,0],[0,0]],"o":[[0.035,-15.464],[0.79,-17.37],[0,0],[-18.16,0],[0,0],[0.583,13.482],[0,0],[17.371,0]],"v":[[67.561,308.62],[67.773,281.648],[46.19,249.276],[-33.69,249.276],[-67.773,281.648],[-66.811,308.62],[-31.978,339.413],[31.188,339.413]],"c":true}]},{"t":49,"s":[{"i":[[-0.039,16.982],[0,0],[17.371,0],[0,0],[-0.79,-17.37],[-0.669,-15.449],[-17.37,0],[0,0]],"o":[[0.035,-15.464],[0.79,-17.37],[0,0],[-18.16,0],[0,0],[0.583,13.482],[0,0],[17.371,0]],"v":[[67.561,308.62],[67.773,285.086],[46.19,252.714],[-33.69,252.714],[-67.773,285.086],[-66.811,308.62],[-31.978,339.413],[31.188,339.413]],"c":true}]}],"ix":2},"nm":"Path 1","mn":"ADBE Vector Shape - Group","hd":false},{"ty":"fl","c":{"a":0,"k":[0.957000014361,0.263000009574,0.211999990426,1],"ix":4},"o":{"a":0,"k":100,"ix":5},"r":1,"bm":0,"nm":"Fill 1","mn":"ADBE Vector Graphic - Fill","hd":false},{"ty":"tr","p":{"a":0,"k":[78.813,347.663],"ix":2},"a":{"a":0,"k":[0,0],"ix":1},"s":{"a":0,"k":[100,100],"ix":3},"r":{"a":0,"k":0,"ix":6},"o":{"a":0,"k":100,"ix":7},"sk":{"a":0,"k":0,"ix":4},"sa":{"a":0,"k":0,"ix":5},"nm":"Transform"}],"nm":"Group 4","np":2,"cix":2,"bm":0,"ix":3,"mn":"ADBE Vector Group","hd":false}],"ip":0,"op":50,"st":14,"bm":0},{"ddd":0,"ind":7,"ty":4,"nm":"exclamation shadow","parent":6,"sr":1,"ks":{"o":{"a":0,"k":100,"ix":11},"r":{"a":0,"k":0,"ix":10},"p":{"a":0,"k":[95.789,347.663,0],"ix":2,"l":2},"a":{"a":0,"k":[95.789,347.663,0],"ix":1,"l":2},"s":{"a":0,"k":[100,100,100],"ix":6,"l":2}},"ao":0,"shapes":[{"ty":"gr","it":[{"ind":0,"ty":"sh","ix":1,"ks":{"a":1,"k":[{"i":{"x":0,"y":1},"o":{"x":0.333,"y":0},"t":16,"s":[{"i":[[17.371,0],[0,0],[0.79,-17.371],[0,0],[17.371,0],[0,0],[0,17.37],[0,0]],"o":[[0,0],[18.16,0],[0,0],[-0.79,17.37],[0,0],[17.37,0],[0,0],[0.79,-17.371]],"v":[[7.896,-347.413],[-27.057,-347.413],[4.526,-315.04],[-9.686,316.62],[-41.268,347.413],[-6.317,347.413],[25.266,316.62],[39.478,-315.04]],"c":true}]},{"i":{"x":0.833,"y":1},"o":{"x":1,"y":0},"t":24,"s":[{"i":[[17.371,0],[0,0],[0.79,-17.371],[0,0],[17.371,0],[0,0],[0,17.37],[0,0]],"o":[[0,0],[18.16,0],[0,0],[-0.79,17.37],[0,0],[17.37,0],[0,0],[0.79,-17.371]],"v":[[7.896,-365.413],[-27.057,-365.413],[4.526,-333.04],[-9.686,308.62],[-41.268,339.413],[-6.317,339.413],[25.266,308.62],[39.478,-333.04]],"c":true}]},{"i":{"x":0.833,"y":1},"o":{"x":0.167,"y":0},"t":46,"s":[{"i":[[17.371,0],[0,0],[0.79,-17.371],[0,0],[10.044,0.091],[0,0],[-1.241,19.482],[0,0]],"o":[[0,0],[18.16,0],[0,0],[-10.539,20.384],[0,0],[17.37,0],[0,0],[3.797,-15.706]],"v":[[-4.604,232.525],[-39.556,232.525],[-7.973,266.96],[-9.686,308.62],[-41.268,339.413],[-6.317,339.413],[25.266,308.62],[26.979,266.96]],"c":true}]},{"t":49,"s":[{"i":[[17.371,0],[0,0],[0.79,-17.371],[0,0],[10.044,0.091],[0,0],[-1.241,19.482],[0,0]],"o":[[0,0],[18.16,0],[0,0],[-10.539,20.384],[0,0],[17.37,0],[0,0],[3.797,-15.706]],"v":[[-4.604,253.152],[-39.556,253.152],[-7.973,287.587],[-9.686,308.62],[-41.268,339.413],[-6.317,339.413],[25.266,308.62],[26.979,287.587]],"c":true}]}],"ix":2},"nm":"Path 1","mn":"ADBE Vector Shape - Group","hd":false},{"ty":"fl","c":{"a":0,"k":[0.8,0.2,0.2,1],"ix":4},"o":{"a":0,"k":100,"ix":5},"r":1,"bm":0,"nm":"Fill 1","mn":"ADBE Vector Graphic - Fill","hd":false},{"ty":"tr","p":{"a":0,"k":[151.06,347.663],"ix":2},"a":{"a":0,"k":[0,0],"ix":1},"s":{"a":0,"k":[100,100],"ix":3},"r":{"a":0,"k":0,"ix":6},"o":{"a":0,"k":100,"ix":7},"sk":{"a":0,"k":0,"ix":4},"sa":{"a":0,"k":0,"ix":5},"nm":"Transform"}],"nm":"Group 1","np":2,"cix":2,"bm":0,"ix":1,"mn":"ADBE Vector Group","hd":false}],"ip":0,"op":50,"st":14,"bm":0},{"ddd":0,"ind":8,"ty":4,"nm":"exclamation dot 2","parent":1,"sr":1,"ks":{"o":{"a":0,"k":100,"ix":11},"r":{"a":0,"k":0,"ix":10},"p":{"a":0,"k":[349.533,885.824,0],"ix":2,"l":2},"a":{"a":0,"k":[94.999,94.999,0],"ix":1,"l":2},"s":{"a":1,"k":[{"i":{"x":[0,0,0.667],"y":[1,1,1]},"o":{"x":[0.333,0.333,0.333],"y":[0,0,0]},"t":34,"s":[100,100,100]},{"i":{"x":[0.667,0.667,0.667],"y":[1,1,1]},"o":{"x":[1,1,0.167],"y":[0,0,0]},"t":46,"s":[109,109,100]},{"t":60,"s":[0,0,100]}],"ix":6,"l":2}},"ao":0,"shapes":[{"ty":"gr","it":[{"ind":0,"ty":"sh","ix":1,"ks":{"a":0,"k":{"i":[[-11.844,17.371],[-21.318,3.158],[-4.737,-1.579],[2.369,-3.159],[3.158,-0.79],[11.054,-15.792],[7.896,3.949]],"o":[[9.475,-14.212],[5.527,-0.79],[3.159,1.579],[-1.579,3.158],[-19.74,5.526],[-3.948,6.317],[-7.895,-5.526]],"v":[[-30.09,-4.384],[21.232,-33.598],[36.234,-32.809],[40.182,-24.912],[31.497,-20.175],[-17.457,14.566],[-36.407,33.515]],"c":true},"ix":2},"nm":"Path 1","mn":"ADBE Vector Shape - Group","hd":false},{"ty":"fl","c":{"a":0,"k":[1,1,1,1],"ix":4},"o":{"a":0,"k":100,"ix":5},"r":1,"bm":0,"nm":"Fill 1","mn":"ADBE Vector Graphic - Fill","hd":false},{"ty":"tr","p":{"a":0,"k":[65.082,70.958],"ix":2},"a":{"a":0,"k":[0,0],"ix":1},"s":{"a":0,"k":[100,100],"ix":3},"r":{"a":0,"k":0,"ix":6},"o":{"a":0,"k":20,"ix":7},"sk":{"a":0,"k":0,"ix":4},"sa":{"a":0,"k":0,"ix":5},"nm":"Transform"}],"nm":"Group 1","np":2,"cix":2,"bm":0,"ix":1,"mn":"ADBE Vector Group","hd":false},{"ty":"gr","it":[{"ind":0,"ty":"sh","ix":1,"ks":{"a":0,"k":{"i":[[-44.915,0],[0,-44.915],[44.915,0],[0,44.915]],"o":[[44.915,0],[0,44.915],[-44.915,0],[0,-44.915]],"v":[[0,-81.326],[81.326,0],[0,81.326],[-81.326,0]],"c":true},"ix":2},"nm":"Path 1","mn":"ADBE Vector Shape - Group","hd":false},{"ty":"fl","c":{"a":0,"k":[0.957000014361,0.263000009574,0.211999990426,1],"ix":4},"o":{"a":0,"k":100,"ix":5},"r":1,"bm":0,"nm":"Fill 1","mn":"ADBE Vector Graphic - Fill","hd":false},{"ty":"tr","p":{"a":0,"k":[81.576,94.999],"ix":2},"a":{"a":0,"k":[0,0],"ix":1},"s":{"a":0,"k":[100,100],"ix":3},"r":{"a":0,"k":0,"ix":6},"o":{"a":0,"k":100,"ix":7},"sk":{"a":0,"k":0,"ix":4},"sa":{"a":0,"k":0,"ix":5},"nm":"Transform"}],"nm":"Group 2","np":2,"cix":2,"bm":0,"ix":2,"mn":"ADBE Vector Group","hd":false},{"ty":"gr","it":[{"ind":0,"ty":"sh","ix":1,"ks":{"a":0,"k":{"i":[[-52.328,0],[0,-52.328],[52.329,0],[0,52.328]],"o":[[52.329,0],[0,52.328],[-52.328,0],[0,-52.328]],"v":[[0,-94.749],[94.749,0],[0,94.749],[-94.749,0]],"c":true},"ix":2},"nm":"Path 1","mn":"ADBE Vector Shape - Group","hd":false},{"ty":"fl","c":{"a":0,"k":[0.8,0.2,0.2,1],"ix":4},"o":{"a":0,"k":100,"ix":5},"r":1,"bm":0,"nm":"Fill 1","mn":"ADBE Vector Graphic - Fill","hd":false},{"ty":"tr","p":{"a":0,"k":[94.999,94.999],"ix":2},"a":{"a":0,"k":[0,0],"ix":1},"s":{"a":0,"k":[100,100],"ix":3},"r":{"a":0,"k":0,"ix":6},"o":{"a":0,"k":100,"ix":7},"sk":{"a":0,"k":0,"ix":4},"sa":{"a":0,"k":0,"ix":5},"nm":"Transform"}],"nm":"Group 3","np":2,"cix":2,"bm":0,"ix":3,"mn":"ADBE Vector Group","hd":false}],"ip":0,"op":70,"st":14,"bm":0}]}],"layers":[{"ddd":0,"ind":1,"ty":0,"nm":"exclamation question mark","parent":2,"refId":"comp_0","sr":1,"ks":{"o":{"a":0,"k":100,"ix":11},"r":{"a":0,"k":0,"ix":10},"p":{"a":0,"k":[512,512,0],"ix":2,"l":2},"a":{"a":0,"k":[512,512,0],"ix":1,"l":2},"s":{"a":0,"k":[100,100,100],"ix":6,"l":2}},"ao":0,"w":1024,"h":1024,"ip":121,"op":213,"st":121,"bm":0},{"ddd":0,"ind":2,"ty":0,"nm":"exclamation question mark","refId":"comp_0","sr":1,"ks":{"o":{"a":0,"k":100,"ix":11},"r":{"a":0,"k":0,"ix":10},"p":{"a":0,"k":[973.5,512,0],"ix":2,"l":2},"a":{"a":0,"k":[512,512,0],"ix":1,"l":2},"s":{"a":0,"k":[100,100,100],"ix":6,"l":2}},"ao":0,"w":1024,"h":1024,"ip":12,"op":121,"st":-79,"bm":0},{"ddd":0,"ind":3,"ty":0,"nm":"exclamation question mark","parent":4,"refId":"comp_0","sr":1,"ks":{"o":{"a":0,"k":100,"ix":11},"r":{"a":0,"k":0,"ix":10},"p":{"a":0,"k":[512,512,0],"ix":2,"l":2},"a":{"a":0,"k":[512,512,0],"ix":1,"l":2},"s":{"a":0,"k":[100,100,100],"ix":6,"l":2}},"ao":0,"w":1024,"h":1024,"ip":109,"op":201,"st":109,"bm":0},{"ddd":0,"ind":4,"ty":0,"nm":"exclamation question mark","refId":"comp_0","sr":1,"ks":{"o":{"a":0,"k":100,"ix":11},"r":{"a":0,"k":0,"ix":10},"p":{"a":0,"k":[655.5,512,0],"ix":2,"l":2},"a":{"a":0,"k":[512,512,0],"ix":1,"l":2},"s":{"a":0,"k":[100,100,100],"ix":6,"l":2}},"ao":0,"w":1024,"h":1024,"ip":0,"op":109,"st":-91,"bm":0}],"markers":[{"tm":108,"cm":"rest","dr":0}]}