{"v":"5.8.1","fr":60,"ip":0,"op":110,"w":1024,"h":1024,"nm":"emoji_Growing Heart","ddd":0,"assets":[],"layers":[{"ddd":0,"ind":1,"ty":4,"nm":"heart 1","sr":1,"ks":{"o":{"a":0,"k":100,"ix":11},"r":{"a":0,"k":0,"ix":10},"p":{"a":0,"k":[512.183,952,0],"ix":2,"l":2},"a":{"a":0,"k":[363.89,611.369,0],"ix":1,"l":2},"s":{"a":1,"k":[{"i":{"x":[0.833,0.833,0.833],"y":[1,1,1]},"o":{"x":[0.167,0.167,0.167],"y":[0,0,0]},"t":0,"s":[101,101,100]},{"i":{"x":[0.667,0.667,0.667],"y":[1,1,1]},"o":{"x":[0.167,0.167,0.167],"y":[0,0,0]},"t":8,"s":[100,100,100]},{"i":{"x":[0,0,0.667],"y":[1,1,1]},"o":{"x":[0.333,0.333,0.333],"y":[0,0,0]},"t":48,"s":[100,100,100]},{"i":{"x":[0,0,0.667],"y":[1,1,1]},"o":{"x":[1,1,0.167],"y":[0,0,0]},"t":70,"s":[144,144,100]},{"i":{"x":[0.667,0.667,0.667],"y":[1,1,1]},"o":{"x":[1,1,0.167],"y":[0,0,0]},"t":82,"s":[144,144,100]},{"i":{"x":[0.833,0.833,0.833],"y":[1,1,1]},"o":{"x":[0.333,0.333,0.333],"y":[0,0,0]},"t":102,"s":[97,97,100]},{"t":110,"s":[101,101,100]}],"ix":6,"l":2}},"ao":0,"shapes":[{"ty":"gr","it":[{"ind":0,"ty":"sh","ix":1,"ks":{"a":0,"k":{"i":[[14.08,0],[-3.6,9.121],[-10.24,14.4],[-18.4,-12.88],[13.2,-12.801]],"o":[[-9.76,0],[6.64,-16.72],[15.2,-21.359],[18.8,13.28],[-28.24,27.359]],"v":[[-38.48,49.88],[-51.6,31.32],[-26.16,-16.12],[36.4,-37],[39.52,15.481]],"c":true},"ix":2},"nm":"Path 1","mn":"ADBE Vector Shape - Group","hd":false},{"ty":"fl","c":{"a":1,"k":[{"i":{"x":[0.667],"y":[1]},"o":{"x":[0.333],"y":[0]},"t":48,"s":[0.909790039063,0.356872558594,0.552947998047,1]},{"i":{"x":[0.667],"y":[1]},"o":{"x":[0.333],"y":[0]},"t":70,"s":[0.952941894531,0.525482177734,0.670593261719,1]},{"i":{"x":[0.667],"y":[1]},"o":{"x":[1],"y":[0]},"t":82,"s":[0.952941894531,0.525482177734,0.670593261719,1]},{"t":102,"s":[0.909790039063,0.356872558594,0.552947998047,1]}],"ix":4},"o":{"a":0,"k":100,"ix":5},"r":1,"bm":0,"nm":"Fill 1","mn":"ADBE Vector Graphic - Fill","hd":false},{"ty":"tr","p":{"a":0,"k":[475.45,93.249],"ix":2},"a":{"a":0,"k":[0,0],"ix":1},"s":{"a":0,"k":[100,100],"ix":3},"r":{"a":0,"k":0,"ix":6},"o":{"a":0,"k":100,"ix":7},"sk":{"a":0,"k":0,"ix":4},"sa":{"a":0,"k":0,"ix":5},"nm":"Transform"}],"nm":"Group 1","np":2,"cix":2,"bm":0,"ix":1,"mn":"ADBE Vector Group","hd":false},{"ty":"gr","it":[{"ind":0,"ty":"sh","ix":1,"ks":{"a":0,"k":{"i":[[-30.4,37.92],[-31.52,-24.8],[15.28,-11.52],[13.52,-26.48],[2.48,-17.761],[3.44,6.16]],"o":[[20.8,-26],[17.04,13.361],[-22.24,16.88],[-8.16,15.92],[-0.96,6.96],[-23.44,-41.68]],"v":[[-38.12,-47.72],[51.48,-70.44],[45.8,-18.039],[-9.32,35.48],[-24.84,86.521],[-38.44,89.081]],"c":true},"ix":2},"nm":"Path 1","mn":"ADBE Vector Shape - Group","hd":false},{"ty":"fl","c":{"a":1,"k":[{"i":{"x":[0.667],"y":[1]},"o":{"x":[0.333],"y":[0]},"t":48,"s":[0.909790039063,0.356872558594,0.552947998047,1]},{"i":{"x":[0.667],"y":[1]},"o":{"x":[0.333],"y":[0]},"t":70,"s":[0.952941894531,0.525482177734,0.670593261719,1]},{"i":{"x":[0.667],"y":[1]},"o":{"x":[1],"y":[0]},"t":82,"s":[0.952941894531,0.525482177734,0.670593261719,1]},{"t":102,"s":[0.909790039063,0.356872558594,0.552947998047,1]}],"ix":4},"o":{"a":0,"k":100,"ix":5},"r":1,"bm":0,"nm":"Fill 1","mn":"ADBE Vector Graphic - Fill","hd":false},{"ty":"tr","p":{"a":0,"k":[141.09,136.209],"ix":2},"a":{"a":0,"k":[0,0],"ix":1},"s":{"a":0,"k":[100,100],"ix":3},"r":{"a":0,"k":0,"ix":6},"o":{"a":0,"k":100,"ix":7},"sk":{"a":0,"k":0,"ix":4},"sa":{"a":0,"k":0,"ix":5},"nm":"Transform"}],"nm":"Group 2","np":2,"cix":2,"bm":0,"ix":2,"mn":"ADBE Vector Group","hd":false},{"ty":"gr","it":[{"ind":0,"ty":"sh","ix":1,"ks":{"a":0,"k":{"i":[[99.52,0],[21.2,-11.44],[-17.92,0],[36.4,-157.92],[55.76,-62.72],[0.8,-4.16],[-37.04,158.32]],"o":[[-30.08,0],[14.64,-5.601],[90.08,0],[-31.2,135.52],[-1.28,1.44],[23.92,-17.6],[38.96,-166]],"v":[[-16.28,-305.2],[-92.92,-286.16],[-42.52,-292.8],[91.72,-66.64],[-177.72,296],[-180.76,305.2],[141.8,-66.16]],"c":true},"ix":2},"nm":"Path 1","mn":"ADBE Vector Shape - Group","hd":false},{"ty":"fl","c":{"a":1,"k":[{"i":{"x":[0.667],"y":[1]},"o":{"x":[1],"y":[0]},"t":48,"s":[0.850982666016,0.149017333984,0.427459716797,1]},{"i":{"x":[0.667],"y":[1]},"o":{"x":[0.333],"y":[0]},"t":70,"s":[0.850952148438,0.149017333984,0.427459716797,1]},{"i":{"x":[0.667],"y":[1]},"o":{"x":[1],"y":[0]},"t":82,"s":[0.850952148438,0.149017333984,0.427459716797,1]},{"t":102,"s":[0.850982666016,0.149017333984,0.427459716797,1]}],"ix":4},"o":{"a":0,"k":100,"ix":5},"r":1,"bm":0,"nm":"Fill 1","mn":"ADBE Vector Graphic - Fill","hd":false},{"ty":"tr","p":{"a":0,"k":[546.77,305.53],"ix":2},"a":{"a":0,"k":[0,0],"ix":1},"s":{"a":0,"k":[100,100],"ix":3},"r":{"a":0,"k":0,"ix":6},"o":{"a":0,"k":100,"ix":7},"sk":{"a":0,"k":0,"ix":4},"sa":{"a":0,"k":0,"ix":5},"nm":"Transform"}],"nm":"Group 3","np":2,"cix":2,"bm":0,"ix":3,"mn":"ADBE Vector Group","hd":false},{"ty":"gr","it":[{"ind":0,"ty":"sh","ix":1,"ks":{"a":0,"k":{"i":[[-31.12,0],[-15.28,-41.599],[-2.48,5.839],[0,0],[92.56,0],[31.52,-26.641]],"o":[[95.52,0],[2.16,5.92],[0,0],[-19.68,-63.04],[-38.32,0],[27.76,-18.16]],"v":[[-46.88,-69],[111.44,75.32],[124.4,75.641],[138.4,42.921],[-28.08,-81.479],[-138.4,-42.12]],"c":true},"ix":2},"nm":"Path 1","mn":"ADBE Vector Shape - Group","hd":false},{"ty":"fl","c":{"a":1,"k":[{"i":{"x":[0.667],"y":[1]},"o":{"x":[1],"y":[0]},"t":48,"s":[0.850982666016,0.149017333984,0.427459716797,1]},{"i":{"x":[0.667],"y":[1]},"o":{"x":[0.333],"y":[0]},"t":70,"s":[0.850921630859,0.149017333984,0.427459716797,1]},{"i":{"x":[0.667],"y":[1]},"o":{"x":[1],"y":[0]},"t":82,"s":[0.850921630859,0.149017333984,0.427459716797,1]},{"t":102,"s":[0.850982666016,0.149017333984,0.427459716797,1]}],"ix":4},"o":{"a":0,"k":100,"ix":5},"r":1,"bm":0,"nm":"Fill 1","mn":"ADBE Vector Graphic - Fill","hd":false},{"ty":"tr","p":{"a":0,"k":[225.45,81.729],"ix":2},"a":{"a":0,"k":[0,0],"ix":1},"s":{"a":0,"k":[100,100],"ix":3},"r":{"a":0,"k":0,"ix":6},"o":{"a":0,"k":100,"ix":7},"sk":{"a":0,"k":0,"ix":4},"sa":{"a":0,"k":0,"ix":5},"nm":"Transform"}],"nm":"Group 4","np":2,"cix":2,"bm":0,"ix":4,"mn":"ADBE Vector Group","hd":false},{"ty":"gr","it":[{"ind":0,"ty":"sh","ix":1,"ks":{"a":0,"k":{"i":[[99.52,0],[0,0],[122.56,0],[-38.8,-165.92],[0,0],[-38.8,165.92]],"o":[[-121.76,0],[0,0],[-92.08,0],[38.8,165.92],[0,0],[38.8,-166]],"v":[[166.6,-305.84],[0.2,-181.44],[-166.52,-305.84],[-324.84,-66.88],[0.52,305.84],[324.84,-66.8]],"c":true},"ix":2},"nm":"Path 1","mn":"ADBE Vector Shape - Group","hd":false},{"ty":"fl","c":{"a":1,"k":[{"i":{"x":[0.667],"y":[1]},"o":{"x":[0.333],"y":[0]},"t":48,"s":[0.901947021484,0.231384277344,0.490203857422,1]},{"i":{"x":[0.667],"y":[1]},"o":{"x":[0.333],"y":[0]},"t":70,"s":[0.937255859375,0.313720703125,0.564697265625,1]},{"i":{"x":[0.833],"y":[1]},"o":{"x":[1],"y":[0]},"t":82,"s":[0.937255859375,0.313720703125,0.564697265625,1]},{"t":102,"s":[0.901947021484,0.231384277344,0.490203857422,1]}],"ix":4},"o":{"a":0,"k":100,"ix":5},"r":1,"bm":0,"nm":"Fill 1","mn":"ADBE Vector Graphic - Fill","hd":false},{"ty":"tr","p":{"a":0,"k":[363.89,306.17],"ix":2},"a":{"a":0,"k":[0,0],"ix":1},"s":{"a":0,"k":[100,100],"ix":3},"r":{"a":0,"k":0,"ix":6},"o":{"a":0,"k":100,"ix":7},"sk":{"a":0,"k":0,"ix":4},"sa":{"a":0,"k":0,"ix":5},"nm":"Transform"}],"nm":"Group 5","np":2,"cix":2,"bm":0,"ix":5,"mn":"ADBE Vector Group","hd":false}],"ip":0,"op":110,"st":0,"bm":0},{"ddd":0,"ind":2,"ty":4,"nm":"heart 2","sr":1,"ks":{"o":{"a":0,"k":100,"ix":11},"r":{"a":0,"k":0,"ix":10},"p":{"a":0,"k":[512.155,952,0],"ix":2,"l":2},"a":{"a":0,"k":[412.781,693.53,0],"ix":1,"l":2},"s":{"a":1,"k":[{"i":{"x":[0,0,0.667],"y":[1,1,1]},"o":{"x":[0.167,0.167,0.167],"y":[0.167,0.167,-0.823]},"t":8,"s":[85,85,100]},{"t":16,"s":[100,100,100]}],"ix":6,"l":2}},"ao":0,"shapes":[{"ty":"gr","it":[{"ind":0,"ty":"sh","ix":1,"ks":{"a":0,"k":{"i":[[112.9,0],[0,0],[139.038,0],[-44.016,-188.228],[0,0],[-44.016,188.228]],"o":[[-138.13,0],[0,0],[-104.46,0],[44.017,188.228],[0,0],[44.017,-188.319]],"v":[[188.999,-346.96],[0.227,-205.834],[-188.909,-346.96],[-368.515,-75.872],[0.59,346.96],[368.514,-75.781]],"c":true},"ix":2},"nm":"Path 1","mn":"ADBE Vector Shape - Group","hd":false},{"ty":"fl","c":{"a":0,"k":[0.910000011968,0.481999984442,0.635000011968,1],"ix":4},"o":{"a":0,"k":100,"ix":5},"r":1,"bm":0,"nm":"Fill 1","mn":"ADBE Vector Graphic - Fill","hd":false},{"ty":"tr","p":{"a":0,"k":[412.781,347.21],"ix":2},"a":{"a":0,"k":[0,0],"ix":1},"s":{"a":0,"k":[100,100],"ix":3},"r":{"a":0,"k":0,"ix":6},"o":{"a":0,"k":100,"ix":7},"sk":{"a":0,"k":0,"ix":4},"sa":{"a":0,"k":0,"ix":5},"nm":"Transform"}],"nm":"Group 1","np":2,"cix":2,"bm":0,"ix":1,"mn":"ADBE Vector Group","hd":false}],"ip":8,"op":76,"st":8,"bm":0},{"ddd":0,"ind":3,"ty":4,"nm":"heart 3","sr":1,"ks":{"o":{"a":0,"k":100,"ix":11},"r":{"a":0,"k":0,"ix":10},"p":{"a":0,"k":[512.133,952,0],"ix":2,"l":2},"a":{"a":0,"k":[449.354,755.05,0],"ix":1,"l":2},"s":{"a":1,"k":[{"i":{"x":[0,0,0.667],"y":[1,1,1]},"o":{"x":[0.167,0.167,0.167],"y":[0.167,0.167,0]},"t":18,"s":[85,85,100]},{"t":26,"s":[100,100,100]}],"ix":6,"l":2}},"ao":0,"shapes":[{"ty":"gr","it":[{"ind":0,"ty":"sh","ix":1,"ks":{"a":0,"k":{"i":[[122.91,0],[0,0],[151.365,0],[-47.919,-204.915],[0,0],[-47.919,204.916]],"o":[[-150.376,0],[0,0],[-113.721,0],[47.919,204.915],[0,0],[47.919,-205.014]],"v":[[205.755,-377.719],[0.247,-224.082],[-205.656,-377.719],[-401.185,-82.598],[0.641,377.719],[401.185,-82.499]],"c":true},"ix":2},"nm":"Path 1","mn":"ADBE Vector Shape - Group","hd":false},{"ty":"fl","c":{"a":0,"k":[0.882354736328,0.321563720703,0.525482177734,1],"ix":4},"o":{"a":0,"k":100,"ix":5},"r":1,"bm":0,"nm":"Fill 1","mn":"ADBE Vector Graphic - Fill","hd":false},{"ty":"tr","p":{"a":0,"k":[449.354,377.97],"ix":2},"a":{"a":0,"k":[0,0],"ix":1},"s":{"a":0,"k":[100,100],"ix":3},"r":{"a":0,"k":0,"ix":6},"o":{"a":0,"k":100,"ix":7},"sk":{"a":0,"k":0,"ix":4},"sa":{"a":0,"k":0,"ix":5},"nm":"Transform"}],"nm":"Group 1","np":2,"cix":2,"bm":0,"ix":1,"mn":"ADBE Vector Group","hd":false}],"ip":18,"op":76,"st":18,"bm":0},{"ddd":0,"ind":4,"ty":4,"nm":"heart 4","sr":1,"ks":{"o":{"a":0,"k":100,"ix":11},"r":{"a":0,"k":0,"ix":10},"p":{"a":0,"k":[512.109,952,0],"ix":2,"l":2},"a":{"a":0,"k":[488.163,820.33,0],"ix":1,"l":2},"s":{"a":1,"k":[{"i":{"x":[0,0,0.667],"y":[1,1,1]},"o":{"x":[0.167,0.167,0.167],"y":[0.167,0.167,0]},"t":28,"s":[85,85,100]},{"t":36,"s":[100,100,100]}],"ix":6,"l":2}},"ao":0,"shapes":[{"ty":"gr","it":[{"ind":0,"ty":"sh","ix":1,"ks":{"a":0,"k":{"i":[[133.53,0],[0,0],[164.444,0],[-52.059,-222.623],[0,0],[-52.06,222.623]],"o":[[-163.372,0],[0,0],[-123.548,0],[52.06,222.622],[0,0],[52.059,-222.73]],"v":[[223.535,-410.36],[0.268,-243.447],[-223.428,-410.36],[-435.853,-89.736],[0.697,410.36],[435.853,-89.629]],"c":true},"ix":2},"nm":"Path 1","mn":"ADBE Vector Shape - Group","hd":false},{"ty":"fl","c":{"a":0,"k":[0.952941894531,0.729400634766,0.811767578125,1],"ix":4},"o":{"a":0,"k":100,"ix":5},"r":1,"bm":0,"nm":"Fill 1","mn":"ADBE Vector Graphic - Fill","hd":false},{"ty":"tr","p":{"a":0,"k":[488.162,410.61],"ix":2},"a":{"a":0,"k":[0,0],"ix":1},"s":{"a":0,"k":[100,100],"ix":3},"r":{"a":0,"k":0,"ix":6},"o":{"a":0,"k":100,"ix":7},"sk":{"a":0,"k":0,"ix":4},"sa":{"a":0,"k":0,"ix":5},"nm":"Transform"}],"nm":"Group 1","np":2,"cix":2,"bm":0,"ix":1,"mn":"ADBE Vector Group","hd":false}],"ip":28,"op":76,"st":28,"bm":0},{"ddd":0,"ind":5,"ty":4,"nm":"heart 5","sr":1,"ks":{"o":{"a":0,"k":100,"ix":11},"r":{"a":0,"k":0,"ix":10},"p":{"a":0,"k":[512.088,952,0],"ix":2,"l":2},"a":{"a":0,"k":[523.927,880.49,0],"ix":1,"l":2},"s":{"a":1,"k":[{"i":{"x":[0,0,0.667],"y":[1,1,1]},"o":{"x":[0.167,0.167,0.167],"y":[0.167,0.167,0]},"t":38,"s":[85,85,100]},{"t":46,"s":[100,100,100]}],"ix":6,"l":2}},"ao":0,"shapes":[{"ty":"gr","it":[{"ind":0,"ty":"sh","ix":1,"ks":{"a":0,"k":{"i":[[143.319,0],[0,0],[176.499,0],[-55.876,-238.941],[0,0],[-55.875,238.942]],"o":[[-175.346,0],[0,0],[-132.604,0],[55.876,238.941],[0,0],[55.876,-239.056]],"v":[[240.009,-440.44],[0.377,-261.292],[-239.717,-440.44],[-467.713,-96.314],[0.838,440.44],[467.89,-96.199]],"c":true},"ix":2},"nm":"Path 1","mn":"ADBE Vector Shape - Group","hd":false},{"ty":"fl","c":{"a":0,"k":[0.921569824219,0.541168212891,0.678436279297,1],"ix":4},"o":{"a":0,"k":100,"ix":5},"r":1,"bm":0,"nm":"Fill 1","mn":"ADBE Vector Graphic - Fill","hd":false},{"ty":"tr","p":{"a":0,"k":[523.839,440.69],"ix":2},"a":{"a":0,"k":[0,0],"ix":1},"s":{"a":0,"k":[100,100],"ix":3},"r":{"a":0,"k":0,"ix":6},"o":{"a":0,"k":100,"ix":7},"sk":{"a":0,"k":0,"ix":4},"sa":{"a":0,"k":0,"ix":5},"nm":"Transform"}],"nm":"Group 1","np":4,"cix":2,"bm":0,"ix":1,"mn":"ADBE Vector Group","hd":false}],"ip":38,"op":76,"st":38,"bm":0}],"markers":[{"tm":47,"cm":"rest","dr":0}]}