{"v":"5.8.1","fr":60,"ip":0,"op":60,"w":1024,"h":1024,"nm":"emoji_revolving-heart ok","ddd":0,"assets":[{"id":"comp_0","nm":"emoji_revolving-heart","fr":60,"layers":[{"ddd":0,"ind":1,"ty":3,"nm":"Null ALL","sr":1,"ks":{"o":{"a":0,"k":0,"ix":11},"r":{"a":0,"k":0,"ix":10},"p":{"a":0,"k":[512,512,0],"ix":2,"l":2},"a":{"a":0,"k":[0,0,0],"ix":1,"l":2},"s":{"a":0,"k":[96,96,100],"ix":6,"l":2}},"ao":0,"ip":0,"op":60,"st":0,"bm":0},{"ddd":0,"ind":2,"ty":3,"nm":"Null Heart 2","parent":1,"sr":1,"ks":{"o":{"a":0,"k":0,"ix":11},"r":{"a":0,"k":0,"ix":10},"p":{"a":1,"k":[{"i":{"x":0.57,"y":0.448},"o":{"x":0.167,"y":0.167},"t":0,"s":[238.68,-244.44,0],"to":[23.83,6.112,0],"ti":[-14.811,-15.25,0]},{"i":{"x":0.839,"y":0.752},"o":{"x":0.397,"y":0.356},"t":9,"s":[293.189,-213.25,0],"to":[14.811,15.25,0],"ti":[-3.257,-94.877,0]},{"i":{"x":0.833,"y":0.885},"o":{"x":0.167,"y":0.103},"t":25,"s":[337.84,-60.926,0],"to":[2.16,184.926,0],"ti":[66.643,-1.275,0]},{"i":{"x":0.833,"y":0.833},"o":{"x":0.167,"y":0.357},"t":44,"s":[-25.357,187.725,0],"to":[-66.643,1.275,0],"ti":[0,0,0]},{"t":60,"s":[-155.146,183.68,0]}],"ix":2,"l":2},"a":{"a":0,"k":[0,0,0],"ix":1,"l":2},"s":{"a":1,"k":[{"i":{"x":[0.766,0.766,0.667],"y":[0.118,0.118,0.749]},"o":{"x":[0.498,0.498,0.333],"y":[0,0,0]},"t":0,"s":[75,75,100]},{"i":{"x":[0.402,0.402,0.667],"y":[1,1,1]},"o":{"x":[0.299,0.299,0.333],"y":[0.715,0.715,0.352]},"t":25,"s":[82.801,82.801,100]},{"t":60,"s":[100,100,100]}],"ix":6,"l":2}},"ao":0,"ip":0,"op":60,"st":0,"bm":0},{"ddd":0,"ind":3,"ty":0,"nm":"HEART","parent":2,"refId":"comp_1","sr":1,"ks":{"o":{"a":0,"k":100,"ix":11},"r":{"a":0,"k":0,"ix":10},"p":{"a":0,"k":[0,0,0],"ix":2,"l":2},"a":{"a":0,"k":[512,512,0],"ix":1,"l":2},"s":{"a":0,"k":[100,100,100],"ix":6,"l":2}},"ao":0,"tm":{"a":1,"k":[{"i":{"x":[0.699],"y":[0.259]},"o":{"x":[0.333],"y":[0.021]},"t":0,"s":[0]},{"i":{"x":[0.616],"y":[0.975]},"o":{"x":[0.302],"y":[0.774]},"t":30,"s":[0.51]},{"t":60,"s":[1]}],"ix":2},"w":1024,"h":1024,"ip":0,"op":60,"st":0,"bm":0},{"ddd":0,"ind":4,"ty":3,"nm":"Null Heart","parent":1,"sr":1,"ks":{"o":{"a":0,"k":0,"ix":11},"r":{"a":0,"k":0,"ix":10},"p":{"a":1,"k":[{"i":{"x":0.57,"y":0.375},"o":{"x":0.167,"y":0.167},"t":0,"s":[-155.146,183.68,0],"to":[-23.213,-2.319,0],"ti":[23.85,14.198,0]},{"i":{"x":0.839,"y":0.736},"o":{"x":0.397,"y":0.414},"t":9,"s":[-208.327,163.192,0],"to":[-23.85,-14.198,0],"ti":[0.203,65.332,0]},{"i":{"x":0.833,"y":0.881},"o":{"x":0.167,"y":0.096},"t":25,"s":[-266.431,38.481,0],"to":[-0.402,-129.481,0],"ti":[-170.061,22.255,0]},{"i":{"x":0.833,"y":0.833},"o":{"x":0.167,"y":0.319},"t":44,"s":[86.939,-242.745,0],"to":[75.061,-7.255,0],"ti":[0,0,0]},{"t":60,"s":[238.68,-244.44,0]}],"ix":2,"l":2},"a":{"a":0,"k":[0,0,0],"ix":1,"l":2},"s":{"a":1,"k":[{"i":{"x":[0.63,0.63,0.594],"y":[0.401,0.401,0.237]},"o":{"x":[0.408,0.408,0.333],"y":[0,0,0]},"t":0,"s":[100,100,100]},{"i":{"x":[0.516,0.516,0.667],"y":[1,1,1]},"o":{"x":[0.182,0.182,0.364],"y":[0.731,0.731,0.342]},"t":40,"s":[79.199,79.199,100]},{"t":60,"s":[75,75,100]}],"ix":6,"l":2}},"ao":0,"ip":0,"op":60,"st":0,"bm":0},{"ddd":0,"ind":5,"ty":0,"nm":"HEART 2","parent":4,"refId":"comp_1","sr":1,"ks":{"o":{"a":0,"k":100,"ix":11},"r":{"a":0,"k":0,"ix":10},"p":{"a":0,"k":[0,0,0],"ix":2,"l":2},"a":{"a":0,"k":[512,512,0],"ix":1,"l":2},"s":{"a":0,"k":[100,100,100],"ix":6,"l":2}},"ao":0,"tm":{"a":1,"k":[{"i":{"x":[0.699],"y":[0.259]},"o":{"x":[0.333],"y":[0.021]},"t":0,"s":[0]},{"i":{"x":[0.616],"y":[0.975]},"o":{"x":[0.302],"y":[0.774]},"t":30,"s":[0.51]},{"t":60,"s":[1]}],"ix":2},"w":1024,"h":1024,"ip":0,"op":60,"st":0,"bm":0},{"ddd":0,"ind":6,"ty":3,"nm":"Null Trails R","parent":1,"sr":1,"ks":{"o":{"a":0,"k":0,"ix":11},"r":{"a":1,"k":[{"i":{"x":[0.688],"y":[0.172]},"o":{"x":[0.478],"y":[0.075]},"t":0,"s":[0]},{"i":{"x":[0.434],"y":[0.894]},"o":{"x":[0.33],"y":[0.7]},"t":30,"s":[80]},{"t":60,"s":[180]}],"ix":10},"p":{"a":0,"k":[20.76,-37.6,0],"ix":2,"l":2},"a":{"a":0,"k":[0,0,0],"ix":1,"l":2},"s":{"a":0,"k":[100,100,100],"ix":6,"l":2}},"ao":0,"ip":0,"op":60,"st":0,"bm":0},{"ddd":0,"ind":7,"ty":4,"nm":"trails 3","parent":6,"sr":1,"ks":{"o":{"a":0,"k":100,"ix":11},"r":{"a":0,"k":-180,"ix":10},"p":{"a":0,"k":[0,0,0],"ix":2,"l":2},"a":{"a":0,"k":[445.41,433.93,0],"ix":1,"l":2},"s":{"a":0,"k":[100,100,100],"ix":6,"l":2}},"ao":0,"shapes":[{"ty":"gr","it":[{"ind":0,"ty":"sh","ix":1,"ks":{"a":1,"k":[{"i":{"x":0.833,"y":0.833},"o":{"x":0.66,"y":0},"t":0,"s":[{"i":[[0,0],[200.48,-88.4],[13.92,-91.36],[-8.96,11.68],[-133.12,28.32],[0,0]],"o":[[0,0],[-127.2,56.08],[-1.36,8.8],[46.32,-60.24],[179.76,-42.48],[0,0]],"v":[[264.6,-120.68],[-63.8,-88.52],[-263.24,165.24],[-247,165.24],[-14.68,20.92],[264.6,45.24]],"c":true}]},{"i":{"x":0.25,"y":1},"o":{"x":0.167,"y":0.167},"t":30,"s":[{"i":[[0,0],[137.028,-134.24],[-26.83,-86.299],[-1.274,17.925],[-107.644,60.369],[0,0]],"o":[[0,0],[-102.72,111.104],[3.227,9.804],[7.801,-79.797],[122.267,-65.639],[0,0]],"v":[[236.567,-145.33],[-107.522,-51.924],[-218.269,326.311],[-198.154,319.955],[-26.739,62.424],[167.933,57.323]],"c":true}]},{"t":60,"s":[{"i":[[0,0],[200.48,-88.4],[13.92,-91.36],[-8.96,11.68],[-133.12,28.32],[0,0]],"o":[[0,0],[-127.2,56.08],[-1.36,8.8],[46.32,-60.24],[179.76,-42.48],[0,0]],"v":[[264.6,-120.68],[-63.8,-88.52],[-263.24,165.24],[-247,165.24],[-14.68,20.92],[264.6,45.24]],"c":true}]}],"ix":2},"nm":"Path 1","mn":"ADBE Vector Shape - Group","hd":false},{"ty":"gf","o":{"a":0,"k":100,"ix":10},"r":1,"bm":0,"g":{"p":3,"k":{"a":0,"k":[0,1,0.749,0.839,0.5,1,0.749,0.839,1,1,0.749,0.839,0.11,0,0.355,0.5,0.6,1],"ix":9}},"s":{"a":1,"k":[{"i":{"x":0,"y":1},"o":{"x":0.167,"y":0.167},"t":30,"s":[155.143,64.678],"to":[0,0],"ti":[0,0]},{"t":45,"s":[274,-22]}],"ix":5},"e":{"a":1,"k":[{"i":{"x":0,"y":1},"o":{"x":0.167,"y":0.167},"t":30,"s":[-221.608,-81.941],"to":[0,0],"ti":[0,0]},{"t":45,"s":[-256,44]}],"ix":6},"t":1,"nm":"Gradient Fill 1","mn":"ADBE Vector Graphic - G-Fill","hd":false},{"ty":"tr","p":{"a":0,"k":[264.85,177.17],"ix":2},"a":{"a":0,"k":[0,0],"ix":1},"s":{"a":0,"k":[100,100],"ix":3},"r":{"a":0,"k":0,"ix":6},"o":{"a":0,"k":100,"ix":7},"sk":{"a":0,"k":0,"ix":4},"sa":{"a":0,"k":0,"ix":5},"nm":"Transform"}],"nm":"Group 1","np":2,"cix":2,"bm":0,"ix":1,"mn":"ADBE Vector Group","hd":false},{"ty":"gr","it":[{"ind":0,"ty":"sh","ix":1,"ks":{"a":1,"k":[{"i":{"x":0.833,"y":0.833},"o":{"x":0.66,"y":0},"t":0,"s":[{"i":[[4.16,-12.88],[253.12,-52.16],[0,0],[10.4,150.24]],"o":[[-24.16,75.04],[0,0],[517.36,-20.561],[-1.04,-13.44]],"v":[[229.16,-259.28],[-66.28,25.36],[-263.16,272.16],[252.76,-256.24]],"c":true}]},{"i":{"x":0.25,"y":1},"o":{"x":0.167,"y":0.167},"t":30,"s":[{"i":[[3.151,-14.028],[189.881,6.752],[0,0],[33.716,96.185]],"o":[[-14.64,109.353],[0,0],[410.814,-0.125],[-2.926,-21.191]],"v":[[164.059,-230.469],[-164.521,40.142],[-233.677,251.86],[185.853,-232.393]],"c":true}]},{"t":60,"s":[{"i":[[4.16,-12.88],[253.12,-52.16],[0,0],[10.4,150.24]],"o":[[-24.16,75.04],[0,0],[517.36,-20.561],[-1.04,-13.44]],"v":[[229.16,-259.28],[-66.28,25.36],[-263.16,272.16],[252.76,-256.24]],"c":true}]}],"ix":2},"nm":"Path 1","mn":"ADBE Vector Shape - Group","hd":false},{"ty":"gf","o":{"a":0,"k":100,"ix":10},"r":1,"bm":0,"g":{"p":3,"k":{"a":0,"k":[0,1,0.749,0.839,0.5,1,0.749,0.839,1,1,0.749,0.839,0.11,0,0.355,0.5,0.6,1],"ix":9}},"s":{"a":1,"k":[{"i":{"x":0,"y":1},"o":{"x":0.167,"y":0.167},"t":30,"s":[-249.426,105.203],"to":[0,0],"ti":[0,0]},{"t":45,"s":[-92,-62]}],"ix":5},"e":{"a":0,"k":[256,116],"ix":6},"t":1,"nm":"Gradient Fill 1","mn":"ADBE Vector Graphic - G-Fill","hd":false},{"ty":"tr","p":{"a":0,"k":[627.41,595.45],"ix":2},"a":{"a":0,"k":[0,0],"ix":1},"s":{"a":0,"k":[100,100],"ix":3},"r":{"a":0,"k":0,"ix":6},"o":{"a":0,"k":100,"ix":7},"sk":{"a":0,"k":0,"ix":4},"sa":{"a":0,"k":0,"ix":5},"nm":"Transform"}],"nm":"Group 2","np":2,"cix":2,"bm":0,"ix":2,"mn":"ADBE Vector Group","hd":false}],"ip":30,"op":60,"st":0,"bm":0},{"ddd":0,"ind":8,"ty":4,"nm":"trails ","parent":6,"sr":1,"ks":{"o":{"a":0,"k":100,"ix":11},"r":{"a":0,"k":0,"ix":10},"p":{"a":0,"k":[0,0,0],"ix":2,"l":2},"a":{"a":0,"k":[445.41,433.93,0],"ix":1,"l":2},"s":{"a":0,"k":[100,100,100],"ix":6,"l":2}},"ao":0,"shapes":[{"ty":"gr","it":[{"ind":0,"ty":"sh","ix":1,"ks":{"a":1,"k":[{"i":{"x":0.833,"y":0.833},"o":{"x":0.75,"y":0},"t":0,"s":[{"i":[[0,0],[200.48,-88.4],[13.92,-91.36],[-8.96,11.68],[-133.12,28.32],[0,0]],"o":[[0,0],[-127.2,56.08],[-1.36,8.8],[46.32,-60.24],[179.76,-42.48],[0,0]],"v":[[264.6,-120.68],[-63.8,-88.52],[-263.24,165.24],[-247,165.24],[-14.68,20.92],[264.6,45.24]],"c":true}]},{"i":{"x":0.359,"y":1},"o":{"x":0.167,"y":0.167},"t":30,"s":[{"i":[[0,0],[137.028,-134.24],[-26.83,-86.299],[-1.274,17.926],[-96.094,64.142],[0,0]],"o":[[0,0],[-102.72,111.104],[3.227,9.804],[7.801,-79.797],[96.094,-64.142],[0,0]],"v":[[236.567,-145.33],[-74.733,-42.08],[-186.581,330.883],[-166.466,324.526],[-5.185,95.672],[167.933,57.323]],"c":true}]},{"t":60,"s":[{"i":[[0,0],[113.88,-128.68],[-5.44,-89.08],[-5.68,21.42],[-99,53.24],[0,0]],"o":[[0,0],[-113.88,128.68],[0.729,11.935],[22.546,-85.02],[80.851,-43.48],[0,0]],"v":[[206.6,-171.68],[-144.8,-27.52],[-256.24,348.24],[-230,350.24],[-74.68,117.92],[64.6,70.24]],"c":true}]}],"ix":2},"nm":"Path 1","mn":"ADBE Vector Shape - Group","hd":false},{"ty":"gf","o":{"a":0,"k":100,"ix":10},"r":1,"bm":0,"g":{"p":3,"k":{"a":0,"k":[0,1,0.749,0.839,0.5,1,0.749,0.839,1,1,0.749,0.839,0.11,0,0.355,0.5,0.6,1],"ix":9}},"s":{"a":0,"k":[274,-22],"ix":5},"e":{"a":0,"k":[-256,44],"ix":6},"t":1,"nm":"Gradient Fill 1","mn":"ADBE Vector Graphic - G-Fill","hd":false},{"ty":"tr","p":{"a":0,"k":[264.85,177.17],"ix":2},"a":{"a":0,"k":[0,0],"ix":1},"s":{"a":0,"k":[100,100],"ix":3},"r":{"a":0,"k":0,"ix":6},"o":{"a":0,"k":100,"ix":7},"sk":{"a":0,"k":0,"ix":4},"sa":{"a":0,"k":0,"ix":5},"nm":"Transform"}],"nm":"Group 1","np":2,"cix":2,"bm":0,"ix":1,"mn":"ADBE Vector Group","hd":false},{"ty":"gr","it":[{"ind":0,"ty":"sh","ix":1,"ks":{"a":1,"k":[{"i":{"x":0.833,"y":0.833},"o":{"x":0.75,"y":0},"t":0,"s":[{"i":[[4.16,-12.88],[253.12,-52.16],[0,0],[10.4,150.24]],"o":[[-24.16,75.04],[0,0],[517.36,-20.561],[-1.04,-13.44]],"v":[[229.16,-259.28],[-66.28,25.36],[-263.16,272.16],[252.76,-256.24]],"c":true}]},{"i":{"x":0.359,"y":1},"o":{"x":0.167,"y":0.167},"t":30,"s":[{"i":[[3.151,-14.028],[147.943,90.258],[0,0],[33.716,96.185]],"o":[[-24.372,177.214],[0,0],[429.37,33.759],[-2.926,-21.191]],"v":[[195.746,-225.897],[-164.868,42.112],[-233.677,251.86],[217.54,-227.821]],"c":true}]},{"t":60,"s":[{"i":[[8.45,-13.038],[185.04,54.52],[0,0],[-22,128.12]],"o":[[-71.4,110.16],[0,0],[296.92,21.72],[5.102,-29.712]],"v":[[242.16,-64.28],[-217.28,69.36],[-202.16,230.16],[261.76,-61.24]],"c":true}]}],"ix":2},"nm":"Path 1","mn":"ADBE Vector Shape - Group","hd":false},{"ty":"gf","o":{"a":0,"k":100,"ix":10},"r":1,"bm":0,"g":{"p":3,"k":{"a":0,"k":[0,1,0.749,0.839,0.5,1,0.749,0.839,1,1,0.749,0.839,0.11,0,0.355,0.5,0.6,1],"ix":9}},"s":{"a":0,"k":[-92,-62],"ix":5},"e":{"a":0,"k":[256,116],"ix":6},"t":1,"nm":"Gradient Fill 1","mn":"ADBE Vector Graphic - G-Fill","hd":false},{"ty":"tr","p":{"a":0,"k":[627.41,595.45],"ix":2},"a":{"a":0,"k":[0,0],"ix":1},"s":{"a":0,"k":[100,100],"ix":3},"r":{"a":0,"k":0,"ix":6},"o":{"a":0,"k":100,"ix":7},"sk":{"a":0,"k":0,"ix":4},"sa":{"a":0,"k":0,"ix":5},"nm":"Transform"}],"nm":"Group 2","np":2,"cix":2,"bm":0,"ix":2,"mn":"ADBE Vector Group","hd":false}],"ip":0,"op":30,"st":0,"bm":0}]},{"id":"comp_1","nm":"HEART","fr":60,"layers":[{"ddd":0,"ind":1,"ty":4,"nm":"Shadow R","sr":1,"ks":{"o":{"a":0,"k":100,"ix":11},"r":{"a":0,"k":0,"ix":10},"p":{"a":0,"k":[512,512,0],"ix":2,"l":2},"a":{"a":0,"k":[360.224,302.81,0],"ix":1,"l":2},"s":{"a":0,"k":[100,100,100],"ix":6,"l":2}},"ao":0,"shapes":[{"ty":"gr","it":[{"ind":0,"ty":"sh","ix":1,"ks":{"a":1,"k":[{"i":{"x":0.833,"y":0.833},"o":{"x":0.167,"y":0.167},"t":30,"s":[{"i":[[99.188,5.708],[0,0],[-47.528,-23.826],[0.773,-111.414],[17.934,-46.16],[0,0],[-1.053,153.384]],"o":[[-36.666,-2.11],[0,0],[46.179,23.15],[-0.837,120.603],[-3.52,3.92],[0,0],[1.052,-153.298]],"v":[[-220.28,-302.85],[-275.1,-291.65],[-188.125,-257.11],[-115.719,-49.546],[-174.88,292.2],[-179.6,302.52],[-82.261,-55.662]],"c":true}]},{"i":{"x":0.833,"y":0.833},"o":{"x":0.167,"y":0.167},"t":45,"s":[{"i":[[95.154,2.854],[10.32,-6.36],[-44.745,-3.378],[18.347,-133.787],[36.527,-54.12],[0,0],[-19.726,158.772]],"o":[[-32.893,-1.055],[7.24,-2.8],[62.717,4.735],[-15.859,127.341],[-3.52,3.92],[0,0],[19.686,-158.689]],"v":[[-117.78,-302.685],[-182.35,-286.485],[-109.662,-293.695],[4.98,-64.073],[-174.88,292.2],[-179.6,302.52],[29.51,-60.931]],"c":true}]},{"t":60,"s":[{"i":[[91.12,0],[20.64,-12.72],[-17.84,0],[35.92,-156.16],[55.12,-62.08],[0,0],[-38.4,164.159]],"o":[[-29.12,0],[14.48,-5.6],[89.12,0],[-30.88,134.08],[-3.52,3.92],[0,0],[38.32,-164.08]],"v":[[-15.28,-302.52],[-89.6,-281.32],[-41.2,-290.28],[91.68,-66.6],[-174.88,292.2],[-179.6,302.52],[141.28,-66.2]],"c":true}]}],"ix":2},"nm":"Path 1","mn":"ADBE Vector Shape - Group","hd":false},{"ty":"fl","c":{"a":0,"k":[0.855000035903,0.180000005984,0.458999992819,1],"ix":4},"o":{"a":0,"k":100,"ix":5},"r":1,"bm":0,"nm":"Fill 1","mn":"ADBE Vector Graphic - Fill","hd":false},{"ty":"tr","p":{"a":0,"k":[540.17,302.77],"ix":2},"a":{"a":0,"k":[0,0],"ix":1},"s":{"a":0,"k":[100,100],"ix":3},"r":{"a":0,"k":0,"ix":6},"o":{"a":0,"k":100,"ix":7},"sk":{"a":0,"k":0,"ix":4},"sa":{"a":0,"k":0,"ix":5},"nm":"Transform"}],"nm":"Group 3","np":2,"cix":2,"bm":0,"ix":1,"mn":"ADBE Vector Group","hd":false}],"ip":30,"op":61,"st":2,"bm":0},{"ddd":0,"ind":2,"ty":4,"nm":"Heart Half L 2","sr":1,"ks":{"o":{"a":0,"k":100,"ix":11},"r":{"a":0,"k":0,"ix":10},"p":{"a":0,"k":[512,512,0],"ix":2,"l":2},"a":{"a":0,"k":[360.224,302.81,0],"ix":1,"l":2},"s":{"a":0,"k":[100,100,100],"ix":6,"l":2}},"ao":0,"shapes":[{"ty":"gr","it":[{"ind":0,"ty":"sh","ix":1,"ks":{"a":1,"k":[{"i":{"x":0.833,"y":0.833},"o":{"x":0.167,"y":0.167},"t":30,"s":[{"i":[[-13.467,35.472],[-14.584,-0.456],[1.842,-18.203],[8.901,-12.617],[4.826,-4.24],[2.77,7.661]],"o":[[6.124,-16.13],[20.624,0.645],[-1.842,18.203],[-5.275,7.477],[-10.755,9.448],[-5.819,-16.096]],"v":[[71.081,-21.352],[101.948,-53.424],[126.604,-15.095],[109.963,26.237],[80.948,78.422],[59.934,75.467]],"c":true}]},{"t":60,"s":[{"i":[[-30,37.52],[-31.2,-24.48],[15.12,-11.44],[13.36,-26.159],[2.48,-17.6],[3.36,6.08]],"o":[[20.64,-25.76],[16.88,13.2],[-22,16.721],[-8.08,15.761],[-0.96,6.88],[-23.2,-41.199]],"v":[[-37.76,-47.24],[50.88,-69.72],[45.28,-17.88],[-9.2,35.08],[-24.56,85.56],[-38,88.12]],"c":true}]}],"ix":2},"nm":"Path 1","mn":"ADBE Vector Shape - Group","hd":false},{"ty":"fl","c":{"a":0,"k":[0.952999997606,0.525,0.670999983245,1],"ix":4},"o":{"a":0,"k":100,"ix":5},"r":1,"bm":0,"nm":"Fill 1","mn":"ADBE Vector Graphic - Fill","hd":false},{"ty":"tr","p":{"a":0,"k":[139.61,134.69],"ix":2},"a":{"a":0,"k":[0,0],"ix":1},"s":{"a":0,"k":[100,100],"ix":3},"r":{"a":0,"k":0,"ix":6},"o":{"a":0,"k":100,"ix":7},"sk":{"a":0,"k":0,"ix":4},"sa":{"a":0,"k":0,"ix":5},"nm":"Transform"}],"nm":"Group 2","np":2,"cix":2,"bm":0,"ix":1,"mn":"ADBE Vector Group","hd":false},{"ty":"gr","it":[{"ind":0,"ty":"sh","ix":1,"ks":{"a":1,"k":[{"i":{"x":0.833,"y":0.833},"o":{"x":0.167,"y":0.167},"t":30,"s":[{"i":[[-31.066,-0.76],[-5.463,-8.153],[2.181,3.556],[9.883,7.787],[38.014,1.69],[31.12,-26.4]],"o":[[49.074,1.2],[1.43,2.135],[-2.801,-4.569],[-8.25,-6.5],[-37.883,-1.684],[36.634,-14.23]],"v":[[96.14,-59.45],[184.177,-26.597],[188.516,-25.931],[167.464,-51.5],[97.2,-80.69],[-0.92,-41.27]],"c":true}]},{"t":60,"s":[{"i":[[-30.72,0],[-15.12,-41.2],[-3.634,7.051],[0,0],[91.6,0],[31.12,-26.4]],"o":[[94.56,0],[2.16,5.84],[3.634,-7.051],[-19.52,-62.32],[-37.92,0],[27.52,-18.08]],"v":[[-46.36,-68.32],[110.28,74.48],[123.33,73.551],[136.92,42.48],[-27.8,-80.56],[-136.92,-41.6]],"c":true}]}],"ix":2},"nm":"Path 1","mn":"ADBE Vector Shape - Group","hd":false},{"ty":"fl","c":{"a":0,"k":[0.855000035903,0.180000005984,0.458999992819,1],"ix":4},"o":{"a":0,"k":100,"ix":5},"r":1,"bm":0,"nm":"Fill 1","mn":"ADBE Vector Graphic - Fill","hd":false},{"ty":"tr","p":{"a":0,"k":[223.01,80.81],"ix":2},"a":{"a":0,"k":[0,0],"ix":1},"s":{"a":0,"k":[100,100],"ix":3},"r":{"a":0,"k":0,"ix":6},"o":{"a":0,"k":100,"ix":7},"sk":{"a":0,"k":0,"ix":4},"sa":{"a":0,"k":0,"ix":5},"nm":"Transform"}],"nm":"Group 4","np":2,"cix":2,"bm":0,"ix":2,"mn":"ADBE Vector Group","hd":false},{"ty":"gr","it":[{"ind":0,"ty":"sh","ix":1,"ks":{"a":1,"k":[{"i":{"x":0.833,"y":0.833},"o":{"x":0.167,"y":0.167},"t":30,"s":[{"i":[[7.029,236.51],[84.935,0.69],[-10.299,-168.276],[0,0]],"o":[[-2.518,-84.739],[-91.117,-0.74],[14.574,238.132],[0,0]],"v":[[89.626,-116.51],[-41.28,-302.69],[-182.92,-66.132],[-1.08,302.56]],"c":true}]},{"t":60,"s":[{"i":[[0,0],[121.28,0],[-38.4,-164.159],[0,0]],"o":[[0,0],[-91.12,0],[38.4,164.161],[0,0]],"v":[[-1.32,-179.52],[-166.28,-302.56],[-322.92,-66.161],[-1.08,302.56]],"c":true}]}],"ix":2},"nm":"Path 1","mn":"ADBE Vector Shape - Group","hd":false},{"ty":"fl","c":{"a":0,"k":[0.936999990426,0.33300000359,0.573000021542,1],"ix":4},"o":{"a":0,"k":100,"ix":5},"r":1,"bm":0,"nm":"Fill 1","mn":"ADBE Vector Graphic - Fill","hd":false},{"ty":"tr","p":{"a":0,"k":[361.57,302.81],"ix":2},"a":{"a":0,"k":[0,0],"ix":1},"s":{"a":0,"k":[100,100],"ix":3},"r":{"a":0,"k":0,"ix":6},"o":{"a":0,"k":100,"ix":7},"sk":{"a":0,"k":0,"ix":4},"sa":{"a":0,"k":0,"ix":5},"nm":"Transform"}],"nm":"Group 5","np":2,"cix":2,"bm":0,"ix":3,"mn":"ADBE Vector Group","hd":false}],"ip":30,"op":61,"st":2,"bm":0},{"ddd":0,"ind":3,"ty":4,"nm":"Heart Half R 2","sr":1,"ks":{"o":{"a":0,"k":100,"ix":11},"r":{"a":0,"k":0,"ix":10},"p":{"a":0,"k":[512,512,0],"ix":2,"l":2},"a":{"a":0,"k":[360.224,302.81,0],"ix":1,"l":2},"s":{"a":0,"k":[100,100,100],"ix":6,"l":2}},"ao":0,"shapes":[{"ty":"gr","it":[{"ind":0,"ty":"sh","ix":1,"ks":{"a":1,"k":[{"i":{"x":0.833,"y":0.833},"o":{"x":0.167,"y":0.167},"t":30,"s":[{"i":[[0.742,-0.533],[1.825,6.4],[4.835,11.533],[-2.526,-0.825],[-4.644,-11.562]],"o":[[-0.742,0.533],[-1.593,-5.587],[-4.835,-11.533],[2.526,0.825],[6.77,16.856]],"v":[[-52.971,9.287],[-56.678,1.341],[-65.793,-22.55],[-69.345,-39.194],[-57.34,-19.928]],"c":true}]},{"i":{"x":0.833,"y":0.833},"o":{"x":0.167,"y":0.167},"t":50,"s":[{"i":[[22.483,-6.306],[1.812,12.38],[-6.385,9.657],[-13.294,0.154],[-0.384,-11.339]],"o":[[-13.64,3.826],[-1.55,-10.591],[6.597,-9.977],[17.538,-0.203],[0.432,12.757]],"v":[[-11.904,30.83],[-44.432,22.763],[-29.478,-21.416],[-0.391,-39.514],[26.177,-16.579]],"c":true}]},{"t":60,"s":[{"i":[[13.92,0],[-3.52,8.96],[-10.16,14.32],[-18.16,-12.8],[13.04,-12.64]],"o":[[-9.68,0],[6.56,-16.56],[15.04,-21.12],[18.56,13.12],[-28,27.04]],"v":[[-38.08,49.36],[-51.04,31.04],[-25.84,-15.92],[36,-36.56],[39.12,15.36]],"c":true}]}],"ix":2},"nm":"Path 1","mn":"ADBE Vector Shape - Group","hd":false},{"ty":"fl","c":{"a":0,"k":[0.952999997606,0.525,0.670999983245,1],"ix":4},"o":{"a":0,"k":100,"ix":5},"r":1,"bm":0,"nm":"Fill 1","mn":"ADBE Vector Graphic - Fill","hd":false},{"ty":"tr","p":{"a":0,"k":[470.41,92.171],"ix":2},"a":{"a":0,"k":[0,0],"ix":1},"s":{"a":0,"k":[100,100],"ix":3},"r":{"a":0,"k":0,"ix":6},"o":{"a":0,"k":100,"ix":7},"sk":{"a":0,"k":0,"ix":4},"sa":{"a":0,"k":0,"ix":5},"nm":"Transform"}],"nm":"Group 1","np":2,"cix":2,"bm":0,"ix":1,"mn":"ADBE Vector Group","hd":false},{"ty":"gr","it":[{"ind":0,"ty":"sh","ix":1,"ks":{"a":1,"k":[{"i":{"x":0.833,"y":0.833},"o":{"x":0.167,"y":0.167},"t":30,"s":[{"i":[[99.334,1.89],[18.654,-22.31],[-49.256,-0.896],[-1.227,-176.092],[17.934,-46.16],[0,0],[-1.053,153.384]],"o":[[-62.157,-1.183],[10.654,-7.31],[90.754,1.65],[0.872,125.179],[-3.52,3.92],[0,0],[1.052,-153.298]],"v":[[-220.28,-302.85],[-324.6,-257.15],[-226.7,-296.61],[-86.719,-49.868],[-174.88,292.2],[-179.6,302.52],[-82.261,-55.662]],"c":true}]},{"t":60,"s":[{"i":[[91.12,0],[20.64,-12.72],[-17.84,0],[35.92,-156.16],[55.12,-62.08],[0,0],[-38.4,164.159]],"o":[[-29.12,0],[14.48,-5.6],[89.12,0],[-30.88,134.08],[-3.52,3.92],[0,0],[38.32,-164.08]],"v":[[-15.28,-302.52],[-89.6,-281.32],[-41.2,-290.28],[91.68,-66.6],[-174.88,292.2],[-179.6,302.52],[141.28,-66.2]],"c":true}]}],"ix":2},"nm":"Path 1","mn":"ADBE Vector Shape - Group","hd":false},{"ty":"fl","c":{"a":0,"k":[0.855000035903,0.180000005984,0.458999992819,1],"ix":4},"o":{"a":0,"k":100,"ix":5},"r":1,"bm":0,"nm":"Fill 1","mn":"ADBE Vector Graphic - Fill","hd":false},{"ty":"tr","p":{"a":0,"k":[540.17,302.77],"ix":2},"a":{"a":0,"k":[0,0],"ix":1},"s":{"a":0,"k":[100,100],"ix":3},"r":{"a":0,"k":0,"ix":6},"o":{"a":0,"k":100,"ix":7},"sk":{"a":0,"k":0,"ix":4},"sa":{"a":0,"k":0,"ix":5},"nm":"Transform"}],"nm":"Group 3","np":2,"cix":2,"bm":0,"ix":2,"mn":"ADBE Vector Group","hd":false},{"ty":"gr","it":[{"ind":0,"ty":"sh","ix":1,"ks":{"a":1,"k":[{"i":{"x":0.833,"y":0.833},"o":{"x":0.167,"y":0.167},"t":30,"s":[{"i":[[90.334,-0.11],[1.271,-55.512],[0,0],[-1.113,153.386]],"o":[[-120.4,0.147],[-6.971,304.51],[0,0],[1.113,-153.384]],"v":[[-41.68,-302.89],[-188.374,-132.51],[-1.08,302.56],[96.279,-55.616]],"c":true}]},{"t":60,"s":[{"i":[[98.399,-0.564],[20.669,-44.444],[0,0],[-38.4,164.161]],"o":[[-97.665,0.56],[-63.026,135.52],[0,0],[38.4,-164.159]],"v":[[163.32,-302.56],[-1.32,-179.52],[-1.08,302.56],[319.8,-66.161]],"c":true}]}],"ix":2},"nm":"Path 1","mn":"ADBE Vector Shape - Group","hd":false},{"ty":"fl","c":{"a":0,"k":[0.936999990426,0.33300000359,0.573000021542,1],"ix":4},"o":{"a":0,"k":100,"ix":5},"r":1,"bm":0,"nm":"Fill 1","mn":"ADBE Vector Graphic - Fill","hd":false},{"ty":"tr","p":{"a":0,"k":[361.57,302.81],"ix":2},"a":{"a":0,"k":[0,0],"ix":1},"s":{"a":0,"k":[100,100],"ix":3},"r":{"a":0,"k":0,"ix":6},"o":{"a":0,"k":100,"ix":7},"sk":{"a":0,"k":0,"ix":4},"sa":{"a":0,"k":0,"ix":5},"nm":"Transform"}],"nm":"Group 5","np":2,"cix":2,"bm":0,"ix":3,"mn":"ADBE Vector Group","hd":false}],"ip":30,"op":61,"st":2,"bm":0},{"ddd":0,"ind":4,"ty":4,"nm":"Heart Half R","sr":1,"ks":{"o":{"a":0,"k":100,"ix":11},"r":{"a":0,"k":0,"ix":10},"p":{"a":0,"k":[512,512,0],"ix":2,"l":2},"a":{"a":0,"k":[360.224,302.81,0],"ix":1,"l":2},"s":{"a":0,"k":[100,100,100],"ix":6,"l":2}},"ao":0,"shapes":[{"ty":"gr","it":[{"ind":0,"ty":"sh","ix":1,"ks":{"a":1,"k":[{"i":{"x":0.833,"y":0.833},"o":{"x":0.167,"y":0.167},"t":0,"s":[{"i":[[13.92,0],[-3.52,8.96],[-10.16,14.32],[-18.16,-12.8],[13.04,-12.64]],"o":[[-9.68,0],[6.56,-16.56],[15.04,-21.12],[18.56,13.12],[-28,27.04]],"v":[[-38.08,49.36],[-51.04,31.04],[-25.84,-15.92],[36,-36.56],[39.12,15.36]],"c":true}]},{"i":{"x":0.833,"y":0.833},"o":{"x":0.167,"y":0.167},"t":10,"s":[{"i":[[11.497,-0.209],[-1.895,10.616],[-8.562,18.289],[-17.38,-9.636],[10.965,-17.161]],"o":[[-8.771,0.209],[3.896,-14.885],[11.699,-22.66],[17.638,9.841],[-21.765,30.555]],"v":[[-137.694,66.037],[-150.639,47.916],[-133.423,-1.727],[-81.54,-26.914],[-72.385,23.002]],"c":true}]},{"t":30,"s":[{"i":[[7.136,-0.585],[1.63,13.538],[-10.314,30.818],[-15.977,-3.94],[7.23,-25.299]],"o":[[-7.136,0.585],[-2.969,-24.653],[8.27,-24.713],[15.977,3.94],[-10.541,36.883]],"v":[[-256.8,127.055],[-272.216,109.293],[-259.872,23.821],[-224.413,-9.55],[-206.394,36.257]],"c":true}]}],"ix":2},"nm":"Path 1","mn":"ADBE Vector Shape - Group","hd":false},{"ty":"fl","c":{"a":0,"k":[0.952999997606,0.525,0.670999983245,1],"ix":4},"o":{"a":0,"k":100,"ix":5},"r":1,"bm":0,"nm":"Fill 1","mn":"ADBE Vector Graphic - Fill","hd":false},{"ty":"tr","p":{"a":0,"k":[470.41,92.171],"ix":2},"a":{"a":0,"k":[0,0],"ix":1},"s":{"a":0,"k":[100,100],"ix":3},"r":{"a":0,"k":0,"ix":6},"o":{"a":0,"k":100,"ix":7},"sk":{"a":0,"k":0,"ix":4},"sa":{"a":0,"k":0,"ix":5},"nm":"Transform"}],"nm":"Group 1","np":2,"cix":2,"bm":0,"ix":1,"mn":"ADBE Vector Group","hd":false},{"ty":"gr","it":[{"ind":0,"ty":"sh","ix":1,"ks":{"a":1,"k":[{"i":{"x":0.833,"y":0.833},"o":{"x":0.167,"y":0.167},"t":0,"s":[{"i":[[91.12,0],[20.64,-12.72],[-17.84,0],[35.92,-156.16],[55.12,-62.08],[0,0],[-38.4,164.159]],"o":[[-29.12,0],[14.48,-5.6],[89.12,0],[-30.88,134.08],[-3.52,3.92],[0,0],[38.32,-164.08]],"v":[[-15.28,-302.52],[-89.6,-281.32],[-41.2,-290.28],[91.68,-66.6],[-174.88,292.2],[-179.6,302.52],[141.28,-66.2]],"c":true}]},{"t":30,"s":[{"i":[[99.334,1.89],[18.654,-22.31],[-49.219,-2.116],[0.509,-145.787],[22.934,-89.16],[0,0],[-1.053,153.384]],"o":[[-62.157,-1.183],[10.654,-7.31],[73.254,3.15],[-0.437,125.182],[-3.52,3.92],[0,0],[1.052,-153.298]],"v":[[-220.28,-302.85],[-324.6,-257.15],[-246.7,-277.61],[-117.719,-50.029],[-174.88,292.2],[-179.6,302.52],[-82.261,-55.662]],"c":true}]}],"ix":2},"nm":"Path 1","mn":"ADBE Vector Shape - Group","hd":false},{"ty":"fl","c":{"a":0,"k":[0.855000035903,0.180000005984,0.458999992819,1],"ix":4},"o":{"a":0,"k":100,"ix":5},"r":1,"bm":0,"nm":"Fill 1","mn":"ADBE Vector Graphic - Fill","hd":false},{"ty":"tr","p":{"a":0,"k":[540.17,302.77],"ix":2},"a":{"a":0,"k":[0,0],"ix":1},"s":{"a":0,"k":[100,100],"ix":3},"r":{"a":0,"k":0,"ix":6},"o":{"a":0,"k":100,"ix":7},"sk":{"a":0,"k":0,"ix":4},"sa":{"a":0,"k":0,"ix":5},"nm":"Transform"}],"nm":"Group 3","np":2,"cix":2,"bm":0,"ix":2,"mn":"ADBE Vector Group","hd":false},{"ty":"gr","it":[{"ind":0,"ty":"sh","ix":1,"ks":{"a":1,"k":[{"i":{"x":0.833,"y":0.833},"o":{"x":0.167,"y":0.167},"t":0,"s":[{"i":[[98.399,-0.564],[20.669,-44.444],[0,0],[-38.4,164.161]],"o":[[-97.665,0.56],[-63.026,135.52],[0,0],[38.4,-164.159]],"v":[[163.32,-302.56],[-1.32,-179.52],[-1.08,302.56],[319.8,-66.161]],"c":true}]},{"t":30,"s":[{"i":[[90.334,-0.11],[1.271,-55.512],[0,0],[-1.113,153.386]],"o":[[-120.4,0.147],[-6.971,304.51],[0,0],[1.113,-153.384]],"v":[[-41.68,-302.89],[-188.374,-132.51],[-1.08,302.56],[96.279,-55.616]],"c":true}]}],"ix":2},"nm":"Path 1","mn":"ADBE Vector Shape - Group","hd":false},{"ty":"fl","c":{"a":0,"k":[0.936999990426,0.33300000359,0.573000021542,1],"ix":4},"o":{"a":0,"k":100,"ix":5},"r":1,"bm":0,"nm":"Fill 1","mn":"ADBE Vector Graphic - Fill","hd":false},{"ty":"tr","p":{"a":0,"k":[361.57,302.81],"ix":2},"a":{"a":0,"k":[0,0],"ix":1},"s":{"a":0,"k":[100,100],"ix":3},"r":{"a":0,"k":0,"ix":6},"o":{"a":0,"k":100,"ix":7},"sk":{"a":0,"k":0,"ix":4},"sa":{"a":0,"k":0,"ix":5},"nm":"Transform"}],"nm":"Group 5","np":2,"cix":2,"bm":0,"ix":3,"mn":"ADBE Vector Group","hd":false}],"ip":0,"op":30,"st":0,"bm":0},{"ddd":0,"ind":5,"ty":4,"nm":"Heart Half L","sr":1,"ks":{"o":{"a":0,"k":100,"ix":11},"r":{"a":0,"k":0,"ix":10},"p":{"a":0,"k":[512,512,0],"ix":2,"l":2},"a":{"a":0,"k":[360.224,302.81,0],"ix":1,"l":2},"s":{"a":0,"k":[100,100,100],"ix":6,"l":2}},"ao":0,"shapes":[{"ty":"gr","it":[{"ind":0,"ty":"sh","ix":1,"ks":{"a":1,"k":[{"i":{"x":0.833,"y":0.833},"o":{"x":0.167,"y":0.167},"t":0,"s":[{"i":[[-30,37.52],[-31.2,-24.48],[15.12,-11.44],[13.36,-26.159],[2.48,-17.6],[3.36,6.08]],"o":[[20.64,-25.76],[16.88,13.2],[-22,16.721],[-8.08,15.761],[-0.96,6.88],[-23.2,-41.199]],"v":[[-37.76,-47.24],[50.88,-69.72],[45.28,-17.88],[-9.2,35.08],[-24.56,85.56],[-38,88.12]],"c":true}]},{"i":{"x":0.833,"y":0.833},"o":{"x":0.167,"y":0.167},"t":10,"s":[{"i":[[-18.923,35.814],[-13.416,-25.908],[8.785,-10.624],[5.974,-10.555],[3.209,-7.094],[1.151,13.277]],"o":[[12.995,-24.596],[7.241,13.984],[-12.791,15.533],[-5.974,10.555],[-3.209,7.094],[-1.151,-13.277]],"v":[[-38.234,-48.288],[8.863,-66.2],[0.905,-14.896],[-27.411,17.065],[-41.677,44.526],[-55.234,38.398]],"c":true}]},{"t":19,"s":[{"i":[[-15.927,32.621],[13.261,-20.421],[2.59,-10.544],[1.637,-14.395],[-0.169,-4.507],[0.062,1.597]],"o":[[10.937,-22.401],[-7.494,11.54],[-3.71,15.106],[-0.987,8.675],[0.066,1.762],[-0.417,-10.824]],"v":[[3.461,-47.372],[12.365,-64.489],[-7.051,-16.736],[-12.519,20.264],[-13.45,34.738],[-13.434,35.27]],"c":true}]}],"ix":2},"nm":"Path 1","mn":"ADBE Vector Shape - Group","hd":false},{"ty":"fl","c":{"a":0,"k":[0.952999997606,0.525,0.670999983245,1],"ix":4},"o":{"a":0,"k":100,"ix":5},"r":1,"bm":0,"nm":"Fill 1","mn":"ADBE Vector Graphic - Fill","hd":false},{"ty":"tr","p":{"a":0,"k":[139.61,134.69],"ix":2},"a":{"a":0,"k":[0,0],"ix":1},"s":{"a":0,"k":[100,100],"ix":3},"r":{"a":0,"k":0,"ix":6},"o":{"a":1,"k":[{"i":{"x":[0.833],"y":[0.833]},"o":{"x":[0.167],"y":[0.167]},"t":18,"s":[100]},{"t":19,"s":[0]}],"ix":7},"sk":{"a":0,"k":0,"ix":4},"sa":{"a":0,"k":0,"ix":5},"nm":"Transform"}],"nm":"Group 2","np":2,"cix":2,"bm":0,"ix":1,"mn":"ADBE Vector Group","hd":false},{"ty":"gr","it":[{"ind":0,"ty":"sh","ix":1,"ks":{"a":1,"k":[{"i":{"x":0.833,"y":0.833},"o":{"x":0.167,"y":0.167},"t":0,"s":[{"i":[[-30.72,0],[-15.12,-41.2],[-2.48,5.759],[0,0],[91.6,0],[31.12,-26.4]],"o":[[94.56,0],[2.16,5.84],[0,0],[-19.52,-62.32],[-37.92,0],[27.52,-18.08]],"v":[[-46.36,-68.32],[110.28,74.48],[123.08,74.801],[136.92,42.48],[-27.8,-80.56],[-136.92,-41.6]],"c":true}]},{"t":30,"s":[{"i":[[-38.926,-30.55],[0,0],[0,0],[0,0],[77.514,-0.81],[31.12,-26.4]],"o":[[51.136,40.133],[0,0],[0,0],[0,0],[-37.918,0.396],[26.134,-5.23]],"v":[[105.14,-25.45],[154.927,119.774],[158.266,116.189],[200.964,-3.5],[97.2,-80.69],[-0.92,-41.27]],"c":true}]}],"ix":2},"nm":"Path 1","mn":"ADBE Vector Shape - Group","hd":false},{"ty":"fl","c":{"a":0,"k":[0.855000035903,0.180000005984,0.458999992819,1],"ix":4},"o":{"a":0,"k":100,"ix":5},"r":1,"bm":0,"nm":"Fill 1","mn":"ADBE Vector Graphic - Fill","hd":false},{"ty":"tr","p":{"a":0,"k":[223.01,80.81],"ix":2},"a":{"a":0,"k":[0,0],"ix":1},"s":{"a":0,"k":[100,100],"ix":3},"r":{"a":0,"k":0,"ix":6},"o":{"a":0,"k":100,"ix":7},"sk":{"a":0,"k":0,"ix":4},"sa":{"a":0,"k":0,"ix":5},"nm":"Transform"}],"nm":"Group 4","np":2,"cix":2,"bm":0,"ix":2,"mn":"ADBE Vector Group","hd":false},{"ty":"gr","it":[{"ind":0,"ty":"sh","ix":1,"ks":{"a":1,"k":[{"i":{"x":0.833,"y":0.833},"o":{"x":0.167,"y":0.167},"t":0,"s":[{"i":[[0,0],[121.28,0],[-38.4,-164.159],[0,0]],"o":[[0,0],[-91.12,0],[38.4,164.161],[0,0]],"v":[[-1.32,-179.52],[-166.28,-302.56],[-322.92,-66.161],[-1.08,302.56]],"c":true}]},{"t":30,"s":[{"i":[[7.029,236.51],[84.935,0.69],[-10.299,-168.276],[0,0]],"o":[[-2.518,-84.739],[-91.117,-0.74],[14.574,238.132],[0,0]],"v":[[89.626,-116.51],[-41.28,-302.69],[-182.92,-66.132],[-1.08,302.56]],"c":true}]}],"ix":2},"nm":"Path 1","mn":"ADBE Vector Shape - Group","hd":false},{"ty":"fl","c":{"a":0,"k":[0.936999990426,0.33300000359,0.573000021542,1],"ix":4},"o":{"a":0,"k":100,"ix":5},"r":1,"bm":0,"nm":"Fill 1","mn":"ADBE Vector Graphic - Fill","hd":false},{"ty":"tr","p":{"a":0,"k":[361.57,302.81],"ix":2},"a":{"a":0,"k":[0,0],"ix":1},"s":{"a":0,"k":[100,100],"ix":3},"r":{"a":0,"k":0,"ix":6},"o":{"a":0,"k":100,"ix":7},"sk":{"a":0,"k":0,"ix":4},"sa":{"a":0,"k":0,"ix":5},"nm":"Transform"}],"nm":"Group 5","np":2,"cix":2,"bm":0,"ix":3,"mn":"ADBE Vector Group","hd":false}],"ip":0,"op":30,"st":0,"bm":0}]}],"layers":[{"ddd":0,"ind":1,"ty":0,"nm":"emoji_revolving-heart","refId":"comp_0","sr":1,"ks":{"o":{"a":0,"k":100,"ix":11},"r":{"a":0,"k":0,"ix":10},"p":{"a":0,"k":[512,512,0],"ix":2,"l":2},"a":{"a":0,"k":[512,512,0],"ix":1,"l":2},"s":{"a":0,"k":[100,100,100],"ix":6,"l":2}},"ao":0,"w":1024,"h":1024,"ip":-2,"op":58,"st":-2,"bm":0},{"ddd":0,"ind":2,"ty":0,"nm":"emoji_revolving-heart","refId":"comp_0","sr":1,"ks":{"o":{"a":0,"k":100,"ix":11},"r":{"a":0,"k":0,"ix":10},"p":{"a":0,"k":[512,512,0],"ix":2,"l":2},"a":{"a":0,"k":[512,512,0],"ix":1,"l":2},"s":{"a":0,"k":[100,100,100],"ix":6,"l":2}},"ao":0,"w":1024,"h":1024,"ip":58,"op":118,"st":58,"bm":0}],"markers":[{"tm":58,"cm":"rest","dr":0}]}