{"v":"5.8.1","fr":60,"ip":0,"op":177,"w":1024,"h":1024,"nm":"emoji_grimacing","ddd":0,"assets":[],"layers":[{"ddd":0,"ind":1,"ty":3,"nm":"Null ALL","sr":1,"ks":{"o":{"a":0,"k":0,"ix":11},"r":{"a":0,"k":0,"ix":10},"p":{"s":true,"x":{"a":0,"k":512,"ix":3},"y":{"a":0,"k":512,"ix":4}},"a":{"a":0,"k":[0,0,0],"ix":1,"l":2},"s":{"a":0,"k":[100,100,100],"ix":6,"l":2}},"ao":0,"ip":0,"op":177,"st":0,"bm":0},{"ddd":0,"ind":2,"ty":3,"nm":"Null Face","parent":1,"sr":1,"ks":{"o":{"a":0,"k":0,"ix":11},"r":{"a":0,"k":0,"ix":10},"p":{"s":true,"x":{"a":0,"k":0,"ix":3},"y":{"a":1,"k":[{"i":{"x":[0.667],"y":[1]},"o":{"x":[0.333],"y":[0]},"t":27.5,"s":[0]},{"i":{"x":[0.667],"y":[1]},"o":{"x":[0.333],"y":[0]},"t":35,"s":[-16]},{"i":{"x":[0.667],"y":[1]},"o":{"x":[0.333],"y":[0]},"t":55,"s":[-16]},{"i":{"x":[0.388],"y":[1]},"o":{"x":[0.333],"y":[0]},"t":92.5,"s":[-16]},{"t":97.5,"s":[0]}],"ix":4}},"a":{"a":0,"k":[0,0,0],"ix":1,"l":2},"s":{"a":0,"k":[100,100,100],"ix":6,"l":2}},"ao":0,"ip":0,"op":177,"st":0,"bm":0},{"ddd":0,"ind":3,"ty":4,"nm":"closed eyes","parent":4,"sr":1,"ks":{"o":{"a":1,"k":[{"t":0,"s":[0],"h":1},{"t":27.5,"s":[100],"h":1},{"t":35,"s":[0],"h":1},{"t":55,"s":[100],"h":1},{"t":62.5,"s":[0],"h":1},{"t":92.5,"s":[100],"h":1},{"t":97.5,"s":[0],"h":1},{"t":147.5,"s":[100],"h":1},{"t":152.5,"s":[0],"h":1}],"ix":11},"r":{"a":0,"k":0,"ix":10},"p":{"a":0,"k":[27.85,7.538,0],"ix":2,"l":2},"a":{"a":0,"k":[0.086,0,0],"ix":1,"l":2},"s":{"a":0,"k":[12.5,12.5,100],"ix":6,"l":2}},"ao":0,"shapes":[{"ty":"gr","it":[{"ind":0,"ty":"sh","ix":1,"ks":{"a":0,"k":{"i":[[-7.267,1.759],[-5.456,0.754],[-5.456,0.426],[-10.912,-0.083],[-10.912,-0.844],[-10.912,-2.334],[2.363,-11.046],[7.626,-1.643],[10.912,-0.927],[10.912,-0.057],[10.912,0.857],[5.456,0.742],[5.456,1.309],[-2.65,11.046]],"o":[[5.456,-1.309],[5.456,-0.743],[10.912,-0.857],[10.912,0.057],[10.912,0.927],[11.046,2.363],[-1.738,8.123],[-10.912,2.334],[-10.912,0.844],[-10.912,0.083],[-5.456,-0.426],[-5.456,-0.754],[-11.046,-2.65],[1.864,-7.77]],"v":[[-214.983,-20],[-198.614,-22.925],[-182.246,-24.64],[-149.509,-25.756],[-116.773,-24.439],[-84.036,-20],[-68.314,4.279],[-84.036,20],[-116.773,24.439],[-149.509,25.756],[-182.246,24.64],[-198.614,22.925],[-214.983,20],[-230.185,-4.798]],"c":true},"ix":2},"nm":"Path 1","mn":"ADBE Vector Shape - Group","hd":false},{"ind":1,"ty":"sh","ix":2,"ks":{"a":0,"k":{"i":[[-7.267,1.759],[-5.456,0.754],[-5.456,0.426],[-10.912,-0.083],[-10.912,-0.844],[-10.912,-2.334],[2.363,-11.046],[7.626,-1.643],[10.912,-0.927],[10.912,-0.057],[10.912,0.857],[5.456,0.742],[5.456,1.309],[-2.65,11.046]],"o":[[5.456,-1.309],[5.456,-0.743],[10.912,-0.857],[10.912,0.057],[10.912,0.927],[11.046,2.363],[-1.738,8.123],[-10.912,2.334],[-10.912,0.844],[-10.912,0.083],[-5.456,-0.426],[-5.456,-0.754],[-11.046,-2.65],[1.864,-7.77]],"v":[[83.804,-20],[100.172,-22.925],[116.54,-24.64],[149.277,-25.756],[182.014,-24.439],[214.75,-20],[230.472,4.279],[214.75,20],[182.014,24.439],[149.277,25.756],[116.54,24.64],[100.172,22.925],[83.804,20],[68.601,-4.798]],"c":true},"ix":2},"nm":"Path 2","mn":"ADBE Vector Shape - Group","hd":false},{"ty":"fl","c":{"a":0,"k":[0.258823529412,0.16862745098,0.050980392157,1],"ix":4},"o":{"a":0,"k":100,"ix":5},"r":1,"bm":0,"nm":"Fill 1","mn":"ADBE Vector Graphic - Fill","hd":false},{"ty":"tr","p":{"a":0,"k":[0,0],"ix":2},"a":{"a":0,"k":[0,0],"ix":1},"s":{"a":0,"k":[100,100],"ix":3},"r":{"a":0,"k":0,"ix":6},"o":{"a":0,"k":100,"ix":7},"sk":{"a":0,"k":0,"ix":4},"sa":{"a":0,"k":0,"ix":5},"nm":"Transform"}],"nm":"Shape 1","np":4,"cix":2,"bm":0,"ix":1,"mn":"ADBE Vector Group","hd":false}],"ip":0,"op":177,"st":0,"bm":0},{"ddd":0,"ind":4,"ty":4,"nm":"eyes","parent":2,"sr":1,"ks":{"o":{"a":1,"k":[{"t":0,"s":[100],"h":1},{"t":27.5,"s":[0],"h":1},{"t":35,"s":[100],"h":1},{"t":55,"s":[0],"h":1},{"t":62.5,"s":[100],"h":1},{"t":92.5,"s":[0],"h":1},{"t":97.5,"s":[100],"h":1},{"t":147.5,"s":[0],"h":1},{"t":152.5,"s":[100],"h":1}],"ix":11},"r":{"a":0,"k":0,"ix":10},"p":{"s":true,"x":{"a":1,"k":[{"i":{"x":[0.667],"y":[1]},"o":{"x":[0.333],"y":[0]},"t":27.5,"s":[0]},{"i":{"x":[0.667],"y":[1]},"o":{"x":[0.333],"y":[0]},"t":35,"s":[48]},{"i":{"x":[0.667],"y":[1]},"o":{"x":[0.333],"y":[0]},"t":55,"s":[48]},{"i":{"x":[0.667],"y":[1]},"o":{"x":[0.167],"y":[0]},"t":62.5,"s":[-48]},{"i":{"x":[0.667],"y":[1]},"o":{"x":[0.333],"y":[0]},"t":92.5,"s":[-48]},{"t":97.5,"s":[0]}],"ix":3},"y":{"a":1,"k":[{"i":{"x":[0.833],"y":[1]},"o":{"x":[0.333],"y":[0]},"t":27.5,"s":[-100.101]},{"i":{"x":[0.833],"y":[1]},"o":{"x":[0.167],"y":[0]},"t":35,"s":[-108.101]},{"i":{"x":[0.667],"y":[1]},"o":{"x":[0.167],"y":[0]},"t":92.5,"s":[-108.101]},{"t":97.5,"s":[-100.101]}],"ix":4}},"a":{"a":0,"k":[27.45,6.65,0],"ix":1,"l":2},"s":{"a":0,"k":[800,800,100],"ix":6,"l":2}},"ao":0,"shapes":[{"ty":"gr","it":[{"ind":0,"ty":"sh","ix":1,"ks":{"a":1,"k":[{"i":{"x":0.833,"y":0.833},"o":{"x":0.333,"y":0},"t":22.5,"s":[{"i":[[0.899,0.8],[0,0],[0.7,-1.4],[-0.901,-0.9],[-0.701,1.4]],"o":[[0,0],[-1.4,-0.7],[-0.5,1.1],[1.399,0.7],[0.5,-1.1]],"v":[[1.601,-5.3],[1.601,-5.3],[-2.201,-4],[-1.6,-0.7],[2.201,-2]],"c":true}]},{"i":{"x":0.833,"y":0.833},"o":{"x":0.167,"y":0.167},"t":27.5,"s":[{"i":[[0.899,0.629],[0,0],[0.7,-1.1],[-0.901,-0.707],[-0.701,1.1]],"o":[[0,0],[-1.4,-0.55],[-0.5,0.865],[1.399,0.55],[0.5,-0.865]],"v":[[1.601,-4.144],[1.601,-4.144],[-2.201,-3.122],[-1.6,-0.529],[2.201,-1.55]],"c":true}]},{"i":{"x":0.667,"y":1},"o":{"x":0.167,"y":0.167},"t":35,"s":[{"i":[[0.899,0.8],[0,0],[0.7,-1.4],[-0.901,-0.9],[-0.701,1.4]],"o":[[0,0],[-1.4,-0.7],[-0.5,1.1],[1.399,0.7],[0.5,-1.1]],"v":[[1.601,-5.8],[1.601,-5.8],[-2.201,-4.5],[-1.6,-1.2],[2.201,-2.5]],"c":true}]},{"i":{"x":0.833,"y":1},"o":{"x":0.167,"y":0},"t":37.5,"s":[{"i":[[0.899,0.8],[0,0],[0.7,-1.4],[-0.901,-0.9],[-0.701,1.4]],"o":[[0,0],[-1.4,-0.7],[-0.5,1.1],[1.399,0.7],[0.5,-1.1]],"v":[[1.601,-5.3],[1.601,-5.3],[-2.201,-4],[-1.6,-0.7],[2.201,-2]],"c":true}]},{"i":{"x":0.833,"y":0.833},"o":{"x":0.333,"y":0},"t":50,"s":[{"i":[[0.899,0.8],[0,0],[0.7,-1.4],[-0.901,-0.9],[-0.701,1.4]],"o":[[0,0],[-1.4,-0.7],[-0.5,1.1],[1.399,0.7],[0.5,-1.1]],"v":[[1.601,-5.3],[1.601,-5.3],[-2.201,-4],[-1.6,-0.7],[2.201,-2]],"c":true}]},{"i":{"x":0.833,"y":0.833},"o":{"x":0.167,"y":0.167},"t":55,"s":[{"i":[[0.899,0.629],[0,0],[0.7,-1.1],[-0.901,-0.707],[-0.701,1.1]],"o":[[0,0],[-1.4,-0.55],[-0.5,0.865],[1.399,0.55],[0.5,-0.865]],"v":[[1.601,-4.144],[1.601,-4.144],[-2.201,-3.122],[-1.6,-0.529],[2.201,-1.55]],"c":true}]},{"i":{"x":0.667,"y":1},"o":{"x":0.167,"y":0.167},"t":62.5,"s":[{"i":[[0.899,0.8],[0,0],[0.7,-1.4],[-0.901,-0.9],[-0.701,1.4]],"o":[[0,0],[-1.4,-0.7],[-0.5,1.1],[1.399,0.7],[0.5,-1.1]],"v":[[1.601,-5.8],[1.601,-5.8],[-2.201,-4.5],[-1.6,-1.2],[2.201,-2.5]],"c":true}]},{"i":{"x":0.667,"y":1},"o":{"x":0.333,"y":0},"t":65,"s":[{"i":[[0.899,0.8],[0,0],[0.7,-1.4],[-0.901,-0.9],[-0.701,1.4]],"o":[[0,0],[-1.4,-0.7],[-0.5,1.1],[1.399,0.7],[0.5,-1.1]],"v":[[1.601,-5.3],[1.601,-5.3],[-2.201,-4],[-1.6,-0.7],[2.201,-2]],"c":true}]},{"i":{"x":0.833,"y":0.833},"o":{"x":0.333,"y":0},"t":92.5,"s":[{"i":[[0.899,0.8],[0,0],[0.7,-1.4],[-0.901,-0.9],[-0.701,1.4]],"o":[[0,0],[-1.4,-0.7],[-0.5,1.1],[1.399,0.7],[0.5,-1.1]],"v":[[1.601,-5.3],[1.601,-5.3],[-2.201,-4],[-1.6,-0.7],[2.201,-2]],"c":true}]},{"i":{"x":0.833,"y":0.833},"o":{"x":0.167,"y":0.167},"t":95,"s":[{"i":[[0.899,0.8],[0,0],[0.7,-1.4],[-0.901,-0.9],[-0.701,1.4]],"o":[[0,0],[-1.4,-0.7],[-0.5,1.1],[1.399,0.7],[0.5,-1.1]],"v":[[1.601,-5.8],[1.601,-5.8],[-2.201,-4.5],[-1.6,-1.2],[2.201,-2.5]],"c":true}]},{"i":{"x":0.833,"y":1},"o":{"x":0.167,"y":0.167},"t":97.5,"s":[{"i":[[0.899,0.629],[0,0],[0.7,-1.1],[-0.901,-0.707],[-0.701,1.1]],"o":[[0,0],[-1.4,-0.55],[-0.5,0.865],[1.399,0.55],[0.5,-0.865]],"v":[[1.601,-4.144],[1.601,-4.144],[-2.201,-3.122],[-1.6,-0.529],[2.201,-1.55]],"c":true}]},{"i":{"x":0.833,"y":1},"o":{"x":0.333,"y":0},"t":107.5,"s":[{"i":[[0.899,0.8],[0,0],[0.7,-1.4],[-0.901,-0.9],[-0.701,1.4]],"o":[[0,0],[-1.4,-0.7],[-0.5,1.1],[1.399,0.7],[0.5,-1.1]],"v":[[1.601,-5.3],[1.601,-5.3],[-2.201,-4],[-1.6,-0.7],[2.201,-2]],"c":true}]},{"i":{"x":0.833,"y":0.833},"o":{"x":0.333,"y":0},"t":142.5,"s":[{"i":[[0.899,0.8],[0,0],[0.7,-1.4],[-0.901,-0.9],[-0.701,1.4]],"o":[[0,0],[-1.4,-0.7],[-0.5,1.1],[1.399,0.7],[0.5,-1.1]],"v":[[1.601,-5.3],[1.601,-5.3],[-2.201,-4],[-1.6,-0.7],[2.201,-2]],"c":true}]},{"i":{"x":0.833,"y":0.833},"o":{"x":0.167,"y":0.167},"t":147.5,"s":[{"i":[[0.899,0.629],[0,0],[0.7,-1.1],[-0.901,-0.707],[-0.701,1.1]],"o":[[0,0],[-1.4,-0.55],[-0.5,0.865],[1.399,0.55],[0.5,-0.865]],"v":[[1.601,-4.144],[1.601,-4.144],[-2.201,-3.122],[-1.6,-0.529],[2.201,-1.55]],"c":true}]},{"i":{"x":0.667,"y":1},"o":{"x":0.167,"y":0.167},"t":152.5,"s":[{"i":[[0.899,0.8],[0,0],[0.7,-1.4],[-0.901,-0.9],[-0.701,1.4]],"o":[[0,0],[-1.4,-0.7],[-0.5,1.1],[1.399,0.7],[0.5,-1.1]],"v":[[1.601,-5.8],[1.601,-5.8],[-2.201,-4.5],[-1.6,-1.2],[2.201,-2.5]],"c":true}]},{"t":155,"s":[{"i":[[0.899,0.8],[0,0],[0.7,-1.4],[-0.901,-0.9],[-0.701,1.4]],"o":[[0,0],[-1.4,-0.7],[-0.5,1.1],[1.399,0.7],[0.5,-1.1]],"v":[[1.601,-5.3],[1.601,-5.3],[-2.201,-4],[-1.6,-0.7],[2.201,-2]],"c":true}]}],"ix":2},"nm":"Path 1","mn":"ADBE Vector Shape - Group","hd":false},{"ty":"fl","c":{"a":0,"k":[0.536999990426,0.375999989229,0.141000007181,1],"ix":4},"o":{"a":0,"k":100,"ix":5},"r":1,"bm":0,"nm":"Fill 1","mn":"ADBE Vector Graphic - Fill","hd":false},{"ty":"tr","p":{"a":0,"k":[44.65,6.55],"ix":2},"a":{"a":0,"k":[0,0],"ix":1},"s":{"a":0,"k":[100,100],"ix":3},"r":{"a":0,"k":0,"ix":6},"o":{"a":0,"k":100,"ix":7},"sk":{"a":0,"k":0,"ix":4},"sa":{"a":0,"k":0,"ix":5},"nm":"Transform"}],"nm":"Group 1","np":2,"cix":2,"bm":0,"ix":1,"mn":"ADBE Vector Group","hd":false},{"ty":"gr","it":[{"ind":0,"ty":"sh","ix":1,"ks":{"a":1,"k":[{"i":{"x":0.833,"y":0.833},"o":{"x":0.333,"y":0},"t":22.5,"s":[{"i":[[4.2,0],[0,0],[0,-5.9],[-4.2,0],[0,5.9]],"o":[[0,0],[-4.2,0],[0,5.9],[4.2,0],[0,-5.9]],"v":[[0,-12.4],[0,-12.4],[-8,-3],[0,6.4],[8,-3]],"c":true}]},{"i":{"x":0.833,"y":0.833},"o":{"x":0.167,"y":0.167},"t":27.5,"s":[{"i":[[4.2,0],[0,0],[0,-4.637],[-4.2,0],[0,4.637]],"o":[[0,0],[-4.2,0],[0,4.637],[4.2,0],[0,-4.637]],"v":[[0,-10.388],[0,-10.388],[-8,-3],[0,4.388],[8,-3]],"c":true}]},{"i":{"x":0.667,"y":1},"o":{"x":0.167,"y":0.167},"t":35,"s":[{"i":[[4.2,0],[0,0],[0,-5.9],[-4.2,0],[0,5.9]],"o":[[0,0],[-4.2,0],[0,5.9],[4.2,0],[0,-5.9]],"v":[[0,-12.9],[0,-12.9],[-8,-3],[0,6.9],[8,-3]],"c":true}]},{"i":{"x":0.833,"y":1},"o":{"x":0.167,"y":0},"t":37.5,"s":[{"i":[[4.2,0],[0,0],[0,-5.9],[-4.2,0],[0,5.9]],"o":[[0,0],[-4.2,0],[0,5.9],[4.2,0],[0,-5.9]],"v":[[0,-12.4],[0,-12.4],[-8,-3],[0,6.4],[8,-3]],"c":true}]},{"i":{"x":0.833,"y":0.833},"o":{"x":0.333,"y":0},"t":50,"s":[{"i":[[4.2,0],[0,0],[0,-5.9],[-4.2,0],[0,5.9]],"o":[[0,0],[-4.2,0],[0,5.9],[4.2,0],[0,-5.9]],"v":[[0,-12.4],[0,-12.4],[-8,-3],[0,6.4],[8,-3]],"c":true}]},{"i":{"x":0.833,"y":0.833},"o":{"x":0.167,"y":0.167},"t":55,"s":[{"i":[[4.2,0],[0,0],[0,-4.637],[-4.2,0],[0,4.637]],"o":[[0,0],[-4.2,0],[0,4.637],[4.2,0],[0,-4.637]],"v":[[0,-10.388],[0,-10.388],[-8,-3],[0,4.388],[8,-3]],"c":true}]},{"i":{"x":0.667,"y":1},"o":{"x":0.167,"y":0.167},"t":62.5,"s":[{"i":[[4.2,0],[0,0],[0,-5.9],[-4.2,0],[0,5.9]],"o":[[0,0],[-4.2,0],[0,5.9],[4.2,0],[0,-5.9]],"v":[[0,-12.9],[0,-12.9],[-8,-3],[0,6.9],[8,-3]],"c":true}]},{"i":{"x":0.667,"y":1},"o":{"x":0.333,"y":0},"t":65,"s":[{"i":[[4.2,0],[0,0],[0,-5.9],[-4.2,0],[0,5.9]],"o":[[0,0],[-4.2,0],[0,5.9],[4.2,0],[0,-5.9]],"v":[[0,-12.4],[0,-12.4],[-8,-3],[0,6.4],[8,-3]],"c":true}]},{"i":{"x":0.833,"y":0.833},"o":{"x":0.333,"y":0},"t":92.5,"s":[{"i":[[4.2,0],[0,0],[0,-5.9],[-4.2,0],[0,5.9]],"o":[[0,0],[-4.2,0],[0,5.9],[4.2,0],[0,-5.9]],"v":[[0,-12.4],[0,-12.4],[-8,-3],[0,6.4],[8,-3]],"c":true}]},{"i":{"x":0.833,"y":0.833},"o":{"x":0.167,"y":0.167},"t":95,"s":[{"i":[[4.2,0],[0,0],[0,-5.9],[-4.2,0],[0,5.9]],"o":[[0,0],[-4.2,0],[0,5.9],[4.2,0],[0,-5.9]],"v":[[0,-12.9],[0,-12.9],[-8,-3],[0,6.9],[8,-3]],"c":true}]},{"i":{"x":0.833,"y":1},"o":{"x":0.167,"y":0.167},"t":97.5,"s":[{"i":[[4.2,0],[0,0],[0,-4.637],[-4.2,0],[0,4.637]],"o":[[0,0],[-4.2,0],[0,4.637],[4.2,0],[0,-4.637]],"v":[[0,-10.388],[0,-10.388],[-8,-3],[0,4.388],[8,-3]],"c":true}]},{"i":{"x":0.833,"y":1},"o":{"x":0.333,"y":0},"t":107.5,"s":[{"i":[[4.2,0],[0,0],[0,-5.9],[-4.2,0],[0,5.9]],"o":[[0,0],[-4.2,0],[0,5.9],[4.2,0],[0,-5.9]],"v":[[0,-12.4],[0,-12.4],[-8,-3],[0,6.4],[8,-3]],"c":true}]},{"i":{"x":0.833,"y":0.833},"o":{"x":0.333,"y":0},"t":142.5,"s":[{"i":[[4.2,0],[0,0],[0,-5.9],[-4.2,0],[0,5.9]],"o":[[0,0],[-4.2,0],[0,5.9],[4.2,0],[0,-5.9]],"v":[[0,-12.4],[0,-12.4],[-8,-3],[0,6.4],[8,-3]],"c":true}]},{"i":{"x":0.833,"y":0.833},"o":{"x":0.167,"y":0.167},"t":147.5,"s":[{"i":[[4.2,0],[0,0],[0,-4.637],[-4.2,0],[0,4.637]],"o":[[0,0],[-4.2,0],[0,4.637],[4.2,0],[0,-4.637]],"v":[[0,-10.388],[0,-10.388],[-8,-3],[0,4.388],[8,-3]],"c":true}]},{"i":{"x":0.667,"y":1},"o":{"x":0.167,"y":0.167},"t":152.5,"s":[{"i":[[4.2,0],[0,0],[0,-5.9],[-4.2,0],[0,5.9]],"o":[[0,0],[-4.2,0],[0,5.9],[4.2,0],[0,-5.9]],"v":[[0,-12.9],[0,-12.9],[-8,-3],[0,6.9],[8,-3]],"c":true}]},{"t":155,"s":[{"i":[[4.2,0],[0,0],[0,-5.9],[-4.2,0],[0,5.9]],"o":[[0,0],[-4.2,0],[0,5.9],[4.2,0],[0,-5.9]],"v":[[0,-12.4],[0,-12.4],[-8,-3],[0,6.4],[8,-3]],"c":true}]}],"ix":2},"nm":"Path 1","mn":"ADBE Vector Shape - Group","hd":false},{"ty":"fl","c":{"a":0,"k":[0.258999992819,0.169000004787,0.051000000449,1],"ix":4},"o":{"a":0,"k":100,"ix":5},"r":1,"bm":0,"nm":"Fill 1","mn":"ADBE Vector Graphic - Fill","hd":false},{"ty":"tr","p":{"a":0,"k":[46.65,9.65],"ix":2},"a":{"a":0,"k":[0,0],"ix":1},"s":{"a":0,"k":[100,100],"ix":3},"r":{"a":0,"k":0,"ix":6},"o":{"a":0,"k":100,"ix":7},"sk":{"a":0,"k":0,"ix":4},"sa":{"a":0,"k":0,"ix":5},"nm":"Transform"}],"nm":"Group 2","np":2,"cix":2,"bm":0,"ix":2,"mn":"ADBE Vector Group","hd":false},{"ty":"gr","it":[{"ind":0,"ty":"sh","ix":1,"ks":{"a":1,"k":[{"i":{"x":0.833,"y":0.833},"o":{"x":0.333,"y":0},"t":22.5,"s":[{"i":[[0.9,0.8],[0,0],[0.7,-1.4],[-0.9,-0.9],[-0.7,1.4]],"o":[[0,0],[-1.4,-0.7],[-0.5,1.1],[1.4,0.7],[0.6,-1.1]],"v":[[1.55,-5.3],[1.55,-5.3],[-2.25,-4],[-1.65,-0.7],[2.15,-2]],"c":true}]},{"i":{"x":0.833,"y":0.833},"o":{"x":0.167,"y":0.167},"t":27.5,"s":[{"i":[[0.9,0.629],[0,0],[0.7,-1.1],[-0.9,-0.707],[-0.7,1.1]],"o":[[0,0],[-1.4,-0.55],[-0.5,0.865],[1.4,0.55],[0.6,-0.865]],"v":[[1.55,-4.144],[1.55,-4.144],[-2.25,-3.122],[-1.65,-0.529],[2.15,-1.55]],"c":true}]},{"i":{"x":0.667,"y":1},"o":{"x":0.167,"y":0.167},"t":35,"s":[{"i":[[0.9,0.8],[0,0],[0.7,-1.4],[-0.9,-0.9],[-0.7,1.4]],"o":[[0,0],[-1.4,-0.7],[-0.5,1.1],[1.4,0.7],[0.6,-1.1]],"v":[[1.55,-5.8],[1.55,-5.8],[-2.25,-4.5],[-1.65,-1.2],[2.15,-2.5]],"c":true}]},{"i":{"x":0.833,"y":1},"o":{"x":0.167,"y":0},"t":37.5,"s":[{"i":[[0.9,0.8],[0,0],[0.7,-1.4],[-0.9,-0.9],[-0.7,1.4]],"o":[[0,0],[-1.4,-0.7],[-0.5,1.1],[1.4,0.7],[0.6,-1.1]],"v":[[1.55,-5.3],[1.55,-5.3],[-2.25,-4],[-1.65,-0.7],[2.15,-2]],"c":true}]},{"i":{"x":0.833,"y":0.833},"o":{"x":0.333,"y":0},"t":50,"s":[{"i":[[0.9,0.8],[0,0],[0.7,-1.4],[-0.9,-0.9],[-0.7,1.4]],"o":[[0,0],[-1.4,-0.7],[-0.5,1.1],[1.4,0.7],[0.6,-1.1]],"v":[[1.55,-5.3],[1.55,-5.3],[-2.25,-4],[-1.65,-0.7],[2.15,-2]],"c":true}]},{"i":{"x":0.833,"y":0.833},"o":{"x":0.167,"y":0.167},"t":55,"s":[{"i":[[0.9,0.629],[0,0],[0.7,-1.1],[-0.9,-0.707],[-0.7,1.1]],"o":[[0,0],[-1.4,-0.55],[-0.5,0.865],[1.4,0.55],[0.6,-0.865]],"v":[[1.55,-4.144],[1.55,-4.144],[-2.25,-3.122],[-1.65,-0.529],[2.15,-1.55]],"c":true}]},{"i":{"x":0.667,"y":1},"o":{"x":0.167,"y":0.167},"t":62.5,"s":[{"i":[[0.9,0.8],[0,0],[0.7,-1.4],[-0.9,-0.9],[-0.7,1.4]],"o":[[0,0],[-1.4,-0.7],[-0.5,1.1],[1.4,0.7],[0.6,-1.1]],"v":[[1.55,-5.8],[1.55,-5.8],[-2.25,-4.5],[-1.65,-1.2],[2.15,-2.5]],"c":true}]},{"i":{"x":0.667,"y":1},"o":{"x":0.333,"y":0},"t":65,"s":[{"i":[[0.9,0.8],[0,0],[0.7,-1.4],[-0.9,-0.9],[-0.7,1.4]],"o":[[0,0],[-1.4,-0.7],[-0.5,1.1],[1.4,0.7],[0.6,-1.1]],"v":[[1.55,-5.3],[1.55,-5.3],[-2.25,-4],[-1.65,-0.7],[2.15,-2]],"c":true}]},{"i":{"x":0.833,"y":0.833},"o":{"x":0.333,"y":0},"t":92.5,"s":[{"i":[[0.9,0.8],[0,0],[0.7,-1.4],[-0.9,-0.9],[-0.7,1.4]],"o":[[0,0],[-1.4,-0.7],[-0.5,1.1],[1.4,0.7],[0.6,-1.1]],"v":[[1.55,-5.3],[1.55,-5.3],[-2.25,-4],[-1.65,-0.7],[2.15,-2]],"c":true}]},{"i":{"x":0.833,"y":0.833},"o":{"x":0.167,"y":0.167},"t":95,"s":[{"i":[[0.9,0.8],[0,0],[0.7,-1.4],[-0.9,-0.9],[-0.7,1.4]],"o":[[0,0],[-1.4,-0.7],[-0.5,1.1],[1.4,0.7],[0.6,-1.1]],"v":[[1.55,-5.8],[1.55,-5.8],[-2.25,-4.5],[-1.65,-1.2],[2.15,-2.5]],"c":true}]},{"i":{"x":0.833,"y":1},"o":{"x":0.167,"y":0.167},"t":97.5,"s":[{"i":[[0.9,0.629],[0,0],[0.7,-1.1],[-0.9,-0.707],[-0.7,1.1]],"o":[[0,0],[-1.4,-0.55],[-0.5,0.865],[1.4,0.55],[0.6,-0.865]],"v":[[1.55,-4.144],[1.55,-4.144],[-2.25,-3.122],[-1.65,-0.529],[2.15,-1.55]],"c":true}]},{"i":{"x":0.833,"y":1},"o":{"x":0.333,"y":0},"t":107.5,"s":[{"i":[[0.9,0.8],[0,0],[0.7,-1.4],[-0.9,-0.9],[-0.7,1.4]],"o":[[0,0],[-1.4,-0.7],[-0.5,1.1],[1.4,0.7],[0.6,-1.1]],"v":[[1.55,-5.3],[1.55,-5.3],[-2.25,-4],[-1.65,-0.7],[2.15,-2]],"c":true}]},{"i":{"x":0.833,"y":0.833},"o":{"x":0.333,"y":0},"t":142.5,"s":[{"i":[[0.9,0.8],[0,0],[0.7,-1.4],[-0.9,-0.9],[-0.7,1.4]],"o":[[0,0],[-1.4,-0.7],[-0.5,1.1],[1.4,0.7],[0.6,-1.1]],"v":[[1.55,-5.3],[1.55,-5.3],[-2.25,-4],[-1.65,-0.7],[2.15,-2]],"c":true}]},{"i":{"x":0.833,"y":0.833},"o":{"x":0.167,"y":0.167},"t":147.5,"s":[{"i":[[0.9,0.629],[0,0],[0.7,-1.1],[-0.9,-0.707],[-0.7,1.1]],"o":[[0,0],[-1.4,-0.55],[-0.5,0.865],[1.4,0.55],[0.6,-0.865]],"v":[[1.55,-4.144],[1.55,-4.144],[-2.25,-3.122],[-1.65,-0.529],[2.15,-1.55]],"c":true}]},{"i":{"x":0.667,"y":1},"o":{"x":0.167,"y":0.167},"t":152.5,"s":[{"i":[[0.9,0.8],[0,0],[0.7,-1.4],[-0.9,-0.9],[-0.7,1.4]],"o":[[0,0],[-1.4,-0.7],[-0.5,1.1],[1.4,0.7],[0.6,-1.1]],"v":[[1.55,-5.8],[1.55,-5.8],[-2.25,-4.5],[-1.65,-1.2],[2.15,-2.5]],"c":true}]},{"t":155,"s":[{"i":[[0.9,0.8],[0,0],[0.7,-1.4],[-0.9,-0.9],[-0.7,1.4]],"o":[[0,0],[-1.4,-0.7],[-0.5,1.1],[1.4,0.7],[0.6,-1.1]],"v":[[1.55,-5.3],[1.55,-5.3],[-2.25,-4],[-1.65,-0.7],[2.15,-2]],"c":true}]}],"ix":2},"nm":"Path 1","mn":"ADBE Vector Shape - Group","hd":false},{"ty":"fl","c":{"a":0,"k":[0.536999990426,0.375999989229,0.141000007181,1],"ix":4},"o":{"a":0,"k":100,"ix":5},"r":1,"bm":0,"nm":"Fill 1","mn":"ADBE Vector Graphic - Fill","hd":false},{"ty":"tr","p":{"a":0,"k":[6.3,6.55],"ix":2},"a":{"a":0,"k":[0,0],"ix":1},"s":{"a":0,"k":[100,100],"ix":3},"r":{"a":0,"k":0,"ix":6},"o":{"a":0,"k":100,"ix":7},"sk":{"a":0,"k":0,"ix":4},"sa":{"a":0,"k":0,"ix":5},"nm":"Transform"}],"nm":"Group 3","np":2,"cix":2,"bm":0,"ix":3,"mn":"ADBE Vector Group","hd":false},{"ty":"gr","it":[{"ind":0,"ty":"sh","ix":1,"ks":{"a":1,"k":[{"i":{"x":0.833,"y":0.833},"o":{"x":0.333,"y":0},"t":22.5,"s":[{"i":[[4.2,0],[0,0],[0,-5.9],[-4.2,0],[0,5.9]],"o":[[0,0],[-4.2,0],[0,5.9],[4.2,0],[0,-5.9]],"v":[[0,-12.4],[0,-12.4],[-8,-3],[0,6.4],[8,-3]],"c":true}]},{"i":{"x":0.833,"y":0.833},"o":{"x":0.167,"y":0.167},"t":27.5,"s":[{"i":[[4.2,0],[0,0],[0,-4.637],[-4.2,0],[0,4.637]],"o":[[0,0],[-4.2,0],[0,4.637],[4.2,0],[0,-4.637]],"v":[[0,-10.388],[0,-10.388],[-8,-3],[0,4.388],[8,-3]],"c":true}]},{"i":{"x":0.667,"y":1},"o":{"x":0.167,"y":0.167},"t":35,"s":[{"i":[[4.2,0],[0,0],[0,-5.9],[-4.2,0],[0,5.9]],"o":[[0,0],[-4.2,0],[0,5.9],[4.2,0],[0,-5.9]],"v":[[0,-12.9],[0,-12.9],[-8,-3],[0,6.9],[8,-3]],"c":true}]},{"i":{"x":0.833,"y":1},"o":{"x":0.167,"y":0},"t":37.5,"s":[{"i":[[4.2,0],[0,0],[0,-5.9],[-4.2,0],[0,5.9]],"o":[[0,0],[-4.2,0],[0,5.9],[4.2,0],[0,-5.9]],"v":[[0,-12.4],[0,-12.4],[-8,-3],[0,6.4],[8,-3]],"c":true}]},{"i":{"x":0.833,"y":0.833},"o":{"x":0.333,"y":0},"t":50,"s":[{"i":[[4.2,0],[0,0],[0,-5.9],[-4.2,0],[0,5.9]],"o":[[0,0],[-4.2,0],[0,5.9],[4.2,0],[0,-5.9]],"v":[[0,-12.4],[0,-12.4],[-8,-3],[0,6.4],[8,-3]],"c":true}]},{"i":{"x":0.833,"y":0.833},"o":{"x":0.167,"y":0.167},"t":55,"s":[{"i":[[4.2,0],[0,0],[0,-4.637],[-4.2,0],[0,4.637]],"o":[[0,0],[-4.2,0],[0,4.637],[4.2,0],[0,-4.637]],"v":[[0,-10.388],[0,-10.388],[-8,-3],[0,4.388],[8,-3]],"c":true}]},{"i":{"x":0.667,"y":1},"o":{"x":0.167,"y":0.167},"t":62.5,"s":[{"i":[[4.2,0],[0,0],[0,-5.9],[-4.2,0],[0,5.9]],"o":[[0,0],[-4.2,0],[0,5.9],[4.2,0],[0,-5.9]],"v":[[0,-12.9],[0,-12.9],[-8,-3],[0,6.9],[8,-3]],"c":true}]},{"i":{"x":0.667,"y":1},"o":{"x":0.333,"y":0},"t":65,"s":[{"i":[[4.2,0],[0,0],[0,-5.9],[-4.2,0],[0,5.9]],"o":[[0,0],[-4.2,0],[0,5.9],[4.2,0],[0,-5.9]],"v":[[0,-12.4],[0,-12.4],[-8,-3],[0,6.4],[8,-3]],"c":true}]},{"i":{"x":0.833,"y":0.833},"o":{"x":0.333,"y":0},"t":92.5,"s":[{"i":[[4.2,0],[0,0],[0,-5.9],[-4.2,0],[0,5.9]],"o":[[0,0],[-4.2,0],[0,5.9],[4.2,0],[0,-5.9]],"v":[[0,-12.4],[0,-12.4],[-8,-3],[0,6.4],[8,-3]],"c":true}]},{"i":{"x":0.833,"y":0.833},"o":{"x":0.167,"y":0.167},"t":95,"s":[{"i":[[4.2,0],[0,0],[0,-5.9],[-4.2,0],[0,5.9]],"o":[[0,0],[-4.2,0],[0,5.9],[4.2,0],[0,-5.9]],"v":[[0,-12.9],[0,-12.9],[-8,-3],[0,6.9],[8,-3]],"c":true}]},{"i":{"x":0.833,"y":1},"o":{"x":0.167,"y":0.167},"t":97.5,"s":[{"i":[[4.2,0],[0,0],[0,-4.637],[-4.2,0],[0,4.637]],"o":[[0,0],[-4.2,0],[0,4.637],[4.2,0],[0,-4.637]],"v":[[0,-10.388],[0,-10.388],[-8,-3],[0,4.388],[8,-3]],"c":true}]},{"i":{"x":0.833,"y":1},"o":{"x":0.333,"y":0},"t":107.5,"s":[{"i":[[4.2,0],[0,0],[0,-5.9],[-4.2,0],[0,5.9]],"o":[[0,0],[-4.2,0],[0,5.9],[4.2,0],[0,-5.9]],"v":[[0,-12.4],[0,-12.4],[-8,-3],[0,6.4],[8,-3]],"c":true}]},{"i":{"x":0.833,"y":0.833},"o":{"x":0.333,"y":0},"t":142.5,"s":[{"i":[[4.2,0],[0,0],[0,-5.9],[-4.2,0],[0,5.9]],"o":[[0,0],[-4.2,0],[0,5.9],[4.2,0],[0,-5.9]],"v":[[0,-12.4],[0,-12.4],[-8,-3],[0,6.4],[8,-3]],"c":true}]},{"i":{"x":0.833,"y":0.833},"o":{"x":0.167,"y":0.167},"t":147.5,"s":[{"i":[[4.2,0],[0,0],[0,-4.637],[-4.2,0],[0,4.637]],"o":[[0,0],[-4.2,0],[0,4.637],[4.2,0],[0,-4.637]],"v":[[0,-10.388],[0,-10.388],[-8,-3],[0,4.388],[8,-3]],"c":true}]},{"i":{"x":0.667,"y":1},"o":{"x":0.167,"y":0.167},"t":152.5,"s":[{"i":[[4.2,0],[0,0],[0,-5.9],[-4.2,0],[0,5.9]],"o":[[0,0],[-4.2,0],[0,5.9],[4.2,0],[0,-5.9]],"v":[[0,-12.9],[0,-12.9],[-8,-3],[0,6.9],[8,-3]],"c":true}]},{"t":155,"s":[{"i":[[4.2,0],[0,0],[0,-5.9],[-4.2,0],[0,5.9]],"o":[[0,0],[-4.2,0],[0,5.9],[4.2,0],[0,-5.9]],"v":[[0,-12.4],[0,-12.4],[-8,-3],[0,6.4],[8,-3]],"c":true}]}],"ix":2},"nm":"Path 1","mn":"ADBE Vector Shape - Group","hd":false},{"ty":"fl","c":{"a":0,"k":[0.258999992819,0.169000004787,0.051000000449,1],"ix":4},"o":{"a":0,"k":100,"ix":5},"r":1,"bm":0,"nm":"Fill 1","mn":"ADBE Vector Graphic - Fill","hd":false},{"ty":"tr","p":{"a":0,"k":[8.25,9.65],"ix":2},"a":{"a":0,"k":[0,0],"ix":1},"s":{"a":0,"k":[100,100],"ix":3},"r":{"a":0,"k":0,"ix":6},"o":{"a":0,"k":100,"ix":7},"sk":{"a":0,"k":0,"ix":4},"sa":{"a":0,"k":0,"ix":5},"nm":"Transform"}],"nm":"Group 4","np":2,"cix":2,"bm":0,"ix":4,"mn":"ADBE Vector Group","hd":false}],"ip":0,"op":177,"st":0,"bm":0},{"ddd":0,"ind":5,"ty":3,"nm":"Null mouth","parent":2,"sr":1,"ks":{"o":{"a":0,"k":0,"ix":11},"r":{"a":0,"k":0,"ix":10},"p":{"s":true,"x":{"a":0,"k":0,"ix":3},"y":{"a":0,"k":158,"ix":4}},"a":{"a":0,"k":[0,0,0],"ix":1,"l":2},"s":{"a":0,"k":[100,100,100],"ix":6,"l":2}},"ao":0,"ip":0,"op":177,"st":0,"bm":0},{"ddd":0,"ind":6,"ty":4,"nm":"mouth shape","parent":5,"sr":1,"ks":{"o":{"a":0,"k":100,"ix":11},"r":{"a":0,"k":0,"ix":10},"p":{"s":true,"x":{"a":1,"k":[{"i":{"x":[0.667],"y":[1]},"o":{"x":[0.333],"y":[0]},"t":27.5,"s":[6.35]},{"i":{"x":[0.667],"y":[1]},"o":{"x":[0.167],"y":[0]},"t":35,"s":[38.35]},{"i":{"x":[0.667],"y":[1]},"o":{"x":[0.333],"y":[0]},"t":55,"s":[38.35]},{"i":{"x":[0.667],"y":[1]},"o":{"x":[0.333],"y":[0]},"t":62.5,"s":[-25.65]},{"i":{"x":[0.833],"y":[0.833]},"o":{"x":[0.333],"y":[0]},"t":92.5,"s":[-25.65]},{"t":97.5,"s":[6.35]}],"ix":3},"y":{"a":0,"k":-6.89,"ix":4}},"a":{"a":0,"k":[294.85,97.81,0],"ix":1,"l":2},"s":{"a":0,"k":[100,100,100],"ix":6,"l":2}},"ao":0,"shapes":[{"ty":"gr","it":[{"ind":0,"ty":"sh","ix":1,"ks":{"a":1,"k":[{"i":{"x":0.833,"y":1},"o":{"x":0.333,"y":0},"t":27.5,"s":[{"i":[[2.72,-28.801],[22.88,14.399],[13.04,1.361],[14.239,-0.24],[28.64,-0.641],[0,0],[0,0],[28.64,1.12],[12.48,-1.28],[11.119,-7.521],[2.72,-28.721],[-24,19.12],[-15.28,3.04],[0,0],[-28.64,0.64],[0,0],[0,0],[-28.639,-1.12],[0,0],[-11.84,-9.679]],"o":[[-2.72,-28.721],[-11.2,-7.441],[-12.481,-1.28],[-28.64,1.12],[0,0],[0,0],[-28.641,-0.641],[-14.24,-0.24],[-13.04,1.361],[-22.881,14.399],[-2.72,-28.721],[11.84,-9.679],[0,0],[28.64,-1.12],[0,0],[0,0],[28.641,0.64],[0,0],[15.281,3.04],[23.92,19.12]],"v":[[291.88,51.8],[250.84,-17.32],[213.8,-30.76],[172.12,-30.439],[86.12,-28.439],[-0.04,-27.8],[-86.04,-28.439],[-172.04,-30.439],[-213.72,-30.76],[-250.76,-17.32],[-291.88,51.8],[-257.72,-26.84],[-216.2,-46.279],[-171.96,-49.16],[-85.96,-51.16],[0.039,-51.8],[86.039,-51.16],[172.039,-49.16],[216.279,-46.279],[257.8,-26.84]],"c":true}]},{"i":{"x":0.833,"y":1},"o":{"x":0.333,"y":0},"t":35,"s":[{"i":[[4.803,-28.528],[21.775,16.022],[12.911,2.281],[14.219,0.794],[28.611,1.439],[59.69,-0.549],[0,0],[28.652,-0.757],[12.366,-2.116],[10.603,-8.233],[0.834,-28.837],[-22.697,20.65],[-15.048,4.034],[0,0],[-28.537,2.513],[-60.611,0.549],[0,0],[-28.482,-3.195],[0,0],[-11.106,-10.513]],"o":[[-0.629,-28.843],[-10.631,-8.234],[-12.355,-2.182],[-28.646,-0.961],[0,0],[-53.331,0.491],[-28.622,1.235],[-14.225,0.693],[-12.923,2.212],[-21.89,15.866],[-4.594,-28.481],[11.181,-10.433],[0,0],[28.505,-2.992],[0,0],[60.611,-0.549],[28.519,2.717],[0,0],[15.02,4.141],[22.469,20.806]],"v":[[291.197,51.156],[255.281,-20.76],[219.315,-36.854],[177.721,-44.559],[101.803,-48.805],[-0.04,-50.8],[-101.141,-48.102],[-177.087,-44.469],[-218.699,-37.062],[-254.78,-21.225],[-291.288,50.438],[-262.348,-30.27],[-222.189,-52.385],[-178.233,-63.154],[-102.548,-70.779],[0.039,-74.8],[103.371,-71.471],[178.999,-63.235],[222.913,-52.152],[262.914,-29.751]],"c":true}]},{"i":{"x":0.833,"y":0.833},"o":{"x":0.333,"y":0},"t":92.5,"s":[{"i":[[4.803,-28.528],[21.775,16.022],[12.911,2.281],[14.219,0.794],[28.611,1.439],[59.69,-0.549],[0,0],[28.652,-0.757],[12.366,-2.116],[10.603,-8.233],[0.834,-28.837],[-22.697,20.65],[-15.048,4.034],[0,0],[-28.537,2.513],[-60.611,0.549],[0,0],[-28.482,-3.195],[0,0],[-11.106,-10.513]],"o":[[-0.629,-28.843],[-10.631,-8.234],[-12.355,-2.182],[-28.646,-0.961],[0,0],[-53.331,0.491],[-28.622,1.235],[-14.225,0.693],[-12.923,2.212],[-21.89,15.866],[-4.594,-28.481],[11.181,-10.433],[0,0],[28.505,-2.992],[0,0],[60.611,-0.549],[28.519,2.717],[0,0],[15.02,4.141],[22.469,20.806]],"v":[[291.197,51.156],[255.281,-20.76],[219.315,-36.854],[177.721,-44.559],[101.803,-48.805],[-0.04,-50.8],[-101.141,-48.102],[-177.087,-44.469],[-218.699,-37.062],[-254.78,-21.225],[-291.288,50.438],[-262.348,-30.27],[-222.189,-52.385],[-178.233,-63.154],[-102.548,-70.779],[0.039,-74.8],[103.371,-71.471],[178.999,-63.235],[222.913,-52.152],[262.914,-29.751]],"c":true}]},{"i":{"x":0,"y":1},"o":{"x":0.167,"y":0.167},"t":95,"s":[{"i":[[3.932,-28.642],[22.237,15.343],[12.965,1.896],[14.227,0.362],[28.623,0.57],[34.746,-0.32],[0,0],[28.647,0.027],[12.413,-1.767],[10.819,-7.935],[1.622,-28.789],[-23.242,20.011],[-15.145,3.618],[0,0],[-28.58,1.73],[-35.282,0.32],[0,0],[-28.548,-2.328],[0,0],[-11.413,-10.164]],"o":[[-1.503,-28.792],[-10.869,-7.903],[-12.408,-1.805],[-28.643,-0.092],[0,0],[-31.044,0.286],[-28.63,0.451],[-14.231,0.303],[-12.972,1.856],[-22.304,15.253],[-3.811,-28.582],[11.456,-10.118],[0,0],[28.562,-2.21],[0,0],[35.282,-0.32],[28.57,1.849],[0,0],[15.129,3.681],[23.076,20.101]],"v":[[291.483,51.425],[253.425,-19.322],[217.01,-34.307],[175.38,-38.658],[95.249,-40.294],[-0.04,-41.189],[-94.83,-39.885],[-174.978,-38.606],[-216.618,-34.428],[-253.1,-19.593],[-291.535,51.007],[-260.414,-28.837],[-219.686,-49.834],[-175.611,-57.306],[-95.616,-62.58],[0.039,-65.189],[96.128,-62.983],[176.09,-57.353],[220.141,-49.698],[260.777,-28.535]],"c":true}]},{"t":107.5,"s":[{"i":[[2.72,-28.801],[22.88,14.399],[13.04,1.361],[14.239,-0.24],[28.64,-0.641],[0,0],[0,0],[28.64,1.12],[12.48,-1.28],[11.119,-7.521],[2.72,-28.721],[-24,19.12],[-15.28,3.04],[0,0],[-28.64,0.64],[0,0],[0,0],[-28.639,-1.12],[0,0],[-11.84,-9.679]],"o":[[-2.72,-28.721],[-11.2,-7.441],[-12.481,-1.28],[-28.64,1.12],[0,0],[0,0],[-28.641,-0.641],[-14.24,-0.24],[-13.04,1.361],[-22.881,14.399],[-2.72,-28.721],[11.84,-9.679],[0,0],[28.64,-1.12],[0,0],[0,0],[28.641,0.64],[0,0],[15.281,3.04],[23.92,19.12]],"v":[[291.88,51.8],[250.84,-17.32],[213.8,-30.76],[172.12,-30.439],[86.12,-28.439],[-0.04,-27.8],[-86.04,-28.439],[-172.04,-30.439],[-213.72,-30.76],[-250.76,-17.32],[-291.88,51.8],[-257.72,-26.84],[-216.2,-46.279],[-171.96,-49.16],[-85.96,-51.16],[0.039,-51.8],[86.039,-51.16],[172.039,-49.16],[216.279,-46.279],[257.8,-26.84]],"c":true}]}],"ix":2},"nm":"Path 1","mn":"ADBE Vector Shape - Group","hd":false},{"ty":"fl","c":{"a":0,"k":[0.870999983245,0.451000019148,0.128999986836,1],"ix":4},"o":{"a":0,"k":100,"ix":5},"r":1,"bm":0,"nm":"Fill 1","mn":"ADBE Vector Graphic - Fill","hd":false},{"ty":"tr","p":{"a":0,"k":[294.85,52.05],"ix":2},"a":{"a":0,"k":[0,0],"ix":1},"s":{"a":0,"k":[100,100],"ix":3},"r":{"a":0,"k":0,"ix":6},"o":{"a":0,"k":100,"ix":7},"sk":{"a":0,"k":0,"ix":4},"sa":{"a":0,"k":0,"ix":5},"nm":"Transform"}],"nm":"Group 1","np":2,"cix":2,"bm":0,"ix":1,"mn":"ADBE Vector Group","hd":false},{"ty":"gr","it":[{"ind":0,"ty":"sh","ix":1,"ks":{"a":1,"k":[{"i":{"x":0.833,"y":1},"o":{"x":0.333,"y":0},"t":27.5,"s":[{"i":[[-50.56,0],[-138,0.67],[0,0],[0,50.56],[50.56,0],[0,0],[0,-50.56]],"o":[[0,0],[138,-0.67],[50.56,0],[0,-50.56],[0,0],[-50.56,0],[-0.08,50.56]],"v":[[-200.32,91.52],[-1.31,91.52],[200.4,91.52],[291.92,0],[200.4,-91.52],[-200.32,-91.52],[-291.84,0]],"c":true}]},{"i":{"x":0.833,"y":1},"o":{"x":0.333,"y":0},"t":35,"s":[{"i":[[-43.157,-2.234],[-94.878,-0.947],[-39.62,1.361],[-3.669,50.427],[54.771,13.755],[118.604,-18.474],[-3.309,-50.452]],"o":[[55.624,2.879],[94.878,0.947],[62.373,-2.142],[3.669,-50.427],[-93.91,-23.585],[-55.381,8.626],[3.229,50.457]],"v":[[-203.934,73.971],[8.813,67.107],[203.317,73.992],[291.237,-0.645],[206.6,-98.565],[-205.914,-98.676],[-291.248,-1.362]],"c":true}]},{"i":{"x":0.833,"y":0.833},"o":{"x":0.333,"y":0},"t":92.5,"s":[{"i":[[-43.157,-2.234],[-94.878,-0.947],[-39.62,1.361],[-3.669,50.427],[54.771,13.755],[118.604,-18.474],[-3.309,-50.452]],"o":[[55.624,2.879],[94.878,0.947],[62.373,-2.142],[3.669,-50.427],[-93.91,-23.585],[-55.381,8.626],[3.229,50.457]],"v":[[-203.934,73.971],[8.813,67.107],[203.317,73.992],[291.237,-0.645],[206.6,-98.565],[-205.914,-98.676],[-291.248,-1.362]],"c":true}]},{"i":{"x":0,"y":1},"o":{"x":0.167,"y":0.167},"t":95,"s":[{"i":[[-46.251,-1.3],[-112.898,-0.271],[-23.063,0.792],[-2.136,50.482],[53.011,8.007],[69.04,-10.754],[-1.926,-50.497]],"o":[[32.379,1.676],[112.898,0.271],[57.437,-1.247],[2.136,-50.482],[-54.666,-13.729],[-53.366,5.021],[1.846,50.5]],"v":[[-202.424,81.305],[4.582,77.309],[202.098,81.317],[291.522,-0.375],[204.009,-95.621],[-203.576,-95.686],[-291.495,-0.793]],"c":true}]},{"t":107.5,"s":[{"i":[[-50.56,0],[0,0],[0,0],[0,50.56],[50.56,0],[0,0],[0,-50.56]],"o":[[0,0],[0,0],[50.56,0],[0,-50.56],[0,0],[-50.56,0],[-0.08,50.56]],"v":[[-200.32,91.52],[-1.985,91.52],[200.4,91.52],[291.92,0],[200.4,-91.52],[-200.32,-91.52],[-291.84,0]],"c":true}]}],"ix":2},"nm":"Path 1","mn":"ADBE Vector Shape - Group","hd":false},{"ty":"tr","p":{"a":0,"k":[294.81,103.85],"ix":2},"a":{"a":0,"k":[0,0],"ix":1},"s":{"a":0,"k":[100,100],"ix":3},"r":{"a":0,"k":0,"ix":6},"o":{"a":0,"k":100,"ix":7},"sk":{"a":0,"k":0,"ix":4},"sa":{"a":0,"k":0,"ix":5},"nm":"Transform"}],"nm":"Group 8","np":2,"cix":2,"bm":0,"ix":2,"mn":"ADBE Vector Group","hd":false}],"ip":0,"op":177,"st":0,"bm":0},{"ddd":0,"ind":7,"ty":4,"nm":"mouth matte","parent":6,"td":1,"sr":1,"ks":{"o":{"a":0,"k":100,"ix":11},"r":{"a":0,"k":0,"ix":10},"p":{"a":0,"k":[294.85,97.81,0],"ix":2,"l":2},"a":{"a":0,"k":[294.85,97.81,0],"ix":1,"l":2},"s":{"a":0,"k":[100,100,100],"ix":6,"l":2}},"ao":0,"shapes":[{"ty":"gr","it":[{"ind":0,"ty":"sh","ix":1,"ks":{"a":1,"k":[{"i":{"x":0.833,"y":1},"o":{"x":0.333,"y":0},"t":27.5,"s":[{"i":[[-50.56,0],[-138,0.67],[0,0],[0,50.56],[50.56,0],[0,0],[0,-50.56]],"o":[[0,0],[138,-0.67],[50.56,0],[0,-50.56],[0,0],[-50.56,0],[-0.08,50.56]],"v":[[-200.32,91.52],[-1.31,91.52],[200.4,91.52],[291.92,0],[200.4,-91.52],[-200.32,-91.52],[-291.84,0]],"c":true}]},{"i":{"x":0.833,"y":1},"o":{"x":0.333,"y":0},"t":35,"s":[{"i":[[-43.157,-2.234],[-94.878,-0.947],[-39.62,1.361],[-3.669,50.427],[54.771,13.755],[118.604,-18.474],[-3.309,-50.452]],"o":[[55.624,2.879],[94.878,0.947],[62.373,-2.142],[3.669,-50.427],[-93.91,-23.585],[-55.381,8.626],[3.229,50.457]],"v":[[-203.934,73.971],[8.813,67.107],[203.317,73.992],[291.237,-0.645],[206.6,-98.565],[-205.914,-98.676],[-291.248,-1.362]],"c":true}]},{"i":{"x":0.833,"y":0.833},"o":{"x":0.333,"y":0},"t":92.5,"s":[{"i":[[-43.157,-2.234],[-94.878,-0.947],[-39.62,1.361],[-3.669,50.427],[54.771,13.755],[118.604,-18.474],[-3.309,-50.452]],"o":[[55.624,2.879],[94.878,0.947],[62.373,-2.142],[3.669,-50.427],[-93.91,-23.585],[-55.381,8.626],[3.229,50.457]],"v":[[-203.934,73.971],[8.813,67.107],[203.317,73.992],[291.237,-0.645],[206.6,-98.565],[-205.914,-98.676],[-291.248,-1.362]],"c":true}]},{"i":{"x":0,"y":1},"o":{"x":0.167,"y":0.167},"t":95,"s":[{"i":[[-46.251,-1.3],[-112.898,-0.271],[-23.063,0.792],[-2.136,50.482],[53.011,8.007],[69.04,-10.754],[-1.926,-50.497]],"o":[[32.379,1.676],[112.898,0.271],[57.437,-1.247],[2.136,-50.482],[-54.666,-13.729],[-53.366,5.021],[1.846,50.5]],"v":[[-202.424,81.305],[4.582,77.309],[202.098,81.317],[291.523,-0.375],[204.009,-95.621],[-203.576,-95.686],[-291.495,-0.793]],"c":true}]},{"t":107.5,"s":[{"i":[[-50.56,0],[0,0],[0,0],[0,50.56],[50.56,0],[0,0],[0,-50.56]],"o":[[0,0],[0,0],[50.56,0],[0,-50.56],[0,0],[-50.56,0],[-0.08,50.56]],"v":[[-200.32,91.52],[-1.985,91.52],[200.4,91.52],[291.92,0],[200.4,-91.52],[-200.32,-91.52],[-291.84,0]],"c":true}]}],"ix":2},"nm":"Path 1","mn":"ADBE Vector Shape - Group","hd":false},{"ty":"fl","c":{"a":0,"k":[1,1,1,1],"ix":4},"o":{"a":0,"k":100,"ix":5},"r":1,"bm":0,"nm":"Fill 1","mn":"ADBE Vector Graphic - Fill","hd":false},{"ty":"tr","p":{"a":0,"k":[294.81,103.85],"ix":2},"a":{"a":0,"k":[0,0],"ix":1},"s":{"a":0,"k":[100,100],"ix":3},"r":{"a":0,"k":0,"ix":6},"o":{"a":0,"k":100,"ix":7},"sk":{"a":0,"k":0,"ix":4},"sa":{"a":0,"k":0,"ix":5},"nm":"Transform"}],"nm":"Group 8","np":2,"cix":2,"bm":0,"ix":1,"mn":"ADBE Vector Group","hd":false}],"ip":0,"op":177,"st":0,"bm":0},{"ddd":0,"ind":8,"ty":4,"nm":"mouth teeth","parent":6,"tt":1,"sr":1,"ks":{"o":{"a":0,"k":100,"ix":11},"r":{"a":0,"k":0,"ix":10},"p":{"a":0,"k":[294.85,97.81,0],"ix":2,"l":2},"a":{"a":0,"k":[294.85,97.81,0],"ix":1,"l":2},"s":{"a":0,"k":[100,100,100],"ix":6,"l":2}},"ao":0,"shapes":[{"ty":"gr","it":[{"ind":0,"ty":"sh","ix":1,"ks":{"a":1,"k":[{"i":{"x":0.667,"y":1},"o":{"x":0.333,"y":0},"t":27.5,"s":[{"i":[[0,0],[0,0],[0,0],[0,0]],"o":[[0,0],[0,0],[0,0],[0,0]],"v":[[-12.8,-101.56],[12.8,-101.56],[12.8,101.56],[-12.8,101.56]],"c":true}]},{"i":{"x":0.667,"y":1},"o":{"x":0.333,"y":0},"t":35,"s":[{"i":[[0,0],[0,0],[0,0],[0,0]],"o":[[0,0],[0,0],[0,0],[0,0]],"v":[[19.2,-111.56],[44.8,-111.56],[44.8,111.56],[19.2,111.56]],"c":true}]},{"i":{"x":0.667,"y":1},"o":{"x":0.333,"y":0},"t":55,"s":[{"i":[[0,0],[0,0],[0,0],[0,0]],"o":[[0,0],[0,0],[0,0],[0,0]],"v":[[19.2,-101.56],[44.8,-101.56],[44.8,101.56],[19.2,101.56]],"c":true}]},{"i":{"x":0.667,"y":1},"o":{"x":0.333,"y":0},"t":62.5,"s":[{"i":[[0,0],[0,0],[0,0],[0,0]],"o":[[0,0],[0,0],[0,0],[0,0]],"v":[[-20.8,-101.56],[4.8,-101.56],[4.8,101.56],[-20.8,101.56]],"c":true}]},{"i":{"x":0,"y":1},"o":{"x":0.333,"y":0},"t":92.5,"s":[{"i":[[0,0],[0,0],[0,0],[0,0]],"o":[[0,0],[0,0],[0,0],[0,0]],"v":[[-20.8,-101.56],[4.8,-101.56],[4.8,101.56],[-20.8,101.56]],"c":true}]},{"i":{"x":0.667,"y":1},"o":{"x":0.333,"y":0},"t":95,"s":[{"i":[[0,0],[0,0],[0,0],[0,0]],"o":[[0,0],[0,0],[0,0],[0,0]],"v":[[-12.8,-101.56],[12.8,-101.56],[12.8,101.56],[-12.8,101.56]],"c":true}]},{"t":100,"s":[{"i":[[0,0],[0,0],[0,0],[0,0]],"o":[[0,0],[0,0],[0,0],[0,0]],"v":[[-12.8,-101.56],[12.8,-101.56],[12.8,101.56],[-12.8,101.56]],"c":true}]}],"ix":2},"nm":"Path 1","mn":"ADBE Vector Shape - Group","hd":false},{"ty":"fl","c":{"a":0,"k":[0.702000038297,0.702000038297,0.702000038297,1],"ix":4},"o":{"a":0,"k":100,"ix":5},"r":1,"bm":0,"nm":"Fill 1","mn":"ADBE Vector Graphic - Fill","hd":false},{"ty":"tr","p":{"a":0,"k":[398.17,103.811],"ix":2},"a":{"a":0,"k":[0,0],"ix":1},"s":{"a":0,"k":[100,100],"ix":3},"r":{"a":0,"k":0,"ix":6},"o":{"a":0,"k":100,"ix":7},"sk":{"a":0,"k":0,"ix":4},"sa":{"a":0,"k":0,"ix":5},"nm":"Transform"}],"nm":"Group 2","np":2,"cix":2,"bm":0,"ix":1,"mn":"ADBE Vector Group","hd":false},{"ty":"gr","it":[{"ind":0,"ty":"sh","ix":1,"ks":{"a":1,"k":[{"i":{"x":0.667,"y":1},"o":{"x":0.333,"y":0},"t":27.5,"s":[{"i":[[0,0],[0,0],[0,0],[0,0]],"o":[[0,0],[0,0],[0,0],[0,0]],"v":[[-12.8,-101.56],[12.8,-101.56],[12.8,101.56],[-12.8,101.56]],"c":true}]},{"i":{"x":0.667,"y":1},"o":{"x":0.333,"y":0},"t":35,"s":[{"i":[[0,0],[0,0],[0,0],[0,0]],"o":[[0,0],[0,0],[0,0],[0,0]],"v":[[11.2,-111.56],[36.8,-111.56],[36.8,111.56],[11.2,111.56]],"c":true}]},{"i":{"x":0.667,"y":1},"o":{"x":0.333,"y":0},"t":55,"s":[{"i":[[0,0],[0,0],[0,0],[0,0]],"o":[[0,0],[0,0],[0,0],[0,0]],"v":[[11.2,-101.56],[36.8,-101.56],[36.8,101.56],[11.2,101.56]],"c":true}]},{"i":{"x":0.667,"y":1},"o":{"x":0.333,"y":0},"t":62.5,"s":[{"i":[[0,0],[0,0],[0,0],[0,0]],"o":[[0,0],[0,0],[0,0],[0,0]],"v":[[-26.8,-101.56],[-1.2,-101.56],[-1.2,101.56],[-26.8,101.56]],"c":true}]},{"i":{"x":0,"y":1},"o":{"x":0.333,"y":0},"t":92.5,"s":[{"i":[[0,0],[0,0],[0,0],[0,0]],"o":[[0,0],[0,0],[0,0],[0,0]],"v":[[-26.8,-101.56],[-1.2,-101.56],[-1.2,101.56],[-26.8,101.56]],"c":true}]},{"i":{"x":0.667,"y":1},"o":{"x":0.333,"y":0},"t":95,"s":[{"i":[[0,0],[0,0],[0,0],[0,0]],"o":[[0,0],[0,0],[0,0],[0,0]],"v":[[-12.8,-101.56],[12.8,-101.56],[12.8,101.56],[-12.8,101.56]],"c":true}]},{"t":100,"s":[{"i":[[0,0],[0,0],[0,0],[0,0]],"o":[[0,0],[0,0],[0,0],[0,0]],"v":[[-12.8,-101.56],[12.8,-101.56],[12.8,101.56],[-12.8,101.56]],"c":true}]}],"ix":2},"nm":"Path 1","mn":"ADBE Vector Shape - Group","hd":false},{"ty":"fl","c":{"a":0,"k":[0.702000038297,0.702000038297,0.702000038297,1],"ix":4},"o":{"a":0,"k":100,"ix":5},"r":1,"bm":0,"nm":"Fill 1","mn":"ADBE Vector Graphic - Fill","hd":false},{"ty":"tr","p":{"a":0,"k":[187.53,103.811],"ix":2},"a":{"a":0,"k":[0,0],"ix":1},"s":{"a":0,"k":[100,100],"ix":3},"r":{"a":0,"k":0,"ix":6},"o":{"a":0,"k":100,"ix":7},"sk":{"a":0,"k":0,"ix":4},"sa":{"a":0,"k":0,"ix":5},"nm":"Transform"}],"nm":"Group 3","np":2,"cix":2,"bm":0,"ix":2,"mn":"ADBE Vector Group","hd":false},{"ty":"gr","it":[{"ind":0,"ty":"sh","ix":1,"ks":{"a":1,"k":[{"i":{"x":0.667,"y":1},"o":{"x":0.333,"y":0},"t":27.5,"s":[{"i":[[0,0],[8,-2.321],[0,0],[-8.72,0],[0,0],[0,0]],"o":[[-8.72,0],[0,0],[8,2.319],[0,0],[0,0],[0,0]],"v":[[12.32,-101.56],[-12.8,-97.959],[-12.8,97.961],[12.32,101.56],[12.8,101.56],[12.8,-101.56]],"c":true}]},{"i":{"x":0.667,"y":1},"o":{"x":0.333,"y":0},"t":35,"s":[{"i":[[0,0],[8,-2.321],[0,0],[-8.72,0],[0,0],[0,0]],"o":[[-8.72,0],[0,0],[8,2.319],[0,0],[0,0],[0,0]],"v":[[24.32,-111.56],[-0.8,-107.959],[-0.8,107.961],[24.32,111.56],[24.8,111.56],[24.8,-111.56]],"c":true}]},{"i":{"x":0.667,"y":1},"o":{"x":0.333,"y":0},"t":55,"s":[{"i":[[0,0],[8,-2.321],[0,0],[-8.72,0],[0,0],[0,0]],"o":[[-8.72,0],[0,0],[8,2.319],[0,0],[0,0],[0,0]],"v":[[24.32,-101.56],[-0.8,-97.959],[-0.8,97.961],[24.32,101.56],[24.8,101.56],[24.8,-101.56]],"c":true}]},{"i":{"x":0.667,"y":1},"o":{"x":0.333,"y":0},"t":62.5,"s":[{"i":[[0,0],[8,-2.321],[0,0],[-8.72,0],[0,0],[0,0]],"o":[[-8.72,0],[0,0],[8,2.319],[0,0],[0,0],[0,0]],"v":[[10.32,-101.56],[-14.8,-97.959],[-14.8,97.961],[10.32,101.56],[10.8,101.56],[10.8,-101.56]],"c":true}]},{"i":{"x":0,"y":1},"o":{"x":0.333,"y":0},"t":92.5,"s":[{"i":[[0,0],[8,-2.321],[0,0],[-8.72,0],[0,0],[0,0]],"o":[[-8.72,0],[0,0],[8,2.319],[0,0],[0,0],[0,0]],"v":[[10.32,-101.56],[-14.8,-97.959],[-14.8,97.961],[10.32,101.56],[10.8,101.56],[10.8,-101.56]],"c":true}]},{"i":{"x":0.667,"y":1},"o":{"x":0.333,"y":0},"t":95,"s":[{"i":[[0,0],[8,-2.321],[0,0],[-8.72,0],[0,0],[0,0]],"o":[[-8.72,0],[0,0],[8,2.319],[0,0],[0,0],[0,0]],"v":[[12.32,-101.56],[-12.8,-97.959],[-12.8,97.961],[12.32,101.56],[12.8,101.56],[12.8,-101.56]],"c":true}]},{"t":100,"s":[{"i":[[0,0],[8,-2.321],[0,0],[-8.72,0],[0,0],[0,0]],"o":[[-8.72,0],[0,0],[8,2.319],[0,0],[0,0],[0,0]],"v":[[12.32,-101.56],[-12.8,-97.959],[-12.8,97.961],[12.32,101.56],[12.8,101.56],[12.8,-101.56]],"c":true}]}],"ix":2},"nm":"Path 1","mn":"ADBE Vector Shape - Group","hd":false},{"ty":"fl","c":{"a":0,"k":[0.702000038297,0.702000038297,0.702000038297,1],"ix":4},"o":{"a":0,"k":100,"ix":5},"r":1,"bm":0,"nm":"Fill 1","mn":"ADBE Vector Graphic - Fill","hd":false},{"ty":"tr","p":{"a":0,"k":[82.17,103.81],"ix":2},"a":{"a":0,"k":[0,0],"ix":1},"s":{"a":0,"k":[100,100],"ix":3},"r":{"a":0,"k":0,"ix":6},"o":{"a":0,"k":100,"ix":7},"sk":{"a":0,"k":0,"ix":4},"sa":{"a":0,"k":0,"ix":5},"nm":"Transform"}],"nm":"Group 4","np":2,"cix":2,"bm":0,"ix":3,"mn":"ADBE Vector Group","hd":false},{"ty":"gr","it":[{"ind":0,"ty":"sh","ix":1,"ks":{"a":1,"k":[{"i":{"x":0.667,"y":1},"o":{"x":0.333,"y":0},"t":27.5,"s":[{"i":[[0,0],[0,0],[0,0],[0,0]],"o":[[0,0],[0,0],[0,0],[0,0]],"v":[[-12.8,-101.56],[12.8,-101.56],[12.8,101.56],[-12.8,101.56]],"c":true}]},{"i":{"x":0.667,"y":1},"o":{"x":0.333,"y":0},"t":35,"s":[{"i":[[0,0],[0,0],[0,0],[0,0]],"o":[[0,0],[0,0],[0,0],[0,0]],"v":[[17.2,-111.56],[42.8,-111.56],[42.8,111.56],[17.2,111.56]],"c":true}]},{"i":{"x":0.667,"y":1},"o":{"x":0.333,"y":0},"t":55,"s":[{"i":[[0,0],[0,0],[0,0],[0,0]],"o":[[0,0],[0,0],[0,0],[0,0]],"v":[[17.2,-101.56],[42.8,-101.56],[42.8,101.56],[17.2,101.56]],"c":true}]},{"i":{"x":0.667,"y":1},"o":{"x":0.333,"y":0},"t":62.5,"s":[{"i":[[0,0],[0,0],[0,0],[0,0]],"o":[[0,0],[0,0],[0,0],[0,0]],"v":[[-24.8,-101.56],[0.8,-101.56],[0.8,101.56],[-24.8,101.56]],"c":true}]},{"i":{"x":0.667,"y":1},"o":{"x":0.333,"y":0},"t":92.5,"s":[{"i":[[0,0],[0,0],[0,0],[0,0]],"o":[[0,0],[0,0],[0,0],[0,0]],"v":[[-24.8,-101.56],[0.8,-101.56],[0.8,101.56],[-24.8,101.56]],"c":true}]},{"t":100,"s":[{"i":[[0,0],[0,0],[0,0],[0,0]],"o":[[0,0],[0,0],[0,0],[0,0]],"v":[[-12.8,-101.56],[12.8,-101.56],[12.8,101.56],[-12.8,101.56]],"c":true}]}],"ix":2},"nm":"Path 1","mn":"ADBE Vector Shape - Group","hd":false},{"ty":"fl","c":{"a":0,"k":[0.702000038297,0.702000038297,0.702000038297,1],"ix":4},"o":{"a":0,"k":100,"ix":5},"r":1,"bm":0,"nm":"Fill 1","mn":"ADBE Vector Graphic - Fill","hd":false},{"ty":"tr","p":{"a":0,"k":[292.89,103.811],"ix":2},"a":{"a":0,"k":[0,0],"ix":1},"s":{"a":0,"k":[100,100],"ix":3},"r":{"a":0,"k":0,"ix":6},"o":{"a":0,"k":100,"ix":7},"sk":{"a":0,"k":0,"ix":4},"sa":{"a":0,"k":0,"ix":5},"nm":"Transform"}],"nm":"Group 5","np":2,"cix":2,"bm":0,"ix":4,"mn":"ADBE Vector Group","hd":false},{"ty":"gr","it":[{"ind":0,"ty":"sh","ix":1,"ks":{"a":1,"k":[{"i":{"x":0.667,"y":1},"o":{"x":0.333,"y":0},"t":27.5,"s":[{"i":[[7.36,0],[0,0],[0,0],[0,0],[-6.8,1.599],[0,0]],"o":[[0,0],[0,0],[0,0],[7.28,0],[0,0],[-6.8,-1.601]],"v":[[-8.4,-101.56],[-12.8,-101.56],[-12.8,101.56],[-8.4,101.56],[12.799,99.001],[12.799,-98.999]],"c":true}]},{"i":{"x":0.667,"y":1},"o":{"x":0.333,"y":0},"t":35,"s":[{"i":[[7.36,0],[0,0],[0,0],[0,0],[-6.8,1.599],[0,0]],"o":[[0,0],[0,0],[0,0],[7.28,0],[0,0],[-6.8,-1.601]],"v":[[15.6,-111.56],[11.2,-111.56],[11.2,111.56],[15.6,111.56],[36.8,109.001],[36.8,-108.999]],"c":true}]},{"i":{"x":0.667,"y":1},"o":{"x":0.333,"y":0},"t":55,"s":[{"i":[[7.36,0],[0,0],[0,0],[0,0],[-6.8,1.599],[0,0]],"o":[[0,0],[0,0],[0,0],[7.28,0],[0,0],[-6.8,-1.601]],"v":[[15.6,-101.56],[11.201,-101.56],[11.201,101.56],[15.6,101.56],[36.799,99.001],[36.799,-98.999]],"c":true}]},{"i":{"x":0.667,"y":1},"o":{"x":0.333,"y":0},"t":62.5,"s":[{"i":[[7.36,0],[0,0],[0,0],[0,0],[-6.8,1.599],[0,0]],"o":[[0,0],[0,0],[0,0],[7.28,0],[0,0],[-6.8,-1.601]],"v":[[-22.4,-101.56],[-26.8,-101.56],[-26.8,101.56],[-22.4,101.56],[-1.2,99.001],[-1.2,-98.999]],"c":true}]},{"i":{"x":0.667,"y":1},"o":{"x":0.333,"y":0},"t":92.5,"s":[{"i":[[7.36,0],[0,0],[0,0],[0,0],[-6.8,1.599],[0,0]],"o":[[0,0],[0,0],[0,0],[7.28,0],[0,0],[-6.8,-1.601]],"v":[[-22.4,-101.56],[-26.799,-101.56],[-26.799,101.56],[-22.4,101.56],[-1.2,99.001],[-1.2,-98.999]],"c":true}]},{"t":100,"s":[{"i":[[7.36,0],[0,0],[0,0],[0,0],[-6.8,1.599],[0,0]],"o":[[0,0],[0,0],[0,0],[7.28,0],[0,0],[-6.8,-1.601]],"v":[[-8.4,-101.56],[-12.8,-101.56],[-12.8,101.56],[-8.4,101.56],[12.799,99.001],[12.799,-98.999]],"c":true}]}],"ix":2},"nm":"Path 1","mn":"ADBE Vector Shape - Group","hd":false},{"ty":"fl","c":{"a":0,"k":[0.702000038297,0.702000038297,0.702000038297,1],"ix":4},"o":{"a":0,"k":100,"ix":5},"r":1,"bm":0,"nm":"Fill 1","mn":"ADBE Vector Graphic - Fill","hd":false},{"ty":"tr","p":{"a":0,"k":[503.53,103.81],"ix":2},"a":{"a":0,"k":[0,0],"ix":1},"s":{"a":0,"k":[100,100],"ix":3},"r":{"a":0,"k":0,"ix":6},"o":{"a":0,"k":100,"ix":7},"sk":{"a":0,"k":0,"ix":4},"sa":{"a":0,"k":0,"ix":5},"nm":"Transform"}],"nm":"Group 6","np":2,"cix":2,"bm":0,"ix":5,"mn":"ADBE Vector Group","hd":false},{"ty":"gr","it":[{"ind":0,"ty":"sh","ix":1,"ks":{"a":1,"k":[{"i":{"x":0.833,"y":0.833},"o":{"x":0.167,"y":0.167},"t":0,"s":[{"i":[[0.8,4.88],[0,0],[0,0],[-1.04,-5.521],[0,0],[0,0]],"o":[[0,0],[0,0],[-0.8,4.88],[0,0],[0,0],[1.04,-5.521]],"v":[[290.56,-16],[40.04,-16],[-290.56,-16],[-290.32,16],[40.056,16],[290.24,16]],"c":true}]},{"i":{"x":0.833,"y":0.833},"o":{"x":0.167,"y":0.167},"t":27.5,"s":[{"i":[[0.8,4.88],[173,-0.11],[0,0],[-1.04,-5.521],[-189.009,0.108],[0,0]],"o":[[0,0],[-168.011,0.107],[-0.8,4.88],[0,0],[193.75,-0.11],[1.04,-5.521]],"v":[[300.56,-16],[-2.31,-16],[-300.56,-16],[-300.32,16],[-2.31,16],[300.24,16]],"c":true}]},{"i":{"x":0.833,"y":0.833},"o":{"x":0.167,"y":0.167},"t":35,"s":[{"i":[[0.8,4.88],[173,-0.11],[0,0],[-1.04,-5.521],[-189.009,0.108],[0,0]],"o":[[0,0],[-168.011,0.107],[-0.8,4.88],[0,0],[193.75,-0.11],[1.04,-5.521]],"v":[[300.56,-14],[27.69,-34],[-300.56,-14],[-300.32,18],[27.69,-2],[300.24,18]],"c":true}]},{"i":{"x":0.833,"y":0.833},"o":{"x":0.167,"y":0.167},"t":55,"s":[{"i":[[0.8,4.88],[173,-0.11],[0,0],[-1.04,-5.521],[-189.009,0.108],[0,0]],"o":[[0,0],[-168.011,0.107],[-0.8,4.88],[0,0],[193.75,-0.11],[1.04,-5.521]],"v":[[300.56,-14],[27.69,-34],[-300.56,-14],[-300.32,18],[27.69,-2],[300.24,18]],"c":true}]},{"i":{"x":0.667,"y":1},"o":{"x":0.167,"y":0.167},"t":62.5,"s":[{"i":[[0.8,4.88],[173,-0.11],[0,0],[-1.04,-5.521],[-189.009,0.108],[0,0]],"o":[[0,0],[-168.011,0.107],[-0.8,4.88],[0,0],[193.75,-0.11],[1.04,-5.521]],"v":[[300.56,-14],[-16.31,-34],[-300.56,-14],[-300.32,18],[-16.31,-2],[300.24,18]],"c":true}]},{"i":{"x":0.833,"y":0.833},"o":{"x":0.333,"y":0},"t":92.5,"s":[{"i":[[0.8,4.88],[173,-0.11],[0,0],[-1.04,-5.521],[-189.009,0.108],[0,0]],"o":[[0,0],[-168.011,0.107],[-0.8,4.88],[0,0],[193.75,-0.11],[1.04,-5.521]],"v":[[300.56,-14],[-16.31,-34],[-300.56,-14],[-300.32,18],[-16.31,-2],[300.24,18]],"c":true}]},{"i":{"x":0.667,"y":1},"o":{"x":0.167,"y":0.167},"t":95,"s":[{"i":[[0.8,4.88],[173,-0.11],[0,0],[-1.04,-5.521],[-189.009,0.108],[0,0]],"o":[[0,0],[-168.011,0.107],[-0.8,4.88],[0,0],[193.75,-0.11],[1.04,-5.521]],"v":[[300.56,-14],[-11.955,-22],[-300.56,-14],[-300.32,18],[-11.955,10],[300.24,18]],"c":true}]},{"t":100,"s":[{"i":[[0.8,4.88],[173,-0.11],[0,0],[-1.04,-5.521],[-189.009,0.108],[0,0]],"o":[[0,0],[-168.011,0.107],[-0.8,4.88],[0,0],[193.75,-0.11],[1.04,-5.521]],"v":[[300.56,-16],[-2.31,-16],[-300.56,-16],[-300.32,16],[-2.31,16],[300.24,16]],"c":true}]}],"ix":2},"nm":"Path 1","mn":"ADBE Vector Shape - Group","hd":false},{"ty":"fl","c":{"a":0,"k":[0.702000038297,0.702000038297,0.702000038297,1],"ix":4},"o":{"a":0,"k":100,"ix":5},"r":1,"bm":0,"nm":"Fill 1","mn":"ADBE Vector Graphic - Fill","hd":false},{"ty":"tr","p":{"a":0,"k":[294.81,104.811],"ix":2},"a":{"a":0,"k":[0,0],"ix":1},"s":{"a":0,"k":[100,100],"ix":3},"r":{"a":0,"k":0,"ix":6},"o":{"a":0,"k":100,"ix":7},"sk":{"a":0,"k":0,"ix":4},"sa":{"a":0,"k":0,"ix":5},"nm":"Transform"}],"nm":"Group 7","np":2,"cix":2,"bm":0,"ix":6,"mn":"ADBE Vector Group","hd":false}],"ip":0,"op":177,"st":0,"bm":0},{"ddd":0,"ind":9,"ty":4,"nm":"mouth shape","parent":5,"sr":1,"ks":{"o":{"a":0,"k":100,"ix":11},"r":{"a":0,"k":0,"ix":10},"p":{"s":true,"x":{"a":1,"k":[{"i":{"x":[0.667],"y":[1]},"o":{"x":[0.333],"y":[0]},"t":27.5,"s":[6.35]},{"i":{"x":[0.667],"y":[1]},"o":{"x":[0.167],"y":[0]},"t":35,"s":[38.35]},{"i":{"x":[0.667],"y":[1]},"o":{"x":[0.333],"y":[0]},"t":55,"s":[38.35]},{"i":{"x":[0.667],"y":[1]},"o":{"x":[0.333],"y":[0]},"t":62.5,"s":[-25.65]},{"i":{"x":[0.833],"y":[0.833]},"o":{"x":[0.333],"y":[0]},"t":92.5,"s":[-25.65]},{"t":97.5,"s":[6.35]}],"ix":3},"y":{"a":0,"k":-6.89,"ix":4}},"a":{"a":0,"k":[294.85,97.81,0],"ix":1,"l":2},"s":{"a":0,"k":[100,100,100],"ix":6,"l":2}},"ao":0,"shapes":[{"ty":"gr","it":[{"ind":0,"ty":"sh","ix":1,"ks":{"a":1,"k":[{"i":{"x":0.833,"y":1},"o":{"x":0.333,"y":0},"t":27.5,"s":[{"i":[[2.72,-28.801],[22.88,14.399],[13.04,1.361],[14.239,-0.24],[28.64,-0.641],[0,0],[0,0],[28.64,1.12],[12.48,-1.28],[11.119,-7.521],[2.72,-28.721],[-24,19.12],[-15.28,3.04],[0,0],[-28.64,0.64],[0,0],[0,0],[-28.639,-1.12],[0,0],[-11.84,-9.679]],"o":[[-2.72,-28.721],[-11.2,-7.441],[-12.481,-1.28],[-28.64,1.12],[0,0],[0,0],[-28.641,-0.641],[-14.24,-0.24],[-13.04,1.361],[-22.881,14.399],[-2.72,-28.721],[11.84,-9.679],[0,0],[28.64,-1.12],[0,0],[0,0],[28.641,0.64],[0,0],[15.281,3.04],[23.92,19.12]],"v":[[291.88,51.8],[250.84,-17.32],[213.8,-30.76],[172.12,-30.439],[86.12,-28.439],[-0.04,-27.8],[-86.04,-28.439],[-172.04,-30.439],[-213.72,-30.76],[-250.76,-17.32],[-291.88,51.8],[-257.72,-26.84],[-216.2,-46.279],[-171.96,-49.16],[-85.96,-51.16],[0.039,-51.8],[86.039,-51.16],[172.039,-49.16],[216.279,-46.279],[257.8,-26.84]],"c":true}]},{"i":{"x":0.833,"y":1},"o":{"x":0.333,"y":0},"t":35,"s":[{"i":[[4.803,-28.528],[21.775,16.022],[12.911,2.281],[14.219,0.794],[28.611,1.439],[59.69,-0.549],[0,0],[28.652,-0.757],[12.366,-2.116],[10.603,-8.233],[0.834,-28.837],[-22.697,20.65],[-15.048,4.034],[0,0],[-28.537,2.513],[-60.611,0.549],[0,0],[-28.482,-3.195],[0,0],[-11.106,-10.513]],"o":[[-0.629,-28.843],[-10.631,-8.234],[-12.355,-2.182],[-28.646,-0.961],[0,0],[-53.331,0.491],[-28.622,1.235],[-14.225,0.693],[-12.923,2.212],[-21.89,15.866],[-4.594,-28.481],[11.181,-10.433],[0,0],[28.505,-2.992],[0,0],[60.611,-0.549],[28.519,2.717],[0,0],[15.02,4.141],[22.469,20.806]],"v":[[291.197,51.156],[255.281,-20.76],[219.315,-36.854],[177.721,-44.559],[101.803,-48.805],[-0.04,-50.8],[-101.141,-48.102],[-177.087,-44.469],[-218.699,-37.062],[-254.78,-21.225],[-291.288,50.438],[-262.348,-30.27],[-222.189,-52.385],[-178.233,-63.154],[-102.548,-70.779],[0.039,-74.8],[103.371,-71.471],[178.999,-63.235],[222.913,-52.152],[262.914,-29.751]],"c":true}]},{"i":{"x":0.833,"y":0.833},"o":{"x":0.333,"y":0},"t":92.5,"s":[{"i":[[4.803,-28.528],[21.775,16.022],[12.911,2.281],[14.219,0.794],[28.611,1.439],[59.69,-0.549],[0,0],[28.652,-0.757],[12.366,-2.116],[10.603,-8.233],[0.834,-28.837],[-22.697,20.65],[-15.048,4.034],[0,0],[-28.537,2.513],[-60.611,0.549],[0,0],[-28.482,-3.195],[0,0],[-11.106,-10.513]],"o":[[-0.629,-28.843],[-10.631,-8.234],[-12.355,-2.182],[-28.646,-0.961],[0,0],[-53.331,0.491],[-28.622,1.235],[-14.225,0.693],[-12.923,2.212],[-21.89,15.866],[-4.594,-28.481],[11.181,-10.433],[0,0],[28.505,-2.992],[0,0],[60.611,-0.549],[28.519,2.717],[0,0],[15.02,4.141],[22.469,20.806]],"v":[[291.197,51.156],[255.281,-20.76],[219.315,-36.854],[177.721,-44.559],[101.803,-48.805],[-0.04,-50.8],[-101.141,-48.102],[-177.087,-44.469],[-218.699,-37.062],[-254.78,-21.225],[-291.288,50.438],[-262.348,-30.27],[-222.189,-52.385],[-178.233,-63.154],[-102.548,-70.779],[0.039,-74.8],[103.371,-71.471],[178.999,-63.235],[222.913,-52.152],[262.914,-29.751]],"c":true}]},{"i":{"x":0,"y":1},"o":{"x":0.167,"y":0.167},"t":95,"s":[{"i":[[3.932,-28.642],[22.237,15.343],[12.965,1.896],[14.227,0.362],[28.623,0.57],[34.746,-0.32],[0,0],[28.647,0.027],[12.413,-1.767],[10.819,-7.935],[1.622,-28.789],[-23.242,20.011],[-15.145,3.618],[0,0],[-28.58,1.73],[-35.282,0.32],[0,0],[-28.548,-2.328],[0,0],[-11.413,-10.164]],"o":[[-1.503,-28.792],[-10.869,-7.903],[-12.408,-1.805],[-28.643,-0.092],[0,0],[-31.044,0.286],[-28.63,0.451],[-14.231,0.303],[-12.972,1.856],[-22.304,15.253],[-3.811,-28.582],[11.456,-10.118],[0,0],[28.562,-2.21],[0,0],[35.282,-0.32],[28.57,1.849],[0,0],[15.129,3.681],[23.076,20.101]],"v":[[291.483,51.425],[253.425,-19.322],[217.01,-34.307],[175.38,-38.658],[95.249,-40.294],[-0.04,-41.189],[-94.83,-39.885],[-174.978,-38.606],[-216.618,-34.428],[-253.1,-19.593],[-291.535,51.007],[-260.414,-28.837],[-219.686,-49.834],[-175.611,-57.306],[-95.616,-62.58],[0.039,-65.189],[96.128,-62.983],[176.09,-57.353],[220.141,-49.698],[260.777,-28.535]],"c":true}]},{"t":107.5,"s":[{"i":[[2.72,-28.801],[22.88,14.399],[13.04,1.361],[14.239,-0.24],[28.64,-0.641],[0,0],[0,0],[28.64,1.12],[12.48,-1.28],[11.119,-7.521],[2.72,-28.721],[-24,19.12],[-15.28,3.04],[0,0],[-28.64,0.64],[0,0],[0,0],[-28.639,-1.12],[0,0],[-11.84,-9.679]],"o":[[-2.72,-28.721],[-11.2,-7.441],[-12.481,-1.28],[-28.64,1.12],[0,0],[0,0],[-28.641,-0.641],[-14.24,-0.24],[-13.04,1.361],[-22.881,14.399],[-2.72,-28.721],[11.84,-9.679],[0,0],[28.64,-1.12],[0,0],[0,0],[28.641,0.64],[0,0],[15.281,3.04],[23.92,19.12]],"v":[[291.88,51.8],[250.84,-17.32],[213.8,-30.76],[172.12,-30.439],[86.12,-28.439],[-0.04,-27.8],[-86.04,-28.439],[-172.04,-30.439],[-213.72,-30.76],[-250.76,-17.32],[-291.88,51.8],[-257.72,-26.84],[-216.2,-46.279],[-171.96,-49.16],[-85.96,-51.16],[0.039,-51.8],[86.039,-51.16],[172.039,-49.16],[216.279,-46.279],[257.8,-26.84]],"c":true}]}],"ix":2},"nm":"Path 1","mn":"ADBE Vector Shape - Group","hd":false},{"ty":"fl","c":{"a":0,"k":[1,1,1,1],"ix":4},"o":{"a":0,"k":100,"ix":5},"r":1,"bm":0,"nm":"Fill 1","mn":"ADBE Vector Graphic - Fill","hd":false},{"ty":"tr","p":{"a":0,"k":[294.85,52.05],"ix":2},"a":{"a":0,"k":[0,0],"ix":1},"s":{"a":0,"k":[100,100],"ix":3},"r":{"a":0,"k":0,"ix":6},"o":{"a":0,"k":100,"ix":7},"sk":{"a":0,"k":0,"ix":4},"sa":{"a":0,"k":0,"ix":5},"nm":"Transform"}],"nm":"Group 1","np":2,"cix":2,"bm":0,"ix":1,"mn":"ADBE Vector Group","hd":false},{"ty":"gr","it":[{"ind":0,"ty":"sh","ix":1,"ks":{"a":1,"k":[{"i":{"x":0.833,"y":1},"o":{"x":0.333,"y":0},"t":27.5,"s":[{"i":[[-50.56,0],[-138,0.67],[0,0],[0,50.56],[50.56,0],[0,0],[0,-50.56]],"o":[[0,0],[138,-0.67],[50.56,0],[0,-50.56],[0,0],[-50.56,0],[-0.08,50.56]],"v":[[-200.32,91.52],[-1.31,91.52],[200.4,91.52],[291.92,0],[200.4,-91.52],[-200.32,-91.52],[-291.84,0]],"c":true}]},{"i":{"x":0.833,"y":1},"o":{"x":0.333,"y":0},"t":35,"s":[{"i":[[-43.157,-2.234],[-94.878,-0.947],[-39.62,1.361],[-3.669,50.427],[54.771,13.755],[118.604,-18.474],[-3.309,-50.452]],"o":[[55.624,2.879],[94.878,0.947],[62.373,-2.142],[3.669,-50.427],[-93.91,-23.585],[-55.381,8.626],[3.229,50.457]],"v":[[-203.934,73.971],[8.813,67.107],[203.317,73.992],[291.237,-0.645],[206.6,-98.565],[-205.914,-98.676],[-291.248,-1.362]],"c":true}]},{"i":{"x":0.833,"y":0.833},"o":{"x":0.333,"y":0},"t":92.5,"s":[{"i":[[-43.157,-2.234],[-94.878,-0.947],[-39.62,1.361],[-3.669,50.427],[54.771,13.755],[118.604,-18.474],[-3.309,-50.452]],"o":[[55.624,2.879],[94.878,0.947],[62.373,-2.142],[3.669,-50.427],[-93.91,-23.585],[-55.381,8.626],[3.229,50.457]],"v":[[-203.934,73.971],[8.813,67.107],[203.317,73.992],[291.237,-0.645],[206.6,-98.565],[-205.914,-98.676],[-291.248,-1.362]],"c":true}]},{"i":{"x":0,"y":1},"o":{"x":0.167,"y":0.167},"t":95,"s":[{"i":[[-46.251,-1.3],[-112.898,-0.271],[-23.063,0.792],[-2.136,50.482],[53.011,8.007],[69.04,-10.754],[-1.926,-50.497]],"o":[[32.379,1.676],[112.898,0.271],[57.437,-1.247],[2.136,-50.482],[-54.666,-13.729],[-53.366,5.021],[1.846,50.5]],"v":[[-202.424,81.305],[4.582,77.309],[202.098,81.317],[291.522,-0.375],[204.009,-95.621],[-203.576,-95.686],[-291.495,-0.793]],"c":true}]},{"t":107.5,"s":[{"i":[[-50.56,0],[0,0],[0,0],[0,50.56],[50.56,0],[0,0],[0,-50.56]],"o":[[0,0],[0,0],[50.56,0],[0,-50.56],[0,0],[-50.56,0],[-0.08,50.56]],"v":[[-200.32,91.52],[-1.985,91.52],[200.4,91.52],[291.92,0],[200.4,-91.52],[-200.32,-91.52],[-291.84,0]],"c":true}]}],"ix":2},"nm":"Path 1","mn":"ADBE Vector Shape - Group","hd":false},{"ty":"fl","c":{"a":0,"k":[1,1,1,1],"ix":4},"o":{"a":0,"k":100,"ix":5},"r":1,"bm":0,"nm":"Fill 1","mn":"ADBE Vector Graphic - Fill","hd":false},{"ty":"tr","p":{"a":0,"k":[294.81,103.85],"ix":2},"a":{"a":0,"k":[0,0],"ix":1},"s":{"a":0,"k":[100,100],"ix":3},"r":{"a":0,"k":0,"ix":6},"o":{"a":0,"k":100,"ix":7},"sk":{"a":0,"k":0,"ix":4},"sa":{"a":0,"k":0,"ix":5},"nm":"Transform"}],"nm":"Group 8","np":2,"cix":2,"bm":0,"ix":2,"mn":"ADBE Vector Group","hd":false}],"ip":0,"op":177,"st":0,"bm":0},{"ddd":0,"ind":10,"ty":4,"nm":"base matte","parent":12,"td":1,"sr":1,"ks":{"o":{"a":0,"k":100,"ix":11},"r":{"a":0,"k":0,"ix":10},"p":{"a":0,"k":[-2,-3,0],"ix":2,"l":2},"a":{"a":0,"k":[0,0,0],"ix":1,"l":2},"s":{"a":0,"k":[100,100,100],"ix":6,"l":2}},"ao":0,"shapes":[{"ty":"gr","it":[{"ind":0,"ty":"sh","ix":1,"ks":{"a":0,"k":{"i":[[15.4,0],[0,38.4],[-27.9,0],[-10.6,-9.3],[0,-16.9],[11.5,-10.2]],"o":[[-27.9,0],[0,-38.4],[15.5,0],[11.5,10.2],[0,16.9],[-10.6,9.3]],"v":[[0,55.9],[-58,0],[0,-55.9],[40.4,-41.5],[58,0],[40.4,41.4]],"c":true},"ix":2},"nm":"Path 1","mn":"ADBE Vector Shape - Group","hd":false},{"ty":"gf","o":{"a":0,"k":100,"ix":10},"r":1,"bm":0,"g":{"p":5,"k":{"a":0,"k":[0.48,0.992,0.878,0.188,0.691,0.98,0.816,0.178,0.902,0.969,0.753,0.169,0.966,0.963,0.694,0.153,1,0.957,0.635,0.137],"ix":9}},"s":{"a":0,"k":[0,0],"ix":5},"e":{"a":0,"k":[56.225,0],"ix":6},"t":2,"h":{"a":0,"k":0,"ix":7},"a":{"a":0,"k":0,"ix":8},"nm":"Gradient Fill 1","mn":"ADBE Vector Graphic - G-Fill","hd":false},{"ty":"tr","p":{"a":0,"k":[0,0],"ix":2},"a":{"a":0,"k":[0,0],"ix":1},"s":{"a":0,"k":[100,100],"ix":3},"r":{"a":0,"k":0,"ix":6},"o":{"a":0,"k":100,"ix":7},"sk":{"a":0,"k":0,"ix":4},"sa":{"a":0,"k":0,"ix":5},"nm":"Transform"}],"nm":"Group 1","np":2,"cix":2,"bm":0,"ix":1,"mn":"ADBE Vector Group","hd":false}],"ip":0,"op":177,"st":0,"bm":0},{"ddd":0,"ind":11,"ty":4,"nm":"base shadow","parent":12,"tt":2,"sr":1,"ks":{"o":{"a":0,"k":100,"ix":11},"r":{"a":0,"k":0,"ix":10},"p":{"a":0,"k":[0,0,0],"ix":2,"l":2},"a":{"a":0,"k":[0,0,0],"ix":1,"l":2},"s":{"a":0,"k":[100,100,100],"ix":6,"l":2}},"ao":0,"shapes":[{"ty":"gr","it":[{"ind":0,"ty":"sh","ix":1,"ks":{"a":0,"k":{"i":[[15.4,0],[0,38.4],[-27.9,0],[-10.6,-9.3],[0,-16.9],[11.5,-10.2]],"o":[[-27.9,0],[0,-38.4],[15.5,0],[11.5,10.2],[0,16.9],[-10.6,9.3]],"v":[[0,55.9],[-58,0],[0,-55.9],[40.4,-41.5],[58,0],[40.4,41.4]],"c":true},"ix":2},"nm":"Path 1","mn":"ADBE Vector Shape - Group","hd":false},{"ty":"fl","c":{"a":0,"k":[0.921568627451,0.560784313725,0,1],"ix":4},"o":{"a":0,"k":100,"ix":5},"r":1,"bm":0,"nm":"Fill 1","mn":"ADBE Vector Graphic - Fill","hd":false},{"ty":"tr","p":{"a":0,"k":[0,0],"ix":2},"a":{"a":0,"k":[0,0],"ix":1},"s":{"a":0,"k":[100,100],"ix":3},"r":{"a":0,"k":0,"ix":6},"o":{"a":0,"k":100,"ix":7},"sk":{"a":0,"k":0,"ix":4},"sa":{"a":0,"k":0,"ix":5},"nm":"Transform"}],"nm":"Group 1","np":2,"cix":2,"bm":0,"ix":1,"mn":"ADBE Vector Group","hd":false}],"ip":0,"op":177,"st":0,"bm":0},{"ddd":0,"ind":12,"ty":4,"nm":"base normal","parent":1,"sr":1,"ks":{"o":{"a":0,"k":100,"ix":11},"r":{"a":0,"k":0,"ix":10},"p":{"a":0,"k":[0,0,0],"ix":2,"l":2},"a":{"a":0,"k":[0,0,0],"ix":1,"l":2},"s":{"a":0,"k":[800,800,100],"ix":6,"l":2}},"ao":0,"shapes":[{"ty":"gr","it":[{"ind":0,"ty":"sh","ix":1,"ks":{"a":0,"k":{"i":[[15.4,0],[0,38.4],[-27.9,0],[-10.6,-9.3],[0,-16.9],[11.5,-10.2]],"o":[[-27.9,0],[0,-38.4],[15.5,0],[11.5,10.2],[0,16.9],[-10.6,9.3]],"v":[[0,55.9],[-58,0],[0,-55.9],[40.4,-41.5],[58,0],[40.4,41.4]],"c":true},"ix":2},"nm":"Path 1","mn":"ADBE Vector Shape - Group","hd":false},{"ty":"gf","o":{"a":0,"k":100,"ix":10},"r":1,"bm":0,"g":{"p":5,"k":{"a":0,"k":[0.48,0.992,0.878,0.188,0.691,0.98,0.816,0.178,0.902,0.969,0.753,0.169,0.966,0.963,0.694,0.153,1,0.957,0.635,0.137],"ix":9}},"s":{"a":0,"k":[0,0],"ix":5},"e":{"a":0,"k":[56.225,0],"ix":6},"t":2,"h":{"a":0,"k":0,"ix":7},"a":{"a":0,"k":0,"ix":8},"nm":"Gradient Fill 1","mn":"ADBE Vector Graphic - G-Fill","hd":false},{"ty":"tr","p":{"a":0,"k":[0,0],"ix":2},"a":{"a":0,"k":[0,0],"ix":1},"s":{"a":0,"k":[100,100],"ix":3},"r":{"a":0,"k":0,"ix":6},"o":{"a":0,"k":100,"ix":7},"sk":{"a":0,"k":0,"ix":4},"sa":{"a":0,"k":0,"ix":5},"nm":"Transform"}],"nm":"Group 1","np":2,"cix":2,"bm":0,"ix":1,"mn":"ADBE Vector Group","hd":false}],"ip":0,"op":177,"st":0,"bm":0}],"markers":[{"tm":124,"cm":"rest","dr":0}]}