{"v":"5.8.1","fr":60,"ip":0,"op":102,"w":1024,"h":1024,"nm":"u1fadf","ddd":0,"assets":[],"layers":[{"ddd":0,"ind":1,"ty":4,"nm":"mask","parent":2,"td":1,"sr":1,"ks":{"o":{"a":0,"k":100,"ix":11},"r":{"a":0,"k":0,"ix":10},"p":{"a":0,"k":[639.905,638.505,0],"ix":2,"l":2},"a":{"a":0,"k":[639.905,638.505,0],"ix":1,"l":2},"s":{"a":0,"k":[100,100,100],"ix":6,"l":2}},"ao":0,"shapes":[{"ty":"gr","it":[{"ind":0,"ty":"sh","ix":1,"ks":{"a":0,"k":{"i":[[35.2,-13.6],[-59.2,4],[0,0],[32,-0.8]],"o":[[-56,22.4],[34.4,-2.4],[23.2,-16],[-9.6,-0.8]],"v":[[-450.2,-53.6],[-428.6,55.2],[-303.6,-10.8],[-322,-66.8]],"c":true},"ix":2,"x":"var $bm_rt;\n$bm_rt = thisComp.layer('splat out').content('Group 3').content('Path 1').path;"},"nm":"Path 1","mn":"ADBE Vector Shape - Group","hd":false},{"ind":1,"ty":"sh","ix":2,"ks":{"a":0,"k":{"i":[[0,-40.8],[-7.2,-24.8],[46.4,94.4],[5.6,8.801]],"o":[[0,13.6],[28.8,102.4],[-7.2,-14.4],[-23.2,-36]],"v":[[111.6,337.2],[118.4,431.2],[220.8,376.8],[189.2,313.2]],"c":true},"ix":2,"x":"var $bm_rt;\n$bm_rt = thisComp.layer('splat out').content('Group 3').content('Path 2').path;"},"nm":"Path 2","mn":"ADBE Vector Shape - Group","hd":false},{"ind":2,"ty":"sh","ix":3,"ks":{"a":0,"k":{"i":[[0,0],[-11.2,-27.2],[-46.4,1.6],[-4,31.2],[-5.781,19.2],[20.233,-82.4],[-72.8,-64],[-20.203,16.023],[-8.36,-42.495],[17.416,-5.573],[4,-83.2],[-9.6,-39.2],[12.8,-13.601],[-12,-16.799],[16.604,-52.8],[28.365,82.399],[57.143,-19.595],[81.77,-42.204],[103.601,13.6],[-34.05,51.199],[51.821,42.399],[8.8,-4.8],[-94.4,80.799],[4.8,51.2],[47.2,27.2],[16.191,36.374],[-52.252,-82.6],[-21.6,-1.6],[0,38.4],[10.13,13.025],[-7.96,20.26],[-12.301,-17.366]],"o":[[30.4,-21.6],[16.8,39.2],[47.2,-1.6],[0,0],[20.232,-71.2],[-23.122,92],[29.6,25.6],[57.82,-45.282],[8.36,41.101],[-32.045,10.449],[-2.4,53.601],[9.6,39.2],[-12.8,13.599],[40.8,57.6],[-16.603,52],[-90.099,-260.469],[-96.806,34.955],[-82.649,43.083],[-38.397,-4.8],[42.745,-64],[-25.911,-20.801],[-92,49.6],[48.8,-41.601],[-3.2,-37.6],[-99.2,-56.8],[-39.005,-84.874],[25.022,40.164],[21.6,1.6],[0,-14.4],[-13.749,-18.09],[11.577,-31.116],[12.302,17.367]],"v":[[-39,-355.2],[27.4,-329.6],[121,-273.6],[185.8,-325.6],[227.174,-462.4],[320.387,-430.4],[257,-200.8],[372.42,-198.48],[501.297,-179.671],[463.679,-120.457],[320,-3.6],[390.8,100.4],[370.8,170.001],[361.2,221.8],[452.992,387.2],[321.546,376.001],[126.8,259.8],[-44.135,245.207],[-231.229,475.6],[-261.657,362.001],[-113.2,166.001],[-179.2,169.6],[-274.4,12.001],[-157.8,-73.2],[-253,-147.6],[-426.237,-280.65],[-295.24,-353.4],[-202.8,-297.2],[-112.4,-330],[-139.591,-384.537],[-155.51,-446.767],[-90.386,-457.622]],"c":true},"ix":2,"x":"var $bm_rt;\n$bm_rt = thisComp.layer('splat out').content('Group 3').content('Path 3').path;"},"nm":"Path 3","mn":"ADBE Vector Shape - Group","hd":false},{"ty":"fl","c":{"a":0,"k":[0.564999988032,0.481999984442,0.952999997606,1],"ix":4},"o":{"a":0,"k":100,"ix":5},"r":1,"bm":0,"nm":"Fill 1","mn":"ADBE Vector Graphic - Fill","hd":false},{"ty":"tr","p":{"a":0,"k":[637.103,650.903],"ix":2},"a":{"a":0,"k":[0,0],"ix":1},"s":{"a":0,"k":[100,100],"ix":3},"r":{"a":0,"k":0,"ix":6},"o":{"a":0,"k":100,"ix":7},"sk":{"a":0,"k":0,"ix":4},"sa":{"a":0,"k":0,"ix":5},"nm":"Transform"}],"nm":"Group 3","np":4,"cix":2,"bm":0,"ix":1,"mn":"ADBE Vector Group","hd":false}],"ip":60,"op":102,"st":60,"bm":0},{"ddd":0,"ind":2,"ty":4,"nm":"splat out","tt":1,"sr":1,"ks":{"o":{"a":0,"k":100,"ix":11},"r":{"a":0,"k":0,"ix":10},"p":{"a":0,"k":[511.905,511.505,0],"ix":2,"l":2},"a":{"a":0,"k":[639.905,638.505,0],"ix":1,"l":2},"s":{"a":1,"k":[{"i":{"x":[0,0,0.667],"y":[1,1,1]},"o":{"x":[0.167,0.167,0.167],"y":[0.167,0.167,0.183]},"t":60,"s":[90,90,100]},{"t":70,"s":[100,100,100]}],"ix":6,"l":2}},"ao":0,"shapes":[{"ty":"gr","it":[{"ind":0,"ty":"sh","ix":1,"ks":{"a":1,"k":[{"i":{"x":0,"y":1},"o":{"x":0.167,"y":0.167},"t":60,"s":[{"i":[[10.839,-8.8],[-2.168,-10.4],[-0.723,4.8],[-2.89,4]],"o":[[-24.568,20],[2.167,10.4],[3.613,-16],[6.503,-10.4]],"v":[[322.257,-385.555],[300.58,-331.155],[315.753,-329.555],[337.43,-369.555]],"c":true}]},{"t":86,"s":[{"i":[[12,-8.8],[-2.4,-10.4],[-0.8,4.8],[-3.2,4]],"o":[[-27.2,20],[2.4,10.4],[4,-16],[7.2,-10.4]],"v":[[341.2,-440],[317.2,-385.6],[334,-384],[358,-424]],"c":true}]}],"ix":2},"nm":"Path 1","mn":"ADBE Vector Shape - Group","hd":false},{"ind":1,"ty":"sh","ix":2,"ks":{"a":1,"k":[{"i":{"x":0,"y":1},"o":{"x":0.167,"y":0.167},"t":60,"s":[{"i":[[6.521,-5.6],[5.796,-7.2],[-5.071,-14.399],[0.725,12],[-3.622,5.6],[-2.174,2.399]],"o":[[-10.867,8.799],[-13.04,14.4],[4.347,14.401],[-0.724,-9.6],[3.622,-5.6],[5.795,-12]],"v":[[-64.809,287.378],[-119.869,344.978],[-130.012,392.177],[-107.553,387.378],[-104.655,364.978],[-55.39,301.778]],"c":true}]},{"t":82,"s":[{"i":[[7.2,-5.6],[6.4,-7.2],[-5.6,-14.399],[0.8,12],[-4,5.6],[-2.4,2.399]],"o":[[-12,8.799],[-14.4,14.4],[4.8,14.401],[-0.8,-9.6],[4,-5.6],[6.4,-12]],"v":[[-70.8,329.6],[-131.6,387.2],[-142.8,434.399],[-118,429.6],[-114.8,407.2],[-60.4,344]],"c":true}]}],"ix":2},"nm":"Path 2","mn":"ADBE Vector Shape - Group","hd":false},{"ind":2,"ty":"sh","ix":3,"ks":{"a":1,"k":[{"i":{"x":0,"y":1},"o":{"x":0.167,"y":0.167},"t":60,"s":[{"i":[[7.236,-0.723],[-0.723,-8.684],[1.447,13.025],[-3.618,3.618]],"o":[[-24.603,1.448],[1.448,12.301],[-1.447,-14.472],[5.065,-5.789]],"v":[[-26.377,-419.699],[-49.533,-382.794],[-28.548,-384.965],[-18.417,-408.121]],"c":true}]},{"t":70,"s":[{"i":[[8,-0.8],[-0.8,-9.6],[1.6,14.4],[-4,4]],"o":[[-27.2,1.6],[1.6,13.6],[-1.6,-16],[5.6,-6.4]],"v":[[-22,-412.8],[-47.6,-372],[-24.4,-374.4],[-13.2,-400]],"c":true}]}],"ix":2},"nm":"Path 3","mn":"ADBE Vector Shape - Group","hd":false},{"ind":3,"ty":"sh","ix":4,"ks":{"a":1,"k":[{"i":{"x":0,"y":1},"o":{"x":0.167,"y":0.167},"t":60,"s":[{"i":[[2.4,-7.2],[8,-3.2],[-17.6,11.2],[0,5.6]],"o":[[-1.6,4.8],[-23.2,8],[26.4,-16],[0.8,-6.4]],"v":[[-5.8,-267.2],[-29.8,-246.4],[-19.4,-221.6],[5.4,-264.8]],"c":true}]},{"t":70,"s":[{"i":[[2.4,-7.2],[8,-3.2],[-17.6,11.2],[0,5.6]],"o":[[-1.6,4.8],[-23.2,8],[26.4,-16],[0.8,-6.4]],"v":[[-2.8,-267.2],[-26.8,-246.4],[-16.4,-221.6],[8.4,-264.8]],"c":true}]}],"ix":2},"nm":"Path 4","mn":"ADBE Vector Shape - Group","hd":false},{"ind":4,"ty":"sh","ix":5,"ks":{"a":1,"k":[{"i":{"x":0,"y":1},"o":{"x":0.167,"y":0.167},"t":60,"s":[{"i":[[6.643,3.347],[12.458,-36.37],[-5.92,-3.487],[-2.462,6.651],[-9.972,2.7]],"o":[[-6.643,-3.347],[-2.896,8.278],[6.644,3.346],[7.965,-20.836],[5.057,-0.978]],"v":[[-234.957,-287.809],[-292.196,-262.078],[-285.422,-242.548],[-267.066,-248.413],[-234.679,-274.742]],"c":true}]},{"t":82,"s":[{"i":[[6.4,4.8],[20.8,-35.2],[-5.6,-4.8],[-4,6.4],[-11.2,0.8]],"o":[[-6.4,-4.8],[-4.8,8],[6.4,4.8],[12.8,-20],[5.6,0]],"v":[[-228.4,-317.6],[-294.8,-302.4],[-291.6,-280.8],[-270.8,-283.2],[-230.8,-304]],"c":true}]}],"ix":2},"nm":"Path 5","mn":"ADBE Vector Shape - Group","hd":false},{"ind":5,"ty":"sh","ix":6,"ks":{"a":1,"k":[{"i":{"x":0,"y":1},"o":{"x":0.167,"y":0.167},"t":60,"s":[{"i":[[2.4,-7.2],[5.6,-6.4],[-13.6,8.8],[4,23.2]],"o":[[-6.4,19.2],[-10.4,12.8],[10.4,-6.4],[-1.6,-6.4]],"v":[[-23,-16.689],[-45.334,12.778],[-24.534,32.778],[-7,-14.289]],"c":true}]},{"t":70,"s":[{"i":[[2.4,-7.2],[5.6,-6.4],[-13.6,8.8],[4,23.2]],"o":[[-6.4,19.2],[-10.4,12.8],[10.4,-6.4],[-1.6,-6.4]],"v":[[-22,-12.8],[-46,20],[-25.2,40],[-6,-10.4]],"c":true}]}],"ix":2},"nm":"Path 6","mn":"ADBE Vector Shape - Group","hd":false},{"ind":6,"ty":"sh","ix":7,"ks":{"a":1,"k":[{"i":{"x":0,"y":1},"o":{"x":0.167,"y":0.167},"t":60,"s":[{"i":[[6.4,-0.799],[-4,-16],[0.8,15.199],[-4.8,5.601]],"o":[[-42.4,4],[2.4,11.2],[0,-26.4],[4,-4.799]],"v":[[-79.911,49.51],[-127.911,107.111],[-100.711,102.311],[-74.311,61.51]],"c":true}]},{"t":86,"s":[{"i":[[6.4,-0.799],[-4,-16],[0.8,15.199],[-4.8,5.601]],"o":[[-42.4,4],[2.4,11.2],[0,-26.4],[4,-4.799]],"v":[[-138.8,66.399],[-186.8,124],[-159.6,119.2],[-133.2,78.399]],"c":true}]}],"ix":2},"nm":"Path 7","mn":"ADBE Vector Shape - Group","hd":false},{"ind":7,"ty":"sh","ix":8,"ks":{"a":1,"k":[{"i":{"x":0,"y":1},"o":{"x":0.167,"y":0.167},"t":60,"s":[{"i":[[4.8,-5.6],[2.4,-10.399],[0.8,13.6],[-16.8,1.6]],"o":[[-2.4,3.2],[-2.4,12.801],[-0.8,-13.6],[12.8,-1.6]],"v":[[-202.6,-34.089],[-213.8,-16.49],[-239.4,-19.689],[-213,-48.489]],"c":true}]},{"t":82,"s":[{"i":[[4.8,-5.6],[2.4,-10.399],[0.8,13.6],[-16.8,1.6]],"o":[[-2.4,3.2],[-2.4,12.801],[-0.8,-13.6],[12.8,-1.6]],"v":[[-327.6,12.8],[-338.8,30.399],[-364.4,27.2],[-338,-1.6]],"c":true}]}],"ix":2},"nm":"Path 8","mn":"ADBE Vector Shape - Group","hd":false},{"ty":"fl","c":{"a":0,"k":[0.847000002394,0.741000007181,0.957000014361,1],"ix":4},"o":{"a":0,"k":100,"ix":5},"r":1,"bm":0,"nm":"Fill 1","mn":"ADBE Vector Graphic - Fill","hd":false},{"ty":"tr","p":{"a":0,"k":[542.703,613.704],"ix":2},"a":{"a":0,"k":[0,0],"ix":1},"s":{"a":0,"k":[100,100],"ix":3},"r":{"a":0,"k":0,"ix":6},"o":{"a":0,"k":100,"ix":7},"sk":{"a":0,"k":0,"ix":4},"sa":{"a":0,"k":0,"ix":5},"nm":"Transform"}],"nm":"Group 1","np":9,"cix":2,"bm":0,"ix":1,"mn":"ADBE Vector Group","hd":false},{"ty":"gr","it":[{"ind":0,"ty":"sh","ix":1,"ks":{"a":1,"k":[{"i":{"x":0,"y":1},"o":{"x":0.167,"y":0.167},"t":60,"s":[{"i":[[7.663,83.596],[-4.179,-20.202],[40,-45.6],[-33.6,-5.6]],"o":[[-3.483,-35.528],[6.967,37.619],[-17.6,20],[32.8,4]],"v":[[420.914,-153.948],[383.991,-156.735],[266.534,-83.822],[308.489,-15.111]],"c":true}]},{"t":70,"s":[{"i":[[8.8,96],[-4.8,-23.2],[40,-45.6],[-33.6,-5.6]],"o":[[-4,-40.8],[8,43.2],[-17.6,20],[32.8,4]],"v":[[458.4,-170.4],[416,-173.6],[283.2,-101.6],[309.6,-44]],"c":true}]}],"ix":2},"nm":"Path 1","mn":"ADBE Vector Shape - Group","hd":false},{"ind":1,"ty":"sh","ix":2,"ks":{"a":1,"k":[{"i":{"x":0,"y":1},"o":{"x":0.167,"y":0.167},"t":60,"s":[{"i":[[22.4,76.8],[-2.89,-26.4],[7.225,-14.4],[20,-32],[-65.382,62.485]],"o":[[-6.504,-21.6],[2.168,16],[-8.519,12.884],[-9.6,15.2],[28.363,-27.106]],"v":[[262.915,-409.555],[229.676,-403.155],[217.56,-361.4],[184.6,-316.4],[202.2,-266]],"c":true}]},{"t":86,"s":[{"i":[[24.8,76.8],[-3.2,-26.4],[8,-14.4],[20,-32],[-40,1.6]],"o":[[-7.2,-21.6],[2.4,16],[-20,34.4],[-9.6,15.2],[39.2,-1.6]],"v":[[289.6,-464],[252.8,-457.6],[240,-406.4],[181.6,-314.4],[199.2,-264]],"c":true}]}],"ix":2},"nm":"Path 2","mn":"ADBE Vector Shape - Group","hd":false},{"ind":2,"ty":"sh","ix":3,"ks":{"a":1,"k":[{"i":{"x":0,"y":1},"o":{"x":0.167,"y":0.167},"t":60,"s":[{"i":[[32.614,97.842],[1.6,-17.6],[34.4,-19.2],[-24.8,-20.8]],"o":[[-5.6,-16],[-1.6,21.6],[-7.2,4],[-15.281,-13.309]],"v":[[-232.222,-82],[-267.422,-79.6],[-315.8,-42.089],[-317.4,-1.289]],"c":true}]},{"t":82,"s":[{"i":[[19.2,57.6],[1.6,-17.6],[34.4,-19.2],[-24.8,-20.8]],"o":[[-5.6,-16],[-1.6,21.6],[-7.2,4],[24.8,21.6]],"v":[[-320,-52],[-355.2,-49.6],[-440.8,4.8],[-442.4,45.6]],"c":true}]}],"ix":2},"nm":"Path 3","mn":"ADBE Vector Shape - Group","hd":false},{"ind":3,"ty":"sh","ix":4,"ks":{"a":1,"k":[{"i":{"x":0,"y":1},"o":{"x":0.167,"y":0.167},"t":60,"s":[{"i":[[-1.758,7.033],[25.498,-14.067],[60.856,-48.8],[-18.837,-10.401]],"o":[[6.155,-24.62],[-80.891,47.48],[-19.561,15.2],[55.785,31.2]],"v":[[-65.509,241.362],[-110.871,229.952],[-211.623,363.378],[-213.072,411.378]],"c":true}]},{"t":70,"s":[{"i":[[-1.6,6.4],[23.2,-12.8],[67.2,-48.8],[-20.8,-10.4]],"o":[[5.6,-22.4],[-73.6,43.2],[-21.6,15.2],[61.6,31.2]],"v":[[-67.2,240],[-102.4,217.6],[-219.2,405.6],[-220.8,453.6]],"c":true}]}],"ix":2},"nm":"Path 4","mn":"ADBE Vector Shape - Group","hd":false},{"ind":4,"ty":"sh","ix":5,"ks":{"a":1,"k":[{"i":{"x":0,"y":1},"o":{"x":0.167,"y":0.167},"t":60,"s":[{"i":[[-9.6,8],[42.4,-12],[79.2,-20.8],[-35.2,0.799]],"o":[[19.2,-14.401],[-28.8,8],[-23.2,6.4],[84,-3.201]],"v":[[153.4,223.6],[128,184.8],[12.8,251.4],[31.6,276.4]],"c":true}]},{"t":70,"s":[{"i":[[-9.6,8],[42.4,-12],[79.2,-20.8],[-35.2,0.8]],"o":[[19.2,-14.4],[-28.8,8],[-23.2,6.4],[84,-3.2]],"v":[[162.4,233.6],[128,184.8],[20.8,246.4],[37.6,274.4]],"c":true}]}],"ix":2},"nm":"Path 5","mn":"ADBE Vector Shape - Group","hd":false},{"ind":5,"ty":"sh","ix":6,"ks":{"a":1,"k":[{"i":{"x":0,"y":1},"o":{"x":0.167,"y":0.167},"t":60,"s":[{"i":[[9.6,1.599],[3.2,-16],[8.8,0.8],[0,-24],[2.4,84]],"o":[[-8.8,-0.8],[-3.2,16],[-8.8,-0.8],[0,24],[0,-8]],"v":[[177.911,312.267],[159.156,352.755],[129.111,356.267],[97.111,381.067],[192.311,328.267]],"c":true}]},{"t":70,"s":[{"i":[[9.6,1.6],[3.2,-16],[8.8,0.8],[0,-24],[2.4,84]],"o":[[-8.8,-0.8],[-3.2,16],[-8.8,-0.8],[0,24],[0,-8]],"v":[[184.8,385.6],[161.6,407.2],[136,429.6],[104,454.4],[199.2,401.6]],"c":true}]}],"ix":2},"nm":"Path 6","mn":"ADBE Vector Shape - Group","hd":false},{"ind":6,"ty":"sh","ix":7,"ks":{"a":1,"k":[{"i":{"x":0,"y":1},"o":{"x":0.167,"y":0.167},"t":60,"s":[{"i":[[22.831,100.799],[-0.692,-28],[35.283,0],[-8.994,-30.399]],"o":[[-2.767,-13.6],[0.692,16.8],[-10.377,0],[8.993,31.201]],"v":[[422.018,344.4],[391.578,354],[352.144,390.8],[330.698,425.199]],"c":true}]},{"t":70,"s":[{"i":[[26.4,100.8],[-0.8,-28],[40.8,0],[-10.4,-30.4]],"o":[[-3.2,-13.6],[0.8,16.8],[-12,0],[10.4,31.2]],"v":[[413.6,314.4],[378.4,324],[332.8,360.8],[308,395.2]],"c":true}]}],"ix":2},"nm":"Path 7","mn":"ADBE Vector Shape - Group","hd":false},{"ind":7,"ty":"sh","ix":8,"ks":{"a":1,"k":[{"i":{"x":0,"y":1},"o":{"x":0.167,"y":0.167},"t":60,"s":[{"i":[[29.6,-4],[0.8,12.8],[4,23.2],[-20,-17.601]],"o":[[-29.6,4],[-1.6,-33.6],[-2.4,-14.401],[36.8,30.399]],"v":[[324,204.6],[286.4,173.6],[326.4,109.6],[362.4,96.8]],"c":true}]},{"t":70,"s":[{"i":[[29.6,-4],[0.8,12.8],[4,23.2],[-20,-17.6]],"o":[[-29.6,4],[-1.6,-33.6],[-2.4,-14.4],[36.8,30.4]],"v":[[324,201.6],[286.4,173.6],[318.4,109.6],[354.4,96.8]],"c":true}]}],"ix":2},"nm":"Path 8","mn":"ADBE Vector Shape - Group","hd":false},{"ty":"fl","c":{"a":0,"k":[0,0.310000011968,0.675,1],"ix":4},"o":{"a":0,"k":100,"ix":5},"r":1,"bm":0,"nm":"Fill 1","mn":"ADBE Vector Graphic - Fill","hd":false},{"ty":"tr","p":{"a":0,"k":[674.303,660.904],"ix":2},"a":{"a":0,"k":[0,0],"ix":1},"s":{"a":0,"k":[100,100],"ix":3},"r":{"a":0,"k":0,"ix":6},"o":{"a":0,"k":100,"ix":7},"sk":{"a":0,"k":0,"ix":4},"sa":{"a":0,"k":0,"ix":5},"nm":"Transform"}],"nm":"Group 2","np":9,"cix":2,"bm":0,"ix":2,"mn":"ADBE Vector Group","hd":false},{"ty":"gr","it":[{"ind":0,"ty":"sh","ix":1,"ks":{"a":1,"k":[{"i":{"x":0,"y":1},"o":{"x":0.167,"y":0.167},"t":60,"s":[{"i":[[35.2,-13.6],[-59.2,4],[0,0],[29.352,9.396]],"o":[[-56,22.4],[34.4,-2.4],[23.2,-16],[-9.6,-0.8]],"v":[[-320.2,-102.489],[-298.6,6.311],[-215.822,-40.8],[-233.667,-105.689]],"c":true}]},{"t":82,"s":[{"i":[[35.2,-13.6],[-59.2,4],[0,0],[32,-0.8]],"o":[[-56,22.4],[34.4,-2.4],[23.2,-16],[-9.6,-0.8]],"v":[[-445.2,-55.6],[-423.6,53.2],[-303.6,-10.8],[-322,-66.8]],"c":true}]}],"ix":2},"nm":"Path 1","mn":"ADBE Vector Shape - Group","hd":false},{"ind":1,"ty":"sh","ix":2,"ks":{"a":1,"k":[{"i":{"x":0,"y":1},"o":{"x":0.167,"y":0.167},"t":60,"s":[{"i":[[12.467,-38.849],[-4.937,-19.715],[46.4,94.4],[5.096,7.729]],"o":[[-3.693,11.507],[28.8,102.4],[-5.948,-10.037],[-28.515,-31.715]],"v":[[107.711,311.644],[109.511,347.867],[209.689,303.466],[195.867,282.089]],"c":true}]},{"t":70,"s":[{"i":[[0,-40.8],[-7.2,-24.8],[46.4,94.4],[5.6,8.801]],"o":[[0,13.6],[28.8,102.4],[-7.2,-14.4],[-23.2,-36]],"v":[[111.6,337.2],[116.4,421.2],[218.8,366.8],[189.2,313.2]],"c":true}]}],"ix":2},"nm":"Path 2","mn":"ADBE Vector Shape - Group","hd":false},{"ind":2,"ty":"sh","ix":3,"ks":{"a":1,"k":[{"i":{"x":0,"y":1},"o":{"x":0.167,"y":0.167},"t":60,"s":[{"i":[[0,0],[-11.2,-27.2],[-46.4,1.6],[-4,31.2],[-5.781,19.2],[20.233,-82.4],[-72.8,-64],[-20.203,16.023],[-8.36,-42.495],[17.416,-5.573],[4,-83.2],[-9.6,-39.2],[12.8,-13.601],[-12,-16.799],[16.604,-52.8],[28.365,82.399],[57.143,-19.595],[81.77,-42.204],[103.601,13.6],[-34.05,51.199],[51.821,42.399],[6.274,-2.282],[-94.4,80.799],[4.8,51.2],[47.2,27.2],[22.801,32.639],[-66.982,-71.179],[-21.6,-1.6],[0,38.4],[10.13,13.025],[-7.96,20.26],[-12.301,-17.366]],"o":[[28.574,14.463],[16.8,39.2],[47.2,-1.6],[0,0],[20.232,-71.2],[-23.122,92],[29.6,25.6],[57.82,-45.282],[8.36,41.101],[-32.045,10.449],[-2.4,53.601],[9.6,39.2],[-12.8,13.599],[40.8,57.6],[-16.603,52],[-90.099,-260.469],[-96.806,34.955],[-82.649,43.083],[-38.397,-4.8],[42.745,-64],[-2.781,-5.627],[-92,49.6],[48.8,-41.601],[-3.2,-37.6],[-99.2,-56.8],[-54.407,-75.927],[32.191,34.684],[21.6,1.6],[0,-14.4],[-13.749,-18.09],[11.577,-31.116],[12.302,17.367]],"v":[[-39,-355.2],[20.733,-311.822],[121,-273.6],[185.8,-325.6],[196.063,-397.956],[289.276,-365.956],[228.111,-165.244],[325.753,-171.813],[454.63,-153.004],[417.012,-93.79],[320,-3.6],[390.8,100.4],[370.8,170.001],[361.2,221.8],[452.992,387.2],[321.546,376.001],[126.8,259.8],[-44.135,245.207],[-201.229,413.378],[-231.657,299.779],[-76.811,129.89],[-98.089,125.156],[-205.511,-6.888],[-157.8,-73.2],[-253,-147.6],[-393.881,-228.403],[-279.076,-324.697],[-202.8,-297.2],[-112.4,-330],[-139.591,-384.537],[-155.51,-446.767],[-90.386,-457.622]],"c":true}]},{"t":86,"s":[{"i":[[0,0],[-11.2,-27.2],[-46.4,1.6],[-4,31.2],[-6.4,19.2],[22.4,-82.4],[-72.8,-64],[-23.2,18.4],[-9.6,-48.8],[20,-6.4],[4,-83.2],[-9.6,-39.2],[12.8,-13.601],[-12,-16.799],[19.2,-52.8],[32.8,82.399],[38.4,-8],[74.4,-38.399],[114.4,13.6],[-37.6,51.199],[40,42.399],[8.8,-4.8],[-94.4,80.799],[4.8,51.2],[47.2,27.2],[17.6,38.4],[-56.8,-87.2],[-21.6,-1.6],[0,38.4],[11.2,14.4],[-8.8,22.4],[-13.6,-19.2]],"o":[[30.4,-21.6],[16.8,39.2],[47.2,-1.6],[0,0],[22.4,-71.2],[-25.6,92],[29.6,25.6],[66.4,-52],[9.6,47.2],[-36.8,12],[-2.4,53.601],[9.6,39.2],[-12.8,13.599],[40.8,57.6],[-19.2,52],[-70.4,-176],[-100.8,20.8],[-75.2,39.2],[-42.4,-4.8],[47.2,-64],[-20,-20.801],[-92,49.6],[48.8,-41.601],[-3.2,-37.6],[-99.2,-56.8],[-42.4,-89.6],[27.2,42.4],[21.6,1.6],[0,-14.4],[-15.2,-20],[12.8,-34.4],[13.6,19.2]],"v":[[-34,-349.2],[32.4,-323.6],[118,-271.6],[182.8,-323.6],[211.6,-452.4],[314.8,-420.4],[254,-198.8],[343.6,-192.4],[491.6,-170.8],[448.4,-102.8],[318,-3.6],[382.8,100.4],[362.8,170.001],[361.2,218.8],[443.6,357.2],[291.6,346.001],[134.8,254.8],[-44.4,244.4],[-211.6,455.6],[-245.2,342.001],[-113.2,166.001],[-169.2,167.6],[-264.4,10.001],[-146.8,-73.2],[-242,-147.6],[-411.6,-267.6],[-269.2,-344.4],[-202.8,-297.2],[-112.4,-330],[-137.2,-370],[-154.8,-438.8],[-82.8,-450.8]],"c":true}]}],"ix":2},"nm":"Path 3","mn":"ADBE Vector Shape - Group","hd":false},{"ty":"fl","c":{"a":0,"k":[0.564999988032,0.481999984442,0.952999997606,1],"ix":4},"o":{"a":0,"k":100,"ix":5},"r":1,"bm":0,"nm":"Fill 1","mn":"ADBE Vector Graphic - Fill","hd":false},{"ty":"tr","p":{"a":0,"k":[637.103,650.903],"ix":2},"a":{"a":0,"k":[0,0],"ix":1},"s":{"a":0,"k":[100,100],"ix":3},"r":{"a":0,"k":0,"ix":6},"o":{"a":0,"k":100,"ix":7},"sk":{"a":0,"k":0,"ix":4},"sa":{"a":0,"k":0,"ix":5},"nm":"Transform"}],"nm":"Group 3","np":4,"cix":2,"bm":0,"ix":3,"mn":"ADBE Vector Group","hd":false}],"ip":60,"op":102,"st":60,"bm":0},{"ddd":0,"ind":3,"ty":4,"nm":"mask","parent":4,"td":1,"sr":1,"ks":{"o":{"a":0,"k":100,"ix":11},"r":{"a":0,"k":0,"ix":10},"p":{"a":0,"k":[639.905,638.505,0],"ix":2,"l":2},"a":{"a":0,"k":[639.905,638.505,0],"ix":1,"l":2},"s":{"a":0,"k":[100,100,100],"ix":6,"l":2}},"ao":0,"shapes":[{"ty":"gr","it":[{"ind":0,"ty":"sh","ix":1,"ks":{"a":0,"k":{"i":[[275.258,-329.087],[143.539,214.1],[-85.359,230.024],[-170.021,-87.115]],"o":[[-222.323,265.8],[-115.179,-171.8],[85.358,-230.023],[170.021,87.114]],"v":[[342.442,233.834],[-354.213,230.905],[-395.006,-319.119],[152.575,-488.312]],"c":true},"ix":2,"x":"var $bm_rt;\n$bm_rt = thisComp.layer('ball').content('Group 1').content('Path 1').path;"},"nm":"Path 1","mn":"ADBE Vector Shape - Group","hd":false},{"ty":"fl","c":{"a":0,"k":[0.564999988032,0.481999984442,0.952999997606,1],"ix":4},"o":{"a":0,"k":100,"ix":5},"r":1,"bm":0,"nm":"Fill 1","mn":"ADBE Vector Graphic - Fill","hd":false},{"ty":"tr","p":{"a":0,"k":[666.962,690.913],"ix":2},"a":{"a":0,"k":[0,0],"ix":1},"s":{"a":0,"k":[100,100],"ix":3},"r":{"a":0,"k":0,"ix":6},"o":{"a":0,"k":100,"ix":7},"sk":{"a":0,"k":0,"ix":4},"sa":{"a":0,"k":0,"ix":5},"nm":"Transform"}],"nm":"Group 1","np":2,"cix":2,"bm":0,"ix":1,"mn":"ADBE Vector Group","hd":false}],"ip":14,"op":60,"st":9,"bm":0},{"ddd":0,"ind":4,"ty":4,"nm":"ball","tt":1,"sr":1,"ks":{"o":{"a":0,"k":100,"ix":11},"r":{"a":1,"k":[{"i":{"x":[0.833],"y":[0.833]},"o":{"x":[0.501],"y":[0]},"t":14,"s":[3]},{"t":58,"s":[-1]}],"ix":10},"p":{"a":0,"k":[511.905,511.505,0],"ix":2,"l":2},"a":{"a":0,"k":[639.905,638.505,0],"ix":1,"l":2},"s":{"a":1,"k":[{"i":{"x":[0.135,0.135,0.572],"y":[0.752,0.725,1]},"o":{"x":[0.277,0.277,0.189],"y":[0.13,0.144,0]},"t":14,"s":[43,66,100]},{"i":{"x":[0.553,0.553,0.704],"y":[1,1,1]},"o":{"x":[0.233,0.233,0.336],"y":[-1.018,0.609,0]},"t":24,"s":[104.867,95.679,100]},{"i":{"x":[0,0,0.667],"y":[1,1,1]},"o":{"x":[1,1,0.167],"y":[0,0,0]},"t":36,"s":[100,100,100]},{"i":{"x":[0.853,0.853,0.659],"y":[0.499,0.499,2.126]},"o":{"x":[0.578,0.578,0.157],"y":[0,0,0]},"t":40,"s":[101,101,100]},{"i":{"x":[0.587,0.587,0.799],"y":[1,1,1]},"o":{"x":[0.629,0.629,0.437],"y":[3.209,0.474,-0.412]},"t":54,"s":[78.328,78.328,100]},{"t":58,"s":[74,49,100]}],"ix":6,"l":2}},"ao":0,"shapes":[{"ty":"gr","it":[{"ind":0,"ty":"sh","ix":1,"ks":{"a":1,"k":[{"i":{"x":0.833,"y":0.833},"o":{"x":0.333,"y":0},"t":14,"s":[{"i":[[47.53,9.137],[25.003,-12.905],[-35.489,4.13],[-33.289,3.063]],"o":[[-42.091,-8.091],[-30.085,15.528],[35.488,-4.13],[33.289,-3.064]],"v":[[4.546,-137.953],[-106.172,-114.788],[-116.657,-69.524],[10.345,-100.91]],"c":true}]},{"i":{"x":0.833,"y":0.833},"o":{"x":0.167,"y":0.167},"t":30,"s":[{"i":[[55.518,10.673],[29.206,-15.074],[-41.453,4.824],[-38.884,3.578]],"o":[[-49.165,-9.451],[-35.141,18.138],[41.453,-4.824],[38.884,-3.579]],"v":[[-15.63,-176.538],[-144.956,-149.48],[-157.204,-96.608],[-8.856,-133.269]],"c":true}]},{"i":{"x":0.667,"y":1},"o":{"x":0.167,"y":0.167},"t":36,"s":[{"i":[[59.843,11.504],[31.481,-16.248],[-44.682,5.2],[-41.913,3.857]],"o":[[-52.995,-10.188],[-37.879,19.551],[44.683,-5.2],[41.913,-3.858]],"v":[[-33.514,-222.019],[-172.916,-192.853],[-186.118,-135.862],[-26.213,-175.379]],"c":true}]},{"t":58,"s":[{"i":[[59.506,11.439],[31.304,-16.156],[-44.431,5.171],[-41.677,3.836]],"o":[[-52.697,-10.13],[-37.666,19.441],[44.431,-5.17],[41.677,-3.835]],"v":[[-85.044,-212.475],[-223.661,-183.474],[-236.788,-126.804],[-77.783,-166.099]],"c":true}]}],"ix":2},"nm":"Path 1","mn":"ADBE Vector Shape - Group","hd":false},{"ty":"fl","c":{"a":0,"k":[0.847000002394,0.741000007181,0.957000014361,1],"ix":4},"o":{"a":0,"k":100,"ix":5},"r":1,"bm":0,"nm":"Fill 1","mn":"ADBE Vector Graphic - Fill","hd":false},{"ty":"tr","p":{"a":0,"k":[655.508,408.084],"ix":2},"a":{"a":0,"k":[0,0],"ix":1},"s":{"a":0,"k":[100,100],"ix":3},"r":{"a":0,"k":0,"ix":6},"o":{"a":0,"k":100,"ix":7},"sk":{"a":0,"k":0,"ix":4},"sa":{"a":0,"k":0,"ix":5},"nm":"Transform"}],"nm":"Group 2","np":2,"cix":2,"bm":0,"ix":1,"mn":"ADBE Vector Group","hd":false},{"ty":"gr","it":[{"ind":0,"ty":"sh","ix":1,"ks":{"a":1,"k":[{"i":{"x":0.833,"y":0.833},"o":{"x":0.333,"y":0},"t":14,"s":[{"i":[[11.358,-81.628],[-20.32,56.409],[-58.072,38.715],[41.94,-27.423]],"o":[[-6.131,44.065],[28.026,-77.8],[58.072,-38.715],[-41.257,26.975]],"v":[[-170.272,-15.905],[-108.975,3.452],[-28.319,-144.147],[-50.095,-172.376]],"c":true}]},{"i":{"x":0.833,"y":0.833},"o":{"x":0.167,"y":0.167},"t":22,"s":[{"i":[[12.101,-86.967],[-21.649,60.099],[-55.091,47.803],[39.858,-33.967]],"o":[[-6.532,46.947],[29.859,-82.889],[55.091,-47.803],[-39.209,33.413]],"v":[[-175.392,2.128],[-110.085,22.751],[-35.874,-143.029],[-62.178,-169.419]],"c":true}]},{"i":{"x":0.667,"y":1},"o":{"x":0.167,"y":0.167},"t":36,"s":[{"i":[[14.301,-102.775],[-25.585,71.023],[-46.265,74.71],[33.695,-53.342]],"o":[[-7.72,55.48],[35.286,-97.956],[46.264,-74.711],[-33.145,52.472]],"v":[[-238.582,41.111],[-161.403,65.483],[-106.276,-154.126],[-145.981,-175.069]],"c":true}]},{"t":58,"s":[{"i":[[0.875,-103.178],[-16.087,73.321],[-36.002,79.619],[26.359,-56.931]],"o":[[-0.472,55.697],[22.187,-101.126],[36.003,-79.619],[-25.928,56.003]],"v":[[-236.579,80.784],[-157.344,94.883],[-124.146,-159.571],[-165.99,-175.112]],"c":true}]}],"ix":2},"nm":"Path 1","mn":"ADBE Vector Shape - Group","hd":false},{"ty":"fl","c":{"a":0,"k":[0.847000002394,0.741000007181,0.957000014361,1],"ix":4},"o":{"a":0,"k":100,"ix":5},"r":1,"bm":0,"nm":"Fill 1","mn":"ADBE Vector Graphic - Fill","hd":false},{"ty":"tr","p":{"a":0,"k":[491.775,523.615],"ix":2},"a":{"a":0,"k":[0,0],"ix":1},"s":{"a":0,"k":[100,100],"ix":3},"r":{"a":0,"k":0,"ix":6},"o":{"a":0,"k":100,"ix":7},"sk":{"a":0,"k":0,"ix":4},"sa":{"a":0,"k":0,"ix":5},"nm":"Transform"}],"nm":"Group 3","np":2,"cix":2,"bm":0,"ix":2,"mn":"ADBE Vector Group","hd":false},{"ty":"gr","it":[{"ind":0,"ty":"sh","ix":1,"ks":{"a":1,"k":[{"i":{"x":0.833,"y":0.833},"o":{"x":0.333,"y":0},"t":14,"s":[{"i":[[69.303,97.892],[-25.81,-93.561],[211.094,56.705],[41.53,-63.703],[14.281,-58.072],[-403.278,122.121]],"o":[[-63.522,-89.726],[25.809,93.56],[-193.404,-51.953],[-41.53,63.702],[-14.28,58.071],[403.277,-122.121]],"v":[[381.827,-322.064],[236.274,-207.974],[99.806,24.164],[-189.094,152.013],[-416.78,52],[104.492,306.395]],"c":true}]},{"i":{"x":0.833,"y":0.833},"o":{"x":0.167,"y":0.167},"t":24,"s":[{"i":[[74.891,105.786],[-27.891,-101.105],[187.161,30.041],[45.819,-68.201],[15.432,-62.755],[-435.796,131.968]],"o":[[-68.644,-96.961],[27.891,101.104],[-211.594,-31.99],[-60.636,89.135],[-15.432,62.754],[435.795,-131.968]],"v":[[386.107,-366.938],[257.014,-231.873],[112.962,45.885],[-184.565,176.12],[-447.207,66.004],[116.097,340.913]],"c":true}]},{"i":{"x":0.667,"y":1},"o":{"x":0.167,"y":0.167},"t":36,"s":[{"i":[[87.258,123.253],[-32.496,-117.798],[251.846,-12.186],[55.31,-78.153],[17.98,-73.117],[-507.754,153.759]],"o":[[-79.978,-112.97],[32.497,117.799],[-251.846,12.186],[-102.914,145.414],[-17.981,73.116],[507.754,-153.759]],"v":[[395.579,-466.237],[302.907,-284.758],[191.038,91.356],[-174.545,229.466],[-514.539,96.994],[141.778,417.296]],"c":true}]},{"t":58,"s":[{"i":[[86.766,122.559],[-32.313,-117.135],[205.73,-55.328],[54.305,-78.2],[17.879,-72.705],[-504.895,152.892]],"o":[[-79.528,-112.334],[32.313,117.136],[-242.117,65.115],[-117.647,169.411],[-17.879,72.704],[504.894,-152.894]],"v":[[393.129,-464.296],[322.541,-279.238],[203.717,33.703],[-116.283,220.763],[-511.863,95.763],[140.758,414.261]],"c":true}]}],"ix":2},"nm":"Path 1","mn":"ADBE Vector Shape - Group","hd":false},{"ty":"fl","c":{"a":0,"k":[0,0.310000011968,0.675,1],"ix":4},"o":{"a":0,"k":100,"ix":5},"r":1,"bm":0,"nm":"Fill 1","mn":"ADBE Vector Graphic - Fill","hd":false},{"ty":"tr","p":{"a":0,"k":[703.245,748.918],"ix":2},"a":{"a":0,"k":[0,0],"ix":1},"s":{"a":0,"k":[100,100],"ix":3},"r":{"a":0,"k":0,"ix":6},"o":{"a":0,"k":100,"ix":7},"sk":{"a":0,"k":0,"ix":4},"sa":{"a":0,"k":0,"ix":5},"nm":"Transform"}],"nm":"Group 4","np":2,"cix":2,"bm":0,"ix":3,"mn":"ADBE Vector Group","hd":false},{"ty":"gr","it":[{"ind":0,"ty":"sh","ix":1,"ks":{"a":1,"k":[{"i":{"x":0.833,"y":0.833},"o":{"x":0.333,"y":0},"t":14,"s":[{"i":[[342.657,-3.994],[2.427,122.822],[-183.895,67.729],[-35.488,-148.406]],"o":[[-276.76,3.227],[-2.789,-141.177],[183.894,-67.728],[35.489,148.406]],"v":[[-8.326,313.256],[-378.824,-123.585],[-102.353,-437.169],[331.121,-177.129]],"c":true}]},{"i":{"x":0.667,"y":1},"o":{"x":0.167,"y":0.167},"t":36,"s":[{"i":[[355.116,-245.05],[81.639,246.032],[-144.477,200.018],[-141.395,-130.071]],"o":[[-286.823,197.924],[-65.509,-197.424],[144.476,-200.018],[141.394,130.07]],"v":[[251.778,322.867],[-422.615,133.013],[-314.497,-411.007],[261.624,-427.987]],"c":true}]},{"t":58,"s":[{"i":[[275.258,-329.087],[143.539,214.1],[-85.359,230.024],[-170.021,-87.115]],"o":[[-222.323,265.8],[-115.179,-171.8],[85.358,-230.023],[170.021,87.114]],"v":[[342.442,233.834],[-354.213,230.905],[-395.006,-319.119],[152.575,-488.312]],"c":true}]}],"ix":2},"nm":"Path 1","mn":"ADBE Vector Shape - Group","hd":false},{"ty":"fl","c":{"a":0,"k":[0.564999988032,0.481999984442,0.952999997606,1],"ix":4},"o":{"a":0,"k":100,"ix":5},"r":1,"bm":0,"nm":"Fill 1","mn":"ADBE Vector Graphic - Fill","hd":false},{"ty":"tr","p":{"a":0,"k":[666.962,690.913],"ix":2},"a":{"a":0,"k":[0,0],"ix":1},"s":{"a":0,"k":[100,100],"ix":3},"r":{"a":0,"k":0,"ix":6},"o":{"a":0,"k":100,"ix":7},"sk":{"a":0,"k":0,"ix":4},"sa":{"a":0,"k":0,"ix":5},"nm":"Transform"}],"nm":"Group 1","np":2,"cix":2,"bm":0,"ix":4,"mn":"ADBE Vector Group","hd":false}],"ip":14,"op":60,"st":9,"bm":0},{"ddd":0,"ind":5,"ty":4,"nm":"mask","parent":6,"td":1,"sr":1,"ks":{"o":{"a":0,"k":100,"ix":11},"r":{"a":0,"k":0,"ix":10},"p":{"a":0,"k":[639.905,638.505,0],"ix":2,"l":2},"a":{"a":0,"k":[639.905,638.505,0],"ix":1,"l":2},"s":{"a":0,"k":[100,100,100],"ix":6,"l":2}},"ao":0,"shapes":[{"ty":"gr","it":[{"ind":0,"ty":"sh","ix":1,"ks":{"a":0,"k":{"i":[[35.2,-13.6],[-59.2,4],[0,0],[32,-0.8]],"o":[[-56,22.4],[34.4,-2.4],[23.2,-16],[-9.6,-0.8]],"v":[[-405.2,-77.6],[-383.6,31.2],[-293.6,-10.8],[-314,-87.8]],"c":true},"ix":2,"x":"var $bm_rt;\n$bm_rt = thisComp.layer('splat intro').content('Group 3').content('Path 1').path;"},"nm":"Path 1","mn":"ADBE Vector Shape - Group","hd":false},{"ind":1,"ty":"sh","ix":2,"ks":{"a":0,"k":{"i":[[0,-40.8],[-7.2,-24.8],[46.4,94.4],[5.6,8.801]],"o":[[0,13.601],[28.8,102.4],[-7.2,-14.4],[-23.2,-36]],"v":[[101.216,336.604],[106.4,401.2],[208.8,346.8],[187.289,306.898]],"c":true},"ix":2,"x":"var $bm_rt;\n$bm_rt = thisComp.layer('splat intro').content('Group 3').content('Path 2').path;"},"nm":"Path 2","mn":"ADBE Vector Shape - Group","hd":false},{"ind":2,"ty":"sh","ix":3,"ks":{"a":0,"k":{"i":[[0,0],[-11.2,-27.2],[-46.4,1.6],[-4,31.2],[-6.4,19.2],[22.4,-82.4],[-58.156,-51.126],[-23.2,18.4],[-9.6,-48.8],[20,-6.4],[4,-83.2],[-9.6,-39.2],[12.8,-13.601],[-12,-16.799],[19.2,-52.8],[32.8,82.399],[38.4,-8],[74.4,-38.399],[114.4,13.6],[-37.6,51.199],[10.531,42.399],[9.508,-3.176],[-94.4,80.799],[4.8,51.2],[47.2,27.2],[25.848,33.41],[-75.091,-72.052],[-21.6,-1.6],[0,38.4],[11.2,14.4],[-8.8,22.4],[-13.6,-19.2]],"o":[[30.4,-21.6],[16.8,39.2],[47.2,-1.6],[0,0],[22.4,-71.2],[-24.244,87.127],[29.6,25.6],[66.4,-52],[9.6,47.2],[-36.8,12],[-2.4,53.601],[9.6,39.2],[-12.8,13.599],[40.8,57.6],[-19.2,52],[-48.566,-125.742],[-100.8,20.8],[-75.2,39.2],[-42.4,-4.8],[47.2,-64],[-5.266,-20.801],[-99.297,32.623],[48.8,-41.601],[-3.2,-37.6],[-99.2,-56.8],[-61.61,-77.654],[36.105,35.129],[21.6,1.6],[0,-14.4],[-15.2,-20],[12.8,-34.4],[13.6,19.2]],"v":[[-32,-340.2],[40.4,-314.6],[118,-271.6],[174.8,-323.6],[201.6,-422.4],[304.8,-390.4],[254,-198.8],[332.6,-189.4],[460.6,-157.8],[417.4,-89.8],[318,-3.6],[372.8,100.4],[352.8,170.001],[361.2,218.8],[423.6,317.2],[271.6,306.001],[134.8,244.8],[-31.4,248.4],[-181.6,415.6],[-215.2,302.001],[-113.2,166.001],[-149.2,153.6],[-244.4,-3.999],[-146.8,-73.2],[-242,-147.6],[-375.965,-232.846],[-254.685,-339.931],[-202.8,-297.2],[-110.4,-321],[-127.2,-348],[-144.8,-416.8],[-72.8,-428.8]],"c":true},"ix":2,"x":"var $bm_rt;\n$bm_rt = thisComp.layer('splat intro').content('Group 3').content('Path 3').path;"},"nm":"Path 3","mn":"ADBE Vector Shape - Group","hd":false},{"ty":"fl","c":{"a":0,"k":[0.564999988032,0.481999984442,0.952999997606,1],"ix":4},"o":{"a":0,"k":100,"ix":5},"r":1,"bm":0,"nm":"Fill 1","mn":"ADBE Vector Graphic - Fill","hd":false},{"ty":"tr","p":{"a":0,"k":[637.103,650.903],"ix":2},"a":{"a":0,"k":[0,0],"ix":1},"s":{"a":0,"k":[100,100],"ix":3},"r":{"a":0,"k":0,"ix":6},"o":{"a":0,"k":100,"ix":7},"sk":{"a":0,"k":0,"ix":4},"sa":{"a":0,"k":0,"ix":5},"nm":"Transform"}],"nm":"Group 3","np":4,"cix":2,"bm":0,"ix":1,"mn":"ADBE Vector Group","hd":false}],"ip":0,"op":14,"st":0,"bm":0},{"ddd":0,"ind":6,"ty":4,"nm":"splat intro","tt":1,"sr":1,"ks":{"o":{"a":0,"k":100,"ix":11},"r":{"a":0,"k":0,"ix":10},"p":{"a":0,"k":[511.905,511.505,0],"ix":2,"l":2},"a":{"a":0,"k":[639.905,638.505,0],"ix":1,"l":2},"s":{"a":1,"k":[{"i":{"x":[0.667,0.667,0.667],"y":[1,1,1]},"o":{"x":[1,1,0.333],"y":[0,0,0]},"t":4,"s":[100,100,100]},{"t":16,"s":[76,76,100]}],"ix":6,"l":2}},"ao":0,"shapes":[{"ty":"gr","it":[{"ind":0,"ty":"sh","ix":1,"ks":{"a":1,"k":[{"i":{"x":0.833,"y":0.833},"o":{"x":1,"y":0},"t":0,"s":[{"i":[[12,-8.8],[-2.4,-10.4],[-0.8,4.8],[-3.2,4]],"o":[[-27.2,20],[2.4,10.4],[4,-16],[7.2,-10.4]],"v":[[341.2,-440],[317.2,-385.6],[334,-384],[358,-424]],"c":true}]},{"t":12,"s":[{"i":[[12,-8.8],[-2.4,-10.4],[-0.8,4.8],[-3.2,4]],"o":[[-27.2,20],[2.4,10.4],[4,-16],[7.2,-10.4]],"v":[[313.895,-377.553],[289.895,-323.153],[306.695,-321.553],[330.695,-361.553]],"c":true}]}],"ix":2},"nm":"Path 1","mn":"ADBE Vector Shape - Group","hd":false},{"ind":1,"ty":"sh","ix":2,"ks":{"a":1,"k":[{"i":{"x":0.833,"y":0.833},"o":{"x":1,"y":0},"t":0,"s":[{"i":[[7.2,-5.6],[6.4,-7.2],[-5.6,-14.399],[0.8,12],[-4,5.6],[-2.4,2.399]],"o":[[-12,8.799],[-14.4,14.4],[4.8,14.401],[-0.8,-9.6],[4,-5.6],[6.4,-12]],"v":[[-70.8,329.6],[-131.6,387.2],[-142.8,434.399],[-118,429.6],[-114.8,407.2],[-60.4,344]],"c":true}]},{"t":12,"s":[{"i":[[7.2,-5.6],[6.4,-7.2],[-5.6,-14.399],[0.8,12],[-4,5.6],[-2.4,2.399]],"o":[[-12,8.799],[-14.4,14.4],[4.8,14.401],[-0.8,-9.6],[4,-5.6],[6.4,-12]],"v":[[-37.005,264.174],[-77.805,301.774],[-89.005,348.973],[-64.205,344.174],[-61.005,321.774],[-26.605,278.574]],"c":true}]}],"ix":2},"nm":"Path 2","mn":"ADBE Vector Shape - Group","hd":false},{"ind":2,"ty":"sh","ix":3,"ks":{"a":1,"k":[{"i":{"x":0.833,"y":0.833},"o":{"x":1,"y":0},"t":0,"s":[{"i":[[8,-0.8],[-0.8,-9.6],[1.6,14.4],[-4,4]],"o":[[-27.2,1.6],[1.6,13.6],[-1.6,-16],[5.6,-6.4]],"v":[[-22,-412.8],[-47.6,-372],[-24.4,-374.4],[-13.2,-400]],"c":true}]},{"t":12,"s":[{"i":[[8,-0.8],[-0.8,-9.6],[1.6,14.4],[-4,4]],"o":[[-27.2,1.6],[1.6,13.6],[-1.6,-16],[5.6,-6.4]],"v":[[-6.592,-377.821],[-32.192,-337.021],[-8.992,-339.421],[2.208,-365.021]],"c":true}]}],"ix":2},"nm":"Path 3","mn":"ADBE Vector Shape - Group","hd":false},{"ind":3,"ty":"sh","ix":4,"ks":{"a":1,"k":[{"i":{"x":0.833,"y":0.833},"o":{"x":1,"y":0},"t":0,"s":[{"i":[[2.4,-7.2],[8,-3.2],[-17.6,11.2],[0,5.6]],"o":[[-1.6,4.8],[-23.2,8],[26.4,-16],[0.8,-6.4]],"v":[[-2.8,-267.2],[-26.8,-246.4],[-16.4,-221.6],[8.4,-264.8]],"c":true}]},{"t":12,"s":[{"i":[[2.4,-7.2],[8,-3.2],[-17.6,11.2],[0,5.6]],"o":[[-1.6,4.8],[-23.2,8],[26.4,-16],[0.8,-6.4]],"v":[[-0.8,-258.2],[-24.8,-237.4],[-14.4,-212.6],[10.4,-255.8]],"c":true}]}],"ix":2},"nm":"Path 4","mn":"ADBE Vector Shape - Group","hd":false},{"ind":4,"ty":"sh","ix":5,"ks":{"a":1,"k":[{"i":{"x":0.833,"y":0.833},"o":{"x":1,"y":0},"t":0,"s":[{"i":[[6.4,4.8],[20.8,-35.2],[-5.6,-4.8],[-4,6.4],[-11.2,0.8]],"o":[[-6.4,-4.8],[-4.8,8],[6.4,4.8],[12.8,-20],[5.6,0]],"v":[[-228.4,-317.6],[-294.8,-302.4],[-291.6,-280.8],[-270.8,-283.2],[-230.8,-304]],"c":true}]},{"t":12,"s":[{"i":[[7.322,3.225],[12.278,-38.999],[-6.543,-3.405],[-2.445,7.14],[-10.727,3.319]],"o":[[-7.322,-3.224],[-2.861,8.88],[7.321,3.224],[7.932,-22.382],[5.454,-1.269]],"v":[[-206.194,-286.108],[-263.093,-260.034],[-255.079,-239.722],[-235.365,-246.775],[-205.448,-272.318]],"c":true}]}],"ix":2},"nm":"Path 5","mn":"ADBE Vector Shape - Group","hd":false},{"ind":5,"ty":"sh","ix":6,"ks":{"a":1,"k":[{"i":{"x":0.833,"y":0.833},"o":{"x":1,"y":0},"t":0,"s":[{"i":[[2.4,-7.2],[5.6,-6.4],[-13.6,8.8],[4,23.2]],"o":[[-6.4,19.2],[-10.4,12.8],[10.4,-6.4],[-1.6,-6.4]],"v":[[-22,-12.8],[-46,20],[-25.2,40],[-6,-10.4]],"c":true}]},{"t":12,"s":[{"i":[[0.899,-7.536],[4.195,-7.398],[-11.546,11.361],[8.597,21.917]],"o":[[-2.397,20.096],[-7.605,14.634],[8.896,-8.366],[-2.857,-5.946]],"v":[[-26.271,-23.322],[-43.164,13.644],[-18.758,29.039],[-10.116,-24.198]],"c":true}]}],"ix":2},"nm":"Path 6","mn":"ADBE Vector Shape - Group","hd":false},{"ind":6,"ty":"sh","ix":7,"ks":{"a":1,"k":[{"i":{"x":0.833,"y":0.833},"o":{"x":1,"y":0},"t":0,"s":[{"i":[[6.4,-0.799],[-4,-16],[0.8,15.199],[-4.8,5.601]],"o":[[-42.4,4],[2.4,11.2],[0,-26.4],[4,-4.799]],"v":[[-138.8,66.399],[-186.8,124],[-159.6,119.2],[-133.2,78.399]],"c":true}]},{"t":12,"s":[{"i":[[6.4,-0.799],[-4,-16],[0.8,15.199],[-4.8,5.601]],"o":[[-42.4,4],[2.4,11.2],[0,-26.4],[4,-4.799]],"v":[[-118.8,52.399],[-166.8,110],[-139.6,105.2],[-113.2,64.399]],"c":true}]}],"ix":2},"nm":"Path 7","mn":"ADBE Vector Shape - Group","hd":false},{"ind":7,"ty":"sh","ix":8,"ks":{"a":1,"k":[{"i":{"x":0.833,"y":0.833},"o":{"x":1,"y":0},"t":0,"s":[{"i":[[4.8,-5.6],[2.4,-10.399],[0.8,13.6],[-16.8,1.6]],"o":[[-2.4,3.2],[-2.4,12.801],[-0.8,-13.6],[12.8,-1.6]],"v":[[-327.6,12.8],[-338.8,30.399],[-364.4,27.2],[-338,-1.6]],"c":true}]},{"t":12,"s":[{"i":[[4.8,-5.6],[2.4,-10.4],[0.8,13.6],[-16.8,1.6]],"o":[[-2.4,3.2],[-2.4,12.8],[-0.8,-13.6],[12.8,-1.6]],"v":[[-194.585,-32.454],[-205.785,-14.854],[-231.385,-18.054],[-204.985,-46.854]],"c":true}]}],"ix":2},"nm":"Path 8","mn":"ADBE Vector Shape - Group","hd":false},{"ty":"fl","c":{"a":0,"k":[0.847000002394,0.741000007181,0.957000014361,1],"ix":4},"o":{"a":0,"k":100,"ix":5},"r":1,"bm":0,"nm":"Fill 1","mn":"ADBE Vector Graphic - Fill","hd":false},{"ty":"tr","p":{"a":0,"k":[542.703,613.704],"ix":2},"a":{"a":0,"k":[0,0],"ix":1},"s":{"a":0,"k":[100,100],"ix":3},"r":{"a":0,"k":0,"ix":6},"o":{"a":0,"k":100,"ix":7},"sk":{"a":0,"k":0,"ix":4},"sa":{"a":0,"k":0,"ix":5},"nm":"Transform"}],"nm":"Group 1","np":9,"cix":2,"bm":0,"ix":1,"mn":"ADBE Vector Group","hd":false},{"ty":"gr","it":[{"ind":0,"ty":"sh","ix":1,"ks":{"a":1,"k":[{"i":{"x":0.833,"y":0.833},"o":{"x":1,"y":0},"t":0,"s":[{"i":[[8.8,96],[-4.8,-23.2],[40,-45.6],[-33.6,-5.6]],"o":[[-4,-40.8],[8,43.2],[-17.6,20],[32.8,4]],"v":[[458.4,-170.4],[416,-173.6],[283.2,-101.6],[309.6,-44]],"c":true}]},{"t":12,"s":[{"i":[[8.8,96],[-4.8,-23.2],[40,-45.6],[-33.6,-5.6]],"o":[[-4,-40.8],[8,43.2],[-17.6,20],[32.8,4]],"v":[[401.442,-150.911],[359.042,-154.111],[280.894,-92.183],[307.294,-34.583]],"c":true}]}],"ix":2},"nm":"Path 1","mn":"ADBE Vector Shape - Group","hd":false},{"ind":1,"ty":"sh","ix":2,"ks":{"a":1,"k":[{"i":{"x":0.833,"y":0.833},"o":{"x":1,"y":0},"t":0,"s":[{"i":[[24.8,76.8],[-3.2,-26.4],[8,-14.4],[20,-32],[-40,1.6]],"o":[[-7.2,-21.6],[2.4,16],[-20,34.4],[-9.6,15.2],[39.2,-1.6]],"v":[[289.6,-464],[252.8,-457.6],[240,-406.4],[181.6,-314.4],[199.2,-264]],"c":true}]},{"t":12,"s":[{"i":[[24.8,76.8],[-3.2,-26.4],[8,-14.4],[20,-32],[-40,1.6]],"o":[[-7.2,-21.6],[2.4,16],[-20,34.4],[-9.6,15.2],[39.2,-1.6]],"v":[[262.295,-401.553],[225.495,-395.153],[212.695,-343.953],[170.295,-278.953],[187.895,-228.553]],"c":true}]}],"ix":2},"nm":"Path 2","mn":"ADBE Vector Shape - Group","hd":false},{"ind":2,"ty":"sh","ix":3,"ks":{"a":1,"k":[{"i":{"x":0.833,"y":0.833},"o":{"x":1,"y":0},"t":0,"s":[{"i":[[19.2,57.6],[1.6,-17.6],[34.4,-19.2],[-24.8,-20.8]],"o":[[-5.6,-16],[-1.6,21.6],[-7.2,4],[24.8,21.6]],"v":[[-320,-52],[-355.2,-49.6],[-440.8,4.8],[-442.4,45.6]],"c":true}]},{"t":12,"s":[{"i":[[10.72,43.381],[2.617,-28.789],[34.4,-19.2],[-24.8,-20.8]],"o":[[-11.951,-34.144],[-1.6,21.6],[-7.2,4],[19.298,-11.394]],"v":[[-225.637,-85.254],[-260.837,-82.854],[-316.437,-40.454],[-318.037,0.346]],"c":true}]}],"ix":2},"nm":"Path 3","mn":"ADBE Vector Shape - Group","hd":false},{"ind":3,"ty":"sh","ix":4,"ks":{"a":1,"k":[{"i":{"x":0.833,"y":0.833},"o":{"x":1,"y":0},"t":0,"s":[{"i":[[-1.6,6.4],[23.2,-12.8],[67.2,-48.8],[-20.8,-10.4]],"o":[[5.6,-22.4],[-73.6,43.2],[-21.6,15.2],[61.6,31.2]],"v":[[-67.2,240],[-102.4,217.6],[-219.2,405.6],[-220.8,453.6]],"c":true}]},{"t":12,"s":[{"i":[[-1.6,6.4],[23.2,-12.8],[67.2,-48.8],[-20.8,-10.4]],"o":[[5.6,-22.4],[-73.6,43.2],[-21.6,15.2],[61.6,31.2]],"v":[[-54.2,244],[-89.4,211.866],[-165.405,320.174],[-167.005,368.174]],"c":true}]}],"ix":2},"nm":"Path 4","mn":"ADBE Vector Shape - Group","hd":false},{"ind":4,"ty":"sh","ix":5,"ks":{"a":1,"k":[{"i":{"x":0.833,"y":0.833},"o":{"x":1,"y":0},"t":0,"s":[{"i":[[-9.6,8],[42.4,-12],[79.2,-20.8],[-35.2,0.8]],"o":[[19.2,-14.4],[-28.8,8],[-23.2,6.4],[84,-3.2]],"v":[[162.4,233.6],[128,184.8],[20.8,246.4],[37.6,274.4]],"c":true}]},{"t":12,"s":[{"i":[[23.933,-19.944],[76.931,-27.987],[70.367,-4.36],[-35.2,0.8]],"o":[[19.2,-14.4],[-27.816,7.727],[-23.2,6.4],[50.467,-1.923]],"v":[[166.776,232.306],[121.312,177.012],[20.8,246.4],[37.6,274.4]],"c":true}]}],"ix":2},"nm":"Path 5","mn":"ADBE Vector Shape - Group","hd":false},{"ind":5,"ty":"sh","ix":6,"ks":{"a":1,"k":[{"i":{"x":0.833,"y":0.833},"o":{"x":1,"y":0},"t":0,"s":[{"i":[[9.6,1.6],[3.2,-16],[8.8,0.8],[0,-24],[2.4,84]],"o":[[-8.8,-0.8],[-3.2,16],[-8.8,-0.8],[0,24],[0,-8]],"v":[[184.8,385.6],[161.6,407.2],[136,429.6],[104,454.4],[199.2,401.6]],"c":true}]},{"t":12,"s":[{"i":[[9.6,1.6],[3.2,-16],[8.8,0.8],[0,-24],[2.4,84]],"o":[[-8.8,-0.8],[-3.2,16],[-8.8,-0.8],[0,24],[0,-8]],"v":[[179.126,330.99],[155.926,352.59],[130.326,374.99],[98.326,399.79],[193.526,346.99]],"c":true}]}],"ix":2},"nm":"Path 6","mn":"ADBE Vector Shape - Group","hd":false},{"ind":6,"ty":"sh","ix":7,"ks":{"a":1,"k":[{"i":{"x":0.833,"y":0.833},"o":{"x":1,"y":0},"t":0,"s":[{"i":[[26.4,100.8],[-0.8,-28],[40.8,0],[-10.4,-30.4]],"o":[[-3.2,-13.6],[0.8,16.8],[-12,0],[10.4,31.2]],"v":[[413.6,314.4],[378.4,324],[332.8,360.8],[308,395.2]],"c":true}]},{"t":12,"s":[{"i":[[26.4,100.8],[-0.8,-28],[40.8,0],[-10.4,-30.4]],"o":[[-3.2,-13.6],[0.8,16.8],[-12,0],[10.4,31.2]],"v":[[324.379,278.726],[289.179,288.326],[267.374,297.005],[242.574,331.405]],"c":true}]}],"ix":2},"nm":"Path 7","mn":"ADBE Vector Shape - Group","hd":false},{"ind":7,"ty":"sh","ix":8,"ks":{"a":1,"k":[{"i":{"x":0.833,"y":0.833},"o":{"x":1,"y":0},"t":0,"s":[{"i":[[29.6,-4],[0.8,12.8],[4,23.2],[-20,-17.6]],"o":[[-29.6,4],[-1.6,-33.6],[-2.4,-14.4],[36.8,30.4]],"v":[[324,201.6],[286.4,173.6],[318.4,109.6],[354.4,96.8]],"c":true}]},{"t":12,"s":[{"i":[[29.6,-4],[0.8,12.8],[4,23.2],[-20,-17.6]],"o":[[-29.6,4],[-1.6,-33.6],[-2.4,-14.4],[36.8,30.4]],"v":[[275.329,199.437],[237.729,171.437],[259.729,107.437],[295.729,94.637]],"c":true}]}],"ix":2},"nm":"Path 8","mn":"ADBE Vector Shape - Group","hd":false},{"ty":"fl","c":{"a":0,"k":[0,0.310000011968,0.675,1],"ix":4},"o":{"a":0,"k":100,"ix":5},"r":1,"bm":0,"nm":"Fill 1","mn":"ADBE Vector Graphic - Fill","hd":false},{"ty":"tr","p":{"a":0,"k":[674.303,660.904],"ix":2},"a":{"a":0,"k":[0,0],"ix":1},"s":{"a":0,"k":[100,100],"ix":3},"r":{"a":0,"k":0,"ix":6},"o":{"a":0,"k":100,"ix":7},"sk":{"a":0,"k":0,"ix":4},"sa":{"a":0,"k":0,"ix":5},"nm":"Transform"}],"nm":"Group 2","np":9,"cix":2,"bm":0,"ix":2,"mn":"ADBE Vector Group","hd":false},{"ty":"gr","it":[{"ind":0,"ty":"sh","ix":1,"ks":{"a":1,"k":[{"i":{"x":0.833,"y":0.833},"o":{"x":1,"y":0},"t":0,"s":[{"i":[[35.2,-13.6],[-59.2,4],[0,0],[32,-0.8]],"o":[[-56,22.4],[34.4,-2.4],[23.2,-16],[-9.6,-0.8]],"v":[[-445.2,-55.6],[-423.6,53.2],[-303.6,-10.8],[-322,-66.8]],"c":true}]},{"t":12,"s":[{"i":[[35.2,-13.6],[-59.2,4],[0,0],[32,-0.8]],"o":[[-56,22.4],[34.4,-2.4],[23.2,-16],[-9.6,-0.8]],"v":[[-320.837,-100.854],[-299.237,7.946],[-209.237,-34.054],[-229.637,-111.054]],"c":true}]}],"ix":2},"nm":"Path 1","mn":"ADBE Vector Shape - Group","hd":false},{"ind":1,"ty":"sh","ix":2,"ks":{"a":1,"k":[{"i":{"x":0.833,"y":0.833},"o":{"x":1,"y":0},"t":0,"s":[{"i":[[0,-40.8],[-7.2,-24.8],[46.4,94.4],[5.6,8.801]],"o":[[0,13.6],[28.8,102.4],[-7.2,-14.4],[-23.2,-36]],"v":[[111.6,337.2],[116.4,421.2],[218.8,366.8],[189.2,313.2]],"c":true}]},{"t":12,"s":[{"i":[[0,-40.8],[-7.2,-24.8],[46.4,94.4],[5.6,8.801]],"o":[[0,13.601],[28.8,102.4],[-7.2,-14.4],[-23.2,-36]],"v":[[105.542,312.809],[110.726,366.59],[213.126,323.005],[191.615,283.103]],"c":true}]}],"ix":2},"nm":"Path 2","mn":"ADBE Vector Shape - Group","hd":false},{"ind":2,"ty":"sh","ix":3,"ks":{"a":1,"k":[{"i":{"x":0.833,"y":0.833},"o":{"x":1,"y":0},"t":0,"s":[{"i":[[0,0],[-11.2,-27.2],[-46.4,1.6],[-4,31.2],[-6.4,19.2],[22.4,-82.4],[-72.8,-64],[-23.2,18.4],[-9.6,-48.8],[20,-6.4],[4,-83.2],[-9.6,-39.2],[12.8,-13.601],[-12,-16.799],[19.2,-52.8],[32.8,82.399],[38.4,-8],[74.4,-38.399],[114.4,13.6],[-37.6,51.199],[40,42.399],[8.8,-4.8],[-94.4,80.799],[4.8,51.2],[47.2,27.2],[17.6,38.4],[-56.8,-87.2],[-21.6,-1.6],[0,38.4],[11.2,14.4],[-8.8,22.4],[-13.6,-19.2]],"o":[[30.4,-21.6],[16.8,39.2],[47.2,-1.6],[0,0],[22.4,-71.2],[-25.6,92],[29.6,25.6],[66.4,-52],[9.6,47.2],[-36.8,12],[-2.4,53.601],[9.6,39.2],[-12.8,13.599],[40.8,57.6],[-19.2,52],[-70.4,-176],[-100.8,20.8],[-75.2,39.2],[-42.4,-4.8],[47.2,-64],[-20,-20.801],[-92,49.6],[48.8,-41.601],[-3.2,-37.6],[-99.2,-56.8],[-42.4,-89.6],[27.2,42.4],[21.6,1.6],[0,-14.4],[-15.2,-20],[12.8,-34.4],[13.6,19.2]],"v":[[-34,-349.2],[32.4,-323.6],[118,-271.6],[182.8,-323.6],[211.6,-452.4],[314.8,-420.4],[254,-198.8],[343.6,-192.4],[491.6,-170.8],[448.4,-102.8],[318,-3.6],[382.8,100.4],[362.8,170.001],[361.2,218.8],[443.6,357.2],[291.6,346.001],[134.8,254.8],[-44.4,244.4],[-211.6,455.6],[-245.2,342.001],[-113.2,166.001],[-169.2,167.6],[-264.4,10.001],[-146.8,-73.2],[-242,-147.6],[-411.6,-267.6],[-269.2,-344.4],[-202.8,-297.2],[-112.4,-330],[-137.2,-370],[-154.8,-438.8],[-82.8,-450.8]],"c":true}]},{"t":12,"s":[{"i":[[0,0],[-22.353,-30.387],[-46.4,1.6],[-4,31.2],[-6.4,19.2],[22.4,-82.4],[-58.156,-51.126],[-23.2,18.4],[-9.6,-48.8],[20,-6.4],[4,-83.2],[-9.6,-39.2],[12.8,-13.601],[-12,-16.799],[19.2,-52.8],[32.8,82.399],[38.4,-8],[74.4,-38.399],[114.4,13.6],[-37.6,51.199],[10.531,42.399],[9.508,-3.176],[-94.4,80.799],[4.8,51.2],[47.2,27.2],[39.256,44.687],[-91.758,-48.319],[-20.344,-5.606],[0,38.4],[11.2,14.4],[-8.8,22.4],[-13.6,-19.2]],"o":[[15.436,36.313],[23.073,22.61],[47.2,-1.6],[0,0],[22.4,-71.2],[-24.244,87.127],[29.6,25.6],[59.67,-33.369],[9.6,47.2],[-36.8,12],[-2.4,53.601],[9.6,39.2],[-12.8,13.599],[40.8,57.6],[-19.2,52],[-48.566,-125.742],[-100.8,20.8],[-75.2,39.2],[-42.4,-4.8],[47.2,-64],[-5.266,-20.801],[-99.297,32.623],[48.8,-41.601],[-3.2,-37.6],[-64.425,-36.233],[-61.61,-77.654],[34.245,17.657],[26.493,7.3],[0,-14.4],[-15.2,-20],[12.8,-34.4],[13.6,19.2]],"v":[[-32,-340.2],[36.074,-303.784],[107.184,-234.827],[157.495,-291.153],[184.295,-389.953],[287.495,-357.953],[254,-198.8],[332.6,-189.4],[434.642,-151.311],[391.442,-83.311],[318,-3.6],[324.129,98.237],[304.129,167.838],[312.529,216.637],[354.379,321.526],[241.316,277.88],[134.8,244.8],[-31.4,248.4],[-157.805,370.174],[-191.405,256.575],[-113.2,166.001],[-149.2,153.6],[-244.4,-3.999],[-146.8,-73.2],[-242,-147.6],[-362.986,-222.03],[-260.093,-321.544],[-202.8,-297.2],[-108.237,-306.94],[-121.792,-335.021],[-139.392,-403.821],[-67.392,-415.821]],"c":true}]}],"ix":2},"nm":"Path 3","mn":"ADBE Vector Shape - Group","hd":false},{"ty":"fl","c":{"a":0,"k":[0.564999988032,0.481999984442,0.952999997606,1],"ix":4},"o":{"a":0,"k":100,"ix":5},"r":1,"bm":0,"nm":"Fill 1","mn":"ADBE Vector Graphic - Fill","hd":false},{"ty":"tr","p":{"a":0,"k":[637.103,650.903],"ix":2},"a":{"a":0,"k":[0,0],"ix":1},"s":{"a":0,"k":[100,100],"ix":3},"r":{"a":0,"k":0,"ix":6},"o":{"a":0,"k":100,"ix":7},"sk":{"a":0,"k":0,"ix":4},"sa":{"a":0,"k":0,"ix":5},"nm":"Transform"}],"nm":"Group 3","np":4,"cix":2,"bm":0,"ix":3,"mn":"ADBE Vector Group","hd":false}],"ip":0,"op":14,"st":0,"bm":0},{"ddd":0,"ind":7,"ty":1,"nm":"splat detail","sr":1,"ks":{"o":{"a":0,"k":100,"ix":11},"r":{"a":0,"k":0,"ix":10},"p":{"a":0,"k":[512,512,0],"ix":2,"l":2},"a":{"a":0,"k":[512,512,0],"ix":1,"l":2},"s":{"a":0,"k":[100,100,100],"ix":6,"l":2}},"ao":0,"hasMask":true,"masksProperties":[{"inv":false,"mode":"a","pt":{"a":0,"k":{"i":[[60,-14],[0,0],[0,0],[0,0],[0,0]],"o":[[-74.65,17.418],[0,0],[0,0],[0,0],[0,0]],"v":[[426,236],[458,430],[598,454],[500,308],[502,308]],"c":true},"ix":1},"o":{"a":0,"k":100,"ix":3},"x":{"a":0,"k":0,"ix":4},"nm":"Mask 1"}],"sw":1024,"sh":1024,"sc":"#907bf3","ip":58,"op":60,"st":44,"bm":0},{"ddd":0,"ind":8,"ty":1,"nm":"splat detail 2","sr":1,"ks":{"o":{"a":0,"k":100,"ix":11},"r":{"a":0,"k":0,"ix":10},"p":{"a":0,"k":[512,512,0],"ix":2,"l":2},"a":{"a":0,"k":[512,512,0],"ix":1,"l":2},"s":{"a":0,"k":[100,100,100],"ix":6,"l":2}},"ao":0,"hasMask":true,"masksProperties":[{"inv":false,"mode":"a","pt":{"a":0,"k":{"i":[[18,-64],[0,0],[0,0],[0,0],[0,0]],"o":[[-20.754,73.792],[0,0],[0,0],[0,0],[0,0]],"v":[[340,330],[422,422],[598,454],[500,308],[468,310]],"c":true},"ix":1},"o":{"a":0,"k":100,"ix":3},"x":{"a":0,"k":0,"ix":4},"nm":"Mask 1"}],"sw":1024,"sh":1024,"sc":"#907bf3","ip":14,"op":16,"st":0,"bm":0}],"markers":[{"tm":0,"cm":"rest","dr":0}]}