{"v":"5.8.1","fr":60,"ip":0,"op":120,"w":1024,"h":1024,"nm":"emoji_Fishing pole","ddd":0,"assets":[{"id":"comp_0","nm":"Fishing pole","fr":60,"layers":[{"ddd":0,"ind":1,"ty":4,"nm":"fin","parent":4,"sr":1,"ks":{"o":{"a":0,"k":100,"ix":11},"r":{"a":1,"k":[{"i":{"x":[0.667],"y":[1]},"o":{"x":[0.333],"y":[0]},"t":14,"s":[0]},{"i":{"x":[0.667],"y":[0.985]},"o":{"x":[0.333],"y":[0]},"t":16,"s":[29]},{"i":{"x":[0.667],"y":[0.995]},"o":{"x":[0.333],"y":[-0.01]},"t":18,"s":[0.312]},{"i":{"x":[0.667],"y":[0.969]},"o":{"x":[0.333],"y":[-0.005]},"t":20,"s":[43.051]},{"i":{"x":[0.667],"y":[0.913]},"o":{"x":[0.333],"y":[-0.088]},"t":22,"s":[1.303]},{"i":{"x":[0.667],"y":[0.877]},"o":{"x":[0.333],"y":[-0.052]},"t":26,"s":[30.622]},{"i":{"x":[0.667],"y":[1]},"o":{"x":[0.333],"y":[-0.192]},"t":30,"s":[-18.579]},{"i":{"x":[0.667],"y":[1]},"o":{"x":[0.333],"y":[0]},"t":34,"s":[13]},{"i":{"x":[0.667],"y":[1]},"o":{"x":[0.333],"y":[0]},"t":44,"s":[26]},{"t":48,"s":[5]}],"ix":10},"p":{"a":0,"k":[185.368,190.994,0],"ix":2,"l":2},"a":{"a":0,"k":[31.048,26.315,0],"ix":1,"l":2},"s":{"a":0,"k":[100,100,100],"ix":6,"l":2}},"ao":0,"shapes":[{"ty":"gr","it":[{"ind":0,"ty":"sh","ix":1,"ks":{"a":0,"k":{"i":[[9.28,-9.36],[0,-35.84],[-6.96,-2.32],[-7.04,49.12]],"o":[[-6.88,6.88],[0,35.84],[6.96,2.32],[7.04,-49.12]],"v":[[-15.6,-65.04],[-30.4,12.88],[-25.76,72.08],[25.68,-15.2]],"c":true},"ix":2},"nm":"Path 1","mn":"ADBE Vector Shape - Group","hd":false},{"ty":"fl","c":{"a":0,"k":[0.097999999102,0.4,0.642999985639,1],"ix":4},"o":{"a":0,"k":100,"ix":5},"r":1,"bm":0,"nm":"Fill 1","mn":"ADBE Vector Graphic - Fill","hd":false},{"ty":"tr","p":{"a":0,"k":[32.97,74.65],"ix":2},"a":{"a":0,"k":[0,0],"ix":1},"s":{"a":0,"k":[100,100],"ix":3},"r":{"a":0,"k":0,"ix":6},"o":{"a":0,"k":100,"ix":7},"sk":{"a":0,"k":0,"ix":4},"sa":{"a":0,"k":0,"ix":5},"nm":"Transform"}],"nm":"Group 1","np":2,"cix":2,"bm":0,"ix":1,"mn":"ADBE Vector Group","hd":false}],"ip":10,"op":58,"st":0,"bm":0},{"ddd":0,"ind":2,"ty":4,"nm":"eye","parent":4,"sr":1,"ks":{"o":{"a":0,"k":100,"ix":11},"r":{"a":0,"k":0,"ix":10},"p":{"a":0,"k":[187.73,85.889,0],"ix":2,"l":2},"a":{"a":0,"k":[24.77,23.85,0],"ix":1,"l":2},"s":{"a":0,"k":[100,100,100],"ix":6,"l":2}},"ao":0,"shapes":[{"ty":"gr","it":[{"ind":0,"ty":"sh","ix":1,"ks":{"a":0,"k":{"i":[[6.56,-6.16],[-12.24,-9.36],[-5.44,6.56],[8.64,5.28]],"o":[[-6.96,6.56],[9.36,7.2],[7.76,-9.36],[-8.64,-5.28]],"v":[[-15.16,-15.44],[-12.28,16.4],[16.76,12.72],[11,-18.32]],"c":true},"ix":2},"nm":"Path 1","mn":"ADBE Vector Shape - Group","hd":false},{"ty":"fl","c":{"a":0,"k":[0.161000001197,0.176000004189,0.149000010771,1],"ix":4},"o":{"a":0,"k":100,"ix":5},"r":1,"bm":0,"nm":"Fill 1","mn":"ADBE Vector Graphic - Fill","hd":false},{"ty":"tr","p":{"a":0,"k":[24.77,23.85],"ix":2},"a":{"a":0,"k":[0,0],"ix":1},"s":{"a":0,"k":[100,100],"ix":3},"r":{"a":0,"k":0,"ix":6},"o":{"a":0,"k":100,"ix":7},"sk":{"a":0,"k":0,"ix":4},"sa":{"a":0,"k":0,"ix":5},"nm":"Transform"}],"nm":"Group 1","np":2,"cix":2,"bm":0,"ix":1,"mn":"ADBE Vector Group","hd":false}],"ip":10,"op":58,"st":0,"bm":0},{"ddd":0,"ind":3,"ty":4,"nm":"mouth","parent":4,"sr":1,"ks":{"o":{"a":0,"k":100,"ix":11},"r":{"a":0,"k":0,"ix":10},"p":{"a":0,"k":[271.73,35.289,0],"ix":2,"l":2},"a":{"a":0,"k":[30.69,40.69,0],"ix":1,"l":2},"s":{"a":0,"k":[100,100,100],"ix":6,"l":2}},"ao":0,"shapes":[{"ty":"gr","it":[{"ind":0,"ty":"sh","ix":1,"ks":{"a":0,"k":{"i":[[0,0],[-6.96,-0.8],[0,-3.68],[0,0],[-3.6,1.12],[1.28,-7.36],[13.44,5.68],[0,11.04]],"o":[[0,0],[6.96,0.8],[0,3.68],[0,0],[6.56,-2.08],[-1.28,7.36],[-10.96,-4.64],[0,-11.04]],"v":[[-29.96,-31.8],[-16.6,-39.64],[-5.56,-29],[-6.36,9.4],[16.12,-3.24],[29.16,9.4],[-17.8,34.76],[-30.44,-0.76]],"c":true},"ix":2},"nm":"Path 1","mn":"ADBE Vector Shape - Group","hd":false},{"ty":"fl","c":{"a":0,"k":[0.097999999102,0.4,0.642999985639,1],"ix":4},"o":{"a":0,"k":100,"ix":5},"r":1,"bm":0,"nm":"Fill 1","mn":"ADBE Vector Graphic - Fill","hd":false},{"ty":"tr","p":{"a":0,"k":[30.69,40.69],"ix":2},"a":{"a":0,"k":[0,0],"ix":1},"s":{"a":0,"k":[100,100],"ix":3},"r":{"a":0,"k":0,"ix":6},"o":{"a":0,"k":100,"ix":7},"sk":{"a":0,"k":0,"ix":4},"sa":{"a":0,"k":0,"ix":5},"nm":"Transform"}],"nm":"Group 1","np":2,"cix":2,"bm":0,"ix":1,"mn":"ADBE Vector Group","hd":false}],"ip":10,"op":58,"st":0,"bm":0},{"ddd":0,"ind":4,"ty":4,"nm":"body Fish mask","td":1,"sr":1,"ks":{"o":{"a":0,"k":100,"ix":11},"r":{"a":1,"k":[{"i":{"x":[0.833],"y":[0.862]},"o":{"x":[0.167],"y":[0.167]},"t":8,"s":[-31]},{"i":{"x":[0.667],"y":[0.505]},"o":{"x":[0.167],"y":[0.174]},"t":12,"s":[0]},{"i":{"x":[0.667],"y":[1]},"o":{"x":[0.333],"y":[1.079]},"t":32,"s":[122.741]},{"i":{"x":[0.659],"y":[0.883]},"o":{"x":[0.297],"y":[0]},"t":36,"s":[134]},{"i":{"x":[0.815],"y":[1.133]},"o":{"x":[0.425],"y":[-0.354]},"t":42,"s":[184.888]},{"i":{"x":[0.833],"y":[0.833]},"o":{"x":[0.167],"y":[0.167]},"t":48,"s":[164]},{"i":{"x":[0.833],"y":[0.833]},"o":{"x":[0.167],"y":[0.167]},"t":51,"s":[146.857]},{"t":54,"s":[148]}],"ix":10},"p":{"a":1,"k":[{"i":{"x":0.833,"y":0.954},"o":{"x":0.167,"y":0.167},"t":8,"s":[77.24,1105.221,0],"to":[0,0,0],"ti":[0,0,0]},{"i":{"x":0.575,"y":0.601},"o":{"x":0.185,"y":0.288},"t":12,"s":[321.24,635.221,0],"to":[0,0,0],"ti":[0,0,0]},{"i":{"x":0.833,"y":0.833},"o":{"x":0.341,"y":0.461},"t":24,"s":[469.607,392.958,0],"to":[0,0,0],"ti":[0,0,0]},{"i":{"x":0.833,"y":0.833},"o":{"x":0.167,"y":0.167},"t":36,"s":[586.24,234.221,0],"to":[0,0,0],"ti":[0,0,0]},{"i":{"x":0.833,"y":0.833},"o":{"x":0.167,"y":0.167},"t":38,"s":[623.478,223.692,0],"to":[0,0,0],"ti":[0,0,0]},{"i":{"x":0.833,"y":0.833},"o":{"x":0.167,"y":0.167},"t":39,"s":[624.101,242.428,0],"to":[0,0,0],"ti":[0,0,0]},{"i":{"x":0.833,"y":0.826},"o":{"x":0.167,"y":0.167},"t":42,"s":[606.252,322.494,0],"to":[0,0,0],"ti":[0,0,0]},{"i":{"x":0.833,"y":0.833},"o":{"x":0.167,"y":0.16},"t":45,"s":[373.226,573.443,0],"to":[0,0,0],"ti":[0,0,0]},{"i":{"x":0.833,"y":0.833},"o":{"x":0.167,"y":0.167},"t":48,"s":[183.24,896.221,0],"to":[0,0,0],"ti":[0,0,0]},{"i":{"x":0.833,"y":0.833},"o":{"x":0.167,"y":0.167},"t":51,"s":[156.955,1114.505,0],"to":[0,0,0],"ti":[0,0,0]},{"i":{"x":0.833,"y":0.833},"o":{"x":0.167,"y":0.167},"t":52,"s":[139.049,1169.078,0],"to":[0,0,0],"ti":[0,0,0]},{"i":{"x":0.833,"y":0.833},"o":{"x":0.167,"y":0.167},"t":53,"s":[123.144,1203.65,0],"to":[0,0,0],"ti":[0,0,0]},{"t":54,"s":[107.24,1278.221,0]}],"ix":2,"l":2},"a":{"a":0,"k":[172.13,189.669,0],"ix":1,"l":2},"s":{"a":0,"k":[100,100,100],"ix":6,"l":2}},"ao":0,"shapes":[{"ty":"gr","it":[{"ind":0,"ty":"sh","ix":1,"ks":{"a":1,"k":[{"i":{"x":0.667,"y":1},"o":{"x":0.333,"y":0},"t":24,"s":[{"i":[[9.657,-1.932],[28,-85.519],[-9.691,-54.275],[0,0],[-82.72,135.44],[0,0],[0,0],[0,0],[0,0],[24.414,-0.001]],"o":[[-31.12,6.239],[-20.879,63.912],[5.496,30.782],[-0.8,2.32],[62.48,-102.32],[0,0],[0,0],[0,0],[0,0],[-10.943,0]],"v":[[-7.16,-186.82],[-139.16,-68.821],[-140.738,135.918],[-129.72,187.1],[109.4,53.899],[125,-147.939],[85.24,-133.14],[81.32,-179.861],[71.96,-186.101],[24.703,-189.419]],"c":true}]},{"i":{"x":0.833,"y":0.833},"o":{"x":0.333,"y":0},"t":36,"s":[{"i":[[9.657,-1.932],[28.03,-85.509],[-49.818,-51.017],[0,0],[-92.197,134.371],[0,0],[0,0],[0,0],[0,0],[24.414,-0.001]],"o":[[-31.12,6.239],[-39.779,121.35],[28.254,28.934],[-0.8,2.32],[67.828,-98.856],[0,0],[0,0],[0,0],[0,0],[-10.943,0]],"v":[[-8.536,-192.993],[-148.42,-66.757],[-76.75,198.054],[-24.042,242.598],[90.701,44.136],[125,-147.939],[85.24,-133.14],[81.32,-179.861],[71.96,-186.101],[23.327,-195.592]],"c":true}]},{"i":{"x":0.833,"y":0.833},"o":{"x":0.167,"y":0.167},"t":40,"s":[{"i":[[9.657,-1.932],[28.387,-85.384],[-58.088,-42.307],[0,0],[-93.465,139.024],[0,0],[0,0],[0,0],[0,0],[24.414,-0.001]],"o":[[-31.12,6.239],[-38.691,117.323],[40.673,27.781],[-0.8,2.32],[67.168,-99.255],[0,0],[0,0],[0,0],[0,0],[-10.943,0]],"v":[[-8.432,-192.329],[-147.383,-66.554],[-55.395,197.705],[29.616,229.072],[92.31,45.018],[125,-147.939],[85.24,-133.14],[81.32,-179.861],[71.96,-186.101],[23.431,-194.928]],"c":true}]},{"i":{"x":0.833,"y":0.833},"o":{"x":0.167,"y":0.167},"t":48,"s":[{"i":[[9.657,-1.932],[34.465,-83.244],[-4.88,-56.221],[0,0],[-115.096,218.38],[0,0],[0,0],[0,0],[0,0],[24.414,-0.001]],"o":[[-31.12,6.239],[-20.135,48.632],[5.51,63.477],[-0.8,2.32],[55.898,-106.059],[0,0],[0,0],[0,0],[0,0],[-10.943,0]],"v":[[-6.655,-181.01],[-129.712,-63.1],[-137.784,117.026],[-159.488,207.071],[119.747,60.059],[125,-147.939],[85.24,-133.14],[81.32,-179.861],[71.96,-186.101],[25.208,-183.609]],"c":true}]},{"t":54,"s":[{"i":[[9.657,-1.932],[28,-85.519],[-9.691,-54.275],[0,0],[-82.72,135.44],[0,0],[0,0],[0,0],[0,0],[24.414,-0.001]],"o":[[-31.12,6.239],[-20.879,63.912],[5.496,30.782],[-0.8,2.32],[62.48,-102.32],[0,0],[0,0],[0,0],[0,0],[-10.943,0]],"v":[[-18.186,-148.369],[-150.185,-30.37],[-151.763,174.368],[-140.745,225.55],[98.375,92.35],[113.975,-109.489],[74.214,-94.69],[70.295,-141.41],[60.935,-147.65],[13.678,-150.968]],"c":true}]}],"ix":2},"nm":"Path 2","mn":"ADBE Vector Shape - Group","hd":false},{"ty":"gf","o":{"a":0,"k":100,"ix":10},"r":1,"bm":0,"g":{"p":3,"k":{"a":0,"k":[0.612,0.075,0.514,0.733,0.7,0.32,0.663,0.829,0.758,0.565,0.812,0.925],"ix":9}},"s":{"a":0,"k":[-182,-104],"ix":5},"e":{"a":0,"k":[168,68],"ix":6},"t":2,"h":{"a":0,"k":-1,"ix":7},"a":{"a":0,"k":0,"ix":8},"nm":"Gradient Fill 1","mn":"ADBE Vector Graphic - G-Fill","hd":false},{"ty":"tr","p":{"a":0,"k":[172.13,189.669],"ix":2},"a":{"a":0,"k":[0,0],"ix":1},"s":{"a":0,"k":[100,100],"ix":3},"r":{"a":0,"k":0,"ix":6},"o":{"a":0,"k":100,"ix":7},"sk":{"a":0,"k":0,"ix":4},"sa":{"a":0,"k":0,"ix":5},"nm":"Transform"}],"nm":"Group 1","np":2,"cix":2,"bm":0,"ix":1,"mn":"ADBE Vector Group","hd":false}],"ip":10,"op":55,"st":0,"bm":0},{"ddd":0,"ind":5,"ty":4,"nm":"gradient","parent":4,"tt":1,"sr":1,"ks":{"o":{"a":0,"k":100,"ix":11},"r":{"a":0,"k":39,"ix":10},"p":{"a":0,"k":[82.89,288.449,0],"ix":2,"l":2},"a":{"a":0,"k":[0,0,0],"ix":1,"l":2},"s":{"a":0,"k":[67.309,94,100],"ix":6,"l":2}},"ao":0,"shapes":[{"ty":"gr","it":[{"ty":"rc","d":1,"s":{"a":0,"k":[1024,1024],"ix":2},"p":{"a":0,"k":[0,0],"ix":3},"r":{"a":0,"k":0,"ix":4},"nm":"Rectangle Path 1","mn":"ADBE Vector Shape - Rect","hd":false},{"ty":"gf","o":{"a":0,"k":100,"ix":10},"r":1,"bm":0,"g":{"p":3,"k":{"a":0,"k":[0.583,0.075,0.514,0.733,0.683,0.32,0.663,0.829,0.772,0.565,0.812,0.925],"ix":9}},"s":{"a":0,"k":[-182,-104],"ix":5},"e":{"a":0,"k":[168,68],"ix":6},"t":2,"h":{"a":0,"k":-1,"ix":7},"a":{"a":0,"k":0,"ix":8},"nm":"Gradient Fill 1","mn":"ADBE Vector Graphic - G-Fill","hd":false},{"ty":"tr","p":{"a":0,"k":[0,0],"ix":2},"a":{"a":0,"k":[0,0],"ix":1},"s":{"a":0,"k":[100,100],"ix":3},"r":{"a":0,"k":0,"ix":6},"o":{"a":0,"k":100,"ix":7},"sk":{"a":0,"k":0,"ix":4},"sa":{"a":0,"k":0,"ix":5},"nm":"Transform"}],"nm":"Rectangle 1","np":3,"cix":2,"bm":0,"ix":1,"mn":"ADBE Vector Group","hd":false}],"ip":0,"op":120,"st":0,"bm":0},{"ddd":0,"ind":6,"ty":4,"nm":"fin","parent":4,"sr":1,"ks":{"o":{"a":0,"k":100,"ix":11},"r":{"a":0,"k":0,"ix":10},"p":{"a":1,"k":[{"i":{"x":0.833,"y":0.833},"o":{"x":0.167,"y":0.167},"t":41,"s":[18.13,182.089,0],"to":[0.399,-1.205,0],"ti":[-0.565,1.216,0]},{"i":{"x":0.833,"y":0.833},"o":{"x":0.167,"y":0.167},"t":42,"s":[20.523,174.859,0],"to":[0.565,-1.216,0],"ti":[-0.166,0.011,0]},{"i":{"x":0.833,"y":0.833},"o":{"x":0.167,"y":0.167},"t":44,"s":[21.52,174.791,0],"to":[0,0,0],"ti":[0,0,0]},{"i":{"x":0.833,"y":0.833},"o":{"x":0.167,"y":0.167},"t":46,"s":[21.52,174.791,0],"to":[-0.565,1.216,0],"ti":[0.565,-1.216,0]},{"t":48,"s":[18.13,182.089,0]}],"ix":2,"l":2},"a":{"a":0,"k":[52.45,106.21,0],"ix":1,"l":2},"s":{"a":0,"k":[100,100,100],"ix":6,"l":2}},"ao":0,"shapes":[{"ty":"gr","it":[{"ind":0,"ty":"sh","ix":1,"ks":{"a":0,"k":{"i":[[0,0],[10.16,0],[0,-12.48],[-14.8,-32],[0,0]],"o":[[0,0],[-10.16,0],[0,12.48],[14.8,31.999],[0,0]],"v":[[52.2,-101.32],[36.6,-105.96],[-52.2,-64.68],[-24.92,17.16],[21.08,105.96]],"c":true},"ix":2},"nm":"Path 1","mn":"ADBE Vector Shape - Group","hd":false},{"ty":"fl","c":{"a":0,"k":[0.097999999102,0.4,0.642999985639,1],"ix":4},"o":{"a":0,"k":100,"ix":5},"r":1,"bm":0,"nm":"Fill 1","mn":"ADBE Vector Graphic - Fill","hd":false},{"ty":"tr","p":{"a":0,"k":[52.45,106.21],"ix":2},"a":{"a":0,"k":[0,0],"ix":1},"s":{"a":0,"k":[100,100],"ix":3},"r":{"a":0,"k":0,"ix":6},"o":{"a":0,"k":100,"ix":7},"sk":{"a":0,"k":0,"ix":4},"sa":{"a":0,"k":0,"ix":5},"nm":"Transform"}],"nm":"Group 1","np":2,"cix":2,"bm":0,"ix":1,"mn":"ADBE Vector Group","hd":false}],"ip":0,"op":120,"st":0,"bm":0},{"ddd":0,"ind":7,"ty":4,"nm":"tail","parent":4,"sr":1,"ks":{"o":{"a":0,"k":100,"ix":11},"r":{"a":1,"k":[{"i":{"x":[0.667],"y":[0.776]},"o":{"x":[0.333],"y":[0]},"t":12,"s":[0]},{"i":{"x":[0.667],"y":[1.745]},"o":{"x":[0.333],"y":[-0.277]},"t":18,"s":[-22.179]},{"i":{"x":[0.667],"y":[1]},"o":{"x":[0.333],"y":[0.221]},"t":26,"s":[1.769]},{"i":{"x":[0.833],"y":[1]},"o":{"x":[0.333],"y":[0]},"t":36,"s":[-99]},{"i":{"x":[0.833],"y":[1]},"o":{"x":[0.167],"y":[0]},"t":40,"s":[-111]},{"i":{"x":[0.833],"y":[1]},"o":{"x":[0.167],"y":[0]},"t":44,"s":[-17]},{"i":{"x":[0.833],"y":[1]},"o":{"x":[0.167],"y":[0]},"t":46,"s":[13]},{"i":{"x":[0.833],"y":[1]},"o":{"x":[0.167],"y":[0]},"t":52,"s":[2]},{"t":56,"s":[-6]}],"ix":10},"p":{"a":1,"k":[{"i":{"x":0.786,"y":0},"o":{"x":0.333,"y":0},"t":14,"s":[54.092,362.47,0],"to":[8.69,3.943,0],"ti":[-21.569,-9.786,0]},{"i":{"x":0.667,"y":1},"o":{"x":0.333,"y":0.256},"t":26,"s":[63.89,370.873,0],"to":[17.327,7.862,0],"ti":[-6.981,-3.167,0]},{"i":{"x":0.667,"y":1},"o":{"x":0.333,"y":0},"t":36,"s":[148.114,405.13,0],"to":[15.67,7.11,0],"ti":[-0.791,-0.312,0]},{"i":{"x":0.667,"y":1},"o":{"x":0.333,"y":0},"t":40,"s":[195.611,406.567,0],"to":[0.791,0.312,0],"ti":[1.33,-0.09,0]},{"i":{"x":0.667,"y":1},"o":{"x":0.333,"y":0},"t":44,"s":[113.393,406.144,0],"to":[-1.33,0.09,0],"ti":[1.363,-0.174,0]},{"i":{"x":0.667,"y":0.866},"o":{"x":0.333,"y":0},"t":46,"s":[70.409,394.993,0],"to":[-0.445,0.057,0],"ti":[4.562,-1.314,0]},{"i":{"x":0.667,"y":1},"o":{"x":0.333,"y":0.732},"t":48,"s":[32.776,397.319,0],"to":[-9.402,2.709,0],"ti":[0.889,-0.341,0]},{"i":{"x":0.667,"y":1},"o":{"x":0.333,"y":0},"t":52,"s":[37.708,404.516,0],"to":[-1.32,0.507,0],"ti":[0,0,0]},{"i":{"x":0.833,"y":0.833},"o":{"x":0.333,"y":0},"t":56,"s":[37.708,404.516,0],"to":[0,0,0],"ti":[0,0,0]},{"t":58,"s":[118.259,313.349,0]}],"ix":2,"l":2},"a":{"a":0,"k":[135.212,30.271,0],"ix":1,"l":2},"s":{"a":0,"k":[100,100,100],"ix":6,"l":2}},"ao":0,"shapes":[{"ty":"gr","it":[{"ind":0,"ty":"sh","ix":1,"ks":{"a":1,"k":[{"i":{"x":0.833,"y":0.833},"o":{"x":0.167,"y":0.167},"t":18,"s":[{"i":[[0,0],[35.12,-10.96],[-0.8,-7.76],[-31.2,-3.92],[0,0],[-8.56,-19.52],[-9.36,3.92],[0.72,11.68]],"o":[[-8.56,-2.32],[-35.12,10.96],[0.8,7.76],[31.2,3.92],[0,0],[11.68,26.48],[6.48,-2.72],[-0.72,-11.68]],"v":[[59.52,-75.64],[-25.44,-50.68],[-85.44,-27.32],[-28.56,-0.84],[22.08,-8.6],[33.76,28.84],[79.76,74.04],[72,-51.4]],"c":true}]},{"i":{"x":0.833,"y":0.833},"o":{"x":0.167,"y":0.167},"t":36,"s":[{"i":[[0,0],[19.677,-31.086],[-5.633,-5.397],[-26.32,17.207],[0,0],[-8.56,-19.52],[-9.36,3.92],[0.72,11.68]],"o":[[-8.56,-2.32],[-19.677,31.087],[5.633,5.397],[26.32,-17.207],[0,0],[11.68,26.48],[6.48,-2.72],[-0.72,-11.68]],"v":[[59.52,-75.64],[-13.174,-15.731],[-43.79,40.911],[16.708,24.279],[22.08,-8.6],[33.76,28.84],[79.76,74.04],[72,-51.4]],"c":true}]},{"i":{"x":0.833,"y":0.833},"o":{"x":0.167,"y":0.167},"t":40,"s":[{"i":[[0,0],[17.764,-32.18],[-5.633,-5.397],[-11.552,19.236],[0,0],[-8.56,-19.52],[-9.36,3.92],[0.72,11.68]],"o":[[-8.56,-2.32],[-18.893,34.377],[5.633,5.397],[12.999,-26.269],[0,0],[11.68,26.48],[6.48,-2.72],[-0.72,-11.68]],"v":[[59.52,-75.64],[-10.38,-10.411],[-14.773,58.9],[24.423,25.49],[22.08,-8.6],[33.76,28.84],[79.76,74.04],[72,-51.4]],"c":true}]},{"i":{"x":0.833,"y":0.833},"o":{"x":0.167,"y":0.167},"t":41,"s":[{"i":[[0,0],[11.916,-36.424],[-5.919,-5.081],[-6.768,20.144],[0,0],[-9.614,-19.023],[-9.128,4.433],[0.72,11.68]],"o":[[-8.56,-2.32],[-12.392,37.881],[5.919,5.081],[8.094,-29.02],[0,0],[13.11,25.802],[6.322,-3.07],[-0.72,-11.68]],"v":[[59.52,-75.64],[-7.291,-8.781],[-1.169,63.47],[30.596,24.07],[24.449,-10.038],[38.159,26.708],[86.562,69.325],[72,-51.4]],"c":true}]},{"i":{"x":0.667,"y":1},"o":{"x":0.167,"y":0.167},"t":42,"s":[{"i":[[0,0],[16.808,-32.726],[-5.633,-5.397],[-4.168,20.251],[0,0],[-8.56,-19.52],[-9.36,3.92],[0.72,11.68]],"o":[[-8.56,-2.32],[-18.501,36.022],[5.633,5.397],[6.339,-30.8],[0,0],[11.68,26.48],[6.48,-2.72],[-0.72,-11.68]],"v":[[59.52,-75.64],[-8.983,-7.751],[-0.265,67.894],[28.281,26.095],[22.08,-8.6],[33.76,28.84],[79.76,74.04],[72,-51.4]],"c":true}]},{"t":50,"s":[{"i":[[0,0],[35.12,-10.96],[-0.8,-7.76],[-31.2,-3.92],[0,0],[-8.56,-19.52],[-9.36,3.92],[0.72,11.68]],"o":[[-8.56,-2.32],[-35.12,10.96],[0.8,7.76],[31.2,3.92],[0,0],[11.68,26.48],[6.48,-2.72],[-0.72,-11.68]],"v":[[59.52,-75.64],[-25.44,-50.68],[-85.44,-27.32],[-28.56,-0.84],[22.08,-8.6],[33.76,28.84],[79.76,74.04],[72,-51.4]],"c":true}]}],"ix":2},"nm":"Path 1","mn":"ADBE Vector Shape - Group","hd":false},{"ty":"fl","c":{"a":0,"k":[0.097999999102,0.4,0.642999985639,1],"ix":4},"o":{"a":0,"k":100,"ix":5},"r":1,"bm":0,"nm":"Fill 1","mn":"ADBE Vector Graphic - Fill","hd":false},{"ty":"tr","p":{"a":0,"k":[86.49,78.21],"ix":2},"a":{"a":0,"k":[0,0],"ix":1},"s":{"a":0,"k":[100,100],"ix":3},"r":{"a":0,"k":0,"ix":6},"o":{"a":0,"k":100,"ix":7},"sk":{"a":0,"k":0,"ix":4},"sa":{"a":0,"k":0,"ix":5},"nm":"Transform"}],"nm":"Group 1","np":2,"cix":2,"bm":0,"ix":1,"mn":"ADBE Vector Group","hd":false}],"ip":0,"op":55,"st":0,"bm":0},{"ddd":0,"ind":8,"ty":4,"nm":"motor","parent":16,"sr":1,"ks":{"o":{"a":0,"k":100,"ix":11},"r":{"a":0,"k":0,"ix":10},"p":{"a":0,"k":[79.81,203.85,0],"ix":2,"l":2},"a":{"a":0,"k":[149.81,134.25,0],"ix":1,"l":2},"s":{"a":0,"k":[100,100,100],"ix":6,"l":2}},"ao":0,"shapes":[{"ty":"gr","it":[{"ind":0,"ty":"sh","ix":1,"ks":{"a":0,"k":{"i":[[30.88,11.68],[10.32,-10.8],[0,0],[-39.44,-15.68],[0,0],[7.68,25.6]],"o":[[-49.6,-18.8],[-10.32,10.72],[0,0],[39.04,15.52],[0,0],[-5.28,-17.76]],"v":[[27.88,-46.48],[-57.24,-36.16],[-80.6,9.6],[-5.72,29.36],[61.56,65.28],[72.92,-2.24]],"c":true},"ix":2},"nm":"Path 1","mn":"ADBE Vector Shape - Group","hd":false},{"ty":"fl","c":{"a":0,"k":[0.416000007181,0.647000002394,0.677999997606,1],"ix":4},"o":{"a":0,"k":100,"ix":5},"r":1,"bm":0,"nm":"Fill 1","mn":"ADBE Vector Graphic - Fill","hd":false},{"ty":"tr","p":{"a":0,"k":[106.77,65.53],"ix":2},"a":{"a":0,"k":[0,0],"ix":1},"s":{"a":0,"k":[100,100],"ix":3},"r":{"a":0,"k":0,"ix":6},"o":{"a":0,"k":100,"ix":7},"sk":{"a":0,"k":0,"ix":4},"sa":{"a":0,"k":0,"ix":5},"nm":"Transform"}],"nm":"Group 1","np":2,"cix":2,"bm":0,"ix":1,"mn":"ADBE Vector Group","hd":false},{"ty":"gr","it":[{"ind":0,"ty":"sh","ix":1,"ks":{"a":0,"k":{"i":[[-1.506,-12.144],[-0.24,-1.04],[0,0],[-5.68,-14.96],[-24.8,0.96],[0,0],[-17.04,31.76],[0,0],[0,0],[0,0],[5.52,-16.32]],"o":[[0.24,1.12],[3.44,15.12],[0,0],[4.24,11.04],[18.56,-0.8],[0,0],[17.04,-31.76],[0,0],[0,0],[0,0],[-7.266,20.551]],"v":[[-79.4,-9.52],[-78.6,-6.24],[-63,16.16],[-78.92,73.12],[-25,99.44],[12.2,44.64],[61,17.44],[84.6,-36.56],[28.12,-100.4],[-58.68,-88.8],[-70.04,-59.12]],"c":true},"ix":2},"nm":"Path 1","mn":"ADBE Vector Shape - Group","hd":false},{"ty":"fl","c":{"a":0,"k":[0.250999989229,0.447000002394,0.481999984442,1],"ix":4},"o":{"a":0,"k":100,"ix":5},"r":1,"bm":0,"nm":"Fill 1","mn":"ADBE Vector Graphic - Fill","hd":false},{"ty":"tr","p":{"a":0,"k":[84.85,163.85],"ix":2},"a":{"a":0,"k":[0,0],"ix":1},"s":{"a":0,"k":[100,100],"ix":3},"r":{"a":0,"k":0,"ix":6},"o":{"a":0,"k":100,"ix":7},"sk":{"a":0,"k":0,"ix":4},"sa":{"a":0,"k":0,"ix":5},"nm":"Transform"}],"nm":"Group 2","np":2,"cix":2,"bm":0,"ix":2,"mn":"ADBE Vector Group","hd":false}],"ip":0,"op":120,"st":0,"bm":0},{"ddd":0,"ind":9,"ty":4,"nm":"lever 2","parent":8,"sr":1,"ks":{"o":{"a":0,"k":100,"ix":11},"r":{"a":1,"k":[{"i":{"x":[0.833],"y":[1]},"o":{"x":[0.167],"y":[0]},"t":10,"s":[0]},{"t":42,"s":[720]}],"ix":10},"p":{"a":1,"k":[{"i":{"x":0.667,"y":1},"o":{"x":0.333,"y":0},"t":10,"s":[31.141,117.5,0],"to":[2.331,-0.114,0],"ti":[0,0,0]},{"i":{"x":0.667,"y":1},"o":{"x":0.333,"y":0},"t":20,"s":[45.124,116.816,0],"to":[0,0,0],"ti":[0,0,0]},{"i":{"x":0.667,"y":1},"o":{"x":0.333,"y":0},"t":26,"s":[31.141,117.5,0],"to":[0,0,0],"ti":[0,0,0]},{"i":{"x":0.667,"y":0.692},"o":{"x":0.333,"y":0},"t":36,"s":[45.124,116.816,0],"to":[0,0,0],"ti":[0.452,1.488,0]},{"i":{"x":0.667,"y":0.929},"o":{"x":0.333,"y":0.07},"t":40,"s":[37.123,115.705,0],"to":[-0.161,-0.529,0],"ti":[0.956,-0.047,0]},{"i":{"x":0.667,"y":1},"o":{"x":0.333,"y":0.043},"t":41,"s":[45.021,111.532,0],"to":[-0.434,0.021,0],"ti":[0.248,-0.012,0]},{"t":42,"s":[31.141,117.5,0]}],"ix":2,"l":2},"a":{"a":0,"k":[115.941,24.28,0],"ix":1,"l":2},"s":{"a":0,"k":[100,100,100],"ix":6,"l":2}},"ao":0,"shapes":[{"ty":"gr","it":[{"ind":0,"ty":"sh","ix":1,"ks":{"a":1,"k":[{"i":{"x":0.833,"y":1},"o":{"x":0.167,"y":0},"t":10,"s":[{"i":[[2.578,-1.296],[12.48,-6.88],[9.373,-5.958],[-0.074,-10.525],[0,0],[-17.2,0.4],[-12.96,10.8],[0,0],[0,0]],"o":[[-6.24,3.12],[-17.04,9.28],[-7.665,4.872],[0.08,11.364],[0,0],[13.84,-0.32],[20.513,-14.415],[0,0],[0,0]],"v":[[27.669,-36.771],[-4.33,-19.971],[-36.276,-3.424],[-57.412,20.888],[-54.926,45.89],[-39.691,47.63],[18.309,12.829],[71.69,-24.859],[59.782,-48.029]],"c":true}]},{"t":41,"s":[{"i":[[2.578,-1.296],[12.48,-6.88],[9.373,-5.958],[1.346,-10.439],[0,0],[-17.2,0.4],[-12.96,10.8],[0,0],[0,0]],"o":[[-6.24,3.12],[-17.04,9.28],[-7.665,4.872],[-2.566,19.902],[0,0],[13.84,-0.32],[20.513,-14.415],[0,0],[0,0]],"v":[[27.67,-36.771],[-4.33,-19.971],[-36.276,-3.424],[-60.362,21.436],[-54.926,45.89],[-39.691,47.63],[18.309,12.829],[71.69,-24.859],[59.782,-48.029]],"c":true}]}],"ix":2},"nm":"Path 1","mn":"ADBE Vector Shape - Group","hd":false},{"ty":"fl","c":{"a":0,"k":[0.250999989229,0.447000002394,0.481999984442,1],"ix":4},"o":{"a":0,"k":100,"ix":5},"r":1,"bm":0,"nm":"Fill 1","mn":"ADBE Vector Graphic - Fill","hd":false},{"ty":"tr","p":{"a":0,"k":[71.941,48.28],"ix":2},"a":{"a":0,"k":[0,0],"ix":1},"s":{"a":0,"k":[100,100],"ix":3},"r":{"a":0,"k":0,"ix":6},"o":{"a":0,"k":100,"ix":7},"sk":{"a":0,"k":0,"ix":4},"sa":{"a":0,"k":0,"ix":5},"nm":"Transform"}],"nm":"Group 1","np":2,"cix":2,"bm":0,"ix":1,"mn":"ADBE Vector Group","hd":false}],"ip":40,"op":42,"st":0,"bm":0},{"ddd":0,"ind":10,"ty":4,"nm":"lever","parent":13,"sr":1,"ks":{"o":{"a":0,"k":100,"ix":11},"r":{"a":1,"k":[{"i":{"x":[0.649],"y":[0.619]},"o":{"x":[0.302],"y":[0]},"t":12,"s":[0]},{"i":{"x":[0.825],"y":[1]},"o":{"x":[0.407],"y":[0.442]},"t":13.875,"s":[-31.709]},{"i":{"x":[0.642],"y":[0.619]},"o":{"x":[0.157],"y":[0]},"t":17.625,"s":[-95]},{"i":{"x":[0.808],"y":[1]},"o":{"x":[0.438],"y":[1.161]},"t":19,"s":[-144.556]},{"i":{"x":[0.572],"y":[0.757]},"o":{"x":[0.216],"y":[0]},"t":20,"s":[-159]},{"i":{"x":[0.647],"y":[0.749]},"o":{"x":[0.305],"y":[0.883]},"t":21.375,"s":[89.601]},{"i":{"x":[0.67],"y":[0.652]},"o":{"x":[0.33],"y":[-0.131]},"t":23.25,"s":[155.987]},{"i":{"x":[0.667],"y":[1]},"o":{"x":[0.352],"y":[1.186]},"t":25.125,"s":[37.167]},{"i":{"x":[0.649],"y":[0.704]},"o":{"x":[0.302],"y":[0]},"t":27,"s":[0]},{"i":{"x":[0.688],"y":[0.66]},"o":{"x":[0.342],"y":[0.284]},"t":28.875,"s":[-40.709]},{"i":{"x":[0.797],"y":[1]},"o":{"x":[0.431],"y":[0.353]},"t":30.75,"s":[-82.015]},{"i":{"x":[0.833],"y":[1]},"o":{"x":[0.167],"y":[0]},"t":32.625,"s":[-137]},{"i":{"x":[0.572],"y":[0.651]},"o":{"x":[0.216],"y":[0]},"t":34.5,"s":[-146]},{"i":{"x":[0.647],"y":[0.749]},"o":{"x":[0.305],"y":[0.883]},"t":36.375,"s":[89.601]},{"i":{"x":[0.665],"y":[0.762]},"o":{"x":[0.33],"y":[-0.086]},"t":38.25,"s":[155.987]},{"i":{"x":[0.67],"y":[0.39]},"o":{"x":[0.334],"y":[0.632]},"t":39,"s":[83.79]},{"i":{"x":[0.675],"y":[0.715]},"o":{"x":[0.34],"y":[0.974]},"t":40.125,"s":[43.167]},{"i":{"x":[0.684],"y":[1]},"o":{"x":[0.348],"y":[0.311]},"t":41,"s":[22.818]},{"t":42,"s":[0]}],"ix":10},"p":{"a":1,"k":[{"i":{"x":0.667,"y":0.608},"o":{"x":0.333,"y":0},"t":12,"s":[20.582,62.091,0],"to":[0.926,-1.843,0],"ti":[-0.592,-0.805,0]},{"i":{"x":0.667,"y":0.283},"o":{"x":0.333,"y":0.336},"t":13,"s":[23.581,65.944,0],"to":[1.475,2.006,0],"ti":[-1.513,1.941,0]},{"i":{"x":0.667,"y":0.745},"o":{"x":0.333,"y":0.413},"t":13.875,"s":[26.951,69.29,0],"to":[6.509,-8.352,0],"ti":[0.338,-4.381,0]},{"i":{"x":0.667,"y":0.553},"o":{"x":0.333,"y":0.493},"t":15,"s":[34.108,68.463,0],"to":[-0.133,1.728,0],"ti":[0.15,-2.254,0]},{"i":{"x":0.667,"y":0.77},"o":{"x":0.333,"y":0.28},"t":15.75,"s":[33.218,72.867,0],"to":[-0.186,2.789,0],"ti":[0.209,-2.941,0]},{"i":{"x":0.667,"y":1},"o":{"x":0.333,"y":0.639},"t":17,"s":[30.928,84.634,0],"to":[-0.096,1.348,0],"ti":[-0.008,-0.03,0]},{"i":{"x":0.667,"y":0.813},"o":{"x":0.333,"y":0},"t":17.625,"s":[32.299,85.943,0],"to":[0.02,0.078,0],"ti":[1.509,1.133,0]},{"i":{"x":0.667,"y":0.927},"o":{"x":0.333,"y":0.056},"t":19.5,"s":[33.93,76.312,0],"to":[-1.166,-0.876,0],"ti":[1.819,0.724,0]},{"i":{"x":0.667,"y":1},"o":{"x":0.333,"y":0.19},"t":21,"s":[58.569,67.638,0],"to":[-5.592,-2.226,0],"ti":[-3.701,7.366,0]},{"i":{"x":0.667,"y":0.403},"o":{"x":0.333,"y":0},"t":27,"s":[20.582,62.091,0],"to":[3.234,-6.436,0],"ti":[-2.12,2.72,0]},{"i":{"x":0.667,"y":0.802},"o":{"x":0.333,"y":0.406},"t":28.875,"s":[24.799,72.683,0],"to":[9.13,-11.716,0],"ti":[0.034,-6.718,0]},{"i":{"x":0.667,"y":1},"o":{"x":0.333,"y":0.49},"t":30.75,"s":[27.494,84.246,0],"to":[-0.017,3.37,0],"ti":[-0.024,-0.093,0]},{"i":{"x":0.667,"y":0.42},"o":{"x":0.333,"y":0},"t":32.625,"s":[34.955,82.176,0],"to":[0.012,0.046,0],"ti":[-3.156,-0.116,0]},{"i":{"x":0.667,"y":0.894},"o":{"x":0.333,"y":0.091},"t":34,"s":[40.484,82.5,0],"to":[2.389,0.088,0],"ti":[-2.623,0.036,0]},{"i":{"x":0.667,"y":0.943},"o":{"x":0.333,"y":0.107},"t":35,"s":[60.286,66.572,0],"to":[5.261,-0.072,0],"ti":[1.955,1.42,0]},{"i":{"x":0.667,"y":0.838},"o":{"x":0.333,"y":0.151},"t":36,"s":[75.329,85.875,0],"to":[-1.742,-1.265,0],"ti":[2.698,1.896,0]},{"i":{"x":0.667,"y":0.785},"o":{"x":0.333,"y":0.091},"t":38.25,"s":[54.402,81.155,0],"to":[-0.966,-0.679,0],"ti":[2.09,1.749,0]},{"i":{"x":0.667,"y":0.635},"o":{"x":0.333,"y":0.476},"t":39,"s":[47.65,70.388,0],"to":[-3.225,-2.699,0],"ti":[2.646,1.445,0]},{"i":{"x":0.667,"y":0.617},"o":{"x":0.333,"y":0.215},"t":40,"s":[40.52,67.914,0],"to":[-1.886,-1.03,0],"ti":[4.306,1.359,0]},{"i":{"x":0.667,"y":1},"o":{"x":0.333,"y":0.191},"t":41,"s":[46.19,58.004,0],"to":[-4.639,-1.465,0],"ti":[-0.532,1.06,0]},{"t":42,"s":[20.582,62.091,0]}],"ix":2,"l":2},"a":{"a":0,"k":[65.699,38.953,0],"ix":1,"l":2},"s":{"a":1,"k":[{"i":{"x":[0.667,0.667,0.667],"y":[1,1,1]},"o":{"x":[0.333,0.333,0.333],"y":[0,0,0]},"t":12,"s":[100,100,100]},{"i":{"x":[0.667,0.667,0.667],"y":[1,1,1]},"o":{"x":[0.333,0.333,0.333],"y":[0,0,0]},"t":13.875,"s":[100,90,100]},{"i":{"x":[0.667,0.667,0.667],"y":[1,1,1]},"o":{"x":[0.333,0.333,0.333],"y":[0,0,0]},"t":27,"s":[100,100,100]},{"i":{"x":[0.667,0.667,0.667],"y":[1,1,1]},"o":{"x":[0.333,0.333,0.333],"y":[0,0,0]},"t":28.875,"s":[100,81,100]},{"t":42,"s":[100,100,100]}],"ix":6,"l":2}},"ao":0,"shapes":[{"ty":"gr","it":[{"ind":0,"ty":"sh","ix":1,"ks":{"a":1,"k":[{"i":{"x":0.833,"y":0.833},"o":{"x":0.167,"y":0.167},"t":17,"s":[{"i":[[5.6,-14.96],[-22,-9.28],[0,0],[-8.4,14.96],[0,0],[25.36,0.88]],"o":[[-6.96,18.48],[22,9.28],[0,0],[7.52,-13.36],[0,0],[-13.6,-0.32]],"v":[[-34.08,-14.92],[-12.08,29],[27.2,34.12],[22.96,-0.04],[41.04,-16.84],[-0.4,-37.96]],"c":true}]},{"i":{"x":0.833,"y":0.833},"o":{"x":0.167,"y":0.167},"t":18,"s":[{"i":[[5.6,-14.96],[-22,-9.28],[0,0],[-8.4,14.96],[0,0],[25.36,0.88]],"o":[[-6.96,18.48],[22,9.28],[0,0],[7.52,-13.36],[0,0],[-13.6,-0.32]],"v":[[-34.08,-14.92],[-12.08,29],[20.886,35.98],[22.96,-0.04],[41.04,-16.84],[-0.4,-37.96]],"c":true}]},{"i":{"x":0.833,"y":0.833},"o":{"x":0.167,"y":0.167},"t":19,"s":[{"i":[[5.6,-14.96],[-22,-9.28],[0,0],[-8.4,14.96],[0,0],[25.36,0.88]],"o":[[-6.96,18.48],[22,9.28],[0,0],[7.52,-13.36],[0,0],[-13.6,-0.32]],"v":[[-34.08,-14.92],[-12.08,29],[27.2,34.12],[22.96,-0.04],[37.836,-14.754],[-0.4,-37.96]],"c":true}]},{"i":{"x":0.833,"y":0.833},"o":{"x":0.167,"y":0.167},"t":29,"s":[{"i":[[5.6,-14.96],[-22,-9.28],[0,0],[-8.4,14.96],[0,0],[25.36,0.88]],"o":[[-6.96,18.48],[22,9.28],[0,0],[7.52,-13.36],[0,0],[-13.6,-0.32]],"v":[[-34.08,-14.92],[-12.08,29],[25.644,35.952],[22.96,-0.04],[36.539,-17.888],[-0.4,-37.96]],"c":true}]},{"i":{"x":0.833,"y":0.833},"o":{"x":0.167,"y":0.167},"t":30,"s":[{"i":[[5.6,-14.96],[-22,-9.28],[0,0],[-5.273,16.327],[0,0],[25.36,0.88]],"o":[[-6.96,18.48],[22,9.28],[0,0],[4.434,-13.73],[0,0],[-13.6,-0.32]],"v":[[-34.08,-14.92],[-12.08,29],[27.2,34.12],[22.96,-0.04],[38.569,-20.217],[-0.4,-37.96]],"c":true}]},{"i":{"x":0.833,"y":0.833},"o":{"x":0.167,"y":0.167},"t":31,"s":[{"i":[[5.6,-14.96],[-22,-9.28],[0,0],[-4.787,16.475],[0,0],[25.36,0.88]],"o":[[-6.96,18.48],[22,9.28],[0,0],[4.785,-16.468],[0,0],[-13.6,-0.32]],"v":[[-34.08,-14.92],[-12.08,29],[24.668,33.757],[22.96,-0.04],[43.251,-17.088],[-0.4,-37.96]],"c":true}]},{"t":32,"s":[{"i":[[5.6,-14.96],[-22,-9.28],[0,0],[-8.4,14.96],[0,0],[25.36,0.88]],"o":[[-6.96,18.48],[22,9.28],[0,0],[7.52,-13.36],[0,0],[-13.6,-0.32]],"v":[[-34.08,-14.92],[-12.08,29],[27.2,34.12],[22.96,-0.04],[41.04,-16.84],[-0.4,-37.96]],"c":true}]}],"ix":2},"nm":"Path 1","mn":"ADBE Vector Shape - Group","hd":false},{"ty":"fl","c":{"a":0,"k":[0.961000031116,0.626999978458,0.33300000359,1],"ix":4},"o":{"a":0,"k":100,"ix":5},"r":1,"bm":0,"nm":"Fill 1","mn":"ADBE Vector Graphic - Fill","hd":false},{"ty":"tr","p":{"a":0,"k":[41.29,38.53],"ix":2},"a":{"a":0,"k":[0,0],"ix":1},"s":{"a":0,"k":[100,100],"ix":3},"r":{"a":0,"k":0,"ix":6},"o":{"a":0,"k":100,"ix":7},"sk":{"a":0,"k":0,"ix":4},"sa":{"a":0,"k":0,"ix":5},"nm":"Transform"}],"nm":"Group 1","np":2,"cix":2,"bm":0,"ix":1,"mn":"ADBE Vector Group","hd":false}],"ip":0,"op":42,"st":0,"bm":0},{"ddd":0,"ind":11,"ty":4,"nm":"lever 4","parent":12,"sr":1,"ks":{"o":{"a":0,"k":100,"ix":11},"r":{"a":1,"k":[{"i":{"x":[0.649],"y":[0.619]},"o":{"x":[0.302],"y":[0]},"t":10,"s":[0]},{"i":{"x":[0.825],"y":[1]},"o":{"x":[0.407],"y":[0.442]},"t":12,"s":[-31.709]},{"i":{"x":[0.833],"y":[1]},"o":{"x":[0.167],"y":[0]},"t":16,"s":[-95]},{"i":{"x":[0.572],"y":[0.669]},"o":{"x":[0.216],"y":[0]},"t":18,"s":[-159]},{"i":{"x":[0.647],"y":[0.749]},"o":{"x":[0.305],"y":[0.883]},"t":20,"s":[89.601]},{"i":{"x":[0.67],"y":[0.652]},"o":{"x":[0.33],"y":[-0.131]},"t":22,"s":[155.987]},{"i":{"x":[0.667],"y":[1]},"o":{"x":[0.352],"y":[1.186]},"t":24,"s":[37.167]},{"i":{"x":[0.649],"y":[0.704]},"o":{"x":[0.302],"y":[0]},"t":26,"s":[0]},{"i":{"x":[0.688],"y":[0.66]},"o":{"x":[0.342],"y":[0.284]},"t":28,"s":[-40.709]},{"i":{"x":[0.797],"y":[1]},"o":{"x":[0.431],"y":[0.353]},"t":30,"s":[-82.015]},{"i":{"x":[0.833],"y":[1]},"o":{"x":[0.167],"y":[0]},"t":32,"s":[-137]},{"i":{"x":[0.572],"y":[0.651]},"o":{"x":[0.216],"y":[0]},"t":34,"s":[-146]},{"i":{"x":[0.647],"y":[0.749]},"o":{"x":[0.305],"y":[0.883]},"t":36,"s":[89.601]},{"i":{"x":[0.67],"y":[0.634]},"o":{"x":[0.33],"y":[-0.138]},"t":38,"s":[155.987]},{"i":{"x":[0.694],"y":[1]},"o":{"x":[0.352],"y":[1.021]},"t":40,"s":[43.167]},{"t":42,"s":[0]}],"ix":10},"p":{"a":1,"k":[{"i":{"x":0.667,"y":0.27},"o":{"x":0.333,"y":0},"t":10,"s":[20.582,62.091,0],"to":[3.234,-6.436,0],"ti":[-2.12,2.72,0]},{"i":{"x":0.667,"y":0.74},"o":{"x":0.333,"y":0.464},"t":12,"s":[26.536,68.38,0],"to":[9.076,-11.646,0],"ti":[0.531,-7.967,0]},{"i":{"x":0.667,"y":1},"o":{"x":0.333,"y":0.384},"t":14,"s":[33.218,72.867,0],"to":[-0.271,4.068,0],"ti":[-0.024,-0.095,0]},{"i":{"x":0.667,"y":0.813},"o":{"x":0.333,"y":0},"t":16,"s":[32.299,85.943,0],"to":[0.02,0.078,0],"ti":[1.509,1.133,0]},{"i":{"x":0.667,"y":1},"o":{"x":0.333,"y":0.33},"t":18,"s":[33.93,76.312,0],"to":[-4.751,-3.568,0],"ti":[-4.905,9.762,0]},{"i":{"x":0.667,"y":0.403},"o":{"x":0.333,"y":0},"t":26,"s":[20.582,62.091,0],"to":[3.234,-6.436,0],"ti":[-2.12,2.72,0]},{"i":{"x":0.667,"y":0.802},"o":{"x":0.333,"y":0.406},"t":28,"s":[24.799,72.683,0],"to":[9.13,-11.716,0],"ti":[0.034,-6.718,0]},{"i":{"x":0.667,"y":1},"o":{"x":0.333,"y":0.49},"t":30,"s":[27.494,84.246,0],"to":[-0.017,3.37,0],"ti":[-0.024,-0.093,0]},{"i":{"x":0.667,"y":0.762},"o":{"x":0.333,"y":0},"t":32,"s":[34.955,82.176,0],"to":[0.038,0.152,0],"ti":[4.218,3.063,0]},{"i":{"x":0.667,"y":0.126},"o":{"x":0.333,"y":0.815},"t":36,"s":[56.021,80.658,0],"to":[-1.742,-1.265,0],"ti":[2.698,1.896,0]},{"i":{"x":0.667,"y":0.716},"o":{"x":0.333,"y":0.156},"t":38,"s":[54.402,81.155,0],"to":[-2.455,-1.726,0],"ti":[4.361,2.381,0]},{"i":{"x":0.667,"y":1},"o":{"x":0.333,"y":0.25},"t":40,"s":[39.754,69.828,0],"to":[-3.919,-2.14,0],"ti":[-1.027,2.043,0]},{"t":42,"s":[20.582,62.091,0]}],"ix":2,"l":2},"a":{"a":0,"k":[65.699,38.953,0],"ix":1,"l":2},"s":{"a":1,"k":[{"i":{"x":[0.667,0.667,0.667],"y":[1,1,1]},"o":{"x":[0.333,0.333,0.333],"y":[0,0,0]},"t":10,"s":[100,100,100]},{"i":{"x":[0.667,0.667,0.667],"y":[1,1,1]},"o":{"x":[0.333,0.333,0.333],"y":[0,0,0]},"t":12,"s":[100,90,100]},{"i":{"x":[0.667,0.667,0.667],"y":[1,1,1]},"o":{"x":[0.333,0.333,0.333],"y":[0,0,0]},"t":26,"s":[100,100,100]},{"i":{"x":[0.667,0.667,0.667],"y":[1,1,1]},"o":{"x":[0.333,0.333,0.333],"y":[0,0,0]},"t":28,"s":[100,81,100]},{"t":42,"s":[100,100,100]}],"ix":6,"l":2}},"ao":0,"shapes":[{"ty":"gr","it":[{"ind":0,"ty":"sh","ix":1,"ks":{"a":0,"k":{"i":[[5.6,-14.96],[-22,-9.28],[0,0],[-8.4,14.96],[0,0],[25.36,0.88]],"o":[[-6.96,18.48],[22,9.28],[0,0],[7.52,-13.36],[0,0],[-13.6,-0.32]],"v":[[-34.08,-14.92],[-12.08,29],[27.2,34.12],[22.96,-0.04],[41.04,-16.84],[-0.4,-37.96]],"c":true},"ix":2},"nm":"Path 1","mn":"ADBE Vector Shape - Group","hd":false},{"ty":"fl","c":{"a":0,"k":[0.961000031116,0.626999978458,0.33300000359,1],"ix":4},"o":{"a":0,"k":100,"ix":5},"r":1,"bm":0,"nm":"Fill 1","mn":"ADBE Vector Graphic - Fill","hd":false},{"ty":"tr","p":{"a":0,"k":[41.29,38.53],"ix":2},"a":{"a":0,"k":[0,0],"ix":1},"s":{"a":0,"k":[100,100],"ix":3},"r":{"a":0,"k":0,"ix":6},"o":{"a":0,"k":100,"ix":7},"sk":{"a":0,"k":0,"ix":4},"sa":{"a":0,"k":0,"ix":5},"nm":"Transform"}],"nm":"Group 1","np":2,"cix":2,"bm":0,"ix":1,"mn":"ADBE Vector Group","hd":false}],"ip":42,"op":120,"st":0,"bm":0},{"ddd":0,"ind":12,"ty":4,"nm":"lever 3","parent":8,"sr":1,"ks":{"o":{"a":0,"k":100,"ix":11},"r":{"a":1,"k":[{"i":{"x":[0.833],"y":[1]},"o":{"x":[0.167],"y":[0]},"t":10,"s":[0]},{"t":42,"s":[720]}],"ix":10},"p":{"a":1,"k":[{"i":{"x":0.667,"y":1},"o":{"x":0.333,"y":0},"t":10,"s":[31.141,117.5,0],"to":[2.331,-0.114,0],"ti":[0,0,0]},{"i":{"x":0.667,"y":1},"o":{"x":0.333,"y":0},"t":20,"s":[45.124,116.816,0],"to":[0,0,0],"ti":[0,0,0]},{"i":{"x":0.667,"y":1},"o":{"x":0.333,"y":0},"t":26,"s":[31.141,117.5,0],"to":[0,0,0],"ti":[-4.242,1.502,0]},{"i":{"x":0.667,"y":1},"o":{"x":0.333,"y":0},"t":36,"s":[45.124,116.816,0],"to":[4.242,-1.502,0],"ti":[2.331,-0.114,0]},{"i":{"x":0.667,"y":1},"o":{"x":0.333,"y":0},"t":42,"s":[56.592,108.487,0],"to":[-2.331,0.114,0],"ti":[4.242,-1.502,0]},{"t":48,"s":[31.141,117.5,0]}],"ix":2,"l":2},"a":{"a":0,"k":[115.941,24.28,0],"ix":1,"l":2},"s":{"a":0,"k":[100,100,100],"ix":6,"l":2}},"ao":0,"shapes":[{"ty":"gr","it":[{"ind":0,"ty":"sh","ix":1,"ks":{"a":0,"k":{"i":[[2.578,-1.296],[12.48,-6.88],[9.373,-5.958],[-0.074,-10.525],[0,0],[-17.2,0.4],[-12.96,10.8],[0,0],[0,0]],"o":[[-6.24,3.12],[-17.04,9.28],[-7.665,4.872],[0.08,11.364],[0,0],[13.84,-0.32],[20.513,-14.415],[0,0],[0,0]],"v":[[27.669,-36.771],[-4.33,-19.971],[-36.276,-3.424],[-57.412,20.888],[-54.926,45.89],[-39.691,47.63],[18.309,12.829],[71.69,-24.859],[59.782,-48.029]],"c":true},"ix":2},"nm":"Path 1","mn":"ADBE Vector Shape - Group","hd":false},{"ty":"fl","c":{"a":0,"k":[0.250999989229,0.447000002394,0.481999984442,1],"ix":4},"o":{"a":0,"k":100,"ix":5},"r":1,"bm":0,"nm":"Fill 1","mn":"ADBE Vector Graphic - Fill","hd":false},{"ty":"tr","p":{"a":0,"k":[71.941,48.28],"ix":2},"a":{"a":0,"k":[0,0],"ix":1},"s":{"a":0,"k":[100,100],"ix":3},"r":{"a":0,"k":0,"ix":6},"o":{"a":0,"k":100,"ix":7},"sk":{"a":0,"k":0,"ix":4},"sa":{"a":0,"k":0,"ix":5},"nm":"Transform"}],"nm":"Group 1","np":2,"cix":2,"bm":0,"ix":1,"mn":"ADBE Vector Group","hd":false}],"ip":42,"op":120,"st":0,"bm":0},{"ddd":0,"ind":13,"ty":4,"nm":"lever","parent":8,"sr":1,"ks":{"o":{"a":0,"k":100,"ix":11},"r":{"a":1,"k":[{"i":{"x":[0.833],"y":[1]},"o":{"x":[0.167],"y":[0]},"t":12,"s":[0]},{"t":42,"s":[720]}],"ix":10},"p":{"a":1,"k":[{"i":{"x":0.667,"y":1},"o":{"x":0.333,"y":0},"t":12,"s":[31.141,117.5,0],"to":[2.331,-0.114,0],"ti":[0,0,0]},{"i":{"x":0.667,"y":1},"o":{"x":0.333,"y":0},"t":21.375,"s":[45.124,116.816,0],"to":[0,0,0],"ti":[0,0,0]},{"i":{"x":0.667,"y":1},"o":{"x":0.333,"y":0},"t":27,"s":[31.141,117.5,0],"to":[0,0,0],"ti":[0,0,0]},{"i":{"x":0.667,"y":1},"o":{"x":0.333,"y":0},"t":36.375,"s":[45.124,116.816,0],"to":[0,0,0],"ti":[2.331,-0.114,0]},{"t":42,"s":[31.141,117.5,0]}],"ix":2,"l":2},"a":{"a":0,"k":[115.941,24.28,0],"ix":1,"l":2},"s":{"a":0,"k":[100,100,100],"ix":6,"l":2}},"ao":0,"shapes":[{"ty":"gr","it":[{"ind":0,"ty":"sh","ix":1,"ks":{"a":1,"k":[{"i":{"x":0.833,"y":0.833},"o":{"x":0.167,"y":0},"t":12,"s":[{"i":[[2.578,-1.296],[12.48,-6.88],[9.373,-5.958],[-0.074,-10.525],[0,0],[-17.2,0.4],[-12.96,10.8],[0,0],[0,0]],"o":[[-6.24,3.12],[-17.04,9.28],[-7.665,4.872],[0.08,11.364],[0,0],[13.84,-0.32],[20.513,-14.415],[0,0],[0,0]],"v":[[27.669,-36.771],[-4.33,-19.971],[-36.276,-3.424],[-57.412,20.888],[-54.926,45.89],[-39.691,47.63],[18.309,12.829],[71.69,-24.859],[59.782,-48.029]],"c":true}]},{"i":{"x":0.833,"y":0.833},"o":{"x":0.167,"y":0.167},"t":23,"s":[{"i":[[2.578,-1.296],[12.48,-6.88],[9.373,-5.958],[-0.074,-10.525],[0,0],[-17.2,0.4],[-12.96,10.8],[0,0],[0,0]],"o":[[-6.24,3.12],[-17.04,9.28],[-7.665,4.872],[0.08,11.364],[0,0],[13.84,-0.32],[20.513,-14.415],[0,0],[0,0]],"v":[[27.669,-36.771],[-4.33,-19.971],[-36.276,-3.424],[-57.412,20.888],[-54.926,45.89],[-39.691,47.63],[18.309,12.829],[71.69,-24.859],[59.782,-48.029]],"c":true}]},{"i":{"x":0.833,"y":1},"o":{"x":0.167,"y":0.167},"t":24,"s":[{"i":[[2.195,-1.003],[10.618,-5.35],[7.975,-4.633],[-0.063,-8.184],[0,0],[-14.634,0.309],[-11.026,8.398],[0,0],[0,0]],"o":[[-5.309,2.426],[-14.498,7.216],[-6.521,3.788],[0.068,8.836],[0,0],[11.775,-0.249],[17.453,-11.209],[0,0],[0,0]],"v":[[32.907,-24.345],[5.681,-11.282],[-21.499,1.584],[-39.482,20.488],[-37.367,39.929],[-24.404,41.281],[24.943,14.222],[70.36,-15.083],[60.228,-33.1]],"c":true}]},{"i":{"x":0.833,"y":0.833},"o":{"x":0.167,"y":0},"t":25,"s":[{"i":[[2.578,-1.296],[12.48,-6.88],[9.373,-5.958],[-0.074,-10.525],[0,0],[-17.2,0.4],[-12.96,10.8],[0,0],[0,0]],"o":[[-6.24,3.12],[-17.04,9.28],[-7.665,4.872],[0.08,11.364],[0,0],[13.84,-0.32],[20.513,-14.415],[0,0],[0,0]],"v":[[27.669,-36.771],[-4.33,-19.971],[-36.276,-3.424],[-57.412,20.888],[-54.926,45.89],[-39.691,47.63],[18.309,12.829],[71.69,-24.859],[59.782,-48.029]],"c":true}]},{"i":{"x":0.833,"y":1},"o":{"x":0.167,"y":0.167},"t":35,"s":[{"i":[[2.578,-1.296],[12.48,-6.88],[9.373,-5.958],[-0.074,-10.525],[0,0],[-17.2,0.4],[-12.96,10.8],[0,0],[0,0]],"o":[[-6.24,3.12],[-17.04,9.28],[-7.665,4.872],[0.08,11.364],[0,0],[13.84,-0.32],[20.513,-14.415],[0,0],[0,0]],"v":[[27.669,-36.771],[-4.33,-19.971],[-36.276,-3.424],[-57.412,20.888],[-54.926,45.89],[-39.691,47.63],[18.309,12.829],[71.69,-24.859],[59.782,-48.029]],"c":true}]},{"i":{"x":0.833,"y":0.833},"o":{"x":0.167,"y":0},"t":37,"s":[{"i":[[2.578,-1.296],[12.48,-6.88],[9.373,-5.958],[-0.074,-10.525],[0,0],[-17.2,0.4],[-12.96,10.8],[0,0],[0,0]],"o":[[-6.24,3.12],[-17.04,9.28],[-7.665,4.872],[0.08,11.364],[0,0],[13.84,-0.32],[20.513,-14.415],[0,0],[0,0]],"v":[[27.669,-36.771],[-4.33,-19.971],[-12.855,-14.028],[-33.991,10.283],[-31.505,35.285],[-16.27,37.025],[18.309,12.829],[52.803,-17.16],[40.894,-40.331]],"c":true}]},{"t":38,"s":[{"i":[[2.578,-1.296],[12.48,-6.88],[9.373,-5.958],[-0.074,-10.525],[0,0],[-17.2,0.4],[-12.96,10.8],[0,0],[0,0]],"o":[[-6.24,3.12],[-17.04,9.28],[-7.665,4.872],[0.08,11.364],[0,0],[13.84,-0.32],[20.513,-14.415],[0,0],[0,0]],"v":[[27.669,-36.771],[-4.33,-19.971],[-36.276,-3.424],[-57.412,20.888],[-54.926,45.89],[-39.691,47.63],[18.309,12.829],[71.69,-24.859],[59.782,-48.029]],"c":true}]}],"ix":2},"nm":"Path 1","mn":"ADBE Vector Shape - Group","hd":false},{"ty":"fl","c":{"a":0,"k":[0.250999989229,0.447000002394,0.481999984442,1],"ix":4},"o":{"a":0,"k":100,"ix":5},"r":1,"bm":0,"nm":"Fill 1","mn":"ADBE Vector Graphic - Fill","hd":false},{"ty":"tr","p":{"a":0,"k":[71.941,48.28],"ix":2},"a":{"a":0,"k":[0,0],"ix":1},"s":{"a":0,"k":[100,100],"ix":3},"r":{"a":0,"k":0,"ix":6},"o":{"a":0,"k":100,"ix":7},"sk":{"a":0,"k":0,"ix":4},"sa":{"a":0,"k":0,"ix":5},"nm":"Transform"}],"nm":"Group 1","np":2,"cix":2,"bm":0,"ix":1,"mn":"ADBE Vector Group","hd":false}],"ip":0,"op":40,"st":0,"bm":0},{"ddd":0,"ind":14,"ty":4,"nm":"fishing rod 4","parent":19,"sr":1,"ks":{"o":{"a":0,"k":100,"ix":11},"r":{"a":0,"k":56,"ix":10},"p":{"a":0,"k":[91.406,-489.366,0],"ix":2,"l":2},"a":{"a":0,"k":[-438,-62,0],"ix":1,"l":2},"s":{"a":0,"k":[100,100,100],"ix":6,"l":2}},"ao":0,"shapes":[{"ty":"gr","it":[{"ind":0,"ty":"sh","ix":1,"ks":{"a":1,"k":[{"i":{"x":0.833,"y":0.833},"o":{"x":0.333,"y":0},"t":6,"s":[{"i":[[0,0],[0,0],[0,0]],"o":[[0,0],[0,0],[0,0]],"v":[[-434.547,112.55],[-432.976,303.433],[-432,422]],"c":false}]},{"i":{"x":0.833,"y":0.833},"o":{"x":0.167,"y":0.167},"t":8,"s":[{"i":[[-15.101,-70.068],[-16.387,-72.197],[-0.104,-10.794]],"o":[[15.908,73.81],[15.154,66.765],[0,0]],"v":[[-448.832,192.782],[-395.693,428.377],[-369.092,557.829]],"c":false}]},{"i":{"x":0.833,"y":0.833},"o":{"x":0.167,"y":0.167},"t":10,"s":[{"i":[[-31.866,-42.431],[-40.593,-30.825],[-0.331,-34.378]],"o":[[33.569,44.697],[61.945,47.039],[0,0]],"v":[[-373.961,177.745],[-253.791,294.643],[-193.098,451.455]],"c":false}]},{"i":{"x":0.833,"y":0.833},"o":{"x":0.167,"y":0.167},"t":12,"s":[{"i":[[-27.898,-25.501],[-33.964,-25.77],[-0.558,-57.962]],"o":[[29.388,26.863],[31.408,23.831],[0,0]],"v":[[-324.714,185.977],[-222.059,249.912],[-164.342,361.148]],"c":false}]},{"i":{"x":0.833,"y":0.833},"o":{"x":0.167,"y":0.167},"t":14,"s":[{"i":[[-32.281,-25.865],[-33.011,-26.897],[8.345,-61.929]],"o":[[34.005,27.247],[30.527,24.873],[0,0]],"v":[[-312.088,172.832],[-200.014,242.7],[-147.311,358.453]],"c":false}]},{"i":{"x":0.833,"y":1},"o":{"x":0.167,"y":0.167},"t":20,"s":[{"i":[[-44.151,-10.775],[-30.191,-30.231],[34.691,-73.669]],"o":[[46.509,11.35],[27.92,27.956],[0,0]],"v":[[-251.595,131.884],[-119.728,178.022],[-172.318,338.284]],"c":false}]},{"i":{"x":0.833,"y":0.833},"o":{"x":0.167,"y":0},"t":24,"s":[{"i":[[-30.687,3.764],[-44.475,10.621],[47.627,-79.433]],"o":[[32.326,-3.965],[37.253,-8.896],[0,0]],"v":[[-266.643,141.139],[-146.035,99.842],[-97.431,208.39]],"c":false}]},{"i":{"x":0.833,"y":0.833},"o":{"x":0.167,"y":0.167},"t":26,"s":[{"i":[[-53.206,17.217],[-35.192,-25.126],[67.176,-18.718]],"o":[[56.048,-18.136],[36.755,26.242],[0,0]],"v":[[-216.603,37.056],[-58.312,10.652],[-87.723,142.908]],"c":false}]},{"i":{"x":0.833,"y":0.833},"o":{"x":0.167,"y":0.167},"t":28,"s":[{"i":[[-84.07,15.029],[-25.263,-63.772],[28.112,-1.866]],"o":[[88.56,-15.832],[24.497,61.839],[0,0]],"v":[[-148.937,-56.687],[64.376,-31.44],[-30.406,47.678]],"c":false}]},{"i":{"x":0.833,"y":0.833},"o":{"x":0.167,"y":0.167},"t":30,"s":[{"i":[[-91.9,4.44],[-36.197,-82.083],[53.555,41.071]],"o":[[96.809,-4.678],[20.763,56.585],[0,0]],"v":[[-56.232,-222.346],[189.439,-152.305],[66.674,-35.464]],"c":false}]},{"i":{"x":0.833,"y":0.833},"o":{"x":0.167,"y":0.167},"t":31,"s":[{"i":[[-84.065,-24.293],[-2.278,-94.572],[34.556,45.731]],"o":[[88.555,25.591],[-7.856,86.48],[0,0]],"v":[[38.467,-283.834],[212.004,-131.724],[113.924,-63.752]],"c":false}]},{"i":{"x":0.833,"y":0.833},"o":{"x":0.167,"y":0.167},"t":32,"s":[{"i":[[-49.119,-50.757],[32.06,-108.484],[22.989,93.238]],"o":[[53.174,54.947],[-36.476,116.375],[0,0]],"v":[[77.53,-349.793],[123.101,-115.932],[161.174,-92.041]],"c":false}]},{"i":{"x":0.833,"y":1},"o":{"x":0.167,"y":0.167},"t":34,"s":[{"i":[[-33.96,-58.234],[61.356,-120.079],[-8.363,143.108]],"o":[[35.774,61.344],[-63.198,122.309],[0,0]],"v":[[217.049,-466.191],[180.575,-200.416],[286.966,-138.036]],"c":false}]},{"i":{"x":0.833,"y":0.833},"o":{"x":0.167,"y":0},"t":36,"s":[{"i":[[-12.622,-66.238],[57.276,-140.506],[-16.998,177.425]],"o":[[13.296,69.776],[-72.36,177.512],[0,0]],"v":[[299.107,-554.653],[213.843,-243.051],[391.3,-139.064]],"c":false}]},{"i":{"x":0.833,"y":0.833},"o":{"x":0.167,"y":0.167},"t":38,"s":[{"i":[[-5.63,-67.843],[9.961,-107.724],[-16.239,169.349]],"o":[[5.931,71.466],[-18.162,149.565],[0,0]],"v":[[160.697,-491.704],[127.831,-208.433],[356.295,-135.96]],"c":false}]},{"i":{"x":0.833,"y":0.833},"o":{"x":0.167,"y":0.167},"t":40,"s":[{"i":[[2.011,-67.483],[-52.08,-66.072],[-53.749,108.448]],"o":[[-2.118,71.088],[68.568,86.991],[0,0]],"v":[[-14.858,-415.663],[24.025,-173.372],[238.619,-162.513]],"c":false}]},{"i":{"x":0.833,"y":0.833},"o":{"x":0.167,"y":0.167},"t":42,"s":[{"i":[[-21.709,-55.096],[-46.152,-36.38],[-78.642,134.721]],"o":[[22.868,58.039],[42.432,33.448],[0,0]],"v":[[-259.745,-262.292],[-145.623,-101.326],[114.031,-123.378]],"c":false}]},{"i":{"x":0.833,"y":0.833},"o":{"x":0.167,"y":0.167},"t":44,"s":[{"i":[[-31.051,-29.134],[9.448,-71.288],[-50.445,107.015]],"o":[[32.709,30.69],[-12.65,95.441],[0,0]],"v":[[-289.1,-170.468],[-224.082,-29.222],[-113.314,37.223]],"c":false}]},{"i":{"x":0.833,"y":1},"o":{"x":0.167,"y":0.167},"t":46,"s":[{"i":[[-9.484,-38.534],[22.537,-86.315],[-17.261,107.401]],"o":[[9.991,40.592],[-30.935,118.479],[0,0]],"v":[[-384.928,-14.224],[-382.143,158.574],[-271.929,275.272]],"c":false}]},{"i":{"x":0.667,"y":1},"o":{"x":0.167,"y":0},"t":48,"s":[{"i":[[-26.883,-11.562],[-23.419,-33.752],[-11.257,116.3]],"o":[[28.319,12.179],[54.157,78.051],[0,0]],"v":[[-404.3,53.699],[-307.156,97.949],[-315.743,383.7]],"c":false}]},{"i":{"x":0.667,"y":1},"o":{"x":0.333,"y":0},"t":56,"s":[{"i":[[2.239,-74.021],[-0.133,-63.085],[0,0]],"o":[[-2.358,77.975],[0.173,81.817],[0,0]],"v":[[-428.362,66.954],[-432.976,303.433],[-422.616,548.665]],"c":false}]},{"i":{"x":0.833,"y":1},"o":{"x":0.333,"y":0},"t":64,"s":[{"i":[[5.179,-36.015],[-0.301,-36.544],[16,-88]],"o":[[-5.456,37.939],[0.749,90.99],[0,0]],"v":[[-446.293,-0.901],[-456.976,121.433],[-432,422]],"c":false}]},{"i":{"x":0.833,"y":1},"o":{"x":0.167,"y":0},"t":72,"s":[{"i":[[0,0],[0,0],[0,0]],"o":[[0,0],[0,0],[0,0]],"v":[[-434.547,112.55],[-432.976,303.433],[-430,518]],"c":false}]},{"i":{"x":0.833,"y":1},"o":{"x":0.167,"y":0},"t":78,"s":[{"i":[[0,0],[0,0],[0,0]],"o":[[0,0],[0,0],[0,0]],"v":[[-436.469,57.773],[-436.976,189.433],[-432,422]],"c":false}]},{"i":{"x":0.833,"y":1},"o":{"x":0.167,"y":0},"t":84,"s":[{"i":[[0,0],[0,0],[0,0]],"o":[[0,0],[0,0],[0,0]],"v":[[-434.547,112.55],[-432.976,303.433],[-432,422]],"c":false}]},{"i":{"x":0.833,"y":0.833},"o":{"x":0.167,"y":0},"t":92,"s":[{"i":[[-0.319,-73.756],[-1.673,-62.812],[0,0]],"o":[[0.336,77.696],[1.513,56.824],[0,0]],"v":[[-435.737,67.86],[-432.976,303.433],[-421.685,473.591]],"c":false}]},{"i":{"x":0.667,"y":1},"o":{"x":0.167,"y":0.167},"t":110,"s":[{"i":[[1.98,-40.007],[-2.097,-42.898],[0,0]],"o":[[-2.086,42.144],[5.098,104.305],[0,0]],"v":[[-440.37,5.587],[-441.99,144.343],[-421.376,497.251]],"c":false}]},{"t":120,"s":[{"i":[[0,0],[0,0],[0,0]],"o":[[0,0],[0,0],[0,0]],"v":[[-434.547,112.55],[-432.976,303.433],[-432,422]],"c":false}]}],"ix":2},"nm":"Path 1","mn":"ADBE Vector Shape - Group","hd":false},{"ty":"st","c":{"a":0,"k":[0.733333333333,0.800000059838,0.827451040231,1],"ix":3},"o":{"a":0,"k":100,"ix":4},"w":{"a":0,"k":26,"ix":5},"lc":2,"lj":1,"ml":4,"bm":0,"nm":"Stroke 1","mn":"ADBE Vector Graphic - Stroke","hd":false},{"ty":"tr","p":{"a":0,"k":[0,0],"ix":2},"a":{"a":0,"k":[0,0],"ix":1},"s":{"a":0,"k":[100,100],"ix":3},"r":{"a":0,"k":0,"ix":6},"o":{"a":0,"k":100,"ix":7},"sk":{"a":0,"k":0,"ix":4},"sa":{"a":0,"k":0,"ix":5},"nm":"Transform"}],"nm":"Shape 1","np":3,"cix":2,"bm":0,"ix":1,"mn":"ADBE Vector Group","hd":false}],"ip":28,"op":45,"st":0,"bm":0},{"ddd":0,"ind":15,"ty":4,"nm":"fishing rod","parent":16,"sr":1,"ks":{"o":{"a":0,"k":100,"ix":11},"r":{"a":0,"k":0,"ix":10},"p":{"a":0,"k":[136.33,132.65,0],"ix":2,"l":2},"a":{"a":0,"k":[40.17,67.29,0],"ix":1,"l":2},"s":{"a":0,"k":[100,100,100],"ix":6,"l":2}},"ao":0,"shapes":[{"ty":"gr","it":[{"ind":0,"ty":"sh","ix":1,"ks":{"a":0,"k":{"i":[[13.92,4.64],[11.6,-30.24],[0,0],[-17.84,-6.16],[-5.84,14.88],[-3.92,13.12]],"o":[[-14.16,-4.72],[-11.6,30.24],[0,0],[17.84,6.16],[8.56,-21.68],[3.92,-13.2]],"v":[[26,-62.32],[-8.88,-25.12],[-32.16,27.6],[-22.08,60.88],[9.68,33.76],[34.48,-29.76]],"c":true},"ix":2},"nm":"Path 1","mn":"ADBE Vector Shape - Group","hd":false},{"ty":"fl","c":{"a":0,"k":[0.250999989229,0.447000002394,0.481999984442,1],"ix":4},"o":{"a":0,"k":100,"ix":5},"r":1,"bm":0,"nm":"Fill 1","mn":"ADBE Vector Graphic - Fill","hd":false},{"ty":"tr","p":{"a":0,"k":[40.17,67.29],"ix":2},"a":{"a":0,"k":[0,0],"ix":1},"s":{"a":0,"k":[100,100],"ix":3},"r":{"a":0,"k":0,"ix":6},"o":{"a":0,"k":100,"ix":7},"sk":{"a":0,"k":0,"ix":4},"sa":{"a":0,"k":0,"ix":5},"nm":"Transform"}],"nm":"Group 1","np":2,"cix":2,"bm":0,"ix":1,"mn":"ADBE Vector Group","hd":false}],"ip":0,"op":120,"st":0,"bm":0},{"ddd":0,"ind":16,"ty":4,"nm":"fishing rod","sr":1,"ks":{"o":{"a":0,"k":100,"ix":11},"r":{"a":1,"k":[{"i":{"x":[0.833],"y":[0.942]},"o":{"x":[0.333],"y":[0]},"t":6,"s":[-56]},{"i":{"x":[0.667],"y":[1]},"o":{"x":[0.167],"y":[3.283]},"t":12,"s":[0.037]},{"i":{"x":[0.833],"y":[1]},"o":{"x":[0.333],"y":[0]},"t":24,"s":[2]},{"i":{"x":[0.833],"y":[1]},"o":{"x":[0.167],"y":[0]},"t":36,"s":[-85]},{"i":{"x":[0.833],"y":[1]},"o":{"x":[0.167],"y":[0]},"t":48,"s":[-56]},{"i":{"x":[0.667],"y":[1]},"o":{"x":[0.167],"y":[0]},"t":56,"s":[-59]},{"i":{"x":[0.833],"y":[1]},"o":{"x":[0.333],"y":[0]},"t":64,"s":[-56]},{"i":{"x":[0.583],"y":[0]},"o":{"x":[0.167],"y":[0]},"t":82,"s":[-56]},{"i":{"x":[0.833],"y":[1]},"o":{"x":[0.417],"y":[-1]},"t":90,"s":[-54]},{"i":{"x":[0.833],"y":[1]},"o":{"x":[0.167],"y":[0]},"t":98,"s":[-56]},{"i":{"x":[0.833],"y":[1]},"o":{"x":[0.167],"y":[0]},"t":110,"s":[-52]},{"t":118,"s":[-56]}],"ix":10},"p":{"a":1,"k":[{"i":{"x":0.833,"y":0.888},"o":{"x":0.333,"y":0},"t":6,"s":[798.72,734.6,0],"to":[0,0,0],"ti":[0,0,0]},{"i":{"x":0.667,"y":1},"o":{"x":0.167,"y":0.221},"t":12,"s":[773.461,782.785,0],"to":[0,0,0],"ti":[0,0,0]},{"i":{"x":0.667,"y":1},"o":{"x":0.333,"y":0},"t":24,"s":[820.72,754.6,0],"to":[0,0,0],"ti":[0,0,0]},{"i":{"x":0.667,"y":1},"o":{"x":0.333,"y":0},"t":36,"s":[708.72,763.6,0],"to":[0,0,0],"ti":[0,0,0]},{"i":{"x":0.833,"y":1},"o":{"x":0.333,"y":0},"t":48,"s":[795.72,735.6,0],"to":[0,0,0],"ti":[0,0,0]},{"i":{"x":0.833,"y":0.833},"o":{"x":0.333,"y":0.333},"t":64,"s":[798.72,734.6,0],"to":[0,0,0],"ti":[0,0,0]},{"i":{"x":0.676,"y":0},"o":{"x":0.297,"y":0},"t":82,"s":[798.72,734.6,0],"to":[0,0,0],"ti":[0,0,0]},{"i":{"x":0.833,"y":1},"o":{"x":0.324,"y":1},"t":90,"s":[799.556,733.764,0],"to":[0,0,0],"ti":[0,0,0]},{"i":{"x":0.833,"y":1},"o":{"x":0.167,"y":0},"t":98,"s":[798.72,734.6,0],"to":[0,0,0],"ti":[0,0,0]},{"i":{"x":0.833,"y":1},"o":{"x":0.333,"y":0},"t":110,"s":[800.72,732.6,0],"to":[0,0,0],"ti":[0,0,0]},{"t":118,"s":[798.72,734.6,0]}],"ix":2,"l":2},"a":{"a":0,"k":[118.25,213.97,0],"ix":1,"l":2},"s":{"a":0,"k":[100,100,100],"ix":6,"l":2}},"ao":0,"shapes":[{"ty":"gr","it":[{"ind":0,"ty":"sh","ix":1,"ks":{"a":0,"k":{"i":[[-8.88,10.88],[-34.72,-12.8],[3.76,-10.32],[39.28,-97.68],[5.44,-7.28],[34.72,10.08],[-3.84,12.08],[-27.44,74.88]],"o":[[8.88,-10.88],[34.72,12.8],[-2.32,6.24],[-39.28,97.68],[-5.44,7.28],[-34.72,-10.08],[8.24,-25.6],[27.44,-74.88]],"v":[[32,-198.28],[83.28,-200.92],[112.4,-159.88],[45.2,33.56],[-27.36,191.8],[-82.16,203.64],[-114.16,144.28],[-16.4,-75.88]],"c":true},"ix":2},"nm":"Path 1","mn":"ADBE Vector Shape - Group","hd":false},{"ty":"fl","c":{"a":0,"k":[0.889999988032,0.752999997606,0.54900004069,1],"ix":4},"o":{"a":0,"k":100,"ix":5},"r":1,"bm":0,"nm":"Fill 1","mn":"ADBE Vector Graphic - Fill","hd":false},{"ty":"tr","p":{"a":0,"k":[118.25,213.97],"ix":2},"a":{"a":0,"k":[0,0],"ix":1},"s":{"a":0,"k":[100,100],"ix":3},"r":{"a":0,"k":0,"ix":6},"o":{"a":0,"k":100,"ix":7},"sk":{"a":0,"k":0,"ix":4},"sa":{"a":0,"k":0,"ix":5},"nm":"Transform"}],"nm":"Group 1","np":2,"cix":2,"bm":0,"ix":1,"mn":"ADBE Vector Group","hd":false}],"ip":0,"op":120,"st":0,"bm":0},{"ddd":0,"ind":17,"ty":4,"nm":"fishing rod 2","parent":16,"sr":1,"ks":{"o":{"a":0,"k":100,"ix":11},"r":{"a":0,"k":0,"ix":10},"p":{"a":0,"k":[195.53,27.37,0],"ix":2,"l":2},"a":{"a":0,"k":[338,84,0],"ix":1,"l":2},"s":{"a":0,"k":[100,100,100],"ix":6,"l":2}},"ao":0,"shapes":[{"ty":"gr","it":[{"ind":0,"ty":"sh","ix":1,"ks":{"a":1,"k":[{"i":{"x":0.833,"y":0.833},"o":{"x":0.333,"y":0},"t":6,"s":[{"i":[[0,0],[213.801,-505.74]],"o":[[175.266,-71.552],[0,0]],"v":[[103.236,-490.938],[346.71,85.948]],"c":false}]},{"i":{"x":0.833,"y":0.833},"o":{"x":0.167,"y":0.167},"t":8,"s":[{"i":[[0,0],[204.306,-502.686]],"o":[[245.042,-136.216],[0,0]],"v":[[-21.278,-453.255],[348.574,84.768]],"c":false}]},{"i":{"x":0.667,"y":1},"o":{"x":0.167,"y":0.167},"t":12,"s":[{"i":[[0,0],[162.817,-489.342]],"o":[[295.396,-208.336],[0,0]],"v":[[41.313,-370.898],[352.001,77.992]],"c":false}]},{"i":{"x":0.833,"y":0.833},"o":{"x":0.333,"y":0},"t":24,"s":[{"i":[[0,0],[196.134,-496.031]],"o":[[259.143,-263.039],[0,0]],"v":[[59.118,-319.488],[349.995,77.651]],"c":false}]},{"i":{"x":0.833,"y":0.833},"o":{"x":0.167,"y":0.167},"t":28,"s":[{"i":[[0,0],[227.968,-371.219]],"o":[[150.73,-75.392],[0,0]],"v":[[221.149,-401.216],[349.566,80.918]],"c":false}]},{"i":{"x":0.833,"y":0.833},"o":{"x":0.167,"y":0.167},"t":30,"s":[{"i":[[0,0],[145.718,-311.462]],"o":[[68.633,66.708],[0,0]],"v":[[409.568,-416.752],[348.257,83.643]],"c":false}]},{"i":{"x":0.833,"y":1},"o":{"x":0.167,"y":0.167},"t":32,"s":[{"i":[[0,0],[139.136,-289.843]],"o":[[-43.689,90.959],[0,0]],"v":[[612.427,-463.791],[345.915,86.064]],"c":false}]},{"i":{"x":0.833,"y":0.833},"o":{"x":0.167,"y":0},"t":36,"s":[{"i":[[0,0],[123.91,-325.802]],"o":[[-247.365,52.453],[0,0]],"v":[[888.899,-404.13],[349.963,77.128]],"c":false}]},{"i":{"x":0.833,"y":0.833},"o":{"x":0.167,"y":0.167},"t":38,"s":[{"i":[[0,0],[119.903,-286.564]],"o":[[-212.993,41.12],[0,0]],"v":[[766.149,-416.008],[349.893,76.218]],"c":false}]},{"i":{"x":0.833,"y":0.833},"o":{"x":0.167,"y":0.167},"t":40,"s":[{"i":[[0,0],[18.257,-309.59]],"o":[[-165.774,21.843],[0,0]],"v":[[608.327,-431.279],[349.714,74.903]],"c":false}]},{"i":{"x":0.833,"y":0.833},"o":{"x":0.167,"y":0.167},"t":42,"s":[{"i":[[0,0],[81.495,-408.633]],"o":[[-21.837,65.089],[0,0]],"v":[[453.977,-491.101],[349.427,73.532]],"c":false}]},{"i":{"x":0.833,"y":0.833},"o":{"x":0.167,"y":0.167},"t":44,"s":[{"i":[[0,0],[148.41,-356.753]],"o":[[82.511,31.563],[0,0]],"v":[[308.695,-480.472],[349.045,72.231]],"c":false}]},{"i":{"x":0.667,"y":1},"o":{"x":0.167,"y":0.167},"t":46,"s":[{"i":[[0,0],[176.93,-425.203]],"o":[[143.273,-65.165],[0,0]],"v":[[186.475,-471.531],[349.275,74.187]],"c":false}]},{"i":{"x":0.833,"y":1},"o":{"x":0.167,"y":0},"t":48,"s":[{"i":[[0,0],[205.523,-511.306]],"o":[[177.889,-120.271],[0,0]],"v":[[116.846,-466.437],[346.151,85.119]],"c":false}]},{"i":{"x":0.667,"y":1},"o":{"x":0.167,"y":0},"t":56,"s":[{"i":[[0,0],[189.671,-510.326]],"o":[[198.761,-53.953],[0,0]],"v":[[105.839,-483.13],[347.038,85.771]],"c":false}]},{"i":{"x":0.833,"y":1},"o":{"x":0.333,"y":0},"t":64,"s":[{"i":[[0,0],[213.801,-505.74]],"o":[[175.266,-71.552],[0,0]],"v":[[103.236,-490.938],[346.71,85.948]],"c":false}]},{"i":{"x":0.833,"y":1},"o":{"x":0.167,"y":0},"t":82,"s":[{"i":[[0,0],[213.801,-505.74]],"o":[[175.266,-71.552],[0,0]],"v":[[103.236,-490.938],[346.71,85.948]],"c":false}]},{"i":{"x":0.833,"y":1},"o":{"x":0.167,"y":0},"t":90,"s":[{"i":[[0,0],[211.22,-463.369]],"o":[[175.266,-71.552],[0,0]],"v":[[103.236,-490.938],[347.053,85.708]],"c":false}]},{"i":{"x":0.833,"y":1},"o":{"x":0.167,"y":0},"t":98,"s":[{"i":[[0,0],[213.801,-505.74]],"o":[[175.266,-71.552],[0,0]],"v":[[103.236,-490.938],[346.71,85.948]],"c":false}]},{"i":{"x":0.833,"y":1},"o":{"x":0.167,"y":0},"t":110,"s":[{"i":[[0,0],[213.801,-505.74]],"o":[[198.128,-80.763],[0,0]],"v":[[103.236,-490.938],[347.388,85.456]],"c":false}]},{"t":118,"s":[{"i":[[0,0],[213.801,-505.74]],"o":[[175.266,-71.552],[0,0]],"v":[[103.236,-490.938],[346.71,85.948]],"c":false}]}],"ix":2},"nm":"Path 1","mn":"ADBE Vector Shape - Group","hd":false},{"ty":"st","c":{"a":0,"k":[0.250980392157,0.447058853449,0.482352971096,1],"ix":3},"o":{"a":0,"k":100,"ix":4},"w":{"a":0,"k":42,"ix":5},"lc":2,"lj":1,"ml":4,"bm":0,"nm":"Stroke 1","mn":"ADBE Vector Graphic - Stroke","hd":false},{"ty":"tr","p":{"a":0,"k":[0,0],"ix":2},"a":{"a":0,"k":[0,0],"ix":1},"s":{"a":0,"k":[100,100],"ix":3},"r":{"a":0,"k":0,"ix":6},"o":{"a":0,"k":100,"ix":7},"sk":{"a":0,"k":0,"ix":4},"sa":{"a":0,"k":0,"ix":5},"nm":"Transform"}],"nm":"Shape 1","np":3,"cix":2,"bm":0,"ix":1,"mn":"ADBE Vector Group","hd":false}],"ip":0,"op":120,"st":0,"bm":0},{"ddd":0,"ind":18,"ty":4,"nm":"fishing rod 3","parent":16,"sr":1,"ks":{"o":{"a":0,"k":100,"ix":11},"r":{"a":0,"k":0,"ix":10},"p":{"a":0,"k":[195.53,27.37,0],"ix":2,"l":2},"a":{"a":0,"k":[338,84,0],"ix":1,"l":2},"s":{"a":0,"k":[100,100,100],"ix":6,"l":2}},"ao":0,"shapes":[{"ty":"gr","it":[{"ind":0,"ty":"sh","ix":1,"ks":{"a":1,"k":[{"i":{"x":0.833,"y":0.833},"o":{"x":0.333,"y":0},"t":6,"s":[{"i":[[0,0],[213.801,-505.74]],"o":[[175.266,-71.552],[0,0]],"v":[[103.236,-490.938],[340,76]],"c":false}]},{"i":{"x":0.833,"y":0.833},"o":{"x":0.167,"y":0.167},"t":8,"s":[{"i":[[0,0],[204.306,-502.686]],"o":[[245.042,-136.216],[0,0]],"v":[[-21.278,-453.255],[340,76.372]],"c":false}]},{"i":{"x":0.667,"y":1},"o":{"x":0.167,"y":0.167},"t":12,"s":[{"i":[[0,0],[162.817,-489.342]],"o":[[295.396,-208.336],[0,0]],"v":[[41.313,-370.898],[340.001,78]],"c":false}]},{"i":{"x":0.833,"y":0.833},"o":{"x":0.333,"y":0},"t":24,"s":[{"i":[[0,0],[196.134,-496.031]],"o":[[259.143,-263.039],[0,0]],"v":[[59.118,-319.488],[340.001,78]],"c":false}]},{"i":{"x":0.833,"y":0.833},"o":{"x":0.167,"y":0.167},"t":28,"s":[{"i":[[0,0],[227.968,-371.219]],"o":[[150.73,-75.392],[0,0]],"v":[[221.149,-401.216],[340.001,78]],"c":false}]},{"i":{"x":0.833,"y":0.833},"o":{"x":0.167,"y":0.167},"t":30,"s":[{"i":[[0,0],[145.718,-311.462]],"o":[[68.633,66.708],[0,0]],"v":[[409.568,-416.752],[340.001,78]],"c":false}]},{"i":{"x":0.833,"y":1},"o":{"x":0.167,"y":0.167},"t":32,"s":[{"i":[[0,0],[139.136,-289.843]],"o":[[-43.689,90.959],[0,0]],"v":[[612.427,-463.791],[340.001,78]],"c":false}]},{"i":{"x":0.833,"y":0.833},"o":{"x":0.167,"y":0},"t":36,"s":[{"i":[[0,0],[123.91,-325.802]],"o":[[-247.365,52.453],[0,0]],"v":[[888.899,-404.13],[340.001,78]],"c":false}]},{"i":{"x":0.833,"y":0.833},"o":{"x":0.167,"y":0.167},"t":38,"s":[{"i":[[0,0],[119.903,-286.564]],"o":[[-212.993,41.12],[0,0]],"v":[[766.149,-416.008],[340.001,77.686]],"c":false}]},{"i":{"x":0.833,"y":0.833},"o":{"x":0.167,"y":0.167},"t":40,"s":[{"i":[[0,0],[18.257,-309.59]],"o":[[-165.774,21.843],[0,0]],"v":[[608.327,-431.279],[340.001,77.282]],"c":false}]},{"i":{"x":0.833,"y":0.833},"o":{"x":0.167,"y":0.167},"t":42,"s":[{"i":[[0,0],[81.495,-408.633]],"o":[[-21.837,65.089],[0,0]],"v":[[453.977,-491.101],[340.001,76.87]],"c":false}]},{"i":{"x":0.833,"y":0.833},"o":{"x":0.167,"y":0.167},"t":44,"s":[{"i":[[0,0],[148.41,-356.753]],"o":[[82.511,31.563],[0,0]],"v":[[308.695,-480.472],[340,76.495]],"c":false}]},{"i":{"x":0.667,"y":1},"o":{"x":0.167,"y":0.167},"t":46,"s":[{"i":[[0,0],[176.93,-425.203]],"o":[[143.273,-65.165],[0,0]],"v":[[186.475,-471.531],[340,76.18]],"c":false}]},{"i":{"x":0.833,"y":1},"o":{"x":0.167,"y":0},"t":48,"s":[{"i":[[0,0],[205.523,-511.306]],"o":[[177.889,-120.271],[0,0]],"v":[[116.846,-466.437],[340,76]],"c":false}]},{"i":{"x":0.667,"y":1},"o":{"x":0.167,"y":0},"t":56,"s":[{"i":[[0,0],[189.671,-510.326]],"o":[[198.761,-53.953],[0,0]],"v":[[105.839,-483.13],[340,76]],"c":false}]},{"i":{"x":0.833,"y":1},"o":{"x":0.333,"y":0},"t":64,"s":[{"i":[[0,0],[213.801,-505.74]],"o":[[175.266,-71.552],[0,0]],"v":[[103.236,-490.938],[340,76]],"c":false}]},{"i":{"x":0.833,"y":1},"o":{"x":0.167,"y":0},"t":82,"s":[{"i":[[0,0],[213.801,-505.74]],"o":[[175.266,-71.552],[0,0]],"v":[[103.236,-490.938],[340,76]],"c":false}]},{"i":{"x":0.833,"y":1},"o":{"x":0.167,"y":0},"t":90,"s":[{"i":[[0,0],[211.22,-463.369]],"o":[[175.266,-71.552],[0,0]],"v":[[103.236,-490.938],[340,76]],"c":false}]},{"i":{"x":0.833,"y":1},"o":{"x":0.167,"y":0},"t":98,"s":[{"i":[[0,0],[213.801,-505.74]],"o":[[175.266,-71.552],[0,0]],"v":[[103.236,-490.938],[340,76]],"c":false}]},{"i":{"x":0.833,"y":1},"o":{"x":0.167,"y":0},"t":110,"s":[{"i":[[0,0],[213.801,-505.74]],"o":[[198.128,-80.763],[0,0]],"v":[[103.236,-490.938],[340,76]],"c":false}]},{"t":118,"s":[{"i":[[0,0],[213.801,-505.74]],"o":[[175.266,-71.552],[0,0]],"v":[[103.236,-490.938],[340,76]],"c":false}]}],"ix":2},"nm":"Path 1","mn":"ADBE Vector Shape - Group","hd":false},{"ty":"st","c":{"a":0,"k":[0.250980392157,0.447058853449,0.482352971096,1],"ix":3},"o":{"a":0,"k":100,"ix":4},"w":{"a":0,"k":42,"ix":5},"lc":2,"lj":1,"ml":4,"bm":0,"nm":"Stroke 1","mn":"ADBE Vector Graphic - Stroke","hd":false},{"ty":"tr","p":{"a":0,"k":[0,0],"ix":2},"a":{"a":0,"k":[0,0],"ix":1},"s":{"a":0,"k":[100,100],"ix":3},"r":{"a":0,"k":0,"ix":6},"o":{"a":0,"k":100,"ix":7},"sk":{"a":0,"k":0,"ix":4},"sa":{"a":0,"k":0,"ix":5},"nm":"Transform"}],"nm":"Shape 1","np":3,"cix":2,"bm":0,"ix":1,"mn":"ADBE Vector Group","hd":false}],"ip":0,"op":120,"st":0,"bm":0},{"ddd":0,"ind":19,"ty":4,"nm":"fishing rod","parent":16,"sr":1,"ks":{"o":{"a":0,"k":100,"ix":11},"r":{"a":0,"k":0,"ix":10},"p":{"a":0,"k":[195.53,27.37,0],"ix":2,"l":2},"a":{"a":0,"k":[338,84,0],"ix":1,"l":2},"s":{"a":0,"k":[100,100,100],"ix":6,"l":2}},"ao":0,"shapes":[{"ty":"gr","it":[{"ind":0,"ty":"sh","ix":1,"ks":{"a":1,"k":[{"i":{"x":0.833,"y":0.833},"o":{"x":0.333,"y":0},"t":6,"s":[{"i":[[0,0],[213.801,-505.74]],"o":[[175.266,-71.552],[0,0]],"v":[[103.236,-490.938],[330.494,61.906]],"c":false}]},{"i":{"x":0.833,"y":0.833},"o":{"x":0.167,"y":0.167},"t":8,"s":[{"i":[[0,0],[204.306,-502.686]],"o":[[245.042,-136.216],[0,0]],"v":[[-21.278,-453.255],[327.854,64.478]],"c":false}]},{"i":{"x":0.667,"y":1},"o":{"x":0.167,"y":0.167},"t":12,"s":[{"i":[[0,0],[162.817,-489.342]],"o":[[295.396,-208.336],[0,0]],"v":[[41.313,-370.898],[323.001,78.011]],"c":false}]},{"i":{"x":0.833,"y":0.833},"o":{"x":0.333,"y":0},"t":24,"s":[{"i":[[0,0],[196.134,-496.031]],"o":[[259.143,-263.039],[0,0]],"v":[[59.118,-319.488],[323.012,78.593]],"c":false}]},{"i":{"x":0.833,"y":0.833},"o":{"x":0.167,"y":0.167},"t":28,"s":[{"i":[[0,0],[227.968,-371.219]],"o":[[150.73,-75.392],[0,0]],"v":[[221.149,-401.216],[323.741,73.039]],"c":false}]},{"i":{"x":0.833,"y":0.833},"o":{"x":0.167,"y":0.167},"t":30,"s":[{"i":[[0,0],[145.718,-311.462]],"o":[[68.633,66.708],[0,0]],"v":[[409.568,-416.752],[325.967,68.406]],"c":false}]},{"i":{"x":0.833,"y":1},"o":{"x":0.167,"y":0.167},"t":32,"s":[{"i":[[0,0],[139.136,-289.843]],"o":[[-43.689,90.959],[0,0]],"v":[[612.427,-463.791],[329.948,64.291]],"c":false}]},{"i":{"x":0.833,"y":0.833},"o":{"x":0.167,"y":0},"t":36,"s":[{"i":[[0,0],[123.91,-325.802]],"o":[[-247.365,52.453],[0,0]],"v":[[888.899,-404.13],[338.52,61.065]],"c":false}]},{"i":{"x":0.833,"y":0.833},"o":{"x":0.167,"y":0.167},"t":38,"s":[{"i":[[0,0],[119.903,-286.564]],"o":[[-212.993,41.12],[0,0]],"v":[[766.149,-416.008],[337.506,60.87]],"c":false}]},{"i":{"x":0.833,"y":0.833},"o":{"x":0.167,"y":0.167},"t":40,"s":[{"i":[[0,0],[18.257,-309.59]],"o":[[-165.774,21.843],[0,0]],"v":[[608.327,-431.279],[335.958,60.769]],"c":false}]},{"i":{"x":0.833,"y":0.833},"o":{"x":0.167,"y":0.167},"t":42,"s":[{"i":[[0,0],[81.495,-408.633]],"o":[[-21.837,65.089],[0,0]],"v":[[453.977,-491.101],[334.326,60.845]],"c":false}]},{"i":{"x":0.833,"y":0.833},"o":{"x":0.167,"y":0.167},"t":44,"s":[{"i":[[0,0],[148.41,-356.753]],"o":[[82.511,31.563],[0,0]],"v":[[308.695,-480.472],[332.751,61.118]],"c":false}]},{"i":{"x":0.667,"y":1},"o":{"x":0.167,"y":0.167},"t":46,"s":[{"i":[[0,0],[176.93,-425.203]],"o":[[143.273,-65.165],[0,0]],"v":[[186.475,-471.531],[331.356,61.541]],"c":false}]},{"i":{"x":0.833,"y":1},"o":{"x":0.167,"y":0},"t":48,"s":[{"i":[[0,0],[205.523,-511.306]],"o":[[177.889,-120.271],[0,0]],"v":[[116.846,-466.437],[330.494,61.906]],"c":false}]},{"i":{"x":0.667,"y":1},"o":{"x":0.167,"y":0},"t":56,"s":[{"i":[[0,0],[189.671,-510.327]],"o":[[198.761,-53.953],[0,0]],"v":[[105.839,-483.13],[331.244,61.428]],"c":false}]},{"i":{"x":0.833,"y":1},"o":{"x":0.333,"y":0},"t":64,"s":[{"i":[[0,0],[213.801,-505.74]],"o":[[175.266,-71.552],[0,0]],"v":[[103.236,-490.938],[330.494,61.906]],"c":false}]},{"i":{"x":0.833,"y":1},"o":{"x":0.167,"y":0},"t":82,"s":[{"i":[[0,0],[213.801,-505.74]],"o":[[175.266,-71.552],[0,0]],"v":[[103.236,-490.938],[330.494,61.906]],"c":false}]},{"i":{"x":0.833,"y":1},"o":{"x":0.167,"y":0},"t":90,"s":[{"i":[[0,0],[211.22,-463.369]],"o":[[175.266,-71.552],[0,0]],"v":[[103.236,-490.938],[330.008,62.247]],"c":false}]},{"i":{"x":0.833,"y":1},"o":{"x":0.167,"y":0},"t":98,"s":[{"i":[[0,0],[213.801,-505.74]],"o":[[175.266,-71.552],[0,0]],"v":[[103.236,-490.938],[330.494,61.906]],"c":false}]},{"i":{"x":0.833,"y":1},"o":{"x":0.167,"y":0},"t":110,"s":[{"i":[[0,0],[213.801,-505.74]],"o":[[198.128,-80.763],[0,0]],"v":[[103.236,-490.938],[329.534,62.604]],"c":false}]},{"t":118,"s":[{"i":[[0,0],[213.801,-505.74]],"o":[[175.266,-71.552],[0,0]],"v":[[103.236,-490.938],[330.494,61.906]],"c":false}]}],"ix":2},"nm":"Path 1","mn":"ADBE Vector Shape - Group","hd":false},{"ty":"st","c":{"a":0,"k":[0.250980392157,0.447058853449,0.482352971096,1],"ix":3},"o":{"a":0,"k":100,"ix":4},"w":{"a":0,"k":42,"ix":5},"lc":2,"lj":1,"ml":4,"bm":0,"nm":"Stroke 1","mn":"ADBE Vector Graphic - Stroke","hd":false},{"ty":"tr","p":{"a":0,"k":[0,0],"ix":2},"a":{"a":0,"k":[0,0],"ix":1},"s":{"a":0,"k":[100,100],"ix":3},"r":{"a":0,"k":0,"ix":6},"o":{"a":0,"k":100,"ix":7},"sk":{"a":0,"k":0,"ix":4},"sa":{"a":0,"k":0,"ix":5},"nm":"Transform"}],"nm":"Shape 1","np":3,"cix":2,"bm":0,"ix":1,"mn":"ADBE Vector Group","hd":false}],"ip":0,"op":120,"st":0,"bm":0},{"ddd":0,"ind":20,"ty":4,"nm":"fishing rod","parent":19,"sr":1,"ks":{"o":{"a":0,"k":100,"ix":11},"r":{"a":0,"k":56,"ix":10},"p":{"a":0,"k":[91.406,-489.366,0],"ix":2,"l":2},"a":{"a":0,"k":[-438,-62,0],"ix":1,"l":2},"s":{"a":0,"k":[100,100,100],"ix":6,"l":2}},"ao":0,"shapes":[{"ty":"gr","it":[{"ind":0,"ty":"sh","ix":1,"ks":{"a":1,"k":[{"i":{"x":0.833,"y":0.833},"o":{"x":0.333,"y":0},"t":6,"s":[{"i":[[0,0],[0,0],[0,0]],"o":[[0,0],[0,0],[0,0]],"v":[[-436,-64],[-432.976,303.433],[-432,422]],"c":false}]},{"i":{"x":0.833,"y":0.833},"o":{"x":0.167,"y":0.167},"t":8,"s":[{"i":[[0,0],[-31.944,-140.734],[-0.104,-10.794]],"o":[[-3.758,27.227],[15.154,66.765],[0,0]],"v":[[-472.756,53.605],[-395.693,428.377],[-369.092,557.829]],"c":false}]},{"i":{"x":0.833,"y":0.833},"o":{"x":0.167,"y":0.167},"t":9,"s":[{"i":[[0,0],[-25.91,-96.536],[-9.145,-41.48]],"o":[[25.834,115.923],[25.91,96.536],[0,0]],"v":[[-446.705,50.632],[-363.481,388.254],[-295.196,659.656]],"c":false}]},{"i":{"x":0.833,"y":0.833},"o":{"x":0.167,"y":0.167},"t":10,"s":[{"i":[[0,0],[-79.127,-60.087],[-0.331,-34.378]],"o":[[-11.97,86.717],[61.945,47.039],[0,0]],"v":[[-420.654,47.66],[-253.791,294.643],[-193.098,451.455]],"c":false}]},{"i":{"x":0.833,"y":0.833},"o":{"x":0.167,"y":0.167},"t":12,"s":[{"i":[[0,0],[-66.206,-50.234],[-0.558,-57.962]],"o":[[-6.206,162.705],[31.408,23.831],[0,0]],"v":[[-368.552,41.715],[-222.059,249.912],[-164.342,361.148]],"c":false}]},{"i":{"x":0.833,"y":0.833},"o":{"x":0.167,"y":0.167},"t":14,"s":[{"i":[[0,0],[-64.348,-52.43],[8.345,-61.929]],"o":[[-15.199,135.621],[30.527,24.873],[0,0]],"v":[[-359.287,44.672],[-200.014,242.7],[-147.311,358.453]],"c":false}]},{"i":{"x":0.833,"y":1},"o":{"x":0.167,"y":0.167},"t":20,"s":[{"i":[[0,0],[-58.852,-58.929],[34.691,-73.669]],"o":[[-0.455,104.298],[27.92,27.956],[0,0]],"v":[[-331.874,53.421],[-119.728,178.022],[-172.318,338.284]],"c":false}]},{"i":{"x":0.833,"y":0.833},"o":{"x":0.167,"y":0},"t":24,"s":[{"i":[[0,0],[-86.696,20.704],[47.627,-79.433]],"o":[[1.525,144.669],[37.253,-8.896],[0,0]],"v":[[-318.413,57.717],[-146.035,99.842],[-97.431,208.39]],"c":false}]},{"i":{"x":0.833,"y":0.833},"o":{"x":0.167,"y":0.167},"t":26,"s":[{"i":[[0,0],[-68.6,-48.978],[67.176,-18.718]],"o":[[-6.758,150.709],[36.755,26.242],[0,0]],"v":[[-309.81,-15.654],[-58.312,10.652],[-87.723,142.908]],"c":false}]},{"i":{"x":0.833,"y":0.833},"o":{"x":0.167,"y":0.167},"t":28,"s":[{"i":[[0,0],[-49.246,-124.311],[28.112,-1.866]],"o":[[-17.408,158.476],[24.497,61.839],[0,0]],"v":[[-298.749,-109.989],[64.376,-31.44],[-30.406,47.678]],"c":false}]},{"i":{"x":0.833,"y":0.833},"o":{"x":0.167,"y":0.167},"t":30,"s":[{"i":[[0,0],[-70.558,-160.003],[53.555,41.071]],"o":[[-32.152,162.665],[20.763,56.585],[0,0]],"v":[[-210.086,-295.103],[189.439,-152.305],[66.674,-35.464]],"c":false}]},{"i":{"x":0.833,"y":0.833},"o":{"x":0.167,"y":0.167},"t":31,"s":[{"i":[[0,0],[-4.441,-184.349],[34.556,45.731]],"o":[[63.282,125.195],[-7.856,86.48],[0,0]],"v":[[-165.755,-387.66],[212.004,-131.724],[113.924,-63.752]],"c":false}]},{"i":{"x":0.833,"y":0.833},"o":{"x":0.167,"y":0.167},"t":32,"s":[{"i":[[0,0],[61.676,-208.694],[22.989,93.238]],"o":[[158.717,87.724],[-36.476,116.375],[0,0]],"v":[[-121.423,-480.217],[123.101,-115.932],[161.174,-92.041]],"c":false}]},{"i":{"x":0.833,"y":1},"o":{"x":0.167,"y":0.167},"t":34,"s":[{"i":[[0,0],[119.601,-234.069],[-8.363,143.108]],"o":[[235.771,56.77],[-63.198,122.309],[0,0]],"v":[[-7.745,-589.572],[180.575,-200.416],[286.966,-138.036]],"c":false}]},{"i":{"x":0.833,"y":0.833},"o":{"x":0.167,"y":0},"t":36,"s":[{"i":[[0,0],[111.647,-273.888],[-16.998,177.425]],"o":[[295.703,32.695],[-72.36,177.512],[0,0]],"v":[[80.671,-674.625],[213.843,-243.051],[391.3,-139.064]],"c":false}]},{"i":{"x":0.833,"y":0.833},"o":{"x":0.167,"y":0.167},"t":38,"s":[{"i":[[0,0],[19.417,-209.985],[-16.239,169.349]],"o":[[234.459,-32.29],[-18.162,149.565],[0,0]],"v":[[3.927,-582.273],[127.831,-208.433],[356.295,-135.96]],"c":false}]},{"i":{"x":0.833,"y":0.833},"o":{"x":0.167,"y":0.167},"t":40,"s":[{"i":[[0,0],[-101.519,-128.794],[-53.749,108.448]],"o":[[155.717,-115.842],[68.568,86.991],[0,0]],"v":[[-94.744,-463.536],[24.025,-173.372],[238.619,-162.513]],"c":false}]},{"i":{"x":0.833,"y":0.833},"o":{"x":0.167,"y":0.167},"t":42,"s":[{"i":[[0,0],[-89.965,-70.915],[-78.642,134.721]],"o":[[-74.915,13.699],[42.432,33.448],[0,0]],"v":[[-246.643,-371.486],[-145.623,-101.326],[114.031,-123.378]],"c":false}]},{"i":{"x":0.833,"y":0.833},"o":{"x":0.167,"y":0.167},"t":44,"s":[{"i":[[0,0],[18.418,-138.961],[-50.445,107.015]],"o":[[-75.575,69.257],[-12.65,95.441],[0,0]],"v":[[-306.242,-254.733],[-224.082,-29.222],[-113.314,37.223]],"c":false}]},{"i":{"x":0.833,"y":1},"o":{"x":0.167,"y":0.167},"t":46,"s":[{"i":[[0,0],[43.931,-168.253],[-17.261,107.401]],"o":[[-76.191,121.214],[-30.935,118.479],[0,0]],"v":[[-361.979,-145.547],[-382.143,158.574],[-271.929,275.272]],"c":false}]},{"i":{"x":0.667,"y":1},"o":{"x":0.167,"y":0},"t":48,"s":[{"i":[[0,0],[-45.651,-65.793],[-11.257,116.3]],"o":[[-76.671,161.625],[54.157,78.051],[0,0]],"v":[[-405.329,-60.625],[-307.156,97.949],[-315.743,383.7]],"c":false}]},{"i":{"x":0.667,"y":1},"o":{"x":0.333,"y":0},"t":56,"s":[{"i":[[0,0],[-0.259,-122.971],[0,0]],"o":[[0,0],[0.173,81.817],[0,0]],"v":[[-423.912,-65.369],[-432.976,303.433],[-422.616,548.665]],"c":false}]},{"i":{"x":0.833,"y":1},"o":{"x":0.333,"y":0},"t":64,"s":[{"i":[[0,0],[-0.586,-71.236],[16,-88]],"o":[[0,0],[0.749,90.99],[0,0]],"v":[[-436,-64],[-456.976,121.433],[-432,422]],"c":false}]},{"i":{"x":0.833,"y":1},"o":{"x":0.167,"y":0},"t":72,"s":[{"i":[[0,0],[0,0],[0,0]],"o":[[0,0],[0,0],[0,0]],"v":[[-436,-64],[-432.976,303.433],[-430,518]],"c":false}]},{"i":{"x":0.833,"y":1},"o":{"x":0.167,"y":0},"t":78,"s":[{"i":[[0,0],[0,0],[0,0]],"o":[[0,0],[0,0],[0,0]],"v":[[-436,-64],[-436.976,189.433],[-432,422]],"c":false}]},{"i":{"x":0.833,"y":1},"o":{"x":0.167,"y":0},"t":84,"s":[{"i":[[0,0],[0,0],[0,0]],"o":[[0,0],[0,0],[0,0]],"v":[[-436,-64],[-432.976,303.433],[-432,422]],"c":false}]},{"i":{"x":0.833,"y":0.833},"o":{"x":0.167,"y":0},"t":92,"s":[{"i":[[0,0],[-3.26,-122.438],[0,0]],"o":[[0,0],[1.513,56.824],[0,0]],"v":[[-436,-64],[-432.976,303.433],[-421.685,473.591]],"c":false}]},{"i":{"x":0.667,"y":1},"o":{"x":0.167,"y":0.167},"t":110,"s":[{"i":[[0,0],[-4.087,-83.62],[0,0]],"o":[[0,0],[5.098,104.305],[0,0]],"v":[[-436,-64],[-441.99,144.343],[-421.376,497.251]],"c":false}]},{"t":120,"s":[{"i":[[0,0],[0,0],[0,0]],"o":[[0,0],[0,0],[0,0]],"v":[[-436,-64],[-432.976,303.433],[-432,422]],"c":false}]}],"ix":2},"nm":"Path 1","mn":"ADBE Vector Shape - Group","hd":false},{"ty":"st","c":{"a":0,"k":[0.733333333333,0.800000059838,0.827451040231,1],"ix":3},"o":{"a":0,"k":100,"ix":4},"w":{"a":0,"k":26,"ix":5},"lc":2,"lj":1,"ml":4,"bm":0,"nm":"Stroke 1","mn":"ADBE Vector Graphic - Stroke","hd":false},{"ty":"tr","p":{"a":0,"k":[0,0],"ix":2},"a":{"a":0,"k":[0,0],"ix":1},"s":{"a":0,"k":[100,100],"ix":3},"r":{"a":0,"k":0,"ix":6},"o":{"a":0,"k":100,"ix":7},"sk":{"a":0,"k":0,"ix":4},"sa":{"a":0,"k":0,"ix":5},"nm":"Transform"}],"nm":"Shape 1","np":3,"cix":2,"bm":0,"ix":1,"mn":"ADBE Vector Group","hd":false}],"ip":0,"op":120,"st":0,"bm":0}]}],"layers":[{"ddd":0,"ind":1,"ty":4,"nm":"water","td":1,"sr":1,"ks":{"o":{"a":0,"k":100,"ix":11},"r":{"a":0,"k":0,"ix":10},"p":{"a":0,"k":[283.667,1133.444,0],"ix":2,"l":2},"a":{"a":0,"k":[366.473,248.695,0],"ix":1,"l":2},"s":{"a":0,"k":[100,100,100],"ix":6,"l":2}},"ao":0,"shapes":[{"ty":"gr","it":[{"ind":0,"ty":"sh","ix":1,"ks":{"a":1,"k":[{"i":{"x":0.667,"y":1},"o":{"x":0.167,"y":0.167},"t":10,"s":[{"i":[[0,0],[-3.283,29.669],[-12.646,-16.767],[-76.643,22.222],[-11.555,-23.112],[184,-126.333],[88,56],[-2.666,4.007]],"o":[[6.222,16.437],[3.284,-29.669],[12.646,16.767],[76.643,-22.223],[11.556,23.111],[-184,126.333],[-88,-56],[2.667,-4.007]],"v":[[-261.722,-32.604],[-222.339,-39.831],[-163.257,-29.378],[-13.263,14.995],[105.389,15.834],[140.945,249.5],[-319.5,371.389],[-369.278,-32.604]],"c":true}]},{"i":{"x":0.833,"y":0.833},"o":{"x":0.333,"y":0},"t":48,"s":[{"i":[[0,0],[-3.283,29.669],[-12.646,-16.767],[-76.643,22.222],[-11.555,-23.112],[184,-126.333],[88,56],[-2.666,4.007]],"o":[[6.222,16.437],[3.284,-29.669],[12.646,16.767],[76.643,-22.223],[11.556,23.111],[-184,126.333],[-88,-56],[2.667,-4.007]],"v":[[-261.722,-32.604],[-222.339,-39.831],[-163.257,-29.378],[-13.263,14.995],[105.389,15.834],[140.945,249.5],[-319.5,371.389],[-369.278,-32.604]],"c":true}]},{"i":{"x":0.667,"y":1},"o":{"x":0.167,"y":0.167},"t":52,"s":[{"i":[[0,0],[-3.283,29.669],[-12.646,-16.767],[-76.643,22.222],[-11.555,-23.112],[184,-126.333],[88,56],[-2.666,4.007]],"o":[[6.222,16.437],[3.284,-29.669],[12.646,16.767],[76.643,-22.223],[11.556,23.111],[-184,126.333],[-88,-56],[2.667,-4.007]],"v":[[-341.722,-32.604],[-302.339,-39.831],[-243.257,-29.378],[-93.263,14.995],[25.389,15.834],[60.945,249.5],[-399.5,371.389],[-449.278,-32.604]],"c":true}]},{"t":56,"s":[{"i":[[0,0],[-3.283,29.669],[-12.646,-16.767],[-76.643,22.222],[-11.555,-23.112],[184,-126.333],[88,56],[-2.666,4.007]],"o":[[6.222,16.437],[3.284,-29.669],[12.646,16.767],[76.643,-22.223],[11.556,23.111],[-184,126.333],[-88,-56],[2.667,-4.007]],"v":[[-261.722,-32.604],[-222.339,-39.831],[-163.257,-29.378],[-13.263,14.995],[105.389,15.834],[140.945,249.5],[-319.5,371.389],[-369.278,-32.604]],"c":true}]}],"ix":2},"nm":"Path 1","mn":"ADBE Vector Shape - Group","hd":false},{"ty":"fl","c":{"a":0,"k":[1,1,1,1],"ix":4},"o":{"a":0,"k":100,"ix":5},"r":1,"bm":0,"nm":"Fill 1","mn":"ADBE Vector Graphic - Fill","hd":false},{"ty":"tr","p":{"a":0,"k":[407.75,69.75],"ix":2},"a":{"a":0,"k":[0,0],"ix":1},"s":{"a":0,"k":[100,100],"ix":3},"r":{"a":0,"k":0,"ix":6},"o":{"a":0,"k":100,"ix":7},"sk":{"a":0,"k":0,"ix":4},"sa":{"a":0,"k":0,"ix":5},"nm":"Transform"}],"nm":"Group 1","np":2,"cix":2,"bm":0,"ix":1,"mn":"ADBE Vector Group","hd":false}],"ip":0,"op":120,"st":0,"bm":0},{"ddd":0,"ind":2,"ty":0,"nm":"Fishing pole","tt":2,"refId":"comp_0","sr":1,"ks":{"o":{"a":0,"k":100,"ix":11},"r":{"a":0,"k":0,"ix":10},"p":{"a":0,"k":[512,512,0],"ix":2,"l":2},"a":{"a":0,"k":[512,512,0],"ix":1,"l":2},"s":{"a":0,"k":[100,100,100],"ix":6,"l":2}},"ao":0,"w":1024,"h":1024,"ip":0,"op":120,"st":0,"bm":0}],"markers":[{"tm":12,"cm":"rest","dr":0}]}