{"v":"5.8.1","fr":60,"ip":0,"op":142,"w":1024,"h":1024,"nm":"emoji_Broken chain","ddd":0,"assets":[],"layers":[{"ddd":0,"ind":1,"ty":3,"nm":"Null ","sr":1,"ks":{"o":{"a":0,"k":36,"ix":11},"r":{"a":1,"k":[{"i":{"x":[0.667],"y":[1]},"o":{"x":[0.333],"y":[0]},"t":26,"s":[0]},{"i":{"x":[0.667],"y":[1]},"o":{"x":[0.333],"y":[0]},"t":30,"s":[26]},{"i":{"x":[0.667],"y":[1]},"o":{"x":[0.333],"y":[0]},"t":42,"s":[15]},{"i":{"x":[0.667],"y":[1]},"o":{"x":[0.333],"y":[0]},"t":56,"s":[19]},{"i":{"x":[0.833],"y":[1]},"o":{"x":[0.167],"y":[0]},"t":70,"s":[18]},{"i":{"x":[0.833],"y":[1]},"o":{"x":[0.167],"y":[0]},"t":80,"s":[18]},{"i":{"x":[0.833],"y":[1]},"o":{"x":[0.167],"y":[0]},"t":88,"s":[21]},{"t":94,"s":[0]}],"ix":10},"p":{"a":0,"k":[402,820,0],"ix":2,"l":2},"a":{"a":0,"k":[402,820,0],"ix":1,"l":2},"s":{"a":0,"k":[100,100,100],"ix":6,"l":2}},"ao":0,"ip":0,"op":142,"st":0,"bm":0},{"ddd":0,"ind":2,"ty":4,"nm":"shine 1","parent":4,"sr":1,"ks":{"o":{"a":0,"k":100,"ix":11},"r":{"a":0,"k":0,"ix":10},"p":{"a":0,"k":[70.25,311.85,0],"ix":2,"l":2},"a":{"a":0,"k":[46.25,121.45,0],"ix":1,"l":2},"s":{"a":0,"k":[100,100,100],"ix":6,"l":2}},"ao":0,"shapes":[{"ty":"gr","it":[{"ind":0,"ty":"sh","ix":1,"ks":{"a":0,"k":{"i":[[-6.4,5.6],[11.2,12],[-40,44.799],[4.8,5.601],[14.4,-16.801],[-56.8,-58.401]],"o":[[4.8,-4],[-46.4,-47.2],[12.8,-14.401],[-6.4,-7.199],[-49.6,57.6],[8,9.599]],"v":[[41.2,115.6],[34.8,87.6],[30.8,-82.799],[35.6,-113.201],[3.6,-104.4],[14.8,108.4]],"c":true},"ix":2},"nm":"Path 1","mn":"ADBE Vector Shape - Group","hd":false},{"ty":"fl","c":{"a":0,"k":[0.658999992819,0.889999988032,0.941000007181,1],"ix":4},"o":{"a":0,"k":100,"ix":5},"r":1,"bm":0,"nm":"Fill 1","mn":"ADBE Vector Graphic - Fill","hd":false},{"ty":"tr","p":{"a":0,"k":[46.25,121.451],"ix":2},"a":{"a":0,"k":[0,0],"ix":1},"s":{"a":0,"k":[100,100],"ix":3},"r":{"a":0,"k":0,"ix":6},"o":{"a":0,"k":100,"ix":7},"sk":{"a":0,"k":0,"ix":4},"sa":{"a":0,"k":0,"ix":5},"nm":"Transform"}],"nm":"Group 1","np":2,"cix":2,"bm":0,"ix":1,"mn":"ADBE Vector Group","hd":false}],"ip":0,"op":142,"st":0,"bm":0},{"ddd":0,"ind":3,"ty":4,"nm":"Broken chain 1","parent":1,"sr":1,"ks":{"o":{"a":0,"k":100,"ix":11},"r":{"a":1,"k":[{"i":{"x":[0.833],"y":[1]},"o":{"x":[0.18],"y":[0]},"t":18,"s":[0]},{"i":{"x":[0.667],"y":[1]},"o":{"x":[0.167],"y":[0.167]},"t":20,"s":[0]},{"i":{"x":[0.667],"y":[1]},"o":{"x":[0.333],"y":[0]},"t":30,"s":[50]},{"i":{"x":[0.667],"y":[1]},"o":{"x":[0.333],"y":[0]},"t":40,"s":[43]},{"i":{"x":[0.833],"y":[1]},"o":{"x":[0.333],"y":[0]},"t":52,"s":[46]},{"i":{"x":[0.833],"y":[1]},"o":{"x":[0.167],"y":[0]},"t":62,"s":[45]},{"i":{"x":[0.833],"y":[1]},"o":{"x":[0.167],"y":[0]},"t":80,"s":[45]},{"i":{"x":[0.228],"y":[1]},"o":{"x":[0.167],"y":[0]},"t":88,"s":[48]},{"i":{"x":[0.496],"y":[1]},"o":{"x":[1],"y":[0]},"t":98,"s":[-1]},{"i":{"x":[0.833],"y":[1]},"o":{"x":[0.167],"y":[0]},"t":108,"s":[0]},{"t":116,"s":[0]}],"ix":10},"p":{"a":1,"k":[{"i":{"x":0.833,"y":0.833},"o":{"x":0.687,"y":0},"t":18,"s":[290.4,724.4,0],"to":[0,0,0],"ti":[0,0,0]},{"i":{"x":0.667,"y":1},"o":{"x":0.167,"y":0.167},"t":20,"s":[270.4,744.4,0],"to":[0,0,0],"ti":[0,0,0]},{"i":{"x":0.667,"y":0.667},"o":{"x":0.333,"y":0.333},"t":30,"s":[290.4,802.4,0],"to":[0,0,0],"ti":[0,0,0]},{"i":{"x":0.228,"y":1},"o":{"x":0.167,"y":0},"t":88,"s":[290.4,802.4,0],"to":[0,0,0],"ti":[0,0,0]},{"i":{"x":0.496,"y":1},"o":{"x":1,"y":0},"t":98,"s":[316.4,698.4,0],"to":[0,0,0],"ti":[0,0,0]},{"i":{"x":0.833,"y":1},"o":{"x":0.167,"y":0},"t":108,"s":[286.4,728.4,0],"to":[0,0,0],"ti":[0,0,0]},{"t":116,"s":[290.4,724.4,0]}],"ix":2,"l":2},"a":{"a":0,"k":[257.05,265.45,0],"ix":1,"l":2},"s":{"a":0,"k":[100,100,100],"ix":6,"l":2}},"ao":0,"shapes":[{"ty":"gr","it":[{"ind":0,"ty":"sh","ix":1,"ks":{"a":0,"k":{"i":[[11.2,-9.6],[12,-9.6],[5.6,5.6],[-7.2,7.2],[0,0],[-4,-11.2]],"o":[[-11.2,9.6],[-10.4,8.8],[-7.2,-8],[0,0],[8,-8],[4,8]],"v":[[28.4,0.8],[-10,32.8],[-34.8,35.2],[-30.8,11.2],[15.6,-33.6],[38,-27.2]],"c":true},"ix":2},"nm":"Path 1","mn":"ADBE Vector Shape - Group","hd":false},{"ty":"fl","c":{"a":0,"k":[0.658999992819,0.889999988032,0.941000007181,1],"ix":4},"o":{"a":0,"k":100,"ix":5},"r":1,"bm":0,"nm":"Fill 1","mn":"ADBE Vector Graphic - Fill","hd":false},{"ty":"tr","p":{"a":0,"k":[401.45,92.25],"ix":2},"a":{"a":0,"k":[0,0],"ix":1},"s":{"a":0,"k":[100,100],"ix":3},"r":{"a":0,"k":0,"ix":6,"x":"var $bm_rt;\n$bm_rt = content('Group 3').transform.rotation;"},"o":{"a":0,"k":100,"ix":7},"sk":{"a":0,"k":0,"ix":4},"sa":{"a":0,"k":0,"ix":5},"nm":"Transform"}],"nm":"Group 1","np":2,"cix":2,"bm":0,"ix":1,"mn":"ADBE Vector Group","hd":false},{"ty":"gr","it":[{"ind":0,"ty":"sh","ix":1,"ks":{"a":1,"k":[{"i":{"x":0,"y":1},"o":{"x":0.687,"y":0},"t":18,"s":[{"i":[[9.6,32],[-8,7.2],[-9.6,-32],[6.4,-6.4]],"o":[[-9.6,-32],[6.4,-5.6],[9.6,32],[-8,6.4]],"v":[[-3.5,-7.3],[-5.1,-70.5],[27.7,-15.3],[31.7,44.7]],"c":true}]},{"i":{"x":0.833,"y":1},"o":{"x":0.333,"y":0},"t":20,"s":[{"i":[[9.6,32],[-8,7.2],[-9.6,-32],[6.4,-6.4]],"o":[[-9.6,-32],[6.4,-5.6],[9.6,32],[-8,6.4]],"v":[[-16,5.2],[-17.6,-58],[15.2,-2.8],[19.2,57.2]],"c":true}]},{"i":{"x":0.228,"y":1},"o":{"x":0.167,"y":0},"t":88,"s":[{"i":[[9.6,32],[-8,7.2],[-9.6,-32],[6.4,-6.4]],"o":[[-9.6,-32],[6.4,-5.6],[9.6,32],[-8,6.4]],"v":[[-16,5.2],[-17.6,-58],[15.2,-2.8],[19.2,57.2]],"c":true}]},{"i":{"x":0.496,"y":1},"o":{"x":1,"y":0},"t":98,"s":[{"i":[[9.6,32],[-8,7.2],[-9.6,-32],[6.4,-6.4]],"o":[[-9.6,-32],[6.4,-5.6],[9.6,32],[-8,6.4]],"v":[[-6,-4.8],[-7.6,-68],[25.2,-12.8],[29.2,47.2]],"c":true}]},{"i":{"x":0.833,"y":1},"o":{"x":0.167,"y":0},"t":108,"s":[{"i":[[9.6,32],[-8,7.2],[-9.6,-32],[6.4,-6.4]],"o":[[-9.6,-32],[6.4,-5.6],[9.6,32],[-8,6.4]],"v":[[4,-14.8],[2.4,-78],[35.2,-22.8],[39.2,37.2]],"c":true}]},{"t":116,"s":[{"i":[[9.6,32],[-8,7.2],[-9.6,-32],[6.4,-6.4]],"o":[[-9.6,-32],[6.4,-5.6],[9.6,32],[-8,6.4]],"v":[[-3.5,-7.3],[-5.1,-70.5],[27.7,-15.3],[31.7,44.7]],"c":true}]}],"ix":2},"nm":"Path 1","mn":"ADBE Vector Shape - Group","hd":false},{"ty":"fl","c":{"a":0,"k":[0.517999985639,0.689999988032,0.757000014361,1],"ix":4},"o":{"a":0,"k":100,"ix":5},"r":1,"bm":0,"nm":"Fill 1","mn":"ADBE Vector Graphic - Fill","hd":false},{"ty":"tr","p":{"a":0,"k":[468.25,63.85],"ix":2},"a":{"a":0,"k":[0,0],"ix":1},"s":{"a":0,"k":[100,100],"ix":3},"r":{"a":0,"k":0,"ix":6,"x":"var $bm_rt;\n$bm_rt = content('Group 3').transform.rotation;"},"o":{"a":0,"k":100,"ix":7},"sk":{"a":0,"k":0,"ix":4},"sa":{"a":0,"k":0,"ix":5},"nm":"Transform"}],"nm":"Group 2","np":2,"cix":2,"bm":0,"ix":2,"mn":"ADBE Vector Group","hd":false},{"ty":"gr","it":[{"ind":0,"ty":"sh","ix":1,"ks":{"a":1,"k":[{"i":{"x":0,"y":1},"o":{"x":0.687,"y":0},"t":18,"s":[{"i":[[-20,20],[0,0],[0,0],[0,0],[-24.8,-24.8]],"o":[[0,0],[0,0],[0,0],[-20,20],[24.8,24.8]],"v":[[-1.6,97.2],[114.9,-19.3],[78.1,-134.5],[-77.6,21.2],[-77.6,97.2]],"c":true}]},{"i":{"x":0.833,"y":1},"o":{"x":0.333,"y":0},"t":20,"s":[{"i":[[-20,20],[0,0],[0,0],[0,0],[-24.8,-24.8]],"o":[[0,0],[0,0],[0,0],[-20,20],[24.8,24.8]],"v":[[-1.6,97.2],[102.4,-6.8],[65.6,-122],[-77.6,21.2],[-77.6,97.2]],"c":true}]},{"i":{"x":0.228,"y":1},"o":{"x":0.167,"y":0},"t":88,"s":[{"i":[[-20,20],[0,0],[0,0],[0,0],[-24.8,-24.8]],"o":[[0,0],[0,0],[0,0],[-20,20],[24.8,24.8]],"v":[[-1.6,97.2],[102.4,-6.8],[65.6,-122],[-77.6,21.2],[-77.6,97.2]],"c":true}]},{"i":{"x":0.496,"y":1},"o":{"x":1,"y":0},"t":98,"s":[{"i":[[-20,20],[0,0],[0,0],[0,0],[-24.8,-24.8]],"o":[[0,0],[0,0],[0,0],[-20,20],[24.8,24.8]],"v":[[-28.067,123.742],[112.4,-16.8],[75.6,-132],[-104.067,47.742],[-104.067,123.742]],"c":true}]},{"i":{"x":0.833,"y":1},"o":{"x":0.167,"y":0},"t":108,"s":[{"i":[[-20,20],[0,0],[0,0],[0,0],[-24.8,-24.8]],"o":[[0,0],[0,0],[0,0],[-20,20],[24.8,24.8]],"v":[[-1.6,97.2],[122.4,-26.8],[85.6,-142],[-77.6,21.2],[-77.6,97.2]],"c":true}]},{"t":116,"s":[{"i":[[-20,20],[0,0],[0,0],[0,0],[-24.8,-24.8]],"o":[[0,0],[0,0],[0,0],[-20,20],[24.8,24.8]],"v":[[-1.6,97.2],[114.9,-19.3],[78.1,-134.5],[-77.6,21.2],[-77.6,97.2]],"c":true}]}],"ix":2},"nm":"Path 1","mn":"ADBE Vector Shape - Group","hd":false},{"ty":"fl","c":{"a":0,"k":[0.517999985639,0.689999988032,0.757000014361,1],"ix":4},"o":{"a":0,"k":100,"ix":5},"r":1,"bm":0,"nm":"Fill 1","mn":"ADBE Vector Graphic - Fill","hd":false},{"ty":"tr","p":{"a":0,"k":[332.25,193.85],"ix":2},"a":{"a":0,"k":[-52,66],"ix":1},"s":{"a":0,"k":[100,100],"ix":3},"r":{"a":0,"k":0,"ix":6},"o":{"a":0,"k":100,"ix":7},"sk":{"a":0,"k":0,"ix":4},"sa":{"a":0,"k":0,"ix":5},"nm":"Transform"}],"nm":"Group 3","np":2,"cix":2,"bm":0,"ix":3,"mn":"ADBE Vector Group","hd":false}],"ip":0,"op":142,"st":0,"bm":0},{"ddd":0,"ind":4,"ty":4,"nm":"chain 1","sr":1,"ks":{"o":{"a":0,"k":100,"ix":11},"r":{"a":1,"k":[{"i":{"x":[0.833],"y":[1]},"o":{"x":[0.18],"y":[0]},"t":18,"s":[0]},{"i":{"x":[0.667],"y":[1]},"o":{"x":[0.167],"y":[0.167]},"t":20,"s":[0]},{"i":{"x":[0.667],"y":[1]},"o":{"x":[0.333],"y":[0]},"t":30,"s":[50]},{"i":{"x":[0.667],"y":[1]},"o":{"x":[0.333],"y":[0]},"t":40,"s":[43]},{"i":{"x":[0.833],"y":[1]},"o":{"x":[0.333],"y":[0]},"t":52,"s":[46]},{"i":{"x":[0.833],"y":[1]},"o":{"x":[0.167],"y":[0]},"t":62,"s":[45]},{"i":{"x":[0.833],"y":[1]},"o":{"x":[0.167],"y":[0]},"t":80,"s":[45]},{"i":{"x":[0.228],"y":[1]},"o":{"x":[0.167],"y":[0]},"t":88,"s":[48]},{"i":{"x":[0.496],"y":[1]},"o":{"x":[1],"y":[0]},"t":98,"s":[-1]},{"i":{"x":[0.833],"y":[1]},"o":{"x":[0.167],"y":[0]},"t":108,"s":[0]},{"t":116,"s":[0]}],"ix":10},"p":{"a":1,"k":[{"i":{"x":0.833,"y":0.833},"o":{"x":0.687,"y":0},"t":18,"s":[290.4,724.4,0],"to":[0,0,0],"ti":[0,0,0]},{"i":{"x":0.667,"y":1},"o":{"x":0.167,"y":0.167},"t":20,"s":[270.4,744.4,0],"to":[0,0,0],"ti":[0,0,0]},{"i":{"x":0.667,"y":0.667},"o":{"x":0.333,"y":0.333},"t":30,"s":[290.4,802.4,0],"to":[0,0,0],"ti":[0,0,0]},{"i":{"x":0.228,"y":1},"o":{"x":0.167,"y":0},"t":88,"s":[290.4,802.4,0],"to":[0,0,0],"ti":[0,0,0]},{"i":{"x":0.496,"y":1},"o":{"x":1,"y":0},"t":98,"s":[316.4,698.4,0],"to":[0,0,0],"ti":[0,0,0]},{"i":{"x":0.833,"y":1},"o":{"x":0.167,"y":0},"t":108,"s":[286.4,728.4,0],"to":[0,0,0],"ti":[0,0,0]},{"t":116,"s":[290.4,724.4,0]}],"ix":2,"l":2},"a":{"a":0,"k":[257.05,265.45,0],"ix":1,"l":2},"s":{"a":0,"k":[100,100,100],"ix":6,"l":2}},"ao":0,"shapes":[{"ty":"gr","it":[{"ind":0,"ty":"sh","ix":1,"ks":{"a":0,"k":{"i":[[16,-32],[1.6,-0.8],[-20.8,-20],[12,-32.801],[-26.4,-2.4],[0.8,-20.799],[53.6,51.2],[31.2,8.801]],"o":[[-14.4,31.2],[26.4,-3.2],[27.2,26.401],[7.2,-15.2],[38.4,4],[16,-65.599],[-24.8,-24.8],[1.6,1.601]],"v":[[-61.2,-66.399],[-109.2,-21.599],[-34.8,4],[-12.4,100.801],[39.6,61.601],[93.2,120],[37.2,-70.399],[-49.2,-120]],"c":true},"ix":2},"nm":"Path 1","mn":"ADBE Vector Shape - Group","hd":false},{"ty":"fl","c":{"a":0,"k":[0.184000007779,0.470999983245,0.536999990426,1],"ix":4},"o":{"a":0,"k":100,"ix":5},"r":1,"bm":0,"nm":"Fill 1","mn":"ADBE Vector Graphic - Fill","hd":false},{"ty":"tr","p":{"a":0,"k":[393.45,166.649],"ix":2},"a":{"a":0,"k":[0,0],"ix":1},"s":{"a":0,"k":[100,100],"ix":3},"r":{"a":0,"k":0,"ix":6},"o":{"a":0,"k":100,"ix":7},"sk":{"a":0,"k":0,"ix":4},"sa":{"a":0,"k":0,"ix":5},"nm":"Transform"}],"nm":"Group 4","np":2,"cix":2,"bm":0,"ix":4,"mn":"ADBE Vector Group","hd":false},{"ty":"gr","it":[{"ind":0,"ty":"sh","ix":1,"ks":{"a":0,"k":{"i":[[-33.6,35.2],[0,0],[-36,-34.399],[33.6,-34.401],[0,0],[36,34.401]],"o":[[0,0],[33.6,-35.199],[36,35.201],[0,0],[-33.6,35.201],[-36,-34.399]],"v":[[-106.4,-23.199],[-24.8,-104.8],[101.6,-104.8],[105.6,21.601],[24,103.2],[-102.4,103.2]],"c":true},"ix":2},"nm":"Path 1","mn":"ADBE Vector Shape - Group","hd":false},{"ind":1,"ty":"sh","ix":2,"ks":{"a":0,"k":{"i":[[-74.4,76],[0,0],[79.2,76],[73.6,-76],[0,0],[-79.2,-76]],"o":[[0,0],[73.6,-76],[-79.2,-76],[0,0],[-73.6,76],[79.2,76]],"v":[[101.6,179.2],[183.2,97.601],[174.4,-178.399],[-101.6,-179.199],[-183.2,-98.399],[-174.4,177.601]],"c":true},"ix":2},"nm":"Path 2","mn":"ADBE Vector Shape - Group","hd":false},{"ty":"mm","mm":1,"nm":"Merge Paths 1","mn":"ADBE Vector Filter - Merge","hd":false},{"ty":"fl","c":{"a":0,"k":[0.517999985639,0.689999988032,0.757000014361,1],"ix":4},"o":{"a":0,"k":100,"ix":5},"r":1,"bm":0,"nm":"Fill 2","mn":"ADBE Vector Graphic - Fill","hd":false},{"ty":"fl","c":{"a":0,"k":[0.517999985639,0.689999988032,0.757000014361,1],"ix":4},"o":{"a":0,"k":100,"ix":5},"r":1,"bm":0,"nm":"Fill 1","mn":"ADBE Vector Graphic - Fill","hd":false},{"ty":"tr","p":{"a":0,"k":[257.05,275.45],"ix":2},"a":{"a":0,"k":[0,0],"ix":1},"s":{"a":0,"k":[100,100],"ix":3},"r":{"a":0,"k":0,"ix":6},"o":{"a":0,"k":100,"ix":7},"sk":{"a":0,"k":0,"ix":4},"sa":{"a":0,"k":0,"ix":5},"nm":"Transform"}],"nm":"Group 5","np":5,"cix":2,"bm":0,"ix":5,"mn":"ADBE Vector Group","hd":false}],"ip":0,"op":142,"st":0,"bm":0},{"ddd":0,"ind":5,"ty":4,"nm":"shine 2","parent":7,"sr":1,"ks":{"o":{"a":0,"k":100,"ix":11},"r":{"a":0,"k":0,"ix":10},"p":{"a":0,"k":[74.65,245.05,0],"ix":2,"l":2},"a":{"a":0,"k":[37.85,72.25,0],"ix":1,"l":2},"s":{"a":0,"k":[100,100,100],"ix":6,"l":2}},"ao":0,"shapes":[{"ty":"gr","it":[{"ind":0,"ty":"sh","ix":1,"ks":{"a":0,"k":{"i":[[-14.4,1.6],[0,4],[-18.4,20],[4.8,5.6],[14.4,-16.8],[-0.8,-36.8]],"o":[[14.4,-1.6],[2.4,-27.2],[12.8,-14.4],[-6.4,-7.2],[-24,27.2],[0,7.2]],"v":[[-19.2,70.4],[-5.6,40],[24.8,-33.6],[29.6,-64],[-2.4,-55.2],[-36.8,45.6]],"c":true},"ix":2},"nm":"Path 1","mn":"ADBE Vector Shape - Group","hd":false},{"ty":"fl","c":{"a":0,"k":[0.658999992819,0.889999988032,0.941000007181,1],"ix":4},"o":{"a":0,"k":100,"ix":5},"r":1,"bm":0,"nm":"Fill 1","mn":"ADBE Vector Graphic - Fill","hd":false},{"ty":"tr","p":{"a":0,"k":[37.85,72.25],"ix":2},"a":{"a":0,"k":[0,0],"ix":1},"s":{"a":0,"k":[100,100],"ix":3},"r":{"a":0,"k":0,"ix":6},"o":{"a":0,"k":100,"ix":7},"sk":{"a":0,"k":0,"ix":4},"sa":{"a":0,"k":0,"ix":5},"nm":"Transform"}],"nm":"Group 1","np":2,"cix":2,"bm":0,"ix":1,"mn":"ADBE Vector Group","hd":false}],"ip":0,"op":142,"st":0,"bm":0},{"ddd":0,"ind":6,"ty":4,"nm":"Broken chain 2","parent":7,"sr":1,"ks":{"o":{"a":0,"k":100,"ix":11},"r":{"a":1,"k":[{"i":{"x":[0.667],"y":[1]},"o":{"x":[0.333],"y":[0]},"t":20,"s":[0]},{"i":{"x":[0.667],"y":[1]},"o":{"x":[0.333],"y":[0]},"t":28,"s":[23]},{"i":{"x":[0.667],"y":[1]},"o":{"x":[0.333],"y":[0]},"t":38,"s":[-3]},{"i":{"x":[0.667],"y":[1]},"o":{"x":[0.333],"y":[0]},"t":48,"s":[2]},{"i":{"x":[0.667],"y":[1]},"o":{"x":[0.333],"y":[0]},"t":58,"s":[-1]},{"t":70,"s":[0]}],"ix":10},"p":{"a":0,"k":[177.05,329.45,0],"ix":2,"l":2},"a":{"a":0,"k":[177.05,329.45,0],"ix":1,"l":2},"s":{"a":0,"k":[100,100,100],"ix":6,"l":2}},"ao":0,"shapes":[{"ty":"gr","it":[{"ind":0,"ty":"sh","ix":1,"ks":{"a":1,"k":[{"i":{"x":0,"y":1},"o":{"x":0.687,"y":0},"t":18,"s":[{"i":[[-9.6,-32],[8,-7.2],[9.6,32],[-6.4,6.4]],"o":[[9.6,32],[-6.4,5.6],[-9.6,-32],[8,-6.4]],"v":[[3.5,7.3],[5.1,70.5],[-27.7,15.3],[-31.7,-44.7]],"c":true}]},{"i":{"x":0.833,"y":1},"o":{"x":0.333,"y":0},"t":20,"s":[{"i":[[-9.6,-32],[8,-7.2],[9.6,32],[-6.4,6.4]],"o":[[9.6,32],[-6.4,5.6],[-9.6,-32],[8,-6.4]],"v":[[16,-5.2],[17.6,58],[-15.2,2.8],[-19.2,-57.2]],"c":true}]},{"i":{"x":0.833,"y":0.833},"o":{"x":0.167,"y":0},"t":88,"s":[{"i":[[-9.6,-32],[8,-7.2],[9.6,32],[-6.4,6.4]],"o":[[9.6,32],[-6.4,5.6],[-9.6,-32],[8,-6.4]],"v":[[16,-5.2],[17.6,58],[-15.2,2.8],[-19.2,-57.2]],"c":true}]},{"i":{"x":0.833,"y":0.833},"o":{"x":0.167,"y":0.167},"t":92,"s":[{"i":[[-9.6,-32],[8,-7.2],[9.6,32],[-6.4,6.4]],"o":[[9.6,32],[-6.4,5.6],[-9.6,-32],[8,-6.4]],"v":[[7.267,3.533],[8.867,66.733],[-23.933,11.533],[-27.933,-48.467]],"c":true}]},{"i":{"x":0.228,"y":1},"o":{"x":0.167,"y":0.167},"t":94,"s":[{"i":[[-9.6,-32],[8,-7.2],[9.6,32],[-6.4,6.4]],"o":[[9.6,32],[-6.4,5.6],[-9.6,-32],[8,-6.4]],"v":[[4.793,6.007],[24.979,44.365],[-26.407,14.007],[-30.407,-45.993]],"c":true}]},{"i":{"x":0.496,"y":1},"o":{"x":1,"y":0},"t":98,"s":[{"i":[[-9.6,-32],[8,-7.2],[9.6,32],[-6.4,6.4]],"o":[[9.6,32],[-6.4,5.6],[-9.6,-32],[8,-6.4]],"v":[[3.5,7.3],[5.1,70.5],[-27.7,15.3],[-31.7,-44.7]],"c":true}]},{"i":{"x":0.833,"y":1},"o":{"x":0.167,"y":0},"t":108,"s":[{"i":[[-9.6,-32],[8,-7.2],[9.6,32],[-6.4,6.4]],"o":[[9.6,32],[-6.4,5.6],[-9.6,-32],[8,-6.4]],"v":[[3.5,7.3],[5.1,70.5],[-27.7,15.3],[-31.7,-44.7]],"c":true}]},{"t":116,"s":[{"i":[[-9.6,-32],[8,-7.2],[9.6,32],[-6.4,6.4]],"o":[[9.6,32],[-6.4,5.6],[-9.6,-32],[8,-6.4]],"v":[[3.5,7.3],[5.1,70.5],[-27.7,15.3],[-31.7,-44.7]],"c":true}]}],"ix":2},"nm":"Path 1","mn":"ADBE Vector Shape - Group","hd":false},{"ty":"fl","c":{"a":0,"k":[0.658999992819,0.889999988032,0.941000007181,1],"ix":4},"o":{"a":0,"k":100,"ix":5},"r":1,"bm":0,"nm":"Fill 1","mn":"ADBE Vector Graphic - Fill","hd":false},{"ty":"tr","p":{"a":0,"k":[45.85,467.05],"ix":2},"a":{"a":0,"k":[0,0],"ix":1},"s":{"a":0,"k":[100,100],"ix":3},"r":{"a":0,"k":0,"ix":6},"o":{"a":0,"k":100,"ix":7},"sk":{"a":0,"k":0,"ix":4},"sa":{"a":0,"k":0,"ix":5},"nm":"Transform"}],"nm":"Group 1","np":2,"cix":2,"bm":0,"ix":1,"mn":"ADBE Vector Group","hd":false},{"ty":"gr","it":[{"ind":0,"ty":"sh","ix":1,"ks":{"a":1,"k":[{"i":{"x":0,"y":1},"o":{"x":0.687,"y":0},"t":18,"s":[{"i":[[20,-20],[0,0],[0,0],[0,0],[24.8,24.8]],"o":[[0,0],[0,0],[0,0],[20,-20],[-24.8,-24.8]],"v":[[1.6,-97.2],[-114.9,19.3],[-78.1,134.5],[77.6,-21.2],[77.6,-97.2]],"c":true}]},{"i":{"x":0.833,"y":1},"o":{"x":0.333,"y":0},"t":20,"s":[{"i":[[20,-20],[0,0],[0,0],[0,0],[24.8,24.8]],"o":[[0,0],[0,0],[0,0],[20,-20],[-24.8,-24.8]],"v":[[1.6,-97.2],[-102.4,6.8],[-65.6,122],[77.6,-21.2],[77.6,-97.2]],"c":true}]},{"i":{"x":0.833,"y":0.833},"o":{"x":0.167,"y":0},"t":88,"s":[{"i":[[20,-20],[0,0],[0,0],[0,0],[24.8,24.8]],"o":[[0,0],[0,0],[0,0],[20,-20],[-24.8,-24.8]],"v":[[1.6,-97.2],[-102.4,6.8],[-65.6,122],[77.6,-21.2],[77.6,-97.2]],"c":true}]},{"i":{"x":0.833,"y":0.833},"o":{"x":0.167,"y":0.167},"t":92,"s":[{"i":[[20,-20],[0,0],[0,0],[0,0],[24.8,24.8]],"o":[[0,0],[0,0],[0,0],[20,-20],[-24.8,-24.8]],"v":[[13.293,-107.886],[-111.133,15.534],[-74.334,130.734],[89.293,-31.886],[89.293,-107.886]],"c":true}]},{"i":{"x":0.228,"y":1},"o":{"x":0.167,"y":0.167},"t":94,"s":[{"i":[[20,-20],[0,0],[0,0],[0,0],[24.8,24.8]],"o":[[0,0],[0,0],[0,0],[20,-20],[-24.8,-24.8]],"v":[[16.604,-110.912],[-113.607,18.007],[-58.221,108.365],[92.604,-34.912],[92.604,-110.912]],"c":true}]},{"i":{"x":0.496,"y":1},"o":{"x":1,"y":0},"t":98,"s":[{"i":[[20,-20],[0,0],[0,0],[0,0],[24.8,24.8]],"o":[[0,0],[0,0],[0,0],[20,-20],[-24.8,-24.8]],"v":[[18.336,-112.494],[-114.9,19.3],[-78.1,134.5],[94.336,-36.494],[94.336,-112.494]],"c":true}]},{"i":{"x":0.833,"y":1},"o":{"x":0.167,"y":0},"t":108,"s":[{"i":[[20,-20],[0,0],[0,0],[0,0],[24.8,24.8]],"o":[[0,0],[0,0],[0,0],[20,-20],[-24.8,-24.8]],"v":[[1.6,-97.2],[-114.9,19.3],[-78.1,134.5],[77.6,-21.2],[77.6,-97.2]],"c":true}]},{"t":116,"s":[{"i":[[20,-20],[0,0],[0,0],[0,0],[24.8,24.8]],"o":[[0,0],[0,0],[0,0],[20,-20],[-24.8,-24.8]],"v":[[1.6,-97.2],[-114.9,19.3],[-78.1,134.5],[77.6,-21.2],[77.6,-97.2]],"c":true}]}],"ix":2},"nm":"Path 1","mn":"ADBE Vector Shape - Group","hd":false},{"ty":"fl","c":{"a":0,"k":[0.517999985639,0.689999988032,0.757000014361,1],"ix":4},"o":{"a":0,"k":100,"ix":5},"r":1,"bm":0,"nm":"Fill 1","mn":"ADBE Vector Graphic - Fill","hd":false},{"ty":"tr","p":{"a":0,"k":[129.85,403.05],"ix":2},"a":{"a":0,"k":[0,0],"ix":1},"s":{"a":0,"k":[100,100],"ix":3},"r":{"a":0,"k":0,"ix":6},"o":{"a":0,"k":100,"ix":7},"sk":{"a":0,"k":0,"ix":4},"sa":{"a":0,"k":0,"ix":5},"nm":"Transform"}],"nm":"Group 2","np":2,"cix":2,"bm":0,"ix":2,"mn":"ADBE Vector Group","hd":false}],"ip":0,"op":142,"st":0,"bm":0},{"ddd":0,"ind":7,"ty":4,"nm":"chain 2","sr":1,"ks":{"o":{"a":0,"k":100,"ix":11},"r":{"a":1,"k":[{"i":{"x":[0.833],"y":[1]},"o":{"x":[0.18],"y":[0]},"t":18,"s":[0]},{"i":{"x":[0.667],"y":[1]},"o":{"x":[0.167],"y":[0.167]},"t":20,"s":[0]},{"i":{"x":[0.667],"y":[1]},"o":{"x":[0.333],"y":[0]},"t":32,"s":[-50]},{"i":{"x":[0.667],"y":[1]},"o":{"x":[0.333],"y":[0]},"t":42,"s":[-43]},{"i":{"x":[0.833],"y":[1]},"o":{"x":[0.333],"y":[0]},"t":54,"s":[-46]},{"i":{"x":[0.833],"y":[1]},"o":{"x":[0.167],"y":[0]},"t":68,"s":[-45]},{"i":{"x":[0.833],"y":[1]},"o":{"x":[0.167],"y":[0]},"t":80,"s":[-45]},{"i":{"x":[0.228],"y":[1]},"o":{"x":[0.167],"y":[0]},"t":88,"s":[-50]},{"i":{"x":[0.496],"y":[1]},"o":{"x":[1],"y":[0]},"t":98,"s":[1]},{"i":{"x":[0.833],"y":[1]},"o":{"x":[0.167],"y":[0]},"t":108,"s":[0]},{"t":116,"s":[0]}],"ix":10},"p":{"a":1,"k":[{"i":{"x":0.833,"y":0.833},"o":{"x":0.687,"y":0},"t":18,"s":[733.6,299.6,0],"to":[0,0,0],"ti":[0,0,0]},{"i":{"x":0.667,"y":1},"o":{"x":0.167,"y":0.167},"t":20,"s":[753.6,279.6,0],"to":[0,0,0],"ti":[0,0,0]},{"i":{"x":0.667,"y":0.667},"o":{"x":0.167,"y":0.167},"t":32,"s":[821.6,299.6,0],"to":[0,0,0],"ti":[0,0,0]},{"i":{"x":0.228,"y":1},"o":{"x":0.167,"y":0},"t":88,"s":[821.6,299.6,0],"to":[0,0,0],"ti":[0,0,0]},{"i":{"x":0.496,"y":1},"o":{"x":1,"y":0},"t":98,"s":[717.6,315.6,0],"to":[0,0,0],"ti":[0,0,0]},{"i":{"x":0.496,"y":1},"o":{"x":0.167,"y":0},"t":108,"s":[737.6,295.6,0],"to":[0,0,0],"ti":[0,0,0]},{"t":116,"s":[733.6,299.6,0]}],"ix":2,"l":2},"a":{"a":0,"k":[257.05,265.45,0],"ix":1,"l":2},"s":{"a":0,"k":[100,100,100],"ix":6,"l":2}},"ao":0,"shapes":[{"ty":"gr","it":[{"ind":0,"ty":"sh","ix":1,"ks":{"a":1,"k":[{"i":{"x":0.667,"y":1},"o":{"x":0.333,"y":0},"t":20,"s":[{"i":[[4,37.6],[-14.4,5.6],[27.2,26.4],[-3.2,26.4],[32.8,-13.6],[0,0],[-26.4,-25.6],[-63.2,15.2]],"o":[[-3.2,-29.6],[-32,13.6],[-20.8,-20.8],[0,0],[-29.6,12.8],[9.6,32.8],[51.2,49.6],[-20.8,0.8]],"v":[[62.4,40.4],[106.4,-14],[7.2,-33.2],[-20,-108.4],[-74.4,-50.8],[-119.2,-48.4],[-65.6,41.2],[119.2,93.2]],"c":true}]},{"i":{"x":0.667,"y":1},"o":{"x":0.333,"y":0},"t":26,"s":[{"i":[[4,37.6],[-14.4,5.6],[27.2,26.4],[-3.2,26.4],[32.8,-13.6],[0,0],[-26.4,-25.6],[-63.2,15.2]],"o":[[-3.2,-29.6],[-32,13.6],[-20.8,-20.8],[0,0],[-25.494,14.747],[9.6,32.8],[51.2,49.6],[-20.8,0.8]],"v":[[62.4,40.4],[106.4,-14],[7.2,-33.2],[-20,-108.4],[-87.777,-78.536],[-121.831,-61.219],[-65.6,41.2],[119.2,93.2]],"c":true}]},{"t":38,"s":[{"i":[[4,37.6],[-14.4,5.6],[27.2,26.4],[-3.2,26.4],[32.8,-13.6],[0,0],[-26.4,-25.6],[-63.2,15.2]],"o":[[-3.2,-29.6],[-32,13.6],[-20.8,-20.8],[0,0],[-29.6,12.8],[9.6,32.8],[51.2,49.6],[-20.8,0.8]],"v":[[62.4,40.4],[106.4,-14],[7.2,-33.2],[-20,-108.4],[-74.4,-50.8],[-119.2,-48.4],[-65.6,41.2],[119.2,93.2]],"c":true}]}],"ix":2},"nm":"Path 1","mn":"ADBE Vector Shape - Group","hd":false},{"ty":"fl","c":{"a":0,"k":[0.184000007779,0.470999983245,0.536999990426,1],"ix":4},"o":{"a":0,"k":100,"ix":5},"r":1,"bm":0,"nm":"Fill 1","mn":"ADBE Vector Graphic - Fill","hd":false},{"ty":"tr","p":{"a":0,"k":[147.45,393.45],"ix":2},"a":{"a":0,"k":[0,0],"ix":1},"s":{"a":0,"k":[100,100],"ix":3},"r":{"a":0,"k":0,"ix":6},"o":{"a":0,"k":100,"ix":7},"sk":{"a":0,"k":0,"ix":4},"sa":{"a":0,"k":0,"ix":5},"nm":"Transform"}],"nm":"Group 3","np":2,"cix":2,"bm":0,"ix":3,"mn":"ADBE Vector Group","hd":false},{"ty":"gr","it":[{"ind":0,"ty":"sh","ix":1,"ks":{"a":0,"k":{"i":[[33.6,-35.2],[0,0],[36,34.4],[-34.4,34.4],[0,0],[-36,-34.4]],"o":[[0,0],[-33.6,35.2],[-36.8,-35.2],[0,0],[33.6,-35.2],[36,34.4]],"v":[[106.4,22.8],[24.8,104.4],[-101.6,104.4],[-105.6,-22],[-24,-103.6],[102.4,-103.6]],"c":true},"ix":2},"nm":"Path 1","mn":"ADBE Vector Shape - Group","hd":false},{"ind":1,"ty":"sh","ix":2,"ks":{"a":0,"k":{"i":[[74.4,-76],[0,0],[-79.2,-76],[-73.6,76],[0,0],[79.2,76]],"o":[[0,0],[-73.6,76],[79.2,76],[0,0],[73.6,-76],[-79.2,-76]],"v":[[-101.6,-179.6],[-183.2,-97.2],[-174.4,178.8],[101.6,179.6],[183.2,98],[174.4,-178]],"c":true},"ix":2},"nm":"Path 2","mn":"ADBE Vector Shape - Group","hd":false},{"ty":"mm","mm":1,"nm":"Merge Paths 1","mn":"ADBE Vector Filter - Merge","hd":false},{"ty":"fl","c":{"a":0,"k":[0.517999985639,0.689999988032,0.757000014361,1],"ix":4},"o":{"a":0,"k":100,"ix":5},"r":1,"bm":0,"nm":"Fill 1","mn":"ADBE Vector Graphic - Fill","hd":false},{"ty":"tr","p":{"a":0,"k":[257.05,255.85],"ix":2},"a":{"a":0,"k":[0,0],"ix":1},"s":{"a":0,"k":[100,100],"ix":3},"r":{"a":0,"k":0,"ix":6},"o":{"a":0,"k":100,"ix":7},"sk":{"a":0,"k":0,"ix":4},"sa":{"a":0,"k":0,"ix":5},"nm":"Transform"}],"nm":"Group 4","np":4,"cix":2,"bm":0,"ix":4,"mn":"ADBE Vector Group","hd":false}],"ip":0,"op":142,"st":0,"bm":0},{"ddd":0,"ind":8,"ty":4,"nm":"Motion line 1","sr":1,"ks":{"o":{"a":0,"k":100,"ix":11},"r":{"a":0,"k":0,"ix":10},"p":{"a":0,"k":[440,273.2,0],"ix":2,"l":2},"a":{"a":0,"k":[25.6,93.2,0],"ix":1,"l":2},"s":{"a":0,"k":[100,100,100],"ix":6,"l":2}},"ao":0,"shapes":[{"ty":"gr","it":[{"ind":0,"ty":"sh","ix":1,"ks":{"a":0,"k":{"i":[[0,0],[0,0]],"o":[[0,0],[0,0]],"v":[[-9.6,-77.2],[9.6,77.2]],"c":false},"ix":2},"nm":"Path 1","mn":"ADBE Vector Shape - Group","hd":false},{"ty":"st","c":{"a":0,"k":[0.741000007181,0.741000007181,0.741000007181,1],"ix":3},"o":{"a":0,"k":100,"ix":4},"w":{"a":0,"k":32,"ix":5},"lc":2,"lj":1,"ml":10,"bm":0,"nm":"Stroke 1","mn":"ADBE Vector Graphic - Stroke","hd":false},{"ty":"tr","p":{"a":0,"k":[25.6,93.2],"ix":2},"a":{"a":0,"k":[0,0],"ix":1},"s":{"a":0,"k":[100,100],"ix":3},"r":{"a":0,"k":0,"ix":6},"o":{"a":0,"k":100,"ix":7},"sk":{"a":0,"k":0,"ix":4},"sa":{"a":0,"k":0,"ix":5},"nm":"Transform"}],"nm":"Group 1","np":2,"cix":2,"bm":0,"ix":1,"mn":"ADBE Vector Group","hd":false},{"ty":"tm","s":{"a":1,"k":[{"i":{"x":[0],"y":[1]},"o":{"x":[0.333],"y":[0]},"t":14,"s":[100]},{"t":20,"s":[0]}],"ix":1},"e":{"a":1,"k":[{"i":{"x":[0.833],"y":[1]},"o":{"x":[0.333],"y":[0]},"t":20,"s":[100]},{"t":29,"s":[0]}],"ix":2},"o":{"a":0,"k":0,"ix":3},"m":1,"ix":2,"nm":"Trim Paths 1","mn":"ADBE Vector Filter - Trim","hd":false}],"ip":20,"op":142,"st":0,"bm":0},{"ddd":0,"ind":9,"ty":4,"nm":"Motion line 2","sr":1,"ks":{"o":{"a":0,"k":100,"ix":11},"r":{"a":0,"k":0,"ix":10},"p":{"a":0,"k":[313.2,316,0],"ix":2,"l":2},"a":{"a":0,"k":[88.4,86.4,0],"ix":1,"l":2},"s":{"a":0,"k":[100,100,100],"ix":6,"l":2}},"ao":0,"shapes":[{"ty":"gr","it":[{"ind":0,"ty":"sh","ix":1,"ks":{"a":0,"k":{"i":[[0,0],[0,0]],"o":[[0,0],[0,0]],"v":[[-72.4,-70.4],[72.4,70.4]],"c":false},"ix":2},"nm":"Path 1","mn":"ADBE Vector Shape - Group","hd":false},{"ty":"st","c":{"a":0,"k":[0.741000007181,0.741000007181,0.741000007181,1],"ix":3},"o":{"a":0,"k":100,"ix":4},"w":{"a":0,"k":32,"ix":5},"lc":2,"lj":1,"ml":10,"bm":0,"nm":"Stroke 1","mn":"ADBE Vector Graphic - Stroke","hd":false},{"ty":"tr","p":{"a":0,"k":[88.4,86.4],"ix":2},"a":{"a":0,"k":[0,0],"ix":1},"s":{"a":0,"k":[100,100],"ix":3},"r":{"a":0,"k":0,"ix":6},"o":{"a":0,"k":100,"ix":7},"sk":{"a":0,"k":0,"ix":4},"sa":{"a":0,"k":0,"ix":5},"nm":"Transform"}],"nm":"Group 1","np":2,"cix":2,"bm":0,"ix":1,"mn":"ADBE Vector Group","hd":false},{"ty":"tm","s":{"a":1,"k":[{"i":{"x":[0],"y":[1]},"o":{"x":[0.333],"y":[0]},"t":14,"s":[100]},{"t":20,"s":[0]}],"ix":1},"e":{"a":1,"k":[{"i":{"x":[0.833],"y":[1]},"o":{"x":[0.333],"y":[0]},"t":20,"s":[100]},{"t":31,"s":[0]}],"ix":2},"o":{"a":0,"k":0,"ix":3},"m":1,"ix":2,"nm":"Trim Paths 1","mn":"ADBE Vector Filter - Trim","hd":false}],"ip":20,"op":142,"st":0,"bm":0},{"ddd":0,"ind":10,"ty":4,"nm":"Motion line 3","sr":1,"ks":{"o":{"a":0,"k":100,"ix":11},"r":{"a":0,"k":0,"ix":10},"p":{"a":0,"k":[266,438.8,0],"ix":2,"l":2},"a":{"a":0,"k":[89.2,27.6,0],"ix":1,"l":2},"s":{"a":0,"k":[100,100,100],"ix":6,"l":2}},"ao":0,"shapes":[{"ty":"gr","it":[{"ind":0,"ty":"sh","ix":1,"ks":{"a":0,"k":{"i":[[0,0],[0,0]],"o":[[0,0],[0,0]],"v":[[-73.2,-11.6],[73.2,11.6]],"c":false},"ix":2},"nm":"Path 1","mn":"ADBE Vector Shape - Group","hd":false},{"ty":"st","c":{"a":0,"k":[0.741000007181,0.741000007181,0.741000007181,1],"ix":3},"o":{"a":0,"k":100,"ix":4},"w":{"a":0,"k":32,"ix":5},"lc":2,"lj":1,"ml":10,"bm":0,"nm":"Stroke 1","mn":"ADBE Vector Graphic - Stroke","hd":false},{"ty":"tr","p":{"a":0,"k":[89.2,27.6],"ix":2},"a":{"a":0,"k":[0,0],"ix":1},"s":{"a":0,"k":[100,100],"ix":3},"r":{"a":0,"k":0,"ix":6},"o":{"a":0,"k":100,"ix":7},"sk":{"a":0,"k":0,"ix":4},"sa":{"a":0,"k":0,"ix":5},"nm":"Transform"}],"nm":"Group 1","np":2,"cix":2,"bm":0,"ix":1,"mn":"ADBE Vector Group","hd":false},{"ty":"tm","s":{"a":1,"k":[{"i":{"x":[0],"y":[1]},"o":{"x":[0.333],"y":[0]},"t":14,"s":[100]},{"t":20,"s":[0]}],"ix":1},"e":{"a":1,"k":[{"i":{"x":[0.833],"y":[1]},"o":{"x":[0.333],"y":[0]},"t":20,"s":[100]},{"t":29,"s":[0]}],"ix":2},"o":{"a":0,"k":0,"ix":3},"m":1,"ix":2,"nm":"Trim Paths 1","mn":"ADBE Vector Filter - Trim","hd":false}],"ip":20,"op":142,"st":0,"bm":0},{"ddd":0,"ind":11,"ty":4,"nm":"Motion line 4","sr":1,"ks":{"o":{"a":0,"k":100,"ix":11},"r":{"a":0,"k":0,"ix":10},"p":{"a":0,"k":[750.8,578,0],"ix":2,"l":2},"a":{"a":0,"k":[89.2,27.599,0],"ix":1,"l":2},"s":{"a":0,"k":[100,100,100],"ix":6,"l":2}},"ao":0,"shapes":[{"ty":"gr","it":[{"ind":0,"ty":"sh","ix":1,"ks":{"a":0,"k":{"i":[[0,0],[0,0]],"o":[[0,0],[0,0]],"v":[[73.2,11.599],[-73.2,-11.599]],"c":false},"ix":2},"nm":"Path 1","mn":"ADBE Vector Shape - Group","hd":false},{"ty":"st","c":{"a":0,"k":[0.741000007181,0.741000007181,0.741000007181,1],"ix":3},"o":{"a":0,"k":100,"ix":4},"w":{"a":0,"k":32,"ix":5},"lc":2,"lj":1,"ml":10,"bm":0,"nm":"Stroke 1","mn":"ADBE Vector Graphic - Stroke","hd":false},{"ty":"tr","p":{"a":0,"k":[89.2,27.6],"ix":2},"a":{"a":0,"k":[0,0],"ix":1},"s":{"a":0,"k":[100,100],"ix":3},"r":{"a":0,"k":0,"ix":6},"o":{"a":0,"k":100,"ix":7},"sk":{"a":0,"k":0,"ix":4},"sa":{"a":0,"k":0,"ix":5},"nm":"Transform"}],"nm":"Group 1","np":2,"cix":2,"bm":0,"ix":1,"mn":"ADBE Vector Group","hd":false},{"ty":"tm","s":{"a":1,"k":[{"i":{"x":[0],"y":[1]},"o":{"x":[0.333],"y":[0]},"t":14,"s":[100]},{"t":20,"s":[0]}],"ix":1},"e":{"a":1,"k":[{"i":{"x":[0.833],"y":[1]},"o":{"x":[0.333],"y":[0]},"t":20,"s":[100]},{"t":29,"s":[0]}],"ix":2},"o":{"a":0,"k":0,"ix":3},"m":1,"ix":2,"nm":"Trim Paths 1","mn":"ADBE Vector Filter - Trim","hd":false}],"ip":20,"op":142,"st":0,"bm":0},{"ddd":0,"ind":12,"ty":4,"nm":"Motion line 5","sr":1,"ks":{"o":{"a":0,"k":100,"ix":11},"r":{"a":0,"k":0,"ix":10},"p":{"a":0,"k":[703.6,700.8,0],"ix":2,"l":2},"a":{"a":0,"k":[88.4,86.4,0],"ix":1,"l":2},"s":{"a":0,"k":[100,100,100],"ix":6,"l":2}},"ao":0,"shapes":[{"ty":"gr","it":[{"ind":0,"ty":"sh","ix":1,"ks":{"a":0,"k":{"i":[[0,0],[0,0]],"o":[[0,0],[0,0]],"v":[[72.4,70.4],[-72.4,-70.4]],"c":false},"ix":2},"nm":"Path 1","mn":"ADBE Vector Shape - Group","hd":false},{"ty":"st","c":{"a":0,"k":[0.741000007181,0.741000007181,0.741000007181,1],"ix":3},"o":{"a":0,"k":100,"ix":4},"w":{"a":0,"k":32,"ix":5},"lc":2,"lj":1,"ml":10,"bm":0,"nm":"Stroke 1","mn":"ADBE Vector Graphic - Stroke","hd":false},{"ty":"tr","p":{"a":0,"k":[88.4,86.4],"ix":2},"a":{"a":0,"k":[0,0],"ix":1},"s":{"a":0,"k":[100,100],"ix":3},"r":{"a":0,"k":0,"ix":6},"o":{"a":0,"k":100,"ix":7},"sk":{"a":0,"k":0,"ix":4},"sa":{"a":0,"k":0,"ix":5},"nm":"Transform"}],"nm":"Group 1","np":2,"cix":2,"bm":0,"ix":1,"mn":"ADBE Vector Group","hd":false},{"ty":"tm","s":{"a":1,"k":[{"i":{"x":[0],"y":[1]},"o":{"x":[0.333],"y":[0]},"t":14,"s":[100]},{"t":20,"s":[0]}],"ix":1},"e":{"a":1,"k":[{"i":{"x":[0.833],"y":[1]},"o":{"x":[0.333],"y":[0]},"t":20,"s":[100]},{"t":31,"s":[0]}],"ix":2},"o":{"a":0,"k":0,"ix":3},"m":1,"ix":2,"nm":"Trim Paths 1","mn":"ADBE Vector Filter - Trim","hd":false}],"ip":20,"op":142,"st":0,"bm":0},{"ddd":0,"ind":13,"ty":4,"nm":"Motion line 6","sr":1,"ks":{"o":{"a":0,"k":100,"ix":11},"r":{"a":0,"k":0,"ix":10},"p":{"a":0,"k":[576.8,743.6,0],"ix":2,"l":2},"a":{"a":0,"k":[25.6,93.2,0],"ix":1,"l":2},"s":{"a":0,"k":[100,100,100],"ix":6,"l":2}},"ao":0,"shapes":[{"ty":"gr","it":[{"ind":0,"ty":"sh","ix":1,"ks":{"a":0,"k":{"i":[[0,0],[0,0]],"o":[[0,0],[0,0]],"v":[[9.6,77.199],[-9.6,-77.199]],"c":false},"ix":2},"nm":"Path 1","mn":"ADBE Vector Shape - Group","hd":false},{"ty":"st","c":{"a":0,"k":[0.741000007181,0.741000007181,0.741000007181,1],"ix":3},"o":{"a":0,"k":100,"ix":4},"w":{"a":0,"k":32,"ix":5},"lc":2,"lj":1,"ml":10,"bm":0,"nm":"Stroke 1","mn":"ADBE Vector Graphic - Stroke","hd":false},{"ty":"tr","p":{"a":0,"k":[25.6,93.2],"ix":2},"a":{"a":0,"k":[0,0],"ix":1},"s":{"a":0,"k":[100,100],"ix":3},"r":{"a":0,"k":0,"ix":6},"o":{"a":0,"k":100,"ix":7},"sk":{"a":0,"k":0,"ix":4},"sa":{"a":0,"k":0,"ix":5},"nm":"Transform"}],"nm":"Group 1","np":2,"cix":2,"bm":0,"ix":1,"mn":"ADBE Vector Group","hd":false},{"ty":"tm","s":{"a":1,"k":[{"i":{"x":[0],"y":[1]},"o":{"x":[0.333],"y":[0]},"t":14,"s":[100]},{"t":20,"s":[0]}],"ix":1},"e":{"a":1,"k":[{"i":{"x":[0.833],"y":[1]},"o":{"x":[0.333],"y":[0]},"t":20,"s":[100]},{"t":29,"s":[0]}],"ix":2},"o":{"a":0,"k":0,"ix":3},"m":1,"ix":2,"nm":"Trim Paths 1","mn":"ADBE Vector Filter - Trim","hd":false}],"ip":20,"op":142,"st":0,"bm":0}],"markers":[{"tm":20,"cm":"rest","dr":0}]}