{"v":"5.8.1","fr":60,"ip":0,"op":182,"w":1024,"h":1024,"nm":"u1fa89","ddd":0,"assets":[],"layers":[{"ddd":0,"ind":1,"ty":4,"nm":"harp 2","parent":15,"sr":1,"ks":{"o":{"a":0,"k":100,"ix":11},"r":{"a":0,"k":0,"ix":10},"p":{"a":0,"k":[556.8,171.6,0],"ix":2,"l":2},"a":{"a":0,"k":[177.05,103.05,0],"ix":1,"l":2},"s":{"a":0,"k":[100,100,100],"ix":6,"l":2}},"ao":0,"shapes":[{"ty":"gr","it":[{"ind":0,"ty":"sh","ix":1,"ks":{"a":0,"k":{"i":[[-9.278,0],[0,-9.278],[9.278,0],[0,9.279]],"o":[[9.278,0],[0,9.279],[-9.278,0],[0,-9.278]],"v":[[0,-16.8],[16.8,0],[0,16.8],[-16.8,0]],"c":true},"ix":2},"nm":"Path 1","mn":"ADBE Vector Shape - Group","hd":false},{"ty":"fl","c":{"a":0,"k":[0.275,0.298000021542,0.313999998803,1],"ix":4},"o":{"a":0,"k":100,"ix":5},"r":1,"bm":0,"nm":"Fill 1","mn":"ADBE Vector Graphic - Fill","hd":false},{"ty":"tr","p":{"a":0,"k":[337.05,177.05],"ix":2},"a":{"a":0,"k":[0,0],"ix":1},"s":{"a":0,"k":[100,100],"ix":3},"r":{"a":0,"k":0,"ix":6},"o":{"a":0,"k":100,"ix":7},"sk":{"a":0,"k":0,"ix":4},"sa":{"a":0,"k":0,"ix":5},"nm":"Transform"}],"nm":"Group 1","np":2,"cix":2,"bm":0,"ix":1,"mn":"ADBE Vector Group","hd":false},{"ty":"gr","it":[{"ind":0,"ty":"sh","ix":1,"ks":{"a":0,"k":{"i":[[-9.278,0],[0,-9.278],[9.278,0],[0,9.279]],"o":[[9.278,0],[0,9.279],[-9.278,0],[0,-9.278]],"v":[[0,-16.8],[16.8,0],[0,16.8],[-16.8,0]],"c":true},"ix":2},"nm":"Path 1","mn":"ADBE Vector Shape - Group","hd":false},{"ty":"fl","c":{"a":0,"k":[0.275,0.298000021542,0.313999998803,1],"ix":4},"o":{"a":0,"k":100,"ix":5},"r":1,"bm":0,"nm":"Fill 1","mn":"ADBE Vector Graphic - Fill","hd":false},{"ty":"tr","p":{"a":0,"k":[273.85,189.05],"ix":2},"a":{"a":0,"k":[0,0],"ix":1},"s":{"a":0,"k":[100,100],"ix":3},"r":{"a":0,"k":0,"ix":6},"o":{"a":0,"k":100,"ix":7},"sk":{"a":0,"k":0,"ix":4},"sa":{"a":0,"k":0,"ix":5},"nm":"Transform"}],"nm":"Group 2","np":2,"cix":2,"bm":0,"ix":2,"mn":"ADBE Vector Group","hd":false},{"ty":"gr","it":[{"ind":0,"ty":"sh","ix":1,"ks":{"a":0,"k":{"i":[[-9.72,0],[0,-9.721],[9.72,0],[0,9.72]],"o":[[9.72,0],[0,9.72],[-9.72,0],[0,-9.721]],"v":[[0,-17.6],[17.6,0],[0,17.6],[-17.6,0]],"c":true},"ix":2},"nm":"Path 1","mn":"ADBE Vector Shape - Group","hd":false},{"ty":"fl","c":{"a":0,"k":[0.275,0.298000021542,0.313999998803,1],"ix":4},"o":{"a":0,"k":100,"ix":5},"r":1,"bm":0,"nm":"Fill 1","mn":"ADBE Vector Graphic - Fill","hd":false},{"ty":"tr","p":{"a":0,"k":[208.25,172.25],"ix":2},"a":{"a":0,"k":[0,0],"ix":1},"s":{"a":0,"k":[100,100],"ix":3},"r":{"a":0,"k":0,"ix":6},"o":{"a":0,"k":100,"ix":7},"sk":{"a":0,"k":0,"ix":4},"sa":{"a":0,"k":0,"ix":5},"nm":"Transform"}],"nm":"Group 3","np":2,"cix":2,"bm":0,"ix":3,"mn":"ADBE Vector Group","hd":false},{"ty":"gr","it":[{"ind":0,"ty":"sh","ix":1,"ks":{"a":0,"k":{"i":[[-10.604,0],[0,-10.604],[10.604,0],[0,10.604]],"o":[[10.604,0],[0,10.604],[-10.604,0],[0,-10.604]],"v":[[0,-19.2],[19.2,0],[0,19.2],[-19.2,0]],"c":true},"ix":2},"nm":"Path 1","mn":"ADBE Vector Shape - Group","hd":false},{"ty":"fl","c":{"a":0,"k":[0.275,0.298000021542,0.313999998803,1],"ix":4},"o":{"a":0,"k":100,"ix":5},"r":1,"bm":0,"nm":"Fill 1","mn":"ADBE Vector Graphic - Fill","hd":false},{"ty":"tr","p":{"a":0,"k":[147.45,118.65],"ix":2},"a":{"a":0,"k":[0,0],"ix":1},"s":{"a":0,"k":[100,100],"ix":3},"r":{"a":0,"k":0,"ix":6},"o":{"a":0,"k":100,"ix":7},"sk":{"a":0,"k":0,"ix":4},"sa":{"a":0,"k":0,"ix":5},"nm":"Transform"}],"nm":"Group 4","np":2,"cix":2,"bm":0,"ix":4,"mn":"ADBE Vector Group","hd":false},{"ty":"gr","it":[{"ind":0,"ty":"sh","ix":1,"ks":{"a":0,"k":{"i":[[-10.604,0],[0,-10.604],[10.604,0],[0,10.604]],"o":[[10.604,0],[0,10.604],[-10.604,0],[0,-10.604]],"v":[[0,-19.2],[19.2,0],[0,19.2],[-19.2,0]],"c":true},"ix":2},"nm":"Path 1","mn":"ADBE Vector Shape - Group","hd":false},{"ty":"fl","c":{"a":0,"k":[0.275,0.298000021542,0.313999998803,1],"ix":4},"o":{"a":0,"k":100,"ix":5},"r":1,"bm":0,"nm":"Fill 1","mn":"ADBE Vector Graphic - Fill","hd":false},{"ty":"tr","p":{"a":0,"k":[87.45,53.85],"ix":2},"a":{"a":0,"k":[0,0],"ix":1},"s":{"a":0,"k":[100,100],"ix":3},"r":{"a":0,"k":0,"ix":6},"o":{"a":0,"k":100,"ix":7},"sk":{"a":0,"k":0,"ix":4},"sa":{"a":0,"k":0,"ix":5},"nm":"Transform"}],"nm":"Group 5","np":2,"cix":2,"bm":0,"ix":5,"mn":"ADBE Vector Group","hd":false},{"ty":"gr","it":[{"ind":0,"ty":"sh","ix":1,"ks":{"a":0,"k":{"i":[[-11.046,0],[0,-11.045],[11.046,0],[0,11.046]],"o":[[11.046,0],[0,11.046],[-11.046,0],[0,-11.045]],"v":[[0,-20],[20,0],[0,20],[-20,0]],"c":true},"ix":2},"nm":"Path 1","mn":"ADBE Vector Shape - Group","hd":false},{"ty":"fl","c":{"a":0,"k":[0.275,0.298000021542,0.313999998803,1],"ix":4},"o":{"a":0,"k":100,"ix":5},"r":1,"bm":0,"nm":"Fill 1","mn":"ADBE Vector Graphic - Fill","hd":false},{"ty":"tr","p":{"a":0,"k":[20.25,20.25],"ix":2},"a":{"a":0,"k":[0,0],"ix":1},"s":{"a":0,"k":[100,100],"ix":3},"r":{"a":0,"k":0,"ix":6},"o":{"a":0,"k":100,"ix":7},"sk":{"a":0,"k":0,"ix":4},"sa":{"a":0,"k":0,"ix":5},"nm":"Transform"}],"nm":"Group 6","np":2,"cix":2,"bm":0,"ix":6,"mn":"ADBE Vector Group","hd":false}],"ip":0,"op":182,"st":0,"bm":0},{"ddd":0,"ind":2,"ty":1,"nm":"mask 6","parent":15,"sr":1,"ks":{"o":{"a":0,"k":100,"ix":11},"r":{"a":0,"k":0,"ix":10},"p":{"a":0,"k":[829.25,183.875,0],"ix":2,"l":2},"a":{"a":0,"k":[512,512,0],"ix":1,"l":2},"s":{"a":0,"k":[100,100,100],"ix":6,"l":2}},"ao":0,"hasMask":true,"masksProperties":[{"inv":false,"mode":"a","pt":{"a":0,"k":{"i":[[0,0],[4.813,0],[0,0],[0,0],[0,0],[0,0]],"o":[[0,0],[-5.813,0],[0,0],[0,0],[0,0],[0,0]],"v":[[408,719.25],[400.75,722.566],[391.875,719.25],[372.5,740.75],[388.95,743.399],[411.125,720.875]],"c":true},"ix":1},"o":{"a":0,"k":100,"ix":3},"x":{"a":0,"k":0,"ix":4},"nm":"Mask 1"}],"sw":1024,"sh":1024,"sc":"#df7f14","ip":0,"op":182,"st":0,"bm":0},{"ddd":0,"ind":3,"ty":4,"nm":"string 6","parent":15,"sr":1,"ks":{"o":{"a":0,"k":100,"ix":11},"r":{"a":0,"k":0,"ix":10},"p":{"a":0,"k":[714.25,205.75,0],"ix":2,"l":2},"a":{"a":0,"k":[-77,-47,0],"ix":1,"l":2},"s":{"a":0,"k":[100,100,100],"ix":6,"l":2}},"ao":0,"shapes":[{"ty":"gr","it":[{"ind":0,"ty":"sh","ix":1,"ks":{"a":1,"k":[{"i":{"x":0.667,"y":1},"o":{"x":0.333,"y":0},"t":74,"s":[{"i":[[0,0],[-0.135,-26.478],[0,0]],"o":[[0.103,20.131],[0.194,37.972],[0,0]],"v":[[-74.75,-6.75],[-74.367,68.261],[-74,140.25]],"c":false}]},{"i":{"x":0.667,"y":1},"o":{"x":0.333,"y":0},"t":80,"s":[{"i":[[0,0],[-1.689,-52.872],[0,0]],"o":[[0,0],[1.364,42.716],[0,0]],"v":[[-74.75,-6.75],[-61.563,65.956],[-74,140.25]],"c":false}]},{"i":{"x":0.667,"y":1},"o":{"x":0.333,"y":0},"t":86,"s":[{"i":[[0,0],[-1.689,-52.872],[0,0]],"o":[[0,0],[1.364,42.716],[0,0]],"v":[[-74.75,-6.75],[-89.283,66.318],[-74,140.25]],"c":false}]},{"i":{"x":0.667,"y":1},"o":{"x":0.333,"y":0},"t":92,"s":[{"i":[[0,0],[-1.689,-52.872],[0,0]],"o":[[0,0],[1.364,42.716],[0,0]],"v":[[-74.75,-6.75],[-65.524,66.513],[-74,140.25]],"c":false}]},{"i":{"x":0.667,"y":1},"o":{"x":0.333,"y":0},"t":98,"s":[{"i":[[0,0],[-1.689,-52.872],[0,0]],"o":[[0,0],[1.364,42.716],[0,0]],"v":[[-74.75,-6.75],[-83.767,66.047],[-74,140.25]],"c":false}]},{"i":{"x":0.667,"y":1},"o":{"x":0.333,"y":0},"t":102,"s":[{"i":[[0,0],[-1.689,-52.872],[0,0]],"o":[[0,0],[1.364,42.716],[0,0]],"v":[[-74.75,-6.75],[-69.911,67.635],[-74,140.25]],"c":false}]},{"i":{"x":0.667,"y":1},"o":{"x":0.333,"y":0},"t":106,"s":[{"i":[[0,0],[-0.135,-26.478],[0,0]],"o":[[0.103,20.131],[0.194,37.972],[0,0]],"v":[[-74.75,-6.75],[-76.982,67.618],[-74,140.25]],"c":false}]},{"i":{"x":0.667,"y":1},"o":{"x":0.333,"y":0},"t":110,"s":[{"i":[[0,0],[-0.135,-26.478],[0,0]],"o":[[0.103,20.131],[0.194,37.972],[0,0]],"v":[[-74.75,-6.75],[-73.377,68.122],[-74,140.25]],"c":false}]},{"t":114,"s":[{"i":[[0,0],[-0.135,-26.478],[0,0]],"o":[[0.103,20.131],[0.194,37.972],[0,0]],"v":[[-74.75,-6.75],[-74.367,68.261],[-74,140.25]],"c":false}]}],"ix":2},"nm":"Path 1","mn":"ADBE Vector Shape - Group","hd":false},{"ty":"st","c":{"a":0,"k":[0.423529441684,0.643137254902,0.682352941176,1],"ix":3},"o":{"a":0,"k":100,"ix":4},"w":{"a":0,"k":16,"ix":5},"lc":2,"lj":1,"ml":4,"bm":0,"nm":"Stroke 1","mn":"ADBE Vector Graphic - Stroke","hd":false},{"ty":"tr","p":{"a":0,"k":[0,0],"ix":2},"a":{"a":0,"k":[0,0],"ix":1},"s":{"a":0,"k":[100,100],"ix":3},"r":{"a":0,"k":0,"ix":6},"o":{"a":0,"k":100,"ix":7},"sk":{"a":0,"k":0,"ix":4},"sa":{"a":0,"k":0,"ix":5},"nm":"Transform"}],"nm":"Shape 1","np":3,"cix":2,"bm":0,"ix":1,"mn":"ADBE Vector Group","hd":false}],"ip":0,"op":182,"st":0,"bm":0},{"ddd":0,"ind":4,"ty":1,"nm":"mask 5","parent":15,"sr":1,"ks":{"o":{"a":0,"k":100,"ix":11},"r":{"a":0,"k":0,"ix":10},"p":{"a":0,"k":[765.75,251.875,0],"ix":2,"l":2},"a":{"a":0,"k":[512,512,0],"ix":1,"l":2},"s":{"a":0,"k":[100,100,100],"ix":6,"l":2}},"ao":0,"hasMask":true,"masksProperties":[{"inv":false,"mode":"a","pt":{"a":0,"k":{"i":[[0,0],[4.813,0],[0,0],[0,0],[0,0],[0,0]],"o":[[0,0],[-5.813,0],[0,0],[0,0],[0,0],[0,0]],"v":[[408,719.25],[400.75,722.566],[391.875,719.25],[372.5,740.75],[384.534,748.313],[409.25,722.875]],"c":true},"ix":1},"o":{"a":0,"k":100,"ix":3},"x":{"a":0,"k":0,"ix":4},"nm":"Mask 1"}],"sw":1024,"sh":1024,"sc":"#df7f14","ip":0,"op":182,"st":0,"bm":0},{"ddd":0,"ind":5,"ty":4,"nm":"string 5","parent":15,"sr":1,"ks":{"o":{"a":0,"k":100,"ix":11},"r":{"a":0,"k":0,"ix":10},"p":{"a":0,"k":[650.75,273.75,0],"ix":2,"l":2},"a":{"a":0,"k":[-77,-47,0],"ix":1,"l":2},"s":{"a":0,"k":[100,100,100],"ix":6,"l":2}},"ao":0,"shapes":[{"ty":"gr","it":[{"ind":0,"ty":"sh","ix":1,"ks":{"a":1,"k":[{"i":{"x":0.667,"y":1},"o":{"x":0.333,"y":0},"t":90,"s":[{"i":[[0,0],[-0.125,-33.606],[0,0]],"o":[[0,0],[0.125,33.394],[0,0]],"v":[[-74.75,-60.75],[-74.374,40.068],[-74,140.25]],"c":false}]},{"i":{"x":0.667,"y":1},"o":{"x":0.333,"y":0},"t":96,"s":[{"i":[[0,0],[-1.757,-71.817],[0,0]],"o":[[0,0],[1.844,75.386],[0,0]],"v":[[-74.75,-60.75],[-62.892,28.356],[-74,140.25]],"c":false}]},{"i":{"x":0.667,"y":1},"o":{"x":0.333,"y":0},"t":102,"s":[{"i":[[0,0],[-1.757,-71.817],[0,0]],"o":[[0,0],[1.844,75.386],[0,0]],"v":[[-74.75,-60.75],[-89.645,39.185],[-74,140.25]],"c":false}]},{"i":{"x":0.667,"y":1},"o":{"x":0.333,"y":0},"t":108,"s":[{"i":[[0,0],[-1.757,-71.817],[0,0]],"o":[[0,0],[1.844,75.386],[0,0]],"v":[[-74.75,-60.75],[-67.581,38.104],[-74,140.25]],"c":false}]},{"i":{"x":0.667,"y":1},"o":{"x":0.333,"y":0},"t":112,"s":[{"i":[[0,0],[-1.757,-71.817],[0,0]],"o":[[0,0],[1.844,75.386],[0,0]],"v":[[-74.75,-60.75],[-78.892,36.664],[-74,140.25]],"c":false}]},{"i":{"x":0.667,"y":1},"o":{"x":0.333,"y":0},"t":116,"s":[{"i":[[0,0],[-0.125,-33.606],[0,0]],"o":[[0,0],[0.125,33.394],[0,0]],"v":[[-74.75,-60.75],[-71.403,39.651],[-74,140.25]],"c":false}]},{"i":{"x":0.667,"y":1},"o":{"x":0.333,"y":0},"t":122,"s":[{"i":[[0,0],[-0.125,-33.606],[0,0]],"o":[[0,0],[0.125,33.394],[0,0]],"v":[[-74.75,-60.75],[-75.364,40.207],[-74,140.25]],"c":false}]},{"t":128,"s":[{"i":[[0,0],[-0.125,-33.606],[0,0]],"o":[[0,0],[0.125,33.394],[0,0]],"v":[[-74.75,-60.75],[-74.374,40.068],[-74,140.25]],"c":false}]}],"ix":2},"nm":"Path 1","mn":"ADBE Vector Shape - Group","hd":false},{"ty":"st","c":{"a":0,"k":[0.423529441684,0.643137254902,0.682352941176,1],"ix":3},"o":{"a":0,"k":100,"ix":4},"w":{"a":0,"k":16,"ix":5},"lc":2,"lj":1,"ml":4,"bm":0,"nm":"Stroke 1","mn":"ADBE Vector Graphic - Stroke","hd":false},{"ty":"tr","p":{"a":0,"k":[0,0],"ix":2},"a":{"a":0,"k":[0,0],"ix":1},"s":{"a":0,"k":[100,100],"ix":3},"r":{"a":0,"k":0,"ix":6},"o":{"a":0,"k":100,"ix":7},"sk":{"a":0,"k":0,"ix":4},"sa":{"a":0,"k":0,"ix":5},"nm":"Transform"}],"nm":"Shape 1","np":3,"cix":2,"bm":0,"ix":1,"mn":"ADBE Vector Group","hd":false}],"ip":0,"op":182,"st":0,"bm":0},{"ddd":0,"ind":6,"ty":1,"nm":"mask 4","parent":15,"sr":1,"ks":{"o":{"a":0,"k":100,"ix":11},"r":{"a":0,"k":0,"ix":10},"p":{"a":0,"k":[699.75,317.375,0],"ix":2,"l":2},"a":{"a":0,"k":[512,512,0],"ix":1,"l":2},"s":{"a":0,"k":[100,100,100],"ix":6,"l":2}},"ao":0,"hasMask":true,"masksProperties":[{"inv":false,"mode":"a","pt":{"a":0,"k":{"i":[[0,0],[4.813,0],[0,0],[0,0],[0,0]],"o":[[0,0],[-5.813,0],[0,0],[0,0],[0,0]],"v":[[408,719.25],[400.75,722.566],[391.875,719.25],[362.5,772.75],[413.5,722.25]],"c":true},"ix":1},"o":{"a":0,"k":100,"ix":3},"x":{"a":0,"k":0,"ix":4},"nm":"Mask 1"}],"sw":1024,"sh":1024,"sc":"#df7f14","ip":0,"op":182,"st":0,"bm":0},{"ddd":0,"ind":7,"ty":4,"nm":"string 4","parent":15,"sr":1,"ks":{"o":{"a":0,"k":100,"ix":11},"r":{"a":0,"k":0,"ix":10},"p":{"a":0,"k":[584.75,339.25,0],"ix":2,"l":2},"a":{"a":0,"k":[-77,-47,0],"ix":1,"l":2},"s":{"a":0,"k":[100,100,100],"ix":6,"l":2}},"ao":0,"shapes":[{"ty":"gr","it":[{"ind":0,"ty":"sh","ix":1,"ks":{"a":1,"k":[{"i":{"x":0.667,"y":1},"o":{"x":0.333,"y":0},"t":56,"s":[{"i":[[0,0],[-0.04,-46.232],[-0.029,-32.734]],"o":[[0.04,46.232],[0.043,49.101],[0,0]],"v":[[-74.25,-145.75],[-74.129,-7.054],[-74,140.25]],"c":false}]},{"i":{"x":0.667,"y":1},"o":{"x":0.333,"y":0},"t":62,"s":[{"i":[[0,0],[-0.411,-92.917],[0,0]],"o":[[0,0],[0.459,103.808],[0,0]],"v":[[-74.25,-145.75],[-55.453,-10.689],[-74,140.25]],"c":false}]},{"i":{"x":0.667,"y":1},"o":{"x":0.333,"y":0},"t":68,"s":[{"i":[[0,0],[-0.411,-92.917],[0,0]],"o":[[0,0],[0.459,103.808],[0,0]],"v":[[-74.25,-145.75],[-87.976,-12.177],[-74,140.25]],"c":false}]},{"i":{"x":0.667,"y":1},"o":{"x":0.333,"y":0},"t":74,"s":[{"i":[[0,0],[-0.411,-92.917],[0,0]],"o":[[0,0],[0.459,103.808],[0,0]],"v":[[-74.25,-145.75],[-59.275,-9.142],[-74,140.25]],"c":false}]},{"i":{"x":0.667,"y":1},"o":{"x":0.333,"y":0},"t":80,"s":[{"i":[[0,0],[-0.411,-92.917],[0,0]],"o":[[0,0],[0.459,103.808],[0,0]],"v":[[-74.25,-145.75],[-80.349,-8.2],[-74,140.25]],"c":false}]},{"i":{"x":0.667,"y":1},"o":{"x":0.333,"y":0},"t":86,"s":[{"i":[[0,0],[-0.411,-92.917],[0,0]],"o":[[0,0],[0.459,103.808],[0,0]],"v":[[-74.25,-145.75],[-70.029,-6.621],[-74,140.25]],"c":false}]},{"i":{"x":0.667,"y":1},"o":{"x":0.333,"y":0},"t":92,"s":[{"i":[[0,0],[-0.04,-46.232],[-0.029,-32.734]],"o":[[0.04,46.232],[0.043,49.101],[0,0]],"v":[[-74.25,-145.75],[-77.1,-6.637],[-74,140.25]],"c":false}]},{"i":{"x":0.667,"y":1},"o":{"x":0.333,"y":0},"t":96,"s":[{"i":[[0,0],[-0.04,-46.232],[-0.029,-32.734]],"o":[[0.04,46.232],[0.043,49.101],[0,0]],"v":[[-74.25,-145.75],[-73.139,-7.193],[-74,140.25]],"c":false}]},{"t":100,"s":[{"i":[[0,0],[-0.04,-46.232],[-0.029,-32.734]],"o":[[0.04,46.232],[0.043,49.101],[0,0]],"v":[[-74.25,-145.75],[-74.129,-7.054],[-74,140.25]],"c":false}]}],"ix":2},"nm":"Path 1","mn":"ADBE Vector Shape - Group","hd":false},{"ty":"st","c":{"a":0,"k":[0.423529441684,0.643137254902,0.682352941176,1],"ix":3},"o":{"a":0,"k":100,"ix":4},"w":{"a":0,"k":16,"ix":5},"lc":2,"lj":1,"ml":4,"bm":0,"nm":"Stroke 1","mn":"ADBE Vector Graphic - Stroke","hd":false},{"ty":"tr","p":{"a":0,"k":[0,0],"ix":2},"a":{"a":0,"k":[0,0],"ix":1},"s":{"a":0,"k":[100,100],"ix":3},"r":{"a":0,"k":0,"ix":6},"o":{"a":0,"k":100,"ix":7},"sk":{"a":0,"k":0,"ix":4},"sa":{"a":0,"k":0,"ix":5},"nm":"Transform"}],"nm":"Shape 1","np":3,"cix":2,"bm":0,"ix":1,"mn":"ADBE Vector Group","hd":false}],"ip":0,"op":182,"st":0,"bm":0},{"ddd":0,"ind":8,"ty":1,"nm":"mask 3","parent":15,"sr":1,"ks":{"o":{"a":0,"k":100,"ix":11},"r":{"a":0,"k":0,"ix":10},"p":{"a":0,"k":[638.25,382.125,0],"ix":2,"l":2},"a":{"a":0,"k":[512,512,0],"ix":1,"l":2},"s":{"a":0,"k":[100,100,100],"ix":6,"l":2}},"ao":0,"hasMask":true,"masksProperties":[{"inv":false,"mode":"a","pt":{"a":0,"k":{"i":[[0,0],[4.813,0],[0,0],[0,0],[0,0]],"o":[[0,0],[-5.813,0],[0,0],[0,0],[0,0]],"v":[[408,719.25],[400.75,722.566],[391.875,719.25],[362.5,773.5],[412,724]],"c":true},"ix":1},"o":{"a":0,"k":100,"ix":3},"x":{"a":0,"k":0,"ix":4},"nm":"Mask 1"}],"sw":1024,"sh":1024,"sc":"#df7f14","ip":0,"op":182,"st":0,"bm":0},{"ddd":0,"ind":9,"ty":4,"nm":"string 3","parent":15,"sr":1,"ks":{"o":{"a":0,"k":100,"ix":11},"r":{"a":0,"k":0,"ix":10},"p":{"a":0,"k":[523.25,404,0],"ix":2,"l":2},"a":{"a":0,"k":[-77,-47,0],"ix":1,"l":2},"s":{"a":0,"k":[100,100,100],"ix":6,"l":2}},"ao":0,"shapes":[{"ty":"gr","it":[{"ind":0,"ty":"sh","ix":1,"ks":{"a":1,"k":[{"i":{"x":0.667,"y":1},"o":{"x":0.333,"y":0},"t":82,"s":[{"i":[[0,0],[0,-67.756],[0,0]],"o":[[0,0],[0,66.911],[0,0]],"v":[[-74,-263.75],[-74,-60.482],[-74,140.25]],"c":false}]},{"i":{"x":0.667,"y":1},"o":{"x":0.333,"y":0},"t":88,"s":[{"i":[[0,0],[2.1,-120.714],[0,0]],"o":[[0,0],[-2.296,131.985],[0,0]],"v":[[-74,-263.75],[-56.341,-64.166],[-74,140.25]],"c":false}]},{"i":{"x":0.667,"y":1},"o":{"x":0.333,"y":0},"t":96,"s":[{"i":[[0,0],[2.1,-120.714],[0,0]],"o":[[0,0],[-2.296,131.985],[0,0]],"v":[[-74,-263.75],[-88.153,-67.774],[-74,140.25]],"c":false}]},{"i":{"x":0.667,"y":1},"o":{"x":0.333,"y":0},"t":102,"s":[{"i":[[0,0],[2.1,-120.714],[0,0]],"o":[[0,0],[-2.296,131.985],[0,0]],"v":[[-74,-263.75],[-61.71,-66.441],[-74,140.25]],"c":false}]},{"i":{"x":0.667,"y":1},"o":{"x":0.333,"y":0},"t":108,"s":[{"i":[[0,0],[2.1,-120.714],[0,0]],"o":[[0,0],[-2.296,131.985],[0,0]],"v":[[-74,-263.75],[-79.813,-65.917],[-74,140.25]],"c":false}]},{"i":{"x":0.667,"y":1},"o":{"x":0.333,"y":0},"t":114,"s":[{"i":[[0,0],[2.1,-120.714],[0,0]],"o":[[0,0],[-2.296,131.985],[0,0]],"v":[[-74,-263.75],[-68.781,-66.457],[-74,140.25]],"c":false}]},{"i":{"x":0.667,"y":1},"o":{"x":0.333,"y":0},"t":120,"s":[{"i":[[0,0],[0,-67.756],[0,0]],"o":[[0,0],[0,66.911],[0,0]],"v":[[-74,-263.75],[-76.971,-60.064],[-74,140.25]],"c":false}]},{"i":{"x":0.667,"y":1},"o":{"x":0.333,"y":0},"t":126,"s":[{"i":[[0,0],[0,-67.756],[0,0]],"o":[[0,0],[0,66.911],[0,0]],"v":[[-74,-263.75],[-73.01,-60.621],[-74,140.25]],"c":false}]},{"t":130,"s":[{"i":[[0,0],[0,-67.756],[0,0]],"o":[[0,0],[0,66.911],[0,0]],"v":[[-74,-263.75],[-74,-60.482],[-74,140.25]],"c":false}]}],"ix":2},"nm":"Path 1","mn":"ADBE Vector Shape - Group","hd":false},{"ty":"st","c":{"a":0,"k":[0.423529441684,0.643137254902,0.682352941176,1],"ix":3},"o":{"a":0,"k":100,"ix":4},"w":{"a":0,"k":16,"ix":5},"lc":2,"lj":1,"ml":4,"bm":0,"nm":"Stroke 1","mn":"ADBE Vector Graphic - Stroke","hd":false},{"ty":"tr","p":{"a":0,"k":[0,0],"ix":2},"a":{"a":0,"k":[0,0],"ix":1},"s":{"a":0,"k":[100,100],"ix":3},"r":{"a":0,"k":0,"ix":6},"o":{"a":0,"k":100,"ix":7},"sk":{"a":0,"k":0,"ix":4},"sa":{"a":0,"k":0,"ix":5},"nm":"Transform"}],"nm":"Shape 1","np":3,"cix":2,"bm":0,"ix":1,"mn":"ADBE Vector Group","hd":false}],"ip":0,"op":182,"st":0,"bm":0},{"ddd":0,"ind":10,"ty":1,"nm":"mask 2","parent":15,"sr":1,"ks":{"o":{"a":0,"k":100,"ix":11},"r":{"a":0,"k":0,"ix":10},"p":{"a":0,"k":[579.25,443.375,0],"ix":2,"l":2},"a":{"a":0,"k":[512,512,0],"ix":1,"l":2},"s":{"a":0,"k":[100,100,100],"ix":6,"l":2}},"ao":0,"hasMask":true,"masksProperties":[{"inv":false,"mode":"a","pt":{"a":0,"k":{"i":[[0,0],[4.813,0],[0,0],[0,0],[0,0]],"o":[[0,0],[-5.813,0],[0,0],[0,0],[0,0]],"v":[[408,719.25],[400.75,722.566],[391.875,719.25],[368.25,768.75],[415.25,722.25]],"c":true},"ix":1},"o":{"a":0,"k":100,"ix":3},"x":{"a":0,"k":0,"ix":4},"nm":"Mask 1"}],"sw":1024,"sh":1024,"sc":"#df7f14","ip":0,"op":182,"st":0,"bm":0},{"ddd":0,"ind":11,"ty":4,"nm":"string 2","parent":15,"sr":1,"ks":{"o":{"a":0,"k":100,"ix":11},"r":{"a":0,"k":0,"ix":10},"p":{"a":0,"k":[464.25,465.25,0],"ix":2,"l":2},"a":{"a":0,"k":[-77,-47,0],"ix":1,"l":2},"s":{"a":0,"k":[100,100,100],"ix":6,"l":2}},"ao":0,"shapes":[{"ty":"gr","it":[{"ind":0,"ty":"sh","ix":1,"ks":{"a":1,"k":[{"i":{"x":0.667,"y":1},"o":{"x":0.333,"y":0},"t":62,"s":[{"i":[[0,0],[0,-84.867],[0,0]],"o":[[0,0],[0,90.467],[0,0]],"v":[[-74,-385.75],[-74,-131.15],[-74,140.25]],"c":false}]},{"i":{"x":0.667,"y":1},"o":{"x":0.333,"y":0},"t":68,"s":[{"i":[[0,0],[-0.573,-191.958],[0,0]],"o":[[0,0],[0.532,178.192],[0,0]],"v":[[-74,-385.75],[-59.003,-132.199],[-74,140.25]],"c":false}]},{"i":{"x":0.667,"y":1},"o":{"x":0.333,"y":0},"t":74,"s":[{"i":[[0,0],[-0.573,-191.958],[0,0]],"o":[[0,0],[0.532,178.192],[0,0]],"v":[[-74,-385.75],[-85.307,-132.542],[-74,140.25]],"c":false}]},{"i":{"x":0.667,"y":1},"o":{"x":0.333,"y":0},"t":80,"s":[{"i":[[0,0],[-0.573,-191.958],[0,0]],"o":[[0,0],[0.532,178.192],[0,0]],"v":[[-74,-385.75],[-64.527,-128.393],[-74,140.25]],"c":false}]},{"i":{"x":0.667,"y":1},"o":{"x":0.333,"y":0},"t":86,"s":[{"i":[[0,0],[-0.573,-191.958],[0,0]],"o":[[0,0],[0.532,178.192],[0,0]],"v":[[-74,-385.75],[-74.848,-129.973],[-74,140.25]],"c":false}]},{"i":{"x":0.667,"y":1},"o":{"x":0.333,"y":0},"t":92,"s":[{"i":[[0,0],[0,-84.867],[0,0]],"o":[[0,0],[0,90.467],[0,0]],"v":[[-74,-385.75],[-73.01,-131.289],[-74,140.25]],"c":false}]},{"t":96,"s":[{"i":[[0,0],[0,-84.867],[0,0]],"o":[[0,0],[0,90.467],[0,0]],"v":[[-74,-385.75],[-74,-131.15],[-74,140.25]],"c":false}]}],"ix":2},"nm":"Path 1","mn":"ADBE Vector Shape - Group","hd":false},{"ty":"st","c":{"a":0,"k":[0.423529441684,0.643137254902,0.682352941176,1],"ix":3},"o":{"a":0,"k":100,"ix":4},"w":{"a":0,"k":16,"ix":5},"lc":2,"lj":1,"ml":4,"bm":0,"nm":"Stroke 1","mn":"ADBE Vector Graphic - Stroke","hd":false},{"ty":"tr","p":{"a":0,"k":[0,0],"ix":2},"a":{"a":0,"k":[0,0],"ix":1},"s":{"a":0,"k":[100,100],"ix":3},"r":{"a":0,"k":0,"ix":6},"o":{"a":0,"k":100,"ix":7},"sk":{"a":0,"k":0,"ix":4},"sa":{"a":0,"k":0,"ix":5},"nm":"Transform"}],"nm":"Shape 1","np":3,"cix":2,"bm":0,"ix":1,"mn":"ADBE Vector Group","hd":false}],"ip":0,"op":182,"st":0,"bm":0},{"ddd":0,"ind":12,"ty":1,"nm":"mask","parent":15,"sr":1,"ks":{"o":{"a":0,"k":100,"ix":11},"r":{"a":0,"k":0,"ix":10},"p":{"a":0,"k":[512,512.125,0],"ix":2,"l":2},"a":{"a":0,"k":[512,512,0],"ix":1,"l":2},"s":{"a":0,"k":[100,100,100],"ix":6,"l":2}},"ao":0,"hasMask":true,"masksProperties":[{"inv":false,"mode":"a","pt":{"a":0,"k":{"i":[[0,0],[4.813,0],[0,0],[0,0],[0,0]],"o":[[0,0],[-5.813,0],[0,0],[0,0],[0,0]],"v":[[408,719.25],[400.75,722.566],[391.875,719.25],[361.75,779],[417.25,722.25]],"c":true},"ix":1},"o":{"a":0,"k":100,"ix":3},"x":{"a":0,"k":0,"ix":4},"nm":"Mask 1"}],"sw":1024,"sh":1024,"sc":"#df7f14","ip":0,"op":182,"st":0,"bm":0},{"ddd":0,"ind":13,"ty":4,"nm":"string","parent":15,"sr":1,"ks":{"o":{"a":0,"k":100,"ix":11},"r":{"a":0,"k":0,"ix":10},"p":{"a":0,"k":[397,465,0],"ix":2,"l":2},"a":{"a":0,"k":[-77,-47,0],"ix":1,"l":2},"s":{"a":0,"k":[100,100,100],"ix":6,"l":2}},"ao":0,"shapes":[{"ty":"gr","it":[{"ind":0,"ty":"sh","ix":1,"ks":{"a":1,"k":[{"i":{"x":0.667,"y":1},"o":{"x":0.333,"y":0},"t":40,"s":[{"i":[[0,0],[0,0],[0,0]],"o":[[0,0],[0,0],[0,0]],"v":[[-74,-421.75],[-74,-110],[-74,204.25]],"c":false}]},{"i":{"x":0.667,"y":1},"o":{"x":0.333,"y":0},"t":46,"s":[{"i":[[0,0],[-1.084,-204.595],[0,0]],"o":[[0,0],[1.17,220.845],[0,0]],"v":[[-74,-421.75],[-51.416,-106.842],[-74,204.25]],"c":false}]},{"i":{"x":0.667,"y":1},"o":{"x":0.333,"y":0},"t":54,"s":[{"i":[[0,0],[-1.084,-204.595],[0,0]],"o":[[0,0],[1.17,220.845],[0,0]],"v":[[-74,-421.75],[-96.14,-108.56],[-74,204.25]],"c":false}]},{"i":{"x":0.667,"y":1},"o":{"x":0.333,"y":0},"t":60,"s":[{"i":[[0,0],[-1.084,-204.595],[0,0]],"o":[[0,0],[1.17,220.845],[0,0]],"v":[[-74,-421.75],[-59.688,-93.487],[-74,204.25]],"c":false}]},{"i":{"x":0.667,"y":1},"o":{"x":0.333,"y":0},"t":66,"s":[{"i":[[0,0],[1.455,-190.309],[0,0]],"o":[[0,0],[-1.564,204.6],[0,0]],"v":[[-74,-421.75],[-81.922,-108.887],[-74,204.25]],"c":false}]},{"i":{"x":0.667,"y":1},"o":{"x":0.333,"y":0},"t":72,"s":[{"i":[[0,0],[0,-103.739],[0,0]],"o":[[0,0],[0,104.944],[0,0]],"v":[[-74,-421.75],[-70.039,-110.557],[-74,204.25]],"c":false}]},{"i":{"x":0.667,"y":1},"o":{"x":0.333,"y":0},"t":76,"s":[{"i":[[0,0],[0,0],[0,0]],"o":[[0,0],[0,0],[0,0]],"v":[[-74,-421.75],[-74,-110],[-74,204.25]],"c":false}]},{"i":{"x":0.667,"y":1},"o":{"x":0.333,"y":0},"t":88,"s":[{"i":[[0,0],[0,0],[0,0]],"o":[[0,0],[0,0],[0,0]],"v":[[-74,-421.75],[-74,-110],[-74,204.25]],"c":false}]},{"i":{"x":0.667,"y":1},"o":{"x":0.333,"y":0},"t":94,"s":[{"i":[[0,0],[-1.084,-204.595],[0,0]],"o":[[0,0],[1.17,220.845],[0,0]],"v":[[-74,-421.75],[-51.416,-106.842],[-74,204.25]],"c":false}]},{"i":{"x":0.667,"y":1},"o":{"x":0.333,"y":0},"t":102,"s":[{"i":[[0,0],[-1.084,-204.595],[0,0]],"o":[[0,0],[1.17,220.845],[0,0]],"v":[[-74,-421.75],[-96.14,-108.56],[-74,204.25]],"c":false}]},{"i":{"x":0.667,"y":1},"o":{"x":0.333,"y":0},"t":108,"s":[{"i":[[0,0],[-1.084,-204.595],[0,0]],"o":[[0,0],[1.17,220.845],[0,0]],"v":[[-74,-421.75],[-59.688,-93.487],[-74,204.25]],"c":false}]},{"i":{"x":0.667,"y":1},"o":{"x":0.333,"y":0},"t":114,"s":[{"i":[[0,0],[1.455,-190.309],[0,0]],"o":[[0,0],[-1.564,204.6],[0,0]],"v":[[-74,-421.75],[-81.922,-108.887],[-74,204.25]],"c":false}]},{"i":{"x":0.667,"y":1},"o":{"x":0.333,"y":0},"t":120,"s":[{"i":[[0,0],[0,-103.739],[0,0]],"o":[[0,0],[0,104.944],[0,0]],"v":[[-74,-421.75],[-70.039,-110.557],[-74,204.25]],"c":false}]},{"t":124,"s":[{"i":[[0,0],[0,0],[0,0]],"o":[[0,0],[0,0],[0,0]],"v":[[-74,-421.75],[-74,-110],[-74,204.25]],"c":false}]}],"ix":2},"nm":"Path 1","mn":"ADBE Vector Shape - Group","hd":false},{"ty":"st","c":{"a":0,"k":[0.423529441684,0.643137254902,0.682352941176,1],"ix":3},"o":{"a":0,"k":100,"ix":4},"w":{"a":0,"k":16,"ix":5},"lc":2,"lj":1,"ml":4,"bm":0,"nm":"Stroke 1","mn":"ADBE Vector Graphic - Stroke","hd":false},{"ty":"tr","p":{"a":0,"k":[0,0],"ix":2},"a":{"a":0,"k":[0,0],"ix":1},"s":{"a":0,"k":[100,100],"ix":3},"r":{"a":0,"k":0,"ix":6},"o":{"a":0,"k":100,"ix":7},"sk":{"a":0,"k":0,"ix":4},"sa":{"a":0,"k":0,"ix":5},"nm":"Transform"}],"nm":"Shape 1","np":3,"cix":2,"bm":0,"ix":1,"mn":"ADBE Vector Group","hd":false}],"ip":0,"op":182,"st":0,"bm":0},{"ddd":0,"ind":14,"ty":4,"nm":"mask","parent":15,"td":1,"sr":1,"ks":{"o":{"a":0,"k":100,"ix":11},"r":{"a":0,"k":0,"ix":10},"p":{"a":0,"k":[512,512,0],"ix":2,"l":2},"a":{"a":0,"k":[512,512,0],"ix":1,"l":2},"s":{"a":0,"k":[100,100,100],"ix":6,"l":2}},"ao":0,"shapes":[{"ty":"gr","it":[{"ind":0,"ty":"sh","ix":1,"ks":{"a":0,"k":{"i":[[11.2,-11.2],[28,-26.4],[0,0.8],[0,0],[-4.8,3.2],[-20,-16.8],[-16,-12.8],[-61.6,22.4],[0,0]],"o":[[-12,12.8],[-0.8,0.799],[0,0],[4.8,-1.6],[8.8,-5.6],[22.4,19.2],[39.2,30.4],[13.6,-4.8],[8,-4]],"v":[[215.2,-200.8],[-198.4,192.8],[-200,192],[-202.4,-311.2],[-187.2,-318.4],[-120.8,-302.4],[-17.6,-217.6],[157.6,-204],[208.8,-222.4]],"c":true},"ix":2},"nm":"Path 1","mn":"ADBE Vector Shape - Group","hd":false},{"ind":1,"ty":"sh","ix":2,"ks":{"a":0,"k":{"i":[[125.6,-24],[48.8,65.6],[32,27.2],[84,-0.8],[-81.6,-32.8],[0,0],[-7.2,-42.399],[-3.2,-10.399],[-25.6,32.799],[-19.2,24.8]],"o":[[-52.8,10.4],[-22.4,-30.4],[-61.6,-54.4],[-164.8,2.4],[0,0],[0,0],[4,21.601],[16.8,66.401],[27.2,-35.201],[50.4,-62.4]],"v":[[212.8,-335.2],[48,-340],[-28.8,-433.6],[-224,-499.2],[-308,-304],[-315.2,308.8],[-360.8,369.599],[-348,433.599],[-134.4,436.8],[339.2,-160]],"c":true},"ix":2},"nm":"Path 2","mn":"ADBE Vector Shape - Group","hd":false},{"ty":"fl","c":{"a":0,"k":[0.957000014361,0.681999954523,0.231000010173,1],"ix":4},"o":{"a":0,"k":100,"ix":5},"r":1,"bm":0,"nm":"Fill 1","mn":"ADBE Vector Graphic - Fill","hd":false},{"ty":"tr","p":{"a":0,"k":[533.6,524],"ix":2},"a":{"a":0,"k":[0,0],"ix":1},"s":{"a":0,"k":[100,100],"ix":3},"r":{"a":0,"k":0,"ix":6},"o":{"a":0,"k":100,"ix":7},"sk":{"a":0,"k":0,"ix":4},"sa":{"a":0,"k":0,"ix":5},"nm":"Transform"}],"nm":"Group 4","np":3,"cix":2,"bm":0,"ix":1,"mn":"ADBE Vector Group","hd":false}],"ip":0,"op":182,"st":0,"bm":0},{"ddd":0,"ind":15,"ty":4,"nm":"Harp","tt":1,"sr":1,"ks":{"o":{"a":0,"k":100,"ix":11},"r":{"a":1,"k":[{"i":{"x":[0.36],"y":[1]},"o":{"x":[0.333],"y":[0]},"t":10,"s":[0]},{"i":{"x":[0.667],"y":[1]},"o":{"x":[0.891],"y":[0]},"t":20,"s":[-3]},{"i":{"x":[0.833],"y":[1]},"o":{"x":[0.333],"y":[0]},"t":38,"s":[9]},{"i":{"x":[0.833],"y":[1]},"o":{"x":[0.167],"y":[0]},"t":50,"s":[8]},{"i":{"x":[0.489],"y":[1]},"o":{"x":[0.167],"y":[0]},"t":120,"s":[8]},{"i":{"x":[0.667],"y":[1]},"o":{"x":[0.741],"y":[0]},"t":126,"s":[10]},{"i":{"x":[0.667],"y":[1]},"o":{"x":[0.333],"y":[0]},"t":144,"s":[-2]},{"t":154,"s":[0]}],"ix":10},"p":{"a":0,"k":[271.125,986,0],"ix":2,"l":2},"a":{"a":0,"k":[271.125,986,0],"ix":1,"l":2},"s":{"a":0,"k":[100,100,100],"ix":6,"l":2}},"ao":0,"shapes":[{"ty":"gr","it":[{"ind":0,"ty":"sh","ix":1,"ks":{"a":0,"k":{"i":[[16.8,63.2],[-158.4,27.2],[-24,6.4],[30.4,-7.2],[11.2,-0.8],[0,0]],"o":[[116,-10.4],[32,-5.6],[23.2,-5.6],[-35.2,8],[-7.2,0.8],[0,0]],"v":[[-194.8,-112.8],[90,41.6],[195.6,11.2],[202,45.6],[-9.2,122.4],[-232.4,-36]],"c":true},"ix":2},"nm":"Path 1","mn":"ADBE Vector Shape - Group","hd":false},{"ty":"fl","c":{"a":0,"k":[0.717999985639,0.528999956916,0.349000010771,1],"ix":4},"o":{"a":0,"k":100,"ix":5},"r":1,"bm":0,"nm":"Fill 1","mn":"ADBE Vector Graphic - Fill","hd":false},{"ty":"tr","p":{"a":0,"k":[563.6,247.2],"ix":2},"a":{"a":0,"k":[0,0],"ix":1},"s":{"a":0,"k":[100,100],"ix":3},"r":{"a":0,"k":0,"ix":6},"o":{"a":0,"k":100,"ix":7},"sk":{"a":0,"k":0,"ix":4},"sa":{"a":0,"k":0,"ix":5},"nm":"Transform"}],"nm":"Group 1","np":2,"cix":2,"bm":0,"ix":1,"mn":"ADBE Vector Group","hd":false},{"ty":"gr","it":[{"ind":0,"ty":"sh","ix":1,"ks":{"a":0,"k":{"i":[[-63.2,-27.2],[0,-17.6],[7.2,5.6],[-7.2,-7.2],[0.8,32],[0,0],[0,16.8],[-245.6,92.8],[-12.8,-16],[12.8,-15.2],[10.4,-12.8],[34.4,58.4],[0.8,-10.4],[0,0],[0,0],[0,0],[119.2,56.8],[81.6,29.6],[222.4,0],[24.8,-27.2]],"o":[[0,0],[0,19.2],[-9.6,-6.4],[37.6,34.4],[0,0],[0,0],[122.4,159.2],[24.8,-9.6],[9.6,12],[-8.8,10.4],[-16,20.8],[-20.8,-36],[-0.8,10.4],[0,0],[0,0],[0,0],[-60,-28.8],[-91.2,-33.6],[-40,0],[-36.8,42.4]],"v":[[-281.2,-304.4],[-285.2,327.6],[-321.2,338.8],[-330,350.8],[-218.8,323.6],[-219.6,200.4],[-222,-305.2],[189.2,-217.2],[242,-212.4],[236.4,-167.6],[-212.4,379.6],[-380.4,372.4],[-420.4,373.2],[-422,488.4],[-70,490.8],[422,-191.6],[270,-322],[70.8,-301.2],[-199.6,-490.8],[-306,-449.2]],"c":true},"ix":2},"nm":"Path 1","mn":"ADBE Vector Shape - Group","hd":false},{"ty":"fl","c":{"a":0,"k":[0.675,0.344999994016,0.063000002094,1],"ix":4},"o":{"a":0,"k":100,"ix":5},"r":1,"bm":0,"nm":"Fill 1","mn":"ADBE Vector Graphic - Fill","hd":false},{"ty":"tr","p":{"a":0,"k":[553.2,518],"ix":2},"a":{"a":0,"k":[0,0],"ix":1},"s":{"a":0,"k":[100,100],"ix":3},"r":{"a":0,"k":0,"ix":6},"o":{"a":0,"k":100,"ix":7},"sk":{"a":0,"k":0,"ix":4},"sa":{"a":0,"k":0,"ix":5},"nm":"Transform"}],"nm":"Group 2","np":2,"cix":2,"bm":0,"ix":2,"mn":"ADBE Vector Group","hd":false},{"ty":"gr","it":[{"ind":0,"ty":"sh","ix":1,"ks":{"a":0,"k":{"i":[[0,0],[-8.8,11.2],[8.8,-8.8],[0,0]],"o":[[0,0],[9.6,-10.401],[-8.8,9.599],[0,0]],"v":[[-211.2,236],[219.2,-223.2],[200.8,-227.2],[-228.8,199.199]],"c":true},"ix":2},"nm":"Path 1","mn":"ADBE Vector Shape - Group","hd":false},{"ty":"fl","c":{"a":0,"k":[0.875,0.497999991623,0.078000005086,1],"ix":4},"o":{"a":0,"k":100,"ix":5},"r":1,"bm":0,"nm":"Fill 1","mn":"ADBE Vector Graphic - Fill","hd":false},{"ty":"tr","p":{"a":0,"k":[544,578.4],"ix":2},"a":{"a":0,"k":[0,0],"ix":1},"s":{"a":0,"k":[100,100],"ix":3},"r":{"a":0,"k":0,"ix":6},"o":{"a":0,"k":100,"ix":7},"sk":{"a":0,"k":0,"ix":4},"sa":{"a":0,"k":0,"ix":5},"nm":"Transform"}],"nm":"Group 3","np":2,"cix":2,"bm":0,"ix":3,"mn":"ADBE Vector Group","hd":false},{"ty":"gr","it":[{"ind":0,"ty":"sh","ix":1,"ks":{"a":0,"k":{"i":[[11.2,-11.2],[28,-26.4],[0,0.8],[0,0],[-4.8,3.2],[-20,-16.8],[-16,-12.8],[-61.6,22.4],[0,0]],"o":[[-12,12.8],[-0.8,0.799],[0,0],[4.8,-1.6],[8.8,-5.6],[22.4,19.2],[39.2,30.4],[13.6,-4.8],[8,-4]],"v":[[215.2,-200.8],[-198.4,192.8],[-200,192],[-202.4,-311.2],[-187.2,-318.4],[-120.8,-302.4],[-17.6,-217.6],[157.6,-204],[208.8,-222.4]],"c":true},"ix":2},"nm":"Path 1","mn":"ADBE Vector Shape - Group","hd":false},{"ind":1,"ty":"sh","ix":2,"ks":{"a":0,"k":{"i":[[125.6,-24],[48.8,65.6],[32,27.2],[84,-0.8],[-81.6,-32.8],[0,0],[-7.2,-42.399],[-3.2,-10.399],[-25.6,32.799],[-19.2,24.8]],"o":[[-52.8,10.4],[-22.4,-30.4],[-61.6,-54.4],[-164.8,2.4],[0,0],[0,0],[4,21.601],[16.8,66.401],[27.2,-35.201],[50.4,-62.4]],"v":[[212.8,-335.2],[48,-340],[-28.8,-433.6],[-224,-499.2],[-308,-304],[-315.2,308.8],[-360.8,369.599],[-348,433.599],[-134.4,436.8],[339.2,-160]],"c":true},"ix":2},"nm":"Path 2","mn":"ADBE Vector Shape - Group","hd":false},{"ty":"fl","c":{"a":0,"k":[0.957000014361,0.681999954523,0.231000010173,1],"ix":4},"o":{"a":0,"k":100,"ix":5},"r":1,"bm":0,"nm":"Fill 1","mn":"ADBE Vector Graphic - Fill","hd":false},{"ty":"tr","p":{"a":0,"k":[533.6,524],"ix":2},"a":{"a":0,"k":[0,0],"ix":1},"s":{"a":0,"k":[100,100],"ix":3},"r":{"a":0,"k":0,"ix":6},"o":{"a":0,"k":100,"ix":7},"sk":{"a":0,"k":0,"ix":4},"sa":{"a":0,"k":0,"ix":5},"nm":"Transform"}],"nm":"Group 4","np":3,"cix":2,"bm":0,"ix":4,"mn":"ADBE Vector Group","hd":false}],"ip":0,"op":182,"st":0,"bm":0}],"markers":[{"tm":0,"cm":"rest","dr":0}]}