{"v":"5.8.1","fr":60,"ip":0,"op":208,"w":1024,"h":1024,"nm":"emoji_.Hatching chick","ddd":0,"assets":[],"layers":[{"ddd":0,"ind":1,"ty":4,"nm":"wing 5","parent":12,"sr":1,"ks":{"o":{"a":1,"k":[{"i":{"x":[0.833],"y":[0.833]},"o":{"x":[0.167],"y":[0.167]},"t":42,"s":[100]},{"i":{"x":[0.833],"y":[0.833]},"o":{"x":[0.167],"y":[0.167]},"t":44,"s":[0]},{"i":{"x":[0.833],"y":[0.833]},"o":{"x":[0.167],"y":[0.167]},"t":92,"s":[0]},{"t":94,"s":[100]}],"ix":11},"r":{"a":1,"k":[{"i":{"x":[0.667],"y":[1]},"o":{"x":[0.333],"y":[0]},"t":16,"s":[0]},{"i":{"x":[0.833],"y":[1]},"o":{"x":[0.333],"y":[0]},"t":32,"s":[9]},{"i":{"x":[0.833],"y":[1]},"o":{"x":[0.167],"y":[0]},"t":44,"s":[-39]},{"i":{"x":[0.57],"y":[10.213]},"o":{"x":[0.175],"y":[0]},"t":90,"s":[-39]},{"i":{"x":[0.667],"y":[1]},"o":{"x":[0.397],"y":[0.461]},"t":94,"s":[-42.416]},{"i":{"x":[0.667],"y":[1]},"o":{"x":[0.333],"y":[0]},"t":104,"s":[115]},{"i":{"x":[0.667],"y":[1]},"o":{"x":[0.333],"y":[0]},"t":110,"s":[100]},{"i":{"x":[0.667],"y":[1]},"o":{"x":[0.333],"y":[0]},"t":116,"s":[114]},{"i":{"x":[0.667],"y":[1]},"o":{"x":[0.333],"y":[0]},"t":122,"s":[94]},{"i":{"x":[0.833],"y":[1]},"o":{"x":[0.333],"y":[0]},"t":130,"s":[113]},{"i":{"x":[0.833],"y":[1]},"o":{"x":[0.167],"y":[0]},"t":138,"s":[103]},{"i":{"x":[0.833],"y":[1]},"o":{"x":[0.333],"y":[0]},"t":150,"s":[-6]},{"i":{"x":[0.833],"y":[1]},"o":{"x":[0.167],"y":[0]},"t":160,"s":[3]},{"i":{"x":[0.833],"y":[1]},"o":{"x":[0.167],"y":[0]},"t":170,"s":[-1]},{"t":182,"s":[0]}],"ix":10},"p":{"a":1,"k":[{"i":{"x":0.833,"y":0.833},"o":{"x":0.167,"y":0.167},"t":92,"s":[133.827,261.003,0],"to":[1.999,0.045,0],"ti":[-1.999,-0.045,0]},{"i":{"x":0.833,"y":0.833},"o":{"x":0.167,"y":0.167},"t":94,"s":[145.824,261.276,0],"to":[0,0,0],"ti":[0,0,0]},{"i":{"x":0.833,"y":0.833},"o":{"x":0.167,"y":0.167},"t":100,"s":[185.811,260.26,0],"to":[0,0,0],"ti":[0,0,0]},{"i":{"x":0.667,"y":0.667},"o":{"x":0.167,"y":0.167},"t":104,"s":[145.824,261.276,0],"to":[0,0,0],"ti":[0,0,0]},{"i":{"x":0.667,"y":0.882},"o":{"x":0.333,"y":0},"t":138,"s":[145.824,261.276,0],"to":[0,0,0],"ti":[3.028,0.069,0]},{"i":{"x":0.699,"y":0},"o":{"x":0.333,"y":0.208},"t":144,"s":[170.823,261.3,0],"to":[-0.864,-0.02,0],"ti":[5.425,0.042,0]},{"i":{"x":0.667,"y":1},"o":{"x":0.333,"y":0.286},"t":146,"s":[171.152,261.481,0],"to":[-10.432,-0.081,0],"ti":[0.598,0.014,0]},{"t":150,"s":[133.827,261.003,0]}],"ix":2,"l":2},"a":{"a":0,"k":[376.313,43.006,0],"ix":1,"l":2},"s":{"a":0,"k":[100,100,100],"ix":6,"l":2}},"ao":0,"shapes":[{"ty":"gr","it":[{"ind":0,"ty":"sh","ix":1,"ks":{"a":1,"k":[{"i":{"x":0.667,"y":1},"o":{"x":0.333,"y":0},"t":90,"s":[{"i":[[-11.28,-8.24],[8.24,-9.04],[51.12,-6],[19.84,18.08],[-12,-10.48],[-42.08,6.8],[-12,12.801]],"o":[[17.12,12.56],[-5.36,5.919],[-49.04,5.76],[-16.48,-15.04],[7.2,6.32],[42.08,-6.8],[7.04,-7.359]],"v":[[102.36,-48.68],[88.84,-8.12],[-5.8,51.16],[-103,24.12],[-97.4,11.16],[-15.56,24.84],[67,-23.241]],"c":true}]},{"i":{"x":0.833,"y":1},"o":{"x":0.167,"y":0},"t":104,"s":[{"i":[[-11.28,-8.24],[8.24,-9.04],[51.12,-6],[19.84,18.08],[-12,-10.48],[-42.08,6.8],[-12,12.801]],"o":[[17.12,12.56],[-5.36,5.919],[-49.04,5.76],[-16.48,-15.04],[7.2,6.32],[42.08,-6.8],[7.04,-7.359]],"v":[[133.66,-108.399],[122.637,-62.938],[-2.236,49.344],[-94.005,30.76],[-88.405,17.8],[-11.996,23.024],[98.3,-82.96]],"c":true}]},{"i":{"x":0.667,"y":1},"o":{"x":0.167,"y":0},"t":138,"s":[{"i":[[-11.28,-8.24],[8.24,-9.04],[51.12,-6],[19.84,18.08],[-12,-10.48],[-42.08,6.8],[-12,12.801]],"o":[[17.12,12.56],[-5.36,5.919],[-49.04,5.76],[-16.48,-15.04],[7.2,6.32],[42.08,-6.8],[7.04,-7.359]],"v":[[133.66,-108.399],[122.637,-62.938],[-2.236,49.344],[-94.005,30.76],[-88.405,17.8],[-11.996,23.024],[98.3,-82.96]],"c":true}]},{"t":150,"s":[{"i":[[-11.28,-8.24],[8.24,-9.04],[51.12,-6],[19.84,18.08],[-12,-10.48],[-42.08,6.8],[-12,12.801]],"o":[[17.12,12.56],[-5.36,5.919],[-49.04,5.76],[-16.48,-15.04],[7.2,6.32],[42.08,-6.8],[7.04,-7.359]],"v":[[102.36,-48.68],[88.84,-8.12],[-5.8,51.16],[-103,24.12],[-97.4,11.16],[-15.56,24.84],[67,-23.241]],"c":true}]}],"ix":2},"nm":"Path 1","mn":"ADBE Vector Shape - Group","hd":false},{"ty":"fl","c":{"a":0,"k":[1,0.556999954523,0.004000000393,1],"ix":4},"o":{"a":0,"k":100,"ix":5},"r":1,"bm":0,"nm":"Fill 1","mn":"ADBE Vector Graphic - Fill","hd":false},{"ty":"tr","p":{"a":0,"k":[202.695,240.842],"ix":2},"a":{"a":0,"k":[0,0],"ix":1},"s":{"a":0,"k":[100,100],"ix":3},"r":{"a":0,"k":0,"ix":6},"o":{"a":0,"k":100,"ix":7},"sk":{"a":0,"k":0,"ix":4},"sa":{"a":0,"k":0,"ix":5},"nm":"Transform"}],"nm":"Group 1","np":2,"cix":2,"bm":0,"ix":1,"mn":"ADBE Vector Group","hd":false},{"ty":"gr","it":[{"ind":0,"ty":"sh","ix":1,"ks":{"a":1,"k":[{"i":{"x":0.833,"y":0.833},"o":{"x":0.333,"y":0},"t":90,"s":[{"i":[[18.657,12.332],[13.469,-14.936],[59.353,-39.291],[-208.652,0.152],[-43.48,66.292]],"o":[[-16.778,-11.09],[-49.533,54.926],[-68.716,45.49],[64.49,-0.048],[12.266,-18.7]],"v":[[162.236,-125.582],[109.656,-118.836],[-53.661,26.576],[-33.414,136.52],[173.794,-69.458]],"c":true}]},{"i":{"x":0.667,"y":1},"o":{"x":0.167,"y":0.167},"t":96,"s":[{"i":[[18.657,12.332],[13.469,-14.936],[42.733,-39.134],[-196.423,-2.634],[-43.48,66.292]],"o":[[-16.778,-11.09],[-49.533,54.926],[-48.35,49.815],[64.476,0.925],[12.266,-18.7]],"v":[[162.236,-125.582],[70.501,-121.893],[-69.726,1.653],[-39.852,142.606],[166.195,-68.953]],"c":true}]},{"i":{"x":0.833,"y":1},"o":{"x":0.167,"y":0},"t":104,"s":[{"i":[[18.657,12.332],[13.469,-14.936],[4.61,-62.996],[-184.193,-5.421],[-43.48,66.292]],"o":[[-16.778,-11.09],[-49.533,54.926],[-8.249,112.733],[64.462,1.897],[12.266,-18.7]],"v":[[162.236,-125.582],[31.345,-124.95],[-85.792,-23.269],[-46.291,148.693],[158.596,-68.448]],"c":true}]},{"i":{"x":0.667,"y":1},"o":{"x":0.167,"y":0},"t":138,"s":[{"i":[[18.657,12.332],[13.469,-14.936],[4.61,-62.996],[-184.193,-5.421],[-43.48,66.292]],"o":[[-16.778,-11.09],[-49.533,54.926],[-8.249,112.733],[64.462,1.897],[12.266,-18.7]],"v":[[162.236,-125.582],[31.345,-124.95],[-85.792,-23.269],[-46.291,148.693],[158.596,-68.448]],"c":true}]},{"t":150,"s":[{"i":[[18.657,12.332],[13.469,-14.936],[59.353,-39.291],[-208.652,0.152],[-43.48,66.292]],"o":[[-16.778,-11.09],[-49.533,54.926],[-68.716,45.49],[64.49,-0.048],[12.266,-18.7]],"v":[[162.236,-125.582],[109.656,-118.836],[-53.661,26.576],[-33.414,136.52],[173.794,-69.458]],"c":true}]}],"ix":2},"nm":"Path 1","mn":"ADBE Vector Shape - Group","hd":false},{"ty":"fl","c":{"a":0,"k":[1,0.725,0.011999999776,1],"ix":4},"o":{"a":0,"k":100,"ix":5},"r":1,"bm":0,"nm":"Fill 1","mn":"ADBE Vector Graphic - Fill","hd":false},{"ty":"tr","p":{"a":0,"k":[242.316,136.922],"ix":2},"a":{"a":0,"k":[0,0],"ix":1},"s":{"a":0,"k":[100,100],"ix":3},"r":{"a":0,"k":0,"ix":6},"o":{"a":0,"k":100,"ix":7},"sk":{"a":0,"k":0,"ix":4},"sa":{"a":0,"k":0,"ix":5},"nm":"Transform"}],"nm":"Group 2","np":2,"cix":2,"bm":0,"ix":2,"mn":"ADBE Vector Group","hd":false}],"ip":148,"op":208,"st":0,"bm":0},{"ddd":0,"ind":2,"ty":4,"nm":"wing 4","parent":12,"sr":1,"ks":{"o":{"a":1,"k":[{"i":{"x":[0.833],"y":[0.833]},"o":{"x":[0.167],"y":[0.167]},"t":42,"s":[100]},{"i":{"x":[0.833],"y":[0.833]},"o":{"x":[0.167],"y":[0.167]},"t":44,"s":[0]},{"i":{"x":[0.833],"y":[0.833]},"o":{"x":[0.167],"y":[0.167]},"t":94,"s":[0]},{"t":96,"s":[100]}],"ix":11},"r":{"a":1,"k":[{"i":{"x":[0.667],"y":[1]},"o":{"x":[0.333],"y":[0]},"t":16,"s":[0]},{"i":{"x":[0.833],"y":[1]},"o":{"x":[0.333],"y":[0]},"t":32,"s":[-10]},{"i":{"x":[0.833],"y":[1]},"o":{"x":[0.167],"y":[0]},"t":44,"s":[35]},{"i":{"x":[0.583],"y":[-2.9]},"o":{"x":[0.167],"y":[0]},"t":90,"s":[35]},{"i":{"x":[0.833],"y":[1]},"o":{"x":[0.417],"y":[0.235]},"t":96,"s":[32.5]},{"i":{"x":[0.833],"y":[1]},"o":{"x":[0.167],"y":[0]},"t":102,"s":[-9]},{"i":{"x":[0.833],"y":[1]},"o":{"x":[0.167],"y":[0]},"t":112,"s":[-2]},{"i":{"x":[0.833],"y":[1]},"o":{"x":[0.167],"y":[0]},"t":122,"s":[-4]},{"i":{"x":[0.833],"y":[1]},"o":{"x":[0.167],"y":[0]},"t":138,"s":[-4]},{"i":{"x":[0.833],"y":[1]},"o":{"x":[0.167],"y":[0]},"t":146,"s":[-6]},{"i":{"x":[0.833],"y":[1]},"o":{"x":[0.167],"y":[0]},"t":156,"s":[3]},{"i":{"x":[0.833],"y":[1]},"o":{"x":[0.167],"y":[0]},"t":166,"s":[-2]},{"t":180,"s":[0]}],"ix":10},"p":{"a":0,"k":[542.221,285.867,0],"ix":2,"l":2},"a":{"a":0,"k":[69.879,77.582,0],"ix":1,"l":2},"s":{"a":0,"k":[100,100,100],"ix":6,"l":2}},"ao":0,"shapes":[{"ty":"gr","it":[{"ind":0,"ty":"sh","ix":1,"ks":{"a":1,"k":[{"i":{"x":0.833,"y":0.833},"o":{"x":0.167,"y":0.167},"t":102,"s":[{"i":[[8.96,-10.48],[-19.52,-14.321],[-69.28,11.361],[9.76,-4.16],[25.52,-2.241],[26.8,17.6],[12.8,9.759]],"o":[[-9.36,10.96],[19.52,14.32],[54.8,-9.04],[-9.76,4.161],[-25.52,2.24],[-21.76,-14.24],[-4.24,-3.281]],"v":[[-117.169,-45.452],[-95.409,-4.892],[39.711,33.987],[93.791,-16.093],[37.471,10.148],[-50.369,-9.372],[-92.449,-40.892]],"c":true}]},{"t":108,"s":[{"i":[[8.96,-10.48],[-19.52,-14.321],[-69.28,11.361],[9.76,-4.16],[25.52,-2.241],[26.8,17.6],[12.8,9.759]],"o":[[-9.36,10.96],[19.52,14.32],[54.8,-9.04],[-9.76,4.161],[-25.52,2.24],[-21.76,-14.24],[-4.24,-3.281]],"v":[[-105.68,-40.16],[-83.92,0.4],[51.2,39.279],[105.28,-10.801],[48.96,15.44],[-38.88,-4.08],[-80.96,-35.6]],"c":true}]}],"ix":2},"nm":"Path 1","mn":"ADBE Vector Shape - Group","hd":false},{"ty":"fl","c":{"a":0,"k":[1,0.556999954523,0.004000000393,1],"ix":4},"o":{"a":0,"k":100,"ix":5},"r":1,"bm":0,"nm":"Fill 1","mn":"ADBE Vector Graphic - Fill","hd":false},{"ty":"tr","p":{"a":0,"k":[219.988,256.274],"ix":2},"a":{"a":0,"k":[0,0],"ix":1},"s":{"a":0,"k":[100,100],"ix":3},"r":{"a":0,"k":0,"ix":6},"o":{"a":0,"k":100,"ix":7},"sk":{"a":0,"k":0,"ix":4},"sa":{"a":0,"k":0,"ix":5},"nm":"Transform"}],"nm":"Group 1","np":2,"cix":2,"bm":0,"ix":1,"mn":"ADBE Vector Group","hd":false},{"ty":"gr","it":[{"ind":0,"ty":"sh","ix":1,"ks":{"a":1,"k":[{"i":{"x":0.833,"y":0.833},"o":{"x":0.167,"y":0.167},"t":102,"s":[{"i":[[0,0],[-77.28,-50.56],[7.92,-19.12],[20.178,1.935],[26.081,93.198],[-45.06,-83.144]],"o":[[0,0],[47.28,30.959],[-9.36,22.72],[-82.851,-7.947],[-26.082,-93.197],[0,0]],"v":[[-27.251,-59.036],[62.62,28.553],[148.22,101.193],[72.78,134.953],[-141.547,-27.592],[-25.289,-59.036]],"c":false}]},{"t":108,"s":[{"i":[[0,0],[-77.28,-50.56],[7.92,-19.12],[20.178,1.935],[26.081,93.198],[-45.06,-83.144]],"o":[[0,0],[47.28,30.959],[-9.36,22.72],[-82.851,-7.947],[-26.082,-93.197],[0,0]],"v":[[-27.251,-59.036],[74.109,33.844],[159.709,106.485],[84.269,140.245],[-141.547,-27.592],[-25.289,-59.036]],"c":false}]}],"ix":2},"nm":"Path 1","mn":"ADBE Vector Shape - Group","hd":false},{"ty":"fl","c":{"a":0,"k":[1,0.725,0.011999999776,1],"ix":4},"o":{"a":0,"k":100,"ix":5},"r":1,"bm":0,"nm":"Fill 1","mn":"ADBE Vector Graphic - Fill","hd":false},{"ty":"tr","p":{"a":0,"k":[167.879,142.43],"ix":2},"a":{"a":0,"k":[0,0],"ix":1},"s":{"a":0,"k":[100,100],"ix":3},"r":{"a":0,"k":0,"ix":6},"o":{"a":0,"k":100,"ix":7},"sk":{"a":0,"k":0,"ix":4},"sa":{"a":0,"k":0,"ix":5},"nm":"Transform"}],"nm":"Group 2","np":2,"cix":2,"bm":0,"ix":2,"mn":"ADBE Vector Group","hd":false}],"ip":102,"op":208,"st":0,"bm":0},{"ddd":0,"ind":3,"ty":3,"nm":"Null face","parent":11,"sr":1,"ks":{"o":{"a":0,"k":100,"ix":11},"r":{"a":1,"k":[{"i":{"x":[0.667],"y":[1]},"o":{"x":[0.333],"y":[0]},"t":20,"s":[0]},{"i":{"x":[0.833],"y":[1]},"o":{"x":[0.333],"y":[0]},"t":30,"s":[-8]},{"i":{"x":[0.667],"y":[1]},"o":{"x":[0.167],"y":[0]},"t":138,"s":[-8]},{"i":{"x":[0.833],"y":[1]},"o":{"x":[0.333],"y":[0]},"t":152,"s":[1]},{"t":164,"s":[0]}],"ix":10},"p":{"a":1,"k":[{"i":{"x":0.667,"y":1},"o":{"x":0.333,"y":0},"t":12,"s":[289.13,299.69,0],"to":[0,0,0],"ti":[0,0,0]},{"i":{"x":0.667,"y":1},"o":{"x":0.333,"y":0},"t":20,"s":[289.13,307.69,0],"to":[0,0,0],"ti":[0,0,0]},{"i":{"x":0.667,"y":1},"o":{"x":0.704,"y":0},"t":30,"s":[291.549,225.705,0],"to":[0,0,0],"ti":[0,0,0]},{"i":{"x":0.667,"y":0.667},"o":{"x":0.333,"y":0.333},"t":52,"s":[289.13,299.69,0],"to":[0,0,0],"ti":[0,0,0]},{"i":{"x":0.667,"y":1},"o":{"x":0.333,"y":0},"t":84,"s":[289.13,299.69,0],"to":[0,0,0],"ti":[0,0,0]},{"i":{"x":0.667,"y":1},"o":{"x":0.167,"y":0},"t":90,"s":[288.851,303.68,0],"to":[0,0,0],"ti":[0,0,0]},{"i":{"x":0.667,"y":1},"o":{"x":0.167,"y":0},"t":102,"s":[284.808,237.923,0],"to":[0,0,0],"ti":[0,0,0]},{"i":{"x":0.667,"y":1},"o":{"x":0.167,"y":0},"t":112,"s":[286.413,249.814,0],"to":[0,0,0],"ti":[0,0,0]},{"i":{"x":0.667,"y":0.667},"o":{"x":0.167,"y":0.167},"t":122,"s":[285.787,245.863,0],"to":[0,0,0],"ti":[0,0,0]},{"i":{"x":0.667,"y":1},"o":{"x":0.167,"y":0},"t":138,"s":[285.787,245.863,0],"to":[0,0,0],"ti":[0,0,0]},{"i":{"x":0.667,"y":1},"o":{"x":0.333,"y":0},"t":150,"s":[288.781,309.684,0],"to":[0,0,0],"ti":[0,0,0]},{"i":{"x":0.667,"y":1},"o":{"x":0.333,"y":0},"t":162,"s":[289.041,293.691,0],"to":[0,0,0],"ti":[0,0,0]},{"i":{"x":0.667,"y":1},"o":{"x":0.333,"y":0},"t":174,"s":[289.13,301.69,0],"to":[0,0,0],"ti":[0,0,0]},{"t":184,"s":[289.13,299.69,0]}],"ix":2,"l":2},"a":{"a":0,"k":[552,338,0],"ix":1,"l":2},"s":{"a":0,"k":[100,100,100],"ix":6,"l":2}},"ao":0,"ip":0,"op":208,"st":0,"bm":0},{"ddd":0,"ind":4,"ty":4,"nm":"wing","parent":12,"sr":1,"ks":{"o":{"a":1,"k":[{"i":{"x":[0.833],"y":[0.833]},"o":{"x":[0.167],"y":[0.167]},"t":42,"s":[100]},{"t":44,"s":[0]}],"ix":11},"r":{"a":1,"k":[{"i":{"x":[0.667],"y":[1]},"o":{"x":[0.333],"y":[0]},"t":16,"s":[0]},{"i":{"x":[0.833],"y":[1]},"o":{"x":[0.333],"y":[0]},"t":32,"s":[9]},{"t":44,"s":[-39]}],"ix":10},"p":{"a":0,"k":[133.827,261.003,0],"ix":2,"l":2},"a":{"a":0,"k":[376.313,43.006,0],"ix":1,"l":2},"s":{"a":0,"k":[100,100,100],"ix":6,"l":2}},"ao":0,"shapes":[{"ty":"gr","it":[{"ind":0,"ty":"sh","ix":1,"ks":{"a":0,"k":{"i":[[-11.28,-8.24],[8.24,-9.04],[51.12,-6],[19.84,18.08],[-12,-10.48],[-42.08,6.8],[-12,12.801]],"o":[[17.12,12.56],[-5.36,5.919],[-49.04,5.76],[-16.48,-15.04],[7.2,6.32],[42.08,-6.8],[7.04,-7.359]],"v":[[102.36,-48.68],[88.84,-8.12],[-5.8,51.16],[-103,24.12],[-97.4,11.16],[-15.56,24.84],[67,-23.241]],"c":true},"ix":2},"nm":"Path 1","mn":"ADBE Vector Shape - Group","hd":false},{"ty":"fl","c":{"a":0,"k":[1,0.556999954523,0.004000000393,1],"ix":4},"o":{"a":0,"k":100,"ix":5},"r":1,"bm":0,"nm":"Fill 1","mn":"ADBE Vector Graphic - Fill","hd":false},{"ty":"tr","p":{"a":0,"k":[202.695,240.842],"ix":2},"a":{"a":0,"k":[0,0],"ix":1},"s":{"a":0,"k":[100,100],"ix":3},"r":{"a":0,"k":0,"ix":6},"o":{"a":0,"k":100,"ix":7},"sk":{"a":0,"k":0,"ix":4},"sa":{"a":0,"k":0,"ix":5},"nm":"Transform"}],"nm":"Group 1","np":2,"cix":2,"bm":0,"ix":1,"mn":"ADBE Vector Group","hd":false},{"ty":"gr","it":[{"ind":0,"ty":"sh","ix":1,"ks":{"a":0,"k":{"i":[[18.657,12.332],[13.469,-14.936],[59.353,-39.291],[-208.652,0.152],[-43.48,66.292]],"o":[[-16.778,-11.09],[-49.533,54.926],[-68.716,45.49],[64.49,-0.048],[12.266,-18.7]],"v":[[162.236,-125.582],[109.656,-118.836],[-53.661,26.576],[-33.414,136.52],[173.794,-69.458]],"c":true},"ix":2},"nm":"Path 1","mn":"ADBE Vector Shape - Group","hd":false},{"ty":"fl","c":{"a":0,"k":[1,0.725,0.011999999776,1],"ix":4},"o":{"a":0,"k":100,"ix":5},"r":1,"bm":0,"nm":"Fill 1","mn":"ADBE Vector Graphic - Fill","hd":false},{"ty":"tr","p":{"a":0,"k":[242.316,136.922],"ix":2},"a":{"a":0,"k":[0,0],"ix":1},"s":{"a":0,"k":[100,100],"ix":3},"r":{"a":0,"k":0,"ix":6},"o":{"a":0,"k":100,"ix":7},"sk":{"a":0,"k":0,"ix":4},"sa":{"a":0,"k":0,"ix":5},"nm":"Transform"}],"nm":"Group 2","np":2,"cix":2,"bm":0,"ix":2,"mn":"ADBE Vector Group","hd":false}],"ip":0,"op":26,"st":0,"bm":0},{"ddd":0,"ind":5,"ty":4,"nm":"wing","parent":12,"sr":1,"ks":{"o":{"a":1,"k":[{"i":{"x":[0.833],"y":[0.833]},"o":{"x":[0.167],"y":[0.167]},"t":42,"s":[100]},{"t":44,"s":[0]}],"ix":11},"r":{"a":1,"k":[{"i":{"x":[0.667],"y":[1]},"o":{"x":[0.333],"y":[0]},"t":16,"s":[0]},{"i":{"x":[0.833],"y":[1]},"o":{"x":[0.333],"y":[0]},"t":32,"s":[-10]},{"t":44,"s":[35]}],"ix":10},"p":{"a":0,"k":[542.221,285.867,0],"ix":2,"l":2},"a":{"a":0,"k":[69.879,77.582,0],"ix":1,"l":2},"s":{"a":0,"k":[100,100,100],"ix":6,"l":2}},"ao":0,"shapes":[{"ty":"gr","it":[{"ind":0,"ty":"sh","ix":1,"ks":{"a":0,"k":{"i":[[8.96,-10.48],[-19.52,-14.321],[-69.28,11.361],[9.76,-4.16],[25.52,-2.241],[26.8,17.6],[12.8,9.759]],"o":[[-9.36,10.96],[19.52,14.32],[54.8,-9.04],[-9.76,4.161],[-25.52,2.24],[-21.76,-14.24],[-4.24,-3.281]],"v":[[-105.68,-40.16],[-83.92,0.4],[51.2,39.279],[105.28,-10.801],[48.96,15.44],[-38.88,-4.08],[-80.96,-35.6]],"c":true},"ix":2},"nm":"Path 1","mn":"ADBE Vector Shape - Group","hd":false},{"ty":"fl","c":{"a":0,"k":[1,0.556999954523,0.004000000393,1],"ix":4},"o":{"a":0,"k":100,"ix":5},"r":1,"bm":0,"nm":"Fill 1","mn":"ADBE Vector Graphic - Fill","hd":false},{"ty":"tr","p":{"a":0,"k":[219.988,256.274],"ix":2},"a":{"a":0,"k":[0,0],"ix":1},"s":{"a":0,"k":[100,100],"ix":3},"r":{"a":0,"k":0,"ix":6},"o":{"a":0,"k":100,"ix":7},"sk":{"a":0,"k":0,"ix":4},"sa":{"a":0,"k":0,"ix":5},"nm":"Transform"}],"nm":"Group 1","np":2,"cix":2,"bm":0,"ix":1,"mn":"ADBE Vector Group","hd":false},{"ty":"gr","it":[{"ind":0,"ty":"sh","ix":1,"ks":{"a":0,"k":{"i":[[0,0],[-77.28,-50.56],[7.92,-19.12],[20.178,1.935],[26.081,93.198],[-45.06,-83.144]],"o":[[0,0],[47.28,30.959],[-9.36,22.72],[-82.851,-7.947],[-26.082,-93.197],[0,0]],"v":[[-27.251,-59.036],[74.109,33.844],[159.709,106.485],[84.269,140.245],[-141.547,-27.592],[-25.289,-59.036]],"c":false},"ix":2},"nm":"Path 1","mn":"ADBE Vector Shape - Group","hd":false},{"ty":"fl","c":{"a":0,"k":[1,0.725,0.011999999776,1],"ix":4},"o":{"a":0,"k":100,"ix":5},"r":1,"bm":0,"nm":"Fill 1","mn":"ADBE Vector Graphic - Fill","hd":false},{"ty":"tr","p":{"a":0,"k":[167.879,142.43],"ix":2},"a":{"a":0,"k":[0,0],"ix":1},"s":{"a":0,"k":[100,100],"ix":3},"r":{"a":0,"k":0,"ix":6},"o":{"a":0,"k":100,"ix":7},"sk":{"a":0,"k":0,"ix":4},"sa":{"a":0,"k":0,"ix":5},"nm":"Transform"}],"nm":"Group 2","np":2,"cix":2,"bm":0,"ix":2,"mn":"ADBE Vector Group","hd":false}],"ip":0,"op":26,"st":0,"bm":0},{"ddd":0,"ind":6,"ty":4,"nm":"egg","sr":1,"ks":{"o":{"a":0,"k":100,"ix":11},"r":{"a":1,"k":[{"i":{"x":[0.667],"y":[1]},"o":{"x":[0.333],"y":[0]},"t":36,"s":[0]},{"i":{"x":[0.667],"y":[1]},"o":{"x":[0.333],"y":[0]},"t":52,"s":[-2]},{"i":{"x":[0.667],"y":[1]},"o":{"x":[0.333],"y":[0]},"t":66,"s":[1]},{"i":{"x":[0.667],"y":[1]},"o":{"x":[0.333],"y":[0]},"t":78,"s":[-0.5]},{"i":{"x":[0.833],"y":[1]},"o":{"x":[0.333],"y":[0]},"t":90,"s":[0]},{"i":{"x":[0.833],"y":[1]},"o":{"x":[0.167],"y":[0]},"t":102,"s":[2]},{"i":{"x":[0.833],"y":[1]},"o":{"x":[0.167],"y":[0]},"t":116,"s":[-1]},{"i":{"x":[0.833],"y":[1]},"o":{"x":[0.167],"y":[0]},"t":128,"s":[0.5]},{"i":{"x":[0.833],"y":[1]},"o":{"x":[0.167],"y":[0]},"t":138,"s":[-0.2]},{"i":{"x":[0.833],"y":[1]},"o":{"x":[0.167],"y":[0]},"t":148,"s":[-0.5]},{"i":{"x":[0.833],"y":[1]},"o":{"x":[0.167],"y":[0]},"t":160,"s":[0.2]},{"t":172,"s":[0]}],"ix":10},"p":{"a":0,"k":[515,973.84,0],"ix":2,"l":2},"a":{"a":0,"k":[382.85,417.13,0],"ix":1,"l":2},"s":{"a":0,"k":[100,100,100],"ix":6,"l":2}},"ao":0,"shapes":[{"ty":"gr","it":[{"ind":0,"ty":"sh","ix":1,"ks":{"a":0,"k":{"i":[[-3.298,10.911],[-13.28,-4.014],[3.298,-10.911],[13.279,4.014]],"o":[[3.298,-10.911],[13.28,4.013],[-3.298,10.911],[-13.28,-4.012]],"v":[[-24.045,-7.267],[5.971,-19.756],[24.045,7.267],[-5.971,19.756]],"c":true},"ix":2},"nm":"Path 1","mn":"ADBE Vector Shape - Group","hd":false},{"ty":"fl","c":{"a":0,"k":[0.991999966491,0.991999966491,0.991999966491,1],"ix":4},"o":{"a":0,"k":100,"ix":5},"r":1,"bm":0,"nm":"Fill 1","mn":"ADBE Vector Graphic - Fill","hd":false},{"ty":"tr","p":{"a":0,"k":[259.604,342.291],"ix":2},"a":{"a":0,"k":[0,0],"ix":1},"s":{"a":0,"k":[100,100],"ix":3},"r":{"a":0,"k":0,"ix":6},"o":{"a":0,"k":100,"ix":7},"sk":{"a":0,"k":0,"ix":4},"sa":{"a":0,"k":0,"ix":5},"nm":"Transform"}],"nm":"Group 1","np":2,"cix":2,"bm":0,"ix":1,"mn":"ADBE Vector Group","hd":false},{"ty":"gr","it":[{"ind":0,"ty":"sh","ix":1,"ks":{"a":0,"k":{"i":[[-27.76,-42],[-10.48,-9.04],[-10.48,12.08],[14.96,14.96],[14.24,21.04],[3.04,8.96],[15.76,-7.521],[-4.48,-12]],"o":[[33.76,51.12],[10.48,9.04],[10.48,-12],[-14.96,-14.96],[-14.24,-21.04],[-3.04,-9.04],[-15.76,7.519],[4.56,12]],"v":[[-34.88,12],[37.2,93.84],[74.72,100.56],[58.24,60.8],[-6.32,-12.8],[-38.64,-85.601],[-69.44,-105.119],[-75.44,-66.08]],"c":true},"ix":2},"nm":"Path 1","mn":"ADBE Vector Shape - Group","hd":false},{"ty":"fl","c":{"a":0,"k":[0.991999966491,0.991999966491,0.991999966491,1],"ix":4},"o":{"a":0,"k":100,"ix":5},"r":1,"bm":0,"nm":"Fill 1","mn":"ADBE Vector Graphic - Fill","hd":false},{"ty":"tr","p":{"a":0,"k":[132.73,220.65],"ix":2},"a":{"a":0,"k":[0,0],"ix":1},"s":{"a":0,"k":[100,100],"ix":3},"r":{"a":0,"k":0,"ix":6},"o":{"a":0,"k":100,"ix":7},"sk":{"a":0,"k":0,"ix":4},"sa":{"a":0,"k":0,"ix":5},"nm":"Transform"}],"nm":"Group 2","np":2,"cix":2,"bm":0,"ix":2,"mn":"ADBE Vector Group","hd":false},{"ty":"gr","it":[{"ind":0,"ty":"sh","ix":1,"ks":{"a":0,"k":{"i":[[-386.24,2.239],[-6.96,146.239],[0,0],[0,0],[0,0],[11.28,2.239],[0,0],[10.08,0],[0,0],[0,0],[0,0]],"o":[[217.36,-1.28],[1.14,-13.361],[0,0],[0,0],[0,0],[-11.28,-2.24],[0,0],[-10.16,0],[0,0],[0,0],[0,0.08]],"v":[[9.56,210.641],[382.36,-120.479],[383.19,-144.29],[313.64,-176.799],[250.6,-127.28],[127.8,-209.519],[-0.6,-134.08],[-133.48,-212.88],[-241.56,-139.679],[-314.76,-190.399],[-384.6,-149.839]],"c":true},"ix":2},"nm":"Path 1","mn":"ADBE Vector Shape - Group","hd":false},{"ty":"fl","c":{"a":0,"k":[0.870999983245,0.870999983245,0.870999983245,1],"ix":4},"o":{"a":0,"k":100,"ix":5},"r":1,"bm":0,"nm":"Fill 1","mn":"ADBE Vector Graphic - Fill","hd":false},{"ty":"tr","p":{"a":0,"k":[384.85,213.13],"ix":2},"a":{"a":0,"k":[0,0],"ix":1},"s":{"a":0,"k":[100,100],"ix":3},"r":{"a":0,"k":0,"ix":6},"o":{"a":0,"k":100,"ix":7},"sk":{"a":0,"k":0,"ix":4},"sa":{"a":0,"k":0,"ix":5},"nm":"Transform"}],"nm":"Group 3","np":2,"cix":2,"bm":0,"ix":3,"mn":"ADBE Vector Group","hd":false}],"ip":0,"op":208,"st":0,"bm":0},{"ddd":0,"ind":7,"ty":4,"nm":"eyes","parent":3,"sr":1,"ks":{"o":{"a":0,"k":100,"ix":11},"r":{"a":0,"k":0,"ix":10},"p":{"a":0,"k":[563.2,280.36,0],"ix":2,"l":2},"a":{"a":0,"k":[174.01,71.89,0],"ix":1,"l":2},"s":{"a":0,"k":[100,100,100],"ix":6,"l":2}},"ao":0,"shapes":[{"ty":"gr","it":[{"ind":0,"ty":"sh","ix":1,"ks":{"a":0,"k":{"i":[[4.4,-22.72],[23.28,4.72],[-6.72,27.6],[-17.36,-3.36]],"o":[[-4.48,22.72],[-24.88,-5.04],[5.52,-22.48],[17.44,3.44]],"v":[[34.04,2.76],[-8.2,40.6],[-31.72,-14.92],[11.08,-41.96]],"c":true},"ix":2},"nm":"Path 1","mn":"ADBE Vector Shape - Group","hd":false},{"ty":"fl","c":{"a":0,"k":[0.180000005984,0.187999994615,0.187999994615,1],"ix":4},"o":{"a":0,"k":100,"ix":5},"r":1,"bm":0,"nm":"Fill 1","mn":"ADBE Vector Graphic - Fill","hd":false},{"ty":"tr","p":{"a":0,"k":[309.33,98.21],"ix":2},"a":{"a":0,"k":[0,0],"ix":1},"s":{"a":0,"k":[100,100],"ix":3},"r":{"a":0,"k":0,"ix":6},"o":{"a":0,"k":100,"ix":7},"sk":{"a":0,"k":0,"ix":4},"sa":{"a":0,"k":0,"ix":5},"nm":"Transform"}],"nm":"Group 1","np":2,"cix":2,"bm":0,"ix":1,"mn":"ADBE Vector Group","hd":false},{"ty":"gr","it":[{"ind":0,"ty":"sh","ix":1,"ks":{"a":0,"k":{"i":[[2,-23.04],[23.44,4.08],[-2,23.04],[-17.68,-1.6]],"o":[[-2.08,23.04],[-24.96,-4.32],[2.08,-23.04],[17.68,1.52]],"v":[[34.08,-1.56],[-4,40.52],[-34.08,-7.72],[3.44,-43]],"c":true},"ix":2},"nm":"Path 1","mn":"ADBE Vector Shape - Group","hd":false},{"ty":"fl","c":{"a":0,"k":[0.180000005984,0.187999994615,0.187999994615,1],"ix":4},"o":{"a":0,"k":100,"ix":5},"r":1,"bm":0,"nm":"Fill 1","mn":"ADBE Vector Graphic - Fill","hd":false},{"ty":"tr","p":{"a":0,"k":[36.33,44.85],"ix":2},"a":{"a":0,"k":[0,0],"ix":1},"s":{"a":0,"k":[100,100],"ix":3},"r":{"a":0,"k":0,"ix":6},"o":{"a":0,"k":100,"ix":7},"sk":{"a":0,"k":0,"ix":4},"sa":{"a":0,"k":0,"ix":5},"nm":"Transform"}],"nm":"Group 2","np":2,"cix":2,"bm":0,"ix":2,"mn":"ADBE Vector Group","hd":false}],"ip":0,"op":208,"st":0,"bm":0},{"ddd":0,"ind":8,"ty":4,"nm":"wing 3","parent":12,"sr":1,"ks":{"o":{"a":1,"k":[{"i":{"x":[0.833],"y":[0.833]},"o":{"x":[0.167],"y":[0.167]},"t":42,"s":[100]},{"i":{"x":[0.833],"y":[0.833]},"o":{"x":[0.167],"y":[0.167]},"t":44,"s":[0]},{"i":{"x":[0.833],"y":[0.833]},"o":{"x":[0.167],"y":[0.167]},"t":92,"s":[0]},{"t":94,"s":[100]}],"ix":11},"r":{"a":1,"k":[{"i":{"x":[0.667],"y":[1]},"o":{"x":[0.333],"y":[0]},"t":16,"s":[0]},{"i":{"x":[0.833],"y":[1]},"o":{"x":[0.333],"y":[0]},"t":32,"s":[9]},{"i":{"x":[0.833],"y":[1]},"o":{"x":[0.167],"y":[0]},"t":44,"s":[-39]},{"i":{"x":[0.57],"y":[10.213]},"o":{"x":[0.175],"y":[0]},"t":90,"s":[-39]},{"i":{"x":[0.667],"y":[1]},"o":{"x":[0.397],"y":[0.461]},"t":94,"s":[-42.416]},{"i":{"x":[0.667],"y":[1]},"o":{"x":[0.333],"y":[0]},"t":104,"s":[115]},{"i":{"x":[0.667],"y":[1]},"o":{"x":[0.333],"y":[0]},"t":110,"s":[100]},{"i":{"x":[0.667],"y":[1]},"o":{"x":[0.333],"y":[0]},"t":116,"s":[114]},{"i":{"x":[0.667],"y":[1]},"o":{"x":[0.333],"y":[0]},"t":122,"s":[94]},{"i":{"x":[0.833],"y":[1]},"o":{"x":[0.333],"y":[0]},"t":130,"s":[113]},{"i":{"x":[0.833],"y":[1]},"o":{"x":[0.167],"y":[0]},"t":138,"s":[103]},{"i":{"x":[0.833],"y":[1]},"o":{"x":[0.333],"y":[0]},"t":150,"s":[-6]},{"i":{"x":[0.833],"y":[1]},"o":{"x":[0.167],"y":[0]},"t":160,"s":[3]},{"i":{"x":[0.833],"y":[1]},"o":{"x":[0.167],"y":[0]},"t":170,"s":[-1]},{"t":182,"s":[0]}],"ix":10},"p":{"a":1,"k":[{"i":{"x":0.833,"y":0.833},"o":{"x":0.167,"y":0.167},"t":32,"s":[133.967,259.008,0],"to":[-0.023,0.333,0],"ti":[-1.976,-0.378,0]},{"i":{"x":0.833,"y":0.833},"o":{"x":0.167,"y":0.167},"t":92,"s":[133.827,261.003,0],"to":[1.976,0.378,0],"ti":[-1.999,-0.045,0]},{"i":{"x":0.833,"y":0.833},"o":{"x":0.167,"y":0.167},"t":94,"s":[145.824,261.276,0],"to":[0,0,0],"ti":[-11.63,0.295,0]},{"i":{"x":0.833,"y":0.833},"o":{"x":0.167,"y":0.167},"t":98,"s":[230.476,261.262,0],"to":[7.342,-0.186,0],"ti":[0,0,0]},{"i":{"x":0.833,"y":0.833},"o":{"x":0.167,"y":0.167},"t":100,"s":[185.811,260.26,0],"to":[0,0,0],"ti":[0,0,0]},{"i":{"x":0.667,"y":0.667},"o":{"x":0.167,"y":0.167},"t":104,"s":[145.824,261.276,0],"to":[0,0,0],"ti":[0,0,0]},{"i":{"x":0.667,"y":0.882},"o":{"x":0.333,"y":0},"t":138,"s":[145.824,261.276,0],"to":[0,0,0],"ti":[3.028,0.069,0]},{"i":{"x":0.699,"y":0},"o":{"x":0.333,"y":0.208},"t":144,"s":[170.823,261.3,0],"to":[-0.864,-0.02,0],"ti":[5.425,0.042,0]},{"i":{"x":0.667,"y":1},"o":{"x":0.333,"y":0.286},"t":146,"s":[171.152,261.481,0],"to":[-10.432,-0.081,0],"ti":[0.598,0.014,0]},{"t":150,"s":[133.827,261.003,0]}],"ix":2,"l":2},"a":{"a":0,"k":[376.313,43.006,0],"ix":1,"l":2},"s":{"a":0,"k":[100,100,100],"ix":6,"l":2}},"ao":0,"shapes":[{"ty":"gr","it":[{"ind":0,"ty":"sh","ix":1,"ks":{"a":1,"k":[{"i":{"x":0.833,"y":0.833},"o":{"x":0.167,"y":0},"t":32,"s":[{"i":[[-11.28,-8.24],[8.24,-9.04],[51.12,-6],[19.84,18.08],[-12,-10.48],[-42.08,6.8],[-12,12.801]],"o":[[17.12,12.56],[-5.36,5.919],[-49.04,5.76],[-16.48,-15.04],[7.2,6.32],[42.08,-6.8],[7.04,-7.359]],"v":[[102.36,-48.68],[88.84,-8.12],[-5.8,51.16],[-103,24.12],[-97.4,11.16],[-15.56,24.84],[67,-23.241]],"c":true}]},{"i":{"x":0.667,"y":1},"o":{"x":0.167,"y":0.167},"t":42,"s":[{"i":[[-10.759,-8.909],[8.746,-8.552],[44,-5.594],[19.84,18.08],[-12,-10.48],[-42.08,6.8],[-12.755,12.049]],"o":[[16.326,13.576],[-5.709,5.583],[-48.983,6.227],[-16.48,-15.04],[7.2,6.32],[42.08,-6.8],[7.474,-6.918]],"v":[[172.227,-111.79],[157.169,-68.324],[79.446,-32.394],[-17.754,-59.434],[-12.154,-72.393],[69.686,-58.714],[135.389,-88.543]],"c":true}]},{"i":{"x":0.833,"y":0.833},"o":{"x":0.333,"y":0},"t":90,"s":[{"i":[[-11.28,-8.24],[8.24,-9.04],[51.12,-6],[19.84,18.08],[-12,-10.48],[-42.08,6.8],[-12,12.801]],"o":[[17.12,12.56],[-5.36,5.919],[-49.04,5.76],[-16.48,-15.04],[7.2,6.32],[42.08,-6.8],[7.04,-7.359]],"v":[[102.36,-48.68],[88.84,-8.12],[-5.8,51.16],[-103,24.12],[-97.4,11.16],[-15.56,24.84],[67,-23.241]],"c":true}]},{"i":{"x":0.833,"y":0.833},"o":{"x":0.167,"y":0.167},"t":94,"s":[{"i":[[-11.635,-7.71],[7.794,-9.413],[50.752,-8.324],[20.622,17.15],[-12.443,-9.932],[-41.693,8.708],[-11.394,13.325]],"o":[[17.662,11.756],[-5.08,6.153],[-48.687,7.987],[-17.136,-14.26],[7.475,5.98],[41.693,-8.708],[6.691,-7.667]],"v":[[114.651,-55.399],[103.652,-13.248],[202.495,7.665],[105.604,-13.1],[110.602,-26.292],[191.552,-18.161],[80.517,-28.394]],"c":true}]},{"i":{"x":0.833,"y":0.833},"o":{"x":0.167,"y":0.167},"t":96,"s":[{"i":[[-11.904,-7.309],[7.457,-9.696],[50.473,-10.084],[21.214,16.446],[-12.778,-9.516],[-41.399,10.152],[-10.935,13.722]],"o":[[18.072,11.147],[-4.868,6.33],[-48.42,9.674],[-17.633,-13.67],[7.684,5.722],[41.399,-10.152],[6.427,-7.9]],"v":[[123.959,-60.488],[114.869,-17.13],[234.759,44.661],[138.101,28.648],[142.644,15.281],[222.92,19.209],[90.753,-32.295]],"c":true}]},{"i":{"x":0.667,"y":1},"o":{"x":0.167,"y":0.167},"t":97,"s":[{"i":[[-11.141,-8.369],[8.31,-8.934],[50.45,-10.198],[20.33,17.496],[-12.265,-10.149],[-41.833,8.017],[-12.139,12.609]],"o":[[16.909,12.755],[-5.425,5.833],[-45.657,9.225],[-16.898,-14.543],[7.376,6.103],[41.833,-8.017],[7.119,-7.247]],"v":[[126.293,-41.27],[114.06,2.896],[101.737,35.102],[6.862,20.919],[12.078,7.811],[85.419,12.018],[90.686,-16.366]],"c":true}]},{"i":{"x":0.667,"y":1},"o":{"x":0.167,"y":0},"t":98,"s":[{"i":[[-10.707,-8.972],[8.796,-8.5],[50.437,-10.263],[19.827,18.094],[-11.974,-10.51],[-42.08,6.8],[-12.825,11.974]],"o":[[16.247,13.671],[-5.742,5.549],[-44.083,8.97],[-16.48,-15.04],[7.2,6.32],[42.08,-6.8],[7.514,-6.874]],"v":[[117.068,-27.267],[103.044,17.359],[7.104,66.16],[-86.756,53.019],[-81.156,40.059],[-11.766,44.424],[80.093,-4.237]],"c":true}]},{"i":{"x":0.667,"y":1},"o":{"x":0.167,"y":0},"t":104,"s":[{"i":[[-11.28,-8.24],[8.211,-9.067],[54.991,-10.422],[19.827,18.094],[-11.974,-10.51],[-40.559,13.112],[-12,12.801]],"o":[[17.12,12.56],[-5.36,5.919],[-48.514,9.194],[-16.48,-15.04],[7.2,6.32],[43.361,-14.018],[7.04,-7.359]],"v":[[168.999,-95.743],[157.975,-50.283],[28.172,48.745],[-64.245,37.343],[-58.645,24.383],[18.412,22.425],[133.639,-70.304]],"c":true}]},{"i":{"x":0.833,"y":0.833},"o":{"x":0.167,"y":0},"t":138,"s":[{"i":[[-11.28,-8.24],[8.211,-9.067],[54.991,-10.422],[19.827,18.094],[-11.974,-10.51],[-40.559,13.112],[-12,12.801]],"o":[[17.12,12.56],[-5.36,5.919],[-48.514,9.194],[-16.48,-15.04],[7.2,6.32],[43.361,-14.018],[7.04,-7.359]],"v":[[168.999,-95.743],[157.975,-50.283],[28.172,48.745],[-64.245,37.343],[-58.645,24.383],[18.412,22.425],[133.639,-70.304]],"c":true}]},{"i":{"x":0.833,"y":0.833},"o":{"x":0.167,"y":0.167},"t":144,"s":[{"i":[[-7.038,-12.066],[11.153,-5.022],[51.45,13.991],[10.926,24.518],[-6.765,-14.424],[-41.757,-7.941],[-16.121,6.927]],"o":[[10.661,18.363],[-7.281,3.279],[-47.618,-12.949],[-9.082,-20.379],[4.068,8.674],[42.982,8.063],[9.397,-3.926]],"v":[[131.328,-43.036],[102.839,-8.985],[-27.732,16.793],[-106.765,-40.106],[-96.446,-49.74],[-26.141,-11.233],[88.741,-33.879]],"c":true}]},{"i":{"x":0.667,"y":1},"o":{"x":0.167,"y":0.167},"t":148,"s":[{"i":[[-11.28,-8.24],[8.238,-9.042],[51.421,-6.344],[19.839,18.081],[-11.998,-10.482],[-41.962,7.291],[-12,12.801]],"o":[[17.12,12.56],[-5.36,5.919],[-48.999,6.027],[-16.48,-15.04],[7.2,6.32],[42.18,-7.362],[7.04,-7.359]],"v":[[111.577,-55.734],[98.251,-14.792],[-6.348,33.13],[-103.175,7.307],[-97.575,-5.653],[-16.108,6.81],[68.995,-44.746]],"c":true}]},{"t":150,"s":[{"i":[[-11.28,-8.24],[8.24,-9.04],[51.12,-6],[19.84,18.08],[-12,-10.48],[-42.08,6.8],[-12,12.801]],"o":[[17.12,12.56],[-5.36,5.919],[-49.04,5.76],[-16.48,-15.04],[7.2,6.32],[42.08,-6.8],[7.04,-7.359]],"v":[[102.36,-48.68],[88.84,-8.12],[-5.8,51.16],[-103,24.12],[-97.4,11.16],[-15.56,24.84],[67,-23.241]],"c":true}]}],"ix":2},"nm":"Path 1","mn":"ADBE Vector Shape - Group","hd":false},{"ty":"fl","c":{"a":0,"k":[1,0.556999954523,0.004000000393,1],"ix":4},"o":{"a":0,"k":100,"ix":5},"r":1,"bm":0,"nm":"Fill 1","mn":"ADBE Vector Graphic - Fill","hd":false},{"ty":"tr","p":{"a":0,"k":[202.695,240.842],"ix":2},"a":{"a":0,"k":[0,0],"ix":1},"s":{"a":0,"k":[100,100],"ix":3},"r":{"a":0,"k":0,"ix":6},"o":{"a":0,"k":100,"ix":7},"sk":{"a":0,"k":0,"ix":4},"sa":{"a":0,"k":0,"ix":5},"nm":"Transform"}],"nm":"Group 1","np":2,"cix":2,"bm":0,"ix":1,"mn":"ADBE Vector Group","hd":false},{"ty":"gr","it":[{"ind":0,"ty":"sh","ix":1,"ks":{"a":1,"k":[{"i":{"x":0.833,"y":0.833},"o":{"x":0.167,"y":0},"t":32,"s":[{"i":[[18.657,12.332],[13.469,-14.936],[59.353,-39.291],[-208.652,0.152],[-43.48,66.292]],"o":[[-16.778,-11.09],[-49.533,54.926],[-68.716,45.49],[64.49,-0.048],[12.266,-18.7]],"v":[[162.236,-125.582],[109.656,-118.836],[-53.661,26.576],[-33.414,136.52],[173.794,-69.458]],"c":true}]},{"i":{"x":0.667,"y":1},"o":{"x":0.167,"y":0.167},"t":42,"s":[{"i":[[18.657,12.332],[13.469,-14.936],[59.353,-39.291],[-208.652,0.152],[-43.48,66.292]],"o":[[-16.778,-11.09],[-49.533,54.926],[-68.716,45.49],[64.49,-0.048],[12.266,-18.7]],"v":[[162.237,-125.582],[133.477,-157.223],[2.581,-49.993],[51.832,52.966],[173.794,-69.458]],"c":true}]},{"i":{"x":0.833,"y":0.833},"o":{"x":0.333,"y":0},"t":90,"s":[{"i":[[18.657,12.332],[13.469,-14.936],[59.353,-39.291],[-208.652,0.152],[-43.48,66.292]],"o":[[-16.778,-11.09],[-49.533,54.926],[-68.716,45.49],[64.49,-0.048],[12.266,-18.7]],"v":[[162.236,-125.582],[109.656,-118.836],[-53.661,26.576],[-33.414,136.52],[173.794,-69.458]],"c":true}]},{"i":{"x":0.833,"y":0.833},"o":{"x":0.167,"y":0.167},"t":94,"s":[{"i":[[19.186,11.458],[26.708,-24.258],[48.031,-41.08],[-201.46,7.43],[-40.377,68.154]],"o":[[-17.253,-10.304],[-68.165,64.642],[-54.765,50.066],[64.406,-2.438],[11.39,-19.225]],"v":[[160.179,-122.615],[99.346,-141.679],[-64.579,-34.302],[44.874,111.883],[169.99,-66.488]],"c":true}]},{"i":{"x":0.833,"y":0.833},"o":{"x":0.167,"y":0.167},"t":96,"s":[{"i":[[19.586,10.796],[7.249,-18.76],[39.458,-42.434],[-196.013,12.942],[-38.027,69.564]],"o":[[-17.613,-9.709],[-37.289,96.51],[-44.2,53.531],[64.343,-4.248],[10.727,-19.623]],"v":[[158.622,-120.369],[36.576,-142.519],[-84.401,13.848],[198.348,136.526],[167.108,-64.24]],"c":true}]},{"i":{"x":0.667,"y":1},"o":{"x":0.167,"y":0.167},"t":97,"s":[{"i":[[18.994,11.775],[-0.975,-19.104],[32.057,-45.404],[-153.281,1.596],[-41.354,92.9]],"o":[[-17.081,-10.589],[-5.143,63.639],[-40.136,60.187],[64.407,0.008],[9.267,-20.317]],"v":[[172.934,-146.945],[1.644,-143.127],[-67.631,-0.676],[41.458,131.225],[194.186,-91.166]],"c":true}]},{"i":{"x":0.667,"y":1},"o":{"x":0.167,"y":0},"t":98,"s":[{"i":[[18.657,12.332],[-5.66,-19.299],[27.841,-47.096],[-128.937,-4.868],[-43.25,106.195]],"o":[[-16.778,-11.09],[13.171,44.912],[-37.821,63.979],[64.444,2.433],[8.435,-20.712]],"v":[[162.236,-125.582],[-37.107,-106.97],[-76.927,27.553],[-66.773,164.708],[190.761,-70.003]],"c":true}]},{"i":{"x":0.667,"y":1},"o":{"x":0.167,"y":0},"t":104,"s":[{"i":[[18.657,12.332],[7.361,-18.717],[30.576,-44.161],[-121.709,-3.142],[-43.25,106.195]],"o":[[-16.778,-11.09],[-29.898,76.016],[-32.304,46.657],[64.469,1.664],[8.435,-20.712]],"v":[[162.236,-125.582],[10.668,-150.277],[-68.737,19.669],[-46.291,148.693],[190.761,-70.003]],"c":true}]},{"i":{"x":0.833,"y":0.833},"o":{"x":0.167,"y":0},"t":138,"s":[{"i":[[18.657,12.332],[7.361,-18.717],[30.576,-44.161],[-121.709,-3.142],[-43.25,106.195]],"o":[[-16.778,-11.09],[-29.898,76.016],[-32.304,46.657],[64.469,1.664],[8.435,-20.712]],"v":[[162.236,-125.582],[10.668,-150.277],[-68.737,19.669],[-46.291,148.693],[190.761,-70.003]],"c":true}]},{"i":{"x":0.833,"y":0.833},"o":{"x":0.167,"y":0.167},"t":144,"s":[{"i":[[18.657,12.332],[-5.578,-19.323],[37.858,-14.5],[-155.611,-57.259],[-71.35,185.132]],"o":[[-16.778,-11.09],[16.094,55.75],[-51.017,19.54],[60.516,22.268],[10.665,-19.541]],"v":[[197.21,-158.701],[3.427,-118.693],[-53.897,-13.167],[-69.302,106.261],[215.858,-102.805]],"c":true}]},{"i":{"x":0.667,"y":1},"o":{"x":0.167,"y":0.167},"t":148,"s":[{"i":[[18.657,12.332],[9.922,-15.753],[54.311,-40.182],[-200.62,1.952],[-43.462,69.397]],"o":[[-16.778,-11.09],[-37.312,55.08],[-61.93,45.227],[64.468,-0.75],[11.968,-18.857]],"v":[[168.749,-131.75],[89.874,-118.809],[-60.358,8.626],[-37.607,119.625],[181.628,-75.668]],"c":true}]},{"t":150,"s":[{"i":[[18.657,12.332],[13.469,-14.936],[59.353,-39.291],[-208.652,0.152],[-43.48,66.292]],"o":[[-16.778,-11.09],[-49.533,54.926],[-68.716,45.49],[64.49,-0.048],[12.266,-18.7]],"v":[[162.236,-125.582],[109.656,-118.836],[-53.661,26.576],[-33.414,136.52],[173.794,-69.458]],"c":true}]}],"ix":2},"nm":"Path 1","mn":"ADBE Vector Shape - Group","hd":false},{"ty":"fl","c":{"a":0,"k":[1,0.725,0.011999999776,1],"ix":4},"o":{"a":0,"k":100,"ix":5},"r":1,"bm":0,"nm":"Fill 1","mn":"ADBE Vector Graphic - Fill","hd":false},{"ty":"tr","p":{"a":0,"k":[242.316,136.922],"ix":2},"a":{"a":0,"k":[0,0],"ix":1},"s":{"a":0,"k":[100,100],"ix":3},"r":{"a":0,"k":0,"ix":6},"o":{"a":0,"k":100,"ix":7},"sk":{"a":0,"k":0,"ix":4},"sa":{"a":0,"k":0,"ix":5},"nm":"Transform"}],"nm":"Group 2","np":2,"cix":2,"bm":0,"ix":2,"mn":"ADBE Vector Group","hd":false}],"ip":26,"op":148,"st":0,"bm":0},{"ddd":0,"ind":9,"ty":4,"nm":"wing 2","parent":12,"sr":1,"ks":{"o":{"a":1,"k":[{"i":{"x":[0.833],"y":[0.833]},"o":{"x":[0.167],"y":[0.167]},"t":42,"s":[100]},{"i":{"x":[0.833],"y":[0.833]},"o":{"x":[0.167],"y":[0.167]},"t":44,"s":[0]},{"i":{"x":[0.833],"y":[0.833]},"o":{"x":[0.167],"y":[0.167]},"t":94,"s":[0]},{"t":96,"s":[100]}],"ix":11},"r":{"a":1,"k":[{"i":{"x":[0.667],"y":[1]},"o":{"x":[0.333],"y":[0]},"t":16,"s":[0]},{"i":{"x":[0.833],"y":[1]},"o":{"x":[0.333],"y":[0]},"t":32,"s":[-10]},{"i":{"x":[0.833],"y":[1]},"o":{"x":[0.167],"y":[0]},"t":44,"s":[35]},{"i":{"x":[0.583],"y":[-2.9]},"o":{"x":[0.167],"y":[0]},"t":90,"s":[35]},{"i":{"x":[0.833],"y":[1]},"o":{"x":[0.417],"y":[0.235]},"t":96,"s":[32.5]},{"i":{"x":[0.833],"y":[1]},"o":{"x":[0.167],"y":[0]},"t":102,"s":[-9]},{"i":{"x":[0.833],"y":[1]},"o":{"x":[0.167],"y":[0]},"t":112,"s":[-2]},{"i":{"x":[0.833],"y":[1]},"o":{"x":[0.167],"y":[0]},"t":122,"s":[-4]},{"i":{"x":[0.833],"y":[1]},"o":{"x":[0.167],"y":[0]},"t":138,"s":[-4]},{"i":{"x":[0.833],"y":[1]},"o":{"x":[0.167],"y":[0]},"t":146,"s":[-6]},{"i":{"x":[0.833],"y":[1]},"o":{"x":[0.167],"y":[0]},"t":156,"s":[3]},{"i":{"x":[0.833],"y":[1]},"o":{"x":[0.167],"y":[0]},"t":166,"s":[-2]},{"t":180,"s":[0]}],"ix":10},"p":{"a":0,"k":[542.221,285.867,0],"ix":2,"l":2},"a":{"a":0,"k":[69.879,77.582,0],"ix":1,"l":2},"s":{"a":0,"k":[100,100,100],"ix":6,"l":2}},"ao":0,"shapes":[{"ty":"gr","it":[{"ind":0,"ty":"sh","ix":1,"ks":{"a":1,"k":[{"i":{"x":0.833,"y":0.833},"o":{"x":0.167,"y":0.167},"t":26,"s":[{"i":[[8.96,-10.48],[-19.52,-14.321],[-69.28,11.361],[9.76,-4.16],[25.52,-2.241],[26.8,17.6],[12.8,9.759]],"o":[[-9.36,10.96],[19.52,14.32],[54.8,-9.04],[-9.76,4.161],[-25.52,2.24],[-21.76,-14.24],[-4.24,-3.281]],"v":[[-105.68,-40.16],[-83.92,0.4],[51.2,39.279],[105.28,-10.801],[48.96,15.44],[-38.88,-4.08],[-80.96,-35.6]],"c":true}]},{"t":38,"s":[{"i":[[7.555,-11.534],[-21.176,-11.734],[-52.982,7.275],[9.76,-4.16],[25.52,-2.241],[28.812,14.066],[13.932,8.06]],"o":[[-7.897,12.057],[21.176,11.734],[55.024,-7.556],[-9.76,4.161],[-25.52,2.24],[-23.388,-11.371],[-4.621,-2.718]],"v":[[-112.549,-39.303],[-85.83,-1.824],[24.722,22.4],[78.802,-27.68],[22.482,-1.439],[-41.719,-11.97],[-87.451,-37.909]],"c":true}]}],"ix":2},"nm":"Path 1","mn":"ADBE Vector Shape - Group","hd":false},{"ty":"fl","c":{"a":0,"k":[1,0.556999954523,0.004000000393,1],"ix":4},"o":{"a":0,"k":100,"ix":5},"r":1,"bm":0,"nm":"Fill 1","mn":"ADBE Vector Graphic - Fill","hd":false},{"ty":"tr","p":{"a":0,"k":[219.988,256.274],"ix":2},"a":{"a":0,"k":[0,0],"ix":1},"s":{"a":0,"k":[100,100],"ix":3},"r":{"a":0,"k":0,"ix":6},"o":{"a":0,"k":100,"ix":7},"sk":{"a":0,"k":0,"ix":4},"sa":{"a":0,"k":0,"ix":5},"nm":"Transform"}],"nm":"Group 1","np":2,"cix":2,"bm":0,"ix":1,"mn":"ADBE Vector Group","hd":false},{"ty":"gr","it":[{"ind":0,"ty":"sh","ix":1,"ks":{"a":1,"k":[{"i":{"x":0.833,"y":0.833},"o":{"x":0.167,"y":0.167},"t":26,"s":[{"i":[[0,0],[-77.28,-50.56],[7.92,-19.12],[20.178,1.935],[26.081,93.198],[-45.06,-83.144]],"o":[[0,0],[47.28,30.959],[-9.36,22.72],[-82.851,-7.947],[-26.082,-93.197],[0,0]],"v":[[-27.251,-59.036],[74.109,33.844],[159.709,106.485],[84.269,140.245],[-141.547,-27.592],[-25.289,-59.036]],"c":false}]},{"i":{"x":0.833,"y":0.833},"o":{"x":0.167,"y":0.167},"t":38,"s":[{"i":[[0,0],[-77.28,-50.56],[7.92,-19.12],[20.178,1.935],[26.081,93.198],[-45.06,-83.144]],"o":[[0,0],[47.28,30.959],[-9.36,22.72],[-82.851,-7.947],[-26.082,-93.197],[0,0]],"v":[[-27.251,-59.036],[47.631,16.966],[133.23,89.606],[57.79,123.366],[-141.547,-27.592],[-25.289,-59.036]],"c":false}]},{"t":42,"s":[{"i":[[0,0],[-52.914,-61.818],[7.92,-19.12],[20.178,1.935],[26.081,93.198],[-45.06,-83.144]],"o":[[0,0],[36.75,42.934],[-9.36,22.72],[-82.851,-7.947],[-26.082,-93.197],[0,0]],"v":[[-37.066,-100.649],[58.588,12.074],[133.23,89.606],[57.79,123.366],[-141.547,-27.592],[-36.327,-103.388]],"c":false}]}],"ix":2},"nm":"Path 1","mn":"ADBE Vector Shape - Group","hd":false},{"ty":"fl","c":{"a":0,"k":[1,0.725,0.011999999776,1],"ix":4},"o":{"a":0,"k":100,"ix":5},"r":1,"bm":0,"nm":"Fill 1","mn":"ADBE Vector Graphic - Fill","hd":false},{"ty":"tr","p":{"a":0,"k":[167.879,142.43],"ix":2},"a":{"a":0,"k":[0,0],"ix":1},"s":{"a":0,"k":[100,100],"ix":3},"r":{"a":0,"k":0,"ix":6},"o":{"a":0,"k":100,"ix":7},"sk":{"a":0,"k":0,"ix":4},"sa":{"a":0,"k":0,"ix":5},"nm":"Transform"}],"nm":"Group 2","np":2,"cix":2,"bm":0,"ix":2,"mn":"ADBE Vector Group","hd":false}],"ip":26,"op":102,"st":0,"bm":0},{"ddd":0,"ind":10,"ty":4,"nm":"mouth","parent":3,"sr":1,"ks":{"o":{"a":0,"k":100,"ix":11},"r":{"a":0,"k":0,"ix":10},"p":{"a":0,"k":[543.32,358.2,0],"ix":2,"l":2},"a":{"a":0,"k":[81.89,83.65,0],"ix":1,"l":2},"s":{"a":0,"k":[100,100,100],"ix":6,"l":2}},"ao":0,"shapes":[{"ty":"gr","it":[{"ind":0,"ty":"sh","ix":1,"ks":{"a":0,"k":{"i":[[4.8,-10.48],[-16.88,-5.68],[0,0],[-13.12,-3.44],[0,0],[-7.12,-0.4],[-1.92,14.16],[7.12,1.84],[0,0],[11.68,3.36],[0,0],[6,1.84]],"o":[[-4.88,10.48],[16.88,5.68],[0,0],[13.12,3.36],[0,0],[7.12,0.4],[2.24,-16.48],[-7.12,-1.84],[0,0],[-11.6,-3.36],[0,0],[-6,-2]],"v":[[-76.76,-24.48],[-56.12,-0.8],[-27.56,6.72],[-6.52,40.16],[27.24,21.04],[51.24,23.28],[79.4,15.76],[53.48,0],[29.8,-6.4],[13.64,-40.16],[-19.8,-16.88],[-46.04,-25.12]],"c":true},"ix":2},"nm":"Path 1","mn":"ADBE Vector Shape - Group","hd":false},{"ty":"fl","c":{"a":0,"k":[1,0.372999991623,0.008000000785,1],"ix":4},"o":{"a":0,"k":100,"ix":5},"r":1,"bm":0,"nm":"Fill 1","mn":"ADBE Vector Graphic - Fill","hd":false},{"ty":"tr","p":{"a":0,"k":[81.89,86.97],"ix":2},"a":{"a":0,"k":[0,0],"ix":1},"s":{"a":0,"k":[100,100],"ix":3},"r":{"a":0,"k":0,"ix":6},"o":{"a":0,"k":100,"ix":7},"sk":{"a":0,"k":0,"ix":4},"sa":{"a":0,"k":0,"ix":5},"nm":"Transform"}],"nm":"Group 1","np":2,"cix":2,"bm":0,"ix":1,"mn":"ADBE Vector Group","hd":false},{"ty":"gr","it":[{"ind":0,"ty":"sh","ix":1,"ks":{"a":0,"k":{"i":[[4,2.24],[0,0],[-3.92,-0.56],[0,0]],"o":[[-5.12,-2.88],[0,0],[3.92,0.56],[0,0]],"v":[[24.2,-80.52],[-64.76,-14.04],[-19.72,82.84],[64.76,16.92]],"c":true},"ix":2},"nm":"Path 1","mn":"ADBE Vector Shape - Group","hd":false},{"ty":"fl","c":{"a":0,"k":[1,0.54900004069,0,1],"ix":4},"o":{"a":0,"k":100,"ix":5},"r":1,"bm":0,"nm":"Fill 1","mn":"ADBE Vector Graphic - Fill","hd":false},{"ty":"tr","p":{"a":0,"k":[85.41,83.65],"ix":2},"a":{"a":0,"k":[0,0],"ix":1},"s":{"a":0,"k":[100,100],"ix":3},"r":{"a":0,"k":0,"ix":6},"o":{"a":0,"k":100,"ix":7},"sk":{"a":0,"k":0,"ix":4},"sa":{"a":0,"k":0,"ix":5},"nm":"Transform"}],"nm":"Group 2","np":2,"cix":2,"bm":0,"ix":2,"mn":"ADBE Vector Group","hd":false}],"ip":0,"op":208,"st":0,"bm":0},{"ddd":0,"ind":11,"ty":4,"nm":"head","parent":12,"sr":1,"ks":{"o":{"a":0,"k":100,"ix":11},"r":{"a":1,"k":[{"i":{"x":[0.667],"y":[1]},"o":{"x":[0.333],"y":[0]},"t":90,"s":[0]},{"i":{"x":[0.833],"y":[1]},"o":{"x":[0.167],"y":[0]},"t":102,"s":[7]},{"i":{"x":[0.667],"y":[1]},"o":{"x":[0.167],"y":[0]},"t":138,"s":[7]},{"t":150,"s":[0]}],"ix":10},"p":{"a":1,"k":[{"i":{"x":0.833,"y":1},"o":{"x":0.333,"y":0},"t":12,"s":[367.85,192.007,0],"to":[0,0.667,0],"ti":[-0.163,2.994,0]},{"i":{"x":0.667,"y":1},"o":{"x":0.333,"y":0},"t":18,"s":[367.85,196.007,0],"to":[0.163,-2.994,0],"ti":[0,0.667,0]},{"i":{"x":0.833,"y":1},"o":{"x":0.333,"y":0},"t":30,"s":[368.826,174.041,0],"to":[0,-0.667,0],"ti":[0.163,-2.994,0]},{"i":{"x":0.697,"y":0.697},"o":{"x":0.157,"y":0.157},"t":48,"s":[367.85,192.007,0],"to":[0,0,0],"ti":[0,0,0]},{"i":{"x":0.778,"y":1},"o":{"x":0.428,"y":0},"t":82,"s":[367.85,192.007,0],"to":[0,0,0],"ti":[0,0,0]},{"i":{"x":0.833,"y":1},"o":{"x":0.167,"y":0},"t":90,"s":[366.594,209.963,0],"to":[0,0,0],"ti":[-0.209,2.993,0]},{"i":{"x":0.833,"y":0.833},"o":{"x":0.167,"y":0.167},"t":102,"s":[367.85,192.007,0],"to":[0,0,0],"ti":[0,0,0]},{"i":{"x":0.833,"y":0.833},"o":{"x":0.167,"y":0.167},"t":138,"s":[367.85,192.007,0],"to":[0,0,0],"ti":[0,0,0]},{"t":150,"s":[367.85,192.007,0]}],"ix":2,"l":2},"a":{"a":0,"k":[291.21,271.617,0],"ix":1,"l":2},"s":{"a":0,"k":[100,100,100],"ix":6,"l":2}},"ao":0,"shapes":[{"ty":"gr","it":[{"ind":0,"ty":"sh","ix":1,"ks":{"a":0,"k":{"i":[[-19.414,78.41],[99.12,102.08],[112.64,-115.6],[0,0],[-169.39,-3.452]],"o":[[0,0],[-92.72,-95.6],[-87.76,90.16],[10.012,94.17],[169.389,3.451]],"v":[[245.12,99.673],[191.84,-149.607],[-203.2,-155.767],[-277.52,63.513],[-36.729,267.917]],"c":true},"ix":2},"nm":"Path 1","mn":"ADBE Vector Shape - Group","hd":false},{"ty":"fl","c":{"a":0,"k":[1,0.725,0.011999999776,1],"ix":4},"o":{"a":0,"k":100,"ix":5},"r":1,"bm":0,"nm":"Fill 1","mn":"ADBE Vector Graphic - Fill","hd":false},{"ty":"tr","p":{"a":0,"k":[291.21,271.617],"ix":2},"a":{"a":0,"k":[0,0],"ix":1},"s":{"a":0,"k":[100,100],"ix":3},"r":{"a":0,"k":0,"ix":6},"o":{"a":0,"k":100,"ix":7},"sk":{"a":0,"k":0,"ix":4},"sa":{"a":0,"k":0,"ix":5},"nm":"Transform"}],"nm":"Group 1","np":2,"cix":2,"bm":0,"ix":1,"mn":"ADBE Vector Group","hd":false}],"ip":0,"op":208,"st":0,"bm":0},{"ddd":0,"ind":12,"ty":4,"nm":"body","parent":6,"sr":1,"ks":{"o":{"a":1,"k":[{"i":{"x":[0.833],"y":[0.833]},"o":{"x":[0.167],"y":[0.167]},"t":45,"s":[100]},{"i":{"x":[0.833],"y":[0.833]},"o":{"x":[0.167],"y":[0.167]},"t":46,"s":[0]},{"i":{"x":[0.833],"y":[0.833]},"o":{"x":[0.167],"y":[0.167]},"t":93,"s":[0]},{"t":94,"s":[100]}],"ix":11},"r":{"a":1,"k":[{"i":{"x":[0.833],"y":[1]},"o":{"x":[0.333],"y":[0]},"t":20,"s":[0]},{"i":{"x":[0.833],"y":[1]},"o":{"x":[0.167],"y":[0]},"t":30,"s":[-4]},{"i":{"x":[0.667],"y":[1]},"o":{"x":[0.167],"y":[0]},"t":94,"s":[-4]},{"i":{"x":[0.833],"y":[1]},"o":{"x":[0.167],"y":[0]},"t":108,"s":[3]},{"i":{"x":[0.833],"y":[1]},"o":{"x":[0.167],"y":[0]},"t":122,"s":[1]},{"i":{"x":[0.833],"y":[1]},"o":{"x":[0.167],"y":[0]},"t":136,"s":[3]},{"i":{"x":[0.667],"y":[1]},"o":{"x":[0.167],"y":[0]},"t":138,"s":[3]},{"i":{"x":[0.833],"y":[1]},"o":{"x":[0.333],"y":[0]},"t":150,"s":[-2]},{"i":{"x":[0.833],"y":[1]},"o":{"x":[0.167],"y":[0]},"t":160,"s":[1]},{"t":170,"s":[0]}],"ix":10},"p":{"a":1,"k":[{"i":{"x":0.397,"y":1},"o":{"x":0.333,"y":0},"t":20,"s":[377.155,13.971,0],"to":[0,0,0],"ti":[0,0,0]},{"i":{"x":0.397,"y":0.397},"o":{"x":1,"y":1},"t":30,"s":[377.155,-4.029,0],"to":[0,0,0],"ti":[0,0,0]},{"i":{"x":0.667,"y":1},"o":{"x":1,"y":0},"t":34,"s":[377.155,-4.029,0],"to":[0,0,0],"ti":[0,0,0]},{"i":{"x":0.667,"y":1},"o":{"x":0.167,"y":0},"t":48,"s":[357.155,339.971,0],"to":[0,0,0],"ti":[0,0,0]},{"i":{"x":0.667,"y":1},"o":{"x":0.167,"y":0},"t":58,"s":[357.155,309.971,0],"to":[0,0,0],"ti":[0,0,0]},{"i":{"x":0.667,"y":0.667},"o":{"x":0.167,"y":0.167},"t":66,"s":[357.155,319.971,0],"to":[0,0,0],"ti":[0,0,0]},{"i":{"x":0.667,"y":1},"o":{"x":0.167,"y":0},"t":90,"s":[357.155,319.971,0],"to":[0,0,0],"ti":[0,0,0]},{"i":{"x":0.667,"y":1},"o":{"x":0.167,"y":0},"t":102,"s":[377.155,-6.029,0],"to":[0,0,0],"ti":[0,0,0]},{"i":{"x":0.667,"y":1},"o":{"x":0.167,"y":0},"t":112,"s":[377.155,13.971,0],"to":[0,0,0],"ti":[0,0,0]},{"i":{"x":0.667,"y":1},"o":{"x":0.167,"y":0},"t":120,"s":[377.155,5.971,0],"to":[0,0,0],"ti":[0,0,0]},{"i":{"x":0.667,"y":0.667},"o":{"x":0.167,"y":0.167},"t":130,"s":[377.155,7.971,0],"to":[0,0,0],"ti":[0,0,0]},{"i":{"x":0.667,"y":1},"o":{"x":0.167,"y":0},"t":138,"s":[377.155,7.971,0],"to":[0,0,0],"ti":[0,0,0]},{"i":{"x":0.667,"y":1},"o":{"x":0.333,"y":0},"t":150,"s":[377.155,27.971,0],"to":[0,0,0],"ti":[0,0,0]},{"i":{"x":0.667,"y":1},"o":{"x":0.333,"y":0},"t":162,"s":[377.155,7.971,0],"to":[0,0,0],"ti":[0,0,0]},{"i":{"x":0.667,"y":1},"o":{"x":0.333,"y":0},"t":172,"s":[377.155,15.971,0],"to":[0,0,0],"ti":[0,0,0]},{"t":180,"s":[377.155,13.971,0]}],"ix":2,"l":2},"a":{"a":0,"k":[323.074,452.759,0],"ix":1,"l":2},"s":{"a":0,"k":[100,100,100],"ix":6,"l":2}},"ao":0,"shapes":[{"ty":"gr","it":[{"ind":0,"ty":"sh","ix":1,"ks":{"a":1,"k":[{"i":{"x":0.833,"y":0.833},"o":{"x":0.333,"y":0},"t":20,"s":[{"i":[[112.599,-218.461],[-204.641,-40.757],[54.967,461.59]],"o":[[-67.763,131.471],[182.239,36.295],[-34.704,-291.429]],"v":[[-242.783,-121.241],[-130.184,323.077],[279.857,-85.08]],"c":true}]},{"i":{"x":0.833,"y":0.833},"o":{"x":0.167,"y":0.167},"t":30,"s":[{"i":[[112.599,-218.461],[-204.641,-40.757],[54.967,461.59]],"o":[[-67.763,131.471],[182.239,36.295],[-34.704,-291.429]],"v":[[-242.783,-121.24],[-156.776,359.311],[279.857,-85.08]],"c":true}]},{"i":{"x":0.833,"y":0.833},"o":{"x":0.167,"y":0.167},"t":38,"s":[{"i":[[112.599,-218.461],[-221.23,-42.92],[54.967,461.59]],"o":[[-67.763,131.471],[302.545,58.696],[-34.704,-291.429]],"v":[[-242.783,-121.24],[-152.403,353.352],[279.857,-85.08]],"c":true}]},{"i":{"x":0.833,"y":0.833},"o":{"x":0.167,"y":0.167},"t":44,"s":[{"i":[[112.599,-218.461],[-218.897,-42.616],[54.967,461.59]],"o":[[-67.763,131.471],[285.627,55.545],[-34.704,-291.429]],"v":[[-242.783,-121.24],[-109.73,264.219],[279.857,-85.08]],"c":true}]},{"i":{"x":0.667,"y":1},"o":{"x":0.167,"y":0.167},"t":45,"s":[{"i":[[112.599,-218.461],[-218.565,-42.572],[38.194,324.103]],"o":[[-67.763,131.471],[283.218,55.097],[-34.349,-291.471]],"v":[[-242.783,-121.241],[-57.175,101.713],[279.857,-85.08]],"c":true}]},{"i":{"x":0.833,"y":0.833},"o":{"x":0.333,"y":0},"t":90,"s":[{"i":[[112.599,-218.461],[-204.641,-40.757],[54.967,461.59]],"o":[[-67.763,131.471],[182.239,36.295],[-34.704,-291.429]],"v":[[-242.783,-121.241],[-130.184,323.077],[279.857,-85.08]],"c":true}]},{"i":{"x":0.667,"y":1},"o":{"x":0.167,"y":0.167},"t":94,"s":[{"i":[[112.599,-218.461],[-204.641,-40.757],[54.967,461.59]],"o":[[-67.763,131.471],[182.239,36.295],[-34.704,-291.429]],"v":[[-239.709,-122.385],[-63.766,169.881],[279.857,-85.08]],"c":true}]},{"i":{"x":0.667,"y":1},"o":{"x":0.167,"y":0},"t":102,"s":[{"i":[[112.599,-218.461],[-204.641,-40.757],[54.967,461.59]],"o":[[-67.763,131.471],[182.239,36.295],[-34.704,-291.429]],"v":[[-230.929,-125.657],[-65.873,330.837],[279.857,-85.08]],"c":true}]},{"i":{"x":0.833,"y":0.833},"o":{"x":0.167,"y":0},"t":112,"s":[{"i":[[112.599,-218.461],[-204.641,-40.757],[54.967,461.59]],"o":[[-67.763,131.471],[182.239,36.295],[-34.704,-291.429]],"v":[[-230.929,-125.657],[-65.873,330.837],[279.857,-85.08]],"c":true}]},{"i":{"x":0.833,"y":1},"o":{"x":0.167,"y":0.167},"t":120,"s":[{"i":[[112.599,-218.461],[-204.641,-40.757],[54.967,461.59]],"o":[[-67.763,131.471],[182.239,36.295],[-34.704,-291.429]],"v":[[-230.929,-125.657],[-65.873,330.837],[279.857,-85.08]],"c":true}]},{"i":{"x":0.667,"y":1},"o":{"x":0.167,"y":0},"t":138,"s":[{"i":[[112.599,-218.461],[-204.641,-40.757],[54.967,461.59]],"o":[[-67.763,131.471],[182.239,36.295],[-34.704,-291.429]],"v":[[-230.929,-125.657],[-65.873,330.837],[279.857,-85.08]],"c":true}]},{"i":{"x":0.667,"y":1},"o":{"x":0.333,"y":0},"t":150,"s":[{"i":[[112.599,-218.461],[-204.641,-40.757],[54.967,461.59]],"o":[[-67.763,131.471],[182.239,36.295],[-34.704,-291.429]],"v":[[-242.783,-121.241],[-130.184,323.077],[279.857,-85.08]],"c":true}]},{"t":162,"s":[{"i":[[112.599,-218.461],[-204.641,-40.757],[54.967,461.59]],"o":[[-67.763,131.471],[182.239,36.295],[-34.704,-291.429]],"v":[[-242.783,-121.241],[-130.184,323.077],[279.857,-85.08]],"c":true}]}],"ix":2},"nm":"Path 1","mn":"ADBE Vector Shape - Group","hd":false},{"ty":"fl","c":{"a":0,"k":[1,0.725,0.011999999776,1],"ix":4},"o":{"a":0,"k":100,"ix":5},"r":1,"bm":0,"nm":"Fill 1","mn":"ADBE Vector Graphic - Fill","hd":false},{"ty":"tr","p":{"a":0,"k":[335.074,376.759],"ix":2},"a":{"a":0,"k":[0,0],"ix":1},"s":{"a":0,"k":[100,100],"ix":3},"r":{"a":0,"k":0,"ix":6},"o":{"a":0,"k":100,"ix":7},"sk":{"a":0,"k":0,"ix":4},"sa":{"a":0,"k":0,"ix":5},"nm":"Transform"}],"nm":"Group 1","np":2,"cix":2,"bm":0,"ix":1,"mn":"ADBE Vector Group","hd":false}],"ip":0,"op":208,"st":0,"bm":0},{"ddd":0,"ind":13,"ty":4,"nm":"egg 2","parent":6,"sr":1,"ks":{"o":{"a":0,"k":100,"ix":11},"r":{"a":0,"k":0,"ix":10},"p":{"a":0,"k":[382.05,115.047,0],"ix":2,"l":2},"a":{"a":0,"k":[327.97,118.406,0],"ix":1,"l":2},"s":{"a":0,"k":[100,100,100],"ix":6,"l":2}},"ao":0,"shapes":[{"ty":"gr","it":[{"ind":0,"ty":"sh","ix":1,"ks":{"a":0,"k":{"i":[[0,0],[0,0],[0,0],[0,0],[0,0],[0,0],[0,0],[0,0],[0,0],[0,0],[0,0]],"o":[[0,0],[0,0],[0,0],[0,0],[0,0],[0,0],[0,0],[0,0],[0,0],[0,0],[0,0]],"v":[[-327.72,-51.677],[-286.04,-118.156],[-157.812,-51.677],[-3.8,-116.884],[123.607,-40.836],[273.936,-103.507],[327.72,-55.036],[322.058,52.196],[121.365,118.156],[-185.841,69.356],[-327.72,-46.659]],"c":false},"ix":2},"nm":"Path 1","mn":"ADBE Vector Shape - Group","hd":false},{"ty":"fl","c":{"a":0,"k":[0.689999988032,0.694000004787,0.702000038297,1],"ix":4},"o":{"a":0,"k":100,"ix":5},"r":1,"bm":0,"nm":"Fill 1","mn":"ADBE Vector Graphic - Fill","hd":false},{"ty":"tr","p":{"a":0,"k":[327.97,118.407],"ix":2},"a":{"a":0,"k":[0,0],"ix":1},"s":{"a":0,"k":[100,100],"ix":3},"r":{"a":0,"k":0,"ix":6},"o":{"a":0,"k":100,"ix":7},"sk":{"a":0,"k":0,"ix":4},"sa":{"a":0,"k":0,"ix":5},"nm":"Transform"}],"nm":"Group 1","np":2,"cix":2,"bm":0,"ix":1,"mn":"ADBE Vector Group","hd":false}],"ip":0,"op":208,"st":0,"bm":0}],"markers":[{"tm":194,"cm":"rest","dr":0}]}