{"v":"5.8.1","fr":60,"ip":0,"op":102,"w":1024,"h":1024,"nm":"emoji_Magic wand","ddd":0,"assets":[],"layers":[{"ddd":0,"ind":1,"ty":4,"nm":"Shape Layer 6","sr":1,"ks":{"o":{"a":0,"k":100,"ix":11},"r":{"a":0,"k":0,"ix":10},"p":{"a":0,"k":[512,512,0],"ix":2,"l":2},"a":{"a":0,"k":[0,0,0],"ix":1,"l":2},"s":{"a":0,"k":[100,100,100],"ix":6,"l":2}},"ao":0,"shapes":[{"ty":"gr","it":[{"ind":0,"ty":"sh","ix":1,"ks":{"a":1,"k":[{"i":{"x":0.833,"y":0.833},"o":{"x":0.333,"y":0},"t":30,"s":[{"i":[[0,0],[294,558],[-102.323,65.133],[-65.931,8.791]],"o":[[30,100],[-46.965,-89.137],[46.827,-29.807],[0,0]],"v":[[-184,142],[-28,22],[74.955,-235.593],[246,-296]],"c":false}]},{"i":{"x":0.833,"y":0.833},"o":{"x":0.167,"y":0.167},"t":46,"s":[{"i":[[0,0],[534.939,645.616],[-196.983,-24.614],[-65.931,8.791]],"o":[[0,0],[-278.533,-336.161],[90.147,11.264],[0,0]],"v":[[-244,107.999],[-97.25,-5],[-7.551,-314.719],[246,-296]],"c":false}]},{"i":{"x":0.833,"y":0.833},"o":{"x":0.167,"y":0.167},"t":54,"s":[{"i":[[-75.557,-69.313],[518.377,544.031],[-206.527,-55.696],[-107,30]],"o":[[121,111.001],[-293,-307.5],[100.312,27.052],[0,0]],"v":[[-244,108],[-98,-1.5],[-27.473,-312.304],[253,-294]],"c":false}]},{"i":{"x":0.667,"y":1},"o":{"x":0.167,"y":0.167},"t":62,"s":[{"i":[[0,0],[426.484,614.244],[-215.849,-53.78],[-78.489,-43.326]],"o":[[0,0],[-218.161,-314.207],[98.78,24.612],[0,0]],"v":[[-218,117.999],[-80,-28],[98.641,-320.067],[382,-212]],"c":false}]},{"t":74,"s":[{"i":[[0,0],[472,580],[-173.45,-77.614],[124.955,-33.907]],"o":[[0,0],[-275.555,-338.606],[79.377,35.519],[0,0]],"v":[[-218,117.999],[-80,-28],[255.53,-274.076],[234,-156]],"c":false}]}],"ix":2},"nm":"Path 1","mn":"ADBE Vector Shape - Group","hd":false},{"ty":"tm","s":{"a":1,"k":[{"i":{"x":[0.833],"y":[0.889]},"o":{"x":[0.333],"y":[0]},"t":24,"s":[0]},{"i":{"x":[0.833],"y":[0.909]},"o":{"x":[0.167],"y":[0.19]},"t":30,"s":[30]},{"i":{"x":[0.667],"y":[1]},"o":{"x":[0.167],"y":[5.303]},"t":54,"s":[100]},{"t":74,"s":[100]}],"ix":1},"e":{"a":1,"k":[{"i":{"x":[0.684],"y":[0.303]},"o":{"x":[0.353],"y":[0]},"t":44,"s":[0]},{"i":{"x":[0.657],"y":[1]},"o":{"x":[0.353],"y":[0.319]},"t":54,"s":[12.769]},{"t":82,"s":[100]}],"ix":2},"o":{"a":0,"k":0,"ix":3},"m":1,"ix":2,"nm":"Trim Paths 1","mn":"ADBE Vector Filter - Trim","hd":false},{"ty":"st","c":{"a":0,"k":[0.992156922583,0.847058883368,0.207843152214,1],"ix":3},"o":{"a":0,"k":100,"ix":4},"w":{"a":0,"k":5,"ix":5},"lc":2,"lj":1,"ml":4,"bm":0,"nm":"Stroke 1","mn":"ADBE Vector Graphic - Stroke","hd":false},{"ty":"tr","p":{"a":0,"k":[0,0],"ix":2},"a":{"a":0,"k":[0,0],"ix":1},"s":{"a":0,"k":[100,100],"ix":3},"r":{"a":0,"k":0,"ix":6},"o":{"a":0,"k":100,"ix":7},"sk":{"a":0,"k":0,"ix":4},"sa":{"a":0,"k":0,"ix":5},"nm":"Transform"}],"nm":"Shape 1","np":4,"cix":2,"bm":0,"ix":1,"mn":"ADBE Vector Group","hd":false}],"ip":40,"op":102,"st":0,"bm":0},{"ddd":0,"ind":2,"ty":4,"nm":"Shape Layer 5","sr":1,"ks":{"o":{"a":0,"k":100,"ix":11},"r":{"a":0,"k":0,"ix":10},"p":{"a":0,"k":[512,512,0],"ix":2,"l":2},"a":{"a":0,"k":[0,0,0],"ix":1,"l":2},"s":{"a":0,"k":[100,100,100],"ix":6,"l":2}},"ao":0,"shapes":[{"ty":"gr","it":[{"ind":0,"ty":"sh","ix":1,"ks":{"a":1,"k":[{"i":{"x":0.833,"y":0.833},"o":{"x":0.333,"y":0},"t":30,"s":[{"i":[[0,0],[294,558],[-102.323,65.133],[-65.931,8.791]],"o":[[30,100],[-46.965,-89.137],[46.827,-29.807],[0,0]],"v":[[-184,142],[-28,22],[74.955,-235.593],[246,-296]],"c":false}]},{"i":{"x":0.833,"y":0.833},"o":{"x":0.167,"y":0.167},"t":46,"s":[{"i":[[0,0],[534.939,645.616],[-196.983,-24.614],[-65.931,8.791]],"o":[[0,0],[-278.533,-336.161],[90.147,11.264],[0,0]],"v":[[-244,107.999],[-94,-5],[-7.551,-314.719],[246,-296]],"c":false}]},{"i":{"x":0.833,"y":0.833},"o":{"x":0.167,"y":0.167},"t":54,"s":[{"i":[[-75.557,-69.313],[518.377,544.031],[-206.527,-55.696],[-107,30]],"o":[[121,111.001],[-293,-307.5],[100.312,27.052],[0,0]],"v":[[-244,108],[-95,-2.5],[-27.473,-312.304],[253,-294]],"c":false}]},{"i":{"x":0.667,"y":1},"o":{"x":0.167,"y":0.167},"t":62,"s":[{"i":[[0,0],[426.484,614.244],[-215.849,-53.78],[-78.489,-43.326]],"o":[[0,0],[-218.161,-314.207],[98.78,24.612],[0,0]],"v":[[-218,117.999],[-80,-28],[98.641,-320.067],[382,-212]],"c":false}]},{"t":74,"s":[{"i":[[0,0],[472,580],[-173.45,-77.614],[124.955,-33.907]],"o":[[0,0],[-275.555,-338.606],[79.377,35.519],[0,0]],"v":[[-218,117.999],[-80,-28],[255.53,-274.076],[234,-156]],"c":false}]}],"ix":2},"nm":"Path 1","mn":"ADBE Vector Shape - Group","hd":false},{"ty":"tm","s":{"a":1,"k":[{"i":{"x":[0.833],"y":[0.889]},"o":{"x":[0.333],"y":[0]},"t":24,"s":[0]},{"i":{"x":[0.833],"y":[0.909]},"o":{"x":[0.167],"y":[0.19]},"t":30,"s":[30]},{"i":{"x":[0.667],"y":[1]},"o":{"x":[0.167],"y":[5.303]},"t":54,"s":[100]},{"t":74,"s":[100]}],"ix":1},"e":{"a":1,"k":[{"i":{"x":[0.684],"y":[0.303]},"o":{"x":[0.353],"y":[0]},"t":44,"s":[0]},{"i":{"x":[0.657],"y":[1]},"o":{"x":[0.353],"y":[0.319]},"t":54,"s":[12.769]},{"t":82,"s":[100]}],"ix":2},"o":{"a":0,"k":0,"ix":3},"m":1,"ix":2,"nm":"Trim Paths 1","mn":"ADBE Vector Filter - Trim","hd":false},{"ty":"st","c":{"a":0,"k":[0.992156862745,0.847058823529,0.207843137255,1],"ix":3},"o":{"a":0,"k":100,"ix":4},"w":{"a":0,"k":5,"ix":5},"lc":2,"lj":1,"ml":4,"bm":0,"nm":"Stroke 1","mn":"ADBE Vector Graphic - Stroke","hd":false},{"ty":"tr","p":{"a":0,"k":[0,0],"ix":2},"a":{"a":0,"k":[0,0],"ix":1},"s":{"a":0,"k":[100,100],"ix":3},"r":{"a":0,"k":0,"ix":6},"o":{"a":0,"k":100,"ix":7},"sk":{"a":0,"k":0,"ix":4},"sa":{"a":0,"k":0,"ix":5},"nm":"Transform"}],"nm":"Shape 1","np":4,"cix":2,"bm":0,"ix":1,"mn":"ADBE Vector Group","hd":false}],"ip":40,"op":102,"st":0,"bm":0},{"ddd":0,"ind":3,"ty":4,"nm":"Shape Layer 4","sr":1,"ks":{"o":{"a":0,"k":100,"ix":11},"r":{"a":0,"k":0,"ix":10},"p":{"a":0,"k":[512,512,0],"ix":2,"l":2},"a":{"a":0,"k":[0,0,0],"ix":1,"l":2},"s":{"a":0,"k":[100,100,100],"ix":6,"l":2}},"ao":0,"shapes":[{"ty":"gr","it":[{"ind":0,"ty":"sh","ix":1,"ks":{"a":1,"k":[{"i":{"x":0.833,"y":0.833},"o":{"x":0.333,"y":0},"t":30,"s":[{"i":[[0,0],[294,558],[-102.323,65.133],[-65.931,8.791]],"o":[[30,100],[-46.965,-89.137],[46.827,-29.807],[0,0]],"v":[[-184,142],[-28,22],[74.955,-235.593],[246,-296]],"c":false}]},{"i":{"x":0.833,"y":0.833},"o":{"x":0.167,"y":0.167},"t":46,"s":[{"i":[[0,0],[534.939,645.616],[-196.983,-24.614],[-65.931,8.791]],"o":[[0,0],[-278.533,-336.161],[90.147,11.264],[0,0]],"v":[[-244,107.999],[-85,-4],[-7.551,-314.719],[246,-296]],"c":false}]},{"i":{"x":0.833,"y":0.833},"o":{"x":0.167,"y":0.167},"t":54,"s":[{"i":[[-75.557,-69.313],[520.5,542],[-201.027,-52.696],[-107,30]],"o":[[121,111],[-296.887,-309.15],[100.5,26.344],[0,0]],"v":[[-244,108],[-87.5,-6],[-22.473,-307.804],[253,-294]],"c":false}]},{"i":{"x":0.667,"y":1},"o":{"x":0.167,"y":0.167},"t":62,"s":[{"i":[[0,0],[426.484,614.244],[-215.849,-53.78],[-78.489,-43.326]],"o":[[0,0],[-218.161,-314.207],[98.781,24.612],[0,0]],"v":[[-218,117.999],[-79,-28],[95.641,-327.067],[382,-212]],"c":false}]},{"t":74,"s":[{"i":[[0,0],[472,580],[-173.45,-77.614],[124.955,-33.907]],"o":[[0,0],[-275.555,-338.606],[79.377,35.519],[0,0]],"v":[[-218,117.999],[-80,-28],[255.53,-274.076],[234,-156]],"c":false}]}],"ix":2},"nm":"Path 1","mn":"ADBE Vector Shape - Group","hd":false},{"ty":"tm","s":{"a":1,"k":[{"i":{"x":[0.833],"y":[0.889]},"o":{"x":[0.333],"y":[0]},"t":24,"s":[0]},{"i":{"x":[0.833],"y":[0.909]},"o":{"x":[0.167],"y":[0.19]},"t":30,"s":[30]},{"i":{"x":[0.667],"y":[1]},"o":{"x":[0.167],"y":[5.303]},"t":54,"s":[100]},{"t":74,"s":[100]}],"ix":1},"e":{"a":1,"k":[{"i":{"x":[0.684],"y":[0.303]},"o":{"x":[0.353],"y":[0]},"t":44,"s":[0]},{"i":{"x":[0.657],"y":[1]},"o":{"x":[0.353],"y":[0.319]},"t":54,"s":[12.769]},{"t":82,"s":[100]}],"ix":2},"o":{"a":0,"k":0,"ix":3},"m":1,"ix":2,"nm":"Trim Paths 1","mn":"ADBE Vector Filter - Trim","hd":false},{"ty":"st","c":{"a":0,"k":[0.992156862745,0.847058823529,0.207843137255,1],"ix":3},"o":{"a":0,"k":100,"ix":4},"w":{"a":0,"k":5,"ix":5},"lc":2,"lj":1,"ml":4,"bm":0,"nm":"Stroke 1","mn":"ADBE Vector Graphic - Stroke","hd":false},{"ty":"tr","p":{"a":0,"k":[0,0],"ix":2},"a":{"a":0,"k":[0,0],"ix":1},"s":{"a":0,"k":[100,100],"ix":3},"r":{"a":0,"k":0,"ix":6},"o":{"a":0,"k":100,"ix":7},"sk":{"a":0,"k":0,"ix":4},"sa":{"a":0,"k":0,"ix":5},"nm":"Transform"}],"nm":"Shape 1","np":4,"cix":2,"bm":0,"ix":1,"mn":"ADBE Vector Group","hd":false}],"ip":40,"op":102,"st":0,"bm":0},{"ddd":0,"ind":4,"ty":4,"nm":"Shape Layer 3","sr":1,"ks":{"o":{"a":0,"k":100,"ix":11},"r":{"a":0,"k":0,"ix":10},"p":{"a":0,"k":[512,512,0],"ix":2,"l":2},"a":{"a":0,"k":[0,0,0],"ix":1,"l":2},"s":{"a":0,"k":[100,100,100],"ix":6,"l":2}},"ao":0,"shapes":[{"ty":"gr","it":[{"ind":0,"ty":"sh","ix":1,"ks":{"a":1,"k":[{"i":{"x":0.833,"y":0.833},"o":{"x":0.333,"y":0},"t":30,"s":[{"i":[[0,0],[294,558],[-102.323,65.133],[-65.931,8.791]],"o":[[30,100],[-46.965,-89.137],[46.827,-29.807],[0,0]],"v":[[-184,142],[-28,22],[74.955,-235.593],[246,-296]],"c":false}]},{"i":{"x":0.833,"y":0.833},"o":{"x":0.167,"y":0.167},"t":46,"s":[{"i":[[0,0],[534.939,645.616],[-196.983,-24.614],[-65.931,8.791]],"o":[[0,0],[-278.533,-336.161],[90.147,11.264],[0,0]],"v":[[-244,107.999],[-88,-4],[-7.551,-314.719],[246,-296]],"c":false}]},{"i":{"x":0.833,"y":0.833},"o":{"x":0.167,"y":0.167},"t":54,"s":[{"i":[[-75.557,-69.313],[519.11,543.663],[-206.527,-55.696],[-107,30]],"o":[[121,111],[-296,-310],[100.312,27.052],[0,0]],"v":[[-244,108],[-91,-4],[-20.473,-310.304],[253,-294]],"c":false}]},{"i":{"x":0.667,"y":1},"o":{"x":0.167,"y":0.167},"t":62,"s":[{"i":[[0,0],[426.484,614.244],[-215.849,-53.78],[-78.489,-43.326]],"o":[[0,0],[-218.161,-314.207],[98.78,24.612],[0,0]],"v":[[-218,117.999],[-80,-28],[98.641,-323.067],[382,-212]],"c":false}]},{"t":74,"s":[{"i":[[0,0],[472,580],[-173.45,-77.614],[124.955,-33.907]],"o":[[0,0],[-275.555,-338.606],[79.377,35.519],[0,0]],"v":[[-218,117.999],[-80,-28],[255.53,-274.076],[234,-156]],"c":false}]}],"ix":2},"nm":"Path 1","mn":"ADBE Vector Shape - Group","hd":false},{"ty":"tm","s":{"a":1,"k":[{"i":{"x":[0.833],"y":[0.889]},"o":{"x":[0.333],"y":[0]},"t":24,"s":[0]},{"i":{"x":[0.833],"y":[0.909]},"o":{"x":[0.167],"y":[0.19]},"t":30,"s":[30]},{"i":{"x":[0.667],"y":[1]},"o":{"x":[0.167],"y":[5.303]},"t":54,"s":[100]},{"t":74,"s":[100]}],"ix":1},"e":{"a":1,"k":[{"i":{"x":[0.684],"y":[-0.045]},"o":{"x":[0.353],"y":[0]},"t":39,"s":[0]},{"i":{"x":[0.657],"y":[1]},"o":{"x":[0.353],"y":[0.319]},"t":54,"s":[12.769]},{"t":82,"s":[100]}],"ix":2},"o":{"a":0,"k":0,"ix":3},"m":1,"ix":2,"nm":"Trim Paths 1","mn":"ADBE Vector Filter - Trim","hd":false},{"ty":"st","c":{"a":0,"k":[0.992156862745,0.847058823529,0.207843137255,1],"ix":3},"o":{"a":0,"k":100,"ix":4},"w":{"a":0,"k":5,"ix":5},"lc":2,"lj":1,"ml":4,"bm":0,"nm":"Stroke 1","mn":"ADBE Vector Graphic - Stroke","hd":false},{"ty":"tr","p":{"a":0,"k":[0,0],"ix":2},"a":{"a":0,"k":[0,0],"ix":1},"s":{"a":0,"k":[100,100],"ix":3},"r":{"a":0,"k":0,"ix":6},"o":{"a":0,"k":100,"ix":7},"sk":{"a":0,"k":0,"ix":4},"sa":{"a":0,"k":0,"ix":5},"nm":"Transform"}],"nm":"Shape 1","np":4,"cix":2,"bm":0,"ix":1,"mn":"ADBE Vector Group","hd":false}],"ip":40,"op":102,"st":0,"bm":0},{"ddd":0,"ind":5,"ty":4,"nm":"star","sr":1,"ks":{"o":{"a":0,"k":100,"ix":11},"r":{"a":1,"k":[{"i":{"x":[0.833],"y":[0.833]},"o":{"x":[0.167],"y":[0.167]},"t":36,"s":[-84]},{"i":{"x":[0.667],"y":[1]},"o":{"x":[0.167],"y":[0.167]},"t":54,"s":[0]},{"t":84,"s":[85]}],"ix":10},"p":{"a":1,"k":[{"i":{"x":0.65,"y":0.787},"o":{"x":0.313,"y":0},"t":30,"s":[414.4,338.108,0],"to":[-9.143,-11.188,0],"ti":[8.958,8.659,0]},{"i":{"x":0.833,"y":0.833},"o":{"x":0.378,"y":0.161},"t":34,"s":[488.009,428.016,0],"to":[-443.599,-428.815,0],"ti":[-122.021,-62.258,0]},{"i":{"x":0.833,"y":0.833},"o":{"x":0.167,"y":0.167},"t":54,"s":[870.4,158.108,0],"to":[176.354,89.98,0],"ti":[-1,-1.667,0]},{"t":72,"s":[828.4,388.108,0]}],"ix":2,"l":2},"a":{"a":0,"k":[120.49,127.741,0],"ix":1,"l":2},"s":{"a":1,"k":[{"i":{"x":[0.833,0.833,0.833],"y":[0.833,0.833,-0.515]},"o":{"x":[0.333,0.333,0.333],"y":[0,0,0]},"t":34,"s":[10,10,100]},{"i":{"x":[0.833,0.833,0.833],"y":[0.833,0.833,0.833]},"o":{"x":[0.167,0.167,0.167],"y":[0.167,0.167,0.167]},"t":54,"s":[100,100,100]},{"t":72,"s":[0,0,100]}],"ix":6,"l":2}},"ao":0,"shapes":[{"ty":"gr","it":[{"ty":"gr","it":[{"ind":0,"ty":"sh","ix":1,"ks":{"a":0,"k":{"i":[[-0.229,-2.519],[0,0],[0.88,-0.88],[0,0],[-3.12,-0.24],[0,0],[-0.32,-1.44],[0,0],[-1.76,3.12],[0,0],[-1.36,0.08],[0,0],[2.16,2.24],[0,0],[-0.8,1.44],[0,0],[3.36,-1.52],[0,0],[1.04,0.96],[0,0],[0.863,0]],"o":[[0,0],[0.16,1.2],[0,0],[-2.4,2.32],[0,0],[1.52,0.161],[0,0],[0.721,3.28],[0,0],[0.72,-1.28],[0,0],[3.28,-0.16],[0,0],[-1.04,-1.12],[0,0],[1.76,-3.2],[0,0],[-1.44,0.56],[0,0],[-0.705,-0.683],[-2.172,0]],"v":[[-66.4,-123.069],[-55.44,-30.428],[-56.64,-27.148],[-117.84,19.892],[-115.92,26.212],[-42.72,38.131],[-39.6,40.772],[-30.48,123.892],[-23.52,124.371],[23.12,39.012],[26.48,36.852],[115.12,52.452],[118.08,46.051],[45.84,-24.028],[45.44,-28.348],[78.8,-89.788],[74.24,-94.828],[6.8,-64.908],[2.72,-65.548],[-59.84,-126.509],[-62.269,-127.491]],"c":true},"ix":2},"nm":"Path 2","mn":"ADBE Vector Shape - Group","hd":false},{"ty":"tr","p":{"a":0,"k":[0,0],"ix":2},"a":{"a":0,"k":[0,0],"ix":1},"s":{"a":0,"k":[100,100],"ix":3},"r":{"a":0,"k":0,"ix":6},"o":{"a":0,"k":100,"ix":7},"sk":{"a":0,"k":0,"ix":4},"sa":{"a":0,"k":0,"ix":5},"nm":"Transform"}],"nm":"Group 1","np":1,"cix":2,"bm":0,"ix":1,"mn":"ADBE Vector Group","hd":false},{"ty":"gf","o":{"a":0,"k":100,"ix":10},"r":1,"bm":0,"g":{"p":3,"k":{"a":0,"k":[0.343,1,0.922,0.231,0.671,0.992,0.837,0.204,1,0.984,0.753,0.176],"ix":9}},"s":{"a":0,"k":[-4,0],"ix":5},"e":{"a":0,"k":[-32,124],"ix":6},"t":2,"h":{"a":0,"k":0,"ix":7},"a":{"a":0,"k":0,"ix":8},"nm":"Gradient Fill 1","mn":"ADBE Vector Graphic - G-Fill","hd":false},{"ty":"tr","p":{"a":0,"k":[120.49,127.741],"ix":2},"a":{"a":0,"k":[0,0],"ix":1},"s":{"a":0,"k":[100,100],"ix":3},"r":{"a":0,"k":0,"ix":6},"o":{"a":0,"k":100,"ix":7},"sk":{"a":0,"k":0,"ix":4},"sa":{"a":0,"k":0,"ix":5},"nm":"Transform"}],"nm":"Group 1","np":2,"cix":2,"bm":0,"ix":1,"mn":"ADBE Vector Group","hd":false}],"ip":34,"op":102,"st":0,"bm":0},{"ddd":0,"ind":6,"ty":4,"nm":"star","sr":1,"ks":{"o":{"a":0,"k":100,"ix":11},"r":{"a":1,"k":[{"i":{"x":[0.833],"y":[0.833]},"o":{"x":[0.167],"y":[0.167]},"t":40,"s":[-38]},{"i":{"x":[0.833],"y":[0.833]},"o":{"x":[0.167],"y":[0.167]},"t":54,"s":[0]},{"t":90,"s":[61]}],"ix":10},"p":{"a":1,"k":[{"i":{"x":0.833,"y":0.821},"o":{"x":0.333,"y":0},"t":40,"s":[429.533,232.599,0],"to":[24.092,-4.469,0],"ti":[-61.389,57.474,0]},{"i":{"x":0.667,"y":1},"o":{"x":0.167,"y":0.159},"t":54,"s":[568.32,196.577,0],"to":[65.944,-61.739,0],"ti":[-2,0.667,0]},{"t":76,"s":[822.32,150.577,0]}],"ix":2,"l":2},"a":{"a":0,"k":[104.25,95.113,0],"ix":1,"l":2},"s":{"a":1,"k":[{"i":{"x":[0.833,0.833,0.833],"y":[1.014,1.014,7.14]},"o":{"x":[0.333,0.333,0.333],"y":[0,0,0]},"t":40,"s":[19,19,100]},{"i":{"x":[0.833,0.833,0.833],"y":[0.833,0.833,17.667]},"o":{"x":[0.167,0.167,0.167],"y":[0.02,0.02,-10.526]},"t":54,"s":[100,100,100]},{"t":78,"s":[0,0,100]}],"ix":6,"l":2}},"ao":0,"shapes":[{"ty":"gr","it":[{"ty":"gr","it":[{"ind":0,"ty":"sh","ix":1,"ks":{"a":0,"k":{"i":[[0.808,-0.809],[0,0],[1.36,0.64],[0,0],[-1.44,-3.36],[0,0],[1.2,-1.119],[0,0],[-3.76,0.319],[0,0],[-0.72,-1.36],[0,0],[-0.96,3.44],[0,0],[-1.04,0.48],[0,0],[4,0.48],[0,0],[-0.24,2.16],[0,0],[2.2,0]],"o":[[0,0],[-1.2,1.2],[0,0],[-3.36,-1.599],[0,0],[0.64,1.52],[0,0],[-2.64,2.56],[0,0],[1.6,-0.079],[0,0],[1.68,3.12],[0,0],[0.32,-1.12],[0,0],[3.76,-1.68],[0,0],[-2.24,-0.239],[0,0],[0.277,-2.609],[-0.971,0]],"v":[[26.48,-93.697],[-21.36,-46.017],[-25.68,-45.137],[-76,-68.658],[-81.36,-63.457],[-59.84,-14.257],[-60.72,-9.777],[-101.36,29.824],[-98.24,36.624],[-36.96,31.663],[-33.12,33.743],[-1.2,91.743],[6.08,90.944],[26.72,20.143],[28.88,17.583],[100.24,-14.337],[99.12,-21.936],[30.64,-30.097],[27.12,-34.496],[33.28,-90.417],[29.248,-94.863]],"c":true},"ix":2},"nm":"Path 2","mn":"ADBE Vector Shape - Group","hd":false},{"ty":"tr","p":{"a":0,"k":[0,0],"ix":2},"a":{"a":0,"k":[0,0],"ix":1},"s":{"a":0,"k":[100,100],"ix":3},"r":{"a":0,"k":0,"ix":6},"o":{"a":0,"k":100,"ix":7},"sk":{"a":0,"k":0,"ix":4},"sa":{"a":0,"k":0,"ix":5},"nm":"Transform"}],"nm":"Group 1","np":1,"cix":2,"bm":0,"ix":1,"mn":"ADBE Vector Group","hd":false},{"ty":"gf","o":{"a":0,"k":100,"ix":10},"r":1,"bm":0,"g":{"p":3,"k":{"a":0,"k":[0.343,1,0.922,0.231,0.671,0.992,0.837,0.204,1,0.984,0.753,0.176],"ix":9}},"s":{"a":0,"k":[26.5,-11],"ix":5},"e":{"a":0,"k":[115.5,-20.5],"ix":6},"t":2,"h":{"a":0,"k":0,"ix":7},"a":{"a":0,"k":0,"ix":8},"nm":"Gradient Fill 1","mn":"ADBE Vector Graphic - G-Fill","hd":false},{"ty":"tr","p":{"a":0,"k":[104.25,95.113],"ix":2},"a":{"a":0,"k":[0,0],"ix":1},"s":{"a":0,"k":[100,100],"ix":3},"r":{"a":0,"k":0,"ix":6},"o":{"a":0,"k":100,"ix":7},"sk":{"a":0,"k":0,"ix":4},"sa":{"a":0,"k":0,"ix":5},"nm":"Transform"}],"nm":"Group 1","np":2,"cix":2,"bm":0,"ix":1,"mn":"ADBE Vector Group","hd":false}],"ip":40,"op":78,"st":0,"bm":0},{"ddd":0,"ind":7,"ty":4,"nm":"star","sr":1,"ks":{"o":{"a":0,"k":100,"ix":11},"r":{"a":1,"k":[{"i":{"x":[0.833],"y":[0.833]},"o":{"x":[0.167],"y":[0.167]},"t":38,"s":[-149]},{"i":{"x":[0.667],"y":[1]},"o":{"x":[0.167],"y":[0.167]},"t":54,"s":[0]},{"t":78,"s":[-123]}],"ix":10},"p":{"a":1,"k":[{"i":{"x":0.833,"y":0.833},"o":{"x":0.167,"y":0.167},"t":38,"s":[475.24,408.903,0],"to":[19.627,10.246,0],"ti":[-45.403,29.232,0]},{"i":{"x":0.833,"y":0.833},"o":{"x":0.167,"y":0.167},"t":44,"s":[461.866,290.654,0],"to":[72.049,-46.388,0],"ti":[-17.824,-28.156,0]},{"i":{"x":0.833,"y":0.833},"o":{"x":0.167,"y":0.167},"t":54,"s":[770.24,562.903,0],"to":[49.167,77.667,0],"ti":[-1.744,0.858,0]},{"i":{"x":0.833,"y":0.833},"o":{"x":0.167,"y":0.167},"t":62,"s":[908.49,616.403,0],"to":[88.417,-43.5,0],"ti":[-1,0.667,0]},{"t":76,"s":[898.24,424.903,0]}],"ix":2,"l":2},"a":{"a":0,"k":[70.25,69.187,0],"ix":1,"l":2},"s":{"a":1,"k":[{"i":{"x":[0.667,0.667,0.667],"y":[1,1,1]},"o":{"x":[0.167,0.167,0.167],"y":[0.167,0.167,0.98]},"t":38,"s":[16,16,100]},{"i":{"x":[0.833,0.833,0.833],"y":[1,1,1]},"o":{"x":[0.333,0.333,0.333],"y":[0,0,0]},"t":54,"s":[100,100,100]},{"t":78,"s":[0,0,100]}],"ix":6,"l":2}},"ao":0,"shapes":[{"ty":"gr","it":[{"ty":"gr","it":[{"ind":0,"ty":"sh","ix":1,"ks":{"a":0,"k":{"i":[[0.542,-0.412],[0,0],[0.96,0.48],[0,0],[-0.88,-2.321],[0,0],[0.72,-0.8],[0,0],[-2.48,0.08],[0,0],[-0.48,-0.96],[0,0],[-0.56,2.561],[0,0],[-1.12,0.24],[0,0],[2.16,1.359],[0,0],[-0.08,1.039],[0,0],[1.55,0]],"o":[[0,0],[-0.8,0.638],[0,0],[-2.32,-1.12],[0,0],[0.4,1.041],[0,0],[-1.52,1.92],[0,0],[1.04,0],[0,0],[1.279,2.321],[0,0],[0.24,-1.12],[0,0],[2.56,-0.481],[0,0],[-0.96,-0.56],[0,0],[0.117,-1.75],[-0.576,0]],"v":[[29.279,-68.343],[-8.72,-39.622],[-11.6,-39.303],[-49.52,-56.823],[-53.44,-53.223],[-37.28,-14.663],[-37.76,-11.703],[-68.48,25.017],[-66.16,29.737],[-18.48,28.217],[-15.92,29.737],[4.24,66.616],[9.52,65.897],[19.2,23.097],[21.44,20.937],[66.88,11.578],[67.84,6.377],[31.6,-16.023],[30.24,-18.662],[33.84,-65.863],[30.992,-68.937]],"c":true},"ix":2},"nm":"Path 2","mn":"ADBE Vector Shape - Group","hd":false},{"ty":"tr","p":{"a":0,"k":[0,0],"ix":2},"a":{"a":0,"k":[0,0],"ix":1},"s":{"a":0,"k":[100,100],"ix":3},"r":{"a":0,"k":0,"ix":6},"o":{"a":0,"k":100,"ix":7},"sk":{"a":0,"k":0,"ix":4},"sa":{"a":0,"k":0,"ix":5},"nm":"Transform"}],"nm":"Group 1","np":1,"cix":2,"bm":0,"ix":1,"mn":"ADBE Vector Group","hd":false},{"ty":"gf","o":{"a":0,"k":100,"ix":10},"r":1,"bm":0,"g":{"p":3,"k":{"a":0,"k":[0.343,1,0.922,0.231,0.671,0.992,0.837,0.204,1,0.984,0.753,0.176],"ix":9}},"s":{"a":0,"k":[12,-35],"ix":5},"e":{"a":0,"k":[118,-78],"ix":6},"t":2,"h":{"a":0,"k":0,"ix":7},"a":{"a":0,"k":0,"ix":8},"nm":"Gradient Fill 1","mn":"ADBE Vector Graphic - G-Fill","hd":false},{"ty":"tr","p":{"a":0,"k":[70.25,69.187],"ix":2},"a":{"a":0,"k":[0,0],"ix":1},"s":{"a":0,"k":[100,100],"ix":3},"r":{"a":0,"k":0,"ix":6},"o":{"a":0,"k":100,"ix":7},"sk":{"a":0,"k":0,"ix":4},"sa":{"a":0,"k":0,"ix":5},"nm":"Transform"}],"nm":"Group 1","np":2,"cix":2,"bm":0,"ix":1,"mn":"ADBE Vector Group","hd":false}],"ip":38,"op":102,"st":0,"bm":0},{"ddd":0,"ind":8,"ty":4,"nm":"light","parent":10,"sr":1,"ks":{"o":{"a":1,"k":[{"i":{"x":[0],"y":[1]},"o":{"x":[0.167],"y":[0]},"t":38,"s":[0]},{"i":{"x":[0.833],"y":[1]},"o":{"x":[1],"y":[0]},"t":54,"s":[85]},{"t":82,"s":[0]}],"ix":11},"r":{"a":0,"k":0,"ix":10},"p":{"a":0,"k":[487.191,298.087,0],"ix":2,"l":2},"a":{"a":0,"k":[297.805,297.772,0],"ix":1,"l":2},"s":{"a":0,"k":[100,100,100],"ix":6,"l":2}},"ao":0,"shapes":[{"ty":"gr","it":[{"ty":"gr","it":[{"ind":0,"ty":"sh","ix":1,"ks":{"a":0,"k":{"i":[[0,0],[0,0],[-13.68,-13.6],[-6,6.08],[0,0],[19.2,18.64]],"o":[[0,0],[-6.08,6.08],[13.68,13.68],[0,0],[0,0],[-19.2,-18.64]],"v":[[248.058,-297.611],[-295.462,245.988],[-281.702,281.668],[-246.021,295.428],[297.578,-248.171],[281.738,-281.852]],"c":true},"ix":2},"nm":"Path 4","mn":"ADBE Vector Shape - Group","hd":false},{"ty":"tr","p":{"a":0,"k":[0,0],"ix":2},"a":{"a":0,"k":[0,0],"ix":1},"s":{"a":0,"k":[100,100],"ix":3},"r":{"a":0,"k":0,"ix":6},"o":{"a":0,"k":100,"ix":7},"sk":{"a":0,"k":0,"ix":4},"sa":{"a":0,"k":0,"ix":5},"nm":"Transform"}],"nm":"Group 1","np":1,"cix":2,"bm":0,"ix":1,"mn":"ADBE Vector Group","hd":false},{"ty":"gf","o":{"a":0,"k":100,"ix":10},"r":1,"bm":0,"g":{"p":3,"k":{"a":0,"k":[0,0.98,0.855,0.502,0.5,0.98,0.855,0.502,1,0.98,0.855,0.502,0,0,0.5,0.5,1,1],"ix":9}},"s":{"a":0,"k":[0,0],"ix":5},"e":{"a":0,"k":[342,-342],"ix":6},"t":1,"nm":"Gradient Fill 1","mn":"ADBE Vector Graphic - G-Fill","hd":false},{"ty":"tr","p":{"a":0,"k":[297.805,297.772],"ix":2},"a":{"a":0,"k":[0,0],"ix":1},"s":{"a":0,"k":[100,100],"ix":3},"r":{"a":0,"k":0,"ix":6},"o":{"a":0,"k":100,"ix":7},"sk":{"a":0,"k":0,"ix":4},"sa":{"a":0,"k":0,"ix":5},"nm":"Transform"}],"nm":"Group 1","np":2,"cix":2,"bm":0,"ix":1,"mn":"ADBE Vector Group","hd":false}],"ip":0,"op":102,"st":0,"bm":0},{"ddd":0,"ind":9,"ty":4,"nm":"Layer 6 Outlines","sr":1,"ks":{"o":{"a":0,"k":100,"ix":11},"r":{"a":0,"k":0,"ix":10},"p":{"a":0,"k":[327.84,403.992,0],"ix":2,"l":2},"a":{"a":0,"k":[214.65,200.578,0],"ix":1,"l":2},"s":{"a":0,"k":[100,100,100],"ix":6,"l":2}},"ao":0,"shapes":[{"ty":"gr","it":[{"ty":"gr","it":[{"ind":0,"ty":"sh","ix":1,"ks":{"a":1,"k":[{"i":{"x":0.833,"y":0.833},"o":{"x":0.167,"y":0.167},"t":26,"s":[{"i":[[-1.665,-2.866],[-2.282,-1.073],[-1.495,-0.762],[2.065,3.235],[2.316,1.858],[2.736,1.676]],"o":[[2.077,3.576],[2.282,1.073],[-1.112,-1.185],[-0.728,-1.427],[-1.644,-1.319],[1.281,4.563]],"v":[[209.603,284.99],[216.922,291.248],[224.12,293.328],[220.691,283.982],[215.21,278.342],[206.16,274.008]],"c":true}]},{"i":{"x":0.833,"y":0.833},"o":{"x":0.167,"y":0.167},"t":32,"s":[{"i":[[-8.895,-9.917],[-10.71,-6.676],[-6.905,-2.893],[9.54,12.278],[10.698,7.051],[12.64,6.36]],"o":[[12.846,14.322],[9.591,5.979],[-5.137,-4.497],[-3.363,-5.416],[-7.595,-5.006],[5.918,17.318]],"v":[[153.814,247.436],[187.37,272.934],[215.12,284.328],[192.78,252.859],[167.462,231.457],[132.16,211.008]],"c":true}]},{"i":{"x":0.833,"y":0.833},"o":{"x":0.167,"y":0.167},"t":40,"s":[{"i":[[-17.983,-17.135],[-23.796,-12.613],[-18.723,-7.588],[18.007,15.285],[30.147,25.354],[34.275,16.683]],"o":[[25.374,24.179],[26.966,14.293],[-13.929,-11.796],[-18.007,-15.285],[-28.529,-23.993],[16.048,45.426]],"v":[[26.786,160.329],[106.956,214.621],[187.62,246.828],[124.667,189.793],[57.013,132.154],[-42.84,68.008]],"c":true}]},{"i":{"x":0.833,"y":0.833},"o":{"x":0.167,"y":0.167},"t":42,"s":[{"i":[[-21.74,-26.589],[-35.654,-25.44],[-23.146,-10.481],[25.022,24.69],[26.753,27.318],[9.918,22.554]],"o":[[26.667,31.284],[33.251,22.114],[-17.22,-16.294],[-25.525,-25.25],[-34.104,-39.602],[-17.05,45.505]],"v":[[-27.507,105.724],[72.21,186.355],[180.501,244.28],[83.147,155.032],[2.814,75.379],[-66.758,-16.546]],"c":true}]},{"i":{"x":0.833,"y":0.833},"o":{"x":0.167,"y":0.167},"t":44,"s":[{"i":[[-25.497,-36.043],[-47.512,-38.267],[-27.568,-13.374],[32.038,34.095],[23.359,29.282],[4.466,18.439]],"o":[[27.96,38.39],[39.535,29.935],[-20.51,-20.792],[-33.043,-35.214],[-39.679,-55.211],[-23.164,51.109]],"v":[[-81.8,51.118],[37.464,158.088],[173.382,241.733],[41.627,120.27],[-51.386,18.604],[-113.676,-95.101]],"c":true}]},{"i":{"x":0.833,"y":0.833},"o":{"x":0.167,"y":0.167},"t":46,"s":[{"i":[[-29.254,-45.496],[-59.369,-51.093],[-31.99,-16.267],[39.053,43.5],[19.966,31.245],[-0.986,14.324]],"o":[[29.254,45.496],[45.82,37.757],[-23.8,-25.289],[-40.56,-45.179],[-45.255,-70.82],[-83.246,45.663]],"v":[[-136.094,-3.488],[2.718,129.821],[166.263,239.185],[0.107,85.508],[-105.585,-38.172],[-114.594,-185.655]],"c":true}]},{"i":{"x":0.833,"y":0.833},"o":{"x":0.167,"y":0.167},"t":48,"s":[{"i":[[-29.254,-45.496],[-59.369,-51.093],[-31.99,-16.267],[39.053,43.5],[10.092,35.68],[-52.246,11.663]],"o":[[29.254,45.496],[45.82,37.757],[-23.8,-25.289],[-40.56,-45.179],[-26.255,-92.82],[-148.246,-14.337]],"v":[[-155.094,-26.488],[-14.282,114.821],[154.263,231.185],[-10.893,75.508],[-101.585,-52.172],[-61.594,-193.655]],"c":true}]},{"i":{"x":0.833,"y":0.833},"o":{"x":0.167,"y":0.167},"t":49,"s":[{"i":[[16.88,-73.648],[-53.985,-52.823],[-36.413,-19.161],[46.45,62.165],[-30.222,39.621],[-39.744,7.717]],"o":[[-18.466,80.565],[47.211,46.155],[-27.09,-29.787],[-36.47,-46.914],[23.252,-30.483],[-91.244,-30.283]],"v":[[-175.22,-136.344],[-73.362,60.138],[146.227,225.221],[-44.08,37.413],[-109.618,-136.613],[-1.596,-166.709]],"c":true}]},{"i":{"x":0.833,"y":0.833},"o":{"x":0.167,"y":0.167},"t":50,"s":[{"i":[[74.493,-25.708],[-48.601,-54.553],[-40.835,-22.054],[53.847,80.83],[-101.579,-15.904],[-27.243,3.771]],"o":[[-74.493,25.708],[48.601,54.553],[-30.38,-34.285],[-32.38,-48.649],[42.811,4.063],[-79.743,-24.229]],"v":[[-128.847,-191.45],[-132.441,5.455],[138.191,219.257],[-77.267,-0.682],[-51.651,-151.055],[58.403,-139.763]],"c":true}]},{"i":{"x":0.833,"y":0.833},"o":{"x":0.167,"y":0.167},"t":54,"s":[{"i":[[127.76,0.42],[-106.8,-102.4],[-49.68,-27.84],[68.64,118.16],[-223.123,-63.053],[-48,11.179]],"o":[[-99.04,-0.399],[70.959,69.041],[-36.96,-43.28],[-24.2,-52.12],[51.7,14.61],[-123.24,-14.12]],"v":[[-95.6,-199.912],[-107.6,30.088],[115.12,200.328],[-90.64,-30.872],[62.283,-131.939],[214.4,-118.872]],"c":true}]},{"i":{"x":0.833,"y":0.833},"o":{"x":0.167,"y":0.167},"t":55,"s":[{"i":[[122.343,2.42],[-85.373,-95.222],[-41.662,-24.005],[38.422,83.991],[-207.123,-57.678],[-47.437,13.404]],"o":[[-94.003,-1.828],[56.509,70.396],[-31.21,-40.62],[-25.283,-59.537],[49.642,13.288],[-120.532,-12.162]],"v":[[-83.6,-202.079],[-130.267,0.213],[62.287,163.661],[-103.557,-52.455],[81.283,-123.981],[242.15,-110.372]],"c":true}]},{"i":{"x":0.833,"y":0.833},"o":{"x":0.167,"y":0.167},"t":56,"s":[{"i":[[116.927,4.42],[-63.947,-88.043],[-33.643,-20.17],[8.204,49.823],[-191.123,-52.303],[-46.873,15.629]],"o":[[-88.966,-3.257],[42.059,71.751],[-25.46,-37.96],[-10.367,-62.953],[47.585,11.966],[-117.823,-10.203]],"v":[[-71.6,-204.245],[-152.933,-29.662],[9.453,126.995],[-116.473,-74.039],[100.283,-116.022],[269.9,-101.872]],"c":true}]},{"i":{"x":0.833,"y":0.833},"o":{"x":0.167,"y":0.167},"t":57,"s":[{"i":[[111.51,6.42],[-35.76,-83.812],[-25.625,-16.335],[-12.131,46.805],[-175.123,-46.928],[-46.31,17.854]],"o":[[-83.929,-4.686],[27.61,73.105],[-19.71,-35.3],[11.05,-53.37],[45.527,10.644],[-115.115,-8.245]],"v":[[-59.6,-206.412],[-167.1,-59.537],[-33.38,90.328],[-117.39,-95.622],[119.283,-108.064],[297.65,-93.372]],"c":true}]},{"i":{"x":0.833,"y":0.833},"o":{"x":0.167,"y":0.167},"t":58,"s":[{"i":[[106.093,8.42],[-7.573,-79.58],[-17.607,-12.5],[-32.467,43.787],[-159.123,-41.553],[-45.747,20.079]],"o":[[-78.892,-6.115],[13.16,74.46],[-13.96,-32.64],[32.467,-43.787],[43.47,9.321],[-112.407,-6.287]],"v":[[-47.6,-208.579],[-175.267,-89.412],[-76.213,53.661],[-118.307,-117.205],[138.283,-100.106],[325.4,-84.872]],"c":true}]},{"i":{"x":0.833,"y":0.833},"o":{"x":0.167,"y":0.167},"t":59,"s":[{"i":[[100.677,10.42],[7.093,-69.455],[-9.588,-8.665],[-54.333,32.083],[-143.123,-36.178],[-45.183,22.304]],"o":[[-73.855,-7.544],[-1.29,75.815],[-13.96,-42.23],[56.383,-31.703],[41.412,7.999],[-109.698,-4.328]],"v":[[-35.6,-210.745],[-174.933,-119.287],[-111.047,19.495],[-102.723,-138.289],[157.283,-92.147],[353.15,-76.372]],"c":true}]},{"i":{"x":0.833,"y":0.833},"o":{"x":0.167,"y":0.167},"t":60,"s":[{"i":[[95.26,12.42],[21.76,-59.33],[-1.57,-4.83],[-76.2,20.38],[-127.123,-30.803],[-44.62,24.529]],"o":[[-68.818,-8.973],[-15.74,77.17],[-13.96,-51.82],[80.3,-19.62],[39.355,6.677],[-106.99,-2.37]],"v":[[-23.6,-212.912],[-174.6,-149.162],[-145.88,-14.672],[-85.14,-153.372],[176.283,-84.189],[380.9,-67.872]],"c":true}]},{"i":{"x":0.833,"y":0.833},"o":{"x":0.167,"y":0.167},"t":61,"s":[{"i":[[90.51,21.837],[40.927,-30.872],[-9.793,-12.32],[-77.367,-7.87],[-111.123,-25.428],[-44.057,26.755]],"o":[[-63.529,-13.86],[-61.573,37.878],[0.707,-89.32],[72.883,4.13],[37.297,5.355],[-104.282,-0.412]],"v":[[38.4,-201.079],[-137.267,-199.37],[-160.047,-66.672],[-35.223,-152.122],[211.283,-79.231],[405.983,-73.372]],"c":true}]},{"i":{"x":0.833,"y":0.833},"o":{"x":0.167,"y":0.167},"t":62,"s":[{"i":[[85.76,31.253],[60.093,-2.413],[21.373,-25.32],[-78.533,-36.12],[-95.123,-20.053],[-43.493,28.98]],"o":[[-58.24,-18.747],[-83.907,5.587],[24.373,-16.32],[65.467,27.88],[35.24,4.033],[-101.573,1.547]],"v":[[100.4,-179.245],[-50.933,-218.579],[-168.213,-166.672],[14.693,-148.872],[246.283,-74.272],[431.067,-78.872]],"c":true}]},{"i":{"x":0.833,"y":0.833},"o":{"x":0.167,"y":0.167},"t":63,"s":[{"i":[[77.51,24.42],[58.01,14.795],[45.79,-10.07],[-75.2,-29.745],[-79.123,-14.678],[-42.93,31.205]],"o":[[-57.978,-16.701],[-62.99,-12.705],[28.54,-3.57],[58.175,22.255],[33.182,2.711],[-98.865,3.505]],"v":[[173.15,-149.162],[21.15,-191.287],[-125.13,-193.922],[77.36,-123.372],[278.033,-68.064],[456.15,-84.372]],"c":true}]},{"i":{"x":0.833,"y":0.833},"o":{"x":0.167,"y":0.167},"t":64,"s":[{"i":[[69.26,17.587],[56.927,17.003],[58.707,-5.32],[-71.867,-23.37],[-63.123,-9.303],[-42.367,33.43]],"o":[[-57.717,-14.656],[-40.073,-9.997],[32.707,9.18],[50.883,16.63],[31.124,1.389],[-96.156,5.463]],"v":[[245.9,-119.079],[93.233,-163.995],[-82.047,-199.172],[140.027,-97.872],[309.783,-61.856],[481.233,-89.872]],"c":true}]},{"i":{"x":0.833,"y":0.833},"o":{"x":0.167,"y":0.167},"t":66,"s":[{"i":[[61.015,3.194],[22.76,6.92],[46.54,18.18],[-65.2,-10.62],[-31.123,1.447],[-41.24,37.88]],"o":[[-39.74,-2.08],[-32.24,-5.58],[40.04,51.68],[36.3,5.38],[27.009,-1.256],[-90.74,9.38]],"v":[[346.4,-96.912],[190.4,-116.412],[70.12,-153.672],[265.36,-59.872],[373.283,-54.439],[531.4,-105.872]],"c":true}]},{"i":{"x":0.833,"y":0.833},"o":{"x":0.167,"y":0.167},"t":68,"s":[{"i":[[44.23,-1.487],[20.26,2.523],[42.443,11.909],[-51.682,-6.694],[-25.549,3.22],[-22.407,56.587]],"o":[[-30.046,2.229],[-26.58,-1.63],[32.443,38.159],[30.235,2.973],[21.722,-2.583],[-65.24,22.253]],"v":[[407.04,-91.555],[288.574,-95.362],[185.967,-115.818],[336.842,-47.881],[423.16,-48.045],[545.067,-122.579]],"c":true}]},{"i":{"x":0.833,"y":0.833},"o":{"x":0.167,"y":0.167},"t":70,"s":[{"i":[[27.444,-6.168],[17.761,-1.873],[38.347,5.639],[-38.164,-2.768],[-19.975,4.992],[-3.573,75.293]],"o":[[-20.353,6.539],[-20.921,2.32],[24.847,24.639],[24.169,0.566],[16.435,-3.91],[-39.74,35.127]],"v":[[467.679,-104.197],[386.747,-92.312],[301.813,-95.964],[408.324,-53.891],[473.037,-59.651],[558.733,-157.285]],"c":true}]},{"i":{"x":0.833,"y":0.833},"o":{"x":0.167,"y":0.167},"t":72,"s":[{"i":[[10.659,-10.848],[15.261,-6.27],[34.25,-0.632],[-24.646,1.158],[-14.401,6.765],[15.26,94]],"o":[[-10.659,10.848],[-15.261,6.27],[17.25,11.118],[18.104,-1.842],[11.148,-5.237],[-14.24,48]],"v":[[528.319,-121.84],[484.921,-94.262],[417.66,-81.11],[479.806,-64.9],[522.914,-76.257],[572.4,-196.992]],"c":true}]},{"i":{"x":0.833,"y":0.833},"o":{"x":0.167,"y":0.167},"t":73,"s":[{"i":[[5.63,-19.957],[8.372,-8.154],[28.763,-6.232],[-20.308,6.516],[-4.216,21.738],[72.22,21.386]],"o":[[-5.63,19.957],[-8.549,9.356],[16.39,6.501],[17.037,-6.858],[4.216,-21.738],[27.22,30.886]],"v":[[542.79,-145.449],[522.049,-108.108],[467.795,-83.706],[538.123,-85.509],[586.444,-130.754],[517.94,-206.378]],"c":true}]},{"i":{"x":0.833,"y":0.833},"o":{"x":0.167,"y":0.167},"t":74,"s":[{"i":[[-7.307,-9],[1.483,-10.037],[23.277,-11.831],[-15.969,11.875],[16.799,22.942],[58.181,-8.728]],"o":[[16.9,20.817],[-1.838,12.441],[15.529,1.884],[15.969,-11.875],[-20.313,-27.741],[42.681,20.772]],"v":[[537.26,-169.059],[549.177,-123.955],[517.93,-86.302],[571.441,-105.117],[582.973,-173.251],[463.479,-215.764]],"c":true}]},{"i":{"x":0.833,"y":0.833},"o":{"x":0.167,"y":0.167},"t":76,"s":[{"i":[[-5.556,-5.688],[-6.105,-5.74],[-7.111,-7.96],[2.179,8.402],[9.863,11.979],[36.539,-8.769]],"o":[[12.262,9.168],[5.645,6.76],[0.764,-5.585],[-3.571,-11.348],[-13.497,-15.029],[26.976,13.169]],"v":[[517.398,-182.91],[546.015,-159.502],[567.896,-138.157],[565.481,-161.144],[545.844,-194.275],[460.559,-215.473]],"c":true}]},{"i":{"x":0.833,"y":0.833},"o":{"x":0.167,"y":0.167},"t":78,"s":[{"i":[[-3.804,-2.375],[-2.922,-0.636],[-4.827,0.521],[3.639,4.053],[2.927,1.016],[14.897,-8.809]],"o":[[3.804,2.375],[5.433,1.183],[-3.577,-10.104],[-6.361,-4.572],[-6.68,-2.318],[11.272,5.566]],"v":[[497.537,-196.761],[517.852,-188.05],[542.112,-183.263],[525.021,-205.17],[508.715,-215.299],[457.638,-215.183]],"c":true}]},{"t":82,"s":[{"i":[[-2.297,-1.308],[-1.095,-0.023],[-0.923,1.26],[3.202,2.722],[1.31,0.336],[-1.211,-9.838]],"o":[[2.297,1.308],[2.036,0.043],[-2.839,-11.469],[-4.18,-2.683],[-2.99,-0.766],[3.69,9.373]],"v":[[471.408,-199.008],[486.437,-198.056],[495.249,-198.273],[482.845,-216.68],[473.027,-222.244],[455.97,-210.115]],"c":true}]}],"ix":2},"nm":"Path 2","mn":"ADBE Vector Shape - Group","hd":false},{"ty":"tr","p":{"a":0,"k":[0,0],"ix":2},"a":{"a":0,"k":[0,0],"ix":1},"s":{"a":0,"k":[100,100],"ix":3},"r":{"a":0,"k":0,"ix":6},"o":{"a":0,"k":100,"ix":7},"sk":{"a":0,"k":0,"ix":4},"sa":{"a":0,"k":0,"ix":5},"nm":"Transform"}],"nm":"Group 1","np":1,"cix":2,"bm":0,"ix":1,"mn":"ADBE Vector Group","hd":false},{"ty":"gf","o":{"a":0,"k":100,"ix":10},"r":1,"bm":0,"g":{"p":3,"k":{"a":0,"k":[0,1,0.933,0.345,0.502,0.996,0.89,0.276,1,0.992,0.847,0.208,0,0,0.5,0.5,1,1],"ix":9}},"s":{"a":0,"k":[136,-29],"ix":5},"e":{"a":0,"k":[384,148],"ix":6},"t":2,"h":{"a":0,"k":0,"ix":7},"a":{"a":0,"k":0,"ix":8},"nm":"Gradient Fill 1","mn":"ADBE Vector Graphic - G-Fill","hd":false},{"ty":"tr","p":{"a":0,"k":[214.65,200.578],"ix":2},"a":{"a":0,"k":[0,0],"ix":1},"s":{"a":0,"k":[100,100],"ix":3},"r":{"a":0,"k":0,"ix":6},"o":{"a":0,"k":100,"ix":7},"sk":{"a":0,"k":0,"ix":4},"sa":{"a":0,"k":0,"ix":5},"nm":"Transform"}],"nm":"Group 1","np":2,"cix":2,"bm":0,"ix":1,"mn":"ADBE Vector Group","hd":false}],"ip":26,"op":84,"st":0,"bm":0},{"ddd":0,"ind":10,"ty":4,"nm":"magic wand degrade base","parent":12,"sr":1,"ks":{"o":{"a":0,"k":100,"ix":11},"r":{"a":0,"k":0,"ix":10},"p":{"a":0,"k":[63.63,718.657,0],"ix":2,"l":2},"a":{"a":0,"k":[63.63,718.657,0],"ix":1,"l":2},"s":{"a":0,"k":[100,100,100],"ix":6,"l":2}},"ao":0,"shapes":[{"ty":"gr","it":[{"ty":"gr","it":[{"ind":0,"ty":"sh","ix":1,"ks":{"a":0,"k":{"i":[[0,0],[0,0],[-13.68,-13.6],[-6,6.08],[0,0],[19.2,18.64]],"o":[[0,0],[-6.08,6.08],[13.68,13.68],[0,0],[0,0],[-19.28,-18.56]],"v":[[248.019,-297.622],[-295.501,245.978],[-281.741,281.658],[-246.061,295.418],[297.619,-248.102],[281.779,-281.782]],"c":true},"ix":2},"nm":"Path 4","mn":"ADBE Vector Shape - Group","hd":false},{"ty":"tr","p":{"a":0,"k":[0,0],"ix":2},"a":{"a":0,"k":[0,0],"ix":1},"s":{"a":0,"k":[100,100],"ix":3},"r":{"a":0,"k":0,"ix":6},"o":{"a":0,"k":100,"ix":7},"sk":{"a":0,"k":0,"ix":4},"sa":{"a":0,"k":0,"ix":5},"nm":"Transform"}],"nm":"Group 1","np":1,"cix":2,"bm":0,"ix":1,"mn":"ADBE Vector Group","hd":false},{"ty":"gf","o":{"a":0,"k":100,"ix":10},"r":1,"bm":0,"g":{"p":9,"k":{"a":0,"k":[0.013,0.102,0.137,0.494,0.096,0.108,0.151,0.512,0.18,0.114,0.165,0.529,0.337,0.127,0.202,0.578,0.493,0.141,0.239,0.627,0.681,0.163,0.3,0.704,0.87,0.184,0.361,0.78,0.935,0.192,0.382,0.81,1,0.2,0.404,0.839,0,1,0.5,0.515,1,0.03],"ix":9}},"s":{"a":0,"k":[-350,345],"ix":5},"e":{"a":0,"k":[-150,150],"ix":6},"t":1,"nm":"Gradient Fill 1","mn":"ADBE Vector Graphic - G-Fill","hd":false},{"ty":"tr","p":{"a":0,"k":[301.39,483.938],"ix":2},"a":{"a":0,"k":[0,0],"ix":1},"s":{"a":0,"k":[100,100],"ix":3},"r":{"a":0,"k":0,"ix":6},"o":{"a":0,"k":22,"ix":7},"sk":{"a":0,"k":0,"ix":4},"sa":{"a":0,"k":0,"ix":5},"nm":"Transform"}],"nm":"Group 1","np":2,"cix":2,"bm":0,"ix":1,"mn":"ADBE Vector Group","hd":false}],"ip":0,"op":102,"st":0,"bm":0},{"ddd":0,"ind":11,"ty":4,"nm":"magic wand base","parent":12,"sr":1,"ks":{"o":{"a":0,"k":100,"ix":11},"r":{"a":0,"k":0,"ix":10},"p":{"a":0,"k":[393.38,392.907,0],"ix":2,"l":2},"a":{"a":0,"k":[393.63,392.657,0],"ix":1,"l":2},"s":{"a":0,"k":[100,100,100],"ix":6,"l":2}},"ao":0,"shapes":[{"ty":"gr","it":[{"ind":0,"ty":"sh","ix":1,"ks":{"a":0,"k":{"i":[[-6.061,6.061],[-13.684,-13.684],[6.06,-6.061],[13.683,13.684]],"o":[[6.061,-6.061],[13.684,13.683],[-6.061,6.06],[-13.684,-13.684]],"v":[[-24.777,-24.776],[10.975,-10.973],[24.777,24.778],[-10.973,10.975]],"c":true},"ix":2},"nm":"Path 1","mn":"ADBE Vector Shape - Group","hd":false},{"ty":"fl","c":{"a":0,"k":[0.620000023935,0.620000023935,0.620000023935,1],"ix":4},"o":{"a":0,"k":100,"ix":5},"r":1,"bm":0,"nm":"Fill 1","mn":"ADBE Vector Graphic - Fill","hd":false},{"ty":"tr","p":{"a":0,"k":[31.087,754.226],"ix":2},"a":{"a":0,"k":[0,0],"ix":1},"s":{"a":0,"k":[100,100],"ix":3},"r":{"a":0,"k":0,"ix":6},"o":{"a":0,"k":100,"ix":7},"sk":{"a":0,"k":0,"ix":4},"sa":{"a":0,"k":0,"ix":5},"nm":"Transform"}],"nm":"Group 2","np":2,"cix":2,"bm":0,"ix":1,"mn":"ADBE Vector Group","hd":false}],"ip":0,"op":102,"st":0,"bm":0},{"ddd":0,"ind":12,"ty":4,"nm":"magic wand","sr":1,"ks":{"o":{"a":0,"k":100,"ix":11},"r":{"a":1,"k":[{"i":{"x":[0.667],"y":[1]},"o":{"x":[0.167],"y":[0]},"t":14,"s":[0]},{"i":{"x":[0.667],"y":[1]},"o":{"x":[0.333],"y":[0]},"t":22,"s":[-3]},{"i":{"x":[0.667],"y":[1]},"o":{"x":[0.333],"y":[0]},"t":30,"s":[15]},{"i":{"x":[0.833],"y":[0.855]},"o":{"x":[0.333],"y":[0]},"t":42,"s":[-23]},{"i":{"x":[0.667],"y":[1]},"o":{"x":[0.167],"y":[0.238]},"t":54,"s":[0]},{"i":{"x":[0.667],"y":[1]},"o":{"x":[0.333],"y":[0]},"t":60,"s":[7]},{"i":{"x":[0.667],"y":[1]},"o":{"x":[0.333],"y":[0]},"t":72,"s":[-4]},{"i":{"x":[0.833],"y":[1]},"o":{"x":[0.167],"y":[0]},"t":84,"s":[1]},{"t":94,"s":[0]}],"ix":10},"p":{"a":1,"k":[{"i":{"x":0.667,"y":0.667},"o":{"x":0.333,"y":0.333},"t":14,"s":[94.94,930.021,0],"to":[0,0,0],"ti":[0,0,0]},{"i":{"x":0.667,"y":1},"o":{"x":0.333,"y":0},"t":22,"s":[94.94,930.021,0],"to":[3.667,3.333,0],"ti":[6.333,-2.333,0]},{"i":{"x":0.667,"y":1},"o":{"x":0.333,"y":0},"t":30,"s":[116.94,950.021,0],"to":[-6.333,2.333,0],"ti":[3.583,3.25,0]},{"i":{"x":0.833,"y":0.806},"o":{"x":0.333,"y":0},"t":42,"s":[56.94,944.021,0],"to":[-3.583,-3.25,0],"ti":[-11,0,0]},{"i":{"x":0.667,"y":1},"o":{"x":0.167,"y":0.13},"t":54,"s":[95.44,930.521,0],"to":[11,0,0],"ti":[0.75,2.75,0]},{"i":{"x":0.667,"y":1},"o":{"x":0.333,"y":0},"t":60,"s":[122.94,944.021,0],"to":[-0.75,-2.75,0],"ti":[4.667,2.333,0]},{"i":{"x":0.833,"y":1},"o":{"x":0.333,"y":0},"t":72,"s":[90.94,914.021,0],"to":[-4.667,-2.333,0],"ti":[-0.667,-2.667,0]},{"t":84,"s":[94.94,930.021,0]}],"ix":2,"l":2},"a":{"a":0,"k":[63.63,718.657,0],"ix":1,"l":2},"s":{"a":0,"k":[100,100,100],"ix":6,"l":2}},"ao":0,"shapes":[{"ty":"gr","it":[{"ty":"gr","it":[{"ty":"tr","p":{"a":0,"k":[0,0],"ix":2},"a":{"a":0,"k":[0,0],"ix":1},"s":{"a":0,"k":[100,100],"ix":3},"r":{"a":0,"k":0,"ix":6},"o":{"a":0,"k":100,"ix":7},"sk":{"a":0,"k":0,"ix":4},"sa":{"a":0,"k":0,"ix":5},"nm":"Transform"}],"nm":"Group 1","np":0,"cix":2,"bm":0,"ix":1,"mn":"ADBE Vector Group","hd":false},{"ty":"fl","c":{"a":0,"k":[0.620000023935,0.620000023935,0.620000023935,1],"ix":4},"o":{"a":0,"k":100,"ix":5},"r":1,"bm":0,"nm":"Fill 1","mn":"ADBE Vector Graphic - Fill","hd":false},{"ty":"tr","p":{"a":0,"k":[31.087,754.226],"ix":2},"a":{"a":0,"k":[0,0],"ix":1},"s":{"a":0,"k":[100,100],"ix":3},"r":{"a":0,"k":0,"ix":6},"o":{"a":0,"k":100,"ix":7},"sk":{"a":0,"k":0,"ix":4},"sa":{"a":0,"k":0,"ix":5},"nm":"Transform"}],"nm":"Group 2","np":2,"cix":2,"bm":0,"ix":1,"mn":"ADBE Vector Group","hd":false},{"ty":"gr","it":[{"ty":"gr","it":[{"ind":0,"ty":"sh","ix":1,"ks":{"a":0,"k":{"i":[[0,0],[0,0],[-11.92,-11.84],[1.68,-7.6],[0,0],[18,18],[4.265,0]],"o":[[0,0],[7.6,-1.681],[11.84,11.839],[0,0],[0,0],[-14.727,-14.728],[-0.948,0]],"v":[[38.92,-89.407],[-90.44,39.874],[-57.16,56.193],[-40.84,89.473],[88.44,-39.888],[72.44,-73.406],[40.381,-89.473]],"c":true},"ix":2},"nm":"Path 2","mn":"ADBE Vector Shape - Group","hd":false},{"ty":"tr","p":{"a":0,"k":[0,0],"ix":2},"a":{"a":0,"k":[0,0],"ix":1},"s":{"a":0,"k":[100,100],"ix":3},"r":{"a":0,"k":0,"ix":6},"o":{"a":0,"k":100,"ix":7},"sk":{"a":0,"k":0,"ix":4},"sa":{"a":0,"k":0,"ix":5},"nm":"Transform"}],"nm":"Group 1","np":1,"cix":2,"bm":0,"ix":1,"mn":"ADBE Vector Group","hd":false},{"ty":"gf","o":{"a":0,"k":100,"ix":10},"r":1,"bm":0,"g":{"p":7,"k":{"a":0,"k":[0.262,0.961,0.961,0.961,0.365,0.939,0.939,0.939,0.468,0.918,0.918,0.918,0.645,0.861,0.861,0.861,0.822,0.804,0.804,0.804,0.911,0.773,0.773,0.773,1,0.741,0.741,0.741],"ix":9}},"s":{"a":0,"k":[-11,-15],"ix":5},"e":{"a":0,"k":[32,28],"ix":6},"t":1,"nm":"Gradient Fill 1","mn":"ADBE Vector Graphic - G-Fill","hd":false},{"ty":"tr","p":{"a":0,"k":[97.049,689.243],"ix":2},"a":{"a":0,"k":[0,0],"ix":1},"s":{"a":0,"k":[100,100],"ix":3},"r":{"a":0,"k":0,"ix":6},"o":{"a":0,"k":100,"ix":7},"sk":{"a":0,"k":0,"ix":4},"sa":{"a":0,"k":0,"ix":5},"nm":"Transform"}],"nm":"Group 3","np":2,"cix":2,"bm":0,"ix":2,"mn":"ADBE Vector Group","hd":false},{"ty":"gr","it":[{"ty":"gr","it":[{"ind":0,"ty":"sh","ix":1,"ks":{"a":0,"k":{"i":[[0,0],[0,0],[-11.92,-11.84],[1.68,-7.681],[0,0],[18,18.08],[4.265,0]],"o":[[0,0],[7.6,-1.68],[11.84,11.84],[0,0],[-0.08,0],[-14.728,-14.727],[-0.947,0]],"v":[[38.72,-89.208],[-90.24,39.753],[-57.36,56.393],[-40.72,89.273],[88.24,-39.687],[72.24,-73.208],[40.18,-89.273]],"c":true},"ix":2},"nm":"Path 2","mn":"ADBE Vector Shape - Group","hd":false},{"ty":"tr","p":{"a":0,"k":[0,0],"ix":2},"a":{"a":0,"k":[0,0],"ix":1},"s":{"a":0,"k":[100,100],"ix":3},"r":{"a":0,"k":0,"ix":6},"o":{"a":0,"k":100,"ix":7},"sk":{"a":0,"k":0,"ix":4},"sa":{"a":0,"k":0,"ix":5},"nm":"Transform"}],"nm":"Group 1","np":1,"cix":2,"bm":0,"ix":1,"mn":"ADBE Vector Group","hd":false},{"ty":"gf","o":{"a":0,"k":100,"ix":10},"r":1,"bm":0,"g":{"p":7,"k":{"a":0,"k":[0.262,0.961,0.961,0.961,0.365,0.939,0.939,0.939,0.468,0.918,0.918,0.918,0.645,0.861,0.861,0.861,0.822,0.804,0.804,0.804,0.911,0.773,0.773,0.773,1,0.741,0.741,0.741],"ix":9}},"s":{"a":0,"k":[-11,-15],"ix":5},"e":{"a":0,"k":[32,28],"ix":6},"t":1,"nm":"Gradient Fill 1","mn":"ADBE Vector Graphic - G-Fill","hd":false},{"ty":"tr","p":{"a":0,"k":[696.769,89.523],"ix":2},"a":{"a":0,"k":[0,0],"ix":1},"s":{"a":0,"k":[100,100],"ix":3},"r":{"a":0,"k":0,"ix":6},"o":{"a":0,"k":100,"ix":7},"sk":{"a":0,"k":0,"ix":4},"sa":{"a":0,"k":0,"ix":5},"nm":"Transform"}],"nm":"Group 4","np":2,"cix":2,"bm":0,"ix":3,"mn":"ADBE Vector Group","hd":false},{"ty":"gr","it":[{"ty":"gr","it":[{"ind":0,"ty":"sh","ix":1,"ks":{"a":0,"k":{"i":[[0,0],[0,0],[0,0],[0,0],[0,0],[0,0]],"o":[[0,0],[0,0],[0,0],[0,0],[0,0],[0,0]],"v":[[-313.16,307.22],[-259.36,209.8],[211.046,-260.606],[285.831,-286.291],[260.542,-211.048],[-209.307,258.853]],"c":true},"ix":2},"nm":"Path 2","mn":"ADBE Vector Shape - Group","hd":false},{"ty":"tr","p":{"a":0,"k":[0,0],"ix":2},"a":{"a":0,"k":[0,0],"ix":1},"s":{"a":0,"k":[100,100],"ix":3},"r":{"a":0,"k":0,"ix":6},"o":{"a":0,"k":100,"ix":7},"sk":{"a":0,"k":0,"ix":4},"sa":{"a":0,"k":0,"ix":5},"nm":"Transform"}],"nm":"Group 1","np":1,"cix":2,"bm":0,"ix":1,"mn":"ADBE Vector Group","hd":false},{"ty":"gf","o":{"a":0,"k":100,"ix":10},"r":1,"bm":0,"g":{"p":5,"k":{"a":0,"k":[0.595,0.38,0.38,0.38,0.685,0.359,0.359,0.359,0.775,0.337,0.337,0.337,0.887,0.298,0.298,0.298,1,0.259,0.259,0.259],"ix":9}},"s":{"a":0,"k":[-9,-53],"ix":5},"e":{"a":0,"k":[47,3],"ix":6},"t":1,"nm":"Gradient Fill 1","mn":"ADBE Vector Graphic - G-Fill","hd":false},{"ty":"tr","p":{"a":0,"k":[395.249,390.036],"ix":2},"a":{"a":0,"k":[0,0],"ix":1},"s":{"a":0,"k":[100,100],"ix":3},"r":{"a":0,"k":0,"ix":6},"o":{"a":0,"k":100,"ix":7},"sk":{"a":0,"k":0,"ix":4},"sa":{"a":0,"k":0,"ix":5},"nm":"Transform"}],"nm":"Group 5","np":2,"cix":2,"bm":0,"ix":4,"mn":"ADBE Vector Group","hd":false}],"ip":0,"op":102,"st":0,"bm":0},{"ddd":0,"ind":13,"ty":4,"nm":"Shape","sr":1,"ks":{"o":{"a":0,"k":100,"ix":11},"r":{"a":0,"k":0,"ix":10},"p":{"a":0,"k":[512,512,0],"ix":2,"l":2},"a":{"a":0,"k":[0,0,0],"ix":1,"l":2},"s":{"a":0,"k":[100,100,100],"ix":6,"l":2}},"ao":0,"shapes":[{"ty":"gr","it":[{"ind":0,"ty":"sh","ix":1,"ks":{"a":0,"k":{"i":[[0,0],[546.282,636.047],[-210,28]],"o":[[0,0],[-426,-496],[0,0]],"v":[[-244,107.999],[-88,-4],[246,-296]],"c":false},"ix":2,"x":"var $bm_rt;\n$bm_rt = thisComp.layer('Shape Layer 3').content('Shape 1').content('Path 1').path;"},"nm":"Path 1","mn":"ADBE Vector Shape - Group","hd":false},{"ty":"tm","s":{"a":1,"k":[{"i":{"x":[0.833],"y":[0.889]},"o":{"x":[0.333],"y":[0]},"t":24,"s":[0]},{"i":{"x":[0.833],"y":[0.909]},"o":{"x":[0.167],"y":[0.19]},"t":30,"s":[30]},{"i":{"x":[0.667],"y":[1]},"o":{"x":[0.167],"y":[5.303]},"t":54,"s":[100]},{"t":74,"s":[100]}],"ix":1},"e":{"a":1,"k":[{"i":{"x":[0.667],"y":[1]},"o":{"x":[0.383],"y":[0]},"t":44,"s":[0]},{"t":82,"s":[100]}],"ix":2},"o":{"a":0,"k":0,"ix":3},"m":1,"ix":2,"nm":"Trim Paths 1","mn":"ADBE Vector Filter - Trim","hd":false},{"ty":"st","c":{"a":0,"k":[1,0.815686334348,0.078431365069,1],"ix":3},"o":{"a":0,"k":100,"ix":4},"w":{"a":0,"k":6,"ix":5},"lc":2,"lj":1,"ml":4,"bm":0,"nm":"Stroke 1","mn":"ADBE Vector Graphic - Stroke","hd":false},{"ty":"tr","p":{"a":0,"k":[0,0],"ix":2},"a":{"a":0,"k":[0,0],"ix":1},"s":{"a":0,"k":[100,100],"ix":3},"r":{"a":0,"k":0,"ix":6},"o":{"a":0,"k":100,"ix":7},"sk":{"a":0,"k":0,"ix":4},"sa":{"a":0,"k":0,"ix":5},"nm":"Transform"}],"nm":"Shape 1","np":4,"cix":2,"bm":0,"ix":1,"mn":"ADBE Vector Group","hd":false}],"ip":0,"op":40,"st":0,"bm":0}],"markers":[{"tm":54,"cm":"Rest","dr":0}]}