{"v":"5.8.1","fr":60,"ip":0,"op":97,"w":1024,"h":1024,"nm":"emoji_cowboy","ddd":0,"assets":[],"layers":[{"ddd":0,"ind":1,"ty":3,"nm":"Null All","sr":1,"ks":{"o":{"a":0,"k":0,"ix":11},"r":{"a":0,"k":0,"ix":10},"p":{"s":true,"x":{"a":0,"k":512,"ix":3},"y":{"a":1,"k":[{"i":{"x":[0.667],"y":[1]},"o":{"x":[0.333],"y":[0]},"t":6,"s":[508]},{"i":{"x":[0.667],"y":[1]},"o":{"x":[0.333],"y":[0]},"t":16,"s":[548]},{"t":26,"s":[508]}],"ix":4}},"a":{"a":0,"k":[0,0,0],"ix":1,"l":2},"s":{"a":0,"k":[100,100,100],"ix":6,"l":2}},"ao":0,"ip":0,"op":97,"st":-30.5,"bm":0},{"ddd":0,"ind":2,"ty":4,"nm":"HAT ","parent":1,"sr":1,"ks":{"o":{"a":1,"k":[{"t":6,"s":[100],"h":1},{"t":26,"s":[0],"h":1},{"t":57,"s":[100],"h":1}],"ix":11},"r":{"a":1,"k":[{"i":{"x":[0.414],"y":[1]},"o":{"x":[0.272],"y":[0.48]},"t":21,"s":[0]},{"i":{"x":[0.737],"y":[0.888]},"o":{"x":[0.41],"y":[0]},"t":34,"s":[24]},{"i":{"x":[0.761],"y":[0.802]},"o":{"x":[0.917],"y":[0.29]},"t":51,"s":[10]},{"t":60,"s":[0]}],"ix":10},"p":{"s":true,"x":{"a":1,"k":[{"i":{"x":[0.354],"y":[1]},"o":{"x":[0.167],"y":[0.167]},"t":21,"s":[0]},{"i":{"x":[0.809],"y":[0.703]},"o":{"x":[0.333],"y":[0]},"t":34,"s":[124]},{"i":{"x":[0.649],"y":[1]},"o":{"x":[0.341],"y":[0.596]},"t":51,"s":[39.676]},{"t":60,"s":[0]}],"ix":3},"y":{"a":1,"k":[{"i":{"x":[0.667],"y":[1]},"o":{"x":[0.333],"y":[0]},"t":6,"s":[-292.003]},{"i":{"x":[0.855],"y":[0.864]},"o":{"x":[0.333],"y":[0]},"t":16,"s":[-232.4]},{"i":{"x":[0.441],"y":[1]},"o":{"x":[0.114],"y":[0.547]},"t":21,"s":[-292.003]},{"i":{"x":[0.818],"y":[0.418]},"o":{"x":[1],"y":[0]},"t":38,"s":[-331.554]},{"i":{"x":[0.833],"y":[0.833]},"o":{"x":[0.212],"y":[0.198]},"t":60,"s":[-292.4]},{"i":{"x":[0.667],"y":[1]},"o":{"x":[0.167],"y":[0.167]},"t":65,"s":[-262.003]},{"i":{"x":[0.667],"y":[1]},"o":{"x":[0.333],"y":[0]},"t":76,"s":[-292.003]},{"t":88,"s":[-292.003]}],"ix":4}},"a":{"a":0,"k":[484.65,215.447,0],"ix":1,"l":2},"s":{"a":1,"k":[{"i":{"x":[0.667,0.667,0.667],"y":[1,1,1]},"o":{"x":[0.333,0.333,0.333],"y":[0,0,0]},"t":6,"s":[100,100,100]},{"i":{"x":[0.667,0.667,0.667],"y":[1,1,1]},"o":{"x":[0.333,0.333,0.333],"y":[0,0,0]},"t":16,"s":[85,85,100]},{"i":{"x":[0.326,0.326,0.667],"y":[1,1,1]},"o":{"x":[0.168,0.168,0.333],"y":[0.504,0.504,0]},"t":21,"s":[85,85,100]},{"i":{"x":[0.833,0.833,0.833],"y":[0.833,0.833,1]},"o":{"x":[1,1,0.333],"y":[0,0,0]},"t":38,"s":[63.132,63.132,100]},{"i":{"x":[0.833,0.833,0.833],"y":[0.833,0.833,0.833]},"o":{"x":[0.167,0.167,0.167],"y":[0.167,0.167,0.167]},"t":60,"s":[93,93,100]},{"i":{"x":[0.667,0.667,0.667],"y":[1,1,1]},"o":{"x":[0.167,0.167,0.167],"y":[0,0,0]},"t":65,"s":[100,100,100]},{"i":{"x":[0.833,0.833,0.833],"y":[1,1,1]},"o":{"x":[0.333,0.333,0.333],"y":[0,0,0]},"t":76,"s":[100,100,100]},{"t":88,"s":[100,100,100]}],"ix":6,"l":2}},"ao":0,"shapes":[{"ty":"gr","it":[{"ind":0,"ty":"sh","ix":1,"ks":{"a":1,"k":[{"i":{"x":0.667,"y":1},"o":{"x":0.333,"y":0},"t":6,"s":[{"i":[[-85.84,14.56],[6.96,15.12],[109.6,0],[79.36,19.2],[5.28,-15.92],[-87.44,-1.44]],"o":[[-5.12,-15.84],[-52.8,14.4],[-81.6,1.12],[-7.12,15.2],[86.32,14.32],[87.04,-1.44]],"v":[[260.32,11.2],[242.24,-35.2],[0.64,-8],[-241.76,-35.2],[-260.32,11.6],[0.64,35.2]],"c":true}]},{"i":{"x":0.833,"y":0.833},"o":{"x":0.333,"y":0},"t":16,"s":[{"i":[[-59.75,76.467],[6.96,15.12],[148.541,0],[49.977,52.279],[5.28,-15.92],[-140.436,1.879]],"o":[[-5.12,-15.84],[-46.376,43.456],[-147.521,0.373],[-7.12,15.2],[54.419,76.067],[131.639,-1.761]],"v":[[266.202,40.612],[248.122,-13.435],[1.032,102.588],[-262.348,-10.494],[-280.908,36.306],[1.005,164.612]],"c":true}]},{"i":{"x":0.833,"y":0.833},"o":{"x":0.167,"y":0.167},"t":21,"s":[{"i":[[-85.84,14.56],[6.96,15.12],[109.6,0],[79.36,19.2],[5.28,-15.92],[-87.44,-1.44]],"o":[[-5.12,-15.84],[-52.8,14.4],[-81.6,1.12],[-7.12,15.2],[86.32,14.32],[87.04,-1.44]],"v":[[260.32,11.2],[242.24,-35.2],[0.64,-8],[-241.76,-35.2],[-260.32,11.6],[0.64,35.2]],"c":true}]},{"i":{"x":0.833,"y":0.833},"o":{"x":0.167,"y":0.167},"t":26,"s":[{"i":[[0,0],[3.59,4.629],[109.6,0],[89.875,3.688],[0,0],[-124.496,0.344]],"o":[[0,0],[-84.985,4.225],[-81.6,1.002],[-2.195,4.225],[0,0],[148.421,-0.41]],"v":[[249.299,-10.5],[242.24,-20.147],[0.501,-15.711],[-241.76,-20.147],[-247.417,-9.739],[0.647,-4.975]],"c":true}]},{"i":{"x":0.833,"y":0.833},"o":{"x":0.167,"y":0.167},"t":57,"s":[{"i":[[0,0],[3.59,4.629],[109.6,0],[89.875,3.688],[0,0],[-124.496,0.344]],"o":[[0,0],[-84.985,4.225],[-81.6,1.002],[-2.195,4.225],[0,0],[148.421,-0.41]],"v":[[249.299,-10.5],[242.24,-20.147],[0.501,-15.711],[-241.76,-20.147],[-247.417,-9.739],[0.519,1.094]],"c":true}]},{"i":{"x":0.833,"y":0.833},"o":{"x":0.167,"y":0.167},"t":60,"s":[{"i":[[0,0],[3.59,4.629],[109.6,0],[89.875,3.688],[0,0],[-124.496,0.344]],"o":[[0,0],[-84.985,4.225],[-81.6,1.002],[-2.195,4.225],[0,0],[148.421,-0.41]],"v":[[249.299,-10.5],[242.24,-20.147],[0.501,-15.711],[-241.76,-20.147],[-247.417,-9.739],[0.501,1.961]],"c":true}]},{"i":{"x":0.667,"y":1},"o":{"x":0.167,"y":0.167},"t":65,"s":[{"i":[[-81.28,31],[6.96,15.12],[109.6,0],[60.8,25.9],[5.28,-15.92],[-87.44,-1.44]],"o":[[-5.12,-15.84],[-55.2,24.9],[-81.6,1.12],[-7.12,15.2],[76.36,30.6],[87.04,-1.44]],"v":[[260.32,11.2],[242.24,-35.2],[0.61,12.5],[-241.76,-35.2],[-260.32,11.6],[0.63,55.2]],"c":true}]},{"i":{"x":0.833,"y":0.833},"o":{"x":0.333,"y":0},"t":76,"s":[{"i":[[-85.84,14.56],[6.96,15.12],[109.6,0],[79.36,19.2],[5.28,-15.92],[-87.44,-1.44]],"o":[[-5.12,-15.84],[-52.8,14.4],[-81.6,1.12],[-7.12,15.2],[86.32,14.32],[87.04,-1.44]],"v":[[260.32,11.2],[242.24,-35.2],[0.64,-8],[-241.76,-35.2],[-260.32,11.6],[0.64,35.2]],"c":true}]},{"t":88,"s":[{"i":[[-85.84,14.56],[6.96,15.12],[109.6,0],[79.36,19.2],[5.28,-15.92],[-87.44,-1.44]],"o":[[-5.12,-15.84],[-52.8,14.4],[-81.6,1.12],[-7.12,15.2],[86.32,14.32],[87.04,-1.44]],"v":[[260.32,11.2],[242.24,-35.2],[0.64,-8],[-241.76,-35.2],[-260.32,11.6],[0.64,35.2]],"c":true}]}],"ix":2},"nm":"Path 1","mn":"ADBE Vector Shape - Group","hd":false},{"ty":"fl","c":{"a":0,"k":[0.630999995213,0.532999973671,0.497999991623,1],"ix":4},"o":{"a":0,"k":100,"ix":5},"r":1,"bm":0,"nm":"Fill 1","mn":"ADBE Vector Graphic - Fill","hd":false},{"ty":"tr","p":{"a":0,"k":[487.61,188.25],"ix":2},"a":{"a":0,"k":[0,0],"ix":1},"s":{"a":0,"k":[100,100],"ix":3},"r":{"a":0,"k":0,"ix":6},"o":{"a":0,"k":100,"ix":7},"sk":{"a":0,"k":0,"ix":4},"sa":{"a":0,"k":0,"ix":5},"nm":"Transform"}],"nm":"Group 2","np":2,"cix":2,"bm":0,"ix":1,"mn":"ADBE Vector Group","hd":false},{"ty":"gr","it":[{"ind":0,"ty":"sh","ix":1,"ks":{"a":1,"k":[{"i":{"x":0.667,"y":1},"o":{"x":0.333,"y":0},"t":6,"s":[{"i":[[-43.6,35.4],[57.6,-0.8],[34.4,0],[58.4,0],[38.4,-79.2],[-81.6,1.12]],"o":[[-36,-77.6],[-62.4,0.8],[-36,0],[-58.4,0],[38.4,40.4],[109.6,0]],"v":[[242,62.24],[86,-89.76],[0.4,-62.56],[-80.4,-89.76],[-242,62.24],[0.55,109.44]],"c":true}]},{"i":{"x":0.833,"y":0.833},"o":{"x":0.333,"y":0},"t":16,"s":[{"i":[[-8.729,71.691],[57.6,-0.8],[34.4,0],[58.4,0],[38.4,-79.2],[-168.698,-0.803]],"o":[[-36,-77.6],[-62.4,0.8],[-36,0],[-58.4,0],[33.035,57.765],[218.361,-13.744]],"v":[[247.882,84.005],[86,-83.878],[0.4,-56.678],[-80.4,-83.878],[-262.588,86.946],[0.792,235.322]],"c":true}]},{"i":{"x":0.833,"y":0.833},"o":{"x":0.167,"y":0.167},"t":21,"s":[{"i":[[-43.6,35.4],[57.6,-0.8],[34.4,0],[58.4,0],[38.4,-79.2],[-81.6,1.12]],"o":[[-36,-77.6],[-62.4,0.8],[-36,0],[-58.4,0],[38.4,40.4],[109.6,0]],"v":[[242,62.24],[86,-89.76],[0.4,-62.56],[-80.4,-89.76],[-242,62.24],[0.55,109.44]],"c":true}]},{"i":{"x":0.833,"y":0.833},"o":{"x":0.167,"y":0.167},"t":26,"s":[{"i":[[-52.727,12.29],[57.601,-0.661],[34.4,0],[58.4,0],[38.4,-70.84],[-81.6,1.002]],"o":[[-36,-69.408],[-62.4,0.716],[-36,0],[-58.4,0],[52.779,11.215],[109.6,0]],"v":[[242,77.293],[86,-58.662],[0.4,-34.333],[-80.4,-58.662],[-242,77.293],[0.321,90.478]],"c":true}]},{"i":{"x":0.833,"y":0.833},"o":{"x":0.167,"y":0.167},"t":57,"s":[{"i":[[-52.727,12.29],[57.601,-0.661],[34.4,0],[58.4,0],[38.4,-70.84],[-81.6,1.002]],"o":[[-36,-69.408],[-62.4,0.716],[-36,0],[-58.4,0],[52.779,11.215],[109.6,0]],"v":[[242,77.293],[86,-58.662],[0.4,-34.333],[-80.4,-58.662],[-242,77.293],[0.321,90.478]],"c":true}]},{"i":{"x":0.833,"y":0.833},"o":{"x":0.167,"y":0.167},"t":60,"s":[{"i":[[-52.727,12.29],[57.601,-0.661],[34.4,0],[58.4,0],[38.4,-70.84],[-81.6,1.002]],"o":[[-36,-69.408],[-62.4,0.716],[-36,0],[-58.4,0],[52.779,11.215],[109.6,0]],"v":[[242,77.293],[86,-58.662],[0.4,-34.333],[-80.4,-58.662],[-242,77.293],[0.321,90.478]],"c":true}]},{"i":{"x":0.667,"y":1},"o":{"x":0.167,"y":0.167},"t":65,"s":[{"i":[[-43.6,35.4],[57.6,-0.8],[34.4,0],[58.4,0],[38.4,-79.2],[-81.6,1.12]],"o":[[-36,-77.6],[-62.4,0.8],[-36,0],[-58.4,0],[38.4,40.4],[109.6,0]],"v":[[242,62.24],[86,-89.76],[0.4,-62.56],[-80.4,-89.76],[-242,62.24],[0.45,130.44]],"c":true}]},{"i":{"x":0.833,"y":0.833},"o":{"x":0.333,"y":0},"t":76,"s":[{"i":[[-43.6,35.4],[57.6,-0.8],[34.4,0],[58.4,0],[38.4,-79.2],[-81.6,1.12]],"o":[[-36,-77.6],[-62.4,0.8],[-36,0],[-58.4,0],[38.4,40.4],[109.6,0]],"v":[[242,62.24],[86,-89.76],[0.4,-62.56],[-80.4,-89.76],[-242,62.24],[0.55,109.44]],"c":true}]},{"t":88,"s":[{"i":[[-43.6,35.4],[57.6,-0.8],[34.4,0],[58.4,0],[38.4,-79.2],[-81.6,1.12]],"o":[[-36,-77.6],[-62.4,0.8],[-36,0],[-58.4,0],[38.4,40.4],[109.6,0]],"v":[[242,62.24],[86,-89.76],[0.4,-62.56],[-80.4,-89.76],[-242,62.24],[0.55,109.44]],"c":true}]}],"ix":2},"nm":"Path 1","mn":"ADBE Vector Shape - Group","hd":false},{"ty":"fl","c":{"a":0,"k":[0.510000011968,0.380000005984,0.337000020345,1],"ix":4},"o":{"a":0,"k":100,"ix":5},"r":1,"bm":0,"nm":"Fill 1","mn":"ADBE Vector Graphic - Fill","hd":false},{"ty":"tr","p":{"a":0,"k":[487.85,90.81],"ix":2},"a":{"a":0,"k":[0,0],"ix":1},"s":{"a":0,"k":[100,100],"ix":3},"r":{"a":0,"k":0,"ix":6},"o":{"a":0,"k":100,"ix":7},"sk":{"a":0,"k":0,"ix":4},"sa":{"a":0,"k":0,"ix":5},"nm":"Transform"}],"nm":"Group 3","np":2,"cix":2,"bm":0,"ix":2,"mn":"ADBE Vector Group","hd":false},{"ty":"gr","it":[{"ind":0,"ty":"sh","ix":1,"ks":{"a":1,"k":[{"i":{"x":0.667,"y":1},"o":{"x":0.333,"y":0},"t":6,"s":[{"i":[[123.76,-19.36],[86.32,14.32],[0,0],[-349.6,0],[0,0]],"o":[[-85.84,14.56],[-126.4,-19.6],[0,0],[349.6,0],[0,0]],"v":[[263.28,-93.2],[-257.36,-92.8],[-484.4,-137.2],[3.6,137.2],[484.4,-137.2]],"c":true}]},{"i":{"x":0.833,"y":0.833},"o":{"x":0.333,"y":0},"t":16,"s":[{"i":[[123.76,-19.36],[99.687,37.112],[39.736,-58.454],[-431.513,-13.126],[85.717,90.659]],"o":[[-85.84,14.56],[-134.875,-50.212],[-78.424,115.365],[431.513,13.126],[-46.11,-48.768]],"v":[[219.751,-129.671],[-207.948,-142.212],[-499.694,-159.553],[3.781,307.789],[487.93,-170.141]],"c":true}]},{"i":{"x":0.833,"y":0.833},"o":{"x":0.167,"y":0.167},"t":21,"s":[{"i":[[123.76,-19.36],[86.32,14.32],[0,0],[-349.6,0],[0,0]],"o":[[-85.84,14.56],[-126.4,-19.6],[0,0],[349.6,0],[0,0]],"v":[[263.28,-93.2],[-257.36,-92.8],[-484.4,-137.2],[3.6,137.2],[484.4,-137.2]],"c":true}]},{"i":{"x":0.833,"y":0.833},"o":{"x":0.167,"y":0.167},"t":26,"s":[{"i":[[24.875,0.135],[151.074,1.453],[0,0],[-259.197,-1.765],[0,0]],"o":[[-148.455,-0.807],[-33.418,-0.321],[0,0],[186.345,1.269],[0,0]],"v":[[254.14,-115.781],[-243.919,-114.305],[-369.329,-87.127],[3.461,-95.058],[345.031,-87.853]],"c":true}]},{"i":{"x":0.833,"y":0.833},"o":{"x":0.167,"y":0.167},"t":57,"s":[{"i":[[82.407,-8.081],[150.553,11.976],[0,0],[-338.299,-0.221],[0,0]],"o":[[-147.784,13.097],[-100.735,-8.69],[0,0],[329.193,0.159],[0,0]],"v":[[254.14,-115.781],[-243.919,-114.305],[-466.467,-65.881],[2.524,-105.076],[449.355,-60.811]],"c":true}]},{"i":{"x":0.833,"y":0.833},"o":{"x":0.167,"y":0.167},"t":60,"s":[{"i":[[90.625,-9.255],[150.478,13.48],[0,0],[-349.6,0],[0,0]],"o":[[-147.689,15.083],[-110.352,-9.885],[0,0],[349.6,0],[0,0]],"v":[[254.14,-115.781],[-243.919,-114.305],[-484.4,-137.2],[3.195,7.092],[484.4,-137.2]],"c":true}]},{"i":{"x":0.667,"y":1},"o":{"x":0.167,"y":0.167},"t":65,"s":[{"i":[[123.76,-19.36],[86.32,14.32],[0,0],[-349.6,0],[0,0]],"o":[[-85.84,14.56],[-126.4,-19.6],[0,0],[349.6,0],[0,0]],"v":[[263.28,-93.2],[-257.36,-92.8],[-484.4,-137.2],[3.6,137.2],[484.4,-137.2]],"c":true}]},{"i":{"x":0.667,"y":1},"o":{"x":0.333,"y":0},"t":69,"s":[{"i":[[123.76,-19.36],[86.32,14.32],[0,0],[-349.6,0],[0,0]],"o":[[-85.84,14.56],[-126.4,-19.6],[0,0],[349.6,0],[0,0]],"v":[[263.28,-93.2],[-257.36,-92.8],[-484.4,-137.2],[4.55,161.2],[484.4,-137.2]],"c":true}]},{"i":{"x":0.833,"y":0.833},"o":{"x":0.333,"y":0},"t":76,"s":[{"i":[[123.76,-19.36],[86.32,14.32],[0,0],[-349.6,0],[0,0]],"o":[[-85.84,14.56],[-126.4,-19.6],[0,0],[349.6,0],[0,0]],"v":[[263.28,-93.2],[-257.36,-92.8],[-484.4,-137.2],[3.6,121.2],[484.4,-137.2]],"c":true}]},{"t":88,"s":[{"i":[[123.76,-19.36],[86.32,14.32],[0,0],[-349.6,0],[0,0]],"o":[[-85.84,14.56],[-126.4,-19.6],[0,0],[349.6,0],[0,0]],"v":[[263.28,-93.2],[-257.36,-92.8],[-484.4,-137.2],[3.6,137.2],[484.4,-137.2]],"c":true}]}],"ix":2},"nm":"Path 1","mn":"ADBE Vector Shape - Group","hd":false},{"ty":"fl","c":{"a":0,"k":[0.477999997606,0.33300000359,0.286000001197,1],"ix":4},"o":{"a":0,"k":100,"ix":5},"r":1,"bm":0,"nm":"Fill 1","mn":"ADBE Vector Graphic - Fill","hd":false},{"ty":"tr","p":{"a":0,"k":[484.65,292.65],"ix":2},"a":{"a":0,"k":[0,0],"ix":1},"s":{"a":0,"k":[100,100],"ix":3},"r":{"a":0,"k":0,"ix":6},"o":{"a":0,"k":100,"ix":7},"sk":{"a":0,"k":0,"ix":4},"sa":{"a":0,"k":0,"ix":5},"nm":"Transform"}],"nm":"Group 1","np":2,"cix":2,"bm":0,"ix":3,"mn":"ADBE Vector Group","hd":false}],"ip":0,"op":97,"st":0,"bm":0},{"ddd":0,"ind":3,"ty":3,"nm":"Null Face","parent":1,"sr":1,"ks":{"o":{"a":0,"k":0,"ix":11},"r":{"a":0,"k":0,"ix":10},"p":{"s":true,"x":{"a":0,"k":0,"ix":3},"y":{"a":1,"k":[{"i":{"x":[0.667],"y":[1]},"o":{"x":[0.333],"y":[0]},"t":6,"s":[3.183]},{"i":{"x":[0],"y":[1]},"o":{"x":[0.333],"y":[0]},"t":16,"s":[49.137]},{"i":{"x":[0],"y":[1]},"o":{"x":[0.593],"y":[0]},"t":31,"s":[-74.817]},{"i":{"x":[0.754],"y":[0.531]},"o":{"x":[0.563],"y":[0]},"t":50,"s":[-74.817]},{"i":{"x":[0.608],"y":[1]},"o":{"x":[0.183],"y":[0.739]},"t":59,"s":[0]},{"i":{"x":[0.667],"y":[1]},"o":{"x":[0.333],"y":[0]},"t":67,"s":[31.392]},{"i":{"x":[0.667],"y":[1]},"o":{"x":[0.333],"y":[0]},"t":72,"s":[-7.891]},{"t":80,"s":[3.183]}],"ix":4}},"a":{"a":0,"k":[0,0,0],"ix":1,"l":2},"s":{"a":1,"k":[{"i":{"x":[0.833,0.833,0.833],"y":[0.833,0.833,0.833]},"o":{"x":[0.333,0.333,0.333],"y":[0,0,0]},"t":6,"s":[100,100,100]},{"i":{"x":[0.389,0.389,0.667],"y":[1,1,1]},"o":{"x":[0.167,0.167,0.167],"y":[0.167,0.167,-0.333]},"t":16,"s":[89,89,100]},{"i":{"x":[0.833,0.833,0.833],"y":[0.833,0.833,1]},"o":{"x":[0.591,0.591,0.333],"y":[0,0,0]},"t":40,"s":[70,70,100]},{"i":{"x":[0.667,0.667,0.667],"y":[1,1,1]},"o":{"x":[0.167,0.167,0.167],"y":[0.167,0.167,0.167]},"t":57,"s":[94,94,100]},{"i":{"x":[0.667,0.667,0.667],"y":[1,1,1]},"o":{"x":[0.333,0.333,0.333],"y":[0,0,0]},"t":65,"s":[100,100,100]},{"t":80,"s":[100,100,100]}],"ix":6,"l":2}},"ao":0,"ip":0,"op":97,"st":0,"bm":0},{"ddd":0,"ind":4,"ty":4,"nm":"Eyes ","parent":3,"sr":1,"ks":{"o":{"a":0,"k":100,"ix":11},"r":{"a":0,"k":0,"ix":10},"p":{"a":0,"k":[0,34.4,0],"ix":2,"l":2},"a":{"a":0,"k":[200.25,87.45,0],"ix":1,"l":2},"s":{"a":0,"k":[100,100,100],"ix":6,"l":2}},"ao":0,"shapes":[{"ty":"gr","it":[{"ind":0,"ty":"sh","ix":1,"ks":{"a":1,"k":[{"i":{"x":0,"y":1},"o":{"x":0.333,"y":0},"t":21,"s":[{"i":[[6.08,6],[0,0],[4.72,-10.24],[-6.08,-6],[-4.72,10.24]],"o":[[0,0],[-10.24,-4.72],[-3.6,7.84],[10.24,4.72],[3.6,-7.76]],"v":[[11.44,-16.52],[11.44,-16.52],[-15.6,-6.52],[-11.44,16.52],[15.6,6.52]],"c":true}]},{"i":{"x":0.667,"y":1},"o":{"x":1,"y":0},"t":38,"s":[{"i":[[6.788,4.709],[0,0],[3.334,-9.424],[-6.788,-4.709],[-3.37,9.414]],"o":[[0,0],[-10.738,-3.205],[-2.549,7.211],[10.738,3.205],[2.56,-7.141]],"v":[[-2.984,-20.196],[-2.984,-20.196],[-28.44,-8.942],[-21.353,10.9],[4.104,-0.354]],"c":true}]},{"t":57,"s":[{"i":[[6.08,6],[0,0],[4.72,-10.24],[-6.08,-6],[-4.72,10.24]],"o":[[0,0],[-10.24,-4.72],[-3.6,7.84],[10.24,4.72],[3.6,-7.76]],"v":[[11.44,-16.52],[11.44,-16.52],[-15.6,-6.52],[-11.44,16.52],[15.6,6.52]],"c":true}]}],"ix":2},"nm":"Path 1","mn":"ADBE Vector Shape - Group","hd":false},{"ty":"fl","c":{"a":0,"k":[0.536999990426,0.375999989229,0.141000007181,1],"ix":4},"o":{"a":0,"k":100,"ix":5},"r":1,"bm":0,"nm":"Fill 1","mn":"ADBE Vector Graphic - Fill","hd":false},{"ty":"tr","p":{"a":0,"k":[332.81,48.05],"ix":2},"a":{"a":0,"k":[0,0],"ix":1},"s":{"a":0,"k":[100,100],"ix":3},"r":{"a":0,"k":0,"ix":6},"o":{"a":0,"k":100,"ix":7},"sk":{"a":0,"k":0,"ix":4},"sa":{"a":0,"k":0,"ix":5},"nm":"Transform"}],"nm":"Group 1","np":2,"cix":2,"bm":0,"ix":1,"mn":"ADBE Vector Group","hd":false},{"ty":"gr","it":[{"ind":0,"ty":"sh","ix":1,"ks":{"a":1,"k":[{"i":{"x":0,"y":1},"o":{"x":0.333,"y":0},"t":21,"s":[{"i":[[6.08,6],[0,0],[4.72,-10.24],[-6.08,-6],[-4.72,10.24]],"o":[[0,0],[-10.24,-4.72],[-3.6,7.84],[10.24,4.72],[3.6,-7.76]],"v":[[11.44,-16.52],[11.44,-16.52],[-15.6,-6.52],[-11.44,16.52],[15.6,6.52]],"c":true}]},{"i":{"x":0.667,"y":1},"o":{"x":1,"y":0},"t":38,"s":[{"i":[[5.249,5.828],[0,0],[5.968,-8.553],[-5.249,-5.828],[-5.999,8.536]],"o":[[0,0],[-9.53,-5.09],[-4.565,6.545],[9.53,5.09],[4.554,-6.475]],"v":[[28.16,-20.833],[28.16,-20.833],[0.124,-14.565],[1.295,6.035],[29.331,-0.233]],"c":true}]},{"t":57,"s":[{"i":[[6.08,6],[0,0],[4.72,-10.24],[-6.08,-6],[-4.72,10.24]],"o":[[0,0],[-10.24,-4.72],[-3.6,7.84],[10.24,4.72],[3.6,-7.76]],"v":[[11.44,-16.52],[11.44,-16.52],[-15.6,-6.52],[-11.44,16.52],[15.6,6.52]],"c":true}]}],"ix":2},"nm":"Path 1","mn":"ADBE Vector Shape - Group","hd":false},{"ty":"fl","c":{"a":0,"k":[0.536999990426,0.375999989229,0.141000007181,1],"ix":4},"o":{"a":0,"k":100,"ix":5},"r":1,"bm":0,"nm":"Fill 1","mn":"ADBE Vector Graphic - Fill","hd":false},{"ty":"tr","p":{"a":0,"k":[37.69,48.05],"ix":2},"a":{"a":0,"k":[0,0],"ix":1},"s":{"a":0,"k":[100,100],"ix":3},"r":{"a":0,"k":0,"ix":6},"o":{"a":0,"k":100,"ix":7},"sk":{"a":0,"k":0,"ix":4},"sa":{"a":0,"k":0,"ix":5},"nm":"Transform"}],"nm":"Group 2","np":2,"cix":2,"bm":0,"ix":2,"mn":"ADBE Vector Group","hd":false},{"ty":"gr","it":[{"ind":0,"ty":"sh","ix":1,"ks":{"a":1,"k":[{"i":{"x":0,"y":1},"o":{"x":0.333,"y":0},"t":21,"s":[{"i":[[28,0],[0,-54.4],[-28,0],[0,54.4]],"o":[[-28,0],[0,54.4],[28,0],[0,-54.4]],"v":[[0,-87.2],[-53.6,0.001],[0,87.2],[53.6,0.001]],"c":true}]},{"i":{"x":0.667,"y":1},"o":{"x":1,"y":0},"t":38,"s":[{"i":[[27.707,2.594],[6.954,-47.729],[-27.707,-2.594],[-6.954,47.729]],"o":[[-27.707,-2.594],[-6.954,47.729],[27.707,2.594],[6.954,-47.729]],"v":[[20.669,-87.24],[-43.518,-15.699],[-1.625,65.774],[62.561,-5.766]],"c":true}]},{"t":57,"s":[{"i":[[28,0],[0,-54.4],[-28,0],[0,54.4]],"o":[[-28,0],[0,54.4],[28,0],[0,-54.4]],"v":[[0,-87.2],[-53.6,0.001],[0,87.2],[53.6,0.001]],"c":true}]}],"ix":2},"nm":"Path 1","mn":"ADBE Vector Shape - Group","hd":false},{"ty":"fl","c":{"a":0,"k":[0.258999992819,0.169000004787,0.051000000449,1],"ix":4},"o":{"a":0,"k":100,"ix":5},"r":1,"bm":0,"nm":"Fill 1","mn":"ADBE Vector Graphic - Fill","hd":false},{"ty":"tr","p":{"a":0,"k":[53.85,87.45],"ix":2},"a":{"a":0,"k":[0,0],"ix":1},"s":{"a":0,"k":[100,100],"ix":3},"r":{"a":0,"k":0,"ix":6},"o":{"a":0,"k":100,"ix":7},"sk":{"a":0,"k":0,"ix":4},"sa":{"a":0,"k":0,"ix":5},"nm":"Transform"}],"nm":"Group 3","np":2,"cix":2,"bm":0,"ix":3,"mn":"ADBE Vector Group","hd":false},{"ty":"gr","it":[{"ind":0,"ty":"sh","ix":1,"ks":{"a":1,"k":[{"i":{"x":0,"y":1},"o":{"x":0.333,"y":0},"t":21,"s":[{"i":[[-28,0],[0,-54.4],[28,0],[0,54.4]],"o":[[28,0],[0,54.4],[-28,0],[0,-54.4]],"v":[[0,-87.2],[53.6,0.001],[0,87.2],[-53.6,0.001]],"c":true}]},{"i":{"x":0.667,"y":1},"o":{"x":1,"y":0},"t":38,"s":[{"i":[[-27.697,2.565],[-7.019,-47.749],[27.697,-2.565],[7.019,47.749]],"o":[[27.697,-2.565],[7.019,47.749],[-27.697,2.565],[-7.019,-47.748]],"v":[[-18.486,-87.271],[45.785,-15.643],[4.017,65.805],[-60.254,-5.823]],"c":true}]},{"t":57,"s":[{"i":[[-28,0],[0,-54.4],[28,0],[0,54.4]],"o":[[28,0],[0,54.4],[-28,0],[0,-54.4]],"v":[[0,-87.2],[53.6,0.001],[0,87.2],[-53.6,0.001]],"c":true}]}],"ix":2},"nm":"Path 1","mn":"ADBE Vector Shape - Group","hd":false},{"ty":"fl","c":{"a":0,"k":[0.258999992819,0.169000004787,0.051000000449,1],"ix":4},"o":{"a":0,"k":100,"ix":5},"r":1,"bm":0,"nm":"Fill 1","mn":"ADBE Vector Graphic - Fill","hd":false},{"ty":"tr","p":{"a":0,"k":[346.65,87.45],"ix":2},"a":{"a":0,"k":[0,0],"ix":1},"s":{"a":0,"k":[100,100],"ix":3},"r":{"a":0,"k":0,"ix":6},"o":{"a":0,"k":100,"ix":7},"sk":{"a":0,"k":0,"ix":4},"sa":{"a":0,"k":0,"ix":5},"nm":"Transform"}],"nm":"Group 4","np":2,"cix":2,"bm":0,"ix":4,"mn":"ADBE Vector Group","hd":false}],"ip":0,"op":97,"st":0,"bm":0},{"ddd":0,"ind":5,"ty":4,"nm":"Mouth matte","parent":7,"td":1,"sr":1,"ks":{"o":{"a":0,"k":100,"ix":11},"r":{"a":0,"k":0,"ix":10},"p":{"a":0,"k":[267.25,116.032,0],"ix":2,"l":2},"a":{"a":0,"k":[267.25,116.032,0],"ix":1,"l":2},"s":{"a":0,"k":[100,100,100],"ix":6,"l":2}},"ao":0,"shapes":[{"ty":"gr","it":[{"ind":0,"ty":"sh","ix":1,"ks":{"a":1,"k":[{"i":{"x":0.833,"y":0.833},"o":{"x":0.167,"y":0.167},"t":6,"s":[{"i":[[9.04,16.8],[17.92,-6.8],[71.12,0.321],[68.32,19.92],[9.36,-16.721],[-7.6,-16.72],[-114.6,-0.377],[-42.72,93.84]],"o":[[-9.36,-16.721],[-68.32,19.92],[-71.2,0.321],[-17.92,-6.72],[-9.04,16.8],[42.8,93.84],[114.6,0.377],[7.6,-16.72]],"v":[[257.76,-89.56],[210.24,-106.84],[0,-77.321],[-210.32,-106.84],[-257.76,-89.56],[-252.64,-36.68],[-0.56,113.64],[252.56,-36.68]],"c":true}]},{"i":{"x":0.833,"y":0.833},"o":{"x":0.167,"y":0.167},"t":11,"s":[{"i":[[8.245,15.441],[13.771,-6.083],[52.527,-0.448],[49.216,19.717],[6.238,-11.538],[-6.901,-15.397],[-79.014,0.014],[-17.836,46.731]],"o":[[-5.399,-11.676],[-49.403,19.476],[-52.375,-0.446],[-14.408,-6.167],[-7.195,16.153],[35.042,75.14],[79.014,-0.014],[6.242,-14.766]],"v":[[190.752,-65.824],[156.792,-85.234],[-0.341,-62.143],[-157.495,-85.223],[-191.43,-65.823],[-187.037,-16.895],[-0.855,82.109],[186.296,-16.895]],"c":true}]},{"i":{"x":0,"y":1},"o":{"x":0.167,"y":0.167},"t":21,"s":[{"i":[[8.245,15.441],[13.771,-2.26],[24.516,-0.166],[49.216,7.325],[6.238,-11.538],[-6.901,-8.185],[-36.879,0.028],[-17.836,24.843]],"o":[[-5.399,-11.676],[-49.403,7.235],[-24.446,-0.166],[-14.408,-2.291],[-7.195,16.153],[27.961,28.959],[39.792,-0.03],[6.242,-7.85]],"v":[[102.726,-65.824],[68.766,-89.103],[0.609,-82.372],[-69.469,-89.099],[-103.405,-65.823],[-98.404,-27.172],[0.35,11.978],[97.662,-27.172]],"c":true}]},{"i":{"x":0.667,"y":1},"o":{"x":0.333,"y":0},"t":44,"s":[{"i":[[5.284,16.688],[14.651,-3.463],[62.632,-0.448],[51.531,12.472],[4.523,-12.312],[-8.154,-8.169],[-94.213,0.118],[-17.135,17.486]],"o":[[-3.174,-12.466],[-52.131,10.118],[-62.45,-0.446],[-15.142,-4.042],[-4.81,17.017],[18.683,27.349],[117.997,-0.148],[8.395,-12.734]],"v":[[184.621,-60.669],[154.781,-78.931],[-2.192,-61.684],[-155.181,-80.602],[-185.992,-63.573],[-176.07,-19.456],[-2.698,56.658],[170.508,-13.81]],"c":true}]},{"i":{"x":0.667,"y":1},"o":{"x":0.333,"y":0},"t":50,"s":[{"i":[[9.04,16.8],[17.92,-6.8],[71.12,0.321],[68.32,19.92],[9.36,-16.721],[-5.91,-17.39],[-152.519,-3.629],[-49.081,139.686]],"o":[[-9.36,-16.721],[-68.32,19.92],[-71.2,0.321],[-17.92,-6.72],[-9.04,16.8],[47.92,141.007],[152.519,3.629],[6.088,-17.328]],"v":[[257.76,-133.177],[210.24,-150.457],[0,-120.938],[-210.32,-150.457],[-257.76,-133.177],[-259.245,-80.297],[-0.56,150.874],[259.165,-80.297]],"c":true}]},{"i":{"x":0.667,"y":1},"o":{"x":0.167,"y":0},"t":67,"s":[{"i":[[9.04,16.017],[17.92,-6.483],[71.12,0.306],[68.32,18.991],[9.36,-15.941],[-7.621,-14.673],[-114.6,-0.331],[-42.667,82.431]],"o":[[-9.36,-15.941],[-68.32,18.991],[-71.2,0.306],[-17.92,-6.407],[-9.04,16.017],[42.8,82.406],[114.6,0.331],[7.6,-14.683]],"v":[[257.76,-94.683],[210.24,-111.157],[0,-83.015],[-210.32,-111.157],[-257.76,-94.683],[-252.64,-45.526],[-0.56,86.477],[252.56,-45.526]],"c":true}]},{"i":{"x":0.667,"y":1},"o":{"x":0.167,"y":0},"t":72,"s":[{"i":[[9.04,16.8],[17.92,-6.8],[71.12,0.321],[68.32,19.92],[9.36,-16.721],[-7.6,-16.72],[-114.6,-0.377],[-42.72,93.84]],"o":[[-9.36,-16.721],[-68.32,19.92],[-71.2,0.321],[-17.92,-6.72],[-9.04,16.8],[42.8,93.84],[114.6,0.377],[7.6,-16.72]],"v":[[257.76,-89.56],[210.24,-106.84],[0,-77.321],[-210.32,-106.84],[-257.76,-89.56],[-252.64,-36.68],[-0.56,117.64],[252.56,-36.68]],"c":true}]},{"t":80,"s":[{"i":[[9.04,16.8],[17.92,-6.8],[71.12,0.321],[68.32,19.92],[9.36,-16.721],[-7.6,-16.72],[-114.6,-0.377],[-42.72,93.84]],"o":[[-9.36,-16.721],[-68.32,19.92],[-71.2,0.321],[-17.92,-6.72],[-9.04,16.8],[42.8,93.84],[114.6,0.377],[7.6,-16.72]],"v":[[257.76,-89.56],[210.24,-106.84],[0,-77.321],[-210.32,-106.84],[-257.76,-89.56],[-252.64,-36.68],[-0.56,113.64],[252.56,-36.68]],"c":true}]}],"ix":2},"nm":"Path 1","mn":"ADBE Vector Shape - Group","hd":false},{"ty":"fl","c":{"a":0,"k":[0.258999992819,0.169000004787,0.051000000449,1],"ix":4},"o":{"a":0,"k":100,"ix":5},"r":1,"bm":0,"nm":"Fill 1","mn":"ADBE Vector Graphic - Fill","hd":false},{"ty":"tr","p":{"a":0,"k":[267.21,113.89],"ix":2},"a":{"a":0,"k":[0,0],"ix":1},"s":{"a":0,"k":[100,100],"ix":3},"r":{"a":0,"k":0,"ix":6},"o":{"a":0,"k":100,"ix":7},"sk":{"a":0,"k":0,"ix":4},"sa":{"a":0,"k":0,"ix":5},"nm":"Transform"}],"nm":"Group 4","np":2,"cix":2,"bm":0,"ix":1,"mn":"ADBE Vector Group","hd":false}],"ip":0,"op":97,"st":0,"bm":0},{"ddd":0,"ind":6,"ty":4,"nm":"Tongue","parent":7,"tt":1,"sr":1,"ks":{"o":{"a":0,"k":100,"ix":11},"r":{"a":0,"k":0,"ix":10},"p":{"a":0,"k":[267.25,116.032,0],"ix":2,"l":2},"a":{"a":0,"k":[267.25,116.032,0],"ix":1,"l":2},"s":{"a":0,"k":[100,100,100],"ix":6,"l":2}},"ao":0,"shapes":[{"ty":"gr","it":[{"ind":0,"ty":"sh","ix":1,"ks":{"a":1,"k":[{"i":{"x":0.833,"y":0.833},"o":{"x":0.167,"y":0.167},"t":6,"s":[{"i":[[6.83,6.246],[36.16,-0.721],[29.2,-23.28],[1.6,-2.16],[-59.29,1.624],[-32.94,15.807]],"o":[[-27.2,-23.841],[-37.36,-0.801],[-6.98,6.447],[36.64,14.321],[59.29,-1.624],[-1.2,-2.399]],"v":[[101.64,1.761],[3.16,-34.239],[-99.8,0.56],[-125.66,24.19],[2.93,53.631],[120.66,26.7]],"c":true}]},{"i":{"x":0.833,"y":0.833},"o":{"x":0.167,"y":0.167},"t":11,"s":[{"i":[[6.83,4.343],[36.16,-0.501],[29.2,-16.188],[1.6,-1.502],[-59.29,1.129],[-32.94,10.991]],"o":[[-27.2,-16.578],[-37.36,-0.557],[-6.98,4.483],[36.64,9.958],[59.29,-1.129],[-1.2,-1.668]],"v":[[101.64,5.365],[3.16,-19.668],[-99.8,4.529],[-125.66,20.961],[2.93,41.433],[120.66,22.706]],"c":true}]},{"i":{"x":0.667,"y":1},"o":{"x":0.167,"y":0.167},"t":50,"s":[{"i":[[30.226,24.107],[36.16,-0.701],[34.207,-27.26],[1.6,-2.099],[-59.29,1.578],[-32.94,15.361]],"o":[[-30.226,-24.107],[-37.36,-0.778],[-34.207,27.26],[36.64,13.917],[59.29,-1.578],[-1.2,-2.331]],"v":[[101.64,54.936],[3.16,19.95],[-99.8,53.769],[-145.019,127.58],[2.44,155.344],[143.357,126.238]],"c":true}]},{"i":{"x":0.667,"y":1},"o":{"x":0.333,"y":0},"t":67,"s":[{"i":[[6.83,6.246],[36.16,-0.721],[29.2,-23.28],[1.6,-2.16],[-59.29,1.624],[-32.94,15.807]],"o":[[-27.2,-23.841],[-37.36,-0.801],[-6.98,6.447],[36.64,14.321],[59.29,-1.624],[-1.2,-2.399]],"v":[[101.64,-6.239],[3.16,-42.239],[-99.8,-7.44],[-125.66,16.19],[2.93,45.631],[120.66,18.7]],"c":true}]},{"t":72,"s":[{"i":[[6.83,6.246],[36.16,-0.721],[29.2,-23.28],[1.6,-2.16],[-59.29,1.624],[-32.94,15.807]],"o":[[-27.2,-23.841],[-37.36,-0.801],[-6.98,6.447],[36.64,14.321],[59.29,-1.624],[-1.2,-2.399]],"v":[[101.64,1.761],[3.16,-34.239],[-99.8,0.56],[-125.66,24.19],[2.93,53.631],[120.66,26.7]],"c":true}]}],"ix":2},"nm":"Path 1","mn":"ADBE Vector Shape - Group","hd":false},{"ty":"fl","c":{"a":0,"k":[0.929000016755,0.46699999641,0.438999998803,1],"ix":4},"o":{"a":0,"k":100,"ix":5},"r":1,"bm":0,"nm":"Fill 1","mn":"ADBE Vector Graphic - Fill","hd":false},{"ty":"tr","p":{"a":0,"k":[264.53,192.65],"ix":2},"a":{"a":0,"k":[0,0],"ix":1},"s":{"a":0,"k":[100,100],"ix":3},"r":{"a":0,"k":0,"ix":6},"o":{"a":0,"k":100,"ix":7},"sk":{"a":0,"k":0,"ix":4},"sa":{"a":0,"k":0,"ix":5},"nm":"Transform"}],"nm":"Group 3","np":2,"cix":2,"bm":0,"ix":1,"mn":"ADBE Vector Group","hd":false}],"ip":0,"op":97,"st":0,"bm":0},{"ddd":0,"ind":7,"ty":4,"nm":"Mouth","parent":3,"sr":1,"ks":{"o":{"a":0,"k":100,"ix":11},"r":{"a":0,"k":0,"ix":10},"p":{"s":true,"x":{"a":0,"k":0,"ix":3},"y":{"a":1,"k":[{"i":{"x":[0.833],"y":[0.833]},"o":{"x":[0.167],"y":[0.167]},"t":6,"s":[289.942]},{"i":{"x":[0.833],"y":[0.833]},"o":{"x":[0.167],"y":[0.167]},"t":11,"s":[270.894]},{"i":{"x":[0.667],"y":[1]},"o":{"x":[0.167],"y":[0]},"t":21,"s":[270.894]},{"i":{"x":[0.667],"y":[1]},"o":{"x":[0.333],"y":[0]},"t":44,"s":[270.894]},{"i":{"x":[0.667],"y":[1]},"o":{"x":[0.333],"y":[0]},"t":50,"s":[342.783]},{"i":{"x":[0.667],"y":[1]},"o":{"x":[0.167],"y":[0]},"t":67,"s":[289.942]},{"i":{"x":[0.667],"y":[1]},"o":{"x":[0.167],"y":[0]},"t":72,"s":[289.942]},{"t":80,"s":[289.942]}],"ix":4}},"a":{"a":0,"k":[267.25,116.032,0],"ix":1,"l":2},"s":{"a":0,"k":[100,100,100],"ix":6,"l":2}},"ao":0,"shapes":[{"ty":"gr","it":[{"ind":0,"ty":"sh","ix":1,"ks":{"a":1,"k":[{"i":{"x":0.833,"y":0.833},"o":{"x":0.167,"y":0.167},"t":6,"s":[{"i":[[9.04,16.8],[18.08,-6.8],[71.12,0.319],[68.32,19.92],[9.36,-16.721],[-7.6,-16.72],[-4.08,-7.12],[-12.32,15.04],[-7.6,0.48],[-2.96,-0.96],[-72.48,0.24],[0,0],[-69.52,20.24],[-3.12,0],[-4.16,-6.401],[0,0],[-3.68,7.519]],"o":[[-9.52,-16.801],[-68.32,19.92],[-71.12,0.319],[-17.92,-6.72],[-9.04,16.8],[3.44,7.519],[0,0],[4.16,-6.32],[3.12,0],[69.6,20.24],[0,0],[72.4,0.24],[2.96,-0.96],[7.6,0.399],[12.24,15.04],[4.08,-7.12],[7.6,-16.721]],"v":[[257.96,-25.36],[209.96,-42.72],[-0.28,-13.2],[-210.52,-42.72],[-257.96,-25.44],[-252.84,27.44],[-241.48,49.44],[-243.32,-17.52],[-224.68,-28.32],[-215.48,-26.8],[-1.24,3.44],[1.08,3.44],[215.08,-26.8],[224.28,-28.32],[243,-17.52],[241.16,49.52],[252.84,27.52]],"c":true}]},{"i":{"x":0.833,"y":0.833},"o":{"x":0.167,"y":0.167},"t":11,"s":[{"i":[[8.265,15.433],[13.875,-6.062],[52.546,-0.448],[49.185,19.694],[6.254,-11.547],[-6.91,-15.394],[-3.075,-6.974],[-9.355,17.703],[-4.962,0.885],[-1.806,-0.763],[-54.073,-0.479],[-0.853,0],[-50.941,18.993],[-2.031,-0.171],[-3.179,-6.205],[3.637,-18.076],[-3.085,6.95]],"o":[[-5.516,-11.738],[-49.418,19.496],[-52.341,-0.446],[-14.417,-6.168],[-7.207,16.152],[2.884,6.95],[-3.746,-18.612],[3.188,-6.127],[2.037,-0.169],[50.987,18.95],[0.853,0],[54.049,-0.48],[1.801,-0.763],[4.946,0.809],[9.591,17.109],[3.066,-6.976],[6.257,-14.768]],"v":[[190.923,-1.623],[156.611,-21.131],[-0.601,1.977],[-157.629,-21.091],[-191.611,-1.701],[-187.211,47.225],[-178.182,68.098],[-179.58,5.563],[-166.408,-5.669],[-160.605,-4.706],[-1.484,19.361],[0.649,19.361],[159.674,-4.731],[165.459,-5.691],[178.648,5.554],[177.253,68.176],[186.524,47.299]],"c":true}]},{"i":{"x":0,"y":1},"o":{"x":0.167,"y":0.167},"t":21,"s":[{"i":[[8.265,15.433],[13.875,-2.252],[24.525,-0.166],[49.185,7.317],[6.254,-11.547],[-6.91,-8.184],[-3.076,-3.573],[-9.355,17.703],[-4.962,0.228],[-1.806,-0.197],[-25.238,-0.124],[-0.398,0],[-50.941,4.897],[-2.031,-0.044],[-3.179,-6.205],[3.637,-9.61],[-3.085,3.695]],"o":[[-5.516,-11.738],[-49.418,7.243],[-24.429,-0.166],[-14.417,-2.291],[-7.207,16.152],[2.884,3.695],[-3.746,-9.894],[3.188,-6.127],[2.037,-0.044],[50.987,4.885],[0.398,0],[25.227,-0.124],[1.801,-0.197],[4.946,0.209],[9.591,17.109],[3.551,-3.842],[6.257,-7.851]],"v":[[102.897,-1.623],[68.585,-24.99],[0.466,-18.252],[-69.604,-24.975],[-103.585,-1.701],[-99.186,35.138],[-88.941,45.933],[-91.554,5.563],[-78.382,-5.812],[-72.58,-5.563],[0.054,2.397],[1.049,2.397],[71.648,-5.57],[77.433,-5.817],[90.622,5.554],[89.227,46.057],[98.498,35.177]],"c":true}]},{"i":{"x":0.667,"y":1},"o":{"x":0.333,"y":0},"t":44,"s":[{"i":[[5.305,16.683],[14.75,-3.423],[62.653,-0.448],[51.497,12.454],[4.537,-12.323],[-8.163,-8.165],[0,0],[-6.726,18.859],[-4.784,1.586],[-1.896,-0.497],[-64.475,-0.479],[-1.017,0],[-53.555,9.363],[-1.965,-0.539],[-1.991,-6.682],[0,0],[-3.796,3.542]],"o":[[-3.278,-12.548],[-52.149,10.135],[-62.409,-0.446],[-15.152,-4.041],[-4.822,17.017],[3.451,3.72],[0,0],[2.279,-6.52],[1.992,-0.459],[53.174,11.459],[1.017,0],[64.446,-0.48],[1.91,-0.421],[4.715,1.7],[6.302,18.574],[0,0],[7.773,-7.58]],"v":[[184.773,3.568],[154.605,-14.854],[-2.495,2.436],[-155.313,-16.457],[-186.17,0.569],[-176.668,46.089],[-171.475,50.79],[-173.224,13.065],[-161.794,0.063],[-155.914,0.186],[-3.547,19.82],[-1.004,19.82],[154.618,1.83],[160.482,1.944],[171.393,15.409],[166.234,56.19],[173.878,48.646]],"c":true}]},{"i":{"x":0.667,"y":1},"o":{"x":0.333,"y":0},"t":50,"s":[{"i":[[9.04,16.8],[18.08,-6.8],[71.12,0.319],[68.32,19.92],[9.36,-16.721],[-2.449,-14.875],[-1.26,-6.145],[-12.32,15.04],[-7.6,0.48],[-2.96,-0.96],[-72.48,0.24],[0,0],[-69.52,20.24],[-3.12,0],[-4.16,-6.401],[0,0],[-1.844,11.935]],"o":[[-9.52,-16.801],[-68.32,19.92],[-71.12,0.319],[-17.92,-6.72],[-9.04,16.8],[1.451,8.813],[0,0],[4.16,-6.32],[3.12,0],[69.6,20.24],[0,0],[72.4,0.24],[2.96,-0.96],[7.6,0.399],[12.24,15.04],[4.08,-7.12],[1.336,-8.65]],"v":[[257.96,-68.977],[209.96,-86.337],[-0.28,-56.817],[-210.52,-86.337],[-257.96,-69.057],[-261.427,-16.177],[-249.736,5.807],[-243.32,-61.137],[-224.68,-71.937],[-215.48,-70.417],[-1.24,-40.177],[1.08,-40.177],[215.08,-70.417],[224.28,-71.937],[243,-61.137],[248.756,5.967],[262.087,-21.85]],"c":true}]},{"i":{"x":0.667,"y":1},"o":{"x":0.167,"y":0},"t":67,"s":[{"i":[[9.04,16.017],[18.08,-6.483],[71.12,0.304],[68.32,18.991],[9.36,-15.941],[-7.64,-14.664],[-4.08,-6.252],[-12.32,14.339],[-7.6,0.458],[-2.96,-0.915],[-72.48,0.229],[0,0],[-69.52,19.296],[-3.12,0],[-4.16,-6.103],[0,0],[-3.68,6.603]],"o":[[-9.52,-16.018],[-68.32,18.991],[-71.12,0.304],[-17.92,-6.407],[-9.04,16.017],[3.44,6.603],[0,0],[4.16,-6.025],[3.12,0],[69.6,19.296],[0,0],[72.4,0.229],[2.96,-0.915],[7.6,0.38],[12.24,14.339],[4.08,-6.252],[7.6,-14.684]],"v":[[257.96,-30.487],[209.96,-47.037],[-0.28,-18.894],[-210.52,-47.037],[-257.96,-30.563],[-252.84,18.594],[-241.48,37.913],[-243.32,-23.012],[-224.68,-33.309],[-215.48,-31.859],[-1.24,-3.03],[1.08,-3.03],[215.08,-31.859],[224.28,-33.309],[243,-23.012],[241.16,37.983],[252.84,18.664]],"c":true}]},{"i":{"x":0.667,"y":1},"o":{"x":0.167,"y":0},"t":72,"s":[{"i":[[9.04,16.8],[18.08,-6.8],[71.12,0.319],[68.32,19.92],[9.36,-16.721],[-7.6,-16.72],[-4.08,-7.12],[-12.32,15.04],[-7.6,0.48],[-2.96,-0.96],[-72.48,0.24],[0,0],[-69.52,20.24],[-3.12,0],[-4.16,-6.401],[0,0],[-3.68,7.519]],"o":[[-9.52,-16.801],[-68.32,19.92],[-71.12,0.319],[-17.92,-6.72],[-9.04,16.8],[3.44,7.519],[0,0],[4.16,-6.32],[3.12,0],[69.6,20.24],[0,0],[72.4,0.24],[2.96,-0.96],[7.6,0.399],[12.24,15.04],[4.08,-7.12],[7.6,-16.721]],"v":[[257.96,-25.36],[209.96,-42.72],[-0.28,-13.2],[-210.52,-42.72],[-257.96,-25.44],[-252.84,27.44],[-241.48,53.44],[-243.32,-17.52],[-224.68,-28.32],[-215.48,-26.8],[-1.24,3.44],[1.08,3.44],[215.08,-26.8],[224.28,-28.32],[243,-17.52],[241.16,53.52],[252.84,27.52]],"c":true}]},{"t":80,"s":[{"i":[[9.04,16.8],[18.08,-6.8],[71.12,0.319],[68.32,19.92],[9.36,-16.721],[-7.6,-16.72],[-4.08,-7.12],[-12.32,15.04],[-7.6,0.48],[-2.96,-0.96],[-72.48,0.24],[0,0],[-69.52,20.24],[-3.12,0],[-4.16,-6.401],[0,0],[-3.68,7.519]],"o":[[-9.52,-16.801],[-68.32,19.92],[-71.12,0.319],[-17.92,-6.72],[-9.04,16.8],[3.44,7.519],[0,0],[4.16,-6.32],[3.12,0],[69.6,20.24],[0,0],[72.4,0.24],[2.96,-0.96],[7.6,0.399],[12.24,15.04],[4.08,-7.12],[7.6,-16.721]],"v":[[257.96,-25.36],[209.96,-42.72],[-0.28,-13.2],[-210.52,-42.72],[-257.96,-25.44],[-252.84,27.44],[-241.48,49.44],[-243.32,-17.52],[-224.68,-28.32],[-215.48,-26.8],[-1.24,3.44],[1.08,3.44],[215.08,-26.8],[224.28,-28.32],[243,-17.52],[241.16,49.52],[252.84,27.52]],"c":true}]}],"ix":2},"nm":"Path 1","mn":"ADBE Vector Shape - Group","hd":false},{"ty":"fl","c":{"a":0,"k":[0.922000002394,0.560999971278,0,1],"ix":4},"o":{"a":0,"k":100,"ix":5},"r":1,"bm":0,"nm":"Fill 1","mn":"ADBE Vector Graphic - Fill","hd":false},{"ty":"tr","p":{"a":0,"k":[267.25,49.77],"ix":2},"a":{"a":0,"k":[0,0],"ix":1},"s":{"a":0,"k":[100,100],"ix":3},"r":{"a":0,"k":0,"ix":6},"o":{"a":0,"k":100,"ix":7},"sk":{"a":0,"k":0,"ix":4},"sa":{"a":0,"k":0,"ix":5},"nm":"Transform"}],"nm":"Group 1","np":2,"cix":2,"bm":0,"ix":1,"mn":"ADBE Vector Group","hd":false},{"ty":"gr","it":[{"ind":0,"ty":"sh","ix":1,"ks":{"a":1,"k":[{"i":{"x":0.833,"y":0.833},"o":{"x":0.167,"y":0.167},"t":6,"s":[{"i":[[17.92,-6.8],[71.12,0.319],[68.32,19.92],[9.36,-16.72],[0.72,-2.8],[-3.28,-1.199],[-89.52,1.04],[-77.6,36.879],[-2.32,1.2],[2.08,3.92]],"o":[[-68.32,19.92],[-71.2,0.319],[-17.92,-6.72],[-1.36,2.56],[2.24,1.12],[80,40.08],[85.92,0.96],[3.12,-1.281],[-0.56,-4.4],[-9.36,-16.72]],"v":[[209.8,-41.2],[-0.44,-11.679],[-210.76,-41.2],[-258.2,-23.92],[-261.24,-15.92],[-253.24,-12.48],[4.76,46.96],[253.24,-7.679],[261.24,-11.44],[257.32,-23.92]],"c":true}]},{"i":{"x":0.833,"y":0.833},"o":{"x":0.167,"y":0.167},"t":11,"s":[{"i":[[13.771,-6.083],[52.527,-0.448],[49.216,19.717],[6.238,-11.538],[0.652,-2.652],[-2.75,-1.068],[-73.592,-0.592],[-40.924,24.135],[-2.118,1.108],[1.828,3.822]],"o":[[-49.403,19.476],[-52.375,-0.446],[-14.408,-6.167],[-1.196,2.496],[2.029,1.042],[47.677,31.431],[69.994,0.564],[2.636,-1.142],[-0.511,-4.116],[-5.398,-11.676]],"v":[[156.353,-19.594],[-0.781,3.497],[-157.935,-19.582],[-191.87,-0.182],[-194.584,7.499],[-188.799,24.305],[-2.447,64.734],[188.474,24.305],[193.823,11.715],[190.312,-0.183]],"c":true}]},{"i":{"x":0,"y":1},"o":{"x":0.167,"y":0.167},"t":21,"s":[{"i":[[13.771,-2.26],[24.516,-0.166],[49.216,7.325],[6.238,-11.538],[0.652,-2.652],[0,0],[-49.633,0.24],[0,0],[-2.118,1.108],[1.828,3.822]],"o":[[-49.403,7.235],[-24.446,-0.166],[-14.408,-2.291],[-1.196,2.496],[2.029,1.042],[0,0],[49.633,-0.24],[0,0],[-0.511,-4.116],[-5.398,-11.676]],"v":[[68.327,-23.463],[0.169,-16.732],[-69.909,-23.459],[-103.845,-0.182],[-106.558,7.499],[-72.56,-12.795],[-0.348,-5.139],[73.368,-13.402],[105.797,11.715],[102.286,-0.183]],"c":true}]},{"i":{"x":0.667,"y":1},"o":{"x":0.333,"y":0},"t":44,"s":[{"i":[[14.651,-3.463],[62.632,-0.448],[51.531,12.472],[4.523,-12.312],[0.266,-2.718],[-2.874,-0.664],[-87.748,-0.592],[-16.491,20.045],[-2.285,0.702],[1.098,4.092]],"o":[[-52.131,10.118],[-62.45,-0.446],[-15.142,-4.042],[-0.827,2.641],[2.157,0.741],[32.521,19.424],[83.458,0.564],[2.8,-0.641],[0.25,-4.14],[-3.174,-12.466]],"v":[[154.341,-13.291],[-2.632,3.956],[-155.621,-14.961],[-186.431,2.067],[-188.018,10.058],[-177.698,14.05],[-4.591,52.318],[179.141,11.32],[185.458,17.311],[184.181,4.971]],"c":true}]},{"i":{"x":0.667,"y":1},"o":{"x":0.333,"y":0},"t":50,"s":[{"i":[[17.92,-6.8],[71.12,0.319],[68.32,19.92],[9.36,-16.72],[0.72,-2.8],[-3.28,-1.199],[-89.52,1.04],[-77.6,36.879],[-2.32,1.2],[2.08,3.92]],"o":[[-68.32,19.92],[-71.2,0.319],[-17.92,-6.72],[-1.36,2.56],[2.24,1.12],[80,40.08],[85.92,0.96],[3.12,-1.281],[-0.56,-4.4],[-9.36,-16.72]],"v":[[209.8,-84.817],[-0.44,-55.296],[-210.76,-84.817],[-258.2,-67.537],[-261.24,-59.537],[-253.24,-56.097],[4.76,3.343],[253.24,-51.296],[261.24,-55.057],[257.32,-67.537]],"c":true}]},{"i":{"x":0.667,"y":1},"o":{"x":0.167,"y":0},"t":67,"s":[{"i":[[17.92,-6.8],[71.12,0.319],[68.32,19.92],[9.36,-16.72],[0.72,-2.8],[-3.28,-1.199],[-89.52,1.04],[-77.6,36.879],[-2.32,1.2],[2.08,3.92]],"o":[[-68.32,19.92],[-71.2,0.319],[-17.92,-6.72],[-1.36,2.56],[2.24,1.12],[80,40.08],[85.92,0.96],[3.12,-1.281],[-0.56,-4.4],[-9.36,-16.72]],"v":[[209.8,-45.2],[-0.44,-15.679],[-210.76,-45.2],[-258.2,-27.92],[-261.24,-19.92],[-253.24,-16.48],[4.76,40.96],[253.24,-11.679],[261.24,-15.44],[257.32,-27.92]],"c":true}]},{"i":{"x":0.667,"y":1},"o":{"x":0.167,"y":0},"t":72,"s":[{"i":[[17.92,-6.8],[71.12,0.319],[68.32,19.92],[9.36,-16.72],[0.72,-2.8],[-3.28,-1.199],[-89.52,1.04],[-77.6,36.879],[-2.32,1.2],[2.08,3.92]],"o":[[-68.32,19.92],[-71.2,0.319],[-17.92,-6.72],[-1.36,2.56],[2.24,1.12],[80,40.08],[85.92,0.96],[3.12,-1.281],[-0.56,-4.4],[-9.36,-16.72]],"v":[[209.8,-41.2],[-0.44,-11.679],[-210.76,-41.2],[-258.2,-23.92],[-261.24,-15.92],[-253.24,-12.48],[4.76,46.96],[253.24,-7.679],[261.24,-11.44],[257.32,-23.92]],"c":true}]},{"t":80,"s":[{"i":[[17.92,-6.8],[71.12,0.319],[68.32,19.92],[9.36,-16.72],[0.72,-2.8],[-3.28,-1.199],[-89.52,1.04],[-77.6,36.879],[-2.32,1.2],[2.08,3.92]],"o":[[-68.32,19.92],[-71.2,0.319],[-17.92,-6.72],[-1.36,2.56],[2.24,1.12],[80,40.08],[85.92,0.96],[3.12,-1.281],[-0.56,-4.4],[-9.36,-16.72]],"v":[[209.8,-41.2],[-0.44,-11.679],[-210.76,-41.2],[-258.2,-23.92],[-261.24,-15.92],[-253.24,-12.48],[4.76,46.96],[253.24,-7.679],[261.24,-11.44],[257.32,-23.92]],"c":true}]}],"ix":2},"nm":"Path 1","mn":"ADBE Vector Shape - Group","hd":false},{"ty":"fl","c":{"a":0,"k":[1,1,1,1],"ix":4},"o":{"a":0,"k":100,"ix":5},"r":1,"bm":0,"nm":"Fill 1","mn":"ADBE Vector Graphic - Fill","hd":false},{"ty":"tr","p":{"a":0,"k":[267.65,48.25],"ix":2},"a":{"a":0,"k":[0,0],"ix":1},"s":{"a":0,"k":[100,100],"ix":3},"r":{"a":0,"k":0,"ix":6},"o":{"a":0,"k":100,"ix":7},"sk":{"a":0,"k":0,"ix":4},"sa":{"a":0,"k":0,"ix":5},"nm":"Transform"}],"nm":"Group 2","np":2,"cix":2,"bm":0,"ix":2,"mn":"ADBE Vector Group","hd":false},{"ty":"gr","it":[{"ind":0,"ty":"sh","ix":1,"ks":{"a":1,"k":[{"i":{"x":0.833,"y":0.833},"o":{"x":0.167,"y":0.167},"t":6,"s":[{"i":[[9.04,16.8],[17.92,-6.8],[71.12,0.321],[68.32,19.92],[9.36,-16.721],[-7.6,-16.72],[-114.6,-0.377],[-42.72,93.84]],"o":[[-9.36,-16.721],[-68.32,19.92],[-71.2,0.321],[-17.92,-6.72],[-9.04,16.8],[42.8,93.84],[114.6,0.377],[7.6,-16.72]],"v":[[257.76,-89.56],[210.24,-106.84],[0,-77.321],[-210.32,-106.84],[-257.76,-89.56],[-252.64,-36.68],[-0.56,113.64],[252.56,-36.68]],"c":true}]},{"i":{"x":0.833,"y":0.833},"o":{"x":0.167,"y":0.167},"t":11,"s":[{"i":[[8.245,15.441],[13.771,-6.083],[52.527,-0.448],[49.216,19.717],[6.238,-11.538],[-6.901,-15.397],[-79.014,0.014],[-17.836,46.731]],"o":[[-5.399,-11.676],[-49.403,19.476],[-52.375,-0.446],[-14.408,-6.167],[-7.195,16.153],[35.042,75.14],[79.014,-0.014],[6.242,-14.766]],"v":[[190.752,-65.824],[156.792,-85.234],[-0.341,-62.143],[-157.495,-85.223],[-191.43,-65.823],[-187.037,-16.895],[-0.855,82.109],[186.296,-16.895]],"c":true}]},{"i":{"x":0,"y":1},"o":{"x":0.167,"y":0.167},"t":21,"s":[{"i":[[8.245,15.441],[13.771,-2.26],[24.516,-0.166],[49.216,7.325],[6.238,-11.538],[-6.901,-8.185],[-36.879,0.028],[-17.836,24.843]],"o":[[-5.399,-11.676],[-49.403,7.235],[-24.446,-0.166],[-14.408,-2.291],[-7.195,16.153],[27.961,28.959],[39.792,-0.03],[6.242,-7.85]],"v":[[102.726,-65.824],[68.766,-89.103],[0.609,-82.372],[-69.469,-89.099],[-103.405,-65.823],[-98.404,-27.172],[0.35,11.978],[97.662,-27.172]],"c":true}]},{"i":{"x":0.667,"y":1},"o":{"x":0.333,"y":0},"t":44,"s":[{"i":[[5.284,16.688],[14.651,-3.463],[62.632,-0.448],[51.531,12.472],[4.523,-12.312],[-8.154,-8.169],[-94.213,0.118],[-17.135,17.486]],"o":[[-3.174,-12.466],[-52.131,10.118],[-62.45,-0.446],[-15.142,-4.042],[-4.81,17.017],[18.683,27.349],[117.997,-0.148],[8.395,-12.734]],"v":[[184.621,-60.669],[154.781,-78.931],[-2.192,-61.684],[-155.181,-80.602],[-185.992,-63.573],[-176.07,-19.455],[-2.698,56.658],[170.508,-13.81]],"c":true}]},{"i":{"x":0.667,"y":1},"o":{"x":0.333,"y":0},"t":50,"s":[{"i":[[9.04,16.8],[17.92,-6.8],[71.12,0.321],[68.32,19.92],[9.36,-16.721],[-5.91,-17.39],[-152.519,-3.629],[-49.081,139.686]],"o":[[-9.36,-16.721],[-68.32,19.92],[-71.2,0.321],[-17.92,-6.72],[-9.04,16.8],[47.92,141.007],[152.519,3.629],[6.088,-17.328]],"v":[[257.76,-133.177],[210.24,-150.457],[0,-120.938],[-210.32,-150.457],[-257.76,-133.177],[-259.245,-80.297],[-0.56,150.874],[259.165,-80.297]],"c":true}]},{"i":{"x":0.667,"y":1},"o":{"x":0.167,"y":0},"t":67,"s":[{"i":[[9.04,16.017],[17.92,-6.483],[71.12,0.306],[68.32,18.991],[9.36,-15.941],[-7.621,-14.673],[-114.6,-0.331],[-42.667,82.431]],"o":[[-9.36,-15.941],[-68.32,18.991],[-71.2,0.306],[-17.92,-6.407],[-9.04,16.017],[42.8,82.406],[114.6,0.331],[7.6,-14.683]],"v":[[257.76,-94.683],[210.24,-111.157],[0,-83.015],[-210.32,-111.157],[-257.76,-94.683],[-252.64,-45.526],[-0.56,86.477],[252.56,-45.526]],"c":true}]},{"i":{"x":0.667,"y":1},"o":{"x":0.167,"y":0},"t":72,"s":[{"i":[[9.04,16.8],[17.92,-6.8],[71.12,0.321],[68.32,19.92],[9.36,-16.721],[-7.6,-16.72],[-114.6,-0.377],[-42.72,93.84]],"o":[[-9.36,-16.721],[-68.32,19.92],[-71.2,0.321],[-17.92,-6.72],[-9.04,16.8],[42.8,93.84],[114.6,0.377],[7.6,-16.72]],"v":[[257.76,-89.56],[210.24,-106.84],[0,-77.321],[-210.32,-106.84],[-257.76,-89.56],[-252.64,-36.68],[-0.56,117.64],[252.56,-36.68]],"c":true}]},{"t":80,"s":[{"i":[[9.04,16.8],[17.92,-6.8],[71.12,0.321],[68.32,19.92],[9.36,-16.721],[-7.6,-16.72],[-114.6,-0.377],[-42.72,93.84]],"o":[[-9.36,-16.721],[-68.32,19.92],[-71.2,0.321],[-17.92,-6.72],[-9.04,16.8],[42.8,93.84],[114.6,0.377],[7.6,-16.72]],"v":[[257.76,-89.56],[210.24,-106.84],[0,-77.321],[-210.32,-106.84],[-257.76,-89.56],[-252.64,-36.68],[-0.56,113.64],[252.56,-36.68]],"c":true}]}],"ix":2},"nm":"Path 1","mn":"ADBE Vector Shape - Group","hd":false},{"ty":"fl","c":{"a":0,"k":[0.258999992819,0.169000004787,0.051000000449,1],"ix":4},"o":{"a":0,"k":100,"ix":5},"r":1,"bm":0,"nm":"Fill 1","mn":"ADBE Vector Graphic - Fill","hd":false},{"ty":"tr","p":{"a":0,"k":[267.21,113.89],"ix":2},"a":{"a":0,"k":[0,0],"ix":1},"s":{"a":0,"k":[100,100],"ix":3},"r":{"a":0,"k":0,"ix":6},"o":{"a":0,"k":100,"ix":7},"sk":{"a":0,"k":0,"ix":4},"sa":{"a":0,"k":0,"ix":5},"nm":"Transform"}],"nm":"Group 4","np":2,"cix":2,"bm":0,"ix":3,"mn":"ADBE Vector Group","hd":false}],"ip":0,"op":97,"st":0,"bm":0},{"ddd":0,"ind":8,"ty":4,"nm":"base matte","parent":10,"td":1,"sr":1,"ks":{"o":{"a":0,"k":100,"ix":11},"r":{"a":0,"k":0,"ix":10},"p":{"s":true,"x":{"a":0,"k":-2,"ix":3},"y":{"a":0,"k":-3,"ix":4}},"a":{"a":0,"k":[0,0,0],"ix":1,"l":2},"s":{"a":0,"k":[100,100,100],"ix":6,"l":2}},"ao":0,"shapes":[{"ty":"gr","it":[{"ind":0,"ty":"sh","ix":1,"ks":{"a":0,"k":{"i":[[15.4,0],[11.247,10.596],[0,17.802],[-27.9,0],[-10.6,-9.3],[0,-16.9],[11.5,-10.2]],"o":[[-14.966,0],[-9.72,-9.157],[0,-38.4],[15.5,0],[11.5,10.2],[0,16.9],[-10.6,9.3]],"v":[[0,55.9],[-41.811,40.269],[-58,0],[0,-55.9],[40.4,-41.5],[58,0],[40.4,41.4]],"c":true},"ix":2},"nm":"Path 1","mn":"ADBE Vector Shape - Group","hd":false},{"ty":"fl","c":{"a":0,"k":[0.921568627451,0.560784313725,0,1],"ix":4},"o":{"a":0,"k":100,"ix":5},"r":1,"bm":0,"nm":"Fill 1","mn":"ADBE Vector Graphic - Fill","hd":false},{"ty":"tr","p":{"a":0,"k":[0,0],"ix":2},"a":{"a":0,"k":[0,0],"ix":1},"s":{"a":0,"k":[100,100],"ix":3},"r":{"a":0,"k":0,"ix":6},"o":{"a":0,"k":100,"ix":7},"sk":{"a":0,"k":0,"ix":4},"sa":{"a":0,"k":0,"ix":5},"nm":"Transform"}],"nm":"Group 1","np":2,"cix":2,"bm":0,"ix":1,"mn":"ADBE Vector Group","hd":false}],"ip":0,"op":97,"st":-30.5,"bm":0},{"ddd":0,"ind":9,"ty":4,"nm":"base shadow","parent":10,"tt":2,"sr":1,"ks":{"o":{"a":0,"k":100,"ix":11},"r":{"a":0,"k":0,"ix":10},"p":{"s":true,"x":{"a":0,"k":0,"ix":3},"y":{"a":0,"k":0,"ix":4}},"a":{"a":0,"k":[0,0,0],"ix":1,"l":2},"s":{"a":0,"k":[100,100,100],"ix":6,"l":2}},"ao":0,"shapes":[{"ty":"gr","it":[{"ind":0,"ty":"sh","ix":1,"ks":{"a":0,"k":{"i":[[15.4,0],[11.247,10.596],[0,17.802],[-27.9,0],[-10.6,-9.3],[0,-16.9],[11.5,-10.2]],"o":[[-14.966,0],[-9.72,-9.157],[0,-38.4],[15.5,0],[11.5,10.2],[0,16.9],[-10.6,9.3]],"v":[[0,55.9],[-41.811,40.269],[-58,0],[0,-55.9],[40.4,-41.5],[58,0],[40.4,41.4]],"c":true},"ix":2},"nm":"Path 1","mn":"ADBE Vector Shape - Group","hd":false},{"ty":"fl","c":{"a":0,"k":[0.921568627451,0.560784313725,0,1],"ix":4},"o":{"a":0,"k":100,"ix":5},"r":1,"bm":0,"nm":"Fill 1","mn":"ADBE Vector Graphic - Fill","hd":false},{"ty":"tr","p":{"a":0,"k":[0,0],"ix":2},"a":{"a":0,"k":[0,0],"ix":1},"s":{"a":0,"k":[100,100],"ix":3},"r":{"a":0,"k":0,"ix":6},"o":{"a":0,"k":100,"ix":7},"sk":{"a":0,"k":0,"ix":4},"sa":{"a":0,"k":0,"ix":5},"nm":"Transform"}],"nm":"Group 1","np":2,"cix":2,"bm":0,"ix":1,"mn":"ADBE Vector Group","hd":false}],"ip":0,"op":97,"st":-30.5,"bm":0},{"ddd":0,"ind":10,"ty":4,"nm":"base","parent":1,"sr":1,"ks":{"o":{"a":0,"k":100,"ix":11},"r":{"a":0,"k":0,"ix":10},"p":{"s":true,"x":{"a":0,"k":0,"ix":3},"y":{"a":1,"k":[{"i":{"x":[0.667],"y":[1]},"o":{"x":[0.333],"y":[0]},"t":6,"s":[94]},{"i":{"x":[0.667],"y":[1]},"o":{"x":[0.333],"y":[0]},"t":16,"s":[78]},{"i":{"x":[0.833],"y":[1]},"o":{"x":[0.333],"y":[0]},"t":40,"s":[109]},{"i":{"x":[0.667],"y":[1]},"o":{"x":[0.167],"y":[0.167]},"t":57,"s":[109]},{"i":{"x":[0.667],"y":[1]},"o":{"x":[0.333],"y":[0]},"t":65,"s":[116]},{"t":80,"s":[94]}],"ix":4}},"a":{"a":0,"k":[0,0,0],"ix":1,"l":2},"s":{"a":1,"k":[{"i":{"x":[0.667,0.667,0.667],"y":[1,1,1]},"o":{"x":[0.333,0.333,0.333],"y":[0,0,0]},"t":6,"s":[710,710,100]},{"i":{"x":[0.667,0.667,0.667],"y":[1,1,1]},"o":{"x":[0.333,0.333,0.333],"y":[0,0,0]},"t":16,"s":[630,630,100]},{"i":{"x":[0.833,0.833,0.833],"y":[0.833,0.833,-0.5]},"o":{"x":[0.333,0.333,0.333],"y":[0,0,0]},"t":40,"s":[500,500,100]},{"i":{"x":[0.667,0.667,0.667],"y":[1,1,1]},"o":{"x":[0.167,0.167,0.167],"y":[0.167,0.167,-1.667]},"t":57,"s":[670,670,100]},{"i":{"x":[0.667,0.667,0.667],"y":[1,1,1]},"o":{"x":[0.333,0.333,0.333],"y":[0,0,0]},"t":65,"s":[710,680,100]},{"t":80,"s":[710,710,100]}],"ix":6,"l":2}},"ao":0,"shapes":[{"ty":"gr","it":[{"ind":0,"ty":"sh","ix":1,"ks":{"a":0,"k":{"i":[[15.4,0],[11.247,10.596],[0,17.802],[-27.9,0],[-10.6,-9.3],[0,-16.9],[11.5,-10.2]],"o":[[-14.966,0],[-9.72,-9.157],[0,-38.4],[15.5,0],[11.5,10.2],[0,16.9],[-10.6,9.3]],"v":[[0,55.9],[-41.811,40.269],[-58,0],[0,-55.9],[40.4,-41.5],[58,0],[40.4,41.4]],"c":true},"ix":2},"nm":"Path 1","mn":"ADBE Vector Shape - Group","hd":false},{"ty":"gf","o":{"a":0,"k":100,"ix":10},"r":1,"bm":0,"g":{"p":5,"k":{"a":0,"k":[0.48,0.992,0.878,0.188,0.691,0.98,0.816,0.178,0.902,0.969,0.753,0.169,0.966,0.963,0.694,0.153,1,0.957,0.635,0.137],"ix":9}},"s":{"a":0,"k":[0,0],"ix":5},"e":{"a":0,"k":[56.225,0],"ix":6},"t":2,"h":{"a":0,"k":0,"ix":7},"a":{"a":0,"k":0,"ix":8},"nm":"Gradient Fill 1","mn":"ADBE Vector Graphic - G-Fill","hd":false},{"ty":"tr","p":{"a":0,"k":[0,0],"ix":2},"a":{"a":0,"k":[0,0],"ix":1},"s":{"a":0,"k":[100,100],"ix":3},"r":{"a":0,"k":0,"ix":6},"o":{"a":0,"k":100,"ix":7},"sk":{"a":0,"k":0,"ix":4},"sa":{"a":0,"k":0,"ix":5},"nm":"Transform"}],"nm":"Group 1","np":2,"cix":2,"bm":0,"ix":1,"mn":"ADBE Vector Group","hd":false}],"ip":0,"op":97,"st":-30.5,"bm":0},{"ddd":0,"ind":11,"ty":4,"nm":"HAT Flip Back","parent":2,"sr":1,"ks":{"o":{"a":0,"k":100,"ix":11},"r":{"a":0,"k":-24,"ix":10},"p":{"s":true,"x":{"a":0,"k":467.893,"ix":3},"y":{"a":0,"k":448.673,"ix":4}},"a":{"a":0,"k":[0,0,0],"ix":1,"l":2},"s":{"a":0,"k":[158.399,158.399,100],"ix":6,"l":2}},"ao":0,"shapes":[{"ty":"gr","it":[{"ty":"gr","it":[{"ind":0,"ty":"sh","ix":1,"ks":{"a":1,"k":[{"i":{"x":0.833,"y":0.833},"o":{"x":0.333,"y":0},"t":16,"s":[{"i":[[-4.397,-15.061],[102.415,45.246],[-11.453,10.475],[-103.043,-47.299]],"o":[[4.172,14.291],[-76.984,-34.011],[13.738,-12.565],[103.043,47.299]],"v":[[145.322,54.022],[-23.925,41.861],[-155.2,-74.68],[-10.648,18.356]],"c":true}]},{"i":{"x":0.833,"y":0.833},"o":{"x":0.167,"y":0.167},"t":26,"s":[{"i":[[18.596,-31.023],[87.967,38.234],[-21.623,29.869],[-88.044,-38.548]],"o":[[-18.623,30.906],[-83.199,-35.829],[22.122,-30.096],[88.044,38.548]],"v":[[164.124,20.348],[-31.24,21.302],[-136.491,-118.26],[41.166,-85.685]],"c":true}]},{"i":{"x":0.667,"y":1},"o":{"x":0.167,"y":0.167},"t":35,"s":[{"i":[[17.969,-54.154],[90.494,30.027],[-17.969,54.154],[-90.494,-30.027]],"o":[[-17.969,54.154],[-90.494,-30.027],[17.969,-54.154],[90.494,30.027]],"v":[[163.854,54.368],[-32.536,98.055],[-163.854,-54.368],[32.535,-98.055]],"c":true}]},{"i":{"x":0.833,"y":0.833},"o":{"x":0.333,"y":0},"t":48,"s":[{"i":[[17.969,-54.154],[114.277,38.629],[-17.969,54.154],[-126.986,-52.812]],"o":[[-17.969,54.154],[-130.708,-44.183],[17.969,-54.154],[118.427,49.252]],"v":[[163.854,54.368],[-55.745,133.793],[-163.854,-54.368],[60.537,-128.806]],"c":true}]},{"i":{"x":0.833,"y":0.833},"o":{"x":0.167,"y":0.167},"t":57,"s":[{"i":[[12.821,-45.157],[93.237,33.529],[-16.469,44.102],[-93.382,-34.002]],"o":[[-12.873,44.98],[-87.385,-30.943],[16.995,-44.583],[93.382,34.002]],"v":[[159.589,54.288],[-30.554,85.122],[-161.862,-59.043],[22.597,-71.264]],"c":true}]},{"t":59,"s":[{"i":[[4.549,-30.699],[97.646,39.158],[-14.059,27.946],[-98.023,-40.39]],"o":[[-4.684,30.236],[-82.388,-32.417],[15.43,-29.201],[98.023,40.39]],"v":[[152.734,54.16],[-27.369,64.339],[-158.661,-66.555],[6.625,-28.208]],"c":true}]}],"ix":2},"nm":"Path 1","mn":"ADBE Vector Shape - Group","hd":false},{"ty":"fl","c":{"a":0,"k":[0.290196078431,0.145098039216,0.101960784314,1],"ix":4},"o":{"a":0,"k":100,"ix":5},"r":1,"bm":0,"nm":"Fill 1","mn":"ADBE Vector Graphic - Fill","hd":false},{"ty":"tr","p":{"a":0,"k":[0,0],"ix":2},"a":{"a":0,"k":[0,0],"ix":1},"s":{"a":0,"k":[100,100],"ix":3},"r":{"a":0,"k":0,"ix":6},"o":{"a":0,"k":100,"ix":7},"sk":{"a":0,"k":0,"ix":4},"sa":{"a":0,"k":0,"ix":5},"nm":"Transform"}],"nm":"Shape 1","np":3,"cix":2,"bm":0,"ix":1,"mn":"ADBE Vector Group","hd":false},{"ty":"gr","it":[{"ind":0,"ty":"sh","ix":1,"ks":{"a":1,"k":[{"i":{"x":0.833,"y":0.833},"o":{"x":0.333,"y":0},"t":16,"s":[{"i":[[-8.343,-17.493],[167.799,66.084],[-20.415,19.325],[-167.799,-66.084]],"o":[[10.518,22.054],[-167.799,-66.084],[15.782,-14.939],[167.799,66.084]],"v":[[357.599,-1.12],[-41.881,65.348],[-250.054,-240.431],[-3.845,-2.779]],"c":true}]},{"i":{"x":0.833,"y":0.833},"o":{"x":0.167,"y":0.167},"t":26,"s":[{"i":[[30.128,-67.507],[161.964,68.822],[-39.16,65.041],[-161.964,-68.822]],"o":[[-30.128,67.508],[-161.964,-68.822],[39.16,-65.041],[161.963,68.822]],"v":[[334.05,49.722],[-72.45,79.883],[-252.472,-199.503],[80.12,-144.28]],"c":true}]},{"i":{"x":0.667,"y":1},"o":{"x":0.167,"y":0.167},"t":35,"s":[{"i":[[37.238,-112.226],[171.5,56.905],[-37.238,112.226],[-171.5,-56.905]],"o":[[-37.238,112.226],[-171.5,-56.905],[37.238,-112.226],[171.5,56.905]],"v":[[310.528,103.036],[-67.425,203.204],[-310.528,-103.036],[67.425,-203.204]],"c":true}]},{"i":{"x":0.833,"y":0.833},"o":{"x":0.333,"y":0},"t":48,"s":[{"i":[[37.238,-112.226],[217.804,73.76],[-37.238,112.226],[-195.703,-71.25]],"o":[[-37.238,112.227],[-210.022,-71.125],[37.238,-112.226],[194.533,70.824]],"v":[[310.528,103.036],[-90.634,238.942],[-310.528,-103.036],[95.426,-233.955]],"c":true}]},{"i":{"x":0.833,"y":0.833},"o":{"x":0.167,"y":0.167},"t":57,"s":[{"i":[[19.755,-93.732],[170.648,59.017],[-47.858,87.701],[-170.648,-59.017]],"o":[[-19.755,93.732],[-170.648,-59.017],[47.858,-87.701],[170.648,59.017]],"v":[[350.266,20.575],[-61.546,171.478],[-245.944,-204.147],[66.383,-163.519]],"c":true}]},{"t":59,"s":[{"i":[[-8.341,-64.009],[169.279,62.412],[-64.927,48.285],[-169.279,-62.412]],"o":[[8.341,64.009],[-169.279,-62.412],[64.927,-48.285],[169.279,62.412]],"v":[[340.621,32.256],[-52.099,120.491],[-248.651,-230.071],[64.71,-99.741]],"c":true}]}],"ix":2},"nm":"Path 1","mn":"ADBE Vector Shape - Group","hd":false},{"ty":"fl","c":{"a":0,"k":[0.38431372549,0.239215686275,0.192156862745,1],"ix":4},"o":{"a":0,"k":100,"ix":5},"r":1,"bm":0,"nm":"Fill 1","mn":"ADBE Vector Graphic - Fill","hd":false},{"ty":"tr","p":{"a":0,"k":[0,0],"ix":2},"a":{"a":0,"k":[0,0],"ix":1},"s":{"a":0,"k":[100,100],"ix":3},"r":{"a":0,"k":0,"ix":6},"o":{"a":0,"k":100,"ix":7},"sk":{"a":0,"k":0,"ix":4},"sa":{"a":0,"k":0,"ix":5},"nm":"Transform"}],"nm":"Shape 2","np":3,"cix":2,"bm":0,"ix":2,"mn":"ADBE Vector Group","hd":false},{"ty":"tr","p":{"a":0,"k":[0,0],"ix":2},"a":{"a":0,"k":[0,0],"ix":1},"s":{"a":0,"k":[100,100],"ix":3},"r":{"a":0,"k":0,"ix":6},"o":{"a":0,"k":100,"ix":7},"sk":{"a":0,"k":0,"ix":4},"sa":{"a":0,"k":0,"ix":5},"nm":"Transform"}],"nm":"Group 4","np":2,"cix":2,"bm":0,"ix":1,"mn":"ADBE Vector Group","hd":false},{"ty":"gr","it":[{"ind":0,"ty":"sh","ix":1,"ks":{"a":1,"k":[{"i":{"x":0.833,"y":0.833},"o":{"x":0.333,"y":0},"t":16,"s":[{"i":[[-41.164,-34.595],[-0.861,13.233],[68.486,31.827],[78.505,10.787],[8.785,-10.271],[-60.39,-28.87]],"o":[[2.259,-13.232],[-27.49,-42.269],[-51.376,-22.866],[-9.687,9.203],[60.229,20.474],[60.39,28.87]],"v":[[217.154,-11.425],[224.48,-56.752],[85.064,-152.484],[-95.515,-202.808],[-123.239,-173.495],[63.679,-106.5]],"c":true}]},{"i":{"x":0.833,"y":0.833},"o":{"x":0.167,"y":0.167},"t":26,"s":[{"i":[[-41.164,-34.595],[-0.861,13.233],[68.486,31.827],[78.505,10.787],[8.785,-10.271],[-60.39,-28.87]],"o":[[2.259,-13.232],[-27.49,-42.269],[-51.376,-22.866],[-9.687,9.203],[60.229,20.474],[60.39,28.87]],"v":[[212.804,-1.655],[220.13,-46.981],[80.713,-142.714],[-99.865,-193.037],[-127.589,-163.725],[59.328,-96.729]],"c":true}]},{"i":{"x":0.667,"y":1},"o":{"x":0.167,"y":0.167},"t":35,"s":[{"i":[[-41.164,-34.595],[-0.861,13.233],[68.486,31.827],[78.505,10.787],[8.785,-10.271],[-60.39,-28.87]],"o":[[2.259,-13.232],[-27.49,-42.269],[-51.376,-22.866],[-9.687,9.203],[60.229,20.474],[60.39,28.87]],"v":[[211.716,0.788],[219.042,-44.538],[79.626,-140.271],[-100.952,-190.594],[-128.677,-161.282],[58.241,-94.286]],"c":true}]},{"i":{"x":0.833,"y":0.833},"o":{"x":0.333,"y":0},"t":48,"s":[{"i":[[-41.164,-34.595],[-0.861,13.233],[68.486,31.827],[78.505,10.787],[8.785,-10.271],[-60.39,-28.87]],"o":[[2.259,-13.232],[-27.49,-42.269],[-51.376,-22.866],[-9.687,9.203],[60.229,20.474],[60.39,28.87]],"v":[[211.716,0.788],[219.042,-44.538],[79.626,-140.271],[-100.952,-190.594],[-128.677,-161.282],[58.241,-94.286]],"c":true}]},{"i":{"x":0.833,"y":0.833},"o":{"x":0.167,"y":0.167},"t":57,"s":[{"i":[[-41.164,-34.595],[-0.861,13.233],[68.486,31.827],[78.505,10.787],[8.785,-10.271],[-60.39,-28.87]],"o":[[2.259,-13.232],[-27.49,-42.269],[-51.376,-22.866],[-9.687,9.203],[60.229,20.474],[60.39,28.87]],"v":[[212.968,-2.023],[220.294,-47.349],[80.877,-143.082],[-99.701,-193.405],[-127.425,-164.093],[59.492,-97.097]],"c":true}]},{"t":59,"s":[{"i":[[-41.164,-34.595],[-0.861,13.233],[68.486,31.827],[78.505,10.787],[8.785,-10.271],[-60.39,-28.87]],"o":[[2.259,-13.232],[-27.49,-42.269],[-51.376,-22.866],[-9.687,9.203],[60.229,20.474],[60.39,28.87]],"v":[[214.979,-6.54],[222.305,-51.866],[82.888,-147.599],[-97.69,-197.922],[-125.414,-168.61],[61.504,-101.614]],"c":true}]}],"ix":2},"nm":"Path 1","mn":"ADBE Vector Shape - Group","hd":false},{"ty":"fl","c":{"a":0,"k":[0.630999995213,0.532999973671,0.497999991623,1],"ix":4},"o":{"a":0,"k":100,"ix":5},"r":1,"bm":0,"nm":"Fill 1","mn":"ADBE Vector Graphic - Fill","hd":false},{"ty":"tr","p":{"a":0,"k":[0,0],"ix":2},"a":{"a":0,"k":[0,0],"ix":1},"s":{"a":0,"k":[100,100],"ix":3},"r":{"a":0,"k":0,"ix":6},"o":{"a":0,"k":100,"ix":7},"sk":{"a":0,"k":0,"ix":4},"sa":{"a":0,"k":0,"ix":5},"nm":"Transform"}],"nm":"Group 2","np":2,"cix":2,"bm":0,"ix":2,"mn":"ADBE Vector Group","hd":false},{"ty":"gr","it":[{"ind":0,"ty":"sh","ix":1,"ks":{"a":1,"k":[{"i":{"x":0.833,"y":0.833},"o":{"x":0.333,"y":0},"t":16,"s":[{"i":[[-25.787,-3.143],[36.248,16.179],[21.496,9.99],[36.493,16.959],[51.287,-47.576],[-51.376,-22.866]],"o":[[4.244,-67.994],[-39.268,-17.527],[-22.496,-10.454],[-36.493,-16.959],[45.208,28.914],[68.486,31.827]],"v":[[223.777,-54.878],[180.471,-226.372],[117.609,-231.061],[76.492,-274.693],[-96.218,-200.934],[72.199,-124.44]],"c":true}]},{"i":{"x":0.833,"y":0.833},"o":{"x":0.167,"y":0.167},"t":26,"s":[{"i":[[-25.787,-3.143],[36.248,16.179],[21.496,9.99],[36.493,16.959],[51.287,-47.576],[-51.376,-22.866]],"o":[[4.244,-67.994],[-39.268,-17.527],[-22.496,-10.454],[-36.493,-16.959],[45.208,28.914],[68.486,31.827]],"v":[[219.427,-45.108],[176.121,-216.602],[113.259,-221.29],[72.142,-264.923],[-100.568,-191.164],[67.849,-114.67]],"c":true}]},{"i":{"x":0.667,"y":1},"o":{"x":0.167,"y":0.167},"t":35,"s":[{"i":[[-25.787,-3.143],[36.248,16.179],[21.496,9.99],[36.493,16.959],[51.287,-47.576],[-51.376,-22.866]],"o":[[4.244,-67.994],[-39.268,-17.527],[-22.496,-10.454],[-36.493,-16.959],[45.208,28.914],[68.486,31.827]],"v":[[218.34,-42.665],[175.034,-214.159],[112.171,-218.848],[71.054,-262.48],[-101.655,-188.721],[66.761,-112.227]],"c":true}]},{"i":{"x":0.833,"y":0.833},"o":{"x":0.333,"y":0},"t":48,"s":[{"i":[[-25.787,-3.143],[36.248,16.179],[21.496,9.99],[36.493,16.959],[51.287,-47.576],[-51.376,-22.866]],"o":[[4.244,-67.994],[-39.268,-17.527],[-22.496,-10.454],[-36.493,-16.959],[45.208,28.914],[68.486,31.827]],"v":[[218.34,-42.665],[175.034,-214.159],[112.171,-218.848],[71.054,-262.48],[-101.655,-188.721],[66.761,-112.227]],"c":true}]},{"i":{"x":0.833,"y":0.833},"o":{"x":0.167,"y":0.167},"t":57,"s":[{"i":[[-25.787,-3.143],[36.248,16.179],[21.496,9.99],[36.493,16.959],[51.287,-47.576],[-51.376,-22.866]],"o":[[4.244,-67.994],[-39.268,-17.527],[-22.496,-10.454],[-36.493,-16.959],[45.208,28.914],[68.486,31.827]],"v":[[219.591,-45.476],[176.285,-216.97],[113.423,-221.659],[72.305,-265.291],[-100.404,-191.532],[68.012,-115.038]],"c":true}]},{"t":59,"s":[{"i":[[-25.787,-3.143],[36.248,16.179],[21.496,9.99],[36.493,16.959],[51.287,-47.576],[-51.376,-22.866]],"o":[[4.244,-67.994],[-39.268,-17.527],[-22.496,-10.454],[-36.493,-16.959],[45.208,28.914],[68.486,31.827]],"v":[[221.602,-49.993],[178.296,-221.487],[115.434,-226.176],[74.317,-269.808],[-98.393,-196.049],[70.024,-119.555]],"c":true}]}],"ix":2},"nm":"Path 1","mn":"ADBE Vector Shape - Group","hd":false},{"ty":"fl","c":{"a":0,"k":[0.510000011968,0.380000005984,0.337000020345,1],"ix":4},"o":{"a":0,"k":100,"ix":5},"r":1,"bm":0,"nm":"Fill 1","mn":"ADBE Vector Graphic - Fill","hd":false},{"ty":"tr","p":{"a":0,"k":[0,0],"ix":2},"a":{"a":0,"k":[0,0],"ix":1},"s":{"a":0,"k":[100,100],"ix":3},"r":{"a":0,"k":0,"ix":6},"o":{"a":0,"k":100,"ix":7},"sk":{"a":0,"k":0,"ix":4},"sa":{"a":0,"k":0,"ix":5},"nm":"Transform"}],"nm":"Group 3","np":2,"cix":2,"bm":0,"ix":3,"mn":"ADBE Vector Group","hd":false}],"ip":26,"op":57,"st":0,"bm":0},{"ddd":0,"ind":12,"ty":4,"nm":"HAT Back ","parent":2,"sr":1,"ks":{"o":{"a":1,"k":[{"t":6,"s":[100],"h":1},{"t":26,"s":[0],"h":1},{"t":57,"s":[100],"h":1}],"ix":11},"r":{"a":0,"k":0,"ix":10},"p":{"a":0,"k":[484.65,394.086,0],"ix":2,"l":2},"a":{"a":0,"k":[512.25,290.086,0],"ix":1,"l":2},"s":{"a":0,"k":[100,100,100],"ix":6,"l":2}},"ao":0,"shapes":[{"ty":"gr","it":[{"ind":0,"ty":"sh","ix":1,"ks":{"a":1,"k":[{"i":{"x":0.833,"y":0.833},"o":{"x":0.167,"y":0.167},"t":21,"s":[{"i":[[-144.244,0],[0,-53.279],[144.244,0],[0,53.279]],"o":[[144.244,0],[0,53.279],[-144.244,0],[0,-53.279]],"v":[[0,-77.647],[261.176,18.824],[0,115.294],[-261.176,18.824]],"c":true}]},{"t":26,"s":[{"i":[[-148.102,4.944],[-3.337,-60.389],[148.102,-4.944],[3.337,60.389]],"o":[[148.102,-4.944],[3.337,60.389],[-148.102,4.944],[-3.337,-60.389]],"v":[[-19.809,-81.934],[254.397,18.458],[-7.724,136.755],[-281.929,36.362]],"c":true}]}],"ix":2},"nm":"Path 1","mn":"ADBE Vector Shape - Group","hd":false},{"ty":"fl","c":{"a":0,"k":[0.289999988032,0.144999994016,0.102000000898,1],"ix":4},"o":{"a":0,"k":100,"ix":5},"r":1,"bm":0,"nm":"Fill 1","mn":"ADBE Vector Graphic - Fill","hd":false},{"ty":"tr","p":{"a":0,"k":[512.25,292.627],"ix":2},"a":{"a":0,"k":[0,0],"ix":1},"s":{"a":0,"k":[100,100],"ix":3},"r":{"a":0,"k":0,"ix":6},"o":{"a":0,"k":100,"ix":7},"sk":{"a":0,"k":0,"ix":4},"sa":{"a":0,"k":0,"ix":5},"nm":"Transform"}],"nm":"Ellipse 1","np":3,"cix":2,"bm":0,"ix":1,"mn":"ADBE Vector Group","hd":false},{"ty":"gr","it":[{"ind":0,"ty":"sh","ix":1,"ks":{"a":1,"k":[{"i":{"x":0.833,"y":0.833},"o":{"x":0.167,"y":0.167},"t":6,"s":[{"i":[[153.445,58.346],[42.812,3.295],[0,-19.939],[-62.217,-84.241],[-199.153,0],[-61.022,78.369],[0,151.68],[20.975,-5.275],[118.25,-42.315]],"o":[[-112.099,-42.625],[-15.79,-1.215],[0,147.36],[65.479,88.658],[199.154,0],[61.022,-78.37],[0,-25.379],[-43.159,10.855],[-166.164,59.46]],"v":[[-238,-126.876],[-487.457,-238.193],[-512,-212.236],[-411.2,143.844],[0,289.836],[405.68,151.765],[512,-212.236],[480.008,-238.594],[233.28,-125.756]],"c":true}]},{"i":{"x":0.667,"y":1},"o":{"x":0.167,"y":0.167},"t":11,"s":[{"i":[[153.445,58.346],[42.812,3.295],[0,-19.939],[-62.217,-84.241],[-199.153,0],[-61.022,78.369],[0,151.68],[20.975,-5.275],[118.25,-42.315]],"o":[[-112.099,-42.625],[-15.79,-1.215],[0,147.36],[65.479,88.658],[199.154,0],[61.022,-78.37],[0,-25.379],[-43.159,10.855],[-166.164,59.46]],"v":[[-238,-126.876],[-487.457,-238.193],[-512,-212.236],[-411.2,143.844],[0,289.836],[405.68,151.765],[512,-212.236],[480.008,-238.594],[233.28,-125.756]],"c":true}]},{"i":{"x":0.833,"y":0.833},"o":{"x":0.333,"y":0},"t":16,"s":[{"i":[[153.445,58.346],[27.648,-33.219],[-2.071,-33.388],[-62.217,-84.241],[-199.153,0],[-61.022,78.369],[-3.129,114.847],[25.554,28.615],[135.525,-60.222]],"o":[[-133.079,-50.602],[-27.648,33.219],[7.486,120.721],[65.479,88.658],[199.154,0],[61.022,-78.37],[0.669,-24.559],[-19.719,-22.082],[-161.276,71.665]],"v":[[-238,-126.876],[-497.01,-267.667],[-516.118,-180.471],[-411.347,87.373],[-0.147,233.366],[405.533,95.294],[514.942,-194.001],[489.199,-266.004],[233.28,-125.756]],"c":true}]},{"i":{"x":0.833,"y":0.833},"o":{"x":0.167,"y":0.167},"t":21,"s":[{"i":[[135.27,44.013],[46.228,16.939],[-4.318,-71.675],[-77.759,-97.053],[-204.924,1.987],[-73.083,98.526],[-5.733,53.088],[45.528,-18.884],[124.473,-45.606]],"o":[[-119.996,-38.205],[-46.228,-16.939],[4.318,71.675],[77.759,97.053],[204.924,-1.987],[73.083,-98.526],[5.733,-53.088],[-45.527,18.884],[-143.786,54.188]],"v":[[-209.566,-148.019],[-477.302,-239.343],[-520.789,-136.193],[-415.406,121.959],[-0.219,259.823],[405.74,114.008],[510.737,-140.841],[473.763,-237.519],[210.056,-146.13]],"c":true}]},{"i":{"x":0.833,"y":0.833},"o":{"x":0.167,"y":0.167},"t":26,"s":[{"i":[[80.745,1.013],[105.556,-27.807],[0.946,-100.856],[-74.498,-45.681],[-199.153,0],[-72.749,52.559],[2.256,49.92],[58.772,21.251],[91.318,-1.757]],"o":[[-80.745,-1.013],[-77.357,20.378],[-0.557,59.359],[97.467,59.765],[199.154,0],[60.936,-44.024],[-3.761,-83.214],[-58.772,-21.251],[-91.317,1.757]],"v":[[-124.264,-211.446],[-371.116,-187.314],[-533.566,-15.431],[-427.585,156.644],[-0.433,244.844],[406.361,113.457],[498.125,-42.539],[342.747,-189.711],[140.385,-207.252]],"c":true}]},{"i":{"x":0.833,"y":0.833},"o":{"x":0.167,"y":0.167},"t":40,"s":[{"i":[[181.011,11.992],[42.054,0.469],[-0.104,-20.612],[-62.217,-84.241],[-199.153,0],[-61.022,78.369],[-0.156,149.838],[21.204,-1.142],[119.596,-8.665]],"o":[[-113.728,-7.534],[-16.383,0.162],[0.374,146.028],[65.479,88.658],[199.154,0],[61.022,-78.37],[0.033,-25.338],[-41.987,2.937],[-190.269,13.785]],"v":[[-238,-209.556],[-487.935,-238.007],[-512.206,-210.648],[-411.207,141.02],[-0.007,287.013],[405.673,148.941],[512.147,-211.324],[480.467,-238.102],[233.28,-208.123]],"c":true}]},{"i":{"x":0.833,"y":0.833},"o":{"x":0.167,"y":0.167},"t":57,"s":[{"i":[[160.512,-2.52],[79.924,-33.754],[5.654,-47.569],[-62.217,-84.241],[-199.153,0],[-61.022,78.369],[2.854,44.751],[21.341,14.244],[104.862,-2.231]],"o":[[-122.051,1.916],[-29.637,12.516],[-9.626,80.991],[65.479,88.658],[199.154,0],[61.022,-78.37],[-2.854,-44.751],[-21.341,-14.244],[-104.862,2.231]],"v":[[-161.62,-212.698],[-459.033,-167.834],[-505.704,-87.845],[-411.201,161.7],[-0.001,344.251],[405.679,169.621],[493.52,-64.114],[451.443,-159.598],[184.367,-213.3]],"c":true}]},{"i":{"x":0.667,"y":1},"o":{"x":0.167,"y":0.167},"t":60,"s":[{"i":[[176.175,50.171],[8.158,0.447],[0,-19.939],[-62.217,-84.241],[-199.153,0],[-61.022,78.369],[0,151.68],[21.453,-2.751],[135.767,-36.386]],"o":[[-128.705,-36.652],[-15.813,-0.867],[0,147.36],[65.479,88.658],[199.154,0],[61.022,-78.37],[0,-25.379],[-6.618,0.849],[-190.777,51.129]],"v":[[-273.361,-175.859],[-487.457,-238.193],[-512,-212.236],[-411.2,165.349],[0,354.352],[405.68,173.271],[512,-212.236],[480.008,-238.594],[267.73,-174.896]],"c":true}]},{"i":{"x":0.667,"y":1},"o":{"x":0.333,"y":0},"t":69,"s":[{"i":[[153.445,58.346],[42.812,3.295],[0,-19.939],[-62.217,-84.241],[-199.153,0],[-61.022,78.369],[0,151.68],[20.975,-5.275],[118.25,-42.315]],"o":[[-112.099,-42.625],[-15.79,-1.215],[0,147.36],[65.479,88.658],[199.154,0],[61.022,-78.37],[0,-25.379],[-43.159,10.855],[-166.164,59.46]],"v":[[-238,-126.876],[-487.457,-238.193],[-512,-212.236],[-411.77,111.844],[-0.57,257.836],[405.11,119.765],[512,-212.236],[480.008,-238.594],[233.28,-125.756]],"c":true}]},{"t":80,"s":[{"i":[[153.445,58.346],[42.812,3.295],[0,-19.939],[-62.217,-84.241],[-199.153,0],[-61.022,78.369],[0,151.68],[20.975,-5.275],[118.25,-42.315]],"o":[[-112.099,-42.625],[-15.79,-1.215],[0,147.36],[65.479,88.658],[199.154,0],[61.022,-78.37],[0,-25.379],[-43.159,10.855],[-166.164,59.46]],"v":[[-238,-126.876],[-487.457,-238.193],[-512,-212.236],[-411.2,143.844],[0,289.836],[405.68,151.765],[512,-212.236],[480.008,-238.594],[233.28,-125.756]],"c":true}]}],"ix":2},"nm":"Path 1","mn":"ADBE Vector Shape - Group","hd":false},{"ty":"fl","c":{"a":1,"k":[{"i":{"x":[0.667],"y":[1]},"o":{"x":[0.167],"y":[0.284]},"t":21,"s":[0.289999988032,0.144999994016,0.102000000898,1]},{"i":{"x":[0.667],"y":[1]},"o":{"x":[0.333],"y":[0]},"t":35,"s":[0.384313732386,0.239215686917,0.192156866193,1]},{"i":{"x":[0.833],"y":[1.284]},"o":{"x":[0.333],"y":[0]},"t":43,"s":[0.384313732386,0.239215686917,0.192156866193,1]},{"t":57,"s":[0.289999988032,0.144999994016,0.102000000898,1]}],"ix":4},"o":{"a":0,"k":100,"ix":5},"r":1,"bm":0,"nm":"Fill 1","mn":"ADBE Vector Graphic - Fill","hd":false},{"ty":"tr","p":{"a":0,"k":[512.25,290.086],"ix":2},"a":{"a":0,"k":[0,0],"ix":1},"s":{"a":0,"k":[100,100],"ix":3},"r":{"a":0,"k":0,"ix":6},"o":{"a":0,"k":100,"ix":7},"sk":{"a":0,"k":0,"ix":4},"sa":{"a":0,"k":0,"ix":5},"nm":"Transform"}],"nm":"Group 1","np":2,"cix":2,"bm":0,"ix":2,"mn":"ADBE Vector Group","hd":false}],"ip":0,"op":97,"st":0,"bm":0}],"markers":[{"tm":90,"cm":"rest","dr":0}]}