{"v":"5.8.1","fr":60,"ip":0,"op":210,"w":1024,"h":1024,"nm":"emoji_smiling-with-horns","ddd":0,"assets":[{"id":"comp_0","nm":"emoji_smiling-with-horns - 60 fps","fr":60,"layers":[{"ddd":0,"ind":1,"ty":3,"nm":"Null ALL","sr":1,"ks":{"o":{"a":0,"k":0,"ix":11},"r":{"a":0,"k":0,"ix":10},"p":{"s":true,"x":{"a":0,"k":512,"ix":3},"y":{"a":1,"k":[{"i":{"x":[0],"y":[1]},"o":{"x":[0.167],"y":[0.167]},"t":0,"s":[538]},{"i":{"x":[0.667],"y":[1]},"o":{"x":[0.333],"y":[0]},"t":15,"s":[500]},{"i":{"x":[0],"y":[1]},"o":{"x":[0.333],"y":[0]},"t":40,"s":[512]},{"i":{"x":[0.875],"y":[0.081]},"o":{"x":[0.333],"y":[0]},"t":55,"s":[490.043]},{"i":{"x":[0.667],"y":[1]},"o":{"x":[0.029],"y":[0.229]},"t":70,"s":[496.625]},{"i":{"x":[0.667],"y":[1]},"o":{"x":[0.333],"y":[0]},"t":132.5,"s":[522]},{"i":{"x":[0.667],"y":[1]},"o":{"x":[0.333],"y":[0]},"t":142.5,"s":[514]},{"i":{"x":[0.667],"y":[1]},"o":{"x":[0.333],"y":[0]},"t":152.5,"s":[522]},{"i":{"x":[0.667],"y":[1]},"o":{"x":[0.333],"y":[0]},"t":162.5,"s":[514]},{"i":{"x":[0.667],"y":[1]},"o":{"x":[0.333],"y":[0]},"t":175,"s":[522]},{"i":{"x":[0.667],"y":[1]},"o":{"x":[0.333],"y":[0]},"t":200,"s":[522]},{"t":207.5,"s":[538]}],"ix":4}},"a":{"a":0,"k":[0,0,0],"ix":1,"l":2},"s":{"a":0,"k":[100,100,100],"ix":6,"l":2}},"ao":0,"ip":0,"op":210,"st":0,"bm":0},{"ddd":0,"ind":2,"ty":3,"nm":"Null Face Devil","parent":1,"sr":1,"ks":{"o":{"a":0,"k":0,"ix":11},"r":{"a":0,"k":0,"ix":10},"p":{"s":true,"x":{"a":1,"k":[{"i":{"x":[0.667],"y":[1]},"o":{"x":[0.167],"y":[0.167]},"t":70,"s":[0]},{"i":{"x":[0.667],"y":[1]},"o":{"x":[0.333],"y":[0]},"t":75,"s":[-8]},{"i":{"x":[0.667],"y":[1]},"o":{"x":[0.333],"y":[0]},"t":87.5,"s":[8]},{"t":105,"s":[0]}],"ix":3},"y":{"a":1,"k":[{"i":{"x":[0.667],"y":[1]},"o":{"x":[0.167],"y":[0.167]},"t":70,"s":[-6]},{"i":{"x":[0.667],"y":[1]},"o":{"x":[0.333],"y":[0]},"t":76,"s":[28]},{"i":{"x":[0.667],"y":[1]},"o":{"x":[0.333],"y":[0]},"t":132.5,"s":[28]},{"i":{"x":[0.667],"y":[1]},"o":{"x":[0.333],"y":[0]},"t":142.5,"s":[20]},{"i":{"x":[0.667],"y":[1]},"o":{"x":[0.333],"y":[0]},"t":152.5,"s":[28]},{"i":{"x":[0.667],"y":[1]},"o":{"x":[0.333],"y":[0]},"t":162.5,"s":[20]},{"i":{"x":[0.689],"y":[1]},"o":{"x":[0.333],"y":[0]},"t":175,"s":[28]},{"i":{"x":[0.667],"y":[1]},"o":{"x":[0.333],"y":[0]},"t":200,"s":[28]},{"t":207.5,"s":[52]}],"ix":4}},"a":{"a":0,"k":[0,0,0],"ix":1,"l":2},"s":{"a":0,"k":[100,100,100],"ix":6,"l":2}},"ao":0,"ip":70,"op":210,"st":15,"bm":0},{"ddd":0,"ind":3,"ty":3,"nm":"Null Face Normal","parent":1,"sr":1,"ks":{"o":{"a":0,"k":0,"ix":11},"r":{"a":0,"k":0,"ix":10},"p":{"s":true,"x":{"a":0,"k":0,"ix":3},"y":{"a":1,"k":[{"i":{"x":[0],"y":[1]},"o":{"x":[0.167],"y":[0.167]},"t":0,"s":[52]},{"i":{"x":[0.667],"y":[1]},"o":{"x":[0.333],"y":[0]},"t":15,"s":[0]},{"i":{"x":[0],"y":[1]},"o":{"x":[0.333],"y":[0]},"t":40,"s":[28]},{"i":{"x":[0.833],"y":[0.833]},"o":{"x":[0.626],"y":[0]},"t":55,"s":[-22]},{"t":70,"s":[80]}],"ix":4}},"a":{"a":0,"k":[0,0,0],"ix":1,"l":2},"s":{"a":0,"k":[100,100,100],"ix":6,"l":2}},"ao":0,"ip":0,"op":70,"st":0,"bm":0},{"ddd":0,"ind":4,"ty":3,"nm":"Null Eyes Devil","parent":2,"sr":1,"ks":{"o":{"a":0,"k":0,"ix":11},"r":{"a":0,"k":0,"ix":10},"p":{"a":0,"k":[0,15.375,0],"ix":2,"l":2},"a":{"a":0,"k":[0,0,0],"ix":1,"l":2},"s":{"a":0,"k":[100,100,100],"ix":6,"l":2}},"ao":0,"ip":0,"op":210,"st":0,"bm":0},{"ddd":0,"ind":5,"ty":4,"nm":"eye L devil","parent":4,"sr":1,"ks":{"o":{"a":0,"k":100,"ix":11},"r":{"a":0,"k":0,"ix":10},"p":{"s":true,"x":{"a":1,"k":[{"i":{"x":[0.667],"y":[1]},"o":{"x":[0.167],"y":[0.167]},"t":70,"s":[-138.318]},{"t":117.5,"s":[-130.318]}],"ix":3},"y":{"a":0,"k":67.417,"ix":4}},"a":{"a":0,"k":[957.818,574.175,0],"ix":1,"l":2},"s":{"a":0,"k":[100,100,100],"ix":6,"l":2}},"ao":0,"shapes":[{"ty":"gr","it":[{"ind":0,"ty":"sh","ix":1,"ks":{"a":0,"k":{"i":[[7.12,6.88],[0,0],[5.52,-11.36],[-7.12,-6.88],[-5.52,11.36]],"o":[[0,0],[-11.36,-5.44],[-4.24,8.88],[11.36,5.44],[4.24,-8.88]],"v":[[20.38,-18.56],[20.38,-18.56],[-10.18,-7.84],[-5.38,18.56],[25.18,7.84]],"c":true},"ix":2},"nm":"Path 1","mn":"ADBE Vector Shape - Group","hd":false},{"ty":"fl","c":{"a":0,"k":[0.536999990426,0.375999989229,0.141000007181,1],"ix":4},"o":{"a":0,"k":100,"ix":5},"r":1,"bm":0,"nm":"Fill 1","mn":"ADBE Vector Graphic - Fill","hd":false},{"ty":"tr","p":{"a":0,"k":[934.399,545.655],"ix":2},"a":{"a":0,"k":[0,0],"ix":1},"s":{"a":0,"k":[100,100],"ix":3},"r":{"a":0,"k":0,"ix":6},"o":{"a":0,"k":100,"ix":7},"sk":{"a":0,"k":0,"ix":4},"sa":{"a":0,"k":0,"ix":5},"nm":"Transform"}],"nm":"Group 1","np":2,"cix":2,"bm":0,"ix":1,"mn":"ADBE Vector Group","hd":false},{"ty":"gr","it":[{"ind":0,"ty":"sh","ix":1,"ks":{"a":0,"k":{"i":[[0.006,0.321],[0.01,0.265],[14.595,10.911],[0.481,0.343],[0.093,0.064],[1.355,0.809],[0.018,-0.011],[10.709,0],[0,-33.12],[0,0],[0,0],[0,0],[-0.009,-0.428],[-0.002,-0.042],[-32.65,0],[0,33.12],[0,0],[0,0],[0,0]],"o":[[-0.006,-0.265],[-0.555,-19.285],[-0.469,-0.356],[-0.092,-0.064],[-1.278,-0.901],[-0.019,0.011],[-8.707,-5.088],[-33.12,0],[0,0],[0,0],[0,0],[0,0.432],[0.002,0.042],[0.748,32.656],[33.12,0],[0,0],[0,0],[0,0],[0,-0.322]],"v":[[67.476,-6.476],[67.456,-7.271],[42.667,-54.865],[41.24,-55.912],[40.966,-56.107],[37.021,-58.68],[37.021,-58.68],[7.5,-66.68],[-52.5,-6.68],[-52.5,-5],[-52.5,5],[-52.5,5.68],[-52.468,6.966],[-52.464,7.091],[7.5,66.68],[67.5,6.68],[67.5,5],[67.5,-5],[67.5,-5.514]],"c":true},"ix":2},"nm":"Path 1","mn":"ADBE Vector Shape - Group","hd":false},{"ty":"fl","c":{"a":0,"k":[0.258999992819,0.169000004787,0.051000000449,1],"ix":4},"o":{"a":0,"k":100,"ix":5},"r":1,"bm":0,"nm":"Fill 1","mn":"ADBE Vector Graphic - Fill","hd":false},{"ty":"tr","p":{"a":0,"k":[950.318,574.175],"ix":2},"a":{"a":0,"k":[0,0],"ix":1},"s":{"a":0,"k":[100,100],"ix":3},"r":{"a":0,"k":0,"ix":6},"o":{"a":0,"k":100,"ix":7},"sk":{"a":0,"k":0,"ix":4},"sa":{"a":0,"k":0,"ix":5},"nm":"Transform"}],"nm":"Group 3","np":2,"cix":2,"bm":0,"ix":2,"mn":"ADBE Vector Group","hd":false}],"ip":70,"op":210,"st":0,"bm":0},{"ddd":0,"ind":6,"ty":4,"nm":"eye R devil","parent":4,"sr":1,"ks":{"o":{"a":0,"k":100,"ix":11},"r":{"a":0,"k":0,"ix":10},"p":{"s":true,"x":{"a":1,"k":[{"i":{"x":[0.667],"y":[1]},"o":{"x":[0.167],"y":[0.167]},"t":70,"s":[138.318]},{"t":117.5,"s":[130.318]}],"ix":3},"y":{"a":1,"k":[{"i":{"x":[0.667],"y":[1]},"o":{"x":[0.333],"y":[0]},"t":132.5,"s":[67.417]},{"i":{"x":[0.667],"y":[1]},"o":{"x":[0.333],"y":[0]},"t":142.5,"s":[53.417]},{"i":{"x":[0.667],"y":[1]},"o":{"x":[0.333],"y":[0]},"t":162.5,"s":[53.417]},{"t":175,"s":[67.417]}],"ix":4}},"a":{"a":0,"k":[957.818,574.175,0],"ix":1,"l":2},"s":{"a":0,"k":[100,100,100],"ix":6,"l":2}},"ao":0,"shapes":[{"ty":"gr","it":[{"ind":0,"ty":"sh","ix":1,"ks":{"a":0,"k":{"i":[[7.12,6.88],[0,0],[5.52,-11.36],[-7.12,-6.88],[-5.52,11.36]],"o":[[0,0],[-11.36,-5.44],[-4.24,8.88],[11.36,5.44],[4.24,-8.88]],"v":[[20.38,-18.56],[20.38,-18.56],[-10.18,-7.84],[-5.38,18.56],[25.18,7.84]],"c":true},"ix":2},"nm":"Path 1","mn":"ADBE Vector Shape - Group","hd":false},{"ty":"fl","c":{"a":0,"k":[0.536999990426,0.375999989229,0.141000007181,1],"ix":4},"o":{"a":0,"k":100,"ix":5},"r":1,"bm":0,"nm":"Fill 1","mn":"ADBE Vector Graphic - Fill","hd":false},{"ty":"tr","p":{"a":0,"k":[934.399,545.655],"ix":2},"a":{"a":0,"k":[0,0],"ix":1},"s":{"a":0,"k":[100,100],"ix":3},"r":{"a":0,"k":0,"ix":6},"o":{"a":0,"k":100,"ix":7},"sk":{"a":0,"k":0,"ix":4},"sa":{"a":0,"k":0,"ix":5},"nm":"Transform"}],"nm":"Group 1","np":2,"cix":2,"bm":0,"ix":1,"mn":"ADBE Vector Group","hd":false},{"ty":"gr","it":[{"ind":0,"ty":"sh","ix":1,"ks":{"a":0,"k":{"i":[[0.006,0.321],[0.01,0.265],[14.595,10.911],[0.481,0.343],[0.093,0.064],[1.355,0.809],[0.018,-0.011],[10.709,0],[0,-33.12],[0,0],[0,0],[0,0],[-0.009,-0.428],[-0.002,-0.042],[-32.65,0],[0,33.12],[0,0],[0,0],[0,0]],"o":[[-0.006,-0.265],[-0.555,-19.285],[-0.469,-0.356],[-0.092,-0.064],[-1.278,-0.901],[-0.019,0.011],[-8.707,-5.088],[-33.12,0],[0,0],[0,0],[0,0],[0,0.432],[0.002,0.042],[0.748,32.656],[33.12,0],[0,0],[0,0],[0,0],[0,-0.322]],"v":[[67.476,-6.476],[67.456,-7.271],[42.667,-54.865],[41.24,-55.912],[40.966,-56.107],[37.021,-58.68],[37.021,-58.68],[7.5,-66.68],[-52.5,-6.68],[-52.5,-5],[-52.5,5],[-52.5,5.68],[-52.468,6.966],[-52.464,7.091],[7.5,66.68],[67.5,6.68],[67.5,5],[67.5,-5],[67.5,-5.514]],"c":true},"ix":2},"nm":"Path 1","mn":"ADBE Vector Shape - Group","hd":false},{"ty":"fl","c":{"a":0,"k":[0.258999992819,0.169000004787,0.051000000449,1],"ix":4},"o":{"a":0,"k":100,"ix":5},"r":1,"bm":0,"nm":"Fill 1","mn":"ADBE Vector Graphic - Fill","hd":false},{"ty":"tr","p":{"a":0,"k":[950.318,574.175],"ix":2},"a":{"a":0,"k":[0,0],"ix":1},"s":{"a":0,"k":[100,100],"ix":3},"r":{"a":0,"k":0,"ix":6},"o":{"a":0,"k":100,"ix":7},"sk":{"a":0,"k":0,"ix":4},"sa":{"a":0,"k":0,"ix":5},"nm":"Transform"}],"nm":"Group 3","np":2,"cix":2,"bm":0,"ix":2,"mn":"ADBE Vector Group","hd":false}],"ip":70,"op":210,"st":0,"bm":0},{"ddd":0,"ind":7,"ty":4,"nm":"eyebrow L devil","parent":4,"sr":1,"ks":{"o":{"a":0,"k":100,"ix":11},"r":{"a":0,"k":0,"ix":10},"p":{"a":0,"k":[-140.5,33.242,0],"ix":2,"l":2},"a":{"a":0,"k":[960,540,0],"ix":1,"l":2},"s":{"a":0,"k":[-100,100,100],"ix":6,"l":2}},"ao":0,"shapes":[{"ty":"gr","it":[{"ind":0,"ty":"sh","ix":1,"ks":{"a":1,"k":[{"i":{"x":0.667,"y":1},"o":{"x":0.167,"y":0.167},"t":70,"s":[{"i":[[-2.556,8.569],[7.375,4.358],[1.54,0.381],[7.137,0.147],[21.215,-8.223],[0.444,-7.08],[-16.909,1.851],[-27.238,0.049]],"o":[[2.671,-8.135],[-1.372,-0.797],[-8.295,-2.397],[-25.968,-0.536],[-6.669,2.51],[-0.458,6.852],[26.885,-2.943],[8.862,1.039]],"v":[[58.385,23.225],[50.313,1.878],[45.88,0.036],[20.452,-3.838],[-47.571,5.732],[-59.167,21.524],[-39.342,41.203],[38.577,36.228]],"c":true}]},{"i":{"x":0.667,"y":1},"o":{"x":0.333,"y":0},"t":103,"s":[{"i":[[2.641,10.96],[10.799,0.08],[1.92,-0.56],[9.92,-4.48],[17.92,-22.4],[-4,-8],[-18.259,11.249],[-56.355,26.377]],"o":[[-2.24,-10.56],[-2,0],[-10.561,2.64],[-26.64,12.48],[-5.68,6.96],[3.84,7.76],[32.422,-19.975],[10.319,-4.48]],"v":[[90.76,-49.193],[68.44,-67.353],[62.44,-66.553],[31.639,-55.753],[-86.76,22.647],[-89.401,47.207],[-55.326,56.104],[77.401,-22.473]],"c":true}]},{"t":132.5,"s":[{"i":[[2.641,10.96],[10.799,0.08],[1.92,-0.56],[9.92,-4.48],[17.92,-22.4],[-4,-8],[-18.259,11.249],[-56.355,26.377]],"o":[[-2.24,-10.56],[-2,0],[-10.561,2.64],[-26.64,12.48],[-5.68,6.96],[3.84,7.76],[32.422,-19.975],[10.319,-4.48]],"v":[[90.76,-49.193],[68.44,-67.353],[62.44,-66.553],[31.639,-55.753],[-86.76,22.647],[-89.401,47.207],[-55.326,56.104],[77.401,-22.473]],"c":true}]}],"ix":2},"nm":"Path 1","mn":"ADBE Vector Shape - Group","hd":false},{"ty":"fl","c":{"a":0,"k":[0.258999992819,0.169000004787,0.051000000449,1],"ix":4},"o":{"a":0,"k":100,"ix":5},"r":1,"bm":0,"nm":"Fill 1","mn":"ADBE Vector Graphic - Fill","hd":false},{"ty":"tr","p":{"a":0,"k":[960.125,507.248],"ix":2},"a":{"a":0,"k":[0,0],"ix":1},"s":{"a":0,"k":[100,100],"ix":3},"r":{"a":0,"k":0,"ix":6},"o":{"a":0,"k":100,"ix":7},"sk":{"a":0,"k":0,"ix":4},"sa":{"a":0,"k":0,"ix":5},"nm":"Transform"}],"nm":"Group 2","np":2,"cix":2,"bm":0,"ix":1,"mn":"ADBE Vector Group","hd":false}],"ip":70,"op":210,"st":0,"bm":0},{"ddd":0,"ind":8,"ty":4,"nm":"eyebrow R devil","parent":4,"sr":1,"ks":{"o":{"a":0,"k":100,"ix":11},"r":{"a":0,"k":0,"ix":10},"p":{"s":true,"x":{"a":0,"k":140.5,"ix":3},"y":{"a":1,"k":[{"i":{"x":[0.667],"y":[1]},"o":{"x":[0.333],"y":[0]},"t":132.5,"s":[33.242]},{"i":{"x":[0.667],"y":[1]},"o":{"x":[0.333],"y":[0]},"t":142.5,"s":[0.242]},{"i":{"x":[0.667],"y":[1]},"o":{"x":[0.333],"y":[0]},"t":152.5,"s":[24.687]},{"i":{"x":[0.667],"y":[1]},"o":{"x":[0.333],"y":[0]},"t":162.5,"s":[0.242]},{"t":175,"s":[33.242]}],"ix":4}},"a":{"a":0,"k":[960,540,0],"ix":1,"l":2},"s":{"a":0,"k":[100,100,100],"ix":6,"l":2}},"ao":0,"shapes":[{"ty":"gr","it":[{"ind":0,"ty":"sh","ix":1,"ks":{"a":1,"k":[{"i":{"x":0.667,"y":1},"o":{"x":0.167,"y":0.167},"t":70,"s":[{"i":[[-2.346,7.867],[6.771,4.001],[1.414,0.35],[6.552,0.135],[19.478,-7.55],[0.408,-6.501],[-15.525,1.699],[-25.008,0.044]],"o":[[2.452,-7.469],[-1.259,-0.732],[-7.616,-2.201],[-23.842,-0.492],[-6.123,2.305],[-0.421,6.291],[24.684,-2.702],[8.137,0.954]],"v":[[50.255,24.849],[42.844,5.249],[38.773,3.558],[15.427,0.001],[-47.026,8.788],[-57.673,23.287],[-39.471,41.354],[32.068,36.787]],"c":true}]},{"i":{"x":0.667,"y":1},"o":{"x":0.333,"y":0},"t":103,"s":[{"i":[[2.641,10.96],[10.799,0.08],[1.92,-0.56],[9.92,-4.48],[17.92,-22.4],[-4,-8],[-18.259,11.249],[-56.355,26.377]],"o":[[-2.24,-10.56],[-2,0],[-10.561,2.64],[-26.64,12.48],[-5.68,6.96],[3.84,7.76],[32.422,-19.975],[10.319,-4.48]],"v":[[90.76,-49.193],[68.44,-67.353],[62.44,-66.553],[31.639,-55.753],[-86.76,22.647],[-89.401,47.207],[-55.326,56.104],[77.401,-22.473]],"c":true}]},{"i":{"x":0.667,"y":1},"o":{"x":0.167,"y":0},"t":132.5,"s":[{"i":[[2.641,10.96],[10.799,0.08],[1.92,-0.56],[9.92,-4.48],[17.92,-22.4],[-4,-8],[-18.259,11.249],[-56.355,26.377]],"o":[[-2.24,-10.56],[-2,0],[-10.561,2.64],[-26.64,12.48],[-5.68,6.96],[3.84,7.76],[32.422,-19.975],[10.319,-4.48]],"v":[[90.76,-49.193],[68.44,-67.353],[62.44,-66.553],[31.639,-55.753],[-86.76,22.647],[-89.401,47.207],[-55.326,56.104],[77.401,-22.473]],"c":true}]},{"i":{"x":0.667,"y":1},"o":{"x":0.333,"y":0},"t":142.5,"s":[{"i":[[0.549,11.26],[9.749,2.249],[7.918,-0.793],[22.943,-10.656],[15.864,-24.148],[-5.267,-7.229],[-18.036,15.346],[-67.304,6.008]],"o":[[-0.23,-10.793],[-5.24,-1.209],[-7.796,0.781],[-47.117,21.883],[-3.868,5.888],[5.07,7.018],[19.331,-16.448],[13.722,-1.225]],"v":[[93.289,-41.131],[76.001,-61.637],[55.957,-62.346],[3.682,-46.108],[-86.489,27.282],[-85.033,51.941],[-49.956,55.083],[75.179,-17.373]],"c":true}]},{"i":{"x":0.667,"y":1},"o":{"x":0.333,"y":0},"t":152.5,"s":[{"i":[[2.099,11.038],[10.527,0.642],[3.475,-0.62],[13.296,-6.081],[17.387,-22.853],[-4.329,-7.8],[-18.201,12.311],[-59.194,21.096]],"o":[[-1.719,-10.62],[-2.84,-0.313],[-9.844,2.158],[-31.949,14.918],[-5.21,6.682],[4.159,7.568],[29.028,-19.061],[11.201,-3.636]],"v":[[91.415,-47.103],[70.401,-65.871],[60.76,-65.462],[24.391,-53.252],[-86.69,23.849],[-88.268,48.434],[-53.933,55.839],[76.825,-21.151]],"c":true}]},{"i":{"x":0.667,"y":1},"o":{"x":0.333,"y":0},"t":162.5,"s":[{"i":[[0.549,11.26],[9.749,2.249],[7.918,-0.793],[22.943,-10.656],[15.864,-24.148],[-5.267,-7.229],[-18.036,15.346],[-67.304,6.008]],"o":[[-0.23,-10.793],[-5.24,-1.209],[-7.796,0.781],[-47.117,21.883],[-3.868,5.888],[5.07,7.018],[19.331,-16.448],[13.722,-1.225]],"v":[[93.289,-41.131],[76.001,-61.637],[55.957,-62.346],[3.682,-46.108],[-86.489,27.282],[-85.033,51.941],[-49.956,55.083],[75.179,-17.373]],"c":true}]},{"t":175,"s":[{"i":[[2.641,10.96],[10.799,0.08],[1.92,-0.56],[9.92,-4.48],[17.92,-22.4],[-4,-8],[-18.259,11.249],[-56.355,26.377]],"o":[[-2.24,-10.56],[-2,0],[-10.561,2.64],[-26.64,12.48],[-5.68,6.96],[3.84,7.76],[32.422,-19.975],[10.319,-4.48]],"v":[[90.76,-49.193],[68.44,-67.353],[62.44,-66.553],[31.639,-55.753],[-86.76,22.647],[-89.401,47.207],[-55.326,56.104],[77.401,-22.473]],"c":true}]}],"ix":2},"nm":"Path 1","mn":"ADBE Vector Shape - Group","hd":false},{"ty":"fl","c":{"a":0,"k":[0.258999992819,0.169000004787,0.051000000449,1],"ix":4},"o":{"a":0,"k":100,"ix":5},"r":1,"bm":0,"nm":"Fill 1","mn":"ADBE Vector Graphic - Fill","hd":false},{"ty":"tr","p":{"a":0,"k":[960.125,507.248],"ix":2},"a":{"a":0,"k":[0,0],"ix":1},"s":{"a":0,"k":[100,100],"ix":3},"r":{"a":0,"k":0,"ix":6},"o":{"a":0,"k":100,"ix":7},"sk":{"a":0,"k":0,"ix":4},"sa":{"a":0,"k":0,"ix":5},"nm":"Transform"}],"nm":"Group 2","np":2,"cix":2,"bm":0,"ix":1,"mn":"ADBE Vector Group","hd":false}],"ip":70,"op":210,"st":0,"bm":0},{"ddd":0,"ind":9,"ty":4,"nm":"mouth devil","parent":2,"sr":1,"ks":{"o":{"a":0,"k":100,"ix":11},"r":{"a":0,"k":0,"ix":10},"p":{"a":0,"k":[3.075,248.24,0],"ix":2,"l":2},"a":{"a":0,"k":[167.17,60.33,0],"ix":1,"l":2},"s":{"a":0,"k":[100,100,100],"ix":6,"l":2}},"ao":0,"shapes":[{"ty":"gr","it":[{"ind":0,"ty":"sh","ix":1,"ks":{"a":1,"k":[{"i":{"x":0.833,"y":0.833},"o":{"x":0.167,"y":0.167},"t":70,"s":[{"i":[[0,0],[-4.2,-8.706],[8.249,-6.229],[49.635,-0.808],[19.15,15.279],[-4.492,12.38],[-9.655,0.722],[-3.202,-0.752],[-24.135,0.896],[-26.357,9.068],[-3.276,-0.168]],"o":[[9.675,0.336],[4.979,12.271],[-18.605,16.027],[-38.422,0.626],[-8.492,-5.894],[3.762,-8.94],[3.266,-0.299],[22.764,5.89],[24.135,-0.896],[3.169,-0.879],[0,0]],"v":[[89.324,-47.41],[111.798,-32.641],[101.978,-4.377],[-0.21,28.443],[-105.066,-1.839],[-113.602,-30.204],[-91.743,-45.939],[-81.965,-45.307],[-0.21,-33.363],[79.1,-46.412],[88.845,-47.435]],"c":true}]},{"i":{"x":0,"y":1},"o":{"x":0.167,"y":0.167},"t":85,"s":[{"i":[[0,0],[-5.095,-8.215],[7.546,-7.064],[69.135,-0.798],[16.883,17.752],[-6.141,11.651],[-9.663,-0.604],[-3.069,-1.182],[-28.346,0.896],[-40.774,14.803],[-3.275,0.179]],"o":[[9.657,-0.687],[6.246,11.677],[-16.81,17.901],[-69.135,0.798],[-7.607,-6.999],[4.948,-8.342],[3.277,0.15],[40.98,14.455],[28.346,-0.896],[3.059,-1.208],[0,0]],"v":[[103.052,-55.595],[126.959,-43.279],[124.942,-11.217],[-0.21,29.443],[-125.516,-9.892],[-127.812,-41.856],[-104.009,-54.458],[-94.409,-52.495],[-0.21,-35.863],[92.99,-53.524],[102.573,-55.569]],"c":true}]},{"i":{"x":0.667,"y":1},"o":{"x":0.333,"y":0},"t":132.5,"s":[{"i":[[0,0],[-4.64,-8.48],[7.92,-6.643],[81.44,0],[17.68,16.959],[-5.6,11.92],[-9.68,-0.16],[-3.12,-1.04],[-43.52,0.24],[-41.52,12.56],[-3.28,0]],"o":[[9.68,-0.16],[5.6,12],[-17.76,16.959],[-81.44,0],[-7.92,-6.643],[4.56,-8.56],[3.28,0],[41.6,12.56],[43.36,0.24],[3.12,-1.04],[0,0]],"v":[[137.95,-59.943],[161.15,-46.343],[157.39,-14.438],[-0.21,29.443],[-157.73,-14.438],[-161.49,-46.263],[-138.29,-59.943],[-128.61,-58.423],[-0.21,-39.863],[127.79,-58.423],[137.47,-59.943]],"c":true}]},{"i":{"x":0.667,"y":1},"o":{"x":0.333,"y":0},"t":142.5,"s":[{"i":[[0,0],[-5.08,-8.224],[7.559,-7.05],[81.413,-2.07],[17.68,16.959],[-5.6,11.92],[-9.68,-0.16],[-3.12,-1.04],[-43.5,1.346],[-40.801,14.728],[-3.276,0.173]],"o":[[9.658,-0.669],[6.224,11.689],[-16.843,17.87],[-81.413,2.07],[-7.92,-6.643],[4.56,-8.56],[3.28,0],[41.6,12.56],[43.352,-0.862],[3.061,-1.203],[0,0]],"v":[[135.324,-70.148],[159.207,-57.788],[157.132,-25.73],[0.994,26.506],[-157.73,-14.438],[-161.49,-46.263],[-138.29,-59.943],[-128.61,-58.423],[-0.768,-42.778],[125.258,-68.096],[134.844,-70.123]],"c":true}]},{"i":{"x":0.667,"y":1},"o":{"x":0.333,"y":0},"t":162.5,"s":[{"i":[[0,0],[-5.08,-8.224],[7.559,-7.05],[81.413,-2.07],[17.68,16.959],[-5.6,11.92],[-9.68,-0.16],[-3.12,-1.04],[-43.5,1.346],[-40.801,14.728],[-3.276,0.173]],"o":[[9.658,-0.669],[6.224,11.689],[-16.843,17.87],[-81.413,2.07],[-7.92,-6.643],[4.56,-8.56],[3.28,0],[41.6,12.56],[43.352,-0.862],[3.061,-1.203],[0,0]],"v":[[135.324,-70.148],[159.207,-57.788],[157.132,-25.73],[0.994,26.506],[-157.73,-14.438],[-161.49,-46.263],[-138.29,-59.943],[-128.61,-58.423],[-0.768,-42.778],[125.258,-68.096],[134.844,-70.123]],"c":true}]},{"i":{"x":0.667,"y":1},"o":{"x":0.333,"y":0},"t":175,"s":[{"i":[[0,0],[-4.64,-8.48],[7.92,-6.643],[81.44,0],[17.68,16.959],[-5.6,11.92],[-9.68,-0.16],[-3.12,-1.04],[-43.52,0.24],[-41.52,12.56],[-3.28,0]],"o":[[9.68,-0.16],[5.6,12],[-17.76,16.959],[-81.44,0],[-7.92,-6.643],[4.56,-8.56],[3.28,0],[41.6,12.56],[43.36,0.24],[3.12,-1.04],[0,0]],"v":[[137.95,-59.943],[161.15,-46.343],[157.39,-14.438],[-0.21,29.443],[-157.73,-14.438],[-161.49,-46.263],[-138.29,-59.943],[-128.61,-58.423],[-0.21,-39.863],[127.79,-58.423],[137.47,-59.943]],"c":true}]},{"i":{"x":0.833,"y":0.833},"o":{"x":0.333,"y":0},"t":197.5,"s":[{"i":[[0,0],[-4.64,-8.48],[7.92,-6.643],[81.44,0],[17.68,16.959],[-5.6,11.92],[-9.68,-0.16],[-3.12,-1.04],[-43.52,0.24],[-41.52,12.56],[-3.28,0]],"o":[[9.68,-0.16],[5.6,12],[-17.76,16.959],[-81.44,0],[-7.92,-6.643],[4.56,-8.56],[3.28,0],[41.6,12.56],[43.36,0.24],[3.12,-1.04],[0,0]],"v":[[137.95,-59.943],[161.15,-46.343],[157.39,-14.438],[-0.21,29.443],[-157.73,-14.438],[-161.49,-46.263],[-138.29,-59.943],[-128.61,-58.423],[-0.21,-39.863],[127.79,-58.423],[137.47,-59.943]],"c":true}]},{"t":210,"s":[{"i":[[0,0],[-5.783,-7.746],[6.911,-7.687],[58.865,-0.798],[15.356,19.088],[-7.084,11.102],[-9.58,-1.401],[-2.961,-1.432],[-24.135,0.896],[-24.146,13.926],[-3.248,0.46]],"o":[[9.562,-1.515],[7.226,11.097],[-15.208,19.28],[-58.865,0.798],[-7.002,-7.604],[5.621,-7.904],[3.253,0.421],[20.931,10.714],[24.135,-0.896],[2.943,-1.467],[0,0]],"v":[[80.917,-55.72],[105.794,-45.505],[101.542,-15.888],[-0.21,29.443],[-105.032,-14.197],[-107.175,-43.741],[-82.411,-54.33],[-73.006,-51.579],[-0.21,-33.363],[71.071,-52.792],[80.442,-55.653]],"c":true}]}],"ix":2},"nm":"Path 1","mn":"ADBE Vector Shape - Group","hd":false},{"ty":"fl","c":{"a":0,"k":[0.258999992819,0.169000004787,0.051000000449,1],"ix":4},"o":{"a":0,"k":100,"ix":5},"r":1,"bm":0,"nm":"Fill 1","mn":"ADBE Vector Graphic - Fill","hd":false},{"ty":"tr","p":{"a":0,"k":[167.17,60.33],"ix":2},"a":{"a":0,"k":[0,0],"ix":1},"s":{"a":0,"k":[100,100],"ix":3},"r":{"a":0,"k":0,"ix":6},"o":{"a":0,"k":100,"ix":7},"sk":{"a":0,"k":0,"ix":4},"sa":{"a":0,"k":0,"ix":5},"nm":"Transform"}],"nm":"Group 1","np":2,"cix":2,"bm":0,"ix":1,"mn":"ADBE Vector Group","hd":false}],"ip":70,"op":210,"st":15,"bm":0},{"ddd":0,"ind":10,"ty":4,"nm":"eyes normal","parent":3,"sr":1,"ks":{"o":{"a":0,"k":100,"ix":11},"r":{"a":0,"k":0,"ix":10},"p":{"a":0,"k":[0,-19.858,0],"ix":2,"l":2},"a":{"a":0,"k":[27.294,6.65,0],"ix":1,"l":2},"s":{"a":0,"k":[800,800,100],"ix":6,"l":2}},"ao":0,"shapes":[{"ty":"gr","it":[{"ind":0,"ty":"sh","ix":1,"ks":{"a":0,"k":{"i":[[0.899,0.8],[0,0],[0.7,-1.4],[-0.901,-0.9],[-0.701,1.4]],"o":[[0,0],[-1.4,-0.7],[-0.5,1.1],[1.399,0.7],[0.5,-1.1]],"v":[[0.194,-5.3],[0.194,-5.3],[-3.607,-4],[-3.006,-0.7],[0.794,-2]],"c":true},"ix":2},"nm":"Path 1","mn":"ADBE Vector Shape - Group","hd":false},{"ty":"fl","c":{"a":0,"k":[0.536999990426,0.375999989229,0.141000007181,1],"ix":4},"o":{"a":0,"k":100,"ix":5},"r":1,"bm":0,"nm":"Fill 1","mn":"ADBE Vector Graphic - Fill","hd":false},{"ty":"tr","p":{"a":0,"k":[44.65,6.55],"ix":2},"a":{"a":0,"k":[0,0],"ix":1},"s":{"a":0,"k":[100,100],"ix":3},"r":{"a":0,"k":0,"ix":6},"o":{"a":0,"k":100,"ix":7},"sk":{"a":0,"k":0,"ix":4},"sa":{"a":0,"k":0,"ix":5},"nm":"Transform"}],"nm":"Group 1","np":2,"cix":2,"bm":0,"ix":1,"mn":"ADBE Vector Group","hd":false},{"ty":"gr","it":[{"ind":0,"ty":"sh","ix":1,"ks":{"a":0,"k":{"i":[[4.2,0],[0,0],[0,-5.9],[-4.2,0],[0,5.9]],"o":[[0,0],[-4.2,0],[0,5.9],[4.2,0],[0,-5.9]],"v":[[-1.406,-12.4],[-1.406,-12.4],[-9.406,-3],[-1.406,6.4],[6.594,-3]],"c":true},"ix":2},"nm":"Path 1","mn":"ADBE Vector Shape - Group","hd":false},{"ty":"fl","c":{"a":0,"k":[0.258999992819,0.169000004787,0.051000000449,1],"ix":4},"o":{"a":0,"k":100,"ix":5},"r":1,"bm":0,"nm":"Fill 1","mn":"ADBE Vector Graphic - Fill","hd":false},{"ty":"tr","p":{"a":0,"k":[46.65,9.65],"ix":2},"a":{"a":0,"k":[0,0],"ix":1},"s":{"a":0,"k":[100,100],"ix":3},"r":{"a":0,"k":0,"ix":6},"o":{"a":0,"k":100,"ix":7},"sk":{"a":0,"k":0,"ix":4},"sa":{"a":0,"k":0,"ix":5},"nm":"Transform"}],"nm":"Group 2","np":2,"cix":2,"bm":0,"ix":2,"mn":"ADBE Vector Group","hd":false},{"ty":"gr","it":[{"ind":0,"ty":"sh","ix":1,"ks":{"a":0,"k":{"i":[[0.9,0.8],[0,0],[0.7,-1.4],[-0.9,-0.9],[-0.7,1.4]],"o":[[0,0],[-1.4,-0.7],[-0.5,1.1],[1.4,0.7],[0.6,-1.1]],"v":[[2.644,-5.3],[2.644,-5.3],[-1.156,-4],[-0.556,-0.7],[3.244,-2]],"c":true},"ix":2},"nm":"Path 1","mn":"ADBE Vector Shape - Group","hd":false},{"ty":"fl","c":{"a":0,"k":[0.536999990426,0.375999989229,0.141000007181,1],"ix":4},"o":{"a":0,"k":100,"ix":5},"r":1,"bm":0,"nm":"Fill 1","mn":"ADBE Vector Graphic - Fill","hd":false},{"ty":"tr","p":{"a":0,"k":[6.3,6.55],"ix":2},"a":{"a":0,"k":[0,0],"ix":1},"s":{"a":0,"k":[100,100],"ix":3},"r":{"a":0,"k":0,"ix":6},"o":{"a":0,"k":100,"ix":7},"sk":{"a":0,"k":0,"ix":4},"sa":{"a":0,"k":0,"ix":5},"nm":"Transform"}],"nm":"Group 3","np":2,"cix":2,"bm":0,"ix":3,"mn":"ADBE Vector Group","hd":false},{"ty":"gr","it":[{"ind":0,"ty":"sh","ix":1,"ks":{"a":0,"k":{"i":[[4.2,0],[0,0],[0,-5.9],[-4.2,0],[0,5.9]],"o":[[0,0],[-4.2,0],[0,5.9],[4.2,0],[0,-5.9]],"v":[[1.094,-12.4],[1.094,-12.4],[-6.906,-3],[1.094,6.4],[9.094,-3]],"c":true},"ix":2},"nm":"Path 1","mn":"ADBE Vector Shape - Group","hd":false},{"ty":"fl","c":{"a":0,"k":[0.258999992819,0.169000004787,0.051000000449,1],"ix":4},"o":{"a":0,"k":100,"ix":5},"r":1,"bm":0,"nm":"Fill 1","mn":"ADBE Vector Graphic - Fill","hd":false},{"ty":"tr","p":{"a":0,"k":[8.25,9.65],"ix":2},"a":{"a":0,"k":[0,0],"ix":1},"s":{"a":0,"k":[100,100],"ix":3},"r":{"a":0,"k":0,"ix":6},"o":{"a":0,"k":100,"ix":7},"sk":{"a":0,"k":0,"ix":4},"sa":{"a":0,"k":0,"ix":5},"nm":"Transform"}],"nm":"Group 4","np":2,"cix":2,"bm":0,"ix":4,"mn":"ADBE Vector Group","hd":false}],"ip":0,"op":70,"st":15,"bm":0},{"ddd":0,"ind":11,"ty":4,"nm":"mouth normal","parent":3,"sr":1,"ks":{"o":{"a":0,"k":100,"ix":11},"r":{"a":0,"k":0,"ix":10},"p":{"a":0,"k":[0.678,174.104,0],"ix":2,"l":2},"a":{"a":0,"k":[1.735,-18.495,0],"ix":1,"l":2},"s":{"a":0,"k":[100,100,100],"ix":6,"l":2}},"ao":0,"shapes":[{"ty":"gr","it":[{"ind":0,"ty":"sh","ix":1,"ks":{"a":1,"k":[{"i":{"x":0.833,"y":0.833},"o":{"x":0.167,"y":0.167},"t":40,"s":[{"i":[[37.25,43.844],[-2.931,6.271],[-7.722,0.054],[-2.933,-1.551],[-43.942,0.116],[-20.419,11.464],[-3.246,0],[-2.941,-6.593],[8.8,-10.043],[42.558,-1.224]],"o":[[-5.099,-6.001],[2.847,-6.09],[3.292,0],[25.793,13.637],[43.942,-0.116],[4.565,-2.563],[7.201,0.102],[3.043,6.491],[-32.045,36.572],[-42.558,1.224]],"v":[[-153,-30.199],[-155.526,-50.299],[-139.008,-61.064],[-129.543,-58.492],[-20.692,-28.24],[80.17,-58.32],[89.501,-60.856],[106.135,-49.901],[100.795,-26.427],[-20.692,27.92]],"c":true}]},{"t":67.5,"s":[{"i":[[19.954,14.295],[-3.658,13.948],[-8.981,2.274],[-3.898,-0.502],[-43.942,0.133],[-17.072,2.178],[-3.687,-1.344],[-0.582,-8.853],[13.799,-8.635],[45.998,-0.093]],"o":[[-7.521,-5.388],[2.021,-7.704],[3.781,-0.929],[20.69,2.667],[43.942,-0.133],[6.297,-0.803],[8.139,3.099],[1.329,12.116],[-22.04,13.792],[-42.581,0.086]],"v":[[-115.898,-42.811],[-130.989,-71.889],[-114.855,-88.555],[-101.774,-89.603],[-20.941,-80.34],[68.738,-89.223],[80.4,-88.296],[94.608,-69.272],[73.096,-39.808],[-20.941,-16.924]],"c":true}]}],"ix":2},"nm":"Path 1","mn":"ADBE Vector Shape - Group","hd":false},{"ty":"fl","c":{"a":0,"k":[0.258999992819,0.169000004787,0.051000000449,1],"ix":4},"o":{"a":0,"k":100,"ix":5},"r":1,"bm":0,"nm":"Fill 1","mn":"ADBE Vector Graphic - Fill","hd":false},{"ty":"tr","p":{"a":0,"k":[22,12],"ix":2},"a":{"a":0,"k":[0,0],"ix":1},"s":{"a":0,"k":[100,100],"ix":3},"r":{"a":0,"k":0,"ix":6},"o":{"a":0,"k":100,"ix":7},"sk":{"a":0,"k":0,"ix":4},"sa":{"a":0,"k":0,"ix":5},"nm":"Transform"}],"nm":"Group 1","np":2,"cix":2,"bm":0,"ix":1,"mn":"ADBE Vector Group","hd":false}],"ip":0,"op":70,"st":15,"bm":0},{"ddd":0,"ind":12,"ty":4,"nm":"Base Devil matte","parent":14,"td":1,"sr":1,"ks":{"o":{"a":0,"k":100,"ix":11},"r":{"a":0,"k":0,"ix":10},"p":{"a":0,"k":[407.09,380.85,0],"ix":2,"l":2},"a":{"a":0,"k":[421.09,404.85,0],"ix":1,"l":2},"s":{"a":0,"k":[100,100,100],"ix":6,"l":2}},"ao":0,"shapes":[{"ty":"gr","it":[{"ind":0,"ty":"sh","ix":1,"ks":{"a":0,"k":{"i":[[111.44,0],[0,277.92],[-201.92,0],[-76.4,-67.04],[0,-122.32],[83.201,-73.84]],"o":[[-201.92,0],[0,-277.919],[112,0],[83.201,73.84],[0,122.321],[-76.719,67.599]],"v":[[0,404.6],[-419.76,0.039],[0,-404.6],[292.4,-300.6],[419.76,-0.201],[292.4,299.4]],"c":true},"ix":2},"nm":"Path 1","mn":"ADBE Vector Shape - Group","hd":false},{"ty":"gf","o":{"a":0,"k":100,"ix":10},"r":1,"bm":0,"g":{"p":5,"k":{"a":0,"k":[0,1,0,1,0.43,0.937,0.022,0.943,0.86,0.875,0.043,0.886,0.951,0.675,0.11,0.704,1,0.475,0.176,0.522],"ix":9}},"s":{"a":0,"k":[0,0],"ix":5},"e":{"a":0,"k":[56.225,0],"ix":6},"t":2,"h":{"a":0,"k":0,"ix":7},"a":{"a":0,"k":0,"ix":8},"nm":"Gradient Fill 1","mn":"ADBE Vector Graphic - G-Fill","hd":false},{"ty":"tr","p":{"a":0,"k":[420.01,404.85],"ix":2},"a":{"a":0,"k":[0,0],"ix":1},"s":{"a":0,"k":[100,100],"ix":3},"r":{"a":0,"k":0,"ix":6},"o":{"a":0,"k":100,"ix":7},"sk":{"a":0,"k":0,"ix":4},"sa":{"a":0,"k":0,"ix":5},"nm":"Transform"}],"nm":"Group 2","np":3,"cix":2,"bm":0,"ix":1,"mn":"ADBE Vector Group","hd":false}],"ip":67,"op":210,"st":15,"bm":0},{"ddd":0,"ind":13,"ty":4,"nm":"Shadow Devil","parent":14,"tt":2,"sr":1,"ks":{"o":{"a":1,"k":[{"i":{"x":[0.833],"y":[0.833]},"o":{"x":[0.167],"y":[0.167]},"t":67,"s":[0]},{"t":70,"s":[100]}],"ix":11},"r":{"a":0,"k":0,"ix":10},"p":{"a":0,"k":[421.09,404.85,0],"ix":2,"l":2},"a":{"a":0,"k":[421.09,404.85,0],"ix":1,"l":2},"s":{"a":0,"k":[100,100,100],"ix":6,"l":2}},"ao":0,"shapes":[{"ty":"gr","it":[{"ind":0,"ty":"sh","ix":1,"ks":{"a":0,"k":{"i":[[111.44,0],[0,277.92],[-201.92,0],[-76.4,-67.04],[0,-122.32],[83.201,-73.84]],"o":[[-201.92,0],[0,-277.919],[112,0],[83.201,73.84],[0,122.321],[-76.719,67.599]],"v":[[0,404.6],[-419.76,0.039],[0,-404.6],[292.4,-300.6],[419.76,-0.201],[292.4,299.4]],"c":true},"ix":2},"nm":"Path 1","mn":"ADBE Vector Shape - Group","hd":false},{"ty":"fl","c":{"a":1,"k":[{"i":{"x":[0.667],"y":[1]},"o":{"x":[0.167],"y":[0.526]},"t":70,"s":[0.407843142748,0.313725501299,0.376470595598,1]},{"t":135,"s":[0.474509803922,0.176470588235,0.521568627451,1]}],"ix":4},"o":{"a":0,"k":100,"ix":5},"r":1,"bm":0,"nm":"Fill 2","mn":"ADBE Vector Graphic - Fill","hd":false},{"ty":"tr","p":{"a":0,"k":[420.01,404.85],"ix":2},"a":{"a":0,"k":[0,0],"ix":1},"s":{"a":0,"k":[100,100],"ix":3},"r":{"a":0,"k":0,"ix":6},"o":{"a":0,"k":100,"ix":7},"sk":{"a":0,"k":0,"ix":4},"sa":{"a":0,"k":0,"ix":5},"nm":"Transform"}],"nm":"Group 2","np":2,"cix":2,"bm":0,"ix":1,"mn":"ADBE Vector Group","hd":false}],"ip":67,"op":210,"st":15,"bm":0},{"ddd":0,"ind":14,"ty":4,"nm":"Base Devil","parent":1,"sr":1,"ks":{"o":{"a":1,"k":[{"i":{"x":[0.833],"y":[0.833]},"o":{"x":[0.167],"y":[0.167]},"t":67,"s":[0]},{"t":70,"s":[100]}],"ix":11},"r":{"a":0,"k":0,"ix":10},"p":{"a":1,"k":[{"i":{"x":0.833,"y":0.833},"o":{"x":0.167,"y":0.167},"t":67,"s":[1.079,35.8,0],"to":[0,0,0],"ti":[0,0,0]},{"i":{"x":0.667,"y":1},"o":{"x":0.167,"y":0.167},"t":70,"s":[1.079,41.8,0],"to":[0,0,0],"ti":[0,0,0]},{"t":135,"s":[1.079,33.8,0]}],"ix":2,"l":2},"a":{"a":0,"k":[421.09,404.85,0],"ix":1,"l":2},"s":{"a":1,"k":[{"i":{"x":[0.833,0.833,0.833],"y":[0.833,0.833,0.833]},"o":{"x":[0.167,0.167,0.167],"y":[0.167,0.167,0.167]},"t":67,"s":[105,105,100]},{"i":{"x":[0.667,0.667,0.667],"y":[1,1,1]},"o":{"x":[0.167,0.167,0.167],"y":[0.167,0.167,0]},"t":70,"s":[103,104,100]},{"t":135,"s":[100,100,100]}],"ix":6,"l":2}},"ao":0,"shapes":[{"ty":"gr","it":[{"ind":0,"ty":"sh","ix":1,"ks":{"a":0,"k":{"i":[[111.44,0],[0,277.92],[-201.92,0],[-76.4,-67.04],[0,-122.32],[83.201,-73.84]],"o":[[-201.92,0],[0,-277.919],[112,0],[83.201,73.84],[0,122.321],[-76.719,67.599]],"v":[[0,404.6],[-419.76,0.039],[0,-404.6],[292.4,-300.6],[419.76,-0.201],[292.4,299.4]],"c":true},"ix":2},"nm":"Path 1","mn":"ADBE Vector Shape - Group","hd":false},{"ty":"gf","o":{"a":1,"k":[{"i":{"x":[0.667],"y":[1]},"o":{"x":[0.167],"y":[0.167]},"t":70,"s":[0]},{"i":{"x":[0.667],"y":[1]},"o":{"x":[0.333],"y":[0]},"t":147.5,"s":[100]},{"i":{"x":[0.833],"y":[0.833]},"o":{"x":[0.167],"y":[0]},"t":197.5,"s":[100]},{"t":210,"s":[0]}],"ix":10},"r":1,"bm":0,"g":{"p":5,"k":{"a":0,"k":[0,1,0,1,0.413,0.937,0.022,0.943,0.826,0.875,0.043,0.886,0.939,0.675,0.11,0.704,1,0.475,0.176,0.522],"ix":9}},"s":{"a":0,"k":[0,0],"ix":5},"e":{"a":0,"k":[414.225,0],"ix":6},"t":2,"h":{"a":0,"k":0,"ix":7},"a":{"a":0,"k":0,"ix":8},"nm":"Gradient Fill 1","mn":"ADBE Vector Graphic - G-Fill","hd":false},{"ty":"gf","o":{"a":0,"k":100,"ix":10},"r":1,"bm":0,"g":{"p":5,"k":{"a":0,"k":[0,0.886,0.638,0.376,0.451,0.828,0.551,0.374,0.902,0.769,0.464,0.372,0.966,0.589,0.389,0.374,1,0.408,0.314,0.376],"ix":9}},"s":{"a":0,"k":[0,0],"ix":5},"e":{"a":0,"k":[406.225,0],"ix":6},"t":2,"h":{"a":0,"k":0,"ix":7},"a":{"a":0,"k":0,"ix":8},"nm":"Gradient Fill 2","mn":"ADBE Vector Graphic - G-Fill","hd":false},{"ty":"tr","p":{"a":0,"k":[420.01,404.85],"ix":2},"a":{"a":0,"k":[0,0],"ix":1},"s":{"a":0,"k":[100,100],"ix":3},"r":{"a":0,"k":0,"ix":6},"o":{"a":0,"k":100,"ix":7},"sk":{"a":0,"k":0,"ix":4},"sa":{"a":0,"k":0,"ix":5},"nm":"Transform"}],"nm":"Group 2","np":3,"cix":2,"bm":0,"ix":1,"mn":"ADBE Vector Group","hd":false}],"ip":67,"op":210,"st":15,"bm":0},{"ddd":0,"ind":15,"ty":3,"nm":"Null Horns","parent":14,"sr":1,"ks":{"o":{"a":0,"k":0,"ix":11},"r":{"a":0,"k":0,"ix":10},"p":{"s":true,"x":{"a":0,"k":420.01,"ix":3},"y":{"a":1,"k":[{"i":{"x":[0],"y":[1]},"o":{"x":[0.167],"y":[0.167]},"t":75,"s":[426.356]},{"i":{"x":[0.667],"y":[1]},"o":{"x":[0.333],"y":[0]},"t":132.5,"s":[349.05]},{"i":{"x":[0.667],"y":[1]},"o":{"x":[0.333],"y":[0]},"t":142.5,"s":[357.05]},{"i":{"x":[0.667],"y":[1]},"o":{"x":[0.333],"y":[0]},"t":152.5,"s":[349.05]},{"i":{"x":[0.667],"y":[1]},"o":{"x":[0.333],"y":[0]},"t":162.5,"s":[357.05]},{"t":175,"s":[349.05]}],"ix":4}},"a":{"a":0,"k":[0,0,0],"ix":1,"l":2},"s":{"a":0,"k":[100,100,100],"ix":6,"l":2}},"ao":0,"ip":75,"op":210,"st":2.5,"bm":0},{"ddd":0,"ind":16,"ty":4,"nm":"horns","parent":15,"sr":1,"ks":{"o":{"a":0,"k":100,"ix":11},"r":{"a":0,"k":0,"ix":10},"p":{"s":true,"x":{"a":0,"k":-0.32,"ix":3},"y":{"a":0,"k":-283.36,"ix":4}},"a":{"a":0,"k":[474.329,165.37,0],"ix":1,"l":2},"s":{"a":0,"k":[100,100,100],"ix":6,"l":2}},"ao":0,"shapes":[{"ty":"gr","it":[{"ind":0,"ty":"sh","ix":1,"ks":{"a":1,"k":[{"i":{"x":0.833,"y":0.833},"o":{"x":0.167,"y":0.167},"t":75,"s":[{"i":[[12.321,14.704],[68.381,35.376],[-10.643,-30.498],[-34.254,-13.996],[-0.138,23.947],[10.162,25.653]],"o":[[-12.321,-14.704],[-18.513,-9.577],[15.628,44.784],[34.254,13.996],[0.129,-22.446],[-6.791,-17.142]],"v":[[22.066,16.41],[-88.813,-73.231],[-119.775,-17.99],[-3.093,136.304],[63.155,121.606],[46.795,53.728]],"c":true}]},{"i":{"x":0,"y":1},"o":{"x":0.167,"y":0.167},"t":93,"s":[{"i":[[26.323,-1.192],[52.962,8.147],[-2.524,-36.306],[-29.314,-12.445],[-39.209,32.35],[-15.765,47.289]],"o":[[-42.512,1.924],[-7.98,-1.228],[2.524,36.306],[29.314,12.445],[39.209,-32.35],[6.557,-19.668]],"v":[[106.845,-34.967],[-102.739,-37.765],[-138.866,-3.308],[-39.743,170.245],[44.797,147.532],[133.217,-0.594]],"c":true}]},{"t":137.5,"s":[{"i":[[12.025,-11.907],[92.239,2.4],[-20.961,-32.397],[-47.759,-6.083],[-17.94,19.357],[7.161,107.857]],"o":[[-80.06,79.277],[-8.8,-0.24],[20.961,32.397],[34.469,4.39],[53.04,-63.52],[-0.739,-11.124]],"v":[[123.201,-158.64],[-139.919,-25.28],[-148.32,27.24],[-5.6,162.72],[66.081,147.28],[150.48,-148.72]],"c":true}]}],"ix":2},"nm":"Path 1","mn":"ADBE Vector Shape - Group","hd":false},{"ty":"fl","c":{"a":1,"k":[{"i":{"x":[0.667],"y":[1]},"o":{"x":[0.167],"y":[0.526]},"t":75,"s":[0.407843142748,0.313725501299,0.376470595598,1]},{"i":{"x":[0.667],"y":[1]},"o":{"x":[0.333],"y":[0]},"t":137.5,"s":[0.474509803922,0.176470588235,0.521568627451,1]},{"i":{"x":[0.833],"y":[1.526]},"o":{"x":[0.167],"y":[0]},"t":197.5,"s":[0.474509803922,0.176470588235,0.521568627451,1]},{"t":210,"s":[0.407843142748,0.313725501299,0.376470595598,1]}],"ix":4},"o":{"a":0,"k":100,"ix":5},"r":1,"bm":0,"nm":"Fill 1","mn":"ADBE Vector Graphic - Fill","hd":false},{"ty":"tr","p":{"a":0,"k":[792.009,166.41],"ix":2},"a":{"a":0,"k":[0,0],"ix":1},"s":{"a":0,"k":[100,100],"ix":3},"r":{"a":0,"k":0,"ix":6},"o":{"a":0,"k":100,"ix":7},"sk":{"a":0,"k":0,"ix":4},"sa":{"a":0,"k":0,"ix":5},"nm":"Transform"}],"nm":"Group 1","np":2,"cix":2,"bm":0,"ix":1,"mn":"ADBE Vector Group","hd":false},{"ty":"gr","it":[{"ind":0,"ty":"sh","ix":1,"ks":{"a":1,"k":[{"i":{"x":0.833,"y":0.833},"o":{"x":0.167,"y":0.167},"t":75,"s":[{"i":[[-12.046,13.589],[-64.596,28.528],[0.788,-28.048],[43.609,-25.897],[6.416,34.201],[-9.826,21.943]],"o":[[12.046,-13.589],[49.554,-21.885],[-0.788,28.048],[-30.922,18.362],[-3.187,-16.988],[7.706,-17.21]],"v":[[-12.453,7.686],[90.214,-70.858],[140.556,-19.478],[8.549,132.887],[-59.521,113.365],[-47.041,58.995]],"c":true}]},{"i":{"x":0,"y":1},"o":{"x":0.167,"y":0.167},"t":92.5,"s":[{"i":[[-18.843,-0.835],[-60.445,8.52],[2.563,-44.982],[23.241,-23.963],[28.087,23.024],[25.076,72.806]],"o":[[66.079,2.927],[33.877,-4.775],[-2.563,44.982],[-23.241,23.963],[-28.087,-23.024],[-10.31,-29.933]],"v":[[-105.264,-32.462],[100.068,-36.5],[133.558,22.343],[53.899,158.811],[-34.706,162.748],[-131.153,1.367]],"c":true}]},{"t":137.5,"s":[{"i":[[-10.618,-10.661],[-92.268,1.334],[7.561,-28.397],[81.44,11.36],[15.28,18.124],[-3.601,112.357]],"o":[[77.96,78.277],[40.34,-0.583],[-7.561,28.397],[-3.84,-0.48],[-54.5,-64.643],[0.485,-15.136]],"v":[[-123.081,-158.6],[140.039,-25.24],[170.94,34.78],[-26.281,164.76],[-66.121,147.32],[-150.52,-148.68]],"c":true}]}],"ix":2},"nm":"Path 1","mn":"ADBE Vector Shape - Group","hd":false},{"ty":"fl","c":{"a":1,"k":[{"i":{"x":[0.667],"y":[1]},"o":{"x":[0.167],"y":[0.526]},"t":75,"s":[0.407843142748,0.313725501299,0.376470595598,1]},{"i":{"x":[0.667],"y":[1]},"o":{"x":[0.333],"y":[0]},"t":137.5,"s":[0.474509803922,0.176470588235,0.521568627451,1]},{"i":{"x":[0.833],"y":[1.526]},"o":{"x":[0.167],"y":[0]},"t":197.5,"s":[0.474509803922,0.176470588235,0.521568627451,1]},{"t":210,"s":[0.407843142748,0.313725501299,0.376470595598,1]}],"ix":4},"o":{"a":0,"k":100,"ix":5},"r":1,"bm":0,"nm":"Fill 1","mn":"ADBE Vector Graphic - Fill","hd":false},{"ty":"tr","p":{"a":0,"k":[156.77,164.37],"ix":2},"a":{"a":0,"k":[0,0],"ix":1},"s":{"a":0,"k":[100,100],"ix":3},"r":{"a":0,"k":0,"ix":6},"o":{"a":0,"k":100,"ix":7},"sk":{"a":0,"k":0,"ix":4},"sa":{"a":0,"k":0,"ix":5},"nm":"Transform"}],"nm":"Group 2","np":2,"cix":2,"bm":0,"ix":2,"mn":"ADBE Vector Group","hd":false}],"ip":75,"op":210,"st":2.5,"bm":0},{"ddd":0,"ind":17,"ty":4,"nm":"base matte","parent":19,"td":1,"sr":1,"ks":{"o":{"a":0,"k":100,"ix":11},"r":{"a":0,"k":0,"ix":10},"p":{"a":0,"k":[-2,-3,0],"ix":2,"l":2},"a":{"a":0,"k":[0,0,0],"ix":1,"l":2},"s":{"a":0,"k":[100,100,100],"ix":6,"l":2}},"ao":0,"shapes":[{"ty":"gr","it":[{"ind":0,"ty":"sh","ix":1,"ks":{"a":0,"k":{"i":[[15.4,0],[0,38.4],[-27.9,0],[-10.6,-9.3],[0,-16.9],[11.5,-10.2]],"o":[[-27.9,0],[0,-38.4],[15.5,0],[11.5,10.2],[0,16.9],[-10.6,9.3]],"v":[[0,55.9],[-58,0],[0,-55.9],[40.4,-41.5],[58,0],[40.4,41.4]],"c":true},"ix":2},"nm":"Path 1","mn":"ADBE Vector Shape - Group","hd":false},{"ty":"gf","o":{"a":0,"k":100,"ix":10},"r":1,"bm":0,"g":{"p":5,"k":{"a":0,"k":[0.48,0.992,0.878,0.188,0.691,0.98,0.816,0.178,0.902,0.969,0.753,0.169,0.966,0.963,0.694,0.153,1,0.957,0.635,0.137],"ix":9}},"s":{"a":0,"k":[0,0],"ix":5},"e":{"a":0,"k":[56.225,0],"ix":6},"t":2,"h":{"a":0,"k":0,"ix":7},"a":{"a":0,"k":0,"ix":8},"nm":"Gradient Fill 1","mn":"ADBE Vector Graphic - G-Fill","hd":false},{"ty":"tr","p":{"a":0,"k":[0,0],"ix":2},"a":{"a":0,"k":[0,0],"ix":1},"s":{"a":0,"k":[100,100],"ix":3},"r":{"a":0,"k":0,"ix":6},"o":{"a":0,"k":100,"ix":7},"sk":{"a":0,"k":0,"ix":4},"sa":{"a":0,"k":0,"ix":5},"nm":"Transform"}],"nm":"Group 1","np":2,"cix":2,"bm":0,"ix":1,"mn":"ADBE Vector Group","hd":false}],"ip":0,"op":70,"st":15,"bm":0},{"ddd":0,"ind":18,"ty":4,"nm":"base shadow","parent":19,"tt":2,"sr":1,"ks":{"o":{"a":0,"k":100,"ix":11},"r":{"a":0,"k":0,"ix":10},"p":{"a":0,"k":[0,0,0],"ix":2,"l":2},"a":{"a":0,"k":[0,0,0],"ix":1,"l":2},"s":{"a":0,"k":[100,100,100],"ix":6,"l":2}},"ao":0,"shapes":[{"ty":"gr","it":[{"ind":0,"ty":"sh","ix":1,"ks":{"a":0,"k":{"i":[[15.4,0],[0,38.4],[-27.9,0],[-10.6,-9.3],[0,-16.9],[11.5,-10.2]],"o":[[-27.9,0],[0,-38.4],[15.5,0],[11.5,10.2],[0,16.9],[-10.6,9.3]],"v":[[0,55.9],[-58,0],[0,-55.9],[40.4,-41.5],[58,0],[40.4,41.4]],"c":true},"ix":2},"nm":"Path 1","mn":"ADBE Vector Shape - Group","hd":false},{"ty":"fl","c":{"a":1,"k":[{"i":{"x":[0],"y":[1]},"o":{"x":[0.167],"y":[0.222]},"t":0,"s":[0.407843142748,0.313725501299,0.376470595598,1]},{"i":{"x":[0.667],"y":[1]},"o":{"x":[0.167],"y":[0]},"t":15,"s":[0.921568627451,0.560784313725,0,1]},{"i":{"x":[0.833],"y":[1.222]},"o":{"x":[0.333],"y":[0]},"t":45,"s":[0.921568627451,0.560784313725,0,1]},{"t":70,"s":[0.407843142748,0.313725501299,0.376470595598,1]}],"ix":4},"o":{"a":0,"k":100,"ix":5},"r":1,"bm":0,"nm":"Fill 1","mn":"ADBE Vector Graphic - Fill","hd":false},{"ty":"tr","p":{"a":0,"k":[0,0],"ix":2},"a":{"a":0,"k":[0,0],"ix":1},"s":{"a":0,"k":[100,100],"ix":3},"r":{"a":0,"k":0,"ix":6},"o":{"a":0,"k":100,"ix":7},"sk":{"a":0,"k":0,"ix":4},"sa":{"a":0,"k":0,"ix":5},"nm":"Transform"}],"nm":"Group 1","np":2,"cix":2,"bm":0,"ix":1,"mn":"ADBE Vector Group","hd":false}],"ip":0,"op":70,"st":15,"bm":0},{"ddd":0,"ind":19,"ty":4,"nm":"base normal","parent":1,"sr":1,"ks":{"o":{"a":0,"k":100,"ix":11},"r":{"a":0,"k":0,"ix":10},"p":{"a":1,"k":[{"i":{"x":0.833,"y":0.833},"o":{"x":0.333,"y":0.333},"t":15,"s":[0,0,0],"to":[0,0,0],"ti":[0,0,0]},{"i":{"x":0.833,"y":0.833},"o":{"x":0.333,"y":0},"t":45,"s":[0,0,0],"to":[0,0,0],"ti":[0,0,0]},{"t":70,"s":[0,42,0]}],"ix":2,"l":2},"a":{"a":0,"k":[0,0,0],"ix":1,"l":2},"s":{"a":1,"k":[{"i":{"x":[0,0,0.833],"y":[1,1,1]},"o":{"x":[0.167,0.167,0.167],"y":[0.167,0.167,0]},"t":0,"s":[780,780,100]},{"i":{"x":[0.833,0.833,0.833],"y":[1,1,1]},"o":{"x":[0.333,0.333,0.333],"y":[0,0,0]},"t":15,"s":[800,800,100]},{"i":{"x":[0.833,0.833,0.833],"y":[0.833,0.833,1]},"o":{"x":[0.333,0.333,0.333],"y":[0,0,0]},"t":45,"s":[800,800,100]},{"t":70,"s":[750,750,100]}],"ix":6,"l":2}},"ao":0,"shapes":[{"ty":"gr","it":[{"ind":0,"ty":"sh","ix":1,"ks":{"a":0,"k":{"i":[[15.4,0],[0,38.4],[-27.9,0],[-10.6,-9.3],[0,-16.9],[11.5,-10.2]],"o":[[-27.9,0],[0,-38.4],[15.5,0],[11.5,10.2],[0,16.9],[-10.6,9.3]],"v":[[0,55.9],[-58,0],[0,-55.9],[40.4,-41.5],[58,0],[40.4,41.4]],"c":true},"ix":2},"nm":"Path 1","mn":"ADBE Vector Shape - Group","hd":false},{"ty":"gf","o":{"a":1,"k":[{"i":{"x":[0],"y":[1]},"o":{"x":[0.167],"y":[0.167]},"t":0,"s":[100]},{"i":{"x":[0.667],"y":[1]},"o":{"x":[0.167],"y":[0]},"t":15,"s":[0]},{"i":{"x":[0.833],"y":[0.833]},"o":{"x":[0.333],"y":[0]},"t":45,"s":[0]},{"t":70,"s":[50]}],"ix":10},"r":1,"bm":0,"g":{"p":5,"k":{"a":0,"k":[0,0.886,0.376,0.647,0.451,0.829,0.373,0.62,0.902,0.773,0.369,0.592,0.966,0.59,0.341,0.484,1,0.408,0.314,0.376],"ix":9}},"s":{"a":0,"k":[-0.75,-0.75],"ix":5},"e":{"a":0,"k":[56.975,0],"ix":6},"t":2,"h":{"a":0,"k":0,"ix":7},"a":{"a":0,"k":0,"ix":8},"nm":"Gradient Fill 2","mn":"ADBE Vector Graphic - G-Fill","hd":false},{"ty":"gf","o":{"a":0,"k":100,"ix":10},"r":1,"bm":0,"g":{"p":5,"k":{"a":0,"k":[0.48,0.992,0.878,0.188,0.691,0.98,0.816,0.178,0.902,0.969,0.753,0.169,0.966,0.963,0.694,0.153,1,0.957,0.635,0.137],"ix":9}},"s":{"a":0,"k":[0,0],"ix":5},"e":{"a":0,"k":[56.225,0],"ix":6},"t":2,"h":{"a":0,"k":0,"ix":7},"a":{"a":0,"k":0,"ix":8},"nm":"Gradient Fill 1","mn":"ADBE Vector Graphic - G-Fill","hd":false},{"ty":"tr","p":{"a":0,"k":[0,0],"ix":2},"a":{"a":0,"k":[0,0],"ix":1},"s":{"a":0,"k":[100,100],"ix":3},"r":{"a":0,"k":0,"ix":6},"o":{"a":0,"k":100,"ix":7},"sk":{"a":0,"k":0,"ix":4},"sa":{"a":0,"k":0,"ix":5},"nm":"Transform"}],"nm":"Group 1","np":3,"cix":2,"bm":0,"ix":1,"mn":"ADBE Vector Group","hd":false}],"ip":0,"op":70,"st":15,"bm":0}]}],"layers":[{"ddd":0,"ind":1,"ty":0,"nm":"emoji_smiling-with-horns - 60 fps","refId":"comp_0","sr":1,"ks":{"o":{"a":0,"k":100,"ix":11},"r":{"a":0,"k":0,"ix":10},"p":{"a":0,"k":[512,512,0],"ix":2,"l":2},"a":{"a":0,"k":[512,512,0],"ix":1,"l":2},"s":{"a":0,"k":[100,100,100],"ix":6,"l":2}},"ao":0,"w":1024,"h":1024,"ip":171,"op":210,"st":171,"bm":0},{"ddd":0,"ind":2,"ty":0,"nm":"emoji_smiling-with-horns - 60 fps","refId":"comp_0","sr":1,"ks":{"o":{"a":0,"k":100,"ix":11},"r":{"a":0,"k":0,"ix":10},"p":{"a":0,"k":[512,512,0],"ix":2,"l":2},"a":{"a":0,"k":[512,512,0],"ix":1,"l":2},"s":{"a":0,"k":[100,100,100],"ix":6,"l":2}},"ao":0,"w":1024,"h":1024,"ip":0,"op":171,"st":-39,"bm":0}],"markers":[{"tm":143,"cm":"rest","dr":0}]}