{"v":"5.8.1","fr":60,"ip":0,"op":84,"w":1024,"h":1024,"nm":"39. Hot face","ddd":0,"assets":[],"layers":[{"ddd":0,"ind":1,"ty":3,"nm":"Null Drops","sr":1,"ks":{"o":{"a":0,"k":100,"ix":11},"r":{"a":0,"k":0,"ix":10},"p":{"a":0,"k":[1256,298,0],"ix":2,"l":2},"a":{"a":0,"k":[512,512,0],"ix":1,"l":2},"s":{"a":0,"k":[100,100,100],"ix":6,"l":2}},"ao":0,"ip":0,"op":84,"st":0,"bm":0},{"ddd":0,"ind":2,"ty":3,"nm":"null drop 2","sr":1,"ks":{"o":{"a":0,"k":100,"ix":11},"r":{"a":0,"k":0,"ix":10},"p":{"a":1,"k":[{"i":{"x":0.833,"y":0.833},"o":{"x":0.167,"y":0.167},"t":54,"s":[1290,712,0],"to":[-3.333,0.667,0],"ti":[3.333,-0.667,0]},{"t":68,"s":[1270,716,0]}],"ix":2,"l":2},"a":{"a":0,"k":[512,512,0],"ix":1,"l":2},"s":{"a":0,"k":[-100,100,100],"ix":6,"l":2}},"ao":0,"ip":54,"op":69,"st":0,"bm":0},{"ddd":0,"ind":3,"ty":4,"nm":"DROP 7","parent":2,"sr":1,"ks":{"o":{"a":0,"k":100,"ix":11},"r":{"a":1,"k":[{"i":{"x":[0.833],"y":[0.833]},"o":{"x":[0.167],"y":[0.167]},"t":54,"s":[0]},{"i":{"x":[0.833],"y":[0.833]},"o":{"x":[0.167],"y":[0.167]},"t":61,"s":[0]},{"t":68,"s":[-26.4]}],"ix":10},"p":{"s":true,"x":{"a":1,"k":[{"i":{"x":[0.75],"y":[0.578]},"o":{"x":[0.167],"y":[0.167]},"t":54,"s":[902.273]},{"i":{"x":[0.833],"y":[0.833]},"o":{"x":[0.244],"y":[0.251]},"t":61,"s":[968.273]},{"t":68,"s":[1076.273]}],"ix":3},"y":{"a":1,"k":[{"i":{"x":[0.762],"y":[0.806]},"o":{"x":[0.167],"y":[0.167]},"t":54,"s":[584.792]},{"i":{"x":[0.833],"y":[0.833]},"o":{"x":[0.319],"y":[0.389]},"t":61,"s":[658.01]},{"t":68,"s":[707.01]}],"ix":4}},"a":{"a":0,"k":[-0.727,82.01,0],"ix":1,"l":2},"s":{"a":0,"k":[100,100,100],"ix":6,"l":2}},"ao":0,"shapes":[{"ty":"gr","it":[{"ind":0,"ty":"sh","ix":1,"ks":{"a":1,"k":[{"i":{"x":0.833,"y":0.833},"o":{"x":0.167,"y":0.167},"t":54,"s":[{"i":[[2.891,-29.102],[4.646,17.768],[8.294,5.079],[-21.492,0.467]],"o":[[-1.906,19.189],[-4.646,-17.768],[-8.294,-5.079],[27.261,-0.592]],"v":[[62.109,84.437],[27.545,86.592],[-2.325,56.326],[7.492,31.811]],"c":true}]},{"i":{"x":0.833,"y":0.833},"o":{"x":0.167,"y":0.167},"t":57.5,"s":[{"i":[[-8.055,-21.51],[11.326,15.759],[7.414,7.052],[-10.498,-3.004]],"o":[[8.164,21.799],[-6.136,-8.538],[-9.927,-9.443],[10.498,3.004]],"v":[[41.964,84.317],[21.684,93.953],[-3.513,67.145],[-0.096,50.193]],"c":true}]},{"i":{"x":0.833,"y":0.833},"o":{"x":0.167,"y":0.167},"t":61,"s":[{"i":[[-13.964,-10.817],[7.659,4.636],[9.66,9.499],[-2.176,2.599]],"o":[[24.517,18.992],[-4.357,-2.637],[-8.486,-8.345],[5.954,-7.109]],"v":[[8.964,70.317],[3.184,89.453],[-22.931,67.441],[-35.846,48.443]],"c":true}]},{"t":68,"s":[{"i":[[-10.688,-12.228],[7.765,4.322],[5.305,9.05],[-3.803,4.345]],"o":[[11.418,13.063],[-6.669,-3.712],[-3.913,-6.675],[2.096,-2.394]],"v":[[-3.477,78.033],[-8.814,92.266],[-26.451,70.448],[-30.822,50.064]],"c":true}]}],"ix":2},"nm":"Path 1","mn":"ADBE Vector Shape - Group","hd":false},{"ty":"fl","c":{"a":0,"k":[0.505882352941,0.83137254902,0.980392156863,1],"ix":4},"o":{"a":0,"k":100,"ix":5},"r":1,"bm":0,"nm":"Fill 1","mn":"ADBE Vector Graphic - Fill","hd":false},{"ty":"tr","p":{"a":0,"k":[0,0],"ix":2},"a":{"a":0,"k":[0,0],"ix":1},"s":{"a":0,"k":[100,100],"ix":3},"r":{"a":0,"k":0,"ix":6},"o":{"a":0,"k":100,"ix":7},"sk":{"a":0,"k":0,"ix":4},"sa":{"a":0,"k":0,"ix":5},"nm":"Transform"}],"nm":"Shape 2","np":3,"cix":2,"bm":0,"ix":1,"mn":"ADBE Vector Group","hd":false},{"ty":"gr","it":[{"ind":0,"ty":"sh","ix":1,"ks":{"a":1,"k":[{"i":{"x":0.833,"y":0.833},"o":{"x":0.167,"y":0.167},"t":54,"s":[{"i":[[47.432,0],[0,43.326],[-8.158,7.768],[-6.664,1.796],[-6.981,-0.118],[-7.912,-2.958],[-8.182,-8.886],[0.365,-18.485]],"o":[[-48.172,0],[0,-25.91],[11.127,-10.595],[10.509,-2.832],[11.278,0.191],[9.058,3.387],[12.237,13.29],[-0.836,42.366]],"v":[[2.489,158],[-77,85.339],[-54.924,34.621],[-26.795,16.956],[4.404,13.118],[33.999,19.013],[62.561,38.676],[79.635,88.635]],"c":true}]},{"i":{"x":0.833,"y":0.833},"o":{"x":0.167,"y":0.167},"t":61,"s":[{"i":[[9.313,-8.337],[18.569,11.568],[6.547,9.167],[2.233,6.53],[-4.928,4.946],[-6.753,-5.074],[-9.684,-7.221],[-5.901,-7.641]],"o":[[-9.408,8.422],[-11.22,-6.99],[-7.213,-10.099],[-5.5,-16.084],[7.961,-7.991],[13.347,10.029],[15.372,11.462],[9.543,12.356]],"v":[[52.908,127.078],[3.181,128.932],[-28.537,99.099],[-47.5,66.584],[-46.122,36.95],[-12.847,45.471],[21.128,69.288],[53.457,93.144]],"c":true}]},{"t":68,"s":[{"i":[[3.425,-2.114],[16.523,12.266],[5.201,8.075],[0.953,8.743],[-2.536,0.575],[-5.654,-6.275],[-7.897,-8.175],[-9.983,-9.313]],"o":[[-7.425,4.583],[-9.984,-7.412],[-7.653,-11.883],[-0.808,-7.414],[3.533,-0.801],[11.175,12.403],[11.471,11.875],[7.106,6.629]],"v":[[43.58,123.385],[0.416,110.221],[-26.327,81.69],[-39.532,50.4],[-34.866,38.182],[-20.315,47.403],[11.52,82.494],[39.814,109.619]],"c":true}]}],"ix":2},"nm":"Path 1","mn":"ADBE Vector Shape - Group","hd":false},{"ty":"gf","o":{"a":0,"k":100,"ix":10},"r":1,"bm":0,"g":{"p":3,"k":{"a":0,"k":[0.468,0.31,0.765,0.969,0.684,0.214,0.649,0.933,0.9,0.118,0.533,0.898],"ix":9}},"s":{"a":0,"k":[-50,-156],"ix":5},"e":{"a":0,"k":[344,-14],"ix":6},"t":2,"h":{"a":0,"k":0,"ix":7},"a":{"a":0,"k":0,"ix":8},"nm":"Gradient Fill 1","mn":"ADBE Vector Graphic - G-Fill","hd":false},{"ty":"tr","p":{"a":0,"k":[0,0],"ix":2},"a":{"a":0,"k":[0,0],"ix":1},"s":{"a":0,"k":[100,100],"ix":3},"r":{"a":0,"k":0,"ix":6},"o":{"a":0,"k":100,"ix":7},"sk":{"a":0,"k":0,"ix":4},"sa":{"a":0,"k":0,"ix":5},"nm":"Transform"}],"nm":"Shape 1","np":3,"cix":2,"bm":0,"ix":2,"mn":"ADBE Vector Group","hd":false}],"ip":54,"op":68,"st":-76.5,"bm":0},{"ddd":0,"ind":4,"ty":4,"nm":"DROP 6","parent":1,"sr":1,"ks":{"o":{"a":0,"k":100,"ix":11},"r":{"a":0,"k":0,"ix":10},"p":{"s":true,"x":{"a":0,"k":156.273,"ix":3},"y":{"a":1,"k":[{"i":{"x":[0.804],"y":[0.937]},"o":{"x":[0.167],"y":[0.167]},"t":72,"s":[378.792]},{"i":{"x":[0.82],"y":[0.939]},"o":{"x":[0.121],"y":[0.118]},"t":86,"s":[634.792]},{"i":{"x":[0.833],"y":[0.833]},"o":{"x":[0.167],"y":[0.167]},"t":126,"s":[874.792]},{"t":134,"s":[978.792]}],"ix":4}},"a":{"a":0,"k":[-0.727,82.01,0],"ix":1,"l":2},"s":{"a":1,"k":[{"i":{"x":[0.667,0.667,0.667],"y":[1,1,1]},"o":{"x":[0.167,0.167,0.167],"y":[0.167,0.167,0]},"t":72,"s":[40,40,100]},{"i":{"x":[0.833,0.833,0.833],"y":[1,1,1]},"o":{"x":[0.333,0.333,0.333],"y":[0,0,0]},"t":86,"s":[100,100,100]},{"t":129.169921875,"s":[100,100,100]}],"ix":6,"l":2}},"ao":0,"shapes":[{"ty":"gr","it":[{"ind":0,"ty":"sh","ix":1,"ks":{"a":1,"k":[{"i":{"x":0.833,"y":0.833},"o":{"x":0.333,"y":0},"t":72,"s":[{"i":[[21.261,-33.252],[0,39.532],[-4.601,34.755],[-9.726,-8.379]],"o":[[-14.93,24.154],[0,-13.588],[3.96,-29.91],[34.315,29.549]],"v":[[70.797,128.522],[21.942,108.313],[27.988,41.932],[47.972,-2.846]],"c":true}]},{"i":{"x":0.833,"y":0.833},"o":{"x":0.167,"y":0.167},"t":82,"s":[{"i":[[21.261,-33.252],[0,39.532],[-4.601,34.755],[-9.726,-8.379]],"o":[[-14.93,24.154],[0,-13.588],[3.96,-29.91],[34.315,29.549]],"v":[[70.797,133.445],[21.942,113.236],[27.988,25.692],[47.972,-19.085]],"c":true}]},{"i":{"x":0.667,"y":1},"o":{"x":0.167,"y":0.167},"t":86,"s":[{"i":[[21.261,-33.252],[0,39.532],[-4.601,34.755],[-9.726,-8.379]],"o":[[-14.93,24.154],[0,-13.588],[3.96,-29.91],[34.315,29.549]],"v":[[70.797,128.522],[21.942,108.313],[27.988,16.217],[47.972,-28.561]],"c":true}]},{"i":{"x":0.833,"y":0.833},"o":{"x":0.333,"y":0},"t":129.17,"s":[{"i":[[21.261,-33.252],[0,39.532],[-4.601,34.755],[-9.726,-8.379]],"o":[[-14.93,24.154],[0,-13.588],[3.96,-29.91],[34.315,29.549]],"v":[[70.797,128.522],[21.942,108.313],[27.988,16.217],[47.972,-28.561]],"c":true}]},{"t":136.28515625,"s":[{"i":[[2.891,-29.102],[4.646,17.768],[8.294,5.079],[-21.492,0.467]],"o":[[-1.906,19.189],[-4.646,-17.768],[-8.294,-5.079],[27.261,-0.592]],"v":[[62.109,84.437],[27.545,86.592],[-2.325,56.326],[7.492,31.811]],"c":true}]}],"ix":2},"nm":"Path 1","mn":"ADBE Vector Shape - Group","hd":false},{"ty":"fl","c":{"a":0,"k":[0.505882352941,0.83137254902,0.980392156863,1],"ix":4},"o":{"a":0,"k":100,"ix":5},"r":1,"bm":0,"nm":"Fill 1","mn":"ADBE Vector Graphic - Fill","hd":false},{"ty":"tr","p":{"a":0,"k":[0,0],"ix":2},"a":{"a":0,"k":[0,0],"ix":1},"s":{"a":0,"k":[100,100],"ix":3},"r":{"a":0,"k":0,"ix":6},"o":{"a":0,"k":100,"ix":7},"sk":{"a":0,"k":0,"ix":4},"sa":{"a":0,"k":0,"ix":5},"nm":"Transform"}],"nm":"Shape 2","np":3,"cix":2,"bm":0,"ix":1,"mn":"ADBE Vector Group","hd":false},{"ty":"gr","it":[{"ind":0,"ty":"sh","ix":1,"ks":{"a":1,"k":[{"i":{"x":0.833,"y":0.833},"o":{"x":0.333,"y":0},"t":72,"s":[{"i":[[65.192,0],[0,56.601],[-24.707,31.841],[-15.634,10.366],[-9.596,0],[-5.301,-4.075],[-15.132,-17.501],[0,-39.854]],"o":[[-66.208,0],[0,-48.849],[11.816,-15.227],[5.026,-3.417],[10.001,0],[14.539,10.188],[42.758,49.451],[1.485,55.796]],"v":[[0.117,205.471],[-121.42,82.849],[-64.293,-57.149],[-26.694,-92.88],[-2.751,-99.299],[21.301,-92.88],[60.931,-56.22],[119.934,83.654]],"c":true}]},{"i":{"x":0.833,"y":0.833},"o":{"x":0.167,"y":0.167},"t":82,"s":[{"i":[[65.192,0],[0,56.601],[-21.52,53.776],[-15.634,21.565],[-9.596,0],[-5.301,-8.478],[-12.833,-29.584],[0,-39.854]],"o":[[-66.208,0],[0,-48.848],[10.198,-25.484],[5.026,-7.109],[10.001,0],[13.587,22.622],[35.958,82.897],[1.485,55.796]],"v":[[0.117,205.471],[-114.611,89.413],[-63.199,-81.972],[-25.137,-171.708],[-2.287,-183.229],[20.943,-171.708],[60.931,-80.46],[115.04,83.654]],"c":true}]},{"i":{"x":0.667,"y":1},"o":{"x":0.167,"y":0.167},"t":86,"s":[{"i":[[65.192,0],[0,56.601],[-24.707,63.456],[-15.634,28.099],[-9.596,0],[-5.301,-11.047],[-15.165,-34.862],[0,-39.854]],"o":[[-66.208,0],[0,-48.849],[11.816,-30.346],[5.026,-9.263],[10.001,0],[14.539,27.616],[42.758,98.549],[1.485,55.796]],"v":[[0.117,205.471],[-117.134,82.849],[-64.293,-96.456],[-26.694,-186.953],[-2.751,-201.45],[21.301,-186.953],[60.931,-94.604],[115.649,83.654]],"c":true}]},{"i":{"x":0.833,"y":0.833},"o":{"x":0.333,"y":0},"t":129.17,"s":[{"i":[[65.192,0],[0,56.601],[-24.707,63.456],[-15.634,28.099],[-9.596,0],[-5.301,-11.047],[-15.165,-34.862],[0,-39.854]],"o":[[-66.208,0],[0,-48.849],[11.816,-30.346],[5.026,-9.263],[10.001,0],[14.539,27.616],[42.758,98.549],[1.485,55.796]],"v":[[0.117,205.471],[-117.134,82.849],[-64.293,-96.456],[-26.694,-186.953],[-2.751,-201.45],[21.301,-186.953],[60.931,-94.604],[115.649,83.654]],"c":true}]},{"t":136.28515625,"s":[{"i":[[47.432,0],[0,43.326],[-8.158,7.768],[-6.664,1.796],[-6.981,-0.118],[-7.912,-2.958],[-8.182,-8.886],[0.365,-18.485]],"o":[[-48.172,0],[0,-25.91],[11.127,-10.595],[10.509,-2.832],[11.278,0.191],[9.058,3.387],[12.237,13.29],[-0.836,42.366]],"v":[[2.489,158],[-77,85.339],[-54.924,34.621],[-26.795,16.956],[4.404,13.118],[33.999,19.013],[62.561,38.676],[79.635,88.635]],"c":true}]}],"ix":2},"nm":"Path 1","mn":"ADBE Vector Shape - Group","hd":false},{"ty":"gf","o":{"a":0,"k":100,"ix":10},"r":1,"bm":0,"g":{"p":3,"k":{"a":0,"k":[0.468,0.31,0.765,0.969,0.684,0.214,0.649,0.933,0.9,0.118,0.533,0.898],"ix":9}},"s":{"a":0,"k":[-50,-156],"ix":5},"e":{"a":0,"k":[344,-14],"ix":6},"t":2,"h":{"a":0,"k":0,"ix":7},"a":{"a":0,"k":0,"ix":8},"nm":"Gradient Fill 1","mn":"ADBE Vector Graphic - G-Fill","hd":false},{"ty":"tr","p":{"a":0,"k":[0,0],"ix":2},"a":{"a":0,"k":[0,0],"ix":1},"s":{"a":0,"k":[100,100],"ix":3},"r":{"a":0,"k":0,"ix":6},"o":{"a":0,"k":100,"ix":7},"sk":{"a":0,"k":0,"ix":4},"sa":{"a":0,"k":0,"ix":5},"nm":"Transform"}],"nm":"Shape 1","np":3,"cix":2,"bm":0,"ix":2,"mn":"ADBE Vector Group","hd":false}],"ip":72,"op":84,"st":64,"bm":0},{"ddd":0,"ind":5,"ty":4,"nm":"DROP 4","parent":1,"sr":1,"ks":{"o":{"a":0,"k":100,"ix":11},"r":{"a":0,"k":0,"ix":10},"p":{"s":true,"x":{"a":0,"k":156.273,"ix":3},"y":{"a":1,"k":[{"i":{"x":[0.804],"y":[0.937]},"o":{"x":[0.167],"y":[0.167]},"t":-10,"s":[378.792]},{"i":{"x":[0.82],"y":[0.939]},"o":{"x":[0.121],"y":[0.118]},"t":4,"s":[634.792]},{"i":{"x":[0.833],"y":[0.833]},"o":{"x":[0.167],"y":[0.167]},"t":44,"s":[874.792]},{"t":52,"s":[978.792]}],"ix":4}},"a":{"a":0,"k":[-0.727,82.01,0],"ix":1,"l":2},"s":{"a":1,"k":[{"i":{"x":[0.667,0.667,0.667],"y":[1,1,1]},"o":{"x":[0.167,0.167,0.167],"y":[0.167,0.167,0]},"t":-10,"s":[40,40,100]},{"i":{"x":[0.833,0.833,0.833],"y":[1,1,1]},"o":{"x":[0.333,0.333,0.333],"y":[0,0,0]},"t":4,"s":[100,100,100]},{"t":47.169921875,"s":[100,100,100]}],"ix":6,"l":2}},"ao":0,"shapes":[{"ty":"gr","it":[{"ind":0,"ty":"sh","ix":1,"ks":{"a":1,"k":[{"i":{"x":0.833,"y":0.833},"o":{"x":0.333,"y":0},"t":-10,"s":[{"i":[[21.261,-33.252],[0,39.532],[-4.601,34.755],[-9.726,-8.379]],"o":[[-14.93,24.154],[0,-13.588],[3.96,-29.91],[34.315,29.549]],"v":[[70.797,128.522],[21.942,108.313],[27.988,41.932],[47.972,-2.846]],"c":true}]},{"i":{"x":0.833,"y":0.833},"o":{"x":0.167,"y":0.167},"t":0,"s":[{"i":[[21.261,-33.252],[0,39.532],[-4.601,34.755],[-9.726,-8.379]],"o":[[-14.93,24.154],[0,-13.588],[3.96,-29.91],[34.315,29.549]],"v":[[70.797,133.445],[21.942,113.236],[27.988,25.692],[47.972,-19.085]],"c":true}]},{"i":{"x":0.667,"y":1},"o":{"x":0.167,"y":0.167},"t":4,"s":[{"i":[[21.261,-33.252],[0,39.532],[-4.601,34.755],[-9.726,-8.379]],"o":[[-14.93,24.154],[0,-13.588],[3.96,-29.91],[34.315,29.549]],"v":[[70.797,128.522],[21.942,108.313],[27.988,16.217],[47.972,-28.561]],"c":true}]},{"i":{"x":0.833,"y":0.833},"o":{"x":0.333,"y":0},"t":47.17,"s":[{"i":[[21.261,-33.252],[0,39.532],[-4.601,34.755],[-9.726,-8.379]],"o":[[-14.93,24.154],[0,-13.588],[3.96,-29.91],[34.315,29.549]],"v":[[70.797,128.522],[21.942,108.313],[27.988,16.217],[47.972,-28.561]],"c":true}]},{"t":54.28515625,"s":[{"i":[[2.891,-29.102],[4.646,17.768],[8.294,5.079],[-21.492,0.467]],"o":[[-1.906,19.189],[-4.646,-17.768],[-8.294,-5.079],[27.261,-0.592]],"v":[[62.109,84.437],[27.545,86.592],[-2.325,56.326],[7.492,31.811]],"c":true}]}],"ix":2},"nm":"Path 1","mn":"ADBE Vector Shape - Group","hd":false},{"ty":"fl","c":{"a":0,"k":[0.505882352941,0.83137254902,0.980392156863,1],"ix":4},"o":{"a":0,"k":100,"ix":5},"r":1,"bm":0,"nm":"Fill 1","mn":"ADBE Vector Graphic - Fill","hd":false},{"ty":"tr","p":{"a":0,"k":[0,0],"ix":2},"a":{"a":0,"k":[0,0],"ix":1},"s":{"a":0,"k":[100,100],"ix":3},"r":{"a":0,"k":0,"ix":6},"o":{"a":0,"k":100,"ix":7},"sk":{"a":0,"k":0,"ix":4},"sa":{"a":0,"k":0,"ix":5},"nm":"Transform"}],"nm":"Shape 2","np":3,"cix":2,"bm":0,"ix":1,"mn":"ADBE Vector Group","hd":false},{"ty":"gr","it":[{"ind":0,"ty":"sh","ix":1,"ks":{"a":1,"k":[{"i":{"x":0.833,"y":0.833},"o":{"x":0.333,"y":0},"t":-10,"s":[{"i":[[65.192,0],[0,56.601],[-24.707,31.841],[-15.634,10.366],[-9.596,0],[-5.301,-4.075],[-15.132,-17.501],[0,-39.854]],"o":[[-66.208,0],[0,-48.849],[11.816,-15.227],[5.026,-3.417],[10.001,0],[14.539,10.188],[42.758,49.451],[1.485,55.796]],"v":[[0.117,205.471],[-121.42,82.849],[-64.293,-57.149],[-26.694,-92.88],[-2.751,-99.299],[21.301,-92.88],[60.931,-56.22],[119.934,83.654]],"c":true}]},{"i":{"x":0.833,"y":0.833},"o":{"x":0.167,"y":0.167},"t":0,"s":[{"i":[[65.192,0],[0,56.601],[-21.52,53.776],[-15.634,21.565],[-9.596,0],[-5.301,-8.478],[-12.833,-29.584],[0,-39.854]],"o":[[-66.208,0],[0,-48.848],[10.198,-25.484],[5.026,-7.109],[10.001,0],[13.587,22.622],[35.958,82.897],[1.485,55.796]],"v":[[0.117,205.471],[-114.611,89.413],[-63.199,-81.972],[-25.137,-171.708],[-2.287,-183.229],[20.943,-171.708],[60.931,-80.46],[115.04,83.654]],"c":true}]},{"i":{"x":0.667,"y":1},"o":{"x":0.167,"y":0.167},"t":4,"s":[{"i":[[65.192,0],[0,56.601],[-24.707,63.456],[-15.634,28.099],[-9.596,0],[-5.301,-11.047],[-15.165,-34.862],[0,-39.854]],"o":[[-66.208,0],[0,-48.849],[11.816,-30.346],[5.026,-9.263],[10.001,0],[14.539,27.616],[42.758,98.549],[1.485,55.796]],"v":[[0.117,205.471],[-117.134,82.849],[-64.293,-96.456],[-26.694,-186.953],[-2.751,-201.45],[21.301,-186.953],[60.931,-94.604],[115.649,83.654]],"c":true}]},{"i":{"x":0.833,"y":0.833},"o":{"x":0.333,"y":0},"t":47.17,"s":[{"i":[[65.192,0],[0,56.601],[-24.707,63.456],[-15.634,28.099],[-9.596,0],[-5.301,-11.047],[-15.165,-34.862],[0,-39.854]],"o":[[-66.208,0],[0,-48.849],[11.816,-30.346],[5.026,-9.263],[10.001,0],[14.539,27.616],[42.758,98.549],[1.485,55.796]],"v":[[0.117,205.471],[-117.134,82.849],[-64.293,-96.456],[-26.694,-186.953],[-2.751,-201.45],[21.301,-186.953],[60.931,-94.604],[115.649,83.654]],"c":true}]},{"t":54.28515625,"s":[{"i":[[47.432,0],[0,43.326],[-8.158,7.768],[-6.664,1.796],[-6.981,-0.118],[-7.912,-2.958],[-8.182,-8.886],[0.365,-18.485]],"o":[[-48.172,0],[0,-25.91],[11.127,-10.595],[10.509,-2.832],[11.278,0.191],[9.058,3.387],[12.237,13.29],[-0.836,42.366]],"v":[[2.489,158],[-77,85.339],[-54.924,34.621],[-26.795,16.956],[4.404,13.118],[33.999,19.013],[62.561,38.676],[79.635,88.635]],"c":true}]}],"ix":2},"nm":"Path 1","mn":"ADBE Vector Shape - Group","hd":false},{"ty":"gf","o":{"a":0,"k":100,"ix":10},"r":1,"bm":0,"g":{"p":3,"k":{"a":0,"k":[0.468,0.31,0.765,0.969,0.684,0.214,0.649,0.933,0.9,0.118,0.533,0.898],"ix":9}},"s":{"a":0,"k":[-50,-156],"ix":5},"e":{"a":0,"k":[344,-14],"ix":6},"t":2,"h":{"a":0,"k":0,"ix":7},"a":{"a":0,"k":0,"ix":8},"nm":"Gradient Fill 1","mn":"ADBE Vector Graphic - G-Fill","hd":false},{"ty":"tr","p":{"a":0,"k":[0,0],"ix":2},"a":{"a":0,"k":[0,0],"ix":1},"s":{"a":0,"k":[100,100],"ix":3},"r":{"a":0,"k":0,"ix":6},"o":{"a":0,"k":100,"ix":7},"sk":{"a":0,"k":0,"ix":4},"sa":{"a":0,"k":0,"ix":5},"nm":"Transform"}],"nm":"Shape 1","np":3,"cix":2,"bm":0,"ix":2,"mn":"ADBE Vector Group","hd":false}],"ip":0,"op":54,"st":-18,"bm":0},{"ddd":0,"ind":6,"ty":4,"nm":"DROP 3","sr":1,"ks":{"o":{"a":0,"k":100,"ix":11},"r":{"a":1,"k":[{"i":{"x":[0.833],"y":[0.833]},"o":{"x":[0.167],"y":[0.167]},"t":20,"s":[0]},{"i":{"x":[0.833],"y":[0.833]},"o":{"x":[0.167],"y":[0.167]},"t":27,"s":[0]},{"t":34,"s":[-26.4]}],"ix":10},"p":{"s":true,"x":{"a":1,"k":[{"i":{"x":[0.75],"y":[0.578]},"o":{"x":[0.167],"y":[0.167]},"t":20,"s":[158.273]},{"i":{"x":[0.833],"y":[0.833]},"o":{"x":[0.244],"y":[0.256]},"t":27,"s":[224.273]},{"t":34,"s":[330.273]}],"ix":3},"y":{"a":1,"k":[{"i":{"x":[0.762],"y":[0.618]},"o":{"x":[0.167],"y":[0.167]},"t":20,"s":[834.792]},{"i":{"x":[0.833],"y":[0.833]},"o":{"x":[0.274],"y":[0.284]},"t":27,"s":[872.01]},{"i":{"x":[0.762],"y":[2.093]},"o":{"x":[0.167],"y":[0.167]},"t":33,"s":[921.503]},{"t":34,"s":[920.012]}],"ix":4}},"a":{"a":0,"k":[-0.727,82.01,0],"ix":1,"l":2},"s":{"a":0,"k":[100,100,100],"ix":6,"l":2}},"ao":0,"shapes":[{"ty":"gr","it":[{"ind":0,"ty":"sh","ix":1,"ks":{"a":1,"k":[{"i":{"x":0.833,"y":0.833},"o":{"x":0.167,"y":0.167},"t":20,"s":[{"i":[[2.891,-29.102],[4.646,17.768],[8.294,5.079],[-21.492,0.467]],"o":[[-1.906,19.189],[-4.646,-17.768],[-8.294,-5.079],[27.261,-0.592]],"v":[[62.109,84.437],[27.545,86.592],[-2.325,56.326],[7.492,31.811]],"c":true}]},{"i":{"x":0.833,"y":0.833},"o":{"x":0.167,"y":0.167},"t":23.5,"s":[{"i":[[-8.055,-21.51],[11.326,15.759],[7.414,7.052],[-10.498,-3.004]],"o":[[8.164,21.799],[-6.136,-8.538],[-9.927,-9.443],[10.498,3.004]],"v":[[41.964,84.317],[21.684,93.953],[-3.513,67.145],[-0.096,50.193]],"c":true}]},{"i":{"x":0.833,"y":0.833},"o":{"x":0.167,"y":0.167},"t":27,"s":[{"i":[[-13.964,-10.817],[7.659,4.636],[9.66,9.499],[-2.176,2.599]],"o":[[24.517,18.992],[-4.357,-2.637],[-8.486,-8.345],[5.954,-7.109]],"v":[[8.964,70.317],[3.184,89.453],[-22.931,67.441],[-35.846,48.443]],"c":true}]},{"t":34,"s":[{"i":[[-10.688,-12.228],[7.765,4.322],[5.305,9.05],[-3.803,4.345]],"o":[[11.418,13.063],[-6.669,-3.712],[-3.913,-6.675],[2.096,-2.394]],"v":[[-3.477,78.033],[-8.814,92.266],[-26.451,70.448],[-30.822,50.064]],"c":true}]}],"ix":2},"nm":"Path 1","mn":"ADBE Vector Shape - Group","hd":false},{"ty":"fl","c":{"a":0,"k":[0.505882352941,0.83137254902,0.980392156863,1],"ix":4},"o":{"a":0,"k":100,"ix":5},"r":1,"bm":0,"nm":"Fill 1","mn":"ADBE Vector Graphic - Fill","hd":false},{"ty":"tr","p":{"a":0,"k":[0,0],"ix":2},"a":{"a":0,"k":[0,0],"ix":1},"s":{"a":0,"k":[100,100],"ix":3},"r":{"a":0,"k":0,"ix":6},"o":{"a":0,"k":100,"ix":7},"sk":{"a":0,"k":0,"ix":4},"sa":{"a":0,"k":0,"ix":5},"nm":"Transform"}],"nm":"Shape 2","np":3,"cix":2,"bm":0,"ix":1,"mn":"ADBE Vector Group","hd":false},{"ty":"gr","it":[{"ind":0,"ty":"sh","ix":1,"ks":{"a":1,"k":[{"i":{"x":0.833,"y":0.833},"o":{"x":0.167,"y":0.167},"t":20,"s":[{"i":[[47.432,0],[0,43.326],[-8.158,7.768],[-6.664,1.796],[-6.981,-0.118],[-7.912,-2.958],[-8.182,-8.886],[0.365,-18.485]],"o":[[-48.172,0],[0,-25.91],[11.127,-10.595],[10.509,-2.832],[11.278,0.191],[9.058,3.387],[12.237,13.29],[-0.836,42.366]],"v":[[2.489,158],[-77,85.339],[-54.924,34.621],[-26.795,16.956],[4.404,13.118],[33.999,19.013],[62.561,38.676],[79.635,88.635]],"c":true}]},{"i":{"x":0.833,"y":0.833},"o":{"x":0.167,"y":0.167},"t":27,"s":[{"i":[[9.313,-8.337],[18.569,11.568],[6.547,9.167],[2.233,6.53],[-4.928,4.946],[-6.753,-5.074],[-9.684,-7.221],[-5.901,-7.641]],"o":[[-9.408,8.422],[-11.22,-6.99],[-7.213,-10.099],[-5.5,-16.084],[7.961,-7.991],[13.347,10.029],[15.372,11.462],[9.543,12.356]],"v":[[52.908,127.078],[3.181,128.932],[-28.537,99.099],[-47.5,66.584],[-46.122,36.95],[-12.847,45.471],[21.128,69.288],[53.457,93.144]],"c":true}]},{"t":34,"s":[{"i":[[3.425,-2.114],[16.523,12.266],[5.201,8.075],[0.953,8.743],[-2.536,0.575],[-5.654,-6.275],[-7.897,-8.175],[-9.983,-9.313]],"o":[[-7.425,4.583],[-9.984,-7.412],[-7.653,-11.883],[-0.808,-7.414],[3.533,-0.801],[11.175,12.403],[11.471,11.875],[7.106,6.629]],"v":[[43.58,123.385],[0.416,110.221],[-26.327,81.69],[-39.532,50.4],[-34.866,38.182],[-20.315,47.403],[11.52,82.494],[39.814,109.619]],"c":true}]}],"ix":2},"nm":"Path 1","mn":"ADBE Vector Shape - Group","hd":false},{"ty":"gf","o":{"a":0,"k":100,"ix":10},"r":1,"bm":0,"g":{"p":3,"k":{"a":0,"k":[0.468,0.31,0.765,0.969,0.684,0.214,0.649,0.933,0.9,0.118,0.533,0.898],"ix":9}},"s":{"a":0,"k":[-50,-156],"ix":5},"e":{"a":0,"k":[344,-14],"ix":6},"t":2,"h":{"a":0,"k":0,"ix":7},"a":{"a":0,"k":0,"ix":8},"nm":"Gradient Fill 1","mn":"ADBE Vector Graphic - G-Fill","hd":false},{"ty":"tr","p":{"a":0,"k":[0,0],"ix":2},"a":{"a":0,"k":[0,0],"ix":1},"s":{"a":0,"k":[100,100],"ix":3},"r":{"a":0,"k":0,"ix":6},"o":{"a":0,"k":100,"ix":7},"sk":{"a":0,"k":0,"ix":4},"sa":{"a":0,"k":0,"ix":5},"nm":"Transform"}],"nm":"Shape 1","np":3,"cix":2,"bm":0,"ix":2,"mn":"ADBE Vector Group","hd":false}],"ip":20,"op":34,"st":-110.5,"bm":0},{"ddd":0,"ind":7,"ty":4,"nm":"DROP 5","sr":1,"ks":{"o":{"a":0,"k":100,"ix":11},"r":{"a":0,"k":0,"ix":10},"p":{"s":true,"x":{"a":0,"k":156.273,"ix":3},"y":{"a":1,"k":[{"i":{"x":[0.804],"y":[0.937]},"o":{"x":[0.167],"y":[0.167]},"t":38,"s":[378.792]},{"i":{"x":[0.82],"y":[0.88]},"o":{"x":[0.121],"y":[0.232]},"t":52,"s":[634.792]},{"i":{"x":[0.833],"y":[0.833]},"o":{"x":[0.167],"y":[0.167]},"t":95.17,"s":[766.792]},{"t":102.28515625,"s":[830.792]}],"ix":4}},"a":{"a":0,"k":[-0.727,82.01,0],"ix":1,"l":2},"s":{"a":1,"k":[{"i":{"x":[0.667,0.667,0.667],"y":[1,1,1]},"o":{"x":[0.167,0.167,0.167],"y":[0.167,0.167,-5.556]},"t":38,"s":[40,40,100]},{"i":{"x":[0.833,0.833,0.833],"y":[1,1,1]},"o":{"x":[0.333,0.333,0.333],"y":[0,0,0]},"t":52,"s":[100,100,100]},{"t":95.169921875,"s":[100,100,100]}],"ix":6,"l":2}},"ao":0,"shapes":[{"ty":"gr","it":[{"ind":0,"ty":"sh","ix":1,"ks":{"a":1,"k":[{"i":{"x":0.833,"y":0.833},"o":{"x":0.333,"y":0},"t":38,"s":[{"i":[[21.261,-33.252],[0,39.532],[-4.601,34.755],[-9.726,-8.379]],"o":[[-14.93,24.154],[0,-13.588],[3.96,-29.91],[34.315,29.549]],"v":[[70.797,128.522],[21.942,108.313],[27.988,41.932],[47.972,-2.846]],"c":true}]},{"i":{"x":0.667,"y":1},"o":{"x":0.167,"y":0.167},"t":52,"s":[{"i":[[21.261,-33.252],[0,39.532],[-4.601,34.755],[-9.726,-8.379]],"o":[[-14.93,24.154],[0,-13.588],[3.96,-29.91],[34.315,29.549]],"v":[[70.797,128.522],[21.942,108.313],[27.988,16.217],[47.972,-28.561]],"c":true}]},{"i":{"x":0.833,"y":0.833},"o":{"x":0.333,"y":0},"t":95.17,"s":[{"i":[[21.261,-33.252],[0,39.532],[-4.601,34.755],[-9.726,-8.379]],"o":[[-14.93,24.154],[0,-13.588],[3.96,-29.91],[34.315,29.549]],"v":[[70.797,128.522],[21.942,108.313],[27.988,16.217],[47.972,-28.561]],"c":true}]},{"t":102.28515625,"s":[{"i":[[2.891,-29.102],[4.646,17.768],[8.294,5.079],[-21.492,0.467]],"o":[[-1.906,19.189],[-4.646,-17.768],[-8.294,-5.079],[27.261,-0.592]],"v":[[62.109,84.437],[27.545,86.592],[-2.325,56.326],[7.492,31.811]],"c":true}]}],"ix":2},"nm":"Path 1","mn":"ADBE Vector Shape - Group","hd":false},{"ty":"fl","c":{"a":0,"k":[0.505882352941,0.83137254902,0.980392156863,1],"ix":4},"o":{"a":0,"k":100,"ix":5},"r":1,"bm":0,"nm":"Fill 1","mn":"ADBE Vector Graphic - Fill","hd":false},{"ty":"tr","p":{"a":0,"k":[0,0],"ix":2},"a":{"a":0,"k":[0,0],"ix":1},"s":{"a":0,"k":[100,100],"ix":3},"r":{"a":0,"k":0,"ix":6},"o":{"a":0,"k":100,"ix":7},"sk":{"a":0,"k":0,"ix":4},"sa":{"a":0,"k":0,"ix":5},"nm":"Transform"}],"nm":"Shape 2","np":3,"cix":2,"bm":0,"ix":1,"mn":"ADBE Vector Group","hd":false},{"ty":"gr","it":[{"ind":0,"ty":"sh","ix":1,"ks":{"a":1,"k":[{"i":{"x":0.833,"y":0.833},"o":{"x":0.333,"y":0},"t":38,"s":[{"i":[[65.192,0],[0,56.601],[-24.707,31.841],[-15.634,10.366],[-9.596,0],[-5.301,-4.075],[-15.132,-17.501],[0,-39.854]],"o":[[-66.208,0],[0,-48.849],[11.816,-15.227],[5.026,-3.417],[10.001,0],[14.539,10.188],[42.758,49.451],[1.485,55.796]],"v":[[0.117,205.471],[-121.42,82.849],[-64.293,-57.149],[-26.694,-92.88],[-2.751,-99.299],[21.301,-92.88],[60.931,-56.22],[119.934,83.654]],"c":true}]},{"i":{"x":0.667,"y":1},"o":{"x":0.167,"y":0.167},"t":52,"s":[{"i":[[65.192,0],[0,56.601],[-24.707,63.456],[-15.634,28.099],[-9.596,0],[-5.301,-11.047],[-15.165,-34.862],[0,-39.854]],"o":[[-66.208,0],[0,-48.849],[11.816,-30.346],[5.026,-9.263],[10.001,0],[14.539,27.616],[42.758,98.549],[1.485,55.796]],"v":[[0.117,205.471],[-117.134,82.849],[-64.293,-96.456],[-26.694,-186.953],[-2.751,-201.45],[21.301,-186.953],[60.931,-94.604],[115.649,83.654]],"c":true}]},{"i":{"x":0.833,"y":0.833},"o":{"x":0.333,"y":0},"t":95.17,"s":[{"i":[[65.192,0],[0,56.601],[-24.707,63.456],[-15.634,28.099],[-9.596,0],[-5.301,-11.047],[-15.165,-34.862],[0,-39.854]],"o":[[-66.208,0],[0,-48.849],[11.816,-30.346],[5.026,-9.263],[10.001,0],[14.539,27.616],[42.758,98.549],[1.485,55.796]],"v":[[0.117,205.471],[-117.134,82.849],[-64.293,-96.456],[-26.694,-186.953],[-2.751,-201.45],[21.301,-186.953],[60.931,-94.604],[115.649,83.654]],"c":true}]},{"t":102.28515625,"s":[{"i":[[47.432,0],[0,43.326],[-8.158,7.768],[-6.664,1.796],[-6.981,-0.118],[-7.912,-2.958],[-8.182,-8.886],[0.365,-18.485]],"o":[[-48.172,0],[0,-25.91],[11.127,-10.595],[10.509,-2.832],[11.278,0.191],[9.058,3.387],[12.237,13.29],[-0.836,42.366]],"v":[[2.489,158],[-77,85.339],[-54.924,34.621],[-26.795,16.956],[4.404,13.118],[33.999,19.013],[62.561,38.676],[79.635,88.635]],"c":true}]}],"ix":2},"nm":"Path 1","mn":"ADBE Vector Shape - Group","hd":false},{"ty":"gf","o":{"a":0,"k":100,"ix":10},"r":1,"bm":0,"g":{"p":3,"k":{"a":0,"k":[0.468,0.31,0.765,0.969,0.684,0.214,0.649,0.933,0.9,0.118,0.533,0.898],"ix":9}},"s":{"a":0,"k":[-50,-156],"ix":5},"e":{"a":0,"k":[344,-14],"ix":6},"t":2,"h":{"a":0,"k":0,"ix":7},"a":{"a":0,"k":0,"ix":8},"nm":"Gradient Fill 1","mn":"ADBE Vector Graphic - G-Fill","hd":false},{"ty":"tr","p":{"a":0,"k":[0,0],"ix":2},"a":{"a":0,"k":[0,0],"ix":1},"s":{"a":0,"k":[100,100],"ix":3},"r":{"a":0,"k":0,"ix":6},"o":{"a":0,"k":100,"ix":7},"sk":{"a":0,"k":0,"ix":4},"sa":{"a":0,"k":0,"ix":5},"nm":"Transform"}],"nm":"Shape 1","np":3,"cix":2,"bm":0,"ix":2,"mn":"ADBE Vector Group","hd":false}],"ip":38,"op":84,"st":30,"bm":0},{"ddd":0,"ind":8,"ty":4,"nm":"DROP","sr":1,"ks":{"o":{"a":0,"k":100,"ix":11},"r":{"a":0,"k":0,"ix":10},"p":{"s":true,"x":{"a":0,"k":156.273,"ix":3},"y":{"a":1,"k":[{"i":{"x":[0.804],"y":[0.937]},"o":{"x":[0.167],"y":[0.167]},"t":-44,"s":[378.792]},{"i":{"x":[0.611],"y":[0.671]},"o":{"x":[0.117],"y":[0.21]},"t":-30,"s":[634.792]},{"i":{"x":[0.807],"y":[0.845]},"o":{"x":[0.432],"y":[0.469]},"t":0,"s":[733.197]},{"i":{"x":[0.833],"y":[0.833]},"o":{"x":[0.167],"y":[0.167]},"t":13.17,"s":[766.792]},{"t":20.28515625,"s":[830.792]}],"ix":4}},"a":{"a":0,"k":[-0.727,82.01,0],"ix":1,"l":2},"s":{"a":1,"k":[{"i":{"x":[0.667,0.667,0.667],"y":[1,1,1]},"o":{"x":[0.167,0.167,0.167],"y":[0.167,0.167,-5.556]},"t":-44,"s":[40,40,100]},{"i":{"x":[0.689,0.689,0.689],"y":[1,1,1]},"o":{"x":[0.298,0.298,0.298],"y":[0,0,0]},"t":-30,"s":[100,100,100]},{"i":{"x":[0.793,0.793,0.793],"y":[1,1,1]},"o":{"x":[0.431,0.431,0.431],"y":[0,0,0]},"t":0,"s":[100,100,100]},{"t":13.169921875,"s":[100,100,100]}],"ix":6,"l":2}},"ao":0,"shapes":[{"ty":"gr","it":[{"ind":0,"ty":"sh","ix":1,"ks":{"a":1,"k":[{"i":{"x":0.833,"y":0.833},"o":{"x":0.333,"y":0},"t":-44,"s":[{"i":[[21.261,-33.252],[0,39.532],[-4.601,34.755],[-9.726,-8.379]],"o":[[-14.93,24.154],[0,-13.588],[3.96,-29.91],[34.315,29.549]],"v":[[70.797,128.522],[21.942,108.313],[27.988,41.932],[47.972,-2.846]],"c":true}]},{"i":{"x":0.667,"y":1},"o":{"x":0.167,"y":0.167},"t":-30,"s":[{"i":[[21.261,-33.252],[0,39.532],[-4.601,34.755],[-9.726,-8.379]],"o":[[-14.93,24.154],[0,-13.588],[3.96,-29.91],[34.315,29.549]],"v":[[70.797,128.522],[21.942,108.313],[27.988,16.217],[47.972,-28.561]],"c":true}]},{"i":{"x":0.833,"y":0.833},"o":{"x":0.333,"y":0},"t":13.17,"s":[{"i":[[21.261,-33.252],[0,39.532],[-4.601,34.755],[-9.726,-8.379]],"o":[[-14.93,24.154],[0,-13.588],[3.96,-29.91],[34.315,29.549]],"v":[[70.797,128.522],[21.942,108.313],[27.988,16.217],[47.972,-28.561]],"c":true}]},{"t":20.28515625,"s":[{"i":[[2.891,-29.102],[4.646,17.768],[8.294,5.079],[-21.492,0.467]],"o":[[-1.906,19.189],[-4.646,-17.768],[-8.294,-5.079],[27.261,-0.592]],"v":[[62.109,84.437],[27.545,86.592],[-2.325,56.326],[7.492,31.811]],"c":true}]}],"ix":2},"nm":"Path 1","mn":"ADBE Vector Shape - Group","hd":false},{"ty":"fl","c":{"a":0,"k":[0.505882352941,0.83137254902,0.980392156863,1],"ix":4},"o":{"a":0,"k":100,"ix":5},"r":1,"bm":0,"nm":"Fill 1","mn":"ADBE Vector Graphic - Fill","hd":false},{"ty":"tr","p":{"a":0,"k":[0,0],"ix":2},"a":{"a":0,"k":[0,0],"ix":1},"s":{"a":0,"k":[100,100],"ix":3},"r":{"a":0,"k":0,"ix":6},"o":{"a":0,"k":100,"ix":7},"sk":{"a":0,"k":0,"ix":4},"sa":{"a":0,"k":0,"ix":5},"nm":"Transform"}],"nm":"Shape 2","np":3,"cix":2,"bm":0,"ix":1,"mn":"ADBE Vector Group","hd":false},{"ty":"gr","it":[{"ind":0,"ty":"sh","ix":1,"ks":{"a":1,"k":[{"i":{"x":0.833,"y":0.833},"o":{"x":0.333,"y":0},"t":-44,"s":[{"i":[[65.192,0],[0,56.601],[-24.707,31.841],[-15.634,10.366],[-9.596,0],[-5.301,-4.075],[-15.132,-17.501],[0,-39.854]],"o":[[-66.208,0],[0,-48.849],[11.816,-15.227],[5.026,-3.417],[10.001,0],[14.539,10.188],[42.758,49.451],[1.485,55.796]],"v":[[0.117,205.471],[-121.42,82.849],[-64.293,-57.149],[-26.694,-92.88],[-2.751,-99.299],[21.301,-92.88],[60.931,-56.22],[119.934,83.654]],"c":true}]},{"i":{"x":0.667,"y":1},"o":{"x":0.167,"y":0.167},"t":-30,"s":[{"i":[[65.192,0],[0,56.601],[-24.707,63.456],[-15.634,28.099],[-9.596,0],[-5.301,-11.047],[-15.165,-34.862],[0,-39.854]],"o":[[-66.208,0],[0,-48.849],[11.816,-30.346],[5.026,-9.263],[10.001,0],[14.539,27.616],[42.758,98.549],[1.485,55.796]],"v":[[0.117,205.471],[-117.134,82.849],[-64.293,-96.456],[-26.694,-186.953],[-2.751,-201.45],[21.301,-186.953],[60.931,-94.604],[115.649,83.654]],"c":true}]},{"i":{"x":0.833,"y":0.833},"o":{"x":0.333,"y":0},"t":13.17,"s":[{"i":[[65.192,0],[0,56.601],[-24.707,63.456],[-15.634,28.099],[-9.596,0],[-5.301,-11.047],[-15.165,-34.862],[0,-39.854]],"o":[[-66.208,0],[0,-48.849],[11.816,-30.346],[5.026,-9.263],[10.001,0],[14.539,27.616],[42.758,98.549],[1.485,55.796]],"v":[[0.117,205.471],[-117.134,82.849],[-64.293,-96.456],[-26.694,-186.953],[-2.751,-201.45],[21.301,-186.953],[60.931,-94.604],[115.649,83.654]],"c":true}]},{"t":20.28515625,"s":[{"i":[[47.432,0],[0,43.326],[-8.158,7.768],[-6.664,1.796],[-6.981,-0.118],[-7.912,-2.958],[-8.182,-8.886],[0.365,-18.485]],"o":[[-48.172,0],[0,-25.91],[11.127,-10.595],[10.509,-2.832],[11.278,0.191],[9.058,3.387],[12.237,13.29],[-0.836,42.366]],"v":[[2.489,158],[-77,85.339],[-54.924,34.621],[-26.795,16.956],[4.404,13.118],[33.999,19.013],[62.561,38.676],[79.635,88.635]],"c":true}]}],"ix":2},"nm":"Path 1","mn":"ADBE Vector Shape - Group","hd":false},{"ty":"gf","o":{"a":0,"k":100,"ix":10},"r":1,"bm":0,"g":{"p":3,"k":{"a":0,"k":[0.468,0.31,0.765,0.969,0.684,0.214,0.649,0.933,0.9,0.118,0.533,0.898],"ix":9}},"s":{"a":0,"k":[-50,-156],"ix":5},"e":{"a":0,"k":[344,-14],"ix":6},"t":2,"h":{"a":0,"k":0,"ix":7},"a":{"a":0,"k":0,"ix":8},"nm":"Gradient Fill 1","mn":"ADBE Vector Graphic - G-Fill","hd":false},{"ty":"tr","p":{"a":0,"k":[0,0],"ix":2},"a":{"a":0,"k":[0,0],"ix":1},"s":{"a":0,"k":[100,100],"ix":3},"r":{"a":0,"k":0,"ix":6},"o":{"a":0,"k":100,"ix":7},"sk":{"a":0,"k":0,"ix":4},"sa":{"a":0,"k":0,"ix":5},"nm":"Transform"}],"nm":"Shape 1","np":3,"cix":2,"bm":0,"ix":2,"mn":"ADBE Vector Group","hd":false}],"ip":0,"op":20,"st":-52,"bm":0},{"ddd":0,"ind":9,"ty":3,"nm":"Null ALL","sr":1,"ks":{"o":{"a":0,"k":0,"ix":11},"r":{"a":0,"k":0,"ix":10},"p":{"a":1,"k":[{"i":{"x":0.667,"y":1},"o":{"x":0.333,"y":0},"t":0,"s":[510,502,0],"to":[0,-0.667,0],"ti":[0,-0.667,0]},{"i":{"x":0.667,"y":1},"o":{"x":0.333,"y":0},"t":12,"s":[510,498,0],"to":[0,0.667,0],"ti":[0,-0.667,0]},{"i":{"x":0.667,"y":1},"o":{"x":0.333,"y":0},"t":26,"s":[510,506,0],"to":[0,0.667,0],"ti":[0,0,0]},{"i":{"x":0.667,"y":1},"o":{"x":0.333,"y":0},"t":40,"s":[510,502,0],"to":[0,0,0],"ti":[0,0.667,0]},{"i":{"x":0.667,"y":1},"o":{"x":0.333,"y":0},"t":52,"s":[510,506,0],"to":[0,-0.667,0],"ti":[0,0.667,0]},{"i":{"x":0.667,"y":1},"o":{"x":0.333,"y":0},"t":66,"s":[510,498,0],"to":[0,-0.667,0],"ti":[0,-0.667,0]},{"t":82,"s":[510,502,0]}],"ix":2,"l":2},"a":{"a":0,"k":[0,0,0],"ix":1,"l":2},"s":{"a":0,"k":[100,100,100],"ix":6,"l":2}},"ao":0,"ip":0,"op":84,"st":0,"bm":0},{"ddd":0,"ind":10,"ty":1,"nm":"Null FACE","parent":9,"sr":1,"ks":{"o":{"a":0,"k":0,"ix":11},"r":{"a":0,"k":0,"ix":10},"p":{"a":1,"k":[{"i":{"x":0.336,"y":1},"o":{"x":0.601,"y":0},"t":0,"s":[0,0,0],"to":[0,-6.333,0],"ti":[0,-4.667,0]},{"i":{"x":0.833,"y":1},"o":{"x":0.562,"y":0},"t":12,"s":[0,-38,0],"to":[0,4.667,0],"ti":[0,-2.667,0]},{"i":{"x":0.336,"y":1},"o":{"x":0.601,"y":0},"t":26,"s":[0,28,0],"to":[0,2.667,0],"ti":[0,4.667,0]},{"i":{"x":0.383,"y":1},"o":{"x":0.562,"y":0},"t":40,"s":[0,-22,0],"to":[0,-4.667,0],"ti":[0,1.667,0]},{"i":{"x":0.419,"y":1},"o":{"x":0.534,"y":0},"t":52,"s":[0,0,0],"to":[0,-1.667,0],"ti":[0,0,0]},{"i":{"x":0.833,"y":1},"o":{"x":0.534,"y":0},"t":66,"s":[0,-32,0],"to":[0,0,0],"ti":[0,-5.333,0]},{"t":82,"s":[0,0,0]}],"ix":2,"l":2},"a":{"a":0,"k":[0,0,0],"ix":1,"l":2},"s":{"a":0,"k":[100,100,100],"ix":6,"l":2}},"ao":0,"sw":100,"sh":100,"sc":"#ffffff","ip":0,"op":84,"st":0,"bm":0},{"ddd":0,"ind":11,"ty":4,"nm":"eyebrows","parent":10,"sr":1,"ks":{"o":{"a":0,"k":100,"ix":11},"r":{"a":0,"k":0,"ix":10},"p":{"a":1,"k":[{"i":{"x":0.667,"y":1},"o":{"x":0.333,"y":0},"t":0,"s":[4.2,-208.36,0],"to":[0,-9.667,0],"ti":[0,9.667,0]},{"i":{"x":0.667,"y":0.667},"o":{"x":0.333,"y":0.333},"t":12,"s":[4.2,-266.36,0],"to":[0,0,0],"ti":[0,0,0]},{"i":{"x":0.833,"y":1},"o":{"x":0.333,"y":0},"t":16,"s":[4.2,-266.36,0],"to":[0,9.667,0],"ti":[0,-9.667,0]},{"t":28,"s":[4.2,-208.36,0]}],"ix":2,"l":2},"a":{"a":0,"k":[313.81,55.33,0],"ix":1,"l":2},"s":{"a":0,"k":[100,100,100],"ix":6,"l":2}},"ao":0,"shapes":[{"ty":"gr","it":[{"ind":0,"ty":"sh","ix":1,"ks":{"a":0,"k":{"i":[[32.16,35.92],[0,0],[-9.68,-17.52],[-12.08,-10.4],[-39.2,0.96],[17.6,3.12]],"o":[[0,0],[-11.28,-12.72],[7.28,12.8],[32.88,30.24],[19.2,-0.88],[-44.08,-7.04]],"v":[[-52.2,-41.52],[-53,-42.32],[-76.92,-25.44],[-47.16,10.48],[67.4,54.08],[68.12,24.48]],"c":true},"ix":2},"nm":"Path 1","mn":"ADBE Vector Shape - Group","hd":false},{"ty":"mm","mm":4,"nm":"Merge Paths 1","mn":"ADBE Vector Filter - Merge","hd":false},{"ty":"fl","c":{"a":0,"k":[0.258999992819,0.169000004787,0.051000000449,1],"ix":4},"o":{"a":0,"k":100,"ix":5},"r":1,"bm":0,"nm":"Fill 1","mn":"ADBE Vector Graphic - Fill","hd":false},{"ty":"tr","p":{"a":0,"k":[540.77,55.37],"ix":2},"a":{"a":0,"k":[0,0],"ix":1},"s":{"a":0,"k":[100,100],"ix":3},"r":{"a":0,"k":0,"ix":6},"o":{"a":0,"k":100,"ix":7},"sk":{"a":0,"k":0,"ix":4},"sa":{"a":0,"k":0,"ix":5},"nm":"Transform"}],"nm":"Group 1","np":3,"cix":2,"bm":0,"ix":1,"mn":"ADBE Vector Group","hd":false},{"ty":"gr","it":[{"ind":0,"ty":"sh","ix":1,"ks":{"a":0,"k":{"i":[[44,-7.04],[-19.2,-0.88],[-32.88,30.32],[-7.28,12.8],[11.2,-12.8],[0,0]],"o":[[-17.6,3.12],[39.2,0.96],[12,-10.32],[9.68,-17.6],[0,0],[-32.24,35.92]],"v":[[-68.12,24.52],[-67.4,54.12],[47.16,10.52],[76.92,-25.4],[53,-42.28],[52.2,-41.48]],"c":true},"ix":2},"nm":"Path 1","mn":"ADBE Vector Shape - Group","hd":false},{"ty":"mm","mm":4,"nm":"Merge Paths 1","mn":"ADBE Vector Filter - Merge","hd":false},{"ty":"fl","c":{"a":0,"k":[0.258999992819,0.169000004787,0.051000000449,1],"ix":4},"o":{"a":0,"k":100,"ix":5},"r":1,"bm":0,"nm":"Fill 1","mn":"ADBE Vector Graphic - Fill","hd":false},{"ty":"tr","p":{"a":0,"k":[86.85,55.33],"ix":2},"a":{"a":0,"k":[0,0],"ix":1},"s":{"a":0,"k":[100,100],"ix":3},"r":{"a":0,"k":0,"ix":6},"o":{"a":0,"k":100,"ix":7},"sk":{"a":0,"k":0,"ix":4},"sa":{"a":0,"k":0,"ix":5},"nm":"Transform"}],"nm":"Group 2","np":3,"cix":2,"bm":0,"ix":2,"mn":"ADBE Vector Group","hd":false}],"ip":0,"op":84,"st":0,"bm":0},{"ddd":0,"ind":12,"ty":4,"nm":"eyes","parent":10,"sr":1,"ks":{"o":{"a":0,"k":100,"ix":11},"r":{"a":0,"k":0,"ix":10},"p":{"a":0,"k":[-4.24,-59.12,0],"ix":2,"l":2},"a":{"a":0,"k":[217.69,75.61,0],"ix":1,"l":2},"s":{"a":0,"k":[100,100,100],"ix":6,"l":2}},"ao":0,"shapes":[{"ty":"gr","it":[{"ind":0,"ty":"sh","ix":1,"ks":{"a":0,"k":{"i":[[8.24,5.76],[0,0],[8,-11.52],[-8.24,-5.76],[-8,11.52]],"o":[[0,0],[-8.24,-5.76],[-8,11.6],[8.24,5.76],[8.08,-11.6]],"v":[[12.84,-18.56],[12.84,-18.56],[-15.8,-10.96],[-12.92,18.56],[15.72,10.96]],"c":true},"ix":2},"nm":"Path 1","mn":"ADBE Vector Shape - Group","hd":false},{"ty":"fl","c":{"a":0,"k":[0.536999990426,0.375999989229,0.141000007181,1],"ix":4},"o":{"a":0,"k":100,"ix":5},"r":1,"bm":0,"nm":"Fill 1","mn":"ADBE Vector Graphic - Fill","hd":false},{"ty":"tr","p":{"a":0,"k":[355.17,50.25],"ix":2},"a":{"a":0,"k":[0,0],"ix":1},"s":{"a":0,"k":[100,100],"ix":3},"r":{"a":0,"k":0,"ix":6},"o":{"a":0,"k":100,"ix":7},"sk":{"a":0,"k":0,"ix":4},"sa":{"a":0,"k":0,"ix":5},"nm":"Transform"}],"nm":"Group 1","np":2,"cix":2,"bm":0,"ix":1,"mn":"ADBE Vector Group","hd":false},{"ty":"gr","it":[{"ind":0,"ty":"sh","ix":1,"ks":{"a":0,"k":{"i":[[33.52,0],[0,0],[0,-47.04],[-33.52,0],[0,47.04]],"o":[[0,0],[-33.52,0],[0,47.04],[33.52,0],[0,-47.04]],"v":[[0,-75.36],[0,-75.36],[-64,0],[0,75.36],[64,0]],"c":true},"ix":2},"nm":"Path 1","mn":"ADBE Vector Shape - Group","hd":false},{"ty":"fl","c":{"a":0,"k":[0.258999992819,0.169000004787,0.051000000449,1],"ix":4},"o":{"a":0,"k":100,"ix":5},"r":1,"bm":0,"nm":"Fill 1","mn":"ADBE Vector Graphic - Fill","hd":false},{"ty":"tr","p":{"a":0,"k":[371.13,75.61],"ix":2},"a":{"a":0,"k":[0,0],"ix":1},"s":{"a":0,"k":[100,100],"ix":3},"r":{"a":0,"k":0,"ix":6},"o":{"a":0,"k":100,"ix":7},"sk":{"a":0,"k":0,"ix":4},"sa":{"a":0,"k":0,"ix":5},"nm":"Transform"}],"nm":"Group 2","np":2,"cix":2,"bm":0,"ix":2,"mn":"ADBE Vector Group","hd":false},{"ty":"gr","it":[{"ind":0,"ty":"sh","ix":1,"ks":{"a":0,"k":{"i":[[8.32,5.76],[0,0],[8,-11.52],[-8.24,-5.76],[-8,11.52]],"o":[[0,0],[-8.24,-5.76],[-8,11.6],[8.24,5.76],[8,-11.52]],"v":[[12.88,-18.56],[12.88,-18.56],[-15.76,-10.96],[-12.88,18.56],[15.76,10.96]],"c":true},"ix":2},"nm":"Path 1","mn":"ADBE Vector Shape - Group","hd":false},{"ty":"fl","c":{"a":0,"k":[0.536999990426,0.375999989229,0.141000007181,1],"ix":4},"o":{"a":0,"k":100,"ix":5},"r":1,"bm":0,"nm":"Fill 1","mn":"ADBE Vector Graphic - Fill","hd":false},{"ty":"tr","p":{"a":0,"k":[48.25,50.25],"ix":2},"a":{"a":0,"k":[0,0],"ix":1},"s":{"a":0,"k":[100,100],"ix":3},"r":{"a":0,"k":0,"ix":6},"o":{"a":0,"k":100,"ix":7},"sk":{"a":0,"k":0,"ix":4},"sa":{"a":0,"k":0,"ix":5},"nm":"Transform"}],"nm":"Group 3","np":2,"cix":2,"bm":0,"ix":3,"mn":"ADBE Vector Group","hd":false},{"ty":"gr","it":[{"ind":0,"ty":"sh","ix":1,"ks":{"a":0,"k":{"i":[[33.6,0],[0,0],[0,-47.04],[-33.52,0],[0,47.04]],"o":[[0,0],[-33.52,0],[0,47.04],[33.52,0],[0,-47.04]],"v":[[0,-75.36],[0,-75.36],[-64,0],[0,75.36],[64,0]],"c":true},"ix":2},"nm":"Path 1","mn":"ADBE Vector Shape - Group","hd":false},{"ty":"fl","c":{"a":0,"k":[0.258999992819,0.169000004787,0.051000000449,1],"ix":4},"o":{"a":0,"k":100,"ix":5},"r":1,"bm":0,"nm":"Fill 1","mn":"ADBE Vector Graphic - Fill","hd":false},{"ty":"tr","p":{"a":0,"k":[64.25,75.61],"ix":2},"a":{"a":0,"k":[0,0],"ix":1},"s":{"a":0,"k":[100,100],"ix":3},"r":{"a":0,"k":0,"ix":6},"o":{"a":0,"k":100,"ix":7},"sk":{"a":0,"k":0,"ix":4},"sa":{"a":0,"k":0,"ix":5},"nm":"Transform"}],"nm":"Group 4","np":2,"cix":2,"bm":0,"ix":4,"mn":"ADBE Vector Group","hd":false}],"ip":0,"op":84,"st":0,"bm":0},{"ddd":0,"ind":13,"ty":4,"nm":"shadow","parent":10,"sr":1,"ks":{"o":{"a":0,"k":27,"ix":11},"r":{"a":0,"k":0,"ix":10},"p":{"a":0,"k":[10.8,181.72,0],"ix":2,"l":2},"a":{"a":0,"k":[150.8,23.08,0],"ix":1,"l":2},"s":{"a":0,"k":[100,100,100],"ix":6,"l":2}},"ao":0,"shapes":[{"ty":"gr","it":[{"ind":0,"ty":"sh","ix":1,"ks":{"a":0,"k":{"i":[[0,0],[37.44,-23.841],[0,0],[-59.52,1.76]],"o":[[-47.04,0.801],[0,0],[27.6,-7.68],[0,0]],"v":[[67.4,-23.08],[-67.4,8.681],[-67.4,23.08],[67.4,3.24]],"c":true},"ix":2},"nm":"Path 1","mn":"ADBE Vector Shape - Group","hd":false},{"ty":"fl","c":{"a":0,"k":[0.670999983245,0.246999987434,0.180000005984,1],"ix":4},"o":{"a":0,"k":100,"ix":5},"r":1,"bm":0,"nm":"Fill 1","mn":"ADBE Vector Graphic - Fill","hd":false},{"ty":"tr","p":{"a":0,"k":[67.4,23.08],"ix":2},"a":{"a":0,"k":[0,0],"ix":1},"s":{"a":0,"k":[100,100],"ix":3},"r":{"a":0,"k":0,"ix":6},"o":{"a":0,"k":100,"ix":7},"sk":{"a":0,"k":0,"ix":4},"sa":{"a":0,"k":0,"ix":5},"nm":"Transform"}],"nm":"Group 1","np":2,"cix":2,"bm":0,"ix":1,"mn":"ADBE Vector Group","hd":false},{"ty":"gr","it":[{"ind":0,"ty":"sh","ix":1,"ks":{"a":0,"k":{"i":[[46.8,1.2],[0,0],[-47.84,-13.279],[0,0]],"o":[[0,0],[41.28,1.04],[0,0],[-27.2,-16.8]],"v":[[-67.4,-22.96],[-67.4,3.12],[67.4,22.96],[67.4,9.04]],"c":true},"ix":2},"nm":"Path 1","mn":"ADBE Vector Shape - Group","hd":false},{"ty":"fl","c":{"a":0,"k":[0.670999983245,0.246999987434,0.180000005984,1],"ix":4},"o":{"a":0,"k":100,"ix":5},"r":1,"bm":0,"nm":"Fill 1","mn":"ADBE Vector Graphic - Fill","hd":false},{"ty":"tr","p":{"a":0,"k":[234.2,23.12],"ix":2},"a":{"a":0,"k":[0,0],"ix":1},"s":{"a":0,"k":[100,100],"ix":3},"r":{"a":0,"k":0,"ix":6},"o":{"a":0,"k":100,"ix":7},"sk":{"a":0,"k":0,"ix":4},"sa":{"a":0,"k":0,"ix":5},"nm":"Transform"}],"nm":"Group 2","np":2,"cix":2,"bm":0,"ix":2,"mn":"ADBE Vector Group","hd":false}],"ip":0,"op":84,"st":0,"bm":0},{"ddd":0,"ind":14,"ty":4,"nm":"tongue","parent":10,"sr":1,"ks":{"o":{"a":0,"k":100,"ix":11},"r":{"a":0,"k":0,"ix":10},"p":{"a":0,"k":[10.8,300.84,0],"ix":2,"l":2},"a":{"a":0,"k":[151.05,142.61,0],"ix":1,"l":2},"s":{"a":0,"k":[100,100,100],"ix":6,"l":2}},"ao":0,"shapes":[{"ty":"gr","it":[{"ind":0,"ty":"sh","ix":1,"ks":{"a":1,"k":[{"i":{"x":0.369,"y":1},"o":{"x":0.652,"y":0},"t":0,"s":[{"i":[[-8.8,0],[0,8.801],[0,0],[10.64,-0.159],[0,0]],"o":[[8.8,0],[0,0],[-10.64,-0.24],[0,0],[0,8.801]],"v":[[0,62.501],[16,46.501],[16,-62.759],[-16,-62.919],[-16,46.501]],"c":true}]},{"i":{"x":0.369,"y":1},"o":{"x":0.652,"y":0},"t":14,"s":[{"i":[[-8.8,0],[0,8.801],[0,0],[10.64,-0.159],[0,0]],"o":[[8.8,0],[0,0],[-10.64,-0.24],[0,0],[0,8.801]],"v":[[0,26.001],[16,10.001],[16,-62.759],[-16,-62.919],[-16,10.001]],"c":true}]},{"i":{"x":0.369,"y":1},"o":{"x":0.652,"y":0},"t":28,"s":[{"i":[[-8.8,0],[0,8.801],[0,0],[10.64,-0.159],[0,0]],"o":[[8.8,0],[0,0],[-10.64,-0.24],[0,0],[0,8.801]],"v":[[0,103.001],[16,87.001],[16,-62.759],[-16,-62.919],[-16,87.001]],"c":true}]},{"i":{"x":0.411,"y":1},"o":{"x":0.606,"y":0},"t":40,"s":[{"i":[[-8.8,0],[0,8.801],[0,0],[10.64,-0.159],[0,0]],"o":[[8.8,0],[0,0],[-10.64,-0.24],[0,0],[0,8.801]],"v":[[0,26.001],[16,10.001],[16,-62.759],[-16,-62.919],[-16,10.001]],"c":true}]},{"i":{"x":0.61,"y":1},"o":{"x":0.572,"y":0},"t":54,"s":[{"i":[[-8.8,0],[0,8.801],[0,0],[10.64,-0.159],[0,0]],"o":[[8.8,0],[0,0],[-10.64,-0.24],[0,0],[0,8.801]],"v":[[0,91.001],[16,75.001],[16,-62.759],[-16,-62.919],[-16,75.001]],"c":true}]},{"i":{"x":0.667,"y":1},"o":{"x":0.406,"y":0},"t":68,"s":[{"i":[[-8.8,0],[0,8.801],[0,0],[10.64,-0.159],[0,0]],"o":[[8.8,0],[0,0],[-10.64,-0.24],[0,0],[0,8.801]],"v":[[0,27.001],[16,11.001],[16,-62.759],[-16,-62.919],[-16,11.001]],"c":true}]},{"t":82,"s":[{"i":[[-8.8,0],[0,8.801],[0,0],[10.64,-0.159],[0,0]],"o":[[8.8,0],[0,0],[-10.64,-0.24],[0,0],[0,8.801]],"v":[[0,62.501],[16,46.501],[16,-62.759],[-16,-62.919],[-16,46.501]],"c":true}]}],"ix":2},"nm":"Path 1","mn":"ADBE Vector Shape - Group","hd":false},{"ty":"fl","c":{"a":0,"k":[0.733333349228,0.011764707044,0.196078449488,1],"ix":4},"o":{"a":0,"k":100,"ix":5},"r":1,"bm":0,"nm":"Fill 1","mn":"ADBE Vector Graphic - Fill","hd":false},{"ty":"tr","p":{"a":0,"k":[151.05,63.328],"ix":2},"a":{"a":0,"k":[0,0],"ix":1},"s":{"a":0,"k":[100,100],"ix":3},"r":{"a":0,"k":0,"ix":6},"o":{"a":0,"k":100,"ix":7},"sk":{"a":0,"k":0,"ix":4},"sa":{"a":0,"k":0,"ix":5},"nm":"Transform"}],"nm":"Group 4","np":2,"cix":2,"bm":0,"ix":1,"mn":"ADBE Vector Group","hd":false},{"ty":"gr","it":[{"ind":0,"ty":"sh","ix":1,"ks":{"a":1,"k":[{"i":{"x":0.369,"y":1},"o":{"x":0.652,"y":0},"t":0,"s":[{"i":[[41.28,1.04],[0,0],[35.5,-19.425],[0,0],[-76,0],[0,0],[0,76],[0,0]],"o":[[0,0],[-59.6,1.76],[0,0],[0,76.08],[0,0],[76.08,0],[0,0],[-37.6,-19.925]],"v":[[16,-155.535],[-16,-155.455],[-150.8,-123.615],[-150.8,-8.52],[-13.12,129.16],[13.12,129.16],[150.8,-8.52],[150.8,-123.615]],"c":true}]},{"i":{"x":0.369,"y":1},"o":{"x":0.652,"y":0},"t":14,"s":[{"i":[[41.28,1.04],[0,0],[35.5,-19.425],[0,0],[-76,0],[0,0],[0,76],[0,0]],"o":[[0,0],[-59.6,1.76],[0,0],[0,76.08],[0,0],[76.08,0],[0,0],[-37.6,-19.925]],"v":[[16,-155.535],[-16,-155.455],[-150.8,-123.615],[-150.8,-45.52],[-13.12,92.16],[13.12,92.16],[150.8,-45.52],[150.8,-123.615]],"c":true}]},{"i":{"x":0.369,"y":1},"o":{"x":0.652,"y":0},"t":28,"s":[{"i":[[41.28,1.04],[0,0],[35.5,-19.425],[0,0],[-76,0],[0,0],[0,76],[0,0]],"o":[[0,0],[-59.6,1.76],[0,0],[0,76.08],[0,0],[76.08,0],[0,0],[-37.6,-19.925]],"v":[[16,-155.535],[-16,-155.455],[-150.8,-123.615],[-150.8,31.48],[-13.12,169.16],[13.12,169.16],[150.8,31.48],[150.8,-123.615]],"c":true}]},{"i":{"x":0.411,"y":1},"o":{"x":0.606,"y":0},"t":40,"s":[{"i":[[41.28,1.04],[0,0],[35.5,-19.425],[0,0],[-76,0],[0,0],[0,76],[0,0]],"o":[[0,0],[-59.6,1.76],[0,0],[0,76.08],[0,0],[76.08,0],[0,0],[-37.6,-19.925]],"v":[[16,-155.535],[-16,-155.455],[-150.8,-123.615],[-150.8,-45.52],[-13.12,92.16],[13.12,92.16],[150.8,-45.52],[150.8,-123.615]],"c":true}]},{"i":{"x":0.61,"y":1},"o":{"x":0.572,"y":0},"t":54,"s":[{"i":[[41.28,1.04],[0,0],[35.5,-19.425],[0,0],[-76,0],[0,0],[0,76],[0,0]],"o":[[0,0],[-59.6,1.76],[0,0],[0,76.08],[0,0],[76.08,0],[0,0],[-37.6,-19.925]],"v":[[16,-155.535],[-16,-155.455],[-150.8,-123.615],[-150.8,19.48],[-13.12,157.16],[13.12,157.16],[150.8,19.48],[150.8,-123.615]],"c":true}]},{"i":{"x":0.667,"y":1},"o":{"x":0.406,"y":0},"t":68,"s":[{"i":[[41.28,1.04],[0,0],[35.5,-19.425],[0,0],[-76,0],[0,0],[0,76],[0,0]],"o":[[0,0],[-59.6,1.76],[0,0],[0,76.08],[0,0],[76.08,0],[0,0],[-37.6,-19.925]],"v":[[16,-155.535],[-16,-155.455],[-150.8,-123.615],[-150.8,-44.52],[-13.12,93.16],[13.12,93.16],[150.8,-44.52],[150.8,-123.615]],"c":true}]},{"t":82,"s":[{"i":[[41.28,1.04],[0,0],[35.5,-19.425],[0,0],[-76,0],[0,0],[0,76],[0,0]],"o":[[0,0],[-59.6,1.76],[0,0],[0,76.08],[0,0],[76.08,0],[0,0],[-37.6,-19.925]],"v":[[16,-155.535],[-16,-155.455],[-150.8,-123.615],[-150.8,-8.52],[-13.12,129.16],[13.12,129.16],[150.8,-8.52],[150.8,-123.615]],"c":true}]}],"ix":2},"nm":"Path 1","mn":"ADBE Vector Shape - Group","hd":false},{"ty":"fl","c":{"a":0,"k":[1,0.250999989229,0.505999995213,1],"ix":4},"o":{"a":0,"k":100,"ix":5},"r":1,"bm":0,"nm":"Fill 1","mn":"ADBE Vector Graphic - Fill","hd":false},{"ty":"tr","p":{"a":0,"k":[151.05,155.809],"ix":2},"a":{"a":0,"k":[0,0],"ix":1},"s":{"a":0,"k":[100,100],"ix":3},"r":{"a":0,"k":0,"ix":6},"o":{"a":0,"k":100,"ix":7},"sk":{"a":0,"k":0,"ix":4},"sa":{"a":0,"k":0,"ix":5},"nm":"Transform"}],"nm":"Group 3","np":2,"cix":2,"bm":0,"ix":2,"mn":"ADBE Vector Group","hd":false}],"ip":0,"op":84,"st":0,"bm":0},{"ddd":0,"ind":15,"ty":4,"nm":"mouth","parent":10,"sr":1,"ks":{"o":{"a":0,"k":100,"ix":11},"r":{"a":0,"k":0,"ix":10},"p":{"a":0,"k":[2,227.2,0],"ix":2,"l":2},"a":{"a":0,"k":[228.01,95.05,0],"ix":1,"l":2},"s":{"a":0,"k":[100,100,100],"ix":6,"l":2}},"ao":0,"shapes":[{"ty":"gr","it":[{"ind":0,"ty":"sh","ix":1,"ks":{"a":0,"k":{"i":[[-125.788,0],[0,-52.357],[125.788,0],[0,52.356]],"o":[[125.788,0],[0,52.356],[-125.788,0],[0,-52.357]],"v":[[0,-94.8],[227.76,0],[0,94.8],[-227.76,0]],"c":true},"ix":2},"nm":"Path 1","mn":"ADBE Vector Shape - Group","hd":false},{"ty":"fl","c":{"a":0,"k":[0.258999992819,0.169000004787,0.051000000449,1],"ix":4},"o":{"a":0,"k":100,"ix":5},"r":1,"bm":0,"nm":"Fill 1","mn":"ADBE Vector Graphic - Fill","hd":false},{"ty":"tr","p":{"a":0,"k":[228.01,95.05],"ix":2},"a":{"a":0,"k":[0,0],"ix":1},"s":{"a":0,"k":[100,100],"ix":3},"r":{"a":0,"k":0,"ix":6},"o":{"a":0,"k":100,"ix":7},"sk":{"a":0,"k":0,"ix":4},"sa":{"a":0,"k":0,"ix":5},"nm":"Transform"}],"nm":"Group 1","np":2,"cix":2,"bm":0,"ix":1,"mn":"ADBE Vector Group","hd":false}],"ip":0,"op":84,"st":0,"bm":0},{"ddd":0,"ind":16,"ty":4,"nm":"slap","parent":10,"sr":1,"ks":{"o":{"a":0,"k":100,"ix":11},"r":{"a":0,"k":0,"ix":10},"p":{"a":0,"k":[2,10,0],"ix":2,"l":2},"a":{"a":0,"k":[512,512,0],"ix":1,"l":2},"s":{"a":0,"k":[100,100,100],"ix":6,"l":2}},"ao":0,"shapes":[{"ty":"gr","it":[{"ind":0,"ty":"sh","ix":1,"ks":{"a":0,"k":{"i":[[-77.32,0],[0,-77.32],[77.32,0],[0,77.319]],"o":[[77.32,0],[0,77.319],[-77.32,0],[0,-77.32]],"v":[[0,-140],[140,0],[0,140],[-140,0]],"c":true},"ix":2},"nm":"Path 1","mn":"ADBE Vector Shape - Group","hd":false},{"ty":"gf","o":{"a":0,"k":100,"ix":10},"r":1,"bm":0,"g":{"p":5,"k":{"a":0,"k":[0,0.929,0.055,0,0.185,0.929,0.12,0.069,0.37,0.929,0.184,0.137,0.635,0.929,0.325,0.288,0.9,0.929,0.467,0.439,0,1,0.399,0.5,0.785,0],"ix":9}},"s":{"a":0,"k":[0,0],"ix":5},"e":{"a":0,"k":[158,0],"ix":6},"t":2,"h":{"a":0,"k":0,"ix":7},"a":{"a":0,"k":0,"ix":8},"nm":"Gradient Fill 1","mn":"ADBE Vector Graphic - G-Fill","hd":false},{"ty":"tr","p":{"a":0,"k":[806,501.28],"ix":2},"a":{"a":0,"k":[0,0],"ix":1},"s":{"a":0,"k":[100,100],"ix":3},"r":{"a":0,"k":0,"ix":6},"o":{"a":0,"k":100,"ix":7},"sk":{"a":0,"k":0,"ix":4},"sa":{"a":0,"k":0,"ix":5},"nm":"Transform"}],"nm":"Group 1","np":2,"cix":2,"bm":0,"ix":1,"mn":"ADBE Vector Group","hd":false},{"ty":"gr","it":[{"ind":0,"ty":"sh","ix":1,"ks":{"a":0,"k":{"i":[[-77.32,0],[0,-77.32],[77.32,0],[0,77.319]],"o":[[77.32,0],[0,77.319],[-77.32,0],[0,-77.32]],"v":[[0,-140],[140,0],[0,140],[-140,0]],"c":true},"ix":2},"nm":"Path 1","mn":"ADBE Vector Shape - Group","hd":false},{"ty":"gf","o":{"a":0,"k":100,"ix":10},"r":1,"bm":0,"g":{"p":5,"k":{"a":0,"k":[0,0.929,0.055,0,0.185,0.929,0.12,0.069,0.37,0.929,0.184,0.137,0.635,0.929,0.325,0.288,0.9,0.929,0.467,0.439,0,1,0.399,0.5,0.785,0],"ix":9}},"s":{"a":0,"k":[0,0],"ix":5},"e":{"a":0,"k":[158,0],"ix":6},"t":2,"h":{"a":0,"k":0,"ix":7},"a":{"a":0,"k":0,"ix":8},"nm":"Gradient Fill 1","mn":"ADBE Vector Graphic - G-Fill","hd":false},{"ty":"tr","p":{"a":0,"k":[218,501.28],"ix":2},"a":{"a":0,"k":[0,0],"ix":1},"s":{"a":0,"k":[100,100],"ix":3},"r":{"a":0,"k":0,"ix":6},"o":{"a":0,"k":100,"ix":7},"sk":{"a":0,"k":0,"ix":4},"sa":{"a":0,"k":0,"ix":5},"nm":"Transform"}],"nm":"Group 2","np":2,"cix":2,"bm":0,"ix":2,"mn":"ADBE Vector Group","hd":false}],"ip":0,"op":84,"st":0,"bm":0},{"ddd":0,"ind":17,"ty":4,"nm":"base matte","parent":20,"td":1,"sr":1,"ks":{"o":{"a":0,"k":100,"ix":11},"r":{"a":0,"k":0,"ix":10},"p":{"a":0,"k":[-2,-3,0],"ix":2,"l":2},"a":{"a":0,"k":[0,0,0],"ix":1,"l":2},"s":{"a":0,"k":[100,100,100],"ix":6,"l":2}},"ao":0,"shapes":[{"ty":"gr","it":[{"ind":0,"ty":"sh","ix":1,"ks":{"a":0,"k":{"i":[[15.4,0],[0,38.4],[-27.9,0],[-10.6,-9.3],[0,-16.9],[11.5,-10.2]],"o":[[-27.9,0],[0,-38.4],[15.5,0],[11.5,10.2],[0,16.9],[-10.6,9.3]],"v":[[0,55.9],[-58,0],[0,-55.9],[40.4,-41.5],[58,0],[40.4,41.4]],"c":true},"ix":2},"nm":"Path 1","mn":"ADBE Vector Shape - Group","hd":false},{"ty":"gf","o":{"a":0,"k":100,"ix":10},"r":1,"bm":0,"g":{"p":5,"k":{"a":0,"k":[0.48,0.992,0.878,0.188,0.691,0.98,0.816,0.178,0.902,0.969,0.753,0.169,0.966,0.963,0.694,0.153,1,0.957,0.635,0.137],"ix":9}},"s":{"a":0,"k":[0,0],"ix":5},"e":{"a":0,"k":[56.225,0],"ix":6},"t":2,"h":{"a":0,"k":0,"ix":7},"a":{"a":0,"k":0,"ix":8},"nm":"Gradient Fill 1","mn":"ADBE Vector Graphic - G-Fill","hd":false},{"ty":"tr","p":{"a":0,"k":[0,0],"ix":2},"a":{"a":0,"k":[0,0],"ix":1},"s":{"a":0,"k":[100,100],"ix":3},"r":{"a":0,"k":0,"ix":6},"o":{"a":0,"k":100,"ix":7},"sk":{"a":0,"k":0,"ix":4},"sa":{"a":0,"k":0,"ix":5},"nm":"Transform"}],"nm":"Group 1","np":2,"cix":2,"bm":0,"ix":1,"mn":"ADBE Vector Group","hd":false}],"ip":0,"op":84,"st":0,"bm":0},{"ddd":0,"ind":18,"ty":4,"nm":"base shadow","parent":20,"tt":2,"sr":1,"ks":{"o":{"a":0,"k":100,"ix":11},"r":{"a":0,"k":0,"ix":10},"p":{"a":0,"k":[0,0,0],"ix":2,"l":2},"a":{"a":0,"k":[0,0,0],"ix":1,"l":2},"s":{"a":0,"k":[100,100,100],"ix":6,"l":2}},"ao":0,"shapes":[{"ty":"gr","it":[{"ind":0,"ty":"sh","ix":1,"ks":{"a":0,"k":{"i":[[15.4,0],[0,38.4],[-27.9,0],[-10.6,-9.3],[0,-16.9],[11.5,-10.2]],"o":[[-27.9,0],[0,-38.4],[15.5,0],[11.5,10.2],[0,16.9],[-10.6,9.3]],"v":[[0,55.9],[-58,0],[0,-55.9],[40.4,-41.5],[58,0],[40.4,41.4]],"c":true},"ix":2},"nm":"Path 1","mn":"ADBE Vector Shape - Group","hd":false},{"ty":"fl","c":{"a":0,"k":[0.847058823529,0.258823529412,0.074509803922,1],"ix":4},"o":{"a":0,"k":100,"ix":5},"r":1,"bm":0,"nm":"Fill 1","mn":"ADBE Vector Graphic - Fill","hd":false},{"ty":"tr","p":{"a":0,"k":[0,0],"ix":2},"a":{"a":0,"k":[0,0],"ix":1},"s":{"a":0,"k":[100,100],"ix":3},"r":{"a":0,"k":0,"ix":6},"o":{"a":0,"k":100,"ix":7},"sk":{"a":0,"k":0,"ix":4},"sa":{"a":0,"k":0,"ix":5},"nm":"Transform"}],"nm":"Group 1","np":2,"cix":2,"bm":0,"ix":1,"mn":"ADBE Vector Group","hd":false}],"ip":0,"op":84,"st":0,"bm":0},{"ddd":0,"ind":19,"ty":4,"nm":"base yellow","parent":9,"sr":1,"ks":{"o":{"a":0,"k":100,"ix":11},"r":{"a":0,"k":0,"ix":10},"p":{"a":0,"k":[0,0,0],"ix":2,"l":2},"a":{"a":0,"k":[0,0,0],"ix":1,"l":2},"s":{"a":0,"k":[800,800,100],"ix":6,"l":2}},"ao":0,"shapes":[{"ty":"gr","it":[{"ind":0,"ty":"sh","ix":1,"ks":{"a":0,"k":{"i":[[15.4,0],[0,38.4],[-27.9,0],[-10.6,-9.3],[0,-16.9],[11.5,-10.2]],"o":[[-27.9,0],[0,-38.4],[15.5,0],[11.5,10.2],[0,16.9],[-10.6,9.3]],"v":[[0,55.9],[-58,0],[0,-55.9],[40.4,-41.5],[58,0],[40.4,41.4]],"c":true},"ix":2},"nm":"Path 1","mn":"ADBE Vector Shape - Group","hd":false},{"ty":"gf","o":{"a":0,"k":100,"ix":10},"r":1,"bm":0,"g":{"p":3,"k":{"a":0,"k":[0,0.957,0.635,0.137,0.433,0.957,0.635,0.137,0.865,0.957,0.635,0.137,0,1,0.5,0.5,1,0],"ix":9}},"s":{"a":0,"k":[0.25,66],"ix":5},"e":{"a":0,"k":[0.225,-53.5],"ix":6},"t":1,"nm":"Gradient Fill 1","mn":"ADBE Vector Graphic - G-Fill","hd":false},{"ty":"tr","p":{"a":0,"k":[0,0],"ix":2},"a":{"a":0,"k":[0,0],"ix":1},"s":{"a":0,"k":[100,100],"ix":3},"r":{"a":0,"k":0,"ix":6},"o":{"a":0,"k":100,"ix":7},"sk":{"a":0,"k":0,"ix":4},"sa":{"a":0,"k":0,"ix":5},"nm":"Transform"}],"nm":"Group 1","np":2,"cix":2,"bm":0,"ix":1,"mn":"ADBE Vector Group","hd":false}],"ip":0,"op":84,"st":0,"bm":0},{"ddd":0,"ind":20,"ty":4,"nm":"base normal","parent":9,"sr":1,"ks":{"o":{"a":0,"k":100,"ix":11},"r":{"a":0,"k":0,"ix":10},"p":{"a":0,"k":[0,0,0],"ix":2,"l":2},"a":{"a":0,"k":[0,0,0],"ix":1,"l":2},"s":{"a":0,"k":[800,800,100],"ix":6,"l":2}},"ao":0,"shapes":[{"ty":"gr","it":[{"ind":0,"ty":"sh","ix":1,"ks":{"a":0,"k":{"i":[[15.4,0],[0,38.4],[-27.9,0],[-10.6,-9.3],[0,-16.9],[11.5,-10.2]],"o":[[-27.9,0],[0,-38.4],[15.5,0],[11.5,10.2],[0,16.9],[-10.6,9.3]],"v":[[0,55.9],[-58,0],[0,-55.9],[40.4,-41.5],[58,0],[40.4,41.4]],"c":true},"ix":2},"nm":"Path 1","mn":"ADBE Vector Shape - Group","hd":false},{"ty":"gf","o":{"a":0,"k":100,"ix":10},"r":1,"bm":0,"g":{"p":7,"k":{"a":0,"k":[0.122,0.957,0.635,0.137,0.236,0.957,0.629,0.135,0.35,0.957,0.624,0.133,0.536,0.965,0.571,0.11,0.722,0.973,0.518,0.086,0.86,0.986,0.418,0.043,1,1,0.318,0],"ix":9}},"s":{"a":0,"k":[0,0],"ix":5},"e":{"a":0,"k":[56.225,0],"ix":6},"t":2,"h":{"a":0,"k":0,"ix":7},"a":{"a":0,"k":0,"ix":8},"nm":"Gradient Fill 1","mn":"ADBE Vector Graphic - G-Fill","hd":false},{"ty":"tr","p":{"a":0,"k":[0,0],"ix":2},"a":{"a":0,"k":[0,0],"ix":1},"s":{"a":0,"k":[100,100],"ix":3},"r":{"a":0,"k":0,"ix":6},"o":{"a":0,"k":100,"ix":7},"sk":{"a":0,"k":0,"ix":4},"sa":{"a":0,"k":0,"ix":5},"nm":"Transform"}],"nm":"Group 1","np":2,"cix":2,"bm":0,"ix":1,"mn":"ADBE Vector Group","hd":false}],"ip":0,"op":84,"st":0,"bm":0},{"ddd":0,"ind":21,"ty":4,"nm":"DROP 8","parent":2,"sr":1,"ks":{"o":{"a":0,"k":100,"ix":11},"r":{"a":1,"k":[{"i":{"x":[0.833],"y":[0.833]},"o":{"x":[0.167],"y":[0.167]},"t":54,"s":[0]},{"i":{"x":[0.833],"y":[0.833]},"o":{"x":[0.167],"y":[0.167]},"t":61,"s":[0]},{"t":68,"s":[-26.4]}],"ix":10},"p":{"s":true,"x":{"a":1,"k":[{"i":{"x":[0.75],"y":[0.578]},"o":{"x":[0.167],"y":[0.167]},"t":54,"s":[902.273]},{"i":{"x":[0.833],"y":[0.833]},"o":{"x":[0.244],"y":[0.251]},"t":61,"s":[968.273]},{"i":{"x":[0.833],"y":[0.833]},"o":{"x":[0.167],"y":[0.167]},"t":68,"s":[1076.273]},{"t":72,"s":[1148.273]}],"ix":3},"y":{"a":1,"k":[{"i":{"x":[0.762],"y":[0.806]},"o":{"x":[0.167],"y":[0.167]},"t":54,"s":[584.792]},{"i":{"x":[0.833],"y":[0.833]},"o":{"x":[0.319],"y":[0.389]},"t":61,"s":[658.01]},{"i":{"x":[0.833],"y":[0.833]},"o":{"x":[0.167],"y":[0.167]},"t":68,"s":[707.01]},{"t":72,"s":[705.01]}],"ix":4}},"a":{"a":0,"k":[-0.727,82.01,0],"ix":1,"l":2},"s":{"a":0,"k":[100,100,100],"ix":6,"l":2}},"ao":0,"shapes":[{"ty":"gr","it":[{"ind":0,"ty":"sh","ix":1,"ks":{"a":1,"k":[{"i":{"x":0.833,"y":0.833},"o":{"x":0.167,"y":0.167},"t":54,"s":[{"i":[[2.891,-29.102],[4.646,17.768],[8.294,5.079],[-21.492,0.467]],"o":[[-1.906,19.189],[-4.646,-17.768],[-8.294,-5.079],[27.261,-0.592]],"v":[[62.109,84.437],[27.545,86.592],[-2.325,56.326],[7.492,31.811]],"c":true}]},{"i":{"x":0.833,"y":0.833},"o":{"x":0.167,"y":0.167},"t":57.5,"s":[{"i":[[-8.055,-21.51],[11.326,15.759],[7.414,7.052],[-10.498,-3.004]],"o":[[8.164,21.799],[-6.136,-8.538],[-9.927,-9.443],[10.498,3.004]],"v":[[41.964,84.317],[21.684,93.953],[-3.513,67.145],[-0.096,50.193]],"c":true}]},{"i":{"x":0.833,"y":0.833},"o":{"x":0.167,"y":0.167},"t":61,"s":[{"i":[[-13.964,-10.817],[7.659,4.636],[9.66,9.499],[-2.176,2.599]],"o":[[24.517,18.992],[-4.357,-2.637],[-8.486,-8.345],[5.954,-7.109]],"v":[[8.964,70.317],[3.184,89.453],[-22.931,67.441],[-35.846,48.443]],"c":true}]},{"t":68,"s":[{"i":[[-10.688,-12.228],[7.765,4.322],[5.305,9.05],[-3.803,4.345]],"o":[[11.418,13.063],[-6.669,-3.712],[-3.913,-6.675],[2.096,-2.394]],"v":[[-3.477,78.033],[-8.814,92.266],[-26.451,70.448],[-30.822,50.064]],"c":true}]}],"ix":2},"nm":"Path 1","mn":"ADBE Vector Shape - Group","hd":false},{"ty":"fl","c":{"a":0,"k":[0.505882352941,0.83137254902,0.980392156863,1],"ix":4},"o":{"a":0,"k":100,"ix":5},"r":1,"bm":0,"nm":"Fill 1","mn":"ADBE Vector Graphic - Fill","hd":false},{"ty":"tr","p":{"a":0,"k":[0,0],"ix":2},"a":{"a":0,"k":[0,0],"ix":1},"s":{"a":0,"k":[100,100],"ix":3},"r":{"a":0,"k":0,"ix":6},"o":{"a":0,"k":100,"ix":7},"sk":{"a":0,"k":0,"ix":4},"sa":{"a":0,"k":0,"ix":5},"nm":"Transform"}],"nm":"Shape 2","np":3,"cix":2,"bm":0,"ix":1,"mn":"ADBE Vector Group","hd":false},{"ty":"gr","it":[{"ind":0,"ty":"sh","ix":1,"ks":{"a":1,"k":[{"i":{"x":0.833,"y":0.833},"o":{"x":0.167,"y":0.167},"t":54,"s":[{"i":[[47.432,0],[0,43.326],[-8.158,7.768],[-6.664,1.796],[-6.981,-0.118],[-7.912,-2.958],[-8.182,-8.886],[0.365,-18.485]],"o":[[-48.172,0],[0,-25.91],[11.127,-10.595],[10.509,-2.832],[11.278,0.191],[9.058,3.387],[12.237,13.29],[-0.836,42.366]],"v":[[2.489,158],[-77,85.339],[-54.924,34.621],[-26.795,16.956],[4.404,13.118],[33.999,19.013],[62.561,38.676],[79.635,88.635]],"c":true}]},{"i":{"x":0.833,"y":0.833},"o":{"x":0.167,"y":0.167},"t":61,"s":[{"i":[[9.313,-8.337],[18.569,11.568],[6.547,9.167],[2.233,6.53],[-4.928,4.946],[-6.753,-5.074],[-9.684,-7.221],[-5.901,-7.641]],"o":[[-9.408,8.422],[-11.22,-6.99],[-7.213,-10.099],[-5.5,-16.084],[7.961,-7.991],[13.347,10.029],[15.372,11.462],[9.543,12.356]],"v":[[52.908,127.078],[3.181,128.932],[-28.537,99.099],[-47.5,66.584],[-46.122,36.95],[-12.847,45.471],[21.128,69.288],[53.457,93.144]],"c":true}]},{"t":68,"s":[{"i":[[3.425,-2.114],[16.523,12.266],[5.201,8.075],[0.953,8.743],[-2.536,0.575],[-5.654,-6.275],[-7.897,-8.175],[-9.983,-9.313]],"o":[[-7.425,4.583],[-9.984,-7.412],[-7.653,-11.883],[-0.808,-7.414],[3.533,-0.801],[11.175,12.403],[11.471,11.875],[7.106,6.629]],"v":[[43.58,123.385],[0.416,110.221],[-26.327,81.69],[-39.532,50.4],[-34.866,38.182],[-20.315,47.403],[11.52,82.494],[39.814,109.619]],"c":true}]}],"ix":2},"nm":"Path 1","mn":"ADBE Vector Shape - Group","hd":false},{"ty":"gf","o":{"a":0,"k":100,"ix":10},"r":1,"bm":0,"g":{"p":3,"k":{"a":0,"k":[0.468,0.31,0.765,0.969,0.684,0.214,0.649,0.933,0.9,0.118,0.533,0.898],"ix":9}},"s":{"a":0,"k":[-50,-156],"ix":5},"e":{"a":0,"k":[344,-14],"ix":6},"t":2,"h":{"a":0,"k":0,"ix":7},"a":{"a":0,"k":0,"ix":8},"nm":"Gradient Fill 1","mn":"ADBE Vector Graphic - G-Fill","hd":false},{"ty":"tr","p":{"a":0,"k":[0,0],"ix":2},"a":{"a":0,"k":[0,0],"ix":1},"s":{"a":0,"k":[100,100],"ix":3},"r":{"a":0,"k":0,"ix":6},"o":{"a":0,"k":100,"ix":7},"sk":{"a":0,"k":0,"ix":4},"sa":{"a":0,"k":0,"ix":5},"nm":"Transform"}],"nm":"Shape 1","np":3,"cix":2,"bm":0,"ix":2,"mn":"ADBE Vector Group","hd":false}],"ip":68,"op":72,"st":-76.5,"bm":0},{"ddd":0,"ind":22,"ty":4,"nm":"DROP 9","sr":1,"ks":{"o":{"a":0,"k":100,"ix":11},"r":{"a":1,"k":[{"i":{"x":[0.833],"y":[0.833]},"o":{"x":[0.167],"y":[0.167]},"t":20,"s":[0]},{"i":{"x":[0.833],"y":[0.833]},"o":{"x":[0.167],"y":[0.167]},"t":27,"s":[0]},{"t":34,"s":[-26.4]}],"ix":10},"p":{"s":true,"x":{"a":1,"k":[{"i":{"x":[0.75],"y":[0.578]},"o":{"x":[0.167],"y":[0.167]},"t":20,"s":[158.273]},{"i":{"x":[0.833],"y":[0.833]},"o":{"x":[0.244],"y":[0.256]},"t":27,"s":[224.273]},{"i":{"x":[0.833],"y":[0.833]},"o":{"x":[0.167],"y":[0.167]},"t":34,"s":[330.273]},{"t":42,"s":[478.273]}],"ix":3},"y":{"a":1,"k":[{"i":{"x":[0.762],"y":[0.618]},"o":{"x":[0.167],"y":[0.167]},"t":20,"s":[834.792]},{"i":{"x":[0.833],"y":[0.833]},"o":{"x":[0.319],"y":[0.374]},"t":27,"s":[872.01]},{"i":{"x":[0.833],"y":[0.833]},"o":{"x":[0.167],"y":[0.167]},"t":34,"s":[923.01]},{"i":{"x":[0.833],"y":[0.833]},"o":{"x":[0.167],"y":[0.167]},"t":39,"s":[927.01]},{"t":42,"s":[887.01]}],"ix":4}},"a":{"a":0,"k":[-0.727,82.01,0],"ix":1,"l":2},"s":{"a":0,"k":[100,100,100],"ix":6,"l":2}},"ao":0,"shapes":[{"ty":"gr","it":[{"ind":0,"ty":"sh","ix":1,"ks":{"a":1,"k":[{"i":{"x":0.833,"y":0.833},"o":{"x":0.167,"y":0.167},"t":20,"s":[{"i":[[2.891,-29.102],[4.646,17.768],[8.294,5.079],[-21.492,0.467]],"o":[[-1.906,19.189],[-4.646,-17.768],[-8.294,-5.079],[27.261,-0.592]],"v":[[62.109,84.437],[27.545,86.592],[-2.325,56.326],[7.492,31.811]],"c":true}]},{"i":{"x":0.833,"y":0.833},"o":{"x":0.167,"y":0.167},"t":23.5,"s":[{"i":[[-8.055,-21.51],[11.326,15.759],[7.414,7.052],[-10.498,-3.004]],"o":[[8.164,21.799],[-6.136,-8.538],[-9.927,-9.443],[10.498,3.004]],"v":[[41.964,84.317],[21.684,93.953],[-3.513,67.145],[-0.096,50.193]],"c":true}]},{"i":{"x":0.833,"y":0.833},"o":{"x":0.167,"y":0.167},"t":27,"s":[{"i":[[-13.964,-10.817],[7.659,4.636],[9.66,9.499],[-2.176,2.599]],"o":[[24.517,18.992],[-4.357,-2.637],[-8.486,-8.345],[5.954,-7.109]],"v":[[8.964,70.317],[3.184,89.453],[-22.931,67.441],[-35.846,48.443]],"c":true}]},{"t":34,"s":[{"i":[[-10.688,-12.228],[7.765,4.322],[5.305,9.05],[-3.803,4.345]],"o":[[11.418,13.063],[-6.669,-3.712],[-3.913,-6.675],[2.096,-2.394]],"v":[[-3.477,78.033],[-8.814,92.266],[-26.451,70.448],[-30.822,50.064]],"c":true}]}],"ix":2},"nm":"Path 1","mn":"ADBE Vector Shape - Group","hd":false},{"ty":"fl","c":{"a":0,"k":[0.505882352941,0.83137254902,0.980392156863,1],"ix":4},"o":{"a":0,"k":100,"ix":5},"r":1,"bm":0,"nm":"Fill 1","mn":"ADBE Vector Graphic - Fill","hd":false},{"ty":"tr","p":{"a":0,"k":[0,0],"ix":2},"a":{"a":0,"k":[0,0],"ix":1},"s":{"a":0,"k":[100,100],"ix":3},"r":{"a":0,"k":0,"ix":6},"o":{"a":0,"k":100,"ix":7},"sk":{"a":0,"k":0,"ix":4},"sa":{"a":0,"k":0,"ix":5},"nm":"Transform"}],"nm":"Shape 2","np":3,"cix":2,"bm":0,"ix":1,"mn":"ADBE Vector Group","hd":false},{"ty":"gr","it":[{"ind":0,"ty":"sh","ix":1,"ks":{"a":1,"k":[{"i":{"x":0.833,"y":0.833},"o":{"x":0.167,"y":0.167},"t":20,"s":[{"i":[[47.432,0],[0,43.326],[-8.158,7.768],[-6.664,1.796],[-6.981,-0.118],[-7.912,-2.958],[-8.182,-8.886],[0.365,-18.485]],"o":[[-48.172,0],[0,-25.91],[11.127,-10.595],[10.509,-2.832],[11.278,0.191],[9.058,3.387],[12.237,13.29],[-0.836,42.366]],"v":[[2.489,158],[-77,85.339],[-54.924,34.621],[-26.795,16.956],[4.404,13.118],[33.999,19.013],[62.561,38.676],[79.635,88.635]],"c":true}]},{"i":{"x":0.833,"y":0.833},"o":{"x":0.167,"y":0.167},"t":27,"s":[{"i":[[9.313,-8.337],[18.569,11.568],[6.547,9.167],[2.233,6.53],[-4.928,4.946],[-6.753,-5.074],[-9.684,-7.221],[-5.901,-7.641]],"o":[[-9.408,8.422],[-11.22,-6.99],[-7.213,-10.099],[-5.5,-16.084],[7.961,-7.991],[13.347,10.029],[15.372,11.462],[9.543,12.356]],"v":[[52.908,127.078],[3.181,128.932],[-28.537,99.099],[-47.5,66.584],[-46.122,36.95],[-12.847,45.471],[21.128,69.288],[53.457,93.144]],"c":true}]},{"t":34,"s":[{"i":[[3.425,-2.114],[16.523,12.266],[5.201,8.075],[0.953,8.743],[-2.536,0.575],[-5.654,-6.275],[-7.897,-8.175],[-9.983,-9.313]],"o":[[-7.425,4.583],[-9.984,-7.412],[-7.653,-11.883],[-0.808,-7.414],[3.533,-0.801],[11.175,12.403],[11.471,11.875],[7.106,6.629]],"v":[[43.58,123.385],[0.416,110.221],[-26.327,81.69],[-39.532,50.4],[-34.866,38.182],[-20.315,47.403],[11.52,82.494],[39.814,109.619]],"c":true}]}],"ix":2},"nm":"Path 1","mn":"ADBE Vector Shape - Group","hd":false},{"ty":"gf","o":{"a":0,"k":100,"ix":10},"r":1,"bm":0,"g":{"p":3,"k":{"a":0,"k":[0.468,0.31,0.765,0.969,0.684,0.214,0.649,0.933,0.9,0.118,0.533,0.898],"ix":9}},"s":{"a":0,"k":[-50,-156],"ix":5},"e":{"a":0,"k":[344,-14],"ix":6},"t":2,"h":{"a":0,"k":0,"ix":7},"a":{"a":0,"k":0,"ix":8},"nm":"Gradient Fill 1","mn":"ADBE Vector Graphic - G-Fill","hd":false},{"ty":"tr","p":{"a":0,"k":[0,0],"ix":2},"a":{"a":0,"k":[0,0],"ix":1},"s":{"a":0,"k":[100,100],"ix":3},"r":{"a":0,"k":0,"ix":6},"o":{"a":0,"k":100,"ix":7},"sk":{"a":0,"k":0,"ix":4},"sa":{"a":0,"k":0,"ix":5},"nm":"Transform"}],"nm":"Shape 1","np":3,"cix":2,"bm":0,"ix":2,"mn":"ADBE Vector Group","hd":false}],"ip":34,"op":42,"st":-110.5,"bm":0}],"markers":[{"tm":0,"cm":"rest","dr":0}]}