{"v":"5.8.1","fr":60,"ip":0,"op":108,"w":1024,"h":1024,"nm":"emoji_party-face","ddd":0,"assets":[{"id":"comp_0","nm":"Confetti Comp","fr":60,"layers":[{"ddd":0,"ind":1,"ty":0,"nm":"Confetti ","refId":"comp_1","sr":1,"ks":{"o":{"a":0,"k":100,"ix":11},"r":{"a":0,"k":0,"ix":10},"p":{"a":0,"k":[512,512,0],"ix":2,"l":2},"a":{"a":0,"k":[512,512,0],"ix":1,"l":2},"s":{"a":0,"k":[100,100,100],"ix":6,"l":2}},"ao":0,"w":1024,"h":1024,"ip":58,"op":166,"st":58,"bm":0},{"ddd":0,"ind":2,"ty":0,"nm":"Confetti ","refId":"comp_1","sr":1,"ks":{"o":{"a":0,"k":100,"ix":11},"r":{"a":0,"k":0,"ix":10},"p":{"a":0,"k":[512,512,0],"ix":2,"l":2},"a":{"a":0,"k":[512,512,0],"ix":1,"l":2},"s":{"a":0,"k":[100,100,100],"ix":6,"l":2}},"ao":0,"w":1024,"h":1024,"ip":-50,"op":58,"st":-50,"bm":0},{"ddd":0,"ind":3,"ty":0,"nm":"Confetti ","refId":"comp_1","sr":1,"ks":{"o":{"a":0,"k":100,"ix":11},"r":{"a":0,"k":0,"ix":10},"p":{"a":0,"k":[512,512,0],"ix":2,"l":2},"a":{"a":0,"k":[512,512,0],"ix":1,"l":2},"s":{"a":0,"k":[100,100,100],"ix":6,"l":2}},"ao":0,"w":1024,"h":1024,"ip":0,"op":108,"st":0,"bm":0}]},{"id":"comp_1","nm":"Confetti ","fr":60,"layers":[{"ddd":0,"ind":2,"ty":4,"nm":"Group 1","sr":1,"ks":{"o":{"a":0,"k":100,"ix":11},"r":{"a":1,"k":[{"i":{"x":[0.833],"y":[0.833]},"o":{"x":[0.167],"y":[0.167]},"t":24,"s":[-144.625]},{"i":{"x":[0.833],"y":[0.833]},"o":{"x":[0.167],"y":[0.167]},"t":50,"s":[0]},{"t":61,"s":[58.482]}],"ix":10},"p":{"s":true,"x":{"a":0,"k":192.047,"ix":3},"y":{"a":1,"k":[{"i":{"x":[0.833],"y":[0.833]},"o":{"x":[0.167],"y":[0.167]},"t":24,"s":[102.255]},{"i":{"x":[0.833],"y":[0.833]},"o":{"x":[0.167],"y":[0.167]},"t":50,"s":[693.615]},{"t":61,"s":[964.615]}],"ix":4}},"a":{"a":0,"k":[120.958,613.865,0],"ix":1,"l":2},"s":{"a":1,"k":[{"i":{"x":[0.667,0.667,0.667],"y":[1,1,1]},"o":{"x":[0.167,0.167,0.167],"y":[0,0.167,0]},"t":24,"s":[100,0,100]},{"i":{"x":[0.833,0.833,0.833],"y":[1,0.833,1]},"o":{"x":[0.333,0.333,0.333],"y":[0,0,0]},"t":50,"s":[100,100,100]},{"t":61,"s":[100,0,100]}],"ix":6,"l":2}},"ao":0,"shapes":[{"ty":"gr","it":[{"ind":0,"ty":"sh","ix":1,"ks":{"a":0,"k":{"i":[[-31.742,2.112],[-0.499,-7.494],[31.741,-2.113],[0.498,7.495]],"o":[[31.742,-2.112],[0.499,7.495],[-31.742,2.112],[-0.499,-7.495]],"v":[[-0.903,-13.57],[57.473,-3.825],[0.903,13.571],[-57.473,3.825]],"c":true},"ix":2},"nm":"Path 1","mn":"ADBE Vector Shape - Group","hd":false},{"ty":"fl","c":{"a":0,"k":[1,0.510000011968,0.698000021542,1],"ix":4},"o":{"a":0,"k":100,"ix":5},"r":1,"bm":0,"nm":"Fill 1","mn":"ADBE Vector Graphic - Fill","hd":false},{"ty":"tr","p":{"a":0,"k":[120.958,613.865],"ix":2},"a":{"a":0,"k":[0,0],"ix":1},"s":{"a":0,"k":[100,100],"ix":3},"r":{"a":0,"k":0,"ix":6},"o":{"a":0,"k":100,"ix":7},"sk":{"a":0,"k":0,"ix":4},"sa":{"a":0,"k":0,"ix":5},"nm":"Transform"}],"nm":"Group 1","np":2,"cix":2,"bm":0,"ix":1,"mn":"ADBE Vector Group","hd":false}],"ip":24,"op":61,"st":0,"bm":0},{"ddd":0,"ind":3,"ty":4,"nm":"Group 2","sr":1,"ks":{"o":{"a":0,"k":100,"ix":11},"r":{"a":1,"k":[{"i":{"x":[0.833],"y":[0.833]},"o":{"x":[0.167],"y":[0.167]},"t":0,"s":[100]},{"i":{"x":[0.833],"y":[0.833]},"o":{"x":[0.167],"y":[0.167]},"t":50,"s":[0]},{"t":63,"s":[-24.717]}],"ix":10},"p":{"s":true,"x":{"a":0,"k":120.001,"ix":3},"y":{"a":1,"k":[{"i":{"x":[0.833],"y":[0.833]},"o":{"x":[0.167],"y":[0.167]},"t":0,"s":[72.009]},{"i":{"x":[0.833],"y":[0.833]},"o":{"x":[0.167],"y":[0.167]},"t":50,"s":[792.009]},{"t":63,"s":[981.009]}],"ix":4}},"a":{"a":0,"k":[48.912,712.259,0],"ix":1,"l":2},"s":{"a":1,"k":[{"i":{"x":[0.667,0.667,0.667],"y":[1,1,1]},"o":{"x":[0.167,0.167,0.167],"y":[0,0.167,0]},"t":0,"s":[100,0,100]},{"i":{"x":[0.833,0.833,0.833],"y":[1,0.833,1]},"o":{"x":[0.333,0.333,0.333],"y":[0,0,0]},"t":50,"s":[100,100,100]},{"t":63,"s":[100,0,100]}],"ix":6,"l":2}},"ao":0,"shapes":[{"ty":"gr","it":[{"ind":0,"ty":"sh","ix":1,"ks":{"a":0,"k":{"i":[[-26.443,1.877],[-0.782,-11.018],[26.443,-1.877],[0.782,11.018]],"o":[[26.443,-1.877],[0.782,11.018],[-26.443,1.877],[-0.782,-11.019]],"v":[[-1.416,-19.95],[47.88,-3.398],[1.416,19.95],[-47.88,3.399]],"c":true},"ix":2},"nm":"Path 1","mn":"ADBE Vector Shape - Group","hd":false},{"ty":"fl","c":{"a":0,"k":[0.477999997606,0.804000016755,0.929000016755,1],"ix":4},"o":{"a":0,"k":100,"ix":5},"r":1,"bm":0,"nm":"Fill 1","mn":"ADBE Vector Graphic - Fill","hd":false},{"ty":"tr","p":{"a":0,"k":[48.912,712.259],"ix":2},"a":{"a":0,"k":[0,0],"ix":1},"s":{"a":0,"k":[100,100],"ix":3},"r":{"a":0,"k":0,"ix":6},"o":{"a":0,"k":100,"ix":7},"sk":{"a":0,"k":0,"ix":4},"sa":{"a":0,"k":0,"ix":5},"nm":"Transform"}],"nm":"Group 2","np":2,"cix":2,"bm":0,"ix":1,"mn":"ADBE Vector Group","hd":false}],"ip":0,"op":64,"st":0,"bm":0},{"ddd":0,"ind":4,"ty":4,"nm":"Group 3","sr":1,"ks":{"o":{"a":0,"k":100,"ix":11},"r":{"a":1,"k":[{"i":{"x":[0.833],"y":[0.833]},"o":{"x":[0.167],"y":[0.167]},"t":0,"s":[121.58]},{"i":{"x":[0.833],"y":[0.833]},"o":{"x":[0.167],"y":[0.167]},"t":50,"s":[0]},{"t":54,"s":[-95.596]}],"ix":10},"p":{"s":true,"x":{"a":0,"k":153.51,"ix":3},"y":{"a":1,"k":[{"i":{"x":[0.833],"y":[0.833]},"o":{"x":[0.167],"y":[0.167]},"t":0,"s":[108.156]},{"i":{"x":[0.833],"y":[0.833]},"o":{"x":[0.167],"y":[0.167]},"t":50,"s":[928.156]},{"t":54,"s":[992.156]}],"ix":4}},"a":{"a":0,"k":[82.421,848.406,0],"ix":1,"l":2},"s":{"a":1,"k":[{"i":{"x":[0.667,0.667,0.667],"y":[1,1,1]},"o":{"x":[0.167,0.167,0.167],"y":[0.167,0,0]},"t":0,"s":[0,100,100]},{"i":{"x":[0.833,0.833,0.833],"y":[0.833,1,1]},"o":{"x":[0.333,0.333,0.333],"y":[0,0,0]},"t":50,"s":[100,100,100]},{"t":54,"s":[0,100,100]}],"ix":6,"l":2}},"ao":0,"shapes":[{"ty":"gr","it":[{"ind":0,"ty":"sh","ix":1,"ks":{"a":0,"k":{"i":[[-9.235,6.06],[-14.543,-22.164],[9.235,-6.061],[14.543,22.166]],"o":[[9.235,-6.06],[14.543,22.165],[-9.236,6.059],[-14.544,-22.165]],"v":[[-26.333,-40.132],[16.722,-10.972],[26.333,40.134],[-16.722,10.972]],"c":true},"ix":2},"nm":"Path 1","mn":"ADBE Vector Shape - Group","hd":false},{"ty":"fl","c":{"a":0,"k":[0,0.282000014361,1,1],"ix":4},"o":{"a":0,"k":100,"ix":5},"r":1,"bm":0,"nm":"Fill 1","mn":"ADBE Vector Graphic - Fill","hd":false},{"ty":"tr","p":{"a":0,"k":[82.421,848.406],"ix":2},"a":{"a":0,"k":[0,0],"ix":1},"s":{"a":0,"k":[100,100],"ix":3},"r":{"a":0,"k":0,"ix":6},"o":{"a":0,"k":100,"ix":7},"sk":{"a":0,"k":0,"ix":4},"sa":{"a":0,"k":0,"ix":5},"nm":"Transform"}],"nm":"Group 3","np":2,"cix":2,"bm":0,"ix":1,"mn":"ADBE Vector Group","hd":false}],"ip":0,"op":54,"st":0,"bm":0},{"ddd":0,"ind":5,"ty":4,"nm":"Group 4","sr":1,"ks":{"o":{"a":0,"k":100,"ix":11},"r":{"a":1,"k":[{"i":{"x":[0.833],"y":[0.833]},"o":{"x":[0.167],"y":[0.167]},"t":13,"s":[146.973]},{"i":{"x":[0.833],"y":[0.833]},"o":{"x":[0.167],"y":[0.167]},"t":50,"s":[0]},{"t":91,"s":[-173.806]}],"ix":10},"p":{"s":true,"x":{"a":0,"k":923.03,"ix":3},"y":{"a":1,"k":[{"i":{"x":[0.833],"y":[0.833]},"o":{"x":[0.167],"y":[0.167]},"t":13,"s":[86.756]},{"i":{"x":[0.833],"y":[0.833]},"o":{"x":[0.167],"y":[0.167]},"t":50,"s":[456.756]},{"t":91,"s":[958.756]}],"ix":4}},"a":{"a":0,"k":[851.941,377.005,0],"ix":1,"l":2},"s":{"a":1,"k":[{"i":{"x":[0.667,0.667,0.667],"y":[1,1,1]},"o":{"x":[0.167,0.167,0.167],"y":[0,0.167,0]},"t":13,"s":[100,0,100]},{"i":{"x":[0.833,0.833,0.833],"y":[1,0.833,1]},"o":{"x":[0.333,0.333,0.333],"y":[0,0,0]},"t":50,"s":[100,100,100]},{"t":91,"s":[100,0,100]}],"ix":6,"l":2}},"ao":0,"shapes":[{"ty":"gr","it":[{"ind":0,"ty":"sh","ix":1,"ks":{"a":0,"k":{"i":[[-23.483,16.53],[-5.086,-7.226],[23.483,-16.531],[5.086,7.226]],"o":[[23.483,-16.531],[5.086,7.225],[-23.483,16.53],[-5.086,-7.225]],"v":[[-9.209,-13.083],[42.521,-29.931],[9.21,13.084],[-42.52,29.931]],"c":true},"ix":2},"nm":"Path 1","mn":"ADBE Vector Shape - Group","hd":false},{"ty":"fl","c":{"a":0,"k":[0,0.8,0,1],"ix":4},"o":{"a":0,"k":100,"ix":5},"r":1,"bm":0,"nm":"Fill 1","mn":"ADBE Vector Graphic - Fill","hd":false},{"ty":"tr","p":{"a":0,"k":[851.941,377.005],"ix":2},"a":{"a":0,"k":[0,0],"ix":1},"s":{"a":0,"k":[100,100],"ix":3},"r":{"a":0,"k":0,"ix":6},"o":{"a":0,"k":100,"ix":7},"sk":{"a":0,"k":0,"ix":4},"sa":{"a":0,"k":0,"ix":5},"nm":"Transform"}],"nm":"Group 4","np":2,"cix":2,"bm":0,"ix":1,"mn":"ADBE Vector Group","hd":false}],"ip":13,"op":92,"st":0,"bm":0},{"ddd":0,"ind":6,"ty":4,"nm":"Group 5","sr":1,"ks":{"o":{"a":0,"k":100,"ix":11},"r":{"a":1,"k":[{"i":{"x":[0.833],"y":[0.833]},"o":{"x":[0.167],"y":[0.167]},"t":0,"s":[-240]},{"i":{"x":[0.833],"y":[0.833]},"o":{"x":[0.167],"y":[0.167]},"t":50,"s":[0]},{"t":66,"s":[81.87]}],"ix":10},"p":{"s":true,"x":{"a":0,"k":772,"ix":3},"y":{"a":1,"k":[{"i":{"x":[0.833],"y":[0.833]},"o":{"x":[0.167],"y":[0.167]},"t":0,"s":[130]},{"i":{"x":[0.833],"y":[0.833]},"o":{"x":[0.167],"y":[0.167]},"t":50,"s":[884]},{"t":56,"s":[970]}],"ix":4}},"a":{"a":0,"k":[700.911,804.25,0],"ix":1,"l":2},"s":{"a":1,"k":[{"i":{"x":[0.703,0.703,0.703],"y":[1,1,1]},"o":{"x":[0.167,0.167,0.167],"y":[0,0.167,0]},"t":0,"s":[100,0,100]},{"i":{"x":[0.833,0.833,0.833],"y":[1,0.833,1]},"o":{"x":[0.333,0.333,0.333],"y":[0,0,0]},"t":16,"s":[100,100,100]},{"i":{"x":[0.703,0.703,0.703],"y":[1,1,1]},"o":{"x":[0.167,0.167,0.167],"y":[0,0.167,0]},"t":32,"s":[100,0,100]},{"i":{"x":[0.833,0.833,0.833],"y":[0.833,1,1]},"o":{"x":[0.333,0.333,0.333],"y":[0,0,0]},"t":50,"s":[100,100,100]},{"t":56,"s":[0,100,100]}],"ix":6,"l":2}},"ao":0,"shapes":[{"ty":"gr","it":[{"ind":0,"ty":"sh","ix":1,"ks":{"a":0,"k":{"i":[[-15.464,0],[0,-24.301],[15.464,0],[0,24.301]],"o":[[15.464,0],[0,24.301],[-15.464,0],[0,-24.301]],"v":[[0,-44],[28,0],[0,44],[-28,0]],"c":true},"ix":2},"nm":"Path 1","mn":"ADBE Vector Shape - Group","hd":false},{"ty":"fl","c":{"a":0,"k":[0.964999988032,0.231000010173,0.745000023935,1],"ix":4},"o":{"a":0,"k":100,"ix":5},"r":1,"bm":0,"nm":"Fill 1","mn":"ADBE Vector Graphic - Fill","hd":false},{"ty":"tr","p":{"a":0,"k":[700.911,804.25],"ix":2},"a":{"a":0,"k":[0,0],"ix":1},"s":{"a":0,"k":[100,100],"ix":3},"r":{"a":0,"k":0,"ix":6},"o":{"a":0,"k":100,"ix":7},"sk":{"a":0,"k":0,"ix":4},"sa":{"a":0,"k":0,"ix":5},"nm":"Transform"}],"nm":"Group 5","np":2,"cix":2,"bm":0,"ix":1,"mn":"ADBE Vector Group","hd":false}],"ip":0,"op":68,"st":0,"bm":0},{"ddd":0,"ind":7,"ty":4,"nm":"Group 6","sr":1,"ks":{"o":{"a":0,"k":100,"ix":11},"r":{"a":1,"k":[{"i":{"x":[0.833],"y":[0.833]},"o":{"x":[0.167],"y":[0.167]},"t":0,"s":[110]},{"i":{"x":[0.833],"y":[0.833]},"o":{"x":[0.167],"y":[0.167]},"t":50,"s":[0]},{"t":101,"s":[-105.42]}],"ix":10},"p":{"s":true,"x":{"a":0,"k":181.664,"ix":3},"y":{"a":1,"k":[{"i":{"x":[0.833],"y":[0.833]},"o":{"x":[0.167],"y":[0.167]},"t":0,"s":[99.415]},{"i":{"x":[0.833],"y":[0.833]},"o":{"x":[0.167],"y":[0.167]},"t":50,"s":[653.415]},{"t":77,"s":[955.415]}],"ix":4}},"a":{"a":0,"k":[110.575,573.665,0],"ix":1,"l":2},"s":{"a":1,"k":[{"i":{"x":[0.667,0.667,0.667],"y":[1,1,1]},"o":{"x":[0.167,0.167,0.167],"y":[0,0.167,0]},"t":0,"s":[100,0,100]},{"i":{"x":[0.833,0.833,0.833],"y":[1,0.833,1]},"o":{"x":[0.333,0.333,0.333],"y":[0,0,0]},"t":16,"s":[100,100,100]},{"i":{"x":[0.667,0.667,0.667],"y":[1,1,1]},"o":{"x":[0.167,0.167,0.167],"y":[0,0.167,0]},"t":32,"s":[100,0,100]},{"i":{"x":[0.833,0.833,0.833],"y":[0.833,1,1]},"o":{"x":[0.333,0.333,0.333],"y":[0,0,0]},"t":50,"s":[100,100,100]},{"t":77,"s":[0,100,100]}],"ix":6,"l":2}},"ao":0,"shapes":[{"ty":"gr","it":[{"ind":0,"ty":"sh","ix":1,"ks":{"a":0,"k":{"i":[[-11.096,6.407],[-14.359,-24.871],[11.096,-6.406],[14.359,24.871]],"o":[[11.096,-6.406],[14.36,24.87],[-11.096,6.407],[-14.36,-24.87]],"v":[[-26,-45.032],[20.091,-11.599],[26,45.032],[-20.091,11.6]],"c":true},"ix":2},"nm":"Path 1","mn":"ADBE Vector Shape - Group","hd":false},{"ty":"fl","c":{"a":0,"k":[0,0.282000014361,1,1],"ix":4},"o":{"a":0,"k":100,"ix":5},"r":1,"bm":0,"nm":"Fill 1","mn":"ADBE Vector Graphic - Fill","hd":false},{"ty":"tr","p":{"a":0,"k":[110.575,573.665],"ix":2},"a":{"a":0,"k":[0,0],"ix":1},"s":{"a":0,"k":[100,100],"ix":3},"r":{"a":0,"k":0,"ix":6},"o":{"a":0,"k":100,"ix":7},"sk":{"a":0,"k":0,"ix":4},"sa":{"a":0,"k":0,"ix":5},"nm":"Transform"}],"nm":"Group 6","np":2,"cix":2,"bm":0,"ix":1,"mn":"ADBE Vector Group","hd":false}],"ip":0,"op":78,"st":0,"bm":0},{"ddd":0,"ind":8,"ty":4,"nm":"Group 7","sr":1,"ks":{"o":{"a":0,"k":100,"ix":11},"r":{"a":1,"k":[{"i":{"x":[0.833],"y":[0.833]},"o":{"x":[0.167],"y":[0.167]},"t":0,"s":[-180]},{"i":{"x":[0.833],"y":[0.833]},"o":{"x":[0.167],"y":[0.167]},"t":50,"s":[0]},{"t":92,"s":[155.218]}],"ix":10},"p":{"s":true,"x":{"a":0,"k":580.081,"ix":3},"y":{"a":1,"k":[{"i":{"x":[0.833],"y":[0.833]},"o":{"x":[0.167],"y":[0.167]},"t":39,"s":[-62.306]},{"i":{"x":[0.833],"y":[0.833]},"o":{"x":[0.167],"y":[0.167]},"t":46,"s":[70.058]},{"i":{"x":[0.833],"y":[0.833]},"o":{"x":[0.167],"y":[0.167]},"t":50,"s":[145.695]},{"t":92,"s":[951.695]}],"ix":4}},"a":{"a":0,"k":[508.992,65.945,0],"ix":1,"l":2},"s":{"a":1,"k":[{"i":{"x":[0.667,0.667,0.667],"y":[1,1,1]},"o":{"x":[0.167,0.167,0.167],"y":[0,0.167,0]},"t":46,"s":[100,0,100]},{"i":{"x":[0.833,0.833,0.833],"y":[1,0.833,1]},"o":{"x":[0.333,0.333,0.333],"y":[0,0,0]},"t":50,"s":[100,100,100]},{"t":92,"s":[100,0,100]}],"ix":6,"l":2}},"ao":0,"shapes":[{"ty":"gr","it":[{"ind":0,"ty":"sh","ix":1,"ks":{"a":0,"k":{"i":[[-29.35,22.717],[-10.547,-13.627],[29.349,-22.718],[10.547,13.627]],"o":[[29.349,-22.717],[10.548,13.626],[-29.349,22.717],[-10.548,-13.626]],"v":[[-19.097,-24.673],[53.142,-41.133],[19.097,24.673],[-53.141,41.133]],"c":true},"ix":2},"nm":"Path 1","mn":"ADBE Vector Shape - Group","hd":false},{"ty":"fl","c":{"a":0,"k":[0,0.933000033509,1,1],"ix":4},"o":{"a":0,"k":100,"ix":5},"r":1,"bm":0,"nm":"Fill 1","mn":"ADBE Vector Graphic - Fill","hd":false},{"ty":"tr","p":{"a":0,"k":[508.992,65.945],"ix":2},"a":{"a":0,"k":[0,0],"ix":1},"s":{"a":0,"k":[100,100],"ix":3},"r":{"a":0,"k":0,"ix":6},"o":{"a":0,"k":100,"ix":7},"sk":{"a":0,"k":0,"ix":4},"sa":{"a":0,"k":0,"ix":5},"nm":"Transform"}],"nm":"Group 7","np":2,"cix":2,"bm":0,"ix":1,"mn":"ADBE Vector Group","hd":false}],"ip":46,"op":93,"st":0,"bm":0},{"ddd":0,"ind":9,"ty":4,"nm":"Group 8","sr":1,"ks":{"o":{"a":0,"k":100,"ix":11},"r":{"a":1,"k":[{"i":{"x":[0.833],"y":[0.833]},"o":{"x":[0.167],"y":[0.167]},"t":0,"s":[-90]},{"i":{"x":[0.833],"y":[0.833]},"o":{"x":[0.167],"y":[0.167]},"t":50,"s":[0]},{"t":107,"s":[101.567]}],"ix":10},"p":{"s":true,"x":{"a":0,"k":396.465,"ix":3},"y":{"a":1,"k":[{"i":{"x":[0.833],"y":[0.833]},"o":{"x":[0.167],"y":[0.167]},"t":26,"s":[-110.95]},{"i":{"x":[0.833],"y":[0.833]},"o":{"x":[0.167],"y":[0.167]},"t":38,"s":[46.05]},{"i":{"x":[0.833],"y":[0.833]},"o":{"x":[0.167],"y":[0.167]},"t":50,"s":[203.05]},{"t":107,"s":[949.05]}],"ix":4}},"a":{"a":0,"k":[325.376,123.3,0],"ix":1,"l":2},"s":{"a":1,"k":[{"i":{"x":[0.667,0.667,0.667],"y":[1,1,1]},"o":{"x":[0.167,0.167,0.167],"y":[0,0.167,0]},"t":38,"s":[100,0,100]},{"i":{"x":[0.833,0.833,0.833],"y":[0.833,1,1]},"o":{"x":[0.333,0.333,0.333],"y":[0,0,0]},"t":50,"s":[100,100,100]},{"i":{"x":[0.667,0.667,0.667],"y":[1,1,1]},"o":{"x":[0.167,0.167,0.167],"y":[0.167,0,0]},"t":69,"s":[0,100,100]},{"i":{"x":[0.833,0.833,0.833],"y":[0.833,1,1]},"o":{"x":[0.333,0.333,0.333],"y":[0,0,0]},"t":87,"s":[100,100,100]},{"t":107,"s":[0,100,100]}],"ix":6,"l":2}},"ao":0,"shapes":[{"ty":"gr","it":[{"ind":0,"ty":"sh","ix":1,"ks":{"a":0,"k":{"i":[[-13.122,13.122],[-17.183,-17.183],[13.121,-13.122],[17.183,17.183]],"o":[[13.122,-13.122],[17.183,17.183],[-13.121,13.121],[-17.183,-17.183]],"v":[[-31.112,-31.112],[23.759,-23.758],[31.113,31.113],[-23.758,23.759]],"c":true},"ix":2},"nm":"Path 1","mn":"ADBE Vector Shape - Group","hd":false},{"ty":"fl","c":{"a":0,"k":[0.991999966491,0.231000010173,0.231000010173,1],"ix":4},"o":{"a":0,"k":100,"ix":5},"r":1,"bm":0,"nm":"Fill 1","mn":"ADBE Vector Graphic - Fill","hd":false},{"ty":"tr","p":{"a":0,"k":[325.376,123.3],"ix":2},"a":{"a":0,"k":[0,0],"ix":1},"s":{"a":0,"k":[100,100],"ix":3},"r":{"a":0,"k":0,"ix":6},"o":{"a":0,"k":100,"ix":7},"sk":{"a":0,"k":0,"ix":4},"sa":{"a":0,"k":0,"ix":5},"nm":"Transform"}],"nm":"Group 8","np":2,"cix":2,"bm":0,"ix":1,"mn":"ADBE Vector Group","hd":false}],"ip":38,"op":108,"st":0,"bm":0},{"ddd":0,"ind":10,"ty":4,"nm":"Group 9","sr":1,"ks":{"o":{"a":0,"k":100,"ix":11},"r":{"a":1,"k":[{"i":{"x":[0.833],"y":[0.833]},"o":{"x":[0.167],"y":[0.167]},"t":0,"s":[150]},{"i":{"x":[0.833],"y":[0.833]},"o":{"x":[0.167],"y":[0.167]},"t":50,"s":[0]},{"t":89,"s":[-143.718]}],"ix":10},"p":{"s":true,"x":{"a":0,"k":192,"ix":3},"y":{"a":1,"k":[{"i":{"x":[0.833],"y":[0.833]},"o":{"x":[0.167],"y":[0.167]},"t":38,"s":[-74]},{"i":{"x":[0.833],"y":[0.833]},"o":{"x":[0.167],"y":[0.167]},"t":46,"s":[55.333]},{"i":{"x":[0.833],"y":[0.833]},"o":{"x":[0.167],"y":[0.167]},"t":50,"s":[120]},{"t":89,"s":[946]}],"ix":4}},"a":{"a":0,"k":[120.911,40.25,0],"ix":1,"l":2},"s":{"a":1,"k":[{"i":{"x":[0.667,0.667,0.667],"y":[1,1,1]},"o":{"x":[0.167,0.167,0.167],"y":[0,0.167,0]},"t":46,"s":[100,0,100]},{"i":{"x":[0.833,0.833,0.833],"y":[1,0.833,1]},"o":{"x":[0.333,0.333,0.333],"y":[0,0,0]},"t":50,"s":[100,100,100]},{"t":89,"s":[100,0,100]}],"ix":6,"l":2}},"ao":0,"shapes":[{"ty":"gr","it":[{"ind":0,"ty":"sh","ix":1,"ks":{"a":0,"k":{"i":[[-30.928,0],[0,-22.091],[30.928,0],[0,22.091]],"o":[[30.928,0],[0,22.091],[-30.928,0],[0,-22.091]],"v":[[0,-40],[56,0],[0,40],[-56,0]],"c":true},"ix":2},"nm":"Path 1","mn":"ADBE Vector Shape - Group","hd":false},{"ty":"fl","c":{"a":0,"k":[1,0,0.635000011968,1],"ix":4},"o":{"a":0,"k":100,"ix":5},"r":1,"bm":0,"nm":"Fill 1","mn":"ADBE Vector Graphic - Fill","hd":false},{"ty":"tr","p":{"a":0,"k":[120.911,40.25],"ix":2},"a":{"a":0,"k":[0,0],"ix":1},"s":{"a":0,"k":[100,100],"ix":3},"r":{"a":0,"k":0,"ix":6},"o":{"a":0,"k":100,"ix":7},"sk":{"a":0,"k":0,"ix":4},"sa":{"a":0,"k":0,"ix":5},"nm":"Transform"}],"nm":"Group 9","np":2,"cix":2,"bm":0,"ix":1,"mn":"ADBE Vector Group","hd":false}],"ip":46,"op":89,"st":0,"bm":0}]}],"layers":[{"ddd":0,"ind":1,"ty":0,"nm":"Confetti Comp","refId":"comp_0","sr":1,"ks":{"o":{"a":0,"k":100,"ix":11},"r":{"a":0,"k":0,"ix":10},"p":{"a":0,"k":[512,512,0],"ix":2,"l":2},"a":{"a":0,"k":[512,512,0],"ix":1,"l":2},"s":{"a":0,"k":[100,100,100],"ix":6,"l":2}},"ao":0,"w":1024,"h":1024,"ip":107,"op":109,"st":107,"bm":0},{"ddd":0,"ind":2,"ty":0,"nm":"Confetti Comp","refId":"comp_0","sr":1,"ks":{"o":{"a":0,"k":100,"ix":11},"r":{"a":0,"k":0,"ix":10},"p":{"a":0,"k":[512,512,0],"ix":2,"l":2},"a":{"a":0,"k":[512,512,0],"ix":1,"l":2},"s":{"a":0,"k":[100,100,100],"ix":6,"l":2}},"ao":0,"w":1024,"h":1024,"ip":-1,"op":107,"st":-1,"bm":0},{"ddd":0,"ind":3,"ty":3,"nm":"Null ALL","sr":1,"ks":{"o":{"a":0,"k":0,"ix":11},"r":{"a":1,"k":[{"i":{"x":[0.667],"y":[1]},"o":{"x":[0.167],"y":[0]},"t":9,"s":[0]},{"i":{"x":[0.667],"y":[1]},"o":{"x":[0.333],"y":[0]},"t":21,"s":[0]},{"i":{"x":[0.356],"y":[1]},"o":{"x":[0.333],"y":[0]},"t":26,"s":[8]},{"i":{"x":[0.561],"y":[1]},"o":{"x":[0.333],"y":[0]},"t":41,"s":[0]},{"t":59,"s":[0],"h":1},{"i":{"x":[0.833],"y":[1]},"o":{"x":[0.75],"y":[0]},"t":80,"s":[0]},{"i":{"x":[0.292],"y":[1]},"o":{"x":[0.167],"y":[0]},"t":94,"s":[0]},{"t":107,"s":[0]}],"ix":10},"p":{"s":true,"x":{"a":1,"k":[{"i":{"x":[0.667],"y":[1]},"o":{"x":[0.167],"y":[0.167]},"t":9,"s":[512]},{"i":{"x":[0.833],"y":[0.833]},"o":{"x":[0.333],"y":[0]},"t":21,"s":[492]},{"i":{"x":[0],"y":[1]},"o":{"x":[0.167],"y":[0.167]},"t":26,"s":[376.452]},{"t":59,"s":[334],"h":1},{"i":{"x":[0.833],"y":[0.833]},"o":{"x":[0.75],"y":[0]},"t":80,"s":[334]},{"i":{"x":[0.292],"y":[1]},"o":{"x":[0.167],"y":[0]},"t":94,"s":[512]},{"t":107,"s":[512]}],"ix":3},"y":{"a":1,"k":[{"i":{"x":[0.667],"y":[1]},"o":{"x":[0.167],"y":[0.167]},"t":9,"s":[512]},{"i":{"x":[0.667],"y":[1]},"o":{"x":[0.333],"y":[0]},"t":21,"s":[522]},{"i":{"x":[0.356],"y":[1]},"o":{"x":[0.333],"y":[0]},"t":26,"s":[533.097]},{"i":{"x":[0.553],"y":[1]},"o":{"x":[0.333],"y":[0]},"t":41,"s":[525.116]},{"t":59,"s":[528],"h":1},{"i":{"x":[0.833],"y":[0.833]},"o":{"x":[0.75],"y":[0]},"t":80,"s":[528]},{"i":{"x":[0.292],"y":[1]},"o":{"x":[0.167],"y":[0]},"t":94,"s":[512]},{"t":107,"s":[512]}],"ix":4}},"a":{"a":0,"k":[0,0,0],"ix":1,"l":2},"s":{"a":1,"k":[{"i":{"x":[0.667,0.667,0.667],"y":[1,1,1]},"o":{"x":[0.167,0.167,0.167],"y":[0,0,8.333]},"t":9,"s":[100,100,100]},{"i":{"x":[0.749,0.749,0.667],"y":[0.787,0.787,1]},"o":{"x":[0.333,0.333,0.333],"y":[0,0,0]},"t":21,"s":[100,100,100]},{"i":{"x":[0.192,0.192,0.667],"y":[1,1,1]},"o":{"x":[0.063,0.063,0.333],"y":[0.901,0.901,0]},"t":26,"s":[80.616,80.616,100]},{"t":59,"s":[73,73,100],"h":1},{"i":{"x":[0.833,0.833,0.833],"y":[0.833,0.833,1]},"o":{"x":[0.75,0.75,0.333],"y":[0,0,0]},"t":80,"s":[73,73,100]},{"i":{"x":[0.292,0.292,0.667],"y":[1,1,1]},"o":{"x":[0.167,0.167,0.167],"y":[0.167,0.167,0.167]},"t":94,"s":[96,96,100]},{"t":107,"s":[100,100,100]}],"ix":6,"l":2}},"ao":0,"ip":0,"op":108,"st":0,"bm":0},{"ddd":0,"ind":4,"ty":4,"nm":"hat pompom","parent":6,"sr":1,"ks":{"o":{"a":0,"k":100,"ix":11},"r":{"a":0,"k":0,"ix":10},"p":{"a":0,"k":[356.25,38.65,0],"ix":2,"l":2},"a":{"a":0,"k":[356.25,38.65,0],"ix":1,"l":2},"s":{"a":0,"k":[100,100,100],"ix":6,"l":2}},"ao":0,"shapes":[{"ty":"gr","it":[{"ind":0,"ty":"sh","ix":1,"ks":{"a":0,"k":{"i":[[-21.208,0],[0,-21.208],[21.208,0],[0,21.207]],"o":[[21.208,0],[0,21.207],[-21.208,0],[0,-21.208]],"v":[[0,-38.4],[38.4,0],[0,38.4],[-38.4,0]],"c":true},"ix":2},"nm":"Path 1","mn":"ADBE Vector Shape - Group","hd":false},{"ty":"fl","c":{"a":0,"k":[0.788000009574,0.216000007181,0.216000007181,1],"ix":4},"o":{"a":0,"k":100,"ix":5},"r":1,"bm":0,"nm":"Fill 1","mn":"ADBE Vector Graphic - Fill","hd":false},{"ty":"tr","p":{"a":0,"k":[356.25,38.65],"ix":2},"a":{"a":0,"k":[0,0],"ix":1},"s":{"a":0,"k":[100,100],"ix":3},"r":{"a":0,"k":0,"ix":6},"o":{"a":0,"k":100,"ix":7},"sk":{"a":0,"k":0,"ix":4},"sa":{"a":0,"k":0,"ix":5},"nm":"Transform"}],"nm":"Group 1","np":2,"cix":2,"bm":0,"ix":1,"mn":"ADBE Vector Group","hd":false}],"ip":0,"op":108,"st":0,"bm":0},{"ddd":0,"ind":5,"ty":4,"nm":"hat matte","parent":6,"td":1,"sr":1,"ks":{"o":{"a":0,"k":100,"ix":11},"r":{"a":0,"k":0,"ix":10},"p":{"a":0,"k":[150.25,301.05,0],"ix":2,"l":2},"a":{"a":0,"k":[150.25,301.05,0],"ix":1,"l":2},"s":{"a":0,"k":[100,100,100],"ix":6,"l":2}},"ao":0,"shapes":[{"ty":"gr","it":[{"ind":0,"ty":"sh","ix":1,"ks":{"a":1,"k":[{"i":{"x":0.833,"y":0.833},"o":{"x":0.167,"y":0.167},"t":9,"s":[{"i":[[0,0],[173.5,-96.75],[-72,-60.5],[-45.5,-1.5]],"o":[[0,0],[5,19.25],[70.371,59.131],[38,-149.5]],"v":[[357.35,30.65],[0.35,230.9],[87.6,347.15],[255.85,428.65]],"c":true}]},{"i":{"x":0.833,"y":0.833},"o":{"x":0.167,"y":0.167},"t":21,"s":[{"i":[[0,0],[173.5,-96.75],[-72,-60.5],[-45.5,-1.5]],"o":[[0,0],[5,19.25],[70.371,59.131],[38,-149.5]],"v":[[357.35,30.65],[0.35,230.9],[87.6,347.15],[255.85,428.65]],"c":true}]},{"i":{"x":0,"y":1},"o":{"x":0.167,"y":0.167},"t":26,"s":[{"i":[[0,0],[173.5,-96.75],[-72,-60.5],[-45.5,-1.5]],"o":[[0,0],[5,19.25],[70.371,59.131],[38,-149.5]],"v":[[357.35,30.65],[0.35,230.9],[87.6,347.15],[255.85,428.65]],"c":true}]},{"t":59,"s":[{"i":[[0,0],[173.5,-96.75],[-50.973,-46.327],[-42.317,-18.807]],"o":[[0,0],[20.818,33.925],[54.182,49.244],[38,-149.5]],"v":[[357.35,30.65],[29.531,214.725],[121.074,324.288],[260.777,414.229]],"c":true}],"h":1},{"i":{"x":0.833,"y":0.833},"o":{"x":0.75,"y":0},"t":80,"s":[{"i":[[0,0],[173.5,-96.75],[-50.973,-46.327],[-42.317,-18.807]],"o":[[0,0],[20.818,33.925],[54.182,49.244],[38,-149.5]],"v":[[357.35,30.65],[29.531,214.725],[121.074,324.288],[260.777,414.229]],"c":true}]},{"i":{"x":0.292,"y":1},"o":{"x":0.167,"y":0.167},"t":94,"s":[{"i":[[0,0],[173.5,-96.75],[-72,-60.5],[-45.5,-1.5]],"o":[[0,0],[5,19.25],[70.371,59.131],[38,-149.5]],"v":[[357.35,30.65],[0.35,230.9],[87.6,347.15],[255.85,428.65]],"c":true}]},{"t":107,"s":[{"i":[[0,0],[173.5,-96.75],[-72,-60.5],[-45.5,-1.5]],"o":[[0,0],[5,19.25],[70.371,59.131],[38,-149.5]],"v":[[357.35,30.65],[0.35,230.9],[87.6,347.15],[255.85,428.65]],"c":true}]}],"ix":2},"nm":"Path 1","mn":"ADBE Vector Shape - Group","hd":false},{"ty":"fl","c":{"a":0,"k":[1,0.611999990426,0.611999990426,1],"ix":4},"o":{"a":0,"k":100,"ix":5},"r":1,"bm":0,"nm":"Fill 1","mn":"ADBE Vector Graphic - Fill","hd":false},{"ty":"tr","p":{"a":0,"k":[0,0],"ix":2},"a":{"a":0,"k":[0,0],"ix":1},"s":{"a":0,"k":[100,100],"ix":3},"r":{"a":0,"k":0,"ix":6},"o":{"a":0,"k":100,"ix":7},"sk":{"a":0,"k":0,"ix":4},"sa":{"a":0,"k":0,"ix":5},"nm":"Transform"}],"nm":"Shape 1","np":3,"cix":2,"bm":0,"ix":1,"mn":"ADBE Vector Group","hd":false}],"ip":0,"op":108,"st":0,"bm":0},{"ddd":0,"ind":6,"ty":4,"nm":"hat ","parent":3,"tt":1,"sr":1,"ks":{"o":{"a":0,"k":100,"ix":11},"r":{"a":1,"k":[{"i":{"x":[0.667],"y":[1]},"o":{"x":[0.167],"y":[0.167]},"t":9,"s":[0]},{"i":{"x":[0.833],"y":[0.833]},"o":{"x":[0.333],"y":[0]},"t":21,"s":[-7]},{"i":{"x":[0],"y":[1]},"o":{"x":[0.167],"y":[0]},"t":26,"s":[-16]},{"t":59,"s":[-16],"h":1},{"i":{"x":[0.833],"y":[0.833]},"o":{"x":[0.75],"y":[0]},"t":80,"s":[-16]},{"i":{"x":[0.292],"y":[1]},"o":{"x":[0.167],"y":[0.167]},"t":94,"s":[2]},{"t":107,"s":[0]}],"ix":10},"p":{"a":1,"k":[{"i":{"x":0.667,"y":1},"o":{"x":0.167,"y":0.167},"t":9,"s":[248.4,-197.6,0],"to":[0,0,0],"ti":[0,0,0]},{"i":{"x":0.833,"y":0.833},"o":{"x":0.333,"y":0},"t":21,"s":[245.4,-224.6,0],"to":[0,0,0],"ti":[0,0,0]},{"i":{"x":0,"y":1},"o":{"x":0.167,"y":0.167},"t":26,"s":[231.919,-205.786,0],"to":[0,0,0],"ti":[0,0,0]},{"t":59,"s":[190.181,-251.024,0],"h":1},{"i":{"x":0.833,"y":0.833},"o":{"x":0.75,"y":0},"t":80,"s":[190.181,-251.024,0],"to":[0,0,0],"ti":[0,0,0]},{"i":{"x":0.292,"y":1},"o":{"x":0.167,"y":0.167},"t":94,"s":[277.567,-146.558,0],"to":[0,0,0],"ti":[0,0,0]},{"t":107,"s":[248.4,-197.6,0]}],"ix":2,"l":2},"a":{"a":0,"k":[150.25,301.05,0],"ix":1,"l":2},"s":{"a":1,"k":[{"i":{"x":[0.667,0.667,0.667],"y":[1,1,1]},"o":{"x":[0.167,0.167,0.167],"y":[0.167,0.167,1.667]},"t":9,"s":[100,100,100]},{"i":{"x":[0.833,0.833,0.833],"y":[1,1,2.667]},"o":{"x":[0.333,0.333,0.333],"y":[0,0,0]},"t":21,"s":[90,90,100]},{"i":{"x":[0,0,0.667],"y":[1,1,1]},"o":{"x":[0.167,0.167,0.167],"y":[0,0,0.167]},"t":26,"s":[90,90,100]},{"t":59,"s":[90,90,100],"h":1},{"i":{"x":[0.833,0.833,0.833],"y":[0.833,0.833,1.167]},"o":{"x":[0.75,0.75,0.333],"y":[0,0,0]},"t":80,"s":[90,90,100]},{"i":{"x":[0.292,0.292,0.667],"y":[1,1,1]},"o":{"x":[0.167,0.167,0.167],"y":[0,0,0]},"t":94,"s":[100,100,100]},{"t":107,"s":[100,100,100]}],"ix":6,"l":2}},"ao":0,"shapes":[{"ty":"gr","it":[{"ind":0,"ty":"sh","ix":1,"ks":{"a":0,"k":{"i":[[-23.2,-24],[0,0],[0,0],[0,0]],"o":[[0,0],[0,0],[0,0],[3.2,8.8]],"v":[[-102.8,8.8],[127.6,41.6],[138.8,-1.6],[-138.8,-41.6]],"c":true},"ix":2},"nm":"Path 1","mn":"ADBE Vector Shape - Group","hd":false},{"ty":"fl","c":{"a":0,"k":[1,0.270999983245,0.270999983245,1],"ix":4},"o":{"a":0,"k":100,"ix":5},"r":1,"bm":0,"nm":"Fill 1","mn":"ADBE Vector Graphic - Fill","hd":false},{"ty":"tr","p":{"a":0,"k":[150.25,301.05],"ix":2},"a":{"a":0,"k":[0,0],"ix":1},"s":{"a":0,"k":[100,100],"ix":3},"r":{"a":0,"k":0,"ix":6},"o":{"a":0,"k":100,"ix":7},"sk":{"a":0,"k":0,"ix":4},"sa":{"a":0,"k":0,"ix":5},"nm":"Transform"}],"nm":"Group 6","np":2,"cix":2,"bm":0,"ix":1,"mn":"ADBE Vector Group","hd":false},{"ty":"gr","it":[{"ind":0,"ty":"sh","ix":1,"ks":{"a":0,"k":{"i":[[0,0],[0,0],[0,0],[0,0],[0,0]],"o":[[0,0],[0,0],[0,0],[0,0],[0,0]],"v":[[-142.4,-2.8],[-143.2,-2.8],[132.8,37.2],[143.2,-5.2],[-81.6,-37.2]],"c":true},"ix":2},"nm":"Path 1","mn":"ADBE Vector Shape - Group","hd":false},{"ty":"fl","c":{"a":0,"k":[1,0.270999983245,0.270999983245,1],"ix":4},"o":{"a":0,"k":100,"ix":5},"r":1,"bm":0,"nm":"Fill 1","mn":"ADBE Vector Graphic - Fill","hd":false},{"ty":"tr","p":{"a":0,"k":[166.65,220.65],"ix":2},"a":{"a":0,"k":[0,0],"ix":1},"s":{"a":0,"k":[100,100],"ix":3},"r":{"a":0,"k":0,"ix":6},"o":{"a":0,"k":100,"ix":7},"sk":{"a":0,"k":0,"ix":4},"sa":{"a":0,"k":0,"ix":5},"nm":"Transform"}],"nm":"Group 7","np":2,"cix":2,"bm":0,"ix":2,"mn":"ADBE Vector Group","hd":false},{"ty":"gr","it":[{"ind":0,"ty":"sh","ix":1,"ks":{"a":0,"k":{"i":[[0,0],[0,0],[0,0],[0,0]],"o":[[0,0],[0,0],[0,0],[0,0]],"v":[[-26,-31.2],[-92.4,6.4],[81.2,31.2],[92.4,-14.4]],"c":true},"ix":2},"nm":"Path 1","mn":"ADBE Vector Shape - Group","hd":false},{"ty":"fl","c":{"a":0,"k":[1,0.270999983245,0.270999983245,1],"ix":4},"o":{"a":0,"k":100,"ix":5},"r":1,"bm":0,"nm":"Fill 1","mn":"ADBE Vector Graphic - Fill","hd":false},{"ty":"tr","p":{"a":0,"k":[239.85,141.85],"ix":2},"a":{"a":0,"k":[0,0],"ix":1},"s":{"a":0,"k":[100,100],"ix":3},"r":{"a":0,"k":0,"ix":6},"o":{"a":0,"k":100,"ix":7},"sk":{"a":0,"k":0,"ix":4},"sa":{"a":0,"k":0,"ix":5},"nm":"Transform"}],"nm":"Group 8","np":2,"cix":2,"bm":0,"ix":3,"mn":"ADBE Vector Group","hd":false},{"ty":"gr","it":[{"ind":0,"ty":"sh","ix":1,"ks":{"a":0,"k":{"i":[[0,0],[0,0],[0,0],[0,0]],"o":[[0,0],[0,0],[0,0],[4.8,-20]],"v":[[40.4,-27.6],[-24.4,9.2],[-40.4,18],[26.8,27.6]],"c":true},"ix":2},"nm":"Path 1","mn":"ADBE Vector Shape - Group","hd":false},{"ty":"fl","c":{"a":0,"k":[1,0.270999983245,0.270999983245,1],"ix":4},"o":{"a":0,"k":100,"ix":5},"r":1,"bm":0,"nm":"Fill 1","mn":"ADBE Vector Graphic - Fill","hd":false},{"ty":"tr","p":{"a":0,"k":[316.65,57.45],"ix":2},"a":{"a":0,"k":[0,0],"ix":1},"s":{"a":0,"k":[100,100],"ix":3},"r":{"a":0,"k":0,"ix":6},"o":{"a":0,"k":100,"ix":7},"sk":{"a":0,"k":0,"ix":4},"sa":{"a":0,"k":0,"ix":5},"nm":"Transform"}],"nm":"Group 9","np":2,"cix":2,"bm":0,"ix":4,"mn":"ADBE Vector Group","hd":false},{"ty":"gr","it":[{"ind":0,"ty":"sh","ix":1,"ks":{"a":0,"k":{"i":[[-4.8,0],[0,0],[0,0],[0,0],[0,0]],"o":[[0,0],[0,0],[0,0],[0,0],[72.8,55.2]],"v":[[41.2,29.2],[69.2,33.2],[76.4,5.2],[80.4,-10.8],[-80.4,-33.2]],"c":true},"ix":2},"nm":"Path 1","mn":"ADBE Vector Shape - Group","hd":false},{"ty":"fl","c":{"a":0,"k":[1,0.270999983245,0.270999983245,1],"ix":4},"o":{"a":0,"k":100,"ix":5},"r":1,"bm":0,"nm":"Fill 1","mn":"ADBE Vector Graphic - Fill","hd":false},{"ty":"tr","p":{"a":0,"k":[187.05,395.85],"ix":2},"a":{"a":0,"k":[0,0],"ix":1},"s":{"a":0,"k":[100,100],"ix":3},"r":{"a":0,"k":0,"ix":6},"o":{"a":0,"k":100,"ix":7},"sk":{"a":0,"k":0,"ix":4},"sa":{"a":0,"k":0,"ix":5},"nm":"Transform"}],"nm":"Group 10","np":2,"cix":2,"bm":0,"ix":5,"mn":"ADBE Vector Group","hd":false},{"ty":"gr","it":[{"ind":0,"ty":"sh","ix":1,"ks":{"a":0,"k":{"i":[[0,0],[173.5,-96.75],[-72,-60.5],[-45.5,-1.5]],"o":[[0,0],[5,19.25],[70.371,59.131],[38,-149.5]],"v":[[357.35,30.65],[0.35,230.9],[87.6,347.15],[255.85,428.65]],"c":true},"ix":2},"nm":"Path 1","mn":"ADBE Vector Shape - Group","hd":false},{"ty":"fl","c":{"a":0,"k":[1,0.611999990426,0.611999990426,1],"ix":4},"o":{"a":0,"k":100,"ix":5},"r":1,"bm":0,"nm":"Fill 1","mn":"ADBE Vector Graphic - Fill","hd":false},{"ty":"tr","p":{"a":0,"k":[0,0],"ix":2},"a":{"a":0,"k":[0,0],"ix":1},"s":{"a":0,"k":[100,100],"ix":3},"r":{"a":0,"k":0,"ix":6},"o":{"a":0,"k":100,"ix":7},"sk":{"a":0,"k":0,"ix":4},"sa":{"a":0,"k":0,"ix":5},"nm":"Transform"}],"nm":"Shape 1","np":3,"cix":2,"bm":0,"ix":6,"mn":"ADBE Vector Group","hd":false}],"ip":0,"op":108,"st":0,"bm":0},{"ddd":0,"ind":7,"ty":3,"nm":"Null Face","parent":3,"sr":1,"ks":{"o":{"a":0,"k":0,"ix":11},"r":{"a":1,"k":[{"i":{"x":[0.667],"y":[1]},"o":{"x":[0.167],"y":[0]},"t":9,"s":[0]},{"i":{"x":[0.833],"y":[0.833]},"o":{"x":[0.333],"y":[0]},"t":21,"s":[0]},{"i":{"x":[0],"y":[1]},"o":{"x":[0.167],"y":[0.167]},"t":26,"s":[2]},{"t":59,"s":[6],"h":1},{"i":{"x":[0.833],"y":[0.833]},"o":{"x":[0.75],"y":[0]},"t":80,"s":[6]},{"i":{"x":[0.292],"y":[1]},"o":{"x":[0.167],"y":[0.167]},"t":94,"s":[3]},{"t":107,"s":[0]}],"ix":10},"p":{"a":1,"k":[{"i":{"x":0.667,"y":1},"o":{"x":0.167,"y":0.167},"t":9,"s":[0,84,0],"to":[0,0,0],"ti":[0,0,0]},{"i":{"x":0.833,"y":0.833},"o":{"x":0.333,"y":0},"t":21,"s":[10,44,0],"to":[0,0,0],"ti":[0,0,0]},{"i":{"x":0,"y":1},"o":{"x":0.167,"y":0.167},"t":26,"s":[105.748,84.777,0],"to":[0,0,0],"ti":[0,0,0]},{"t":59,"s":[78.082,10.027,0],"h":1},{"i":{"x":0.833,"y":0.833},"o":{"x":0.75,"y":0},"t":80,"s":[78.082,10.027,0],"to":[0,0,0],"ti":[0,0,0]},{"i":{"x":0.292,"y":1},"o":{"x":0.167,"y":0.167},"t":94,"s":[14.583,121.5,0],"to":[0,0,0],"ti":[0,0,0]},{"t":107,"s":[0,84,0]}],"ix":2,"l":2},"a":{"a":0,"k":[0,0,0],"ix":1,"l":2},"s":{"a":1,"k":[{"i":{"x":[0.667,0.667,0.667],"y":[1,1,1]},"o":{"x":[0.167,0.167,0.167],"y":[0,0,0]},"t":9,"s":[100,100,100]},{"i":{"x":[0.833,0.833,0.833],"y":[1,1,1.167]},"o":{"x":[0.333,0.333,0.333],"y":[0,0,0]},"t":21,"s":[100,100,100]},{"i":{"x":[0.833,0.833,0.833],"y":[0.833,0.833,0.833]},"o":{"x":[0.167,0.167,0.167],"y":[0.167,0.167,0.167]},"t":26,"s":[100,100,100]},{"i":{"x":[0.292,0.292,0.667],"y":[1,1,1]},"o":{"x":[0.167,0.167,0.167],"y":[0,0,0]},"t":94,"s":[100,100,100]},{"t":107,"s":[100,100,100]}],"ix":6,"l":2}},"ao":0,"ip":0,"op":108,"st":0,"bm":0},{"ddd":0,"ind":8,"ty":4,"nm":"eyes","parent":7,"sr":1,"ks":{"o":{"a":0,"k":100,"ix":11},"r":{"a":0,"k":0,"ix":10},"p":{"a":0,"k":[0.909,-114.578,0],"ix":2,"l":2},"a":{"a":0,"k":[1.956,-5.578,0],"ix":1,"l":2},"s":{"a":0,"k":[100,100,100],"ix":6,"l":2}},"ao":0,"shapes":[{"ty":"gr","it":[{"ind":0,"ty":"sh","ix":1,"ks":{"a":0,"k":{"i":[[16.965,23.368],[13.424,1.736],[0.64,0],[0,0],[7.799,-8.951],[16.201,11.913],[-9.756,17.202],[-28.548,2.81],[-12.543,-5.056],[-4.674,-31.294]],"o":[[-8.294,-9.742],[0,0],[0,0],[-10.043,-2.153],[-10.416,16.019],[-19.536,-13.327],[13.477,-25.028],[13.313,-0.346],[29.868,10.829],[4.754,30.117]],"v":[[-112.501,36.729],[-145.621,9.769],[-146.261,9.769],[-144.821,9.769],[-176.661,31.609],[-224.582,42.728],[-224.261,-13.352],[-156.901,-59.751],[-117.381,-54.871],[-58.18,16.328]],"c":true},"ix":2},"nm":"Path 1","mn":"ADBE Vector Shape - Group","hd":false},{"ind":1,"ty":"sh","ix":2,"ks":{"a":0,"k":{"i":[[17.262,22.893],[14.294,1.472],[0,0],[6.922,-6.719],[5.259,-6.041],[13.2,9.44],[-8.96,17.612],[-26.636,4.271],[-3.771,-0.053],[-5.356,-1.369],[-5.598,-36.565]],"o":[[-8.548,-10.247],[0,0],[-6.675,-1.221],[-6.547,6.553],[-10.88,12.08],[-19.566,-13.357],[13.204,-23.267],[3.725,-0.734],[5.525,0.044],[36.698,6.012],[4.858,30.234]],"v":[[184.619,36.729],[151.419,9.769],[152.619,9.769],[130.619,21.129],[115.179,38.169],[72.859,42.729],[72.619,-13.752],[135.899,-59.111],[148.539,-59.751],[165.819,-58.711],[239.26,16.008]],"c":true},"ix":2},"nm":"Path 2","mn":"ADBE Vector Shape - Group","hd":false},{"ty":"fl","c":{"a":0,"k":[0.258823529412,0.16862745098,0.050980392157,1],"ix":4},"o":{"a":0,"k":100,"ix":5},"r":1,"bm":0,"nm":"Fill 1","mn":"ADBE Vector Graphic - Fill","hd":false},{"ty":"tr","p":{"a":0,"k":[0,0],"ix":2},"a":{"a":0,"k":[0,0],"ix":1},"s":{"a":0,"k":[100,100],"ix":3},"r":{"a":0,"k":0,"ix":6},"o":{"a":0,"k":100,"ix":7},"sk":{"a":0,"k":0,"ix":4},"sa":{"a":0,"k":0,"ix":5},"nm":"Transform"}],"nm":"Shape 1","np":4,"cix":2,"bm":0,"ix":1,"mn":"ADBE Vector Group","hd":false}],"ip":0,"op":108,"st":-25,"bm":0},{"ddd":0,"ind":9,"ty":4,"nm":"mouth","parent":7,"sr":1,"ks":{"o":{"a":0,"k":100,"ix":11},"r":{"a":0,"k":0,"ix":10},"p":{"a":0,"k":[28.48,138.665,0],"ix":2,"l":2},"a":{"a":0,"k":[0.48,0.665,0],"ix":1,"l":2},"s":{"a":0,"k":[100,100,100],"ix":6,"l":2}},"ao":0,"shapes":[{"ty":"gr","it":[{"ind":0,"ty":"sh","ix":1,"ks":{"a":0,"k":{"i":[[14.24,12.16],[-1.44,15.52],[10.4,11.84],[0,0],[-2,-16],[-9.28,-2.08],[-0.8,-20.8],[2.88,-24.72],[0,-17.04],[14.08,-2.96],[1.84,-13.84],[-32.64,4.96],[0,17.28]],"o":[[11.76,-10.16],[2.24,-15.6],[-18.64,-24.48],[-13.92,0.56],[2.64,9.2],[20.48,4.88],[0.96,23.36],[-2.88,24.72],[0,13.04],[-12.08,2.48],[-1.84,13.84],[51.36,-8],[0.32,-18.72]],"v":[[34.96,0.4],[55.52,-39.6],[42.72,-82.8],[-27.76,-101.2],[-55.76,-78],[-36.4,-59.68],[14.08,-38.88],[-23.68,-0.4],[14.08,38.08],[-13.36,56.32],[-50.48,76.4],[-11.76,102.32],[56.88,49.12]],"c":true},"ix":2},"nm":"Path 1","mn":"ADBE Vector Shape - Group","hd":false},{"ty":"fl","c":{"a":0,"k":[0.258823529412,0.16862745098,0.050980392157,1],"ix":4},"o":{"a":0,"k":100,"ix":5},"r":1,"bm":0,"nm":"Fill 1","mn":"ADBE Vector Graphic - Fill","hd":false},{"ty":"tr","p":{"a":0,"k":[0,0],"ix":2},"a":{"a":0,"k":[0,0],"ix":1},"s":{"a":0,"k":[100,100],"ix":3},"r":{"a":0,"k":0,"ix":6},"o":{"a":0,"k":100,"ix":7},"sk":{"a":0,"k":0,"ix":4},"sa":{"a":0,"k":0,"ix":5},"nm":"Transform"}],"nm":"Shape 1","np":3,"cix":2,"bm":0,"ix":1,"mn":"ADBE Vector Group","hd":false}],"ip":0,"op":108,"st":0,"bm":0},{"ddd":0,"ind":10,"ty":4,"nm":"horn straight","parent":7,"sr":1,"ks":{"o":{"a":0,"k":100,"ix":11},"r":{"a":0,"k":0,"ix":10},"p":{"a":0,"k":[62.415,146.958,0],"ix":2,"l":2},"a":{"a":0,"k":[15.145,181.214,0],"ix":1,"l":2},"s":{"a":0,"k":[100,100,100],"ix":6,"l":2}},"ao":0,"shapes":[{"ty":"gr","it":[{"ind":0,"ty":"sh","ix":1,"ks":{"a":0,"k":{"i":[[0,0],[0,0],[0,0],[0,12.8],[0,0],[6.24,-5.84]],"o":[[0,0],[0,0],[0,-12],[-24,-0.8],[0,0],[0,0]],"v":[[-51.16,1.84],[-39.96,19.76],[51.64,19.2],[50.04,-17.6],[-38.76,-19.76],[-51.64,1.84]],"c":true},"ix":2},"nm":"Path 1","mn":"ADBE Vector Shape - Group","hd":false},{"ty":"fl","c":{"a":0,"k":[0.497999991623,0,0.6,1],"ix":4},"o":{"a":0,"k":100,"ix":5},"r":1,"bm":0,"nm":"Fill 1","mn":"ADBE Vector Graphic - Fill","hd":false},{"ty":"tr","p":{"a":0,"k":[51.89,180.417],"ix":2},"a":{"a":0,"k":[0,0],"ix":1},"s":{"a":0,"k":[100,100],"ix":3},"r":{"a":0,"k":0,"ix":6},"o":{"a":0,"k":100,"ix":7},"sk":{"a":0,"k":0,"ix":4},"sa":{"a":0,"k":0,"ix":5},"nm":"Transform"}],"nm":"Group 1","np":2,"cix":2,"bm":0,"ix":1,"mn":"ADBE Vector Group","hd":false},{"ty":"gr","it":[{"ind":0,"ty":"sh","ix":1,"ks":{"a":1,"k":[{"i":{"x":0.833,"y":0.833},"o":{"x":0.167,"y":0.167},"t":26,"s":[{"i":[[0,0],[-45.596,-14.67],[48.369,9.928],[-27.173,-7.68],[118.908,32.662],[152.839,12.926]],"o":[[162.458,5.704],[120.33,38.716],[-30.635,-6.288],[105.179,29.725],[-45.981,-12.63],[0,0]],"v":[[-151.681,63.355],[108.812,95.783],[180.858,42.461],[185.992,2.822],[135.991,139.982],[-144.741,100.097]],"c":false}]},{"i":{"x":0.833,"y":0.833},"o":{"x":0.167,"y":0.167},"t":27,"s":[{"i":[[0,0],[-64.56,-21.336],[12.919,26.401],[-12.111,-29.371],[118.611,38.813],[153.446,14.1]],"o":[[163.161,6.915],[98.281,32.137],[-12.919,-26.401],[15.173,36.798],[-82.147,-28.797],[0,0]],"v":[[-151.397,62.553],[207.517,122.561],[299.001,81.757],[337.496,71.701],[221.071,164.774],[-144.693,99.514]],"c":false}]},{"i":{"x":0.833,"y":0.833},"o":{"x":0.167,"y":0.167},"t":28,"s":[{"i":[[0,0],[-83.525,-28.002],[-3.016,25.199],[-0.684,-32.135],[118.313,44.964],[154.053,15.274]],"o":[[163.864,8.126],[76.233,25.557],[3.016,-25.199],[0.684,32.135],[-118.313,-44.964],[0,0]],"v":[[-151.112,61.751],[306.221,149.339],[430.794,139.417],[468.402,141.637],[306.151,189.566],[-144.645,98.931]],"c":false}]},{"i":{"x":0.833,"y":0.833},"o":{"x":0.167,"y":0.167},"t":29,"s":[{"i":[[0,0],[-91.202,-29.647],[-16.32,19.144],[15.063,-22.321],[118.714,42.897],[153.749,14.687]],"o":[[163.513,7.52],[92.29,29.799],[16.32,-19.144],[-15.063,22.321],[-118.714,-42.897],[0,0]],"v":[[-151.254,62.152],[304.877,147.064],[450.917,142.407],[479.522,168.742],[301.917,186.173],[-144.669,99.223]],"c":false}]},{"i":{"x":0.833,"y":0.833},"o":{"x":0.167,"y":0.167},"t":30,"s":[{"i":[[0,0],[-98.879,-31.292],[-23.294,6.084],[31.725,-8.253],[119.115,40.83],[153.446,14.1]],"o":[[163.161,6.915],[108.348,34.04],[29.015,-7.578],[-26.156,6.805],[-119.115,-40.83],[0,0]],"v":[[-151.397,62.553],[303.533,144.789],[474.267,167.295],[483.391,203.073],[297.684,182.781],[-144.693,99.514]],"c":false}]},{"i":{"x":0.833,"y":0.833},"o":{"x":0.167,"y":0.167},"t":31,"s":[{"i":[[0,0],[-106.556,-32.937],[-20.074,-10.129],[30.48,14.806],[119.516,38.762],[153.143,13.513]],"o":[[162.809,6.309],[124.405,38.281],[20.074,10.129],[-26.197,-12.725],[-119.516,-38.762],[0,0]],"v":[[-151.539,62.954],[302.189,142.513],[506.469,222.017],[488.326,252.513],[293.45,179.388],[-144.717,99.806]],"c":false}]},{"i":{"x":0.833,"y":0.833},"o":{"x":0.167,"y":0.167},"t":32,"s":[{"i":[[0,0],[-114.234,-34.582],[-15.306,-19.95],[22.731,22.306],[119.917,36.695],[152.839,12.926]],"o":[[162.458,5.704],[140.462,42.522],[15.306,19.95],[-22.731,-22.306],[-119.917,-36.695],[0,0]],"v":[[-151.681,63.355],[300.845,140.238],[522.072,252.721],[493.878,277.182],[289.217,175.995],[-144.741,100.097]],"c":false}]},{"i":{"x":0.833,"y":0.833},"o":{"x":0.167,"y":0.167},"t":35,"s":[{"i":[[0,0],[-114.234,-34.582],[-24.576,5.32],[29.559,-11.855],[101.5,29.989],[152.839,12.926]],"o":[[162.458,5.704],[140.462,42.522],[24.576,-5.32],[-71.511,28.68],[-120.267,-35.533],[0,0]],"v":[[-151.681,63.355],[300.845,140.238],[506.608,154.923],[516.684,190.865],[289.217,175.995],[-144.741,100.097]],"c":false}]},{"i":{"x":0.833,"y":0.833},"o":{"x":0.167,"y":0.167},"t":40,"s":[{"i":[[0,0],[-114.234,-34.582],[-15.306,-19.95],[22.731,22.306],[119.917,36.695],[152.839,12.926]],"o":[[162.458,5.704],[140.462,42.522],[15.306,19.95],[-22.731,-22.306],[-119.917,-36.695],[0,0]],"v":[[-151.681,63.355],[300.845,140.238],[522.072,252.721],[493.878,277.182],[289.217,175.995],[-144.741,100.097]],"c":false}]},{"i":{"x":0.833,"y":0.833},"o":{"x":0.167,"y":0.167},"t":45,"s":[{"i":[[0,0],[-114.234,-34.582],[-24.576,5.32],[29.559,-11.854],[101.5,29.989],[152.839,12.926]],"o":[[162.458,5.704],[140.462,42.522],[24.576,-5.32],[-71.511,28.68],[-120.267,-35.533],[0,0]],"v":[[-151.681,63.355],[300.845,140.238],[506.608,154.923],[516.684,190.865],[289.217,175.995],[-144.741,100.097]],"c":false}]},{"i":{"x":0.833,"y":0.833},"o":{"x":0.167,"y":0.167},"t":50,"s":[{"i":[[0,0],[-114.234,-34.582],[-15.306,-19.95],[22.731,22.306],[119.917,36.695],[152.839,12.926]],"o":[[162.458,5.704],[140.462,42.522],[15.306,19.95],[-22.731,-22.306],[-119.917,-36.695],[0,0]],"v":[[-151.681,63.355],[300.845,140.238],[522.072,252.721],[493.878,277.182],[289.217,175.995],[-144.741,100.097]],"c":false}]},{"i":{"x":0.833,"y":0.833},"o":{"x":0.167,"y":0.167},"t":55,"s":[{"i":[[0,0],[-114.234,-34.582],[-24.576,5.32],[29.559,-11.854],[101.5,29.989],[152.839,12.926]],"o":[[162.458,5.704],[140.462,42.522],[24.576,-5.32],[-71.511,28.68],[-120.267,-35.533],[0,0]],"v":[[-151.681,63.355],[300.845,140.238],[506.608,154.923],[516.684,190.865],[289.217,175.995],[-144.741,100.097]],"c":false}]},{"i":{"x":0.833,"y":0.833},"o":{"x":0.167,"y":0.167},"t":60,"s":[{"i":[[0,0],[-114.234,-34.582],[-15.306,-19.95],[22.731,22.306],[119.917,36.695],[152.839,12.926]],"o":[[162.458,5.704],[140.462,42.522],[15.306,19.95],[-22.731,-22.306],[-119.917,-36.695],[0,0]],"v":[[-151.681,63.355],[300.845,140.238],[522.072,252.721],[493.878,277.182],[289.217,175.995],[-144.741,100.097]],"c":false}]},{"i":{"x":0.833,"y":0.833},"o":{"x":0.167,"y":0.167},"t":65,"s":[{"i":[[0,0],[-114.234,-34.582],[-24.576,5.32],[29.559,-11.854],[101.5,29.989],[152.839,12.926]],"o":[[162.458,5.704],[140.462,42.522],[24.576,-5.32],[-71.511,28.68],[-120.267,-35.533],[0,0]],"v":[[-151.681,63.355],[300.845,140.238],[506.608,154.923],[516.684,190.865],[289.217,175.995],[-144.741,100.097]],"c":false}]},{"i":{"x":0.833,"y":0.833},"o":{"x":0.167,"y":0.167},"t":70,"s":[{"i":[[0,0],[-114.234,-34.582],[-15.306,-19.95],[22.731,22.306],[119.917,36.695],[152.839,12.926]],"o":[[162.458,5.704],[140.462,42.522],[15.306,19.95],[-22.731,-22.306],[-119.917,-36.695],[0,0]],"v":[[-151.681,63.355],[300.845,140.238],[522.072,252.721],[493.878,277.182],[289.217,175.995],[-144.741,100.097]],"c":false}]},{"i":{"x":0.833,"y":0.833},"o":{"x":0.167,"y":0.167},"t":75,"s":[{"i":[[0,0],[-114.234,-34.582],[-24.576,5.32],[29.559,-11.854],[101.5,29.989],[152.839,12.926]],"o":[[162.458,5.704],[140.462,42.522],[24.576,-5.32],[-71.511,28.68],[-120.267,-35.533],[0,0]],"v":[[-151.681,63.355],[300.845,140.238],[506.608,154.923],[516.684,190.865],[289.217,175.995],[-144.741,100.097]],"c":false}]},{"i":{"x":0.833,"y":0.833},"o":{"x":0.167,"y":0.167},"t":80,"s":[{"i":[[0,0],[-114.234,-34.582],[-15.306,-19.95],[22.731,22.306],[119.917,36.695],[152.839,12.926]],"o":[[162.458,5.704],[140.462,42.522],[15.306,19.95],[-22.731,-22.306],[-119.917,-36.695],[0,0]],"v":[[-151.681,63.355],[300.845,140.238],[522.072,252.721],[493.878,277.182],[289.217,175.995],[-144.741,100.097]],"c":false}]},{"i":{"x":0.833,"y":0.833},"o":{"x":0.167,"y":0.167},"t":85,"s":[{"i":[[0,0],[-114.234,-34.582],[-24.576,5.32],[29.559,-11.854],[101.5,29.989],[152.839,12.926]],"o":[[162.458,5.704],[140.462,42.522],[24.576,-5.32],[-71.511,28.68],[-120.267,-35.533],[0,0]],"v":[[-151.681,63.355],[300.845,140.238],[506.608,154.923],[516.684,190.865],[289.217,175.995],[-144.741,100.097]],"c":false}]},{"i":{"x":0.833,"y":0.833},"o":{"x":0.167,"y":0.167},"t":90,"s":[{"i":[[0,0],[-80.611,-20.697],[-13.748,24.608],[10.265,-30.291],[101.485,30.039],[152.839,12.926]],"o":[[162.458,5.704],[80.611,20.697],[13.748,-24.608],[-10.265,30.291],[-89.821,-26.563],[0,0]],"v":[[-151.681,63.355],[222.423,122.084],[354.324,91.472],[391.091,113.208],[226.643,161.288],[-144.741,100.097]],"c":false}]},{"t":93,"s":[{"i":[[0,0],[-45.596,-14.67],[29.049,39.928],[-15.323,-23.719],[101.464,30.113],[152.839,12.926]],"o":[[162.458,5.704],[120.33,38.716],[-26.581,-36.536],[59.31,91.806],[-45.713,-13.567],[0,0]],"v":[[-151.681,63.355],[108.812,95.783],[174.76,20.194],[208.628,-5.291],[135.991,139.982],[-144.741,100.097]],"c":false}]}],"ix":2},"nm":"Path 2","mn":"ADBE Vector Shape - Group","hd":false},{"ty":"gf","o":{"a":0,"k":100,"ix":10},"r":1,"bm":0,"g":{"p":3,"k":{"a":0,"k":[0,0,0.251,0.329,0.5,0.135,0.447,0.665,1,0.271,0.643,1],"ix":9}},"s":{"a":0,"k":[-145.5,0],"ix":5},"e":{"a":0,"k":[148,0],"ix":6},"t":1,"nm":"Gradient Fill 1","mn":"ADBE Vector Graphic - G-Fill","hd":false},{"ty":"tr","p":{"a":0,"k":[248.291,100.054],"ix":2},"a":{"a":0,"k":[0,0],"ix":1},"s":{"a":0,"k":[100,100],"ix":3},"r":{"a":0,"k":0,"ix":6},"o":{"a":0,"k":100,"ix":7},"sk":{"a":0,"k":0,"ix":4},"sa":{"a":0,"k":0,"ix":5},"nm":"Transform"}],"nm":"Group 2","np":2,"cix":2,"bm":0,"ix":2,"mn":"ADBE Vector Group","hd":false}],"ip":26,"op":94,"st":0,"bm":0},{"ddd":0,"ind":11,"ty":4,"nm":"horn ","parent":7,"sr":1,"ks":{"o":{"a":1,"k":[{"t":0,"s":[100],"h":1},{"t":26,"s":[0],"h":1},{"t":94,"s":[100],"h":1}],"ix":11},"r":{"a":0,"k":0,"ix":10},"p":{"a":0,"k":[62.415,146.958,0],"ix":2,"l":2},"a":{"a":0,"k":[15.145,181.214,0],"ix":1,"l":2},"s":{"a":0,"k":[100,100,100],"ix":6,"l":2}},"ao":0,"shapes":[{"ty":"gr","it":[{"ind":0,"ty":"sh","ix":1,"ks":{"a":1,"k":[{"i":{"x":0.667,"y":1},"o":{"x":0.167,"y":0.167},"t":9,"s":[{"i":[[0,0],[0,0],[0,0],[0,12.8],[0,0],[6.24,-5.84]],"o":[[0,0],[0,0],[0,-12],[-24,-0.8],[0,0],[0,0]],"v":[[-51.16,1.84],[-39.96,19.76],[51.64,19.2],[50.04,-17.6],[-38.76,-19.76],[-51.64,1.84]],"c":true}]},{"i":{"x":0.833,"y":0.833},"o":{"x":0.167,"y":0},"t":21,"s":[{"i":[[0,0],[0,0],[0,0],[0,12.8],[0,0],[6.24,-5.84]],"o":[[0,0],[0,0],[0,-12],[-24,-0.8],[0,0],[0,0]],"v":[[-51.16,1.84],[-39.96,19.76],[51.64,19.2],[50.04,-17.6],[-38.76,-19.76],[-51.64,1.84]],"c":true}]},{"i":{"x":0.667,"y":1},"o":{"x":0.167,"y":0.167},"t":94,"s":[{"i":[[0,0],[0,0],[0,0],[0,12.8],[0,0],[6.24,-5.84]],"o":[[0,0],[0,0],[0,-12],[-24,-0.8],[0,0],[0,0]],"v":[[-51.16,1.84],[-39.96,19.76],[51.64,19.2],[50.04,-17.6],[-38.76,-19.76],[-51.64,1.84]],"c":true}]},{"i":{"x":0.667,"y":1},"o":{"x":0.333,"y":0},"t":103,"s":[{"i":[[0,0],[0,0],[0,0],[0,12.8],[0,0],[6.24,-5.84]],"o":[[0,0],[0,0],[0,-12],[-24,-0.8],[0,0],[0,0]],"v":[[-51.16,1.84],[-39.96,19.76],[51.64,19.2],[50.04,-17.6],[-38.76,-19.76],[-51.64,1.84]],"c":true}]},{"t":107,"s":[{"i":[[0,0],[0,0],[0,0],[0,12.8],[0,0],[6.24,-5.84]],"o":[[0,0],[0,0],[0,-12],[-24,-0.8],[0,0],[0,0]],"v":[[-51.16,1.84],[-39.96,19.76],[51.64,19.2],[50.04,-17.6],[-38.76,-19.76],[-51.64,1.84]],"c":true}]}],"ix":2},"nm":"Path 1","mn":"ADBE Vector Shape - Group","hd":false},{"ty":"fl","c":{"a":0,"k":[0.497999991623,0,0.6,1],"ix":4},"o":{"a":0,"k":100,"ix":5},"r":1,"bm":0,"nm":"Fill 1","mn":"ADBE Vector Graphic - Fill","hd":false},{"ty":"tr","p":{"a":0,"k":[51.89,180.417],"ix":2},"a":{"a":0,"k":[0,0],"ix":1},"s":{"a":0,"k":[100,100],"ix":3},"r":{"a":0,"k":0,"ix":6},"o":{"a":0,"k":100,"ix":7},"sk":{"a":0,"k":0,"ix":4},"sa":{"a":0,"k":0,"ix":5},"nm":"Transform"}],"nm":"Group 1","np":2,"cix":2,"bm":0,"ix":1,"mn":"ADBE Vector Group","hd":false},{"ty":"gr","it":[{"ind":0,"ty":"sh","ix":1,"ks":{"a":1,"k":[{"i":{"x":0.667,"y":1},"o":{"x":0.167,"y":0.167},"t":9,"s":[{"i":[[13.702,-25.313],[0.159,-0.24],[-31.28,-16.88],[-13.84,3.36],[-6.56,13.04],[8.08,14.56],[14.32,1.12],[0.16,-8.239],[-7.36,-1.119],[-1.841,-3.68],[1.76,-6.081],[5.92,-1.2],[5.84,3.198],[2.8,8.56],[-3.92,8.24],[-11.76,3.361],[-10.96,-5.44],[-4.64,-15.68],[7.92,-14.399],[43.2,0],[0,0],[0,0],[0,0],[-24,44.8],[7.521,22.96],[21.76,11.201],[12.217,0.001]],"o":[[-0.16,0.24],[-16.641,31.36],[12.4,6.959],[14.24,-3.2],[7.12,-15.04],[-6.56,-12.8],[-8.24,-0.16],[-0.08,7.441],[4.08,0.241],[2.799,5.68],[-2.72,5.359],[-6.48,1.68],[-8,-4.241],[-2.4,-8.8],[5.6,-10.88],[11.76,-3.358],[14.32,7.84],[4.88,15.761],[-15.2,28.8],[-24.8,0],[0,0],[0,0],[50.4,0],[12.641,-20.64],[-6.8,-23.52],[-11.487,-6.243],[-26.923,-0.002]],"v":[[-3.961,-60.117],[-4.359,-59.397],[22.039,27.803],[62.84,33.403],[95.64,7.803],[94.039,-39.397],[60.44,-61.797],[45.32,-47.158],[58.039,-32.198],[67.641,-25.797],[69.24,-7.396],[55.64,3.003],[36.44,0.604],[19.64,-19.397],[22.039,-45.797],[49.24,-68.198],[84.44,-64.997],[114.039,-28.197],[109.24,19.002],[21.24,67.003],[-151.16,63.002],[-149.401,99.803],[19.64,97.403],[135.64,32.603],[143.64,-36.197],[98.84,-90.597],[62.739,-99.802]],"c":true}]},{"i":{"x":0.833,"y":0.833},"o":{"x":0.167,"y":0},"t":21,"s":[{"i":[[13.702,-25.313],[0.159,-0.24],[-31.28,-16.88],[-13.84,3.36],[-6.56,13.04],[8.08,14.56],[14.32,1.12],[0.16,-8.239],[-7.36,-1.119],[-1.841,-3.68],[1.76,-6.081],[5.92,-1.2],[5.84,3.198],[2.8,8.56],[-3.92,8.24],[-11.76,3.361],[-10.96,-5.44],[-4.64,-15.68],[7.92,-14.399],[43.2,0],[0,0],[0,0],[0,0],[-24,44.8],[7.521,22.96],[21.76,11.201],[12.217,0.001]],"o":[[-0.16,0.24],[-16.641,31.36],[12.4,6.959],[14.24,-3.2],[7.12,-15.04],[-6.56,-12.8],[-8.24,-0.16],[-0.08,7.441],[4.08,0.241],[2.799,5.68],[-2.72,5.359],[-6.48,1.68],[-8,-4.241],[-2.4,-8.8],[5.6,-10.88],[11.76,-3.358],[14.32,7.84],[4.88,15.761],[-15.2,28.8],[-24.8,0],[0,0],[0,0],[50.4,0],[12.641,-20.64],[-6.8,-23.52],[-11.487,-6.243],[-26.923,-0.002]],"v":[[-3.961,-60.117],[-4.359,-59.397],[22.039,27.803],[62.84,33.403],[95.64,7.803],[94.039,-39.397],[60.44,-61.797],[45.32,-47.158],[58.039,-32.198],[67.641,-25.797],[69.24,-7.396],[55.64,3.003],[36.44,0.604],[19.64,-19.397],[22.039,-45.797],[49.24,-68.198],[84.44,-64.997],[114.039,-28.197],[109.24,19.002],[21.24,67.003],[-151.16,63.002],[-149.401,99.803],[19.64,97.403],[135.64,32.603],[143.64,-36.197],[98.84,-90.597],[62.739,-99.802]],"c":true}]},{"i":{"x":0.833,"y":0.833},"o":{"x":0.167,"y":0.167},"t":23,"s":[{"i":[[21.012,-19.693],[0.227,-0.178],[-24.121,-25.853],[-14.231,-1.236],[-10.378,10.324],[3.157,16.427],[13.336,5.42],[2.716,-7.759],[-6.627,-3.351],[-0.64,-4.067],[3.615,-5.253],[6.03,0.723],[4.563,4.911],[-0.067,9.025],[-6.328,6.581],[-12.215,-0.532],[-8.765,-8.685],[0.564,-16.334],[12.23,-11.349],[43.435,-0.114],[0,0],[0,0],[-1.131,0.151],[-36.79,34.597],[-0.136,24.148],[17.166,17.561],[11.583,3.864]],"o":[[-0.228,0.177],[-25.715,24.503],[9.618,10.62],[14.553,1.511],[11.573,-12.075],[-2.287,-14.295],[-7.768,-2.689],[-2.392,7.027],[3.792,1.498],[0.989,6.281],[-4.281,4.28],[-6.702,-0.453],[-6.245,-6.563],[0.515,-9.122],[8.757,-8.556],[12.214,0.531],[11.134,11.975],[-0.362,16.487],[-23.534,22.447],[-25.037,0.076],[0,0],[0,0],[50.731,-0.167],[18.619,-15.709],[0.997,-24.45],[-8.922,-9.554],[-25.526,-8.515]],"v":[[29.703,-70.443],[29.097,-69.885],[26.373,21.117],[63.393,39.486],[102.762,25.585],[116.155,-19.85],[90.967,-51.606],[72.081,-42.438],[79.48,-24.301],[86.74,-15.315],[82.583,2.718],[66.332,8.367],[48.776,0.012],[39.175,-24.328],[49.817,-48.629],[82.705,-61.29],[115.248,-47.069],[131.687,-2.731],[112.1,40.81],[19.832,66.906],[-151.16,63.002],[-149.401,99.803],[18.412,97.295],[132.758,62.155],[162.281,-0.948],[137.013,-66.814],[105.518,-87.018]],"c":true}]},{"i":{"x":0.833,"y":0.833},"o":{"x":0.167,"y":0.167},"t":24,"s":[{"i":[[24.127,-14.515],[0.253,-0.123],[-4.778,-19.011],[-9.444,-6.203],[-10.561,2.616],[-6.16,9.533],[1.012,13.7],[6.515,-1.141],[-0.034,-7.095],[1.702,-2.422],[4.832,-1.615],[4.15,3.178],[1.227,5.637],[-2.882,8.012],[-9.018,4.347],[-11.685,-3.56],[-6.797,-12.398],[3.173,-15.81],[14.519,-11.014],[43.435,-0.114],[0,0],[0,0],[-1.131,0.151],[-30.745,23.183],[-3.698,22.623],[11.24,16.83],[14.588,8.069]],"o":[[-0.254,0.123],[-29.61,18.148],[4.778,19.011],[9.605,6.34],[11.159,-3.492],[6.16,-9.533],[-0.924,-7.776],[-5.886,1.031],[0.318,3.877],[-2.628,3.741],[-4.788,0.674],[-4.766,-3.273],[-1.75,-7.598],[3.311,-7.959],[10.233,-5.334],[11.685,3.56],[7.981,14.043],[-3.001,15.991],[-20.171,16.563],[-25.037,0.076],[0,0],[0,0],[50.731,-0.167],[21.66,-13.739],[4.128,-22.775],[-7.117,-12.827],[-21.559,-10.394]],"v":[[43.2,-81.812],[42.506,-81.404],[15.715,-10.341],[36.169,23.44],[70.143,31.763],[100.78,15.302],[108.682,-17.663],[94.409,-29.631],[84.18,-15.434],[79.601,-2.844],[67.466,4.582],[52.983,0.747],[43.555,-15.652],[45.64,-39.483],[64.261,-58.388],[98.914,-61.685],[126.926,-38.181],[135.803,7.622],[109.739,46.861],[16.841,67.298],[-151.16,63.002],[-149.401,99.803],[15.422,97.686],[126.497,71.557],[165.299,14.275],[152.389,-54.024],[120.34,-86.42]],"c":true}]},{"i":{"x":0.833,"y":0.833},"o":{"x":0.167,"y":0.167},"t":25,"s":[{"i":[[27.242,-9.336],[0.28,-0.069],[4.751,-18.456],[-4.657,-11.169],[-10.745,-5.091],[-8.551,1.74],[-12.184,7.667],[4.716,6.733],[6.589,-3.426],[4.043,-0.777],[6.048,2.023],[2.269,5.633],[-2.108,6.363],[-5.697,7],[-11.709,2.112],[-11.155,-6.589],[-4.829,-16.111],[5.783,-15.286],[16.808,-10.678],[43.435,-0.114],[0,0],[0,0],[-1.131,0.151],[-24.701,11.769],[-7.259,21.099],[5.313,16.099],[17.593,12.273]],"o":[[-0.28,0.068],[-33.505,11.793],[-4.751,18.456],[4.657,11.169],[10.745,5.091],[8.551,-1.74],[6.717,-4.739],[-4.311,-6.043],[-3.429,2.205],[-6.244,1.201],[-5.296,-2.931],[-2.83,-6.092],[2.746,-8.633],[6.107,-6.796],[11.709,-2.112],[11.155,6.589],[4.829,16.111],[-5.641,15.496],[-16.808,10.678],[-25.037,0.076],[0,0],[0,0],[50.731,-0.167],[24.701,-11.769],[7.259,-21.099],[-5.313,-16.099],[-17.593,-12.273]],"v":[[56.697,-93.181],[55.915,-92.922],[9.588,-41.171],[11.525,5.442],[40.103,35.99],[78.09,39.526],[104.322,30.77],[107.897,10.083],[88.851,5.509],[72.462,9.627],[52.35,6.446],[39.633,-6.874],[38.334,-31.315],[52.105,-54.638],[78.704,-68.146],[115.124,-62.08],[138.604,-29.294],[139.92,17.975],[107.379,52.911],[13.851,67.689],[-151.16,63.002],[-149.401,99.803],[12.431,98.078],[120.237,80.959],[168.318,29.497],[165.56,-40.995],[132.956,-85.584]],"c":true}]},{"i":{"x":0.833,"y":0.833},"o":{"x":0.167,"y":0.167},"t":94,"s":[{"i":[[27.242,-9.336],[0.28,-0.069],[4.751,-18.456],[-4.657,-11.169],[-10.745,-5.091],[-8.551,1.74],[-12.184,7.667],[4.716,6.733],[6.589,-3.426],[4.043,-0.777],[6.048,2.023],[2.269,5.633],[-2.108,6.363],[-5.697,7],[-11.709,2.112],[-11.155,-6.589],[-4.829,-16.111],[5.783,-15.286],[16.808,-10.678],[43.435,-0.114],[0,0],[0,0],[-1.131,0.151],[-24.701,11.769],[-7.259,21.099],[5.313,16.099],[17.593,12.273]],"o":[[-0.28,0.068],[-33.505,11.793],[-4.751,18.456],[4.657,11.169],[10.745,5.091],[8.551,-1.74],[6.717,-4.739],[-4.311,-6.043],[-3.429,2.205],[-6.243,1.201],[-5.296,-2.931],[-2.83,-6.092],[2.746,-8.633],[6.107,-6.796],[11.709,-2.112],[11.155,6.589],[4.829,16.111],[-5.641,15.496],[-16.808,10.678],[-25.037,0.076],[0,0],[0,0],[50.731,-0.167],[24.701,-11.769],[7.259,-21.099],[-5.313,-16.099],[-17.593,-12.273]],"v":[[77.502,-94.271],[76.72,-94.012],[30.393,-42.261],[32.33,4.352],[60.908,34.899],[98.894,38.436],[125.127,29.68],[128.702,8.993],[109.655,4.418],[93.267,8.537],[73.155,5.356],[60.438,-7.964],[59.139,-32.406],[72.91,-55.728],[99.509,-69.237],[135.929,-63.17],[159.409,-30.384],[160.725,16.885],[128.183,51.821],[34.655,66.599],[-151.16,63.002],[-149.401,99.803],[33.236,96.988],[141.042,79.869],[189.122,28.407],[186.364,-42.086],[153.761,-86.675]],"c":true}]},{"i":{"x":0.833,"y":0.833},"o":{"x":0.167,"y":0.167},"t":95,"s":[{"i":[[24.127,-14.515],[0.253,-0.123],[-4.778,-19.011],[-9.444,-6.203],[-10.561,2.616],[-6.16,9.533],[1.012,13.7],[6.515,-1.141],[-0.034,-7.095],[1.702,-2.422],[4.832,-1.615],[4.15,3.178],[1.227,5.637],[-2.882,8.012],[-9.018,4.347],[-11.685,-3.56],[-6.797,-12.398],[3.173,-15.81],[14.519,-11.014],[43.435,-0.114],[0,0],[0,0],[-1.131,0.151],[-30.745,23.183],[-3.698,22.623],[11.24,16.83],[14.588,8.069]],"o":[[-0.254,0.123],[-29.61,18.148],[4.778,19.011],[9.605,6.34],[11.159,-3.492],[6.16,-9.533],[-0.924,-7.776],[-5.886,1.031],[0.318,3.877],[-2.628,3.741],[-4.788,0.674],[-4.766,-3.273],[-1.75,-7.598],[3.311,-7.959],[10.233,-5.334],[11.685,3.56],[7.981,14.043],[-3.001,15.991],[-20.171,16.563],[-25.037,0.076],[0,0],[0,0],[50.731,-0.167],[21.66,-13.739],[4.128,-22.775],[-7.117,-12.827],[-21.559,-10.394]],"v":[[43.2,-81.812],[42.506,-81.404],[15.715,-10.341],[36.169,23.44],[70.143,31.763],[100.78,15.302],[108.682,-17.663],[94.409,-29.631],[84.18,-15.434],[79.601,-2.844],[67.466,4.582],[52.983,0.747],[43.555,-15.652],[45.64,-39.483],[64.261,-58.388],[98.914,-61.685],[126.926,-38.181],[135.803,7.622],[109.739,46.861],[16.841,67.298],[-151.16,63.002],[-149.401,99.803],[15.422,97.686],[126.497,71.557],[165.299,14.275],[152.389,-54.024],[120.34,-86.42]],"c":true}]},{"i":{"x":0.667,"y":1},"o":{"x":0.167,"y":0.167},"t":96,"s":[{"i":[[21.012,-19.693],[0.227,-0.178],[-24.121,-25.853],[-14.231,-1.236],[-10.378,10.324],[3.157,16.427],[13.336,5.42],[2.716,-7.759],[-6.627,-3.351],[-0.64,-4.067],[3.615,-5.253],[6.03,0.723],[4.563,4.911],[-0.067,9.025],[-6.328,6.581],[-12.215,-0.532],[-8.765,-8.685],[0.564,-16.334],[12.23,-11.349],[43.435,-0.114],[0,0],[0,0],[-1.131,0.151],[-36.79,34.597],[-0.136,24.148],[17.166,17.561],[11.583,3.864]],"o":[[-0.228,0.177],[-25.715,24.503],[9.618,10.62],[14.553,1.511],[11.573,-12.075],[-2.287,-14.295],[-7.768,-2.689],[-2.392,7.027],[3.792,1.498],[0.989,6.281],[-4.281,4.28],[-6.702,-0.453],[-6.245,-6.563],[0.515,-9.122],[8.757,-8.556],[12.214,0.531],[11.134,11.975],[-0.362,16.487],[-23.534,22.447],[-25.037,0.076],[0,0],[0,0],[50.731,-0.167],[18.619,-15.709],[0.997,-24.45],[-8.922,-9.554],[-25.526,-8.515]],"v":[[9.129,-69.672],[8.523,-69.115],[5.799,21.887],[42.819,40.256],[82.188,26.356],[95.581,-19.08],[70.393,-50.836],[51.507,-41.667],[58.906,-23.53],[66.166,-14.545],[62.008,3.488],[45.757,9.138],[28.202,0.782],[18.601,-23.558],[29.243,-47.859],[62.131,-60.52],[94.674,-46.299],[111.112,-1.961],[91.526,41.58],[-0.742,67.676],[-151.16,63.002],[-149.401,99.803],[-2.162,98.065],[112.184,62.925],[141.707,-0.177],[116.439,-66.044],[84.944,-86.248]],"c":true}]},{"i":{"x":0.667,"y":1},"o":{"x":0.333,"y":0},"t":98,"s":[{"i":[[7.275,-29.662],[0.097,-0.289],[-23.581,-9.74],[-15.79,5.232],[-4.268,16.718],[17.888,13.79],[17.061,-13.339],[-4.025,-7.191],[-6.917,2.753],[-6.067,-1.656],[0.625,-9.058],[7.198,-3.926],[8.941,2.624],[4.517,9.091],[-1.843,9.519],[-10.622,6.459],[-17.956,-4.027],[-8.243,-14.122],[9.172,-29.37],[56.084,-6.22],[0,0],[0,0],[-61.924,8.278],[-10.193,32.231],[12.776,20.506],[28.993,7.094],[11.865,-3.1]],"o":[[-0.098,0.289],[-8.688,36.663],[18.768,7.751],[15.79,-5.232],[5.363,-21.008],[-17.057,-13.149],[-7.158,5.597],[3.691,6.462],[3.643,-1.854],[11.122,3.035],[-0.625,9.058],[-7.198,3.926],[-9.124,-2.678],[-4.517,-9.091],[2.846,-12.676],[10.621,-6.459],[17.956,4.027],[8.496,14.144],[-9.172,29.37],[-37.756,4.187],[0,0],[0,0],[68.51,-9.159],[10.193,-32.231],[-12.209,-21.222],[-13.019,-3.185],[-26.148,6.832]],"v":[[-111.024,-65.878],[-111.24,-65.031],[-73.203,14.872],[-23.862,16.276],[10.57,-19.988],[-6.87,-74.331],[-64.749,-74.721],[-70.399,-54.448],[-51.864,-47.966],[-33.634,-53.559],[-18.485,-34.466],[-30.981,-15.035],[-56.106,-11.045],[-78.461,-29.594],[-82.36,-57.664],[-61.283,-87.741],[-15.932,-93.91],[24.186,-61.388],[31.193,3.567],[-55.846,61.669],[-151.16,63.003],[-149.401,99.804],[-47.554,91.438],[58.307,16.575],[51.027,-76.212],[-8.047,-124.046],[-55.704,-123.859]],"c":true}]},{"i":{"x":0.667,"y":1},"o":{"x":0.333,"y":0},"t":103,"s":[{"i":[[16.889,-23.308],[0.189,-0.217],[-28.044,-21.838],[-14.206,1.016],[-8.634,11.77],[5.551,15.699],[13.935,3.482],[1.525,-8.098],[-7.072,-2.325],[-1.181,-3.942],[2.745,-5.704],[6.037,-0.201],[5.228,4.123],[1.34,8.906],[-5.233,7.475],[-12.022,2.249],[-10.406,-6.436],[-3.653,-15.939],[8.803,-13.877],[43.2,0],[0,0],[0,0],[0,0],[-26.749,43.215],[6.074,23.385],[20.623,13.177],[12.164,1.138]],"o":[[-0.19,0.217],[-20.592,28.92],[11.073,8.921],[14.574,-0.792],[9.518,-13.649],[-4.344,-13.711],[-8.099,-1.526],[-1.314,7.324],[3.983,0.915],[1.817,6.066],[-3.572,4.833],[-6.669,0.581],[-7.185,-5.51],[-0.906,-9.076],[7.328,-9.799],[12.021,-2.249],[13.528,9.138],[3.887,16.035],[-16.967,27.795],[-24.8,0],[0,0],[0,0],[50.4,0],[13.904,-19.811],[-5.319,-23.898],[-10.856,-7.285],[-26.806,-2.507]],"v":[[5.122,-67.183],[4.632,-66.521],[16.476,23.494],[55.781,35.789],[92.375,15.989],[98.632,-30.822],[69.217,-58.489],[51.877,-46.563],[61.937,-29.699],[70.342,-21.793],[68.864,-3.382],[53.727,4.615],[35.191,-0.937],[21.945,-23.45],[28.694,-49.085],[59.564,-68.314],[94.314,-61.852],[120.662,-22.08],[112.926,24.727],[21.24,67.003],[-151.16,63.002],[-149.401,99.803],[19.64,97.403],[138.426,39.949],[150.703,-28.218],[111.033,-86.001],[75.945,-98.525]],"c":true}]},{"t":107,"s":[{"i":[[13.702,-25.313],[0.159,-0.24],[-31.28,-16.88],[-13.84,3.36],[-6.56,13.04],[8.08,14.56],[14.32,1.12],[0.16,-8.239],[-7.36,-1.119],[-1.841,-3.68],[1.76,-6.081],[5.92,-1.2],[5.84,3.198],[2.8,8.56],[-3.92,8.24],[-11.76,3.361],[-10.96,-5.44],[-4.64,-15.68],[7.92,-14.399],[43.2,0],[0,0],[0,0],[0,0],[-24,44.8],[7.521,22.96],[21.76,11.201],[12.217,0.001]],"o":[[-0.16,0.24],[-16.641,31.36],[12.4,6.959],[14.24,-3.2],[7.12,-15.04],[-6.56,-12.8],[-8.24,-0.16],[-0.08,7.441],[4.08,0.241],[2.799,5.68],[-2.72,5.359],[-6.48,1.68],[-8,-4.241],[-2.4,-8.8],[5.6,-10.88],[11.76,-3.358],[14.32,7.84],[4.88,15.761],[-15.2,28.8],[-24.8,0],[0,0],[0,0],[50.4,0],[12.641,-20.64],[-6.8,-23.52],[-11.487,-6.243],[-26.923,-0.002]],"v":[[-3.961,-60.117],[-4.359,-59.397],[22.039,27.803],[62.84,33.403],[95.64,7.803],[94.039,-39.397],[60.44,-61.797],[45.32,-47.158],[58.039,-32.198],[67.641,-25.797],[69.24,-7.396],[55.64,3.003],[36.44,0.604],[19.64,-19.397],[22.039,-45.797],[49.24,-68.198],[84.44,-64.997],[114.039,-28.197],[109.24,19.002],[21.24,67.003],[-151.16,63.002],[-149.401,99.803],[19.64,97.403],[135.64,32.603],[143.64,-36.197],[98.84,-90.597],[62.739,-99.802]],"c":true}]}],"ix":2},"nm":"Path 2","mn":"ADBE Vector Shape - Group","hd":false},{"ty":"gf","o":{"a":0,"k":100,"ix":10},"r":1,"bm":0,"g":{"p":3,"k":{"a":0,"k":[0,0,0.251,0.329,0.5,0.135,0.447,0.665,1,0.271,0.643,1],"ix":9}},"s":{"a":0,"k":[-145.5,0],"ix":5},"e":{"a":0,"k":[148,0],"ix":6},"t":1,"nm":"Gradient Fill 1","mn":"ADBE Vector Graphic - G-Fill","hd":false},{"ty":"tr","p":{"a":0,"k":[248.291,100.054],"ix":2},"a":{"a":0,"k":[0,0],"ix":1},"s":{"a":0,"k":[100,100],"ix":3},"r":{"a":0,"k":0,"ix":6},"o":{"a":0,"k":100,"ix":7},"sk":{"a":0,"k":0,"ix":4},"sa":{"a":0,"k":0,"ix":5},"nm":"Transform"}],"nm":"Group 2","np":2,"cix":2,"bm":0,"ix":2,"mn":"ADBE Vector Group","hd":false}],"ip":0,"op":108,"st":0,"bm":0},{"ddd":0,"ind":12,"ty":4,"nm":"blush 2","parent":7,"sr":1,"ks":{"o":{"a":0,"k":80,"ix":11},"r":{"a":0,"k":0,"ix":10},"p":{"a":0,"k":[-247,-21,0],"ix":2,"l":2},"a":{"a":0,"k":[0,0,0],"ix":1,"l":2},"s":{"a":0,"k":[123,123,100],"ix":6,"l":2}},"ao":0,"shapes":[{"ty":"gr","it":[{"ind":0,"ty":"sh","ix":1,"ks":{"a":0,"k":{"i":[[-77.32,0],[0,-72.902],[77.32,0],[0,72.902]],"o":[[77.32,0],[0,72.902],[-77.32,0],[0,-72.902]],"v":[[0,-132],[140,0],[0,132],[-140,0]],"c":true},"ix":2},"nm":"Path 1","mn":"ADBE Vector Shape - Group","hd":false},{"ty":"gf","o":{"a":0,"k":100,"ix":10},"r":1,"bm":0,"g":{"p":3,"k":{"a":0,"k":[0,0.929,0.467,0.439,0.5,0.929,0.467,0.439,1,0.929,0.467,0.439,0.088,1,0.407,0.5,0.74,0],"ix":9}},"s":{"a":0,"k":[3,21],"ix":5},"e":{"a":0,"k":[148,22],"ix":6},"t":2,"h":{"a":0,"k":0,"ix":7},"a":{"a":0,"k":0,"ix":8},"nm":"Gradient Fill 1","mn":"ADBE Vector Graphic - G-Fill","hd":false},{"ty":"tr","p":{"a":0,"k":[0,0],"ix":2},"a":{"a":0,"k":[0,0],"ix":1},"s":{"a":0,"k":[100,100],"ix":3},"r":{"a":0,"k":0,"ix":6},"o":{"a":0,"k":100,"ix":7},"sk":{"a":0,"k":0,"ix":4},"sa":{"a":0,"k":0,"ix":5},"nm":"Transform"}],"nm":"Shape 1","np":3,"cix":2,"bm":0,"ix":1,"mn":"ADBE Vector Group","hd":false}],"ip":0,"op":108,"st":0,"bm":0},{"ddd":0,"ind":13,"ty":4,"nm":"base matte","parent":15,"td":1,"sr":1,"ks":{"o":{"a":0,"k":100,"ix":11},"r":{"a":0,"k":0,"ix":10},"p":{"a":0,"k":[-2,-3,0],"ix":2,"l":2},"a":{"a":0,"k":[0,0,0],"ix":1,"l":2},"s":{"a":0,"k":[100,100,100],"ix":6,"l":2}},"ao":0,"shapes":[{"ty":"gr","it":[{"ind":0,"ty":"sh","ix":1,"ks":{"a":0,"k":{"i":[[15.4,0],[0,38.4],[-27.9,0],[-10.6,-9.3],[0,-16.9],[11.5,-10.2]],"o":[[-27.9,0],[0,-38.4],[15.5,0],[11.5,10.2],[0,16.9],[-10.6,9.3]],"v":[[0,55.9],[-58,0],[0,-55.9],[40.4,-41.5],[58,0],[40.4,41.4]],"c":true},"ix":2},"nm":"Path 1","mn":"ADBE Vector Shape - Group","hd":false},{"ty":"gf","o":{"a":0,"k":100,"ix":10},"r":1,"bm":0,"g":{"p":5,"k":{"a":0,"k":[0.48,0.992,0.878,0.188,0.691,0.98,0.816,0.178,0.902,0.969,0.753,0.169,0.966,0.963,0.694,0.153,1,0.957,0.635,0.137],"ix":9}},"s":{"a":0,"k":[0,0],"ix":5},"e":{"a":0,"k":[56.225,0],"ix":6},"t":2,"h":{"a":0,"k":0,"ix":7},"a":{"a":0,"k":0,"ix":8},"nm":"Gradient Fill 1","mn":"ADBE Vector Graphic - G-Fill","hd":false},{"ty":"tr","p":{"a":0,"k":[0,0],"ix":2},"a":{"a":0,"k":[0,0],"ix":1},"s":{"a":0,"k":[100,100],"ix":3},"r":{"a":0,"k":0,"ix":6},"o":{"a":0,"k":100,"ix":7},"sk":{"a":0,"k":0,"ix":4},"sa":{"a":0,"k":0,"ix":5},"nm":"Transform"}],"nm":"Group 1","np":2,"cix":2,"bm":0,"ix":1,"mn":"ADBE Vector Group","hd":false}],"ip":0,"op":108,"st":0,"bm":0},{"ddd":0,"ind":14,"ty":4,"nm":"base shadow","parent":15,"tt":2,"sr":1,"ks":{"o":{"a":0,"k":100,"ix":11},"r":{"a":0,"k":0,"ix":10},"p":{"a":0,"k":[0,0,0],"ix":2,"l":2},"a":{"a":0,"k":[0,0,0],"ix":1,"l":2},"s":{"a":0,"k":[100,100,100],"ix":6,"l":2}},"ao":0,"shapes":[{"ty":"gr","it":[{"ind":0,"ty":"sh","ix":1,"ks":{"a":0,"k":{"i":[[15.4,0],[0,38.4],[-27.9,0],[-10.6,-9.3],[0,-16.9],[11.5,-10.2]],"o":[[-27.9,0],[0,-38.4],[15.5,0],[11.5,10.2],[0,16.9],[-10.6,9.3]],"v":[[0,55.9],[-58,0],[0,-55.9],[40.4,-41.5],[58,0],[40.4,41.4]],"c":true},"ix":2},"nm":"Path 1","mn":"ADBE Vector Shape - Group","hd":false},{"ty":"fl","c":{"a":0,"k":[0.921568627451,0.560784313725,0,1],"ix":4},"o":{"a":0,"k":100,"ix":5},"r":1,"bm":0,"nm":"Fill 1","mn":"ADBE Vector Graphic - Fill","hd":false},{"ty":"tr","p":{"a":0,"k":[0,0],"ix":2},"a":{"a":0,"k":[0,0],"ix":1},"s":{"a":0,"k":[100,100],"ix":3},"r":{"a":0,"k":0,"ix":6},"o":{"a":0,"k":100,"ix":7},"sk":{"a":0,"k":0,"ix":4},"sa":{"a":0,"k":0,"ix":5},"nm":"Transform"}],"nm":"Group 1","np":2,"cix":2,"bm":0,"ix":1,"mn":"ADBE Vector Group","hd":false}],"ip":0,"op":108,"st":0,"bm":0},{"ddd":0,"ind":15,"ty":4,"nm":"base normal","parent":3,"sr":1,"ks":{"o":{"a":0,"k":100,"ix":11},"r":{"a":0,"k":0,"ix":10},"p":{"a":0,"k":[-3,89,0],"ix":2,"l":2},"a":{"a":0,"k":[0,0,0],"ix":1,"l":2},"s":{"a":0,"k":[711,711,100],"ix":6,"l":2}},"ao":0,"shapes":[{"ty":"gr","it":[{"ind":0,"ty":"sh","ix":1,"ks":{"a":0,"k":{"i":[[15.4,0],[0,38.4],[-27.9,0],[-10.6,-9.3],[0,-16.9],[11.5,-10.2]],"o":[[-27.9,0],[0,-38.4],[15.5,0],[11.5,10.2],[0,16.9],[-10.6,9.3]],"v":[[0,55.9],[-58,0],[0,-55.9],[40.4,-41.5],[58,0],[40.4,41.4]],"c":true},"ix":2},"nm":"Path 1","mn":"ADBE Vector Shape - Group","hd":false},{"ty":"gf","o":{"a":0,"k":100,"ix":10},"r":1,"bm":0,"g":{"p":5,"k":{"a":0,"k":[0.48,0.992,0.878,0.188,0.691,0.98,0.816,0.178,0.902,0.969,0.753,0.169,0.966,0.963,0.694,0.153,1,0.957,0.635,0.137],"ix":9}},"s":{"a":0,"k":[0,0],"ix":5},"e":{"a":0,"k":[56.225,0],"ix":6},"t":2,"h":{"a":0,"k":0,"ix":7},"a":{"a":0,"k":0,"ix":8},"nm":"Gradient Fill 1","mn":"ADBE Vector Graphic - G-Fill","hd":false},{"ty":"tr","p":{"a":0,"k":[0,0],"ix":2},"a":{"a":0,"k":[0,0],"ix":1},"s":{"a":0,"k":[100,100],"ix":3},"r":{"a":0,"k":0,"ix":6},"o":{"a":0,"k":100,"ix":7},"sk":{"a":0,"k":0,"ix":4},"sa":{"a":0,"k":0,"ix":5},"nm":"Transform"}],"nm":"Group 1","np":2,"cix":2,"bm":0,"ix":1,"mn":"ADBE Vector Group","hd":false}],"ip":0,"op":108,"st":0,"bm":0}],"markers":[{"tm":107,"cm":"rest","dr":0}]}