{"v":"5.8.1","fr":60,"ip":0,"op":162,"w":1024,"h":1024,"nm":"emoji_Drum","ddd":0,"assets":[],"layers":[{"ddd":0,"ind":1,"ty":4,"nm":"drum sticks","parent":8,"sr":1,"ks":{"o":{"a":0,"k":100,"ix":11},"r":{"a":1,"k":[{"i":{"x":[0.667],"y":[1]},"o":{"x":[0.333],"y":[0]},"t":6,"s":[0]},{"i":{"x":[0.667],"y":[1]},"o":{"x":[0.333],"y":[0]},"t":12,"s":[-24]},{"i":{"x":[0.667],"y":[1]},"o":{"x":[0.333],"y":[0]},"t":18,"s":[0]},{"i":{"x":[0.667],"y":[1]},"o":{"x":[0.333],"y":[0]},"t":22,"s":[-9]},{"i":{"x":[0.667],"y":[1]},"o":{"x":[0.333],"y":[0]},"t":26,"s":[0]},{"i":{"x":[0.667],"y":[1]},"o":{"x":[0.333],"y":[0]},"t":32,"s":[-23]},{"i":{"x":[0.667],"y":[1]},"o":{"x":[0.333],"y":[0]},"t":36,"s":[0]},{"i":{"x":[0.667],"y":[1]},"o":{"x":[0.333],"y":[0]},"t":42,"s":[-17]},{"i":{"x":[0.667],"y":[1]},"o":{"x":[0.333],"y":[0]},"t":48,"s":[0]},{"i":{"x":[0.667],"y":[1]},"o":{"x":[0.333],"y":[0]},"t":52,"s":[-9]},{"i":{"x":[0.667],"y":[1]},"o":{"x":[0.333],"y":[0]},"t":56,"s":[0]},{"i":{"x":[0.833],"y":[1]},"o":{"x":[0.333],"y":[0]},"t":62,"s":[-15]},{"i":{"x":[0.833],"y":[1]},"o":{"x":[0.167],"y":[0]},"t":66,"s":[0]},{"i":{"x":[0.833],"y":[1]},"o":{"x":[0.167],"y":[0]},"t":70,"s":[-10]},{"i":{"x":[0.23],"y":[1]},"o":{"x":[0.167],"y":[0]},"t":74,"s":[0]},{"i":{"x":[0.833],"y":[1]},"o":{"x":[0.891],"y":[0]},"t":84,"s":[-77]},{"i":{"x":[0.583],"y":[1]},"o":{"x":[0.167],"y":[0]},"t":92,"s":[0]},{"i":{"x":[0.833],"y":[1]},"o":{"x":[0.417],"y":[0]},"t":98,"s":[-4]},{"i":{"x":[0.583],"y":[1]},"o":{"x":[0.167],"y":[0]},"t":104,"s":[0]},{"i":{"x":[0.833],"y":[1]},"o":{"x":[0.417],"y":[0]},"t":110,"s":[-1]},{"t":114,"s":[0]}],"ix":10},"p":{"a":1,"k":[{"i":{"x":0.617,"y":0.938},"o":{"x":0.281,"y":0.031},"t":6,"s":[120.111,-131.928,0],"to":[0,0,0],"ti":[0,0,0]},{"i":{"x":0.64,"y":0.855},"o":{"x":0.305,"y":0.119},"t":10,"s":[139.879,-133.05,0],"to":[0,0,0],"ti":[0,0,0]},{"i":{"x":0.649,"y":0.965},"o":{"x":0.315,"y":0.033},"t":14,"s":[134.436,-127.003,0],"to":[0,0,0],"ti":[0,0,0]},{"i":{"x":0.654,"y":0.914},"o":{"x":0.32,"y":0.088},"t":18,"s":[109.755,-108.366,0],"to":[0,0,0],"ti":[0,0,0]},{"i":{"x":0.657,"y":0.959},"o":{"x":0.323,"y":0.046},"t":22,"s":[100.12,-114.14,0],"to":[0,0,0],"ti":[0,0,0]},{"i":{"x":0.66,"y":0.982},"o":{"x":0.326,"y":0.022},"t":26,"s":[105.378,-133.052,0],"to":[0,0,0],"ti":[0,0,0]},{"i":{"x":0.662,"y":0.983},"o":{"x":0.328,"y":0.023},"t":30,"s":[112.737,-98.515,0],"to":[0,0,0],"ti":[0,0,0]},{"i":{"x":0.663,"y":0.969},"o":{"x":0.329,"y":0.057},"t":34,"s":[137.855,-108.999,0],"to":[0,0,0],"ti":[0,0,0]},{"i":{"x":0.664,"y":1},"o":{"x":0.331,"y":0.035},"t":38,"s":[130.4,-107.115,0],"to":[0,0,0],"ti":[0,0,0]},{"i":{"x":0.666,"y":0.96},"o":{"x":0.332,"y":0},"t":42,"s":[131.044,-100.525,0],"to":[0,0,0],"ti":[0,0,0]},{"i":{"x":0.667,"y":0.937},"o":{"x":0.333,"y":0.036},"t":46,"s":[119.852,-106.769,0],"to":[0,0,0],"ti":[0,0,0]},{"i":{"x":0.668,"y":0.959},"o":{"x":0.334,"y":0.032},"t":50,"s":[126.858,-118.895,0],"to":[0,0,0],"ti":[0,0,0]},{"i":{"x":0.669,"y":0.934},"o":{"x":0.335,"y":0.061},"t":54,"s":[102.788,-131.724,0],"to":[0,0,0],"ti":[0,0,0]},{"i":{"x":0.67,"y":0.902},"o":{"x":0.336,"y":0.103},"t":58,"s":[111.613,-115.465,0],"to":[0,0,0],"ti":[0,0,0]},{"i":{"x":0.672,"y":0.97},"o":{"x":0.338,"y":0.037},"t":62,"s":[120.356,-107.293,0],"to":[0,0,0],"ti":[0,0,0]},{"i":{"x":0.673,"y":0.857},"o":{"x":0.339,"y":0.237},"t":66,"s":[100.844,-133.759,0],"to":[0,0,0],"ti":[0,0,0]},{"i":{"x":0.675,"y":1},"o":{"x":0.342,"y":0.043},"t":70,"s":[104.981,-132.542,0],"to":[0,0,0],"ti":[0,0,0]},{"i":{"x":0.667,"y":1},"o":{"x":0.333,"y":0},"t":74,"s":[120.111,-131.928,0],"to":[0,0,0],"ti":[0,0,0]},{"i":{"x":0.667,"y":0.263},"o":{"x":0.333,"y":0},"t":84,"s":[120.111,48.072,0],"to":[0,0,0],"ti":[0,0,0]},{"i":{"x":0.667,"y":1},"o":{"x":0.333,"y":0.322},"t":86,"s":[120.111,22.138,0],"to":[0,0,0],"ti":[0,0,0]},{"i":{"x":0.667,"y":1},"o":{"x":0.167,"y":0},"t":92,"s":[120.111,-155.928,0],"to":[0,0,0],"ti":[0,0,0]},{"i":{"x":0.667,"y":1},"o":{"x":0.167,"y":0},"t":98,"s":[120.111,-119.928,0],"to":[0,0,0],"ti":[0,0,0]},{"i":{"x":0.569,"y":1},"o":{"x":0.203,"y":0},"t":106,"s":[120.111,-131.928,0],"to":[0,0,0],"ti":[0,0,0]},{"i":{"x":0.703,"y":1},"o":{"x":0.317,"y":0},"t":110,"s":[120.111,-123.928,0],"to":[0,0,0],"ti":[0,0,0]},{"i":{"x":0.703,"y":1},"o":{"x":0.167,"y":0},"t":118,"s":[120.111,-131.928,0],"to":[0,0,0],"ti":[0,0,0]},{"i":{"x":0.833,"y":0.833},"o":{"x":0.167,"y":0},"t":124,"s":[120.111,-127.928,0],"to":[0,0,0],"ti":[0,0,0]},{"t":132,"s":[120.111,-131.928,0]}],"ix":2,"l":2},"a":{"a":0,"k":[53.749,59.218,0],"ix":1,"l":2},"s":{"a":0,"k":[100,100,100],"ix":6,"l":2}},"ao":0,"shapes":[{"ty":"gr","it":[{"ind":0,"ty":"sh","ix":1,"ks":{"a":0,"k":{"i":[[6.589,8.891],[2.302,4.207],[0,0],[2.54,3.334],[0,0],[10.24,-6.826],[-8.731,-10.557],[0,0],[-5.318,-4.048],[0,0],[-12.621,-11.589],[-10.398,10.955]],"o":[[-11.193,-15.162],[0,0],[-3.096,-5.556],[0,0],[-7.461,-9.684],[-11.351,7.7],[0,0],[4.207,5.239],[0,0],[3.572,2.699],[10.478,9.605],[8.018,-8.335]],"v":[[200.91,213.452],[169.237,190.67],[160.188,174.476],[152.25,162.093],[-162.412,-243.062],[-193.846,-248.142],[-198.768,-214.088],[118.911,186.066],[133.199,200.116],[146.535,210.356],[162.093,241.87],[199.322,244.013]],"c":true},"ix":2},"nm":"Path 1","mn":"ADBE Vector Shape - Group","hd":false},{"ty":"fl","c":{"a":0,"k":[0.728999956916,0.475,0.243000000598,1],"ix":4},"o":{"a":0,"k":100,"ix":5},"r":1,"bm":0,"nm":"Fill 1","mn":"ADBE Vector Graphic - Fill","hd":false},{"ty":"tr","p":{"a":0,"k":[207.749,255.218],"ix":2},"a":{"a":0,"k":[0,0],"ix":1},"s":{"a":0,"k":[100,100],"ix":3},"r":{"a":0,"k":0,"ix":6},"o":{"a":0,"k":100,"ix":7},"sk":{"a":0,"k":0,"ix":4},"sa":{"a":0,"k":0,"ix":5},"nm":"Transform"}],"nm":"Group 1","np":2,"cix":2,"bm":0,"ix":1,"mn":"ADBE Vector Group","hd":false}],"ip":0,"op":162,"st":0,"bm":0},{"ddd":0,"ind":2,"ty":4,"nm":"drum sticks","parent":8,"sr":1,"ks":{"o":{"a":0,"k":100,"ix":11},"r":{"a":1,"k":[{"i":{"x":[0.667],"y":[1]},"o":{"x":[0.333],"y":[0]},"t":0,"s":[0]},{"i":{"x":[0.667],"y":[1]},"o":{"x":[0.333],"y":[0]},"t":6,"s":[25]},{"i":{"x":[0.667],"y":[1]},"o":{"x":[0.333],"y":[0]},"t":12,"s":[0]},{"i":{"x":[0.667],"y":[1]},"o":{"x":[0.333],"y":[0]},"t":18,"s":[12]},{"i":{"x":[0.667],"y":[1]},"o":{"x":[0.333],"y":[0]},"t":22,"s":[0]},{"i":{"x":[0.667],"y":[1]},"o":{"x":[0.333],"y":[0]},"t":28,"s":[17]},{"i":{"x":[0.667],"y":[1]},"o":{"x":[0.333],"y":[0]},"t":32,"s":[0]},{"i":{"x":[0.667],"y":[1]},"o":{"x":[0.333],"y":[0]},"t":36,"s":[10]},{"i":{"x":[0.667],"y":[1]},"o":{"x":[0.333],"y":[0]},"t":40,"s":[0]},{"i":{"x":[0.667],"y":[1]},"o":{"x":[0.333],"y":[0]},"t":44,"s":[15]},{"i":{"x":[0.667],"y":[1]},"o":{"x":[0.333],"y":[0]},"t":50,"s":[0]},{"i":{"x":[0.667],"y":[1]},"o":{"x":[0.333],"y":[0]},"t":56,"s":[22]},{"i":{"x":[0.667],"y":[1]},"o":{"x":[0.333],"y":[0]},"t":60,"s":[0]},{"i":{"x":[0.667],"y":[1]},"o":{"x":[0.333],"y":[0]},"t":66,"s":[17]},{"i":{"x":[0.667],"y":[1]},"o":{"x":[0.333],"y":[0]},"t":70,"s":[0]},{"i":{"x":[0.667],"y":[1]},"o":{"x":[0.333],"y":[0]},"t":74,"s":[10]},{"i":{"x":[0.667],"y":[1]},"o":{"x":[0.333],"y":[0]},"t":78,"s":[0]},{"i":{"x":[0.32],"y":[1]},"o":{"x":[0.333],"y":[0]},"t":82,"s":[0]},{"i":{"x":[0.667],"y":[1]},"o":{"x":[0.758],"y":[0]},"t":90,"s":[76]},{"i":{"x":[0.672],"y":[1]},"o":{"x":[0.296],"y":[0]},"t":100,"s":[0]},{"i":{"x":[0.806],"y":[1]},"o":{"x":[0.43],"y":[0]},"t":108,"s":[5]},{"i":{"x":[0.583],"y":[1]},"o":{"x":[0.167],"y":[0]},"t":114,"s":[0]},{"i":{"x":[0.833],"y":[1]},"o":{"x":[0.417],"y":[0]},"t":120,"s":[1]},{"t":126,"s":[0]}],"ix":10},"p":{"a":1,"k":[{"i":{"x":0.667,"y":1},"o":{"x":0.333,"y":0},"t":6,"s":[932.633,-131.888,0],"to":[0,0,0],"ti":[0,0,0]},{"i":{"x":0.667,"y":1},"o":{"x":0.333,"y":0},"t":10,"s":[949.362,-120.757,0],"to":[0,0,0],"ti":[0,0,0]},{"i":{"x":0.667,"y":1},"o":{"x":0.333,"y":0},"t":14,"s":[946.03,-113.368,0],"to":[0,0,0],"ti":[0,0,0]},{"i":{"x":0.667,"y":1},"o":{"x":0.333,"y":0},"t":18,"s":[927.409,-126.386,0],"to":[0,0,0],"ti":[0,0,0]},{"i":{"x":0.667,"y":1},"o":{"x":0.333,"y":0},"t":22,"s":[932.837,-118.304,0],"to":[0,0,0],"ti":[0,0,0]},{"i":{"x":0.667,"y":1},"o":{"x":0.333,"y":0},"t":26,"s":[942.804,-145.837,0],"to":[0,0,0],"ti":[0,0,0]},{"i":{"x":0.667,"y":1},"o":{"x":0.333,"y":0},"t":30,"s":[949.114,-113.26,0],"to":[0,0,0],"ti":[0,0,0]},{"i":{"x":0.667,"y":1},"o":{"x":0.333,"y":0},"t":34,"s":[947.382,-127.4,0],"to":[0,0,0],"ti":[0,0,0]},{"i":{"x":0.667,"y":1},"o":{"x":0.333,"y":0},"t":38,"s":[948.042,-128.893,0],"to":[0,0,0],"ti":[0,0,0]},{"i":{"x":0.667,"y":1},"o":{"x":0.333,"y":0},"t":42,"s":[933.859,-120.2,0],"to":[0,0,0],"ti":[0,0,0]},{"i":{"x":0.667,"y":1},"o":{"x":0.333,"y":0},"t":46,"s":[935.759,-130.387,0],"to":[0,0,0],"ti":[0,0,0]},{"i":{"x":0.667,"y":1},"o":{"x":0.333,"y":0},"t":50,"s":[929.687,-128.697,0],"to":[0,0,0],"ti":[0,0,0]},{"i":{"x":0.667,"y":1},"o":{"x":0.333,"y":0},"t":54,"s":[924.315,-119.662,0],"to":[0,0,0],"ti":[0,0,0]},{"i":{"x":0.667,"y":1},"o":{"x":0.333,"y":0},"t":58,"s":[913.262,-136.299,0],"to":[0,0,0],"ti":[0,0,0]},{"i":{"x":0.667,"y":1},"o":{"x":0.333,"y":0},"t":62,"s":[939.444,-149.251,0],"to":[0,0,0],"ti":[0,0,0]},{"i":{"x":0.667,"y":1},"o":{"x":0.333,"y":0},"t":66,"s":[925.168,-112.771,0],"to":[0,0,0],"ti":[0,0,0]},{"i":{"x":0.667,"y":1},"o":{"x":0.333,"y":0},"t":70,"s":[915.017,-117.672,0],"to":[0,0,0],"ti":[0,0,0]},{"i":{"x":0.667,"y":1},"o":{"x":0.333,"y":0},"t":74,"s":[918.991,-121.018,0],"to":[0,0,0],"ti":[0,0,0]},{"i":{"x":0.667,"y":0.667},"o":{"x":0.333,"y":0.333},"t":78,"s":[931.411,-141.699,0],"to":[0,0,0],"ti":[0,0,0]},{"i":{"x":0.32,"y":1},"o":{"x":0.333,"y":0},"t":82,"s":[931.411,-141.699,0],"to":[0,0,0],"ti":[0,0,0]},{"i":{"x":0.667,"y":1},"o":{"x":0.758,"y":0},"t":90,"s":[932.633,32.072,0],"to":[0,0,0],"ti":[0,0,0]},{"i":{"x":0.984,"y":0},"o":{"x":0.333,"y":0},"t":100,"s":[932.633,-138.416,0],"to":[0,0,0],"ti":[0,0,0]},{"i":{"x":0.667,"y":1},"o":{"x":0.333,"y":0.542},"t":102,"s":[932.633,-138.577,0],"to":[0,0,0],"ti":[0,0,0]},{"i":{"x":0.667,"y":1},"o":{"x":0.333,"y":0},"t":108,"s":[932.633,-119.888,0],"to":[0,0,0],"ti":[0,0,0]},{"t":114,"s":[932.633,-131.888,0]}],"ix":2,"l":2},"a":{"a":0,"k":[359.749,59.258,0],"ix":1,"l":2},"s":{"a":0,"k":[100,100,100],"ix":6,"l":2}},"ao":0,"shapes":[{"ty":"gr","it":[{"ind":0,"ty":"sh","ix":1,"ks":{"a":0,"k":{"i":[[-6.589,8.891],[-2.302,4.207],[0,0],[-2.54,3.334],[0,0],[-10.161,-6.826],[8.732,-10.557],[0,0],[5.318,-4.049],[0,0],[12.621,-11.59],[10.398,10.955]],"o":[[11.193,-15.162],[0,0],[3.096,-5.556],[0,0],[7.541,-9.684],[11.351,7.7],[0,0],[-4.207,5.24],[0,0],[-3.572,2.7],[-10.478,9.604],[-8.018,-8.414]],"v":[[-200.91,213.412],[-169.238,190.631],[-160.188,174.437],[-152.25,162.054],[162.412,-243.101],[193.846,-248.182],[198.767,-214.127],[-118.911,186.106],[-133.199,200.157],[-146.535,210.396],[-162.093,241.911],[-199.322,244.053]],"c":true},"ix":2},"nm":"Path 1","mn":"ADBE Vector Shape - Group","hd":false},{"ty":"fl","c":{"a":0,"k":[0.728999956916,0.475,0.243000000598,1],"ix":4},"o":{"a":0,"k":100,"ix":5},"r":1,"bm":0,"nm":"Fill 1","mn":"ADBE Vector Graphic - Fill","hd":false},{"ty":"tr","p":{"a":0,"k":[207.749,255.258],"ix":2},"a":{"a":0,"k":[0,0],"ix":1},"s":{"a":0,"k":[100,100],"ix":3},"r":{"a":0,"k":0,"ix":6},"o":{"a":0,"k":100,"ix":7},"sk":{"a":0,"k":0,"ix":4},"sa":{"a":0,"k":0,"ix":5},"nm":"Transform"}],"nm":"Group 1","np":2,"cix":2,"bm":0,"ix":1,"mn":"ADBE Vector Group","hd":false}],"ip":0,"op":162,"st":0,"bm":0},{"ddd":0,"ind":3,"ty":1,"nm":"Pale Gray-Royal Blue Solid 3","parent":8,"td":1,"sr":1,"ks":{"o":{"a":0,"k":100,"ix":11},"r":{"a":0,"k":0,"ix":10},"p":{"a":0,"k":[525.507,288.241,0],"ix":2,"l":2},"a":{"a":0,"k":[512,512,0],"ix":1,"l":2},"s":{"a":0,"k":[92,92,100],"ix":6,"l":2}},"ao":0,"hasMask":true,"masksProperties":[{"inv":false,"mode":"a","pt":{"a":0,"k":{"i":[[237.482,0],[0,-101.62],[-237.482,0],[0,101.62]],"o":[[-237.482,0],[0,101.62],[237.482,0],[0,-101.62]],"v":[[514,254],[84,438],[514,622],[944,438]],"c":true},"ix":1},"o":{"a":0,"k":100,"ix":3},"x":{"a":0,"k":0,"ix":4},"nm":"Mask 1"}],"sw":1024,"sh":1024,"sc":"#44484e","ip":0,"op":162,"st":0,"bm":0},{"ddd":0,"ind":4,"ty":4,"nm":"shadow","parent":8,"tt":1,"sr":1,"ks":{"o":{"a":0,"k":100,"ix":11},"r":{"a":0,"k":0,"ix":10},"p":{"a":1,"k":[{"i":{"x":0.667,"y":1},"o":{"x":0.333,"y":0},"t":2,"s":[860.384,121.579,0],"to":[34,-22.667,0],"ti":[0,0,0]},{"i":{"x":0.667,"y":1},"o":{"x":0.333,"y":0},"t":8,"s":[1064.384,-14.421,0],"to":[0,0,0],"ti":[34,-22.667,0]},{"i":{"x":0.667,"y":1},"o":{"x":0.333,"y":0},"t":14,"s":[860.384,121.579,0],"to":[0,0,0],"ti":[0,0,0]},{"i":{"x":0.667,"y":1},"o":{"x":0.333,"y":0},"t":20,"s":[965.501,54.148,0],"to":[0,0,0],"ti":[0,0,0]},{"i":{"x":0.667,"y":1},"o":{"x":0.333,"y":0},"t":24,"s":[860.384,121.579,0],"to":[0,0,0],"ti":[0,0,0]},{"i":{"x":0.667,"y":1},"o":{"x":0.333,"y":0},"t":30,"s":[999.335,31.076,0],"to":[0,0,0],"ti":[0,0,0]},{"i":{"x":0.667,"y":1},"o":{"x":0.333,"y":0},"t":34,"s":[860.384,121.579,0],"to":[0,0,0],"ti":[0,0,0]},{"i":{"x":0.667,"y":1},"o":{"x":0.333,"y":0},"t":38,"s":[948.042,71.18,0],"to":[0,0,0],"ti":[0,0,0]},{"i":{"x":0.667,"y":1},"o":{"x":0.333,"y":0},"t":42,"s":[860.384,121.579,0],"to":[0,0,0],"ti":[0,0,0]},{"i":{"x":0.667,"y":1},"o":{"x":0.333,"y":0},"t":46,"s":[1002.802,20.727,0],"to":[0,0,0],"ti":[0,0,0]},{"i":{"x":0.667,"y":1},"o":{"x":0.333,"y":0},"t":52,"s":[860.384,121.579,0],"to":[0,0,0],"ti":[0,0,0]},{"i":{"x":0.667,"y":1},"o":{"x":0.333,"y":0},"t":56,"s":[1013.713,18.112,0],"to":[0,0,0],"ti":[25.555,-17.244,0]},{"i":{"x":0.667,"y":1},"o":{"x":0.333,"y":0},"t":60,"s":[860.384,121.579,0],"to":[0,0,0],"ti":[0,0,0]},{"i":{"x":0.667,"y":1},"o":{"x":0.333,"y":0},"t":66,"s":[960.289,57.172,0],"to":[0,0,0],"ti":[0,0,0]},{"i":{"x":0.667,"y":1},"o":{"x":0.333,"y":0},"t":70,"s":[860.384,121.579,0],"to":[0,0,0],"ti":[0,0,0]},{"i":{"x":0.667,"y":1},"o":{"x":0.333,"y":0},"t":74,"s":[941.16,69.83,0],"to":[0,0,0],"ti":[0,0,0]},{"i":{"x":0.667,"y":0.667},"o":{"x":0.333,"y":0.333},"t":78,"s":[860.384,121.579,0],"to":[0,0,0],"ti":[0,0,0]},{"i":{"x":0.667,"y":1},"o":{"x":0.333,"y":0},"t":82,"s":[860.384,121.579,0],"to":[0,0,0],"ti":[0,0,0]},{"i":{"x":0.667,"y":1},"o":{"x":0.333,"y":0},"t":90,"s":[1070.384,-9.629,0],"to":[0,0,0],"ti":[0,0,0]},{"i":{"x":0.667,"y":0.72},"o":{"x":0.333,"y":0},"t":100,"s":[860.384,111.579,0],"to":[0,0,0],"ti":[0,0,0]},{"i":{"x":0.667,"y":1},"o":{"x":0.333,"y":0.149},"t":108,"s":[870.384,111.609,0],"to":[0,0,0],"ti":[0,0,0]},{"i":{"x":0.667,"y":1},"o":{"x":0.333,"y":0},"t":114,"s":[860.384,121.579,0],"to":[0,0,0],"ti":[0,0,0]},{"i":{"x":0.667,"y":1},"o":{"x":0.333,"y":0},"t":120,"s":[864.384,119.562,0],"to":[0,0,0],"ti":[0,0,0]},{"t":126,"s":[860.384,121.579,0]}],"ix":2,"l":2},"a":{"a":0,"k":[279.087,16.213,0],"ix":1,"l":2},"s":{"a":0,"k":[100,100,100],"ix":6,"l":2}},"ao":0,"shapes":[{"ty":"gr","it":[{"ind":0,"ty":"sh","ix":1,"ks":{"a":0,"k":{"i":[[-26.312,17.674],[0,0],[0,0],[23.914,-18.113]],"o":[[26.312,-17.675],[0,0],[0,0],[-23.915,18.113]],"v":[[-111.068,90.289],[152.838,-86.986],[108.995,-107.963],[-128.922,74.662]],"c":true},"ix":2},"nm":"Path 1","mn":"ADBE Vector Shape - Group","hd":false},{"ty":"fl","c":{"a":0,"k":[1,0.8,0.501999978458,1],"ix":4},"o":{"a":0,"k":100,"ix":5},"r":1,"bm":0,"nm":"Fill 1","mn":"ADBE Vector Graphic - Fill","hd":false},{"ty":"tr","p":{"a":0,"k":[153.087,108.213],"ix":2},"a":{"a":0,"k":[0,0],"ix":1},"s":{"a":0,"k":[100,100],"ix":3},"r":{"a":0,"k":0,"ix":6},"o":{"a":0,"k":100,"ix":7},"sk":{"a":0,"k":0,"ix":4},"sa":{"a":0,"k":0,"ix":5},"nm":"Transform"}],"nm":"Group 1","np":2,"cix":2,"bm":0,"ix":1,"mn":"ADBE Vector Group","hd":false}],"ip":0,"op":162,"st":2,"bm":0},{"ddd":0,"ind":5,"ty":1,"nm":"Pale Gray-Royal Blue Solid 3","parent":8,"td":1,"sr":1,"ks":{"o":{"a":0,"k":100,"ix":11},"r":{"a":0,"k":0,"ix":10},"p":{"a":0,"k":[525.507,288.241,0],"ix":2,"l":2},"a":{"a":0,"k":[512,512,0],"ix":1,"l":2},"s":{"a":0,"k":[92,92,100],"ix":6,"l":2}},"ao":0,"hasMask":true,"masksProperties":[{"inv":false,"mode":"a","pt":{"a":0,"k":{"i":[[237.482,0],[0,-101.62],[-237.482,0],[0,101.62]],"o":[[-237.482,0],[0,101.62],[237.482,0],[0,-101.62]],"v":[[514,254],[84,438],[514,622],[944,438]],"c":true},"ix":1},"o":{"a":0,"k":100,"ix":3},"x":{"a":0,"k":0,"ix":4},"nm":"Mask 1"}],"sw":1024,"sh":1024,"sc":"#44484e","ip":0,"op":162,"st":0,"bm":0},{"ddd":0,"ind":6,"ty":4,"nm":"shadow","parent":8,"tt":1,"sr":1,"ks":{"o":{"a":0,"k":100,"ix":11},"r":{"a":0,"k":0,"ix":10},"p":{"a":1,"k":[{"i":{"x":0.667,"y":1},"o":{"x":0.333,"y":0},"t":6,"s":[319.064,213.785,0],"to":[0,0,0],"ti":[0,0,0]},{"i":{"x":0.667,"y":1},"o":{"x":0.333,"y":0},"t":12,"s":[218.682,147.298,0],"to":[0,0,0],"ti":[0,0,0]},{"i":{"x":0.667,"y":1},"o":{"x":0.333,"y":0},"t":18,"s":[319.064,213.785,0],"to":[0,0,0],"ti":[0,0,0]},{"i":{"x":0.667,"y":1},"o":{"x":0.333,"y":0},"t":22,"s":[252.727,171.066,0],"to":[0,0,0],"ti":[0,0,0]},{"i":{"x":0.667,"y":1},"o":{"x":0.333,"y":0},"t":26,"s":[319.064,213.785,0],"to":[0,0,0],"ti":[0,0,0]},{"i":{"x":0.667,"y":1},"o":{"x":0.333,"y":0},"t":32,"s":[259.547,171.213,0],"to":[0,0,0],"ti":[0,0,0]},{"i":{"x":0.667,"y":1},"o":{"x":0.333,"y":0},"t":36,"s":[319.064,213.785,0],"to":[0,0,0],"ti":[0,0,0]},{"i":{"x":0.667,"y":1},"o":{"x":0.333,"y":0},"t":42,"s":[229.522,153.486,0],"to":[0,0,0],"ti":[0,0,0]},{"i":{"x":0.667,"y":1},"o":{"x":0.333,"y":0},"t":48,"s":[319.064,213.785,0],"to":[0,0,0],"ti":[0,0,0]},{"i":{"x":0.667,"y":1},"o":{"x":0.333,"y":0},"t":52,"s":[273.932,184.676,0],"to":[0,0,0],"ti":[0,0,0]},{"i":{"x":0.667,"y":1},"o":{"x":0.333,"y":0},"t":56,"s":[319.064,213.785,0],"to":[0,0,0],"ti":[0,0,0]},{"i":{"x":0.667,"y":1},"o":{"x":0.333,"y":0},"t":62,"s":[260.532,178.666,0],"to":[0,0,0],"ti":[0,0,0]},{"i":{"x":0.667,"y":1},"o":{"x":0.333,"y":0},"t":66,"s":[319.064,213.785,0],"to":[0,0,0],"ti":[0,0,0]},{"i":{"x":0.667,"y":1},"o":{"x":0.333,"y":0},"t":70,"s":[291.523,190.871,0],"to":[0,0,0],"ti":[0,0,0]},{"i":{"x":0.667,"y":1},"o":{"x":0.333,"y":0},"t":74,"s":[319.064,213.785,0],"to":[0,0,0],"ti":[0,0,0]},{"i":{"x":0.667,"y":1},"o":{"x":0.333,"y":0},"t":84,"s":[141.064,93.785,0],"to":[0,0,0],"ti":[0,0,0]},{"i":{"x":0.667,"y":1},"o":{"x":0.333,"y":0},"t":92,"s":[321.064,207.722,0],"to":[0,0,0],"ti":[0,0,0]},{"i":{"x":0.667,"y":1},"o":{"x":0.333,"y":0},"t":98,"s":[309.064,197.472,0],"to":[0,0,0],"ti":[0,0,0]},{"i":{"x":0.667,"y":1},"o":{"x":0.333,"y":0},"t":104,"s":[321.064,207.722,0],"to":[0,0,0],"ti":[0,0,0]},{"t":114,"s":[319.064,213.785,0]}],"ix":2,"l":2},"a":{"a":0,"k":[151.333,106.861,0],"ix":1,"l":2},"s":{"a":0,"k":[100,100,100],"ix":6,"l":2}},"ao":0,"shapes":[{"ty":"gr","it":[{"ind":0,"ty":"sh","ix":1,"ks":{"a":1,"k":[{"i":{"x":0.667,"y":1},"o":{"x":0.333,"y":0},"t":12,"s":[{"i":[[24.2,16.077],[0,0],[0,0],[-28.682,-19.691]],"o":[[-24.2,-16.078],[0,0],[0,0],[28.682,19.69]],"v":[[113.749,90.533],[-151.083,-85.416],[-107.266,-106.61],[122.401,67.896]],"c":true}]},{"i":{"x":0.667,"y":1},"o":{"x":0.333,"y":0},"t":18,"s":[{"i":[[24.2,16.077],[0,0],[0,0],[-28.682,-19.691]],"o":[[-24.2,-16.078],[0,0],[0,0],[28.682,19.69]],"v":[[116.218,118.535],[-151.083,-85.416],[-107.266,-106.61],[124.871,95.898]],"c":true}]},{"i":{"x":0.667,"y":1},"o":{"x":0.333,"y":0},"t":84,"s":[{"i":[[24.2,16.077],[0,0],[0,0],[-28.682,-19.691]],"o":[[-24.2,-16.078],[0,0],[0,0],[28.682,19.69]],"v":[[116.218,118.535],[-151.083,-85.416],[-107.266,-106.61],[124.871,95.898]],"c":true}]},{"t":92,"s":[{"i":[[24.2,16.077],[0,0],[0,0],[-28.682,-19.691]],"o":[[-24.2,-16.078],[0,0],[0,0],[28.682,19.69]],"v":[[113.749,90.533],[-151.083,-85.416],[-107.266,-106.61],[122.401,67.896]],"c":true}]}],"ix":2},"nm":"Path 1","mn":"ADBE Vector Shape - Group","hd":false},{"ty":"fl","c":{"a":0,"k":[1,0.8,0.501999978458,1],"ix":4},"o":{"a":0,"k":100,"ix":5},"r":1,"bm":0,"nm":"Fill 1","mn":"ADBE Vector Graphic - Fill","hd":false},{"ty":"tr","p":{"a":0,"k":[151.333,106.861],"ix":2},"a":{"a":0,"k":[0,0],"ix":1},"s":{"a":0,"k":[100,100],"ix":3},"r":{"a":0,"k":0,"ix":6},"o":{"a":0,"k":100,"ix":7},"sk":{"a":0,"k":0,"ix":4},"sa":{"a":0,"k":0,"ix":5},"nm":"Transform"}],"nm":"Group 1","np":2,"cix":2,"bm":0,"ix":1,"mn":"ADBE Vector Group","hd":false}],"ip":0,"op":162,"st":0,"bm":0},{"ddd":0,"ind":7,"ty":3,"nm":"Pale Gray-Royal Blue Solid 1","sr":1,"ks":{"o":{"a":0,"k":55,"ix":11},"r":{"a":0,"k":0,"ix":10},"p":{"a":0,"k":[514,986,0],"ix":2,"l":2},"a":{"a":0,"k":[514,986,0],"ix":1,"l":2},"s":{"a":1,"k":[{"i":{"x":[0.342,0.312,0.61],"y":[1,1.4,1]},"o":{"x":[0.732,0.611,0.273],"y":[0,0.64,0]},"t":6,"s":[100,100,100]},{"i":{"x":[0.371,0.34,0.638],"y":[1,2.021,1]},"o":{"x":[0.762,0.641,0.303],"y":[0,0.857,0]},"t":12,"s":[100,98,100]},{"i":{"x":[0.381,0.351,0.649],"y":[1,1.319,1]},"o":{"x":[0.773,0.652,0.314],"y":[0,-0.622,0]},"t":18,"s":[100,98.868,100]},{"i":{"x":[0.387,0.356,0.655],"y":[1,0.252,1]},"o":{"x":[0.779,0.658,0.32],"y":[0,0.216,0]},"t":24,"s":[100,100.276,100]},{"i":{"x":[0.39,0.36,0.658],"y":[1,1.762,1]},"o":{"x":[0.783,0.662,0.324],"y":[0,-0.725,0]},"t":30,"s":[100,98.167,100]},{"i":{"x":[0.393,0.363,0.661],"y":[1,5.797,1]},"o":{"x":[0.786,0.664,0.327],"y":[0,4.374,0]},"t":36,"s":[100,100.405,100]},{"i":{"x":[0.395,0.365,0.663],"y":[1,1.749,1]},"o":{"x":[0.788,0.667,0.329],"y":[0,2.031,0]},"t":42,"s":[100,100,100]},{"i":{"x":[0.397,0.367,0.665],"y":[1,0.507,1]},"o":{"x":[0.79,0.668,0.331],"y":[0,0.873,0]},"t":48,"s":[100,101,100]},{"i":{"x":[0.399,0.368,0.666],"y":[1,0.24,1]},"o":{"x":[0.791,0.67,0.333],"y":[0,0.178,0]},"t":54,"s":[100,100.098,100]},{"i":{"x":[0.4,0.37,0.668],"y":[1,0.932,1]},"o":{"x":[0.793,0.672,0.334],"y":[0,-0.602,0]},"t":60,"s":[100,97.463,100]},{"i":{"x":[0.402,0.372,0.67],"y":[1,0.658,1]},"o":{"x":[0.795,0.673,0.336],"y":[0,-0.085,0]},"t":66,"s":[100,101,100]},{"i":{"x":[0.266,0.221,0.668],"y":[1,1.294,1]},"o":{"x":[1,0.841,0.335],"y":[0,-0.457,0]},"t":72,"s":[100,98,100]},{"i":{"x":[0.575,0.562,0.689],"y":[1,1,1]},"o":{"x":[0.548,0.496,0.351],"y":[0,0,0]},"t":76,"s":[100,100,100]},{"i":{"x":[0.399,0.369,0.667],"y":[1,1,1]},"o":{"x":[0.792,0.671,0.333],"y":[0,0,0]},"t":90,"s":[100,100,100]},{"i":{"x":[0.399,0.369,0.667],"y":[1,1,1]},"o":{"x":[0.792,0.671,0.333],"y":[0,0,0]},"t":92,"s":[100,96,100]},{"i":{"x":[0.466,0.443,0.667],"y":[1,1,1]},"o":{"x":[0.677,0.586,0.333],"y":[0,0,0]},"t":98,"s":[100,102,100]},{"i":{"x":[0.466,0.443,0.667],"y":[1,1,1]},"o":{"x":[0.677,0.586,0.333],"y":[0,0,0]},"t":106,"s":[100,98,100]},{"i":{"x":[0.466,0.443,0.667],"y":[1,1,1]},"o":{"x":[0.792,0.671,0.333],"y":[0,0,0]},"t":114,"s":[100,101,100]},{"t":124,"s":[100,100,100]}],"ix":6,"l":2}},"ao":0,"ip":0,"op":162,"st":0,"bm":0},{"ddd":0,"ind":8,"ty":4,"nm":"drum","parent":7,"sr":1,"ks":{"o":{"a":0,"k":100,"ix":11},"r":{"a":1,"k":[{"i":{"x":[0.374],"y":[0.956]},"o":{"x":[0],"y":[0]},"t":8,"s":[0]},{"i":{"x":[0.622],"y":[0.838]},"o":{"x":[0.285],"y":[-0.013]},"t":13,"s":[-1.772]},{"i":{"x":[0.644],"y":[0.883]},"o":{"x":[0.308],"y":[-0.323]},"t":18,"s":[1]},{"i":{"x":[0.653],"y":[1.036]},"o":{"x":[0.318],"y":[0.101]},"t":23,"s":[-0.134]},{"i":{"x":[0.658],"y":[-0.02]},"o":{"x":[0.324],"y":[-0.06]},"t":28,"s":[-1.3]},{"i":{"x":[0.662],"y":[1.017]},"o":{"x":[0.328],"y":[-0.173]},"t":33,"s":[-1.96]},{"i":{"x":[0.665],"y":[1.49]},"o":{"x":[0.331],"y":[0.254]},"t":38,"s":[1.778]},{"i":{"x":[0.668],"y":[-2.599]},"o":{"x":[0.334],"y":[1.033]},"t":43,"s":[1.536]},{"i":{"x":[0.671],"y":[1.251]},"o":{"x":[0.337],"y":[-0.23]},"t":48,"s":[1.651]},{"i":{"x":[0.675],"y":[0.736]},"o":{"x":[0.341],"y":[-0.529]},"t":53,"s":[-0.17]},{"i":{"x":[0.68],"y":[1.11]},"o":{"x":[0.346],"y":[-0.113]},"t":58,"s":[-1.064]},{"i":{"x":[0.689],"y":[1.304]},"o":{"x":[0.354],"y":[0.163]},"t":63,"s":[1.153]},{"i":{"x":[0.667],"y":[1]},"o":{"x":[0.333],"y":[0]},"t":68,"s":[-0.5]},{"i":{"x":[0.667],"y":[1]},"o":{"x":[0.333],"y":[0]},"t":74,"s":[-0.849]},{"t":80,"s":[0]}],"ix":10},"p":{"a":0,"k":[517.398,606.144,0],"ix":2,"l":2},"a":{"a":0,"k":[530.905,382.385,0],"ix":1,"l":2},"s":{"a":0,"k":[101,101,100],"ix":6,"l":2}},"ao":0,"shapes":[{"ty":"gr","it":[{"ind":0,"ty":"sh","ix":1,"ks":{"a":0,"k":{"i":[[5.239,-2.143],[2.461,8.335],[-1.429,8.493],[-6.589,0],[0,-6.589],[-0.397,-7.699]],"o":[[-5.239,2.144],[-2.461,-8.335],[1.429,-8.494],[6.588,0],[0,0],[0.397,7.86]],"v":[[5.954,34.927],[-7.62,22.385],[-10.081,-23.497],[-0.396,-37.07],[11.51,-25.164],[11.114,14.287]],"c":true},"ix":2},"nm":"Path 1","mn":"ADBE Vector Shape - Group","hd":false},{"ty":"fl","c":{"a":0,"k":[1,1,1,1],"ix":4},"o":{"a":0,"k":100,"ix":5},"r":1,"bm":0,"nm":"Fill 1","mn":"ADBE Vector Graphic - Fill","hd":false},{"ty":"tr","p":{"a":0,"k":[348.49,570.992],"ix":2},"a":{"a":0,"k":[0,0],"ix":1},"s":{"a":0,"k":[100,100],"ix":3},"r":{"a":0,"k":0,"ix":6},"o":{"a":0,"k":100,"ix":7},"sk":{"a":0,"k":0,"ix":4},"sa":{"a":0,"k":0,"ix":5},"nm":"Transform"}],"nm":"Group 1","np":2,"cix":2,"bm":0,"ix":1,"mn":"ADBE Vector Group","hd":false},{"ty":"gr","it":[{"ind":0,"ty":"sh","ix":1,"ks":{"a":0,"k":{"i":[[5.239,-2.143],[2.461,8.335],[-1.429,8.493],[-6.589,0],[0,-6.589],[-0.397,-7.699]],"o":[[-5.239,2.144],[-2.461,-8.335],[1.35,-8.415],[6.588,0],[0,0],[0.397,7.86]],"v":[[5.954,34.927],[-7.62,22.385],[-10.081,-23.497],[-0.396,-37.07],[11.51,-25.164],[11.114,14.287]],"c":true},"ix":2},"nm":"Path 1","mn":"ADBE Vector Shape - Group","hd":false},{"ty":"fl","c":{"a":0,"k":[1,1,1,1],"ix":4},"o":{"a":0,"k":100,"ix":5},"r":1,"bm":0,"nm":"Fill 1","mn":"ADBE Vector Graphic - Fill","hd":false},{"ty":"tr","p":{"a":0,"k":[675.138,570.992],"ix":2},"a":{"a":0,"k":[0,0],"ix":1},"s":{"a":0,"k":[100,100],"ix":3},"r":{"a":0,"k":0,"ix":6},"o":{"a":0,"k":100,"ix":7},"sk":{"a":0,"k":0,"ix":4},"sa":{"a":0,"k":0,"ix":5},"nm":"Transform"}],"nm":"Group 2","np":2,"cix":2,"bm":0,"ix":2,"mn":"ADBE Vector Group","hd":false},{"ty":"gr","it":[{"ind":0,"ty":"sh","ix":1,"ks":{"a":0,"k":{"i":[[60.884,37.864],[-3.731,9.605],[-4.207,-5.001],[-61.678,-11.432],[17.305,-1.667]],"o":[[-46.12,-28.656],[2.381,-6.112],[41.675,49.057],[6.43,1.19],[-15.003,1.349]],"v":[[-42.309,15.241],[-105.893,-51.994],[-90.493,-53.105],[98.272,41.913],[92.318,56.757]],"c":true},"ix":2},"nm":"Path 1","mn":"ADBE Vector Shape - Group","hd":false},{"ty":"fl","c":{"a":0,"k":[1,1,1,1],"ix":4},"o":{"a":0,"k":100,"ix":5},"r":1,"bm":0,"nm":"Fill 1","mn":"ADBE Vector Graphic - Fill","hd":false},{"ty":"tr","p":{"a":0,"k":[211.004,338.409],"ix":2},"a":{"a":0,"k":[0,0],"ix":1},"s":{"a":0,"k":[100,100],"ix":3},"r":{"a":0,"k":0,"ix":6},"o":{"a":0,"k":100,"ix":7},"sk":{"a":0,"k":0,"ix":4},"sa":{"a":0,"k":0,"ix":5},"nm":"Transform"}],"nm":"Group 3","np":2,"cix":2,"bm":0,"ix":3,"mn":"ADBE Vector Group","hd":false},{"ty":"gr","it":[{"ind":0,"ty":"sh","ix":1,"ks":{"a":0,"k":{"i":[[-212.669,0],[0,-88.601],[212.669,0],[0,88.601]],"o":[[212.669,0],[0,88.601],[-212.669,0],[0,-88.601]],"v":[[0,-160.426],[385.072,0.001],[0,160.426],[-385.072,0.001]],"c":true},"ix":2},"nm":"Path 1","mn":"ADBE Vector Shape - Group","hd":false},{"ty":"fl","c":{"a":0,"k":[0.995999983245,0.964999988032,0.877999997606,1],"ix":4},"o":{"a":0,"k":100,"ix":5},"r":1,"bm":0,"nm":"Fill 1","mn":"ADBE Vector Graphic - Fill","hd":false},{"ty":"tr","p":{"a":0,"k":[523.125,214.576],"ix":2},"a":{"a":0,"k":[0,0],"ix":1},"s":{"a":0,"k":[100,100],"ix":3},"r":{"a":0,"k":0,"ix":6},"o":{"a":0,"k":100,"ix":7},"sk":{"a":0,"k":0,"ix":4},"sa":{"a":0,"k":0,"ix":5},"nm":"Transform"}],"nm":"Group 4","np":2,"cix":2,"bm":0,"ix":4,"mn":"ADBE Vector Group","hd":false},{"ty":"gr","it":[{"ind":0,"ty":"sh","ix":1,"ks":{"a":0,"k":{"i":[[-230.381,0],[0,-96.01],[230.381,0],[0,96.01]],"o":[[230.381,0],[0,96.01],[-230.381,0],[0,-96.01]],"v":[[0,-173.842],[417.141,0],[0,173.842],[-417.141,0]],"c":true},"ix":2},"nm":"Path 1","mn":"ADBE Vector Shape - Group","hd":false},{"ty":"fl","c":{"a":0,"k":[1,0.8,0.501999978458,1],"ix":4},"o":{"a":0,"k":100,"ix":5},"r":1,"bm":0,"nm":"Fill 1","mn":"ADBE Vector Graphic - Fill","hd":false},{"ty":"tr","p":{"a":0,"k":[523.125,198.462],"ix":2},"a":{"a":0,"k":[0,0],"ix":1},"s":{"a":0,"k":[100,100],"ix":3},"r":{"a":0,"k":0,"ix":6},"o":{"a":0,"k":100,"ix":7},"sk":{"a":0,"k":0,"ix":4},"sa":{"a":0,"k":0,"ix":5},"nm":"Transform"}],"nm":"Group 5","np":2,"cix":2,"bm":0,"ix":5,"mn":"ADBE Vector Group","hd":false},{"ty":"gr","it":[{"ind":0,"ty":"sh","ix":1,"ks":{"a":0,"k":{"i":[[98.193,149.551],[151.616,-0.476],[1.191,-156.933],[-262.827,-0.635]],"o":[[-12.939,-152.807],[-150.266,-1.27],[-82.793,147.806],[263.7,0.635]],"v":[[437.859,-28.973],[-2.382,-224.407],[-442.464,-22.306],[0,225.042]],"c":true},"ix":2},"nm":"Path 1","mn":"ADBE Vector Shape - Group","hd":false},{"ty":"mm","mm":4,"nm":"Merge Paths 1","mn":"ADBE Vector Filter - Merge","hd":false},{"ty":"fl","c":{"a":0,"k":[0.579999976065,0.819999964097,0.877999997606,1],"ix":4},"o":{"a":0,"k":100,"ix":5},"r":1,"bm":0,"nm":"Fill 1","mn":"ADBE Vector Graphic - Fill","hd":false},{"ty":"tr","p":{"a":0,"k":[525.507,225.927],"ix":2},"a":{"a":0,"k":[0,0],"ix":1},"s":{"a":0,"k":[100,100],"ix":3},"r":{"a":0,"k":0,"ix":6},"o":{"a":0,"k":100,"ix":7},"sk":{"a":0,"k":0,"ix":4},"sa":{"a":0,"k":0,"ix":5},"nm":"Transform"}],"nm":"Group 6","np":3,"cix":2,"bm":0,"ix":6,"mn":"ADBE Vector Group","hd":false},{"ty":"gr","it":[{"ind":0,"ty":"sh","ix":1,"ks":{"a":0,"k":{"i":[[0,0],[0,0],[0,0],[0.794,-37.387],[-8.176,-13.891],[-8.415,-2.461],[0,0],[0,0]],"o":[[0,0],[0,0],[-17.781,-1.508],[0,15.559],[4.683,7.779],[0,0],[0,26.116],[0,0]],"v":[[27.108,-151.854],[0.913,-168.047],[0.913,-33.578],[-24.489,8.731],[-18.932,51.993],[0.913,68.822],[0.913,141.931],[25.124,160.585]],"c":true},"ix":2},"nm":"Path 1","mn":"ADBE Vector Shape - Group","hd":false},{"ty":"fl","c":{"a":0,"k":[0.579999976065,0.819999964097,0.877999997606,1],"ix":4},"o":{"a":0,"k":100,"ix":5},"r":1,"bm":0,"nm":"Fill 1","mn":"ADBE Vector Graphic - Fill","hd":false},{"ty":"tr","p":{"a":0,"k":[97.451,431.045],"ix":2},"a":{"a":0,"k":[0,0],"ix":1},"s":{"a":0,"k":[100,100],"ix":3},"r":{"a":0,"k":0,"ix":6},"o":{"a":0,"k":100,"ix":7},"sk":{"a":0,"k":0,"ix":4},"sa":{"a":0,"k":0,"ix":5},"nm":"Transform"}],"nm":"Group 7","np":2,"cix":2,"bm":0,"ix":7,"mn":"ADBE Vector Group","hd":false},{"ty":"gr","it":[{"ind":0,"ty":"sh","ix":1,"ks":{"a":0,"k":{"i":[[1.746,23.496],[17.781,-1.507],[0,0],[0,0],[0,0],[0,26.116],[0,0]],"o":[[-0.794,-37.388],[0,0],[0,0],[0,0],[0,0],[0,0],[25.878,-9.05]],"v":[[24.926,5.159],[-0.475,-37.151],[-0.475,-167.57],[-26.672,-151.377],[-24.766,160.108],[-0.555,141.454],[-0.555,65.25]],"c":true},"ix":2},"nm":"Path 1","mn":"ADBE Vector Shape - Group","hd":false},{"ty":"fl","c":{"a":0,"k":[0.579999976065,0.819999964097,0.877999997606,1],"ix":4},"o":{"a":0,"k":100,"ix":5},"r":1,"bm":0,"nm":"Fill 1","mn":"ADBE Vector Graphic - Fill","hd":false},{"ty":"tr","p":{"a":0,"k":[947.728,434.617],"ix":2},"a":{"a":0,"k":[0,0],"ix":1},"s":{"a":0,"k":[100,100],"ix":3},"r":{"a":0,"k":0,"ix":6},"o":{"a":0,"k":100,"ix":7},"sk":{"a":0,"k":0,"ix":4},"sa":{"a":0,"k":0,"ix":5},"nm":"Transform"}],"nm":"Group 8","np":2,"cix":2,"bm":0,"ix":8,"mn":"ADBE Vector Group","hd":false},{"ty":"gr","it":[{"ind":0,"ty":"sh","ix":1,"ks":{"a":0,"k":{"i":[[-7.224,3.334],[-4.366,6.43],[-0.238,15.558],[11.034,0],[0,0],[0,-11.034],[0,0],[-14.765,-12.224]],"o":[[7.144,-3.254],[9.446,-13.892],[0.476,-32.07],[0,0],[-19.924,8.175],[0,0],[0,16.67],[6.827,5.636]],"v":[[7.502,48.699],[25.282,33.538],[31.713,-9.724],[11.787,-52.033],[-14.805,-52.033],[-34.729,-16.392],[-34.729,2.5],[-19.646,46.397]],"c":true},"ix":2},"nm":"Path 1","mn":"ADBE Vector Shape - Group","hd":false},{"ty":"fl","c":{"a":0,"k":[0.579999976065,0.819999964097,0.877999997606,1],"ix":4},"o":{"a":0,"k":100,"ix":5},"r":1,"bm":0,"nm":"Fill 1","mn":"ADBE Vector Graphic - Fill","hd":false},{"ty":"tr","p":{"a":0,"k":[687.561,573.334],"ix":2},"a":{"a":0,"k":[0,0],"ix":1},"s":{"a":0,"k":[100,100],"ix":3},"r":{"a":0,"k":0,"ix":6},"o":{"a":0,"k":100,"ix":7},"sk":{"a":0,"k":0,"ix":4},"sa":{"a":0,"k":0,"ix":5},"nm":"Transform"}],"nm":"Group 9","np":2,"cix":2,"bm":0,"ix":9,"mn":"ADBE Vector Group","hd":false},{"ty":"gr","it":[{"ind":0,"ty":"sh","ix":1,"ks":{"a":0,"k":{"i":[[13.256,4.843],[3.81,6.826],[0.238,15.558],[-11.034,0],[0,0],[0,-11.034],[0,0],[15.955,-10.557]],"o":[[-7.382,-2.698],[-6.747,-12.146],[-0.476,-33.895],[0,0],[19.924,8.175],[0,0],[0,16.67],[-1.508,1.032]],"v":[[-9.208,47.944],[-26.989,32.783],[-33.419,-10.479],[-13.494,-52.787],[13.098,-52.787],[33.022,-17.147],[33.022,1.745],[17.94,45.642]],"c":true},"ix":2},"nm":"Path 1","mn":"ADBE Vector Shape - Group","hd":false},{"ty":"fl","c":{"a":0,"k":[0.579999976065,0.819999964097,0.877999997606,1],"ix":4},"o":{"a":0,"k":100,"ix":5},"r":1,"bm":0,"nm":"Fill 1","mn":"ADBE Vector Graphic - Fill","hd":false},{"ty":"tr","p":{"a":0,"k":[360.158,574.088],"ix":2},"a":{"a":0,"k":[0,0],"ix":1},"s":{"a":0,"k":[100,100],"ix":3},"r":{"a":0,"k":0,"ix":6},"o":{"a":0,"k":100,"ix":7},"sk":{"a":0,"k":0,"ix":4},"sa":{"a":0,"k":0,"ix":5},"nm":"Transform"}],"nm":"Group 10","np":2,"cix":2,"bm":0,"ix":10,"mn":"ADBE Vector Group","hd":false},{"ty":"gr","it":[{"ind":0,"ty":"sh","ix":1,"ks":{"a":0,"k":{"i":[[0,0],[0,0]],"o":[[0,0],[0,0]],"v":[[686.251,389.847],[686.251,711.256]],"c":false},"ix":2},"nm":"Path 1","mn":"ADBE Vector Shape - Group","hd":false},{"ty":"st","c":{"a":0,"k":[0.579999976065,0.819999964097,0.877999997606,1],"ix":3},"o":{"a":0,"k":100,"ix":4},"w":{"a":0,"k":32.489,"ix":5},"lc":2,"lj":1,"ml":10,"bm":0,"nm":"Stroke 1","mn":"ADBE Vector Graphic - Stroke","hd":false},{"ty":"tr","p":{"a":0,"k":[0,0],"ix":2},"a":{"a":0,"k":[0,0],"ix":1},"s":{"a":0,"k":[100,100],"ix":3},"r":{"a":0,"k":0,"ix":6},"o":{"a":0,"k":100,"ix":7},"sk":{"a":0,"k":0,"ix":4},"sa":{"a":0,"k":0,"ix":5},"nm":"Transform"}],"nm":"Group 11","np":2,"cix":2,"bm":0,"ix":11,"mn":"ADBE Vector Group","hd":false},{"ty":"gr","it":[{"ind":0,"ty":"sh","ix":1,"ks":{"a":0,"k":{"i":[[0,0],[0,0]],"o":[[0,0],[0,0]],"v":[[360,389.847],[360,711.256]],"c":false},"ix":2},"nm":"Path 1","mn":"ADBE Vector Shape - Group","hd":false},{"ty":"st","c":{"a":0,"k":[0.579999976065,0.819999964097,0.877999997606,1],"ix":3},"o":{"a":0,"k":100,"ix":4},"w":{"a":0,"k":32.489,"ix":5},"lc":2,"lj":1,"ml":10,"bm":0,"nm":"Stroke 1","mn":"ADBE Vector Graphic - Stroke","hd":false},{"ty":"tr","p":{"a":0,"k":[0,0],"ix":2},"a":{"a":0,"k":[0,0],"ix":1},"s":{"a":0,"k":[100,100],"ix":3},"r":{"a":0,"k":0,"ix":6},"o":{"a":0,"k":100,"ix":7},"sk":{"a":0,"k":0,"ix":4},"sa":{"a":0,"k":0,"ix":5},"nm":"Transform"}],"nm":"Group 12","np":2,"cix":2,"bm":0,"ix":12,"mn":"ADBE Vector Group","hd":false},{"ty":"gr","it":[{"ind":0,"ty":"sh","ix":1,"ks":{"a":0,"k":{"i":[[-21.115,-8.812],[-119.705,0],[-86.127,36.753],[-12.225,12.622],[0,0],[52.153,-21.671],[114.545,0],[81.682,34.053],[22.702,30.006],[0,0],[0,0]],"o":[[86.445,36.038],[119.704,0],[77.396,-33.022],[0,0],[-22.624,30.006],[-81.682,34.053],[-114.545,0],[-52.073,-21.75],[0,0],[0,0],[17.304,10.399]],"v":[[-319.583,29.847],[0.079,85.73],[319.742,29.847],[417.221,-37.706],[417.221,-85.73],[304.263,-7.144],[0,45.643],[-304.263,-7.144],[-417.22,-85.73],[-417.22,-27.227],[-377.133,1.033]],"c":true},"ix":2},"nm":"Path 1","mn":"ADBE Vector Shape - Group","hd":false},{"ty":"fl","c":{"a":0,"k":[0.741000007181,0.741000007181,0.741000007181,1],"ix":4},"o":{"a":0,"k":100,"ix":5},"r":1,"bm":0,"nm":"Fill 1","mn":"ADBE Vector Graphic - Fill","hd":false},{"ty":"tr","p":{"a":0,"k":[523.046,350.792],"ix":2},"a":{"a":0,"k":[0,0],"ix":1},"s":{"a":0,"k":[100,100],"ix":3},"r":{"a":0,"k":0,"ix":6},"o":{"a":0,"k":100,"ix":7},"sk":{"a":0,"k":0,"ix":4},"sa":{"a":0,"k":0,"ix":5},"nm":"Transform"}],"nm":"Group 13","np":2,"cix":2,"bm":0,"ix":13,"mn":"ADBE Vector Group","hd":false},{"ty":"gr","it":[{"ind":0,"ty":"sh","ix":1,"ks":{"a":0,"k":{"i":[[0,0],[0,0],[0,0],[-227.026,0],[-5.318,94.065],[0,0],[0,0]],"o":[[0,0],[0,0],[5.319,94.065],[227.026,0],[0,0],[0,0],[0,0]],"v":[[-417.141,-265.604],[-417.141,95.971],[-416.903,95.971],[0,265.604],[416.903,95.971],[417.141,95.971],[417.141,-265.604]],"c":true},"ix":2},"nm":"Path 1","mn":"ADBE Vector Shape - Group","hd":false},{"ty":"fl","c":{"a":0,"k":[0.902000038297,0.246999987434,0.2,1],"ix":4},"o":{"a":0,"k":100,"ix":5},"r":1,"bm":0,"nm":"Fill 1","mn":"ADBE Vector Graphic - Fill","hd":false},{"ty":"tr","p":{"a":0,"k":[523.125,448.111],"ix":2},"a":{"a":0,"k":[0,0],"ix":1},"s":{"a":0,"k":[100,100],"ix":3},"r":{"a":0,"k":0,"ix":6},"o":{"a":0,"k":100,"ix":7},"sk":{"a":0,"k":0,"ix":4},"sa":{"a":0,"k":0,"ix":5},"nm":"Transform"}],"nm":"Group 14","np":2,"cix":2,"bm":0,"ix":14,"mn":"ADBE Vector Group","hd":false},{"ty":"gr","it":[{"ind":0,"ty":"sh","ix":1,"ks":{"a":0,"k":{"i":[[0,107.798],[-253.618,0],[0,-76.602],[253.619,0]],"o":[[0,-76.602],[253.619,0],[0,107.798],[-253.618,0]],"v":[[-459.213,-38.301],[0,-156.815],[459.212,-38.301],[0,156.815]],"c":true},"ix":2},"nm":"Path 1","mn":"ADBE Vector Shape - Group","hd":false},{"ty":"fl","c":{"a":0,"k":[0.579999976065,0.819999964097,0.877999997606,1],"ix":4},"o":{"a":0,"k":100,"ix":5},"r":1,"bm":0,"nm":"Fill 1","mn":"ADBE Vector Graphic - Fill","hd":false},{"ty":"tr","p":{"a":0,"k":[525.507,607.705],"ix":2},"a":{"a":0,"k":[0,0],"ix":1},"s":{"a":0,"k":[100,100],"ix":3},"r":{"a":0,"k":0,"ix":6},"o":{"a":0,"k":100,"ix":7},"sk":{"a":0,"k":0,"ix":4},"sa":{"a":0,"k":0,"ix":5},"nm":"Transform"}],"nm":"Group 15","np":2,"cix":2,"bm":0,"ix":15,"mn":"ADBE Vector Group","hd":false}],"ip":0,"op":162,"st":0,"bm":0}],"markers":[{"tm":146,"cm":"rest","dr":0}]}