{"v":"5.8.1","fr":60,"ip":0,"op":110,"w":1024,"h":1024,"nm":"emoji_dolphin_time remap","ddd":0,"assets":[{"id":"comp_0","nm":"emoji_dolphin","fr":60,"layers":[{"ddd":0,"ind":1,"ty":4,"nm":"MASK 4","td":1,"sr":1,"ks":{"o":{"a":0,"k":100,"ix":11},"r":{"a":0,"k":0,"ix":10},"p":{"a":0,"k":[511,463.917,0],"ix":2,"l":2},"a":{"a":0,"k":[-1,-48.083,0],"ix":1,"l":2},"s":{"a":0,"k":[100,100,100],"ix":6,"l":2}},"ao":0,"shapes":[{"ty":"gr","it":[{"ind":0,"ty":"sh","ix":1,"ks":{"a":1,"k":[{"i":{"x":0.833,"y":0.833},"o":{"x":0.167,"y":0.167},"t":0,"s":[{"i":[[0,0],[0,0],[-6,-112],[-80.875,-1.797],[-88.404,5.358],[-132,2],[-38.475,-51.3],[-24,26],[0,72]],"o":[[0,0],[0,0],[6,112],[90,2],[66,-4],[63.554,-0.963],[48,64],[43.748,-47.393],[0,-72]],"v":[[524,-524],[-526,-524],[-518,206],[-374,460],[-202,390],[2,442],[242,434],[410,424],[520,266]],"c":true}]},{"i":{"x":0.833,"y":0.833},"o":{"x":0.167,"y":0.167},"t":6,"s":[{"i":[[0,0],[0,0],[-6,-112],[-79.28,16.086],[-46,-11],[-132,2],[-38.475,-51.3],[-24,26],[0,72]],"o":[[0,0],[0,0],[6,112],[69,-14],[64.308,15.378],[63.554,-0.963],[48,64],[43.748,-47.393],[0,-72]],"v":[[524,-524],[-526,-524],[-518,206],[-414,436],[-242,440],[2,442],[242,434],[410,424],[520,266]],"c":true}]},{"i":{"x":0.833,"y":0.833},"o":{"x":0.167,"y":0.167},"t":14,"s":[{"i":[[0,0],[0,0],[-6,-112],[-80.875,-1.797],[-88,10],[-71.733,-16.198],[-38.475,-51.3],[-24,26],[0,72]],"o":[[0,0],[0,0],[6,112],[90,2],[88,-10],[62,14],[48,64],[43.748,-47.393],[0,-72]],"v":[[524,-524],[-526,-524],[-518,206],[-374,382],[-136,302],[48,382],[242,434],[410,424],[520,266]],"c":true}]},{"i":{"x":0.833,"y":0.833},"o":{"x":0.167,"y":0.167},"t":36,"s":[{"i":[[0,0],[0,0],[-6,-112],[-80.875,-1.797],[-88,10],[-58,-28],[-64,4],[-52.394,6.549],[0,72]],"o":[[0,0],[0,0],[6,112],[90,2],[88,-10],[51.576,24.899],[64,-4],[64,-8],[0,-72]],"v":[[524,-524],[-526,-524],[-518,270],[-374,446],[92,348],[164,474],[334,316],[410,454],[520,330]],"c":true}]},{"i":{"x":0.667,"y":1},"o":{"x":0.167,"y":0.167},"t":48,"s":[{"i":[[0,0],[0,0],[-6,-112],[-80.875,-0.718],[-88,3.994],[-71.733,-6.469],[-49.403,40.717],[-52.394,2.616],[0,72]],"o":[[0,0],[0,0],[6,112],[90,0.799],[88,-3.994],[62,5.592],[50,-41.209],[64,-3.195],[0,-72]],"v":[[524,-524],[-526,-524],[-518,341.444],[-374,466.381],[-147.96,424.428],[48,466.381],[210,403.209],[382,251.576],[520,353.603]],"c":true}]},{"i":{"x":0.667,"y":1},"o":{"x":0.167,"y":0},"t":58,"s":[{"i":[[0,0],[0,0],[-6,-112],[-80.875,-0.353],[-88,1.965],[-71.733,-3.184],[-64,0.786],[-52.394,1.287],[0,72]],"o":[[0,0],[0,0],[6,112],[90,0.393],[88,-1.966],[62,2.752],[64,-0.786],[64,-1.573],[0,-72]],"v":[[524,-524],[-526,-524],[-518,430],[-374,537.689],[-152,521.966],[48,537.689],[222,528.255],[410,539.262],[520,426]],"c":true}]},{"i":{"x":0.833,"y":0.833},"o":{"x":0.167,"y":0},"t":76,"s":[{"i":[[0,0],[0,0],[-6,-112],[-80.875,-0.353],[-88,1.965],[-71.733,-3.184],[-64,0.786],[-52.394,1.287],[0,72]],"o":[[0,0],[0,0],[6,112],[90,0.393],[88,-1.966],[62,2.752],[64,-0.786],[64,-1.573],[0,-72]],"v":[[524,-524],[-526,-524],[-518,430],[-374,537.689],[-152,521.966],[48,537.689],[222,528.255],[410,539.262],[520,426]],"c":true}]},{"i":{"x":0.833,"y":0.833},"o":{"x":0.167,"y":0.167},"t":96,"s":[{"i":[[0,0],[0,0],[-116,-64],[-84,-20],[-56.094,2.337],[-64,0],[-64,4],[-52.394,6.549],[0,72]],"o":[[0,0],[0,0],[105.84,58.394],[54.789,13.045],[48,-2],[63.561,0],[64,-4],[64,-8],[0,-72]],"v":[[524,-524],[-526,-524],[-470,224],[-394,394],[-264,374],[-178,410],[-82,334],[410,390],[520,266]],"c":true}]},{"i":{"x":0.833,"y":0.833},"o":{"x":0.167,"y":0.167},"t":112,"s":[{"i":[[0,0],[0,0],[-29.019,-129.267],[-61.057,-61.057],[-56.094,2.337],[-48.165,42.144],[-59.816,23.111],[-52.394,6.549],[0,72]],"o":[[0,0],[0,0],[22,98],[28,28],[48,-2],[48,-42],[88,-34],[64,-8],[0,-72]],"v":[[524,-524],[-526,-524],[-514,210],[-410,402],[-274,438],[-156,386],[-56,294],[410,390],[520,266]],"c":true}]},{"t":120,"s":[{"i":[[0,0],[0,0],[-6,-112],[-80.875,-1.797],[-88.404,5.358],[-132,2],[-38.475,-51.3],[-24,26],[0,72]],"o":[[0,0],[0,0],[6,112],[90,2],[66,-4],[63.554,-0.963],[48,64],[43.748,-47.393],[0,-72]],"v":[[524,-524],[-526,-524],[-518,206],[-374,460],[-202,390],[2,442],[242,434],[410,424],[520,266]],"c":true}]}],"ix":2},"nm":"Path 1","mn":"ADBE Vector Shape - Group","hd":false},{"ty":"fl","c":{"a":0,"k":[0.685999971278,0.051000000449,0.102000000898,1],"ix":4},"o":{"a":0,"k":100,"ix":5},"r":1,"bm":0,"nm":"Fill 1","mn":"ADBE Vector Graphic - Fill","hd":false},{"ty":"tr","p":{"a":0,"k":[0,0],"ix":2},"a":{"a":0,"k":[0,0],"ix":1},"s":{"a":0,"k":[100,100],"ix":3},"r":{"a":0,"k":0,"ix":6},"o":{"a":0,"k":100,"ix":7},"sk":{"a":0,"k":0,"ix":4},"sa":{"a":0,"k":0,"ix":5},"nm":"Transform"}],"nm":"Shape 1","np":3,"cix":2,"bm":0,"ix":1,"mn":"ADBE Vector Group","hd":false}],"ip":0,"op":122,"st":0,"bm":0},{"ddd":0,"ind":2,"ty":4,"nm":"drops 2","tt":1,"sr":1,"ks":{"o":{"a":0,"k":100,"ix":11},"r":{"a":0,"k":0,"ix":10},"p":{"a":0,"k":[780,956.5,0],"ix":2,"l":2},"a":{"a":0,"k":[-260,504.5,0],"ix":1,"l":2},"s":{"a":0,"k":[100,100,100],"ix":6,"l":2}},"ao":0,"shapes":[{"ty":"gr","it":[{"ind":0,"ty":"sh","ix":1,"ks":{"a":1,"k":[{"i":{"x":0.45,"y":1},"o":{"x":0.167,"y":0.167},"t":30,"s":[{"i":[[4.418,0],[0,-4.418],[-4.418,0],[0,4.418]],"o":[[-4.418,0],[0,4.418],[4.418,0],[0,-4.418]],"v":[[-208,302],[-216,310],[-208,318],[-200,310]],"c":true}]},{"i":{"x":0.833,"y":0.833},"o":{"x":0.55,"y":0},"t":46,"s":[{"i":[[4.418,0],[0,-4.418],[-4.418,0],[0,4.418]],"o":[[-4.418,0],[0,4.418],[4.418,0],[0,-4.418]],"v":[[-208,102],[-216,110],[-208,118],[-200,110]],"c":true}]},{"t":58,"s":[{"i":[[4.418,0],[0,-4.418],[-4.418,0],[0,4.418]],"o":[[-4.418,0],[0,4.418],[4.418,0],[0,-4.418]],"v":[[-208,262],[-216,270],[-208,278],[-200,270]],"c":true}]}],"ix":2},"nm":"Path 1","mn":"ADBE Vector Shape - Group","hd":false},{"ty":"fl","c":{"a":0,"k":[1,1,1,1],"ix":4},"o":{"a":0,"k":100,"ix":5},"r":1,"bm":0,"nm":"Fill 1","mn":"ADBE Vector Graphic - Fill","hd":false},{"ty":"tr","p":{"a":0,"k":[-94,240],"ix":2},"a":{"a":0,"k":[0,0],"ix":1},"s":{"a":0,"k":[100,100],"ix":3},"r":{"a":0,"k":0,"ix":6},"o":{"a":0,"k":100,"ix":7},"sk":{"a":0,"k":0,"ix":4},"sa":{"a":0,"k":0,"ix":5},"nm":"Transform"}],"nm":"Ellipse 4","np":3,"cix":2,"bm":0,"ix":1,"mn":"ADBE Vector Group","hd":false},{"ty":"gr","it":[{"ind":0,"ty":"sh","ix":1,"ks":{"a":1,"k":[{"i":{"x":0.45,"y":1},"o":{"x":0.167,"y":0.167},"t":30,"s":[{"i":[[7.456,0],[0,-7.456],[-7.456,0],[0,7.456]],"o":[[-7.456,0],[0,7.456],[7.456,0],[0,-7.456]],"v":[[-40,46.5],[-53.5,60],[-40,73.5],[-26.5,60]],"c":true}]},{"i":{"x":0.833,"y":0.833},"o":{"x":0.55,"y":0},"t":42,"s":[{"i":[[7.456,0],[0,-7.456],[-7.456,0],[0,7.456]],"o":[[-7.456,0],[0,7.456],[7.456,0],[0,-7.456]],"v":[[-40,-73.5],[-53.5,-60],[-40,-46.5],[-26.5,-60]],"c":true}]},{"t":58,"s":[{"i":[[7.456,0],[0,-7.456],[-7.456,0],[0,7.456]],"o":[[-7.456,0],[0,7.456],[7.456,0],[0,-7.456]],"v":[[-40,166.5],[-53.5,180],[-40,193.5],[-26.5,180]],"c":true}]}],"ix":2},"nm":"Path 1","mn":"ADBE Vector Shape - Group","hd":false},{"ty":"fl","c":{"a":0,"k":[1,1,1,1],"ix":4},"o":{"a":0,"k":100,"ix":5},"r":1,"bm":0,"nm":"Fill 1","mn":"ADBE Vector Graphic - Fill","hd":false},{"ty":"tr","p":{"a":0,"k":[-190.5,365.5],"ix":2},"a":{"a":0,"k":[0,0],"ix":1},"s":{"a":0,"k":[100,100],"ix":3},"r":{"a":0,"k":0,"ix":6},"o":{"a":0,"k":100,"ix":7},"sk":{"a":0,"k":0,"ix":4},"sa":{"a":0,"k":0,"ix":5},"nm":"Transform"}],"nm":"Ellipse 2","np":3,"cix":2,"bm":0,"ix":2,"mn":"ADBE Vector Group","hd":false},{"ty":"gr","it":[{"ind":0,"ty":"sh","ix":1,"ks":{"a":1,"k":[{"i":{"x":0.45,"y":1},"o":{"x":0.167,"y":0.167},"t":30,"s":[{"i":[[7.732,0],[0,-7.732],[-7.732,0],[0,7.732]],"o":[[-7.732,0],[0,7.732],[7.732,0],[0,-7.732]],"v":[[-60,62],[-74,76],[-60,90],[-46,76]],"c":true}]},{"i":{"x":0.833,"y":0.833},"o":{"x":0.55,"y":0},"t":42,"s":[{"i":[[7.732,0],[0,-7.732],[-7.732,0],[0,7.732]],"o":[[-7.732,0],[0,7.732],[7.732,0],[0,-7.732]],"v":[[-60,34],[-74,48],[-60,62],[-46,48]],"c":true}]},{"t":58,"s":[{"i":[[7.732,0],[0,-7.732],[-7.732,0],[0,7.732]],"o":[[-7.732,0],[0,7.732],[7.732,0],[0,-7.732]],"v":[[-60,142],[-74,156],[-60,170],[-46,156]],"c":true}]}],"ix":2},"nm":"Path 1","mn":"ADBE Vector Shape - Group","hd":false},{"ty":"fl","c":{"a":0,"k":[1,1,1,1],"ix":4},"o":{"a":0,"k":100,"ix":5},"r":1,"bm":0,"nm":"Fill 1","mn":"ADBE Vector Graphic - Fill","hd":false},{"ty":"tr","p":{"a":0,"k":[-361,385],"ix":2},"a":{"a":0,"k":[0,0],"ix":1},"s":{"a":0,"k":[100,100],"ix":3},"r":{"a":0,"k":0,"ix":6},"o":{"a":0,"k":100,"ix":7},"sk":{"a":0,"k":0,"ix":4},"sa":{"a":0,"k":0,"ix":5},"nm":"Transform"}],"nm":"Ellipse 1","np":3,"cix":2,"bm":0,"ix":3,"mn":"ADBE Vector Group","hd":false}],"ip":28,"op":60,"st":16,"bm":0},{"ddd":0,"ind":3,"ty":4,"nm":"MASK 2","td":1,"sr":1,"ks":{"o":{"a":0,"k":100,"ix":11},"r":{"a":0,"k":0,"ix":10},"p":{"a":0,"k":[511,463.917,0],"ix":2,"l":2},"a":{"a":0,"k":[-1,-48.083,0],"ix":1,"l":2},"s":{"a":0,"k":[100,100,100],"ix":6,"l":2}},"ao":0,"shapes":[{"ty":"gr","it":[{"ind":0,"ty":"sh","ix":1,"ks":{"a":1,"k":[{"i":{"x":0.833,"y":0.833},"o":{"x":0.167,"y":0.167},"t":0,"s":[{"i":[[0,0],[0,0],[-6,-112],[-80.875,-1.797],[-88.404,5.358],[-132,2],[-38.475,-51.3],[-24,26],[0,72]],"o":[[0,0],[0,0],[6,112],[90,2],[66,-4],[63.554,-0.963],[48,64],[43.748,-47.393],[0,-72]],"v":[[524,-524],[-526,-524],[-518,206],[-374,460],[-202,390],[2,442],[242,434],[410,424],[520,266]],"c":true}]},{"i":{"x":0.833,"y":0.833},"o":{"x":0.167,"y":0.167},"t":6,"s":[{"i":[[0,0],[0,0],[-6,-112],[-79.28,16.086],[-46,-11],[-132,2],[-38.475,-51.3],[-24,26],[0,72]],"o":[[0,0],[0,0],[6,112],[69,-14],[64.308,15.378],[63.554,-0.963],[48,64],[43.748,-47.393],[0,-72]],"v":[[524,-524],[-526,-524],[-518,206],[-414,436],[-242,440],[2,442],[242,434],[410,424],[520,266]],"c":true}]},{"i":{"x":0.833,"y":0.833},"o":{"x":0.167,"y":0.167},"t":14,"s":[{"i":[[0,0],[0,0],[-6,-112],[-80.875,-1.797],[-88,10],[-71.733,-16.198],[-38.475,-51.3],[-24,26],[0,72]],"o":[[0,0],[0,0],[6,112],[90,2],[88,-10],[62,14],[48,64],[43.748,-47.393],[0,-72]],"v":[[524,-524],[-526,-524],[-518,206],[-374,382],[-136,302],[48,382],[242,434],[410,424],[520,266]],"c":true}]},{"i":{"x":0.833,"y":0.833},"o":{"x":0.167,"y":0.167},"t":36,"s":[{"i":[[0,0],[0,0],[-6,-112],[-80.875,-1.797],[-88,10],[-58,-28],[-64,4],[-52.394,6.549],[0,72]],"o":[[0,0],[0,0],[6,112],[90,2],[88,-10],[51.576,24.899],[64,-4],[64,-8],[0,-72]],"v":[[524,-524],[-526,-524],[-518,270],[-374,446],[92,348],[164,474],[334,316],[410,454],[520,330]],"c":true}]},{"i":{"x":0.667,"y":1},"o":{"x":0.167,"y":0.167},"t":48,"s":[{"i":[[0,0],[0,0],[-6,-112],[-80.875,-0.718],[-88,3.994],[-71.733,-6.469],[-49.403,40.717],[-52.394,2.616],[0,72]],"o":[[0,0],[0,0],[6,112],[90,0.799],[88,-3.994],[62,5.592],[50,-41.209],[64,-3.195],[0,-72]],"v":[[524,-524],[-526,-524],[-518,341.444],[-374,466.381],[-147.96,424.428],[48,466.381],[210,403.209],[382,251.576],[520,353.603]],"c":true}]},{"i":{"x":0.667,"y":1},"o":{"x":0.167,"y":0},"t":58,"s":[{"i":[[0,0],[0,0],[-6,-112],[-80.875,-0.353],[-88,1.965],[-71.733,-3.184],[-64,0.786],[-52.394,1.287],[0,72]],"o":[[0,0],[0,0],[6,112],[90,0.393],[88,-1.966],[62,2.752],[64,-0.786],[64,-1.573],[0,-72]],"v":[[524,-524],[-526,-524],[-518,430],[-374,537.689],[-152,521.966],[48,537.689],[222,528.255],[410,539.262],[520,426]],"c":true}]},{"i":{"x":0.833,"y":0.833},"o":{"x":0.167,"y":0},"t":76,"s":[{"i":[[0,0],[0,0],[-6,-112],[-80.875,-0.353],[-88,1.965],[-71.733,-3.184],[-64,0.786],[-52.394,1.287],[0,72]],"o":[[0,0],[0,0],[6,112],[90,0.393],[88,-1.966],[62,2.752],[64,-0.786],[64,-1.573],[0,-72]],"v":[[524,-524],[-526,-524],[-518,430],[-374,537.689],[-152,521.966],[48,537.689],[222,528.255],[410,539.262],[520,426]],"c":true}]},{"i":{"x":0.833,"y":0.833},"o":{"x":0.167,"y":0.167},"t":96,"s":[{"i":[[0,0],[0,0],[-116,-64],[-84,-20],[-56.094,2.337],[-64,0],[-64,4],[-52.394,6.549],[0,72]],"o":[[0,0],[0,0],[105.84,58.394],[54.789,13.045],[48,-2],[63.561,0],[64,-4],[64,-8],[0,-72]],"v":[[524,-524],[-526,-524],[-470,224],[-394,394],[-264,374],[-178,410],[-82,334],[410,390],[520,266]],"c":true}]},{"i":{"x":0.833,"y":0.833},"o":{"x":0.167,"y":0.167},"t":112,"s":[{"i":[[0,0],[0,0],[-29.019,-129.267],[-61.057,-61.057],[-56.094,2.337],[-48.165,42.144],[-59.816,23.111],[-52.394,6.549],[0,72]],"o":[[0,0],[0,0],[22,98],[28,28],[48,-2],[48,-42],[88,-34],[64,-8],[0,-72]],"v":[[524,-524],[-526,-524],[-514,210],[-410,402],[-274,438],[-156,386],[-56,294],[410,390],[520,266]],"c":true}]},{"t":120,"s":[{"i":[[0,0],[0,0],[-6,-112],[-80.875,-1.797],[-88.404,5.358],[-132,2],[-38.475,-51.3],[-24,26],[0,72]],"o":[[0,0],[0,0],[6,112],[90,2],[66,-4],[63.554,-0.963],[48,64],[43.748,-47.393],[0,-72]],"v":[[524,-524],[-526,-524],[-518,206],[-374,460],[-202,390],[2,442],[242,434],[410,424],[520,266]],"c":true}]}],"ix":2},"nm":"Path 1","mn":"ADBE Vector Shape - Group","hd":false},{"ty":"fl","c":{"a":0,"k":[0.685999971278,0.051000000449,0.102000000898,1],"ix":4},"o":{"a":0,"k":100,"ix":5},"r":1,"bm":0,"nm":"Fill 1","mn":"ADBE Vector Graphic - Fill","hd":false},{"ty":"tr","p":{"a":0,"k":[0,0],"ix":2},"a":{"a":0,"k":[0,0],"ix":1},"s":{"a":0,"k":[100,100],"ix":3},"r":{"a":0,"k":0,"ix":6},"o":{"a":0,"k":100,"ix":7},"sk":{"a":0,"k":0,"ix":4},"sa":{"a":0,"k":0,"ix":5},"nm":"Transform"}],"nm":"Shape 1","np":3,"cix":2,"bm":0,"ix":1,"mn":"ADBE Vector Group","hd":false}],"ip":0,"op":122,"st":0,"bm":0},{"ddd":0,"ind":4,"ty":4,"nm":"drops","tt":1,"sr":1,"ks":{"o":{"a":0,"k":100,"ix":11},"r":{"a":0,"k":0,"ix":10},"p":{"a":0,"k":[512,512,0],"ix":2,"l":2},"a":{"a":0,"k":[0,0,0],"ix":1,"l":2},"s":{"a":0,"k":[100,100,100],"ix":6,"l":2}},"ao":0,"shapes":[{"ty":"gr","it":[{"ind":0,"ty":"sh","ix":1,"ks":{"a":1,"k":[{"i":{"x":0,"y":1},"o":{"x":0.167,"y":0.167},"t":98,"s":[{"i":[[4.694,0],[0,-4.694],[-4.694,0],[0,4.694]],"o":[[-4.694,0],[0,4.694],[4.694,0],[0,-4.694]],"v":[[2,248.5],[-6.5,257],[2,265.5],[10.5,257]],"c":true}]},{"i":{"x":0.833,"y":0.833},"o":{"x":1,"y":0},"t":108,"s":[{"i":[[4.694,0],[0,-4.694],[-4.694,0],[0,4.694]],"o":[[-4.694,0],[0,4.694],[4.694,0],[0,-4.694]],"v":[[2,-71.5],[-6.5,-63],[2,-54.5],[10.5,-63]],"c":true}]},{"t":120,"s":[{"i":[[4.694,0],[0,-4.694],[-4.694,0],[0,4.694]],"o":[[-4.694,0],[0,4.694],[4.694,0],[0,-4.694]],"v":[[2,200.5],[-6.5,209],[2,217.5],[10.5,209]],"c":true}]}],"ix":2},"nm":"Path 1","mn":"ADBE Vector Shape - Group","hd":false},{"ty":"fl","c":{"a":0,"k":[1,1,1,1],"ix":4},"o":{"a":0,"k":100,"ix":5},"r":1,"bm":0,"nm":"Fill 1","mn":"ADBE Vector Graphic - Fill","hd":false},{"ty":"tr","p":{"a":0,"k":[-440.5,214.5],"ix":2},"a":{"a":0,"k":[0,0],"ix":1},"s":{"a":0,"k":[100,100],"ix":3},"r":{"a":0,"k":0,"ix":6},"o":{"a":0,"k":100,"ix":7},"sk":{"a":0,"k":0,"ix":4},"sa":{"a":0,"k":0,"ix":5},"nm":"Transform"}],"nm":"Ellipse 5","np":3,"cix":2,"bm":0,"ix":1,"mn":"ADBE Vector Group","hd":false},{"ty":"gr","it":[{"ind":0,"ty":"sh","ix":1,"ks":{"a":1,"k":[{"i":{"x":0,"y":1},"o":{"x":0.167,"y":0.167},"t":98,"s":[{"i":[[4.142,0],[0,-4.142],[-4.142,0],[0,4.142]],"o":[[-4.142,0],[0,4.142],[4.142,0],[0,-4.142]],"v":[[0,288.5],[-7.5,296],[0,303.5],[7.5,296]],"c":true}]},{"i":{"x":0.833,"y":0.833},"o":{"x":1,"y":0},"t":108,"s":[{"i":[[3.314,0],[0,-3.314],[-3.314,0],[0,3.314]],"o":[[-3.314,0],[0,3.314],[3.314,0],[0,-3.314]],"v":[[0,-70],[-6,-64],[0,-58],[6,-64]],"c":true}]},{"t":120,"s":[{"i":[[2.209,0],[0,-2.209],[-2.209,0],[0,2.209]],"o":[[-2.209,0],[0,2.209],[2.209,0],[0,-2.209]],"v":[[0,132],[-4,136],[0,140],[4,136]],"c":true}]}],"ix":2},"nm":"Path 1","mn":"ADBE Vector Shape - Group","hd":false},{"ty":"fl","c":{"a":0,"k":[1,1,1,1],"ix":4},"o":{"a":0,"k":100,"ix":5},"r":1,"bm":0,"nm":"Fill 1","mn":"ADBE Vector Graphic - Fill","hd":false},{"ty":"tr","p":{"a":0,"k":[-94,240],"ix":2},"a":{"a":0,"k":[0,0],"ix":1},"s":{"a":0,"k":[100,100],"ix":3},"r":{"a":0,"k":0,"ix":6},"o":{"a":0,"k":100,"ix":7},"sk":{"a":0,"k":0,"ix":4},"sa":{"a":0,"k":0,"ix":5},"nm":"Transform"}],"nm":"Ellipse 4","np":3,"cix":2,"bm":0,"ix":2,"mn":"ADBE Vector Group","hd":false},{"ty":"gr","it":[{"ind":0,"ty":"sh","ix":1,"ks":{"a":1,"k":[{"i":{"x":0,"y":1},"o":{"x":0.167,"y":0.167},"t":98,"s":[{"i":[[9.941,0],[0,-9.941],[-9.941,0],[0,9.941]],"o":[[-9.941,0],[0,9.941],[9.941,0],[0,-9.941]],"v":[[0,198],[-18,216],[0,234],[18,216]],"c":true}]},{"i":{"x":0.833,"y":0.833},"o":{"x":1,"y":0},"t":104,"s":[{"i":[[9.941,0],[0,-9.941],[-9.941,0],[0,9.941]],"o":[[-9.941,0],[0,9.941],[9.941,0],[0,-9.941]],"v":[[0,-82],[-18,-64],[0,-46],[18,-64]],"c":true}]},{"t":120,"s":[{"i":[[9.941,0],[0,-9.941],[-9.941,0],[0,9.941]],"o":[[-9.941,0],[0,9.941],[9.941,0],[0,-9.941]],"v":[[0,158],[-18,176],[0,194],[18,176]],"c":true}]}],"ix":2},"nm":"Path 1","mn":"ADBE Vector Shape - Group","hd":false},{"ty":"fl","c":{"a":0,"k":[1,1,1,1],"ix":4},"o":{"a":0,"k":100,"ix":5},"r":1,"bm":0,"nm":"Fill 1","mn":"ADBE Vector Graphic - Fill","hd":false},{"ty":"tr","p":{"a":0,"k":[-130,281],"ix":2},"a":{"a":0,"k":[0,0],"ix":1},"s":{"a":0,"k":[100,100],"ix":3},"r":{"a":0,"k":0,"ix":6},"o":{"a":0,"k":100,"ix":7},"sk":{"a":0,"k":0,"ix":4},"sa":{"a":0,"k":0,"ix":5},"nm":"Transform"}],"nm":"Ellipse 3","np":3,"cix":2,"bm":0,"ix":3,"mn":"ADBE Vector Group","hd":false},{"ty":"gr","it":[{"ind":0,"ty":"sh","ix":1,"ks":{"a":1,"k":[{"i":{"x":0,"y":1},"o":{"x":0.167,"y":0.167},"t":102,"s":[{"i":[[7.456,0],[0,-7.456],[-7.456,0],[0,7.456]],"o":[[-7.456,0],[0,7.456],[7.456,0],[0,-7.456]],"v":[[0,86.5],[-13.5,100],[0,113.5],[13.5,100]],"c":true}]},{"i":{"x":0.833,"y":0.833},"o":{"x":1,"y":0},"t":114,"s":[{"i":[[7.456,0],[0,-7.456],[-7.456,0],[0,7.456]],"o":[[-7.456,0],[0,7.456],[7.456,0],[0,-7.456]],"v":[[0,-69.5],[-13.5,-56],[0,-42.5],[13.5,-56]],"c":true}]},{"t":120,"s":[{"i":[[7.456,0],[0,-7.456],[-7.456,0],[0,7.456]],"o":[[-7.456,0],[0,7.456],[7.456,0],[0,-7.456]],"v":[[0,86.5],[-13.5,100],[0,113.5],[13.5,100]],"c":true}]}],"ix":2},"nm":"Path 1","mn":"ADBE Vector Shape - Group","hd":false},{"ty":"fl","c":{"a":0,"k":[1,1,1,1],"ix":4},"o":{"a":0,"k":100,"ix":5},"r":1,"bm":0,"nm":"Fill 1","mn":"ADBE Vector Graphic - Fill","hd":false},{"ty":"tr","p":{"a":0,"k":[-190.5,365.5],"ix":2},"a":{"a":0,"k":[0,0],"ix":1},"s":{"a":0,"k":[100,100],"ix":3},"r":{"a":0,"k":0,"ix":6},"o":{"a":0,"k":100,"ix":7},"sk":{"a":0,"k":0,"ix":4},"sa":{"a":0,"k":0,"ix":5},"nm":"Transform"}],"nm":"Ellipse 2","np":3,"cix":2,"bm":0,"ix":4,"mn":"ADBE Vector Group","hd":false},{"ty":"gr","it":[{"ind":0,"ty":"sh","ix":1,"ks":{"a":1,"k":[{"i":{"x":0,"y":1},"o":{"x":0.167,"y":0.167},"t":100,"s":[{"i":[[7.732,0],[0,-7.732],[-7.732,0],[0,7.732]],"o":[[-7.732,0],[0,7.732],[7.732,0],[0,-7.732]],"v":[[0,82],[-14,96],[0,110],[14,96]],"c":true}]},{"i":{"x":0.833,"y":0.833},"o":{"x":1,"y":0},"t":108,"s":[{"i":[[7.732,0],[0,-7.732],[-7.732,0],[0,7.732]],"o":[[-7.732,0],[0,7.732],[7.732,0],[0,-7.732]],"v":[[0,-78],[-14,-64],[0,-50],[14,-64]],"c":true}]},{"t":120,"s":[{"i":[[7.732,0],[0,-7.732],[-7.732,0],[0,7.732]],"o":[[-7.732,0],[0,7.732],[7.732,0],[0,-7.732]],"v":[[0,74],[-14,88],[0,102],[14,88]],"c":true}]}],"ix":2},"nm":"Path 1","mn":"ADBE Vector Shape - Group","hd":false},{"ty":"fl","c":{"a":0,"k":[1,1,1,1],"ix":4},"o":{"a":0,"k":100,"ix":5},"r":1,"bm":0,"nm":"Fill 1","mn":"ADBE Vector Graphic - Fill","hd":false},{"ty":"tr","p":{"a":0,"k":[-361,385],"ix":2},"a":{"a":0,"k":[0,0],"ix":1},"s":{"a":0,"k":[100,100],"ix":3},"r":{"a":0,"k":0,"ix":6},"o":{"a":0,"k":100,"ix":7},"sk":{"a":0,"k":0,"ix":4},"sa":{"a":0,"k":0,"ix":5},"nm":"Transform"}],"nm":"Ellipse 1","np":3,"cix":2,"bm":0,"ix":5,"mn":"ADBE Vector Group","hd":false}],"ip":104,"op":122,"st":0,"bm":0},{"ddd":0,"ind":5,"ty":4,"nm":"MASK","td":1,"sr":1,"ks":{"o":{"a":0,"k":100,"ix":11},"r":{"a":0,"k":0,"ix":10},"p":{"a":0,"k":[511,463.917,0],"ix":2,"l":2},"a":{"a":0,"k":[-1,-48.083,0],"ix":1,"l":2},"s":{"a":0,"k":[100,100,100],"ix":6,"l":2}},"ao":0,"shapes":[{"ty":"gr","it":[{"ind":0,"ty":"sh","ix":1,"ks":{"a":1,"k":[{"i":{"x":0.833,"y":0.833},"o":{"x":0.167,"y":0.167},"t":0,"s":[{"i":[[0,0],[0,0],[-6,-112],[-80.875,-1.797],[-88.404,5.358],[-132,2],[-38.475,-51.3],[-24,26],[0,72]],"o":[[0,0],[0,0],[6,112],[90,2],[66,-4],[63.554,-0.963],[48,64],[43.748,-47.393],[0,-72]],"v":[[524,-524],[-526,-524],[-518,206],[-374,460],[-202,390],[2,442],[242,434],[410,424],[520,266]],"c":true}]},{"i":{"x":0.833,"y":0.833},"o":{"x":0.167,"y":0.167},"t":6,"s":[{"i":[[0,0],[0,0],[-6,-112],[-79.28,16.086],[-46,-11],[-132,2],[-38.475,-51.3],[-24,26],[0,72]],"o":[[0,0],[0,0],[6,112],[69,-14],[64.308,15.378],[63.554,-0.963],[48,64],[43.748,-47.393],[0,-72]],"v":[[524,-524],[-526,-524],[-518,206],[-414,436],[-242,440],[2,442],[242,434],[410,424],[520,266]],"c":true}]},{"i":{"x":0.833,"y":0.833},"o":{"x":0.167,"y":0.167},"t":14,"s":[{"i":[[0,0],[0,0],[-6,-112],[-80.875,-1.797],[-88,10],[-71.733,-16.198],[-38.475,-51.3],[-24,26],[0,72]],"o":[[0,0],[0,0],[6,112],[90,2],[88,-10],[62,14],[48,64],[43.748,-47.393],[0,-72]],"v":[[524,-524],[-526,-524],[-518,206],[-374,382],[-136,302],[48,382],[242,434],[410,424],[520,266]],"c":true}]},{"i":{"x":0.833,"y":0.833},"o":{"x":0.167,"y":0.167},"t":36,"s":[{"i":[[0,0],[0,0],[-6,-112],[-80.875,-1.797],[-88,10],[-58,-28],[-64,4],[-52.394,6.549],[0,72]],"o":[[0,0],[0,0],[6,112],[90,2],[88,-10],[51.576,24.899],[64,-4],[64,-8],[0,-72]],"v":[[524,-524],[-526,-524],[-518,270],[-374,446],[92,348],[164,474],[334,316],[410,454],[520,330]],"c":true}]},{"i":{"x":0.667,"y":1},"o":{"x":0.167,"y":0.167},"t":48,"s":[{"i":[[0,0],[0,0],[-6,-112],[-80.875,-0.718],[-88,3.994],[-71.733,-6.469],[-49.403,40.717],[-52.394,2.616],[0,72]],"o":[[0,0],[0,0],[6,112],[90,0.799],[88,-3.994],[62,5.592],[50,-41.209],[64,-3.195],[0,-72]],"v":[[524,-524],[-526,-524],[-518,341.444],[-374,466.381],[-147.96,424.428],[48,466.381],[210,403.209],[382,251.576],[520,353.603]],"c":true}]},{"i":{"x":0.667,"y":1},"o":{"x":0.167,"y":0},"t":58,"s":[{"i":[[0,0],[0,0],[-6,-112],[-80.875,-0.353],[-88,1.965],[-71.733,-3.184],[-64,0.786],[-52.394,1.287],[0,72]],"o":[[0,0],[0,0],[6,112],[90,0.393],[88,-1.966],[62,2.752],[64,-0.786],[64,-1.573],[0,-72]],"v":[[524,-524],[-526,-524],[-518,430],[-374,537.689],[-152,521.966],[48,537.689],[222,528.255],[410,539.262],[520,426]],"c":true}]},{"i":{"x":0.833,"y":0.833},"o":{"x":0.167,"y":0},"t":76,"s":[{"i":[[0,0],[0,0],[-6,-112],[-80.875,-0.353],[-88,1.965],[-71.733,-3.184],[-64,0.786],[-52.394,1.287],[0,72]],"o":[[0,0],[0,0],[6,112],[90,0.393],[88,-1.966],[62,2.752],[64,-0.786],[64,-1.573],[0,-72]],"v":[[524,-524],[-526,-524],[-518,430],[-374,537.689],[-152,521.966],[48,537.689],[222,528.255],[410,539.262],[520,426]],"c":true}]},{"i":{"x":0.833,"y":0.833},"o":{"x":0.167,"y":0.167},"t":96,"s":[{"i":[[0,0],[0,0],[-116,-64],[-84,-20],[-56.094,2.337],[-64,0],[-64,4],[-52.394,6.549],[0,72]],"o":[[0,0],[0,0],[105.84,58.394],[54.789,13.045],[48,-2],[63.561,0],[64,-4],[64,-8],[0,-72]],"v":[[524,-524],[-526,-524],[-470,224],[-394,394],[-264,374],[-178,410],[-82,334],[410,390],[520,266]],"c":true}]},{"i":{"x":0.833,"y":0.833},"o":{"x":0.167,"y":0.167},"t":112,"s":[{"i":[[0,0],[0,0],[-29.019,-129.267],[-61.057,-61.057],[-56.094,2.337],[-48.165,42.144],[-59.816,23.111],[-52.394,6.549],[0,72]],"o":[[0,0],[0,0],[22,98],[28,28],[48,-2],[48,-42],[88,-34],[64,-8],[0,-72]],"v":[[524,-524],[-526,-524],[-514,210],[-410,402],[-274,438],[-156,386],[-56,294],[410,390],[520,266]],"c":true}]},{"t":120,"s":[{"i":[[0,0],[0,0],[-6,-112],[-80.875,-1.797],[-88.404,5.358],[-132,2],[-38.475,-51.3],[-24,26],[0,72]],"o":[[0,0],[0,0],[6,112],[90,2],[66,-4],[63.554,-0.963],[48,64],[43.748,-47.393],[0,-72]],"v":[[524,-524],[-526,-524],[-518,206],[-374,460],[-202,390],[2,442],[242,434],[410,424],[520,266]],"c":true}]}],"ix":2},"nm":"Path 1","mn":"ADBE Vector Shape - Group","hd":false},{"ty":"fl","c":{"a":0,"k":[0.685999971278,0.051000000449,0.102000000898,1],"ix":4},"o":{"a":0,"k":100,"ix":5},"r":1,"bm":0,"nm":"Fill 1","mn":"ADBE Vector Graphic - Fill","hd":false},{"ty":"tr","p":{"a":0,"k":[0,0],"ix":2},"a":{"a":0,"k":[0,0],"ix":1},"s":{"a":0,"k":[100,100],"ix":3},"r":{"a":0,"k":0,"ix":6},"o":{"a":0,"k":100,"ix":7},"sk":{"a":0,"k":0,"ix":4},"sa":{"a":0,"k":0,"ix":5},"nm":"Transform"}],"nm":"Shape 1","np":3,"cix":2,"bm":0,"ix":1,"mn":"ADBE Vector Group","hd":false}],"ip":0,"op":152,"st":0,"bm":0},{"ddd":0,"ind":6,"ty":4,"nm":"DOLPHIN","tt":1,"sr":1,"ks":{"o":{"a":0,"k":100,"ix":11},"r":{"a":1,"k":[{"t":6,"s":[-111.042],"h":1},{"i":{"x":[0.833],"y":[0.833]},"o":{"x":[0.167],"y":[0.167]},"t":14,"s":[130.61]},{"i":{"x":[0.452],"y":[0.756]},"o":{"x":[0.167],"y":[0.167]},"t":22,"s":[130.61]},{"i":{"x":[0.657],"y":[0.777]},"o":{"x":[0.283],"y":[0.475]},"t":36,"s":[38.398]},{"i":{"x":[0.637],"y":[0.598]},"o":{"x":[0.391],"y":[0.377]},"t":58,"s":[0]},{"i":{"x":[0.919],"y":[0.855]},"o":{"x":[0.712],"y":[0.338]},"t":76,"s":[-21.163]},{"i":{"x":[0.833],"y":[0.833]},"o":{"x":[0.232],"y":[0.258]},"t":96,"s":[-76]},{"i":{"x":[0.833],"y":[0.833]},"o":{"x":[0.167],"y":[0.167]},"t":102,"s":[-102.337]},{"i":{"x":[0.833],"y":[0.833]},"o":{"x":[0.167],"y":[0.167]},"t":110,"s":[-119.332]},{"i":{"x":[0.833],"y":[0.833]},"o":{"x":[0.167],"y":[0.167]},"t":116,"s":[-98.042]},{"t":120,"s":[-111.042],"h":1}],"ix":10},"p":{"s":true,"x":{"a":1,"k":[{"t":6,"s":[636],"h":1},{"i":{"x":[0.667],"y":[1]},"o":{"x":[0.167],"y":[0.167]},"t":14,"s":[490]},{"i":{"x":[0.833],"y":[0.833]},"o":{"x":[0.333],"y":[0]},"t":22,"s":[428]},{"i":{"x":[0.833],"y":[0.833]},"o":{"x":[0.167],"y":[0.167]},"t":36,"s":[515.2]},{"i":{"x":[0.833],"y":[0.833]},"o":{"x":[0.167],"y":[0.167]},"t":58,"s":[512]},{"i":{"x":[0.833],"y":[0.833]},"o":{"x":[0.167],"y":[0.167]},"t":76,"s":[512]},{"i":{"x":[0.833],"y":[0.833]},"o":{"x":[0.167],"y":[0.167]},"t":96,"s":[508]},{"i":{"x":[0.833],"y":[0.833]},"o":{"x":[0.167],"y":[0.167]},"t":102,"s":[556]},{"i":{"x":[0.833],"y":[0.833]},"o":{"x":[0.167],"y":[0.167]},"t":110,"s":[573.999]},{"i":{"x":[0.833],"y":[0.833]},"o":{"x":[0.167],"y":[0.167]},"t":116,"s":[496]},{"t":120,"s":[636],"h":1}],"ix":3},"y":{"a":1,"k":[{"t":6,"s":[1619.746],"h":1},{"i":{"x":[0.667],"y":[0.827]},"o":{"x":[0.167],"y":[0.167]},"t":14,"s":[1236]},{"i":{"x":[0.493],"y":[0.717]},"o":{"x":[0.233],"y":[0.368]},"t":22,"s":[834]},{"i":{"x":[0.667],"y":[1]},"o":{"x":[0.324],"y":[0.733]},"t":36,"s":[602]},{"i":{"x":[0.662],"y":[0.084]},"o":{"x":[0.333],"y":[0]},"t":58,"s":[512]},{"i":{"x":[0.827],"y":[0.692]},"o":{"x":[0.516],"y":[0.279]},"t":76,"s":[526.678]},{"i":{"x":[0.725],"y":[0.601]},"o":{"x":[0.404],"y":[0.263]},"t":96,"s":[608.208]},{"i":{"x":[0.795],"y":[0.612]},"o":{"x":[0.283],"y":[0.139]},"t":102,"s":[675.038]},{"i":{"x":[0.833],"y":[0.833]},"o":{"x":[0.325],"y":[0.228]},"t":110,"s":[939.005]},{"i":{"x":[0.833],"y":[0.833]},"o":{"x":[0.167],"y":[0.167]},"t":116,"s":[1472]},{"t":120,"s":[1619.746],"h":1}],"ix":4}},"a":{"a":0,"k":[512,512,0],"ix":1,"l":2},"s":{"a":0,"k":[100,100,100],"ix":6,"l":2}},"ao":0,"shapes":[{"ty":"gr","it":[{"ind":0,"ty":"sh","ix":1,"ks":{"a":1,"k":[{"t":6,"s":[{"i":[[-5.08,-9.289],[-10.768,5.046],[-49.663,0.464],[-8.068,-4.235],[0.345,-4.648],[20.574,-11.471],[21.593,-3.069],[1.251,-9.848],[-41.019,-3.048],[-16.414,9.24],[3.397,10.193],[86.893,4.663],[19.707,-12.63]],"o":[[4.441,8.119],[13.527,-6.339],[49.663,-0.464],[8.068,4.235],[-0.345,4.648],[-20.663,11.521],[-17.622,2.548],[-1.251,9.848],[41.019,3.048],[16.414,-9.24],[-4.86,-14.456],[-75.44,-4.049],[-4.826,3.054]],"v":[[-202.876,-37.498],[-169.096,-42.851],[-52.725,-76.487],[40.548,-52.864],[66.833,-34.219],[-2.573,0.311],[-78.225,28.071],[-130.305,33.102],[-93.541,51.487],[37.659,7.974],[108.2,-34.854],[-46.7,-100.668],[-185.339,-61.862]],"c":true}],"h":1},{"i":{"x":0.833,"y":0.833},"o":{"x":0.167,"y":0.167},"t":14,"s":[{"i":[[-9.076,-6.663],[-8.104,9.708],[-47.644,22.8],[-9.68,-0.449],[-1.759,-4.634],[14.662,-20.314],[19.424,-12.676],[-3.227,-10.052],[-40.896,15.526],[-11.656,16.291],[7.861,8.292],[85.825,-34.618],[13.303,-21.04]],"o":[[7.934,5.824],[10.181,-12.196],[47.644,-22.8],[9.68,0.449],[1.759,4.634],[-14.724,20.401],[-15.833,10.387],[3.227,10.052],[40.896,-15.526],[11.656,-16.291],[-11.19,-11.741],[-74.512,30.055],[-3.276,5.115]],"v":[[-211.105,-83.105],[-180.966,-103.467],[-83.977,-188.256],[16.529,-207.478],[50.247,-201.344],[-1.086,-136.833],[-61.485,-76.033],[-109.401,-47.743],[-65.703,-46.576],[41.128,-147.557],[89.82,-220.575],[-89.055,-214.268],[-205.173,-114.474]],"c":true}]},{"i":{"x":0.833,"y":0.833},"o":{"x":0.167,"y":0.167},"t":22,"s":[{"i":[[-9.076,-6.663],[-8.104,9.708],[-47.644,22.8],[-9.68,-0.449],[-1.759,-4.634],[14.662,-20.314],[19.424,-12.676],[-3.227,-10.052],[-40.896,15.526],[-11.656,16.291],[7.861,8.292],[85.825,-34.618],[13.303,-21.04]],"o":[[7.934,5.824],[10.181,-12.196],[47.644,-22.8],[9.68,0.449],[1.759,4.634],[-14.724,20.401],[-15.833,10.387],[3.227,10.052],[40.896,-15.526],[11.656,-16.291],[-11.19,-11.741],[-74.512,30.055],[-3.276,5.115]],"v":[[-211.105,-83.105],[-180.966,-103.467],[-83.977,-188.256],[16.529,-207.478],[50.247,-201.344],[-1.086,-136.833],[-61.485,-76.033],[-109.401,-47.743],[-65.703,-46.576],[41.128,-147.557],[89.82,-220.575],[-89.055,-214.268],[-205.173,-114.474]],"c":true}]},{"i":{"x":0.667,"y":1},"o":{"x":0.167,"y":0.167},"t":26,"s":[{"i":[[-8.165,-7.606],[-9.098,8.62],[-49.532,16.915],[-9.474,-1.564],[-1.194,-4.764],[16.788,-18.286],[20.586,-10.223],[-2.01,-10.266],[-42.047,10.538],[-13.36,14.681],[6.775,9.072],[88.477,-24.115],[15.532,-19.164]],"o":[[7.133,6.652],[11.433,-10.823],[49.532,-16.915],[9.474,1.564],[1.194,4.764],[-16.856,18.371],[-16.786,8.387],[2.01,10.266],[42.047,-10.538],[13.36,-14.681],[-9.651,-12.852],[-76.815,20.94],[-3.817,4.654]],"v":[[-194.977,-41.273],[-162.955,-57.818],[-57.675,-130.019],[43.465,-137.283],[75.938,-127.337],[17.941,-69.801],[-48.55,-16.967],[-98.986,5.319],[-56.115,11.533],[60.728,-75.461],[117.113,-141.676],[-59.657,-156.206],[-185.502,-71.457]],"c":true}]},{"i":{"x":0.833,"y":0.833},"o":{"x":0.333,"y":0},"t":58,"s":[{"i":[[-6.24,-9.6],[-11.2,6.32],[-53.52,4.48],[-9.04,-3.92],[0,-5.04],[21.28,-14],[23.04,-5.04],[0.56,-10.72],[-44.48,0],[-16.96,11.28],[4.48,10.72],[94.08,-1.92],[20.24,-15.2]],"o":[[5.44,8.4],[14.08,-7.92],[53.52,-4.48],[9.04,3.92],[0,5.04],[-21.36,14.08],[-18.8,4.16],[-0.56,10.72],[44.48,0],[16.96,-11.28],[-6.4,-15.2],[-81.68,1.68],[-4.96,3.68]],"v":[[-166.96,-2.32],[-130.96,-10.8],[-8.16,-56.4],[94.32,-38.4],[124.16,-20.4],[52.08,22.4],[-27.28,58.4],[-83.04,68],[-41.92,84.88],[96.08,27.44],[168.72,-24.4],[-3.6,-82.96],[-150,-30]],"c":true}]},{"i":{"x":0.833,"y":0.833},"o":{"x":0.167,"y":0.167},"t":96,"s":[{"i":[[-1.703,-11.322],[-12.767,1.549],[-51.177,-16.289],[-6.859,-7.074],[1.924,-4.658],[25.008,-4.839],[23.219,4.137],[4.61,-9.694],[-41.112,-16.979],[-19.982,3.952],[0.049,11.618],[87.694,34.124],[24.509,-6.323]],"o":[[1.488,9.896],[16.037,-1.946],[51.177,16.289],[6.859,7.074],[-1.924,4.658],[-25.117,4.86],[-18.964,-3.331],[-4.61,9.694],[41.112,16.979],[19.982,-3.952],[-0.113,-16.492],[-76.136,-29.626],[-5.989,1.508]],"v":[[-195.79,-1.715],[-160.194,2.611],[-29.286,7.34],[58.562,63.096],[79.272,91.124],[-3.688,103.168],[-90.78,106.148],[-145.983,93.736],[-114.42,125.035],[35.056,124.622],[121.984,104.436],[-14.933,-15.468],[-170.463,-22.403]],"c":true}]},{"i":{"x":0.833,"y":0.833},"o":{"x":0.167,"y":0.167},"t":102,"s":[{"i":[[-1.025,-11.404],[-12.855,0.352],[-49.436,-20.99],[-6.17,-7.683],[2.35,-4.459],[25.351,-2.486],[22.732,6.284],[5.494,-9.222],[-39.349,-20.738],[-20.263,2.071],[0.049,11.618],[84.13,42.152],[24.992,-4.01]],"o":[[0.896,9.967],[16.149,-0.442],[49.436,20.99],[6.17,7.683],[-2.35,4.459],[-25.461,2.497],[-18.571,-5.085],[-5.494,9.222],[39.349,20.738],[20.263,-2.071],[-0.113,-16.492],[-73.042,-36.597],[-6.104,0.943]],"v":[[-189.908,-35.612],[-154.107,-26.329],[-24.21,-9.415],[58.057,54.29],[76.063,84.126],[-7.659,88.383],[-94.65,83.229],[-148.454,65.724],[-119.947,99.829],[28.916,113.356],[121.984,104.436],[-7.793,-30.785],[-161.999,-52.192]],"c":true}]},{"i":{"x":0.833,"y":0.833},"o":{"x":0.167,"y":0.167},"t":110,"s":[{"i":[[3.458,-10.902],[-11.979,-4.639],[-37.441,-38.423],[-2.718,-9.46],[3.886,-3.201],[24.315,7.497],[18.517,14.565],[8.622,-6.376],[-28.246,-34.298],[-19.468,-5.915],[0.049,11.618],[61.234,71.315],[24.573,5.954]],"o":[[-3.023,9.529],[15.048,5.827],[37.441,38.423],[2.718,9.46],[-3.886,3.201],[-24.421,-7.529],[-15.146,-11.855],[-8.622,6.376],[28.246,34.298],[19.468,5.915],[-0.113,-16.492],[-53.164,-61.915],[-5.987,-1.488]],"v":[[-119.771,-142.149],[-90.372,-119.775],[22.77,-54.042],[73.967,36.409],[79.036,70.848],[0.262,42.447],[-77.892,4.115],[-120.703,-32.785],[-107.607,9.641],[24.316,79.576],[121.984,104.436],[46.146,-67.392],[-87.658,-146.648]],"c":true}]},{"i":{"x":0.833,"y":0.833},"o":{"x":0.167,"y":0.167},"t":116,"s":[{"i":[[-2.084,-11.259],[-12.767,1.549],[-51.177,-16.289],[-6.859,-7.074],[1.924,-4.658],[25.008,-4.839],[23.219,4.137],[4.61,-9.694],[-41.112,-16.979],[-19.982,3.952],[0.049,11.618],[87.694,34.124],[24.509,-6.323]],"o":[[1.822,9.841],[16.037,-1.946],[51.177,16.289],[6.859,7.074],[-1.924,4.658],[-25.117,4.86],[-18.964,-3.331],[-4.61,9.694],[41.112,16.979],[19.982,-3.952],[-0.113,-16.492],[-76.136,-29.626],[-5.989,1.508]],"v":[[-196.705,-3.293],[-160.194,2.611],[-29.286,7.34],[58.562,63.096],[79.272,91.124],[-3.688,103.168],[-90.78,106.148],[-145.983,93.736],[-114.42,125.035],[35.056,124.622],[121.984,104.436],[-14.933,-15.468],[-170.463,-22.403]],"c":true}]},{"t":120,"s":[{"i":[[-5.08,-9.289],[-10.768,5.046],[-49.663,0.464],[-8.068,-4.235],[0.345,-4.648],[20.574,-11.471],[21.593,-3.069],[1.251,-9.848],[-41.019,-3.048],[-16.414,9.24],[3.397,10.193],[86.893,4.663],[19.707,-12.63]],"o":[[4.441,8.119],[13.527,-6.339],[49.663,-0.464],[8.068,4.235],[-0.345,4.648],[-20.663,11.521],[-17.622,2.548],[-1.251,9.848],[41.019,3.048],[16.414,-9.24],[-4.86,-14.456],[-75.44,-4.049],[-4.826,3.054]],"v":[[-202.876,-37.498],[-169.096,-42.851],[-52.725,-76.487],[40.548,-52.864],[66.833,-34.219],[-2.573,0.311],[-78.225,28.071],[-130.305,33.102],[-93.541,51.487],[37.659,7.974],[108.2,-34.854],[-46.7,-100.668],[-185.339,-61.862]],"c":true}],"h":1}],"ix":2},"nm":"Path 1","mn":"ADBE Vector Shape - Group","hd":false},{"ty":"fl","c":{"a":0,"k":[0,0.426999978458,0.651000019148,1],"ix":4},"o":{"a":0,"k":100,"ix":5},"r":1,"bm":0,"nm":"Fill 1","mn":"ADBE Vector Graphic - Fill","hd":false},{"ty":"tr","p":{"a":0,"k":[652.48,242.88],"ix":2},"a":{"a":0,"k":[0,0],"ix":1},"s":{"a":0,"k":[100,100],"ix":3},"r":{"a":0,"k":0,"ix":6},"o":{"a":0,"k":100,"ix":7},"sk":{"a":0,"k":0,"ix":4},"sa":{"a":0,"k":0,"ix":5},"nm":"Transform"}],"nm":"Group 1","np":2,"cix":2,"bm":0,"ix":1,"mn":"ADBE Vector Group","hd":false},{"ty":"gr","it":[{"ind":0,"ty":"sh","ix":1,"ks":{"a":1,"k":[{"t":6,"s":[{"i":[[-1.549,4.695],[-17.682,6.801],[-21.322,12.937],[-16.243,9.508],[-5.309,-3.668],[3.304,-6.05],[25.077,-14.956],[21.226,-4.644],[16.848,6.117]],"o":[[0,0],[30.178,-6.314],[17.644,-10.705],[16.243,-9.508],[5.309,3.668],[-3.274,5.981],[-25.061,14.88],[-11.916,3.866],[-10.261,-3.725]],"v":[[-162.451,12.717],[-122.389,12.699],[-21.707,-33.664],[38.356,-72.216],[75.897,-88.771],[79.929,-62.483],[-0.658,-16.309],[-94.327,30.128],[-146.622,36.304]],"c":true}],"h":1},{"i":{"x":0.833,"y":0.833},"o":{"x":0.167,"y":0.167},"t":14,"s":[{"i":[[-0.439,4.986],[-21.982,16.755],[-18.016,17.686],[-14.493,12.087],[-5.856,-2.75],[2.26,-6.532],[21.25,-20.546],[11.03,-7.534],[11.7,0.29]],"o":[[0,0],[21.982,-16.755],[14.909,-14.636],[14.493,-12.087],[5.856,2.75],[-2.249,6.456],[-21.252,20.467],[-11.03,7.534],[-7.125,-0.176]],"v":[[-117.459,70.612],[-76.866,55.188],[8.206,-15.532],[59.16,-64.132],[93.551,-86.707],[101.882,-61.375],[32.969,-3.303],[-48.187,64.253],[-96.398,90.192]],"c":true}]},{"i":{"x":0.667,"y":1},"o":{"x":0.167,"y":0.167},"t":22,"s":[{"i":[[-0.439,4.986],[-21.982,16.755],[-18.016,17.686],[-14.493,12.087],[-5.856,-2.75],[2.26,-6.532],[21.25,-20.546],[11.03,-7.534],[11.7,0.29]],"o":[[0,0],[21.982,-16.755],[14.909,-14.636],[14.493,-12.087],[5.856,2.75],[-2.249,6.456],[-21.252,20.467],[-11.03,7.534],[-7.125,-0.176]],"v":[[-117.459,70.612],[-76.866,55.188],[8.206,-15.532],[59.16,-64.132],[93.551,-86.707],[101.882,-61.375],[32.969,-3.303],[-48.187,64.253],[-96.398,90.192]],"c":true}]},{"i":{"x":0.833,"y":0.833},"o":{"x":0.333,"y":0},"t":36,"s":[{"i":[[-0.56,5.04],[-13.68,4.72],[-18.64,17.52],[-13.52,13.52],[-6.16,-2.24],[1.68,-6.8],[22,-20.32],[25.92,-12.96],[23.12,2.08]],"o":[[0,0],[34.32,-12],[15.44,-14.48],[13.52,-13.52],[6.16,2.24],[-1.68,6.72],[-22,20.24],[-11.28,5.68],[-14.08,-1.28]],"v":[[-115.2,65.4],[-74.08,61.48],[20,-6.12],[70.72,-59.64],[103.36,-85.56],[114.08,-60.76],[44.8,6.84],[-39.68,73.32],[-94.32,85.72]],"c":true}]},{"i":{"x":0.667,"y":1},"o":{"x":0.167,"y":0.167},"t":58,"s":[{"i":[[-0.56,5.04],[-13.68,4.72],[-18.64,17.52],[-13.52,13.52],[-6.16,-2.24],[1.68,-6.8],[22,-20.32],[25.92,-12.96],[23.12,2.08]],"o":[[0,0],[34.32,-12],[15.44,-14.48],[13.52,-13.52],[6.16,2.24],[-1.68,6.72],[-22,20.24],[-11.28,5.68],[-14.08,-1.28]],"v":[[-115.2,65.4],[-74.08,61.48],[20,-6.12],[70.72,-59.64],[103.36,-85.56],[114.08,-60.76],[44.8,6.84],[-39.68,73.32],[-94.32,85.72]],"c":true}]},{"i":{"x":0.833,"y":0.833},"o":{"x":0.333,"y":0},"t":68,"s":[{"i":[[-0.56,5.04],[-13.68,4.72],[-18.64,17.52],[-13.52,13.52],[-6.16,-2.24],[1.68,-6.8],[22,-20.32],[25.92,-12.96],[23.12,2.08]],"o":[[0,0],[34.32,-12],[15.44,-14.48],[13.52,-13.52],[6.16,2.24],[-1.68,6.72],[-22,20.24],[-11.28,5.68],[-14.08,-1.28]],"v":[[-115.2,65.4],[-74.08,61.48],[20,-6.12],[70.72,-59.64],[103.36,-85.56],[114.08,-60.76],[44.8,6.84],[-39.68,73.32],[-94.32,85.72]],"c":true}]},{"i":{"x":0.833,"y":0.833},"o":{"x":0.167,"y":0.167},"t":84,"s":[{"i":[[-0.912,4.976],[-13.944,3.735],[-18.304,17.778],[-13.607,13.365],[-6.124,-2.289],[1.755,-6.762],[21.587,-20.651],[26.702,-11.073],[22.856,3.706]],"o":[[0,0],[34.993,-9.527],[15.146,-14.711],[13.607,-13.365],[6.124,2.289],[-1.736,6.688],[-21.588,20.571],[-11.623,4.859],[-13.92,-2.264]],"v":[[-116.428,62.265],[-82.59,54.478],[9.156,-8.919],[60.484,-60.672],[93.274,-86.234],[103.744,-61.401],[35.588,4.929],[-49.193,68.678],[-99.906,84.067]],"c":true}]},{"i":{"x":0.833,"y":0.833},"o":{"x":0.167,"y":0.167},"t":90,"s":[{"i":[[-1.538,4.832],[-14.34,1.945],[-21.729,13.5],[-15.909,10.606],[-5.601,-3.405],[2.999,-6.33],[25.558,-15.611],[27.958,-7.625],[22.257,6.595]],"o":[[0,0],[36.007,-5.036],[17.98,-11.171],[15.909,-10.606],[5.601,3.405],[-2.965,6.26],[-25.542,15.532],[-12.175,3.358],[-13.556,-4.017]],"v":[[-162.008,11.9],[-120.918,16.121],[-15.407,-31.715],[44.824,-74.248],[81.914,-93.263],[87.562,-66.842],[6.37,-14.143],[-89.508,34.478],[-145.519,35.921]],"c":true}]},{"i":{"x":0.833,"y":0.833},"o":{"x":0.167,"y":0.167},"t":96,"s":[{"i":[[-2.901,4.16],[-14.272,-2.392],[-24.754,6.454],[-18.337,5.415],[-4.34,-4.912],[4.74,-5.157],[29.036,-7.335],[28.962,1.003],[19.303,12.895]],"o":[[0,0],[35.882,5.861],[20.483,-5.34],[18.337,-5.415],[4.34,4.912],[-4.687,5.1],[-28.998,7.265],[-12.623,-0.401],[-11.756,-7.853]],"v":[[-213.773,-91.578],[-175.779,-75.37],[-60.832,-89.788],[9.299,-112.561],[50.357,-119.731],[47.922,-92.823],[-45.241,-66.552],[-151.221,-48.529],[-205.143,-63.75]],"c":true}]},{"i":{"x":0.833,"y":0.833},"o":{"x":0.167,"y":0.167},"t":102,"s":[{"i":[[-4.317,2.661],[-12.14,-7.876],[-25.277,-3.935],[-18.977,-2.334],[-2.026,-6.234],[6.401,-2.844],[29.556,4.831],[26.168,12.451],[12.573,19.514]],"o":[[0,0],[30.582,19.662],[20.916,3.256],[18.977,2.334],[2.026,6.234],[-6.33,2.812],[-29.493,-4.881],[-11.42,-5.394],[-7.658,-11.885]],"v":[[-202.583,-358.348],[-174.183,-328.353],[-62.998,-295.815],[10.401,-288.784],[50.92,-279.014],[37.972,-255.3],[-57.948,-268.293],[-162.341,-293.954],[-205.745,-329.385]],"c":true}]},{"i":{"x":0.833,"y":0.833},"o":{"x":0.167,"y":0.167},"t":110,"s":[{"i":[[-4.427,2.354],[-11.485,-8.535],[-24.696,-5.472],[-18.58,-3.496],[-1.608,-6.279],[6.495,-2.404],[28.863,6.625],[25.04,13.932],[11.181,20.046]],"o":[[0,0],[28.943,21.325],[20.435,4.528],[18.58,3.496],[1.608,6.279],[-6.424,2.377],[-28.797,-6.67],[-10.93,-6.04],[-6.81,-12.209]],"v":[[-121.709,-462.455],[-95.57,-431.071],[12.104,-391.974],[84.093,-380.422],[123.463,-368.235],[109.196,-345.648],[15.358,-364.497],[-86.045,-396.381],[-126.651,-434.072]],"c":true}]},{"i":{"x":0.833,"y":0.833},"o":{"x":0.167,"y":0.167},"t":116,"s":[{"i":[[-2.381,4.477],[-14.456,-0.663],[-23.801,9.375],[-17.556,7.574],[-4.898,-4.356],[4.087,-5.688],[27.947,-10.763],[28.873,-2.476],[20.709,10.487]],"o":[[0,0],[36.326,1.517],[19.695,-7.757],[17.556,-7.574],[4.898,4.356],[-4.042,5.625],[-27.918,10.689],[-12.58,1.115],[-12.613,-6.387]],"v":[[-196.194,-30.705],[-156.532,-19.168],[-44.142,-47.263],[22.753,-78.279],[62.656,-90.319],[63.464,-63.313],[-25.878,-26.063],[-128.932,4.535],[-184.291,-4.112]],"c":true}]},{"t":120,"s":[{"i":[[-1.549,4.695],[-17.682,6.801],[-21.322,12.937],[-16.243,9.508],[-5.309,-3.668],[3.304,-6.05],[25.077,-14.956],[21.226,-4.644],[16.848,6.117]],"o":[[0,0],[30.178,-6.314],[17.644,-10.705],[16.243,-9.508],[5.309,3.668],[-3.274,5.981],[-25.061,14.88],[-11.916,3.866],[-10.261,-3.725]],"v":[[-162.451,12.717],[-122.389,12.699],[-21.707,-33.664],[38.356,-72.216],[75.897,-88.771],[79.929,-62.483],[-0.658,-16.309],[-94.327,30.128],[-146.622,36.304]],"c":true}],"h":1}],"ix":2},"nm":"Path 1","mn":"ADBE Vector Shape - Group","hd":false},{"ty":"fl","c":{"a":0,"k":[0,0.426999978458,0.651000019148,1],"ix":4},"o":{"a":0,"k":100,"ix":5},"r":1,"bm":0,"nm":"Fill 1","mn":"ADBE Vector Graphic - Fill","hd":false},{"ty":"tr","p":{"a":0,"k":[189.04,439.24],"ix":2},"a":{"a":0,"k":[0,0],"ix":1},"s":{"a":0,"k":[100,100],"ix":3},"r":{"a":0,"k":0,"ix":6},"o":{"a":0,"k":100,"ix":7},"sk":{"a":0,"k":0,"ix":4},"sa":{"a":0,"k":0,"ix":5},"nm":"Transform"}],"nm":"Group 2","np":2,"cix":2,"bm":0,"ix":2,"mn":"ADBE Vector Group","hd":false},{"ty":"gr","it":[{"ind":0,"ty":"sh","ix":1,"ks":{"a":1,"k":[{"t":6,"s":[{"i":[[-4.955,-19.085],[17.332,-4.45],[4.955,19.085],[-17.789,1.544]],"o":[[4.955,19.085],[-17.332,4.45],[-4.955,-19.085],[26.058,-2.314]],"v":[[25.31,-2.878],[2.798,38.422],[-41.044,10.979],[-16.782,-32.079]],"c":true}],"h":1},{"i":{"x":0.833,"y":0.833},"o":{"x":0.167,"y":0.167},"t":14,"s":[{"i":[[-6.408,-18.497],[16.802,-5.77],[6.408,18.497],[-17.484,2.93]],"o":[[6.408,18.497],[-16.802,5.77],[-6.408,-18.497],[25.606,-4.344]],"v":[[26.376,-6.061],[7.352,36.587],[-38.2,12.883],[-17.582,-31.642]],"c":true}]},{"i":{"x":0.833,"y":0.833},"o":{"x":0.167,"y":0.167},"t":22,"s":[{"i":[[-6.408,-18.497],[16.802,-5.77],[6.408,18.497],[-17.484,2.93]],"o":[[6.408,18.497],[-16.802,5.77],[-6.408,-18.497],[25.606,-4.344]],"v":[[26.376,-6.061],[7.352,36.587],[-38.2,12.883],[-17.582,-31.642]],"c":true}]},{"i":{"x":0.667,"y":1},"o":{"x":0.167,"y":0.167},"t":58,"s":[{"i":[[-10.8,-16.72],[15.2,-9.76],[10.8,16.72],[-16.56,7.12]],"o":[[10.8,16.72],[-15.2,9.76],[-10.8,-16.72],[24.24,-10.48]],"v":[[29.6,-15.68],[21.12,31.04],[-29.6,18.64],[-20,-30.32]],"c":true}]},{"i":{"x":0.833,"y":0.833},"o":{"x":0.333,"y":0},"t":68,"s":[{"i":[[-10.8,-16.72],[15.2,-9.76],[10.8,16.72],[-16.56,7.12]],"o":[[10.8,16.72],[-15.2,9.76],[-10.8,-16.72],[24.24,-10.48]],"v":[[29.6,-15.68],[21.12,31.04],[-29.6,18.64],[-20,-30.32]],"c":true}]},{"i":{"x":0.833,"y":0.833},"o":{"x":0.167,"y":0.167},"t":90,"s":[{"i":[[-7.311,-18.513],[16.819,-6.589],[7.311,18.513],[-17.635,3.734]],"o":[[7.311,18.513],[-16.819,6.589],[-7.311,-18.513],[25.825,-5.522]],"v":[[27.696,-14.651],[10.218,29.498],[-37.085,7.392],[-18.069,-38.734]],"c":true}]},{"i":{"x":0.833,"y":0.833},"o":{"x":0.167,"y":0.167},"t":96,"s":[{"i":[[-1.496,-19.849],[18.016,-1.309],[1.496,19.848],[-17.949,-1.66]],"o":[[1.496,19.849],[-18.016,1.309],[-1.496,-19.848],[26.301,2.379]],"v":[[21.668,-20.92],[-8.109,16.067],[-46.735,-19.065],[-14.904,-57.484]],"c":true}]},{"i":{"x":0.833,"y":0.833},"o":{"x":0.167,"y":0.167},"t":102,"s":[{"i":[[6.53,-18.803],[17.048,5.972],[-6.53,18.803],[-15.804,-8.669]],"o":[[-6.53,18.803],[-17.048,-5.972],[6.53,-18.803],[23.18,12.654]],"v":[[44.318,-138.56],[2.277,-116.487],[-19.169,-164.093],[25.327,-186.662]],"c":true}]},{"i":{"x":0.833,"y":0.833},"o":{"x":0.167,"y":0.167},"t":110,"s":[{"i":[[7.625,-18.145],[16.448,6.965],[-7.625,18.145],[-15.051,-9.548]],"o":[[-7.625,18.145],[-16.448,-6.965],[7.625,-18.145],[22.079,13.943]],"v":[[118.652,-224.778],[75.779,-205.637],[57.608,-253.963],[102.935,-273.439]],"c":true}]},{"i":{"x":0.833,"y":0.833},"o":{"x":0.167,"y":0.167},"t":116,"s":[{"i":[[-3.865,-19.526],[17.729,-3.459],[3.865,19.526],[-18.019,0.504]],"o":[[3.865,19.526],[-17.729,3.459],[-3.865,-19.526],[26.397,-0.791]],"v":[[24.51,-0.491],[-0.618,39.798],[-43.178,9.55],[-16.182,-32.407]],"c":true}]},{"t":120,"s":[{"i":[[-4.955,-19.085],[17.332,-4.45],[4.955,19.085],[-17.789,1.544]],"o":[[4.955,19.085],[-17.332,4.45],[-4.955,-19.085],[26.058,-2.314]],"v":[[25.31,-2.878],[2.798,38.422],[-41.044,10.979],[-16.782,-32.079]],"c":true}],"h":1}],"ix":2},"nm":"Path 1","mn":"ADBE Vector Shape - Group","hd":false},{"ty":"fl","c":{"a":0,"k":[0.176000004189,0.169000004787,0.187999994615,1],"ix":4},"o":{"a":0,"k":100,"ix":5},"r":1,"bm":0,"nm":"Fill 1","mn":"ADBE Vector Graphic - Fill","hd":false},{"ty":"tr","p":{"a":0,"k":[297.12,266.32],"ix":2},"a":{"a":0,"k":[0,0],"ix":1},"s":{"a":0,"k":[100,100],"ix":3},"r":{"a":0,"k":0,"ix":6},"o":{"a":0,"k":100,"ix":7},"sk":{"a":0,"k":0,"ix":4},"sa":{"a":0,"k":0,"ix":5},"nm":"Transform"}],"nm":"Group 3","np":2,"cix":2,"bm":0,"ix":3,"mn":"ADBE Vector Group","hd":false},{"ty":"gr","it":[{"ind":0,"ty":"sh","ix":1,"ks":{"a":1,"k":[{"t":6,"s":[{"i":[[0,0],[-113.516,23.516],[-83.773,22.102],[1.275,-2.231],[78.862,-36.412],[57.964,-14.307]],"o":[[0,0],[113.516,-23.516],[46.699,-11.244],[-0.899,1.601],[-58.417,25.223],[-48.094,12.456]],"v":[[-242.893,-70.927],[-15.304,-210.84],[247.259,-180.874],[372.313,-195.719],[193.062,-160.641],[-88.561,-117.52]],"c":true}],"h":1},{"i":{"x":0.833,"y":0.833},"o":{"x":0.167,"y":0.167},"t":14,"s":[{"i":[[0,0],[-107.446,48.142],[-78.078,7.249],[5.177,-0.173],[62.733,-35.696],[49.294,-26.717]],"o":[[0,0],[107.446,-48.142],[45.887,-2.421],[-3.678,0.123],[-55.663,26.095],[-44.728,23.83]],"v":[[-211.702,-88.213],[21.526,-304.14],[297.946,-291.338],[407.703,-274.192],[214.324,-254.575],[-22.306,-187.035]],"c":true}]},{"i":{"x":0.833,"y":0.833},"o":{"x":0.167,"y":0.167},"t":22,"s":[{"i":[[0,0],[-107.446,48.142],[-78.078,7.249],[5.177,-0.173],[62.733,-35.696],[49.294,-26.717]],"o":[[0,0],[107.446,-48.142],[45.887,-2.421],[-3.678,0.123],[-55.663,26.095],[-44.728,23.83]],"v":[[-211.702,-88.213],[21.526,-304.14],[297.946,-291.338],[407.703,-274.192],[214.324,-254.575],[-22.306,-187.035]],"c":true}]},{"i":{"x":0.833,"y":0.833},"o":{"x":0.167,"y":0.167},"t":26,"s":[{"i":[[0,0],[-110.21,29.884],[-73.617,-14.934],[6.174,1.626],[76.223,-2.622],[49.701,-18.443]],"o":[[0,0],[110.21,-29.884],[43.669,10.547],[-4.39,-1.158],[-76.223,2.622],[-46.44,16.381]],"v":[[-203.399,-81.238],[27.883,-246.951],[296.878,-214.978],[390.814,-158.396],[201.086,-171.146],[-29.802,-138.207]],"c":true}]},{"i":{"x":0.833,"y":0.833},"o":{"x":0.167,"y":0.167},"t":36,"s":[{"i":[[0,0],[-117.12,-15.76],[-62.463,-70.392],[8.666,6.124],[60.169,19.863],[50.72,2.24]],"o":[[0,0],[117.12,15.76],[38.125,42.965],[-6.169,-4.36],[-61.992,-20.465],[-50.72,-2.24]],"v":[[-182.64,-63.8],[36.96,-159.56],[289.816,-2.383],[348.593,131.091],[161.176,-18.155],[-55.36,-71.72]],"c":true}]},{"i":{"x":0.833,"y":0.833},"o":{"x":0.167,"y":0.167},"t":44,"s":[{"i":[[0,0],[-117.12,-15.76],[-37.017,-86.524],[6.287,8.548],[50.809,37.86],[50.72,2.24]],"o":[[0,0],[117.12,15.76],[22.594,52.812],[-4.476,-6.086],[-52.348,-39.007],[-50.72,-2.24]],"v":[[-182.64,-63.8],[36.96,-159.56],[219.537,41.695],[233.121,186.904],[102.474,-13.922],[-55.36,-71.72]],"c":true}]},{"i":{"x":0.833,"y":0.833},"o":{"x":0.167,"y":0.167},"t":52,"s":[{"i":[[0,0],[-117.12,-15.76],[7.12,-93.84],[1.634,10.485],[38.32,41.68],[50.72,2.24]],"o":[[0,0],[117.12,15.76],[-4.32,57.279],[-1.163,-7.464],[-44.16,-48.08],[-50.72,-2.24]],"v":[[-182.64,-63.8],[36.96,-159.56],[175.52,35.24],[120.577,170.338],[92.56,-7.16],[-55.36,-71.72]],"c":true}]},{"i":{"x":0.667,"y":1},"o":{"x":0.167,"y":0.167},"t":58,"s":[{"i":[[0,0],[-117.12,-15.76],[7.12,-93.84],[1.04,10.56],[38.32,41.68],[50.72,2.24]],"o":[[0,0],[117.12,15.76],[-4.32,57.279],[-0.72,-7.52],[-44.16,-48.08],[-50.72,-2.24]],"v":[[-182.64,-63.8],[36.96,-159.56],[175.52,35.24],[111.36,164.76],[92.56,-7.16],[-55.36,-71.72]],"c":true}]},{"i":{"x":0.833,"y":0.833},"o":{"x":0.333,"y":0},"t":68,"s":[{"i":[[0,0],[-117.12,-15.76],[21.037,-91.728],[-0.58,10.595],[38.32,41.68],[50.72,2.24]],"o":[[0,0],[117.12,15.76],[-12.84,55.988],[0.413,-7.543],[-44.16,-48.08],[-50.72,-2.24]],"v":[[-182.64,-63.8],[36.96,-159.56],[162.748,26.511],[79.934,144.975],[92.56,-7.16],[-55.36,-71.72]],"c":true}]},{"i":{"x":0.833,"y":0.833},"o":{"x":0.167,"y":0.167},"t":84,"s":[{"i":[[0,0],[-117.12,-15.76],[21.037,-91.728],[0.948,10.569],[38.32,41.68],[50.72,2.24]],"o":[[0,0],[117.12,15.76],[-12.84,55.988],[-0.675,-7.524],[-44.16,-48.08],[-50.72,-2.24]],"v":[[-182.64,-63.8],[36.96,-159.56],[162.748,26.511],[102.877,156.145],[92.56,-7.16],[-55.36,-71.72]],"c":true}]},{"i":{"x":0.833,"y":0.833},"o":{"x":0.167,"y":0.167},"t":90,"s":[{"i":[[0,0],[-117.12,-15.76],[-54.969,-76.388],[4.696,9.516],[40.434,21.16],[58.83,1.366]],"o":[[0,0],[117.12,15.76],[29.536,41.045],[-3.343,-6.774],[-57.841,-30.269],[-50.756,-1.178]],"v":[[-224.18,-63.464],[29.187,-141.132],[204.544,-26.423],[233.845,90.232],[99.455,-25.934],[-69.538,-72.957]],"c":true}]},{"i":{"x":0.833,"y":0.833},"o":{"x":0.167,"y":0.167},"t":96,"s":[{"i":[[0,0],[-118.171,1.056],[-73.787,-58.413],[4.072,-0.622],[96.597,17.547],[64.6,2.765]],"o":[[0,0],[118.171,-1.056],[39.647,31.387],[-2.924,0.447],[-64.231,-11.668],[-50.723,-2.171]],"v":[[-284.818,-60.062],[-46.569,-138.452],[269.753,-72.695],[336.545,13.103],[180.547,-56.907],[-156.818,-52.081]],"c":true}]},{"i":{"x":0.833,"y":0.833},"o":{"x":0.167,"y":0.167},"t":102,"s":[{"i":[[0,0],[-118.024,-5.984],[-73.787,-58.413],[3.027,-2.794],[94.54,26.478],[58.159,28.256]],"o":[[0,0],[118.024,5.984],[39.647,31.387],[-2.173,2.006],[-62.864,-17.606],[-45.665,-22.186]],"v":[[-343.063,-214.587],[-48.786,-171.254],[269.753,-72.695],[336.753,11.092],[165.886,-66.824],[-228.822,-156.305]],"c":true}]},{"i":{"x":0.833,"y":0.833},"o":{"x":0.167,"y":0.167},"t":110,"s":[{"i":[[0,0],[-108.811,-46.106],[-89.518,-29.037],[2.387,-3.357],[94.692,25.927],[60.374,23.148]],"o":[[0,0],[108.811,46.106],[48.1,15.602],[-1.714,2.411],[-62.965,-17.24],[-47.405,-18.175]],"v":[[-273.634,-288.982],[-36.31,-268.016],[230.237,-111.376],[356.782,-53.478],[107.526,-116.232],[-154.802,-240.743]],"c":true}]},{"i":{"x":0.833,"y":0.833},"o":{"x":0.167,"y":0.167},"t":116,"s":[{"i":[[0,0],[-118.068,5.047],[-88.044,33.242],[-1.652,-3.774],[90.96,-36.949],[64.466,-4.999]],"o":[[0,0],[118.068,-5.047],[47.308,-17.861],[1.186,2.709],[-60.483,24.569],[-50.618,3.925]],"v":[[-266.286,-57.962],[-42.927,-140.865],[209.245,-98.027],[345.77,-136.865],[177.116,-90.189],[-138.252,-65.384]],"c":true}]},{"t":120,"s":[{"i":[[0,0],[-113.516,23.516],[-83.773,22.102],[1.275,-2.231],[78.862,-36.412],[57.964,-14.307]],"o":[[0,0],[113.516,-23.516],[46.699,-11.244],[-0.899,1.601],[-58.417,25.223],[-48.094,12.456]],"v":[[-242.893,-70.927],[-15.304,-210.84],[247.259,-180.874],[372.313,-195.719],[193.062,-160.641],[-88.561,-117.52]],"c":true}],"h":1}],"ix":2},"nm":"Path 1","mn":"ADBE Vector Shape - Group","hd":false},{"ty":"fl","c":{"a":0,"k":[0.866999966491,0.925,0.961000031116,1],"ix":4},"o":{"a":0,"k":100,"ix":5},"r":1,"bm":0,"nm":"Fill 1","mn":"ADBE Vector Graphic - Fill","hd":false},{"ty":"tr","p":{"a":0,"k":[525.68,514.92],"ix":2},"a":{"a":0,"k":[0,0],"ix":1},"s":{"a":0,"k":[100,100],"ix":3},"r":{"a":0,"k":0,"ix":6},"o":{"a":0,"k":100,"ix":7},"sk":{"a":0,"k":0,"ix":4},"sa":{"a":0,"k":0,"ix":5},"nm":"Transform"}],"nm":"Group 4","np":2,"cix":2,"bm":0,"ix":4,"mn":"ADBE Vector Group","hd":false},{"ty":"gr","it":[{"ind":0,"ty":"sh","ix":1,"ks":{"a":1,"k":[{"t":6,"s":[{"i":[[12.028,-17.501],[13.231,-26.883],[-31.33,-6.279],[-26.792,7.476],[0,0],[-82.773,20.005],[-45.506,4.417],[-25.876,2.419],[-15.064,-18.542],[-24.331,-30.34],[-8.095,14.99],[4.114,11.201],[4.943,21.719],[0,0],[-15.217,22.108],[-8.781,5.411],[5.031,14.836],[41.705,-21.526],[11.063,-1.183],[123.8,29.392],[80.05,5.345],[22.366,18.858],[-1.16,9.739],[16.281,0.502],[35.069,-60.791],[2.887,-10.287],[79.207,-13.818],[17.512,-68.929]],"o":[[-22.065,32.103],[-15.319,31.124],[31.33,6.279],[30.74,-8.579],[0,0],[82.773,-20.005],[61.335,-5.038],[37.674,-6.915],[15.083,18.534],[28.78,35.889],[8.095,-14.989],[-4.088,-11.266],[-3.236,-17.46],[0,0],[15.216,-22.107],[8.781,-5.411],[-5.031,-14.835],[-37.275,18.225],[-11.064,1.183],[-56.345,-18.685],[-53.407,-3.971],[-24.111,-20.685],[2.047,-13.264],[-12.477,-0.45],[-27.045,44.007],[-2.886,10.287],[-166.697,40.969],[-10.122,39.78]],"v":[[-417.522,-148.401],[-483.662,-77.027],[-444.436,1.332],[-311.175,-23.615],[-215.034,-54.973],[31.295,-166.909],[240.361,-172.107],[389.128,-176.072],[524.89,-186.27],[575.154,-98.564],[689.182,-57.135],[659.312,-97.984],[654.51,-140.965],[635.483,-192.556],[683.949,-221.259],[716.547,-258.899],[763.745,-285.449],[634.031,-290.025],[565.873,-260.446],[406.514,-313.713],[141.395,-436.967],[63.471,-515.434],[43.381,-565.383],[25.93,-596.429],[-61.224,-528.791],[-84.981,-433.553],[-156.033,-455.53],[-417.554,-242.115]],"c":true}],"h":1},{"i":{"x":0.833,"y":0.833},"o":{"x":0.167,"y":0.167},"t":14,"s":[{"i":[[8.378,-19.623],[7.704,-29.106],[-32.106,0.027],[-24.908,12.676],[0,0],[-77.723,37.938],[-43.622,4.566],[-21.983,-4.416],[-11.603,-19.212],[-14.683,-31.014],[-10.269,10.685],[0.846,10.346],[2.369,17.984],[0,0],[-17.084,17.034],[-8.633,3.761],[2.639,14.056],[37.604,-15.055],[10.162,0.328],[105.185,44.739],[59.286,-19.59],[20.179,5.661],[-2.76,6.601],[14.448,-0.408],[26.212,-48.041],[-2.501,-5.491],[40.773,-32.275],[8.129,-70.42]],"o":[[-15.369,35.998],[-8.919,33.695],[32.106,-0.027],[28.579,-14.545],[0,0],[77.723,-37.938],[63.138,-4.418],[26.986,-0.176],[11.647,19.193],[17.368,36.686],[10.269,-10.684],[-0.809,-10.394],[-0.67,-16.194],[0,0],[17.083,-17.034],[8.633,-3.761],[-2.639,-14.056],[-36.046,12.525],[-10.162,-0.328],[-56.354,-33.848],[-51.732,9.061],[-24.249,-9.925],[4.847,-9.461],[-11.076,0.256],[-23.875,36.518],[2.501,5.491],[-120.842,95.656],[-4.727,40.641]],"v":[[-403.532,-118.077],[-452.038,-30.706],[-397.863,38.702],[-274.035,-16.245],[-186.459,-76.539],[56.058,-255.275],[282.84,-263.295],[424.496,-254.518],[517.749,-247.041],[538.033,-167.512],[616.811,-113.919],[604.599,-153.146],[619.176,-198.759],[608.691,-245.051],[662.317,-263.503],[703.122,-297.66],[746.838,-318.732],[628.905,-333.721],[561.049,-312.997],[433.737,-394.277],[127.64,-626.713],[26.473,-648.863],[14.892,-682.451],[-4.434,-706.246],[-83.094,-644.654],[-97.856,-569.876],[-208.299,-481.725],[-414.131,-216.625]],"c":true}]},{"i":{"x":0.833,"y":0.833},"o":{"x":0.167,"y":0.167},"t":22,"s":[{"i":[[8.378,-19.623],[7.704,-29.106],[-32.106,0.027],[-24.908,12.676],[0,0],[-77.723,37.938],[-43.622,4.566],[-21.983,-4.416],[-11.603,-19.212],[-14.683,-31.014],[-10.269,10.685],[0.846,10.346],[2.369,17.984],[0,0],[-17.084,17.034],[-8.633,3.761],[2.639,14.056],[37.604,-15.055],[10.162,0.328],[105.185,44.739],[59.286,-19.59],[20.179,5.661],[-2.76,6.601],[14.448,-0.408],[26.212,-48.041],[-2.501,-5.491],[40.773,-32.275],[8.129,-70.42]],"o":[[-15.369,35.998],[-8.919,33.695],[32.106,-0.027],[28.579,-14.545],[0,0],[77.723,-37.938],[63.138,-4.418],[26.986,-0.176],[11.647,19.193],[17.368,36.686],[10.269,-10.684],[-0.809,-10.394],[-0.67,-16.194],[0,0],[17.083,-17.034],[8.633,-3.761],[-2.639,-14.056],[-36.046,12.525],[-10.162,-0.328],[-56.354,-33.848],[-51.732,9.061],[-24.249,-9.925],[4.847,-9.461],[-11.076,0.256],[-23.875,36.518],[2.501,5.491],[-120.842,95.656],[-4.727,40.641]],"v":[[-403.532,-118.077],[-452.038,-30.706],[-397.863,38.702],[-274.035,-16.245],[-186.459,-76.539],[56.058,-255.275],[282.84,-263.295],[424.496,-254.518],[517.749,-247.041],[538.033,-167.512],[616.811,-113.919],[604.599,-153.146],[619.176,-198.759],[608.691,-245.051],[662.317,-263.503],[703.122,-297.66],[746.838,-318.732],[628.905,-333.721],[561.049,-312.997],[433.737,-394.277],[127.64,-626.713],[26.473,-648.863],[14.892,-682.451],[-4.434,-706.246],[-83.094,-644.654],[-97.856,-569.876],[-208.299,-481.725],[-414.131,-216.625]],"c":true}]},{"i":{"x":0.833,"y":0.833},"o":{"x":0.167,"y":0.167},"t":26,"s":[{"i":[[8.224,-19.799],[7.468,-29.316],[-32.259,0.339],[-24.9,12.986],[0,0],[-80.192,24.6],[-41.654,-5.168],[-18.587,-11.155],[-5.674,-20.919],[-4.039,-32.756],[-12.739,6.492],[-2.5,9.698],[-2.509,16.338],[0,0],[-20.474,10.763],[-8.939,1.146],[-1.337,13.622],[37.551,-3.961],[9.252,3.012],[58.356,88.643],[96.415,90.519],[13.928,7.814],[-5.189,3.455],[11.508,4.623],[36.307,-26.132],[-1.787,-3.922],[86.952,-39.191],[5.144,-70.894]],"o":[[-15.092,36.318],[-8.633,33.942],[32.259,-0.339],[28.574,-14.892],[0,0],[80.192,-24.6],[61.254,9.818],[22.16,7.875],[5.728,20.908],[4.777,38.746],[12.739,-6.491],[2.55,-9.73],[3.722,-15.059],[0,0],[20.474,-10.762],[8.939,-1.146],[1.337,-13.622],[-36.438,2.154],[-9.252,-3.012],[-58.357,-88.643],[-83.411,-78.31],[-16.483,-13.592],[8.336,-4.85],[-8.803,-3.589],[-31.997,19.13],[1.787,3.922],[-141.653,83.777],[-3.011,40.915]],"v":[[-398.066,-113.37],[-447.524,-26.824],[-392.416,42.388],[-266.962,-12.312],[-177.162,-68.796],[51.223,-194.206],[279.743,-166.134],[407.589,-138.7],[480.626,-105.624],[472.889,-28.577],[524.467,43.198],[527.108,3.945],[557.03,-36.846],[559.949,-81.234],[616.341,-83.703],[665.01,-105.981],[709.853,-114.614],[605.339,-157.877],[536.73,-155.925],[484.921,-250.339],[335.055,-405.923],[157.504,-524.167],[178.724,-552.883],[170.798,-577.269],[46.392,-551.991],[-18.887,-506.581],[-193.951,-470.603],[-413.042,-208.515]],"c":true}]},{"i":{"x":0.833,"y":0.833},"o":{"x":0.167,"y":0.167},"t":36,"s":[{"i":[[7.84,-20.24],[6.88,-29.84],[-32.64,1.12],[-24.88,13.76],[0,0],[-86.367,-8.744],[-36.736,-29.502],[-10.097,-28.004],[9.149,-25.187],[22.572,-37.11],[-18.915,-3.992],[-10.867,8.077],[-14.703,12.224],[0,0],[-28.951,-4.917],[-9.706,-5.393],[-11.277,12.539],[37.417,23.773],[6.978,9.721],[30.269,133.798],[25.108,39.926],[-1.699,13.194],[-11.261,-4.409],[4.16,17.2],[61.544,28.64],[0,0],[202.4,-56.48],[-2.32,-72.08]],"o":[[-14.4,37.12],[-7.92,34.56],[32.64,-1.12],[28.56,-15.76],[0,0],[86.367,8.744],[56.543,45.408],[10.097,28.004],[-9.071,25.194],[-26.699,43.896],[18.913,3.992],[10.947,-8.07],[14.702,-12.223],[0,0],[28.95,4.917],[9.706,5.393],[11.277,-12.539],[-37.417,-23.773],[-6.978,-9.721],[-19.776,-87.417],[-30.005,-47.714],[2.931,-22.76],[17.058,6.679],[-3.12,-13.2],[-52.304,-24.341],[0,0],[-193.68,54.08],[1.28,41.6]],"v":[[-384.4,-101.599],[-436.24,-17.119],[-378.8,51.601],[-249.28,-2.479],[-153.92,-49.439],[32.32,-97.119],[265.185,21.187],[365.321,150.845],[387.817,247.919],[310.031,318.762],[293.608,435.99],[333.382,396.672],[401.666,367.935],[438.094,328.31],[501.403,365.796],[569.73,373.215],[617.39,395.682],[546.424,281.731],[475.933,236.755],[470.644,42.319],[376.811,-176.314],[339.306,-250.973],[386.944,-260.692],[407.518,-286.555],[307.706,-369.101],[216.815,-381.249],[-158.08,-442.799],[-410.32,-188.239]],"c":true}]},{"i":{"x":0.833,"y":0.833},"o":{"x":0.167,"y":0.167},"t":44,"s":[{"i":[[7.84,-20.24],[6.88,-29.84],[-32.64,1.12],[-24.88,13.76],[0,0],[-86.367,-8.744],[-25.531,-39.6],[-0.729,-29.76],[21.931,-15.399],[39.764,-17.478],[-13.213,-14.11],[-13.534,0.392],[-19.054,1.592],[0,0],[-20.909,-20.619],[-4.864,-9.982],[-16.427,3.814],[17.042,40.924],[0.148,11.965],[-8.5,136.916],[10.588,49.073],[-2.489,37.376],[-11.261,-4.409],[4.16,17.2],[61.544,28.64],[0,0],[202.4,-56.48],[-2.32,-72.08]],"o":[[-14.4,37.12],[-7.92,34.56],[32.64,-1.12],[28.56,-15.76],[0,0],[86.367,8.744],[39.295,60.95],[0.729,29.76],[-21.871,15.45],[-47.035,20.674],[13.213,14.11],[13.595,-0.341],[19.053,-1.592],[0,0],[20.908,20.619],[4.864,9.982],[16.427,-3.814],[-17.042,-40.924],[-0.148,-11.965],[6.939,-111.769],[-11.887,-55.097],[1.525,-22.897],[17.058,6.679],[-3.12,-13.2],[-52.304,-24.341],[0,0],[-193.68,54.08],[1.28,41.6]],"v":[[-384.4,-101.599],[-436.24,-17.119],[-378.8,51.601],[-249.28,-2.479],[-153.92,-49.439],[32.32,-97.119],[195.783,51.996],[249.813,206.654],[224.202,319.788],[119.857,333.271],[39.222,419.931],[94.349,410.502],[166.777,426.081],[219.338,414.482],[249.74,481.48],[301.485,526.715],[327.669,572.438],[334.809,438.386],[302.812,361.133],[384.034,136.975],[362.32,-102.719],[339.306,-250.973],[386.944,-260.692],[407.518,-286.555],[307.706,-369.101],[216.815,-381.249],[-158.08,-442.799],[-410.32,-188.239]],"c":true}]},{"i":{"x":0.833,"y":0.833},"o":{"x":0.167,"y":0.167},"t":52,"s":[{"i":[[7.84,-20.24],[6.88,-29.84],[-32.64,1.12],[-24.88,13.76],[0,0],[-86.367,-8.744],[-4.381,-46.912],[13.083,-26.74],[26.797,-0.069],[42.608,8.437],[-2.755,-19.134],[-11.321,-7.427],[-16.534,-9.604],[0,0],[-5.337,-28.876],[1.727,-10.969],[-15.651,-6.279],[-9.459,43.309],[-6.729,9.895],[-77.947,112.882],[2.24,56.32],[-2.489,37.376],[-12.058,-0.925],[9.005,15.233],[61.489,12.258],[0,0],[202.4,-56.48],[-2.32,-72.08]],"o":[[-14.4,37.12],[-7.92,34.56],[32.64,-1.12],[28.56,-15.76],[0,0],[86.367,8.744],[6.743,72.205],[-13.083,26.74],[-26.777,0.145],[-50.4,-9.979],[2.754,19.133],[11.341,7.505],[16.533,9.604],[0,0],[5.337,28.876],[-1.727,10.969],[15.651,6.279],[9.459,-43.309],[6.729,-9.895],[77.947,-112.882],[-2.24,-56.32],[1.525,-22.897],[18.265,1.402],[-6.842,-11.712],[-56.577,-11.279],[0,0],[-193.68,54.08],[1.28,41.6]],"v":[[-384.4,-101.599],[-436.24,-17.119],[-378.8,51.601],[-249.28,-2.479],[-153.92,-49.439],[32.32,-97.119],[160.64,27.921],[137.222,190.063],[73.535,255.069],[-19.734,206.382],[-135.461,231.266],[-84.866,255.097],[-34.403,309.338],[15.332,329.921],[1.898,402.258],[18.424,468.971],[13.713,521.45],[96.317,415.632],[114.315,333.974],[288.452,190.168],[362.32,-102.719],[341.288,-241.171],[408.007,-281.037],[419.33,-315.704],[320.437,-376.777],[221.925,-376.161],[-158.08,-442.799],[-410.32,-188.239]],"c":true}]},{"i":{"x":0.667,"y":1},"o":{"x":0.167,"y":0.167},"t":58,"s":[{"i":[[7.84,-20.24],[6.88,-29.84],[-32.64,1.12],[-24.88,13.76],[0,0],[-86.367,-8.744],[-4.381,-46.912],[14.64,-25.92],[25.92,6.8],[39.04,19.04],[2.24,-19.201],[-9.04,-10.08],[-13.52,-13.521],[0,0],[2.24,-29.28],[4.48,-10.16],[-13.52,-10.08],[-20.24,39.44],[-9.04,7.84],[-84.48,108.08],[2.24,56.32],[-20.24,31.52],[-11.52,3.68],[4.16,17.2],[79.6,18.8],[0,0],[202.4,-56.48],[-2.32,-72.08]],"o":[[-14.4,37.12],[-7.92,34.56],[32.64,-1.12],[28.56,-15.76],[0,0],[86.367,8.744],[6.743,72.205],[-14.64,25.92],[-25.92,-6.721],[-46.16,-22.56],[-2.24,19.2],[9.04,10.16],[13.52,13.519],[0,0],[-2.24,29.279],[-4.48,10.16],[13.52,10.079],[20.24,-39.44],[9.04,-7.84],[84.48,-108.08],[-2.24,-56.32],[20.24,-31.52],[15.36,-4.88],[-3.12,-13.2],[-56.16,-13.2],[0,0],[-193.68,54.08],[1.28,41.6]],"v":[[-384.4,-101.599],[-436.24,-17.119],[-378.8,51.601],[-249.28,-2.479],[-153.92,-49.439],[32.32,-97.119],[160.64,27.921],[128,184.481],[44.64,243.041],[-33.04,172.081],[-151.28,166.481],[-108.48,202.481],[-73.6,267.841],[-30.8,300.481],[-62.32,366.961],[-63.44,435.681],[-81.44,485.201],[25.52,404.081],[63.84,329.761],[278.96,193.521],[362.32,-102.719],[356.32,-241.999],[410,-283.679],[440,-309.919],[343.12,-377.519],[229.36,-375.279],[-158.08,-442.799],[-410.32,-188.239]],"c":true}]},{"i":{"x":0.833,"y":0.833},"o":{"x":0.333,"y":0},"t":68,"s":[{"i":[[7.84,-20.24],[6.88,-29.84],[-32.64,1.12],[-24.88,13.76],[0,0],[-86.367,-8.744],[2.687,-47.039],[18.353,-23.438],[24.141,11.631],[34.657,26.183],[5.871,-18.418],[-6.946,-11.623],[-10.686,-15.856],[0,0],[7.798,-28.311],[6.34,-9.116],[-11.343,-12.479],[-27.409,34.841],[-10.373,5.966],[-99.698,94.225],[2.24,56.32],[-20.24,31.52],[-11.52,3.68],[4.16,17.2],[79.6,18.8],[0,0],[202.4,-56.48],[-2.32,-72.08]],"o":[[-14.4,37.12],[-7.92,34.56],[32.64,-1.12],[28.56,-15.76],[0,0],[86.367,8.744],[-4.135,72.401],[-18.353,23.438],[-24.156,-11.554],[-40.994,-30.971],[-5.87,18.417],[6.93,11.701],[10.685,15.855],[0,0],[-7.798,28.31],[-6.34,9.116],[11.343,12.479],[27.409,-34.841],[10.372,-5.966],[99.698,-94.225],[-2.24,-56.32],[20.24,-31.52],[15.36,-4.88],[-3.12,-13.2],[-56.16,-13.2],[0,0],[-193.68,54.08],[1.28,41.6]],"v":[[-384.4,-101.599],[-436.24,-17.119],[-378.8,51.601],[-249.28,-2.479],[-153.92,-49.439],[32.32,-97.119],[152.257,14.768],[96.563,164.683],[7.119,211.982],[-55.558,127.476],[-170.544,99.368],[-135.419,142.888],[-113.682,213.712],[-77.913,253.935],[-121.565,313.16],[-135.806,380.398],[-162.944,425.562],[-42.445,366.393],[9.38,300.773],[244.471,196.205],[362.32,-102.719],[356.32,-241.999],[410,-283.679],[440,-309.919],[343.12,-377.519],[229.36,-375.279],[-158.08,-442.799],[-410.32,-188.239]],"c":true}]},{"i":{"x":0.833,"y":0.833},"o":{"x":0.167,"y":0.167},"t":84,"s":[{"i":[[7.84,-20.24],[6.88,-29.84],[-32.64,1.12],[-24.88,13.76],[0,0],[-86.367,-8.744],[2.687,-47.039],[14.795,-25.832],[26.796,0.208],[42.519,8.875],[-2.557,-19.161],[-11.244,-7.544],[-16.434,-9.774],[0,0],[-5.039,-28.93],[1.84,-10.95],[-15.586,-6.44],[-9.905,43.209],[-6.831,9.825],[-85.126,107.572],[2.24,56.32],[-12.434,35.335],[-12.003,1.479],[6.203,16.573],[81.295,8.981],[0,0],[202.4,-56.48],[-2.32,-72.08]],"o":[[-14.4,37.12],[-7.92,34.56],[32.64,-1.12],[28.56,-15.76],[0,0],[86.367,8.744],[-4.135,72.401],[-14.795,25.832],[-26.777,-0.131],[-50.294,-10.499],[2.557,19.16],[11.263,7.621],[16.433,9.773],[0,0],[5.039,28.929],[-1.84,10.95],[15.586,6.439],[9.905,-43.209],[6.831,-9.825],[85.126,-107.572],[-2.24,-56.32],[7.945,-22.579],[16.182,-1.995],[-4.688,-12.728],[-57.342,-6.335],[0,0],[-193.68,54.08],[1.28,41.6]],"v":[[-384.4,-101.599],[-436.24,-17.119],[-378.8,51.601],[-249.28,-2.479],[-153.92,-49.439],[32.32,-97.119],[152.257,14.768],[119.517,175.865],[32.343,248.31],[-60.419,198.663],[-176.397,222.352],[-126.05,246.704],[-76.149,301.462],[-26.629,322.558],[-40.808,394.752],[-24.972,461.632],[-30.223,514.06],[53.468,409.099],[72.306,327.631],[270.42,185.809],[366.201,-103.687],[348.469,-279.173],[380.808,-311.319],[409.517,-341.777],[300.221,-397.712],[198.928,-386.504],[-158.08,-442.799],[-410.32,-188.239]],"c":true}]},{"i":{"x":0.833,"y":0.833},"o":{"x":0.167,"y":0.167},"t":90,"s":[{"i":[[11.666,-18.303],[12.562,-27.928],[-32.226,-5.303],[-27.104,8.588],[0,0],[-86.367,-8.744],[-7.724,-46.479],[4.483,-29.429],[25.068,-9.471],[42.858,-7.057],[-9.296,-16.949],[-13.208,-2.981],[-18.853,-3.189],[0,0],[-15.134,-25.165],[-2.233,-10.877],[-16.86,-0.385],[6.346,43.874],[-2.828,11.627],[-23.241,135.196],[21.561,60.983],[-6.04,36.969],[-9.12,7.942],[10.655,14.128],[80.497,-14.484],[0,0],[135.596,-25.07],[11.962,-71.118]],"o":[[-21.4,33.575],[-14.544,32.336],[32.226,5.303],[31.096,-9.853],[0,0],[86.367,8.744],[11.889,71.538],[-4.483,29.429],[-25.022,9.535],[-50.695,8.347],[9.295,16.948],[13.254,3.046],[18.852,3.189],[0,0],[15.133,25.165],[2.233,10.877],[16.859,0.385],[-6.346,-43.874],[2.828,-11.627],[18.803,-109.381],[-18.789,-53.141],[6.04,-36.969],[12.154,-10.585],[-8.111,-10.871],[-56.779,10.216],[0,0],[-197.737,36.559],[-6.904,41.043]],"v":[[-410.431,-142.997],[-477.833,-70.325],[-434.986,8.326],[-297.375,-19.302],[-194.657,-46.647],[32.32,-97.119],[170.446,-17.765],[250.519,109.976],[195.341,208.985],[90.917,196.136],[-8.711,260.06],[47.03,264.615],[113.322,297.69],[167.117,299.505],[179.931,371.955],[218.823,428.621],[232.833,479.414],[273.035,351.334],[261.223,268.555],[394.852,64.824],[353.103,-180.371],[297.212,-347.661],[329.896,-407.247],[346.99,-443.252],[231.22,-466.762],[127.728,-419.478],[-141.615,-438.8],[-418.856,-233.038]],"c":true}]},{"i":{"x":0.833,"y":0.833},"o":{"x":0.167,"y":0.167},"t":96,"s":[{"i":[[16.567,-14.024],[20.274,-22.951],[-29.207,-14.615],[-28.431,0.17],[0,0],[-86.56,6.555],[-41.921,-21.508],[-9.438,-28.233],[41.98,-44.659],[41.574,-12.576],[-11.423,-15.595],[-13.483,-1.236],[-19.108,-0.708],[0,0],[-18.281,-22.981],[-3.63,-10.494],[-16.766,1.813],[12.004,42.674],[-1.29,11.896],[14.189,138.191],[67.849,71.545],[4.86,37.142],[-6.447,10.232],[14.272,10.462],[72.919,-37.047],[13.289,-8.01],[107.97,3.673],[32.501,-64.379]],"o":[[-30.389,25.725],[-23.474,26.573],[29.207,14.615],[32.619,-0.195],[0,0],[86.56,-6.555],[53.593,27.497],[10.534,31.509],[-23.568,12.712],[-49.177,14.876],[11.423,15.594],[13.538,1.294],[19.106,0.708],[0,0],[18.281,22.98],[3.63,10.494],[16.766,-1.813],[-12.004,-42.674],[1.29,-11.896],[-14.011,-136.462],[-38.785,-40.898],[-4.86,-37.142],[8.592,-13.636],[-10.897,-8.076],[-51.433,26.131],[-13.289,8.01],[-200.972,-6.837],[-18.757,37.153]],"v":[[-436.111,-220.846],[-522.022,-171.413],[-504.408,-83.598],[-358.017,-42.034],[-255.034,-39.324],[12.722,-100.635],[227.422,-57.411],[353.248,32.855],[340.563,165.667],[235.355,166.522],[144.896,242.872],[200.756,240.131],[270.789,264.295],[324.362,259.092],[346.499,329.257],[392.437,380.378],[412.941,428.914],[436.127,296.69],[413.639,216.153],[479.444,-30.452],[340.624,-301.227],[243.482,-397.66],[254.473,-464.378],[260.478,-503.779],[142.841,-492.962],[57.829,-415.943],[-109.795,-436.352],[-417.473,-309.339]],"c":true}]},{"i":{"x":0.833,"y":0.833},"o":{"x":0.167,"y":0.167},"t":102,"s":[{"i":[[20.78,-6.269],[27.735,-12.981],[-20.973,-25.035],[-26.148,-11.164],[0,0],[-86.795,-1.545],[-41.921,-21.508],[-23.618,-18.121],[16.321,-19.259],[17.466,-39.769],[-19.276,-1.455],[-9.703,9.443],[-20.774,14.727],[0,0],[-23.842,-17.143],[-6.347,-9.111],[-15.642,6.305],[20.181,47.895],[3.396,11.474],[35.936,134.189],[67.849,71.545],[4.771,25.673],[-9.238,7.805],[10.443,14.287],[80.705,-13.275],[15.498,-0.756],[98.509,44.352],[55.445,-46.116]],"o":[[-38.119,11.499],[-32.113,15.03],[20.973,25.035],[30,12.808],[0,0],[86.795,1.545],[53.593,27.497],[26.358,20.224],[-16.321,19.259],[-20.659,47.041],[19.275,1.455],[9.783,-9.447],[15.597,-11.058],[0,0],[23.841,17.143],[6.347,9.111],[15.64,-6.304],[-17.213,-40.852],[-3.396,-11.474],[-33.165,-123.842],[-38.785,-40.898],[-4.848,-26.09],[12.311,-10.401],[-7.947,-10.992],[-56.925,9.363],[-18.208,0.888],[-111.069,-50.007],[-31.998,26.614]],"v":[[-403.833,-442.712],[-502.322,-431.57],[-521.127,-344.001],[-408.186,-232.226],[-314.795,-188.739],[4.774,-127.484],[227.422,-57.411],[353.523,30.835],[396.295,159.106],[318.22,258.67],[320.465,384.448],[350.986,341.726],[392.287,315.039],[416.353,294.085],[440.255,327.005],[484.061,363.059],[514.762,404.019],[515.625,274.276],[479.932,190.719],[466.992,-31.855],[303.585,-286.124],[260.38,-381.784],[283.986,-427.541],[301.618,-463.285],[186.213,-488.529],[73.852,-450.427],[-79.597,-512.026],[-354.923,-500.838]],"c":true}]},{"i":{"x":0.833,"y":0.833},"o":{"x":0.167,"y":0.167},"t":110,"s":[{"i":[[20.164,-8.033],[26.515,-15.319],[-23.049,-23.138],[-27.011,-8.872],[0,0],[-80.999,-31.224],[-46.789,-5.551],[-26.842,-12.871],[-0.438,-25.24],[-13.107,-41.41],[-15.447,11.622],[-1.063,13.498],[-5.898,24.772],[0,0],[-29.228,2.843],[-10.78,-2.661],[-7.597,15.057],[46.761,22.683],[10.122,6.383],[58.177,73.328],[76.827,37.773],[-20.266,2.921],[-9.082,-4.041],[-5.474,10.027],[76.15,29.846],[15.44,-1.533],[97.57,46.38],[51.272,-50.716]],"o":[[-36.988,14.736],[-30.7,17.737],[23.049,23.138],[30.991,10.18],[0,0],[80.999,31.224],[59.816,7.096],[29.957,14.365],[0.438,25.24],[15.505,48.983],[15.447,-11.621],[1.121,-13.553],[4.428,-18.6],[0,0],[29.227,-2.843],[10.78,2.661],[7.596,-15.055],[-39.885,-19.347],[-10.122,-6.383],[-53.318,-67.203],[-20.363,-10.012],[12.928,-1.863],[9.082,4.041],[5.474,-10.027],[-53.712,-21.052],[-15.44,1.533],[-181.614,-86.331],[-29.59,29.268]],"v":[[-361.102,-465.887],[-458.267,-446.313],[-469.469,-357.451],[-341.661,-299.441],[-244.876,-264.15],[6.737,-213.074],[190.091,-75.239],[373.572,-33.748],[452.317,38.235],[459.317,164.566],[543.976,257.615],[538.732,205.373],[552.168,158.071],[556.433,126.448],[596.113,135.422],[652.819,133.622],[702.914,144.153],[617.975,46.074],[536.03,6.821],[438.03,-144.258],[252.805,-310.069],[277.89,-348.425],[335.154,-344.189],[359.457,-354.548],[269.218,-458.158],[182.784,-478.519],[33.577,-571.48],[-315.313,-543.872]],"c":true}]},{"i":{"x":0.833,"y":0.833},"o":{"x":0.167,"y":0.167},"t":116,"s":[{"i":[[14.766,-15.909],[17.376,-25.216],[-30.748,-11.008],[-28.206,3.577],[0,0],[-86.56,6.555],[-46.92,4.305],[-28.797,7.544],[-17.659,-18.039],[-31.567,-29.835],[-6.465,18.218],[6.564,11.842],[6.874,24.52],[0,0],[-13.816,25.913],[-8.893,6.649],[6.825,15.422],[44.781,-26.379],[11.74,-2.316],[135.996,28.344],[95.624,24.047],[3.698,32.001],[0.04,12.093],[17.656,1.185],[41.712,-70.354],[6.927,-13.884],[108.032,0.024],[24.549,-67.811]],"o":[[-27.086,29.182],[-20.119,29.195],[30.748,11.008],[32.361,-4.104],[0,0],[86.561,-6.555],[59.983,-5.504],[45.689,-11.97],[17.659,18.039],[37.34,35.291],[6.465,-18.217],[-6.547,-11.92],[-5.161,-18.41],[0,0],[13.815,-25.912],[8.893,-6.649],[-6.825,-15.42],[-38.196,22.5],[-11.74,2.316],[-76.043,-15.849],[-54.663,-13.746],[-4.3,-37.211],[-0.053,-16.117],[-13.529,-0.979],[-29.422,49.624],[-6.927,13.884],[-201.089,-0.045],[-14.167,39.134]],"v":[[-428.015,-171.143],[-507.38,-111.767],[-479.366,-26.696],[-339.03,-29.143],[-236.465,-38.799],[12.722,-100.635],[208.502,-103.716],[362.603,-117.238],[530.246,-140.692],[602.995,-46.853],[743.459,-14.546],[700.348,-56.612],[681.01,-97.619],[655.576,-153.184],[700.172,-189.575],[726.615,-229.829],[776.425,-260.486],[637.876,-257.253],[569.49,-221.033],[367.693,-265.989],[154.51,-314.461],[70.12,-387.54],[64.747,-477.581],[48.703,-514.066],[-44.821,-441.894],[-75.324,-331.311],[-116.833,-435.883],[-420.121,-261.232]],"c":true}]},{"t":120,"s":[{"i":[[12.028,-17.501],[13.231,-26.883],[-31.33,-6.279],[-26.792,7.476],[0,0],[-82.773,20.005],[-45.506,4.417],[-25.876,2.419],[-15.064,-18.542],[-24.331,-30.34],[-8.095,14.99],[4.114,11.201],[4.943,21.719],[0,0],[-15.217,22.108],[-8.781,5.411],[5.031,14.836],[41.705,-21.526],[11.063,-1.183],[123.8,29.392],[80.05,5.345],[22.366,18.858],[-1.16,9.739],[16.281,0.502],[35.069,-60.791],[2.887,-10.287],[79.207,-13.818],[17.512,-68.929]],"o":[[-22.065,32.103],[-15.319,31.124],[31.33,6.279],[30.74,-8.579],[0,0],[82.773,-20.005],[61.335,-5.038],[37.674,-6.915],[15.083,18.534],[28.78,35.889],[8.095,-14.989],[-4.088,-11.266],[-3.236,-17.46],[0,0],[15.216,-22.107],[8.781,-5.411],[-5.031,-14.835],[-37.275,18.225],[-11.064,1.183],[-56.345,-18.685],[-53.407,-3.971],[-24.111,-20.685],[2.047,-13.264],[-12.477,-0.45],[-27.045,44.007],[-2.886,10.287],[-166.697,40.969],[-10.122,39.78]],"v":[[-417.522,-148.401],[-483.662,-77.027],[-444.436,1.332],[-311.175,-23.615],[-215.034,-54.973],[31.295,-166.909],[240.362,-172.107],[389.128,-176.072],[524.89,-186.27],[575.154,-98.564],[689.182,-57.135],[659.312,-97.984],[654.51,-140.965],[635.483,-192.556],[683.949,-221.259],[716.547,-258.899],[763.745,-285.449],[634.031,-290.025],[565.873,-260.446],[406.514,-313.713],[141.395,-436.967],[63.471,-515.434],[43.381,-565.383],[25.93,-596.429],[-61.224,-528.791],[-84.981,-433.553],[-156.033,-455.53],[-417.554,-242.115]],"c":true}],"h":1}],"ix":2},"nm":"Path 1","mn":"ADBE Vector Shape - Group","hd":false},{"ty":"fl","c":{"a":0,"k":[0.211999990426,0.705999995213,0.882000014361,1],"ix":4},"o":{"a":0,"k":100,"ix":5},"r":1,"bm":0,"nm":"Fill 1","mn":"ADBE Vector Graphic - Fill","hd":false},{"ty":"tr","p":{"a":0,"k":[508.96,495.28],"ix":2},"a":{"a":0,"k":[0,0],"ix":1},"s":{"a":0,"k":[100,100],"ix":3},"r":{"a":0,"k":0,"ix":6},"o":{"a":0,"k":100,"ix":7},"sk":{"a":0,"k":0,"ix":4},"sa":{"a":0,"k":0,"ix":5},"nm":"Transform"}],"nm":"Group 6","np":2,"cix":2,"bm":0,"ix":5,"mn":"ADBE Vector Group","hd":false},{"ty":"gr","it":[{"ind":0,"ty":"sh","ix":1,"ks":{"a":1,"k":[{"t":6,"s":[{"i":[[12.761,-13.048],[-24.852,-9.293],[-39.966,-0.878],[-18.665,8.108],[4.576,2.965],[25.079,4.265],[13.548,6.007]],"o":[[-12.76,13.047],[0,0],[26.502,0.582],[22.114,-9.606],[-8.06,-5.223],[-21.873,-3.72],[-13.548,-6.007]],"v":[[4.964,-168.826],[6.871,-126.549],[86.557,-110.824],[159.953,-122.544],[193.694,-135.339],[137.528,-153.901],[52.803,-185.01]],"c":true}],"h":1},{"i":{"x":0.833,"y":0.833},"o":{"x":0.167,"y":0.167},"t":14,"s":[{"i":[[15.881,-14.495],[-20.115,-15.208],[-36.738,-6.85],[-19.807,7.462],[3.312,4.369],[21.891,8.946],[10.673,9.469]],"o":[[-15.88,14.495],[0,0],[24.357,4.542],[23.469,-8.842],[-5.836,-7.697],[-19.093,-7.803],[-10.672,-9.468]],"v":[[19.982,-232.604],[8.575,-179.414],[77.457,-148.264],[149.067,-152.372],[188.732,-149.078],[138.075,-194.847],[69.32,-245.978]],"c":true}]},{"i":{"x":0.833,"y":0.833},"o":{"x":0.167,"y":0.167},"t":22,"s":[{"i":[[9.297,-19.388],[-24.347,-6.568],[-36.63,7.407],[-15.571,14.337],[4.708,2.81],[23.649,0.097],[13.442,4.783]],"o":[[-9.296,19.387],[0,0],[24.286,-4.911],[18.449,-16.988],[-8.294,-4.951],[-20.626,-0.085],[-13.441,-4.782]],"v":[[1.064,-251.688],[10.407,-198.096],[85.943,-195.01],[150.802,-225.638],[174.835,-260.452],[124.702,-260.905],[41.802,-282.566]],"c":true}]},{"i":{"x":0,"y":1},"o":{"x":0.167,"y":0.167},"t":26,"s":[{"i":[[14.964,-20.966],[-25.244,-18.527],[-42.172,-5.732],[-20.655,11.893],[4.508,5.557],[26.05,9.95],[13.656,11.71]],"o":[[-14.963,20.965],[0,0],[27.967,3.802],[24.47,-14.089],[-7.939,-9.786],[-22.719,-8.678],[-13.655,-11.709]],"v":[[25.857,-200.416],[23.125,-127.904],[105.647,-92.568],[184.599,-104.843],[223.031,-146.073],[164.402,-160.85],[78.277,-223.032]],"c":true}]},{"i":{"x":0.833,"y":0.833},"o":{"x":0.333,"y":0},"t":58,"s":[{"i":[[25.652,-2.332],[-2.422,-31.219],[-23.2,-35.68],[-22.48,-7.92],[-1.28,7.04],[9.44,26.239],[0.031,17.989]],"o":[[-25.651,2.332],[0,0],[15.36,23.679],[26.64,9.359],[2.24,-12.401],[-8.24,-22.881],[-0.031,-17.988]],"v":[[-15.243,-94.846],[-71.989,-49.621],[-44.949,35.979],[15.851,87.819],[72.171,90.059],[45.131,35.979],[36.091,-69.862]],"c":true}]},{"i":{"x":0.667,"y":1},"o":{"x":0.167,"y":0.167},"t":84,"s":[{"i":[[21.481,-14.214],[-16.933,-26.34],[-37.32,-20.458],[-23.545,3.705],[2.218,6.803],[20.757,18.621],[8.555,15.824]],"o":[[-21.48,14.214],[0,0],[24.75,13.567],[27.893,-4.389],[-3.907,-11.981],[-18.102,-16.24],[-8.555,-15.823]],"v":[[-22.421,-121.826],[-50.945,-55.104],[13.444,7.447],[91.554,24.268],[142.204,-0.46],[92.758,-35.258],[34.622,-124.163]],"c":true}]},{"i":{"x":0.833,"y":0.833},"o":{"x":0.333,"y":0},"t":96,"s":[{"i":[[10.818,-11.603],[-28.225,-5.813],[-42.387,3.601],[-17.808,8.593],[5.524,1.912],[27.47,0.753],[15.705,3.411]],"o":[[-10.818,11.603],[0,0],[28.11,-2.388],[21.097,-10.18],[-9.729,-3.367],[-23.957,-0.657],[-15.704,-3.411]],"v":[[-9.717,-118.528],[1.019,-84.055],[93.382,-82.744],[168.117,-100.173],[197.415,-125.035],[137.118,-123.191],[40.414,-139.284]],"c":true}]},{"i":{"x":0.833,"y":0.833},"o":{"x":0.167,"y":0.167},"t":102,"s":[{"i":[[11.49,-10.938],[-27.828,-7.484],[-42.538,-0.367],[-18.532,6.895],[5.322,2.419],[27.28,3.311],[15.319,4.861]],"o":[[-11.49,10.938],[0,0],[28.211,0.243],[21.954,-8.168],[-9.372,-4.259],[-23.792,-2.888],[-15.318,-4.861]],"v":[[-11.54,-151.22],[-2.877,-116.169],[84.142,-103.844],[160.176,-114.229],[191.665,-136.25],[131.458,-140.036],[36.677,-165.077]],"c":true}]},{"i":{"x":0.833,"y":0.833},"o":{"x":0.167,"y":0.167},"t":110,"s":[{"i":[[14.809,-5.641],[-22.749,-17.639],[-39.048,-16.761],[-19.735,-0.803],[3.969,4.283],[23.855,13.583],[12.236,10.392]],"o":[[-14.809,5.641],[0,0],[25.896,11.115],[23.38,0.951],[-6.99,-7.543],[-20.804,-11.846],[-12.235,-10.392]],"v":[[7.176,-261.663],[1.625,-226.026],[77.036,-181.076],[151.095,-161.288],[188.607,-169.42],[134.601,-196.152],[56.948,-255.814]],"c":true}]},{"i":{"x":0.833,"y":0.833},"o":{"x":0.167,"y":0.167},"t":116,"s":[{"i":[[10.421,-11.962],[-28.405,-4.857],[-42.387,3.601],[-17.808,8.593],[5.524,1.912],[27.47,0.753],[15.705,3.411]],"o":[[-10.42,11.962],[0,0],[28.11,-2.388],[21.097,-10.18],[-9.729,-3.367],[-23.957,-0.657],[-15.704,-3.411]],"v":[[-6.3,-120.992],[5.593,-86.901],[93.382,-82.744],[168.117,-100.173],[197.415,-125.035],[137.118,-123.191],[40.414,-139.284]],"c":true}]},{"t":120,"s":[{"i":[[12.761,-13.048],[-24.852,-9.293],[-39.966,-0.878],[-18.665,8.108],[4.576,2.965],[25.079,4.265],[13.548,6.007]],"o":[[-12.76,13.047],[0,0],[26.502,0.582],[22.114,-9.606],[-8.06,-5.223],[-21.873,-3.72],[-13.548,-6.007]],"v":[[4.964,-168.826],[6.871,-126.549],[86.557,-110.824],[159.953,-122.544],[193.694,-135.339],[137.528,-153.901],[52.803,-185.01]],"c":true}],"h":1}],"ix":2},"nm":"Path 1","mn":"ADBE Vector Shape - Group","hd":false},{"ty":"fl","c":{"a":0,"k":[0,0.426999978458,0.651000019148,1],"ix":4},"o":{"a":0,"k":100,"ix":5},"r":1,"bm":0,"nm":"Fill 1","mn":"ADBE Vector Graphic - Fill","hd":false},{"ty":"tr","p":{"a":0,"k":[490.469,488.342],"ix":2},"a":{"a":0,"k":[0,0],"ix":1},"s":{"a":0,"k":[100,100],"ix":3},"r":{"a":0,"k":0,"ix":6},"o":{"a":0,"k":100,"ix":7},"sk":{"a":0,"k":0,"ix":4},"sa":{"a":0,"k":0,"ix":5},"nm":"Transform"}],"nm":"Group 5","np":2,"cix":2,"bm":0,"ix":6,"mn":"ADBE Vector Group","hd":false}],"ip":0,"op":152,"st":0,"bm":0}]}],"layers":[{"ddd":0,"ind":1,"ty":0,"nm":"emoji_dolphin","refId":"comp_0","sr":0.9,"ks":{"o":{"a":0,"k":100,"ix":11},"r":{"a":0,"k":0,"ix":10},"p":{"a":1,"k":[{"i":{"x":0.833,"y":0.833},"o":{"x":0.167,"y":0.167},"t":67.999,"s":[512,512,0],"to":[0.546,0,0],"ti":[-2.259,0,0]},{"i":{"x":0.833,"y":0.833},"o":{"x":0.167,"y":0.167},"t":77.999,"s":[514.009,512,0],"to":[0.499,0,0],"ti":[-0.844,0,0]},{"i":{"x":0.833,"y":0.833},"o":{"x":0.167,"y":0.167},"t":88,"s":[508,512,0],"to":[4.667,0,0],"ti":[-5.333,0,0]},{"t":95.9994140625,"s":[540,512,0]}],"ix":2,"l":2},"a":{"a":0,"k":[512,512,0],"ix":1,"l":2},"s":{"a":0,"k":[100,100,100],"ix":6,"l":2}},"ao":0,"w":1024,"h":1024,"ip":0,"op":110,"st":-9,"bm":0}],"markers":[]}