{"v":"5.8.1","fr":60,"ip":0,"op":180,"w":1024,"h":1024,"nm":"emoji_smiling-with-tear","ddd":0,"assets":[{"id":"comp_0","nm":"emoji_smiling-with-tear - 60 fps","fr":60,"layers":[{"ddd":0,"ind":1,"ty":3,"nm":"Null All","sr":1,"ks":{"o":{"a":0,"k":0,"ix":11},"r":{"a":0,"k":0,"ix":10},"p":{"s":true,"x":{"a":0,"k":512,"ix":3},"y":{"a":0,"k":512,"ix":4}},"a":{"a":0,"k":[0,0,0],"ix":1,"l":2},"s":{"a":0,"k":[100,100,100],"ix":6,"l":2}},"ao":0,"ip":0,"op":180,"st":0,"bm":0},{"ddd":0,"ind":2,"ty":3,"nm":"Null Face","parent":10,"sr":1,"ks":{"o":{"a":0,"k":0,"ix":11},"r":{"a":0,"k":0,"ix":10},"p":{"s":true,"x":{"a":0,"k":0,"ix":3},"y":{"a":1,"k":[{"i":{"x":[0.25],"y":[1]},"o":{"x":[0.167],"y":[0.167]},"t":0,"s":[0]},{"i":{"x":[0],"y":[1]},"o":{"x":[0.333],"y":[0]},"t":15,"s":[-2.5]},{"i":{"x":[0.667],"y":[1]},"o":{"x":[0.333],"y":[0]},"t":37.5,"s":[3.75]},{"i":{"x":[0.667],"y":[1]},"o":{"x":[0.333],"y":[0]},"t":52.5,"s":[2.75]},{"i":{"x":[0.833],"y":[0.833]},"o":{"x":[0.333],"y":[0]},"t":75,"s":[2.75]},{"i":{"x":[0.833],"y":[0.833]},"o":{"x":[0.167],"y":[0.167]},"t":80,"s":[4.75]},{"i":{"x":[0.667],"y":[1]},"o":{"x":[0.167],"y":[0.167]},"t":97.5,"s":[4.75]},{"i":{"x":[0.667],"y":[1]},"o":{"x":[0.333],"y":[0]},"t":105,"s":[2.75]},{"i":{"x":[0.484],"y":[1]},"o":{"x":[0.333],"y":[0]},"t":167.5,"s":[2.75]},{"i":{"x":[0.839],"y":[0.983]},"o":{"x":[0.639],"y":[0]},"t":172.5,"s":[5.75]},{"t":180,"s":[0]}],"ix":4}},"a":{"a":0,"k":[0,0,0],"ix":1,"l":2},"s":{"a":0,"k":[12.5,12.5,100],"ix":6,"l":2}},"ao":0,"ip":0,"op":180,"st":0,"bm":0},{"ddd":0,"ind":3,"ty":3,"nm":"Null DROP","parent":2,"sr":1,"ks":{"o":{"a":0,"k":0,"ix":11},"r":{"a":0,"k":0,"ix":10},"p":{"a":0,"k":[-206.727,-17.544,0],"ix":2,"l":2},"a":{"a":0,"k":[0,0,0],"ix":1,"l":2},"s":{"a":0,"k":[77,77,100],"ix":6,"l":2}},"ao":0,"ip":0,"op":180,"st":0,"bm":0},{"ddd":0,"ind":4,"ty":4,"nm":"eyes closed","parent":2,"sr":1,"ks":{"o":{"a":0,"k":100,"ix":11},"r":{"a":0,"k":0,"ix":10},"p":{"a":0,"k":[0,-58.514,0],"ix":2,"l":2},"a":{"a":0,"k":[0.19,-0.514,0],"ix":1,"l":2},"s":{"a":0,"k":[100,100,100],"ix":6,"l":2}},"ao":0,"shapes":[{"ty":"gr","it":[{"ind":0,"ty":"sh","ix":1,"ks":{"a":0,"k":{"i":[[0,0],[-37.764,7.65],[-12.954,4.425],[-2.756,-8.092],[5.169,-3.92],[15.391,-5.031],[31.414,9.753],[12.536,11.193],[-5.688,6.371],[-6.062,-2.861]],"o":[[35.552,15.14],[12.949,-2.547],[8.092,-2.756],[2.206,6.478],[-12.776,9.66],[-31.048,10.008],[-15.757,-4.94],[-6.371,-5.688],[4.704,-5.278],[0,0]],"v":[[-246.906,-27.764],[-133.934,-17.823],[-95.231,-28.592],[-75.59,-18.929],[-80.907,-1.593],[-123.73,20.323],[-220.383,21.595],[-263.903,-2.268],[-265.139,-24.103],[-246.906,-27.764]],"c":true},"ix":2},"nm":"Path 1","mn":"ADBE Vector Shape - Group","hd":false},{"ind":1,"ty":"sh","ix":2,"ks":{"a":0,"k":{"i":[[0,0],[-37.764,7.65],[-12.954,4.425],[-2.756,-8.092],[5.169,-3.92],[15.391,-5.031],[31.414,9.753],[12.536,11.193],[-5.688,6.371],[-6.062,-2.861]],"o":[[35.552,15.14],[12.949,-2.547],[8.092,-2.756],[2.206,6.478],[-12.776,9.66],[-31.048,10.008],[-15.757,-4.94],[-6.371,-5.688],[4.704,-5.278],[0,0]],"v":[[97.305,-27.764],[210.277,-17.823],[248.98,-28.592],[268.621,-18.929],[263.304,-1.593],[220.481,20.323],[123.828,21.595],[80.308,-2.268],[79.072,-24.103],[97.305,-27.764]],"c":true},"ix":2},"nm":"Path 2","mn":"ADBE Vector Shape - Group","hd":false},{"ty":"fl","c":{"a":0,"k":[0.258823529412,0.16862745098,0.050980392157,1],"ix":4},"o":{"a":0,"k":100,"ix":5},"r":1,"bm":0,"nm":"Fill 1","mn":"ADBE Vector Graphic - Fill","hd":false},{"ty":"tr","p":{"a":0,"k":[0,0],"ix":2},"a":{"a":0,"k":[0,0],"ix":1},"s":{"a":0,"k":[100,100],"ix":3},"r":{"a":0,"k":0,"ix":6},"o":{"a":0,"k":100,"ix":7},"sk":{"a":0,"k":0,"ix":4},"sa":{"a":0,"k":0,"ix":5},"nm":"Transform"}],"nm":"Shape 1","np":4,"cix":2,"bm":0,"ix":1,"mn":"ADBE Vector Group","hd":false}],"ip":80,"op":100,"st":72.5,"bm":0},{"ddd":0,"ind":5,"ty":4,"nm":"eyes normal","parent":2,"sr":1,"ks":{"o":{"a":1,"k":[{"t":0,"s":[100],"h":1},{"t":80,"s":[0],"h":1},{"t":100,"s":[100],"h":1}],"ix":11},"r":{"a":0,"k":0,"ix":10},"p":{"a":0,"k":[0,-109.601,0],"ix":2,"l":2},"a":{"a":0,"k":[27.45,6.65,0],"ix":1,"l":2},"s":{"a":0,"k":[800,800,100],"ix":6,"l":2}},"ao":0,"shapes":[{"ty":"gr","it":[{"ind":0,"ty":"sh","ix":1,"ks":{"a":0,"k":{"i":[[0.899,0.8],[0,0],[0.7,-1.4],[-0.901,-0.9],[-0.701,1.4]],"o":[[0,0],[-1.4,-0.7],[-0.5,1.1],[1.399,0.7],[0.5,-1.1]],"v":[[1.601,-5.3],[1.601,-5.3],[-2.201,-4],[-1.6,-0.7],[2.201,-2]],"c":true},"ix":2},"nm":"Path 1","mn":"ADBE Vector Shape - Group","hd":false},{"ty":"fl","c":{"a":0,"k":[0.536999990426,0.375999989229,0.141000007181,1],"ix":4},"o":{"a":0,"k":100,"ix":5},"r":1,"bm":0,"nm":"Fill 1","mn":"ADBE Vector Graphic - Fill","hd":false},{"ty":"tr","p":{"a":0,"k":[44.65,6.55],"ix":2},"a":{"a":0,"k":[0,0],"ix":1},"s":{"a":0,"k":[100,100],"ix":3},"r":{"a":0,"k":0,"ix":6},"o":{"a":0,"k":100,"ix":7},"sk":{"a":0,"k":0,"ix":4},"sa":{"a":0,"k":0,"ix":5},"nm":"Transform"}],"nm":"Group 1","np":2,"cix":2,"bm":0,"ix":1,"mn":"ADBE Vector Group","hd":false},{"ty":"gr","it":[{"ind":0,"ty":"sh","ix":1,"ks":{"a":1,"k":[{"i":{"x":0.833,"y":0.833},"o":{"x":0.333,"y":0},"t":76,"s":[{"i":[[4.2,0],[0,0],[0,-5.9],[-4.2,0],[0,5.9]],"o":[[0,0],[-4.2,0],[0,5.9],[4.2,0],[0,-5.9]],"v":[[0,-12.4],[0,-12.4],[-8,-3],[0,6.4],[8,-3]],"c":true}]},{"i":{"x":0.833,"y":0.833},"o":{"x":0.167,"y":0.167},"t":80,"s":[{"i":[[4.2,0],[0,0],[0,-5.9],[-4.2,0],[0,5.9]],"o":[[0,0],[-4.2,0],[0,5.9],[4.2,0],[0,-5.9]],"v":[[0,-9.025],[0,-9.025],[-8,-2],[0,6.4],[8,-2]],"c":true}]},{"i":{"x":0.667,"y":1},"o":{"x":0.167,"y":0.167},"t":99,"s":[{"i":[[4.2,0],[0,0],[0,-5.9],[-4.2,0],[0,5.9]],"o":[[0,0],[-4.2,0],[0,5.9],[4.2,0],[0,-5.9]],"v":[[0,-9.025],[0,-9.025],[-8,-2],[0,6.4],[8,-2]],"c":true}]},{"t":102,"s":[{"i":[[4.2,0],[0,0],[0,-5.9],[-4.2,0],[0,5.9]],"o":[[0,0],[-4.2,0],[0,5.9],[4.2,0],[0,-5.9]],"v":[[0,-12.4],[0,-12.4],[-8,-3],[0,6.4],[8,-3]],"c":true}]}],"ix":2},"nm":"Path 1","mn":"ADBE Vector Shape - Group","hd":false},{"ty":"fl","c":{"a":0,"k":[0.258999992819,0.169000004787,0.051000000449,1],"ix":4},"o":{"a":0,"k":100,"ix":5},"r":1,"bm":0,"nm":"Fill 1","mn":"ADBE Vector Graphic - Fill","hd":false},{"ty":"tr","p":{"a":0,"k":[46.65,9.65],"ix":2},"a":{"a":0,"k":[0,0],"ix":1},"s":{"a":0,"k":[100,100],"ix":3},"r":{"a":0,"k":0,"ix":6},"o":{"a":0,"k":100,"ix":7},"sk":{"a":0,"k":0,"ix":4},"sa":{"a":0,"k":0,"ix":5},"nm":"Transform"}],"nm":"Group 2","np":2,"cix":2,"bm":0,"ix":2,"mn":"ADBE Vector Group","hd":false},{"ty":"gr","it":[{"ind":0,"ty":"sh","ix":1,"ks":{"a":0,"k":{"i":[[0.9,0.8],[0,0],[0.7,-1.4],[-0.9,-0.9],[-0.7,1.4]],"o":[[0,0],[-1.4,-0.7],[-0.5,1.1],[1.4,0.7],[0.6,-1.1]],"v":[[1.55,-5.3],[1.55,-5.3],[-2.25,-4],[-1.65,-0.7],[2.15,-2]],"c":true},"ix":2},"nm":"Path 1","mn":"ADBE Vector Shape - Group","hd":false},{"ty":"fl","c":{"a":0,"k":[0.536999990426,0.375999989229,0.141000007181,1],"ix":4},"o":{"a":0,"k":100,"ix":5},"r":1,"bm":0,"nm":"Fill 1","mn":"ADBE Vector Graphic - Fill","hd":false},{"ty":"tr","p":{"a":0,"k":[6.3,6.55],"ix":2},"a":{"a":0,"k":[0,0],"ix":1},"s":{"a":0,"k":[100,100],"ix":3},"r":{"a":0,"k":0,"ix":6},"o":{"a":0,"k":100,"ix":7},"sk":{"a":0,"k":0,"ix":4},"sa":{"a":0,"k":0,"ix":5},"nm":"Transform"}],"nm":"Group 3","np":2,"cix":2,"bm":0,"ix":3,"mn":"ADBE Vector Group","hd":false},{"ty":"gr","it":[{"ind":0,"ty":"sh","ix":1,"ks":{"a":1,"k":[{"i":{"x":0.833,"y":0.833},"o":{"x":0.333,"y":0},"t":76,"s":[{"i":[[4.2,0],[0,0],[0,-5.9],[-4.2,0],[0,5.9]],"o":[[0,0],[-4.2,0],[0,5.9],[4.2,0],[0,-5.9]],"v":[[0,-12.4],[0,-12.4],[-8,-3],[0,6.4],[8,-3]],"c":true}]},{"i":{"x":0.833,"y":0.833},"o":{"x":0.167,"y":0.167},"t":80,"s":[{"i":[[4.2,0],[0,0],[0,-5.9],[-4.2,0],[0,5.9]],"o":[[0,0],[-4.2,0],[0,5.9],[4.2,0],[0,-5.9]],"v":[[0,-9.025],[0,-9.025],[-8,-2],[0,6.4],[8,-2]],"c":true}]},{"i":{"x":0.667,"y":1},"o":{"x":0.167,"y":0.167},"t":99,"s":[{"i":[[4.2,0],[0,0],[0,-5.9],[-4.2,0],[0,5.9]],"o":[[0,0],[-4.2,0],[0,5.9],[4.2,0],[0,-5.9]],"v":[[0,-9.025],[0,-9.025],[-8,-2],[0,6.4],[8,-2]],"c":true}]},{"t":102,"s":[{"i":[[4.2,0],[0,0],[0,-5.9],[-4.2,0],[0,5.9]],"o":[[0,0],[-4.2,0],[0,5.9],[4.2,0],[0,-5.9]],"v":[[0,-12.4],[0,-12.4],[-8,-3],[0,6.4],[8,-3]],"c":true}]}],"ix":2},"nm":"Path 1","mn":"ADBE Vector Shape - Group","hd":false},{"ty":"fl","c":{"a":0,"k":[0.258999992819,0.169000004787,0.051000000449,1],"ix":4},"o":{"a":0,"k":100,"ix":5},"r":1,"bm":0,"nm":"Fill 1","mn":"ADBE Vector Graphic - Fill","hd":false},{"ty":"tr","p":{"a":0,"k":[8.25,9.65],"ix":2},"a":{"a":0,"k":[0,0],"ix":1},"s":{"a":0,"k":[100,100],"ix":3},"r":{"a":0,"k":0,"ix":6},"o":{"a":0,"k":100,"ix":7},"sk":{"a":0,"k":0,"ix":4},"sa":{"a":0,"k":0,"ix":5},"nm":"Transform"}],"nm":"Group 4","np":2,"cix":2,"bm":0,"ix":4,"mn":"ADBE Vector Group","hd":false}],"ip":0,"op":180,"st":0,"bm":0},{"ddd":0,"ind":6,"ty":4,"nm":"DROP 3","parent":3,"sr":1,"ks":{"o":{"a":0,"k":100,"ix":11},"r":{"a":1,"k":[{"i":{"x":[0.833],"y":[0.833]},"o":{"x":[0.167],"y":[0.167]},"t":152.5,"s":[0]},{"t":160,"s":[-15]}],"ix":10},"p":{"s":true,"x":{"a":1,"k":[{"i":{"x":[0.833],"y":[0.833]},"o":{"x":[0.167],"y":[0.167]},"t":152.5,"s":[-6.494]},{"t":160,"s":[19.247]}],"ix":3},"y":{"a":1,"k":[{"i":{"x":[0.833],"y":[0.833]},"o":{"x":[0.333],"y":[0]},"t":92,"s":[23.972]},{"i":{"x":[0.245],"y":[0.781]},"o":{"x":[0.167],"y":[0.167]},"t":100,"s":[91.505]},{"i":{"x":[0.909],"y":[0.866]},"o":{"x":[0.722],"y":[0.335]},"t":120,"s":[257.531]},{"i":{"x":[0.833],"y":[0.833]},"o":{"x":[0.236],"y":[0.139]},"t":152.5,"s":[426.518]},{"t":160,"s":[524.674]}],"ix":4}},"a":{"a":0,"k":[-0.727,82.01,0],"ix":1,"l":2},"s":{"a":1,"k":[{"i":{"x":[0.667,0.667,0.667],"y":[1,1,1]},"o":{"x":[0.167,0.167,0.167],"y":[0.167,0.167,-2.083]},"t":100,"s":[90,90,100]},{"i":{"x":[0.667,0.667,0.667],"y":[1,1,1]},"o":{"x":[0.333,0.333,0.333],"y":[0,0,0]},"t":120,"s":[100,100,100]},{"t":137.5,"s":[100,100,100]}],"ix":6,"l":2}},"ao":0,"shapes":[{"ty":"gr","it":[{"ind":0,"ty":"sh","ix":1,"ks":{"a":1,"k":[{"i":{"x":0.667,"y":1},"o":{"x":0.167,"y":0},"t":82.5,"s":[{"i":[[24.581,-9.441],[19.213,6.936],[-13.938,5.214],[-12.672,-3.913]],"o":[[-14.47,5.558],[-15.459,-5.581],[16.422,-6.143],[21.52,6.646]],"v":[[95.907,35.994],[29.478,33.036],[33.594,12.454],[99.805,8.113]],"c":true}]},{"i":{"x":0.833,"y":0.833},"o":{"x":0.333,"y":0},"t":92,"s":[{"i":[[29.409,-13.459],[23.231,14.816],[-17.198,9.901],[-14.271,-9.277]],"o":[[-17.312,7.923],[-18.692,-11.922],[20.262,-11.666],[24.236,15.754]],"v":[[87.075,102.086],[8.913,95.499],[14.634,54.195],[94.413,51.228]],"c":true}]},{"i":{"x":0.667,"y":1},"o":{"x":0.167,"y":0.167},"t":100,"s":[{"i":[[21.261,-33.252],[0,39.532],[-4.601,34.755],[-9.726,-8.379]],"o":[[-14.93,24.154],[0,-13.588],[3.96,-29.91],[34.315,29.549]],"v":[[70.797,128.522],[21.942,108.313],[27.988,41.932],[47.972,-2.846]],"c":true}]},{"i":{"x":0.667,"y":1},"o":{"x":0.333,"y":0},"t":112.5,"s":[{"i":[[21.261,-33.252],[0,39.532],[-4.601,34.755],[-9.726,-8.379]],"o":[[-14.93,24.154],[0,-13.588],[3.96,-29.91],[34.315,29.549]],"v":[[70.797,128.522],[21.942,108.313],[27.988,16.217],[47.972,-28.561]],"c":true}]},{"i":{"x":0.833,"y":0.833},"o":{"x":0.333,"y":0},"t":137.5,"s":[{"i":[[21.261,-33.252],[0,39.532],[-4.601,34.755],[-9.726,-8.379]],"o":[[-14.93,24.154],[0,-13.588],[3.96,-29.91],[34.315,29.549]],"v":[[70.797,128.522],[21.942,108.313],[27.988,16.217],[47.972,-28.561]],"c":true}]},{"i":{"x":0.833,"y":0.833},"o":{"x":0.167,"y":0.167},"t":152.5,"s":[{"i":[[3.874,-39.004],[6.228,23.814],[9.072,9.359],[-28.104,-6.344]],"o":[[-2.555,25.719],[-6.228,-23.814],[-9.072,-9.359],[26.378,5.954]],"v":[[71.953,75.114],[25.628,78.003],[-0.977,32.78],[19.943,4.231]],"c":true}]},{"t":160,"s":[{"i":[[-13.964,-10.817],[7.659,4.636],[9.66,9.499],[-2.176,2.599]],"o":[[24.517,18.992],[-4.357,-2.637],[-8.486,-8.345],[5.954,-7.109]],"v":[[8.964,70.317],[3.184,89.453],[-22.931,67.441],[-35.846,48.443]],"c":true}]}],"ix":2},"nm":"Path 1","mn":"ADBE Vector Shape - Group","hd":false},{"ty":"fl","c":{"a":0,"k":[0.505882352941,0.83137254902,0.980392156863,1],"ix":4},"o":{"a":0,"k":100,"ix":5},"r":1,"bm":0,"nm":"Fill 1","mn":"ADBE Vector Graphic - Fill","hd":false},{"ty":"tr","p":{"a":0,"k":[0,0],"ix":2},"a":{"a":0,"k":[0,0],"ix":1},"s":{"a":0,"k":[100,100],"ix":3},"r":{"a":0,"k":0,"ix":6},"o":{"a":0,"k":100,"ix":7},"sk":{"a":0,"k":0,"ix":4},"sa":{"a":0,"k":0,"ix":5},"nm":"Transform"}],"nm":"Shape 2","np":3,"cix":2,"bm":0,"ix":1,"mn":"ADBE Vector Group","hd":false},{"ty":"gr","it":[{"ind":0,"ty":"sh","ix":1,"ks":{"a":1,"k":[{"i":{"x":0.667,"y":1},"o":{"x":0.167,"y":0},"t":82.5,"s":[{"i":[[35.877,1.156],[14.948,12.347],[-5.508,7.846],[-15.102,2.725],[-25.025,-0.876],[-22.559,-4.985],[-1.403,-14.186],[23.624,-11.245]],"o":[[-33.338,-1.074],[-12.905,-10.66],[7.856,-11.19],[16.857,-3.042],[25.025,0.876],[23.645,5.225],[1.48,14.971],[-19.008,9.048]],"v":[[14.904,51.425],[-63.252,22.168],[-70.574,-11.272],[-34.344,-29.817],[27.256,-23.942],[94.481,-19.878],[128.49,6.475],[98.542,42.73]],"c":true}]},{"i":{"x":0.833,"y":0.833},"o":{"x":0.333,"y":0},"t":92,"s":[{"i":[[44.458,5.041],[22.014,31.477],[-8.103,17.298],[-19.812,3.632],[-28.878,-5.666],[-25.606,-12.854],[-13.461,-27.707],[28.485,-16.946]],"o":[[-40.579,-4.601],[-17.864,-25.543],[11.558,-24.672],[22.115,-4.055],[28.878,5.666],[26.839,13.473],[12.187,25.084],[-22.919,13.634]],"v":[[-15.276,137.699],[-106.829,88.896],[-112.708,11.784],[-63.64,-24.922],[13.688,-19.703],[71.608,-4.211],[124.895,26.147],[92.328,120.725]],"c":true}]},{"i":{"x":0.833,"y":0.833},"o":{"x":0.167,"y":0.167},"t":97.5,"s":[{"i":[[55.963,1.677],[7.621,45.774],[-17.552,25.574],[-17.434,7.464],[-17.905,-2.442],[-14.051,-7.859],[-8.691,-21.347],[12.275,-29.982]],"o":[[-55.207,-1.559],[-6.58,-39.509],[11.704,-19.297],[12.39,-3.692],[18.135,2.442],[19.839,11.604],[24.416,40.159],[-9.031,37.627]],"v":[[-4.029,173.779],[-113.578,80.169],[-83.291,-33.662],[-40.75,-58.269],[4.334,-53.454],[51.375,-41.881],[89.739,-9.221],[106.794,97.142]],"c":true}]},{"i":{"x":0.667,"y":1},"o":{"x":0.167,"y":0.167},"t":100,"s":[{"i":[[65.192,0],[0,56.601],[-24.707,31.841],[-15.634,10.366],[-9.596,0],[-5.301,-4.075],[-15.132,-17.501],[0,-39.854]],"o":[[-66.208,0],[0,-48.849],[11.816,-15.227],[5.026,-3.417],[10.001,0],[14.539,10.188],[42.758,49.451],[1.485,55.796]],"v":[[0.117,205.471],[-121.42,82.849],[-64.293,-57.149],[-26.694,-92.88],[-2.751,-99.299],[21.301,-92.88],[60.931,-56.22],[119.934,83.654]],"c":true}]},{"i":{"x":0.667,"y":1},"o":{"x":0.333,"y":0},"t":112.5,"s":[{"i":[[65.192,0],[0,56.601],[-24.707,63.456],[-15.634,28.099],[-9.596,0],[-5.301,-11.047],[-15.165,-34.862],[0,-39.854]],"o":[[-66.208,0],[0,-48.849],[11.816,-30.346],[5.026,-9.263],[10.001,0],[14.539,27.616],[42.758,98.549],[1.485,55.796]],"v":[[0.117,205.471],[-117.134,82.849],[-64.293,-96.456],[-26.694,-186.953],[-2.751,-201.45],[21.301,-186.953],[60.931,-94.604],[115.649,83.654]],"c":true}]},{"i":{"x":0.833,"y":0.833},"o":{"x":0.333,"y":0},"t":137.5,"s":[{"i":[[65.192,0],[0,56.601],[-24.707,63.456],[-15.634,28.099],[-9.596,0],[-5.301,-11.047],[-15.165,-34.862],[0,-39.854]],"o":[[-66.208,0],[0,-48.849],[11.816,-30.346],[5.026,-9.263],[10.001,0],[14.539,27.616],[42.758,98.549],[1.485,55.796]],"v":[[0.117,205.471],[-117.134,82.849],[-64.293,-96.456],[-26.694,-186.953],[-2.751,-201.45],[21.301,-186.953],[60.931,-94.604],[115.649,83.654]],"c":true}]},{"i":{"x":0.833,"y":0.833},"o":{"x":0.167,"y":0.167},"t":152.5,"s":[{"i":[[63.572,0],[0,58.069],[-10.934,10.411],[-8.931,2.407],[-9.356,-0.159],[-10.604,-3.965],[-10.966,-11.91],[0.489,-24.775]],"o":[[-64.563,0],[0,-34.726],[14.913,-14.2],[14.085,-3.796],[15.115,0.256],[12.14,4.539],[16.401,17.812],[-1.12,56.781]],"v":[[-7.954,173.708],[-114.49,76.323],[-84.903,8.348],[-47.202,-15.329],[-5.387,-20.471],[34.279,-12.571],[72.559,13.782],[95.443,80.74]],"c":true}]},{"t":160,"s":[{"i":[[9.313,-8.337],[18.569,11.568],[6.547,9.167],[2.233,6.53],[-4.928,4.946],[-6.753,-5.074],[-9.684,-7.221],[-5.901,-7.641]],"o":[[-9.408,8.422],[-11.22,-6.99],[-7.213,-10.099],[-5.5,-16.084],[7.961,-7.991],[13.347,10.029],[15.372,11.462],[9.543,12.356]],"v":[[52.908,127.078],[3.181,128.932],[-28.537,99.099],[-47.5,66.584],[-46.122,36.95],[-12.847,45.471],[21.128,69.288],[53.457,93.144]],"c":true}]}],"ix":2},"nm":"Path 1","mn":"ADBE Vector Shape - Group","hd":false},{"ty":"gf","o":{"a":0,"k":100,"ix":10},"r":1,"bm":0,"g":{"p":3,"k":{"a":0,"k":[0.426,0.161,0.714,0.965,0.713,0.139,0.624,0.931,1,0.118,0.533,0.898],"ix":9}},"s":{"a":0,"k":[10.39,-62.338],"ix":5},"e":{"a":0,"k":[287.013,2.597],"ix":6},"t":2,"h":{"a":0,"k":0,"ix":7},"a":{"a":0,"k":0,"ix":8},"nm":"Gradient Fill 1","mn":"ADBE Vector Graphic - G-Fill","hd":false},{"ty":"tr","p":{"a":0,"k":[0,0],"ix":2},"a":{"a":0,"k":[0,0],"ix":1},"s":{"a":0,"k":[100,100],"ix":3},"r":{"a":0,"k":0,"ix":6},"o":{"a":0,"k":100,"ix":7},"sk":{"a":0,"k":0,"ix":4},"sa":{"a":0,"k":0,"ix":5},"nm":"Transform"}],"nm":"Shape 1","np":3,"cix":2,"bm":0,"ix":2,"mn":"ADBE Vector Group","hd":false}],"ip":82.5,"op":160,"st":62.5,"bm":0},{"ddd":0,"ind":7,"ty":4,"nm":"mouth ","parent":2,"sr":1,"ks":{"o":{"a":0,"k":100,"ix":11},"r":{"a":0,"k":0,"ix":10},"p":{"s":true,"x":{"a":0,"k":0,"ix":3},"y":{"a":1,"k":[{"i":{"x":[0],"y":[1]},"o":{"x":[0.333],"y":[0]},"t":15,"s":[170.856]},{"i":{"x":[0],"y":[1]},"o":{"x":[0.333],"y":[0]},"t":37.5,"s":[188.856]},{"i":{"x":[0],"y":[1]},"o":{"x":[0.167],"y":[0]},"t":52.5,"s":[188.856]},{"i":{"x":[0.667],"y":[1]},"o":{"x":[1],"y":[0]},"t":167.5,"s":[188.856]},{"t":180,"s":[170.856]}],"ix":4}},"a":{"a":0,"k":[1.751,0,0],"ix":1,"l":2},"s":{"a":0,"k":[100,100,100],"ix":6,"l":2}},"ao":0,"shapes":[{"ty":"gr","it":[{"ind":0,"ty":"sh","ix":1,"ks":{"a":1,"k":[{"i":{"x":0,"y":1},"o":{"x":0.167,"y":0.167},"t":0,"s":[{"i":[[41.331,40.02],[-15.589,1.631],[-3.07,-1.259],[-43.942,0.116],[-21.401,9.508],[-3.232,-0.303],[-2.313,-6.839],[9.699,-9.177],[42.558,-1.224]],"o":[[-11.151,-10.797],[3.277,-0.32],[26.995,11.068],[43.942,-0.116],[4.785,-2.126],[7.16,0.773],[2.423,6.747],[-35.32,33.42],[-42.558,1.224]],"v":[[-155.523,-17.352],[-144.593,-49.43],[-134.923,-47.789],[-20.692,-28.24],[84.999,-48.604],[94.526,-50.257],[110.065,-37.797],[102.556,-14.924],[-20.692,27.92]],"c":true}]},{"i":{"x":0,"y":1},"o":{"x":0.333,"y":0},"t":15,"s":[{"i":[[37.25,43.844],[-15.674,0.11],[-2.933,-1.551],[-43.942,0.116],[-20.419,11.464],[-3.246,0],[-2.941,-6.593],[8.8,-10.043],[42.558,-1.224]],"o":[[-10.05,-11.829],[3.292,0],[25.793,13.637],[43.942,-0.116],[4.565,-2.563],[7.201,0.102],[3.043,6.491],[-32.045,36.572],[-42.558,1.224]],"v":[[-153,-30.199],[-139.008,-61.064],[-129.543,-58.492],[-20.692,-28.24],[80.17,-58.32],[89.501,-60.856],[106.135,-49.901],[100.795,-26.427],[-20.692,27.92]],"c":true}]},{"i":{"x":0,"y":1},"o":{"x":0.333,"y":0},"t":37.5,"s":[{"i":[[48.56,53.92],[-12.188,0.085],[-2.24,-1.28],[-69.12,0],[-38.573,22.276],[-2.56,0],[-2.32,-5.2],[3.76,-4.24],[76.959,0]],"o":[[-8.081,-9.22],[2.56,0],[38.56,22.16],[69.066,0.361],[2.24,-1.28],[5.68,0.08],[2.4,5.12],[-48.56,53.92],[-76.958,0]],"v":[[-211.2,-64.42],[-200.32,-88.42],[-192.96,-86.42],[-20.36,-36.74],[152.4,-86.42],[159.76,-88.42],[172.88,-79.78],[170.64,-64.42],[-20.36,19.42]],"c":true}]},{"i":{"x":0,"y":1},"o":{"x":0.167,"y":0},"t":52.5,"s":[{"i":[[48.56,53.92],[-12.188,0.085],[-2.24,-1.28],[-69.12,0],[-38.573,22.276],[-2.56,0],[-2.32,-5.2],[3.76,-4.24],[76.959,0]],"o":[[-8.081,-9.22],[2.56,0],[38.56,22.16],[69.066,0.361],[2.24,-1.28],[5.68,0.08],[2.4,5.12],[-48.56,53.92],[-76.958,0]],"v":[[-211.2,-64.42],[-200.32,-88.42],[-192.96,-86.42],[-20.36,-36.74],[152.4,-86.42],[159.76,-88.42],[172.88,-79.78],[170.64,-64.42],[-20.36,19.42]],"c":true}]},{"i":{"x":0.833,"y":0.833},"o":{"x":1,"y":0},"t":167.5,"s":[{"i":[[48.56,53.92],[-12.188,0.085],[-2.24,-1.28],[-69.12,0],[-38.573,22.276],[-2.56,0],[-2.32,-5.2],[3.76,-4.24],[76.959,0]],"o":[[-8.081,-9.22],[2.56,0],[38.56,22.16],[69.066,0.361],[2.24,-1.28],[5.68,0.08],[2.4,5.12],[-48.56,53.92],[-76.958,0]],"v":[[-211.2,-64.42],[-200.32,-88.42],[-192.96,-86.42],[-20.36,-36.74],[152.4,-86.42],[159.76,-88.42],[172.88,-79.78],[170.64,-64.42],[-20.36,19.42]],"c":true}]},{"t":180,"s":[{"i":[[41.331,40.02],[-15.589,1.631],[-3.07,-1.259],[-43.942,0.116],[-21.401,9.508],[-3.232,-0.303],[-2.313,-6.839],[9.699,-9.177],[42.558,-1.224]],"o":[[-11.151,-10.797],[3.277,-0.32],[26.995,11.068],[43.942,-0.116],[4.785,-2.126],[7.16,0.773],[2.423,6.747],[-35.32,33.42],[-42.558,1.224]],"v":[[-155.523,-17.352],[-144.593,-49.43],[-134.923,-47.789],[-20.692,-28.24],[84.999,-48.604],[94.526,-50.257],[110.065,-37.797],[102.556,-14.924],[-20.692,27.92]],"c":true}]}],"ix":2},"nm":"Path 1","mn":"ADBE Vector Shape - Group","hd":false},{"ty":"fl","c":{"a":0,"k":[0.258999992819,0.169000004787,0.051000000449,1],"ix":4},"o":{"a":0,"k":100,"ix":5},"r":1,"bm":0,"nm":"Fill 1","mn":"ADBE Vector Graphic - Fill","hd":false},{"ty":"tr","p":{"a":0,"k":[22,12],"ix":2},"a":{"a":0,"k":[0,0],"ix":1},"s":{"a":0,"k":[100,100],"ix":3},"r":{"a":0,"k":0,"ix":6},"o":{"a":0,"k":100,"ix":7},"sk":{"a":0,"k":0,"ix":4},"sa":{"a":0,"k":0,"ix":5},"nm":"Transform"}],"nm":"Group 1","np":2,"cix":2,"bm":0,"ix":1,"mn":"ADBE Vector Group","hd":false}],"ip":0,"op":180,"st":0,"bm":0},{"ddd":0,"ind":8,"ty":4,"nm":"base matte","parent":10,"td":1,"sr":1,"ks":{"o":{"a":0,"k":100,"ix":11},"r":{"a":0,"k":0,"ix":10},"p":{"s":true,"x":{"a":0,"k":-2,"ix":3},"y":{"a":0,"k":-3,"ix":4}},"a":{"a":0,"k":[0,0,0],"ix":1,"l":2},"s":{"a":0,"k":[100,100,100],"ix":6,"l":2}},"ao":0,"shapes":[{"ty":"gr","it":[{"ind":0,"ty":"sh","ix":1,"ks":{"a":0,"k":{"i":[[15.4,0],[0,38.4],[-27.9,0],[-10.6,-9.3],[0,-16.9],[11.5,-10.2]],"o":[[-27.9,0],[0,-38.4],[15.5,0],[11.5,10.2],[0,16.9],[-10.6,9.3]],"v":[[0,55.9],[-58,0],[0,-55.9],[40.4,-41.5],[58,0],[40.4,41.4]],"c":true},"ix":2},"nm":"Path 1","mn":"ADBE Vector Shape - Group","hd":false},{"ty":"fl","c":{"a":0,"k":[0.921568627451,0.560784313725,0,1],"ix":4},"o":{"a":0,"k":100,"ix":5},"r":1,"bm":0,"nm":"Fill 1","mn":"ADBE Vector Graphic - Fill","hd":false},{"ty":"tr","p":{"a":0,"k":[0,0],"ix":2},"a":{"a":0,"k":[0,0],"ix":1},"s":{"a":0,"k":[100,100],"ix":3},"r":{"a":0,"k":0,"ix":6},"o":{"a":0,"k":100,"ix":7},"sk":{"a":0,"k":0,"ix":4},"sa":{"a":0,"k":0,"ix":5},"nm":"Transform"}],"nm":"Group 1","np":2,"cix":2,"bm":0,"ix":1,"mn":"ADBE Vector Group","hd":false}],"ip":0,"op":180,"st":0,"bm":0},{"ddd":0,"ind":9,"ty":4,"nm":"base shadow","parent":10,"tt":2,"sr":1,"ks":{"o":{"a":0,"k":100,"ix":11},"r":{"a":0,"k":0,"ix":10},"p":{"s":true,"x":{"a":0,"k":0,"ix":3},"y":{"a":0,"k":0,"ix":4}},"a":{"a":0,"k":[0,0,0],"ix":1,"l":2},"s":{"a":0,"k":[100,100,100],"ix":6,"l":2}},"ao":0,"shapes":[{"ty":"gr","it":[{"ind":0,"ty":"sh","ix":1,"ks":{"a":0,"k":{"i":[[15.4,0],[0,38.4],[-27.9,0],[-10.6,-9.3],[0,-16.9],[11.5,-10.2]],"o":[[-27.9,0],[0,-38.4],[15.5,0],[11.5,10.2],[0,16.9],[-10.6,9.3]],"v":[[0,55.9],[-58,0],[0,-55.9],[40.4,-41.5],[58,0],[40.4,41.4]],"c":true},"ix":2},"nm":"Path 1","mn":"ADBE Vector Shape - Group","hd":false},{"ty":"fl","c":{"a":0,"k":[0.921568627451,0.560784313725,0,1],"ix":4},"o":{"a":0,"k":100,"ix":5},"r":1,"bm":0,"nm":"Fill 1","mn":"ADBE Vector Graphic - Fill","hd":false},{"ty":"tr","p":{"a":0,"k":[0,0],"ix":2},"a":{"a":0,"k":[0,0],"ix":1},"s":{"a":0,"k":[100,100],"ix":3},"r":{"a":0,"k":0,"ix":6},"o":{"a":0,"k":100,"ix":7},"sk":{"a":0,"k":0,"ix":4},"sa":{"a":0,"k":0,"ix":5},"nm":"Transform"}],"nm":"Group 1","np":2,"cix":2,"bm":0,"ix":1,"mn":"ADBE Vector Group","hd":false}],"ip":0,"op":180,"st":0,"bm":0},{"ddd":0,"ind":10,"ty":4,"nm":"base","parent":1,"sr":1,"ks":{"o":{"a":0,"k":100,"ix":11},"r":{"a":0,"k":0,"ix":10},"p":{"s":true,"x":{"a":0,"k":0,"ix":3},"y":{"a":0,"k":0,"ix":4}},"a":{"a":0,"k":[0,0,0],"ix":1,"l":2},"s":{"a":0,"k":[800,800,100],"ix":6,"l":2}},"ao":0,"shapes":[{"ty":"gr","it":[{"ind":0,"ty":"sh","ix":1,"ks":{"a":0,"k":{"i":[[15.4,0],[0,38.4],[-27.9,0],[-10.6,-9.3],[0,-16.9],[11.5,-10.2]],"o":[[-27.9,0],[0,-38.4],[15.5,0],[11.5,10.2],[0,16.9],[-10.6,9.3]],"v":[[0,55.9],[-58,0],[0,-55.9],[40.4,-41.5],[58,0],[40.4,41.4]],"c":true},"ix":2},"nm":"Path 1","mn":"ADBE Vector Shape - Group","hd":false},{"ty":"gf","o":{"a":0,"k":100,"ix":10},"r":1,"bm":0,"g":{"p":5,"k":{"a":0,"k":[0.48,0.992,0.878,0.188,0.691,0.98,0.816,0.178,0.902,0.969,0.753,0.169,0.966,0.963,0.694,0.153,1,0.957,0.635,0.137],"ix":9}},"s":{"a":0,"k":[0,0],"ix":5},"e":{"a":0,"k":[56.225,0],"ix":6},"t":2,"h":{"a":0,"k":0,"ix":7},"a":{"a":0,"k":0,"ix":8},"nm":"Gradient Fill 1","mn":"ADBE Vector Graphic - G-Fill","hd":false},{"ty":"tr","p":{"a":0,"k":[0,0],"ix":2},"a":{"a":0,"k":[0,0],"ix":1},"s":{"a":0,"k":[100,100],"ix":3},"r":{"a":0,"k":0,"ix":6},"o":{"a":0,"k":100,"ix":7},"sk":{"a":0,"k":0,"ix":4},"sa":{"a":0,"k":0,"ix":5},"nm":"Transform"}],"nm":"Group 1","np":2,"cix":2,"bm":0,"ix":1,"mn":"ADBE Vector Group","hd":false}],"ip":0,"op":180,"st":0,"bm":0},{"ddd":0,"ind":11,"ty":4,"nm":"DROP Back","parent":3,"sr":1,"ks":{"o":{"a":0,"k":100,"ix":11},"r":{"a":1,"k":[{"i":{"x":[0.833],"y":[0.833]},"o":{"x":[0.167],"y":[0.167]},"t":152.5,"s":[0]},{"i":{"x":[0.833],"y":[0.833]},"o":{"x":[0.167],"y":[0.167]},"t":160,"s":[-15]},{"t":167.5,"s":[-34.4]}],"ix":10},"p":{"s":true,"x":{"a":1,"k":[{"i":{"x":[0.833],"y":[0.833]},"o":{"x":[0.167],"y":[0.167]},"t":152.5,"s":[-6.494]},{"i":{"x":[0.833],"y":[0.833]},"o":{"x":[0.167],"y":[0.167]},"t":160,"s":[19.247]},{"i":{"x":[0.833],"y":[0.833]},"o":{"x":[0.167],"y":[0.167]},"t":167.5,"s":[122]},{"t":169,"s":[131.091]}],"ix":3},"y":{"a":1,"k":[{"i":{"x":[0.833],"y":[0.833]},"o":{"x":[0.167],"y":[0.167]},"t":152.5,"s":[441.754]},{"i":{"x":[0.677],"y":[0.881]},"o":{"x":[0.167],"y":[0.167]},"t":160,"s":[524.674]},{"i":{"x":[0.809],"y":[0.846]},"o":{"x":[0.431],"y":[0.259]},"t":162.5,"s":[535.302]},{"i":{"x":[0.833],"y":[0.833]},"o":{"x":[0.167],"y":[0.167]},"t":167.5,"s":[548.401]},{"t":169,"s":[535.414]}],"ix":4}},"a":{"a":0,"k":[-0.727,82.01,0],"ix":1,"l":2},"s":{"a":0,"k":[100,100,100],"ix":6,"l":2}},"ao":0,"shapes":[{"ty":"gr","it":[{"ind":0,"ty":"sh","ix":1,"ks":{"a":1,"k":[{"i":{"x":0.833,"y":0.833},"o":{"x":0.167,"y":0.167},"t":152.5,"s":[{"i":[[3.874,-39.004],[6.228,23.814],[11.116,6.807],[-28.804,0.626]],"o":[[-2.555,25.719],[-6.228,-23.814],[-11.116,-6.807],[36.536,-0.794]],"v":[[71.953,75.114],[25.628,78.003],[-14.406,37.439],[-1.249,4.582]],"c":true}]},{"i":{"x":0.833,"y":0.833},"o":{"x":0.167,"y":0.167},"t":160,"s":[{"i":[[-13.964,-10.817],[7.659,4.636],[9.66,9.499],[-2.176,2.599]],"o":[[24.517,18.992],[-4.357,-2.637],[-8.486,-8.345],[5.954,-7.109]],"v":[[8.964,70.317],[3.184,89.453],[-22.931,67.441],[-35.846,48.443]],"c":true}]},{"t":167.5,"s":[{"i":[[-10.688,-12.228],[7.765,4.322],[5.305,9.05],[-3.803,4.345]],"o":[[11.418,13.063],[-6.669,-3.712],[-3.913,-6.675],[2.096,-2.394]],"v":[[1.074,88.626],[-3.132,98.91],[-25.423,74.694],[-32.657,52.743]],"c":true}]}],"ix":2},"nm":"Path 1","mn":"ADBE Vector Shape - Group","hd":false},{"ty":"fl","c":{"a":0,"k":[0.505882352941,0.83137254902,0.980392156863,1],"ix":4},"o":{"a":0,"k":100,"ix":5},"r":1,"bm":0,"nm":"Fill 1","mn":"ADBE Vector Graphic - Fill","hd":false},{"ty":"tr","p":{"a":0,"k":[0,0],"ix":2},"a":{"a":0,"k":[0,0],"ix":1},"s":{"a":0,"k":[100,100],"ix":3},"r":{"a":0,"k":0,"ix":6},"o":{"a":0,"k":100,"ix":7},"sk":{"a":0,"k":0,"ix":4},"sa":{"a":0,"k":0,"ix":5},"nm":"Transform"}],"nm":"Shape 2","np":3,"cix":2,"bm":0,"ix":1,"mn":"ADBE Vector Group","hd":false},{"ty":"gr","it":[{"ind":0,"ty":"sh","ix":1,"ks":{"a":1,"k":[{"i":{"x":0.833,"y":0.833},"o":{"x":0.167,"y":0.167},"t":152.5,"s":[{"i":[[63.572,0],[0,58.069],[-10.934,10.411],[-8.931,2.407],[-9.356,-0.159],[-10.604,-3.965],[-10.966,-11.91],[0.489,-24.775]],"o":[[-64.563,0],[0,-34.726],[14.913,-14.2],[14.085,-3.796],[15.115,0.256],[12.14,4.539],[16.401,17.812],[-1.12,56.781]],"v":[[-7.954,173.708],[-114.49,76.323],[-84.903,8.348],[-47.202,-15.329],[-5.387,-20.471],[34.279,-12.571],[72.559,13.782],[95.443,80.74]],"c":true}]},{"i":{"x":0.833,"y":0.833},"o":{"x":0.167,"y":0.167},"t":160,"s":[{"i":[[9.313,-8.337],[18.569,11.568],[6.547,9.167],[2.233,6.53],[-4.928,4.946],[-6.753,-5.074],[-9.684,-7.221],[-5.901,-7.641]],"o":[[-9.408,8.422],[-11.22,-6.99],[-7.213,-10.099],[-5.5,-16.084],[7.961,-7.991],[13.347,10.029],[15.372,11.462],[9.543,12.356]],"v":[[52.908,127.078],[3.181,128.932],[-28.537,99.099],[-47.5,66.584],[-46.122,36.95],[-12.847,45.471],[21.128,69.288],[53.457,93.144]],"c":true}]},{"t":167.5,"s":[{"i":[[3.425,-2.114],[17.381,12.058],[13.712,16.618],[0.953,8.743],[-2.536,0.575],[-6.14,-5.8],[-7.897,-8.175],[-7.343,-8.771]],"o":[[-7.425,4.583],[-10.216,-7.088],[-8.996,-10.902],[-0.808,-7.414],[3.533,-0.801],[10.549,9.965],[11.471,11.875],[6.238,7.452]],"v":[[57.141,140.934],[13.472,121.324],[-25.298,85.935],[-41.366,53.079],[-37.617,42.201],[-22.149,50.082],[22.53,95.148],[54.348,128.621]],"c":true}]}],"ix":2},"nm":"Path 1","mn":"ADBE Vector Shape - Group","hd":false},{"ty":"gf","o":{"a":0,"k":100,"ix":10},"r":1,"bm":0,"g":{"p":3,"k":{"a":0,"k":[0.426,0.161,0.714,0.965,0.713,0.139,0.624,0.931,1,0.118,0.533,0.898],"ix":9}},"s":{"a":0,"k":[10.39,-62.338],"ix":5},"e":{"a":0,"k":[287.013,2.597],"ix":6},"t":2,"h":{"a":0,"k":0,"ix":7},"a":{"a":0,"k":0,"ix":8},"nm":"Gradient Fill 1","mn":"ADBE Vector Graphic - G-Fill","hd":false},{"ty":"tr","p":{"a":0,"k":[0,0],"ix":2},"a":{"a":0,"k":[0,0],"ix":1},"s":{"a":0,"k":[100,100],"ix":3},"r":{"a":0,"k":0,"ix":6},"o":{"a":0,"k":100,"ix":7},"sk":{"a":0,"k":0,"ix":4},"sa":{"a":0,"k":0,"ix":5},"nm":"Transform"}],"nm":"Shape 1","np":3,"cix":2,"bm":0,"ix":2,"mn":"ADBE Vector Group","hd":false}],"ip":160,"op":170,"st":25,"bm":0}]}],"layers":[{"ddd":0,"ind":1,"ty":0,"nm":"emoji_smiling-with-tear - 60 fps","refId":"comp_0","sr":1,"ks":{"o":{"a":0,"k":100,"ix":11},"r":{"a":0,"k":0,"ix":10},"p":{"a":0,"k":[512,512,0],"ix":2,"l":2},"a":{"a":0,"k":[512,512,0],"ix":1,"l":2},"s":{"a":0,"k":[100,100,100],"ix":6,"l":2}},"ao":0,"w":1024,"h":1024,"ip":117,"op":180,"st":117,"bm":0},{"ddd":0,"ind":2,"ty":0,"nm":"emoji_smiling-with-tear - 60 fps","refId":"comp_0","sr":1,"ks":{"o":{"a":0,"k":100,"ix":11},"r":{"a":0,"k":0,"ix":10},"p":{"a":0,"k":[512,512,0],"ix":2,"l":2},"a":{"a":0,"k":[512,512,0],"ix":1,"l":2},"s":{"a":0,"k":[100,100,100],"ix":6,"l":2}},"ao":0,"w":1024,"h":1024,"ip":0,"op":117,"st":-63,"bm":0}],"markers":[{"tm":62,"cm":"rest","dr":0}]}