{"v":"5.8.1","fr":60,"ip":0,"op":106,"w":1024,"h":1024,"nm":"emoji_Cow face","ddd":0,"assets":[],"layers":[{"ddd":0,"ind":1,"ty":4,"nm":"eyes","parent":4,"sr":1,"ks":{"o":{"a":0,"k":100,"ix":11},"r":{"a":0,"k":0,"ix":10},"p":{"a":0,"k":[499.723,294.467,0],"ix":2,"l":2},"a":{"a":0,"k":[183.727,59.795,0],"ix":1,"l":2},"s":{"a":0,"k":[100,100,100],"ix":6,"l":2}},"ao":0,"shapes":[{"ty":"gr","it":[{"ind":0,"ty":"sh","ix":1,"ks":{"a":0,"k":{"i":[[-23.444,3.651],[-4.665,-29.948],[23.444,-3.652],[4.665,29.949]],"o":[[23.444,-3.651],[4.664,29.949],[-23.444,3.651],[-4.664,-29.948]],"v":[[-8.446,-54.227],[42.449,-6.612],[8.446,54.227],[-42.449,6.611]],"c":true},"ix":2},"nm":"Path 1","mn":"ADBE Vector Shape - Group","hd":false},{"ty":"fl","c":{"a":0,"k":[0.039000002543,0.039000002543,0.039000002543,1],"ix":4},"o":{"a":0,"k":100,"ix":5},"r":1,"bm":0,"nm":"Fill 1","mn":"ADBE Vector Graphic - Fill","hd":false},{"ty":"tr","p":{"a":0,"k":[320.091,61.463],"ix":2},"a":{"a":0,"k":[0,0],"ix":1},"s":{"a":0,"k":[100,100],"ix":3},"r":{"a":0,"k":0,"ix":6},"o":{"a":0,"k":100,"ix":7},"sk":{"a":0,"k":0,"ix":4},"sa":{"a":0,"k":0,"ix":5},"nm":"Transform"}],"nm":"Group 1","np":2,"cix":2,"bm":0,"ix":1,"mn":"ADBE Vector Group","hd":false},{"ty":"gr","it":[{"ind":0,"ty":"sh","ix":1,"ks":{"a":0,"k":{"i":[[-4.316,29.957],[-23.484,-3.384],[4.315,-29.956],[23.484,3.383]],"o":[[4.316,-29.957],[23.484,3.384],[-4.316,29.956],[-23.484,-3.383]],"v":[[-42.521,-6.126],[7.815,-54.241],[42.522,6.126],[-7.814,54.241]],"c":true},"ix":2},"nm":"Path 1","mn":"ADBE Vector Shape - Group","hd":false},{"ty":"fl","c":{"a":0,"k":[0.039000002543,0.039000002543,0.039000002543,1],"ix":4},"o":{"a":0,"k":100,"ix":5},"r":1,"bm":0,"nm":"Fill 1","mn":"ADBE Vector Graphic - Fill","hd":false},{"ty":"tr","p":{"a":0,"k":[47.087,57.875],"ix":2},"a":{"a":0,"k":[0,0],"ix":1},"s":{"a":0,"k":[100,100],"ix":3},"r":{"a":0,"k":0,"ix":6},"o":{"a":0,"k":100,"ix":7},"sk":{"a":0,"k":0,"ix":4},"sa":{"a":0,"k":0,"ix":5},"nm":"Transform"}],"nm":"Group 2","np":2,"cix":2,"bm":0,"ix":2,"mn":"ADBE Vector Group","hd":false}],"ip":0,"op":106,"st":-14.4,"bm":0},{"ddd":0,"ind":2,"ty":4,"nm":"nose","parent":3,"sr":1,"ks":{"o":{"a":0,"k":100,"ix":11},"r":{"a":0,"k":0,"ix":10},"p":{"a":1,"k":[{"i":{"x":0.667,"y":1},"o":{"x":0.472,"y":0},"t":12,"s":[343.53,176.891,0],"to":[0,0,0],"ti":[0,0,0]},{"i":{"x":0.45,"y":1},"o":{"x":0.333,"y":0},"t":27,"s":[343.53,166.891,0],"to":[0,0,0],"ti":[0,0,0]},{"i":{"x":0.667,"y":0.667},"o":{"x":0.333,"y":0.333},"t":48,"s":[343.53,176.891,0],"to":[0,0,0],"ti":[0,0,0]},{"i":{"x":0.667,"y":1},"o":{"x":0.596,"y":0},"t":53,"s":[343.53,176.891,0],"to":[0,0,0],"ti":[0,0,0]},{"i":{"x":0.104,"y":1},"o":{"x":0.333,"y":0},"t":70,"s":[343.53,166.891,0],"to":[0,0,0],"ti":[0,0,0]},{"t":98.40078125,"s":[343.53,176.891,0]}],"ix":2,"l":2},"a":{"a":0,"k":[199.29,69.21,0],"ix":1,"l":2},"s":{"a":0,"k":[100,100,100],"ix":6,"l":2}},"ao":0,"shapes":[{"ty":"gr","it":[{"ind":0,"ty":"sh","ix":1,"ks":{"a":0,"k":{"i":[[-3.2,14.4],[-38.48,-29.44],[17.28,-14.96],[11.84,10.24],[8.96,8.24],[16.48,9.68]],"o":[[7.52,-33.76],[40.64,31.12],[-19.68,17.12],[-11.52,-9.92],[-8.88,-8.16],[-15.2,-8.88]],"v":[[-72.72,-35.2],[27.12,-38.24],[58.64,51.84],[8.08,50.16],[-16.48,24],[-57.76,3.76]],"c":true},"ix":2},"nm":"Path 1","mn":"ADBE Vector Shape - Group","hd":false},{"ty":"fl","c":{"a":0,"k":[0.180000005984,0.184000007779,0.19199999641,1],"ix":4},"o":{"a":0,"k":100,"ix":5},"r":1,"bm":0,"nm":"Fill 1","mn":"ADBE Vector Graphic - Fill","hd":false},{"ty":"tr","p":{"a":0,"k":[76.17,69.21],"ix":2},"a":{"a":0,"k":[0,0],"ix":1},"s":{"a":0,"k":[100,100],"ix":3},"r":{"a":0,"k":0,"ix":6},"o":{"a":0,"k":100,"ix":7},"sk":{"a":0,"k":0,"ix":4},"sa":{"a":0,"k":0,"ix":5},"nm":"Transform"}],"nm":"Group 1","np":2,"cix":2,"bm":0,"ix":1,"mn":"ADBE Vector Group","hd":false},{"ty":"gr","it":[{"ind":0,"ty":"sh","ix":1,"ks":{"a":0,"k":{"i":[[8,6.16],[-39.84,27.68],[-8,-17.841],[12.72,-9.759],[10.48,-6],[14.24,-12.8]],"o":[[-24,-18.8],[42.08,-29.28],[10.48,23.279],[-12.08,9.201],[-10.48,6],[-13.2,11.759]],"v":[[-54.8,57.521],[-25.52,-38.56],[68.32,-39.28],[54.08,8],[15.04,21.521],[-14.24,56.081]],"c":true},"ix":2},"nm":"Path 1","mn":"ADBE Vector Shape - Group","hd":false},{"ty":"fl","c":{"a":0,"k":[0.180000005984,0.184000007779,0.19199999641,1],"ix":4},"o":{"a":0,"k":100,"ix":5},"r":1,"bm":0,"nm":"Fill 1","mn":"ADBE Vector Graphic - Fill","hd":false},{"ty":"tr","p":{"a":0,"k":[319.53,69.61],"ix":2},"a":{"a":0,"k":[0,0],"ix":1},"s":{"a":0,"k":[100,100],"ix":3},"r":{"a":0,"k":0,"ix":6},"o":{"a":0,"k":100,"ix":7},"sk":{"a":0,"k":0,"ix":4},"sa":{"a":0,"k":0,"ix":5},"nm":"Transform"}],"nm":"Group 2","np":2,"cix":2,"bm":0,"ix":2,"mn":"ADBE Vector Group","hd":false}],"ip":0,"op":106,"st":-14.4,"bm":0},{"ddd":0,"ind":3,"ty":4,"nm":"Muzzle","parent":4,"sr":1,"ks":{"o":{"a":0,"k":100,"ix":11},"r":{"a":0,"k":0,"ix":10},"p":{"a":0,"k":[486.65,602.45,0],"ix":2,"l":2},"a":{"a":0,"k":[343.53,206.85,0],"ix":1,"l":2},"s":{"a":0,"k":[100,100,100],"ix":6,"l":2}},"ao":0,"shapes":[{"ty":"gr","it":[{"ind":0,"ty":"sh","ix":1,"ks":{"a":1,"k":[{"i":{"x":0.833,"y":0.833},"o":{"x":0.333,"y":0},"t":12,"s":[{"i":[[-96,-2.24],[-66.32,-4.481],[8,-100.239],[89.12,-20.24],[93.68,50.72],[1.12,64.239],[-103.92,11.2]],"o":[[97.28,2.319],[66.32,4.479],[-8,100.241],[-89.12,20.24],[-94.08,-50.88],[-1.12,-64.24],[103.92,-11.201]],"v":[[6.24,-172.919],[192.48,-183.079],[335.28,-8.52],[154.8,184.04],[-226.8,155.88],[-342.16,-27.719],[-191.44,-195.399]],"c":true}]},{"i":{"x":1,"y":1},"o":{"x":0.167,"y":0.167},"t":19,"s":[{"i":[[-96,-2.24],[-66.32,-4.481],[8,-100.239],[89.12,-20.24],[93.68,50.72],[1.12,64.239],[-103.92,11.2]],"o":[[97.28,2.319],[66.32,4.479],[-8,100.241],[-89.12,20.24],[-94.08,-50.879],[-1.12,-64.24],[103.92,-11.201]],"v":[[6.849,-172.919],[193.089,-183.079],[335.889,21.48],[105.378,234.04],[-259.2,206.393],[-341.551,2.281],[-190.831,-195.399]],"c":true}]},{"i":{"x":0.833,"y":0.833},"o":{"x":0,"y":0},"t":27,"s":[{"i":[[-96,-2.24],[-66.32,-4.481],[8,-100.239],[89.12,-20.24],[93.68,50.72],[1.12,64.239],[-103.92,11.2]],"o":[[97.28,2.319],[66.32,4.479],[-8,100.241],[-89.12,20.24],[-94.08,-50.88],[-1.12,-64.24],[103.92,-11.2]],"v":[[6.24,-172.92],[192.48,-183.08],[335.28,51.479],[154.8,274.039],[-226.8,245.879],[-342.16,32.28],[-191.44,-195.4]],"c":true}]},{"i":{"x":0.667,"y":1},"o":{"x":0.167,"y":0.167},"t":38,"s":[{"i":[[-96,-2.24],[-66.32,-4.481],[-12.575,-99.768],[89.12,-20.239],[93.68,50.719],[1.12,64.239],[-103.92,11.2]],"o":[[97.28,2.319],[66.32,4.479],[13.83,109.728],[-89.12,20.24],[-94.08,-50.881],[-1.12,-64.24],[103.92,-11.201]],"v":[[6.24,-172.919],[192.48,-183.079],[335.28,-8.52],[197.258,214.841],[-184.342,186.682],[-342.16,-27.719],[-191.44,-195.399]],"c":true}]},{"i":{"x":0.667,"y":1},"o":{"x":0.333,"y":0},"t":48,"s":[{"i":[[-96,-2.24],[-66.32,-4.481],[8,-100.239],[89.12,-20.24],[93.68,50.72],[1.12,64.239],[-103.92,11.2]],"o":[[97.28,2.319],[66.32,4.479],[-8,100.241],[-89.12,20.24],[-94.08,-50.88],[-1.12,-64.24],[103.92,-11.201]],"v":[[6.24,-172.919],[192.48,-183.079],[335.28,-8.52],[154.8,184.04],[-226.8,155.88],[-342.16,-27.719],[-191.44,-195.399]],"c":true}]},{"i":{"x":0.833,"y":0.833},"o":{"x":0.333,"y":0},"t":53,"s":[{"i":[[-96,-2.24],[-66.32,-4.481],[8,-100.239],[89.12,-20.24],[93.68,50.72],[1.12,64.239],[-103.92,11.2]],"o":[[97.28,2.319],[66.32,4.479],[-8,100.241],[-89.12,20.24],[-94.08,-50.88],[-1.12,-64.24],[103.92,-11.201]],"v":[[6.24,-172.919],[192.48,-183.079],[335.28,-8.52],[154.8,184.04],[-226.8,155.88],[-342.16,-27.719],[-191.44,-195.399]],"c":true}]},{"i":{"x":1,"y":1},"o":{"x":0.167,"y":0.167},"t":60,"s":[{"i":[[-96,-2.24],[-66.32,-4.481],[8,-100.239],[89.12,-20.24],[93.68,50.72],[1.12,64.239],[-103.92,11.2]],"o":[[97.28,2.319],[66.32,4.479],[-8,100.241],[-89.12,20.24],[-94.08,-50.879],[-1.12,-64.24],[103.92,-11.201]],"v":[[6.24,-172.919],[192.48,-183.079],[335.28,21.48],[124.8,236.04],[-239.779,238.393],[-342.16,2.281],[-191.44,-195.399]],"c":true}]},{"i":{"x":0.833,"y":0.833},"o":{"x":0,"y":0},"t":70,"s":[{"i":[[-96,-2.24],[-66.32,-4.48],[8,-100.239],[76.187,-50.475],[79.257,71.181],[1.12,64.239],[-103.92,11.2]],"o":[[97.28,2.319],[66.32,4.479],[-8,100.241],[-76.186,50.473],[-79.608,-71.431],[-1.12,-64.24],[103.92,-11.2]],"v":[[6.24,-172.92],[192.48,-183.08],[335.28,51.479],[194.048,284.85],[-235.8,262.879],[-342.16,32.28],[-191.44,-195.4]],"c":true}]},{"i":{"x":0.274,"y":1},"o":{"x":0.167,"y":0.167},"t":81.6,"s":[{"i":[[-96,-2.24],[-66.32,-4.481],[-12.575,-99.768],[89.12,-20.239],[93.68,50.719],[1.12,64.239],[-103.92,11.2]],"o":[[97.28,2.319],[66.32,4.479],[13.83,109.728],[-89.12,20.24],[-94.08,-50.881],[-1.12,-64.24],[103.92,-11.201]],"v":[[6.24,-172.919],[192.48,-183.079],[335.28,-8.52],[197.258,214.841],[-184.342,186.682],[-342.16,-27.719],[-191.44,-195.399]],"c":true}]},{"t":98.40078125,"s":[{"i":[[-96,-2.24],[-66.32,-4.481],[8,-100.239],[89.12,-20.24],[93.68,50.72],[1.12,64.239],[-103.92,11.2]],"o":[[97.28,2.319],[66.32,4.479],[-8,100.241],[-89.12,20.24],[-94.08,-50.88],[-1.12,-64.24],[103.92,-11.201]],"v":[[6.24,-172.919],[192.48,-183.079],[335.28,-8.52],[154.8,184.04],[-226.8,155.88],[-342.16,-27.719],[-191.44,-195.399]],"c":true}]}],"ix":2},"nm":"Path 1","mn":"ADBE Vector Shape - Group","hd":false},{"ty":"fl","c":{"a":0,"k":[1,0.827000038297,0.689999988032,1],"ix":4},"o":{"a":0,"k":100,"ix":5},"r":1,"bm":0,"nm":"Fill 1","mn":"ADBE Vector Graphic - Fill","hd":false},{"ty":"tr","p":{"a":0,"k":[343.53,206.85],"ix":2},"a":{"a":0,"k":[0,0],"ix":1},"s":{"a":0,"k":[100,100],"ix":3},"r":{"a":0,"k":0,"ix":6},"o":{"a":0,"k":100,"ix":7},"sk":{"a":0,"k":0,"ix":4},"sa":{"a":0,"k":0,"ix":5},"nm":"Transform"}],"nm":"Group 1","np":2,"cix":2,"bm":0,"ix":1,"mn":"ADBE Vector Group","hd":false}],"ip":0,"op":106,"st":-14.4,"bm":0},{"ddd":0,"ind":4,"ty":4,"nm":"head","sr":1,"ks":{"o":{"a":0,"k":100,"ix":11},"r":{"a":0,"k":0,"ix":10},"p":{"a":1,"k":[{"i":{"x":0.833,"y":0.806},"o":{"x":0.333,"y":0},"t":12,"s":[512.88,455.52,0],"to":[0,-3.333,0],"ti":[0,8.333,0]},{"i":{"x":0.667,"y":1},"o":{"x":0.167,"y":0.148},"t":19,"s":[512.88,435.52,0],"to":[0,-8.333,0],"ti":[0,-0.333,0]},{"i":{"x":0.833,"y":0.864},"o":{"x":0.333,"y":0},"t":27,"s":[512.88,405.52,0],"to":[0,0.333,0],"ti":[0,-8.333,0]},{"i":{"x":0.667,"y":1},"o":{"x":0.167,"y":0.22},"t":38,"s":[512.88,437.52,0],"to":[0,8.333,0],"ti":[0,-3,0]},{"i":{"x":0.667,"y":0.667},"o":{"x":0.333,"y":0.333},"t":48,"s":[512.88,455.52,0],"to":[0,0,0],"ti":[0,0,0]},{"i":{"x":0.833,"y":0.882},"o":{"x":0.333,"y":0},"t":53,"s":[512.88,455.52,0],"to":[0,-6.667,0],"ti":[0,11.333,0]},{"i":{"x":0.667,"y":1},"o":{"x":0.167,"y":0.234},"t":60,"s":[512.88,415.52,0],"to":[0,-11.333,0],"ti":[0,-3.667,0]},{"i":{"x":0.833,"y":0.907},"o":{"x":0.333,"y":0},"t":70,"s":[512.88,387.52,0],"to":[0,3.667,0],"ti":[0,-11.333,0]},{"i":{"x":0.274,"y":1},"o":{"x":0.167,"y":0.372},"t":81.6,"s":[512.88,437.52,0],"to":[0,11.333,0],"ti":[0,-3,0]},{"t":98.40078125,"s":[512.88,455.52,0]}],"ix":2,"l":2},"a":{"a":0,"k":[479.85,289.77,0],"ix":1,"l":2},"s":{"a":0,"k":[100,100,100],"ix":6,"l":2}},"ao":0,"shapes":[{"ty":"gr","it":[{"ind":0,"ty":"sh","ix":1,"ks":{"a":0,"k":{"i":[[57.84,18],[0,0],[-19.2,-26.16],[-27.2,-8.96],[-5.2,17.28]],"o":[[-46.8,-14.56],[0,0],[11.52,15.68],[63.84,21.04],[5.36,-17.28]],"v":[[20.04,-53.76],[-87.64,-49.36],[-66.52,3.84],[-10.6,47.28],[82.28,13.04]],"c":true},"ix":2},"nm":"Path 1","mn":"ADBE Vector Shape - Group","hd":false},{"ty":"fl","c":{"a":0,"k":[1,0.827000038297,0.689999988032,1],"ix":4},"o":{"a":0,"k":100,"ix":5},"r":1,"bm":0,"nm":"Fill 1","mn":"ADBE Vector Graphic - Fill","hd":false},{"ty":"tr","p":{"a":0,"k":[147.65,121.05],"ix":2},"a":{"a":0,"k":[0,0],"ix":1},"s":{"a":0,"k":[100,100],"ix":3},"r":{"a":0,"k":0,"ix":6},"o":{"a":0,"k":100,"ix":7},"sk":{"a":0,"k":0,"ix":4},"sa":{"a":0,"k":0,"ix":5},"nm":"Transform"}],"nm":"Group 1","np":2,"cix":2,"bm":0,"ix":1,"mn":"ADBE Vector Group","hd":false},{"ty":"gr","it":[{"ind":0,"ty":"sh","ix":1,"ks":{"a":0,"k":{"i":[[24,42],[-52.56,12],[0,0],[36.48,-24]],"o":[[-16.64,-29.12],[52.56,-12],[0,0],[-30.8,20.32]],"v":[[-70.52,28.56],[-17.96,-58.56],[87.16,-46.56],[34.6,39.04]],"c":true},"ix":2},"nm":"Path 1","mn":"ADBE Vector Shape - Group","hd":false},{"ty":"fl","c":{"a":0,"k":[1,0.827000038297,0.689999988032,1],"ix":4},"o":{"a":0,"k":100,"ix":5},"r":1,"bm":0,"nm":"Fill 1","mn":"ADBE Vector Graphic - Fill","hd":false},{"ty":"tr","p":{"a":0,"k":[820.85,122.81],"ix":2},"a":{"a":0,"k":[0,0],"ix":1},"s":{"a":0,"k":[100,100],"ix":3},"r":{"a":0,"k":0,"ix":6},"o":{"a":0,"k":100,"ix":7},"sk":{"a":0,"k":0,"ix":4},"sa":{"a":0,"k":0,"ix":5},"nm":"Transform"}],"nm":"Group 2","np":2,"cix":2,"bm":0,"ix":2,"mn":"ADBE Vector Group","hd":false},{"ty":"gr","it":[{"ind":0,"ty":"sh","ix":1,"ks":{"a":1,"k":[{"i":{"x":0.833,"y":0.833},"o":{"x":0.333,"y":0},"t":12,"s":[{"i":[[0,0],[-21.76,11.679],[-7.84,140.72],[13.52,3.44],[28.56,-14.24],[0,0],[81.04,7.84],[1.12,-5.679],[-57.68,-38.48],[-14.8,-2],[0,0],[1.12,-30.399],[3.52,-31.04],[0.72,-39.039]],"o":[[0,0],[18.56,-9.92],[7.84,-140.72],[-13.52,-3.36],[-12.16,6.08],[0,0],[-81.04,-7.921],[-1.12,5.601],[16.8,11.2],[38.72,5.28],[0,0],[-1.12,30.401],[-2.24,19.92],[-0.48,25.921]],"v":[[17.48,159.96],[121.08,126.52],[251.72,-69.799],[146.68,-254.92],[55.8,-230.92],[17.48,-207.24],[-115.4,-269.16],[-258.44,-228.601],[-170.36,-73.88],[-117.16,-55.64],[-63.64,-55.16],[-70.36,34.92],[-75.64,139.319],[-105.64,251.159]],"c":true}]},{"i":{"x":0.833,"y":1},"o":{"x":0.167,"y":0.167},"t":19,"s":[{"i":[[0,0],[-21.76,11.679],[-7.84,140.72],[13.52,3.44],[28.56,-14.24],[0,0],[81.04,7.84],[1.12,-5.679],[-57.68,-38.48],[-14.8,-2],[0,0],[1.12,-30.399],[3.52,-31.04],[0.72,-39.039]],"o":[[0,0],[18.56,-9.92],[7.84,-140.72],[-13.52,-3.36],[-12.16,6.08],[0,0],[-81.04,-7.921],[-1.12,5.601],[16.8,11.2],[38.72,5.28],[0,0],[-1.12,30.401],[-2.24,19.92],[-0.48,25.921]],"v":[[17.48,159.961],[121.08,126.521],[251.72,-69.799],[146.68,-254.92],[55.8,-230.92],[17.48,-207.24],[-115.4,-269.16],[-258.44,-228.601],[-170.36,-73.879],[-117.16,-55.639],[-63.64,-55.16],[-70.36,34.92],[-75.64,139.32],[-105.64,269.159]],"c":true}]},{"i":{"x":0.833,"y":0.833},"o":{"x":0.167,"y":0},"t":27,"s":[{"i":[[0,0],[-21.76,11.679],[-7.84,140.72],[13.52,3.44],[28.56,-14.24],[0,0],[81.04,7.84],[1.12,-5.679],[-57.68,-38.48],[-14.8,-2],[0,0],[1.12,-30.399],[3.52,-31.04],[0.72,-39.039]],"o":[[0,0],[18.56,-9.92],[7.84,-140.72],[-13.52,-3.36],[-12.16,6.08],[0,0],[-81.04,-7.921],[-1.12,5.601],[16.8,11.2],[38.72,5.28],[0,0],[-1.12,30.401],[-2.24,19.92],[-0.48,25.921]],"v":[[17.48,159.961],[121.08,126.521],[251.72,-69.799],[146.68,-254.92],[55.8,-230.92],[17.48,-207.24],[-115.4,-269.16],[-258.44,-228.601],[-170.36,-73.879],[-117.16,-55.639],[-63.64,-55.16],[-70.36,34.92],[-75.64,139.32],[-98.64,273.159]],"c":true}]},{"i":{"x":0.833,"y":1},"o":{"x":0.167,"y":0.167},"t":38,"s":[{"i":[[0,0],[-21.76,11.679],[-7.84,140.72],[13.52,3.44],[28.56,-14.24],[0,0],[81.04,7.84],[1.12,-5.679],[-57.68,-38.48],[-14.8,-2],[0,0],[1.12,-30.399],[3.52,-31.04],[0.72,-39.039]],"o":[[0,0],[18.56,-9.92],[7.84,-140.72],[-13.52,-3.36],[-12.16,6.08],[0,0],[-81.04,-7.921],[-1.12,5.601],[16.8,11.2],[38.72,5.28],[0,0],[-1.12,30.401],[-2.24,19.92],[-0.48,25.921]],"v":[[17.48,159.96],[121.08,126.52],[251.72,-69.799],[146.68,-254.92],[55.8,-230.92],[17.48,-207.24],[-115.4,-269.16],[-258.44,-228.601],[-170.36,-73.88],[-117.16,-55.64],[-63.64,-55.16],[-70.36,34.92],[-75.64,139.319],[-105.64,251.159]],"c":true}]},{"i":{"x":0.833,"y":1},"o":{"x":0.167,"y":0},"t":48,"s":[{"i":[[0,0],[-21.76,11.679],[-7.84,140.72],[13.52,3.44],[28.56,-14.24],[0,0],[81.04,7.84],[1.12,-5.679],[-57.68,-38.48],[-14.8,-2],[0,0],[1.12,-30.399],[3.52,-31.04],[0.72,-39.039]],"o":[[0,0],[18.56,-9.92],[7.84,-140.72],[-13.52,-3.36],[-12.16,6.08],[0,0],[-81.04,-7.921],[-1.12,5.601],[16.8,11.2],[38.72,5.28],[0,0],[-1.12,30.401],[-2.24,19.92],[-0.48,25.921]],"v":[[17.48,159.96],[121.08,126.52],[251.72,-69.799],[146.68,-254.92],[55.8,-230.92],[17.48,-207.24],[-115.4,-269.16],[-258.44,-228.601],[-170.36,-73.88],[-117.16,-55.64],[-63.64,-55.16],[-70.36,34.92],[-75.64,139.319],[-105.64,251.159]],"c":true}]},{"i":{"x":0.833,"y":0.833},"o":{"x":0.167,"y":0},"t":53,"s":[{"i":[[0,0],[-21.76,11.679],[-7.84,140.72],[13.52,3.44],[28.56,-14.24],[0,0],[81.04,7.84],[1.12,-5.679],[-57.68,-38.48],[-14.8,-2],[0,0],[1.12,-30.399],[3.52,-31.04],[0.72,-39.039]],"o":[[0,0],[18.56,-9.92],[7.84,-140.72],[-13.52,-3.36],[-12.16,6.08],[0,0],[-81.04,-7.921],[-1.12,5.601],[16.8,11.2],[38.72,5.28],[0,0],[-1.12,30.401],[-2.24,19.92],[-0.48,25.921]],"v":[[17.48,159.96],[121.08,126.52],[251.72,-69.799],[146.68,-254.92],[55.8,-230.92],[17.48,-207.24],[-115.4,-269.16],[-258.44,-228.601],[-170.36,-73.88],[-117.16,-55.64],[-63.64,-55.16],[-70.36,34.92],[-75.64,139.319],[-105.64,251.159]],"c":true}]},{"i":{"x":0.833,"y":0.833},"o":{"x":0.167,"y":0.167},"t":60,"s":[{"i":[[0,0],[-21.76,11.679],[-7.84,140.72],[13.52,3.44],[28.56,-14.24],[0,0],[81.04,7.84],[1.12,-5.679],[-57.68,-38.48],[-14.8,-2],[0,0],[1.12,-30.399],[3.52,-31.04],[0.72,-39.039]],"o":[[0,0],[18.56,-9.92],[7.84,-140.72],[-13.52,-3.36],[-12.16,6.08],[0,0],[-81.04,-7.921],[-1.12,5.601],[16.8,11.2],[38.72,5.28],[0,0],[-1.12,30.401],[-2.24,19.92],[-0.48,25.921]],"v":[[17.48,159.961],[121.08,126.52],[251.72,-69.799],[146.68,-254.92],[55.8,-230.92],[17.48,-207.24],[-115.4,-269.16],[-258.44,-228.601],[-170.36,-73.88],[-117.16,-55.64],[-63.64,-55.16],[-70.36,34.92],[-75.64,139.319],[-104.64,270.159]],"c":true}]},{"i":{"x":0.833,"y":0.833},"o":{"x":0.167,"y":0.167},"t":70,"s":[{"i":[[0,0],[-21.76,11.679],[-7.84,140.72],[13.52,3.44],[28.56,-14.24],[0,0],[81.04,7.84],[1.12,-5.679],[-57.68,-38.48],[-14.8,-2],[0,0],[1.12,-30.399],[3.52,-31.04],[0.72,-39.039]],"o":[[0,0],[18.56,-9.92],[7.84,-140.72],[-13.52,-3.36],[-12.16,6.08],[0,0],[-81.04,-7.921],[-1.12,5.601],[16.8,11.2],[38.72,5.28],[0,0],[-1.12,30.401],[-2.24,19.92],[-0.48,25.921]],"v":[[17.48,159.961],[121.08,126.52],[251.72,-69.799],[146.68,-254.92],[55.8,-230.92],[17.48,-207.24],[-115.4,-269.16],[-258.44,-228.601],[-170.36,-73.88],[-117.16,-55.639],[-63.64,-55.16],[-70.36,34.92],[-75.64,139.319],[-100.222,288.099]],"c":true}]},{"i":{"x":0.274,"y":1},"o":{"x":0.167,"y":0.167},"t":81.6,"s":[{"i":[[0,0],[-21.76,11.679],[-7.84,140.72],[13.52,3.44],[28.56,-14.24],[0,0],[81.04,7.84],[1.12,-5.679],[-57.68,-38.48],[-14.8,-2],[0,0],[1.12,-30.399],[3.52,-31.04],[0.72,-39.039]],"o":[[0,0],[18.56,-9.92],[7.84,-140.72],[-13.52,-3.36],[-12.16,6.08],[0,0],[-81.04,-7.921],[-1.12,5.601],[16.8,11.2],[38.72,5.28],[0,0],[-1.12,30.401],[-2.24,19.92],[-0.48,25.921]],"v":[[17.48,159.96],[121.08,126.52],[251.72,-69.799],[146.68,-254.92],[55.8,-230.92],[17.48,-207.24],[-115.4,-269.16],[-258.44,-228.601],[-170.36,-73.88],[-117.16,-55.64],[-63.64,-55.16],[-70.36,34.92],[-75.64,139.319],[-105.64,251.159]],"c":true}]},{"t":98.40078125,"s":[{"i":[[0,0],[-21.76,11.679],[-7.84,140.72],[13.52,3.44],[28.56,-14.24],[0,0],[81.04,7.84],[1.12,-5.679],[-57.68,-38.48],[-14.8,-2],[0,0],[1.12,-30.399],[3.52,-31.04],[0.72,-39.039]],"o":[[0,0],[18.56,-9.92],[7.84,-140.72],[-13.52,-3.36],[-12.16,6.08],[0,0],[-81.04,-7.921],[-1.12,5.601],[16.8,11.2],[38.72,5.28],[0,0],[-1.12,30.401],[-2.24,19.92],[-0.48,25.921]],"v":[[17.48,159.96],[121.08,126.52],[251.72,-69.799],[146.68,-254.92],[55.8,-230.92],[17.48,-207.24],[-115.4,-269.16],[-258.44,-228.601],[-170.36,-73.88],[-117.16,-55.64],[-63.64,-55.16],[-70.36,34.92],[-75.64,139.319],[-105.64,251.159]],"c":true}]}],"ix":2},"nm":"Path 1","mn":"ADBE Vector Shape - Group","hd":false},{"ty":"fl","c":{"a":0,"k":[0.736999990426,0.536999990426,0.328999986836,1],"ix":4},"o":{"a":0,"k":100,"ix":5},"r":1,"bm":0,"nm":"Fill 1","mn":"ADBE Vector Graphic - Fill","hd":false},{"ty":"tr","p":{"a":0,"k":[259.81,278.61],"ix":2},"a":{"a":0,"k":[0,0],"ix":1},"s":{"a":0,"k":[100,100],"ix":3},"r":{"a":0,"k":0,"ix":6},"o":{"a":0,"k":100,"ix":7},"sk":{"a":0,"k":0,"ix":4},"sa":{"a":0,"k":0,"ix":5},"nm":"Transform"}],"nm":"Group 3","np":2,"cix":2,"bm":0,"ix":3,"mn":"ADBE Vector Group","hd":false},{"ty":"gr","it":[{"ind":0,"ty":"sh","ix":1,"ks":{"a":1,"k":[{"i":{"x":0.833,"y":1},"o":{"x":0.333,"y":0},"t":12,"s":[{"i":[[0,0],[-131.76,-4.48],[0,0],[-44.32,15.12],[-6.96,-14.4],[39.36,-33.36],[0,0],[2,-50.96],[-5.04,-15.599],[-5.04,-38.639],[0,0],[0,0]],"o":[[0,0],[131.76,4.48],[0,0],[65.84,-22.4],[5.36,10.96],[-43.92,37.2],[0,0],[-1.12,29.279],[10.16,31.521],[4.24,32.241],[0,0],[0,0]],"v":[[-278.04,-253.28],[-130.52,-267.92],[74.44,-217.2],[164.2,-267.12],[325.56,-237.44],[261.4,-95.52],[170.2,-60.64],[157.8,58.72],[165.72,134.159],[186.68,225.999],[191.64,289.52],[-330.92,157.76]],"c":true}]},{"i":{"x":0.833,"y":0.833},"o":{"x":0.167,"y":0},"t":27,"s":[{"i":[[0,0],[-131.76,-4.48],[0,0],[-44.32,15.12],[-6.96,-14.4],[39.36,-33.36],[0,0],[2,-50.96],[-5.04,-15.599],[-5.04,-38.639],[0,0],[0,0]],"o":[[0,0],[131.76,4.48],[0,0],[65.84,-22.4],[5.36,10.96],[-43.92,37.2],[0,0],[-1.12,29.279],[10.16,31.521],[4.24,32.241],[0,0],[0,0]],"v":[[-278.04,-253.28],[-130.52,-267.92],[74.44,-217.2],[164.2,-267.12],[325.56,-237.44],[261.4,-95.52],[170.2,-60.64],[157.8,58.72],[165.72,134.159],[186.68,225.999],[189.64,325.52],[-330.92,157.76]],"c":true}]},{"i":{"x":0.667,"y":1},"o":{"x":0.167,"y":0.167},"t":38,"s":[{"i":[[0,0],[-131.76,-4.48],[0,0],[-44.32,15.12],[-6.96,-14.4],[39.36,-33.36],[0,0],[2,-50.96],[-5.04,-15.599],[-5.04,-38.639],[0,0],[0,0]],"o":[[0,0],[131.76,4.48],[0,0],[65.84,-22.4],[5.36,10.96],[-43.92,37.2],[0,0],[-1.12,29.279],[10.16,31.521],[4.24,32.241],[0,0],[0,0]],"v":[[-278.04,-253.28],[-130.52,-267.92],[74.44,-217.2],[164.2,-267.12],[325.56,-237.44],[261.4,-95.52],[170.2,-60.64],[157.8,58.72],[165.72,134.159],[186.68,225.999],[189.64,325.52],[-330.92,157.76]],"c":true}]},{"i":{"x":0.667,"y":1},"o":{"x":0.333,"y":0},"t":48,"s":[{"i":[[0,0],[-131.76,-4.48],[0,0],[-44.32,15.12],[-6.96,-14.4],[39.36,-33.36],[0,0],[2,-50.96],[-5.04,-15.599],[-5.04,-38.639],[0,0],[0,0]],"o":[[0,0],[131.76,4.48],[0,0],[65.84,-22.4],[5.36,10.96],[-43.92,37.2],[0,0],[-1.12,29.279],[10.16,31.521],[4.24,32.241],[0,0],[0,0]],"v":[[-278.04,-253.28],[-130.52,-267.92],[74.44,-217.2],[164.2,-267.12],[325.56,-237.44],[261.4,-95.52],[170.2,-60.64],[157.8,58.72],[165.72,134.159],[186.68,225.999],[191.64,289.52],[-330.92,157.76]],"c":true}]},{"i":{"x":0.667,"y":1},"o":{"x":0.333,"y":0},"t":53,"s":[{"i":[[0,0],[-131.76,-4.48],[0,0],[-44.32,15.12],[-6.96,-14.4],[39.36,-33.36],[0,0],[2,-50.96],[-5.04,-15.599],[-5.04,-38.639],[0,0],[0,0]],"o":[[0,0],[131.76,4.48],[0,0],[65.84,-22.4],[5.36,10.96],[-43.92,37.2],[0,0],[-1.12,29.279],[10.16,31.521],[4.24,32.241],[0,0],[0,0]],"v":[[-278.04,-253.28],[-130.52,-267.92],[74.44,-217.2],[164.2,-267.12],[325.56,-237.44],[261.4,-95.52],[170.2,-60.64],[157.8,58.72],[165.72,134.159],[186.68,225.999],[191.64,289.52],[-330.92,157.76]],"c":true}]},{"i":{"x":0.833,"y":0.833},"o":{"x":0.333,"y":0},"t":70,"s":[{"i":[[0,0],[-131.76,-4.48],[0,0],[-44.32,15.12],[-6.96,-14.4],[39.36,-33.36],[0,0],[2,-50.96],[-5.04,-15.599],[-5.04,-38.639],[0,0],[0,0]],"o":[[0,0],[131.76,4.48],[0,0],[65.84,-22.4],[5.36,10.96],[-43.92,37.2],[0,0],[-1.12,29.279],[10.16,31.521],[4.24,32.241],[0,0],[0,0]],"v":[[-278.04,-253.28],[-130.52,-267.92],[74.44,-217.2],[164.2,-267.12],[325.56,-237.44],[261.4,-95.52],[170.2,-60.64],[157.8,58.72],[165.72,134.159],[186.68,225.999],[191.64,330.52],[-330.92,157.76]],"c":true}]},{"i":{"x":0.274,"y":1},"o":{"x":0.167,"y":0.167},"t":81.6,"s":[{"i":[[0,0],[-131.76,-4.48],[0,0],[-44.32,15.12],[-6.96,-14.4],[39.36,-33.36],[0,0],[2,-50.96],[-5.04,-15.599],[-5.04,-38.639],[0,0],[0,0]],"o":[[0,0],[131.76,4.48],[0,0],[65.84,-22.4],[5.36,10.96],[-43.92,37.2],[0,0],[-1.12,29.279],[10.16,31.521],[4.24,32.241],[0,0],[0,0]],"v":[[-278.04,-253.28],[-130.52,-267.92],[74.44,-217.2],[164.2,-267.12],[325.56,-237.44],[261.4,-95.52],[170.2,-60.64],[157.8,58.72],[165.72,134.159],[186.68,225.999],[189.64,325.52],[-330.92,157.76]],"c":true}]},{"t":98.40078125,"s":[{"i":[[0,0],[-131.76,-4.48],[0,0],[-44.32,15.12],[-6.96,-14.4],[39.36,-33.36],[0,0],[2,-50.96],[-5.04,-15.599],[-5.04,-38.639],[0,0],[0,0]],"o":[[0,0],[131.76,4.48],[0,0],[65.84,-22.4],[5.36,10.96],[-43.92,37.2],[0,0],[-1.12,29.279],[10.16,31.521],[4.24,32.241],[0,0],[0,0]],"v":[[-278.04,-253.28],[-130.52,-267.92],[74.44,-217.2],[164.2,-267.12],[325.56,-237.44],[261.4,-95.52],[170.2,-60.64],[157.8,58.72],[165.72,134.159],[186.68,225.999],[191.64,289.52],[-330.92,157.76]],"c":true}]}],"ix":2},"nm":"Path 1","mn":"ADBE Vector Shape - Group","hd":false},{"ty":"fl","c":{"a":0,"k":[0.875,0.875,0.875,1],"ix":4},"o":{"a":0,"k":100,"ix":5},"r":1,"bm":0,"nm":"Fill 1","mn":"ADBE Vector Graphic - Fill","hd":false},{"ty":"tr","p":{"a":0,"k":[628.53,289.77],"ix":2},"a":{"a":0,"k":[0,0],"ix":1},"s":{"a":0,"k":[100,100],"ix":3},"r":{"a":0,"k":0,"ix":6},"o":{"a":0,"k":100,"ix":7},"sk":{"a":0,"k":0,"ix":4},"sa":{"a":0,"k":0,"ix":5},"nm":"Transform"}],"nm":"Group 4","np":2,"cix":2,"bm":0,"ix":4,"mn":"ADBE Vector Group","hd":false}],"ip":0,"op":106,"st":-14.4,"bm":0},{"ddd":0,"ind":5,"ty":4,"nm":"Horn","parent":4,"sr":1,"ks":{"o":{"a":0,"k":100,"ix":11},"r":{"a":0,"k":0,"ix":10},"p":{"a":0,"k":[491.33,7.17,0],"ix":2,"l":2},"a":{"a":0,"k":[229.97,88.13,0],"ix":1,"l":2},"s":{"a":0,"k":[100,100,100],"ix":6,"l":2}},"ao":0,"shapes":[{"ty":"gr","it":[{"ind":0,"ty":"sh","ix":1,"ks":{"a":0,"k":{"i":[[0,0],[46.16,-15.84],[0,0]],"o":[[0,0],[-46.16,15.84],[0,0]],"v":[[73.76,21.4],[-27.6,-72.04],[-40,87.88]],"c":true},"ix":2},"nm":"Path 1","mn":"ADBE Vector Shape - Group","hd":false},{"ty":"fl","c":{"a":0,"k":[1,0.725,0.011999999776,1],"ix":4},"o":{"a":0,"k":100,"ix":5},"r":1,"bm":0,"nm":"Fill 1","mn":"ADBE Vector Graphic - Fill","hd":false},{"ty":"tr","p":{"a":0,"k":[74.01,88.13],"ix":2},"a":{"a":0,"k":[0,0],"ix":1},"s":{"a":0,"k":[100,100],"ix":3},"r":{"a":0,"k":0,"ix":6},"o":{"a":0,"k":100,"ix":7},"sk":{"a":0,"k":0,"ix":4},"sa":{"a":0,"k":0,"ix":5},"nm":"Transform"}],"nm":"Group 1","np":2,"cix":2,"bm":0,"ix":1,"mn":"ADBE Vector Group","hd":false},{"ty":"gr","it":[{"ind":0,"ty":"sh","ix":1,"ks":{"a":0,"k":{"i":[[0,0],[-52.48,-10.08],[0,0]],"o":[[0,0],[58.56,11.28],[0,0]],"v":[[-78.28,34.88],[19.72,-69.84],[45.64,79.92]],"c":true},"ix":2},"nm":"Path 1","mn":"ADBE Vector Shape - Group","hd":false},{"ty":"fl","c":{"a":0,"k":[1,0.725,0.011999999776,1],"ix":4},"o":{"a":0,"k":100,"ix":5},"r":1,"bm":0,"nm":"Fill 1","mn":"ADBE Vector Graphic - Fill","hd":false},{"ty":"tr","p":{"a":0,"k":[381.41,93.85],"ix":2},"a":{"a":0,"k":[0,0],"ix":1},"s":{"a":0,"k":[100,100],"ix":3},"r":{"a":0,"k":0,"ix":6},"o":{"a":0,"k":100,"ix":7},"sk":{"a":0,"k":0,"ix":4},"sa":{"a":0,"k":0,"ix":5},"nm":"Transform"}],"nm":"Group 2","np":2,"cix":2,"bm":0,"ix":2,"mn":"ADBE Vector Group","hd":false}],"ip":0,"op":106,"st":-14.4,"bm":0},{"ddd":0,"ind":6,"ty":4,"nm":"Grass","sr":1,"ks":{"o":{"a":0,"k":100,"ix":11},"r":{"a":1,"k":[{"i":{"x":[0.833],"y":[1]},"o":{"x":[0.167],"y":[0]},"t":21,"s":[38]},{"i":{"x":[0.833],"y":[1]},"o":{"x":[0.167],"y":[0]},"t":27,"s":[0]},{"i":{"x":[0.833],"y":[1]},"o":{"x":[0.167],"y":[0]},"t":38,"s":[0]},{"t":48.000390625,"s":[-19]}],"ix":10},"p":{"a":1,"k":[{"i":{"x":0.667,"y":1},"o":{"x":0.333,"y":0},"t":21,"s":[706.173,854.638,0],"to":[5,13.333,0],"ti":[-20.667,0.333,0]},{"i":{"x":0.833,"y":0.802},"o":{"x":0.333,"y":0},"t":27,"s":[736.173,934.638,0],"to":[20.667,-0.333,0],"ti":[7.333,28.667,0]},{"i":{"x":0.833,"y":0.833},"o":{"x":0.167,"y":0.142},"t":38,"s":[830.173,852.638,0],"to":[-7.333,-28.667,0],"ti":[23,15,0]},{"t":48.000390625,"s":[692.173,762.638,0]}],"ix":2,"l":2},"a":{"a":0,"k":[90.892,63.16,0],"ix":1,"l":2},"s":{"a":0,"k":[100,100,100],"ix":6,"l":2}},"ao":0,"shapes":[{"ty":"gr","it":[{"ind":0,"ty":"sh","ix":1,"ks":{"a":1,"k":[{"i":{"x":0.833,"y":0.833},"o":{"x":0.333,"y":0},"t":27,"s":[{"i":[[0,0],[0,0],[0,0],[0,0],[0,0],[0,0],[19.663,15.502]],"o":[[26.265,27.642],[0,0],[0,0],[0,0],[0,0],[0,0],[-56.682,-44.685]],"v":[[40.124,-62.91],[90.642,0.001],[55.197,-8.708],[52.37,62.91],[24.724,31.878],[4.86,62.91],[-33.96,4.452]],"c":true}]},{"t":38.000390625,"s":[{"i":[[0,0],[0,0],[0,0],[0,0],[0,0],[0,0],[70.37,16.049]],"o":[[37.037,9.061],[0,0],[0,0],[0,0],[0,0],[0,0],[-70.37,-16.05]],"v":[[5.654,-60.553],[89.605,-62.909],[47.629,-23.097],[106.889,12.706],[43.926,27.52],[76.024,96.656],[-20.272,36.163]],"c":true}]}],"ix":2},"nm":"Path 1","mn":"ADBE Vector Shape - Group","hd":false},{"ty":"fl","c":{"a":0,"k":[0.430999995213,0.658999992819,0.430999995213,1],"ix":4},"o":{"a":0,"k":100,"ix":5},"r":1,"bm":0,"nm":"Fill 1","mn":"ADBE Vector Graphic - Fill","hd":false},{"ty":"tr","p":{"a":0,"k":[90.892,63.16],"ix":2},"a":{"a":0,"k":[0,0],"ix":1},"s":{"a":0,"k":[100,100],"ix":3},"r":{"a":0,"k":0,"ix":6},"o":{"a":0,"k":100,"ix":7},"sk":{"a":0,"k":0,"ix":4},"sa":{"a":0,"k":0,"ix":5},"nm":"Transform"}],"nm":"Group 1","np":2,"cix":2,"bm":0,"ix":1,"mn":"ADBE Vector Group","hd":false}],"ip":21,"op":48,"st":-14.4,"bm":0},{"ddd":0,"ind":7,"ty":4,"nm":"Grass 2","sr":1,"ks":{"o":{"a":0,"k":100,"ix":11},"r":{"a":1,"k":[{"i":{"x":[0.667],"y":[1]},"o":{"x":[0.167],"y":[0]},"t":55,"s":[57]},{"i":{"x":[0.833],"y":[0.896]},"o":{"x":[0.333],"y":[0]},"t":60,"s":[0]},{"i":{"x":[0.833],"y":[1]},"o":{"x":[0.167],"y":[0.442]},"t":77,"s":[-118]},{"t":93.59921875,"s":[-145]}],"ix":10},"p":{"a":1,"k":[{"i":{"x":0.667,"y":1},"o":{"x":0.303,"y":0},"t":55,"s":[301.282,867.528,0],"to":[0,0,0],"ti":[-93,25,0]},{"i":{"x":0.648,"y":0.508},"o":{"x":0.303,"y":0},"t":60,"s":[251.282,927.528,0],"to":[18.952,-5.095,0],"ti":[-37.404,10.055,0]},{"i":{"x":0.833,"y":0.921},"o":{"x":0.402,"y":0.174},"t":67,"s":[356.177,940.169,0],"to":[146.137,-39.284,0],"ti":[-74.048,19.905,0]},{"i":{"x":0.667,"y":1},"o":{"x":0.167,"y":0.502},"t":77,"s":[823.282,781.528,0],"to":[93,-25,0],"ti":[1.333,0,0]},{"t":93.59921875,"s":[759.282,759.528,0]}],"ix":2,"l":2},"a":{"a":0,"k":[90.892,63.16,0],"ix":1,"l":2},"s":{"a":0,"k":[100,100,100],"ix":6,"l":2}},"ao":0,"shapes":[{"ty":"gr","it":[{"ind":0,"ty":"sh","ix":1,"ks":{"a":0,"k":{"i":[[0,0],[0,0],[0,0],[0,0],[0,0],[0,0],[-19.663,15.502]],"o":[[-26.264,27.641],[0,0],[0,0],[0,0],[0,0],[0,0],[56.682,-44.685]],"v":[[-40.124,-62.91],[-90.642,-0.001],[-55.197,-8.71],[-52.37,62.91],[-24.724,31.877],[-4.86,62.91],[33.96,4.452]],"c":true},"ix":2},"nm":"Path 1","mn":"ADBE Vector Shape - Group","hd":false},{"ty":"fl","c":{"a":0,"k":[0.430999995213,0.658999992819,0.430999995213,1],"ix":4},"o":{"a":0,"k":100,"ix":5},"r":1,"bm":0,"nm":"Fill 1","mn":"ADBE Vector Graphic - Fill","hd":false},{"ty":"tr","p":{"a":0,"k":[90.892,63.16],"ix":2},"a":{"a":0,"k":[0,0],"ix":1},"s":{"a":0,"k":[100,100],"ix":3},"r":{"a":0,"k":0,"ix":6},"o":{"a":0,"k":100,"ix":7},"sk":{"a":0,"k":0,"ix":4},"sa":{"a":0,"k":0,"ix":5},"nm":"Transform"}],"nm":"Group 1","np":2,"cix":2,"bm":0,"ix":1,"mn":"ADBE Vector Group","hd":false}],"ip":55.2,"op":93.6,"st":-21.6,"bm":0}],"markers":[{"tm":101,"cm":"rest","dr":0}]}