{"v":"5.8.1","fr":60,"ip":0,"op":120,"w":1024,"h":1024,"nm":"emoji_grinning-with-sweat","ddd":0,"assets":[{"id":"comp_0","nm":"emoji_grinning-with-sweat - 60 fps","fr":60,"layers":[{"ddd":0,"ind":1,"ty":3,"nm":"Null All","sr":1,"ks":{"o":{"a":0,"k":0,"ix":11},"r":{"a":0,"k":0,"ix":10},"p":{"s":true,"x":{"a":0,"k":512,"ix":3},"y":{"a":1,"k":[{"i":{"x":[0.667],"y":[1]},"o":{"x":[0.333],"y":[0]},"t":0,"s":[508]},{"i":{"x":[0.667],"y":[1]},"o":{"x":[0.333],"y":[0]},"t":12.5,"s":[515]},{"i":{"x":[0.667],"y":[1]},"o":{"x":[0.333],"y":[0]},"t":20,"s":[508]},{"i":{"x":[0.667],"y":[1]},"o":{"x":[0.333],"y":[0]},"t":32.5,"s":[515]},{"i":{"x":[0.667],"y":[1]},"o":{"x":[0.333],"y":[0]},"t":37.5,"s":[508]},{"i":{"x":[0.667],"y":[1]},"o":{"x":[0.333],"y":[0]},"t":52.5,"s":[515]},{"i":{"x":[0.667],"y":[1]},"o":{"x":[0.333],"y":[0]},"t":60,"s":[508]},{"i":{"x":[0.667],"y":[1]},"o":{"x":[0.333],"y":[0]},"t":72.5,"s":[515]},{"i":{"x":[0.667],"y":[1]},"o":{"x":[0.333],"y":[0]},"t":80,"s":[508]},{"i":{"x":[0.667],"y":[1]},"o":{"x":[0.333],"y":[0]},"t":92.5,"s":[515]},{"i":{"x":[0.667],"y":[1]},"o":{"x":[0.333],"y":[0]},"t":97.5,"s":[508]},{"i":{"x":[0.667],"y":[1]},"o":{"x":[0.333],"y":[0]},"t":112.5,"s":[515]},{"t":120,"s":[508]}],"ix":4}},"a":{"a":0,"k":[0,0,0],"ix":1,"l":2},"s":{"a":0,"k":[100,100,100],"ix":6,"l":2}},"ao":0,"ip":0,"op":120,"st":0,"bm":0},{"ddd":0,"ind":2,"ty":3,"nm":"Null DROP","parent":1,"sr":1,"ks":{"o":{"a":0,"k":0,"ix":11},"r":{"a":0,"k":0,"ix":10},"p":{"a":0,"k":[373.273,-237.544,0],"ix":2,"l":2},"a":{"a":0,"k":[0,0,0],"ix":1,"l":2},"s":{"a":0,"k":[77,77,100],"ix":6,"l":2}},"ao":0,"ip":0,"op":120,"st":0,"bm":0},{"ddd":0,"ind":3,"ty":4,"nm":"DROP 2","parent":2,"sr":1,"ks":{"o":{"a":0,"k":100,"ix":11},"r":{"a":1,"k":[{"i":{"x":[0.833],"y":[0.833]},"o":{"x":[0.167],"y":[0.167]},"t":0,"s":[0]},{"i":{"x":[0.833],"y":[0.833]},"o":{"x":[0.167],"y":[0.167]},"t":10,"s":[0]},{"t":20,"s":[-18.4]}],"ix":10},"p":{"s":true,"x":{"a":1,"k":[{"i":{"x":[0.833],"y":[0.833]},"o":{"x":[0.167],"y":[0.167]},"t":0,"s":[0]},{"i":{"x":[0.833],"y":[0.833]},"o":{"x":[0.167],"y":[0.167]},"t":5,"s":[2.481]},{"i":{"x":[0.833],"y":[0.833]},"o":{"x":[0.167],"y":[0.167]},"t":10,"s":[-26.208]},{"t":20,"s":[-158.519]}],"ix":3},"y":{"a":1,"k":[{"i":{"x":[0.833],"y":[0.833]},"o":{"x":[0.167],"y":[0.167]},"t":0,"s":[545.65]},{"i":{"x":[0.833],"y":[0.833]},"o":{"x":[0.167],"y":[0.167]},"t":5,"s":[616.331]},{"i":{"x":[0.833],"y":[0.833]},"o":{"x":[0.167],"y":[0.167]},"t":10,"s":[705.194]},{"t":20,"s":[789.96]}],"ix":4}},"a":{"a":0,"k":[-0.727,82.01,0],"ix":1,"l":2},"s":{"a":0,"k":[100,100,100],"ix":6,"l":2}},"ao":0,"shapes":[{"ty":"gr","it":[{"ind":0,"ty":"sh","ix":1,"ks":{"a":1,"k":[{"i":{"x":0.833,"y":0.833},"o":{"x":0.167,"y":0.167},"t":0,"s":[{"i":[[20.925,-41.71],[0.903,30.382],[4.305,11.614],[-26.634,-11.123]],"o":[[-10.914,21.754],[-0.602,-20.239],[-8.202,-22.127],[29.614,12.367]],"v":[[78.8,151.245],[37.852,130.662],[28.036,52.823],[48.036,29.891]],"c":true}]},{"i":{"x":0.833,"y":0.833},"o":{"x":0.167,"y":0.167},"t":5,"s":[{"i":[[2.621,-25.201],[7.969,27.199],[1.126,12.247],[-13.435,-5.804]],"o":[[-2.451,23.565],[-4.411,-15.054],[-1.796,-19.521],[13.435,5.804]],"v":[[47.704,113.238],[15.855,118.695],[4.191,86.194],[32.468,62.818]],"c":true}]},{"i":{"x":0.833,"y":0.833},"o":{"x":0.167,"y":0.167},"t":10,"s":[{"i":[[20.919,-14.93],[-5.406,11.851],[-12.893,10.463],[-4.123,-2.706]],"o":[[-25.456,18.168],[3.075,-6.741],[13.446,-10.912],[11.28,7.404]],"v":[[2.676,83.83],[-36.775,86.661],[-7.081,55.729],[28.522,35.339]],"c":true}]},{"t":20,"s":[{"i":[[16.565,-0.996],[-18.486,4.661],[-8.95,1.468],[4.668,-3.767]],"o":[[-25.637,1.542],[17.452,-4.4],[7.231,-1.186],[-6.202,5.005]],"v":[[-13.296,99.163],[-18.875,87.189],[31.115,78.344],[33.552,85.542]],"c":true}]}],"ix":2},"nm":"Path 1","mn":"ADBE Vector Shape - Group","hd":false},{"ty":"fl","c":{"a":0,"k":[0.505882352941,0.83137254902,0.980392156863,1],"ix":4},"o":{"a":0,"k":100,"ix":5},"r":1,"bm":0,"nm":"Fill 1","mn":"ADBE Vector Graphic - Fill","hd":false},{"ty":"tr","p":{"a":0,"k":[0,0],"ix":2},"a":{"a":0,"k":[0,0],"ix":1},"s":{"a":0,"k":[100,100],"ix":3},"r":{"a":0,"k":0,"ix":6},"o":{"a":0,"k":100,"ix":7},"sk":{"a":0,"k":0,"ix":4},"sa":{"a":0,"k":0,"ix":5},"nm":"Transform"}],"nm":"Shape 2","np":3,"cix":2,"bm":0,"ix":1,"mn":"ADBE Vector Group","hd":false},{"ty":"gr","it":[{"ind":0,"ty":"sh","ix":1,"ks":{"a":1,"k":[{"i":{"x":0.833,"y":0.833},"o":{"x":0.167,"y":0.167},"t":0,"s":[{"i":[[41.399,0],[23.568,33.303],[-5.559,23.901],[-17.549,12.916],[-27.069,0],[-21.759,-19.146],[-3.555,-33.247],[21.093,-28.297]],"o":[[-42.171,0],[-19.929,-28.161],[7.929,-34.089],[17.549,-12.916],[27.069,0],[21.759,19.146],[3.751,35.087],[-18.172,24.379]],"v":[[-2.118,225.602],[-100.444,171.535],[-114.765,80.722],[-68.671,12.77],[-1.454,-8.03],[73.236,19.603],[115.946,91.437],[90.195,181.627]],"c":true}]},{"i":{"x":0.833,"y":0.833},"o":{"x":0.167,"y":0.167},"t":5,"s":[{"i":[[35.417,7.65],[-0.244,24.803],[-16.949,15.834],[-22.538,8.675],[-13.671,-7.291],[-3.123,-15.755],[5.772,-21.632],[20.188,-14.997]],"o":[[-27.384,-5.915],[0.244,-24.803],[16.877,-15.766],[21.965,-8.455],[8.716,4.648],[2.644,13.34],[-4.093,15.338],[-18.288,13.586]],"v":[[-55.872,203.745],[-91.355,153.165],[-59.876,89.151],[-7.994,55.408],[45.628,52.935],[63.388,79.308],[61.559,125.968],[19.756,183.379]],"c":true}]},{"i":{"x":0.833,"y":0.833},"o":{"x":0.167,"y":0.167},"t":10,"s":[{"i":[[13.621,12.051],[-20.634,24.238],[-12.143,11.009],[-7.858,6.253],[-7.98,-6.286],[3.704,-11.718],[12.636,-17.587],[18.865,-12.111]],"o":[[-13.759,-12.173],[13.677,-16.066],[13.377,-12.129],[10.837,-8.623],[12.892,10.156],[-6.803,21.522],[-8.779,12.219],[-19.115,12.272]],"v":[[-85.632,165.67],[-81.207,105.332],[-36.147,59.565],[7.837,22.897],[43.397,18.548],[44.445,64.693],[11.597,125.167],[-29.991,162.964]],"c":true}]},{"t":20,"s":[{"i":[[1.123,5.851],[-7.086,0.532],[-30.084,6.074],[-6.545,1.473],[-0.611,-3.8],[15.758,-7.641],[22.563,-1.533],[12.837,1.446]],"o":[[-0.437,-2.275],[30.932,-2.321],[21.735,-4.388],[6.06,-1.364],[1.051,6.539],[-14.988,7.267],[-24.386,1.657],[-14.295,-1.61]],"v":[[-112.174,97.29],[-104.64,93.449],[-14.882,82.648],[47.647,68.023],[59.653,69.392],[35.97,92.891],[-22.17,109.873],[-80.39,109.412]],"c":true}]}],"ix":2},"nm":"Path 1","mn":"ADBE Vector Shape - Group","hd":false},{"ty":"gf","o":{"a":0,"k":100,"ix":10},"r":1,"bm":0,"g":{"p":3,"k":{"a":0,"k":[0.426,0.161,0.714,0.965,0.713,0.139,0.624,0.931,1,0.118,0.533,0.898],"ix":9}},"s":{"a":0,"k":[10.39,-62.338],"ix":5},"e":{"a":0,"k":[287.013,2.597],"ix":6},"t":2,"h":{"a":0,"k":0,"ix":7},"a":{"a":0,"k":0,"ix":8},"nm":"Gradient Fill 1","mn":"ADBE Vector Graphic - G-Fill","hd":false},{"ty":"tr","p":{"a":0,"k":[0,0],"ix":2},"a":{"a":0,"k":[0,0],"ix":1},"s":{"a":0,"k":[100,100],"ix":3},"r":{"a":0,"k":0,"ix":6},"o":{"a":0,"k":100,"ix":7},"sk":{"a":0,"k":0,"ix":4},"sa":{"a":0,"k":0,"ix":5},"nm":"Transform"}],"nm":"Shape 1","np":3,"cix":2,"bm":0,"ix":2,"mn":"ADBE Vector Group","hd":false}],"ip":0,"op":15,"st":-122.5,"bm":0},{"ddd":0,"ind":4,"ty":4,"nm":"DROP","parent":2,"sr":1,"ks":{"o":{"a":0,"k":100,"ix":11},"r":{"a":0,"k":0,"ix":10},"p":{"s":true,"x":{"a":1,"k":[{"i":{"x":[0.833],"y":[0.833]},"o":{"x":[0.167],"y":[0.167]},"t":49,"s":[-22.078]},{"t":61,"s":[0]}],"ix":3},"y":{"a":1,"k":[{"i":{"x":[0.868],"y":[0.955]},"o":{"x":[0.333],"y":[0]},"t":49,"s":[-22.781]},{"i":{"x":[0.701],"y":[0.511]},"o":{"x":[0.068],"y":[0.08]},"t":61,"s":[104.284]},{"i":{"x":[0.742],"y":[0.499]},"o":{"x":[0.421],"y":[0.211]},"t":100,"s":[222.855]},{"i":{"x":[0.833],"y":[0.833]},"o":{"x":[0.408],"y":[0.351]},"t":110,"s":[321.894]},{"t":120,"s":[545.65]}],"ix":4}},"a":{"a":0,"k":[-0.727,82.01,0],"ix":1,"l":2},"s":{"a":1,"k":[{"i":{"x":[0.667,0.667,0.667],"y":[1,1,1]},"o":{"x":[0.167,0.167,0.167],"y":[0.167,0.167,-2.083]},"t":49,"s":[90,90,100]},{"i":{"x":[0.667,0.667,0.667],"y":[1,1,1]},"o":{"x":[0.333,0.333,0.333],"y":[0,0,0]},"t":61,"s":[100,100,100]},{"t":100,"s":[100,100,100]}],"ix":6,"l":2}},"ao":0,"shapes":[{"ty":"gr","it":[{"ind":0,"ty":"sh","ix":1,"ks":{"a":1,"k":[{"i":{"x":0.667,"y":1},"o":{"x":0.167,"y":0.167},"t":45,"s":[{"i":[[11.938,-23.796],[0.515,17.333],[2.456,6.626],[-15.195,-6.346]],"o":[[-6.226,12.411],[-0.343,-11.547],[-4.679,-12.624],[16.895,7.056]],"v":[[44.811,33.009],[21.45,21.266],[15.85,-23.141],[27.26,-36.224]],"c":true}]},{"i":{"x":0.833,"y":0.833},"o":{"x":0.333,"y":0},"t":49,"s":[{"i":[[21.261,-33.252],[0,39.532],[-4.601,34.755],[-9.726,-8.379]],"o":[[-14.93,24.154],[0,-13.588],[3.96,-29.91],[34.315,29.549]],"v":[[70.797,128.522],[21.942,108.313],[27.988,41.932],[47.972,-2.846]],"c":true}]},{"i":{"x":0,"y":1},"o":{"x":0.167,"y":0.167},"t":61,"s":[{"i":[[21.261,-33.252],[0,39.532],[-4.601,34.755],[-9.726,-8.379]],"o":[[-14.93,24.154],[0,-13.588],[3.96,-29.91],[34.315,29.549]],"v":[[70.797,128.522],[21.942,108.313],[27.988,16.217],[47.972,-28.561]],"c":true}]},{"i":{"x":0.667,"y":1},"o":{"x":0.333,"y":0},"t":87.5,"s":[{"i":[[21.261,-33.252],[0,39.532],[-4.601,34.755],[-9.726,-8.379]],"o":[[-14.93,24.154],[0,-13.588],[3.96,-29.91],[34.315,29.549]],"v":[[70.797,128.522],[21.942,108.313],[27.988,16.217],[47.972,-28.561]],"c":true}]},{"i":{"x":0.833,"y":0.833},"o":{"x":1,"y":0},"t":100,"s":[{"i":[[21.261,-33.252],[0,39.532],[-4.601,34.755],[-9.726,-8.379]],"o":[[-14.93,24.154],[0,-13.588],[3.96,-29.91],[34.315,29.549]],"v":[[70.797,128.522],[21.942,108.313],[27.988,16.217],[47.972,-28.561]],"c":true}]},{"t":120,"s":[{"i":[[20.925,-41.71],[0.903,30.382],[4.305,11.614],[-26.634,-11.123]],"o":[[-10.914,21.754],[-0.602,-20.239],[-8.202,-22.127],[29.614,12.367]],"v":[[78.8,151.245],[37.852,130.662],[28.036,52.823],[48.036,29.891]],"c":true}]}],"ix":2},"nm":"Path 1","mn":"ADBE Vector Shape - Group","hd":false},{"ty":"fl","c":{"a":0,"k":[0.505882352941,0.83137254902,0.980392156863,1],"ix":4},"o":{"a":0,"k":100,"ix":5},"r":1,"bm":0,"nm":"Fill 1","mn":"ADBE Vector Graphic - Fill","hd":false},{"ty":"tr","p":{"a":0,"k":[0,0],"ix":2},"a":{"a":0,"k":[0,0],"ix":1},"s":{"a":0,"k":[100,100],"ix":3},"r":{"a":0,"k":0,"ix":6},"o":{"a":0,"k":100,"ix":7},"sk":{"a":0,"k":0,"ix":4},"sa":{"a":0,"k":0,"ix":5},"nm":"Transform"}],"nm":"Shape 2","np":3,"cix":2,"bm":0,"ix":1,"mn":"ADBE Vector Group","hd":false},{"ty":"gr","it":[{"ind":0,"ty":"sh","ix":1,"ks":{"a":1,"k":[{"i":{"x":0.667,"y":1},"o":{"x":0.167,"y":0.167},"t":45,"s":[{"i":[[23.618,0],[13.445,19],[-3.172,13.636],[-10.012,7.369],[-15.443,0],[-12.414,-10.923],[-2.028,-18.967],[12.034,-16.144]],"o":[[-24.059,0],[-11.369,-16.066],[4.523,-19.448],[10.012,-7.369],[15.443,0],[12.414,10.923],[2.14,20.017],[-10.367,13.908]],"v":[[-1.353,75.43],[-57.449,44.585],[-65.619,-7.225],[-39.322,-45.991],[-0.974,-57.858],[41.636,-42.093],[66.003,-1.112],[51.312,50.342]],"c":true}]},{"i":{"x":0.833,"y":0.833},"o":{"x":0.333,"y":0},"t":49,"s":[{"i":[[65.192,0],[0,56.601],[-24.707,31.841],[-15.634,10.366],[-9.596,0],[-5.301,-4.075],[-15.132,-17.501],[0,-39.854]],"o":[[-66.208,0],[0,-48.849],[11.816,-15.227],[5.026,-3.417],[10.001,0],[14.539,10.188],[42.758,49.451],[1.485,55.796]],"v":[[0.117,205.471],[-121.42,82.849],[-64.293,-57.149],[-26.694,-92.88],[-2.751,-99.299],[21.301,-92.88],[60.931,-56.22],[119.934,83.654]],"c":true}]},{"i":{"x":0,"y":1},"o":{"x":0.167,"y":0.167},"t":61,"s":[{"i":[[65.192,0],[0,56.601],[-24.707,63.456],[-15.634,28.099],[-9.596,0],[-5.301,-11.047],[-15.165,-34.862],[0,-39.854]],"o":[[-66.208,0],[0,-48.849],[11.816,-30.346],[5.026,-9.263],[10.001,0],[14.539,27.616],[42.758,98.549],[1.485,55.796]],"v":[[0.117,205.471],[-117.134,82.849],[-64.293,-96.456],[-26.694,-186.953],[-2.751,-201.45],[21.301,-186.953],[60.931,-94.604],[115.649,83.654]],"c":true}]},{"i":{"x":0.667,"y":1},"o":{"x":0.333,"y":0},"t":87.5,"s":[{"i":[[65.192,0],[0,56.601],[-24.707,63.456],[-15.634,28.099],[-9.596,0],[-5.301,-11.047],[-15.165,-34.862],[0,-39.854]],"o":[[-66.208,0],[0,-48.849],[11.816,-30.346],[5.026,-9.263],[10.001,0],[14.539,27.616],[42.758,98.549],[1.485,55.796]],"v":[[0.117,205.471],[-117.134,82.849],[-64.293,-96.456],[-26.694,-186.953],[-2.751,-201.45],[21.301,-186.953],[60.931,-94.604],[115.649,83.654]],"c":true}]},{"i":{"x":0.833,"y":0.833},"o":{"x":1,"y":0},"t":100,"s":[{"i":[[65.192,0],[0,56.601],[-24.707,63.456],[-15.634,28.099],[-9.596,0],[-5.301,-11.047],[-15.165,-34.862],[0,-39.854]],"o":[[-66.208,0],[0,-48.849],[11.816,-30.346],[5.026,-9.263],[10.001,0],[14.539,27.616],[42.758,98.549],[1.485,55.796]],"v":[[0.117,205.471],[-117.134,82.849],[-64.293,-96.456],[-26.694,-186.953],[-2.751,-201.45],[21.301,-186.953],[60.931,-94.604],[115.649,83.654]],"c":true}]},{"t":120,"s":[{"i":[[41.399,0],[23.568,33.303],[-5.559,23.901],[-17.549,12.916],[-27.069,0],[-21.759,-19.146],[-3.555,-33.247],[21.093,-28.297]],"o":[[-42.171,0],[-19.929,-28.161],[7.929,-34.089],[17.549,-12.916],[27.069,0],[21.759,19.146],[3.751,35.087],[-18.172,24.379]],"v":[[-2.118,225.602],[-100.444,171.535],[-114.765,80.722],[-68.671,12.77],[-1.454,-8.03],[73.236,19.603],[115.946,91.437],[90.195,181.627]],"c":true}]}],"ix":2},"nm":"Path 1","mn":"ADBE Vector Shape - Group","hd":false},{"ty":"gf","o":{"a":0,"k":100,"ix":10},"r":1,"bm":0,"g":{"p":3,"k":{"a":0,"k":[0.426,0.161,0.714,0.965,0.713,0.139,0.624,0.931,1,0.118,0.533,0.898],"ix":9}},"s":{"a":0,"k":[10.39,-62.338],"ix":5},"e":{"a":0,"k":[287.013,2.597],"ix":6},"t":2,"h":{"a":0,"k":0,"ix":7},"a":{"a":0,"k":0,"ix":8},"nm":"Gradient Fill 1","mn":"ADBE Vector Graphic - G-Fill","hd":false},{"ty":"tr","p":{"a":0,"k":[0,0],"ix":2},"a":{"a":0,"k":[0,0],"ix":1},"s":{"a":0,"k":[100,100],"ix":3},"r":{"a":0,"k":0,"ix":6},"o":{"a":0,"k":100,"ix":7},"sk":{"a":0,"k":0,"ix":4},"sa":{"a":0,"k":0,"ix":5},"nm":"Transform"}],"nm":"Shape 1","np":3,"cix":2,"bm":0,"ix":2,"mn":"ADBE Vector Group","hd":false}],"ip":45,"op":120,"st":10,"bm":0},{"ddd":0,"ind":5,"ty":3,"nm":"Null Face","parent":12,"sr":1,"ks":{"o":{"a":0,"k":0,"ix":11},"r":{"a":0,"k":0,"ix":10},"p":{"s":true,"x":{"a":0,"k":0,"ix":3},"y":{"a":1,"k":[{"i":{"x":[0.667],"y":[1]},"o":{"x":[0.333],"y":[0]},"t":0,"s":[-1.5]},{"i":{"x":[0.667],"y":[1]},"o":{"x":[0.333],"y":[0]},"t":7.5,"s":[1.5]},{"i":{"x":[0.667],"y":[1]},"o":{"x":[0.333],"y":[0]},"t":20,"s":[-1.5]},{"i":{"x":[0.667],"y":[1]},"o":{"x":[0.333],"y":[0]},"t":27.5,"s":[1.5]},{"i":{"x":[0.667],"y":[1]},"o":{"x":[0.333],"y":[0]},"t":37.5,"s":[-1.5]},{"i":{"x":[0.667],"y":[1]},"o":{"x":[0.333],"y":[0]},"t":47.5,"s":[1.5]},{"i":{"x":[0.667],"y":[1]},"o":{"x":[0.333],"y":[0]},"t":60,"s":[-1.5]},{"i":{"x":[0.667],"y":[1]},"o":{"x":[0.333],"y":[0]},"t":67.5,"s":[1.5]},{"i":{"x":[0.667],"y":[1]},"o":{"x":[0.333],"y":[0]},"t":80,"s":[-1.5]},{"i":{"x":[0.667],"y":[1]},"o":{"x":[0.333],"y":[0]},"t":87.5,"s":[1.5]},{"i":{"x":[0.667],"y":[1]},"o":{"x":[0.333],"y":[0]},"t":97.5,"s":[-1.5]},{"i":{"x":[0.667],"y":[1]},"o":{"x":[0.333],"y":[0]},"t":107.5,"s":[1.5]},{"t":120,"s":[-1.5]}],"ix":4}},"a":{"a":0,"k":[0,0,0],"ix":1,"l":2},"s":{"a":0,"k":[12.5,12.5,100],"ix":6,"l":2}},"ao":0,"ip":0,"op":120,"st":0,"bm":0},{"ddd":0,"ind":6,"ty":4,"nm":"eyes ","parent":5,"sr":1,"ks":{"o":{"a":0,"k":100,"ix":11},"r":{"a":0,"k":0,"ix":10},"p":{"s":true,"x":{"a":0,"k":0,"ix":3},"y":{"a":1,"k":[{"i":{"x":[0.5],"y":[1]},"o":{"x":[0.333],"y":[0]},"t":0,"s":[-91.257]},{"i":{"x":[0.667],"y":[1]},"o":{"x":[1],"y":[0]},"t":7.5,"s":[-107.257]},{"i":{"x":[0.833],"y":[0.833]},"o":{"x":[0.333],"y":[0]},"t":20,"s":[-91.257]},{"i":{"x":[0.667],"y":[1]},"o":{"x":[0.167],"y":[0.167]},"t":27.5,"s":[-99.257]},{"i":{"x":[0.5],"y":[1]},"o":{"x":[0.333],"y":[0]},"t":37.5,"s":[-91.257]},{"i":{"x":[0.667],"y":[1]},"o":{"x":[1],"y":[0]},"t":47.5,"s":[-107.257]},{"i":{"x":[0.5],"y":[1]},"o":{"x":[0.333],"y":[0]},"t":60,"s":[-91.257]},{"i":{"x":[0.667],"y":[1]},"o":{"x":[1],"y":[0]},"t":67.5,"s":[-107.257]},{"i":{"x":[0.833],"y":[0.833]},"o":{"x":[0.333],"y":[0]},"t":80,"s":[-91.257]},{"i":{"x":[0.667],"y":[1]},"o":{"x":[0.167],"y":[0.167]},"t":87.5,"s":[-99.257]},{"i":{"x":[0.5],"y":[1]},"o":{"x":[0.333],"y":[0]},"t":97.5,"s":[-91.257]},{"i":{"x":[0.667],"y":[1]},"o":{"x":[1],"y":[0]},"t":107.5,"s":[-107.257]},{"t":120,"s":[-91.257]}],"ix":4}},"a":{"a":0,"k":[261.715,58.532,0],"ix":1,"l":2},"s":{"a":0,"k":[100,100,100],"ix":6,"l":2}},"ao":0,"shapes":[{"ty":"gr","it":[{"ind":0,"ty":"sh","ix":1,"ks":{"a":0,"k":{"i":[[18.743,24.886],[14.6,2.234],[0,0],[6.589,-5.072],[32.781,20.382],[-10.319,18.512],[-24.692,6.618],[-8.464,-0.299],[-4.504,-1.059],[-6.009,-38.624]],"o":[[-9.141,-10.573],[0,0],[-5.564,-0.558],[-22.022,18.167],[-20.842,-14.317],[12.601,-22.045],[8.129,-2.393],[4.649,-0.134],[38.717,6.735],[5.468,32.319]],"v":[[55.887,38.519],[20.767,9.879],[21.567,9.879],[5.006,16.199],[-63.394,44.598],[-62.993,-15.401],[-4.674,-61.721],[20.927,-64.681],[35.086,-63.561],[112.768,16.119]],"c":true},"ix":2},"nm":"Path 1","mn":"ADBE Vector Shape - Group","hd":false},{"ty":"fl","c":{"a":0,"k":[0.258999992819,0.169000004787,0.051000000449,1],"ix":4},"o":{"a":0,"k":100,"ix":5},"r":1,"bm":0,"nm":"Fill 1","mn":"ADBE Vector Graphic - Fill","hd":false},{"ty":"tr","p":{"a":0,"k":[400.942,65.23],"ix":2},"a":{"a":0,"k":[0,0],"ix":1},"s":{"a":0,"k":[100,100],"ix":3},"r":{"a":0,"k":0,"ix":6},"o":{"a":0,"k":100,"ix":7},"sk":{"a":0,"k":0,"ix":4},"sa":{"a":0,"k":0,"ix":5},"nm":"Transform"}],"nm":"Group 1","np":2,"cix":2,"bm":0,"ix":1,"mn":"ADBE Vector Group","hd":false},{"ty":"gr","it":[{"ind":0,"ty":"sh","ix":1,"ks":{"a":0,"k":{"i":[[18.269,24.679],[13.997,1.939],[0,0],[8.05,-9.809],[17.525,12.766],[-10.225,18.571],[-30.088,3.467],[-3.783,0.004],[-4.504,-1.059],[-6.016,-38.838]],"o":[[-8.424,-10.463],[0,0],[-10.284,-2.054],[-11.404,17.03],[-20.857,-14.335],[14.866,-26.118],[3.757,-0.534],[4.649,-0.133],[38.826,6.915],[5.244,32.17]],"v":[[38.127,39.167],[3.247,10.528],[4.046,10.528],[-29.633,33.728],[-80.594,45.567],[-80.273,-14.432],[-8.593,-63.313],[4.127,-63.712],[18.286,-62.592],[96.208,17.167]],"c":true},"ix":2},"nm":"Path 1","mn":"ADBE Vector Shape - Group","hd":false},{"ty":"fl","c":{"a":0,"k":[0.258999992819,0.169000004787,0.051000000449,1],"ix":4},"o":{"a":0,"k":100,"ix":5},"r":1,"bm":0,"nm":"Fill 1","mn":"ADBE Vector Graphic - Fill","hd":false},{"ty":"tr","p":{"a":0,"k":[101.702,64.582],"ix":2},"a":{"a":0,"k":[0,0],"ix":1},"s":{"a":0,"k":[100,100],"ix":3},"r":{"a":0,"k":0,"ix":6},"o":{"a":0,"k":100,"ix":7},"sk":{"a":0,"k":0,"ix":4},"sa":{"a":0,"k":0,"ix":5},"nm":"Transform"}],"nm":"Group 2","np":2,"cix":2,"bm":0,"ix":2,"mn":"ADBE Vector Group","hd":false}],"ip":0,"op":120,"st":0,"bm":0},{"ddd":0,"ind":7,"ty":4,"nm":"mouth matte","parent":9,"td":1,"sr":1,"ks":{"o":{"a":0,"k":100,"ix":11},"r":{"a":0,"k":0,"ix":10},"p":{"a":0,"k":[0.422,7.458,0],"ix":2,"l":2},"a":{"a":0,"k":[0.422,7.458,0],"ix":1,"l":2},"s":{"a":0,"k":[100,100,100],"ix":6,"l":2}},"ao":0,"shapes":[{"ty":"gr","it":[{"ind":0,"ty":"sh","ix":1,"ks":{"a":1,"k":[{"i":{"x":0.5,"y":1},"o":{"x":0.333,"y":0},"t":0,"s":[{"i":[[21.8,15.934],[52.159,-10.253],[66.119,0],[36.883,10.548],[15.287,-16.477],[-9.2,-20],[-138.4,-0.4],[0,0],[-51.4,112.8]],"o":[[-16.534,-12.085],[-52.159,10.253],[-66.119,0],[-36.883,-10.548],[-15.287,16.477],[51.2,112.8],[0,0],[138.4,0],[9.1,-20.3]],"v":[[292.6,-110.9],[182.5,-98.9],[-0.2,-83.5],[-202.9,-106.9],[-294.9,-113.1],[-303.7,-44.7],[-0.9,136.1],[0.4,136.1],[303.4,-44.6]],"c":true}]},{"i":{"x":0.667,"y":1},"o":{"x":1,"y":0},"t":7.5,"s":[{"i":[[21.8,15.934],[52.159,-10.253],[66.119,0],[36.883,10.548],[15.287,-16.477],[-9.2,-23.576],[-138.4,-0.4],[0,0],[-51.4,132.97]],"o":[[-16.534,-12.085],[-52.159,10.253],[-66.119,0],[-36.883,-10.548],[-15.287,16.477],[51.2,132.97],[0,0],[138.4,0],[9.1,-23.93]],"v":[[292.6,-122.9],[182.5,-110.9],[-0.2,-95.5],[-202.9,-118.9],[-294.9,-125.1],[-303.7,-53.088],[-0.9,136.1],[0.4,136.1],[303.4,-52.97]],"c":true}]},{"i":{"x":0.833,"y":0.833},"o":{"x":0.333,"y":0},"t":20,"s":[{"i":[[21.8,15.934],[52.159,-10.253],[66.119,0],[36.883,10.548],[15.287,-16.477],[-9.2,-20],[-138.4,-0.4],[0,0],[-51.4,112.8]],"o":[[-16.534,-12.085],[-52.159,10.253],[-66.119,0],[-36.883,-10.548],[-15.287,16.477],[51.2,112.8],[0,0],[138.4,0],[9.1,-20.3]],"v":[[292.6,-110.9],[182.5,-98.9],[-0.2,-83.5],[-202.9,-106.9],[-294.9,-113.1],[-303.7,-44.7],[-0.9,136.1],[0.4,136.1],[303.4,-44.6]],"c":true}]},{"i":{"x":0.667,"y":1},"o":{"x":0.167,"y":0.167},"t":27.5,"s":[{"i":[[21.8,15.934],[52.159,-10.253],[66.119,0],[36.883,10.548],[15.287,-16.477],[-9.2,-21.788],[-138.4,-0.4],[0,0],[-51.4,122.885]],"o":[[-16.534,-12.085],[-52.159,10.253],[-66.119,0],[-36.883,-10.548],[-15.287,16.477],[51.2,122.885],[0,0],[138.4,0],[9.1,-22.115]],"v":[[292.6,-116.9],[182.5,-104.9],[-0.2,-89.5],[-202.9,-112.9],[-294.9,-119.1],[-303.7,-48.894],[-0.9,144.1],[0.4,144.1],[303.4,-48.785]],"c":true}]},{"i":{"x":0.5,"y":1},"o":{"x":0.333,"y":0},"t":37.5,"s":[{"i":[[21.8,15.934],[52.159,-10.253],[66.119,0],[36.883,10.548],[15.287,-16.477],[-9.2,-20],[-138.4,-0.4],[0,0],[-51.4,112.8]],"o":[[-16.534,-12.085],[-52.159,10.253],[-66.119,0],[-36.883,-10.548],[-15.287,16.477],[51.2,112.8],[0,0],[138.4,0],[9.1,-20.3]],"v":[[292.6,-110.9],[182.5,-98.9],[-0.2,-83.5],[-202.9,-106.9],[-294.9,-113.1],[-303.7,-44.7],[-0.9,136.1],[0.4,136.1],[303.4,-44.6]],"c":true}]},{"i":{"x":0.667,"y":1},"o":{"x":1,"y":0},"t":47.5,"s":[{"i":[[21.8,15.934],[52.159,-10.253],[66.119,0],[36.883,10.548],[15.287,-16.477],[-9.2,-23.576],[-138.4,-0.4],[0,0],[-51.4,132.97]],"o":[[-16.534,-12.085],[-52.159,10.253],[-66.119,0],[-36.883,-10.548],[-15.287,16.477],[51.2,132.97],[0,0],[138.4,0],[9.1,-23.93]],"v":[[292.6,-122.9],[182.5,-110.9],[-0.2,-95.5],[-202.9,-118.9],[-294.9,-125.1],[-303.7,-53.088],[-0.9,136.1],[0.4,136.1],[303.4,-52.97]],"c":true}]},{"i":{"x":0.5,"y":1},"o":{"x":0.333,"y":0},"t":60,"s":[{"i":[[21.8,15.934],[52.159,-10.253],[66.119,0],[36.883,10.548],[15.287,-16.477],[-9.2,-20],[-138.4,-0.4],[0,0],[-51.4,112.8]],"o":[[-16.534,-12.085],[-52.159,10.253],[-66.119,0],[-36.883,-10.548],[-15.287,16.477],[51.2,112.8],[0,0],[138.4,0],[9.1,-20.3]],"v":[[292.6,-110.9],[182.5,-98.9],[-0.2,-83.5],[-202.9,-106.9],[-294.9,-113.1],[-303.7,-44.7],[-0.9,136.1],[0.4,136.1],[303.4,-44.6]],"c":true}]},{"i":{"x":0.667,"y":1},"o":{"x":1,"y":0},"t":67.5,"s":[{"i":[[21.8,15.934],[52.159,-10.253],[66.119,0],[36.883,10.548],[15.287,-16.477],[-9.2,-23.576],[-138.4,-0.4],[0,0],[-51.4,132.97]],"o":[[-16.534,-12.085],[-52.159,10.253],[-66.119,0],[-36.883,-10.548],[-15.287,16.477],[51.2,132.97],[0,0],[138.4,0],[9.1,-23.93]],"v":[[292.6,-122.9],[182.5,-110.9],[-0.2,-95.5],[-202.9,-118.9],[-294.9,-125.1],[-303.7,-53.088],[-0.9,136.1],[0.4,136.1],[303.4,-52.97]],"c":true}]},{"i":{"x":0.833,"y":0.833},"o":{"x":0.333,"y":0},"t":80,"s":[{"i":[[21.8,15.934],[52.159,-10.253],[66.119,0],[36.883,10.548],[15.287,-16.477],[-9.2,-20],[-138.4,-0.4],[0,0],[-51.4,112.8]],"o":[[-16.534,-12.085],[-52.159,10.253],[-66.119,0],[-36.883,-10.548],[-15.287,16.477],[51.2,112.8],[0,0],[138.4,0],[9.1,-20.3]],"v":[[292.6,-110.9],[182.5,-98.9],[-0.2,-83.5],[-202.9,-106.9],[-294.9,-113.1],[-303.7,-44.7],[-0.9,136.1],[0.4,136.1],[303.4,-44.6]],"c":true}]},{"i":{"x":0.667,"y":1},"o":{"x":0.167,"y":0.167},"t":87.5,"s":[{"i":[[21.8,15.934],[52.159,-10.253],[66.119,0],[36.883,10.548],[15.287,-16.477],[-9.2,-21.788],[-138.4,-0.4],[0,0],[-51.4,122.885]],"o":[[-16.534,-12.085],[-52.159,10.253],[-66.119,0],[-36.883,-10.548],[-15.287,16.477],[51.2,122.885],[0,0],[138.4,0],[9.1,-22.115]],"v":[[292.6,-116.9],[182.5,-104.9],[-0.2,-89.5],[-202.9,-112.9],[-294.9,-119.1],[-303.7,-48.894],[-0.9,144.1],[0.4,144.1],[303.4,-48.785]],"c":true}]},{"i":{"x":0.5,"y":1},"o":{"x":0.333,"y":0},"t":97.5,"s":[{"i":[[21.8,15.934],[52.159,-10.253],[66.119,0],[36.883,10.548],[15.287,-16.477],[-9.2,-20],[-138.4,-0.4],[0,0],[-51.4,112.8]],"o":[[-16.534,-12.085],[-52.159,10.253],[-66.119,0],[-36.883,-10.548],[-15.287,16.477],[51.2,112.8],[0,0],[138.4,0],[9.1,-20.3]],"v":[[292.6,-110.9],[182.5,-98.9],[-0.2,-83.5],[-202.9,-106.9],[-294.9,-113.1],[-303.7,-44.7],[-0.9,136.1],[0.4,136.1],[303.4,-44.6]],"c":true}]},{"i":{"x":0.667,"y":1},"o":{"x":1,"y":0},"t":107.5,"s":[{"i":[[21.8,15.934],[52.159,-10.253],[66.119,0],[36.883,10.548],[15.287,-16.477],[-9.2,-23.576],[-138.4,-0.4],[0,0],[-51.4,132.97]],"o":[[-16.534,-12.085],[-52.159,10.253],[-66.119,0],[-36.883,-10.548],[-15.287,16.477],[51.2,132.97],[0,0],[138.4,0],[9.1,-23.93]],"v":[[292.6,-122.9],[182.5,-110.9],[-0.2,-95.5],[-202.9,-118.9],[-294.9,-125.1],[-303.7,-53.088],[-0.9,136.1],[0.4,136.1],[303.4,-52.97]],"c":true}]},{"t":120,"s":[{"i":[[21.8,15.934],[52.159,-10.253],[66.119,0],[36.883,10.548],[15.287,-16.477],[-9.2,-20],[-138.4,-0.4],[0,0],[-51.4,112.8]],"o":[[-16.534,-12.085],[-52.159,10.253],[-66.119,0],[-36.883,-10.548],[-15.287,16.477],[51.2,112.8],[0,0],[138.4,0],[9.1,-20.3]],"v":[[292.6,-110.9],[182.5,-98.9],[-0.2,-83.5],[-202.9,-106.9],[-294.9,-113.1],[-303.7,-44.7],[-0.9,136.1],[0.4,136.1],[303.4,-44.6]],"c":true}]}],"ix":2},"nm":"Path 1","mn":"ADBE Vector Shape - Group","hd":false},{"ty":"fl","c":{"a":0,"k":[0.258823529412,0.16862745098,0.050980392157,1],"ix":4},"o":{"a":0,"k":100,"ix":5},"r":1,"bm":0,"nm":"Fill 1","mn":"ADBE Vector Graphic - Fill","hd":false},{"ty":"tr","p":{"a":0,"k":[0,0],"ix":2},"a":{"a":0,"k":[0,0],"ix":1},"s":{"a":0,"k":[100,100],"ix":3},"r":{"a":0,"k":0,"ix":6},"o":{"a":0,"k":100,"ix":7},"sk":{"a":0,"k":0,"ix":4},"sa":{"a":0,"k":0,"ix":5},"nm":"Transform"}],"nm":"Shape 4","np":3,"cix":2,"bm":0,"ix":1,"mn":"ADBE Vector Group","hd":false}],"ip":0,"op":120,"st":0,"bm":0},{"ddd":0,"ind":8,"ty":4,"nm":"tongue","parent":9,"tt":1,"sr":1,"ks":{"o":{"a":0,"k":100,"ix":11},"r":{"a":0,"k":0,"ix":10},"p":{"s":true,"x":{"a":0,"k":-1.4,"ix":3},"y":{"a":0,"k":109.132,"ix":4}},"a":{"a":0,"k":[-1.4,109.132,0],"ix":1,"l":2},"s":{"a":0,"k":[100,100,100],"ix":6,"l":2}},"ao":0,"shapes":[{"ty":"gr","it":[{"ind":0,"ty":"sh","ix":1,"ks":{"a":1,"k":[{"i":{"x":0.5,"y":1},"o":{"x":0.333,"y":0},"t":0,"s":[{"i":[[32.458,30.685],[43.5,-0.9],[30.5,-25.4],[1.9,-2.6],[-65,0],[-42.4,15.9]],"o":[[-29.3,-27.7],[-44.8,-0.7],[-30.5,25.4],[44,17.2],[65,0],[-1.7,-3.1]],"v":[[118.8,96.2],[0.4,52.9],[-123,95.1],[-160.2,133.1],[-0.5,165.4],[157.4,138.4]],"c":true}]},{"i":{"x":0.667,"y":1},"o":{"x":1,"y":0},"t":7.5,"s":[{"i":[[32.458,30.685],[43.5,-0.9],[30.5,-25.4],[1.9,-2.6],[-65,0],[-42.4,15.9]],"o":[[-29.3,-27.7],[-44.8,-0.7],[-30.5,25.4],[44,17.2],[65,0],[-1.7,-3.1]],"v":[[118.8,88.2],[0.4,44.9],[-123,87.1],[-160.2,125.1],[-0.5,157.4],[157.4,130.4]],"c":true}]},{"i":{"x":0.833,"y":0.833},"o":{"x":0.333,"y":0},"t":20,"s":[{"i":[[32.458,30.685],[43.5,-0.9],[30.5,-25.4],[1.9,-2.6],[-65,0],[-42.4,15.9]],"o":[[-29.3,-27.7],[-44.8,-0.7],[-30.5,25.4],[44,17.2],[65,0],[-1.7,-3.1]],"v":[[118.8,96.2],[0.4,52.9],[-123,95.1],[-160.2,133.1],[-0.5,165.4],[157.4,138.4]],"c":true}]},{"i":{"x":0.667,"y":1},"o":{"x":0.167,"y":0.167},"t":27.5,"s":[{"i":[[32.458,30.685],[43.5,-0.9],[30.5,-25.4],[1.9,-2.6],[-65,0],[-42.4,15.9]],"o":[[-29.3,-27.7],[-44.8,-0.7],[-30.5,25.4],[44,17.2],[65,0],[-1.7,-3.1]],"v":[[118.8,100.2],[0.4,56.9],[-123,99.1],[-160.2,137.1],[-0.5,169.4],[157.4,142.4]],"c":true}]},{"i":{"x":0.5,"y":1},"o":{"x":0.333,"y":0},"t":37.5,"s":[{"i":[[32.458,30.685],[43.5,-0.9],[30.5,-25.4],[1.9,-2.6],[-65,0],[-42.4,15.9]],"o":[[-29.3,-27.7],[-44.8,-0.7],[-30.5,25.4],[44,17.2],[65,0],[-1.7,-3.1]],"v":[[118.8,96.2],[0.4,52.9],[-123,95.1],[-160.2,133.1],[-0.5,165.4],[157.4,138.4]],"c":true}]},{"i":{"x":0.667,"y":1},"o":{"x":1,"y":0},"t":47.5,"s":[{"i":[[32.458,30.685],[43.5,-0.9],[30.5,-25.4],[1.9,-2.6],[-65,0],[-42.4,15.9]],"o":[[-29.3,-27.7],[-44.8,-0.7],[-30.5,25.4],[44,17.2],[65,0],[-1.7,-3.1]],"v":[[118.8,88.2],[0.4,44.9],[-123,87.1],[-160.2,125.1],[-0.5,157.4],[157.4,130.4]],"c":true}]},{"i":{"x":0.5,"y":1},"o":{"x":0.333,"y":0},"t":60,"s":[{"i":[[32.458,30.685],[43.5,-0.9],[30.5,-25.4],[1.9,-2.6],[-65,0],[-42.4,15.9]],"o":[[-29.3,-27.7],[-44.8,-0.7],[-30.5,25.4],[44,17.2],[65,0],[-1.7,-3.1]],"v":[[118.8,96.2],[0.4,52.9],[-123,95.1],[-160.2,133.1],[-0.5,165.4],[157.4,138.4]],"c":true}]},{"i":{"x":0.667,"y":1},"o":{"x":1,"y":0},"t":67.5,"s":[{"i":[[32.458,30.685],[43.5,-0.9],[30.5,-25.4],[1.9,-2.6],[-65,0],[-42.4,15.9]],"o":[[-29.3,-27.7],[-44.8,-0.7],[-30.5,25.4],[44,17.2],[65,0],[-1.7,-3.1]],"v":[[118.8,88.2],[0.4,44.9],[-123,87.1],[-160.2,125.1],[-0.5,157.4],[157.4,130.4]],"c":true}]},{"i":{"x":0.833,"y":0.833},"o":{"x":0.333,"y":0},"t":80,"s":[{"i":[[32.458,30.685],[43.5,-0.9],[30.5,-25.4],[1.9,-2.6],[-65,0],[-42.4,15.9]],"o":[[-29.3,-27.7],[-44.8,-0.7],[-30.5,25.4],[44,17.2],[65,0],[-1.7,-3.1]],"v":[[118.8,96.2],[0.4,52.9],[-123,95.1],[-160.2,133.1],[-0.5,165.4],[157.4,138.4]],"c":true}]},{"i":{"x":0.667,"y":1},"o":{"x":0.167,"y":0.167},"t":87.5,"s":[{"i":[[32.458,30.685],[43.5,-0.9],[30.5,-25.4],[1.9,-2.6],[-65,0],[-42.4,15.9]],"o":[[-29.3,-27.7],[-44.8,-0.7],[-30.5,25.4],[44,17.2],[65,0],[-1.7,-3.1]],"v":[[118.8,100.2],[0.4,56.9],[-123,99.1],[-160.2,137.1],[-0.5,169.4],[157.4,142.4]],"c":true}]},{"i":{"x":0.5,"y":1},"o":{"x":0.333,"y":0},"t":97.5,"s":[{"i":[[32.458,30.685],[43.5,-0.9],[30.5,-25.4],[1.9,-2.6],[-65,0],[-42.4,15.9]],"o":[[-29.3,-27.7],[-44.8,-0.7],[-30.5,25.4],[44,17.2],[65,0],[-1.7,-3.1]],"v":[[118.8,96.2],[0.4,52.9],[-123,95.1],[-160.2,133.1],[-0.5,165.4],[157.4,138.4]],"c":true}]},{"i":{"x":0.667,"y":1},"o":{"x":1,"y":0},"t":107.5,"s":[{"i":[[32.458,30.685],[43.5,-0.9],[30.5,-25.4],[1.9,-2.6],[-65,0],[-42.4,15.9]],"o":[[-29.3,-27.7],[-44.8,-0.7],[-30.5,25.4],[44,17.2],[65,0],[-1.7,-3.1]],"v":[[118.8,88.2],[0.4,44.9],[-123,87.1],[-160.2,125.1],[-0.5,157.4],[157.4,130.4]],"c":true}]},{"t":120,"s":[{"i":[[32.458,30.685],[43.5,-0.9],[30.5,-25.4],[1.9,-2.6],[-65,0],[-42.4,15.9]],"o":[[-29.3,-27.7],[-44.8,-0.7],[-30.5,25.4],[44,17.2],[65,0],[-1.7,-3.1]],"v":[[118.8,96.2],[0.4,52.9],[-123,95.1],[-160.2,133.1],[-0.5,165.4],[157.4,138.4]],"c":true}]}],"ix":2},"nm":"Path 1","mn":"ADBE Vector Shape - Group","hd":false},{"ty":"fl","c":{"a":0,"k":[0.929411764706,0.466666666667,0.439215686275,1],"ix":4},"o":{"a":0,"k":100,"ix":5},"r":1,"bm":0,"nm":"Fill 1","mn":"ADBE Vector Graphic - Fill","hd":false},{"ty":"tr","p":{"a":0,"k":[0,0],"ix":2},"a":{"a":0,"k":[0,0],"ix":1},"s":{"a":0,"k":[100,100],"ix":3},"r":{"a":0,"k":0,"ix":6},"o":{"a":0,"k":100,"ix":7},"sk":{"a":0,"k":0,"ix":4},"sa":{"a":0,"k":0,"ix":5},"nm":"Transform"}],"nm":"Shape 3","np":3,"cix":2,"bm":0,"ix":1,"mn":"ADBE Vector Group","hd":false}],"ip":0,"op":120,"st":0,"bm":0},{"ddd":0,"ind":9,"ty":4,"nm":"mouth","parent":5,"sr":1,"ks":{"o":{"a":0,"k":100,"ix":11},"r":{"a":0,"k":0,"ix":10},"p":{"a":0,"k":[0,172.075,0],"ix":2,"l":2},"a":{"a":0,"k":[-0.006,2.075,0],"ix":1,"l":2},"s":{"a":0,"k":[100,100,100],"ix":6,"l":2}},"ao":0,"shapes":[{"ty":"gr","it":[{"ind":0,"ty":"sh","ix":1,"ks":{"a":1,"k":[{"i":{"x":0.5,"y":1},"o":{"x":0.333,"y":0},"t":0,"s":[{"i":[[10.9,20.2],[21.7,-8.2],[85.4,0.4],[82.1,23.9],[11.2,-20.2],[-9.2,-20],[-5.1,-8.6],[-14.6,18.1],[-9.1,0.5],[-3.6,-1.2],[-87.1,0.2],[0,0],[-83.5,24.6],[-3.7,0],[-5,-7.7],[0,0],[-4.2,9.1]],"o":[[-11.4,-20.2],[-82.1,23.9],[-85.5,0.4],[-21.5,-8.2],[-10.9,20.1],[4.1,9],[0,0],[5,-7.7],[3.8,0],[83.5,24.6],[0,0],[87.1,0.2],[3.6,-1.1],[9.1,0.5],[14.8,18.1],[5,-8.6],[8.8,-20.1]],"v":[[309.9,-107.9],[252.4,-128.9],[-0.2,-93.5],[-252.9,-128.9],[-309.9,-108.1],[-303.7,-44.7],[-290,-18.2],[-292.2,-98.5],[-269.8,-111.5],[-258.8,-109.7],[-1.5,-72.9],[1.3,-72.9],[258.6,-109.7],[269.6,-111.5],[292.1,-98.5],[289.9,-17.9],[304,-44.4]],"c":true}]},{"i":{"x":0.667,"y":1},"o":{"x":1,"y":0},"t":7.5,"s":[{"i":[[10.9,20.2],[21.7,-8.2],[85.4,0.4],[82.1,23.9],[11.2,-20.2],[-9.2,-23.576],[-5.1,-10.138],[-14.6,18.1],[-9.1,0.5],[-3.6,-1.2],[-87.1,0.2],[0,0],[-83.5,24.6],[-3.7,0],[-5,-7.7],[0,0],[-4.2,10.727]],"o":[[-11.4,-20.2],[-82.1,23.9],[-85.5,0.4],[-21.5,-8.2],[-10.9,20.1],[4.1,10.609],[0,0],[5,-7.7],[3.8,0],[83.5,24.6],[0,0],[87.1,0.2],[3.6,-1.1],[9.1,0.5],[14.8,18.1],[5,-10.138],[8.8,-23.694]],"v":[[309.9,-119.9],[252.4,-140.9],[-0.2,-105.5],[-252.9,-140.9],[-309.9,-120.1],[-303.7,-53.088],[-290,-21.849],[-292.2,-110.5],[-269.8,-123.5],[-258.8,-121.7],[-1.5,-84.9],[1.3,-84.9],[258.6,-121.7],[269.6,-123.5],[292.1,-110.5],[289.9,-21.496],[304,-52.734]],"c":true}]},{"i":{"x":0.833,"y":0.833},"o":{"x":0.333,"y":0},"t":20,"s":[{"i":[[10.9,20.2],[21.7,-8.2],[85.4,0.4],[82.1,23.9],[11.2,-20.2],[-9.2,-20],[-5.1,-8.6],[-14.6,18.1],[-9.1,0.5],[-3.6,-1.2],[-87.1,0.2],[0,0],[-83.5,24.6],[-3.7,0],[-5,-7.7],[0,0],[-4.2,9.1]],"o":[[-11.4,-20.2],[-82.1,23.9],[-85.5,0.4],[-21.5,-8.2],[-10.9,20.1],[4.1,9],[0,0],[5,-7.7],[3.8,0],[83.5,24.6],[0,0],[87.1,0.2],[3.6,-1.1],[9.1,0.5],[14.8,18.1],[5,-8.6],[8.8,-20.1]],"v":[[309.9,-107.9],[252.4,-128.9],[-0.2,-93.5],[-252.9,-128.9],[-309.9,-108.1],[-303.7,-44.7],[-290,-18.2],[-292.2,-98.5],[-269.8,-111.5],[-258.8,-109.7],[-1.5,-72.9],[1.3,-72.9],[258.6,-109.7],[269.6,-111.5],[292.1,-98.5],[289.9,-17.9],[304,-44.4]],"c":true}]},{"i":{"x":0.667,"y":1},"o":{"x":0.167,"y":0.167},"t":27.5,"s":[{"i":[[10.9,20.2],[21.7,-8.2],[85.4,0.4],[82.1,23.9],[11.2,-20.2],[-9.2,-21.788],[-5.1,-9.369],[-14.6,18.1],[-9.1,0.5],[-3.6,-1.2],[-87.1,0.2],[0,0],[-83.5,24.6],[-3.7,0],[-5,-7.7],[0,0],[-4.2,9.914]],"o":[[-11.4,-20.2],[-82.1,23.9],[-85.5,0.4],[-21.5,-8.2],[-10.9,20.1],[4.1,9.805],[0,0],[5,-7.7],[3.8,0],[83.5,24.6],[0,0],[87.1,0.2],[3.6,-1.1],[9.1,0.5],[14.8,18.1],[5,-9.369],[8.8,-21.897]],"v":[[309.9,-113.9],[252.4,-134.9],[-0.2,-99.5],[-252.9,-134.9],[-309.9,-114.1],[-303.7,-48.894],[-290,-20.025],[-292.2,-104.5],[-269.8,-117.5],[-258.8,-115.7],[-1.5,-78.9],[1.3,-78.9],[258.6,-115.7],[269.6,-117.5],[292.1,-104.5],[289.9,-19.698],[304,-48.567]],"c":true}]},{"i":{"x":0.5,"y":1},"o":{"x":0.333,"y":0},"t":37.5,"s":[{"i":[[10.9,20.2],[21.7,-8.2],[85.4,0.4],[82.1,23.9],[11.2,-20.2],[-9.2,-20],[-5.1,-8.6],[-14.6,18.1],[-9.1,0.5],[-3.6,-1.2],[-87.1,0.2],[0,0],[-83.5,24.6],[-3.7,0],[-5,-7.7],[0,0],[-4.2,9.1]],"o":[[-11.4,-20.2],[-82.1,23.9],[-85.5,0.4],[-21.5,-8.2],[-10.9,20.1],[4.1,9],[0,0],[5,-7.7],[3.8,0],[83.5,24.6],[0,0],[87.1,0.2],[3.6,-1.1],[9.1,0.5],[14.8,18.1],[5,-8.6],[8.8,-20.1]],"v":[[309.9,-107.9],[252.4,-128.9],[-0.2,-93.5],[-252.9,-128.9],[-309.9,-108.1],[-303.7,-44.7],[-290,-18.2],[-292.2,-98.5],[-269.8,-111.5],[-258.8,-109.7],[-1.5,-72.9],[1.3,-72.9],[258.6,-109.7],[269.6,-111.5],[292.1,-98.5],[289.9,-17.9],[304,-44.4]],"c":true}]},{"i":{"x":0.667,"y":1},"o":{"x":1,"y":0},"t":47.5,"s":[{"i":[[10.9,20.2],[21.7,-8.2],[85.4,0.4],[82.1,23.9],[11.2,-20.2],[-9.2,-23.576],[-5.1,-10.138],[-14.6,18.1],[-9.1,0.5],[-3.6,-1.2],[-87.1,0.2],[0,0],[-83.5,24.6],[-3.7,0],[-5,-7.7],[0,0],[-4.2,10.727]],"o":[[-11.4,-20.2],[-82.1,23.9],[-85.5,0.4],[-21.5,-8.2],[-10.9,20.1],[4.1,10.609],[0,0],[5,-7.7],[3.8,0],[83.5,24.6],[0,0],[87.1,0.2],[3.6,-1.1],[9.1,0.5],[14.8,18.1],[5,-10.138],[8.8,-23.694]],"v":[[309.9,-119.9],[252.4,-140.9],[-0.2,-105.5],[-252.9,-140.9],[-309.9,-120.1],[-303.7,-53.088],[-290,-21.849],[-292.2,-110.5],[-269.8,-123.5],[-258.8,-121.7],[-1.5,-84.9],[1.3,-84.9],[258.6,-121.7],[269.6,-123.5],[292.1,-110.5],[289.9,-21.496],[304,-52.734]],"c":true}]},{"i":{"x":0.5,"y":1},"o":{"x":0.333,"y":0},"t":60,"s":[{"i":[[10.9,20.2],[21.7,-8.2],[85.4,0.4],[82.1,23.9],[11.2,-20.2],[-9.2,-20],[-5.1,-8.6],[-14.6,18.1],[-9.1,0.5],[-3.6,-1.2],[-87.1,0.2],[0,0],[-83.5,24.6],[-3.7,0],[-5,-7.7],[0,0],[-4.2,9.1]],"o":[[-11.4,-20.2],[-82.1,23.9],[-85.5,0.4],[-21.5,-8.2],[-10.9,20.1],[4.1,9],[0,0],[5,-7.7],[3.8,0],[83.5,24.6],[0,0],[87.1,0.2],[3.6,-1.1],[9.1,0.5],[14.8,18.1],[5,-8.6],[8.8,-20.1]],"v":[[309.9,-107.9],[252.4,-128.9],[-0.2,-93.5],[-252.9,-128.9],[-309.9,-108.1],[-303.7,-44.7],[-290,-18.2],[-292.2,-98.5],[-269.8,-111.5],[-258.8,-109.7],[-1.5,-72.9],[1.3,-72.9],[258.6,-109.7],[269.6,-111.5],[292.1,-98.5],[289.9,-17.9],[304,-44.4]],"c":true}]},{"i":{"x":0.667,"y":1},"o":{"x":1,"y":0},"t":67.5,"s":[{"i":[[10.9,20.2],[21.7,-8.2],[85.4,0.4],[82.1,23.9],[11.2,-20.2],[-9.2,-23.576],[-5.1,-10.138],[-14.6,18.1],[-9.1,0.5],[-3.6,-1.2],[-87.1,0.2],[0,0],[-83.5,24.6],[-3.7,0],[-5,-7.7],[0,0],[-4.2,10.727]],"o":[[-11.4,-20.2],[-82.1,23.9],[-85.5,0.4],[-21.5,-8.2],[-10.9,20.1],[4.1,10.609],[0,0],[5,-7.7],[3.8,0],[83.5,24.6],[0,0],[87.1,0.2],[3.6,-1.1],[9.1,0.5],[14.8,18.1],[5,-10.138],[8.8,-23.694]],"v":[[309.9,-119.9],[252.4,-140.9],[-0.2,-105.5],[-252.9,-140.9],[-309.9,-120.1],[-303.7,-53.088],[-290,-21.849],[-292.2,-110.5],[-269.8,-123.5],[-258.8,-121.7],[-1.5,-84.9],[1.3,-84.9],[258.6,-121.7],[269.6,-123.5],[292.1,-110.5],[289.9,-21.496],[304,-52.734]],"c":true}]},{"i":{"x":0.833,"y":0.833},"o":{"x":0.333,"y":0},"t":80,"s":[{"i":[[10.9,20.2],[21.7,-8.2],[85.4,0.4],[82.1,23.9],[11.2,-20.2],[-9.2,-20],[-5.1,-8.6],[-14.6,18.1],[-9.1,0.5],[-3.6,-1.2],[-87.1,0.2],[0,0],[-83.5,24.6],[-3.7,0],[-5,-7.7],[0,0],[-4.2,9.1]],"o":[[-11.4,-20.2],[-82.1,23.9],[-85.5,0.4],[-21.5,-8.2],[-10.9,20.1],[4.1,9],[0,0],[5,-7.7],[3.8,0],[83.5,24.6],[0,0],[87.1,0.2],[3.6,-1.1],[9.1,0.5],[14.8,18.1],[5,-8.6],[8.8,-20.1]],"v":[[309.9,-107.9],[252.4,-128.9],[-0.2,-93.5],[-252.9,-128.9],[-309.9,-108.1],[-303.7,-44.7],[-290,-18.2],[-292.2,-98.5],[-269.8,-111.5],[-258.8,-109.7],[-1.5,-72.9],[1.3,-72.9],[258.6,-109.7],[269.6,-111.5],[292.1,-98.5],[289.9,-17.9],[304,-44.4]],"c":true}]},{"i":{"x":0.667,"y":1},"o":{"x":0.167,"y":0.167},"t":87.5,"s":[{"i":[[10.9,20.2],[21.7,-8.2],[85.4,0.4],[82.1,23.9],[11.2,-20.2],[-9.2,-21.788],[-5.1,-9.369],[-14.6,18.1],[-9.1,0.5],[-3.6,-1.2],[-87.1,0.2],[0,0],[-83.5,24.6],[-3.7,0],[-5,-7.7],[0,0],[-4.2,9.914]],"o":[[-11.4,-20.2],[-82.1,23.9],[-85.5,0.4],[-21.5,-8.2],[-10.9,20.1],[4.1,9.805],[0,0],[5,-7.7],[3.8,0],[83.5,24.6],[0,0],[87.1,0.2],[3.6,-1.1],[9.1,0.5],[14.8,18.1],[5,-9.369],[8.8,-21.897]],"v":[[309.9,-113.9],[252.4,-134.9],[-0.2,-99.5],[-252.9,-134.9],[-309.9,-114.1],[-303.7,-48.894],[-290,-20.025],[-292.2,-104.5],[-269.8,-117.5],[-258.8,-115.7],[-1.5,-78.9],[1.3,-78.9],[258.6,-115.7],[269.6,-117.5],[292.1,-104.5],[289.9,-19.698],[304,-48.567]],"c":true}]},{"i":{"x":0.5,"y":1},"o":{"x":0.333,"y":0},"t":97.5,"s":[{"i":[[10.9,20.2],[21.7,-8.2],[85.4,0.4],[82.1,23.9],[11.2,-20.2],[-9.2,-20],[-5.1,-8.6],[-14.6,18.1],[-9.1,0.5],[-3.6,-1.2],[-87.1,0.2],[0,0],[-83.5,24.6],[-3.7,0],[-5,-7.7],[0,0],[-4.2,9.1]],"o":[[-11.4,-20.2],[-82.1,23.9],[-85.5,0.4],[-21.5,-8.2],[-10.9,20.1],[4.1,9],[0,0],[5,-7.7],[3.8,0],[83.5,24.6],[0,0],[87.1,0.2],[3.6,-1.1],[9.1,0.5],[14.8,18.1],[5,-8.6],[8.8,-20.1]],"v":[[309.9,-107.9],[252.4,-128.9],[-0.2,-93.5],[-252.9,-128.9],[-309.9,-108.1],[-303.7,-44.7],[-290,-18.2],[-292.2,-98.5],[-269.8,-111.5],[-258.8,-109.7],[-1.5,-72.9],[1.3,-72.9],[258.6,-109.7],[269.6,-111.5],[292.1,-98.5],[289.9,-17.9],[304,-44.4]],"c":true}]},{"i":{"x":0.667,"y":1},"o":{"x":1,"y":0},"t":107.5,"s":[{"i":[[10.9,20.2],[21.7,-8.2],[85.4,0.4],[82.1,23.9],[11.2,-20.2],[-9.2,-23.576],[-5.1,-10.138],[-14.6,18.1],[-9.1,0.5],[-3.6,-1.2],[-87.1,0.2],[0,0],[-83.5,24.6],[-3.7,0],[-5,-7.7],[0,0],[-4.2,10.727]],"o":[[-11.4,-20.2],[-82.1,23.9],[-85.5,0.4],[-21.5,-8.2],[-10.9,20.1],[4.1,10.609],[0,0],[5,-7.7],[3.8,0],[83.5,24.6],[0,0],[87.1,0.2],[3.6,-1.1],[9.1,0.5],[14.8,18.1],[5,-10.138],[8.8,-23.694]],"v":[[309.9,-119.9],[252.4,-140.9],[-0.2,-105.5],[-252.9,-140.9],[-309.9,-120.1],[-303.7,-53.088],[-290,-21.849],[-292.2,-110.5],[-269.8,-123.5],[-258.8,-121.7],[-1.5,-84.9],[1.3,-84.9],[258.6,-121.7],[269.6,-123.5],[292.1,-110.5],[289.9,-21.496],[304,-52.734]],"c":true}]},{"t":120,"s":[{"i":[[10.9,20.2],[21.7,-8.2],[85.4,0.4],[82.1,23.9],[11.2,-20.2],[-9.2,-20],[-5.1,-8.6],[-14.6,18.1],[-9.1,0.5],[-3.6,-1.2],[-87.1,0.2],[0,0],[-83.5,24.6],[-3.7,0],[-5,-7.7],[0,0],[-4.2,9.1]],"o":[[-11.4,-20.2],[-82.1,23.9],[-85.5,0.4],[-21.5,-8.2],[-10.9,20.1],[4.1,9],[0,0],[5,-7.7],[3.8,0],[83.5,24.6],[0,0],[87.1,0.2],[3.6,-1.1],[9.1,0.5],[14.8,18.1],[5,-8.6],[8.8,-20.1]],"v":[[309.9,-107.9],[252.4,-128.9],[-0.2,-93.5],[-252.9,-128.9],[-309.9,-108.1],[-303.7,-44.7],[-290,-18.2],[-292.2,-98.5],[-269.8,-111.5],[-258.8,-109.7],[-1.5,-72.9],[1.3,-72.9],[258.6,-109.7],[269.6,-111.5],[292.1,-98.5],[289.9,-17.9],[304,-44.4]],"c":true}]}],"ix":2},"nm":"Path 1","mn":"ADBE Vector Shape - Group","hd":false},{"ty":"fl","c":{"a":0,"k":[0.921568627451,0.560784313725,0,1],"ix":4},"o":{"a":0,"k":100,"ix":5},"r":1,"bm":0,"nm":"Fill 1","mn":"ADBE Vector Graphic - Fill","hd":false},{"ty":"tr","p":{"a":0,"k":[0,0],"ix":2},"a":{"a":0,"k":[0,0],"ix":1},"s":{"a":0,"k":[100,100],"ix":3},"r":{"a":0,"k":0,"ix":6},"o":{"a":0,"k":100,"ix":7},"sk":{"a":0,"k":0,"ix":4},"sa":{"a":0,"k":0,"ix":5},"nm":"Transform"}],"nm":"Shape 1","np":3,"cix":2,"bm":0,"ix":1,"mn":"ADBE Vector Group","hd":false},{"ty":"gr","it":[{"ind":0,"ty":"sh","ix":1,"ks":{"a":1,"k":[{"i":{"x":0.5,"y":1},"o":{"x":0.333,"y":0},"t":0,"s":[{"i":[[30.521,-11.587],[85.5,0.4],[82.1,23.9],[0,0],[-107.7,1.3],[-93.2,44.3]],"o":[[-82.1,23.9],[-85.5,0.4],[-30.423,-11.603],[96.3,48.2],[103.3,1.2],[0,0]],"v":[[262.4,-118.9],[-0.3,-83.5],[-263,-118.9],[-304.4,-94.4],[6.1,-23],[304.7,-88.6]],"c":true}]},{"i":{"x":0.667,"y":1},"o":{"x":1,"y":0},"t":7.5,"s":[{"i":[[30.521,-11.587],[85.5,0.4],[82.1,23.9],[0,0],[-107.7,1.3],[-93.2,44.3]],"o":[[-82.1,23.9],[-85.5,0.4],[-30.423,-11.603],[96.3,48.2],[103.3,1.2],[0,0]],"v":[[262.4,-130.9],[-0.3,-95.5],[-263,-130.9],[-304.4,-102.4],[6.1,-31],[304.7,-96.6]],"c":true}]},{"i":{"x":0.833,"y":0.833},"o":{"x":0.333,"y":0},"t":20,"s":[{"i":[[30.521,-11.587],[85.5,0.4],[82.1,23.9],[0,0],[-107.7,1.3],[-93.2,44.3]],"o":[[-82.1,23.9],[-85.5,0.4],[-30.423,-11.603],[96.3,48.2],[103.3,1.2],[0,0]],"v":[[262.4,-118.9],[-0.3,-83.5],[-263,-118.9],[-304.4,-94.4],[6.1,-23],[304.7,-88.6]],"c":true}]},{"i":{"x":0.667,"y":1},"o":{"x":0.167,"y":0.167},"t":27.5,"s":[{"i":[[30.521,-11.587],[85.5,0.4],[82.1,23.9],[0,0],[-107.7,1.3],[-93.2,44.3]],"o":[[-82.1,23.9],[-85.5,0.4],[-30.423,-11.603],[96.3,48.2],[103.3,1.2],[0,0]],"v":[[262.4,-124.9],[-0.3,-89.5],[-263,-124.9],[-304.4,-98.4],[6.1,-27],[304.7,-92.6]],"c":true}]},{"i":{"x":0.5,"y":1},"o":{"x":0.333,"y":0},"t":37.5,"s":[{"i":[[30.521,-11.587],[85.5,0.4],[82.1,23.9],[0,0],[-107.7,1.3],[-93.2,44.3]],"o":[[-82.1,23.9],[-85.5,0.4],[-30.423,-11.603],[96.3,48.2],[103.3,1.2],[0,0]],"v":[[262.4,-118.9],[-0.3,-83.5],[-263,-118.9],[-304.4,-94.4],[6.1,-23],[304.7,-88.6]],"c":true}]},{"i":{"x":0.667,"y":1},"o":{"x":1,"y":0},"t":47.5,"s":[{"i":[[30.521,-11.587],[85.5,0.4],[82.1,23.9],[0,0],[-107.7,1.3],[-93.2,44.3]],"o":[[-82.1,23.9],[-85.5,0.4],[-30.423,-11.603],[96.3,48.2],[103.3,1.2],[0,0]],"v":[[262.4,-130.9],[-0.3,-95.5],[-263,-130.9],[-304.4,-102.4],[6.1,-31],[304.7,-96.6]],"c":true}]},{"i":{"x":0.5,"y":1},"o":{"x":0.333,"y":0},"t":60,"s":[{"i":[[30.521,-11.587],[85.5,0.4],[82.1,23.9],[0,0],[-107.7,1.3],[-93.2,44.3]],"o":[[-82.1,23.9],[-85.5,0.4],[-30.423,-11.603],[96.3,48.2],[103.3,1.2],[0,0]],"v":[[262.4,-118.9],[-0.3,-83.5],[-263,-118.9],[-304.4,-94.4],[6.1,-23],[304.7,-88.6]],"c":true}]},{"i":{"x":0.667,"y":1},"o":{"x":1,"y":0},"t":67.5,"s":[{"i":[[30.521,-11.587],[85.5,0.4],[82.1,23.9],[0,0],[-107.7,1.3],[-93.2,44.3]],"o":[[-82.1,23.9],[-85.5,0.4],[-30.423,-11.603],[96.3,48.2],[103.3,1.2],[0,0]],"v":[[262.4,-130.9],[-0.3,-95.5],[-263,-130.9],[-304.4,-102.4],[6.1,-31],[304.7,-96.6]],"c":true}]},{"i":{"x":0.833,"y":0.833},"o":{"x":0.333,"y":0},"t":80,"s":[{"i":[[30.521,-11.587],[85.5,0.4],[82.1,23.9],[0,0],[-107.7,1.3],[-93.2,44.3]],"o":[[-82.1,23.9],[-85.5,0.4],[-30.423,-11.603],[96.3,48.2],[103.3,1.2],[0,0]],"v":[[262.4,-118.9],[-0.3,-83.5],[-263,-118.9],[-304.4,-94.4],[6.1,-23],[304.7,-88.6]],"c":true}]},{"i":{"x":0.667,"y":1},"o":{"x":0.167,"y":0.167},"t":87.5,"s":[{"i":[[30.521,-11.587],[85.5,0.4],[82.1,23.9],[0,0],[-107.7,1.3],[-93.2,44.3]],"o":[[-82.1,23.9],[-85.5,0.4],[-30.423,-11.603],[96.3,48.2],[103.3,1.2],[0,0]],"v":[[262.4,-124.9],[-0.3,-89.5],[-263,-124.9],[-304.4,-98.4],[6.1,-27],[304.7,-92.6]],"c":true}]},{"i":{"x":0.5,"y":1},"o":{"x":0.333,"y":0},"t":97.5,"s":[{"i":[[30.521,-11.587],[85.5,0.4],[82.1,23.9],[0,0],[-107.7,1.3],[-93.2,44.3]],"o":[[-82.1,23.9],[-85.5,0.4],[-30.423,-11.603],[96.3,48.2],[103.3,1.2],[0,0]],"v":[[262.4,-118.9],[-0.3,-83.5],[-263,-118.9],[-304.4,-94.4],[6.1,-23],[304.7,-88.6]],"c":true}]},{"i":{"x":0.667,"y":1},"o":{"x":1,"y":0},"t":107.5,"s":[{"i":[[30.521,-11.587],[85.5,0.4],[82.1,23.9],[0,0],[-107.7,1.3],[-93.2,44.3]],"o":[[-82.1,23.9],[-85.5,0.4],[-30.423,-11.603],[96.3,48.2],[103.3,1.2],[0,0]],"v":[[262.4,-130.9],[-0.3,-95.5],[-263,-130.9],[-304.4,-102.4],[6.1,-31],[304.7,-96.6]],"c":true}]},{"t":120,"s":[{"i":[[30.521,-11.587],[85.5,0.4],[82.1,23.9],[0,0],[-107.7,1.3],[-93.2,44.3]],"o":[[-82.1,23.9],[-85.5,0.4],[-30.423,-11.603],[96.3,48.2],[103.3,1.2],[0,0]],"v":[[262.4,-118.9],[-0.3,-83.5],[-263,-118.9],[-304.4,-94.4],[6.1,-23],[304.7,-88.6]],"c":true}]}],"ix":2},"nm":"Path 1","mn":"ADBE Vector Shape - Group","hd":false},{"ty":"fl","c":{"a":0,"k":[1,1,1,1],"ix":4},"o":{"a":0,"k":100,"ix":5},"r":1,"bm":0,"nm":"Fill 1","mn":"ADBE Vector Graphic - Fill","hd":false},{"ty":"tr","p":{"a":0,"k":[0,0],"ix":2},"a":{"a":0,"k":[0,0],"ix":1},"s":{"a":0,"k":[100,100],"ix":3},"r":{"a":0,"k":0,"ix":6},"o":{"a":0,"k":100,"ix":7},"sk":{"a":0,"k":0,"ix":4},"sa":{"a":0,"k":0,"ix":5},"nm":"Transform"}],"nm":"Shape 2","np":3,"cix":2,"bm":0,"ix":2,"mn":"ADBE Vector Group","hd":false},{"ty":"gr","it":[{"ind":0,"ty":"sh","ix":1,"ks":{"a":1,"k":[{"i":{"x":0.5,"y":1},"o":{"x":0.333,"y":0},"t":0,"s":[{"i":[[21.8,15.934],[52.159,-10.253],[66.119,0],[36.883,10.548],[15.287,-16.477],[-9.2,-20],[-138.4,-0.4],[0,0],[-51.4,112.8]],"o":[[-16.534,-12.085],[-52.159,10.253],[-66.119,0],[-36.883,-10.548],[-15.287,16.477],[51.2,112.8],[0,0],[138.4,0],[9.1,-20.3]],"v":[[292.6,-110.9],[182.5,-98.9],[-0.2,-83.5],[-202.9,-106.9],[-294.9,-113.1],[-303.7,-44.7],[-0.9,136.1],[0.4,136.1],[303.4,-44.6]],"c":true}]},{"i":{"x":0.667,"y":1},"o":{"x":1,"y":0},"t":7.5,"s":[{"i":[[21.8,15.934],[52.159,-10.253],[66.119,0],[36.883,10.548],[15.287,-16.477],[-9.2,-23.576],[-138.4,-0.4],[0,0],[-51.4,132.97]],"o":[[-16.534,-12.085],[-52.159,10.253],[-66.119,0],[-36.883,-10.548],[-15.287,16.477],[51.2,132.97],[0,0],[138.4,0],[9.1,-23.93]],"v":[[292.6,-122.9],[182.5,-110.9],[-0.2,-95.5],[-202.9,-118.9],[-294.9,-125.1],[-303.7,-53.088],[-0.9,136.1],[0.4,136.1],[303.4,-52.97]],"c":true}]},{"i":{"x":0.833,"y":0.833},"o":{"x":0.333,"y":0},"t":20,"s":[{"i":[[21.8,15.934],[52.159,-10.253],[66.119,0],[36.883,10.548],[15.287,-16.477],[-9.2,-20],[-138.4,-0.4],[0,0],[-51.4,112.8]],"o":[[-16.534,-12.085],[-52.159,10.253],[-66.119,0],[-36.883,-10.548],[-15.287,16.477],[51.2,112.8],[0,0],[138.4,0],[9.1,-20.3]],"v":[[292.6,-110.9],[182.5,-98.9],[-0.2,-83.5],[-202.9,-106.9],[-294.9,-113.1],[-303.7,-44.7],[-0.9,136.1],[0.4,136.1],[303.4,-44.6]],"c":true}]},{"i":{"x":0.667,"y":1},"o":{"x":0.167,"y":0.167},"t":27.5,"s":[{"i":[[21.8,15.934],[52.159,-10.253],[66.119,0],[36.883,10.548],[15.287,-16.477],[-9.2,-21.788],[-138.4,-0.4],[0,0],[-51.4,122.885]],"o":[[-16.534,-12.085],[-52.159,10.253],[-66.119,0],[-36.883,-10.548],[-15.287,16.477],[51.2,122.885],[0,0],[138.4,0],[9.1,-22.115]],"v":[[292.6,-116.9],[182.5,-104.9],[-0.2,-89.5],[-202.9,-112.9],[-294.9,-119.1],[-303.7,-48.894],[-0.9,144.1],[0.4,144.1],[303.4,-48.785]],"c":true}]},{"i":{"x":0.5,"y":1},"o":{"x":0.333,"y":0},"t":37.5,"s":[{"i":[[21.8,15.934],[52.159,-10.253],[66.119,0],[36.883,10.548],[15.287,-16.477],[-9.2,-20],[-138.4,-0.4],[0,0],[-51.4,112.8]],"o":[[-16.534,-12.085],[-52.159,10.253],[-66.119,0],[-36.883,-10.548],[-15.287,16.477],[51.2,112.8],[0,0],[138.4,0],[9.1,-20.3]],"v":[[292.6,-110.9],[182.5,-98.9],[-0.2,-83.5],[-202.9,-106.9],[-294.9,-113.1],[-303.7,-44.7],[-0.9,136.1],[0.4,136.1],[303.4,-44.6]],"c":true}]},{"i":{"x":0.667,"y":1},"o":{"x":1,"y":0},"t":47.5,"s":[{"i":[[21.8,15.934],[52.159,-10.253],[66.119,0],[36.883,10.548],[15.287,-16.477],[-9.2,-23.576],[-138.4,-0.4],[0,0],[-51.4,132.97]],"o":[[-16.534,-12.085],[-52.159,10.253],[-66.119,0],[-36.883,-10.548],[-15.287,16.477],[51.2,132.97],[0,0],[138.4,0],[9.1,-23.93]],"v":[[292.6,-122.9],[182.5,-110.9],[-0.2,-95.5],[-202.9,-118.9],[-294.9,-125.1],[-303.7,-53.088],[-0.9,136.1],[0.4,136.1],[303.4,-52.97]],"c":true}]},{"i":{"x":0.5,"y":1},"o":{"x":0.333,"y":0},"t":60,"s":[{"i":[[21.8,15.934],[52.159,-10.253],[66.119,0],[36.883,10.548],[15.287,-16.477],[-9.2,-20],[-138.4,-0.4],[0,0],[-51.4,112.8]],"o":[[-16.534,-12.085],[-52.159,10.253],[-66.119,0],[-36.883,-10.548],[-15.287,16.477],[51.2,112.8],[0,0],[138.4,0],[9.1,-20.3]],"v":[[292.6,-110.9],[182.5,-98.9],[-0.2,-83.5],[-202.9,-106.9],[-294.9,-113.1],[-303.7,-44.7],[-0.9,136.1],[0.4,136.1],[303.4,-44.6]],"c":true}]},{"i":{"x":0.667,"y":1},"o":{"x":1,"y":0},"t":67.5,"s":[{"i":[[21.8,15.934],[52.159,-10.253],[66.119,0],[36.883,10.548],[15.287,-16.477],[-9.2,-23.576],[-138.4,-0.4],[0,0],[-51.4,132.97]],"o":[[-16.534,-12.085],[-52.159,10.253],[-66.119,0],[-36.883,-10.548],[-15.287,16.477],[51.2,132.97],[0,0],[138.4,0],[9.1,-23.93]],"v":[[292.6,-122.9],[182.5,-110.9],[-0.2,-95.5],[-202.9,-118.9],[-294.9,-125.1],[-303.7,-53.088],[-0.9,136.1],[0.4,136.1],[303.4,-52.97]],"c":true}]},{"i":{"x":0.833,"y":0.833},"o":{"x":0.333,"y":0},"t":80,"s":[{"i":[[21.8,15.934],[52.159,-10.253],[66.119,0],[36.883,10.548],[15.287,-16.477],[-9.2,-20],[-138.4,-0.4],[0,0],[-51.4,112.8]],"o":[[-16.534,-12.085],[-52.159,10.253],[-66.119,0],[-36.883,-10.548],[-15.287,16.477],[51.2,112.8],[0,0],[138.4,0],[9.1,-20.3]],"v":[[292.6,-110.9],[182.5,-98.9],[-0.2,-83.5],[-202.9,-106.9],[-294.9,-113.1],[-303.7,-44.7],[-0.9,136.1],[0.4,136.1],[303.4,-44.6]],"c":true}]},{"i":{"x":0.667,"y":1},"o":{"x":0.167,"y":0.167},"t":87.5,"s":[{"i":[[21.8,15.934],[52.159,-10.253],[66.119,0],[36.883,10.548],[15.287,-16.477],[-9.2,-21.788],[-138.4,-0.4],[0,0],[-51.4,122.885]],"o":[[-16.534,-12.085],[-52.159,10.253],[-66.119,0],[-36.883,-10.548],[-15.287,16.477],[51.2,122.885],[0,0],[138.4,0],[9.1,-22.115]],"v":[[292.6,-116.9],[182.5,-104.9],[-0.2,-89.5],[-202.9,-112.9],[-294.9,-119.1],[-303.7,-48.894],[-0.9,144.1],[0.4,144.1],[303.4,-48.785]],"c":true}]},{"i":{"x":0.5,"y":1},"o":{"x":0.333,"y":0},"t":97.5,"s":[{"i":[[21.8,15.934],[52.159,-10.253],[66.119,0],[36.883,10.548],[15.287,-16.477],[-9.2,-20],[-138.4,-0.4],[0,0],[-51.4,112.8]],"o":[[-16.534,-12.085],[-52.159,10.253],[-66.119,0],[-36.883,-10.548],[-15.287,16.477],[51.2,112.8],[0,0],[138.4,0],[9.1,-20.3]],"v":[[292.6,-110.9],[182.5,-98.9],[-0.2,-83.5],[-202.9,-106.9],[-294.9,-113.1],[-303.7,-44.7],[-0.9,136.1],[0.4,136.1],[303.4,-44.6]],"c":true}]},{"i":{"x":0.667,"y":1},"o":{"x":1,"y":0},"t":107.5,"s":[{"i":[[21.8,15.934],[52.159,-10.253],[66.119,0],[36.883,10.548],[15.287,-16.477],[-9.2,-23.576],[-138.4,-0.4],[0,0],[-51.4,132.97]],"o":[[-16.534,-12.085],[-52.159,10.253],[-66.119,0],[-36.883,-10.548],[-15.287,16.477],[51.2,132.97],[0,0],[138.4,0],[9.1,-23.93]],"v":[[292.6,-122.9],[182.5,-110.9],[-0.2,-95.5],[-202.9,-118.9],[-294.9,-125.1],[-303.7,-53.088],[-0.9,136.1],[0.4,136.1],[303.4,-52.97]],"c":true}]},{"t":120,"s":[{"i":[[21.8,15.934],[52.159,-10.253],[66.119,0],[36.883,10.548],[15.287,-16.477],[-9.2,-20],[-138.4,-0.4],[0,0],[-51.4,112.8]],"o":[[-16.534,-12.085],[-52.159,10.253],[-66.119,0],[-36.883,-10.548],[-15.287,16.477],[51.2,112.8],[0,0],[138.4,0],[9.1,-20.3]],"v":[[292.6,-110.9],[182.5,-98.9],[-0.2,-83.5],[-202.9,-106.9],[-294.9,-113.1],[-303.7,-44.7],[-0.9,136.1],[0.4,136.1],[303.4,-44.6]],"c":true}]}],"ix":2},"nm":"Path 1","mn":"ADBE Vector Shape - Group","hd":false},{"ty":"fl","c":{"a":0,"k":[0.258823529412,0.16862745098,0.050980392157,1],"ix":4},"o":{"a":0,"k":100,"ix":5},"r":1,"bm":0,"nm":"Fill 1","mn":"ADBE Vector Graphic - Fill","hd":false},{"ty":"tr","p":{"a":0,"k":[0,0],"ix":2},"a":{"a":0,"k":[0,0],"ix":1},"s":{"a":0,"k":[100,100],"ix":3},"r":{"a":0,"k":0,"ix":6},"o":{"a":0,"k":100,"ix":7},"sk":{"a":0,"k":0,"ix":4},"sa":{"a":0,"k":0,"ix":5},"nm":"Transform"}],"nm":"Shape 4","np":3,"cix":2,"bm":0,"ix":3,"mn":"ADBE Vector Group","hd":false}],"ip":0,"op":120,"st":0,"bm":0},{"ddd":0,"ind":10,"ty":4,"nm":"base matte","parent":12,"td":1,"sr":1,"ks":{"o":{"a":0,"k":100,"ix":11},"r":{"a":0,"k":0,"ix":10},"p":{"s":true,"x":{"a":0,"k":-2,"ix":3},"y":{"a":0,"k":-3,"ix":4}},"a":{"a":0,"k":[0,0,0],"ix":1,"l":2},"s":{"a":0,"k":[100,100,100],"ix":6,"l":2}},"ao":0,"shapes":[{"ty":"gr","it":[{"ind":0,"ty":"sh","ix":1,"ks":{"a":0,"k":{"i":[[15.4,0],[11.247,10.596],[0,17.802],[-27.9,0],[-10.6,-9.3],[0,-16.9],[11.5,-10.2]],"o":[[-14.966,0],[-9.72,-9.157],[0,-38.4],[15.5,0],[11.5,10.2],[0,16.9],[-10.6,9.3]],"v":[[0,55.9],[-41.811,40.269],[-58,0],[0,-55.9],[40.4,-41.5],[58,0],[40.4,41.4]],"c":true},"ix":2},"nm":"Path 1","mn":"ADBE Vector Shape - Group","hd":false},{"ty":"fl","c":{"a":0,"k":[0.921568627451,0.560784313725,0,1],"ix":4},"o":{"a":0,"k":100,"ix":5},"r":1,"bm":0,"nm":"Fill 1","mn":"ADBE Vector Graphic - Fill","hd":false},{"ty":"tr","p":{"a":0,"k":[0,0],"ix":2},"a":{"a":0,"k":[0,0],"ix":1},"s":{"a":0,"k":[100,100],"ix":3},"r":{"a":0,"k":0,"ix":6},"o":{"a":0,"k":100,"ix":7},"sk":{"a":0,"k":0,"ix":4},"sa":{"a":0,"k":0,"ix":5},"nm":"Transform"}],"nm":"Group 1","np":2,"cix":2,"bm":0,"ix":1,"mn":"ADBE Vector Group","hd":false}],"ip":0,"op":120,"st":0,"bm":0},{"ddd":0,"ind":11,"ty":4,"nm":"base shadow","parent":12,"tt":2,"sr":1,"ks":{"o":{"a":0,"k":100,"ix":11},"r":{"a":0,"k":0,"ix":10},"p":{"s":true,"x":{"a":0,"k":0,"ix":3},"y":{"a":0,"k":0,"ix":4}},"a":{"a":0,"k":[0,0,0],"ix":1,"l":2},"s":{"a":0,"k":[100,100,100],"ix":6,"l":2}},"ao":0,"shapes":[{"ty":"gr","it":[{"ind":0,"ty":"sh","ix":1,"ks":{"a":0,"k":{"i":[[15.4,0],[11.247,10.596],[0,17.802],[-27.9,0],[-10.6,-9.3],[0,-16.9],[11.5,-10.2]],"o":[[-14.966,0],[-9.72,-9.157],[0,-38.4],[15.5,0],[11.5,10.2],[0,16.9],[-10.6,9.3]],"v":[[0,55.9],[-41.811,40.269],[-58,0],[0,-55.9],[40.4,-41.5],[58,0],[40.4,41.4]],"c":true},"ix":2},"nm":"Path 1","mn":"ADBE Vector Shape - Group","hd":false},{"ty":"fl","c":{"a":0,"k":[0.921568627451,0.560784313725,0,1],"ix":4},"o":{"a":0,"k":100,"ix":5},"r":1,"bm":0,"nm":"Fill 1","mn":"ADBE Vector Graphic - Fill","hd":false},{"ty":"tr","p":{"a":0,"k":[0,0],"ix":2},"a":{"a":0,"k":[0,0],"ix":1},"s":{"a":0,"k":[100,100],"ix":3},"r":{"a":0,"k":0,"ix":6},"o":{"a":0,"k":100,"ix":7},"sk":{"a":0,"k":0,"ix":4},"sa":{"a":0,"k":0,"ix":5},"nm":"Transform"}],"nm":"Group 1","np":2,"cix":2,"bm":0,"ix":1,"mn":"ADBE Vector Group","hd":false}],"ip":0,"op":120,"st":0,"bm":0},{"ddd":0,"ind":12,"ty":4,"nm":"base","parent":1,"sr":1,"ks":{"o":{"a":0,"k":100,"ix":11},"r":{"a":0,"k":0,"ix":10},"p":{"s":true,"x":{"a":0,"k":0,"ix":3},"y":{"a":0,"k":0,"ix":4}},"a":{"a":0,"k":[0,0,0],"ix":1,"l":2},"s":{"a":0,"k":[800,800,100],"ix":6,"l":2}},"ao":0,"shapes":[{"ty":"gr","it":[{"ind":0,"ty":"sh","ix":1,"ks":{"a":0,"k":{"i":[[15.4,0],[11.247,10.596],[0,17.802],[-27.9,0],[-10.6,-9.3],[0,-16.9],[11.5,-10.2]],"o":[[-14.966,0],[-9.72,-9.157],[0,-38.4],[15.5,0],[11.5,10.2],[0,16.9],[-10.6,9.3]],"v":[[0,55.9],[-41.811,40.269],[-58,0],[0,-55.9],[40.4,-41.5],[58,0],[40.4,41.4]],"c":true},"ix":2},"nm":"Path 1","mn":"ADBE Vector Shape - Group","hd":false},{"ty":"gf","o":{"a":0,"k":100,"ix":10},"r":1,"bm":0,"g":{"p":5,"k":{"a":0,"k":[0.48,0.992,0.878,0.188,0.691,0.98,0.816,0.178,0.902,0.969,0.753,0.169,0.966,0.963,0.694,0.153,1,0.957,0.635,0.137],"ix":9}},"s":{"a":0,"k":[0,0],"ix":5},"e":{"a":0,"k":[56.225,0],"ix":6},"t":2,"h":{"a":0,"k":0,"ix":7},"a":{"a":0,"k":0,"ix":8},"nm":"Gradient Fill 1","mn":"ADBE Vector Graphic - G-Fill","hd":false},{"ty":"tr","p":{"a":0,"k":[0,0],"ix":2},"a":{"a":0,"k":[0,0],"ix":1},"s":{"a":0,"k":[100,100],"ix":3},"r":{"a":0,"k":0,"ix":6},"o":{"a":0,"k":100,"ix":7},"sk":{"a":0,"k":0,"ix":4},"sa":{"a":0,"k":0,"ix":5},"nm":"Transform"}],"nm":"Group 1","np":2,"cix":2,"bm":0,"ix":1,"mn":"ADBE Vector Group","hd":false}],"ip":0,"op":120,"st":0,"bm":0},{"ddd":0,"ind":13,"ty":4,"nm":"DROP Back","parent":2,"sr":1,"ks":{"o":{"a":0,"k":100,"ix":11},"r":{"a":1,"k":[{"i":{"x":[0.667],"y":[1]},"o":{"x":[0.167],"y":[0.167]},"t":-35,"s":[-13.2]},{"i":{"x":[0.833],"y":[0.833]},"o":{"x":[0.333],"y":[0]},"t":-15,"s":[-3.2]},{"i":{"x":[0.833],"y":[0.833]},"o":{"x":[0.167],"y":[0.167]},"t":0,"s":[0]},{"i":{"x":[0.833],"y":[0.833]},"o":{"x":[0.167],"y":[0.167]},"t":10,"s":[0]},{"t":20,"s":[-18.4]}],"ix":10},"p":{"s":true,"x":{"a":1,"k":[{"i":{"x":[0.966],"y":[1]},"o":{"x":[0.034],"y":[0]},"t":-122.5,"s":[-164.336]},{"i":{"x":[0.991],"y":[1]},"o":{"x":[0.009],"y":[0]},"t":-105,"s":[-176.755]},{"i":{"x":[0.973],"y":[0.968]},"o":{"x":[0.027],"y":[0]},"t":-35,"s":[-160.035]},{"i":{"x":[0.833],"y":[0.833]},"o":{"x":[0.048],"y":[-0.006]},"t":-12.5,"s":[-207.555]},{"i":{"x":[0.833],"y":[0.833]},"o":{"x":[0.167],"y":[0.167]},"t":0,"s":[0]},{"i":{"x":[0.833],"y":[0.833]},"o":{"x":[0.167],"y":[0.167]},"t":5,"s":[2.481]},{"i":{"x":[0.833],"y":[0.833]},"o":{"x":[0.167],"y":[0.167]},"t":10,"s":[-26.208]},{"t":20,"s":[-165.013]}],"ix":3},"y":{"a":1,"k":[{"i":{"x":[0.966],"y":[0.949]},"o":{"x":[0.034],"y":[0.183]},"t":-122.5,"s":[-294.628]},{"i":{"x":[0.991],"y":[0.434]},"o":{"x":[0.009],"y":[0.077]},"t":-105,"s":[-211.822]},{"i":{"x":[0.973],"y":[1]},"o":{"x":[0.027],"y":[0.145]},"t":-35,"s":[-140.538]},{"i":{"x":[0.833],"y":[0.833]},"o":{"x":[0.048],"y":[0]},"t":-12.5,"s":[44.454]},{"i":{"x":[0.833],"y":[0.833]},"o":{"x":[0.167],"y":[0.167]},"t":0,"s":[545.65]},{"i":{"x":[0.833],"y":[0.833]},"o":{"x":[0.167],"y":[0.167]},"t":5,"s":[616.331]},{"i":{"x":[0.833],"y":[0.833]},"o":{"x":[0.167],"y":[0.167]},"t":10,"s":[705.194]},{"t":20,"s":[787.362]}],"ix":4}},"a":{"a":0,"k":[-0.727,82.01,0],"ix":1,"l":2},"s":{"a":0,"k":[100,100,100],"ix":6,"l":2}},"ao":0,"shapes":[{"ty":"gr","it":[{"ind":0,"ty":"sh","ix":1,"ks":{"a":1,"k":[{"i":{"x":0.833,"y":0.833},"o":{"x":0.167,"y":0.167},"t":-122.5,"s":[{"i":[[50.203,-39.022],[6.806,5.17],[-13.059,14.838],[-26.259,8.988]],"o":[[-10.691,8.309],[-6.806,-5.17],[16.558,-18.813],[48.028,-16.439]],"v":[[37.797,49.522],[7.557,53.278],[12.942,22.313],[35.472,-51.061]],"c":true}]},{"i":{"x":0.667,"y":1},"o":{"x":0.167,"y":0.167},"t":-112.5,"s":[{"i":[[26.047,-40.147],[8.015,3.847],[1.424,15.016],[-15.825,2.486]],"o":[[-8.622,13.289],[-8.015,-3.847],[-2.848,-30.032],[15.825,-2.486]],"v":[[84.953,69.866],[58.502,82.538],[42.848,52.751],[62.675,-67.295]],"c":true}]},{"i":{"x":0.833,"y":0.833},"o":{"x":0.333,"y":0},"t":-100,"s":[{"i":[[21.261,-33.252],[10.348,3.13],[0,19.766],[-21.027,-18.116]],"o":[[-7.465,12.077],[-10.347,-3.13],[0,-25.281],[34.315,29.549]],"v":[[72.797,128.522],[42.771,142.3],[23.942,108.313],[49.972,-25.561]],"c":true}]},{"i":{"x":0.833,"y":0.833},"o":{"x":0.167,"y":0.167},"t":-70,"s":[{"i":[[21.261,-33.252],[10.347,3.13],[0,19.766],[-21.027,-18.116]],"o":[[-7.465,12.077],[-10.348,-3.13],[0,-25.281],[34.315,29.549]],"v":[[70.797,128.522],[40.771,142.3],[21.942,108.313],[47.972,-25.561]],"c":true}]},{"i":{"x":0.667,"y":1},"o":{"x":0.167,"y":0.167},"t":-50,"s":[{"i":[[21.261,-33.252],[10.347,3.13],[0,19.766],[-21.027,-18.116]],"o":[[-7.465,12.077],[-10.348,-3.13],[0,-25.281],[34.315,29.549]],"v":[[70.797,128.522],[40.771,142.3],[21.942,108.313],[47.972,-28.561]],"c":true}]},{"i":{"x":0.833,"y":0.833},"o":{"x":0.333,"y":0},"t":-35,"s":[{"i":[[21.261,-33.252],[10.347,3.13],[0,19.766],[-21.027,-18.116]],"o":[[-7.465,12.077],[-10.348,-3.13],[0,-25.281],[34.315,29.549]],"v":[[70.797,128.522],[40.771,142.3],[21.942,108.313],[47.972,-28.561]],"c":true}]},{"i":{"x":0.833,"y":0.833},"o":{"x":0.167,"y":0.167},"t":-10,"s":[{"i":[[1.703,-43.522],[16.071,-3.035],[6.779,29.594],[-21.797,17.181]],"o":[[-0.792,20.244],[-16.071,3.035],[-5.645,-24.643],[24.028,-18.939]],"v":[[89.797,-0.978],[58.359,37.795],[17.942,1.813],[-2.028,-61.561]],"c":true}]},{"i":{"x":0.833,"y":0.833},"o":{"x":0.167,"y":0.167},"t":0,"s":[{"i":[[3.604,-38.949],[5.792,23.78],[10.339,6.797],[-26.791,0.625]],"o":[[-2.376,25.682],[-5.792,-23.78],[-10.339,-6.797],[33.983,-0.793]],"v":[[65.837,74.978],[22.749,77.862],[-14.486,37.356],[-2.249,4.546]],"c":true}]},{"i":{"x":0.833,"y":0.833},"o":{"x":0.167,"y":0.167},"t":5,"s":[{"i":[[2.621,-25.201],[7.969,27.199],[1.126,12.247],[-13.435,-5.804]],"o":[[-2.451,23.565],[-4.411,-15.054],[-1.796,-19.521],[13.435,5.804]],"v":[[47.704,113.238],[15.855,118.695],[4.191,86.194],[32.468,62.818]],"c":true}]},{"i":{"x":0.833,"y":0.833},"o":{"x":0.167,"y":0.167},"t":10,"s":[{"i":[[20.919,-14.93],[-5.406,11.851],[-12.893,10.463],[-4.123,-2.706]],"o":[[-25.456,18.168],[3.075,-6.741],[13.446,-10.912],[11.28,7.404]],"v":[[2.676,83.83],[-36.775,86.661],[-7.081,55.729],[28.522,35.339]],"c":true}]},{"t":20,"s":[{"i":[[16.565,-0.996],[-18.486,4.661],[-8.95,1.468],[4.668,-3.767]],"o":[[-25.637,1.542],[17.452,-4.4],[7.231,-1.186],[-6.202,5.005]],"v":[[-13.296,99.163],[-18.875,87.189],[31.115,78.344],[33.552,85.542]],"c":true}]}],"ix":2},"nm":"Path 1","mn":"ADBE Vector Shape - Group","hd":false},{"ty":"fl","c":{"a":0,"k":[0.505882352941,0.83137254902,0.980392156863,1],"ix":4},"o":{"a":0,"k":100,"ix":5},"r":1,"bm":0,"nm":"Fill 1","mn":"ADBE Vector Graphic - Fill","hd":false},{"ty":"tr","p":{"a":0,"k":[0,0],"ix":2},"a":{"a":0,"k":[0,0],"ix":1},"s":{"a":0,"k":[100,100],"ix":3},"r":{"a":0,"k":0,"ix":6},"o":{"a":0,"k":100,"ix":7},"sk":{"a":0,"k":0,"ix":4},"sa":{"a":0,"k":0,"ix":5},"nm":"Transform"}],"nm":"Shape 2","np":3,"cix":2,"bm":0,"ix":1,"mn":"ADBE Vector Group","hd":false},{"ty":"gr","it":[{"ind":0,"ty":"sh","ix":1,"ks":{"a":1,"k":[{"i":{"x":0.833,"y":0.833},"o":{"x":0.167,"y":0.167},"t":-122.5,"s":[{"i":[[57.266,-11.971],[16.134,31.151],[-15.915,18.184],[-10.968,6.474],[-10.542,2.108],[-13.301,-3.797],[-8.681,-11.646],[7.149,-26.346]],"o":[[-39.105,8.175],[-13.762,-26.572],[15.793,-18.044],[17.444,-10.297],[17.751,-3.55],[11.603,3.312],[12.17,16.326],[-7.149,26.346]],"v":[[0.234,86.471],[-97.634,52.349],[-82.043,-26.456],[-41.944,-59.203],[-0.688,-76.7],[42.426,-76.266],[78.431,-53.104],[91.149,7.154]],"c":true}]},{"i":{"x":0.667,"y":1},"o":{"x":0.167,"y":0.167},"t":-112.5,"s":[{"i":[[64.843,-0.346],[6.023,52.095],[-19.743,36.746],[-14.936,15.242],[-13.042,4.714],[-15.314,-9.329],[-9.746,-42.375],[11.602,-57.173]],"o":[[-72.68,0.388],[-7.069,-61.146],[20.894,-38.888],[14.936,-15.242],[13.042,-4.714],[17.438,10.623],[11.053,48.057],[-10.727,52.862]],"v":[[0.157,166.065],[-114.931,71.864],[-79.894,-81.893],[-33.936,-147.539],[9.958,-177.567],[51.563,-172.904],[100.947,-82.338],[107.227,69.357]],"c":true}]},{"i":{"x":0.833,"y":0.833},"o":{"x":0.333,"y":0},"t":-100,"s":[{"i":[[65.192,0],[0,56.601],[-24.707,61.772],[-15.634,27.354],[-9.596,0],[-5.301,-10.754],[-15.132,-33.952],[0,-39.854]],"o":[[-66.208,0],[0,-48.849],[11.816,-29.541],[5.026,-9.017],[10.001,0],[14.539,26.883],[42.758,95.934],[1.485,55.796]],"v":[[0.117,205.471],[-119.134,82.849],[-65.293,-93.791],[-26.694,-181.888],[-2.751,-196],[21.301,-181.888],[61.931,-91.989],[117.649,83.654]],"c":true}]},{"i":{"x":0.833,"y":0.833},"o":{"x":0.167,"y":0.167},"t":-70,"s":[{"i":[[65.192,0],[0,56.601],[-24.707,61.772],[-15.634,27.354],[-9.596,0],[-5.301,-10.754],[-15.132,-33.952],[0,-39.854]],"o":[[-66.208,0],[0,-48.849],[11.816,-29.541],[5.026,-9.017],[10.001,0],[14.539,26.883],[42.758,95.934],[1.485,55.796]],"v":[[0.117,205.471],[-117.134,82.849],[-64.293,-93.791],[-26.694,-181.888],[-2.751,-196],[21.301,-181.888],[60.931,-91.989],[115.649,83.654]],"c":true}]},{"i":{"x":0.667,"y":1},"o":{"x":0.167,"y":0.167},"t":-50,"s":[{"i":[[65.192,0],[0,56.601],[-24.707,63.456],[-15.634,28.099],[-9.596,0],[-5.301,-11.047],[-15.165,-34.862],[0,-39.854]],"o":[[-66.208,0],[0,-48.849],[11.816,-30.346],[5.026,-9.263],[10.001,0],[14.539,27.616],[42.758,98.549],[1.485,55.796]],"v":[[0.117,205.471],[-117.134,82.849],[-64.293,-96.456],[-26.694,-186.953],[-2.751,-201.45],[21.301,-186.953],[60.931,-94.604],[115.649,83.654]],"c":true}]},{"i":{"x":0.833,"y":0.833},"o":{"x":0.333,"y":0},"t":-35,"s":[{"i":[[65.192,0],[0,56.601],[-24.707,63.456],[-15.634,28.099],[-9.596,0],[-5.301,-11.047],[-15.165,-34.862],[0,-39.854]],"o":[[-66.208,0],[0,-48.849],[11.816,-30.346],[5.026,-9.263],[10.001,0],[14.539,27.616],[42.758,98.549],[1.485,55.796]],"v":[[0.117,205.471],[-117.134,82.849],[-64.293,-96.456],[-26.694,-186.953],[-2.751,-201.45],[21.301,-186.953],[60.931,-94.604],[115.649,83.654]],"c":true}]},{"i":{"x":0.833,"y":0.833},"o":{"x":0.167,"y":0.167},"t":-10,"s":[{"i":[[65.192,0],[0,56.601],[-11.213,10.148],[-9.159,2.346],[-9.595,-0.155],[-10.874,-3.865],[-11.246,-11.609],[0.501,-24.149]],"o":[[-66.208,0],[0,-33.849],[15.293,-13.841],[14.444,-3.7],[15.501,0.25],[12.449,4.425],[16.819,17.362],[-1.149,55.346]],"v":[[4.617,110.471],[-104.634,8.849],[-74.293,-57.409],[-35.632,-80.487],[7.249,-85.5],[47.926,-77.8],[87.181,-52.112],[110.649,13.154]],"c":true}]},{"i":{"x":0.833,"y":0.833},"o":{"x":0.167,"y":0.167},"t":0,"s":[{"i":[[59.128,0],[0,57.986],[-10.17,10.397],[-8.307,2.404],[-8.702,-0.159],[-9.863,-3.959],[-10.2,-11.893],[0.455,-24.74]],"o":[[-60.05,0],[0,-34.677],[13.87,-14.18],[13.101,-3.791],[14.059,0.256],[11.291,4.533],[15.254,17.787],[-1.042,56.7]],"v":[[-8.485,173.431],[-107.575,76.185],[-80.056,8.307],[-44.99,-15.336],[-6.098,-20.472],[30.796,-12.583],[66.4,13.733],[87.685,80.596]],"c":true}]},{"i":{"x":0.833,"y":0.833},"o":{"x":0.167,"y":0.167},"t":5,"s":[{"i":[[35.417,7.65],[-0.244,24.803],[-16.949,15.834],[-22.538,8.675],[-13.671,-7.291],[-3.123,-15.755],[5.772,-21.632],[20.188,-14.997]],"o":[[-27.384,-5.915],[0.244,-24.803],[16.877,-15.766],[21.965,-8.455],[8.716,4.648],[2.644,13.34],[-4.093,15.338],[-18.288,13.586]],"v":[[-55.872,203.745],[-91.355,153.165],[-59.876,89.151],[-7.994,55.408],[45.628,52.935],[63.388,79.308],[61.559,125.968],[19.756,183.379]],"c":true}]},{"i":{"x":0.833,"y":0.833},"o":{"x":0.167,"y":0.167},"t":10,"s":[{"i":[[13.621,12.051],[-20.634,24.238],[-12.143,11.009],[-7.858,6.253],[-7.98,-6.286],[3.704,-11.718],[12.636,-17.587],[18.865,-12.111]],"o":[[-13.759,-12.173],[13.677,-16.066],[13.377,-12.129],[10.837,-8.623],[12.892,10.156],[-6.803,21.522],[-8.779,12.219],[-19.115,12.272]],"v":[[-85.632,165.67],[-81.207,105.332],[-36.147,59.565],[7.837,22.897],[43.397,18.548],[44.445,64.693],[11.597,125.167],[-29.991,162.964]],"c":true}]},{"t":20,"s":[{"i":[[1.123,5.851],[-7.086,0.532],[-30.084,6.074],[-6.545,1.473],[-0.611,-3.8],[15.758,-7.641],[22.563,-1.533],[12.837,1.446]],"o":[[-0.437,-2.275],[30.932,-2.321],[21.735,-4.388],[6.06,-1.364],[1.051,6.539],[-14.988,7.267],[-24.386,1.657],[-14.295,-1.61]],"v":[[-112.174,97.29],[-104.64,93.449],[-14.882,82.648],[47.647,68.023],[59.653,69.392],[35.97,92.891],[-22.17,109.873],[-80.39,109.412]],"c":true}]}],"ix":2},"nm":"Path 1","mn":"ADBE Vector Shape - Group","hd":false},{"ty":"gf","o":{"a":0,"k":100,"ix":10},"r":1,"bm":0,"g":{"p":3,"k":{"a":0,"k":[0.426,0.161,0.714,0.965,0.713,0.139,0.624,0.931,1,0.118,0.533,0.898],"ix":9}},"s":{"a":0,"k":[10.39,-62.338],"ix":5},"e":{"a":0,"k":[287.013,2.597],"ix":6},"t":2,"h":{"a":0,"k":0,"ix":7},"a":{"a":0,"k":0,"ix":8},"nm":"Gradient Fill 1","mn":"ADBE Vector Graphic - G-Fill","hd":false},{"ty":"tr","p":{"a":0,"k":[0,0],"ix":2},"a":{"a":0,"k":[0,0],"ix":1},"s":{"a":0,"k":[100,100],"ix":3},"r":{"a":0,"k":0,"ix":6},"o":{"a":0,"k":100,"ix":7},"sk":{"a":0,"k":0,"ix":4},"sa":{"a":0,"k":0,"ix":5},"nm":"Transform"}],"nm":"Shape 1","np":3,"cix":2,"bm":0,"ix":2,"mn":"ADBE Vector Group","hd":false}],"ip":15,"op":21,"st":-122.5,"bm":0}]}],"layers":[{"ddd":0,"ind":1,"ty":0,"nm":"emoji_grinning-with-sweat - 60 fps","refId":"comp_0","sr":1,"ks":{"o":{"a":0,"k":100,"ix":11},"r":{"a":0,"k":0,"ix":10},"p":{"a":0,"k":[512,512,0],"ix":2,"l":2},"a":{"a":0,"k":[512,512,0],"ix":1,"l":2},"s":{"a":0,"k":[100,100,100],"ix":6,"l":2}},"ao":0,"w":1024,"h":1024,"ip":99,"op":120,"st":99,"bm":0},{"ddd":0,"ind":2,"ty":0,"nm":"emoji_grinning-with-sweat - 60 fps","refId":"comp_0","sr":1,"ks":{"o":{"a":0,"k":100,"ix":11},"r":{"a":0,"k":0,"ix":10},"p":{"a":0,"k":[512,512,0],"ix":2,"l":2},"a":{"a":0,"k":[512,512,0],"ix":1,"l":2},"s":{"a":0,"k":[100,100,100],"ix":6,"l":2}},"ao":0,"w":1024,"h":1024,"ip":0,"op":99,"st":-21,"bm":0}],"markers":[{"tm":48,"cm":"rest","dr":0}]}