{"v":"5.8.1","fr":60,"ip":0,"op":120,"w":1024,"h":1024,"nm":"u1f64f-u1f3fc","ddd":0,"assets":[],"layers":[{"ddd":0,"ind":1,"ty":4,"nm":"sleeves 2","sr":1,"ks":{"o":{"a":0,"k":100,"ix":11},"r":{"a":0,"k":0,"ix":10},"p":{"a":0,"k":[512,512,0],"ix":2,"l":2},"a":{"a":0,"k":[512,512,0],"ix":1,"l":2},"s":{"a":0,"k":[100,100,100],"ix":6,"l":2}},"ao":0,"shapes":[{"ty":"gr","it":[{"ind":0,"ty":"sh","ix":1,"ks":{"a":1,"k":[{"i":{"x":0.833,"y":0.833},"o":{"x":0.333,"y":0},"t":0,"s":[{"i":[[59.2,161.6],[-13.6,9.601],[-2.4,-5.599],[-39.2,-40.8],[3.2,-3.201],[0,0]],"o":[[36,-13.601],[13.6,-9.599],[32.8,61.601],[7.2,7.2],[-3.2,3.2],[0,0]],"v":[[-136.8,-87.599],[-42.4,-141.2],[-18.4,-137.2],[129.6,49.201],[129.6,70],[36.8,150.799]],"c":true}]},{"i":{"x":0.667,"y":1},"o":{"x":0.167,"y":0.167},"t":10,"s":[{"i":[[59.2,161.6],[-13.6,9.601],[-2.4,-5.599],[-39.2,-40.8],[3.2,-3.201],[0,0]],"o":[[36,-13.601],[13.6,-9.599],[32.8,61.601],[7.2,7.2],[-3.2,3.2],[0,0]],"v":[[-156.8,-87.599],[-62.4,-141.2],[-38.4,-137.2],[109.6,49.201],[109.6,70],[16.8,150.799]],"c":true}]},{"i":{"x":0.833,"y":0.833},"o":{"x":0.333,"y":0},"t":22,"s":[{"i":[[59.2,161.6],[-13.6,9.601],[-2.4,-5.599],[-39.2,-40.8],[3.2,-3.201],[0,0]],"o":[[36,-13.601],[13.6,-9.599],[32.8,61.601],[7.2,7.2],[-3.2,3.2],[0,0]],"v":[[-223.8,-86.599],[-129.4,-140.2],[-105.4,-136.2],[42.6,50.201],[42.6,71],[-50.2,151.799]],"c":true}]},{"i":{"x":0.667,"y":1},"o":{"x":0.167,"y":0.167},"t":32,"s":[{"i":[[59.2,161.6],[-13.6,9.601],[-2.4,-5.599],[-39.2,-40.8],[3.2,-3.201],[0,0]],"o":[[36,-13.601],[13.6,-9.599],[32.8,61.601],[7.2,7.2],[-3.2,3.2],[0,0]],"v":[[-174.3,-86.849],[-79.9,-140.45],[-55.9,-136.45],[92.1,49.951],[92.1,70.75],[-0.7,151.549]],"c":true}]},{"i":{"x":0.667,"y":1},"o":{"x":0.333,"y":0},"t":38,"s":[{"i":[[59.2,161.6],[-13.6,9.601],[-2.4,-5.599],[-39.2,-40.8],[3.2,-3.201],[0,0]],"o":[[36,-13.601],[13.6,-9.599],[32.8,61.601],[7.2,7.2],[-3.2,3.2],[0,0]],"v":[[-131.8,-87.599],[-37.4,-141.2],[-13.4,-137.2],[134.6,49.201],[134.6,70],[41.8,150.799]],"c":true}]},{"t":48,"s":[{"i":[[59.2,161.6],[-13.6,9.601],[-2.4,-5.599],[-39.2,-40.8],[3.2,-3.201],[0,0]],"o":[[36,-13.601],[13.6,-9.599],[32.8,61.601],[7.2,7.2],[-3.2,3.2],[0,0]],"v":[[-136.8,-87.599],[-42.4,-141.2],[-18.4,-137.2],[129.6,49.201],[129.6,70],[36.8,150.799]],"c":true}]}],"ix":2},"nm":"Path 1","mn":"ADBE Vector Shape - Group","hd":false},{"ty":"fl","c":{"a":0,"k":[0.149000010771,0.525,0.776000019148,1],"ix":4},"o":{"a":0,"k":100,"ix":5},"r":1,"bm":0,"nm":"Fill 1","mn":"ADBE Vector Graphic - Fill","hd":false},{"ty":"tr","p":{"a":0,"k":[241.6,842.8],"ix":2},"a":{"a":0,"k":[0,0],"ix":1},"s":{"a":0,"k":[100,100],"ix":3},"r":{"a":0,"k":0,"ix":6},"o":{"a":0,"k":100,"ix":7},"sk":{"a":0,"k":0,"ix":4},"sa":{"a":0,"k":0,"ix":5},"nm":"Transform"}],"nm":"Group 1","np":2,"cix":2,"bm":0,"ix":1,"mn":"ADBE Vector Group","hd":false},{"ty":"gr","it":[{"ind":0,"ty":"sh","ix":1,"ks":{"a":1,"k":[{"i":{"x":0.833,"y":0.833},"o":{"x":0.333,"y":0},"t":0,"s":[{"i":[[-59.2,161.6],[13.6,9.601],[2.4,-5.599],[39.2,-40.8],[-3.2,-3.201],[0,0]],"o":[[-36,-13.601],[-13.6,-9.599],[-32.8,61.601],[-7.2,7.2],[3.2,3.2],[0,0]],"v":[[136.8,-87.599],[42.4,-141.2],[18.4,-137.2],[-129.6,49.201],[-129.6,70],[-36.8,150.799]],"c":true}]},{"i":{"x":0.667,"y":1},"o":{"x":0.167,"y":0.167},"t":10,"s":[{"i":[[-59.2,161.6],[13.6,9.601],[2.4,-5.599],[39.2,-40.8],[-3.2,-3.201],[0,0]],"o":[[-36,-13.601],[-13.6,-9.599],[-32.8,61.601],[-7.2,7.2],[3.2,3.2],[0,0]],"v":[[156.8,-87.599],[62.4,-141.2],[38.4,-137.2],[-109.6,49.201],[-109.6,70],[-16.8,150.799]],"c":true}]},{"i":{"x":0.833,"y":0.833},"o":{"x":0.333,"y":0},"t":22,"s":[{"i":[[-59.2,161.6],[13.6,9.601],[2.4,-5.599],[39.2,-40.8],[-3.2,-3.201],[0,0]],"o":[[-36,-13.601],[-13.6,-9.599],[-32.8,61.601],[-7.2,7.2],[3.2,3.2],[0,0]],"v":[[225.183,-87.599],[130.783,-141.2],[106.783,-137.2],[-41.217,49.201],[-41.217,70],[51.583,150.799]],"c":true}]},{"i":{"x":0.667,"y":1},"o":{"x":0.167,"y":0.167},"t":32,"s":[{"i":[[-59.2,161.6],[13.6,9.601],[2.4,-5.599],[39.2,-40.8],[-3.2,-3.201],[0,0]],"o":[[-36,-13.601],[-13.6,-9.599],[-32.8,61.601],[-7.2,7.2],[3.2,3.2],[0,0]],"v":[[166.8,-87.599],[72.4,-141.2],[48.4,-137.2],[-99.6,49.201],[-99.6,70],[-6.8,150.799]],"c":true}]},{"i":{"x":0.667,"y":1},"o":{"x":0.333,"y":0},"t":38,"s":[{"i":[[-59.2,161.6],[13.6,9.601],[2.4,-5.599],[39.2,-40.8],[-3.2,-3.201],[0,0]],"o":[[-36,-13.601],[-13.6,-9.599],[-32.8,61.601],[-7.2,7.2],[3.2,3.2],[0,0]],"v":[[129.8,-87.599],[35.4,-141.2],[11.4,-137.2],[-136.6,49.201],[-136.6,70],[-43.8,150.799]],"c":true}]},{"t":48,"s":[{"i":[[-59.2,161.6],[13.6,9.601],[2.4,-5.599],[39.2,-40.8],[-3.2,-3.201],[0,0]],"o":[[-36,-13.601],[-13.6,-9.599],[-32.8,61.601],[-7.2,7.2],[3.2,3.2],[0,0]],"v":[[136.8,-87.599],[42.4,-141.2],[18.4,-137.2],[-129.6,49.201],[-129.6,70],[-36.8,150.799]],"c":true}]}],"ix":2},"nm":"Path 1","mn":"ADBE Vector Shape - Group","hd":false},{"ty":"fl","c":{"a":0,"k":[0.149000010771,0.525,0.776000019148,1],"ix":4},"o":{"a":0,"k":100,"ix":5},"r":1,"bm":0,"nm":"Fill 1","mn":"ADBE Vector Graphic - Fill","hd":false},{"ty":"tr","p":{"a":0,"k":[782.4,842.8],"ix":2},"a":{"a":0,"k":[0,0],"ix":1},"s":{"a":0,"k":[100,100],"ix":3},"r":{"a":0,"k":0,"ix":6},"o":{"a":0,"k":100,"ix":7},"sk":{"a":0,"k":0,"ix":4},"sa":{"a":0,"k":0,"ix":5},"nm":"Transform"}],"nm":"Group 6","np":2,"cix":2,"bm":0,"ix":2,"mn":"ADBE Vector Group","hd":false}],"ip":0,"op":121,"st":0,"bm":0},{"ddd":0,"ind":2,"ty":4,"nm":"mask","td":1,"sr":1,"ks":{"o":{"a":0,"k":100,"ix":11},"r":{"a":0,"k":0,"ix":10},"p":{"a":0,"k":[512,512,0],"ix":2,"l":2},"a":{"a":0,"k":[512,512,0],"ix":1,"l":2},"s":{"a":0,"k":[100,100,100],"ix":6,"l":2}},"ao":0,"shapes":[{"ty":"gr","it":[{"ind":0,"ty":"sh","ix":1,"ks":{"a":1,"k":[{"i":{"x":0.833,"y":0.833},"o":{"x":0.333,"y":0},"t":0,"s":[{"i":[[0,0],[30.4,-16],[0,0],[0,0],[-17.6,14.4],[-6.4,24],[-0.8,19.2],[-12,19.2],[-8,41.6],[-2.4,17.6],[-0.8,12.8],[-20.8,0.8],[0,-25.6],[0,0]],"o":[[0,0],[-30.4,16],[0,0],[43.2,-20],[17.6,-14.4],[5.6,-24],[0.8,-19.2],[12,-19.2],[13.6,-72],[2.4,-16.8],[0.8,-11.2],[32.8,-1.6],[0,0],[0,0]],"v":[[155.2,259.201],[117.6,329.599],[-29.6,409.599],[-155.2,247.201],[-68,192.8],[-29.6,130.401],[0.8,-29.599],[19.2,-92],[43.2,-186.399],[69.6,-312],[74.4,-381.599],[108.8,-408],[155.2,-364.799],[167.2,-68.001]],"c":true}]},{"i":{"x":0.667,"y":1},"o":{"x":0.167,"y":0.167},"t":10,"s":[{"i":[[0,0],[30.816,-15.184],[0,0],[0,0],[-17.6,14.401],[-7.038,23.822],[-1.312,19.171],[-12.508,18.873],[-9.107,41.372],[-2.869,17.529],[-1.141,12.775],[-20.814,0.245],[0.682,-25.592],[0,0]],"o":[[0,0],[-30.816,15.184],[0,0],[43.2,-20],[17.6,-14.399],[6.238,-23.841],[1.312,-19.172],[12.507,-18.873],[15.515,-71.612],[2.847,-16.73],[1.099,-11.174],[32.831,-0.724],[0,0],[0,0]],"v":[[134.332,261.189],[94.868,330.562],[-49.6,409.6],[-175.2,247.201],[-88,192.8],[-46.967,127.506],[-12.311,-31.625],[7.747,-93.513],[34.256,-187.239],[63.996,-312.09],[70.65,-381.538],[105.742,-407.011],[150.974,-362.588],[143.261,-73.475]],"c":true}]},{"i":{"x":0.833,"y":0.833},"o":{"x":0.333,"y":0},"t":22,"s":[{"i":[[1.212,-27.686],[72.789,-39.099],[0,0],[0,0],[-17.6,13.6],[-6.4,24],[-0.8,19.2],[-11.2,18.4],[-8,41.6],[-2.4,16.8],[-0.8,12.8],[-20.8,0.8],[-6.343,-26.218],[-7.075,-120.008]],"o":[[-2.311,52.8],[-30.264,16.256],[0,0],[43.2,-20],[17.6,-14.4],[5.6,-24],[0.8,-19.2],[11.2,-18.4],[13.6,-72],[2.4,-16.8],[1.6,-12.799],[32.8,-1.6],[0,0],[7.8,132.3]],"v":[[82.011,172.201],[11.411,338.599],[-116.289,409.599],[-241.889,247.201],[-154.689,194.401],[-116.289,132.001],[-85.889,-28],[-67.489,-90.399],[-43.489,-184.799],[-17.089,-310.399],[-23.115,-377.398],[5.635,-408.112],[53.452,-362.469],[67.511,-133.447]],"c":true}]},{"i":{"x":0.667,"y":1},"o":{"x":0.167,"y":0.167},"t":32,"s":[{"i":[[10.848,-105.291],[30.4,-16],[0,0],[0,0],[-17.6,13.6],[-6.4,24],[-0.8,19.2],[-11.2,18.4],[-4.173,47.016],[1.77,23.386],[0.98,12.788],[-20.489,3.672],[-9.913,-27.796],[-15.572,-114.256]],"o":[[-3.012,29.233],[-30.4,16],[0,0],[43.2,-20],[17.6,-14.4],[5.6,-24],[0.8,-19.2],[11.2,-18.4],[4.189,-47.2],[-1.281,-16.922],[-0.188,-12.897],[29.294,-4.197],[11.234,31.498],[17.167,125.959]],"v":[[118.511,258.8],[80.911,329.199],[-66.289,409.199],[-191.889,246.8],[-104.689,194],[-66.289,131.6],[-43.889,-20],[-30.489,-83.399],[-18.989,-187.799],[-19.57,-297.386],[-30.314,-368.404],[0.906,-402.303],[53.582,-362.221],[100.305,-119.865]],"c":true}]},{"i":{"x":0.667,"y":1},"o":{"x":0.333,"y":0},"t":38,"s":[{"i":[[0,0],[30.4,-16],[0,0],[0,0],[-17.6,14.4],[-6.4,24],[-0.8,19.2],[-12,19.2],[-8,41.6],[-2.4,17.6],[-0.8,12.8],[-20.8,0.8],[0,-25.6],[0,0]],"o":[[0,0],[-30.4,16],[0,0],[43.2,-20],[17.6,-14.4],[5.6,-24],[0.8,-19.2],[12,-19.2],[13.6,-72],[2.4,-16.8],[0.8,-11.2],[32.8,-1.6],[0,0],[0,0]],"v":[[155.2,259.201],[122.6,329.599],[-24.6,409.599],[-150.2,247.201],[-63,192.8],[-24.6,130.401],[5.8,-29.599],[24.2,-92],[48.2,-186.399],[74.6,-312],[79.4,-381.599],[113.8,-408],[155.2,-364.799],[164.2,-75.665]],"c":true}]},{"t":48,"s":[{"i":[[0,0],[30.4,-16],[0,0],[0,0],[-17.6,14.4],[-6.4,24],[-0.8,19.2],[-12,19.2],[-8,41.6],[-2.4,17.6],[-0.8,12.8],[-20.8,0.8],[0,-25.6],[0,0]],"o":[[0,0],[-30.4,16],[0,0],[43.2,-20],[17.6,-14.4],[5.6,-24],[0.8,-19.2],[12,-19.2],[13.6,-72],[2.4,-16.8],[0.8,-11.2],[32.8,-1.6],[0,0],[0,0]],"v":[[155.2,259.201],[117.6,329.599],[-29.6,409.599],[-155.2,247.201],[-68,192.8],[-29.6,130.401],[0.8,-29.599],[19.2,-92],[43.2,-186.399],[69.6,-312],[74.4,-381.599],[108.8,-408],[155.2,-364.799],[167.2,-68.001]],"c":true}]}],"ix":2},"nm":"Path 1","mn":"ADBE Vector Shape - Group","hd":false},{"ty":"fl","c":{"a":0,"k":[1,0.791999966491,0.156999999402,1],"ix":4},"o":{"a":0,"k":100,"ix":5},"r":1,"bm":0,"nm":"Fill 1","mn":"ADBE Vector Graphic - Fill","hd":false},{"ty":"tr","p":{"a":0,"k":[356.8,472],"ix":2},"a":{"a":0,"k":[0,0],"ix":1},"s":{"a":0,"k":[100,100],"ix":3},"r":{"a":0,"k":0,"ix":6},"o":{"a":0,"k":100,"ix":7},"sk":{"a":0,"k":0,"ix":4},"sa":{"a":0,"k":0,"ix":5},"nm":"Transform"}],"nm":"Group 5","np":2,"cix":2,"bm":0,"ix":1,"mn":"ADBE Vector Group","hd":false},{"ty":"gr","it":[{"ind":0,"ty":"sh","ix":1,"ks":{"a":1,"k":[{"i":{"x":0.833,"y":0.833},"o":{"x":0.333,"y":0},"t":0,"s":[{"i":[[0,0],[-32.8,-1.6],[-1.6,-12.8],[-2.4,-16.8],[-13.6,-72],[-11.2,-18.4],[-0.8,-19.2],[-5.6,-24],[-17.6,-14.4],[-43.2,-20],[0,0],[30.4,16],[0,0],[0,0]],"o":[[0,-26.4],[20.8,0.8],[0.8,12.8],[2.4,16.8],[8,41.6],[11.2,18.4],[0.8,19.2],[6.4,24],[17.6,13.6],[0,0],[0,0],[-30.4,-16],[0,0],[0,0]],"v":[[-155.2,-364.799],[-108.8,-407.999],[-74.4,-379.999],[-69.6,-310.399],[-43.2,-184.799],[-19.2,-90.399],[-0.8,-28],[29.6,132],[68,194.401],[155.2,247.201],[29.6,409.599],[-117.6,329.599],[-155.2,259.201],[-173.2,-72]],"c":true}]},{"i":{"x":0.667,"y":1},"o":{"x":0.167,"y":0.167},"t":10,"s":[{"i":[[0,0],[-32.838,0.186],[-2.294,-12.694],[-3.311,-16.645],[-17.497,-71.153],[-12.184,-17.763],[-1.844,-19.128],[-6.897,-23.659],[-17.6,-14.401],[-43.2,-20],[0,0],[31.226,14.323],[0,0],[0,0]],"o":[[-1.436,-26.361],[20.813,-0.333],[1.496,12.737],[3.31,16.644],[10.251,41.104],[12.184,17.763],[1.843,19.128],[7.696,23.616],[17.6,13.599],[0,0],[0,0],[-31.225,-14.323],[0,0],[0,0]],"v":[[-169.016,-358.09],[-125.035,-403.75],[-89.163,-377.663],[-80.583,-308.427],[-47.389,-184.45],[-18.289,-91.495],[3.479,-30.189],[42.538,127.92],[88,194.401],[175.2,247.201],[49.6,409.6],[-93.694,333.236],[-135.068,264.986],[-153.607,-75.274]],"c":true}]},{"i":{"x":0.833,"y":0.833},"o":{"x":0.333,"y":0},"t":22,"s":[{"i":[[0,0],[-32.8,-1.599],[-1.6,-12.8],[-2.4,-16.8],[-13.6,-72],[-11.2,-18.4],[-0.8,-19.2],[-5.6,-24],[-17.6,-14.4],[-43.2,-20],[0,0],[29.907,16.904],[4.183,14.618],[-8.799,149.302]],"o":[[6.343,-26.218],[20.8,0.801],[0.8,12.8],[2.4,16.8],[8,41.6],[11.2,18.4],[0.8,19.2],[6.4,24],[17.6,13.6],[0,0],[0,0],[-39.983,-22.599],[-14.003,-48.937],[7.778,-131.991]],"v":[[-51.758,-362.469],[-3.941,-408.112],[24.809,-377.397],[18.783,-310.399],[45.183,-184.799],[69.183,-90.399],[87.583,-27.999],[117.983,132.001],[156.383,194.401],[243.583,247.201],[117.983,409.6],[-8.217,340.6],[-70.317,253.701],[-69.432,-115.112]],"c":true}]},{"i":{"x":0.667,"y":1},"o":{"x":0.167,"y":0.167},"t":32,"s":[{"i":[[-23.669,101.574],[-32.8,-1.599],[-1.6,-12.8],[2.517,-22.1],[-3.62,-43.893],[-8.383,-20.1],[-0.8,-19.2],[-5.6,-24],[-17.6,-14.4],[-43.2,-20],[0,0],[29.918,16.884],[0.465,20.242],[-11.642,116.723]],"o":[[7.222,-30.993],[20.8,0.801],[0.8,12.8],[-1.921,16.862],[3.117,37.8],[8.291,19.881],[0.8,19.2],[6.4,24],[17.6,13.6],[0,0],[0,0],[-24.983,-14.099],[-1.795,-78.13],[10.292,-103.189]],"v":[[-60.758,-358.469],[-12.941,-404.112],[22.809,-371.897],[13.783,-300.399],[12.183,-179.799],[20.683,-90.899],[36.583,-27.999],[59.983,132.001],[98.383,194.401],[185.583,247.201],[59.983,409.6],[-87.217,329.6],[-124.817,259.201],[-111.024,-43.869]],"c":true}]},{"i":{"x":0.667,"y":1},"o":{"x":0.333,"y":0},"t":38,"s":[{"i":[[0,0],[-32.8,-1.6],[-1.6,-12.8],[-2.4,-16.8],[-13.6,-72],[-11.2,-18.4],[-0.8,-19.2],[-5.6,-24],[-17.6,-14.4],[-43.2,-20],[0,0],[30.4,16],[0,0],[0,0]],"o":[[0,-26.4],[20.8,0.8],[0.8,12.8],[2.4,16.8],[8,41.6],[11.2,18.4],[0.8,19.2],[6.4,24],[17.6,13.6],[0,0],[0,0],[-30.4,-16],[0,0],[0,0]],"v":[[-155.2,-364.799],[-115.8,-407.999],[-81.4,-379.999],[-76.6,-310.399],[-50.2,-184.799],[-26.2,-90.399],[-7.8,-28],[22.6,132],[61,194.401],[148.2,247.201],[22.6,409.599],[-124.6,329.599],[-155.2,259.201],[-167.2,-81.628]],"c":true}]},{"t":48,"s":[{"i":[[0,0],[-32.8,-1.6],[-1.6,-12.8],[-2.4,-16.8],[-13.6,-72],[-11.2,-18.4],[-0.8,-19.2],[-5.6,-24],[-17.6,-14.4],[-43.2,-20],[0,0],[30.4,16],[0,0],[0,0]],"o":[[0,-26.4],[20.8,0.8],[0.8,12.8],[2.4,16.8],[8,41.6],[11.2,18.4],[0.8,19.2],[6.4,24],[17.6,13.6],[0,0],[0,0],[-30.4,-16],[0,0],[0,0]],"v":[[-155.2,-364.799],[-108.8,-407.999],[-74.4,-379.999],[-69.6,-310.399],[-43.2,-184.799],[-19.2,-90.399],[-0.8,-28],[29.6,132],[68,194.401],[155.2,247.201],[29.6,409.599],[-117.6,329.599],[-155.2,259.201],[-173.2,-72]],"c":true}]}],"ix":2},"nm":"Path 1","mn":"ADBE Vector Shape - Group","hd":false},{"ty":"fl","c":{"a":0,"k":[1,0.791999966491,0.156999999402,1],"ix":4},"o":{"a":0,"k":100,"ix":5},"r":1,"bm":0,"nm":"Fill 1","mn":"ADBE Vector Graphic - Fill","hd":false},{"ty":"tr","p":{"a":0,"k":[667.2,472],"ix":2},"a":{"a":0,"k":[0,0],"ix":1},"s":{"a":0,"k":[100,100],"ix":3},"r":{"a":0,"k":0,"ix":6},"o":{"a":0,"k":100,"ix":7},"sk":{"a":0,"k":0,"ix":4},"sa":{"a":0,"k":0,"ix":5},"nm":"Transform"}],"nm":"Group 10","np":2,"cix":2,"bm":0,"ix":2,"mn":"ADBE Vector Group","hd":false}],"ip":0,"op":121,"st":0,"bm":0},{"ddd":0,"ind":3,"ty":4,"nm":"hands","tt":1,"sr":1,"ks":{"o":{"a":0,"k":100,"ix":11},"r":{"a":0,"k":0,"ix":10},"p":{"a":0,"k":[512,512,0],"ix":2,"l":2},"a":{"a":0,"k":[512,512,0],"ix":1,"l":2},"s":{"a":0,"k":[100,100,100],"ix":6,"l":2}},"ao":0,"shapes":[{"ty":"gr","it":[{"ind":0,"ty":"sh","ix":1,"ks":{"a":1,"k":[{"i":{"x":0.833,"y":0.833},"o":{"x":0.333,"y":0},"t":0,"s":[{"i":[[-20.8,5.6],[0,-53.6],[4.8,-40.8],[0,0],[-3.2,15.2],[-2.4,12.8],[-3.2,6.4],[-0.8,-21.6],[0,-16.8],[9.6,-6.4],[0.8,-6.4],[2.4,-16],[4,-12.8],[0.8,-17.6],[-0.8,9.6],[-4,13.6],[-3.2,28.8],[-2.4,13.6],[-2.4,-27.2],[6.4,-34.4],[-11.2,-36],[0,-18.4],[0,-6.4],[0,0],[-0.15,4.787],[0,0],[0,0]],"o":[[20.8,-5.6],[-16.8,-21.6],[-3.2,28.8],[0,0],[3.2,-15.2],[3.2,-12.8],[11.2,-28.8],[0.8,30.4],[-13.6,-18.4],[-8.8,5.6],[-6.4,40],[-2.4,16],[-4,12.8],[0,13.6],[1.6,-21.6],[4,-13.6],[3.2,-28],[5.6,-30.4],[2.4,21.6],[-4,20.8],[4.8,14.4],[0,17.6],[0,5.6],[0,0],[0.15,-4.787],[0,0],[0,0]],"v":[[-7.6,-318],[44.4,-269.2],[-22,-242.8],[-76.4,-16.4],[-50.8,-23.6],[-12.4,-206.8],[-5.2,-245.2],[46.8,-239.6],[47.6,-161.2],[0.4,-171.6],[-14.8,-150],[-31.6,-35.6],[-45.2,18.8],[-59.6,82.8],[-44.4,84.4],[-27.6,13.2],[-13.2,-58],[-2,-136.4],[48.4,-135.6],[46.8,-56.4],[50,61.2],[55.6,122.8],[57.2,333.2],[62.8,338.8],[68.65,333.8],[71.6,-336.4],[-11.6,-338.8]],"c":true}]},{"i":{"x":0.667,"y":1},"o":{"x":0.167,"y":0.167},"t":10,"s":[{"i":[[-20.942,5.043],[1.429,-53.58],[5.886,-40.658],[0,0],[-3.604,15.109],[-2.74,12.731],[-3.37,6.312],[-0.224,-21.614],[0.448,-16.794],[9.767,-6.142],[0.97,-6.377],[2.826,-15.931],[4.34,-12.689],[1.27,-17.573],[-1.055,9.576],[-4.361,13.489],[-3.967,28.705],[-2.762,13.531],[-1.674,-27.255],[7.315,-34.217],[-10.236,-36.287],[0.49,-18.393],[-2.101,-6.466],[0,0],[0,0],[0,0],[0,0]],"o":[[20.942,-5.043],[-16.218,-22.04],[-3.967,28.704],[0,0],[3.604,-15.109],[3.54,-12.711],[11.964,-28.491],[-0.011,30.41],[-13.105,-18.756],[-8.946,5.363],[-7.464,39.814],[-2.826,15.93],[-4.34,12.688],[-0.362,13.595],[2.176,-21.549],[4.362,-13.488],[3.946,-27.904],[6.409,-30.24],[1.823,21.656],[-4.553,20.686],[4.414,14.523],[-0.47,17.594],[2.242,6.897],[0,0],[0,0],[0,0],[0,0]],"v":[[-10.884,-317.654],[39.796,-267.485],[-27.284,-242.864],[-87.703,-17.996],[-61.92,-24.511],[-18.648,-206.621],[-10.426,-244.816],[41.406,-237.831],[40.115,-159.438],[-6.791,-171.092],[-22.562,-149.905],[-42.407,-35.994],[-57.453,18.024],[-73.555,81.617],[-58.403,83.621],[-39.71,12.895],[-23.416,-57.896],[-10.129,-135.969],[40.232,-133.825],[36.52,-54.696],[36.583,62.948],[40.538,124.675],[38.401,334.917],[41.975,340.79],[55.57,341.153],[68.778,-333.935],[-14.328,-338.553]],"c":true}]},{"i":{"x":0.833,"y":0.833},"o":{"x":0.333,"y":0},"t":22,"s":[{"i":[[-13.803,-1.589],[-6.352,-40.431],[5.132,-40.76],[0,0],[-3.324,15.173],[-2.504,12.78],[-3.253,6.373],[-0.624,-21.606],[0.137,-16.799],[9.652,-6.322],[0.852,-6.394],[2.531,-15.981],[4.105,-12.767],[0.944,-17.594],[-0.877,9.594],[-4.112,13.567],[-3.435,28.774],[-2.511,13.58],[-2.178,-27.219],[6.68,-34.347],[-10.906,-36.091],[-2.462,-18.234],[27.024,-67.591],[0,0],[0,0],[0,0],[0,0]],"o":[[24.248,2.791],[-14.852,-6.431],[-3.435,28.773],[0,0],[3.324,-15.173],[3.304,-12.774],[11.434,-28.708],[0.552,30.405],[-13.45,-18.51],[-8.845,5.528],[-6.725,39.945],[-2.531,15.98],[-4.104,12.766],[-0.11,13.599],[1.777,-21.586],[4.111,-13.566],[3.429,-27.972],[5.848,-30.354],[2.224,21.619],[-4.169,20.767],[4.682,14.439],[3.644,26.99],[-2.079,5.201],[0,0],[0,0],[0,0],[0,0]],"v":[[-109.948,-323.09],[-54.348,-278.868],[-106.96,-242.509],[-163.205,-16.561],[-137.547,-23.553],[-97.655,-206.433],[-90.142,-244.773],[-38.189,-238.749],[-38.028,-160.346],[-85.142,-171.129],[-100.518,-149.654],[-118.25,-35.395],[-132.293,18.893],[-147.215,82.773],[-132.028,84.496],[-114.648,13.436],[-99.668,-57.645],[-87.829,-135.95],[-37.437,-134.739],[-39.683,-55.555],[-37.441,62.067],[-19.344,130.711],[-14.974,335.042],[-17.775,340.54],[-10.43,341.153],[-12.601,-335.344],[-95.779,-338.422]],"c":true}]},{"i":{"x":0.667,"y":1},"o":{"x":0.167,"y":0.167},"t":32,"s":[{"i":[[-19.212,9.742],[-10.981,-52.462],[-3.661,-40.918],[0,0],[-0.018,15.533],[0.274,13.02],[-1.822,6.92],[-5.208,-20.978],[-3.442,-16.444],[8.085,-8.231],[-0.529,-6.429],[-0.929,-16.153],[2.563,-13.164],[-1.147,-17.582],[0.266,9.63],[-2.475,13.959],[1.017,28.742],[0.437,13.803],[-7.922,-26.132],[-0.783,-34.981],[-10.953,-36.033],[-2.669,-18.205],[-0.049,-6.399],[0,0],[0,0],[0,0],[0,0]],"o":[[19.212,-9.742],[-20.869,-17.7],[2.768,28.844],[0,0],[0.018,-15.533],[0.509,-13.185],[5.062,-30.484],[7.011,29.591],[-7.386,-18.275],[-7.466,7.284],[1.93,40.462],[0.928,16.152],[-2.563,13.163],[1.502,13.517],[-0.794,-21.644],[2.475,-13.958],[-1.017,-28.742],[-0.746,-30.903],[6.774,20.65],[0.346,21.178],[10.953,36.033],[14.353,97.887],[0.043,5.601],[0,0],[0,0],[0,0],[0,0]],"v":[[-116.778,-306.815],[-54.821,-270.079],[-114.404,-230.635],[-125.27,-9.892],[-100.688,-21.435],[-97.633,-197.365],[-98.452,-236.426],[-46.221,-241.598],[-29.564,-165.025],[-71.393,-168.034],[-83.846,-141.278],[-82.354,-38.613],[-93.08,22.157],[-102.077,87.355],[-86.793,87.267],[-76.206,14.648],[-70.933,-55.808],[-69.531,-130.839],[-19.036,-140.631],[-10.378,-62.533],[-9.153,49.668],[12.947,130.814],[24.562,325.76],[25.955,338.067],[39.555,337.961],[-11.403,-341.425],[-124.955,-326.355]],"c":true}]},{"i":{"x":0.667,"y":1},"o":{"x":0.333,"y":0},"t":38,"s":[{"i":[[-20.8,5.6],[0,-53.6],[4.8,-40.8],[0,0],[-3.2,15.2],[-2.4,12.8],[-3.2,6.4],[-0.8,-21.6],[0,-16.8],[9.6,-6.4],[0.8,-6.4],[2.4,-16],[4,-12.8],[0.8,-17.6],[-0.8,9.6],[-4,13.6],[-3.2,28.8],[-2.4,13.6],[-2.4,-27.2],[6.4,-34.401],[-11.2,-36],[0,-18.4],[0,-6.4],[0,0],[0,0],[0,0],[0,0]],"o":[[20.8,-5.6],[-16.8,-21.6],[-3.2,28.8],[0,0],[3.2,-15.2],[3.2,-12.8],[11.2,-28.8],[0.8,30.4],[-13.6,-18.4],[-8.8,5.6],[-6.4,40],[-2.4,16],[-4,12.8],[0,13.6],[1.6,-21.6],[4,-13.6],[3.2,-28],[5.6,-30.4],[2.4,21.6],[-4,20.8],[4.8,14.4],[0,17.6],[0,5.6],[0,0],[0,0],[0,0],[0,0]],"v":[[-2.6,-318],[49.4,-269.2],[-17,-242.8],[-71.4,-16.4],[-45.8,-23.6],[-7.4,-206.8],[-0.2,-245.2],[51.8,-239.6],[52.6,-161.2],[5.4,-171.6],[-9.8,-150],[-26.6,-35.6],[-40.2,18.8],[-54.6,82.8],[-39.4,84.4],[-22.6,13.2],[-8.2,-58],[3,-136.4],[53.4,-135.6],[53.726,-51.429],[51.948,64.719],[55.6,122.8],[57.2,333.2],[62.8,338.8],[69.4,338.8],[64.6,-336.4],[-6.6,-338.8]],"c":true}]},{"t":48,"s":[{"i":[[-20.8,5.6],[0,-53.6],[4.8,-40.8],[0,0],[-3.2,15.2],[-2.4,12.8],[-3.2,6.4],[-0.8,-21.6],[0,-16.8],[9.6,-6.4],[0.8,-6.4],[2.4,-16],[4,-12.8],[0.8,-17.6],[-0.8,9.6],[-4,13.6],[-3.2,28.8],[-2.4,13.6],[-2.4,-27.2],[6.4,-34.4],[-11.2,-36],[0,-18.4],[0,-6.4],[0,0],[-0.15,4.787],[0,0],[0,0]],"o":[[20.8,-5.6],[-16.8,-21.6],[-3.2,28.8],[0,0],[3.2,-15.2],[3.2,-12.8],[11.2,-28.8],[0.8,30.4],[-13.6,-18.4],[-8.8,5.6],[-6.4,40],[-2.4,16],[-4,12.8],[0,13.6],[1.6,-21.6],[4,-13.6],[3.2,-28],[5.6,-30.4],[2.4,21.6],[-4,20.8],[4.8,14.4],[0,17.6],[0,5.6],[0,0],[0.15,-4.787],[0,0],[0,0]],"v":[[-7.6,-318],[44.4,-269.2],[-22,-242.8],[-76.4,-16.4],[-50.8,-23.6],[-12.4,-206.8],[-5.2,-245.2],[46.8,-239.6],[47.6,-161.2],[0.4,-171.6],[-14.8,-150],[-31.6,-35.6],[-45.2,18.8],[-59.6,82.8],[-44.4,84.4],[-27.6,13.2],[-13.2,-58],[-2,-136.4],[48.4,-135.6],[46.8,-56.4],[50,61.2],[55.6,122.8],[57.2,333.2],[62.8,338.8],[68.65,333.8],[71.6,-336.4],[-11.6,-338.8]],"c":true}]}],"ix":2},"nm":"Path 1","mn":"ADBE Vector Shape - Group","hd":false},{"ty":"fl","c":{"a":0,"k":[0.552941176471,0.329411764706,0.180392156863,1],"ix":4},"o":{"a":0,"k":100,"ix":5},"r":1,"bm":0,"nm":"Fill 1","mn":"ADBE Vector Graphic - Fill","hd":false},{"ty":"tr","p":{"a":0,"k":[449.2,390.8],"ix":2},"a":{"a":0,"k":[0,0],"ix":1},"s":{"a":0,"k":[100,100],"ix":3},"r":{"a":0,"k":0,"ix":6},"o":{"a":0,"k":100,"ix":7},"sk":{"a":0,"k":0,"ix":4},"sa":{"a":0,"k":0,"ix":5},"nm":"Transform"}],"nm":"Group 2","np":2,"cix":2,"bm":0,"ix":1,"mn":"ADBE Vector Group","hd":false},{"ty":"gr","it":[{"ind":0,"ty":"sh","ix":1,"ks":{"a":1,"k":[{"i":{"x":0.833,"y":0.833},"o":{"x":0.333,"y":0},"t":0,"s":[{"i":[[0,0],[-12,9.6],[-2.4,112],[0,0],[0,0],[0,0]],"o":[[0,0],[24,4.8],[0,0],[0,0],[0,0],[0,0]],"v":[[-125.2,44.8],[-10.8,-24],[100.4,-132],[105.2,-130.5],[105.7,47.6],[-69.2,132]],"c":true}]},{"i":{"x":0.667,"y":1},"o":{"x":0.167,"y":0.167},"t":10,"s":[{"i":[[0,0],[-12.251,9.276],[-5.386,111.896],[0,0],[0,0],[0,0]],"o":[[0,0],[23.864,5.438],[13.595,0.362],[0,0],[0,0],[0,0]],"v":[[-145.2,44.8],[-32.075,-25.11],[81.966,-130.106],[102.759,-129.552],[80.914,53.09],[-89.2,132]],"c":true}]},{"i":{"x":0.833,"y":0.833},"o":{"x":0.333,"y":0},"t":22,"s":[{"i":[[0,0],[-12.251,9.276],[-0.266,114.106],[0,0],[0,0],[0,0]],"o":[[0,0],[73.275,30.11],[13.595,0.362],[0,0],[0,0],[0,0]],"v":[[-210.2,44.8],[-97.075,-25.11],[31.966,-214.106],[37.759,-129.552],[36.914,52.09],[-154.2,132]],"c":true}]},{"i":{"x":0.667,"y":1},"o":{"x":0.167,"y":0.167},"t":32,"s":[{"i":[[0,0],[-12.251,9.276],[-5.386,111.896],[0,0],[0,0],[0,0]],"o":[[0,0],[23.864,5.438],[13.595,0.362],[0,0],[0,0],[0,0]],"v":[[-173.7,52.3],[-48.075,-24.11],[64.466,-131.106],[85.259,-130.552],[85.914,53.09],[-105.2,133]],"c":true}]},{"i":{"x":0.667,"y":1},"o":{"x":0.333,"y":0},"t":38,"s":[{"i":[[0,0],[-12,9.6],[-2.4,112],[0,0],[0,0],[0,0]],"o":[[0,0],[24,4.8],[0,0],[0,0],[0,0],[0,0]],"v":[[-120.2,44.8],[-5.8,-24],[100.4,-132],[106.2,-132],[125.2,49.6],[-64.2,132]],"c":true}]},{"t":48,"s":[{"i":[[0,0],[-12,9.6],[-2.4,112],[0,0],[0,0],[0,0]],"o":[[0,0],[24,4.8],[0,0],[0,0],[0,0],[0,0]],"v":[[-125.2,44.8],[-10.8,-24],[100.4,-132],[105.2,-130.5],[125.2,49.6],[-69.2,132]],"c":true}]}],"ix":2},"nm":"Path 1","mn":"ADBE Vector Shape - Group","hd":false},{"ty":"fl","c":{"a":0,"k":[0.819607843137,0.588235294118,0.380392156863,1],"ix":4},"o":{"a":0,"k":100,"ix":5},"r":1,"bm":0,"nm":"Fill 1","mn":"ADBE Vector Graphic - Fill","hd":false},{"ty":"tr","p":{"a":0,"k":[406.8,772],"ix":2},"a":{"a":0,"k":[0,0],"ix":1},"s":{"a":0,"k":[100,100],"ix":3},"r":{"a":0,"k":0,"ix":6},"o":{"a":0,"k":100,"ix":7},"sk":{"a":0,"k":0,"ix":4},"sa":{"a":0,"k":0,"ix":5},"nm":"Transform"}],"nm":"Group 3","np":2,"cix":2,"bm":0,"ix":2,"mn":"ADBE Vector Group","hd":false},{"ty":"gr","it":[{"ind":0,"ty":"sh","ix":1,"ks":{"a":1,"k":[{"i":{"x":0.833,"y":0.833},"o":{"x":0.333,"y":0},"t":0,"s":[{"i":[[0,0],[-21.6,16],[-4.8,29.6],[-3.2,22.4],[-4.8,21.6],[-4,26.4],[0,0],[0,12.8],[-28,1.6],[0.8,2.4],[0,0],[0,0]],"o":[[0,0],[21.6,-15.2],[4.8,-29.6],[2.4,-20.8],[3.2,-15.2],[3.2,-26.4],[0,0],[0,-24],[28,-1.6],[-0.8,-2.4],[0,0],[0,0]],"v":[[-142.8,354],[-49.2,289.2],[2,219.6],[24.4,90.8],[33.2,23.6],[55.6,-33.2],[88.4,-201.2],[100.4,-274],[130.8,-322],[147.6,-351.6],[82.8,-351.6],[-158.8,306]],"c":true}]},{"i":{"x":0.667,"y":1},"o":{"x":0.167,"y":0.167},"t":10,"s":[{"i":[[0,0],[-21.6,16],[-5.588,29.461],[-3.797,22.306],[-5.375,21.465],[-4.702,26.284],[0,0],[-0.341,12.795],[-28.033,0.853],[0.736,2.42],[0,0],[0,0]],"o":[[0,0],[21.6,-15.2],[5.587,-29.462],[2.953,-20.729],[3.604,-15.109],[3.903,-26.306],[0,0],[0.641,-23.991],[28.033,-0.853],[-0.736,-2.421],[0,0],[0,0]],"v":[[-162.8,354],[-69.2,289.2],[-15.672,217.215],[10.155,89.058],[20.744,22.116],[44.65,-34.066],[81.919,-201.132],[95.856,-273.586],[127.526,-320.758],[145.109,-349.899],[80.332,-351.627],[-178.8,306]],"c":true}]},{"i":{"x":0.833,"y":0.833},"o":{"x":0.333,"y":0},"t":22,"s":[{"i":[[0,0],[-21.6,16],[-4.616,29.629],[-3.063,22.419],[-4.667,21.63],[-3.836,26.424],[0,0],[0.209,12.798],[-42.096,0.596],[0.815,2.395],[0,0],[0,0]],"o":[[0,0],[21.6,-15.2],[4.617,-29.629],[2.271,-20.815],[3.106,-15.219],[3.037,-26.42],[0,0],[-0.492,-30.09],[28.043,-0.397],[-0.815,-2.396],[0,0],[0,0]],"v":[[-222.8,354],[-129.2,289.2],[-83.76,219.789],[-62.156,90.853],[-53.77,23.599],[-31.722,-33.337],[0.041,-201.537],[13.591,-276.41],[41.695,-322.596],[58.312,-352.299],[-6.487,-351.899],[-238.8,306]],"c":true}]},{"i":{"x":0.667,"y":1},"o":{"x":0.167,"y":0.167},"t":32,"s":[{"i":[[0,0],[-21.6,16],[-4.616,29.629],[-3.063,22.419],[-4.667,21.63],[-3.836,26.424],[0,0],[2.437,12.565],[-23.596,6.784],[0.815,2.395],[0,0],[0,0]],"o":[[0,0],[21.6,-15.2],[4.617,-29.629],[2.271,-20.815],[3.106,-15.219],[3.037,-26.42],[0,0],[-8.867,-45.715],[21.404,-6.154],[-0.815,-2.396],[0,0],[0,0]],"v":[[-182.8,357],[-89.2,292.2],[-35.76,218.789],[-19.655,103.353],[-13.27,29.099],[5.278,-26.337],[5.041,-201.537],[1.966,-257.285],[23.945,-318.596],[30.812,-350.549],[-33.737,-336.149],[-198.8,309]],"c":true}]},{"i":{"x":0.667,"y":1},"o":{"x":0.333,"y":0},"t":38,"s":[{"i":[[0,0],[-21.6,16],[-4.8,29.6],[-3.2,22.4],[-4.8,21.6],[-4,26.4],[0,0],[0,12.8],[-28,1.6],[0.8,2.4],[0,0],[0,0]],"o":[[0,0],[21.6,-15.2],[4.8,-29.6],[2.4,-20.8],[3.2,-15.2],[3.2,-26.4],[0,0],[0,-24],[28,-1.6],[-0.8,-2.4],[0,0],[0,0]],"v":[[-137.8,354],[-44.2,289.2],[7,219.6],[29.4,90.8],[38.2,23.6],[60.6,-33.2],[93.4,-201.2],[105.4,-274],[135.8,-322],[147.6,-351.6],[87.8,-351.6],[-153.8,306]],"c":true}]},{"t":48,"s":[{"i":[[0,0],[-21.6,16],[-4.8,29.6],[-3.2,22.4],[-4.8,21.6],[-4,26.4],[0,0],[0,12.8],[-28,1.6],[0.8,2.4],[0,0],[0,0]],"o":[[0,0],[21.6,-15.2],[4.8,-29.6],[2.4,-20.8],[3.2,-15.2],[3.2,-26.4],[0,0],[0,-24],[28,-1.6],[-0.8,-2.4],[0,0],[0,0]],"v":[[-142.8,354],[-49.2,289.2],[2,219.6],[24.4,90.8],[33.2,23.6],[55.6,-33.2],[88.4,-201.2],[100.4,-274],[130.8,-322],[147.6,-351.6],[82.8,-351.6],[-158.8,306]],"c":true}]}],"ix":2},"nm":"Path 1","mn":"ADBE Vector Shape - Group","hd":false},{"ty":"fl","c":{"a":0,"k":[0.819607843137,0.588235294118,0.380392156863,1],"ix":4},"o":{"a":0,"k":100,"ix":5},"r":1,"bm":0,"nm":"Fill 1","mn":"ADBE Vector Graphic - Fill","hd":false},{"ty":"tr","p":{"a":0,"k":[344.4,394],"ix":2},"a":{"a":0,"k":[0,0],"ix":1},"s":{"a":0,"k":[100,100],"ix":3},"r":{"a":0,"k":0,"ix":6},"o":{"a":0,"k":100,"ix":7},"sk":{"a":0,"k":0,"ix":4},"sa":{"a":0,"k":0,"ix":5},"nm":"Transform"}],"nm":"Group 4","np":2,"cix":2,"bm":0,"ix":3,"mn":"ADBE Vector Group","hd":false},{"ty":"gr","it":[{"ind":0,"ty":"sh","ix":1,"ks":{"a":1,"k":[{"i":{"x":0.833,"y":0.833},"o":{"x":0.333,"y":0},"t":0,"s":[{"i":[[0,0],[30.4,-16],[0,0],[0,0],[-17.6,14.4],[-6.4,24],[-0.8,19.2],[-12,19.2],[-8,41.6],[-2.4,17.6],[-0.8,12.8],[-20.8,0.8],[0,-25.6]],"o":[[0,0],[-30.4,16],[0,0],[43.2,-20],[17.6,-14.4],[5.6,-24],[0.8,-19.2],[12,-19.2],[13.6,-72],[2.4,-16.8],[0.8,-11.2],[32.8,-1.6],[0,0]],"v":[[155.2,259.201],[117.6,329.599],[-29.6,409.599],[-155.2,247.201],[-68,192.8],[-29.6,130.401],[0.8,-29.599],[19.2,-92],[43.2,-186.399],[69.6,-312],[74.4,-381.599],[108.8,-408],[155.2,-364.799]],"c":true}]},{"i":{"x":0.667,"y":1},"o":{"x":0.167,"y":0.167},"t":10,"s":[{"i":[[0,0],[30.816,-15.184],[0,0],[0,0],[-17.6,14.401],[-7.038,23.822],[-1.312,19.171],[-12.508,18.873],[-9.107,41.372],[-2.869,17.529],[-1.141,12.775],[-20.814,0.245],[0.682,-25.592]],"o":[[0,0],[-30.816,15.184],[0,0],[43.2,-20],[17.6,-14.399],[6.238,-23.841],[1.312,-19.172],[12.507,-18.873],[15.515,-71.612],[2.847,-16.73],[1.099,-11.174],[32.831,-0.724],[0,0]],"v":[[134.332,261.189],[94.868,330.562],[-49.6,409.6],[-175.2,247.201],[-88,192.8],[-46.967,127.506],[-12.311,-31.625],[7.747,-93.513],[34.256,-187.239],[63.996,-312.09],[70.65,-381.538],[105.742,-407.011],[150.974,-362.588]],"c":true}]},{"i":{"x":0.833,"y":0.833},"o":{"x":0.333,"y":0},"t":22,"s":[{"i":[[2.311,-52.8],[72.789,-39.099],[0,0],[0,0],[-17.6,13.6],[-6.4,24],[-0.8,19.2],[-11.2,18.4],[-8,41.6],[-2.4,16.8],[-0.8,12.8],[-20.8,0.8],[-6.343,-26.218]],"o":[[-2.311,52.8],[-30.264,16.256],[0,0],[43.2,-20],[17.6,-14.4],[5.6,-24],[0.8,-19.2],[11.2,-18.4],[13.6,-72],[2.4,-16.8],[1.6,-12.799],[32.8,-1.6],[0,0]],"v":[[82.011,172.201],[11.411,338.599],[-116.289,409.599],[-241.889,247.201],[-154.689,194.401],[-116.289,132.001],[-85.889,-28],[-67.489,-90.399],[-43.489,-184.799],[-17.089,-310.399],[-23.115,-377.398],[5.635,-408.112],[53.452,-362.469]],"c":true}]},{"i":{"x":0.667,"y":1},"o":{"x":0.167,"y":0.167},"t":32,"s":[{"i":[[20.689,-200.8],[30.4,-16],[0,0],[0,0],[-17.6,13.6],[-6.4,24],[-0.8,19.2],[-11.2,18.4],[-4.173,47.016],[1.77,23.386],[0.98,12.788],[-20.489,3.672],[-9.913,-27.796]],"o":[[-3.012,29.233],[-30.4,16],[0,0],[43.2,-20],[17.6,-14.4],[5.6,-24],[0.8,-19.2],[11.2,-18.4],[4.189,-47.2],[-1.281,-16.922],[-0.188,-12.897],[29.294,-4.197],[23.618,66.222]],"v":[[118.511,258.8],[80.911,329.199],[-66.289,409.199],[-191.889,246.8],[-104.689,194],[-66.289,131.6],[-43.889,-20],[-30.489,-83.399],[-18.989,-187.799],[-19.57,-297.386],[-30.314,-368.404],[0.906,-402.303],[53.582,-362.221]],"c":true}]},{"i":{"x":0.667,"y":1},"o":{"x":0.333,"y":0},"t":38,"s":[{"i":[[0,0],[30.4,-16],[0,0],[0,0],[-17.6,14.4],[-6.4,24],[-0.8,19.2],[-12,19.2],[-8,41.6],[-2.4,17.6],[-0.8,12.8],[-20.8,0.8],[0,-25.6]],"o":[[0,0],[-30.4,16],[0,0],[43.2,-20],[17.6,-14.4],[5.6,-24],[0.8,-19.2],[12,-19.2],[13.6,-72],[2.4,-16.8],[0.8,-11.2],[32.8,-1.6],[0,0]],"v":[[155.2,259.201],[122.6,329.599],[-24.6,409.599],[-150.2,247.201],[-63,192.8],[-24.6,130.401],[5.8,-29.599],[24.2,-92],[48.2,-186.399],[74.6,-312],[79.4,-381.599],[113.8,-408],[155.2,-364.799]],"c":true}]},{"t":48,"s":[{"i":[[0,0],[30.4,-16],[0,0],[0,0],[-17.6,14.4],[-6.4,24],[-0.8,19.2],[-12,19.2],[-8,41.6],[-2.4,17.6],[-0.8,12.8],[-20.8,0.8],[0,-25.6]],"o":[[0,0],[-30.4,16],[0,0],[43.2,-20],[17.6,-14.4],[5.6,-24],[0.8,-19.2],[12,-19.2],[13.6,-72],[2.4,-16.8],[0.8,-11.2],[32.8,-1.6],[0,0]],"v":[[155.2,259.201],[117.6,329.599],[-29.6,409.599],[-155.2,247.201],[-68,192.8],[-29.6,130.401],[0.8,-29.599],[19.2,-92],[43.2,-186.399],[69.6,-312],[74.4,-381.599],[108.8,-408],[155.2,-364.799]],"c":true}]}],"ix":2},"nm":"Path 1","mn":"ADBE Vector Shape - Group","hd":false},{"ty":"fl","c":{"a":0,"k":[0.878431372549,0.733333333333,0.58431372549,1],"ix":4},"o":{"a":0,"k":100,"ix":5},"r":1,"bm":0,"nm":"Fill 1","mn":"ADBE Vector Graphic - Fill","hd":false},{"ty":"tr","p":{"a":0,"k":[356.8,472],"ix":2},"a":{"a":0,"k":[0,0],"ix":1},"s":{"a":0,"k":[100,100],"ix":3},"r":{"a":0,"k":0,"ix":6},"o":{"a":0,"k":100,"ix":7},"sk":{"a":0,"k":0,"ix":4},"sa":{"a":0,"k":0,"ix":5},"nm":"Transform"}],"nm":"Group 5","np":2,"cix":2,"bm":0,"ix":4,"mn":"ADBE Vector Group","hd":false},{"ty":"gr","it":[{"ind":0,"ty":"sh","ix":1,"ks":{"a":1,"k":[{"i":{"x":0.833,"y":0.833},"o":{"x":0.333,"y":0},"t":0,"s":[{"i":[[20.8,5.6],[0,-53.6],[-4.8,-40.8],[0,0],[3.2,15.2],[2.4,12.8],[3.2,6.4],[0.8,-21.6],[0,-16.8],[-9.6,-6.4],[-0.8,-6.4],[-2.4,-16],[-4,-12.8],[-0.8,-17.6],[0.8,9.6],[4,13.6],[3.2,28.8],[2.4,13.6],[2.4,-27.2],[-6.4,-34.4],[11.2,-36],[0,-18.4],[0,-6.4],[0,0],[0,0],[0,0],[0,0]],"o":[[-20.8,-5.6],[16.8,-21.6],[3.2,28.8],[0,0],[-3.2,-15.2],[-3.2,-12.8],[-11.2,-28.8],[-0.8,30.4],[13.6,-18.4],[8.8,5.6],[6.4,40],[2.4,16],[4,13.6],[0,13.6],[-1.6,-21.6],[-4,-13.6],[-3.2,-28],[-5.6,-30.4],[-2.4,21.6],[4,20.8],[-4.8,14.4],[0,17.6],[0,6.401],[0,0],[0,0],[0,0],[0.8,0]],"v":[[7.6,-318.401],[-44.4,-269.6],[22,-243.201],[76.4,-16.8],[50.8,-24],[12.4,-207.201],[5.2,-245.6],[-46.8,-240],[-47.6,-161.6],[-0.4,-172],[14.8,-150.401],[31.6,-36],[45.2,18.399],[59.6,82.399],[44.4,83.999],[27.6,12.799],[13.2,-58.401],[2,-136.8],[-48.4,-136],[-46.8,-56.8],[-50,60.799],[-55.6,122.399],[-57.2,332.799],[-62.8,337.599],[-76.4,337.599],[-71.6,-336.8],[10.8,-339.201]],"c":true}]},{"i":{"x":0.667,"y":1},"o":{"x":0.167,"y":0.167},"t":10,"s":[{"i":[[21.074,4.46],[-2.916,-53.521],[-7.013,-40.479],[0,0],[4.023,15.003],[3.092,12.651],[3.544,6.217],[-0.377,-21.612],[-0.914,-16.775],[-9.934,-5.869],[-1.147,-6.347],[-3.267,-15.845],[-4.69,-12.564],[-1.756,-17.53],[1.321,9.542],[4.734,13.362],[4.762,28.583],[3.136,13.449],[0.917,-27.291],[-8.261,-34.001],[9.225,-36.556],[-1.001,-18.373],[1.26,-6.274],[0,0],[0,0],[0,0],[0,0]],"o":[[-21.074,-4.46],[15.6,-22.482],[4.762,28.583],[0,0],[-4.022,-15.004],[-3.892,-12.607],[-12.75,-28.148],[0.855,30.398],[12.579,-19.113],[9.091,5.112],[8.567,39.592],[3.267,15.846],[4.734,13.362],[0.74,13.581],[-2.773,-21.481],[-4.734,-13.363],[-4.719,-27.785],[-7.246,-30.051],[-1.221,21.698],[5.126,20.552],[-4.009,14.64],[0.957,17.573],[-1.333,6.633],[0,0],[0,0],[0,0],[0.798,-0.044]],"v":[[-8.192,-315.47],[-57.46,-263.913],[10.278,-241.164],[76.914,-18.059],[50.96,-23.856],[2.651,-204.696],[-6.628,-242.647],[-58.246,-234.226],[-54.78,-155.899],[-8.215,-168.851],[8.137,-148.11],[31.136,-34.794],[47.675,18.786],[65.536,81.907],[50.446,84.332],[29.797,14.152],[11.545,-56.159],[-3.904,-133.834],[-54.186,-130.293],[-48.28,-51.298],[-45.077,66.302],[-47.317,128.116],[-37.593,335.416],[-42.799,343.388],[-56.379,344.129],[-88.276,-329.534],[-6.128,-336.413]],"c":true}]},{"i":{"x":0.833,"y":0.833},"o":{"x":0.333,"y":0},"t":22,"s":[{"i":[[20.8,5.6],[4.134,-45.508],[-4.8,-40.799],[0,0],[3.2,15.199],[2.4,12.8],[3.2,6.4],[0.8,-21.601],[0,-16.8],[-9.6,-6.401],[-0.8,-6.4],[-2.4,-16],[-4,-12.8],[-0.8,-17.6],[0.8,9.599],[4,13.6],[3.2,28.8],[2.4,13.6],[2.4,-27.201],[-6.4,-34.4],[11.2,-36],[2.847,-17.44],[-7.482,-54],[0,0],[0,0],[0,0],[0,0]],"o":[[-20.8,-5.6],[17.912,-5.953],[3.2,28.8],[0,0],[-3.2,-15.201],[-3.2,-12.799],[-11.2,-28.8],[-0.8,30.399],[13.6,-18.399],[8.8,5.599],[6.4,40],[2.4,16],[4,13.601],[0,13.601],[-1.6,-21.601],[-4,-13.6],[-3.2,-28],[-5.6,-30.4],[-2.4,21.599],[4,20.801],[-4.8,14.4],[-19.082,116.9],[0.879,6.34],[0,0],[0,0],[0,0],[0.8,0]],"v":[[113.311,-317.312],[59.01,-279.026],[110.382,-243.201],[164.782,-16.801],[139.182,-24],[100.782,-207.201],[93.582,-245.601],[41.582,-240],[40.782,-161.601],[87.982,-172],[103.182,-150.401],[119.982,-36],[133.582,18.399],[147.982,82.399],[132.782,84],[115.982,12.799],[101.582,-58.401],[90.382,-136.801],[39.982,-136],[41.582,-56.801],[38.382,60.799],[23.282,132.899],[12.682,312.799],[20.082,337.599],[11.982,337.599],[16.782,-336.801],[99.182,-339.201]],"c":true}]},{"i":{"x":0.667,"y":1},"o":{"x":0.167,"y":0.167},"t":32,"s":[{"i":[[19.004,10.141],[12.072,-52.223],[4.513,-40.833],[0,0],[2.3,15.363],[-0.545,13.012],[1.676,6.956],[5.645,-20.865],[2.065,-16.673],[-8.741,-7.532],[-0.008,-6.449],[-1.454,-16.114],[-3.239,-13.013],[0.237,-17.616],[0.234,9.631],[3.193,13.811],[-0.362,28.975],[0.711,13.792],[5.724,-26.699],[-2.125,-34.926],[13.3,-35.278],[1.083,-18.369],[-0.853,-108.937],[0,0],[0,0],[0,0],[0,0]],"o":[[-19.004,-10.141],[21.233,-17.261],[-3.369,28.781],[0,0],[-2.3,-15.361],[-0.235,-13.192],[-4.426,-30.583],[-7.626,29.438],[15.758,-16.59],[8.045,6.638],[1.437,40.484],[1.454,16.113],[3.193,13.813],[-0.801,13.576],[-0.326,-21.656],[-3.192,-13.812],[0.265,-28.181],[-1.822,-30.858],[-5.035,21.142],[1.414,21.133],[-5.639,14.092],[-1.036,17.569],[0.055,6.986],[0,0],[0,0],[0,0],[0.779,0.181]],"v":[[109.77,-306.682],[48.115,-270.848],[106.862,-230.171],[118.701,-11.401],[93.569,-20.096],[89.401,-197.258],[91.035,-236.293],[39.109,-242.549],[24.373,-167.09],[63.59,-169.19],[76.021,-145.887],[75.108,-33.204],[85.483,21.901],[96.092,86.638],[80.824,87.34],[68.243,15.276],[63.129,-54.78],[61.647,-133.962],[11.53,-139.361],[3.387,-60.564],[0.437,56.028],[-22.689,144.856],[-28.605,320.314],[-32.704,337.615],[-46.304,337.619],[4.768,-342.196],[117.573,-326.227]],"c":true}]},{"i":{"x":0.667,"y":1},"o":{"x":0.333,"y":0},"t":38,"s":[{"i":[[20.8,5.6],[0,-53.6],[-4.8,-40.8],[0,0],[3.2,15.2],[2.4,12.8],[3.2,6.4],[0.8,-21.6],[0,-16.8],[-9.6,-6.4],[-0.8,-6.4],[-2.4,-16],[-4,-12.8],[-0.8,-17.6],[0.8,9.6],[4,13.6],[3.2,28.8],[2.4,13.6],[2.4,-27.2],[-6.4,-34.4],[11.2,-36],[0,-18.4],[0,-6.4],[0,0],[0,0],[0,0],[0,0]],"o":[[-20.8,-5.6],[16.8,-21.6],[3.2,28.8],[0,0],[-3.2,-15.2],[-3.2,-12.8],[-11.2,-28.8],[-0.8,30.4],[13.6,-18.4],[8.8,5.6],[6.4,40],[2.4,16],[4,13.6],[0,13.6],[-1.6,-21.6],[-4,-13.6],[-3.2,-28],[-5.6,-30.4],[-2.4,21.6],[4,20.8],[-4.8,14.4],[0,17.6],[0,6.401],[0,0],[0,0],[0,0],[0.8,0]],"v":[[0.6,-318.401],[-51.4,-269.6],[15,-243.201],[69.4,-16.8],[43.8,-24],[5.4,-207.201],[-1.8,-245.6],[-53.8,-240],[-54.6,-161.6],[-7.4,-172],[7.8,-150.401],[24.6,-36],[38.2,18.399],[52.6,82.399],[37.4,83.999],[20.6,12.799],[6.2,-58.401],[-5,-136.8],[-55.4,-136],[-53.8,-56.8],[-50,60.799],[-55.6,122.399],[-57.2,332.799],[-62.8,337.599],[-71.4,337.599],[-66.6,-336.8],[3.8,-339.201]],"c":true}]},{"t":48,"s":[{"i":[[20.8,5.6],[0,-53.6],[-4.8,-40.8],[0,0],[3.2,15.2],[2.4,12.8],[3.2,6.4],[0.8,-21.6],[0,-16.8],[-9.6,-6.4],[-0.8,-6.4],[-2.4,-16],[-4,-12.8],[-0.8,-17.6],[0.8,9.6],[4,13.6],[3.2,28.8],[2.4,13.6],[2.4,-27.2],[-6.4,-34.4],[11.2,-36],[0,-18.4],[0,-6.4],[0,0],[0,0],[0,0],[0,0]],"o":[[-20.8,-5.6],[16.8,-21.6],[3.2,28.8],[0,0],[-3.2,-15.2],[-3.2,-12.8],[-11.2,-28.8],[-0.8,30.4],[13.6,-18.4],[8.8,5.6],[6.4,40],[2.4,16],[4,13.6],[0,13.6],[-1.6,-21.6],[-4,-13.6],[-3.2,-28],[-5.6,-30.4],[-2.4,21.6],[4,20.8],[-4.8,14.4],[0,17.6],[0,6.401],[0,0],[0,0],[0,0],[0.8,0]],"v":[[7.6,-318.401],[-44.4,-269.6],[22,-243.201],[76.4,-16.8],[50.8,-24],[12.4,-207.201],[5.2,-245.6],[-46.8,-240],[-47.6,-161.6],[-0.4,-172],[14.8,-150.401],[31.6,-36],[45.2,18.399],[59.6,82.399],[44.4,83.999],[27.6,12.799],[13.2,-58.401],[2,-136.8],[-48.4,-136],[-46.8,-56.8],[-50,60.799],[-55.6,122.399],[-57.2,332.799],[-62.8,337.599],[-76.4,337.599],[-71.6,-336.8],[10.8,-339.201]],"c":true}]}],"ix":2},"nm":"Path 1","mn":"ADBE Vector Shape - Group","hd":false},{"ty":"fl","c":{"a":0,"k":[0.552941176471,0.329411764706,0.180392156863,1],"ix":4},"o":{"a":0,"k":100,"ix":5},"r":1,"bm":0,"nm":"Fill 1","mn":"ADBE Vector Graphic - Fill","hd":false},{"ty":"tr","p":{"a":0,"k":[574.8,391.2],"ix":2},"a":{"a":0,"k":[0,0],"ix":1},"s":{"a":0,"k":[100,100],"ix":3},"r":{"a":0,"k":0,"ix":6},"o":{"a":0,"k":100,"ix":7},"sk":{"a":0,"k":0,"ix":4},"sa":{"a":0,"k":0,"ix":5},"nm":"Transform"}],"nm":"Group 7","np":2,"cix":2,"bm":0,"ix":5,"mn":"ADBE Vector Group","hd":false},{"ty":"gr","it":[{"ind":0,"ty":"sh","ix":1,"ks":{"a":1,"k":[{"i":{"x":0.833,"y":0.833},"o":{"x":0.333,"y":0},"t":0,"s":[{"i":[[0,0],[12,9.6],[2.4,112],[0,0],[0,0],[0,0]],"o":[[0,0],[-24,4.8],[0,0],[0,0],[0,0],[0,0]],"v":[[125.2,44.8],[10.8,-24],[-100.4,-132],[-121.2,-132],[-125.2,49.6],[69.2,132]],"c":true}]},{"i":{"x":0.667,"y":1},"o":{"x":0.167,"y":0.167},"t":10,"s":[{"i":[[0,0],[12.505,8.933],[8.49,111.704],[0,0],[0,0],[0,0]],"o":[[0,0],[-23.703,6.099],[-13.579,0.741],[0,0],[0,0],[0,0]],"v":[[145.2,44.8],[31.674,-24.55],[-85.237,-126.341],[-106.006,-125.209],[-100.12,56.34],[89.2,132]],"c":true}]},{"i":{"x":0.833,"y":0.833},"o":{"x":0.333,"y":0},"t":22,"s":[{"i":[[0,0],[12,9.6],[-6.682,239],[0,0],[0,0],[0,0]],"o":[[0,0],[-41.882,5],[0,0],[0,0],[0,0],[0,0]],"v":[[213.582,44.8],[99.182,-24],[-22.018,-247.5],[-32.818,-132],[-36.818,49.6],[157.582,132]],"c":true}]},{"i":{"x":0.667,"y":1},"o":{"x":0.167,"y":0.167},"t":32,"s":[{"i":[[0,0],[12,9.6],[2.4,112],[0,0],[0,0],[0,0]],"o":[[0,0],[-24,4.8],[0,0],[0,0],[0,0],[0,0]],"v":[[155.2,44.8],[40.8,-24],[-70.4,-132],[-91.2,-132],[-95.2,49.6],[99.2,132]],"c":true}]},{"i":{"x":0.667,"y":1},"o":{"x":0.333,"y":0},"t":38,"s":[{"i":[[0,0],[12,9.6],[2.4,112],[0,0],[0,0],[0,0]],"o":[[0,0],[-24,4.8],[0,0],[0,0],[0,0],[0,0]],"v":[[118.2,44.8],[3.8,-24],[-100.4,-132],[-121.2,-132],[-120.2,49.6],[62.2,132]],"c":true}]},{"t":48,"s":[{"i":[[0,0],[12,9.6],[2.4,112],[0,0],[0,0],[0,0]],"o":[[0,0],[-24,4.8],[0,0],[0,0],[0,0],[0,0]],"v":[[125.2,44.8],[10.8,-24],[-100.4,-132],[-121.2,-132],[-125.2,49.6],[69.2,132]],"c":true}]}],"ix":2},"nm":"Path 1","mn":"ADBE Vector Shape - Group","hd":false},{"ty":"fl","c":{"a":0,"k":[0.819607843137,0.588235294118,0.380392156863,1],"ix":4},"o":{"a":0,"k":100,"ix":5},"r":1,"bm":0,"nm":"Fill 1","mn":"ADBE Vector Graphic - Fill","hd":false},{"ty":"tr","p":{"a":0,"k":[617.2,772],"ix":2},"a":{"a":0,"k":[0,0],"ix":1},"s":{"a":0,"k":[100,100],"ix":3},"r":{"a":0,"k":0,"ix":6},"o":{"a":0,"k":100,"ix":7},"sk":{"a":0,"k":0,"ix":4},"sa":{"a":0,"k":0,"ix":5},"nm":"Transform"}],"nm":"Group 8","np":2,"cix":2,"bm":0,"ix":6,"mn":"ADBE Vector Group","hd":false},{"ty":"gr","it":[{"ind":0,"ty":"sh","ix":1,"ks":{"a":1,"k":[{"i":{"x":0.833,"y":0.833},"o":{"x":0.333,"y":0},"t":0,"s":[{"i":[[0,0],[21.6,16],[4.8,29.6],[3.2,22.4],[4.8,21.6],[4,26.4],[0,0],[0,12.8],[28,1.6],[-0.8,2.4],[0,0],[0,0]],"o":[[0,0],[-21.6,-15.2],[-4.8,-29.6],[-2.4,-20.8],[-3.2,-15.2],[-3.2,-26.4],[0,0],[0,-24],[-28,-1.6],[1.6,-1.6],[0,0],[0,0]],"v":[[143.2,353.6],[49.6,288.8],[-1.6,219.2],[-24,90.4],[-32.8,23.2],[-55.2,-33.6],[-88,-201.6],[-100,-274.4],[-130.4,-322.4],[-147.2,-352],[-82.4,-352],[158.4,304.8]],"c":true}]},{"i":{"x":0.667,"y":1},"o":{"x":0.167,"y":0.167},"t":10,"s":[{"i":[[0,0],[21.6,16],[6.403,29.295],[4.414,22.193],[5.968,21.307],[5.43,26.143],[0,0],[0.696,12.781],[28.045,0.074],[-0.668,2.44],[0,0],[0,0]],"o":[[0,0],[-21.6,-15.2],[-6.403,-29.295],[-3.528,-20.639],[-4.022,-15.003],[-4.631,-26.187],[0,0],[-1.306,-23.965],[-28.046,-0.074],[1.511,-1.685],[0,0],[0,0]],"v":[[163.2,353.6],[69.6,288.8],[11.889,216.151],[-17.485,88.76],[-29.928,22.138],[-55.385,-33.359],[-97.276,-199.326],[-113.219,-271.365],[-146.185,-317.64],[-164.571,-346.282],[-99.867,-349.808],[178.4,304.8]],"c":true}]},{"i":{"x":0.833,"y":0.833},"o":{"x":0.333,"y":0},"t":22,"s":[{"i":[[0,0],[21.6,16],[4.8,29.6],[3.2,22.4],[4.8,21.6],[4,26.4],[0,0],[0,12.8],[28,1.6],[-0.8,2.4],[0,0],[0,0]],"o":[[0,0],[-21.6,-15.2],[-4.8,-29.6],[-2.4,-20.8],[-3.2,-15.2],[-3.2,-26.4],[0,0],[0,-24],[-28,-1.6],[1.6,-1.6],[0,0],[0,0]],"v":[[231.583,353.6],[137.982,288.8],[86.782,219.2],[64.383,90.4],[55.583,23.2],[33.182,-33.6],[0.383,-201.6],[-11.617,-274.4],[-26.641,-322.497],[-58.818,-352],[5.982,-352],[246.782,304.8]],"c":true}]},{"i":{"x":0.667,"y":1},"o":{"x":0.167,"y":0.167},"t":32,"s":[{"i":[[0,0],[21.6,16],[4.8,29.6],[1.87,22.549],[3.514,21.847],[2.431,26.59],[0,0],[-2.887,12.47],[26.918,7.874],[-1.321,2.158],[0,0],[0,0]],"o":[[0,0],[-21.6,-15.2],[-4.8,-29.6],[-1.166,-20.906],[-2.296,-15.362],[-1.633,-26.543],[0,0],[5.412,-23.382],[-26.918,-7.873],[1.919,-1.198],[0,0],[0,0]],"v":[[173.2,353.6],[79.6,288.8],[28.4,219.2],[11.769,95.871],[6.959,28.267],[-12.043,-29.758],[-13.03,-190.963],[-8.303,-264.594],[-27.095,-318.213],[-36.787,-350.839],[26.344,-336.226],[188.4,304.8]],"c":true}]},{"i":{"x":0.667,"y":1},"o":{"x":0.333,"y":0},"t":38,"s":[{"i":[[0,0],[21.6,16],[4.8,29.6],[3.2,22.4],[4.8,21.6],[4,26.4],[0,0],[0,12.8],[28,1.6],[-0.8,2.4],[0,0],[0,0]],"o":[[0,0],[-21.6,-15.2],[-4.8,-29.6],[-2.4,-20.8],[-3.2,-15.2],[-3.2,-26.4],[0,0],[0,-24],[-28,-1.6],[1.6,-1.6],[0,0],[0,0]],"v":[[136.2,353.6],[42.6,288.8],[-8.6,219.2],[-31,90.4],[-39.8,23.2],[-62.2,-33.6],[-95,-201.6],[-107,-274.4],[-137.4,-322.4],[-147.2,-352],[-89.4,-352],[151.4,304.8]],"c":true}]},{"t":48,"s":[{"i":[[0,0],[21.6,16],[4.8,29.6],[3.2,22.4],[4.8,21.6],[4,26.4],[0,0],[0,12.8],[28,1.6],[-0.8,2.4],[0,0],[0,0]],"o":[[0,0],[-21.6,-15.2],[-4.8,-29.6],[-2.4,-20.8],[-3.2,-15.2],[-3.2,-26.4],[0,0],[0,-24],[-28,-1.6],[1.6,-1.6],[0,0],[0,0]],"v":[[143.2,353.6],[49.6,288.8],[-1.6,219.2],[-24,90.4],[-32.8,23.2],[-55.2,-33.6],[-88,-201.6],[-100,-274.4],[-130.4,-322.4],[-147.2,-352],[-82.4,-352],[158.4,304.8]],"c":true}]}],"ix":2},"nm":"Path 1","mn":"ADBE Vector Shape - Group","hd":false},{"ty":"fl","c":{"a":0,"k":[0.819607843137,0.588235294118,0.380392156863,1],"ix":4},"o":{"a":0,"k":100,"ix":5},"r":1,"bm":0,"nm":"Fill 1","mn":"ADBE Vector Graphic - Fill","hd":false},{"ty":"tr","p":{"a":0,"k":[679.2,394.4],"ix":2},"a":{"a":0,"k":[0,0],"ix":1},"s":{"a":0,"k":[100,100],"ix":3},"r":{"a":0,"k":0,"ix":6},"o":{"a":0,"k":100,"ix":7},"sk":{"a":0,"k":0,"ix":4},"sa":{"a":0,"k":0,"ix":5},"nm":"Transform"}],"nm":"Group 9","np":2,"cix":2,"bm":0,"ix":7,"mn":"ADBE Vector Group","hd":false},{"ty":"gr","it":[{"ind":0,"ty":"sh","ix":1,"ks":{"a":1,"k":[{"i":{"x":0.833,"y":0.833},"o":{"x":0.333,"y":0},"t":0,"s":[{"i":[[0,0],[-32.8,-1.6],[-1.6,-12.8],[-2.4,-16.8],[-13.6,-72],[-11.2,-18.4],[-0.8,-19.2],[-5.6,-24],[-17.6,-14.4],[-43.2,-20],[0,0],[30.4,16],[0,0]],"o":[[0,-26.4],[20.8,0.8],[0.8,12.8],[2.4,16.8],[8,41.6],[11.2,18.4],[0.8,19.2],[6.4,24],[17.6,13.6],[0,0],[0,0],[-30.4,-16],[0,0]],"v":[[-155.2,-364.799],[-108.8,-407.999],[-74.4,-379.999],[-69.6,-310.399],[-43.2,-184.799],[-19.2,-90.399],[-0.8,-28],[29.6,132],[68,194.401],[155.2,247.201],[29.6,409.599],[-117.6,329.599],[-155.2,259.201]],"c":true}]},{"i":{"x":0.667,"y":1},"o":{"x":0.167,"y":0.167},"t":10,"s":[{"i":[[0,0],[-32.838,0.186],[-2.294,-12.694],[-3.311,-16.645],[-17.497,-71.153],[-12.184,-17.763],[-1.844,-19.128],[-6.897,-23.659],[-17.6,-14.401],[-43.2,-20],[0,0],[31.226,14.323],[0,0]],"o":[[-1.436,-26.361],[20.813,-0.333],[1.496,12.737],[3.31,16.644],[10.251,41.104],[12.184,17.763],[1.843,19.128],[7.696,23.616],[17.6,13.599],[0,0],[0,0],[-31.225,-14.323],[0,0]],"v":[[-169.016,-358.09],[-125.035,-403.75],[-89.163,-377.663],[-80.583,-308.427],[-47.389,-184.45],[-18.289,-91.495],[3.479,-30.189],[42.538,127.92],[88,194.401],[175.2,247.201],[49.6,409.6],[-93.694,333.236],[-135.068,264.986]],"c":true}]},{"i":{"x":0.833,"y":0.833},"o":{"x":0.333,"y":0},"t":22,"s":[{"i":[[0,0],[-32.8,-1.599],[-1.6,-12.8],[-2.4,-16.8],[-13.6,-72],[-11.2,-18.4],[-0.8,-19.2],[-5.6,-24],[-17.6,-14.4],[-43.2,-20],[0,0],[29.907,16.904],[4.183,14.618]],"o":[[6.343,-26.218],[20.8,0.801],[0.8,12.8],[2.4,16.8],[8,41.6],[11.2,18.4],[0.8,19.2],[6.4,24],[17.6,13.6],[0,0],[0,0],[-39.983,-22.599],[-26.383,-92.2]],"v":[[-51.758,-362.469],[-3.941,-408.112],[24.809,-377.397],[18.783,-310.399],[45.183,-184.799],[69.183,-90.399],[87.583,-27.999],[117.983,132.001],[156.383,194.401],[243.583,247.201],[117.983,409.6],[-8.217,340.6],[-70.317,253.701]],"c":true}]},{"i":{"x":0.667,"y":1},"o":{"x":0.167,"y":0.167},"t":32,"s":[{"i":[[-50.442,216.47],[-32.8,-1.599],[-1.6,-12.8],[2.517,-22.1],[-3.62,-43.893],[-8.383,-20.1],[-0.8,-19.2],[-5.6,-24],[-17.6,-14.4],[-43.2,-20],[0,0],[29.918,16.884],[0.465,20.242]],"o":[[7.222,-30.993],[20.8,0.801],[0.8,12.8],[-1.921,16.862],[3.117,37.8],[8.291,19.881],[0.8,19.2],[6.4,24],[17.6,13.6],[0,0],[0,0],[-24.983,-14.099],[-3.383,-147.2]],"v":[[-60.758,-358.469],[-12.941,-404.112],[22.809,-371.897],[13.783,-300.399],[12.183,-179.799],[20.683,-90.899],[36.583,-27.999],[59.983,132.001],[98.383,194.401],[185.583,247.201],[59.983,409.6],[-87.217,329.6],[-124.817,259.201]],"c":true}]},{"i":{"x":0.667,"y":1},"o":{"x":0.333,"y":0},"t":38,"s":[{"i":[[0,0],[-32.8,-1.6],[-1.6,-12.8],[-2.4,-16.8],[-13.6,-72],[-11.2,-18.4],[-0.8,-19.2],[-5.6,-24],[-17.6,-14.4],[-43.2,-20],[0,0],[30.4,16],[0,0]],"o":[[0,-26.4],[20.8,0.8],[0.8,12.8],[2.4,16.8],[8,41.6],[11.2,18.4],[0.8,19.2],[6.4,24],[17.6,13.6],[0,0],[0,0],[-30.4,-16],[0,0]],"v":[[-155.2,-364.799],[-115.8,-407.999],[-81.4,-379.999],[-76.6,-310.399],[-50.2,-184.799],[-26.2,-90.399],[-7.8,-28],[22.6,132],[61,194.401],[148.2,247.201],[22.6,409.599],[-124.6,329.599],[-155.2,259.201]],"c":true}]},{"t":48,"s":[{"i":[[0,0],[-32.8,-1.6],[-1.6,-12.8],[-2.4,-16.8],[-13.6,-72],[-11.2,-18.4],[-0.8,-19.2],[-5.6,-24],[-17.6,-14.4],[-43.2,-20],[0,0],[30.4,16],[0,0]],"o":[[0,-26.4],[20.8,0.8],[0.8,12.8],[2.4,16.8],[8,41.6],[11.2,18.4],[0.8,19.2],[6.4,24],[17.6,13.6],[0,0],[0,0],[-30.4,-16],[0,0]],"v":[[-155.2,-364.799],[-108.8,-407.999],[-74.4,-379.999],[-69.6,-310.399],[-43.2,-184.799],[-19.2,-90.399],[-0.8,-28],[29.6,132],[68,194.401],[155.2,247.201],[29.6,409.599],[-117.6,329.599],[-155.2,259.201]],"c":true}]}],"ix":2},"nm":"Path 1","mn":"ADBE Vector Shape - Group","hd":false},{"ty":"fl","c":{"a":0,"k":[0.878431372549,0.733333333333,0.58431372549,1],"ix":4},"o":{"a":0,"k":100,"ix":5},"r":1,"bm":0,"nm":"Fill 1","mn":"ADBE Vector Graphic - Fill","hd":false},{"ty":"tr","p":{"a":0,"k":[667.2,472],"ix":2},"a":{"a":0,"k":[0,0],"ix":1},"s":{"a":0,"k":[100,100],"ix":3},"r":{"a":0,"k":0,"ix":6},"o":{"a":0,"k":100,"ix":7},"sk":{"a":0,"k":0,"ix":4},"sa":{"a":0,"k":0,"ix":5},"nm":"Transform"}],"nm":"Group 10","np":2,"cix":2,"bm":0,"ix":8,"mn":"ADBE Vector Group","hd":false}],"ip":0,"op":121,"st":0,"bm":0},{"ddd":0,"ind":4,"ty":4,"nm":"back fingers","sr":1,"ks":{"o":{"a":0,"k":100,"ix":11},"r":{"a":0,"k":0,"ix":10},"p":{"a":0,"k":[512,512,0],"ix":2,"l":2},"a":{"a":0,"k":[512,512,0],"ix":1,"l":2},"s":{"a":0,"k":[100,100,100],"ix":6,"l":2}},"ao":0,"shapes":[{"ty":"gr","it":[{"ind":0,"ty":"sh","ix":1,"ks":{"a":1,"k":[{"i":{"x":0.833,"y":0.833},"o":{"x":0.333,"y":0},"t":0,"s":[{"i":[[0,0],[0,0],[0.889,66.667],[25.481,2.964],[0,0]],"o":[[0,0],[26.667,-47.111],[-0.888,-66.666],[0,0],[0,0]],"v":[[42.245,281.827],[38.99,327.396],[85.004,-254.618],[34.107,-327.396],[40.56,-206.506]],"c":true}]},{"i":{"x":0.667,"y":1},"o":{"x":0.167,"y":0.167},"t":10,"s":[{"i":[[0,0],[0,0],[0.889,66.667],[25.481,2.964],[0,0]],"o":[[0,0],[26.667,-47.111],[-0.888,-66.666],[0,0],[0,0]],"v":[[37.245,279.827],[33.99,325.396],[69.004,-251.618],[26.107,-325.396],[32.561,-204.506]],"c":true}]},{"i":{"x":0.833,"y":0.833},"o":{"x":0.333,"y":0},"t":22,"s":[{"i":[[0,0],[0,0],[0.889,66.667],[22.091,1.062],[0,0]],"o":[[0,0],[26.667,-47.111],[-0.888,-66.666],[-70.573,-3.392],[0,0]],"v":[[-83.755,283.827],[-14.01,296.896],[21.004,-253.618],[-21.893,-327.396],[-83.44,-114.506]],"c":true}]},{"i":{"x":0.833,"y":0.833},"o":{"x":0.167,"y":0.167},"t":32,"s":[{"i":[[0,0],[0,0],[12.106,65.565],[25.616,-1.371],[0,0]],"o":[[0,0],[26.667,-47.111],[-12.105,-65.564],[0,0],[0,0]],"v":[[23.245,271.827],[19.99,317.396],[-5.697,-257.207],[-60.41,-322.704],[-33.684,-204.629]],"c":true}]},{"i":{"x":0.833,"y":0.833},"o":{"x":0.167,"y":0.167},"t":34,"s":[{"i":[[0,0],[0,0],[-2.172,84.767],[25.615,0.021],[0,0]],"o":[[0,0],[54.105,-69.148],[1.705,-66.552],[0,0],[0,0]],"v":[[23.245,271.827],[19.99,317.396],[60.705,-267.555],[-5.799,-336.823],[4.453,-292.648]],"c":true}]},{"t":38,"s":[{"i":[[0,0],[0,0],[4.931,66.49],[25.614,1.413],[0,0]],"o":[[0,0],[81.543,-91.184],[-4.931,-66.489],[0,0],[0,0]],"v":[[23.245,271.827],[19.99,317.396],[85.107,-252.903],[32.812,-322.942],[46.589,-202.667]],"c":true}]}],"ix":2},"nm":"Path 1","mn":"ADBE Vector Shape - Group","hd":false},{"ty":"fl","c":{"a":0,"k":[0.552941176471,0.329411764706,0.180392156863,1],"ix":4},"o":{"a":0,"k":100,"ix":5},"r":1,"bm":0,"nm":"Fill 1","mn":"ADBE Vector Graphic - Fill","hd":false},{"ty":"tr","p":{"a":0,"k":[433.467,446.788],"ix":2},"a":{"a":0,"k":[0,0],"ix":1},"s":{"a":0,"k":[100,100],"ix":3},"r":{"a":0,"k":0,"ix":6},"o":{"a":0,"k":100,"ix":7},"sk":{"a":0,"k":0,"ix":4},"sa":{"a":0,"k":0,"ix":5},"nm":"Transform"}],"nm":"Group 1","np":2,"cix":2,"bm":0,"ix":1,"mn":"ADBE Vector Group","hd":false},{"ty":"gr","it":[{"ind":0,"ty":"sh","ix":1,"ks":{"a":1,"k":[{"i":{"x":0.833,"y":0.833},"o":{"x":0.333,"y":0},"t":0,"s":[{"i":[[0,0],[-6.111,-16.889],[10.278,-44.444],[48.889,-52.445],[0.889,3.556]],"o":[[19.555,-31.111],[6.111,16.889],[-10.278,44.445],[-48.889,52.444],[-0.889,-3.556]],"v":[[37.025,-202.556],[90.611,-201.883],[89.889,-91.219],[43.167,180.781],[11.167,89.225]],"c":true}]},{"i":{"x":0.667,"y":1},"o":{"x":0.167,"y":0.167},"t":10,"s":[{"i":[[0,0],[-6.111,-16.889],[10.278,-44.444],[48.889,-52.445],[0.889,3.556]],"o":[[19.555,-31.111],[6.111,16.889],[-10.278,44.445],[-48.889,52.444],[-0.889,-3.556]],"v":[[30.025,-203.115],[83.611,-202.441],[84.889,-93.219],[53.667,146.281],[6.167,87.225]],"c":true}]},{"i":{"x":0.833,"y":0.833},"o":{"x":0.333,"y":0},"t":22,"s":[{"i":[[0,0],[-6.111,-16.889],[10.278,-44.444],[48.889,-52.445],[0.889,3.556]],"o":[[19.555,-31.111],[6.111,16.889],[-10.278,44.445],[-48.889,52.444],[-0.889,-3.556]],"v":[[2.025,-202.115],[55.611,-201.441],[33.889,-91.219],[-7.833,151.281],[-44.833,89.225]],"c":true}]},{"i":{"x":0.833,"y":0.833},"o":{"x":0.167,"y":0.167},"t":32,"s":[{"i":[[0,0],[-10.457,-14.603],[-5.305,-66.17],[48.889,-52.445],[0.889,3.556]],"o":[[10.398,-35.244],[10.457,14.603],[3.645,45.472],[-48.889,52.444],[-0.889,-3.556]],"v":[[-35.025,-194.284],[16.741,-208.149],[37.889,-91.219],[24.167,170.781],[-7.833,79.225]],"c":true}]},{"t":38,"s":[{"i":[[0,0],[-10.457,-14.603],[-5.305,-66.17],[48.889,-52.445],[0.889,3.556]],"o":[[10.398,-35.244],[10.457,14.603],[3.645,45.472],[-48.889,52.444],[-0.889,-3.556]],"v":[[17.475,-194.284],[69.241,-208.149],[77.889,-91.219],[64.167,170.781],[-7.833,79.225]],"c":true}]}],"ix":2},"nm":"Path 1","mn":"ADBE Vector Shape - Group","hd":false},{"ty":"fl","c":{"a":0,"k":[0.552941176471,0.329411764706,0.180392156863,1],"ix":4},"o":{"a":0,"k":100,"ix":5},"r":1,"bm":0,"nm":"Fill 1","mn":"ADBE Vector Graphic - Fill","hd":false},{"ty":"tr","p":{"a":0,"k":[434.416,588.39],"ix":2},"a":{"a":0,"k":[0,0],"ix":1},"s":{"a":0,"k":[100,100],"ix":3},"r":{"a":0,"k":0,"ix":6},"o":{"a":0,"k":100,"ix":7},"sk":{"a":0,"k":0,"ix":4},"sa":{"a":0,"k":0,"ix":5},"nm":"Transform"}],"nm":"Group 2","np":2,"cix":2,"bm":0,"ix":2,"mn":"ADBE Vector Group","hd":false},{"ty":"gr","it":[{"ind":0,"ty":"sh","ix":1,"ks":{"a":1,"k":[{"i":{"x":0.833,"y":0.833},"o":{"x":0.333,"y":0},"t":0,"s":[{"i":[[0,0],[0,0],[-0.889,66.666],[-25.481,2.963],[0,0]],"o":[[0,0],[-26.667,-47.111],[0.888,-66.667],[0,0],[0,0]],"v":[[-38.244,281.827],[-34.99,327.395],[-80.504,-254.117],[-30.107,-327.395],[-36.56,-206.507]],"c":true}]},{"i":{"x":0.667,"y":1},"o":{"x":0.167,"y":0.167},"t":10,"s":[{"i":[[0,0],[0,0],[-0.889,66.666],[-25.481,2.963],[0,0]],"o":[[0,0],[-26.667,-47.111],[0.888,-66.667],[0,0],[0,0]],"v":[[-52.244,258.827],[-48.99,304.395],[-85.004,-254.617],[-42.107,-328.395],[-48.56,-207.507]],"c":true}]},{"i":{"x":0.833,"y":0.833},"o":{"x":0.333,"y":0},"t":22,"s":[{"i":[[0,0],[0,0],[-0.889,66.666],[-21.877,1.81],[0,0]],"o":[[0,0],[-26.667,-47.111],[0.888,-66.667],[75.879,-6.278],[0,0]],"v":[[13.756,281.826],[1.51,269.895],[-21.004,-253.617],[21.893,-327.395],[87.44,-119.507]],"c":true}]},{"i":{"x":0.833,"y":0.833},"o":{"x":0.167,"y":0.167},"t":32,"s":[{"i":[[0,0],[0,0],[-16.223,84.444],[-25.481,2.963],[0,0]],"o":[[0,0],[-36.237,-67.569],[12.579,-65.476],[0,0],[0,0]],"v":[[13.756,281.827],[-45.99,289.395],[1.996,-248.617],[44.893,-322.395],[15.44,-206.507]],"c":true}]},{"i":{"x":0.833,"y":0.833},"o":{"x":0.167,"y":0.167},"t":34,"s":[{"i":[[0,0],[0,0],[-2.704,84.875],[-30.101,-18.144],[0,0]],"o":[[0,0],[-36.237,-67.569],[2.097,-65.81],[0,0],[0,0]],"v":[[13.756,281.827],[-45.99,289.395],[-65.503,-260.414],[-0.126,-325.03],[-10.85,-207.433]],"c":true}]},{"t":38,"s":[{"i":[[0,0],[0,0],[10.814,85.305],[-23.3,10.732],[0,0]],"o":[[0,0],[-36.237,-67.569],[-8.385,-66.144],[0,0],[0,0]],"v":[[13.756,281.826],[-45.99,289.395],[-85.001,-242.21],[-45.146,-327.664],[-37.14,-208.359]],"c":true}]}],"ix":2},"nm":"Path 1","mn":"ADBE Vector Shape - Group","hd":false},{"ty":"fl","c":{"a":0,"k":[0.552941176471,0.329411764706,0.180392156863,1],"ix":4},"o":{"a":0,"k":100,"ix":5},"r":1,"bm":0,"nm":"Fill 1","mn":"ADBE Vector Graphic - Fill","hd":false},{"ty":"tr","p":{"a":0,"k":[592.227,442.173],"ix":2},"a":{"a":0,"k":[0,0],"ix":1},"s":{"a":0,"k":[100,100],"ix":3},"r":{"a":0,"k":0,"ix":6},"o":{"a":0,"k":100,"ix":7},"sk":{"a":0,"k":0,"ix":4},"sa":{"a":0,"k":0,"ix":5},"nm":"Transform"}],"nm":"Group 3","np":2,"cix":2,"bm":0,"ix":3,"mn":"ADBE Vector Group","hd":false},{"ty":"gr","it":[{"ind":0,"ty":"sh","ix":1,"ks":{"a":1,"k":[{"i":{"x":0.833,"y":0.833},"o":{"x":0.333,"y":0},"t":0,"s":[{"i":[[0,0],[6.111,-16.889],[-10.278,-44.444],[-48.889,-52.444],[-0.889,3.556]],"o":[[-19.556,-31.111],[-6.112,16.889],[10.278,44.444],[48.889,52.444],[0.889,-3.555]],"v":[[-30.524,-202.055],[-84.11,-201.382],[-85.888,-91.219],[-65.667,171.781],[-7.167,89.225]],"c":true}]},{"i":{"x":0.667,"y":1},"o":{"x":0.167,"y":0.167},"t":10,"s":[{"i":[[0,0],[6.111,-16.889],[-10.278,-44.444],[-48.889,-52.444],[-0.889,3.556]],"o":[[-19.556,-31.111],[-6.112,16.889],[10.278,44.444],[48.889,52.444],[0.889,-3.555]],"v":[[-42.024,-200.114],[-95.61,-199.441],[-91.388,-88.219],[-53.167,157.781],[-21.167,66.225]],"c":true}]},{"i":{"x":0.833,"y":0.833},"o":{"x":0.333,"y":0},"t":22,"s":[{"i":[[0,0],[6.111,-16.889],[-10.278,-44.444],[-54.111,-56.056],[-0.889,3.556]],"o":[[-19.556,-31.111],[-6.112,16.889],[10.278,44.444],[49.795,51.584],[0.889,-3.555]],"v":[[-2.024,-202.114],[-55.61,-201.441],[-33.888,-91.219],[8.833,156.281],[44.833,89.225]],"c":true}]},{"i":{"x":0.833,"y":0.833},"o":{"x":0.167,"y":0.167},"t":32,"s":[{"i":[[0,0],[6.111,-16.889],[6.611,-47.556],[-48.889,-52.444],[-0.889,3.556]],"o":[[-19.556,-31.111],[-6.112,16.889],[-6.281,45.182],[48.889,52.444],[0.889,-3.555]],"v":[[29.976,-202.114],[-23.61,-201.441],[-40.888,-91.219],[-28.167,181.781],[44.833,89.225]],"c":true}]},{"t":38,"s":[{"i":[[0,0],[6.111,-16.889],[6.611,-47.556],[-48.889,-52.444],[-0.889,3.556]],"o":[[-19.556,-31.111],[-6.112,16.889],[-6.281,45.182],[48.889,52.444],[0.889,-3.555]],"v":[[-13.024,-205.114],[-66.61,-204.441],[-77.888,-99.219],[-58.167,172.781],[44.833,89.225]],"c":true}]}],"ix":2},"nm":"Path 1","mn":"ADBE Vector Shape - Group","hd":false},{"ty":"fl","c":{"a":0,"k":[0.552941176471,0.329411764706,0.180392156863,1],"ix":4},"o":{"a":0,"k":100,"ix":5},"r":1,"bm":0,"nm":"Fill 1","mn":"ADBE Vector Graphic - Fill","hd":false},{"ty":"tr","p":{"a":0,"k":[591.278,583.775],"ix":2},"a":{"a":0,"k":[0,0],"ix":1},"s":{"a":0,"k":[100,100],"ix":3},"r":{"a":0,"k":0,"ix":6},"o":{"a":0,"k":100,"ix":7},"sk":{"a":0,"k":0,"ix":4},"sa":{"a":0,"k":0,"ix":5},"nm":"Transform"}],"nm":"Group 4","np":2,"cix":2,"bm":0,"ix":4,"mn":"ADBE Vector Group","hd":false}],"ip":0,"op":34,"st":0,"bm":0},{"ddd":0,"ind":5,"ty":4,"nm":"back finger 2","sr":1,"ks":{"o":{"a":0,"k":100,"ix":11},"r":{"a":0,"k":0,"ix":10},"p":{"a":0,"k":[503,512,0],"ix":2,"l":2},"a":{"a":0,"k":[0,0,0],"ix":1,"l":2},"s":{"a":0,"k":[100,100.17,100],"ix":6,"l":2}},"ao":0,"shapes":[{"ty":"gr","it":[{"ind":0,"ty":"sh","ix":1,"ks":{"a":1,"k":[{"i":{"x":0.833,"y":0.833},"o":{"x":0.333,"y":0},"t":0,"s":[{"i":[[-30.647,10],[0,0],[0,0],[-10.854,36],[0,43]],"o":[[30.647,-10],[0,0],[0,0],[10.854,-36],[0,-43]],"v":[[50.261,-294.094],[109,-83.594],[25.36,11.406],[10.614,-82.612],[5.567,-219.594]],"c":true}]},{"i":{"x":0.667,"y":1},"o":{"x":0.167,"y":0.167},"t":10,"s":[{"i":[[-30.647,10],[0,0],[0,0],[-10.854,36],[0,43]],"o":[[30.647,-10],[0,0],[0,0],[10.854,-36],[0,-43]],"v":[[50.261,-294.094],[109,-83.594],[25.36,11.406],[10.614,-82.612],[4.567,-234.568]],"c":true}]},{"i":{"x":0.833,"y":0.833},"o":{"x":0.333,"y":0},"t":22,"s":[{"i":[[-30.647,10],[0,0],[0,0],[-10.854,36],[0,43]],"o":[[30.647,-10],[0,0],[0,0],[10.854,-36],[0,-43]],"v":[[137.261,-295.092],[196,-84.592],[112.36,10.408],[97.614,-83.611],[91.567,-235.566]],"c":true}]},{"i":{"x":0.833,"y":0.833},"o":{"x":0.167,"y":0.167},"t":32,"s":[{"i":[[-30.647,10],[0,0],[0,0],[-2.314,37.529],[-3.567,56.871]],"o":[[30.647,-10],[0,0],[0,0],[4.386,-71.126],[2.692,-42.916]],"v":[[111.261,-295.092],[170,-84.592],[86.36,10.408],[55.614,-83.611],[65.567,-235.566]],"c":true}]},{"t":38,"s":[{"i":[[-30.647,10],[0,0],[0,0],[-2.314,37.529],[-3.567,56.871]],"o":[[30.647,-10],[0,0],[0,0],[4.386,-71.126],[2.692,-42.916]],"v":[[49.261,-298.087],[108,-87.587],[24.36,7.413],[0.614,-86.605],[-1.433,-239.559]],"c":true}]}],"ix":2},"nm":"Path 1","mn":"ADBE Vector Shape - Group","hd":false},{"ty":"fl","c":{"a":0,"k":[0.552941176471,0.329411764706,0.180392156863,1],"ix":4},"o":{"a":0,"k":100,"ix":5},"r":1,"bm":0,"nm":"Fill 1","mn":"ADBE Vector Graphic - Fill","hd":false},{"ty":"tr","p":{"a":0,"k":[0,0],"ix":2},"a":{"a":0,"k":[0,0],"ix":1},"s":{"a":0,"k":[100,100],"ix":3},"r":{"a":0,"k":0,"ix":6},"o":{"a":0,"k":100,"ix":7},"sk":{"a":0,"k":0,"ix":4},"sa":{"a":0,"k":0,"ix":5},"nm":"Transform"}],"nm":"Shape 1","np":3,"cix":2,"bm":0,"ix":1,"mn":"ADBE Vector Group","hd":false}],"ip":0,"op":42,"st":0,"bm":0},{"ddd":0,"ind":6,"ty":4,"nm":"back finger 3","sr":1,"ks":{"o":{"a":0,"k":100,"ix":11},"r":{"a":0,"k":0,"ix":10},"p":{"a":0,"k":[503,512,0],"ix":2,"l":2},"a":{"a":0,"k":[0,0,0],"ix":1,"l":2},"s":{"a":0,"k":[100,100.17,100],"ix":6,"l":2}},"ao":0,"shapes":[{"ty":"gr","it":[{"ind":0,"ty":"sh","ix":1,"ks":{"a":1,"k":[{"i":{"x":0.833,"y":0.833},"o":{"x":0.333,"y":0},"t":0,"s":[{"i":[[24,10],[0,0],[0,0],[8.5,36],[0,43]],"o":[[-24,-10],[0,0],[0,0],[-8.5,-36],[0,-43]],"v":[[-22.5,-293],[-68.5,-82.5],[-3,12.5],[1.5,-92.5],[12.5,-218.5]],"c":true}]},{"i":{"x":0.833,"y":1},"o":{"x":0.167,"y":0.167},"t":10,"s":[{"i":[[24,10],[0,0],[0,0],[8.5,36],[0,43]],"o":[[-24,-10],[0,0],[0,0],[-8.5,-36],[0,-43]],"v":[[-31.75,-293],[-77.75,-82.5],[-12.25,12.5],[-7.75,-92.5],[3.25,-218.5]],"c":true}]},{"i":{"x":0.833,"y":0.833},"o":{"x":0.167,"y":0},"t":22,"s":[{"i":[[24,10],[0,0],[0,0],[8.5,36],[0,43]],"o":[[-24,-10],[0,0],[0,0],[-8.5,-36],[0,-43]],"v":[[-108.75,-292.873],[-154.75,-82.373],[-89.25,12.627],[-84.75,-92.373],[-73.75,-218.373]],"c":true}]},{"i":{"x":0.833,"y":0.833},"o":{"x":0.167,"y":0.167},"t":32,"s":[{"i":[[24,10],[0,0],[0,0],[1.75,46.451],[0,43]],"o":[[-24,-10],[0,0],[0,0],[-1.393,-36.964],[0,-43]],"v":[[-87.75,-291.874],[-133.75,-81.374],[-68.25,13.626],[-42.75,-90.376],[-52.75,-217.374]],"c":true}]},{"t":38,"s":[{"i":[[24,10],[0,0],[0,0],[8.5,36],[0,43]],"o":[[-24,-10],[0,0],[0,0],[-8.5,-36],[0,-43]],"v":[[-13.75,-290.876],[-59.75,-80.376],[5.75,14.624],[10.25,-90.376],[21.25,-216.376]],"c":true}]}],"ix":2},"nm":"Path 1","mn":"ADBE Vector Shape - Group","hd":false},{"ty":"fl","c":{"a":0,"k":[0.552941176471,0.329411764706,0.180392156863,1],"ix":4},"o":{"a":0,"k":100,"ix":5},"r":1,"bm":0,"nm":"Fill 1","mn":"ADBE Vector Graphic - Fill","hd":false},{"ty":"tr","p":{"a":0,"k":[0,0],"ix":2},"a":{"a":0,"k":[0,0],"ix":1},"s":{"a":0,"k":[100,100],"ix":3},"r":{"a":0,"k":0,"ix":6},"o":{"a":0,"k":100,"ix":7},"sk":{"a":0,"k":0,"ix":4},"sa":{"a":0,"k":0,"ix":5},"nm":"Transform"}],"nm":"Shape 1","np":3,"cix":2,"bm":0,"ix":1,"mn":"ADBE Vector Group","hd":false}],"ip":0,"op":42,"st":0,"bm":0}],"markers":[{"tm":0,"cm":"rest","dr":0}]}