{"v":"5.8.1","fr":60,"ip":0,"op":154,"w":1024,"h":1024,"nm":"emoji_Worried Face","ddd":0,"assets":[],"layers":[{"ddd":0,"ind":1,"ty":3,"nm":"Null ALL","sr":1,"ks":{"o":{"a":0,"k":0,"ix":11},"r":{"a":0,"k":0,"ix":10},"p":{"s":true,"x":{"a":0,"k":508,"ix":3},"y":{"a":1,"k":[{"i":{"x":[0.667],"y":[1]},"o":{"x":[0.333],"y":[0]},"t":26,"s":[504]},{"i":{"x":[0.667],"y":[1]},"o":{"x":[1],"y":[0]},"t":46,"s":[518]},{"i":{"x":[0.667],"y":[1]},"o":{"x":[1],"y":[0]},"t":90,"s":[492]},{"i":{"x":[0.847],"y":[1]},"o":{"x":[1],"y":[0]},"t":104,"s":[492]},{"i":{"x":[0.833],"y":[1]},"o":{"x":[0.333],"y":[0]},"t":134,"s":[510]},{"t":146,"s":[504]}],"ix":4}},"a":{"a":0,"k":[0,0,0],"ix":1,"l":2},"s":{"a":0,"k":[100,100,100],"ix":6,"l":2}},"ao":0,"ip":0,"op":154,"st":0,"bm":0},{"ddd":0,"ind":2,"ty":1,"nm":"Null FACE","parent":1,"sr":1,"ks":{"o":{"a":0,"k":0,"ix":11},"r":{"a":0,"k":0,"ix":10},"p":{"s":true,"x":{"a":0,"k":0,"ix":3},"y":{"a":1,"k":[{"i":{"x":[0.667],"y":[1]},"o":{"x":[1],"y":[0]},"t":28,"s":[0]},{"i":{"x":[0.85],"y":[0.849]},"o":{"x":[1],"y":[0]},"t":46,"s":[36]},{"i":{"x":[-0.168],"y":[1]},"o":{"x":[0.373],"y":[0.408]},"t":78,"s":[-2.035]},{"i":{"x":[1],"y":[1]},"o":{"x":[1],"y":[0]},"t":100,"s":[-26]},{"i":{"x":[0.833],"y":[1]},"o":{"x":[0.167],"y":[0]},"t":134,"s":[12]},{"t":146,"s":[0]}],"ix":4}},"a":{"a":0,"k":[0,0,0],"ix":1,"l":2},"s":{"a":0,"k":[100,100,100],"ix":6,"l":2}},"ao":0,"sw":100,"sh":100,"sc":"#ffffff","ip":0,"op":154,"st":0,"bm":0},{"ddd":0,"ind":3,"ty":4,"nm":"EYES","parent":2,"sr":1,"ks":{"o":{"a":0,"k":100,"ix":11},"r":{"a":0,"k":0,"ix":10},"p":{"a":1,"k":[{"i":{"x":0.667,"y":1},"o":{"x":1,"y":0},"t":28,"s":[-2.4,-29.16,0],"to":[0,5.167,0],"ti":[0,-5.167,0]},{"i":{"x":0.667,"y":0.667},"o":{"x":1,"y":1},"t":42,"s":[-2.4,1.84,0],"to":[0,0,0],"ti":[0,0,0]},{"i":{"x":0.08,"y":1},"o":{"x":1,"y":0},"t":62,"s":[-2.4,1.84,0],"to":[0,-8.333,0],"ti":[0,8.333,0]},{"i":{"x":0.667,"y":0.667},"o":{"x":0.167,"y":0.167},"t":88,"s":[-2.4,-48.16,0],"to":[0,0,0],"ti":[0,0,0]},{"i":{"x":0.833,"y":1},"o":{"x":1,"y":0},"t":116,"s":[-2.4,-48.16,0],"to":[0,3.167,0],"ti":[0,-3.167,0]},{"t":134,"s":[-2.4,-29.16,0]}],"ix":2,"l":2},"a":{"a":0,"k":[217.85,75.57,0],"ix":1,"l":2},"s":{"a":0,"k":[100,100,100],"ix":6,"l":2}},"ao":0,"shapes":[{"ty":"gr","it":[{"ind":0,"ty":"sh","ix":1,"ks":{"a":0,"k":{"i":[[7.12,6.88],[0,0],[5.52,-11.36],[-7.12,-6.88],[-5.52,11.36]],"o":[[0,0],[-11.36,-5.44],[-4.24,8.88],[11.36,5.44],[4.24,-8.88]],"v":[[12.88,-18.56],[12.88,-18.56],[-17.68,-7.84],[-12.88,18.56],[17.68,7.84]],"c":true},"ix":2},"nm":"Path 1","mn":"ADBE Vector Shape - Group","hd":false},{"ty":"fl","c":{"a":0,"k":[0.536999990426,0.375999989229,0.141000007181,1],"ix":4},"o":{"a":0,"k":100,"ix":5},"r":1,"bm":0,"nm":"Fill 1","mn":"ADBE Vector Graphic - Fill","hd":false},{"ty":"tr","p":{"a":0,"k":[355.37,50.25],"ix":2},"a":{"a":0,"k":[0,0],"ix":1},"s":{"a":0,"k":[100,100],"ix":3},"r":{"a":0,"k":0,"ix":6},"o":{"a":0,"k":100,"ix":7},"sk":{"a":0,"k":0,"ix":4},"sa":{"a":0,"k":0,"ix":5},"nm":"Transform"}],"nm":"Group 1","np":2,"cix":2,"bm":0,"ix":1,"mn":"ADBE Vector Group","hd":false},{"ty":"gr","it":[{"ind":0,"ty":"sh","ix":1,"ks":{"a":0,"k":{"i":[[33.52,0],[0,0],[0,-47.04],[-33.52,0],[0,46.96]],"o":[[0,0],[-33.52,0],[0,47.04],[33.52,0],[0,-46.96]],"v":[[0,-75.32],[0,-75.32],[-64,0.04],[0,75.32],[64,0.04]],"c":true},"ix":2},"nm":"Path 1","mn":"ADBE Vector Shape - Group","hd":false},{"ty":"fl","c":{"a":0,"k":[0.258999992819,0.169000004787,0.051000000449,1],"ix":4},"o":{"a":0,"k":100,"ix":5},"r":1,"bm":0,"nm":"Fill 1","mn":"ADBE Vector Graphic - Fill","hd":false},{"ty":"tr","p":{"a":0,"k":[371.45,75.57],"ix":2},"a":{"a":0,"k":[0,0],"ix":1},"s":{"a":0,"k":[100,100],"ix":3},"r":{"a":0,"k":0,"ix":6},"o":{"a":0,"k":100,"ix":7},"sk":{"a":0,"k":0,"ix":4},"sa":{"a":0,"k":0,"ix":5},"nm":"Transform"}],"nm":"Group 2","np":2,"cix":2,"bm":0,"ix":2,"mn":"ADBE Vector Group","hd":false},{"ty":"gr","it":[{"ind":0,"ty":"sh","ix":1,"ks":{"a":0,"k":{"i":[[7.12,6.88],[0,0],[5.52,-11.36],[-7.12,-6.88],[-5.52,11.36]],"o":[[0,0],[-11.36,-5.44],[-4.24,8.88],[11.36,5.44],[4.24,-8.88]],"v":[[12.88,-18.56],[12.88,-18.56],[-17.68,-7.84],[-12.88,18.56],[17.68,7.84]],"c":true},"ix":2},"nm":"Path 1","mn":"ADBE Vector Shape - Group","hd":false},{"ty":"fl","c":{"a":0,"k":[0.536999990426,0.375999989229,0.141000007181,1],"ix":4},"o":{"a":0,"k":100,"ix":5},"r":1,"bm":0,"nm":"Fill 1","mn":"ADBE Vector Graphic - Fill","hd":false},{"ty":"tr","p":{"a":0,"k":[48.57,50.25],"ix":2},"a":{"a":0,"k":[0,0],"ix":1},"s":{"a":0,"k":[100,100],"ix":3},"r":{"a":0,"k":0,"ix":6},"o":{"a":0,"k":100,"ix":7},"sk":{"a":0,"k":0,"ix":4},"sa":{"a":0,"k":0,"ix":5},"nm":"Transform"}],"nm":"Group 3","np":2,"cix":2,"bm":0,"ix":3,"mn":"ADBE Vector Group","hd":false},{"ty":"gr","it":[{"ind":0,"ty":"sh","ix":1,"ks":{"a":0,"k":{"i":[[33.92,0],[0,0],[0,-47.04],[-33.52,0],[0,46.96]],"o":[[0,0],[-33.52,0],[0,47.04],[33.6,0],[0,-46.96]],"v":[[0,-75.32],[0,-75.32],[-64,0.04],[0,75.32],[64,0.04]],"c":true},"ix":2},"nm":"Path 1","mn":"ADBE Vector Shape - Group","hd":false},{"ty":"fl","c":{"a":0,"k":[0.258999992819,0.169000004787,0.051000000449,1],"ix":4},"o":{"a":0,"k":100,"ix":5},"r":1,"bm":0,"nm":"Fill 1","mn":"ADBE Vector Graphic - Fill","hd":false},{"ty":"tr","p":{"a":0,"k":[64.25,75.57],"ix":2},"a":{"a":0,"k":[0,0],"ix":1},"s":{"a":0,"k":[100,100],"ix":3},"r":{"a":0,"k":0,"ix":6},"o":{"a":0,"k":100,"ix":7},"sk":{"a":0,"k":0,"ix":4},"sa":{"a":0,"k":0,"ix":5},"nm":"Transform"}],"nm":"Group 4","np":2,"cix":2,"bm":0,"ix":4,"mn":"ADBE Vector Group","hd":false}],"ip":0,"op":154,"st":0,"bm":0},{"ddd":0,"ind":4,"ty":4,"nm":"mouth","parent":2,"sr":1,"ks":{"o":{"a":0,"k":100,"ix":11},"r":{"a":0,"k":0,"ix":10},"p":{"a":1,"k":[{"i":{"x":0.667,"y":1},"o":{"x":1,"y":0},"t":28,"s":[-4.096,202.923,0],"to":[0,2,0],"ti":[0,-2,0]},{"i":{"x":0.667,"y":0.667},"o":{"x":1,"y":1},"t":42,"s":[-4.096,214.923,0],"to":[0,0,0],"ti":[0,0,0]},{"i":{"x":0.741,"y":1},"o":{"x":0.415,"y":0},"t":62,"s":[-4.096,214.923,0],"to":[0,0,0],"ti":[0,0,0]},{"i":{"x":0.544,"y":0.544},"o":{"x":0.853,"y":0.853},"t":92,"s":[-6.096,214.923,0],"to":[0,0,0],"ti":[0,0,0]},{"i":{"x":0.833,"y":1},"o":{"x":1,"y":0},"t":118,"s":[-6.096,214.923,0],"to":[0,-2,0],"ti":[-0.333,2,0]},{"t":134,"s":[-4.096,202.923,0]}],"ix":2,"l":2},"a":{"a":0,"k":[149.796,51.173,0],"ix":1,"l":2},"s":{"a":0,"k":[100,100,100],"ix":6,"l":2}},"ao":0,"shapes":[{"ty":"gr","it":[{"ind":0,"ty":"sh","ix":1,"ks":{"a":1,"k":[{"i":{"x":0.667,"y":1},"o":{"x":1,"y":0},"t":28,"s":[{"i":[[98.124,0],[15.79,-25.121],[-3.804,-9.331],[-6.603,0.215],[-2.297,0.79],[-67.545,0],[-38.04,-11.484],[-2.44,-0.144],[-3.015,5.957],[6.316,7.895]],"o":[[-98.124,0],[-6.029,8.039],[3.015,5.957],[2.44,-0.144],[38.04,-12.202],[67.546,0],[2.297,0.79],[6.603,0.215],[4.163,-9.259],[-15.79,-25.121]],"v":[[7.416,-52.164],[-155.512,27.146],[-159.1,55.138],[-143.31,67.969],[-136.133,66.534],[7.416,32.384],[150.965,66.534],[158.142,67.969],[173.933,55.138],[170.344,27.146]],"c":true}]},{"i":{"x":0.667,"y":1},"o":{"x":1,"y":0},"t":42,"s":[{"i":[[76.141,0],[17.6,-33.567],[-4.24,-12.468],[-7.36,0.287],[-2.56,1.054],[-45.777,0],[-48.46,-10.814],[-2.719,-0.193],[-3.36,7.96],[7.04,10.549]],"o":[[-76.141,0],[-6.72,10.741],[3.36,7.96],[2.72,-0.193],[51.801,-12.064],[45.778,0],[2.56,1.054],[7.36,0.287],[4.64,-12.372],[-17.6,-33.567]],"v":[[7.296,-50.922],[-141.305,21.013],[-145.305,58.416],[-127.705,70.884],[-119.705,68.966],[7.296,54.696],[119.305,68.966],[127.305,70.884],[144.906,58.416],[140.906,21.013]],"c":true}]},{"i":{"x":0.833,"y":0.833},"o":{"x":1,"y":0},"t":62,"s":[{"i":[[76.141,0],[17.6,-33.567],[-4.24,-12.468],[-7.36,0.287],[-2.56,1.054],[-45.777,0],[-48.46,-10.814],[-2.719,-0.193],[-3.36,7.96],[7.04,10.549]],"o":[[-76.141,0],[-6.72,10.741],[3.36,7.96],[2.72,-0.193],[51.801,-12.064],[45.778,0],[2.56,1.054],[7.36,0.287],[4.64,-12.372],[-17.6,-33.567]],"v":[[7.296,-50.922],[-141.305,21.013],[-145.305,58.416],[-127.705,70.884],[-119.705,68.966],[7.296,54.696],[119.305,68.966],[127.305,70.884],[144.906,58.416],[140.906,21.013]],"c":true}]},{"i":{"x":0.413,"y":1},"o":{"x":0.167,"y":0.167},"t":78,"s":[{"i":[[97.66,0],[20.892,-26.467],[-3.786,-10.261],[-6.572,0.237],[-2.286,0.868],[-67.226,0],[-37.861,-12.629],[-2.429,-0.158],[-3,6.551],[6.286,8.682]],"o":[[-97.66,0],[-6.001,8.84],[3,6.551],[2.429,-0.158],[37.861,-13.418],[67.227,0],[2.286,0.868],[6.572,0.237],[4.143,-10.182],[-21.925,-26.967]],"v":[[9.066,-75.551],[-153.092,2.916],[-156.664,33.698],[-140.948,43.959],[-133.805,42.381],[9.066,8.903],[151.937,42.381],[159.08,43.959],[174.796,33.698],[171.224,2.916]],"c":true}]},{"i":{"x":0.413,"y":1},"o":{"x":0.167,"y":0},"t":92,"s":[{"i":[[109.369,0],[17.6,-28],[-4.24,-10.4],[-7.36,0.24],[-2.56,0.88],[-75.286,0],[-42.4,-12.8],[-2.72,-0.16],[-3.36,6.64],[7.04,8.8]],"o":[[-109.369,0],[-6.72,8.96],[3.36,6.64],[2.72,-0.16],[42.4,-13.6],[75.287,0],[2.56,0.88],[7.36,0.24],[4.64,-10.32],[-17.6,-28]],"v":[[8.295,-82.923],[-173.305,5.478],[-177.305,36.678],[-159.705,47.077],[-151.705,45.477],[8.295,2.678],[168.295,45.477],[176.295,47.077],[193.895,36.678],[189.895,5.478]],"c":true}]},{"i":{"x":0.84,"y":1},"o":{"x":1,"y":0},"t":118,"s":[{"i":[[109.369,0],[17.6,-28],[-4.24,-10.4],[-7.36,0.24],[-2.56,0.88],[-75.286,0],[-42.4,-12.8],[-2.72,-0.16],[-3.36,6.64],[7.04,8.8]],"o":[[-109.369,0],[-6.72,8.96],[3.36,6.64],[2.72,-0.16],[42.4,-13.6],[75.287,0],[2.56,0.88],[7.36,0.24],[4.64,-10.32],[-17.6,-28]],"v":[[8.295,-82.923],[-173.305,5.478],[-177.305,36.678],[-159.705,47.077],[-151.705,45.477],[8.295,2.678],[168.295,45.477],[176.295,47.077],[193.895,36.678],[189.895,5.478]],"c":true}]},{"i":{"x":0.833,"y":1},"o":{"x":0.167,"y":0},"t":134,"s":[{"i":[[98.124,0],[15.79,-25.121],[-3.804,-9.331],[-6.603,0.215],[-2.297,0.79],[-67.545,0],[-38.04,-11.484],[-2.44,-0.144],[-3.015,5.957],[6.316,7.895]],"o":[[-98.124,0],[-6.029,8.039],[3.015,5.957],[2.44,-0.144],[38.04,-12.202],[67.546,0],[2.297,0.79],[6.603,0.215],[4.163,-9.259],[-15.79,-25.121]],"v":[[7.416,-52.164],[-155.512,27.146],[-159.1,55.138],[-143.31,67.969],[-136.133,66.534],[7.416,40.384],[150.965,66.534],[158.142,67.969],[173.933,55.138],[170.344,27.146]],"c":true}]},{"t":144,"s":[{"i":[[98.124,0],[15.79,-25.121],[-3.804,-9.331],[-6.603,0.215],[-2.297,0.79],[-67.545,0],[-38.04,-11.484],[-2.44,-0.144],[-3.015,5.957],[6.316,7.895]],"o":[[-98.124,0],[-6.029,8.039],[3.015,5.957],[2.44,-0.144],[38.04,-12.202],[67.546,0],[2.297,0.79],[6.603,0.215],[4.163,-9.259],[-15.79,-25.121]],"v":[[7.416,-52.164],[-155.512,27.146],[-159.1,55.138],[-143.31,67.969],[-136.133,66.534],[7.416,32.384],[150.965,66.534],[158.142,67.969],[173.933,55.138],[170.344,27.146]],"c":true}]}],"ix":2},"nm":"Path 1","mn":"ADBE Vector Shape - Group","hd":false},{"ty":"fl","c":{"a":0,"k":[0.258999992819,0.169000004787,0.051000000449,1],"ix":4},"o":{"a":0,"k":100,"ix":5},"r":1,"bm":0,"nm":"Fill 1","mn":"ADBE Vector Graphic - Fill","hd":false},{"ty":"tr","p":{"a":0,"k":[149.796,51.173],"ix":2},"a":{"a":0,"k":[0,0],"ix":1},"s":{"a":0,"k":[100,100],"ix":3},"r":{"a":0,"k":0,"ix":6},"o":{"a":0,"k":100,"ix":7},"sk":{"a":0,"k":0,"ix":4},"sa":{"a":0,"k":0,"ix":5},"nm":"Transform"}],"nm":"Group 1","np":2,"cix":2,"bm":0,"ix":1,"mn":"ADBE Vector Group","hd":false}],"ip":0,"op":154,"st":0,"bm":0},{"ddd":0,"ind":5,"ty":4,"nm":"eyebrows","parent":2,"sr":1,"ks":{"o":{"a":0,"k":100,"ix":11},"r":{"a":1,"k":[{"i":{"x":[0.667],"y":[1]},"o":{"x":[1],"y":[0]},"t":26,"s":[0]},{"i":{"x":[0.667],"y":[1]},"o":{"x":[1],"y":[0]},"t":42,"s":[-15]},{"i":{"x":[0.833],"y":[0.96]},"o":{"x":[0.608],"y":[0]},"t":62,"s":[-15]},{"i":{"x":[0],"y":[1]},"o":{"x":[0.167],"y":[-0.076]},"t":78,"s":[-0.29]},{"i":{"x":[0.667],"y":[1]},"o":{"x":[0.167],"y":[0]},"t":94,"s":[-8]},{"i":{"x":[0.833],"y":[1]},"o":{"x":[1],"y":[0]},"t":114,"s":[-8]},{"t":136,"s":[0]}],"ix":10},"p":{"a":1,"k":[{"i":{"x":0.667,"y":1},"o":{"x":1,"y":0},"t":26,"s":[-222.631,-247.182,0],"to":[0,0,0],"ti":[0,0,0]},{"i":{"x":0.667,"y":0.667},"o":{"x":0.333,"y":0.333},"t":42,"s":[-221.631,-140.182,0],"to":[0,0,0],"ti":[0,0,0]},{"i":{"x":0.833,"y":0.88},"o":{"x":0.929,"y":0},"t":62,"s":[-221.631,-140.182,0],"to":[0,0,0],"ti":[0,0,0]},{"i":{"x":0,"y":1},"o":{"x":0.167,"y":0.275},"t":78,"s":[-221.723,-261.153,0],"to":[0,0,0],"ti":[0,0,0]},{"i":{"x":0.667,"y":0.667},"o":{"x":0.167,"y":0.167},"t":94,"s":[-180.631,-294.182,0],"to":[0,0,0],"ti":[0,0,0]},{"i":{"x":0.833,"y":1},"o":{"x":1,"y":0},"t":114,"s":[-180.631,-294.182,0],"to":[0,0,0],"ti":[0,0,0]},{"i":{"x":0.833,"y":1},"o":{"x":0.167,"y":0},"t":136,"s":[-222.631,-241.182,0],"to":[0,0,0],"ti":[0,0,0]},{"t":144,"s":[-222.631,-247.182,0]}],"ix":2,"l":2},"a":{"a":0,"k":[84.17,53.05,0],"ix":1,"l":2},"s":{"a":0,"k":[100,100,100],"ix":6,"l":2}},"ao":0,"shapes":[{"ty":"gr","it":[{"ind":0,"ty":"sh","ix":1,"ks":{"a":0,"k":{"i":[[46.32,-7.92],[-19.2,-0.8],[-31.04,28.8],[-7.76,13.6],[6.64,4.64],[4.64,-6.64],[0,0]],"o":[[-17.6,3.2],[42.4,0.56],[11.84,-10.24],[4.64,-6.64],[-6.64,-4.64],[0,0],[-31.36,35.04]],"v":[[-65.52,22.64],[-64.72,52.24],[49.68,8.24],[79.28,-27.76],[75.68,-48.16],[55.28,-44.56],[54.48,-43.76]],"c":true},"ix":2},"nm":"Path 1","mn":"ADBE Vector Shape - Group","hd":false},{"ty":"fl","c":{"a":0,"k":[0.258999992819,0.169000004787,0.051000000449,1],"ix":4},"o":{"a":0,"k":100,"ix":5},"r":1,"bm":0,"nm":"Fill 1","mn":"ADBE Vector Graphic - Fill","hd":false},{"ty":"tr","p":{"a":0,"k":[84.17,53.05],"ix":2},"a":{"a":0,"k":[0,0],"ix":1},"s":{"a":0,"k":[100,100],"ix":3},"r":{"a":0,"k":0,"ix":6},"o":{"a":0,"k":100,"ix":7},"sk":{"a":0,"k":0,"ix":4},"sa":{"a":0,"k":0,"ix":5},"nm":"Transform"}],"nm":"Group 1","np":2,"cix":2,"bm":0,"ix":1,"mn":"ADBE Vector Group","hd":false}],"ip":0,"op":154,"st":0,"bm":0},{"ddd":0,"ind":6,"ty":4,"nm":"eyebrows","parent":2,"sr":1,"ks":{"o":{"a":0,"k":100,"ix":11},"r":{"a":1,"k":[{"i":{"x":[0.667],"y":[1]},"o":{"x":[1],"y":[0]},"t":26,"s":[0]},{"i":{"x":[0.667],"y":[1]},"o":{"x":[1],"y":[0]},"t":42,"s":[15]},{"i":{"x":[0.833],"y":[0.994]},"o":{"x":[0.608],"y":[0]},"t":62,"s":[15]},{"i":{"x":[0],"y":[1]},"o":{"x":[0.167],"y":[-0.006]},"t":78,"s":[0]},{"i":{"x":[0.667],"y":[1]},"o":{"x":[0.167],"y":[0]},"t":94,"s":[14]},{"i":{"x":[0.833],"y":[1]},"o":{"x":[1],"y":[0]},"t":114,"s":[14]},{"t":136,"s":[0]}],"ix":10},"p":{"a":1,"k":[{"i":{"x":0.667,"y":1},"o":{"x":1,"y":0},"t":26,"s":[224.329,-249.302,0],"to":[0,0,0],"ti":[0,0,0]},{"i":{"x":0.667,"y":0.667},"o":{"x":0.333,"y":0.333},"t":42,"s":[224.329,-140.302,0],"to":[0,0,0],"ti":[0,0,0]},{"i":{"x":0.833,"y":0.88},"o":{"x":0.929,"y":0},"t":62,"s":[224.329,-140.302,0],"to":[0,0,0],"ti":[0,0,0]},{"i":{"x":0,"y":1},"o":{"x":0.167,"y":0.271},"t":78,"s":[224.324,-260.713,0],"to":[0,0,0],"ti":[0,0,0]},{"i":{"x":0.667,"y":0.667},"o":{"x":0.167,"y":0.167},"t":94,"s":[187.329,-299.302,0],"to":[0,0,0],"ti":[0,0,0]},{"i":{"x":0.833,"y":1},"o":{"x":1,"y":0},"t":114,"s":[187.329,-299.302,0],"to":[0,0,0],"ti":[0,0,0]},{"i":{"x":0.833,"y":1},"o":{"x":0.167,"y":0},"t":136,"s":[224.329,-243.302,0],"to":[0,0,0],"ti":[0,0,0]},{"t":144,"s":[224.329,-249.302,0]}],"ix":2,"l":2},"a":{"a":0,"k":[84.57,52.93,0],"ix":1,"l":2},"s":{"a":0,"k":[100,100,100],"ix":6,"l":2}},"ao":0,"shapes":[{"ty":"gr","it":[{"ind":0,"ty":"sh","ix":1,"ks":{"a":0,"k":{"i":[[31.28,35.76],[6.64,-4.64],[-4.64,-6.64],[-11.84,-10.24],[-42.32,0.32],[17.6,3.2]],"o":[[-4.64,-6.64],[-6.64,4.64],[7.76,13.6],[31.2,28.56],[20,-0.8],[-46.88,-7.68]],"v":[[-55.68,-44.44],[-76.08,-48.04],[-79.68,-27.64],[-50.08,8.36],[64.32,52.36],[65.12,22.76]],"c":true},"ix":2},"nm":"Path 1","mn":"ADBE Vector Shape - Group","hd":false},{"ty":"fl","c":{"a":0,"k":[0.258999992819,0.169000004787,0.051000000449,1],"ix":4},"o":{"a":0,"k":100,"ix":5},"r":1,"bm":0,"nm":"Fill 1","mn":"ADBE Vector Graphic - Fill","hd":false},{"ty":"tr","p":{"a":0,"k":[84.57,52.93],"ix":2},"a":{"a":0,"k":[0,0],"ix":1},"s":{"a":0,"k":[100,100],"ix":3},"r":{"a":0,"k":0,"ix":6},"o":{"a":0,"k":100,"ix":7},"sk":{"a":0,"k":0,"ix":4},"sa":{"a":0,"k":0,"ix":5},"nm":"Transform"}],"nm":"Group 1","np":2,"cix":2,"bm":0,"ix":1,"mn":"ADBE Vector Group","hd":false}],"ip":0,"op":154,"st":0,"bm":0},{"ddd":0,"ind":7,"ty":4,"nm":"base matte","parent":9,"td":1,"sr":1,"ks":{"o":{"a":0,"k":100,"ix":11},"r":{"a":0,"k":0,"ix":10},"p":{"a":0,"k":[-2,-3,0],"ix":2,"l":2},"a":{"a":0,"k":[0,0,0],"ix":1,"l":2},"s":{"a":0,"k":[100,100,100],"ix":6,"l":2}},"ao":0,"shapes":[{"ty":"gr","it":[{"ind":0,"ty":"sh","ix":1,"ks":{"a":0,"k":{"i":[[15.4,0],[0,38.4],[-27.9,0],[-10.6,-9.3],[0,-16.9],[11.5,-10.2]],"o":[[-27.9,0],[0,-38.4],[15.5,0],[11.5,10.2],[0,16.9],[-10.6,9.3]],"v":[[0,55.9],[-58,0],[0,-55.9],[40.4,-41.5],[58,0],[40.4,41.4]],"c":true},"ix":2},"nm":"Path 1","mn":"ADBE Vector Shape - Group","hd":false},{"ty":"gf","o":{"a":0,"k":100,"ix":10},"r":1,"bm":0,"g":{"p":5,"k":{"a":0,"k":[0.48,0.992,0.878,0.188,0.691,0.98,0.816,0.178,0.902,0.969,0.753,0.169,0.966,0.963,0.694,0.153,1,0.957,0.635,0.137],"ix":9}},"s":{"a":0,"k":[0,0],"ix":5},"e":{"a":0,"k":[56.225,0],"ix":6},"t":2,"h":{"a":0,"k":0,"ix":7},"a":{"a":0,"k":0,"ix":8},"nm":"Gradient Fill 1","mn":"ADBE Vector Graphic - G-Fill","hd":false},{"ty":"tr","p":{"a":0,"k":[0,0],"ix":2},"a":{"a":0,"k":[0,0],"ix":1},"s":{"a":0,"k":[100,100],"ix":3},"r":{"a":0,"k":0,"ix":6},"o":{"a":0,"k":100,"ix":7},"sk":{"a":0,"k":0,"ix":4},"sa":{"a":0,"k":0,"ix":5},"nm":"Transform"}],"nm":"Group 1","np":2,"cix":2,"bm":0,"ix":1,"mn":"ADBE Vector Group","hd":false}],"ip":0,"op":154,"st":0,"bm":0},{"ddd":0,"ind":8,"ty":4,"nm":"base shadow","parent":9,"tt":2,"sr":1,"ks":{"o":{"a":0,"k":100,"ix":11},"r":{"a":0,"k":0,"ix":10},"p":{"a":0,"k":[0,0,0],"ix":2,"l":2},"a":{"a":0,"k":[0,0,0],"ix":1,"l":2},"s":{"a":0,"k":[100,100,100],"ix":6,"l":2}},"ao":0,"shapes":[{"ty":"gr","it":[{"ind":0,"ty":"sh","ix":1,"ks":{"a":0,"k":{"i":[[15.4,0],[0,38.4],[-27.9,0],[-10.6,-9.3],[0,-16.9],[11.5,-10.2]],"o":[[-27.9,0],[0,-38.4],[15.5,0],[11.5,10.2],[0,16.9],[-10.6,9.3]],"v":[[0,55.9],[-58,0],[0,-55.9],[40.4,-41.5],[58,0],[40.4,41.4]],"c":true},"ix":2},"nm":"Path 1","mn":"ADBE Vector Shape - Group","hd":false},{"ty":"fl","c":{"a":0,"k":[0.921568627451,0.560784313725,0,1],"ix":4},"o":{"a":0,"k":100,"ix":5},"r":1,"bm":0,"nm":"Fill 1","mn":"ADBE Vector Graphic - Fill","hd":false},{"ty":"tr","p":{"a":0,"k":[0,0],"ix":2},"a":{"a":0,"k":[0,0],"ix":1},"s":{"a":0,"k":[100,100],"ix":3},"r":{"a":0,"k":0,"ix":6},"o":{"a":0,"k":100,"ix":7},"sk":{"a":0,"k":0,"ix":4},"sa":{"a":0,"k":0,"ix":5},"nm":"Transform"}],"nm":"Group 1","np":2,"cix":2,"bm":0,"ix":1,"mn":"ADBE Vector Group","hd":false}],"ip":0,"op":154,"st":0,"bm":0},{"ddd":0,"ind":9,"ty":4,"nm":"base normal","parent":1,"sr":1,"ks":{"o":{"a":0,"k":100,"ix":11},"r":{"a":0,"k":0,"ix":10},"p":{"a":0,"k":[0,0,0],"ix":2,"l":2},"a":{"a":0,"k":[0,0,0],"ix":1,"l":2},"s":{"a":0,"k":[800,800,100],"ix":6,"l":2}},"ao":0,"shapes":[{"ty":"gr","it":[{"ind":0,"ty":"sh","ix":1,"ks":{"a":0,"k":{"i":[[15.4,0],[0,38.4],[-27.9,0],[-10.6,-9.3],[0,-16.9],[11.5,-10.2]],"o":[[-27.9,0],[0,-38.4],[15.5,0],[11.5,10.2],[0,16.9],[-10.6,9.3]],"v":[[0,55.9],[-58,0],[0,-55.9],[40.4,-41.5],[58,0],[40.4,41.4]],"c":true},"ix":2},"nm":"Path 1","mn":"ADBE Vector Shape - Group","hd":false},{"ty":"gf","o":{"a":0,"k":100,"ix":10},"r":1,"bm":0,"g":{"p":5,"k":{"a":0,"k":[0.48,0.992,0.878,0.188,0.691,0.98,0.816,0.178,0.902,0.969,0.753,0.169,0.966,0.963,0.694,0.153,1,0.957,0.635,0.137],"ix":9}},"s":{"a":0,"k":[0,0],"ix":5},"e":{"a":0,"k":[56.225,0],"ix":6},"t":2,"h":{"a":0,"k":0,"ix":7},"a":{"a":0,"k":0,"ix":8},"nm":"Gradient Fill 1","mn":"ADBE Vector Graphic - G-Fill","hd":false},{"ty":"tr","p":{"a":0,"k":[0,0],"ix":2},"a":{"a":0,"k":[0,0],"ix":1},"s":{"a":0,"k":[100,100],"ix":3},"r":{"a":0,"k":0,"ix":6},"o":{"a":0,"k":100,"ix":7},"sk":{"a":0,"k":0,"ix":4},"sa":{"a":0,"k":0,"ix":5},"nm":"Transform"}],"nm":"Group 1","np":2,"cix":2,"bm":0,"ix":1,"mn":"ADBE Vector Group","hd":false}],"ip":0,"op":154,"st":0,"bm":0}],"markers":[{"tm":26,"cm":"rest","dr":0}]}