{"v":"5.8.1","fr":60,"ip":0,"op":180,"w":1024,"h":1024,"nm":"emoji_disappointed","ddd":0,"assets":[],"layers":[{"ddd":0,"ind":1,"ty":3,"nm":"Null Face","parent":10,"sr":1,"ks":{"o":{"a":0,"k":0,"ix":11},"r":{"a":0,"k":0,"ix":10},"p":{"s":true,"x":{"a":0,"k":0.5,"ix":3},"y":{"a":1,"k":[{"i":{"x":[0.667],"y":[1]},"o":{"x":[0.167],"y":[0.167]},"t":0,"s":[1]},{"i":{"x":[0.833],"y":[1]},"o":{"x":[0.333],"y":[0]},"t":7.5,"s":[-12.5]},{"i":{"x":[0.799],"y":[0.876]},"o":{"x":[0.225],"y":[0.478]},"t":65,"s":[-12.5]},{"i":{"x":[0.34],"y":[1]},"o":{"x":[0.116],"y":[0.329]},"t":75,"s":[-6.293]},{"i":{"x":[0.833],"y":[0.833]},"o":{"x":[0.42],"y":[0]},"t":120,"s":[-0.233]},{"i":{"x":[0.833],"y":[0.833]},"o":{"x":[0.167],"y":[0.167]},"t":150,"s":[-1.333]},{"i":{"x":[0.833],"y":[0.833]},"o":{"x":[0.167],"y":[0.167]},"t":160,"s":[0]},{"t":177.5,"s":[0]}],"ix":4}},"a":{"a":0,"k":[0,0,0],"ix":1,"l":2},"s":{"a":0,"k":[12.5,12.5,100],"ix":6,"l":2}},"ao":0,"ip":0,"op":180,"st":0,"bm":0},{"ddd":0,"ind":2,"ty":4,"nm":"eyebrows 2","parent":1,"sr":1,"ks":{"o":{"a":0,"k":100,"ix":11},"r":{"a":0,"k":0,"ix":10},"p":{"s":true,"x":{"a":0,"k":-2.456,"ix":3},"y":{"a":1,"k":[{"i":{"x":[0],"y":[1]},"o":{"x":[0.167],"y":[0.167]},"t":157.5,"s":[0.995]},{"t":177.5,"s":[-87.005]}],"ix":4}},"a":{"a":0,"k":[-0.456,2.995,0],"ix":1,"l":2},"s":{"a":0,"k":[100,100,100],"ix":6,"l":2}},"ao":0,"shapes":[{"ty":"gr","it":[{"ind":0,"ty":"sh","ix":1,"ks":{"a":0,"k":{"i":[[-46.773,5.024],[18.822,-6.073],[37.918,19.068],[11.256,10.865],[-15.352,-10.309],[0,0]],"o":[[17.687,-2.147],[-40.62,12.302],[-14.053,-6.821],[-14.167,-14.174],[0,0],[39.88,25.014]],"v":[[258.85,5.008],[265.987,33.613],[143.662,23.122],[105.49,-3.598],[125.021,-25.762],[125.021,-25.762]],"c":true},"ix":2},"nm":"Path 1","mn":"ADBE Vector Shape - Group","hd":false},{"ind":1,"ty":"sh","ix":2,"ks":{"a":0,"k":{"i":[[-38.382,27.257],[0,0],[13.331,-14.962],[13.639,-7.615],[41.258,9.955],[-17.781,-1.13]],"o":[[0,0],[14.737,-11.172],[-10.615,11.491],[-36.763,21.209],[-19.139,-4.985],[46.984,2.336]],"v":[[-130.503,-29.438],[-130.503,-29.438],[-109.734,-8.429],[-146.312,20.433],[-267.835,37.913],[-262.348,8.947]],"c":true},"ix":2},"nm":"Path 2","mn":"ADBE Vector Shape - Group","hd":false},{"ty":"fl","c":{"a":0,"k":[0.258823529412,0.16862745098,0.050980392157,1],"ix":4},"o":{"a":0,"k":100,"ix":5},"r":1,"bm":0,"nm":"Fill 1","mn":"ADBE Vector Graphic - Fill","hd":false},{"ty":"tr","p":{"a":0,"k":[0,0],"ix":2},"a":{"a":0,"k":[0,0],"ix":1},"s":{"a":0,"k":[100,100],"ix":3},"r":{"a":0,"k":0,"ix":6},"o":{"a":0,"k":100,"ix":7},"sk":{"a":0,"k":0,"ix":4},"sa":{"a":0,"k":0,"ix":5},"nm":"Transform"}],"nm":"Shape 1","np":4,"cix":2,"bm":0,"ix":1,"mn":"ADBE Vector Group","hd":false}],"ip":157.5,"op":180,"st":157.5,"bm":0},{"ddd":0,"ind":3,"ty":4,"nm":"eyes normal 2","parent":1,"sr":1,"ks":{"o":{"a":0,"k":100,"ix":11},"r":{"a":0,"k":0,"ix":10},"p":{"s":true,"x":{"a":0,"k":-7.201,"ix":3},"y":{"a":1,"k":[{"i":{"x":[0],"y":[1]},"o":{"x":[0.167],"y":[0.167]},"t":157.5,"s":[120.399]},{"t":177.5,"s":[108.399]}],"ix":4}},"a":{"a":0,"k":[27.45,9.65,0],"ix":1,"l":2},"s":{"a":0,"k":[800,800,100],"ix":6,"l":2}},"ao":0,"shapes":[{"ty":"gr","it":[{"ind":0,"ty":"sh","ix":1,"ks":{"a":1,"k":[{"i":{"x":0,"y":1},"o":{"x":0.167,"y":0.167},"t":157.5,"s":[{"i":[[0.899,0.8],[0,0],[0.7,-1.4],[-0.901,-0.9],[-0.701,1.4]],"o":[[0,0],[-1.4,-0.7],[-0.5,1.1],[1.399,0.7],[0.5,-1.1]],"v":[[3.726,-2.8],[3.726,-2.8],[-0.076,-1.5],[0.525,1.8],[4.326,0.5]],"c":true}]},{"t":177.5,"s":[{"i":[[0.899,0.8],[0,0],[0.7,-1.4],[-0.901,-0.9],[-0.701,1.4]],"o":[[0,0],[-1.4,-0.7],[-0.5,1.1],[1.399,0.7],[0.5,-1.1]],"v":[[3.726,-5.3],[3.726,-5.3],[-0.076,-4],[0.525,-0.7],[4.326,-2]],"c":true}]}],"ix":2},"nm":"Path 1","mn":"ADBE Vector Shape - Group","hd":false},{"ty":"fl","c":{"a":0,"k":[0.536999990426,0.375999989229,0.141000007181,1],"ix":4},"o":{"a":0,"k":100,"ix":5},"r":1,"bm":0,"nm":"Fill 1","mn":"ADBE Vector Graphic - Fill","hd":false},{"ty":"tr","p":{"a":0,"k":[44.65,6.55],"ix":2},"a":{"a":0,"k":[0,0],"ix":1},"s":{"a":0,"k":[100,100],"ix":3},"r":{"a":0,"k":0,"ix":6},"o":{"a":0,"k":100,"ix":7},"sk":{"a":0,"k":0,"ix":4},"sa":{"a":0,"k":0,"ix":5},"nm":"Transform"}],"nm":"Group 1","np":2,"cix":2,"bm":0,"ix":1,"mn":"ADBE Vector Group","hd":false},{"ty":"gr","it":[{"ind":0,"ty":"sh","ix":1,"ks":{"a":1,"k":[{"i":{"x":0,"y":1},"o":{"x":0.167,"y":0.167},"t":157.5,"s":[{"i":[[4.2,0],[0,0],[0,-4.95],[-4.2,0],[0,4.95]],"o":[[0,0],[-4.2,0],[0,4.95],[4.2,0],[0,-4.95]],"v":[[2.125,-9.4],[2.125,-9.4],[-5.875,-1.513],[2.125,6.374],[10.125,-1.513]],"c":true}]},{"t":177.5,"s":[{"i":[[4.2,0],[0,0],[0,-5.9],[-4.2,0],[0,5.9]],"o":[[0,0],[-4.2,0],[0,5.9],[4.2,0],[0,-5.9]],"v":[[2.125,-12.4],[2.125,-12.4],[-5.875,-3],[2.125,6.4],[10.125,-3]],"c":true}]}],"ix":2},"nm":"Path 1","mn":"ADBE Vector Shape - Group","hd":false},{"ty":"fl","c":{"a":0,"k":[0.258999992819,0.169000004787,0.051000000449,1],"ix":4},"o":{"a":0,"k":100,"ix":5},"r":1,"bm":0,"nm":"Fill 1","mn":"ADBE Vector Graphic - Fill","hd":false},{"ty":"tr","p":{"a":0,"k":[46.65,9.65],"ix":2},"a":{"a":0,"k":[0,0],"ix":1},"s":{"a":0,"k":[100,100],"ix":3},"r":{"a":0,"k":0,"ix":6},"o":{"a":0,"k":100,"ix":7},"sk":{"a":0,"k":0,"ix":4},"sa":{"a":0,"k":0,"ix":5},"nm":"Transform"}],"nm":"Group 2","np":2,"cix":2,"bm":0,"ix":2,"mn":"ADBE Vector Group","hd":false},{"ty":"gr","it":[{"ind":0,"ty":"sh","ix":1,"ks":{"a":1,"k":[{"i":{"x":0,"y":1},"o":{"x":0.167,"y":0.167},"t":157.5,"s":[{"i":[[0.9,0.8],[0,0],[0.7,-1.4],[-0.9,-0.9],[-0.7,1.4]],"o":[[0,0],[-1.4,-0.7],[-0.5,1.1],[1.4,0.7],[0.6,-1.1]],"v":[[1.55,-2.8],[1.55,-2.8],[-2.25,-1.5],[-1.65,1.8],[2.15,0.5]],"c":true}]},{"t":177.5,"s":[{"i":[[0.9,0.8],[0,0],[0.7,-1.4],[-0.9,-0.9],[-0.7,1.4]],"o":[[0,0],[-1.4,-0.7],[-0.5,1.1],[1.4,0.7],[0.6,-1.1]],"v":[[1.55,-5.3],[1.55,-5.3],[-2.25,-4],[-1.65,-0.7],[2.15,-2]],"c":true}]}],"ix":2},"nm":"Path 1","mn":"ADBE Vector Shape - Group","hd":false},{"ty":"fl","c":{"a":0,"k":[0.536999990426,0.375999989229,0.141000007181,1],"ix":4},"o":{"a":0,"k":100,"ix":5},"r":1,"bm":0,"nm":"Fill 1","mn":"ADBE Vector Graphic - Fill","hd":false},{"ty":"tr","p":{"a":0,"k":[6.3,6.55],"ix":2},"a":{"a":0,"k":[0,0],"ix":1},"s":{"a":0,"k":[100,100],"ix":3},"r":{"a":0,"k":0,"ix":6},"o":{"a":0,"k":100,"ix":7},"sk":{"a":0,"k":0,"ix":4},"sa":{"a":0,"k":0,"ix":5},"nm":"Transform"}],"nm":"Group 3","np":2,"cix":2,"bm":0,"ix":3,"mn":"ADBE Vector Group","hd":false},{"ty":"gr","it":[{"ind":0,"ty":"sh","ix":1,"ks":{"a":1,"k":[{"i":{"x":0,"y":1},"o":{"x":0.167,"y":0.167},"t":157.5,"s":[{"i":[[4.2,0],[0,0],[0,-4.95],[-4.2,0],[0,4.95]],"o":[[0,0],[-4.2,0],[0,4.95],[4.2,0],[0,-4.95]],"v":[[0,-9.4],[0,-9.4],[-8,-1.513],[0,6.374],[8,-1.513]],"c":true}]},{"t":177.5,"s":[{"i":[[4.2,0],[0,0],[0,-5.9],[-4.2,0],[0,5.9]],"o":[[0,0],[-4.2,0],[0,5.9],[4.2,0],[0,-5.9]],"v":[[0,-12.4],[0,-12.4],[-8,-3],[0,6.4],[8,-3]],"c":true}]}],"ix":2},"nm":"Path 1","mn":"ADBE Vector Shape - Group","hd":false},{"ty":"fl","c":{"a":0,"k":[0.258999992819,0.169000004787,0.051000000449,1],"ix":4},"o":{"a":0,"k":100,"ix":5},"r":1,"bm":0,"nm":"Fill 1","mn":"ADBE Vector Graphic - Fill","hd":false},{"ty":"tr","p":{"a":0,"k":[8.25,9.65],"ix":2},"a":{"a":0,"k":[0,0],"ix":1},"s":{"a":0,"k":[100,100],"ix":3},"r":{"a":0,"k":0,"ix":6},"o":{"a":0,"k":100,"ix":7},"sk":{"a":0,"k":0,"ix":4},"sa":{"a":0,"k":0,"ix":5},"nm":"Transform"}],"nm":"Group 4","np":2,"cix":2,"bm":0,"ix":4,"mn":"ADBE Vector Group","hd":false}],"ip":157.5,"op":180,"st":157.5,"bm":0},{"ddd":0,"ind":4,"ty":4,"nm":"eyes blink","parent":1,"sr":1,"ks":{"o":{"a":0,"k":100,"ix":11},"r":{"a":0,"k":0,"ix":10},"p":{"s":true,"x":{"a":0,"k":0.544,"ix":3},"y":{"a":1,"k":[{"i":{"x":[0.667],"y":[1]},"o":{"x":[0.167],"y":[0.167]},"t":65,"s":[65.995]},{"i":{"x":[0],"y":[1]},"o":{"x":[0.333],"y":[0]},"t":75,"s":[100.27]},{"i":{"x":[0.833],"y":[1]},"o":{"x":[0.333],"y":[0]},"t":120,"s":[89.995]},{"i":{"x":[0.833],"y":[0.833]},"o":{"x":[0.167],"y":[0.167]},"t":150,"s":[89.995]},{"t":155,"s":[109.995]}],"ix":4}},"a":{"a":0,"k":[-0.456,2.995,0],"ix":1,"l":2},"s":{"a":0,"k":[100,100,100],"ix":6,"l":2}},"ao":0,"shapes":[{"ty":"gr","it":[{"ind":0,"ty":"sh","ix":1,"ks":{"a":1,"k":[{"i":{"x":0.833,"y":0.833},"o":{"x":0.167,"y":0.167},"t":65,"s":[{"i":[[7.363,-12.703],[-13.005,-7.008],[-2.304,-0.573],[-29.088,1.378],[-26.542,11.917],[5.19,14.122],[1.196,1.792],[13.437,-5.719],[21.394,-2.158],[20.593,6.472]],"o":[[-7.083,13.031],[2.079,1.156],[27.686,8.975],[29.008,-2.364],[14.122,-5.19],[-0.767,-2.021],[-8.9,-11.603],[-19.648,8.83],[-21.577,0.615],[-14.007,-4.474]],"v":[[74.556,-8.247],[85.297,28.065],[91.91,30.645],[177.716,42.202],[261.623,20.625],[277.83,-14.4],[274.873,-20.157],[236.887,-30.128],[174.97,-13.444],[111.184,-22.303]],"c":true}]},{"i":{"x":0,"y":1},"o":{"x":0.167,"y":0.167},"t":75,"s":[{"i":[[10.2,-10.561],[-10.94,-9.928],[-2.099,-1.11],[-28.566,-5.653],[-28.629,5.189],[1.644,14.955],[0.73,2.026],[14.417,-2.322],[21.285,3.047],[18.434,11.232]],"o":[[-10.008,10.947],[1.74,1.621],[24.718,15.365],[28.726,4.677],[14.955,-1.644],[-0.259,-2.146],[-5.85,-13.401],[-21.194,3.849],[-21.093,-4.589],[-12.521,-7.709]],"v":[[79.855,-32.106],[81.554,5.723],[87.353,9.817],[167.867,41.657],[254.501,40.879],[278.65,10.775],[277.163,4.477],[242.687,-14.332],[178.575,-13.017],[118.788,-36.947]],"c":true}]},{"i":{"x":0.833,"y":0.833},"o":{"x":0.333,"y":0},"t":120,"s":[{"i":[[11.04,-9.68],[-10.08,-10.8],[-2,-1.28],[-28,-8],[-28.96,2.8],[0.4,15.04],[0.56,2.08],[14.56,-1.12],[20.96,4.8],[17.44,12.72]],"o":[[-10.88,10.08],[1.6,1.76],[23.36,17.36],[28.24,7.04],[15.04,-0.4],[-0.08,-2.16],[-4.72,-13.84],[-21.44,2.08],[-20.64,-6.32],[-11.84,-8.72]],"v":[[82.84,-39.84],[81.4,-2],[86.84,2.56],[164.44,40.96],[250.84,47.36],[277.4,19.36],[276.44,12.96],[243.64,-8.64],[179.64,-12.64],[122.04,-41.44]],"c":true}]},{"i":{"x":0.833,"y":0.833},"o":{"x":0.167,"y":0.167},"t":150,"s":[{"i":[[11.04,-9.68],[-10.08,-10.8],[-2,-1.28],[-28,-8],[-28.96,2.8],[0.4,15.04],[0.56,2.08],[14.56,-1.12],[20.96,4.8],[17.44,12.72]],"o":[[-10.88,10.08],[1.6,1.76],[23.36,17.36],[28.24,7.04],[15.04,-0.4],[-0.08,-2.16],[-4.72,-13.84],[-21.44,2.08],[-20.64,-6.32],[-11.84,-8.72]],"v":[[82.84,-39.84],[81.4,-2],[86.84,2.56],[164.44,40.96],[250.84,47.36],[277.4,19.36],[276.44,12.96],[243.64,-8.64],[179.64,-12.64],[122.04,-41.44]],"c":true}]},{"t":155,"s":[{"i":[[9.126,-11.502],[-11.853,-8.818],[-2.197,-0.901],[-28.981,-2.851],[-27.989,7.946],[3.09,14.725],[0.924,1.946],[14.123,-3.712],[21.481,0.965],[19.438,9.387]],"o":[[-8.897,11.867],[1.889,1.445],[26.094,12.891],[29.045,1.864],[14.725,-3.09],[-0.466,-2.111],[-7.125,-12.77],[-20.72,5.89],[-21.439,-2.518],[-13.211,-6.456]],"v":[[77.184,-22.753],[82.55,14.733],[88.72,18.244],[171.947,42.111],[258.094,32.919],[279.205,0.611],[277.113,-5.513],[240.972,-20.884],[177.292,-13.346],[115.462,-31.354]],"c":true}]}],"ix":2},"nm":"Path 1","mn":"ADBE Vector Shape - Group","hd":false},{"ind":1,"ty":"sh","ix":2,"ks":{"a":1,"k":[{"i":{"x":0.833,"y":0.833},"o":{"x":0.167,"y":0.167},"t":65,"s":[{"i":[[-7.202,-12.52],[12.925,-7.154],[2.298,-0.599],[29.102,1.05],[26.675,11.617],[-4.755,13.848],[-1.427,2.06],[-13.5,-5.567],[-21.417,-1.916],[-20.518,6.704]],"o":[[7.23,12.95],[-2.066,1.179],[-27.583,9.286],[-29.033,-2.037],[-13.849,-4.755],[0.867,-2.41],[8.768,-11.702],[19.746,8.607],[21.583,0.372],[13.652,-4.731]],"v":[[-75.335,-9.492],[-85.666,26.939],[-92.249,29.593],[-177.92,42.117],[-262.065,21.489],[-278.455,-12.189],[-275.013,-18.894],[-237.142,-29.293],[-175.041,-13.308],[-111.359,-22.887]],"c":true}]},{"i":{"x":0,"y":1},"o":{"x":0.167,"y":0.167},"t":75,"s":[{"i":[[-9.493,-10.886],[11.293,-9.525],[2.138,-1.033],[28.753,-4.613],[28.421,6.224],[-1.979,14.508],[-1,2.297],[-14.324,-2.844],[-21.382,2.273],[-18.829,10.555]],"o":[[9.604,11.302],[-1.798,1.557],[-25.259,14.459],[-28.877,3.631],[-14.508,-1.979],[0.384,-2.532],[6.332,-13.18],[21.04,4.615],[21.245,-3.82],[12.475,-7.288]],"v":[[-79.47,-28.692],[-82.541,9.051],[-88.485,12.932],[-170.101,41.83],[-256.649,37.909],[-279.258,8.048],[-277.181,0.804],[-242.045,-16.742],[-178.024,-13.102],[-117.408,-34.847]],"c":true}]},{"i":{"x":0.833,"y":0.833},"o":{"x":0.333,"y":0},"t":120,"s":[{"i":[[-10.72,-9.68],[10.08,-10.8],[2,-1.28],[28,-8],[28.96,2.8],[-0.24,14.64],[-0.72,2.4],[-14.56,-1.12],[-20.96,4.8],[-17.44,12.72]],"o":[[10.88,10.08],[-1.6,1.76],[-23.36,17.36],[-28.24,7.04],[-14.64,-0.24],[0.08,-2.56],[4.72,-13.84],[21.44,2.08],[20.64,-6.32],[11.52,-8.72]],"v":[[-83.56,-39.84],[-82.12,-2],[-87.56,2.56],[-165.16,40.96],[-251.56,47.36],[-277.56,20.4],[-276.36,12.96],[-243.56,-8.64],[-179.56,-12.64],[-121.96,-41.44]],"c":true}]},{"i":{"x":0.833,"y":0.833},"o":{"x":0.167,"y":0.167},"t":150,"s":[{"i":[[-10.72,-9.68],[10.08,-10.8],[2,-1.28],[28,-8],[28.96,2.8],[-0.24,14.64],[-0.72,2.4],[-14.56,-1.12],[-20.96,4.8],[-17.44,12.72]],"o":[[10.88,10.08],[-1.6,1.76],[-23.36,17.36],[-28.24,7.04],[-14.64,-0.24],[0.08,-2.56],[4.72,-13.84],[21.44,2.08],[20.64,-6.32],[11.52,-8.72]],"v":[[-83.56,-39.84],[-82.12,-2],[-87.56,2.56],[-165.16,40.96],[-251.56,47.36],[-277.56,20.4],[-276.36,12.96],[-243.56,-8.64],[-179.56,-12.64],[-121.96,-41.44]],"c":true}]},{"t":155,"s":[{"i":[[-9.162,-11.166],[11.574,-9.181],[2.168,-0.968],[28.878,-3.748],[28.222,7.075],[-2.414,14.442],[-1.069,2.266],[-14.232,-3.272],[-21.441,1.63],[-19.137,9.986]],"o":[[9.26,11.586],[-1.844,1.503],[-25.682,13.694],[-28.973,2.763],[-14.442,-2.414],[0.46,-2.52],[6.725,-12.984],[20.892,5.245],[21.35,-3.181],[12.688,-6.91]],"v":[[-78.652,-25.814],[-82.854,11.82],[-88.912,15.52],[-171.359,41.956],[-257.75,35.439],[-279.452,4.913],[-277.16,-2.266],[-241.513,-18.749],[-177.629,-13.189],[-116.388,-33.105]],"c":true}]}],"ix":2},"nm":"Path 2","mn":"ADBE Vector Shape - Group","hd":false},{"ty":"fl","c":{"a":0,"k":[0.258823529412,0.16862745098,0.050980392157,1],"ix":4},"o":{"a":0,"k":100,"ix":5},"r":1,"bm":0,"nm":"Fill 1","mn":"ADBE Vector Graphic - Fill","hd":false},{"ty":"tr","p":{"a":0,"k":[0,0],"ix":2},"a":{"a":0,"k":[0,0],"ix":1},"s":{"a":0,"k":[100,100],"ix":3},"r":{"a":0,"k":0,"ix":6},"o":{"a":0,"k":100,"ix":7},"sk":{"a":0,"k":0,"ix":4},"sa":{"a":0,"k":0,"ix":5},"nm":"Transform"}],"nm":"Shape 1","np":4,"cix":2,"bm":0,"ix":1,"mn":"ADBE Vector Group","hd":false}],"ip":65,"op":157.5,"st":15,"bm":0},{"ddd":0,"ind":5,"ty":4,"nm":"eyebrows","parent":1,"sr":1,"ks":{"o":{"a":0,"k":100,"ix":11},"r":{"a":0,"k":0,"ix":10},"p":{"s":true,"x":{"a":0,"k":-2.456,"ix":3},"y":{"a":1,"k":[{"i":{"x":[0.833],"y":[0.833]},"o":{"x":[0.167],"y":[0.167]},"t":0,"s":[-87.005]},{"i":{"x":[0],"y":[1]},"o":{"x":[0.167],"y":[0.167]},"t":7.5,"s":[-87.005]},{"i":{"x":[0.833],"y":[0.833]},"o":{"x":[0.462],"y":[0]},"t":45,"s":[-163.005]},{"i":{"x":[0.833],"y":[0.833]},"o":{"x":[0.167],"y":[0.167]},"t":60,"s":[-126.528]},{"t":62.5,"s":[-83.005]}],"ix":4}},"a":{"a":0,"k":[-0.456,2.995,0],"ix":1,"l":2},"s":{"a":0,"k":[100,100,100],"ix":6,"l":2}},"ao":0,"shapes":[{"ty":"gr","it":[{"ind":0,"ty":"sh","ix":1,"ks":{"a":1,"k":[{"i":{"x":0.833,"y":0.833},"o":{"x":0.167,"y":0.167},"t":0,"s":[{"i":[[-46.773,5.024],[18.822,-6.073],[37.918,19.068],[11.256,10.865],[-15.352,-10.309],[0,0]],"o":[[17.687,-2.147],[-40.62,12.302],[-14.053,-6.821],[-14.167,-14.174],[0,0],[39.88,25.014]],"v":[[258.85,5.008],[265.987,33.613],[143.662,23.122],[105.49,-3.598],[125.021,-25.762],[125.021,-25.762]],"c":true}]},{"i":{"x":0,"y":1},"o":{"x":0.167,"y":0.167},"t":7.5,"s":[{"i":[[-45.137,12.699],[17.492,-9.092],[40.431,12.449],[12.866,8.81],[-16.8,-7.585],[0,0]],"o":[[17.028,-5.045],[-37.882,18.831],[-14.944,-4.372],[-16.275,-11.58],[0,0],[43.347,17.967]],"v":[[235.792,-8.565],[247.553,18.365],[125.587,28.352],[83.636,8.424],[99.154,-16.6],[99.154,-16.6]],"c":true}]},{"i":{"x":0.833,"y":0.833},"o":{"x":1,"y":0},"t":45,"s":[{"i":[[-46.973,-2.555],[19.553,-2.97],[34.362,24.912],[9.364,12.532],[-13.497,-12.642],[0,0]],"o":[[17.802,0.723],[-42.068,5.617],[-12.775,-8.99],[-11.706,-16.265],[0,0],[35.344,31.095]],"v":[[237.886,12.92],[240.335,42.299],[121.285,12.294],[87.901,-20.211],[110.739,-38.949],[110.739,-38.949]],"c":true}]},{"t":62.5,"s":[{"i":[[-46.435,7.538],[18.468,-7.079],[38.891,16.996],[11.825,10.242],[-15.886,-9.467],[0,0]],"o":[[17.546,-3.097],[-39.898,14.473],[-14.4,-6.053],[-14.91,-13.389],[0,0],[41.171,22.827]],"v":[[239.426,-2.341],[248.095,25.837],[125.383,21.956],[85.826,-2.667],[104.134,-25.852],[104.134,-25.852]],"c":true}]}],"ix":2},"nm":"Path 1","mn":"ADBE Vector Shape - Group","hd":false},{"ind":1,"ty":"sh","ix":2,"ks":{"a":1,"k":[{"i":{"x":0.833,"y":0.833},"o":{"x":0.167,"y":0.167},"t":0,"s":[{"i":[[-38.382,27.257],[0,0],[13.331,-14.962],[13.639,-7.615],[41.258,9.955],[-17.781,-1.13]],"o":[[0,0],[14.737,-11.172],[-10.615,11.491],[-36.763,21.209],[-19.139,-4.985],[46.984,2.336]],"v":[[-130.503,-29.438],[-130.503,-29.438],[-109.734,-8.429],[-146.312,20.433],[-267.835,37.913],[-262.348,8.947]],"c":true}]},{"i":{"x":0,"y":1},"o":{"x":0.167,"y":0.167},"t":7.5,"s":[{"i":[[-41.733,21.354],[0,0],[15.284,-12.832],[14.533,-5.547],[39.229,15.728],[-17.36,-3.664]],"o":[[0,0],[16.125,-8.895],[-12.109,9.801],[-39.27,15.626],[-18.146,-7.658],[45.965,9.042]],"v":[[-116.548,-21.234],[-116.548,-21.234],[-99.095,2.449],[-139.282,25.644],[-261.543,25.437],[-251.981,-2.32]],"c":true}]},{"i":{"x":0.833,"y":0.833},"o":{"x":1,"y":0},"t":45,"s":[{"i":[[-32.789,33.779],[0,0],[10.39,-17.136],[12.028,-9.967],[42.38,2.291],[-17.691,2.12]],"o":[[0,0],[12.461,-13.664],[-8.35,13.229],[-32.296,27.537],[-19.727,-1.423],[46.627,-6.242]],"v":[[-140.357,-41.908],[-140.357,-41.908],[-116.116,-25.023],[-146.84,10.006],[-263.162,49.281],[-263.031,19.8]],"c":true}]},{"t":62.5,"s":[{"i":[[-40.128,24.615],[0,0],[14.307,-14.032],[14.121,-6.68],[40.495,12.706],[-17.665,-2.323]],"o":[[0,0],[15.455,-10.156],[-11.364,10.752],[-38.106,18.689],[-18.761,-6.26],[46.721,5.49]],"v":[[-132.16,-27.317],[-132.16,-27.317],[-112.85,-4.959],[-151.287,21.378],[-273.71,30.648],[-266.288,2.117]],"c":true}]}],"ix":2},"nm":"Path 2","mn":"ADBE Vector Shape - Group","hd":false},{"ty":"fl","c":{"a":0,"k":[0.258823529412,0.16862745098,0.050980392157,1],"ix":4},"o":{"a":0,"k":100,"ix":5},"r":1,"bm":0,"nm":"Fill 1","mn":"ADBE Vector Graphic - Fill","hd":false},{"ty":"tr","p":{"a":0,"k":[0,0],"ix":2},"a":{"a":0,"k":[0,0],"ix":1},"s":{"a":0,"k":[100,100],"ix":3},"r":{"a":0,"k":0,"ix":6},"o":{"a":0,"k":100,"ix":7},"sk":{"a":0,"k":0,"ix":4},"sa":{"a":0,"k":0,"ix":5},"nm":"Transform"}],"nm":"Shape 1","np":4,"cix":2,"bm":0,"ix":1,"mn":"ADBE Vector Group","hd":false}],"ip":0,"op":65,"st":0,"bm":0},{"ddd":0,"ind":6,"ty":4,"nm":"eyes normal","parent":1,"sr":1,"ks":{"o":{"a":0,"k":100,"ix":11},"r":{"a":0,"k":0,"ix":10},"p":{"s":true,"x":{"a":0,"k":-7.201,"ix":3},"y":{"a":1,"k":[{"i":{"x":[0.833],"y":[0.833]},"o":{"x":[0.167],"y":[0.167]},"t":0,"s":[108.399]},{"i":{"x":[0],"y":[1]},"o":{"x":[0.167],"y":[0.167]},"t":7.5,"s":[106.399]},{"i":{"x":[0.833],"y":[0.833]},"o":{"x":[1],"y":[0]},"t":45,"s":[46.399]},{"t":75,"s":[126.399]}],"ix":4}},"a":{"a":0,"k":[27.45,9.65,0],"ix":1,"l":2},"s":{"a":0,"k":[800,800,100],"ix":6,"l":2}},"ao":0,"shapes":[{"ty":"gr","it":[{"ind":0,"ty":"sh","ix":1,"ks":{"a":0,"k":{"i":[[0.899,0.8],[0,0],[0.7,-1.4],[-0.901,-0.9],[-0.701,1.4]],"o":[[0,0],[-1.4,-0.7],[-0.5,1.1],[1.399,0.7],[0.5,-1.1]],"v":[[3.726,-5.3],[3.726,-5.3],[-0.076,-4],[0.525,-0.7],[4.326,-2]],"c":true},"ix":2},"nm":"Path 1","mn":"ADBE Vector Shape - Group","hd":false},{"ty":"fl","c":{"a":0,"k":[0.536999990426,0.375999989229,0.141000007181,1],"ix":4},"o":{"a":0,"k":100,"ix":5},"r":1,"bm":0,"nm":"Fill 1","mn":"ADBE Vector Graphic - Fill","hd":false},{"ty":"tr","p":{"a":0,"k":[44.65,6.55],"ix":2},"a":{"a":0,"k":[0,0],"ix":1},"s":{"a":0,"k":[100,100],"ix":3},"r":{"a":0,"k":0,"ix":6},"o":{"a":0,"k":100,"ix":7},"sk":{"a":0,"k":0,"ix":4},"sa":{"a":0,"k":0,"ix":5},"nm":"Transform"}],"nm":"Group 1","np":2,"cix":2,"bm":0,"ix":1,"mn":"ADBE Vector Group","hd":false},{"ty":"gr","it":[{"ind":0,"ty":"sh","ix":1,"ks":{"a":0,"k":{"i":[[4.2,0],[0,0],[0,-5.9],[-4.2,0],[0,5.9]],"o":[[0,0],[-4.2,0],[0,5.9],[4.2,0],[0,-5.9]],"v":[[2.125,-12.4],[2.125,-12.4],[-5.875,-3],[2.125,6.4],[10.125,-3]],"c":true},"ix":2},"nm":"Path 1","mn":"ADBE Vector Shape - Group","hd":false},{"ty":"fl","c":{"a":0,"k":[0.258999992819,0.169000004787,0.051000000449,1],"ix":4},"o":{"a":0,"k":100,"ix":5},"r":1,"bm":0,"nm":"Fill 1","mn":"ADBE Vector Graphic - Fill","hd":false},{"ty":"tr","p":{"a":0,"k":[46.65,9.65],"ix":2},"a":{"a":0,"k":[0,0],"ix":1},"s":{"a":0,"k":[100,100],"ix":3},"r":{"a":0,"k":0,"ix":6},"o":{"a":0,"k":100,"ix":7},"sk":{"a":0,"k":0,"ix":4},"sa":{"a":0,"k":0,"ix":5},"nm":"Transform"}],"nm":"Group 2","np":2,"cix":2,"bm":0,"ix":2,"mn":"ADBE Vector Group","hd":false},{"ty":"gr","it":[{"ind":0,"ty":"sh","ix":1,"ks":{"a":0,"k":{"i":[[0.9,0.8],[0,0],[0.7,-1.4],[-0.9,-0.9],[-0.7,1.4]],"o":[[0,0],[-1.4,-0.7],[-0.5,1.1],[1.4,0.7],[0.6,-1.1]],"v":[[1.55,-5.3],[1.55,-5.3],[-2.25,-4],[-1.65,-0.7],[2.15,-2]],"c":true},"ix":2},"nm":"Path 1","mn":"ADBE Vector Shape - Group","hd":false},{"ty":"fl","c":{"a":0,"k":[0.536999990426,0.375999989229,0.141000007181,1],"ix":4},"o":{"a":0,"k":100,"ix":5},"r":1,"bm":0,"nm":"Fill 1","mn":"ADBE Vector Graphic - Fill","hd":false},{"ty":"tr","p":{"a":0,"k":[6.3,6.55],"ix":2},"a":{"a":0,"k":[0,0],"ix":1},"s":{"a":0,"k":[100,100],"ix":3},"r":{"a":0,"k":0,"ix":6},"o":{"a":0,"k":100,"ix":7},"sk":{"a":0,"k":0,"ix":4},"sa":{"a":0,"k":0,"ix":5},"nm":"Transform"}],"nm":"Group 3","np":2,"cix":2,"bm":0,"ix":3,"mn":"ADBE Vector Group","hd":false},{"ty":"gr","it":[{"ind":0,"ty":"sh","ix":1,"ks":{"a":0,"k":{"i":[[4.2,0],[0,0],[0,-5.9],[-4.2,0],[0,5.9]],"o":[[0,0],[-4.2,0],[0,5.9],[4.2,0],[0,-5.9]],"v":[[0,-12.4],[0,-12.4],[-8,-3],[0,6.4],[8,-3]],"c":true},"ix":2},"nm":"Path 1","mn":"ADBE Vector Shape - Group","hd":false},{"ty":"fl","c":{"a":0,"k":[0.258999992819,0.169000004787,0.051000000449,1],"ix":4},"o":{"a":0,"k":100,"ix":5},"r":1,"bm":0,"nm":"Fill 1","mn":"ADBE Vector Graphic - Fill","hd":false},{"ty":"tr","p":{"a":0,"k":[8.25,9.65],"ix":2},"a":{"a":0,"k":[0,0],"ix":1},"s":{"a":0,"k":[100,100],"ix":3},"r":{"a":0,"k":0,"ix":6},"o":{"a":0,"k":100,"ix":7},"sk":{"a":0,"k":0,"ix":4},"sa":{"a":0,"k":0,"ix":5},"nm":"Transform"}],"nm":"Group 4","np":2,"cix":2,"bm":0,"ix":4,"mn":"ADBE Vector Group","hd":false}],"ip":0,"op":65,"st":0,"bm":0},{"ddd":0,"ind":7,"ty":4,"nm":"mouth ","parent":1,"sr":1,"ks":{"o":{"a":0,"k":100,"ix":11},"r":{"a":0,"k":0,"ix":10},"p":{"s":true,"x":{"a":0,"k":-0.281,"ix":3},"y":{"a":1,"k":[{"i":{"x":[0.833],"y":[0.833]},"o":{"x":[0.167],"y":[0.167]},"t":0,"s":[245.456]},{"i":{"x":[0],"y":[1]},"o":{"x":[0.167],"y":[0.167]},"t":7.5,"s":[245.456]},{"i":{"x":[0.833],"y":[0.833]},"o":{"x":[1],"y":[0]},"t":45,"s":[205.456]},{"i":{"x":[0.548],"y":[1]},"o":{"x":[0.167],"y":[0.167]},"t":65,"s":[264.456]},{"i":{"x":[0.833],"y":[1]},"o":{"x":[0.333],"y":[0]},"t":105,"s":[264.456]},{"t":167.5,"s":[264.456]}],"ix":4}},"a":{"a":0,"k":[0,-0.4,0],"ix":1,"l":2},"s":{"a":0,"k":[100,100,100],"ix":6,"l":2}},"ao":0,"shapes":[{"ty":"gr","it":[{"ind":0,"ty":"sh","ix":1,"ks":{"a":1,"k":[{"i":{"x":0.833,"y":0.833},"o":{"x":0.167,"y":0.167},"t":0,"s":[{"i":[[-86.4,0],[-15.2,-29.6],[4.8,-4],[7.819,4.556],[78.719,1.056],[5.119,-2.744],[5.12,3.2],[-5.6,11.2]],"o":[[86.4,0],[5.6,11.2],[-5.12,3.2],[-7.819,-4.556],[-78.719,-1.056],[-5.119,2.744],[-4.8,-4.8],[15.2,-28.8]],"v":[[-22.001,-72.4],[135.599,20.4],[136.4,45.2],[119.599,45.2],[-22.001,-2.8],[-163.6,44.4],[-180.401,44.4],[-179.6,19.6]],"c":true}]},{"i":{"x":0,"y":1},"o":{"x":0.167,"y":0.167},"t":7.5,"s":[{"i":[[-86.4,0],[-15.2,-29.6],[4.8,-4],[8.378,0.161],[48.24,0.48],[51.4,-0.733],[5.12,3.2],[-5.6,11.2]],"o":[[86.4,0],[5.6,11.2],[-10.067,6.911],[-62.289,-2.217],[-48.08,0.64],[-5.711,-0.511],[-4.8,-4.8],[15.2,-28.8]],"v":[[-22.001,-74.256],[135.599,18.544],[136.4,43.344],[112.4,48.344],[-25.201,46.811],[-156.4,47.544],[-180.4,42.544],[-179.601,17.744]],"c":true}]},{"i":{"x":0.833,"y":0.833},"o":{"x":1,"y":0},"t":45,"s":[{"i":[[-86.4,0],[-15.2,-45.692],[4.8,-6.175],[8.378,0.249],[48.24,0.741],[51.4,-1.132],[5.12,4.94],[-5.6,17.289]],"o":[[86.4,0],[5.6,17.289],[-10.067,10.668],[-62.289,-3.423],[-48.08,0.988],[-5.711,-0.789],[-4.8,-7.41],[15.2,-44.457]],"v":[[-22.001,-108.101],[135.599,35.15],[136.4,73.432],[112.4,81.151],[-25.2,78.784],[-156.401,79.916],[-180.401,72.198],[-179.6,33.915]],"c":true}]},{"i":{"x":0.833,"y":0.833},"o":{"x":0.167,"y":0.167},"t":65,"s":[{"i":[[-81.056,0],[-15.66,-37.083],[4.835,-5.071],[8.249,2.243],[58.5,0.804],[28.601,-1.821],[5.192,4.148],[-5.931,14.091]],"o":[[81.056,0],[5.772,14.033],[-7.658,6.953],[-35.4,-3.842],[-58.419,0.066],[-5.591,0.854],[-4.837,-6.17],[16.07,-36.219]],"v":[[-22,-93.495],[126.279,-0.216],[127.047,31.207],[109.769,35.861],[-23.612,17.047],[-151.529,35.225],[-169.985,30.411],[-168.988,-1.25]],"c":true}]},{"i":{"x":0,"y":1},"o":{"x":0.167,"y":0.167},"t":67.5,"s":[{"i":[[-75.633,0],[-16.127,-28.348],[4.871,-3.952],[8.118,4.266],[68.909,0.868],[5.469,-2.52],[5.265,3.346],[-6.266,10.846]],"o":[[75.633,0],[5.946,10.729],[-5.214,3.184],[-8.118,-4.266],[-68.909,-0.868],[-5.469,2.52],[-4.874,-4.913],[16.953,-27.861]],"v":[[-22,-66.356],[116.823,-3.63],[117.558,20.832],[97.026,22.378],[-22,-9.094],[-138.527,22.348],[-159.417,20.481],[-158.221,-4.461]],"c":true}]},{"i":{"x":0.833,"y":0.833},"o":{"x":0.167,"y":0},"t":120,"s":[{"i":[[-86.4,0],[-15.2,-29.6],[4.8,-4],[7.819,4.556],[78.719,1.056],[5.119,-2.744],[5.12,3.2],[-5.6,11.2]],"o":[[86.4,0],[5.6,11.2],[-5.12,3.2],[-7.819,-4.556],[-78.719,-1.056],[-5.119,2.744],[-4.8,-4.8],[15.2,-28.8]],"v":[[-22.001,-72.4],[135.599,20.4],[136.4,45.2],[119.599,45.2],[-22.001,-2.8],[-163.6,44.4],[-180.401,44.4],[-179.6,19.6]],"c":true}]},{"t":167.5,"s":[{"i":[[-86.4,0],[-15.2,-29.6],[4.8,-4],[7.819,4.556],[78.719,1.056],[5.119,-2.744],[5.12,3.2],[-5.6,11.2]],"o":[[86.4,0],[5.6,11.2],[-5.12,3.2],[-7.819,-4.556],[-78.719,-1.056],[-5.119,2.744],[-4.8,-4.8],[15.2,-28.8]],"v":[[-22.001,-72.4],[135.599,20.4],[136.4,45.2],[119.599,45.2],[-22.001,-2.8],[-163.6,44.4],[-180.401,44.4],[-179.6,19.6]],"c":true}]}],"ix":2},"nm":"Path 1","mn":"ADBE Vector Shape - Group","hd":false},{"ty":"fl","c":{"a":0,"k":[0.258999992819,0.169000004787,0.051000000449,1],"ix":4},"o":{"a":0,"k":100,"ix":5},"r":1,"bm":0,"nm":"Fill 1","mn":"ADBE Vector Graphic - Fill","hd":false},{"ty":"tr","p":{"a":0,"k":[22,12],"ix":2},"a":{"a":0,"k":[0,0],"ix":1},"s":{"a":0,"k":[100,100],"ix":3},"r":{"a":0,"k":0,"ix":6},"o":{"a":0,"k":100,"ix":7},"sk":{"a":0,"k":0,"ix":4},"sa":{"a":0,"k":0,"ix":5},"nm":"Transform"}],"nm":"Group 1","np":2,"cix":2,"bm":0,"ix":1,"mn":"ADBE Vector Group","hd":false}],"ip":0,"op":180,"st":0,"bm":0},{"ddd":0,"ind":8,"ty":4,"nm":"base matte","parent":10,"td":1,"sr":1,"ks":{"o":{"a":0,"k":100,"ix":11},"r":{"a":0,"k":0,"ix":10},"p":{"s":true,"x":{"a":0,"k":-2,"ix":3},"y":{"a":0,"k":-3,"ix":4}},"a":{"a":0,"k":[0,0,0],"ix":1,"l":2},"s":{"a":0,"k":[100,100,100],"ix":6,"l":2}},"ao":0,"shapes":[{"ty":"gr","it":[{"ind":0,"ty":"sh","ix":1,"ks":{"a":0,"k":{"i":[[15.4,0],[0,38.4],[-27.9,0],[-10.6,-9.3],[0,-16.9],[11.5,-10.2]],"o":[[-27.9,0],[0,-38.4],[15.5,0],[11.5,10.2],[0,16.9],[-10.6,9.3]],"v":[[0,55.9],[-58,0],[0,-55.9],[40.4,-41.5],[58,0],[40.4,41.4]],"c":true},"ix":2},"nm":"Path 1","mn":"ADBE Vector Shape - Group","hd":false},{"ty":"fl","c":{"a":0,"k":[0.921568627451,0.560784313725,0,1],"ix":4},"o":{"a":0,"k":100,"ix":5},"r":1,"bm":0,"nm":"Fill 1","mn":"ADBE Vector Graphic - Fill","hd":false},{"ty":"tr","p":{"a":0,"k":[0,0],"ix":2},"a":{"a":0,"k":[0,0],"ix":1},"s":{"a":0,"k":[100,100],"ix":3},"r":{"a":0,"k":0,"ix":6},"o":{"a":0,"k":100,"ix":7},"sk":{"a":0,"k":0,"ix":4},"sa":{"a":0,"k":0,"ix":5},"nm":"Transform"}],"nm":"Group 1","np":2,"cix":2,"bm":0,"ix":1,"mn":"ADBE Vector Group","hd":false}],"ip":0,"op":180,"st":0,"bm":0},{"ddd":0,"ind":9,"ty":4,"nm":"base shadow","parent":10,"tt":2,"sr":1,"ks":{"o":{"a":0,"k":100,"ix":11},"r":{"a":0,"k":0,"ix":10},"p":{"s":true,"x":{"a":0,"k":0,"ix":3},"y":{"a":0,"k":0,"ix":4}},"a":{"a":0,"k":[0,0,0],"ix":1,"l":2},"s":{"a":0,"k":[100,100,100],"ix":6,"l":2}},"ao":0,"shapes":[{"ty":"gr","it":[{"ind":0,"ty":"sh","ix":1,"ks":{"a":0,"k":{"i":[[15.4,0],[0,38.4],[-27.9,0],[-10.6,-9.3],[0,-16.9],[11.5,-10.2]],"o":[[-27.9,0],[0,-38.4],[15.5,0],[11.5,10.2],[0,16.9],[-10.6,9.3]],"v":[[0,55.9],[-58,0],[0,-55.9],[40.4,-41.5],[58,0],[40.4,41.4]],"c":true},"ix":2},"nm":"Path 1","mn":"ADBE Vector Shape - Group","hd":false},{"ty":"fl","c":{"a":0,"k":[0.921568627451,0.560784313725,0,1],"ix":4},"o":{"a":0,"k":100,"ix":5},"r":1,"bm":0,"nm":"Fill 1","mn":"ADBE Vector Graphic - Fill","hd":false},{"ty":"tr","p":{"a":0,"k":[0,0],"ix":2},"a":{"a":0,"k":[0,0],"ix":1},"s":{"a":0,"k":[100,100],"ix":3},"r":{"a":0,"k":0,"ix":6},"o":{"a":0,"k":100,"ix":7},"sk":{"a":0,"k":0,"ix":4},"sa":{"a":0,"k":0,"ix":5},"nm":"Transform"}],"nm":"Group 1","np":2,"cix":2,"bm":0,"ix":1,"mn":"ADBE Vector Group","hd":false}],"ip":0,"op":180,"st":0,"bm":0},{"ddd":0,"ind":10,"ty":4,"nm":"base","sr":1,"ks":{"o":{"a":0,"k":100,"ix":11},"r":{"a":0,"k":0,"ix":10},"p":{"s":true,"x":{"a":0,"k":512,"ix":3},"y":{"a":1,"k":[{"i":{"x":[0.71],"y":[0.738]},"o":{"x":[0.333],"y":[0]},"t":0,"s":[520]},{"i":{"x":[0.219],"y":[1]},"o":{"x":[0.076],"y":[0.225]},"t":7.5,"s":[504]},{"i":{"x":[0.849],"y":[0.552]},"o":{"x":[0.394],"y":[0]},"t":45,"s":[479.467]},{"i":{"x":[0.315],"y":[1]},"o":{"x":[0.162],"y":[0.27]},"t":65,"s":[484.555]},{"i":{"x":[0.9],"y":[0.562]},"o":{"x":[0.706],"y":[0]},"t":120,"s":[509.549]},{"i":{"x":[0.667],"y":[1]},"o":{"x":[0.445],"y":[0.582]},"t":150,"s":[525.554]},{"i":{"x":[0.676],"y":[1]},"o":{"x":[0.333],"y":[0]},"t":155,"s":[534.523]},{"i":{"x":[0.833],"y":[1]},"o":{"x":[0.333],"y":[0]},"t":165,"s":[520]},{"t":177.5,"s":[520]}],"ix":4}},"a":{"a":0,"k":[0,0,0],"ix":1,"l":2},"s":{"a":0,"k":[800,800,100],"ix":6,"l":2}},"ao":0,"shapes":[{"ty":"gr","it":[{"ind":0,"ty":"sh","ix":1,"ks":{"a":0,"k":{"i":[[15.4,0],[0,38.4],[-27.9,0],[-10.6,-9.3],[0,-16.9],[11.5,-10.2]],"o":[[-27.9,0],[0,-38.4],[15.5,0],[11.5,10.2],[0,16.9],[-10.6,9.3]],"v":[[0,55.9],[-58,0],[0,-55.9],[40.4,-41.5],[58,0],[40.4,41.4]],"c":true},"ix":2},"nm":"Path 1","mn":"ADBE Vector Shape - Group","hd":false},{"ty":"gf","o":{"a":0,"k":100,"ix":10},"r":1,"bm":0,"g":{"p":5,"k":{"a":0,"k":[0.48,0.992,0.878,0.188,0.691,0.98,0.816,0.178,0.902,0.969,0.753,0.169,0.966,0.963,0.694,0.153,1,0.957,0.635,0.137],"ix":9}},"s":{"a":0,"k":[0,0],"ix":5},"e":{"a":0,"k":[56.225,0],"ix":6},"t":2,"h":{"a":0,"k":0,"ix":7},"a":{"a":0,"k":0,"ix":8},"nm":"Gradient Fill 1","mn":"ADBE Vector Graphic - G-Fill","hd":false},{"ty":"tr","p":{"a":0,"k":[0,0],"ix":2},"a":{"a":0,"k":[0,0],"ix":1},"s":{"a":0,"k":[100,100],"ix":3},"r":{"a":0,"k":0,"ix":6},"o":{"a":0,"k":100,"ix":7},"sk":{"a":0,"k":0,"ix":4},"sa":{"a":0,"k":0,"ix":5},"nm":"Transform"}],"nm":"Group 1","np":2,"cix":2,"bm":0,"ix":1,"mn":"ADBE Vector Group","hd":false}],"ip":0,"op":180,"st":0,"bm":0}],"markers":[{"tm":120,"cm":"rest","dr":0}]}