{"v":"5.8.1","fr":60,"ip":0,"op":140,"w":1024,"h":1024,"nm":"emoji_bubbles","ddd":0,"assets":[{"id":"comp_0","nm":"bubble","fr":60,"layers":[{"ddd":0,"ind":2,"ty":3,"nm":"Null Rot","sr":1,"ks":{"o":{"a":0,"k":0,"ix":11},"r":{"a":1,"k":[{"i":{"x":[0.771],"y":[0.257]},"o":{"x":[0.333],"y":[0]},"t":0,"s":[-30]},{"i":{"x":[0.667],"y":[1]},"o":{"x":[0.333],"y":[0.608]},"t":70,"s":[0]},{"i":{"x":[0.816],"y":[0.761]},"o":{"x":[0.487],"y":[0]},"t":106,"s":[27.403]},{"i":{"x":[0.466],"y":[1]},"o":{"x":[0.292],"y":[0.745]},"t":140,"s":[0]},{"i":{"x":[0.808],"y":[0.738]},"o":{"x":[0.498],"y":[0]},"t":176,"s":[-14.798]},{"i":{"x":[0.439],"y":[1]},"o":{"x":[0.149],"y":[0.561]},"t":210,"s":[0]},{"t":282,"s":[11.356]}],"ix":10},"p":{"a":0,"k":[400,400,0],"ix":2,"l":2},"a":{"a":0,"k":[0,0,0],"ix":1,"l":2},"s":{"a":0,"k":[100,100,100],"ix":6,"l":2}},"ao":0,"ip":0,"op":316,"st":0,"bm":0},{"ddd":0,"ind":3,"ty":4,"nm":"Group 1","parent":2,"sr":1,"ks":{"o":{"a":0,"k":100,"ix":11},"r":{"a":0,"k":0,"ix":10},"p":{"a":0,"k":[126.168,147.776,0],"ix":2,"l":2},"a":{"a":0,"k":[359.479,396.705,0],"ix":1,"l":2},"s":{"a":0,"k":[100,100,100],"ix":6,"l":2}},"ao":0,"shapes":[{"ty":"gr","it":[{"ind":0,"ty":"sh","ix":1,"ks":{"a":1,"k":[{"i":{"x":0.833,"y":0.833},"o":{"x":0.167,"y":0.167},"t":0,"s":[{"i":[[38.56,17.954],[17.646,-10.156],[18.38,-22.009],[-10.288,-19.823],[-37.238,14.14]],"o":[[-26.212,-12.205],[-14.294,8.227],[-10.946,13.107],[9.826,18.933],[67.98,-25.814]],"v":[[-20.679,-117.123],[-85.694,-109.135],[-144.621,-65.195],[-149.664,-16.401],[-80.012,-3.741]],"c":true}]},{"i":{"x":0.833,"y":0.833},"o":{"x":0.167,"y":0.167},"t":70,"s":[{"i":[[54.16,15.76],[28.473,-25.837],[49.148,-18.317],[1.04,-13.28],[-43.447,15.772]],"o":[[-25.52,-7.44],[-16.757,15.206],[-32.493,12.11],[-1.84,22.64],[99.582,-36.149]],"v":[[71.09,-80.107],[11.318,-19.263],[-74.358,36.134],[-127.993,65.493],[-53.958,80.632]],"c":true}]},{"i":{"x":0.667,"y":1},"o":{"x":0.167,"y":0.167},"t":140,"s":[{"i":[[56.487,-11.597],[21.869,-72.448],[46.087,-34.827],[-6.475,-15.92],[-49.918,59.258]],"o":[[-47.817,9.817],[-13.238,43.856],[-28.571,21.73],[4.933,12.129],[67.029,-79.57]],"v":[[45.749,-248.504],[30.367,-95.261],[-40.964,16.83],[-72.806,59.836],[40.642,-0.095]],"c":true}]},{"t":210,"s":[{"i":[[54.16,15.76],[26.879,-43.76],[61.44,-15.12],[1.04,-13.28],[-44.721,11.68]],"o":[[-25.52,-7.44],[-17.92,29.12],[-36.16,8.88],[-1.84,22.64],[118.559,-30.8]],"v":[[84.84,-98.44],[33.401,-34.68],[-83.72,47.4],[-137.16,77.16],[-63.479,94.2]],"c":true}]}],"ix":2},"nm":"Path 1","mn":"ADBE Vector Shape - Group","hd":false},{"ty":"fl","c":{"a":0,"k":[1,1,1,1],"ix":4},"o":{"a":0,"k":100,"ix":5},"r":1,"bm":0,"nm":"Fill 1","mn":"ADBE Vector Graphic - Fill","hd":false},{"ty":"tr","p":{"a":0,"k":[377.271,396.53],"ix":2},"a":{"a":0,"k":[0,0],"ix":1},"s":{"a":0,"k":[100,100],"ix":3},"r":{"a":0,"k":0,"ix":6},"o":{"a":0,"k":100,"ix":7},"sk":{"a":0,"k":0,"ix":4},"sa":{"a":0,"k":0,"ix":5},"nm":"Transform"}],"nm":"Group 1","np":2,"cix":2,"bm":0,"ix":1,"mn":"ADBE Vector Group","hd":false}],"ip":0,"op":336,"st":70,"bm":0},{"ddd":0,"ind":4,"ty":4,"nm":"Group 2","parent":2,"sr":1,"ks":{"o":{"a":0,"k":100,"ix":11},"r":{"a":0,"k":0,"ix":10},"p":{"a":0,"k":[79.444,-210.985,0],"ix":2,"l":2},"a":{"a":0,"k":[312.755,37.945,0],"ix":1,"l":2},"s":{"a":0,"k":[100,100,100],"ix":6,"l":2}},"ao":0,"shapes":[{"ty":"gr","it":[{"ind":0,"ty":"sh","ix":1,"ks":{"a":1,"k":[{"i":{"x":0.667,"y":1},"o":{"x":0.167,"y":0.167},"t":0,"s":[{"i":[[-4.174,-5.282],[5.475,-8.614],[10.365,-2.173],[5.7,5.068],[-1.156,14.349],[-14.143,1.301]],"o":[[6.338,8.02],[-4.534,7.133],[-8.044,1.687],[-8.859,-7.876],[1.06,-13.164],[20.768,-1.91]],"v":[[42.862,112.059],[44.115,147.57],[21.775,162.235],[-11.962,153.505],[-23.331,121.079],[6.31,95.59]],"c":true}]},{"i":{"x":0.833,"y":0.833},"o":{"x":1,"y":0},"t":70,"s":[{"i":[[-7.594,-15.708],[4.52,-11.287],[9.219,-0.234],[13.527,9.188],[-1.377,17.092],[-16.917,0.178]],"o":[[6.721,13.903],[-3.081,7.694],[-9.787,0.248],[-15.689,-10.657],[1.263,-15.68],[29.866,-0.314]],"v":[[46.473,13.818],[48.675,51.508],[22.773,66.848],[-20.958,56.45],[-39.11,12.152],[-5.93,-15.373]],"c":true}]},{"i":{"x":0.833,"y":0.833},"o":{"x":0.167,"y":0.167},"t":140,"s":[{"i":[[-0.075,0.12],[0.071,0.065],[0.054,-0.001],[0.086,-0.057],[-0.042,-0.121],[-0.096,-0.019]],"o":[[0.062,-0.093],[-0.035,-0.036],[-0.083,0.004],[-0.116,0.074],[0.023,0.075],[0.161,0.033]],"v":[[-90.66,3.176],[-90.665,2.894],[-90.82,2.847],[-91.072,2.889],[-91.192,3.222],[-91.03,3.364]],"c":true}]},{"i":{"x":0.667,"y":1},"o":{"x":0.167,"y":0.167},"t":156,"s":[{"i":[[-14.297,-7.951],[3.61,-6.061],[8.263,-2.085],[12.202,5.727],[-4.096,12.412],[-5.54,2.794]],"o":[[11.034,4.94],[-3.61,6.061],[-8.263,2.085],[-12.202,-5.727],[2.011,-6.094],[14.988,-7.559]],"v":[[-30.589,-23.878],[-19.952,7.914],[-38.935,20.171],[-70.219,19.286],[-87.45,-10.723],[-74.058,-24.085]],"c":true}]},{"t":210,"s":[{"i":[[-18,-18.08],[19.92,-6.96],[9.2,0.64],[16,6.8],[-11.36,16.96],[-9.441,1.84]],"o":[[14.399,12.16],[-8.881,2.48],[-18.72,-1.28],[-23.84,-10.24],[5.6,-8.32],[25.599,-4.96]],"v":[[45.64,-7.64],[41.8,33.8],[14.44,31.64],[-28.041,30.2],[-50.36,-17.64],[-24.68,-32.04]],"c":true}]}],"ix":2},"nm":"Path 1","mn":"ADBE Vector Shape - Group","hd":false},{"ty":"fl","c":{"a":0,"k":[1,1,1,1],"ix":4},"o":{"a":0,"k":100,"ix":5},"r":1,"bm":0,"nm":"Fill 1","mn":"ADBE Vector Graphic - Fill","hd":false},{"ty":"tr","p":{"a":0,"k":[311.991,37.25],"ix":2},"a":{"a":0,"k":[0,0],"ix":1},"s":{"a":0,"k":[100,100],"ix":3},"r":{"a":0,"k":0,"ix":6},"o":{"a":0,"k":100,"ix":7},"sk":{"a":0,"k":0,"ix":4},"sa":{"a":0,"k":0,"ix":5},"nm":"Transform"}],"nm":"Group 2","np":2,"cix":2,"bm":0,"ix":1,"mn":"ADBE Vector Group","hd":false}],"ip":0,"op":336,"st":70,"bm":0},{"ddd":0,"ind":5,"ty":4,"nm":"Group 3","parent":2,"sr":1,"ks":{"o":{"a":0,"k":70,"ix":11},"r":{"a":0,"k":0,"ix":10},"p":{"a":0,"k":[-117.29,-123.607,0],"ix":2,"l":2},"a":{"a":0,"k":[116.021,125.323,0],"ix":1,"l":2},"s":{"a":0,"k":[100,100,100],"ix":6,"l":2}},"ao":0,"shapes":[{"ty":"gr","it":[{"ind":0,"ty":"sh","ix":1,"ks":{"a":1,"k":[{"i":{"x":0.833,"y":0.833},"o":{"x":0.167,"y":0.167},"t":0,"s":[{"i":[[-17.88,-8.075],[5.439,-23.579],[19.162,-14.573],[21.182,-1.808],[8.854,21.044],[-14.431,22.885],[-17.034,5.488]],"o":[[19.658,8.878],[-4.621,20.031],[-20.217,15.375],[-23.148,1.976],[-7.129,-16.946],[16.33,-25.895],[26.201,-8.442]],"v":[[111.224,-15.658],[135.502,43.539],[101.254,100.818],[34.84,126.131],[-21.581,100.668],[-12.196,34.232],[51.19,-15.78]],"c":true}]},{"i":{"x":0.833,"y":0.833},"o":{"x":0.167,"y":0.167},"t":70,"s":[{"i":[[-21.966,-8.144],[10.8,-26.8],[28.503,-10.363],[24.717,-14.14],[2.302,26.693],[-12.297,20.331],[-22.54,7.836]],"o":[[27.87,10.333],[-9.92,24.64],[-28.503,10.363],[-33.961,19.428],[-2.44,-28.293],[21.633,-35.767],[28.583,-9.937]],"v":[[85.67,-91.31],[110.52,-23.986],[45.377,17.41],[-19.093,67.33],[-79.853,42.734],[-61.01,-28.96],[13.29,-89.373]],"c":true}]},{"i":{"x":0.667,"y":1},"o":{"x":0.167,"y":0.167},"t":140,"s":[{"i":[[-23.412,-0.844],[4.732,-17.411],[13.97,-46.14],[25.482,-42.8],[17.545,38.366],[-12.27,34.423],[-27.254,17.671]],"o":[[37.115,1.339],[-8.452,31.099],[-12.156,40.148],[-23.361,39.237],[-16.421,-35.909],[21.094,-59.178],[22.062,-14.305]],"v":[[48.702,-96.438],[87.699,-56.949],[28.32,28.443],[-5.545,141.979],[-101.885,150.459],[-105.435,47.459],[-19.586,-69.064]],"c":true}]},{"t":210,"s":[{"i":[[-22.16,-7.6],[10.8,-26.8],[23.36,-12.72],[19.28,-35.6],[6.88,50],[-22.8,28.56],[-28.96,14.4]],"o":[[35.12,12.08],[-9.92,24.64],[-35.6,19.28],[-18.64,34.4],[-5.36,-39.12],[20.16,-25.2],[20.4,-10.08]],"v":[[78.17,-113.393],[111.77,-43.153],[41.21,5.327],[-39.51,85.247],[-115.27,83.567],[-73.51,-39.793],[3.29,-101.873]],"c":true}]}],"ix":2},"nm":"Path 1","mn":"ADBE Vector Shape - Group","hd":false},{"ty":"fl","c":{"a":0,"k":[1,1,1,1],"ix":4},"o":{"a":0,"k":100,"ix":5},"r":1,"bm":0,"nm":"Fill 1","mn":"ADBE Vector Graphic - Fill","hd":false},{"ty":"tr","p":{"a":0,"k":[116.021,125.323],"ix":2},"a":{"a":0,"k":[0,0],"ix":1},"s":{"a":0,"k":[100,100],"ix":3},"r":{"a":0,"k":0,"ix":6},"o":{"a":0,"k":100,"ix":7},"sk":{"a":0,"k":0,"ix":4},"sa":{"a":0,"k":0,"ix":5},"nm":"Transform"}],"nm":"Group 3","np":2,"cix":2,"bm":0,"ix":1,"mn":"ADBE Vector Group","hd":false}],"ip":0,"op":336,"st":70,"bm":0},{"ddd":0,"ind":6,"ty":4,"nm":"circle ","parent":2,"sr":1,"ks":{"o":{"a":0,"k":100,"ix":11},"r":{"a":0,"k":0,"ix":10},"p":{"a":0,"k":[0,0,0],"ix":2,"l":2},"a":{"a":0,"k":[319.29,319.25,0],"ix":1,"l":2},"s":{"a":0,"k":[100,100,100],"ix":6,"l":2}},"ao":0,"shapes":[{"ty":"gr","it":[{"ind":0,"ty":"sh","ix":1,"ks":{"a":1,"k":[{"i":{"x":0.833,"y":0.833},"o":{"x":0.167,"y":0.167},"t":0,"s":[{"i":[[106.089,0],[0,-106.142],[-106.089,0],[0,106.089]],"o":[[-106.142,0],[0,106.142],[106.089,0],[0,-106.089]],"v":[[6.975,-190.883],[-185.466,1.559],[6.975,194],[199.417,1.559]],"c":true}]},{"i":{"x":0.833,"y":0.833},"o":{"x":0.167,"y":0.167},"t":70,"s":[{"i":[[152.92,0],[0,-152.996],[-152.92,0],[0,152.92]],"o":[[-152.996,0],[0,152.996],[152.92,0],[0,-152.92]],"v":[[6.975,-275.833],[-270.417,1.559],[6.975,278.951],[284.367,1.559]],"c":true}]},{"i":{"x":0.667,"y":1},"o":{"x":0.167,"y":0.167},"t":140,"s":[{"i":[[150.553,0],[0,-150.628],[-150.553,0],[0,150.553]],"o":[[-150.628,0],[0,150.628],[150.553,0],[0,-150.553]],"v":[[-5.163,-271.875],[-278.261,1.223],[-5.163,274.321],[267.935,1.223]],"c":true}]},{"t":210,"s":[{"i":[[160.4,0],[0,-160.48],[-160.4,0],[0,160.4]],"o":[[-160.48,0],[0,160.48],[160.4,0],[0,-160.4]],"v":[[4.96,-285.24],[-286,5.72],[4.96,296.68],[295.92,5.72]],"c":true}]}],"ix":2},"nm":"Path 1","mn":"ADBE Vector Shape - Group","hd":false},{"ind":1,"ty":"sh","ix":2,"ks":{"a":1,"k":[{"i":{"x":0.833,"y":0.833},"o":{"x":0.167,"y":0.167},"t":0,"s":[{"i":[[161.156,0],[0,161.229],[-161.229,0],[0,-161.229]],"o":[[-161.229,0],[0,-161.229],[161.229,0],[0,161.229]],"v":[[-0.397,291.963],[-292.794,-0.433],[-0.397,-292.757],[292,-0.36]],"c":true}]},{"i":{"x":0.833,"y":0.833},"o":{"x":0.167,"y":0.167},"t":70,"s":[{"i":[[173.854,0],[0,173.933],[-173.933,0],[0,-173.933]],"o":[[-173.933,0],[0,-173.933],[173.933,0],[0,173.933]],"v":[[-0.397,315],[-315.833,-0.436],[-0.397,-315.794],[315.04,-0.357]],"c":true}]},{"i":{"x":0.667,"y":1},"o":{"x":0.167,"y":0.167},"t":140,"s":[{"i":[[175.84,0],[0,175.92],[-175.92,0],[0,-175.92]],"o":[[-175.92,0],[0,-175.92],[175.92,0],[0,175.92]],"v":[[0,319],[-319.04,-0.04],[0,-319],[319.04,0.04]],"c":true}]},{"t":210,"s":[{"i":[[175.84,0],[0,175.92],[-175.92,0],[0,-175.92]],"o":[[-175.92,0],[0,-175.92],[175.92,0],[0,175.92]],"v":[[0,319],[-319.04,-0.04],[0,-319],[319.04,0.04]],"c":true}]}],"ix":2},"nm":"Path 2","mn":"ADBE Vector Shape - Group","hd":false},{"ty":"mm","mm":1,"nm":"Merge Paths 1","mn":"ADBE Vector Filter - Merge","hd":false},{"ty":"fl","c":{"a":0,"k":[0.301999978458,0.776000019148,0.882000014361,1],"ix":4},"o":{"a":0,"k":100,"ix":5},"r":1,"bm":0,"nm":"Fill 1","mn":"ADBE Vector Graphic - Fill","hd":false},{"ty":"tr","p":{"a":0,"k":[319.29,319.25],"ix":2},"a":{"a":0,"k":[0,0],"ix":1},"s":{"a":0,"k":[100,100],"ix":3},"r":{"a":0,"k":0,"ix":6},"o":{"a":0,"k":100,"ix":7},"sk":{"a":0,"k":0,"ix":4},"sa":{"a":0,"k":0,"ix":5},"nm":"Transform"}],"nm":"Group 1","np":4,"cix":2,"bm":0,"ix":1,"mn":"ADBE Vector Group","hd":false},{"ty":"gr","it":[{"ind":0,"ty":"sh","ix":1,"ks":{"a":1,"k":[{"i":{"x":0.833,"y":0.833},"o":{"x":0.167,"y":0.167},"t":0,"s":[{"i":[[143.315,0],[0,143.381],[-143.38,0],[0,-143.38]],"o":[[-143.38,0],[0,-143.38],[143.38,0],[0,143.381]],"v":[[-0.029,259.967],[-260.057,-0.061],[-0.029,-260.025],[260,0.003]],"c":true}]},{"i":{"x":0.833,"y":0.833},"o":{"x":0.167,"y":0.167},"t":70,"s":[{"i":[[168.405,0],[0,168.483],[-168.482,0],[0,-168.482]],"o":[[-168.482,0],[0,-168.482],[168.482,0],[0,168.483]],"v":[[-0.001,305.513],[-305.552,-0.038],[-0.001,-305.513],[305.552,0.038]],"c":true}]},{"i":{"x":0.667,"y":1},"o":{"x":0.167,"y":0.167},"t":140,"s":[{"i":[[168.405,0],[0,168.483],[-168.482,0],[0,-168.482]],"o":[[-168.482,0],[0,-168.482],[168.482,0],[0,168.483]],"v":[[-0.001,305.513],[-305.552,-0.038],[-0.001,-305.513],[305.552,0.038]],"c":true}]},{"t":210,"s":[{"i":[[168.405,0],[0,168.483],[-168.482,0],[0,-168.482]],"o":[[-168.482,0],[0,-168.482],[168.482,0],[0,168.483]],"v":[[-0.001,305.513],[-305.552,-0.038],[-0.001,-305.513],[305.552,0.038]],"c":true}]}],"ix":2},"nm":"Path 1","mn":"ADBE Vector Shape - Group","hd":false},{"ty":"fl","c":{"a":0,"k":[0.301999978458,0.816000007181,0.882000014361,1],"ix":4},"o":{"a":0,"k":42,"ix":5},"r":1,"bm":0,"nm":"Fill 1","mn":"ADBE Vector Graphic - Fill","hd":false},{"ty":"tr","p":{"a":0,"k":[319.29,319.25],"ix":2},"a":{"a":0,"k":[0,0],"ix":1},"s":{"a":0,"k":[100,100],"ix":3},"r":{"a":0,"k":0,"ix":6},"o":{"a":0,"k":100,"ix":7},"sk":{"a":0,"k":0,"ix":4},"sa":{"a":0,"k":0,"ix":5},"nm":"Transform"}],"nm":"Group 2","np":2,"cix":2,"bm":0,"ix":2,"mn":"ADBE Vector Group","hd":false}],"ip":0,"op":336,"st":70,"bm":0},{"ddd":0,"ind":7,"ty":4,"nm":"circle 2","parent":2,"sr":1,"ks":{"o":{"a":0,"k":100,"ix":11},"r":{"a":0,"k":0,"ix":10},"p":{"a":0,"k":[0,0,0],"ix":2,"l":2},"a":{"a":0,"k":[319.29,319.25,0],"ix":1,"l":2},"s":{"a":0,"k":[100,100,100],"ix":6,"l":2}},"ao":0,"shapes":[{"ty":"gr","it":[{"ind":0,"ty":"sh","ix":1,"ks":{"a":1,"k":[{"i":{"x":0.833,"y":0.833},"o":{"x":0.167,"y":0.167},"t":0,"s":[{"i":[[143.315,0],[0,143.381],[-143.38,0],[0,-143.38]],"o":[[-143.38,0],[0,-143.38],[143.38,0],[0,143.381]],"v":[[-0.029,259.967],[-260.057,-0.061],[-0.029,-260.025],[260,0.003]],"c":true}]},{"i":{"x":0.833,"y":0.833},"o":{"x":0.167,"y":0.167},"t":70,"s":[{"i":[[168.405,0],[0,168.483],[-168.482,0],[0,-168.482]],"o":[[-168.482,0],[0,-168.482],[168.482,0],[0,168.483]],"v":[[-0.001,305.513],[-305.552,-0.038],[-0.001,-305.513],[305.552,0.038]],"c":true}]},{"i":{"x":0.667,"y":1},"o":{"x":0.167,"y":0.167},"t":140,"s":[{"i":[[168.405,0],[0,168.483],[-168.482,0],[0,-168.482]],"o":[[-168.482,0],[0,-168.482],[168.482,0],[0,168.483]],"v":[[-0.001,305.513],[-305.552,-0.038],[-0.001,-305.513],[305.552,0.038]],"c":true}]},{"t":210,"s":[{"i":[[168.405,0],[0,168.483],[-168.482,0],[0,-168.482]],"o":[[-168.482,0],[0,-168.482],[168.482,0],[0,168.483]],"v":[[-0.001,305.513],[-305.552,-0.038],[-0.001,-305.513],[305.552,0.038]],"c":true}]}],"ix":2},"nm":"Path 1","mn":"ADBE Vector Shape - Group","hd":false},{"ty":"fl","c":{"a":0,"k":[1,1,1,1],"ix":4},"o":{"a":0,"k":100,"ix":5},"r":1,"bm":0,"nm":"Fill 1","mn":"ADBE Vector Graphic - Fill","hd":false},{"ty":"tr","p":{"a":0,"k":[319.29,319.25],"ix":2},"a":{"a":0,"k":[0,0],"ix":1},"s":{"a":0,"k":[100,100],"ix":3},"r":{"a":0,"k":0,"ix":6},"o":{"a":0,"k":100,"ix":7},"sk":{"a":0,"k":0,"ix":4},"sa":{"a":0,"k":0,"ix":5},"nm":"Transform"}],"nm":"Group 2","np":2,"cix":2,"bm":0,"ix":1,"mn":"ADBE Vector Group","hd":false}],"ip":0,"op":336,"st":70,"bm":0}]},{"id":"comp_1","nm":"explotion","fr":60,"layers":[{"ddd":0,"ind":1,"ty":4,"nm":"circle 2","sr":1,"ks":{"o":{"a":1,"k":[{"i":{"x":[0.833],"y":[0.833]},"o":{"x":[0.333],"y":[0]},"t":8,"s":[100]},{"t":20,"s":[50]}],"ix":11},"r":{"a":0,"k":7.528,"ix":10},"p":{"a":0,"k":[400,400,0],"ix":2,"l":2},"a":{"a":0,"k":[319.29,319.25,0],"ix":1,"l":2},"s":{"a":0,"k":[100,100,100],"ix":6,"l":2}},"ao":0,"shapes":[{"ty":"gr","it":[{"ind":0,"ty":"sh","ix":1,"ks":{"a":0,"k":{"i":[[-52.73,-43.261],[0,-95.113],[44.964,-53.2]],"o":[[68.357,56.082],[0,74.955],[-56.106,66.383]],"v":[[193.511,-236.258],[305.552,0.038],[233.443,196.915]],"c":false},"ix":2},"nm":"Path 1","mn":"ADBE Vector Shape - Group","hd":false},{"ind":1,"ty":"sh","ix":2,"ks":{"a":0,"k":{"i":[[-168.482,0],[-52.73,-43.261]],"o":[[73.369,0],[68.357,56.082]],"v":[[-0.001,-305.513],[193.511,-236.258]],"c":false},"ix":2},"nm":"Path 4","mn":"ADBE Vector Shape - Group","hd":false},{"ind":2,"ty":"sh","ix":3,"ks":{"a":0,"k":{"i":[[44.964,-53.2],[93.485,0]],"o":[[-56.106,66.383],[-168.482,0]],"v":[[233.443,196.915],[-0.001,305.513]],"c":false},"ix":2},"nm":"Path 3","mn":"ADBE Vector Shape - Group","hd":false},{"ind":3,"ty":"sh","ix":4,"ks":{"a":0,"k":{"i":[[0,-168.482],[-28.385,-46.364]],"o":[[0,58.231],[53.742,87.783]],"v":[[-305.552,-0.038],[-260.793,159.036]],"c":false},"ix":2},"nm":"Path 5","mn":"ADBE Vector Shape - Group","hd":false},{"ind":4,"ty":"sh","ix":5,"ks":{"a":0,"k":{"i":[[93.485,0],[53.742,87.783]],"o":[[-110.251,0],[-28.385,-46.364]],"v":[[-0.001,305.513],[-260.793,159.036]],"c":false},"ix":2},"nm":"Path 6","mn":"ADBE Vector Shape - Group","hd":false},{"ind":5,"ty":"sh","ix":6,"ks":{"a":0,"k":{"i":[[168.482,0],[0,-168.482]],"o":[[-168.482,0],[0,168.483]],"v":[[-0.001,-305.513],[-305.552,-0.038]],"c":false},"ix":2},"nm":"Path 2","mn":"ADBE Vector Shape - Group","hd":false},{"ty":"st","c":{"a":0,"k":[0.301960784314,0.776470648074,0.882353001015,1],"ix":3},"o":{"a":0,"k":100,"ix":4},"w":{"a":1,"k":[{"i":{"x":[0.833],"y":[0.833]},"o":{"x":[0.333],"y":[0]},"t":8,"s":[22]},{"t":20,"s":[12]}],"ix":5},"lc":2,"lj":2,"bm":0,"nm":"Stroke 1","mn":"ADBE Vector Graphic - Stroke","hd":false},{"ty":"tr","p":{"a":0,"k":[319.29,319.25],"ix":2},"a":{"a":0,"k":[0,0],"ix":1},"s":{"a":0,"k":[100,100],"ix":3},"r":{"a":0,"k":0,"ix":6},"o":{"a":0,"k":100,"ix":7},"sk":{"a":0,"k":0,"ix":4},"sa":{"a":0,"k":0,"ix":5},"nm":"Transform"}],"nm":"Group 2","np":8,"cix":2,"bm":0,"ix":1,"mn":"ADBE Vector Group","hd":false},{"ty":"tm","s":{"a":0,"k":0,"ix":1},"e":{"a":1,"k":[{"i":{"x":[0.622],"y":[0.806]},"o":{"x":[0.167],"y":[0.167]},"t":0,"s":[100]},{"i":{"x":[0.678],"y":[1]},"o":{"x":[0.103],"y":[0.72]},"t":6,"s":[14.69]},{"t":20,"s":[0]}],"ix":2},"o":{"a":0,"k":0,"ix":3},"m":1,"ix":2,"nm":"Trim Paths 1","mn":"ADBE Vector Filter - Trim","hd":false}],"ip":0,"op":72,"st":70,"bm":0}]},{"id":"comp_2","nm":"bubble alt","fr":60,"layers":[{"ddd":0,"ind":1,"ty":3,"nm":"Null Rot","sr":1,"ks":{"o":{"a":0,"k":0,"ix":11},"r":{"a":1,"k":[{"i":{"x":[0.771],"y":[0.257]},"o":{"x":[0.333],"y":[0]},"t":0,"s":[-30]},{"i":{"x":[0.667],"y":[1]},"o":{"x":[0.333],"y":[0.608]},"t":70,"s":[0]},{"i":{"x":[0.816],"y":[0.761]},"o":{"x":[0.487],"y":[0]},"t":106,"s":[27.403]},{"i":{"x":[0.466],"y":[1]},"o":{"x":[0.292],"y":[0.745]},"t":140,"s":[0]},{"i":{"x":[0.808],"y":[0.738]},"o":{"x":[0.498],"y":[0]},"t":176,"s":[-14.798]},{"i":{"x":[0.439],"y":[1]},"o":{"x":[0.149],"y":[0.561]},"t":210,"s":[0]},{"t":282,"s":[11.356]}],"ix":10},"p":{"a":0,"k":[400,400,0],"ix":2,"l":2},"a":{"a":0,"k":[0,0,0],"ix":1,"l":2},"s":{"a":0,"k":[100,100,100],"ix":6,"l":2}},"ao":0,"ip":0,"op":316,"st":0,"bm":0},{"ddd":0,"ind":2,"ty":3,"nm":"Null Scale","sr":1,"ks":{"o":{"a":0,"k":0,"ix":11},"r":{"a":0,"k":0,"ix":10},"p":{"a":0,"k":[400,400,0],"ix":2,"l":2},"a":{"a":0,"k":[0,0,0],"ix":1,"l":2},"s":{"a":1,"k":[{"i":{"x":[0.833,0.833,0.833],"y":[0.833,0.833,0.833]},"o":{"x":[0.167,0.167,0.167],"y":[0.167,0.167,0.167]},"t":70,"s":[60,60,100]},{"i":{"x":[0.833,0.833,0.833],"y":[0.833,0.833,0.833]},"o":{"x":[0.167,0.167,0.167],"y":[0.167,0.167,0.167]},"t":140,"s":[46,46,100]},{"t":210,"s":[100,100,100]}],"ix":6,"l":2}},"ao":0,"ip":0,"op":336,"st":70,"bm":0},{"ddd":0,"ind":3,"ty":4,"nm":"Group 1","parent":1,"sr":1,"ks":{"o":{"a":0,"k":100,"ix":11},"r":{"a":0,"k":0,"ix":10},"p":{"a":0,"k":[126.168,147.776,0],"ix":2,"l":2},"a":{"a":0,"k":[359.479,396.705,0],"ix":1,"l":2},"s":{"a":0,"k":[100,100,100],"ix":6,"l":2}},"ao":0,"shapes":[{"ty":"gr","it":[{"ind":0,"ty":"sh","ix":1,"ks":{"a":1,"k":[{"i":{"x":0.833,"y":0.833},"o":{"x":0.167,"y":0.167},"t":0,"s":[{"i":[[38.56,17.954],[17.646,-10.156],[18.38,-22.009],[-10.288,-19.823],[-37.238,14.14]],"o":[[-26.212,-12.205],[-14.294,8.227],[-10.946,13.107],[9.826,18.933],[67.98,-25.814]],"v":[[-20.679,-117.123],[-85.694,-109.135],[-144.621,-65.195],[-149.664,-16.401],[-80.012,-3.741]],"c":true}]},{"i":{"x":0.833,"y":0.833},"o":{"x":0.167,"y":0.167},"t":70,"s":[{"i":[[54.16,15.76],[28.473,-25.837],[49.148,-18.317],[1.04,-13.28],[-43.447,15.772]],"o":[[-25.52,-7.44],[-16.757,15.206],[-32.493,12.11],[-1.84,22.64],[99.582,-36.149]],"v":[[71.09,-80.107],[11.318,-19.263],[-74.358,36.134],[-127.993,65.493],[-53.958,80.632]],"c":true}]},{"i":{"x":0.833,"y":0.833},"o":{"x":0.167,"y":0.167},"t":140,"s":[{"i":[[56.487,-11.597],[21.869,-72.448],[46.087,-34.827],[-6.475,-15.92],[-49.918,59.258]],"o":[[-47.817,9.817],[-13.238,43.856],[-28.571,21.73],[4.933,12.129],[67.029,-79.57]],"v":[[45.749,-248.504],[30.367,-95.261],[-40.964,16.83],[-72.806,59.836],[40.642,-0.095]],"c":true}]},{"t":210,"s":[{"i":[[54.16,15.76],[26.879,-43.76],[61.44,-15.12],[1.04,-13.28],[-44.721,11.68]],"o":[[-25.52,-7.44],[-17.92,29.12],[-36.16,8.88],[-1.84,22.64],[118.559,-30.8]],"v":[[84.84,-98.44],[33.401,-34.68],[-83.72,47.4],[-137.16,77.16],[-63.479,94.2]],"c":true}]}],"ix":2},"nm":"Path 1","mn":"ADBE Vector Shape - Group","hd":false},{"ty":"fl","c":{"a":0,"k":[1,1,1,1],"ix":4},"o":{"a":0,"k":100,"ix":5},"r":1,"bm":0,"nm":"Fill 1","mn":"ADBE Vector Graphic - Fill","hd":false},{"ty":"tr","p":{"a":0,"k":[377.271,396.53],"ix":2},"a":{"a":0,"k":[0,0],"ix":1},"s":{"a":0,"k":[100,100],"ix":3},"r":{"a":0,"k":0,"ix":6},"o":{"a":0,"k":100,"ix":7},"sk":{"a":0,"k":0,"ix":4},"sa":{"a":0,"k":0,"ix":5},"nm":"Transform"}],"nm":"Group 1","np":2,"cix":2,"bm":0,"ix":1,"mn":"ADBE Vector Group","hd":false}],"ip":0,"op":336,"st":70,"bm":0},{"ddd":0,"ind":4,"ty":4,"nm":"Group 2","parent":1,"sr":1,"ks":{"o":{"a":0,"k":100,"ix":11},"r":{"a":0,"k":0,"ix":10},"p":{"a":0,"k":[79.444,-210.985,0],"ix":2,"l":2},"a":{"a":0,"k":[312.755,37.945,0],"ix":1,"l":2},"s":{"a":0,"k":[100,100,100],"ix":6,"l":2}},"ao":0,"shapes":[{"ty":"gr","it":[{"ind":0,"ty":"sh","ix":1,"ks":{"a":1,"k":[{"i":{"x":0.833,"y":0.833},"o":{"x":0.167,"y":0.167},"t":0,"s":[{"i":[[-4.174,-5.282],[5.475,-8.614],[10.365,-2.173],[5.7,5.068],[-1.156,14.349],[-14.143,1.301]],"o":[[6.338,8.02],[-4.534,7.133],[-8.044,1.687],[-8.859,-7.876],[1.06,-13.164],[20.768,-1.91]],"v":[[42.862,112.059],[44.115,147.57],[21.775,162.235],[-11.962,153.505],[-23.331,121.079],[6.31,95.59]],"c":true}]},{"i":{"x":0.833,"y":0.833},"o":{"x":0.167,"y":0.167},"t":70,"s":[{"i":[[-7.594,-15.708],[4.52,-11.287],[9.219,-0.234],[13.527,9.188],[-1.377,17.092],[-16.917,0.178]],"o":[[6.721,13.903],[-3.081,7.694],[-9.787,0.248],[-15.689,-10.657],[1.263,-15.68],[29.866,-0.314]],"v":[[46.473,13.818],[48.675,51.508],[22.773,66.848],[-20.958,56.45],[-39.11,12.152],[-5.93,-15.373]],"c":true}]},{"i":{"x":0.833,"y":0.833},"o":{"x":0.167,"y":0.167},"t":140,"s":[{"i":[[-0.075,0.12],[0.071,0.065],[0.054,-0.001],[0.086,-0.057],[-0.042,-0.121],[-0.096,-0.019]],"o":[[0.062,-0.093],[-0.035,-0.036],[-0.083,0.004],[-0.116,0.074],[0.023,0.075],[0.161,0.033]],"v":[[-52.66,7.676],[-52.665,7.394],[-52.82,7.347],[-53.072,7.389],[-53.192,7.722],[-53.03,7.864]],"c":true}]},{"t":210,"s":[{"i":[[-18,-18.08],[19.92,-6.96],[9.2,0.64],[16,6.8],[-11.36,16.96],[-9.441,1.84]],"o":[[14.399,12.16],[-8.881,2.48],[-18.72,-1.28],[-23.84,-10.24],[5.6,-8.32],[25.599,-4.96]],"v":[[45.64,-7.64],[41.8,33.8],[14.44,31.64],[-28.041,30.2],[-50.36,-17.64],[-24.68,-32.04]],"c":true}]}],"ix":2},"nm":"Path 1","mn":"ADBE Vector Shape - Group","hd":false},{"ty":"fl","c":{"a":0,"k":[1,1,1,1],"ix":4},"o":{"a":0,"k":100,"ix":5},"r":1,"bm":0,"nm":"Fill 1","mn":"ADBE Vector Graphic - Fill","hd":false},{"ty":"tr","p":{"a":0,"k":[311.991,37.25],"ix":2},"a":{"a":0,"k":[0,0],"ix":1},"s":{"a":0,"k":[100,100],"ix":3},"r":{"a":0,"k":0,"ix":6},"o":{"a":0,"k":100,"ix":7},"sk":{"a":0,"k":0,"ix":4},"sa":{"a":0,"k":0,"ix":5},"nm":"Transform"}],"nm":"Group 2","np":2,"cix":2,"bm":0,"ix":1,"mn":"ADBE Vector Group","hd":false}],"ip":0,"op":336,"st":70,"bm":0},{"ddd":0,"ind":5,"ty":4,"nm":"Group 3","parent":1,"sr":1,"ks":{"o":{"a":0,"k":70,"ix":11},"r":{"a":0,"k":0,"ix":10},"p":{"a":0,"k":[-117.29,-123.607,0],"ix":2,"l":2},"a":{"a":0,"k":[116.021,125.323,0],"ix":1,"l":2},"s":{"a":0,"k":[100,100,100],"ix":6,"l":2}},"ao":0,"shapes":[{"ty":"gr","it":[{"ind":0,"ty":"sh","ix":1,"ks":{"a":1,"k":[{"i":{"x":0.833,"y":0.833},"o":{"x":0.167,"y":0.167},"t":0,"s":[{"i":[[-17.88,-8.075],[5.439,-23.579],[19.162,-14.573],[21.182,-1.808],[8.854,21.044],[-14.431,22.885],[-17.034,5.488]],"o":[[19.658,8.878],[-4.621,20.031],[-20.217,15.375],[-23.148,1.976],[-7.129,-16.946],[16.33,-25.895],[26.201,-8.442]],"v":[[111.224,-15.658],[135.502,43.539],[101.254,100.818],[34.84,126.131],[-21.581,100.668],[-12.196,34.232],[51.19,-15.78]],"c":true}]},{"i":{"x":0.833,"y":0.833},"o":{"x":0.167,"y":0.167},"t":70,"s":[{"i":[[-21.966,-8.144],[10.8,-26.8],[28.503,-10.363],[24.717,-14.14],[2.302,26.693],[-12.297,20.331],[-22.54,7.836]],"o":[[27.87,10.333],[-9.92,24.64],[-28.503,10.363],[-33.961,19.428],[-2.44,-28.293],[21.633,-35.767],[28.583,-9.937]],"v":[[85.67,-91.31],[110.52,-23.986],[45.377,17.41],[-19.093,67.33],[-79.853,42.734],[-61.01,-28.96],[13.29,-89.373]],"c":true}]},{"i":{"x":0.833,"y":0.833},"o":{"x":0.167,"y":0.167},"t":140,"s":[{"i":[[-23.412,-0.844],[4.732,-17.411],[13.97,-46.14],[25.482,-42.8],[17.545,38.366],[-12.27,34.423],[-27.254,17.671]],"o":[[37.115,1.339],[-8.452,31.099],[-12.156,40.148],[-23.361,39.237],[-16.421,-35.909],[21.094,-59.178],[22.062,-14.305]],"v":[[48.702,-96.438],[87.699,-56.949],[28.32,28.443],[-5.545,141.979],[-101.885,150.459],[-105.435,47.459],[-19.586,-69.064]],"c":true}]},{"t":210,"s":[{"i":[[-22.16,-7.6],[10.8,-26.8],[23.36,-12.72],[19.28,-35.6],[6.88,50],[-22.8,28.56],[-28.96,14.4]],"o":[[35.12,12.08],[-9.92,24.64],[-35.6,19.28],[-18.64,34.4],[-5.36,-39.12],[20.16,-25.2],[20.4,-10.08]],"v":[[78.17,-113.393],[111.77,-43.153],[41.21,5.327],[-39.51,85.247],[-115.27,83.567],[-73.51,-39.793],[3.29,-101.873]],"c":true}]}],"ix":2},"nm":"Path 1","mn":"ADBE Vector Shape - Group","hd":false},{"ty":"fl","c":{"a":0,"k":[1,1,1,1],"ix":4},"o":{"a":0,"k":100,"ix":5},"r":1,"bm":0,"nm":"Fill 1","mn":"ADBE Vector Graphic - Fill","hd":false},{"ty":"tr","p":{"a":0,"k":[116.021,125.323],"ix":2},"a":{"a":0,"k":[0,0],"ix":1},"s":{"a":0,"k":[100,100],"ix":3},"r":{"a":0,"k":0,"ix":6},"o":{"a":0,"k":100,"ix":7},"sk":{"a":0,"k":0,"ix":4},"sa":{"a":0,"k":0,"ix":5},"nm":"Transform"}],"nm":"Group 3","np":2,"cix":2,"bm":0,"ix":1,"mn":"ADBE Vector Group","hd":false}],"ip":0,"op":336,"st":70,"bm":0},{"ddd":0,"ind":6,"ty":4,"nm":"circle ","parent":1,"sr":1,"ks":{"o":{"a":0,"k":100,"ix":11},"r":{"a":0,"k":0,"ix":10},"p":{"a":0,"k":[0,0,0],"ix":2,"l":2},"a":{"a":0,"k":[319.29,319.25,0],"ix":1,"l":2},"s":{"a":0,"k":[100,100,100],"ix":6,"l":2}},"ao":0,"shapes":[{"ty":"gr","it":[{"ind":0,"ty":"sh","ix":1,"ks":{"a":1,"k":[{"i":{"x":0.833,"y":0.833},"o":{"x":0.167,"y":0.167},"t":0,"s":[{"i":[[106.089,0],[0,-106.142],[-106.089,0],[0,106.089]],"o":[[-106.142,0],[0,106.142],[106.089,0],[0,-106.089]],"v":[[6.975,-190.883],[-185.466,1.559],[6.975,194],[199.417,1.559]],"c":true}]},{"i":{"x":0.833,"y":0.833},"o":{"x":0.167,"y":0.167},"t":70,"s":[{"i":[[152.92,0],[0,-152.996],[-152.92,0],[0,152.92]],"o":[[-152.996,0],[0,152.996],[152.92,0],[0,-152.92]],"v":[[6.975,-275.833],[-270.417,1.559],[6.975,278.951],[284.367,1.559]],"c":true}]},{"i":{"x":0.833,"y":0.833},"o":{"x":0.167,"y":0.167},"t":140,"s":[{"i":[[158.645,0],[0,-158.724],[-158.645,0],[0,158.645]],"o":[[-158.724,0],[0,158.724],[158.645,0],[0,-158.645]],"v":[[-5.163,-286.554],[-292.94,1.223],[-5.163,289],[282.614,1.223]],"c":true}]},{"t":210,"s":[{"i":[[160.4,0],[0,-160.48],[-160.4,0],[0,160.4]],"o":[[-160.48,0],[0,160.48],[160.4,0],[0,-160.4]],"v":[[4.96,-285.24],[-286,5.72],[4.96,296.68],[295.92,5.72]],"c":true}]}],"ix":2},"nm":"Path 1","mn":"ADBE Vector Shape - Group","hd":false},{"ind":1,"ty":"sh","ix":2,"ks":{"a":1,"k":[{"i":{"x":0.833,"y":0.833},"o":{"x":0.167,"y":0.167},"t":0,"s":[{"i":[[161.156,0],[0,161.229],[-161.229,0],[0,-161.229]],"o":[[-161.229,0],[0,-161.229],[161.229,0],[0,161.229]],"v":[[-0.397,291.963],[-292.794,-0.433],[-0.397,-292.757],[292,-0.36]],"c":true}]},{"i":{"x":0.833,"y":0.833},"o":{"x":0.167,"y":0.167},"t":70,"s":[{"i":[[173.854,0],[0,173.933],[-173.933,0],[0,-173.933]],"o":[[-173.933,0],[0,-173.933],[173.933,0],[0,173.933]],"v":[[-0.397,315],[-315.833,-0.436],[-0.397,-315.794],[315.04,-0.357]],"c":true}]},{"i":{"x":0.833,"y":0.833},"o":{"x":0.167,"y":0.167},"t":140,"s":[{"i":[[175.84,0],[0,175.92],[-175.92,0],[0,-175.92]],"o":[[-175.92,0],[0,-175.92],[175.92,0],[0,175.92]],"v":[[0,319],[-319.04,-0.04],[0,-319],[319.04,0.04]],"c":true}]},{"t":210,"s":[{"i":[[175.84,0],[0,175.92],[-175.92,0],[0,-175.92]],"o":[[-175.92,0],[0,-175.92],[175.92,0],[0,175.92]],"v":[[0,319],[-319.04,-0.04],[0,-319],[319.04,0.04]],"c":true}]}],"ix":2},"nm":"Path 2","mn":"ADBE Vector Shape - Group","hd":false},{"ty":"mm","mm":1,"nm":"Merge Paths 1","mn":"ADBE Vector Filter - Merge","hd":false},{"ty":"fl","c":{"a":0,"k":[0.301999978458,0.776000019148,0.882000014361,1],"ix":4},"o":{"a":0,"k":100,"ix":5},"r":1,"bm":0,"nm":"Fill 1","mn":"ADBE Vector Graphic - Fill","hd":false},{"ty":"tr","p":{"a":0,"k":[319.29,319.25],"ix":2},"a":{"a":0,"k":[0,0],"ix":1},"s":{"a":0,"k":[100,100],"ix":3},"r":{"a":0,"k":0,"ix":6},"o":{"a":0,"k":100,"ix":7},"sk":{"a":0,"k":0,"ix":4},"sa":{"a":0,"k":0,"ix":5},"nm":"Transform"}],"nm":"Group 1","np":4,"cix":2,"bm":0,"ix":1,"mn":"ADBE Vector Group","hd":false},{"ty":"gr","it":[{"ind":0,"ty":"sh","ix":1,"ks":{"a":1,"k":[{"i":{"x":0.833,"y":0.833},"o":{"x":0.167,"y":0.167},"t":0,"s":[{"i":[[143.315,0],[0,143.381],[-143.38,0],[0,-143.38]],"o":[[-143.38,0],[0,-143.38],[143.38,0],[0,143.381]],"v":[[-0.029,259.967],[-260.057,-0.061],[-0.029,-260.025],[260,0.003]],"c":true}]},{"i":{"x":0.833,"y":0.833},"o":{"x":0.167,"y":0.167},"t":70,"s":[{"i":[[168.405,0],[0,168.483],[-168.482,0],[0,-168.482]],"o":[[-168.482,0],[0,-168.482],[168.482,0],[0,168.483]],"v":[[-0.001,305.513],[-305.552,-0.038],[-0.001,-305.513],[305.552,0.038]],"c":true}]},{"i":{"x":0.833,"y":0.833},"o":{"x":0.167,"y":0.167},"t":140,"s":[{"i":[[168.405,0],[0,168.483],[-168.482,0],[0,-168.482]],"o":[[-168.482,0],[0,-168.482],[168.482,0],[0,168.483]],"v":[[-0.001,305.513],[-305.552,-0.038],[-0.001,-305.513],[305.552,0.038]],"c":true}]},{"t":210,"s":[{"i":[[168.405,0],[0,168.483],[-168.482,0],[0,-168.482]],"o":[[-168.482,0],[0,-168.482],[168.482,0],[0,168.483]],"v":[[-0.001,305.513],[-305.552,-0.038],[-0.001,-305.513],[305.552,0.038]],"c":true}]}],"ix":2},"nm":"Path 1","mn":"ADBE Vector Shape - Group","hd":false},{"ty":"fl","c":{"a":0,"k":[0.301999978458,0.816000007181,0.882000014361,1],"ix":4},"o":{"a":0,"k":42,"ix":5},"r":1,"bm":0,"nm":"Fill 1","mn":"ADBE Vector Graphic - Fill","hd":false},{"ty":"tr","p":{"a":0,"k":[319.29,319.25],"ix":2},"a":{"a":0,"k":[0,0],"ix":1},"s":{"a":0,"k":[100,100],"ix":3},"r":{"a":0,"k":0,"ix":6},"o":{"a":0,"k":100,"ix":7},"sk":{"a":0,"k":0,"ix":4},"sa":{"a":0,"k":0,"ix":5},"nm":"Transform"}],"nm":"Group 2","np":2,"cix":2,"bm":0,"ix":2,"mn":"ADBE Vector Group","hd":false}],"ip":0,"op":336,"st":70,"bm":0},{"ddd":0,"ind":7,"ty":4,"nm":"circle 2","parent":1,"sr":1,"ks":{"o":{"a":0,"k":100,"ix":11},"r":{"a":0,"k":0,"ix":10},"p":{"a":0,"k":[0,0,0],"ix":2,"l":2},"a":{"a":0,"k":[319.29,319.25,0],"ix":1,"l":2},"s":{"a":0,"k":[100,100,100],"ix":6,"l":2}},"ao":0,"shapes":[{"ty":"gr","it":[{"ind":0,"ty":"sh","ix":1,"ks":{"a":1,"k":[{"i":{"x":0.833,"y":0.833},"o":{"x":0.167,"y":0.167},"t":0,"s":[{"i":[[143.315,0],[0,143.381],[-143.38,0],[0,-143.38]],"o":[[-143.38,0],[0,-143.38],[143.38,0],[0,143.381]],"v":[[-0.029,259.967],[-260.057,-0.061],[-0.029,-260.025],[260,0.003]],"c":true}]},{"i":{"x":0.833,"y":0.833},"o":{"x":0.167,"y":0.167},"t":70,"s":[{"i":[[168.405,0],[0,168.483],[-168.482,0],[0,-168.482]],"o":[[-168.482,0],[0,-168.482],[168.482,0],[0,168.483]],"v":[[-0.001,305.513],[-305.552,-0.038],[-0.001,-305.513],[305.552,0.038]],"c":true}]},{"i":{"x":0.833,"y":0.833},"o":{"x":0.167,"y":0.167},"t":140,"s":[{"i":[[168.405,0],[0,168.483],[-168.482,0],[0,-168.482]],"o":[[-168.482,0],[0,-168.482],[168.482,0],[0,168.483]],"v":[[-0.001,305.513],[-305.552,-0.038],[-0.001,-305.513],[305.552,0.038]],"c":true}]},{"t":210,"s":[{"i":[[168.405,0],[0,168.483],[-168.482,0],[0,-168.482]],"o":[[-168.482,0],[0,-168.482],[168.482,0],[0,168.483]],"v":[[-0.001,305.513],[-305.552,-0.038],[-0.001,-305.513],[305.552,0.038]],"c":true}]}],"ix":2},"nm":"Path 1","mn":"ADBE Vector Shape - Group","hd":false},{"ty":"fl","c":{"a":0,"k":[1,1,1,1],"ix":4},"o":{"a":0,"k":100,"ix":5},"r":1,"bm":0,"nm":"Fill 1","mn":"ADBE Vector Graphic - Fill","hd":false},{"ty":"tr","p":{"a":0,"k":[319.29,319.25],"ix":2},"a":{"a":0,"k":[0,0],"ix":1},"s":{"a":0,"k":[100,100],"ix":3},"r":{"a":0,"k":0,"ix":6},"o":{"a":0,"k":100,"ix":7},"sk":{"a":0,"k":0,"ix":4},"sa":{"a":0,"k":0,"ix":5},"nm":"Transform"}],"nm":"Group 2","np":2,"cix":2,"bm":0,"ix":1,"mn":"ADBE Vector Group","hd":false}],"ip":0,"op":336,"st":70,"bm":0}]}],"layers":[{"ddd":0,"ind":1,"ty":0,"nm":"bubble","refId":"comp_0","sr":1,"ks":{"o":{"a":0,"k":100,"ix":11},"r":{"a":0,"k":0,"ix":10},"p":{"a":1,"k":[{"i":{"x":0.833,"y":0.833},"o":{"x":0.167,"y":0.167},"t":70,"s":[406.5,816.75,0],"to":[23.663,19.587,0],"ti":[-87.5,60.75,0]},{"t":140,"s":[714.5,798.75,0]}],"ix":2,"l":2},"a":{"a":0,"k":[400,400,0],"ix":1,"l":2},"s":{"a":1,"k":[{"i":{"x":[0.833,0.833,0.833],"y":[0.833,0.833,0.833]},"o":{"x":[0.167,0.167,0.167],"y":[0.167,0.167,0.167]},"t":70,"s":[0,0,100]},{"t":140,"s":[60,60,100]}],"ix":6,"l":2}},"ao":0,"w":800,"h":800,"ip":70,"op":140,"st":70,"bm":0},{"ddd":0,"ind":2,"ty":0,"nm":"bubble","refId":"comp_0","sr":1,"ks":{"o":{"a":0,"k":100,"ix":11},"r":{"a":0,"k":0,"ix":10},"p":{"a":1,"k":[{"i":{"x":0.568,"y":0.515},"o":{"x":0.167,"y":0.167},"t":2,"s":[294.5,778.75,0],"to":[23.663,19.587,0],"ti":[-136.946,35.92,0]},{"i":{"x":0.833,"y":0.833},"o":{"x":0.394,"y":0.355},"t":70,"s":[635.575,815.442,0],"to":[136.946,-35.92,0],"ti":[36,128.75,0]},{"t":140,"s":[848,462.75,0]}],"ix":2,"l":2},"a":{"a":0,"k":[400,400,0],"ix":1,"l":2},"s":{"a":1,"k":[{"i":{"x":[0.833,0.833,0.833],"y":[0.833,0.833,0.833]},"o":{"x":[0.167,0.167,0.167],"y":[0.167,0.167,0.167]},"t":2,"s":[0,0,100]},{"i":{"x":[0.833,0.833,0.833],"y":[0.833,0.833,0.833]},"o":{"x":[0.167,0.167,0.167],"y":[0.167,0.167,0.167]},"t":70,"s":[40,40,100]},{"t":140,"s":[46,46,100]}],"ix":6,"l":2}},"ao":0,"w":800,"h":800,"ip":2,"op":140,"st":0,"bm":0},{"ddd":0,"ind":3,"ty":0,"nm":"explotion","refId":"comp_1","sr":1,"ks":{"o":{"a":0,"k":100,"ix":11},"r":{"a":1,"k":[{"i":{"x":[0.667],"y":[1]},"o":{"x":[0.167],"y":[0.167]},"t":62,"s":[14.052]},{"t":82,"s":[8.165]}],"ix":10},"p":{"a":1,"k":[{"i":{"x":0.667,"y":1},"o":{"x":0.167,"y":0.167},"t":62,"s":[310,340.75,0],"to":[0,0,0],"ti":[-1,-14.75,0]},{"t":82,"s":[294,372.75,0]}],"ix":2,"l":2},"a":{"a":0,"k":[400,400,0],"ix":1,"l":2},"s":{"a":1,"k":[{"i":{"x":[0.667,0.667,0.667],"y":[1,1,1]},"o":{"x":[0.167,0.167,0.167],"y":[0.167,0.167,0.116]},"t":62,"s":[80,80,100]},{"t":82,"s":[86,86,100]}],"ix":6,"l":2}},"ao":0,"w":800,"h":800,"ip":62,"op":86,"st":62,"bm":0},{"ddd":0,"ind":4,"ty":0,"nm":"explotion","refId":"comp_1","sr":1,"ks":{"o":{"a":0,"k":100,"ix":11},"r":{"a":1,"k":[{"i":{"x":[0.667],"y":[1]},"o":{"x":[0.167],"y":[0.167]},"t":2,"s":[111.822]},{"t":22,"s":[122.921]}],"ix":10},"p":{"a":1,"k":[{"i":{"x":0.667,"y":1},"o":{"x":0.167,"y":0.167},"t":2,"s":[347.5,354.75,0],"to":[0,0,0],"ti":[0,0,0]},{"t":22,"s":[343.5,370.75,0]}],"ix":2,"l":2},"a":{"a":0,"k":[400,400,0],"ix":1,"l":2},"s":{"a":1,"k":[{"i":{"x":[0.667,0.667,0.667],"y":[1,1,1]},"o":{"x":[0.167,0.167,0.167],"y":[0.167,0.167,-10.952]},"t":2,"s":[100,100,100]},{"t":22,"s":[106,106,100]}],"ix":6,"l":2}},"ao":0,"w":800,"h":800,"ip":2,"op":26,"st":2,"bm":0},{"ddd":0,"ind":5,"ty":0,"nm":"bubble","refId":"comp_0","sr":1,"ks":{"o":{"a":0,"k":100,"ix":11},"r":{"a":0,"k":0,"ix":10},"p":{"a":1,"k":[{"i":{"x":0.833,"y":0.833},"o":{"x":0.167,"y":0.167},"t":0,"s":[347.5,354.75,0],"to":[0,0,0],"ti":[0,0,0]},{"t":8,"s":[337.5,362.75,0]}],"ix":2,"l":2},"a":{"a":0,"k":[400,400,0],"ix":1,"l":2},"s":{"a":1,"k":[{"i":{"x":[0.833,0.833,0.833],"y":[0.833,0.833,0.833]},"o":{"x":[0.167,0.167,0.167],"y":[0.167,0.167,0.167]},"t":-140,"s":[60,60,100]},{"i":{"x":[0.833,0.833,0.833],"y":[0.833,0.833,0.833]},"o":{"x":[0.167,0.167,0.167],"y":[0.167,0.167,0.167]},"t":-70,"s":[46,46,100]},{"i":{"x":[0.833,0.833,0.833],"y":[0.833,0.833,0.833]},"o":{"x":[0.167,0.167,0.167],"y":[0.167,0.167,0.167]},"t":0,"s":[100,100,100]},{"t":8,"s":[103,103,100]}],"ix":6,"l":2}},"ao":0,"w":800,"h":800,"ip":0,"op":4,"st":-210,"bm":0},{"ddd":0,"ind":6,"ty":0,"nm":"bubble","refId":"comp_0","sr":1,"ks":{"o":{"a":0,"k":100,"ix":11},"r":{"a":0,"k":0,"ix":10},"p":{"a":1,"k":[{"i":{"x":0.833,"y":0.833},"o":{"x":0.167,"y":0.167},"t":0,"s":[848,462.75,0],"to":[-34,-200.75,0],"ti":[142,-116.75,0]},{"t":62,"s":[310,340.75,0]}],"ix":2,"l":2},"a":{"a":0,"k":[400,400,0],"ix":1,"l":2},"s":{"a":1,"k":[{"i":{"x":[0.833,0.833,0.833],"y":[0.833,0.833,0.833]},"o":{"x":[0.167,0.167,0.167],"y":[0.167,0.167,0.167]},"t":-70,"s":[60,60,100]},{"i":{"x":[0.833,0.833,0.833],"y":[0.833,0.833,0.833]},"o":{"x":[0.167,0.167,0.167],"y":[0.167,0.167,0.167]},"t":0,"s":[46,46,100]},{"t":62,"s":[80,80,100]}],"ix":6,"l":2}},"ao":0,"w":800,"h":800,"ip":0,"op":62,"st":-140,"bm":0},{"ddd":0,"ind":7,"ty":0,"nm":"bubble alt","refId":"comp_2","sr":1,"ks":{"o":{"a":0,"k":100,"ix":11},"r":{"a":0,"k":0,"ix":10},"p":{"a":1,"k":[{"i":{"x":0.833,"y":0.833},"o":{"x":0.167,"y":0.167},"t":0,"s":[714.5,798.75,0],"to":[51.5,-26.75,0],"ti":[3.5,111.25,0]},{"i":{"x":0.833,"y":0.833},"o":{"x":0.167,"y":0.167},"t":46,"s":[806.5,596.75,0],"to":[-3.5,-111.25,0],"ti":[276.5,-102.75,0]},{"t":140,"s":[347.5,354.75,0]}],"ix":2,"l":2},"a":{"a":0,"k":[400,400,0],"ix":1,"l":2},"s":{"a":1,"k":[{"i":{"x":[0.833,0.833,0.833],"y":[0.833,0.833,0.833]},"o":{"x":[0.167,0.167,0.167],"y":[0.167,0.167,0.167]},"t":0,"s":[60,60,100]},{"i":{"x":[0.833,0.833,0.833],"y":[0.833,0.833,0.833]},"o":{"x":[0.167,0.167,0.167],"y":[0.167,0.167,0.167]},"t":70,"s":[67.366,67.366,100]},{"t":140,"s":[100,100,100]}],"ix":6,"l":2}},"ao":0,"w":800,"h":800,"ip":0,"op":140,"st":-70,"bm":0}],"markers":[{"tm":0,"cm":"rest","dr":0}]}