{"v":"5.8.1","fr":60,"ip":0,"op":92,"w":1024,"h":1024,"nm":"emoji_Maracas","ddd":0,"assets":[{"id":"comp_0","nm":"Maracas","fr":60,"layers":[{"ddd":0,"ind":1,"ty":3,"nm":"White Solid 1","sr":1,"ks":{"o":{"a":0,"k":55,"ix":11},"r":{"a":1,"k":[{"i":{"x":[0.667],"y":[1]},"o":{"x":[0.333],"y":[0]},"t":26,"s":[0]},{"i":{"x":[0.667],"y":[1]},"o":{"x":[0.333],"y":[0]},"t":34,"s":[-12]},{"t":42,"s":[0]}],"ix":10},"p":{"a":0,"k":[724,524,0],"ix":2,"l":2},"a":{"a":0,"k":[724,524,0],"ix":1,"l":2},"s":{"a":0,"k":[100,100,100],"ix":6,"l":2}},"ao":0,"ip":0,"op":58,"st":0,"bm":0},{"ddd":0,"ind":2,"ty":4,"nm":"maracas","parent":1,"sr":1,"ks":{"o":{"a":0,"k":100,"ix":11},"r":{"a":1,"k":[{"i":{"x":[0.082],"y":[1]},"o":{"x":[0.167],"y":[0.167]},"t":-14,"s":[0]},{"i":{"x":[0.479],"y":[1]},"o":{"x":[0.167],"y":[0]},"t":0,"s":[-12]},{"i":{"x":[0.685],"y":[1]},"o":{"x":[0.861],"y":[0]},"t":12,"s":[-2]},{"i":{"x":[0.803],"y":[0.704]},"o":{"x":[0.514],"y":[0]},"t":26,"s":[-12.917]},{"i":{"x":[0.716],"y":[0.965]},"o":{"x":[0.407],"y":[1.978]},"t":42,"s":[0]},{"i":{"x":[0.082],"y":[1]},"o":{"x":[0.167],"y":[-0.004]},"t":46,"s":[0]},{"t":56,"s":[-12]}],"ix":10},"p":{"a":1,"k":[{"i":{"x":0.388,"y":1},"o":{"x":0.167,"y":0.167},"t":-14,"s":[669,814.04,0],"to":[-6,3.333,0],"ti":[-15.849,3.173,0]},{"i":{"x":0.376,"y":1},"o":{"x":0.167,"y":0},"t":0,"s":[641,834.04,0],"to":[113.778,-22.778,0],"ti":[0,0,0]},{"i":{"x":0.769,"y":0.417},"o":{"x":0.456,"y":0},"t":26,"s":[700.667,722.374,0],"to":[0,0,0],"ti":[2.278,-20.278,0]},{"i":{"x":0.752,"y":0.882},"o":{"x":0.471,"y":0.396},"t":38.668,"s":[705.824,759.55,0],"to":[-2.599,23.134,0],"ti":[0,0,0]},{"i":{"x":0.388,"y":1},"o":{"x":0.167,"y":0.171},"t":46.117,"s":[669,814.04,0],"to":[0,0,0],"ti":[-15.849,3.173,0]},{"t":56,"s":[641,834.04,0]}],"ix":2,"l":2},"a":{"a":0,"k":[117.57,708.13,0],"ix":1,"l":2},"s":{"a":0,"k":[100,100,100],"ix":6,"l":2}},"ao":0,"shapes":[{"ty":"gr","it":[{"ind":0,"ty":"sh","ix":1,"ks":{"a":0,"k":{"i":[[-27.84,-9.44],[31.12,5.04]],"o":[[27.84,9.439],[-31.12,-5.04]],"v":[[14.12,-33.44],[-10.84,37.839]],"c":true},"ix":2},"nm":"Path 1","mn":"ADBE Vector Shape - Group","hd":false},{"ty":"fl","c":{"a":0,"k":[1,0.8,0.501999978458,1],"ix":4},"o":{"a":0,"k":100,"ix":5},"r":1,"bm":0,"nm":"Fill 1","mn":"ADBE Vector Graphic - Fill","hd":false},{"ty":"tr","p":{"a":0,"k":[58.29,762.729],"ix":2},"a":{"a":0,"k":[0,0],"ix":1},"s":{"a":0,"k":[100,100],"ix":3},"r":{"a":0,"k":0,"ix":6},"o":{"a":0,"k":100,"ix":7},"sk":{"a":0,"k":0,"ix":4},"sa":{"a":0,"k":0,"ix":5},"nm":"Transform"}],"nm":"Group 1","np":2,"cix":2,"bm":0,"ix":1,"mn":"ADBE Vector Group","hd":false},{"ty":"gr","it":[{"ind":0,"ty":"sh","ix":1,"ks":{"a":0,"k":{"i":[[-2.92,10.515],[-5.96,-1.655],[2.921,-10.516],[5.96,1.655]],"o":[[2.92,-10.515],[5.96,1.656],[-2.92,10.514],[-5.959,-1.655]],"v":[[-10.791,-2.997],[5.288,-19.039],[10.79,2.998],[-5.288,19.039]],"c":true},"ix":2},"nm":"Path 1","mn":"ADBE Vector Shape - Group","hd":false},{"ty":"fl","c":{"a":0,"k":[1,0.838999968884,0,1],"ix":4},"o":{"a":0,"k":100,"ix":5},"r":1,"bm":0,"nm":"Fill 1","mn":"ADBE Vector Graphic - Fill","hd":false},{"ty":"tr","p":{"a":0,"k":[406.44,287.43],"ix":2},"a":{"a":0,"k":[0,0],"ix":1},"s":{"a":0,"k":[100,100],"ix":3},"r":{"a":0,"k":0,"ix":6},"o":{"a":0,"k":100,"ix":7},"sk":{"a":0,"k":0,"ix":4},"sa":{"a":0,"k":0,"ix":5},"nm":"Transform"}],"nm":"Group 2","np":2,"cix":2,"bm":0,"ix":2,"mn":"ADBE Vector Group","hd":false},{"ty":"gr","it":[{"ind":0,"ty":"sh","ix":1,"ks":{"a":0,"k":{"i":[[-4.16,10.089],[-5.719,-2.358],[4.16,-10.089],[5.718,2.358]],"o":[[4.16,-10.089],[5.718,2.358],[-4.16,10.089],[-5.719,-2.358]],"v":[[-10.354,-4.27],[7.533,-18.268],[10.355,4.269],[-7.533,18.268]],"c":true},"ix":2},"nm":"Path 1","mn":"ADBE Vector Shape - Group","hd":false},{"ty":"fl","c":{"a":0,"k":[1,0.838999968884,0,1],"ix":4},"o":{"a":0,"k":100,"ix":5},"r":1,"bm":0,"nm":"Fill 1","mn":"ADBE Vector Graphic - Fill","hd":false},{"ty":"tr","p":{"a":0,"k":[125.705,199.016],"ix":2},"a":{"a":0,"k":[0,0],"ix":1},"s":{"a":0,"k":[100,100],"ix":3},"r":{"a":0,"k":0,"ix":6},"o":{"a":0,"k":100,"ix":7},"sk":{"a":0,"k":0,"ix":4},"sa":{"a":0,"k":0,"ix":5},"nm":"Transform"}],"nm":"Group 3","np":2,"cix":2,"bm":0,"ix":3,"mn":"ADBE Vector Group","hd":false},{"ty":"gr","it":[{"ind":0,"ty":"sh","ix":1,"ks":{"a":0,"k":{"i":[[-10.913,0],[0,-10.913],[10.913,0],[0,10.913]],"o":[[10.913,0],[0,10.913],[-10.913,0],[0,-10.913]],"v":[[0,-19.76],[19.76,0],[0,19.76],[-19.76,0]],"c":true},"ix":2},"nm":"Path 1","mn":"ADBE Vector Shape - Group","hd":false},{"ty":"fl","c":{"a":0,"k":[1,0.838999968884,0,1],"ix":4},"o":{"a":0,"k":100,"ix":5},"r":1,"bm":0,"nm":"Fill 1","mn":"ADBE Vector Graphic - Fill","hd":false},{"ty":"tr","p":{"a":0,"k":[259.53,260.01],"ix":2},"a":{"a":0,"k":[0,0],"ix":1},"s":{"a":0,"k":[100,100],"ix":3},"r":{"a":0,"k":0,"ix":6},"o":{"a":0,"k":100,"ix":7},"sk":{"a":0,"k":0,"ix":4},"sa":{"a":0,"k":0,"ix":5},"nm":"Transform"}],"nm":"Group 4","np":2,"cix":2,"bm":0,"ix":4,"mn":"ADBE Vector Group","hd":false},{"ty":"gr","it":[{"ind":0,"ty":"sh","ix":1,"ks":{"a":0,"k":{"i":[[-5.68,-5.36],[-1.12,-4.8],[3.44,-3.12],[6.4,0.96],[3.28,4.56],[-6,5.6],[-5.28,1.68]],"o":[[1.6,1.52],[1.12,4.8],[-4.8,4.32],[-5.52,-0.8],[-1.84,-2.56],[4,-3.68],[3.44,-1.2]],"v":[[13.64,-13.2],[19.96,-3.12],[14.2,9.68],[-2.84,17.6],[-15.72,7.52],[-15.08,-7.44],[-1.32,-16.24]],"c":true},"ix":2},"nm":"Path 1","mn":"ADBE Vector Shape - Group","hd":false},{"ty":"fl","c":{"a":0,"k":[0.651000019148,0.372999991623,0.243000000598,1],"ix":4},"o":{"a":0,"k":100,"ix":5},"r":1,"bm":0,"nm":"Fill 1","mn":"ADBE Vector Graphic - Fill","hd":false},{"ty":"tr","p":{"a":0,"k":[261.81,52.17],"ix":2},"a":{"a":0,"k":[0,0],"ix":1},"s":{"a":0,"k":[100,100],"ix":3},"r":{"a":0,"k":0,"ix":6},"o":{"a":0,"k":100,"ix":7},"sk":{"a":0,"k":0,"ix":4},"sa":{"a":0,"k":0,"ix":5},"nm":"Transform"}],"nm":"Group 5","np":2,"cix":2,"bm":0,"ix":5,"mn":"ADBE Vector Group","hd":false},{"ty":"gr","it":[{"ind":0,"ty":"sh","ix":1,"ks":{"a":0,"k":{"i":[[1.92,-5.52],[3.68,-4],[3.76,-5.44],[7.2,-0.48],[3.28,4.16],[-2.88,6.32],[-10.08,6.48],[-5.76,1.12],[-2.8,-3.68]],"o":[[-1.84,5.12],[-4.48,4.8],[-2.72,3.92],[-6.72,0.48],[-4.48,-5.68],[5.04,-10.88],[4.88,-3.2],[4.8,-0.88],[3.44,4.56]],"v":[[29.12,-8.48],[18.8,4.88],[6.48,20.16],[-8.48,31.6],[-26.56,22.48],[-25.84,2.64],[-2.96,-24.64],[13.2,-31.2],[25.6,-24.64]],"c":true},"ix":2},"nm":"Path 1","mn":"ADBE Vector Shape - Group","hd":false},{"ty":"fl","c":{"a":0,"k":[0.8,1,0.564999988032,1],"ix":4},"o":{"a":0,"k":100,"ix":5},"r":1,"bm":0,"nm":"Fill 1","mn":"ADBE Vector Graphic - Fill","hd":false},{"ty":"tr","p":{"a":0,"k":[217.45,96.33],"ix":2},"a":{"a":0,"k":[0,0],"ix":1},"s":{"a":0,"k":[100,100],"ix":3},"r":{"a":0,"k":0,"ix":6},"o":{"a":0,"k":100,"ix":7},"sk":{"a":0,"k":0,"ix":4},"sa":{"a":0,"k":0,"ix":5},"nm":"Transform"}],"nm":"Group 6","np":2,"cix":2,"bm":0,"ix":6,"mn":"ADBE Vector Group","hd":false},{"ty":"gr","it":[{"ind":0,"ty":"sh","ix":1,"ks":{"a":0,"k":{"i":[[0,0],[0,0],[0,0],[4.64,1.52],[1.44,-3.52],[0,0],[0,0],[4.72,-5.2],[-3.28,-5.92],[0,0],[4.56,-1.92],[1.68,-4.8],[-9.44,-0.64],[0,0],[0.72,-5.12],[-6.32,-1.92],[-3.68,6.64],[0,0],[0,0],[-4.88,14.64]],"o":[[0,0],[0,0],[0.32,-7.6],[-8.08,-2.56],[-1.36,3.52],[0,0],[-6.4,-3.92],[-5.12,5.68],[0,0],[0,0],[-1.36,0.56],[-2.8,8.16],[0,0],[0,0],[-0.72,5.12],[4.56,1.44],[2.16,-3.84],[0,0],[0,0],[5.28,-16.4]],"v":[[40.24,-28.8],[32.16,-26.24],[32.24,-39.12],[24.32,-53.28],[9.6,-46.4],[5.2,-34.88],[-5.28,-41.92],[-23.52,-38.4],[-24.88,-19.76],[-18.96,-9.36],[-31.2,-4.08],[-37.44,3.12],[-26.8,24.96],[-13.68,25.12],[-16.32,40.8],[-8.56,54.4],[5.92,47.04],[12.32,35.6],[18.32,39.04],[30.08,8.8]],"c":true},"ix":2},"nm":"Path 1","mn":"ADBE Vector Shape - Group","hd":false},{"ty":"fl","c":{"a":0,"k":[0.957000014361,0.317999985639,0.118000000598,1],"ix":4},"o":{"a":0,"k":100,"ix":5},"r":1,"bm":0,"nm":"Fill 1","mn":"ADBE Vector Graphic - Fill","hd":false},{"ty":"tr","p":{"a":0,"k":[394.01,289.05],"ix":2},"a":{"a":0,"k":[0,0],"ix":1},"s":{"a":0,"k":[100,100],"ix":3},"r":{"a":0,"k":0,"ix":6},"o":{"a":0,"k":100,"ix":7},"sk":{"a":0,"k":0,"ix":4},"sa":{"a":0,"k":0,"ix":5},"nm":"Transform"}],"nm":"Group 7","np":2,"cix":2,"bm":0,"ix":7,"mn":"ADBE Vector Group","hd":false},{"ty":"gr","it":[{"ind":0,"ty":"sh","ix":1,"ks":{"a":0,"k":{"i":[[-5.2,11.92],[0,0],[-2.8,3.12],[-4.72,-1.44],[1.12,-5.04],[0,0],[-3.76,-0.24],[-1.84,-9.6],[6.56,-3.68],[0,0],[-2,-4.16],[5.2,-6.64],[4.16,2.32],[0,0],[3.84,-7.92],[6,3.6],[-0.24,2.72],[0,0],[0.08,0],[-2.96,9.52]],"o":[[0.16,0.08],[0,0],[5.52,-6.16],[6.72,2.08],[-1.12,5.04],[0,0],[3.68,0.32],[1.44,7.36],[-3.68,2.08],[0,0],[2,4.16],[-4.24,5.44],[-4.16,-2.32],[0,0],[-2.16,4.48],[-4.48,-2.72],[0.48,-6.08],[0,0],[1.6,-9.84],[4.32,-13.36]],"v":[[-18.28,-41.24],[-13.32,-35.16],[-5.88,-45.72],[9.72,-52.52],[16.76,-38.44],[13.64,-26.52],[26.28,-26.2],[37.96,-14.36],[30.6,2.92],[18.36,8.2],[24.68,18.68],[22.36,36.52],[4.76,40.68],[-5.96,33.16],[-13,47.4],[-29.16,50.36],[-34.68,39.48],[-33.16,26.44],[-39.4,25.72],[-32.6,-3.32]],"c":true},"ix":2},"nm":"Path 1","mn":"ADBE Vector Shape - Group","hd":false},{"ty":"fl","c":{"a":0,"k":[0.957000014361,0.317999985639,0.118000000598,1],"ix":4},"o":{"a":0,"k":100,"ix":5},"r":1,"bm":0,"nm":"Fill 1","mn":"ADBE Vector Graphic - Fill","hd":false},{"ty":"tr","p":{"a":0,"k":[137.41,200.69],"ix":2},"a":{"a":0,"k":[0,0],"ix":1},"s":{"a":0,"k":[100,100],"ix":3},"r":{"a":0,"k":0,"ix":6},"o":{"a":0,"k":100,"ix":7},"sk":{"a":0,"k":0,"ix":4},"sa":{"a":0,"k":0,"ix":5},"nm":"Transform"}],"nm":"Group 8","np":2,"cix":2,"bm":0,"ix":8,"mn":"ADBE Vector Group","hd":false},{"ty":"gr","it":[{"ind":0,"ty":"sh","ix":1,"ks":{"a":0,"k":{"i":[[-5.2,-3.36],[0,0],[-3.28,4.8],[-8.24,-3.52],[1.04,-7.2],[0,0],[-5.44,0],[-2.08,-10.88],[5.44,-2.64],[0,0],[-2.8,-5.6],[4.24,-4.56],[5.52,3.36],[0,0],[4,-6.48],[6.56,2.56],[-0.64,6.8],[0,0],[8.08,-0.32],[1.68,6.16],[-7.2,3.2],[0,0],[3.68,6.88],[-4.8,4.56]],"o":[[5.2,3.36],[0,0],[4.88,-7.28],[5.52,2.4],[-1.12,7.6],[0,0],[5.44,0],[1.52,7.76],[-5.44,2.64],[0,0],[2.8,5.6],[-4.88,5.2],[-5.52,-3.28],[0,0],[-4,6.48],[-5.92,-2.32],[0.64,-6.8],[0,0],[-8.08,0.32],[-1.92,-6.8],[6.24,-2.8],[0,0],[-3.68,-6.88],[4.72,-4.72]],"v":[[-19.12,-44.48],[-8.08,-34.96],[-1.2,-47.68],[19.44,-53.76],[29.2,-38.56],[26.72,-23.28],[41.6,-24.88],[56.24,-11.76],[48.72,5.12],[34.24,11.36],[42.72,23.76],[39.68,42.08],[19.12,45.12],[8.08,36.24],[1.2,48.96],[-18.48,54.72],[-29.12,39.2],[-26.88,24.72],[-41.44,25.52],[-55.84,13.36],[-48.16,-5.6],[-35.36,-11.12],[-42.48,-23.12],[-38.64,-42.16]],"c":true},"ix":2},"nm":"Path 1","mn":"ADBE Vector Shape - Group","hd":false},{"ty":"fl","c":{"a":0,"k":[0.957000014361,0.317999985639,0.118000000598,1],"ix":4},"o":{"a":0,"k":100,"ix":5},"r":1,"bm":0,"nm":"Fill 1","mn":"ADBE Vector Graphic - Fill","hd":false},{"ty":"tr","p":{"a":0,"k":[260.09,259.13],"ix":2},"a":{"a":0,"k":[0,0],"ix":1},"s":{"a":0,"k":[100,100],"ix":3},"r":{"a":0,"k":0,"ix":6},"o":{"a":0,"k":100,"ix":7},"sk":{"a":0,"k":0,"ix":4},"sa":{"a":0,"k":0,"ix":5},"nm":"Transform"}],"nm":"Group 9","np":2,"cix":2,"bm":0,"ix":9,"mn":"ADBE Vector Group","hd":false},{"ty":"gr","it":[{"ind":0,"ty":"sh","ix":1,"ks":{"a":0,"k":{"i":[[-19.12,27.04],[-65.2,-21.04],[-30.64,7.28],[13.6,-37.12],[9.68,-15.28],[104.4,33.6],[0,0],[-0.08,2.32],[-6.08,19.12]],"o":[[20.56,23.84],[65.04,20.96],[0.72,37.44],[-6.16,17.12],[0,0],[-104.4,-33.6],[0,-2.32],[0.72,-20],[11.12,-34.48]],"v":[[-118.32,-136.96],[12.24,-60.16],[172.56,-43.04],[151.36,69.52],[127.36,118.08],[-35.04,103.36],[-173.28,22.56],[-173.12,15.68],[-163.36,-43.36]],"c":true},"ix":2},"nm":"Path 1","mn":"ADBE Vector Shape - Group","hd":false},{"ty":"fl","c":{"a":0,"k":[1,0.838999968884,0,1],"ix":4},"o":{"a":0,"k":100,"ix":5},"r":1,"bm":0,"nm":"Fill 1","mn":"ADBE Vector Graphic - Fill","hd":false},{"ty":"tr","p":{"a":0,"k":[268.17,240.73],"ix":2},"a":{"a":0,"k":[0,0],"ix":1},"s":{"a":0,"k":[100,100],"ix":3},"r":{"a":0,"k":0,"ix":6},"o":{"a":0,"k":100,"ix":7},"sk":{"a":0,"k":0,"ix":4},"sa":{"a":0,"k":0,"ix":5},"nm":"Transform"}],"nm":"Group 10","np":2,"cix":2,"bm":0,"ix":10,"mn":"ADBE Vector Group","hd":false},{"ty":"gr","it":[{"ind":0,"ty":"sh","ix":1,"ks":{"a":0,"k":{"i":[[-2.67,8.285],[-29.606,-9.54],[2.669,-8.285],[29.605,9.539]],"o":[[2.669,-8.284],[29.605,9.54],[-2.67,8.284],[-29.606,-9.54]],"v":[[-53.605,-17.274],[4.834,-15.001],[53.606,17.274],[-4.833,15.001]],"c":true},"ix":2},"nm":"Path 1","mn":"ADBE Vector Shape - Group","hd":false},{"ty":"fl","c":{"a":0,"k":[0.532999973671,0.694000004787,0.317999985639,1],"ix":4},"o":{"a":0,"k":100,"ix":5},"r":1,"bm":0,"nm":"Fill 1","mn":"ADBE Vector Graphic - Fill","hd":false},{"ty":"tr","p":{"a":0,"k":[329.169,46.184],"ix":2},"a":{"a":0,"k":[0,0],"ix":1},"s":{"a":0,"k":[100,100],"ix":3},"r":{"a":0,"k":0,"ix":6},"o":{"a":0,"k":100,"ix":7},"sk":{"a":0,"k":0,"ix":4},"sa":{"a":0,"k":0,"ix":5},"nm":"Transform"}],"nm":"Group 11","np":2,"cix":2,"bm":0,"ix":11,"mn":"ADBE Vector Group","hd":false},{"ty":"gr","it":[{"ind":0,"ty":"sh","ix":1,"ks":{"a":0,"k":{"i":[[27.28,16.4],[2.8,14.88],[-42.32,-13.6],[-38.8,1.6],[7.44,-6],[4.96,-3.76],[34.24,11.04]],"o":[[-3.84,-14.64],[29.84,22.32],[44.64,14.4],[-7.04,6.48],[-4.96,4.24],[-32.56,-2.4],[-32.8,-10.56]],"v":[[-109.56,-8.56],[-119.72,-52.8],[-8.76,2.56],[119.72,22.16],[98.04,40.96],[83.16,52.8],[-18.36,32.4]],"c":true},"ix":2},"nm":"Path 1","mn":"ADBE Vector Shape - Group","hd":false},{"ty":"fl","c":{"a":0,"k":[1,0.838999968884,0,1],"ix":4},"o":{"a":0,"k":100,"ix":5},"r":1,"bm":0,"nm":"Fill 1","mn":"ADBE Vector Graphic - Fill","hd":false},{"ty":"tr","p":{"a":0,"k":[222.77,399.69],"ix":2},"a":{"a":0,"k":[0,0],"ix":1},"s":{"a":0,"k":[100,100],"ix":3},"r":{"a":0,"k":0,"ix":6},"o":{"a":0,"k":100,"ix":7},"sk":{"a":0,"k":0,"ix":4},"sa":{"a":0,"k":0,"ix":5},"nm":"Transform"}],"nm":"Group 12","np":2,"cix":2,"bm":0,"ix":12,"mn":"ADBE Vector Group","hd":false},{"ty":"gr","it":[{"ind":0,"ty":"sh","ix":1,"ks":{"a":0,"k":{"i":[[-18,-29.84],[48.8,15.76],[-5.76,23.6],[-35.36,-11.44]],"o":[[-9.84,21.92],[-49.36,-15.92],[31.76,-13.04],[35.44,10.64]],"v":[[93.96,23.48],[-10.36,34.84],[-88.2,-36.12],[13.48,-39.16]],"c":true},"ix":2},"nm":"Path 1","mn":"ADBE Vector Shape - Group","hd":false},{"ty":"fl","c":{"a":0,"k":[0.470999983245,0.301999978458,0.187999994615,1],"ix":4},"o":{"a":0,"k":100,"ix":5},"r":1,"bm":0,"nm":"Fill 1","mn":"ADBE Vector Graphic - Fill","hd":false},{"ty":"tr","p":{"a":0,"k":[320.53,70.37],"ix":2},"a":{"a":0,"k":[0,0],"ix":1},"s":{"a":0,"k":[100,100],"ix":3},"r":{"a":0,"k":0,"ix":6},"o":{"a":0,"k":100,"ix":7},"sk":{"a":0,"k":0,"ix":4},"sa":{"a":0,"k":0,"ix":5},"nm":"Transform"}],"nm":"Group 13","np":2,"cix":2,"bm":0,"ix":13,"mn":"ADBE Vector Group","hd":false},{"ty":"gr","it":[{"ind":0,"ty":"sh","ix":1,"ks":{"a":0,"k":{"i":[[47.36,-129.44],[42.8,-34.479],[24.48,-22],[26.4,22.8],[6.56,22.959],[-1.76,50.24],[-6.08,19.12],[-95.84,-30.88]],"o":[[-18.88,52.32],[-24.56,20.721],[-34.88,2.799],[-4.96,-20.641],[-13.52,-48.16],[0.72,-20],[43.2,-134.08],[99.44,30]],"v":[[139.48,60.281],[40.68,190.6],[-32.6,246.921],[-148.36,209.321],[-163.24,154.761],[-185.08,6.441],[-175.32,-52.599],[53.96,-218.839]],"c":true},"ix":2},"nm":"Path 1","mn":"ADBE Vector Shape - Group","hd":false},{"ty":"fl","c":{"a":0,"k":[0.486000001197,0.702000038297,0.258999992819,1],"ix":4},"o":{"a":0,"k":100,"ix":5},"r":1,"bm":0,"nm":"Fill 1","mn":"ADBE Vector Graphic - Fill","hd":false},{"ty":"tr","p":{"a":0,"k":[280.05,249.97],"ix":2},"a":{"a":0,"k":[0,0],"ix":1},"s":{"a":0,"k":[100,100],"ix":3},"r":{"a":0,"k":0,"ix":6},"o":{"a":0,"k":100,"ix":7},"sk":{"a":0,"k":0,"ix":4},"sa":{"a":0,"k":0,"ix":5},"nm":"Transform"}],"nm":"Group 14","np":2,"cix":2,"bm":0,"ix":14,"mn":"ADBE Vector Group","hd":false},{"ty":"gr","it":[{"ind":0,"ty":"sh","ix":1,"ks":{"a":0,"k":{"i":[[-12.96,-10.96],[10.24,-27.36],[14,4.479],[10.72,6.559],[3.92,19.519]],"o":[[-14.24,13.92],[-12.48,-0.96],[-13.92,-4.481],[8.32,-29.92],[17.12,-1.44]],"v":[[60.6,-14.2],[16.84,50.68],[-23.32,42.6],[-60.6,25.72],[-58.12,-49.24]],"c":true},"ix":2},"nm":"Path 1","mn":"ADBE Vector Shape - Group","hd":false},{"ty":"fl","c":{"a":0,"k":[0.470999983245,0.301999978458,0.187999994615,1],"ix":4},"o":{"a":0,"k":100,"ix":5},"r":1,"bm":0,"nm":"Fill 1","mn":"ADBE Vector Graphic - Fill","hd":false},{"ty":"tr","p":{"a":0,"k":[189.81,508.53],"ix":2},"a":{"a":0,"k":[0,0],"ix":1},"s":{"a":0,"k":[100,100],"ix":3},"r":{"a":0,"k":0,"ix":6},"o":{"a":0,"k":100,"ix":7},"sk":{"a":0,"k":0,"ix":4},"sa":{"a":0,"k":0,"ix":5},"nm":"Transform"}],"nm":"Group 15","np":2,"cix":2,"bm":0,"ix":15,"mn":"ADBE Vector Group","hd":false},{"ty":"gr","it":[{"ind":0,"ty":"sh","ix":1,"ks":{"a":0,"k":{"i":[[0,0],[6.88,-21.281],[29.04,-53.12],[10.96,-34],[-44.08,-14.161],[-16.96,52.64],[-5.44,44.56],[-12.72,39.441],[-8,11.921]],"o":[[0.32,15.12],[-12.72,39.44],[-21.52,39.36],[-16.96,52.639],[44.08,14.16],[10.96,-34],[7.44,-60.081],[5.76,-17.759],[0,0]],"v":[[23.04,-203.4],[14.24,-149.72],[-36.16,-35.72],[-95.28,82.44],[-50.56,189.24],[48.08,128.6],[69.04,-1.88],[91.2,-125.001],[112.24,-169.081]],"c":true},"ix":2},"nm":"Path 1","mn":"ADBE Vector Shape - Group","hd":false},{"ty":"fl","c":{"a":0,"k":[0.902000038297,0.642999985639,0.404000016755,1],"ix":4},"o":{"a":0,"k":100,"ix":5},"r":1,"bm":0,"nm":"Fill 1","mn":"ADBE Vector Graphic - Fill","hd":false},{"ty":"tr","p":{"a":0,"k":[112.49,692.61],"ix":2},"a":{"a":0,"k":[0,0],"ix":1},"s":{"a":0,"k":[100,100],"ix":3},"r":{"a":0,"k":0,"ix":6},"o":{"a":0,"k":100,"ix":7},"sk":{"a":0,"k":0,"ix":4},"sa":{"a":0,"k":0,"ix":5},"nm":"Transform"}],"nm":"Group 16","np":2,"cix":2,"bm":0,"ix":16,"mn":"ADBE Vector Group","hd":false}],"ip":0,"op":58,"st":-14,"bm":0},{"ddd":0,"ind":3,"ty":3,"nm":"White Solid 2","sr":1,"ks":{"o":{"a":0,"k":70,"ix":11},"r":{"a":1,"k":[{"i":{"x":[0.667],"y":[1]},"o":{"x":[0.333],"y":[0]},"t":8,"s":[0]},{"i":{"x":[0.667],"y":[1]},"o":{"x":[0.333],"y":[0]},"t":20,"s":[4]},{"t":30,"s":[0]}],"ix":10},"p":{"a":0,"k":[464,604,0],"ix":2,"l":2},"a":{"a":0,"k":[464,604,0],"ix":1,"l":2},"s":{"a":0,"k":[100,100,100],"ix":6,"l":2}},"ao":0,"ip":0,"op":58,"st":0,"bm":0},{"ddd":0,"ind":4,"ty":4,"nm":"maracas","parent":3,"sr":1,"ks":{"o":{"a":0,"k":100,"ix":11},"r":{"a":1,"k":[{"i":{"x":[0.665],"y":[1]},"o":{"x":[0.706],"y":[0]},"t":-14,"s":[0]},{"i":{"x":[0.833],"y":[1]},"o":{"x":[0.56],"y":[0]},"t":0,"s":[10]},{"i":{"x":[0.538],"y":[1]},"o":{"x":[1],"y":[0]},"t":8,"s":[-6]},{"i":{"x":[0.579],"y":[1]},"o":{"x":[0.742],"y":[0]},"t":22,"s":[13]},{"i":{"x":[0.833],"y":[0.885]},"o":{"x":[0.345],"y":[0]},"t":42.666,"s":[-6]},{"i":{"x":[0.665],"y":[1]},"o":{"x":[0.167],"y":[0.198]},"t":46.117,"s":[0]},{"t":56,"s":[10]}],"ix":10},"p":{"a":1,"k":[{"i":{"x":0.665,"y":1},"o":{"x":0.706,"y":0},"t":-14,"s":[438.48,690.08,0],"to":[0,0,0],"ti":[16.366,-12.231,0]},{"i":{"x":0.667,"y":1},"o":{"x":0.825,"y":0},"t":0,"s":[456.48,704.08,0],"to":[-46.833,35,0],"ti":[-33.909,31.337,0]},{"i":{"x":0.833,"y":0.85},"o":{"x":0.333,"y":0},"t":22,"s":[496.48,798.08,0],"to":[-1.591,2.663,0],"ti":[0,0,0]},{"i":{"x":0.665,"y":1},"o":{"x":0.167,"y":0.23},"t":46.117,"s":[438.48,690.08,0],"to":[0,0,0],"ti":[16.366,-12.231,0]},{"t":56,"s":[456.48,704.08,0]}],"ix":2,"l":2},"a":{"a":0,"k":[409.93,688.97,0],"ix":1,"l":2},"s":{"a":0,"k":[100,100,100],"ix":6,"l":2}},"ao":0,"shapes":[{"ty":"gr","it":[{"ind":0,"ty":"sh","ix":1,"ks":{"a":0,"k":{"i":[[-9.12,4.16],[-9.84,-21.439],[19.76,-11.521],[7.76,35.2]],"o":[[10.8,-4.8],[8.88,19.281],[-19.76,11.519],[-5.76,-26.239]],"v":[[-26.04,-54.68],[11.16,-13.4],[15.96,47.961],[-29.96,-4.6]],"c":true},"ix":2},"nm":"Path 1","mn":"ADBE Vector Shape - Group","hd":false},{"ty":"fl","c":{"a":0,"k":[1,0.8,0.501999978458,1],"ix":4},"o":{"a":0,"k":100,"ix":5},"r":1,"bm":0,"nm":"Fill 1","mn":"ADBE Vector Graphic - Fill","hd":false},{"ty":"tr","p":{"a":0,"k":[416.21,775.09],"ix":2},"a":{"a":0,"k":[0,0],"ix":1},"s":{"a":0,"k":[100,100],"ix":3},"r":{"a":0,"k":0,"ix":6},"o":{"a":0,"k":100,"ix":7},"sk":{"a":0,"k":0,"ix":4},"sa":{"a":0,"k":0,"ix":5},"nm":"Transform"}],"nm":"Group 1","np":2,"cix":2,"bm":0,"ix":1,"mn":"ADBE Vector Group","hd":false},{"ty":"gr","it":[{"ind":0,"ty":"sh","ix":1,"ks":{"a":0,"k":{"i":[[-5.535,2.761],[-4.872,-9.767],[5.535,-2.762],[4.872,9.766]],"o":[[5.536,-2.761],[4.871,9.766],[-5.536,2.761],[-4.872,-9.766]],"v":[[-8.82,-17.684],[10.024,-5],[8.822,17.683],[-10.022,5]],"c":true},"ix":2},"nm":"Path 1","mn":"ADBE Vector Shape - Group","hd":false},{"ty":"fl","c":{"a":0,"k":[1,0.838999968884,0,1],"ix":4},"o":{"a":0,"k":100,"ix":5},"r":1,"bm":0,"nm":"Fill 1","mn":"ADBE Vector Graphic - Fill","hd":false},{"ty":"tr","p":{"a":0,"k":[342.285,186.472],"ix":2},"a":{"a":0,"k":[0,0],"ix":1},"s":{"a":0,"k":[100,100],"ix":3},"r":{"a":0,"k":0,"ix":6},"o":{"a":0,"k":100,"ix":7},"sk":{"a":0,"k":0,"ix":4},"sa":{"a":0,"k":0,"ix":5},"nm":"Transform"}],"nm":"Group 2","np":2,"cix":2,"bm":0,"ix":2,"mn":"ADBE Vector Group","hd":false},{"ty":"gr","it":[{"ind":0,"ty":"sh","ix":1,"ks":{"a":0,"k":{"i":[[-5.826,2.077],[-3.665,-10.279],[5.826,-2.077],[3.665,10.279]],"o":[[5.826,-2.077],[3.664,10.279],[-5.826,2.077],[-3.664,-10.279]],"v":[[-6.635,-18.612],[10.549,-3.761],[6.635,18.612],[-10.549,3.761]],"c":true},"ix":2},"nm":"Path 1","mn":"ADBE Vector Shape - Group","hd":false},{"ty":"fl","c":{"a":0,"k":[1,0.838999968884,0,1],"ix":4},"o":{"a":0,"k":100,"ix":5},"r":1,"bm":0,"nm":"Fill 1","mn":"ADBE Vector Graphic - Fill","hd":false},{"ty":"tr","p":{"a":0,"k":[74.472,308.727],"ix":2},"a":{"a":0,"k":[0,0],"ix":1},"s":{"a":0,"k":[100,100],"ix":3},"r":{"a":0,"k":0,"ix":6},"o":{"a":0,"k":100,"ix":7},"sk":{"a":0,"k":0,"ix":4},"sa":{"a":0,"k":0,"ix":5},"nm":"Transform"}],"nm":"Group 3","np":2,"cix":2,"bm":0,"ix":3,"mn":"ADBE Vector Group","hd":false},{"ty":"gr","it":[{"ind":0,"ty":"sh","ix":1,"ks":{"a":0,"k":{"i":[[-10.913,0],[0,-10.913],[10.913,0],[0,10.913]],"o":[[10.913,0],[0,10.913],[-10.913,0],[0,-10.913]],"v":[[0,-19.76],[19.76,0],[0,19.76],[-19.76,0]],"c":true},"ix":2},"nm":"Path 1","mn":"ADBE Vector Shape - Group","hd":false},{"ty":"fl","c":{"a":0,"k":[1,0.838999968884,0,1],"ix":4},"o":{"a":0,"k":100,"ix":5},"r":1,"bm":0,"nm":"Fill 1","mn":"ADBE Vector Graphic - Fill","hd":false},{"ty":"tr","p":{"a":0,"k":[214.73,264.49],"ix":2},"a":{"a":0,"k":[0,0],"ix":1},"s":{"a":0,"k":[100,100],"ix":3},"r":{"a":0,"k":0,"ix":6},"o":{"a":0,"k":100,"ix":7},"sk":{"a":0,"k":0,"ix":4},"sa":{"a":0,"k":0,"ix":5},"nm":"Transform"}],"nm":"Group 4","np":2,"cix":2,"bm":0,"ix":4,"mn":"ADBE Vector Group","hd":false},{"ty":"gr","it":[{"ind":0,"ty":"sh","ix":1,"ks":{"a":0,"k":{"i":[[-1.76,-1.44],[2.08,-8.8],[5.28,-1.76],[2.8,5.28],[-2.32,4.96],[-4,1.04]],"o":[[3.52,2.96],[-1.52,6.32],[-8.24,2.8],[-2.56,-4.88],[3.36,-7.28],[3.6,-0.96]],"v":[[14.24,-14.6],[15.92,0.36],[8.56,15.96],[-15.44,10.52],[-14.16,-6.52],[-2.96,-17.8]],"c":true},"ix":2},"nm":"Path 1","mn":"ADBE Vector Shape - Group","hd":false},{"ty":"fl","c":{"a":0,"k":[0.651000019148,0.372999991623,0.243000000598,1],"ix":4},"o":{"a":0,"k":100,"ix":5},"r":1,"bm":0,"nm":"Fill 1","mn":"ADBE Vector Graphic - Fill","hd":false},{"ty":"tr","p":{"a":0,"k":[78.01,107.97],"ix":2},"a":{"a":0,"k":[0,0],"ix":1},"s":{"a":0,"k":[100,100],"ix":3},"r":{"a":0,"k":0,"ix":6},"o":{"a":0,"k":100,"ix":7},"sk":{"a":0,"k":0,"ix":4},"sa":{"a":0,"k":0,"ix":5},"nm":"Transform"}],"nm":"Group 5","np":2,"cix":2,"bm":0,"ix":5,"mn":"ADBE Vector Group","hd":false},{"ty":"gr","it":[{"ind":0,"ty":"sh","ix":1,"ks":{"a":0,"k":{"i":[[-1.52,-6.16],[-0.24,-8.08],[2.24,-5.44],[10.08,3.44],[1.76,6.72],[-2.96,11.6],[-4.56,-0.08]],"o":[[1.28,5.28],[0.24,9.76],[-2.8,6.88],[-7.6,-2.56],[-2.08,-7.92],[3.6,-14.24],[6.96,0.08]],"v":[[16.68,-27.08],[17.72,-2.44],[18.28,24.76],[-3.56,32.52],[-17.56,14.44],[-17.56,-18.28],[0.84,-35.88]],"c":true},"ix":2},"nm":"Path 1","mn":"ADBE Vector Shape - Group","hd":false},{"ty":"fl","c":{"a":0,"k":[0.8,1,0.564999988032,1],"ix":4},"o":{"a":0,"k":100,"ix":5},"r":1,"bm":0,"nm":"Fill 1","mn":"ADBE Vector Graphic - Fill","hd":false},{"ty":"tr","p":{"a":0,"k":[74.53,172.13],"ix":2},"a":{"a":0,"k":[0,0],"ix":1},"s":{"a":0,"k":[100,100],"ix":3},"r":{"a":0,"k":0,"ix":6},"o":{"a":0,"k":100,"ix":7},"sk":{"a":0,"k":0,"ix":4},"sa":{"a":0,"k":0,"ix":5},"nm":"Transform"}],"nm":"Group 6","np":2,"cix":2,"bm":0,"ix":6,"mn":"ADBE Vector Group","hd":false},{"ty":"gr","it":[{"ind":0,"ty":"sh","ix":1,"ks":{"a":0,"k":{"i":[[6.56,11.28],[0,0],[5.52,6.08],[5.28,-3.12],[-2.48,-6.32],[0,0],[6.56,-1.2],[0.48,-6],[-7.6,-2.96],[0,0],[2.08,-5.84],[-4.24,-4],[-5.04,4.32],[0,0],[-3.6,-4.88],[-4.32,2.88],[0.96,5.76],[0,0],[-0.08,0.08],[4,9.12]],"o":[[0,0],[0,0],[-5.52,-6.08],[-3.92,2.24],[2.16,5.52],[0,0],[-6.64,1.2],[-0.48,6.32],[4.88,1.92],[0,0],[-2.08,5.84],[4.8,4.56],[5.12,-4.32],[0,0],[3.6,4.96],[3.68,-2.48],[-0.88,-5.76],[0,0],[-2.64,-9.6],[-5.6,-12.8]],"v":[[12.48,-43.2],[7.92,-36.32],[-0.64,-46],[-18.32,-49.92],[-22.32,-36.24],[-17.92,-24.72],[-30.4,-22.96],[-40.72,-10.48],[-31.6,6.4],[-18.88,10.32],[-24.48,22.48],[-19.28,39.36],[-1.76,41.12],[8.08,32.48],[16.64,45.84],[32.48,50.16],[37.28,35.52],[34.32,22.72],[41.2,21.36],[30.48,-6.8]],"c":true},"ix":2},"nm":"Path 1","mn":"ADBE Vector Shape - Group","hd":false},{"ty":"fl","c":{"a":0,"k":[0.957000014361,0.317999985639,0.118000000598,1],"ix":4},"o":{"a":0,"k":100,"ix":5},"r":1,"bm":0,"nm":"Fill 1","mn":"ADBE Vector Graphic - Fill","hd":false},{"ty":"tr","p":{"a":0,"k":[332.41,191.37],"ix":2},"a":{"a":0,"k":[0,0],"ix":1},"s":{"a":0,"k":[100,100],"ix":3},"r":{"a":0,"k":0,"ix":6},"o":{"a":0,"k":100,"ix":7},"sk":{"a":0,"k":0,"ix":4},"sa":{"a":0,"k":0,"ix":5},"nm":"Transform"}],"nm":"Group 7","np":2,"cix":2,"bm":0,"ix":7,"mn":"ADBE Vector Group","hd":false},{"ty":"gr","it":[{"ind":0,"ty":"sh","ix":1,"ks":{"a":0,"k":{"i":[[4.08,12.32],[-0.24,0],[0,0],[0.4,7.52],[-4.8,1.76],[-2.88,-5.52],[0,0],[-5.6,4.24],[-4.8,-4.72],[1.76,-5.12],[0,0],[-4.96,-1.84],[0,-6],[5.52,-1.6],[0,0],[-1.28,-6.48],[4.4,-1.76],[3.52,4.96],[0,0],[0.08,-0.08],[4.16,9.12]],"o":[[0.16,-0.08],[0,0],[0,0],[-0.4,-7.52],[7.04,-2.56],[2.88,5.52],[0,0],[5.6,-4.24],[4.16,4],[-1.76,5.12],[0,0],[4.96,1.84],[0,6.4],[-5.6,1.6],[0,0],[1.28,6.48],[-4.4,1.76],[-3.52,-4.96],[0,0],[-5.44,-8.32],[-5.68,-12.88]],"v":[[-41.12,-24.64],[-40.56,-24.8],[-33.36,-23.36],[-34.88,-36.16],[-27.92,-51.36],[-13.2,-45.92],[-7.52,-34.96],[2.08,-43.12],[19.76,-41.2],[24.4,-23.12],[19.2,-12.4],[31.92,-8.48],[41.12,7.28],[30.8,20.88],[17.76,22.48],[22.08,37.76],[15.92,52.16],[0.72,46.4],[-6.88,35.68],[-12,39.36],[-26.4,13.2]],"c":true},"ix":2},"nm":"Path 1","mn":"ADBE Vector Shape - Group","hd":false},{"ty":"fl","c":{"a":0,"k":[0.957000014361,0.317999985639,0.118000000598,1],"ix":4},"o":{"a":0,"k":100,"ix":5},"r":1,"bm":0,"nm":"Fill 1","mn":"ADBE Vector Graphic - Fill","hd":false},{"ty":"tr","p":{"a":0,"k":[84.25,308.41],"ix":2},"a":{"a":0,"k":[0,0],"ix":1},"s":{"a":0,"k":[100,100],"ix":3},"r":{"a":0,"k":0,"ix":6},"o":{"a":0,"k":100,"ix":7},"sk":{"a":0,"k":0,"ix":4},"sa":{"a":0,"k":0,"ix":5},"nm":"Transform"}],"nm":"Group 8","np":2,"cix":2,"bm":0,"ix":8,"mn":"ADBE Vector Group","hd":false},{"ty":"gr","it":[{"ind":0,"ty":"sh","ix":1,"ks":{"a":0,"k":{"i":[[-8.08,0.32],[0,0],[1.92,7.92],[-6.08,2.72],[-3.68,-5.28],[0,0],[-4.8,4],[-5.44,-3.92],[3.36,-8.4],[0,0],[-4.24,-1.44],[0.24,-9.44],[9.28,-0.72],[0,0],[-1.28,-7.04],[4.96,-3.12],[4.96,6.4],[0,0],[4,-3.36],[5.6,5.04],[-2.96,8],[0,0],[6.16,2.08],[-1.28,8.16]],"o":[[6.72,-0.24],[0,0],[-1.92,-7.92],[7.36,-3.36],[3.68,5.28],[0,0],[4.8,-4],[5.44,3.92],[-2.64,6.64],[0,0],[4.32,1.52],[-0.16,6.88],[-6.16,0.48],[0,0],[1.28,7.04],[-6.4,4.08],[-3.84,-4.96],[0,0],[-5.84,4.96],[-4.64,-4.16],[2.08,-5.6],[0,0],[-7.52,-2.56],[1.2,-7.92]],"v":[[-42.64,-19.96],[-29.04,-20.52],[-32.4,-33.8],[-24,-52.2],[-3.36,-47.56],[4.56,-35.08],[15.6,-45.56],[34.16,-46.28],[39.6,-26.76],[33.28,-14.36],[47.84,-10.84],[57.76,5.56],[44.64,20.76],[30.48,21.56],[33.84,35.64],[26.24,51.48],[5.28,48.04],[-3.2,36.44],[-13.04,46.04],[-34.08,46.2],[-38.88,28.12],[-33.52,15.48],[-46.8,11.4],[-56.72,-6.76]],"c":true},"ix":2},"nm":"Path 1","mn":"ADBE Vector Shape - Group","hd":false},{"ty":"fl","c":{"a":0,"k":[0.957000014361,0.317999985639,0.118000000598,1],"ix":4},"o":{"a":0,"k":100,"ix":5},"r":1,"bm":0,"nm":"Fill 1","mn":"ADBE Vector Graphic - Fill","hd":false},{"ty":"tr","p":{"a":0,"k":[214.17,263.33],"ix":2},"a":{"a":0,"k":[0,0],"ix":1},"s":{"a":0,"k":[100,100],"ix":3},"r":{"a":0,"k":0,"ix":6},"o":{"a":0,"k":100,"ix":7},"sk":{"a":0,"k":0,"ix":4},"sa":{"a":0,"k":0,"ix":5},"nm":"Transform"}],"nm":"Group 9","np":2,"cix":2,"bm":0,"ix":9,"mn":"ADBE Vector Group","hd":false},{"ty":"gr","it":[{"ind":0,"ty":"sh","ix":1,"ks":{"a":0,"k":{"i":[[3.92,32.96],[-62.56,28.08],[-17.92,26],[-14.72,-36.64],[-3.04,-17.76],[100,-44.88],[0,0],[1.44,1.76],[8.32,18.24]],"o":[[31.2,4],[62.4,-28],[25.6,27.28],[6.88,16.88],[0,0],[-100,44.88],[-1.52,-1.68],[-12.8,-15.36],[-14.72,-33.12]],"v":[[-176.6,-21.2],[-28.2,-51.6],[102.36,-146.24],[161.96,-48.48],[176.6,3.6],[46.12,101.36],[-110.68,134],[-115.16,128.8],[-147.48,78.48]],"c":true},"ix":2},"nm":"Path 1","mn":"ADBE Vector Shape - Group","hd":false},{"ty":"fl","c":{"a":0,"k":[1,0.838999968884,0,1],"ix":4},"o":{"a":0,"k":100,"ix":5},"r":1,"bm":0,"nm":"Fill 1","mn":"ADBE Vector Graphic - Fill","hd":false},{"ty":"tr","p":{"a":0,"k":[205.25,243.05],"ix":2},"a":{"a":0,"k":[0,0],"ix":1},"s":{"a":0,"k":[100,100],"ix":3},"r":{"a":0,"k":0,"ix":6},"o":{"a":0,"k":100,"ix":7},"sk":{"a":0,"k":0,"ix":4},"sa":{"a":0,"k":0,"ix":5},"nm":"Transform"}],"nm":"Group 10","np":2,"cix":2,"bm":0,"ix":10,"mn":"ADBE Vector Group","hd":false},{"ty":"gr","it":[{"ind":0,"ty":"sh","ix":1,"ks":{"a":0,"k":{"i":[[-28.377,12.737],[-3.564,-7.94],[28.377,-12.737],[3.564,7.941]],"o":[[28.377,-12.737],[3.565,7.941],[-28.376,12.737],[-3.564,-7.941]],"v":[[-6.454,-14.379],[51.38,-23.064],[6.453,14.378],[-51.381,23.063]],"c":true},"ix":2},"nm":"Path 1","mn":"ADBE Vector Shape - Group","hd":false},{"ty":"fl","c":{"a":0,"k":[0.532999973671,0.694000004787,0.317999985639,1],"ix":4},"o":{"a":0,"k":100,"ix":5},"r":1,"bm":0,"nm":"Fill 1","mn":"ADBE Vector Graphic - Fill","hd":false},{"ty":"tr","p":{"a":0,"k":[123.279,58.982],"ix":2},"a":{"a":0,"k":[0,0],"ix":1},"s":{"a":0,"k":[100,100],"ix":3},"r":{"a":0,"k":0,"ix":6},"o":{"a":0,"k":100,"ix":7},"sk":{"a":0,"k":0,"ix":4},"sa":{"a":0,"k":0,"ix":5},"nm":"Transform"}],"nm":"Group 11","np":2,"cix":2,"bm":0,"ix":11,"mn":"ADBE Vector Group","hd":false},{"ty":"gr","it":[{"ind":0,"ty":"sh","ix":1,"ks":{"a":0,"k":{"i":[[31.2,-6.16],[12.08,9.2],[-40.48,18.16],[-27.76,27.2],[1.44,-6.4],[32.8,-14.72]],"o":[[-12.64,-8.24],[37.12,-3.44],[42.8,-19.2],[-0.56,12.56],[-25.76,20],[-31.36,14.08]],"v":[[-76.8,65.36],[-114,39.28],[5.44,6.16],[114,-65.36],[107.36,-18.08],[18.32,34.72]],"c":true},"ix":2},"nm":"Path 1","mn":"ADBE Vector Shape - Group","hd":false},{"ty":"fl","c":{"a":0,"k":[1,0.838999968884,0,1],"ix":4},"o":{"a":0,"k":100,"ix":5},"r":1,"bm":0,"nm":"Fill 1","mn":"ADBE Vector Graphic - Fill","hd":false},{"ty":"tr","p":{"a":0,"k":[270.65,394.49],"ix":2},"a":{"a":0,"k":[0,0],"ix":1},"s":{"a":0,"k":[100,100],"ix":3},"r":{"a":0,"k":0,"ix":6},"o":{"a":0,"k":100,"ix":7},"sk":{"a":0,"k":0,"ix":4},"sa":{"a":0,"k":0,"ix":5},"nm":"Transform"}],"nm":"Group 12","np":2,"cix":2,"bm":0,"ix":12,"mn":"ADBE Vector Group","hd":false},{"ty":"gr","it":[{"ind":0,"ty":"sh","ix":1,"ks":{"a":0,"k":{"i":[[-33.36,-10.16],[46.8,-20.96],[11.44,21.36],[-33.84,15.2]],"o":[[7.36,22.8],[-47.36,21.28],[14.88,-30.96],[33.44,-15.84]],"v":[[83.88,-44.68],[14.04,33.56],[-91.24,33],[-17.8,-37.32]],"c":true},"ix":2},"nm":"Path 1","mn":"ADBE Vector Shape - Group","hd":false},{"ty":"fl","c":{"a":0,"k":[0.470999983245,0.301999978458,0.187999994615,1],"ix":4},"o":{"a":0,"k":100,"ix":5},"r":1,"bm":0,"nm":"Fill 1","mn":"ADBE Vector Graphic - Fill","hd":false},{"ty":"tr","p":{"a":0,"k":[134.69,81.97],"ix":2},"a":{"a":0,"k":[0,0],"ix":1},"s":{"a":0,"k":[100,100],"ix":3},"r":{"a":0,"k":0,"ix":6},"o":{"a":0,"k":100,"ix":7},"sk":{"a":0,"k":0,"ix":4},"sa":{"a":0,"k":0,"ix":5},"nm":"Transform"}],"nm":"Group 13","np":2,"cix":2,"bm":0,"ix":13,"mn":"ADBE Vector Group","hd":false},{"ty":"gr","it":[{"ind":0,"ty":"sh","ix":1,"ks":{"a":0,"k":{"i":[[-51.52,-127.84],[8.72,-54.32],[3.44,-32.72],[34.88,-0.72],[20.16,12.72],[32.32,38.48],[8.32,18.24],[-91.84,41.28]],"o":[[21.04,51.44],[-4.32,31.84],[-24,25.44],[-17.52,-12],[-42.24,-26.72],[-12.8,-15.36],[-57.6,-128.48],[93.84,-44.32]],"v":[[172.2,-54.48],[186.04,108.48],[169.32,199.36],[58.2,248.88],[10.68,218.32],[-104.84,122.8],[-137.16,72.48],[-78.12,-204.56]],"c":true},"ix":2},"nm":"Path 1","mn":"ADBE Vector Shape - Group","hd":false},{"ty":"fl","c":{"a":0,"k":[0.486000001197,0.702000038297,0.258999992819,1],"ix":4},"o":{"a":0,"k":100,"ix":5},"r":1,"bm":0,"nm":"Fill 1","mn":"ADBE Vector Graphic - Fill","hd":false},{"ty":"tr","p":{"a":0,"k":[195.01,249.13],"ix":2},"a":{"a":0,"k":[0,0],"ix":1},"s":{"a":0,"k":[100,100],"ix":3},"r":{"a":0,"k":0,"ix":6},"o":{"a":0,"k":100,"ix":7},"sk":{"a":0,"k":0,"ix":4},"sa":{"a":0,"k":0,"ix":5},"nm":"Transform"}],"nm":"Group 14","np":2,"cix":2,"bm":0,"ix":14,"mn":"ADBE Vector Group","hd":false},{"ty":"gr","it":[{"ind":0,"ty":"sh","ix":1,"ks":{"a":0,"k":{"i":[[-16.96,0.48],[-10.8,-27.12],[13.36,-6],[12.32,-2.321],[16,11.84]],"o":[[-1.28,19.84],[-9.92,7.68],[-13.36,6],[-13.84,-27.761],[11.68,-12.48]],"v":[[50.28,-55.361],[61.24,22.079],[26.04,42.96],[-12.92,55.361],[-61.24,-2]],"c":true},"ix":2},"nm":"Path 1","mn":"ADBE Vector Shape - Group","hd":false},{"ty":"fl","c":{"a":0,"k":[0.470999983245,0.301999978458,0.187999994615,1],"ix":4},"o":{"a":0,"k":100,"ix":5},"r":1,"bm":0,"nm":"Fill 1","mn":"ADBE Vector Graphic - Fill","hd":false},{"ty":"tr","p":{"a":0,"k":[314.53,500.011],"ix":2},"a":{"a":0,"k":[0,0],"ix":1},"s":{"a":0,"k":[100,100],"ix":3},"r":{"a":0,"k":0,"ix":6},"o":{"a":0,"k":100,"ix":7},"sk":{"a":0,"k":0,"ix":4},"sa":{"a":0,"k":0,"ix":5},"nm":"Transform"}],"nm":"Group 15","np":2,"cix":2,"bm":0,"ix":15,"mn":"ADBE Vector Group","hd":false},{"ty":"gr","it":[{"ind":0,"ty":"sh","ix":1,"ks":{"a":0,"k":{"i":[[22.64,50.4],[25.76,36.72],[16.96,37.761],[2.4,11.76],[0,0],[-6.56,-14.72],[-13.92,-58.88],[-14.64,-32.641],[-42.16,18.96]],"o":[[-14.64,-32.56],[-34.72,-49.6],[-6.08,-13.52],[0,0],[7.28,9.441],[16.96,37.761],[10.32,43.68],[22.64,50.399],[42.32,-18.96]],"v":[[104.88,62.44],[33.12,-48.52],[-32.88,-154.76],[-45.2,-192.52],[-127.52,-157.32],[-106.72,-121.64],[-67.84,-3.24],[-32.64,124.121],[72.08,173.56]],"c":true},"ix":2},"nm":"Path 1","mn":"ADBE Vector Shape - Group","hd":false},{"ty":"fl","c":{"a":0,"k":[0.902000038297,0.642999985639,0.404000016755,1],"ix":4},"o":{"a":0,"k":100,"ix":5},"r":1,"bm":0,"nm":"Fill 1","mn":"ADBE Vector Graphic - Fill","hd":false},{"ty":"tr","p":{"a":0,"k":[412.09,685.17],"ix":2},"a":{"a":0,"k":[0,0],"ix":1},"s":{"a":0,"k":[100,100],"ix":3},"r":{"a":0,"k":0,"ix":6},"o":{"a":0,"k":100,"ix":7},"sk":{"a":0,"k":0,"ix":4},"sa":{"a":0,"k":0,"ix":5},"nm":"Transform"}],"nm":"Group 16","np":2,"cix":2,"bm":0,"ix":16,"mn":"ADBE Vector Group","hd":false}],"ip":0,"op":58,"st":-14,"bm":0},{"ddd":0,"ind":5,"ty":4,"nm":"lines","parent":4,"sr":1,"ks":{"o":{"a":0,"k":100,"ix":11},"r":{"a":0,"k":157,"ix":10},"p":{"a":0,"k":[96.179,395.211,0],"ix":2,"l":2},"a":{"a":0,"k":[-69.402,87.868,0],"ix":1,"l":2},"s":{"a":1,"k":[{"i":{"x":[0.667,0.667,0.667],"y":[1,1,1]},"o":{"x":[0.167,0.167,0.167],"y":[0.167,0.167,0.287]},"t":16,"s":[57,57,100]},{"i":{"x":[0.833,0.833,0.833],"y":[1,1,1]},"o":{"x":[0.333,0.333,0.333],"y":[0,0,0]},"t":24,"s":[100,100,100]},{"i":{"x":[0.833,0.833,0.833],"y":[0.833,0.833,17.667]},"o":{"x":[0.167,0.167,0.167],"y":[0,0,0]},"t":32,"s":[100,100,100]},{"t":36,"s":[0,0,100]}],"ix":6,"l":2}},"ao":0,"shapes":[{"ty":"gr","it":[{"ind":0,"ty":"sh","ix":1,"ks":{"a":0,"k":{"i":[[8.64,41.28],[6,3.76],[-9.12,-10],[-5.6,-23.68],[2.88,-17.2],[-5.2,7.92]],"o":[[-8.24,-39.2],[-6,-3.84],[8.96,9.84],[4.72,20],[-2.08,12.4],[5.2,-7.92]],"v":[[25.6,-14.4],[-14.48,-68.32],[-25.12,-58.24],[2.16,-6.56],[2,59.76],[14.64,62.96]],"c":true},"ix":2},"nm":"Path 1","mn":"ADBE Vector Shape - Group","hd":false},{"ty":"fl","c":{"a":0,"k":[0.689999988032,0.745000023935,0.773000021542,1],"ix":4},"o":{"a":0,"k":100,"ix":5},"r":1,"bm":0,"nm":"Fill 1","mn":"ADBE Vector Graphic - Fill","hd":false},{"ty":"tr","p":{"a":0,"k":[34.49,72.41],"ix":2},"a":{"a":0,"k":[0,0],"ix":1},"s":{"a":0,"k":[100,100],"ix":3},"r":{"a":0,"k":0,"ix":6},"o":{"a":0,"k":100,"ix":7},"sk":{"a":0,"k":0,"ix":4},"sa":{"a":0,"k":0,"ix":5},"nm":"Transform"}],"nm":"Group 1","np":2,"cix":2,"bm":0,"ix":1,"mn":"ADBE Vector Group","hd":false}],"ip":20,"op":32,"st":0,"bm":0},{"ddd":0,"ind":6,"ty":4,"nm":"lines","parent":4,"sr":1,"ks":{"o":{"a":0,"k":100,"ix":11},"r":{"a":0,"k":0.203,"ix":10},"p":{"a":0,"k":[117.609,382.897,0],"ix":2,"l":2},"a":{"a":0,"k":[118.001,51.596,0],"ix":1,"l":2},"s":{"a":1,"k":[{"i":{"x":[0.667,0.667,0.667],"y":[1,1,1]},"o":{"x":[0.167,0.167,0.167],"y":[0.167,0.167,0.303]},"t":14,"s":[54,54,100]},{"i":{"x":[0.678,0.678,0.678],"y":[1,1,1]},"o":{"x":[0.297,0.297,0.297],"y":[0,0,0]},"t":24,"s":[100,100,100]},{"i":{"x":[0.801,0.801,0.801],"y":[1,1,1]},"o":{"x":[0.431,0.431,0.431],"y":[0,0,0]},"t":38,"s":[108,108,100]},{"i":{"x":[0.833,0.833,0.833],"y":[0.833,0.833,17.667]},"o":{"x":[0.167,0.167,0.167],"y":[0,0,0]},"t":46,"s":[100,100,100]},{"t":56,"s":[0,0,100]}],"ix":6,"l":2}},"ao":0,"shapes":[{"ty":"gr","it":[{"ind":0,"ty":"sh","ix":1,"ks":{"a":0,"k":{"i":[[-28.88,-39.04],[-27.52,-13.52],[11.52,0],[26.08,37.2],[-6.4,30.64],[-1.44,-4.96]],"o":[[22.32,30.16],[8.16,4],[-38.72,0],[-19.12,-27.28],[1.84,-8.96],[6.72,22.64]],"v":[[-13.16,6.68],[61.64,66.68],[55.72,80.36],[-42.92,21.96],[-63.4,-71.4],[-51.88,-72.52]],"c":true},"ix":2},"nm":"Path 1","mn":"ADBE Vector Shape - Group","hd":false},{"ty":"fl","c":{"a":0,"k":[0.689999988032,0.745000023935,0.773000021542,1],"ix":4},"o":{"a":0,"k":100,"ix":5},"r":1,"bm":0,"nm":"Fill 1","mn":"ADBE Vector Graphic - Fill","hd":false},{"ty":"tr","p":{"a":0,"k":[70.05,80.61],"ix":2},"a":{"a":0,"k":[0,0],"ix":1},"s":{"a":0,"k":[100,100],"ix":3},"r":{"a":0,"k":0,"ix":6},"o":{"a":0,"k":100,"ix":7},"sk":{"a":0,"k":0,"ix":4},"sa":{"a":0,"k":0,"ix":5},"nm":"Transform"}],"nm":"Group 1","np":2,"cix":2,"bm":0,"ix":1,"mn":"ADBE Vector Group","hd":false}],"ip":20,"op":48,"st":-14,"bm":0},{"ddd":0,"ind":7,"ty":4,"nm":"lines","parent":4,"sr":1,"ks":{"o":{"a":0,"k":100,"ix":11},"r":{"a":0,"k":0.203,"ix":10},"p":{"a":0,"k":[355.354,250.646,0],"ix":2,"l":2},"a":{"a":0,"k":[-31.765,120.822,0],"ix":1,"l":2},"s":{"a":1,"k":[{"i":{"x":[0.667,0.667,0.667],"y":[1,1,1]},"o":{"x":[0.167,0.167,0.167],"y":[0.167,0.167,0.208]},"t":34,"s":[79,79,100]},{"i":{"x":[0.833,0.833,0.833],"y":[1,1,1]},"o":{"x":[0.333,0.333,0.333],"y":[0,0,0]},"t":38,"s":[100,100,100]},{"i":{"x":[0.833,0.833,0.833],"y":[1,1,1]},"o":{"x":[0.167,0.167,0.167],"y":[0,0,0]},"t":46,"s":[100,100,100]},{"t":52,"s":[0,0,100]}],"ix":6,"l":2}},"ao":0,"shapes":[{"ty":"gr","it":[{"ind":0,"ty":"sh","ix":1,"ks":{"a":0,"k":{"i":[[-11.44,-49.92],[15.12,-18.48],[-0.56,5.12],[9.12,45.44],[10.08,14.32],[-4.56,-1.76]],"o":[[11.52,50.24],[-3.2,3.92],[2,-19.12],[-8.16,-40.4],[-2.8,-4],[20.48,8.16]],"v":[[30.08,-14.16],[10.8,95.28],[1.84,91.84],[-0.32,-9.76],[-38.8,-89.84],[-33.04,-97.44]],"c":true},"ix":2},"nm":"Path 1","mn":"ADBE Vector Shape - Group","hd":false},{"ty":"fl","c":{"a":0,"k":[0.689999988032,0.745000023935,0.773000021542,1],"ix":4},"o":{"a":0,"k":100,"ix":5},"r":1,"bm":0,"nm":"Fill 1","mn":"ADBE Vector Graphic - Fill","hd":false},{"ty":"tr","p":{"a":0,"k":[41.85,99.45],"ix":2},"a":{"a":0,"k":[0,0],"ix":1},"s":{"a":0,"k":[100,100],"ix":3},"r":{"a":0,"k":0,"ix":6},"o":{"a":0,"k":100,"ix":7},"sk":{"a":0,"k":0,"ix":4},"sa":{"a":0,"k":0,"ix":5},"nm":"Transform"}],"nm":"Group 1","np":2,"cix":2,"bm":0,"ix":1,"mn":"ADBE Vector Group","hd":false}],"ip":34,"op":50,"st":-14,"bm":0},{"ddd":0,"ind":8,"ty":4,"nm":"lines","parent":4,"sr":1,"ks":{"o":{"a":0,"k":100,"ix":11},"r":{"a":0,"k":0.203,"ix":10},"p":{"a":0,"k":[361.825,250.259,0],"ix":2,"l":2},"a":{"a":0,"k":[-91.296,109.852,0],"ix":1,"l":2},"s":{"a":1,"k":[{"i":{"x":[0.667,0.667,0.667],"y":[1,1,1]},"o":{"x":[0.167,0.167,0.167],"y":[0.167,0.167,0.201]},"t":36,"s":[82,82,100]},{"i":{"x":[0.833,0.833,0.833],"y":[1,1,1]},"o":{"x":[0.167,0.167,0.167],"y":[0,0,0]},"t":42,"s":[100,100,100]},{"i":{"x":[0.833,0.833,0.833],"y":[1,1,1]},"o":{"x":[0.167,0.167,0.167],"y":[0,0,0]},"t":46,"s":[100,100,100]},{"t":54,"s":[0,0,100]}],"ix":6,"l":2}},"ao":0,"shapes":[{"ty":"gr","it":[{"ind":0,"ty":"sh","ix":1,"ks":{"a":0,"k":{"i":[[8.64,41.28],[6,3.76],[-9.12,-10],[-5.6,-23.68],[2.88,-17.2],[-5.2,7.92]],"o":[[-8.24,-39.2],[-6,-3.84],[8.96,9.84],[4.72,20],[-2.08,12.4],[5.2,-7.92]],"v":[[25.6,-14.4],[-14.48,-68.32],[-25.12,-58.24],[2.16,-6.56],[2,59.76],[14.64,62.96]],"c":true},"ix":2},"nm":"Path 1","mn":"ADBE Vector Shape - Group","hd":false},{"ty":"fl","c":{"a":0,"k":[0.689999988032,0.745000023935,0.773000021542,1],"ix":4},"o":{"a":0,"k":100,"ix":5},"r":1,"bm":0,"nm":"Fill 1","mn":"ADBE Vector Graphic - Fill","hd":false},{"ty":"tr","p":{"a":0,"k":[34.49,72.41],"ix":2},"a":{"a":0,"k":[0,0],"ix":1},"s":{"a":0,"k":[100,100],"ix":3},"r":{"a":0,"k":0,"ix":6},"o":{"a":0,"k":100,"ix":7},"sk":{"a":0,"k":0,"ix":4},"sa":{"a":0,"k":0,"ix":5},"nm":"Transform"}],"nm":"Group 1","np":2,"cix":2,"bm":0,"ix":1,"mn":"ADBE Vector Group","hd":false}],"ip":36,"op":48,"st":-14,"bm":0},{"ddd":0,"ind":9,"ty":4,"nm":"lines","parent":4,"sr":1,"ks":{"o":{"a":0,"k":100,"ix":11},"r":{"a":0,"k":0.203,"ix":10},"p":{"a":0,"k":[366.778,235.093,0],"ix":2,"l":2},"a":{"a":0,"k":[-22.675,105.44,0],"ix":1,"l":2},"s":{"a":1,"k":[{"i":{"x":[0.667,0.667,0.667],"y":[1,1,1]},"o":{"x":[0.167,0.167,0.167],"y":[0.167,0.167,0]},"t":2,"s":[54,54,100]},{"i":{"x":[0.833,0.833,0.833],"y":[0.833,0.833,17.667]},"o":{"x":[0.333,0.333,0.333],"y":[0,0,0]},"t":12,"s":[100,100,100]},{"t":28,"s":[0,0,100]}],"ix":6,"l":2}},"ao":0,"shapes":[{"ty":"gr","it":[{"ind":0,"ty":"sh","ix":1,"ks":{"a":0,"k":{"i":[[-11.44,-49.92],[15.12,-18.48],[-0.56,5.12],[9.12,45.44],[10.08,14.32],[-4.56,-1.76]],"o":[[11.52,50.24],[-3.2,3.92],[2,-19.12],[-8.16,-40.4],[-2.8,-4],[20.48,8.16]],"v":[[30.08,-14.16],[10.8,95.28],[1.84,91.84],[-0.32,-9.76],[-38.8,-89.84],[-33.04,-97.44]],"c":true},"ix":2},"nm":"Path 1","mn":"ADBE Vector Shape - Group","hd":false},{"ty":"fl","c":{"a":0,"k":[0.689999988032,0.745000023935,0.773000021542,1],"ix":4},"o":{"a":0,"k":100,"ix":5},"r":1,"bm":0,"nm":"Fill 1","mn":"ADBE Vector Graphic - Fill","hd":false},{"ty":"tr","p":{"a":0,"k":[41.85,99.45],"ix":2},"a":{"a":0,"k":[0,0],"ix":1},"s":{"a":0,"k":[100,100],"ix":3},"r":{"a":0,"k":0,"ix":6},"o":{"a":0,"k":100,"ix":7},"sk":{"a":0,"k":0,"ix":4},"sa":{"a":0,"k":0,"ix":5},"nm":"Transform"}],"nm":"Group 1","np":2,"cix":2,"bm":0,"ix":1,"mn":"ADBE Vector Group","hd":false}],"ip":6,"op":18,"st":-14,"bm":0},{"ddd":0,"ind":10,"ty":4,"nm":"lines","parent":4,"sr":1,"ks":{"o":{"a":0,"k":100,"ix":11},"r":{"a":0,"k":0.203,"ix":10},"p":{"a":0,"k":[330.186,237.228,0],"ix":2,"l":2},"a":{"a":0,"k":[-127.473,97.579,0],"ix":1,"l":2},"s":{"a":1,"k":[{"i":{"x":[0.667,0.667,0.667],"y":[1,1,1]},"o":{"x":[0.167,0.167,0.167],"y":[0.167,0.167,0]},"t":0,"s":[54,54,100]},{"i":{"x":[0.667,0.667,0.667],"y":[1,1,1]},"o":{"x":[0.333,0.333,0.333],"y":[0,0,0]},"t":10,"s":[100,100,100]},{"i":{"x":[0.833,0.833,0.833],"y":[0.833,0.833,17.667]},"o":{"x":[0.333,0.333,0.333],"y":[0,0,0]},"t":18,"s":[100,100,100]},{"t":26,"s":[0,0,100]}],"ix":6,"l":2}},"ao":0,"shapes":[{"ty":"gr","it":[{"ind":0,"ty":"sh","ix":1,"ks":{"a":0,"k":{"i":[[8.64,41.28],[6,3.76],[-9.12,-10],[-5.6,-23.68],[2.88,-17.2],[-5.2,7.92]],"o":[[-8.24,-39.2],[-6,-3.84],[8.96,9.84],[4.72,20],[-2.08,12.4],[5.2,-7.92]],"v":[[25.6,-14.4],[-14.48,-68.32],[-25.12,-58.24],[2.16,-6.56],[2,59.76],[14.64,62.96]],"c":true},"ix":2},"nm":"Path 1","mn":"ADBE Vector Shape - Group","hd":false},{"ty":"fl","c":{"a":0,"k":[0.689999988032,0.745000023935,0.773000021542,1],"ix":4},"o":{"a":0,"k":100,"ix":5},"r":1,"bm":0,"nm":"Fill 1","mn":"ADBE Vector Graphic - Fill","hd":false},{"ty":"tr","p":{"a":0,"k":[34.49,72.41],"ix":2},"a":{"a":0,"k":[0,0],"ix":1},"s":{"a":0,"k":[100,100],"ix":3},"r":{"a":0,"k":0,"ix":6},"o":{"a":0,"k":100,"ix":7},"sk":{"a":0,"k":0,"ix":4},"sa":{"a":0,"k":0,"ix":5},"nm":"Transform"}],"nm":"Group 1","np":2,"cix":2,"bm":0,"ix":1,"mn":"ADBE Vector Group","hd":false}],"ip":10,"op":16,"st":-16,"bm":0},{"ddd":0,"ind":11,"ty":4,"nm":"lines","parent":2,"sr":1,"ks":{"o":{"a":0,"k":100,"ix":11},"r":{"a":0,"k":206,"ix":10},"p":{"a":0,"k":[105.388,209.239,0],"ix":2,"l":2},"a":{"a":0,"k":[-62.085,86.019,0],"ix":1,"l":2},"s":{"a":1,"k":[{"i":{"x":[0.667,0.667,0.667],"y":[1,1,1]},"o":{"x":[0.167,0.167,0.167],"y":[0.167,0.167,0]},"t":2,"s":[54,54,100]},{"i":{"x":[0.667,0.667,0.667],"y":[1,1,1]},"o":{"x":[0.333,0.333,0.333],"y":[0,0,0]},"t":16,"s":[100,100,100]},{"t":34,"s":[0,0,100]}],"ix":6,"l":2}},"ao":0,"shapes":[{"ty":"gr","it":[{"ind":0,"ty":"sh","ix":1,"ks":{"a":0,"k":{"i":[[8.64,41.28],[6,3.76],[-9.12,-10],[-5.6,-23.68],[2.88,-17.2],[-5.2,7.92]],"o":[[-8.24,-39.2],[-6,-3.84],[8.96,9.84],[4.72,20],[-2.08,12.4],[5.2,-7.92]],"v":[[25.6,-14.4],[-14.48,-68.32],[-25.12,-58.24],[2.16,-6.56],[2,59.76],[14.64,62.96]],"c":true},"ix":2},"nm":"Path 1","mn":"ADBE Vector Shape - Group","hd":false},{"ty":"fl","c":{"a":0,"k":[0.689999988032,0.745000023935,0.773000021542,1],"ix":4},"o":{"a":0,"k":100,"ix":5},"r":1,"bm":0,"nm":"Fill 1","mn":"ADBE Vector Graphic - Fill","hd":false},{"ty":"tr","p":{"a":0,"k":[34.49,72.41],"ix":2},"a":{"a":0,"k":[0,0],"ix":1},"s":{"a":0,"k":[100,100],"ix":3},"r":{"a":0,"k":0,"ix":6},"o":{"a":0,"k":100,"ix":7},"sk":{"a":0,"k":0,"ix":4},"sa":{"a":0,"k":0,"ix":5},"nm":"Transform"}],"nm":"Group 1","np":2,"cix":2,"bm":0,"ix":1,"mn":"ADBE Vector Group","hd":false}],"ip":8,"op":20,"st":-32,"bm":0},{"ddd":0,"ind":12,"ty":4,"nm":"lines","parent":2,"sr":1,"ks":{"o":{"a":0,"k":100,"ix":11},"r":{"a":0,"k":0.029,"ix":10},"p":{"a":0,"k":[125.425,218.015,0],"ix":2,"l":2},"a":{"a":0,"k":[102.69,121.33,0],"ix":1,"l":2},"s":{"a":1,"k":[{"i":{"x":[0.667,0.667,0.667],"y":[1,1,1]},"o":{"x":[0.167,0.167,0.167],"y":[0.167,0.167,0]},"t":2,"s":[54,54,100]},{"i":{"x":[0.833,0.833,0.833],"y":[1,1,1]},"o":{"x":[0.333,0.333,0.333],"y":[0,0,0]},"t":12,"s":[100,100,100]},{"i":{"x":[0.833,0.833,0.833],"y":[0.833,0.833,1]},"o":{"x":[0.167,0.167,0.167],"y":[0,0,0]},"t":18,"s":[100,100,100]},{"t":28,"s":[0,0,100]}],"ix":6,"l":2}},"ao":0,"shapes":[{"ty":"gr","it":[{"ind":0,"ty":"sh","ix":1,"ks":{"a":0,"k":{"i":[[-14.24,50.24],[-20,8.8],[7.2,-6.72],[9.76,-32.64],[-4.24,-25.2],[4.88,8.48]],"o":[[12.4,-43.68],[8.96,-3.92],[-18.24,16.88],[-8.16,27.28],[1.68,10.08],[-11.44,-19.84]],"v":[[-32.2,-21.8],[31.96,-97.16],[39.24,-85.72],[-2.92,-11.48],[-7.64,88.12],[-19.08,92.6]],"c":true},"ix":2},"nm":"Path 1","mn":"ADBE Vector Shape - Group","hd":false},{"ty":"fl","c":{"a":0,"k":[0.689999988032,0.745000023935,0.773000021542,1],"ix":4},"o":{"a":0,"k":100,"ix":5},"r":1,"bm":0,"nm":"Fill 1","mn":"ADBE Vector Graphic - Fill","hd":false},{"ty":"tr","p":{"a":0,"k":[46.69,101.33],"ix":2},"a":{"a":0,"k":[0,0],"ix":1},"s":{"a":0,"k":[100,100],"ix":3},"r":{"a":0,"k":0,"ix":6},"o":{"a":0,"k":100,"ix":7},"sk":{"a":0,"k":0,"ix":4},"sa":{"a":0,"k":0,"ix":5},"nm":"Transform"}],"nm":"Group 1","np":2,"cix":2,"bm":0,"ix":1,"mn":"ADBE Vector Group","hd":false}],"ip":6,"op":22,"st":-14,"bm":0},{"ddd":0,"ind":13,"ty":4,"nm":"lines","parent":2,"sr":1,"ks":{"o":{"a":0,"k":100,"ix":11},"r":{"a":0,"k":67,"ix":10},"p":{"a":0,"k":[324.979,413.91,0],"ix":2,"l":2},"a":{"a":0,"k":[-81.337,104.84,0],"ix":1,"l":2},"s":{"a":1,"k":[{"i":{"x":[0.667,0.667,0.667],"y":[1,1,1]},"o":{"x":[0.167,0.167,0.167],"y":[0.167,0.167,0]},"t":18,"s":[54,54,100]},{"i":{"x":[0.667,0.667,0.667],"y":[1,1,1]},"o":{"x":[0.333,0.333,0.333],"y":[0,0,0]},"t":28,"s":[100,100,100]},{"i":{"x":[0.667,0.667,0.667],"y":[1,1,1]},"o":{"x":[0.333,0.333,0.333],"y":[0,0,0]},"t":38,"s":[100,100,100]},{"t":52,"s":[0,0,100]}],"ix":6,"l":2}},"ao":0,"shapes":[{"ty":"gr","it":[{"ind":0,"ty":"sh","ix":1,"ks":{"a":0,"k":{"i":[[8.64,41.28],[6,3.76],[-9.12,-10],[-5.6,-23.68],[2.88,-17.2],[-5.2,7.92]],"o":[[-8.24,-39.2],[-6,-3.84],[8.96,9.84],[4.72,20],[-2.08,12.4],[5.2,-7.92]],"v":[[25.6,-14.4],[-14.48,-68.32],[-25.12,-58.24],[2.16,-6.56],[2,59.76],[14.64,62.96]],"c":true},"ix":2},"nm":"Path 1","mn":"ADBE Vector Shape - Group","hd":false},{"ty":"fl","c":{"a":0,"k":[0.689999988032,0.745000023935,0.773000021542,1],"ix":4},"o":{"a":0,"k":100,"ix":5},"r":1,"bm":0,"nm":"Fill 1","mn":"ADBE Vector Graphic - Fill","hd":false},{"ty":"tr","p":{"a":0,"k":[34.49,72.41],"ix":2},"a":{"a":0,"k":[0,0],"ix":1},"s":{"a":0,"k":[100,100],"ix":3},"r":{"a":0,"k":0,"ix":6},"o":{"a":0,"k":100,"ix":7},"sk":{"a":0,"k":0,"ix":4},"sa":{"a":0,"k":0,"ix":5},"nm":"Transform"}],"nm":"Group 1","np":2,"cix":2,"bm":0,"ix":1,"mn":"ADBE Vector Group","hd":false}],"ip":26,"op":38,"st":-20,"bm":0},{"ddd":0,"ind":14,"ty":4,"nm":"lines","parent":2,"sr":1,"ks":{"o":{"a":0,"k":100,"ix":11},"r":{"a":0,"k":0.029,"ix":10},"p":{"a":0,"k":[125.425,218.015,0],"ix":2,"l":2},"a":{"a":0,"k":[102.69,121.33,0],"ix":1,"l":2},"s":{"a":1,"k":[{"i":{"x":[0.833,0.833,0.833],"y":[1,1,1]},"o":{"x":[0.167,0.167,0.167],"y":[0.167,0.167,16.667]},"t":34,"s":[0,0,100]},{"i":{"x":[0.833,0.833,0.833],"y":[0.833,0.833,1]},"o":{"x":[0.167,0.167,0.167],"y":[0,0,0]},"t":46,"s":[100,100,100]},{"t":56,"s":[0,0,100]}],"ix":6,"l":2}},"ao":0,"shapes":[{"ty":"gr","it":[{"ind":0,"ty":"sh","ix":1,"ks":{"a":0,"k":{"i":[[-14.24,50.24],[-20,8.8],[7.2,-6.72],[9.76,-32.64],[-4.24,-25.2],[4.88,8.48]],"o":[[12.4,-43.68],[8.96,-3.92],[-18.24,16.88],[-8.16,27.28],[1.68,10.08],[-11.44,-19.84]],"v":[[-32.2,-21.8],[31.96,-97.16],[39.24,-85.72],[-2.92,-11.48],[-7.64,88.12],[-19.08,92.6]],"c":true},"ix":2},"nm":"Path 1","mn":"ADBE Vector Shape - Group","hd":false},{"ty":"fl","c":{"a":0,"k":[0.689999988032,0.745000023935,0.773000021542,1],"ix":4},"o":{"a":0,"k":100,"ix":5},"r":1,"bm":0,"nm":"Fill 1","mn":"ADBE Vector Graphic - Fill","hd":false},{"ty":"tr","p":{"a":0,"k":[46.69,101.33],"ix":2},"a":{"a":0,"k":[0,0],"ix":1},"s":{"a":0,"k":[100,100],"ix":3},"r":{"a":0,"k":0,"ix":6},"o":{"a":0,"k":100,"ix":7},"sk":{"a":0,"k":0,"ix":4},"sa":{"a":0,"k":0,"ix":5},"nm":"Transform"}],"nm":"Group 1","np":2,"cix":2,"bm":0,"ix":1,"mn":"ADBE Vector Group","hd":false}],"ip":42,"op":50,"st":14,"bm":0},{"ddd":0,"ind":15,"ty":4,"nm":"lines","parent":2,"sr":1,"ks":{"o":{"a":0,"k":100,"ix":11},"r":{"a":0,"k":0.029,"ix":10},"p":{"a":0,"k":[321.854,400.873,0],"ix":2,"l":2},"a":{"a":0,"k":[36.33,2.81,0],"ix":1,"l":2},"s":{"a":1,"k":[{"i":{"x":[0.667,0.667,0.667],"y":[1,1,1]},"o":{"x":[0.167,0.167,0.167],"y":[0.167,0.167,0.292]},"t":18,"s":[56,56,100]},{"i":{"x":[0.833,0.833,0.833],"y":[1,1,1]},"o":{"x":[0.333,0.333,0.333],"y":[0,0,0]},"t":30,"s":[100,100,100]},{"i":{"x":[0.833,0.833,0.833],"y":[1,1,1]},"o":{"x":[0.167,0.167,0.167],"y":[0,0,0]},"t":46,"s":[100,100,100]},{"t":56,"s":[0,0,100]}],"ix":6,"l":2}},"ao":0,"shapes":[{"ty":"gr","it":[{"ind":0,"ty":"sh","ix":1,"ks":{"a":0,"k":{"i":[[34.16,-25.28],[15.92,4.24],[-7.2,1.519],[-24,19.521],[-8.72,16.48],[0.64,-7.521]],"o":[[-39.44,29.12],[-9.52,-2.48],[18.88,-4],[27.2,-22],[3.92,-7.36],[-1.92,20.399]],"v":[[31.28,31.44],[-62.56,53.68],[-63.76,43.121],[13.92,4.56],[61.68,-53.2],[71.44,-49.999]],"c":true},"ix":2},"nm":"Path 1","mn":"ADBE Vector Shape - Group","hd":false},{"ty":"fl","c":{"a":0,"k":[0.689999988032,0.745000023935,0.773000021542,1],"ix":4},"o":{"a":0,"k":100,"ix":5},"r":1,"bm":0,"nm":"Fill 1","mn":"ADBE Vector Graphic - Fill","hd":false},{"ty":"tr","p":{"a":0,"k":[72.33,60.81],"ix":2},"a":{"a":0,"k":[0,0],"ix":1},"s":{"a":0,"k":[100,100],"ix":3},"r":{"a":0,"k":0,"ix":6},"o":{"a":0,"k":100,"ix":7},"sk":{"a":0,"k":0,"ix":4},"sa":{"a":0,"k":0,"ix":5},"nm":"Transform"}],"nm":"Group 1","np":2,"cix":2,"bm":0,"ix":1,"mn":"ADBE Vector Group","hd":false}],"ip":22,"op":48,"st":-22,"bm":0}]}],"layers":[{"ddd":0,"ind":1,"ty":0,"nm":"Maracas","refId":"comp_0","sr":1,"ks":{"o":{"a":0,"k":100,"ix":11},"r":{"a":0,"k":0,"ix":10},"p":{"a":0,"k":[512,512,0],"ix":2,"l":2},"a":{"a":0,"k":[512,512,0],"ix":1,"l":2},"s":{"a":0,"k":[100,100,100],"ix":6,"l":2}},"ao":0,"w":1024,"h":1024,"ip":82,"op":84,"st":36,"bm":0},{"ddd":0,"ind":2,"ty":0,"nm":"Maracas","refId":"comp_0","sr":0.79,"ks":{"o":{"a":0,"k":100,"ix":11},"r":{"a":0,"k":0,"ix":10},"p":{"a":0,"k":[512,512,0],"ix":2,"l":2},"a":{"a":0,"k":[512,512,0],"ix":1,"l":2},"s":{"a":0,"k":[100,100,100],"ix":6,"l":2}},"ao":0,"w":1024,"h":1024,"ip":84,"op":91.82,"st":46,"bm":0},{"ddd":0,"ind":3,"ty":0,"nm":"Maracas","refId":"comp_0","sr":0.79,"ks":{"o":{"a":0,"k":100,"ix":11},"r":{"a":0,"k":0,"ix":10},"p":{"a":0,"k":[512,512,0],"ix":2,"l":2},"a":{"a":0,"k":[512,512,0],"ix":1,"l":2},"s":{"a":0,"k":[100,100,100],"ix":6,"l":2}},"ao":0,"w":1024,"h":1024,"ip":46,"op":82,"st":46,"bm":0},{"ddd":0,"ind":4,"ty":0,"nm":"Maracas","refId":"comp_0","sr":1,"ks":{"o":{"a":0,"k":100,"ix":11},"r":{"a":0,"k":0,"ix":10},"p":{"a":0,"k":[512,512,0],"ix":2,"l":2},"a":{"a":0,"k":[512,512,0],"ix":1,"l":2},"s":{"a":0,"k":[100,100,100],"ix":6,"l":2}},"ao":0,"w":1024,"h":1024,"ip":36,"op":38,"st":-10,"bm":0},{"ddd":0,"ind":5,"ty":0,"nm":"Maracas","refId":"comp_0","sr":0.79,"ks":{"o":{"a":0,"k":100,"ix":11},"r":{"a":0,"k":0,"ix":10},"p":{"a":0,"k":[512,512,0],"ix":2,"l":2},"a":{"a":0,"k":[512,512,0],"ix":1,"l":2},"s":{"a":0,"k":[100,100,100],"ix":6,"l":2}},"ao":0,"w":1024,"h":1024,"ip":38,"op":45.82,"st":0,"bm":0},{"ddd":0,"ind":6,"ty":0,"nm":"Maracas","refId":"comp_0","sr":0.79,"ks":{"o":{"a":0,"k":100,"ix":11},"r":{"a":0,"k":0,"ix":10},"p":{"a":0,"k":[512,512,0],"ix":2,"l":2},"a":{"a":0,"k":[512,512,0],"ix":1,"l":2},"s":{"a":0,"k":[100,100,100],"ix":6,"l":2}},"ao":0,"w":1024,"h":1024,"ip":0,"op":36,"st":0,"bm":0}],"markers":[{"tm":36,"cm":"Rest","dr":0}]}