{"v":"5.8.1","fr":60,"ip":0,"op":238,"w":1024,"h":1024,"nm":"emoji_eye","ddd":0,"assets":[],"layers":[{"ddd":0,"ind":1,"ty":4,"nm":"tab","sr":1,"ks":{"o":{"a":0,"k":100,"ix":11},"r":{"a":0,"k":0,"ix":10},"p":{"a":0,"k":[512,512,0],"ix":2,"l":2},"a":{"a":0,"k":[512,512,0],"ix":1,"l":2},"s":{"a":0,"k":[100,100,100],"ix":6,"l":2}},"ao":0,"shapes":[{"ty":"gr","it":[{"ind":0,"ty":"sh","ix":1,"ks":{"a":1,"k":[{"i":{"x":0.441,"y":1},"o":{"x":0.922,"y":0},"t":12,"s":[{"i":[[0,0],[297.595,0],[0,0]],"o":[[0,0],[-297.1,0],[0,0]],"v":[[451.489,57.505],[1.5,-229.092],[-451.489,63.505]],"c":false}]},{"i":{"x":0.441,"y":1},"o":{"x":1,"y":0},"t":24.971,"s":[{"i":[[0,0],[297.595,0],[0,0]],"o":[[0,0],[-297.1,0],[0,0]],"v":[[451.489,57.505],[1.5,366.908],[-451.489,63.505]],"c":false}]},{"i":{"x":0.328,"y":1},"o":{"x":1,"y":0},"t":31.789,"s":[{"i":[[0,0],[297.595,0],[0,0]],"o":[[0,0],[-297.1,0],[0,0]],"v":[[451.489,57.505],[1.5,366.908],[-451.489,63.505]],"c":false}]},{"i":{"x":0.833,"y":1},"o":{"x":0.922,"y":0},"t":44,"s":[{"i":[[0,0],[297.595,0],[0,0]],"o":[[0,0],[-297.1,0],[0,0]],"v":[[451.489,57.505],[1.5,-237.092],[-451.489,63.505]],"c":false}]},{"i":{"x":0.833,"y":1},"o":{"x":0.167,"y":0},"t":50.043,"s":[{"i":[[0,0],[297.595,0],[0,0]],"o":[[0,0],[-297.1,0],[0,0]],"v":[[451.489,57.505],[1.5,-229.092],[-451.489,63.505]],"c":false}]},{"i":{"x":0.441,"y":1},"o":{"x":0.922,"y":0},"t":100,"s":[{"i":[[0,0],[297.595,0],[0,0]],"o":[[0,0],[-297.1,0],[0,0]],"v":[[451.489,57.505],[1.5,-229.092],[-451.489,63.505]],"c":false}]},{"i":{"x":0.441,"y":1},"o":{"x":1,"y":0},"t":109.84,"s":[{"i":[[0,0],[297.595,0],[0,0]],"o":[[0,0],[-297.1,0],[0,0]],"v":[[451.489,57.505],[1.5,366.908],[-451.489,63.505]],"c":false}]},{"i":{"x":0.328,"y":1},"o":{"x":1,"y":0},"t":112.299,"s":[{"i":[[0,0],[297.595,0],[0,0]],"o":[[0,0],[-297.1,0],[0,0]],"v":[[451.489,57.505],[1.5,366.908],[-451.489,63.505]],"c":false}]},{"i":{"x":0.833,"y":1},"o":{"x":0.922,"y":0},"t":120.91,"s":[{"i":[[0,0],[297.595,0],[0,0]],"o":[[0,0],[-297.1,0],[0,0]],"v":[[451.489,57.505],[1.5,-233.092],[-451.489,63.505]],"c":false}]},{"i":{"x":0.833,"y":1},"o":{"x":0.167,"y":0},"t":124.598,"s":[{"i":[[0,0],[297.595,0],[0,0]],"o":[[0,0],[-297.1,0],[0,0]],"v":[[451.489,57.505],[1.5,-229.092],[-451.489,63.505]],"c":false}]},{"i":{"x":0.441,"y":1},"o":{"x":0.922,"y":0},"t":126,"s":[{"i":[[0,0],[297.595,0],[0,0]],"o":[[0,0],[-297.1,0],[0,0]],"v":[[451.489,57.505],[1.5,-229.092],[-451.489,63.505]],"c":false}]},{"i":{"x":0.441,"y":1},"o":{"x":1,"y":0},"t":135.836,"s":[{"i":[[0,0],[297.595,0],[0,0]],"o":[[0,0],[-297.1,0],[0,0]],"v":[[451.489,57.505],[1.5,366.908],[-451.489,63.505]],"c":false}]},{"i":{"x":0.328,"y":1},"o":{"x":1,"y":0},"t":138.297,"s":[{"i":[[0,0],[297.595,0],[0,0]],"o":[[0,0],[-297.1,0],[0,0]],"v":[[451.489,57.505],[1.5,366.908],[-451.489,63.505]],"c":false}]},{"i":{"x":0.667,"y":1},"o":{"x":0.922,"y":0},"t":148,"s":[{"i":[[0,0],[297.595,0],[0,0]],"o":[[0,0],[-297.1,0],[0,0]],"v":[[451.489,57.505],[1.5,-237.092],[-451.489,63.505]],"c":false}]},{"t":154.171875,"s":[{"i":[[0,0],[297.595,0],[0,0]],"o":[[0,0],[-297.1,0],[0,0]],"v":[[451.489,57.505],[1.5,-229.092],[-451.489,63.505]],"c":false}]}],"ix":2},"nm":"Path 1","mn":"ADBE Vector Shape - Group","hd":false},{"ty":"st","c":{"a":0,"k":[0.380392156863,0.380392156863,0.380392156863,1],"ix":3},"o":{"a":0,"k":100,"ix":4},"w":{"a":0,"k":58,"ix":5},"lc":2,"lj":1,"ml":4,"bm":0,"nm":"Stroke 1","mn":"ADBE Vector Graphic - Stroke","hd":false},{"ty":"tr","p":{"a":0,"k":[512.123,448.236],"ix":2},"a":{"a":0,"k":[0,0],"ix":1},"s":{"a":0,"k":[100,100],"ix":3},"r":{"a":0,"k":0,"ix":6},"o":{"a":0,"k":100,"ix":7},"sk":{"a":0,"k":0,"ix":4},"sa":{"a":0,"k":0,"ix":5},"nm":"Transform"}],"nm":"Group 1","np":3,"cix":2,"bm":0,"ix":1,"mn":"ADBE Vector Group","hd":false}],"ip":0,"op":238,"st":0,"bm":0},{"ddd":0,"ind":3,"ty":4,"nm":"tab shadow 4","td":1,"sr":1,"ks":{"o":{"a":0,"k":100,"ix":11},"r":{"a":0,"k":0,"ix":10},"p":{"a":0,"k":[512,514,0],"ix":2,"l":2},"a":{"a":0,"k":[512,512,0],"ix":1,"l":2},"s":{"a":0,"k":[100,100,100],"ix":6,"l":2}},"ao":0,"shapes":[{"ty":"gr","it":[{"ind":0,"ty":"sh","ix":1,"ks":{"a":1,"k":[{"i":{"x":0.833,"y":0.815},"o":{"x":0.922,"y":0},"t":12,"s":[{"i":[[-253.554,-0.302],[0,0],[6.906,10.875],[233.06,0],[62.234,-97.32],[0,0]],"o":[[273.46,0.326],[0,0],[-62.234,-97.32],[-233.059,0],[-6.985,10.875],[0,0]],"v":[[0.539,-70.049],[425.991,150.662],[434.882,100.177],[0.118,-161.062],[-434.803,100.257],[-423.611,145.027]],"c":true}]},{"i":{"x":0.833,"y":0.833},"o":{"x":0.167,"y":0.185},"t":20,"s":[{"i":[[-253.554,-0.302],[0,0],[6.906,10.875],[233.06,0],[132.303,-23.23],[0,0]],"o":[[273.46,0.326],[0,0],[-97.383,-10.15],[-233.059,0],[-6.985,10.875],[0,0]],"v":[[0.126,189.345],[425.975,163.705],[432.882,128.177],[0.237,101.723],[-431.803,127.257],[-423.872,165.165]],"c":true}]},{"i":{"x":0.833,"y":0.833},"o":{"x":0.167,"y":0.167},"t":21,"s":[{"i":[[-253.554,-0.302],[0,0],[6.906,10.875],[233.06,0],[123.303,70.77],[0,0]],"o":[[273.46,0.326],[0,0],[-83.383,53.85],[-233.059,0],[-6.985,10.875],[0,0]],"v":[[17.527,356.153],[425.967,187.251],[432.882,136.177],[-5.882,284.742],[-432.803,155.257],[-423.734,194.828]],"c":true}]},{"i":{"x":0.833,"y":0.833},"o":{"x":0.167,"y":0.167},"t":22,"s":[{"i":[[-253.554,-0.302],[0,0],[6.906,10.875],[233.06,0],[64.303,73.77],[0,0]],"o":[[273.46,0.326],[0,0],[-72.383,71.85],[-233.059,0],[-6.985,10.875],[0,0]],"v":[[1.226,452.965],[425.959,210.148],[436.882,150.177],[-22.882,394.327],[-434.803,160.257],[-423.601,223.673]],"c":true}]},{"i":{"x":0.441,"y":1},"o":{"x":0.167,"y":0.167},"t":26,"s":[{"i":[[-253.554,-0.302],[0,0],[6.906,10.875],[233.06,0],[67.441,81.928],[0,0]],"o":[[273.46,0.326],[0,0],[-52.302,76.242],[-233.059,0],[-6.985,10.875],[0,0]],"v":[[0.795,451.072],[432.886,181.61],[443.158,131.979],[-7.841,439.436],[-446.099,147.079],[-434.906,190.643]],"c":true}]},{"i":{"x":0.833,"y":0.833},"o":{"x":1,"y":0},"t":32,"s":[{"i":[[-253.554,-0.302],[0,0],[6.906,10.875],[233.06,0],[69.303,86.77],[0,0]],"o":[[273.46,0.326],[0,0],[-40.383,78.85],[-233.059,0],[-6.985,10.875],[0,0]],"v":[[0.54,449.949],[436.998,164.671],[446.882,121.177],[-6.881,443.9],[-452.803,139.257],[-441.616,171.038]],"c":true}]},{"i":{"x":0.833,"y":0.833},"o":{"x":0.167,"y":0.167},"t":37,"s":[{"i":[[-253.554,-0.302],[0,0],[6.906,10.875],[233.06,0],[86.303,82.77],[0,0]],"o":[[273.46,0.326],[0,0],[-12.383,64.85],[-233.059,0],[-6.985,10.875],[0,0]],"v":[[1.699,445.899],[439.987,169.452],[437.882,115.177],[-0.882,389.826],[-452.803,143.257],[-435.415,168.225]],"c":true}]},{"i":{"x":0.833,"y":0.833},"o":{"x":0.167,"y":0.167},"t":38,"s":[{"i":[[-253.554,-0.302],[0,0],[6.906,10.875],[233.06,0],[81.303,64.77],[0,0]],"o":[[273.46,0.326],[0,0],[-38.383,44.85],[-233.059,0],[-6.985,10.875],[0,0]],"v":[[1.158,390.061],[425.983,186.662],[444.882,122.177],[-3.882,339.291],[-451.803,140.257],[-423.221,193.027]],"c":true}]},{"i":{"x":0.833,"y":0.833},"o":{"x":0.167,"y":0.167},"t":39,"s":[{"i":[[-253.554,-0.302],[0,0],[6.906,10.875],[233.06,0],[122.303,38.77],[0,0]],"o":[[273.46,0.326],[0,0],[-84.383,45.85],[-233.059,0],[-6.985,10.875],[0,0]],"v":[[0.362,309.518],[437.986,168.873],[442.883,135.177],[-5.822,237.639],[-455.803,138.257],[-445.364,170.786]],"c":true}]},{"i":{"x":0.328,"y":1},"o":{"x":0.167,"y":0.167},"t":40,"s":[{"i":[[-253.554,-0.302],[0,0],[6.906,10.875],[233.06,0],[96.303,-80.23],[0,0]],"o":[[273.46,0.326],[0,0],[-76.383,-65.15],[-233.059,0],[-6.985,10.875],[0,0]],"v":[[1.204,72.976],[425.989,152.211],[435.882,111.177],[5.237,-11.012],[-434.803,111.257],[-423.507,149.759]],"c":true}]},{"i":{"x":0.833,"y":0.815},"o":{"x":0.922,"y":0},"t":44,"s":[{"i":[[-253.554,-0.302],[0,0],[6.906,10.875],[233.06,0],[62.234,-97.32],[0,0]],"o":[[273.46,0.326],[0,0],[-62.234,-97.32],[-233.059,0],[-6.985,10.875],[0,0]],"v":[[0.539,-74.049],[425.991,150.662],[434.882,100.177],[0.118,-161.062],[-434.803,100.257],[-423.611,145.027]],"c":true}]},{"i":{"x":0.833,"y":1},"o":{"x":0.167,"y":0.185},"t":50,"s":[{"i":[[-253.554,-0.302],[0,0],[6.906,10.875],[233.06,0],[62.234,-97.32],[0,0]],"o":[[273.46,0.326],[0,0],[-62.234,-97.32],[-233.059,0],[-6.985,10.875],[0,0]],"v":[[0.539,-70.049],[425.991,150.662],[434.882,100.177],[0.118,-161.062],[-434.803,100.257],[-423.611,145.027]],"c":true}]},{"i":{"x":0.833,"y":0.729},"o":{"x":0.922,"y":0},"t":100,"s":[{"i":[[-253.554,-0.302],[0,0],[6.906,10.875],[233.06,0],[62.234,-97.32],[0,0]],"o":[[273.46,0.326],[0,0],[-62.234,-97.32],[-233.059,0],[-6.985,10.875],[0,0]],"v":[[0.539,-70.049],[425.991,150.662],[434.882,100.177],[0.118,-161.062],[-434.803,100.257],[-423.611,145.027]],"c":true}]},{"i":{"x":0.833,"y":0.833},"o":{"x":0.167,"y":0.271},"t":106,"s":[{"i":[[-253.554,-0.302],[0,0],[6.906,10.875],[233.06,0],[118.303,-18.23],[0,0]],"o":[[273.46,0.326],[0,0],[-91.383,-19.15],[-233.059,0],[-6.985,10.875],[0,0]],"v":[[1.158,167.921],[425.983,156.662],[432.882,129.177],[-2.882,93.908],[-433.803,126.257],[-423.221,163.027]],"c":true}]},{"i":{"x":0.833,"y":0.833},"o":{"x":0.167,"y":0.167},"t":107,"s":[{"i":[[-253.554,-0.302],[0,0],[6.906,10.875],[233.06,0],[123.303,99.77],[0,0]],"o":[[273.46,0.326],[0,0],[-102.383,86.85],[-233.059,0],[-6.985,10.875],[0,0]],"v":[[1.178,381.812],[425.983,189.507],[441.882,138.177],[-0.882,318.839],[-449.803,147.257],[-423.214,197.579]],"c":true}]},{"i":{"x":0.833,"y":0.833},"o":{"x":0.167,"y":0.167},"t":108,"s":[{"i":[[-253.554,-0.302],[0,0],[6.906,10.875],[233.06,0],[115.303,147.77],[0,0]],"o":[[273.46,0.326],[0,0],[-86.383,110.85],[-233.059,0],[-6.985,10.875],[0,0]],"v":[[1.192,429.697],[425.983,189.904],[442.882,142.177],[10.118,413.478],[-445.803,144.257],[-423.208,199.213]],"c":true}]},{"i":{"x":0.833,"y":0.833},"o":{"x":0.167,"y":0.167},"t":116,"s":[{"i":[[-253.554,-0.302],[0,0],[6.906,10.875],[233.06,0],[104.303,106.77],[0,0]],"o":[[273.46,0.326],[0,0],[-83.383,106.85],[-233.059,0],[-6.985,10.875],[0,0]],"v":[[1.308,452.777],[425.982,193.082],[444.882,136.177],[-3.881,378.588],[-458.803,140.257],[-423.167,212.286]],"c":true}]},{"i":{"x":0.833,"y":0.833},"o":{"x":0.167,"y":0.167},"t":117,"s":[{"i":[[-253.554,-0.302],[0,0],[6.906,10.875],[233.06,0],[164.303,88.77],[0,0]],"o":[[273.46,0.326],[0,0],[-135.383,88.85],[-233.059,0],[-6.985,10.875],[0,0]],"v":[[1.379,372.126],[425.985,192.281],[448.882,134.177],[2.119,303.221],[-458.803,146.257],[-423.321,202.819]],"c":true}]},{"i":{"x":0.328,"y":1},"o":{"x":0.167,"y":0.167},"t":118,"s":[{"i":[[-253.554,-0.302],[0,0],[6.906,10.875],[233.06,0],[109.303,-71.23],[0,0]],"o":[[273.46,0.326],[0,0],[-118.383,-63.15],[-233.059,0],[-6.985,10.875],[0,0]],"v":[[1.45,99.476],[425.988,151.48],[435.882,118.177],[4.118,9.854],[-441.803,129.257],[-423.476,153.351]],"c":true}]},{"i":{"x":0.833,"y":1},"o":{"x":0.922,"y":0},"t":120.91,"s":[{"i":[[-253.554,-0.302],[0,0],[6.906,10.875],[233.06,0],[62.234,-97.32],[0,0]],"o":[[273.46,0.326],[0,0],[-62.234,-97.32],[-233.059,0],[-6.985,10.875],[0,0]],"v":[[0.539,-70.049],[425.991,150.662],[434.882,100.177],[0.118,-161.062],[-434.803,100.257],[-423.611,145.027]],"c":true}]},{"i":{"x":0.833,"y":0.729},"o":{"x":0.922,"y":0},"t":126,"s":[{"i":[[-253.554,-0.302],[0,0],[6.906,10.875],[233.06,0],[62.234,-97.32],[0,0]],"o":[[273.46,0.326],[0,0],[-62.234,-97.32],[-233.059,0],[-6.985,10.875],[0,0]],"v":[[0.539,-70.049],[425.991,150.662],[434.882,100.177],[0.118,-161.062],[-434.803,100.257],[-423.611,145.027]],"c":true}]},{"i":{"x":0.833,"y":0.833},"o":{"x":0.167,"y":0.271},"t":132,"s":[{"i":[[-253.554,-0.302],[0,0],[6.906,10.875],[233.06,0],[97.303,-6.23],[0,0]],"o":[[273.46,0.326],[0,0],[-107.383,-28.15],[-233.059,0],[-6.985,10.875],[0,0]],"v":[[1.158,177.921],[425.983,156.662],[431.882,133.177],[-14.882,100.908],[-440.803,135.257],[-423.221,163.027]],"c":true}]},{"i":{"x":0.833,"y":0.833},"o":{"x":0.167,"y":0.167},"t":133,"s":[{"i":[[-253.554,-0.302],[0,0],[6.906,10.875],[233.06,0],[129.303,86.77],[0,0]],"o":[[273.46,0.326],[0,0],[-23.383,98.85],[-233.059,0],[-6.985,10.875],[0,0]],"v":[[0.355,382.614],[425.983,189.506],[442.882,122.177],[0.118,319.839],[-433.803,162.257],[-423.214,197.579]],"c":true}]},{"i":{"x":0.833,"y":0.833},"o":{"x":0.167,"y":0.167},"t":134,"s":[{"i":[[-253.554,-0.302],[0,0],[6.906,10.875],[233.06,0],[62.234,-97.32],[0,0]],"o":[[273.46,0.326],[0,0],[-62.234,-97.32],[-233.059,0],[-6.985,10.875],[0,0]],"v":[[0.923,426.521],[425.983,189.904],[434.882,100.177],[0.118,-52.522],[-434.803,100.257],[-423.208,199.214]],"c":true}]},{"i":{"x":0.833,"y":0.833},"o":{"x":0.167,"y":0.167},"t":142,"s":[{"i":[[-253.554,-0.302],[0,0],[6.906,10.875],[233.06,0],[62.234,-97.32],[0,0]],"o":[[273.46,0.326],[0,0],[-62.234,-97.32],[-233.059,0],[-6.985,10.875],[0,0]],"v":[[1.309,453.777],[425.982,193.082],[434.882,100.177],[0.118,-151.412],[-434.803,100.257],[-423.167,212.286]],"c":true}]},{"i":{"x":0.833,"y":0.833},"o":{"x":0.167,"y":0.167},"t":143,"s":[{"i":[[-253.554,-0.302],[0,0],[6.906,10.875],[233.06,0],[62.234,-97.32],[0,0]],"o":[[273.46,0.326],[0,0],[-62.234,-97.32],[-233.059,0],[-6.985,10.875],[0,0]],"v":[[0.879,409.126],[425.979,204.781],[434.882,100.177],[0.118,-154.779],[-434.803,100.257],[-423.56,214.819]],"c":true}]},{"i":{"x":0.833,"y":0.833},"o":{"x":0.167,"y":0.167},"t":144,"s":[{"i":[[-253.554,-0.302],[0,0],[6.906,10.875],[233.06,0],[150.303,74.77],[0,0]],"o":[[273.46,0.326],[0,0],[-85.383,54.85],[-233.059,0],[-6.985,10.875],[0,0]],"v":[[0.45,300.476],[425.977,176.48],[436.882,144.177],[8.118,245.854],[-446.803,148.257],[-423.953,177.351]],"c":true}]},{"i":{"x":0.833,"y":0.833},"o":{"x":0.167,"y":0.167},"t":145,"s":[{"i":[[-253.554,-0.302],[0,0],[6.906,10.875],[233.06,0],[62.234,-97.32],[0,0]],"o":[[273.46,0.326],[0,0],[-62.234,-97.32],[-233.059,0],[-6.985,10.875],[0,0]],"v":[[0.247,67.061],[425.983,158.18],[438.882,132.177],[-7.882,-53.309],[-426.803,128.257],[-423.816,156.456]],"c":true}]},{"i":{"x":0.328,"y":1},"o":{"x":0.167,"y":0.167},"t":146,"s":[{"i":[[-253.554,-0.302],[0,0],[6.906,10.875],[233.06,0],[62.234,-97.32],[0,0]],"o":[[273.46,0.326],[0,0],[-62.234,-97.32],[-233.059,0],[-6.985,10.875],[0,0]],"v":[[0.043,-46.355],[425.989,155.88],[434.882,100.177],[8.118,-120.473],[-434.803,100.257],[-423.68,151.56]],"c":true}]},{"i":{"x":0.833,"y":1},"o":{"x":0.922,"y":0},"t":148,"s":[{"i":[[-253.554,-0.302],[0,0],[6.906,10.875],[233.06,0],[62.234,-97.32],[0,0]],"o":[[273.46,0.326],[0,0],[-62.234,-97.32],[-233.059,0],[-6.985,10.875],[0,0]],"v":[[0.539,-74.049],[425.991,150.662],[434.882,100.177],[0.118,-161.062],[-434.803,100.257],[-423.611,145.027]],"c":true}]},{"t":156,"s":[{"i":[[-253.554,-0.302],[0,0],[6.906,10.875],[233.06,0],[62.234,-97.32],[0,0]],"o":[[273.46,0.326],[0,0],[-62.234,-97.32],[-233.059,0],[-6.985,10.875],[0,0]],"v":[[0.539,-70.049],[425.991,150.662],[434.882,100.177],[0.118,-161.062],[-434.803,100.257],[-423.611,145.027]],"c":true}]}],"ix":2},"nm":"Path 1","mn":"ADBE Vector Shape - Group","hd":false},{"ty":"fl","c":{"a":0,"k":[0.690196078431,0.745098039216,0.772549079446,1],"ix":4},"o":{"a":0,"k":100,"ix":5},"r":1,"bm":0,"nm":"Fill 1","mn":"ADBE Vector Graphic - Fill","hd":false},{"ty":"tr","p":{"a":0,"k":[514.501,366.973],"ix":2},"a":{"a":0,"k":[0,0],"ix":1},"s":{"a":0,"k":[100,100],"ix":3},"r":{"a":0,"k":0,"ix":6},"o":{"a":0,"k":100,"ix":7},"sk":{"a":0,"k":0,"ix":4},"sa":{"a":0,"k":0,"ix":5},"nm":"Transform"}],"nm":"Group 1","np":2,"cix":2,"bm":0,"ix":1,"mn":"ADBE Vector Group","hd":false}],"ip":0,"op":238,"st":0,"bm":0},{"ddd":0,"ind":4,"ty":4,"nm":"pupil 2","tt":1,"sr":1,"ks":{"o":{"a":1,"k":[{"t":133,"s":[100],"h":1},{"t":134,"s":[0],"h":1},{"t":143,"s":[0],"h":1},{"t":144,"s":[100],"h":1}],"ix":11},"r":{"a":0,"k":0,"ix":10},"p":{"a":0,"k":[512,512,0],"ix":2,"l":2},"a":{"a":0,"k":[512,512,0],"ix":1,"l":2},"s":{"a":0,"k":[100,100,100],"ix":6,"l":2}},"ao":0,"shapes":[{"ty":"gr","it":[{"ind":0,"ty":"sh","ix":1,"ks":{"a":0,"k":{"i":[[-67.646,0],[0,-67.646],[67.645,0],[0,67.646]],"o":[[67.645,0],[0,67.646],[-67.646,0],[0,-67.646]],"v":[[0,-122.483],[122.483,0],[0,122.483],[-122.483,0]],"c":true},"ix":2},"nm":"Path 1","mn":"ADBE Vector Shape - Group","hd":false},{"ty":"fl","c":{"a":0,"k":[0.128999986836,0.128999986836,0.128999986836,1],"ix":4},"o":{"a":0,"k":100,"ix":5},"r":1,"bm":0,"nm":"Fill 1","mn":"ADBE Vector Graphic - Fill","hd":false},{"ty":"tr","p":{"a":0,"k":[504.54,486.519],"ix":2},"a":{"a":0,"k":[0,0],"ix":1},"s":{"a":0,"k":[100,100],"ix":3},"r":{"a":0,"k":0,"ix":6},"o":{"a":0,"k":100,"ix":7},"sk":{"a":0,"k":0,"ix":4},"sa":{"a":0,"k":0,"ix":5},"nm":"Transform"}],"nm":"Group 1","np":2,"cix":2,"bm":0,"ix":1,"mn":"ADBE Vector Group","hd":false},{"ty":"gr","it":[{"ind":0,"ty":"sh","ix":1,"ks":{"a":0,"k":{"i":[[-33.845,0],[0,-33.844],[33.845,0],[0,33.845]],"o":[[33.845,0],[0,33.845],[-33.845,0],[0,-33.844]],"v":[[0,-61.281],[61.281,0],[0,61.281],[-61.281,0]],"c":true},"ix":2},"nm":"Path 1","mn":"ADBE Vector Shape - Group","hd":false},{"ty":"fl","c":{"a":0,"k":[0.851000019148,0.728999956916,0.647000002394,1],"ix":4},"o":{"a":0,"k":100,"ix":5},"r":1,"bm":0,"nm":"Fill 1","mn":"ADBE Vector Graphic - Fill","hd":false},{"ty":"tr","p":{"a":0,"k":[699.338,475.247],"ix":2},"a":{"a":0,"k":[0,0],"ix":1},"s":{"a":0,"k":[100,100],"ix":3},"r":{"a":0,"k":0,"ix":6},"o":{"a":0,"k":100,"ix":7},"sk":{"a":0,"k":0,"ix":4},"sa":{"a":0,"k":0,"ix":5},"nm":"Transform"}],"nm":"Group 2","np":2,"cix":2,"bm":0,"ix":2,"mn":"ADBE Vector Group","hd":false},{"ty":"gr","it":[{"ind":0,"ty":"sh","ix":1,"ks":{"a":0,"k":{"i":[[-145.287,0],[0,-145.287],[145.287,0],[0,145.287]],"o":[[145.287,0],[0,145.287],[-145.287,0],[0,-145.287]],"v":[[0,-263.065],[263.065,0],[0,263.065],[-263.065,0]],"c":true},"ix":2},"nm":"Path 1","mn":"ADBE Vector Shape - Group","hd":false},{"ty":"fl","c":{"a":0,"k":[0.501960784314,0.392156862745,0.317647058824,1],"ix":4},"o":{"a":0,"k":100,"ix":5},"r":1,"bm":0,"nm":"Fill 1","mn":"ADBE Vector Graphic - Fill","hd":false},{"ty":"tr","p":{"a":0,"k":[504.54,486.519],"ix":2},"a":{"a":0,"k":[0,0],"ix":1},"s":{"a":0,"k":[100,100],"ix":3},"r":{"a":0,"k":0,"ix":6},"o":{"a":0,"k":100,"ix":7},"sk":{"a":0,"k":0,"ix":4},"sa":{"a":0,"k":0,"ix":5},"nm":"Transform"}],"nm":"Group 3","np":2,"cix":2,"bm":0,"ix":3,"mn":"ADBE Vector Group","hd":false}],"ip":0,"op":238,"st":0,"bm":0},{"ddd":0,"ind":5,"ty":4,"nm":"mask 4","td":1,"sr":1,"ks":{"o":{"a":0,"k":100,"ix":11},"r":{"a":0,"k":0,"ix":10},"p":{"a":0,"k":[512,512,0],"ix":2,"l":2},"a":{"a":0,"k":[0,0,0],"ix":1,"l":2},"s":{"a":0,"k":[100,100,100],"ix":6,"l":2}},"ao":0,"shapes":[{"ty":"gr","it":[{"ind":0,"ty":"sh","ix":1,"ks":{"a":1,"k":[{"i":{"x":0.441,"y":1},"o":{"x":0.922,"y":0},"t":12,"s":[{"i":[[0,0],[0,0],[0,0],[-264,10],[0,0]],"o":[[0,0],[0,0],[0,0],[264,-10],[0,0]],"v":[[446,-336],[-454,-332],[-448,4],[-2,-290],[458,-6]],"c":true}]},{"i":{"x":0.441,"y":1},"o":{"x":1,"y":0},"t":24.971,"s":[{"i":[[0,0],[0,0],[0,0],[-264,10],[0,0]],"o":[[0,0],[0,0],[0,0],[264,-10],[0,0]],"v":[[446,-336],[-454,-332],[-448,4],[-2,312],[458,-6]],"c":true}]},{"i":{"x":0.328,"y":1},"o":{"x":1,"y":0},"t":31.789,"s":[{"i":[[0,0],[0,0],[0,0],[-264,10],[0,0]],"o":[[0,0],[0,0],[0,0],[264,-10],[0,0]],"v":[[446,-336],[-454,-332],[-448,4],[-2,312],[458,-6]],"c":true}]},{"i":{"x":0.833,"y":1},"o":{"x":0.922,"y":0},"t":44,"s":[{"i":[[0,0],[0,0],[0,0],[-264,10],[0,0]],"o":[[0,0],[0,0],[0,0],[264,-10],[0,0]],"v":[[446,-336],[-454,-332],[-448,4],[-2,-290],[458,-6]],"c":true}]},{"i":{"x":0.441,"y":1},"o":{"x":0.922,"y":0},"t":100,"s":[{"i":[[0,0],[0,0],[0,0],[-264,10],[0,0]],"o":[[0,0],[0,0],[0,0],[264,-10],[0,0]],"v":[[446,-336],[-454,-332],[-448,4],[-2,-290],[458,-6]],"c":true}]},{"i":{"x":0.441,"y":1},"o":{"x":1,"y":0},"t":109.84,"s":[{"i":[[0,0],[0,0],[0,0],[-264,10],[0,0]],"o":[[0,0],[0,0],[0,0],[264,-10],[0,0]],"v":[[446,-336],[-454,-332],[-448,4],[-2,312],[458,-6]],"c":true}]},{"i":{"x":0.328,"y":1},"o":{"x":1,"y":0},"t":112.299,"s":[{"i":[[0,0],[0,0],[0,0],[-264,10],[0,0]],"o":[[0,0],[0,0],[0,0],[264,-10],[0,0]],"v":[[446,-336],[-454,-332],[-448,4],[-2,312],[458,-6]],"c":true}]},{"i":{"x":0.833,"y":1},"o":{"x":0.922,"y":0},"t":120.91,"s":[{"i":[[0,0],[0,0],[0,0],[-264,10],[0,0]],"o":[[0,0],[0,0],[0,0],[264,-10],[0,0]],"v":[[446,-336],[-454,-332],[-448,4],[-2,-290],[458,-6]],"c":true}]},{"i":{"x":0.441,"y":1},"o":{"x":0.922,"y":0},"t":126,"s":[{"i":[[0,0],[0,0],[0,0],[-264,10],[0,0]],"o":[[0,0],[0,0],[0,0],[264,-10],[0,0]],"v":[[446,-336],[-454,-332],[-448,4],[-2,-290],[458,-6]],"c":true}]},{"i":{"x":0.441,"y":1},"o":{"x":1,"y":0},"t":135.836,"s":[{"i":[[0,0],[0,0],[0,0],[-264,10],[0,0]],"o":[[0,0],[0,0],[0,0],[264,-10],[0,0]],"v":[[446,-336],[-454,-332],[-448,4],[-2,312],[458,-6]],"c":true}]},{"i":{"x":0.328,"y":1},"o":{"x":1,"y":0},"t":138.297,"s":[{"i":[[0,0],[0,0],[0,0],[-264,10],[0,0]],"o":[[0,0],[0,0],[0,0],[264,-10],[0,0]],"v":[[446,-336],[-454,-332],[-448,4],[-2,312],[458,-6]],"c":true}]},{"t":147.98046875,"s":[{"i":[[0,0],[0,0],[0,0],[-264,10],[0,0]],"o":[[0,0],[0,0],[0,0],[264,-10],[0,0]],"v":[[446,-336],[-454,-332],[-448,4],[-2,-290],[458,-6]],"c":true}]}],"ix":2},"nm":"Path 1","mn":"ADBE Vector Shape - Group","hd":false},{"ty":"fl","c":{"a":0,"k":[1,1,1,1],"ix":4},"o":{"a":0,"k":100,"ix":5},"r":1,"bm":0,"nm":"Fill 1","mn":"ADBE Vector Graphic - Fill","hd":false},{"ty":"tr","p":{"a":0,"k":[0,0],"ix":2},"a":{"a":0,"k":[0,0],"ix":1},"s":{"a":0,"k":[100,100],"ix":3},"r":{"a":0,"k":0,"ix":6},"o":{"a":0,"k":100,"ix":7},"sk":{"a":0,"k":0,"ix":4},"sa":{"a":0,"k":0,"ix":5},"nm":"Transform"}],"nm":"Shape 1","np":3,"cix":2,"bm":0,"ix":1,"mn":"ADBE Vector Group","hd":false}],"ip":0,"op":238,"st":0,"bm":0},{"ddd":0,"ind":6,"ty":4,"nm":"tab shadow 3","tt":2,"sr":1,"ks":{"o":{"a":0,"k":100,"ix":11},"r":{"a":0,"k":0,"ix":10},"p":{"a":0,"k":[512,512,0],"ix":2,"l":2},"a":{"a":0,"k":[512,512,0],"ix":1,"l":2},"s":{"a":0,"k":[100,100,100],"ix":6,"l":2}},"ao":0,"shapes":[{"ty":"gr","it":[{"ind":0,"ty":"sh","ix":1,"ks":{"a":1,"k":[{"i":{"x":0.833,"y":0.815},"o":{"x":0.922,"y":0},"t":12,"s":[{"i":[[-253.554,-0.302],[0,0],[6.906,10.875],[233.06,0],[62.234,-97.32],[0,0]],"o":[[273.46,0.326],[0,0],[-62.234,-97.32],[-233.059,0],[-6.985,10.875],[0,0]],"v":[[0.539,-70.049],[425.991,150.662],[434.882,100.177],[0.118,-161.062],[-434.803,100.257],[-423.611,145.027]],"c":true}]},{"i":{"x":0.833,"y":0.833},"o":{"x":0.167,"y":0.185},"t":20,"s":[{"i":[[-253.554,-0.302],[0,0],[6.906,10.875],[233.06,0],[62.234,-97.32],[0,0]],"o":[[273.46,0.326],[0,0],[-62.234,-97.32],[-233.059,0],[-6.985,10.875],[0,0]],"v":[[0.126,189.345],[425.975,163.705],[434.882,100.177],[0.118,-17.277],[-434.803,100.257],[-423.872,165.165]],"c":true}]},{"i":{"x":0.833,"y":0.833},"o":{"x":0.167,"y":0.167},"t":21,"s":[{"i":[[-253.554,-0.302],[0,0],[6.906,10.875],[233.06,0],[62.234,-97.32],[0,0]],"o":[[273.46,0.326],[0,0],[-62.234,-97.32],[-233.059,0],[-6.985,10.875],[0,0]],"v":[[17.527,356.153],[425.967,187.251],[434.882,100.177],[0.118,34.742],[-434.803,100.257],[-423.734,194.828]],"c":true}]},{"i":{"x":0.441,"y":1},"o":{"x":0.167,"y":0.167},"t":22,"s":[{"i":[[-253.554,-0.302],[0,0],[6.906,10.875],[233.06,0],[62.234,-97.32],[0,0]],"o":[[273.46,0.326],[0,0],[-62.234,-97.32],[-233.059,0],[-6.985,10.875],[0,0]],"v":[[1.226,452.965],[425.959,210.148],[434.882,100.177],[0.118,85.327],[-434.803,100.257],[-423.601,223.673]],"c":true}]},{"i":{"x":0.833,"y":0.833},"o":{"x":1,"y":0},"t":31.789,"s":[{"i":[[-253.554,-0.302],[0,0],[6.906,10.875],[233.06,0],[62.234,-97.32],[0,0]],"o":[[273.46,0.326],[0,0],[-62.234,-97.32],[-233.059,0],[-6.985,10.875],[0,0]],"v":[[0.539,449.951],[425.991,150.662],[434.882,100.177],[0.118,358.938],[-434.803,100.257],[-423.611,145.027]],"c":true}]},{"i":{"x":0.833,"y":0.833},"o":{"x":0.167,"y":0.167},"t":37,"s":[{"i":[[-253.554,-0.302],[0,0],[6.906,10.875],[233.06,0],[62.234,-97.32],[0,0]],"o":[[273.46,0.326],[0,0],[-62.234,-97.32],[-233.059,0],[-6.985,10.875],[0,0]],"v":[[1.699,445.899],[439.987,169.452],[434.882,100.177],[0.118,277.826],[-434.803,100.257],[-435.415,168.225]],"c":true}]},{"i":{"x":0.833,"y":0.833},"o":{"x":0.167,"y":0.167},"t":38,"s":[{"i":[[-253.554,-0.302],[0,0],[6.906,10.875],[233.06,0],[62.234,-97.32],[0,0]],"o":[[273.46,0.326],[0,0],[-62.234,-97.32],[-233.059,0],[-6.985,10.875],[0,0]],"v":[[1.158,390.061],[425.983,186.662],[434.882,100.177],[0.118,197.291],[-434.803,100.257],[-423.221,193.027]],"c":true}]},{"i":{"x":0.833,"y":0.833},"o":{"x":0.167,"y":0.167},"t":39,"s":[{"i":[[-253.554,-0.302],[0,0],[6.906,10.875],[233.06,0],[62.234,-97.32],[0,0]],"o":[[273.46,0.326],[0,0],[-62.234,-97.32],[-233.059,0],[-6.985,10.875],[0,0]],"v":[[0.362,309.518],[437.986,168.873],[434.882,96.177],[0.178,43.639],[-434.803,96.257],[-445.364,170.786]],"c":true}]},{"i":{"x":0.328,"y":1},"o":{"x":0.167,"y":0.167},"t":40,"s":[{"i":[[-253.554,-0.302],[0,0],[6.906,10.875],[233.06,0],[62.234,-97.32],[0,0]],"o":[[273.46,0.326],[0,0],[-62.234,-97.32],[-233.059,0],[-6.985,10.875],[0,0]],"v":[[1.204,72.976],[425.989,152.211],[434.882,92.177],[0.237,-110.012],[-434.803,92.257],[-423.507,149.759]],"c":true}]},{"i":{"x":0.833,"y":0.815},"o":{"x":0.922,"y":0},"t":44,"s":[{"i":[[-253.554,-0.302],[0,0],[6.906,10.875],[233.06,0],[62.234,-97.32],[0,0]],"o":[[273.46,0.326],[0,0],[-62.234,-97.32],[-233.059,0],[-6.985,10.875],[0,0]],"v":[[0.539,-74.049],[425.991,150.662],[434.882,100.177],[0.118,-161.062],[-434.803,100.257],[-423.611,145.027]],"c":true}]},{"i":{"x":0.833,"y":1},"o":{"x":0.167,"y":0.185},"t":50,"s":[{"i":[[-253.554,-0.302],[0,0],[6.906,10.875],[233.06,0],[62.234,-97.32],[0,0]],"o":[[273.46,0.326],[0,0],[-62.234,-97.32],[-233.059,0],[-6.985,10.875],[0,0]],"v":[[0.539,-70.049],[425.991,150.662],[434.882,100.177],[0.118,-161.062],[-434.803,100.257],[-423.611,145.027]],"c":true}]},{"i":{"x":0.833,"y":0.729},"o":{"x":0.922,"y":0},"t":100,"s":[{"i":[[-253.554,-0.302],[0,0],[6.906,10.875],[233.06,0],[62.234,-97.32],[0,0]],"o":[[273.46,0.326],[0,0],[-62.234,-97.32],[-233.059,0],[-6.985,10.875],[0,0]],"v":[[0.539,-70.049],[425.991,150.662],[434.882,100.177],[0.118,-161.062],[-434.803,100.257],[-423.611,145.027]],"c":true}]},{"i":{"x":0.833,"y":0.833},"o":{"x":0.167,"y":0.271},"t":106,"s":[{"i":[[-253.554,-0.302],[0,0],[6.906,10.875],[233.06,0],[62.234,-97.32],[0,0]],"o":[[273.46,0.326],[0,0],[-62.234,-97.32],[-233.059,0],[-6.985,10.875],[0,0]],"v":[[1.158,167.921],[425.983,156.662],[434.882,100.177],[0.118,-23.092],[-434.803,100.257],[-423.221,163.027]],"c":true}]},{"i":{"x":0.833,"y":0.833},"o":{"x":0.167,"y":0.167},"t":107,"s":[{"i":[[-253.554,-0.302],[0,0],[6.906,10.875],[233.06,0],[62.234,-97.32],[0,0]],"o":[[273.46,0.326],[0,0],[-62.234,-97.32],[-233.059,0],[-6.985,10.875],[0,0]],"v":[[1.178,381.812],[425.983,189.507],[434.882,100.177],[0.118,-40.161],[-434.803,100.257],[-423.214,197.579]],"c":true}]},{"i":{"x":0.833,"y":0.833},"o":{"x":0.167,"y":0.167},"t":108,"s":[{"i":[[-253.554,-0.302],[0,0],[6.906,10.875],[233.06,0],[62.234,-97.32],[0,0]],"o":[[273.46,0.326],[0,0],[-62.234,-97.32],[-233.059,0],[-6.985,10.875],[0,0]],"v":[[1.192,429.697],[425.983,189.904],[434.882,100.177],[0.118,-52.522],[-434.803,100.257],[-423.208,199.214]],"c":true}]},{"i":{"x":0.833,"y":0.833},"o":{"x":0.167,"y":0.167},"t":116,"s":[{"i":[[-253.554,-0.302],[0,0],[6.906,10.875],[233.06,0],[62.234,-97.32],[0,0]],"o":[[273.46,0.326],[0,0],[-62.234,-97.32],[-233.059,0],[-6.985,10.875],[0,0]],"v":[[1.309,452.777],[425.982,193.082],[434.882,100.177],[0.118,-151.412],[-434.803,100.257],[-423.167,212.286]],"c":true}]},{"i":{"x":0.833,"y":0.833},"o":{"x":0.167,"y":0.167},"t":117,"s":[{"i":[[-253.554,-0.302],[0,0],[6.906,10.875],[233.06,0],[62.234,-97.32],[0,0]],"o":[[273.46,0.326],[0,0],[-62.234,-97.32],[-233.059,0],[-6.985,10.875],[0,0]],"v":[[1.379,372.126],[425.985,192.281],[434.882,100.177],[0.118,-154.779],[-434.803,100.257],[-423.321,202.819]],"c":true}]},{"i":{"x":0.328,"y":1},"o":{"x":0.167,"y":0.167},"t":118,"s":[{"i":[[-253.554,-0.302],[0,0],[6.906,10.875],[233.06,0],[62.234,-97.32],[0,0]],"o":[[273.46,0.326],[0,0],[-62.234,-97.32],[-233.059,0],[-6.985,10.875],[0,0]],"v":[[1.45,99.476],[425.988,151.48],[434.882,100.177],[0.118,-158.146],[-434.803,100.257],[-423.476,153.351]],"c":true}]},{"i":{"x":0.833,"y":1},"o":{"x":0.922,"y":0},"t":120.91,"s":[{"i":[[-253.554,-0.302],[0,0],[6.906,10.875],[233.06,0],[62.234,-97.32],[0,0]],"o":[[273.46,0.326],[0,0],[-62.234,-97.32],[-233.059,0],[-6.985,10.875],[0,0]],"v":[[0.539,-70.049],[425.991,150.662],[434.882,100.177],[0.118,-161.062],[-434.803,100.257],[-423.611,145.027]],"c":true}]},{"i":{"x":0.833,"y":0.729},"o":{"x":0.922,"y":0},"t":126,"s":[{"i":[[-253.554,-0.302],[0,0],[6.906,10.875],[233.06,0],[62.234,-97.32],[0,0]],"o":[[273.46,0.326],[0,0],[-62.234,-97.32],[-233.059,0],[-6.985,10.875],[0,0]],"v":[[0.539,-70.049],[425.991,150.662],[434.882,100.177],[0.118,-161.062],[-434.803,100.257],[-423.611,145.027]],"c":true}]},{"i":{"x":0.833,"y":0.833},"o":{"x":0.167,"y":0.271},"t":132,"s":[{"i":[[-253.554,-0.302],[0,0],[6.906,10.875],[233.06,0],[62.234,-97.32],[0,0]],"o":[[273.46,0.326],[0,0],[-62.234,-97.32],[-233.059,0],[-6.985,10.875],[0,0]],"v":[[1.158,177.921],[425.983,156.662],[434.882,100.177],[0.118,-23.092],[-434.803,100.257],[-423.221,163.027]],"c":true}]},{"i":{"x":0.833,"y":0.833},"o":{"x":0.167,"y":0.167},"t":133,"s":[{"i":[[-253.554,-0.302],[0,0],[6.906,10.875],[233.06,0],[62.234,-97.32],[0,0]],"o":[[273.46,0.326],[0,0],[-62.234,-97.32],[-233.059,0],[-6.985,10.875],[0,0]],"v":[[0.355,382.614],[425.983,189.506],[434.882,100.177],[0.118,-40.161],[-434.803,100.257],[-423.214,197.579]],"c":true}]},{"i":{"x":0.833,"y":0.833},"o":{"x":0.167,"y":0.167},"t":134,"s":[{"i":[[-253.554,-0.302],[0,0],[6.906,10.875],[233.06,0],[62.234,-97.32],[0,0]],"o":[[273.46,0.326],[0,0],[-62.234,-97.32],[-233.059,0],[-6.985,10.875],[0,0]],"v":[[0.923,426.521],[425.983,189.904],[434.882,100.177],[0.118,-52.522],[-434.803,100.257],[-423.208,199.214]],"c":true}]},{"i":{"x":0.833,"y":0.833},"o":{"x":0.167,"y":0.167},"t":142,"s":[{"i":[[-253.554,-0.302],[0,0],[6.906,10.875],[233.06,0],[62.234,-97.32],[0,0]],"o":[[273.46,0.326],[0,0],[-62.234,-97.32],[-233.059,0],[-6.985,10.875],[0,0]],"v":[[1.309,453.777],[425.982,193.082],[434.882,100.177],[0.118,-151.412],[-434.803,100.257],[-423.167,212.286]],"c":true}]},{"i":{"x":0.833,"y":0.833},"o":{"x":0.167,"y":0.167},"t":143,"s":[{"i":[[-253.554,-0.302],[0,0],[6.906,10.875],[233.06,0],[62.234,-97.32],[0,0]],"o":[[273.46,0.326],[0,0],[-62.234,-97.32],[-233.059,0],[-6.985,10.875],[0,0]],"v":[[0.879,409.126],[425.979,204.781],[434.882,100.177],[0.118,-154.779],[-434.803,100.257],[-423.56,214.819]],"c":true}]},{"i":{"x":0.833,"y":0.833},"o":{"x":0.167,"y":0.167},"t":144,"s":[{"i":[[-253.554,-0.302],[0,0],[6.906,10.875],[233.06,0],[62.234,-97.32],[0,0]],"o":[[273.46,0.326],[0,0],[-62.234,-97.32],[-233.059,0],[-6.985,10.875],[0,0]],"v":[[0.45,300.476],[425.977,176.48],[434.882,100.177],[0.118,-158.146],[-434.803,100.257],[-423.953,177.351]],"c":true}]},{"i":{"x":0.833,"y":0.833},"o":{"x":0.167,"y":0.167},"t":145,"s":[{"i":[[-253.554,-0.302],[0,0],[6.906,10.875],[233.06,0],[62.234,-97.32],[0,0]],"o":[[273.46,0.326],[0,0],[-62.234,-97.32],[-233.059,0],[-6.985,10.875],[0,0]],"v":[[0.247,67.061],[425.983,158.18],[434.882,100.177],[0.118,-159.309],[-434.803,100.257],[-423.816,156.456]],"c":true}]},{"i":{"x":0.328,"y":1},"o":{"x":0.167,"y":0.167},"t":146,"s":[{"i":[[-253.554,-0.302],[0,0],[6.906,10.875],[233.06,0],[62.234,-97.32],[0,0]],"o":[[273.46,0.326],[0,0],[-62.234,-97.32],[-233.059,0],[-6.985,10.875],[0,0]],"v":[[0.043,-46.355],[425.989,155.88],[434.882,100.177],[0.118,-160.473],[-434.803,100.257],[-423.68,151.56]],"c":true}]},{"i":{"x":0.833,"y":1},"o":{"x":0.922,"y":0},"t":148,"s":[{"i":[[-253.554,-0.302],[0,0],[6.906,10.875],[233.06,0],[62.234,-97.32],[0,0]],"o":[[273.46,0.326],[0,0],[-62.234,-97.32],[-233.059,0],[-6.985,10.875],[0,0]],"v":[[0.539,-74.049],[425.991,150.662],[434.882,100.177],[0.118,-161.062],[-434.803,100.257],[-423.611,145.027]],"c":true}]},{"t":156,"s":[{"i":[[-253.554,-0.302],[0,0],[6.906,10.875],[233.06,0],[62.234,-97.32],[0,0]],"o":[[273.46,0.326],[0,0],[-62.234,-97.32],[-233.059,0],[-6.985,10.875],[0,0]],"v":[[0.539,-70.049],[425.991,150.662],[434.882,100.177],[0.118,-161.062],[-434.803,100.257],[-423.611,145.027]],"c":true}]}],"ix":2},"nm":"Path 1","mn":"ADBE Vector Shape - Group","hd":false},{"ty":"fl","c":{"a":0,"k":[0.690196078431,0.745098039216,0.772549079446,1],"ix":4},"o":{"a":0,"k":100,"ix":5},"r":1,"bm":0,"nm":"Fill 1","mn":"ADBE Vector Graphic - Fill","hd":false},{"ty":"tr","p":{"a":0,"k":[514.501,366.973],"ix":2},"a":{"a":0,"k":[0,0],"ix":1},"s":{"a":0,"k":[100,100],"ix":3},"r":{"a":0,"k":0,"ix":6},"o":{"a":0,"k":100,"ix":7},"sk":{"a":0,"k":0,"ix":4},"sa":{"a":0,"k":0,"ix":5},"nm":"Transform"}],"nm":"Group 1","np":2,"cix":2,"bm":0,"ix":1,"mn":"ADBE Vector Group","hd":false}],"ip":0,"op":238,"st":0,"bm":0},{"ddd":0,"ind":7,"ty":4,"nm":"mask 3","td":1,"sr":1,"ks":{"o":{"a":0,"k":100,"ix":11},"r":{"a":0,"k":0,"ix":10},"p":{"a":0,"k":[512,512,0],"ix":2,"l":2},"a":{"a":0,"k":[0,0,0],"ix":1,"l":2},"s":{"a":0,"k":[100,100,100],"ix":6,"l":2}},"ao":0,"shapes":[{"ty":"gr","it":[{"ind":0,"ty":"sh","ix":1,"ks":{"a":1,"k":[{"i":{"x":0.441,"y":1},"o":{"x":0.922,"y":0},"t":12,"s":[{"i":[[0,0],[0,0],[0,0],[-264,10],[0,0]],"o":[[0,0],[0,0],[0,0],[264,-10],[0,0]],"v":[[446,-336],[-454,-332],[-448,4],[-2,-290],[458,-6]],"c":true}]},{"i":{"x":0.441,"y":1},"o":{"x":1,"y":0},"t":24.971,"s":[{"i":[[0,0],[0,0],[0,0],[-264,10],[0,0]],"o":[[0,0],[0,0],[0,0],[264,-10],[0,0]],"v":[[446,-336],[-454,-332],[-448,4],[-2,312],[458,-6]],"c":true}]},{"i":{"x":0.328,"y":1},"o":{"x":1,"y":0},"t":31.789,"s":[{"i":[[0,0],[0,0],[0,0],[-264,10],[0,0]],"o":[[0,0],[0,0],[0,0],[264,-10],[0,0]],"v":[[446,-336],[-454,-332],[-448,4],[-2,312],[458,-6]],"c":true}]},{"i":{"x":0.833,"y":1},"o":{"x":0.922,"y":0},"t":44,"s":[{"i":[[0,0],[0,0],[0,0],[-264,10],[0,0]],"o":[[0,0],[0,0],[0,0],[264,-10],[0,0]],"v":[[446,-336],[-454,-332],[-448,4],[-2,-290],[458,-6]],"c":true}]},{"i":{"x":0.441,"y":1},"o":{"x":0.922,"y":0},"t":100,"s":[{"i":[[0,0],[0,0],[0,0],[-264,10],[0,0]],"o":[[0,0],[0,0],[0,0],[264,-10],[0,0]],"v":[[446,-336],[-454,-332],[-448,4],[-2,-290],[458,-6]],"c":true}]},{"i":{"x":0.441,"y":1},"o":{"x":1,"y":0},"t":109.84,"s":[{"i":[[0,0],[0,0],[0,0],[-264,10],[0,0]],"o":[[0,0],[0,0],[0,0],[264,-10],[0,0]],"v":[[446,-336],[-454,-332],[-448,4],[-2,312],[458,-6]],"c":true}]},{"i":{"x":0.328,"y":1},"o":{"x":1,"y":0},"t":112.299,"s":[{"i":[[0,0],[0,0],[0,0],[-264,10],[0,0]],"o":[[0,0],[0,0],[0,0],[264,-10],[0,0]],"v":[[446,-336],[-454,-332],[-448,4],[-2,312],[458,-6]],"c":true}]},{"i":{"x":0.833,"y":1},"o":{"x":0.922,"y":0},"t":120.91,"s":[{"i":[[0,0],[0,0],[0,0],[-264,10],[0,0]],"o":[[0,0],[0,0],[0,0],[264,-10],[0,0]],"v":[[446,-336],[-454,-332],[-448,4],[-2,-290],[458,-6]],"c":true}]},{"i":{"x":0.441,"y":1},"o":{"x":0.922,"y":0},"t":126,"s":[{"i":[[0,0],[0,0],[0,0],[-264,10],[0,0]],"o":[[0,0],[0,0],[0,0],[264,-10],[0,0]],"v":[[446,-336],[-454,-332],[-448,4],[-2,-290],[458,-6]],"c":true}]},{"i":{"x":0.441,"y":1},"o":{"x":1,"y":0},"t":135.836,"s":[{"i":[[0,0],[0,0],[0,0],[-264,10],[0,0]],"o":[[0,0],[0,0],[0,0],[264,-10],[0,0]],"v":[[446,-336],[-454,-332],[-448,4],[-2,312],[458,-6]],"c":true}]},{"i":{"x":0.328,"y":1},"o":{"x":1,"y":0},"t":138.297,"s":[{"i":[[0,0],[0,0],[0,0],[-264,10],[0,0]],"o":[[0,0],[0,0],[0,0],[264,-10],[0,0]],"v":[[446,-336],[-454,-332],[-448,4],[-2,312],[458,-6]],"c":true}]},{"t":147.98046875,"s":[{"i":[[0,0],[0,0],[0,0],[-264,10],[0,0]],"o":[[0,0],[0,0],[0,0],[264,-10],[0,0]],"v":[[446,-336],[-454,-332],[-448,4],[-2,-290],[458,-6]],"c":true}]}],"ix":2},"nm":"Path 1","mn":"ADBE Vector Shape - Group","hd":false},{"ty":"fl","c":{"a":0,"k":[1,1,1,1],"ix":4},"o":{"a":0,"k":100,"ix":5},"r":1,"bm":0,"nm":"Fill 1","mn":"ADBE Vector Graphic - Fill","hd":false},{"ty":"tr","p":{"a":0,"k":[0,0],"ix":2},"a":{"a":0,"k":[0,0],"ix":1},"s":{"a":0,"k":[100,100],"ix":3},"r":{"a":0,"k":0,"ix":6},"o":{"a":0,"k":100,"ix":7},"sk":{"a":0,"k":0,"ix":4},"sa":{"a":0,"k":0,"ix":5},"nm":"Transform"}],"nm":"Shape 1","np":3,"cix":2,"bm":0,"ix":1,"mn":"ADBE Vector Group","hd":false}],"ip":0,"op":238,"st":0,"bm":0},{"ddd":0,"ind":8,"ty":4,"nm":"pupil","tt":2,"sr":1,"ks":{"o":{"a":0,"k":100,"ix":11},"r":{"a":0,"k":0,"ix":10},"p":{"a":0,"k":[512,512,0],"ix":2,"l":2},"a":{"a":0,"k":[512,512,0],"ix":1,"l":2},"s":{"a":0,"k":[100,100,100],"ix":6,"l":2}},"ao":0,"shapes":[{"ty":"gr","it":[{"ind":0,"ty":"sh","ix":1,"ks":{"a":0,"k":{"i":[[-67.646,0],[0,-67.646],[67.645,0],[0,67.646]],"o":[[67.645,0],[0,67.646],[-67.646,0],[0,-67.646]],"v":[[0,-122.483],[122.483,0],[0,122.483],[-122.483,0]],"c":true},"ix":2},"nm":"Path 1","mn":"ADBE Vector Shape - Group","hd":false},{"ty":"fl","c":{"a":0,"k":[0.128999986836,0.128999986836,0.128999986836,1],"ix":4},"o":{"a":0,"k":100,"ix":5},"r":1,"bm":0,"nm":"Fill 1","mn":"ADBE Vector Graphic - Fill","hd":false},{"ty":"tr","p":{"a":0,"k":[504.54,486.519],"ix":2},"a":{"a":0,"k":[0,0],"ix":1},"s":{"a":0,"k":[100,100],"ix":3},"r":{"a":0,"k":0,"ix":6},"o":{"a":0,"k":100,"ix":7},"sk":{"a":0,"k":0,"ix":4},"sa":{"a":0,"k":0,"ix":5},"nm":"Transform"}],"nm":"Group 1","np":2,"cix":2,"bm":0,"ix":1,"mn":"ADBE Vector Group","hd":false},{"ty":"gr","it":[{"ind":0,"ty":"sh","ix":1,"ks":{"a":0,"k":{"i":[[-33.845,0],[0,-33.844],[33.845,0],[0,33.845]],"o":[[33.845,0],[0,33.845],[-33.845,0],[0,-33.844]],"v":[[0,-61.281],[61.281,0],[0,61.281],[-61.281,0]],"c":true},"ix":2},"nm":"Path 1","mn":"ADBE Vector Shape - Group","hd":false},{"ty":"fl","c":{"a":0,"k":[0.851000019148,0.728999956916,0.647000002394,1],"ix":4},"o":{"a":0,"k":100,"ix":5},"r":1,"bm":0,"nm":"Fill 1","mn":"ADBE Vector Graphic - Fill","hd":false},{"ty":"tr","p":{"a":0,"k":[699.338,475.247],"ix":2},"a":{"a":0,"k":[0,0],"ix":1},"s":{"a":0,"k":[100,100],"ix":3},"r":{"a":0,"k":0,"ix":6},"o":{"a":0,"k":100,"ix":7},"sk":{"a":0,"k":0,"ix":4},"sa":{"a":0,"k":0,"ix":5},"nm":"Transform"}],"nm":"Group 2","np":2,"cix":2,"bm":0,"ix":2,"mn":"ADBE Vector Group","hd":false},{"ty":"gr","it":[{"ind":0,"ty":"sh","ix":1,"ks":{"a":0,"k":{"i":[[-145.287,0],[0,-145.287],[145.287,0],[0,145.287]],"o":[[145.287,0],[0,145.287],[-145.287,0],[0,-145.287]],"v":[[0,-263.065],[263.065,0],[0,263.065],[-263.065,0]],"c":true},"ix":2},"nm":"Path 1","mn":"ADBE Vector Shape - Group","hd":false},{"ty":"fl","c":{"a":0,"k":[0.611999990426,0.477999997606,0.388000009574,1],"ix":4},"o":{"a":0,"k":100,"ix":5},"r":1,"bm":0,"nm":"Fill 1","mn":"ADBE Vector Graphic - Fill","hd":false},{"ty":"tr","p":{"a":0,"k":[504.54,486.519],"ix":2},"a":{"a":0,"k":[0,0],"ix":1},"s":{"a":0,"k":[100,100],"ix":3},"r":{"a":0,"k":0,"ix":6},"o":{"a":0,"k":100,"ix":7},"sk":{"a":0,"k":0,"ix":4},"sa":{"a":0,"k":0,"ix":5},"nm":"Transform"}],"nm":"Group 3","np":2,"cix":2,"bm":0,"ix":3,"mn":"ADBE Vector Group","hd":false}],"ip":0,"op":238,"st":0,"bm":0},{"ddd":0,"ind":9,"ty":4,"nm":"mask 2","td":1,"sr":1,"ks":{"o":{"a":0,"k":100,"ix":11},"r":{"a":0,"k":0,"ix":10},"p":{"a":0,"k":[512,512,0],"ix":2,"l":2},"a":{"a":0,"k":[0,0,0],"ix":1,"l":2},"s":{"a":0,"k":[100,100,100],"ix":6,"l":2}},"ao":0,"shapes":[{"ty":"gr","it":[{"ind":0,"ty":"sh","ix":1,"ks":{"a":1,"k":[{"i":{"x":0.441,"y":1},"o":{"x":0.922,"y":0},"t":12,"s":[{"i":[[0,0],[0,0],[0,0],[-264,10],[0,0]],"o":[[0,0],[0,0],[0,0],[264,-10],[0,0]],"v":[[446,-336],[-454,-332],[-448,4],[-2,-290],[458,-6]],"c":true}]},{"i":{"x":0.441,"y":1},"o":{"x":1,"y":0},"t":24.971,"s":[{"i":[[0,0],[0,0],[0,0],[-264,10],[0,0]],"o":[[0,0],[0,0],[0,0],[264,-10],[0,0]],"v":[[446,-336],[-454,-332],[-448,4],[-2,312],[458,-6]],"c":true}]},{"i":{"x":0.328,"y":1},"o":{"x":1,"y":0},"t":31.789,"s":[{"i":[[0,0],[0,0],[0,0],[-264,10],[0,0]],"o":[[0,0],[0,0],[0,0],[264,-10],[0,0]],"v":[[446,-336],[-454,-332],[-448,4],[-2,312],[458,-6]],"c":true}]},{"i":{"x":0.833,"y":1},"o":{"x":0.922,"y":0},"t":44,"s":[{"i":[[0,0],[0,0],[0,0],[-264,10],[0,0]],"o":[[0,0],[0,0],[0,0],[264,-10],[0,0]],"v":[[446,-336],[-454,-332],[-448,4],[-2,-290],[458,-6]],"c":true}]},{"i":{"x":0.441,"y":1},"o":{"x":0.922,"y":0},"t":100,"s":[{"i":[[0,0],[0,0],[0,0],[-264,10],[0,0]],"o":[[0,0],[0,0],[0,0],[264,-10],[0,0]],"v":[[446,-336],[-454,-332],[-448,4],[-2,-290],[458,-6]],"c":true}]},{"i":{"x":0.441,"y":1},"o":{"x":1,"y":0},"t":109.84,"s":[{"i":[[0,0],[0,0],[0,0],[-264,10],[0,0]],"o":[[0,0],[0,0],[0,0],[264,-10],[0,0]],"v":[[446,-336],[-454,-332],[-448,4],[-2,312],[458,-6]],"c":true}]},{"i":{"x":0.328,"y":1},"o":{"x":1,"y":0},"t":112.299,"s":[{"i":[[0,0],[0,0],[0,0],[-264,10],[0,0]],"o":[[0,0],[0,0],[0,0],[264,-10],[0,0]],"v":[[446,-336],[-454,-332],[-448,4],[-2,312],[458,-6]],"c":true}]},{"i":{"x":0.833,"y":1},"o":{"x":0.922,"y":0},"t":120.91,"s":[{"i":[[0,0],[0,0],[0,0],[-264,10],[0,0]],"o":[[0,0],[0,0],[0,0],[264,-10],[0,0]],"v":[[446,-336],[-454,-332],[-448,4],[-2,-290],[458,-6]],"c":true}]},{"i":{"x":0.441,"y":1},"o":{"x":0.922,"y":0},"t":126,"s":[{"i":[[0,0],[0,0],[0,0],[-264,10],[0,0]],"o":[[0,0],[0,0],[0,0],[264,-10],[0,0]],"v":[[446,-336],[-454,-332],[-448,4],[-2,-290],[458,-6]],"c":true}]},{"i":{"x":0.441,"y":1},"o":{"x":1,"y":0},"t":135.836,"s":[{"i":[[0,0],[0,0],[0,0],[-264,10],[0,0]],"o":[[0,0],[0,0],[0,0],[264,-10],[0,0]],"v":[[446,-336],[-454,-332],[-448,4],[-2,312],[458,-6]],"c":true}]},{"i":{"x":0.328,"y":1},"o":{"x":1,"y":0},"t":138.297,"s":[{"i":[[0,0],[0,0],[0,0],[-264,10],[0,0]],"o":[[0,0],[0,0],[0,0],[264,-10],[0,0]],"v":[[446,-336],[-454,-332],[-448,4],[-2,312],[458,-6]],"c":true}]},{"t":147.98046875,"s":[{"i":[[0,0],[0,0],[0,0],[-264,10],[0,0]],"o":[[0,0],[0,0],[0,0],[264,-10],[0,0]],"v":[[446,-336],[-454,-332],[-448,4],[-2,-290],[458,-6]],"c":true}]}],"ix":2},"nm":"Path 1","mn":"ADBE Vector Shape - Group","hd":false},{"ty":"fl","c":{"a":0,"k":[1,1,1,1],"ix":4},"o":{"a":0,"k":100,"ix":5},"r":1,"bm":0,"nm":"Fill 1","mn":"ADBE Vector Graphic - Fill","hd":false},{"ty":"tr","p":{"a":0,"k":[0,0],"ix":2},"a":{"a":0,"k":[0,0],"ix":1},"s":{"a":0,"k":[100,100],"ix":3},"r":{"a":0,"k":0,"ix":6},"o":{"a":0,"k":100,"ix":7},"sk":{"a":0,"k":0,"ix":4},"sa":{"a":0,"k":0,"ix":5},"nm":"Transform"}],"nm":"Shape 1","np":3,"cix":2,"bm":0,"ix":1,"mn":"ADBE Vector Group","hd":false}],"ip":0,"op":238,"st":0,"bm":0},{"ddd":0,"ind":10,"ty":4,"nm":"eye","tt":2,"sr":1,"ks":{"o":{"a":0,"k":100,"ix":11},"r":{"a":0,"k":0,"ix":10},"p":{"a":0,"k":[512,512,0],"ix":2,"l":2},"a":{"a":0,"k":[512,512,0],"ix":1,"l":2},"s":{"a":0,"k":[100,100,100],"ix":6,"l":2}},"ao":0,"shapes":[{"ty":"gr","it":[{"ind":0,"ty":"sh","ix":1,"ks":{"a":0,"k":{"i":[[0,0],[-3.35,-6.093],[-274.985,0],[-34.063,61.975],[6.95,0.152],[0,0],[1.687,-2.921],[241.391,0],[97.32,100.972],[16.576,28.665],[3.373,-0.074]],"o":[[-6.951,0.152],[34.08,61.978],[274.988,0],[3.349,-6.093],[0,0],[-3.374,-0.075],[-40.057,69.365],[-118.117,0],[-51.69,-53.641],[-1.689,-2.919],[0,0]],"v":[[-458.587,-165.62],[-466.498,-151.908],[0.038,166.198],[466.499,-151.91],[458.588,-165.62],[435.707,-166.123],[427.495,-161.512],[0.038,127.382],[-324.546,-24.79],[-427.415,-161.516],[-435.625,-166.124]],"c":true},"ix":2},"nm":"Path 1","mn":"ADBE Vector Shape - Group","hd":false},{"ty":"fl","c":{"a":0,"k":[0.689999988032,0.745000023935,0.773000021542,1],"ix":4},"o":{"a":0,"k":100,"ix":5},"r":1,"bm":0,"nm":"Fill 1","mn":"ADBE Vector Graphic - Fill","hd":false},{"ty":"tr","p":{"a":0,"k":[514.502,677.292],"ix":2},"a":{"a":0,"k":[0,0],"ix":1},"s":{"a":0,"k":[100,100],"ix":3},"r":{"a":0,"k":0,"ix":6},"o":{"a":0,"k":100,"ix":7},"sk":{"a":0,"k":0,"ix":4},"sa":{"a":0,"k":0,"ix":5},"nm":"Transform"}],"nm":"Group 1","np":2,"cix":2,"bm":0,"ix":1,"mn":"ADBE Vector Group","hd":false},{"ty":"gr","it":[{"ind":0,"ty":"sh","ix":1,"ks":{"a":0,"k":{"i":[[270.05,0],[26.831,49.612],[-286.005,0],[-24.37,-49.851]],"o":[[-270.13,0],[24.37,-49.772],[286.006,0],[-26.831,49.612]],"v":[[0,312.121],[-451.989,-0.475],[0,-312.121],[451.989,-0.475]],"c":true},"ix":2},"nm":"Path 1","mn":"ADBE Vector Shape - Group","hd":false},{"ty":"fl","c":{"a":0,"k":[0.980000035903,0.980000035903,0.980000035903,1],"ix":4},"o":{"a":0,"k":100,"ix":5},"r":1,"bm":0,"nm":"Fill 1","mn":"ADBE Vector Graphic - Fill","hd":false},{"ty":"tr","p":{"a":0,"k":[514.54,512],"ix":2},"a":{"a":0,"k":[0,0],"ix":1},"s":{"a":0,"k":[100,100],"ix":3},"r":{"a":0,"k":0,"ix":6},"o":{"a":0,"k":100,"ix":7},"sk":{"a":0,"k":0,"ix":4},"sa":{"a":0,"k":0,"ix":5},"nm":"Transform"}],"nm":"Group 2","np":2,"cix":2,"bm":0,"ix":2,"mn":"ADBE Vector Group","hd":false}],"ip":0,"op":238,"st":0,"bm":0}],"markers":[{"tm":0,"cm":"rest","dr":0}]}