{"v":"5.8.1","fr":60,"ip":0,"op":144,"w":1024,"h":1024,"nm":"emoji_Light bulb ","ddd":0,"assets":[],"layers":[{"ddd":0,"ind":1,"ty":4,"nm":"shine 1","parent":5,"sr":1,"ks":{"o":{"a":0,"k":100,"ix":11},"r":{"a":0,"k":0,"ix":10},"p":{"a":0,"k":[120.942,-407.457,0],"ix":2,"l":2},"a":{"a":0,"k":[121.81,134.45,0],"ix":1,"l":2},"s":{"a":0,"k":[100,100,100],"ix":6,"l":2}},"ao":0,"shapes":[{"ty":"gr","it":[{"ind":0,"ty":"sh","ix":1,"ks":{"a":0,"k":{"i":[[-50.24,12.32],[-22.4,-27.2],[-1.12,-9.92],[14.08,-13.28],[25.92,-52.32],[9.28,-10],[12.08,6.4],[3.6,6.32],[-20,41.92]],"o":[[31.28,-7.68],[6.32,7.68],[2.24,19.12],[-40.16,37.92],[-6.08,12.24],[-9.28,10],[-6.4,-3.36],[-22.72,-40.48],[22,-45.92]],"v":[[20.6,-126.52],[107,-103.16],[119.32,-76.44],[95.64,-25.96],[-27.48,82.68],[-47.64,118.12],[-84.44,127.8],[-98.84,111.8],[-99.88,-22.2]],"c":true},"ix":2},"nm":"Path 1","mn":"ADBE Vector Shape - Group","hd":false},{"ty":"fl","c":{"a":1,"k":[{"i":{"x":[0.667],"y":[1]},"o":{"x":[0.333],"y":[0]},"t":26,"s":[1,1,1,1]},{"i":{"x":[0.667],"y":[1]},"o":{"x":[0.333],"y":[0]},"t":34,"s":[1,1,0.552999997606,1]},{"t":44,"s":[1,1,0.552999997606,1]}],"ix":4},"o":{"a":0,"k":100,"ix":5},"r":1,"bm":0,"nm":"Fill 1","mn":"ADBE Vector Graphic - Fill","hd":false},{"ty":"tr","p":{"a":0,"k":[121.81,134.45],"ix":2},"a":{"a":0,"k":[0,0],"ix":1},"s":{"a":0,"k":[100,100],"ix":3},"r":{"a":0,"k":0,"ix":6},"o":{"a":0,"k":100,"ix":7},"sk":{"a":0,"k":0,"ix":4},"sa":{"a":0,"k":0,"ix":5},"nm":"Transform"}],"nm":"Group 1","np":2,"cix":2,"bm":0,"ix":1,"mn":"ADBE Vector Group","hd":false}],"ip":0,"op":144,"st":0,"bm":0},{"ddd":0,"ind":2,"ty":4,"nm":"filament 2","parent":5,"sr":1,"ks":{"o":{"a":0,"k":100,"ix":11},"r":{"a":0,"k":0,"ix":10},"p":{"a":0,"k":[254.262,-230.457,0],"ix":2,"l":2},"a":{"a":0,"k":[177.6,150.48,0],"ix":1,"l":2},"s":{"a":0,"k":[100,100,100],"ix":6,"l":2}},"ao":0,"shapes":[{"ty":"gr","it":[{"ind":0,"ty":"sh","ix":1,"ks":{"a":0,"k":{"i":[[0,0],[34.96,-6.32],[-35.76,23.44],[54.4,0.64],[-36.96,23.76],[58.56,0],[0,0]],"o":[[27.52,-54.4],[-58.96,10.64],[35.76,-23.44],[-54.4,-0.64],[29.2,-18.8],[-49.84,0],[0,0]],"v":[[-85.36,68.08],[-78.64,-104.16],[-29.2,87.04],[-3.52,-104.4],[37.12,85.12],[79.04,-104.16],[80.56,63.6]],"c":false},"ix":2},"nm":"Path 1","mn":"ADBE Vector Shape - Group","hd":false},{"ty":"st","c":{"a":1,"k":[{"i":{"x":[0.667],"y":[1]},"o":{"x":[0.333],"y":[0]},"t":26,"s":[0.443137288094,0.443137288094,0.443137288094,1]},{"i":{"x":[0.667],"y":[1]},"o":{"x":[0.333],"y":[0]},"t":28,"s":[1,1,0.552941203117,1]},{"i":{"x":[0.667],"y":[1]},"o":{"x":[0.333],"y":[0]},"t":32,"s":[0.698039233685,0.698039233685,0.698039233685,1]},{"i":{"x":[0.667],"y":[1]},"o":{"x":[0.333],"y":[0]},"t":36,"s":[1,1,0.552941203117,1]},{"i":{"x":[0.667],"y":[1]},"o":{"x":[0.333],"y":[0]},"t":40,"s":[0.729411780834,0.729411780834,0.729411780834,1]},{"i":{"x":[0.667],"y":[1]},"o":{"x":[0.333],"y":[0]},"t":44,"s":[1,1,0.552941203117,1]},{"t":50,"s":[1,1,1,1]}],"ix":3},"o":{"a":0,"k":100,"ix":4},"w":{"a":0,"k":16,"ix":5},"lc":1,"lj":1,"ml":10,"bm":0,"nm":"Stroke 1","mn":"ADBE Vector Graphic - Stroke","hd":false},{"ty":"tr","p":{"a":0,"k":[177.6,150.48],"ix":2},"a":{"a":0,"k":[0,0],"ix":1},"s":{"a":0,"k":[100,100],"ix":3},"r":{"a":0,"k":0,"ix":6},"o":{"a":0,"k":100,"ix":7},"sk":{"a":0,"k":0,"ix":4},"sa":{"a":0,"k":0,"ix":5},"nm":"Transform"}],"nm":"Group 1","np":2,"cix":2,"bm":0,"ix":1,"mn":"ADBE Vector Group","hd":false}],"ip":0,"op":144,"st":0,"bm":0},{"ddd":0,"ind":3,"ty":4,"nm":"shine 1","parent":5,"sr":1,"ks":{"o":{"a":0,"k":100,"ix":11},"r":{"a":0,"k":0,"ix":10},"p":{"a":0,"k":[121.862,14.023,0],"ix":2,"l":2},"a":{"a":0,"k":[52.17,44.011,0],"ix":1,"l":2},"s":{"a":0,"k":[100,100,100],"ix":6,"l":2}},"ao":0,"shapes":[{"ty":"gr","it":[{"ind":0,"ty":"sh","ix":1,"ks":{"a":0,"k":{"i":[[-28,-2.88],[-6.16,3.92],[2.48,6.88],[2.72,2.721],[5.92,5.92],[7.2,6],[14.64,-6.8],[-5.52,-11.92]],"o":[[7.28,0.721],[6.16,-3.92],[-1.28,-3.599],[-6,-5.92],[-6.64,-6.639],[-11.12,-9.28],[-12.48,5.761],[11.76,25.04]],"v":[[20.72,43.039],[41.84,39.199],[49.44,20.4],[42.64,11.199],[24.72,-6.56],[4.24,-25.76],[-36.48,-36.961],[-46.4,-7.921]],"c":true},"ix":2},"nm":"Path 1","mn":"ADBE Vector Shape - Group","hd":false},{"ty":"fl","c":{"a":1,"k":[{"i":{"x":[0.667],"y":[1]},"o":{"x":[0.333],"y":[0]},"t":26,"s":[1,1,1,1]},{"i":{"x":[0.667],"y":[1]},"o":{"x":[0.333],"y":[0]},"t":32,"s":[1,1,0.552999997606,1]},{"t":44,"s":[1,1,0.552999997606,1]}],"ix":4},"o":{"a":0,"k":100,"ix":5},"r":1,"bm":0,"nm":"Fill 1","mn":"ADBE Vector Graphic - Fill","hd":false},{"ty":"tr","p":{"a":0,"k":[52.17,44.011],"ix":2},"a":{"a":0,"k":[0,0],"ix":1},"s":{"a":0,"k":[100,100],"ix":3},"r":{"a":0,"k":0,"ix":6},"o":{"a":0,"k":100,"ix":7},"sk":{"a":0,"k":0,"ix":4},"sa":{"a":0,"k":0,"ix":5},"nm":"Transform"}],"nm":"Group 1","np":2,"cix":2,"bm":0,"ix":1,"mn":"ADBE Vector Group","hd":false}],"ip":0,"op":144,"st":0,"bm":0},{"ddd":0,"ind":4,"ty":4,"nm":"shine","parent":5,"sr":1,"ks":{"o":{"a":0,"k":100,"ix":11},"r":{"a":0,"k":0,"ix":10},"p":{"a":0,"k":[254.582,120.583,0],"ix":2,"l":2},"a":{"a":0,"k":[147.77,19.37,0],"ix":1,"l":2},"s":{"a":0,"k":[100,100,100],"ix":6,"l":2}},"ao":0,"shapes":[{"ty":"gr","it":[{"ind":0,"ty":"sh","ix":1,"ks":{"a":0,"k":{"i":[[21.84,9.84],[-7.68,-0.561],[-58,0],[-31.36,3.361],[7.12,-3.28],[75.84,0]],"o":[[-7.04,-3.2],[25.76,2],[61.12,0],[7.76,-0.799],[-24.16,11.361],[-74,0]],"v":[[-140.48,-1.68],[-137.04,-14.88],[-9.44,-10.401],[136.8,-18.321],[140.4,-5.201],[-3.84,19.12]],"c":true},"ix":2},"nm":"Path 1","mn":"ADBE Vector Shape - Group","hd":false},{"ty":"fl","c":{"a":1,"k":[{"i":{"x":[0.667],"y":[1]},"o":{"x":[0.333],"y":[0]},"t":26,"s":[0.580392181873,0.819607913494,0.8784314394,1]},{"t":40,"s":[1,0.838999968884,0,1]}],"ix":4},"o":{"a":0,"k":100,"ix":5},"r":1,"bm":0,"nm":"Fill 1","mn":"ADBE Vector Graphic - Fill","hd":false},{"ty":"tr","p":{"a":0,"k":[147.77,19.37],"ix":2},"a":{"a":0,"k":[0,0],"ix":1},"s":{"a":0,"k":[100,100],"ix":3},"r":{"a":0,"k":0,"ix":6},"o":{"a":0,"k":100,"ix":7},"sk":{"a":0,"k":0,"ix":4},"sa":{"a":0,"k":0,"ix":5},"nm":"Transform"}],"nm":"Group 1","np":2,"cix":2,"bm":0,"ix":1,"mn":"ADBE Vector Group","hd":false}],"ip":0,"op":144,"st":0,"bm":0},{"ddd":0,"ind":5,"ty":4,"nm":"light base 2","sr":1,"ks":{"o":{"a":0,"k":100,"ix":11},"r":{"a":0,"k":0,"ix":10},"p":{"a":0,"k":[512,524.393,0],"ix":2,"l":2},"a":{"a":0,"k":[254.502,-92.144,0],"ix":1,"l":2},"s":{"a":0,"k":[100,100,100],"ix":6,"l":2}},"ao":0,"shapes":[{"ty":"gr","it":[{"ind":0,"ty":"sh","ix":1,"ks":{"a":0,"k":{"i":[[15.28,-5.439],[2.72,-4.961],[-0.4,-2.081],[-2.8,-1.36],[-6.16,-0.08],[-12.56,2.4],[-3.36,1.841],[-0.56,3.76],[4.4,2.4]],"o":[[-5.36,1.92],[-0.96,1.839],[0.64,3.04],[5.6,2.72],[12.72,0.159],[3.76,-0.72],[3.36,-1.84],[0.8,-5.04],[-15.2,-8.32]],"v":[[-25.48,-7.04],[-39.08,2.481],[-40.2,8.481],[-33.96,15.04],[-15.88,18.561],[22.04,13.92],[33,10.64],[39.8,1.92],[32.6,-10.4]],"c":true},"ix":2},"nm":"Path 1","mn":"ADBE Vector Shape - Group","hd":false},{"ty":"fl","c":{"a":0,"k":[0.579999976065,0.819999964097,0.877999997606,1],"ix":4},"o":{"a":0,"k":100,"ix":5},"r":1,"bm":0,"nm":"Fill 1","mn":"ADBE Vector Graphic - Fill","hd":false},{"ty":"tr","p":{"a":0,"k":[195.422,259.463],"ix":2},"a":{"a":0,"k":[0,0],"ix":1},"s":{"a":0,"k":[100,100],"ix":3},"r":{"a":0,"k":0,"ix":6},"o":{"a":0,"k":100,"ix":7},"sk":{"a":0,"k":0,"ix":4},"sa":{"a":0,"k":0,"ix":5},"nm":"Transform"}],"nm":"Group 1","np":2,"cix":2,"bm":0,"ix":1,"mn":"ADBE Vector Group","hd":false},{"ty":"gr","it":[{"ind":0,"ty":"sh","ix":1,"ks":{"a":0,"k":{"i":[[15.36,-5.521],[2.72,-4.96],[-0.4,-2.081],[-2.8,-1.36],[-6.16,-0.08],[-12.56,2.399],[-3.36,1.84],[-0.56,3.76],[4.4,2.4]],"o":[[-5.36,1.92],[-0.96,1.839],[0.64,3.04],[5.6,2.72],[12.72,0.16],[3.76,-0.72],[3.36,-1.84],[0.8,-5.04],[-15.2,-8.401]],"v":[[-25.48,-7],[-39.08,2.52],[-40.2,8.52],[-33.96,15.08],[-15.88,18.6],[22.04,13.96],[33,10.68],[39.8,1.96],[32.6,-10.359]],"c":true},"ix":2},"nm":"Path 1","mn":"ADBE Vector Shape - Group","hd":false},{"ty":"fl","c":{"a":0,"k":[0.579999976065,0.819999964097,0.877999997606,1],"ix":4},"o":{"a":0,"k":100,"ix":5},"r":1,"bm":0,"nm":"Fill 1","mn":"ADBE Vector Graphic - Fill","hd":false},{"ty":"tr","p":{"a":0,"k":[183.502,206.703],"ix":2},"a":{"a":0,"k":[0,0],"ix":1},"s":{"a":0,"k":[100,100],"ix":3},"r":{"a":0,"k":0,"ix":6},"o":{"a":0,"k":100,"ix":7},"sk":{"a":0,"k":0,"ix":4},"sa":{"a":0,"k":0,"ix":5},"nm":"Transform"}],"nm":"Group 2","np":2,"cix":2,"bm":0,"ix":2,"mn":"ADBE Vector Group","hd":false},{"ty":"gr","it":[{"ind":0,"ty":"sh","ix":1,"ks":{"a":0,"k":{"i":[[0,0],[-122.4,0],[0,0]],"o":[[0,0],[122.4,0],[0,0]],"v":[[-174.56,-11.12],[-0.48,11.12],[174.56,-11.12]],"c":false},"ix":2},"nm":"Path 1","mn":"ADBE Vector Shape - Group","hd":false},{"ty":"st","c":{"a":0,"k":[0.510000011968,0.681999954523,0.752999997606,1],"ix":3},"o":{"a":0,"k":100,"ix":4},"w":{"a":0,"k":31.977,"ix":5},"lc":2,"lj":1,"ml":10,"bm":0,"nm":"Stroke 1","mn":"ADBE Vector Graphic - Stroke","hd":false},{"ty":"tr","p":{"a":0,"k":[254.502,91.062],"ix":2},"a":{"a":0,"k":[0,0],"ix":1},"s":{"a":0,"k":[100,100],"ix":3},"r":{"a":0,"k":0,"ix":6},"o":{"a":0,"k":100,"ix":7},"sk":{"a":0,"k":0,"ix":4},"sa":{"a":0,"k":0,"ix":5},"nm":"Transform"}],"nm":"Group 3","np":2,"cix":2,"bm":0,"ix":3,"mn":"ADBE Vector Group","hd":false},{"ty":"gr","it":[{"ind":0,"ty":"sh","ix":1,"ks":{"a":0,"k":{"i":[[0,0],[53.04,-1.279],[0,0],[-119.6,0],[0,0],[62.8,7.119],[-6.4,0.799],[-36.4,7.52]],"o":[[-104.72,22.72],[0,0],[0,0],[119.6,0],[0,0],[-6.4,-0.721],[37.52,-4.96],[0,0]],"v":[[127.88,-48.4],[-127.88,-18.56],[-124.44,-2.24],[-3.16,48.4],[118.12,-2.24],[4.28,5.201],[4.2,-4.879],[122.92,-24.72]],"c":true},"ix":2},"nm":"Path 1","mn":"ADBE Vector Shape - Group","hd":false},{"ty":"fl","c":{"a":0,"k":[0.184000007779,0.470999983245,0.536999990426,1],"ix":4},"o":{"a":0,"k":100,"ix":5},"r":1,"bm":0,"nm":"Fill 1","mn":"ADBE Vector Graphic - Fill","hd":false},{"ty":"tr","p":{"a":0,"k":[257.102,299.783],"ix":2},"a":{"a":0,"k":[0,0],"ix":1},"s":{"a":0,"k":[100,100],"ix":3},"r":{"a":0,"k":0,"ix":6},"o":{"a":0,"k":100,"ix":7},"sk":{"a":0,"k":0,"ix":4},"sa":{"a":0,"k":0,"ix":5},"nm":"Transform"}],"nm":"Group 4","np":2,"cix":2,"bm":0,"ix":4,"mn":"ADBE Vector Group","hd":false},{"ty":"gr","it":[{"ind":0,"ty":"sh","ix":1,"ks":{"a":0,"k":{"i":[[0,0],[-113.12,24.56],[0,0],[50,-0.64]],"o":[[51.52,-0.88],[0,0],[-118.32,26.88],[0,0]],"v":[[-135.16,27.16],[134.76,-3.4],[139.8,-27.16],[-139.8,5.16]],"c":true},"ix":2},"nm":"Path 1","mn":"ADBE Vector Shape - Group","hd":false},{"ty":"fl","c":{"a":0,"k":[0.184000007779,0.470999983245,0.536999990426,1],"ix":4},"o":{"a":0,"k":100,"ix":5},"r":1,"bm":0,"nm":"Fill 1","mn":"ADBE Vector Graphic - Fill","hd":false},{"ty":"tr","p":{"a":0,"k":[257.422,220.863],"ix":2},"a":{"a":0,"k":[0,0],"ix":1},"s":{"a":0,"k":[100,100],"ix":3},"r":{"a":0,"k":0,"ix":6},"o":{"a":0,"k":100,"ix":7},"sk":{"a":0,"k":0,"ix":4},"sa":{"a":0,"k":0,"ix":5},"nm":"Transform"}],"nm":"Group 5","np":2,"cix":2,"bm":0,"ix":5,"mn":"ADBE Vector Group","hd":false},{"ty":"gr","it":[{"ind":0,"ty":"sh","ix":1,"ks":{"a":0,"k":{"i":[[141.6,5.92],[0,0],[-119.28,18.96],[28.56,-4]],"o":[[0,0],[46.56,-0.24],[21.52,-4.881],[0,-0.081]],"v":[[-139.84,-8.28],[-135.52,14.68],[92.48,-2.2],[111.28,-12.76]],"c":true},"ix":2},"nm":"Path 1","mn":"ADBE Vector Shape - Group","hd":false},{"ty":"fl","c":{"a":0,"k":[0.184000007779,0.470999983245,0.536999990426,1],"ix":4},"o":{"a":0,"k":100,"ix":5},"r":1,"bm":0,"nm":"Fill 1","mn":"ADBE Vector Graphic - Fill","hd":false},{"ty":"tr","p":{"a":0,"k":[246.102,178.143],"ix":2},"a":{"a":0,"k":[0,0],"ix":1},"s":{"a":0,"k":[100,100],"ix":3},"r":{"a":0,"k":0,"ix":6},"o":{"a":0,"k":100,"ix":7},"sk":{"a":0,"k":0,"ix":4},"sa":{"a":0,"k":0,"ix":5},"nm":"Transform"}],"nm":"Group 6","np":2,"cix":2,"bm":0,"ix":6,"mn":"ADBE Vector Group","hd":false},{"ty":"gr","it":[{"ind":0,"ty":"sh","ix":1,"ks":{"a":0,"k":{"i":[[0,0],[129.04,0],[0,0],[-9.52,-18.641],[0,0],[0,0],[0,0],[-5.52,-6.16],[0,0],[0,0],[0,0],[-6.24,-6.4],[0,0],[0,0],[-102.24,0],[0,0],[0,0],[0,0],[2,5.441],[0,0],[0,0],[0,0],[2.8,5.6],[0,0],[0,0],[0,0],[2.08,5.359],[-3.28,3.12],[-4.8,9.04]],"o":[[0,0],[-129.04,0],[0,0],[11.44,22.399],[0,0],[0,0],[-2.48,7.84],[0,0],[0,0],[0,0],[-3.04,8.401],[0,0],[0,0],[0,0],[102.24,0],[0,0],[0,0],[4.16,-4.08],[0,0],[0,0],[0,0],[4.32,-4.559],[0,0],[0,0],[0,0],[4.72,-5.2],[-1.6,-4.24],[5.04,-4.8],[9.84,-18.321]],"v":[[175,-129.08],[-0.12,-106.84],[-175.24,-129.08],[-168.6,-69.319],[-148.36,-39.159],[-143.56,-16.359],[-145.48,-10.359],[-140.68,12.28],[-136.52,16.921],[-131.88,38.841],[-133.48,43.24],[-128.2,67.4],[-125.16,70.521],[-121.4,88.441],[-0.12,129.08],[121.16,88.441],[121.48,86.92],[123.56,84.841],[127.08,69.24],[125.88,66.12],[130.84,42.441],[139.56,33.24],[142.04,16.36],[138.04,8.441],[143.08,-15.319],[146.28,-17.8],[149,-36.199],[151.96,-48.359],[168.28,-69.479]],"c":true},"ix":2},"nm":"Path 1","mn":"ADBE Vector Shape - Group","hd":false},{"ty":"fl","c":{"a":0,"k":[0.510000011968,0.681999954523,0.752999997606,1],"ix":4},"o":{"a":0,"k":100,"ix":5},"r":1,"bm":0,"nm":"Fill 1","mn":"ADBE Vector Graphic - Fill","hd":false},{"ty":"tr","p":{"a":0,"k":[254.623,209.022],"ix":2},"a":{"a":0,"k":[0,0],"ix":1},"s":{"a":0,"k":[100,100],"ix":3},"r":{"a":0,"k":0,"ix":6},"o":{"a":0,"k":100,"ix":7},"sk":{"a":0,"k":0,"ix":4},"sa":{"a":0,"k":0,"ix":5},"nm":"Transform"}],"nm":"Group 7","np":2,"cix":2,"bm":0,"ix":7,"mn":"ADBE Vector Group","hd":false},{"ty":"gr","it":[{"ind":0,"ty":"sh","ix":1,"ks":{"a":0,"k":{"i":[[-53.417,0],[0,-31.502],[53.417,0],[0,31.502]],"o":[[53.417,0],[0,31.502],[-53.417,0],[0,-31.502]],"v":[[0,-57.04],[96.72,0],[0,57.04],[-96.72,0]],"c":true},"ix":2},"nm":"Path 1","mn":"ADBE Vector Shape - Group","hd":false},{"ty":"fl","c":{"a":0,"k":[0.258999992819,0.258999992819,0.258999992819,1],"ix":4},"o":{"a":0,"k":100,"ix":5},"r":1,"bm":0,"nm":"Fill 1","mn":"ADBE Vector Graphic - Fill","hd":false},{"ty":"tr","p":{"a":0,"k":[254.502,318.423],"ix":2},"a":{"a":0,"k":[0,0],"ix":1},"s":{"a":0,"k":[100,100],"ix":3},"r":{"a":0,"k":0,"ix":6},"o":{"a":0,"k":100,"ix":7},"sk":{"a":0,"k":0,"ix":4},"sa":{"a":0,"k":0,"ix":5},"nm":"Transform"}],"nm":"Group 8","np":2,"cix":2,"bm":0,"ix":8,"mn":"ADBE Vector Group","hd":false}],"ip":0,"op":144,"st":0,"bm":0},{"ddd":0,"ind":6,"ty":4,"nm":"filament","parent":5,"sr":1,"ks":{"o":{"a":0,"k":100,"ix":11},"r":{"a":0,"k":0,"ix":10},"p":{"a":0,"k":[251.862,-29.497,0],"ix":2,"l":2},"a":{"a":0,"k":[140.8,177.36,0],"ix":1,"l":2},"s":{"a":0,"k":[100,100,100],"ix":6,"l":2}},"ao":0,"shapes":[{"ty":"gr","it":[{"ind":0,"ty":"sh","ix":1,"ks":{"a":0,"k":{"i":[[0,0],[7.6,-17.2],[4.4,-3.44],[0,0]],"o":[[0,0],[-5.68,12.8],[-20.4,16],[0,0]],"v":[[18.2,-137.36],[28.52,-81.76],[-15.72,-44.88],[-9,137.36]],"c":false},"ix":2},"nm":"Path 1","mn":"ADBE Vector Shape - Group","hd":false},{"ty":"st","c":{"a":1,"k":[{"i":{"x":[0.667],"y":[1]},"o":{"x":[0.333],"y":[0]},"t":26,"s":[0.443137288094,0.443137288094,0.443137288094,1]},{"i":{"x":[0.667],"y":[1]},"o":{"x":[0.333],"y":[0]},"t":32,"s":[0.819607913494,0.615686297417,0,1]},{"i":{"x":[0.667],"y":[1]},"o":{"x":[0.333],"y":[0]},"t":36,"s":[0.729411780834,0.724263012409,0.583529412746,1]},{"i":{"x":[0.667],"y":[1]},"o":{"x":[0.333],"y":[0]},"t":38,"s":[0.819607913494,0.615686297417,0,1]},{"t":44,"s":[0.698000021542,0.395999983245,0,1]}],"ix":3},"o":{"a":0,"k":100,"ix":4},"w":{"a":0,"k":16,"ix":5},"lc":1,"lj":1,"ml":10,"bm":0,"nm":"Stroke 1","mn":"ADBE Vector Graphic - Stroke","hd":false},{"ty":"tr","p":{"a":0,"k":[205.48,177.36],"ix":2},"a":{"a":0,"k":[0,0],"ix":1},"s":{"a":0,"k":[100,100],"ix":3},"r":{"a":0,"k":0,"ix":6},"o":{"a":0,"k":100,"ix":7},"sk":{"a":0,"k":0,"ix":4},"sa":{"a":0,"k":0,"ix":5},"nm":"Transform"}],"nm":"Group 1","np":2,"cix":2,"bm":0,"ix":1,"mn":"ADBE Vector Group","hd":false},{"ty":"gr","it":[{"ind":0,"ty":"sh","ix":1,"ks":{"a":0,"k":{"i":[[0,0],[-6.72,-11.52],[0,-24.64],[0,0]],"o":[[-4.96,12.48],[15.6,26.799],[0,37.599],[0,0]],"v":[[-11.92,-135.08],[-23.04,-85.4],[29.76,-24.36],[2.4,135.08]],"c":false},"ix":2},"nm":"Path 1","mn":"ADBE Vector Shape - Group","hd":false},{"ty":"st","c":{"a":1,"k":[{"i":{"x":[0.667],"y":[1]},"o":{"x":[0.333],"y":[0]},"t":26,"s":[0.443137288094,0.443137288094,0.443137288094,1]},{"i":{"x":[0.667],"y":[1]},"o":{"x":[0.333],"y":[0]},"t":32,"s":[0.819607913494,0.615686297417,0,1]},{"i":{"x":[0.667],"y":[1]},"o":{"x":[0.333],"y":[0]},"t":36,"s":[0.729411780834,0.724263012409,0.583529412746,1]},{"i":{"x":[0.667],"y":[1]},"o":{"x":[0.333],"y":[0]},"t":38,"s":[0.819607913494,0.615686297417,0,1]},{"t":44,"s":[0.698000021542,0.395999983245,0,1]}],"ix":3},"o":{"a":0,"k":100,"ix":4},"w":{"a":0,"k":16,"ix":5},"lc":1,"lj":1,"ml":10,"bm":0,"nm":"Stroke 1","mn":"ADBE Vector Graphic - Stroke","hd":false},{"ty":"tr","p":{"a":0,"k":[69.76,179.56],"ix":2},"a":{"a":0,"k":[0,0],"ix":1},"s":{"a":0,"k":[100,100],"ix":3},"r":{"a":0,"k":0,"ix":6},"o":{"a":0,"k":100,"ix":7},"sk":{"a":0,"k":0,"ix":4},"sa":{"a":0,"k":0,"ix":5},"nm":"Transform"}],"nm":"Group 2","np":2,"cix":2,"bm":0,"ix":2,"mn":"ADBE Vector Group","hd":false}],"ip":0,"op":144,"st":0,"bm":0},{"ddd":0,"ind":7,"ty":4,"nm":"light base 1","parent":5,"sr":1,"ks":{"o":{"a":0,"k":100,"ix":11},"r":{"a":0,"k":0,"ix":10},"p":{"a":0,"k":[254.502,72.503,0],"ix":2,"l":2},"a":{"a":0,"k":[128.17,16.73,0],"ix":1,"l":2},"s":{"a":0,"k":[100,100,100],"ix":6,"l":2}},"ao":0,"shapes":[{"ty":"gr","it":[{"ind":0,"ty":"sh","ix":1,"ks":{"a":0,"k":{"i":[[-70.648,0],[0,-9.101],[70.648,0],[0,9.102]],"o":[[70.648,0],[0,9.102],[-70.648,0],[0,-9.101]],"v":[[0,-16.48],[127.92,0],[0,16.48],[-127.92,0]],"c":true},"ix":2},"nm":"Path 1","mn":"ADBE Vector Shape - Group","hd":false},{"ty":"fl","c":{"a":1,"k":[{"i":{"x":[0.667],"y":[1]},"o":{"x":[0.333],"y":[0]},"t":26,"s":[0.670588254929,0.670588254929,0.670588254929,1]},{"i":{"x":[0.667],"y":[1]},"o":{"x":[0.333],"y":[0]},"t":32,"s":[1,0.839215755463,0,1]},{"i":{"x":[0.667],"y":[1]},"o":{"x":[0.333],"y":[0]},"t":36,"s":[1,0.839215755463,0,1]},{"t":52,"s":[1,0.626999978458,0,1]}],"ix":4},"o":{"a":0,"k":100,"ix":5},"r":1,"bm":0,"nm":"Fill 1","mn":"ADBE Vector Graphic - Fill","hd":false},{"ty":"tr","p":{"a":0,"k":[128.17,16.73],"ix":2},"a":{"a":0,"k":[0,0],"ix":1},"s":{"a":0,"k":[100,100],"ix":3},"r":{"a":0,"k":0,"ix":6},"o":{"a":0,"k":100,"ix":7},"sk":{"a":0,"k":0,"ix":4},"sa":{"a":0,"k":0,"ix":5},"nm":"Transform"}],"nm":"Group 1","np":2,"cix":2,"bm":0,"ix":1,"mn":"ADBE Vector Group","hd":false}],"ip":0,"op":144,"st":0,"bm":0},{"ddd":0,"ind":8,"ty":4,"nm":"light base","parent":5,"sr":1,"ks":{"o":{"a":0,"k":100,"ix":11},"r":{"a":0,"k":0,"ix":10},"p":{"a":0,"k":[254.502,72.503,0],"ix":2,"l":2},"a":{"a":0,"k":[175.77,35.93,0],"ix":1,"l":2},"s":{"a":0,"k":[100,100,100],"ix":6,"l":2}},"ao":0,"shapes":[{"ty":"gr","it":[{"ind":0,"ty":"sh","ix":1,"ks":{"a":0,"k":{"i":[[-96.937,0],[0,-19.705],[96.937,0],[0,19.705]],"o":[[96.937,0],[0,19.705],[-96.937,0],[0,-19.705]],"v":[[0,-35.68],[175.52,0.001],[0,35.68],[-175.52,0.001]],"c":true},"ix":2},"nm":"Path 1","mn":"ADBE Vector Shape - Group","hd":false},{"ty":"fl","c":{"a":1,"k":[{"i":{"x":[0.667],"y":[1]},"o":{"x":[0.333],"y":[0]},"t":26,"s":[0.443137288094,0.443137288094,0.443137288094,1]},{"i":{"x":[0.667],"y":[1]},"o":{"x":[0.333],"y":[0]},"t":32,"s":[0.819607913494,0.615686297417,0,1]},{"i":{"x":[0.667],"y":[1]},"o":{"x":[0.333],"y":[0]},"t":38,"s":[0.819607913494,0.615686297417,0,1]},{"t":44,"s":[0.698000021542,0.395999983245,0,1]}],"ix":4},"o":{"a":0,"k":100,"ix":5},"r":1,"bm":0,"nm":"Fill 2","mn":"ADBE Vector Graphic - Fill","hd":false},{"ty":"fl","c":{"a":1,"k":[{"i":{"x":[0.667],"y":[1]},"o":{"x":[0.333],"y":[0]},"t":26,"s":[0.443137288094,0.443137288094,0.443137288094,1]},{"i":{"x":[0.667],"y":[1]},"o":{"x":[0.333],"y":[0]},"t":32,"s":[0.698000021542,0.395999983245,0,1]},{"t":44,"s":[0.698000021542,0.395999983245,0,1]}],"ix":4},"o":{"a":0,"k":100,"ix":5},"r":1,"bm":0,"nm":"Fill 1","mn":"ADBE Vector Graphic - Fill","hd":false},{"ty":"tr","p":{"a":0,"k":[175.77,35.93],"ix":2},"a":{"a":0,"k":[0,0],"ix":1},"s":{"a":0,"k":[100,100],"ix":3},"r":{"a":0,"k":0,"ix":6},"o":{"a":0,"k":100,"ix":7},"sk":{"a":0,"k":0,"ix":4},"sa":{"a":0,"k":0,"ix":5},"nm":"Transform"}],"nm":"Group 1","np":3,"cix":2,"bm":0,"ix":1,"mn":"ADBE Vector Group","hd":false}],"ip":0,"op":144,"st":0,"bm":0},{"ddd":0,"ind":9,"ty":4,"nm":"light glass","parent":5,"sr":1,"ks":{"o":{"a":0,"k":100,"ix":11},"r":{"a":0,"k":0,"ix":10},"p":{"a":0,"k":[254.502,-241.177,0],"ix":2,"l":2},"a":{"a":0,"k":[305.69,343.61,0],"ix":1,"l":2},"s":{"a":0,"k":[100,100,100],"ix":6,"l":2}},"ao":0,"shapes":[{"ty":"gr","it":[{"ind":0,"ty":"sh","ix":1,"ks":{"a":0,"k":{"i":[[168.64,0],[0,-154.56],[-17.84,-38],[-8,-14.56],[-6.16,-26.72],[-143.52,0],[-12.88,46],[-22.16,40.4],[-25.12,53.52],[0,40.32]],"o":[[-168.64,0],[0,40.32],[25.04,53.44],[22.24,40.48],[11.6,49.92],[143.52,0],[8.8,-31.28],[8,-14.56],[17.84,-38],[0.16,-154.56]],"v":[[0,-343.36],[-305.44,-63.44],[-275.44,58],[-215.12,165.52],[-189.92,275.36],[-0.08,343.36],[187.2,280.16],[209.6,174.32],[275.28,58],[305.28,-63.44]],"c":true},"ix":2},"nm":"Path 1","mn":"ADBE Vector Shape - Group","hd":false},{"ty":"fl","c":{"a":1,"k":[{"i":{"x":[0.667],"y":[1]},"o":{"x":[0.333],"y":[0]},"t":26,"s":[0.796078443527,0.796078443527,0.796078443527,1]},{"i":{"x":[0.667],"y":[1]},"o":{"x":[0.333],"y":[0]},"t":34,"s":[1,0.838999968884,0,1]},{"t":44,"s":[1,0.838999968884,0,1]}],"ix":4},"o":{"a":0,"k":100,"ix":5},"r":1,"bm":0,"nm":"Fill 1","mn":"ADBE Vector Graphic - Fill","hd":false},{"ty":"tr","p":{"a":0,"k":[305.69,343.61],"ix":2},"a":{"a":0,"k":[0,0],"ix":1},"s":{"a":0,"k":[100,100],"ix":3},"r":{"a":0,"k":0,"ix":6},"o":{"a":0,"k":100,"ix":7},"sk":{"a":0,"k":0,"ix":4},"sa":{"a":0,"k":0,"ix":5},"nm":"Transform"}],"nm":"Group 1","np":2,"cix":2,"bm":0,"ix":1,"mn":"ADBE Vector Group","hd":false}],"ip":0,"op":144,"st":0,"bm":0},{"ddd":0,"ind":10,"ty":4,"nm":"glow","parent":5,"sr":1,"ks":{"o":{"a":1,"k":[{"i":{"x":[0.667],"y":[1]},"o":{"x":[0.333],"y":[0]},"t":24,"s":[0]},{"i":{"x":[0.82],"y":[1]},"o":{"x":[0.956],"y":[0]},"t":32,"s":[20]},{"t":54,"s":[0]}],"ix":11},"r":{"a":0,"k":0,"ix":10},"p":{"a":0,"k":[254.422,-220.378,0],"ix":2,"l":2},"a":{"a":0,"k":[345.06,388,0],"ix":1,"l":2},"s":{"a":0,"k":[100,100,100],"ix":6,"l":2}},"ao":0,"shapes":[{"ty":"gr","it":[{"ind":0,"ty":"sh","ix":1,"ks":{"a":0,"k":{"i":[[190.565,0],[0,-174.654],[-20.159,-42.941],[-9.04,-16.453],[-6.961,-30.193],[-162.179,0],[-14.555,51.98],[-25.041,45.653],[-28.386,60.478],[0,45.562]],"o":[[-190.565,0],[0,45.562],[28.296,60.387],[25.132,45.743],[13.108,56.41],[162.179,0],[9.944,-35.347],[9.04,-16.453],[20.159,-42.941],[0.181,-174.654]],"v":[[0.09,-388],[-345.06,-71.688],[-311.16,65.541],[-242.998,187.039],[-214.521,311.159],[0,388],[211.628,316.583],[236.94,196.983],[311.159,65.541],[345.059,-71.688]],"c":true},"ix":2},"nm":"Path 1","mn":"ADBE Vector Shape - Group","hd":false},{"ty":"fl","c":{"a":0,"k":[1,0.838999968884,0,1],"ix":4},"o":{"a":0,"k":100,"ix":5},"r":1,"bm":0,"nm":"Fill 1","mn":"ADBE Vector Graphic - Fill","hd":false},{"ty":"tr","p":{"a":0,"k":[345.06,388],"ix":2},"a":{"a":0,"k":[0,0],"ix":1},"s":{"a":0,"k":[100,100],"ix":3},"r":{"a":0,"k":0,"ix":6},"o":{"a":0,"k":100,"ix":7},"sk":{"a":0,"k":0,"ix":4},"sa":{"a":0,"k":0,"ix":5},"nm":"Transform"}],"nm":"Group 1","np":2,"cix":2,"bm":0,"ix":1,"mn":"ADBE Vector Group","hd":false}],"ip":0,"op":144,"st":0,"bm":0}],"markers":[{"tm":126,"cm":"rest","dr":0}]}