{"v":"5.8.1","fr":60,"ip":0,"op":134,"w":1024,"h":1024,"nm":"emoji_Bouquet","ddd":0,"assets":[],"layers":[{"ddd":0,"ind":1,"ty":3,"nm":"move ALL","sr":1,"ks":{"o":{"a":0,"k":0,"ix":11},"r":{"a":1,"k":[{"i":{"x":[0.4],"y":[1]},"o":{"x":[0.333],"y":[0]},"t":0,"s":[0]},{"i":{"x":[0.3],"y":[1]},"o":{"x":[0.8],"y":[0]},"t":14,"s":[2]},{"i":{"x":[0.667],"y":[1]},"o":{"x":[1],"y":[0]},"t":42,"s":[-17]},{"i":{"x":[0.667],"y":[1]},"o":{"x":[0.333],"y":[0]},"t":64,"s":[-20]},{"i":{"x":[0.667],"y":[1]},"o":{"x":[0.333],"y":[0]},"t":86,"s":[2]},{"i":{"x":[0.667],"y":[1]},"o":{"x":[0.333],"y":[0]},"t":108,"s":[-1]},{"t":130,"s":[0]}],"ix":10},"p":{"a":1,"k":[{"i":{"x":0.4,"y":0.4},"o":{"x":0.167,"y":0.167},"t":0,"s":[756,788,0],"to":[0,0,0],"ti":[0,0,0]},{"i":{"x":0.3,"y":1},"o":{"x":0.8,"y":0},"t":14,"s":[756,788,0],"to":[10,10,0],"ti":[0,0,0]},{"i":{"x":0.667,"y":1},"o":{"x":1,"y":0},"t":42,"s":[816,848,0],"to":[0,0,0],"ti":[10,10,0]},{"t":76,"s":[756,788,0]}],"ix":2,"l":2},"a":{"a":0,"k":[0,0,0],"ix":1,"l":2},"s":{"a":1,"k":[{"i":{"x":[0.3,0.3,0.667],"y":[1,1,1]},"o":{"x":[0.8,0.8,0.333],"y":[0,0,0]},"t":14,"s":[100,100,100]},{"i":{"x":[0.667,0.667,0.667],"y":[1,1,1]},"o":{"x":[1,1,0.167],"y":[0,0,0]},"t":42,"s":[69,69,100]},{"t":76,"s":[100,100,100]}],"ix":6,"l":2}},"ao":0,"ip":0,"op":134,"st":0,"bm":0},{"ddd":0,"ind":2,"ty":4,"nm":"fuchsia petal mask","parent":4,"td":1,"sr":1,"ks":{"o":{"a":0,"k":100,"ix":11},"r":{"a":0,"k":0,"ix":10},"p":{"a":0,"k":[257.775,195.665,0],"ix":2,"l":2},"a":{"a":0,"k":[257.775,195.665,0],"ix":1,"l":2},"s":{"a":0,"k":[100,100,100],"ix":6,"l":2}},"ao":0,"shapes":[{"ty":"gr","it":[{"ind":0,"ty":"sh","ix":1,"ks":{"a":1,"k":[{"i":{"x":0.445,"y":1},"o":{"x":0.633,"y":0},"t":14,"s":[{"i":[[77.702,64.634],[15.555,-36.315],[0,0],[-0.044,0.045],[-42.704,-35.156],[-54.375,3.731],[-5.953,14.13]],"o":[[-84.498,-70.288],[-13.1,30.583],[0,0],[4.819,10.073],[34.134,28.101],[54.375,-3.731],[5.953,-14.129]],"v":[[79.823,-53.127],[-144.425,-77.813],[-135.852,0.376],[-135.779,0.301],[-71.396,75.706],[59.74,119.683],[133.484,72.77]],"c":true}]},{"i":{"x":0.445,"y":1},"o":{"x":0.167,"y":0},"t":46,"s":[{"i":[[69.959,56.54],[15.555,-36.315],[0,0],[-0.044,0.045],[-42.305,-35.635],[-39.42,13.216],[-5.953,14.13]],"o":[[-78.243,-63.234],[-13.1,30.583],[0,0],[4.819,10.073],[26.249,22.11],[40.021,-13.417],[5.953,-14.129]],"v":[[173.089,-109.174],[-3.38,-83.938],[-1.789,-4.934],[-1.716,-5.009],[44.801,53.407],[145.501,72.54],[206.151,20.681]],"c":true}]},{"i":{"x":0.833,"y":1},"o":{"x":0.167,"y":0},"t":56,"s":[{"i":[[69.959,56.54],[15.555,-36.315],[0,0],[-0.044,0.045],[-42.305,-35.635],[-39.42,13.216],[-5.953,14.13]],"o":[[-78.243,-63.234],[-13.1,30.583],[0,0],[4.819,10.073],[26.249,22.11],[40.021,-13.417],[5.953,-14.129]],"v":[[173.089,-109.174],[-3.38,-83.938],[-1.789,-4.934],[-1.716,-5.009],[44.801,53.407],[145.501,72.54],[206.151,20.681]],"c":true}]},{"t":78,"s":[{"i":[[77.702,64.634],[15.555,-36.315],[0,0],[-0.044,0.045],[-42.704,-35.156],[-54.375,3.731],[-5.953,14.13]],"o":[[-84.498,-70.288],[-13.1,30.583],[0,0],[4.819,10.073],[34.134,28.101],[54.375,-3.731],[5.953,-14.129]],"v":[[79.823,-53.127],[-144.425,-77.813],[-135.852,0.376],[-135.779,0.301],[-71.396,75.706],[59.74,119.683],[133.484,72.77]],"c":true}]}],"ix":2},"nm":"Path 1","mn":"ADBE Vector Shape - Group","hd":false},{"ty":"fl","c":{"a":0,"k":[0.910000011968,0.294000004787,0.545000023935,1],"ix":4},"o":{"a":0,"k":100,"ix":5},"r":1,"bm":0,"nm":"Fill 1","mn":"ADBE Vector Graphic - Fill","hd":false},{"ty":"tr","p":{"a":0,"k":[157.775,123.665],"ix":2},"a":{"a":0,"k":[0,0],"ix":1},"s":{"a":0,"k":[100,100],"ix":3},"r":{"a":0,"k":0,"ix":6},"o":{"a":0,"k":100,"ix":7},"sk":{"a":0,"k":0,"ix":4},"sa":{"a":0,"k":0,"ix":5},"nm":"Transform"}],"nm":"Group 1","np":2,"cix":2,"bm":0,"ix":1,"mn":"ADBE Vector Group","hd":false}],"ip":0,"op":134,"st":0,"bm":0},{"ddd":0,"ind":3,"ty":4,"nm":"fuchsia petal detail","parent":4,"tt":1,"sr":1,"ks":{"o":{"a":0,"k":100,"ix":11},"r":{"a":0,"k":0,"ix":10},"p":{"a":0,"k":[77.092,74.705,0],"ix":2,"l":2},"a":{"a":0,"k":[77.328,56.253,0],"ix":1,"l":2},"s":{"a":0,"k":[100,100,100],"ix":6,"l":2}},"ao":0,"shapes":[{"ty":"gr","it":[{"ind":0,"ty":"sh","ix":1,"ks":{"a":1,"k":[{"i":{"x":0.45,"y":1},"o":{"x":0.63,"y":0},"t":14,"s":[{"i":[[11.907,-27.148],[0,0],[-31.275,2.064],[-4.048,9.208],[13.812,23.813],[0,0]],"o":[[-13.336,30.482],[0,0],[28.656,-1.825],[3.017,-7.065],[-12.86,-22.306],[0,0]],"v":[[-63.742,-28.855],[-55.169,49.334],[-7.462,29.965],[74.061,46.794],[10.796,-16.154],[2.62,-55.606]],"c":true}]},{"i":{"x":0.45,"y":1},"o":{"x":0.167,"y":0},"t":46,"s":[{"i":[[11.907,-27.148],[0,0],[-31.275,2.064],[-4.048,9.208],[13.812,23.813],[0,0]],"o":[[-13.336,30.482],[0,0],[5.788,3.035],[3.017,-7.065],[-12.86,-22.306],[0,0]],"v":[[-30.817,-112.668],[-22.244,-34.479],[32.33,-74.918],[66.652,-60.273],[39.011,-89.926],[35.545,-139.419]],"c":true}]},{"i":{"x":0.833,"y":0.833},"o":{"x":0.167,"y":0},"t":56,"s":[{"i":[[11.907,-27.148],[0,0],[-31.275,2.064],[-4.048,9.208],[13.812,23.813],[0,0]],"o":[[-13.336,30.482],[0,0],[5.788,3.035],[3.017,-7.065],[-12.86,-22.306],[0,0]],"v":[[-38.291,-116.225],[-29.718,-38.036],[24.856,-78.475],[59.178,-63.83],[31.537,-93.483],[28.071,-142.976]],"c":true}]},{"i":{"x":0.833,"y":0.833},"o":{"x":0.167,"y":0.167},"t":66,"s":[{"i":[[11.907,-27.148],[0,0],[-13.839,-3.839],[-1.827,4.503],[15.176,11.732],[0,0]],"o":[[-13.336,30.482],[0,0],[9.13,4.781],[1.368,-2.822],[-22.552,-15.839],[0,0]],"v":[[-156.466,-128.995],[-143.126,-95.857],[-94.511,-89.699],[-40.869,-66.149],[-89.504,-100.929],[-124.17,-138.897]],"c":true}]},{"i":{"x":0.833,"y":0.833},"o":{"x":0.167,"y":0.167},"t":68,"s":[{"i":[[11.907,-27.148],[0,0],[-9.887,-5.177],[-1.324,3.436],[15.485,8.993],[0,0]],"o":[[-13.336,30.482],[0,0],[9.887,5.177],[0.994,-1.86],[-24.748,-14.373],[0,0]],"v":[[-24.856,-44.064],[-10.435,-21.137],[36.829,-4.418],[94.85,21.152],[41.456,-14.792],[-0.281,-50.147]],"c":true}]},{"i":{"x":0.84,"y":1},"o":{"x":0.167,"y":0.167},"t":80,"s":[{"i":[[11.907,-27.148],[0,0],[-51.391,-13.499],[-2.733,6.423],[14.619,16.661],[0,0]],"o":[[-13.336,30.482],[0,0],[19.598,1.554],[2.041,-4.553],[-18.598,-18.478],[0,0]],"v":[[-64.783,-32.639],[-68.116,22.887],[13.913,13.372],[84.094,34.419],[25.593,-15.496],[1.22,-52.971]],"c":true}]},{"t":94,"s":[{"i":[[11.907,-27.148],[0,0],[-31.275,2.064],[-4.048,9.208],[13.812,23.813],[0,0]],"o":[[-13.336,30.482],[0,0],[28.656,-1.825],[3.017,-7.065],[-12.86,-22.306],[0,0]],"v":[[-63.742,-28.855],[-55.169,49.334],[-7.462,29.965],[74.061,46.794],[10.796,-16.154],[2.62,-55.606]],"c":true}]}],"ix":2},"nm":"Path 1","mn":"ADBE Vector Shape - Group","hd":false},{"ty":"fl","c":{"a":0,"k":[0.685999971278,0.046999998654,0.105999995213,1],"ix":4},"o":{"a":0,"k":100,"ix":5},"r":1,"bm":0,"nm":"Fill 1","mn":"ADBE Vector Graphic - Fill","hd":false},{"ty":"tr","p":{"a":0,"k":[77.328,56.253],"ix":2},"a":{"a":0,"k":[0,0],"ix":1},"s":{"a":0,"k":[100,100],"ix":3},"r":{"a":0,"k":0,"ix":6},"o":{"a":0,"k":100,"ix":7},"sk":{"a":0,"k":0,"ix":4},"sa":{"a":0,"k":0,"ix":5},"nm":"Transform"}],"nm":"Group 1","np":2,"cix":2,"bm":0,"ix":1,"mn":"ADBE Vector Group","hd":false}],"ip":0,"op":134,"st":0,"bm":0},{"ddd":0,"ind":4,"ty":4,"nm":"fuchsia petal","parent":19,"sr":1,"ks":{"o":{"a":0,"k":100,"ix":11},"r":{"a":1,"k":[{"i":{"x":[0.445],"y":[1]},"o":{"x":[0.633],"y":[0]},"t":14,"s":[0]},{"i":{"x":[0.833],"y":[1]},"o":{"x":[0.167],"y":[0]},"t":46,"s":[-41]},{"i":{"x":[0.833],"y":[1]},"o":{"x":[0.167],"y":[0]},"t":56,"s":[-26]},{"i":{"x":[0.667],"y":[1]},"o":{"x":[0.167],"y":[0]},"t":64,"s":[-27]},{"i":{"x":[0.667],"y":[1]},"o":{"x":[0.333],"y":[0]},"t":78,"s":[-16]},{"i":{"x":[0.667],"y":[1]},"o":{"x":[0.333],"y":[0]},"t":90,"s":[6]},{"i":{"x":[0.667],"y":[1]},"o":{"x":[0.333],"y":[0]},"t":104.25,"s":[-3]},{"i":{"x":[0.833],"y":[1]},"o":{"x":[0.333],"y":[0]},"t":116.125,"s":[1]},{"t":132,"s":[0]}],"ix":10},"p":{"a":1,"k":[{"i":{"x":0.445,"y":1},"o":{"x":0.633,"y":0},"t":14,"s":[107.322,116.433,0],"to":[-0.822,10.711,0],"ti":[0.822,-10.711,0]},{"i":{"x":0.445,"y":0.445},"o":{"x":0.167,"y":0.167},"t":46,"s":[102.392,180.702,0],"to":[0,0,0],"ti":[0,0,0]},{"i":{"x":0.833,"y":1},"o":{"x":0.167,"y":0},"t":56,"s":[102.392,180.702,0],"to":[0.822,-10.711,0],"ti":[-0.822,10.711,0]},{"t":78,"s":[107.322,116.433,0]}],"ix":2,"l":2},"a":{"a":0,"k":[257.775,195.665,0],"ix":1,"l":2},"s":{"a":1,"k":[{"i":{"x":[0.445,0.445,0.833],"y":[1,1,1]},"o":{"x":[0.633,0.633,0.167],"y":[0,0,0]},"t":14,"s":[100,100,100]},{"i":{"x":[0.445,0.445,0.833],"y":[1,1,1]},"o":{"x":[0.167,0.167,0.167],"y":[0,0,0]},"t":46,"s":[55,55,100]},{"i":{"x":[0.833,0.833,0.833],"y":[1,1,1]},"o":{"x":[0.167,0.167,0.167],"y":[0,0,0]},"t":56,"s":[55,55,100]},{"t":78,"s":[100,100,100]}],"ix":6,"l":2}},"ao":0,"shapes":[{"ty":"gr","it":[{"ind":0,"ty":"sh","ix":1,"ks":{"a":1,"k":[{"i":{"x":0.445,"y":1},"o":{"x":0.633,"y":0},"t":14,"s":[{"i":[[77.702,64.634],[15.555,-36.315],[0,0],[-0.044,0.045],[-42.704,-35.156],[-54.375,3.731],[-5.953,14.13]],"o":[[-84.498,-70.288],[-13.1,30.583],[0,0],[4.819,10.073],[34.134,28.101],[54.375,-3.731],[5.953,-14.129]],"v":[[79.823,-53.127],[-144.425,-77.813],[-135.852,0.376],[-135.779,0.301],[-71.396,75.706],[59.74,119.683],[133.484,72.77]],"c":true}]},{"i":{"x":0.445,"y":1},"o":{"x":0.167,"y":0},"t":46,"s":[{"i":[[69.959,56.54],[15.555,-36.315],[0,0],[-0.044,0.045],[-42.305,-35.635],[-39.42,13.216],[-5.953,14.13]],"o":[[-78.243,-63.234],[-13.1,30.583],[0,0],[4.819,10.073],[26.249,22.11],[40.021,-13.417],[5.953,-14.129]],"v":[[173.089,-109.174],[-3.38,-83.938],[-1.789,-4.934],[-1.716,-5.009],[44.801,53.407],[145.501,72.54],[206.151,20.681]],"c":true}]},{"i":{"x":0.833,"y":1},"o":{"x":0.167,"y":0},"t":56,"s":[{"i":[[69.959,56.54],[15.555,-36.315],[0,0],[-0.044,0.045],[-42.305,-35.635],[-39.42,13.216],[-5.953,14.13]],"o":[[-78.243,-63.234],[-13.1,30.583],[0,0],[4.819,10.073],[26.249,22.11],[40.021,-13.417],[5.953,-14.129]],"v":[[173.089,-109.174],[-3.38,-83.938],[-1.789,-4.934],[-1.716,-5.009],[44.801,53.407],[145.501,72.54],[206.151,20.681]],"c":true}]},{"t":78,"s":[{"i":[[77.702,64.634],[15.555,-36.315],[0,0],[-0.044,0.045],[-42.704,-35.156],[-54.375,3.731],[-5.953,14.13]],"o":[[-84.498,-70.288],[-13.1,30.583],[0,0],[4.819,10.073],[34.134,28.101],[54.375,-3.731],[5.953,-14.129]],"v":[[79.823,-53.127],[-144.425,-77.813],[-135.852,0.376],[-135.779,0.301],[-71.396,75.706],[59.74,119.683],[133.484,72.77]],"c":true}]}],"ix":2},"nm":"Path 1","mn":"ADBE Vector Shape - Group","hd":false},{"ty":"fl","c":{"a":0,"k":[0.910000011968,0.294000004787,0.545000023935,1],"ix":4},"o":{"a":0,"k":100,"ix":5},"r":1,"bm":0,"nm":"Fill 1","mn":"ADBE Vector Graphic - Fill","hd":false},{"ty":"tr","p":{"a":0,"k":[157.775,123.665],"ix":2},"a":{"a":0,"k":[0,0],"ix":1},"s":{"a":0,"k":[100,100],"ix":3},"r":{"a":0,"k":0,"ix":6},"o":{"a":0,"k":100,"ix":7},"sk":{"a":0,"k":0,"ix":4},"sa":{"a":0,"k":0,"ix":5},"nm":"Transform"}],"nm":"Group 1","np":2,"cix":2,"bm":0,"ix":1,"mn":"ADBE Vector Group","hd":false}],"ip":0,"op":134,"st":0,"bm":0},{"ddd":0,"ind":5,"ty":4,"nm":"tape","parent":1,"sr":1,"ks":{"o":{"a":0,"k":100,"ix":11},"r":{"a":0,"k":0,"ix":10},"p":{"a":0,"k":[-9.035,-18.848,0],"ix":2,"l":2},"a":{"a":0,"k":[85.186,75.065,0],"ix":1,"l":2},"s":{"a":0,"k":[100,100,100],"ix":6,"l":2}},"ao":0,"shapes":[{"ty":"gr","it":[{"ind":0,"ty":"sh","ix":1,"ks":{"a":0,"k":{"i":[[3.731,2.937],[17.86,-11.192],[0,-4.524],[-3.731,0],[-17.861,9.684],[-0.715,4.525]],"o":[[-3.493,-2.778],[-17.861,11.193],[0,4.526],[3.731,0],[17.86,-9.684],[0.794,-4.604]],"v":[[53.661,-72.038],[-21.591,-26.553],[-84.936,13.691],[-35.007,74.815],[31.276,39.093],[84.143,7.024]],"c":true},"ix":2},"nm":"Path 1","mn":"ADBE Vector Shape - Group","hd":false},{"ty":"fl","c":{"a":0,"k":[0.889999988032,0.870999983245,0.630999995213,1],"ix":4},"o":{"a":0,"k":100,"ix":5},"r":1,"bm":0,"nm":"Fill 1","mn":"ADBE Vector Graphic - Fill","hd":false},{"ty":"tr","p":{"a":0,"k":[85.186,75.065],"ix":2},"a":{"a":0,"k":[0,0],"ix":1},"s":{"a":0,"k":[100,100],"ix":3},"r":{"a":0,"k":0,"ix":6},"o":{"a":0,"k":100,"ix":7},"sk":{"a":0,"k":0,"ix":4},"sa":{"a":0,"k":0,"ix":5},"nm":"Transform"}],"nm":"Group 1","np":2,"cix":2,"bm":0,"ix":1,"mn":"ADBE Vector Group","hd":false}],"ip":0,"op":134,"st":0,"bm":0},{"ddd":0,"ind":6,"ty":4,"nm":"leaf","parent":1,"sr":1,"ks":{"o":{"a":0,"k":100,"ix":11},"r":{"a":1,"k":[{"i":{"x":[0.396],"y":[1]},"o":{"x":[0.333],"y":[0]},"t":0,"s":[0]},{"t":14,"s":[0]}],"ix":10},"p":{"a":1,"k":[{"i":{"x":0.396,"y":0.396},"o":{"x":0.333,"y":0.333},"t":0,"s":[-7.722,-18.349,0],"to":[0,0,0],"ti":[0,0,0]},{"t":14,"s":[-7.722,-18.349,0]}],"ix":2,"l":2},"a":{"a":0,"k":[645.81,582.405,0],"ix":1,"l":2},"s":{"a":0,"k":[100,100,100],"ix":6,"l":2}},"ao":0,"shapes":[{"ty":"gr","it":[{"ind":0,"ty":"sh","ix":1,"ks":{"a":1,"k":[{"i":{"x":0.4,"y":1},"o":{"x":0.333,"y":0},"t":0,"s":[{"i":[[-0.656,-5.96],[-33.737,-26.134],[-22.305,-20.877],[-19.369,-8.89],[0,0],[0,0],[13.591,11.935],[184.167,73.588]],"o":[[0.919,8.354],[39.452,30.562],[21.75,20.321],[19.369,8.97],[0,0],[0,0],[-109.901,-96.523],[-23.873,-9.539]],"v":[[-238.843,-161.257],[-23.486,-32.424],[83.042,68.151],[180.6,138.164],[234.261,167.217],[239.499,161.978],[168.693,106.809],[-179.149,-144.984]],"c":true}]},{"i":{"x":0.833,"y":0.833},"o":{"x":0.7,"y":0},"t":14,"s":[{"i":[[-0.49,-5.976],[-33,-27.058],[-21.738,-21.467],[-19.369,-8.89],[0,0],[0,0],[13.591,11.935],[182.059,78.658]],"o":[[0.687,8.376],[38.591,31.642],[21.179,20.915],[19.369,8.97],[0,0],[0,0],[-109.901,-96.523],[-23.6,-10.196]],"v":[[-233.403,-167.846],[-21.695,-33.101],[82.008,70.385],[180.6,138.164],[234.261,167.217],[239.499,161.978],[168.693,106.809],[-174.182,-149.926]],"c":true}]},{"i":{"x":0.667,"y":1},"o":{"x":0.167,"y":0.167},"t":34,"s":[{"i":[[1.572,-5.786],[-40.008,-25.968],[-22.305,-20.877],[-19.369,-8.89],[0,0],[0,0],[13.591,11.935],[146.872,91.995]],"o":[[-2.732,10.053],[37.288,24.202],[21.75,20.321],[19.369,8.97],[0,0],[0,0],[-109.901,-96.523],[-21.787,-13.647]],"v":[[-255.119,-181.97],[-60.074,-33.291],[76.52,72.499],[176.976,138.889],[234.26,167.217],[239.499,161.978],[165.069,107.534],[-139.061,-116.154]],"c":true}]},{"i":{"x":0.667,"y":1},"o":{"x":0.333,"y":0},"t":56,"s":[{"i":[[1.246,-5.816],[-120.953,-63.434],[-22.215,-20.97],[-19.369,-8.89],[0,0],[0,0],[13.591,11.935],[180.675,63.181]],"o":[[-2.192,9.788],[39.752,21.382],[21.66,20.415],[19.369,8.97],[0,0],[0,0],[-109.901,-96.523],[-24.26,-8.47]],"v":[[-283.064,-117.897],[-55.543,-20.938],[77.387,72.165],[177.549,138.774],[234.26,167.217],[239.499,161.978],[165.642,107.419],[-177.145,-100.002]],"c":true}]},{"i":{"x":0.667,"y":1},"o":{"x":0.333,"y":0},"t":72,"s":[{"i":[[-0.49,-5.976],[-97.612,-76.475],[-21.738,-21.467],[-19.369,-8.89],[0,0],[0,0],[13.591,11.935],[205.203,81.91]],"o":[[0.687,8.376],[39.284,30.778],[21.179,20.915],[19.369,8.97],[0,0],[0,0],[-109.901,-96.523],[-23.876,-9.531]],"v":[[-240.835,-145.45],[-25.624,-29.833],[82.008,70.385],[180.6,138.164],[234.261,167.217],[239.5,161.978],[168.693,106.809],[-166.132,-128.574]],"c":true}]},{"i":{"x":0.667,"y":1},"o":{"x":0.167,"y":0},"t":90,"s":[{"i":[[-1.697,-5.751],[-37.198,-34.043],[-22.305,-20.877],[-19.369,-8.89],[0,0],[0,0],[13.591,11.935],[184.167,73.588]],"o":[[9.703,32.873],[36.815,33.692],[21.75,20.321],[19.369,8.97],[0,0],[0,0],[-109.901,-96.523],[-23.873,-9.539]],"v":[[-230.636,-171.01],[-28.378,-28.774],[83.042,68.151],[180.599,138.164],[234.26,167.217],[239.499,161.978],[168.693,106.809],[-179.149,-144.984]],"c":true}]},{"i":{"x":0.833,"y":1},"o":{"x":0.167,"y":0},"t":110,"s":[{"i":[[-0.656,-5.96],[-33.737,-26.134],[-22.305,-20.877],[-19.369,-8.89],[0,0],[0,0],[13.591,11.935],[184.167,73.588]],"o":[[0.919,8.354],[39.452,30.562],[21.75,20.321],[19.369,8.97],[0,0],[0,0],[-109.901,-96.523],[-23.873,-9.539]],"v":[[-238.843,-161.257],[-23.486,-32.424],[83.042,68.151],[180.6,138.164],[234.261,167.217],[239.499,161.978],[168.693,106.809],[-179.149,-144.984]],"c":true}]},{"t":130,"s":[{"i":[[-0.656,-5.96],[-33.737,-26.134],[-22.305,-20.877],[-19.369,-8.89],[0,0],[0,0],[13.591,11.935],[184.167,73.588]],"o":[[0.919,8.354],[39.452,30.562],[21.75,20.321],[19.369,8.97],[0,0],[0,0],[-109.901,-96.523],[-23.873,-9.539]],"v":[[-238.843,-161.257],[-23.486,-32.424],[83.042,68.151],[180.6,138.164],[234.261,167.217],[239.499,161.978],[168.693,106.809],[-179.149,-144.984]],"c":true}]}],"ix":2},"nm":"Path 1","mn":"ADBE Vector Shape - Group","hd":false},{"ty":"fl","c":{"a":0,"k":[0.709999952129,0.816000007181,0.141000007181,1],"ix":4},"o":{"a":0,"k":100,"ix":5},"r":1,"bm":0,"nm":"Fill 1","mn":"ADBE Vector Graphic - Fill","hd":false},{"ty":"tr","p":{"a":0,"k":[381.977,400.678],"ix":2},"a":{"a":0,"k":[0,0],"ix":1},"s":{"a":0,"k":[100,100],"ix":3},"r":{"a":0,"k":0,"ix":6},"o":{"a":0,"k":100,"ix":7},"sk":{"a":0,"k":0,"ix":4},"sa":{"a":0,"k":0,"ix":5},"nm":"Transform"}],"nm":"Group 1","np":2,"cix":2,"bm":0,"ix":1,"mn":"ADBE Vector Group","hd":false},{"ty":"gr","it":[{"ind":0,"ty":"sh","ix":1,"ks":{"a":1,"k":[{"i":{"x":0.667,"y":1},"o":{"x":0.333,"y":0},"t":0,"s":[{"i":[[19.051,-34.134],[-32.784,-2.222],[-99.03,-14.646],[-15.479,3.652],[0,0],[0,0],[-10.796,-28.497],[-7.383,-1.508],[-2.223,5.16],[3.731,12.622],[0,0],[-15.717,-16.351],[-7.461,-1.429],[0,6.668],[11.986,11.987],[0,0],[1.508,11.986],[-39.559,111.065],[5.239,3.016],[6.302,-12.603],[-3.711,-121.826],[11.431,-5],[13.415,21.591],[55.884,33.577],[101.961,13.962],[12.701,1.508],[0,-4.446],[-8.89,-8.891],[-52.494,-39.292],[-50.009,-21.432],[0,-8.175],[24.607,5.001],[69.298,16.749],[84.227,-2.242]],"o":[[-3.572,6.43],[93.197,6.319],[45.088,6.668],[23.655,-5.556],[0,0],[0,0],[12.701,33.499],[7.382,1.508],[2.222,-5.24],[-3.731,-12.621],[0,0],[18.654,19.37],[7.462,1.429],[0,-6.668],[-11.907,-11.907],[0,0],[-9.671,-76.855],[23.1,-64.853],[-4.858,1.055],[-9.779,19.558],[2.223,51.439],[-11.907,5.239],[-13.415,-21.592],[-116.201,-69.82],[0,0],[-12.701,-1.508],[0,4.445],[52.23,52.229],[26.83,20.084],[41.754,17.861],[0,8.176],[-19.21,-3.89],[-104.349,-25.22],[-20.212,0.538]],"v":[[-405.988,139.629],[-340.421,144.074],[37.665,201.466],[125.38,185.829],[154.99,185.829],[204.918,240.997],[231.749,312.518],[267.47,408.647],[312.161,375.149],[275.646,267.906],[260.008,221.707],[316.606,280.527],[359.788,316.249],[395.509,267.827],[347.802,220.121],[305.334,167.253],[286.68,102.401],[363.36,-273.067],[404.321,-410.155],[279.932,-281.323],[212.142,-32.467],[217.381,64.376],[160.783,-2.699],[32.664,-135.342],[-295.888,-218.057],[-337.643,-223.296],[-372.648,-226.312],[-321.529,-171.937],[-116.172,25.639],[8.612,114.862],[93.548,146.694],[48.858,143.915],[-59.575,116.529],[-305.335,99.621]],"c":true}]},{"i":{"x":0.667,"y":1},"o":{"x":0.333,"y":0},"t":14,"s":[{"i":[[20.759,-33.123],[-32.629,-3.884],[-99.03,-14.646],[-15.479,3.652],[0,0],[0,0],[-10.796,-28.497],[-7.383,-1.508],[-2.223,5.16],[3.731,12.622],[0,0],[-15.717,-16.351],[-7.461,-1.429],[0,6.668],[11.986,11.987],[0,0],[1.508,11.986],[-47.54,107.89],[5.006,3.389],[7.202,-12.111],[-3.711,-121.826],[11.431,-5],[12.812,21.954],[54.933,35.112],[101.535,16.779],[12.654,1.859],[0.123,-4.444],[-8.641,-9.133],[-51.385,-40.732],[-49.412,-22.775],[0,-8.175],[24.607,5.001],[69.298,16.749],[84.232,2.035]],"o":[[-3.894,6.24],[92.756,11.04],[45.088,6.668],[23.655,-5.556],[0,0],[0,0],[12.701,33.499],[7.382,1.508],[2.222,-5.24],[-3.731,-12.621],[0,0],[18.654,19.37],[7.462,1.429],[0,-6.668],[-11.907,-11.907],[0,0],[-9.671,-76.855],[27.76,-62.999],[-4.922,0.699],[-11.177,18.794],[2.223,51.439],[-11.907,5.239],[-12.812,-21.955],[-114.224,-73.01],[0,0],[-12.654,-1.859],[-0.123,4.443],[50.764,53.655],[26.264,20.819],[41.244,19.01],[0,8.176],[-19.21,-3.89],[-104.349,-25.22],[-20.213,-0.488]],"v":[[-406.671,133.009],[-341.413,140.776],[37.665,201.466],[125.38,185.829],[154.99,185.829],[204.918,240.997],[231.749,312.518],[267.47,408.647],[312.161,375.149],[275.646,267.906],[260.008,221.707],[316.606,280.527],[359.788,316.249],[395.509,267.827],[347.802,220.121],[305.334,167.253],[286.68,102.401],[362.351,-271.39],[413.183,-405.134],[279.745,-285.697],[212.142,-32.467],[217.381,64.376],[161.402,2.481],[37.004,-133.659],[-289.134,-225.436],[-330.727,-231.828],[-365.636,-235.812],[-316.041,-180.043],[-116.233,23.142],[6.035,115.785],[93.548,146.694],[48.858,143.915],[-59.575,116.529],[-304.116,98.16]],"c":true}]},{"i":{"x":0.833,"y":0.833},"o":{"x":0.333,"y":0},"t":24,"s":[{"i":[[25.593,-7.535],[-27.513,-16.103],[-99.03,-14.646],[-15.479,3.652],[0,0],[0,0],[-10.796,-28.497],[-7.383,-1.508],[-2.223,5.16],[3.731,12.622],[0,0],[-15.717,-16.351],[-7.461,-1.429],[0,6.668],[11.986,11.987],[0,0],[1.508,11.986],[-30.701,108.407],[5.186,2.545],[6.002,-12.483],[-8.656,-120.943],[11.431,-5],[12.927,21.885],[55.114,34.819],[99.65,22.665],[12.564,2.247],[0.261,-4.429],[-8.125,-9.505],[-51.596,-40.458],[-50.428,-22.416],[0,-8.175],[24.607,5.001],[66.151,16.43],[79.744,18.458]],"o":[[-6.846,2.015],[86.943,50.888],[45.088,6.668],[23.655,-5.556],[0,0],[0,0],[12.701,33.499],[7.382,1.508],[2.222,-5.24],[-3.731,-12.621],[0,0],[18.654,19.37],[7.462,1.429],[0,-6.668],[-11.907,-11.907],[0,0],[-9.671,-76.855],[17.927,-63.301],[-4.566,1.313],[-9.802,26.975],[4.268,52.255],[-11.907,5.239],[-12.927,-21.886],[-114.601,-72.402],[0,0],[-12.564,-2.247],[-0.261,4.428],[47.337,55.108],[26.372,20.679],[41.47,18.473],[0,8.176],[-19.21,-3.89],[-95.082,-23.446],[-18.863,-5.126]],"v":[[-380.709,74.155],[-329.508,116.081],[37.389,201.743],[125.381,185.828],[154.99,185.828],[204.918,240.997],[231.749,312.518],[267.47,408.647],[312.162,375.149],[275.647,267.906],[260.008,221.707],[316.606,280.527],[359.788,316.249],[395.509,267.827],[347.803,220.12],[305.335,167.253],[286.68,102.401],[342.415,-285.329],[377.92,-417.25],[262.335,-293.969],[209.307,-31.456],[215.172,61.891],[160.455,1.218],[33.139,-131.494],[-289.123,-230.757],[-330.978,-239.933],[-365.674,-244.991],[-319.743,-186.436],[-122.305,25.066],[3.902,115.747],[91.339,146.417],[46.649,143.639],[-63.996,117.311],[-272.295,81.266]],"c":true}]},{"i":{"x":0.667,"y":1},"o":{"x":0.167,"y":0.167},"t":34,"s":[{"i":[[36.252,-14.623],[-24.132,-22.302],[-99.03,-14.646],[-15.479,3.652],[0,0],[0,0],[-10.796,-28.497],[-7.383,-1.508],[-2.223,5.16],[3.731,12.622],[0,0],[-15.717,-16.351],[-7.461,-1.429],[0,6.668],[11.986,11.987],[0,0],[1.508,11.986],[40.829,110.605],[5.954,-1.043],[0.902,-14.062],[-29.659,-117.192],[11.431,-5],[13.415,21.591],[55.884,33.577],[91.644,47.666],[12.182,3.897],[0.846,-4.365],[-5.93,-11.086],[-52.494,-39.292],[-54.746,-20.89],[0,-8.175],[24.607,5.001],[52.784,15.073],[59.849,49.137]],"o":[[-6.816,2.765],[68.601,63.4],[45.088,6.668],[23.655,-5.556],[0,0],[0,0],[12.701,33.499],[7.382,1.508],[2.222,-5.24],[-3.731,-12.621],[0,0],[18.654,19.37],[7.462,1.429],[0,-6.668],[-11.907,-11.907],[0,0],[-9.671,-76.855],[-23.841,-64.584],[-3.052,3.924],[-3.96,61.726],[12.953,55.721],[-11.907,5.239],[-13.415,-21.592],[-116.201,-69.82],[0,0],[-12.182,-3.897],[-0.846,4.364],[32.781,61.281],[26.83,20.084],[42.43,16.191],[0,8.176],[-19.21,-3.89],[-55.72,-15.911],[-15.627,-12.83]],"v":[[-375.139,42.969],[-309.974,87.697],[36.216,202.916],[125.38,185.829],[154.99,185.829],[204.919,240.997],[231.75,312.518],[267.471,408.648],[312.162,375.149],[275.647,267.906],[260.009,221.707],[316.607,280.528],[359.789,316.249],[395.51,267.827],[347.803,220.121],[305.335,167.253],[286.681,102.401],[257.735,-344.536],[228.134,-468.717],[188.384,-329.103],[197.261,-27.165],[205.787,51.333],[156.436,-4.148],[16.722,-122.299],[-289.074,-253.36],[-332.043,-274.357],[-365.836,-283.978],[-335.472,-213.589],[-148.101,33.238],[-5.156,115.587],[81.954,145.244],[37.264,142.466],[-82.776,120.631],[-243.745,73.269]],"c":true}]},{"i":{"x":0.667,"y":1},"o":{"x":0.333,"y":0},"t":56,"s":[{"i":[[23.952,-9.364],[-31.39,-8.102],[-99.03,-14.646],[-15.479,3.652],[0,0],[0,0],[-10.796,-28.497],[-7.383,-1.508],[-2.223,5.16],[3.731,12.622],[0,0],[-15.717,-16.351],[-7.461,-1.429],[0,6.668],[11.986,11.987],[0,0],[1.508,11.986],[48.357,107.146],[5.849,-1.455],[-0.433,-14.084],[-27.373,-117.6],[11.431,-5],[13.362,21.623],[55.8,33.712],[100.067,-20.882],[11.853,-4.493],[-2.037,-3.907],[-11.48,-4.826],[-52.396,-39.419],[-54.276,-21.056],[0,-8.175],[24.607,5.001],[54.238,15.22],[80.061,13.556]],"o":[[-5.009,5.251],[103.401,26.69],[45.088,6.668],[23.655,-5.556],[0,0],[0,0],[12.701,33.499],[7.382,1.508],[2.222,-5.24],[-3.731,-12.621],[0,0],[18.654,19.37],[7.462,1.429],[0,-6.668],[-11.907,-11.907],[0,0],[-9.671,-76.855],[-28.236,-62.565],[-2.761,4.116],[1.794,58.303],[12.008,55.344],[-11.907,5.239],[-13.362,-21.624],[-116.027,-70.101],[0,0],[-11.853,4.493],[2.036,3.906],[63.81,26.823],[26.78,20.149],[42.325,16.439],[0,8.176],[-19.21,-3.89],[-60.003,-16.731],[-36.459,-3.299]],"v":[[-390.544,86.547],[-315.497,118.381],[36.344,202.788],[125.38,185.829],[154.99,185.829],[204.919,240.998],[231.749,312.519],[267.471,408.648],[312.162,375.15],[275.647,267.907],[260.009,221.708],[316.607,280.528],[359.789,316.25],[395.509,267.828],[347.803,220.121],[305.335,167.254],[286.681,102.401],[212.268,-337.284],[146.927,-464.096],[146.619,-285.541],[198.572,-27.633],[206.808,52.482],[156.873,-3.564],[18.509,-123.299],[-335.966,-166.494],[-381.603,-155.899],[-413.749,-142.513],[-346.536,-107.677],[-145.294,32.349],[-4.17,115.605],[82.975,145.372],[38.285,142.594],[-80.733,120.27],[-262.208,79.433]],"c":true}]},{"i":{"x":0.667,"y":1},"o":{"x":0.333,"y":0},"t":72,"s":[{"i":[[3.718,-38.913],[-30.911,11.147],[-99.03,-14.646],[-15.479,3.652],[0,0],[0,0],[-10.796,-28.497],[-7.383,-1.508],[-2.223,5.16],[3.731,12.622],[0,0],[-15.717,-16.351],[-7.461,-1.429],[0,6.668],[11.986,11.987],[0,0],[1.508,11.986],[39.811,110.975],[5.964,-0.989],[-1.231,-14.037],[-3.711,-121.826],[11.431,-5],[12.812,21.954],[54.932,35.112],[98.047,-31.271],[12.114,-4.104],[-1.913,-4.013],[-11.851,-4.2],[-51.385,-40.732],[-49.412,-22.775],[0,-8.175],[24.607,5.001],[69.298,16.749],[76.216,-35.92]],"o":[[-0.685,7.324],[87.872,-31.689],[45.088,6.668],[23.655,-5.556],[0,0],[0,0],[12.701,33.499],[7.382,1.508],[2.222,-5.24],[-3.731,-12.621],[0,0],[18.654,19.37],[7.462,1.429],[0,-6.668],[-11.907,-11.907],[0,0],[-9.671,-76.855],[-23.246,-64.801],[-3.088,3.896],[6.12,69.792],[2.223,51.439],[-11.907,5.239],[-12.812,-21.955],[-114.224,-73.01],[0,0],[-12.114,4.104],[1.913,4.012],[69.621,24.672],[26.264,20.819],[41.244,19.01],[0,8.176],[-19.21,-3.89],[-104.349,-25.22],[-18.29,8.62]],"v":[[-385.965,219.885],[-324.144,197.59],[37.665,201.466],[125.38,185.828],[154.989,185.828],[204.918,240.997],[231.749,312.518],[267.47,408.647],[312.161,375.149],[275.646,267.906],[260.008,221.707],[316.606,280.527],[359.788,316.249],[395.509,267.827],[347.802,220.12],[305.334,167.253],[286.68,102.401],[279.267,-328.138],[224.042,-460.128],[209.51,-281.636],[212.142,-32.467],[217.381,64.376],[161.402,2.481],[37.004,-133.659],[-312.994,-180.873],[-352.939,-167.636],[-385.836,-155.295],[-316.293,-128.209],[-116.233,23.142],[6.035,115.785],[93.548,146.693],[48.858,143.915],[-59.575,116.529],[-309.894,142.781]],"c":true}]},{"i":{"x":0.667,"y":1},"o":{"x":0.167,"y":0},"t":90,"s":[{"i":[[16.734,-35.327],[-32.859,-0.033],[-99.03,-14.646],[-15.479,3.652],[0,0],[0,0],[-10.796,-28.497],[-7.383,-1.508],[-2.223,5.16],[3.731,12.622],[0,0],[-15.717,-16.351],[-7.461,-1.429],[0,6.668],[11.986,11.987],[0,0],[1.508,11.986],[-64.139,98.927],[4.401,4.144],[8.053,-11.563],[-3.711,-121.826],[11.431,-5],[13.415,21.591],[55.884,33.577],[95.545,38.237],[11.958,4.539],[1.077,-4.314],[-6.473,-10.779],[-52.494,-39.292],[-50.009,-21.432],[0,-8.175],[24.607,5.001],[69.298,16.749],[83.89,-7.85]],"o":[[-3.136,6.654],[93.411,0.094],[45.088,6.668],[23.655,-5.556],[0,0],[0,0],[12.701,33.499],[7.382,1.508],[2.222,-5.24],[-3.731,-12.621],[0,0],[18.654,19.37],[7.462,1.429],[0,-6.668],[-11.907,-11.907],[0,0],[-9.671,-76.855],[37.452,-57.766],[-4.97,-0.095],[-12.497,17.944],[2.223,51.439],[-11.907,5.239],[-13.415,-21.592],[-116.201,-69.82],[0,0],[-11.958,-4.539],[-1.076,4.313],[38.028,63.322],[26.83,20.084],[41.754,17.861],[0,8.176],[-19.21,-3.89],[-104.349,-25.22],[-20.131,1.884]],"v":[[-404.89,124.678],[-340.074,125.833],[37.665,201.466],[125.38,185.829],[154.989,185.829],[204.918,240.997],[231.749,312.518],[267.47,408.647],[312.161,375.149],[275.646,267.906],[260.008,221.707],[316.606,280.527],[359.788,316.249],[395.509,267.827],[347.802,220.121],[305.334,167.253],[286.68,102.401],[372.242,-260.496],[443.754,-384.42],[291.984,-280.209],[212.142,-32.467],[217.381,64.376],[160.783,-2.699],[32.664,-135.342],[-280.54,-232.979],[-319.783,-248.173],[-353.017,-259.576],[-316.585,-194.441],[-116.172,25.639],[8.612,114.862],[93.549,146.694],[48.859,143.915],[-59.575,116.529],[-308.028,79.141]],"c":true}]},{"i":{"x":0.833,"y":1},"o":{"x":0.167,"y":0},"t":110,"s":[{"i":[[19.051,-34.134],[-32.784,-2.222],[-99.03,-14.646],[-15.479,3.652],[0,0],[0,0],[-10.796,-28.497],[-7.383,-1.508],[-2.223,5.16],[3.731,12.622],[0,0],[-15.717,-16.351],[-7.461,-1.429],[0,6.668],[11.986,11.987],[0,0],[1.508,11.986],[-39.559,111.065],[5.239,3.016],[25.932,-44.785],[-7.601,-118.902],[11.431,-5],[13.415,21.591],[55.884,33.577],[101.961,13.962],[12.701,1.508],[0,-4.446],[-8.89,-8.891],[-52.494,-39.292],[-50.009,-21.432],[0,-8.175],[24.607,5.001],[69.298,16.749],[93.691,-9.049]],"o":[[-3.572,6.43],[93.197,6.319],[45.088,6.668],[23.655,-5.556],[0,0],[0,0],[12.701,33.499],[7.382,1.508],[2.222,-5.24],[-3.731,-12.621],[0,0],[18.654,19.37],[7.462,1.429],[0,-6.668],[-11.907,-11.907],[0,0],[-9.671,-76.855],[23.1,-64.853],[-4.858,1.055],[-25.932,44.785],[2.223,51.439],[-11.907,5.239],[-13.415,-21.592],[-116.201,-69.82],[0,0],[-12.701,-1.508],[0,4.445],[52.23,52.229],[26.83,20.084],[41.754,17.861],[0,8.176],[-19.21,-3.89],[-104.349,-25.22],[-20.126,1.944]],"v":[[-406.125,147.628],[-340.557,152.073],[37.665,201.466],[125.38,185.829],[154.989,185.829],[204.918,240.997],[231.749,312.518],[267.47,408.648],[312.161,375.149],[275.646,267.906],[260.009,221.707],[316.606,280.528],[359.788,316.249],[395.509,267.827],[347.802,220.121],[305.334,167.253],[286.681,102.401],[343.363,-273.407],[384.324,-410.496],[259.935,-281.663],[212.142,-32.467],[217.381,64.376],[160.783,-2.699],[32.664,-135.342],[-295.888,-218.057],[-337.643,-223.296],[-372.648,-226.312],[-321.529,-171.937],[-116.172,25.639],[8.612,114.862],[93.548,146.694],[48.858,143.915],[-59.575,116.529],[-305.471,107.62]],"c":true}]},{"t":130,"s":[{"i":[[19.051,-34.134],[-32.784,-2.222],[-99.03,-14.646],[-15.479,3.652],[0,0],[0,0],[-10.796,-28.497],[-7.383,-1.508],[-2.223,5.16],[3.731,12.622],[0,0],[-15.717,-16.351],[-7.461,-1.429],[0,6.668],[11.986,11.987],[0,0],[1.508,11.986],[-39.559,111.065],[5.239,3.016],[6.302,-12.603],[-3.711,-121.826],[11.431,-5],[13.415,21.591],[55.884,33.577],[101.961,13.962],[12.701,1.508],[0,-4.446],[-8.89,-8.891],[-52.494,-39.292],[-50.009,-21.432],[0,-8.175],[24.607,5.001],[69.298,16.749],[84.227,-2.242]],"o":[[-3.572,6.43],[93.197,6.319],[45.088,6.668],[23.655,-5.556],[0,0],[0,0],[12.701,33.499],[7.382,1.508],[2.222,-5.24],[-3.731,-12.621],[0,0],[18.654,19.37],[7.462,1.429],[0,-6.668],[-11.907,-11.907],[0,0],[-9.671,-76.855],[23.1,-64.853],[-4.858,1.055],[-9.779,19.558],[2.223,51.439],[-11.907,5.239],[-13.415,-21.592],[-116.201,-69.82],[0,0],[-12.701,-1.508],[0,4.445],[52.23,52.229],[26.83,20.084],[41.754,17.861],[0,8.176],[-19.21,-3.89],[-104.349,-25.22],[-20.212,0.538]],"v":[[-405.988,139.629],[-340.421,144.074],[37.665,201.466],[125.38,185.829],[154.99,185.829],[204.918,240.997],[231.749,312.518],[267.47,408.647],[312.161,375.149],[275.646,267.906],[260.008,221.707],[316.606,280.527],[359.788,316.249],[395.509,267.827],[347.802,220.121],[305.334,167.253],[286.68,102.401],[363.36,-273.067],[404.321,-410.155],[279.932,-281.323],[212.142,-32.467],[217.381,64.376],[160.783,-2.699],[32.664,-135.342],[-295.888,-218.057],[-337.643,-223.296],[-372.648,-226.312],[-321.529,-171.937],[-116.172,25.639],[8.612,114.862],[93.548,146.694],[48.858,143.915],[-59.575,116.529],[-305.335,99.621]],"c":true}]}],"ix":2},"nm":"0","mn":"ADBE Vector Shape - Group","hd":false},{"ty":"fl","c":{"a":0,"k":[0.588000009574,0.647000002394,0.113999998803,1],"ix":4},"o":{"a":0,"k":100,"ix":5},"r":1,"bm":0,"nm":"Fill 1","mn":"ADBE Vector Graphic - Fill","hd":false},{"ty":"tr","p":{"a":0,"k":[409.81,410.406],"ix":2},"a":{"a":0,"k":[0,0],"ix":1},"s":{"a":0,"k":[100,100],"ix":3},"r":{"a":0,"k":0,"ix":6},"o":{"a":0,"k":100,"ix":7},"sk":{"a":0,"k":0,"ix":4},"sa":{"a":0,"k":0,"ix":5},"nm":"Transform"}],"nm":"Group 2","np":2,"cix":2,"bm":0,"ix":2,"mn":"ADBE Vector Group","hd":false}],"ip":0,"op":134,"st":0,"bm":0},{"ddd":0,"ind":7,"ty":4,"nm":"yellow petal mask","parent":9,"td":1,"sr":1,"ks":{"o":{"a":0,"k":100,"ix":11},"r":{"a":0,"k":0,"ix":10},"p":{"a":0,"k":[179.798,279.116,0],"ix":2,"l":2},"a":{"a":0,"k":[179.798,279.116,0],"ix":1,"l":2},"s":{"a":0,"k":[100,100,100],"ix":6,"l":2}},"ao":0,"shapes":[{"ty":"gr","it":[{"ind":0,"ty":"sh","ix":1,"ks":{"a":1,"k":[{"i":{"x":0.445,"y":1},"o":{"x":0.633,"y":0},"t":14,"s":[{"i":[[25.798,54.534],[31.911,17.543],[0.037,0.021],[0,0],[34.768,-16.829],[0.232,-1.251],[0,0],[-36.515,-77.792],[-70.013,37.547]],"o":[[-17.86,-37.785],[-0.038,-0.021],[0.125,-0.222],[0,0],[-29.258,14.122],[0,0],[0,0],[36.515,77.793],[59.376,-31.752]],"v":[[77.713,-58.94],[-1.27,-148.003],[-1.383,-148.063],[-1.191,-148.401],[-70.251,-154.037],[-106.755,-102.022],[-106.845,-101.964],[-93.033,34.57],[70.172,133.318]],"c":true}]},{"i":{"x":0.445,"y":1},"o":{"x":1,"y":0},"t":46,"s":[{"i":[[25.798,54.534],[31.723,10.125],[0.037,0.021],[0,0],[34.768,-16.829],[0.232,-1.251],[0,0],[-22.587,-55.815],[-66.416,35.648]],"o":[[-17.86,-37.785],[-0.041,-0.013],[0.125,-0.222],[0,0],[-29.258,14.122],[0,0],[0,0],[20.384,50.37],[48.444,-26.001]],"v":[[99.814,-0.223],[30.478,-57.11],[30.365,-57.17],[30.557,-57.507],[-37.267,-53.023],[-84.055,-6.318],[-84.145,-6.259],[-80.088,80.745],[70.172,133.318]],"c":true}]},{"i":{"x":0.833,"y":1},"o":{"x":1,"y":0},"t":56,"s":[{"i":[[25.798,54.534],[31.723,10.125],[0.037,0.021],[0,0],[34.768,-16.829],[0.232,-1.251],[0,0],[-22.587,-55.815],[-66.416,35.648]],"o":[[-17.86,-37.785],[-0.041,-0.013],[0.125,-0.222],[0,0],[-29.258,14.122],[0,0],[0,0],[20.384,50.37],[48.444,-26.001]],"v":[[99.814,-0.223],[30.478,-57.11],[30.365,-57.17],[30.557,-57.507],[-37.267,-53.023],[-84.055,-6.318],[-84.145,-6.259],[-80.088,80.745],[70.172,133.318]],"c":true}]},{"i":{"x":0.833,"y":1},"o":{"x":0.167,"y":0},"t":78,"s":[{"i":[[25.798,54.534],[31.911,17.543],[0.037,0.021],[0,0],[34.768,-16.829],[0.232,-1.251],[0,0],[-36.515,-77.792],[-70.013,37.547]],"o":[[-17.86,-37.785],[-0.038,-0.021],[0.125,-0.222],[0,0],[-29.258,14.122],[0,0],[0,0],[36.515,77.793],[59.376,-31.752]],"v":[[77.713,-58.94],[-1.27,-148.003],[-1.383,-148.063],[-1.191,-148.401],[-70.251,-154.037],[-106.755,-102.022],[-106.845,-101.964],[-93.033,34.57],[70.172,133.318]],"c":true}]},{"i":{"x":0.833,"y":1},"o":{"x":0.167,"y":0},"t":86,"s":[{"i":[[25.798,54.534],[31.911,17.543],[0.037,0.021],[0,0],[34.768,-16.829],[0.232,-1.251],[0,0],[-36.515,-77.792],[-70.013,37.547]],"o":[[-17.86,-37.785],[-0.038,-0.021],[0.125,-0.222],[0,0],[-29.258,14.122],[0,0],[0,0],[36.515,77.793],[59.376,-31.752]],"v":[[88.628,-27.813],[9.645,-116.877],[9.532,-116.937],[9.724,-117.274],[-59.336,-122.91],[-95.84,-70.896],[-95.93,-70.837],[-82.118,65.696],[81.087,164.445]],"c":true}]},{"i":{"x":0.833,"y":1},"o":{"x":0.167,"y":0},"t":98,"s":[{"i":[[25.798,54.534],[31.911,17.543],[0.037,0.021],[0,0],[34.768,-16.829],[0.232,-1.251],[0,0],[-36.515,-77.792],[-70.013,37.547]],"o":[[-17.86,-37.785],[-0.038,-0.021],[0.125,-0.222],[0,0],[-29.258,14.122],[0,0],[0,0],[36.515,77.793],[59.376,-31.752]],"v":[[70.077,-75.116],[-8.906,-164.18],[-9.019,-164.24],[-8.827,-164.577],[-77.887,-170.213],[-114.391,-118.199],[-114.481,-118.14],[-100.669,18.393],[62.536,117.142]],"c":true}]},{"t":110,"s":[{"i":[[25.798,54.534],[31.911,17.543],[0.037,0.021],[0,0],[34.768,-16.829],[0.232,-1.251],[0,0],[-36.515,-77.792],[-70.013,37.547]],"o":[[-17.86,-37.785],[-0.038,-0.021],[0.125,-0.222],[0,0],[-29.258,14.122],[0,0],[0,0],[36.515,77.793],[59.376,-31.752]],"v":[[77.713,-58.94],[-1.27,-148.003],[-1.383,-148.063],[-1.191,-148.401],[-70.251,-154.037],[-106.755,-102.022],[-106.845,-101.964],[-93.033,34.57],[70.172,133.318]],"c":true}]}],"ix":2},"nm":"Path 1","mn":"ADBE Vector Shape - Group","hd":false},{"ty":"fl","c":{"a":0,"k":[0.995999983245,0.722000002394,0.016000001571,1],"ix":4},"o":{"a":0,"k":100,"ix":5},"r":1,"bm":0,"nm":"Fill 1","mn":"ADBE Vector Graphic - Fill","hd":false},{"ty":"tr","p":{"a":0,"k":[129.798,171.116],"ix":2},"a":{"a":0,"k":[0,0],"ix":1},"s":{"a":0,"k":[100,100],"ix":3},"r":{"a":0,"k":0,"ix":6},"o":{"a":0,"k":100,"ix":7},"sk":{"a":0,"k":0,"ix":4},"sa":{"a":0,"k":0,"ix":5},"nm":"Transform"}],"nm":"Group 1","np":2,"cix":2,"bm":0,"ix":1,"mn":"ADBE Vector Group","hd":false}],"ip":0,"op":134,"st":0,"bm":0},{"ddd":0,"ind":8,"ty":4,"nm":"yellow petal detail","parent":9,"tt":1,"sr":1,"ks":{"o":{"a":0,"k":100,"ix":11},"r":{"a":0,"k":0,"ix":10},"p":{"a":0,"k":[63.353,52.813,0],"ix":2,"l":2},"a":{"a":0,"k":[53.037,75.741,0],"ix":1,"l":2},"s":{"a":0,"k":[100,100,100],"ix":6,"l":2}},"ao":0,"shapes":[{"ty":"gr","it":[{"ind":0,"ty":"sh","ix":1,"ks":{"a":1,"k":[{"i":{"x":0.833,"y":0.833},"o":{"x":0.333,"y":0},"t":14,"s":[{"i":[[34.768,-16.829],[0,0],[-19.607,-10.716],[-5.794,3.334],[-9.446,36.753],[0,0]],"o":[[-29.767,14.368],[0,0],[30.8,16.908],[5.795,-3.334],[5.16,-20.163],[0,0]],"v":[[-16.272,-58.662],[-52.788,-6.588],[-13.098,8.652],[43.579,72.156],[39.77,-19.447],[52.788,-53.025]],"c":true}]},{"i":{"x":0.667,"y":1},"o":{"x":0.167,"y":0.167},"t":50,"s":[{"i":[[3.538,-2.193],[0,0],[-11.11,-21.346],[-3.768,0.918],[15.804,36.977],[0,0]],"o":[[-3.894,2.414],[0,0],[12.619,26.883],[5.438,-1.324],[-7.568,-21.296],[0,0]],"v":[[-33.75,-87.626],[-31.732,-78.023],[-9.771,-34.156],[18.693,20.383],[-3.373,-39.155],[-26.436,-79.081]],"c":true}]},{"i":{"x":0.667,"y":1},"o":{"x":0.333,"y":0},"t":54,"s":[{"i":[[34.768,-16.829],[0,0],[-15.489,-24.157],[-5.794,3.334],[12.529,39.684],[0,0]],"o":[[-29.767,14.368],[0,0],[10.194,23.476],[5.795,-3.334],[-6.266,-19.847],[0,0]],"v":[[-52.932,-113.539],[-51.471,-99.949],[-27.266,-54.857],[6.92,17.279],[-18.954,-56.179],[-38.864,-106.338]],"c":true}]},{"i":{"x":0.84,"y":1},"o":{"x":0.333,"y":0},"t":66,"s":[{"i":[[34.768,-16.829],[0,0],[-15.489,-24.157],[-5.794,3.334],[12.529,39.684],[0,0]],"o":[[-29.767,14.368],[0,0],[10.194,23.476],[5.795,-3.334],[-6.266,-19.847],[0,0]],"v":[[-36.882,-99.843],[-35.421,-86.253],[-11.216,-41.162],[22.97,30.975],[-2.905,-42.484],[-22.814,-92.642]],"c":true}]},{"i":{"x":0.833,"y":1},"o":{"x":0.167,"y":0},"t":78,"s":[{"i":[[34.768,-16.829],[0,0],[-19.607,-10.716],[-5.794,3.334],[-9.446,36.753],[0,0]],"o":[[-29.767,14.368],[0,0],[30.8,16.908],[5.795,-3.334],[5.16,-20.163],[0,0]],"v":[[-16.272,-58.662],[-52.788,-6.588],[-13.098,8.652],[43.579,72.156],[39.77,-19.447],[52.788,-53.025]],"c":true}]},{"i":{"x":0.84,"y":1},"o":{"x":0.167,"y":0},"t":86,"s":[{"i":[[34.768,-16.829],[0,0],[-19.607,-10.716],[-5.794,3.334],[-9.446,36.753],[0,0]],"o":[[-29.767,14.368],[0,0],[30.8,16.908],[5.795,-3.334],[5.16,-20.163],[0,0]],"v":[[-4.712,-29.058],[-41.227,23.015],[-1.537,38.256],[55.14,101.76],[51.33,10.156],[64.348,-23.422]],"c":true}]},{"i":{"x":0.84,"y":1},"o":{"x":0.167,"y":0},"t":98,"s":[{"i":[[34.768,-16.829],[0,0],[-19.607,-10.716],[-5.794,3.334],[-9.446,36.753],[0,0]],"o":[[-29.767,14.368],[0,0],[30.8,16.908],[5.795,-3.334],[5.16,-20.163],[0,0]],"v":[[-24.398,-76.182],[-60.913,-24.109],[-21.223,-8.868],[35.454,54.636],[31.644,-36.968],[44.662,-70.546]],"c":true}]},{"t":110,"s":[{"i":[[34.768,-16.829],[0,0],[-19.607,-10.716],[-5.794,3.334],[-9.446,36.753],[0,0]],"o":[[-29.767,14.368],[0,0],[30.8,16.908],[5.795,-3.334],[5.16,-20.163],[0,0]],"v":[[-16.272,-58.662],[-52.788,-6.588],[-13.098,8.652],[43.579,72.156],[39.77,-19.447],[52.788,-53.025]],"c":true}]}],"ix":2},"nm":"Path 1","mn":"ADBE Vector Shape - Group","hd":false},{"ty":"fl","c":{"a":0,"k":[1,0.458999992819,0.216000007181,1],"ix":4},"o":{"a":0,"k":100,"ix":5},"r":1,"bm":0,"nm":"Fill 1","mn":"ADBE Vector Graphic - Fill","hd":false},{"ty":"tr","p":{"a":0,"k":[53.037,75.741],"ix":2},"a":{"a":0,"k":[0,0],"ix":1},"s":{"a":0,"k":[100,100],"ix":3},"r":{"a":0,"k":0,"ix":6},"o":{"a":0,"k":100,"ix":7},"sk":{"a":0,"k":0,"ix":4},"sa":{"a":0,"k":0,"ix":5},"nm":"Transform"}],"nm":"Group 1","np":2,"cix":2,"bm":0,"ix":1,"mn":"ADBE Vector Group","hd":false}],"ip":0,"op":134,"st":0,"bm":0},{"ddd":0,"ind":9,"ty":4,"nm":"yellow petal","parent":21,"sr":1,"ks":{"o":{"a":0,"k":100,"ix":11},"r":{"a":1,"k":[{"i":{"x":[0.445],"y":[1]},"o":{"x":[0.633],"y":[0]},"t":14,"s":[0]},{"i":{"x":[0.833],"y":[1]},"o":{"x":[0.167],"y":[0]},"t":46,"s":[-21]},{"i":{"x":[0.833],"y":[1]},"o":{"x":[0.167],"y":[0]},"t":54,"s":[-15]},{"i":{"x":[0.833],"y":[1]},"o":{"x":[0.167],"y":[0]},"t":62,"s":[-17]},{"i":{"x":[0.833],"y":[1]},"o":{"x":[0.167],"y":[0]},"t":84,"s":[-6]},{"i":{"x":[0.833],"y":[1]},"o":{"x":[0.167],"y":[0]},"t":96,"s":[4]},{"i":{"x":[0.833],"y":[1]},"o":{"x":[0.167],"y":[0]},"t":110,"s":[-3]},{"t":122,"s":[0]}],"ix":10},"p":{"a":1,"k":[{"i":{"x":0.445,"y":1},"o":{"x":0.633,"y":0},"t":14,"s":[92.59,91.023,0],"to":[-0.121,7.005,0],"ti":[0,0,0]},{"i":{"x":0.833,"y":1},"o":{"x":0.167,"y":0},"t":46,"s":[91.865,133.052,0],"to":[0,0,0],"ti":[-0.124,6.338,0]},{"i":{"x":0.833,"y":1},"o":{"x":0.167,"y":0},"t":86,"s":[92.59,91.023,0],"to":[0.124,-6.338,0],"ti":[0,0,0]},{"i":{"x":0.833,"y":1},"o":{"x":0.167,"y":0},"t":98,"s":[92.61,95.022,0],"to":[0,0,0],"ti":[0.003,0.667,0]},{"t":110,"s":[92.59,91.023,0]}],"ix":2,"l":2},"a":{"a":0,"k":[179.798,279.116,0],"ix":1,"l":2},"s":{"a":1,"k":[{"i":{"x":[0.445,0.445,0.833],"y":[1,1,1]},"o":{"x":[0.633,0.633,0.167],"y":[0,0,0]},"t":14,"s":[100,100,100]},{"i":{"x":[0.445,0.445,0.833],"y":[1,1,1]},"o":{"x":[0.167,0.167,0.167],"y":[0,0,0]},"t":46,"s":[70,70,100]},{"i":{"x":[0.833,0.833,0.833],"y":[1,1,1]},"o":{"x":[0.167,0.167,0.167],"y":[0,0,0]},"t":56,"s":[70,70,100]},{"i":{"x":[0.833,0.833,0.833],"y":[1,1,1]},"o":{"x":[0.167,0.167,0.167],"y":[0,0,0]},"t":78,"s":[100,100,100]},{"i":{"x":[0.833,0.833,0.833],"y":[1,1,1]},"o":{"x":[0.167,0.167,0.167],"y":[0,0,0]},"t":86,"s":[100,100,100]},{"i":{"x":[0.833,0.833,0.833],"y":[1,1,1]},"o":{"x":[0.167,0.167,0.167],"y":[0,0,0]},"t":98,"s":[100,100,100]},{"t":110,"s":[100,100,100]}],"ix":6,"l":2}},"ao":0,"shapes":[{"ty":"gr","it":[{"ind":0,"ty":"sh","ix":1,"ks":{"a":1,"k":[{"i":{"x":0.445,"y":1},"o":{"x":0.633,"y":0},"t":14,"s":[{"i":[[25.798,54.534],[31.911,17.543],[0.037,0.021],[0,0],[34.768,-16.829],[0.232,-1.251],[0,0],[-36.515,-77.792],[-70.013,37.547]],"o":[[-17.86,-37.785],[-0.038,-0.021],[0.125,-0.222],[0,0],[-29.258,14.122],[0,0],[0,0],[36.515,77.793],[59.376,-31.752]],"v":[[77.713,-58.94],[-1.27,-148.003],[-1.383,-148.063],[-1.191,-148.401],[-70.251,-154.037],[-106.755,-102.022],[-106.845,-101.964],[-93.033,34.57],[70.172,133.318]],"c":true}]},{"i":{"x":0.445,"y":1},"o":{"x":1,"y":0},"t":46,"s":[{"i":[[25.798,54.534],[31.723,10.125],[0.037,0.021],[0,0],[34.768,-16.829],[0.232,-1.251],[0,0],[-22.587,-55.815],[-66.416,35.648]],"o":[[-17.86,-37.785],[-0.041,-0.013],[0.125,-0.222],[0,0],[-29.258,14.122],[0,0],[0,0],[20.384,50.37],[48.444,-26.001]],"v":[[99.814,-0.223],[30.478,-57.11],[30.365,-57.17],[30.557,-57.507],[-37.267,-53.023],[-84.055,-6.318],[-84.145,-6.259],[-80.088,80.745],[70.172,133.318]],"c":true}]},{"i":{"x":0.833,"y":1},"o":{"x":1,"y":0},"t":56,"s":[{"i":[[25.798,54.534],[31.723,10.125],[0.037,0.021],[0,0],[34.768,-16.829],[0.232,-1.251],[0,0],[-22.587,-55.815],[-66.416,35.648]],"o":[[-17.86,-37.785],[-0.041,-0.013],[0.125,-0.222],[0,0],[-29.258,14.122],[0,0],[0,0],[20.384,50.37],[48.444,-26.001]],"v":[[99.814,-0.223],[30.478,-57.11],[30.365,-57.17],[30.557,-57.507],[-37.267,-53.023],[-84.055,-6.318],[-84.145,-6.259],[-80.088,80.745],[70.172,133.318]],"c":true}]},{"i":{"x":0.833,"y":1},"o":{"x":0.167,"y":0},"t":78,"s":[{"i":[[25.798,54.534],[31.911,17.543],[0.037,0.021],[0,0],[34.768,-16.829],[0.232,-1.251],[0,0],[-36.515,-77.792],[-70.013,37.547]],"o":[[-17.86,-37.785],[-0.038,-0.021],[0.125,-0.222],[0,0],[-29.258,14.122],[0,0],[0,0],[36.515,77.793],[59.376,-31.752]],"v":[[77.713,-58.94],[-1.27,-148.003],[-1.383,-148.063],[-1.191,-148.401],[-70.251,-154.037],[-106.755,-102.022],[-106.845,-101.964],[-93.033,34.57],[70.172,133.318]],"c":true}]},{"i":{"x":0.833,"y":1},"o":{"x":0.167,"y":0},"t":86,"s":[{"i":[[25.798,54.534],[31.911,17.543],[0.037,0.021],[0,0],[34.768,-16.829],[0.232,-1.251],[0,0],[-36.515,-77.792],[-70.013,37.547]],"o":[[-17.86,-37.785],[-0.038,-0.021],[0.125,-0.222],[0,0],[-29.258,14.122],[0,0],[0,0],[36.515,77.793],[59.376,-31.752]],"v":[[88.628,-27.813],[9.645,-116.877],[9.532,-116.937],[9.724,-117.274],[-59.336,-122.91],[-95.84,-70.896],[-95.93,-70.837],[-82.118,65.696],[81.087,164.445]],"c":true}]},{"i":{"x":0.833,"y":1},"o":{"x":0.167,"y":0},"t":98,"s":[{"i":[[25.798,54.534],[31.911,17.543],[0.037,0.021],[0,0],[34.768,-16.829],[0.232,-1.251],[0,0],[-36.515,-77.792],[-70.013,37.547]],"o":[[-17.86,-37.785],[-0.038,-0.021],[0.125,-0.222],[0,0],[-29.258,14.122],[0,0],[0,0],[36.515,77.793],[59.376,-31.752]],"v":[[70.077,-75.116],[-8.906,-164.18],[-9.019,-164.24],[-8.827,-164.577],[-77.887,-170.213],[-114.391,-118.199],[-114.481,-118.14],[-100.669,18.393],[62.536,117.142]],"c":true}]},{"t":110,"s":[{"i":[[25.798,54.534],[31.911,17.543],[0.037,0.021],[0,0],[34.768,-16.829],[0.232,-1.251],[0,0],[-36.515,-77.792],[-70.013,37.547]],"o":[[-17.86,-37.785],[-0.038,-0.021],[0.125,-0.222],[0,0],[-29.258,14.122],[0,0],[0,0],[36.515,77.793],[59.376,-31.752]],"v":[[77.713,-58.94],[-1.27,-148.003],[-1.383,-148.063],[-1.191,-148.401],[-70.251,-154.037],[-106.755,-102.022],[-106.845,-101.964],[-93.033,34.57],[70.172,133.318]],"c":true}]}],"ix":2},"nm":"Path 1","mn":"ADBE Vector Shape - Group","hd":false},{"ty":"fl","c":{"a":0,"k":[0.995999983245,0.722000002394,0.016000001571,1],"ix":4},"o":{"a":0,"k":100,"ix":5},"r":1,"bm":0,"nm":"Fill 1","mn":"ADBE Vector Graphic - Fill","hd":false},{"ty":"tr","p":{"a":0,"k":[129.798,171.116],"ix":2},"a":{"a":0,"k":[0,0],"ix":1},"s":{"a":0,"k":[100,100],"ix":3},"r":{"a":0,"k":0,"ix":6},"o":{"a":0,"k":100,"ix":7},"sk":{"a":0,"k":0,"ix":4},"sa":{"a":0,"k":0,"ix":5},"nm":"Transform"}],"nm":"Group 1","np":2,"cix":2,"bm":0,"ix":1,"mn":"ADBE Vector Group","hd":false}],"ip":0,"op":134,"st":0,"bm":0},{"ddd":0,"ind":10,"ty":4,"nm":"red petal mask","parent":12,"td":1,"sr":1,"ks":{"o":{"a":0,"k":100,"ix":11},"r":{"a":0,"k":0,"ix":10},"p":{"a":0,"k":[113.049,304.37,0],"ix":2,"l":2},"a":{"a":0,"k":[113.049,304.37,0],"ix":1,"l":2},"s":{"a":0,"k":[100,100,100],"ix":6,"l":2}},"ao":0,"shapes":[{"ty":"gr","it":[{"ind":0,"ty":"sh","ix":1,"ks":{"a":1,"k":[{"i":{"x":0.3,"y":1},"o":{"x":0.633,"y":0},"t":18,"s":[{"i":[[35.006,50.645],[45.249,-4.415],[8.607,-35.202],[-13.416,-40.167],[-50.009,7.303],[-6.589,39.69]],"o":[[-12.974,-18.77],[-39.055,3.81],[-12.864,52.606],[13.415,40.245],[51.438,-7.462],[7.303,-43.738]],"v":[[63.109,-116.426],[-13.969,-167.705],[-89.935,-75.386],[-82.87,86.628],[18.418,164.817],[95.496,60.511]],"c":true}]},{"i":{"x":0.833,"y":1},"o":{"x":1,"y":0},"t":42,"s":[{"i":[[35.006,50.645],[46.307,0.181],[8.607,-35.202],[-13.416,-40.167],[-50.009,7.303],[-4.444,39.987]],"o":[[-12.974,-18.77],[-39.24,-0.153],[-12.864,52.606],[13.415,40.245],[51.438,-7.462],[3.912,-35.205]],"v":[[97.005,-32.493],[-3.39,-91.653],[-107.074,-22.123],[-112.328,82.951],[18.448,160.833],[118.742,77.688]],"c":true}]},{"t":72,"s":[{"i":[[35.006,50.645],[45.249,-4.415],[8.607,-35.202],[-13.416,-40.167],[-50.009,7.303],[-6.589,39.69]],"o":[[-12.974,-18.77],[-39.055,3.81],[-12.864,52.606],[13.415,40.245],[51.438,-7.462],[7.303,-43.738]],"v":[[63.109,-116.426],[-13.969,-167.705],[-89.935,-75.386],[-82.87,86.628],[18.418,164.817],[95.496,60.511]],"c":true}]}],"ix":2},"nm":"Path 1","mn":"ADBE Vector Shape - Group","hd":false},{"ty":"fl","c":{"a":0,"k":[0.995999983245,0.4,0.337000020345,1],"ix":4},"o":{"a":0,"k":100,"ix":5},"r":1,"bm":0,"nm":"Fill 1","mn":"ADBE Vector Graphic - Fill","hd":false},{"ty":"tr","p":{"a":0,"k":[103.049,172.37],"ix":2},"a":{"a":0,"k":[0,0],"ix":1},"s":{"a":0,"k":[100,100],"ix":3},"r":{"a":0,"k":0,"ix":6},"o":{"a":0,"k":100,"ix":7},"sk":{"a":0,"k":0,"ix":4},"sa":{"a":0,"k":0,"ix":5},"nm":"Transform"}],"nm":"Group 1","np":2,"cix":2,"bm":0,"ix":1,"mn":"ADBE Vector Group","hd":false}],"ip":0,"op":134,"st":0,"bm":0},{"ddd":0,"ind":11,"ty":4,"nm":"red petal detail","parent":12,"tt":1,"sr":1,"ks":{"o":{"a":0,"k":100,"ix":11},"r":{"a":0,"k":0,"ix":10},"p":{"a":0,"k":[93.923,75.749,0],"ix":2,"l":2},"a":{"a":0,"k":[65.104,75.859,0],"ix":1,"l":2},"s":{"a":0,"k":[100,100,100],"ix":6,"l":2}},"ao":0,"shapes":[{"ty":"gr","it":[{"ind":0,"ty":"sh","ix":1,"ks":{"a":1,"k":[{"i":{"x":0.667,"y":1},"o":{"x":0.669,"y":0},"t":18,"s":[{"i":[[45.485,-4.525],[0,0],[-17.94,-27.942],[-6.668,0.715],[-5.239,16.749],[0,0]],"o":[[-39.055,3.81],[0,0],[14.368,22.464],[6.668,-0.714],[10.954,-35.166],[0,0]],"v":[[-4.842,-71.085],[-64.854,-19.33],[-17.146,-4.088],[8.732,74.894],[23.099,-3.69],[64.854,-29.411]],"c":true}]},{"i":{"x":0.833,"y":1},"o":{"x":0.333,"y":0},"t":38,"s":[{"i":[[45.485,-4.525],[0,0],[-7.008,-32.457],[-6.668,0.715],[0.06,17.549],[0,0]],"o":[[-39.055,3.81],[0,0],[5.583,26.075],[6.668,-0.714],[-0.126,-36.832],[0,0]],"v":[[-7.058,-111.658],[-18.84,-98.102],[-6.029,-36.274],[6.516,34.321],[8.945,-39.412],[9.749,-97.062]],"c":true}]},{"i":{"x":0.667,"y":1},"o":{"x":0.167,"y":0},"t":40,"s":[{"i":[[45.485,-4.525],[0,0],[-7.008,-32.457],[-6.668,0.715],[0.06,17.549],[0,0]],"o":[[-39.055,3.81],[0,0],[5.583,26.075],[6.668,-0.714],[-0.126,-36.832],[0,0]],"v":[[-7.035,-163.698],[-18.818,-150.143],[-6.006,-88.314],[6.539,-17.719],[8.968,-91.452],[9.772,-149.102]],"c":true}]},{"i":{"x":0.359,"y":1},"o":{"x":0.333,"y":0},"t":60,"s":[{"i":[[45.485,-4.525],[0,0],[-7.008,-32.457],[-6.668,0.715],[0.06,17.549],[0,0]],"o":[[-39.055,3.81],[0,0],[5.583,26.075],[6.668,-0.714],[-0.126,-36.832],[0,0]],"v":[[-7.058,-111.658],[-18.84,-98.102],[-6.029,-36.274],[6.516,34.321],[8.945,-39.412],[9.749,-97.062]],"c":true}]},{"t":78,"s":[{"i":[[45.485,-4.525],[0,0],[-17.94,-27.942],[-6.668,0.715],[-5.239,16.749],[0,0]],"o":[[-39.055,3.81],[0,0],[14.368,22.464],[6.668,-0.714],[10.954,-35.166],[0,0]],"v":[[-4.842,-71.085],[-64.854,-19.33],[-17.146,-4.088],[8.732,74.894],[23.099,-3.69],[64.854,-29.411]],"c":true}]}],"ix":2},"nm":"Path 1","mn":"ADBE Vector Shape - Group","hd":false},{"ty":"fl","c":{"a":0,"k":[0.804000016755,0.090000002992,0.204000001795,1],"ix":4},"o":{"a":0,"k":100,"ix":5},"r":1,"bm":0,"nm":"Fill 1","mn":"ADBE Vector Graphic - Fill","hd":false},{"ty":"tr","p":{"a":0,"k":[65.103,75.86],"ix":2},"a":{"a":0,"k":[0,0],"ix":1},"s":{"a":0,"k":[100,100],"ix":3},"r":{"a":0,"k":0,"ix":6},"o":{"a":0,"k":100,"ix":7},"sk":{"a":0,"k":0,"ix":4},"sa":{"a":0,"k":0,"ix":5},"nm":"Transform"}],"nm":"Group 1","np":2,"cix":2,"bm":0,"ix":1,"mn":"ADBE Vector Group","hd":false}],"ip":0,"op":134,"st":0,"bm":0},{"ddd":0,"ind":12,"ty":4,"nm":"red petal ","parent":20,"sr":1,"ks":{"o":{"a":0,"k":100,"ix":11},"r":{"a":1,"k":[{"i":{"x":[0.833],"y":[1]},"o":{"x":[0.167],"y":[0]},"t":4,"s":[0]},{"i":{"x":[0.3],"y":[1]},"o":{"x":[0.633],"y":[0]},"t":18,"s":[3]},{"i":{"x":[0.833],"y":[1]},"o":{"x":[1],"y":[0]},"t":42,"s":[-32]},{"i":{"x":[0.833],"y":[1]},"o":{"x":[0.167],"y":[0]},"t":50,"s":[-25]},{"i":{"x":[0.833],"y":[1]},"o":{"x":[0.167],"y":[0]},"t":58,"s":[-27]},{"i":{"x":[0.833],"y":[1]},"o":{"x":[0.167],"y":[0]},"t":90,"s":[2]},{"i":{"x":[0.833],"y":[1]},"o":{"x":[0.167],"y":[0]},"t":106,"s":[-2]},{"i":{"x":[0.833],"y":[1]},"o":{"x":[0.167],"y":[0]},"t":116,"s":[-1]},{"t":126,"s":[0]}],"ix":10},"p":{"a":1,"k":[{"i":{"x":0.3,"y":1},"o":{"x":0.633,"y":0},"t":18,"s":[84.747,80.496,0],"to":[0,0,0],"ti":[0,0,0]},{"i":{"x":0.833,"y":1},"o":{"x":1,"y":0},"t":42,"s":[72.428,144.264,0],"to":[0,0,0],"ti":[0,0,0]},{"t":90,"s":[84.747,80.496,0]}],"ix":2,"l":2},"a":{"a":0,"k":[113.049,304.37,0],"ix":1,"l":2},"s":{"a":1,"k":[{"i":{"x":[0.3,0.3,0.833],"y":[1,1,1]},"o":{"x":[0.633,0.633,0.167],"y":[0,0,0]},"t":18,"s":[100,100,100]},{"i":{"x":[0.833,0.833,0.833],"y":[1,1,1]},"o":{"x":[1,1,0.167],"y":[0,0,0]},"t":42,"s":[61,61,100]},{"t":72,"s":[100,100,100]}],"ix":6,"l":2}},"ao":0,"shapes":[{"ty":"gr","it":[{"ind":0,"ty":"sh","ix":1,"ks":{"a":1,"k":[{"i":{"x":0.3,"y":1},"o":{"x":0.633,"y":0},"t":18,"s":[{"i":[[35.006,50.645],[45.249,-4.415],[8.607,-35.202],[-13.416,-40.167],[-50.009,7.303],[-6.589,39.69]],"o":[[-12.974,-18.77],[-39.055,3.81],[-12.864,52.606],[13.415,40.245],[51.438,-7.462],[7.303,-43.738]],"v":[[63.109,-116.426],[-13.969,-167.705],[-89.935,-75.386],[-82.87,86.628],[18.418,164.817],[95.496,60.511]],"c":true}]},{"i":{"x":0.833,"y":1},"o":{"x":1,"y":0},"t":42,"s":[{"i":[[35.006,50.645],[46.307,0.181],[8.607,-35.202],[-13.416,-40.167],[-50.009,7.303],[-4.444,39.987]],"o":[[-12.974,-18.77],[-39.24,-0.153],[-12.864,52.606],[13.415,40.245],[51.438,-7.462],[3.912,-35.205]],"v":[[97.005,-32.493],[-3.39,-91.653],[-107.074,-22.123],[-112.328,82.951],[18.448,160.833],[118.742,77.688]],"c":true}]},{"t":72,"s":[{"i":[[35.006,50.645],[45.249,-4.415],[8.607,-35.202],[-13.416,-40.167],[-50.009,7.303],[-6.589,39.69]],"o":[[-12.974,-18.77],[-39.055,3.81],[-12.864,52.606],[13.415,40.245],[51.438,-7.462],[7.303,-43.738]],"v":[[63.109,-116.426],[-13.969,-167.705],[-89.935,-75.386],[-82.87,86.628],[18.418,164.817],[95.496,60.511]],"c":true}]}],"ix":2},"nm":"Path 1","mn":"ADBE Vector Shape - Group","hd":false},{"ty":"fl","c":{"a":0,"k":[0.995999983245,0.4,0.337000020345,1],"ix":4},"o":{"a":0,"k":100,"ix":5},"r":1,"bm":0,"nm":"Fill 1","mn":"ADBE Vector Graphic - Fill","hd":false},{"ty":"tr","p":{"a":0,"k":[103.049,172.37],"ix":2},"a":{"a":0,"k":[0,0],"ix":1},"s":{"a":0,"k":[100,100],"ix":3},"r":{"a":0,"k":0,"ix":6},"o":{"a":0,"k":100,"ix":7},"sk":{"a":0,"k":0,"ix":4},"sa":{"a":0,"k":0,"ix":5},"nm":"Transform"}],"nm":"Group 1","np":2,"cix":2,"bm":0,"ix":1,"mn":"ADBE Vector Group","hd":false}],"ip":0,"op":134,"st":0,"bm":0},{"ddd":0,"ind":13,"ty":4,"nm":"pink petal mask","parent":15,"td":1,"sr":1,"ks":{"o":{"a":0,"k":100,"ix":11},"r":{"a":0,"k":0,"ix":10},"p":{"a":0,"k":[249.49,212.798,0],"ix":2,"l":2},"a":{"a":0,"k":[249.49,212.798,0],"ix":1,"l":2},"s":{"a":0,"k":[100,100,100],"ix":6,"l":2}},"ao":0,"shapes":[{"ty":"gr","it":[{"ind":0,"ty":"sh","ix":1,"ks":{"a":1,"k":[{"i":{"x":0.833,"y":1},"o":{"x":0.167,"y":0},"t":0,"s":[{"i":[[1.508,30.561],[64.06,38.023],[36.35,-2.686],[11.132,-15.093],[0,0],[-35.818,-26.347],[-33.746,-7.175],[0,0]],"o":[[-1.508,-30.562],[-49.176,-29.146],[-15.499,1.367],[-19.319,26.092],[11.392,43.331],[0,0],[65.936,14.022],[0,0]],"v":[[143.732,43.181],[41.649,-93.194],[-73.689,-127.861],[-125.921,-106.846],[-131.954,-37.23],[-47.732,77.474],[38.072,116.526],[126.586,99.065]],"c":true}]},{"i":{"x":0.445,"y":1},"o":{"x":0.633,"y":0},"t":14,"s":[{"i":[[1.508,30.561],[64.06,38.023],[36.35,-2.686],[11.132,-15.093],[0,0],[-35.818,-26.347],[-33.746,-7.175],[0,0]],"o":[[-1.508,-30.562],[-49.176,-29.146],[-15.499,1.367],[-19.319,26.092],[11.392,43.331],[0,0],[65.936,14.022],[0,0]],"v":[[143.732,43.181],[41.649,-93.194],[-73.689,-127.861],[-125.921,-106.846],[-131.954,-37.23],[-47.732,77.474],[38.072,116.526],[126.586,99.065]],"c":true}]},{"i":{"x":0.833,"y":1},"o":{"x":1,"y":0},"t":42,"s":[{"i":[[1.508,30.561],[7.154,4.959],[16.45,0],[11.132,-15.093],[0,0],[-16.867,-15.025],[-29.256,-3.758],[0,0]],"o":[[-1.508,-30.562],[-7.256,-5.03],[-15.499,1.367],[-19.319,26.092],[-1.892,11.887],[0,0],[36.803,4.728],[0,0]],"v":[[143.732,43.182],[113.755,-11.263],[69.233,-29.129],[18.32,-5.859],[8.736,48.722],[37.238,99.97],[76.815,118.088],[126.419,98.58]],"c":true}]},{"t":80,"s":[{"i":[[1.508,30.561],[64.06,38.023],[36.35,-2.686],[11.132,-15.093],[0,0],[-35.818,-26.347],[-33.746,-7.175],[0,0]],"o":[[-1.508,-30.562],[-49.176,-29.146],[-15.499,1.367],[-19.319,26.092],[11.392,43.331],[0,0],[65.936,14.022],[0,0]],"v":[[143.732,43.181],[41.649,-93.194],[-73.689,-127.861],[-125.921,-106.846],[-131.954,-37.23],[-47.732,77.474],[38.072,116.526],[126.586,99.065]],"c":true}]}],"ix":2},"nm":"Path 1","mn":"ADBE Vector Shape - Group","hd":false},{"ty":"fl","c":{"a":0,"k":[0.991999966491,0.525,0.583999992819,1],"ix":4},"o":{"a":0,"k":100,"ix":5},"r":1,"bm":0,"nm":"Fill 1","mn":"ADBE Vector Graphic - Fill","hd":false},{"ty":"tr","p":{"a":0,"k":[145.49,130.797],"ix":2},"a":{"a":0,"k":[0,0],"ix":1},"s":{"a":0,"k":[100,100],"ix":3},"r":{"a":0,"k":0,"ix":6},"o":{"a":0,"k":100,"ix":7},"sk":{"a":0,"k":0,"ix":4},"sa":{"a":0,"k":0,"ix":5},"nm":"Transform"}],"nm":"Group 1","np":2,"cix":2,"bm":0,"ix":1,"mn":"ADBE Vector Group","hd":false}],"ip":0,"op":134,"st":0,"bm":0},{"ddd":0,"ind":14,"ty":4,"nm":"pink petal detail","parent":15,"tt":1,"sr":1,"ks":{"o":{"a":0,"k":100,"ix":11},"r":{"a":0,"k":0,"ix":10},"p":{"a":0,"k":[70.531,62.53,0],"ix":2,"l":2},"a":{"a":0,"k":[71.136,61.214,0],"ix":1,"l":2},"s":{"a":0,"k":[100,100,100],"ix":6,"l":2}},"ao":0,"shapes":[{"ty":"gr","it":[{"ind":0,"ty":"sh","ix":1,"ks":{"a":1,"k":[{"i":{"x":0.667,"y":1},"o":{"x":0.333,"y":0},"t":14,"s":[{"i":[[16.511,-22.385],[0,0],[-21.75,-4.446],[-3.651,4.842],[11.193,33.895],[0,0]],"o":[[-19.924,26.91],[0,0],[23.814,4.842],[4.525,-5.874],[-7.382,-22.385],[0,0]],"v":[[-50.962,-38.579],[-56.915,31.116],[-11.828,25.56],[66.361,56.121],[20.559,-19.528],[13.891,-60.169]],"c":true}]},{"i":{"x":0.667,"y":1},"o":{"x":0.333,"y":0},"t":42,"s":[{"i":[[16.511,-22.385],[0,0],[-17.715,-13.379],[-3.651,4.842],[25.591,24.885],[0,0]],"o":[[-19.924,26.91],[0,0],[19.392,14.645],[4.525,-5.874],[-16.898,-16.433],[0,0]],"v":[[-50.962,-38.579],[-29.935,-23.277],[6.024,8.752],[66.361,56.121],[5.815,-5.928],[-23.618,-32.665]],"c":true}]},{"i":{"x":0.833,"y":1},"o":{"x":0.977,"y":0},"t":58,"s":[{"i":[[16.511,-22.385],[0,0],[-17.715,-13.379],[-3.651,4.842],[25.591,24.885],[0,0]],"o":[[-19.924,26.91],[0,0],[19.392,14.645],[4.525,-5.874],[-16.898,-16.433],[0,0]],"v":[[-50.962,-38.579],[-29.935,-23.277],[6.024,8.752],[66.361,56.121],[5.815,-5.928],[-23.618,-32.665]],"c":true}]},{"t":90,"s":[{"i":[[16.511,-22.385],[0,0],[-21.75,-4.446],[-3.651,4.842],[11.193,33.895],[0,0]],"o":[[-19.924,26.91],[0,0],[23.814,4.842],[4.525,-5.874],[-7.382,-22.385],[0,0]],"v":[[-50.962,-38.579],[-56.915,31.116],[-11.828,25.56],[66.361,56.121],[20.559,-19.528],[13.891,-60.169]],"c":true}]}],"ix":2},"nm":"Path 1","mn":"ADBE Vector Shape - Group","hd":false},{"ty":"fl","c":{"a":0,"k":[0.902000038297,0.344999994016,0.642999985639,1],"ix":4},"o":{"a":0,"k":100,"ix":5},"r":1,"bm":0,"nm":"Fill 1","mn":"ADBE Vector Graphic - Fill","hd":false},{"ty":"tr","p":{"a":0,"k":[71.136,61.214],"ix":2},"a":{"a":0,"k":[0,0],"ix":1},"s":{"a":0,"k":[100,100],"ix":3},"r":{"a":0,"k":0,"ix":6},"o":{"a":0,"k":100,"ix":7},"sk":{"a":0,"k":0,"ix":4},"sa":{"a":0,"k":0,"ix":5},"nm":"Transform"}],"nm":"Group 1","np":2,"cix":2,"bm":0,"ix":1,"mn":"ADBE Vector Group","hd":false}],"ip":0,"op":134,"st":0,"bm":0},{"ddd":0,"ind":15,"ty":4,"nm":"pink petal","parent":23,"sr":1,"ks":{"o":{"a":0,"k":100,"ix":11},"r":{"a":1,"k":[{"i":{"x":[0.833],"y":[1]},"o":{"x":[0.167],"y":[0]},"t":0,"s":[0]},{"i":{"x":[0.445],"y":[1]},"o":{"x":[0.633],"y":[0]},"t":14,"s":[-3]},{"i":{"x":[0.833],"y":[1]},"o":{"x":[0.167],"y":[0]},"t":42,"s":[-26]},{"i":{"x":[0.833],"y":[1]},"o":{"x":[0.167],"y":[0]},"t":52,"s":[-11]},{"i":{"x":[0.833],"y":[1]},"o":{"x":[0.167],"y":[0]},"t":62,"s":[-18]},{"i":{"x":[0.833],"y":[1]},"o":{"x":[0.167],"y":[0]},"t":78,"s":[-26]},{"i":{"x":[0.833],"y":[1]},"o":{"x":[0.167],"y":[0]},"t":92,"s":[4]},{"i":{"x":[0.833],"y":[1]},"o":{"x":[0.167],"y":[0]},"t":104,"s":[-2]},{"i":{"x":[0.833],"y":[1]},"o":{"x":[0.167],"y":[0]},"t":112,"s":[1]},{"t":122,"s":[0]}],"ix":10},"p":{"a":1,"k":[{"i":{"x":0.833,"y":0.833},"o":{"x":0.633,"y":0.633},"t":0,"s":[107.34,117.845,0],"to":[0,0,0],"ti":[0,0,0]},{"i":{"x":0.445,"y":1},"o":{"x":0.633,"y":0},"t":14,"s":[107.34,117.845,0],"to":[0.725,11.353,0],"ti":[0,0,0]},{"i":{"x":0.833,"y":1},"o":{"x":0.167,"y":0},"t":42,"s":[111.688,185.961,0],"to":[0,0,0],"ti":[0.725,11.353,0]},{"t":80,"s":[107.34,117.845,0]}],"ix":2,"l":2},"a":{"a":0,"k":[249.49,212.798,0],"ix":1,"l":2},"s":{"a":1,"k":[{"i":{"x":[0.833,0.833,0.833],"y":[1,1,1]},"o":{"x":[0.167,0.167,0.167],"y":[0,0,0]},"t":0,"s":[100,100,100]},{"i":{"x":[0.833,0.833,0.833],"y":[1,1,1]},"o":{"x":[0.167,0.167,0.167],"y":[0,0,0]},"t":14,"s":[100,100,100]},{"t":80,"s":[100,100,100]}],"ix":6,"l":2}},"ao":0,"shapes":[{"ty":"gr","it":[{"ind":0,"ty":"sh","ix":1,"ks":{"a":1,"k":[{"i":{"x":0.833,"y":1},"o":{"x":0.167,"y":0},"t":0,"s":[{"i":[[1.508,30.561],[64.06,38.023],[36.35,-2.686],[11.132,-15.093],[0,0],[-35.818,-26.347],[-33.746,-7.175],[0,0]],"o":[[-1.508,-30.562],[-49.176,-29.146],[-15.499,1.367],[-19.319,26.092],[11.392,43.331],[0,0],[65.936,14.022],[0,0]],"v":[[143.732,43.181],[41.649,-93.194],[-73.689,-127.861],[-125.921,-106.846],[-131.954,-37.23],[-47.732,77.474],[38.072,116.526],[126.586,99.065]],"c":true}]},{"i":{"x":0.445,"y":1},"o":{"x":0.633,"y":0},"t":14,"s":[{"i":[[1.508,30.561],[64.06,38.023],[36.35,-2.686],[11.132,-15.093],[0,0],[-35.818,-26.347],[-33.746,-7.175],[0,0]],"o":[[-1.508,-30.562],[-49.176,-29.146],[-15.499,1.367],[-19.319,26.092],[11.392,43.331],[0,0],[65.936,14.022],[0,0]],"v":[[143.732,43.181],[41.649,-93.194],[-73.689,-127.861],[-125.921,-106.846],[-131.954,-37.23],[-47.732,77.474],[38.072,116.526],[126.586,99.065]],"c":true}]},{"i":{"x":0.833,"y":1},"o":{"x":1,"y":0},"t":42,"s":[{"i":[[1.508,30.561],[7.154,4.959],[16.45,0],[11.132,-15.093],[0,0],[-16.867,-15.025],[-29.256,-3.758],[0,0]],"o":[[-1.508,-30.562],[-7.256,-5.03],[-15.499,1.367],[-19.319,26.092],[-1.892,11.887],[0,0],[36.803,4.728],[0,0]],"v":[[143.732,43.182],[113.755,-11.263],[69.233,-29.129],[18.32,-5.859],[8.736,48.722],[37.238,99.97],[76.815,118.088],[126.419,98.58]],"c":true}]},{"t":80,"s":[{"i":[[1.508,30.561],[64.06,38.023],[36.35,-2.686],[11.132,-15.093],[0,0],[-35.818,-26.347],[-33.746,-7.175],[0,0]],"o":[[-1.508,-30.562],[-49.176,-29.146],[-15.499,1.367],[-19.319,26.092],[11.392,43.331],[0,0],[65.936,14.022],[0,0]],"v":[[143.732,43.181],[41.649,-93.194],[-73.689,-127.861],[-125.921,-106.846],[-131.954,-37.23],[-47.732,77.474],[38.072,116.526],[126.586,99.065]],"c":true}]}],"ix":2},"nm":"Path 1","mn":"ADBE Vector Shape - Group","hd":false},{"ty":"fl","c":{"a":0,"k":[0.991999966491,0.525,0.583999992819,1],"ix":4},"o":{"a":0,"k":100,"ix":5},"r":1,"bm":0,"nm":"Fill 1","mn":"ADBE Vector Graphic - Fill","hd":false},{"ty":"tr","p":{"a":0,"k":[145.49,130.797],"ix":2},"a":{"a":0,"k":[0,0],"ix":1},"s":{"a":0,"k":[100,100],"ix":3},"r":{"a":0,"k":0,"ix":6},"o":{"a":0,"k":100,"ix":7},"sk":{"a":0,"k":0,"ix":4},"sa":{"a":0,"k":0,"ix":5},"nm":"Transform"}],"nm":"Group 1","np":2,"cix":2,"bm":0,"ix":1,"mn":"ADBE Vector Group","hd":false}],"ip":0,"op":134,"st":0,"bm":0},{"ddd":0,"ind":16,"ty":4,"nm":"purple petal mask","parent":18,"td":1,"sr":1,"ks":{"o":{"a":0,"k":100,"ix":11},"r":{"a":0,"k":0,"ix":10},"p":{"a":0,"k":[195.578,294.438,0],"ix":2,"l":2},"a":{"a":0,"k":[195.578,294.438,0],"ix":1,"l":2},"s":{"a":0,"k":[100,100,100],"ix":6,"l":2}},"ao":0,"shapes":[{"ty":"gr","it":[{"ind":0,"ty":"sh","ix":1,"ks":{"a":1,"k":[{"i":{"x":0.445,"y":1},"o":{"x":0.633,"y":0},"t":14,"s":[{"i":[[6.538,49.096],[0,0],[31.117,22.306],[39.884,-24.473],[-16.386,-46.049],[0,0],[-32.442,-25.091],[-18.082,12.817]],"o":[[-6.63,-49.797],[0,0],[-18.484,-13.34],[-31.032,19.041],[12.71,35.719],[0,0],[33.254,25.72],[17.733,-12.572]],"v":[[120.79,41.523],[76.911,-58.907],[24.917,-113.441],[-96.296,-139.715],[-105.584,-7.866],[-64.068,62.703],[-7.768,118.658],[85.643,151.371]],"c":true}]},{"i":{"x":0.833,"y":1},"o":{"x":0.167,"y":0},"t":44,"s":[{"i":[[6.538,49.096],[33.211,34.152],[37.309,7.193],[39.884,-24.473],[-16.386,-46.049],[0,0],[-32.442,-25.091],[-18.082,12.817]],"o":[[-6.63,-49.797],[-26.489,-27.24],[-55.527,-10.705],[-31.032,19.041],[12.71,35.719],[0,0],[33.254,25.72],[17.733,-12.572]],"v":[[222.538,13.701],[167.765,-119.271],[49.975,-168.769],[-96.296,-139.715],[-142.261,11.035],[-87.403,92.785],[-16.287,141.956],[93.151,170.072]],"c":true}]},{"t":80,"s":[{"i":[[6.538,49.096],[0,0],[31.117,22.306],[39.884,-24.473],[-16.386,-46.049],[0,0],[-32.442,-25.091],[-18.082,12.817]],"o":[[-6.63,-49.797],[0,0],[-18.484,-13.34],[-31.032,19.041],[12.71,35.719],[0,0],[33.254,25.72],[17.733,-12.572]],"v":[[120.79,41.523],[76.911,-58.907],[24.917,-113.441],[-96.296,-139.715],[-105.584,-7.866],[-64.068,62.703],[-7.768,118.658],[85.643,151.371]],"c":true}]}],"ix":2},"nm":"Path 1","mn":"ADBE Vector Shape - Group","hd":false},{"ty":"fl","c":{"a":0,"k":[0.626999978458,0.6,0.969000004787,1],"ix":4},"o":{"a":0,"k":100,"ix":5},"r":1,"bm":0,"nm":"Fill 1","mn":"ADBE Vector Graphic - Fill","hd":false},{"ty":"tr","p":{"a":0,"k":[127.578,164.438],"ix":2},"a":{"a":0,"k":[0,0],"ix":1},"s":{"a":0,"k":[100,100],"ix":3},"r":{"a":0,"k":0,"ix":6},"o":{"a":0,"k":100,"ix":7},"sk":{"a":0,"k":0,"ix":4},"sa":{"a":0,"k":0,"ix":5},"nm":"Transform"}],"nm":"Group 1","np":2,"cix":2,"bm":0,"ix":1,"mn":"ADBE Vector Group","hd":false}],"ip":0,"op":134,"st":0,"bm":0},{"ddd":0,"ind":17,"ty":4,"nm":"purple petal detail","parent":18,"tt":1,"sr":1,"ks":{"o":{"a":0,"k":100,"ix":11},"r":{"a":0,"k":0,"ix":10},"p":{"a":0,"k":[68.908,82.591,0],"ix":2,"l":2},"a":{"a":0,"k":[68.755,76.772,0],"ix":1,"l":2},"s":{"a":0,"k":[100,100,100],"ix":6,"l":2}},"ao":0,"shapes":[{"ty":"gr","it":[{"ind":0,"ty":"sh","ix":1,"ks":{"a":1,"k":[{"i":{"x":0.833,"y":0.833},"o":{"x":0.333,"y":0},"t":16,"s":[{"i":[[29.847,-18.654],[0,0],[-28.576,-11.272],[-5.953,5.16],[0.556,36.832],[0,0]],"o":[[-30.879,19.289],[0,0],[28.339,11.192],[5.954,-5.239],[-0.318,-23.18],[0,0]],"v":[[-37.626,-57.868],[-59.217,25.163],[-9.129,21.988],[62.551,71.362],[30.482,-15.955],[40.563,-55.645]],"c":true}]},{"i":{"x":0.667,"y":1},"o":{"x":0.167,"y":0.167},"t":26,"s":[{"i":[[24.028,-14.326],[0,0],[-21.074,-10.992],[-4.792,3.963],[5.134,27.069],[0,0]],"o":[[-24.858,14.816],[0,0],[20.9,10.909],[4.793,-4.024],[-3.212,-17.035],[0,0]],"v":[[-58.145,-73.755],[-82.997,-21.639],[-18.629,-2.889],[36.997,37.065],[7.042,-29.067],[-1.513,-80.206]],"c":true}]},{"i":{"x":0.833,"y":1},"o":{"x":0.167,"y":0},"t":38,"s":[{"i":[[16.377,-8.636],[0,0],[-11.21,-10.624],[-3.266,2.39],[11.154,14.232],[0,0]],"o":[[-16.942,8.934],[0,0],[11.119,10.538],[3.267,-2.426],[-7.018,-8.955],[0,0]],"v":[[-51.563,-67.882],[-49.383,-53.129],[-31.119,-35.596],[3.398,-8.028],[-23.776,-46.306],[-38.214,-63.409]],"c":true}]},{"i":{"x":0.833,"y":1},"o":{"x":0.167,"y":0},"t":40,"s":[{"i":[[16.377,-8.636],[0,0],[-11.21,-10.624],[-3.266,2.39],[11.154,14.232],[0,0]],"o":[[-16.942,8.934],[0,0],[11.119,10.538],[3.267,-2.426],[-7.018,-8.955],[0,0]],"v":[[-128.646,-137.521],[-126.466,-122.768],[-108.202,-105.235],[-73.685,-77.667],[-100.859,-115.945],[-115.297,-133.048]],"c":true}]},{"i":{"x":0.833,"y":0.833},"o":{"x":0.167,"y":0},"t":68,"s":[{"i":[[16.377,-8.636],[0,0],[-11.21,-10.624],[-3.266,2.39],[11.154,14.232],[0,0]],"o":[[-16.942,8.934],[0,0],[11.119,10.538],[3.267,-2.426],[-7.018,-8.955],[0,0]],"v":[[-128.646,-137.521],[-126.466,-122.768],[-108.202,-105.235],[-73.685,-77.667],[-100.859,-115.945],[-115.297,-133.048]],"c":true}]},{"i":{"x":0.833,"y":1},"o":{"x":0.167,"y":0.167},"t":74,"s":[{"i":[[25.122,-15.14],[0,0],[-18.302,-17.104],[-5.01,4.188],[17.928,23.071],[0,0]],"o":[[-25.99,15.656],[0,0],[18.153,16.965],[5.011,-4.252],[-13.703,-17.635],[0,0]],"v":[[-69.558,-85.812],[-71.036,-64.748],[-39.561,-35.368],[14.757,19.08],[-30.888,-50.937],[-46.034,-76.455]],"c":true}]},{"t":84,"s":[{"i":[[29.847,-18.654],[0,0],[-28.576,-11.272],[-5.953,5.16],[0.556,36.832],[0,0]],"o":[[-30.879,19.289],[0,0],[28.339,11.192],[5.954,-5.239],[-0.318,-23.18],[0,0]],"v":[[-37.626,-57.868],[-59.217,25.163],[-9.129,21.988],[62.551,71.362],[30.482,-15.955],[40.563,-55.645]],"c":true}]}],"ix":2},"nm":"Path 1","mn":"ADBE Vector Shape - Group","hd":false},{"ty":"fl","c":{"a":0,"k":[0.493999974868,0.263000009574,0.642999985639,1],"ix":4},"o":{"a":0,"k":100,"ix":5},"r":1,"bm":0,"nm":"Fill 1","mn":"ADBE Vector Graphic - Fill","hd":false},{"ty":"tr","p":{"a":0,"k":[68.755,76.772],"ix":2},"a":{"a":0,"k":[0,0],"ix":1},"s":{"a":0,"k":[100,100],"ix":3},"r":{"a":0,"k":0,"ix":6},"o":{"a":0,"k":100,"ix":7},"sk":{"a":0,"k":0,"ix":4},"sa":{"a":0,"k":0,"ix":5},"nm":"Transform"}],"nm":"Group 1","np":2,"cix":2,"bm":0,"ix":1,"mn":"ADBE Vector Group","hd":false}],"ip":0,"op":134,"st":0,"bm":0},{"ddd":0,"ind":18,"ty":4,"nm":"purple petal","parent":22,"sr":1,"ks":{"o":{"a":0,"k":100,"ix":11},"r":{"a":1,"k":[{"i":{"x":[0.776],"y":[1.501]},"o":{"x":[0.472],"y":[0]},"t":2,"s":[0]},{"i":{"x":[0.833],"y":[0.752]},"o":{"x":[0.684],"y":[0.741]},"t":18,"s":[4]},{"i":{"x":[0.357],"y":[1]},"o":{"x":[0.167],"y":[0.126]},"t":31,"s":[-2.724]},{"i":{"x":[0.833],"y":[1]},"o":{"x":[0.167],"y":[0]},"t":44,"s":[-16]},{"i":{"x":[0.833],"y":[1]},"o":{"x":[0.167],"y":[0]},"t":54,"s":[7]},{"i":{"x":[0.833],"y":[1]},"o":{"x":[0.167],"y":[0]},"t":74,"s":[-21]},{"i":{"x":[0.833],"y":[1]},"o":{"x":[0.167],"y":[0]},"t":92,"s":[3]},{"i":{"x":[0.833],"y":[1]},"o":{"x":[0.167],"y":[0]},"t":104,"s":[-2]},{"i":{"x":[0.833],"y":[1]},"o":{"x":[0.167],"y":[0]},"t":116,"s":[1]},{"t":128,"s":[0]}],"ix":10},"p":{"a":1,"k":[{"i":{"x":0.833,"y":1},"o":{"x":0.633,"y":0},"t":0,"s":[103.401,115.083,0],"to":[0,0,0],"ti":[0,0,0]},{"i":{"x":0.445,"y":1},"o":{"x":0.633,"y":0},"t":14,"s":[108.918,124.808,0],"to":[0,0,0],"ti":[0,0,0]},{"i":{"x":0.833,"y":1},"o":{"x":0.167,"y":0},"t":44,"s":[109.198,204.938,0],"to":[0,0,0],"ti":[0,0,0]},{"t":80,"s":[103.401,115.083,0]}],"ix":2,"l":2},"a":{"a":0,"k":[195.578,294.438,0],"ix":1,"l":2},"s":{"a":1,"k":[{"i":{"x":[0.833,0.833,0.833],"y":[1,1,1]},"o":{"x":[0.167,0.167,0.167],"y":[0,0,0]},"t":0,"s":[100,100,100]},{"i":{"x":[0.445,0.445,0.833],"y":[1,1,1]},"o":{"x":[0.633,0.633,0.167],"y":[0,0,0]},"t":14,"s":[100,100,100]},{"i":{"x":[0.833,0.833,0.833],"y":[1,1,1]},"o":{"x":[1,1,0.167],"y":[0,0,0]},"t":44,"s":[41,41,100]},{"t":80,"s":[100,100,100]}],"ix":6,"l":2}},"ao":0,"shapes":[{"ty":"gr","it":[{"ind":0,"ty":"sh","ix":1,"ks":{"a":1,"k":[{"i":{"x":0.445,"y":1},"o":{"x":0.633,"y":0},"t":14,"s":[{"i":[[6.538,49.096],[0,0],[31.117,22.306],[39.884,-24.473],[-16.386,-46.049],[0,0],[-32.442,-25.091],[-18.082,12.817]],"o":[[-6.63,-49.797],[0,0],[-18.484,-13.34],[-31.032,19.041],[12.71,35.719],[0,0],[33.254,25.72],[17.733,-12.572]],"v":[[120.79,41.523],[76.911,-58.907],[24.917,-113.441],[-96.296,-139.715],[-105.584,-7.866],[-64.068,62.703],[-7.768,118.658],[85.643,151.371]],"c":true}]},{"i":{"x":0.833,"y":1},"o":{"x":0.167,"y":0},"t":44,"s":[{"i":[[6.538,49.096],[33.211,34.152],[37.309,7.193],[39.884,-24.473],[-16.386,-46.049],[0,0],[-32.442,-25.091],[-18.082,12.817]],"o":[[-6.63,-49.797],[-26.489,-27.24],[-55.527,-10.705],[-31.032,19.041],[12.71,35.719],[0,0],[33.254,25.72],[17.733,-12.572]],"v":[[222.538,13.701],[167.765,-119.271],[49.975,-168.769],[-96.296,-139.715],[-142.261,11.035],[-87.403,92.785],[-16.287,141.956],[93.151,170.072]],"c":true}]},{"t":80,"s":[{"i":[[6.538,49.096],[0,0],[31.117,22.306],[39.884,-24.473],[-16.386,-46.049],[0,0],[-32.442,-25.091],[-18.082,12.817]],"o":[[-6.63,-49.797],[0,0],[-18.484,-13.34],[-31.032,19.041],[12.71,35.719],[0,0],[33.254,25.72],[17.733,-12.572]],"v":[[120.79,41.523],[76.911,-58.907],[24.917,-113.441],[-96.296,-139.715],[-105.584,-7.866],[-64.068,62.703],[-7.768,118.658],[85.643,151.371]],"c":true}]}],"ix":2},"nm":"Path 1","mn":"ADBE Vector Shape - Group","hd":false},{"ty":"fl","c":{"a":0,"k":[0.626999978458,0.6,0.969000004787,1],"ix":4},"o":{"a":0,"k":100,"ix":5},"r":1,"bm":0,"nm":"Fill 1","mn":"ADBE Vector Graphic - Fill","hd":false},{"ty":"tr","p":{"a":0,"k":[127.578,164.438],"ix":2},"a":{"a":0,"k":[0,0],"ix":1},"s":{"a":0,"k":[100,100],"ix":3},"r":{"a":0,"k":0,"ix":6},"o":{"a":0,"k":100,"ix":7},"sk":{"a":0,"k":0,"ix":4},"sa":{"a":0,"k":0,"ix":5},"nm":"Transform"}],"nm":"Group 1","np":2,"cix":2,"bm":0,"ix":1,"mn":"ADBE Vector Group","hd":false}],"ip":0,"op":134,"st":0,"bm":0},{"ddd":0,"ind":19,"ty":4,"nm":"fuchsia stem","parent":1,"sr":1,"ks":{"o":{"a":0,"k":100,"ix":11},"r":{"a":1,"k":[{"i":{"x":[0.833],"y":[1]},"o":{"x":[0.167],"y":[0]},"t":0,"s":[0]},{"i":{"x":[0.667],"y":[1]},"o":{"x":[0.333],"y":[0]},"t":4,"s":[0]},{"i":{"x":[0.654],"y":[1]},"o":{"x":[0.346],"y":[0]},"t":14,"s":[1]},{"i":{"x":[0.747],"y":[0.979]},"o":{"x":[0.422],"y":[0]},"t":42,"s":[-1]},{"i":{"x":[0.749],"y":[1]},"o":{"x":[0.901],"y":[-0.127]},"t":56,"s":[2]},{"t":72,"s":[0]}],"ix":10},"p":{"a":1,"k":[{"i":{"x":0.3,"y":0.3},"o":{"x":0.867,"y":0.867},"t":0,"s":[-39.204,-35.178,0],"to":[0,0,0],"ti":[0,0,0]},{"i":{"x":0.833,"y":0.833},"o":{"x":1,"y":1},"t":42,"s":[-39.204,-35.178,0],"to":[0,0,0],"ti":[0,0,0]},{"t":72,"s":[-39.204,-35.178,0]}],"ix":2,"l":2},"a":{"a":0,"k":[462.211,214.586,0],"ix":1,"l":2},"s":{"a":0,"k":[100,100,100],"ix":6,"l":2}},"ao":0,"shapes":[{"ty":"gr","it":[{"ind":0,"ty":"sh","ix":1,"ks":{"a":1,"k":[{"i":{"x":0.833,"y":1},"o":{"x":0.167,"y":0},"t":0,"s":[{"i":[[0,0],[-155.828,19.232]],"o":[[0,0],[0,0]],"v":[[-182.21,-66.586],[182.21,47.354]],"c":false}]},{"i":{"x":0.3,"y":1},"o":{"x":0.633,"y":0},"t":14,"s":[{"i":[[0,0],[-155.828,19.232]],"o":[[0,0],[0,0]],"v":[[-182.21,-66.586],[182.21,47.354]],"c":false}]},{"i":{"x":0.833,"y":1},"o":{"x":1,"y":0},"t":42,"s":[{"i":[[0,0],[-164.456,8.287]],"o":[[0,0],[0,0]],"v":[[-188.008,-21.658],[182.21,47.354]],"c":false}]},{"t":72,"s":[{"i":[[0,0],[-155.828,19.232]],"o":[[0,0],[0,0]],"v":[[-182.21,-66.586],[182.21,47.354]],"c":false}]}],"ix":2},"nm":"Path 1","mn":"ADBE Vector Shape - Group","hd":false},{"ty":"st","c":{"a":0,"k":[0.451000019148,0.497999991623,0.224000010771,1],"ix":3},"o":{"a":0,"k":100,"ix":4},"w":{"a":0,"k":40,"ix":5},"lc":1,"lj":1,"ml":10,"bm":0,"nm":"Stroke 1","mn":"ADBE Vector Graphic - Stroke","hd":false},{"ty":"tr","p":{"a":0,"k":[282.21,166.586],"ix":2},"a":{"a":0,"k":[0,0],"ix":1},"s":{"a":0,"k":[100,100],"ix":3},"r":{"a":0,"k":0,"ix":6},"o":{"a":0,"k":100,"ix":7},"sk":{"a":0,"k":0,"ix":4},"sa":{"a":0,"k":0,"ix":5},"nm":"Transform"}],"nm":"Group 1","np":2,"cix":2,"bm":0,"ix":1,"mn":"ADBE Vector Group","hd":false}],"ip":0,"op":134,"st":0,"bm":0},{"ddd":0,"ind":20,"ty":4,"nm":"red stem","parent":1,"sr":1,"ks":{"o":{"a":0,"k":100,"ix":11},"r":{"a":1,"k":[{"i":{"x":[0.667],"y":[1]},"o":{"x":[0.333],"y":[0]},"t":0,"s":[0]},{"i":{"x":[0.3],"y":[1]},"o":{"x":[0.333],"y":[0]},"t":14,"s":[2]},{"i":{"x":[0],"y":[1]},"o":{"x":[1],"y":[0]},"t":42,"s":[0]},{"t":84,"s":[0]}],"ix":10},"p":{"a":1,"k":[{"i":{"x":0.3,"y":0.3},"o":{"x":1,"y":1},"t":0,"s":[13.299,-12.895,0],"to":[0,0,0],"ti":[0,0,0]},{"i":{"x":0.667,"y":1},"o":{"x":1,"y":0},"t":42,"s":[13.299,-12.895,0],"to":[-5.069,-14.706,0],"ti":[-0.589,0.004,0]},{"i":{"x":0.667,"y":1},"o":{"x":0.167,"y":0},"t":72,"s":[-17.114,-101.133,0],"to":[0.589,-0.004,0],"ti":[-5.086,-12.706,0]},{"i":{"x":0.667,"y":1},"o":{"x":0.167,"y":0},"t":84,"s":[16.834,-12.922,0],"to":[5.086,12.706,0],"ti":[0.589,-0.004,0]},{"i":{"x":0.3,"y":1},"o":{"x":0.167,"y":0},"t":98,"s":[13.404,-24.894,0],"to":[-0.589,0.004,0],"ti":[0.017,-2,0]},{"t":110,"s":[13.299,-12.895,0]}],"ix":2,"l":2},"a":{"a":0,"k":[187.021,507.315,0],"ix":1,"l":2},"s":{"a":0,"k":[100,100,100],"ix":6,"l":2}},"ao":0,"shapes":[{"ty":"gr","it":[{"ind":0,"ty":"sh","ix":1,"ks":{"a":1,"k":[{"i":{"x":0.3,"y":1},"o":{"x":0.633,"y":0},"t":14,"s":[{"i":[[0,0],[-47.747,-98.905]],"o":[[10.232,84.126],[0,0]],"v":[[-50.021,-210.316],[50.021,210.316]],"c":false}]},{"i":{"x":0,"y":1},"o":{"x":1,"y":0},"t":42,"s":[{"i":[[0,0],[-47.747,-98.905]],"o":[[26.403,93.181],[0,0]],"v":[[-86.202,-182.905],[50.021,210.316]],"c":false}]},{"t":84,"s":[{"i":[[0,0],[-47.747,-98.905]],"o":[[10.232,84.126],[0,0]],"v":[[-50.021,-210.316],[50.021,210.316]],"c":false}]}],"ix":2},"nm":"Path 1","mn":"ADBE Vector Shape - Group","hd":false},{"ty":"st","c":{"a":0,"k":[0.451000019148,0.497999991623,0.224000010771,1],"ix":3},"o":{"a":0,"k":100,"ix":4},"w":{"a":0,"k":34,"ix":5},"lc":1,"lj":1,"ml":10,"bm":0,"nm":"Stroke 1","mn":"ADBE Vector Graphic - Stroke","hd":false},{"ty":"tr","p":{"a":0,"k":[135.021,295.316],"ix":2},"a":{"a":0,"k":[0,0],"ix":1},"s":{"a":0,"k":[100,100],"ix":3},"r":{"a":0,"k":0,"ix":6},"o":{"a":0,"k":100,"ix":7},"sk":{"a":0,"k":0,"ix":4},"sa":{"a":0,"k":0,"ix":5},"nm":"Transform"}],"nm":"Group 1","np":2,"cix":2,"bm":0,"ix":1,"mn":"ADBE Vector Group","hd":false}],"ip":0,"op":134,"st":0,"bm":0},{"ddd":0,"ind":21,"ty":4,"nm":"yellow stem","parent":1,"sr":1,"ks":{"o":{"a":0,"k":100,"ix":11},"r":{"a":1,"k":[{"i":{"x":[0.667],"y":[1]},"o":{"x":[0.333],"y":[0]},"t":0,"s":[0]},{"i":{"x":[0.833],"y":[1]},"o":{"x":[0.333],"y":[0]},"t":14,"s":[1]},{"i":{"x":[0.667],"y":[1]},"o":{"x":[0.167],"y":[0]},"t":42,"s":[0]},{"t":110,"s":[0]}],"ix":10},"p":{"a":1,"k":[{"i":{"x":0.833,"y":0.833},"o":{"x":0.867,"y":0.867},"t":0,"s":[-3.074,-35.4,0],"to":[0,0,0],"ti":[0,0,0]},{"i":{"x":0.667,"y":1},"o":{"x":0.867,"y":0},"t":42,"s":[-3.074,-35.4,0],"to":[-7.214,-14.508,0],"ti":[0,0,0]},{"i":{"x":0.833,"y":1},"o":{"x":0.167,"y":0},"t":72,"s":[-46.361,-122.448,0],"to":[0,0,0],"ti":[-7.214,-14.508,0]},{"i":{"x":0.833,"y":0.833},"o":{"x":0.867,"y":0.867},"t":94,"s":[-3.074,-35.4,0],"to":[0,0,0],"ti":[0,0,0]},{"t":110,"s":[-3.074,-35.4,0]}],"ix":2,"l":2},"a":{"a":0,"k":[311.616,503,0],"ix":1,"l":2},"s":{"a":0,"k":[100,100,100],"ix":6,"l":2}},"ao":0,"shapes":[{"ty":"gr","it":[{"ind":0,"ty":"sh","ix":1,"ks":{"a":1,"k":[{"i":{"x":0.833,"y":1},"o":{"x":0.167,"y":0},"t":0,"s":[{"i":[[0,0],[-39.79,-147.79]],"o":[[0,0],[0,0]],"v":[[-114.616,-216],[114.616,216]],"c":false}]},{"i":{"x":0.445,"y":1},"o":{"x":0.633,"y":0},"t":14,"s":[{"i":[[0,0],[-39.79,-147.79]],"o":[[0,0],[0,0]],"v":[[-114.616,-216],[114.616,216]],"c":false}]},{"i":{"x":0.833,"y":1},"o":{"x":0.167,"y":0},"t":42,"s":[{"i":[[0,0],[-37.223,-171.354]],"o":[[0,0],[0,0]],"v":[[-149.399,-197.159],[114.616,216]],"c":false}]},{"t":110,"s":[{"i":[[0,0],[-39.79,-147.79]],"o":[[0,0],[0,0]],"v":[[-114.616,-216],[114.616,216]],"c":false}]}],"ix":2},"nm":"Path 1","mn":"ADBE Vector Shape - Group","hd":false},{"ty":"st","c":{"a":0,"k":[0.451000019148,0.497999991623,0.224000010771,1],"ix":3},"o":{"a":0,"k":100,"ix":4},"w":{"a":0,"k":34,"ix":5},"lc":1,"lj":1,"ml":10,"bm":0,"nm":"Stroke 1","mn":"ADBE Vector Graphic - Stroke","hd":false},{"ty":"tr","p":{"a":0,"k":[199.616,301],"ix":2},"a":{"a":0,"k":[0,0],"ix":1},"s":{"a":0,"k":[100,100],"ix":3},"r":{"a":0,"k":0,"ix":6},"o":{"a":0,"k":100,"ix":7},"sk":{"a":0,"k":0,"ix":4},"sa":{"a":0,"k":0,"ix":5},"nm":"Transform"}],"nm":"Group 1","np":2,"cix":2,"bm":0,"ix":1,"mn":"ADBE Vector Group","hd":false}],"ip":0,"op":134,"st":0,"bm":0},{"ddd":0,"ind":22,"ty":4,"nm":"purple stem","parent":1,"sr":1,"ks":{"o":{"a":0,"k":100,"ix":11},"r":{"a":1,"k":[{"i":{"x":[0.667],"y":[1]},"o":{"x":[0.333],"y":[0]},"t":0,"s":[0]},{"i":{"x":[0.833],"y":[1]},"o":{"x":[0.333],"y":[0]},"t":14,"s":[1]},{"i":{"x":[0.833],"y":[1]},"o":{"x":[0.167],"y":[0]},"t":42,"s":[0]},{"t":80,"s":[0]}],"ix":10},"p":{"a":1,"k":[{"i":{"x":0,"y":0},"o":{"x":0.867,"y":0.867},"t":42,"s":[-178.2,-202.432,0],"to":[0,0,0],"ti":[0,0,0]},{"t":80,"s":[-178.2,-202.432,0]}],"ix":2,"l":2},"a":{"a":0,"k":[293.847,401.168,0],"ix":1,"l":2},"s":{"a":0,"k":[100,100,100],"ix":6,"l":2}},"ao":0,"shapes":[{"ty":"gr","it":[{"ind":0,"ty":"sh","ix":1,"ks":{"a":1,"k":[{"i":{"x":0.445,"y":1},"o":{"x":0.633,"y":0},"t":14,"s":[{"i":[[0,0],[-34.35,-153.341]],"o":[[50.021,49.011],[0,0]],"v":[[-104.848,-160.169],[104.848,160.169]],"c":false}]},{"i":{"x":0,"y":1},"o":{"x":0.167,"y":0},"t":42,"s":[{"i":[[0,0],[-123.952,-150.867]],"o":[[50.021,49.011],[0,0]],"v":[[-142.529,-107.995],[135.282,157.27]],"c":false}]},{"t":80,"s":[{"i":[[0,0],[-34.35,-153.341]],"o":[[50.021,49.011],[0,0]],"v":[[-104.848,-160.169],[104.848,160.169]],"c":false}]}],"ix":2},"nm":"Path 1","mn":"ADBE Vector Shape - Group","hd":false},{"ty":"st","c":{"a":0,"k":[0.451000019148,0.497999991623,0.224000010771,1],"ix":3},"o":{"a":0,"k":100,"ix":4},"w":{"a":0,"k":38,"ix":5},"lc":1,"lj":1,"ml":10,"bm":0,"nm":"Stroke 1","mn":"ADBE Vector Graphic - Stroke","hd":false},{"ty":"tr","p":{"a":0,"k":[199.848,255.169],"ix":2},"a":{"a":0,"k":[0,0],"ix":1},"s":{"a":0,"k":[100,100],"ix":3},"r":{"a":0,"k":0,"ix":6},"o":{"a":0,"k":100,"ix":7},"sk":{"a":0,"k":0,"ix":4},"sa":{"a":0,"k":0,"ix":5},"nm":"Transform"}],"nm":"Group 1","np":2,"cix":2,"bm":0,"ix":1,"mn":"ADBE Vector Group","hd":false}],"ip":0,"op":134,"st":0,"bm":0},{"ddd":0,"ind":23,"ty":4,"nm":"pink stem","parent":1,"sr":1,"ks":{"o":{"a":0,"k":100,"ix":11},"r":{"a":1,"k":[{"i":{"x":[0.667],"y":[1]},"o":{"x":[0.333],"y":[0]},"t":2,"s":[0]},{"i":{"x":[0.833],"y":[1]},"o":{"x":[0.333],"y":[0]},"t":14,"s":[0.5]},{"i":{"x":[0.833],"y":[1]},"o":{"x":[0.167],"y":[0]},"t":42,"s":[0]},{"t":72,"s":[0]}],"ix":10},"p":{"a":1,"k":[{"i":{"x":0.833,"y":0.833},"o":{"x":0.867,"y":0.867},"t":2,"s":[-258.246,-282.556,0],"to":[0,0,0],"ti":[0,0,0]},{"i":{"x":0.833,"y":0.833},"o":{"x":0.867,"y":0.867},"t":42,"s":[-258.246,-282.556,0],"to":[0,0,0],"ti":[0,0,0]},{"t":72,"s":[-258.246,-282.556,0]}],"ix":2,"l":2},"a":{"a":0,"k":[236.814,239.089,0],"ix":1,"l":2},"s":{"a":0,"k":[100,100,100],"ix":6,"l":2}},"ao":0,"shapes":[{"ty":"gr","it":[{"ind":0,"ty":"sh","ix":1,"ks":{"a":1,"k":[{"i":{"x":0.833,"y":1},"o":{"x":0.167,"y":0},"t":2,"s":[{"i":[[0,0],[-62.527,-87.537]],"o":[[0,0],[0,0]],"v":[[-67.314,-63.589],[67.314,63.589]],"c":false}]},{"i":{"x":0.445,"y":1},"o":{"x":0.633,"y":0},"t":14,"s":[{"i":[[0,0],[-62.527,-87.537]],"o":[[0,0],[0,0]],"v":[[-67.314,-63.589],[67.314,63.589]],"c":false}]},{"i":{"x":0.833,"y":1},"o":{"x":0.167,"y":0},"t":42,"s":[{"i":[[0,0],[-62.527,-87.537]],"o":[[0,0],[0,0]],"v":[[-91.952,3.078],[113.691,114.313]],"c":false}]},{"t":72,"s":[{"i":[[0,0],[-62.527,-87.537]],"o":[[0,0],[0,0]],"v":[[-67.314,-63.589],[67.314,63.589]],"c":false}]}],"ix":2},"nm":"Path 1","mn":"ADBE Vector Shape - Group","hd":false},{"ty":"st","c":{"a":0,"k":[0.451000019148,0.497999991623,0.224000010771,1],"ix":3},"o":{"a":0,"k":100,"ix":4},"w":{"a":0,"k":39,"ix":5},"lc":1,"lj":1,"ml":10,"bm":0,"nm":"Stroke 1","mn":"ADBE Vector Graphic - Stroke","hd":false},{"ty":"tr","p":{"a":0,"k":[164.814,161.088],"ix":2},"a":{"a":0,"k":[0,0],"ix":1},"s":{"a":0,"k":[100,100],"ix":3},"r":{"a":0,"k":0,"ix":6},"o":{"a":0,"k":100,"ix":7},"sk":{"a":0,"k":0,"ix":4},"sa":{"a":0,"k":0,"ix":5},"nm":"Transform"}],"nm":"Group 1","np":2,"cix":2,"bm":0,"ix":1,"mn":"ADBE Vector Group","hd":false}],"ip":0,"op":134,"st":0,"bm":0},{"ddd":0,"ind":24,"ty":4,"nm":"back leaf","parent":1,"sr":1,"ks":{"o":{"a":0,"k":100,"ix":11},"r":{"a":1,"k":[{"i":{"x":[0.396],"y":[1]},"o":{"x":[0.333],"y":[0]},"t":0,"s":[0]},{"i":{"x":[0.445],"y":[1]},"o":{"x":[0.799],"y":[0]},"t":14,"s":[1]},{"i":{"x":[0.578],"y":[3.118]},"o":{"x":[0.169],"y":[0]},"t":42,"s":[-18]},{"i":{"x":[0.835],"y":[1]},"o":{"x":[0.411],"y":[0.236]},"t":56,"s":[-18.78]},{"i":{"x":[0.833],"y":[1]},"o":{"x":[0.167],"y":[0]},"t":72,"s":[-11]},{"i":{"x":[0.833],"y":[1]},"o":{"x":[0.167],"y":[0]},"t":88,"s":[2]},{"i":{"x":[0.833],"y":[1]},"o":{"x":[0.167],"y":[0]},"t":104,"s":[-1]},{"t":122,"s":[0]}],"ix":10},"p":{"a":1,"k":[{"i":{"x":0.396,"y":0.396},"o":{"x":0.333,"y":0.333},"t":0,"s":[-35.896,-108.739,0],"to":[0,0,0],"ti":[0,0,0]},{"t":14,"s":[-35.896,-108.739,0]}],"ix":2,"l":2},"a":{"a":0,"k":[115.672,617.833,0],"ix":1,"l":2},"s":{"a":0,"k":[100,100,100],"ix":6,"l":2}},"ao":0,"shapes":[{"ty":"gr","it":[{"ind":0,"ty":"sh","ix":1,"ks":{"a":1,"k":[{"i":{"x":0.396,"y":1},"o":{"x":0.333,"y":0},"t":0,"s":[{"i":[[5.239,-1.429],[8.176,-32.784],[2.937,-81.205],[0,0],[0,0],[-6.747,48.422],[-8.017,26.672]],"o":[[-4.842,1.35],[-8.176,32.783],[-2.54,70.251],[0,0],[0,0],[6.668,-48.422],[9.684,-31.91]],"v":[[41.318,-201.903],[-12.343,-91.643],[-42.111,71.482],[-46.556,179.517],[-20.52,203.331],[-15.28,29.013],[17.504,-119.268]],"c":true}]},{"i":{"x":0.667,"y":1},"o":{"x":0.799,"y":0},"t":14,"s":[{"i":[[5.239,-1.429],[8.176,-32.784],[2.937,-81.205],[0,0],[0,0],[-6.747,48.422],[-8.017,26.672]],"o":[[-4.842,1.35],[-8.176,32.783],[-2.54,70.251],[0,0],[0,0],[6.668,-48.422],[9.684,-31.91]],"v":[[41.318,-201.903],[-12.343,-91.643],[-42.111,71.482],[-46.556,179.517],[-20.52,203.331],[-15.28,29.013],[17.504,-119.268]],"c":true}]},{"i":{"x":0.667,"y":1},"o":{"x":0.333,"y":0},"t":34,"s":[{"i":[[4.807,-2.526],[9.216,-32.507],[2.937,-81.205],[0,0],[0,0],[-6.747,48.422],[-2.226,27.762]],"o":[[-4.45,2.338],[-8.838,31.173],[-2.54,70.251],[0,0],[0,0],[6.668,-48.422],[2.754,-33.233]],"v":[[37.314,-239.483],[-0.01,-124.767],[-34.261,72.866],[-36.607,185.687],[-11.578,202.7],[-7.431,30.398],[32.971,-154.15]],"c":true}]},{"i":{"x":0.667,"y":1},"o":{"x":0.73,"y":0},"t":56,"s":[{"i":[[3.724,-3.933],[9.216,-32.507],[2.937,-81.205],[0,0],[0,0],[-6.747,48.422],[4.123,27.544]],"o":[[-3.447,3.641],[-8.838,31.173],[-2.54,70.251],[0,0],[0,0],[6.668,-48.422],[-4.849,-32.993]],"v":[[7.369,-254.134],[-0.01,-124.767],[-34.261,72.866],[-36.607,185.687],[-11.578,202.7],[-7.431,30.398],[28.351,-164.629]],"c":true}]},{"i":{"x":0.667,"y":1},"o":{"x":0.333,"y":0},"t":82,"s":[{"i":[[4.37,-3.223],[9.216,-32.507],[2.937,-81.205],[0,0],[0,0],[-6.747,48.422],[-2.226,27.762]],"o":[[-4.046,2.983],[-8.838,31.173],[-2.54,70.251],[0,0],[0,0],[6.668,-48.422],[2.754,-33.233]],"v":[[30.52,-249.457],[-0.01,-124.767],[-34.261,72.866],[-36.607,185.687],[-11.578,202.7],[-7.431,30.398],[32.971,-154.15]],"c":true}]},{"i":{"x":0.833,"y":1},"o":{"x":0.167,"y":0},"t":96,"s":[{"i":[[5.413,-0.428],[8.176,-32.784],[2.937,-81.205],[0,0],[0,0],[-6.747,48.422],[-8.017,26.672]],"o":[[-5.011,0.396],[-8.176,32.783],[-2.54,70.251],[0,0],[0,0],[6.668,-48.422],[9.684,-31.91]],"v":[[51.876,-190.147],[-12.343,-91.643],[-42.111,71.482],[-46.556,179.517],[-20.52,203.331],[-15.28,29.013],[17.504,-119.268]],"c":true}]},{"t":110,"s":[{"i":[[5.239,-1.429],[8.176,-32.784],[2.937,-81.205],[0,0],[0,0],[-6.747,48.422],[-8.017,26.672]],"o":[[-4.842,1.35],[-8.176,32.783],[-2.54,70.251],[0,0],[0,0],[6.668,-48.422],[9.684,-31.91]],"v":[[41.318,-201.903],[-12.343,-91.643],[-42.111,71.482],[-46.556,179.517],[-20.52,203.331],[-15.28,29.013],[17.504,-119.268]],"c":true}]}],"ix":2},"nm":"Path 1","mn":"ADBE Vector Shape - Group","hd":false},{"ty":"fl","c":{"a":0,"k":[0.709999952129,0.816000007181,0.141000007181,1],"ix":4},"o":{"a":0,"k":100,"ix":5},"r":1,"bm":0,"nm":"Fill 1","mn":"ADBE Vector Graphic - Fill","hd":false},{"ty":"tr","p":{"a":0,"k":[139.238,313.046],"ix":2},"a":{"a":0,"k":[0,0],"ix":1},"s":{"a":0,"k":[100,100],"ix":3},"r":{"a":0,"k":0,"ix":6},"o":{"a":0,"k":100,"ix":7},"sk":{"a":0,"k":0,"ix":4},"sa":{"a":0,"k":0,"ix":5},"nm":"Transform"}],"nm":"Group 1","np":2,"cix":2,"bm":0,"ix":1,"mn":"ADBE Vector Group","hd":false},{"ty":"gr","it":[{"ind":0,"ty":"sh","ix":1,"ks":{"a":1,"k":[{"i":{"x":0.396,"y":1},"o":{"x":0.333,"y":0},"t":0,"s":[{"i":[[-20.196,-112.713],[0,0],[0,0],[-3.334,16.749],[-13.415,48.421],[5.636,3.334],[14.526,-11.113],[19.607,-25.322],[0,0]],"o":[[20.196,112.713],[0,0],[0,0],[3.334,-16.75],[11.113,-40.008],[-5.557,-3.334],[-14.527,11.113],[-33.498,43.183],[0,0]],"v":[[-107.225,131.85],[-74.839,306.168],[26.848,319.583],[60.346,-64.853],[93.13,-204.879],[121.786,-316.249],[82.651,-282.751],[5.177,-212.341],[-58.169,-99.463]],"c":true}]},{"i":{"x":0.667,"y":1},"o":{"x":0.799,"y":0},"t":14,"s":[{"i":[[-20.196,-112.713],[0,0],[0,0],[-3.334,16.749],[-13.415,48.421],[5.636,3.334],[14.526,-11.113],[19.607,-25.322],[0,0]],"o":[[20.196,112.713],[0,0],[0,0],[3.334,-16.75],[11.113,-40.008],[-5.557,-3.334],[-14.527,11.113],[-33.498,43.183],[0,0]],"v":[[-107.225,131.85],[-74.839,306.168],[26.848,319.583],[60.346,-64.853],[93.13,-204.879],[121.786,-316.249],[82.651,-282.751],[5.177,-212.341],[-58.169,-99.463]],"c":true}]},{"i":{"x":0.667,"y":1},"o":{"x":0.333,"y":0},"t":34,"s":[{"i":[[-20.196,-112.713],[0,0],[0,0],[0.264,17.076],[-2.961,50.158],[6.211,2.074],[11.863,-13.92],[13.866,-28.868],[0,0]],"o":[[20.196,112.713],[0,0],[0,0],[-0.264,-17.077],[2.447,-41.45],[-6.134,-2.09],[-11.864,13.92],[-23.663,49.264],[0,0]],"v":[[-87.075,142.761],[-74.839,306.168],[26.848,319.583],[76.277,-103.863],[90.58,-251.474],[95.165,-366.38],[63.954,-325.398],[-0.753,-243.875],[-53.709,-119.858]],"c":true}]},{"i":{"x":0.667,"y":1},"o":{"x":0.73,"y":0},"t":56,"s":[{"i":[[-20.196,-112.713],[0,0],[0,0],[0.264,17.076],[13.365,48.301],[6.302,-1.716],[2.142,-18.116],[3.789,-31.718],[0,0]],"o":[[20.196,112.713],[0,0],[0,0],[-0.264,-17.077],[-11.044,-39.916],[-6.247,1.66],[-2.143,18.117],[-6.465,54.127],[0,0]],"v":[[-87.075,142.761],[-74.839,306.168],[26.848,319.583],[76.277,-103.863],[56.622,-279.269],[-11.466,-388.272],[-14.69,-336.993],[-27.145,-242.669],[-53.709,-119.858]],"c":true}]},{"i":{"x":0.667,"y":1},"o":{"x":0.333,"y":0},"t":82,"s":[{"i":[[-20.196,-112.713],[0,0],[0,0],[0.264,17.076],[4.644,50.03],[6.453,1.112],[9.626,-15.551],[9.35,-30.63],[0,0]],"o":[[20.196,112.713],[0,0],[0,0],[-0.264,-17.077],[-3.838,-41.345],[-6.379,-1.14],[-9.626,15.552],[-15.955,52.272],[0,0]],"v":[[-87.075,142.761],[-74.839,306.168],[26.848,319.583],[76.277,-103.863],[82.522,-267.683],[69.708,-381.965],[45.041,-336.741],[-6.617,-246.383],[-53.709,-119.858]],"c":true}]},{"i":{"x":0.833,"y":1},"o":{"x":0.167,"y":0},"t":96,"s":[{"i":[[-20.196,-112.713],[0,0],[0,0],[-3.334,16.749],[-22.487,44.932],[4.005,5.181],[17.605,-4.958],[24.12,-21.068],[0,0]],"o":[[20.196,112.713],[0,0],[0,0],[3.334,-16.75],[18.583,-37.132],[-3.932,-5.152],[-17.605,4.958],[-41.162,35.953],[0,0]],"v":[[-107.225,131.85],[-74.839,306.168],[26.848,319.583],[60.346,-64.853],[102.209,-185.472],[153.906,-283.831],[105.164,-267.165],[17.322,-209.671],[-58.169,-99.463]],"c":true}]},{"t":110,"s":[{"i":[[-20.196,-112.713],[0,0],[0,0],[-3.334,16.749],[-13.415,48.421],[5.636,3.334],[14.526,-11.113],[19.607,-25.322],[0,0]],"o":[[20.196,112.713],[0,0],[0,0],[3.334,-16.75],[11.113,-40.008],[-5.557,-3.334],[-14.527,11.113],[-33.498,43.183],[0,0]],"v":[[-107.225,131.85],[-74.839,306.168],[26.848,319.583],[60.346,-64.853],[93.13,-204.879],[121.786,-316.249],[82.651,-282.751],[5.177,-212.341],[-58.169,-99.463]],"c":true}]}],"ix":2},"nm":"Path 1","mn":"ADBE Vector Shape - Group","hd":false},{"ty":"fl","c":{"a":0,"k":[0.579999976065,0.651000019148,0.102000000898,1],"ix":4},"o":{"a":0,"k":100,"ix":5},"r":1,"bm":0,"nm":"Fill 1","mn":"ADBE Vector Graphic - Fill","hd":false},{"ty":"tr","p":{"a":0,"k":[127.671,319.833],"ix":2},"a":{"a":0,"k":[0,0],"ix":1},"s":{"a":0,"k":[100,100],"ix":3},"r":{"a":0,"k":0,"ix":6},"o":{"a":0,"k":100,"ix":7},"sk":{"a":0,"k":0,"ix":4},"sa":{"a":0,"k":0,"ix":5},"nm":"Transform"}],"nm":"Group 2","np":2,"cix":2,"bm":0,"ix":2,"mn":"ADBE Vector Group","hd":false}],"ip":0,"op":134,"st":0,"bm":0},{"ddd":0,"ind":25,"ty":4,"nm":"back leaf 2","parent":1,"sr":1,"ks":{"o":{"a":0,"k":100,"ix":11},"r":{"a":1,"k":[{"i":{"x":[0.396],"y":[1]},"o":{"x":[0.333],"y":[0]},"t":0,"s":[0]},{"i":{"x":[0.396],"y":[1]},"o":{"x":[0.514],"y":[0]},"t":14,"s":[3]},{"i":{"x":[0.833],"y":[1.925]},"o":{"x":[0.514],"y":[0]},"t":22,"s":[3]},{"i":{"x":[0.667],"y":[1]},"o":{"x":[0.167],"y":[0.093]},"t":30,"s":[4.298]},{"i":{"x":[0.57],"y":[-3.953]},"o":{"x":[0.333],"y":[0]},"t":42,"s":[-15]},{"i":{"x":[0.704],"y":[1]},"o":{"x":[0.329],"y":[0.172]},"t":64,"s":[-15]},{"i":{"x":[0.833],"y":[1]},"o":{"x":[0.167],"y":[0]},"t":84,"s":[5]},{"i":{"x":[0.833],"y":[1]},"o":{"x":[0.167],"y":[0]},"t":104,"s":[-2]},{"t":126,"s":[0]}],"ix":10},"p":{"a":1,"k":[{"i":{"x":0.396,"y":0.396},"o":{"x":0.333,"y":0.333},"t":0,"s":[-70.668,-176.861,0],"to":[0,0,0],"ti":[0,0,0]},{"i":{"x":0.667,"y":1},"o":{"x":0.633,"y":0},"t":14,"s":[-70.668,-176.861,0],"to":[-1.932,-4.831,0],"ti":[0,0,0]},{"i":{"x":0.667,"y":1},"o":{"x":0.333,"y":0},"t":42,"s":[-82.262,-205.846,0],"to":[0,0,0],"ti":[-1.932,-4.831,0]},{"t":84,"s":[-70.668,-176.861,0]}],"ix":2,"l":2},"a":{"a":0,"k":[160.723,587.125,0],"ix":1,"l":2},"s":{"a":1,"k":[{"i":{"x":[0.833,0.833,0.833],"y":[0.833,0.833,0.833]},"o":{"x":[0.167,0.167,0.167],"y":[0.167,0.167,0.167]},"t":14,"s":[100,100,100]},{"i":{"x":[0.833,0.833,0.833],"y":[0.833,0.833,0.833]},"o":{"x":[0.167,0.167,0.167],"y":[0.167,0.167,0.167]},"t":42,"s":[90,90,100]},{"t":84,"s":[100,100,100]}],"ix":6,"l":2}},"ao":0,"shapes":[{"ty":"gr","it":[{"ind":0,"ty":"sh","ix":1,"ks":{"a":1,"k":[{"i":{"x":0.396,"y":1},"o":{"x":0.333,"y":0},"t":0,"s":[{"i":[[4.445,3.334],[8.177,-44.374],[-3.89,-46.754],[0,0],[0,0],[0,0],[2.274,91.705],[0,0],[7.859,24.211]],"o":[[-6.033,-4.525],[-6.509,35.323],[4.445,53.979],[0,0],[0,0],[0,0],[-3.044,-122.778],[0,0],[-11.113,-34.689]],"v":[[-53.892,-330.35],[-94.138,-248.747],[-98.583,-72.207],[-2.454,152.439],[29.933,326.756],[91.673,334.875],[100.199,135.737],[46.603,-78.874],[-38.334,-255.415]],"c":true}]},{"i":{"x":0.667,"y":1},"o":{"x":0.167,"y":0},"t":14,"s":[{"i":[[4.445,3.334],[8.177,-44.374],[-3.89,-46.754],[0,0],[0,0],[0,0],[2.274,91.705],[0,0],[7.859,24.211]],"o":[[-6.033,-4.525],[-6.509,35.323],[4.445,53.979],[0,0],[0,0],[0,0],[-3.044,-122.778],[0,0],[-11.113,-34.689]],"v":[[-53.892,-330.35],[-94.138,-248.747],[-98.583,-72.207],[-2.454,152.439],[29.933,326.756],[91.673,334.875],[100.199,135.737],[46.603,-78.874],[-38.334,-255.415]],"c":true}]},{"i":{"x":0.833,"y":0.833},"o":{"x":0.333,"y":0},"t":34,"s":[{"i":[[3.132,4.59],[22.054,-39.364],[-10.772,-73.192],[0,0],[0,0],[0,0],[2.274,91.705],[0,0],[-0.371,25.452]],"o":[[-4.251,-6.229],[-17.556,31.335],[7.886,53.585],[0,0],[0,0],[0,0],[-3.044,-122.778],[0,0],[0.671,-36.419]],"v":[[5.63,-331.517],[-58.789,-267.26],[-98.583,-72.207],[-2.454,152.438],[29.933,326.757],[91.673,334.875],[100.199,135.737],[46.603,-78.874],[-3.817,-255.57]],"c":true}]},{"i":{"x":0.667,"y":1},"o":{"x":0.167,"y":0.167},"t":54,"s":[{"i":[[5.55,0.258],[-18.184,-41.295],[-18.195,-43.243],[0,0],[0,0],[0,0],[2.274,91.705],[0,0],[86.52,68.058]],"o":[[-7.533,-0.351],[14.475,32.872],[29.685,70.552],[0,0],[0,0],[0,0],[-3.044,-122.778],[0,0],[-28.692,-22.441]],"v":[[-172.118,-291.119],[-138.078,-206.4],[-73.311,-64.232],[-2.454,152.439],[29.933,326.757],[91.673,334.875],[100.199,135.738],[41.21,-100.322],[-95.676,-243.287]],"c":true}]},{"t":84,"s":[{"i":[[4.445,3.334],[8.177,-44.374],[-3.89,-46.754],[0,0],[0,0],[0,0],[2.274,91.705],[0,0],[7.859,24.211]],"o":[[-6.033,-4.525],[-6.509,35.323],[4.445,53.979],[0,0],[0,0],[0,0],[-3.044,-122.778],[0,0],[-11.113,-34.689]],"v":[[-53.892,-330.35],[-94.138,-248.747],[-98.583,-72.207],[-2.454,152.439],[29.933,326.756],[91.673,334.875],[100.199,135.737],[46.603,-78.874],[-38.334,-255.415]],"c":true}]}],"ix":2},"nm":"Path 1","mn":"ADBE Vector Shape - Group","hd":false},{"ty":"fl","c":{"a":0,"k":[0.579999976065,0.651000019148,0.102000000898,1],"ix":4},"o":{"a":0,"k":100,"ix":5},"r":1,"bm":0,"nm":"Fill 1","mn":"ADBE Vector Graphic - Fill","hd":false},{"ty":"tr","p":{"a":0,"k":[102.723,335.125],"ix":2},"a":{"a":0,"k":[0,0],"ix":1},"s":{"a":0,"k":[100,100],"ix":3},"r":{"a":0,"k":0,"ix":6},"o":{"a":0,"k":100,"ix":7},"sk":{"a":0,"k":0,"ix":4},"sa":{"a":0,"k":0,"ix":5},"nm":"Transform"}],"nm":"Group 1","np":2,"cix":2,"bm":0,"ix":1,"mn":"ADBE Vector Group","hd":false}],"ip":0,"op":134,"st":0,"bm":0},{"ddd":0,"ind":26,"ty":4,"nm":"leaf back","parent":1,"sr":1,"ks":{"o":{"a":0,"k":100,"ix":11},"r":{"a":0,"k":0,"ix":10},"p":{"a":0,"k":[0.154,-8.408,0],"ix":2,"l":2},"a":{"a":0,"k":[90.725,70.821,0],"ix":1,"l":2},"s":{"a":0,"k":[100,100,100],"ix":6,"l":2}},"ao":0,"shapes":[{"ty":"gr","it":[{"ind":0,"ty":"sh","ix":1,"ks":{"a":0,"k":{"i":[[0,0],[0,0],[-9.684,-13.415],[-3.731,-0.715],[-9.685,7.462],[0,4.525],[0,0],[0,0]],"o":[[0,0],[0,0],[9.685,13.415],[3.731,0.714],[9.684,-7.462],[0,-4.524],[0,0],[0,0]],"v":[[-118.474,-70.767],[2.182,47.669],[36.474,94.582],[63.305,125.857],[97.597,104.266],[118.474,83.389],[90.135,51.32],[-37.19,-126.572]],"c":true},"ix":2},"nm":"Path 1","mn":"ADBE Vector Shape - Group","hd":false},{"ty":"fl","c":{"a":0,"k":[0.451000019148,0.497999991623,0.224000010771,1],"ix":4},"o":{"a":0,"k":100,"ix":5},"r":1,"bm":0,"nm":"Fill 1","mn":"ADBE Vector Graphic - Fill","hd":false},{"ty":"tr","p":{"a":0,"k":[118.724,126.821],"ix":2},"a":{"a":0,"k":[0,0],"ix":1},"s":{"a":0,"k":[100,100],"ix":3},"r":{"a":0,"k":0,"ix":6},"o":{"a":0,"k":100,"ix":7},"sk":{"a":0,"k":0,"ix":4},"sa":{"a":0,"k":0,"ix":5},"nm":"Transform"}],"nm":"Group 1","np":2,"cix":2,"bm":0,"ix":1,"mn":"ADBE Vector Group","hd":false}],"ip":0,"op":134,"st":0,"bm":0}],"markers":[{"tm":0,"cm":"rest","dr":0}]}