{"v":"5.8.1","fr":60,"ip":0,"op":96,"w":1024,"h":1024,"nm":"emoji_warning","ddd":0,"assets":[{"id":"comp_0","nm":"warning","fr":60,"layers":[{"ddd":0,"ind":1,"ty":3,"nm":"move all","sr":1,"ks":{"o":{"a":0,"k":0,"ix":11},"r":{"a":0,"k":0,"ix":10},"p":{"a":1,"k":[{"i":{"x":0.589,"y":0.052},"o":{"x":0.167,"y":0.167},"t":0,"s":[598,916,0],"to":[-0.479,0,0],"ti":[8.32,0,0]},{"i":{"x":0.621,"y":0.531},"o":{"x":0.23,"y":0.414},"t":5,"s":[591.943,916,0],"to":[-5.016,0,0],"ti":[28.775,0,0]},{"i":{"x":0.833,"y":0.833},"o":{"x":0.419,"y":0.319},"t":33,"s":[546.631,916,0],"to":[-21.674,0,0],"ti":[10.036,0,0]},{"i":{"x":0.775,"y":1},"o":{"x":0.167,"y":0.167},"t":60,"s":[475.67,916,0],"to":[-9.477,0,0],"ti":[0.102,0,0]},{"i":{"x":0.833,"y":0.833},"o":{"x":0.177,"y":0},"t":73,"s":[442,916,0],"to":[-0.929,0,0],"ti":[0.196,0,0]},{"t":120,"s":[426,916,0]}],"ix":2,"l":2},"a":{"a":0,"k":[0,0,0],"ix":1,"l":2},"s":{"a":1,"k":[{"i":{"x":[0.779,0.779,0.779],"y":[1,1,1]},"o":{"x":[0.159,0.159,0.159],"y":[0.17,0,0]},"t":0,"s":[0,100,100]},{"i":{"x":[0.833,0.833,0.833],"y":[0.833,1,1]},"o":{"x":[0.167,0.167,0.167],"y":[0,0,0]},"t":73,"s":[100,100,100]},{"t":120,"s":[0,100,100]}],"ix":6,"l":2}},"ao":0,"ip":0,"op":120,"st":0,"bm":0},{"ddd":0,"ind":2,"ty":4,"nm":"shine","parent":1,"sr":1,"ks":{"o":{"a":1,"k":[{"i":{"x":[0.833],"y":[0.833]},"o":{"x":[0.167],"y":[0.167]},"t":0,"s":[50]},{"i":{"x":[0.833],"y":[0.833]},"o":{"x":[0.167],"y":[0.167]},"t":73,"s":[100]},{"t":120,"s":[0]}],"ix":11},"r":{"a":0,"k":0,"ix":10},"p":{"a":1,"k":[{"i":{"x":0.667,"y":1},"o":{"x":0.167,"y":0.167},"t":0,"s":[-59.92,-587.84,0],"to":[0,3.333,0],"ti":[-13.066,29.333,0]},{"t":73,"s":[-85.92,-547.84,0]}],"ix":2,"l":2},"a":{"a":0,"k":[113.45,194.65,0],"ix":1,"l":2},"s":{"a":0,"k":[100,100,100],"ix":6,"l":2}},"ao":0,"shapes":[{"ty":"gr","it":[{"ind":0,"ty":"sh","ix":1,"ks":{"a":1,"k":[{"i":{"x":0.833,"y":0.833},"o":{"x":0.167,"y":0.167},"t":0,"s":[{"i":[[6.4,-8.8],[0,0],[-20,-13.6],[-12.561,6.169],[-5.958,4.132],[10.24,11.92]],"o":[[-9.6,12],[0,0],[18.4,12.799],[6.369,-3.128],[12.153,-9.958],[-10.4,-9.6]],"v":[[72.4,-184],[-298.8,530],[-293.2,567.601],[-219.626,534.458],[459.234,145.972],[99.6,-184.799]],"c":true}]},{"i":{"x":0.833,"y":0.833},"o":{"x":0.167,"y":0.167},"t":12,"s":[{"i":[[6.4,-8.8],[0,0],[-20,-13.6],[-342.206,69.466],[-5.36,4.613],[10.24,11.92]],"o":[[-9.6,12],[0,0],[-44.614,135.815],[6.782,-1.377],[10.777,-10.893],[-10.4,-9.6]],"v":[[100.05,-231],[-261.38,457.779],[-283.43,559.379],[252.149,520.743],[413.013,448.167],[127.25,-231.799]],"c":true}]},{"i":{"x":0.833,"y":0.833},"o":{"x":0.167,"y":0.167},"t":20.762,"s":[{"i":[[6.4,-8.8],[0,0],[27.354,-44.859],[-61.119,27.073],[-4.193,5.552],[10.24,11.92]],"o":[[-9.6,12],[0,0],[-9.513,67.292],[61.119,-27.073],[8.094,-12.719],[-10.4,-9.6]],"v":[[97.512,-225.322],[-188.41,316.947],[-230.287,396.722],[198.796,261.091],[356.219,250.913],[124.712,-226.122]],"c":true}]},{"i":{"x":0.833,"y":0.833},"o":{"x":0.167,"y":0.167},"t":35,"s":[{"i":[[6.4,-8.8],[0,0],[-20,-13.6],[-52.792,55.412],[-67.909,59.242],[10.24,11.92]],"o":[[-9.6,12],[0,0],[7.09,34.879],[52.792,-55.412],[-21.454,-44.951],[-10.4,-9.6]],"v":[[108.879,-244],[-153.894,250.332],[-153.257,299.419],[-11.053,202.181],[254.468,-34.279],[136.079,-244.799]],"c":true}]},{"i":{"x":0.833,"y":0.833},"o":{"x":0.167,"y":0.167},"t":45,"s":[{"i":[[27.482,-34.533],[0,0],[-20,-13.6],[-23.747,27.756],[-26.405,25.772],[58.93,33.267]],"o":[[-9.6,12],[0,0],[14.295,20.813],[21.486,-23.987],[31.301,-36.66],[-26.249,-9.733]],"v":[[81.451,-218.776],[-118.796,182.592],[-114.997,224.361],[-36.375,179.896],[166.999,-132.649],[144.956,-255.576]],"c":true}]},{"i":{"x":0.833,"y":1},"o":{"x":0.167,"y":0.167},"t":55,"s":[{"i":[[6.4,-8.8],[0,0],[-20,-13.6],[-7.2,12],[-2.761,6.704],[10.24,11.92]],"o":[[-9.6,12],[0,0],[18.4,12.799],[3.651,-6.084],[4.8,-14.96],[-10.4,-9.6]],"v":[[101.798,-239],[-98.8,144],[-93.2,181.6],[-50.8,167.201],[137.798,-196.599],[128.998,-239.799]],"c":true}]},{"i":{"x":0.833,"y":1},"o":{"x":0.167,"y":0},"t":73,"s":[{"i":[[6.4,-8.8],[0,0],[-20,-13.6],[-7.2,12],[-2.761,6.704],[10.24,11.92]],"o":[[-9.6,12],[0,0],[18.4,12.799],[3.651,-6.084],[4.8,-14.96],[-10.4,-9.6]],"v":[[72.4,-184],[-98.8,144],[-93.2,181.6],[-50.8,167.201],[108.4,-141.599],[99.6,-184.799]],"c":true}]},{"t":121,"s":[{"i":[[6.4,-8.8],[0,0],[-9.758,-6.76],[-7.2,12],[-2.761,6.704],[3.969,8.64]],"o":[[-9.6,12],[0,0],[18.4,12.799],[3.651,-6.084],[4.8,-14.96],[-10.4,-9.6]],"v":[[72.4,-184],[-65.041,82],[-65.398,106.6],[-34.913,89.201],[90.527,-157.599],[93.642,-188.799]],"c":true}]}],"ix":2},"nm":"Path 1","mn":"ADBE Vector Shape - Group","hd":false},{"ty":"fl","c":{"a":0,"k":[1,0.944999964097,0.438999998803,1],"ix":4},"o":{"a":0,"k":100,"ix":5},"r":1,"bm":0,"nm":"Fill 1","mn":"ADBE Vector Graphic - Fill","hd":false},{"ty":"tr","p":{"a":0,"k":[113.45,194.65],"ix":2},"a":{"a":0,"k":[0,0],"ix":1},"s":{"a":0,"k":[100,100],"ix":3},"r":{"a":0,"k":0,"ix":6},"o":{"a":0,"k":100,"ix":7},"sk":{"a":0,"k":0,"ix":4},"sa":{"a":0,"k":0,"ix":5},"nm":"Transform"}],"nm":"Group 1","np":2,"cix":2,"bm":0,"ix":1,"mn":"ADBE Vector Group","hd":false}],"ip":0,"op":120,"st":0,"bm":0},{"ddd":0,"ind":3,"ty":4,"nm":"shine detail","parent":1,"sr":1,"ks":{"o":{"a":1,"k":[{"i":{"x":[0.833],"y":[0.833]},"o":{"x":[0.167],"y":[0.167]},"t":73,"s":[100]},{"t":120,"s":[0]}],"ix":11},"r":{"a":0,"k":0,"ix":10},"p":{"a":1,"k":[{"i":{"x":0.833,"y":0.833},"o":{"x":0.333,"y":0},"t":73,"s":[-190.809,-313.049,0],"to":[8.184,-17.167,0],"ti":[-8.184,17.167,0]},{"t":120,"s":[-141.704,-416.049,0]}],"ix":2,"l":2},"a":{"a":0,"k":[26.65,26.65,0],"ix":1,"l":2},"s":{"a":0,"k":[100,100,100],"ix":6,"l":2}},"ao":0,"shapes":[{"ty":"gr","it":[{"ind":0,"ty":"sh","ix":1,"ks":{"a":0,"k":{"i":[[-14.58,0],[0,-14.58],[14.58,0],[0,14.581]],"o":[[14.58,0],[0,14.581],[-14.58,0],[0,-14.58]],"v":[[0,-26.4],[26.4,-0.001],[0,26.4],[-26.4,-0.001]],"c":true},"ix":2},"nm":"Path 1","mn":"ADBE Vector Shape - Group","hd":false},{"ty":"fl","c":{"a":0,"k":[1,0.944999964097,0.438999998803,1],"ix":4},"o":{"a":0,"k":100,"ix":5},"r":1,"bm":0,"nm":"Fill 1","mn":"ADBE Vector Graphic - Fill","hd":false},{"ty":"tr","p":{"a":0,"k":[26.65,26.65],"ix":2},"a":{"a":0,"k":[0,0],"ix":1},"s":{"a":0,"k":[100,100],"ix":3},"r":{"a":0,"k":0,"ix":6},"o":{"a":0,"k":100,"ix":7},"sk":{"a":0,"k":0,"ix":4},"sa":{"a":0,"k":0,"ix":5},"nm":"Transform"}],"nm":"Group 1","np":2,"cix":2,"bm":0,"ix":1,"mn":"ADBE Vector Group","hd":false}],"ip":0,"op":120,"st":0,"bm":0},{"ddd":0,"ind":4,"ty":4,"nm":"exclamation mark","parent":1,"sr":1,"ks":{"o":{"a":1,"k":[{"i":{"x":[0.833],"y":[0.833]},"o":{"x":[0.167],"y":[0.167]},"t":14,"s":[60]},{"i":{"x":[0.833],"y":[0.833]},"o":{"x":[0.167],"y":[0.167]},"t":42,"s":[100]},{"i":{"x":[0.833],"y":[0.833]},"o":{"x":[0.167],"y":[0.167]},"t":87,"s":[100]},{"t":112,"s":[80]}],"ix":11},"r":{"a":0,"k":0,"ix":10},"p":{"a":1,"k":[{"i":{"x":0.833,"y":0.833},"o":{"x":0.167,"y":0.167},"t":22,"s":[39.52,-339.84,0],"to":[1.933,0,0],"ti":[-5.214,0,0]},{"i":{"x":0.833,"y":0.833},"o":{"x":0.167,"y":0.167},"t":40,"s":[57.517,-339.84,0],"to":[9.78,0,0],"ti":[0.033,0,0]},{"i":{"x":0.833,"y":0.833},"o":{"x":0.167,"y":0.167},"t":73,"s":[72.88,-339.84,0],"to":[-0.051,0,0],"ti":[8.417,0,0]},{"t":110,"s":[22.38,-339.84,0]}],"ix":2,"l":2},"a":{"a":0,"k":[66.65,304.25,0],"ix":1,"l":2},"s":{"a":0,"k":[100,100,100],"ix":6,"l":2}},"ao":0,"shapes":[{"ty":"gr","it":[{"ind":0,"ty":"sh","ix":1,"ks":{"a":0,"k":{"i":[[0,-26.511],[-26.509,0],[0,26.509],[26.51,0]],"o":[[0,26.509],[26.51,0],[0,-26.511],[-26.509,0]],"v":[[-48,0.001],[0,48],[48,0.001],[0,-48]],"c":true},"ix":2},"nm":"Path 2","mn":"ADBE Vector Shape - Group","hd":false},{"ty":"fl","c":{"a":0,"k":[0.149019607843,0.149019607843,0.149019607843,1],"ix":4},"o":{"a":0,"k":100,"ix":5},"r":1,"bm":0,"nm":"Fill 1","mn":"ADBE Vector Graphic - Fill","hd":false},{"ty":"tr","p":{"a":0,"k":[66.65,560.25],"ix":2},"a":{"a":0,"k":[0,0],"ix":1},"s":{"a":0,"k":[100,100],"ix":3},"r":{"a":0,"k":0,"ix":6},"o":{"a":0,"k":100,"ix":7},"sk":{"a":0,"k":0,"ix":4},"sa":{"a":0,"k":0,"ix":5},"nm":"Transform"}],"nm":"Group 1","np":2,"cix":2,"bm":0,"ix":1,"mn":"ADBE Vector Group","hd":false},{"ty":"gr","it":[{"ind":0,"ty":"sh","ix":1,"ks":{"a":0,"k":{"i":[[-2.4,-34.401],[0,0],[-16.24,-2.4],[-3.04,20.32],[0,0],[36.8,0]],"o":[[0,0],[2.4,16.241],[20.32,3.041],[0,0],[2.4,-34.401],[-36.8,0]],"v":[[-64,-177.199],[-36.8,206.799],[-5.44,238.159],[36.8,206.799],[64,-177.199],[0,-241.201]],"c":true},"ix":2},"nm":"Path 2","mn":"ADBE Vector Shape - Group","hd":false},{"ty":"gf","o":{"a":0,"k":100,"ix":10},"r":1,"bm":0,"g":{"p":3,"k":{"a":0,"k":[0,0.259,0.259,0.259,0.5,0.194,0.194,0.194,1,0.129,0.129,0.129],"ix":9}},"s":{"a":0,"k":[0,-236],"ix":5},"e":{"a":0,"k":[2,362],"ix":6},"t":1,"nm":"Gradient Fill 1","mn":"ADBE Vector Graphic - G-Fill","hd":false},{"ty":"tr","p":{"a":0,"k":[66.65,241.451],"ix":2},"a":{"a":0,"k":[0,0],"ix":1},"s":{"a":0,"k":[100,100],"ix":3},"r":{"a":0,"k":0,"ix":6},"o":{"a":0,"k":100,"ix":7},"sk":{"a":0,"k":0,"ix":4},"sa":{"a":0,"k":0,"ix":5},"nm":"Transform"}],"nm":"Group 2","np":2,"cix":2,"bm":0,"ix":2,"mn":"ADBE Vector Group","hd":false}],"ip":0,"op":120,"st":0,"bm":0},{"ddd":0,"ind":5,"ty":4,"nm":"mask","td":1,"sr":1,"ks":{"o":{"a":0,"k":100,"ix":11},"r":{"a":0,"k":0,"ix":10},"p":{"a":0,"k":[510.52,507.48,0],"ix":2,"l":2},"a":{"a":0,"k":[485.01,484.93,0],"ix":1,"l":2},"s":{"a":0,"k":[100,100,100],"ix":6,"l":2}},"ao":0,"shapes":[{"ty":"gr","it":[{"ind":0,"ty":"sh","ix":1,"ks":{"a":1,"k":[{"i":{"x":0.833,"y":1},"o":{"x":0.167,"y":0.167},"t":0,"s":[{"i":[[5.45,-64.36],[0,0],[-32.08,-15.52],[-9.6,-0.08],[0,0],[0.32,35.68],[0.52,9.41],[0,0],[38.24,-0.88]],"o":[[0,0],[1.72,37.41],[8.64,4.16],[0,0],[35.68,-0.32],[-0.08,-9.52],[0,0],[-6.89,-64.36],[-27.625,0.636]],"v":[[-86.97,-389.12],[-88.24,391.11],[-53.24,477.43],[-25.64,483.91],[32.36,483.91],[90.44,418.71],[89.96,391.11],[91.37,-390.12],[-1.76,-473.6]],"c":true}]},{"i":{"x":0.833,"y":0.833},"o":{"x":0.167,"y":0},"t":73,"s":[{"i":[[6.24,-12.24],[0,0],[-32.08,-15.52],[-9.6,-0.08],[0,0],[0.32,35.68],[4.16,8.64],[0,0],[31.76,-16.08]],"o":[[0,0],[-15.52,32.16],[8.64,4.16],[0,0],[35.68,-0.32],[-0.08,-9.52],[0,0],[-16.08,-31.84],[-12.32,6.24]],"v":[[-53.24,-440.12],[-472.24,391.88],[-451.24,478.2],[-423.64,484.68],[420.36,484.68],[484.44,419.48],[477.96,391.88],[61.96,-440.12],[-24.76,-468.6]],"c":true}]},{"t":120,"s":[{"i":[[5.45,-64.36],[0,0],[-32.08,-15.52],[-9.6,-0.08],[0,0],[0.32,35.68],[0.52,9.41],[0,0],[38.24,-0.88]],"o":[[0,0],[1.72,37.41],[8.64,4.16],[0,0],[35.68,-0.32],[-0.08,-9.52],[0,0],[-6.89,-64.36],[-27.625,0.636]],"v":[[-86.97,-389.12],[-88.24,391.11],[-53.24,477.43],[-25.64,483.91],[32.36,483.91],[90.44,418.71],[89.96,391.11],[91.37,-390.12],[-1.76,-473.6]],"c":true}]}],"ix":2},"nm":"Path 1","mn":"ADBE Vector Shape - Group","hd":false},{"ty":"fl","c":{"a":0,"k":[0.949019607843,0.650980392157,0,1],"ix":4},"o":{"a":0,"k":100,"ix":5},"r":1,"bm":0,"nm":"Fill 1","mn":"ADBE Vector Graphic - Fill","hd":false},{"ty":"tr","p":{"a":0,"k":[485.01,484.93],"ix":2},"a":{"a":0,"k":[0,0],"ix":1},"s":{"a":0,"k":[100,100],"ix":3},"r":{"a":0,"k":0,"ix":6},"o":{"a":0,"k":100,"ix":7},"sk":{"a":0,"k":0,"ix":4},"sa":{"a":0,"k":0,"ix":5},"nm":"Transform"}],"nm":"Group 1","np":2,"cix":2,"bm":0,"ix":1,"mn":"ADBE Vector Group","hd":false}],"ip":0,"op":120,"st":0,"bm":0},{"ddd":0,"ind":6,"ty":4,"nm":"sign","parent":1,"tt":1,"sr":1,"ks":{"o":{"a":0,"k":100,"ix":11},"r":{"a":0,"k":0,"ix":10},"p":{"a":0,"k":[35.64,-378.04,0],"ix":2,"l":2},"a":{"a":0,"k":[454.45,454.45,0],"ix":1,"l":2},"s":{"a":0,"k":[100,100,100],"ix":6,"l":2}},"ao":0,"shapes":[{"ty":"gr","it":[{"ind":0,"ty":"sh","ix":1,"ks":{"a":0,"k":{"i":[[5.84,-12.08],[0,0],[-30.16,-14.639],[-8.8,-0.16],[0,0],[0.32,33.361],[4,8.16],[0,0],[29.6,-14.24]],"o":[[0,0],[-14.64,30.16],[7.92,3.84],[0,0],[33.36,-0.32],[-0.08,-9.12],[0,0],[-14.32,-29.6],[-12.16,5.92]],"v":[[-49.16,-412.2],[-439.56,367],[-411.4,448.12],[-385.96,454.2],[394.04,454.2],[453.88,393.24],[447.64,367],[58.04,-412.2],[-21.4,-439.96]],"c":true},"ix":2},"nm":"Path 1","mn":"ADBE Vector Shape - Group","hd":false},{"ty":"fl","c":{"a":1,"k":[{"i":{"x":[0.833],"y":[0.833]},"o":{"x":[0.167],"y":[0.167]},"t":-2,"s":[0.949019670486,0.65098041296,0,1]},{"i":{"x":[0.726],"y":[1]},"o":{"x":[0.167],"y":[12.036]},"t":0,"s":[1,0.945098099054,0.439215716194,1]},{"i":{"x":[0.833],"y":[1.822]},"o":{"x":[0.333],"y":[0]},"t":73,"s":[1,0.8,0.195999998205,1]},{"t":125,"s":[0.95037914594,0.654954268614,0.005226666619,1]}],"ix":4},"o":{"a":0,"k":100,"ix":5},"r":1,"bm":0,"nm":"Fill 1","mn":"ADBE Vector Graphic - Fill","hd":false},{"ty":"tr","p":{"a":0,"k":[454.45,454.45],"ix":2},"a":{"a":0,"k":[0,0],"ix":1},"s":{"a":0,"k":[100,100],"ix":3},"r":{"a":0,"k":0,"ix":6},"o":{"a":0,"k":100,"ix":7},"sk":{"a":0,"k":0,"ix":4},"sa":{"a":0,"k":0,"ix":5},"nm":"Transform"}],"nm":"Group 1","np":2,"cix":2,"bm":0,"ix":1,"mn":"ADBE Vector Group","hd":false}],"ip":0,"op":120,"st":0,"bm":0},{"ddd":0,"ind":7,"ty":4,"nm":"back","sr":1,"ks":{"o":{"a":0,"k":100,"ix":11},"r":{"a":0,"k":0,"ix":10},"p":{"a":0,"k":[510.52,507.48,0],"ix":2,"l":2},"a":{"a":0,"k":[485.01,484.93,0],"ix":1,"l":2},"s":{"a":0,"k":[100,100,100],"ix":6,"l":2}},"ao":0,"shapes":[{"ty":"gr","it":[{"ind":0,"ty":"sh","ix":1,"ks":{"a":1,"k":[{"i":{"x":0.833,"y":1},"o":{"x":0.167,"y":0.167},"t":0,"s":[{"i":[[5.45,-64.36],[0,0],[-32.08,-15.52],[-9.6,-0.08],[0,0],[0.32,35.68],[0.52,9.41],[0,0],[38.24,-0.88]],"o":[[0,0],[1.72,37.41],[8.64,4.16],[0,0],[35.68,-0.32],[-0.08,-9.52],[0,0],[-6.89,-64.36],[-27.625,0.636]],"v":[[-86.97,-389.12],[-88.24,391.11],[-53.24,477.43],[-25.64,483.91],[32.36,483.91],[90.44,418.71],[89.96,391.11],[91.37,-390.12],[-1.76,-473.6]],"c":true}]},{"i":{"x":0.833,"y":0.833},"o":{"x":0.167,"y":0},"t":73,"s":[{"i":[[6.24,-12.24],[0,0],[-32.08,-15.52],[-9.6,-0.08],[0,0],[0.32,35.68],[4.16,8.64],[0,0],[31.76,-16.08]],"o":[[0,0],[-15.52,32.16],[8.64,4.16],[0,0],[35.68,-0.32],[-0.08,-9.52],[0,0],[-16.08,-31.84],[-12.32,6.24]],"v":[[-53.24,-440.12],[-469.24,391.88],[-439.24,478.2],[-411.64,484.68],[420.36,484.68],[484.44,419.48],[477.96,391.88],[61.96,-440.12],[-24.76,-468.6]],"c":true}]},{"t":120,"s":[{"i":[[5.45,-64.36],[0,0],[-32.08,-15.52],[-9.6,-0.08],[0,0],[0.32,35.68],[0.52,9.41],[0,0],[38.24,-0.88]],"o":[[0,0],[1.72,37.41],[8.64,4.16],[0,0],[35.68,-0.32],[-0.08,-9.52],[0,0],[-6.89,-64.36],[-27.625,0.636]],"v":[[-86.97,-389.12],[-88.24,391.11],[-53.24,477.43],[-25.64,483.91],[32.36,483.91],[90.44,418.71],[89.96,391.11],[91.37,-390.12],[-1.76,-473.6]],"c":true}]}],"ix":2},"nm":"Path 1","mn":"ADBE Vector Shape - Group","hd":false},{"ty":"fl","c":{"a":1,"k":[{"i":{"x":[0.833],"y":[0.833]},"o":{"x":[0.167],"y":[0.167]},"t":0,"s":[0.929411768913,0.590449869633,0,1]},{"i":{"x":[0.833],"y":[0.833]},"o":{"x":[0.167],"y":[0.167]},"t":42,"s":[0.96862745098,0.677552645814,0.041783923729,1]},{"i":{"x":[0.833],"y":[0.833]},"o":{"x":[0.167],"y":[0.167]},"t":73,"s":[0.949019607843,0.650980392157,0,1]},{"t":98,"s":[0.929411768913,0.590449869633,0,1]}],"ix":4},"o":{"a":0,"k":100,"ix":5},"r":1,"bm":0,"nm":"Fill 1","mn":"ADBE Vector Graphic - Fill","hd":false},{"ty":"tr","p":{"a":0,"k":[485.01,484.93],"ix":2},"a":{"a":0,"k":[0,0],"ix":1},"s":{"a":0,"k":[100,100],"ix":3},"r":{"a":0,"k":0,"ix":6},"o":{"a":0,"k":100,"ix":7},"sk":{"a":0,"k":0,"ix":4},"sa":{"a":0,"k":0,"ix":5},"nm":"Transform"}],"nm":"Group 1","np":2,"cix":2,"bm":0,"ix":1,"mn":"ADBE Vector Group","hd":false}],"ip":0,"op":120,"st":0,"bm":0}]}],"layers":[{"ddd":0,"ind":1,"ty":0,"nm":"warning","refId":"comp_0","sr":0.8,"ks":{"o":{"a":0,"k":100,"ix":11},"r":{"a":0,"k":0,"ix":10},"p":{"a":0,"k":[512,512,0],"ix":2,"l":2},"a":{"a":0,"k":[512,512,0],"ix":1,"l":2},"s":{"a":0,"k":[100,100,100],"ix":6,"l":2}},"ao":0,"w":1024,"h":1024,"ip":0,"op":38,"st":-58,"bm":0},{"ddd":0,"ind":2,"ty":0,"nm":"warning","refId":"comp_0","sr":0.8,"ks":{"o":{"a":0,"k":100,"ix":11},"r":{"a":0,"k":0,"ix":10},"p":{"a":0,"k":[512,512,0],"ix":2,"l":2},"a":{"a":0,"k":[512,512,0],"ix":1,"l":2},"s":{"a":0,"k":[100,100,100],"ix":6,"l":2}},"ao":0,"w":1024,"h":1024,"ip":38,"op":96,"st":38,"bm":0}],"markers":[{"tm":0,"cm":"rest","dr":0}]}