{"v":"5.8.1","fr":60,"ip":0,"op":64,"w":1024,"h":1024,"nm":"emoji_Footprint","ddd":0,"assets":[],"layers":[{"ddd":0,"ind":1,"ty":4,"nm":"finger","parent":6,"sr":1,"ks":{"o":{"a":0,"k":100,"ix":11},"r":{"a":0,"k":0,"ix":10},"p":{"a":1,"k":[{"i":{"x":0.667,"y":1},"o":{"x":0.333,"y":0},"t":52.865,"s":[420.01,-36.15,0],"to":[-0.673,2.02,0],"ti":[0,0,0]},{"i":{"x":0.667,"y":1},"o":{"x":0.333,"y":0},"t":57.318,"s":[415.97,-24.029,0],"to":[0,0,0],"ti":[-0.673,2.02,0]},{"t":64,"s":[420.01,-36.15,0]}],"ix":2,"l":2},"a":{"a":0,"k":[109.45,110.25,0],"ix":1,"l":2},"s":{"a":1,"k":[{"i":{"x":[0.667,0.667,0.667],"y":[1,1,1]},"o":{"x":[0.333,0.333,0.333],"y":[0,0,0]},"t":52.865,"s":[100,100,100]},{"i":{"x":[0.667,0.667,0.667],"y":[1,1,1]},"o":{"x":[0.333,0.333,0.333],"y":[0,0,0]},"t":57.318,"s":[83,83,100]},{"t":64,"s":[100,100,100]}],"ix":6,"l":2}},"ao":0,"shapes":[{"ty":"gr","it":[{"ind":0,"ty":"sh","ix":1,"ks":{"a":0,"k":{"i":[[36.8,24],[-103.2,-60]],"o":[[-36.8,-24],[103.2,60]],"v":[[-72.4,85.2],[6,-50.8]],"c":true},"ix":2},"nm":"Path 1","mn":"ADBE Vector Shape - Group","hd":false},{"ty":"fl","c":{"a":0,"k":[0.090000002992,0.419999994016,0.776000019148,1],"ix":4},"o":{"a":0,"k":100,"ix":5},"r":1,"bm":0,"nm":"Fill 1","mn":"ADBE Vector Graphic - Fill","hd":false},{"ty":"tr","p":{"a":0,"k":[109.45,111.05],"ix":2},"a":{"a":0,"k":[0,0],"ix":1},"s":{"a":0,"k":[100,100],"ix":3},"r":{"a":0,"k":0,"ix":6},"o":{"a":0,"k":100,"ix":7},"sk":{"a":0,"k":0,"ix":4},"sa":{"a":0,"k":0,"ix":5},"nm":"Transform"}],"nm":"Group 1","np":2,"cix":2,"bm":0,"ix":1,"mn":"ADBE Vector Group","hd":false}],"ip":0,"op":64,"st":0,"bm":0},{"ddd":0,"ind":2,"ty":4,"nm":"finger","parent":6,"sr":1,"ks":{"o":{"a":0,"k":100,"ix":11},"r":{"a":0,"k":0,"ix":10},"p":{"a":1,"k":[{"i":{"x":0.667,"y":1},"o":{"x":0.333,"y":0},"t":52.865,"s":[278.81,-58.95,0],"to":[-0.673,2.02,0],"ti":[0,0,0]},{"i":{"x":0.667,"y":1},"o":{"x":0.333,"y":0},"t":57.318,"s":[274.77,-46.828,0],"to":[0,0,0],"ti":[-0.673,2.02,0]},{"t":64,"s":[278.81,-58.95,0]}],"ix":2,"l":2},"a":{"a":0,"k":[73.85,65.85,0],"ix":1,"l":2},"s":{"a":1,"k":[{"i":{"x":[0.667,0.667,0.667],"y":[1,1,1]},"o":{"x":[0.333,0.333,0.333],"y":[0,0,0]},"t":52.865,"s":[100,100,100]},{"i":{"x":[0.667,0.667,0.667],"y":[1,1,1]},"o":{"x":[0.333,0.333,0.333],"y":[0,0,0]},"t":57.318,"s":[83,83,100]},{"t":64,"s":[100,100,100]}],"ix":6,"l":2}},"ao":0,"shapes":[{"ty":"gr","it":[{"ind":0,"ty":"sh","ix":1,"ks":{"a":0,"k":{"i":[[32.8,8],[-73.6,-14.4]],"o":[[-32.8,-8],[73.6,14.4]],"v":[[-24,57.6],[0,-51.2]],"c":true},"ix":2},"nm":"Path 1","mn":"ADBE Vector Shape - Group","hd":false},{"ty":"fl","c":{"a":0,"k":[0.090000002992,0.419999994016,0.776000019148,1],"ix":4},"o":{"a":0,"k":100,"ix":5},"r":1,"bm":0,"nm":"Fill 1","mn":"ADBE Vector Graphic - Fill","hd":false},{"ty":"tr","p":{"a":0,"k":[73.85,65.85],"ix":2},"a":{"a":0,"k":[0,0],"ix":1},"s":{"a":0,"k":[100,100],"ix":3},"r":{"a":0,"k":0,"ix":6},"o":{"a":0,"k":100,"ix":7},"sk":{"a":0,"k":0,"ix":4},"sa":{"a":0,"k":0,"ix":5},"nm":"Transform"}],"nm":"Group 1","np":2,"cix":2,"bm":0,"ix":1,"mn":"ADBE Vector Group","hd":false}],"ip":0,"op":64,"st":0,"bm":0},{"ddd":0,"ind":3,"ty":4,"nm":"finger","parent":6,"sr":1,"ks":{"o":{"a":0,"k":100,"ix":11},"r":{"a":0,"k":0,"ix":10},"p":{"a":1,"k":[{"i":{"x":0.667,"y":1},"o":{"x":0.333,"y":0},"t":52.865,"s":[151.61,-60.55,0],"to":[-0.673,2.02,0],"ti":[0,0,0]},{"i":{"x":0.667,"y":1},"o":{"x":0.333,"y":0},"t":57.318,"s":[147.57,-48.429,0],"to":[0,0,0],"ti":[-0.673,2.02,0]},{"t":64,"s":[151.61,-60.55,0]}],"ix":2,"l":2},"a":{"a":0,"k":[72.25,62.25,0],"ix":1,"l":2},"s":{"a":1,"k":[{"i":{"x":[0.667,0.667,0.667],"y":[1,1,1]},"o":{"x":[0.333,0.333,0.333],"y":[0,0,0]},"t":52.865,"s":[100,100,100]},{"i":{"x":[0.667,0.667,0.667],"y":[1,1,1]},"o":{"x":[0.333,0.333,0.333],"y":[0,0,0]},"t":57.318,"s":[83,83,100]},{"t":64,"s":[100,100,100]}],"ix":6,"l":2}},"ao":0,"shapes":[{"ty":"gr","it":[{"ind":0,"ty":"sh","ix":1,"ks":{"a":0,"k":{"i":[[20,-5.6],[-73.6,24]],"o":[[-20,5.6],[70.4,-23.2]],"v":[[27.2,56.4],[1.6,-38.8]],"c":true},"ix":2},"nm":"Path 1","mn":"ADBE Vector Shape - Group","hd":false},{"ty":"fl","c":{"a":0,"k":[0.090000002992,0.419999994016,0.776000019148,1],"ix":4},"o":{"a":0,"k":100,"ix":5},"r":1,"bm":0,"nm":"Fill 1","mn":"ADBE Vector Graphic - Fill","hd":false},{"ty":"tr","p":{"a":0,"k":[72.25,62.25],"ix":2},"a":{"a":0,"k":[0,0],"ix":1},"s":{"a":0,"k":[100,100],"ix":3},"r":{"a":0,"k":0,"ix":6},"o":{"a":0,"k":100,"ix":7},"sk":{"a":0,"k":0,"ix":4},"sa":{"a":0,"k":0,"ix":5},"nm":"Transform"}],"nm":"Group 1","np":2,"cix":2,"bm":0,"ix":1,"mn":"ADBE Vector Group","hd":false}],"ip":0,"op":64,"st":0,"bm":0},{"ddd":0,"ind":4,"ty":4,"nm":"finger","parent":6,"sr":1,"ks":{"o":{"a":0,"k":100,"ix":11},"r":{"a":0,"k":0,"ix":10},"p":{"a":1,"k":[{"i":{"x":0.667,"y":1},"o":{"x":0.333,"y":0},"t":52.865,"s":[71.21,-24.55,0],"to":[-0.673,2.02,0],"ti":[0,0,0]},{"i":{"x":0.667,"y":1},"o":{"x":0.333,"y":0},"t":57.318,"s":[67.17,-12.429,0],"to":[0,0,0],"ti":[-0.673,2.02,0]},{"t":64,"s":[71.21,-24.55,0]}],"ix":2,"l":2},"a":{"a":0,"k":[59.05,61.85,0],"ix":1,"l":2},"s":{"a":1,"k":[{"i":{"x":[0.667,0.667,0.667],"y":[1,1,1]},"o":{"x":[0.333,0.333,0.333],"y":[0,0,0]},"t":52.865,"s":[100,100,100]},{"i":{"x":[0.667,0.667,0.667],"y":[1,1,1]},"o":{"x":[0.333,0.333,0.333],"y":[0,0,0]},"t":57.318,"s":[83,83,100]},{"t":64,"s":[100,100,100]}],"ix":6,"l":2}},"ao":0,"shapes":[{"ty":"gr","it":[{"ind":0,"ty":"sh","ix":1,"ks":{"a":0,"k":{"i":[[20,-12],[-51.2,35.2]],"o":[[-20,12],[48.8,-32]],"v":[[38.8,49.6],[-7.6,-29.6]],"c":true},"ix":2},"nm":"Path 1","mn":"ADBE Vector Shape - Group","hd":false},{"ty":"fl","c":{"a":0,"k":[0.090000002992,0.419999994016,0.776000019148,1],"ix":4},"o":{"a":0,"k":100,"ix":5},"r":1,"bm":0,"nm":"Fill 1","mn":"ADBE Vector Graphic - Fill","hd":false},{"ty":"tr","p":{"a":0,"k":[59.05,61.85],"ix":2},"a":{"a":0,"k":[0,0],"ix":1},"s":{"a":0,"k":[100,100],"ix":3},"r":{"a":0,"k":0,"ix":6},"o":{"a":0,"k":100,"ix":7},"sk":{"a":0,"k":0,"ix":4},"sa":{"a":0,"k":0,"ix":5},"nm":"Transform"}],"nm":"Group 1","np":2,"cix":2,"bm":0,"ix":1,"mn":"ADBE Vector Group","hd":false}],"ip":0,"op":64,"st":0,"bm":0},{"ddd":0,"ind":5,"ty":4,"nm":"finger","parent":6,"sr":1,"ks":{"o":{"a":0,"k":100,"ix":11},"r":{"a":0,"k":0,"ix":10},"p":{"a":1,"k":[{"i":{"x":0.667,"y":1},"o":{"x":0.333,"y":0},"t":52.865,"s":[26.01,41.05,0],"to":[-0.673,2.02,0],"ti":[0,0,0]},{"i":{"x":0.667,"y":1},"o":{"x":0.333,"y":0},"t":57.318,"s":[21.97,53.171,0],"to":[0,0,0],"ti":[-0.673,2.02,0]},{"t":64,"s":[26.01,41.05,0]}],"ix":2,"l":2},"a":{"a":0,"k":[49.05,51.05,0],"ix":1,"l":2},"s":{"a":1,"k":[{"i":{"x":[0.667,0.667,0.667],"y":[1,1,1]},"o":{"x":[0.333,0.333,0.333],"y":[0,0,0]},"t":52.865,"s":[100,100,100]},{"i":{"x":[0.667,0.667,0.667],"y":[1,1,1]},"o":{"x":[0.333,0.333,0.333],"y":[0,0,0]},"t":57.318,"s":[83,83,100]},{"t":64,"s":[100,100,100]}],"ix":6,"l":2}},"ao":0,"shapes":[{"ty":"gr","it":[{"ind":0,"ty":"sh","ix":1,"ks":{"a":0,"k":{"i":[[15.2,-20],[-26.4,34.4]],"o":[[-15.2,20],[26.4,-34.4]],"v":[[33.6,30.8],[-22.4,-16.4]],"c":true},"ix":2},"nm":"Path 1","mn":"ADBE Vector Shape - Group","hd":false},{"ty":"fl","c":{"a":0,"k":[0.090000002992,0.419999994016,0.776000019148,1],"ix":4},"o":{"a":0,"k":100,"ix":5},"r":1,"bm":0,"nm":"Fill 1","mn":"ADBE Vector Graphic - Fill","hd":false},{"ty":"tr","p":{"a":0,"k":[49.05,51.05],"ix":2},"a":{"a":0,"k":[0,0],"ix":1},"s":{"a":0,"k":[100,100],"ix":3},"r":{"a":0,"k":0,"ix":6},"o":{"a":0,"k":100,"ix":7},"sk":{"a":0,"k":0,"ix":4},"sa":{"a":0,"k":0,"ix":5},"nm":"Transform"}],"nm":"Group 1","np":2,"cix":2,"bm":0,"ix":1,"mn":"ADBE Vector Group","hd":false}],"ip":0,"op":64,"st":0,"bm":0},{"ddd":0,"ind":6,"ty":4,"nm":"foot","sr":1,"ks":{"o":{"a":0,"k":100,"ix":11},"r":{"a":1,"k":[{"i":{"x":[0.667],"y":[1]},"o":{"x":[0.333],"y":[0]},"t":38,"s":[0]},{"t":57.318359375,"s":[0]}],"ix":10},"p":{"a":1,"k":[{"i":{"x":0.833,"y":0.833},"o":{"x":0.167,"y":0.167},"t":0,"s":[263.52,482.8,0],"to":[0,0,0],"ti":[0,0,0]},{"i":{"x":0.667,"y":1},"o":{"x":0.167,"y":0.167},"t":26,"s":[263.52,698.8,0],"to":[0,0,0],"ti":[0,0,0]},{"i":{"x":0.667,"y":1},"o":{"x":0.333,"y":0},"t":38,"s":[263.52,816.8,0],"to":[0,0,0],"ti":[0,0,0]},{"i":{"x":0.667,"y":1},"o":{"x":0.167,"y":0},"t":57.318,"s":[267.52,458.8,0],"to":[0,0,0],"ti":[0,0,0]},{"t":64,"s":[263.52,482.8,0]}],"ix":2,"l":2},"a":{"a":0,"k":[211.93,338.25,0],"ix":1,"l":2},"s":{"a":1,"k":[{"i":{"x":[0.667,0.667,0.667],"y":[1,1,1]},"o":{"x":[0.333,0.333,0.333],"y":[0,0,0]},"t":26,"s":[100,100,100]},{"i":{"x":[0.667,0.667,0.667],"y":[1,1,1]},"o":{"x":[0.333,0.333,0.333],"y":[0,0,0]},"t":38,"s":[72,78,100]},{"i":{"x":[0.833,0.833,0.833],"y":[1,1,1]},"o":{"x":[0.333,0.333,0.333],"y":[0,0,0]},"t":46.182,"s":[52.169,54,100]},{"t":58,"s":[100,100,100]}],"ix":6,"l":2}},"ao":0,"shapes":[{"ty":"gr","it":[{"ind":0,"ty":"sh","ix":1,"ks":{"a":1,"k":[{"i":{"x":0.667,"y":1},"o":{"x":0.333,"y":0},"t":26,"s":[{"i":[[-50.4,-73.6],[-10.4,-55.2],[73.6,-98.4],[77.6,45.6],[-50.8,131.28]],"o":[[82.4,121.6],[18.4,97.6],[-12,16],[-83.2,-48.8],[52.72,-136.08]],"v":[[129.28,-264.4],[102.08,40.4],[125.28,284.4],[-18.72,292.4],[-160.88,-199.68]],"c":true}]},{"i":{"x":0.667,"y":1},"o":{"x":0.666,"y":0},"t":38,"s":[{"i":[[-47.115,-68.802],[-9.728,-51.6],[14.429,-21.535],[72.576,42.569],[-47.538,122.703]],"o":[[77.029,113.673],[17.201,91.238],[-11.218,14.957],[-77.776,-45.619],[49.283,-127.209]],"v":[[122.305,-277.771],[96.877,7.16],[88.644,138.048],[-45.969,145.526],[-148.941,-217.27]],"c":true}]},{"i":{"x":0.667,"y":1},"o":{"x":0.333,"y":0},"t":50.428,"s":[{"i":[[-50.4,-73.6],[-10.4,-55.2],[73.6,-98.4],[77.6,45.6],[-50.8,131.28]],"o":[[82.4,121.6],[18.4,97.6],[-12,16],[-83.2,-48.8],[52.72,-136.08]],"v":[[129.28,-264.4],[102.08,40.4],[125.28,284.4],[-18.72,292.4],[-160.88,-199.68]],"c":true}]},{"i":{"x":0.667,"y":1},"o":{"x":0.333,"y":0},"t":57.318,"s":[{"i":[[-55.726,-81.378],[-11.499,-61.034],[81.378,-108.799],[85.801,50.419],[-45.643,124.986]],"o":[[91.108,134.45],[20.344,107.914],[-13.268,17.691],[-91.992,-53.957],[51.657,-141.261]],"v":[[142.677,-265.677],[112.603,-3.95],[138.254,265.836],[-20.963,274.681],[-183.719,-191.006]],"c":true}]},{"t":64,"s":[{"i":[[-50.4,-73.6],[-10.4,-55.2],[73.6,-98.4],[77.6,45.6],[-50.8,131.28]],"o":[[82.4,121.6],[18.4,97.6],[-12,16],[-83.2,-48.8],[52.72,-136.08]],"v":[[129.28,-264.4],[102.08,40.4],[125.28,284.4],[-18.72,292.4],[-160.88,-199.68]],"c":true}]}],"ix":2},"nm":"Path 1","mn":"ADBE Vector Shape - Group","hd":false},{"ty":"fl","c":{"a":0,"k":[0.090000002992,0.419999994016,0.776000019148,1],"ix":4},"o":{"a":0,"k":100,"ix":5},"r":1,"bm":0,"nm":"Fill 1","mn":"ADBE Vector Graphic - Fill","hd":false},{"ty":"tr","p":{"a":0,"k":[211.93,338.25],"ix":2},"a":{"a":0,"k":[0,0],"ix":1},"s":{"a":0,"k":[100,100],"ix":3},"r":{"a":0,"k":0,"ix":6},"o":{"a":0,"k":100,"ix":7},"sk":{"a":0,"k":0,"ix":4},"sa":{"a":0,"k":0,"ix":5},"nm":"Transform"}],"nm":"Group 1","np":2,"cix":2,"bm":0,"ix":1,"mn":"ADBE Vector Group","hd":false}],"ip":0,"op":64,"st":0,"bm":0},{"ddd":0,"ind":7,"ty":4,"nm":"finger","parent":12,"sr":1,"ks":{"o":{"a":0,"k":100,"ix":11},"r":{"a":0,"k":0,"ix":10},"p":{"a":1,"k":[{"i":{"x":0.667,"y":1},"o":{"x":0.333,"y":0},"t":29.475,"s":[3.85,-36.15,0],"to":[0,3.535,0],"ti":[0,0,0]},{"i":{"x":0.667,"y":1},"o":{"x":0.333,"y":0},"t":33.684,"s":[3.85,-14.938,0],"to":[0,0,0],"ti":[0,3.535,0]},{"t":40,"s":[3.85,-36.15,0]}],"ix":2,"l":2},"a":{"a":0,"k":[109.45,110.25,0],"ix":1,"l":2},"s":{"a":1,"k":[{"i":{"x":[0.667,0.667,0.667],"y":[1,1,1]},"o":{"x":[0.333,0.333,0.333],"y":[0,0,0]},"t":29.475,"s":[100,100,100]},{"i":{"x":[0.667,0.667,0.667],"y":[1,1,1]},"o":{"x":[0.333,0.333,0.333],"y":[0,0,0]},"t":33.684,"s":[83,83,100]},{"t":40,"s":[100,100,100]}],"ix":6,"l":2}},"ao":0,"shapes":[{"ty":"gr","it":[{"ind":0,"ty":"sh","ix":1,"ks":{"a":0,"k":{"i":[[-36.8,24],[103.2,-60]],"o":[[36.8,-24],[-103.2,60]],"v":[[72.4,86],[-6,-50]],"c":true},"ix":2},"nm":"Path 1","mn":"ADBE Vector Shape - Group","hd":false},{"ty":"fl","c":{"a":0,"k":[0.090000002992,0.419999994016,0.776000019148,1],"ix":4},"o":{"a":0,"k":100,"ix":5},"r":1,"bm":0,"nm":"Fill 1","mn":"ADBE Vector Graphic - Fill","hd":false},{"ty":"tr","p":{"a":0,"k":[109.45,110.25],"ix":2},"a":{"a":0,"k":[0,0],"ix":1},"s":{"a":0,"k":[100,100],"ix":3},"r":{"a":0,"k":0,"ix":6},"o":{"a":0,"k":100,"ix":7},"sk":{"a":0,"k":0,"ix":4},"sa":{"a":0,"k":0,"ix":5},"nm":"Transform"}],"nm":"Group 1","np":2,"cix":2,"bm":0,"ix":1,"mn":"ADBE Vector Group","hd":false}],"ip":0,"op":64,"st":0,"bm":0},{"ddd":0,"ind":8,"ty":4,"nm":"finger","parent":12,"sr":1,"ks":{"o":{"a":0,"k":100,"ix":11},"r":{"a":0,"k":0,"ix":10},"p":{"a":1,"k":[{"i":{"x":0.667,"y":1},"o":{"x":0.333,"y":0},"t":29.475,"s":[145.05,-58.95,0],"to":[-0.168,3.03,0],"ti":[0,0,0]},{"i":{"x":0.667,"y":1},"o":{"x":0.333,"y":0},"t":33.684,"s":[144.04,-40.768,0],"to":[0,0,0],"ti":[-0.168,3.03,0]},{"t":40,"s":[145.05,-58.95,0]}],"ix":2,"l":2},"a":{"a":0,"k":[73.85,65.85,0],"ix":1,"l":2},"s":{"a":1,"k":[{"i":{"x":[0.667,0.667,0.667],"y":[1,1,1]},"o":{"x":[0.333,0.333,0.333],"y":[0,0,0]},"t":29.475,"s":[100,100,100]},{"i":{"x":[0.667,0.667,0.667],"y":[1,1,1]},"o":{"x":[0.333,0.333,0.333],"y":[0,0,0]},"t":33.684,"s":[83,83,100]},{"t":40,"s":[100,100,100]}],"ix":6,"l":2}},"ao":0,"shapes":[{"ty":"gr","it":[{"ind":0,"ty":"sh","ix":1,"ks":{"a":0,"k":{"i":[[-32.8,8],[73.6,-14.4]],"o":[[32.8,-8],[-73.6,14.4]],"v":[[24,57.6],[0,-51.2]],"c":true},"ix":2},"nm":"Path 1","mn":"ADBE Vector Shape - Group","hd":false},{"ty":"fl","c":{"a":0,"k":[0.090000002992,0.419999994016,0.776000019148,1],"ix":4},"o":{"a":0,"k":100,"ix":5},"r":1,"bm":0,"nm":"Fill 1","mn":"ADBE Vector Graphic - Fill","hd":false},{"ty":"tr","p":{"a":0,"k":[73.85,65.85],"ix":2},"a":{"a":0,"k":[0,0],"ix":1},"s":{"a":0,"k":[100,100],"ix":3},"r":{"a":0,"k":0,"ix":6},"o":{"a":0,"k":100,"ix":7},"sk":{"a":0,"k":0,"ix":4},"sa":{"a":0,"k":0,"ix":5},"nm":"Transform"}],"nm":"Group 1","np":2,"cix":2,"bm":0,"ix":1,"mn":"ADBE Vector Group","hd":false}],"ip":0,"op":64,"st":0,"bm":0},{"ddd":0,"ind":9,"ty":4,"nm":"finger","parent":12,"sr":1,"ks":{"o":{"a":0,"k":100,"ix":11},"r":{"a":0,"k":0,"ix":10},"p":{"a":1,"k":[{"i":{"x":0.667,"y":1},"o":{"x":0.333,"y":0},"t":29.475,"s":[269.85,-58.55,0],"to":[-0.168,3.199,0],"ti":[0,0,0]},{"i":{"x":0.667,"y":1},"o":{"x":0.333,"y":0},"t":33.684,"s":[268.84,-39.358,0],"to":[0,0,0],"ti":[-0.168,3.199,0]},{"t":40,"s":[269.85,-58.55,0]}],"ix":2,"l":2},"a":{"a":0,"k":[71.85,62.25,0],"ix":1,"l":2},"s":{"a":1,"k":[{"i":{"x":[0.667,0.667,0.667],"y":[1,1,1]},"o":{"x":[0.333,0.333,0.333],"y":[0,0,0]},"t":29.475,"s":[100,100,100]},{"i":{"x":[0.667,0.667,0.667],"y":[1,1,1]},"o":{"x":[0.333,0.333,0.333],"y":[0,0,0]},"t":33.684,"s":[83,83,100]},{"t":40,"s":[100,100,100]}],"ix":6,"l":2}},"ao":0,"shapes":[{"ty":"gr","it":[{"ind":0,"ty":"sh","ix":1,"ks":{"a":0,"k":{"i":[[-20,-5.6],[72.8,24]],"o":[[20,5.6],[-70.4,-23.2]],"v":[[-26.8,56.4],[-1.2,-38.8]],"c":true},"ix":2},"nm":"Path 1","mn":"ADBE Vector Shape - Group","hd":false},{"ty":"fl","c":{"a":0,"k":[0.090000002992,0.419999994016,0.776000019148,1],"ix":4},"o":{"a":0,"k":100,"ix":5},"r":1,"bm":0,"nm":"Fill 1","mn":"ADBE Vector Graphic - Fill","hd":false},{"ty":"tr","p":{"a":0,"k":[71.85,62.25],"ix":2},"a":{"a":0,"k":[0,0],"ix":1},"s":{"a":0,"k":[100,100],"ix":3},"r":{"a":0,"k":0,"ix":6},"o":{"a":0,"k":100,"ix":7},"sk":{"a":0,"k":0,"ix":4},"sa":{"a":0,"k":0,"ix":5},"nm":"Transform"}],"nm":"Group 1","np":2,"cix":2,"bm":0,"ix":1,"mn":"ADBE Vector Group","hd":false}],"ip":0,"op":64,"st":0,"bm":0},{"ddd":0,"ind":10,"ty":4,"nm":"finger","parent":12,"sr":1,"ks":{"o":{"a":0,"k":100,"ix":11},"r":{"a":0,"k":0,"ix":10},"p":{"a":1,"k":[{"i":{"x":0.667,"y":1},"o":{"x":0.333,"y":0},"t":29.475,"s":[352.65,-24.55,0],"to":[-0.337,3.535,0],"ti":[0,0,0]},{"i":{"x":0.667,"y":1},"o":{"x":0.333,"y":0},"t":33.684,"s":[350.63,-3.338,0],"to":[0,0,0],"ti":[-0.337,3.535,0]},{"t":40,"s":[352.65,-24.55,0]}],"ix":2,"l":2},"a":{"a":0,"k":[59.05,61.85,0],"ix":1,"l":2},"s":{"a":1,"k":[{"i":{"x":[0.667,0.667,0.667],"y":[1,1,1]},"o":{"x":[0.333,0.333,0.333],"y":[0,0,0]},"t":29.475,"s":[100,100,100]},{"i":{"x":[0.667,0.667,0.667],"y":[1,1,1]},"o":{"x":[0.333,0.333,0.333],"y":[0,0,0]},"t":33.684,"s":[83,83,100]},{"t":40,"s":[100,100,100]}],"ix":6,"l":2}},"ao":0,"shapes":[{"ty":"gr","it":[{"ind":0,"ty":"sh","ix":1,"ks":{"a":0,"k":{"i":[[-20,-12],[51.2,35.2]],"o":[[20,12],[-48.8,-32]],"v":[[-38.8,49.6],[7.6,-29.6]],"c":true},"ix":2},"nm":"Path 1","mn":"ADBE Vector Shape - Group","hd":false},{"ty":"fl","c":{"a":0,"k":[0.090000002992,0.419999994016,0.776000019148,1],"ix":4},"o":{"a":0,"k":100,"ix":5},"r":1,"bm":0,"nm":"Fill 1","mn":"ADBE Vector Graphic - Fill","hd":false},{"ty":"tr","p":{"a":0,"k":[59.05,61.85],"ix":2},"a":{"a":0,"k":[0,0],"ix":1},"s":{"a":0,"k":[100,100],"ix":3},"r":{"a":0,"k":0,"ix":6},"o":{"a":0,"k":100,"ix":7},"sk":{"a":0,"k":0,"ix":4},"sa":{"a":0,"k":0,"ix":5},"nm":"Transform"}],"nm":"Group 1","np":2,"cix":2,"bm":0,"ix":1,"mn":"ADBE Vector Group","hd":false}],"ip":0,"op":64,"st":0,"bm":0},{"ddd":0,"ind":11,"ty":4,"nm":"finger","parent":12,"sr":1,"ks":{"o":{"a":0,"k":100,"ix":11},"r":{"a":0,"k":0,"ix":10},"p":{"a":1,"k":[{"i":{"x":0.667,"y":1},"o":{"x":0.333,"y":0},"t":29.475,"s":[400.25,39.05,0],"to":[0,3.704,0],"ti":[0,0,0]},{"i":{"x":0.667,"y":1},"o":{"x":0.333,"y":0},"t":33.684,"s":[400.25,61.272,0],"to":[0,0,0],"ti":[0,3.704,0]},{"t":40,"s":[400.25,39.05,0]}],"ix":2,"l":2},"a":{"a":0,"k":[49.45,51.05,0],"ix":1,"l":2},"s":{"a":1,"k":[{"i":{"x":[0.667,0.667,0.667],"y":[1,1,1]},"o":{"x":[0.333,0.333,0.333],"y":[0,0,0]},"t":29.475,"s":[100,100,100]},{"i":{"x":[0.667,0.667,0.667],"y":[1,1,1]},"o":{"x":[0.333,0.333,0.333],"y":[0,0,0]},"t":33.684,"s":[83,83,100]},{"t":40,"s":[100,100,100]}],"ix":6,"l":2}},"ao":0,"shapes":[{"ty":"gr","it":[{"ind":0,"ty":"sh","ix":1,"ks":{"a":0,"k":{"i":[[-16,-20],[26.4,34.4]],"o":[[15.2,20],[-27.2,-34.4]],"v":[[-33.2,30.8],[22.8,-16.4]],"c":true},"ix":2},"nm":"Path 1","mn":"ADBE Vector Shape - Group","hd":false},{"ty":"fl","c":{"a":0,"k":[0.090000002992,0.419999994016,0.776000019148,1],"ix":4},"o":{"a":0,"k":100,"ix":5},"r":1,"bm":0,"nm":"Fill 1","mn":"ADBE Vector Graphic - Fill","hd":false},{"ty":"tr","p":{"a":0,"k":[49.45,51.05],"ix":2},"a":{"a":0,"k":[0,0],"ix":1},"s":{"a":0,"k":[100,100],"ix":3},"r":{"a":0,"k":0,"ix":6},"o":{"a":0,"k":100,"ix":7},"sk":{"a":0,"k":0,"ix":4},"sa":{"a":0,"k":0,"ix":5},"nm":"Transform"}],"nm":"Group 1","np":2,"cix":2,"bm":0,"ix":1,"mn":"ADBE Vector Group","hd":false}],"ip":0,"op":64,"st":0,"bm":0},{"ddd":0,"ind":12,"ty":4,"nm":"foot","sr":1,"ks":{"o":{"a":0,"k":100,"ix":11},"r":{"a":1,"k":[{"i":{"x":[0.667],"y":[1]},"o":{"x":[0.333],"y":[0]},"t":0,"s":[0]},{"t":64,"s":[0]}],"ix":10},"p":{"a":1,"k":[{"i":{"x":0.667,"y":1},"o":{"x":0.333,"y":0},"t":0,"s":[751.84,678.8,0],"to":[4,8,0],"ti":[-13,26.667,0]},{"i":{"x":0.833,"y":0.833},"o":{"x":0.333,"y":0},"t":10,"s":[775.84,726.8,0],"to":[13,-26.667,0],"ti":[13,-26.667,0]},{"i":{"x":0.833,"y":0.833},"o":{"x":0.167,"y":0.167},"t":33.355,"s":[753.84,438.8,0],"to":[-13,26.667,0],"ti":[0.333,-40,0]},{"t":64,"s":[751.84,678.8,0]}],"ix":2,"l":2},"a":{"a":0,"k":[209.69,338.25,0],"ix":1,"l":2},"s":{"a":1,"k":[{"i":{"x":[0.667,0.667,0.667],"y":[1,1,1]},"o":{"x":[0.333,0.333,0.333],"y":[0,0,0]},"t":0,"s":[100,100,100]},{"i":{"x":[0.667,0.667,0.667],"y":[1,1,1]},"o":{"x":[0.333,0.333,0.333],"y":[0,0,0]},"t":10,"s":[59,59,100]},{"i":{"x":[0.833,0.833,0.833],"y":[1,1,1]},"o":{"x":[0.333,0.333,0.333],"y":[0,0,0]},"t":23.262,"s":[48,48,100]},{"i":{"x":[0.667,0.667,0.667],"y":[1,1,1]},"o":{"x":[0.167,0.167,0.167],"y":[0,0,0]},"t":33.355,"s":[99,99,100]},{"t":64,"s":[100,100,100]}],"ix":6,"l":2}},"ao":0,"shapes":[{"ty":"gr","it":[{"ind":0,"ty":"sh","ix":1,"ks":{"a":1,"k":[{"i":{"x":0.667,"y":1},"o":{"x":0.333,"y":0},"t":0,"s":[{"i":[[50.4,-73.6],[10.4,-55.2],[-73.6,-98.4],[-77.6,45.6],[41.28,113.04]],"o":[[-82.4,121.6],[-18.4,97.6],[12,16],[83.2,-48.8],[-46.72,-127.76]],"v":[[-127.04,-264.4],[-99.84,40.4],[-123.04,284.4],[20.96,292.4],[168.16,-205.2]],"c":true}]},{"i":{"x":1,"y":1},"o":{"x":0.844,"y":0},"t":10,"s":[{"i":[[62.758,-91.647],[12.95,-68.735],[-32.188,-42.105],[-96.627,56.781],[51.402,140.757]],"o":[[-102.604,151.416],[-12.157,79.401],[14.942,19.923],[103.601,-60.766],[-58.176,-159.087]],"v":[[-159.88,-252.351],[-126.01,127.186],[-107.151,280.755],[72.158,290.716],[207.703,-178.635]],"c":true}]},{"i":{"x":0.667,"y":1},"o":{"x":0,"y":0},"t":33.355,"s":[{"i":[[55.726,-81.378],[11.499,-61.034],[-81.378,-108.799],[-85.801,50.419],[45.642,124.986]],"o":[[-91.108,134.45],[-20.344,107.914],[13.268,17.691],[91.993,-53.957],[-51.657,-141.261]],"v":[[-140.055,-261.636],[-109.98,0.091],[-135.632,269.876],[23.586,278.722],[186.342,-186.966]],"c":true}]},{"i":{"x":0.667,"y":1},"o":{"x":0.333,"y":0},"t":44.461,"s":[{"i":[[50.4,-73.6],[10.4,-55.2],[-73.6,-98.4],[-77.6,45.6],[41.28,113.04]],"o":[[-82.4,121.6],[-18.4,97.6],[12,16],[83.2,-48.8],[-46.72,-127.76]],"v":[[-127.04,-264.4],[-99.84,40.4],[-123.04,284.4],[20.96,292.4],[168.16,-205.2]],"c":true}]},{"t":64,"s":[{"i":[[50.4,-73.6],[10.4,-55.2],[-73.6,-98.4],[-77.6,45.6],[41.28,113.04]],"o":[[-82.4,121.6],[-18.4,97.6],[12,16],[83.2,-48.8],[-46.72,-127.76]],"v":[[-127.04,-264.4],[-99.84,40.4],[-123.04,284.4],[20.96,292.4],[168.16,-205.2]],"c":true}]}],"ix":2},"nm":"Path 1","mn":"ADBE Vector Shape - Group","hd":false},{"ty":"fl","c":{"a":0,"k":[0.090000002992,0.419999994016,0.776000019148,1],"ix":4},"o":{"a":0,"k":100,"ix":5},"r":1,"bm":0,"nm":"Fill 1","mn":"ADBE Vector Graphic - Fill","hd":false},{"ty":"tr","p":{"a":0,"k":[209.69,338.25],"ix":2},"a":{"a":0,"k":[0,0],"ix":1},"s":{"a":0,"k":[100,100],"ix":3},"r":{"a":0,"k":0,"ix":6},"o":{"a":0,"k":100,"ix":7},"sk":{"a":0,"k":0,"ix":4},"sa":{"a":0,"k":0,"ix":5},"nm":"Transform"}],"nm":"Group 1","np":2,"cix":2,"bm":0,"ix":1,"mn":"ADBE Vector Group","hd":false}],"ip":0,"op":64,"st":0,"bm":0}],"markers":[{"tm":0,"cm":"rest","dr":0}]}