{"v":"5.8.1","fr":60,"ip":0,"op":222,"w":1024,"h":1024,"nm":"emoji_zipper mouth remap","ddd":0,"assets":[{"id":"comp_0","nm":"zipper mouth A","fr":60,"layers":[{"ddd":0,"ind":1,"ty":3,"nm":"Null ALL","sr":1,"ks":{"o":{"a":0,"k":0,"ix":11},"r":{"a":0,"k":0,"ix":10},"p":{"s":true,"x":{"a":1,"k":[{"i":{"x":[0.667],"y":[1]},"o":{"x":[0.167],"y":[0]},"t":28,"s":[512]},{"i":{"x":[0.667],"y":[1]},"o":{"x":[1],"y":[0]},"t":36,"s":[488]},{"i":{"x":[0.833],"y":[1]},"o":{"x":[1],"y":[0]},"t":42,"s":[492]},{"i":{"x":[0.833],"y":[1]},"o":{"x":[0.167],"y":[0]},"t":60,"s":[516]},{"i":{"x":[0.833],"y":[1]},"o":{"x":[0.167],"y":[0]},"t":76,"s":[514]},{"i":{"x":[0.833],"y":[1]},"o":{"x":[0.167],"y":[0]},"t":134,"s":[514]},{"i":{"x":[0.833],"y":[1]},"o":{"x":[0.167],"y":[0]},"t":166,"s":[512]},{"i":{"x":[0.833],"y":[1]},"o":{"x":[0.167],"y":[0]},"t":174,"s":[512]},{"t":182,"s":[512]}],"ix":3},"y":{"a":1,"k":[{"i":{"x":[0.833],"y":[1]},"o":{"x":[0.167],"y":[0]},"t":36,"s":[507.5]},{"i":{"x":[0.833],"y":[1]},"o":{"x":[0.167],"y":[0]},"t":76,"s":[507.5]},{"i":{"x":[0.833],"y":[1]},"o":{"x":[0.167],"y":[0]},"t":94,"s":[507.5]},{"i":{"x":[0.833],"y":[1]},"o":{"x":[0.167],"y":[0]},"t":102,"s":[511.5]},{"i":{"x":[0.833],"y":[1]},"o":{"x":[0.167],"y":[0]},"t":110,"s":[507.5]},{"i":{"x":[0.298],"y":[1]},"o":{"x":[0.167],"y":[0]},"t":134,"s":[507.5]},{"i":{"x":[0],"y":[1]},"o":{"x":[0.817],"y":[-0.113]},"t":140,"s":[499.5]},{"i":{"x":[0.603],"y":[1]},"o":{"x":[1],"y":[0]},"t":154,"s":[513.5]},{"i":{"x":[0.825],"y":[1]},"o":{"x":[0.43],"y":[0]},"t":166,"s":[501.5]},{"i":{"x":[0.833],"y":[1]},"o":{"x":[0.167],"y":[0]},"t":174,"s":[509.5]},{"t":182,"s":[507.5]}],"ix":4}},"a":{"a":0,"k":[0,0,0],"ix":1,"l":2},"s":{"a":0,"k":[100.9,100.9,100],"ix":6,"l":2}},"ao":0,"ip":0,"op":200,"st":0,"bm":0},{"ddd":0,"ind":2,"ty":1,"nm":"Null FACE","parent":1,"sr":1,"ks":{"o":{"a":0,"k":0,"ix":11},"r":{"a":1,"k":[{"i":{"x":[0.381],"y":[1]},"o":{"x":[0.333],"y":[0]},"t":28,"s":[0]},{"i":{"x":[0.667],"y":[1]},"o":{"x":[1],"y":[0]},"t":36,"s":[-2]},{"i":{"x":[0.667],"y":[1]},"o":{"x":[0.333],"y":[0]},"t":52,"s":[1]},{"t":60,"s":[0]}],"ix":10},"p":{"s":true,"x":{"a":1,"k":[{"i":{"x":[0.667],"y":[1]},"o":{"x":[1],"y":[0]},"t":18,"s":[0]},{"i":{"x":[0.667],"y":[1]},"o":{"x":[1],"y":[0]},"t":36,"s":[-134.018]},{"i":{"x":[0.667],"y":[1]},"o":{"x":[1],"y":[0]},"t":42,"s":[-134.018]},{"i":{"x":[0.147],"y":[0.87]},"o":{"x":[0.574],"y":[0]},"t":60,"s":[19.822]},{"i":{"x":[0.608],"y":[1]},"o":{"x":[0.278],"y":[-0.064]},"t":76,"s":[-9.189]},{"i":{"x":[0.833],"y":[1]},"o":{"x":[0.167],"y":[0]},"t":82,"s":[-1.982]},{"i":{"x":[0.667],"y":[1]},"o":{"x":[0.167],"y":[0]},"t":134,"s":[-1.982]},{"i":{"x":[0.833],"y":[1]},"o":{"x":[1],"y":[0]},"t":166,"s":[0]},{"i":{"x":[0.667],"y":[1]},"o":{"x":[0.167],"y":[0]},"t":174,"s":[0]},{"t":182,"s":[0]}],"ix":3},"y":{"a":1,"k":[{"i":{"x":[0.667],"y":[1]},"o":{"x":[1],"y":[0]},"t":18,"s":[0]},{"i":{"x":[0.667],"y":[1]},"o":{"x":[1],"y":[0]},"t":36,"s":[48.009]},{"i":{"x":[0.667],"y":[1]},"o":{"x":[1],"y":[0]},"t":42,"s":[48.009]},{"i":{"x":[0.667],"y":[1]},"o":{"x":[1],"y":[0]},"t":46,"s":[48.009]},{"i":{"x":[0.833],"y":[1]},"o":{"x":[0.167],"y":[0]},"t":60,"s":[0]},{"i":{"x":[0.833],"y":[1]},"o":{"x":[0.412],"y":[0]},"t":76,"s":[0]},{"i":{"x":[0.361],"y":[1]},"o":{"x":[0.412],"y":[0]},"t":94,"s":[0]},{"i":{"x":[0.637],"y":[1]},"o":{"x":[0.791],"y":[0.088]},"t":102,"s":[9.911]},{"i":{"x":[0.833],"y":[1]},"o":{"x":[0.167],"y":[0]},"t":110,"s":[0]},{"i":{"x":[0.298],"y":[1]},"o":{"x":[0.167],"y":[0]},"t":134,"s":[0]},{"i":{"x":[0],"y":[1]},"o":{"x":[0.645],"y":[-0.005]},"t":140,"s":[-25.768]},{"i":{"x":[0.667],"y":[1]},"o":{"x":[1],"y":[0]},"t":154,"s":[237.859]},{"i":{"x":[0.833],"y":[1]},"o":{"x":[1],"y":[0]},"t":166,"s":[-9.911]},{"i":{"x":[0.667],"y":[1]},"o":{"x":[0.167],"y":[0]},"t":174,"s":[3.964]},{"t":182,"s":[0]}],"ix":4}},"a":{"a":0,"k":[0,0,0],"ix":1,"l":2},"s":{"a":0,"k":[100,100,100],"ix":6,"l":2}},"ao":0,"sw":100,"sh":100,"sc":"#ffffff","ip":0,"op":198,"st":0,"bm":0},{"ddd":0,"ind":3,"ty":4,"nm":"eyes 2","parent":2,"sr":1,"ks":{"o":{"a":0,"k":100,"ix":11},"r":{"a":0,"k":0,"ix":10},"p":{"a":0,"k":[0,-99.604,0],"ix":2,"l":2},"a":{"a":0,"k":[512,407,0],"ix":1,"l":2},"s":{"a":1,"k":[{"i":{"x":[0.667,0.667,0.667],"y":[1,1,1]},"o":{"x":[0.167,0.167,0.167],"y":[0,0.167,0]},"t":50,"s":[99.108,76.108,100]},{"t":54,"s":[99.108,99.108,100]}],"ix":6,"l":2}},"ao":0,"shapes":[{"ty":"gr","it":[{"ind":0,"ty":"sh","ix":1,"ks":{"a":0,"k":{"i":[[0,0],[0,0],[5.324,-11.618],[-6.858,-6.858],[-5.406,11.617],[6.938,6.857]],"o":[[0,0],[-11.617,-5.325],[-4.034,8.794],[11.617,5.405],[4.114,-8.874],[0,0]],"v":[[12.868,-18.797],[12.868,-18.797],[-17.788,-7.341],[-13.029,18.717],[17.708,7.422],[12.949,-18.797]],"c":true},"ix":2},"nm":"Path 1","mn":"ADBE Vector Shape - Group","hd":false},{"ty":"fl","c":{"a":0,"k":[0.536999990426,0.375999989229,0.141000007181,1],"ix":4},"o":{"a":0,"k":100,"ix":5},"r":1,"bm":0,"nm":"Fill 1","mn":"ADBE Vector Graphic - Fill","hd":false},{"ty":"tr","p":{"a":0,"k":[658.428,363.843],"ix":2},"a":{"a":0,"k":[0,0],"ix":1},"s":{"a":0,"k":[100,100],"ix":3},"r":{"a":0,"k":0,"ix":6},"o":{"a":0,"k":100,"ix":7},"sk":{"a":0,"k":0,"ix":4},"sa":{"a":0,"k":0,"ix":5},"nm":"Transform"}],"nm":"Group 1","np":2,"cix":2,"bm":0,"ix":1,"mn":"ADBE Vector Group","hd":false},{"ty":"gr","it":[{"ind":0,"ty":"sh","ix":1,"ks":{"a":0,"k":{"i":[[7.019,6.857],[0,0],[5.405,-11.617],[-6.938,-6.858],[-5.405,11.617]],"o":[[0,0],[-11.617,-5.405],[-4.115,8.874],[11.617,5.405],[4.114,-8.874]],"v":[[12.989,-18.757],[12.989,-18.757],[-17.748,-7.463],[-12.988,18.757],[17.749,7.462]],"c":true},"ix":2},"nm":"Path 1","mn":"ADBE Vector Shape - Group","hd":false},{"ty":"fl","c":{"a":0,"k":[0.536999990426,0.375999989229,0.141000007181,1],"ix":4},"o":{"a":0,"k":100,"ix":5},"r":1,"bm":0,"nm":"Fill 1","mn":"ADBE Vector Graphic - Fill","hd":false},{"ty":"tr","p":{"a":0,"k":[350.451,363.803],"ix":2},"a":{"a":0,"k":[0,0],"ix":1},"s":{"a":0,"k":[100,100],"ix":3},"r":{"a":0,"k":0,"ix":6},"o":{"a":0,"k":100,"ix":7},"sk":{"a":0,"k":0,"ix":4},"sa":{"a":0,"k":0,"ix":5},"nm":"Transform"}],"nm":"Group 2","np":2,"cix":2,"bm":0,"ix":2,"mn":"ADBE Vector Group","hd":false},{"ty":"gr","it":[{"ind":0,"ty":"sh","ix":1,"ks":{"a":0,"k":{"i":[[29.769,0],[0,0],[0,-57.844],[-29.446,0],[0,57.925]],"o":[[0,0],[-29.769,0],[0,57.844],[29.769,0],[0,-57.924]],"v":[[0,-92.776],[0,-92.776],[-56.472,0],[0,92.776],[56.472,0]],"c":true},"ix":2},"nm":"Path 1","mn":"ADBE Vector Shape - Group","hd":false},{"ty":"fl","c":{"a":0,"k":[0.258999992819,0.169000004787,0.051000000449,1],"ix":4},"o":{"a":0,"k":100,"ix":5},"r":1,"bm":0,"nm":"Fill 1","mn":"ADBE Vector Graphic - Fill","hd":false},{"ty":"tr","p":{"a":0,"k":[356.744,399.744],"ix":2},"a":{"a":0,"k":[0,0],"ix":1},"s":{"a":0,"k":[100,100],"ix":3},"r":{"a":0,"k":0,"ix":6},"o":{"a":0,"k":100,"ix":7},"sk":{"a":0,"k":0,"ix":4},"sa":{"a":0,"k":0,"ix":5},"nm":"Transform"}],"nm":"Group 3","np":2,"cix":2,"bm":0,"ix":3,"mn":"ADBE Vector Group","hd":false},{"ty":"gr","it":[{"ind":0,"ty":"sh","ix":1,"ks":{"a":0,"k":{"i":[[-29.688,0],[0,0],[0,-57.844],[29.446,0],[0,57.925]],"o":[[0,0],[29.769,0],[0,57.844],[-29.688,0],[0,-57.924]],"v":[[0,-92.776],[0,-92.776],[56.472,0],[0,92.776],[-56.472,0]],"c":true},"ix":2},"nm":"Path 1","mn":"ADBE Vector Shape - Group","hd":false},{"ty":"fl","c":{"a":0,"k":[0.258999992819,0.169000004787,0.051000000449,1],"ix":4},"o":{"a":0,"k":100,"ix":5},"r":1,"bm":0,"nm":"Fill 1","mn":"ADBE Vector Graphic - Fill","hd":false},{"ty":"tr","p":{"a":0,"k":[675.732,399.744],"ix":2},"a":{"a":0,"k":[0,0],"ix":1},"s":{"a":0,"k":[100,100],"ix":3},"r":{"a":0,"k":0,"ix":6},"o":{"a":0,"k":100,"ix":7},"sk":{"a":0,"k":0,"ix":4},"sa":{"a":0,"k":0,"ix":5},"nm":"Transform"}],"nm":"Group 4","np":2,"cix":2,"bm":0,"ix":4,"mn":"ADBE Vector Group","hd":false}],"ip":50,"op":202,"st":-12,"bm":0},{"ddd":0,"ind":4,"ty":4,"nm":"eyes","parent":2,"sr":1,"ks":{"o":{"a":0,"k":100,"ix":11},"r":{"a":0,"k":0,"ix":10},"p":{"a":0,"k":[0,-99.604,0],"ix":2,"l":2},"a":{"a":0,"k":[512,407,0],"ix":1,"l":2},"s":{"a":1,"k":[{"i":{"x":[0.667,0.667,0.667],"y":[1,1,1]},"o":{"x":[1,1,0.333],"y":[0,0,0]},"t":18,"s":[99.108,99.108,100]},{"i":{"x":[0.667,0.667,0.667],"y":[1,1,1]},"o":{"x":[0.167,0.167,0.167],"y":[0,0,0]},"t":24,"s":[99.108,123.108,100]},{"i":{"x":[0.833,0.833,0.833],"y":[1,1,1]},"o":{"x":[0.167,0.167,0.167],"y":[0,0,0]},"t":26,"s":[99.108,123.108,100]},{"i":{"x":[0.833,0.833,0.833],"y":[1,1,1]},"o":{"x":[0.167,0.167,0.167],"y":[0,0,0]},"t":30,"s":[99.108,123.108,100]},{"t":33,"s":[99.108,88.108,100]}],"ix":6,"l":2}},"ao":0,"shapes":[{"ty":"gr","it":[{"ind":0,"ty":"sh","ix":1,"ks":{"a":0,"k":{"i":[[0,0],[0,0],[5.324,-11.618],[-6.858,-6.858],[-5.406,11.617],[6.938,6.857]],"o":[[0,0],[-11.617,-5.325],[-4.034,8.794],[11.617,5.405],[4.114,-8.874],[0,0]],"v":[[12.868,-18.797],[12.868,-18.797],[-17.788,-7.341],[-13.029,18.717],[17.708,7.422],[12.949,-18.797]],"c":true},"ix":2},"nm":"Path 1","mn":"ADBE Vector Shape - Group","hd":false},{"ty":"fl","c":{"a":0,"k":[0.536999990426,0.375999989229,0.141000007181,1],"ix":4},"o":{"a":0,"k":100,"ix":5},"r":1,"bm":0,"nm":"Fill 1","mn":"ADBE Vector Graphic - Fill","hd":false},{"ty":"tr","p":{"a":0,"k":[658.428,363.843],"ix":2},"a":{"a":0,"k":[0,0],"ix":1},"s":{"a":0,"k":[100,100],"ix":3},"r":{"a":0,"k":0,"ix":6},"o":{"a":0,"k":100,"ix":7},"sk":{"a":0,"k":0,"ix":4},"sa":{"a":0,"k":0,"ix":5},"nm":"Transform"}],"nm":"Group 1","np":2,"cix":2,"bm":0,"ix":1,"mn":"ADBE Vector Group","hd":false},{"ty":"gr","it":[{"ind":0,"ty":"sh","ix":1,"ks":{"a":0,"k":{"i":[[7.019,6.857],[0,0],[5.405,-11.617],[-6.938,-6.858],[-5.405,11.617]],"o":[[0,0],[-11.617,-5.405],[-4.115,8.874],[11.617,5.405],[4.114,-8.874]],"v":[[12.989,-18.757],[12.989,-18.757],[-17.748,-7.463],[-12.988,18.757],[17.749,7.462]],"c":true},"ix":2},"nm":"Path 1","mn":"ADBE Vector Shape - Group","hd":false},{"ty":"fl","c":{"a":0,"k":[0.536999990426,0.375999989229,0.141000007181,1],"ix":4},"o":{"a":0,"k":100,"ix":5},"r":1,"bm":0,"nm":"Fill 1","mn":"ADBE Vector Graphic - Fill","hd":false},{"ty":"tr","p":{"a":0,"k":[350.451,363.803],"ix":2},"a":{"a":0,"k":[0,0],"ix":1},"s":{"a":0,"k":[100,100],"ix":3},"r":{"a":0,"k":0,"ix":6},"o":{"a":0,"k":100,"ix":7},"sk":{"a":0,"k":0,"ix":4},"sa":{"a":0,"k":0,"ix":5},"nm":"Transform"}],"nm":"Group 2","np":2,"cix":2,"bm":0,"ix":2,"mn":"ADBE Vector Group","hd":false},{"ty":"gr","it":[{"ind":0,"ty":"sh","ix":1,"ks":{"a":0,"k":{"i":[[29.769,0],[0,0],[0,-57.844],[-29.446,0],[0,57.925]],"o":[[0,0],[-29.769,0],[0,57.844],[29.769,0],[0,-57.924]],"v":[[0,-92.776],[0,-92.776],[-56.472,0],[0,92.776],[56.472,0]],"c":true},"ix":2},"nm":"Path 1","mn":"ADBE Vector Shape - Group","hd":false},{"ty":"fl","c":{"a":0,"k":[0.258999992819,0.169000004787,0.051000000449,1],"ix":4},"o":{"a":0,"k":100,"ix":5},"r":1,"bm":0,"nm":"Fill 1","mn":"ADBE Vector Graphic - Fill","hd":false},{"ty":"tr","p":{"a":0,"k":[356.744,399.744],"ix":2},"a":{"a":0,"k":[0,0],"ix":1},"s":{"a":0,"k":[100,100],"ix":3},"r":{"a":0,"k":0,"ix":6},"o":{"a":0,"k":100,"ix":7},"sk":{"a":0,"k":0,"ix":4},"sa":{"a":0,"k":0,"ix":5},"nm":"Transform"}],"nm":"Group 3","np":2,"cix":2,"bm":0,"ix":3,"mn":"ADBE Vector Group","hd":false},{"ty":"gr","it":[{"ind":0,"ty":"sh","ix":1,"ks":{"a":0,"k":{"i":[[-29.688,0],[0,0],[0,-57.844],[29.446,0],[0,57.925]],"o":[[0,0],[29.769,0],[0,57.844],[-29.688,0],[0,-57.924]],"v":[[0,-92.776],[0,-92.776],[56.472,0],[0,92.776],[-56.472,0]],"c":true},"ix":2},"nm":"Path 1","mn":"ADBE Vector Shape - Group","hd":false},{"ty":"fl","c":{"a":0,"k":[0.258999992819,0.169000004787,0.051000000449,1],"ix":4},"o":{"a":0,"k":100,"ix":5},"r":1,"bm":0,"nm":"Fill 1","mn":"ADBE Vector Graphic - Fill","hd":false},{"ty":"tr","p":{"a":0,"k":[675.732,399.744],"ix":2},"a":{"a":0,"k":[0,0],"ix":1},"s":{"a":0,"k":[100,100],"ix":3},"r":{"a":0,"k":0,"ix":6},"o":{"a":0,"k":100,"ix":7},"sk":{"a":0,"k":0,"ix":4},"sa":{"a":0,"k":0,"ix":5},"nm":"Transform"}],"nm":"Group 4","np":2,"cix":2,"bm":0,"ix":4,"mn":"ADBE Vector Group","hd":false}],"ip":-4,"op":34,"st":-4,"bm":0},{"ddd":0,"ind":5,"ty":4,"nm":"eyes closed","parent":2,"sr":1,"ks":{"o":{"a":0,"k":100,"ix":11},"r":{"a":0,"k":0,"ix":10},"p":{"a":0,"k":[0,4.46,0],"ix":2,"l":2},"a":{"a":0,"k":[512,512,0],"ix":1,"l":2},"s":{"a":0,"k":[99.108,99.108,100],"ix":6,"l":2}},"ao":0,"shapes":[{"ty":"gr","it":[{"ind":0,"ty":"sh","ix":1,"ks":{"a":0,"k":{"i":[[0,0],[0,0]],"o":[[0,0],[0,0]],"v":[[77.65,-26.583],[-77.65,26.583]],"c":false},"ix":2},"nm":"Path 1","mn":"ADBE Vector Shape - Group","hd":false},{"ty":"st","c":{"a":0,"k":[0.258999992819,0.169000004787,0.051000000449,1],"ix":3},"o":{"a":0,"k":100,"ix":4},"w":{"a":0,"k":40.233,"ix":5},"lc":2,"lj":1,"ml":10,"bm":0,"nm":"Stroke 1","mn":"ADBE Vector Graphic - Stroke","hd":false},{"ty":"tr","p":{"a":0,"k":[669.67,403.183],"ix":2},"a":{"a":0,"k":[0,0],"ix":1},"s":{"a":0,"k":[100,100],"ix":3},"r":{"a":0,"k":0,"ix":6},"o":{"a":0,"k":100,"ix":7},"sk":{"a":0,"k":0,"ix":4},"sa":{"a":0,"k":0,"ix":5},"nm":"Transform"}],"nm":"Group 1","np":2,"cix":2,"bm":0,"ix":1,"mn":"ADBE Vector Group","hd":false},{"ty":"gr","it":[{"ind":0,"ty":"sh","ix":1,"ks":{"a":0,"k":{"i":[[0,0],[0,0]],"o":[[0,0],[0,0]],"v":[[-67.364,-26.583],[67.364,26.583]],"c":false},"ix":2},"nm":"Path 1","mn":"ADBE Vector Shape - Group","hd":false},{"ty":"st","c":{"a":0,"k":[0.258999992819,0.169000004787,0.051000000449,1],"ix":3},"o":{"a":0,"k":100,"ix":4},"w":{"a":0,"k":40.233,"ix":5},"lc":2,"lj":1,"ml":10,"bm":0,"nm":"Stroke 1","mn":"ADBE Vector Graphic - Stroke","hd":false},{"ty":"tr","p":{"a":0,"k":[356.29,403.183],"ix":2},"a":{"a":0,"k":[0,0],"ix":1},"s":{"a":0,"k":[100,100],"ix":3},"r":{"a":0,"k":0,"ix":6},"o":{"a":0,"k":100,"ix":7},"sk":{"a":0,"k":0,"ix":4},"sa":{"a":0,"k":0,"ix":5},"nm":"Transform"}],"nm":"Group 2","np":2,"cix":2,"bm":0,"ix":2,"mn":"ADBE Vector Group","hd":false}],"ip":34,"op":50,"st":36,"bm":0},{"ddd":0,"ind":6,"ty":1,"nm":"zipped mouth mask","parent":2,"td":1,"sr":1,"ks":{"o":{"a":0,"k":100,"ix":11},"r":{"a":0,"k":0,"ix":10},"p":{"a":0,"k":[0,24.281,0],"ix":2,"l":2},"a":{"a":0,"k":[512,512,0],"ix":1,"l":2},"s":{"a":0,"k":[99.108,99.108,100],"ix":6,"l":2}},"ao":0,"hasMask":true,"masksProperties":[{"inv":false,"mode":"a","pt":{"a":1,"k":[{"i":{"x":0.833,"y":0.833},"o":{"x":0.167,"y":0.167},"t":50,"s":[{"i":[[0,0],[0,0],[0,0],[-31.373,39.591],[-1.568,1.809],[0,0]],"o":[[0,0],[0,0],[0,0],[2.014,-2.541],[26,-30],[0,0]],"v":[[-72,412],[-98,828],[88,824],[200.61,662.552],[206,656],[212,610]],"c":true}]},{"i":{"x":0.833,"y":0.833},"o":{"x":0.167,"y":0.167},"t":52,"s":[{"i":[[0,0],[0,0],[0,0],[-36.911,37.461],[-1.568,1.809],[0,0]],"o":[[0,0],[0,0],[0,0],[2.369,-2.404],[26,-30],[0,0]],"v":[[-72,412],[-98,828],[88,824],[142.066,643.343],[201,616],[252,617]],"c":true}]},{"i":{"x":0.833,"y":0.833},"o":{"x":0.167,"y":0.167},"t":54,"s":[{"i":[[0,0],[0,0],[0,0],[-45.965,34.905],[-0.339,2.37],[0,0]],"o":[[0,0],[0,0],[0,0],[2.95,-2.24],[7,-49],[0,0]],"v":[[-72,412],[-98,828],[88,824],[336.175,706.092],[343.08,678.792],[431.288,546.358]],"c":true}]},{"i":{"x":0.833,"y":0.833},"o":{"x":0.167,"y":0.167},"t":55,"s":[{"i":[[0,0],[0,0],[0,0],[-112.854,65.965],[-2.367,4.754],[0,0]],"o":[[0,0],[0,0],[0,0],[5.137,-3.097],[20.024,-51.336],[0,0]],"v":[[-72,412],[-98,828],[88,824],[391.113,759.093],[405.674,686.94],[446.161,562.313]],"c":true}]},{"i":{"x":0.833,"y":0.833},"o":{"x":0.167,"y":0.167},"t":56,"s":[{"i":[[0,0],[0,0],[0,0],[-179.742,97.026],[-4.395,7.138],[0,0]],"o":[[0,0],[0,0],[0,0],[7.323,-3.953],[33.048,-53.672],[0,0]],"v":[[-72,412],[-98,828],[88,824],[446.051,812.094],[488.244,692.851],[581.032,577.319]],"c":true}]},{"i":{"x":0.833,"y":0.833},"o":{"x":0.167,"y":0.167},"t":57,"s":[{"i":[[0,0],[0,0],[0,0],[-179.742,97.026],[-6.283,4.505],[0,0]],"o":[[0,0],[0,0],[0,0],[7.323,-3.953],[32.832,-44.038],[0,0]],"v":[[-72,412],[-98,828],[88,824],[604.551,813.094],[642.451,641.385],[734.543,581.472]],"c":true}]},{"i":{"x":0.833,"y":0.833},"o":{"x":0.167,"y":0.167},"t":58,"s":[{"i":[[0,0],[0,0],[0,0],[-179.743,97.026],[-8.17,1.872],[0,0]],"o":[[0,0],[0,0],[0,0],[7.323,-3.953],[96,-22],[0,0]],"v":[[-72,412],[-98,828],[88,824],[763.051,814.094],[776.918,637.03],[820,576]],"c":true}]},{"i":{"x":0.833,"y":0.833},"o":{"x":0.167,"y":0.167},"t":59,"s":[{"i":[[0,0],[0,0],[0,0],[-179.743,97.026],[-1.085,57.936],[0,0]],"o":[[0,0],[0,0],[0,0],[7.323,-3.953],[45.412,-60.176],[0,0]],"v":[[-72,412],[-98,828],[88,824],[862.054,819.02],[813.955,655.508],[819.492,565.5]],"c":true}]},{"i":{"x":0.833,"y":0.833},"o":{"x":0.167,"y":0.167},"t":60,"s":[{"i":[[0,0],[0,0],[0,0],[-179.743,97.026],[6,114],[0,0]],"o":[[0,0],[0,0],[0,0],[7.323,-3.953],[-5.176,-98.353],[0,0]],"v":[[-72,412],[-98,828],[88,824],[763.051,814.094],[832,686],[820,566]],"c":true}]},{"i":{"x":0.833,"y":0.833},"o":{"x":0.167,"y":0.167},"t":64,"s":[{"i":[[0,0],[0,0],[0,0],[-179.743,97.026],[-24.722,109.259],[0,0]],"o":[[0,0],[0,0],[0,0],[7.323,-3.953],[18.274,-86.118],[0,0]],"v":[[-72,412],[-98,828],[88,824],[763.051,814.094],[838.667,697],[820,566]],"c":true}]},{"i":{"x":0.833,"y":0.833},"o":{"x":0.167,"y":0.167},"t":65,"s":[{"i":[[0,0],[0,0],[0,0],[-179.743,97.026],[-32.403,108.074],[0,0]],"o":[[0,0],[0,0],[0,0],[7.323,-3.953],[24.137,-83.059],[0,0]],"v":[[-72,412],[-98,828],[88,824],[763.051,814.094],[840.833,702],[820,566]],"c":true}]},{"i":{"x":0.833,"y":0.833},"o":{"x":0.167,"y":0.167},"t":66,"s":[{"i":[[0,0],[0,0],[0,0],[-179.743,97.026],[-40.083,106.889],[0,0]],"o":[[0,0],[0,0],[0,0],[7.323,-3.953],[30,-80],[0,0]],"v":[[-72,412],[-98,828],[88,824],[763.051,814.094],[863,707],[820,566]],"c":true}]},{"t":70,"s":[{"i":[[0,0],[0,0],[0,0],[-179.743,97.026],[-57,93],[0,0]],"o":[[0,0],[0,0],[0,0],[7.323,-3.953],[44.648,-72.846],[0,0]],"v":[[-72,412],[-98,828],[88,824],[763.051,814.094],[863,710],[821,561]],"c":true}]}],"ix":1},"o":{"a":0,"k":100,"ix":3},"x":{"a":0,"k":0,"ix":4},"nm":"Mask 1"}],"sw":1024,"sh":1024,"sc":"#ffffff","ip":0,"op":198,"st":0,"bm":0},{"ddd":0,"ind":7,"ty":4,"nm":"zipped mouth","parent":2,"tt":1,"sr":1,"ks":{"o":{"a":0,"k":100,"ix":11},"r":{"a":0,"k":0,"ix":10},"p":{"a":1,"k":[{"i":{"x":0.667,"y":1},"o":{"x":0.333,"y":0},"t":46,"s":[0,-104.559,0],"to":[0,0,0],"ti":[0,0,0]},{"t":60,"s":[0,4.46,0]}],"ix":2,"l":2},"a":{"a":0,"k":[512,512,0],"ix":1,"l":2},"s":{"a":1,"k":[{"i":{"x":[0,0.667,0.667],"y":[1,1,1]},"o":{"x":[0.333,0.333,0.333],"y":[0,0,0]},"t":48,"s":[59.108,99.108,100]},{"t":56,"s":[99.108,99.108,100]}],"ix":6,"l":2}},"ao":0,"shapes":[{"ty":"gr","it":[{"ind":0,"ty":"sh","ix":1,"ks":{"a":1,"k":[{"i":{"x":0.667,"y":1},"o":{"x":0.333,"y":0},"t":52,"s":[{"i":[[0,0],[0.888,0.646],[0,0],[0,15.973],[0,0],[11.456,0],[0,0],[0,-11.456],[0,0],[11.455,0],[0,0],[0.343,7.314],[0,0],[11.456,0],[0,0],[0,-11.456],[0,0],[11.456,0],[0,0],[0.248,7.314],[0,0],[11.456,0],[0,0],[0,-11.456],[0,0],[11.456,0],[0,0],[-0.347,7.314],[0,0],[11.456,0],[0,0],[0,-11.456],[0,0],[11.455,0],[0,0],[0.558,6.314],[0,0],[11.456,0],[0,0],[0,-11.456],[0,0],[-11.456,-0.081],[0,0],[-0.081,-11.456],[0,0],[-11.456,-0.081],[0,0],[0,0],[-0.081,11.456],[0,0],[0,0],[-11.456,0],[0,0],[-0.081,-11.456],[0,0],[-11.456,-0.081],[0,0],[0,0],[-0.081,11.456],[0,0],[0,0],[-11.456,0],[0,0],[-0.08,-11.456],[0,0],[-11.456,-0.081],[0,0],[0,0],[-0.08,11.456],[0,0],[0,0],[-11.455,0],[0,0],[-0.08,-11.455],[0,0],[-11.456,-0.081],[0,0],[0,0],[-0.081,11.456],[0,0],[0,0],[-11.456,0],[0,0],[-4.921,-3.873],[0,0],[0,0]],"o":[[-0.645,-0.807],[0,0],[-12.505,-9.923],[0,0],[0,-11.456],[0,0],[-11.456,0],[0,0],[0.931,4.814],[0,0],[-11.456,-0.08],[0,0],[0,-11.456],[0,0],[-11.456,0],[0,0],[1.336,4.814],[0,0],[-11.456,0],[0,0],[0,-11.456],[0,0],[-11.456,0],[0,0],[0.241,5.814],[0,0],[-11.456,0],[0,0],[0,-11.456],[0,0],[-11.456,0],[0,0],[-0.354,6.314],[0,0],[-11.456,0],[0,0],[0,-11.456],[0,0],[-11.456,0],[0,0],[0.08,11.456],[0,0],[11.456,0],[0,0],[-0.081,11.456],[0,0],[0,0],[11.455,0.08],[0,0],[0,0],[0.08,-11.456],[0,0],[11.456,0],[0,0],[-0.081,11.456],[0,0],[0,0],[11.456,0.08],[0,0],[0,0],[0.081,-11.456],[0,0],[11.456,0],[0,0],[-0.08,11.456],[0,0],[0,0],[11.456,0.08],[0,0],[0,0],[0.081,-11.455],[0,0],[11.456,0],[0,0],[-0.08,11.456],[0,0],[0,0],[11.455,0.08],[0,0],[0,0],[0.08,-11.455],[0,0],[6.293,0],[0,0],[0,0],[0,0]],"v":[[328.831,12.465],[326.571,10.286],[307.048,-5.203],[287.283,-21.936],[287.283,-22.589],[266.469,-31.653],[239.604,-31.653],[218.789,-22.589],[218.789,-21.409],[197.977,-18.596],[171.111,-18.596],[150.378,-21.409],[150.378,-22.589],[129.563,-31.653],[102.699,-31.653],[81.884,-22.589],[81.884,-21.409],[61.07,-18.596],[34.286,-18.596],[13.473,-21.409],[13.473,-22.589],[-7.341,-31.653],[-34.206,-31.653],[-55.021,-22.589],[-55.021,-21.409],[-75.835,-18.596],[-102.618,-18.596],[-123.432,-21.409],[-123.432,-22.589],[-144.246,-31.653],[-171.111,-31.653],[-191.925,-22.589],[-191.925,-21.409],[-212.74,-18.596],[-239.523,-18.596],[-260.338,-21.409],[-260.338,-22.589],[-281.152,-31.653],[-308.016,-31.653],[-328.831,-22.589],[-328.831,7.946],[-308.016,28.761],[-281.152,28.761],[-260.338,35.244],[-260.338,37.009],[-239.685,47.573],[-239.523,47.573],[-212.74,47.573],[-191.925,37.17],[-191.925,37.009],[-191.925,35.244],[-171.111,28.761],[-144.246,28.761],[-123.432,35.244],[-123.432,37.009],[-102.779,47.573],[-102.618,47.573],[-75.835,47.573],[-55.021,37.17],[-55.021,37.009],[-55.021,35.244],[-34.206,28.761],[-7.341,28.761],[13.473,35.244],[13.473,37.009],[34.125,47.573],[34.286,47.573],[61.07,47.573],[81.884,37.17],[81.884,37.009],[81.884,35.244],[102.698,28.761],[129.563,28.761],[150.378,35.244],[150.378,37.009],[171.03,47.573],[171.111,47.573],[197.977,47.573],[218.79,37.17],[218.79,37.009],[218.79,35.244],[239.604,28.761],[248.881,28.761],[266.146,34.732],[291.558,54.981],[292.688,55.626]],"c":false}]},{"i":{"x":0.833,"y":1},"o":{"x":0.167,"y":0},"t":60,"s":[{"i":[[0,0],[0.888,0.646],[0,0],[0,15.973],[0,0],[11.456,0],[0,0],[0,-11.456],[0,0],[11.455,0],[0,0],[0,11.455],[0,0],[11.456,0],[0,0],[0,-11.456],[0,0],[11.456,0],[0,0],[0,11.455],[0,0],[11.456,0],[0,0],[0,-11.456],[0,0],[11.456,0],[0,0],[0,11.455],[0,0],[11.456,0],[0,0],[0,-11.456],[0,0],[11.455,0],[0,0],[0,11.455],[0,0],[11.456,0],[0,0],[0,-11.456],[0,0],[-11.456,-0.081],[0,0],[-0.081,-11.456],[0,0],[-11.456,-0.081],[0,0],[0,0],[-0.081,11.456],[0,0],[0,0],[-11.456,0],[0,0],[-0.081,-11.456],[0,0],[-11.456,-0.081],[0,0],[0,0],[-0.081,11.456],[0,0],[0,0],[-11.456,0],[0,0],[-0.08,-11.456],[0,0],[-11.456,-0.081],[0,0],[0,0],[-0.08,11.456],[0,0],[0,0],[-11.455,0],[0,0],[-0.08,-11.455],[0,0],[-11.456,-0.081],[0,0],[0,0],[-0.081,11.456],[0,0],[0,0],[-11.456,0],[0,0],[-4.921,-3.873],[0,0],[0,0]],"o":[[-0.645,-0.807],[0,0],[-12.505,-9.923],[0,0],[0,-11.456],[0,0],[-11.456,0],[0,0],[0,11.455],[0,0],[-11.456,-0.08],[0,0],[0,-11.456],[0,0],[-11.456,0],[0,0],[0,11.455],[0,0],[-11.456,0],[0,0],[0,-11.456],[0,0],[-11.456,0],[0,0],[0,11.455],[0,0],[-11.456,0],[0,0],[0,-11.456],[0,0],[-11.456,0],[0,0],[0,11.455],[0,0],[-11.456,0],[0,0],[0,-11.456],[0,0],[-11.456,0],[0,0],[0.08,11.456],[0,0],[11.456,0],[0,0],[-0.081,11.456],[0,0],[0,0],[11.455,0.08],[0,0],[0,0],[0.08,-11.456],[0,0],[11.456,0],[0,0],[-0.081,11.456],[0,0],[0,0],[11.456,0.08],[0,0],[0,0],[0.081,-11.456],[0,0],[11.456,0],[0,0],[-0.08,11.456],[0,0],[0,0],[11.456,0.08],[0,0],[0,0],[0.081,-11.455],[0,0],[11.456,0],[0,0],[-0.08,11.456],[0,0],[0,0],[11.455,0.08],[0,0],[0,0],[0.08,-11.455],[0,0],[6.293,0],[0,0],[0,0],[0,0]],"v":[[328.831,12.465],[326.571,10.286],[307.048,-5.203],[287.283,-46.186],[287.283,-66.839],[266.469,-87.653],[239.604,-87.653],[218.789,-66.839],[218.789,-39.409],[197.977,-18.596],[171.111,-18.596],[150.378,-39.409],[150.378,-66.839],[129.563,-87.653],[102.699,-87.653],[81.884,-66.839],[81.884,-39.409],[61.07,-18.596],[34.286,-18.596],[13.473,-39.409],[13.473,-66.839],[-7.341,-87.653],[-34.206,-87.653],[-55.021,-66.839],[-55.021,-39.409],[-75.835,-18.596],[-102.618,-18.596],[-123.432,-39.409],[-123.432,-66.839],[-144.246,-87.653],[-171.111,-87.653],[-191.925,-66.839],[-191.925,-39.409],[-212.74,-18.596],[-239.523,-18.596],[-260.338,-39.409],[-260.338,-66.839],[-281.152,-87.653],[-308.016,-87.653],[-328.831,-66.839],[-328.831,7.946],[-308.016,28.761],[-281.152,28.761],[-260.338,49.494],[-260.338,66.759],[-239.685,87.573],[-239.523,87.573],[-212.74,87.573],[-191.925,66.92],[-191.925,66.759],[-191.925,49.494],[-171.111,28.761],[-144.246,28.761],[-123.432,49.494],[-123.432,66.759],[-102.779,87.573],[-102.618,87.573],[-75.835,87.573],[-55.021,66.92],[-55.021,66.759],[-55.021,49.494],[-34.206,28.761],[-7.341,28.761],[13.473,49.494],[13.473,66.759],[34.125,87.573],[34.286,87.573],[61.07,87.573],[81.884,66.92],[81.884,66.759],[81.884,49.494],[102.698,28.761],[129.563,28.761],[150.378,49.494],[150.378,66.759],[171.03,87.573],[171.111,87.573],[197.977,87.573],[218.79,66.92],[218.79,66.759],[218.79,49.494],[239.604,28.761],[248.881,28.761],[266.146,34.732],[311.558,66.981],[312.688,67.626]],"c":false}]},{"i":{"x":0.833,"y":0.833},"o":{"x":0.167,"y":0},"t":66,"s":[{"i":[[0,0],[0.888,0.646],[0,0],[0,15.973],[0,0],[11.456,0],[0,0],[0,-11.456],[0,0],[11.455,0],[0,0],[0,11.455],[0,0],[11.456,0],[0,0],[0,-11.456],[0,0],[11.456,0],[0,0],[0,11.455],[0,0],[11.456,0],[0,0],[0,-11.456],[0,0],[11.456,0],[0,0],[0,11.455],[0,0],[11.456,0],[0,0],[0,-11.456],[0,0],[11.455,0],[0,0],[0,11.455],[0,0],[11.456,0],[0,0],[0,-11.456],[0,0],[-11.456,-0.081],[0,0],[-0.081,-11.456],[0,0],[-11.456,-0.081],[0,0],[0,0],[-0.081,11.456],[0,0],[0,0],[-11.456,0],[0,0],[-0.081,-11.456],[0,0],[-11.456,-0.081],[0,0],[0,0],[-0.081,11.456],[0,0],[0,0],[-11.456,0],[0,0],[-0.08,-11.456],[0,0],[-11.456,-0.081],[0,0],[0,0],[-0.08,11.456],[0,0],[0,0],[-11.455,0],[0,0],[-0.08,-11.455],[0,0],[-11.456,-0.081],[0,0],[0,0],[-0.081,11.456],[0,0],[0,0],[-11.456,0],[0,0],[-4.921,-3.873],[0,0],[0,0]],"o":[[-0.645,-0.807],[0,0],[-12.505,-9.923],[0,0],[0,-11.456],[0,0],[-11.456,0],[0,0],[0,11.455],[0,0],[-11.456,-0.08],[0,0],[0,-11.456],[0,0],[-11.456,0],[0,0],[0,11.455],[0,0],[-11.456,0],[0,0],[0,-11.456],[0,0],[-11.456,0],[0,0],[0,11.455],[0,0],[-11.456,0],[0,0],[0,-11.456],[0,0],[-11.456,0],[0,0],[0,11.455],[0,0],[-11.456,0],[0,0],[0,-11.456],[0,0],[-11.456,0],[0,0],[0.08,11.456],[0,0],[11.456,0],[0,0],[-0.081,11.456],[0,0],[0,0],[11.455,0.08],[0,0],[0,0],[0.08,-11.456],[0,0],[11.456,0],[0,0],[-0.081,11.456],[0,0],[0,0],[11.456,0.08],[0,0],[0,0],[0.081,-11.456],[0,0],[11.456,0],[0,0],[-0.08,11.456],[0,0],[0,0],[11.456,0.08],[0,0],[0,0],[0.081,-11.455],[0,0],[11.456,0],[0,0],[-0.08,11.456],[0,0],[0,0],[11.455,0.08],[0,0],[0,0],[0.08,-11.455],[0,0],[6.293,0],[0,0],[0,0],[0,0]],"v":[[328.831,12.465],[326.571,10.286],[307.048,-5.203],[287.283,-46.186],[287.283,-66.839],[266.469,-87.653],[239.604,-87.653],[218.789,-66.839],[218.789,-39.409],[197.977,-18.596],[171.111,-18.596],[150.378,-39.409],[150.378,-66.839],[129.563,-87.653],[102.699,-87.653],[81.884,-66.839],[81.884,-39.409],[61.07,-18.596],[34.286,-18.596],[13.473,-39.409],[13.473,-66.839],[-7.341,-87.653],[-34.206,-87.653],[-55.021,-66.839],[-55.021,-39.409],[-75.835,-18.596],[-102.618,-18.596],[-123.432,-39.409],[-123.432,-66.839],[-144.246,-87.653],[-171.111,-87.653],[-191.925,-66.839],[-191.925,-39.409],[-212.74,-18.596],[-239.523,-18.596],[-260.338,-39.409],[-260.338,-66.839],[-281.152,-87.653],[-308.016,-87.653],[-328.831,-66.839],[-328.831,7.946],[-308.016,28.761],[-281.152,28.761],[-260.338,49.494],[-260.338,66.759],[-239.685,87.573],[-239.523,87.573],[-212.74,87.573],[-191.925,66.92],[-191.925,66.759],[-191.925,49.494],[-171.111,28.761],[-144.246,28.761],[-123.432,49.494],[-123.432,66.759],[-102.779,87.573],[-102.618,87.573],[-75.835,87.573],[-55.021,66.92],[-55.021,66.759],[-55.021,49.494],[-34.206,28.761],[-7.341,28.761],[13.473,49.494],[13.473,66.759],[34.125,87.573],[34.286,87.573],[61.07,87.573],[81.884,66.92],[81.884,66.759],[81.884,49.494],[102.698,28.761],[129.563,28.761],[150.378,49.494],[150.378,66.759],[171.03,87.573],[171.111,87.573],[197.977,87.573],[218.79,66.92],[218.79,66.759],[218.79,49.494],[239.604,28.761],[248.881,28.761],[266.146,34.732],[302.558,69.981],[303.688,70.626]],"c":false}]},{"i":{"x":0.833,"y":1},"o":{"x":0.167,"y":0.167},"t":70,"s":[{"i":[[0,0],[0.888,0.646],[0,0],[0,15.973],[0,0],[11.456,0],[0,0],[0,-11.456],[0,0],[11.455,0],[0,0],[0,11.455],[0,0],[11.456,0],[0,0],[0,-11.456],[0,0],[11.456,0],[0,0],[0,11.455],[0,0],[11.456,0],[0,0],[0,-11.456],[0,0],[11.456,0],[0,0],[0,11.455],[0,0],[11.456,0],[0,0],[0,-11.456],[0,0],[11.455,0],[0,0],[0,11.455],[0,0],[11.456,0],[0,0],[0,-11.456],[0,0],[-11.456,-0.081],[0,0],[-0.081,-11.456],[0,0],[-11.456,-0.081],[0,0],[0,0],[-0.081,11.456],[0,0],[0,0],[-11.456,0],[0,0],[-0.081,-11.456],[0,0],[-11.456,-0.081],[0,0],[0,0],[-0.081,11.456],[0,0],[0,0],[-11.456,0],[0,0],[-0.08,-11.456],[0,0],[-11.456,-0.081],[0,0],[0,0],[-0.08,11.456],[0,0],[0,0],[-11.455,0],[0,0],[-0.08,-11.455],[0,0],[-11.456,-0.081],[0,0],[0,0],[-0.081,11.456],[0,0],[0,0],[-11.456,0],[0,0],[-4.921,-3.873],[0,0],[0,0]],"o":[[-0.645,-0.807],[0,0],[-12.505,-9.923],[0,0],[0,-11.456],[0,0],[-11.456,0],[0,0],[0,11.455],[0,0],[-11.456,-0.08],[0,0],[0,-11.456],[0,0],[-11.456,0],[0,0],[0,11.455],[0,0],[-11.456,0],[0,0],[0,-11.456],[0,0],[-11.456,0],[0,0],[0,11.455],[0,0],[-11.456,0],[0,0],[0,-11.456],[0,0],[-11.456,0],[0,0],[0,11.455],[0,0],[-11.456,0],[0,0],[0,-11.456],[0,0],[-11.456,0],[0,0],[0.08,11.456],[0,0],[11.456,0],[0,0],[-0.081,11.456],[0,0],[0,0],[11.455,0.08],[0,0],[0,0],[0.08,-11.456],[0,0],[11.456,0],[0,0],[-0.081,11.456],[0,0],[0,0],[11.456,0.08],[0,0],[0,0],[0.081,-11.456],[0,0],[11.456,0],[0,0],[-0.08,11.456],[0,0],[0,0],[11.456,0.08],[0,0],[0,0],[0.081,-11.455],[0,0],[11.456,0],[0,0],[-0.08,11.456],[0,0],[0,0],[11.455,0.08],[0,0],[0,0],[0.08,-11.455],[0,0],[6.293,0],[0,0],[0,0],[0,0]],"v":[[336.331,21.965],[334.071,19.786],[307.048,-5.203],[287.283,-46.186],[287.283,-66.839],[266.469,-87.653],[239.604,-87.653],[218.789,-66.839],[218.789,-39.409],[197.977,-18.596],[171.111,-18.596],[150.377,-39.409],[150.377,-66.839],[129.563,-87.653],[102.7,-87.653],[81.884,-66.839],[81.884,-39.409],[61.07,-18.596],[34.286,-18.596],[13.473,-39.409],[13.473,-66.839],[-7.341,-87.653],[-34.206,-87.653],[-55.021,-66.839],[-55.021,-39.409],[-75.835,-18.596],[-102.619,-18.596],[-123.433,-39.409],[-123.433,-66.839],[-144.247,-87.653],[-171.111,-87.653],[-191.925,-66.839],[-191.925,-39.409],[-212.74,-18.596],[-239.523,-18.596],[-260.338,-39.409],[-260.338,-66.839],[-281.152,-87.653],[-308.016,-87.653],[-328.831,-66.839],[-328.831,7.946],[-308.016,28.761],[-281.152,28.761],[-260.338,49.494],[-260.338,66.759],[-239.685,87.573],[-239.523,87.573],[-212.74,87.573],[-191.925,66.92],[-191.925,66.759],[-191.925,49.494],[-171.111,28.761],[-144.247,28.761],[-123.433,49.494],[-123.433,66.759],[-102.779,87.573],[-102.619,87.573],[-75.835,87.573],[-55.021,66.92],[-55.021,66.759],[-55.021,49.494],[-34.206,28.761],[-7.341,28.761],[13.473,49.494],[13.473,66.759],[34.126,87.573],[34.286,87.573],[61.07,87.573],[81.884,66.92],[81.884,66.759],[81.884,49.494],[102.699,28.761],[129.563,28.761],[150.377,49.494],[150.377,66.759],[171.03,87.573],[171.111,87.573],[197.977,87.573],[218.79,66.92],[218.79,66.759],[218.79,49.494],[239.604,28.761],[248.881,28.761],[266.146,34.732],[304.558,63.981],[305.688,64.626]],"c":false}]},{"t":80,"s":[{"i":[[0,0],[0.888,0.646],[0,0],[0,15.973],[0,0],[11.456,0],[0,0],[0,-11.456],[0,0],[11.455,0],[0,0],[0,11.455],[0,0],[11.456,0],[0,0],[0,-11.456],[0,0],[11.456,0],[0,0],[0,11.455],[0,0],[11.456,0],[0,0],[0,-11.456],[0,0],[11.456,0],[0,0],[0,11.455],[0,0],[11.456,0],[0,0],[0,-11.456],[0,0],[11.455,0],[0,0],[0,11.455],[0,0],[11.456,0],[0,0],[0,-11.456],[0,0],[-11.456,-0.081],[0,0],[-0.081,-11.456],[0,0],[-11.456,-0.081],[0,0],[0,0],[-0.081,11.456],[0,0],[0,0],[-11.456,0],[0,0],[-0.081,-11.456],[0,0],[-11.456,-0.081],[0,0],[0,0],[-0.081,11.456],[0,0],[0,0],[-11.456,0],[0,0],[-0.08,-11.456],[0,0],[-11.456,-0.081],[0,0],[0,0],[-0.08,11.456],[0,0],[0,0],[-11.455,0],[0,0],[-0.08,-11.455],[0,0],[-11.456,-0.081],[0,0],[0,0],[-0.081,11.456],[0,0],[0,0],[-11.456,0],[0,0],[-4.921,-3.873],[0,0],[0,0]],"o":[[-0.645,-0.807],[0,0],[-12.505,-9.923],[0,0],[0,-11.456],[0,0],[-11.456,0],[0,0],[0,11.455],[0,0],[-11.456,-0.08],[0,0],[0,-11.456],[0,0],[-11.456,0],[0,0],[0,11.455],[0,0],[-11.456,0],[0,0],[0,-11.456],[0,0],[-11.456,0],[0,0],[0,11.455],[0,0],[-11.456,0],[0,0],[0,-11.456],[0,0],[-11.456,0],[0,0],[0,11.455],[0,0],[-11.456,0],[0,0],[0,-11.456],[0,0],[-11.456,0],[0,0],[0.08,11.456],[0,0],[11.456,0],[0,0],[-0.081,11.456],[0,0],[0,0],[11.455,0.08],[0,0],[0,0],[0.08,-11.456],[0,0],[11.456,0],[0,0],[-0.081,11.456],[0,0],[0,0],[11.456,0.08],[0,0],[0,0],[0.081,-11.456],[0,0],[11.456,0],[0,0],[-0.08,11.456],[0,0],[0,0],[11.456,0.08],[0,0],[0,0],[0.081,-11.455],[0,0],[11.456,0],[0,0],[-0.08,11.456],[0,0],[0,0],[11.455,0.08],[0,0],[0,0],[0.08,-11.455],[0,0],[6.293,0],[0,0],[0,0],[0,0]],"v":[[328.831,12.465],[326.571,10.286],[307.048,-5.203],[287.283,-46.186],[287.283,-66.839],[266.469,-87.653],[239.604,-87.653],[218.789,-66.839],[218.789,-39.409],[197.977,-18.596],[171.111,-18.596],[150.378,-39.409],[150.378,-66.839],[129.563,-87.653],[102.699,-87.653],[81.884,-66.839],[81.884,-39.409],[61.07,-18.596],[34.286,-18.596],[13.473,-39.409],[13.473,-66.839],[-7.341,-87.653],[-34.206,-87.653],[-55.021,-66.839],[-55.021,-39.409],[-75.835,-18.596],[-102.618,-18.596],[-123.432,-39.409],[-123.432,-66.839],[-144.246,-87.653],[-171.111,-87.653],[-191.925,-66.839],[-191.925,-39.409],[-212.74,-18.596],[-239.523,-18.596],[-260.338,-39.409],[-260.338,-66.839],[-281.152,-87.653],[-308.016,-87.653],[-328.831,-66.839],[-328.831,7.946],[-308.016,28.761],[-281.152,28.761],[-260.338,49.494],[-260.338,66.759],[-239.685,87.573],[-239.523,87.573],[-212.74,87.573],[-191.925,66.92],[-191.925,66.759],[-191.925,49.494],[-171.111,28.761],[-144.246,28.761],[-123.432,49.494],[-123.432,66.759],[-102.779,87.573],[-102.618,87.573],[-75.835,87.573],[-55.021,66.92],[-55.021,66.759],[-55.021,49.494],[-34.206,28.761],[-7.341,28.761],[13.473,49.494],[13.473,66.759],[34.125,87.573],[34.286,87.573],[61.07,87.573],[81.884,66.92],[81.884,66.759],[81.884,49.494],[102.698,28.761],[129.563,28.761],[150.378,49.494],[150.378,66.759],[171.03,87.573],[171.111,87.573],[197.977,87.573],[218.79,66.92],[218.79,66.759],[218.79,49.494],[239.604,28.761],[248.881,28.761],[266.146,34.732],[312.558,71.981],[313.688,72.626]],"c":false}]}],"ix":2},"nm":"Path 1","mn":"ADBE Vector Shape - Group","hd":false},{"ty":"fl","c":{"a":0,"k":[0.380000005984,0.380000005984,0.380000005984,1],"ix":4},"o":{"a":0,"k":100,"ix":5},"r":1,"bm":0,"nm":"Fill 1","mn":"ADBE Vector Graphic - Fill","hd":false},{"ty":"tr","p":{"a":0,"k":[528.985,682.872],"ix":2},"a":{"a":0,"k":[0,0],"ix":1},"s":{"a":0,"k":[100,100],"ix":3},"r":{"a":0,"k":0,"ix":6},"o":{"a":0,"k":100,"ix":7},"sk":{"a":0,"k":0,"ix":4},"sa":{"a":0,"k":0,"ix":5},"nm":"Transform"}],"nm":"Group 1","np":2,"cix":2,"bm":0,"ix":1,"mn":"ADBE Vector Group","hd":false}],"ip":54,"op":142,"st":82,"bm":0},{"ddd":0,"ind":8,"ty":4,"nm":"zip","parent":2,"sr":1,"ks":{"o":{"a":0,"k":100,"ix":11},"r":{"a":1,"k":[{"i":{"x":[0.833],"y":[0.833]},"o":{"x":[0.167],"y":[0.167]},"t":16,"s":[0]},{"i":{"x":[0.602],"y":[1]},"o":{"x":[0.172],"y":[0]},"t":18,"s":[130]},{"i":{"x":[0.695],"y":[1]},"o":{"x":[0.352],"y":[0]},"t":34,"s":[97]},{"i":{"x":[0.667],"y":[1]},"o":{"x":[1],"y":[0]},"t":40,"s":[151]},{"i":{"x":[0.833],"y":[1]},"o":{"x":[0.333],"y":[0]},"t":60,"s":[-49]},{"i":{"x":[0.833],"y":[1]},"o":{"x":[0.167],"y":[0]},"t":70,"s":[10]},{"i":{"x":[0.833],"y":[1]},"o":{"x":[0.167],"y":[0]},"t":78,"s":[-5]},{"i":{"x":[0.833],"y":[1]},"o":{"x":[0.167],"y":[0]},"t":88,"s":[2]},{"i":{"x":[0.833],"y":[1]},"o":{"x":[0.167],"y":[0]},"t":98,"s":[-1]},{"t":106,"s":[0]}],"ix":10},"p":{"a":1,"k":[{"i":{"x":0.833,"y":0.833},"o":{"x":0.167,"y":0.167},"t":16,"s":[331.021,212.587,0],"to":[-85.894,-24.116,0],"ti":[85.894,24.116,0]},{"i":{"x":0.833,"y":0.833},"o":{"x":0.167,"y":0.167},"t":18,"s":[-184.341,67.889,0],"to":[0,0,0],"ti":[0,0,0]},{"i":{"x":0.667,"y":1},"o":{"x":0.167,"y":0.167},"t":34,"s":[-164.519,65.907,0],"to":[0,0,0],"ti":[0,0,0]},{"i":{"x":0.667,"y":0.667},"o":{"x":1,"y":1},"t":40,"s":[-184.341,67.889,0],"to":[0,0,0],"ti":[0,0,0]},{"i":{"x":0.744,"y":0},"o":{"x":0.387,"y":0},"t":46,"s":[-184.341,67.889,0],"to":[0,0,0],"ti":[0,0,0]},{"i":{"x":0.709,"y":0},"o":{"x":0.373,"y":0.593},"t":50,"s":[-176.435,75.717,0],"to":[0,0,0],"ti":[0,0,0]},{"i":{"x":0.692,"y":0.394},"o":{"x":0.359,"y":0.343},"t":52,"s":[-170.552,88.053,0],"to":[0,0,0],"ti":[0,0,0]},{"i":{"x":0.698,"y":0.858},"o":{"x":0.366,"y":0.229},"t":53,"s":[-165.747,112.151,0],"to":[0,0,0],"ti":[0,0,0]},{"i":{"x":0.441,"y":1},"o":{"x":0.686,"y":0.367},"t":54,"s":[-88.615,109.946,0],"to":[0,0,0],"ti":[0,0,0]},{"i":{"x":0.635,"y":0.398},"o":{"x":0.398,"y":0},"t":60,"s":[309.217,193.756,0],"to":[0,0,0],"ti":[0,0,0]},{"i":{"x":0.605,"y":0.554},"o":{"x":0.283,"y":0.37},"t":64,"s":[314.058,205.887,0],"to":[0,0,0],"ti":[0,0,0]},{"i":{"x":0.619,"y":1},"o":{"x":0.29,"y":0.412},"t":66,"s":[320.783,210.667,0],"to":[0,0,0],"ti":[0,0,0]},{"i":{"x":0.441,"y":1},"o":{"x":0.167,"y":0},"t":68,"s":[327.056,212.587,0],"to":[0,0,0],"ti":[0,0,0]},{"t":80,"s":[331.021,212.587,0]}],"ix":2,"l":2},"a":{"a":0,"k":[846,722,0],"ix":1,"l":2},"s":{"a":1,"k":[{"i":{"x":[0,0,0.667],"y":[1,1,1]},"o":{"x":[0.333,0.333,0.333],"y":[0,0,0]},"t":32,"s":[0,0,100]},{"t":40,"s":[99.108,99.108,100]}],"ix":6,"l":2}},"ao":0,"shapes":[{"ty":"gr","it":[{"ind":0,"ty":"sh","ix":1,"ks":{"a":0,"k":{"i":[[7.019,-9.439],[0,0],[9.439,7.181],[0,0],[-7.18,9.439],[0,0],[-9.439,-7.18],[0,0]],"o":[[0,0],[-7.18,9.438],[0,0],[-9.439,-7.18],[0,0],[7.18,-9.439],[0,0],[9.278,7.18]],"v":[[48.607,25.936],[39.168,38.361],[8.996,42.474],[-4.558,32.471],[-8.672,2.299],[0.847,-10.125],[31.02,-14.24],[44.492,-3.914]],"c":true},"ix":2},"nm":"Path 1","mn":"ADBE Vector Shape - Group","hd":false},{"ind":1,"ty":"sh","ix":2,"ks":{"a":0,"k":{"i":[[0,0],[8.39,6.213],[0.081,0.081],[-6.293,8.389],[-0.081,0.08],[0,0],[-8.31,-6.212],[-0.162,-0.081],[-0.646,-5.002],[3.065,-4.033]],"o":[[-6.293,8.39],[-0.081,-0.08],[-8.39,-6.292],[0.08,-0.081],[0,0],[6.212,-8.389],[0.081,0.08],[4.114,2.984],[0.645,5.001],[0,0]],"v":[[-29.002,-7.301],[-55.544,-3.43],[-55.706,-3.591],[-59.497,-30.212],[-59.336,-30.456],[-44.008,-50.624],[-17.627,-54.497],[-17.304,-54.253],[-9.882,-41.669],[-13.593,-27.471]],"c":true},"ix":2},"nm":"Path 2","mn":"ADBE Vector Shape - Group","hd":false},{"ind":2,"ty":"sh","ix":3,"ks":{"a":0,"k":{"i":[[20.733,15.973],[0,0],[16.054,-7.664],[0,0],[-16.055,-12.263],[0,0],[-15.893,20.896],[0,0]],"o":[[0,0],[-14.199,-10.73],[0,0],[-6.455,19.2],[0,0],[20.975,15.894],[0,0],[15.812,-20.895]],"v":[[68.937,-20.128],[-1.895,-74.019],[-51.107,-78.94],[-87.249,-35.779],[-71.114,16.82],[-0.282,70.711],[66.436,61.594],[77.892,46.508]],"c":true},"ix":2},"nm":"Path 3","mn":"ADBE Vector Shape - Group","hd":false},{"ty":"mm","mm":1,"nm":"Merge Paths 1","mn":"ADBE Vector Filter - Merge","hd":false},{"ty":"fl","c":{"a":0,"k":[0.380000005984,0.380000005984,0.380000005984,1],"ix":4},"o":{"a":0,"k":100,"ix":5},"r":1,"bm":0,"nm":"Fill 1","mn":"ADBE Vector Graphic - Fill","hd":false},{"ty":"tr","p":{"a":0,"k":[908.923,774.277],"ix":2},"a":{"a":0,"k":[0,0],"ix":1},"s":{"a":0,"k":[100,100],"ix":3},"r":{"a":0,"k":0,"ix":6},"o":{"a":0,"k":100,"ix":7},"sk":{"a":0,"k":0,"ix":4},"sa":{"a":0,"k":0,"ix":5},"nm":"Transform"}],"nm":"Group 1","np":5,"cix":2,"bm":0,"ix":1,"mn":"ADBE Vector Group","hd":false}],"ip":34,"op":142,"st":40,"bm":0},{"ddd":0,"ind":9,"ty":4,"nm":"zipped mouth 2","parent":2,"sr":1,"ks":{"o":{"a":0,"k":100,"ix":11},"r":{"a":0,"k":0,"ix":10},"p":{"a":1,"k":[{"i":{"x":0.667,"y":1},"o":{"x":0.333,"y":0},"t":142,"s":[0,170.961,0],"to":[0,-22.464,0],"ti":[0,22.464,0]},{"t":148,"s":[0,36.174,0]}],"ix":2,"l":2},"a":{"a":0,"k":[512,680,0],"ix":1,"l":2},"s":{"a":1,"k":[{"i":{"x":[0.833,0.833,0.833],"y":[0.833,0.833,1.282]},"o":{"x":[0.333,0.333,0.333],"y":[0,0,0]},"t":142,"s":[99.108,99.108,100]},{"t":148,"s":[58.108,58.108,100]}],"ix":6,"l":2}},"ao":0,"shapes":[{"ty":"gr","it":[{"ind":0,"ty":"sh","ix":1,"ks":{"a":1,"k":[{"i":{"x":0.667,"y":1},"o":{"x":0.333,"y":0},"t":52,"s":[{"i":[[0,0],[0.888,0.646],[0,0],[0,15.973],[0,0],[11.456,0],[0,0],[0,-11.456],[0,0],[11.455,0],[0,0],[0.343,7.314],[0,0],[11.456,0],[0,0],[0,-11.456],[0,0],[11.456,0],[0,0],[0.248,7.314],[0,0],[11.456,0],[0,0],[0,-11.456],[0,0],[11.456,0],[0,0],[-0.347,7.314],[0,0],[11.456,0],[0,0],[0,-11.456],[0,0],[11.455,0],[0,0],[0.558,6.314],[0,0],[11.456,0],[0,0],[0,-11.456],[0,0],[-11.456,-0.081],[0,0],[-0.081,-11.456],[0,0],[-11.456,-0.081],[0,0],[0,0],[-0.081,11.456],[0,0],[0,0],[-11.456,0],[0,0],[-0.081,-11.456],[0,0],[-11.456,-0.081],[0,0],[0,0],[-0.081,11.456],[0,0],[0,0],[-11.456,0],[0,0],[-0.08,-11.456],[0,0],[-11.456,-0.081],[0,0],[0,0],[-0.08,11.456],[0,0],[0,0],[-11.455,0],[0,0],[-0.08,-11.455],[0,0],[-11.456,-0.081],[0,0],[0,0],[-0.081,11.456],[0,0],[0,0],[-11.456,0],[0,0],[-4.921,-3.873],[0,0],[0,0]],"o":[[-0.645,-0.807],[0,0],[-12.505,-9.923],[0,0],[0,-11.456],[0,0],[-11.456,0],[0,0],[0.931,4.814],[0,0],[-11.456,-0.08],[0,0],[0,-11.456],[0,0],[-11.456,0],[0,0],[1.336,4.814],[0,0],[-11.456,0],[0,0],[0,-11.456],[0,0],[-11.456,0],[0,0],[0.241,5.814],[0,0],[-11.456,0],[0,0],[0,-11.456],[0,0],[-11.456,0],[0,0],[-0.354,6.314],[0,0],[-11.456,0],[0,0],[0,-11.456],[0,0],[-11.456,0],[0,0],[0.08,11.456],[0,0],[11.456,0],[0,0],[-0.081,11.456],[0,0],[0,0],[11.455,0.08],[0,0],[0,0],[0.08,-11.456],[0,0],[11.456,0],[0,0],[-0.081,11.456],[0,0],[0,0],[11.456,0.08],[0,0],[0,0],[0.081,-11.456],[0,0],[11.456,0],[0,0],[-0.08,11.456],[0,0],[0,0],[11.456,0.08],[0,0],[0,0],[0.081,-11.455],[0,0],[11.456,0],[0,0],[-0.08,11.456],[0,0],[0,0],[11.455,0.08],[0,0],[0,0],[0.08,-11.455],[0,0],[6.293,0],[0,0],[0,0],[0,0]],"v":[[328.831,12.465],[326.571,10.286],[307.048,-5.203],[287.283,-21.936],[287.283,-22.589],[266.469,-31.653],[239.604,-31.653],[218.789,-22.589],[218.789,-21.409],[197.977,-18.596],[171.111,-18.596],[150.378,-21.409],[150.378,-22.589],[129.563,-31.653],[102.699,-31.653],[81.884,-22.589],[81.884,-21.409],[61.07,-18.596],[34.286,-18.596],[13.473,-21.409],[13.473,-22.589],[-7.341,-31.653],[-34.206,-31.653],[-55.021,-22.589],[-55.021,-21.409],[-75.835,-18.596],[-102.618,-18.596],[-123.432,-21.409],[-123.432,-22.589],[-144.246,-31.653],[-171.111,-31.653],[-191.925,-22.589],[-191.925,-21.409],[-212.74,-18.596],[-239.523,-18.596],[-260.338,-21.409],[-260.338,-22.589],[-281.152,-31.653],[-308.016,-31.653],[-328.831,-22.589],[-328.831,7.946],[-308.016,28.761],[-281.152,28.761],[-260.338,35.244],[-260.338,37.009],[-239.685,47.573],[-239.523,47.573],[-212.74,47.573],[-191.925,37.17],[-191.925,37.009],[-191.925,35.244],[-171.111,28.761],[-144.246,28.761],[-123.432,35.244],[-123.432,37.009],[-102.779,47.573],[-102.618,47.573],[-75.835,47.573],[-55.021,37.17],[-55.021,37.009],[-55.021,35.244],[-34.206,28.761],[-7.341,28.761],[13.473,35.244],[13.473,37.009],[34.125,47.573],[34.286,47.573],[61.07,47.573],[81.884,37.17],[81.884,37.009],[81.884,35.244],[102.698,28.761],[129.563,28.761],[150.378,35.244],[150.378,37.009],[171.03,47.573],[171.111,47.573],[197.977,47.573],[218.79,37.17],[218.79,37.009],[218.79,35.244],[239.604,28.761],[248.881,28.761],[266.146,34.732],[291.558,54.981],[292.688,55.626]],"c":false}]},{"i":{"x":0.833,"y":1},"o":{"x":0.167,"y":0},"t":60,"s":[{"i":[[0,0],[0.888,0.646],[0,0],[0,15.973],[0,0],[11.456,0],[0,0],[0,-11.456],[0,0],[11.455,0],[0,0],[0,11.455],[0,0],[11.456,0],[0,0],[0,-11.456],[0,0],[11.456,0],[0,0],[0,11.455],[0,0],[11.456,0],[0,0],[0,-11.456],[0,0],[11.456,0],[0,0],[0,11.455],[0,0],[11.456,0],[0,0],[0,-11.456],[0,0],[11.455,0],[0,0],[0,11.455],[0,0],[11.456,0],[0,0],[0,-11.456],[0,0],[-11.456,-0.081],[0,0],[-0.081,-11.456],[0,0],[-11.456,-0.081],[0,0],[0,0],[-0.081,11.456],[0,0],[0,0],[-11.456,0],[0,0],[-0.081,-11.456],[0,0],[-11.456,-0.081],[0,0],[0,0],[-0.081,11.456],[0,0],[0,0],[-11.456,0],[0,0],[-0.08,-11.456],[0,0],[-11.456,-0.081],[0,0],[0,0],[-0.08,11.456],[0,0],[0,0],[-11.455,0],[0,0],[-0.08,-11.455],[0,0],[-11.456,-0.081],[0,0],[0,0],[-0.081,11.456],[0,0],[0,0],[-11.456,0],[0,0],[-4.921,-3.873],[0,0],[0,0]],"o":[[-0.645,-0.807],[0,0],[-12.505,-9.923],[0,0],[0,-11.456],[0,0],[-11.456,0],[0,0],[0,11.455],[0,0],[-11.456,-0.08],[0,0],[0,-11.456],[0,0],[-11.456,0],[0,0],[0,11.455],[0,0],[-11.456,0],[0,0],[0,-11.456],[0,0],[-11.456,0],[0,0],[0,11.455],[0,0],[-11.456,0],[0,0],[0,-11.456],[0,0],[-11.456,0],[0,0],[0,11.455],[0,0],[-11.456,0],[0,0],[0,-11.456],[0,0],[-11.456,0],[0,0],[0.08,11.456],[0,0],[11.456,0],[0,0],[-0.081,11.456],[0,0],[0,0],[11.455,0.08],[0,0],[0,0],[0.08,-11.456],[0,0],[11.456,0],[0,0],[-0.081,11.456],[0,0],[0,0],[11.456,0.08],[0,0],[0,0],[0.081,-11.456],[0,0],[11.456,0],[0,0],[-0.08,11.456],[0,0],[0,0],[11.456,0.08],[0,0],[0,0],[0.081,-11.455],[0,0],[11.456,0],[0,0],[-0.08,11.456],[0,0],[0,0],[11.455,0.08],[0,0],[0,0],[0.08,-11.455],[0,0],[6.293,0],[0,0],[0,0],[0,0]],"v":[[328.831,12.465],[326.571,10.286],[307.048,-5.203],[287.283,-46.186],[287.283,-66.839],[266.469,-87.653],[239.604,-87.653],[218.789,-66.839],[218.789,-39.409],[197.977,-18.596],[171.111,-18.596],[150.378,-39.409],[150.378,-66.839],[129.563,-87.653],[102.699,-87.653],[81.884,-66.839],[81.884,-39.409],[61.07,-18.596],[34.286,-18.596],[13.473,-39.409],[13.473,-66.839],[-7.341,-87.653],[-34.206,-87.653],[-55.021,-66.839],[-55.021,-39.409],[-75.835,-18.596],[-102.618,-18.596],[-123.432,-39.409],[-123.432,-66.839],[-144.246,-87.653],[-171.111,-87.653],[-191.925,-66.839],[-191.925,-39.409],[-212.74,-18.596],[-239.523,-18.596],[-260.338,-39.409],[-260.338,-66.839],[-281.152,-87.653],[-308.016,-87.653],[-328.831,-66.839],[-328.831,7.946],[-308.016,28.761],[-281.152,28.761],[-260.338,49.494],[-260.338,66.759],[-239.685,87.573],[-239.523,87.573],[-212.74,87.573],[-191.925,66.92],[-191.925,66.759],[-191.925,49.494],[-171.111,28.761],[-144.246,28.761],[-123.432,49.494],[-123.432,66.759],[-102.779,87.573],[-102.618,87.573],[-75.835,87.573],[-55.021,66.92],[-55.021,66.759],[-55.021,49.494],[-34.206,28.761],[-7.341,28.761],[13.473,49.494],[13.473,66.759],[34.125,87.573],[34.286,87.573],[61.07,87.573],[81.884,66.92],[81.884,66.759],[81.884,49.494],[102.698,28.761],[129.563,28.761],[150.378,49.494],[150.378,66.759],[171.03,87.573],[171.111,87.573],[197.977,87.573],[218.79,66.92],[218.79,66.759],[218.79,49.494],[239.604,28.761],[248.881,28.761],[266.146,34.732],[311.558,66.981],[312.688,67.626]],"c":false}]},{"i":{"x":0.833,"y":0.833},"o":{"x":0.167,"y":0},"t":66,"s":[{"i":[[0,0],[0.888,0.646],[0,0],[0,15.973],[0,0],[11.456,0],[0,0],[0,-11.456],[0,0],[11.455,0],[0,0],[0,11.455],[0,0],[11.456,0],[0,0],[0,-11.456],[0,0],[11.456,0],[0,0],[0,11.455],[0,0],[11.456,0],[0,0],[0,-11.456],[0,0],[11.456,0],[0,0],[0,11.455],[0,0],[11.456,0],[0,0],[0,-11.456],[0,0],[11.455,0],[0,0],[0,11.455],[0,0],[11.456,0],[0,0],[0,-11.456],[0,0],[-11.456,-0.081],[0,0],[-0.081,-11.456],[0,0],[-11.456,-0.081],[0,0],[0,0],[-0.081,11.456],[0,0],[0,0],[-11.456,0],[0,0],[-0.081,-11.456],[0,0],[-11.456,-0.081],[0,0],[0,0],[-0.081,11.456],[0,0],[0,0],[-11.456,0],[0,0],[-0.08,-11.456],[0,0],[-11.456,-0.081],[0,0],[0,0],[-0.08,11.456],[0,0],[0,0],[-11.455,0],[0,0],[-0.08,-11.455],[0,0],[-11.456,-0.081],[0,0],[0,0],[-0.081,11.456],[0,0],[0,0],[-11.456,0],[0,0],[-4.921,-3.873],[0,0],[0,0]],"o":[[-0.645,-0.807],[0,0],[-12.505,-9.923],[0,0],[0,-11.456],[0,0],[-11.456,0],[0,0],[0,11.455],[0,0],[-11.456,-0.08],[0,0],[0,-11.456],[0,0],[-11.456,0],[0,0],[0,11.455],[0,0],[-11.456,0],[0,0],[0,-11.456],[0,0],[-11.456,0],[0,0],[0,11.455],[0,0],[-11.456,0],[0,0],[0,-11.456],[0,0],[-11.456,0],[0,0],[0,11.455],[0,0],[-11.456,0],[0,0],[0,-11.456],[0,0],[-11.456,0],[0,0],[0.08,11.456],[0,0],[11.456,0],[0,0],[-0.081,11.456],[0,0],[0,0],[11.455,0.08],[0,0],[0,0],[0.08,-11.456],[0,0],[11.456,0],[0,0],[-0.081,11.456],[0,0],[0,0],[11.456,0.08],[0,0],[0,0],[0.081,-11.456],[0,0],[11.456,0],[0,0],[-0.08,11.456],[0,0],[0,0],[11.456,0.08],[0,0],[0,0],[0.081,-11.455],[0,0],[11.456,0],[0,0],[-0.08,11.456],[0,0],[0,0],[11.455,0.08],[0,0],[0,0],[0.08,-11.455],[0,0],[6.293,0],[0,0],[0,0],[0,0]],"v":[[328.831,12.465],[326.571,10.286],[307.048,-5.203],[287.283,-46.186],[287.283,-66.839],[266.469,-87.653],[239.604,-87.653],[218.789,-66.839],[218.789,-39.409],[197.977,-18.596],[171.111,-18.596],[150.378,-39.409],[150.378,-66.839],[129.563,-87.653],[102.699,-87.653],[81.884,-66.839],[81.884,-39.409],[61.07,-18.596],[34.286,-18.596],[13.473,-39.409],[13.473,-66.839],[-7.341,-87.653],[-34.206,-87.653],[-55.021,-66.839],[-55.021,-39.409],[-75.835,-18.596],[-102.618,-18.596],[-123.432,-39.409],[-123.432,-66.839],[-144.246,-87.653],[-171.111,-87.653],[-191.925,-66.839],[-191.925,-39.409],[-212.74,-18.596],[-239.523,-18.596],[-260.338,-39.409],[-260.338,-66.839],[-281.152,-87.653],[-308.016,-87.653],[-328.831,-66.839],[-328.831,7.946],[-308.016,28.761],[-281.152,28.761],[-260.338,49.494],[-260.338,66.759],[-239.685,87.573],[-239.523,87.573],[-212.74,87.573],[-191.925,66.92],[-191.925,66.759],[-191.925,49.494],[-171.111,28.761],[-144.246,28.761],[-123.432,49.494],[-123.432,66.759],[-102.779,87.573],[-102.618,87.573],[-75.835,87.573],[-55.021,66.92],[-55.021,66.759],[-55.021,49.494],[-34.206,28.761],[-7.341,28.761],[13.473,49.494],[13.473,66.759],[34.125,87.573],[34.286,87.573],[61.07,87.573],[81.884,66.92],[81.884,66.759],[81.884,49.494],[102.698,28.761],[129.563,28.761],[150.378,49.494],[150.378,66.759],[171.03,87.573],[171.111,87.573],[197.977,87.573],[218.79,66.92],[218.79,66.759],[218.79,49.494],[239.604,28.761],[248.881,28.761],[266.146,34.732],[302.558,69.981],[303.688,70.626]],"c":false}]},{"i":{"x":0.833,"y":1},"o":{"x":0.167,"y":0.167},"t":70,"s":[{"i":[[0,0],[0.888,0.646],[0,0],[0,15.973],[0,0],[11.456,0],[0,0],[0,-11.456],[0,0],[11.455,0],[0,0],[0,11.455],[0,0],[11.456,0],[0,0],[0,-11.456],[0,0],[11.456,0],[0,0],[0,11.455],[0,0],[11.456,0],[0,0],[0,-11.456],[0,0],[11.456,0],[0,0],[0,11.455],[0,0],[11.456,0],[0,0],[0,-11.456],[0,0],[11.455,0],[0,0],[0,11.455],[0,0],[11.456,0],[0,0],[0,-11.456],[0,0],[-11.456,-0.081],[0,0],[-0.081,-11.456],[0,0],[-11.456,-0.081],[0,0],[0,0],[-0.081,11.456],[0,0],[0,0],[-11.456,0],[0,0],[-0.081,-11.456],[0,0],[-11.456,-0.081],[0,0],[0,0],[-0.081,11.456],[0,0],[0,0],[-11.456,0],[0,0],[-0.08,-11.456],[0,0],[-11.456,-0.081],[0,0],[0,0],[-0.08,11.456],[0,0],[0,0],[-11.455,0],[0,0],[-0.08,-11.455],[0,0],[-11.456,-0.081],[0,0],[0,0],[-0.081,11.456],[0,0],[0,0],[-11.456,0],[0,0],[-4.921,-3.873],[0,0],[0,0]],"o":[[-0.645,-0.807],[0,0],[-12.505,-9.923],[0,0],[0,-11.456],[0,0],[-11.456,0],[0,0],[0,11.455],[0,0],[-11.456,-0.08],[0,0],[0,-11.456],[0,0],[-11.456,0],[0,0],[0,11.455],[0,0],[-11.456,0],[0,0],[0,-11.456],[0,0],[-11.456,0],[0,0],[0,11.455],[0,0],[-11.456,0],[0,0],[0,-11.456],[0,0],[-11.456,0],[0,0],[0,11.455],[0,0],[-11.456,0],[0,0],[0,-11.456],[0,0],[-11.456,0],[0,0],[0.08,11.456],[0,0],[11.456,0],[0,0],[-0.081,11.456],[0,0],[0,0],[11.455,0.08],[0,0],[0,0],[0.08,-11.456],[0,0],[11.456,0],[0,0],[-0.081,11.456],[0,0],[0,0],[11.456,0.08],[0,0],[0,0],[0.081,-11.456],[0,0],[11.456,0],[0,0],[-0.08,11.456],[0,0],[0,0],[11.456,0.08],[0,0],[0,0],[0.081,-11.455],[0,0],[11.456,0],[0,0],[-0.08,11.456],[0,0],[0,0],[11.455,0.08],[0,0],[0,0],[0.08,-11.455],[0,0],[6.293,0],[0,0],[0,0],[0,0]],"v":[[336.331,21.965],[334.071,19.786],[307.048,-5.203],[287.283,-46.186],[287.283,-66.839],[266.469,-87.653],[239.604,-87.653],[218.789,-66.839],[218.789,-39.409],[197.977,-18.596],[171.111,-18.596],[150.377,-39.409],[150.377,-66.839],[129.563,-87.653],[102.7,-87.653],[81.884,-66.839],[81.884,-39.409],[61.07,-18.596],[34.286,-18.596],[13.473,-39.409],[13.473,-66.839],[-7.341,-87.653],[-34.206,-87.653],[-55.021,-66.839],[-55.021,-39.409],[-75.835,-18.596],[-102.619,-18.596],[-123.433,-39.409],[-123.433,-66.839],[-144.247,-87.653],[-171.111,-87.653],[-191.925,-66.839],[-191.925,-39.409],[-212.74,-18.596],[-239.523,-18.596],[-260.338,-39.409],[-260.338,-66.839],[-281.152,-87.653],[-308.016,-87.653],[-328.831,-66.839],[-328.831,7.946],[-308.016,28.761],[-281.152,28.761],[-260.338,49.494],[-260.338,66.759],[-239.685,87.573],[-239.523,87.573],[-212.74,87.573],[-191.925,66.92],[-191.925,66.759],[-191.925,49.494],[-171.111,28.761],[-144.247,28.761],[-123.433,49.494],[-123.433,66.759],[-102.779,87.573],[-102.619,87.573],[-75.835,87.573],[-55.021,66.92],[-55.021,66.759],[-55.021,49.494],[-34.206,28.761],[-7.341,28.761],[13.473,49.494],[13.473,66.759],[34.126,87.573],[34.286,87.573],[61.07,87.573],[81.884,66.92],[81.884,66.759],[81.884,49.494],[102.699,28.761],[129.563,28.761],[150.377,49.494],[150.377,66.759],[171.03,87.573],[171.111,87.573],[197.977,87.573],[218.79,66.92],[218.79,66.759],[218.79,49.494],[239.604,28.761],[248.881,28.761],[266.146,34.732],[304.558,63.981],[305.688,64.626]],"c":false}]},{"i":{"x":0.833,"y":1},"o":{"x":0.167,"y":0},"t":80,"s":[{"i":[[0,0],[0.888,0.646],[0,0],[0,15.973],[0,0],[11.456,0],[0,0],[0,-11.456],[0,0],[11.455,0],[0,0],[0,11.455],[0,0],[11.456,0],[0,0],[0,-11.456],[0,0],[11.456,0],[0,0],[0,11.455],[0,0],[11.456,0],[0,0],[0,-11.456],[0,0],[11.456,0],[0,0],[0,11.455],[0,0],[11.456,0],[0,0],[0,-11.456],[0,0],[11.455,0],[0,0],[0,11.455],[0,0],[11.456,0],[0,0],[0,-11.456],[0,0],[-11.456,-0.081],[0,0],[-0.081,-11.456],[0,0],[-11.456,-0.081],[0,0],[0,0],[-0.081,11.456],[0,0],[0,0],[-11.456,0],[0,0],[-0.081,-11.456],[0,0],[-11.456,-0.081],[0,0],[0,0],[-0.081,11.456],[0,0],[0,0],[-11.456,0],[0,0],[-0.08,-11.456],[0,0],[-11.456,-0.081],[0,0],[0,0],[-0.08,11.456],[0,0],[0,0],[-11.455,0],[0,0],[-0.08,-11.455],[0,0],[-11.456,-0.081],[0,0],[0,0],[-0.081,11.456],[0,0],[0,0],[-11.456,0],[0,0],[-4.921,-3.873],[0,0],[0,0]],"o":[[-0.645,-0.807],[0,0],[-12.505,-9.923],[0,0],[0,-11.456],[0,0],[-11.456,0],[0,0],[0,11.455],[0,0],[-11.456,-0.08],[0,0],[0,-11.456],[0,0],[-11.456,0],[0,0],[0,11.455],[0,0],[-11.456,0],[0,0],[0,-11.456],[0,0],[-11.456,0],[0,0],[0,11.455],[0,0],[-11.456,0],[0,0],[0,-11.456],[0,0],[-11.456,0],[0,0],[0,11.455],[0,0],[-11.456,0],[0,0],[0,-11.456],[0,0],[-11.456,0],[0,0],[0.08,11.456],[0,0],[11.456,0],[0,0],[-0.081,11.456],[0,0],[0,0],[11.455,0.08],[0,0],[0,0],[0.08,-11.456],[0,0],[11.456,0],[0,0],[-0.081,11.456],[0,0],[0,0],[11.456,0.08],[0,0],[0,0],[0.081,-11.456],[0,0],[11.456,0],[0,0],[-0.08,11.456],[0,0],[0,0],[11.456,0.08],[0,0],[0,0],[0.081,-11.455],[0,0],[11.456,0],[0,0],[-0.08,11.456],[0,0],[0,0],[11.455,0.08],[0,0],[0,0],[0.08,-11.455],[0,0],[6.293,0],[0,0],[0,0],[0,0]],"v":[[328.831,12.465],[326.571,10.286],[307.048,-5.203],[287.283,-46.186],[287.283,-66.839],[266.469,-87.653],[239.604,-87.653],[218.789,-66.839],[218.789,-39.409],[197.977,-18.596],[171.111,-18.596],[150.378,-39.409],[150.378,-66.839],[129.563,-87.653],[102.699,-87.653],[81.884,-66.839],[81.884,-39.409],[61.07,-18.596],[34.286,-18.596],[13.473,-39.409],[13.473,-66.839],[-7.341,-87.653],[-34.206,-87.653],[-55.021,-66.839],[-55.021,-39.409],[-75.835,-18.596],[-102.618,-18.596],[-123.432,-39.409],[-123.432,-66.839],[-144.246,-87.653],[-171.111,-87.653],[-191.925,-66.839],[-191.925,-39.409],[-212.74,-18.596],[-239.523,-18.596],[-260.338,-39.409],[-260.338,-66.839],[-281.152,-87.653],[-308.016,-87.653],[-328.831,-66.839],[-328.831,7.946],[-308.016,28.761],[-281.152,28.761],[-260.338,49.494],[-260.338,66.759],[-239.685,87.573],[-239.523,87.573],[-212.74,87.573],[-191.925,66.92],[-191.925,66.759],[-191.925,49.494],[-171.111,28.761],[-144.246,28.761],[-123.432,49.494],[-123.432,66.759],[-102.779,87.573],[-102.618,87.573],[-75.835,87.573],[-55.021,66.92],[-55.021,66.759],[-55.021,49.494],[-34.206,28.761],[-7.341,28.761],[13.473,49.494],[13.473,66.759],[34.125,87.573],[34.286,87.573],[61.07,87.573],[81.884,66.92],[81.884,66.759],[81.884,49.494],[102.698,28.761],[129.563,28.761],[150.378,49.494],[150.378,66.759],[171.03,87.573],[171.111,87.573],[197.977,87.573],[218.79,66.92],[218.79,66.759],[218.79,49.494],[239.604,28.761],[248.881,28.761],[266.146,34.732],[312.558,71.981],[313.688,72.626]],"c":false}]},{"i":{"x":0.833,"y":1},"o":{"x":0.167,"y":0},"t":144,"s":[{"i":[[0,0],[0.888,0.646],[0,0],[0,15.973],[0,0],[11.456,0],[0,0],[0,-11.456],[0,0],[11.455,0],[0,0],[0,11.455],[0,0],[11.456,0],[0,0],[0,-11.456],[0,0],[11.456,0],[0,0],[0,11.455],[0,0],[11.456,0],[0,0],[0,-11.456],[0,0],[11.456,0],[0,0],[0,11.455],[0,0],[11.456,0],[0,0],[0,-11.456],[0,0],[11.455,0],[0,0],[0,11.455],[0,0],[11.456,0],[0,0],[0,-11.456],[0,0],[-11.456,-0.081],[0,0],[-0.081,-11.456],[0,0],[-11.456,-0.081],[0,0],[0,0],[-0.081,11.456],[0,0],[0,0],[-11.456,0],[0,0],[-0.081,-11.456],[0,0],[-11.456,-0.081],[0,0],[0,0],[-0.081,11.456],[0,0],[0,0],[-11.456,0],[0,0],[-0.08,-11.456],[0,0],[-11.456,-0.081],[0,0],[0,0],[-0.08,11.456],[0,0],[0,0],[-11.455,0],[0,0],[-0.08,-11.455],[0,0],[-11.456,-0.081],[0,0],[0,0],[-0.081,11.456],[0,0],[0,0],[-11.456,0],[0,0],[-4.921,-3.873],[0,0],[0,0]],"o":[[-0.645,-0.807],[0,0],[-12.505,-9.923],[0,0],[0,-11.456],[0,0],[-11.456,0],[0,0],[0,11.455],[0,0],[-11.456,-0.08],[0,0],[0,-11.456],[0,0],[-11.456,0],[0,0],[0,11.455],[0,0],[-11.456,0],[0,0],[0,-11.456],[0,0],[-11.456,0],[0,0],[0,11.455],[0,0],[-11.456,0],[0,0],[0,-11.456],[0,0],[-11.456,0],[0,0],[0,11.455],[0,0],[-11.456,0],[0,0],[0,-11.456],[0,0],[-11.456,0],[0,0],[0.08,11.456],[0,0],[11.456,0],[0,0],[-0.081,11.456],[0,0],[0,0],[11.455,0.08],[0,0],[0,0],[0.08,-11.456],[0,0],[11.456,0],[0,0],[-0.081,11.456],[0,0],[0,0],[11.456,0.08],[0,0],[0,0],[0.081,-11.456],[0,0],[11.456,0],[0,0],[-0.08,11.456],[0,0],[0,0],[11.456,0.08],[0,0],[0,0],[0.081,-11.455],[0,0],[11.456,0],[0,0],[-0.08,11.456],[0,0],[0,0],[11.455,0.08],[0,0],[0,0],[0.08,-11.455],[0,0],[6.293,0],[0,0],[0,0],[0,0]],"v":[[328.831,12.465],[326.571,10.286],[307.048,-5.203],[287.283,-46.186],[287.283,-66.839],[266.469,-87.653],[239.604,-87.653],[218.789,-66.839],[218.789,-39.409],[197.977,-18.596],[171.111,-18.596],[150.378,-39.409],[150.378,-66.839],[129.563,-87.653],[102.699,-87.653],[81.884,-66.839],[81.884,-39.409],[61.07,-18.596],[34.286,-18.596],[13.473,-39.409],[13.473,-66.839],[-7.341,-87.653],[-34.206,-87.653],[-55.021,-66.839],[-55.021,-39.409],[-75.835,-18.596],[-102.618,-18.596],[-123.432,-39.409],[-123.432,-66.839],[-144.246,-87.653],[-171.111,-87.653],[-191.925,-66.839],[-191.925,-39.409],[-212.74,-18.596],[-239.523,-18.596],[-260.338,-39.409],[-260.338,-66.839],[-281.152,-87.653],[-308.016,-87.653],[-328.831,-66.839],[-328.831,7.946],[-308.016,28.761],[-281.152,28.761],[-260.338,49.494],[-260.338,66.759],[-239.685,87.573],[-239.523,87.573],[-212.74,87.573],[-191.925,66.92],[-191.925,66.759],[-191.925,49.494],[-171.111,28.761],[-144.246,28.761],[-123.432,49.494],[-123.432,66.759],[-102.779,87.573],[-102.618,87.573],[-75.835,87.573],[-55.021,66.92],[-55.021,66.759],[-55.021,49.494],[-34.206,28.761],[-7.341,28.761],[13.473,49.494],[13.473,66.759],[34.125,87.573],[34.286,87.573],[61.07,87.573],[81.884,66.92],[81.884,66.759],[81.884,49.494],[102.698,28.761],[129.563,28.761],[150.378,49.494],[150.378,66.759],[171.03,87.573],[171.111,87.573],[197.977,87.573],[218.79,66.92],[218.79,66.759],[218.79,49.494],[239.604,28.761],[248.881,28.761],[266.146,34.732],[312.558,71.981],[313.688,72.626]],"c":false}]},{"t":146,"s":[{"i":[[0,0],[0.888,0.646],[0,0],[0,15.973],[0,0],[11.456,0],[0,0],[0,-11.456],[0,0],[11.455,0],[0,0],[0,11.455],[0,0],[11.456,0],[0,0],[0,-11.456],[0,0],[11.456,0],[0,0],[0,11.455],[0,0],[11.456,0],[0,0],[0,-11.456],[0,0],[11.456,0],[0,0],[0,11.455],[0,0],[11.456,0],[0,0],[0,-11.456],[0,0],[11.455,0],[0,0],[0,11.455],[0,0],[11.456,0],[0,0],[0,-11.456],[0,0],[-11.456,-0.081],[0,0],[-0.081,-11.456],[0,0],[-11.456,-0.081],[0,0],[0,0],[-0.081,11.456],[0,0],[0,0],[-11.456,0],[0,0],[-0.081,-11.456],[0,0],[-11.456,-0.081],[0,0],[0,0],[-0.081,11.456],[0,0],[0,0],[-11.456,0],[0,0],[-0.08,-11.456],[0,0],[-11.456,-0.081],[0,0],[0,0],[-0.08,11.456],[0,0],[0,0],[-11.455,0],[0,0],[-0.08,-11.455],[0,0],[-11.456,-0.081],[0,0],[0,0],[-0.081,11.456],[0,0],[0,0],[-11.456,0],[0,0],[-4.921,-3.873],[0,0],[0,0]],"o":[[-0.645,-0.807],[0,0],[-12.505,-9.923],[0,0],[0,-11.456],[0,0],[-11.456,0],[0,0],[0,11.455],[0,0],[-11.456,-0.08],[0,0],[0,-11.456],[0,0],[-11.456,0],[0,0],[0,11.455],[0,0],[-11.456,0],[0,0],[0,-11.456],[0,0],[-11.456,0],[0,0],[0,11.455],[0,0],[-11.456,0],[0,0],[0,-11.456],[0,0],[-11.456,0],[0,0],[0,11.455],[0,0],[-11.456,0],[0,0],[0,-11.456],[0,0],[-11.456,0],[0,0],[0.08,11.456],[0,0],[11.456,0],[0,0],[-0.081,11.456],[0,0],[0,0],[11.455,0.08],[0,0],[0,0],[0.08,-11.456],[0,0],[11.456,0],[0,0],[-0.081,11.456],[0,0],[0,0],[11.456,0.08],[0,0],[0,0],[0.081,-11.456],[0,0],[11.456,0],[0,0],[-0.08,11.456],[0,0],[0,0],[11.456,0.08],[0,0],[0,0],[0.081,-11.455],[0,0],[11.456,0],[0,0],[-0.08,11.456],[0,0],[0,0],[11.455,0.08],[0,0],[0,0],[0.08,-11.455],[0,0],[6.293,0],[0,0],[0,0],[0,0]],"v":[[328.831,12.465],[326.571,10.286],[307.048,-5.203],[287.283,-46.186],[287.283,-56.376],[266.469,-77.19],[239.604,-77.19],[218.789,-56.376],[218.789,-39.409],[197.977,-18.596],[171.111,-18.596],[150.378,-39.409],[150.378,-56.376],[129.563,-77.19],[102.699,-77.19],[81.884,-56.376],[81.884,-39.409],[61.07,-18.596],[34.286,-18.596],[13.473,-39.409],[13.473,-56.376],[-7.341,-77.19],[-34.206,-77.19],[-55.021,-56.376],[-55.021,-39.409],[-75.835,-18.596],[-102.618,-18.596],[-123.432,-39.409],[-123.432,-56.376],[-144.247,-77.19],[-171.111,-77.19],[-191.925,-56.376],[-191.925,-39.409],[-212.74,-18.596],[-239.523,-18.596],[-260.338,-39.409],[-260.338,-56.376],[-281.152,-77.19],[-308.016,-77.19],[-328.831,-56.376],[-328.831,7.946],[-308.016,28.761],[-281.152,28.761],[-260.338,49.494],[-260.338,56.296],[-239.685,77.11],[-239.523,77.11],[-212.74,77.11],[-191.925,56.457],[-191.925,56.296],[-191.925,49.494],[-171.111,28.761],[-144.247,28.761],[-123.432,49.494],[-123.432,56.296],[-102.779,77.11],[-102.618,77.11],[-75.835,77.11],[-55.021,56.457],[-55.021,56.296],[-55.021,49.494],[-34.206,28.761],[-7.341,28.761],[13.473,49.494],[13.473,56.296],[34.125,77.11],[34.286,77.11],[61.07,77.11],[81.884,56.457],[81.884,56.296],[81.884,49.494],[102.698,28.761],[129.563,28.761],[150.378,49.494],[150.378,56.296],[171.03,77.11],[171.111,77.11],[197.977,77.11],[218.79,56.457],[218.79,56.296],[218.79,49.494],[239.604,28.761],[248.881,28.761],[266.146,34.732],[324.329,71.981],[325.459,72.626]],"c":false}]}],"ix":2},"nm":"Path 1","mn":"ADBE Vector Shape - Group","hd":false},{"ty":"fl","c":{"a":0,"k":[0.380000005984,0.380000005984,0.380000005984,1],"ix":4},"o":{"a":0,"k":100,"ix":5},"r":1,"bm":0,"nm":"Fill 1","mn":"ADBE Vector Graphic - Fill","hd":false},{"ty":"tr","p":{"a":0,"k":[528.985,682.872],"ix":2},"a":{"a":0,"k":[0,0],"ix":1},"s":{"a":0,"k":[100,100],"ix":3},"r":{"a":0,"k":0,"ix":6},"o":{"a":0,"k":100,"ix":7},"sk":{"a":0,"k":0,"ix":4},"sa":{"a":0,"k":0,"ix":5},"nm":"Transform"}],"nm":"Group 1","np":2,"cix":2,"bm":0,"ix":1,"mn":"ADBE Vector Group","hd":false}],"ip":142,"op":148,"st":82,"bm":0},{"ddd":0,"ind":10,"ty":4,"nm":"zip 2","parent":9,"sr":1,"ks":{"o":{"a":0,"k":100,"ix":11},"r":{"a":1,"k":[{"i":{"x":[0.833],"y":[0.833]},"o":{"x":[0.167],"y":[0.167]},"t":16,"s":[0]},{"i":{"x":[0.602],"y":[1]},"o":{"x":[0.172],"y":[0]},"t":18,"s":[130]},{"i":{"x":[0.695],"y":[1]},"o":{"x":[0.352],"y":[0]},"t":34,"s":[97]},{"i":{"x":[0.667],"y":[1]},"o":{"x":[1],"y":[0]},"t":40,"s":[151]},{"i":{"x":[0.833],"y":[1]},"o":{"x":[0.333],"y":[0]},"t":60,"s":[-49]},{"i":{"x":[0.833],"y":[1]},"o":{"x":[0.167],"y":[0]},"t":70,"s":[10]},{"i":{"x":[0.833],"y":[1]},"o":{"x":[0.167],"y":[0]},"t":78,"s":[-5]},{"i":{"x":[0.833],"y":[1]},"o":{"x":[0.167],"y":[0]},"t":88,"s":[2]},{"i":{"x":[0.833],"y":[1]},"o":{"x":[0.167],"y":[0]},"t":98,"s":[-1]},{"i":{"x":[0.833],"y":[1]},"o":{"x":[0.167],"y":[0]},"t":106,"s":[0]},{"i":{"x":[0.833],"y":[1]},"o":{"x":[0.167],"y":[0]},"t":140,"s":[0]},{"t":146,"s":[-50]}],"ix":10},"p":{"a":1,"k":[{"i":{"x":0.833,"y":0.833},"o":{"x":0.167,"y":0.167},"t":16,"s":[846,722,0],"to":[-86.667,-24.333,0],"ti":[86.667,24.333,0]},{"i":{"x":0.833,"y":0.833},"o":{"x":0.167,"y":0.167},"t":18,"s":[326,576,0],"to":[0,0,0],"ti":[0,0,0]},{"i":{"x":0.667,"y":1},"o":{"x":0.167,"y":0.167},"t":34,"s":[346,574,0],"to":[0,0,0],"ti":[0,0,0]},{"i":{"x":0.667,"y":0.667},"o":{"x":1,"y":1},"t":40,"s":[326,576,0],"to":[0,0,0],"ti":[0,0,0]},{"i":{"x":0.742,"y":0},"o":{"x":0.387,"y":0},"t":46,"s":[326,576,0],"to":[0,0,0],"ti":[0,0,0]},{"i":{"x":0.706,"y":0},"o":{"x":0.373,"y":0.588},"t":50,"s":[333.977,583.898,0],"to":[0,0,0],"ti":[0,0,0]},{"i":{"x":0.722,"y":0.765},"o":{"x":0.393,"y":0.215},"t":52,"s":[339.913,596.346,0],"to":[0,0,0],"ti":[0,0,0]},{"i":{"x":0.441,"y":1},"o":{"x":0.686,"y":0.363},"t":54,"s":[422.587,618.435,0],"to":[0,0,0],"ti":[0,0,0]},{"i":{"x":0.635,"y":0.404},"o":{"x":0.398,"y":0},"t":60,"s":[824,703,0],"to":[0,0,0],"ti":[0,0,0]},{"i":{"x":0.605,"y":0.558},"o":{"x":0.283,"y":0.367},"t":64,"s":[828.884,715.24,0],"to":[0,0,0],"ti":[0,0,0]},{"i":{"x":0.619,"y":1},"o":{"x":0.29,"y":0.408},"t":66,"s":[835.67,720.063,0],"to":[0,0,0],"ti":[0,0,0]},{"i":{"x":0.441,"y":1},"o":{"x":0.167,"y":0},"t":68,"s":[842,722,0],"to":[0,0,0],"ti":[0,0,0]},{"t":80,"s":[846,722,0]}],"ix":2,"l":2},"a":{"a":0,"k":[846,722,0],"ix":1,"l":2},"s":{"a":1,"k":[{"i":{"x":[0,0,0.667],"y":[1,1,1]},"o":{"x":[0.333,0.333,0.333],"y":[0,0,0]},"t":32,"s":[0,0,100]},{"i":{"x":[0.833,0.833,0.833],"y":[1,1,1]},"o":{"x":[0.333,0.333,0.333],"y":[0,0,0]},"t":40,"s":[100,100,100]},{"i":{"x":[0.833,0.833,0.833],"y":[1,1,1]},"o":{"x":[0.167,0.167,0.167],"y":[0,0,0]},"t":142,"s":[100,100,100]},{"t":148,"s":[80,80,100]}],"ix":6,"l":2}},"ao":0,"shapes":[{"ty":"gr","it":[{"ind":0,"ty":"sh","ix":1,"ks":{"a":0,"k":{"i":[[7.019,-9.439],[0,0],[9.439,7.181],[0,0],[-7.18,9.439],[0,0],[-9.439,-7.18],[0,0]],"o":[[0,0],[-7.18,9.438],[0,0],[-9.439,-7.18],[0,0],[7.18,-9.439],[0,0],[9.278,7.18]],"v":[[48.607,25.936],[39.168,38.361],[8.996,42.474],[-4.558,32.471],[-8.672,2.299],[0.847,-10.125],[31.02,-14.24],[44.492,-3.914]],"c":true},"ix":2},"nm":"Path 1","mn":"ADBE Vector Shape - Group","hd":false},{"ind":1,"ty":"sh","ix":2,"ks":{"a":0,"k":{"i":[[0,0],[8.39,6.213],[0.081,0.081],[-6.293,8.389],[-0.081,0.08],[0,0],[-8.31,-6.212],[-0.162,-0.081],[-0.646,-5.002],[3.065,-4.033]],"o":[[-6.293,8.39],[-0.081,-0.08],[-8.39,-6.292],[0.08,-0.081],[0,0],[6.212,-8.389],[0.081,0.08],[4.114,2.984],[0.645,5.001],[0,0]],"v":[[-29.002,-7.301],[-55.544,-3.43],[-55.706,-3.591],[-59.497,-30.212],[-59.336,-30.456],[-44.008,-50.624],[-17.627,-54.497],[-17.304,-54.253],[-9.882,-41.669],[-13.593,-27.471]],"c":true},"ix":2},"nm":"Path 2","mn":"ADBE Vector Shape - Group","hd":false},{"ind":2,"ty":"sh","ix":3,"ks":{"a":0,"k":{"i":[[20.733,15.973],[0,0],[16.054,-7.664],[0,0],[-16.055,-12.263],[0,0],[-15.893,20.896],[0,0]],"o":[[0,0],[-14.199,-10.73],[0,0],[-6.455,19.2],[0,0],[20.975,15.894],[0,0],[15.812,-20.895]],"v":[[68.937,-20.128],[-1.895,-74.019],[-51.107,-78.94],[-87.249,-35.779],[-71.114,16.82],[-0.282,70.711],[66.436,61.594],[77.892,46.508]],"c":true},"ix":2},"nm":"Path 3","mn":"ADBE Vector Shape - Group","hd":false},{"ty":"mm","mm":1,"nm":"Merge Paths 1","mn":"ADBE Vector Filter - Merge","hd":false},{"ty":"fl","c":{"a":0,"k":[0.380000005984,0.380000005984,0.380000005984,1],"ix":4},"o":{"a":0,"k":100,"ix":5},"r":1,"bm":0,"nm":"Fill 1","mn":"ADBE Vector Graphic - Fill","hd":false},{"ty":"tr","p":{"a":0,"k":[908.923,774.277],"ix":2},"a":{"a":0,"k":[0,0],"ix":1},"s":{"a":0,"k":[100,100],"ix":3},"r":{"a":0,"k":0,"ix":6},"o":{"a":0,"k":100,"ix":7},"sk":{"a":0,"k":0,"ix":4},"sa":{"a":0,"k":0,"ix":5},"nm":"Transform"}],"nm":"Group 1","np":5,"cix":2,"bm":0,"ix":1,"mn":"ADBE Vector Group","hd":false}],"ip":142,"op":148,"st":40,"bm":0},{"ddd":0,"ind":11,"ty":4,"nm":"mouth 2","parent":2,"sr":1,"ks":{"o":{"a":0,"k":100,"ix":11},"r":{"a":1,"k":[{"i":{"x":[0],"y":[1]},"o":{"x":[0.333],"y":[0]},"t":160,"s":[-2]},{"t":166,"s":[0]}],"ix":10},"p":{"a":1,"k":[{"i":{"x":0,"y":1},"o":{"x":0.333,"y":0},"t":160,"s":[2.973,44.103,0],"to":[0,0,0],"ti":[0,0,0]},{"t":166,"s":[1.982,65.907,0]}],"ix":2,"l":2},"a":{"a":0,"k":[514,574,0],"ix":1,"l":2},"s":{"a":1,"k":[{"i":{"x":[0.833,0.833,0.833],"y":[1,1,1]},"o":{"x":[0.167,0.167,0.167],"y":[0.167,0.167,0.151]},"t":148,"s":[262.133,109.108,100]},{"i":{"x":[0.833,0.833,0.833],"y":[1,1,1]},"o":{"x":[0.167,0.167,0.167],"y":[0,0,0]},"t":152,"s":[238.108,99.108,100]},{"i":{"x":[0,0.667,0.667],"y":[1,1,1]},"o":{"x":[0.333,0.333,0.333],"y":[0,0,0]},"t":160,"s":[238.108,99.108,100]},{"t":166,"s":[99.108,99.108,100]}],"ix":6,"l":2}},"ao":0,"shapes":[{"ty":"gr","it":[{"ind":0,"ty":"sh","ix":1,"ks":{"a":0,"k":{"i":[[-3.856,1.249],[-5.241,0.982],[-5.24,0.604],[-10.482,0.043],[-10.481,-1.147],[-10.482,-3.301],[2.152,-6.835],[3.867,-1.247],[10.482,-1.216],[10.481,0.04],[10.482,1.163],[5.241,0.959],[5.241,1.657],[-2.163,6.835]],"o":[[5.241,-1.658],[5.241,-0.959],[10.482,-1.163],[10.481,-0.039],[10.482,1.217],[6.835,2.152],[-1.313,4.17],[-10.482,3.3],[-10.481,1.148],[-10.482,-0.043],[-5.24,-0.604],[-5.241,-0.982],[-6.835,-2.163],[1.315,-4.159]],"v":[[-62.892,-12.377],[-47.17,-16.117],[-31.448,-18.398],[-0.003,-20.11],[31.441,-18.523],[62.885,-12.377],[71.365,3.897],[62.885,12.377],[31.441,18.521],[-0.003,20.11],[-31.448,18.398],[-47.17,16.117],[-62.892,12.377],[-71.353,-3.915]],"c":true},"ix":2},"nm":"Path 1","mn":"ADBE Vector Shape - Group","hd":false},{"ty":"fl","c":{"a":0,"k":[0.258999992819,0.169000004787,0.051000000449,1],"ix":4},"o":{"a":0,"k":100,"ix":5},"r":1,"bm":0,"nm":"Fill 1","mn":"ADBE Vector Graphic - Fill","hd":false},{"ty":"tr","p":{"a":0,"k":[514.115,573.445],"ix":2},"a":{"a":0,"k":[0,0],"ix":1},"s":{"a":0,"k":[100,100],"ix":3},"r":{"a":0,"k":0,"ix":6},"o":{"a":0,"k":100,"ix":7},"sk":{"a":0,"k":0,"ix":4},"sa":{"a":0,"k":0,"ix":5},"nm":"Transform"}],"nm":"Group 1","np":2,"cix":2,"bm":0,"ix":1,"mn":"ADBE Vector Group","hd":false}],"ip":148,"op":212,"st":154,"bm":0},{"ddd":0,"ind":12,"ty":4,"nm":"mouth","parent":2,"sr":1,"ks":{"o":{"a":0,"k":100,"ix":11},"r":{"a":0,"k":0,"ix":10},"p":{"a":1,"k":[{"i":{"x":0.667,"y":1},"o":{"x":1,"y":0},"t":22,"s":[1.982,65.907,0],"to":[0,0,0],"ti":[0,0,0]},{"i":{"x":0.667,"y":0.667},"o":{"x":0.56,"y":0.56},"t":36,"s":[-42.616,63.925,0],"to":[0,0,0],"ti":[0,0,0]},{"i":{"x":0.916,"y":0},"o":{"x":0.56,"y":0},"t":40,"s":[-42.616,63.925,0],"to":[0,0,0],"ti":[0,0,0]},{"i":{"x":0.847,"y":0},"o":{"x":0.441,"y":1},"t":48,"s":[-45.909,68.387,0],"to":[0,0,0],"ti":[0,0,0]},{"i":{"x":0.442,"y":1},"o":{"x":0.196,"y":0.571},"t":50,"s":[-43.631,75.33,0],"to":[0,0,0],"ti":[0,0,0]},{"i":{"x":0.667,"y":1},"o":{"x":0.333,"y":0},"t":52,"s":[-42.616,91.675,0],"to":[0,0,0],"ti":[0,0,0]},{"i":{"x":0.667,"y":1},"o":{"x":0.333,"y":0},"t":54,"s":[-42.616,133.3,0],"to":[0,0,0],"ti":[0,0,0]},{"t":56,"s":[-42.616,153.122,0]}],"ix":2,"l":2},"a":{"a":0,"k":[514,574,0],"ix":1,"l":2},"s":{"a":1,"k":[{"i":{"x":[0.667,0.667,0.667],"y":[1,1,1]},"o":{"x":[1,0.333,0.333],"y":[0,0,0]},"t":22,"s":[99.108,99.108,100]},{"i":{"x":[0.667,0.667,0.667],"y":[1,1,1]},"o":{"x":[0.333,0.333,0.333],"y":[0,0,0]},"t":36,"s":[197.108,99.108,100]},{"t":40,"s":[197.108,99.108,100]}],"ix":6,"l":2}},"ao":0,"shapes":[{"ty":"gr","it":[{"ind":0,"ty":"sh","ix":1,"ks":{"a":0,"k":{"i":[[-3.856,1.249],[-5.241,0.982],[-5.24,0.604],[-10.482,0.043],[-10.481,-1.147],[-10.482,-3.301],[2.152,-6.835],[3.867,-1.247],[10.482,-1.216],[10.481,0.04],[10.482,1.163],[5.241,0.959],[5.241,1.657],[-2.163,6.835]],"o":[[5.241,-1.658],[5.241,-0.959],[10.482,-1.163],[10.481,-0.039],[10.482,1.217],[6.835,2.152],[-1.313,4.17],[-10.482,3.3],[-10.481,1.148],[-10.482,-0.043],[-5.24,-0.604],[-5.241,-0.982],[-6.835,-2.163],[1.315,-4.159]],"v":[[-62.892,-12.377],[-47.17,-16.117],[-31.448,-18.398],[-0.003,-20.11],[31.441,-18.523],[62.885,-12.377],[71.365,3.897],[62.885,12.377],[31.441,18.521],[-0.003,20.11],[-31.448,18.398],[-47.17,16.117],[-62.892,12.377],[-71.353,-3.915]],"c":true},"ix":2},"nm":"Path 1","mn":"ADBE Vector Shape - Group","hd":false},{"ty":"fl","c":{"a":0,"k":[0.258999992819,0.169000004787,0.051000000449,1],"ix":4},"o":{"a":0,"k":100,"ix":5},"r":1,"bm":0,"nm":"Fill 1","mn":"ADBE Vector Graphic - Fill","hd":false},{"ty":"tr","p":{"a":0,"k":[514.115,573.445],"ix":2},"a":{"a":0,"k":[0,0],"ix":1},"s":{"a":0,"k":[100,100],"ix":3},"r":{"a":0,"k":0,"ix":6},"o":{"a":0,"k":100,"ix":7},"sk":{"a":0,"k":0,"ix":4},"sa":{"a":0,"k":0,"ix":5},"nm":"Transform"}],"nm":"Group 1","np":2,"cix":2,"bm":0,"ix":1,"mn":"ADBE Vector Group","hd":false}],"ip":0,"op":57,"st":0,"bm":0},{"ddd":0,"ind":13,"ty":4,"nm":"base matte","parent":15,"td":1,"sr":1,"ks":{"o":{"a":0,"k":100,"ix":11},"r":{"a":0,"k":0,"ix":10},"p":{"a":0,"k":[-2,-3,0],"ix":2,"l":2},"a":{"a":0,"k":[0,0,0],"ix":1,"l":2},"s":{"a":0,"k":[100,100,100],"ix":6,"l":2}},"ao":0,"shapes":[{"ty":"gr","it":[{"ind":0,"ty":"sh","ix":1,"ks":{"a":1,"k":[{"i":{"x":0.667,"y":1},"o":{"x":0.333,"y":0},"t":54,"s":[{"i":[[15.4,0],[0,38.4],[-27.9,0],[-10.6,-9.3],[0,-16.9],[11.5,-10.2]],"o":[[-27.9,0],[0,-38.4],[15.5,0],[11.5,10.2],[0,16.9],[-10.6,9.3]],"v":[[0,55.9],[-58,0],[0,-55.9],[40.4,-41.5],[58,0],[40.4,41.4]],"c":true}]},{"i":{"x":0.667,"y":1},"o":{"x":0.333,"y":0},"t":62,"s":[{"i":[[15.4,0],[0,38.4],[-27.9,0],[-10.6,-9.3],[-1.08,-16.859],[13.702,-11.072]],"o":[[-27.9,0],[0,-38.4],[15.5,0],[11.5,10.2],[1.131,17.536],[-10.6,9.3]],"v":[[0,55.9],[-58,0],[0,-55.9],[40.4,-41.5],[61.345,0.732],[44.79,41.4]],"c":true}]},{"i":{"x":0.667,"y":1},"o":{"x":0.333,"y":0},"t":72,"s":[{"i":[[15.4,0],[0,38.4],[-27.9,0],[-10.6,-9.3],[0,-16.9],[11.5,-10.2]],"o":[[-27.9,0],[0,-38.4],[15.5,0],[11.5,10.2],[0,16.9],[-10.6,9.3]],"v":[[0,55.9],[-58,0],[0,-55.9],[40.4,-41.5],[57.048,0],[39.448,41.4]],"c":true}]},{"t":84,"s":[{"i":[[15.4,0],[0,38.4],[-27.9,0],[-10.6,-9.3],[0,-16.9],[11.5,-10.2]],"o":[[-27.9,0],[0,-38.4],[15.5,0],[11.5,10.2],[0,16.9],[-10.6,9.3]],"v":[[0,55.9],[-58,0],[0,-55.9],[40.4,-41.5],[58,0],[40.4,41.4]],"c":true}]}],"ix":2},"nm":"Path 1","mn":"ADBE Vector Shape - Group","hd":false},{"ty":"gf","o":{"a":0,"k":100,"ix":10},"r":1,"bm":0,"g":{"p":5,"k":{"a":0,"k":[0.48,0.992,0.878,0.188,0.691,0.98,0.816,0.178,0.902,0.969,0.753,0.169,0.966,0.963,0.694,0.153,1,0.957,0.635,0.137],"ix":9}},"s":{"a":0,"k":[0,0],"ix":5},"e":{"a":0,"k":[56.225,0],"ix":6},"t":2,"h":{"a":0,"k":0,"ix":7},"a":{"a":0,"k":0,"ix":8},"nm":"Gradient Fill 1","mn":"ADBE Vector Graphic - G-Fill","hd":false},{"ty":"tr","p":{"a":0,"k":[0,0],"ix":2},"a":{"a":0,"k":[0,0],"ix":1},"s":{"a":0,"k":[100,100],"ix":3},"r":{"a":0,"k":0,"ix":6},"o":{"a":0,"k":100,"ix":7},"sk":{"a":0,"k":0,"ix":4},"sa":{"a":0,"k":0,"ix":5},"nm":"Transform"}],"nm":"Group 1","np":2,"cix":2,"bm":0,"ix":1,"mn":"ADBE Vector Group","hd":false}],"ip":0,"op":198,"st":0,"bm":0},{"ddd":0,"ind":14,"ty":4,"nm":"base shadow","parent":15,"tt":2,"sr":1,"ks":{"o":{"a":0,"k":100,"ix":11},"r":{"a":0,"k":0,"ix":10},"p":{"a":0,"k":[0,0,0],"ix":2,"l":2},"a":{"a":0,"k":[0,0,0],"ix":1,"l":2},"s":{"a":0,"k":[100,100,100],"ix":6,"l":2}},"ao":0,"shapes":[{"ty":"gr","it":[{"ind":0,"ty":"sh","ix":1,"ks":{"a":1,"k":[{"i":{"x":0.667,"y":1},"o":{"x":0.333,"y":0},"t":54,"s":[{"i":[[15.4,0],[0,38.4],[-27.9,0],[-10.6,-9.3],[0,-16.9],[11.5,-10.2]],"o":[[-27.9,0],[0,-38.4],[15.5,0],[11.5,10.2],[0,16.9],[-10.6,9.3]],"v":[[0,55.9],[-58,0],[0,-55.9],[40.4,-41.5],[58,0],[40.4,41.4]],"c":true}]},{"i":{"x":0.667,"y":1},"o":{"x":0.333,"y":0},"t":62,"s":[{"i":[[15.4,0],[0,38.4],[-27.9,0],[-10.6,-9.3],[-1.08,-16.859],[13.702,-11.072]],"o":[[-27.9,0],[0,-38.4],[15.5,0],[11.5,10.2],[1.131,17.536],[-10.6,9.3]],"v":[[0,55.9],[-58,0],[0,-55.9],[40.4,-41.5],[61.345,0.732],[44.79,41.4]],"c":true}]},{"i":{"x":0.667,"y":1},"o":{"x":0.333,"y":0},"t":72,"s":[{"i":[[15.4,0],[0,38.4],[-27.9,0],[-10.6,-9.3],[0,-16.9],[11.5,-10.2]],"o":[[-27.9,0],[0,-38.4],[15.5,0],[11.5,10.2],[0,16.9],[-10.6,9.3]],"v":[[0,55.9],[-58,0],[0,-55.9],[40.4,-41.5],[57.048,0],[39.448,41.4]],"c":true}]},{"t":84,"s":[{"i":[[15.4,0],[0,38.4],[-27.9,0],[-10.6,-9.3],[0,-16.9],[11.5,-10.2]],"o":[[-27.9,0],[0,-38.4],[15.5,0],[11.5,10.2],[0,16.9],[-10.6,9.3]],"v":[[0,55.9],[-58,0],[0,-55.9],[40.4,-41.5],[58,0],[40.4,41.4]],"c":true}]}],"ix":2},"nm":"Path 1","mn":"ADBE Vector Shape - Group","hd":false},{"ty":"fl","c":{"a":0,"k":[0.921568627451,0.560784313725,0,1],"ix":4},"o":{"a":0,"k":100,"ix":5},"r":1,"bm":0,"nm":"Fill 1","mn":"ADBE Vector Graphic - Fill","hd":false},{"ty":"tr","p":{"a":0,"k":[0,0],"ix":2},"a":{"a":0,"k":[0,0],"ix":1},"s":{"a":0,"k":[100,100],"ix":3},"r":{"a":0,"k":0,"ix":6},"o":{"a":0,"k":100,"ix":7},"sk":{"a":0,"k":0,"ix":4},"sa":{"a":0,"k":0,"ix":5},"nm":"Transform"}],"nm":"Group 1","np":2,"cix":2,"bm":0,"ix":1,"mn":"ADBE Vector Group","hd":false}],"ip":0,"op":198,"st":0,"bm":0},{"ddd":0,"ind":15,"ty":4,"nm":"base normal","parent":1,"sr":1,"ks":{"o":{"a":0,"k":100,"ix":11},"r":{"a":0,"k":0,"ix":10},"p":{"a":0,"k":[0,0,0],"ix":2,"l":2},"a":{"a":0,"k":[0,0,0],"ix":1,"l":2},"s":{"a":0,"k":[800,800,100],"ix":6,"l":2}},"ao":0,"shapes":[{"ty":"gr","it":[{"ind":0,"ty":"sh","ix":1,"ks":{"a":1,"k":[{"i":{"x":0.667,"y":1},"o":{"x":0.333,"y":0},"t":54,"s":[{"i":[[15.4,0],[0,38.4],[-27.9,0],[-10.6,-9.3],[0,-16.9],[11.5,-10.2]],"o":[[-27.9,0],[0,-38.4],[15.5,0],[11.5,10.2],[0,16.9],[-10.6,9.3]],"v":[[0,55.9],[-58,0],[0,-55.9],[40.4,-41.5],[58,0],[40.4,41.4]],"c":true}]},{"i":{"x":0.667,"y":1},"o":{"x":0.333,"y":0},"t":62,"s":[{"i":[[15.4,0],[0,38.4],[-27.9,0],[-10.6,-9.3],[-1.08,-16.859],[13.702,-11.072]],"o":[[-27.9,0],[0,-38.4],[15.5,0],[11.5,10.2],[1.131,17.536],[-10.6,9.3]],"v":[[0,55.9],[-58,0],[0,-55.9],[40.4,-41.5],[61.345,0.732],[44.79,41.4]],"c":true}]},{"i":{"x":0.667,"y":1},"o":{"x":0.333,"y":0},"t":72,"s":[{"i":[[15.4,0],[0,38.4],[-27.9,0],[-10.6,-9.3],[0,-16.9],[11.5,-10.2]],"o":[[-27.9,0],[0,-38.4],[15.5,0],[11.5,10.2],[0,16.9],[-10.6,9.3]],"v":[[0,55.9],[-58,0],[0,-55.9],[40.4,-41.5],[57.048,0],[39.448,41.4]],"c":true}]},{"t":84,"s":[{"i":[[15.4,0],[0,38.4],[-27.9,0],[-10.6,-9.3],[0,-16.9],[11.5,-10.2]],"o":[[-27.9,0],[0,-38.4],[15.5,0],[11.5,10.2],[0,16.9],[-10.6,9.3]],"v":[[0,55.9],[-58,0],[0,-55.9],[40.4,-41.5],[58,0],[40.4,41.4]],"c":true}]}],"ix":2},"nm":"Path 1","mn":"ADBE Vector Shape - Group","hd":false},{"ty":"gf","o":{"a":0,"k":100,"ix":10},"r":1,"bm":0,"g":{"p":5,"k":{"a":0,"k":[0.48,0.992,0.878,0.188,0.691,0.98,0.816,0.178,0.902,0.969,0.753,0.169,0.966,0.963,0.694,0.153,1,0.957,0.635,0.137],"ix":9}},"s":{"a":0,"k":[0,0],"ix":5},"e":{"a":0,"k":[56.225,0],"ix":6},"t":2,"h":{"a":0,"k":0,"ix":7},"a":{"a":0,"k":0,"ix":8},"nm":"Gradient Fill 1","mn":"ADBE Vector Graphic - G-Fill","hd":false},{"ty":"tr","p":{"a":0,"k":[0,0],"ix":2},"a":{"a":0,"k":[0,0],"ix":1},"s":{"a":0,"k":[100,100],"ix":3},"r":{"a":0,"k":0,"ix":6},"o":{"a":0,"k":100,"ix":7},"sk":{"a":0,"k":0,"ix":4},"sa":{"a":0,"k":0,"ix":5},"nm":"Transform"}],"nm":"Group 1","np":2,"cix":2,"bm":0,"ix":1,"mn":"ADBE Vector Group","hd":false}],"ip":0,"op":198,"st":0,"bm":0}]}],"layers":[{"ddd":0,"ind":1,"ty":0,"nm":"zipper mouth A","refId":"comp_0","sr":1,"ks":{"o":{"a":0,"k":100,"ix":11},"r":{"a":0,"k":0,"ix":10},"p":{"a":0,"k":[512,512,0],"ix":2,"l":2},"a":{"a":0,"k":[512,512,0],"ix":1,"l":2},"s":{"a":0,"k":[100,100,100],"ix":6,"l":2}},"ao":0,"w":1024,"h":1024,"ip":152,"op":222,"st":24,"bm":0},{"ddd":0,"ind":2,"ty":0,"nm":"zipper mouth A","refId":"comp_0","sr":1,"ks":{"o":{"a":0,"k":100,"ix":11},"r":{"a":0,"k":0,"ix":10},"p":{"a":0,"k":[512,512,0],"ix":2,"l":2},"a":{"a":0,"k":[512,512,0],"ix":1,"l":2},"s":{"a":0,"k":[100,100,100],"ix":6,"l":2}},"ao":0,"tm":{"a":1,"k":[{"i":{"x":[0.833],"y":[0.833]},"o":{"x":[0.167],"y":[0.167]},"t":0,"s":[0]},{"t":126,"s":[2.1]}],"ix":2},"w":1024,"h":1024,"ip":0,"op":152,"st":0,"bm":0}],"markers":[{"tm":119,"cm":"rest","dr":0}]}