{"v":"5.8.1","fr":60,"ip":0,"op":148,"w":1024,"h":1024,"nm":"emoji_Heart with arrow_Remap ","ddd":0,"assets":[{"id":"comp_0","nm":"12 Heart with arrow","fr":60,"layers":[{"ddd":0,"ind":1,"ty":1,"nm":"NL HEART B","sr":1,"ks":{"o":{"a":0,"k":0,"ix":11},"r":{"a":1,"k":[{"i":{"x":[0.833],"y":[0.833]},"o":{"x":[0.167],"y":[0.167]},"t":0,"s":[0]},{"i":{"x":[0.833],"y":[0.833]},"o":{"x":[0.167],"y":[0.167]},"t":68,"s":[5]},{"i":{"x":[0],"y":[1]},"o":{"x":[0.167],"y":[0]},"t":100,"s":[0]},{"i":{"x":[0.833],"y":[1]},"o":{"x":[0.3],"y":[0]},"t":154,"s":[0]},{"i":{"x":[0.833],"y":[1]},"o":{"x":[0.167],"y":[0]},"t":156,"s":[-2]},{"i":{"x":[0.833],"y":[1]},"o":{"x":[0.167],"y":[0]},"t":164,"s":[1]},{"t":172,"s":[0]}],"ix":10},"p":{"a":1,"k":[{"i":{"x":0,"y":1},"o":{"x":0.3,"y":0},"t":154,"s":[556,876,0],"to":[0,0,0],"ti":[0,0,0]},{"i":{"x":0.679,"y":1},"o":{"x":0.289,"y":0},"t":162,"s":[493,817,0],"to":[0,0,0],"ti":[0,0,0]},{"i":{"x":0.833,"y":1},"o":{"x":0.3,"y":0},"t":174,"s":[579,892,0],"to":[0,0,0],"ti":[0,0,0]},{"i":{"x":0.667,"y":1},"o":{"x":0.167,"y":0},"t":184,"s":[553,872,0],"to":[0,0,0],"ti":[0,0,0]},{"t":194,"s":[557,876,0]}],"ix":2,"l":2},"a":{"a":0,"k":[508,800,0],"ix":1,"l":2},"s":{"a":0,"k":[120,120,100],"ix":6,"l":2}},"ao":0,"sw":1024,"sh":1024,"sc":"#ffffff","ip":0,"op":210,"st":0,"bm":0},{"ddd":0,"ind":2,"ty":1,"nm":"NL HEART","sr":1,"ks":{"o":{"a":0,"k":0,"ix":11},"r":{"a":1,"k":[{"i":{"x":[0.833],"y":[0.833]},"o":{"x":[0.167],"y":[0.167]},"t":0,"s":[0]},{"i":{"x":[0.833],"y":[0.833]},"o":{"x":[0.167],"y":[0.167]},"t":68,"s":[5]},{"t":100,"s":[0]}],"ix":10},"p":{"a":0,"k":[556,876,0],"ix":2,"l":2},"a":{"a":0,"k":[508,800,0],"ix":1,"l":2},"s":{"a":0,"k":[120,120,100],"ix":6,"l":2}},"ao":0,"sw":1024,"sh":1024,"sc":"#ffffff","ip":0,"op":210,"st":0,"bm":0},{"ddd":0,"ind":3,"ty":4,"nm":"ARROW TOP 3","parent":1,"sr":1,"ks":{"o":{"a":0,"k":100,"ix":11},"r":{"a":1,"k":[{"i":{"x":[0.667],"y":[1]},"o":{"x":[0.167],"y":[0.167]},"t":156,"s":[1.435]},{"t":168,"s":[0]}],"ix":10},"p":{"a":1,"k":[{"i":{"x":0.667,"y":1},"o":{"x":0.167,"y":0.167},"t":156,"s":[509.916,537.619,0],"to":[0,0,0],"ti":[0,0,0]},{"t":168,"s":[519.066,546.807,0]}],"ix":2,"l":2},"a":{"a":0,"k":[0,0,0],"ix":1,"l":2},"s":{"a":0,"k":[83.333,83.333,100],"ix":6,"l":2}},"ao":0,"shapes":[{"ty":"gr","it":[{"ind":0,"ty":"sh","ix":1,"ks":{"a":1,"k":[{"i":{"x":0.667,"y":1},"o":{"x":0.167,"y":0.167},"t":156,"s":[{"i":[[3.68,0],[4.64,4.64],[0,0],[0.16,-3.52],[-2,-2.08],[0,0],[-6.08,0],[-4.64,4.64],[-1.12,2.16]],"o":[[-6.08,0],[0,0],[-1.92,4.72],[-0.08,2.88],[0,0],[4.64,4.64],[6.08,0],[1.84,-1.84],[-3.36,1.76]],"v":[[401.926,399.905],[385.126,392.945],[-8.385,7.39],[-11.025,20.67],[-7.985,28.43],[374.726,403.265],[391.526,410.225],[408.326,403.265],[412.646,397.185]],"c":true}]},{"t":168,"s":[{"i":[[3.68,0],[4.64,4.64],[0,0],[0.16,-3.52],[-2,-2.08],[0,0],[-6.08,0],[-4.64,4.64],[-1.12,2.16]],"o":[[-6.08,0],[0,0],[-1.92,4.72],[-0.08,2.88],[0,0],[4.64,4.64],[6.08,0],[1.84,-1.84],[-3.36,1.76]],"v":[[322.6,325.32],[305.8,318.36],[-14.04,-1.04],[-16.68,12.24],[-13.64,20],[295.4,328.68],[312.2,335.64],[329,328.68],[333.32,322.6]],"c":true}]}],"ix":2},"nm":"Path 1","mn":"ADBE Vector Shape - Group","hd":false},{"ty":"fl","c":{"a":0,"k":[0.776470601559,0.458823531866,0,1],"ix":4},"o":{"a":0,"k":100,"ix":5},"r":1,"bm":0,"nm":"Fill 1","mn":"ADBE Vector Graphic - Fill","hd":false},{"ty":"tr","p":{"a":0,"k":[0,0],"ix":2},"a":{"a":0,"k":[0,0],"ix":1},"s":{"a":0,"k":[100,100],"ix":3},"r":{"a":0,"k":0,"ix":6},"o":{"a":0,"k":100,"ix":7},"sk":{"a":0,"k":0,"ix":4},"sa":{"a":0,"k":0,"ix":5},"nm":"Transform"}],"nm":"Group 1","np":2,"cix":2,"bm":0,"ix":1,"mn":"ADBE Vector Group","hd":false},{"ty":"gr","it":[{"ty":"gr","it":[{"ind":0,"ty":"sh","ix":1,"ks":{"a":1,"k":[{"i":{"x":0.667,"y":1},"o":{"x":0.167,"y":0.167},"t":156,"s":[{"i":[[6,0],[4.64,4.64],[0,0],[-9.28,9.28],[-6,0],[-2.64,-2.64],[0,0],[9.28,-9.28]],"o":[[-6.08,0],[0,0],[-9.28,-9.28],[5.76,-5.76],[3.68,0],[0,0],[9.28,9.28],[-4.64,4.56]],"v":[[391.606,410.225],[374.806,403.265],[-3.265,33.15],[-3.265,-0.45],[17.535,-7.33],[27.455,-3.25],[408.326,369.745],[408.326,403.345]],"c":true}]},{"t":168,"s":[{"i":[[6,0],[4.64,4.64],[0,0],[-9.28,9.28],[-6,0],[-2.64,-2.64],[0,0],[9.28,-9.28]],"o":[[-6.08,0],[0,0],[-9.28,-9.28],[5.76,-5.76],[3.68,0],[0,0],[9.28,9.28],[-4.64,4.56]],"v":[[312.28,335.64],[295.48,328.68],[-8.92,24.72],[-8.92,-8.88],[11.88,-15.76],[21.8,-11.68],[329,295.16],[329,328.76]],"c":true}]}],"ix":2},"nm":"Path 1","mn":"ADBE Vector Shape - Group","hd":false},{"ty":"fl","c":{"a":0,"k":[1,0.627451002598,0,1],"ix":4},"o":{"a":0,"k":100,"ix":5},"r":1,"bm":0,"nm":"Fill 1","mn":"ADBE Vector Graphic - Fill","hd":false},{"ty":"tr","p":{"a":0,"k":[0,0],"ix":2},"a":{"a":0,"k":[0,0],"ix":1},"s":{"a":0,"k":[100,100],"ix":3},"r":{"a":0,"k":0,"ix":6},"o":{"a":0,"k":100,"ix":7},"sk":{"a":0,"k":0,"ix":4},"sa":{"a":0,"k":0,"ix":5},"nm":"Transform"}],"nm":"Group 1","np":2,"cix":2,"bm":0,"ix":1,"mn":"ADBE Vector Group","hd":false},{"ty":"tr","p":{"a":0,"k":[0,0],"ix":2},"a":{"a":0,"k":[0,0],"ix":1},"s":{"a":0,"k":[100,100],"ix":3},"r":{"a":0,"k":0,"ix":6},"o":{"a":0,"k":100,"ix":7},"sk":{"a":0,"k":0,"ix":4},"sa":{"a":0,"k":0,"ix":5},"nm":"Transform"}],"nm":"Group 2","np":1,"cix":2,"bm":0,"ix":2,"mn":"ADBE Vector Group","hd":false},{"ty":"gr","it":[{"ind":0,"ty":"sh","ix":1,"ks":{"a":1,"k":[{"i":{"x":0.667,"y":1},"o":{"x":0.167,"y":0.167},"t":156,"s":[{"i":[[0,0],[0,0],[-61.927,-17.974],[6.561,-34.96]],"o":[[0,0],[0,0],[68.08,19.76],[-10.96,58.4]],"v":[[366.325,359.505],[250.005,240.145],[377.365,225.585],[500.165,351.265]],"c":true}]},{"t":168,"s":[{"i":[[0,0],[0,0],[-61.927,-17.974],[6.561,-34.96]],"o":[[0,0],[0,0],[68.08,19.76],[-10.96,58.4]],"v":[[287,284.92],[170.68,165.56],[298.04,151],[420.84,276.68]],"c":true}]}],"ix":2},"nm":"Path 1","mn":"ADBE Vector Shape - Group","hd":false},{"ty":"fl","c":{"a":0,"k":[1,0.75686275959,0.027450980619,1],"ix":4},"o":{"a":0,"k":100,"ix":5},"r":1,"bm":0,"nm":"Fill 1","mn":"ADBE Vector Graphic - Fill","hd":false},{"ty":"tr","p":{"a":0,"k":[0,0],"ix":2},"a":{"a":0,"k":[0,0],"ix":1},"s":{"a":0,"k":[100,100],"ix":3},"r":{"a":0,"k":0,"ix":6},"o":{"a":0,"k":100,"ix":7},"sk":{"a":0,"k":0,"ix":4},"sa":{"a":0,"k":0,"ix":5},"nm":"Transform"}],"nm":"Group 3","np":2,"cix":2,"bm":0,"ix":3,"mn":"ADBE Vector Group","hd":false},{"ty":"gr","it":[{"ind":0,"ty":"sh","ix":1,"ks":{"a":1,"k":[{"i":{"x":0.667,"y":1},"o":{"x":0.167,"y":0.167},"t":156,"s":[{"i":[[0,0],[0,0],[-17.974,-61.927],[-34.96,6.561]],"o":[[0,0],[0,0],[19.76,68.08],[58.4,-10.96]],"v":[[364.565,361.265],[245.205,244.945],[230.645,372.305],[356.325,495.105]],"c":true}]},{"t":168,"s":[{"i":[[0,0],[0,0],[-17.974,-61.927],[-34.96,6.561]],"o":[[0,0],[0,0],[19.76,68.08],[58.4,-10.96]],"v":[[285.24,286.68],[165.88,170.36],[151.32,297.72],[277,420.52]],"c":true}]}],"ix":2},"nm":"Path 1","mn":"ADBE Vector Shape - Group","hd":false},{"ty":"fl","c":{"a":0,"k":[1,0.75686275959,0.027450980619,1],"ix":4},"o":{"a":0,"k":100,"ix":5},"r":1,"bm":0,"nm":"Fill 1","mn":"ADBE Vector Graphic - Fill","hd":false},{"ty":"tr","p":{"a":0,"k":[0,0],"ix":2},"a":{"a":0,"k":[0,0],"ix":1},"s":{"a":0,"k":[100,100],"ix":3},"r":{"a":0,"k":0,"ix":6},"o":{"a":0,"k":100,"ix":7},"sk":{"a":0,"k":0,"ix":4},"sa":{"a":0,"k":0,"ix":5},"nm":"Transform"}],"nm":"Group 4","np":2,"cix":2,"bm":0,"ix":4,"mn":"ADBE Vector Group","hd":false}],"ip":156,"op":210,"st":156,"bm":0},{"ddd":0,"ind":4,"ty":4,"nm":"HEART MARK 2","parent":1,"sr":1,"ks":{"o":{"a":0,"k":100,"ix":11},"r":{"a":0,"k":0,"ix":10},"p":{"a":0,"k":[471.333,496.667,0],"ix":2,"l":2},"a":{"a":0,"k":[0,0,0],"ix":1,"l":2},"s":{"a":0,"k":[83.333,83.333,100],"ix":6,"l":2}},"ao":0,"shapes":[{"ty":"gr","it":[{"ind":0,"ty":"sh","ix":1,"ks":{"a":1,"k":[{"i":{"x":0.667,"y":1},"o":{"x":0.167,"y":0.167},"t":156,"s":[{"i":[[-11.294,9.594],[0,0],[4.979,5.222],[14.696,-1.866],[2.887,-19.07],[-7.61,-9.152],[-0.607,7.954]],"o":[[11.294,-9.654],[7.286,0.304],[-9.229,-9.594],[-19.127,2.429],[-2.004,13.237],[4.797,5.768],[0.061,0]],"v":[[56.415,66.3],[84.444,56.098],[91.73,44.379],[57.994,30.597],[20.226,67.393],[29.759,97.852],[42.328,91.84]],"c":true}]},{"t":168,"s":[{"i":[[-14.88,12.64],[0,0],[6.56,6.88],[19.363,-2.459],[3.803,-25.126],[-10.027,-12.058],[-0.8,10.48]],"o":[[14.88,-12.72],[9.6,0.4],[-12.16,-12.64],[-25.2,3.2],[-2.64,17.44],[6.32,7.6],[0.08,0]],"v":[[61.623,68.24],[103.383,53.92],[112.983,38.48],[63.703,21.2],[13.943,69.68],[26.503,115.52],[43.063,107.6]],"c":true}]}],"ix":2},"nm":"Path 1","mn":"ADBE Vector Shape - Group","hd":false},{"ty":"fl","c":{"a":0,"k":[0.760784327984,0.0941176489,0.35686275363,1],"ix":4},"o":{"a":0,"k":100,"ix":5},"r":1,"bm":0,"nm":"Fill 1","mn":"ADBE Vector Graphic - Fill","hd":false},{"ty":"tr","p":{"a":0,"k":[0,0],"ix":2},"a":{"a":0,"k":[0,0],"ix":1},"s":{"a":0,"k":[100,100],"ix":3},"r":{"a":0,"k":0,"ix":6},"o":{"a":0,"k":100,"ix":7},"sk":{"a":0,"k":0,"ix":4},"sa":{"a":0,"k":0,"ix":5},"nm":"Transform"}],"nm":"Group 1","np":2,"cix":2,"bm":0,"ix":1,"mn":"ADBE Vector Group","hd":false}],"ip":156,"op":210,"st":156,"bm":0},{"ddd":0,"ind":5,"ty":4,"nm":"ARROW TOP","sr":1,"ks":{"o":{"a":0,"k":100,"ix":11},"r":{"a":0,"k":0,"ix":10},"p":{"a":0,"k":[512,512,0],"ix":2,"l":2},"a":{"a":0,"k":[0,0,0],"ix":1,"l":2},"s":{"a":0,"k":[100,100,100],"ix":6,"l":2}},"ao":0,"shapes":[{"ty":"gr","it":[{"ind":0,"ty":"sh","ix":1,"ks":{"a":1,"k":[{"i":{"x":0.833,"y":0.833},"o":{"x":0.167,"y":0.167},"t":0,"s":[{"i":[[3.68,0],[4.64,4.64],[0,0],[0.16,-3.52],[-2,-2.08],[0,0],[-6.08,0],[-4.64,4.64],[-1.12,2.16]],"o":[[-6.08,0],[0,0],[-1.92,4.72],[-0.08,2.88],[0,0],[4.64,4.64],[6.08,0],[1.84,-1.84],[-3.36,1.76]],"v":[[379.6,384.32],[362.8,377.36],[44.96,58.96],[42.32,72.24],[45.36,80],[352.4,387.68],[369.2,394.64],[386,387.68],[390.32,381.6]],"c":true}]},{"i":{"x":0.833,"y":0.833},"o":{"x":0.167,"y":0.167},"t":24,"s":[{"i":[[3.465,1.24],[2.805,5.932],[0,0],[1.337,-3.26],[-1.182,-2.632],[0,0],[-5.724,-2.049],[-5.932,2.805],[-1.782,1.656]],"o":[[-5.724,-2.049],[0,0],[-3.398,3.797],[-1.046,2.685],[0,0],[2.805,5.932],[5.724,2.049],[2.352,-1.112],[-3.756,0.525]],"v":[[221.599,400.779],[208.127,388.564],[40.18,52.677],[33.219,64.291],[33.466,72.621],[194.858,394.776],[208.329,406.99],[226.492,406.099],[232.609,401.83]],"c":true}]},{"i":{"x":0.833,"y":0.833},"o":{"x":0.167,"y":0.167},"t":38,"s":[{"i":[[2.058,2.721],[-0.835,6.026],[0,0],[2.692,-1.85],[0.419,-2.642],[0,0],[-3.401,-4.495],[-6.026,-0.835],[-2.223,0.38]],"o":[[-3.401,-4.495],[0,0],[-4.563,1.22],[-2.174,1.552],[0,0],[-0.835,6.026],[3.401,4.495],[2.39,0.331],[-3.18,-1.5]],"v":[[-61.178,429.013],[-65.429,412.699],[-15.251,50.543],[-26.546,56.019],[-30.583,62.607],[-78.876,410.782],[-74.625,427.096],[-60.082,435.623],[-53.171,435.417]],"c":true}]},{"i":{"x":0.833,"y":0.833},"o":{"x":0.167,"y":0.167},"t":52,"s":[{"i":[[0.251,3.671],[-4.313,4.946],[0,0],[3.523,-0.08],[1.939,-2.137],[0,0],[-0.415,-6.066],[-4.946,-4.313],[-2.231,-0.97]],"o":[[-0.415,-6.066],[0,0],[-4.84,-1.594],[-2.879,0.117],[0,0],[-4.313,4.946],[0.415,6.066],[1.961,1.71],[-1.985,-3.232]],"v":[[-316.96,383.097],[-311.162,365.862],[-52.632,47.967],[-66.061,46.239],[-73.596,49.801],[-322.168,356.19],[-327.966,373.425],[-319.876,389.711],[-313.515,393.607]],"c":true}]},{"t":80,"s":[{"i":[[0.221,3.41],[-3.706,4.558],[0,0],[3.032,-0.048],[1.666,-1.969],[0,0],[-0.365,-5.634],[-4.263,-4.041],[-1.922,-0.917]],"o":[[-0.365,-5.634],[0,0],[-4.168,-1.516],[-2.478,0.086],[0,0],[-3.706,4.558],[0.365,5.634],[1.691,1.602],[-1.713,-3.015]],"v":[[-104.973,160.88],[-100.006,144.926],[154.305,-167.307],[142.743,-169.014],[136.262,-165.765],[-109.492,135.864],[-114.46,151.818],[-107.474,166.997],[-101.993,170.661]],"c":true}]}],"ix":2},"nm":"Path 1","mn":"ADBE Vector Shape - Group","hd":false},{"ty":"fl","c":{"a":0,"k":[0.776470601559,0.458823531866,0,1],"ix":4},"o":{"a":0,"k":100,"ix":5},"r":1,"bm":0,"nm":"Fill 1","mn":"ADBE Vector Graphic - Fill","hd":false},{"ty":"tr","p":{"a":0,"k":[0,0],"ix":2},"a":{"a":0,"k":[0,0],"ix":1},"s":{"a":0,"k":[100,100],"ix":3},"r":{"a":0,"k":0,"ix":6},"o":{"a":0,"k":100,"ix":7},"sk":{"a":0,"k":0,"ix":4},"sa":{"a":0,"k":0,"ix":5},"nm":"Transform"}],"nm":"Group 1","np":2,"cix":2,"bm":0,"ix":1,"mn":"ADBE Vector Group","hd":false},{"ty":"gr","it":[{"ty":"gr","it":[{"ind":0,"ty":"sh","ix":1,"ks":{"a":1,"k":[{"i":{"x":0.833,"y":0.833},"o":{"x":0.167,"y":0.167},"t":0,"s":[{"i":[[6,0],[4.64,4.64],[0,0],[-9.28,9.28],[-6,0],[-2.64,-2.64],[0,0],[9.28,-9.28]],"o":[[-6.08,0],[0,0],[-9.28,-9.28],[5.76,-5.76],[3.68,0],[0,0],[9.28,9.28],[-4.64,4.56]],"v":[[369.28,394.64],[352.48,387.68],[50.08,84.72],[50.08,51.12],[70.88,44.24],[80.8,48.32],[386,354.16],[386,387.76]],"c":true}]},{"i":{"x":0.833,"y":0.833},"o":{"x":0.167,"y":0.167},"t":24,"s":[{"i":[[5.649,2.022],[2.805,5.932],[0,0],[-11.865,5.61],[-5.649,-2.022],[-1.596,-3.375],[0,0],[11.865,-5.61]],"o":[[-5.724,-2.049],[0,0],[-5.61,-11.865],[7.364,-3.482],[3.465,1.24],[0,0],[5.61,11.865],[-5.905,2.73]],"v":[[208.405,407.017],[194.933,394.803],[36.32,78.656],[47.643,47.021],[69.545,47.553],[77.51,54.738],[237.789,374.54],[226.465,406.174]],"c":true}]},{"i":{"x":0.833,"y":0.833},"o":{"x":0.167,"y":0.167},"t":38,"s":[{"i":[[3.356,4.436],[-0.835,6.026],[0,0],[-12.051,-1.67],[-3.356,-4.436],[0.475,-3.428],[0,0],[12.051,1.671]],"o":[[-3.401,-4.495],[0,0],[1.67,-12.051],[7.48,1.037],[2.058,2.721],[0,0],[-1.671,12.051],[-5.967,-0.88]],"v":[[-74.58,427.155],[-78.831,410.841],[-31.432,68.736],[-6.591,49.943],[10.13,61.473],[12.662,71.089],[-35.3,416.875],[-60.142,435.668]],"c":true}]},{"i":{"x":0.833,"y":0.833},"o":{"x":0.167,"y":0.167},"t":52,"s":[{"i":[[0.409,5.986],[-4.313,4.946],[0,0],[-9.891,-8.625],[-0.409,-5.986],[2.454,-2.814],[0,0],[9.891,8.625]],"o":[[-0.415,-6.066],[0,0],[8.625,-9.891],[6.139,5.354],[0.251,3.671],[0,0],[-8.625,9.891],[-4.866,-4.318]],"v":[[-327.96,373.505],[-322.162,356.27],[-77.983,54.832],[-44.461,52.54],[-36.178,72.823],[-39.572,82.998],[-286.434,387.425],[-319.956,389.717]],"c":true}]},{"t":80,"s":[{"i":[[0.36,5.56],[-3.706,4.558],[0,0],[-8.526,-8.082],[-0.361,-5.56],[2.108,-2.593],[0,0],[8.526,8.082]],"o":[[-0.365,-5.634],[0,0],[7.411,-9.115],[5.292,5.016],[0.221,3.41],[0,0],[-7.411,9.115],[-4.194,-4.045]],"v":[[-114.455,151.892],[-109.488,135.938],[132.493,-161.129],[161.345,-163],[168.502,-144.11],[165.595,-134.691],[-78.691,165.131],[-107.543,167.002]],"c":true}]}],"ix":2},"nm":"Path 1","mn":"ADBE Vector Shape - Group","hd":false},{"ty":"fl","c":{"a":0,"k":[1,0.627451002598,0,1],"ix":4},"o":{"a":0,"k":100,"ix":5},"r":1,"bm":0,"nm":"Fill 1","mn":"ADBE Vector Graphic - Fill","hd":false},{"ty":"tr","p":{"a":0,"k":[0,0],"ix":2},"a":{"a":0,"k":[0,0],"ix":1},"s":{"a":0,"k":[100,100],"ix":3},"r":{"a":0,"k":0,"ix":6},"o":{"a":0,"k":100,"ix":7},"sk":{"a":0,"k":0,"ix":4},"sa":{"a":0,"k":0,"ix":5},"nm":"Transform"}],"nm":"Group 1","np":2,"cix":2,"bm":0,"ix":1,"mn":"ADBE Vector Group","hd":false},{"ty":"tr","p":{"a":0,"k":[0,0],"ix":2},"a":{"a":0,"k":[0,0],"ix":1},"s":{"a":0,"k":[100,100],"ix":3},"r":{"a":0,"k":0,"ix":6},"o":{"a":0,"k":100,"ix":7},"sk":{"a":0,"k":0,"ix":4},"sa":{"a":0,"k":0,"ix":5},"nm":"Transform"}],"nm":"Group 2","np":1,"cix":2,"bm":0,"ix":2,"mn":"ADBE Vector Group","hd":false},{"ty":"gr","it":[{"ind":0,"ty":"sh","ix":1,"ks":{"a":1,"k":[{"i":{"x":0.833,"y":0.833},"o":{"x":0.167,"y":0.167},"t":0,"s":[{"i":[[0,0],[0,0],[-61.92,-18],[6.56,-34.96]],"o":[[0,0],[0,0],[68.08,19.76],[-10.96,58.4]],"v":[[344,343.92],[227.68,224.56],[355.04,210],[477.84,335.68]],"c":true}]},{"i":{"x":0.833,"y":0.833},"o":{"x":0.167,"y":0.167},"t":24,"s":[{"i":[[0,0],[0,0],[-52.248,-37.792],[17.959,-30.704]],"o":[[0,0],[0,0],[57.439,41.547],[-30,51.29]],"v":[[201.696,350.745],[132.405,199.167],[257.222,228.379],[330.484,388.091]],"c":true}]},{"i":{"x":0.833,"y":0.833},"o":{"x":0.167,"y":0.167},"t":38,"s":[{"i":[[0,0],[0,0],[-21.348,-55.838],[29.516,-14.703]],"o":[[0,0],[0,0],[23.469,61.386],[-49.307,24.561]],"v":[[-51.221,380.096],[-28.035,227.337],[53.965,313.354],[29.731,474.439]],"c":true}]},{"i":{"x":0.833,"y":0.833},"o":{"x":0.167,"y":0.167},"t":52,"s":[{"i":[[0,0],[0,0],[13.708,-63.009],[35.326,4.161]],"o":[[0,0],[0,0],[-15.07,69.269],[-59.012,-6.951]],"v":[[-279.083,344.824],[-167.934,220.634],[-144.721,346.704],[-261.733,477.791]],"c":true}]},{"t":80,"s":[{"i":[[0,0],[0,0],[8.262,-56.917],[30.491,3.52]],"o":[[0,0],[0,0],[-9.403,64.782],[-53.696,-6.2]],"v":[[-72.421,125.644],[25.584,1.718],[39.238,126.417],[-63.304,258.7]],"c":true}]}],"ix":2},"nm":"Path 1","mn":"ADBE Vector Shape - Group","hd":false},{"ty":"fl","c":{"a":0,"k":[1,0.75686275959,0.027450980619,1],"ix":4},"o":{"a":0,"k":100,"ix":5},"r":1,"bm":0,"nm":"Fill 1","mn":"ADBE Vector Graphic - Fill","hd":false},{"ty":"tr","p":{"a":0,"k":[0,0],"ix":2},"a":{"a":0,"k":[0,0],"ix":1},"s":{"a":0,"k":[100,100],"ix":3},"r":{"a":0,"k":0,"ix":6},"o":{"a":0,"k":100,"ix":7},"sk":{"a":0,"k":0,"ix":4},"sa":{"a":0,"k":0,"ix":5},"nm":"Transform"}],"nm":"Group 3","np":2,"cix":2,"bm":0,"ix":3,"mn":"ADBE Vector Group","hd":false},{"ty":"gr","it":[{"ind":0,"ty":"sh","ix":1,"ks":{"a":1,"k":[{"i":{"x":0.833,"y":0.833},"o":{"x":0.167,"y":0.167},"t":0,"s":[{"i":[[0,0],[0,0],[-18,-61.92],[-34.96,6.56]],"o":[[0,0],[0,0],[19.76,68.08],[58.4,-10.96]],"v":[[342.24,345.68],[222.88,229.36],[208.32,356.72],[334,479.52]],"c":true}]},{"i":{"x":0.833,"y":0.833},"o":{"x":0.167,"y":0.167},"t":24,"s":[{"i":[[0,0],[0,0],[3.947,-64.362],[-35.126,-5.604]],"o":[[0,0],[0,0],[-4.339,70.757],[58.677,9.362]],"v":[[199.446,351.809],[126.268,202.068],[69.639,317.072],[146.584,475.043]],"c":true}]},{"i":{"x":0.833,"y":0.833},"o":{"x":0.167,"y":0.167},"t":38,"s":[{"i":[[0,0],[0,0],[35.731,-47.926],[-24.404,-22.177]],"o":[[0,0],[0,0],[-39.281,52.688],[40.767,37.047]],"v":[[-53.506,379.779],[-34.268,226.473],[-136.573,286.943],[-157.067,448.546]],"c":true}]},{"i":{"x":0.833,"y":0.833},"o":{"x":0.167,"y":0.167},"t":52,"s":[{"i":[[0,0],[0,0],[60.557,-22.156],[-8.93,-34.431]],"o":[[0,0],[0,0],[-66.574,24.358],[14.918,57.516]],"v":[[-280.958,343.189],[-173.051,216.173],[-301.107,210.334],[-415.049,344.097]],"c":true}]},{"t":80,"s":[{"i":[[0,0],[0,0],[43.064,-24.638],[-7.734,-32.028]],"o":[[0,0],[0,0],[-53.284,30.485],[12.92,53.502]],"v":[[-74.038,124.112],[21.174,-2.462],[-100.064,-5.862],[-183.96,115.928]],"c":true}]}],"ix":2},"nm":"Path 1","mn":"ADBE Vector Shape - Group","hd":false},{"ty":"fl","c":{"a":0,"k":[1,0.75686275959,0.027450980619,1],"ix":4},"o":{"a":0,"k":100,"ix":5},"r":1,"bm":0,"nm":"Fill 1","mn":"ADBE Vector Graphic - Fill","hd":false},{"ty":"tr","p":{"a":0,"k":[0,0],"ix":2},"a":{"a":0,"k":[0,0],"ix":1},"s":{"a":0,"k":[100,100],"ix":3},"r":{"a":0,"k":0,"ix":6},"o":{"a":0,"k":100,"ix":7},"sk":{"a":0,"k":0,"ix":4},"sa":{"a":0,"k":0,"ix":5},"nm":"Transform"}],"nm":"Group 4","np":2,"cix":2,"bm":0,"ix":4,"mn":"ADBE Vector Group","hd":false}],"ip":0,"op":52,"st":0,"bm":0},{"ddd":0,"ind":6,"ty":4,"nm":"HEART MARK","parent":1,"sr":1,"ks":{"o":{"a":0,"k":100,"ix":11},"r":{"a":0,"k":0,"ix":10},"p":{"a":0,"k":[471.333,496.667,0],"ix":2,"l":2},"a":{"a":0,"k":[0,0,0],"ix":1,"l":2},"s":{"a":0,"k":[83.333,83.333,100],"ix":6,"l":2}},"ao":0,"shapes":[{"ty":"gr","it":[{"ind":0,"ty":"sh","ix":1,"ks":{"a":1,"k":[{"i":{"x":0.833,"y":0.833},"o":{"x":0.167,"y":0.167},"t":0,"s":[{"i":[[-14.88,12.64],[0,0],[6.56,6.88],[19.36,-2.48],[3.84,-25.12],[-10,-12.08],[-0.8,10.48]],"o":[[14.88,-12.72],[9.6,0.4],[-12.16,-12.64],[-25.2,3.2],[-2.64,17.44],[6.32,7.6],[0.08,0]],"v":[[63.2,66.4],[104.96,52.08],[114.56,36.64],[65.28,19.36],[15.52,67.84],[28.08,113.68],[44.64,105.76]],"c":true}]},{"i":{"x":0.833,"y":0.833},"o":{"x":0.167,"y":0.167},"t":24,"s":[{"i":[[-14.851,2.335],[0,0],[1.734,7.701],[13.918,6.77],[12.258,-15.947],[-2.055,-12.852],[-4.586,6.997]],"o":[[14.882,-2.391],[6.275,4.492],[-3.258,-14.196],[-18.114,-8.811],[-8.509,11.069],[1.295,8.101],[0.054,0.035]],"v":[[38.736,56.806],[72.238,65.084],[84.635,58.47],[58.31,24.738],[6.247,36.9],[-3.059,74.549],[11.093,76.26]],"c":true}]},{"t":52,"s":[{"i":[[-5.481,-4.207],[0,0],[-0.125,4.095],[4.263,8.001],[5.889,-2.819],[0.525,-6.518],[-2.304,1.519]],"o":[[5.496,4.219],[1.782,4.255],[0.23,-7.552],[-5.548,-10.413],[-4.087,1.957],[-0.331,4.109],[0.016,0.035]],"v":[[-69.635,66.037],[-58.593,81.685],[-53.564,83.118],[-59.589,58.562],[-79.187,45.514],[-86.145,59.155],[-81.307,64.961]],"c":true}]}],"ix":2},"nm":"Path 1","mn":"ADBE Vector Shape - Group","hd":false},{"ty":"fl","c":{"a":0,"k":[0.760784327984,0.0941176489,0.35686275363,1],"ix":4},"o":{"a":0,"k":100,"ix":5},"r":1,"bm":0,"nm":"Fill 1","mn":"ADBE Vector Graphic - Fill","hd":false},{"ty":"tr","p":{"a":0,"k":[0,0],"ix":2},"a":{"a":0,"k":[0,0],"ix":1},"s":{"a":0,"k":[100,100],"ix":3},"r":{"a":0,"k":0,"ix":6},"o":{"a":0,"k":100,"ix":7},"sk":{"a":0,"k":0,"ix":4},"sa":{"a":0,"k":0,"ix":5},"nm":"Transform"}],"nm":"Group 1","np":2,"cix":2,"bm":0,"ix":1,"mn":"ADBE Vector Group","hd":false}],"ip":0,"op":52,"st":0,"bm":0},{"ddd":0,"ind":7,"ty":4,"nm":"Shadow R","parent":1,"sr":1,"ks":{"o":{"a":0,"k":100,"ix":11},"r":{"a":0,"k":0,"ix":10},"p":{"a":0,"k":[512,512,0],"ix":2,"l":2},"a":{"a":0,"k":[360.224,302.81,0],"ix":1,"l":2},"s":{"a":0,"k":[100,100,100],"ix":6,"l":2}},"ao":0,"shapes":[{"ty":"gr","it":[{"ind":0,"ty":"sh","ix":1,"ks":{"a":1,"k":[{"i":{"x":0.833,"y":0.833},"o":{"x":0.167,"y":0.167},"t":68,"s":[{"i":[[99.188,5.708],[0,0],[-47.528,-23.826],[0.773,-111.414],[17.934,-46.16],[0,0],[-1.053,153.384]],"o":[[-36.666,-2.11],[0,0],[46.179,23.15],[-0.837,120.603],[-3.52,3.92],[0,0],[1.052,-153.298]],"v":[[-220.28,-302.85],[-275.1,-291.65],[-188.125,-257.11],[-115.719,-49.546],[-174.88,292.2],[-179.6,302.52],[-82.261,-55.662]],"c":true}]},{"i":{"x":0.833,"y":0.833},"o":{"x":0.167,"y":0.167},"t":86,"s":[{"i":[[95.154,2.854],[10.32,-6.36],[-44.745,-3.378],[18.347,-133.787],[36.527,-54.12],[0,0],[-19.726,158.772]],"o":[[-32.893,-1.055],[7.24,-2.8],[62.717,4.735],[-15.859,127.341],[-3.52,3.92],[0,0],[19.686,-158.689]],"v":[[-117.78,-302.685],[-182.35,-286.485],[-109.662,-293.695],[4.98,-64.073],[-174.88,292.2],[-179.6,302.52],[29.51,-60.931]],"c":true}]},{"i":{"x":0.833,"y":0.833},"o":{"x":0.167,"y":0.167},"t":106,"s":[{"i":[[78.805,0],[17.851,-12.72],[-15.429,0],[31.103,-156.153],[47.671,-62.08],[0,0],[-33.159,164.169]],"o":[[-25.184,0],[12.523,-5.6],[77.075,0],[-26.707,134.08],[-3.044,3.92],[0,0],[33.141,-164.08]],"v":[[-37.488,-302.52],[-101.763,-281.32],[-59.905,-290.28],[55.017,-66.6],[-175.518,292.2],[-179.6,302.52],[97.913,-66.2]],"c":true}]},{"i":{"x":0.833,"y":0.833},"o":{"x":0.167,"y":0.167},"t":126,"s":[{"i":[[91.12,0],[20.64,-12.72],[-17.84,0],[35.92,-156.16],[55.12,-62.08],[0,0],[-38.4,164.159]],"o":[[-29.12,0],[14.48,-5.6],[89.12,0],[-30.88,134.08],[-3.52,3.92],[0,0],[38.32,-164.08]],"v":[[-15.28,-302.52],[-89.6,-281.32],[-41.2,-290.28],[91.68,-66.6],[-174.88,292.2],[-179.6,302.52],[141.28,-66.2]],"c":true}]},{"i":{"x":0.667,"y":1},"o":{"x":0.167,"y":0.167},"t":156,"s":[{"i":[[91.12,0],[20.64,-12.72],[-17.84,0],[35.92,-156.16],[55.12,-62.08],[0,0],[-38.4,164.159]],"o":[[-29.12,0],[14.48,-5.6],[89.12,0],[-30.88,134.08],[-3.52,3.92],[0,0],[38.32,-164.08]],"v":[[-15.28,-302.52],[-89.6,-281.32],[-41.2,-290.28],[91.68,-66.6],[-174.88,292.2],[-179.6,302.52],[141.28,-66.2]],"c":true}]},{"i":{"x":0.667,"y":1},"o":{"x":0.333,"y":0},"t":165,"s":[{"i":[[85.368,0],[19.337,-12.72],[-16.714,0],[33.693,-156.151],[51.64,-62.08],[0,0],[-35.921,164.171]],"o":[[-27.282,0],[13.566,-5.6],[83.494,0],[-28.931,134.08],[-3.298,3.92],[0,0],[35.901,-164.08]],"v":[[-25.653,-302.52],[-95.282,-281.32],[-49.937,-290.28],[74.555,-66.6],[-175.178,292.2],[-179.6,302.52],[121.023,-66.2]],"c":true}]},{"t":180,"s":[{"i":[[91.12,0],[20.64,-12.72],[-17.84,0],[35.92,-156.16],[55.12,-62.08],[0,0],[-38.4,164.159]],"o":[[-29.12,0],[14.48,-5.6],[89.12,0],[-30.88,134.08],[-3.52,3.92],[0,0],[38.32,-164.08]],"v":[[-15.28,-302.52],[-89.6,-281.32],[-41.2,-290.28],[91.68,-66.6],[-174.88,292.2],[-179.6,302.52],[141.28,-66.2]],"c":true}]}],"ix":2},"nm":"Path 1","mn":"ADBE Vector Shape - Group","hd":false},{"ty":"fl","c":{"a":0,"k":[0.855000035903,0.180000005984,0.458999992819,1],"ix":4},"o":{"a":0,"k":100,"ix":5},"r":1,"bm":0,"nm":"Fill 1","mn":"ADBE Vector Graphic - Fill","hd":false},{"ty":"tr","p":{"a":0,"k":[540.17,302.77],"ix":2},"a":{"a":0,"k":[0,0],"ix":1},"s":{"a":0,"k":[100,100],"ix":3},"r":{"a":0,"k":0,"ix":6},"o":{"a":0,"k":100,"ix":7},"sk":{"a":0,"k":0,"ix":4},"sa":{"a":0,"k":0,"ix":5},"nm":"Transform"}],"nm":"Group 3","np":2,"cix":2,"bm":0,"ix":1,"mn":"ADBE Vector Group","hd":false}],"ip":68,"op":210,"st":42,"bm":0},{"ddd":0,"ind":8,"ty":4,"nm":"Heart Half L 2","parent":1,"sr":1,"ks":{"o":{"a":0,"k":100,"ix":11},"r":{"a":0,"k":0,"ix":10},"p":{"a":0,"k":[512,512,0],"ix":2,"l":2},"a":{"a":0,"k":[360.224,302.81,0],"ix":1,"l":2},"s":{"a":0,"k":[100,100,100],"ix":6,"l":2}},"ao":0,"shapes":[{"ty":"gr","it":[{"ind":0,"ty":"sh","ix":1,"ks":{"a":1,"k":[{"i":{"x":0.833,"y":0.833},"o":{"x":0.167,"y":0.167},"t":68,"s":[{"i":[[-13.467,35.472],[-14.584,-0.456],[1.842,-18.203],[8.901,-12.617],[4.826,-4.24],[2.77,7.661]],"o":[[6.124,-16.13],[20.624,0.645],[-1.842,18.203],[-5.275,7.477],[-10.755,9.448],[-5.819,-16.096]],"v":[[71.081,-21.352],[101.948,-53.424],[126.604,-15.095],[109.963,26.237],[80.948,78.422],[59.934,75.467]],"c":true}]},{"i":{"x":0.833,"y":0.833},"o":{"x":0.167,"y":0.167},"t":106,"s":[{"i":[[-26.208,37.494],[-27.218,-24.48],[13.19,-11.44],[11.655,-26.159],[2.143,-17.603],[2.931,6.08]],"o":[[18.006,-25.76],[14.726,13.2],[-19.192,16.721],[-7.049,15.761],[-0.837,6.88],[-20.239,-41.199]],"v":[[-4.752,-47.24],[72.576,-69.72],[67.69,-17.88],[20.163,35.08],[6.763,85.56],[-4.961,88.12]],"c":true}]},{"i":{"x":0.833,"y":0.833},"o":{"x":0.167,"y":0.167},"t":126,"s":[{"i":[[-30,37.52],[-31.2,-24.48],[15.12,-11.44],[13.36,-26.159],[2.48,-17.6],[3.36,6.08]],"o":[[20.64,-25.76],[16.88,13.2],[-22,16.721],[-8.08,15.761],[-0.96,6.88],[-23.2,-41.199]],"v":[[-37.76,-47.24],[50.88,-69.72],[45.28,-17.88],[-9.2,35.08],[-24.56,85.56],[-38,88.12]],"c":true}]},{"i":{"x":0.667,"y":1},"o":{"x":0.167,"y":0.167},"t":156,"s":[{"i":[[-30,37.52],[-31.2,-24.48],[15.12,-11.44],[13.36,-26.159],[2.48,-17.6],[3.36,6.08]],"o":[[20.64,-25.76],[16.88,13.2],[-22,16.721],[-8.08,15.761],[-0.96,6.88],[-23.2,-41.199]],"v":[[-37.76,-47.24],[50.88,-69.72],[45.28,-17.88],[-9.2,35.08],[-24.56,85.56],[-38,88.12]],"c":true}]},{"i":{"x":0.667,"y":1},"o":{"x":0.333,"y":0},"t":165,"s":[{"i":[[-30.886,38.547],[-32.08,-25.171],[15.547,-11.763],[13.737,-26.897],[2.526,-18.1],[3.455,6.251]],"o":[[21.222,-26.487],[17.356,13.572],[-22.621,17.193],[-8.308,16.206],[-0.987,7.074],[-23.854,-42.361]],"v":[[-45.049,-56.079],[46.091,-79.194],[40.333,-25.891],[-15.683,28.563],[-31.477,80.467],[-45.296,83.099]],"c":true}]},{"t":180,"s":[{"i":[[-30,37.52],[-31.2,-24.48],[15.12,-11.44],[13.36,-26.159],[2.48,-17.6],[3.36,6.08]],"o":[[20.64,-25.76],[16.88,13.2],[-22,16.721],[-8.08,15.761],[-0.96,6.88],[-23.2,-41.199]],"v":[[-37.76,-47.24],[50.88,-69.72],[45.28,-17.88],[-9.2,35.08],[-24.56,85.56],[-38,88.12]],"c":true}]}],"ix":2},"nm":"Path 1","mn":"ADBE Vector Shape - Group","hd":false},{"ty":"fl","c":{"a":0,"k":[0.952999997606,0.525,0.670999983245,1],"ix":4},"o":{"a":0,"k":100,"ix":5},"r":1,"bm":0,"nm":"Fill 1","mn":"ADBE Vector Graphic - Fill","hd":false},{"ty":"tr","p":{"a":0,"k":[139.61,134.69],"ix":2},"a":{"a":0,"k":[0,0],"ix":1},"s":{"a":0,"k":[100,100],"ix":3},"r":{"a":0,"k":0,"ix":6},"o":{"a":0,"k":100,"ix":7},"sk":{"a":0,"k":0,"ix":4},"sa":{"a":0,"k":0,"ix":5},"nm":"Transform"}],"nm":"Group 2","np":2,"cix":2,"bm":0,"ix":1,"mn":"ADBE Vector Group","hd":false},{"ty":"gr","it":[{"ind":0,"ty":"sh","ix":1,"ks":{"a":1,"k":[{"i":{"x":0.833,"y":0.833},"o":{"x":0.167,"y":0.167},"t":68,"s":[{"i":[[-31.066,-0.76],[-5.463,-8.153],[2.181,3.556],[9.883,7.787],[38.014,1.69],[31.12,-26.4]],"o":[[49.074,1.2],[1.43,2.135],[-2.801,-4.569],[-8.25,-6.5],[-37.883,-1.684],[36.634,-14.23]],"v":[[96.14,-59.45],[184.177,-26.597],[188.516,-25.931],[167.464,-51.5],[97.2,-80.69],[-0.92,-41.27]],"c":true}]},{"i":{"x":0.833,"y":0.833},"o":{"x":0.167,"y":0.167},"t":106,"s":[{"i":[[-26.799,0],[-23.037,-81.98],[-3.171,7.051],[0,0],[79.91,0],[27.148,-26.4]],"o":[[82.492,0],[1.884,5.84],[3.171,-7.051],[-17.029,-62.32],[-33.081,0],[24.008,-18.08]],"v":[[-18.731,-69.987],[119.585,61.147],[130.969,60.218],[136.991,42.48],[-6.707,-80.56],[-101.901,-41.6]],"c":true}]},{"i":{"x":0.833,"y":0.833},"o":{"x":0.167,"y":0.167},"t":126,"s":[{"i":[[-30.72,0],[-15.12,-41.2],[-3.634,7.051],[0,0],[91.6,0],[31.12,-26.4]],"o":[[94.56,0],[2.16,5.84],[3.634,-7.051],[-19.52,-62.32],[-37.92,0],[27.52,-18.08]],"v":[[-46.36,-68.32],[110.28,74.48],[123.33,73.551],[136.92,42.48],[-27.8,-80.56],[-136.92,-41.6]],"c":true}]},{"i":{"x":0.667,"y":1},"o":{"x":0.167,"y":0.167},"t":156,"s":[{"i":[[-30.72,0],[-15.12,-41.2],[-3.634,7.051],[0,0],[91.6,0],[31.12,-26.4]],"o":[[94.56,0],[2.16,5.84],[3.634,-7.051],[-19.52,-62.32],[-37.92,0],[27.52,-18.08]],"v":[[-46.36,-68.32],[110.28,74.48],[123.33,73.551],[136.92,42.48],[-27.8,-80.56],[-136.92,-41.6]],"c":true}]},{"i":{"x":0.667,"y":1},"o":{"x":0.333,"y":0},"t":165,"s":[{"i":[[-31.587,0],[-15.546,-42.362],[-3.737,7.25],[0,0],[94.184,0],[31.998,-27.145]],"o":[[97.227,0],[2.221,6.005],[3.737,-7.25],[-20.071,-64.078],[-38.99,0],[28.296,-18.59]],"v":[[-51.539,-79.274],[109.519,67.554],[122.938,66.599],[136.911,34.652],[-32.456,-91.859],[-144.654,-51.8]],"c":true}]},{"t":180,"s":[{"i":[[-30.72,0],[-15.12,-41.2],[-2.48,5.759],[0,0],[91.6,0],[31.12,-26.4]],"o":[[94.56,0],[2.16,5.84],[0,0],[-19.52,-62.32],[-37.92,0],[27.52,-18.08]],"v":[[-46.36,-68.32],[110.28,74.48],[123.08,74.801],[136.92,42.48],[-27.8,-80.56],[-136.92,-41.6]],"c":true}]}],"ix":2},"nm":"Path 1","mn":"ADBE Vector Shape - Group","hd":false},{"ty":"fl","c":{"a":0,"k":[0.855000035903,0.180000005984,0.458999992819,1],"ix":4},"o":{"a":0,"k":100,"ix":5},"r":1,"bm":0,"nm":"Fill 1","mn":"ADBE Vector Graphic - Fill","hd":false},{"ty":"tr","p":{"a":0,"k":[223.01,80.81],"ix":2},"a":{"a":0,"k":[0,0],"ix":1},"s":{"a":0,"k":[100,100],"ix":3},"r":{"a":0,"k":0,"ix":6},"o":{"a":0,"k":100,"ix":7},"sk":{"a":0,"k":0,"ix":4},"sa":{"a":0,"k":0,"ix":5},"nm":"Transform"}],"nm":"Group 4","np":2,"cix":2,"bm":0,"ix":2,"mn":"ADBE Vector Group","hd":false},{"ty":"gr","it":[{"ind":0,"ty":"sh","ix":1,"ks":{"a":1,"k":[{"i":{"x":0.833,"y":0.833},"o":{"x":0.167,"y":0.167},"t":68,"s":[{"i":[[7.029,236.51],[84.935,0.69],[-10.299,-168.276],[0,0]],"o":[[-2.518,-84.739],[-91.117,-0.74],[14.574,238.132],[0,0]],"v":[[89.626,-116.51],[-41.28,-302.69],[-182.92,-66.132],[-1.08,302.56]],"c":true}]},{"i":{"x":0.833,"y":0.833},"o":{"x":0.167,"y":0.167},"t":106,"s":[{"i":[[0,0],[105.802,0],[-33.499,-164.159],[0,0]],"o":[[0,0],[-79.491,0],[33.499,164.161],[0,0]],"v":[[-1.289,-179.52],[-145.197,-302.56],[-281.846,-66.161],[-1.08,302.56]],"c":true}]},{"i":{"x":0.833,"y":0.833},"o":{"x":0.167,"y":0.167},"t":126,"s":[{"i":[[0,0],[121.28,0],[-38.4,-164.159],[0,0]],"o":[[0,0],[-91.12,0],[38.4,164.161],[0,0]],"v":[[-1.32,-179.52],[-166.28,-302.56],[-322.92,-66.161],[-1.08,302.56]],"c":true}]},{"i":{"x":0.667,"y":1},"o":{"x":0.167,"y":0.167},"t":156,"s":[{"i":[[0,0],[121.28,0],[-38.4,-164.159],[0,0]],"o":[[0,0],[-91.12,0],[38.4,164.161],[0,0]],"v":[[-1.32,-179.52],[-166.28,-302.56],[-322.92,-66.161],[-1.08,302.56]],"c":true}]},{"i":{"x":0.667,"y":1},"o":{"x":0.333,"y":0},"t":165,"s":[{"i":[[0,0],[124.701,0],[-39.483,-168.79],[0,0]],"o":[[0,0],[-93.69,0],[39.483,168.792],[0,0]],"v":[[-1.32,-187.348],[-170.933,-313.859],[-331.992,-70.792],[-1.08,302.56]],"c":true}]},{"t":180,"s":[{"i":[[0,0],[121.28,0],[-38.4,-164.159],[0,0]],"o":[[0,0],[-91.12,0],[38.4,164.161],[0,0]],"v":[[-1.32,-179.52],[-166.28,-302.56],[-322.92,-66.161],[-1.08,302.56]],"c":true}]}],"ix":2},"nm":"Path 1","mn":"ADBE Vector Shape - Group","hd":false},{"ty":"fl","c":{"a":0,"k":[0.936999990426,0.33300000359,0.573000021542,1],"ix":4},"o":{"a":0,"k":100,"ix":5},"r":1,"bm":0,"nm":"Fill 1","mn":"ADBE Vector Graphic - Fill","hd":false},{"ty":"tr","p":{"a":0,"k":[361.57,302.81],"ix":2},"a":{"a":0,"k":[0,0],"ix":1},"s":{"a":0,"k":[100,100],"ix":3},"r":{"a":0,"k":0,"ix":6},"o":{"a":0,"k":100,"ix":7},"sk":{"a":0,"k":0,"ix":4},"sa":{"a":0,"k":0,"ix":5},"nm":"Transform"}],"nm":"Group 5","np":2,"cix":2,"bm":0,"ix":3,"mn":"ADBE Vector Group","hd":false}],"ip":68,"op":210,"st":42,"bm":0},{"ddd":0,"ind":9,"ty":4,"nm":"Heart Half R 2","parent":1,"sr":1,"ks":{"o":{"a":0,"k":100,"ix":11},"r":{"a":0,"k":0,"ix":10},"p":{"a":0,"k":[512,512,0],"ix":2,"l":2},"a":{"a":0,"k":[360.224,302.81,0],"ix":1,"l":2},"s":{"a":0,"k":[100,100,100],"ix":6,"l":2}},"ao":0,"shapes":[{"ty":"gr","it":[{"ind":0,"ty":"sh","ix":1,"ks":{"a":1,"k":[{"i":{"x":0.833,"y":0.833},"o":{"x":0.167,"y":0.167},"t":68,"s":[{"i":[[0.742,-0.533],[1.825,6.4],[4.835,11.533],[-2.526,-0.825],[-4.644,-11.562]],"o":[[-0.742,0.533],[-1.593,-5.587],[-4.835,-11.533],[2.526,0.825],[6.77,16.856]],"v":[[-52.971,9.287],[-56.678,1.341],[-65.793,-22.55],[-69.345,-39.194],[-57.34,-19.928]],"c":true}]},{"i":{"x":0.833,"y":0.833},"o":{"x":0.167,"y":0.167},"t":86,"s":[{"i":[[18.923,-6.306],[1.525,12.38],[-5.374,9.657],[-11.189,0.154],[-0.323,-11.339]],"o":[[-11.48,3.826],[-1.305,-10.591],[5.552,-9.977],[14.761,-0.203],[0.363,12.757]],"v":[[-21.812,21.875],[-49.19,13.808],[-36.603,-30.371],[-12.123,-48.469],[10.239,-25.534]],"c":true}]},{"i":{"x":0.833,"y":0.833},"o":{"x":0.167,"y":0.167},"t":106,"s":[{"i":[[7.524,1.363],[-3.5,8.472],[-8.044,13.096],[-7.519,-14.393],[9.301,-11.161]],"o":[[-5.232,-0.948],[6.497,-15.653],[11.894,-19.309],[7.693,14.727],[-19.954,23.866]],"v":[[-66.871,44.008],[-70.61,24.712],[-48.619,-19.029],[-11.516,-33.283],[-19.084,18.111]],"c":true}]},{"i":{"x":0.833,"y":0.833},"o":{"x":0.167,"y":0.167},"t":126,"s":[{"i":[[13.92,0],[-3.52,8.96],[-10.16,14.32],[-18.16,-12.8],[13.04,-12.64]],"o":[[-9.68,0],[6.56,-16.56],[15.04,-21.12],[18.56,13.12],[-28,27.04]],"v":[[-38.08,49.36],[-51.04,31.04],[-25.84,-15.92],[36,-36.56],[39.12,15.36]],"c":true}]},{"i":{"x":0.667,"y":1},"o":{"x":0.167,"y":0.167},"t":156,"s":[{"i":[[13.92,0],[-3.52,8.96],[-10.16,14.32],[-18.16,-12.8],[13.04,-12.64]],"o":[[-9.68,0],[6.56,-16.56],[15.04,-21.12],[18.56,13.12],[-28,27.04]],"v":[[-38.08,49.36],[-51.04,31.04],[-25.84,-15.92],[36,-36.56],[39.12,15.36]],"c":true}]},{"i":{"x":0.667,"y":1},"o":{"x":0.333,"y":0},"t":165,"s":[{"i":[[13.118,0],[-3.317,8.96],[-9.575,14.32],[-17.096,-12.824],[12.289,-12.64]],"o":[[-9.122,0],[6.182,-16.56],[14.174,-21.12],[17.491,13.12],[-26.387,27.04]],"v":[[-45.863,49.36],[-58.077,31.04],[-34.328,-15.92],[23.949,-36.56],[26.889,15.36]],"c":true}]},{"t":180,"s":[{"i":[[13.92,0],[-3.52,8.96],[-10.16,14.32],[-18.16,-12.8],[13.04,-12.64]],"o":[[-9.68,0],[6.56,-16.56],[15.04,-21.12],[18.56,13.12],[-28,27.04]],"v":[[-38.08,49.36],[-51.04,31.04],[-25.84,-15.92],[36,-36.56],[39.12,15.36]],"c":true}]}],"ix":2},"nm":"Path 1","mn":"ADBE Vector Shape - Group","hd":false},{"ty":"fl","c":{"a":0,"k":[0.952999997606,0.525,0.670999983245,1],"ix":4},"o":{"a":0,"k":100,"ix":5},"r":1,"bm":0,"nm":"Fill 1","mn":"ADBE Vector Graphic - Fill","hd":false},{"ty":"tr","p":{"a":0,"k":[470.41,92.171],"ix":2},"a":{"a":0,"k":[0,0],"ix":1},"s":{"a":0,"k":[100,100],"ix":3},"r":{"a":0,"k":0,"ix":6},"o":{"a":0,"k":100,"ix":7},"sk":{"a":0,"k":0,"ix":4},"sa":{"a":0,"k":0,"ix":5},"nm":"Transform"}],"nm":"Group 1","np":2,"cix":2,"bm":0,"ix":1,"mn":"ADBE Vector Group","hd":false},{"ty":"gr","it":[{"ind":0,"ty":"sh","ix":1,"ks":{"a":1,"k":[{"i":{"x":0.833,"y":0.833},"o":{"x":0.167,"y":0.167},"t":68,"s":[{"i":[[99.334,1.89],[18.654,-22.31],[-49.256,-0.896],[-1.227,-176.092],[17.934,-46.16],[0,0],[-1.053,153.384]],"o":[[-62.157,-1.183],[10.654,-7.31],[90.754,1.65],[0.872,125.179],[-3.52,3.92],[0,0],[1.052,-153.298]],"v":[[-220.28,-302.85],[-324.6,-257.15],[-226.7,-296.61],[-86.719,-49.868],[-174.88,292.2],[-179.6,302.52],[-82.261,-55.662]],"c":true}]},{"i":{"x":0.833,"y":0.833},"o":{"x":0.167,"y":0.167},"t":86,"s":[{"i":[[90.144,0.995],[18.395,-17.767],[-33.337,-0.471],[14.298,-166.647],[32.343,-53.701],[0,0],[-16.486,158.493]],"o":[[-44.814,-0.622],[11.624,-6.5],[84.797,0.868],[-12.373,129.395],[-3.315,3.92],[0,0],[16.477,-158.405]],"v":[[-136.415,-302.694],[-222.202,-268.599],[-150.565,-293.612],[-21.675,-57.794],[-177.722,294.138],[-179.857,302.181],[13.774,-61.085]],"c":true}]},{"i":{"x":0.833,"y":0.833},"o":{"x":0.167,"y":0.167},"t":106,"s":[{"i":[[79.933,0],[18.106,-12.72],[-15.65,0],[31.548,-156.152],[48.353,-62.08],[0,0],[-33.634,164.17]],"o":[[-25.545,0],[12.702,-5.6],[78.178,0],[-27.089,134.08],[-3.088,3.92],[0,0],[33.615,-164.08]],"v":[[-43.232,-302.52],[-108.427,-281.32],[-65.97,-290.28],[50.596,-66.6],[-178.237,295.949],[-179.565,302.312],[94.106,-66.2]],"c":true}]},{"i":{"x":0.833,"y":0.833},"o":{"x":0.167,"y":0.167},"t":126,"s":[{"i":[[91.12,0],[20.64,-12.72],[-17.84,0],[35.92,-156.16],[55.12,-62.08],[0,0],[-38.4,164.159]],"o":[[-29.12,0],[14.48,-5.6],[89.12,0],[-30.88,134.08],[-3.52,3.92],[0,0],[38.32,-164.08]],"v":[[-15.28,-302.52],[-89.6,-281.32],[-41.2,-290.28],[91.68,-66.6],[-174.88,292.2],[-179.6,302.52],[141.28,-66.2]],"c":true}]},{"i":{"x":0.667,"y":1},"o":{"x":0.167,"y":0.167},"t":156,"s":[{"i":[[91.12,0],[20.64,-12.72],[-17.84,0],[35.92,-156.16],[55.12,-62.08],[0,0],[-38.4,164.159]],"o":[[-29.12,0],[14.48,-5.6],[89.12,0],[-30.88,134.08],[-3.52,3.92],[0,0],[38.32,-164.08]],"v":[[-15.28,-302.52],[-89.6,-281.32],[-41.2,-290.28],[91.68,-66.6],[-174.88,292.2],[-179.6,302.52],[141.28,-66.2]],"c":true}]},{"i":{"x":0.667,"y":1},"o":{"x":0.333,"y":0},"t":165,"s":[{"i":[[85.871,0],[19.451,-12.72],[-16.812,0],[33.891,-156.151],[51.945,-62.08],[0,0],[-36.133,164.171]],"o":[[-27.442,0],[13.646,-5.6],[83.986,0],[-29.101,134.08],[-3.317,3.92],[0,0],[36.112,-164.08]],"v":[[-28.396,-302.52],[-98.434,-281.32],[-52.822,-290.28],[72.403,-66.6],[-178.801,292.2],[-179.604,302.461],[119.145,-66.2]],"c":true}]},{"t":180,"s":[{"i":[[91.12,0],[20.64,-12.72],[-17.84,0],[35.92,-156.16],[55.12,-62.08],[0,0],[-38.4,164.159]],"o":[[-29.12,0],[14.48,-5.6],[89.12,0],[-30.88,134.08],[-3.52,3.92],[0,0],[38.32,-164.08]],"v":[[-15.28,-302.52],[-89.6,-281.32],[-41.2,-290.28],[91.68,-66.6],[-174.88,292.2],[-179.6,302.52],[141.28,-66.2]],"c":true}]}],"ix":2},"nm":"Path 1","mn":"ADBE Vector Shape - Group","hd":false},{"ty":"fl","c":{"a":0,"k":[0.855000035903,0.180000005984,0.458999992819,1],"ix":4},"o":{"a":0,"k":100,"ix":5},"r":1,"bm":0,"nm":"Fill 1","mn":"ADBE Vector Graphic - Fill","hd":false},{"ty":"tr","p":{"a":0,"k":[540.17,302.77],"ix":2},"a":{"a":0,"k":[0,0],"ix":1},"s":{"a":0,"k":[100,100],"ix":3},"r":{"a":0,"k":0,"ix":6},"o":{"a":0,"k":100,"ix":7},"sk":{"a":0,"k":0,"ix":4},"sa":{"a":0,"k":0,"ix":5},"nm":"Transform"}],"nm":"Group 3","np":2,"cix":2,"bm":0,"ix":2,"mn":"ADBE Vector Group","hd":false},{"ty":"gr","it":[{"ind":0,"ty":"sh","ix":1,"ks":{"a":1,"k":[{"i":{"x":0.833,"y":0.833},"o":{"x":0.167,"y":0.167},"t":68,"s":[{"i":[[90.334,-0.11],[1.271,-55.512],[0,0],[-1.113,153.386]],"o":[[-120.4,0.147],[-6.971,304.51],[0,0],[1.113,-153.384]],"v":[[-41.68,-302.89],[-188.374,-132.51],[-1.08,302.56],[96.279,-55.616]],"c":true}]},{"i":{"x":0.833,"y":0.833},"o":{"x":0.167,"y":0.167},"t":86,"s":[{"i":[[88.432,-0.325],[9.257,-50.269],[0,0],[-16.542,158.49]],"o":[[-103.951,0.342],[-29.858,224.462],[0,0],[16.542,-158.488]],"v":[[42.185,-302.734],[-103.435,-154.778],[-1.332,302.22],[179.816,-60.611]],"c":true}]},{"i":{"x":0.833,"y":0.833},"o":{"x":0.167,"y":0.167},"t":106,"s":[{"i":[[86.318,-0.564],[18.132,-44.444],[0,0],[-33.686,164.161]],"o":[[-85.674,0.56],[-55.287,135.52],[0,0],[33.685,-164.159]],"v":[[135.368,-302.56],[-9.058,-179.52],[-1.035,302.351],[272.636,-66.161]],"c":true}]},{"i":{"x":0.833,"y":0.833},"o":{"x":0.167,"y":0.167},"t":126,"s":[{"i":[[98.399,-0.564],[20.669,-44.444],[0,0],[-38.4,164.161]],"o":[[-97.665,0.56],[-63.026,135.52],[0,0],[38.4,-164.159]],"v":[[163.32,-302.56],[-1.32,-179.52],[-1.08,302.56],[319.8,-66.161]],"c":true}]},{"i":{"x":0.667,"y":1},"o":{"x":0.167,"y":0.167},"t":156,"s":[{"i":[[98.399,-0.564],[20.669,-44.444],[0,0],[-38.4,164.161]],"o":[[-97.665,0.56],[-63.026,135.52],[0,0],[38.4,-164.159]],"v":[[163.32,-302.56],[-1.32,-179.52],[-1.08,302.56],[319.8,-66.161]],"c":true}]},{"i":{"x":0.667,"y":1},"o":{"x":0.333,"y":0},"t":165,"s":[{"i":[[92.73,-0.564],[19.478,-44.444],[0,0],[-36.188,164.161]],"o":[[-92.039,0.56],[-59.395,135.52],[0,0],[36.188,-164.159]],"v":[[150.204,-302.56],[-4.951,-179.52],[-1.079,302.501],[297.67,-66.161]],"c":true}]},{"t":180,"s":[{"i":[[98.399,-0.564],[20.669,-44.444],[0,0],[-38.4,164.161]],"o":[[-97.665,0.56],[-63.026,135.52],[0,0],[38.4,-164.159]],"v":[[163.32,-302.56],[-1.32,-179.52],[-1.08,302.56],[319.8,-66.161]],"c":true}]}],"ix":2},"nm":"Path 1","mn":"ADBE Vector Shape - Group","hd":false},{"ty":"fl","c":{"a":0,"k":[0.936999990426,0.33300000359,0.573000021542,1],"ix":4},"o":{"a":0,"k":100,"ix":5},"r":1,"bm":0,"nm":"Fill 1","mn":"ADBE Vector Graphic - Fill","hd":false},{"ty":"tr","p":{"a":0,"k":[361.57,302.81],"ix":2},"a":{"a":0,"k":[0,0],"ix":1},"s":{"a":0,"k":[100,100],"ix":3},"r":{"a":0,"k":0,"ix":6},"o":{"a":0,"k":100,"ix":7},"sk":{"a":0,"k":0,"ix":4},"sa":{"a":0,"k":0,"ix":5},"nm":"Transform"}],"nm":"Group 5","np":2,"cix":2,"bm":0,"ix":3,"mn":"ADBE Vector Group","hd":false}],"ip":68,"op":210,"st":42,"bm":0},{"ddd":0,"ind":10,"ty":4,"nm":"ARROW BOTTOM 2","parent":3,"sr":1,"ks":{"o":{"a":0,"k":100,"ix":11},"r":{"a":0,"k":0,"ix":10},"p":{"a":0,"k":[0,0,0],"ix":2,"l":2},"a":{"a":0,"k":[0,0,0],"ix":1,"l":2},"s":{"a":0,"k":[100,100,100],"ix":6,"l":2}},"ao":0,"shapes":[{"ty":"gr","it":[{"ind":0,"ty":"sh","ix":1,"ks":{"a":1,"k":[{"i":{"x":0.833,"y":0.833},"o":{"x":0.167,"y":0.167},"t":156,"s":[{"i":[[0,0],[0,0],[1.04,6.16],[-5.44,5.36],[10.08,10.24],[0.072,-1.36],[2.8,-8.72],[17.36,14.88],[1.36,1.36],[-4.88,-4.88],[-16.284,26.213],[-1.431,6.082],[-0.8,1.6],[0,0],[0,0]],"o":[[0,0],[-7.04,-7.76],[-1.2,-7.52],[-14.32,-1.28],[0.48,0],[-0.48,9.12],[-8.08,24.64],[-1.44,-1.28],[3.2,6.08],[17.92,17.92],[3.28,-5.28],[0.64,-2.72],[0,0],[0,0],[0,0]],"v":[[-96.924,-76.943],[-307.324,-289.503],[-317.804,-311.023],[-312.044,-332.303],[-351.644,-346.863],[-351.484,-326.703],[-356.124,-299.743],[-419.324,-279.183],[-423.484,-283.103],[-411.484,-266.303],[-346.364,-276.143],[-339.404,-293.343],[-337.804,-300.223],[-97.004,-56.943],[-97.004,-76.943]],"c":true}]},{"i":{"x":0,"y":1},"o":{"x":0.167,"y":0.167},"t":164,"s":[{"i":[[0,0],[0,0],[1.04,6.16],[-5.44,5.36],[10.08,10.24],[0.072,-1.36],[2.8,-8.72],[17.36,14.88],[1.36,1.36],[-4.88,-4.88],[-16.284,26.213],[-1.431,6.082],[-0.8,1.6],[0,0],[0,0]],"o":[[0,0],[-7.04,-7.76],[-1.2,-7.52],[-14.32,-1.28],[0.48,0],[-0.48,9.12],[-8.08,24.64],[-1.44,-1.28],[3.2,6.08],[17.92,17.92],[3.28,-5.28],[0.64,-2.72],[0,0],[0,0],[0,0]],"v":[[-150.373,-136.733],[-360.773,-349.293],[-371.253,-370.813],[-365.493,-392.093],[-405.093,-406.653],[-404.933,-386.493],[-409.573,-359.533],[-472.773,-338.973],[-476.933,-342.893],[-464.933,-326.093],[-399.813,-335.933],[-392.853,-353.133],[-391.253,-360.013],[-150.453,-116.733],[-150.453,-136.733]],"c":true}]},{"t":180,"s":[{"i":[[0,0],[0,0],[1.04,6.16],[-5.44,5.36],[10.08,10.24],[0.072,-1.36],[2.8,-8.72],[17.36,14.88],[1.36,1.36],[-4.88,-4.88],[-16.284,26.213],[-1.431,6.082],[-0.8,1.6],[0,0],[0,0]],"o":[[0,0],[-7.04,-7.76],[-1.2,-7.52],[-14.32,-1.28],[0.48,0],[-0.48,9.12],[-8.08,24.64],[-1.44,-1.28],[3.2,6.08],[17.92,17.92],[3.28,-5.28],[0.64,-2.72],[0,0],[0,0],[0,0]],"v":[[-185.06,-174.52],[-395.46,-387.08],[-405.94,-408.6],[-400.18,-429.88],[-439.78,-444.44],[-439.62,-424.28],[-444.26,-397.32],[-507.46,-376.76],[-511.62,-380.68],[-499.62,-363.88],[-434.5,-373.72],[-427.54,-390.92],[-425.94,-397.8],[-185.14,-154.52],[-185.14,-174.52]],"c":true}]}],"ix":2},"nm":"Path 1","mn":"ADBE Vector Shape - Group","hd":false},{"ty":"fl","c":{"a":0,"k":[0.776470601559,0.458823531866,0,1],"ix":4},"o":{"a":0,"k":100,"ix":5},"r":1,"bm":0,"nm":"Fill 1","mn":"ADBE Vector Graphic - Fill","hd":false},{"ty":"tr","p":{"a":0,"k":[0,0],"ix":2},"a":{"a":0,"k":[0,0],"ix":1},"s":{"a":0,"k":[100,100],"ix":3},"r":{"a":0,"k":0,"ix":6},"o":{"a":0,"k":100,"ix":7},"sk":{"a":0,"k":0,"ix":4},"sa":{"a":0,"k":0,"ix":5},"nm":"Transform"}],"nm":"Group 1","np":2,"cix":2,"bm":0,"ix":1,"mn":"ADBE Vector Group","hd":false},{"ty":"gr","it":[{"ind":0,"ty":"sh","ix":1,"ks":{"a":1,"k":[{"i":{"x":0.833,"y":0.833},"o":{"x":0.167,"y":0.167},"t":156,"s":[{"i":[[17.96,17.96],[4.32,2.64],[22.179,-13.57],[0,0],[7.347,-22.404],[17.36,14.88],[1.36,1.36],[-4.88,-4.88],[-16.272,26.22],[1.28,3.92],[-22.4,13.84]],"o":[[-3.6,-3.6],[10.48,17.68],[-24.32,14.88],[0,0],[-8.08,24.64],[-1.44,-1.28],[3.2,6.08],[17.92,17.92],[15.44,-24.88],[8.64,2.64],[26.24,-16.16]],"v":[[-271.564,-406.223],[-283.564,-415.503],[-296.044,-356.703],[-351.884,-347.343],[-356.044,-299.823],[-419.244,-279.263],[-423.404,-283.183],[-411.404,-266.383],[-346.284,-276.223],[-341.644,-337.103],[-281.404,-341.103]],"c":true}]},{"i":{"x":0,"y":1},"o":{"x":0.167,"y":0.167},"t":164,"s":[{"i":[[17.96,17.96],[4.32,2.64],[22.179,-13.57],[0,0],[7.347,-22.404],[17.36,14.88],[1.36,1.36],[-4.88,-4.88],[-16.272,26.22],[1.28,3.92],[-22.4,13.84]],"o":[[-3.6,-3.6],[10.48,17.68],[-24.32,14.88],[0,0],[-8.08,24.64],[-1.44,-1.28],[3.2,6.08],[17.92,17.92],[15.44,-24.88],[8.64,2.64],[26.24,-16.16]],"v":[[-325.013,-466.013],[-337.013,-475.293],[-349.493,-416.493],[-405.333,-407.133],[-409.493,-359.613],[-472.693,-339.053],[-476.853,-342.973],[-464.853,-326.173],[-399.733,-336.013],[-395.093,-396.893],[-334.853,-400.893]],"c":true}]},{"t":180,"s":[{"i":[[17.96,17.96],[4.32,2.64],[22.179,-13.57],[0,0],[7.347,-22.404],[17.36,14.88],[1.36,1.36],[-4.88,-4.88],[-16.272,26.22],[1.28,3.92],[-22.4,13.84]],"o":[[-3.6,-3.6],[10.48,17.68],[-24.32,14.88],[0,0],[-8.08,24.64],[-1.44,-1.28],[3.2,6.08],[17.92,17.92],[15.44,-24.88],[8.64,2.64],[26.24,-16.16]],"v":[[-359.7,-503.8],[-371.7,-513.08],[-384.18,-454.28],[-440.02,-444.92],[-444.18,-397.4],[-507.38,-376.84],[-511.54,-380.76],[-499.54,-363.96],[-434.42,-373.8],[-429.78,-434.68],[-369.54,-438.68]],"c":true}]}],"ix":2},"nm":"Path 1","mn":"ADBE Vector Shape - Group","hd":false},{"ty":"fl","c":{"a":0,"k":[1,0.627451002598,0,1],"ix":4},"o":{"a":0,"k":100,"ix":5},"r":1,"bm":0,"nm":"Fill 1","mn":"ADBE Vector Graphic - Fill","hd":false},{"ty":"tr","p":{"a":0,"k":[0,0],"ix":2},"a":{"a":0,"k":[0,0],"ix":1},"s":{"a":0,"k":[100,100],"ix":3},"r":{"a":0,"k":0,"ix":6},"o":{"a":0,"k":100,"ix":7},"sk":{"a":0,"k":0,"ix":4},"sa":{"a":0,"k":0,"ix":5},"nm":"Transform"}],"nm":"Group 2","np":2,"cix":2,"bm":0,"ix":2,"mn":"ADBE Vector Group","hd":false},{"ty":"gr","it":[{"ind":0,"ty":"sh","ix":1,"ks":{"a":1,"k":[{"i":{"x":0.833,"y":0.833},"o":{"x":0.167,"y":0.167},"t":156,"s":[{"i":[[-16.272,26.22],[1.28,3.92],[-22.4,13.84],[17.92,17.92],[0,0],[0,0],[-0.48,-5.52],[0,0],[-21.92,-21.92]],"o":[[15.44,-24.88],[8.64,2.64],[26.16,-16.24],[-21.92,-21.92],[0,0],[-5.52,-0.56],[0,0],[0,0],[18,17.92]],"v":[[-346.284,-276.143],[-341.644,-337.023],[-281.404,-341.023],[-271.564,-406.143],[-333.644,-431.103],[-437.084,-441.343],[-446.684,-431.743],[-436.444,-328.383],[-411.484,-266.303]],"c":true}]},{"i":{"x":0,"y":1},"o":{"x":0.167,"y":0.167},"t":164,"s":[{"i":[[-16.272,26.22],[1.28,3.92],[-22.4,13.84],[17.92,17.92],[0,0],[0,0],[-0.48,-5.52],[0,0],[-21.92,-21.92]],"o":[[15.44,-24.88],[8.64,2.64],[26.16,-16.24],[-21.92,-21.92],[0,0],[-5.52,-0.56],[0,0],[0,0],[18,17.92]],"v":[[-399.733,-335.933],[-395.093,-396.813],[-334.853,-400.813],[-325.013,-465.933],[-387.093,-490.893],[-490.533,-501.133],[-500.133,-491.533],[-489.893,-388.173],[-464.933,-326.093]],"c":true}]},{"t":180,"s":[{"i":[[-16.272,26.22],[1.28,3.92],[-22.4,13.84],[17.92,17.92],[0,0],[0,0],[-0.48,-5.52],[0,0],[-21.92,-21.92]],"o":[[15.44,-24.88],[8.64,2.64],[26.16,-16.24],[-21.92,-21.92],[0,0],[-5.52,-0.56],[0,0],[0,0],[18,17.92]],"v":[[-434.42,-373.72],[-429.78,-434.6],[-369.54,-438.6],[-359.7,-503.72],[-421.78,-528.68],[-525.22,-538.92],[-534.82,-529.32],[-524.58,-425.96],[-499.62,-363.88]],"c":true}]}],"ix":2},"nm":"Path 1","mn":"ADBE Vector Shape - Group","hd":false},{"ty":"fl","c":{"a":0,"k":[1,0.75686275959,0.027450980619,1],"ix":4},"o":{"a":0,"k":100,"ix":5},"r":1,"bm":0,"nm":"Fill 1","mn":"ADBE Vector Graphic - Fill","hd":false},{"ty":"tr","p":{"a":0,"k":[0,0],"ix":2},"a":{"a":0,"k":[0,0],"ix":1},"s":{"a":0,"k":[100,100],"ix":3},"r":{"a":0,"k":0,"ix":6},"o":{"a":0,"k":100,"ix":7},"sk":{"a":0,"k":0,"ix":4},"sa":{"a":0,"k":0,"ix":5},"nm":"Transform"}],"nm":"Group 3","np":2,"cix":2,"bm":0,"ix":3,"mn":"ADBE Vector Group","hd":false},{"ty":"gr","it":[{"ind":0,"ty":"sh","ix":1,"ks":{"a":1,"k":[{"i":{"x":0.833,"y":0.833},"o":{"x":0.167,"y":0.167},"t":156,"s":[{"i":[[0,0],[0,0],[9.36,-9.2],[-9.2,-9.36],[0,0]],"o":[[0,0],[-9.2,-9.36],[-9.36,9.2],[0,0],[0,0]],"v":[[-96.924,-124.383],[-368.044,-398.303],[-401.644,-398.463],[-401.804,-364.863],[-96.924,-56.863]],"c":true}]},{"i":{"x":0,"y":1},"o":{"x":0.167,"y":0.167},"t":164,"s":[{"i":[[0,0],[0,0],[9.36,-9.2],[-9.2,-9.36],[0,0]],"o":[[0,0],[-9.2,-9.36],[-9.36,9.2],[0,0],[0,0]],"v":[[-150.373,-184.173],[-421.493,-458.093],[-455.093,-458.253],[-455.253,-424.653],[-150.373,-116.653]],"c":true}]},{"t":180,"s":[{"i":[[0,0],[0,0],[9.36,-9.2],[-9.2,-9.36],[0,0]],"o":[[0,0],[-9.2,-9.36],[-9.36,9.2],[0,0],[0,0]],"v":[[-185.06,-221.96],[-456.18,-495.88],[-489.78,-496.04],[-489.94,-462.44],[-185.06,-154.44]],"c":true}]}],"ix":2},"nm":"Path 1","mn":"ADBE Vector Shape - Group","hd":false},{"ty":"fl","c":{"a":0,"k":[1,0.627451002598,0,1],"ix":4},"o":{"a":0,"k":100,"ix":5},"r":1,"bm":0,"nm":"Fill 1","mn":"ADBE Vector Graphic - Fill","hd":false},{"ty":"tr","p":{"a":0,"k":[0,0],"ix":2},"a":{"a":0,"k":[0,0],"ix":1},"s":{"a":0,"k":[100,100],"ix":3},"r":{"a":0,"k":0,"ix":6},"o":{"a":0,"k":100,"ix":7},"sk":{"a":0,"k":0,"ix":4},"sa":{"a":0,"k":0,"ix":5},"nm":"Transform"}],"nm":"Group 4","np":2,"cix":2,"bm":0,"ix":4,"mn":"ADBE Vector Group","hd":false}],"ip":156,"op":210,"st":156,"bm":0},{"ddd":0,"ind":11,"ty":4,"nm":"Heart Half R","parent":2,"sr":1,"ks":{"o":{"a":0,"k":100,"ix":11},"r":{"a":0,"k":0,"ix":10},"p":{"a":0,"k":[512,512,0],"ix":2,"l":2},"a":{"a":0,"k":[360.224,302.81,0],"ix":1,"l":2},"s":{"a":0,"k":[100,100,100],"ix":6,"l":2}},"ao":0,"shapes":[{"ty":"gr","it":[{"ind":0,"ty":"sh","ix":1,"ks":{"a":1,"k":[{"i":{"x":0.833,"y":0.833},"o":{"x":0.167,"y":0.167},"t":0,"s":[{"i":[[13.92,0],[-3.52,8.96],[-10.16,14.32],[-18.16,-12.8],[13.04,-12.64]],"o":[[-9.68,0],[6.56,-16.56],[15.04,-21.12],[18.56,13.12],[-28,27.04]],"v":[[-38.08,49.36],[-51.04,31.04],[-25.84,-15.92],[36,-36.56],[39.12,15.36]],"c":true}]},{"i":{"x":0.833,"y":0.833},"o":{"x":0.167,"y":0.167},"t":24,"s":[{"i":[[11.497,-0.209],[-1.895,10.616],[-8.562,18.289],[-17.38,-9.636],[10.965,-17.161]],"o":[[-8.771,0.209],[3.896,-14.885],[11.699,-22.66],[17.638,9.841],[-21.765,30.555]],"v":[[-137.694,66.037],[-150.639,47.916],[-133.423,-1.727],[-81.54,-26.914],[-72.385,23.002]],"c":true}]},{"t":68,"s":[{"i":[[7.136,-0.585],[1.63,13.538],[-10.314,30.818],[-15.977,-3.94],[7.23,-25.299]],"o":[[-7.136,0.585],[-2.969,-24.653],[8.27,-24.713],[15.977,3.94],[-10.541,36.883]],"v":[[-256.8,127.055],[-272.216,109.293],[-259.872,23.821],[-224.413,-9.55],[-206.394,36.257]],"c":true}]}],"ix":2},"nm":"Path 1","mn":"ADBE Vector Shape - Group","hd":false},{"ty":"fl","c":{"a":0,"k":[0.952999997606,0.525,0.670999983245,1],"ix":4},"o":{"a":0,"k":100,"ix":5},"r":1,"bm":0,"nm":"Fill 1","mn":"ADBE Vector Graphic - Fill","hd":false},{"ty":"tr","p":{"a":0,"k":[470.41,92.171],"ix":2},"a":{"a":0,"k":[0,0],"ix":1},"s":{"a":0,"k":[100,100],"ix":3},"r":{"a":0,"k":0,"ix":6},"o":{"a":0,"k":100,"ix":7},"sk":{"a":0,"k":0,"ix":4},"sa":{"a":0,"k":0,"ix":5},"nm":"Transform"}],"nm":"Group 1","np":2,"cix":2,"bm":0,"ix":1,"mn":"ADBE Vector Group","hd":false},{"ty":"gr","it":[{"ind":0,"ty":"sh","ix":1,"ks":{"a":1,"k":[{"i":{"x":0.833,"y":0.833},"o":{"x":0.167,"y":0.167},"t":0,"s":[{"i":[[91.12,0],[20.64,-12.72],[-17.84,0],[35.92,-156.16],[55.12,-62.08],[0,0],[-38.4,164.159]],"o":[[-29.12,0],[14.48,-5.6],[89.12,0],[-30.88,134.08],[-3.52,3.92],[0,0],[38.32,-164.08]],"v":[[-15.28,-302.52],[-89.6,-281.32],[-41.2,-290.28],[91.68,-66.6],[-174.88,292.2],[-179.6,302.52],[141.28,-66.2]],"c":true}]},{"t":68,"s":[{"i":[[99.334,1.89],[18.654,-22.31],[-49.219,-2.116],[0.509,-145.787],[22.934,-89.16],[0,0],[-1.053,153.384]],"o":[[-62.157,-1.183],[10.654,-7.31],[73.254,3.15],[-0.437,125.182],[-3.52,3.92],[0,0],[1.052,-153.298]],"v":[[-220.28,-302.85],[-324.6,-257.15],[-246.7,-277.61],[-117.719,-50.029],[-174.88,292.2],[-179.6,302.52],[-82.261,-55.662]],"c":true}]}],"ix":2},"nm":"Path 1","mn":"ADBE Vector Shape - Group","hd":false},{"ty":"fl","c":{"a":0,"k":[0.855000035903,0.180000005984,0.458999992819,1],"ix":4},"o":{"a":0,"k":100,"ix":5},"r":1,"bm":0,"nm":"Fill 1","mn":"ADBE Vector Graphic - Fill","hd":false},{"ty":"tr","p":{"a":0,"k":[540.17,302.77],"ix":2},"a":{"a":0,"k":[0,0],"ix":1},"s":{"a":0,"k":[100,100],"ix":3},"r":{"a":0,"k":0,"ix":6},"o":{"a":0,"k":100,"ix":7},"sk":{"a":0,"k":0,"ix":4},"sa":{"a":0,"k":0,"ix":5},"nm":"Transform"}],"nm":"Group 3","np":2,"cix":2,"bm":0,"ix":2,"mn":"ADBE Vector Group","hd":false},{"ty":"gr","it":[{"ind":0,"ty":"sh","ix":1,"ks":{"a":1,"k":[{"i":{"x":0.833,"y":0.833},"o":{"x":0.167,"y":0.167},"t":0,"s":[{"i":[[98.399,-0.564],[20.669,-44.444],[0,0],[-38.4,164.161]],"o":[[-97.665,0.56],[-63.026,135.52],[0,0],[38.4,-164.159]],"v":[[163.32,-302.56],[-1.32,-179.52],[-1.08,302.56],[319.8,-66.161]],"c":true}]},{"t":68,"s":[{"i":[[90.334,-0.11],[1.271,-55.512],[0,0],[-1.113,153.386]],"o":[[-120.4,0.147],[-6.971,304.51],[0,0],[1.113,-153.384]],"v":[[-41.68,-302.89],[-188.374,-132.51],[-1.08,302.56],[96.279,-55.616]],"c":true}]}],"ix":2},"nm":"Path 1","mn":"ADBE Vector Shape - Group","hd":false},{"ty":"fl","c":{"a":0,"k":[0.936999990426,0.33300000359,0.573000021542,1],"ix":4},"o":{"a":0,"k":100,"ix":5},"r":1,"bm":0,"nm":"Fill 1","mn":"ADBE Vector Graphic - Fill","hd":false},{"ty":"tr","p":{"a":0,"k":[361.57,302.81],"ix":2},"a":{"a":0,"k":[0,0],"ix":1},"s":{"a":0,"k":[100,100],"ix":3},"r":{"a":0,"k":0,"ix":6},"o":{"a":0,"k":100,"ix":7},"sk":{"a":0,"k":0,"ix":4},"sa":{"a":0,"k":0,"ix":5},"nm":"Transform"}],"nm":"Group 5","np":2,"cix":2,"bm":0,"ix":3,"mn":"ADBE Vector Group","hd":false}],"ip":0,"op":68,"st":0,"bm":0},{"ddd":0,"ind":12,"ty":4,"nm":"Heart Half L","parent":2,"sr":1,"ks":{"o":{"a":0,"k":100,"ix":11},"r":{"a":0,"k":0,"ix":10},"p":{"a":0,"k":[512,512,0],"ix":2,"l":2},"a":{"a":0,"k":[360.224,302.81,0],"ix":1,"l":2},"s":{"a":0,"k":[100,100,100],"ix":6,"l":2}},"ao":0,"shapes":[{"ty":"gr","it":[{"ind":0,"ty":"sh","ix":1,"ks":{"a":1,"k":[{"i":{"x":0.833,"y":0.833},"o":{"x":0.167,"y":0.167},"t":0,"s":[{"i":[[-30,37.52],[-31.2,-24.48],[15.12,-11.44],[13.36,-26.159],[2.48,-17.6],[3.36,6.08]],"o":[[20.64,-25.76],[16.88,13.2],[-22,16.721],[-8.08,15.761],[-0.96,6.88],[-23.2,-41.199]],"v":[[-37.76,-47.24],[50.88,-69.72],[45.28,-17.88],[-9.2,35.08],[-24.56,85.56],[-38,88.12]],"c":true}]},{"i":{"x":0.833,"y":0.833},"o":{"x":0.167,"y":0.167},"t":24,"s":[{"i":[[-18.923,35.814],[-13.416,-25.908],[8.785,-10.624],[5.974,-10.555],[3.209,-7.094],[1.151,13.277]],"o":[[12.995,-24.596],[7.241,13.984],[-12.791,15.533],[-5.974,10.555],[-3.209,7.094],[-1.151,-13.277]],"v":[[-38.234,-48.288],[8.863,-66.2],[0.905,-14.896],[-27.411,17.065],[-41.677,44.526],[-55.234,38.398]],"c":true}]},{"t":44,"s":[{"i":[[-15.927,32.621],[13.261,-20.421],[2.59,-10.544],[1.637,-14.395],[-0.169,-4.507],[0.062,1.597]],"o":[[10.937,-22.401],[-7.494,11.54],[-3.71,15.106],[-0.987,8.675],[0.066,1.762],[-0.417,-10.824]],"v":[[3.461,-47.372],[12.365,-64.489],[-7.051,-16.736],[-12.519,20.264],[-13.45,34.738],[-13.434,35.27]],"c":true}]}],"ix":2},"nm":"Path 1","mn":"ADBE Vector Shape - Group","hd":false},{"ty":"fl","c":{"a":0,"k":[0.952999997606,0.525,0.670999983245,1],"ix":4},"o":{"a":0,"k":100,"ix":5},"r":1,"bm":0,"nm":"Fill 1","mn":"ADBE Vector Graphic - Fill","hd":false},{"ty":"tr","p":{"a":0,"k":[139.61,134.69],"ix":2},"a":{"a":0,"k":[0,0],"ix":1},"s":{"a":0,"k":[100,100],"ix":3},"r":{"a":0,"k":0,"ix":6},"o":{"a":1,"k":[{"i":{"x":[0.833],"y":[0.833]},"o":{"x":[0.167],"y":[0.167]},"t":42,"s":[100]},{"t":44,"s":[0]}],"ix":7},"sk":{"a":0,"k":0,"ix":4},"sa":{"a":0,"k":0,"ix":5},"nm":"Transform"}],"nm":"Group 2","np":2,"cix":2,"bm":0,"ix":1,"mn":"ADBE Vector Group","hd":false},{"ty":"gr","it":[{"ind":0,"ty":"sh","ix":1,"ks":{"a":1,"k":[{"i":{"x":0.833,"y":0.833},"o":{"x":0.167,"y":0.167},"t":0,"s":[{"i":[[-30.72,0],[-15.12,-41.2],[-2.48,5.759],[0,0],[91.6,0],[31.12,-26.4]],"o":[[94.56,0],[2.16,5.84],[0,0],[-19.52,-62.32],[-37.92,0],[27.52,-18.08]],"v":[[-46.36,-68.32],[110.28,74.48],[123.08,74.801],[136.92,42.48],[-27.8,-80.56],[-136.92,-41.6]],"c":true}]},{"t":68,"s":[{"i":[[-38.926,-30.55],[0,0],[0,0],[0,0],[77.514,-0.81],[31.12,-26.4]],"o":[[51.136,40.133],[0,0],[0,0],[0,0],[-37.918,0.396],[26.134,-5.23]],"v":[[105.14,-25.45],[154.927,119.774],[158.266,116.189],[200.964,-3.5],[97.2,-80.69],[-0.92,-41.27]],"c":true}]}],"ix":2},"nm":"Path 1","mn":"ADBE Vector Shape - Group","hd":false},{"ty":"fl","c":{"a":0,"k":[0.855000035903,0.180000005984,0.458999992819,1],"ix":4},"o":{"a":0,"k":100,"ix":5},"r":1,"bm":0,"nm":"Fill 1","mn":"ADBE Vector Graphic - Fill","hd":false},{"ty":"tr","p":{"a":0,"k":[223.01,80.81],"ix":2},"a":{"a":0,"k":[0,0],"ix":1},"s":{"a":0,"k":[100,100],"ix":3},"r":{"a":0,"k":0,"ix":6},"o":{"a":0,"k":100,"ix":7},"sk":{"a":0,"k":0,"ix":4},"sa":{"a":0,"k":0,"ix":5},"nm":"Transform"}],"nm":"Group 4","np":2,"cix":2,"bm":0,"ix":2,"mn":"ADBE Vector Group","hd":false},{"ty":"gr","it":[{"ind":0,"ty":"sh","ix":1,"ks":{"a":1,"k":[{"i":{"x":0.833,"y":0.833},"o":{"x":0.167,"y":0.167},"t":0,"s":[{"i":[[0,0],[121.28,0],[-38.4,-164.159],[0,0]],"o":[[0,0],[-91.12,0],[38.4,164.161],[0,0]],"v":[[-1.32,-179.52],[-166.28,-302.56],[-322.92,-66.161],[-1.08,302.56]],"c":true}]},{"t":68,"s":[{"i":[[7.029,236.51],[84.935,0.69],[-10.299,-168.276],[0,0]],"o":[[-2.518,-84.739],[-91.117,-0.74],[14.574,238.132],[0,0]],"v":[[89.626,-116.51],[-41.28,-302.69],[-182.92,-66.132],[-1.08,302.56]],"c":true}]}],"ix":2},"nm":"Path 1","mn":"ADBE Vector Shape - Group","hd":false},{"ty":"fl","c":{"a":0,"k":[0.936999990426,0.33300000359,0.573000021542,1],"ix":4},"o":{"a":0,"k":100,"ix":5},"r":1,"bm":0,"nm":"Fill 1","mn":"ADBE Vector Graphic - Fill","hd":false},{"ty":"tr","p":{"a":0,"k":[361.57,302.81],"ix":2},"a":{"a":0,"k":[0,0],"ix":1},"s":{"a":0,"k":[100,100],"ix":3},"r":{"a":0,"k":0,"ix":6},"o":{"a":0,"k":100,"ix":7},"sk":{"a":0,"k":0,"ix":4},"sa":{"a":0,"k":0,"ix":5},"nm":"Transform"}],"nm":"Group 5","np":2,"cix":2,"bm":0,"ix":3,"mn":"ADBE Vector Group","hd":false}],"ip":0,"op":68,"st":0,"bm":0},{"ddd":0,"ind":13,"ty":4,"nm":"ARROW TOP 2","sr":1,"ks":{"o":{"a":0,"k":100,"ix":11},"r":{"a":0,"k":0,"ix":10},"p":{"a":0,"k":[512,512,0],"ix":2,"l":2},"a":{"a":0,"k":[0,0,0],"ix":1,"l":2},"s":{"a":0,"k":[100,100,100],"ix":6,"l":2}},"ao":0,"shapes":[{"ty":"gr","it":[{"ind":0,"ty":"sh","ix":1,"ks":{"a":1,"k":[{"i":{"x":0.833,"y":0.833},"o":{"x":0.167,"y":0.167},"t":0,"s":[{"i":[[3.68,0],[4.64,4.64],[0,0],[0.16,-3.52],[-2,-2.08],[0,0],[-6.08,0],[-4.64,4.64],[-1.12,2.16]],"o":[[-6.08,0],[0,0],[-1.92,4.72],[-0.08,2.88],[0,0],[4.64,4.64],[6.08,0],[1.84,-1.84],[-3.36,1.76]],"v":[[379.6,384.32],[362.8,377.36],[44.96,58.96],[42.32,72.24],[45.36,80],[352.4,387.68],[369.2,394.64],[386,387.68],[390.32,381.6]],"c":true}]},{"i":{"x":0.833,"y":0.833},"o":{"x":0.167,"y":0.167},"t":24,"s":[{"i":[[2.602,2.602],[0,6.562],[0,0],[2.602,-2.376],[0.057,-2.885],[0,0],[-4.299,-4.299],[-6.562,0],[-2.319,0.735]],"o":[[-4.299,-4.299],[0,0],[-4.695,1.98],[-2.093,1.98],[0,0],[0,6.562],[4.299,4.299],[2.602,0],[-3.62,-1.131]],"v":[[45.073,440.15],[38.115,423.349],[38.388,46.96],[27.13,54.483],[23.793,62.12],[23.463,423.293],[30.421,440.094],[47.222,447.052],[54.576,445.807]],"c":true}]},{"i":{"x":0.833,"y":0.833},"o":{"x":0.167,"y":0.167},"t":52,"s":[{"i":[[0.221,3.41],[-3.706,4.558],[0,0],[3.032,-0.048],[1.666,-1.969],[0,0],[-0.365,-5.634],[-4.263,-4.041],[-1.922,-0.917]],"o":[[-0.365,-5.634],[0,0],[-4.168,-1.516],[-2.478,0.086],[0,0],[-3.706,4.558],[0.365,5.634],[1.691,1.602],[-1.713,-3.015]],"v":[[-306.973,376.88],[-302.006,360.926],[-47.695,48.693],[-59.257,46.986],[-65.738,50.235],[-311.492,351.864],[-316.46,367.818],[-309.474,382.997],[-303.993,386.661]],"c":true}]},{"t":88,"s":[{"i":[[0.221,3.41],[-3.706,4.558],[0,0],[3.032,-0.048],[1.666,-1.969],[0,0],[-0.365,-5.634],[-4.263,-4.041],[-1.922,-0.917]],"o":[[-0.365,-5.634],[0,0],[-4.168,-1.516],[-2.478,0.086],[0,0],[-3.706,4.558],[0.365,5.634],[1.691,1.602],[-1.713,-3.015]],"v":[[-104.973,160.88],[-100.006,144.926],[154.305,-167.307],[142.743,-169.014],[136.262,-165.765],[-109.492,135.864],[-114.46,151.818],[-107.474,166.997],[-101.993,170.661]],"c":true}]}],"ix":2},"nm":"Path 1","mn":"ADBE Vector Shape - Group","hd":false},{"ty":"fl","c":{"a":0,"k":[0.776470601559,0.458823531866,0,1],"ix":4},"o":{"a":0,"k":100,"ix":5},"r":1,"bm":0,"nm":"Fill 1","mn":"ADBE Vector Graphic - Fill","hd":false},{"ty":"tr","p":{"a":0,"k":[0,0],"ix":2},"a":{"a":0,"k":[0,0],"ix":1},"s":{"a":0,"k":[100,100],"ix":3},"r":{"a":0,"k":0,"ix":6},"o":{"a":0,"k":100,"ix":7},"sk":{"a":0,"k":0,"ix":4},"sa":{"a":0,"k":0,"ix":5},"nm":"Transform"}],"nm":"Group 1","np":2,"cix":2,"bm":0,"ix":1,"mn":"ADBE Vector Group","hd":false},{"ty":"gr","it":[{"ty":"gr","it":[{"ind":0,"ty":"sh","ix":1,"ks":{"a":1,"k":[{"i":{"x":0.833,"y":0.833},"o":{"x":0.167,"y":0.167},"t":0,"s":[{"i":[[6,0],[4.64,4.64],[0,0],[-9.28,9.28],[-6,0],[-2.64,-2.64],[0,0],[9.28,-9.28]],"o":[[-6.08,0],[0,0],[-9.28,-9.28],[5.76,-5.76],[3.68,0],[0,0],[9.28,9.28],[-4.64,4.56]],"v":[[369.28,394.64],[352.48,387.68],[50.08,84.72],[50.08,51.12],[70.88,44.24],[80.8,48.32],[386,354.16],[386,387.76]],"c":true}]},{"i":{"x":0.833,"y":0.833},"o":{"x":0.167,"y":0.167},"t":24,"s":[{"i":[[4.243,4.243],[0,6.562],[0,0],[-13.124,0],[-4.243,-4.243],[0,-3.734],[0,0],[13.124,0]],"o":[[-4.299,-4.299],[0,0],[0,-13.124],[8.146,0],[2.602,2.602],[0,0],[0,13.124],[-6.505,-0.057]],"v":[[30.478,440.15],[23.52,423.35],[23.793,68.795],[47.552,45.037],[67.124,54.879],[71.254,64.779],[70.924,423.349],[47.166,447.108]],"c":true}]},{"i":{"x":0.833,"y":0.833},"o":{"x":0.167,"y":0.167},"t":52,"s":[{"i":[[0.36,5.56],[-3.706,4.558],[0,0],[-8.526,-8.082],[-0.361,-5.559],[2.108,-2.593],[0,0],[8.526,8.082]],"o":[[-0.365,-5.634],[0,0],[7.411,-9.115],[5.292,5.016],[0.221,3.41],[0,0],[-7.411,9.115],[-4.194,-4.045]],"v":[[-316.455,367.892],[-311.488,351.938],[-69.507,54.871],[-40.655,53],[-33.498,71.89],[-36.405,81.309],[-280.691,381.131],[-309.543,383.002]],"c":true}]},{"t":88,"s":[{"i":[[0.36,5.56],[-3.706,4.558],[0,0],[-8.526,-8.082],[-0.361,-5.56],[2.108,-2.593],[0,0],[8.526,8.082]],"o":[[-0.365,-5.634],[0,0],[7.411,-9.115],[5.292,5.016],[0.221,3.41],[0,0],[-7.411,9.115],[-4.194,-4.045]],"v":[[-114.455,151.892],[-109.488,135.938],[132.493,-161.129],[161.345,-163],[168.502,-144.11],[165.595,-134.691],[-78.691,165.131],[-107.543,167.002]],"c":true}]}],"ix":2},"nm":"Path 1","mn":"ADBE Vector Shape - Group","hd":false},{"ty":"fl","c":{"a":0,"k":[1,0.627451002598,0,1],"ix":4},"o":{"a":0,"k":100,"ix":5},"r":1,"bm":0,"nm":"Fill 1","mn":"ADBE Vector Graphic - Fill","hd":false},{"ty":"tr","p":{"a":0,"k":[0,0],"ix":2},"a":{"a":0,"k":[0,0],"ix":1},"s":{"a":0,"k":[100,100],"ix":3},"r":{"a":0,"k":0,"ix":6},"o":{"a":0,"k":100,"ix":7},"sk":{"a":0,"k":0,"ix":4},"sa":{"a":0,"k":0,"ix":5},"nm":"Transform"}],"nm":"Group 1","np":2,"cix":2,"bm":0,"ix":1,"mn":"ADBE Vector Group","hd":false},{"ty":"tr","p":{"a":0,"k":[0,0],"ix":2},"a":{"a":0,"k":[0,0],"ix":1},"s":{"a":0,"k":[100,100],"ix":3},"r":{"a":0,"k":0,"ix":6},"o":{"a":0,"k":100,"ix":7},"sk":{"a":0,"k":0,"ix":4},"sa":{"a":0,"k":0,"ix":5},"nm":"Transform"}],"nm":"Group 2","np":1,"cix":2,"bm":0,"ix":2,"mn":"ADBE Vector Group","hd":false},{"ty":"gr","it":[{"ind":0,"ty":"sh","ix":1,"ks":{"a":1,"k":[{"i":{"x":0.833,"y":0.833},"o":{"x":0.167,"y":0.167},"t":0,"s":[{"i":[[0,0],[0,0],[-61.92,-18],[6.56,-34.96]],"o":[[0,0],[0,0],[68.08,19.76],[-10.96,58.4]],"v":[[344,343.92],[227.68,224.56],[355.04,210],[477.84,335.68]],"c":true}]},{"i":{"x":0.833,"y":0.833},"o":{"x":0.167,"y":0.167},"t":24,"s":[{"i":[[0,0],[0,0],[-31.08,-56.499],[29.36,-20.081]],"o":[[0,0],[0,0],[34.167,62.112],[-49.045,33.545]],"v":[[48.467,386.41],[50.616,219.759],[150.969,299.521],[148.932,475.223]],"c":true}]},{"i":{"x":0.833,"y":0.833},"o":{"x":0.167,"y":0.167},"t":52,"s":[{"i":[[0,0],[0,0],[8.262,-56.917],[30.491,3.52]],"o":[[0,0],[0,0],[-9.403,64.782],[-53.696,-6.2]],"v":[[-274.421,341.644],[-176.416,217.718],[-162.762,342.417],[-265.304,474.7]],"c":true}]},{"t":88,"s":[{"i":[[0,0],[0,0],[8.262,-56.917],[30.491,3.52]],"o":[[0,0],[0,0],[-9.403,64.782],[-53.696,-6.2]],"v":[[-72.421,125.644],[25.584,1.718],[39.238,126.417],[-63.304,258.7]],"c":true}]}],"ix":2},"nm":"Path 1","mn":"ADBE Vector Shape - Group","hd":false},{"ty":"fl","c":{"a":0,"k":[1,0.75686275959,0.027450980619,1],"ix":4},"o":{"a":0,"k":100,"ix":5},"r":1,"bm":0,"nm":"Fill 1","mn":"ADBE Vector Graphic - Fill","hd":false},{"ty":"tr","p":{"a":0,"k":[0,0],"ix":2},"a":{"a":0,"k":[0,0],"ix":1},"s":{"a":0,"k":[100,100],"ix":3},"r":{"a":0,"k":0,"ix":6},"o":{"a":0,"k":100,"ix":7},"sk":{"a":0,"k":0,"ix":4},"sa":{"a":0,"k":0,"ix":5},"nm":"Transform"}],"nm":"Group 3","np":2,"cix":2,"bm":0,"ix":3,"mn":"ADBE Vector Group","hd":false},{"ty":"gr","it":[{"ind":0,"ty":"sh","ix":1,"ks":{"a":1,"k":[{"i":{"x":0.833,"y":0.833},"o":{"x":0.167,"y":0.167},"t":0,"s":[{"i":[[0,0],[0,0],[-18,-61.92],[-34.96,6.56]],"o":[[0,0],[0,0],[19.76,68.08],[58.4,-10.96]],"v":[[342.24,345.68],[222.88,229.36],[208.32,356.72],[334,479.52]],"c":true}]},{"i":{"x":0.833,"y":0.833},"o":{"x":0.167,"y":0.167},"t":24,"s":[{"i":[[0,0],[0,0],[31.08,-56.499],[-29.36,-20.081]],"o":[[0,0],[0,0],[-34.167,62.112],[49.045,33.545]],"v":[[45.978,386.41],[43.828,219.759],[-56.524,299.521],[-54.488,475.223]],"c":true}]},{"i":{"x":0.833,"y":0.833},"o":{"x":0.167,"y":0.167},"t":52,"s":[{"i":[[0,0],[0,0],[43.064,-24.638],[-7.734,-32.028]],"o":[[0,0],[0,0],[-53.284,30.485],[12.92,53.502]],"v":[[-276.038,340.112],[-180.826,213.538],[-302.064,210.138],[-385.96,331.928]],"c":true}]},{"t":88,"s":[{"i":[[0,0],[0,0],[43.064,-24.638],[-7.734,-32.028]],"o":[[0,0],[0,0],[-53.284,30.485],[12.92,53.502]],"v":[[-74.038,124.112],[21.174,-2.462],[-100.064,-5.862],[-183.96,115.928]],"c":true}]}],"ix":2},"nm":"Path 1","mn":"ADBE Vector Shape - Group","hd":false},{"ty":"fl","c":{"a":0,"k":[1,0.75686275959,0.027450980619,1],"ix":4},"o":{"a":0,"k":100,"ix":5},"r":1,"bm":0,"nm":"Fill 1","mn":"ADBE Vector Graphic - Fill","hd":false},{"ty":"tr","p":{"a":0,"k":[0,0],"ix":2},"a":{"a":0,"k":[0,0],"ix":1},"s":{"a":0,"k":[100,100],"ix":3},"r":{"a":0,"k":0,"ix":6},"o":{"a":0,"k":100,"ix":7},"sk":{"a":0,"k":0,"ix":4},"sa":{"a":0,"k":0,"ix":5},"nm":"Transform"}],"nm":"Group 4","np":2,"cix":2,"bm":0,"ix":4,"mn":"ADBE Vector Group","hd":false}],"ip":52,"op":88,"st":0,"bm":0},{"ddd":0,"ind":14,"ty":4,"nm":"ARROW BOTTOM","sr":1,"ks":{"o":{"a":0,"k":100,"ix":11},"r":{"a":0,"k":0,"ix":10},"p":{"a":0,"k":[512,512,0],"ix":2,"l":2},"a":{"a":0,"k":[0,0,0],"ix":1,"l":2},"s":{"a":0,"k":[100,100,100],"ix":6,"l":2}},"ao":0,"shapes":[{"ty":"gr","it":[{"ind":0,"ty":"sh","ix":1,"ks":{"a":1,"k":[{"i":{"x":0.833,"y":0.833},"o":{"x":0.167,"y":0.167},"t":0,"s":[{"i":[[0,0],[0,0],[1.04,6.16],[-5.44,5.36],[10.08,10.24],[0.08,-1.36],[2.8,-8.72],[17.36,14.88],[1.36,1.36],[-4.88,-4.88],[-16.24,26.24],[-1.44,6.08],[-0.8,1.6],[0,0],[0,0]],"o":[[0,0],[-7.04,-7.76],[-1.2,-7.52],[-14.32,-1.28],[0.48,0],[-0.48,9.12],[-8.08,24.64],[-1.44,-1.28],[3.2,6.08],[17.92,17.92],[3.28,-5.28],[0.64,-2.72],[0,0],[0,0],[0,0]],"v":[[-128.56,-115.52],[-338.96,-328.08],[-349.44,-349.6],[-343.68,-370.88],[-383.28,-385.44],[-383.12,-365.28],[-387.76,-338.32],[-450.96,-317.76],[-455.12,-321.68],[-443.12,-304.88],[-378,-314.72],[-371.04,-331.92],[-369.44,-338.8],[-128.64,-95.52],[-128.64,-115.52]],"c":true}]},{"i":{"x":0.833,"y":0.833},"o":{"x":0.167,"y":0.167},"t":24,"s":[{"i":[[0,0],[0,0],[-1.416,5.559],[-6.559,2.479],[4.658,12.344],[0.566,-1.116],[5.591,-6.281],[9.046,18.945],[0.636,1.647],[-2.284,-5.911],[-23.414,15.958],[-3.462,4.575],[-1.266,1.046],[0,0],[0,0]],"o":[[0,0],[-3.027,-9.132],[1.787,-6.76],[-11.548,-6.396],[0.403,0.178],[-3.792,7.479],[-15.941,17.686],[-0.733,-1.61],[0.427,6.294],[8.387,21.706],[4.716,-3.214],[1.548,-2.046],[0,0],[0,0],[0,0]],"v":[[-19.506,-37.659],[-117.174,-294.32],[-117.976,-316.283],[-105.231,-332.01],[-133.07,-358.951],[-140.428,-341.965],[-154.342,-321.053],[-215.048,-327.276],[-217.084,-332.114],[-213.251,-313.548],[-154.918,-297.61],[-142.682,-309.466],[-138.782,-314.648],[-27.006,-20.896],[-19.573,-37.688]],"c":true}]},{"i":{"x":0.833,"y":0.833},"o":{"x":0.167,"y":0.167},"t":52,"s":[{"i":[[0,0],[0,0],[-5.57,1.37],[-5.277,-4.618],[-8.694,9.924],[1.251,-0.027],[8.175,1.973],[-12.45,16.904],[-1.153,1.337],[4.138,-4.799],[-25.106,-13.136],[-5.666,-0.898],[-1.519,-0.624],[0,0],[0,0]],"o":[[0,0],[6.629,-6.972],[6.805,-1.608],[0.202,-13.199],[0.033,0.44],[-8.384,0.178],[-23.11,-5.73],[1.075,-1.405],[-5.351,3.342],[-15.196,17.623],[5.057,2.646],[2.534,0.402],[0,0],[0,0],[0,0]],"v":[[-18.02,-32.677],[162.37,-239.735],[181.366,-250.789],[201.242,-246.956],[211.892,-284.204],[193.443,-282.692],[168.441,-285.115],[145.334,-341.594],[148.642,-345.669],[134.071,-333.543],[147.492,-274.579],[163.713,-269.371],[170.122,-268.372],[-36.34,-31.396],[-18.026,-32.75]],"c":true}]},{"t":88,"s":[{"i":[[0,0],[0,0],[-5.57,1.37],[-5.277,-4.618],[-8.694,9.924],[1.251,-0.027],[8.175,1.973],[-12.45,16.904],[-1.153,1.337],[4.138,-4.799],[-25.106,-13.136],[-5.666,-0.898],[-1.519,-0.624],[0,0],[0,0]],"o":[[0,0],[6.629,-6.972],[6.805,-1.608],[0.202,-13.199],[0.033,0.44],[-8.384,0.178],[-23.11,-5.73],[1.075,-1.405],[-5.351,3.342],[-15.196,17.623],[5.057,2.646],[2.534,0.402],[0,0],[0,0],[0,0]],"v":[[-36.02,43.323],[144.37,-163.735],[163.366,-174.789],[183.242,-170.956],[193.892,-208.204],[175.443,-206.692],[150.441,-209.115],[127.334,-265.594],[130.642,-269.669],[116.071,-257.543],[129.492,-198.579],[145.713,-193.371],[152.122,-192.372],[-54.34,44.604],[-36.026,43.25]],"c":true}]}],"ix":2},"nm":"Path 1","mn":"ADBE Vector Shape - Group","hd":false},{"ty":"fl","c":{"a":0,"k":[0.776470601559,0.458823531866,0,1],"ix":4},"o":{"a":0,"k":100,"ix":5},"r":1,"bm":0,"nm":"Fill 1","mn":"ADBE Vector Graphic - Fill","hd":false},{"ty":"tr","p":{"a":0,"k":[0,0],"ix":2},"a":{"a":0,"k":[0,0],"ix":1},"s":{"a":0,"k":[100,100],"ix":3},"r":{"a":0,"k":0,"ix":6},"o":{"a":0,"k":100,"ix":7},"sk":{"a":0,"k":0,"ix":4},"sa":{"a":0,"k":0,"ix":5},"nm":"Transform"}],"nm":"Group 1","np":2,"cix":2,"bm":0,"ix":1,"mn":"ADBE Vector Group","hd":false},{"ty":"gr","it":[{"ind":0,"ty":"sh","ix":1,"ks":{"a":1,"k":[{"i":{"x":0.833,"y":0.833},"o":{"x":0.167,"y":0.167},"t":0,"s":[{"i":[[17.92,18],[4.32,2.64],[22.16,-13.6],[0,0],[7.36,-22.4],[17.36,14.88],[1.36,1.36],[-4.88,-4.88],[-16.24,26.24],[1.28,3.92],[-22.4,13.84]],"o":[[-3.6,-3.6],[10.48,17.68],[-24.32,14.88],[0,0],[-8.08,24.64],[-1.44,-1.28],[3.2,6.08],[17.92,17.92],[15.44,-24.88],[8.64,2.64],[26.24,-16.16]],"v":[[-303.2,-444.8],[-315.2,-454.08],[-327.68,-395.28],[-383.52,-385.92],[-387.68,-338.4],[-450.88,-317.84],[-455.04,-321.76],[-443.04,-304.96],[-377.92,-314.8],[-373.28,-375.68],[-313.04,-379.68]],"c":true}]},{"i":{"x":0.833,"y":0.833},"o":{"x":0.167,"y":0.167},"t":24,"s":[{"i":[[8.406,21.754],[2.646,3.822],[23.665,-3.152],[0,0],[14.495,-16.081],[9.046,18.945],[0.636,1.647],[-2.284,-5.911],[-23.406,15.969],[-0.382,3.767],[-23.956,3.261]],"o":[[-1.685,-4.361],[2.229,18.739],[-25.95,3.456],[0,0],[-15.941,17.686],[-0.733,-1.61],[0.427,6.294],[8.387,21.706],[22.21,-15.152],[6.273,5.427],[28.037,-3.817]],"v":[[-43.773,-379.033],[-50.4,-391.284],[-82.73,-346.551],[-133.093,-359.444],[-154.245,-321.09],[-214.951,-327.314],[-216.987,-332.151],[-213.154,-313.586],[-154.821,-297.648],[-128.301,-347.04],[-76.235,-328.013]],"c":true}]},{"i":{"x":0.833,"y":0.833},"o":{"x":0.167,"y":0.167},"t":52,"s":[{"i":[[-15.23,17.662],[-2.125,4.135],[13.928,19.39],[0,0],[21.013,5.21],[-12.45,16.904],[-1.153,1.337],[4.138,-4.799],[-25.112,-13.124],[-3.503,1.438],[-14.19,-19.574]],"o":[[3.053,-3.54],[-15.48,10.794],[-15.273,-21.262],[0,0],[-23.11,-5.73],[1.075,-1.405],[-5.351,3.342],[-15.196,17.623],[23.828,12.453],[-1.832,8.09],[16.575,22.933]],"v":[[271.672,-214.895],[279.357,-226.512],[224.669,-233.958],[212.316,-284.456],[168.52,-285.047],[145.413,-341.526],[148.721,-345.601],[134.15,-333.475],[147.571,-274.511],[203.633,-274.386],[211.375,-219.495]],"c":true}]},{"t":88,"s":[{"i":[[-15.23,17.662],[-2.125,4.135],[13.928,19.39],[0,0],[21.013,5.21],[-12.45,16.904],[-1.153,1.337],[4.138,-4.799],[-25.112,-13.124],[-3.503,1.438],[-14.162,-19.595]],"o":[[3.053,-3.54],[-15.48,10.794],[-15.273,-21.262],[0,0],[-23.11,-5.73],[1.075,-1.405],[-5.351,3.342],[-15.196,17.623],[23.828,12.453],[-1.832,8.09],[16.575,22.933]],"v":[[253.672,-138.895],[261.357,-150.512],[206.669,-157.958],[194.316,-208.456],[150.52,-209.047],[127.413,-265.526],[130.721,-269.601],[116.15,-257.475],[129.571,-198.511],[185.633,-198.386],[193.375,-143.495]],"c":true}]}],"ix":2},"nm":"Path 1","mn":"ADBE Vector Shape - Group","hd":false},{"ty":"fl","c":{"a":0,"k":[1,0.627451002598,0,1],"ix":4},"o":{"a":0,"k":100,"ix":5},"r":1,"bm":0,"nm":"Fill 1","mn":"ADBE Vector Graphic - Fill","hd":false},{"ty":"tr","p":{"a":0,"k":[0,0],"ix":2},"a":{"a":0,"k":[0,0],"ix":1},"s":{"a":0,"k":[100,100],"ix":3},"r":{"a":0,"k":0,"ix":6},"o":{"a":0,"k":100,"ix":7},"sk":{"a":0,"k":0,"ix":4},"sa":{"a":0,"k":0,"ix":5},"nm":"Transform"}],"nm":"Group 2","np":2,"cix":2,"bm":0,"ix":2,"mn":"ADBE Vector Group","hd":false},{"ty":"gr","it":[{"ind":0,"ty":"sh","ix":1,"ks":{"a":1,"k":[{"i":{"x":0.833,"y":0.833},"o":{"x":0.167,"y":0.167},"t":0,"s":[{"i":[[-16.24,26.24],[1.28,3.92],[-22.4,13.84],[17.92,17.92],[0,0],[0,0],[-0.48,-5.52],[0,0],[-21.92,-21.92]],"o":[[15.44,-24.88],[8.64,2.64],[26.16,-16.24],[-21.92,-21.92],[0,0],[-5.52,-0.56],[0,0],[0,0],[18,17.92]],"v":[[-377.92,-314.72],[-373.28,-375.6],[-313.04,-379.6],[-303.2,-444.72],[-365.28,-469.68],[-468.72,-479.92],[-478.32,-470.32],[-468.08,-366.96],[-443.12,-304.88]],"c":true}]},{"i":{"x":0.833,"y":0.833},"o":{"x":0.167,"y":0.167},"t":24,"s":[{"i":[[-23.406,15.969],[-0.382,3.767],[-23.951,3.296],[8.387,21.706],[0,0],[0,0],[1.648,-4.813],[0,0],[-10.259,-26.551]],"o":[[22.21,-15.152],[6.273,5.427],[28,-3.914],[-10.259,-26.551],[0,0],[-4.427,-2.522],[0,0],[0,0],[8.454,21.735]],"v":[[-154.851,-297.581],[-128.33,-346.973],[-76.264,-327.945],[-43.803,-378.966],[-86.651,-422.993],[-169.698,-470.031],[-181.326,-465.538],[-211.139,-374.948],[-213.251,-313.548]],"c":true}]},{"i":{"x":0.833,"y":0.833},"o":{"x":0.167,"y":0.167},"t":52,"s":[{"i":[[-25.112,-13.124],[-3.503,1.438],[-14.19,-19.574],[-15.196,17.623],[0,0],[0,0],[5.022,-0.813],[0,0],[18.587,-21.557]],"o":[[23.828,12.453],[-1.832,8.09],[16.643,22.855],[18.587,-21.557],[0,0],[0.139,-5.093],[0,0],[0,0],[-15.19,17.696]],"v":[[147.497,-274.506],[203.559,-274.38],[211.302,-219.49],[271.599,-214.89],[290.25,-273.427],[292.621,-368.84],[283.18,-376.98],[189.227,-360.603],[134.071,-333.543]],"c":true}]},{"t":88,"s":[{"i":[[-25.112,-13.124],[-3.503,1.438],[-14.19,-19.574],[-15.196,17.623],[0,0],[0,0],[5.022,-0.813],[0,0],[18.587,-21.557]],"o":[[23.828,12.453],[-1.832,8.09],[16.643,22.855],[18.587,-21.557],[0,0],[0.139,-5.093],[0,0],[0,0],[-15.19,17.696]],"v":[[129.497,-198.506],[185.559,-198.38],[193.302,-143.49],[253.599,-138.89],[272.25,-197.427],[274.621,-292.84],[265.18,-300.98],[171.227,-284.603],[116.071,-257.543]],"c":true}]}],"ix":2},"nm":"Path 1","mn":"ADBE Vector Shape - Group","hd":false},{"ty":"fl","c":{"a":0,"k":[1,0.75686275959,0.027450980619,1],"ix":4},"o":{"a":0,"k":100,"ix":5},"r":1,"bm":0,"nm":"Fill 1","mn":"ADBE Vector Graphic - Fill","hd":false},{"ty":"tr","p":{"a":0,"k":[0,0],"ix":2},"a":{"a":0,"k":[0,0],"ix":1},"s":{"a":0,"k":[100,100],"ix":3},"r":{"a":0,"k":0,"ix":6},"o":{"a":0,"k":100,"ix":7},"sk":{"a":0,"k":0,"ix":4},"sa":{"a":0,"k":0,"ix":5},"nm":"Transform"}],"nm":"Group 3","np":2,"cix":2,"bm":0,"ix":3,"mn":"ADBE Vector Group","hd":false},{"ty":"gr","it":[{"ind":0,"ty":"sh","ix":1,"ks":{"a":1,"k":[{"i":{"x":0.833,"y":0.833},"o":{"x":0.167,"y":0.167},"t":0,"s":[{"i":[[0,0],[0,0],[9.36,-9.2],[-9.2,-9.36],[0,0]],"o":[[0,0],[-9.2,-9.36],[-9.36,9.2],[0,0],[0,0]],"v":[[-128.56,-162.96],[-399.68,-436.88],[-433.28,-437.04],[-433.44,-403.44],[-128.56,-95.44]],"c":true}]},{"i":{"x":0.833,"y":0.833},"o":{"x":0.167,"y":0.167},"t":24,"s":[{"i":[[0,0],[0,0],[11.278,-4.246],[-4.246,-11.278],[0,0]],"o":[[0,0],[-4.246,-11.278],[-11.278,4.246],[0,0],[0,0]],"v":[[-1.877,-77.491],[-127.724,-408.237],[-155.876,-420.857],[-168.497,-392.705],[-26.968,-20.799]],"c":true}]},{"i":{"x":0.833,"y":0.833},"o":{"x":0.167,"y":0.167},"t":52,"s":[{"i":[[0,0],[0,0],[9.058,7.948],[7.948,-9.058],[0,0]],"o":[[0,0],[7.948,-9.058],[-9.058,-7.948],[0,0],[0,0]],"v":[[25.42,-35.89],[257.885,-302.705],[255.756,-333.483],[224.978,-331.354],[-36.408,-31.317]],"c":true}]},{"t":88,"s":[{"i":[[0,0],[0,0],[9.058,7.948],[7.948,-9.058],[0,0]],"o":[[0,0],[7.948,-9.058],[-9.058,-7.948],[0,0],[0,0]],"v":[[7.42,40.11],[239.885,-226.705],[237.756,-257.483],[206.978,-255.354],[-54.408,44.683]],"c":true}]}],"ix":2},"nm":"Path 1","mn":"ADBE Vector Shape - Group","hd":false},{"ty":"fl","c":{"a":0,"k":[1,0.627451002598,0,1],"ix":4},"o":{"a":0,"k":100,"ix":5},"r":1,"bm":0,"nm":"Fill 1","mn":"ADBE Vector Graphic - Fill","hd":false},{"ty":"tr","p":{"a":0,"k":[0,0],"ix":2},"a":{"a":0,"k":[0,0],"ix":1},"s":{"a":0,"k":[100,100],"ix":3},"r":{"a":0,"k":0,"ix":6},"o":{"a":0,"k":100,"ix":7},"sk":{"a":0,"k":0,"ix":4},"sa":{"a":0,"k":0,"ix":5},"nm":"Transform"}],"nm":"Group 4","np":2,"cix":2,"bm":0,"ix":4,"mn":"ADBE Vector Group","hd":false}],"ip":0,"op":88,"st":0,"bm":0}]}],"layers":[{"ddd":0,"ind":1,"ty":0,"nm":"12 Heart with arrow","refId":"comp_0","sr":1,"ks":{"o":{"a":0,"k":100,"ix":11},"r":{"a":0,"k":0,"ix":10},"p":{"a":0,"k":[512,512,0],"ix":2,"l":2},"a":{"a":0,"k":[512,512,0],"ix":1,"l":2},"s":{"a":0,"k":[100,100,100],"ix":6,"l":2}},"ao":0,"w":1024,"h":1024,"ip":18,"op":72,"st":-136,"bm":0},{"ddd":0,"ind":2,"ty":0,"nm":"12 Heart with arrow","refId":"comp_0","sr":1,"ks":{"o":{"a":0,"k":100,"ix":11},"r":{"a":0,"k":0,"ix":10},"p":{"a":0,"k":[512,512,0],"ix":2,"l":2},"a":{"a":0,"k":[512,512,0],"ix":1,"l":2},"s":{"a":0,"k":[100,100,100],"ix":6,"l":2}},"ao":0,"tm":{"a":1,"k":[{"i":{"x":[0.327],"y":[1]},"o":{"x":[0.706],"y":[0]},"t":72,"s":[0]},{"i":{"x":[0.423],"y":[0.971]},"o":{"x":[0.387],"y":[0]},"t":137.43,"s":[2.075]},{"t":210,"s":[3.192]}],"ix":2},"w":1024,"h":1024,"ip":72,"op":166,"st":72,"bm":0},{"ddd":0,"ind":3,"ty":0,"nm":"12 Heart with arrow","refId":"comp_0","sr":1,"ks":{"o":{"a":0,"k":100,"ix":11},"r":{"a":0,"k":0,"ix":10},"p":{"a":0,"k":[512,512,0],"ix":2,"l":2},"a":{"a":0,"k":[512,512,0],"ix":1,"l":2},"s":{"a":0,"k":[100,100,100],"ix":6,"l":2}},"ao":0,"tm":{"a":1,"k":[{"i":{"x":[0.327],"y":[1]},"o":{"x":[0.706],"y":[0]},"t":-76,"s":[0]},{"i":{"x":[0.423],"y":[0.971]},"o":{"x":[0.387],"y":[0]},"t":-10.57,"s":[2.075]},{"t":62,"s":[3.192]}],"ix":2},"w":1024,"h":1024,"ip":-76,"op":18,"st":-76,"bm":0}],"markers":[{"tm":66,"cm":"rest","dr":0}]}