{"v":"5.8.1","fr":60,"ip":0,"op":120,"w":1024,"h":1024,"nm":"emoji_2nd place medal","ddd":0,"assets":[],"layers":[{"ddd":0,"ind":1,"ty":4,"nm":"lines","sr":1,"ks":{"o":{"a":0,"k":100,"ix":11},"r":{"a":0,"k":0,"ix":10},"p":{"a":0,"k":[512,512,0],"ix":2,"l":2},"a":{"a":0,"k":[512,512,0],"ix":1,"l":2},"s":{"a":0,"k":[100,100,100],"ix":6,"l":2}},"ao":0,"shapes":[{"ty":"gr","it":[{"ind":0,"ty":"sh","ix":1,"ks":{"a":1,"k":[{"i":{"x":0.833,"y":0.833},"o":{"x":0.167,"y":0.167},"t":52,"s":[{"i":[[0,0],[0,0]],"o":[[0,0],[0,0]],"v":[[-27.086,-19.836],[-26.414,-19.664]],"c":false}]},{"i":{"x":0.667,"y":1},"o":{"x":0.167,"y":0.167},"t":59,"s":[{"i":[[0,0],[0,0]],"o":[[0,0],[0,0]],"v":[[-27.086,-19.836],[27.086,19.836]],"c":false}]},{"t":69,"s":[{"i":[[0,0],[0,0]],"o":[[0,0],[0,0]],"v":[[25.414,19.164],[27.086,19.836]],"c":false}]}],"ix":2},"nm":"Path 1","mn":"ADBE Vector Shape - Group","hd":false},{"ty":"st","c":{"a":0,"k":[0.607843137255,0.607843137255,0.61568627451,1],"ix":3},"o":{"a":0,"k":100,"ix":4},"w":{"a":0,"k":34.385,"ix":5},"lc":2,"lj":1,"ml":10,"bm":0,"nm":"Stroke 1","mn":"ADBE Vector Graphic - Stroke","hd":false},{"ty":"tr","p":{"a":1,"k":[{"i":{"x":0.667,"y":1},"o":{"x":0.333,"y":0},"t":52,"s":[795.117,896.085],"to":[6.667,3.333],"ti":[-6.667,-3.333]},{"t":68,"s":[835.117,916.085]}],"ix":2},"a":{"a":0,"k":[0,0],"ix":1},"s":{"a":0,"k":[100,100],"ix":3},"r":{"a":0,"k":0,"ix":6},"o":{"a":0,"k":100,"ix":7},"sk":{"a":0,"k":0,"ix":4},"sa":{"a":0,"k":0,"ix":5},"nm":"Transform"}],"nm":"Group 1","np":2,"cix":2,"bm":0,"ix":1,"mn":"ADBE Vector Group","hd":false},{"ty":"gr","it":[{"ind":0,"ty":"sh","ix":1,"ks":{"a":1,"k":[{"i":{"x":0.833,"y":0.833},"o":{"x":0.167,"y":0.167},"t":52,"s":[{"i":[[0,0],[0,0]],"o":[[0,0],[0,0]],"v":[[844.772,726.499],[845.903,726.498]],"c":false}]},{"i":{"x":0.667,"y":1},"o":{"x":0.167,"y":0.167},"t":59,"s":[{"i":[[0,0],[0,0]],"o":[[0,0],[0,0]],"v":[[844.772,726.499],[950.403,726.499]],"c":false}]},{"t":69,"s":[{"i":[[0,0],[0,0]],"o":[[0,0],[0,0]],"v":[[949.772,726.499],[950.403,726.499]],"c":false}]}],"ix":2},"nm":"Path 1","mn":"ADBE Vector Shape - Group","hd":false},{"ty":"st","c":{"a":0,"k":[0.607843137255,0.607843137255,0.61568627451,1],"ix":3},"o":{"a":0,"k":100,"ix":4},"w":{"a":0,"k":34.385,"ix":5},"lc":2,"lj":1,"ml":10,"bm":0,"nm":"Stroke 1","mn":"ADBE Vector Graphic - Stroke","hd":false},{"ty":"tr","p":{"a":1,"k":[{"i":{"x":0.667,"y":1},"o":{"x":0.333,"y":0},"t":52,"s":[-40,0],"to":[6.667,0],"ti":[-6.667,0]},{"t":68,"s":[0,0]}],"ix":2},"a":{"a":0,"k":[0,0],"ix":1},"s":{"a":0,"k":[100,100],"ix":3},"r":{"a":0,"k":0,"ix":6},"o":{"a":0,"k":100,"ix":7},"sk":{"a":0,"k":0,"ix":4},"sa":{"a":0,"k":0,"ix":5},"nm":"Transform"}],"nm":"Group 2","np":2,"cix":2,"bm":0,"ix":2,"mn":"ADBE Vector Group","hd":false},{"ty":"gr","it":[{"ind":0,"ty":"sh","ix":1,"ks":{"a":1,"k":[{"i":{"x":0.833,"y":0.833},"o":{"x":0.167,"y":0.167},"t":52,"s":[{"i":[[0,0],[0,0]],"o":[[0,0],[0,0]],"v":[[-27.675,20.594],[-26.325,19.406]],"c":false}]},{"i":{"x":0.667,"y":1},"o":{"x":0.167,"y":0.167},"t":59,"s":[{"i":[[0,0],[0,0]],"o":[[0,0],[0,0]],"v":[[-27.675,20.594],[27.675,-20.594]],"c":false}]},{"t":69,"s":[{"i":[[0,0],[0,0]],"o":[[0,0],[0,0]],"v":[[27.325,-19.406],[27.675,-20.594]],"c":false}]}],"ix":2},"nm":"Path 1","mn":"ADBE Vector Shape - Group","hd":false},{"ty":"st","c":{"a":0,"k":[0.607843137255,0.607843137255,0.61568627451,1],"ix":3},"o":{"a":0,"k":100,"ix":4},"w":{"a":0,"k":34.385,"ix":5},"lc":2,"lj":1,"ml":10,"bm":0,"nm":"Stroke 1","mn":"ADBE Vector Graphic - Stroke","hd":false},{"ty":"tr","p":{"a":1,"k":[{"i":{"x":0.667,"y":1},"o":{"x":0.333,"y":0},"t":52,"s":[803.587,572.593],"to":[6.667,-6.667],"ti":[-6.667,6.667]},{"t":68,"s":[843.587,532.593]}],"ix":2},"a":{"a":0,"k":[0,0],"ix":1},"s":{"a":0,"k":[100,100],"ix":3},"r":{"a":0,"k":0,"ix":6},"o":{"a":0,"k":100,"ix":7},"sk":{"a":0,"k":0,"ix":4},"sa":{"a":0,"k":0,"ix":5},"nm":"Transform"}],"nm":"Group 3","np":2,"cix":2,"bm":0,"ix":3,"mn":"ADBE Vector Group","hd":false},{"ty":"gr","it":[{"ind":0,"ty":"sh","ix":1,"ks":{"a":1,"k":[{"i":{"x":0.833,"y":0.833},"o":{"x":0.167,"y":0.167},"t":52,"s":[{"i":[[0,0],[0,0]],"o":[[0,0],[0,0]],"v":[[27.087,-19.836],[25.913,-18.164]],"c":false}]},{"i":{"x":0.667,"y":1},"o":{"x":0.167,"y":0.167},"t":59,"s":[{"i":[[0,0],[0,0]],"o":[[0,0],[0,0]],"v":[[27.087,-19.836],[-27.087,19.836]],"c":false}]},{"t":69,"s":[{"i":[[0,0],[0,0]],"o":[[0,0],[0,0]],"v":[[-25.913,19.164],[-27.087,19.836]],"c":false}]}],"ix":2},"nm":"Path 1","mn":"ADBE Vector Shape - Group","hd":false},{"ty":"st","c":{"a":0,"k":[0.607843137255,0.607843137255,0.61568627451,1],"ix":3},"o":{"a":0,"k":100,"ix":4},"w":{"a":0,"k":34.385,"ix":5},"lc":2,"lj":1,"ml":10,"bm":0,"nm":"Stroke 1","mn":"ADBE Vector Graphic - Stroke","hd":false},{"ty":"tr","p":{"a":1,"k":[{"i":{"x":0.667,"y":1},"o":{"x":0.333,"y":0},"t":52,"s":[215.953,901.085],"to":[-4.167,2.5],"ti":[4.167,-2.5]},{"t":68,"s":[190.953,916.085]}],"ix":2},"a":{"a":0,"k":[0,0],"ix":1},"s":{"a":0,"k":[100,100],"ix":3},"r":{"a":0,"k":0,"ix":6},"o":{"a":0,"k":100,"ix":7},"sk":{"a":0,"k":0,"ix":4},"sa":{"a":0,"k":0,"ix":5},"nm":"Transform"}],"nm":"Group 4","np":2,"cix":2,"bm":0,"ix":4,"mn":"ADBE Vector Group","hd":false},{"ty":"gr","it":[{"ind":0,"ty":"sh","ix":1,"ks":{"a":1,"k":[{"i":{"x":0.833,"y":0.833},"o":{"x":0.167,"y":0.167},"t":52,"s":[{"i":[[0,0],[0,0]],"o":[[0,0],[0,0]],"v":[[181.298,726.499],[181.667,726.998]],"c":false}]},{"i":{"x":0.667,"y":1},"o":{"x":0.167,"y":0.167},"t":59,"s":[{"i":[[0,0],[0,0]],"o":[[0,0],[0,0]],"v":[[181.298,726.499],[75.667,726.499]],"c":false}]},{"t":69,"s":[{"i":[[0,0],[0,0]],"o":[[0,0],[0,0]],"v":[[79.298,726.998],[75.667,726.499]],"c":false}]}],"ix":2},"nm":"Path 1","mn":"ADBE Vector Shape - Group","hd":false},{"ty":"st","c":{"a":0,"k":[0.607843137255,0.607843137255,0.61568627451,1],"ix":3},"o":{"a":0,"k":100,"ix":4},"w":{"a":0,"k":34.385,"ix":5},"lc":2,"lj":1,"ml":10,"bm":0,"nm":"Stroke 1","mn":"ADBE Vector Graphic - Stroke","hd":false},{"ty":"tr","p":{"a":1,"k":[{"i":{"x":0.667,"y":1},"o":{"x":0.333,"y":0},"t":52,"s":[20,0],"to":[-3.333,0],"ti":[3.333,0]},{"t":68,"s":[0,0]}],"ix":2},"a":{"a":0,"k":[0,0],"ix":1},"s":{"a":0,"k":[100,100],"ix":3},"r":{"a":0,"k":0,"ix":6},"o":{"a":0,"k":100,"ix":7},"sk":{"a":0,"k":0,"ix":4},"sa":{"a":0,"k":0,"ix":5},"nm":"Transform"}],"nm":"Group 5","np":2,"cix":2,"bm":0,"ix":5,"mn":"ADBE Vector Group","hd":false},{"ty":"gr","it":[{"ind":0,"ty":"sh","ix":1,"ks":{"a":1,"k":[{"i":{"x":0.833,"y":0.833},"o":{"x":0.167,"y":0.167},"t":52,"s":[{"i":[[0,0],[0,0]],"o":[[0,0],[0,0]],"v":[[27.676,20.594],[26.324,19.406]],"c":false}]},{"i":{"x":0.667,"y":1},"o":{"x":0.167,"y":0.167},"t":59,"s":[{"i":[[0,0],[0,0]],"o":[[0,0],[0,0]],"v":[[27.676,20.594],[-27.676,-20.594]],"c":false}]},{"t":69,"s":[{"i":[[0,0],[0,0]],"o":[[0,0],[0,0]],"v":[[-26.324,-20.406],[-27.676,-20.594]],"c":false}]}],"ix":2},"nm":"Path 1","mn":"ADBE Vector Shape - Group","hd":false},{"ty":"st","c":{"a":0,"k":[0.607843137255,0.607843137255,0.61568627451,1],"ix":3},"o":{"a":0,"k":100,"ix":4},"w":{"a":0,"k":34.385,"ix":5},"lc":2,"lj":1,"ml":10,"bm":0,"nm":"Stroke 1","mn":"ADBE Vector Graphic - Stroke","hd":false},{"ty":"tr","p":{"a":1,"k":[{"i":{"x":0.667,"y":1},"o":{"x":0.333,"y":0},"t":52,"s":[212.483,552.593],"to":[-5,-3.333],"ti":[5,3.333]},{"t":68,"s":[182.483,532.593]}],"ix":2},"a":{"a":0,"k":[0,0],"ix":1},"s":{"a":0,"k":[100,100],"ix":3},"r":{"a":0,"k":0,"ix":6},"o":{"a":0,"k":100,"ix":7},"sk":{"a":0,"k":0,"ix":4},"sa":{"a":0,"k":0,"ix":5},"nm":"Transform"}],"nm":"Group 6","np":2,"cix":2,"bm":0,"ix":6,"mn":"ADBE Vector Group","hd":false}],"ip":52,"op":69,"st":0,"bm":0},{"ddd":0,"ind":2,"ty":4,"nm":"shine 1","parent":11,"sr":1,"ks":{"o":{"a":0,"k":100,"ix":11},"r":{"a":1,"k":[{"i":{"x":[0.4],"y":[1]},"o":{"x":[0.167],"y":[0.167]},"t":0,"s":[0]},{"i":{"x":[0.833],"y":[0.849]},"o":{"x":[0.6],"y":[0]},"t":30,"s":[31]},{"i":{"x":[0.4],"y":[1]},"o":{"x":[0.167],"y":[0.187]},"t":60,"s":[0]},{"i":{"x":[0.833],"y":[0.833]},"o":{"x":[0.6],"y":[0]},"t":90,"s":[-25]},{"t":120,"s":[0]}],"ix":10},"p":{"a":0,"k":[510,718,0],"ix":2,"l":2},"a":{"a":0,"k":[510,718,0],"ix":1,"l":2},"s":{"a":0,"k":[100,100,100],"ix":6,"l":2}},"ao":0,"shapes":[{"ty":"gr","it":[{"ind":0,"ty":"sh","ix":1,"ks":{"a":0,"k":{"i":[[11.04,15.12],[59.12,-57.761],[-10.96,-3.04],[-52.24,46.8]],"o":[[-5.52,-7.6],[-57.04,55.759],[12.4,3.44],[48,-42.88]],"v":[[89.68,-79.4],[-37.52,-27.799],[-89.76,83.56],[-10,-15.48]],"c":true},"ix":2},"nm":"Path 1","mn":"ADBE Vector Shape - Group","hd":false},{"ty":"fl","c":{"a":0,"k":[0.995999983245,1,0.980000035903,1],"ix":4},"o":{"a":0,"k":100,"ix":5},"r":1,"bm":0,"nm":"Fill 1","mn":"ADBE Vector Graphic - Fill","hd":false},{"ty":"tr","p":{"a":0,"k":[372.88,564.28],"ix":2},"a":{"a":0,"k":[0,0],"ix":1},"s":{"a":0,"k":[100,100],"ix":3},"r":{"a":0,"k":0,"ix":6},"o":{"a":0,"k":100,"ix":7},"sk":{"a":0,"k":0,"ix":4},"sa":{"a":0,"k":0,"ix":5},"nm":"Transform"}],"nm":"Group 2","np":2,"cix":2,"bm":0,"ix":1,"mn":"ADBE Vector Group","hd":false}],"ip":0,"op":120,"st":0,"bm":0},{"ddd":0,"ind":3,"ty":4,"nm":"shadow detail","sr":1,"ks":{"o":{"a":0,"k":100,"ix":11},"r":{"a":0,"k":0,"ix":10},"p":{"a":0,"k":[499.5,518,0],"ix":2,"l":2},"a":{"a":0,"k":[0,0,0],"ix":1,"l":2},"s":{"a":0,"k":[100,100,100],"ix":6,"l":2}},"ao":0,"shapes":[{"ty":"gr","it":[{"ind":0,"ty":"sh","ix":1,"ks":{"a":1,"k":[{"i":{"x":0.833,"y":0.833},"o":{"x":0.167,"y":0.167},"t":62,"s":[{"i":[[0,0],[0,0],[0,0]],"o":[[0,0],[0,0],[0,0]],"v":[[-64.055,-73.625],[-60.505,-70.683],[-53.983,-67.183]],"c":true}]},{"i":{"x":0.4,"y":1},"o":{"x":0.167,"y":0.167},"t":74,"s":[{"i":[[0,0],[0,0],[0,0]],"o":[[0,0],[0,0],[0,0]],"v":[[-56.593,-75.656],[-54.528,-71.796],[-46.897,-68.402]],"c":true}]},{"i":{"x":0.833,"y":0.833},"o":{"x":0.6,"y":0},"t":92,"s":[{"i":[[0,0],[0,0],[0,0]],"o":[[0,0],[0,0],[0,0]],"v":[[-52.571,-76.75],[-52.495,-68.933],[-43.078,-69.058]],"c":true}]},{"i":{"x":0.833,"y":0.833},"o":{"x":0.167,"y":0.167},"t":111,"s":[{"i":[[0,0],[0,0],[0,0]],"o":[[0,0],[0,0],[0,0]],"v":[[-57.111,-75.515],[-55.083,-71.625],[-47.39,-68.317]],"c":true}]},{"t":120,"s":[{"i":[[0,0],[0,0],[0,0]],"o":[[0,0],[0,0],[0,0]],"v":[[-64.055,-73.625],[-60.505,-70.683],[-53.983,-67.183]],"c":true}]}],"ix":2},"nm":"Path 1","mn":"ADBE Vector Shape - Group","hd":false},{"ty":"fl","c":{"a":0,"k":[0.607843137255,0.607843137255,0.61568627451,1],"ix":4},"o":{"a":0,"k":100,"ix":5},"r":1,"bm":0,"nm":"Fill 1","mn":"ADBE Vector Graphic - Fill","hd":false},{"ty":"tr","p":{"a":0,"k":[0,0],"ix":2},"a":{"a":0,"k":[0,0],"ix":1},"s":{"a":0,"k":[-129.528,100],"ix":3},"r":{"a":0,"k":0,"ix":6},"o":{"a":0,"k":100,"ix":7},"sk":{"a":0,"k":0,"ix":4},"sa":{"a":0,"k":0,"ix":5},"nm":"Transform"}],"nm":"Shape 1","np":3,"cix":2,"bm":0,"ix":1,"mn":"ADBE Vector Group","hd":false}],"ip":60,"op":115,"st":60,"bm":0},{"ddd":0,"ind":4,"ty":4,"nm":"shadow detail","sr":1,"ks":{"o":{"a":0,"k":100,"ix":11},"r":{"a":0,"k":0,"ix":10},"p":{"a":0,"k":[499.5,518,0],"ix":2,"l":2},"a":{"a":0,"k":[0,0,0],"ix":1,"l":2},"s":{"a":0,"k":[100,100,100],"ix":6,"l":2}},"ao":0,"shapes":[{"ty":"gr","it":[{"ind":0,"ty":"sh","ix":1,"ks":{"a":1,"k":[{"i":{"x":0.4,"y":1},"o":{"x":0.167,"y":0.167},"t":0,"s":[{"i":[[0,0],[0,0],[0,0],[0,0]],"o":[[0,0],[0,0],[0,0],[0,0]],"v":[[-74.75,-78.25],[-74.875,-78.375],[-61.508,-72.217],[-51.125,-67.5]],"c":true}]},{"i":{"x":0.833,"y":0.833},"o":{"x":0.6,"y":0},"t":32,"s":[{"i":[[0,0],[0,0],[0,0],[0,0]],"o":[[0,0],[0,0],[0,0],[0,0]],"v":[[-62.125,-84],[-62.875,-76.875],[-50.758,-70.842],[-39.375,-71]],"c":true}]},{"t":62,"s":[{"i":[[0,0],[0,0],[0,0],[0,0]],"o":[[0,0],[0,0],[0,0],[0,0]],"v":[[-74.75,-78.25],[-74.875,-78.375],[-61.508,-72.217],[-51.125,-67.5]],"c":true}]}],"ix":2},"nm":"Path 1","mn":"ADBE Vector Shape - Group","hd":false},{"ty":"fl","c":{"a":0,"k":[0.607843137255,0.607843137255,0.61568627451,1],"ix":4},"o":{"a":0,"k":100,"ix":5},"r":1,"bm":0,"nm":"Fill 1","mn":"ADBE Vector Graphic - Fill","hd":false},{"ty":"tr","p":{"a":0,"k":[0,0],"ix":2},"a":{"a":0,"k":[0,0],"ix":1},"s":{"a":0,"k":[100,100],"ix":3},"r":{"a":0,"k":0,"ix":6},"o":{"a":0,"k":100,"ix":7},"sk":{"a":0,"k":0,"ix":4},"sa":{"a":0,"k":0,"ix":5},"nm":"Transform"}],"nm":"Shape 1","np":3,"cix":2,"bm":0,"ix":1,"mn":"ADBE Vector Group","hd":false}],"ip":6,"op":61,"st":0,"bm":0},{"ddd":0,"ind":5,"ty":4,"nm":"ribon ","sr":1,"ks":{"o":{"a":0,"k":100,"ix":11},"r":{"a":0,"k":0,"ix":10},"p":{"a":0,"k":[512,512,0],"ix":2,"l":2},"a":{"a":0,"k":[512,512,0],"ix":1,"l":2},"s":{"a":0,"k":[100,100,100],"ix":6,"l":2}},"ao":0,"shapes":[{"ty":"gr","it":[{"ind":0,"ty":"sh","ix":1,"ks":{"a":1,"k":[{"i":{"x":0.4,"y":1},"o":{"x":0.167,"y":0.167},"t":0,"s":[{"i":[[4.8,-4.48],[0,0],[-72.16,-0.64],[0,0],[8.96,3.44],[58,0.64]],"o":[[-5.04,4.64],[0,0],[72.16,0.64],[0,0],[-4.4,-1.76],[-58.08,-0.72]],"v":[[-197.52,-174.4],[-9.84,173.44],[94.64,178.24],[202.56,174.08],[43.76,-174.4],[-78,-177.44]],"c":true}]},{"i":{"x":0.833,"y":0.833},"o":{"x":0.6,"y":0},"t":32,"s":[{"i":[[4.8,-4.48],[0,0],[-54.777,-0.64],[0,0],[8.96,3.44],[58,0.64]],"o":[[-5.04,4.64],[0,0],[54.777,0.64],[0,0],[-4.4,-1.76],[-58.08,-0.72]],"v":[[-197.52,-174.4],[17.065,173.44],[96.376,178.24],[178.299,174.08],[43.76,-174.4],[-78,-177.44]],"c":true}]},{"i":{"x":0.4,"y":1},"o":{"x":0.167,"y":0.167},"t":62,"s":[{"i":[[4.8,-4.48],[0,0],[-72.16,-0.64],[0,0],[8.96,3.44],[58,0.64]],"o":[[-5.04,4.64],[0,0],[72.16,0.64],[0,0],[-4.4,-1.76],[-58.08,-0.72]],"v":[[-197.52,-174.4],[-9.84,173.44],[94.64,178.24],[202.56,174.08],[43.76,-174.4],[-78,-177.44]],"c":true}]},{"i":{"x":0.833,"y":0.833},"o":{"x":0.6,"y":0},"t":92,"s":[{"i":[[4.8,-4.48],[0,0],[-54.777,-0.64],[0,0],[8.96,3.44],[58,0.64]],"o":[[-5.04,4.64],[0,0],[54.777,0.64],[0,0],[-4.4,-1.76],[-58.08,-0.72]],"v":[[-197.52,-174.4],[17.065,173.44],[96.376,178.24],[178.299,174.08],[43.76,-174.4],[-78,-177.44]],"c":true}]},{"t":120,"s":[{"i":[[4.8,-4.48],[0,0],[-72.16,-0.64],[0,0],[8.96,3.44],[58,0.64]],"o":[[-5.04,4.64],[0,0],[72.16,0.64],[0,0],[-4.4,-1.76],[-58.08,-0.72]],"v":[[-197.52,-174.4],[-9.84,173.44],[94.64,178.24],[202.56,174.08],[43.76,-174.4],[-78,-177.44]],"c":true}]}],"ix":2},"nm":"Path 1","mn":"ADBE Vector Shape - Group","hd":false},{"ty":"fl","c":{"a":0,"k":[0.180000005984,0.616000007181,0.957000014361,1],"ix":4},"o":{"a":0,"k":100,"ix":5},"r":1,"bm":0,"nm":"Fill 1","mn":"ADBE Vector Graphic - Fill","hd":false},{"ty":"tr","p":{"a":0,"k":[401.6,204.16],"ix":2},"a":{"a":0,"k":[0,0],"ix":1},"s":{"a":0,"k":[100,100],"ix":3},"r":{"a":0,"k":0,"ix":6},"o":{"a":0,"k":100,"ix":7},"sk":{"a":0,"k":0,"ix":4},"sa":{"a":0,"k":0,"ix":5},"nm":"Transform"}],"nm":"Group 1","np":2,"cix":2,"bm":0,"ix":1,"mn":"ADBE Vector Group","hd":false},{"ty":"gr","it":[{"ind":0,"ty":"sh","ix":1,"ks":{"a":1,"k":[{"i":{"x":0.4,"y":1},"o":{"x":0.167,"y":0.167},"t":0,"s":[{"i":[[9.52,0],[0,-13.52],[-9.52,0.8],[0.72,10.64]],"o":[[-7.52,0],[0,12.64],[7.84,-0.64],[-0.72,-12.64]],"v":[[-0.36,-22.32],[-12.2,-0.96],[1.64,21.52],[11.48,-1.76]],"c":true}]},{"i":{"x":0.833,"y":0.833},"o":{"x":0.6,"y":0},"t":32,"s":[{"i":[[9.52,0],[-0.154,-12.033],[-9.539,0.305],[0.72,10.64]],"o":[[-7.52,0],[0.161,12.638],[9.053,-0.238],[-0.399,-11.491]],"v":[[2.179,-28.986],[-15.347,-14.041],[3.596,3.19],[19.997,-14.112]],"c":true}]},{"i":{"x":0.4,"y":1},"o":{"x":0.167,"y":0.167},"t":62,"s":[{"i":[[9.52,0],[0,-13.52],[-9.52,0.8],[0.72,10.64]],"o":[[-7.52,0],[0,12.64],[7.84,-0.64],[-0.72,-12.64]],"v":[[-0.36,-22.32],[-12.2,-0.96],[1.64,21.52],[11.48,-1.76]],"c":true}]},{"i":{"x":0.833,"y":0.833},"o":{"x":0.6,"y":0},"t":92,"s":[{"i":[[9.52,0],[-0.154,-12.033],[-9.539,0.305],[0.72,10.64]],"o":[[-7.52,0],[0.161,12.638],[9.053,-0.238],[-0.399,-11.491]],"v":[[2.179,-28.986],[-15.347,-14.041],[3.596,3.19],[19.997,-14.112]],"c":true}]},{"t":120,"s":[{"i":[[9.52,0],[0,-13.52],[-9.52,0.8],[0.72,10.64]],"o":[[-7.52,0],[0,12.64],[7.84,-0.64],[-0.72,-12.64]],"v":[[-0.36,-22.32],[-12.2,-0.96],[1.64,21.52],[11.48,-1.76]],"c":true}]}],"ix":2},"nm":"Path 1","mn":"ADBE Vector Shape - Group","hd":false},{"ty":"fl","c":{"a":0,"k":[0.991999966491,1,1,1],"ix":4},"o":{"a":0,"k":100,"ix":5},"r":1,"bm":0,"nm":"Fill 1","mn":"ADBE Vector Graphic - Fill","hd":false},{"ty":"tr","p":{"a":0,"k":[474.44,431.68],"ix":2},"a":{"a":0,"k":[0,0],"ix":1},"s":{"a":0,"k":[100,100],"ix":3},"r":{"a":0,"k":0,"ix":6},"o":{"a":0,"k":100,"ix":7},"sk":{"a":0,"k":0,"ix":4},"sa":{"a":0,"k":0,"ix":5},"nm":"Transform"}],"nm":"Group 2","np":2,"cix":2,"bm":0,"ix":2,"mn":"ADBE Vector Group","hd":false},{"ty":"gr","it":[{"ind":0,"ty":"sh","ix":1,"ks":{"a":1,"k":[{"i":{"x":0.4,"y":1},"o":{"x":0.167,"y":0.167},"t":0,"s":[{"i":[[0,0],[5.52,2.8],[7.52,-0.4],[0,0],[0,0],[0,0],[0,0],[0,0]],"o":[[0,0],[-5.52,-2.8],[-7.52,0.4],[0,0],[0,0],[0,0],[0,0],[0,0]],"v":[[61.12,5],[55.36,-9],[-46.56,-10.92],[-54.08,2.92],[-114.88,-26.68],[-114.88,-32.6],[111.52,-31],[111.92,-24.28]],"c":true}]},{"i":{"x":0.833,"y":0.833},"o":{"x":0.6,"y":0},"t":32,"s":[{"i":[[0,0],[5.52,2.8],[7.52,-0.4],[0,0],[0,0],[0,0],[0,0],[0,0]],"o":[[0,0],[-5.52,-2.8],[-7.52,0.4],[0,0],[0,0],[0,0],[0,0],[0,0]],"v":[[61.12,5],[55.36,-9],[-46.56,-10.92],[-54.08,-7.08],[-87.455,-26.68],[-87.455,-32.6],[84.407,-31],[84.71,-24.28]],"c":true}]},{"i":{"x":0.4,"y":1},"o":{"x":0.167,"y":0.167},"t":62,"s":[{"i":[[0,0],[5.52,2.8],[7.52,-0.4],[0,0],[0,0],[0,0],[0,0],[0,0]],"o":[[0,0],[-5.52,-2.8],[-7.52,0.4],[0,0],[0,0],[0,0],[0,0],[0,0]],"v":[[61.12,5],[55.36,-9],[-46.56,-10.92],[-54.08,2.92],[-114.88,-26.68],[-114.88,-32.6],[111.52,-31],[111.92,-24.28]],"c":true}]},{"i":{"x":0.833,"y":0.833},"o":{"x":0.6,"y":0},"t":92,"s":[{"i":[[0,0],[5.52,2.8],[7.52,-0.4],[0,0],[0,0],[0,0],[0,0],[0,0]],"o":[[0,0],[-5.52,-2.8],[-7.52,0.4],[0,0],[0,0],[0,0],[0,0],[0,0]],"v":[[61.12,-6],[55.36,-9],[-46.56,-10.92],[-54.08,2.92],[-87.455,-26.68],[-87.455,-32.6],[84.407,-31],[84.71,-24.28]],"c":true}]},{"t":120,"s":[{"i":[[0,0],[5.52,2.8],[7.52,-0.4],[0,0],[0,0],[0,0],[0,0],[0,0]],"o":[[0,0],[-5.52,-2.8],[-7.52,0.4],[0,0],[0,0],[0,0],[0,0],[0,0]],"v":[[61.12,5],[55.36,-9],[-46.56,-10.92],[-54.08,2.92],[-114.88,-26.68],[-114.88,-32.6],[111.52,-31],[111.92,-24.28]],"c":true}]}],"ix":2},"nm":"Path 1","mn":"ADBE Vector Shape - Group","hd":false},{"ind":1,"ty":"sh","ix":2,"ks":{"a":1,"k":[{"i":{"x":0.4,"y":1},"o":{"x":0.167,"y":0.167},"t":0,"s":[{"i":[[9.68,5.2],[6.72,-9.68],[-2.96,-5.2],[0,0],[0,0],[-53.44,0],[0,0],[0,0],[-4.4,3.68]],"o":[[-9.68,-5.2],[-6.08,8.8],[2.96,5.2],[0,0],[0,0],[53.44,0],[0,0],[0,0],[4.48,-3.76]],"v":[[148.96,-61.64],[-152.56,-61.64],[-154.8,-7.4],[-56,42.36],[-56.08,58.6],[2.64,71.32],[61.6,60.52],[62.08,44.12],[150.4,-1.48]],"c":true}]},{"i":{"x":0.833,"y":0.833},"o":{"x":0.6,"y":0},"t":32,"s":[{"i":[[7.348,5.2],[5.101,-9.68],[-2.247,-5.2],[0,0],[0,0],[-53.44,0],[0,0],[0,0],[-3.34,3.68]],"o":[[-7.349,-5.2],[-4.615,8.8],[2.247,5.2],[0,0],[0,0],[53.44,0],[0,0],[0,0],[3.401,-3.76]],"v":[[112.828,-61.64],[-116.058,-61.64],[-117.758,-7.4],[-56,32.36],[-56.08,58.6],[2.64,71.32],[61.6,60.52],[62.08,44.12],[113.921,-1.48]],"c":true}]},{"i":{"x":0.4,"y":1},"o":{"x":0.167,"y":0.167},"t":62,"s":[{"i":[[9.68,5.2],[6.72,-9.68],[-2.96,-5.2],[0,0],[0,0],[-53.44,0],[0,0],[0,0],[-4.4,3.68]],"o":[[-9.68,-5.2],[-6.08,8.8],[2.96,5.2],[0,0],[0,0],[53.44,0],[0,0],[0,0],[4.48,-3.76]],"v":[[148.96,-61.64],[-152.56,-61.64],[-154.8,-7.4],[-56,42.36],[-56.08,58.6],[2.64,71.32],[61.6,60.52],[62.08,44.12],[150.4,-1.48]],"c":true}]},{"i":{"x":0.833,"y":0.833},"o":{"x":0.6,"y":0},"t":92,"s":[{"i":[[7.348,5.2],[5.101,-9.68],[-2.247,-5.2],[0,0],[0,0],[-53.44,0],[0,0],[0,0],[-3.34,3.68]],"o":[[-7.349,-5.2],[-4.615,8.8],[2.247,5.2],[0,0],[0,0],[53.44,0],[0,0],[0,0],[3.401,-3.76]],"v":[[112.828,-61.64],[-116.058,-61.64],[-117.758,-7.4],[-56,42.36],[-56.08,58.6],[2.64,71.32],[61.6,60.52],[62.08,33.12],[113.921,-1.48]],"c":true}]},{"t":120,"s":[{"i":[[9.68,5.2],[6.72,-9.68],[-2.96,-5.2],[0,0],[0,0],[-53.44,0],[0,0],[0,0],[-4.4,3.68]],"o":[[-9.68,-5.2],[-6.08,8.8],[2.96,5.2],[0,0],[0,0],[53.44,0],[0,0],[0,0],[4.48,-3.76]],"v":[[148.96,-61.64],[-152.56,-61.64],[-154.8,-7.4],[-56,42.36],[-56.08,58.6],[2.64,71.32],[61.6,60.52],[62.08,44.12],[150.4,-1.48]],"c":true}]}],"ix":2},"nm":"Path 2","mn":"ADBE Vector Shape - Group","hd":false},{"ty":"fl","c":{"a":0,"k":[0.807843197093,0.803921628466,0.823529471603,1],"ix":4},"o":{"a":0,"k":100,"ix":5},"r":1,"bm":0,"nm":"Fill 1","mn":"ADBE Vector Graphic - Fill","hd":false},{"ty":"tr","p":{"a":0,"k":[504.48,407.96],"ix":2},"a":{"a":0,"k":[0,0],"ix":1},"s":{"a":0,"k":[100,100],"ix":3},"r":{"a":0,"k":0,"ix":6},"o":{"a":0,"k":100,"ix":7},"sk":{"a":0,"k":0,"ix":4},"sa":{"a":0,"k":0,"ix":5},"nm":"Transform"}],"nm":"Group 3","np":3,"cix":2,"bm":0,"ix":3,"mn":"ADBE Vector Group","hd":false},{"ty":"gr","it":[{"ind":0,"ty":"sh","ix":1,"ks":{"a":1,"k":[{"i":{"x":0.4,"y":1},"o":{"x":0.167,"y":0.167},"t":0,"s":[{"i":[[8.08,-7.2],[0,0],[0,0],[0,0],[-3.28,6.96],[22.32,0]],"o":[[-8.64,7.68],[0,0],[0,0],[0,0],[5.84,-12.64],[-22.32,-0.08]],"v":[[-58.48,-167.76],[-134.32,-26.72],[-184.32,174.96],[10.24,157.12],[175.36,-150.8],[162,-168.64]],"c":true}]},{"i":{"x":0.833,"y":0.833},"o":{"x":0.6,"y":0},"t":32,"s":[{"i":[[8.08,-7.2],[0,0],[0,0],[0,0],[-3.28,6.96],[22.32,0]],"o":[[-8.64,7.68],[0,0],[0,0],[0,0],[5.84,-12.64],[-22.32,-0.08]],"v":[[-58.48,-167.76],[-134.32,-26.72],[-165.875,174.96],[-18.184,157.12],[175.36,-150.8],[162,-168.64]],"c":true}]},{"i":{"x":0.4,"y":1},"o":{"x":0.167,"y":0.167},"t":62,"s":[{"i":[[8.08,-7.2],[0,0],[0,0],[0,0],[-3.28,6.96],[22.32,0]],"o":[[-8.64,7.68],[0,0],[0,0],[0,0],[5.84,-12.64],[-22.32,-0.08]],"v":[[-58.48,-167.76],[-134.32,-26.72],[-184.32,174.96],[10.24,157.12],[175.36,-150.8],[162,-168.64]],"c":true}]},{"i":{"x":0.833,"y":0.833},"o":{"x":0.6,"y":0},"t":92,"s":[{"i":[[8.08,-7.2],[0,0],[0,0],[0,0],[-3.28,6.96],[22.32,0]],"o":[[-8.64,7.68],[0,0],[0,0],[0,0],[5.84,-12.64],[-22.32,-0.08]],"v":[[-58.48,-167.76],[-134.32,-26.72],[-165.875,174.96],[-18.184,157.12],[175.36,-150.8],[162,-168.64]],"c":true}]},{"t":120,"s":[{"i":[[8.08,-7.2],[0,0],[0,0],[0,0],[-3.28,6.96],[22.32,0]],"o":[[-8.64,7.68],[0,0],[0,0],[0,0],[5.84,-12.64],[-22.32,-0.08]],"v":[[-58.48,-167.76],[-134.32,-26.72],[-184.32,174.96],[10.24,157.12],[175.36,-150.8],[162,-168.64]],"c":true}]}],"ix":2},"nm":"Path 1","mn":"ADBE Vector Shape - Group","hd":false},{"ty":"fl","c":{"a":0,"k":[0.090000002992,0.423999980852,0.779999976065,1],"ix":4},"o":{"a":0,"k":100,"ix":5},"r":1,"bm":0,"nm":"Fill 1","mn":"ADBE Vector Graphic - Fill","hd":false},{"ty":"tr","p":{"a":0,"k":[611.2,201.68],"ix":2},"a":{"a":0,"k":[0,0],"ix":1},"s":{"a":0,"k":[100,100],"ix":3},"r":{"a":0,"k":0,"ix":6},"o":{"a":0,"k":100,"ix":7},"sk":{"a":0,"k":0,"ix":4},"sa":{"a":0,"k":0,"ix":5},"nm":"Transform"}],"nm":"Group 4","np":2,"cix":2,"bm":0,"ix":4,"mn":"ADBE Vector Group","hd":false}],"ip":0,"op":120,"st":0,"bm":0},{"ddd":0,"ind":6,"ty":4,"nm":"ribon shadows","sr":1,"ks":{"o":{"a":0,"k":100,"ix":11},"r":{"a":0,"k":0,"ix":10},"p":{"a":1,"k":[{"i":{"x":0.4,"y":1},"o":{"x":0.167,"y":0.167},"t":0,"s":[512,512,0],"to":[0,0,0],"ti":[0,0,0]},{"i":{"x":0.833,"y":0.821},"o":{"x":0.6,"y":0},"t":32,"s":[498,512,0],"to":[0,0,0],"ti":[0,0,0]},{"i":{"x":0.4,"y":1},"o":{"x":0.167,"y":0.156},"t":62,"s":[512,512,0],"to":[0,0,0],"ti":[0,0,0]},{"i":{"x":0.833,"y":0.833},"o":{"x":0.6,"y":0},"t":92,"s":[528,512,0],"to":[0,0,0],"ti":[0,0,0]},{"t":120,"s":[512,512,0]}],"ix":2,"l":2},"a":{"a":0,"k":[512,512,0],"ix":1,"l":2},"s":{"a":0,"k":[100,100,100],"ix":6,"l":2}},"ao":0,"shapes":[{"ty":"gr","it":[{"ind":0,"ty":"sh","ix":1,"ks":{"a":1,"k":[{"i":{"x":0.4,"y":1},"o":{"x":0.167,"y":0.167},"t":0,"s":[{"i":[[0,0],[0,0],[0,0],[0,0],[0,0],[0,0]],"o":[[0,0],[0,0],[0,0],[0,0],[0,0],[0,0]],"v":[[61.12,5],[-54.08,2.92],[-114.88,-26.68],[-114.88,-32.6],[111.52,-31],[111.92,-24.28]],"c":true}]},{"i":{"x":0.833,"y":0.833},"o":{"x":0.6,"y":0},"t":32,"s":[{"i":[[0,0],[0,0],[0,0],[0,0],[0,0],[0,0]],"o":[[0,0],[0,0],[0,0],[0,0],[0,0],[0,0]],"v":[[61.12,5],[-40.08,2.42],[-87.455,-26.68],[-87.455,-32.6],[84.407,-31],[84.71,-24.28]],"c":true}]},{"i":{"x":0.4,"y":1},"o":{"x":0.167,"y":0.167},"t":62,"s":[{"i":[[0,0],[0,0],[0,0],[0,0],[0,0],[0,0]],"o":[[0,0],[0,0],[0,0],[0,0],[0,0],[0,0]],"v":[[61.12,5],[-54.08,2.92],[-114.88,-26.68],[-114.88,-32.6],[111.52,-31],[111.92,-24.28]],"c":true}]},{"i":{"x":0.833,"y":0.833},"o":{"x":0.6,"y":0},"t":92,"s":[{"i":[[0,0],[0,0],[0,0],[0,0],[0,0],[0,0]],"o":[[0,0],[0,0],[0,0],[0,0],[0,0],[0,0]],"v":[[47.62,2.5],[-54.08,2.92],[-87.455,-26.68],[-87.455,-32.6],[84.407,-31],[84.71,-24.28]],"c":true}]},{"t":120,"s":[{"i":[[0,0],[0,0],[0,0],[0,0],[0,0],[0,0]],"o":[[0,0],[0,0],[0,0],[0,0],[0,0],[0,0]],"v":[[61.12,5],[-54.08,2.92],[-114.88,-26.68],[-114.88,-32.6],[111.52,-31],[111.92,-24.28]],"c":true}]}],"ix":2},"nm":"Path 1","mn":"ADBE Vector Shape - Group","hd":false},{"ind":1,"ty":"sh","ix":2,"ks":{"a":1,"k":[{"i":{"x":0.4,"y":1},"o":{"x":0.167,"y":0.167},"t":0,"s":[{"i":[[9.68,5.2],[6.72,-9.68],[-2.96,-5.2],[0,0],[0,0],[0,0],[-4.4,3.68]],"o":[[-9.68,-5.2],[-6.08,8.8],[2.96,5.2],[0,0],[0,0],[0,0],[4.48,-3.76]],"v":[[148.96,-61.64],[-152.56,-61.64],[-154.8,-7.4],[-56,42.36],[9.652,43.339],[62.08,44.12],[150.4,-1.48]],"c":true}]},{"i":{"x":0.833,"y":0.833},"o":{"x":0.6,"y":0},"t":32,"s":[{"i":[[7.348,5.2],[5.101,-9.68],[-2.247,-5.2],[0,0],[0,0],[0,0],[-3.34,3.68]],"o":[[-7.349,-5.2],[-4.615,8.8],[2.247,5.2],[0,0],[0,0],[0,0],[3.401,-3.76]],"v":[[112.828,-61.64],[-116.058,-61.64],[-117.758,-7.4],[-56,32.36],[7.456,60.68],[62.08,44.12],[113.921,-1.48]],"c":true}]},{"i":{"x":0.4,"y":1},"o":{"x":0.167,"y":0.167},"t":62,"s":[{"i":[[9.68,5.2],[6.72,-9.68],[-2.96,-5.2],[0,0],[0,0],[0,0],[-4.4,3.68]],"o":[[-9.68,-5.2],[-6.08,8.8],[2.96,5.2],[0,0],[0,0],[0,0],[4.48,-3.76]],"v":[[148.96,-61.64],[-152.56,-61.64],[-154.8,-7.4],[-56,42.36],[9.652,43.339],[62.08,44.12],[150.4,-1.48]],"c":true}]},{"i":{"x":0.833,"y":0.833},"o":{"x":0.6,"y":0},"t":92,"s":[{"i":[[7.348,5.2],[5.101,-9.68],[-2.247,-5.2],[0,0],[0,0],[0,0],[-3.34,3.68]],"o":[[-7.349,-5.2],[-4.615,8.8],[2.247,5.2],[0,0],[0,0],[0,0],[3.401,-3.76]],"v":[[112.828,-61.64],[-116.058,-61.64],[-117.758,-7.4],[-56,42.36],[9.652,60.223],[62.08,33.12],[113.921,-1.48]],"c":true}]},{"t":120,"s":[{"i":[[9.68,5.2],[6.72,-9.68],[-2.96,-5.2],[0,0],[0,0],[0,0],[-4.4,3.68]],"o":[[-9.68,-5.2],[-6.08,8.8],[2.96,5.2],[0,0],[0,0],[0,0],[4.48,-3.76]],"v":[[148.96,-61.64],[-152.56,-61.64],[-154.8,-7.4],[-56,42.36],[9.652,43.339],[62.08,44.12],[150.4,-1.48]],"c":true}]}],"ix":2},"nm":"Path 2","mn":"ADBE Vector Shape - Group","hd":false},{"ty":"fl","c":{"a":0,"k":[0.607843137255,0.607843137255,0.61568627451,1],"ix":4},"o":{"a":0,"k":100,"ix":5},"r":1,"bm":0,"nm":"Fill 1","mn":"ADBE Vector Graphic - Fill","hd":false},{"ty":"tr","p":{"a":0,"k":[504.48,407.96],"ix":2},"a":{"a":0,"k":[0,0],"ix":1},"s":{"a":0,"k":[100,100],"ix":3},"r":{"a":0,"k":0,"ix":6},"o":{"a":0,"k":100,"ix":7},"sk":{"a":0,"k":0,"ix":4},"sa":{"a":0,"k":0,"ix":5},"nm":"Transform"}],"nm":"Group 3","np":3,"cix":2,"bm":0,"ix":1,"mn":"ADBE Vector Group","hd":false}],"ip":0,"op":120,"st":0,"bm":0},{"ddd":0,"ind":7,"ty":4,"nm":"number 2 mask","parent":11,"td":1,"sr":1,"ks":{"o":{"a":0,"k":100,"ix":11},"r":{"a":0,"k":0,"ix":10},"p":{"a":0,"k":[512,504,0],"ix":2,"l":2},"a":{"a":0,"k":[512,512,0],"ix":1,"l":2},"s":{"a":0,"k":[100,100,100],"ix":6,"l":2}},"ao":0,"shapes":[{"ty":"gr","it":[{"ind":0,"ty":"sh","ix":1,"ks":{"a":0,"k":{"i":[[-26.88,-0.319],[-6.88,6.88],[-17.52,-15.839],[32.8,-54.24],[-6.8,-8.32],[-2.239,4.16],[3.839,2.64],[0,0],[-27.92,24.16],[6.56,43.04],[38.8,-30.96]],"o":[[8.32,0.08],[14.64,-14.72],[43.04,39.12],[-24.48,40.48],[6.8,8.321],[2.24,-4.16],[-3.841,-2.64],[0,0],[30.64,-26.48],[-13.6,-88.96],[-37.84,30.16]],"v":[[-57.96,-39.601],[-35.32,-57.681],[12.2,-68.241],[-63.96,64.799],[-86.6,144.719],[87.96,148.479],[88.681,86.239],[3.48,85.119],[38.2,45.119],[86.84,-60.801],[-55.16,-122.08]],"c":true},"ix":2},"nm":"Path 1","mn":"ADBE Vector Shape - Group","hd":false},{"ty":"fl","c":{"a":0,"k":[0.607999973671,0.607999973671,0.616000007181,1],"ix":4},"o":{"a":0,"k":100,"ix":5},"r":1,"bm":0,"nm":"Fill 1","mn":"ADBE Vector Graphic - Fill","hd":false},{"ty":"tr","p":{"a":0,"k":[512.76,730.401],"ix":2},"a":{"a":0,"k":[0,0],"ix":1},"s":{"a":0,"k":[100,100],"ix":3},"r":{"a":0,"k":0,"ix":6},"o":{"a":0,"k":100,"ix":7},"sk":{"a":0,"k":0,"ix":4},"sa":{"a":0,"k":0,"ix":5},"nm":"Transform"}],"nm":"Group 1","np":2,"cix":2,"bm":0,"ix":1,"mn":"ADBE Vector Group","hd":false}],"ip":0,"op":136,"st":0,"bm":0},{"ddd":0,"ind":8,"ty":4,"nm":"number 2","parent":11,"tt":1,"sr":1,"ks":{"o":{"a":0,"k":100,"ix":11},"r":{"a":0,"k":0,"ix":10},"p":{"a":1,"k":[{"i":{"x":0.4,"y":1},"o":{"x":0.167,"y":0.167},"t":0,"s":[512,504,0],"to":[-4.286,0,0],"ti":[0,0,0]},{"i":{"x":0.833,"y":0.824},"o":{"x":0.6,"y":0},"t":30,"s":[486.286,504,0],"to":[0,0,0],"ti":[-9.048,0,0]},{"i":{"x":0.4,"y":1},"o":{"x":0.167,"y":0.158},"t":60,"s":[512,504,0],"to":[9.048,0,0],"ti":[0,0,0]},{"i":{"x":0.833,"y":0.833},"o":{"x":0.6,"y":0},"t":90,"s":[540.571,504,0],"to":[0,0,0],"ti":[4.762,0,0]},{"t":120,"s":[512,504,0]}],"ix":2,"l":2},"a":{"a":0,"k":[512,512,0],"ix":1,"l":2},"s":{"a":0,"k":[100,100,100],"ix":6,"l":2}},"ao":0,"shapes":[{"ty":"gr","it":[{"ind":0,"ty":"sh","ix":1,"ks":{"a":1,"k":[{"i":{"x":0.833,"y":0.833},"o":{"x":0.167,"y":0.167},"t":0,"s":[{"i":[[-26.88,-0.319],[-6.88,6.88],[-17.52,-15.839],[32.8,-54.24],[-6.8,-8.32],[-2.239,4.16],[3.839,2.64],[0,0],[-27.92,24.16],[6.56,43.04],[38.8,-30.96]],"o":[[8.32,0.08],[14.64,-14.72],[43.04,39.12],[-24.48,40.48],[6.8,8.321],[2.24,-4.16],[-3.841,-2.64],[0,0],[30.64,-26.48],[-13.6,-88.96],[-37.84,30.16]],"v":[[-57.96,-39.601],[-35.32,-57.681],[12.2,-68.241],[-63.96,64.799],[-86.6,144.719],[87.96,148.479],[88.681,86.239],[3.48,85.119],[38.2,45.119],[86.84,-60.801],[-55.16,-122.08]],"c":true}]},{"i":{"x":0.667,"y":1},"o":{"x":0.167,"y":0.167},"t":10,"s":[{"i":[[-26.88,-0.319],[-6.88,6.88],[-26,-10.779],[32.8,-54.24],[-6.8,-8.32],[-2.239,4.16],[3.839,2.64],[0,0],[-27.92,24.16],[6.56,43.04],[38.8,-30.96]],"o":[[8.32,0.08],[14.64,-14.72],[43.04,39.12],[-24.48,40.48],[6.8,8.321],[2.24,-4.16],[-3.841,-2.64],[0,0],[30.64,-26.48],[-13.6,-88.96],[-37.84,30.16]],"v":[[-57.96,-39.601],[-35.32,-57.681],[21.401,-73.574],[-63.96,64.799],[-86.6,144.719],[87.96,148.479],[88.681,86.239],[3.48,85.119],[38.2,45.119],[86.84,-60.801],[-55.16,-122.08]],"c":true}]},{"i":{"x":0.833,"y":0.833},"o":{"x":0.333,"y":0},"t":30,"s":[{"i":[[-26.88,-0.319],[-6.88,6.88],[-42.96,-0.66],[32.8,-54.24],[-6.8,-8.32],[-2.239,4.16],[3.839,2.64],[0,0],[-27.92,24.16],[6.56,43.04],[38.8,-30.96]],"o":[[8.32,0.08],[14.64,-14.72],[43.04,39.12],[-24.48,40.48],[6.8,8.321],[2.24,-4.16],[-3.841,-2.64],[0,0],[30.64,-26.48],[-13.6,-88.96],[-37.84,30.16]],"v":[[-57.96,-39.601],[-35.32,-57.681],[27.2,-75.241],[-63.96,64.799],[-86.6,144.719],[87.96,148.479],[88.681,86.239],[3.48,85.119],[38.2,45.119],[86.84,-60.801],[-55.16,-122.08]],"c":true}]},{"i":{"x":0.667,"y":1},"o":{"x":0.167,"y":0.167},"t":50,"s":[{"i":[[-26.88,-0.319],[-6.88,6.88],[-35.493,-1.845],[32.8,-54.24],[-6.8,-8.32],[-2.239,4.16],[3.839,2.64],[0,0],[-27.92,24.16],[6.56,43.04],[38.8,-30.96]],"o":[[8.32,0.08],[14.64,-14.72],[43.04,39.12],[-24.48,40.48],[6.8,8.321],[2.24,-4.16],[-3.841,-2.64],[0,0],[30.64,-26.48],[-13.6,-88.96],[-37.84,30.16]],"v":[[-57.96,-39.601],[-35.32,-57.681],[14.622,-75.556],[-63.96,64.799],[-86.6,144.719],[87.96,148.479],[88.681,86.239],[3.48,85.119],[38.2,45.119],[86.84,-60.801],[-55.16,-122.08]],"c":true}]},{"i":{"x":0.833,"y":0.833},"o":{"x":0.333,"y":0},"t":60,"s":[{"i":[[-26.88,-0.319],[-6.88,6.88],[-17.52,-15.839],[32.8,-54.24],[-6.8,-8.32],[-2.239,4.16],[3.839,2.64],[0,0],[-27.92,24.16],[6.56,43.04],[38.8,-30.96]],"o":[[8.32,0.08],[14.64,-14.72],[43.04,39.12],[-24.48,40.48],[6.8,8.321],[2.24,-4.16],[-3.841,-2.64],[0,0],[30.64,-26.48],[-13.6,-88.96],[-37.84,30.16]],"v":[[-57.96,-39.601],[-35.32,-57.681],[12.2,-68.241],[-63.96,64.799],[-86.6,144.719],[87.96,148.479],[88.681,86.239],[3.48,85.119],[38.2,45.119],[86.84,-60.801],[-55.16,-122.08]],"c":true}]},{"i":{"x":0.833,"y":0.833},"o":{"x":0.167,"y":0.167},"t":67,"s":[{"i":[[-26.88,-0.319],[-6.88,6.88],[-8.556,-8.16],[32.8,-54.24],[-6.8,-8.32],[-2.239,4.16],[3.839,2.64],[0,0],[-27.92,24.16],[6.56,43.04],[38.8,-30.96]],"o":[[8.32,0.08],[17.908,0.186],[43.04,39.12],[-24.48,40.48],[6.8,8.321],[2.24,-4.16],[-3.841,-2.64],[0,0],[30.64,-26.48],[-13.6,-88.96],[-37.84,30.16]],"v":[[-57.96,-39.601],[-20.624,-75.086],[12.2,-68.241],[-63.96,64.799],[-86.6,144.719],[87.96,148.479],[88.681,86.239],[3.48,85.119],[38.2,45.119],[86.84,-60.801],[-55.16,-122.08]],"c":true}]},{"i":{"x":0.833,"y":1},"o":{"x":0.167,"y":0.167},"t":71,"s":[{"i":[[-26.88,-0.319],[-6.88,6.88],[-9.014,-8.66],[32.8,-54.24],[-6.8,-8.32],[-2.239,4.16],[3.839,2.64],[0,0],[-27.92,24.16],[6.56,43.04],[38.8,-30.96]],"o":[[8.32,0.08],[19.254,0.248],[43.04,39.12],[-24.48,40.48],[6.8,8.321],[2.24,-4.16],[-3.841,-2.64],[0,0],[30.64,-26.48],[-13.6,-88.96],[-37.84,30.16]],"v":[[-57.96,-39.601],[-23.243,-75.899],[12.2,-68.241],[-63.96,64.799],[-86.6,144.719],[87.96,148.479],[88.681,86.239],[3.48,85.119],[38.2,45.119],[86.84,-60.801],[-55.16,-122.08]],"c":true}]},{"i":{"x":0.833,"y":0.833},"o":{"x":0.167,"y":0},"t":90,"s":[{"i":[[-26.88,-0.319],[-6.88,6.88],[-8.674,-8.16],[32.8,-54.24],[-6.8,-8.32],[-2.239,4.16],[3.839,2.64],[0,0],[-27.92,24.16],[6.56,43.04],[38.8,-30.96]],"o":[[8.32,0.08],[29.56,0.53],[43.04,39.12],[-24.48,40.48],[6.8,8.321],[2.24,-4.16],[-3.841,-2.64],[0,0],[30.64,-26.48],[-13.6,-88.96],[-37.84,30.16]],"v":[[-57.96,-39.601],[-36.034,-76.181],[12.2,-68.241],[-63.96,64.799],[-86.6,144.719],[87.96,148.479],[88.681,86.239],[3.48,85.119],[38.2,45.119],[86.84,-60.801],[-55.16,-122.08]],"c":true}]},{"i":{"x":0.833,"y":0.833},"o":{"x":0.167,"y":0.167},"t":108,"s":[{"i":[[-26.88,-0.319],[-6.88,6.88],[-5.256,-6.16],[32.8,-54.24],[-6.8,-8.32],[-2.239,4.16],[3.839,2.64],[0,0],[-27.92,24.16],[6.56,43.04],[38.8,-30.96]],"o":[[8.32,0.08],[22.6,0.714],[43.04,39.12],[-24.48,40.48],[6.8,8.321],[2.24,-4.16],[-3.841,-2.64],[0,0],[30.64,-26.48],[-13.6,-88.96],[-37.84,30.16]],"v":[[-57.96,-39.601],[-23.729,-76.115],[12.2,-68.241],[-63.96,64.799],[-86.6,144.719],[87.96,148.479],[88.681,86.239],[3.48,85.119],[38.2,45.119],[86.84,-60.801],[-55.16,-122.08]],"c":true}]},{"i":{"x":0.667,"y":1},"o":{"x":0.167,"y":0.167},"t":115,"s":[{"i":[[-26.88,-0.319],[-6.88,6.88],[-7.826,-8.66],[32.8,-54.24],[-6.8,-8.32],[-2.239,4.16],[3.839,2.64],[0,0],[-27.92,24.16],[6.56,43.04],[38.8,-30.96]],"o":[[8.32,0.08],[12.881,1.008],[43.04,39.12],[-24.48,40.48],[6.8,8.321],[2.24,-4.16],[-3.841,-2.64],[0,0],[30.64,-26.48],[-13.6,-88.96],[-37.84,30.16]],"v":[[-57.96,-39.601],[-13.135,-76.159],[12.2,-68.241],[-63.96,64.799],[-86.6,144.719],[87.96,148.479],[88.681,86.239],[3.48,85.119],[38.2,45.119],[86.84,-60.801],[-55.16,-122.08]],"c":true}]},{"t":120,"s":[{"i":[[-26.88,-0.319],[-6.88,6.88],[-17.52,-15.839],[32.8,-54.24],[-6.8,-8.32],[-2.239,4.16],[3.839,2.64],[0,0],[-27.92,24.16],[6.56,43.04],[38.8,-30.96]],"o":[[8.32,0.08],[14.64,-14.72],[43.04,39.12],[-24.48,40.48],[6.8,8.321],[2.24,-4.16],[-3.841,-2.64],[0,0],[30.64,-26.48],[-13.6,-88.96],[-37.84,30.16]],"v":[[-57.96,-39.601],[-35.32,-57.681],[12.2,-68.241],[-63.96,64.799],[-86.6,144.719],[87.96,148.479],[88.681,86.239],[3.48,85.119],[38.2,45.119],[86.84,-60.801],[-55.16,-122.08]],"c":true}]}],"ix":2},"nm":"Path 1","mn":"ADBE Vector Shape - Group","hd":false},{"ty":"fl","c":{"a":0,"k":[0.607999973671,0.607999973671,0.616000007181,1],"ix":4},"o":{"a":0,"k":100,"ix":5},"r":1,"bm":0,"nm":"Fill 1","mn":"ADBE Vector Graphic - Fill","hd":false},{"ty":"tr","p":{"a":0,"k":[512.76,730.401],"ix":2},"a":{"a":0,"k":[0,0],"ix":1},"s":{"a":0,"k":[100,100],"ix":3},"r":{"a":0,"k":0,"ix":6},"o":{"a":0,"k":100,"ix":7},"sk":{"a":0,"k":0,"ix":4},"sa":{"a":0,"k":0,"ix":5},"nm":"Transform"}],"nm":"Group 1","np":2,"cix":2,"bm":0,"ix":1,"mn":"ADBE Vector Group","hd":false}],"ip":0,"op":136,"st":0,"bm":0},{"ddd":0,"ind":9,"ty":4,"nm":"number 2","parent":11,"sr":1,"ks":{"o":{"a":0,"k":100,"ix":11},"r":{"a":0,"k":0,"ix":10},"p":{"a":0,"k":[512,504,0],"ix":2,"l":2},"a":{"a":0,"k":[512,512,0],"ix":1,"l":2},"s":{"a":0,"k":[100,100,100],"ix":6,"l":2}},"ao":0,"shapes":[{"ty":"gr","it":[{"ind":0,"ty":"sh","ix":1,"ks":{"a":0,"k":{"i":[[-26.88,-0.319],[-6.88,6.88],[-17.52,-15.839],[32.8,-54.24],[-6.8,-8.32],[-2.239,4.16],[3.839,2.64],[0,0],[-27.92,24.16],[6.56,43.04],[38.8,-30.96]],"o":[[8.32,0.08],[14.64,-14.72],[43.04,39.12],[-24.48,40.48],[6.8,8.321],[2.24,-4.16],[-3.841,-2.64],[0,0],[30.64,-26.48],[-13.6,-88.96],[-37.84,30.16]],"v":[[-57.96,-39.601],[-35.32,-57.681],[12.2,-68.241],[-63.96,64.799],[-86.6,144.719],[87.96,148.479],[88.681,86.239],[3.48,85.119],[38.2,45.119],[86.84,-60.801],[-55.16,-122.08]],"c":true},"ix":2},"nm":"Path 1","mn":"ADBE Vector Shape - Group","hd":false},{"ty":"fl","c":{"a":0,"k":[0.686274509804,0.686274509804,0.686274509804,1],"ix":4},"o":{"a":0,"k":100,"ix":5},"r":1,"bm":0,"nm":"Fill 1","mn":"ADBE Vector Graphic - Fill","hd":false},{"ty":"tr","p":{"a":0,"k":[512.76,730.401],"ix":2},"a":{"a":0,"k":[0,0],"ix":1},"s":{"a":0,"k":[100,100],"ix":3},"r":{"a":0,"k":0,"ix":6},"o":{"a":0,"k":100,"ix":7},"sk":{"a":0,"k":0,"ix":4},"sa":{"a":0,"k":0,"ix":5},"nm":"Transform"}],"nm":"Group 1","np":2,"cix":2,"bm":0,"ix":1,"mn":"ADBE Vector Group","hd":false}],"ip":0,"op":136,"st":0,"bm":0},{"ddd":0,"ind":10,"ty":4,"nm":"shine 1","parent":11,"sr":1,"ks":{"o":{"a":0,"k":100,"ix":11},"r":{"a":1,"k":[{"i":{"x":[0.4],"y":[1]},"o":{"x":[0.167],"y":[0.167]},"t":0,"s":[0]},{"i":{"x":[0.833],"y":[0.878]},"o":{"x":[0.6],"y":[0]},"t":30,"s":[13]},{"i":{"x":[0.4],"y":[1]},"o":{"x":[0.167],"y":[0.264]},"t":60,"s":[0]},{"i":{"x":[0.833],"y":[0.833]},"o":{"x":[0.6],"y":[0]},"t":90,"s":[-6]},{"t":120,"s":[0]}],"ix":10},"p":{"a":1,"k":[{"i":{"x":0.4,"y":1},"o":{"x":0.167,"y":0.167},"t":0,"s":[546,754,0],"to":[-1.429,1.333,0],"ti":[0,0,0]},{"i":{"x":0.833,"y":0.896},"o":{"x":0.6,"y":0},"t":30,"s":[537.429,762,0],"to":[0,0,0],"ti":[-1.429,1,0]},{"i":{"x":0.4,"y":1},"o":{"x":0.167,"y":0.418},"t":60,"s":[546,754,0],"to":[1.429,-1,0],"ti":[0,0,0]},{"i":{"x":0.833,"y":0.833},"o":{"x":0.6,"y":0},"t":90,"s":[546,756,0],"to":[0,0,0],"ti":[0,0.333,0]},{"t":120,"s":[546,754,0]}],"ix":2,"l":2},"a":{"a":0,"k":[546,754,0],"ix":1,"l":2},"s":{"a":0,"k":[100,100,100],"ix":6,"l":2}},"ao":0,"shapes":[{"ty":"gr","it":[{"ind":0,"ty":"sh","ix":1,"ks":{"a":1,"k":[{"i":{"x":0.4,"y":1},"o":{"x":0.167,"y":0.167},"t":0,"s":[{"i":[[14.4,-2.08],[44.72,-64.64],[-5.12,-12.319],[-32.64,66.88]],"o":[[-19.28,2.72],[-38.8,56.08],[6.88,16.48],[29.6,-60.56]],"v":[[54.44,-114.12],[10.44,11],[-67.24,99.72],[42.76,8.28]],"c":true}]},{"i":{"x":0.833,"y":0.833},"o":{"x":0.6,"y":0},"t":30,"s":[{"i":[[14.408,-2.08],[44.744,-64.64],[-18.879,-35.163],[-83.478,166.555]],"o":[[-19.291,2.72],[-38.822,56.08],[6.883,16.479],[41.221,-110.574]],"v":[[18.76,-102.482],[-71.138,-20.118],[-231.797,94.109],[42.845,8.281]],"c":true}]},{"i":{"x":0.4,"y":1},"o":{"x":0.167,"y":0.167},"t":60,"s":[{"i":[[14.4,-2.08],[44.72,-64.64],[-5.12,-12.319],[-32.64,66.88]],"o":[[-19.28,2.72],[-38.8,56.08],[6.88,16.48],[29.6,-60.56]],"v":[[54.44,-114.12],[10.44,11],[-67.24,99.72],[42.76,8.28]],"c":true}]},{"i":{"x":0.833,"y":0.833},"o":{"x":0.6,"y":0},"t":90,"s":[{"i":[[11.049,-6.787],[27.903,-69.166],[-67.674,-37.281],[8.962,173.342]],"o":[[-14.838,9.03],[-24.211,60.008],[57.711,20.031],[-4.743,-91.747]],"v":[[-50.465,-253.619],[-89.033,-91.119],[-110.808,85.018],[58.011,-105.054]],"c":true}]},{"t":120,"s":[{"i":[[14.4,-2.08],[44.72,-64.64],[-5.12,-12.319],[-32.64,66.88]],"o":[[-19.28,2.72],[-38.8,56.08],[6.88,16.48],[29.6,-60.56]],"v":[[54.44,-114.12],[10.44,11],[-67.24,99.72],[42.76,8.28]],"c":true}]}],"ix":2},"nm":"Path 1","mn":"ADBE Vector Shape - Group","hd":false},{"ty":"fl","c":{"a":0,"k":[0.995999983245,1,0.980000035903,1],"ix":4},"o":{"a":0,"k":100,"ix":5},"r":1,"bm":0,"nm":"Fill 1","mn":"ADBE Vector Graphic - Fill","hd":false},{"ty":"tr","p":{"a":0,"k":[650.12,805.96],"ix":2},"a":{"a":0,"k":[0,0],"ix":1},"s":{"a":0,"k":[100,100],"ix":3},"r":{"a":0,"k":0,"ix":6},"o":{"a":0,"k":100,"ix":7},"sk":{"a":0,"k":0,"ix":4},"sa":{"a":0,"k":0,"ix":5},"nm":"Transform"}],"nm":"Group 1","np":2,"cix":2,"bm":0,"ix":1,"mn":"ADBE Vector Group","hd":false}],"ip":0,"op":120,"st":0,"bm":0},{"ddd":0,"ind":11,"ty":4,"nm":"medal 1","sr":1,"ks":{"o":{"a":0,"k":100,"ix":11},"r":{"a":0,"k":0,"ix":10},"p":{"a":1,"k":[{"i":{"x":0.4,"y":1},"o":{"x":0.167,"y":0.167},"t":0,"s":[512,512,0],"to":[2.667,0,0],"ti":[0,0,0]},{"i":{"x":0.833,"y":0.833},"o":{"x":0.6,"y":0},"t":30,"s":[528,512,0],"to":[0,0,0],"ti":[5.333,0,0]},{"i":{"x":0.4,"y":1},"o":{"x":0.167,"y":0.167},"t":60,"s":[512,512,0],"to":[-5.333,0,0],"ti":[0,0,0]},{"i":{"x":0.833,"y":0.833},"o":{"x":0.6,"y":0},"t":90,"s":[496,512,0],"to":[0,0,0],"ti":[-2.667,0,0]},{"t":120,"s":[512,512,0]}],"ix":2,"l":2},"a":{"a":0,"k":[512,512,0],"ix":1,"l":2},"s":{"a":1,"k":[{"i":{"x":[0.4,0.4,0.667],"y":[1,1,1]},"o":{"x":[0.167,0.167,0.167],"y":[0.167,0,0]},"t":0,"s":[100,100,100]},{"i":{"x":[0.833,0.833,0.833],"y":[1,1,1]},"o":{"x":[0.6,0.6,0.333],"y":[0,0,0]},"t":30,"s":[70,100,100]},{"i":{"x":[0.4,0.4,0.667],"y":[1,1,1]},"o":{"x":[0.167,0.167,0.167],"y":[0,0,0]},"t":60,"s":[100,100,100]},{"i":{"x":[0.833,0.833,0.833],"y":[0.833,1,1]},"o":{"x":[0.6,0.6,0.333],"y":[0,0,0]},"t":90,"s":[70,100,100]},{"t":120,"s":[100,100,100]}],"ix":6,"l":2}},"ao":0,"shapes":[{"ty":"gr","it":[{"ind":0,"ty":"sh","ix":1,"ks":{"a":0,"k":{"i":[[0.24,0],[0.32,-137.6],[-132.72,-4.48],[-42.08,41.36],[0.88,53.6],[115.36,0.48]],"o":[[-84.88,0],[-0.24,102.88],[50.56,1.6],[43.68,-42.96],[-1.92,-116.24],[-0.32,0]],"v":[[-1.84,-210.48],[-212.56,-3.44],[-0.4,209.68],[144.32,150.56],[211.68,-1.36],[-0.64,-210.56]],"c":true},"ix":2},"nm":"Path 1","mn":"ADBE Vector Shape - Group","hd":false},{"ind":1,"ty":"sh","ix":2,"ks":{"a":0,"k":{"i":[[55.28,0],[2,0.081],[43.36,42],[-0.32,65.36],[-94.64,0],[0,0],[-2.96,-135.12],[48.32,-47.521]],"o":[[-2,0],[-60,-2],[-46.4,-44.96],[0.72,-159.6],[0,0],[128.24,0.56],[1.28,60.16],[-45.12,44.239]],"v":[[3.68,237.041],[-2.4,236.959],[-165.04,167.68],[-236.56,-3.44],[-1.68,-237.04],[-0.88,-237.04],[235.6,-1.68],[163.92,169.12]],"c":true},"ix":2},"nm":"Path 2","mn":"ADBE Vector Shape - Group","hd":false},{"ty":"mm","mm":1,"nm":"Merge Paths 1","mn":"ADBE Vector Filter - Merge","hd":false},{"ty":"fl","c":{"a":0,"k":[0.607843137255,0.607843137255,0.61568627451,1],"ix":4},"o":{"a":0,"k":100,"ix":5},"r":1,"bm":0,"nm":"Fill 1","mn":"ADBE Vector Graphic - Fill","hd":false},{"ty":"tr","p":{"a":0,"k":[512.56,728.32],"ix":2},"a":{"a":0,"k":[0,0],"ix":1},"s":{"a":0,"k":[100,100],"ix":3},"r":{"a":0,"k":0,"ix":6},"o":{"a":0,"k":100,"ix":7},"sk":{"a":0,"k":0,"ix":4},"sa":{"a":0,"k":0,"ix":5},"nm":"Transform"}],"nm":"Group 1","np":4,"cix":2,"bm":0,"ix":1,"mn":"ADBE Vector Group","hd":false},{"ty":"gr","it":[{"ind":0,"ty":"sh","ix":1,"ks":{"a":0,"k":{"i":[[0,-167.439],[-115.2,4.08],[9.2,182.88],[126.24,-0.88]],"o":[[0,191.681],[127.04,-4.56],[-8.72,-173.28],[-146.72,1.04]],"v":[[-283.84,-4.04],[4.64,268.92],[274.64,-17.56],[-6.08,-272.12]],"c":true},"ix":2},"nm":"Path 1","mn":"ADBE Vector Shape - Group","hd":false},{"ty":"fl","c":{"a":0,"k":[0.807843197093,0.803921628466,0.823529471603,1],"ix":4},"o":{"a":0,"k":100,"ix":5},"r":1,"bm":0,"nm":"Fill 1","mn":"ADBE Vector Graphic - Fill","hd":false},{"ty":"tr","p":{"a":0,"k":[515.68,729.8],"ix":2},"a":{"a":0,"k":[0,0],"ix":1},"s":{"a":0,"k":[100,100],"ix":3},"r":{"a":0,"k":0,"ix":6},"o":{"a":0,"k":100,"ix":7},"sk":{"a":0,"k":0,"ix":4},"sa":{"a":0,"k":0,"ix":5},"nm":"Transform"}],"nm":"Group 2","np":2,"cix":2,"bm":0,"ix":2,"mn":"ADBE Vector Group","hd":false}],"ip":0,"op":120,"st":0,"bm":0},{"ddd":0,"ind":12,"ty":4,"nm":"medal shadow","parent":11,"sr":1,"ks":{"o":{"a":0,"k":100,"ix":11},"r":{"a":0,"k":0,"ix":10},"p":{"a":1,"k":[{"i":{"x":0.4,"y":1},"o":{"x":0.167,"y":0.167},"t":0,"s":[512,512,0],"to":[-14.286,0,0],"ti":[0,0,0]},{"i":{"x":0.833,"y":0.833},"o":{"x":0.6,"y":0},"t":30,"s":[426.286,512,0],"to":[0,0,0],"ti":[-28.571,0,0]},{"i":{"x":0.4,"y":1},"o":{"x":0.167,"y":0.167},"t":60,"s":[512,512,0],"to":[28.571,0,0],"ti":[0,0,0]},{"i":{"x":0.833,"y":0.833},"o":{"x":0.6,"y":0},"t":90,"s":[597.714,512,0],"to":[0,0,0],"ti":[14.286,0,0]},{"t":120,"s":[512,512,0]}],"ix":2,"l":2},"a":{"a":0,"k":[512,512,0],"ix":1,"l":2},"s":{"a":0,"k":[100,100,100],"ix":6,"l":2}},"ao":0,"shapes":[{"ty":"gr","it":[{"ind":0,"ty":"sh","ix":1,"ks":{"a":0,"k":{"i":[[0,-167.439],[-115.2,4.08],[9.2,182.88],[126.24,-0.88]],"o":[[0,191.681],[127.04,-4.56],[-8.72,-173.28],[-146.72,1.04]],"v":[[-283.84,-4.04],[4.64,268.92],[274.64,-17.56],[-6.08,-272.12]],"c":true},"ix":2},"nm":"Path 1","mn":"ADBE Vector Shape - Group","hd":false},{"ty":"fl","c":{"a":0,"k":[0.607843137255,0.607843137255,0.61568627451,1],"ix":4},"o":{"a":0,"k":100,"ix":5},"r":1,"bm":0,"nm":"Fill 1","mn":"ADBE Vector Graphic - Fill","hd":false},{"ty":"tr","p":{"a":0,"k":[515.68,729.8],"ix":2},"a":{"a":0,"k":[0,0],"ix":1},"s":{"a":0,"k":[100,100],"ix":3},"r":{"a":0,"k":0,"ix":6},"o":{"a":0,"k":100,"ix":7},"sk":{"a":0,"k":0,"ix":4},"sa":{"a":0,"k":0,"ix":5},"nm":"Transform"}],"nm":"Group 1","np":2,"cix":2,"bm":0,"ix":1,"mn":"ADBE Vector Group","hd":false}],"ip":0,"op":120,"st":0,"bm":0},{"ddd":0,"ind":13,"ty":4,"nm":"medal back","parent":12,"sr":1,"ks":{"o":{"a":0,"k":100,"ix":11},"r":{"a":0,"k":0,"ix":10},"p":{"a":1,"k":[{"i":{"x":0.4,"y":1},"o":{"x":0.167,"y":0.167},"t":0,"s":[513.143,512,0],"to":[9.333,0,0],"ti":[0,0,0]},{"i":{"x":0.833,"y":0.868},"o":{"x":0.6,"y":0},"t":30,"s":[569.143,512,0],"to":[0,0,0],"ti":[14.821,0,0]},{"i":{"x":0.4,"y":1},"o":{"x":0.167,"y":0.225},"t":60,"s":[513.143,512,0],"to":[-14.821,0,0],"ti":[0,0,0]},{"i":{"x":0.833,"y":0.833},"o":{"x":0.6,"y":0},"t":90,"s":[480.214,512,0],"to":[0,0,0],"ti":[-5.488,0,0]},{"t":120,"s":[513.143,512,0]}],"ix":2,"l":2},"a":{"a":0,"k":[0,0,0],"ix":1,"l":2},"s":{"a":1,"k":[{"i":{"x":[0.4,0.4,0.667],"y":[1,1,1]},"o":{"x":[0.167,0.167,0.167],"y":[0.167,0,0]},"t":0,"s":[0,100,100]},{"i":{"x":[0.833,0.833,0.833],"y":[1,1,1]},"o":{"x":[0.6,0.6,0.333],"y":[0,0,0]},"t":30,"s":[130,100,100]},{"i":{"x":[0.4,0.4,0.667],"y":[1,1,1]},"o":{"x":[0.167,0.167,0.167],"y":[0,0,0]},"t":60,"s":[0,100,100]},{"i":{"x":[0.833,0.833,0.833],"y":[0.833,1,1]},"o":{"x":[0.6,0.6,0.333],"y":[0,0,0]},"t":90,"s":[130,100,100]},{"t":120,"s":[0,100,100]}],"ix":6,"l":2}},"ao":0,"shapes":[{"ty":"gr","it":[{"ty":"rc","d":1,"s":{"a":0,"k":[79,42.5],"ix":2},"p":{"a":0,"k":[0,0],"ix":3},"r":{"a":0,"k":0,"ix":4},"nm":"Rectangle Path 1","mn":"ADBE Vector Shape - Rect","hd":false},{"ty":"fl","c":{"a":0,"k":[0.607843137255,0.607843137255,0.61568627451,1],"ix":4},"o":{"a":0,"k":100,"ix":5},"r":1,"bm":0,"nm":"Fill 1","mn":"ADBE Vector Graphic - Fill","hd":false},{"ty":"tr","p":{"a":0,"k":[-10,465.75],"ix":2},"a":{"a":0,"k":[0,0],"ix":1},"s":{"a":0,"k":[81.423,100],"ix":3},"r":{"a":0,"k":0,"ix":6},"o":{"a":0,"k":100,"ix":7},"sk":{"a":0,"k":0,"ix":4},"sa":{"a":0,"k":0,"ix":5},"nm":"Transform"}],"nm":"Rectangle 1","np":3,"cix":2,"bm":0,"ix":1,"mn":"ADBE Vector Group","hd":false}],"ip":0,"op":120,"st":0,"bm":0}],"markers":[{"tm":0,"cm":"rest","dr":0}]}