{"v":"5.8.1","fr":60,"ip":0,"op":98,"w":1024,"h":1024,"nm":"emoji_smiling-with-hearts","ddd":0,"assets":[],"layers":[{"ddd":0,"ind":1,"ty":3,"nm":"Null ALL","sr":1,"ks":{"o":{"a":0,"k":0,"ix":11},"r":{"a":0,"k":0,"ix":10},"p":{"s":true,"x":{"a":0,"k":512,"ix":3},"y":{"a":1,"k":[{"i":{"x":[0.667],"y":[1]},"o":{"x":[0.167],"y":[0.167]},"t":0,"s":[512]},{"i":{"x":[0.667],"y":[1]},"o":{"x":[0.333],"y":[0]},"t":25,"s":[532]},{"i":{"x":[0.833],"y":[0.833]},"o":{"x":[0.684],"y":[0]},"t":80,"s":[496.765]},{"t":97.5,"s":[512]}],"ix":4}},"a":{"a":0,"k":[0,0,0],"ix":1,"l":2},"s":{"a":0,"k":[200,200,100],"ix":6,"l":2}},"ao":0,"ip":0,"op":99,"st":0,"bm":0},{"ddd":0,"ind":2,"ty":4,"nm":"heart matte","parent":1,"td":1,"sr":1,"ks":{"o":{"a":0,"k":100,"ix":11},"r":{"a":1,"k":[{"i":{"x":[0.667],"y":[1]},"o":{"x":[0.333],"y":[0]},"t":0,"s":[-37]},{"i":{"x":[0.667],"y":[1]},"o":{"x":[0.333],"y":[0]},"t":17.5,"s":[-29.028]},{"i":{"x":[0.667],"y":[1]},"o":{"x":[0.333],"y":[0]},"t":32.5,"s":[-37]},{"i":{"x":[0.667],"y":[1]},"o":{"x":[0.333],"y":[0]},"t":67.5,"s":[-27]},{"t":97.5,"s":[-37]}],"ix":10},"p":{"a":1,"k":[{"i":{"x":0.833,"y":0.833},"o":{"x":0.167,"y":0.167},"t":0,"s":[182.126,-171.485,0],"to":[-3.876,-1.39,0],"ti":[8.376,-9.985,0]},{"i":{"x":0.833,"y":0.833},"o":{"x":0.167,"y":0.167},"t":17.5,"s":[152.376,-162.735,0],"to":[-8.376,9.985,0],"ti":[-3.874,-3.235,0]},{"i":{"x":0.833,"y":0.833},"o":{"x":0.167,"y":0.167},"t":32.5,"s":[152.376,-141.985,0],"to":[3.874,3.235,0],"ti":[-5.124,5.265,0]},{"i":{"x":0.833,"y":0.833},"o":{"x":0.167,"y":0.167},"t":67.5,"s":[168.626,-147.985,0],"to":[5.124,-5.265,0],"ti":[0.124,7.36,0]},{"t":97.5,"s":[182.126,-171.485,0]}],"ix":2,"l":2},"a":{"a":0,"k":[86.856,25.229,0],"ix":1,"l":2},"s":{"a":1,"k":[{"i":{"x":[0.69,0.69,0.667],"y":[0.414,0.414,1]},"o":{"x":[0.364,0.364,0.333],"y":[0.228,0.228,0]},"t":0,"s":[358,358,100]},{"i":{"x":[0.667,0.667,0.667],"y":[1,1,1]},"o":{"x":[0.317,0.317,0.333],"y":[0.31,0.31,0]},"t":17.5,"s":[302.198,302.198,100]},{"i":{"x":[0.193,0.193,0.667],"y":[1,1,1]},"o":{"x":[0.333,0.333,0.333],"y":[0,0,0]},"t":32.5,"s":[209.642,209.642,100]},{"i":{"x":[0.628,0.628,0.667],"y":[0.848,0.848,1]},"o":{"x":[0.333,0.333,0.333],"y":[0,0,0]},"t":67.5,"s":[376.807,376.807,100]},{"t":97.5,"s":[358,358,100]}],"ix":6,"l":2}},"ao":0,"shapes":[{"ty":"gr","it":[{"ind":0,"ty":"sh","ix":1,"ks":{"a":1,"k":[{"i":{"x":0.833,"y":0.833},"o":{"x":0.167,"y":0.167},"t":0,"s":[{"i":[[-2.3,2.9],[-3,-2],[1.899,-1.4],[0.3,-1.3],[1.4,-0.8],[0.701,2.2]],"o":[[1.9,-2.3],[1.6,1.1],[-3.201,2.4],[-0.4,1.5],[-1.4,0.8],[-1.4,-3.5]],"v":[[-3.25,-4.4],[4.65,-6.9],[4.351,-1.3],[0.65,3.9],[-1.45,8.1],[-4.85,5.9]],"c":true}]},{"i":{"x":0.833,"y":0.833},"o":{"x":0.167,"y":0.167},"t":17.5,"s":[{"i":[[-1.494,3.386],[-3.408,-1.178],[1.469,-1.846],[-0.038,-1.334],[1.153,-1.127],[1.233,1.952]],"o":[[1.258,-2.705],[1.826,0.661],[-2.492,3.13],[-0.009,1.552],[-1.153,1.127],[-2.238,-3.034]],"v":[[-5.064,-1.757],[1.95,-6.169],[3.074,-0.675],[0.804,5.291],[-0.168,9.885],[-4.013,8.614]],"c":true}]},{"i":{"x":0.833,"y":0.833},"o":{"x":0.167,"y":0.167},"t":32.5,"s":[{"i":[[-1.494,3.386],[-3.408,-1.178],[1.469,-1.846],[-0.964,-2.259],[1.153,-1.127],[1.233,1.952]],"o":[[1.258,-2.705],[1.826,0.661],[-2.492,3.13],[0.964,2.259],[-1.153,1.127],[-2.238,-3.034]],"v":[[-5.466,-1.594],[1.355,-6.245],[1.78,-1.184],[-0.097,9.084],[0.061,13.784],[-3.784,12.513]],"c":true}]},{"i":{"x":0.833,"y":0.833},"o":{"x":0.167,"y":0.167},"t":67.5,"s":[{"i":[[-1.494,3.386],[-3.408,-1.178],[1.469,-1.846],[-0.964,-2.259],[1.153,-1.127],[1.233,1.952]],"o":[[1.258,-2.705],[1.826,0.661],[-2.492,3.13],[0.964,2.259],[-1.153,1.127],[-2.238,-3.034]],"v":[[-5.466,-1.594],[1.355,-6.245],[1.78,-1.184],[-0.097,9.084],[0.061,13.784],[-3.784,12.513]],"c":true}]},{"t":97.5,"s":[{"i":[[-2.3,2.9],[-3,-2],[1.899,-1.4],[0.3,-1.3],[1.4,-0.8],[0.701,2.2]],"o":[[1.9,-2.3],[1.6,1.1],[-3.201,2.4],[-0.4,1.5],[-1.4,0.8],[-1.4,-3.5]],"v":[[-3.25,-4.4],[4.65,-6.9],[4.351,-1.3],[0.65,3.9],[-1.45,8.1],[-4.85,5.9]],"c":true}]}],"ix":2},"nm":"Path 1","mn":"ADBE Vector Shape - Group","hd":false},{"ty":"fl","c":{"a":0,"k":[1,0.517999985639,0.477999997606,1],"ix":4},"o":{"a":0,"k":100,"ix":5},"r":1,"bm":0,"nm":"Fill 1","mn":"ADBE Vector Graphic - Fill","hd":false},{"ty":"tr","p":{"a":0,"k":[71.5,13.95],"ix":2},"a":{"a":0,"k":[0,0],"ix":1},"s":{"a":0,"k":[100,100],"ix":3},"r":{"a":0,"k":0,"ix":6},"o":{"a":0,"k":100,"ix":7},"sk":{"a":0,"k":0,"ix":4},"sa":{"a":0,"k":0,"ix":5},"nm":"Transform"}],"nm":"Group 5","np":2,"cix":2,"bm":0,"ix":1,"mn":"ADBE Vector Group","hd":false},{"ty":"gr","it":[{"ind":0,"ty":"sh","ix":1,"ks":{"a":1,"k":[{"i":{"x":0.833,"y":0.833},"o":{"x":0.167,"y":0.167},"t":0,"s":[{"i":[[6.2,1.7],[0,0],[7,2.4],[0.5,-11.9],[0,0],[-7.3,12.7]],"o":[[-8.2,-2.3],[0,0],[-8.4,-2.9],[-0.6,13.6],[0,0],[5.9,-10.3]],"v":[[13.55,-15.45],[-0.65,-11.05],[-8.35,-21.05],[-26.15,-7.45],[-8.75,23.95],[20.85,5.25]],"c":true}]},{"i":{"x":0.833,"y":0.833},"o":{"x":0.167,"y":0.167},"t":17.5,"s":[{"i":[[6.2,1.7],[0,0],[7,2.4],[0.5,-11.9],[0,0],[-7.3,12.7]],"o":[[-8.2,-2.3],[0,0],[-8.4,-2.9],[-0.6,13.6],[0,0],[5.9,-10.3]],"v":[[13.55,-15.45],[-0.65,-11.05],[-8.35,-21.05],[-26.15,-7.45],[-8.75,23.95],[20.85,5.25]],"c":true}]},{"i":{"x":0.833,"y":0.833},"o":{"x":0.167,"y":0.167},"t":32.5,"s":[{"i":[[6.2,1.7],[0,0],[7,2.4],[0.5,-11.9],[0,0],[-7.3,12.7]],"o":[[-8.2,-2.3],[0,0],[-8.4,-2.9],[-0.6,13.6],[0,0],[5.9,-10.3]],"v":[[13.55,-15.45],[-0.65,-11.05],[-8.35,-21.05],[-26.15,-7.45],[-8.75,23.95],[20.85,5.25]],"c":true}]},{"i":{"x":0.833,"y":0.833},"o":{"x":0.167,"y":0.167},"t":67.5,"s":[{"i":[[6.2,1.7],[0,0],[7,2.4],[0.5,-11.9],[0,0],[-7.3,12.7]],"o":[[-8.2,-2.3],[0,0],[-8.4,-2.9],[-0.6,13.6],[0,0],[5.9,-10.3]],"v":[[13.55,-15.45],[-0.65,-11.05],[-8.35,-21.05],[-26.15,-7.45],[-8.75,23.95],[20.85,5.25]],"c":true}]},{"t":97.5,"s":[{"i":[[6.2,1.7],[0,0],[7,2.4],[0.5,-11.9],[0,0],[-7.3,12.7]],"o":[[-8.2,-2.3],[0,0],[-8.4,-2.9],[-0.6,13.6],[0,0],[5.9,-10.3]],"v":[[13.55,-15.45],[-0.65,-11.05],[-8.35,-21.05],[-26.15,-7.45],[-8.75,23.95],[20.85,5.25]],"c":true}]}],"ix":2},"nm":"Path 1","mn":"ADBE Vector Shape - Group","hd":false},{"ty":"fl","c":{"a":0,"k":[0.957000014361,0.263000009574,0.211999990426,1],"ix":4},"o":{"a":0,"k":100,"ix":5},"r":1,"bm":0,"nm":"Fill 1","mn":"ADBE Vector Graphic - Fill","hd":false},{"ty":"tr","p":{"a":0,"k":[88.4,24.2],"ix":2},"a":{"a":0,"k":[0,0],"ix":1},"s":{"a":0,"k":[100,100],"ix":3},"r":{"a":0,"k":0,"ix":6},"o":{"a":0,"k":100,"ix":7},"sk":{"a":0,"k":0,"ix":4},"sa":{"a":0,"k":0,"ix":5},"nm":"Transform"}],"nm":"Group 8","np":2,"cix":2,"bm":0,"ix":2,"mn":"ADBE Vector Group","hd":false}],"ip":0,"op":99,"st":0,"bm":0},{"ddd":0,"ind":3,"ty":4,"nm":"heart 1 bevel","parent":4,"tt":1,"sr":1,"ks":{"o":{"a":0,"k":100,"ix":11},"r":{"a":0,"k":0,"ix":10},"p":{"a":0,"k":[57.7,24.2,0],"ix":2,"l":2},"a":{"a":0,"k":[57.7,24.2,0],"ix":1,"l":2},"s":{"a":0,"k":[100,100,100],"ix":6,"l":2}},"ao":0,"shapes":[{"ty":"gr","it":[{"ind":0,"ty":"sh","ix":1,"ks":{"a":0,"k":{"i":[[0,0],[0,0],[0,0],[0,0],[6.727,11.34]],"o":[[0,0],[0,0],[0,0],[0,0],[-4.958,-8.359]],"v":[[61.259,13.757],[57.709,27.97],[66.719,53.357],[82.516,50.263],[66.62,33.314]],"c":true},"ix":2},"nm":"Path 1","mn":"ADBE Vector Shape - Group","hd":false},{"ty":"fl","c":{"a":0,"k":[0.776000019148,0.156999999402,0.156999999402,1],"ix":4},"o":{"a":0,"k":100,"ix":5},"r":1,"bm":0,"nm":"Fill 1","mn":"ADBE Vector Graphic - Fill","hd":false},{"ty":"tr","p":{"a":0,"k":[0,0],"ix":2},"a":{"a":0,"k":[0,0],"ix":1},"s":{"a":0,"k":[100,100],"ix":3},"r":{"a":0,"k":0,"ix":6},"o":{"a":0,"k":100,"ix":7},"sk":{"a":0,"k":0,"ix":4},"sa":{"a":0,"k":0,"ix":5},"nm":"Transform"}],"nm":"Shape 2","np":3,"cix":2,"bm":0,"ix":1,"mn":"ADBE Vector Group","hd":false},{"ty":"gr","it":[{"ind":0,"ty":"sh","ix":1,"ks":{"a":0,"k":{"i":[[0.1,1.7],[5.675,3.6],[2,0.3],[-2.1,-4.2],[-0.2,-2.4],[-0.301,-0.8],[-0.901,0.1]],"o":[[-0.101,-1],[-4.325,-3.025],[0,0],[1.099,2.2],[0,0.9],[0.4,0.8],[1.5,-0.4]],"v":[[5.6,4.1],[1.35,-6.625],[-5.7,-8],[-0.6,-2.9],[1.3,4.1],[1.8,6.7],[3.9,7.9]],"c":true},"ix":2},"nm":"Path 1","mn":"ADBE Vector Shape - Group","hd":false},{"ty":"fl","c":{"a":0,"k":[0.776000019148,0.156999999402,0.156999999402,1],"ix":4},"o":{"a":0,"k":100,"ix":5},"r":1,"bm":0,"nm":"Fill 1","mn":"ADBE Vector Graphic - Fill","hd":false},{"ty":"tr","p":{"a":0,"k":[82.05,10.25],"ix":2},"a":{"a":0,"k":[0,0],"ix":1},"s":{"a":0,"k":[100,100],"ix":3},"r":{"a":0,"k":0,"ix":6},"o":{"a":0,"k":100,"ix":7},"sk":{"a":0,"k":0,"ix":4},"sa":{"a":0,"k":0,"ix":5},"nm":"Transform"}],"nm":"Group 6","np":2,"cix":2,"bm":0,"ix":2,"mn":"ADBE Vector Group","hd":false},{"ty":"gr","it":[{"ind":0,"ty":"sh","ix":1,"ks":{"a":0,"k":{"i":[[6.2,1.7],[1,0],[-1.4,-3.2],[2.7,-5.2],[0,0],[0,0],[-7.325,15.4]],"o":[[-1,-0.3],[2.9,2],[1.4,3.4],[-5.8,11.4],[0,0],[0,0],[6,-10.3]],"v":[[5.175,-20.125],[1.45,-19.9],[8.15,-12],[7.25,1],[-19.5,20.775],[-13.937,28.813],[14.625,6.325]],"c":true},"ix":2},"nm":"Path 1","mn":"ADBE Vector Shape - Group","hd":false},{"ty":"fl","c":{"a":0,"k":[0.776000019148,0.156999999402,0.156999999402,1],"ix":4},"o":{"a":0,"k":100,"ix":5},"r":1,"bm":0,"nm":"Fill 1","mn":"ADBE Vector Graphic - Fill","hd":false},{"ty":"tr","p":{"a":0,"k":[97.4,28.25],"ix":2},"a":{"a":0,"k":[0,0],"ix":1},"s":{"a":0,"k":[100,100],"ix":3},"r":{"a":0,"k":0,"ix":6},"o":{"a":0,"k":100,"ix":7},"sk":{"a":0,"k":0,"ix":4},"sa":{"a":0,"k":0,"ix":5},"nm":"Transform"}],"nm":"Group 7","np":2,"cix":2,"bm":0,"ix":3,"mn":"ADBE Vector Group","hd":false}],"ip":0,"op":99,"st":0,"bm":0},{"ddd":0,"ind":4,"ty":4,"nm":"heart 1","parent":1,"sr":1,"ks":{"o":{"a":0,"k":100,"ix":11},"r":{"a":1,"k":[{"i":{"x":[0.667],"y":[1]},"o":{"x":[0.333],"y":[0]},"t":0,"s":[-37]},{"i":{"x":[0.667],"y":[1]},"o":{"x":[0.333],"y":[0]},"t":17.5,"s":[-29.028]},{"i":{"x":[0.667],"y":[1]},"o":{"x":[0.333],"y":[0]},"t":32.5,"s":[-37]},{"i":{"x":[0.667],"y":[1]},"o":{"x":[0.333],"y":[0]},"t":67.5,"s":[-27]},{"t":97.5,"s":[-37]}],"ix":10},"p":{"a":1,"k":[{"i":{"x":0.833,"y":0.833},"o":{"x":0.167,"y":0.167},"t":0,"s":[182.126,-171.485,0],"to":[-3.876,-1.39,0],"ti":[8.376,-9.985,0]},{"i":{"x":0.833,"y":0.833},"o":{"x":0.167,"y":0.167},"t":17.5,"s":[152.376,-162.735,0],"to":[-8.376,9.985,0],"ti":[-3.874,-3.235,0]},{"i":{"x":0.833,"y":0.833},"o":{"x":0.167,"y":0.167},"t":32.5,"s":[152.376,-141.985,0],"to":[3.874,3.235,0],"ti":[-5.124,5.265,0]},{"i":{"x":0.833,"y":0.833},"o":{"x":0.167,"y":0.167},"t":67.5,"s":[168.626,-147.985,0],"to":[5.124,-5.265,0],"ti":[0.124,7.36,0]},{"t":97.5,"s":[182.126,-171.485,0]}],"ix":2,"l":2},"a":{"a":0,"k":[86.856,25.229,0],"ix":1,"l":2},"s":{"a":1,"k":[{"i":{"x":[0.69,0.69,0.667],"y":[0.414,0.414,1]},"o":{"x":[0.364,0.364,0.333],"y":[0.228,0.228,0]},"t":0,"s":[358,358,100]},{"i":{"x":[0.667,0.667,0.667],"y":[1,1,1]},"o":{"x":[0.317,0.317,0.333],"y":[0.31,0.31,0]},"t":17.5,"s":[302.198,302.198,100]},{"i":{"x":[0.193,0.193,0.667],"y":[1,1,1]},"o":{"x":[0.333,0.333,0.333],"y":[0,0,0]},"t":32.5,"s":[209.642,209.642,100]},{"i":{"x":[0.628,0.628,0.667],"y":[0.848,0.848,1]},"o":{"x":[0.333,0.333,0.333],"y":[0,0,0]},"t":67.5,"s":[376.807,376.807,100]},{"t":97.5,"s":[358,358,100]}],"ix":6,"l":2}},"ao":0,"shapes":[{"ty":"gr","it":[{"ind":0,"ty":"sh","ix":1,"ks":{"a":1,"k":[{"i":{"x":0.833,"y":0.833},"o":{"x":0.167,"y":0.167},"t":0,"s":[{"i":[[-2.3,2.9],[-3,-2],[1.899,-1.4],[0.3,-1.3],[1.4,-0.8],[0.701,2.2]],"o":[[1.9,-2.3],[1.6,1.1],[-3.201,2.4],[-0.4,1.5],[-1.4,0.8],[-1.4,-3.5]],"v":[[-3.25,-4.4],[4.65,-6.9],[4.351,-1.3],[0.65,3.9],[-1.45,8.1],[-4.85,5.9]],"c":true}]},{"i":{"x":0.833,"y":0.833},"o":{"x":0.167,"y":0.167},"t":17.5,"s":[{"i":[[-1.494,3.386],[-3.408,-1.178],[1.469,-1.846],[-0.038,-1.334],[1.153,-1.127],[1.233,1.952]],"o":[[1.258,-2.705],[1.826,0.661],[-2.492,3.13],[-0.009,1.552],[-1.153,1.127],[-2.238,-3.034]],"v":[[-5.064,-1.757],[1.95,-6.169],[3.074,-0.675],[0.804,5.291],[-0.168,9.885],[-4.013,8.614]],"c":true}]},{"i":{"x":0.833,"y":0.833},"o":{"x":0.167,"y":0.167},"t":32.5,"s":[{"i":[[-1.494,3.386],[-3.408,-1.178],[1.469,-1.846],[-0.964,-2.259],[1.153,-1.127],[1.233,1.952]],"o":[[1.258,-2.705],[1.826,0.661],[-2.492,3.13],[0.964,2.259],[-1.153,1.127],[-2.238,-3.034]],"v":[[-5.466,-1.594],[1.355,-6.245],[1.78,-1.184],[-0.097,9.084],[0.061,13.784],[-3.784,12.513]],"c":true}]},{"i":{"x":0.833,"y":0.833},"o":{"x":0.167,"y":0.167},"t":67.5,"s":[{"i":[[-1.494,3.386],[-3.408,-1.178],[1.469,-1.846],[-0.964,-2.259],[1.153,-1.127],[1.233,1.952]],"o":[[1.258,-2.705],[1.826,0.661],[-2.492,3.13],[0.964,2.259],[-1.153,1.127],[-2.238,-3.034]],"v":[[-5.466,-1.594],[1.355,-6.245],[1.78,-1.184],[-0.097,9.084],[0.061,13.784],[-3.784,12.513]],"c":true}]},{"t":97.5,"s":[{"i":[[-2.3,2.9],[-3,-2],[1.899,-1.4],[0.3,-1.3],[1.4,-0.8],[0.701,2.2]],"o":[[1.9,-2.3],[1.6,1.1],[-3.201,2.4],[-0.4,1.5],[-1.4,0.8],[-1.4,-3.5]],"v":[[-3.25,-4.4],[4.65,-6.9],[4.351,-1.3],[0.65,3.9],[-1.45,8.1],[-4.85,5.9]],"c":true}]}],"ix":2},"nm":"Path 1","mn":"ADBE Vector Shape - Group","hd":false},{"ty":"fl","c":{"a":0,"k":[1,0.517999985639,0.477999997606,1],"ix":4},"o":{"a":0,"k":100,"ix":5},"r":1,"bm":0,"nm":"Fill 1","mn":"ADBE Vector Graphic - Fill","hd":false},{"ty":"tr","p":{"a":0,"k":[71.5,13.95],"ix":2},"a":{"a":0,"k":[0,0],"ix":1},"s":{"a":0,"k":[100,100],"ix":3},"r":{"a":0,"k":0,"ix":6},"o":{"a":0,"k":100,"ix":7},"sk":{"a":0,"k":0,"ix":4},"sa":{"a":0,"k":0,"ix":5},"nm":"Transform"}],"nm":"Group 5","np":2,"cix":2,"bm":0,"ix":1,"mn":"ADBE Vector Group","hd":false},{"ty":"gr","it":[{"ind":0,"ty":"sh","ix":1,"ks":{"a":1,"k":[{"i":{"x":0.833,"y":0.833},"o":{"x":0.167,"y":0.167},"t":0,"s":[{"i":[[6.2,1.7],[0,0],[7,2.4],[0.5,-11.9],[0,0],[-7.3,12.7]],"o":[[-8.2,-2.3],[0,0],[-8.4,-2.9],[-0.6,13.6],[0,0],[5.9,-10.3]],"v":[[13.55,-15.45],[-0.65,-11.05],[-8.35,-21.05],[-26.15,-7.45],[-8.75,23.95],[20.85,5.25]],"c":true}]},{"i":{"x":0.833,"y":0.833},"o":{"x":0.167,"y":0.167},"t":17.5,"s":[{"i":[[6.2,1.7],[0,0],[7,2.4],[0.5,-11.9],[0,0],[-7.3,12.7]],"o":[[-8.2,-2.3],[0,0],[-8.4,-2.9],[-0.6,13.6],[0,0],[5.9,-10.3]],"v":[[13.55,-15.45],[-0.65,-11.05],[-8.35,-21.05],[-26.15,-7.45],[-8.75,23.95],[20.85,5.25]],"c":true}]},{"i":{"x":0.833,"y":0.833},"o":{"x":0.167,"y":0.167},"t":32.5,"s":[{"i":[[6.2,1.7],[0,0],[7,2.4],[0.5,-11.9],[0,0],[-7.3,12.7]],"o":[[-8.2,-2.3],[0,0],[-8.4,-2.9],[-0.6,13.6],[0,0],[5.9,-10.3]],"v":[[13.55,-15.45],[-0.65,-11.05],[-8.35,-21.05],[-26.15,-7.45],[-8.75,23.95],[20.85,5.25]],"c":true}]},{"i":{"x":0.833,"y":0.833},"o":{"x":0.167,"y":0.167},"t":67.5,"s":[{"i":[[6.2,1.7],[0,0],[7,2.4],[0.5,-11.9],[0,0],[-7.3,12.7]],"o":[[-8.2,-2.3],[0,0],[-8.4,-2.9],[-0.6,13.6],[0,0],[5.9,-10.3]],"v":[[13.55,-15.45],[-0.65,-11.05],[-8.35,-21.05],[-26.15,-7.45],[-8.75,23.95],[20.85,5.25]],"c":true}]},{"t":97.5,"s":[{"i":[[6.2,1.7],[0,0],[7,2.4],[0.5,-11.9],[0,0],[-7.3,12.7]],"o":[[-8.2,-2.3],[0,0],[-8.4,-2.9],[-0.6,13.6],[0,0],[5.9,-10.3]],"v":[[13.55,-15.45],[-0.65,-11.05],[-8.35,-21.05],[-26.15,-7.45],[-8.75,23.95],[20.85,5.25]],"c":true}]}],"ix":2},"nm":"Path 1","mn":"ADBE Vector Shape - Group","hd":false},{"ty":"fl","c":{"a":0,"k":[0.957000014361,0.263000009574,0.211999990426,1],"ix":4},"o":{"a":0,"k":100,"ix":5},"r":1,"bm":0,"nm":"Fill 1","mn":"ADBE Vector Graphic - Fill","hd":false},{"ty":"tr","p":{"a":0,"k":[88.4,24.2],"ix":2},"a":{"a":0,"k":[0,0],"ix":1},"s":{"a":0,"k":[100,100],"ix":3},"r":{"a":0,"k":0,"ix":6},"o":{"a":0,"k":100,"ix":7},"sk":{"a":0,"k":0,"ix":4},"sa":{"a":0,"k":0,"ix":5},"nm":"Transform"}],"nm":"Group 8","np":2,"cix":2,"bm":0,"ix":2,"mn":"ADBE Vector Group","hd":false}],"ip":0,"op":99,"st":0,"bm":0},{"ddd":0,"ind":5,"ty":4,"nm":"heart 2 matte","parent":1,"td":1,"sr":1,"ks":{"o":{"a":0,"k":100,"ix":11},"r":{"a":1,"k":[{"i":{"x":[0.667],"y":[1]},"o":{"x":[0.333],"y":[0]},"t":0,"s":[-36]},{"i":{"x":[0.568],"y":[0.629]},"o":{"x":[0.333],"y":[0]},"t":17.5,"s":[-36]},{"i":{"x":[0.667],"y":[1]},"o":{"x":[0.226],"y":[0.833]},"t":40,"s":[-29]},{"i":{"x":[0.667],"y":[1]},"o":{"x":[0.333],"y":[0]},"t":67.5,"s":[-27]},{"t":97.5,"s":[-36]}],"ix":10},"p":{"a":1,"k":[{"i":{"x":0.833,"y":0.833},"o":{"x":0.167,"y":0.167},"t":0,"s":[-152.874,62.015,0],"to":[-12.376,14.485,0],"ti":[-7.874,-6.735,0]},{"i":{"x":0.833,"y":0.833},"o":{"x":0.167,"y":0.167},"t":17.5,"s":[-165.374,116.015,0],"to":[7.874,6.735,0],"ti":[-8.624,9.015,0]},{"i":{"x":0.833,"y":0.833},"o":{"x":0.167,"y":0.167},"t":40,"s":[-124.874,99.015,0],"to":[8.624,-9.015,0],"ti":[5.376,5.765,0]},{"i":{"x":0.833,"y":0.833},"o":{"x":0.167,"y":0.167},"t":67.5,"s":[-126.374,67.515,0],"to":[-5.376,-5.765,0],"ti":[8.374,-7.515,0]},{"t":97.5,"s":[-152.874,62.015,0]}],"ix":2,"l":2},"a":{"a":0,"k":[86.856,25.229,0],"ix":1,"l":2},"s":{"a":1,"k":[{"i":{"x":[0.667,0.667,0.667],"y":[1,1,1]},"o":{"x":[0.333,0.333,0.333],"y":[0,0,0]},"t":0,"s":[328,328,100]},{"i":{"x":[0.761,0.761,0.667],"y":[0.611,0.611,1]},"o":{"x":[0.333,0.333,0.333],"y":[0,0,0]},"t":17.5,"s":[255,255,100]},{"i":{"x":[0.488,0.488,0.667],"y":[1,1,1]},"o":{"x":[0.232,0.232,0.333],"y":[0.441,0.441,0]},"t":40,"s":[312,312,100]},{"i":{"x":[0.667,0.667,0.667],"y":[1,1,1]},"o":{"x":[0.333,0.333,0.333],"y":[0,0,0]},"t":67.5,"s":[371.607,371.607,100]},{"t":97.5,"s":[328,328,100]}],"ix":6,"l":2}},"ao":0,"shapes":[{"ty":"gr","it":[{"ind":0,"ty":"sh","ix":1,"ks":{"a":1,"k":[{"i":{"x":0.833,"y":0.833},"o":{"x":0.167,"y":0.167},"t":0,"s":[{"i":[[-2.3,2.9],[-3,-2],[1.899,-1.4],[0.3,-1.3],[1.4,-0.8],[0.701,2.2]],"o":[[1.9,-2.3],[1.6,1.1],[-3.201,2.4],[-0.4,1.5],[-1.4,0.8],[-1.4,-3.5]],"v":[[-3.25,-4.4],[4.65,-6.9],[4.351,-1.3],[0.65,3.9],[-1.45,8.1],[-4.85,5.9]],"c":true}]},{"i":{"x":0.833,"y":0.833},"o":{"x":0.167,"y":0.167},"t":17.5,"s":[{"i":[[-2.3,2.9],[-3,-2],[1.899,-1.4],[0.3,-1.3],[1.4,-0.8],[0.701,2.2]],"o":[[1.9,-2.3],[1.6,1.1],[-3.201,2.4],[-0.4,1.5],[-1.4,0.8],[-1.4,-3.5]],"v":[[-3.25,-4.4],[4.65,-6.9],[4.351,-1.3],[0.65,3.9],[-1.45,8.1],[-4.85,5.9]],"c":true}]},{"i":{"x":0.833,"y":0.833},"o":{"x":0.167,"y":0.167},"t":40,"s":[{"i":[[-3.088,2.04],[-2.228,-2.834],[2.234,-0.757],[0.69,-1.142],[1.579,-0.325],[-0.019,2.309]],"o":[[2.521,-1.594],[1.178,1.543],[-3.789,1.284],[-0.847,1.301],[-1.579,0.325],[-0.241,-3.762]],"v":[[-1.146,-7.715],[7.14,-7.632],[5.113,-2.403],[-0.023,1.386],[-3.326,4.724],[-5.872,1.575]],"c":true}]},{"i":{"x":0.833,"y":0.833},"o":{"x":0.167,"y":0.167},"t":67.5,"s":[{"i":[[-2.41,2.81],[-2.921,-2.114],[1.941,-1.342],[0.35,-1.288],[1.43,-0.746],[0.616,2.225]],"o":[[1.987,-2.225],[1.557,1.161],[-3.291,2.275],[-0.457,1.484],[-1.43,0.746],[-1.265,-3.551]],"v":[[-2.984,-4.592],[5.006,-6.787],[4.493,-1.203],[0.595,3.851],[-1.664,7.968],[-4.978,5.639]],"c":true}]},{"t":97.5,"s":[{"i":[[-2.3,2.9],[-3,-2],[1.899,-1.4],[0.3,-1.3],[1.4,-0.8],[0.701,2.2]],"o":[[1.9,-2.3],[1.6,1.1],[-3.201,2.4],[-0.4,1.5],[-1.4,0.8],[-1.4,-3.5]],"v":[[-3.25,-4.4],[4.65,-6.9],[4.351,-1.3],[0.65,3.9],[-1.45,8.1],[-4.85,5.9]],"c":true}]}],"ix":2},"nm":"Path 1","mn":"ADBE Vector Shape - Group","hd":false},{"ty":"fl","c":{"a":0,"k":[1,0.517999985639,0.477999997606,1],"ix":4},"o":{"a":0,"k":100,"ix":5},"r":1,"bm":0,"nm":"Fill 1","mn":"ADBE Vector Graphic - Fill","hd":false},{"ty":"tr","p":{"a":0,"k":[71.5,13.95],"ix":2},"a":{"a":0,"k":[0,0],"ix":1},"s":{"a":0,"k":[100,100],"ix":3},"r":{"a":0,"k":0,"ix":6},"o":{"a":0,"k":100,"ix":7},"sk":{"a":0,"k":0,"ix":4},"sa":{"a":0,"k":0,"ix":5},"nm":"Transform"}],"nm":"Group 5","np":2,"cix":2,"bm":0,"ix":1,"mn":"ADBE Vector Group","hd":false},{"ty":"gr","it":[{"ind":0,"ty":"sh","ix":1,"ks":{"a":1,"k":[{"i":{"x":0.833,"y":0.833},"o":{"x":0.167,"y":0.167},"t":0,"s":[{"i":[[6.2,1.7],[0,0],[7,2.4],[0.5,-11.9],[0,0],[-7.3,12.7]],"o":[[-8.2,-2.3],[0,0],[-8.4,-2.9],[-0.6,13.6],[0,0],[5.9,-10.3]],"v":[[13.55,-15.45],[-0.65,-11.05],[-8.35,-21.05],[-26.15,-7.45],[-8.75,23.95],[20.85,5.25]],"c":true}]},{"i":{"x":0.833,"y":0.833},"o":{"x":0.167,"y":0.167},"t":17.5,"s":[{"i":[[6.2,1.7],[0,0],[7,2.4],[0.5,-11.9],[0,0],[-7.3,12.7]],"o":[[-8.2,-2.3],[0,0],[-8.4,-2.9],[-0.6,13.6],[0,0],[5.9,-10.3]],"v":[[13.55,-15.45],[-0.65,-11.05],[-8.35,-21.05],[-26.15,-7.45],[-8.75,23.95],[20.85,5.25]],"c":true}]},{"i":{"x":0.833,"y":0.833},"o":{"x":0.167,"y":0.167},"t":40,"s":[{"i":[[6.2,1.7],[0,0],[7,2.4],[0.5,-11.9],[0,0],[-7.3,12.7]],"o":[[-8.2,-2.3],[0,0],[-8.4,-2.9],[-0.6,13.6],[0,0],[5.9,-10.3]],"v":[[13.55,-15.45],[-0.65,-11.05],[-8.35,-21.05],[-26.15,-7.45],[-8.75,23.95],[20.85,5.25]],"c":true}]},{"i":{"x":0.833,"y":0.833},"o":{"x":0.167,"y":0.167},"t":67.5,"s":[{"i":[[6.2,1.7],[0,0],[7,2.4],[0.5,-11.9],[0,0],[-7.3,12.7]],"o":[[-8.2,-2.3],[0,0],[-8.4,-2.9],[-0.6,13.6],[0,0],[5.9,-10.3]],"v":[[13.55,-15.45],[-0.65,-11.05],[-8.35,-21.05],[-26.15,-7.45],[-8.75,23.95],[20.85,5.25]],"c":true}]},{"t":97.5,"s":[{"i":[[6.2,1.7],[0,0],[7,2.4],[0.5,-11.9],[0,0],[-7.3,12.7]],"o":[[-8.2,-2.3],[0,0],[-8.4,-2.9],[-0.6,13.6],[0,0],[5.9,-10.3]],"v":[[13.55,-15.45],[-0.65,-11.05],[-8.35,-21.05],[-26.15,-7.45],[-8.75,23.95],[20.85,5.25]],"c":true}]}],"ix":2},"nm":"Path 1","mn":"ADBE Vector Shape - Group","hd":false},{"ty":"fl","c":{"a":0,"k":[0.957000014361,0.263000009574,0.211999990426,1],"ix":4},"o":{"a":0,"k":100,"ix":5},"r":1,"bm":0,"nm":"Fill 1","mn":"ADBE Vector Graphic - Fill","hd":false},{"ty":"tr","p":{"a":0,"k":[88.4,24.2],"ix":2},"a":{"a":0,"k":[0,0],"ix":1},"s":{"a":0,"k":[100,100],"ix":3},"r":{"a":0,"k":0,"ix":6},"o":{"a":0,"k":100,"ix":7},"sk":{"a":0,"k":0,"ix":4},"sa":{"a":0,"k":0,"ix":5},"nm":"Transform"}],"nm":"Group 8","np":2,"cix":2,"bm":0,"ix":2,"mn":"ADBE Vector Group","hd":false}],"ip":0,"op":99,"st":0,"bm":0},{"ddd":0,"ind":6,"ty":4,"nm":"heart 2 bevel","parent":7,"tt":1,"sr":1,"ks":{"o":{"a":0,"k":100,"ix":11},"r":{"a":0,"k":0,"ix":10},"p":{"a":0,"k":[57.7,24.2,0],"ix":2,"l":2},"a":{"a":0,"k":[57.7,24.2,0],"ix":1,"l":2},"s":{"a":0,"k":[100,100,100],"ix":6,"l":2}},"ao":0,"shapes":[{"ty":"gr","it":[{"ind":0,"ty":"sh","ix":1,"ks":{"a":0,"k":{"i":[[0,0],[0,0],[0,0],[0,0],[6.727,11.34]],"o":[[0,0],[0,0],[0,0],[0,0],[-4.958,-8.359]],"v":[[61.259,13.757],[57.709,27.97],[66.719,53.357],[82.516,50.263],[66.62,33.314]],"c":true},"ix":2},"nm":"Path 1","mn":"ADBE Vector Shape - Group","hd":false},{"ty":"fl","c":{"a":0,"k":[0.776000019148,0.156999999402,0.156999999402,1],"ix":4},"o":{"a":0,"k":100,"ix":5},"r":1,"bm":0,"nm":"Fill 1","mn":"ADBE Vector Graphic - Fill","hd":false},{"ty":"tr","p":{"a":0,"k":[0,0],"ix":2},"a":{"a":0,"k":[0,0],"ix":1},"s":{"a":0,"k":[100,100],"ix":3},"r":{"a":0,"k":0,"ix":6},"o":{"a":0,"k":100,"ix":7},"sk":{"a":0,"k":0,"ix":4},"sa":{"a":0,"k":0,"ix":5},"nm":"Transform"}],"nm":"Shape 2","np":3,"cix":2,"bm":0,"ix":1,"mn":"ADBE Vector Group","hd":false},{"ty":"gr","it":[{"ind":0,"ty":"sh","ix":1,"ks":{"a":0,"k":{"i":[[0.1,1.7],[5.675,3.6],[2,0.3],[-2.1,-4.2],[-0.2,-2.4],[-0.301,-0.8],[-0.901,0.1]],"o":[[-0.101,-1],[-4.325,-3.025],[0,0],[1.099,2.2],[0,0.9],[0.4,0.8],[1.5,-0.4]],"v":[[5.6,4.1],[1.35,-6.625],[-5.7,-8],[-0.6,-2.9],[1.3,4.1],[1.8,6.7],[3.9,7.9]],"c":true},"ix":2},"nm":"Path 1","mn":"ADBE Vector Shape - Group","hd":false},{"ty":"fl","c":{"a":0,"k":[0.776000019148,0.156999999402,0.156999999402,1],"ix":4},"o":{"a":0,"k":100,"ix":5},"r":1,"bm":0,"nm":"Fill 1","mn":"ADBE Vector Graphic - Fill","hd":false},{"ty":"tr","p":{"a":0,"k":[82.05,10.25],"ix":2},"a":{"a":0,"k":[0,0],"ix":1},"s":{"a":0,"k":[100,100],"ix":3},"r":{"a":0,"k":0,"ix":6},"o":{"a":0,"k":100,"ix":7},"sk":{"a":0,"k":0,"ix":4},"sa":{"a":0,"k":0,"ix":5},"nm":"Transform"}],"nm":"Group 6","np":2,"cix":2,"bm":0,"ix":2,"mn":"ADBE Vector Group","hd":false},{"ty":"gr","it":[{"ind":0,"ty":"sh","ix":1,"ks":{"a":0,"k":{"i":[[6.2,1.7],[1,0],[-1.4,-3.2],[2.7,-5.2],[0,0],[0,0],[-7.325,15.4]],"o":[[-1,-0.3],[2.9,2],[1.4,3.4],[-5.8,11.4],[0,0],[0,0],[6,-10.3]],"v":[[5.175,-20.125],[1.45,-19.9],[8.15,-12],[7.25,1],[-19.5,20.775],[-13.937,28.813],[14.625,6.325]],"c":true},"ix":2},"nm":"Path 1","mn":"ADBE Vector Shape - Group","hd":false},{"ty":"fl","c":{"a":0,"k":[0.776000019148,0.156999999402,0.156999999402,1],"ix":4},"o":{"a":0,"k":100,"ix":5},"r":1,"bm":0,"nm":"Fill 1","mn":"ADBE Vector Graphic - Fill","hd":false},{"ty":"tr","p":{"a":0,"k":[97.4,28.25],"ix":2},"a":{"a":0,"k":[0,0],"ix":1},"s":{"a":0,"k":[100,100],"ix":3},"r":{"a":0,"k":0,"ix":6},"o":{"a":0,"k":100,"ix":7},"sk":{"a":0,"k":0,"ix":4},"sa":{"a":0,"k":0,"ix":5},"nm":"Transform"}],"nm":"Group 7","np":2,"cix":2,"bm":0,"ix":3,"mn":"ADBE Vector Group","hd":false}],"ip":0,"op":99,"st":0,"bm":0},{"ddd":0,"ind":7,"ty":4,"nm":"heart 2","parent":1,"sr":1,"ks":{"o":{"a":0,"k":100,"ix":11},"r":{"a":1,"k":[{"i":{"x":[0.667],"y":[1]},"o":{"x":[0.333],"y":[0]},"t":0,"s":[-36]},{"i":{"x":[0.568],"y":[0.629]},"o":{"x":[0.333],"y":[0]},"t":17.5,"s":[-36]},{"i":{"x":[0.667],"y":[1]},"o":{"x":[0.226],"y":[0.833]},"t":40,"s":[-29]},{"i":{"x":[0.667],"y":[1]},"o":{"x":[0.333],"y":[0]},"t":67.5,"s":[-27]},{"t":97.5,"s":[-36]}],"ix":10},"p":{"a":1,"k":[{"i":{"x":0.833,"y":0.833},"o":{"x":0.167,"y":0.167},"t":0,"s":[-152.874,62.015,0],"to":[-12.376,14.485,0],"ti":[-7.874,-6.735,0]},{"i":{"x":0.833,"y":0.833},"o":{"x":0.167,"y":0.167},"t":17.5,"s":[-165.374,116.015,0],"to":[7.874,6.735,0],"ti":[-8.624,9.015,0]},{"i":{"x":0.833,"y":0.833},"o":{"x":0.167,"y":0.167},"t":40,"s":[-124.874,99.015,0],"to":[8.624,-9.015,0],"ti":[5.376,5.765,0]},{"i":{"x":0.833,"y":0.833},"o":{"x":0.167,"y":0.167},"t":67.5,"s":[-126.374,67.515,0],"to":[-5.376,-5.765,0],"ti":[8.374,-7.515,0]},{"t":97.5,"s":[-152.874,62.015,0]}],"ix":2,"l":2},"a":{"a":0,"k":[86.856,25.229,0],"ix":1,"l":2},"s":{"a":1,"k":[{"i":{"x":[0.667,0.667,0.667],"y":[1,1,1]},"o":{"x":[0.333,0.333,0.333],"y":[0,0,0]},"t":0,"s":[328,328,100]},{"i":{"x":[0.761,0.761,0.667],"y":[0.611,0.611,1]},"o":{"x":[0.333,0.333,0.333],"y":[0,0,0]},"t":17.5,"s":[255,255,100]},{"i":{"x":[0.488,0.488,0.667],"y":[1,1,1]},"o":{"x":[0.232,0.232,0.333],"y":[0.441,0.441,0]},"t":40,"s":[312,312,100]},{"i":{"x":[0.667,0.667,0.667],"y":[1,1,1]},"o":{"x":[0.333,0.333,0.333],"y":[0,0,0]},"t":67.5,"s":[371.607,371.607,100]},{"t":97.5,"s":[328,328,100]}],"ix":6,"l":2}},"ao":0,"shapes":[{"ty":"gr","it":[{"ind":0,"ty":"sh","ix":1,"ks":{"a":1,"k":[{"i":{"x":0.833,"y":0.833},"o":{"x":0.167,"y":0.167},"t":0,"s":[{"i":[[-2.3,2.9],[-3,-2],[1.899,-1.4],[0.3,-1.3],[1.4,-0.8],[0.701,2.2]],"o":[[1.9,-2.3],[1.6,1.1],[-3.201,2.4],[-0.4,1.5],[-1.4,0.8],[-1.4,-3.5]],"v":[[-3.25,-4.4],[4.65,-6.9],[4.351,-1.3],[0.65,3.9],[-1.45,8.1],[-4.85,5.9]],"c":true}]},{"i":{"x":0.833,"y":0.833},"o":{"x":0.167,"y":0.167},"t":17.5,"s":[{"i":[[-2.3,2.9],[-3,-2],[1.899,-1.4],[0.3,-1.3],[1.4,-0.8],[0.701,2.2]],"o":[[1.9,-2.3],[1.6,1.1],[-3.201,2.4],[-0.4,1.5],[-1.4,0.8],[-1.4,-3.5]],"v":[[-3.25,-4.4],[4.65,-6.9],[4.351,-1.3],[0.65,3.9],[-1.45,8.1],[-4.85,5.9]],"c":true}]},{"i":{"x":0.833,"y":0.833},"o":{"x":0.167,"y":0.167},"t":40,"s":[{"i":[[-3.088,2.04],[-2.228,-2.834],[2.234,-0.757],[0.69,-1.142],[1.579,-0.325],[-0.019,2.309]],"o":[[2.521,-1.594],[1.178,1.543],[-3.789,1.284],[-0.847,1.301],[-1.579,0.325],[-0.241,-3.762]],"v":[[-1.146,-7.715],[7.14,-7.632],[5.113,-2.403],[-0.023,1.386],[-3.326,4.724],[-5.872,1.575]],"c":true}]},{"i":{"x":0.833,"y":0.833},"o":{"x":0.167,"y":0.167},"t":67.5,"s":[{"i":[[-2.41,2.81],[-2.921,-2.114],[1.941,-1.342],[0.35,-1.288],[1.43,-0.746],[0.616,2.225]],"o":[[1.987,-2.225],[1.557,1.161],[-3.291,2.275],[-0.457,1.484],[-1.43,0.746],[-1.265,-3.551]],"v":[[-2.984,-4.592],[5.006,-6.787],[4.493,-1.203],[0.595,3.851],[-1.664,7.968],[-4.978,5.639]],"c":true}]},{"t":97.5,"s":[{"i":[[-2.3,2.9],[-3,-2],[1.899,-1.4],[0.3,-1.3],[1.4,-0.8],[0.701,2.2]],"o":[[1.9,-2.3],[1.6,1.1],[-3.201,2.4],[-0.4,1.5],[-1.4,0.8],[-1.4,-3.5]],"v":[[-3.25,-4.4],[4.65,-6.9],[4.351,-1.3],[0.65,3.9],[-1.45,8.1],[-4.85,5.9]],"c":true}]}],"ix":2},"nm":"Path 1","mn":"ADBE Vector Shape - Group","hd":false},{"ty":"fl","c":{"a":0,"k":[1,0.517999985639,0.477999997606,1],"ix":4},"o":{"a":0,"k":100,"ix":5},"r":1,"bm":0,"nm":"Fill 1","mn":"ADBE Vector Graphic - Fill","hd":false},{"ty":"tr","p":{"a":0,"k":[71.5,13.95],"ix":2},"a":{"a":0,"k":[0,0],"ix":1},"s":{"a":0,"k":[100,100],"ix":3},"r":{"a":0,"k":0,"ix":6},"o":{"a":0,"k":100,"ix":7},"sk":{"a":0,"k":0,"ix":4},"sa":{"a":0,"k":0,"ix":5},"nm":"Transform"}],"nm":"Group 5","np":2,"cix":2,"bm":0,"ix":1,"mn":"ADBE Vector Group","hd":false},{"ty":"gr","it":[{"ind":0,"ty":"sh","ix":1,"ks":{"a":1,"k":[{"i":{"x":0.833,"y":0.833},"o":{"x":0.167,"y":0.167},"t":0,"s":[{"i":[[6.2,1.7],[0,0],[7,2.4],[0.5,-11.9],[0,0],[-7.3,12.7]],"o":[[-8.2,-2.3],[0,0],[-8.4,-2.9],[-0.6,13.6],[0,0],[5.9,-10.3]],"v":[[13.55,-15.45],[-0.65,-11.05],[-8.35,-21.05],[-26.15,-7.45],[-8.75,23.95],[20.85,5.25]],"c":true}]},{"i":{"x":0.833,"y":0.833},"o":{"x":0.167,"y":0.167},"t":17.5,"s":[{"i":[[6.2,1.7],[0,0],[7,2.4],[0.5,-11.9],[0,0],[-7.3,12.7]],"o":[[-8.2,-2.3],[0,0],[-8.4,-2.9],[-0.6,13.6],[0,0],[5.9,-10.3]],"v":[[13.55,-15.45],[-0.65,-11.05],[-8.35,-21.05],[-26.15,-7.45],[-8.75,23.95],[20.85,5.25]],"c":true}]},{"i":{"x":0.833,"y":0.833},"o":{"x":0.167,"y":0.167},"t":40,"s":[{"i":[[6.2,1.7],[0,0],[7,2.4],[0.5,-11.9],[0,0],[-7.3,12.7]],"o":[[-8.2,-2.3],[0,0],[-8.4,-2.9],[-0.6,13.6],[0,0],[5.9,-10.3]],"v":[[13.55,-15.45],[-0.65,-11.05],[-8.35,-21.05],[-26.15,-7.45],[-8.75,23.95],[20.85,5.25]],"c":true}]},{"i":{"x":0.833,"y":0.833},"o":{"x":0.167,"y":0.167},"t":67.5,"s":[{"i":[[6.2,1.7],[0,0],[7,2.4],[0.5,-11.9],[0,0],[-7.3,12.7]],"o":[[-8.2,-2.3],[0,0],[-8.4,-2.9],[-0.6,13.6],[0,0],[5.9,-10.3]],"v":[[13.55,-15.45],[-0.65,-11.05],[-8.35,-21.05],[-26.15,-7.45],[-8.75,23.95],[20.85,5.25]],"c":true}]},{"t":97.5,"s":[{"i":[[6.2,1.7],[0,0],[7,2.4],[0.5,-11.9],[0,0],[-7.3,12.7]],"o":[[-8.2,-2.3],[0,0],[-8.4,-2.9],[-0.6,13.6],[0,0],[5.9,-10.3]],"v":[[13.55,-15.45],[-0.65,-11.05],[-8.35,-21.05],[-26.15,-7.45],[-8.75,23.95],[20.85,5.25]],"c":true}]}],"ix":2},"nm":"Path 1","mn":"ADBE Vector Shape - Group","hd":false},{"ty":"fl","c":{"a":0,"k":[0.957000014361,0.263000009574,0.211999990426,1],"ix":4},"o":{"a":0,"k":100,"ix":5},"r":1,"bm":0,"nm":"Fill 1","mn":"ADBE Vector Graphic - Fill","hd":false},{"ty":"tr","p":{"a":0,"k":[88.4,24.2],"ix":2},"a":{"a":0,"k":[0,0],"ix":1},"s":{"a":0,"k":[100,100],"ix":3},"r":{"a":0,"k":0,"ix":6},"o":{"a":0,"k":100,"ix":7},"sk":{"a":0,"k":0,"ix":4},"sa":{"a":0,"k":0,"ix":5},"nm":"Transform"}],"nm":"Group 8","np":2,"cix":2,"bm":0,"ix":2,"mn":"ADBE Vector Group","hd":false}],"ip":0,"op":99,"st":0,"bm":0},{"ddd":0,"ind":8,"ty":4,"nm":"heart 3 matte","parent":1,"td":1,"sr":1,"ks":{"o":{"a":0,"k":100,"ix":11},"r":{"a":1,"k":[{"i":{"x":[0.665],"y":[0.551]},"o":{"x":[0.333],"y":[0]},"t":0,"s":[18]},{"i":{"x":[0.667],"y":[1]},"o":{"x":[0.385],"y":[0.147]},"t":17.5,"s":[16.188]},{"i":{"x":[0.833],"y":[0.833]},"o":{"x":[0.333],"y":[0]},"t":40,"s":[8]},{"i":{"x":[0.667],"y":[1]},"o":{"x":[0.167],"y":[0.167]},"t":67.5,"s":[14.709]},{"t":97.5,"s":[18]}],"ix":10},"p":{"a":1,"k":[{"i":{"x":0.833,"y":0.833},"o":{"x":0.167,"y":0.167},"t":0,"s":[141.626,169.015,0],"to":[17.374,1.735,0],"ti":[-3.374,13.515,0]},{"i":{"x":0.833,"y":0.833},"o":{"x":0.167,"y":0.167},"t":17.5,"s":[172.126,148.765,0],"to":[3.374,-13.515,0],"ti":[13.876,-0.485,0]},{"i":{"x":0.833,"y":0.833},"o":{"x":0.167,"y":0.167},"t":40,"s":[153.126,119.265,0],"to":[-13.876,0.485,0],"ti":[2.876,-12.985,0]},{"i":{"x":0.833,"y":0.833},"o":{"x":0.167,"y":0.167},"t":67.5,"s":[122.626,154.765,0],"to":[-2.876,12.985,0],"ti":[0,0,0]},{"t":97.5,"s":[141.626,169.015,0]}],"ix":2,"l":2},"a":{"a":0,"k":[86.856,25.229,0],"ix":1,"l":2},"s":{"a":1,"k":[{"i":{"x":[0.667,0.667,0.667],"y":[1,1,1]},"o":{"x":[0.333,0.333,0.333],"y":[0,0,0]},"t":0,"s":[358,358,100]},{"i":{"x":[0.507,0.507,0.667],"y":[0.52,0.52,1]},"o":{"x":[0.333,0.333,0.333],"y":[0,0,0]},"t":17.5,"s":[171,171,100]},{"i":{"x":[0.666,0.666,0.667],"y":[0.813,0.813,1]},"o":{"x":[0.271,0.271,0.333],"y":[0.471,0.471,0]},"t":40,"s":[273,273,100]},{"i":{"x":[0.667,0.667,0.667],"y":[1,1,1]},"o":{"x":[0.272,0.272,0.333],"y":[0.776,0.776,0]},"t":67.5,"s":[343,343,100]},{"t":97.5,"s":[358,358,100]}],"ix":6,"l":2}},"ao":0,"shapes":[{"ty":"gr","it":[{"ind":0,"ty":"sh","ix":1,"ks":{"a":1,"k":[{"i":{"x":0.833,"y":0.833},"o":{"x":0.167,"y":0.167},"t":0,"s":[{"i":[[-2.3,2.9],[-3,-2],[1.899,-1.4],[0.3,-1.3],[1.4,-0.8],[0.701,2.2]],"o":[[1.9,-2.3],[1.6,1.1],[-3.201,2.4],[-0.4,1.5],[-1.4,0.8],[-1.4,-3.5]],"v":[[-3.25,-4.4],[4.65,-6.9],[4.351,-1.3],[0.65,3.9],[-1.45,8.1],[-4.85,5.9]],"c":true}]},{"i":{"x":0.833,"y":0.833},"o":{"x":0.167,"y":0.167},"t":17.5,"s":[{"i":[[-1.242,3.487],[-3.485,-0.926],[1.33,-1.948],[-0.135,-1.327],[1.067,-1.209],[1.373,1.856]],"o":[[1.057,-2.79],[1.869,0.525],[-2.256,3.304],[0.105,1.549],[-1.067,1.209],[-2.454,-2.862]],"v":[[-5.495,-2.117],[1.177,-7.031],[2.699,-1.634],[0.873,4.482],[0.239,9.135],[-3.688,8.149]],"c":true}]},{"i":{"x":0.833,"y":0.833},"o":{"x":0.167,"y":0.167},"t":40,"s":[{"i":[[-0.291,3.349],[-3.609,-0.724],[0.676,-3.202],[-0.913,-3.271],[1.01,-1.273],[1.67,2.18]],"o":[[0.291,-3.349],[1.941,0.425],[-0.676,3.202],[0.646,2.315],[-1.01,1.273],[-2.908,-3.317]],"v":[[-5.634,1.903],[-1.053,-4.662],[0.617,1.036],[1.178,10.145],[1.518,15.879],[-2.514,14.669]],"c":true}]},{"i":{"x":0.833,"y":0.833},"o":{"x":0.167,"y":0.167},"t":67.5,"s":[{"i":[[-1.661,3.428],[-2.752,-2.012],[1.457,-1.728],[0.123,-1.48],[1.109,-1.004],[0.818,2.413]],"o":[[1.382,-2.724],[1.471,1.11],[-2.477,2.936],[-0.188,1.712],[-1.109,1.004],[-1.544,-3.816]],"v":[[-5.36,-3.912],[0.768,-6.914],[1.76,-0.135],[-1.404,5.688],[-2.764,10.558],[-5.876,8.352]],"c":true}]},{"t":97.5,"s":[{"i":[[-2.3,2.9],[-3,-2],[1.899,-1.4],[0.3,-1.3],[1.4,-0.8],[0.701,2.2]],"o":[[1.9,-2.3],[1.6,1.1],[-3.201,2.4],[-0.4,1.5],[-1.4,0.8],[-1.4,-3.5]],"v":[[-3.25,-4.4],[4.65,-6.9],[4.351,-1.3],[0.65,3.9],[-1.45,8.1],[-4.85,5.9]],"c":true}]}],"ix":2},"nm":"Path 1","mn":"ADBE Vector Shape - Group","hd":false},{"ty":"fl","c":{"a":0,"k":[1,0.517999985639,0.477999997606,1],"ix":4},"o":{"a":0,"k":100,"ix":5},"r":1,"bm":0,"nm":"Fill 1","mn":"ADBE Vector Graphic - Fill","hd":false},{"ty":"tr","p":{"a":0,"k":[71.5,13.95],"ix":2},"a":{"a":0,"k":[0,0],"ix":1},"s":{"a":0,"k":[100,100],"ix":3},"r":{"a":0,"k":0,"ix":6},"o":{"a":0,"k":100,"ix":7},"sk":{"a":0,"k":0,"ix":4},"sa":{"a":0,"k":0,"ix":5},"nm":"Transform"}],"nm":"Group 5","np":2,"cix":2,"bm":0,"ix":1,"mn":"ADBE Vector Group","hd":false},{"ty":"gr","it":[{"ind":0,"ty":"sh","ix":1,"ks":{"a":1,"k":[{"i":{"x":0.833,"y":0.833},"o":{"x":0.167,"y":0.167},"t":0,"s":[{"i":[[6.2,1.7],[0,0],[7,2.4],[0.5,-11.9],[0,0],[-7.3,12.7]],"o":[[-8.2,-2.3],[0,0],[-8.4,-2.9],[-0.6,13.6],[0,0],[5.9,-10.3]],"v":[[13.55,-15.45],[-0.65,-11.05],[-8.35,-21.05],[-26.15,-7.45],[-8.75,23.95],[20.85,5.25]],"c":true}]},{"i":{"x":0.833,"y":0.833},"o":{"x":0.167,"y":0.167},"t":17.5,"s":[{"i":[[6.2,1.7],[0,0],[7,2.4],[0.5,-11.9],[0,0],[-7.3,12.7]],"o":[[-8.2,-2.3],[0,0],[-8.4,-2.9],[-0.6,13.6],[0,0],[5.9,-10.3]],"v":[[13.55,-15.45],[-0.65,-11.05],[-8.35,-21.05],[-26.15,-7.45],[-8.75,23.95],[20.85,5.25]],"c":true}]},{"i":{"x":0.833,"y":0.833},"o":{"x":0.167,"y":0.167},"t":40,"s":[{"i":[[6.2,1.7],[0,0],[7,2.4],[0.5,-11.9],[0,0],[-7.3,12.7]],"o":[[-8.2,-2.3],[0,0],[-8.4,-2.9],[-0.6,13.6],[0,0],[5.9,-10.3]],"v":[[13.55,-15.45],[-0.65,-11.05],[-8.35,-21.05],[-26.15,-7.45],[-8.75,23.95],[20.85,5.25]],"c":true}]},{"i":{"x":0.833,"y":0.833},"o":{"x":0.167,"y":0.167},"t":67.5,"s":[{"i":[[6.2,1.7],[0,0],[7,2.4],[0.5,-11.9],[0,0],[-7.3,12.7]],"o":[[-8.2,-2.3],[0,0],[-8.4,-2.9],[-0.6,13.6],[0,0],[5.9,-10.3]],"v":[[13.55,-15.45],[-0.65,-11.05],[-8.35,-21.05],[-26.15,-7.45],[-8.75,23.95],[20.85,5.25]],"c":true}]},{"t":97.5,"s":[{"i":[[6.2,1.7],[0,0],[7,2.4],[0.5,-11.9],[0,0],[-7.3,12.7]],"o":[[-8.2,-2.3],[0,0],[-8.4,-2.9],[-0.6,13.6],[0,0],[5.9,-10.3]],"v":[[13.55,-15.45],[-0.65,-11.05],[-8.35,-21.05],[-26.15,-7.45],[-8.75,23.95],[20.85,5.25]],"c":true}]}],"ix":2},"nm":"Path 1","mn":"ADBE Vector Shape - Group","hd":false},{"ty":"fl","c":{"a":0,"k":[0.957000014361,0.263000009574,0.211999990426,1],"ix":4},"o":{"a":0,"k":100,"ix":5},"r":1,"bm":0,"nm":"Fill 1","mn":"ADBE Vector Graphic - Fill","hd":false},{"ty":"tr","p":{"a":0,"k":[88.4,24.2],"ix":2},"a":{"a":0,"k":[0,0],"ix":1},"s":{"a":0,"k":[100,100],"ix":3},"r":{"a":0,"k":0,"ix":6},"o":{"a":0,"k":100,"ix":7},"sk":{"a":0,"k":0,"ix":4},"sa":{"a":0,"k":0,"ix":5},"nm":"Transform"}],"nm":"Group 8","np":2,"cix":2,"bm":0,"ix":2,"mn":"ADBE Vector Group","hd":false}],"ip":0,"op":99,"st":0,"bm":0},{"ddd":0,"ind":9,"ty":4,"nm":"heart 3 bevel","parent":10,"tt":1,"sr":1,"ks":{"o":{"a":0,"k":100,"ix":11},"r":{"a":0,"k":0,"ix":10},"p":{"a":0,"k":[85.838,29.484,0],"ix":2,"l":2},"a":{"a":0,"k":[85.838,29.484,0],"ix":1,"l":2},"s":{"a":0,"k":[100,100,100],"ix":6,"l":2}},"ao":0,"shapes":[{"ty":"gr","it":[{"ind":0,"ty":"sh","ix":1,"ks":{"a":0,"k":{"i":[[0,0],[0,0],[0,0],[0,0],[6.727,11.34]],"o":[[0,0],[0,0],[0,0],[0,0],[-4.958,-8.359]],"v":[[61.259,13.757],[57.709,27.97],[66.719,53.357],[82.516,50.263],[66.62,33.314]],"c":true},"ix":2},"nm":"Path 1","mn":"ADBE Vector Shape - Group","hd":false},{"ty":"fl","c":{"a":0,"k":[0.776000019148,0.156999999402,0.156999999402,1],"ix":4},"o":{"a":0,"k":100,"ix":5},"r":1,"bm":0,"nm":"Fill 1","mn":"ADBE Vector Graphic - Fill","hd":false},{"ty":"tr","p":{"a":0,"k":[0,0],"ix":2},"a":{"a":0,"k":[0,0],"ix":1},"s":{"a":0,"k":[100,100],"ix":3},"r":{"a":0,"k":0,"ix":6},"o":{"a":0,"k":100,"ix":7},"sk":{"a":0,"k":0,"ix":4},"sa":{"a":0,"k":0,"ix":5},"nm":"Transform"}],"nm":"Shape 2","np":3,"cix":2,"bm":0,"ix":1,"mn":"ADBE Vector Group","hd":false},{"ty":"gr","it":[{"ind":0,"ty":"sh","ix":1,"ks":{"a":0,"k":{"i":[[0.1,1.7],[5.675,3.6],[2,0.3],[-2.1,-4.2],[-0.2,-2.4],[-0.301,-0.8],[-0.901,0.1]],"o":[[-0.101,-1],[-4.325,-3.025],[0,0],[1.099,2.2],[0,0.9],[0.4,0.8],[1.5,-0.4]],"v":[[5.6,4.1],[1.35,-6.625],[-5.7,-8],[-0.6,-2.9],[1.3,4.1],[1.8,6.7],[3.9,7.9]],"c":true},"ix":2},"nm":"Path 1","mn":"ADBE Vector Shape - Group","hd":false},{"ty":"fl","c":{"a":0,"k":[0.776000019148,0.156999999402,0.156999999402,1],"ix":4},"o":{"a":0,"k":100,"ix":5},"r":1,"bm":0,"nm":"Fill 1","mn":"ADBE Vector Graphic - Fill","hd":false},{"ty":"tr","p":{"a":0,"k":[82.05,10.25],"ix":2},"a":{"a":0,"k":[0,0],"ix":1},"s":{"a":0,"k":[100,100],"ix":3},"r":{"a":0,"k":0,"ix":6},"o":{"a":0,"k":100,"ix":7},"sk":{"a":0,"k":0,"ix":4},"sa":{"a":0,"k":0,"ix":5},"nm":"Transform"}],"nm":"Group 6","np":2,"cix":2,"bm":0,"ix":2,"mn":"ADBE Vector Group","hd":false},{"ty":"gr","it":[{"ind":0,"ty":"sh","ix":1,"ks":{"a":0,"k":{"i":[[6.2,1.7],[1,0],[-1.4,-3.2],[2.7,-5.2],[0,0],[0,0],[-7.325,15.4]],"o":[[-1,-0.3],[2.9,2],[1.4,3.4],[-5.8,11.4],[0,0],[0,0],[6,-10.3]],"v":[[5.175,-20.125],[1.45,-19.9],[8.15,-12],[7.25,1],[-19.5,20.775],[-13.937,28.813],[14.625,6.325]],"c":true},"ix":2},"nm":"Path 1","mn":"ADBE Vector Shape - Group","hd":false},{"ty":"fl","c":{"a":0,"k":[0.776000019148,0.156999999402,0.156999999402,1],"ix":4},"o":{"a":0,"k":100,"ix":5},"r":1,"bm":0,"nm":"Fill 1","mn":"ADBE Vector Graphic - Fill","hd":false},{"ty":"tr","p":{"a":0,"k":[97.4,28.25],"ix":2},"a":{"a":0,"k":[0,0],"ix":1},"s":{"a":0,"k":[100,100],"ix":3},"r":{"a":0,"k":0,"ix":6},"o":{"a":0,"k":100,"ix":7},"sk":{"a":0,"k":0,"ix":4},"sa":{"a":0,"k":0,"ix":5},"nm":"Transform"}],"nm":"Group 7","np":2,"cix":2,"bm":0,"ix":3,"mn":"ADBE Vector Group","hd":false}],"ip":0,"op":99,"st":0,"bm":0},{"ddd":0,"ind":10,"ty":4,"nm":"heart 3","parent":1,"sr":1,"ks":{"o":{"a":0,"k":100,"ix":11},"r":{"a":1,"k":[{"i":{"x":[0.665],"y":[0.551]},"o":{"x":[0.333],"y":[0]},"t":0,"s":[18]},{"i":{"x":[0.667],"y":[1]},"o":{"x":[0.385],"y":[0.147]},"t":17.5,"s":[16.188]},{"i":{"x":[0.833],"y":[0.833]},"o":{"x":[0.333],"y":[0]},"t":40,"s":[8]},{"i":{"x":[0.667],"y":[1]},"o":{"x":[0.167],"y":[0.167]},"t":67.5,"s":[14.709]},{"t":97.5,"s":[18]}],"ix":10},"p":{"a":1,"k":[{"i":{"x":0.833,"y":0.833},"o":{"x":0.167,"y":0.167},"t":0,"s":[141.626,169.015,0],"to":[17.374,1.735,0],"ti":[-3.374,13.515,0]},{"i":{"x":0.833,"y":0.833},"o":{"x":0.167,"y":0.167},"t":17.5,"s":[172.126,148.765,0],"to":[3.374,-13.515,0],"ti":[13.876,-0.485,0]},{"i":{"x":0.833,"y":0.833},"o":{"x":0.167,"y":0.167},"t":40,"s":[153.126,119.265,0],"to":[-13.876,0.485,0],"ti":[2.876,-12.985,0]},{"i":{"x":0.833,"y":0.833},"o":{"x":0.167,"y":0.167},"t":67.5,"s":[122.626,154.765,0],"to":[-2.876,12.985,0],"ti":[0,0,0]},{"t":97.5,"s":[141.626,169.015,0]}],"ix":2,"l":2},"a":{"a":0,"k":[86.856,25.229,0],"ix":1,"l":2},"s":{"a":1,"k":[{"i":{"x":[0.667,0.667,0.667],"y":[1,1,1]},"o":{"x":[0.333,0.333,0.333],"y":[0,0,0]},"t":0,"s":[358,358,100]},{"i":{"x":[0.507,0.507,0.667],"y":[0.52,0.52,1]},"o":{"x":[0.333,0.333,0.333],"y":[0,0,0]},"t":17.5,"s":[171,171,100]},{"i":{"x":[0.666,0.666,0.667],"y":[0.813,0.813,1]},"o":{"x":[0.271,0.271,0.333],"y":[0.471,0.471,0]},"t":40,"s":[273,273,100]},{"i":{"x":[0.667,0.667,0.667],"y":[1,1,1]},"o":{"x":[0.272,0.272,0.333],"y":[0.776,0.776,0]},"t":67.5,"s":[343,343,100]},{"t":97.5,"s":[358,358,100]}],"ix":6,"l":2}},"ao":0,"shapes":[{"ty":"gr","it":[{"ind":0,"ty":"sh","ix":1,"ks":{"a":1,"k":[{"i":{"x":0.833,"y":0.833},"o":{"x":0.167,"y":0.167},"t":0,"s":[{"i":[[-2.3,2.9],[-3,-2],[1.899,-1.4],[0.3,-1.3],[1.4,-0.8],[0.701,2.2]],"o":[[1.9,-2.3],[1.6,1.1],[-3.201,2.4],[-0.4,1.5],[-1.4,0.8],[-1.4,-3.5]],"v":[[-3.25,-4.4],[4.65,-6.9],[4.351,-1.3],[0.65,3.9],[-1.45,8.1],[-4.85,5.9]],"c":true}]},{"i":{"x":0.833,"y":0.833},"o":{"x":0.167,"y":0.167},"t":17.5,"s":[{"i":[[-1.242,3.487],[-3.485,-0.926],[1.33,-1.948],[-0.135,-1.327],[1.067,-1.209],[1.373,1.856]],"o":[[1.057,-2.79],[1.869,0.525],[-2.256,3.304],[0.105,1.549],[-1.067,1.209],[-2.454,-2.862]],"v":[[-5.495,-2.117],[1.177,-7.031],[2.699,-1.634],[0.873,4.482],[0.239,9.135],[-3.688,8.149]],"c":true}]},{"i":{"x":0.833,"y":0.833},"o":{"x":0.167,"y":0.167},"t":40,"s":[{"i":[[-0.291,3.349],[-3.609,-0.724],[0.676,-3.202],[-0.913,-3.271],[1.01,-1.273],[1.67,2.18]],"o":[[0.291,-3.349],[1.941,0.425],[-0.676,3.202],[0.646,2.315],[-1.01,1.273],[-2.908,-3.317]],"v":[[-5.634,1.903],[-1.053,-4.662],[0.617,1.036],[1.178,10.145],[1.518,15.879],[-2.514,14.669]],"c":true}]},{"i":{"x":0.833,"y":0.833},"o":{"x":0.167,"y":0.167},"t":67.5,"s":[{"i":[[-1.661,3.428],[-2.752,-2.012],[1.457,-1.728],[0.123,-1.48],[1.109,-1.004],[0.818,2.413]],"o":[[1.382,-2.724],[1.471,1.11],[-2.477,2.936],[-0.188,1.712],[-1.109,1.004],[-1.544,-3.816]],"v":[[-5.36,-3.912],[0.768,-6.914],[1.76,-0.135],[-1.404,5.688],[-2.764,10.558],[-5.876,8.352]],"c":true}]},{"t":97.5,"s":[{"i":[[-2.3,2.9],[-3,-2],[1.899,-1.4],[0.3,-1.3],[1.4,-0.8],[0.701,2.2]],"o":[[1.9,-2.3],[1.6,1.1],[-3.201,2.4],[-0.4,1.5],[-1.4,0.8],[-1.4,-3.5]],"v":[[-3.25,-4.4],[4.65,-6.9],[4.351,-1.3],[0.65,3.9],[-1.45,8.1],[-4.85,5.9]],"c":true}]}],"ix":2},"nm":"Path 1","mn":"ADBE Vector Shape - Group","hd":false},{"ty":"fl","c":{"a":0,"k":[1,0.517999985639,0.477999997606,1],"ix":4},"o":{"a":0,"k":100,"ix":5},"r":1,"bm":0,"nm":"Fill 1","mn":"ADBE Vector Graphic - Fill","hd":false},{"ty":"tr","p":{"a":0,"k":[71.5,13.95],"ix":2},"a":{"a":0,"k":[0,0],"ix":1},"s":{"a":0,"k":[100,100],"ix":3},"r":{"a":0,"k":0,"ix":6},"o":{"a":0,"k":100,"ix":7},"sk":{"a":0,"k":0,"ix":4},"sa":{"a":0,"k":0,"ix":5},"nm":"Transform"}],"nm":"Group 5","np":2,"cix":2,"bm":0,"ix":1,"mn":"ADBE Vector Group","hd":false},{"ty":"gr","it":[{"ind":0,"ty":"sh","ix":1,"ks":{"a":1,"k":[{"i":{"x":0.833,"y":0.833},"o":{"x":0.167,"y":0.167},"t":0,"s":[{"i":[[6.2,1.7],[0,0],[7,2.4],[0.5,-11.9],[0,0],[-7.3,12.7]],"o":[[-8.2,-2.3],[0,0],[-8.4,-2.9],[-0.6,13.6],[0,0],[5.9,-10.3]],"v":[[13.55,-15.45],[-0.65,-11.05],[-8.35,-21.05],[-26.15,-7.45],[-8.75,23.95],[20.85,5.25]],"c":true}]},{"i":{"x":0.833,"y":0.833},"o":{"x":0.167,"y":0.167},"t":17.5,"s":[{"i":[[6.2,1.7],[0,0],[7,2.4],[0.5,-11.9],[0,0],[-7.3,12.7]],"o":[[-8.2,-2.3],[0,0],[-8.4,-2.9],[-0.6,13.6],[0,0],[5.9,-10.3]],"v":[[13.55,-15.45],[-0.65,-11.05],[-8.35,-21.05],[-26.15,-7.45],[-8.75,23.95],[20.85,5.25]],"c":true}]},{"i":{"x":0.833,"y":0.833},"o":{"x":0.167,"y":0.167},"t":40,"s":[{"i":[[6.2,1.7],[0,0],[7,2.4],[0.5,-11.9],[0,0],[-7.3,12.7]],"o":[[-8.2,-2.3],[0,0],[-8.4,-2.9],[-0.6,13.6],[0,0],[5.9,-10.3]],"v":[[13.55,-15.45],[-0.65,-11.05],[-8.35,-21.05],[-26.15,-7.45],[-8.75,23.95],[20.85,5.25]],"c":true}]},{"i":{"x":0.833,"y":0.833},"o":{"x":0.167,"y":0.167},"t":67.5,"s":[{"i":[[6.2,1.7],[0,0],[7,2.4],[0.5,-11.9],[0,0],[-7.3,12.7]],"o":[[-8.2,-2.3],[0,0],[-8.4,-2.9],[-0.6,13.6],[0,0],[5.9,-10.3]],"v":[[13.55,-15.45],[-0.65,-11.05],[-8.35,-21.05],[-26.15,-7.45],[-8.75,23.95],[20.85,5.25]],"c":true}]},{"t":97.5,"s":[{"i":[[6.2,1.7],[0,0],[7,2.4],[0.5,-11.9],[0,0],[-7.3,12.7]],"o":[[-8.2,-2.3],[0,0],[-8.4,-2.9],[-0.6,13.6],[0,0],[5.9,-10.3]],"v":[[13.55,-15.45],[-0.65,-11.05],[-8.35,-21.05],[-26.15,-7.45],[-8.75,23.95],[20.85,5.25]],"c":true}]}],"ix":2},"nm":"Path 1","mn":"ADBE Vector Shape - Group","hd":false},{"ty":"fl","c":{"a":0,"k":[0.957000014361,0.263000009574,0.211999990426,1],"ix":4},"o":{"a":0,"k":100,"ix":5},"r":1,"bm":0,"nm":"Fill 1","mn":"ADBE Vector Graphic - Fill","hd":false},{"ty":"tr","p":{"a":0,"k":[88.4,24.2],"ix":2},"a":{"a":0,"k":[0,0],"ix":1},"s":{"a":0,"k":[100,100],"ix":3},"r":{"a":0,"k":0,"ix":6},"o":{"a":0,"k":100,"ix":7},"sk":{"a":0,"k":0,"ix":4},"sa":{"a":0,"k":0,"ix":5},"nm":"Transform"}],"nm":"Group 8","np":2,"cix":2,"bm":0,"ix":2,"mn":"ADBE Vector Group","hd":false}],"ip":0,"op":99,"st":0,"bm":0},{"ddd":0,"ind":11,"ty":3,"nm":"Null Face","parent":1,"sr":1,"ks":{"o":{"a":0,"k":0,"ix":11},"r":{"a":0,"k":0,"ix":10},"p":{"s":true,"x":{"a":1,"k":[{"i":{"x":[0.667],"y":[1]},"o":{"x":[0.167],"y":[0]},"t":0,"s":[0]},{"i":{"x":[0.667],"y":[1]},"o":{"x":[0.333],"y":[0]},"t":10,"s":[0]},{"i":{"x":[0.667],"y":[1]},"o":{"x":[0.333],"y":[0]},"t":22.5,"s":[20]},{"i":{"x":[0.667],"y":[1]},"o":{"x":[0.333],"y":[0]},"t":35,"s":[-15.554]},{"i":{"x":[0.667],"y":[1]},"o":{"x":[0.333],"y":[0]},"t":50,"s":[7.767]},{"i":{"x":[0.34],"y":[1]},"o":{"x":[0.333],"y":[0]},"t":67.5,"s":[-3.28]},{"t":97.5,"s":[0]}],"ix":3},"y":{"a":1,"k":[{"i":{"x":[0.667],"y":[1]},"o":{"x":[0.167],"y":[0.167]},"t":0,"s":[20]},{"i":{"x":[0.17],"y":[1]},"o":{"x":[0.164],"y":[0]},"t":10,"s":[60]},{"i":{"x":[0.833],"y":[0.833]},"o":{"x":[0.529],"y":[0]},"t":80,"s":[0]},{"t":97.5,"s":[20]}],"ix":4}},"a":{"a":0,"k":[0,0,0],"ix":1,"l":2},"s":{"a":1,"k":[{"i":{"x":[0.833,0.833,0.833],"y":[0.833,0.833,0.833]},"o":{"x":[0.167,0.167,0.167],"y":[0.167,0.167,0.167]},"t":0,"s":[100,100,100]},{"t":97.5,"s":[100,100,100]}],"ix":6,"l":2}},"ao":0,"ip":0,"op":99,"st":0,"bm":0},{"ddd":0,"ind":12,"ty":4,"nm":"eyes ","parent":11,"sr":1,"ks":{"o":{"a":0,"k":100,"ix":11},"r":{"a":0,"k":0,"ix":10},"p":{"a":0,"k":[0,-122.502,0],"ix":2,"l":2},"a":{"a":0,"k":[1.571,-5.654,0],"ix":1,"l":2},"s":{"a":0,"k":[50,50,100],"ix":6,"l":2}},"ao":0,"shapes":[{"ty":"gr","it":[{"ind":0,"ty":"sh","ix":1,"ks":{"a":0,"k":{"i":[[17.642,24.698],[15.077,1.551],[0,0],[0,0],[0,0],[-4.324,0.16],[8.268,-9.768],[17.718,12.523],[-11.334,22.269],[-29.53,2.117],[-9.042,-1.626],[-6.436,-36.936]],"o":[[-9.146,-10.69],[0,0],[0,0],[0,0],[0.961,0],[-11.013,-1.526],[-11.579,17.516],[-20.814,-16.762],[11.841,-22.804],[9.295,-1.198],[40.615,6.919],[6.034,31.636]],"v":[[-513.081,-25.751],[-549.516,-54.579],[-549.516,-54.579],[-549.516,-54.579],[-549.516,-54.579],[-547.354,-54.659],[-581.628,-31.036],[-632.558,-19.185],[-632.158,-79.323],[-560.086,-128.25],[-533.18,-127.53],[-454.784,-47.773]],"c":true},"ix":2},"nm":"Path 1","mn":"ADBE Vector Shape - Group","hd":false},{"ty":"fl","c":{"a":0,"k":[0.258999992819,0.169000004787,0.051000000449,1],"ix":4},"o":{"a":0,"k":100,"ix":5},"r":1,"bm":0,"nm":"Fill 1","mn":"ADBE Vector Graphic - Fill","hd":false},{"ty":"tr","p":{"a":0,"k":[400.942,65.23],"ix":2},"a":{"a":0,"k":[0,0],"ix":1},"s":{"a":0,"k":[100,100],"ix":3},"r":{"a":0,"k":0,"ix":6},"o":{"a":0,"k":100,"ix":7},"sk":{"a":0,"k":0,"ix":4},"sa":{"a":0,"k":0,"ix":5},"nm":"Transform"}],"nm":"Group 1","np":2,"cix":2,"bm":0,"ix":1,"mn":"ADBE Vector Group","hd":false},{"ty":"gr","it":[{"ind":0,"ty":"sh","ix":1,"ks":{"a":0,"k":{"i":[[17.542,24.739],[15.121,1.479],[0,0],[0,0],[-4.324,0.16],[8.268,-9.768],[17.719,12.523],[-11.334,22.269],[-29.531,2.117],[-9.042,-1.626],[-6.436,-36.936]],"o":[[-9.163,-10.699],[0,0],[0,0],[0.961,0],[-11.013,-1.526],[-11.579,17.516],[-20.814,-16.762],[11.841,-22.805],[9.295,-1.198],[40.615,6.919],[6.06,31.582]],"v":[[86.452,-25.103],[49.936,-53.931],[49.936,-53.931],[49.936,-53.931],[52.098,-54.011],[17.825,-30.387],[-33.106,-18.537],[-32.706,-78.675],[39.366,-127.601],[66.272,-126.882],[144.668,-47.124]],"c":true},"ix":2},"nm":"Path 1","mn":"ADBE Vector Shape - Group","hd":false},{"ty":"fl","c":{"a":0,"k":[0.258999992819,0.169000004787,0.051000000449,1],"ix":4},"o":{"a":0,"k":100,"ix":5},"r":1,"bm":0,"nm":"Fill 1","mn":"ADBE Vector Graphic - Fill","hd":false},{"ty":"tr","p":{"a":0,"k":[101.702,64.582],"ix":2},"a":{"a":0,"k":[0,0],"ix":1},"s":{"a":0,"k":[100,100],"ix":3},"r":{"a":0,"k":0,"ix":6},"o":{"a":0,"k":100,"ix":7},"sk":{"a":0,"k":0,"ix":4},"sa":{"a":0,"k":0,"ix":5},"nm":"Transform"}],"nm":"Group 2","np":2,"cix":2,"bm":0,"ix":2,"mn":"ADBE Vector Group","hd":false}],"ip":0,"op":99,"st":0,"bm":0},{"ddd":0,"ind":13,"ty":4,"nm":"Smile","parent":11,"sr":1,"ks":{"o":{"a":0,"k":100,"ix":11},"r":{"a":0,"k":0,"ix":10},"p":{"a":1,"k":[{"i":{"x":0.667,"y":1},"o":{"x":0.333,"y":0},"t":0,"s":[0,25.771,0],"to":[0,0,0],"ti":[0,0,0]},{"i":{"x":0.667,"y":1},"o":{"x":0.333,"y":0},"t":67.5,"s":[0,17.771,0],"to":[0,0,0],"ti":[0,0,0]},{"t":97.5,"s":[0,25.771,0]}],"ix":2,"l":2},"a":{"a":0,"k":[-0.023,3.275,0],"ix":1,"l":2},"s":{"a":0,"k":[50,50,100],"ix":6,"l":2}},"ao":0,"shapes":[{"ty":"gr","it":[{"ind":0,"ty":"sh","ix":1,"ks":{"a":1,"k":[{"i":{"x":0.667,"y":1},"o":{"x":0.333,"y":0},"t":0,"s":[{"i":[[15.135,-8.809],[110.027,0],[82.24,47.727],[-11.291,-13.213],[-126.283,0],[-74.473,87.045]],"o":[[-82.24,47.727],[-110.027,0],[-15.135,-8.729],[74.472,87.045],[126.283,0],[11.371,-13.293]],"v":[[293.766,-78.556],[-0.04,-2.562],[-293.846,-78.556],[-313.545,-55.174],[-0.04,87.365],[313.465,-55.174]],"c":true}]},{"i":{"x":0.214,"y":1},"o":{"x":0.333,"y":0},"t":15,"s":[{"i":[[12.864,-8.232],[99.51,0],[69.466,45.168],[-8.916,-11.534],[-114.213,0],[-59.404,75.629]],"o":[[-69.848,44.697],[-99.51,0],[-12.789,-8.268],[58.766,76.024],[114.213,0],[9.071,-11.549]],"v":[[257.044,-63.073],[-0.057,4.418],[-255.914,-63.538],[-275.841,-40.611],[-0.057,92.266],[276.825,-40.012]],"c":true}]},{"i":{"x":0.667,"y":1},"o":{"x":0.333,"y":0},"t":80,"s":[{"i":[[15.135,-8.809],[110.027,0],[82.24,47.727],[-11.291,-13.213],[-126.283,0],[-74.473,87.045]],"o":[[-82.24,47.727],[-110.027,0],[-15.135,-8.729],[74.472,87.045],[126.283,0],[11.371,-13.293]],"v":[[293.766,-78.556],[-0.04,-2.562],[-293.846,-78.556],[-313.545,-55.174],[-0.04,87.365],[313.465,-55.174]],"c":true}]},{"t":97.5,"s":[{"i":[[15.135,-8.809],[110.027,0],[82.24,47.727],[-11.291,-13.213],[-126.283,0],[-74.473,87.045]],"o":[[-82.24,47.727],[-110.027,0],[-15.135,-8.729],[74.472,87.045],[126.283,0],[11.371,-13.293]],"v":[[293.766,-78.556],[-0.04,-2.562],[-293.846,-78.556],[-313.545,-55.174],[-0.04,87.365],[313.465,-55.174]],"c":true}]}],"ix":2},"nm":"Path 1","mn":"ADBE Vector Shape - Group","hd":false},{"ty":"fl","c":{"a":0,"k":[0.258823529412,0.16862745098,0.050980392157,1],"ix":4},"o":{"a":0,"k":100,"ix":5},"r":1,"bm":0,"nm":"Fill 1","mn":"ADBE Vector Graphic - Fill","hd":false},{"ty":"tr","p":{"a":0,"k":[0,0],"ix":2},"a":{"a":0,"k":[0,0],"ix":1},"s":{"a":0,"k":[100,100],"ix":3},"r":{"a":0,"k":0,"ix":6},"o":{"a":0,"k":100,"ix":7},"sk":{"a":0,"k":0,"ix":4},"sa":{"a":0,"k":0,"ix":5},"nm":"Transform"}],"nm":"Shape 1","np":3,"cix":2,"bm":0,"ix":1,"mn":"ADBE Vector Group","hd":false}],"ip":0,"op":99,"st":0,"bm":0},{"ddd":0,"ind":14,"ty":3,"nm":"Null blush","parent":11,"sr":1,"ks":{"o":{"a":0,"k":0,"ix":11},"r":{"a":0,"k":0,"ix":10},"p":{"s":true,"x":{"a":0,"k":3.2,"ix":3},"y":{"a":1,"k":[{"i":{"x":[0.667],"y":[1]},"o":{"x":[0.167],"y":[0.167]},"t":0,"s":[-38.205]},{"i":{"x":[0.847],"y":[0.318]},"o":{"x":[0.333],"y":[0]},"t":10,"s":[-48.205]},{"i":{"x":[0.667],"y":[1]},"o":{"x":[0.277],"y":[0.209]},"t":80,"s":[-44.171]},{"t":97.5,"s":[-38.205]}],"ix":4}},"a":{"a":0,"k":[0,0,0],"ix":1,"l":2},"s":{"a":0,"k":[50,50,100],"ix":6,"l":2}},"ao":0,"ip":0,"op":99,"st":0,"bm":0},{"ddd":0,"ind":15,"ty":4,"nm":"blush L","parent":14,"sr":1,"ks":{"o":{"a":0,"k":80,"ix":11},"r":{"a":0,"k":0,"ix":10},"p":{"a":0,"k":[-296.4,26.01,0],"ix":2,"l":2},"a":{"a":0,"k":[78.15,23.253,0],"ix":1,"l":2},"s":{"a":0,"k":[850,850,100],"ix":6,"l":2}},"ao":0,"shapes":[{"ty":"gr","it":[{"ind":0,"ty":"sh","ix":1,"ks":{"a":0,"k":{"i":[[0,-9.113],[-9.665,0],[0,9.113],[9.665,0]],"o":[[0,9.113],[9.665,0],[0,-9.113],[-9.665,0]],"v":[[-17.5,0],[0,16.5],[17.5,0],[0,-16.5]],"c":true},"ix":2},"nm":"Path 2","mn":"ADBE Vector Shape - Group","hd":false},{"ty":"gf","o":{"a":0,"k":100,"ix":10},"r":1,"bm":0,"g":{"p":3,"k":{"a":0,"k":[0,0.929,0.467,0.439,0.5,0.929,0.467,0.439,1,0.929,0.467,0.439,0,1,0.5,0.5,1,0],"ix":9}},"s":{"a":0,"k":[0,0],"ix":5},"e":{"a":0,"k":[12,10.25],"ix":6},"t":2,"h":{"a":0,"k":0,"ix":7},"a":{"a":0,"k":0,"ix":8},"nm":"Gradient Fill 1","mn":"ADBE Vector Graphic - G-Fill","hd":false},{"ty":"tr","p":{"a":0,"k":[78.15,23.253],"ix":2},"a":{"a":0,"k":[0,0],"ix":1},"s":{"a":0,"k":[100,100],"ix":3},"r":{"a":0,"k":0,"ix":6},"o":{"a":0,"k":100,"ix":7},"sk":{"a":0,"k":0,"ix":4},"sa":{"a":0,"k":0,"ix":5},"nm":"Transform"}],"nm":"Group 3","np":2,"cix":2,"bm":0,"ix":1,"mn":"ADBE Vector Group","hd":false}],"ip":0,"op":99,"st":0,"bm":0},{"ddd":0,"ind":16,"ty":4,"nm":"blush R","parent":14,"sr":1,"ks":{"o":{"a":0,"k":80,"ix":11},"r":{"a":0,"k":0,"ix":10},"p":{"a":0,"k":[283.6,26.01,0],"ix":2,"l":2},"a":{"a":0,"k":[78.15,23.253,0],"ix":1,"l":2},"s":{"a":0,"k":[850,850,100],"ix":6,"l":2}},"ao":0,"shapes":[{"ty":"gr","it":[{"ind":0,"ty":"sh","ix":1,"ks":{"a":0,"k":{"i":[[0,-9.113],[-9.665,0],[0,9.113],[9.665,0]],"o":[[0,9.113],[9.665,0],[0,-9.113],[-9.665,0]],"v":[[-17.5,0],[0,16.5],[17.5,0],[0,-16.5]],"c":true},"ix":2},"nm":"Path 2","mn":"ADBE Vector Shape - Group","hd":false},{"ty":"gf","o":{"a":0,"k":100,"ix":10},"r":1,"bm":0,"g":{"p":3,"k":{"a":0,"k":[0,0.929,0.467,0.439,0.5,0.929,0.467,0.439,1,0.929,0.467,0.439,0,1,0.5,0.5,1,0],"ix":9}},"s":{"a":0,"k":[0,0],"ix":5},"e":{"a":0,"k":[12,10.25],"ix":6},"t":2,"h":{"a":0,"k":0,"ix":7},"a":{"a":0,"k":0,"ix":8},"nm":"Gradient Fill 1","mn":"ADBE Vector Graphic - G-Fill","hd":false},{"ty":"tr","p":{"a":0,"k":[78.15,23.253],"ix":2},"a":{"a":0,"k":[0,0],"ix":1},"s":{"a":0,"k":[100,100],"ix":3},"r":{"a":0,"k":0,"ix":6},"o":{"a":0,"k":100,"ix":7},"sk":{"a":0,"k":0,"ix":4},"sa":{"a":0,"k":0,"ix":5},"nm":"Transform"}],"nm":"Group 3","np":2,"cix":2,"bm":0,"ix":1,"mn":"ADBE Vector Group","hd":false}],"ip":0,"op":99,"st":0,"bm":0},{"ddd":0,"ind":17,"ty":4,"nm":"base matte","parent":19,"td":1,"sr":1,"ks":{"o":{"a":0,"k":100,"ix":11},"r":{"a":0,"k":0,"ix":10},"p":{"a":0,"k":[-2,-3,0],"ix":2,"l":2},"a":{"a":0,"k":[0,0,0],"ix":1,"l":2},"s":{"a":0,"k":[100,100,100],"ix":6,"l":2}},"ao":0,"shapes":[{"ty":"gr","it":[{"ind":0,"ty":"sh","ix":1,"ks":{"a":0,"k":{"i":[[15.4,0],[0,38.4],[-27.9,0],[-10.6,-9.3],[0,-16.9],[11.5,-10.2]],"o":[[-27.9,0],[0,-38.4],[15.5,0],[11.5,10.2],[0,16.9],[-10.6,9.3]],"v":[[0,55.9],[-58,0],[0,-55.9],[40.4,-41.5],[58,0],[40.4,41.4]],"c":true},"ix":2},"nm":"Path 1","mn":"ADBE Vector Shape - Group","hd":false},{"ty":"gf","o":{"a":0,"k":100,"ix":10},"r":1,"bm":0,"g":{"p":5,"k":{"a":0,"k":[0.48,0.992,0.878,0.188,0.691,0.98,0.816,0.178,0.902,0.969,0.753,0.169,0.966,0.963,0.694,0.153,1,0.957,0.635,0.137],"ix":9}},"s":{"a":0,"k":[0,0],"ix":5},"e":{"a":0,"k":[56.225,0],"ix":6},"t":2,"h":{"a":0,"k":0,"ix":7},"a":{"a":0,"k":0,"ix":8},"nm":"Gradient Fill 1","mn":"ADBE Vector Graphic - G-Fill","hd":false},{"ty":"tr","p":{"a":0,"k":[0,0],"ix":2},"a":{"a":0,"k":[0,0],"ix":1},"s":{"a":0,"k":[100,100],"ix":3},"r":{"a":0,"k":0,"ix":6},"o":{"a":0,"k":100,"ix":7},"sk":{"a":0,"k":0,"ix":4},"sa":{"a":0,"k":0,"ix":5},"nm":"Transform"}],"nm":"Group 1","np":2,"cix":2,"bm":0,"ix":1,"mn":"ADBE Vector Group","hd":false}],"ip":0,"op":99,"st":0,"bm":0},{"ddd":0,"ind":18,"ty":4,"nm":"base shadow","parent":19,"tt":2,"sr":1,"ks":{"o":{"a":0,"k":100,"ix":11},"r":{"a":0,"k":0,"ix":10},"p":{"a":0,"k":[0,0,0],"ix":2,"l":2},"a":{"a":0,"k":[0,0,0],"ix":1,"l":2},"s":{"a":0,"k":[100,100,100],"ix":6,"l":2}},"ao":0,"shapes":[{"ty":"gr","it":[{"ind":0,"ty":"sh","ix":1,"ks":{"a":0,"k":{"i":[[15.4,0],[0,38.4],[-27.9,0],[-10.6,-9.3],[0,-16.9],[11.5,-10.2]],"o":[[-27.9,0],[0,-38.4],[15.5,0],[11.5,10.2],[0,16.9],[-10.6,9.3]],"v":[[0,55.9],[-58,0],[0,-55.9],[40.4,-41.5],[58,0],[40.4,41.4]],"c":true},"ix":2},"nm":"Path 1","mn":"ADBE Vector Shape - Group","hd":false},{"ty":"fl","c":{"a":0,"k":[0.921568627451,0.560784313725,0,1],"ix":4},"o":{"a":0,"k":100,"ix":5},"r":1,"bm":0,"nm":"Fill 1","mn":"ADBE Vector Graphic - Fill","hd":false},{"ty":"tr","p":{"a":0,"k":[0,0],"ix":2},"a":{"a":0,"k":[0,0],"ix":1},"s":{"a":0,"k":[100,100],"ix":3},"r":{"a":0,"k":0,"ix":6},"o":{"a":0,"k":100,"ix":7},"sk":{"a":0,"k":0,"ix":4},"sa":{"a":0,"k":0,"ix":5},"nm":"Transform"}],"nm":"Group 1","np":2,"cix":2,"bm":0,"ix":1,"mn":"ADBE Vector Group","hd":false}],"ip":0,"op":99,"st":0,"bm":0},{"ddd":0,"ind":19,"ty":4,"nm":"base","parent":1,"sr":1,"ks":{"o":{"a":0,"k":100,"ix":11},"r":{"a":0,"k":0,"ix":10},"p":{"a":0,"k":[0,-4.401,0],"ix":2,"l":2},"a":{"a":0,"k":[0,0,0],"ix":1,"l":2},"s":{"a":0,"k":[400,400,100],"ix":6,"l":2}},"ao":0,"shapes":[{"ty":"gr","it":[{"ind":0,"ty":"sh","ix":1,"ks":{"a":0,"k":{"i":[[15.4,0],[0,38.4],[-27.9,0],[-10.6,-9.3],[0,-16.9],[11.5,-10.2]],"o":[[-27.9,0],[0,-38.4],[15.5,0],[11.5,10.2],[0,16.9],[-10.6,9.3]],"v":[[0,55.9],[-58,0],[0,-55.9],[40.4,-41.5],[58,0],[40.4,41.4]],"c":true},"ix":2},"nm":"Path 1","mn":"ADBE Vector Shape - Group","hd":false},{"ty":"gf","o":{"a":0,"k":100,"ix":10},"r":1,"bm":0,"g":{"p":5,"k":{"a":0,"k":[0.48,0.992,0.878,0.188,0.691,0.98,0.816,0.178,0.902,0.969,0.753,0.169,0.966,0.963,0.694,0.153,1,0.957,0.635,0.137],"ix":9}},"s":{"a":0,"k":[0,0],"ix":5},"e":{"a":0,"k":[56.225,0],"ix":6},"t":2,"h":{"a":0,"k":0,"ix":7},"a":{"a":0,"k":0,"ix":8},"nm":"Gradient Fill 1","mn":"ADBE Vector Graphic - G-Fill","hd":false},{"ty":"tr","p":{"a":0,"k":[0,0],"ix":2},"a":{"a":0,"k":[0,0],"ix":1},"s":{"a":0,"k":[100,100],"ix":3},"r":{"a":0,"k":0,"ix":6},"o":{"a":0,"k":100,"ix":7},"sk":{"a":0,"k":0,"ix":4},"sa":{"a":0,"k":0,"ix":5},"nm":"Transform"}],"nm":"Group 1","np":2,"cix":2,"bm":0,"ix":1,"mn":"ADBE Vector Group","hd":false}],"ip":0,"op":99,"st":0,"bm":0}],"markers":[{"tm":97,"cm":"rest","dr":0},{"tm":120,"cm":"","dr":0}]}