{"v":"5.8.1","fr":60,"ip":0,"op":144,"w":1024,"h":1024,"nm":"emoji_weary-cat","ddd":0,"assets":[],"layers":[{"ddd":0,"ind":1,"ty":3,"nm":"Null Head","sr":1,"ks":{"o":{"a":0,"k":0,"ix":11},"r":{"a":0,"k":0,"ix":10},"p":{"s":true,"x":{"a":0,"k":512,"ix":3},"y":{"a":1,"k":[{"i":{"x":[0.667],"y":[1]},"o":{"x":[0.333],"y":[0]},"t":36,"s":[512]},{"i":{"x":[0.667],"y":[1]},"o":{"x":[0.333],"y":[0]},"t":44,"s":[498]},{"i":{"x":[0.833],"y":[1]},"o":{"x":[0.333],"y":[0]},"t":58,"s":[522]},{"i":{"x":[0.667],"y":[1]},"o":{"x":[0.167],"y":[0.167]},"t":82,"s":[522]},{"i":{"x":[0.667],"y":[1]},"o":{"x":[0.333],"y":[0]},"t":88,"s":[502]},{"i":{"x":[0.667],"y":[1]},"o":{"x":[0.333],"y":[0]},"t":96,"s":[512]},{"i":{"x":[0.667],"y":[1]},"o":{"x":[0.333],"y":[0]},"t":112,"s":[512]},{"t":142,"s":[512]}],"ix":4}},"a":{"a":0,"k":[0,0,0],"ix":1,"l":2},"s":{"a":0,"k":[100,100,100],"ix":6,"l":2}},"ao":0,"ip":0,"op":144,"st":0,"bm":0},{"ddd":0,"ind":2,"ty":3,"nm":"Null Face","parent":1,"sr":1,"ks":{"o":{"a":0,"k":0,"ix":11},"r":{"a":0,"k":0,"ix":10},"p":{"s":true,"x":{"a":1,"k":[{"i":{"x":[0.667],"y":[1]},"o":{"x":[0.333],"y":[0]},"t":88,"s":[0]},{"i":{"x":[0.667],"y":[1]},"o":{"x":[0.333],"y":[0]},"t":96,"s":[-18]},{"i":{"x":[0.667],"y":[1]},"o":{"x":[0.333],"y":[0]},"t":104,"s":[18]},{"i":{"x":[0.667],"y":[1]},"o":{"x":[0.333],"y":[0]},"t":112,"s":[-18]},{"i":{"x":[0.667],"y":[1]},"o":{"x":[0.333],"y":[0]},"t":120,"s":[18]},{"i":{"x":[0.667],"y":[1]},"o":{"x":[0.333],"y":[0]},"t":130,"s":[-4]},{"t":142,"s":[0]}],"ix":3},"y":{"a":1,"k":[{"i":{"x":[0.667],"y":[1]},"o":{"x":[0.333],"y":[0]},"t":36,"s":[0]},{"i":{"x":[0.383],"y":[1]},"o":{"x":[0.333],"y":[0]},"t":44,"s":[-20]},{"i":{"x":[0.667],"y":[1]},"o":{"x":[0.657],"y":[0]},"t":58,"s":[78]},{"i":{"x":[0.667],"y":[1]},"o":{"x":[0.333],"y":[0]},"t":72,"s":[60]},{"i":{"x":[0.667],"y":[1]},"o":{"x":[0.333],"y":[0]},"t":82,"s":[79.195]},{"i":{"x":[0.667],"y":[1]},"o":{"x":[0.333],"y":[0]},"t":88,"s":[-20]},{"i":{"x":[0.667],"y":[1]},"o":{"x":[0.333],"y":[0]},"t":96,"s":[0]},{"i":{"x":[0.667],"y":[1]},"o":{"x":[0.333],"y":[0]},"t":112,"s":[0]},{"t":142,"s":[0]}],"ix":4}},"a":{"a":0,"k":[0,0,0],"ix":1,"l":2},"s":{"a":0,"k":[100,100,100],"ix":6,"l":2}},"ao":0,"ip":0,"op":144,"st":0,"bm":0},{"ddd":0,"ind":3,"ty":4,"nm":"hands matte","parent":5,"td":1,"sr":1,"ks":{"o":{"a":0,"k":100,"ix":11},"r":{"a":0,"k":0,"ix":10},"p":{"a":0,"k":[365.53,228.41,0],"ix":2,"l":2},"a":{"a":0,"k":[365.53,228.41,0],"ix":1,"l":2},"s":{"a":0,"k":[100,100,100],"ix":6,"l":2}},"ao":0,"shapes":[{"ty":"gr","it":[{"ind":0,"ty":"sh","ix":1,"ks":{"a":1,"k":[{"i":{"x":0.667,"y":1},"o":{"x":0.333,"y":0},"t":36,"s":[{"i":[[-2.64,-35.12],[-1.76,-8.401],[19.92,-60.88],[18.72,-29.68],[0,0],[-11.04,55.92],[79.04,-67.521]],"o":[[0.64,8.64],[13.04,61.28],[-10.88,33.28],[0,0],[0,0],[19.04,-96.719],[-28.4,24.319]],"v":[[-104.12,-65.52],[-100.44,-39.919],[-96.68,132],[-140.92,228.16],[61.4,228.16],[121.88,-41.12],[-70.44,-160.639]],"c":true}]},{"i":{"x":0.833,"y":0.833},"o":{"x":0.333,"y":0},"t":44,"s":[{"i":[[-2.64,-35.12],[-1.76,-8.401],[19.92,-60.88],[18.72,-29.68],[0,0],[-11.04,55.92],[79.04,-67.521]],"o":[[0.64,8.64],[13.04,61.28],[-10.88,33.28],[0,0],[0,0],[19.04,-96.719],[-28.4,24.319]],"v":[[-94.12,-81.52],[-90.44,-55.92],[-86.68,132.001],[-130.92,228.16],[71.4,228.16],[131.88,-57.12],[-60.44,-176.64]],"c":true}]},{"i":{"x":0.833,"y":0.833},"o":{"x":0.167,"y":0.167},"t":52,"s":[{"i":[[-2.64,-35.12],[-1.785,-8.83],[6.052,-29.007],[6.898,-10.936],[0,0],[-11.04,55.92],[79.04,-67.521]],"o":[[0.64,8.64],[5.942,28.314],[-2.721,18.837],[0,0],[0,0],[19.04,-96.719],[-28.4,24.319]],"v":[[-142.059,58.678],[-137.59,84.278],[-131.304,176.523],[-144.599,227.857],[53.932,227.901],[83.941,83.077],[-108.379,-36.442]],"c":true}]},{"i":{"x":0,"y":1},"o":{"x":0.167,"y":0.167},"t":58,"s":[{"i":[[-2.64,-35.12],[-1.8,-9.08],[-2.04,-10.41],[0,0],[0,0],[-11.04,55.92],[79.04,-67.521]],"o":[[0.64,8.64],[1.8,9.08],[2.04,10.41],[0,0],[0,0],[19.04,-96.719],[-28.4,24.319]],"v":[[-233.37,140.48],[-228.44,166.081],[-220.68,202.5],[-215.92,227.68],[-19.6,227.75],[-7.37,164.88],[-199.69,45.361]],"c":true}]},{"i":{"x":0.833,"y":0.833},"o":{"x":0.333,"y":0},"t":72,"s":[{"i":[[-1.23,-15.07],[-3.8,-9.72],[-4.54,-8.551],[0,0],[0,0],[3.534,35.698],[87.55,-59.309]],"o":[[1.23,15.07],[3.8,9.721],[4.54,8.551],[0,0],[0,0],[-6.27,-63.329],[-38.508,26.087]],"v":[[-270.37,149.09],[-263.44,181.94],[-250.68,210.36],[-241.42,227.789],[-35.1,227.648],[-39.37,138.989],[-235.69,59.97]],"c":true}]},{"i":{"x":0.833,"y":0.833},"o":{"x":0.167,"y":0.167},"t":78,"s":[{"i":[[-1.413,-17.68],[-3.534,-9.549],[-1.356,-15.361],[1.338,-3.159],[0,0],[1.637,38.33],[86.442,-60.378]],"o":[[1.153,14.234],[5.003,16.431],[2.533,11.769],[0,0],[0,0],[-2.976,-67.674],[-37.193,25.857]],"v":[[-153.489,119.217],[-146.982,151.124],[-135.133,198.806],[-131.795,227.872],[73.223,227.727],[76.86,113.607],[-118.94,29.316]],"c":true}]},{"i":{"x":0.667,"y":1},"o":{"x":0.167,"y":0.167},"t":82,"s":[{"i":[[-1.957,-25.406],[-2.748,-9.04],[8.069,-35.526],[5.299,-12.511],[0,0],[-3.979,46.122],[83.163,-63.542]],"o":[[0.926,11.756],[8.563,36.299],[-3.409,21.298],[0,0],[0,0],[6.777,-80.541],[-33.298,25.176]],"v":[[-108.297,30.774],[-103.043,59.887],[-93.891,164.6],[-108.086,228.119],[93.079,227.959],[120.125,38.457],[-74.133,-61.439]],"c":true}]},{"i":{"x":0.667,"y":1},"o":{"x":0.333,"y":0},"t":88,"s":[{"i":[[-2.64,-35.12],[-1.76,-8.401],[19.92,-60.88],[10.28,-24.27],[0,0],[-11.04,55.92],[79.04,-67.521]],"o":[[0.64,8.64],[13.04,61.28],[-10.88,33.28],[0,0],[0,0],[19.04,-96.719],[-28.4,24.319]],"v":[[-80.12,-80.43],[-76.44,-54.83],[-70.68,121.59],[-106.92,228.43],[89.4,228.25],[145.88,-56.031],[-46.44,-175.55]],"c":true}]},{"i":{"x":0.667,"y":1},"o":{"x":0.333,"y":0},"t":96,"s":[{"i":[[-2.64,-35.12],[-1.76,-8.401],[19.92,-60.88],[18.72,-29.68],[0,0],[-11.04,55.92],[79.04,-67.521]],"o":[[0.64,8.64],[13.04,61.28],[-10.88,33.28],[0,0],[0,0],[19.04,-96.719],[-28.4,24.319]],"v":[[-132.12,-65.519],[-128.44,-39.919],[-112.68,132.001],[-156.92,228.161],[45.4,228.161],[93.88,-41.12],[-98.44,-160.639]],"c":true}]},{"i":{"x":0.667,"y":1},"o":{"x":0.333,"y":0},"t":104,"s":[{"i":[[-2.64,-35.12],[-1.76,-8.401],[19.92,-60.88],[18.72,-29.68],[0,0],[-11.04,55.92],[79.04,-67.521]],"o":[[0.64,8.64],[13.04,61.28],[-10.88,33.28],[0,0],[0,0],[19.04,-96.719],[-28.4,24.319]],"v":[[-72.739,-65.519],[-69.059,-39.919],[-80.68,132.001],[-124.92,228.161],[77.4,228.161],[153.261,-41.12],[-39.059,-160.639]],"c":true}]},{"i":{"x":0.667,"y":1},"o":{"x":0.333,"y":0},"t":112,"s":[{"i":[[-2.64,-35.12],[-1.76,-8.401],[19.92,-60.88],[18.72,-29.68],[0,0],[-11.04,55.92],[79.04,-67.521]],"o":[[0.64,8.64],[13.04,61.28],[-10.88,33.28],[0,0],[0,0],[19.04,-96.719],[-28.4,24.319]],"v":[[-132.12,-65.519],[-128.44,-39.919],[-112.68,132.001],[-156.92,228.161],[45.4,228.161],[93.88,-41.12],[-98.44,-160.639]],"c":true}]},{"i":{"x":0.667,"y":1},"o":{"x":0.333,"y":0},"t":120,"s":[{"i":[[-2.64,-35.12],[-1.76,-8.401],[19.92,-60.88],[18.72,-29.68],[0,0],[-11.04,55.92],[79.04,-67.521]],"o":[[0.64,8.64],[13.04,61.28],[-10.88,33.28],[0,0],[0,0],[19.04,-96.719],[-28.4,24.319]],"v":[[-72.739,-65.52],[-69.059,-39.92],[-80.68,132],[-124.92,228.16],[77.4,228.16],[153.261,-41.12],[-39.059,-160.64]],"c":true}]},{"i":{"x":0.667,"y":1},"o":{"x":0.333,"y":0},"t":130,"s":[{"i":[[-2.64,-35.12],[-1.76,-8.401],[19.92,-60.88],[18.72,-29.68],[0,0],[-11.04,55.92],[79.04,-67.521]],"o":[[0.64,8.64],[13.04,61.28],[-10.88,33.28],[0,0],[0,0],[19.04,-96.719],[-28.4,24.319]],"v":[[-111.213,-65.519],[-107.533,-39.919],[-96.68,132],[-140.92,228.161],[61.4,228.161],[114.787,-41.12],[-77.533,-160.639]],"c":true}]},{"t":142,"s":[{"i":[[-2.64,-35.12],[-1.76,-8.401],[19.92,-60.88],[18.72,-29.68],[0,0],[-11.04,55.92],[79.04,-67.521]],"o":[[0.64,8.64],[13.04,61.28],[-10.88,33.28],[0,0],[0,0],[19.04,-96.719],[-28.4,24.319]],"v":[[-104.12,-65.52],[-100.44,-39.919],[-96.68,132],[-140.92,228.16],[61.4,228.16],[121.88,-41.12],[-70.44,-160.639]],"c":true}]}],"ix":2},"nm":"Path 1","mn":"ADBE Vector Shape - Group","hd":false},{"ty":"fl","c":{"a":0,"k":[1,0.607999973671,0.090000002992,1],"ix":4},"o":{"a":0,"k":100,"ix":5},"r":1,"bm":0,"nm":"Fill 1","mn":"ADBE Vector Graphic - Fill","hd":false},{"ty":"tr","p":{"a":0,"k":[141.17,228.411],"ix":2},"a":{"a":0,"k":[0,0],"ix":1},"s":{"a":0,"k":[100,100],"ix":3},"r":{"a":0,"k":0,"ix":6},"o":{"a":0,"k":100,"ix":7},"sk":{"a":0,"k":0,"ix":4},"sa":{"a":0,"k":0,"ix":5},"nm":"Transform"}],"nm":"Group 1","np":2,"cix":2,"bm":0,"ix":1,"mn":"ADBE Vector Group","hd":false},{"ty":"gr","it":[{"ind":0,"ty":"sh","ix":1,"ks":{"a":1,"k":[{"i":{"x":0.667,"y":1},"o":{"x":0.333,"y":0},"t":36,"s":[{"i":[[2.64,-35.12],[1.76,-8.401],[-19.92,-60.88],[-18.72,-29.68],[0,0],[11.04,55.92],[-79.04,-67.521]],"o":[[-0.64,8.64],[-13.04,61.28],[10.88,33.28],[0,0],[0,0],[-19.04,-96.719],[28.4,24.319]],"v":[[104.12,-65.52],[100.44,-39.919],[96.68,132],[140.92,228.16],[-61.4,228.16],[-121.88,-41.12],[70.44,-160.639]],"c":true}]},{"i":{"x":0.833,"y":0.833},"o":{"x":0.333,"y":0},"t":44,"s":[{"i":[[2.64,-35.12],[1.76,-8.401],[-19.92,-60.88],[-18.72,-29.68],[0,0],[11.04,55.92],[-79.04,-67.521]],"o":[[-0.64,8.64],[-13.04,61.28],[10.88,33.28],[0,0],[0,0],[-19.04,-96.719],[28.4,24.319]],"v":[[94.12,-81.52],[90.44,-55.92],[86.68,132.001],[130.92,228.16],[-71.4,228.16],[-131.88,-57.12],[60.44,-176.64]],"c":true}]},{"i":{"x":0.833,"y":0.833},"o":{"x":0.167,"y":0.167},"t":52,"s":[{"i":[[2.64,-35.12],[2.101,-10.093],[-6.052,-28.217],[-6.898,-10.936],[0,0],[7.238,45.096],[-79.04,-67.521]],"o":[[-0.64,8.64],[-6.257,29.577],[2.721,18.048],[0,0],[0,0],[-15.008,-97.376],[28.4,24.319]],"v":[[148.217,55.837],[142.958,86.489],[135.093,182.522],[147.757,227.901],[-49.511,227.901],[-78.099,78.341],[114.537,-39.283]],"c":true}]},{"i":{"x":0,"y":1},"o":{"x":0.167,"y":0.167},"t":58,"s":[{"i":[[2.64,-35.12],[2.3,-11.08],[2.04,-9.16],[0,0],[0,0],[5.02,38.781],[-79.04,-67.521]],"o":[[-0.64,8.64],[-2.3,11.08],[-2.04,9.16],[0,0],[0,0],[-12.655,-97.76],[28.4,24.319]],"v":[[243.12,135.98],[236.94,169.581],[226.68,212],[220.92,227.75],[26.6,227.75],[16.62,157.38],[209.44,40.861]],"c":true}]},{"i":{"x":0.833,"y":0.833},"o":{"x":0.333,"y":0},"t":72,"s":[{"i":[[2.64,-35.12],[2.546,-11.026],[4.46,-11.129],[0,0],[0,0],[-3.02,52.899],[-92.8,-42.38]],"o":[[-0.64,8.64],[-3.3,14.291],[-3.491,8.711],[0,0],[0,0],[3.02,-52.899],[28.339,12.942]],"v":[[268.12,143.519],[261.94,177.119],[249.18,212.039],[243.42,227.789],[38.1,227.93],[36.62,146.559],[217.44,51.54]],"c":true}]},{"i":{"x":0.833,"y":0.833},"o":{"x":0.167,"y":0.167},"t":78,"s":[{"i":[[2.64,-35.12],[2.444,-10.684],[1.467,-17.66],[-1.663,-3.461],[0,0],[-1.19,53.292],[-91.009,-45.652]],"o":[[-0.64,8.64],[-4.568,20.407],[-1.717,11.939],[0,0],[0,0],[0.149,-58.602],[28.347,14.423]],"v":[[151.402,113.774],[145.548,146.333],[134.284,200.577],[133.861,227.872],[-70.548,227.972],[-79.382,119.594],[102.935,21.387]],"c":true}]},{"i":{"x":0.667,"y":1},"o":{"x":0.167,"y":0.167},"t":82,"s":[{"i":[[2.64,-35.12],[2.141,-9.673],[-7.396,-36.996],[-6.588,-13.707],[0,0],[4.228,54.456],[-85.707,-55.34]],"o":[[-0.64,8.64],[-8.321,38.513],[3.533,21.497],[0,0],[0,0],[-8.352,-75.488],[28.37,18.807]],"v":[[106.692,25.709],[101.801,55.185],[94.969,166.64],[110.344,228.119],[-91.368,228.095],[-121.973,39.759],[64.775,-67.889]],"c":true}]},{"i":{"x":0.667,"y":1},"o":{"x":0.333,"y":0},"t":88,"s":[{"i":[[2.64,-35.12],[1.76,-8.401],[-18.54,-61.309],[-12.78,-26.59],[0,0],[11.04,55.92],[-79.04,-67.521]],"o":[[-0.64,8.64],[-13.04,61.28],[10.135,33.514],[0,0],[0,0],[-19.04,-96.719],[28.4,24.319]],"v":[[79.12,-85.02],[75.44,-59.419],[74.18,123.969],[109.42,228.43],[-88.9,228.25],[-146.88,-60.62],[45.44,-180.139]],"c":true}]},{"i":{"x":0.667,"y":1},"o":{"x":0.333,"y":0},"t":96,"s":[{"i":[[2.64,-35.12],[1.76,-8.401],[-19.92,-60.88],[-18.72,-29.68],[0,0],[11.04,55.92],[-79.04,-67.521]],"o":[[-0.64,8.64],[-13.04,61.28],[10.88,33.28],[0,0],[0,0],[-19.04,-96.719],[28.4,24.319]],"v":[[76.12,-65.519],[72.44,-39.919],[80.68,132.001],[124.92,228.161],[-77.4,228.161],[-149.88,-41.12],[42.44,-160.639]],"c":true}]},{"i":{"x":0.667,"y":1},"o":{"x":0.333,"y":0},"t":104,"s":[{"i":[[2.64,-35.12],[1.76,-8.401],[-19.92,-60.88],[-18.72,-29.68],[0,0],[11.04,55.92],[-79.04,-67.521]],"o":[[-0.64,8.64],[-13.04,61.28],[10.88,33.28],[0,0],[0,0],[-19.04,-96.719],[28.4,24.319]],"v":[[135.501,-65.519],[131.821,-39.919],[112.68,132.001],[156.92,228.161],[-45.4,228.161],[-90.499,-41.12],[101.821,-160.639]],"c":true}]},{"i":{"x":0.667,"y":1},"o":{"x":0.333,"y":0},"t":112,"s":[{"i":[[2.64,-35.12],[1.76,-8.401],[-19.92,-60.88],[-18.72,-29.68],[0,0],[11.04,55.92],[-79.04,-67.521]],"o":[[-0.64,8.64],[-13.04,61.28],[10.88,33.28],[0,0],[0,0],[-19.04,-96.719],[28.4,24.319]],"v":[[76.12,-65.519],[72.44,-39.919],[80.68,132.001],[124.92,228.161],[-77.4,228.161],[-149.88,-41.12],[42.44,-160.639]],"c":true}]},{"i":{"x":0.667,"y":1},"o":{"x":0.333,"y":0},"t":120,"s":[{"i":[[2.64,-35.12],[1.76,-8.401],[-19.92,-60.88],[-18.72,-29.68],[0,0],[11.04,55.92],[-79.04,-67.521]],"o":[[-0.64,8.64],[-13.04,61.28],[10.88,33.28],[0,0],[0,0],[-19.04,-96.719],[28.4,24.319]],"v":[[135.501,-65.52],[131.821,-39.92],[112.68,132],[156.92,228.16],[-45.4,228.16],[-90.499,-41.12],[101.821,-160.64]],"c":true}]},{"i":{"x":0.667,"y":1},"o":{"x":0.333,"y":0},"t":130,"s":[{"i":[[2.64,-35.12],[1.76,-8.401],[-19.92,-60.88],[-18.72,-29.68],[0,0],[11.04,55.92],[-79.04,-67.521]],"o":[[-0.64,8.64],[-13.04,61.28],[10.88,33.28],[0,0],[0,0],[-19.04,-96.719],[28.4,24.319]],"v":[[97.027,-65.519],[93.347,-39.919],[96.68,132],[140.92,228.161],[-61.4,228.161],[-128.973,-41.12],[63.347,-160.639]],"c":true}]},{"t":142,"s":[{"i":[[2.64,-35.12],[1.76,-8.401],[-19.92,-60.88],[-18.72,-29.68],[0,0],[11.04,55.92],[-79.04,-67.521]],"o":[[-0.64,8.64],[-13.04,61.28],[10.88,33.28],[0,0],[0,0],[-19.04,-96.719],[28.4,24.319]],"v":[[104.12,-65.52],[100.44,-39.919],[96.68,132],[140.92,228.16],[-61.4,228.16],[-121.88,-41.12],[70.44,-160.639]],"c":true}]}],"ix":2},"nm":"Path 1","mn":"ADBE Vector Shape - Group","hd":false},{"ty":"fl","c":{"a":0,"k":[1,0.607999973671,0.090000002992,1],"ix":4},"o":{"a":0,"k":100,"ix":5},"r":1,"bm":0,"nm":"Fill 1","mn":"ADBE Vector Graphic - Fill","hd":false},{"ty":"tr","p":{"a":0,"k":[589.89,228.411],"ix":2},"a":{"a":0,"k":[0,0],"ix":1},"s":{"a":0,"k":[100,100],"ix":3},"r":{"a":0,"k":0,"ix":6},"o":{"a":0,"k":100,"ix":7},"sk":{"a":0,"k":0,"ix":4},"sa":{"a":0,"k":0,"ix":5},"nm":"Transform"}],"nm":"Group 2","np":2,"cix":2,"bm":0,"ix":2,"mn":"ADBE Vector Group","hd":false}],"ip":0,"op":144,"st":0,"bm":0},{"ddd":0,"ind":4,"ty":4,"nm":"hands shadow ","tt":1,"sr":1,"ks":{"o":{"a":0,"k":100,"ix":11},"r":{"a":0,"k":0,"ix":10},"p":{"a":0,"k":[512,738.533,0],"ix":2,"l":2},"a":{"a":0,"k":[310.49,253.797,0],"ix":1,"l":2},"s":{"a":0,"k":[100,100,100],"ix":6,"l":2}},"ao":0,"shapes":[{"ty":"gr","it":[{"ind":0,"ty":"sh","ix":1,"ks":{"a":1,"k":[{"i":{"x":0.667,"y":1},"o":{"x":0.333,"y":0},"t":36,"s":[{"i":[[-10.24,48.56],[85.36,-29.36],[1.36,0.639],[-6.96,5.839],[35.808,-132.441],[0,0],[0,0]],"o":[[18.88,-89.28],[-6.72,2.319],[-2.8,-1.281],[94.529,-100.682],[-10.96,55.84],[0,0],[10.16,-41.92]],"v":[[37.367,-5.133],[-114.713,-126.093],[-133.193,-119.453],[-124.549,-152.825],[100.185,-15.694],[38.794,253.507],[-23.753,253.507]],"c":true}]},{"i":{"x":0.833,"y":0.833},"o":{"x":0.333,"y":0},"t":44,"s":[{"i":[[-10.24,48.56],[85.36,-29.36],[1.36,0.639],[-6.96,5.839],[35.808,-132.441],[0,0],[0,0]],"o":[[18.88,-89.28],[-6.72,2.319],[-2.8,-1.281],[94.529,-100.682],[-10.96,55.84],[0,0],[10.16,-41.92]],"v":[[47.367,-25.133],[-104.713,-146.093],[-123.193,-139.453],[-114.549,-172.825],[110.185,-35.694],[48.794,253.507],[-13.753,253.507]],"c":true}]},{"i":{"x":0.833,"y":0.833},"o":{"x":0.167,"y":0.167},"t":52,"s":[{"i":[[-10.24,48.56],[85.36,-29.36],[1.36,0.639],[-6.96,5.839],[35.808,-132.441],[0,0],[0,0]],"o":[[18.88,-89.28],[-6.72,2.319],[-2.8,-1.281],[94.529,-100.682],[-10.96,55.84],[0,0],[10.16,-41.92]],"v":[[-0.633,118.867],[-152.713,-2.093],[-171.193,4.547],[-162.549,-28.825],[62.185,108.306],[0.794,397.507],[-61.753,397.507]],"c":true}]},{"i":{"x":0,"y":1},"o":{"x":0.167,"y":0.167},"t":58,"s":[{"i":[[-10.24,48.56],[85.36,-29.36],[1.36,0.639],[-6.96,5.839],[35.808,-132.441],[0,0],[0,0]],"o":[[18.88,-89.28],[-6.72,2.319],[-2.8,-1.281],[94.529,-100.682],[-10.96,55.84],[0,0],[10.16,-41.92]],"v":[[-91.938,199.867],[-244.018,78.907],[-262.498,85.547],[-253.854,52.175],[-29.12,189.306],[-90.511,458.507],[-153.058,458.507]],"c":true}]},{"i":{"x":0.833,"y":0.833},"o":{"x":0.333,"y":0},"t":72,"s":[{"i":[[3.322,49.517],[74.109,-51.539],[1.485,0.23],[-5.11,7.511],[-1.553,-137.188],[0,0],[0,0]],"o":[[-6.108,-91.05],[-5.836,4.059],[-3.043,-0.471],[63.591,-122.592],[4.636,56.716],[0,0],[-1.621,-43.103]],"v":[[-121.742,188.9],[-300.982,113.85],[-316.96,125.264],[-317.716,90.799],[-64.162,161.656],[-50.041,437.407],[-110.232,454.414]],"c":true}]},{"i":{"x":0.833,"y":0.833},"o":{"x":0.167,"y":0.167},"t":78,"s":[{"i":[[-0.969,49.214],[77.669,-44.521],[1.445,0.359],[-5.695,6.982],[10.268,-135.686],[0,0],[0,0]],"o":[[1.799,-90.49],[-6.116,3.508],[-2.966,-0.728],[73.38,-115.66],[-0.298,56.439],[0,0],[2.106,-42.729]],"v":[[-8.172,173.179],[-178.819,83.602],[-195.589,93.506],[-193.37,59.387],[51.065,151.213],[41.293,431.22],[-19.643,442.846]],"c":true}]},{"i":{"x":0.667,"y":1},"o":{"x":0.167,"y":0.167},"t":82,"s":[{"i":[[-5.754,48.876],[81.638,-36.697],[1.401,0.504],[-6.348,6.392],[23.448,-134.011],[0,0],[0,0]],"o":[[10.614,-89.865],[-6.428,2.895],[-2.88,-1.013],[84.294,-107.93],[-5.801,56.13],[0,0],[6.263,-42.311]],"v":[[33.131,86.671],[-127.934,-19.102],[-145.586,-10.882],[-140.052,-44.616],[94.216,70.591],[57.805,355.343],[-3.962,360.969]],"c":true}]},{"i":{"x":0.667,"y":1},"o":{"x":0.333,"y":0},"t":88,"s":[{"i":[[-10.24,48.56],[85.36,-29.36],[1.36,0.639],[-6.96,5.839],[35.808,-132.441],[0,0],[0,0]],"o":[[18.88,-89.28],[-6.72,2.319],[-2.8,-1.281],[94.529,-100.682],[-10.96,55.84],[0,0],[10.16,-41.92]],"v":[[63.367,-25.133],[-88.713,-146.093],[-107.193,-139.453],[-98.549,-172.825],[126.185,-35.694],[64.794,253.507],[2.247,253.507]],"c":true}]},{"i":{"x":0.667,"y":1},"o":{"x":0.333,"y":0},"t":96,"s":[{"i":[[-10.24,48.56],[85.36,-29.36],[1.36,0.639],[-6.96,5.839],[35.808,-132.441],[0,0],[0,0]],"o":[[18.88,-89.28],[-6.72,2.319],[-2.8,-1.281],[94.529,-100.682],[-10.96,55.84],[0,0],[10.16,-41.92]],"v":[[11.367,-5.133],[-140.713,-126.093],[-159.193,-119.453],[-150.549,-152.825],[74.185,-15.694],[22.794,253.507],[-39.753,253.507]],"c":true}]},{"i":{"x":0.667,"y":1},"o":{"x":0.333,"y":0},"t":104,"s":[{"i":[[-10.24,48.56],[85.36,-29.36],[1.36,0.639],[-6.96,5.839],[35.808,-132.441],[0,0],[0,0]],"o":[[18.88,-89.28],[-6.72,2.319],[-2.8,-1.281],[94.529,-100.682],[-10.96,55.84],[0,0],[10.16,-41.92]],"v":[[69.367,-5.133],[-82.713,-126.093],[-101.193,-119.453],[-92.549,-152.825],[132.185,-15.694],[54.794,253.507],[-7.753,253.507]],"c":true}]},{"i":{"x":0.667,"y":1},"o":{"x":0.333,"y":0},"t":112,"s":[{"i":[[-10.24,48.56],[85.36,-29.36],[1.36,0.639],[-6.96,5.839],[35.808,-132.441],[0,0],[0,0]],"o":[[18.88,-89.28],[-6.72,2.319],[-2.8,-1.281],[94.529,-100.682],[-10.96,55.84],[0,0],[10.16,-41.92]],"v":[[11.367,-5.133],[-140.713,-126.093],[-159.193,-119.453],[-150.549,-152.825],[74.185,-15.694],[22.794,253.507],[-39.753,253.507]],"c":true}]},{"i":{"x":0.667,"y":1},"o":{"x":0.333,"y":0},"t":120,"s":[{"i":[[-10.24,48.56],[85.36,-29.36],[1.36,0.639],[-6.96,5.839],[35.808,-132.441],[0,0],[0,0]],"o":[[18.88,-89.28],[-6.72,2.319],[-2.8,-1.281],[94.529,-100.682],[-10.96,55.84],[0,0],[10.16,-41.92]],"v":[[69.367,-5.133],[-82.713,-126.093],[-101.193,-119.453],[-92.549,-152.825],[132.185,-15.694],[54.794,253.507],[-7.753,253.507]],"c":true}]},{"i":{"x":0.667,"y":1},"o":{"x":0.333,"y":0},"t":130,"s":[{"i":[[-10.24,48.56],[85.36,-29.36],[1.36,0.639],[-6.96,5.839],[35.808,-132.441],[0,0],[0,0]],"o":[[18.88,-89.28],[-6.72,2.319],[-2.8,-1.281],[94.529,-100.682],[-10.96,55.84],[0,0],[10.16,-41.92]],"v":[[32.367,-5.133],[-119.713,-126.093],[-138.193,-119.453],[-129.549,-152.825],[95.185,-15.694],[38.794,253.507],[-23.753,253.507]],"c":true}]},{"t":142,"s":[{"i":[[-10.24,48.56],[85.36,-29.36],[1.36,0.639],[-6.96,5.839],[35.808,-132.441],[0,0],[0,0]],"o":[[18.88,-89.28],[-6.72,2.319],[-2.8,-1.281],[94.529,-100.682],[-10.96,55.84],[0,0],[10.16,-41.92]],"v":[[37.367,-5.133],[-114.713,-126.093],[-133.193,-119.453],[-124.549,-152.825],[100.185,-15.694],[38.794,253.507],[-23.753,253.507]],"c":true}]}],"ix":2},"nm":"Path 1","mn":"ADBE Vector Shape - Group","hd":false},{"ty":"fl","c":{"a":0,"k":[0.936999990426,0.423999980852,0,1],"ix":4},"o":{"a":0,"k":100,"ix":5},"r":1,"bm":0,"nm":"Fill 1","mn":"ADBE Vector Graphic - Fill","hd":false},{"ty":"tr","p":{"a":0,"k":[136.243,253.757],"ix":2},"a":{"a":0,"k":[0,0],"ix":1},"s":{"a":0,"k":[100,100],"ix":3},"r":{"a":0,"k":0,"ix":6},"o":{"a":0,"k":100,"ix":7},"sk":{"a":0,"k":0,"ix":4},"sa":{"a":0,"k":0,"ix":5},"nm":"Transform"}],"nm":"Group 1","np":2,"cix":2,"bm":0,"ix":1,"mn":"ADBE Vector Group","hd":false},{"ty":"gr","it":[{"ind":0,"ty":"sh","ix":1,"ks":{"a":1,"k":[{"i":{"x":0.667,"y":1},"o":{"x":0.333,"y":0},"t":36,"s":[{"i":[[10.24,48.56],[-85.36,-29.36],[-1.36,0.639],[6.96,5.84],[-24.932,-118.877],[0,0],[0,0]],"o":[[-18.88,-89.28],[6.72,2.319],[2.8,-1.281],[-83.589,-84.881],[11.04,55.84],[0,0],[-10.16,-42]],"v":[[-42.014,-9.237],[110.066,-130.197],[128.546,-123.557],[106.618,-164.603],[-106.414,-19.798],[-45.934,249.483],[19.106,249.483]],"c":true}]},{"i":{"x":0.833,"y":0.833},"o":{"x":0.333,"y":0},"t":44,"s":[{"i":[[10.24,48.56],[-85.36,-29.36],[-1.36,0.639],[6.96,5.84],[-24.932,-118.877],[0,0],[0,0]],"o":[[-18.88,-89.28],[6.72,2.319],[2.8,-1.281],[-83.589,-84.881],[11.04,55.84],[0,0],[-10.16,-42]],"v":[[-52.014,-29.237],[100.066,-150.197],[118.546,-143.557],[96.618,-184.603],[-116.414,-39.798],[-55.934,249.483],[9.106,249.483]],"c":true}]},{"i":{"x":0.833,"y":0.833},"o":{"x":0.167,"y":0.167},"t":52,"s":[{"i":[[10.24,48.56],[-85.36,-29.36],[-1.36,0.639],[6.96,5.84],[-24.932,-118.877],[0,0],[0,0]],"o":[[-18.88,-89.28],[6.72,2.319],[2.8,-1.281],[-83.589,-84.881],[11.04,55.84],[0,0],[-10.16,-42]],"v":[[0.986,110.763],[153.066,-10.197],[171.546,-3.557],[149.618,-44.603],[-63.414,100.202],[-2.934,389.483],[62.106,389.483]],"c":true}]},{"i":{"x":0,"y":1},"o":{"x":0.167,"y":0.167},"t":58,"s":[{"i":[[10.24,48.56],[-85.36,-29.36],[-1.36,0.639],[6.96,5.84],[-24.932,-118.877],[0,0],[0,0]],"o":[[-18.88,-89.28],[6.72,2.319],[2.8,-1.281],[-83.589,-84.881],[11.04,55.84],[0,0],[-10.16,-42]],"v":[[98.681,193.763],[250.761,72.803],[269.241,79.443],[247.313,38.397],[34.281,183.202],[94.761,452.483],[159.801,452.483]],"c":true}]},{"i":{"x":0.833,"y":0.833},"o":{"x":0.333,"y":0},"t":72,"s":[{"i":[[-1.909,49.591],[-75.547,-49.406],[-1.478,0.272],[5.322,7.364],[4.875,-121.366],[0,0],[0,0]],"o":[[3.51,-91.187],[5.95,3.891],[3.028,-0.558],[-60.312,-102.735],[-2.941,56.845],[0,0],[0.412,-43.209]],"v":[[115.212,188.776],[292.241,108.649],[308.538,119.603],[297.305,74.443],[55.345,162.798],[48.186,438.694],[111.254,454.588]],"c":true}]},{"i":{"x":0.833,"y":0.833},"o":{"x":0.167,"y":0.167},"t":78,"s":[{"i":[[1.935,49.265],[-78.652,-43.064],[-1.441,0.388],[5.84,6.882],[-4.556,-120.578],[0,0],[0,0]],"o":[[-3.574,-90.584],[6.193,3.394],[2.956,-0.787],[-67.677,-97.086],[1.483,56.527],[0,0],[-2.933,-42.827]],"v":[[1.238,171.796],[170.373,78.748],[187.361,88.338],[172.744,44.479],[-60.063,150.695],[-45.821,430.827],[17.871,441.692]],"c":true}]},{"i":{"x":0.667,"y":1},"o":{"x":0.167,"y":0.167},"t":82,"s":[{"i":[[6.221,48.901],[-82.114,-35.992],[-1.399,0.518],[6.418,6.344],[-15.072,-119.7],[0,0],[0,0]],"o":[[-11.473,-89.911],[6.465,2.839],[2.875,-1.042],[-75.889,-90.787],[6.415,56.172],[0,0],[-6.663,-42.4]],"v":[[-38.401,84.884],[121.932,-22.568],[139.69,-14.501],[121.3,-56.908],[-101.301,69.223],[-63.197,354.076],[1.19,359.334]],"c":true}]},{"i":{"x":0.667,"y":1},"o":{"x":0.333,"y":0},"t":88,"s":[{"i":[[10.24,48.56],[-85.36,-29.36],[-1.36,0.639],[6.96,5.84],[-24.932,-118.877],[0,0],[0,0]],"o":[[-18.88,-89.28],[6.72,2.319],[2.8,-1.281],[-83.589,-84.881],[11.04,55.84],[0,0],[-10.16,-42]],"v":[[-68.014,-29.237],[84.066,-150.197],[102.546,-143.557],[80.618,-184.603],[-132.414,-39.798],[-71.934,249.483],[-6.894,249.483]],"c":true}]},{"i":{"x":0.667,"y":1},"o":{"x":0.333,"y":0},"t":96,"s":[{"i":[[10.24,48.56],[-85.36,-29.36],[-1.36,0.639],[6.96,5.84],[-24.932,-118.877],[0,0],[0,0]],"o":[[-18.88,-89.28],[6.72,2.319],[2.8,-1.281],[-83.589,-84.881],[11.04,55.84],[0,0],[-10.16,-42]],"v":[[-68.014,-9.237],[84.066,-130.197],[102.546,-123.557],[80.618,-164.603],[-132.414,-19.798],[-61.934,249.483],[3.106,249.483]],"c":true}]},{"i":{"x":0.667,"y":1},"o":{"x":0.333,"y":0},"t":104,"s":[{"i":[[10.24,48.56],[-85.36,-29.36],[-1.36,0.639],[6.96,5.84],[-24.932,-118.877],[0,0],[0,0]],"o":[[-18.88,-89.28],[6.72,2.319],[2.8,-1.281],[-83.589,-84.881],[11.04,55.84],[0,0],[-10.16,-42]],"v":[[-10.014,-9.237],[142.066,-130.197],[160.546,-123.557],[138.618,-164.603],[-74.414,-19.798],[-29.934,249.483],[35.106,249.483]],"c":true}]},{"i":{"x":0.667,"y":1},"o":{"x":0.333,"y":0},"t":112,"s":[{"i":[[10.24,48.56],[-85.36,-29.36],[-1.36,0.639],[6.96,5.84],[-24.932,-118.877],[0,0],[0,0]],"o":[[-18.88,-89.28],[6.72,2.319],[2.8,-1.281],[-83.589,-84.881],[11.04,55.84],[0,0],[-10.16,-42]],"v":[[-68.014,-9.237],[84.066,-130.197],[102.546,-123.557],[80.618,-164.603],[-132.414,-19.798],[-61.934,249.483],[3.106,249.483]],"c":true}]},{"i":{"x":0.667,"y":1},"o":{"x":0.333,"y":0},"t":120,"s":[{"i":[[10.24,48.56],[-85.36,-29.36],[-1.36,0.639],[6.96,5.84],[-24.932,-118.877],[0,0],[0,0]],"o":[[-18.88,-89.28],[6.72,2.319],[2.8,-1.281],[-83.589,-84.881],[11.04,55.84],[0,0],[-10.16,-42]],"v":[[-10.014,-9.237],[142.066,-130.197],[160.546,-123.557],[138.618,-164.603],[-74.414,-19.798],[-29.934,249.483],[35.106,249.483]],"c":true}]},{"i":{"x":0.667,"y":1},"o":{"x":0.333,"y":0},"t":130,"s":[{"i":[[10.24,48.56],[-85.36,-29.36],[-1.36,0.639],[6.96,5.84],[-24.932,-118.877],[0,0],[0,0]],"o":[[-18.88,-89.28],[6.72,2.319],[2.8,-1.281],[-83.589,-84.881],[11.04,55.84],[0,0],[-10.16,-42]],"v":[[-47.014,-9.237],[105.066,-130.197],[123.546,-123.557],[101.618,-164.603],[-111.414,-19.798],[-45.934,249.483],[19.106,249.483]],"c":true}]},{"t":142,"s":[{"i":[[10.24,48.56],[-85.36,-29.36],[-1.36,0.639],[6.96,5.84],[-24.932,-118.877],[0,0],[0,0]],"o":[[-18.88,-89.28],[6.72,2.319],[2.8,-1.281],[-83.589,-84.881],[11.04,55.84],[0,0],[-10.16,-42]],"v":[[-42.014,-9.237],[110.066,-130.197],[128.546,-123.557],[106.618,-164.603],[-106.414,-19.798],[-45.934,249.483],[19.106,249.483]],"c":true}]}],"ix":2},"nm":"Path 1","mn":"ADBE Vector Shape - Group","hd":false},{"ty":"fl","c":{"a":0,"k":[0.936999990426,0.423999980852,0,1],"ix":4},"o":{"a":0,"k":100,"ix":5},"r":1,"bm":0,"nm":"Fill 1","mn":"ADBE Vector Graphic - Fill","hd":false},{"ty":"tr","p":{"a":0,"k":[489.384,257.861],"ix":2},"a":{"a":0,"k":[0,0],"ix":1},"s":{"a":0,"k":[100,100],"ix":3},"r":{"a":0,"k":0,"ix":6},"o":{"a":0,"k":100,"ix":7},"sk":{"a":0,"k":0,"ix":4},"sa":{"a":0,"k":0,"ix":5},"nm":"Transform"}],"nm":"Group 2","np":2,"cix":2,"bm":0,"ix":2,"mn":"ADBE Vector Group","hd":false}],"ip":0,"op":144,"st":0,"bm":0},{"ddd":0,"ind":5,"ty":4,"nm":"hands ","sr":1,"ks":{"o":{"a":0,"k":100,"ix":11},"r":{"a":0,"k":0,"ix":10},"p":{"a":0,"k":[512,763.84,0],"ix":2,"l":2},"a":{"a":0,"k":[365.53,228.41,0],"ix":1,"l":2},"s":{"a":0,"k":[100,100,100],"ix":6,"l":2}},"ao":0,"shapes":[{"ty":"gr","it":[{"ind":0,"ty":"sh","ix":1,"ks":{"a":1,"k":[{"i":{"x":0.667,"y":1},"o":{"x":0.333,"y":0},"t":36,"s":[{"i":[[-2.64,-35.12],[-1.76,-8.401],[19.92,-60.88],[18.72,-29.68],[0,0],[-11.04,55.92],[79.04,-67.521]],"o":[[0.64,8.64],[13.04,61.28],[-10.88,33.28],[0,0],[0,0],[19.04,-96.719],[-28.4,24.319]],"v":[[-104.12,-65.52],[-100.44,-39.919],[-96.68,132],[-140.92,228.16],[61.4,228.16],[121.88,-41.12],[-70.44,-160.639]],"c":true}]},{"i":{"x":0.833,"y":0.833},"o":{"x":0.333,"y":0},"t":44,"s":[{"i":[[-2.64,-35.12],[-1.76,-8.401],[19.92,-60.88],[18.72,-29.68],[0,0],[-11.04,55.92],[79.04,-67.521]],"o":[[0.64,8.64],[13.04,61.28],[-10.88,33.28],[0,0],[0,0],[19.04,-96.719],[-28.4,24.319]],"v":[[-94.12,-81.52],[-90.44,-55.92],[-86.68,132.001],[-130.92,228.16],[71.4,228.16],[131.88,-57.12],[-60.44,-176.64]],"c":true}]},{"i":{"x":0.833,"y":0.833},"o":{"x":0.167,"y":0.167},"t":52,"s":[{"i":[[-2.64,-35.12],[-1.785,-8.83],[6.052,-29.007],[6.898,-10.936],[0,0],[-11.04,55.92],[79.04,-67.521]],"o":[[0.64,8.64],[5.942,28.314],[-2.721,18.837],[0,0],[0,0],[19.04,-96.719],[-28.4,24.319]],"v":[[-142.059,58.678],[-137.59,84.278],[-131.304,176.523],[-144.599,227.857],[53.932,227.901],[83.941,83.077],[-108.379,-36.442]],"c":true}]},{"i":{"x":0,"y":1},"o":{"x":0.167,"y":0.167},"t":58,"s":[{"i":[[-2.64,-35.12],[-1.8,-9.08],[-2.04,-10.41],[0,0],[0,0],[-11.04,55.92],[79.04,-67.521]],"o":[[0.64,8.64],[1.8,9.08],[2.04,10.41],[0,0],[0,0],[19.04,-96.719],[-28.4,24.319]],"v":[[-233.37,140.48],[-228.44,166.081],[-220.68,202.5],[-215.92,227.68],[-19.6,227.75],[-7.37,164.88],[-199.69,45.361]],"c":true}]},{"i":{"x":0.833,"y":0.833},"o":{"x":0.333,"y":0},"t":72,"s":[{"i":[[-1.23,-15.071],[-3.8,-9.721],[-4.54,-8.551],[0,0],[0,0],[3.534,35.698],[87.55,-59.309]],"o":[[1.23,15.071],[3.8,9.721],[4.54,8.551],[0,0],[0,0],[-6.27,-63.329],[-38.508,26.087]],"v":[[-270.37,149.09],[-263.44,181.94],[-250.68,210.36],[-241.42,227.789],[-35.1,227.648],[-39.37,138.989],[-235.69,59.97]],"c":true}]},{"i":{"x":0.833,"y":0.833},"o":{"x":0.167,"y":0.167},"t":78,"s":[{"i":[[-1.413,-17.68],[-3.534,-9.549],[-1.356,-15.361],[1.338,-3.159],[0,0],[1.637,38.33],[86.442,-60.378]],"o":[[1.153,14.234],[5.003,16.431],[2.533,11.769],[0,0],[0,0],[-2.976,-67.674],[-37.193,25.857]],"v":[[-153.489,119.217],[-146.982,151.124],[-135.133,198.806],[-131.795,227.872],[73.223,227.727],[76.86,113.607],[-118.94,29.316]],"c":true}]},{"i":{"x":0.667,"y":1},"o":{"x":0.167,"y":0.167},"t":82,"s":[{"i":[[-1.957,-25.406],[-2.748,-9.04],[8.069,-35.526],[5.299,-12.511],[0,0],[-3.979,46.122],[83.163,-63.542]],"o":[[0.926,11.756],[8.563,36.299],[-3.409,21.298],[0,0],[0,0],[6.777,-80.541],[-33.298,25.176]],"v":[[-108.297,30.774],[-103.043,59.887],[-93.891,164.6],[-108.086,228.119],[93.079,227.959],[120.125,38.457],[-74.133,-61.439]],"c":true}]},{"i":{"x":0.667,"y":1},"o":{"x":0.333,"y":0},"t":88,"s":[{"i":[[-2.64,-35.12],[-1.76,-8.401],[19.92,-60.88],[10.28,-24.27],[0,0],[-11.04,55.92],[79.04,-67.521]],"o":[[0.64,8.64],[13.04,61.28],[-10.88,33.28],[0,0],[0,0],[19.04,-96.719],[-28.4,24.319]],"v":[[-80.12,-80.43],[-76.44,-54.83],[-70.68,121.59],[-106.92,228.43],[89.4,228.25],[145.88,-56.031],[-46.44,-175.55]],"c":true}]},{"i":{"x":0.667,"y":1},"o":{"x":0.333,"y":0},"t":96,"s":[{"i":[[-2.64,-35.12],[-1.76,-8.401],[19.92,-60.88],[18.72,-29.68],[0,0],[-11.04,55.92],[79.04,-67.521]],"o":[[0.64,8.64],[13.04,61.28],[-10.88,33.28],[0,0],[0,0],[19.04,-96.719],[-28.4,24.319]],"v":[[-132.12,-65.519],[-128.44,-39.919],[-112.68,132.001],[-156.92,228.161],[45.4,228.161],[93.88,-41.12],[-98.44,-160.639]],"c":true}]},{"i":{"x":0.667,"y":1},"o":{"x":0.333,"y":0},"t":104,"s":[{"i":[[-2.64,-35.12],[-1.76,-8.401],[19.92,-60.88],[18.72,-29.68],[0,0],[-11.04,55.92],[79.04,-67.521]],"o":[[0.64,8.64],[13.04,61.28],[-10.88,33.28],[0,0],[0,0],[19.04,-96.719],[-28.4,24.319]],"v":[[-72.739,-65.519],[-69.059,-39.919],[-80.68,132.001],[-124.92,228.161],[77.4,228.161],[153.261,-41.12],[-39.059,-160.639]],"c":true}]},{"i":{"x":0.667,"y":1},"o":{"x":0.333,"y":0},"t":112,"s":[{"i":[[-2.64,-35.12],[-1.76,-8.401],[19.92,-60.88],[18.72,-29.68],[0,0],[-11.04,55.92],[79.04,-67.521]],"o":[[0.64,8.64],[13.04,61.28],[-10.88,33.28],[0,0],[0,0],[19.04,-96.719],[-28.4,24.319]],"v":[[-132.12,-65.519],[-128.44,-39.919],[-112.68,132.001],[-156.92,228.161],[45.4,228.161],[93.88,-41.12],[-98.44,-160.639]],"c":true}]},{"i":{"x":0.667,"y":1},"o":{"x":0.333,"y":0},"t":120,"s":[{"i":[[-2.64,-35.12],[-1.76,-8.401],[19.92,-60.88],[18.72,-29.68],[0,0],[-11.04,55.92],[79.04,-67.521]],"o":[[0.64,8.64],[13.04,61.28],[-10.88,33.28],[0,0],[0,0],[19.04,-96.719],[-28.4,24.319]],"v":[[-72.739,-65.52],[-69.059,-39.92],[-80.68,132],[-124.92,228.16],[77.4,228.16],[153.261,-41.12],[-39.059,-160.64]],"c":true}]},{"i":{"x":0.667,"y":1},"o":{"x":0.333,"y":0},"t":130,"s":[{"i":[[-2.64,-35.12],[-1.76,-8.401],[19.92,-60.88],[18.72,-29.68],[0,0],[-11.04,55.92],[79.04,-67.521]],"o":[[0.64,8.64],[13.04,61.28],[-10.88,33.28],[0,0],[0,0],[19.04,-96.719],[-28.4,24.319]],"v":[[-111.213,-65.519],[-107.533,-39.919],[-96.68,132],[-140.92,228.161],[61.4,228.161],[114.787,-41.12],[-77.533,-160.639]],"c":true}]},{"t":142,"s":[{"i":[[-2.64,-35.12],[-1.76,-8.401],[19.92,-60.88],[18.72,-29.68],[0,0],[-11.04,55.92],[79.04,-67.521]],"o":[[0.64,8.64],[13.04,61.28],[-10.88,33.28],[0,0],[0,0],[19.04,-96.719],[-28.4,24.319]],"v":[[-104.12,-65.52],[-100.44,-39.919],[-96.68,132],[-140.92,228.16],[61.4,228.16],[121.88,-41.12],[-70.44,-160.639]],"c":true}]}],"ix":2},"nm":"Path 1","mn":"ADBE Vector Shape - Group","hd":false},{"ty":"fl","c":{"a":0,"k":[1,0.607999973671,0.090000002992,1],"ix":4},"o":{"a":0,"k":100,"ix":5},"r":1,"bm":0,"nm":"Fill 1","mn":"ADBE Vector Graphic - Fill","hd":false},{"ty":"tr","p":{"a":0,"k":[141.17,228.411],"ix":2},"a":{"a":0,"k":[0,0],"ix":1},"s":{"a":0,"k":[100,100],"ix":3},"r":{"a":0,"k":0,"ix":6},"o":{"a":0,"k":100,"ix":7},"sk":{"a":0,"k":0,"ix":4},"sa":{"a":0,"k":0,"ix":5},"nm":"Transform"}],"nm":"Group 1","np":2,"cix":2,"bm":0,"ix":1,"mn":"ADBE Vector Group","hd":false},{"ty":"gr","it":[{"ind":0,"ty":"sh","ix":1,"ks":{"a":1,"k":[{"i":{"x":0.667,"y":1},"o":{"x":0.333,"y":0},"t":36,"s":[{"i":[[2.64,-35.12],[1.76,-8.401],[-19.92,-60.88],[-18.72,-29.68],[0,0],[11.04,55.92],[-79.04,-67.521]],"o":[[-0.64,8.64],[-13.04,61.28],[10.88,33.28],[0,0],[0,0],[-19.04,-96.719],[28.4,24.319]],"v":[[104.12,-65.52],[100.44,-39.919],[96.68,132],[140.92,228.16],[-61.4,228.16],[-121.88,-41.12],[70.44,-160.639]],"c":true}]},{"i":{"x":0.833,"y":0.833},"o":{"x":0.333,"y":0},"t":44,"s":[{"i":[[2.64,-35.12],[1.76,-8.401],[-19.92,-60.88],[-18.72,-29.68],[0,0],[11.04,55.92],[-79.04,-67.521]],"o":[[-0.64,8.64],[-13.04,61.28],[10.88,33.28],[0,0],[0,0],[-19.04,-96.719],[28.4,24.319]],"v":[[94.12,-81.52],[90.44,-55.92],[86.68,132.001],[130.92,228.16],[-71.4,228.16],[-131.88,-57.12],[60.44,-176.64]],"c":true}]},{"i":{"x":0.833,"y":0.833},"o":{"x":0.167,"y":0.167},"t":52,"s":[{"i":[[2.64,-35.12],[2.101,-10.093],[-6.052,-28.217],[-6.898,-10.936],[0,0],[7.238,45.096],[-79.04,-67.521]],"o":[[-0.64,8.64],[-6.257,29.577],[2.721,18.048],[0,0],[0,0],[-15.008,-97.376],[28.4,24.319]],"v":[[148.217,55.837],[142.958,86.489],[135.093,182.522],[147.757,227.901],[-49.511,227.901],[-78.099,78.341],[114.537,-39.283]],"c":true}]},{"i":{"x":0,"y":1},"o":{"x":0.167,"y":0.167},"t":58,"s":[{"i":[[2.64,-35.12],[2.3,-11.08],[2.04,-9.16],[0,0],[0,0],[5.02,38.781],[-79.04,-67.521]],"o":[[-0.64,8.64],[-2.3,11.08],[-2.04,9.16],[0,0],[0,0],[-12.655,-97.76],[28.4,24.319]],"v":[[243.12,135.98],[236.94,169.581],[226.68,212],[220.92,227.75],[26.6,227.75],[16.62,157.38],[209.44,40.861]],"c":true}]},{"i":{"x":0.833,"y":0.833},"o":{"x":0.333,"y":0},"t":72,"s":[{"i":[[2.64,-35.12],[2.546,-11.026],[4.46,-11.129],[0,0],[0,0],[-3.02,52.899],[-92.8,-42.38]],"o":[[-0.64,8.64],[-3.3,14.291],[-3.491,8.711],[0,0],[0,0],[3.02,-52.899],[28.339,12.942]],"v":[[268.12,143.519],[261.94,177.119],[249.18,212.039],[243.42,227.789],[38.1,227.93],[36.62,146.559],[217.44,51.54]],"c":true}]},{"i":{"x":0.833,"y":0.833},"o":{"x":0.167,"y":0.167},"t":78,"s":[{"i":[[2.64,-35.12],[2.444,-10.684],[1.467,-17.66],[-1.663,-3.461],[0,0],[-1.19,53.292],[-91.009,-45.652]],"o":[[-0.64,8.64],[-4.568,20.407],[-1.717,11.939],[0,0],[0,0],[0.149,-58.602],[28.347,14.423]],"v":[[151.402,113.774],[145.548,146.333],[134.284,200.577],[133.861,227.872],[-70.548,227.972],[-79.382,119.594],[102.935,21.387]],"c":true}]},{"i":{"x":0.667,"y":1},"o":{"x":0.167,"y":0.167},"t":82,"s":[{"i":[[2.64,-35.12],[2.141,-9.673],[-7.396,-36.996],[-6.588,-13.707],[0,0],[4.228,54.456],[-85.707,-55.34]],"o":[[-0.64,8.64],[-8.321,38.514],[3.533,21.497],[0,0],[0,0],[-8.352,-75.488],[28.37,18.807]],"v":[[106.692,25.709],[101.801,55.185],[94.969,166.64],[110.344,228.119],[-91.368,228.095],[-121.973,39.759],[64.775,-67.889]],"c":true}]},{"i":{"x":0.667,"y":1},"o":{"x":0.333,"y":0},"t":88,"s":[{"i":[[2.64,-35.12],[1.76,-8.401],[-18.54,-61.309],[-12.78,-26.59],[0,0],[11.04,55.92],[-79.04,-67.521]],"o":[[-0.64,8.64],[-13.04,61.28],[10.135,33.514],[0,0],[0,0],[-19.04,-96.719],[28.4,24.319]],"v":[[79.12,-85.02],[75.44,-59.419],[74.18,123.969],[109.42,228.43],[-88.9,228.25],[-146.88,-60.62],[45.44,-180.139]],"c":true}]},{"i":{"x":0.667,"y":1},"o":{"x":0.333,"y":0},"t":96,"s":[{"i":[[2.64,-35.12],[1.76,-8.401],[-19.92,-60.88],[-18.72,-29.68],[0,0],[11.04,55.92],[-79.04,-67.521]],"o":[[-0.64,8.64],[-13.04,61.28],[10.88,33.28],[0,0],[0,0],[-19.04,-96.719],[28.4,24.319]],"v":[[76.12,-65.519],[72.44,-39.919],[80.68,132.001],[124.92,228.161],[-77.4,228.161],[-149.88,-41.12],[42.44,-160.639]],"c":true}]},{"i":{"x":0.667,"y":1},"o":{"x":0.333,"y":0},"t":104,"s":[{"i":[[2.64,-35.12],[1.76,-8.401],[-19.92,-60.88],[-18.72,-29.68],[0,0],[11.04,55.92],[-79.04,-67.521]],"o":[[-0.64,8.64],[-13.04,61.28],[10.88,33.28],[0,0],[0,0],[-19.04,-96.719],[28.4,24.319]],"v":[[135.501,-65.519],[131.821,-39.919],[112.68,132.001],[156.92,228.161],[-45.4,228.161],[-90.499,-41.12],[101.821,-160.639]],"c":true}]},{"i":{"x":0.667,"y":1},"o":{"x":0.333,"y":0},"t":112,"s":[{"i":[[2.64,-35.12],[1.76,-8.401],[-19.92,-60.88],[-18.72,-29.68],[0,0],[11.04,55.92],[-79.04,-67.521]],"o":[[-0.64,8.64],[-13.04,61.28],[10.88,33.28],[0,0],[0,0],[-19.04,-96.719],[28.4,24.319]],"v":[[76.12,-65.519],[72.44,-39.919],[80.68,132.001],[124.92,228.161],[-77.4,228.161],[-149.88,-41.12],[42.44,-160.639]],"c":true}]},{"i":{"x":0.667,"y":1},"o":{"x":0.333,"y":0},"t":120,"s":[{"i":[[2.64,-35.12],[1.76,-8.401],[-19.92,-60.88],[-18.72,-29.68],[0,0],[11.04,55.92],[-79.04,-67.521]],"o":[[-0.64,8.64],[-13.04,61.28],[10.88,33.28],[0,0],[0,0],[-19.04,-96.719],[28.4,24.319]],"v":[[135.501,-65.52],[131.821,-39.92],[112.68,132],[156.92,228.16],[-45.4,228.16],[-90.499,-41.12],[101.821,-160.64]],"c":true}]},{"i":{"x":0.667,"y":1},"o":{"x":0.333,"y":0},"t":130,"s":[{"i":[[2.64,-35.12],[1.76,-8.401],[-19.92,-60.88],[-18.72,-29.68],[0,0],[11.04,55.92],[-79.04,-67.521]],"o":[[-0.64,8.64],[-13.04,61.28],[10.88,33.28],[0,0],[0,0],[-19.04,-96.719],[28.4,24.319]],"v":[[97.027,-65.519],[93.347,-39.919],[96.68,132],[140.92,228.161],[-61.4,228.161],[-128.973,-41.12],[63.347,-160.639]],"c":true}]},{"t":142,"s":[{"i":[[2.64,-35.12],[1.76,-8.401],[-19.92,-60.88],[-18.72,-29.68],[0,0],[11.04,55.92],[-79.04,-67.521]],"o":[[-0.64,8.64],[-13.04,61.28],[10.88,33.28],[0,0],[0,0],[-19.04,-96.719],[28.4,24.319]],"v":[[104.12,-65.52],[100.44,-39.919],[96.68,132],[140.92,228.16],[-61.4,228.16],[-121.88,-41.12],[70.44,-160.639]],"c":true}]}],"ix":2},"nm":"Path 1","mn":"ADBE Vector Shape - Group","hd":false},{"ty":"fl","c":{"a":0,"k":[1,0.607999973671,0.090000002992,1],"ix":4},"o":{"a":0,"k":100,"ix":5},"r":1,"bm":0,"nm":"Fill 1","mn":"ADBE Vector Graphic - Fill","hd":false},{"ty":"tr","p":{"a":0,"k":[589.89,228.411],"ix":2},"a":{"a":0,"k":[0,0],"ix":1},"s":{"a":0,"k":[100,100],"ix":3},"r":{"a":0,"k":0,"ix":6},"o":{"a":0,"k":100,"ix":7},"sk":{"a":0,"k":0,"ix":4},"sa":{"a":0,"k":0,"ix":5},"nm":"Transform"}],"nm":"Group 2","np":2,"cix":2,"bm":0,"ix":2,"mn":"ADBE Vector Group","hd":false}],"ip":0,"op":144,"st":0,"bm":0},{"ddd":0,"ind":6,"ty":4,"nm":"eyes normal ","parent":2,"sr":1,"ks":{"o":{"a":0,"k":100,"ix":11},"r":{"a":0,"k":0,"ix":10},"p":{"a":0,"k":[0,-49.08,0],"ix":2,"l":2},"a":{"a":0,"k":[237.45,65.89,0],"ix":1,"l":2},"s":{"a":0,"k":[100,100,100],"ix":6,"l":2}},"ao":0,"shapes":[{"ty":"gr","it":[{"ind":0,"ty":"sh","ix":1,"ks":{"a":1,"k":[{"i":{"x":0.833,"y":1},"o":{"x":0.167,"y":0.167},"t":54,"s":[{"i":[[-0.64,35.76],[31.52,0.56],[0.64,-35.76],[-31.52,-0.56]],"o":[[0.64,-35.76],[-31.52,-0.56],[-0.64,35.76],[31.52,0.56]],"v":[[53.96,-7.4],[-2.04,-81.08],[-53.96,-8.6],[2.04,65.08]],"c":true}]},{"i":{"x":0.667,"y":1},"o":{"x":0.333,"y":0},"t":58,"s":[{"i":[[-0.64,35.76],[31.52,0.56],[0.64,-35.76],[-31.52,-0.56]],"o":[[0.64,-35.76],[-31.52,-0.56],[-0.64,35.76],[31.52,0.56]],"v":[[53.96,0.6],[-2.04,-65.08],[-53.96,-0.6],[2.04,65.08]],"c":true}]},{"i":{"x":0.833,"y":0.833},"o":{"x":0.333,"y":0},"t":82,"s":[{"i":[[-0.64,35.76],[31.52,0.56],[0.64,-35.76],[-31.52,-0.56]],"o":[[0.64,-35.76],[-31.52,-0.56],[-0.64,35.76],[31.52,0.56]],"v":[[53.96,0.6],[-2.04,-65.08],[-53.96,-0.6],[2.04,65.08]],"c":true}]},{"i":{"x":0.833,"y":0.833},"o":{"x":0.167,"y":0.167},"t":86,"s":[{"i":[[-0.64,46.792],[31.52,0.56],[0.64,-46.792],[-31.52,-0.733]],"o":[[0.64,-46.792],[-31.52,-0.56],[-0.64,46.792],[31.52,0.733]],"v":[[53.96,12.002],[-2.04,-65.08],[-53.96,10.432],[2.04,96.375]],"c":true}]},{"t":88,"s":[{"i":[[-0.64,52.742],[31.52,0.56],[0.64,-52.743],[-31.52,-0.826]],"o":[[0.64,-52.742],[-31.52,-0.56],[-0.64,52.743],[31.52,0.826]],"v":[[53.96,18.152],[-2.04,-65.08],[-53.96,16.383],[2.04,113.254]],"c":true}]}],"ix":2},"nm":"Path 1","mn":"ADBE Vector Shape - Group","hd":false},{"ty":"fl","c":{"a":0,"k":[0,0,0,1],"ix":4},"o":{"a":0,"k":100,"ix":5},"r":1,"bm":0,"nm":"Fill 1","mn":"ADBE Vector Graphic - Fill","hd":false},{"ty":"tr","p":{"a":0,"k":[420.05,65.89],"ix":2},"a":{"a":0,"k":[0,0],"ix":1},"s":{"a":0,"k":[100,100],"ix":3},"r":{"a":0,"k":0,"ix":6},"o":{"a":0,"k":100,"ix":7},"sk":{"a":0,"k":0,"ix":4},"sa":{"a":0,"k":0,"ix":5},"nm":"Transform"}],"nm":"Group 1","np":2,"cix":2,"bm":0,"ix":1,"mn":"ADBE Vector Group","hd":false},{"ty":"gr","it":[{"ind":0,"ty":"sh","ix":1,"ks":{"a":1,"k":[{"i":{"x":0.833,"y":1},"o":{"x":0.167,"y":0.167},"t":54,"s":[{"i":[[0.64,35.76],[-31.52,0.56],[-0.64,-35.76],[31.52,-0.56]],"o":[[-0.64,-35.76],[31.52,-0.56],[0.64,35.76],[-31.52,0.56]],"v":[[-53.96,-7.4],[2.04,-81.08],[53.96,-8.6],[-2.04,65.08]],"c":true}]},{"i":{"x":0.667,"y":1},"o":{"x":0.333,"y":0},"t":58,"s":[{"i":[[0.64,35.76],[-31.52,0.56],[-0.64,-35.76],[31.52,-0.56]],"o":[[-0.64,-35.76],[31.52,-0.56],[0.64,35.76],[-31.52,0.56]],"v":[[-53.96,0.6],[2.04,-65.08],[53.96,-0.6],[-2.04,65.08]],"c":true}]},{"i":{"x":0.833,"y":0.833},"o":{"x":0.333,"y":0},"t":82,"s":[{"i":[[0.64,35.76],[-31.52,0.56],[-0.64,-35.76],[31.52,-0.56]],"o":[[-0.64,-35.76],[31.52,-0.56],[0.64,35.76],[-31.52,0.56]],"v":[[-53.96,0.6],[2.04,-65.08],[53.96,-0.6],[-2.04,65.08]],"c":true}]},{"i":{"x":0.833,"y":0.833},"o":{"x":0.167,"y":0.167},"t":86,"s":[{"i":[[0.64,46.792],[-31.52,0.56],[-0.64,-46.792],[31.52,-0.733]],"o":[[-0.64,-46.792],[31.52,-0.56],[0.64,46.792],[-31.52,0.733]],"v":[[-53.96,12.002],[2.04,-65.08],[53.96,10.432],[-2.04,96.375]],"c":true}]},{"t":88,"s":[{"i":[[0.64,52.742],[-31.52,0.56],[-0.64,-52.743],[31.52,-0.826]],"o":[[-0.64,-52.742],[31.52,-0.56],[0.64,52.743],[-31.52,0.826]],"v":[[-53.96,18.152],[2.04,-65.08],[53.96,16.383],[-2.04,113.254]],"c":true}]}],"ix":2},"nm":"Path 1","mn":"ADBE Vector Shape - Group","hd":false},{"ty":"fl","c":{"a":0,"k":[0,0,0,1],"ix":4},"o":{"a":0,"k":100,"ix":5},"r":1,"bm":0,"nm":"Fill 1","mn":"ADBE Vector Graphic - Fill","hd":false},{"ty":"tr","p":{"a":0,"k":[54.85,65.89],"ix":2},"a":{"a":0,"k":[0,0],"ix":1},"s":{"a":0,"k":[100,100],"ix":3},"r":{"a":0,"k":0,"ix":6},"o":{"a":0,"k":100,"ix":7},"sk":{"a":0,"k":0,"ix":4},"sa":{"a":0,"k":0,"ix":5},"nm":"Transform"}],"nm":"Group 2","np":2,"cix":2,"bm":0,"ix":2,"mn":"ADBE Vector Group","hd":false}],"ip":54,"op":88,"st":0,"bm":0},{"ddd":0,"ind":7,"ty":4,"nm":"eyes crazy ","parent":2,"sr":1,"ks":{"o":{"a":1,"k":[{"t":0,"s":[100],"h":1},{"t":54,"s":[0],"h":1},{"t":88,"s":[100],"h":1},{"t":142,"s":[100],"h":1}],"ix":11},"r":{"a":0,"k":0,"ix":10},"p":{"a":0,"k":[-2.24,-50.24,0],"ix":2,"l":2},"a":{"a":0,"k":[331.44,148.32,0],"ix":1,"l":2},"s":{"a":0,"k":[100,100,100],"ix":6,"l":2}},"ao":0,"shapes":[{"ty":"gr","it":[{"ind":0,"ty":"sh","ix":1,"ks":{"a":1,"k":[{"t":0,"s":[{"i":[[41.6,0],[4.64,0.8],[12.88,19.12],[-4.08,23.36],[-41.6,0],[-4.64,-0.8],[8.4,-48.08]],"o":[[-4.72,0],[-22.24,-3.92],[-13.04,-19.28],[7.44,-42.72],[4.72,0],[46.16,8.08],[-7.52,42.72]],"v":[[-3.24,88.32],[-17.4,87.12],[-71.96,51.44],[-85.8,-14.64],[-1.08,-88.32],[13.08,-87.12],[81.48,14.64]],"c":true}],"h":1},{"i":{"x":0.833,"y":0.833},"o":{"x":0.167,"y":0.167},"t":48,"s":[{"i":[[41.6,0],[4.64,0.8],[12.88,19.12],[-4.08,23.36],[-41.6,0],[-4.64,-0.8],[8.4,-48.08]],"o":[[-4.72,0],[-22.24,-3.92],[-13.04,-19.28],[7.44,-42.72],[4.72,0],[46.16,8.08],[-7.52,42.72]],"v":[[-3.24,88.32],[-17.4,87.12],[-71.96,51.44],[-85.8,-14.64],[-1.08,-88.32],[13.08,-87.12],[81.48,14.64]],"c":true}]},{"i":{"x":0.667,"y":1},"o":{"x":0.167,"y":0.167},"t":88,"s":[{"i":[[38.295,0],[4.271,0.876],[11.857,20.947],[-3.745,25.594],[-38.295,0],[-4.271,-0.8],[7.79,-52.664]],"o":[[-4.345,0],[-20.473,-4.295],[-12.004,-21.122],[6.849,-46.802],[4.345,0],[42.493,8.08],[-6.923,46.802]],"v":[[-2.98,102.24],[-16.015,100.925],[-66.241,61.836],[-78.981,-10.558],[-0.991,-88.32],[12.044,-87.12],[75.01,21.52]],"c":true}]},{"t":96,"s":[{"i":[[41.6,0],[4.64,0.8],[12.88,19.12],[-4.08,23.36],[-41.6,0],[-4.64,-0.8],[8.4,-48.08]],"o":[[-4.72,0],[-22.24,-3.92],[-13.04,-19.28],[7.44,-42.72],[4.72,0],[46.16,8.08],[-7.52,42.72]],"v":[[-3.24,88.32],[-17.4,87.12],[-71.96,51.44],[-85.8,-14.64],[-1.08,-88.32],[13.08,-87.12],[81.48,14.64]],"c":true}]}],"ix":2},"nm":"Path 1","mn":"ADBE Vector Shape - Group","hd":false},{"ty":"st","c":{"a":0,"k":[0.936999990426,0.423999980852,0,1],"ix":3},"o":{"a":0,"k":100,"ix":4},"w":{"a":0,"k":24,"ix":5},"lc":1,"lj":1,"ml":10,"bm":0,"nm":"Stroke 1","mn":"ADBE Vector Graphic - Stroke","hd":false},{"ty":"tr","p":{"a":0,"k":[149.88,148.32],"ix":2},"a":{"a":0,"k":[0,0],"ix":1},"s":{"a":0,"k":[100,100],"ix":3},"r":{"a":0,"k":0,"ix":6},"o":{"a":0,"k":100,"ix":7},"sk":{"a":0,"k":0,"ix":4},"sa":{"a":0,"k":0,"ix":5},"nm":"Transform"}],"nm":"Group 1","np":2,"cix":2,"bm":0,"ix":1,"mn":"ADBE Vector Group","hd":false},{"ty":"gr","it":[{"ind":0,"ty":"sh","ix":1,"ks":{"a":1,"k":[{"t":0,"s":[{"i":[[41.6,0],[4.64,0.8],[12.88,19.12],[-4.08,23.36],[-41.6,0],[-4.64,-0.8],[8.4,-48.08]],"o":[[-4.72,0],[-22.24,-3.92],[-13.04,-19.28],[7.44,-42.72],[4.72,0],[46.16,8.08],[-7.52,42.72]],"v":[[-3.24,88.32],[-17.4,87.12],[-71.96,51.44],[-85.8,-14.64],[-1.08,-88.32],[13.08,-87.12],[81.48,14.64]],"c":true}],"h":1},{"i":{"x":0.833,"y":0.833},"o":{"x":0.167,"y":0.167},"t":48,"s":[{"i":[[41.6,0],[4.64,0.8],[12.88,19.12],[-4.08,23.36],[-41.6,0],[-4.64,-0.8],[8.4,-48.08]],"o":[[-4.72,0],[-22.24,-3.92],[-13.04,-19.28],[7.44,-42.72],[4.72,0],[46.16,8.08],[-7.52,42.72]],"v":[[-3.24,88.32],[-17.4,87.12],[-71.96,51.44],[-85.8,-14.64],[-1.08,-88.32],[13.08,-87.12],[81.48,14.64]],"c":true}]},{"i":{"x":0.667,"y":1},"o":{"x":0.167,"y":0.167},"t":88,"s":[{"i":[[38.295,0],[4.271,0.876],[11.857,20.947],[-3.745,25.594],[-38.295,0],[-4.271,-0.8],[7.79,-52.664]],"o":[[-4.345,0],[-20.473,-4.295],[-12.004,-21.122],[6.849,-46.802],[4.345,0],[42.493,8.08],[-6.923,46.802]],"v":[[-2.98,102.24],[-16.015,100.925],[-66.241,61.836],[-78.981,-10.558],[-0.991,-88.32],[12.044,-87.12],[75.01,21.52]],"c":true}]},{"t":96,"s":[{"i":[[41.6,0],[4.64,0.8],[12.88,19.12],[-4.08,23.36],[-41.6,0],[-4.64,-0.8],[8.4,-48.08]],"o":[[-4.72,0],[-22.24,-3.92],[-13.04,-19.28],[7.44,-42.72],[4.72,0],[46.16,8.08],[-7.52,42.72]],"v":[[-3.24,88.32],[-17.4,87.12],[-71.96,51.44],[-85.8,-14.64],[-1.08,-88.32],[13.08,-87.12],[81.48,14.64]],"c":true}]}],"ix":2},"nm":"Path 1","mn":"ADBE Vector Shape - Group","hd":false},{"ty":"fl","c":{"a":0,"k":[1,0.991999966491,0.905999995213,1],"ix":4},"o":{"a":0,"k":100,"ix":5},"r":1,"bm":0,"nm":"Fill 1","mn":"ADBE Vector Graphic - Fill","hd":false},{"ty":"tr","p":{"a":0,"k":[149.88,148.32],"ix":2},"a":{"a":0,"k":[0,0],"ix":1},"s":{"a":0,"k":[100,100],"ix":3},"r":{"a":0,"k":0,"ix":6},"o":{"a":0,"k":100,"ix":7},"sk":{"a":0,"k":0,"ix":4},"sa":{"a":0,"k":0,"ix":5},"nm":"Transform"}],"nm":"Group 2","np":2,"cix":2,"bm":0,"ix":2,"mn":"ADBE Vector Group","hd":false},{"ty":"gr","it":[{"ind":0,"ty":"sh","ix":1,"ks":{"a":1,"k":[{"t":0,"s":[{"i":[[4.8,0],[7.52,42.72],[-13.04,19.28],[-22.24,3.92],[-4.72,0],[-7.52,-42.72],[13.04,-19.28],[22.24,-3.92]],"o":[[-41.6,0],[-4.08,-23.36],[12.96,-19.12],[4.72,-0.8],[41.6,0],[4.08,23.36],[-12.96,19.12],[-4.64,0.8]],"v":[[1.08,88.32],[-83.64,14.64],[-69.8,-51.44],[-15.24,-87.12],[-1.08,-88.32],[83.64,-14.64],[69.8,51.44],[15.24,87.12]],"c":true}],"h":1},{"i":{"x":0.833,"y":0.833},"o":{"x":0.167,"y":0.167},"t":48,"s":[{"i":[[4.8,0],[7.52,42.72],[-13.04,19.28],[-22.24,3.92],[-4.72,0],[-7.52,-42.72],[13.04,-19.28],[22.24,-3.92]],"o":[[-41.6,0],[-4.08,-23.36],[12.96,-19.12],[4.72,-0.8],[41.6,0],[4.08,23.36],[-12.96,19.12],[-4.64,0.8]],"v":[[1.08,88.32],[-83.64,14.64],[-69.8,-51.44],[-15.24,-87.12],[-1.08,-88.32],[83.64,-14.64],[69.8,51.44],[15.24,87.12]],"c":true}]},{"i":{"x":0.667,"y":1},"o":{"x":0.167,"y":0.167},"t":88,"s":[{"i":[[4.297,0],[6.68,46.811],[-11.691,19.269],[-19.908,3.92],[-4.225,0],[-6.68,-46.811],[11.691,-21.109],[19.908,-4.295]],"o":[[-37.237,0],[-3.652,-25.592],[11.601,-19.12],[4.225,-0.8],[37.237,0],[3.652,25.592],[-11.601,20.947],[-4.153,0.876]],"v":[[0.967,102.24],[-74.868,21.52],[-62.479,-51.44],[-13.642,-87.12],[-0.967,-88.32],[74.868,-10.558],[62.48,61.836],[13.642,100.925]],"c":true}]},{"t":96,"s":[{"i":[[4.8,0],[7.52,42.72],[-13.04,19.28],[-22.24,3.92],[-4.72,0],[-7.52,-42.72],[13.04,-19.28],[22.24,-3.92]],"o":[[-41.6,0],[-4.08,-23.36],[12.96,-19.12],[4.72,-0.8],[41.6,0],[4.08,23.36],[-12.96,19.12],[-4.64,0.8]],"v":[[1.08,88.32],[-83.64,14.64],[-69.8,-51.44],[-15.24,-87.12],[-1.08,-88.32],[83.64,-14.64],[69.8,51.44],[15.24,87.12]],"c":true}]}],"ix":2},"nm":"Path 1","mn":"ADBE Vector Shape - Group","hd":false},{"ty":"st","c":{"a":0,"k":[0.936999990426,0.423999980852,0,1],"ix":3},"o":{"a":0,"k":100,"ix":4},"w":{"a":0,"k":24,"ix":5},"lc":1,"lj":1,"ml":10,"bm":0,"nm":"Stroke 1","mn":"ADBE Vector Graphic - Stroke","hd":false},{"ty":"tr","p":{"a":0,"k":[515.16,148.32],"ix":2},"a":{"a":0,"k":[0,0],"ix":1},"s":{"a":0,"k":[100,100],"ix":3},"r":{"a":0,"k":0,"ix":6},"o":{"a":0,"k":100,"ix":7},"sk":{"a":0,"k":0,"ix":4},"sa":{"a":0,"k":0,"ix":5},"nm":"Transform"}],"nm":"Group 3","np":2,"cix":2,"bm":0,"ix":3,"mn":"ADBE Vector Group","hd":false},{"ty":"gr","it":[{"ind":0,"ty":"sh","ix":1,"ks":{"a":1,"k":[{"t":0,"s":[{"i":[[4.8,0],[7.52,42.72],[-13.04,19.28],[-22.24,3.92],[-4.72,0],[-7.52,-42.72],[13.04,-19.28],[22.24,-3.92]],"o":[[-41.6,0],[-4.08,-23.36],[12.96,-19.12],[4.72,-0.8],[41.6,0],[4.08,23.36],[-12.96,19.12],[-4.64,0.8]],"v":[[1.08,88.32],[-83.64,14.64],[-69.8,-51.44],[-15.24,-87.12],[-1.08,-88.32],[83.64,-14.64],[69.8,51.44],[15.24,87.12]],"c":true}],"h":1},{"i":{"x":0.833,"y":0.833},"o":{"x":0.167,"y":0.167},"t":48,"s":[{"i":[[4.8,0],[7.52,42.72],[-13.04,19.28],[-22.24,3.92],[-4.72,0],[-7.52,-42.72],[13.04,-19.28],[22.24,-3.92]],"o":[[-41.6,0],[-4.08,-23.36],[12.96,-19.12],[4.72,-0.8],[41.6,0],[4.08,23.36],[-12.96,19.12],[-4.64,0.8]],"v":[[1.08,88.32],[-83.64,14.64],[-69.8,-51.44],[-15.24,-87.12],[-1.08,-88.32],[83.64,-14.64],[69.8,51.44],[15.24,87.12]],"c":true}]},{"i":{"x":0.667,"y":1},"o":{"x":0.167,"y":0.167},"t":88,"s":[{"i":[[4.297,0],[6.68,46.811],[-11.691,19.269],[-19.908,3.92],[-4.225,0],[-6.68,-46.811],[11.691,-21.109],[19.908,-4.295]],"o":[[-37.237,0],[-3.652,-25.592],[11.601,-19.12],[4.225,-0.8],[37.237,0],[3.652,25.592],[-11.601,20.947],[-4.153,0.876]],"v":[[0.967,102.24],[-74.868,21.52],[-62.479,-51.44],[-13.642,-87.12],[-0.967,-88.32],[74.868,-10.558],[62.48,61.836],[13.642,100.925]],"c":true}]},{"t":96,"s":[{"i":[[4.8,0],[7.52,42.72],[-13.04,19.28],[-22.24,3.92],[-4.72,0],[-7.52,-42.72],[13.04,-19.28],[22.24,-3.92]],"o":[[-41.6,0],[-4.08,-23.36],[12.96,-19.12],[4.72,-0.8],[41.6,0],[4.08,23.36],[-12.96,19.12],[-4.64,0.8]],"v":[[1.08,88.32],[-83.64,14.64],[-69.8,-51.44],[-15.24,-87.12],[-1.08,-88.32],[83.64,-14.64],[69.8,51.44],[15.24,87.12]],"c":true}]}],"ix":2},"nm":"Path 1","mn":"ADBE Vector Shape - Group","hd":false},{"ty":"fl","c":{"a":0,"k":[1,0.991999966491,0.905999995213,1],"ix":4},"o":{"a":0,"k":100,"ix":5},"r":1,"bm":0,"nm":"Fill 1","mn":"ADBE Vector Graphic - Fill","hd":false},{"ty":"tr","p":{"a":0,"k":[515.16,148.32],"ix":2},"a":{"a":0,"k":[0,0],"ix":1},"s":{"a":0,"k":[100,100],"ix":3},"r":{"a":0,"k":0,"ix":6},"o":{"a":0,"k":100,"ix":7},"sk":{"a":0,"k":0,"ix":4},"sa":{"a":0,"k":0,"ix":5},"nm":"Transform"}],"nm":"Group 4","np":2,"cix":2,"bm":0,"ix":4,"mn":"ADBE Vector Group","hd":false}],"ip":0,"op":144,"st":0,"bm":0},{"ddd":0,"ind":8,"ty":4,"nm":"nose ","parent":2,"sr":1,"ks":{"o":{"a":0,"k":100,"ix":11},"r":{"a":0,"k":0,"ix":10},"p":{"s":true,"x":{"a":1,"k":[{"i":{"x":[0.667],"y":[1]},"o":{"x":[0.333],"y":[0]},"t":88,"s":[-0.04]},{"i":{"x":[0.667],"y":[1]},"o":{"x":[0.333],"y":[0]},"t":96,"s":[-10.04]},{"i":{"x":[0.667],"y":[1]},"o":{"x":[0.333],"y":[0]},"t":104,"s":[9.96]},{"i":{"x":[0.667],"y":[1]},"o":{"x":[0.333],"y":[0]},"t":112,"s":[-10.04]},{"i":{"x":[0.667],"y":[1]},"o":{"x":[0.333],"y":[0]},"t":120,"s":[9.96]},{"i":{"x":[0.667],"y":[1]},"o":{"x":[0.333],"y":[0]},"t":130,"s":[-5.54]},{"t":142,"s":[-0.04]}],"ix":3},"y":{"a":0,"k":113.675,"ix":4}},"a":{"a":0,"k":[64.93,109.045,0],"ix":1,"l":2},"s":{"a":0,"k":[100,100,100],"ix":6,"l":2}},"ao":0,"shapes":[{"ty":"gr","it":[{"ind":0,"ty":"sh","ix":1,"ks":{"a":1,"k":[{"i":{"x":0.833,"y":0.833},"o":{"x":0.333,"y":0},"t":36,"s":[{"i":[[0,0],[0,0]],"o":[[0,0],[0,0]],"v":[[64.97,43.53],[64.97,202.09]],"c":false}]},{"i":{"x":0.667,"y":1},"o":{"x":0.167,"y":0.167},"t":58,"s":[{"i":[[0,0],[0,0]],"o":[[0,0],[0,0]],"v":[[64.97,43.53],[64.97,162.09]],"c":false}]},{"t":142,"s":[{"i":[[0,0],[0,0]],"o":[[0,0],[0,0]],"v":[[64.97,43.53],[64.97,202.09]],"c":false}]}],"ix":2},"nm":"Path 1","mn":"ADBE Vector Shape - Group","hd":false},{"ty":"st","c":{"a":0,"k":[0,0,0,1],"ix":3},"o":{"a":0,"k":100,"ix":4},"w":{"a":0,"k":32,"ix":5},"lc":2,"lj":1,"ml":10,"bm":0,"nm":"Stroke 1","mn":"ADBE Vector Graphic - Stroke","hd":false},{"ty":"tr","p":{"a":0,"k":[0,0],"ix":2},"a":{"a":0,"k":[0,0],"ix":1},"s":{"a":0,"k":[100,100],"ix":3},"r":{"a":0,"k":0,"ix":6},"o":{"a":0,"k":100,"ix":7},"sk":{"a":0,"k":0,"ix":4},"sa":{"a":0,"k":0,"ix":5},"nm":"Transform"}],"nm":"Group 1","np":2,"cix":2,"bm":0,"ix":1,"mn":"ADBE Vector Group","hd":false},{"ty":"gr","it":[{"ind":0,"ty":"sh","ix":1,"ks":{"a":1,"k":[{"i":{"x":0.667,"y":1},"o":{"x":0.333,"y":0},"t":36,"s":[{"i":[[0.4,22.88],[-31.12,0.479],[-0.4,-22.88],[24.72,0]],"o":[[-0.4,-22.88],[31.12,-0.481],[0.4,22.88],[-24.64,0]],"v":[[-64.28,-8.16],[-0.68,-42.559],[64.28,-10.08],[0.68,43.04]],"c":true}]},{"t":142,"s":[{"i":[[0.4,22.88],[-31.12,0.479],[-0.4,-22.88],[24.72,0]],"o":[[-0.4,-22.88],[31.12,-0.481],[0.4,22.88],[-24.64,0]],"v":[[-64.28,-8.16],[-0.68,-42.559],[64.28,-10.08],[0.68,43.04]],"c":true}]}],"ix":2},"nm":"Path 1","mn":"ADBE Vector Shape - Group","hd":false},{"ty":"fl","c":{"a":0,"k":[0,0,0,1],"ix":4},"o":{"a":0,"k":100,"ix":5},"r":1,"bm":0,"nm":"Fill 1","mn":"ADBE Vector Graphic - Fill","hd":false},{"ty":"tr","p":{"a":0,"k":[64.93,43.29],"ix":2},"a":{"a":0,"k":[0,0],"ix":1},"s":{"a":0,"k":[100,100],"ix":3},"r":{"a":0,"k":0,"ix":6},"o":{"a":0,"k":100,"ix":7},"sk":{"a":0,"k":0,"ix":4},"sa":{"a":0,"k":0,"ix":5},"nm":"Transform"}],"nm":"Group 2","np":2,"cix":2,"bm":0,"ix":2,"mn":"ADBE Vector Group","hd":false}],"ip":0,"op":144,"st":0,"bm":0},{"ddd":0,"ind":9,"ty":4,"nm":"mouth smile ","parent":8,"sr":1,"ks":{"o":{"a":0,"k":100,"ix":11},"r":{"a":0,"k":0,"ix":10},"p":{"s":true,"x":{"a":0,"k":64.93,"ix":3},"y":{"a":1,"k":[{"i":{"x":[0.667],"y":[1]},"o":{"x":[0.333],"y":[0]},"t":58,"s":[169.371]},{"t":72,"s":[167.371]}],"ix":4}},"a":{"a":0,"k":[144.283,108.94,0],"ix":1,"l":2},"s":{"a":0,"k":[100,100,100],"ix":6,"l":2}},"ao":0,"shapes":[{"ty":"gr","it":[{"ind":0,"ty":"sh","ix":1,"ks":{"a":1,"k":[{"i":{"x":0.667,"y":1},"o":{"x":0.333,"y":0},"t":58,"s":[{"i":[[0,0],[-31.243,15.943]],"o":[[0,43.427],[0,0]],"v":[[-32.067,-17.386],[32.121,17.886]],"c":false}]},{"t":72,"s":[{"i":[[0,0],[-32.334,0]],"o":[[0,43.427],[0,0]],"v":[[-32.067,-17.386],[32.121,27.886]],"c":false}]}],"ix":2},"nm":"Path 1","mn":"ADBE Vector Shape - Group","hd":false},{"ty":"st","c":{"a":0,"k":[0,0,0,1],"ix":3},"o":{"a":0,"k":100,"ix":4},"w":{"a":0,"k":32,"ix":5},"lc":2,"lj":1,"ml":10,"bm":0,"nm":"Stroke 1","mn":"ADBE Vector Graphic - Stroke","hd":false},{"ty":"tr","p":{"a":0,"k":[176.445,107.886],"ix":2},"a":{"a":0,"k":[0,0],"ix":1},"s":{"a":0,"k":[100,100],"ix":3},"r":{"a":0,"k":0,"ix":6},"o":{"a":0,"k":100,"ix":7},"sk":{"a":0,"k":0,"ix":4},"sa":{"a":0,"k":0,"ix":5},"nm":"Transform"}],"nm":"Group 1","np":2,"cix":2,"bm":0,"ix":1,"mn":"ADBE Vector Group","hd":false},{"ty":"gr","it":[{"ind":0,"ty":"sh","ix":1,"ks":{"a":1,"k":[{"i":{"x":0.667,"y":1},"o":{"x":0.333,"y":0},"t":58,"s":[{"i":[[0,0],[27.324,13.943]],"o":[[0,43.427],[0,0]],"v":[[32.217,-18.441],[-32.162,16.831]],"c":false}]},{"t":72,"s":[{"i":[[0,0],[32.162,2.109]],"o":[[0,43.427],[0,0]],"v":[[32.217,-18.441],[-32.162,26.831]],"c":false}]}],"ix":2},"nm":"Path 1","mn":"ADBE Vector Shape - Group","hd":false},{"ty":"st","c":{"a":0,"k":[0,0,0,1],"ix":3},"o":{"a":0,"k":100,"ix":4},"w":{"a":0,"k":32,"ix":5},"lc":2,"lj":1,"ml":10,"bm":0,"nm":"Stroke 1","mn":"ADBE Vector Graphic - Stroke","hd":false},{"ty":"tr","p":{"a":0,"k":[112.162,108.94],"ix":2},"a":{"a":0,"k":[0,0],"ix":1},"s":{"a":0,"k":[100,100],"ix":3},"r":{"a":0,"k":0,"ix":6},"o":{"a":0,"k":100,"ix":7},"sk":{"a":0,"k":0,"ix":4},"sa":{"a":0,"k":0,"ix":5},"nm":"Transform"}],"nm":"Group 2","np":2,"cix":2,"bm":0,"ix":2,"mn":"ADBE Vector Group","hd":false}],"ip":58,"op":82,"st":0,"bm":0},{"ddd":0,"ind":10,"ty":4,"nm":"mouth open ","parent":8,"sr":1,"ks":{"o":{"a":1,"k":[{"t":0,"s":[100],"h":1},{"t":58,"s":[0],"h":1},{"t":82,"s":[100],"h":1},{"t":142,"s":[100],"h":1}],"ix":11},"r":{"a":0,"k":0,"ix":10},"p":{"a":0,"k":[64.97,254.251,0],"ix":2,"l":2},"a":{"a":0,"k":[85.69,126.73,0],"ix":1,"l":2},"s":{"a":0,"k":[100,100,100],"ix":6,"l":2}},"ao":0,"shapes":[{"ty":"gr","it":[{"ind":0,"ty":"sh","ix":1,"ks":{"a":1,"k":[{"i":{"x":0.667,"y":1},"o":{"x":0.333,"y":0},"t":36,"s":[{"i":[[0,22.64],[0,0],[16.08,-17.12],[0,-43.279],[-47.12,0],[0,63.681],[23.12,25.361]],"o":[[0,0],[0,22.561],[-22.72,24.16],[0,63.681],[47.12,0],[0,-43.359],[-14.64,-16.079]],"v":[[15.84,-126.48],[-15.76,-126.241],[-41.6,-70.241],[-85.44,25.759],[0,126.48],[85.44,25.759],[41.44,-70.321]],"c":true}]},{"i":{"x":0.833,"y":0.833},"o":{"x":0.333,"y":0},"t":44,"s":[{"i":[[0,24.398],[0,0],[16.091,-18.439],[0,-46.639],[-47.12,0],[0,68.625],[23.103,27.344]],"o":[[0,0],[0,24.313],[-22.72,26.036],[0,68.625],[47.12,0],[0,-46.725],[-14.64,-17.327]],"v":[[15.84,-126.48],[-15.76,-126.222],[-41.6,-70.625],[-85.44,36.579],[0,146.87],[85.44,36.579],[41.44,-70.711]],"c":true}]},{"i":{"x":0.833,"y":0.833},"o":{"x":0.167,"y":0.167},"t":58,"s":[{"i":[[0,22.64],[0,0],[16.081,-3.957],[0.515,-10.001],[-32.19,0.275],[0.56,35.306],[23.118,5.875]],"o":[[0,0],[0,22.561],[-22.72,5.59],[-1.56,30.306],[32.19,-0.275],[-0.159,-10.032],[-14.64,-3.721]],"v":[[15.84,-126.48],[-15.76,-126.241],[-41.6,-83.4],[-85.19,-67.186],[0.43,-35.88],[85.69,-67.186],[41.44,-83.418]],"c":true}]},{"i":{"x":0.667,"y":1},"o":{"x":0.167,"y":0.167},"t":82,"s":[{"i":[[0,22.64],[0,0],[16.081,-3.957],[0.515,-10.001],[-32.19,0.275],[0.56,35.306],[23.118,5.875]],"o":[[0,0],[0,22.561],[-22.72,5.59],[-1.56,30.306],[32.19,-0.275],[-0.159,-10.032],[-14.64,-3.721]],"v":[[15.84,-126.48],[-15.76,-126.241],[-41.6,-83.4],[-85.19,-67.186],[0.43,-35.88],[85.69,-67.186],[41.44,-83.418]],"c":true}]},{"i":{"x":0.667,"y":1},"o":{"x":0.333,"y":0},"t":88,"s":[{"i":[[0,22.64],[0,0],[16.08,-17.12],[0,-41.861],[-36.95,0],[0,61.595],[23.12,25.361]],"o":[[0,0],[0,22.561],[-22.72,24.16],[0,61.595],[36.95,0],[0,-41.938],[-14.64,-16.079]],"v":[[15.84,-126.48],[-15.76,-126.241],[-41.6,-70.241],[-67.94,61.699],[-0.19,156.62],[67.56,61.699],[41.44,-70.321]],"c":true}]},{"i":{"x":0.667,"y":1},"o":{"x":0.333,"y":0},"t":96,"s":[{"i":[[0,22.64],[0,0],[16.08,-17.12],[0,-43.279],[-47.12,0],[0,63.681],[23.12,25.361]],"o":[[0,0],[0,22.561],[-22.72,24.16],[0,63.681],[47.12,0],[0,-43.359],[-14.64,-16.079]],"v":[[15.84,-126.48],[-15.76,-126.241],[-41.6,-70.241],[-85.44,25.759],[0,126.48],[85.44,25.759],[41.44,-70.321]],"c":true}]},{"t":142,"s":[{"i":[[0,22.64],[0,0],[16.08,-17.12],[0,-43.279],[-47.12,0],[0,63.681],[23.12,25.361]],"o":[[0,0],[0,22.561],[-22.72,24.16],[0,63.681],[47.12,0],[0,-43.359],[-14.64,-16.079]],"v":[[15.84,-126.48],[-15.76,-126.241],[-41.6,-70.241],[-85.44,25.759],[0,126.48],[85.44,25.759],[41.44,-70.321]],"c":true}]}],"ix":2},"nm":"Path 1","mn":"ADBE Vector Shape - Group","hd":false},{"ty":"fl","c":{"a":0,"k":[0,0,0,1],"ix":4},"o":{"a":0,"k":100,"ix":5},"r":1,"bm":0,"nm":"Fill 1","mn":"ADBE Vector Graphic - Fill","hd":false},{"ty":"tr","p":{"a":0,"k":[85.69,126.73],"ix":2},"a":{"a":0,"k":[0,0],"ix":1},"s":{"a":0,"k":[100,100],"ix":3},"r":{"a":0,"k":0,"ix":6},"o":{"a":0,"k":100,"ix":7},"sk":{"a":0,"k":0,"ix":4},"sa":{"a":0,"k":0,"ix":5},"nm":"Transform"}],"nm":"Group 1","np":2,"cix":2,"bm":0,"ix":1,"mn":"ADBE Vector Group","hd":false}],"ip":0,"op":144,"st":0,"bm":0},{"ddd":0,"ind":11,"ty":4,"nm":"head ","parent":1,"sr":1,"ks":{"o":{"a":0,"k":100,"ix":11},"r":{"a":0,"k":0,"ix":10},"p":{"a":0,"k":[0,-29,0],"ix":2,"l":2},"a":{"a":0,"k":[496,454.13,0],"ix":1,"l":2},"s":{"a":0,"k":[100,100,100],"ix":6,"l":2}},"ao":0,"shapes":[{"ty":"gr","it":[{"ind":0,"ty":"sh","ix":1,"ks":{"a":1,"k":[{"i":{"x":0.667,"y":1},"o":{"x":0.333,"y":0},"t":36,"s":[{"i":[[0,0],[0,0]],"o":[[0,0],[0,0]],"v":[[65.92,24.44],[-65.92,-24.44]],"c":false}]},{"i":{"x":0.667,"y":1},"o":{"x":0.333,"y":0},"t":44,"s":[{"i":[[0,0],[0,0]],"o":[[0,0],[0,0]],"v":[[63.92,4.44],[-64.92,5.56]],"c":false}]},{"i":{"x":0.667,"y":1},"o":{"x":0.333,"y":0},"t":58,"s":[{"i":[[0,0],[0,0]],"o":[[0,0],[0,0]],"v":[[63.92,44.44],[-54.92,-24.44]],"c":false}]},{"i":{"x":0.833,"y":0.833},"o":{"x":0.333,"y":0},"t":72,"s":[{"i":[[0,0],[0,0]],"o":[[0,0],[0,0]],"v":[[65.92,24.44],[-65.92,-24.44]],"c":false}]},{"i":{"x":0.833,"y":0.833},"o":{"x":0.167,"y":0.167},"t":82,"s":[{"i":[[0,0],[0,0]],"o":[[0,0],[0,0]],"v":[[65.865,50.768],[-65.975,1.888]],"c":false}]},{"i":{"x":0.833,"y":0.833},"o":{"x":0.167,"y":0.167},"t":87,"s":[{"i":[[0,0],[0,0]],"o":[[0,0],[0,0]],"v":[[65.84,4.44],[-50,51.56]],"c":false}]},{"i":{"x":0.667,"y":1},"o":{"x":0.167,"y":0.167},"t":91,"s":[{"i":[[0,0],[0,0]],"o":[[0,0],[0,0]],"v":[[54.92,23.69],[-66.92,-38.69]],"c":false}]},{"i":{"x":0.667,"y":1},"o":{"x":0.333,"y":0},"t":96,"s":[{"i":[[0,0],[0,0]],"o":[[0,0],[0,0]],"v":[[54.92,23.69],[-70.92,-22.69]],"c":false}]},{"i":{"x":0.667,"y":1},"o":{"x":0.333,"y":0},"t":104,"s":[{"i":[[0,0],[0,0]],"o":[[0,0],[0,0]],"v":[[75.92,23.63],[-68.92,-5.19]],"c":false}]},{"i":{"x":0.667,"y":1},"o":{"x":0.333,"y":0},"t":112,"s":[{"i":[[0,0],[0,0]],"o":[[0,0],[0,0]],"v":[[54.92,23.69],[-70.92,-22.69]],"c":false}]},{"i":{"x":0.667,"y":1},"o":{"x":0.333,"y":0},"t":120,"s":[{"i":[[0,0],[0,0]],"o":[[0,0],[0,0]],"v":[[75.92,23.63],[-68.92,-5.19]],"c":false}]},{"i":{"x":0.667,"y":1},"o":{"x":0.333,"y":0},"t":130,"s":[{"i":[[0,0],[0,0]],"o":[[0,0],[0,0]],"v":[[65.92,24.44],[-65.92,-24.44]],"c":false}]},{"t":142,"s":[{"i":[[0,0],[0,0]],"o":[[0,0],[0,0]],"v":[[65.92,24.44],[-65.92,-24.44]],"c":false}]}],"ix":2},"nm":"Path 1","mn":"ADBE Vector Shape - Group","hd":false},{"ty":"st","c":{"a":0,"k":[0.620000023935,0.620000023935,0.620000023935,1],"ix":3},"o":{"a":0,"k":100,"ix":4},"w":{"a":0,"k":24,"ix":5},"lc":2,"lj":1,"ml":10,"bm":0,"nm":"Stroke 1","mn":"ADBE Vector Graphic - Stroke","hd":false},{"ty":"tr","p":{"a":0,"k":[77.92,549.65],"ix":2},"a":{"a":0,"k":[0,0],"ix":1},"s":{"a":0,"k":[100,100],"ix":3},"r":{"a":0,"k":0,"ix":6},"o":{"a":0,"k":100,"ix":7},"sk":{"a":0,"k":0,"ix":4},"sa":{"a":0,"k":0,"ix":5},"nm":"Transform"}],"nm":"Group 1","np":2,"cix":2,"bm":0,"ix":1,"mn":"ADBE Vector Group","hd":false},{"ty":"gr","it":[{"ind":0,"ty":"sh","ix":1,"ks":{"a":1,"k":[{"i":{"x":0.667,"y":1},"o":{"x":0.333,"y":0},"t":36,"s":[{"i":[[0,0],[0,0]],"o":[[0,0],[0,0]],"v":[[56.32,58.04],[-56.32,-58.04]],"c":false}]},{"i":{"x":0.667,"y":1},"o":{"x":0.333,"y":0},"t":44,"s":[{"i":[[0,0],[0,0]],"o":[[0,0],[0,0]],"v":[[56.32,39.04],[-55.32,-28.04]],"c":false}]},{"i":{"x":0.667,"y":1},"o":{"x":0.333,"y":0},"t":58,"s":[{"i":[[0,0],[0,0]],"o":[[0,0],[0,0]],"v":[[54.32,78.04],[-45.32,-58.04]],"c":false}]},{"i":{"x":0.833,"y":0.833},"o":{"x":0.333,"y":0},"t":72,"s":[{"i":[[0,0],[0,0]],"o":[[0,0],[0,0]],"v":[[56.32,58.04],[-56.32,-58.04]],"c":false}]},{"i":{"x":0.833,"y":0.833},"o":{"x":0.167,"y":0.167},"t":82,"s":[{"i":[[0,0],[0,0]],"o":[[0,0],[0,0]],"v":[[56.265,84.368],[-56.375,-31.712]],"c":false}]},{"i":{"x":0.833,"y":0.833},"o":{"x":0.167,"y":0.167},"t":87,"s":[{"i":[[0,0],[0,0]],"o":[[0,0],[0,0]],"v":[[56.24,38.04],[-56.4,41.96]],"c":false}]},{"i":{"x":0.667,"y":1},"o":{"x":0.167,"y":0.167},"t":91,"s":[{"i":[[0,0],[0,0]],"o":[[0,0],[0,0]],"v":[[45.32,57.29],[-56.82,-71.29]],"c":false}]},{"i":{"x":0.667,"y":1},"o":{"x":0.333,"y":0},"t":96,"s":[{"i":[[0,0],[0,0]],"o":[[0,0],[0,0]],"v":[[45.32,57.29],[-60.82,-55.29]],"c":false}]},{"i":{"x":0.667,"y":1},"o":{"x":0.333,"y":0},"t":104,"s":[{"i":[[0,0],[0,0]],"o":[[0,0],[0,0]],"v":[[66.32,57.23],[-66.82,-47.79]],"c":false}]},{"i":{"x":0.667,"y":1},"o":{"x":0.333,"y":0},"t":112,"s":[{"i":[[0,0],[0,0]],"o":[[0,0],[0,0]],"v":[[45.32,57.29],[-60.82,-55.29]],"c":false}]},{"i":{"x":0.667,"y":1},"o":{"x":0.333,"y":0},"t":120,"s":[{"i":[[0,0],[0,0]],"o":[[0,0],[0,0]],"v":[[66.32,57.23],[-66.82,-47.79]],"c":false}]},{"i":{"x":0.667,"y":1},"o":{"x":0.333,"y":0},"t":130,"s":[{"i":[[0,0],[0,0]],"o":[[0,0],[0,0]],"v":[[56.32,58.04],[-56.32,-58.04]],"c":false}]},{"t":142,"s":[{"i":[[0,0],[0,0]],"o":[[0,0],[0,0]],"v":[[56.32,58.04],[-56.32,-58.04]],"c":false}]}],"ix":2},"nm":"Path 1","mn":"ADBE Vector Shape - Group","hd":false},{"ty":"st","c":{"a":0,"k":[0.620000023935,0.620000023935,0.620000023935,1],"ix":3},"o":{"a":0,"k":100,"ix":4},"w":{"a":0,"k":24,"ix":5},"lc":2,"lj":1,"ml":10,"bm":0,"nm":"Stroke 1","mn":"ADBE Vector Graphic - Stroke","hd":false},{"ty":"tr","p":{"a":0,"k":[107.36,467.17],"ix":2},"a":{"a":0,"k":[0,0],"ix":1},"s":{"a":0,"k":[100,100],"ix":3},"r":{"a":0,"k":0,"ix":6},"o":{"a":0,"k":100,"ix":7},"sk":{"a":0,"k":0,"ix":4},"sa":{"a":0,"k":0,"ix":5},"nm":"Transform"}],"nm":"Group 2","np":2,"cix":2,"bm":0,"ix":2,"mn":"ADBE Vector Group","hd":false},{"ty":"gr","it":[{"ind":0,"ty":"sh","ix":1,"ks":{"a":1,"k":[{"i":{"x":0.667,"y":1},"o":{"x":0.333,"y":0},"t":36,"s":[{"i":[[0,0],[0,0]],"o":[[0,0],[0,0]],"v":[[57.92,-6.68],[-57.92,6.68]],"c":false}]},{"i":{"x":0.667,"y":1},"o":{"x":0.333,"y":0},"t":44,"s":[{"i":[[0,0],[0,0]],"o":[[0,0],[0,0]],"v":[[55.92,-27.68],[-55.92,36.68]],"c":false}]},{"i":{"x":0.667,"y":1},"o":{"x":0.333,"y":0},"t":58,"s":[{"i":[[0,0],[0,0]],"o":[[0,0],[0,0]],"v":[[55.92,13.32],[-47.92,7.68]],"c":false}]},{"i":{"x":0.833,"y":0.833},"o":{"x":0.333,"y":0},"t":72,"s":[{"i":[[0,0],[0,0]],"o":[[0,0],[0,0]],"v":[[57.92,-6.68],[-57.92,6.68]],"c":false}]},{"i":{"x":0.833,"y":0.833},"o":{"x":0.167,"y":0.167},"t":82,"s":[{"i":[[0,0],[0,0]],"o":[[0,0],[0,0]],"v":[[57.865,19.648],[-57.975,33.008]],"c":false}]},{"i":{"x":0.833,"y":0.833},"o":{"x":0.167,"y":0.167},"t":87,"s":[{"i":[[0,0],[0,0]],"o":[[0,0],[0,0]],"v":[[57.84,-26.68],[-42,82.68]],"c":false}]},{"i":{"x":0.667,"y":1},"o":{"x":0.167,"y":0.167},"t":91,"s":[{"i":[[0,0],[0,0]],"o":[[0,0],[0,0]],"v":[[46.92,-7.43],[-58.42,-7.57]],"c":false}]},{"i":{"x":0.667,"y":1},"o":{"x":0.333,"y":0},"t":96,"s":[{"i":[[0,0],[0,0]],"o":[[0,0],[0,0]],"v":[[46.92,-7.43],[-62.42,8.43]],"c":false}]},{"i":{"x":0.667,"y":1},"o":{"x":0.333,"y":0},"t":104,"s":[{"i":[[0,0],[0,0]],"o":[[0,0],[0,0]],"v":[[67.92,-7.49],[-57.92,0.43]],"c":false}]},{"i":{"x":0.667,"y":1},"o":{"x":0.333,"y":0},"t":112,"s":[{"i":[[0,0],[0,0]],"o":[[0,0],[0,0]],"v":[[46.92,-7.43],[-62.42,8.43]],"c":false}]},{"i":{"x":0.667,"y":1},"o":{"x":0.333,"y":0},"t":120,"s":[{"i":[[0,0],[0,0]],"o":[[0,0],[0,0]],"v":[[67.92,-7.49],[-57.92,0.43]],"c":false}]},{"i":{"x":0.667,"y":1},"o":{"x":0.333,"y":0},"t":130,"s":[{"i":[[0,0],[0,0]],"o":[[0,0],[0,0]],"v":[[57.92,-6.68],[-57.92,6.68]],"c":false}]},{"t":142,"s":[{"i":[[0,0],[0,0]],"o":[[0,0],[0,0]],"v":[[57.92,-6.68],[-57.92,6.68]],"c":false}]}],"ix":2},"nm":"Path 1","mn":"ADBE Vector Shape - Group","hd":false},{"ty":"st","c":{"a":0,"k":[0.620000023935,0.620000023935,0.620000023935,1],"ix":3},"o":{"a":0,"k":100,"ix":4},"w":{"a":0,"k":24,"ix":5},"lc":2,"lj":1,"ml":10,"bm":0,"nm":"Stroke 1","mn":"ADBE Vector Graphic - Stroke","hd":false},{"ty":"tr","p":{"a":0,"k":[80.32,643.57],"ix":2},"a":{"a":0,"k":[0,0],"ix":1},"s":{"a":0,"k":[100,100],"ix":3},"r":{"a":0,"k":0,"ix":6},"o":{"a":0,"k":100,"ix":7},"sk":{"a":0,"k":0,"ix":4},"sa":{"a":0,"k":0,"ix":5},"nm":"Transform"}],"nm":"Group 3","np":2,"cix":2,"bm":0,"ix":3,"mn":"ADBE Vector Group","hd":false},{"ty":"gr","it":[{"ind":0,"ty":"sh","ix":1,"ks":{"a":1,"k":[{"i":{"x":0.667,"y":1},"o":{"x":0.333,"y":0},"t":36,"s":[{"i":[[0,0],[0,0]],"o":[[0,0],[0,0]],"v":[[-65.92,24.44],[65.92,-24.44]],"c":false}]},{"i":{"x":0.667,"y":1},"o":{"x":0.333,"y":0},"t":44,"s":[{"i":[[0,0],[0,0]],"o":[[0,0],[0,0]],"v":[[-64.92,6.44],[64.92,5.56]],"c":false}]},{"i":{"x":0.667,"y":1},"o":{"x":0.333,"y":0},"t":58,"s":[{"i":[[0,0],[0,0]],"o":[[0,0],[0,0]],"v":[[-64.92,43.44],[55.92,-25.44]],"c":false}]},{"i":{"x":0.833,"y":0.833},"o":{"x":0.333,"y":0},"t":72,"s":[{"i":[[0,0],[0,0]],"o":[[0,0],[0,0]],"v":[[-65.92,24.44],[65.92,-24.44]],"c":false}]},{"i":{"x":0.833,"y":0.833},"o":{"x":0.167,"y":0.167},"t":82,"s":[{"i":[[0,0],[0,0]],"o":[[0,0],[0,0]],"v":[[-65.975,50.768],[65.865,1.888]],"c":false}]},{"i":{"x":0.833,"y":0.833},"o":{"x":0.167,"y":0.167},"t":87,"s":[{"i":[[0,0],[0,0]],"o":[[0,0],[0,0]],"v":[[-66,4.44],[49.84,51.56]],"c":false}]},{"i":{"x":0.667,"y":1},"o":{"x":0.167,"y":0.167},"t":91,"s":[{"i":[[0,0],[0,0]],"o":[[0,0],[0,0]],"v":[[-75.42,23.19],[52.92,-30.69]],"c":false}]},{"i":{"x":0.667,"y":1},"o":{"x":0.333,"y":0},"t":96,"s":[{"i":[[0,0],[0,0]],"o":[[0,0],[0,0]],"v":[[-75.42,23.19],[54.92,-14.69]],"c":false}]},{"i":{"x":0.667,"y":1},"o":{"x":0.333,"y":0},"t":104,"s":[{"i":[[0,0],[0,0]],"o":[[0,0],[0,0]],"v":[[-56.42,23.13],[64.92,-25.69]],"c":false}]},{"i":{"x":0.667,"y":1},"o":{"x":0.333,"y":0},"t":112,"s":[{"i":[[0,0],[0,0]],"o":[[0,0],[0,0]],"v":[[-75.42,23.19],[54.92,-14.69]],"c":false}]},{"i":{"x":0.667,"y":1},"o":{"x":0.333,"y":0},"t":120,"s":[{"i":[[0,0],[0,0]],"o":[[0,0],[0,0]],"v":[[-56.42,23.13],[64.92,-25.69]],"c":false}]},{"i":{"x":0.667,"y":1},"o":{"x":0.333,"y":0},"t":130,"s":[{"i":[[0,0],[0,0]],"o":[[0,0],[0,0]],"v":[[-65.92,24.44],[66.42,-13.94]],"c":false}]},{"t":142,"s":[{"i":[[0,0],[0,0]],"o":[[0,0],[0,0]],"v":[[-65.92,24.44],[65.92,-24.44]],"c":false}]}],"ix":2},"nm":"Path 1","mn":"ADBE Vector Shape - Group","hd":false},{"ty":"st","c":{"a":0,"k":[0.620000023935,0.620000023935,0.620000023935,1],"ix":3},"o":{"a":0,"k":100,"ix":4},"w":{"a":0,"k":24,"ix":5},"lc":2,"lj":1,"ml":10,"bm":0,"nm":"Stroke 1","mn":"ADBE Vector Graphic - Stroke","hd":false},{"ty":"tr","p":{"a":0,"k":[914.08,549.65],"ix":2},"a":{"a":0,"k":[0,0],"ix":1},"s":{"a":0,"k":[100,100],"ix":3},"r":{"a":0,"k":0,"ix":6},"o":{"a":0,"k":100,"ix":7},"sk":{"a":0,"k":0,"ix":4},"sa":{"a":0,"k":0,"ix":5},"nm":"Transform"}],"nm":"Group 4","np":2,"cix":2,"bm":0,"ix":4,"mn":"ADBE Vector Group","hd":false},{"ty":"gr","it":[{"ind":0,"ty":"sh","ix":1,"ks":{"a":1,"k":[{"i":{"x":0.667,"y":1},"o":{"x":0.333,"y":0},"t":36,"s":[{"i":[[0,0],[0,0]],"o":[[0,0],[0,0]],"v":[[-56.32,58.04],[56.32,-58.04]],"c":false}]},{"i":{"x":0.667,"y":1},"o":{"x":0.333,"y":0},"t":44,"s":[{"i":[[0,0],[0,0]],"o":[[0,0],[0,0]],"v":[[-55.32,36.04],[56.32,-28.04]],"c":false}]},{"i":{"x":0.667,"y":1},"o":{"x":0.333,"y":0},"t":58,"s":[{"i":[[0,0],[0,0]],"o":[[0,0],[0,0]],"v":[[-55.32,77.04],[46.32,-58.04]],"c":false}]},{"i":{"x":0.833,"y":0.833},"o":{"x":0.333,"y":0},"t":72,"s":[{"i":[[0,0],[0,0]],"o":[[0,0],[0,0]],"v":[[-56.32,58.04],[56.32,-58.04]],"c":false}]},{"i":{"x":0.833,"y":0.833},"o":{"x":0.167,"y":0.167},"t":82,"s":[{"i":[[0,0],[0,0]],"o":[[0,0],[0,0]],"v":[[-56.375,84.368],[56.265,-31.712]],"c":false}]},{"i":{"x":0.833,"y":0.833},"o":{"x":0.167,"y":0.167},"t":87,"s":[{"i":[[0,0],[0,0]],"o":[[0,0],[0,0]],"v":[[-56.4,38.04],[56.24,41.96]],"c":false}]},{"i":{"x":0.667,"y":1},"o":{"x":0.167,"y":0.167},"t":91,"s":[{"i":[[0,0],[0,0]],"o":[[0,0],[0,0]],"v":[[-65.82,56.79],[52.82,-53.79]],"c":false}]},{"i":{"x":0.667,"y":1},"o":{"x":0.333,"y":0},"t":96,"s":[{"i":[[0,0],[0,0]],"o":[[0,0],[0,0]],"v":[[-65.82,56.79],[54.82,-37.79]],"c":false}]},{"i":{"x":0.667,"y":1},"o":{"x":0.333,"y":0},"t":104,"s":[{"i":[[0,0],[0,0]],"o":[[0,0],[0,0]],"v":[[-46.82,56.73],[56.32,-57.79]],"c":false}]},{"i":{"x":0.667,"y":1},"o":{"x":0.333,"y":0},"t":112,"s":[{"i":[[0,0],[0,0]],"o":[[0,0],[0,0]],"v":[[-65.82,56.79],[54.82,-37.79]],"c":false}]},{"i":{"x":0.667,"y":1},"o":{"x":0.333,"y":0},"t":120,"s":[{"i":[[0,0],[0,0]],"o":[[0,0],[0,0]],"v":[[-46.82,56.73],[56.32,-57.79]],"c":false}]},{"i":{"x":0.667,"y":1},"o":{"x":0.333,"y":0},"t":130,"s":[{"i":[[0,0],[0,0]],"o":[[0,0],[0,0]],"v":[[-56.32,58.04],[56.82,-46.54]],"c":false}]},{"t":142,"s":[{"i":[[0,0],[0,0]],"o":[[0,0],[0,0]],"v":[[-56.32,58.04],[56.32,-58.04]],"c":false}]}],"ix":2},"nm":"Path 1","mn":"ADBE Vector Shape - Group","hd":false},{"ty":"st","c":{"a":0,"k":[0.620000023935,0.620000023935,0.620000023935,1],"ix":3},"o":{"a":0,"k":100,"ix":4},"w":{"a":0,"k":24,"ix":5},"lc":2,"lj":1,"ml":10,"bm":0,"nm":"Stroke 1","mn":"ADBE Vector Graphic - Stroke","hd":false},{"ty":"tr","p":{"a":0,"k":[884.64,467.17],"ix":2},"a":{"a":0,"k":[0,0],"ix":1},"s":{"a":0,"k":[100,100],"ix":3},"r":{"a":0,"k":0,"ix":6},"o":{"a":0,"k":100,"ix":7},"sk":{"a":0,"k":0,"ix":4},"sa":{"a":0,"k":0,"ix":5},"nm":"Transform"}],"nm":"Group 5","np":2,"cix":2,"bm":0,"ix":5,"mn":"ADBE Vector Group","hd":false},{"ty":"gr","it":[{"ind":0,"ty":"sh","ix":1,"ks":{"a":1,"k":[{"i":{"x":0.667,"y":1},"o":{"x":0.333,"y":0},"t":36,"s":[{"i":[[0,0],[0,0]],"o":[[0,0],[0,0]],"v":[[-57.92,-6.68],[57.92,6.68]],"c":false}]},{"i":{"x":0.667,"y":1},"o":{"x":0.333,"y":0},"t":44,"s":[{"i":[[0,0],[0,0]],"o":[[0,0],[0,0]],"v":[[-56.92,-24.68],[57.92,35.68]],"c":false}]},{"i":{"x":0.667,"y":1},"o":{"x":0.333,"y":0},"t":58,"s":[{"i":[[0,0],[0,0]],"o":[[0,0],[0,0]],"v":[[-56.92,12.32],[46.92,6.68]],"c":false}]},{"i":{"x":0.833,"y":0.833},"o":{"x":0.333,"y":0},"t":72,"s":[{"i":[[0,0],[0,0]],"o":[[0,0],[0,0]],"v":[[-57.92,-6.68],[57.92,6.68]],"c":false}]},{"i":{"x":0.833,"y":0.833},"o":{"x":0.167,"y":0.167},"t":82,"s":[{"i":[[0,0],[0,0]],"o":[[0,0],[0,0]],"v":[[-57.975,19.648],[57.865,33.008]],"c":false}]},{"i":{"x":0.833,"y":0.833},"o":{"x":0.167,"y":0.167},"t":87,"s":[{"i":[[0,0],[0,0]],"o":[[0,0],[0,0]],"v":[[-58,-26.68],[41.84,82.68]],"c":false}]},{"i":{"x":0.667,"y":1},"o":{"x":0.167,"y":0.167},"t":91,"s":[{"i":[[0,0],[0,0]],"o":[[0,0],[0,0]],"v":[[-67.42,-7.93],[44.92,-19.57]],"c":false}]},{"i":{"x":0.667,"y":1},"o":{"x":0.333,"y":0},"t":96,"s":[{"i":[[0,0],[0,0]],"o":[[0,0],[0,0]],"v":[[-67.42,-7.93],[46.92,-3.57]],"c":false}]},{"i":{"x":0.667,"y":1},"o":{"x":0.333,"y":0},"t":104,"s":[{"i":[[0,0],[0,0]],"o":[[0,0],[0,0]],"v":[[-48.42,-7.99],[56.92,6.93]],"c":false}]},{"i":{"x":0.667,"y":1},"o":{"x":0.333,"y":0},"t":112,"s":[{"i":[[0,0],[0,0]],"o":[[0,0],[0,0]],"v":[[-67.42,-7.93],[46.92,-3.57]],"c":false}]},{"i":{"x":0.667,"y":1},"o":{"x":0.333,"y":0},"t":120,"s":[{"i":[[0,0],[0,0]],"o":[[0,0],[0,0]],"v":[[-48.42,-7.99],[56.92,6.93]],"c":false}]},{"i":{"x":0.667,"y":1},"o":{"x":0.333,"y":0},"t":130,"s":[{"i":[[0,0],[0,0]],"o":[[0,0],[0,0]],"v":[[-57.92,-6.68],[58.42,-2.32]],"c":false}]},{"t":142,"s":[{"i":[[0,0],[0,0]],"o":[[0,0],[0,0]],"v":[[-57.92,-6.68],[57.92,6.68]],"c":false}]}],"ix":2},"nm":"Path 1","mn":"ADBE Vector Shape - Group","hd":false},{"ty":"st","c":{"a":0,"k":[0.620000023935,0.620000023935,0.620000023935,1],"ix":3},"o":{"a":0,"k":100,"ix":4},"w":{"a":0,"k":24,"ix":5},"lc":2,"lj":1,"ml":10,"bm":0,"nm":"Stroke 1","mn":"ADBE Vector Graphic - Stroke","hd":false},{"ty":"tr","p":{"a":0,"k":[911.68,643.57],"ix":2},"a":{"a":0,"k":[0,0],"ix":1},"s":{"a":0,"k":[100,100],"ix":3},"r":{"a":0,"k":0,"ix":6},"o":{"a":0,"k":100,"ix":7},"sk":{"a":0,"k":0,"ix":4},"sa":{"a":0,"k":0,"ix":5},"nm":"Transform"}],"nm":"Group 6","np":2,"cix":2,"bm":0,"ix":6,"mn":"ADBE Vector Group","hd":false},{"ty":"gr","it":[{"ind":0,"ty":"sh","ix":1,"ks":{"a":1,"k":[{"i":{"x":0.667,"y":1},"o":{"x":0.333,"y":0},"t":36,"s":[{"i":[[-11.2,-13.36],[-0.56,14],[26,34.08],[3.04,-14.64],[21.68,-33.92],[-6.88,-4.56],[-20.32,-17.6]],"o":[[9.04,10.72],[3.92,-97.92],[-9.04,-11.84],[-5.84,28.32],[-4.48,6.96],[15.12,10.16],[14.08,12.08]],"v":[[43.16,109.2],[62.04,96.56],[8.44,-108.08],[-22.44,-101.12],[-61.48,1.76],[-57.24,22.56],[3.88,68.24]],"c":true}]},{"t":142,"s":[{"i":[[-11.2,-13.36],[-0.56,14],[26,34.08],[3.04,-14.64],[21.68,-33.92],[-6.88,-4.56],[-20.32,-17.6]],"o":[[9.04,10.72],[3.92,-97.92],[-9.04,-11.84],[-5.84,28.32],[-4.48,6.96],[15.12,10.16],[14.08,12.08]],"v":[[43.16,109.2],[62.04,96.56],[8.44,-108.08],[-22.44,-101.12],[-61.48,1.76],[-57.24,22.56],[3.88,68.24]],"c":true}]}],"ix":2},"nm":"Path 1","mn":"ADBE Vector Shape - Group","hd":false},{"ty":"fl","c":{"a":0,"k":[1,0.819999964097,0.819999964097,1],"ix":4},"o":{"a":0,"k":100,"ix":5},"r":1,"bm":0,"nm":"Fill 1","mn":"ADBE Vector Graphic - Fill","hd":false},{"ty":"tr","p":{"a":0,"k":[761.88,218.09],"ix":2},"a":{"a":0,"k":[0,0],"ix":1},"s":{"a":0,"k":[100,100],"ix":3},"r":{"a":0,"k":0,"ix":6},"o":{"a":0,"k":100,"ix":7},"sk":{"a":0,"k":0,"ix":4},"sa":{"a":0,"k":0,"ix":5},"nm":"Transform"}],"nm":"Group 7","np":2,"cix":2,"bm":0,"ix":7,"mn":"ADBE Vector Group","hd":false},{"ty":"gr","it":[{"ind":0,"ty":"sh","ix":1,"ks":{"a":1,"k":[{"i":{"x":0.667,"y":1},"o":{"x":0.333,"y":0},"t":36,"s":[{"i":[[0,0],[53.92,26.48],[13.92,-12.08],[67.28,-88.8]],"o":[[42.08,-294.72],[-17.04,-8.32],[-25.52,22.16],[0,0]],"v":[[104.52,226.2],[-18.12,-217.88],[-66.92,-213.08],[-146.6,-28.36]],"c":false}]},{"t":142,"s":[{"i":[[0,0],[53.92,26.48],[13.92,-12.08],[67.28,-88.8]],"o":[[42.08,-294.72],[-17.04,-8.32],[-25.52,22.16],[0,0]],"v":[[104.52,226.2],[-18.12,-217.88],[-66.92,-213.08],[-146.6,-28.36]],"c":false}]}],"ix":2},"nm":"Path 1","mn":"ADBE Vector Shape - Group","hd":false},{"ty":"fl","c":{"a":0,"k":[1,0.752999997606,0.13300000359,1],"ix":4},"o":{"a":0,"k":100,"ix":5},"r":1,"bm":0,"nm":"Fill 1","mn":"ADBE Vector Graphic - Fill","hd":false},{"ty":"tr","p":{"a":0,"k":[772.44,226.45],"ix":2},"a":{"a":0,"k":[0,0],"ix":1},"s":{"a":0,"k":[100,100],"ix":3},"r":{"a":0,"k":0,"ix":6},"o":{"a":0,"k":100,"ix":7},"sk":{"a":0,"k":0,"ix":4},"sa":{"a":0,"k":0,"ix":5},"nm":"Transform"}],"nm":"Group 8","np":2,"cix":2,"bm":0,"ix":8,"mn":"ADBE Vector Group","hd":false},{"ty":"gr","it":[{"ind":0,"ty":"sh","ix":1,"ks":{"a":1,"k":[{"i":{"x":0.667,"y":1},"o":{"x":0.333,"y":0},"t":36,"s":[{"i":[[11.2,-13.36],[0.56,14],[-26,34.08],[-3.04,-14.64],[-21.68,-33.92],[6.88,-4.56],[20.32,-17.6]],"o":[[-9.04,10.72],[-3.92,-97.92],[9.04,-11.84],[5.84,28.32],[4.48,6.96],[-15.12,10.16],[-14.08,12.08]],"v":[[-43.16,109.2],[-62.04,96.56],[-8.44,-108.08],[22.44,-101.12],[61.48,1.76],[57.24,22.56],[-3.88,68.24]],"c":true}]},{"t":142,"s":[{"i":[[11.2,-13.36],[0.56,14],[-26,34.08],[-3.04,-14.64],[-21.68,-33.92],[6.88,-4.56],[20.32,-17.6]],"o":[[-9.04,10.72],[-3.92,-97.92],[9.04,-11.84],[5.84,28.32],[4.48,6.96],[-15.12,10.16],[-14.08,12.08]],"v":[[-43.16,109.2],[-62.04,96.56],[-8.44,-108.08],[22.44,-101.12],[61.48,1.76],[57.24,22.56],[-3.88,68.24]],"c":true}]}],"ix":2},"nm":"Path 1","mn":"ADBE Vector Shape - Group","hd":false},{"ty":"fl","c":{"a":0,"k":[1,0.819999964097,0.819999964097,1],"ix":4},"o":{"a":0,"k":100,"ix":5},"r":1,"bm":0,"nm":"Fill 1","mn":"ADBE Vector Graphic - Fill","hd":false},{"ty":"tr","p":{"a":0,"k":[230.12,218.09],"ix":2},"a":{"a":0,"k":[0,0],"ix":1},"s":{"a":0,"k":[100,100],"ix":3},"r":{"a":0,"k":0,"ix":6},"o":{"a":0,"k":100,"ix":7},"sk":{"a":0,"k":0,"ix":4},"sa":{"a":0,"k":0,"ix":5},"nm":"Transform"}],"nm":"Group 9","np":2,"cix":2,"bm":0,"ix":9,"mn":"ADBE Vector Group","hd":false},{"ty":"gr","it":[{"ind":0,"ty":"sh","ix":1,"ks":{"a":1,"k":[{"i":{"x":0.667,"y":1},"o":{"x":0.333,"y":0},"t":36,"s":[{"i":[[0,0],[-53.92,26.48],[-13.92,-12.08],[-67.28,-88.8]],"o":[[-42.08,-294.72],[17.04,-8.32],[25.52,22.16],[0,0]],"v":[[-104.52,226.2],[18.12,-217.88],[66.92,-213.08],[146.6,-28.36]],"c":false}]},{"t":142,"s":[{"i":[[0,0],[-53.92,26.48],[-13.92,-12.08],[-67.28,-88.8]],"o":[[-42.08,-294.72],[17.04,-8.32],[25.52,22.16],[0,0]],"v":[[-104.52,226.2],[18.12,-217.88],[66.92,-213.08],[146.6,-28.36]],"c":false}]}],"ix":2},"nm":"Path 1","mn":"ADBE Vector Shape - Group","hd":false},{"ty":"fl","c":{"a":0,"k":[1,0.752999997606,0.13300000359,1],"ix":4},"o":{"a":0,"k":100,"ix":5},"r":1,"bm":0,"nm":"Fill 1","mn":"ADBE Vector Graphic - Fill","hd":false},{"ty":"tr","p":{"a":0,"k":[219.56,226.45],"ix":2},"a":{"a":0,"k":[0,0],"ix":1},"s":{"a":0,"k":[100,100],"ix":3},"r":{"a":0,"k":0,"ix":6},"o":{"a":0,"k":100,"ix":7},"sk":{"a":0,"k":0,"ix":4},"sa":{"a":0,"k":0,"ix":5},"nm":"Transform"}],"nm":"Group 10","np":2,"cix":2,"bm":0,"ix":10,"mn":"ADBE Vector Group","hd":false},{"ty":"gr","it":[{"ind":0,"ty":"sh","ix":1,"ks":{"a":1,"k":[{"i":{"x":0.667,"y":1},"o":{"x":0.333,"y":0},"t":36,"s":[{"i":[[16.72,-14.24],[10.64,12.32],[-8.4,77.92],[-32.96,-9.04]],"o":[[-9.04,7.68],[-12.88,-14.96],[37.36,1.36],[-26.64,43.68]],"v":[[4.386,72.099],[-33.614,66.339],[-51.534,-76.941],[54.146,-61.181]],"c":true}]},{"i":{"x":0.667,"y":1},"o":{"x":0.333,"y":0},"t":44,"s":[{"i":[[16.72,-14.24],[10.64,12.32],[-8.4,77.92],[-32.96,-9.04]],"o":[[-9.04,7.68],[-12.88,-14.96],[37.36,1.36],[-26.64,43.68]],"v":[[4.352,46.674],[-33.648,40.914],[-51.534,-76.941],[54.146,-61.181]],"c":true}]},{"i":{"x":0.667,"y":1},"o":{"x":0.333,"y":0},"t":58,"s":[{"i":[[16.72,-14.24],[10.64,12.32],[-8.4,77.92],[-32.96,-9.04]],"o":[[-9.04,7.68],[-12.88,-14.96],[37.36,1.36],[-26.64,43.68]],"v":[[4.272,120.599],[-33.728,114.839],[-51.534,-76.941],[54.146,-61.181]],"c":true}]},{"i":{"x":0.667,"y":1},"o":{"x":0.333,"y":0},"t":72,"s":[{"i":[[16.72,-14.24],[10.64,12.32],[-8.4,77.92],[-32.96,-9.04]],"o":[[-9.04,7.68],[-12.88,-14.96],[37.36,1.36],[-26.64,43.68]],"v":[[4.386,108.099],[-33.614,102.339],[-51.534,-76.941],[54.146,-61.181]],"c":true}]},{"i":{"x":0.833,"y":0.833},"o":{"x":0.333,"y":0},"t":82,"s":[{"i":[[16.72,-14.24],[10.64,12.32],[-8.4,77.92],[-32.96,-9.04]],"o":[[-9.04,7.68],[-12.88,-14.96],[37.36,1.36],[-26.64,43.68]],"v":[[4.315,135.911],[-33.685,130.151],[-51.534,-76.941],[54.146,-61.181]],"c":true}]},{"i":{"x":0.667,"y":1},"o":{"x":0.167,"y":0.167},"t":88,"s":[{"i":[[16.72,-14.24],[10.64,12.32],[-8.4,77.92],[-32.96,-9.04]],"o":[[-9.04,7.68],[-12.88,-14.96],[37.36,1.36],[-26.64,43.68]],"v":[[4.272,52.599],[-33.728,46.839],[-51.534,-76.941],[54.146,-61.181]],"c":true}]},{"i":{"x":0.667,"y":1},"o":{"x":0.333,"y":0},"t":96,"s":[{"i":[[16.72,-14.24],[10.64,12.32],[-8.4,77.92],[-32.96,-9.04]],"o":[[-9.04,7.68],[-12.88,-14.96],[37.36,1.36],[-26.64,43.68]],"v":[[-15.114,72.067],[-53.114,66.307],[-51.534,-76.941],[54.146,-61.181]],"c":true}]},{"i":{"x":0.667,"y":1},"o":{"x":0.333,"y":0},"t":104,"s":[{"i":[[16.72,-14.24],[10.64,12.32],[13.38,67.88],[-32.96,-9.04]],"o":[[-9.04,7.68],[-12.88,-14.96],[37.36,1.36],[-11.8,65.62]],"v":[[13.886,71.099],[-24.114,65.339],[-51.534,-76.941],[54.146,-61.181]],"c":true}]},{"i":{"x":0.667,"y":1},"o":{"x":0.333,"y":0},"t":112,"s":[{"i":[[16.72,-14.24],[10.64,12.32],[-8.4,77.92],[-32.96,-9.04]],"o":[[-9.04,7.68],[-12.88,-14.96],[37.36,1.36],[-26.64,43.68]],"v":[[-15.114,72.067],[-53.114,66.307],[-51.534,-76.941],[54.146,-61.181]],"c":true}]},{"i":{"x":0.667,"y":1},"o":{"x":0.333,"y":0},"t":120,"s":[{"i":[[16.72,-14.24],[10.64,12.32],[13.38,67.88],[-32.96,-9.04]],"o":[[-9.04,7.68],[-12.88,-14.96],[37.36,1.36],[-11.8,65.62]],"v":[[13.886,71.099],[-24.114,65.339],[-51.534,-76.941],[54.146,-61.181]],"c":true}]},{"i":{"x":0.667,"y":1},"o":{"x":0.333,"y":0},"t":130,"s":[{"i":[[16.72,-14.24],[10.64,12.32],[-8.4,77.92],[-32.96,-9.04]],"o":[[-9.04,7.68],[-12.88,-14.96],[37.36,1.36],[-26.64,43.68]],"v":[[-0.614,72.099],[-38.614,66.339],[-51.534,-76.941],[54.146,-61.181]],"c":true}]},{"t":142,"s":[{"i":[[16.72,-14.24],[10.64,12.32],[-8.4,77.92],[-32.96,-9.04]],"o":[[-9.04,7.68],[-12.88,-14.96],[37.36,1.36],[-26.64,43.68]],"v":[[4.386,72.099],[-33.614,66.339],[-51.534,-76.941],[54.146,-61.181]],"c":true}]}],"ix":2},"nm":"Path 1","mn":"ADBE Vector Shape - Group","hd":false},{"ty":"fl","c":{"a":0,"k":[1,0.438999998803,0.263000009574,1],"ix":4},"o":{"a":0,"k":47,"ix":5},"r":1,"bm":0,"nm":"Fill 1","mn":"ADBE Vector Graphic - Fill","hd":false},{"ty":"tr","p":{"a":0,"k":[570.654,259.192],"ix":2},"a":{"a":0,"k":[0,0],"ix":1},"s":{"a":0,"k":[100,100],"ix":3},"r":{"a":0,"k":0,"ix":6},"o":{"a":0,"k":100,"ix":7},"sk":{"a":0,"k":0,"ix":4},"sa":{"a":0,"k":0,"ix":5},"nm":"Transform"}],"nm":"Group 11","np":2,"cix":2,"bm":0,"ix":11,"mn":"ADBE Vector Group","hd":false},{"ty":"gr","it":[{"ind":0,"ty":"sh","ix":1,"ks":{"a":1,"k":[{"i":{"x":0.667,"y":1},"o":{"x":0.333,"y":0},"t":36,"s":[{"i":[[-16.72,-14.24],[-10.64,12.32],[8.4,77.92],[32.96,-9.04]],"o":[[9.04,7.68],[12.88,-14.96],[-37.36,1.36],[26.64,43.68]],"v":[[-4.386,72.099],[33.614,66.339],[51.534,-76.941],[-54.146,-61.181]],"c":true}]},{"i":{"x":0.667,"y":1},"o":{"x":0.333,"y":0},"t":44,"s":[{"i":[[-16.72,-14.24],[-10.64,12.32],[8.4,77.92],[32.96,-9.04]],"o":[[9.04,7.68],[12.88,-14.96],[-37.36,1.36],[26.64,43.68]],"v":[[-4.42,46.674],[33.58,40.914],[51.534,-76.941],[-54.146,-61.181]],"c":true}]},{"i":{"x":0.667,"y":1},"o":{"x":0.333,"y":0},"t":58,"s":[{"i":[[-16.72,-14.24],[-10.64,12.32],[8.4,77.92],[32.96,-9.04]],"o":[[9.04,7.68],[12.88,-14.96],[-37.36,1.36],[26.64,43.68]],"v":[[-4.5,120.599],[33.5,114.839],[51.534,-76.941],[-54.146,-61.181]],"c":true}]},{"i":{"x":0.667,"y":1},"o":{"x":0.333,"y":0},"t":72,"s":[{"i":[[-16.72,-14.24],[-10.64,12.32],[8.4,77.92],[32.96,-9.04]],"o":[[9.04,7.68],[12.88,-14.96],[-37.36,1.36],[26.64,43.68]],"v":[[-4.386,108.099],[33.614,102.339],[51.534,-76.941],[-54.146,-61.181]],"c":true}]},{"i":{"x":0.833,"y":0.833},"o":{"x":0.333,"y":0},"t":82,"s":[{"i":[[-16.72,-14.24],[-10.64,12.32],[8.4,77.92],[32.96,-9.04]],"o":[[9.04,7.68],[12.88,-14.96],[-37.36,1.36],[26.64,43.68]],"v":[[-4.457,135.911],[33.543,130.151],[51.534,-76.941],[-54.146,-61.181]],"c":true}]},{"i":{"x":0.667,"y":1},"o":{"x":0.167,"y":0.167},"t":88,"s":[{"i":[[-16.72,-14.24],[-10.64,12.32],[8.4,77.92],[32.96,-9.04]],"o":[[9.04,7.68],[12.88,-14.96],[-37.36,1.36],[26.64,43.68]],"v":[[-4.5,52.599],[33.5,46.839],[51.534,-76.941],[-54.146,-61.181]],"c":true}]},{"i":{"x":0.667,"y":1},"o":{"x":0.333,"y":0},"t":96,"s":[{"i":[[-16.72,-14.24],[-10.64,12.32],[-22.88,63.38],[32.96,-9.04]],"o":[[9.04,7.68],[12.88,-14.96],[-37.36,1.36],[0.3,45.12]],"v":[[-23.886,72.067],[14.114,66.307],[51.534,-76.941],[-54.146,-61.181]],"c":true}]},{"i":{"x":0.667,"y":1},"o":{"x":0.333,"y":0},"t":104,"s":[{"i":[[-16.72,-14.24],[-10.64,12.32],[8.4,77.92],[32.96,-9.04]],"o":[[9.04,7.68],[12.88,-14.96],[-37.36,1.36],[26.64,43.68]],"v":[[5.114,71.099],[43.114,65.339],[51.534,-76.941],[-54.146,-61.181]],"c":true}]},{"i":{"x":0.667,"y":1},"o":{"x":0.333,"y":0},"t":112,"s":[{"i":[[-16.72,-14.24],[-10.64,12.32],[-22.88,63.38],[32.96,-9.04]],"o":[[9.04,7.68],[12.88,-14.96],[-37.36,1.36],[0.3,45.12]],"v":[[-23.886,72.067],[14.114,66.307],[51.534,-76.941],[-54.146,-61.181]],"c":true}]},{"i":{"x":0.667,"y":1},"o":{"x":0.333,"y":0},"t":120,"s":[{"i":[[-16.72,-14.24],[-10.64,12.32],[8.4,77.92],[32.96,-9.04]],"o":[[9.04,7.68],[12.88,-14.96],[-37.36,1.36],[26.64,43.68]],"v":[[5.114,71.099],[43.114,65.339],[51.534,-76.941],[-54.146,-61.181]],"c":true}]},{"i":{"x":0.667,"y":1},"o":{"x":0.333,"y":0},"t":130,"s":[{"i":[[-16.72,-14.24],[-10.64,12.32],[1.12,74.38],[32.96,-9.04]],"o":[[9.04,7.68],[12.88,-14.96],[-37.36,1.36],[20.3,47.62]],"v":[[-9.386,72.099],[28.614,66.339],[51.534,-76.941],[-54.146,-61.181]],"c":true}]},{"t":142,"s":[{"i":[[-16.72,-14.24],[-10.64,12.32],[8.4,77.92],[32.96,-9.04]],"o":[[9.04,7.68],[12.88,-14.96],[-37.36,1.36],[26.64,43.68]],"v":[[-4.386,72.099],[33.614,66.339],[51.534,-76.941],[-54.146,-61.181]],"c":true}]}],"ix":2},"nm":"Path 1","mn":"ADBE Vector Shape - Group","hd":false},{"ty":"fl","c":{"a":0,"k":[1,0.438999998803,0.263000009574,1],"ix":4},"o":{"a":0,"k":47,"ix":5},"r":1,"bm":0,"nm":"Fill 1","mn":"ADBE Vector Graphic - Fill","hd":false},{"ty":"tr","p":{"a":0,"k":[421.346,259.192],"ix":2},"a":{"a":0,"k":[0,0],"ix":1},"s":{"a":0,"k":[100,100],"ix":3},"r":{"a":0,"k":0,"ix":6},"o":{"a":0,"k":100,"ix":7},"sk":{"a":0,"k":0,"ix":4},"sa":{"a":0,"k":0,"ix":5},"nm":"Transform"}],"nm":"Group 12","np":2,"cix":2,"bm":0,"ix":12,"mn":"ADBE Vector Group","hd":false},{"ty":"gr","it":[{"ind":0,"ty":"sh","ix":1,"ks":{"a":1,"k":[{"i":{"x":0.667,"y":1},"o":{"x":0.333,"y":0},"t":36,"s":[{"i":[[8.4,121.12],[243.52,0],[14.4,-207.84],[-96.32,-65.6],[-166.48,-2.08],[0,0]],"o":[[-14.4,-207.84],[-243.52,0],[-8.4,121.12],[0,0],[166.48,-2.08],[96.24,-65.6]],"v":[[400.88,-7.56],[0,-363.24],[-400.88,-7.56],[-264.16,282.12],[0,363.24],[264.16,282.12]],"c":true}]},{"t":142,"s":[{"i":[[8.4,121.12],[243.52,0],[14.4,-207.84],[-96.32,-65.6],[-166.48,-2.08],[0,0]],"o":[[-14.4,-207.84],[-243.52,0],[-8.4,121.12],[0,0],[166.48,-2.08],[96.24,-65.6]],"v":[[400.88,-7.56],[0,-363.24],[-400.88,-7.56],[-264.16,282.12],[0,363.24],[264.16,282.12]],"c":true}]}],"ix":2},"nm":"Path 1","mn":"ADBE Vector Shape - Group","hd":false},{"ty":"fl","c":{"a":0,"k":[1,0.752999997606,0.13300000359,1],"ix":4},"o":{"a":0,"k":100,"ix":5},"r":1,"bm":0,"nm":"Fill 1","mn":"ADBE Vector Graphic - Fill","hd":false},{"ty":"tr","p":{"a":0,"k":[496,544.77],"ix":2},"a":{"a":0,"k":[0,0],"ix":1},"s":{"a":0,"k":[100,100],"ix":3},"r":{"a":0,"k":0,"ix":6},"o":{"a":0,"k":100,"ix":7},"sk":{"a":0,"k":0,"ix":4},"sa":{"a":0,"k":0,"ix":5},"nm":"Transform"}],"nm":"Group 13","np":2,"cix":2,"bm":0,"ix":13,"mn":"ADBE Vector Group","hd":false}],"ip":0,"op":144,"st":0,"bm":0}],"markers":[{"tm":10,"cm":"rest","dr":0}]}