{"v":"5.8.1","fr":60,"ip":0,"op":122,"w":1024,"h":1024,"nm":"emoji_counfounded face","ddd":0,"assets":[],"layers":[{"ddd":0,"ind":1,"ty":3,"nm":"Null Body","sr":1,"ks":{"o":{"a":0,"k":100,"ix":11},"r":{"a":0,"k":0,"ix":10},"p":{"a":1,"k":[{"i":{"x":0.667,"y":1},"o":{"x":0.333,"y":0},"t":4,"s":[512,512,0],"to":[0,-2.333,0],"ti":[0,-2.667,0]},{"i":{"x":0.667,"y":1},"o":{"x":0.333,"y":0},"t":12,"s":[512,498,0],"to":[0,2.667,0],"ti":[0,-1.667,0]},{"i":{"x":0.667,"y":1},"o":{"x":0.167,"y":0},"t":24,"s":[512,528,0],"to":[0,1.667,0],"ti":[0,2.667,0]},{"i":{"x":0.667,"y":1},"o":{"x":0.167,"y":0},"t":32,"s":[512,508,0],"to":[0,-2.667,0],"ti":[1.333,-0.667,0]},{"i":{"x":0.667,"y":1},"o":{"x":0.167,"y":0},"t":38,"s":[512,512,0],"to":[-1.333,0.667,0],"ti":[-1.333,0,0]},{"i":{"x":0.667,"y":1},"o":{"x":0.167,"y":0},"t":48,"s":[504,512,0],"to":[1.333,0,0],"ti":[-0.667,0,0]},{"i":{"x":0.667,"y":1},"o":{"x":0.167,"y":0},"t":60,"s":[520,512,0],"to":[0.667,0,0],"ti":[1.333,0,0]},{"i":{"x":0.667,"y":1},"o":{"x":0.167,"y":0},"t":72,"s":[508,512,0],"to":[-1.333,0,0],"ti":[-0.667,0,0]},{"i":{"x":0.667,"y":0.667},"o":{"x":0.167,"y":0.167},"t":80,"s":[512,512,0],"to":[0,0,0],"ti":[0,0,0]},{"i":{"x":0.575,"y":1},"o":{"x":0.185,"y":0},"t":90,"s":[512,512,0],"to":[0,0,0],"ti":[0,0,0]},{"i":{"x":0.703,"y":1},"o":{"x":0.341,"y":0},"t":98,"s":[512,500,0],"to":[0,0,0],"ti":[0,0,0]},{"t":106,"s":[512,512,0]}],"ix":2,"l":2},"a":{"a":0,"k":[512,512,0],"ix":1,"l":2},"s":{"a":0,"k":[100,100,100],"ix":6,"l":2}},"ao":0,"ip":0,"op":122,"st":0,"bm":0},{"ddd":0,"ind":2,"ty":3,"nm":"Null Face","parent":1,"sr":1,"ks":{"o":{"a":0,"k":100,"ix":11},"r":{"a":0,"k":0,"ix":10},"p":{"a":1,"k":[{"i":{"x":0,"y":1},"o":{"x":0.333,"y":0},"t":4,"s":[512,512,0],"to":[0,-9.333,0],"ti":[0,0,0]},{"i":{"x":0.667,"y":1},"o":{"x":1,"y":0},"t":12,"s":[512,456,0],"to":[0,0,0],"ti":[0,-9.333,0]},{"i":{"x":0.459,"y":0.459},"o":{"x":0.167,"y":0.167},"t":24,"s":[512,512,0],"to":[0,0,0],"ti":[0,0,0]},{"i":{"x":0.311,"y":1},"o":{"x":0.64,"y":0},"t":38,"s":[512,512,0],"to":[-3.333,0,0],"ti":[-3.333,0,0]},{"i":{"x":0.311,"y":1},"o":{"x":0.64,"y":0},"t":48,"s":[492,512,0],"to":[3.333,0,0],"ti":[-0.667,0,0]},{"i":{"x":0.371,"y":1},"o":{"x":0.561,"y":0},"t":58,"s":[532,512,0],"to":[0.667,0,0],"ti":[3.333,0,0]},{"i":{"x":0.223,"y":1},"o":{"x":0.759,"y":0},"t":70,"s":[496,512,0],"to":[-3.333,0,0],"ti":[-2.667,0,0]},{"i":{"x":0.401,"y":0.401},"o":{"x":0.292,"y":0.292},"t":78,"s":[512,512,0],"to":[0,0,0],"ti":[0,0,0]},{"i":{"x":0.667,"y":0.667},"o":{"x":0.167,"y":0.167},"t":86,"s":[512,512,0],"to":[0,0,0],"ti":[0,0,0]},{"i":{"x":0.667,"y":1},"o":{"x":0.333,"y":0},"t":92,"s":[512,512,0],"to":[0,0,0],"ti":[0,0,0]},{"i":{"x":0.667,"y":1},"o":{"x":0.333,"y":0},"t":98,"s":[512,492,0],"to":[0,0,0],"ti":[0,0,0]},{"i":{"x":0.667,"y":1},"o":{"x":0.333,"y":0},"t":104,"s":[512,516,0],"to":[0,0,0],"ti":[0,0,0]},{"t":112,"s":[512,512,0]}],"ix":2,"l":2},"a":{"a":0,"k":[512,512,0],"ix":1,"l":2},"s":{"a":0,"k":[100,100,100],"ix":6,"l":2}},"ao":0,"ip":0,"op":122,"st":0,"bm":0},{"ddd":0,"ind":3,"ty":4,"nm":"eye closed 1","parent":2,"sr":1,"ks":{"o":{"a":0,"k":100,"ix":11},"r":{"a":0,"k":0,"ix":10},"p":{"a":1,"k":[{"i":{"x":0,"y":1},"o":{"x":0.167,"y":0.167},"t":22,"s":[350.36,502.32,0],"to":[0,7,0],"ti":[0,-3.667,0]},{"i":{"x":0,"y":1},"o":{"x":0.333,"y":0},"t":28,"s":[350.36,544.32,0],"to":[0,3.667,0],"ti":[0,3.333,0]},{"i":{"x":0,"y":0},"o":{"x":0.333,"y":0.333},"t":40,"s":[350.36,524.32,0],"to":[0,0,0],"ti":[0,0,0]},{"i":{"x":0.833,"y":0.833},"o":{"x":1,"y":0},"t":88,"s":[350.36,524.32,0],"to":[0,-3.667,0],"ti":[0,3.667,0]},{"t":94,"s":[350.36,502.32,0]}],"ix":2,"l":2},"a":{"a":0,"k":[126.81,103.73,0],"ix":1,"l":2},"s":{"a":0,"k":[100,100,100],"ix":6,"l":2}},"ao":0,"shapes":[{"ty":"gr","it":[{"ind":0,"ty":"sh","ix":1,"ks":{"a":1,"k":[{"i":{"x":0.667,"y":1},"o":{"x":0.333,"y":0},"t":28,"s":[{"i":[[-19.577,2.903],[0,0],[0,0],[1.215,0.145],[-17.878,17.464],[-17.852,-9.581],[-36.801,-22.4],[1.761,-4],[2.56,-0.561],[0,0],[1.67,-0.641],[1.717,23.48]],"o":[[0,0],[0,0],[-0.947,-0.808],[-21.745,-11.12],[15.051,-13.63],[41.769,20.769],[4.08,1.759],[-1.039,2.399],[0,0],[-1.671,0.64],[-24.511,4.027],[-2.263,-17.906]],"v":[[-90.24,13.979],[-12.051,9.879],[-95.428,-19.223],[-98.745,-20.565],[-108.682,-75.151],[-53.844,-81.899],[124.75,13.08],[128.909,23.56],[123.15,28.28],[-67.417,84.543],[-71.554,85.746],[-122.728,50.181]],"c":true}]},{"t":34,"s":[{"i":[[-19.2,4.8],[0,0],[0,0],[1.2,0.24],[-19.2,16],[-17.04,-10.96],[-36.8,-22.399],[1.76,-4],[2.56,-0.56],[0,0],[1.6,-0.8],[4,23.2]],"o":[[0,0],[0,0],[-0.88,-0.88],[-20.8,-12.8],[16.08,-12.4],[40,24],[4.08,1.76],[-1.04,2.4],[0,0],[-1.6,0.8],[-24,6.4],[-4,-17.599]],"v":[[-93.76,27.48],[3.84,8.28],[-96.16,-33.32],[-99.36,-34.92],[-104.96,-90.12],[-49.76,-92.52],[120.64,11.48],[124.8,21.96],[119.04,26.68],[-64.16,95.48],[-68.16,97.08],[-122.56,66.68]],"c":true}]}],"ix":2},"nm":"Path 1","mn":"ADBE Vector Shape - Group","hd":false},{"ty":"fl","c":{"a":0,"k":[0.258999992819,0.169000004787,0.051000000449,1],"ix":4},"o":{"a":0,"k":100,"ix":5},"r":1,"bm":0,"nm":"Fill 1","mn":"ADBE Vector Graphic - Fill","hd":false},{"ty":"tr","p":{"a":0,"k":[126.81,103.73],"ix":2},"a":{"a":0,"k":[0,0],"ix":1},"s":{"a":0,"k":[100,100],"ix":3},"r":{"a":0,"k":0,"ix":6},"o":{"a":0,"k":100,"ix":7},"sk":{"a":0,"k":0,"ix":4},"sa":{"a":0,"k":0,"ix":5},"nm":"Transform"}],"nm":"Group 1","np":2,"cix":2,"bm":0,"ix":1,"mn":"ADBE Vector Group","hd":false}],"ip":22,"op":96,"st":0,"bm":0},{"ddd":0,"ind":4,"ty":4,"nm":"eye closed 2","parent":2,"sr":1,"ks":{"o":{"a":0,"k":100,"ix":11},"r":{"a":0,"k":0,"ix":10},"p":{"a":1,"k":[{"i":{"x":0,"y":1},"o":{"x":0.167,"y":0.167},"t":22,"s":[672.04,499.92,0],"to":[0,7,0],"ti":[0,-3.667,0]},{"i":{"x":0,"y":1},"o":{"x":0.333,"y":0},"t":28,"s":[672.04,541.92,0],"to":[0,3.667,0],"ti":[0,3.333,0]},{"i":{"x":0,"y":0},"o":{"x":0.333,"y":0.333},"t":40,"s":[672.04,521.92,0],"to":[0,0,0],"ti":[0,0,0]},{"i":{"x":0.833,"y":0.833},"o":{"x":1,"y":0},"t":88,"s":[672.04,521.92,0],"to":[0,-3.667,0],"ti":[0,3.667,0]},{"t":94,"s":[672.04,499.92,0]}],"ix":2,"l":2},"a":{"a":0,"k":[126.41,103.73,0],"ix":1,"l":2},"s":{"a":0,"k":[100,100,100],"ix":6,"l":2}},"ao":0,"shapes":[{"ty":"gr","it":[{"ind":0,"ty":"sh","ix":1,"ks":{"a":1,"k":[{"i":{"x":0.667,"y":1},"o":{"x":0.333,"y":0},"t":28,"s":[{"i":[[19.755,3.118],[0,0],[0,0],[-1.223,0.068],[16.744,18.555],[18.419,-8.44],[36.8,-22.4],[-1.76,-4],[-2.56,-0.56],[0,0],[-1.689,-0.59],[-1.024,23.519]],"o":[[0,0],[0,0],[0.995,-0.747],[22.401,-9.73],[-14.165,-14.549],[-42.992,18.102],[-4.08,1.76],[1.04,2.4],[0,0],[1.688,0.591],[24.618,3.303],[0.94,-17.864]],"v":[[94.015,9.37],[15.76,9.359],[100.761,-9.872],[104.155,-11.004],[117.505,-64.857],[63.199,-75.04],[-120.24,12.559],[-124.4,23.039],[-118.64,27.759],[74.077,80.474],[78.247,81.554],[128.35,44.497]],"c":true}]},{"t":34,"s":[{"i":[[19.2,5.6],[0,0],[0,0],[-1.2,0.24],[19.2,16],[17.04,-10.96],[36.8,-22.4],[-1.76,-4],[-2.56,-0.559],[0,0],[-1.6,-0.8],[-4,23.2]],"o":[[0,0],[0,0],[0.88,-0.88],[20.8,-12.8],[-16.08,-12.399],[-40,24],[-4.08,1.76],[1.04,2.401],[0,0],[1.6,0.8],[24,6.4],[3.2,-17.599]],"v":[[93.36,27.48],[-4.24,8.28],[96.56,-33.32],[99.76,-34.92],[105.36,-90.121],[50.16,-92.52],[-120.24,11.48],[-124.4,21.959],[-118.64,26.679],[64.56,95.48],[68.56,97.08],[122.96,66.679]],"c":true}]}],"ix":2},"nm":"Path 1","mn":"ADBE Vector Shape - Group","hd":false},{"ty":"fl","c":{"a":0,"k":[0.258999992819,0.169000004787,0.051000000449,1],"ix":4},"o":{"a":0,"k":100,"ix":5},"r":1,"bm":0,"nm":"Fill 1","mn":"ADBE Vector Graphic - Fill","hd":false},{"ty":"tr","p":{"a":0,"k":[126.41,103.73],"ix":2},"a":{"a":0,"k":[0,0],"ix":1},"s":{"a":0,"k":[100,100],"ix":3},"r":{"a":0,"k":0,"ix":6},"o":{"a":0,"k":100,"ix":7},"sk":{"a":0,"k":0,"ix":4},"sa":{"a":0,"k":0,"ix":5},"nm":"Transform"}],"nm":"Group 1","np":2,"cix":2,"bm":0,"ix":1,"mn":"ADBE Vector Group","hd":false}],"ip":22,"op":96,"st":0,"bm":0},{"ddd":0,"ind":5,"ty":4,"nm":"mouth 2","parent":2,"sr":1,"ks":{"o":{"a":0,"k":100,"ix":11},"r":{"a":0,"k":0,"ix":10},"p":{"a":1,"k":[{"i":{"x":0,"y":1},"o":{"x":0.167,"y":0.167},"t":22,"s":[511.4,718.6,0],"to":[0,7,0],"ti":[0,-3.667,0]},{"i":{"x":0,"y":1},"o":{"x":0.333,"y":0},"t":28,"s":[511.4,760.6,0],"to":[0,3.667,0],"ti":[0,3.333,0]},{"i":{"x":0,"y":0},"o":{"x":0.333,"y":0.333},"t":40,"s":[511.4,740.6,0],"to":[0,0,0],"ti":[0,0,0]},{"i":{"x":0.833,"y":0.833},"o":{"x":1,"y":0},"t":88,"s":[511.4,740.6,0],"to":[0,-3.667,0],"ti":[0,3.667,0]},{"t":94,"s":[511.4,718.6,0]}],"ix":2,"l":2},"a":{"a":0,"k":[266.24,100.8,0],"ix":1,"l":2},"s":{"a":0,"k":[100,100,100],"ix":6,"l":2}},"ao":0,"shapes":[{"ty":"gr","it":[{"ind":0,"ty":"sh","ix":1,"ks":{"a":1,"k":[{"i":{"x":0,"y":1},"o":{"x":0.167,"y":0.167},"t":22,"s":[{"i":[[0,0],[0,0],[0,0],[0,0],[0,0],[0,0],[0,0]],"o":[[0,0],[0,0],[0,0],[0,0],[0,0],[0,0],[0,0]],"v":[[-172.24,-9.041],[-133.2,36.8],[-67.2,-36.8],[-0.4,36.8],[65.6,-36.8],[132.4,36.8],[172.24,-9.84]],"c":false}]},{"i":{"x":0.833,"y":1},"o":{"x":0.167,"y":0},"t":30,"s":[{"i":[[0,0],[0,0],[0,0],[0,0],[0,0],[0,0],[0,0]],"o":[[0,0],[0,0],[0,0],[0,0],[0,0],[0,0],[0,0]],"v":[[-202.24,-9.041],[-153.2,36.8],[-77.2,-36.8],[-0.4,36.8],[75.6,-36.8],[152.4,36.8],[202.24,-9.84]],"c":false}]},{"i":{"x":0.833,"y":0.833},"o":{"x":1,"y":0},"t":88,"s":[{"i":[[0,0],[0,0],[0,0],[0,0],[0,0],[0,0],[0,0]],"o":[[0,0],[0,0],[0,0],[0,0],[0,0],[0,0],[0,0]],"v":[[-202.24,-9.041],[-153.2,36.8],[-77.2,-36.8],[-0.4,36.8],[75.6,-36.8],[152.4,36.8],[202.24,-9.84]],"c":false}]},{"t":94,"s":[{"i":[[0,0],[0,0],[0,0],[0,0],[0,0],[0,0],[0,0]],"o":[[0,0],[0,0],[0,0],[0,0],[0,0],[0,0],[0,0]],"v":[[-172.24,-9.041],[-133.2,36.8],[-67.2,-36.8],[-0.4,36.8],[65.6,-36.8],[132.4,36.8],[172.24,-9.84]],"c":false}]}],"ix":2},"nm":"Path 1","mn":"ADBE Vector Shape - Group","hd":false},{"ty":"st","c":{"a":0,"k":[0.20800000359,0.13300000359,0.043000000598,1],"ix":3},"o":{"a":0,"k":100,"ix":4},"w":{"a":0,"k":64,"ix":5},"lc":2,"lj":2,"bm":0,"nm":"Stroke 1","mn":"ADBE Vector Graphic - Stroke","hd":false},{"ty":"tr","p":{"a":0,"k":[266.24,100.801],"ix":2},"a":{"a":0,"k":[0,0],"ix":1},"s":{"a":0,"k":[100,100],"ix":3},"r":{"a":0,"k":0,"ix":6},"o":{"a":0,"k":100,"ix":7},"sk":{"a":0,"k":0,"ix":4},"sa":{"a":0,"k":0,"ix":5},"nm":"Transform"}],"nm":"Group 1","np":2,"cix":2,"bm":0,"ix":1,"mn":"ADBE Vector Group","hd":false}],"ip":22,"op":96,"st":0,"bm":0},{"ddd":0,"ind":6,"ty":4,"nm":"mouth 3","parent":2,"sr":1,"ks":{"o":{"a":0,"k":100,"ix":11},"r":{"a":0,"k":0,"ix":10},"p":{"a":0,"k":[511.366,691.724,0],"ix":2,"l":2},"a":{"a":0,"k":[123.363,41.136,0],"ix":1,"l":2},"s":{"a":0,"k":[100,100,100],"ix":6,"l":2}},"ao":0,"shapes":[{"ty":"gr","it":[{"ind":0,"ty":"sh","ix":1,"ks":{"a":1,"k":[{"i":{"x":0,"y":1},"o":{"x":0.167,"y":0.167},"t":94,"s":[{"i":[[-60.635,0],[-13.033,19.834],[3.23,7.311],[5.213,-0.057],[1.813,-0.623],[34.511,0.056],[32.868,9.974],[1.927,0.114],[2.38,-4.703],[-4.988,-6.233]],"o":[[61.202,0],[4.987,-6.29],[-2.493,-4.59],[-1.927,0.113],[-33.151,9.464],[-34.341,0.227],[-1.813,-0.623],[-5.213,-0.169],[-3.287,7.31],[12.466,20.402]],"v":[[-0.255,40.886],[157.049,-10.682],[159.883,-32.783],[147.416,-40.149],[141.749,-39.016],[-0.255,-24.85],[-141.692,-39.584],[-147.359,-40.717],[-159.826,-33.35],[-156.992,-11.249]],"c":true}]},{"t":100,"s":[{"i":[[-60.635,0],[-13.033,19.834],[3.23,7.311],[5.213,-0.057],[1.813,-0.623],[34.511,0.056],[32.868,9.974],[1.927,0.114],[2.38,-4.703],[-4.988,-6.233]],"o":[[61.202,0],[4.987,-6.29],[-2.493,-4.59],[-1.927,0.113],[-33.151,9.464],[-34.341,0.227],[-1.813,-0.623],[-5.213,-0.169],[-3.287,7.31],[12.466,20.402]],"v":[[-0.255,40.886],[117.049,-10.682],[119.883,-32.783],[107.416,-40.149],[101.749,-39.016],[-0.255,-24.85],[-101.692,-39.584],[-107.359,-40.717],[-119.826,-33.35],[-116.992,-11.249]],"c":true}]}],"ix":2},"nm":"Path 1","mn":"ADBE Vector Shape - Group","hd":false},{"ty":"fl","c":{"a":0,"k":[0.258999992819,0.169000004787,0.051000000449,1],"ix":4},"o":{"a":0,"k":100,"ix":5},"r":1,"bm":0,"nm":"Fill 1","mn":"ADBE Vector Graphic - Fill","hd":false},{"ty":"tr","p":{"a":0,"k":[123.363,41.137],"ix":2},"a":{"a":0,"k":[0,0],"ix":1},"s":{"a":0,"k":[100,100],"ix":3},"r":{"a":0,"k":0,"ix":6},"o":{"a":0,"k":100,"ix":7},"sk":{"a":0,"k":0,"ix":4},"sa":{"a":0,"k":0,"ix":5},"nm":"Transform"}],"nm":"Group 1","np":2,"cix":2,"bm":0,"ix":1,"mn":"ADBE Vector Group","hd":false}],"ip":96,"op":122,"st":96,"bm":0},{"ddd":0,"ind":7,"ty":4,"nm":"eyes 2","parent":2,"sr":1,"ks":{"o":{"a":0,"k":100,"ix":11},"r":{"a":0,"k":0,"ix":10},"p":{"a":0,"k":[509.68,449.84,0],"ix":2,"l":2},"a":{"a":0,"k":[217.57,75.57,0],"ix":1,"l":2},"s":{"a":1,"k":[{"i":{"x":[0.667,0.667,0.667],"y":[1,1,1]},"o":{"x":[0.167,0.167,0.167],"y":[0,0.167,0]},"t":96,"s":[100,83,100]},{"i":{"x":[0.833,0.833,0.833],"y":[1,1,1]},"o":{"x":[0.333,0.333,0.333],"y":[0,0,0]},"t":100,"s":[100,102,100]},{"t":106,"s":[100,100,100]}],"ix":6,"l":2}},"ao":0,"shapes":[{"ty":"gr","it":[{"ind":0,"ty":"sh","ix":1,"ks":{"a":0,"k":{"i":[[7.12,6.88],[0,0],[5.52,-11.36],[-7.12,-6.88],[-5.52,11.36]],"o":[[0,0],[-11.36,-5.44],[-4.24,8.88],[11.36,5.44],[4.24,-8.88]],"v":[[12.88,-18.56],[12.88,-18.56],[-17.68,-7.84],[-12.88,18.56],[17.68,7.84]],"c":true},"ix":2},"nm":"Path 1","mn":"ADBE Vector Shape - Group","hd":false},{"ty":"fl","c":{"a":0,"k":[0.536999990426,0.375999989229,0.141000007181,1],"ix":4},"o":{"a":0,"k":100,"ix":5},"r":1,"bm":0,"nm":"Fill 1","mn":"ADBE Vector Graphic - Fill","hd":false},{"ty":"tr","p":{"a":0,"k":[355.05,50.25],"ix":2},"a":{"a":0,"k":[0,0],"ix":1},"s":{"a":0,"k":[100,100],"ix":3},"r":{"a":0,"k":0,"ix":6},"o":{"a":0,"k":100,"ix":7},"sk":{"a":0,"k":0,"ix":4},"sa":{"a":0,"k":0,"ix":5},"nm":"Transform"}],"nm":"Group 1","np":2,"cix":2,"bm":0,"ix":1,"mn":"ADBE Vector Group","hd":false},{"ty":"gr","it":[{"ind":0,"ty":"sh","ix":1,"ks":{"a":0,"k":{"i":[[33.68,0],[0,0],[0,-47.04],[-33.52,0],[0,46.96]],"o":[[0,0],[-33.52,0],[0,47.04],[33.52,0],[0,-46.96]],"v":[[0,-75.32],[0,-75.32],[-64,0.04],[0,75.32],[64,0.04]],"c":true},"ix":2},"nm":"Path 1","mn":"ADBE Vector Shape - Group","hd":false},{"ty":"fl","c":{"a":0,"k":[0.258999992819,0.169000004787,0.051000000449,1],"ix":4},"o":{"a":0,"k":100,"ix":5},"r":1,"bm":0,"nm":"Fill 1","mn":"ADBE Vector Graphic - Fill","hd":false},{"ty":"tr","p":{"a":0,"k":[370.89,75.57],"ix":2},"a":{"a":0,"k":[0,0],"ix":1},"s":{"a":0,"k":[100,100],"ix":3},"r":{"a":0,"k":0,"ix":6},"o":{"a":0,"k":100,"ix":7},"sk":{"a":0,"k":0,"ix":4},"sa":{"a":0,"k":0,"ix":5},"nm":"Transform"}],"nm":"Group 2","np":2,"cix":2,"bm":0,"ix":2,"mn":"ADBE Vector Group","hd":false},{"ty":"gr","it":[{"ind":0,"ty":"sh","ix":1,"ks":{"a":0,"k":{"i":[[7.12,6.88],[0,0],[5.52,-11.36],[-7.12,-6.88],[-5.52,11.36]],"o":[[0,0],[-11.36,-5.44],[-4.24,8.88],[11.36,5.44],[4.24,-8.88]],"v":[[12.88,-18.56],[12.88,-18.56],[-17.68,-7.84],[-12.88,18.56],[17.68,7.84]],"c":true},"ix":2},"nm":"Path 1","mn":"ADBE Vector Shape - Group","hd":false},{"ty":"fl","c":{"a":0,"k":[0.536999990426,0.375999989229,0.141000007181,1],"ix":4},"o":{"a":0,"k":100,"ix":5},"r":1,"bm":0,"nm":"Fill 1","mn":"ADBE Vector Graphic - Fill","hd":false},{"ty":"tr","p":{"a":0,"k":[48.25,50.25],"ix":2},"a":{"a":0,"k":[0,0],"ix":1},"s":{"a":0,"k":[100,100],"ix":3},"r":{"a":0,"k":0,"ix":6},"o":{"a":0,"k":100,"ix":7},"sk":{"a":0,"k":0,"ix":4},"sa":{"a":0,"k":0,"ix":5},"nm":"Transform"}],"nm":"Group 3","np":2,"cix":2,"bm":0,"ix":3,"mn":"ADBE Vector Group","hd":false},{"ty":"gr","it":[{"ind":0,"ty":"sh","ix":1,"ks":{"a":0,"k":{"i":[[33.52,0],[0,0],[0,-47.04],[-33.52,0],[0,46.96]],"o":[[0,0],[-33.52,0],[0,47.04],[33.52,0],[0,-46.96]],"v":[[0,-75.32],[0,-75.32],[-64,0.04],[0,75.32],[64,0.04]],"c":true},"ix":2},"nm":"Path 1","mn":"ADBE Vector Shape - Group","hd":false},{"ty":"fl","c":{"a":0,"k":[0.258999992819,0.169000004787,0.051000000449,1],"ix":4},"o":{"a":0,"k":100,"ix":5},"r":1,"bm":0,"nm":"Fill 1","mn":"ADBE Vector Graphic - Fill","hd":false},{"ty":"tr","p":{"a":0,"k":[64.25,75.57],"ix":2},"a":{"a":0,"k":[0,0],"ix":1},"s":{"a":0,"k":[100,100],"ix":3},"r":{"a":0,"k":0,"ix":6},"o":{"a":0,"k":100,"ix":7},"sk":{"a":0,"k":0,"ix":4},"sa":{"a":0,"k":0,"ix":5},"nm":"Transform"}],"nm":"Group 4","np":2,"cix":2,"bm":0,"ix":4,"mn":"ADBE Vector Group","hd":false}],"ip":96,"op":122,"st":96,"bm":0},{"ddd":0,"ind":8,"ty":4,"nm":"mouth","parent":2,"sr":1,"ks":{"o":{"a":0,"k":100,"ix":11},"r":{"a":0,"k":0,"ix":10},"p":{"a":0,"k":[511.366,691.724,0],"ix":2,"l":2},"a":{"a":0,"k":[123.363,41.136,0],"ix":1,"l":2},"s":{"a":0,"k":[100,100,100],"ix":6,"l":2}},"ao":0,"shapes":[{"ty":"gr","it":[{"ind":0,"ty":"sh","ix":1,"ks":{"a":1,"k":[{"i":{"x":0.667,"y":1},"o":{"x":0.333,"y":0},"t":18,"s":[{"i":[[-60.635,0],[-13.033,19.834],[3.23,7.311],[5.213,-0.057],[1.813,-0.623],[34.511,0.056],[32.868,9.974],[1.927,0.114],[2.38,-4.703],[-4.988,-6.233]],"o":[[61.202,0],[4.987,-6.29],[-2.493,-4.59],[-1.927,0.113],[-33.151,9.464],[-34.341,0.227],[-1.813,-0.623],[-5.213,-0.169],[-3.287,7.31],[12.466,20.402]],"v":[[-0.255,40.886],[117.049,-10.682],[119.883,-32.783],[107.416,-40.149],[101.749,-39.016],[-0.255,-24.85],[-101.692,-39.584],[-107.359,-40.717],[-119.826,-33.35],[-116.992,-11.249]],"c":true}]},{"t":22,"s":[{"i":[[-60.635,0],[-13.033,19.834],[3.23,7.311],[5.213,-0.057],[1.813,-0.623],[34.511,0.056],[32.868,9.974],[1.927,0.114],[2.38,-4.703],[-4.988,-6.233]],"o":[[61.202,0],[4.987,-6.29],[-2.493,-4.59],[-1.927,0.113],[-33.151,9.464],[-34.341,0.227],[-1.813,-0.623],[-5.213,-0.169],[-3.287,7.31],[12.466,20.402]],"v":[[-0.255,40.886],[157.049,-10.682],[159.883,-32.783],[147.416,-40.149],[141.749,-39.016],[-0.255,-24.85],[-141.692,-39.584],[-147.359,-40.717],[-159.826,-33.35],[-156.992,-11.249]],"c":true}]}],"ix":2},"nm":"Path 1","mn":"ADBE Vector Shape - Group","hd":false},{"ty":"fl","c":{"a":0,"k":[0.258999992819,0.169000004787,0.051000000449,1],"ix":4},"o":{"a":0,"k":100,"ix":5},"r":1,"bm":0,"nm":"Fill 1","mn":"ADBE Vector Graphic - Fill","hd":false},{"ty":"tr","p":{"a":0,"k":[123.363,41.137],"ix":2},"a":{"a":0,"k":[0,0],"ix":1},"s":{"a":0,"k":[100,100],"ix":3},"r":{"a":0,"k":0,"ix":6},"o":{"a":0,"k":100,"ix":7},"sk":{"a":0,"k":0,"ix":4},"sa":{"a":0,"k":0,"ix":5},"nm":"Transform"}],"nm":"Group 1","np":2,"cix":2,"bm":0,"ix":1,"mn":"ADBE Vector Group","hd":false}],"ip":0,"op":22,"st":0,"bm":0},{"ddd":0,"ind":9,"ty":4,"nm":"eyes","parent":2,"sr":1,"ks":{"o":{"a":0,"k":100,"ix":11},"r":{"a":0,"k":0,"ix":10},"p":{"a":0,"k":[509.68,449.84,0],"ix":2,"l":2},"a":{"a":0,"k":[217.57,75.57,0],"ix":1,"l":2},"s":{"a":1,"k":[{"i":{"x":[0.833,0.833,0.833],"y":[1,0.833,1]},"o":{"x":[0.333,0.333,0.333],"y":[0,0,0]},"t":16,"s":[100,100,100]},{"t":20,"s":[100,82,100]}],"ix":6,"l":2}},"ao":0,"shapes":[{"ty":"gr","it":[{"ind":0,"ty":"sh","ix":1,"ks":{"a":0,"k":{"i":[[7.12,6.88],[0,0],[5.52,-11.36],[-7.12,-6.88],[-5.52,11.36]],"o":[[0,0],[-11.36,-5.44],[-4.24,8.88],[11.36,5.44],[4.24,-8.88]],"v":[[12.88,-18.56],[12.88,-18.56],[-17.68,-7.84],[-12.88,18.56],[17.68,7.84]],"c":true},"ix":2},"nm":"Path 1","mn":"ADBE Vector Shape - Group","hd":false},{"ty":"fl","c":{"a":0,"k":[0.536999990426,0.375999989229,0.141000007181,1],"ix":4},"o":{"a":0,"k":100,"ix":5},"r":1,"bm":0,"nm":"Fill 1","mn":"ADBE Vector Graphic - Fill","hd":false},{"ty":"tr","p":{"a":0,"k":[355.05,50.25],"ix":2},"a":{"a":0,"k":[0,0],"ix":1},"s":{"a":0,"k":[100,100],"ix":3},"r":{"a":0,"k":0,"ix":6},"o":{"a":0,"k":100,"ix":7},"sk":{"a":0,"k":0,"ix":4},"sa":{"a":0,"k":0,"ix":5},"nm":"Transform"}],"nm":"Group 1","np":2,"cix":2,"bm":0,"ix":1,"mn":"ADBE Vector Group","hd":false},{"ty":"gr","it":[{"ind":0,"ty":"sh","ix":1,"ks":{"a":0,"k":{"i":[[33.68,0],[0,0],[0,-47.04],[-33.52,0],[0,46.96]],"o":[[0,0],[-33.52,0],[0,47.04],[33.52,0],[0,-46.96]],"v":[[0,-75.32],[0,-75.32],[-64,0.04],[0,75.32],[64,0.04]],"c":true},"ix":2},"nm":"Path 1","mn":"ADBE Vector Shape - Group","hd":false},{"ty":"fl","c":{"a":0,"k":[0.258999992819,0.169000004787,0.051000000449,1],"ix":4},"o":{"a":0,"k":100,"ix":5},"r":1,"bm":0,"nm":"Fill 1","mn":"ADBE Vector Graphic - Fill","hd":false},{"ty":"tr","p":{"a":0,"k":[370.89,75.57],"ix":2},"a":{"a":0,"k":[0,0],"ix":1},"s":{"a":0,"k":[100,100],"ix":3},"r":{"a":0,"k":0,"ix":6},"o":{"a":0,"k":100,"ix":7},"sk":{"a":0,"k":0,"ix":4},"sa":{"a":0,"k":0,"ix":5},"nm":"Transform"}],"nm":"Group 2","np":2,"cix":2,"bm":0,"ix":2,"mn":"ADBE Vector Group","hd":false},{"ty":"gr","it":[{"ind":0,"ty":"sh","ix":1,"ks":{"a":0,"k":{"i":[[7.12,6.88],[0,0],[5.52,-11.36],[-7.12,-6.88],[-5.52,11.36]],"o":[[0,0],[-11.36,-5.44],[-4.24,8.88],[11.36,5.44],[4.24,-8.88]],"v":[[12.88,-18.56],[12.88,-18.56],[-17.68,-7.84],[-12.88,18.56],[17.68,7.84]],"c":true},"ix":2},"nm":"Path 1","mn":"ADBE Vector Shape - Group","hd":false},{"ty":"fl","c":{"a":0,"k":[0.536999990426,0.375999989229,0.141000007181,1],"ix":4},"o":{"a":0,"k":100,"ix":5},"r":1,"bm":0,"nm":"Fill 1","mn":"ADBE Vector Graphic - Fill","hd":false},{"ty":"tr","p":{"a":0,"k":[48.25,50.25],"ix":2},"a":{"a":0,"k":[0,0],"ix":1},"s":{"a":0,"k":[100,100],"ix":3},"r":{"a":0,"k":0,"ix":6},"o":{"a":0,"k":100,"ix":7},"sk":{"a":0,"k":0,"ix":4},"sa":{"a":0,"k":0,"ix":5},"nm":"Transform"}],"nm":"Group 3","np":2,"cix":2,"bm":0,"ix":3,"mn":"ADBE Vector Group","hd":false},{"ty":"gr","it":[{"ind":0,"ty":"sh","ix":1,"ks":{"a":0,"k":{"i":[[33.52,0],[0,0],[0,-47.04],[-33.52,0],[0,46.96]],"o":[[0,0],[-33.52,0],[0,47.04],[33.52,0],[0,-46.96]],"v":[[0,-75.32],[0,-75.32],[-64,0.04],[0,75.32],[64,0.04]],"c":true},"ix":2},"nm":"Path 1","mn":"ADBE Vector Shape - Group","hd":false},{"ty":"fl","c":{"a":0,"k":[0.258999992819,0.169000004787,0.051000000449,1],"ix":4},"o":{"a":0,"k":100,"ix":5},"r":1,"bm":0,"nm":"Fill 1","mn":"ADBE Vector Graphic - Fill","hd":false},{"ty":"tr","p":{"a":0,"k":[64.25,75.57],"ix":2},"a":{"a":0,"k":[0,0],"ix":1},"s":{"a":0,"k":[100,100],"ix":3},"r":{"a":0,"k":0,"ix":6},"o":{"a":0,"k":100,"ix":7},"sk":{"a":0,"k":0,"ix":4},"sa":{"a":0,"k":0,"ix":5},"nm":"Transform"}],"nm":"Group 4","np":2,"cix":2,"bm":0,"ix":4,"mn":"ADBE Vector Group","hd":false}],"ip":0,"op":22,"st":0,"bm":0},{"ddd":0,"ind":10,"ty":4,"nm":"base matte","parent":12,"td":1,"sr":1,"ks":{"o":{"a":0,"k":100,"ix":11},"r":{"a":0,"k":0,"ix":10},"p":{"a":0,"k":[-2,-3,0],"ix":2,"l":2},"a":{"a":0,"k":[0,0,0],"ix":1,"l":2},"s":{"a":0,"k":[100,100,100],"ix":6,"l":2}},"ao":0,"shapes":[{"ty":"gr","it":[{"ind":0,"ty":"sh","ix":1,"ks":{"a":0,"k":{"i":[[15.4,0],[0,38.4],[-27.9,0],[-10.6,-9.3],[0,-16.9],[11.5,-10.2]],"o":[[-27.9,0],[0,-38.4],[15.5,0],[11.5,10.2],[0,16.9],[-10.6,9.3]],"v":[[0,55.9],[-58,0],[0,-55.9],[40.4,-41.5],[58,0],[40.4,41.4]],"c":true},"ix":2},"nm":"Path 1","mn":"ADBE Vector Shape - Group","hd":false},{"ty":"gf","o":{"a":0,"k":100,"ix":10},"r":1,"bm":0,"g":{"p":5,"k":{"a":0,"k":[0.48,0.992,0.878,0.188,0.691,0.98,0.816,0.178,0.902,0.969,0.753,0.169,0.966,0.963,0.694,0.153,1,0.957,0.635,0.137],"ix":9}},"s":{"a":0,"k":[0,0],"ix":5},"e":{"a":0,"k":[56.225,0],"ix":6},"t":2,"h":{"a":0,"k":0,"ix":7},"a":{"a":0,"k":0,"ix":8},"nm":"Gradient Fill 1","mn":"ADBE Vector Graphic - G-Fill","hd":false},{"ty":"tr","p":{"a":0,"k":[0,0],"ix":2},"a":{"a":0,"k":[0,0],"ix":1},"s":{"a":0,"k":[100,100],"ix":3},"r":{"a":0,"k":0,"ix":6},"o":{"a":0,"k":100,"ix":7},"sk":{"a":0,"k":0,"ix":4},"sa":{"a":0,"k":0,"ix":5},"nm":"Transform"}],"nm":"Group 1","np":2,"cix":2,"bm":0,"ix":1,"mn":"ADBE Vector Group","hd":false}],"ip":0,"op":122,"st":0,"bm":0},{"ddd":0,"ind":11,"ty":4,"nm":"base shadow","parent":12,"tt":2,"sr":1,"ks":{"o":{"a":0,"k":100,"ix":11},"r":{"a":0,"k":0,"ix":10},"p":{"a":0,"k":[0,0,0],"ix":2,"l":2},"a":{"a":0,"k":[0,0,0],"ix":1,"l":2},"s":{"a":0,"k":[100,100,100],"ix":6,"l":2}},"ao":0,"shapes":[{"ty":"gr","it":[{"ind":0,"ty":"sh","ix":1,"ks":{"a":0,"k":{"i":[[15.4,0],[0,38.4],[-27.9,0],[-10.6,-9.3],[0,-16.9],[11.5,-10.2]],"o":[[-27.9,0],[0,-38.4],[15.5,0],[11.5,10.2],[0,16.9],[-10.6,9.3]],"v":[[0,55.9],[-58,0],[0,-55.9],[40.4,-41.5],[58,0],[40.4,41.4]],"c":true},"ix":2},"nm":"Path 1","mn":"ADBE Vector Shape - Group","hd":false},{"ty":"fl","c":{"a":0,"k":[0.921568627451,0.560784313725,0,1],"ix":4},"o":{"a":0,"k":100,"ix":5},"r":1,"bm":0,"nm":"Fill 1","mn":"ADBE Vector Graphic - Fill","hd":false},{"ty":"tr","p":{"a":0,"k":[0,0],"ix":2},"a":{"a":0,"k":[0,0],"ix":1},"s":{"a":0,"k":[100,100],"ix":3},"r":{"a":0,"k":0,"ix":6},"o":{"a":0,"k":100,"ix":7},"sk":{"a":0,"k":0,"ix":4},"sa":{"a":0,"k":0,"ix":5},"nm":"Transform"}],"nm":"Group 1","np":2,"cix":2,"bm":0,"ix":1,"mn":"ADBE Vector Group","hd":false}],"ip":0,"op":122,"st":0,"bm":0},{"ddd":0,"ind":12,"ty":4,"nm":"base normal","parent":1,"sr":1,"ks":{"o":{"a":0,"k":100,"ix":11},"r":{"a":0,"k":0,"ix":10},"p":{"a":0,"k":[509,503,0],"ix":2,"l":2},"a":{"a":0,"k":[0,0,0],"ix":1,"l":2},"s":{"a":0,"k":[800,800,100],"ix":6,"l":2}},"ao":0,"shapes":[{"ty":"gr","it":[{"ind":0,"ty":"sh","ix":1,"ks":{"a":0,"k":{"i":[[15.4,0],[0,38.4],[-27.9,0],[-10.6,-9.3],[0,-16.9],[11.5,-10.2]],"o":[[-27.9,0],[0,-38.4],[15.5,0],[11.5,10.2],[0,16.9],[-10.6,9.3]],"v":[[0,55.9],[-58,0],[0,-55.9],[40.4,-41.5],[58,0],[40.4,41.4]],"c":true},"ix":2},"nm":"Path 1","mn":"ADBE Vector Shape - Group","hd":false},{"ty":"gf","o":{"a":0,"k":100,"ix":10},"r":1,"bm":0,"g":{"p":5,"k":{"a":0,"k":[0.48,0.992,0.878,0.188,0.691,0.98,0.816,0.178,0.902,0.969,0.753,0.169,0.966,0.963,0.694,0.153,1,0.957,0.635,0.137],"ix":9}},"s":{"a":0,"k":[0,0],"ix":5},"e":{"a":0,"k":[56.225,0],"ix":6},"t":2,"h":{"a":0,"k":0,"ix":7},"a":{"a":0,"k":0,"ix":8},"nm":"Gradient Fill 1","mn":"ADBE Vector Graphic - G-Fill","hd":false},{"ty":"tr","p":{"a":0,"k":[0,0],"ix":2},"a":{"a":0,"k":[0,0],"ix":1},"s":{"a":0,"k":[100,100],"ix":3},"r":{"a":0,"k":0,"ix":6},"o":{"a":0,"k":100,"ix":7},"sk":{"a":0,"k":0,"ix":4},"sa":{"a":0,"k":0,"ix":5},"nm":"Transform"}],"nm":"Group 1","np":2,"cix":2,"bm":0,"ix":1,"mn":"ADBE Vector Group","hd":false}],"ip":0,"op":122,"st":0,"bm":0}],"markers":[{"tm":84,"cm":"rest","dr":0}]}