{"v":"5.8.1","fr":60,"ip":0,"op":70,"w":1024,"h":1024,"nm":"emoji_Head shaking left to right","ddd":0,"assets":[],"layers":[{"ddd":0,"ind":1,"ty":4,"nm":"eye","parent":5,"sr":1,"ks":{"o":{"a":0,"k":100,"ix":11},"r":{"a":0,"k":0,"ix":10},"p":{"a":1,"k":[{"i":{"x":0.667,"y":1},"o":{"x":0.333,"y":0},"t":0,"s":[171.2,465.2,0],"to":[0.333,0.002,0],"ti":[0,0,0]},{"i":{"x":0.667,"y":1},"o":{"x":0.333,"y":0},"t":8,"s":[173.2,465.211,0],"to":[0,0,0],"ti":[0,0,0]},{"i":{"x":0.569,"y":0.968},"o":{"x":0.205,"y":0},"t":22,"s":[171.2,465.2,0],"to":[0,0,0],"ti":[-0.367,-0.002,0]},{"i":{"x":0.672,"y":0},"o":{"x":0.307,"y":0.099},"t":32,"s":[159.87,464.785,0],"to":[0.319,0.002,0],"ti":[-3.806,-0.125,0]},{"i":{"x":0.694,"y":1},"o":{"x":0.352,"y":0.159},"t":46,"s":[159.159,464.888,0],"to":[2.216,0.073,0],"ti":[-0.071,0,0]},{"i":{"x":0.694,"y":1},"o":{"x":0.333,"y":0},"t":54,"s":[173.2,467.211,0],"to":[0.333,0.002,0],"ti":[0,0,0]},{"t":68,"s":[171.2,465.211,0]}],"ix":2,"l":2},"a":{"a":0,"k":[83.85,49.45,0],"ix":1,"l":2},"s":{"a":0,"k":[100,100,100],"ix":6,"l":2}},"ao":0,"shapes":[{"ty":"gr","it":[{"ind":0,"ty":"sh","ix":1,"ks":{"a":1,"k":[{"i":{"x":0,"y":1},"o":{"x":0.167,"y":0.167},"t":-14,"s":[{"i":[[0,-20],[-37.6,0],[-12.8,34.4],[16,-18.4],[20.8,0],[6.4,13.6]],"o":[[0,36.8],[46.4,0],[8,-24.8],[-20,24.8],[-16,0],[-8.8,-16.8]],"v":[[-83.6,-19.6],[-14,49.2],[75.6,-8.4],[41.2,-30.8],[-16.4,0.4],[-52.4,-26.8]],"c":true}]},{"i":{"x":0.667,"y":1},"o":{"x":1,"y":0},"t":0,"s":[{"i":[[0,-20],[-28.786,0],[-9.799,34.4],[12.249,-18.4],[15.925,0],[4.9,13.6]],"o":[[0,36.8],[35.523,0],[6.125,-24.8],[-15.312,24.8],[-12.249,0],[-6.737,-16.8]],"v":[[-83.6,-19.6],[-30.315,49.2],[38.281,-8.4],[11.945,-30.8],[-32.153,0.4],[-59.714,-26.8]],"c":true}]},{"i":{"x":0.122,"y":1},"o":{"x":0.333,"y":0},"t":8,"s":[{"i":[[0,-20],[-37.6,0],[-12.8,34.4],[16,-18.4],[20.8,0],[6.4,13.6]],"o":[[0,36.8],[46.4,0],[8,-24.8],[-20,24.8],[-16,0],[-8.8,-16.8]],"v":[[-111.848,-20.004],[-42.248,48.796],[47.352,-8.804],[12.952,-31.204],[-44.648,-0.004],[-80.648,-27.204]],"c":true}]},{"i":{"x":0.833,"y":0.833},"o":{"x":0.919,"y":0},"t":32,"s":[{"i":[[-10.4,-24],[-47.2,1.6],[-4,40],[13.6,-20.8],[16.8,-0.8],[20.8,23.2]],"o":[[16,38.4],[38.4,-1.6],[2.4,-27.2],[-12.8,19.2],[-20.8,0.8],[-16,-18.4]],"v":[[-98.45,-7.05],[1.55,55.35],[84.75,-13.45],[46.35,-23.85],[1.55,1.75],[-60.05,-29.45]],"c":true}]},{"i":{"x":0.318,"y":1},"o":{"x":0.167,"y":0.167},"t":54,"s":[{"i":[[0,-20],[-37.6,0],[-12.8,34.4],[16,-18.4],[20.8,0],[6.4,13.6]],"o":[[0,36.8],[46.4,0],[8,-24.8],[-20,24.8],[-16,0],[-8.8,-16.8]],"v":[[-108.848,-19.986],[-39.248,48.814],[50.352,-8.786],[15.952,-31.186],[-41.648,0.014],[-77.648,-27.186]],"c":true}]},{"t":68,"s":[{"i":[[0,-20],[-28.786,0],[-9.799,34.4],[12.249,-18.4],[15.925,0],[4.9,13.6]],"o":[[0,36.8],[35.523,0],[6.125,-24.8],[-15.312,24.8],[-12.249,0],[-6.737,-16.8]],"v":[[-83.6,-19.6],[-30.315,49.2],[38.281,-8.4],[11.945,-30.8],[-32.153,0.4],[-59.714,-26.8]],"c":true}]}],"ix":2},"nm":"Path 1","mn":"ADBE Vector Shape - Group","hd":false},{"ty":"fl","c":{"a":0,"k":[0.258999992819,0.169000004787,0.051000000449,1],"ix":4},"o":{"a":0,"k":100,"ix":5},"r":1,"bm":0,"nm":"Fill 1","mn":"ADBE Vector Graphic - Fill","hd":false},{"ty":"tr","p":{"a":0,"k":[83.85,49.45],"ix":2},"a":{"a":0,"k":[0,0],"ix":1},"s":{"a":0,"k":[100,100],"ix":3},"r":{"a":0,"k":0,"ix":6},"o":{"a":0,"k":100,"ix":7},"sk":{"a":0,"k":0,"ix":4},"sa":{"a":0,"k":0,"ix":5},"nm":"Transform"}],"nm":"Group 1","np":2,"cix":2,"bm":0,"ix":1,"mn":"ADBE Vector Group","hd":false}],"ip":0,"op":70,"st":-14,"bm":0},{"ddd":0,"ind":2,"ty":4,"nm":"eye","parent":5,"sr":1,"ks":{"o":{"a":0,"k":100,"ix":11},"r":{"a":0,"k":0,"ix":10},"p":{"a":1,"k":[{"i":{"x":0,"y":1},"o":{"x":0.167,"y":0.167},"t":-14,"s":[434,468.4,0],"to":[-6.667,0,0],"ti":[0,0,0]},{"i":{"x":0.841,"y":0.504},"o":{"x":0.56,"y":0},"t":0,"s":[394,468.4,0],"to":[0,0,0],"ti":[0,0,0]},{"i":{"x":0.373,"y":1},"o":{"x":0.532,"y":0.452},"t":8,"s":[408.067,469.408,0],"to":[0,0,0],"ti":[0,0,0]},{"i":{"x":0.833,"y":0.762},"o":{"x":0.202,"y":0},"t":12,"s":[434,468.4,0],"to":[0,0,0],"ti":[8.415,0,0]},{"i":{"x":0.628,"y":1},"o":{"x":0.167,"y":0.088},"t":54,"s":[412.965,470.516,0],"to":[-0.365,0,0],"ti":[0.277,0,0]},{"t":68,"s":[394,468.4,0]}],"ix":2,"l":2},"a":{"a":0,"k":[98.25,52.65,0],"ix":1,"l":2},"s":{"a":0,"k":[100,100,100],"ix":6,"l":2}},"ao":0,"shapes":[{"ty":"gr","it":[{"ind":0,"ty":"sh","ix":1,"ks":{"a":1,"k":[{"i":{"x":0,"y":1},"o":{"x":0.333,"y":0},"t":10,"s":[{"i":[[-2.4,-27.2],[-38.4,-1.6],[-16,38.4],[16,-18.4],[20.8,0.8],[12.8,19.2]],"o":[[4,40],[47.2,1.6],[10.4,-24],[-20.8,23.2],[-16.8,-0.8],[-13.6,-20.8]],"v":[[-95.6,-18],[-12.4,50.8],[87.6,-11.6],[49.2,-34],[-12.4,-2.8],[-57.2,-28.4]],"c":true}]},{"i":{"x":0.667,"y":1},"o":{"x":1,"y":0},"t":32,"s":[{"i":[[-6.125,-24.8],[-35.523,0],[0,36.8],[6.737,-16.8],[12.249,0],[15.312,24.8]],"o":[[9.799,34.4],[28.786,0],[0,-20],[-4.9,13.6],[-15.924,0],[-12.249,-18.4]],"v":[[-97.868,-12.019],[-29.272,45.582],[24.013,-23.219],[0.127,-30.419],[-27.434,-3.219],[-71.532,-34.419]],"c":true}]},{"i":{"x":0.833,"y":1},"o":{"x":0.333,"y":0},"t":44,"s":[{"i":[[-2.4,-27.2],[-38.4,-1.6],[-16,38.4],[16,-18.4],[20.8,0.8],[12.8,19.2]],"o":[[4,40],[47.2,1.6],[10.4,-24],[-20.8,23.2],[-16.8,-0.8],[-13.6,-20.8]],"v":[[-95.6,-18],[-12.4,50.8],[87.6,-11.6],[49.2,-34],[-12.4,-2.8],[-57.2,-28.4]],"c":true}]},{"t":68,"s":[{"i":[[-2.4,-27.2],[-38.4,-1.6],[-16,38.4],[16,-18.4],[20.8,0.8],[12.8,19.2]],"o":[[4,40],[47.2,1.6],[10.4,-24],[-20.8,23.2],[-16.8,-0.8],[-13.6,-20.8]],"v":[[-95.6,-18],[-12.4,50.8],[87.6,-11.6],[49.2,-34],[-12.4,-2.8],[-57.2,-28.4]],"c":true}]}],"ix":2},"nm":"Path 1","mn":"ADBE Vector Shape - Group","hd":false},{"ty":"fl","c":{"a":0,"k":[0.258999992819,0.169000004787,0.051000000449,1],"ix":4},"o":{"a":0,"k":100,"ix":5},"r":1,"bm":0,"nm":"Fill 1","mn":"ADBE Vector Graphic - Fill","hd":false},{"ty":"tr","p":{"a":0,"k":[98.25,52.65],"ix":2},"a":{"a":0,"k":[0,0],"ix":1},"s":{"a":0,"k":[100,100],"ix":3},"r":{"a":0,"k":0,"ix":6},"o":{"a":0,"k":100,"ix":7},"sk":{"a":0,"k":0,"ix":4},"sa":{"a":0,"k":0,"ix":5},"nm":"Transform"}],"nm":"Group 1","np":2,"cix":2,"bm":0,"ix":1,"mn":"ADBE Vector Group","hd":false}],"ip":0,"op":70,"st":-14,"bm":0},{"ddd":0,"ind":3,"ty":4,"nm":"mouth","parent":5,"sr":1,"ks":{"o":{"a":0,"k":100,"ix":11},"r":{"a":0,"k":0,"ix":10},"p":{"a":1,"k":[{"i":{"x":0,"y":1},"o":{"x":0.167,"y":0.167},"t":-14,"s":[297.2,656.8,0],"to":[-7.667,0,0],"ti":[0,0,0]},{"i":{"x":0.799,"y":0.77},"o":{"x":0.492,"y":0},"t":0,"s":[251.2,656.8,0],"to":[0,0,0],"ti":[0,0,0]},{"i":{"x":0.441,"y":1},"o":{"x":0.686,"y":0.442},"t":8,"s":[270.893,657.333,0],"to":[0,0,0],"ti":[0,0,0]},{"i":{"x":0.833,"y":0.729},"o":{"x":0.203,"y":0},"t":14,"s":[297.2,656.8,0],"to":[0,0,0],"ti":[8.528,0,0]},{"i":{"x":0.626,"y":1},"o":{"x":0.167,"y":0.079},"t":54,"s":[276.245,658.41,0],"to":[-0.398,0,0],"ti":[0.297,0,0]},{"t":68,"s":[251.2,656.8,0]}],"ix":2,"l":2},"a":{"a":0,"k":[122.25,41.049,0],"ix":1,"l":2},"s":{"a":1,"k":[{"i":{"x":[0.667,0.667,0.667],"y":[1,1,1]},"o":{"x":[0.167,0.167,0.167],"y":[0,0,0]},"t":0,"s":[100,100,100]},{"i":{"x":[0.667,0.667,0.667],"y":[1,1,1]},"o":{"x":[0.333,0.333,0.333],"y":[0,0,0]},"t":8,"s":[100,100,100]},{"i":{"x":[0.667,0.667,0.667],"y":[1,1,1]},"o":{"x":[0.333,0.333,0.333],"y":[0,0,0]},"t":12,"s":[110,100,100]},{"i":{"x":[0.667,0.667,0.667],"y":[1,1,1]},"o":{"x":[0.674,0.333,0.333],"y":[0,0,0]},"t":22,"s":[100,100,100]},{"i":{"x":[0.667,0.667,0.667],"y":[1,1,1]},"o":{"x":[0.674,0.333,0.333],"y":[0,0,0]},"t":32,"s":[100,100,100]},{"i":{"x":[0.667,0.667,0.667],"y":[1,1,1]},"o":{"x":[0.333,0.333,0.333],"y":[0,0,0]},"t":46,"s":[110,100,100]},{"i":{"x":[0.833,0.833,0.833],"y":[1,1,1]},"o":{"x":[0.333,0.333,0.333],"y":[0,0,0]},"t":54,"s":[100,100,100]},{"t":68,"s":[100,100,100]}],"ix":6,"l":2}},"ao":0,"shapes":[{"ty":"gr","it":[{"ind":0,"ty":"sh","ix":1,"ks":{"a":1,"k":[{"i":{"x":0.833,"y":0.833},"o":{"x":0.167,"y":0},"t":0,"s":[{"i":[[-7.2,-8.801],[-28,-5.601],[-29.6,23.2],[4.8,6.399],[13.6,-2.399],[32.8,8.8],[4.8,-6.4]],"o":[[17.6,20],[53.6,11.199],[8,-8],[-4,-5.601],[-76,13.601],[-11.2,-3.2],[-4.8,4.8]],"v":[[-97.556,-10.4],[-22,29.6],[114,-5.599],[117.2,-30.4],[86.8,-35.201],[-74.356,-36],[-100.756,-34.4]],"c":true}]},{"i":{"x":0.833,"y":1},"o":{"x":0.167,"y":0.167},"t":8,"s":[{"i":[[-7.2,-8.801],[-28,-5.601],[-29.6,23.2],[4.8,6.399],[13.6,-2.399],[32.8,8.8],[4.8,-6.4]],"o":[[17.6,20],[53.6,11.199],[8,-8],[-4,-5.601],[-76,13.601],[-11.2,-3.2],[-4.8,4.8]],"v":[[-112.158,-10.4],[-34,29.6],[114,-5.599],[117.2,-30.4],[86.8,-35.201],[-88.958,-36],[-115.358,-34.4]],"c":true}]},{"i":{"x":0.833,"y":0.833},"o":{"x":0.333,"y":0},"t":14,"s":[{"i":[[-7.2,-8.801],[-28,-5.601],[-29.6,23.2],[4.8,6.399],[13.6,-2.399],[32.8,8.8],[4.8,-6.4]],"o":[[17.6,20],[53.6,11.199],[8,-8],[-4,-5.601],[-76,13.601],[-11.2,-3.2],[-4.8,4.8]],"v":[[-114,-10.4],[-34,29.6],[114,-5.599],[117.2,-30.4],[86.8,-35.201],[-90.8,-36],[-117.2,-34.4]],"c":true}]},{"i":{"x":0,"y":1},"o":{"x":0.167,"y":0.167},"t":22,"s":[{"i":[[-7.858,-8.142],[-49.061,8.221],[-19.728,20.567],[4.8,5.084],[11.625,-3.058],[68.34,12.749],[4.142,-5.742]],"o":[[27.472,22.633],[32.539,-2.621],[7.342,-8.658],[-4.658,-6.258],[-40.46,9.651],[-13.174,-2.542],[-4.8,6.116]],"v":[[-113.383,-6.492],[22.56,29.559],[114.617,-9.59],[117.817,-33.731],[90.708,-35.899],[-86.892,-35.383],[-116.583,-31.15]],"c":true}]},{"i":{"x":0.833,"y":1},"o":{"x":1,"y":0},"t":32,"s":[{"i":[[-8,-8],[-53.6,11.2],[-17.6,20],[4.8,4.8],[11.2,-3.2],[76,13.6],[4,-5.6]],"o":[[29.6,23.2],[28,-5.6],[7.2,-8.8],[-4.8,-6.4],[-32.8,8.8],[-13.6,-2.4],[-4.8,6.4]],"v":[[-113.25,-5.65],[22.757,29.132],[102.757,-10.868],[105.957,-34.868],[79.557,-36.468],[-86.05,-35.25],[-116.45,-30.45]],"c":true}]},{"i":{"x":0.833,"y":1},"o":{"x":0.167,"y":0},"t":46,"s":[{"i":[[-7.2,-8.801],[-28,-5.601],[-29.6,23.2],[4.8,6.399],[13.6,-2.399],[32.8,8.8],[4.8,-6.4]],"o":[[17.6,20],[53.6,11.199],[8,-8],[-4,-5.601],[-76,13.601],[-11.2,-3.2],[-4.8,4.8]],"v":[[-114,-10.4],[-34,29.6],[114,-5.599],[117.2,-30.4],[86.8,-35.201],[-90.8,-36],[-117.2,-34.4]],"c":true}]},{"i":{"x":0.833,"y":1},"o":{"x":0.167,"y":0},"t":54,"s":[{"i":[[-7.2,-8.801],[-28,-5.601],[-29.6,23.2],[4.8,6.399],[13.6,-2.399],[32.8,8.8],[4.8,-6.4]],"o":[[17.6,20],[53.6,11.199],[8,-8],[-4,-5.601],[-76,13.601],[-11.2,-3.2],[-4.8,4.8]],"v":[[-114,-10.4],[-34,29.6],[114,-5.599],[117.2,-30.4],[86.8,-35.201],[-90.8,-36],[-117.2,-34.4]],"c":true}]},{"t":68,"s":[{"i":[[-7.2,-8.801],[-28,-5.601],[-29.6,23.2],[4.8,6.399],[13.6,-2.399],[32.8,8.8],[4.8,-6.4]],"o":[[17.6,20],[53.6,11.199],[8,-8],[-4,-5.601],[-76,13.601],[-11.2,-3.2],[-4.8,4.8]],"v":[[-97.556,-10.4],[-22,29.6],[114,-5.599],[117.2,-30.4],[86.8,-35.201],[-74.356,-36],[-100.756,-34.4]],"c":true}]}],"ix":2},"nm":"Path 1","mn":"ADBE Vector Shape - Group","hd":false},{"ty":"fl","c":{"a":0,"k":[0.258999992819,0.169000004787,0.051000000449,1],"ix":4},"o":{"a":0,"k":100,"ix":5},"r":1,"bm":0,"nm":"Fill 1","mn":"ADBE Vector Graphic - Fill","hd":false},{"ty":"tr","p":{"a":0,"k":[122.25,41.049],"ix":2},"a":{"a":0,"k":[0,0],"ix":1},"s":{"a":0,"k":[100,100],"ix":3},"r":{"a":0,"k":0,"ix":6},"o":{"a":0,"k":100,"ix":7},"sk":{"a":0,"k":0,"ix":4},"sa":{"a":0,"k":0,"ix":5},"nm":"Transform"}],"nm":"Group 1","np":2,"cix":2,"bm":0,"ix":1,"mn":"ADBE Vector Group","hd":false}],"ip":0,"op":70,"st":-14,"bm":0},{"ddd":0,"ind":4,"ty":3,"nm":"moving ALL","sr":1,"ks":{"o":{"a":0,"k":100,"ix":11},"r":{"a":0,"k":0,"ix":10},"p":{"a":1,"k":[{"i":{"x":0.25,"y":1},"o":{"x":0.333,"y":0},"t":3,"s":[512,512,0],"to":[18,0,0],"ti":[0,0,0]},{"i":{"x":0.667,"y":1},"o":{"x":0.75,"y":0},"t":32,"s":[620,512,0],"to":[0,0,0],"ti":[18,0,0]},{"t":54,"s":[512,512,0]}],"ix":2,"l":2},"a":{"a":0,"k":[512,512,0],"ix":1,"l":2},"s":{"a":0,"k":[100,100,100],"ix":6,"l":2}},"ao":0,"ip":0,"op":70,"st":-14,"bm":0},{"ddd":0,"ind":5,"ty":3,"nm":"moving face","parent":4,"sr":1,"ks":{"o":{"a":0,"k":100,"ix":11},"r":{"a":1,"k":[{"i":{"x":[0.667],"y":[1]},"o":{"x":[0.333],"y":[0]},"t":0,"s":[0]},{"i":{"x":[0.667],"y":[1]},"o":{"x":[0.333],"y":[0]},"t":32,"s":[-2]},{"t":54,"s":[0]}],"ix":10},"p":{"a":1,"k":[{"i":{"x":0,"y":1},"o":{"x":0.167,"y":0.167},"t":-14,"s":[512,512,0],"to":[-4,0,0],"ti":[-19.333,0,0]},{"i":{"x":0.144,"y":1},"o":{"x":0.571,"y":0},"t":0,"s":[488,512,0],"to":[9.83,0,0],"ti":[-11.47,0,0]},{"i":{"x":0.139,"y":1},"o":{"x":0.536,"y":0},"t":32,"s":[916,500,0],"to":[23.333,0,0],"ti":[-19.333,0,0]},{"t":68,"s":[488,512,0]}],"ix":2,"l":2},"a":{"a":0,"k":[512,512,0],"ix":1,"l":2},"s":{"a":0,"k":[100,100,100],"ix":6,"l":2}},"ao":0,"ip":0,"op":70,"st":-14,"bm":0},{"ddd":0,"ind":6,"ty":4,"nm":"base mask","parent":4,"sr":1,"ks":{"o":{"a":0,"k":100,"ix":11},"r":{"a":0,"k":0,"ix":10},"p":{"a":0,"k":[460,512,0],"ix":2,"l":2},"a":{"a":0,"k":[0,0,0],"ix":1,"l":2},"s":{"a":0,"k":[713,713,100],"ix":6,"l":2}},"ao":0,"shapes":[{"ty":"gr","it":[{"ind":0,"ty":"sh","ix":1,"ks":{"a":0,"k":{"i":[[0,4.573],[-27.9,0],[-10.6,-9.3],[0,-16.9],[32.195,0.567],[4.382,-5.579]],"o":[[0,-38.4],[15.5,0],[11.5,10.2],[0,9.536],[-27.113,-0.477],[-1.648,2.098]],"v":[[-58,0],[0,-55.9],[40.4,-41.5],[58,0],[-12.527,-24.308],[-38.912,-9.659]],"c":true},"ix":2},"nm":"Path 1","mn":"ADBE Vector Shape - Group","hd":false},{"ty":"gf","o":{"a":0,"k":100,"ix":10},"r":1,"bm":0,"g":{"p":5,"k":{"a":0,"k":[0.48,0.992,0.878,0.188,0.691,0.98,0.816,0.178,0.902,0.969,0.753,0.169,0.966,0.963,0.694,0.153,1,0.957,0.635,0.137],"ix":9}},"s":{"a":0,"k":[0,0],"ix":5},"e":{"a":0,"k":[56.225,0],"ix":6},"t":2,"h":{"a":0,"k":0,"ix":7},"a":{"a":0,"k":0,"ix":8},"nm":"Gradient Fill 1","mn":"ADBE Vector Graphic - G-Fill","hd":false},{"ty":"tr","p":{"a":0,"k":[0.14,0.281],"ix":2},"a":{"a":0,"k":[0,0],"ix":1},"s":{"a":0,"k":[100,100],"ix":3},"r":{"a":0,"k":0,"ix":6},"o":{"a":0,"k":100,"ix":7},"sk":{"a":0,"k":0,"ix":4},"sa":{"a":0,"k":0,"ix":5},"nm":"Transform"}],"nm":"Group 1","np":2,"cix":2,"bm":0,"ix":1,"mn":"ADBE Vector Group","hd":false}],"ip":6,"op":25,"st":-30,"bm":0},{"ddd":0,"ind":7,"ty":4,"nm":"motion lines left up detail","sr":1,"ks":{"o":{"a":0,"k":100,"ix":11},"r":{"a":0,"k":0,"ix":10},"p":{"a":0,"k":[275.148,477.3,0],"ix":2,"l":2},"a":{"a":0,"k":[335.031,187.026,0],"ix":1,"l":2},"s":{"a":0,"k":[-100,100,100],"ix":6,"l":2}},"ao":0,"shapes":[{"ty":"gr","it":[{"ind":0,"ty":"sh","ix":1,"ks":{"a":1,"k":[{"i":{"x":0.833,"y":0.833},"o":{"x":0.167,"y":0.167},"t":15,"s":[{"i":[[0,0],[-0.288,-78.063],[298.61,0.21]],"o":[[296.632,3.726],[0.306,82.61],[0,0]],"v":[[-249.484,-107.026],[249.725,13.806],[-254.032,106.816]],"c":false}]},{"t":17,"s":[{"i":[[0,0],[-0.288,-78.063],[298.61,0.21]],"o":[[278.77,0],[0.306,82.61],[0,0]],"v":[[-250.484,-107.026],[254.725,13.806],[-255.032,106.816]],"c":false}]}],"ix":2},"nm":"Path 1","mn":"ADBE Vector Shape - Group","hd":false},{"ty":"st","c":{"a":0,"k":[0.690196078431,0.745098039216,0.772549079446,1],"ix":3},"o":{"a":0,"k":100,"ix":4},"w":{"a":0,"k":32,"ix":5},"lc":2,"lj":1,"ml":10,"bm":0,"nm":"Stroke 1","mn":"ADBE Vector Graphic - Stroke","hd":false},{"ty":"tr","p":{"a":0,"k":[335.031,187.026],"ix":2},"a":{"a":0,"k":[0,0],"ix":1},"s":{"a":0,"k":[100,100],"ix":3},"r":{"a":0,"k":0,"ix":6},"o":{"a":0,"k":100,"ix":7},"sk":{"a":0,"k":0,"ix":4},"sa":{"a":0,"k":0,"ix":5},"nm":"Transform"}],"nm":"Group 1","np":2,"cix":2,"bm":0,"ix":1,"mn":"ADBE Vector Group","hd":false},{"ty":"tm","s":{"a":1,"k":[{"i":{"x":[0.833],"y":[0.833]},"o":{"x":[0.167],"y":[0.167]},"t":15,"s":[33]},{"t":24,"s":[91]}],"ix":1},"e":{"a":1,"k":[{"i":{"x":[0.833],"y":[0.833]},"o":{"x":[0.167],"y":[0.167]},"t":5,"s":[38.7]},{"i":{"x":[0.833],"y":[0.833]},"o":{"x":[0.167],"y":[0.167]},"t":16,"s":[85.7]},{"t":22,"s":[91.7]}],"ix":2},"o":{"a":0,"k":0,"ix":3},"m":1,"ix":2,"nm":"Trim Paths 1","mn":"ADBE Vector Filter - Trim","hd":false}],"ip":6,"op":25,"st":-52,"bm":0},{"ddd":0,"ind":8,"ty":4,"nm":"base mask","parent":4,"sr":1,"ks":{"o":{"a":0,"k":100,"ix":11},"r":{"a":0,"k":0,"ix":10},"p":{"a":0,"k":[460,512,0],"ix":2,"l":2},"a":{"a":0,"k":[0,0,0],"ix":1,"l":2},"s":{"a":0,"k":[713,713,100],"ix":6,"l":2}},"ao":0,"shapes":[{"ty":"gr","it":[{"ind":0,"ty":"sh","ix":1,"ks":{"a":0,"k":{"i":[[0,4.573],[-27.9,0],[-10.6,-9.3],[0,-16.9],[32.195,0.567],[4.382,-5.579]],"o":[[0,-38.4],[15.5,0],[11.5,10.2],[0,9.536],[-27.113,-0.477],[-1.648,2.098]],"v":[[-58,0],[0,-55.9],[40.4,-41.5],[58,0],[-12.527,-24.308],[-38.912,-9.659]],"c":true},"ix":2},"nm":"Path 1","mn":"ADBE Vector Shape - Group","hd":false},{"ty":"gf","o":{"a":0,"k":100,"ix":10},"r":1,"bm":0,"g":{"p":5,"k":{"a":0,"k":[0.48,0.992,0.878,0.188,0.691,0.98,0.816,0.178,0.902,0.969,0.753,0.169,0.966,0.963,0.694,0.153,1,0.957,0.635,0.137],"ix":9}},"s":{"a":0,"k":[0,0],"ix":5},"e":{"a":0,"k":[56.225,0],"ix":6},"t":2,"h":{"a":0,"k":0,"ix":7},"a":{"a":0,"k":0,"ix":8},"nm":"Gradient Fill 1","mn":"ADBE Vector Graphic - G-Fill","hd":false},{"ty":"tr","p":{"a":0,"k":[0.14,0.281],"ix":2},"a":{"a":0,"k":[0,0],"ix":1},"s":{"a":0,"k":[100,100],"ix":3},"r":{"a":0,"k":0,"ix":6},"o":{"a":0,"k":100,"ix":7},"sk":{"a":0,"k":0,"ix":4},"sa":{"a":0,"k":0,"ix":5},"nm":"Transform"}],"nm":"Group 1","np":2,"cix":2,"bm":0,"ix":1,"mn":"ADBE Vector Group","hd":false}],"ip":6,"op":25,"st":-30,"bm":0},{"ddd":0,"ind":9,"ty":4,"nm":"motion lines left up","sr":1,"ks":{"o":{"a":0,"k":100,"ix":11},"r":{"a":0,"k":0,"ix":10},"p":{"a":0,"k":[275.148,477.3,0],"ix":2,"l":2},"a":{"a":0,"k":[335.031,187.026,0],"ix":1,"l":2},"s":{"a":0,"k":[-100,100,100],"ix":6,"l":2}},"ao":0,"shapes":[{"ty":"gr","it":[{"ind":0,"ty":"sh","ix":1,"ks":{"a":0,"k":{"i":[[0,0],[-0.288,-78.063],[298.61,0.21]],"o":[[278.77,0],[0.306,82.61],[0,0]],"v":[[-250.484,-107.026],[254.725,13.806],[-255.032,106.816]],"c":false},"ix":2},"nm":"Path 1","mn":"ADBE Vector Shape - Group","hd":false},{"ty":"st","c":{"a":0,"k":[0.690196078431,0.745098039216,0.772549079446,1],"ix":3},"o":{"a":0,"k":100,"ix":4},"w":{"a":0,"k":32,"ix":5},"lc":2,"lj":1,"ml":10,"bm":0,"nm":"Stroke 1","mn":"ADBE Vector Graphic - Stroke","hd":false},{"ty":"tr","p":{"a":0,"k":[335.031,187.026],"ix":2},"a":{"a":0,"k":[0,0],"ix":1},"s":{"a":0,"k":[100,100],"ix":3},"r":{"a":0,"k":0,"ix":6},"o":{"a":0,"k":100,"ix":7},"sk":{"a":0,"k":0,"ix":4},"sa":{"a":0,"k":0,"ix":5},"nm":"Transform"}],"nm":"Group 1","np":2,"cix":2,"bm":0,"ix":1,"mn":"ADBE Vector Group","hd":false},{"ty":"tm","s":{"a":1,"k":[{"i":{"x":[0.833],"y":[0.833]},"o":{"x":[0.167],"y":[0.167]},"t":15,"s":[33]},{"t":24,"s":[91]}],"ix":1},"e":{"a":1,"k":[{"i":{"x":[0.833],"y":[0.833]},"o":{"x":[0.167],"y":[0.167]},"t":5,"s":[38.7]},{"i":{"x":[0.833],"y":[0.833]},"o":{"x":[0.167],"y":[0.167]},"t":16,"s":[85.7]},{"t":22,"s":[91.7]}],"ix":2},"o":{"a":0,"k":0,"ix":3},"m":1,"ix":2,"nm":"Trim Paths 1","mn":"ADBE Vector Filter - Trim","hd":false}],"ip":6,"op":25,"st":-52,"bm":0},{"ddd":0,"ind":10,"ty":4,"nm":"base mask","parent":4,"sr":1,"ks":{"o":{"a":0,"k":100,"ix":11},"r":{"a":0,"k":0,"ix":10},"p":{"a":0,"k":[460,512,0],"ix":2,"l":2},"a":{"a":0,"k":[0,0,0],"ix":1,"l":2},"s":{"a":0,"k":[713,713,100],"ix":6,"l":2}},"ao":0,"shapes":[{"ty":"gr","it":[{"ind":0,"ty":"sh","ix":1,"ks":{"a":0,"k":{"i":[[0,38.4],[-27.9,0],[-10.6,-9.3],[0,-16.9]],"o":[[0,-38.4],[15.5,0],[11.5,10.2],[0,16.9]],"v":[[-58,0],[0,-55.9],[40.4,-41.5],[58,0]],"c":true},"ix":2},"nm":"Path 1","mn":"ADBE Vector Shape - Group","hd":false},{"ty":"gf","o":{"a":0,"k":100,"ix":10},"r":1,"bm":0,"g":{"p":5,"k":{"a":0,"k":[0.48,0.992,0.878,0.188,0.691,0.98,0.816,0.178,0.902,0.969,0.753,0.169,0.966,0.963,0.694,0.153,1,0.957,0.635,0.137],"ix":9}},"s":{"a":0,"k":[0,0],"ix":5},"e":{"a":0,"k":[56.225,0],"ix":6},"t":2,"h":{"a":0,"k":0,"ix":7},"a":{"a":0,"k":0,"ix":8},"nm":"Gradient Fill 1","mn":"ADBE Vector Graphic - G-Fill","hd":false},{"ty":"tr","p":{"a":0,"k":[0,0],"ix":2},"a":{"a":0,"k":[0,0],"ix":1},"s":{"a":0,"k":[100,100],"ix":3},"r":{"a":0,"k":0,"ix":6},"o":{"a":0,"k":100,"ix":7},"sk":{"a":0,"k":0,"ix":4},"sa":{"a":0,"k":0,"ix":5},"nm":"Transform"}],"nm":"Group 1","np":2,"cix":2,"bm":0,"ix":1,"mn":"ADBE Vector Group","hd":false}],"ip":12,"op":29,"st":-30,"bm":0},{"ddd":0,"ind":11,"ty":4,"nm":"motion lines left down","sr":1,"ks":{"o":{"a":0,"k":100,"ix":11},"r":{"a":0,"k":0,"ix":10},"p":{"a":0,"k":[297.148,585.869,0],"ix":2,"l":2},"a":{"a":0,"k":[335.031,192.143,0],"ix":1,"l":2},"s":{"a":0,"k":[-100,100,100],"ix":6,"l":2}},"ao":0,"shapes":[{"ty":"gr","it":[{"ind":0,"ty":"sh","ix":1,"ks":{"a":0,"k":{"i":[[0,0],[-0.288,-78.063],[325.894,10.443]],"o":[[278.77,0],[0.306,82.61],[0,0]],"v":[[-250.484,-112.143],[254.725,-7.311],[-255.282,99.2]],"c":false},"ix":2},"nm":"Path 1","mn":"ADBE Vector Shape - Group","hd":false},{"ty":"st","c":{"a":0,"k":[0.690196078431,0.745098039216,0.772549079446,1],"ix":3},"o":{"a":0,"k":100,"ix":4},"w":{"a":0,"k":32,"ix":5},"lc":2,"lj":1,"ml":10,"bm":0,"nm":"Stroke 1","mn":"ADBE Vector Graphic - Stroke","hd":false},{"ty":"tr","p":{"a":0,"k":[335.031,192.142],"ix":2},"a":{"a":0,"k":[0,0],"ix":1},"s":{"a":0,"k":[100,100],"ix":3},"r":{"a":0,"k":0,"ix":6},"o":{"a":0,"k":100,"ix":7},"sk":{"a":0,"k":0,"ix":4},"sa":{"a":0,"k":0,"ix":5},"nm":"Transform"}],"nm":"Group 1","np":2,"cix":2,"bm":0,"ix":1,"mn":"ADBE Vector Group","hd":false},{"ty":"tm","s":{"a":1,"k":[{"i":{"x":[0.833],"y":[0.833]},"o":{"x":[0.167],"y":[0.167]},"t":10,"s":[38]},{"i":{"x":[0.833],"y":[0.833]},"o":{"x":[0.167],"y":[0.167]},"t":18,"s":[57.2]},{"t":28,"s":[99]}],"ix":1},"e":{"a":1,"k":[{"i":{"x":[0.833],"y":[0.833]},"o":{"x":[0.167],"y":[0.167]},"t":10,"s":[40]},{"i":{"x":[0.833],"y":[0.833]},"o":{"x":[0.167],"y":[0.167]},"t":18,"s":[86]},{"t":28,"s":[100]}],"ix":2},"o":{"a":0,"k":0,"ix":3},"m":1,"ix":2,"nm":"Trim Paths 1","mn":"ADBE Vector Filter - Trim","hd":false}],"ip":12,"op":29,"st":-50,"bm":0},{"ddd":0,"ind":12,"ty":4,"nm":"base mask","parent":4,"sr":1,"ks":{"o":{"a":0,"k":100,"ix":11},"r":{"a":0,"k":0,"ix":10},"p":{"a":0,"k":[460,512,0],"ix":2,"l":2},"a":{"a":0,"k":[0,0,0],"ix":1,"l":2},"s":{"a":0,"k":[713,713,100],"ix":6,"l":2}},"ao":0,"shapes":[{"ty":"gr","it":[{"ind":0,"ty":"sh","ix":1,"ks":{"a":0,"k":{"i":[[0,18.771],[-27.9,0],[-10.6,-9.3],[0,-16.9],[29.634,-2.427]],"o":[[0,-38.4],[15.5,0],[11.5,10.2],[0,8.639],[-28.337,2.321]],"v":[[-58,0],[0,-55.9],[40.4,-41.5],[58,0],[-9.238,-35.194]],"c":true},"ix":2},"nm":"Path 1","mn":"ADBE Vector Shape - Group","hd":false},{"ty":"gf","o":{"a":0,"k":100,"ix":10},"r":1,"bm":0,"g":{"p":5,"k":{"a":0,"k":[0.48,0.992,0.878,0.188,0.691,0.98,0.816,0.178,0.902,0.969,0.753,0.169,0.966,0.963,0.694,0.153,1,0.957,0.635,0.137],"ix":9}},"s":{"a":0,"k":[0,0],"ix":5},"e":{"a":0,"k":[56.225,0],"ix":6},"t":2,"h":{"a":0,"k":0,"ix":7},"a":{"a":0,"k":0,"ix":8},"nm":"Gradient Fill 1","mn":"ADBE Vector Graphic - G-Fill","hd":false},{"ty":"tr","p":{"a":0,"k":[0,0],"ix":2},"a":{"a":0,"k":[0,0],"ix":1},"s":{"a":0,"k":[100,100],"ix":3},"r":{"a":0,"k":0,"ix":6},"o":{"a":0,"k":100,"ix":7},"sk":{"a":0,"k":0,"ix":4},"sa":{"a":0,"k":0,"ix":5},"nm":"Transform"}],"nm":"Group 1","np":2,"cix":2,"bm":0,"ix":1,"mn":"ADBE Vector Group","hd":false}],"ip":44,"op":63,"st":-30,"bm":0},{"ddd":0,"ind":13,"ty":4,"nm":"motion lines right up detail","sr":1,"ks":{"o":{"a":0,"k":100,"ix":11},"r":{"a":0,"k":0,"ix":10},"p":{"a":0,"k":[731.148,477.3,0],"ix":2,"l":2},"a":{"a":0,"k":[335.031,187.026,0],"ix":1,"l":2},"s":{"a":0,"k":[100,100,100],"ix":6,"l":2}},"ao":0,"shapes":[{"ty":"gr","it":[{"ind":0,"ty":"sh","ix":1,"ks":{"a":1,"k":[{"i":{"x":0.833,"y":0.833},"o":{"x":0.167,"y":0.167},"t":44,"s":[{"i":[[0,0],[-0.288,-78.063],[298.61,0.21]],"o":[[278.77,0],[0.306,82.61],[0,0]],"v":[[-250.484,-107.026],[254.725,13.806],[-255.032,106.816]],"c":false}]},{"i":{"x":0.833,"y":0.833},"o":{"x":0.167,"y":0.167},"t":54,"s":[{"i":[[0,0],[-1.174,-78.055],[298.61,0.21]],"o":[[278.77,0],[1.127,74.894],[0,0]],"v":[[-250.484,-107.026],[244.725,13.806],[-255.032,106.816]],"c":false}]},{"t":56,"s":[{"i":[[0,0],[-0.288,-78.063],[298.61,0.21]],"o":[[278.77,0],[0.306,82.61],[0,0]],"v":[[-250.484,-107.026],[254.725,13.806],[-255.032,106.816]],"c":false}]}],"ix":2},"nm":"Path 1","mn":"ADBE Vector Shape - Group","hd":false},{"ty":"st","c":{"a":0,"k":[0.690196078431,0.745098039216,0.772549079446,1],"ix":3},"o":{"a":0,"k":100,"ix":4},"w":{"a":0,"k":32,"ix":5},"lc":2,"lj":1,"ml":10,"bm":0,"nm":"Stroke 1","mn":"ADBE Vector Graphic - Stroke","hd":false},{"ty":"tr","p":{"a":0,"k":[335.031,187.026],"ix":2},"a":{"a":0,"k":[0,0],"ix":1},"s":{"a":0,"k":[100,100],"ix":3},"r":{"a":0,"k":0,"ix":6},"o":{"a":0,"k":100,"ix":7},"sk":{"a":0,"k":0,"ix":4},"sa":{"a":0,"k":0,"ix":5},"nm":"Transform"}],"nm":"Group 1","np":2,"cix":2,"bm":0,"ix":1,"mn":"ADBE Vector Group","hd":false},{"ty":"tm","s":{"a":1,"k":[{"i":{"x":[0.833],"y":[0.833]},"o":{"x":[0.167],"y":[0.167]},"t":54,"s":[33]},{"t":62,"s":[91]}],"ix":1},"e":{"a":1,"k":[{"i":{"x":[0.833],"y":[0.833]},"o":{"x":[0.167],"y":[0.167]},"t":42,"s":[38.7]},{"i":{"x":[0.833],"y":[0.833]},"o":{"x":[0.167],"y":[0.167]},"t":54,"s":[85.7]},{"t":60,"s":[91.7]}],"ix":2},"o":{"a":0,"k":0,"ix":3},"m":1,"ix":2,"nm":"Trim Paths 1","mn":"ADBE Vector Filter - Trim","hd":false}],"ip":44,"op":63,"st":-14,"bm":0},{"ddd":0,"ind":14,"ty":4,"nm":"base mask","parent":4,"sr":1,"ks":{"o":{"a":0,"k":100,"ix":11},"r":{"a":0,"k":0,"ix":10},"p":{"a":0,"k":[460,512,0],"ix":2,"l":2},"a":{"a":0,"k":[0,0,0],"ix":1,"l":2},"s":{"a":0,"k":[713,713,100],"ix":6,"l":2}},"ao":0,"shapes":[{"ty":"gr","it":[{"ind":0,"ty":"sh","ix":1,"ks":{"a":0,"k":{"i":[[0,18.771],[-27.9,0],[-10.6,-9.3],[0,-16.9],[29.634,-2.427]],"o":[[0,-38.4],[15.5,0],[11.5,10.2],[0,8.639],[-28.337,2.321]],"v":[[-58,0],[0,-55.9],[40.4,-41.5],[58,0],[-9.238,-35.194]],"c":true},"ix":2},"nm":"Path 1","mn":"ADBE Vector Shape - Group","hd":false},{"ty":"gf","o":{"a":0,"k":100,"ix":10},"r":1,"bm":0,"g":{"p":5,"k":{"a":0,"k":[0.48,0.992,0.878,0.188,0.691,0.98,0.816,0.178,0.902,0.969,0.753,0.169,0.966,0.963,0.694,0.153,1,0.957,0.635,0.137],"ix":9}},"s":{"a":0,"k":[0,0],"ix":5},"e":{"a":0,"k":[56.225,0],"ix":6},"t":2,"h":{"a":0,"k":0,"ix":7},"a":{"a":0,"k":0,"ix":8},"nm":"Gradient Fill 1","mn":"ADBE Vector Graphic - G-Fill","hd":false},{"ty":"tr","p":{"a":0,"k":[0,0],"ix":2},"a":{"a":0,"k":[0,0],"ix":1},"s":{"a":0,"k":[100,100],"ix":3},"r":{"a":0,"k":0,"ix":6},"o":{"a":0,"k":100,"ix":7},"sk":{"a":0,"k":0,"ix":4},"sa":{"a":0,"k":0,"ix":5},"nm":"Transform"}],"nm":"Group 1","np":2,"cix":2,"bm":0,"ix":1,"mn":"ADBE Vector Group","hd":false}],"ip":44,"op":63,"st":-30,"bm":0},{"ddd":0,"ind":15,"ty":4,"nm":"motion lines right up","sr":1,"ks":{"o":{"a":0,"k":100,"ix":11},"r":{"a":0,"k":0,"ix":10},"p":{"a":0,"k":[731.148,477.3,0],"ix":2,"l":2},"a":{"a":0,"k":[335.031,187.026,0],"ix":1,"l":2},"s":{"a":0,"k":[100,100,100],"ix":6,"l":2}},"ao":0,"shapes":[{"ty":"gr","it":[{"ind":0,"ty":"sh","ix":1,"ks":{"a":0,"k":{"i":[[0,0],[-0.288,-78.063],[298.61,0.21]],"o":[[278.77,0],[0.306,82.61],[0,0]],"v":[[-250.484,-107.026],[254.725,13.806],[-255.032,106.816]],"c":false},"ix":2},"nm":"Path 1","mn":"ADBE Vector Shape - Group","hd":false},{"ty":"st","c":{"a":0,"k":[0.690196078431,0.745098039216,0.772549079446,1],"ix":3},"o":{"a":0,"k":100,"ix":4},"w":{"a":0,"k":32,"ix":5},"lc":2,"lj":1,"ml":10,"bm":0,"nm":"Stroke 1","mn":"ADBE Vector Graphic - Stroke","hd":false},{"ty":"tr","p":{"a":0,"k":[335.031,187.026],"ix":2},"a":{"a":0,"k":[0,0],"ix":1},"s":{"a":0,"k":[100,100],"ix":3},"r":{"a":0,"k":0,"ix":6},"o":{"a":0,"k":100,"ix":7},"sk":{"a":0,"k":0,"ix":4},"sa":{"a":0,"k":0,"ix":5},"nm":"Transform"}],"nm":"Group 1","np":2,"cix":2,"bm":0,"ix":1,"mn":"ADBE Vector Group","hd":false},{"ty":"tm","s":{"a":1,"k":[{"i":{"x":[0.833],"y":[0.833]},"o":{"x":[0.167],"y":[0.167]},"t":54,"s":[33]},{"t":62,"s":[91]}],"ix":1},"e":{"a":1,"k":[{"i":{"x":[0.833],"y":[0.833]},"o":{"x":[0.167],"y":[0.167]},"t":42,"s":[38.7]},{"i":{"x":[0.833],"y":[0.833]},"o":{"x":[0.167],"y":[0.167]},"t":54,"s":[85.7]},{"t":60,"s":[91.7]}],"ix":2},"o":{"a":0,"k":0,"ix":3},"m":1,"ix":2,"nm":"Trim Paths 1","mn":"ADBE Vector Filter - Trim","hd":false}],"ip":44,"op":63,"st":-14,"bm":0},{"ddd":0,"ind":16,"ty":4,"nm":"base mask","parent":4,"sr":1,"ks":{"o":{"a":0,"k":100,"ix":11},"r":{"a":0,"k":0,"ix":10},"p":{"a":0,"k":[460,512,0],"ix":2,"l":2},"a":{"a":0,"k":[0,0,0],"ix":1,"l":2},"s":{"a":0,"k":[713,713,100],"ix":6,"l":2}},"ao":0,"shapes":[{"ty":"gr","it":[{"ind":0,"ty":"sh","ix":1,"ks":{"a":0,"k":{"i":[[0,18.771],[-27.9,0],[-10.6,-9.3],[-0.137,-16.899],[29.634,-2.427]],"o":[[0,-38.4],[15.5,0],[11.5,10.2],[0.2,24.684],[-28.337,2.321]],"v":[[-58,0],[0,-55.9],[40.4,-41.5],[58,0],[-9.238,-35.194]],"c":true},"ix":2},"nm":"Path 1","mn":"ADBE Vector Shape - Group","hd":false},{"ty":"gf","o":{"a":0,"k":100,"ix":10},"r":1,"bm":0,"g":{"p":5,"k":{"a":0,"k":[0.48,0.992,0.878,0.188,0.691,0.98,0.816,0.178,0.902,0.969,0.753,0.169,0.966,0.963,0.694,0.153,1,0.957,0.635,0.137],"ix":9}},"s":{"a":0,"k":[0,0],"ix":5},"e":{"a":0,"k":[56.225,0],"ix":6},"t":2,"h":{"a":0,"k":0,"ix":7},"a":{"a":0,"k":0,"ix":8},"nm":"Gradient Fill 1","mn":"ADBE Vector Graphic - G-Fill","hd":false},{"ty":"tr","p":{"a":0,"k":[0,0],"ix":2},"a":{"a":0,"k":[0,0],"ix":1},"s":{"a":0,"k":[100,100],"ix":3},"r":{"a":0,"k":0,"ix":6},"o":{"a":0,"k":100,"ix":7},"sk":{"a":0,"k":0,"ix":4},"sa":{"a":0,"k":0,"ix":5},"nm":"Transform"}],"nm":"Group 1","np":2,"cix":2,"bm":0,"ix":1,"mn":"ADBE Vector Group","hd":false}],"ip":46,"op":65,"st":-30,"bm":0},{"ddd":0,"ind":17,"ty":4,"nm":"motion lines right down detail","sr":1,"ks":{"o":{"a":0,"k":100,"ix":11},"r":{"a":0,"k":0,"ix":10},"p":{"a":0,"k":[731.148,585.869,0],"ix":2,"l":2},"a":{"a":0,"k":[335.031,192.143,0],"ix":1,"l":2},"s":{"a":0,"k":[100,100,100],"ix":6,"l":2}},"ao":0,"shapes":[{"ty":"gr","it":[{"ind":0,"ty":"sh","ix":1,"ks":{"a":1,"k":[{"i":{"x":0.833,"y":0.833},"o":{"x":0.167,"y":0.167},"t":46,"s":[{"i":[[0,0],[-0.288,-78.063],[61.722,-17.924],[189.15,6.061]],"o":[[278.77,0],[0.128,34.663],[-85.377,24.793],[0,0]],"v":[[-250.484,-112.143],[254.725,-7.311],[160.737,71.441],[-255.282,99.2]],"c":false}]},{"t":54,"s":[{"i":[[0,0],[-0.288,-78.063],[124.87,-17.08],[130.307,5.112]],"o":[[278.77,0],[0.185,49.954],[-81.728,11.179],[0,0]],"v":[[-250.484,-112.143],[254.725,-7.311],[63.08,87.452],[-255.282,99.2]],"c":false}]}],"ix":2},"nm":"Path 1","mn":"ADBE Vector Shape - Group","hd":false},{"ty":"st","c":{"a":0,"k":[0.690196078431,0.745098039216,0.772549079446,1],"ix":3},"o":{"a":0,"k":100,"ix":4},"w":{"a":0,"k":32,"ix":5},"lc":2,"lj":1,"ml":10,"bm":0,"nm":"Stroke 1","mn":"ADBE Vector Graphic - Stroke","hd":false},{"ty":"tr","p":{"a":0,"k":[335.031,192.142],"ix":2},"a":{"a":0,"k":[0,0],"ix":1},"s":{"a":0,"k":[100,100],"ix":3},"r":{"a":0,"k":0,"ix":6},"o":{"a":0,"k":100,"ix":7},"sk":{"a":0,"k":0,"ix":4},"sa":{"a":0,"k":0,"ix":5},"nm":"Transform"}],"nm":"Group 1","np":2,"cix":2,"bm":0,"ix":1,"mn":"ADBE Vector Group","hd":false},{"ty":"tm","s":{"a":1,"k":[{"i":{"x":[0.833],"y":[0.833]},"o":{"x":[0.167],"y":[0.167]},"t":46,"s":[38]},{"i":{"x":[0.833],"y":[0.833]},"o":{"x":[0.167],"y":[0.167]},"t":54,"s":[57.2]},{"t":64,"s":[99]}],"ix":1},"e":{"a":1,"k":[{"i":{"x":[0.833],"y":[0.833]},"o":{"x":[0.167],"y":[0.167]},"t":46,"s":[40]},{"i":{"x":[0.833],"y":[0.833]},"o":{"x":[0.167],"y":[0.167]},"t":54,"s":[86]},{"t":64,"s":[100]}],"ix":2},"o":{"a":0,"k":0,"ix":3},"m":1,"ix":2,"nm":"Trim Paths 1","mn":"ADBE Vector Filter - Trim","hd":false}],"ip":46,"op":65,"st":-14,"bm":0},{"ddd":0,"ind":18,"ty":4,"nm":"base mask","parent":4,"sr":1,"ks":{"o":{"a":0,"k":100,"ix":11},"r":{"a":0,"k":0,"ix":10},"p":{"a":0,"k":[460,512,0],"ix":2,"l":2},"a":{"a":0,"k":[0,0,0],"ix":1,"l":2},"s":{"a":0,"k":[713,713,100],"ix":6,"l":2}},"ao":0,"shapes":[{"ty":"gr","it":[{"ind":0,"ty":"sh","ix":1,"ks":{"a":0,"k":{"i":[[0,18.771],[-27.9,0],[-10.6,-9.3],[-0.137,-16.899],[29.634,-2.427]],"o":[[0,-38.4],[15.5,0],[11.5,10.2],[0.2,24.684],[-28.337,2.321]],"v":[[-58,0],[0,-55.9],[40.4,-41.5],[58,0],[-9.238,-35.194]],"c":true},"ix":2},"nm":"Path 1","mn":"ADBE Vector Shape - Group","hd":false},{"ty":"gf","o":{"a":0,"k":100,"ix":10},"r":1,"bm":0,"g":{"p":5,"k":{"a":0,"k":[0.48,0.992,0.878,0.188,0.691,0.98,0.816,0.178,0.902,0.969,0.753,0.169,0.966,0.963,0.694,0.153,1,0.957,0.635,0.137],"ix":9}},"s":{"a":0,"k":[0,0],"ix":5},"e":{"a":0,"k":[56.225,0],"ix":6},"t":2,"h":{"a":0,"k":0,"ix":7},"a":{"a":0,"k":0,"ix":8},"nm":"Gradient Fill 1","mn":"ADBE Vector Graphic - G-Fill","hd":false},{"ty":"tr","p":{"a":0,"k":[0,0],"ix":2},"a":{"a":0,"k":[0,0],"ix":1},"s":{"a":0,"k":[100,100],"ix":3},"r":{"a":0,"k":0,"ix":6},"o":{"a":0,"k":100,"ix":7},"sk":{"a":0,"k":0,"ix":4},"sa":{"a":0,"k":0,"ix":5},"nm":"Transform"}],"nm":"Group 1","np":2,"cix":2,"bm":0,"ix":1,"mn":"ADBE Vector Group","hd":false}],"ip":46,"op":65,"st":-30,"bm":0},{"ddd":0,"ind":19,"ty":4,"nm":"motion lines right down","sr":1,"ks":{"o":{"a":0,"k":100,"ix":11},"r":{"a":0,"k":0,"ix":10},"p":{"a":0,"k":[731.148,585.869,0],"ix":2,"l":2},"a":{"a":0,"k":[335.031,192.143,0],"ix":1,"l":2},"s":{"a":0,"k":[100,100,100],"ix":6,"l":2}},"ao":0,"shapes":[{"ty":"gr","it":[{"ind":0,"ty":"sh","ix":1,"ks":{"a":1,"k":[{"i":{"x":0.833,"y":0.833},"o":{"x":0.167,"y":0.167},"t":46,"s":[{"i":[[0,0],[-0.288,-78.063],[61.722,-17.924],[189.15,6.061]],"o":[[278.77,0],[0.128,34.663],[-85.377,24.793],[0,0]],"v":[[-250.484,-112.143],[254.725,-7.311],[160.737,71.441],[-255.282,99.2]],"c":false}]},{"t":54,"s":[{"i":[[0,0],[-0.288,-78.063],[125.088,-15.595],[130.307,5.112]],"o":[[278.77,0],[0.185,49.954],[-81.774,10.195],[0,0]],"v":[[-250.484,-112.143],[254.725,-7.311],[63.08,92.702],[-255.282,99.2]],"c":false}]}],"ix":2},"nm":"Path 1","mn":"ADBE Vector Shape - Group","hd":false},{"ty":"st","c":{"a":0,"k":[0.690196078431,0.745098039216,0.772549079446,1],"ix":3},"o":{"a":0,"k":100,"ix":4},"w":{"a":0,"k":32,"ix":5},"lc":2,"lj":1,"ml":10,"bm":0,"nm":"Stroke 1","mn":"ADBE Vector Graphic - Stroke","hd":false},{"ty":"tr","p":{"a":0,"k":[335.031,192.142],"ix":2},"a":{"a":0,"k":[0,0],"ix":1},"s":{"a":0,"k":[100,100],"ix":3},"r":{"a":0,"k":0,"ix":6},"o":{"a":0,"k":100,"ix":7},"sk":{"a":0,"k":0,"ix":4},"sa":{"a":0,"k":0,"ix":5},"nm":"Transform"}],"nm":"Group 1","np":2,"cix":2,"bm":0,"ix":1,"mn":"ADBE Vector Group","hd":false},{"ty":"tm","s":{"a":1,"k":[{"i":{"x":[0.833],"y":[0.833]},"o":{"x":[0.167],"y":[0.167]},"t":46,"s":[38]},{"i":{"x":[0.833],"y":[0.833]},"o":{"x":[0.167],"y":[0.167]},"t":54,"s":[57.2]},{"t":64,"s":[99]}],"ix":1},"e":{"a":1,"k":[{"i":{"x":[0.833],"y":[0.833]},"o":{"x":[0.167],"y":[0.167]},"t":46,"s":[40]},{"i":{"x":[0.833],"y":[0.833]},"o":{"x":[0.167],"y":[0.167]},"t":54,"s":[86]},{"t":64,"s":[100]}],"ix":2},"o":{"a":0,"k":0,"ix":3},"m":1,"ix":2,"nm":"Trim Paths 1","mn":"ADBE Vector Filter - Trim","hd":false}],"ip":46,"op":65,"st":-14,"bm":0},{"ddd":0,"ind":20,"ty":4,"nm":"base matte","parent":22,"td":1,"sr":1,"ks":{"o":{"a":0,"k":100,"ix":11},"r":{"a":0,"k":0,"ix":10},"p":{"a":0,"k":[-2,-3,0],"ix":2,"l":2},"a":{"a":0,"k":[0,0,0],"ix":1,"l":2},"s":{"a":0,"k":[100,100,100],"ix":6,"l":2}},"ao":0,"shapes":[{"ty":"gr","it":[{"ind":0,"ty":"sh","ix":1,"ks":{"a":0,"k":{"i":[[15.4,0],[0,38.4],[-27.9,0],[-10.6,-9.3],[0,-16.9],[11.5,-10.2]],"o":[[-27.9,0],[0,-38.4],[15.5,0],[11.5,10.2],[0,16.9],[-10.6,9.3]],"v":[[0,55.9],[-58,0],[0,-55.9],[40.4,-41.5],[58,0],[40.4,41.4]],"c":true},"ix":2},"nm":"Path 1","mn":"ADBE Vector Shape - Group","hd":false},{"ty":"gf","o":{"a":0,"k":100,"ix":10},"r":1,"bm":0,"g":{"p":5,"k":{"a":0,"k":[0.48,0.992,0.878,0.188,0.691,0.98,0.816,0.178,0.902,0.969,0.753,0.169,0.966,0.963,0.694,0.153,1,0.957,0.635,0.137],"ix":9}},"s":{"a":0,"k":[0,0],"ix":5},"e":{"a":0,"k":[56.225,0],"ix":6},"t":2,"h":{"a":0,"k":0,"ix":7},"a":{"a":0,"k":0,"ix":8},"nm":"Gradient Fill 1","mn":"ADBE Vector Graphic - G-Fill","hd":false},{"ty":"tr","p":{"a":0,"k":[0,0],"ix":2},"a":{"a":0,"k":[0,0],"ix":1},"s":{"a":0,"k":[100,100],"ix":3},"r":{"a":0,"k":0,"ix":6},"o":{"a":0,"k":100,"ix":7},"sk":{"a":0,"k":0,"ix":4},"sa":{"a":0,"k":0,"ix":5},"nm":"Transform"}],"nm":"Group 1","np":2,"cix":2,"bm":0,"ix":1,"mn":"ADBE Vector Group","hd":false}],"ip":0,"op":70,"st":-30,"bm":0},{"ddd":0,"ind":21,"ty":4,"nm":"base shadow","parent":22,"tt":2,"sr":1,"ks":{"o":{"a":0,"k":100,"ix":11},"r":{"a":0,"k":0,"ix":10},"p":{"a":0,"k":[0,0,0],"ix":2,"l":2},"a":{"a":0,"k":[0,0,0],"ix":1,"l":2},"s":{"a":0,"k":[100,100,100],"ix":6,"l":2}},"ao":0,"shapes":[{"ty":"gr","it":[{"ind":0,"ty":"sh","ix":1,"ks":{"a":0,"k":{"i":[[15.4,0],[0,38.4],[-27.9,0],[-10.6,-9.3],[0,-16.9],[11.5,-10.2]],"o":[[-27.9,0],[0,-38.4],[15.5,0],[11.5,10.2],[0,16.9],[-10.6,9.3]],"v":[[0,55.9],[-58,0],[0,-55.9],[40.4,-41.5],[58,0],[40.4,41.4]],"c":true},"ix":2},"nm":"Path 1","mn":"ADBE Vector Shape - Group","hd":false},{"ty":"fl","c":{"a":0,"k":[0.921568627451,0.560784313725,0,1],"ix":4},"o":{"a":0,"k":100,"ix":5},"r":1,"bm":0,"nm":"Fill 1","mn":"ADBE Vector Graphic - Fill","hd":false},{"ty":"tr","p":{"a":0,"k":[0,0],"ix":2},"a":{"a":0,"k":[0,0],"ix":1},"s":{"a":0,"k":[100,100],"ix":3},"r":{"a":0,"k":0,"ix":6},"o":{"a":0,"k":100,"ix":7},"sk":{"a":0,"k":0,"ix":4},"sa":{"a":0,"k":0,"ix":5},"nm":"Transform"}],"nm":"Group 1","np":2,"cix":2,"bm":0,"ix":1,"mn":"ADBE Vector Group","hd":false}],"ip":0,"op":70,"st":-30,"bm":0},{"ddd":0,"ind":22,"ty":4,"nm":"base normal","parent":4,"sr":1,"ks":{"o":{"a":0,"k":100,"ix":11},"r":{"a":0,"k":0,"ix":10},"p":{"a":0,"k":[460,512,0],"ix":2,"l":2},"a":{"a":0,"k":[0,0,0],"ix":1,"l":2},"s":{"a":0,"k":[713,713,100],"ix":6,"l":2}},"ao":0,"shapes":[{"ty":"gr","it":[{"ind":0,"ty":"sh","ix":1,"ks":{"a":0,"k":{"i":[[15.4,0],[0,38.4],[-27.9,0],[-10.6,-9.3],[0,-16.9],[11.5,-10.2]],"o":[[-27.9,0],[0,-38.4],[15.5,0],[11.5,10.2],[0,16.9],[-10.6,9.3]],"v":[[0,55.9],[-58,0],[0,-55.9],[40.4,-41.5],[58,0],[40.4,41.4]],"c":true},"ix":2},"nm":"Path 1","mn":"ADBE Vector Shape - Group","hd":false},{"ty":"gf","o":{"a":0,"k":100,"ix":10},"r":1,"bm":0,"g":{"p":5,"k":{"a":0,"k":[0.48,0.992,0.878,0.188,0.691,0.98,0.816,0.178,0.902,0.969,0.753,0.169,0.966,0.963,0.694,0.153,1,0.957,0.635,0.137],"ix":9}},"s":{"a":0,"k":[0,0],"ix":5},"e":{"a":0,"k":[56.225,0],"ix":6},"t":2,"h":{"a":0,"k":0,"ix":7},"a":{"a":0,"k":0,"ix":8},"nm":"Gradient Fill 1","mn":"ADBE Vector Graphic - G-Fill","hd":false},{"ty":"tr","p":{"a":0,"k":[0,0],"ix":2},"a":{"a":0,"k":[0,0],"ix":1},"s":{"a":0,"k":[100,100],"ix":3},"r":{"a":0,"k":0,"ix":6},"o":{"a":0,"k":100,"ix":7},"sk":{"a":0,"k":0,"ix":4},"sa":{"a":0,"k":0,"ix":5},"nm":"Transform"}],"nm":"Group 1","np":2,"cix":2,"bm":0,"ix":1,"mn":"ADBE Vector Group","hd":false}],"ip":0,"op":70,"st":-30,"bm":0}],"markers":[{"tm":54,"cm":"Rest","dr":0}]}