{"v":"5.8.1","fr":60,"ip":0,"op":300,"w":1024,"h":1024,"nm":"emoji_sunrise","ddd":0,"assets":[{"id":"comp_0","nm":"sun","fr":60,"layers":[{"ddd":0,"ind":1,"ty":4,"nm":"sun 2","td":1,"sr":1,"ks":{"o":{"a":0,"k":100,"ix":11},"r":{"a":0,"k":0,"ix":10},"p":{"a":0,"k":[511.05,511.97,0],"ix":2,"l":2},"a":{"a":0,"k":[481.65,481.61,0],"ix":1,"l":2},"s":{"a":0,"k":[112,119,100],"ix":6,"l":2}},"ao":0,"shapes":[{"ty":"gr","it":[{"ind":0,"ty":"sh","ix":1,"ks":{"a":0,"k":{"i":[[21.12,17.04],[17.92,-30.08],[-20.4,-10.32],[-14.24,23.12]],"o":[[-21.44,-17.28],[-16.16,27.12],[26.32,13.36],[14.08,-23.12]],"v":[[38.08,-52.72],[-35.6,-15.84],[-38.8,56.64],[17.52,10.88]],"c":true},"ix":2},"nm":"Path 1","mn":"ADBE Vector Shape - Group","hd":false},{"ty":"fl","c":{"a":0,"k":[1,0.991999966491,0.980000035903,1],"ix":4},"o":{"a":0,"k":100,"ix":5},"r":1,"bm":0,"nm":"Fill 1","mn":"ADBE Vector Graphic - Fill","hd":false},{"ty":"tr","p":{"a":0,"k":[376.89,479.53],"ix":2},"a":{"a":0,"k":[0,0],"ix":1},"s":{"a":0,"k":[100,100],"ix":3},"r":{"a":0,"k":0,"ix":6},"o":{"a":0,"k":100,"ix":7},"sk":{"a":0,"k":0,"ix":4},"sa":{"a":0,"k":0,"ix":5},"nm":"Transform"}],"nm":"Group 1","np":2,"cix":2,"bm":0,"ix":1,"mn":"ADBE Vector Group","hd":false},{"ty":"gr","it":[{"ind":0,"ty":"sh","ix":1,"ks":{"a":0,"k":{"i":[[137.36,-0.48],[-1.44,-128.08],[-133.52,1.52],[0.96,115.44]],"o":[[-117.2,0.48],[1.44,128.08],[137.04,-1.6],[-0.96,-115.52]],"v":[[1,-223.92],[-220.28,-10.845],[5,222.88],[220.76,-9.645]],"c":true},"ix":2},"nm":"Path 1","mn":"ADBE Vector Shape - Group","hd":false},{"ty":"fl","c":{"a":0,"k":[1,0.969000004787,0.702000038297,1],"ix":4},"o":{"a":0,"k":100,"ix":5},"r":1,"bm":0,"nm":"Fill 1","mn":"ADBE Vector Graphic - Fill","hd":false},{"ty":"tr","p":{"a":0,"k":[484.69,573.29],"ix":2},"a":{"a":0,"k":[0,0],"ix":1},"s":{"a":0,"k":[100,100],"ix":3},"r":{"a":0,"k":0,"ix":6},"o":{"a":0,"k":100,"ix":7},"sk":{"a":0,"k":0,"ix":4},"sa":{"a":0,"k":0,"ix":5},"nm":"Transform"}],"nm":"Group 2","np":2,"cix":2,"bm":0,"ix":2,"mn":"ADBE Vector Group","hd":false}],"ip":0,"op":300,"st":0,"bm":0},{"ddd":0,"ind":2,"ty":4,"nm":"rays Outlines","tt":2,"sr":1,"ks":{"o":{"a":0,"k":100,"ix":11},"r":{"a":0,"k":-4,"ix":10},"p":{"a":0,"k":[514.291,620.392,0],"ix":2,"l":2},"a":{"a":0,"k":[675.624,675.624,0],"ix":1,"l":2},"s":{"a":0,"k":[100,100,100],"ix":6,"l":2}},"ao":0,"shapes":[{"ty":"gr","it":[{"ty":"gr","it":[{"ind":0,"ty":"sh","ix":1,"ks":{"a":0,"k":{"i":[[0,0],[-5.958,-33.432],[0,0],[1.463,8.835],[0.494,8.3]],"o":[[5.823,33.189],[0,0],[-2.159,-8.312],[-1.393,-8.453],[0,0]],"v":[[-83.58,763.264],[-66.164,863.513],[445.701,739.107],[440.909,718.334],[438.97,696.887]],"c":true},"ix":2},"nm":"Path 1","mn":"ADBE Vector Shape - Group","hd":false},{"ind":1,"ty":"sh","ix":2,"ks":{"a":0,"k":{"i":[[0,0],[5.958,33.434],[0,0],[-1.463,-8.835],[-0.495,-8.301]],"o":[[-5.823,-33.189],[0,0],[2.159,8.311],[1.393,8.453],[0,0]],"v":[[1434.828,587.984],[1417.412,487.734],[905.172,609.086],[910.338,632.914],[912.695,655.241]],"c":true},"ix":2},"nm":"Path 2","mn":"ADBE Vector Shape - Group","hd":false},{"ind":2,"ty":"sh","ix":3,"ks":{"a":0,"k":{"i":[[0,0],[2.899,-33.837],[0,0],[-0.873,8.912],[-1.671,8.145]],"o":[[-2.965,33.566],[0,0],[0.066,-8.587],[0.842,-8.525],[0,0]],"v":[[-80.394,563.781],[-89.518,665.123],[438.016,678.769],[438.732,655.713],[441.773,634.834]],"c":true},"ix":2},"nm":"Path 3","mn":"ADBE Vector Shape - Group","hd":false},{"ind":3,"ty":"sh","ix":4,"ks":{"a":0,"k":{"i":[[0,0],[-2.899,33.837],[0,0],[0.873,-8.912],[1.671,-8.144]],"o":[[2.965,-33.566],[0,0],[-0.066,8.587],[-0.842,8.525],[0,0]],"v":[[1431.642,787.467],[1440.766,686.125],[914.573,670.765],[913.395,695.118],[910.816,714.699]],"c":true},"ix":2},"nm":"Path 4","mn":"ADBE Vector Shape - Group","hd":false},{"ind":4,"ty":"sh","ix":5,"ks":{"a":0,"k":{"i":[[0,0],[11.557,-31.932],[0,0],[-3.15,8.382],[-3.722,7.436]],"o":[[-11.551,31.654],[0,0],[2.286,-8.277],[3.02,-8.016],[0,0]],"v":[[-25.686,371.92],[-60.728,467.447],[445.318,617.638],[451,595.255],[460.122,574.741]],"c":true},"ix":2},"nm":"Path 5","mn":"ADBE Vector Shape - Group","hd":false},{"ind":5,"ty":"sh","ix":6,"ks":{"a":0,"k":{"i":[[0,0],[-11.557,31.932],[0,0],[3.15,-8.383],[3.721,-7.436]],"o":[[11.551,-31.654],[0,0],[-2.286,8.277],[-3.02,8.016],[0,0]],"v":[[1376.934,979.327],[1411.976,883.802],[908.106,733.654],[900.248,755.994],[891.588,775.211]],"c":true},"ix":2},"nm":"Path 6","mn":"ADBE Vector Shape - Group","hd":false},{"ind":6,"ty":"sh","ix":7,"ks":{"a":0,"k":{"i":[[0,0],[19.427,-27.854],[0,0],[-5.212,7.281],[-5.519,6.218]],"o":[[-19.35,27.586],[0,0],[4.351,-7.403],[4.991,-6.962],[0,0]],"v":[[76.815,200.756],[18.243,283.958],[467.599,558.643],[479.455,539.856],[493.575,522.403]],"c":true},"ix":2},"nm":"Path 7","mn":"ADBE Vector Shape - Group","hd":false},{"ind":7,"ty":"sh","ix":8,"ks":{"a":0,"k":{"i":[[0,0],[-19.427,27.854],[0,0],[5.212,-7.282],[5.519,-6.218]],"o":[[19.35,-27.587],[0,0],[-4.35,7.404],[-4.991,6.962],[0,0]],"v":[[1274.433,1150.491],[1333.005,1067.29],[885.451,789.593],[871.792,811.392],[857.672,828.845]],"c":true},"ix":2},"nm":"Path 8","mn":"ADBE Vector Shape - Group","hd":false},{"ind":8,"ty":"sh","ix":9,"ks":{"a":0,"k":{"i":[[0,0],[25.975,-21.875],[0,0],[-6.92,5.684],[-6.941,4.578]],"o":[[-25.831,21.638],[0,0],[6.118,-6.026],[6.622,-5.432],[0,0]],"v":[[220.123,61.954],[142.012,127.161],[504.567,508.384],[521.28,493.71],[538.557,480.924]],"c":true},"ix":2},"nm":"Path 9","mn":"ADBE Vector Shape - Group","hd":false},{"ind":9,"ty":"sh","ix":10,"ks":{"a":0,"k":{"i":[[0,0],[-25.975,21.877],[0,0],[6.92,-5.684],[6.941,-4.578]],"o":[[25.83,-21.638],[0,0],[-6.118,6.025],[-6.622,5.433],[0,0]],"v":[[1131.125,1289.293],[1209.236,1224.086],[848.022,841.15],[829.968,857.537],[811.812,870.741]],"c":true},"ix":2},"nm":"Path 10","mn":"ADBE Vector Shape - Group","hd":false},{"ind":10,"ty":"sh","ix":11,"ks":{"a":0,"k":{"i":[[0,0],[30.752,-14.408],[0,0],[-8.155,3.7],[-7.889,2.626]],"o":[[-30.551,14.215],[0,0],[7.469,-4.236],[7.804,-3.532],[0,0]],"v":[[394.474,-35.028],[302.148,7.741],[552.821,470.7],[573.621,459.96],[593.697,452.323]],"c":true},"ix":2},"nm":"Path 11","mn":"ADBE Vector Shape - Group","hd":false},{"ind":11,"ty":"sh","ix":12,"ks":{"a":0,"k":{"i":[[0,0],[-30.752,14.408],[0,0],[8.155,-3.7],[7.89,-2.626]],"o":[[30.551,-14.216],[0,0],[-7.469,4.237],[-7.804,3.533],[0,0]],"v":[[956.774,1386.276],[1049.1,1343.506],[799.306,880.13],[777.627,891.287],[757.968,899.803]],"c":true},"ix":2},"nm":"Path 12","mn":"ADBE Vector Shape - Group","hd":false},{"ind":12,"ty":"sh","ix":13,"ks":{"a":0,"k":{"i":[[0,0],[33.433,-5.958],[0,0],[-8.835,1.463],[-8.3,0.494]],"o":[[-33.189,5.823],[0,0],[8.311,-2.159],[8.451,-1.394],[0,0]],"v":[[587.984,-83.58],[487.734,-66.164],[609.965,445.657],[632.915,440.91],[654.361,438.97]],"c":true},"ix":2},"nm":"Path 13","mn":"ADBE Vector Shape - Group","hd":false},{"ind":13,"ty":"sh","ix":14,"ks":{"a":0,"k":{"i":[[0,0],[14.408,30.752],[0,0],[-3.7,-8.155],[-2.626,-7.89]],"o":[[-14.215,-30.551],[0,0],[4.237,7.469],[3.533,7.803],[0,0]],"v":[[1386.276,394.474],[1343.507,302.148],[880.13,551.942],[891.286,573.621],[899.341,594.577]],"c":true},"ix":2},"nm":"Path 14","mn":"ADBE Vector Shape - Group","hd":false},{"ind":14,"ty":"sh","ix":15,"ks":{"a":0,"k":{"i":[[0,0],[-14.407,-30.752],[0,0],[3.7,8.155],[2.626,7.889]],"o":[[14.215,30.55],[0,0],[-4.237,-7.47],[-3.533,-7.803],[0,0]],"v":[[-35.028,956.775],[7.741,1049.1],[470.283,797.548],[459.961,777.626],[451.906,756.671]],"c":true},"ix":2},"nm":"Path 15","mn":"ADBE Vector Shape - Group","hd":false},{"ind":15,"ty":"sh","ix":16,"ks":{"a":0,"k":{"i":[[0,0],[-21.877,-25.974],[0,0],[5.684,6.92],[4.579,6.94]],"o":[[21.638,25.832],[0,0],[-6.025,-6.118],[-5.433,-6.622],[0,0]],"v":[[61.954,1131.124],[127.161,1209.234],[508.845,845.384],[493.71,829.968],[480.923,812.692]],"c":true},"ix":2},"nm":"Path 16","mn":"ADBE Vector Shape - Group","hd":false},{"ind":16,"ty":"sh","ix":17,"ks":{"a":0,"k":{"i":[[0,0],[21.876,25.975],[0,0],[-5.684,-6.919],[-4.578,-6.941]],"o":[[-21.638,-25.83],[0,0],[6.026,6.118],[5.433,6.623],[0,0]],"v":[[1289.294,220.123],[1224.087,142.012],[841.15,503.226],[857.538,521.279],[870.742,539.436]],"c":true},"ix":2},"nm":"Path 17","mn":"ADBE Vector Shape - Group","hd":false},{"ind":17,"ty":"sh","ix":18,"ks":{"a":0,"k":{"i":[[0,0],[-27.854,-19.429],[0,0],[7.282,5.212],[6.218,5.52]],"o":[[27.585,19.35],[0,0],[-7.404,-4.35],[-6.962,-4.991],[0,0]],"v":[[200.757,1274.433],[283.959,1333.006],[560.358,884.989],[539.856,871.792],[523.238,859.43]],"c":true},"ix":2},"nm":"Path 18","mn":"ADBE Vector Shape - Group","hd":false},{"ind":18,"ty":"sh","ix":19,"ks":{"a":0,"k":{"i":[[0,0],[27.854,19.427],[0,0],[-7.281,-5.212],[-6.218,-5.519]],"o":[[-27.586,-19.35],[0,0],[7.404,4.351],[6.962,4.991],[0,0]],"v":[[1150.491,76.814],[1067.289,18.243],[790.89,466.258],[811.392,479.455],[828.845,493.575]],"c":true},"ix":2},"nm":"Path 19","mn":"ADBE Vector Shape - Group","hd":false},{"ind":19,"ty":"sh","ix":20,"ks":{"a":0,"k":{"i":[[0,0],[-31.932,-11.558],[0,0],[8.383,3.149],[7.435,3.721]],"o":[[31.654,11.551],[0,0],[-8.277,-2.286],[-8.016,-3.02],[0,0]],"v":[[371.921,1376.934],[467.447,1411.976],[618.473,907.688],[595.254,900.247],[576.038,891.588]],"c":true},"ix":2},"nm":"Path 20","mn":"ADBE Vector Shape - Group","hd":false},{"ind":20,"ty":"sh","ix":21,"ks":{"a":0,"k":{"i":[[0,0],[31.932,11.557],[0,0],[-8.383,-3.15],[-7.435,-3.721]],"o":[[-31.654,-11.551],[0,0],[8.277,2.285],[8.016,3.02],[0,0]],"v":[[979.327,-25.686],[883.801,-60.728],[732.775,443.56],[755.994,451],[776.506,460.122]],"c":true},"ix":2},"nm":"Path 21","mn":"ADBE Vector Shape - Group","hd":false},{"ind":21,"ty":"sh","ix":22,"ks":{"a":0,"k":{"i":[[0,0],[-33.837,-2.899],[0,0],[8.912,0.873],[8.145,1.67]],"o":[[33.565,2.965],[0,0],[-8.586,-0.065],[-8.525,-0.842],[0,0]],"v":[[563.781,1431.641],[665.123,1440.766],[678.307,914.528],[656.13,913.395],[637.01,909.52]],"c":true},"ix":2},"nm":"Path 22","mn":"ADBE Vector Shape - Group","hd":false},{"ind":22,"ty":"sh","ix":23,"ks":{"a":0,"k":{"i":[[0,0],[33.837,2.898],[0,0],[-8.913,-0.873],[-8.146,-1.671]],"o":[[-33.565,-2.965],[0,0],[8.587,0.065],[8.524,0.842],[0,0]],"v":[[787.467,-80.394],[686.125,-89.518],[670.765,436.676],[695.119,437.853],[715.997,440.893]],"c":true},"ix":2},"nm":"Path 23","mn":"ADBE Vector Shape - Group","hd":false},{"ind":23,"ty":"sh","ix":24,"ks":{"a":0,"k":{"i":[[0,0],[-33.433,5.958],[0,0],[8.835,-1.463],[8.3,-0.495]],"o":[[33.189,-5.823],[0,0],[-8.311,2.159],[-8.451,1.394],[0,0]],"v":[[763.264,1434.828],[863.513,1417.412],[740.865,904.711],[718.333,910.338],[697.766,911.86]],"c":true},"ix":2},"nm":"Path 24","mn":"ADBE Vector Shape - Group","hd":false},{"ty":"tr","p":{"a":0,"k":[675.624,675.624],"ix":2},"a":{"a":0,"k":[675.624,675.624],"ix":1},"s":{"a":0,"k":[100,100],"ix":3},"r":{"a":1,"k":[{"i":{"x":[0.833],"y":[0.833]},"o":{"x":[0.167],"y":[0.167]},"t":0,"s":[-4]},{"t":300,"s":[70.899]}],"ix":6},"o":{"a":0,"k":100,"ix":7},"sk":{"a":0,"k":0,"ix":4},"sa":{"a":0,"k":0,"ix":5},"nm":"Transform"}],"nm":"Group 1","np":24,"cix":2,"bm":0,"ix":1,"mn":"ADBE Vector Group","hd":false},{"ty":"gf","o":{"a":0,"k":100,"ix":10},"r":1,"bm":0,"g":{"p":5,"k":{"a":0,"k":[0.345,1,0.969,0.702,0.471,1,0.902,0.424,0.695,1,0.835,0.145,0.847,1,0.835,0.145,1,1,0.835,0.145,0.605,1,0.821,0.5,0.97,0],"ix":9}},"s":{"a":0,"k":[692.607,573.348],"ix":5},"e":{"a":0,"k":[709.325,31.329],"ix":6},"t":2,"h":{"a":0,"k":0.108,"ix":7},"a":{"a":0,"k":250.19,"ix":8},"nm":"Gradient Fill 1","mn":"ADBE Vector Graphic - G-Fill","hd":false},{"ty":"tr","p":{"a":0,"k":[675.624,675.624],"ix":2},"a":{"a":0,"k":[675.624,675.624],"ix":1},"s":{"a":0,"k":[100,100],"ix":3},"r":{"a":0,"k":0,"ix":6},"o":{"a":0,"k":100,"ix":7},"sk":{"a":0,"k":0,"ix":4},"sa":{"a":0,"k":0,"ix":5},"nm":"Transform"}],"nm":"Group 1","np":2,"cix":2,"bm":0,"ix":1,"mn":"ADBE Vector Group","hd":false}],"ip":0,"op":300,"st":0,"bm":0}]}],"layers":[{"ddd":0,"ind":1,"ty":4,"nm":"sun reflection 1","sr":1,"ks":{"o":{"a":0,"k":100,"ix":11},"r":{"a":0,"k":0,"ix":10},"p":{"a":1,"k":[{"i":{"x":0.833,"y":0.852},"o":{"x":0.333,"y":0},"t":-12,"s":[488.529,683.451,0],"to":[4,0,0],"ti":[-8,0,0]},{"i":{"x":0.667,"y":1},"o":{"x":0.167,"y":0.185},"t":20,"s":[512.529,683.451,0],"to":[8,0,0],"ti":[0,0,0]},{"i":{"x":0.833,"y":0.829},"o":{"x":0.333,"y":0},"t":60,"s":[536.529,683.451,0],"to":[0,0,0],"ti":[8,0,0]},{"i":{"x":0.667,"y":1},"o":{"x":0.167,"y":0.162},"t":95.939,"s":[512.529,683.451,0],"to":[-8,0,0],"ti":[0,0,0]},{"i":{"x":0.833,"y":0.838},"o":{"x":0.333,"y":0},"t":130,"s":[488.529,683.451,0],"to":[0,0,0],"ti":[-8,0,0]},{"i":{"x":0.667,"y":1},"o":{"x":0.167,"y":0.171},"t":168,"s":[512.529,683.451,0],"to":[8,0,0],"ti":[0,0,0]},{"i":{"x":0.833,"y":0.846},"o":{"x":0.333,"y":0},"t":208,"s":[536.529,683.451,0],"to":[0,0,0],"ti":[8,0,0]},{"i":{"x":0.667,"y":1},"o":{"x":0.167,"y":0.179},"t":244,"s":[512.529,683.451,0],"to":[-8,0,0],"ti":[0,0,0]},{"i":{"x":0.833,"y":0.852},"o":{"x":0.333,"y":0},"t":286,"s":[488.529,683.451,0],"to":[0,0,0],"ti":[-8,0,0]},{"i":{"x":0.667,"y":1},"o":{"x":0.167,"y":0.185},"t":318,"s":[512.529,683.451,0],"to":[8,0,0],"ti":[0,0,0]},{"i":{"x":0.833,"y":0.829},"o":{"x":0.333,"y":0},"t":358,"s":[536.529,683.451,0],"to":[0,0,0],"ti":[8,0,0]},{"i":{"x":0.667,"y":1},"o":{"x":0.167,"y":0.162},"t":393.939,"s":[512.529,683.451,0],"to":[-8,0,0],"ti":[0,0,0]},{"i":{"x":0.833,"y":0.838},"o":{"x":0.333,"y":0},"t":428,"s":[488.529,683.451,0],"to":[0,0,0],"ti":[-8,0,0]},{"i":{"x":0.667,"y":1},"o":{"x":0.167,"y":0.171},"t":466,"s":[512.529,683.451,0],"to":[8,0,0],"ti":[0,0,0]},{"i":{"x":0.833,"y":0.846},"o":{"x":0.333,"y":0},"t":506,"s":[536.529,683.451,0],"to":[0,0,0],"ti":[8,0,0]},{"i":{"x":0.667,"y":1},"o":{"x":0.167,"y":0.179},"t":542,"s":[512.529,683.451,0],"to":[-8,0,0],"ti":[4,0,0]},{"t":584,"s":[488.529,683.451,0]}],"ix":2,"l":2},"a":{"a":0,"k":[228.29,25.37,0],"ix":1,"l":2},"s":{"a":0,"k":[100,100,100],"ix":6,"l":2}},"ao":0,"shapes":[{"ty":"gr","it":[{"ind":0,"ty":"sh","ix":1,"ks":{"a":1,"k":[{"i":{"x":0.667,"y":1},"o":{"x":0.333,"y":0},"t":-12,"s":[{"i":[[1.12,-18.88],[-24,-0.561],[-12,-0.399],[1.12,18.88],[12,0],[67.44,0],[11.36,-0.559]],"o":[[-0.96,16],[24,0.56],[18.88,0.561],[-1.12,-18.88],[-8.08,0],[-67.44,0],[-11.36,0.561]],"v":[[-227.08,-3.44],[-191.08,24.56],[193.72,24],[226.92,-3.44],[195.48,-24.56],[-19.48,-25.12],[-200.12,-24]],"c":true}]},{"i":{"x":0.667,"y":1},"o":{"x":0.333,"y":0},"t":70,"s":[{"i":[[1.12,-18.88],[-24,-0.561],[-12,-0.399],[1.12,18.88],[12,0],[67.44,0],[11.36,-0.559]],"o":[[-0.96,16],[24,0.56],[18.88,0.561],[-1.12,-18.88],[-8.08,0],[-67.44,0],[-11.36,0.561]],"v":[[-239.08,-3.44],[-203.08,24.56],[193.72,24],[226.92,-3.44],[195.48,-24.56],[-19.48,-25.12],[-212.12,-24]],"c":true}]},{"i":{"x":0.667,"y":1},"o":{"x":0.333,"y":0},"t":140,"s":[{"i":[[1.12,-18.88],[-24,-0.561],[-12,-0.399],[1.12,18.88],[12,0],[67.44,0],[11.36,-0.559]],"o":[[-0.96,16],[24,0.56],[18.88,0.561],[-1.12,-18.88],[-8.08,0],[-67.44,0],[-11.36,0.561]],"v":[[-227.08,-3.44],[-191.08,24.56],[193.72,24],[226.92,-3.44],[195.48,-24.56],[-19.48,-25.12],[-200.12,-24]],"c":true}]},{"i":{"x":0.667,"y":1},"o":{"x":0.333,"y":0},"t":212,"s":[{"i":[[1.12,-18.88],[-24,-0.561],[-12,-0.399],[1.12,18.88],[12,0],[67.44,0],[11.36,-0.559]],"o":[[-0.96,16],[24,0.56],[18.88,0.561],[-1.12,-18.88],[-8.08,0],[-67.44,0],[-11.36,0.561]],"v":[[-239.08,-3.44],[-203.08,24.56],[193.72,24],[226.92,-3.44],[195.48,-24.56],[-19.48,-25.12],[-212.12,-24]],"c":true}]},{"i":{"x":0.667,"y":1},"o":{"x":0.333,"y":0},"t":286,"s":[{"i":[[1.12,-18.88],[-24,-0.561],[-12,-0.399],[1.12,18.88],[12,0],[67.44,0],[11.36,-0.559]],"o":[[-0.96,16],[24,0.56],[18.88,0.561],[-1.12,-18.88],[-8.08,0],[-67.44,0],[-11.36,0.561]],"v":[[-227.08,-3.44],[-191.08,24.56],[193.72,24],[226.92,-3.44],[195.48,-24.56],[-19.48,-25.12],[-200.12,-24]],"c":true}]},{"i":{"x":0.667,"y":1},"o":{"x":0.333,"y":0},"t":368,"s":[{"i":[[1.12,-18.88],[-24,-0.561],[-12,-0.399],[1.12,18.88],[12,0],[67.44,0],[11.36,-0.559]],"o":[[-0.96,16],[24,0.56],[18.88,0.561],[-1.12,-18.88],[-8.08,0],[-67.44,0],[-11.36,0.561]],"v":[[-239.08,-3.44],[-203.08,24.56],[193.72,24],[226.92,-3.44],[195.48,-24.56],[-19.48,-25.12],[-212.12,-24]],"c":true}]},{"i":{"x":0.667,"y":1},"o":{"x":0.333,"y":0},"t":438,"s":[{"i":[[1.12,-18.88],[-24,-0.561],[-12,-0.399],[1.12,18.88],[12,0],[67.44,0],[11.36,-0.559]],"o":[[-0.96,16],[24,0.56],[18.88,0.561],[-1.12,-18.88],[-8.08,0],[-67.44,0],[-11.36,0.561]],"v":[[-227.08,-3.44],[-191.08,24.56],[193.72,24],[226.92,-3.44],[195.48,-24.56],[-19.48,-25.12],[-200.12,-24]],"c":true}]},{"i":{"x":0.667,"y":1},"o":{"x":0.333,"y":0},"t":510,"s":[{"i":[[1.12,-18.88],[-24,-0.561],[-12,-0.399],[1.12,18.88],[12,0],[67.44,0],[11.36,-0.559]],"o":[[-0.96,16],[24,0.56],[18.88,0.561],[-1.12,-18.88],[-8.08,0],[-67.44,0],[-11.36,0.561]],"v":[[-239.08,-3.44],[-203.08,24.56],[193.72,24],[226.92,-3.44],[195.48,-24.56],[-19.48,-25.12],[-212.12,-24]],"c":true}]},{"t":584,"s":[{"i":[[1.12,-18.88],[-24,-0.561],[-12,-0.399],[1.12,18.88],[12,0],[67.44,0],[11.36,-0.559]],"o":[[-0.96,16],[24,0.56],[18.88,0.561],[-1.12,-18.88],[-8.08,0],[-67.44,0],[-11.36,0.561]],"v":[[-227.08,-3.44],[-191.08,24.56],[193.72,24],[226.92,-3.44],[195.48,-24.56],[-19.48,-25.12],[-200.12,-24]],"c":true}]}],"ix":2},"nm":"Path 1","mn":"ADBE Vector Shape - Group","hd":false},{"ty":"fl","c":{"a":0,"k":[1,1,1,1],"ix":4},"o":{"a":0,"k":100,"ix":5},"r":1,"bm":0,"nm":"Fill 1","mn":"ADBE Vector Graphic - Fill","hd":false},{"ty":"tr","p":{"a":0,"k":[228.29,25.371],"ix":2},"a":{"a":0,"k":[0,0],"ix":1},"s":{"a":0,"k":[100,100],"ix":3},"r":{"a":0,"k":0,"ix":6},"o":{"a":0,"k":100,"ix":7},"sk":{"a":0,"k":0,"ix":4},"sa":{"a":0,"k":0,"ix":5},"nm":"Transform"}],"nm":"Group 1","np":2,"cix":2,"bm":0,"ix":1,"mn":"ADBE Vector Group","hd":false}],"ip":-12,"op":594,"st":-12,"bm":0},{"ddd":0,"ind":2,"ty":4,"nm":"sun reflection 2","sr":1,"ks":{"o":{"a":0,"k":100,"ix":11},"r":{"a":0,"k":0,"ix":10},"p":{"a":1,"k":[{"i":{"x":0.833,"y":0.829},"o":{"x":0.333,"y":0},"t":-14,"s":[535.249,756.892,0],"to":[-4,0,0],"ti":[8,0,0]},{"i":{"x":0.667,"y":1},"o":{"x":0.167,"y":0.163},"t":28,"s":[511.249,756.892,0],"to":[-8,0,0],"ti":[0,0,0]},{"i":{"x":0.833,"y":0.829},"o":{"x":0.333,"y":0},"t":68,"s":[487.249,756.892,0],"to":[0,0,0],"ti":[-8,0,0]},{"i":{"x":0.667,"y":1},"o":{"x":0.167,"y":0.162},"t":104,"s":[511.249,756.892,0],"to":[8,0,0],"ti":[0,0,0]},{"i":{"x":0.833,"y":0.838},"o":{"x":0.333,"y":0},"t":138,"s":[535.249,756.892,0],"to":[0,0,0],"ti":[8,0,0]},{"i":{"x":0.667,"y":1},"o":{"x":0.167,"y":0.171},"t":176,"s":[511.249,756.892,0],"to":[-8,0,0],"ti":[0,0,0]},{"i":{"x":0.833,"y":0.824},"o":{"x":0.333,"y":0},"t":216,"s":[487.249,756.892,0],"to":[0,0,0],"ti":[-8,0,0]},{"i":{"x":0.667,"y":1},"o":{"x":0.167,"y":0.157},"t":252,"s":[511.249,756.892,0],"to":[8,0,0],"ti":[0,0,0]},{"i":{"x":0.833,"y":0.829},"o":{"x":0.333,"y":0},"t":284,"s":[535.249,756.892,0],"to":[0,0,0],"ti":[8,0,0]},{"i":{"x":0.667,"y":1},"o":{"x":0.167,"y":0.163},"t":326,"s":[511.249,756.892,0],"to":[-8,0,0],"ti":[0,0,0]},{"i":{"x":0.833,"y":0.829},"o":{"x":0.333,"y":0},"t":366,"s":[487.249,756.892,0],"to":[0,0,0],"ti":[-8,0,0]},{"i":{"x":0.667,"y":1},"o":{"x":0.167,"y":0.162},"t":402,"s":[511.249,756.892,0],"to":[8,0,0],"ti":[0,0,0]},{"i":{"x":0.833,"y":0.838},"o":{"x":0.333,"y":0},"t":436,"s":[535.249,756.892,0],"to":[0,0,0],"ti":[8,0,0]},{"i":{"x":0.667,"y":1},"o":{"x":0.167,"y":0.171},"t":474,"s":[511.249,756.892,0],"to":[-8,0,0],"ti":[0,0,0]},{"i":{"x":0.833,"y":0.824},"o":{"x":0.333,"y":0},"t":514,"s":[487.249,756.892,0],"to":[0,0,0],"ti":[-8,0,0]},{"i":{"x":0.667,"y":1},"o":{"x":0.167,"y":0.157},"t":550,"s":[511.249,756.892,0],"to":[8,0,0],"ti":[-4,0,0]},{"t":582,"s":[535.249,756.892,0]}],"ix":2,"l":2},"a":{"a":0,"k":[190.69,23.37,0],"ix":1,"l":2},"s":{"a":0,"k":[100,100,100],"ix":6,"l":2}},"ao":0,"shapes":[{"ty":"gr","it":[{"ind":0,"ty":"sh","ix":1,"ks":{"a":1,"k":[{"i":{"x":0.667,"y":1},"o":{"x":0.333,"y":0},"t":-14,"s":[{"i":[[0.56,-14.88],[-20.56,-0.559],[-56.08,0],[-14.24,0],[0.56,15.441],[20.56,0.561],[53.2,0.561],[12.08,0]],"o":[[-0.72,19.439],[20.56,0.561],[56.08,0],[12,0],[-0.48,-12.08],[-20.56,-0.559],[-53.2,-0.559],[-11.92,0]],"v":[[-189.72,-0.88],[-153.72,22.559],[4.68,23.12],[165.32,22],[189.88,-1.441],[161.88,-22.561],[-70.28,-22.561],[-161.8,-22.561]],"c":true}]},{"i":{"x":0.667,"y":1},"o":{"x":0.333,"y":0},"t":62,"s":[{"i":[[0.56,-14.88],[-20.56,-0.559],[-56.08,0],[-14.24,0],[0.56,15.441],[20.56,0.561],[53.2,0.561],[12.08,0]],"o":[[-0.72,19.439],[20.56,0.561],[56.08,0],[12,0],[-0.48,-12.08],[-20.56,-0.559],[-53.2,-0.559],[-11.92,0]],"v":[[-189.72,-0.88],[-153.72,22.559],[4.68,23.12],[145.32,22],[169.88,-1.441],[141.88,-22.561],[-70.28,-22.561],[-161.8,-22.561]],"c":true}]},{"i":{"x":0.667,"y":1},"o":{"x":0.333,"y":0},"t":132,"s":[{"i":[[0.56,-14.88],[-20.56,-0.559],[-56.08,0],[-14.24,0],[0.56,15.441],[20.56,0.561],[53.2,0.561],[12.08,0]],"o":[[-0.72,19.439],[20.56,0.561],[56.08,0],[12,0],[-0.48,-12.08],[-20.56,-0.559],[-53.2,-0.559],[-11.92,0]],"v":[[-189.72,-0.88],[-153.72,22.559],[4.68,23.12],[165.32,22],[189.88,-1.441],[161.88,-22.561],[-70.28,-22.561],[-161.8,-22.561]],"c":true}]},{"i":{"x":0.833,"y":1},"o":{"x":0.333,"y":0},"t":214,"s":[{"i":[[0.56,-14.88],[-20.56,-0.559],[-56.08,0],[-14.24,0],[0.56,15.441],[20.56,0.561],[53.2,0.561],[12.08,0]],"o":[[-0.72,19.439],[20.56,0.561],[56.08,0],[12,0],[-0.48,-12.08],[-20.56,-0.559],[-53.2,-0.559],[-11.92,0]],"v":[[-189.72,-0.88],[-153.72,22.559],[4.68,23.12],[145.32,22],[169.88,-1.441],[141.88,-22.561],[-70.28,-22.561],[-161.8,-22.561]],"c":true}]},{"i":{"x":0.667,"y":1},"o":{"x":0.333,"y":0},"t":284,"s":[{"i":[[0.56,-14.88],[-20.56,-0.559],[-56.08,0],[-14.24,0],[0.56,15.441],[20.56,0.561],[53.2,0.561],[12.08,0]],"o":[[-0.72,19.439],[20.56,0.561],[56.08,0],[12,0],[-0.48,-12.08],[-20.56,-0.559],[-53.2,-0.559],[-11.92,0]],"v":[[-189.72,-0.88],[-153.72,22.559],[4.68,23.12],[165.32,22],[189.88,-1.441],[161.88,-22.561],[-70.28,-22.561],[-161.8,-22.561]],"c":true}]},{"i":{"x":0.667,"y":1},"o":{"x":0.333,"y":0},"t":360,"s":[{"i":[[0.56,-14.88],[-20.56,-0.559],[-56.08,0],[-14.24,0],[0.56,15.441],[20.56,0.561],[53.2,0.561],[12.08,0]],"o":[[-0.72,19.439],[20.56,0.561],[56.08,0],[12,0],[-0.48,-12.08],[-20.56,-0.559],[-53.2,-0.559],[-11.92,0]],"v":[[-189.72,-0.88],[-153.72,22.559],[4.68,23.12],[145.32,22],[169.88,-1.441],[141.88,-22.561],[-70.28,-22.561],[-161.8,-22.561]],"c":true}]},{"i":{"x":0.667,"y":1},"o":{"x":0.333,"y":0},"t":430,"s":[{"i":[[0.56,-14.88],[-20.56,-0.559],[-56.08,0],[-14.24,0],[0.56,15.441],[20.56,0.561],[53.2,0.561],[12.08,0]],"o":[[-0.72,19.439],[20.56,0.561],[56.08,0],[12,0],[-0.48,-12.08],[-20.56,-0.559],[-53.2,-0.559],[-11.92,0]],"v":[[-189.72,-0.88],[-153.72,22.559],[4.68,23.12],[165.32,22],[189.88,-1.441],[161.88,-22.561],[-70.28,-22.561],[-161.8,-22.561]],"c":true}]},{"i":{"x":0.667,"y":1},"o":{"x":0.333,"y":0},"t":512,"s":[{"i":[[0.56,-14.88],[-20.56,-0.559],[-56.08,0],[-14.24,0],[0.56,15.441],[20.56,0.561],[53.2,0.561],[12.08,0]],"o":[[-0.72,19.439],[20.56,0.561],[56.08,0],[12,0],[-0.48,-12.08],[-20.56,-0.559],[-53.2,-0.559],[-11.92,0]],"v":[[-189.72,-0.88],[-153.72,22.559],[4.68,23.12],[145.32,22],[169.88,-1.441],[141.88,-22.561],[-70.28,-22.561],[-161.8,-22.561]],"c":true}]},{"t":582,"s":[{"i":[[0.56,-14.88],[-20.56,-0.559],[-56.08,0],[-14.24,0],[0.56,15.441],[20.56,0.561],[53.2,0.561],[12.08,0]],"o":[[-0.72,19.439],[20.56,0.561],[56.08,0],[12,0],[-0.48,-12.08],[-20.56,-0.559],[-53.2,-0.559],[-11.92,0]],"v":[[-189.72,-0.88],[-153.72,22.559],[4.68,23.12],[165.32,22],[189.88,-1.441],[161.88,-22.561],[-70.28,-22.561],[-161.8,-22.561]],"c":true}]}],"ix":2},"nm":"Path 1","mn":"ADBE Vector Shape - Group","hd":false},{"ty":"fl","c":{"a":0,"k":[1,1,1,1],"ix":4},"o":{"a":0,"k":100,"ix":5},"r":1,"bm":0,"nm":"Fill 1","mn":"ADBE Vector Graphic - Fill","hd":false},{"ty":"tr","p":{"a":0,"k":[190.69,23.37],"ix":2},"a":{"a":0,"k":[0,0],"ix":1},"s":{"a":0,"k":[100,100],"ix":3},"r":{"a":0,"k":0,"ix":6},"o":{"a":0,"k":100,"ix":7},"sk":{"a":0,"k":0,"ix":4},"sa":{"a":0,"k":0,"ix":5},"nm":"Transform"}],"nm":"Group 1","np":2,"cix":2,"bm":0,"ix":1,"mn":"ADBE Vector Group","hd":false}],"ip":-14,"op":584,"st":-14,"bm":0},{"ddd":0,"ind":3,"ty":4,"nm":"sun reflection 3","sr":1,"ks":{"o":{"a":0,"k":100,"ix":11},"r":{"a":0,"k":0,"ix":10},"p":{"a":1,"k":[{"i":{"x":0.833,"y":0.838},"o":{"x":0.333,"y":0},"t":0,"s":[500.769,823.731,0],"to":[2.667,0,0],"ti":[-5.333,0,0]},{"i":{"x":0.667,"y":1},"o":{"x":0.167,"y":0.171},"t":38,"s":[516.769,823.731,0],"to":[5.333,0,0],"ti":[0,0,0]},{"i":{"x":0.833,"y":0.829},"o":{"x":0.333,"y":0},"t":78,"s":[532.769,823.731,0],"to":[0,0,0],"ti":[5.333,0,0]},{"i":{"x":0.667,"y":1},"o":{"x":0.167,"y":0.162},"t":114,"s":[516.769,823.731,0],"to":[-5.333,0,0],"ti":[0,0,0]},{"i":{"x":0.833,"y":0.838},"o":{"x":0.333,"y":0},"t":148,"s":[500.769,823.731,0],"to":[0,0,0],"ti":[-5.333,0,0]},{"i":{"x":0.667,"y":1},"o":{"x":0.167,"y":0.171},"t":186,"s":[516.769,823.731,0],"to":[5.333,0,0],"ti":[0,0,0]},{"i":{"x":0.833,"y":0.833},"o":{"x":0.333,"y":0},"t":226,"s":[532.769,823.731,0],"to":[0,0,0],"ti":[5.333,0,0]},{"i":{"x":0.667,"y":1},"o":{"x":0.167,"y":0.167},"t":262,"s":[516.769,823.731,0],"to":[-5.333,0,0],"ti":[2.667,0,0]},{"t":298,"s":[500.769,823.731,0]}],"ix":2,"l":2},"a":{"a":0,"k":[128.61,20.85,0],"ix":1,"l":2},"s":{"a":0,"k":[100,100,100],"ix":6,"l":2}},"ao":0,"shapes":[{"ty":"gr","it":[{"ind":0,"ty":"sh","ix":1,"ks":{"a":1,"k":[{"i":{"x":0.667,"y":1},"o":{"x":0.333,"y":0},"t":2,"s":[{"i":[[-0.64,-13.68],[-14.88,0],[-14.24,0.56],[-0.56,11.44],[13.68,0],[11.44,-0.56]],"o":[[0.56,14.32],[14.88,0],[14.32,-0.56],[0.56,-11.44],[-13.68,0],[-11.36,0.72]],"v":[[-127.72,-1.08],[-99.72,18.92],[103.8,20.04],[127.8,-1.72],[104.36,-19.48],[-104.36,-20.04]],"c":true}]},{"i":{"x":0.667,"y":1},"o":{"x":0.333,"y":0},"t":74,"s":[{"i":[[-0.64,-13.68],[-14.88,0],[-14.24,0.56],[-0.56,11.44],[13.68,0],[11.44,-0.56]],"o":[[0.56,14.32],[14.88,0],[14.32,-0.56],[0.56,-11.44],[-13.68,0],[-11.36,0.72]],"v":[[-127.72,-1.08],[-99.72,18.92],[83.8,20.04],[107.8,-1.72],[84.36,-19.48],[-104.36,-20.04]],"c":true}]},{"i":{"x":0.667,"y":1},"o":{"x":0.333,"y":0},"t":144,"s":[{"i":[[-0.64,-13.68],[-14.88,0],[-14.24,0.56],[-0.56,11.44],[13.68,0],[11.44,-0.56]],"o":[[0.56,14.32],[14.88,0],[14.32,-0.56],[0.56,-11.44],[-13.68,0],[-11.36,0.72]],"v":[[-127.72,-1.08],[-99.72,18.92],[103.8,20.04],[127.8,-1.72],[104.36,-19.48],[-104.36,-20.04]],"c":true}]},{"i":{"x":0.667,"y":1},"o":{"x":0.333,"y":0},"t":216,"s":[{"i":[[-0.64,-13.68],[-14.88,0],[-14.24,0.56],[-0.56,11.44],[13.68,0],[11.44,-0.56]],"o":[[0.56,14.32],[14.88,0],[14.32,-0.56],[0.56,-11.44],[-13.68,0],[-11.36,0.72]],"v":[[-127.72,-1.08],[-99.72,18.92],[83.8,20.04],[107.8,-1.72],[84.36,-19.48],[-104.36,-20.04]],"c":true}]},{"t":300,"s":[{"i":[[-0.64,-13.68],[-14.88,0],[-14.24,0.56],[-0.56,11.44],[13.68,0],[11.44,-0.56]],"o":[[0.56,14.32],[14.88,0],[14.32,-0.56],[0.56,-11.44],[-13.68,0],[-11.36,0.72]],"v":[[-127.72,-1.08],[-99.72,18.92],[103.8,20.04],[127.8,-1.72],[104.36,-19.48],[-104.36,-20.04]],"c":true}]}],"ix":2},"nm":"Path 1","mn":"ADBE Vector Shape - Group","hd":false},{"ty":"fl","c":{"a":0,"k":[1,1,1,1],"ix":4},"o":{"a":0,"k":100,"ix":5},"r":1,"bm":0,"nm":"Fill 1","mn":"ADBE Vector Graphic - Fill","hd":false},{"ty":"tr","p":{"a":0,"k":[128.61,20.85],"ix":2},"a":{"a":0,"k":[0,0],"ix":1},"s":{"a":0,"k":[100,100],"ix":3},"r":{"a":0,"k":0,"ix":6},"o":{"a":0,"k":100,"ix":7},"sk":{"a":0,"k":0,"ix":4},"sa":{"a":0,"k":0,"ix":5},"nm":"Transform"}],"nm":"Group 1","np":2,"cix":2,"bm":0,"ix":1,"mn":"ADBE Vector Group","hd":false}],"ip":0,"op":300,"st":0,"bm":0},{"ddd":0,"ind":4,"ty":4,"nm":"sun reflection","sr":1,"ks":{"o":{"a":0,"k":100,"ix":11},"r":{"a":0,"k":0,"ix":10},"p":{"a":1,"k":[{"i":{"x":0.833,"y":0.838},"o":{"x":0.333,"y":0},"t":0,"s":[530.809,856.411,0],"to":[-2,0,0],"ti":[4,0,0]},{"i":{"x":0.667,"y":1},"o":{"x":0.167,"y":0.171},"t":38,"s":[518.809,856.411,0],"to":[-4,0,0],"ti":[0,0,0]},{"i":{"x":0.833,"y":0.829},"o":{"x":0.333,"y":0},"t":78,"s":[506.809,856.411,0],"to":[0,0,0],"ti":[-4,0,0]},{"i":{"x":0.667,"y":1},"o":{"x":0.167,"y":0.162},"t":114,"s":[518.809,856.411,0],"to":[4,0,0],"ti":[0,0,0]},{"i":{"x":0.833,"y":0.838},"o":{"x":0.333,"y":0},"t":148,"s":[530.809,856.411,0],"to":[0,0,0],"ti":[4,0,0]},{"i":{"x":0.667,"y":1},"o":{"x":0.167,"y":0.171},"t":186,"s":[518.809,856.411,0],"to":[-4,0,0],"ti":[0,0,0]},{"i":{"x":0.833,"y":0.833},"o":{"x":0.333,"y":0},"t":226,"s":[506.809,856.411,0],"to":[0,0,0],"ti":[-4,0,0]},{"i":{"x":0.667,"y":1},"o":{"x":0.167,"y":0.167},"t":262,"s":[518.809,856.411,0],"to":[4,0,0],"ti":[-2,0,0]},{"t":298,"s":[530.809,856.411,0]}],"ix":2,"l":2},"a":{"a":0,"k":[70.57,20.25,0],"ix":1,"l":2},"s":{"a":0,"k":[100,100,100],"ix":6,"l":2}},"ao":0,"shapes":[{"ty":"gr","it":[{"ind":0,"ty":"sh","ix":1,"ks":{"a":1,"k":[{"i":{"x":0.667,"y":1},"o":{"x":0.333,"y":0},"t":0,"s":[{"i":[[-1.12,-10.319],[-20.64,-0.561],[-11.44,0.48],[-0.32,9.2],[0,0],[0,0]],"o":[[1.28,11.44],[20.56,0.559],[12.56,-0.56],[0.56,-15.439],[0,0],[0,0]],"v":[[-69.2,-1.12],[-42.88,19.441],[50.88,18.88],[69.76,-1.12],[56,-20],[-57.76,-18.88]],"c":true}]},{"i":{"x":0.667,"y":1},"o":{"x":0.333,"y":0},"t":62,"s":[{"i":[[-1.12,-10.319],[-20.64,-0.561],[-11.44,0.48],[-0.32,9.2],[0,0],[0,0]],"o":[[1.28,11.44],[20.56,0.559],[12.56,-0.56],[0.56,-15.439],[0,0],[0,0]],"v":[[-69.2,-1.12],[-42.88,19.441],[10.88,17.921],[29.76,-2.079],[16,-20.959],[-57.76,-18.88]],"c":true}]},{"i":{"x":0.667,"y":1},"o":{"x":0.333,"y":0},"t":132,"s":[{"i":[[-1.12,-10.319],[-20.64,-0.561],[-11.44,0.48],[-0.32,9.2],[0,0],[0,0]],"o":[[1.28,11.44],[20.56,0.559],[12.56,-0.56],[0.56,-15.439],[0,0],[0,0]],"v":[[-69.2,-1.12],[-42.88,19.441],[50.88,18.88],[69.76,-1.12],[56,-20],[-57.76,-18.88]],"c":true}]},{"i":{"x":0.667,"y":1},"o":{"x":0.333,"y":0},"t":210,"s":[{"i":[[-1.12,-10.319],[-20.64,-0.561],[-11.44,0.48],[-0.32,9.2],[0,0],[0,0]],"o":[[1.28,11.44],[20.56,0.559],[12.56,-0.56],[0.56,-15.439],[0,0],[0,0]],"v":[[-69.2,-1.12],[-42.88,19.441],[10.88,17.921],[29.76,-2.079],[16,-20.959],[-57.76,-18.88]],"c":true}]},{"t":298,"s":[{"i":[[-1.12,-10.319],[-20.64,-0.561],[-11.44,0.48],[-0.32,9.2],[0,0],[0,0]],"o":[[1.28,11.44],[20.56,0.559],[12.56,-0.56],[0.56,-15.439],[0,0],[0,0]],"v":[[-69.2,-1.12],[-42.88,19.441],[50.88,18.88],[69.76,-1.12],[56,-20],[-57.76,-18.88]],"c":true}]}],"ix":2},"nm":"Path 1","mn":"ADBE Vector Shape - Group","hd":false},{"ty":"fl","c":{"a":0,"k":[1,1,1,1],"ix":4},"o":{"a":0,"k":100,"ix":5},"r":1,"bm":0,"nm":"Fill 1","mn":"ADBE Vector Graphic - Fill","hd":false},{"ty":"tr","p":{"a":0,"k":[70.57,20.25],"ix":2},"a":{"a":0,"k":[0,0],"ix":1},"s":{"a":0,"k":[100,100],"ix":3},"r":{"a":0,"k":0,"ix":6},"o":{"a":0,"k":100,"ix":7},"sk":{"a":0,"k":0,"ix":4},"sa":{"a":0,"k":0,"ix":5},"nm":"Transform"}],"nm":"Group 1","np":2,"cix":2,"bm":0,"ix":1,"mn":"ADBE Vector Group","hd":false}],"ip":0,"op":300,"st":0,"bm":0},{"ddd":0,"ind":5,"ty":4,"nm":"reflection 1","sr":1,"ks":{"o":{"a":0,"k":100,"ix":11},"r":{"a":0,"k":0,"ix":10},"p":{"a":1,"k":[{"i":{"x":0.667,"y":1},"o":{"x":0.333,"y":0},"t":-44,"s":[172.008,725.972,0],"to":[4.667,0,0],"ti":[0,0,0]},{"i":{"x":0.667,"y":1},"o":{"x":0.333,"y":0},"t":26,"s":[200.008,725.972,0],"to":[0,0,0],"ti":[0,0,0]},{"i":{"x":0.667,"y":1},"o":{"x":0.333,"y":0},"t":96,"s":[172.008,725.972,0],"to":[0,0,0],"ti":[0,0,0]},{"i":{"x":0.667,"y":1},"o":{"x":0.167,"y":0},"t":174,"s":[200.008,725.972,0],"to":[0,0,0],"ti":[0,0,0]},{"i":{"x":0.667,"y":1},"o":{"x":0.333,"y":0},"t":254,"s":[172.008,725.972,0],"to":[0,0,0],"ti":[0,0,0]},{"i":{"x":0.667,"y":1},"o":{"x":0.333,"y":0},"t":324,"s":[200.008,725.972,0],"to":[0,0,0],"ti":[0,0,0]},{"i":{"x":0.667,"y":1},"o":{"x":0.333,"y":0},"t":394,"s":[172.008,725.972,0],"to":[0,0,0],"ti":[0,0,0]},{"i":{"x":0.667,"y":1},"o":{"x":0.167,"y":0},"t":472,"s":[200.008,725.972,0],"to":[0,0,0],"ti":[4.667,0,0]},{"t":552,"s":[172.008,725.972,0]}],"ix":2,"l":2},"a":{"a":0,"k":[49.69,19.41,0],"ix":1,"l":2},"s":{"a":0,"k":[100,100,100],"ix":6,"l":2}},"ao":0,"shapes":[{"ty":"gr","it":[{"ind":0,"ty":"sh","ix":1,"ks":{"a":1,"k":[{"i":{"x":0.667,"y":1},"o":{"x":0.333,"y":0},"t":-44,"s":[{"i":[[0,-9.68],[-15.44,-0.56],[-10.32,1.121],[-0.56,10.88],[14.24,0],[9.76,0]],"o":[[0,16],[15.44,0.561],[10.32,-1.12],[0.56,-10.88],[-14.24,0],[-9.68,0.08]],"v":[[-49.44,-1.401],[-20.88,18.599],[-4,18.2],[14.88,-1.24],[-9.68,-19],[-28.88,-18.601]],"c":true}]},{"i":{"x":0.667,"y":1},"o":{"x":0.167,"y":0},"t":40,"s":[{"i":[[0,-9.68],[-15.44,-0.56],[-10.32,1.121],[-0.56,10.88],[14.24,0],[9.76,0]],"o":[[0,16],[15.44,0.561],[10.32,-1.12],[0.56,-10.88],[-14.24,0],[-9.68,0.08]],"v":[[-49.44,-1.401],[-20.88,18.599],[30,18.039],[48.88,-1.401],[24.32,-19.16],[-28.88,-18.601]],"c":true}]},{"i":{"x":0.667,"y":1},"o":{"x":0.333,"y":0},"t":110,"s":[{"i":[[0,-9.68],[-15.44,-0.56],[-10.32,1.121],[-0.56,10.88],[14.24,0],[9.76,0]],"o":[[0,16],[15.44,0.561],[10.32,-1.12],[0.56,-10.88],[-14.24,0],[-9.68,0.08]],"v":[[-49.44,-1.401],[-20.88,18.599],[-4,18.2],[14.88,-1.24],[-9.68,-19],[-28.88,-18.601]],"c":true}]},{"i":{"x":0.667,"y":1},"o":{"x":0.167,"y":0},"t":188,"s":[{"i":[[0,-9.68],[-15.44,-0.56],[-10.32,1.121],[-0.56,10.88],[14.24,0],[9.76,0]],"o":[[0,16],[15.44,0.561],[10.32,-1.12],[0.56,-10.88],[-14.24,0],[-9.68,0.08]],"v":[[-49.44,-1.401],[-20.88,18.599],[30,18.039],[48.88,-1.401],[24.32,-19.16],[-28.88,-18.601]],"c":true}]},{"i":{"x":0.667,"y":1},"o":{"x":0.333,"y":0},"t":254,"s":[{"i":[[0,-9.68],[-15.44,-0.56],[-10.32,1.121],[-0.56,10.88],[14.24,0],[9.76,0]],"o":[[0,16],[15.44,0.561],[10.32,-1.12],[0.56,-10.88],[-14.24,0],[-9.68,0.08]],"v":[[-49.44,-1.401],[-20.88,18.599],[-4,18.2],[14.88,-1.24],[-9.68,-19],[-28.88,-18.601]],"c":true}]},{"i":{"x":0.667,"y":1},"o":{"x":0.167,"y":0},"t":338,"s":[{"i":[[0,-9.68],[-15.44,-0.56],[-10.32,1.121],[-0.56,10.88],[14.24,0],[9.76,0]],"o":[[0,16],[15.44,0.561],[10.32,-1.12],[0.56,-10.88],[-14.24,0],[-9.68,0.08]],"v":[[-49.44,-1.401],[-20.88,18.599],[30,18.039],[48.88,-1.401],[24.32,-19.16],[-28.88,-18.601]],"c":true}]},{"i":{"x":0.667,"y":1},"o":{"x":0.333,"y":0},"t":408,"s":[{"i":[[0,-9.68],[-15.44,-0.56],[-10.32,1.121],[-0.56,10.88],[14.24,0],[9.76,0]],"o":[[0,16],[15.44,0.561],[10.32,-1.12],[0.56,-10.88],[-14.24,0],[-9.68,0.08]],"v":[[-49.44,-1.401],[-20.88,18.599],[-4,18.2],[14.88,-1.24],[-9.68,-19],[-28.88,-18.601]],"c":true}]},{"i":{"x":0.667,"y":1},"o":{"x":0.167,"y":0},"t":486,"s":[{"i":[[0,-9.68],[-15.44,-0.56],[-10.32,1.121],[-0.56,10.88],[14.24,0],[9.76,0]],"o":[[0,16],[15.44,0.561],[10.32,-1.12],[0.56,-10.88],[-14.24,0],[-9.68,0.08]],"v":[[-49.44,-1.401],[-20.88,18.599],[30,18.039],[48.88,-1.401],[24.32,-19.16],[-28.88,-18.601]],"c":true}]},{"t":552,"s":[{"i":[[0,-9.68],[-15.44,-0.56],[-10.32,1.121],[-0.56,10.88],[14.24,0],[9.76,0]],"o":[[0,16],[15.44,0.561],[10.32,-1.12],[0.56,-10.88],[-14.24,0],[-9.68,0.08]],"v":[[-49.44,-1.401],[-20.88,18.599],[-4,18.2],[14.88,-1.24],[-9.68,-19],[-28.88,-18.601]],"c":true}]}],"ix":2},"nm":"Path 1","mn":"ADBE Vector Shape - Group","hd":false},{"ty":"fl","c":{"a":0,"k":[0.728999956916,0.952999997606,0.980000035903,1],"ix":4},"o":{"a":0,"k":100,"ix":5},"r":1,"bm":0,"nm":"Fill 1","mn":"ADBE Vector Graphic - Fill","hd":false},{"ty":"tr","p":{"a":0,"k":[49.69,19.411],"ix":2},"a":{"a":0,"k":[0,0],"ix":1},"s":{"a":0,"k":[100,100],"ix":3},"r":{"a":0,"k":0,"ix":6},"o":{"a":0,"k":100,"ix":7},"sk":{"a":0,"k":0,"ix":4},"sa":{"a":0,"k":0,"ix":5},"nm":"Transform"}],"nm":"Group 1","np":2,"cix":2,"bm":0,"ix":1,"mn":"ADBE Vector Group","hd":false}],"ip":-44,"op":560,"st":-44,"bm":0},{"ddd":0,"ind":6,"ty":4,"nm":"reflection 2","sr":1,"ks":{"o":{"a":0,"k":100,"ix":11},"r":{"a":0,"k":0,"ix":10},"p":{"a":1,"k":[{"i":{"x":0.667,"y":1},"o":{"x":0.333,"y":0},"t":0,"s":[260.049,775.492,0],"to":[-3.333,0,0],"ti":[0,0,0]},{"i":{"x":0.667,"y":1},"o":{"x":0.333,"y":0},"t":72,"s":[240.049,775.492,0],"to":[0,0,0],"ti":[0,0,0]},{"i":{"x":0.667,"y":1},"o":{"x":0.333,"y":0},"t":150,"s":[260.049,775.492,0],"to":[0,0,0],"ti":[0,0,0]},{"i":{"x":0.667,"y":1},"o":{"x":0.333,"y":0},"t":228,"s":[240.049,775.492,0],"to":[0,0,0],"ti":[-3.333,0,0]},{"t":298,"s":[260.049,775.492,0]}],"ix":2,"l":2},"a":{"a":0,"k":[48.53,20.85,0],"ix":1,"l":2},"s":{"a":0,"k":[100,100,100],"ix":6,"l":2}},"ao":0,"shapes":[{"ty":"gr","it":[{"ind":0,"ty":"sh","ix":1,"ks":{"a":1,"k":[{"i":{"x":0.667,"y":1},"o":{"x":0.333,"y":0},"t":0,"s":[{"i":[[14.88,-1.68],[-0.56,-8],[-14.24,0],[-10.24,1.121],[-0.56,9.681],[10.32,0.64]],"o":[[-17.04,2],[0.56,8],[14.24,0],[10.32,-1.12],[0.56,-9.68],[-10.24,-0.64]],"v":[[-27.72,-18.921],[-47.72,2.839],[-26.6,20.601],[33.4,19.479],[47.72,-1.081],[29.4,-18.841]],"c":true}]},{"i":{"x":0.667,"y":1},"o":{"x":0.333,"y":0},"t":84,"s":[{"i":[[14.88,-1.68],[-0.56,-8],[-14.24,0],[-10.24,1.121],[-0.56,9.681],[10.32,0.64]],"o":[[-17.04,2],[0.56,8],[14.24,0],[10.32,-1.12],[0.56,-9.68],[-10.24,-0.64]],"v":[[-27.72,-18.921],[-47.72,2.839],[-26.6,20.601],[-1.6,18.881],[12.72,-1.678],[-5.6,-19.438]],"c":true}]},{"i":{"x":0.667,"y":1},"o":{"x":0.333,"y":0},"t":162,"s":[{"i":[[14.88,-1.68],[-0.56,-8],[-14.24,0],[-10.24,1.121],[-0.56,9.681],[10.32,0.64]],"o":[[-17.04,2],[0.56,8],[14.24,0],[10.32,-1.12],[0.56,-9.68],[-10.24,-0.64]],"v":[[-27.72,-18.921],[-47.72,2.839],[-26.6,20.601],[33.4,19.479],[47.72,-1.081],[29.4,-18.841]],"c":true}]},{"i":{"x":0.667,"y":1},"o":{"x":0.333,"y":0},"t":240,"s":[{"i":[[14.88,-1.68],[-0.56,-8],[-14.24,0],[-10.24,1.121],[-0.56,9.681],[10.32,0.64]],"o":[[-17.04,2],[0.56,8],[14.24,0],[10.32,-1.12],[0.56,-9.68],[-10.24,-0.64]],"v":[[-27.72,-18.921],[-47.72,2.839],[-26.6,20.601],[-1.6,18.881],[12.72,-1.678],[-5.6,-19.438]],"c":true}]},{"t":298,"s":[{"i":[[14.88,-1.68],[-0.56,-8],[-14.24,0],[-10.24,1.121],[-0.56,9.681],[10.32,0.64]],"o":[[-17.04,2],[0.56,8],[14.24,0],[10.32,-1.12],[0.56,-9.68],[-10.24,-0.64]],"v":[[-27.72,-18.921],[-47.72,2.839],[-26.6,20.601],[33.4,19.479],[47.72,-1.081],[29.4,-18.841]],"c":true}]}],"ix":2},"nm":"Path 1","mn":"ADBE Vector Shape - Group","hd":false},{"ty":"fl","c":{"a":0,"k":[0.728999956916,0.952999997606,0.980000035903,1],"ix":4},"o":{"a":0,"k":100,"ix":5},"r":1,"bm":0,"nm":"Fill 1","mn":"ADBE Vector Graphic - Fill","hd":false},{"ty":"tr","p":{"a":0,"k":[48.53,20.851],"ix":2},"a":{"a":0,"k":[0,0],"ix":1},"s":{"a":0,"k":[100,100],"ix":3},"r":{"a":0,"k":0,"ix":6},"o":{"a":0,"k":100,"ix":7},"sk":{"a":0,"k":0,"ix":4},"sa":{"a":0,"k":0,"ix":5},"nm":"Transform"}],"nm":"Group 1","np":2,"cix":2,"bm":0,"ix":1,"mn":"ADBE Vector Group","hd":false}],"ip":0,"op":300,"st":0,"bm":0},{"ddd":0,"ind":7,"ty":4,"nm":"reflection 3","sr":1,"ks":{"o":{"a":0,"k":100,"ix":11},"r":{"a":0,"k":0,"ix":10},"p":{"a":1,"k":[{"i":{"x":0.667,"y":1},"o":{"x":0.333,"y":0},"t":-42,"s":[804.049,739.411,0],"to":[9.333,0,0],"ti":[0,0,0]},{"i":{"x":0.667,"y":1},"o":{"x":0.333,"y":0},"t":20,"s":[860.049,739.411,0],"to":[0,0,0],"ti":[0,0,0]},{"i":{"x":0.667,"y":1},"o":{"x":0.333,"y":0},"t":92,"s":[804.049,739.411,0],"to":[0,0,0],"ti":[0,0,0]},{"i":{"x":0.667,"y":1},"o":{"x":0.333,"y":0},"t":166,"s":[860.049,739.411,0],"to":[0,0,0],"ti":[0,0,0]},{"i":{"x":0.667,"y":1},"o":{"x":0.333,"y":0},"t":256,"s":[804.049,739.411,0],"to":[0,0,0],"ti":[0,0,0]},{"i":{"x":0.667,"y":1},"o":{"x":0.333,"y":0},"t":318,"s":[860.049,739.411,0],"to":[0,0,0],"ti":[0,0,0]},{"i":{"x":0.667,"y":1},"o":{"x":0.333,"y":0},"t":390,"s":[804.049,739.411,0],"to":[0,0,0],"ti":[0,0,0]},{"i":{"x":0.667,"y":1},"o":{"x":0.333,"y":0},"t":464,"s":[860.049,739.411,0],"to":[0,0,0],"ti":[9.333,0,0]},{"t":554,"s":[804.049,739.411,0]}],"ix":2,"l":2},"a":{"a":0,"k":[58.53,23.09,0],"ix":1,"l":2},"s":{"a":0,"k":[100,100,100],"ix":6,"l":2}},"ao":0,"shapes":[{"ty":"gr","it":[{"ind":0,"ty":"sh","ix":1,"ks":{"a":1,"k":[{"i":{"x":0.667,"y":1},"o":{"x":0.333,"y":0},"t":-42,"s":[{"i":[[-0.64,-11.44],[-25.2,-0.56],[-10.8,0.56],[0.96,16.08],[10.32,1.12],[10.88,0]],"o":[[0.72,14.88],[25.2,0.56],[10.8,-0.56],[-1.12,-18.88],[-10.32,-1.12],[-10.88,0]],"v":[[-57.64,-1.72],[-24.44,22.28],[35.56,22.28],[57.32,-1.72],[29.88,-21.72],[-35.88,-22.28]],"c":true}]},{"i":{"x":0.667,"y":1},"o":{"x":0.333,"y":0},"t":36,"s":[{"i":[[-0.64,-11.44],[-25.2,-0.56],[-10.8,0.56],[0.96,16.08],[10.32,1.12],[10.88,0]],"o":[[0.72,14.88],[25.2,0.56],[10.8,-0.56],[-1.12,-18.88],[-10.32,-1.12],[-10.88,0]],"v":[[-33.64,-1.72],[-0.44,22.28],[27.56,22.28],[49.32,-1.72],[21.88,-21.72],[-11.88,-22.28]],"c":true}]},{"i":{"x":0.667,"y":1},"o":{"x":0.333,"y":0},"t":108,"s":[{"i":[[-0.64,-11.44],[-25.2,-0.56],[-10.8,0.56],[0.96,16.08],[10.32,1.12],[10.88,0]],"o":[[0.72,14.88],[25.2,0.56],[10.8,-0.56],[-1.12,-18.88],[-10.32,-1.12],[-10.88,0]],"v":[[-57.64,-1.72],[-24.44,22.28],[35.56,22.28],[57.32,-1.72],[29.88,-21.72],[-35.88,-22.28]],"c":true}]},{"i":{"x":0.667,"y":1},"o":{"x":0.333,"y":0},"t":182,"s":[{"i":[[-0.64,-11.44],[-25.2,-0.56],[-10.8,0.56],[0.96,16.08],[10.32,1.12],[10.88,0]],"o":[[0.72,14.88],[25.2,0.56],[10.8,-0.56],[-1.12,-18.88],[-10.32,-1.12],[-10.88,0]],"v":[[-33.64,-1.72],[-0.44,22.28],[27.56,22.28],[49.32,-1.72],[21.88,-21.72],[-11.88,-22.28]],"c":true}]},{"i":{"x":0.667,"y":1},"o":{"x":0.333,"y":0},"t":256,"s":[{"i":[[-0.64,-11.44],[-25.2,-0.56],[-10.8,0.56],[0.96,16.08],[10.32,1.12],[10.88,0]],"o":[[0.72,14.88],[25.2,0.56],[10.8,-0.56],[-1.12,-18.88],[-10.32,-1.12],[-10.88,0]],"v":[[-57.64,-1.72],[-24.44,22.28],[35.56,22.28],[57.32,-1.72],[29.88,-21.72],[-35.88,-22.28]],"c":true}]},{"i":{"x":0.667,"y":1},"o":{"x":0.333,"y":0},"t":334,"s":[{"i":[[-0.64,-11.44],[-25.2,-0.56],[-10.8,0.56],[0.96,16.08],[10.32,1.12],[10.88,0]],"o":[[0.72,14.88],[25.2,0.56],[10.8,-0.56],[-1.12,-18.88],[-10.32,-1.12],[-10.88,0]],"v":[[-33.64,-1.72],[-0.44,22.28],[27.56,22.28],[49.32,-1.72],[21.88,-21.72],[-11.88,-22.28]],"c":true}]},{"i":{"x":0.667,"y":1},"o":{"x":0.333,"y":0},"t":406,"s":[{"i":[[-0.64,-11.44],[-25.2,-0.56],[-10.8,0.56],[0.96,16.08],[10.32,1.12],[10.88,0]],"o":[[0.72,14.88],[25.2,0.56],[10.8,-0.56],[-1.12,-18.88],[-10.32,-1.12],[-10.88,0]],"v":[[-57.64,-1.72],[-24.44,22.28],[35.56,22.28],[57.32,-1.72],[29.88,-21.72],[-35.88,-22.28]],"c":true}]},{"i":{"x":0.667,"y":1},"o":{"x":0.333,"y":0},"t":480,"s":[{"i":[[-0.64,-11.44],[-25.2,-0.56],[-10.8,0.56],[0.96,16.08],[10.32,1.12],[10.88,0]],"o":[[0.72,14.88],[25.2,0.56],[10.8,-0.56],[-1.12,-18.88],[-10.32,-1.12],[-10.88,0]],"v":[[-33.64,-1.72],[-0.44,22.28],[27.56,22.28],[49.32,-1.72],[21.88,-21.72],[-11.88,-22.28]],"c":true}]},{"t":554,"s":[{"i":[[-0.64,-11.44],[-25.2,-0.56],[-10.8,0.56],[0.96,16.08],[10.32,1.12],[10.88,0]],"o":[[0.72,14.88],[25.2,0.56],[10.8,-0.56],[-1.12,-18.88],[-10.32,-1.12],[-10.88,0]],"v":[[-57.64,-1.72],[-24.44,22.28],[35.56,22.28],[57.32,-1.72],[29.88,-21.72],[-35.88,-22.28]],"c":true}]}],"ix":2},"nm":"Path 1","mn":"ADBE Vector Shape - Group","hd":false},{"ty":"fl","c":{"a":0,"k":[0.728999956916,0.952999997606,0.980000035903,1],"ix":4},"o":{"a":0,"k":100,"ix":5},"r":1,"bm":0,"nm":"Fill 1","mn":"ADBE Vector Graphic - Fill","hd":false},{"ty":"tr","p":{"a":0,"k":[58.53,23.09],"ix":2},"a":{"a":0,"k":[0,0],"ix":1},"s":{"a":0,"k":[100,100],"ix":3},"r":{"a":0,"k":0,"ix":6},"o":{"a":0,"k":100,"ix":7},"sk":{"a":0,"k":0,"ix":4},"sa":{"a":0,"k":0,"ix":5},"nm":"Transform"}],"nm":"Group 1","np":2,"cix":2,"bm":0,"ix":1,"mn":"ADBE Vector Group","hd":false}],"ip":-42,"op":564,"st":-42,"bm":0},{"ddd":0,"ind":8,"ty":4,"nm":"sea","sr":1,"ks":{"o":{"a":0,"k":100,"ix":11},"r":{"a":0,"k":0,"ix":10},"p":{"a":0,"k":[511.489,810.931,0],"ix":2,"l":2},"a":{"a":0,"k":[481.65,183.09,0],"ix":1,"l":2},"s":{"a":0,"k":[100,100,100],"ix":6,"l":2}},"ao":0,"shapes":[{"ty":"gr","it":[{"ind":0,"ty":"sh","ix":1,"ks":{"a":0,"k":{"i":[[0,0],[0,0],[33.2,0],[0,0],[0,33.2],[0,0]],"o":[[0,0],[0,33.2],[0,0],[-33.2,0],[0,0],[0,0]],"v":[[481.4,-179.08],[481.4,122.68],[421.24,182.84],[-421.24,182.84],[-481.4,122.68],[-481.4,-182.84]],"c":true},"ix":2},"nm":"Path 1","mn":"ADBE Vector Shape - Group","hd":false},{"ty":"gf","o":{"a":0,"k":100,"ix":10},"r":1,"bm":0,"g":{"p":13,"k":{"a":0,"k":[0.243,0.792,0.843,0.659,0.291,0.782,0.841,0.663,0.34,0.773,0.839,0.667,0.399,0.741,0.835,0.678,0.458,0.71,0.831,0.69,0.52,0.661,0.825,0.708,0.582,0.612,0.82,0.725,0.654,0.543,0.812,0.751,0.725,0.475,0.804,0.776,0.795,0.386,0.792,0.808,0.865,0.298,0.78,0.839,0.933,0.206,0.769,0.875,1,0.114,0.757,0.91],"ix":9}},"s":{"a":0,"k":[4,-1138],"ix":5},"e":{"a":0,"k":[-2,164],"ix":6},"t":2,"h":{"a":0,"k":70.761,"ix":7},"a":{"a":0,"k":-0.386,"ix":8},"nm":"Gradient Fill 1","mn":"ADBE Vector Graphic - G-Fill","hd":false},{"ty":"tr","p":{"a":0,"k":[481.65,183.09],"ix":2},"a":{"a":0,"k":[0,0],"ix":1},"s":{"a":0,"k":[100,100],"ix":3},"r":{"a":0,"k":0,"ix":6},"o":{"a":0,"k":100,"ix":7},"sk":{"a":0,"k":0,"ix":4},"sa":{"a":0,"k":0,"ix":5},"nm":"Transform"}],"nm":"Group 1","np":2,"cix":2,"bm":0,"ix":1,"mn":"ADBE Vector Group","hd":false}],"ip":0,"op":300,"st":0,"bm":0},{"ddd":0,"ind":9,"ty":4,"nm":"sun","sr":1,"ks":{"o":{"a":0,"k":100,"ix":11},"r":{"a":0,"k":0,"ix":10},"p":{"a":0,"k":[511.05,511.97,0],"ix":2,"l":2},"a":{"a":0,"k":[481.65,481.61,0],"ix":1,"l":2},"s":{"a":0,"k":[100,100,100],"ix":6,"l":2}},"ao":0,"shapes":[{"ty":"gr","it":[{"ind":0,"ty":"sh","ix":1,"ks":{"a":0,"k":{"i":[[21.12,17.04],[17.92,-30.08],[-20.4,-10.32],[-14.24,23.12]],"o":[[-21.44,-17.28],[-16.16,27.12],[26.32,13.36],[14.08,-23.12]],"v":[[38.08,-52.72],[-35.6,-15.84],[-38.8,56.64],[17.52,10.88]],"c":true},"ix":2},"nm":"Path 1","mn":"ADBE Vector Shape - Group","hd":false},{"ty":"fl","c":{"a":0,"k":[1,0.991999966491,0.980000035903,1],"ix":4},"o":{"a":0,"k":100,"ix":5},"r":1,"bm":0,"nm":"Fill 1","mn":"ADBE Vector Graphic - Fill","hd":false},{"ty":"tr","p":{"a":0,"k":[376.89,479.53],"ix":2},"a":{"a":0,"k":[0,0],"ix":1},"s":{"a":0,"k":[100,100],"ix":3},"r":{"a":0,"k":0,"ix":6},"o":{"a":0,"k":100,"ix":7},"sk":{"a":0,"k":0,"ix":4},"sa":{"a":0,"k":0,"ix":5},"nm":"Transform"}],"nm":"Group 1","np":2,"cix":2,"bm":0,"ix":1,"mn":"ADBE Vector Group","hd":false},{"ty":"gr","it":[{"ind":0,"ty":"sh","ix":1,"ks":{"a":0,"k":{"i":[[137.36,-0.48],[-1.44,-128.08],[-133.52,1.52],[0.96,115.44]],"o":[[-117.2,0.48],[1.44,128.08],[137.04,-1.6],[-0.96,-115.52]],"v":[[1,-223.92],[-220.28,1.76],[5,222.88],[220.76,2.96]],"c":true},"ix":2},"nm":"Path 1","mn":"ADBE Vector Shape - Group","hd":false},{"ty":"fl","c":{"a":0,"k":[1,0.969000004787,0.702000038297,1],"ix":4},"o":{"a":0,"k":100,"ix":5},"r":1,"bm":0,"nm":"Fill 1","mn":"ADBE Vector Graphic - Fill","hd":false},{"ty":"tr","p":{"a":0,"k":[484.69,573.29],"ix":2},"a":{"a":0,"k":[0,0],"ix":1},"s":{"a":0,"k":[100,100],"ix":3},"r":{"a":0,"k":0,"ix":6},"o":{"a":0,"k":100,"ix":7},"sk":{"a":0,"k":0,"ix":4},"sa":{"a":0,"k":0,"ix":5},"nm":"Transform"}],"nm":"Group 2","np":2,"cix":2,"bm":0,"ix":2,"mn":"ADBE Vector Group","hd":false}],"ip":0,"op":300,"st":0,"bm":0},{"ddd":0,"ind":10,"ty":4,"nm":"sky mask","td":1,"sr":1,"ks":{"o":{"a":0,"k":100,"ix":11},"r":{"a":0,"k":0,"ix":10},"p":{"a":0,"k":[511.8,512.72,0],"ix":2,"l":2},"a":{"a":0,"k":[481.65,481.61,0],"ix":1,"l":2},"s":{"a":0,"k":[100,100,100],"ix":6,"l":2}},"ao":0,"shapes":[{"ty":"gr","it":[{"ind":0,"ty":"sh","ix":1,"ks":{"a":0,"k":{"i":[[33.28,0],[0,0],[0,33.2],[0,0],[-33.2,0],[0,0],[0,-33.2],[0,0]],"o":[[0,0],[-33.2,0],[0,0],[0,-33.2],[0,0],[33.2,0],[0,0],[0.08,33.2]],"v":[[421.16,481.36],[-421.24,481.36],[-481.4,421.2],[-481.4,-421.2],[-421.24,-481.36],[421.16,-481.36],[481.32,-421.2],[481.32,421.2]],"c":true},"ix":2},"nm":"Path 1","mn":"ADBE Vector Shape - Group","hd":false},{"ty":"fl","c":{"a":0,"k":[0,0,0,1],"ix":4},"o":{"a":0,"k":100,"ix":5},"r":1,"bm":0,"nm":"Fill 1","mn":"ADBE Vector Graphic - Fill","hd":false},{"ty":"tr","p":{"a":0,"k":[481.65,481.61],"ix":2},"a":{"a":0,"k":[0,0],"ix":1},"s":{"a":0,"k":[100,100],"ix":3},"r":{"a":0,"k":0,"ix":6},"o":{"a":0,"k":100,"ix":7},"sk":{"a":0,"k":0,"ix":4},"sa":{"a":0,"k":0,"ix":5},"nm":"Transform"}],"nm":"Group 3","np":2,"cix":2,"bm":0,"ix":1,"mn":"ADBE Vector Group","hd":false}],"ip":0,"op":300,"st":0,"bm":0},{"ddd":0,"ind":11,"ty":0,"nm":"sun rays","tt":1,"refId":"comp_0","sr":1,"ks":{"o":{"a":0,"k":100,"ix":11},"r":{"a":0,"k":0,"ix":10},"p":{"a":0,"k":[512,512,0],"ix":2,"l":2},"a":{"a":0,"k":[512,512,0],"ix":1,"l":2},"s":{"a":0,"k":[100,100,100],"ix":6,"l":2}},"ao":0,"w":1024,"h":1024,"ip":0,"op":300,"st":0,"bm":0},{"ddd":0,"ind":12,"ty":4,"nm":"brightnes","sr":1,"ks":{"o":{"a":0,"k":100,"ix":11},"r":{"a":0,"k":0,"ix":10},"p":{"a":0,"k":[511.489,522.931,0],"ix":2,"l":2},"a":{"a":0,"k":[481.65,183.09,0],"ix":1,"l":2},"s":{"a":0,"k":[100,100,100],"ix":6,"l":2}},"ao":0,"shapes":[{"ty":"gr","it":[{"ind":0,"ty":"sh","ix":1,"ks":{"a":0,"k":{"i":[[0,0],[0,0],[33.2,0],[0,0],[0,33.2],[0,0]],"o":[[0,0],[0,33.2],[0,0],[-33.2,0],[0,0],[0,0]],"v":[[481.4,-179.08],[481.4,122.68],[421.24,182.84],[-421.24,182.84],[-481.4,122.68],[-481.4,-182.84]],"c":true},"ix":2},"nm":"Path 1","mn":"ADBE Vector Shape - Group","hd":false},{"ty":"gf","o":{"a":0,"k":100,"ix":10},"r":1,"bm":0,"g":{"p":3,"k":{"a":0,"k":[0.435,1,0.969,0.702,0.638,1,0.922,0.506,1,1,0.875,0.31,0.605,1,0.821,0.5,0.97,0],"ix":9}},"s":{"a":0,"k":[-9.393,233.348],"ix":5},"e":{"a":0,"k":[-12.675,51.329],"ix":6},"t":1,"nm":"Gradient Fill 1","mn":"ADBE Vector Graphic - G-Fill","hd":false},{"ty":"tr","p":{"a":0,"k":[481.65,191.09],"ix":2},"a":{"a":0,"k":[0,0],"ix":1},"s":{"a":0,"k":[100,100],"ix":3},"r":{"a":0,"k":0,"ix":6},"o":{"a":0,"k":100,"ix":7},"sk":{"a":0,"k":0,"ix":4},"sa":{"a":0,"k":0,"ix":5},"nm":"Transform"}],"nm":"Group 1","np":2,"cix":2,"bm":0,"ix":1,"mn":"ADBE Vector Group","hd":false}],"ip":0,"op":300,"st":0,"bm":0},{"ddd":0,"ind":13,"ty":4,"nm":"sky Outlines","sr":1,"ks":{"o":{"a":0,"k":100,"ix":11},"r":{"a":0,"k":0,"ix":10},"p":{"a":0,"k":[511.489,512.411,0],"ix":2,"l":2},"a":{"a":0,"k":[481.65,481.61,0],"ix":1,"l":2},"s":{"a":0,"k":[100,100,100],"ix":6,"l":2}},"ao":0,"shapes":[{"ty":"gr","it":[{"ind":0,"ty":"sh","ix":1,"ks":{"a":0,"k":{"i":[[33.28,0],[0,0],[0,33.2],[0,0],[-33.2,0],[0,0],[0,-33.2],[0,0]],"o":[[0,0],[-33.2,0],[0,0],[0,-33.2],[0,0],[33.2,0],[0,0],[0.08,33.2]],"v":[[421.16,481.36],[-421.24,481.36],[-481.4,421.2],[-481.4,-421.2],[-421.24,-481.36],[421.16,-481.36],[481.32,-421.2],[481.32,421.2]],"c":true},"ix":2},"nm":"Path 1","mn":"ADBE Vector Shape - Group","hd":false},{"ty":"gf","o":{"a":0,"k":100,"ix":10},"r":1,"bm":0,"g":{"p":13,"k":{"a":0,"k":[0.25,1,0.816,0.686,0.31,1,0.798,0.678,0.37,1,0.78,0.671,0.447,1,0.733,0.649,0.525,1,0.686,0.627,0.652,1,0.618,0.49,0.78,1,0.549,0.353,0.821,0.994,0.543,0.357,0.863,0.988,0.537,0.361,0.893,0.973,0.516,0.373,0.923,0.957,0.494,0.384,0.961,0.92,0.451,0.412,1,0.882,0.408,0.439],"ix":9}},"s":{"a":0,"k":[6,118],"ix":5},"e":{"a":0,"k":[712,-24],"ix":6},"t":2,"h":{"a":0,"k":0,"ix":7},"a":{"a":0,"k":0,"ix":8},"nm":"Gradient Fill 1","mn":"ADBE Vector Graphic - G-Fill","hd":false},{"ty":"tr","p":{"a":0,"k":[481.65,481.61],"ix":2},"a":{"a":0,"k":[0,0],"ix":1},"s":{"a":0,"k":[100,100],"ix":3},"r":{"a":0,"k":0,"ix":6},"o":{"a":0,"k":100,"ix":7},"sk":{"a":0,"k":0,"ix":4},"sa":{"a":0,"k":0,"ix":5},"nm":"Transform"}],"nm":"Group 1","np":2,"cix":2,"bm":0,"ix":1,"mn":"ADBE Vector Group","hd":false}],"ip":0,"op":300,"st":0,"bm":0}],"markers":[{"tm":138,"cm":"rest","dr":0}]}