{"v":"5.8.1","fr":60,"ip":0,"op":168,"w":1024,"h":1024,"nm":"emoji_Anxious face with sweat remap","ddd":0,"assets":[{"id":"comp_0","nm":"Anxious face with sweat","fr":60,"layers":[{"ddd":0,"ind":1,"ty":4,"nm":"DROP 3","sr":1,"ks":{"o":{"a":0,"k":100,"ix":11},"r":{"a":1,"k":[{"i":{"x":[0.833],"y":[0.833]},"o":{"x":[0.167],"y":[0.167]},"t":154,"s":[0]},{"i":{"x":[0.833],"y":[0.833]},"o":{"x":[0.167],"y":[0.167]},"t":161,"s":[0]},{"t":168,"s":[-26.4]}],"ix":10},"p":{"s":true,"x":{"a":1,"k":[{"i":{"x":[0.75],"y":[0.578]},"o":{"x":[0.167],"y":[0.167]},"t":154,"s":[158.273]},{"i":{"x":[0.833],"y":[0.833]},"o":{"x":[0.244],"y":[0.256]},"t":161,"s":[224.273]},{"t":168,"s":[330.273]}],"ix":3},"y":{"a":1,"k":[{"i":{"x":[0.762],"y":[0.618]},"o":{"x":[0.167],"y":[0.167]},"t":154,"s":[834.792]},{"i":{"x":[0.833],"y":[0.833]},"o":{"x":[0.319],"y":[0.406]},"t":161,"s":[872.01]},{"t":168,"s":[919.01]}],"ix":4}},"a":{"a":0,"k":[-0.727,82.01,0],"ix":1,"l":2},"s":{"a":0,"k":[100,100,100],"ix":6,"l":2}},"ao":0,"shapes":[{"ty":"gr","it":[{"ind":0,"ty":"sh","ix":1,"ks":{"a":1,"k":[{"i":{"x":0.833,"y":0.833},"o":{"x":0.167,"y":0.167},"t":154,"s":[{"i":[[2.891,-29.102],[4.646,17.768],[8.294,5.079],[-21.492,0.467]],"o":[[-1.906,19.189],[-4.646,-17.768],[-8.294,-5.079],[27.261,-0.592]],"v":[[62.109,84.437],[27.545,86.592],[-2.325,56.326],[7.492,31.811]],"c":true}]},{"i":{"x":0.833,"y":0.833},"o":{"x":0.167,"y":0.167},"t":157.5,"s":[{"i":[[-8.055,-21.51],[11.326,15.759],[7.414,7.052],[-10.498,-3.004]],"o":[[8.164,21.799],[-6.136,-8.538],[-9.927,-9.443],[10.498,3.004]],"v":[[41.964,84.317],[21.684,93.953],[-3.513,67.145],[-0.096,50.193]],"c":true}]},{"i":{"x":0.833,"y":0.833},"o":{"x":0.167,"y":0.167},"t":161,"s":[{"i":[[-13.964,-10.817],[7.659,4.636],[9.66,9.499],[-2.176,2.599]],"o":[[24.517,18.992],[-4.357,-2.637],[-8.486,-8.345],[5.954,-7.109]],"v":[[8.964,70.317],[3.184,89.453],[-22.931,67.441],[-35.846,48.443]],"c":true}]},{"t":168,"s":[{"i":[[-10.688,-12.228],[7.765,4.322],[5.305,9.05],[-3.803,4.345]],"o":[[11.418,13.063],[-6.669,-3.712],[-3.913,-6.675],[2.096,-2.394]],"v":[[-3.477,78.033],[-8.814,92.266],[-26.451,70.448],[-30.822,50.064]],"c":true}]}],"ix":2},"nm":"Path 1","mn":"ADBE Vector Shape - Group","hd":false},{"ty":"fl","c":{"a":0,"k":[0.505882352941,0.83137254902,0.980392156863,1],"ix":4},"o":{"a":0,"k":100,"ix":5},"r":1,"bm":0,"nm":"Fill 1","mn":"ADBE Vector Graphic - Fill","hd":false},{"ty":"tr","p":{"a":0,"k":[0,0],"ix":2},"a":{"a":0,"k":[0,0],"ix":1},"s":{"a":0,"k":[100,100],"ix":3},"r":{"a":0,"k":0,"ix":6},"o":{"a":0,"k":100,"ix":7},"sk":{"a":0,"k":0,"ix":4},"sa":{"a":0,"k":0,"ix":5},"nm":"Transform"}],"nm":"Shape 2","np":3,"cix":2,"bm":0,"ix":1,"mn":"ADBE Vector Group","hd":false},{"ty":"gr","it":[{"ind":0,"ty":"sh","ix":1,"ks":{"a":1,"k":[{"i":{"x":0.833,"y":0.833},"o":{"x":0.167,"y":0.167},"t":154,"s":[{"i":[[47.432,0],[0,43.326],[-8.158,7.768],[-6.664,1.796],[-6.981,-0.118],[-7.912,-2.958],[-8.182,-8.886],[0.365,-18.485]],"o":[[-48.172,0],[0,-25.91],[11.127,-10.595],[10.509,-2.832],[11.278,0.191],[9.058,3.387],[12.237,13.29],[-0.836,42.366]],"v":[[2.489,158],[-77,85.339],[-54.924,34.621],[-26.795,16.956],[4.404,13.118],[33.999,19.013],[62.561,38.676],[79.635,88.635]],"c":true}]},{"i":{"x":0.833,"y":0.833},"o":{"x":0.167,"y":0.167},"t":161,"s":[{"i":[[9.313,-8.337],[18.569,11.568],[6.547,9.167],[2.233,6.53],[-4.928,4.946],[-6.753,-5.074],[-9.684,-7.221],[-5.901,-7.641]],"o":[[-9.408,8.422],[-11.22,-6.99],[-7.213,-10.099],[-5.5,-16.084],[7.961,-7.991],[13.347,10.029],[15.372,11.462],[9.543,12.356]],"v":[[52.908,127.078],[3.181,128.932],[-28.537,99.099],[-47.5,66.584],[-46.122,36.95],[-12.847,45.471],[21.128,69.288],[53.457,93.144]],"c":true}]},{"t":168,"s":[{"i":[[3.425,-2.114],[16.523,12.266],[5.201,8.075],[0.953,8.743],[-2.536,0.575],[-5.654,-6.275],[-7.897,-8.175],[-9.983,-9.313]],"o":[[-7.425,4.583],[-9.984,-7.412],[-7.653,-11.883],[-0.808,-7.414],[3.533,-0.801],[11.175,12.403],[11.471,11.875],[7.106,6.629]],"v":[[43.58,123.385],[0.416,110.221],[-26.327,81.69],[-39.532,50.4],[-34.866,38.182],[-20.315,47.403],[11.52,82.494],[39.814,109.619]],"c":true}]}],"ix":2},"nm":"Path 1","mn":"ADBE Vector Shape - Group","hd":false},{"ty":"gf","o":{"a":0,"k":100,"ix":10},"r":1,"bm":0,"g":{"p":3,"k":{"a":0,"k":[0.468,0.149,0.663,0.945,0.751,0.133,0.598,0.922,1,0.118,0.533,0.898],"ix":9}},"s":{"a":0,"k":[-4,-126],"ix":5},"e":{"a":0,"k":[316,-122],"ix":6},"t":2,"h":{"a":0,"k":0,"ix":7},"a":{"a":0,"k":0,"ix":8},"nm":"Gradient Fill 1","mn":"ADBE Vector Graphic - G-Fill","hd":false},{"ty":"tr","p":{"a":0,"k":[0,0],"ix":2},"a":{"a":0,"k":[0,0],"ix":1},"s":{"a":0,"k":[100,100],"ix":3},"r":{"a":0,"k":0,"ix":6},"o":{"a":0,"k":100,"ix":7},"sk":{"a":0,"k":0,"ix":4},"sa":{"a":0,"k":0,"ix":5},"nm":"Transform"}],"nm":"Shape 1","np":3,"cix":2,"bm":0,"ix":2,"mn":"ADBE Vector Group","hd":false}],"ip":154,"op":169,"st":23.5,"bm":0},{"ddd":0,"ind":2,"ty":4,"nm":"DROP","sr":1,"ks":{"o":{"a":0,"k":100,"ix":11},"r":{"a":0,"k":0,"ix":10},"p":{"s":true,"x":{"a":0,"k":156.273,"ix":3},"y":{"a":1,"k":[{"i":{"x":[0.804],"y":[0.937]},"o":{"x":[0.167],"y":[0.167]},"t":90,"s":[378.792]},{"i":{"x":[0.82],"y":[0.88]},"o":{"x":[0.121],"y":[0.232]},"t":104,"s":[634.792]},{"i":{"x":[0.833],"y":[0.833]},"o":{"x":[0.167],"y":[0.167]},"t":147.17,"s":[766.792]},{"t":154.28515625,"s":[830.792]}],"ix":4}},"a":{"a":0,"k":[-0.727,82.01,0],"ix":1,"l":2},"s":{"a":1,"k":[{"i":{"x":[0.667,0.667,0.667],"y":[1,1,1]},"o":{"x":[0.167,0.167,0.167],"y":[0.167,0.167,-5.556]},"t":90,"s":[40,40,100]},{"i":{"x":[0.833,0.833,0.833],"y":[1,1,1]},"o":{"x":[0.333,0.333,0.333],"y":[0,0,0]},"t":104,"s":[100,100,100]},{"t":147.169921875,"s":[100,100,100]}],"ix":6,"l":2}},"ao":0,"shapes":[{"ty":"gr","it":[{"ind":0,"ty":"sh","ix":1,"ks":{"a":1,"k":[{"i":{"x":0.833,"y":0.833},"o":{"x":0.333,"y":0},"t":90,"s":[{"i":[[21.261,-33.252],[0,39.532],[-4.601,34.755],[-9.726,-8.379]],"o":[[-14.93,24.154],[0,-13.588],[3.96,-29.91],[34.315,29.549]],"v":[[70.797,128.522],[21.942,108.313],[27.988,41.932],[47.972,-2.846]],"c":true}]},{"i":{"x":0.667,"y":1},"o":{"x":0.167,"y":0.167},"t":104,"s":[{"i":[[21.261,-33.252],[0,39.532],[-4.601,34.755],[-9.726,-8.379]],"o":[[-14.93,24.154],[0,-13.588],[3.96,-29.91],[34.315,29.549]],"v":[[70.797,128.522],[21.942,108.313],[27.988,16.217],[47.972,-28.561]],"c":true}]},{"i":{"x":0.833,"y":0.833},"o":{"x":0.333,"y":0},"t":147.17,"s":[{"i":[[21.261,-33.252],[0,39.532],[-4.601,34.755],[-9.726,-8.379]],"o":[[-14.93,24.154],[0,-13.588],[3.96,-29.91],[34.315,29.549]],"v":[[70.797,128.522],[21.942,108.313],[27.988,16.217],[47.972,-28.561]],"c":true}]},{"t":154.28515625,"s":[{"i":[[2.891,-29.102],[4.646,17.768],[8.294,5.079],[-21.492,0.467]],"o":[[-1.906,19.189],[-4.646,-17.768],[-8.294,-5.079],[27.261,-0.592]],"v":[[62.109,84.437],[27.545,86.592],[-2.325,56.326],[7.492,31.811]],"c":true}]}],"ix":2},"nm":"Path 1","mn":"ADBE Vector Shape - Group","hd":false},{"ty":"fl","c":{"a":0,"k":[0.505882352941,0.83137254902,0.980392156863,1],"ix":4},"o":{"a":0,"k":100,"ix":5},"r":1,"bm":0,"nm":"Fill 1","mn":"ADBE Vector Graphic - Fill","hd":false},{"ty":"tr","p":{"a":0,"k":[0,0],"ix":2},"a":{"a":0,"k":[0,0],"ix":1},"s":{"a":0,"k":[100,100],"ix":3},"r":{"a":0,"k":0,"ix":6},"o":{"a":0,"k":100,"ix":7},"sk":{"a":0,"k":0,"ix":4},"sa":{"a":0,"k":0,"ix":5},"nm":"Transform"}],"nm":"Shape 2","np":3,"cix":2,"bm":0,"ix":1,"mn":"ADBE Vector Group","hd":false},{"ty":"gr","it":[{"ind":0,"ty":"sh","ix":1,"ks":{"a":1,"k":[{"i":{"x":0.833,"y":0.833},"o":{"x":0.333,"y":0},"t":90,"s":[{"i":[[65.192,0],[0,56.601],[-24.707,31.841],[-15.634,10.366],[-9.596,0],[-5.301,-4.075],[-15.132,-17.501],[0,-39.854]],"o":[[-66.208,0],[0,-48.849],[11.816,-15.227],[5.026,-3.417],[10.001,0],[14.539,10.188],[42.758,49.451],[1.485,55.796]],"v":[[0.117,205.471],[-121.42,82.849],[-64.293,-57.149],[-26.694,-92.88],[-2.751,-99.299],[21.301,-92.88],[60.931,-56.22],[119.934,83.654]],"c":true}]},{"i":{"x":0.667,"y":1},"o":{"x":0.167,"y":0.167},"t":104,"s":[{"i":[[65.192,0],[0,56.601],[-24.707,63.456],[-15.634,28.099],[-9.596,0],[-5.301,-11.047],[-15.165,-34.862],[0,-39.854]],"o":[[-66.208,0],[0,-48.849],[11.816,-30.346],[5.026,-9.263],[10.001,0],[14.539,27.616],[42.758,98.549],[1.485,55.796]],"v":[[0.117,205.471],[-117.134,82.849],[-64.293,-96.456],[-26.694,-186.953],[-2.751,-201.45],[21.301,-186.953],[60.931,-94.604],[115.649,83.654]],"c":true}]},{"i":{"x":0.833,"y":0.833},"o":{"x":0.333,"y":0},"t":147.17,"s":[{"i":[[65.192,0],[0,56.601],[-24.707,63.456],[-15.634,28.099],[-9.596,0],[-5.301,-11.047],[-15.165,-34.862],[0,-39.854]],"o":[[-66.208,0],[0,-48.849],[11.816,-30.346],[5.026,-9.263],[10.001,0],[14.539,27.616],[42.758,98.549],[1.485,55.796]],"v":[[0.117,205.471],[-117.134,82.849],[-64.293,-96.456],[-26.694,-186.953],[-2.751,-201.45],[21.301,-186.953],[60.931,-94.604],[115.649,83.654]],"c":true}]},{"t":154.28515625,"s":[{"i":[[47.432,0],[0,43.326],[-8.158,7.768],[-6.664,1.796],[-6.981,-0.118],[-7.912,-2.958],[-8.182,-8.886],[0.365,-18.485]],"o":[[-48.172,0],[0,-25.91],[11.127,-10.595],[10.509,-2.832],[11.278,0.191],[9.058,3.387],[12.237,13.29],[-0.836,42.366]],"v":[[2.489,158],[-77,85.339],[-54.924,34.621],[-26.795,16.956],[4.404,13.118],[33.999,19.013],[62.561,38.676],[79.635,88.635]],"c":true}]}],"ix":2},"nm":"Path 1","mn":"ADBE Vector Shape - Group","hd":false},{"ty":"gf","o":{"a":0,"k":100,"ix":10},"r":1,"bm":0,"g":{"p":3,"k":{"a":0,"k":[0.468,0.149,0.663,0.945,0.751,0.133,0.598,0.922,1,0.118,0.533,0.898],"ix":9}},"s":{"a":0,"k":[-4,-126],"ix":5},"e":{"a":0,"k":[316,-122],"ix":6},"t":2,"h":{"a":0,"k":0,"ix":7},"a":{"a":0,"k":0,"ix":8},"nm":"Gradient Fill 1","mn":"ADBE Vector Graphic - G-Fill","hd":false},{"ty":"tr","p":{"a":0,"k":[0,0],"ix":2},"a":{"a":0,"k":[0,0],"ix":1},"s":{"a":0,"k":[100,100],"ix":3},"r":{"a":0,"k":0,"ix":6},"o":{"a":0,"k":100,"ix":7},"sk":{"a":0,"k":0,"ix":4},"sa":{"a":0,"k":0,"ix":5},"nm":"Transform"}],"nm":"Shape 1","np":3,"cix":2,"bm":0,"ix":2,"mn":"ADBE Vector Group","hd":false}],"ip":90,"op":154,"st":82,"bm":0},{"ddd":0,"ind":3,"ty":3,"nm":"Null ALL","sr":1,"ks":{"o":{"a":0,"k":0,"ix":11},"r":{"a":0,"k":0,"ix":10},"p":{"s":true,"x":{"a":1,"k":[{"i":{"x":[0],"y":[1]},"o":{"x":[0.333],"y":[0]},"t":6,"s":[509]},{"i":{"x":[0],"y":[1]},"o":{"x":[0.333],"y":[0]},"t":20,"s":[495]},{"i":{"x":[0.233],"y":[1]},"o":{"x":[0.504],"y":[0]},"t":32,"s":[495]},{"i":{"x":[0.233],"y":[1]},"o":{"x":[0.905],"y":[0]},"t":50,"s":[523]},{"i":{"x":[0.667],"y":[1]},"o":{"x":[0.905],"y":[0]},"t":58,"s":[523]},{"i":{"x":[0.266],"y":[1]},"o":{"x":[1],"y":[0]},"t":72,"s":[511]},{"i":{"x":[0.667],"y":[1]},"o":{"x":[0.333],"y":[0]},"t":102,"s":[511]},{"i":{"x":[0.667],"y":[1]},"o":{"x":[0.167],"y":[0]},"t":118,"s":[509]},{"i":{"x":[0.667],"y":[1]},"o":{"x":[0.333],"y":[0]},"t":130,"s":[509]},{"t":144,"s":[509]}],"ix":3},"y":{"a":1,"k":[{"i":{"x":[0],"y":[1]},"o":{"x":[0.333],"y":[0]},"t":6,"s":[495]},{"i":{"x":[0],"y":[1]},"o":{"x":[0.167],"y":[0]},"t":20,"s":[493]},{"i":{"x":[0.557],"y":[0.804]},"o":{"x":[0.206],"y":[0]},"t":32,"s":[493]},{"i":{"x":[0.557],"y":[1]},"o":{"x":[0.309],"y":[0]},"t":50,"s":[493]},{"i":{"x":[0.667],"y":[1]},"o":{"x":[0.309],"y":[0]},"t":58,"s":[493]},{"i":{"x":[0.833],"y":[1]},"o":{"x":[1],"y":[0]},"t":72,"s":[485]},{"i":{"x":[0.667],"y":[1]},"o":{"x":[0.167],"y":[0]},"t":102,"s":[517]},{"i":{"x":[0.597],"y":[0.743]},"o":{"x":[0.173],"y":[0]},"t":118,"s":[491]},{"i":{"x":[0.667],"y":[1]},"o":{"x":[0.338],"y":[-0.37]},"t":130,"s":[503.56]},{"t":144,"s":[495]}],"ix":4}},"a":{"a":0,"k":[0,0,0],"ix":1,"l":2},"s":{"a":0,"k":[100,100,100],"ix":6,"l":2}},"ao":0,"ip":0,"op":168,"st":0,"bm":0},{"ddd":0,"ind":4,"ty":1,"nm":"Null FACE","parent":3,"sr":1,"ks":{"o":{"a":0,"k":0,"ix":11},"r":{"a":0,"k":0,"ix":10},"p":{"s":true,"x":{"a":1,"k":[{"i":{"x":[0.062],"y":[1]},"o":{"x":[0.333],"y":[0]},"t":6,"s":[0]},{"i":{"x":[0.353],"y":[1]},"o":{"x":[0.741],"y":[0]},"t":28,"s":[-72]},{"i":{"x":[0.353],"y":[1]},"o":{"x":[0.905],"y":[0]},"t":52,"s":[92]},{"i":{"x":[0.667],"y":[1]},"o":{"x":[0.905],"y":[0]},"t":58,"s":[92]},{"i":{"x":[0.833],"y":[1]},"o":{"x":[1],"y":[0]},"t":74,"s":[0]},{"i":{"x":[0.667],"y":[1]},"o":{"x":[0.167],"y":[0]},"t":102,"s":[0]},{"i":{"x":[0.667],"y":[1]},"o":{"x":[0.167],"y":[0]},"t":118,"s":[0]},{"i":{"x":[0.667],"y":[1]},"o":{"x":[0.333],"y":[0]},"t":130,"s":[0]},{"t":142,"s":[0]}],"ix":3},"y":{"a":1,"k":[{"i":{"x":[0.062],"y":[1]},"o":{"x":[0.479],"y":[0]},"t":6,"s":[0]},{"i":{"x":[0.353],"y":[1]},"o":{"x":[0.741],"y":[0]},"t":28,"s":[-14]},{"i":{"x":[0.353],"y":[1]},"o":{"x":[0.905],"y":[0]},"t":52,"s":[-10]},{"i":{"x":[0.667],"y":[1]},"o":{"x":[0.905],"y":[0]},"t":58,"s":[-10]},{"i":{"x":[0.833],"y":[1]},"o":{"x":[1],"y":[0]},"t":74,"s":[-96]},{"i":{"x":[0.667],"y":[1]},"o":{"x":[0.167],"y":[0]},"t":102,"s":[2]},{"i":{"x":[0.667],"y":[1]},"o":{"x":[0.167],"y":[0]},"t":118,"s":[-8]},{"i":{"x":[0.667],"y":[1]},"o":{"x":[0.333],"y":[0]},"t":130,"s":[4]},{"t":142,"s":[0]}],"ix":4}},"a":{"a":0,"k":[0,0,0],"ix":1,"l":2},"s":{"a":0,"k":[100,100,100],"ix":6,"l":2}},"ao":0,"sw":100,"sh":100,"sc":"#ffffff","ip":0,"op":168,"st":0,"bm":0},{"ddd":0,"ind":5,"ty":4,"nm":"eyebrows","parent":4,"sr":1,"ks":{"o":{"a":0,"k":100,"ix":11},"r":{"a":0,"k":0,"ix":10},"p":{"a":1,"k":[{"i":{"x":0.667,"y":1},"o":{"x":0.333,"y":0},"t":62,"s":[3,19,0],"to":[0,-1.333,0],"ti":[0,-7.333,0]},{"i":{"x":0.266,"y":1},"o":{"x":0.639,"y":0},"t":74,"s":[3,11,0],"to":[0,7.333,0],"ti":[0,1.333,0]},{"i":{"x":0.667,"y":1},"o":{"x":0.79,"y":0},"t":88,"s":[3,63,0],"to":[0,-1.333,0],"ti":[0,7.333,0]},{"i":{"x":0.667,"y":1},"o":{"x":0.167,"y":0},"t":102,"s":[3,3,0],"to":[0,-7.333,0],"ti":[0,-2.667,0]},{"t":114,"s":[3,19,0]}],"ix":2,"l":2},"a":{"a":0,"k":[512,512,0],"ix":1,"l":2},"s":{"a":0,"k":[100,100,100],"ix":6,"l":2}},"ao":0,"shapes":[{"ty":"gr","it":[{"ind":0,"ty":"sh","ix":1,"ks":{"a":0,"k":{"i":[[31.52,34.88],[0,0],[6.64,-4.64],[-4.72,-6.64],[-11.92,-10.16],[-42.4,0.72],[17.68,3.12]],"o":[[0,0],[-4.64,-6.64],[-6.64,4.64],[7.84,13.52],[31.2,28.72],[19.2,-0.88],[-46.4,-7.76]],"v":[[-54.64,-43.56],[-55.44,-44.36],[-75.92,-47.96],[-79.44,-27.48],[-49.6,8.28],[64.96,51.88],[65.6,22.28]],"c":true},"ix":2},"nm":"Path 1","mn":"ADBE Vector Shape - Group","hd":false},{"ty":"mm","mm":4,"nm":"Merge Paths 1","mn":"ADBE Vector Filter - Merge","hd":false},{"ty":"fl","c":{"a":0,"k":[0.258999992819,0.169000004787,0.051000000449,1],"ix":4},"o":{"a":0,"k":100,"ix":5},"r":1,"bm":0,"nm":"Fill 1","mn":"ADBE Vector Graphic - Fill","hd":false},{"ty":"tr","p":{"a":1,"k":[{"i":{"x":0.07,"y":0.07},"o":{"x":0.333,"y":0.333},"t":6,"s":[743.6,285.72],"to":[0,0],"ti":[0,0]},{"i":{"x":0.36,"y":1},"o":{"x":0.74,"y":0},"t":28,"s":[743.6,285.72],"to":[-4.667,0],"ti":[4.667,0]},{"i":{"x":0.667,"y":0.667},"o":{"x":0.333,"y":0.333},"t":52,"s":[715.6,285.72],"to":[0,0],"ti":[0,0]},{"i":{"x":0.667,"y":1},"o":{"x":0.333,"y":0},"t":62,"s":[715.6,285.72],"to":[4.667,-2.667],"ti":[1.833,1.333]},{"i":{"x":0.266,"y":1},"o":{"x":0.639,"y":0},"t":74,"s":[743.6,269.72],"to":[-1.833,-1.333],"ti":[0,-2.667]},{"i":{"x":0.667,"y":1},"o":{"x":0.79,"y":0},"t":88,"s":[704.6,277.72],"to":[0,2.667],"ti":[-6.5,-1.333]},{"t":102,"s":[743.6,285.72]}],"ix":2},"a":{"a":0,"k":[0,0],"ix":1},"s":{"a":0,"k":[100,100],"ix":3},"r":{"a":0,"k":0,"ix":6},"o":{"a":0,"k":100,"ix":7},"sk":{"a":0,"k":0,"ix":4},"sa":{"a":0,"k":0,"ix":5},"nm":"Transform"}],"nm":"Group 1","np":3,"cix":2,"bm":0,"ix":1,"mn":"ADBE Vector Group","hd":false},{"ty":"gr","it":[{"ind":0,"ty":"sh","ix":1,"ks":{"a":0,"k":{"i":[[46.4,-7.84],[-19.2,-0.88],[-31.2,28.72],[-7.76,13.6],[6.56,4.72],[4.72,-6.56],[0,0]],"o":[[-17.6,3.12],[42.4,0.64],[11.84,-10.24],[4.64,-6.64],[-6.56,-4.72],[0,0],[-31.44,35.12]],"v":[[-65.56,22.52],[-64.84,52.12],[49.72,8.36],[79.4,-27.56],[75.88,-48.04],[55.4,-44.52],[54.6,-43.72]],"c":true},"ix":2},"nm":"Path 1","mn":"ADBE Vector Shape - Group","hd":false},{"ty":"mm","mm":4,"nm":"Merge Paths 1","mn":"ADBE Vector Filter - Merge","hd":false},{"ty":"fl","c":{"a":0,"k":[0.258999992819,0.169000004787,0.051000000449,1],"ix":4},"o":{"a":0,"k":100,"ix":5},"r":1,"bm":0,"nm":"Fill 1","mn":"ADBE Vector Graphic - Fill","hd":false},{"ty":"tr","p":{"a":1,"k":[{"i":{"x":0.06,"y":1},"o":{"x":0.333,"y":0},"t":6,"s":[284.68,285.64],"to":[0,0],"ti":[0,0]},{"i":{"x":0.36,"y":1},"o":{"x":0.74,"y":0},"t":28,"s":[298.68,285.64],"to":[0,0],"ti":[0,0]},{"i":{"x":0.667,"y":0.667},"o":{"x":0.333,"y":0.333},"t":52,"s":[284.68,285.64],"to":[0,0],"ti":[0,0]},{"i":{"x":0.667,"y":1},"o":{"x":0.333,"y":0},"t":62,"s":[284.68,285.64],"to":[0,-6],"ti":[-4.833,1.333]},{"i":{"x":0.266,"y":1},"o":{"x":0.639,"y":0},"t":74,"s":[284.68,269.64],"to":[4.833,-1.333],"ti":[0,-2.667]},{"i":{"x":0.667,"y":1},"o":{"x":0.79,"y":0},"t":88,"s":[313.68,277.64],"to":[0,2.667],"ti":[4.833,-1.333]},{"t":102,"s":[284.68,285.64]}],"ix":2},"a":{"a":0,"k":[0,0],"ix":1},"s":{"a":0,"k":[100,100],"ix":3},"r":{"a":0,"k":0,"ix":6},"o":{"a":0,"k":100,"ix":7},"sk":{"a":0,"k":0,"ix":4},"sa":{"a":0,"k":0,"ix":5},"nm":"Transform"}],"nm":"Group 2","np":3,"cix":2,"bm":0,"ix":2,"mn":"ADBE Vector Group","hd":false}],"ip":0,"op":168,"st":0,"bm":0},{"ddd":0,"ind":6,"ty":4,"nm":"eyes normal","parent":4,"sr":1,"ks":{"o":{"a":0,"k":100,"ix":11},"r":{"a":0,"k":0,"ix":10},"p":{"a":0,"k":[3,19,0],"ix":2,"l":2},"a":{"a":0,"k":[512,512,0],"ix":1,"l":2},"s":{"a":0,"k":[100,100,100],"ix":6,"l":2}},"ao":0,"shapes":[{"ty":"gr","it":[{"ind":0,"ty":"sh","ix":1,"ks":{"a":0,"k":{"i":[[7.12,6.88],[0,0],[5.52,-11.36],[-7.12,-6.88],[-5.52,11.36]],"o":[[0,0],[-11.36,-5.44],[-4.24,8.88],[11.36,5.44],[4.24,-8.88]],"v":[[12.88,-18.56],[12.88,-18.56],[-17.68,-7.84],[-12.88,18.56],[17.68,7.84]],"c":true},"ix":2},"nm":"Path 1","mn":"ADBE Vector Shape - Group","hd":false},{"ty":"mm","mm":4,"nm":"Merge Paths 1","mn":"ADBE Vector Filter - Merge","hd":false},{"ty":"fl","c":{"a":0,"k":[0.536999990426,0.375999989229,0.141000007181,1],"ix":4},"o":{"a":0,"k":100,"ix":5},"r":1,"bm":0,"nm":"Fill 1","mn":"ADBE Vector Graphic - Fill","hd":false},{"ty":"tr","p":{"a":0,"k":[643.12,439.52],"ix":2},"a":{"a":0,"k":[0,0],"ix":1},"s":{"a":0,"k":[100,100],"ix":3},"r":{"a":0,"k":0,"ix":6},"o":{"a":0,"k":100,"ix":7},"sk":{"a":0,"k":0,"ix":4},"sa":{"a":0,"k":0,"ix":5},"nm":"Transform"}],"nm":"Group 1","np":3,"cix":2,"bm":0,"ix":1,"mn":"ADBE Vector Group","hd":false},{"ty":"gr","it":[{"ind":0,"ty":"sh","ix":1,"ks":{"a":1,"k":[{"i":{"x":0.667,"y":1},"o":{"x":0.333,"y":0},"t":62,"s":[{"i":[[33.52,0],[0,0],[0,-47.04],[-33.52,0],[0,46.96]],"o":[[0,0],[-33.52,0],[0,47.04],[33.52,0],[0,-46.96]],"v":[[0,-75.32],[0,-75.32],[-64,0.04],[0,75.32],[64,0.04]],"c":true}]},{"i":{"x":0.266,"y":1},"o":{"x":0.333,"y":0},"t":72,"s":[{"i":[[33.52,0],[0,0],[0,-58.579],[-33.52,0],[0,58.479]],"o":[[0,0],[-33.52,0],[0,58.579],[33.52,0],[0,-58.479]],"v":[[0,-77.806],[0,-77.806],[-64,16.04],[0,109.786],[64,16.04]],"c":true}]},{"t":88,"s":[{"i":[[33.52,0],[0,0],[0,-47.04],[-33.52,0],[0,46.96]],"o":[[0,0],[-33.52,0],[0,47.04],[33.52,0],[0,-46.96]],"v":[[0,-75.32],[0,-75.32],[-64,0.04],[0,75.32],[64,0.04]],"c":true}]}],"ix":2},"nm":"Path 1","mn":"ADBE Vector Shape - Group","hd":false},{"ty":"mm","mm":4,"nm":"Merge Paths 1","mn":"ADBE Vector Filter - Merge","hd":false},{"ty":"fl","c":{"a":0,"k":[0.258999992819,0.169000004787,0.051000000449,1],"ix":4},"o":{"a":0,"k":100,"ix":5},"r":1,"bm":0,"nm":"Fill 1","mn":"ADBE Vector Graphic - Fill","hd":false},{"ty":"tr","p":{"a":0,"k":[659.2,464.84],"ix":2},"a":{"a":0,"k":[0,0],"ix":1},"s":{"a":0,"k":[100,100],"ix":3},"r":{"a":0,"k":0,"ix":6},"o":{"a":0,"k":100,"ix":7},"sk":{"a":0,"k":0,"ix":4},"sa":{"a":0,"k":0,"ix":5},"nm":"Transform"}],"nm":"Group 2","np":3,"cix":2,"bm":0,"ix":2,"mn":"ADBE Vector Group","hd":false},{"ty":"gr","it":[{"ind":0,"ty":"sh","ix":1,"ks":{"a":0,"k":{"i":[[7.12,6.88],[0,0],[5.52,-11.36],[-7.12,-6.88],[-5.52,11.36]],"o":[[0,0],[-11.36,-5.44],[-4.24,8.88],[11.36,5.44],[4.24,-8.88]],"v":[[12.88,-18.56],[12.88,-18.56],[-17.68,-7.84],[-12.88,18.56],[17.68,7.84]],"c":true},"ix":2},"nm":"Path 1","mn":"ADBE Vector Shape - Group","hd":false},{"ty":"mm","mm":4,"nm":"Merge Paths 1","mn":"ADBE Vector Filter - Merge","hd":false},{"ty":"fl","c":{"a":0,"k":[0.536999990426,0.375999989229,0.141000007181,1],"ix":4},"o":{"a":0,"k":100,"ix":5},"r":1,"bm":0,"nm":"Fill 1","mn":"ADBE Vector Graphic - Fill","hd":false},{"ty":"tr","p":{"a":0,"k":[336.32,439.52],"ix":2},"a":{"a":0,"k":[0,0],"ix":1},"s":{"a":0,"k":[100,100],"ix":3},"r":{"a":0,"k":0,"ix":6},"o":{"a":0,"k":100,"ix":7},"sk":{"a":0,"k":0,"ix":4},"sa":{"a":0,"k":0,"ix":5},"nm":"Transform"}],"nm":"Group 3","np":3,"cix":2,"bm":0,"ix":3,"mn":"ADBE Vector Group","hd":false},{"ty":"gr","it":[{"ind":0,"ty":"sh","ix":1,"ks":{"a":1,"k":[{"i":{"x":0.667,"y":1},"o":{"x":0.333,"y":0},"t":62,"s":[{"i":[[33.92,0],[0,0],[0,-47.04],[-33.52,0],[0,46.96]],"o":[[0,0],[-33.52,0],[0,47.04],[33.6,0],[0,-46.96]],"v":[[0,-75.32],[0,-75.32],[-64,0.04],[0,75.32],[64,0.04]],"c":true}]},{"i":{"x":0.266,"y":1},"o":{"x":0.333,"y":0},"t":72,"s":[{"i":[[33.92,0],[0,0],[0,-58.579],[-33.52,0],[0,58.479]],"o":[[0,0],[-33.52,0],[0,58.579],[33.6,0],[0,-58.479]],"v":[[0,-77.806],[0,-77.806],[-64,16.04],[0,109.786],[64,16.04]],"c":true}]},{"t":88,"s":[{"i":[[33.92,0],[0,0],[0,-47.04],[-33.52,0],[0,46.96]],"o":[[0,0],[-33.52,0],[0,47.04],[33.6,0],[0,-46.96]],"v":[[0,-75.32],[0,-75.32],[-64,0.04],[0,75.32],[64,0.04]],"c":true}]}],"ix":2},"nm":"Path 1","mn":"ADBE Vector Shape - Group","hd":false},{"ty":"mm","mm":4,"nm":"Merge Paths 1","mn":"ADBE Vector Filter - Merge","hd":false},{"ty":"fl","c":{"a":0,"k":[0.258999992819,0.169000004787,0.051000000449,1],"ix":4},"o":{"a":0,"k":100,"ix":5},"r":1,"bm":0,"nm":"Fill 1","mn":"ADBE Vector Graphic - Fill","hd":false},{"ty":"tr","p":{"a":0,"k":[352,464.84],"ix":2},"a":{"a":0,"k":[0,0],"ix":1},"s":{"a":0,"k":[100,100],"ix":3},"r":{"a":0,"k":0,"ix":6},"o":{"a":0,"k":100,"ix":7},"sk":{"a":0,"k":0,"ix":4},"sa":{"a":0,"k":0,"ix":5},"nm":"Transform"}],"nm":"Group 4","np":3,"cix":2,"bm":0,"ix":4,"mn":"ADBE Vector Group","hd":false}],"ip":0,"op":168,"st":0,"bm":0},{"ddd":0,"ind":7,"ty":4,"nm":"mouth emoji","parent":4,"sr":1,"ks":{"o":{"a":0,"k":100,"ix":11},"r":{"a":0,"k":0,"ix":10},"p":{"a":0,"k":[3,19,0],"ix":2,"l":2},"a":{"a":0,"k":[512,512,0],"ix":1,"l":2},"s":{"a":0,"k":[100,100,100],"ix":6,"l":2}},"ao":0,"shapes":[{"ty":"gr","it":[{"ind":0,"ty":"sh","ix":1,"ks":{"a":1,"k":[{"i":{"x":0.468,"y":1},"o":{"x":0.783,"y":0},"t":0,"s":[{"i":[[-30.72,-0.08],[-29.04,-10.159],[35.76,54.399],[74.32,0],[37.28,-56.72],[-61.6,21.44]],"o":[[30.8,0],[61.6,21.521],[-37.28,-56.24],[-74.32,0],[-35.84,54.479],[29.04,-10.16]],"v":[[0,61.12],[90.4,76.559],[169.6,-25.84],[0,-98.08],[-169.52,-26.08],[-90.32,76.32]],"c":true}]},{"i":{"x":0.833,"y":1},"o":{"x":0.167,"y":0},"t":14,"s":[{"i":[[-30.72,-0.07],[-29.04,-8.948],[35.76,47.903],[74.32,0],[37.28,-49.946],[-61.6,18.88]],"o":[[30.8,0],[61.6,18.95],[-37.28,-49.525],[-74.32,0],[-35.84,47.974],[29.04,-8.947]],"v":[[0,42.107],[90.4,55.704],[169.6,-34.467],[0,-98.08],[-169.52,-34.679],[-90.32,55.492]],"c":true}]},{"i":{"x":0.091,"y":1},"o":{"x":0.342,"y":0},"t":36,"s":[{"i":[[-30.72,-0.07],[-29.04,-8.948],[35.76,47.903],[74.32,0],[37.28,-49.946],[-61.6,18.88]],"o":[[30.8,0],[61.6,18.95],[-37.28,-49.525],[-74.32,0],[-35.84,47.974],[29.04,-8.947]],"v":[[0,42.107],[90.4,55.704],[169.6,-34.467],[0,-98.08],[-169.52,-34.679],[-90.32,55.492]],"c":true}]},{"i":{"x":0.667,"y":1},"o":{"x":0.167,"y":0},"t":52,"s":[{"i":[[-30.72,-0.08],[-29.04,-10.159],[35.76,54.399],[74.32,0],[37.28,-56.72],[-61.6,21.44]],"o":[[30.8,0],[61.6,21.521],[-37.28,-56.24],[-74.32,0],[-35.84,54.479],[29.04,-10.16]],"v":[[0,61.12],[90.4,76.559],[169.6,-25.84],[0,-98.08],[-169.52,-26.08],[-90.32,76.32]],"c":true}]},{"i":{"x":0.327,"y":1},"o":{"x":0.333,"y":0},"t":74,"s":[{"i":[[-30.72,-0.08],[-29.04,-10.159],[35.76,54.399],[74.32,0],[37.28,-56.72],[-61.6,21.44]],"o":[[30.8,0],[61.6,21.521],[-37.28,-56.24],[-74.32,0],[-35.84,54.479],[29.04,-10.16]],"v":[[0,61.12],[90.4,76.559],[169.6,-25.84],[0,-98.08],[-169.52,-26.08],[-90.32,76.32]],"c":true}]},{"i":{"x":0.327,"y":1},"o":{"x":0.991,"y":0},"t":86,"s":[{"i":[[-27.145,-0.069],[-25.66,-8.801],[31.598,47.12],[65.67,0],[32.942,-49.13],[-54.431,18.57]],"o":[[27.215,0],[54.431,18.64],[-32.941,-48.714],[-65.67,0],[-31.669,47.189],[25.66,-8.801]],"v":[[-2.608,-1.422],[77.271,11.952],[147.253,-76.745],[-2.608,-139.318],[-152.399,-76.953],[-82.416,11.744]],"c":true}]},{"i":{"x":0.833,"y":1},"o":{"x":0.991,"y":0},"t":90,"s":[{"i":[[-27.145,-0.069],[-25.66,-8.801],[31.598,47.12],[65.67,0],[32.942,-49.13],[-54.431,18.57]],"o":[[27.215,0],[54.431,18.64],[-32.941,-48.714],[-65.67,0],[-31.669,47.189],[25.66,-8.801]],"v":[[-2.608,-1.422],[77.271,11.952],[147.253,-76.745],[-2.608,-139.318],[-152.399,-76.953],[-82.416,11.744]],"c":true}]},{"i":{"x":0.833,"y":1},"o":{"x":0.167,"y":0},"t":102,"s":[{"i":[[-30.72,-0.08],[-29.04,-10.159],[35.76,54.399],[74.32,0],[37.28,-56.72],[-61.6,21.44]],"o":[[30.8,0],[61.6,21.521],[-37.28,-56.24],[-74.32,0],[-35.84,54.479],[29.04,-10.16]],"v":[[0,69.12],[90.4,84.559],[169.6,-29.84],[0,-114.08],[-169.52,-30.08],[-90.32,84.32]],"c":true}]},{"t":120,"s":[{"i":[[-30.72,-0.08],[-29.04,-10.159],[35.76,54.399],[74.32,0],[37.28,-56.72],[-61.6,21.44]],"o":[[30.8,0],[61.6,21.521],[-37.28,-56.24],[-74.32,0],[-35.84,54.479],[29.04,-10.16]],"v":[[0,61.12],[90.4,76.559],[169.6,-25.84],[0,-98.08],[-169.52,-26.08],[-90.32,76.32]],"c":true}]}],"ix":2},"nm":"Path 1","mn":"ADBE Vector Shape - Group","hd":false},{"ty":"mm","mm":4,"nm":"Merge Paths 1","mn":"ADBE Vector Filter - Merge","hd":false},{"ty":"fl","c":{"a":0,"k":[0.258999992819,0.169000004787,0.051000000449,1],"ix":4},"o":{"a":0,"k":100,"ix":5},"r":1,"bm":0,"nm":"Fill 1","mn":"ADBE Vector Graphic - Fill","hd":false},{"ty":"tr","p":{"a":0,"k":[512,728.08],"ix":2},"a":{"a":0,"k":[0,0],"ix":1},"s":{"a":0,"k":[100,100],"ix":3},"r":{"a":0,"k":0,"ix":6},"o":{"a":0,"k":100,"ix":7},"sk":{"a":0,"k":0,"ix":4},"sa":{"a":0,"k":0,"ix":5},"nm":"Transform"}],"nm":"Group 1","np":3,"cix":2,"bm":0,"ix":1,"mn":"ADBE Vector Group","hd":false}],"ip":0,"op":168,"st":0,"bm":0},{"ddd":0,"ind":8,"ty":4,"nm":"base blue","parent":11,"sr":1,"ks":{"o":{"a":0,"k":100,"ix":11},"r":{"a":0,"k":0,"ix":10},"p":{"a":0,"k":[0,0,0],"ix":2,"l":2},"a":{"a":0,"k":[0,0,0],"ix":1,"l":2},"s":{"a":0,"k":[100,100,100],"ix":6,"l":2}},"ao":0,"shapes":[{"ty":"gr","it":[{"ind":0,"ty":"sh","ix":1,"ks":{"a":0,"k":{"i":[[15.4,0],[0,38.4],[-27.9,0],[-10.6,-9.3],[0,-16.9],[11.5,-10.2]],"o":[[-27.9,0],[0,-38.4],[15.5,0],[11.5,10.2],[0,16.9],[-10.6,9.3]],"v":[[0,55.9],[-58,0],[0,-55.9],[40.4,-41.5],[58,0],[40.4,41.4]],"c":true},"ix":2},"nm":"Path 1","mn":"ADBE Vector Shape - Group","hd":false},{"ty":"gf","o":{"a":0,"k":100,"ix":10},"r":1,"bm":0,"g":{"p":3,"k":{"a":0,"k":[0.39,0.251,0.753,0.906,0.695,0.312,0.616,0.953,1,0.373,0.478,1,0.39,0,0.695,0.5,1,1],"ix":9}},"s":{"a":0,"k":[-0.25,56.75],"ix":5},"e":{"a":0,"k":[-0.025,-54.5],"ix":6},"t":1,"nm":"Gradient Fill 1","mn":"ADBE Vector Graphic - G-Fill","hd":false},{"ty":"tr","p":{"a":0,"k":[0,0],"ix":2},"a":{"a":0,"k":[0,0],"ix":1},"s":{"a":0,"k":[100,100],"ix":3},"r":{"a":0,"k":0,"ix":6},"o":{"a":0,"k":100,"ix":7},"sk":{"a":0,"k":0,"ix":4},"sa":{"a":0,"k":0,"ix":5},"nm":"Transform"}],"nm":"Group 1","np":2,"cix":2,"bm":0,"ix":1,"mn":"ADBE Vector Group","hd":false}],"ip":0,"op":168,"st":0,"bm":0},{"ddd":0,"ind":9,"ty":4,"nm":"base matte","parent":11,"td":1,"sr":1,"ks":{"o":{"a":0,"k":100,"ix":11},"r":{"a":0,"k":0,"ix":10},"p":{"a":0,"k":[-2,-3,0],"ix":2,"l":2},"a":{"a":0,"k":[0,0,0],"ix":1,"l":2},"s":{"a":0,"k":[100,100,100],"ix":6,"l":2}},"ao":0,"shapes":[{"ty":"gr","it":[{"ind":0,"ty":"sh","ix":1,"ks":{"a":0,"k":{"i":[[15.4,0],[0,38.4],[-27.9,0],[-10.6,-9.3],[0,-16.9],[11.5,-10.2]],"o":[[-27.9,0],[0,-38.4],[15.5,0],[11.5,10.2],[0,16.9],[-10.6,9.3]],"v":[[0,55.9],[-58,0],[0,-55.9],[40.4,-41.5],[58,0],[40.4,41.4]],"c":true},"ix":2},"nm":"Path 1","mn":"ADBE Vector Shape - Group","hd":false},{"ty":"gf","o":{"a":0,"k":100,"ix":10},"r":1,"bm":0,"g":{"p":5,"k":{"a":0,"k":[0.48,0.992,0.878,0.188,0.691,0.98,0.816,0.178,0.902,0.969,0.753,0.169,0.966,0.963,0.694,0.153,1,0.957,0.635,0.137],"ix":9}},"s":{"a":0,"k":[0,0],"ix":5},"e":{"a":0,"k":[56.225,0],"ix":6},"t":2,"h":{"a":0,"k":0,"ix":7},"a":{"a":0,"k":0,"ix":8},"nm":"Gradient Fill 1","mn":"ADBE Vector Graphic - G-Fill","hd":false},{"ty":"tr","p":{"a":0,"k":[0,0],"ix":2},"a":{"a":0,"k":[0,0],"ix":1},"s":{"a":0,"k":[100,100],"ix":3},"r":{"a":0,"k":0,"ix":6},"o":{"a":0,"k":100,"ix":7},"sk":{"a":0,"k":0,"ix":4},"sa":{"a":0,"k":0,"ix":5},"nm":"Transform"}],"nm":"Group 1","np":2,"cix":2,"bm":0,"ix":1,"mn":"ADBE Vector Group","hd":false}],"ip":0,"op":168,"st":0,"bm":0},{"ddd":0,"ind":10,"ty":4,"nm":"base shadow","parent":11,"tt":2,"sr":1,"ks":{"o":{"a":0,"k":100,"ix":11},"r":{"a":0,"k":0,"ix":10},"p":{"a":0,"k":[0,0,0],"ix":2,"l":2},"a":{"a":0,"k":[0,0,0],"ix":1,"l":2},"s":{"a":0,"k":[100,100,100],"ix":6,"l":2}},"ao":0,"shapes":[{"ty":"gr","it":[{"ind":0,"ty":"sh","ix":1,"ks":{"a":0,"k":{"i":[[15.4,0],[0,38.4],[-27.9,0],[-10.6,-9.3],[0,-16.9],[11.5,-10.2]],"o":[[-27.9,0],[0,-38.4],[15.5,0],[11.5,10.2],[0,16.9],[-10.6,9.3]],"v":[[0,55.9],[-58,0],[0,-55.9],[40.4,-41.5],[58,0],[40.4,41.4]],"c":true},"ix":2},"nm":"Path 1","mn":"ADBE Vector Shape - Group","hd":false},{"ty":"fl","c":{"a":0,"k":[0.921568627451,0.560784313725,0,1],"ix":4},"o":{"a":0,"k":100,"ix":5},"r":1,"bm":0,"nm":"Fill 1","mn":"ADBE Vector Graphic - Fill","hd":false},{"ty":"tr","p":{"a":0,"k":[0,0],"ix":2},"a":{"a":0,"k":[0,0],"ix":1},"s":{"a":0,"k":[100,100],"ix":3},"r":{"a":0,"k":0,"ix":6},"o":{"a":0,"k":100,"ix":7},"sk":{"a":0,"k":0,"ix":4},"sa":{"a":0,"k":0,"ix":5},"nm":"Transform"}],"nm":"Group 1","np":2,"cix":2,"bm":0,"ix":1,"mn":"ADBE Vector Group","hd":false}],"ip":0,"op":168,"st":0,"bm":0},{"ddd":0,"ind":11,"ty":4,"nm":"base normal","parent":3,"sr":1,"ks":{"o":{"a":0,"k":100,"ix":11},"r":{"a":0,"k":0,"ix":10},"p":{"a":0,"k":[0,0,0],"ix":2,"l":2},"a":{"a":0,"k":[0,0,0],"ix":1,"l":2},"s":{"a":0,"k":[800,800,100],"ix":6,"l":2}},"ao":0,"shapes":[{"ty":"gr","it":[{"ind":0,"ty":"sh","ix":1,"ks":{"a":0,"k":{"i":[[15.4,0],[0,38.4],[-27.9,0],[-10.6,-9.3],[0,-16.9],[11.5,-10.2]],"o":[[-27.9,0],[0,-38.4],[15.5,0],[11.5,10.2],[0,16.9],[-10.6,9.3]],"v":[[0,55.9],[-58,0],[0,-55.9],[40.4,-41.5],[58,0],[40.4,41.4]],"c":true},"ix":2},"nm":"Path 1","mn":"ADBE Vector Shape - Group","hd":false},{"ty":"gf","o":{"a":0,"k":100,"ix":10},"r":1,"bm":0,"g":{"p":5,"k":{"a":0,"k":[0.48,0.992,0.878,0.188,0.691,0.98,0.816,0.178,0.902,0.969,0.753,0.169,0.966,0.963,0.694,0.153,1,0.957,0.635,0.137],"ix":9}},"s":{"a":0,"k":[0,0],"ix":5},"e":{"a":0,"k":[56.225,0],"ix":6},"t":2,"h":{"a":0,"k":0,"ix":7},"a":{"a":0,"k":0,"ix":8},"nm":"Gradient Fill 1","mn":"ADBE Vector Graphic - G-Fill","hd":false},{"ty":"tr","p":{"a":0,"k":[0,0],"ix":2},"a":{"a":0,"k":[0,0],"ix":1},"s":{"a":0,"k":[100,100],"ix":3},"r":{"a":0,"k":0,"ix":6},"o":{"a":0,"k":100,"ix":7},"sk":{"a":0,"k":0,"ix":4},"sa":{"a":0,"k":0,"ix":5},"nm":"Transform"}],"nm":"Group 1","np":2,"cix":2,"bm":0,"ix":1,"mn":"ADBE Vector Group","hd":false}],"ip":0,"op":168,"st":0,"bm":0}]}],"layers":[{"ddd":0,"ind":1,"ty":0,"nm":"Anxious face with sweat","refId":"comp_0","sr":1,"ks":{"o":{"a":0,"k":100,"ix":11},"r":{"a":0,"k":0,"ix":10},"p":{"a":0,"k":[512,512,0],"ix":2,"l":2},"a":{"a":0,"k":[512,512,0],"ix":1,"l":2},"s":{"a":0,"k":[100,100,100],"ix":6,"l":2}},"ao":0,"tm":{"a":1,"k":[{"i":{"x":[0.575],"y":[0.521]},"o":{"x":[0.183],"y":[0.197]},"t":0,"s":[0]},{"i":{"x":[0.62],"y":[1]},"o":{"x":[0.333],"y":[0.422]},"t":58,"s":[0.898]},{"i":{"x":[0.833],"y":[0.833]},"o":{"x":[0.679],"y":[0]},"t":80,"s":[1.2]},{"i":{"x":[0.833],"y":[0.833]},"o":{"x":[0.204],"y":[0.227]},"t":90,"s":[1.228]},{"i":{"x":[0.838],"y":[0.854]},"o":{"x":[0.167],"y":[0.167]},"t":108,"s":[1.563]},{"t":168,"s":[2.8]}],"ix":2},"w":1024,"h":1024,"ip":0,"op":168,"st":0,"bm":0}],"markers":[]}