{"v":"5.8.1","fr":60,"ip":0,"op":118,"w":1024,"h":1024,"nm":"u1fa8f","ddd":0,"assets":[{"id":"comp_0","nm":"soil","fr":60,"layers":[{"ddd":0,"ind":1,"ty":4,"nm":"soil particle 13","sr":1,"ks":{"o":{"a":0,"k":100,"ix":11},"r":{"a":0,"k":0,"ix":10},"p":{"a":1,"k":[{"i":{"x":0.833,"y":0.833},"o":{"x":0.167,"y":0.167},"t":50,"s":[234,923,0],"to":[75,-164,0],"ti":[-207,-182,0]},{"t":74,"s":[728,895,0]}],"ix":2,"l":2},"a":{"a":0,"k":[-240,-24,0],"ix":1,"l":2},"s":{"a":1,"k":[{"i":{"x":[0.833,0.833,0.833],"y":[0.833,0.833,0.8]},"o":{"x":[0.333,0.333,0.333],"y":[0,0,0]},"t":54,"s":[72,72,100]},{"t":74,"s":[118,118,100]}],"ix":6,"l":2}},"ao":0,"shapes":[{"ty":"gr","it":[{"d":1,"ty":"el","s":{"a":0,"k":[58,58],"ix":2},"p":{"a":0,"k":[0,0],"ix":3},"nm":"Ellipse Path 1","mn":"ADBE Vector Shape - Ellipse","hd":false},{"ty":"fl","c":{"a":0,"k":[1,1,1,1],"ix":4},"o":{"a":0,"k":100,"ix":5},"r":1,"bm":0,"nm":"Fill 1","mn":"ADBE Vector Graphic - Fill","hd":false},{"ty":"tr","p":{"a":0,"k":[-241,-25],"ix":2},"a":{"a":0,"k":[0,0],"ix":1},"s":{"a":0,"k":[100,100],"ix":3},"r":{"a":0,"k":0,"ix":6},"o":{"a":0,"k":100,"ix":7},"sk":{"a":0,"k":0,"ix":4},"sa":{"a":0,"k":0,"ix":5},"nm":"Transform"}],"nm":"Ellipse 1","np":3,"cix":2,"bm":0,"ix":1,"mn":"ADBE Vector Group","hd":false}],"ip":50,"op":92,"st":30,"bm":0},{"ddd":0,"ind":2,"ty":4,"nm":"soil particle 12","sr":1,"ks":{"o":{"a":0,"k":100,"ix":11},"r":{"a":0,"k":0,"ix":10},"p":{"a":1,"k":[{"i":{"x":0.833,"y":0.833},"o":{"x":0.167,"y":0.167},"t":50,"s":[242,911,0],"to":[75,-276,0],"ti":[-103,-94,0]},{"t":74,"s":[636,767,0]}],"ix":2,"l":2},"a":{"a":0,"k":[-240,-24,0],"ix":1,"l":2},"s":{"a":1,"k":[{"i":{"x":[0.833,0.833,0.833],"y":[0.833,0.833,0.833]},"o":{"x":[0.167,0.167,0.167],"y":[0.167,0.167,0.167]},"t":58,"s":[43,43,100]},{"t":74,"s":[85,85,100]}],"ix":6,"l":2}},"ao":0,"shapes":[{"ty":"gr","it":[{"d":1,"ty":"el","s":{"a":0,"k":[58,58],"ix":2},"p":{"a":0,"k":[0,0],"ix":3},"nm":"Ellipse Path 1","mn":"ADBE Vector Shape - Ellipse","hd":false},{"ty":"fl","c":{"a":0,"k":[1,1,1,1],"ix":4},"o":{"a":0,"k":100,"ix":5},"r":1,"bm":0,"nm":"Fill 1","mn":"ADBE Vector Graphic - Fill","hd":false},{"ty":"tr","p":{"a":0,"k":[-241,-25],"ix":2},"a":{"a":0,"k":[0,0],"ix":1},"s":{"a":0,"k":[100,100],"ix":3},"r":{"a":0,"k":0,"ix":6},"o":{"a":0,"k":100,"ix":7},"sk":{"a":0,"k":0,"ix":4},"sa":{"a":0,"k":0,"ix":5},"nm":"Transform"}],"nm":"Ellipse 1","np":3,"cix":2,"bm":0,"ix":1,"mn":"ADBE Vector Group","hd":false}],"ip":50,"op":92,"st":30,"bm":0},{"ddd":0,"ind":3,"ty":4,"nm":"soil particle 11","sr":1,"ks":{"o":{"a":0,"k":100,"ix":11},"r":{"a":0,"k":0,"ix":10},"p":{"a":1,"k":[{"i":{"x":0.833,"y":0.833},"o":{"x":0.167,"y":0.167},"t":48,"s":[114,923,0],"to":[75,-164,0],"ti":[-235,-14,0]},{"t":72,"s":[636,767,0]}],"ix":2,"l":2},"a":{"a":0,"k":[-240,-24,0],"ix":1,"l":2},"s":{"a":0,"k":[43,43,100],"ix":6,"l":2}},"ao":0,"shapes":[{"ty":"gr","it":[{"d":1,"ty":"el","s":{"a":0,"k":[58,58],"ix":2},"p":{"a":0,"k":[0,0],"ix":3},"nm":"Ellipse Path 1","mn":"ADBE Vector Shape - Ellipse","hd":false},{"ty":"fl","c":{"a":0,"k":[1,1,1,1],"ix":4},"o":{"a":0,"k":100,"ix":5},"r":1,"bm":0,"nm":"Fill 1","mn":"ADBE Vector Graphic - Fill","hd":false},{"ty":"tr","p":{"a":0,"k":[-241,-25],"ix":2},"a":{"a":0,"k":[0,0],"ix":1},"s":{"a":0,"k":[100,100],"ix":3},"r":{"a":0,"k":0,"ix":6},"o":{"a":0,"k":100,"ix":7},"sk":{"a":0,"k":0,"ix":4},"sa":{"a":0,"k":0,"ix":5},"nm":"Transform"}],"nm":"Ellipse 1","np":3,"cix":2,"bm":0,"ix":1,"mn":"ADBE Vector Group","hd":false}],"ip":48,"op":90,"st":28,"bm":0},{"ddd":0,"ind":4,"ty":1,"nm":"soil particle 10","sr":1,"ks":{"o":{"a":0,"k":100,"ix":11},"r":{"a":1,"k":[{"i":{"x":[0.833],"y":[0.833]},"o":{"x":[0.167],"y":[0.167]},"t":50,"s":[0]},{"t":68,"s":[166]}],"ix":10},"p":{"a":1,"k":[{"i":{"x":0.833,"y":0.833},"o":{"x":0.167,"y":0.167},"t":50,"s":[206,900,0],"to":[178.333,-339,0],"ti":[-114.333,-49,0]},{"t":66,"s":[676,826,0]}],"ix":2,"l":2},"a":{"a":0,"k":[512,512,0],"ix":1,"l":2},"s":{"a":0,"k":[100,100,100],"ix":6,"l":2}},"ao":0,"hasMask":true,"masksProperties":[{"inv":false,"mode":"f","pt":{"a":0,"k":{"i":[[4.235,13.718],[-12.941,29.412],[-20,-2.353],[-19.804,-29.998],[26.892,-18.824],[24.837,0.392]],"o":[[-7.293,-23.619],[12.941,-29.412],[20,2.353],[19.804,29.999],[-26.892,18.824],[-17.128,-0.271]],"v":[[471.283,550.921],[446.216,493.274],[503.863,486.215],[570.921,473.274],[524.872,527.391],[485.039,580.333]],"c":true},"ix":1},"o":{"a":0,"k":100,"ix":3},"x":{"a":0,"k":0,"ix":4},"nm":"Mask 1"}],"sw":1024,"sh":1024,"sc":"#ffffff","ip":50,"op":118,"st":50,"bm":0},{"ddd":0,"ind":5,"ty":1,"nm":"soil particle 8","sr":1,"ks":{"o":{"a":0,"k":100,"ix":11},"r":{"a":1,"k":[{"i":{"x":[0.833],"y":[0.833]},"o":{"x":[0.167],"y":[0.167]},"t":46,"s":[0]},{"t":66,"s":[93]}],"ix":10},"p":{"a":1,"k":[{"i":{"x":0.833,"y":0.833},"o":{"x":0.167,"y":0.167},"t":46,"s":[284,950,0],"to":[88,-202,0],"ti":[-113,-44,0]},{"t":66,"s":[872,716,0]}],"ix":2,"l":2},"a":{"a":0,"k":[512,512,0],"ix":1,"l":2},"s":{"a":1,"k":[{"i":{"x":[0.833,0.833,0.833],"y":[0.833,0.833,-1.162]},"o":{"x":[0.333,0.333,0.333],"y":[0,0,0]},"t":46,"s":[75,75,100]},{"t":66,"s":[124,124,100]}],"ix":6,"l":2}},"ao":0,"hasMask":true,"masksProperties":[{"inv":false,"mode":"f","pt":{"a":0,"k":{"i":[[5.394,13.28],[-31.765,-0.196],[-16.471,-36.666],[43.976,-9.476]],"o":[[-10.464,-25.759],[31.765,0.196],[16.471,36.667],[-43.976,9.476]],"v":[[460.936,544.282],[495.434,483.765],[546.022,483.765],[529.551,567.426]],"c":true},"ix":1},"o":{"a":0,"k":100,"ix":3},"x":{"a":0,"k":0,"ix":4},"nm":"Mask 1"}],"sw":1024,"sh":1024,"sc":"#ffffff","ip":46,"op":66,"st":0,"bm":0},{"ddd":0,"ind":6,"ty":4,"nm":"soil particle 7","sr":1,"ks":{"o":{"a":0,"k":100,"ix":11},"r":{"a":0,"k":0,"ix":10},"p":{"a":1,"k":[{"i":{"x":0.833,"y":0.833},"o":{"x":0.167,"y":0.167},"t":48,"s":[246.901,978.018,0],"to":[29.333,-186,0],"ti":[-195.333,-60,0]},{"t":66,"s":[710.901,774.018,0]}],"ix":2,"l":2},"a":{"a":0,"k":[-240,-24,0],"ix":1,"l":2},"s":{"a":1,"k":[{"i":{"x":[0.833,0.833,0.833],"y":[0.833,0.833,0.833]},"o":{"x":[0.167,0.167,0.167],"y":[0.167,0.167,0.167]},"t":48,"s":[60,60,100]},{"t":66,"s":[30,30,100]}],"ix":6,"l":2}},"ao":0,"shapes":[{"ty":"gr","it":[{"d":1,"ty":"el","s":{"a":0,"k":[58,58],"ix":2},"p":{"a":0,"k":[0,0],"ix":3},"nm":"Ellipse Path 1","mn":"ADBE Vector Shape - Ellipse","hd":false},{"ty":"fl","c":{"a":0,"k":[1,1,1,1],"ix":4},"o":{"a":0,"k":100,"ix":5},"r":1,"bm":0,"nm":"Fill 1","mn":"ADBE Vector Graphic - Fill","hd":false},{"ty":"tr","p":{"a":0,"k":[-241,-25],"ix":2},"a":{"a":0,"k":[0,0],"ix":1},"s":{"a":0,"k":[100,100],"ix":3},"r":{"a":0,"k":0,"ix":6},"o":{"a":0,"k":100,"ix":7},"sk":{"a":0,"k":0,"ix":4},"sa":{"a":0,"k":0,"ix":5},"nm":"Transform"}],"nm":"Ellipse 1","np":3,"cix":2,"bm":0,"ix":1,"mn":"ADBE Vector Group","hd":false}],"ip":48,"op":88,"st":28,"bm":0},{"ddd":0,"ind":7,"ty":4,"nm":"soil particle 6","sr":1,"ks":{"o":{"a":0,"k":100,"ix":11},"r":{"a":0,"k":0,"ix":10},"p":{"a":1,"k":[{"i":{"x":0.833,"y":0.833},"o":{"x":0.167,"y":0.167},"t":26,"s":[246.901,978.018,0],"to":[34.333,-82,0],"ti":[-7.333,-46,0]},{"t":42,"s":[326.901,978.018,0]}],"ix":2,"l":2},"a":{"a":0,"k":[-240,-24,0],"ix":1,"l":2},"s":{"a":1,"k":[{"i":{"x":[0.833,0.833,0.833],"y":[0.833,0.833,2.007]},"o":{"x":[0.333,0.333,0.333],"y":[0,0,0]},"t":30,"s":[60,60,100]},{"t":48,"s":[22,22,100]}],"ix":6,"l":2}},"ao":0,"shapes":[{"ty":"gr","it":[{"d":1,"ty":"el","s":{"a":0,"k":[58,58],"ix":2},"p":{"a":0,"k":[0,0],"ix":3},"nm":"Ellipse Path 1","mn":"ADBE Vector Shape - Ellipse","hd":false},{"ty":"fl","c":{"a":0,"k":[1,1,1,1],"ix":4},"o":{"a":0,"k":100,"ix":5},"r":1,"bm":0,"nm":"Fill 1","mn":"ADBE Vector Graphic - Fill","hd":false},{"ty":"tr","p":{"a":0,"k":[-241,-25],"ix":2},"a":{"a":0,"k":[0,0],"ix":1},"s":{"a":0,"k":[100,100],"ix":3},"r":{"a":0,"k":0,"ix":6},"o":{"a":0,"k":100,"ix":7},"sk":{"a":0,"k":0,"ix":4},"sa":{"a":0,"k":0,"ix":5},"nm":"Transform"}],"nm":"Ellipse 1","np":3,"cix":2,"bm":0,"ix":1,"mn":"ADBE Vector Group","hd":false}],"ip":26,"op":66,"st":6,"bm":0},{"ddd":0,"ind":8,"ty":4,"nm":"soil particle 5","sr":1,"ks":{"o":{"a":0,"k":100,"ix":11},"r":{"a":0,"k":0,"ix":10},"p":{"a":1,"k":[{"i":{"x":0.833,"y":0.833},"o":{"x":0.333,"y":0},"t":50,"s":[196.901,898.018,0],"to":[0,-16.333,0],"ti":[0,16.333,0]},{"t":68,"s":[196.901,800.018,0]}],"ix":2,"l":2},"a":{"a":0,"k":[-240,-24,0],"ix":1,"l":2},"s":{"a":0,"k":[39,39,100],"ix":6,"l":2}},"ao":0,"shapes":[{"ty":"gr","it":[{"d":1,"ty":"el","s":{"a":0,"k":[58,58],"ix":2},"p":{"a":0,"k":[0,0],"ix":3},"nm":"Ellipse Path 1","mn":"ADBE Vector Shape - Ellipse","hd":false},{"ty":"fl","c":{"a":0,"k":[1,1,1,1],"ix":4},"o":{"a":0,"k":100,"ix":5},"r":1,"bm":0,"nm":"Fill 1","mn":"ADBE Vector Graphic - Fill","hd":false},{"ty":"tr","p":{"a":0,"k":[-241,-25],"ix":2},"a":{"a":0,"k":[0,0],"ix":1},"s":{"a":0,"k":[100,100],"ix":3},"r":{"a":0,"k":0,"ix":6},"o":{"a":0,"k":100,"ix":7},"sk":{"a":0,"k":0,"ix":4},"sa":{"a":0,"k":0,"ix":5},"nm":"Transform"}],"nm":"Ellipse 1","np":3,"cix":2,"bm":0,"ix":1,"mn":"ADBE Vector Group","hd":false}],"ip":50,"op":70,"st":30,"bm":0},{"ddd":0,"ind":9,"ty":4,"nm":"soil particle 4","sr":1,"ks":{"o":{"a":0,"k":100,"ix":11},"r":{"a":0,"k":0,"ix":10},"p":{"a":1,"k":[{"i":{"x":0.833,"y":0.833},"o":{"x":0.333,"y":0},"t":24,"s":[116.901,898.018,0],"to":[0,10.333,0],"ti":[0,-10.333,0]},{"t":48,"s":[116.901,960.018,0]}],"ix":2,"l":2},"a":{"a":0,"k":[-240,-24,0],"ix":1,"l":2},"s":{"a":0,"k":[39,39,100],"ix":6,"l":2}},"ao":0,"shapes":[{"ty":"gr","it":[{"d":1,"ty":"el","s":{"a":0,"k":[58,58],"ix":2},"p":{"a":0,"k":[0,0],"ix":3},"nm":"Ellipse Path 1","mn":"ADBE Vector Shape - Ellipse","hd":false},{"ty":"fl","c":{"a":0,"k":[1,1,1,1],"ix":4},"o":{"a":0,"k":100,"ix":5},"r":1,"bm":0,"nm":"Fill 1","mn":"ADBE Vector Graphic - Fill","hd":false},{"ty":"tr","p":{"a":0,"k":[-241,-25],"ix":2},"a":{"a":0,"k":[0,0],"ix":1},"s":{"a":0,"k":[100,100],"ix":3},"r":{"a":0,"k":0,"ix":6},"o":{"a":0,"k":100,"ix":7},"sk":{"a":0,"k":0,"ix":4},"sa":{"a":0,"k":0,"ix":5},"nm":"Transform"}],"nm":"Ellipse 1","np":3,"cix":2,"bm":0,"ix":1,"mn":"ADBE Vector Group","hd":false}],"ip":24,"op":66,"st":4,"bm":0},{"ddd":0,"ind":10,"ty":4,"nm":"soil particle 3","sr":1,"ks":{"o":{"a":0,"k":100,"ix":11},"r":{"a":0,"k":0,"ix":10},"p":{"a":1,"k":[{"i":{"x":0.833,"y":0.833},"o":{"x":0.167,"y":0.167},"t":50,"s":[136,935,0],"to":[28,-312.667,0],"ti":[0,0,0]},{"t":70,"s":[320,873,0]}],"ix":2,"l":2},"a":{"a":0,"k":[-240,-24,0],"ix":1,"l":2},"s":{"a":0,"k":[43,43,100],"ix":6,"l":2}},"ao":0,"shapes":[{"ty":"gr","it":[{"d":1,"ty":"el","s":{"a":0,"k":[58,58],"ix":2},"p":{"a":0,"k":[0,0],"ix":3},"nm":"Ellipse Path 1","mn":"ADBE Vector Shape - Ellipse","hd":false},{"ty":"fl","c":{"a":0,"k":[1,1,1,1],"ix":4},"o":{"a":0,"k":100,"ix":5},"r":1,"bm":0,"nm":"Fill 1","mn":"ADBE Vector Graphic - Fill","hd":false},{"ty":"tr","p":{"a":0,"k":[-241,-25],"ix":2},"a":{"a":0,"k":[0,0],"ix":1},"s":{"a":0,"k":[100,100],"ix":3},"r":{"a":0,"k":0,"ix":6},"o":{"a":0,"k":100,"ix":7},"sk":{"a":0,"k":0,"ix":4},"sa":{"a":0,"k":0,"ix":5},"nm":"Transform"}],"nm":"Ellipse 1","np":3,"cix":2,"bm":0,"ix":1,"mn":"ADBE Vector Group","hd":false}],"ip":50,"op":60,"st":30,"bm":0},{"ddd":0,"ind":11,"ty":4,"nm":"soil particle 2","sr":1,"ks":{"o":{"a":0,"k":100,"ix":11},"r":{"a":0,"k":0,"ix":10},"p":{"a":1,"k":[{"i":{"x":0.833,"y":0.833},"o":{"x":0.167,"y":0.167},"t":22,"s":[132,955,0],"to":[16,-50.667,0],"ti":[-2,-38.333,0]},{"t":46,"s":[192,985,0]}],"ix":2,"l":2},"a":{"a":0,"k":[-240,-24,0],"ix":1,"l":2},"s":{"a":0,"k":[22,22,100],"ix":6,"l":2}},"ao":0,"shapes":[{"ty":"gr","it":[{"d":1,"ty":"el","s":{"a":0,"k":[58,58],"ix":2},"p":{"a":0,"k":[0,0],"ix":3},"nm":"Ellipse Path 1","mn":"ADBE Vector Shape - Ellipse","hd":false},{"ty":"fl","c":{"a":0,"k":[1,1,1,1],"ix":4},"o":{"a":0,"k":100,"ix":5},"r":1,"bm":0,"nm":"Fill 1","mn":"ADBE Vector Graphic - Fill","hd":false},{"ty":"tr","p":{"a":0,"k":[-241,-25],"ix":2},"a":{"a":0,"k":[0,0],"ix":1},"s":{"a":0,"k":[100,100],"ix":3},"r":{"a":0,"k":0,"ix":6},"o":{"a":0,"k":100,"ix":7},"sk":{"a":0,"k":0,"ix":4},"sa":{"a":0,"k":0,"ix":5},"nm":"Transform"}],"nm":"Ellipse 1","np":3,"cix":2,"bm":0,"ix":1,"mn":"ADBE Vector Group","hd":false}],"ip":22,"op":66,"st":2,"bm":0},{"ddd":0,"ind":12,"ty":4,"nm":"soil particle 1","sr":1,"ks":{"o":{"a":0,"k":100,"ix":11},"r":{"a":0,"k":0,"ix":10},"p":{"a":1,"k":[{"i":{"x":0.833,"y":0.833},"o":{"x":0.167,"y":0.167},"t":24,"s":[383,1022,0],"to":[26.167,-83.5,0],"ti":[-6.167,-54.5,0]},{"t":50,"s":[462,1019,0]}],"ix":2,"l":2},"a":{"a":0,"k":[-240,-24,0],"ix":1,"l":2},"s":{"a":0,"k":[43,43,100],"ix":6,"l":2}},"ao":0,"shapes":[{"ty":"gr","it":[{"d":1,"ty":"el","s":{"a":0,"k":[58,58],"ix":2},"p":{"a":0,"k":[0,0],"ix":3},"nm":"Ellipse Path 1","mn":"ADBE Vector Shape - Ellipse","hd":false},{"ty":"fl","c":{"a":0,"k":[1,1,1,1],"ix":4},"o":{"a":0,"k":100,"ix":5},"r":1,"bm":0,"nm":"Fill 1","mn":"ADBE Vector Graphic - Fill","hd":false},{"ty":"tr","p":{"a":0,"k":[-241,-25],"ix":2},"a":{"a":0,"k":[0,0],"ix":1},"s":{"a":0,"k":[100,100],"ix":3},"r":{"a":0,"k":0,"ix":6},"o":{"a":0,"k":100,"ix":7},"sk":{"a":0,"k":0,"ix":4},"sa":{"a":0,"k":0,"ix":5},"nm":"Transform"}],"nm":"Ellipse 1","np":3,"cix":2,"bm":0,"ix":1,"mn":"ADBE Vector Group","hd":false}],"ip":24,"op":66,"st":4,"bm":0},{"ddd":0,"ind":13,"ty":4,"nm":"soil particle","sr":1,"ks":{"o":{"a":0,"k":100,"ix":11},"r":{"a":0,"k":0,"ix":10},"p":{"a":1,"k":[{"i":{"x":0.833,"y":0.833},"o":{"x":0.167,"y":0.167},"t":20,"s":[75,994,0],"to":[-5.833,-85.5,0],"ti":[51.833,23.5,0]},{"t":36,"s":[28,849,0]}],"ix":2,"l":2},"a":{"a":0,"k":[-240,-24,0],"ix":1,"l":2},"s":{"a":0,"k":[43,43,100],"ix":6,"l":2}},"ao":0,"shapes":[{"ty":"gr","it":[{"d":1,"ty":"el","s":{"a":0,"k":[58,58],"ix":2},"p":{"a":0,"k":[0,0],"ix":3},"nm":"Ellipse Path 1","mn":"ADBE Vector Shape - Ellipse","hd":false},{"ty":"fl","c":{"a":0,"k":[1,1,1,1],"ix":4},"o":{"a":0,"k":100,"ix":5},"r":1,"bm":0,"nm":"Fill 1","mn":"ADBE Vector Graphic - Fill","hd":false},{"ty":"tr","p":{"a":0,"k":[-241,-25],"ix":2},"a":{"a":0,"k":[0,0],"ix":1},"s":{"a":0,"k":[100,100],"ix":3},"r":{"a":0,"k":0,"ix":6},"o":{"a":0,"k":100,"ix":7},"sk":{"a":0,"k":0,"ix":4},"sa":{"a":0,"k":0,"ix":5},"nm":"Transform"}],"nm":"Ellipse 1","np":3,"cix":2,"bm":0,"ix":1,"mn":"ADBE Vector Group","hd":false}],"ip":20,"op":66,"st":0,"bm":0},{"ddd":0,"ind":14,"ty":1,"nm":"soil","sr":1,"ks":{"o":{"a":0,"k":100,"ix":11},"r":{"a":0,"k":0,"ix":10},"p":{"a":1,"k":[{"i":{"x":0.667,"y":1},"o":{"x":0.167,"y":0.167},"t":20,"s":[116,1404,0],"to":[0.667,-8,0],"ti":[-0.667,8,0]},{"t":24,"s":[120,1356,0]}],"ix":2,"l":2},"a":{"a":0,"k":[504,868,0],"ix":1,"l":2},"s":{"a":0,"k":[100,100,100],"ix":6,"l":2}},"ao":0,"hasMask":true,"masksProperties":[{"inv":false,"mode":"f","pt":{"a":1,"k":[{"i":{"x":0.667,"y":1},"o":{"x":0.333,"y":0},"t":24,"s":[{"i":[[0,0],[5.289,-18.529],[-42.894,4.085],[-10.213,-14.298],[-25.744,-16.34],[-26.553,-2.043],[-20.87,-18.203],[-22.491,13.557],[8.951,-66.61],[0,0],[0,0],[0,0]],"o":[[40.851,5.264],[-7.831,27.438],[42.894,-4.085],[10.213,14.298],[25.744,16.34],[26.553,2.042],[21.177,18.471],[22.491,-13.557],[-8.951,66.61],[0,0],[0,0],[0,0]],"v":[[345.304,299.943],[402.972,358.867],[453.006,451.313],[504.07,477.866],[598.837,477.866],[671.569,479.615],[732.413,517.395],[819.472,513.865],[845.958,527.681],[741.006,727.057],[169.092,702.547],[267.688,299.943]],"c":true}]},{"i":{"x":1,"y":1},"o":{"x":0.333,"y":0},"t":34,"s":[{"i":[[0,0],[5.289,-18.529],[-42.894,4.085],[-10.213,-14.298],[-25.743,-16.34],[-16.714,-20.734],[-20.87,-18.203],[-22.491,13.557],[8.951,-66.61],[0,0],[0,0],[0,0]],"o":[[40.851,5.264],[-7.832,27.438],[42.894,-4.085],[10.213,14.298],[25.744,16.34],[19.404,24.072],[21.177,18.471],[22.491,-13.557],[-8.951,66.61],[0,0],[0,0],[0,0]],"v":[[341.631,298.943],[399.299,357.867],[469.929,439.163],[519.972,473.887],[598.61,484.135],[689.504,478.993],[759.972,503.064],[854.145,498.184],[880.63,512],[746.333,727.057],[174.419,702.547],[264.015,298.943]],"c":true}]},{"i":{"x":0.833,"y":0.833},"o":{"x":0.167,"y":0},"t":50,"s":[{"i":[[0,0],[5.289,-18.529],[-42.894,4.085],[-13.196,11.602],[-9.642,-28.927],[-26.599,1.319],[-0.515,-53.064],[-22.491,13.557],[-13.828,-35.681],[0,0],[0,0],[0,0]],"o":[[40.851,5.264],[-7.832,27.438],[42.894,-4.085],[26.354,-23.171],[12.255,36.766],[52.237,-2.589],[0.273,28.099],[22.491,-13.557],[43.498,112.244],[0,0],[0,0],[0,0]],"v":[[399.175,296.943],[456.842,355.867],[507.421,396.567],[559.833,427.908],[662.272,410.44],[718.953,419.631],[782.515,503.064],[829.342,457.865],[913.828,473.681],[768.877,727.057],[196.962,702.547],[321.557,296.943]],"c":true}]},{"i":{"x":0.833,"y":0.833},"o":{"x":0.167,"y":0.167},"t":52,"s":[{"i":[[0,0],[5.289,-18.529],[-42.894,4.085],[-13.002,9.919],[-10.688,-28.109],[-26.596,1.1],[-1.837,-50.8],[-11.898,60.101],[-12.348,-37.691],[0,0],[0,0],[0,0]],"o":[[40.851,5.264],[-7.832,27.438],[42.894,-4.085],[25.305,-20.736],[13.132,35.439],[50.568,-2.289],[1.631,27.473],[9.811,-49.558],[40.09,109.279],[0,0],[0,0],[0,0]],"v":[[402.561,307.338],[460.229,366.262],[531.084,358.519],[583.408,389.549],[663.349,425.216],[721.072,433.924],[784.457,514.391],[833.898,419.899],[909.616,407.585],[772.264,737.453],[200.349,712.942],[324.944,307.338]],"c":true}]},{"i":{"x":0.667,"y":1},"o":{"x":0.167,"y":0.167},"t":54,"s":[{"i":[[0,0],[5.289,-18.529],[-42.894,4.085],[-44.497,-1.07],[-12.721,-26.521],[-26.59,0.676],[-4.406,-46.399],[-13.328,53.818],[-9.473,-41.595],[0,0],[0,0],[0,0]],"o":[[40.851,5.264],[-7.831,27.438],[42.894,-4.085],[41.503,9.93],[14.834,32.861],[47.326,-1.704],[4.269,26.258],[11.523,-44.698],[33.47,103.519],[0,0],[0,0],[0,0]],"v":[[409.141,327.533],[466.809,386.457],[531.343,392.645],[609.497,371.07],[665.439,453.922],[743.189,393.69],[796.231,450.395],[820.75,412.182],[911.822,445.396],[778.843,757.648],[206.929,733.137],[331.524,327.533]],"c":true}]},{"t":70,"s":[{"i":[[0,0],[5.289,-18.529],[-42.894,4.085],[-10.213,-14.298],[-25.744,-16.34],[-26.553,-2.043],[-20.87,-18.203],[-22.491,13.557],[8.951,-66.61],[0,0],[0,0],[0,0]],"o":[[40.851,5.264],[-7.831,27.438],[42.894,-4.085],[10.213,14.298],[25.744,16.34],[26.553,2.042],[21.177,18.471],[22.491,-13.557],[-8.951,66.61],[0,0],[0,0],[0,0]],"v":[[451.304,456.943],[508.972,515.867],[533.006,611.313],[584.07,637.866],[678.837,637.866],[751.569,639.615],[812.413,677.395],[899.472,673.865],[925.958,687.681],[821.006,887.057],[249.092,862.547],[373.688,456.943]],"c":true}]}],"ix":1},"o":{"a":0,"k":100,"ix":3},"x":{"a":0,"k":0,"ix":4},"nm":"Mask 1"}],"sw":1024,"sh":1024,"sc":"#ffffff","ip":20,"op":56,"st":10,"bm":0}]},{"id":"comp_1","nm":"shovel","fr":60,"layers":[{"ddd":0,"ind":1,"ty":4,"nm":"Blade mask","parent":8,"td":1,"sr":1,"ks":{"o":{"a":0,"k":100,"ix":11},"r":{"a":0,"k":0,"ix":10},"p":{"a":0,"k":[704.475,715.665,0],"ix":2,"l":2},"a":{"a":0,"k":[704.475,715.665,0],"ix":1,"l":2},"s":{"a":0,"k":[100,100,100],"ix":6,"l":2}},"ao":0,"shapes":[{"ty":"gr","it":[{"ind":0,"ty":"sh","ix":1,"ks":{"a":0,"k":{"i":[[7.973,-7.974],[-3.986,-4.983],[-11.96,-16.944],[7.973,-7.973],[61.932,13.816],[11.023,36.749],[-204.392,207.345],[-10.964,-8.969],[-24.917,-23.921],[-3.987,2.99],[-6.976,5.98],[28.557,-27.014]],"o":[[-3.987,4.983],[22.924,26.911],[13.954,17.94],[-199.357,184.208],[-39.686,-9.151],[-22.723,-78.257],[13.953,-12.957],[8.97,6.978],[3.987,3.986],[8.97,-8.97],[26.298,-22.646],[-6.977,6.977]],"v":[[354.577,-282.856],[353.58,-265.913],[460.225,-136.344],[452.252,-97.474],[-10.134,26.041],[-75.95,-40.701],[66.537,-499.135],[106.404,-502.126],[227.002,-390.497],[240.956,-390.497],[233.962,-382.507],[343.597,-271.876]],"c":true},"ix":2,"x":"var $bm_rt;\n$bm_rt = thisComp.layer('Blade').content('Group 3').content('Path 1').path;"},"nm":"Path 1","mn":"ADBE Vector Shape - Group","hd":false},{"ty":"fl","c":{"a":0,"k":[0.510000011968,0.681999954523,0.752999997606,1],"ix":4},"o":{"a":0,"k":100,"ix":5},"r":1,"bm":0,"nm":"Fill 1","mn":"ADBE Vector Graphic - Fill","hd":false},{"ty":"tr","p":{"a":0,"k":[457.675,978.864],"ix":2},"a":{"a":0,"k":[0,0],"ix":1},"s":{"a":0,"k":[100,100],"ix":3},"r":{"a":0,"k":0,"ix":6},"o":{"a":0,"k":100,"ix":7},"sk":{"a":0,"k":0,"ix":4},"sa":{"a":0,"k":0,"ix":5},"nm":"Transform"}],"nm":"Group 3","np":2,"cix":2,"bm":0,"ix":3,"mn":"ADBE Vector Group","hd":false}],"ip":0,"op":118,"st":48,"bm":0},{"ddd":0,"ind":2,"ty":4,"nm":"Blade","parent":8,"tt":1,"sr":1,"ks":{"o":{"a":0,"k":100,"ix":11},"r":{"a":0,"k":0,"ix":10},"p":{"a":0,"k":[704.475,715.665,0],"ix":2,"l":2},"a":{"a":0,"k":[704.475,715.665,0],"ix":1,"l":2},"s":{"a":0,"k":[100,100,100],"ix":6,"l":2}},"ao":0,"shapes":[{"ty":"gr","it":[{"ind":0,"ty":"sh","ix":1,"ks":{"a":1,"k":[{"i":{"x":0,"y":1},"o":{"x":0.333,"y":0},"t":48,"s":[{"i":[[0,0],[0,0],[-4,-4],[0,0],[3.2,-2.401],[0,0],[3.2,3.199],[0,0],[-7.2,9.6],[0,0]],"o":[[0,0],[-2.4,4.8],[0,0],[3.2,3.201],[0,0],[-3.2,3.199],[0,0],[-8,-8],[0,0],[0,0]],"v":[[-24.4,-87.6],[-38.8,-59.6],[-36.4,-44.4],[74,62.799],[74,73.201],[54.8,91.6],[43.6,91.6],[-67.6,-18],[-70,-48.4],[-37.2,-94.799]],"c":true}]},{"i":{"x":0.667,"y":1},"o":{"x":1,"y":0},"t":62,"s":[{"i":[[0,0],[0,0],[-4.984,-4.984],[0,0],[3.987,-2.99],[0,0],[3.986,3.987],[0,0],[-8.97,11.96],[0,0]],"o":[[0,0],[-2.99,5.98],[0,0],[3.987,3.987],[0,0],[-3.987,3.987],[0,0],[-9.966,-9.966],[0,0],[0,0]],"v":[[104.857,-325.659],[86.917,-290.775],[89.907,-271.838],[227.448,-138.283],[227.448,-125.326],[203.528,-102.403],[189.575,-102.403],[51.036,-238.948],[48.046,-276.822],[97.725,-315.099]],"c":true}]},{"t":78,"s":[{"i":[[0,0],[0,0],[-4,-4],[0,0],[3.2,-2.401],[0,0],[3.2,3.199],[0,0],[-7.2,9.6],[0,0]],"o":[[0,0],[-2.4,4.8],[0,0],[3.2,3.201],[0,0],[-3.2,3.199],[0,0],[-8,-8],[0,0],[0,0]],"v":[[-24.4,-87.6],[-38.8,-59.6],[-36.4,-44.4],[74,62.799],[74,73.201],[54.8,91.6],[43.6,91.6],[-67.6,-18],[-70,-48.4],[-37.2,-94.799]],"c":true}]}],"ix":2},"nm":"Path 1","mn":"ADBE Vector Shape - Group","hd":false},{"ty":"fl","c":{"a":0,"k":[0.184000007779,0.470999983245,0.536999990426,1],"ix":4},"o":{"a":0,"k":100,"ix":5},"r":1,"bm":0,"nm":"Fill 1","mn":"ADBE Vector Graphic - Fill","hd":false},{"ty":"tr","p":{"a":0,"k":[443.275,782.463],"ix":2},"a":{"a":0,"k":[0,0],"ix":1},"s":{"a":0,"k":[100,100],"ix":3},"r":{"a":0,"k":0,"ix":6},"o":{"a":0,"k":100,"ix":7},"sk":{"a":0,"k":0,"ix":4},"sa":{"a":0,"k":0,"ix":5},"nm":"Transform"}],"nm":"Group 1","np":2,"cix":2,"bm":0,"ix":1,"mn":"ADBE Vector Group","hd":false},{"ty":"gr","it":[{"ind":0,"ty":"sh","ix":1,"ks":{"a":1,"k":[{"i":{"x":0,"y":1},"o":{"x":0.333,"y":0},"t":48,"s":[{"i":[[0,0],[0,0],[0,0],[4,4],[17.6,18.4],[-2.4,2.4],[-51.2,2.401],[0,0],[16.8,13.601],[2.4,-1.599],[4,-4],[-5.6,4],[-10.4,-12],[-14.4,-16],[2.4,-2.401],[115.5,-17.326],[29.163,2.835],[5.853,31.889],[-93.572,153.802],[0,0]],"o":[[0,0],[0,0],[-5.6,2.399],[-20.8,-22.401],[-2.4,-2.401],[6.4,-6.401],[13.6,-0.799],[-12.8,12.8],[-2.4,-2.399],[-33.6,31.201],[-4.8,4.8],[78.4,-58.401],[16,17.599],[2.4,2.399],[-65.306,66.03],[-24.864,3.73],[-28.337,-2.665],[-6.58,-35.851],[0,0],[0,0]],"v":[[141.332,160.239],[368.532,-48.562],[312.532,-26.961],[297.333,-30.161],[194.133,-142.161],[194.133,-150.161],[262.133,-161.362],[274.133,-194.961],[221.333,-193.362],[212.532,-193.362],[38.932,-33.362],[43.733,-26.961],[194.133,-82.161],[266.932,0.239],[266.932,9.039],[-13.014,151.865],[-88.705,144.84],[-157.598,94.839],[-99.495,-216],[-368.532,216]],"c":true}]},{"i":{"x":0.667,"y":1},"o":{"x":1,"y":0},"t":62,"s":[{"i":[[0,0],[0,0],[0,0],[4.983,4.984],[21.927,22.924],[-2.99,2.99],[-16.869,-3.374],[0,0],[23.251,17.145],[2.99,-1.993],[4.983,-4.984],[-6.977,4.983],[-12.957,-14.95],[-17.94,-19.933],[2.865,-2.863],[125.082,8.137],[30.009,8.856],[11.158,25.723],[-58.879,116.762],[-6.51,0]],"o":[[0,0],[0,0],[-6.977,2.99],[-25.914,-27.907],[-2.99,-2.99],[7.973,-7.973],[16.944,-0.996],[43.539,-12.578],[-2.99,-2.99],[-41.86,38.871],[-5.98,5.98],[97.675,-72.758],[19.934,21.927],[2.99,2.99],[-43.954,42.522],[-30.117,-1.959],[-6.425,-1.896],[-30.66,-70.683],[-13.071,1.111],[6.511,0]],"v":[[290.794,30.65],[579.807,-209.917],[510.431,-183.398],[491.494,-187.385],[362.922,-326.92],[362.922,-336.887],[408.987,-351.946],[423.703,-353.814],[435.765,-428.378],[373.387,-378.249],[157.108,-178.913],[163.088,-170.939],[362.922,-252.169],[453.62,-149.511],[456.544,-141.473],[169.541,-62.376],[78.885,-78.214],[32.374,-118.185],[44.932,-466.429],[-112.437,-23.079]],"c":true}]},{"t":78,"s":[{"i":[[0,0],[0,0],[0,0],[4,4],[17.6,18.4],[-2.4,2.4],[-51.2,2.401],[0,0],[16.8,13.601],[2.4,-1.599],[4,-4],[-5.6,4],[-10.4,-12],[-14.4,-16],[2.4,-2.401],[115.5,-17.326],[29.163,2.835],[5.853,31.889],[-93.572,153.802],[0,0]],"o":[[0,0],[0,0],[-5.6,2.399],[-20.8,-22.401],[-2.4,-2.401],[6.4,-6.401],[13.6,-0.799],[-12.8,12.8],[-2.4,-2.399],[-33.6,31.201],[-4.8,4.8],[78.4,-58.401],[16,17.599],[2.4,2.399],[-65.306,66.03],[-24.864,3.73],[-28.337,-2.665],[-6.58,-35.851],[0,0],[0,0]],"v":[[141.332,160.239],[368.532,-48.562],[312.532,-26.961],[297.333,-30.161],[194.133,-142.161],[194.133,-150.161],[262.133,-161.362],[274.133,-194.961],[221.333,-193.362],[212.532,-193.362],[38.932,-33.362],[43.733,-26.961],[194.133,-82.161],[266.932,0.239],[266.932,9.039],[-13.014,151.865],[-88.705,144.84],[-157.598,94.839],[-99.495,-216],[-368.532,216]],"c":true}]}],"ix":2},"nm":"Path 1","mn":"ADBE Vector Shape - Group","hd":false},{"ty":"fl","c":{"a":0,"k":[0.184000007779,0.470999983245,0.536999990426,1],"ix":4},"o":{"a":0,"k":100,"ix":5},"r":1,"bm":0,"nm":"Fill 1","mn":"ADBE Vector Graphic - Fill","hd":false},{"ty":"tr","p":{"a":0,"k":[385.543,1053.825],"ix":2},"a":{"a":0,"k":[0,0],"ix":1},"s":{"a":0,"k":[100,100],"ix":3},"r":{"a":0,"k":0,"ix":6},"o":{"a":0,"k":100,"ix":7},"sk":{"a":0,"k":0,"ix":4},"sa":{"a":0,"k":0,"ix":5},"nm":"Transform"}],"nm":"Group 2","np":2,"cix":2,"bm":0,"ix":2,"mn":"ADBE Vector Group","hd":false},{"ty":"gr","it":[{"ind":0,"ty":"sh","ix":1,"ks":{"a":1,"k":[{"i":{"x":0,"y":1},"o":{"x":0.333,"y":0},"t":48,"s":[{"i":[[6.4,-6.4],[-3.2,-4],[-9.6,-13.6],[6.4,-6.401],[51.2,9.6],[4.8,31.201],[-211.2,202.4],[-8.8,-7.2],[-20,-19.201],[-3.2,2.4],[-5.6,4.8],[-31.775,19.536]],"o":[[-3.2,4],[18.4,21.6],[11.2,14.4],[-216.8,219.2],[-32.8,-6.4],[-9.6,-66.399],[11.2,-10.4],[7.2,5.6],[3.2,3.2],[7.2,-7.201],[-18.775,50.836],[-5.6,5.6]],"v":[[173.2,-92],[172.4,-78.4],[258,25.6],[251.6,56.8],[-175.6,212],[-228.4,158.399],[-58,-265.6],[-26,-268],[70.8,-178.4],[82,-178.4],[107.6,-203.2],[195.6,-114.4]],"c":true}]},{"i":{"x":0.667,"y":1},"o":{"x":1,"y":0},"t":62,"s":[{"i":[[1.373,-2.133],[-3.986,-4.983],[-11.96,-16.944],[7.973,-7.973],[61.932,13.816],[11.023,36.749],[-204.392,207.345],[-10.964,-8.969],[-24.917,-23.921],[-3.987,2.99],[-1.012,0.956],[27.978,-60.613]],"o":[[-3.439,6.117],[22.924,26.911],[13.954,17.94],[-199.357,184.208],[-39.686,-9.151],[-22.723,-78.257],[13.953,-12.957],[8.97,6.978],[3.987,3.986],[0.369,-0.054],[57.051,-36.482],[-1.272,2.012]],"v":[[353.327,-281.731],[353.58,-265.913],[460.225,-136.344],[452.252,-97.474],[-10.134,26.041],[-75.95,-40.701],[66.537,-499.135],[106.404,-502.126],[227.002,-390.497],[240.956,-390.497],[243.274,-392.382],[356.347,-287.313]],"c":true}]},{"t":78,"s":[{"i":[[6.4,-6.4],[-3.2,-4],[-9.6,-13.6],[6.4,-6.401],[51.2,9.6],[4.8,31.201],[-211.2,202.4],[-8.8,-7.2],[-20,-19.201],[-3.2,2.4],[-5.6,4.8],[-31.775,19.536]],"o":[[-3.2,4],[18.4,21.6],[11.2,14.4],[-216.8,219.2],[-32.8,-6.4],[-9.6,-66.399],[11.2,-10.4],[7.2,5.6],[3.2,3.2],[7.2,-7.201],[-18.775,50.836],[-5.6,5.6]],"v":[[173.2,-92],[172.4,-78.4],[258,25.6],[251.6,56.8],[-175.6,212],[-228.4,158.399],[-58,-265.6],[-26,-268],[70.8,-178.4],[82,-178.4],[107.6,-203.2],[195.6,-114.4]],"c":true}]}],"ix":2},"nm":"Path 1","mn":"ADBE Vector Shape - Group","hd":false},{"ty":"fl","c":{"a":0,"k":[0.510000011968,0.681999954523,0.752999997606,1],"ix":4},"o":{"a":0,"k":100,"ix":5},"r":1,"bm":0,"nm":"Fill 1","mn":"ADBE Vector Graphic - Fill","hd":false},{"ty":"tr","p":{"a":0,"k":[457.675,978.864],"ix":2},"a":{"a":0,"k":[0,0],"ix":1},"s":{"a":0,"k":[100,100],"ix":3},"r":{"a":0,"k":0,"ix":6},"o":{"a":0,"k":100,"ix":7},"sk":{"a":0,"k":0,"ix":4},"sa":{"a":0,"k":0,"ix":5},"nm":"Transform"}],"nm":"Group 3","np":2,"cix":2,"bm":0,"ix":3,"mn":"ADBE Vector Group","hd":false}],"ip":0,"op":118,"st":48,"bm":0},{"ddd":0,"ind":3,"ty":4,"nm":"Grip mask","parent":8,"td":1,"sr":1,"ks":{"o":{"a":0,"k":100,"ix":11},"r":{"a":0,"k":0,"ix":10},"p":{"a":0,"k":[704.475,715.665,0],"ix":2,"l":2},"a":{"a":0,"k":[704.475,715.665,0],"ix":1,"l":2},"s":{"a":0,"k":[100,100,100],"ix":6,"l":2}},"ao":0,"shapes":[{"ty":"gr","it":[{"ind":0,"ty":"sh","ix":1,"ks":{"a":0,"k":{"i":[[-2.4,-0.8],[-26.4,-48.8],[1.6,-2.4],[23.2,-14.4],[4,3.2],[35.2,63.2],[-1.6,3.2],[-19.2,8.8]],"o":[[56,29.6],[1.6,3.2],[-11.2,19.2],[-4,2.4],[-48.8,-33.6],[-2.4,-4],[12,-22.4],[3.2,-1.6]],"v":[[-53.2,-122],[116.4,60.4],[116.4,69.2],[60.4,121.2],[47.6,120.4],[-115.6,-58],[-115.6,-70],[-62.8,-122]],"c":true},"ix":2,"x":"var $bm_rt;\n$bm_rt = thisComp.layer('Grip').content('Group 2').content('Path 1').path;"},"nm":"Path 1","mn":"ADBE Vector Shape - Group","hd":false},{"ty":"fl","c":{"a":0,"k":[0.626999978458,0.40800000359,0.255000005984,1],"ix":4},"o":{"a":0,"k":100,"ix":5},"r":1,"bm":0,"nm":"Fill 1","mn":"ADBE Vector Graphic - Fill","hd":false},{"ty":"tr","p":{"a":0,"k":[1052.875,376.864],"ix":2},"a":{"a":0,"k":[0,0],"ix":1},"s":{"a":0,"k":[100,100],"ix":3},"r":{"a":0,"k":0,"ix":6},"o":{"a":0,"k":100,"ix":7},"sk":{"a":0,"k":0,"ix":4},"sa":{"a":0,"k":0,"ix":5},"nm":"Transform"}],"nm":"Group 2","np":2,"cix":2,"bm":0,"ix":1,"mn":"ADBE Vector Group","hd":false}],"ip":0,"op":118,"st":48,"bm":0},{"ddd":0,"ind":4,"ty":4,"nm":"Grip","parent":8,"tt":1,"sr":1,"ks":{"o":{"a":0,"k":100,"ix":11},"r":{"a":0,"k":0,"ix":10},"p":{"a":0,"k":[704.475,715.665,0],"ix":2,"l":2},"a":{"a":0,"k":[704.475,715.665,0],"ix":1,"l":2},"s":{"a":0,"k":[100,100,100],"ix":6,"l":2}},"ao":0,"shapes":[{"ty":"gr","it":[{"ind":0,"ty":"sh","ix":1,"ks":{"a":1,"k":[{"i":{"x":0,"y":1},"o":{"x":0.333,"y":0},"t":48,"s":[{"i":[[0,0],[-5.6,-60],[0,0],[0,0]],"o":[[-20,3.2],[-35.2,-17.6],[0,0],[0,0]],"v":[[63.2,-32],[-5.6,68.8],[-63.2,18.4],[26.4,-68.8]],"c":true}]},{"i":{"x":0.667,"y":1},"o":{"x":1,"y":0},"t":62,"s":[{"i":[[0,0],[-4.462,-47.809],[-6.806,40.464],[0,0]],"o":[[-10.471,1.676],[3.769,1.885],[0,0],[0,0]],"v":[[46.257,-45.081],[-22.544,55.719],[-58.93,-15.894],[13.456,-77.881]],"c":true}]},{"t":78,"s":[{"i":[[0,0],[-5.6,-60],[0,0],[0,0]],"o":[[-20,3.2],[-35.2,-17.6],[0,0],[0,0]],"v":[[63.2,-32],[-5.6,68.8],[-63.2,18.4],[26.4,-68.8]],"c":true}]}],"ix":2},"nm":"Path 1","mn":"ADBE Vector Shape - Group","hd":false},{"ty":"fl","c":{"a":0,"k":[0.490000017952,0.317999985639,0.2,1],"ix":4},"o":{"a":0,"k":100,"ix":5},"r":1,"bm":0,"nm":"Fill 1","mn":"ADBE Vector Graphic - Fill","hd":false},{"ty":"tr","p":{"a":0,"k":[965.275,293.263],"ix":2},"a":{"a":0,"k":[0,0],"ix":1},"s":{"a":0,"k":[100,100],"ix":3},"r":{"a":0,"k":0,"ix":6},"o":{"a":0,"k":100,"ix":7},"sk":{"a":0,"k":0,"ix":4},"sa":{"a":0,"k":0,"ix":5},"nm":"Transform"}],"nm":"Group 1","np":2,"cix":2,"bm":0,"ix":1,"mn":"ADBE Vector Group","hd":false},{"ty":"gr","it":[{"ind":0,"ty":"sh","ix":1,"ks":{"a":1,"k":[{"i":{"x":0,"y":1},"o":{"x":0.333,"y":0},"t":48,"s":[{"i":[[-2.4,-0.8],[-26.4,-48.8],[1.6,-2.4],[23.2,-14.4],[4,3.2],[35.2,63.2],[-1.6,3.2],[-19.2,8.8]],"o":[[56,29.6],[1.6,3.2],[-11.2,19.2],[-4,2.4],[-48.8,-33.6],[-2.4,-4],[12,-22.4],[3.2,-1.6]],"v":[[-53.2,-122],[116.4,60.4],[116.4,69.2],[60.4,121.2],[47.6,120.4],[-115.6,-58],[-115.6,-70],[-62.8,-122]],"c":true}]},{"i":{"x":0.667,"y":1},"o":{"x":1,"y":0},"t":62,"s":[{"i":[[-2.4,-0.8],[-26.4,-48.8],[1.6,-2.4],[26.544,-12.858],[4,3.2],[35.2,63.201],[-1.6,3.2],[-19.2,8.8]],"o":[[56,29.6],[1.6,3.2],[-11.2,19.2],[-4,2.4],[-48.8,-33.6],[-2.4,-4],[4.669,-16.533],[3.2,-1.6]],"v":[[-66.144,-131.081],[92.456,41.319],[92.456,50.119],[40.331,105.244],[27.531,104.444],[-124.379,-58.806],[-127.544,-74.831],[-75.744,-131.081]],"c":true}]},{"t":78,"s":[{"i":[[-2.4,-0.8],[-26.4,-48.8],[1.6,-2.4],[23.2,-14.4],[4,3.2],[35.2,63.2],[-1.6,3.2],[-19.2,8.8]],"o":[[56,29.6],[1.6,3.2],[-11.2,19.2],[-4,2.4],[-48.8,-33.6],[-2.4,-4],[12,-22.4],[3.2,-1.6]],"v":[[-53.2,-122],[116.4,60.4],[116.4,69.2],[60.4,121.2],[47.6,120.4],[-115.6,-58],[-115.6,-70],[-62.8,-122]],"c":true}]}],"ix":2},"nm":"Path 1","mn":"ADBE Vector Shape - Group","hd":false},{"ty":"fl","c":{"a":0,"k":[0.626999978458,0.40800000359,0.255000005984,1],"ix":4},"o":{"a":0,"k":100,"ix":5},"r":1,"bm":0,"nm":"Fill 1","mn":"ADBE Vector Graphic - Fill","hd":false},{"ty":"tr","p":{"a":0,"k":[1052.875,376.864],"ix":2},"a":{"a":0,"k":[0,0],"ix":1},"s":{"a":0,"k":[100,100],"ix":3},"r":{"a":0,"k":0,"ix":6},"o":{"a":0,"k":100,"ix":7},"sk":{"a":0,"k":0,"ix":4},"sa":{"a":0,"k":0,"ix":5},"nm":"Transform"}],"nm":"Group 2","np":2,"cix":2,"bm":0,"ix":2,"mn":"ADBE Vector Group","hd":false}],"ip":0,"op":118,"st":48,"bm":0},{"ddd":0,"ind":5,"ty":4,"nm":"Handle mask","parent":8,"td":1,"sr":1,"ks":{"o":{"a":0,"k":100,"ix":11},"r":{"a":0,"k":0,"ix":10},"p":{"a":0,"k":[704.475,715.665,0],"ix":2,"l":2},"a":{"a":0,"k":[704.475,715.665,0],"ix":1,"l":2},"s":{"a":0,"k":[100,100,100],"ix":6,"l":2}},"ao":0,"shapes":[{"ty":"gr","it":[{"ind":0,"ty":"sh","ix":1,"ks":{"a":0,"k":{"i":[[-16,-21.6],[8.8,-8.8],[-24.8,24],[-7.2,7.2],[-24.8,12],[13.6,20],[0,0],[8,-7.2],[12,-8.8],[22.4,15.2],[16.8,24],[-15.2,21.6],[-4.8,6.4],[4.8,4.8],[4.8,3.2],[32.8,-60.8]],"o":[[0,0],[-24,24.8],[8,-8],[37.6,33.6],[38.4,-18.4],[-3.2,-4.8],[0,0],[0,0],[-17.6,12.8],[-20.8,-13.6],[-13.6,-20],[12,-16],[7.2,-8],[-3.2,-4],[-13.6,-12],[-22.4,40]],"v":[[-126.4,40],[-161.6,75.2],[-71.2,165.6],[-39.2,134.4],[67.2,146.4],[172,40.8],[161.6,28],[147.2,28.8],[65.6,100.8],[0.8,100.8],[-90.4,3.2],[-97.6,-58.4],[-13.6,-146.4],[-12,-167.2],[-24,-177.6],[-144.8,-63.2]],"c":true},"ix":2,"x":"var $bm_rt;\n$bm_rt = thisComp.layer('Handle').content('Group 4').content('Path 1').path;"},"nm":"Path 1","mn":"ADBE Vector Shape - Group","hd":false},{"ty":"fl","c":{"a":0,"k":[0.510000011968,0.681999954523,0.752999997606,1],"ix":4},"o":{"a":0,"k":100,"ix":5},"r":1,"bm":0,"nm":"Fill 1","mn":"ADBE Vector Graphic - Fill","hd":false},{"ty":"tr","p":{"a":0,"k":[1021.275,406.864],"ix":2},"a":{"a":0,"k":[0,0],"ix":1},"s":{"a":0,"k":[100,100],"ix":3},"r":{"a":0,"k":0,"ix":6},"o":{"a":0,"k":100,"ix":7},"sk":{"a":0,"k":0,"ix":4},"sa":{"a":0,"k":0,"ix":5},"nm":"Transform"}],"nm":"Group 4","np":2,"cix":2,"bm":0,"ix":1,"mn":"ADBE Vector Group","hd":false}],"ip":0,"op":118,"st":48,"bm":0},{"ddd":0,"ind":6,"ty":4,"nm":"Handle","parent":8,"tt":1,"sr":1,"ks":{"o":{"a":1,"k":[{"t":0,"s":[100],"h":1},{"t":52,"s":[0],"h":1},{"t":76,"s":[100],"h":1}],"ix":11},"r":{"a":0,"k":0,"ix":10},"p":{"a":0,"k":[704.475,715.665,0],"ix":2,"l":2},"a":{"a":0,"k":[704.475,715.665,0],"ix":1,"l":2},"s":{"a":0,"k":[100,100,100],"ix":6,"l":2}},"ao":0,"shapes":[{"ty":"gr","it":[{"ind":0,"ty":"sh","ix":1,"ks":{"a":1,"k":[{"i":{"x":0,"y":1},"o":{"x":0.333,"y":0},"t":48,"s":[{"i":[[0,0],[12.8,-21.6],[-13.6,-26.4],[-40.8,-24.8],[-20,10.4],[9.6,22.4]],"o":[[-28,-17.6],[-10.4,17.6],[17.6,33.6],[24,14.4],[25.6,-12.8],[-9.6,-22.4]],"v":[[-18.8,-178.4],[-136.4,-79.2],[-134,-8],[-28.4,105.6],[43.6,108.8],[141.2,7.2]],"c":true}]},{"i":{"x":0.667,"y":1},"o":{"x":1,"y":0},"t":62,"s":[{"i":[[0,0],[12.8,-21.601],[-13.6,-26.4],[-32.637,-28.013],[-20,10.4],[9.6,22.4]],"o":[[-28,-17.6],[-13.041,17.28],[32.024,39.118],[21.039,19.112],[25.6,-12.8],[-9.6,-22.4]],"v":[[-35.279,-183.945],[-114.295,-134.801],[-95.315,-64.417],[6.474,43.436],[60.763,64.532],[113.721,-8.345]],"c":true}]},{"t":78,"s":[{"i":[[0,0],[12.8,-21.6],[-13.6,-26.4],[-40.8,-24.8],[-20,10.4],[9.6,22.4]],"o":[[-28,-17.6],[-10.4,17.6],[17.6,33.6],[24,14.4],[25.6,-12.8],[-9.6,-22.4]],"v":[[-18.8,-178.4],[-136.4,-79.2],[-134,-8],[-28.4,105.6],[43.6,108.8],[141.2,7.2]],"c":true}]}],"ix":2},"nm":"Path 1","mn":"ADBE Vector Shape - Group","hd":false},{"ind":1,"ty":"sh","ix":2,"ks":{"a":1,"k":[{"i":{"x":0,"y":1},"o":{"x":0.333,"y":0},"t":48,"s":[{"i":[[0,0],[0,0],[-4,-4],[-7.487,-26.25],[0,0],[0,0],[0,0]],"o":[[0,0],[4,-4],[0,0],[9.478,33.229],[0,0],[0,0],[0,0]],"v":[[-351.495,43.97],[-264.592,-39.154],[-167.992,-76.154],[-171.488,-20.914],[-145.624,27.428],[-173.195,55.371],[-304.295,87.171]],"c":true}]},{"i":{"x":0.667,"y":1},"o":{"x":1,"y":0},"t":62,"s":[{"i":[[0,0],[0,0],[-4,-4],[-12.007,-24.386],[0,0],[0,0],[0,0]],"o":[[0,0],[4,-4],[0,0],[15.263,31],[0,0],[0,0],[0,0]],"v":[[-315.495,-20.53],[-228.592,-103.654],[-140.492,-135.154],[-137.988,-85.414],[-109.624,-37.072],[-137.195,-9.129],[-268.295,22.671]],"c":true}]},{"t":78,"s":[{"i":[[0,0],[0,0],[-4,-4],[-7.487,-26.25],[0,0],[0,0],[0,0]],"o":[[0,0],[4,-4],[0,0],[9.478,33.229],[0,0],[0,0],[0,0]],"v":[[-351.495,43.97],[-264.592,-39.154],[-167.992,-76.154],[-171.488,-20.914],[-145.624,27.428],[-173.195,55.371],[-304.295,87.171]],"c":true}]}],"ix":2},"nm":"Path 2","mn":"ADBE Vector Shape - Group","hd":false},{"ty":"fl","c":{"a":0,"k":[0.184000007779,0.470999983245,0.536999990426,1],"ix":4},"o":{"a":0,"k":100,"ix":5},"r":1,"bm":0,"nm":"Fill 1","mn":"ADBE Vector Graphic - Fill","hd":false},{"ty":"tr","p":{"a":0,"k":[1038.475,419.663],"ix":2},"a":{"a":0,"k":[0,0],"ix":1},"s":{"a":0,"k":[100,100],"ix":3},"r":{"a":0,"k":0,"ix":6},"o":{"a":0,"k":100,"ix":7},"sk":{"a":0,"k":0,"ix":4},"sa":{"a":0,"k":0,"ix":5},"nm":"Transform"}],"nm":"Group 5","np":3,"cix":2,"bm":0,"ix":3,"mn":"ADBE Vector Group","hd":false},{"ty":"gr","it":[{"ind":0,"ty":"sh","ix":1,"ks":{"a":1,"k":[{"i":{"x":0,"y":1},"o":{"x":0.333,"y":0},"t":48,"s":[{"i":[[0,0],[12.8,-21.6],[-13.6,-26.4],[-40.8,-24.8],[-20,10.4],[9.6,22.4]],"o":[[-28,-17.6],[-10.4,17.6],[17.6,33.6],[24,14.4],[25.6,-12.8],[-9.6,-22.4]],"v":[[-18.8,-178.4],[-136.4,-79.2],[-134,-8],[-28.4,105.6],[43.6,108.8],[141.2,7.2]],"c":true}]},{"i":{"x":0.667,"y":1},"o":{"x":1,"y":0},"t":62,"s":[{"i":[[0,0],[12.8,-21.601],[-13.6,-26.4],[-32.637,-28.013],[-20,10.4],[9.6,22.4]],"o":[[-28,-17.6],[-13.041,17.28],[32.024,39.118],[21.039,19.112],[25.6,-12.8],[-9.6,-22.4]],"v":[[-35.279,-183.945],[-114.295,-134.801],[-95.315,-64.417],[6.474,43.436],[60.763,64.532],[113.721,-8.345]],"c":true}]},{"t":78,"s":[{"i":[[0,0],[12.8,-21.6],[-13.6,-26.4],[-40.8,-24.8],[-20,10.4],[9.6,22.4]],"o":[[-28,-17.6],[-10.4,17.6],[17.6,33.6],[24,14.4],[25.6,-12.8],[-9.6,-22.4]],"v":[[-18.8,-178.4],[-136.4,-79.2],[-134,-8],[-28.4,105.6],[43.6,108.8],[141.2,7.2]],"c":true}]}],"ix":2},"nm":"Path 1","mn":"ADBE Vector Shape - Group","hd":false},{"ind":1,"ty":"sh","ix":2,"ks":{"a":1,"k":[{"i":{"x":0,"y":1},"o":{"x":0.333,"y":0},"t":48,"s":[{"i":[[0,0],[0,0],[-4,-4],[0,0],[0,0],[0,0],[0,0]],"o":[[0,0],[4,-4],[0,0],[0,0],[0,0],[0,0],[0,0]],"v":[[-150.8,152.8],[-95.6,100.8],[-82,100.8],[-55.6,122.4],[7.01,168.096],[7,180.7],[-103.6,196]],"c":true}]},{"i":{"x":0.667,"y":1},"o":{"x":1,"y":0},"t":62,"s":[{"i":[[0,0],[0,0],[-4,-4],[-21.061,-17.442],[0,0],[0,0],[0,0]],"o":[[0,0],[4,-4],[0,0],[26.263,21.75],[0,0],[0,0],[0,0]],"v":[[-142.995,114.97],[-56.092,31.846],[-42.492,31.846],[9.012,79.586],[54.376,94.678],[17.805,135.621],[-95.795,158.171]],"c":true}]},{"t":78,"s":[{"i":[[0,0],[0,0],[-4,-4],[0,0],[0,0],[0,0],[0,0]],"o":[[0,0],[4,-4],[0,0],[0,0],[0,0],[0,0],[0,0]],"v":[[-150.8,152.8],[-95.6,100.8],[-82,100.8],[-55.6,122.4],[7.01,168.096],[7,180.7],[-103.6,196]],"c":true}]}],"ix":2},"nm":"Path 2","mn":"ADBE Vector Shape - Group","hd":false},{"ty":"fl","c":{"a":0,"k":[0.184000007779,0.470999983245,0.536999990426,1],"ix":4},"o":{"a":0,"k":100,"ix":5},"r":1,"bm":0,"nm":"Fill 1","mn":"ADBE Vector Graphic - Fill","hd":false},{"ty":"tr","p":{"a":0,"k":[1038.475,419.663],"ix":2},"a":{"a":0,"k":[0,0],"ix":1},"s":{"a":0,"k":[100,100],"ix":3},"r":{"a":0,"k":0,"ix":6},"o":{"a":0,"k":100,"ix":7},"sk":{"a":0,"k":0,"ix":4},"sa":{"a":0,"k":0,"ix":5},"nm":"Transform"}],"nm":"Group 3","np":3,"cix":2,"bm":0,"ix":4,"mn":"ADBE Vector Group","hd":false},{"ty":"gr","it":[{"ind":0,"ty":"sh","ix":1,"ks":{"a":1,"k":[{"i":{"x":0,"y":1},"o":{"x":0.333,"y":0},"t":48,"s":[{"i":[[-16,-21.6],[8.8,-8.8],[-24.8,24],[-7.2,7.2],[-24.8,12],[13.6,20],[0,0],[8,-7.2],[12,-8.8],[22.4,15.2],[16.8,24],[-15.2,21.6],[-4.8,6.4],[4.8,4.8],[4.8,3.2],[32.8,-60.8]],"o":[[0,0],[-24,24.8],[8,-8],[37.6,33.6],[38.4,-18.4],[-3.2,-4.8],[0,0],[0,0],[-17.6,12.8],[-20.8,-13.6],[-13.6,-20],[12,-16],[7.2,-8],[-3.2,-4],[-13.6,-12],[-22.4,40]],"v":[[-126.4,40],[-161.6,75.2],[-71.2,165.6],[-39.2,134.4],[67.2,146.4],[172,40.8],[161.6,28],[147.2,28.8],[65.6,100.8],[0.8,100.8],[-90.4,3.2],[-97.6,-58.4],[-13.6,-146.4],[-12,-167.2],[-24,-177.6],[-144.8,-63.2]],"c":true}]},{"i":{"x":0.667,"y":1},"o":{"x":1,"y":0},"t":62,"s":[{"i":[[-20.51,-27.688],[8.8,-8.8],[14.25,-40.249],[-7.2,7.2],[-24.8,12],[13.6,20],[0,0],[8,-7.2],[12,-8.8],[18.059,16.833],[16.799,24],[-15.2,21.6],[-4.8,6.4],[4.8,4.8],[4.8,3.2],[32.8,-60.8]],"o":[[0,0],[54.12,-16.537],[8,-8],[37.6,33.6],[38.4,-18.4],[-3.2,-4.8],[0,0],[0,0],[-17.6,12.8],[-16.573,-15.348],[-13.6,-20],[12,-16],[7.2,-8],[-3.2,-4],[-13.6,-12],[-31.089,55.517]],"v":[[-119.302,2.878],[-154.502,38.078],[-64.102,128.478],[-32.102,97.278],[81.369,102.207],[143.814,25.962],[133.414,13.162],[119.014,13.962],[67.748,68.628],[17.09,54.485],[-73.402,-43.822],[-83.431,-102.593],[-30.786,-151.238],[-29.186,-172.038],[-41.186,-182.438],[-130.631,-107.393]],"c":true}]},{"t":78,"s":[{"i":[[-16,-21.6],[8.8,-8.8],[-24.8,24],[-7.2,7.2],[-24.8,12],[13.6,20],[0,0],[8,-7.2],[12,-8.8],[22.4,15.2],[16.8,24],[-15.2,21.6],[-4.8,6.4],[4.8,4.8],[4.8,3.2],[32.8,-60.8]],"o":[[0,0],[-24,24.8],[8,-8],[37.6,33.6],[38.4,-18.4],[-3.2,-4.8],[0,0],[0,0],[-17.6,12.8],[-20.8,-13.6],[-13.6,-20],[12,-16],[7.2,-8],[-3.2,-4],[-13.6,-12],[-22.4,40]],"v":[[-126.4,40],[-161.6,75.2],[-71.2,165.6],[-39.2,134.4],[67.2,146.4],[172,40.8],[161.6,28],[147.2,28.8],[65.6,100.8],[0.8,100.8],[-90.4,3.2],[-97.6,-58.4],[-13.6,-146.4],[-12,-167.2],[-24,-177.6],[-144.8,-63.2]],"c":true}]}],"ix":2},"nm":"Path 1","mn":"ADBE Vector Shape - Group","hd":false},{"ty":"fl","c":{"a":0,"k":[0.510000011968,0.681999954523,0.752999997606,1],"ix":4},"o":{"a":0,"k":100,"ix":5},"r":1,"bm":0,"nm":"Fill 1","mn":"ADBE Vector Graphic - Fill","hd":false},{"ty":"tr","p":{"a":0,"k":[1021.275,406.864],"ix":2},"a":{"a":0,"k":[0,0],"ix":1},"s":{"a":0,"k":[100,100],"ix":3},"r":{"a":0,"k":0,"ix":6},"o":{"a":0,"k":100,"ix":7},"sk":{"a":0,"k":0,"ix":4},"sa":{"a":0,"k":0,"ix":5},"nm":"Transform"}],"nm":"Group 4","np":2,"cix":2,"bm":0,"ix":5,"mn":"ADBE Vector Group","hd":false}],"ip":0,"op":118,"st":48,"bm":0},{"ddd":0,"ind":7,"ty":4,"nm":"Shaft mask","parent":8,"td":1,"sr":1,"ks":{"o":{"a":0,"k":100,"ix":11},"r":{"a":0,"k":0,"ix":10},"p":{"a":0,"k":[704.475,715.665,0],"ix":2,"l":2},"a":{"a":0,"k":[704.475,715.665,0],"ix":1,"l":2},"s":{"a":0,"k":[100,100,100],"ix":6,"l":2}},"ao":0,"shapes":[{"ty":"gr","it":[{"ind":0,"ty":"sh","ix":1,"ks":{"a":0,"k":{"i":[[0,0],[10.4,-11.199],[18.325,-16.464],[0,0]],"o":[[0,0],[33.525,-30.262],[16,-14.4],[0,0]],"v":[[143,-250.85],[-44.55,-78.201],[43.9,11],[229.1,-176.4]],"c":true},"ix":2,"x":"var $bm_rt;\n$bm_rt = thisComp.layer('Shaft').content('Group 2').content('Path 1').path;"},"nm":"Path 1","mn":"ADBE Vector Shape - Group","hd":false},{"ty":"fl","c":{"a":0,"k":[0.626999978458,0.40800000359,0.255000005984,1],"ix":4},"o":{"a":0,"k":100,"ix":5},"r":1,"bm":0,"nm":"Fill 1","mn":"ADBE Vector Graphic - Fill","hd":false},{"ty":"tr","p":{"a":0,"k":[755.275,676.464],"ix":2},"a":{"a":0,"k":[0,0],"ix":1},"s":{"a":0,"k":[100,100],"ix":3},"r":{"a":0,"k":0,"ix":6},"o":{"a":0,"k":100,"ix":7},"sk":{"a":0,"k":0,"ix":4},"sa":{"a":0,"k":0,"ix":5},"nm":"Transform"}],"nm":"Group 2","np":2,"cix":2,"bm":0,"ix":1,"mn":"ADBE Vector Group","hd":false}],"ip":0,"op":118,"st":48,"bm":0},{"ddd":0,"ind":8,"ty":4,"nm":"Shaft","tt":1,"sr":1,"ks":{"o":{"a":0,"k":100,"ix":11},"r":{"a":1,"k":[{"i":{"x":[0.331],"y":[1]},"o":{"x":[0.728],"y":[0]},"t":12,"s":[0]},{"i":{"x":[0.833],"y":[1]},"o":{"x":[0.52],"y":[-0.016]},"t":36,"s":[-14]},{"i":{"x":[0.833],"y":[1]},"o":{"x":[0.884],"y":[-0.101]},"t":62,"s":[-2]},{"t":78,"s":[0]}],"ix":10},"p":{"a":1,"k":[{"i":{"x":0,"y":1},"o":{"x":0.333,"y":0},"t":0,"s":[511.975,511.665,0],"to":[0,0,0],"ti":[0,0,0]},{"i":{"x":0,"y":0},"o":{"x":0.947,"y":0.947},"t":8,"s":[532.975,488.665,0],"to":[0,0,0],"ti":[0,0,0]},{"i":{"x":0,"y":0.987},"o":{"x":0.947,"y":0},"t":12,"s":[532.975,488.665,0],"to":[0,0,0],"ti":[0,0,0]},{"i":{"x":0.667,"y":1},"o":{"x":0.333,"y":0},"t":36,"s":[425.975,625.665,0],"to":[0,0,0],"ti":[0,0,0]},{"i":{"x":0.833,"y":1},"o":{"x":1,"y":0},"t":62,"s":[525.975,519.665,0],"to":[0,0,0],"ti":[0,0,0]},{"i":{"x":0.833,"y":1},"o":{"x":0.333,"y":0},"t":78,"s":[499.975,527.665,0],"to":[0,0,0],"ti":[0,0,0]},{"i":{"x":0.833,"y":1},"o":{"x":0.333,"y":0},"t":88,"s":[511.975,507.665,0],"to":[0,0,0],"ti":[0,0,0]},{"t":96,"s":[511.975,511.665,0]}],"ix":2,"l":2},"a":{"a":0,"k":[704.475,715.665,0],"ix":1,"l":2},"s":{"a":0,"k":[100,100,100],"ix":6,"l":2}},"ao":0,"shapes":[{"ty":"gr","it":[{"ind":0,"ty":"sh","ix":1,"ks":{"a":1,"k":[{"i":{"x":0.833,"y":0.833},"o":{"x":0.333,"y":0},"t":48,"s":[{"i":[[0,0],[-36,55.2],[0,0]],"o":[[-36,-33.6],[0,0],[0,0]],"v":[[-12,84.4],[-26.4,-84.4],[62.4,3.6]],"c":true}]},{"i":{"x":0,"y":1},"o":{"x":0.167,"y":0.167},"t":50,"s":[{"i":[[0,0],[-24.144,54.695],[0,0]],"o":[[-30.065,-34.015],[5.025,-2.279],[0,0]],"v":[[-9.363,77.329],[-24.842,-89.823],[66.595,-3.83]],"c":true}]},{"i":{"x":0.667,"y":1},"o":{"x":1,"y":0},"t":62,"s":[{"i":[[0,0],[62.925,50.987],[0,0]],"o":[[13.525,-37.063],[41.925,-19.013],[0,0]],"v":[[10,25.4],[-13.4,-129.65],[97.4,-58.4]],"c":true}]},{"t":78,"s":[{"i":[[0,0],[-36,55.2],[0,0]],"o":[[-36,-33.6],[0,0],[0,0]],"v":[[-12,84.4],[-26.4,-84.4],[62.4,3.6]],"c":true}]}],"ix":2},"nm":"Path 1","mn":"ADBE Vector Shape - Group","hd":false},{"ty":"fl","c":{"a":0,"k":[0.490000017952,0.317999985639,0.2,1],"ix":4},"o":{"a":0,"k":100,"ix":5},"r":1,"bm":0,"nm":"Fill 1","mn":"ADBE Vector Graphic - Fill","hd":false},{"ty":"tr","p":{"a":0,"k":[896.475,569.663],"ix":2},"a":{"a":0,"k":[0,0],"ix":1},"s":{"a":0,"k":[100,100],"ix":3},"r":{"a":0,"k":0,"ix":6},"o":{"a":0,"k":100,"ix":7},"sk":{"a":0,"k":0,"ix":4},"sa":{"a":0,"k":0,"ix":5},"nm":"Transform"}],"nm":"Group 1","np":2,"cix":2,"bm":0,"ix":1,"mn":"ADBE Vector Group","hd":false},{"ty":"gr","it":[{"ind":0,"ty":"sh","ix":1,"ks":{"a":1,"k":[{"i":{"x":0.833,"y":0.833},"o":{"x":0.333,"y":0},"t":48,"s":[{"i":[[0,0],[10.4,-11.199],[-23.2,21.6],[0,0],[37.063,36.761]],"o":[[0,0],[-20.8,22.401],[16,-14.4],[0,0],[-18.361,-18.212]],"v":[[114,-193.6],[-174.8,100.799],[-103.6,172],[195.6,-114.4],[156.086,-152.752]],"c":true}]},{"i":{"x":0,"y":1},"o":{"x":0.167,"y":0.167},"t":50,"s":[{"i":[[1.193,-0.943],[10.4,-11.199],[-22.33,13.167],[-1.251,1.525],[34.654,34.815]],"o":[[-2.37,1.874],[-15.6,20.756],[16,-14.4],[1.333,-1.626],[-18.221,-18.523]],"v":[[114.899,-197.405],[-159.19,79.346],[-85.923,152.705],[195.27,-117.995],[159.168,-159.137]],"c":true}]},{"i":{"x":0.667,"y":1},"o":{"x":1,"y":0},"t":62,"s":[{"i":[[9.955,-7.872],[10.4,-11.199],[-15.941,-48.762],[-10.435,12.722],[16.962,20.527]],"o":[[-19.775,15.637],[22.587,8.678],[16,-14.4],[11.125,-13.563],[-17.195,-20.81]],"v":[[121.5,-225.35],[-44.55,-78.201],[43.9,11],[192.85,-144.4],[181.801,-206.026]],"c":true}]},{"t":78,"s":[{"i":[[0,0],[10.4,-11.199],[-23.2,21.6],[0,0],[37.063,36.761]],"o":[[0,0],[-20.8,22.401],[16,-14.4],[0,0],[-18.361,-18.212]],"v":[[114,-193.6],[-174.8,100.799],[-103.6,172],[195.6,-114.4],[156.086,-152.752]],"c":true}]}],"ix":2},"nm":"Path 1","mn":"ADBE Vector Shape - Group","hd":false},{"ty":"fl","c":{"a":0,"k":[0.626999978458,0.40800000359,0.255000005984,1],"ix":4},"o":{"a":0,"k":100,"ix":5},"r":1,"bm":0,"nm":"Fill 1","mn":"ADBE Vector Graphic - Fill","hd":false},{"ty":"tr","p":{"a":0,"k":[755.275,676.464],"ix":2},"a":{"a":0,"k":[0,0],"ix":1},"s":{"a":0,"k":[100,100],"ix":3},"r":{"a":0,"k":0,"ix":6},"o":{"a":0,"k":100,"ix":7},"sk":{"a":0,"k":0,"ix":4},"sa":{"a":0,"k":0,"ix":5},"nm":"Transform"}],"nm":"Group 2","np":2,"cix":2,"bm":0,"ix":2,"mn":"ADBE Vector Group","hd":false}],"ip":0,"op":118,"st":48,"bm":0},{"ddd":0,"ind":9,"ty":4,"nm":"Shape Layer 12","parent":8,"sr":1,"ks":{"o":{"a":0,"k":100,"ix":11},"r":{"a":0,"k":2,"ix":10},"p":{"a":0,"k":[690.776,707.517,0],"ix":2,"l":2},"a":{"a":0,"k":[0,0,0],"ix":1,"l":2},"s":{"a":0,"k":[100,100,100],"ix":6,"l":2}},"ao":0,"shapes":[{"ty":"gr","it":[{"ind":0,"ty":"sh","ix":1,"ks":{"a":1,"k":[{"i":{"x":0,"y":1},"o":{"x":0.333,"y":0},"t":48,"s":[{"i":[[8.152,-8.857],[-32.5,-36],[-6.516,7.197],[25.202,26.402]],"o":[[-6.364,6.914],[32.5,36],[8.937,-9.872],[-21,-22]],"v":[[162.411,-230.394],[187.071,-176.139],[254.728,-143.444],[213.814,-196.5]],"c":true}]},{"i":{"x":0.667,"y":1},"o":{"x":1,"y":0},"t":62,"s":[{"i":[[15,-15.5],[-32.5,-36],[-16.031,16.031],[25.202,26.402]],"o":[[-15,15.5],[32.5,36],[23,-23],[-21,-22]],"v":[[168,-269.5],[179.5,-192.5],[257,-177.5],[241.5,-260.5]],"c":true}]},{"t":78,"s":[{"i":[[8.152,-8.857],[-32.5,-36],[-6.516,7.197],[25.202,26.402]],"o":[[-6.364,6.914],[32.5,36],[8.937,-9.872],[-21,-22]],"v":[[162.411,-230.394],[187.071,-176.139],[254.728,-143.444],[213.814,-196.5]],"c":true}]}],"ix":2},"nm":"Path 1","mn":"ADBE Vector Shape - Group","hd":false},{"ty":"fl","c":{"a":0,"k":[0.18431372549,0.470588265213,0.537254901961,1],"ix":4},"o":{"a":0,"k":100,"ix":5},"r":1,"bm":0,"nm":"Fill 1","mn":"ADBE Vector Graphic - Fill","hd":false},{"ty":"tr","p":{"a":0,"k":[0,0],"ix":2},"a":{"a":0,"k":[0,0],"ix":1},"s":{"a":0,"k":[100,100],"ix":3},"r":{"a":0,"k":0,"ix":6},"o":{"a":0,"k":100,"ix":7},"sk":{"a":0,"k":0,"ix":4},"sa":{"a":0,"k":0,"ix":5},"nm":"Transform"}],"nm":"Shape 1","np":3,"cix":2,"bm":0,"ix":1,"mn":"ADBE Vector Group","hd":false}],"ip":52,"op":76,"st":0,"bm":0},{"ddd":0,"ind":10,"ty":4,"nm":"Handle mask 2","parent":8,"td":1,"sr":1,"ks":{"o":{"a":0,"k":100,"ix":11},"r":{"a":0,"k":0,"ix":10},"p":{"a":0,"k":[704.475,715.665,0],"ix":2,"l":2},"a":{"a":0,"k":[704.475,715.665,0],"ix":1,"l":2},"s":{"a":0,"k":[100,100,100],"ix":6,"l":2}},"ao":0,"shapes":[{"ty":"gr","it":[{"ind":0,"ty":"sh","ix":1,"ks":{"a":0,"k":{"i":[[-16,-21.6],[8.8,-8.8],[-24.8,24],[-7.2,7.2],[-24.8,12],[13.6,20],[0,0],[8,-7.2],[12,-8.8],[22.4,15.2],[16.8,24],[-15.2,21.6],[-4.8,6.4],[4.8,4.8],[4.8,3.2],[32.8,-60.8]],"o":[[0,0],[-24,24.8],[8,-8],[37.6,33.6],[38.4,-18.4],[-3.2,-4.8],[0,0],[0,0],[-17.6,12.8],[-20.8,-13.6],[-13.6,-20],[12,-16],[7.2,-8],[-3.2,-4],[-13.6,-12],[-22.4,40]],"v":[[-126.4,40],[-161.6,75.2],[-71.2,165.6],[-39.2,134.4],[67.2,146.4],[172,40.8],[161.6,28],[147.2,28.8],[65.6,100.8],[0.8,100.8],[-90.4,3.2],[-97.6,-58.4],[-13.6,-146.4],[-12,-167.2],[-24,-177.6],[-144.8,-63.2]],"c":true},"ix":2,"x":"var $bm_rt;\n$bm_rt = thisComp.layer('Handle').content('Group 4').content('Path 1').path;"},"nm":"Path 1","mn":"ADBE Vector Shape - Group","hd":false},{"ty":"fl","c":{"a":0,"k":[0.510000011968,0.681999954523,0.752999997606,1],"ix":4},"o":{"a":0,"k":100,"ix":5},"r":1,"bm":0,"nm":"Fill 1","mn":"ADBE Vector Graphic - Fill","hd":false},{"ty":"tr","p":{"a":0,"k":[1021.275,406.864],"ix":2},"a":{"a":0,"k":[0,0],"ix":1},"s":{"a":0,"k":[100,100],"ix":3},"r":{"a":0,"k":0,"ix":6},"o":{"a":0,"k":100,"ix":7},"sk":{"a":0,"k":0,"ix":4},"sa":{"a":0,"k":0,"ix":5},"nm":"Transform"}],"nm":"Group 4","np":2,"cix":2,"bm":0,"ix":1,"mn":"ADBE Vector Group","hd":false}],"ip":52,"op":118,"st":48,"bm":0},{"ddd":0,"ind":11,"ty":4,"nm":"Handle 2","parent":8,"tt":1,"sr":1,"ks":{"o":{"a":0,"k":100,"ix":11},"r":{"a":0,"k":0,"ix":10},"p":{"a":0,"k":[704.475,715.665,0],"ix":2,"l":2},"a":{"a":0,"k":[704.475,715.665,0],"ix":1,"l":2},"s":{"a":0,"k":[100,100,100],"ix":6,"l":2}},"ao":0,"shapes":[{"ty":"gr","it":[{"ind":0,"ty":"sh","ix":1,"ks":{"a":1,"k":[{"i":{"x":0,"y":1},"o":{"x":0.333,"y":0},"t":48,"s":[{"i":[[0,0],[12.8,-21.6],[-13.6,-26.4],[-40.8,-24.8],[-20,10.4],[9.6,22.4]],"o":[[-28,-17.6],[-10.4,17.6],[17.6,33.6],[24,14.4],[25.6,-12.8],[-9.6,-22.4]],"v":[[-18.8,-178.4],[-136.4,-79.2],[-134,-8],[-28.4,105.6],[43.6,108.8],[141.2,7.2]],"c":true}]},{"i":{"x":0.667,"y":1},"o":{"x":1,"y":0},"t":62,"s":[{"i":[[0,0],[12.8,-21.601],[-13.6,-26.4],[-32.637,-28.013],[-20,10.4],[9.6,22.4]],"o":[[-28,-17.6],[-13.041,17.28],[32.024,39.118],[21.039,19.112],[25.6,-12.8],[-9.6,-22.4]],"v":[[-35.279,-183.945],[-114.295,-134.801],[-95.315,-64.417],[6.474,43.436],[60.763,64.532],[113.721,-8.345]],"c":true}]},{"t":78,"s":[{"i":[[0,0],[12.8,-21.6],[-13.6,-26.4],[-40.8,-24.8],[-20,10.4],[9.6,22.4]],"o":[[-28,-17.6],[-10.4,17.6],[17.6,33.6],[24,14.4],[25.6,-12.8],[-9.6,-22.4]],"v":[[-18.8,-178.4],[-136.4,-79.2],[-134,-8],[-28.4,105.6],[43.6,108.8],[141.2,7.2]],"c":true}]}],"ix":2},"nm":"Path 1","mn":"ADBE Vector Shape - Group","hd":false},{"ind":1,"ty":"sh","ix":2,"ks":{"a":1,"k":[{"i":{"x":0,"y":1},"o":{"x":0.333,"y":0},"t":48,"s":[{"i":[[0,0],[0,0],[-4,-4],[-7.487,-26.25],[0,0],[0,0],[0,0]],"o":[[0,0],[4,-4],[0,0],[9.478,33.229],[0,0],[0,0],[0,0]],"v":[[-351.495,43.97],[-264.592,-39.154],[-167.992,-76.154],[-171.488,-20.914],[-145.624,27.428],[-173.195,55.371],[-304.295,87.171]],"c":true}]},{"i":{"x":0.667,"y":1},"o":{"x":1,"y":0},"t":62,"s":[{"i":[[0,0],[0,0],[-4,-4],[-12.007,-24.386],[0,0],[0,0],[0,0]],"o":[[0,0],[4,-4],[0,0],[15.263,31],[0,0],[0,0],[0,0]],"v":[[-315.495,-20.53],[-228.592,-103.654],[-140.492,-135.154],[-137.988,-85.414],[-109.624,-37.072],[-137.195,-9.129],[-268.295,22.671]],"c":true}]},{"t":78,"s":[{"i":[[0,0],[0,0],[-4,-4],[-7.487,-26.25],[0,0],[0,0],[0,0]],"o":[[0,0],[4,-4],[0,0],[9.478,33.229],[0,0],[0,0],[0,0]],"v":[[-351.495,43.97],[-264.592,-39.154],[-167.992,-76.154],[-171.488,-20.914],[-145.624,27.428],[-173.195,55.371],[-304.295,87.171]],"c":true}]}],"ix":2},"nm":"Path 2","mn":"ADBE Vector Shape - Group","hd":false},{"ty":"fl","c":{"a":0,"k":[0.184000007779,0.470999983245,0.536999990426,1],"ix":4},"o":{"a":0,"k":100,"ix":5},"r":1,"bm":0,"nm":"Fill 1","mn":"ADBE Vector Graphic - Fill","hd":false},{"ty":"tr","p":{"a":0,"k":[1038.475,419.663],"ix":2},"a":{"a":0,"k":[0,0],"ix":1},"s":{"a":0,"k":[100,100],"ix":3},"r":{"a":0,"k":0,"ix":6},"o":{"a":0,"k":100,"ix":7},"sk":{"a":0,"k":0,"ix":4},"sa":{"a":0,"k":0,"ix":5},"nm":"Transform"}],"nm":"Group 5","np":3,"cix":2,"bm":0,"ix":3,"mn":"ADBE Vector Group","hd":false},{"ty":"gr","it":[{"ind":0,"ty":"sh","ix":1,"ks":{"a":1,"k":[{"i":{"x":0,"y":1},"o":{"x":0.333,"y":0},"t":48,"s":[{"i":[[0,0],[12.8,-21.6],[-13.6,-26.4],[-40.8,-24.8],[-20,10.4],[9.6,22.4]],"o":[[-28,-17.6],[-10.4,17.6],[17.6,33.6],[24,14.4],[25.6,-12.8],[-9.6,-22.4]],"v":[[-18.8,-178.4],[-136.4,-79.2],[-134,-8],[-28.4,105.6],[43.6,108.8],[141.2,7.2]],"c":true}]},{"i":{"x":0.667,"y":1},"o":{"x":1,"y":0},"t":62,"s":[{"i":[[0,0],[12.8,-21.601],[-13.6,-26.4],[-32.637,-28.013],[-20,10.4],[9.6,22.4]],"o":[[-28,-17.6],[-13.041,17.28],[32.024,39.118],[21.039,19.112],[25.6,-12.8],[-9.6,-22.4]],"v":[[-35.279,-183.945],[-114.295,-134.801],[-95.315,-64.417],[6.474,43.436],[60.763,64.532],[113.721,-8.345]],"c":true}]},{"t":78,"s":[{"i":[[0,0],[12.8,-21.6],[-13.6,-26.4],[-40.8,-24.8],[-20,10.4],[9.6,22.4]],"o":[[-28,-17.6],[-10.4,17.6],[17.6,33.6],[24,14.4],[25.6,-12.8],[-9.6,-22.4]],"v":[[-18.8,-178.4],[-136.4,-79.2],[-134,-8],[-28.4,105.6],[43.6,108.8],[141.2,7.2]],"c":true}]}],"ix":2},"nm":"Path 1","mn":"ADBE Vector Shape - Group","hd":false},{"ind":1,"ty":"sh","ix":2,"ks":{"a":1,"k":[{"i":{"x":0,"y":1},"o":{"x":0.333,"y":0},"t":48,"s":[{"i":[[0,0],[0,0],[-4,-4],[0,0],[0,0],[0,0],[0,0]],"o":[[0,0],[4,-4],[0,0],[0,0],[0,0],[0,0],[0,0]],"v":[[-150.8,152.8],[-95.6,100.8],[-82,100.8],[-55.6,122.4],[7.01,168.096],[7,180.7],[-103.6,196]],"c":true}]},{"i":{"x":0.667,"y":1},"o":{"x":1,"y":0},"t":62,"s":[{"i":[[0,0],[0,0],[-4,-4],[-21.061,-17.442],[0,0],[0,0],[0,0]],"o":[[0,0],[4,-4],[0,0],[26.263,21.75],[0,0],[0,0],[0,0]],"v":[[-142.995,114.97],[-56.092,31.846],[-42.492,31.846],[9.012,79.586],[54.376,94.678],[17.805,135.621],[-95.795,158.171]],"c":true}]},{"t":78,"s":[{"i":[[0,0],[0,0],[-4,-4],[0,0],[0,0],[0,0],[0,0]],"o":[[0,0],[4,-4],[0,0],[0,0],[0,0],[0,0],[0,0]],"v":[[-150.8,152.8],[-95.6,100.8],[-82,100.8],[-55.6,122.4],[7.01,168.096],[7,180.7],[-103.6,196]],"c":true}]}],"ix":2},"nm":"Path 2","mn":"ADBE Vector Shape - Group","hd":false},{"ty":"fl","c":{"a":0,"k":[0.184000007779,0.470999983245,0.536999990426,1],"ix":4},"o":{"a":0,"k":100,"ix":5},"r":1,"bm":0,"nm":"Fill 1","mn":"ADBE Vector Graphic - Fill","hd":false},{"ty":"tr","p":{"a":0,"k":[1038.475,419.663],"ix":2},"a":{"a":0,"k":[0,0],"ix":1},"s":{"a":0,"k":[100,100],"ix":3},"r":{"a":0,"k":0,"ix":6},"o":{"a":0,"k":100,"ix":7},"sk":{"a":0,"k":0,"ix":4},"sa":{"a":0,"k":0,"ix":5},"nm":"Transform"}],"nm":"Group 3","np":3,"cix":2,"bm":0,"ix":4,"mn":"ADBE Vector Group","hd":false},{"ty":"gr","it":[{"ind":0,"ty":"sh","ix":1,"ks":{"a":1,"k":[{"i":{"x":0,"y":1},"o":{"x":0.333,"y":0},"t":48,"s":[{"i":[[-16,-21.6],[8.8,-8.8],[-24.8,24],[-7.2,7.2],[-24.8,12],[13.6,20],[0,0],[8,-7.2],[12,-8.8],[22.4,15.2],[16.8,24],[-15.2,21.6],[-4.8,6.4],[4.8,4.8],[4.8,3.2],[32.8,-60.8]],"o":[[0,0],[-24,24.8],[8,-8],[37.6,33.6],[38.4,-18.4],[-3.2,-4.8],[0,0],[0,0],[-17.6,12.8],[-20.8,-13.6],[-13.6,-20],[12,-16],[7.2,-8],[-3.2,-4],[-13.6,-12],[-22.4,40]],"v":[[-126.4,40],[-161.6,75.2],[-71.2,165.6],[-39.2,134.4],[67.2,146.4],[172,40.8],[161.6,28],[147.2,28.8],[65.6,100.8],[0.8,100.8],[-90.4,3.2],[-97.6,-58.4],[-13.6,-146.4],[-12,-167.2],[-24,-177.6],[-144.8,-63.2]],"c":true}]},{"i":{"x":0.667,"y":1},"o":{"x":1,"y":0},"t":62,"s":[{"i":[[-20.51,-27.688],[8.8,-8.8],[14.25,-40.249],[-7.2,7.2],[-24.8,12],[13.6,20],[0,0],[8,-7.2],[12,-8.8],[18.059,16.833],[16.799,24],[-15.2,21.6],[-4.8,6.4],[4.8,4.8],[4.8,3.2],[32.8,-60.8]],"o":[[0,0],[54.12,-16.537],[8,-8],[37.6,33.6],[38.4,-18.4],[-3.2,-4.8],[0,0],[0,0],[-17.6,12.8],[-16.573,-15.348],[-13.6,-20],[12,-16],[7.2,-8],[-3.2,-4],[-13.6,-12],[-31.089,55.517]],"v":[[-119.302,2.878],[-154.502,38.078],[-64.102,128.478],[-32.102,97.278],[81.369,102.207],[143.814,25.962],[133.414,13.162],[119.014,13.962],[67.748,68.628],[17.09,54.485],[-73.402,-43.822],[-83.431,-102.593],[-30.786,-151.238],[-29.186,-172.038],[-41.186,-182.438],[-130.631,-107.393]],"c":true}]},{"t":78,"s":[{"i":[[-16,-21.6],[8.8,-8.8],[-24.8,24],[-7.2,7.2],[-24.8,12],[13.6,20],[0,0],[8,-7.2],[12,-8.8],[22.4,15.2],[16.8,24],[-15.2,21.6],[-4.8,6.4],[4.8,4.8],[4.8,3.2],[32.8,-60.8]],"o":[[0,0],[-24,24.8],[8,-8],[37.6,33.6],[38.4,-18.4],[-3.2,-4.8],[0,0],[0,0],[-17.6,12.8],[-20.8,-13.6],[-13.6,-20],[12,-16],[7.2,-8],[-3.2,-4],[-13.6,-12],[-22.4,40]],"v":[[-126.4,40],[-161.6,75.2],[-71.2,165.6],[-39.2,134.4],[67.2,146.4],[172,40.8],[161.6,28],[147.2,28.8],[65.6,100.8],[0.8,100.8],[-90.4,3.2],[-97.6,-58.4],[-13.6,-146.4],[-12,-167.2],[-24,-177.6],[-144.8,-63.2]],"c":true}]}],"ix":2},"nm":"Path 1","mn":"ADBE Vector Shape - Group","hd":false},{"ty":"fl","c":{"a":0,"k":[0.510000011968,0.681999954523,0.752999997606,1],"ix":4},"o":{"a":0,"k":100,"ix":5},"r":1,"bm":0,"nm":"Fill 1","mn":"ADBE Vector Graphic - Fill","hd":false},{"ty":"tr","p":{"a":0,"k":[1021.275,406.864],"ix":2},"a":{"a":0,"k":[0,0],"ix":1},"s":{"a":0,"k":[100,100],"ix":3},"r":{"a":0,"k":0,"ix":6},"o":{"a":0,"k":100,"ix":7},"sk":{"a":0,"k":0,"ix":4},"sa":{"a":0,"k":0,"ix":5},"nm":"Transform"}],"nm":"Group 4","np":2,"cix":2,"bm":0,"ix":5,"mn":"ADBE Vector Group","hd":false}],"ip":52,"op":118,"st":48,"bm":0},{"ddd":0,"ind":12,"ty":4,"nm":"blade shape 2","parent":8,"sr":1,"ks":{"o":{"a":0,"k":100,"ix":11},"r":{"a":0,"k":0,"ix":10},"p":{"a":0,"k":[704.475,715.665,0],"ix":2,"l":2},"a":{"a":0,"k":[704.475,715.665,0],"ix":1,"l":2},"s":{"a":0,"k":[100,100,100],"ix":6,"l":2}},"ao":0,"shapes":[{"ty":"gr","it":[{"ind":0,"ty":"sh","ix":1,"ks":{"a":1,"k":[{"i":{"x":0,"y":1},"o":{"x":0.333,"y":0},"t":48,"s":[{"i":[[6.4,-6.4],[-3.2,2.4],[-5.6,4.8],[29.6,-28]],"o":[[-3.2,4],[7.2,-7.201],[28.8,-24.8],[-5.6,5.6]],"v":[[173.2,-92],[82,-178.4],[107.6,-203.2],[195.6,-114.4]],"c":true}]},{"i":{"x":0.833,"y":0.833},"o":{"x":1,"y":0},"t":62,"s":[{"i":[[7.973,-7.974],[-3.987,2.99],[-6.976,5.98],[54.974,-52.002]],"o":[[-3.987,4.983],[8.97,-8.97],[54.728,-47.127],[-6.977,6.977]],"v":[[354.577,-282.856],[240.956,-390.497],[233.962,-382.507],[343.597,-271.876]],"c":true}]},{"i":{"x":0.667,"y":1},"o":{"x":0.167,"y":0.167},"t":75,"s":[{"i":[[6.822,-6.823],[-3.411,2.558],[-5.97,5.117],[29.2,-21.395]],"o":[[-3.411,4.264],[7.675,-7.676],[25.421,-21.211],[-5.97,5.97]],"v":[[221.911,-143.257],[124.69,-235.361],[141.536,-251.355],[235.346,-156.692]],"c":true}]},{"t":78,"s":[{"i":[[6.4,-6.4],[-3.2,2.4],[-5.6,4.8],[29.6,-28]],"o":[[-3.2,4],[7.2,-7.201],[28.8,-24.8],[-5.6,5.6]],"v":[[173.2,-92],[82,-178.4],[107.6,-203.2],[195.6,-114.4]],"c":true}]}],"ix":2},"nm":"Path 1","mn":"ADBE Vector Shape - Group","hd":false},{"ty":"fl","c":{"a":0,"k":[0.510000011968,0.681999954523,0.752999997606,1],"ix":4},"o":{"a":0,"k":100,"ix":5},"r":1,"bm":0,"nm":"Fill 1","mn":"ADBE Vector Graphic - Fill","hd":false},{"ty":"tr","p":{"a":0,"k":[457.675,978.864],"ix":2},"a":{"a":0,"k":[0,0],"ix":1},"s":{"a":0,"k":[100,100],"ix":3},"r":{"a":0,"k":0,"ix":6},"o":{"a":0,"k":100,"ix":7},"sk":{"a":0,"k":0,"ix":4},"sa":{"a":0,"k":0,"ix":5},"nm":"Transform"}],"nm":"Group 3","np":2,"cix":2,"bm":0,"ix":1,"mn":"ADBE Vector Group","hd":false}],"ip":75,"op":76,"st":48,"bm":0},{"ddd":0,"ind":13,"ty":4,"nm":"blade shape","parent":8,"sr":1,"ks":{"o":{"a":0,"k":100,"ix":11},"r":{"a":0,"k":0,"ix":10},"p":{"a":0,"k":[704.475,715.665,0],"ix":2,"l":2},"a":{"a":0,"k":[704.475,715.665,0],"ix":1,"l":2},"s":{"a":0,"k":[100,100,100],"ix":6,"l":2}},"ao":0,"shapes":[{"ty":"gr","it":[{"ind":0,"ty":"sh","ix":1,"ks":{"a":1,"k":[{"i":{"x":0,"y":1},"o":{"x":0.333,"y":0},"t":48,"s":[{"i":[[6.4,-6.4],[-3.2,2.4],[-5.6,4.8],[29.6,-28]],"o":[[-3.2,4],[7.2,-7.201],[28.8,-24.8],[-5.6,5.6]],"v":[[173.2,-92],[82,-178.4],[107.6,-203.2],[195.6,-114.4]],"c":true}]},{"i":{"x":0.667,"y":1},"o":{"x":1,"y":0},"t":62,"s":[{"i":[[7.973,-7.974],[-3.987,2.99],[-6.976,5.98],[54.974,-52.002]],"o":[[-3.987,4.983],[8.97,-8.97],[54.728,-47.127],[-6.977,6.977]],"v":[[354.577,-282.856],[240.956,-390.497],[233.962,-382.507],[343.597,-271.876]],"c":true}]},{"t":78,"s":[{"i":[[6.4,-6.4],[-3.2,2.4],[-5.6,4.8],[29.6,-28]],"o":[[-3.2,4],[7.2,-7.201],[28.8,-24.8],[-5.6,5.6]],"v":[[173.2,-92],[82,-178.4],[107.6,-203.2],[195.6,-114.4]],"c":true}]}],"ix":2},"nm":"Path 1","mn":"ADBE Vector Shape - Group","hd":false},{"ty":"fl","c":{"a":0,"k":[0.510000011968,0.681999954523,0.752999997606,1],"ix":4},"o":{"a":0,"k":100,"ix":5},"r":1,"bm":0,"nm":"Fill 1","mn":"ADBE Vector Graphic - Fill","hd":false},{"ty":"tr","p":{"a":0,"k":[457.675,978.864],"ix":2},"a":{"a":0,"k":[0,0],"ix":1},"s":{"a":0,"k":[100,100],"ix":3},"r":{"a":0,"k":0,"ix":6},"o":{"a":0,"k":100,"ix":7},"sk":{"a":0,"k":0,"ix":4},"sa":{"a":0,"k":0,"ix":5},"nm":"Transform"}],"nm":"Group 3","np":2,"cix":2,"bm":0,"ix":1,"mn":"ADBE Vector Group","hd":false}],"ip":76,"op":118,"st":48,"bm":0},{"ddd":0,"ind":14,"ty":4,"nm":"blade shape 1","parent":8,"sr":1,"ks":{"o":{"a":0,"k":100,"ix":11},"r":{"a":0,"k":0,"ix":10},"p":{"a":0,"k":[704.475,715.665,0],"ix":2,"l":2},"a":{"a":0,"k":[704.475,715.665,0],"ix":1,"l":2},"s":{"a":0,"k":[100,100,100],"ix":6,"l":2}},"ao":0,"shapes":[{"ty":"gr","it":[{"ind":0,"ty":"sh","ix":1,"ks":{"a":1,"k":[{"i":{"x":0,"y":1},"o":{"x":0.333,"y":0},"t":48,"s":[{"i":[[6.4,-6.4],[-3.2,2.4],[-5.6,4.8],[29.6,-28]],"o":[[-3.2,4],[7.2,-7.201],[28.8,-24.8],[-5.6,5.6]],"v":[[173.2,-92],[82,-178.4],[107.6,-203.2],[195.6,-114.4]],"c":true}]},{"i":{"x":0.667,"y":1},"o":{"x":1,"y":0},"t":62,"s":[{"i":[[7.973,-7.974],[-3.987,2.99],[-6.976,5.98],[54.974,-52.002]],"o":[[-3.987,4.983],[8.97,-8.97],[54.728,-47.127],[-6.977,6.977]],"v":[[354.577,-282.856],[240.956,-390.497],[233.962,-382.507],[343.597,-271.876]],"c":true}]},{"t":78,"s":[{"i":[[6.4,-6.4],[-3.2,2.4],[-5.6,4.8],[29.6,-28]],"o":[[-3.2,4],[7.2,-7.201],[28.8,-24.8],[-5.6,5.6]],"v":[[173.2,-92],[82,-178.4],[107.6,-203.2],[195.6,-114.4]],"c":true}]}],"ix":2},"nm":"Path 1","mn":"ADBE Vector Shape - Group","hd":false},{"ty":"fl","c":{"a":0,"k":[0.510000011968,0.681999954523,0.752999997606,1],"ix":4},"o":{"a":0,"k":100,"ix":5},"r":1,"bm":0,"nm":"Fill 1","mn":"ADBE Vector Graphic - Fill","hd":false},{"ty":"tr","p":{"a":0,"k":[457.675,978.864],"ix":2},"a":{"a":0,"k":[0,0],"ix":1},"s":{"a":0,"k":[100,100],"ix":3},"r":{"a":0,"k":0,"ix":6},"o":{"a":0,"k":100,"ix":7},"sk":{"a":0,"k":0,"ix":4},"sa":{"a":0,"k":0,"ix":5},"nm":"Transform"}],"nm":"Group 3","np":2,"cix":2,"bm":0,"ix":1,"mn":"ADBE Vector Group","hd":false}],"ip":0,"op":51,"st":48,"bm":0}]}],"layers":[{"ddd":0,"ind":1,"ty":0,"nm":"soil","td":1,"refId":"comp_0","sr":1,"ks":{"o":{"a":0,"k":100,"ix":11},"r":{"a":0,"k":0,"ix":10},"p":{"a":0,"k":[512,512,0],"ix":2,"l":2},"a":{"a":0,"k":[512,512,0],"ix":1,"l":2},"s":{"a":0,"k":[100,100,100],"ix":6,"l":2}},"ao":0,"w":1024,"h":1024,"ip":0,"op":118,"st":0,"bm":0},{"ddd":0,"ind":2,"ty":0,"nm":"shovel","tt":2,"refId":"comp_1","sr":1,"ks":{"o":{"a":0,"k":100,"ix":11},"r":{"a":0,"k":0,"ix":10},"p":{"a":0,"k":[512,512,0],"ix":2,"l":2},"a":{"a":0,"k":[512,512,0],"ix":1,"l":2},"s":{"a":0,"k":[100,100,100],"ix":6,"l":2}},"ao":0,"w":1024,"h":1024,"ip":0,"op":118,"st":0,"bm":0}],"markers":[{"tm":0,"cm":"rest","dr":0}]}