{"v":"5.8.1","fr":60,"ip":0,"op":108,"w":1024,"h":1024,"nm":"emoji_wine-glass","ddd":0,"assets":[],"layers":[{"ddd":0,"ind":1,"ty":3,"nm":"Null Swing","sr":1,"ks":{"o":{"a":0,"k":0,"ix":11},"r":{"a":1,"k":[{"i":{"x":[0.4],"y":[1]},"o":{"x":[0.167],"y":[0.167]},"t":0,"s":[0]},{"i":{"x":[0.4],"y":[1]},"o":{"x":[0.6],"y":[0]},"t":20,"s":[6]},{"i":{"x":[0.833],"y":[0.833]},"o":{"x":[0.6],"y":[0]},"t":74,"s":[-6]},{"t":108,"s":[0]}],"ix":10},"p":{"a":1,"k":[{"i":{"x":0.4,"y":1},"o":{"x":0.167,"y":0.167},"t":0,"s":[512,512,0],"to":[0,0,0],"ti":[0,0,0]},{"i":{"x":0.4,"y":1},"o":{"x":0.6,"y":0},"t":20,"s":[600,512,0],"to":[0,0,0],"ti":[0,0,0]},{"i":{"x":0.833,"y":0.833},"o":{"x":0.6,"y":0},"t":74,"s":[428,512,0],"to":[0,0,0],"ti":[0,0,0]},{"t":108,"s":[512,512,0]}],"ix":2,"l":2},"a":{"a":0,"k":[0,0,0],"ix":1,"l":2},"s":{"a":0,"k":[100,100,100],"ix":6,"l":2}},"ao":0,"ip":0,"op":108,"st":0,"bm":0},{"ddd":0,"ind":2,"ty":4,"nm":"reflection 2","parent":11,"sr":1,"ks":{"o":{"a":0,"k":30,"ix":11},"r":{"a":0,"k":0,"ix":10},"p":{"a":0,"k":[103.69,221.45,0],"ix":2,"l":2},"a":{"a":0,"k":[57.53,92.73,0],"ix":1,"l":2},"s":{"a":0,"k":[100,100,100],"ix":6,"l":2}},"ao":0,"shapes":[{"ty":"gr","it":[{"ind":0,"ty":"sh","ix":1,"ks":{"a":1,"k":[{"i":{"x":0.667,"y":1},"o":{"x":0.167,"y":0.167},"t":0,"s":[{"i":[[0,0],[14.24,-63.68],[0,0],[-28.72,7.52],[0,0],[-3.44,30.08],[0,0],[13.68,6.16]],"o":[[0,0],[-12.24,54.72],[0,0],[26,-6.8],[0,0],[2.8,-24.8],[0,0],[-13.68,-6.16]],"v":[[-14.48,-92.48],[-40,2.96],[-57.28,92.48],[-2.8,72.16],[45.68,66.72],[48.4,-5.04],[57.28,-61.76],[21.04,-73.36]],"c":true}]},{"i":{"x":0.833,"y":0.833},"o":{"x":0.8,"y":0},"t":20,"s":[{"i":[[0,0],[14.24,-63.68],[0,0],[-28.72,7.52],[-3.112,13.769],[-3.44,30.08],[0,0],[13.68,6.16]],"o":[[0,0],[-12.24,54.72],[0,0],[26,-6.8],[3.112,-13.769],[2.8,-24.8],[0,0],[-13.68,-6.16]],"v":[[-14.48,-92.48],[-40,2.96],[-59.066,132.888],[-2.806,110.37],[42.643,76.089],[48.4,-5.04],[57.28,-61.76],[21.04,-73.36]],"c":true}]},{"i":{"x":0.2,"y":1},"o":{"x":0.167,"y":0.167},"t":46,"s":[{"i":[[0,0],[10.284,-38.718],[0,0],[-28.72,7.52],[-8.764,9.728],[-1.258,10.996],[0,0],[19.098,3.388]],"o":[[0,0],[-9.553,35.442],[0,0],[26,-6.8],[9.151,-9.966],[1.024,-9.066],[0,0],[-14.772,-2.621]],"v":[[-15.142,-104.503],[-35.155,-18.858],[-51.671,68.597],[-2.221,31.967],[50.776,3.928],[63.476,-35.223],[68.209,-94.844],[22.715,-97.322]],"c":true}]},{"i":{"x":0.833,"y":0.833},"o":{"x":0.333,"y":0},"t":74,"s":[{"i":[[0,0],[6.391,-24.78],[0,0],[-33.124,11.588],[-6.921,12.909],[0,0],[0,0],[27.423,3.328]],"o":[[0,0],[-6.398,24.805],[0,0],[29.985,-10.49],[10.222,-19.067],[0,0],[0,0],[-17.831,-2.164]],"v":[[-11.629,-103.886],[-28.503,-50.783],[-45.062,20.623],[12.55,6.332],[63.823,-39.079],[75.931,-82.133],[75.355,-91.459],[28.558,-94.815]],"c":true}]},{"t":108,"s":[{"i":[[0,0],[14.24,-63.68],[0,0],[-28.72,7.52],[0,0],[-3.44,30.08],[0,0],[13.68,6.16]],"o":[[0,0],[-12.24,54.72],[0,0],[26,-6.8],[0,0],[2.8,-24.8],[0,0],[-13.68,-6.16]],"v":[[-14.48,-92.48],[-40,2.96],[-57.28,92.48],[-2.8,72.16],[45.68,66.72],[48.4,-5.04],[57.28,-61.76],[21.04,-73.36]],"c":true}]}],"ix":2},"nm":"Path 1","mn":"ADBE Vector Shape - Group","hd":false},{"ty":"fl","c":{"a":0,"k":[1,1,1,1],"ix":4},"o":{"a":0,"k":100,"ix":5},"r":1,"bm":0,"nm":"Fill 1","mn":"ADBE Vector Graphic - Fill","hd":false},{"ty":"tr","p":{"a":0,"k":[57.53,92.73],"ix":2},"a":{"a":0,"k":[0,0],"ix":1},"s":{"a":0,"k":[100,100],"ix":3},"r":{"a":0,"k":0,"ix":6},"o":{"a":0,"k":100,"ix":7},"sk":{"a":0,"k":0,"ix":4},"sa":{"a":0,"k":0,"ix":5},"nm":"Transform"}],"nm":"Group 1","np":2,"cix":2,"bm":0,"ix":1,"mn":"ADBE Vector Group","hd":false}],"ip":0,"op":108,"st":0,"bm":0},{"ddd":0,"ind":5,"ty":4,"nm":"wine mask","parent":11,"td":1,"sr":1,"ks":{"o":{"a":0,"k":100,"ix":11},"r":{"a":0,"k":0,"ix":10},"p":{"a":0,"k":[248.25,456.189,0],"ix":2,"l":2},"a":{"a":0,"k":[215.21,141.344,0],"ix":1,"l":2},"s":{"a":0,"k":[100,100,100],"ix":6,"l":2}},"ao":0,"shapes":[{"ty":"gr","it":[{"ind":0,"ty":"sh","ix":1,"ks":{"a":0,"k":{"i":[[-73.293,70.56],[-43.429,-68.078],[0,0],[75.92,-78.96],[95.68,81.04],[0,0]],"o":[[65.32,-62.885],[41.36,64.835],[0,0],[-66.16,68.88],[-70.96,-60.08],[0,0]],"v":[[-135.08,-299.88],[150.88,-297.6],[192.96,-127.32],[139.04,51.4],[-144,59.96],[-213.68,-104.84]],"c":true},"ix":2},"nm":"Path 1","mn":"ADBE Vector Shape - Group","hd":false},{"ty":"gf","o":{"a":0,"k":100,"ix":10},"r":1,"bm":0,"g":{"p":3,"k":{"a":0,"k":[0.4,0.686,0.051,0.102,0.822,0.547,0.033,0.075,1,0.408,0.016,0.047],"ix":9}},"s":{"a":0,"k":[-8,-108],"ix":5},"e":{"a":0,"k":[-6,101],"ix":6},"t":2,"h":{"a":0,"k":0,"ix":7},"a":{"a":0,"k":0,"ix":8},"nm":"Gradient Fill 1","mn":"ADBE Vector Graphic - G-Fill","hd":false},{"ty":"tr","p":{"a":0,"k":[215.21,141.25],"ix":2},"a":{"a":0,"k":[0,0],"ix":1},"s":{"a":0,"k":[100,100],"ix":3},"r":{"a":0,"k":0,"ix":6},"o":{"a":0,"k":100,"ix":7},"sk":{"a":0,"k":0,"ix":4},"sa":{"a":0,"k":0,"ix":5},"nm":"Transform"}],"nm":"Group 1","np":2,"cix":2,"bm":0,"ix":1,"mn":"ADBE Vector Group","hd":false}],"ip":0,"op":108,"st":0,"bm":0},{"ddd":0,"ind":6,"ty":4,"nm":"wine ","parent":11,"tt":1,"sr":1,"ks":{"o":{"a":0,"k":100,"ix":11},"r":{"a":0,"k":0,"ix":10},"p":{"a":0,"k":[248.25,456.189,0],"ix":2,"l":2},"a":{"a":0,"k":[215.21,141.344,0],"ix":1,"l":2},"s":{"a":0,"k":[100,100,100],"ix":6,"l":2}},"ao":0,"shapes":[{"ty":"gr","it":[{"ind":0,"ty":"sh","ix":1,"ks":{"a":1,"k":[{"i":{"x":0.833,"y":0.833},"o":{"x":0.167,"y":0.167},"t":0,"s":[{"i":[[-101.68,-3.44],[-65.52,46.4],[0,0],[0,0],[0,0],[0,0],[0,0],[0,0],[0,0],[0,0],[0,0]],"o":[[80.48,2.72],[65.52,-46.4],[0,0],[0,0],[0,0],[0,0],[0,0],[0,0],[0,0],[0,0],[0,0]],"v":[[-56.08,-3.88],[100.88,-94.6],[227.96,-126.32],[244.945,22.838],[256.224,121.889],[258.476,141.667],[260.04,155.4],[-14.846,159.482],[-60.278,160.157],[-249,162.96],[-239.68,-134.84]],"c":true}]},{"i":{"x":0.833,"y":0.833},"o":{"x":0.167,"y":0.167},"t":10,"s":[{"i":[[-101.68,-3.44],[-50.935,62.06],[0,0],[0,0],[0,0],[0,0],[0,0],[0,0],[0,0],[0,0],[0,0]],"o":[[80.48,2.72],[72.36,-88.165],[0,0],[0,0],[0,0],[0,0],[0,0],[0,0],[0,0],[0,0],[0,0]],"v":[[-84.08,10.12],[100.88,-108.6],[231.47,-180.32],[244.945,22.838],[256.224,121.889],[258.476,141.667],[260.04,155.4],[-14.846,159.482],[-60.278,160.157],[-249,162.96],[-239.81,-97.84]],"c":true}]},{"i":{"x":0.833,"y":0.833},"o":{"x":0.167,"y":0.167},"t":20,"s":[{"i":[[-101.68,-3.44],[-54.888,58.593],[0,0],[0,0],[0,0],[0,0],[0,0],[0,0],[0,0],[0,0],[0,0]],"o":[[80.48,2.72],[56.36,-60.165],[0,0],[0,0],[0,0],[0,0],[0,0],[0,0],[0,0],[0,0],[0,0]],"v":[[-85.08,33.12],[121.88,-53.6],[211.47,-275.32],[244.945,22.838],[256.224,121.889],[258.476,141.667],[260.04,155.4],[-14.846,159.482],[-60.278,160.157],[-249,162.96],[-240.81,-72.84]],"c":true}]},{"i":{"x":0.833,"y":0.833},"o":{"x":0.167,"y":0.167},"t":28,"s":[{"i":[[-101.68,-3.44],[-54.888,58.593],[0,0],[0,0],[0,0],[0,0],[0,0],[0,0],[0,0],[0,0],[0,0]],"o":[[80.48,2.72],[56.36,-60.165],[0,0],[0,0],[0,0],[0,0],[0,0],[0,0],[0,0],[0,0],[0,0]],"v":[[-63.08,42.12],[136.88,-38.6],[214.47,-254.32],[244.945,22.838],[256.224,121.889],[258.476,141.667],[260.04,155.4],[-14.846,159.482],[-60.278,160.157],[-249,162.96],[-240.81,-72.84]],"c":true}]},{"i":{"x":0.833,"y":0.833},"o":{"x":0.167,"y":0.167},"t":36,"s":[{"i":[[-101.684,3.321],[-58.883,54.576],[0,0],[0,0],[0,0],[0,0],[0,0],[0,0],[0,0],[0,0],[0,0]],"o":[[88.32,-2.885],[57.36,-53.165],[0,0],[0,0],[0,0],[0,0],[0,0],[0,0],[0,0],[0,0],[0,0]],"v":[[-47.08,48.12],[162.88,-26.6],[235.47,-133.32],[244.945,22.838],[256.224,121.889],[258.476,141.667],[260.04,155.4],[-14.846,159.482],[-60.278,160.157],[-249,162.96],[-237.81,-54.84]],"c":true}]},{"i":{"x":0.833,"y":0.833},"o":{"x":0.167,"y":0.167},"t":46,"s":[{"i":[[-85.347,-55.377],[-70.941,37.592],[0,0],[0,0],[0,0],[0,0],[0,0],[0,0],[0,0],[0,0],[0,0]],"o":[[80.32,52.115],[66.36,-35.165],[0,0],[0,0],[0,0],[0,0],[0,0],[0,0],[0,0],[0,0],[0,0]],"v":[[-105.08,-21.88],[133.88,-16.6],[235.47,-133.32],[244.945,22.838],[256.224,121.889],[258.476,141.667],[260.04,155.4],[-14.846,159.482],[-60.278,160.157],[-249,162.96],[-235.81,-186.84]],"c":true}]},{"i":{"x":0.833,"y":0.833},"o":{"x":0.167,"y":0.167},"t":54,"s":[{"i":[[-65.68,-93.885],[-74.282,30.464],[0,0],[0,0],[0,0],[0,0],[0,0],[0,0],[0,0],[0,0],[-96.05,15.925]],"o":[[54.885,78.454],[61.36,-25.165],[0,0],[0,0],[0,0],[0,0],[0,0],[0,0],[0,0],[0,0],[96.05,-15.925]],"v":[[-128.08,-45.88],[118.88,-8.6],[242.47,-92.32],[244.945,22.838],[256.224,121.889],[258.476,141.667],[260.04,155.4],[-14.846,159.482],[-60.278,160.157],[-249,162.96],[-225.81,-250.84]],"c":true}]},{"i":{"x":0.833,"y":0.833},"o":{"x":0.167,"y":0.167},"t":64,"s":[{"i":[[-89.289,-71.803],[-56.64,24.835],[0,0],[0,0],[0,0],[0,0],[0,0],[113.262,-4.018],[27.462,3.11],[22,54.94],[-43.982,-0.964]],"o":[[62.32,50.115],[48.345,-21.198],[0,0],[0,0],[0,0],[0,0],[0,0],[-28.728,1.019],[-69.832,-7.907],[-64.76,-161.725],[49.05,1.075]],"v":[[-65.08,-69.88],[146.88,-52.6],[243.47,-126.32],[244.945,22.838],[256.224,121.889],[258.476,141.667],[260.04,155.4],[37.124,188.625],[-48.026,185.933],[-200,98.96],[-158.81,-217.84]],"c":true}]},{"i":{"x":0.833,"y":0.833},"o":{"x":0.167,"y":0.167},"t":74,"s":[{"i":[[-60.68,-47.884],[-56.64,24.835],[0,0],[0,0],[0,0],[0,0],[0,0],[0,0],[1.601,15.086],[2.687,59.12],[-80.919,-2.238]],"o":[[62.778,49.54],[48.345,-21.198],[0,0],[0,0],[0,0],[0,0],[0,0],[0,0],[-4.07,-38.361],[-3.76,-82.725],[75.05,2.075]],"v":[[6.92,-64.88],[227.88,-75.6],[306.47,-125.32],[334.945,24.838],[256.224,121.889],[258.476,141.667],[260.04,155.4],[-196.996,170.044],[-199.653,145.739],[-214,-28.04],[-126.81,-184.84]],"c":true}]},{"i":{"x":0.833,"y":0.833},"o":{"x":0.167,"y":0.167},"t":84,"s":[{"i":[[-60.68,-47.884],[-56.64,24.835],[0,0],[0,0],[0,0],[0,0],[0,0],[0,0],[2.073,32.439],[-46.132,-22.784],[-122.95,-7.925]],"o":[[62.778,49.54],[48.345,-21.198],[0,0],[0,0],[0,0],[0,0],[0,0],[0,0],[-5.27,-82.488],[138.24,68.275],[74.923,4.829]],"v":[[245.92,-44.88],[361.88,-84.6],[306.47,-125.32],[334.945,24.838],[256.224,121.889],[258.476,141.667],[260.04,155.4],[-273.512,170.105],[-278.036,114.572],[-240,-88.04],[56.19,-129.84]],"c":true}]},{"i":{"x":0.833,"y":0.833},"o":{"x":0.167,"y":0.167},"t":93,"s":[{"i":[[9.32,-38.885],[0,0],[0,0],[0,0],[0,0],[0,0],[0,0],[0,0],[0.132,34.914],[-44.375,-26.041],[-122.95,-7.925]],"o":[[-18.64,77.768],[0,0],[0,0],[0,0],[0,0],[0,0],[0,0],[0,0],[-0.336,-88.783],[157.24,92.275],[74.923,4.829]],"v":[[256.492,-21.451],[267.88,11.4],[287.47,57.68],[298.945,75.838],[256.224,121.889],[258.476,141.667],[260.04,155.4],[-273.512,170.105],[-274.705,110.301],[-225,-106.04],[130.19,-118.84]],"c":true}]},{"i":{"x":0.833,"y":0.833},"o":{"x":0.167,"y":0.167},"t":101,"s":[{"i":[[9.32,-38.885],[0,0],[0,0],[0,0],[0,0],[0,0],[0,0],[0,0],[0,0],[-89.76,-14.725],[-122.95,-7.925]],"o":[[-18.64,77.768],[0,0],[0,0],[0,0],[0,0],[0,0],[0,0],[0,0],[0,0],[98.793,16.206],[74.923,4.829]],"v":[[262.92,-20.88],[267.88,11.4],[287.47,57.68],[298.945,75.838],[256.224,121.889],[258.476,141.667],[260.04,155.4],[-273.512,170.105],[-248.631,-180.705],[-123,-24.04],[192.974,-123.844]],"c":true}]},{"t":108,"s":[{"i":[[9.32,-38.885],[0,0],[0,0],[0,0],[0,0],[0,0],[0,0],[0,0],[0,0],[-138.23,-24.004],[-122.95,-7.925]],"o":[[-18.64,77.768],[0,0],[0,0],[0,0],[0,0],[0,0],[0,0],[0,0],[0,0],[105.24,18.275],[74.923,4.829]],"v":[[262.92,-20.88],[267.88,11.4],[287.47,57.68],[298.945,75.838],[256.224,121.889],[258.476,141.667],[260.04,155.4],[-273.512,170.105],[-248.631,-180.705],[-64,-4.04],[205.19,-126.84]],"c":true}]}],"ix":2},"nm":"Path 1","mn":"ADBE Vector Shape - Group","hd":false},{"ty":"gf","o":{"a":0,"k":100,"ix":10},"r":1,"bm":0,"g":{"p":3,"k":{"a":0,"k":[0.4,0.686,0.051,0.102,0.822,0.547,0.033,0.075,1,0.408,0.016,0.047],"ix":9}},"s":{"a":0,"k":[-8,-108],"ix":5},"e":{"a":0,"k":[-6,101],"ix":6},"t":2,"h":{"a":0,"k":0,"ix":7},"a":{"a":0,"k":0,"ix":8},"nm":"Gradient Fill 1","mn":"ADBE Vector Graphic - G-Fill","hd":false},{"ty":"tr","p":{"a":0,"k":[215.21,141.25],"ix":2},"a":{"a":0,"k":[0,0],"ix":1},"s":{"a":0,"k":[100,100],"ix":3},"r":{"a":0,"k":0,"ix":6},"o":{"a":0,"k":100,"ix":7},"sk":{"a":0,"k":0,"ix":4},"sa":{"a":0,"k":0,"ix":5},"nm":"Transform"}],"nm":"Group 1","np":2,"cix":2,"bm":0,"ix":1,"mn":"ADBE Vector Group","hd":false}],"ip":0,"op":108,"st":0,"bm":0},{"ddd":0,"ind":7,"ty":4,"nm":"wine droplet","parent":6,"sr":1,"ks":{"o":{"a":0,"k":100,"ix":11},"r":{"a":0,"k":0,"ix":10},"p":{"a":0,"k":[200.134,80.544,0],"ix":2,"l":2},"a":{"a":0,"k":[198.854,102.188,0],"ix":1,"l":2},"s":{"a":0,"k":[100,100,100],"ix":6,"l":2}},"ao":0,"shapes":[{"ty":"gr","it":[{"ind":0,"ty":"sh","ix":1,"ks":{"a":1,"k":[{"i":{"x":0.833,"y":0.833},"o":{"x":0.167,"y":0.167},"t":56,"s":[{"i":[[-5.849,-3.295],[14.717,12.223]],"o":[[9.95,5.605],[-13.754,-11.423]],"v":[[-183.505,-111.774],[-154.326,-172.515]],"c":true}]},{"i":{"x":0.833,"y":0.833},"o":{"x":0.167,"y":0.167},"t":64,"s":[{"i":[[-10.383,-15.83],[13.756,16.753]],"o":[[10.344,15.77],[-22.303,-27.162]],"v":[[-165.835,-172.139],[-120.846,-213.114]],"c":true}]},{"i":{"x":0.833,"y":0.833},"o":{"x":0.167,"y":0.167},"t":72,"s":[{"i":[[-4.253,-16.576],[12.8,25.997]],"o":[[2.838,11.062],[-15.382,-31.241]],"v":[[-138.013,-190.669],[-97.061,-211.074]],"c":true}]},{"i":{"x":0.833,"y":0.833},"o":{"x":0.167,"y":0.167},"t":82,"s":[{"i":[[-0.945,-24.008],[1.028,21.745]],"o":[[0.697,17.704],[-0.496,-10.483]],"v":[[-86.028,-182.903],[-59.712,-187.717]],"c":true}]},{"t":90,"s":[{"i":[[8.108,-0.06],[-7.348,0.135]],"o":[[-5.979,0.044],[3.542,-0.065]],"v":[[-53.182,-148.526],[-52.154,-136.03]],"c":true}]}],"ix":2},"nm":"Path 1","mn":"ADBE Vector Shape - Group","hd":false},{"ty":"fl","c":{"a":0,"k":[0.8,0.097999999102,0.20800000359,1],"ix":4},"o":{"a":0,"k":100,"ix":5},"r":1,"bm":0,"nm":"Fill 1","mn":"ADBE Vector Graphic - Fill","hd":false},{"ty":"tr","p":{"a":0,"k":[198.854,102.189],"ix":2},"a":{"a":0,"k":[0,0],"ix":1},"s":{"a":0,"k":[100,100],"ix":3},"r":{"a":0,"k":0,"ix":6},"o":{"a":0,"k":100,"ix":7},"sk":{"a":0,"k":0,"ix":4},"sa":{"a":0,"k":0,"ix":5},"nm":"Transform"}],"nm":"Group 1","np":2,"cix":2,"bm":0,"ix":1,"mn":"ADBE Vector Group","hd":false}],"ip":56,"op":92,"st":0,"bm":0},{"ddd":0,"ind":8,"ty":4,"nm":"wine surfce 3","parent":6,"sr":1,"ks":{"o":{"a":0,"k":100,"ix":11},"r":{"a":0,"k":0,"ix":10},"p":{"a":0,"k":[200.134,80.544,0],"ix":2,"l":2},"a":{"a":0,"k":[198.854,102.188,0],"ix":1,"l":2},"s":{"a":0,"k":[100,100,100],"ix":6,"l":2}},"ao":0,"shapes":[{"ty":"gr","it":[{"ind":0,"ty":"sh","ix":1,"ks":{"a":1,"k":[{"i":{"x":0.833,"y":0.833},"o":{"x":0.167,"y":0.167},"t":0,"s":[{"i":[[0,0],[-42.856,-38.959],[-64.3,49.423],[0,0],[44.64,6.56],[69.6,-12.96]],"o":[[0,0],[42.857,38.961],[61.005,-46.891],[0,0],[-69.6,-10.24],[-85.52,15.92]],"v":[[-198.604,-43.939],[-145.343,58.165],[137.599,52.516],[186.196,-65.778],[102.036,-89.138],[-96.284,-88.978]],"c":true}]},{"i":{"x":0.833,"y":0.833},"o":{"x":0.167,"y":0.167},"t":10,"s":[{"i":[[0,0],[-72.628,-10.303],[-31.731,115.792],[0,0],[57.28,-13.92],[69.6,-12.96]],"o":[[0,0],[180.201,25.564],[3.886,-14.181],[0,0],[-57.552,13.986],[-85.52,15.92]],"v":[[-191.728,8.866],[-86.225,119.623],[199.27,-66.312],[203.558,-114.715],[95.036,-75.138],[-114.284,-55.979]],"c":true}]},{"i":{"x":0.833,"y":0.833},"o":{"x":0.167,"y":0.167},"t":20,"s":[{"i":[[-1.08,-31.12],[-56.765,-11.496],[-20.769,27.232],[1.88,68.28],[41.28,-40.92],[80.6,-14.08]],"o":[[1.456,41.956],[61.251,12.405],[40.333,-52.884],[-1.88,-68.28],[-42.063,41.697],[-85.691,14.97]],"v":[[-183.594,33.263],[-45.675,131.999],[155.596,27.214],[202.196,-121.778],[99.036,-156.138],[-62.284,-12.978]],"c":true}]},{"i":{"x":0.833,"y":0.833},"o":{"x":0.167,"y":0.167},"t":22,"s":[{"i":[[-4.889,-29.97],[-52.034,-9.056],[-21.328,54.382],[10.553,56.023],[37.569,-46.396],[86.85,-20.83]],"o":[[7.072,41.187],[77.937,10.77],[34.048,-62.085],[-10.553,-56.023],[-37.29,44.92],[-84.536,19.112]],"v":[[-182.845,37.524],[-38.058,133.218],[178.776,11.992],[199.585,-138.372],[74.502,-156.288],[-67.284,0.772]],"c":true}]},{"i":{"x":0.833,"y":0.833},"o":{"x":0.167,"y":0.167},"t":24,"s":[{"i":[[-8.698,-28.821],[-47.302,-6.615],[-21.888,81.532],[19.226,43.766],[33.858,-51.871],[93.1,-27.58]],"o":[[12.688,40.418],[94.623,9.135],[27.762,-71.286],[-19.226,-43.766],[-32.517,48.144],[-83.381,23.254]],"v":[[-181.851,41.73],[-30.441,134.437],[191.803,-4.177],[186.821,-155.911],[49.968,-156.437],[-72.284,14.522]],"c":true}]},{"i":{"x":0.833,"y":0.833},"o":{"x":0.167,"y":0.167},"t":26,"s":[{"i":[[-12.508,-27.671],[-42.57,-4.174],[-22.447,108.682],[27.899,31.509],[30.146,-57.347],[99.35,-34.33]],"o":[[18.304,39.649],[111.309,7.5],[21.477,-80.488],[-27.899,-31.509],[-27.744,51.368],[-82.226,27.396]],"v":[[-181.017,44.376],[-22.825,135.656],[200.167,-16.846],[169.394,-169.951],[25.434,-156.587],[-77.284,28.272]],"c":true}]},{"i":{"x":0.833,"y":0.833},"o":{"x":0.167,"y":0.167},"t":28,"s":[{"i":[[-16.317,-26.521],[-37.839,-1.734],[-23.007,135.832],[36.573,19.252],[26.435,-62.823],[105.6,-41.08]],"o":[[23.92,38.88],[127.994,5.865],[15.191,-89.689],[-36.573,-19.252],[-22.972,54.592],[-81.071,31.538]],"v":[[-179.539,43.32],[-15.208,136.875],[204.552,-29.108],[147.988,-183.584],[0.9,-156.736],[-82.284,42.022]],"c":true}]},{"i":{"x":0.833,"y":0.833},"o":{"x":0.167,"y":0.167},"t":30,"s":[{"i":[[-17.041,-26.017],[-59.131,35.133],[-10.67,87.742],[44.01,15.418],[23.784,-62.101],[97.85,-41.33]],"o":[[45.699,64.557],[81.555,-12.787],[6.052,-81.563],[-38.232,-15.077],[-20.364,52.815],[-76.246,32.364]],"v":[[-178.616,45.71],[67.445,105.175],[208.421,-41.582],[126.367,-184.264],[-12.356,-146.927],[-82.784,38.772]],"c":true}]},{"i":{"x":0.833,"y":0.833},"o":{"x":0.167,"y":0.167},"t":32,"s":[{"i":[[-17.766,-25.512],[-80.423,72.001],[1.666,39.651],[51.448,11.584],[21.133,-61.38],[90.1,-41.58]],"o":[[67.478,90.235],[35.115,-31.438],[-3.086,-73.438],[-39.892,-10.902],[-17.756,51.038],[-71.422,33.191]],"v":[[-177.692,48.101],[150.097,73.474],[209.591,-50.78],[104.746,-184.945],[-25.611,-137.118],[-83.284,35.521]],"c":true}]},{"i":{"x":0.833,"y":0.833},"o":{"x":0.167,"y":0.167},"t":33,"s":[{"i":[[-18.128,-25.26],[-76.439,88.008],[5.48,36.897],[52.556,8.369],[19.807,-61.019],[86.225,-41.705]],"o":[[78.367,103.074],[30.054,-31.421],[-6.545,-62.237],[-40.738,-7.929],[-16.453,50.149],[-69.009,33.604]],"v":[[-177.495,49.882],[169.31,57.44],[211.987,-63.275],[91.155,-185.566],[-32.239,-132.214],[-83.534,33.896]],"c":true}]},{"i":{"x":0.833,"y":0.833},"o":{"x":0.167,"y":0.167},"t":34,"s":[{"i":[[-18.491,-25.008],[-72.455,104.015],[9.293,34.143],[53.664,5.154],[18.482,-60.659],[82.35,-41.83]],"o":[[89.256,115.913],[24.994,-31.405],[-10.003,-51.036],[-41.584,-4.957],[-15.149,49.261],[-66.597,34.018]],"v":[[-177.297,51.664],[188.522,41.406],[207.322,-76.142],[77.564,-186.188],[-38.867,-127.31],[-83.784,32.271]],"c":true}]},{"i":{"x":0.833,"y":0.833},"o":{"x":0.167,"y":0.167},"t":35,"s":[{"i":[[-18.853,-24.755],[-68.471,120.022],[13.107,31.389],[54.773,1.939],[17.156,-60.298],[78.475,-41.955]],"o":[[100.146,128.752],[19.933,-31.389],[-13.462,-39.835],[-42.43,-1.984],[-13.845,48.373],[-64.185,34.431]],"v":[[-176.372,53.258],[199.102,24.119],[195.228,-87.877],[63.973,-186.81],[-45.495,-122.405],[-84.034,30.646]],"c":true}]},{"i":{"x":0.833,"y":0.833},"o":{"x":0.167,"y":0.167},"t":36,"s":[{"i":[[-19.215,-24.503],[-64.487,136.029],[16.92,28.635],[55.881,-1.277],[15.831,-59.937],[74.6,-42.08]],"o":[[111.035,141.59],[14.873,-31.372],[-16.92,-28.635],[-43.276,0.989],[-12.541,47.484],[-61.772,34.844]],"v":[[-175.448,54.851],[205.029,11.232],[183.135,-99.611],[50.382,-187.432],[-52.123,-117.501],[-84.284,29.021]],"c":true}]},{"i":{"x":0.833,"y":0.833},"o":{"x":0.167,"y":0.167},"t":41,"s":[{"i":[[-16.402,-21.141],[-34.567,76.529],[37.819,14.53],[43.648,34.979],[31.719,-38.195],[40.543,-28.36]],"o":[[122.569,209.609],[10.87,-28.269],[-42.245,-14.562],[-38.336,-37.369],[-19.686,28.378],[-34.129,24.742]],"v":[[-192.666,-18.612],[206.698,4.622],[142.367,-39.048],[19.871,-138.639],[-89.417,-136.641],[-135.994,-31.369]],"c":true}]},{"i":{"x":0.833,"y":0.833},"o":{"x":0.167,"y":0.167},"t":44,"s":[{"i":[[-14.714,-19.124],[-16.615,40.829],[50.358,6.068],[36.308,56.732],[41.253,-25.15],[20.109,-20.128]],"o":[[129.49,250.42],[8.468,-26.407],[-57.44,-6.119],[-35.372,-60.384],[-23.972,16.915],[-17.543,18.68]],"v":[[-192.104,-49.655],[207.699,0.656],[117.906,-2.71],[1.564,-109.364],[-111.793,-148.126],[-167.019,-67.603]],"c":true}]},{"i":{"x":0.833,"y":0.833},"o":{"x":0.167,"y":0.167},"t":45,"s":[{"i":[[-14.151,-18.452],[-10.631,28.929],[54.537,3.247],[33.861,63.983],[44.431,-20.802],[13.297,-17.384]],"o":[[131.797,264.024],[7.668,-25.787],[-62.505,-3.305],[-34.384,-68.056],[-25.401,13.094],[-12.015,16.66]],"v":[[-190.348,-54.374],[208.032,-0.666],[109.752,9.403],[-4.538,-99.605],[-119.252,-151.954],[-177.361,-79.681]],"c":true}]},{"i":{"x":0.833,"y":0.833},"o":{"x":0.167,"y":0.167},"t":46,"s":[{"i":[[-13.588,-17.78],[-4.647,17.029],[58.717,0.426],[31.415,71.234],[47.608,-16.454],[6.486,-14.639]],"o":[[134.104,277.628],[6.867,-25.166],[-67.57,-0.49],[-33.396,-75.727],[-26.83,9.273],[-6.486,14.639]],"v":[[-189.266,-42.076],[208.366,-1.988],[101.599,21.515],[-10.64,-89.847],[-126.711,-155.782],[-187.703,-91.759]],"c":true}]},{"i":{"x":0.833,"y":0.833},"o":{"x":0.167,"y":0.167},"t":47,"s":[{"i":[[-24.166,-23.326],[-4.966,18.275],[61.092,0.426],[30.628,73.795],[43.43,-17.074],[4.838,-17.538]],"o":[[133.08,243.219],[8.216,-30.298],[-67.57,-0.475],[-32.568,-78.479],[-24.809,10.126],[-4.838,17.538]],"v":[[-168.054,-12.015],[207.527,1.406],[96.599,21.64],[-19.036,-93.088],[-133.585,-158.291],[-190.616,-95.526]],"c":true}]},{"i":{"x":0.833,"y":0.833},"o":{"x":0.167,"y":0.167},"t":49,"s":[{"i":[[-45.322,-34.419],[-5.604,20.768],[65.842,0.426],[29.054,78.916],[35.072,-18.313],[1.542,-23.336]],"o":[[131.033,174.402],[10.914,-40.563],[-67.57,-0.445],[-30.911,-83.982],[-20.765,11.831],[-1.542,23.336]],"v":[[-125.628,48.108],[205.85,8.195],[86.599,21.89],[-35.827,-99.571],[-147.334,-163.308],[-187.56,-104.902]],"c":true}]},{"i":{"x":0.833,"y":0.833},"o":{"x":0.167,"y":0.167},"t":50,"s":[{"i":[[-55.9,-39.965],[-5.923,22.015],[68.217,0.426],[28.267,81.477],[30.894,-18.933],[-0.106,-26.234]],"o":[[130.01,139.993],[12.263,-45.695],[-67.57,-0.43],[-30.082,-86.733],[-18.744,12.684],[0.106,26.234]],"v":[[-104.416,78.169],[205.012,11.589],[81.599,22.015],[-44.222,-102.813],[-154.209,-165.817],[-185.354,-105.826]],"c":true}]},{"i":{"x":0.833,"y":0.833},"o":{"x":0.167,"y":0.167},"t":52,"s":[{"i":[[-100.84,-21.348],[-6.562,24.508],[72.967,0.426],[26.694,86.598],[20.604,-21.226],[-3.401,-32.032]],"o":[[127.963,71.176],[14.961,-55.96],[-67.57,-0.4],[-28.426,-92.236],[-13.184,15.032],[3.401,32.032]],"v":[[-50.01,103.615],[204.362,17.936],[71.599,22.266],[-61.013,-109.296],[-161.174,-171.278],[-183.092,-97.276]],"c":true}]},{"i":{"x":0.833,"y":0.833},"o":{"x":0.167,"y":0.167},"t":54,"s":[{"i":[[-145.779,-2.731],[-7.2,27.001],[77.717,0.426],[25.12,91.72],[10.315,-23.518],[-6.697,-37.829]],"o":[[125.916,2.359],[17.659,-66.224],[-67.57,-0.37],[-26.769,-97.739],[-7.623,17.381],[6.697,37.829]],"v":[[4.396,129.061],[203.712,24.284],[61.599,22.516],[-77.804,-115.778],[-164.143,-176.561],[-181.963,-85.774]],"c":true}]},{"i":{"x":0.833,"y":0.833},"o":{"x":0.167,"y":0.167},"t":57,"s":[{"i":[[-108.021,2.624],[-7.2,27.001],[75.017,-1.074],[18.898,85.643],[9.762,-20.027],[-64.432,-36.066]],"o":[[94.117,-2.885],[17.659,-66.224],[-67.526,1.087],[-19.048,-73.468],[-7.712,15.894],[37.543,31.752]],"v":[[54.796,107.461],[205.722,13.353],[53.28,12.966],[-101.488,-121],[-163.744,-175],[-136.76,-25.835]],"c":true}]},{"i":{"x":0.833,"y":0.833},"o":{"x":0.167,"y":0.167},"t":60,"s":[{"i":[[-70.264,7.98],[-7.2,27.001],[72.317,-2.574],[12.675,79.566],[9.208,-16.535],[-122.168,-34.303]],"o":[[62.318,-8.129],[17.659,-66.224],[-67.482,2.545],[-11.326,-49.197],[-7.8,14.408],[68.388,25.674]],"v":[[105.196,85.861],[207.732,2.422],[44.96,3.417],[-125.171,-126.222],[-170.417,-145.889],[-91.556,34.103]],"c":true}]},{"i":{"x":0.833,"y":0.833},"o":{"x":0.167,"y":0.167},"t":64,"s":[{"i":[[-19.92,15.12],[-7.2,27.001],[68.717,-4.574],[4.378,71.463],[5.895,-13.283],[-199.148,-31.952]],"o":[[19.92,-15.12],[17.659,-66.224],[-67.422,4.488],[-1.031,-16.836],[-5.895,13.283],[109.516,17.571]],"v":[[172.396,57.061],[208.649,-8.606],[33.868,-9.315],[-156.75,-133.184],[-173.552,-126.215],[-31.284,114.021]],"c":true}]},{"i":{"x":0.833,"y":0.833},"o":{"x":0.167,"y":0.167},"t":65,"s":[{"i":[[-19.82,17.32],[-8.397,19.179],[68.717,-4.574],[7.199,64.521],[4.607,-13.954],[-180.974,-31.285]],"o":[[19.82,-17.32],[-2.538,-40.797],[-67.422,4.488],[-4.187,-15.357],[-4.607,13.954],[100.624,18.806]],"v":[[176.201,51.495],[210.679,-15.788],[29.341,-12.132],[-156.081,-122.716],[-174.925,-112.288],[-36.297,113.693]],"c":true}]},{"i":{"x":0.833,"y":0.833},"o":{"x":0.167,"y":0.167},"t":66,"s":[{"i":[[-19.72,19.52],[19.683,13.307],[68.717,-4.574],[10.02,57.579],[3.318,-14.624],[-162.8,-30.618]],"o":[[19.72,-19.52],[-22.734,-15.37],[-67.422,4.488],[-7.342,-13.878],[-3.318,14.624],[91.733,20.041]],"v":[[175.328,42.447],[202.505,-23.972],[24.814,-14.949],[-155.413,-112.248],[-176.297,-98.36],[-41.311,113.365]],"c":true}]},{"i":{"x":0.833,"y":0.833},"o":{"x":0.167,"y":0.167},"t":68,"s":[{"i":[[-19.52,23.92],[29.84,15.994],[68.717,-4.574],[15.661,43.696],[0.741,-15.965],[-126.452,-29.284]],"o":[[19.52,-23.92],[-28.214,-15.073],[-67.422,4.488],[-13.653,-10.919],[-0.741,15.965],[73.949,22.511]],"v":[[185.276,33.055],[193.669,-25.031],[15.76,-20.583],[-154.077,-91.312],[-179.042,-70.505],[-51.338,112.709]],"c":true}]},{"i":{"x":0.833,"y":0.833},"o":{"x":0.167,"y":0.167},"t":70,"s":[{"i":[[-19.32,28.32],[29.507,13.158],[68.717,-4.574],[21.302,29.812],[-1.835,-17.306],[-90.104,-27.951]],"o":[[19.32,-28.32],[-33.602,-14.984],[-67.422,4.488],[-19.964,-7.961],[1.835,17.306],[56.166,24.98]],"v":[[195.223,23.664],[184.833,-26.09],[6.707,-26.217],[-152.74,-70.377],[-181.787,-42.651],[-61.364,112.052]],"c":true}]},{"i":{"x":0.833,"y":0.833},"o":{"x":0.167,"y":0.167},"t":74,"s":[{"i":[[-18.92,37.12],[47.622,16.977],[68.717,-4.574],[32.585,2.044],[-6.989,-19.988],[-17.407,-25.283]],"o":[[18.92,-37.12],[-64.558,-23.015],[-67.422,4.488],[-32.585,-2.044],[6.989,19.988],[20.6,29.92]],"v":[[199.396,27.061],[158.657,-40.835],[-11.401,-37.485],[-150.068,-28.505],[-187.276,13.059],[-81.418,110.74]],"c":true}]},{"i":{"x":0.833,"y":0.833},"o":{"x":0.167,"y":0.167},"t":76,"s":[{"i":[[-18.92,37.12],[41.659,14.776],[68.717,-4.574],[42.719,-3.787],[-5.562,-18.511],[-27.906,-22.982]],"o":[[18.92,-37.12],[-64.595,-22.911],[-67.422,4.488],[-48.764,5.547],[5.562,18.511],[34.909,27.708]],"v":[[198.36,34.228],[158.657,-40.835],[-6.901,-48.235],[-143.252,-31.573],[-191.842,8.756],[-81.385,104.31]],"c":true}]},{"i":{"x":0.833,"y":0.833},"o":{"x":0.167,"y":0.167},"t":78,"s":[{"i":[[-18.92,37.12],[41.659,14.776],[68.717,-4.574],[52.853,-9.618],[-4.134,-17.034],[-38.404,-20.681]],"o":[[18.92,-37.12],[-64.595,-22.911],[-67.422,4.488],[-64.943,13.137],[4.134,17.034],[49.218,25.495]],"v":[[197.324,41.395],[158.657,-40.835],[-2.401,-58.985],[-136.436,-34.642],[-192.43,4.87],[-81.351,97.881]],"c":true}]},{"i":{"x":0.833,"y":0.833},"o":{"x":0.167,"y":0.167},"t":80,"s":[{"i":[[-16.326,38.228],[41.659,14.776],[68.717,-4.574],[62.986,-15.449],[-2.707,-15.557],[-48.902,-18.381]],"o":[[12.201,-26.41],[-64.595,-22.911],[-67.422,4.488],[-81.123,20.727],[2.707,15.557],[63.526,23.283]],"v":[[202.158,28.033],[158.657,-40.835],[2.099,-69.735],[-129.62,-37.71],[-191.374,3.413],[-81.318,91.451]],"c":true}]},{"i":{"x":0.833,"y":0.833},"o":{"x":0.167,"y":0.167},"t":82,"s":[{"i":[[-13.733,39.335],[41.659,14.776],[68.717,-4.574],[73.12,-21.28],[-1.28,-14.08],[-59.4,-16.08]],"o":[[5.481,-15.701],[-64.595,-22.911],[-67.422,4.488],[-97.302,28.318],[1.28,14.08],[77.835,21.071]],"v":[[206.768,7.104],[158.657,-40.835],[6.599,-80.485],[-122.804,-40.778],[-190.318,1.956],[-81.284,85.021]],"c":true}]},{"i":{"x":0.833,"y":0.833},"o":{"x":0.167,"y":0.167},"t":86,"s":[{"i":[[-16.326,38.228],[41.659,14.776],[69.217,10.926],[68.241,-27.635],[-1.643,-14.037],[-59.4,-16.08]],"o":[[12.201,-26.41],[-64.595,-22.911],[-65.304,-9.731],[-63.166,21.945],[5.027,37.646],[77.835,21.071]],"v":[[197.463,14.714],[155.657,-37.835],[6.599,-78.985],[-144.759,-56.36],[-195.515,-15.823],[-81.284,85.021]],"c":true}]},{"i":{"x":0.833,"y":0.833},"o":{"x":0.167,"y":0.167},"t":90,"s":[{"i":[[-18.92,37.12],[41.659,14.776],[69.717,26.426],[63.363,-33.989],[-2.006,-13.995],[-59.4,-16.08]],"o":[[18.92,-37.12],[-64.595,-22.911],[-63.185,-23.95],[-29.031,15.573],[8.774,61.212],[77.835,21.071]],"v":[[190.396,25.061],[152.657,-34.835],[6.599,-77.485],[-166.714,-71.941],[-196.939,-28.721],[-81.284,85.021]],"c":true}]},{"i":{"x":0.833,"y":0.833},"o":{"x":0.167,"y":0.167},"t":94,"s":[{"i":[[-18.92,37.12],[42.604,11.171],[73.217,19.926],[66.741,-31.635],[-2.567,-13.891],[-59.4,-16.08]],"o":[[18.92,-37.12],[-55.968,-15.568],[-64.872,-17.799],[-36.282,16.876],[7.338,43.616],[77.835,21.071]],"v":[[190.396,25.061],[166.657,-47.835],[10.599,-82.485],[-162.759,-71.36],[-196.843,-24.354],[-81.284,85.021]],"c":true}]},{"i":{"x":0.833,"y":0.833},"o":{"x":0.167,"y":0.167},"t":96,"s":[{"i":[[-18.92,37.12],[43.077,9.368],[74.967,16.676],[68.431,-30.457],[-2.847,-13.84],[-59.4,-16.08]],"o":[[18.92,-37.12],[-51.655,-11.896],[-65.716,-14.724],[-39.908,17.527],[6.62,34.818],[77.835,21.071]],"v":[[190.396,25.061],[173.657,-54.335],[12.599,-84.985],[-160.781,-71.069],[-195.926,-18.217],[-81.284,85.021]],"c":true}]},{"i":{"x":0.833,"y":0.833},"o":{"x":0.167,"y":0.167},"t":98,"s":[{"i":[[-18.92,37.12],[43.55,7.565],[76.717,13.426],[70.12,-29.28],[-3.127,-13.788],[-59.4,-16.08]],"o":[[18.92,-37.12],[-47.341,-8.224],[-66.56,-11.648],[-43.533,18.178],[5.902,26.02],[77.835,21.071]],"v":[[190.396,25.061],[180.657,-60.835],[14.599,-87.485],[-158.804,-70.778],[-197.978,-18.522],[-81.284,85.021]],"c":true}]},{"i":{"x":0.833,"y":0.833},"o":{"x":0.167,"y":0.167},"t":99,"s":[{"i":[[-18.92,37.12],[43.035,8.997],[74.817,12.626],[70.77,-29.43],[-2.943,-13.817],[-59.4,-16.08]],"o":[[18.92,-37.12],[-45.191,-8.874],[-66.631,-11.116],[-43.558,18.119],[5.439,24.826],[77.835,21.071]],"v":[[190.396,25.061],[180.907,-61.335],[18.899,-88.185],[-158.904,-70.578],[-197.852,-19.53],[-81.284,85.021]],"c":true}]},{"i":{"x":0.833,"y":0.833},"o":{"x":0.167,"y":0.167},"t":102,"s":[{"i":[[-18.92,37.12],[41.492,13.292],[69.117,10.226],[72.72,-29.88],[-2.388,-13.905],[-59.4,-16.08]],"o":[[18.92,-37.12],[-38.741,-10.824],[-66.846,-9.519],[-43.63,17.941],[4.053,21.244],[77.835,21.071]],"v":[[190.396,25.061],[181.657,-62.835],[31.799,-90.285],[-159.204,-69.978],[-197.053,-31.544],[-81.284,85.021]],"c":true}]},{"i":{"x":0.833,"y":0.833},"o":{"x":0.167,"y":0.167},"t":106,"s":[{"i":[[-18.92,37.12],[39.434,19.019],[61.517,7.026],[75.32,-30.48],[-1.649,-14.021],[-59.4,-16.08]],"o":[[18.92,-37.12],[-30.141,-13.424],[-67.132,-7.389],[-43.727,17.704],[2.204,16.468],[77.835,21.071]],"v":[[190.396,25.061],[182.657,-64.835],[48.999,-93.085],[-159.604,-69.178],[-197.35,-35.105],[-81.284,85.021]],"c":true}]},{"i":{"x":0.833,"y":0.833},"o":{"x":0.167,"y":0.167},"t":107,"s":[{"i":[[-18.92,37.12],[38.919,20.451],[59.617,6.226],[75.97,-30.63],[-1.465,-14.051],[-59.4,-16.08]],"o":[[18.92,-37.12],[-27.991,-14.074],[-67.203,-6.857],[-43.752,17.645],[1.742,15.274],[77.835,21.071]],"v":[[190.396,25.061],[182.907,-65.335],[53.299,-93.785],[-159.704,-68.978],[-197.394,-32.626],[-81.284,85.021]],"c":true}]},{"t":108,"s":[{"i":[[-18.92,37.12],[38.405,21.883],[57.717,5.426],[76.62,-30.78],[-1.28,-14.08],[-59.4,-16.08]],"o":[[18.92,-37.12],[-25.841,-14.724],[-67.275,-6.324],[-43.776,17.586],[1.28,14.08],[77.835,21.071]],"v":[[190.396,25.061],[183.157,-65.835],[57.599,-94.485],[-159.804,-68.778],[-194.964,-23.139],[-81.284,85.021]],"c":true}]}],"ix":2},"nm":"Path 1","mn":"ADBE Vector Shape - Group","hd":false},{"ty":"fl","c":{"a":0,"k":[0.8,0.097999999102,0.20800000359,1],"ix":4},"o":{"a":0,"k":100,"ix":5},"r":1,"bm":0,"nm":"Fill 1","mn":"ADBE Vector Graphic - Fill","hd":false},{"ty":"tr","p":{"a":0,"k":[198.854,102.189],"ix":2},"a":{"a":0,"k":[0,0],"ix":1},"s":{"a":0,"k":[100,100],"ix":3},"r":{"a":0,"k":0,"ix":6},"o":{"a":0,"k":100,"ix":7},"sk":{"a":0,"k":0,"ix":4},"sa":{"a":0,"k":0,"ix":5},"nm":"Transform"}],"nm":"Group 1","np":2,"cix":2,"bm":0,"ix":1,"mn":"ADBE Vector Group","hd":false}],"ip":0,"op":108,"st":0,"bm":0},{"ddd":0,"ind":10,"ty":4,"nm":"reflection ","parent":11,"sr":1,"ks":{"o":{"a":0,"k":100,"ix":11},"r":{"a":0,"k":0,"ix":10},"p":{"a":0,"k":[103.69,221.45,0],"ix":2,"l":2},"a":{"a":0,"k":[57.53,92.73,0],"ix":1,"l":2},"s":{"a":0,"k":[100,100,100],"ix":6,"l":2}},"ao":0,"shapes":[{"ty":"gr","it":[{"ind":0,"ty":"sh","ix":1,"ks":{"a":1,"k":[{"i":{"x":0.667,"y":1},"o":{"x":0.167,"y":0.167},"t":0,"s":[{"i":[[0,0],[14.24,-63.68],[0,0],[-28.72,7.52],[0,0],[-3.44,30.08],[0,0],[13.68,6.16]],"o":[[0,0],[-12.24,54.72],[0,0],[26,-6.8],[0,0],[2.8,-24.8],[0,0],[-13.68,-6.16]],"v":[[-14.48,-92.48],[-40,2.96],[-57.28,92.48],[-2.8,72.16],[45.68,66.72],[48.4,-5.04],[57.28,-61.76],[21.04,-73.36]],"c":true}]},{"i":{"x":0.833,"y":0.833},"o":{"x":0.8,"y":0},"t":20,"s":[{"i":[[0,0],[14.24,-63.68],[0,0],[-28.72,7.52],[-3.112,13.769],[-3.44,30.08],[0,0],[13.68,6.16]],"o":[[0,0],[-12.24,54.72],[0,0],[26,-6.8],[3.112,-13.769],[2.8,-24.8],[0,0],[-13.68,-6.16]],"v":[[-14.48,-92.48],[-40,2.96],[-59.066,132.888],[-2.806,110.37],[42.643,76.089],[48.4,-5.04],[57.28,-61.76],[21.04,-73.36]],"c":true}]},{"i":{"x":0.2,"y":1},"o":{"x":0.167,"y":0.167},"t":46,"s":[{"i":[[0,0],[10.284,-38.718],[0,0],[-28.72,7.52],[-8.764,9.728],[-1.258,10.996],[0,0],[19.098,3.388]],"o":[[0,0],[-9.553,35.442],[0,0],[26,-6.8],[9.151,-9.966],[1.024,-9.066],[0,0],[-14.772,-2.621]],"v":[[-15.142,-104.503],[-35.155,-18.858],[-51.671,68.597],[-2.221,31.967],[50.776,3.928],[63.476,-35.223],[68.209,-94.844],[22.715,-97.322]],"c":true}]},{"i":{"x":0.833,"y":0.833},"o":{"x":0.333,"y":0},"t":74,"s":[{"i":[[0,0],[6.391,-24.78],[0,0],[-33.124,11.588],[-6.921,12.909],[0,0],[0,0],[27.423,3.328]],"o":[[0,0],[-6.398,24.805],[0,0],[29.985,-10.49],[10.222,-19.067],[0,0],[0,0],[-17.831,-2.164]],"v":[[-11.629,-103.886],[-28.503,-50.783],[-45.062,20.623],[12.55,6.332],[63.823,-39.079],[75.931,-82.133],[75.355,-91.459],[28.558,-94.815]],"c":true}]},{"t":108,"s":[{"i":[[0,0],[14.24,-63.68],[0,0],[-28.72,7.52],[0,0],[-3.44,30.08],[0,0],[13.68,6.16]],"o":[[0,0],[-12.24,54.72],[0,0],[26,-6.8],[0,0],[2.8,-24.8],[0,0],[-13.68,-6.16]],"v":[[-14.48,-92.48],[-40,2.96],[-57.28,92.48],[-2.8,72.16],[45.68,66.72],[48.4,-5.04],[57.28,-61.76],[21.04,-73.36]],"c":true}]}],"ix":2},"nm":"Path 1","mn":"ADBE Vector Shape - Group","hd":false},{"ty":"fl","c":{"a":0,"k":[1,1,1,1],"ix":4},"o":{"a":0,"k":100,"ix":5},"r":1,"bm":0,"nm":"Fill 1","mn":"ADBE Vector Graphic - Fill","hd":false},{"ty":"tr","p":{"a":0,"k":[57.53,92.73],"ix":2},"a":{"a":0,"k":[0,0],"ix":1},"s":{"a":0,"k":[100,100],"ix":3},"r":{"a":0,"k":0,"ix":6},"o":{"a":0,"k":100,"ix":7},"sk":{"a":0,"k":0,"ix":4},"sa":{"a":0,"k":0,"ix":5},"nm":"Transform"}],"nm":"Group 1","np":2,"cix":2,"bm":0,"ix":1,"mn":"ADBE Vector Group","hd":false}],"ip":0,"op":108,"st":0,"bm":0},{"ddd":0,"ind":11,"ty":4,"nm":"glass ","parent":1,"sr":1,"ks":{"o":{"a":0,"k":100,"ix":11},"r":{"a":0,"k":0,"ix":10},"p":{"a":0,"k":[0.44,0.44,0],"ix":2,"l":2},"a":{"a":0,"k":[240.93,480.77,0],"ix":1,"l":2},"s":{"a":0,"k":[100,100,100],"ix":6,"l":2}},"ao":0,"shapes":[{"ty":"gr","it":[{"ind":0,"ty":"sh","ix":1,"ks":{"a":1,"k":[{"i":{"x":0.667,"y":1},"o":{"x":0.333,"y":0},"t":0,"s":[{"i":[[1.2,1.12],[-6.32,-15.519],[-164.4,-1.199],[2.32,21.92],[1.44,0],[1.2,-6.96],[151.92,-1.2],[7.12,10.08]],"o":[[-2.08,-1.92],[5.36,13.121],[182.88,1.361],[-1.52,-14.479],[-1.36,-0.08],[-3.84,21.759],[-138.24,1.121],[-5.04,-7.2]],"v":[[-192.04,-56.72],[-191.56,-24.241],[5.64,58.559],[195.56,-40.401],[189.8,-59.84],[185.8,-40.08],[8.6,37.759],[-177.24,-27.76]],"c":true}]},{"i":{"x":0.667,"y":1},"o":{"x":0.333,"y":0},"t":56,"s":[{"i":[[1.201,0.366],[-6.328,-5.108],[-164.4,-0.403],[2.303,7.233],[1.44,0],[1.2,-2.295],[151.92,-0.406],[7.12,3.324]],"o":[[-2.08,-0.633],[5.36,4.326],[182.88,0.449],[-1.52,-4.774],[-1.36,-0.026],[-3.84,7.175],[-138.24,0.37],[-5.04,-2.374]],"v":[[-192.04,-46.001],[-191.56,-10.291],[5.64,17.011],[195.56,-15.62],[189.8,-47.029],[185.8,-40.514],[8.6,-14.848],[-177.24,-36.452]],"c":true}]},{"t":108,"s":[{"i":[[1.2,1.12],[-6.32,-15.519],[-164.4,-1.199],[2.32,21.92],[1.44,0],[1.2,-6.96],[151.92,-1.2],[7.12,10.08]],"o":[[-2.08,-1.92],[5.36,13.121],[182.88,1.361],[-1.52,-14.479],[-1.36,-0.08],[-3.84,21.759],[-138.24,1.121],[-5.04,-7.2]],"v":[[-192.04,-56.72],[-191.56,-24.241],[5.64,58.559],[195.56,-40.401],[189.8,-59.84],[185.8,-40.08],[8.6,37.759],[-177.24,-27.76]],"c":true}]}],"ix":2},"nm":"Path 1","mn":"ADBE Vector Shape - Group","hd":false},{"ty":"fl","c":{"a":0,"k":[0.620000023935,0.620000023935,0.620000023935,1],"ix":4},"o":{"a":0,"k":100,"ix":5},"r":1,"bm":0,"nm":"Fill 1","mn":"ADBE Vector Graphic - Fill","hd":false},{"ty":"tr","p":{"a":0,"k":[238.85,901.37],"ix":2},"a":{"a":0,"k":[0,0],"ix":1},"s":{"a":0,"k":[100,100],"ix":3},"r":{"a":0,"k":0,"ix":6},"o":{"a":0,"k":100,"ix":7},"sk":{"a":0,"k":0,"ix":4},"sa":{"a":0,"k":0,"ix":5},"nm":"Transform"}],"nm":"Group 1","np":2,"cix":2,"bm":0,"ix":1,"mn":"ADBE Vector Group","hd":false},{"ty":"gr","it":[{"ind":0,"ty":"sh","ix":1,"ks":{"a":1,"k":[{"i":{"x":0.667,"y":1},"o":{"x":0.333,"y":0},"t":0,"s":[{"i":[[-4,-12.64],[-22.32,32],[8.88,-2.96],[22.64,-22]],"o":[[3.6,11.28],[23.2,-33.36],[-8.96,2.96],[-22.72,22]],"v":[[-46.24,37.84],[27.04,12.24],[25.28,-46.16],[6.24,-0.32]],"c":true}]},{"i":{"x":0.667,"y":1},"o":{"x":0.333,"y":0},"t":56,"s":[{"i":[[-4.018,-4.151],[-22.308,10.577],[8.881,-0.967],[22.64,-7.254]],"o":[[3.6,3.719],[23.2,-11],[-8.96,0.976],[-22.72,7.254]],"v":[[-46.24,5.984],[27.04,-2.457],[25.28,-21.713],[6.24,-6.598]],"c":true}]},{"t":108,"s":[{"i":[[-4,-12.64],[-22.32,32],[8.88,-2.96],[22.64,-22]],"o":[[3.6,11.28],[23.2,-33.36],[-8.96,2.96],[-22.72,22]],"v":[[-46.24,37.84],[27.04,12.24],[25.28,-46.16],[6.24,-0.32]],"c":true}]}],"ix":2},"nm":"Path 1","mn":"ADBE Vector Shape - Group","hd":false},{"ty":"fl","c":{"a":0,"k":[1,1,1,1],"ix":4},"o":{"a":0,"k":100,"ix":5},"r":1,"bm":0,"nm":"Fill 1","mn":"ADBE Vector Graphic - Fill","hd":false},{"ty":"tr","p":{"a":0,"k":[372.97,870.33],"ix":2},"a":{"a":0,"k":[0,0],"ix":1},"s":{"a":0,"k":[100,100],"ix":3},"r":{"a":0,"k":0,"ix":6},"o":{"a":0,"k":100,"ix":7},"sk":{"a":0,"k":0,"ix":4},"sa":{"a":0,"k":0,"ix":5},"nm":"Transform"}],"nm":"Group 2","np":2,"cix":2,"bm":0,"ix":2,"mn":"ADBE Vector Group","hd":false},{"ty":"gr","it":[{"ind":0,"ty":"sh","ix":1,"ks":{"a":1,"k":[{"i":{"x":0.667,"y":1},"o":{"x":0.333,"y":0},"t":0,"s":[{"i":[[8.96,-7.12],[1.2,-24.399],[-4.72,-6.721],[1.44,33.361]],"o":[[-9.92,7.92],[-1.2,24.401],[7.12,10.159],[-1.2,-27.279]],"v":[[-18.4,-42.6],[0.08,-2.121],[-20.8,39.56],[26.88,-5.161]],"c":true}]},{"i":{"x":0.667,"y":1},"o":{"x":0.333,"y":0},"t":56,"s":[{"i":[[8.957,-2.358],[1.2,-8.045],[-4.718,-2.22],[1.467,10.997]],"o":[[-9.92,2.612],[-1.2,8.046],[7.12,3.35],[-1.2,-8.995]],"v":[[-18.4,1.043],[0.08,14.391],[-20.8,28.134],[26.88,13.388]],"c":true}]},{"t":108,"s":[{"i":[[8.96,-7.12],[1.2,-24.399],[-4.72,-6.721],[1.44,33.361]],"o":[[-9.92,7.92],[-1.2,24.401],[7.12,10.159],[-1.2,-27.279]],"v":[[-18.4,-42.6],[0.08,-2.121],[-20.8,39.56],[26.88,-5.161]],"c":true}]}],"ix":2},"nm":"Path 1","mn":"ADBE Vector Shape - Group","hd":false},{"ty":"fl","c":{"a":0,"k":[0.791999966491,0.791999966491,0.791999966491,1],"ix":4},"o":{"a":0,"k":100,"ix":5},"r":1,"bm":0,"nm":"Fill 1","mn":"ADBE Vector Graphic - Fill","hd":false},{"ty":"tr","p":{"a":0,"k":[355.85,838.13],"ix":2},"a":{"a":0,"k":[0,0],"ix":1},"s":{"a":0,"k":[100,100],"ix":3},"r":{"a":0,"k":0,"ix":6},"o":{"a":0,"k":100,"ix":7},"sk":{"a":0,"k":0,"ix":4},"sa":{"a":0,"k":0,"ix":5},"nm":"Transform"}],"nm":"Group 3","np":2,"cix":2,"bm":0,"ix":3,"mn":"ADBE Vector Group","hd":false},{"ty":"gr","it":[{"ind":0,"ty":"sh","ix":1,"ks":{"a":1,"k":[{"i":{"x":0.667,"y":1},"o":{"x":0.333,"y":0},"t":0,"s":[{"i":[[13.68,-1.76],[-11.44,-18.721],[-4,20.72],[-4.08,31.04],[11.36,11.919],[23.28,-5.359]],"o":[[-17.76,2.32],[23.2,38.159],[3.6,-18.479],[2.96,-22.64],[-11.28,-11.92],[-20.32,4.721]],"v":[[-44.64,-34.76],[-51.76,6.92],[52.48,50.44],[19.68,-3.8],[51.84,-59.24],[0,-37.8]],"c":true}]},{"i":{"x":0.667,"y":1},"o":{"x":0.333,"y":0},"t":56,"s":[{"i":[[13.68,-0.589],[-11.44,-6.173],[-4,6.832],[-4.061,10.242],[12.019,-0.189],[23.28,-1.767]],"o":[[-17.76,0.765],[23.2,12.582],[3.6,-6.093],[2.96,-7.465],[-5.08,0.08],[-20.32,1.557]],"v":[[-44.64,-11.493],[-51.76,2.25],[52.48,16.6],[19.68,-1.285],[59.34,-41.44],[0,-12.496]],"c":true}]},{"t":108,"s":[{"i":[[13.68,-1.76],[-11.44,-18.721],[-4,20.72],[-4.08,31.04],[11.36,11.919],[23.28,-5.359]],"o":[[-17.76,2.32],[23.2,38.159],[3.6,-18.479],[2.96,-22.64],[-11.28,-11.92],[-20.32,4.721]],"v":[[-44.64,-34.76],[-51.76,6.92],[52.48,50.44],[19.68,-3.8],[51.84,-59.24],[0,-37.8]],"c":true}]}],"ix":2},"nm":"Path 1","mn":"ADBE Vector Shape - Group","hd":false},{"ty":"fl","c":{"a":0,"k":[1,1,1,1],"ix":4},"o":{"a":0,"k":100,"ix":5},"r":1,"bm":0,"nm":"Fill 1","mn":"ADBE Vector Graphic - Fill","hd":false},{"ty":"tr","p":{"a":0,"k":[124.73,860.69],"ix":2},"a":{"a":0,"k":[0,0],"ix":1},"s":{"a":0,"k":[100,100],"ix":3},"r":{"a":0,"k":0,"ix":6},"o":{"a":0,"k":100,"ix":7},"sk":{"a":0,"k":0,"ix":4},"sa":{"a":0,"k":0,"ix":5},"nm":"Transform"}],"nm":"Group 4","np":2,"cix":2,"bm":0,"ix":4,"mn":"ADBE Vector Group","hd":false},{"ty":"gr","it":[{"ind":0,"ty":"sh","ix":1,"ks":{"a":1,"k":[{"i":{"x":0.667,"y":1},"o":{"x":0.333,"y":0},"t":0,"s":[{"i":[[0,0],[-70.24,-0.639],[-2.64,8.479],[2.96,-0.561],[54.8,2],[4.4,4.08]],"o":[[0,0],[70.88,0.641],[1.92,-6.4],[-2.96,0.559],[-54.8,-2],[-3.52,-3.281]],"v":[[-93,3.399],[0.04,34.599],[91.08,5.32],[66.04,-34.039],[0.52,-4.36],[-60.12,-31.959]],"c":true}]},{"i":{"x":0.667,"y":1},"o":{"x":0.333,"y":0},"t":56,"s":[{"i":[[0,0],[-70.24,-0.209],[-2.64,2.796],[2.96,-0.184],[54.8,0.659],[4.398,1.352]],"o":[[0,0],[70.88,0.211],[1.92,-2.11],[-2.96,0.184],[-54.8,-0.659],[-3.52,-1.082]],"v":[[-93,16.693],[0.04,26.981],[91.08,17.327],[58.54,-17.527],[0.52,-7.741],[-52.62,-16.841]],"c":true}]},{"t":108,"s":[{"i":[[0,0],[-70.24,-0.639],[-2.64,8.479],[2.96,-0.561],[54.8,2],[4.4,4.08]],"o":[[0,0],[70.88,0.641],[1.92,-6.4],[-2.96,0.559],[-54.8,-2],[-3.52,-3.281]],"v":[[-93,3.399],[0.04,34.599],[91.08,5.32],[66.04,-34.039],[0.52,-4.36],[-60.12,-31.959]],"c":true}]}],"ix":2},"nm":"Path 1","mn":"ADBE Vector Shape - Group","hd":false},{"ty":"fl","c":{"a":0,"k":[0.620000023935,0.620000023935,0.620000023935,1],"ix":4},"o":{"a":0,"k":100,"ix":5},"r":1,"bm":0,"nm":"Fill 1","mn":"ADBE Vector Graphic - Fill","hd":false},{"ty":"tr","p":{"a":0,"k":[238.61,837.41],"ix":2},"a":{"a":0,"k":[0,0],"ix":1},"s":{"a":0,"k":[100,100],"ix":3},"r":{"a":0,"k":0,"ix":6},"o":{"a":0,"k":100,"ix":7},"sk":{"a":0,"k":0,"ix":4},"sa":{"a":0,"k":0,"ix":5},"nm":"Transform"}],"nm":"Group 5","np":2,"cix":2,"bm":0,"ix":5,"mn":"ADBE Vector Group","hd":false},{"ty":"gr","it":[{"ind":0,"ty":"sh","ix":1,"ks":{"a":1,"k":[{"i":{"x":0.667,"y":1},"o":{"x":0.333,"y":0},"t":0,"s":[{"i":[[3.28,-0.32],[8.88,-11.359],[-0.56,-10.08],[0,19.12],[5.28,7.04]],"o":[[-6.56,0.56],[-7.04,8.96],[0.56,10.16],[0,-7.439],[-5.28,-7.04]],"v":[[2.08,-30.24],[-6.24,-4.001],[-25.92,20.4],[26.48,4.879],[15.76,-14.801]],"c":true}]},{"i":{"x":0.667,"y":1},"o":{"x":0.333,"y":0},"t":56,"s":[{"i":[[3.28,-0.106],[8.887,-3.729],[-0.556,-3.324],[0,6.305],[5.247,2.395]],"o":[[-6.56,0.185],[-7.04,2.954],[0.56,3.35],[0,-2.453],[-7.06,-3.222]],"v":[[2.08,9.491],[-6.24,18.143],[-25.92,26.189],[26.48,21.071],[15.76,14.582]],"c":true}]},{"t":108,"s":[{"i":[[3.28,-0.32],[8.88,-11.359],[-0.56,-10.08],[0,19.12],[5.28,7.04]],"o":[[-6.56,0.56],[-7.04,8.96],[0.56,10.16],[0,-7.439],[-5.28,-7.04]],"v":[[2.08,-30.24],[-6.24,-4.001],[-25.92,20.4],[26.48,4.879],[15.76,-14.801]],"c":true}]}],"ix":2},"nm":"Path 1","mn":"ADBE Vector Shape - Group","hd":false},{"ty":"fl","c":{"a":0,"k":[1,1,1,1],"ix":4},"o":{"a":0,"k":100,"ix":5},"r":1,"bm":0,"nm":"Fill 1","mn":"ADBE Vector Graphic - Fill","hd":false},{"ty":"tr","p":{"a":0,"k":[263.29,798.97],"ix":2},"a":{"a":0,"k":[0,0],"ix":1},"s":{"a":0,"k":[100,100],"ix":3},"r":{"a":0,"k":0,"ix":6},"o":{"a":0,"k":100,"ix":7},"sk":{"a":0,"k":0,"ix":4},"sa":{"a":0,"k":0,"ix":5},"nm":"Transform"}],"nm":"Group 6","np":2,"cix":2,"bm":0,"ix":6,"mn":"ADBE Vector Group","hd":false},{"ty":"gr","it":[{"ind":0,"ty":"sh","ix":1,"ks":{"a":1,"k":[{"i":{"x":0.667,"y":1},"o":{"x":0.333,"y":0},"t":0,"s":[{"i":[[15.84,0],[0.88,-87.76],[-7.2,-0.72],[0,73.921]],"o":[[-17.2,0],[-0.64,70],[7.28,0.64],[0.08,-85.76]],"v":[[0.68,-92.4],[-13.88,8.56],[-0.04,91.76],[13.8,13.2]],"c":true}]},{"i":{"x":0.667,"y":1},"o":{"x":0.333,"y":0},"t":56,"s":[{"i":[[15.84,0],[0.88,-87.76],[-7.2,-0.237],[0,73.921]],"o":[[-17.2,0],[-0.64,70],[7.28,0.211],[0.08,-85.76]],"v":[[0.68,-92.4],[-14.07,18.56],[-0.07,103.96],[13.61,23.2]],"c":true}]},{"t":108,"s":[{"i":[[15.84,0],[0.88,-87.76],[-7.2,-0.72],[0,73.921]],"o":[[-17.2,0],[-0.64,70],[7.28,0.64],[0.08,-85.76]],"v":[[0.68,-92.4],[-13.88,8.56],[-0.04,91.76],[13.8,13.2]],"c":true}]}],"ix":2},"nm":"Path 1","mn":"ADBE Vector Shape - Group","hd":false},{"ty":"fl","c":{"a":0,"k":[0.620000023935,0.620000023935,0.620000023935,1],"ix":4},"o":{"a":0,"k":100,"ix":5},"r":1,"bm":0,"nm":"Fill 1","mn":"ADBE Vector Graphic - Fill","hd":false},{"ty":"tr","p":{"a":0,"k":[238.13,698.65],"ix":2},"a":{"a":0,"k":[0,0],"ix":1},"s":{"a":0,"k":[100,100],"ix":3},"r":{"a":0,"k":0,"ix":6},"o":{"a":0,"k":100,"ix":7},"sk":{"a":0,"k":0,"ix":4},"sa":{"a":0,"k":0,"ix":5},"nm":"Transform"}],"nm":"Group 7","np":2,"cix":2,"bm":0,"ix":7,"mn":"ADBE Vector Group","hd":false},{"ty":"gr","it":[{"ind":0,"ty":"sh","ix":1,"ks":{"a":1,"k":[{"i":{"x":0.667,"y":1},"o":{"x":0.333,"y":0},"t":0,"s":[{"i":[[108.56,0],[7.04,0.4],[1.04,2.08],[-3.04,0.88],[-4.16,-3.84],[-101.2,-2.32],[-5.84,5.28],[-3.68,-2.4],[2.16,-3.76]],"o":[[-6.48,0],[-112,-5.92],[-1.92,-4],[4.08,-1.2],[6.72,6.24],[99.2,2.32],[4.4,-4],[3.68,2.4],[-3.36,5.76]],"v":[[8.44,33.64],[-11.88,33.08],[-146.68,-19.8],[-146.44,-32.44],[-136.04,-26.2],[-3.88,14.76],[133.08,-18.44],[145.8,-28.36],[145.4,-12.6]],"c":true}]},{"i":{"x":0.667,"y":1},"o":{"x":0.333,"y":0},"t":56,"s":[{"i":[[108.56,0],[7.04,0.117],[1.04,0.609],[-3.04,0.262],[-4.158,-1.131],[-101.2,-0.693],[-5.838,1.554],[-3.68,-0.703],[2.16,-1.101]],"o":[[-6.48,0],[-112,-1.733],[-1.92,-1.171],[4.08,-0.351],[6.72,1.827],[99.2,0.679],[4.4,-1.171],[3.68,0.703],[-3.36,1.687]],"v":[[8.44,-7.387],[-11.88,-7.551],[-146.68,-23.034],[-146.44,-26.735],[-136.04,-24.908],[-3.88,-12.915],[133.08,-22.636],[145.8,-25.54],[145.4,-20.926]],"c":true}]},{"t":108,"s":[{"i":[[108.56,0],[7.04,0.4],[1.04,2.08],[-3.04,0.88],[-4.16,-3.84],[-101.2,-2.32],[-5.84,5.28],[-3.68,-2.4],[2.16,-3.76]],"o":[[-6.48,0],[-112,-5.92],[-1.92,-4],[4.08,-1.2],[6.72,6.24],[99.2,2.32],[4.4,-4],[3.68,2.4],[-3.36,5.76]],"v":[[8.44,33.64],[-11.88,33.08],[-146.68,-19.8],[-146.44,-32.44],[-136.04,-26.2],[-3.88,14.76],[133.08,-18.44],[145.8,-28.36],[145.4,-12.6]],"c":true}]}],"ix":2},"nm":"Path 1","mn":"ADBE Vector Shape - Group","hd":false},{"ty":"fl","c":{"a":0,"k":[1,1,1,1],"ix":4},"o":{"a":0,"k":100,"ix":5},"r":1,"bm":0,"nm":"Fill 1","mn":"ADBE Vector Graphic - Fill","hd":false},{"ty":"tr","p":{"a":0,"k":[242.61,92.61],"ix":2},"a":{"a":0,"k":[0,0],"ix":1},"s":{"a":0,"k":[100,100],"ix":3},"r":{"a":0,"k":0,"ix":6},"o":{"a":0,"k":100,"ix":7},"sk":{"a":0,"k":0,"ix":4},"sa":{"a":0,"k":0,"ix":5},"nm":"Transform"}],"nm":"Group 8","np":2,"cix":2,"bm":0,"ix":8,"mn":"ADBE Vector Group","hd":false},{"ty":"gr","it":[{"ind":0,"ty":"sh","ix":1,"ks":{"a":1,"k":[{"i":{"x":0.667,"y":1},"o":{"x":0.333,"y":0},"t":0,"s":[{"i":[[4.56,0],[-0.4,-17.2],[-5.28,-5.44],[-71.92,-1.04],[-18.56,18.32],[0,4.64],[103.04,2.24]],"o":[[-96.32,0.8],[0.08,4.4],[19.2,20],[71.68,1.2],[6,-5.84],[0,-18.16],[-4.72,0]],"v":[[-7.12,-51],[-144.32,-6.44],[-138.64,5.88],[4.08,47.56],[139.84,11.24],[148.88,-1.16],[6.88,-50.92]],"c":true}]},{"i":{"x":0.667,"y":1},"o":{"x":0.333,"y":0},"t":56,"s":[{"i":[[4.56,0],[-0.4,-5.036],[-5.28,-1.593],[-71.92,-0.305],[-18.56,5.364],[0,1.359],[103.04,0.656]],"o":[[-96.32,0.234],[0.08,1.288],[19.2,5.856],[71.68,0.351],[6,-1.71],[0,-5.317],[-4.72,0]],"v":[[-7.12,-17.573],[-144.32,-4.526],[-138.64,-0.918],[4.08,11.286],[139.84,0.651],[148.88,-2.98],[6.88,-17.55]],"c":true}]},{"t":108,"s":[{"i":[[4.56,0],[-0.4,-17.2],[-5.28,-5.44],[-71.92,-1.04],[-18.56,18.32],[0,4.64],[103.04,2.24]],"o":[[-96.32,0.8],[0.08,4.4],[19.2,20],[71.68,1.2],[6,-5.84],[0,-18.16],[-4.72,0]],"v":[[-7.12,-51],[-144.32,-6.44],[-138.64,5.88],[4.08,47.56],[139.84,11.24],[148.88,-1.16],[6.88,-50.92]],"c":true}]}],"ix":2},"nm":"Path 1","mn":"ADBE Vector Shape - Group","hd":false},{"ind":1,"ty":"sh","ix":2,"ks":{"a":1,"k":[{"i":{"x":0.667,"y":1},"o":{"x":0.333,"y":0},"t":0,"s":[{"i":[[64.64,0],[2,0.08],[29.12,28.16],[0.56,11.04],[-146.96,-0.8],[-0.4,-37.6],[10.8,-10.72]],"o":[[-2,0],[-70.4,-1.04],[-10.4,-10],[-1.04,-18.96],[96.88,0.48],[0.16,11.36],[-27.6,27.12]],"v":[[9.68,71.72],[3.68,71.64],[-156,22.6],[-168.4,-5.4],[0.08,-70.92],[169.28,-2.84],[156.64,28.52]],"c":true}]},{"i":{"x":0.667,"y":1},"o":{"x":0.333,"y":0},"t":56,"s":[{"i":[[64.64,0],[2,0.023],[29.12,8.245],[0.56,3.233],[-146.96,-0.213],[-0.4,-11.009],[10.8,-3.139]],"o":[[-2,0],[-70.4,-0.305],[-10.4,-2.928],[-1.04,-5.552],[96.88,0.141],[0.16,3.326],[-27.6,7.941]],"v":[[9.68,18.36],[3.68,18.336],[-156,3.977],[-168.4,-4.221],[0.08,-23.406],[169.28,-3.472],[156.64,5.711]],"c":true}]},{"t":108,"s":[{"i":[[64.64,0],[2,0.08],[29.12,28.16],[0.56,11.04],[-146.96,-0.8],[-0.4,-37.6],[10.8,-10.72]],"o":[[-2,0],[-70.4,-1.04],[-10.4,-10],[-1.04,-18.96],[96.88,0.48],[0.16,11.36],[-27.6,27.12]],"v":[[9.68,71.72],[3.68,71.64],[-156,22.6],[-168.4,-5.4],[0.08,-70.92],[169.28,-2.84],[156.64,28.52]],"c":true}]}],"ix":2},"nm":"Path 2","mn":"ADBE Vector Shape - Group","hd":false},{"ty":"mm","mm":1,"nm":"Merge Paths 1","mn":"ADBE Vector Filter - Merge","hd":false},{"ty":"fl","c":{"a":0,"k":[0.783999992819,0.783999992819,0.783999992819,1],"ix":4},"o":{"a":0,"k":100,"ix":5},"r":1,"bm":0,"nm":"Fill 1","mn":"ADBE Vector Graphic - Fill","hd":false},{"ty":"tr","p":{"a":0,"k":[239.85,71.97],"ix":2},"a":{"a":0,"k":[0,0],"ix":1},"s":{"a":0,"k":[100,100],"ix":3},"r":{"a":0,"k":0,"ix":6},"o":{"a":0,"k":100,"ix":7},"sk":{"a":0,"k":0,"ix":4},"sa":{"a":0,"k":0,"ix":5},"nm":"Transform"}],"nm":"Group 9","np":4,"cix":2,"bm":0,"ix":9,"mn":"ADBE Vector Group","hd":false},{"ty":"gr","it":[{"ind":0,"ty":"sh","ix":1,"ks":{"a":1,"k":[{"i":{"x":0.667,"y":1},"o":{"x":0.333,"y":0},"t":0,"s":[{"i":[[3.12,-0.32],[0.48,5.84],[0,0],[-30,18],[5.28,103.2],[0.56,1.04],[0,0],[-7.6,-145.84],[90,-53.92]],"o":[[-6,0.56],[-0.64,-7.201],[5.92,-2.16],[84.56,-50.719],[-7.36,-142.32],[0,0],[0.56,1.12],[5.68,109.52],[-32.8,19.681]],"v":[[-95.6,268.44],[-107.92,262.12],[-99.6,254.44],[-33.36,231.799],[86.88,-1.72],[23.12,-253.48],[33.68,-269],[102.88,-2.52],[-22.32,245.799]],"c":true}]},{"i":{"x":0.667,"y":1},"o":{"x":0.333,"y":0},"t":56,"s":[{"i":[[3.12,-0.32],[0.48,5.84],[0,0],[-30,18],[5.28,103.2],[0.56,0.305],[0,0],[-7.6,-145.84],[90,-53.92]],"o":[[-6,0.56],[-0.64,-7.201],[5.92,-2.16],[84.56,-50.719],[-7.36,-142.32],[0,0],[0.56,0.328],[5.68,109.52],[-32.8,19.681]],"v":[[-95.6,268.44],[-107.92,262.12],[-99.6,254.44],[-33.36,231.799],[86.88,-1.72],[22.245,-256.884],[36.055,-265.303],[102.88,-2.52],[-22.32,245.799]],"c":true}]},{"t":108,"s":[{"i":[[3.12,-0.32],[0.48,5.84],[0,0],[-30,18],[5.28,103.2],[0.56,1.04],[0,0],[-7.6,-145.84],[90,-53.92]],"o":[[-6,0.56],[-0.64,-7.201],[5.92,-2.16],[84.56,-50.719],[-7.36,-142.32],[0,0],[0.56,1.12],[5.68,109.52],[-32.8,19.681]],"v":[[-95.6,268.44],[-107.92,262.12],[-99.6,254.44],[-33.36,231.799],[86.88,-1.72],[23.12,-253.48],[33.68,-269],[102.88,-2.52],[-22.32,245.799]],"c":true}]}],"ix":2},"nm":"Path 1","mn":"ADBE Vector Shape - Group","hd":false},{"ty":"fl","c":{"a":0,"k":[0.620000023935,0.620000023935,0.620000023935,1],"ix":4},"o":{"a":0,"k":100,"ix":5},"r":1,"bm":0,"nm":"Fill 1","mn":"ADBE Vector Graphic - Fill","hd":false},{"ty":"tr","p":{"a":0,"k":[373.05,334.13],"ix":2},"a":{"a":0,"k":[0,0],"ix":1},"s":{"a":0,"k":[100,100],"ix":3},"r":{"a":0,"k":0,"ix":6},"o":{"a":0,"k":100,"ix":7},"sk":{"a":0,"k":0,"ix":4},"sa":{"a":0,"k":0,"ix":5},"nm":"Transform"}],"nm":"Group 10","np":2,"cix":2,"bm":0,"ix":10,"mn":"ADBE Vector Group","hd":false},{"ty":"gr","it":[{"ind":0,"ty":"sh","ix":1,"ks":{"a":1,"k":[{"i":{"x":0.667,"y":1},"o":{"x":0.333,"y":0},"t":0,"s":[{"i":[[0,0],[35.2,27.52],[4.16,78.88],[-13.6,55.44],[-0.16,0.48],[-2.4,-1.2],[0,0],[13.6,-55.68],[-2.32,-44.4],[-64.56,-50.479],[-5.68,-2.72],[1.04,-7.28]],"o":[[-2.32,-0.721],[-68.48,-53.6],[-2.48,-46.56],[13.92,-56.48],[0,0],[5.04,2.56],[-3.84,14.24],[-13.36,54.48],[3.92,73.84],[32.8,25.681],[5.68,2.72],[-1.12,7.52]],"v":[[91.6,257.68],[2.24,216.88],[-102.88,25.28],[-72.64,-155.84],[-41.76,-255.04],[-37.12,-260.24],[-37.12,-235.44],[-58.24,-152.08],[-86.8,24.32],[12.16,204.159],[92.32,242.64],[104.32,253.92]],"c":true}]},{"i":{"x":0.667,"y":1},"o":{"x":0.333,"y":0},"t":56,"s":[{"i":[[0,0],[35.2,27.52],[4.16,78.88],[-13.6,55.44],[-0.16,0.141],[-2.625,-0.748],[0.172,-2.645],[13.6,-55.68],[-2.32,-44.4],[-64.56,-50.479],[-5.68,-2.72],[1.04,-7.28]],"o":[[-2.32,-0.721],[-68.48,-53.6],[-2.48,-46.56],[13.92,-56.48],[0,0],[2.625,0.748],[-0.875,13.486],[-13.36,54.48],[3.92,73.84],[32.8,25.681],[5.68,2.72],[-1.12,7.52]],"v":[[91.6,257.68],[2.24,216.88],[-102.88,25.28],[-72.64,-155.84],[-40.01,-257.41],[-36.12,-259.558],[-35.37,-251.671],[-58.24,-152.08],[-86.8,24.32],[12.16,204.159],[92.32,242.64],[104.32,253.92]],"c":true}]},{"t":108,"s":[{"i":[[0,0],[35.2,27.52],[4.16,78.88],[-13.6,55.44],[-0.16,0.48],[-2.4,-1.2],[0,0],[13.6,-55.68],[-2.32,-44.4],[-64.56,-50.479],[-5.68,-2.72],[1.04,-7.28]],"o":[[-2.32,-0.721],[-68.48,-53.6],[-2.48,-46.56],[13.92,-56.48],[0,0],[5.04,2.56],[-3.84,14.24],[-13.36,54.48],[3.92,73.84],[32.8,25.681],[5.68,2.72],[-1.12,7.52]],"v":[[91.6,257.68],[2.24,216.88],[-102.88,25.28],[-72.64,-155.84],[-41.76,-255.04],[-37.12,-260.24],[-37.12,-235.44],[-58.24,-152.08],[-86.8,24.32],[12.16,204.159],[92.32,242.64],[104.32,253.92]],"c":true}]}],"ix":2},"nm":"Path 1","mn":"ADBE Vector Shape - Group","hd":false},{"ty":"fl","c":{"a":0,"k":[0.830999995213,0.830999995213,0.830999995213,1],"ix":4},"o":{"a":0,"k":100,"ix":5},"r":1,"bm":0,"nm":"Fill 1","mn":"ADBE Vector Graphic - Fill","hd":false},{"ty":"tr","p":{"a":0,"k":[105.61,342.89],"ix":2},"a":{"a":0,"k":[0,0],"ix":1},"s":{"a":0,"k":[100,100],"ix":3},"r":{"a":0,"k":0,"ix":6},"o":{"a":0,"k":100,"ix":7},"sk":{"a":0,"k":0,"ix":4},"sa":{"a":0,"k":0,"ix":5},"nm":"Transform"}],"nm":"Group 11","np":2,"cix":2,"bm":0,"ix":11,"mn":"ADBE Vector Group","hd":false},{"ty":"gr","it":[{"ind":0,"ty":"sh","ix":1,"ks":{"a":1,"k":[{"i":{"x":0.667,"y":1},"o":{"x":0.333,"y":0},"t":0,"s":[{"i":[[0,0],[0,0],[0,0],[0,0],[0,0],[0,0],[0,0],[4.24,-84.4],[72.88,-63.12],[0,0],[0,0],[-42.24,-27.439],[0,-15.84],[179.28,2.08],[0,15.841],[-50.56,19.12],[0,0],[0,0],[50.64,48.56],[-7.44,110.8]],"o":[[0,0],[0,0],[0,0],[0,0],[0,0],[0,0],[0,0],[-3.92,79.04],[-54.88,47.44],[0,0],[0,0],[38.08,24.721],[0,15.84],[-179.28,-2.08],[0,-15.839],[47.44,-17.92],[0,0],[0,0],[-31.28,-30],[6.4,-97.2]],"v":[[-163.276,-417.34],[-125.276,-452.14],[-66.236,-471.1],[69.844,-470.06],[132.084,-443.66],[164.804,-413.1],[177.444,-379.34],[229.124,-144.06],[142.644,68.02],[32.964,119.7],[33.444,280.82],[147.844,316.499],[192.244,376.1],[-1.836,471.06],[-191.756,365.539],[-124.236,300.1],[-36.156,280.9],[-35.596,116.579],[-152.716,51.14],[-228.636,-157.74]],"c":true}]},{"i":{"x":0.667,"y":1},"o":{"x":0.333,"y":0},"t":56,"s":[{"i":[[0,0],[0,0],[0,0],[0,0],[0,0],[0,0],[0,0],[4.24,-84.4],[72.88,-63.12],[0,0],[-0.23,-15.285],[-42.241,-9.042],[0,-5.223],[179.28,0.686],[0,5.223],[-50.561,6.297],[0.056,16.757],[0,0],[50.64,48.56],[-7.44,110.8]],"o":[[0,0],[0,0],[0,0],[0,0],[0,0],[0,0],[0,0],[-3.92,79.04],[-54.88,47.44],[0,0],[0.206,13.679],[38.08,8.151],[0,5.223],[-179.28,-0.686],[0,-5.223],[47.44,-5.909],[-0.071,-21.277],[0,0],[-31.28,-30],[6.4,-97.2]],"v":[[-163.276,-413.615],[-125.276,-423.805],[-66.236,-429.356],[69.844,-429.052],[132.084,-421.322],[164.804,-412.373],[169.194,-400.488],[229.124,-144.06],[142.644,68.02],[32.964,119.7],[34.298,318.592],[147.948,357.535],[192.244,378.938],[-1.836,410.249],[-191.756,375.455],[-124.236,353.878],[-35.552,317.513],[-35.596,116.579],[-152.716,51.14],[-228.636,-157.74]],"c":true}]},{"t":108,"s":[{"i":[[0,0],[0,0],[0,0],[0,0],[0,0],[0,0],[0,0],[4.24,-84.4],[72.88,-63.12],[0,0],[0,0],[-42.24,-27.439],[0,-15.84],[179.28,2.08],[0,15.841],[-50.56,19.12],[0,0],[0,0],[50.64,48.56],[-7.44,110.8]],"o":[[0,0],[0,0],[0,0],[0,0],[0,0],[0,0],[0,0],[-3.92,79.04],[-54.88,47.44],[0,0],[0,0],[38.08,24.721],[0,15.84],[-179.28,-2.08],[0,-15.839],[47.44,-17.92],[0,0],[0,0],[-31.28,-30],[6.4,-97.2]],"v":[[-163.276,-417.34],[-125.276,-452.14],[-66.236,-471.1],[69.844,-470.06],[132.084,-443.66],[164.804,-413.1],[177.444,-379.34],[229.124,-144.06],[142.644,68.02],[32.964,119.7],[33.444,280.82],[147.844,316.499],[192.244,376.1],[-1.836,471.06],[-191.756,365.539],[-124.236,300.1],[-36.156,280.9],[-35.596,116.579],[-152.716,51.14],[-228.636,-157.74]],"c":true}]}],"ix":2},"nm":"Path 1","mn":"ADBE Vector Shape - Group","hd":false},{"ty":"fl","c":{"a":0,"k":[0.877999997606,0.877999997606,0.877999997606,1],"ix":4},"o":{"a":0,"k":70,"ix":5},"r":1,"bm":0,"nm":"Fill 1","mn":"ADBE Vector Graphic - Fill","hd":false},{"ty":"tr","p":{"a":0,"k":[238.486,480.31],"ix":2},"a":{"a":0,"k":[0,0],"ix":1},"s":{"a":0,"k":[100,100],"ix":3},"r":{"a":0,"k":0,"ix":6},"o":{"a":0,"k":100,"ix":7},"sk":{"a":0,"k":0,"ix":4},"sa":{"a":0,"k":0,"ix":5},"nm":"Transform"}],"nm":"Group 12","np":2,"cix":2,"bm":0,"ix":12,"mn":"ADBE Vector Group","hd":false},{"ty":"gr","it":[{"ind":0,"ty":"sh","ix":1,"ks":{"a":1,"k":[{"i":{"x":0.667,"y":1},"o":{"x":0.333,"y":0},"t":0,"s":[{"i":[[0,0],[0,0],[0,0],[0,0],[0,0],[4.24,-84.4],[72.88,-63.12],[0,0],[0,0],[-42.16,-27.359],[0,-15.76],[179.28,2.08],[0,15.84],[-50.56,19.12],[0,0],[0,0],[50.64,48.559],[-7.44,110.8]],"o":[[0,0],[0,0],[0,0],[0,0],[0,0],[-3.92,79.04],[-54.88,47.44],[0,0],[0,0],[38.08,24.721],[0,15.84],[-179.28,-2.08],[0,-15.841],[47.44,-17.92],[0,0],[0,0],[-31.28,-30],[6.4,-97.12]],"v":[[-163.275,-444.14],[-67.435,-391.9],[75.925,-387.98],[164.805,-439.98],[177.445,-406.22],[229.125,-170.94],[142.645,41.14],[32.965,92.819],[34.005,254.26],[147.925,284.819],[192.245,349.14],[-1.835,444.1],[-191.755,338.58],[-124.235,273.14],[-35.595,257.3],[-35.595,89.7],[-152.715,24.26],[-228.635,-184.62]],"c":true}]},{"i":{"x":0.667,"y":1},"o":{"x":0.333,"y":0},"t":56,"s":[{"i":[[0,0],[0,0],[0,0],[0,0],[0,0],[4.24,-84.4],[72.88,-63.12],[0,0],[-0.485,-13.421],[-42.159,-9.025],[0,-5.197],[179.28,0.686],[0,5.223],[-50.561,6.298],[0.246,16.668],[0,0],[50.64,48.559],[-7.44,110.8]],"o":[[0,0],[0,0],[0,0],[0,0],[0,0],[-3.92,79.04],[-54.88,47.44],[0,0],[0.485,13.421],[38.08,8.151],[0,5.223],[-179.28,-0.686],[0,-5.223],[47.44,-5.909],[-0.3,-20.332],[0,0],[-31.28,-30],[6.4,-97.12]],"v":[[-163.275,-440.415],[-67.435,-425.119],[75.925,-423.971],[164.805,-439.197],[169.82,-427.187],[229.125,-170.94],[142.645,41.14],[32.965,92.819],[34.153,291.799],[147.925,330.876],[192.245,352.085],[-1.835,383.397],[-191.755,348.603],[-124.235,327.025],[-35.741,291.052],[-35.595,89.7],[-152.715,24.26],[-228.635,-184.62]],"c":true}]},{"t":108,"s":[{"i":[[0,0],[0,0],[0,0],[0,0],[0,0],[4.24,-84.4],[72.88,-63.12],[0,0],[0,0],[-42.16,-27.359],[0,-15.76],[179.28,2.08],[0,15.84],[-50.56,19.12],[0,0],[0,0],[50.64,48.559],[-7.44,110.8]],"o":[[0,0],[0,0],[0,0],[0,0],[0,0],[-3.92,79.04],[-54.88,47.44],[0,0],[0,0],[38.08,24.721],[0,15.84],[-179.28,-2.08],[0,-15.841],[47.44,-17.92],[0,0],[0,0],[-31.28,-30],[6.4,-97.12]],"v":[[-163.275,-444.14],[-67.435,-391.9],[75.925,-387.98],[164.805,-439.98],[177.445,-406.22],[229.125,-170.94],[142.645,41.14],[32.965,92.819],[34.005,254.26],[147.925,284.819],[192.245,349.14],[-1.835,444.1],[-191.755,338.58],[-124.235,273.14],[-35.595,257.3],[-35.595,89.7],[-152.715,24.26],[-228.635,-184.62]],"c":true}]}],"ix":2},"nm":"Path 1","mn":"ADBE Vector Shape - Group","hd":false},{"ty":"fl","c":{"a":0,"k":[1,1,1,1],"ix":4},"o":{"a":0,"k":50,"ix":5},"r":1,"bm":0,"nm":"Fill 1","mn":"ADBE Vector Graphic - Fill","hd":false},{"ty":"tr","p":{"a":0,"k":[238.485,507.11],"ix":2},"a":{"a":0,"k":[0,0],"ix":1},"s":{"a":0,"k":[100,100],"ix":3},"r":{"a":0,"k":0,"ix":6},"o":{"a":0,"k":100,"ix":7},"sk":{"a":0,"k":0,"ix":4},"sa":{"a":0,"k":0,"ix":5},"nm":"Transform"}],"nm":"Group 13","np":2,"cix":2,"bm":0,"ix":13,"mn":"ADBE Vector Group","hd":false}],"ip":0,"op":158,"st":0,"bm":0}],"markers":[{"tm":0,"cm":"rest","dr":0}]}