{"v":"5.8.1","fr":60,"ip":0,"op":216,"w":1024,"h":1024,"nm":"emoji_dotted line face","ddd":0,"assets":[],"layers":[{"ddd":0,"ind":1,"ty":3,"nm":"Null ALL","sr":1,"ks":{"o":{"a":0,"k":0,"ix":11},"r":{"a":0,"k":0,"ix":10},"p":{"s":true,"x":{"a":0,"k":509,"ix":3},"y":{"a":0,"k":503,"ix":4}},"a":{"a":0,"k":[0,0,0],"ix":1,"l":2},"s":{"a":0,"k":[100,100,100],"ix":6,"l":2}},"ao":0,"ip":0,"op":216,"st":0,"bm":0},{"ddd":0,"ind":2,"ty":1,"nm":"Null FACE","parent":1,"sr":1,"ks":{"o":{"a":0,"k":0,"ix":11},"r":{"a":0,"k":0,"ix":10},"p":{"s":true,"x":{"a":0,"k":0,"ix":3},"y":{"a":0,"k":0,"ix":4}},"a":{"a":0,"k":[0,0,0],"ix":1,"l":2},"s":{"a":0,"k":[100,100,100],"ix":6,"l":2}},"ao":0,"sw":100,"sh":100,"sc":"#ffffff","ip":0,"op":216,"st":0,"bm":0},{"ddd":0,"ind":3,"ty":4,"nm":"face","parent":2,"sr":1,"ks":{"o":{"a":0,"k":100,"ix":11},"r":{"a":0,"k":0,"ix":10},"p":{"a":0,"k":[1.76,32.76,0],"ix":2,"l":2},"a":{"a":0,"k":[217.65,168.49,0],"ix":1,"l":2},"s":{"a":0,"k":[100,100,100],"ix":6,"l":2}},"ao":0,"shapes":[{"ty":"gr","it":[{"ind":0,"ty":"sh","ix":1,"ks":{"a":0,"k":{"i":[[8.32,5.76],[0,0],[8,-11.52],[-8.24,-5.76],[-8,11.52]],"o":[[0,0],[-8.24,-5.76],[-8,11.6],[8.24,5.76],[8.08,-11.6]],"v":[[12.84,-18.56],[12.84,-18.56],[-15.8,-10.96],[-12.92,18.56],[15.72,10.96]],"c":true},"ix":2},"nm":"Path 1","mn":"ADBE Vector Shape - Group","hd":false},{"ty":"fl","c":{"a":0,"k":[1,1,1,1],"ix":4},"o":{"a":0,"k":100,"ix":5},"r":1,"bm":0,"nm":"Fill 1","mn":"ADBE Vector Graphic - Fill","hd":false},{"ty":"tr","p":{"a":0,"k":[355.09,50.25],"ix":2},"a":{"a":0,"k":[0,0],"ix":1},"s":{"a":0,"k":[100,100],"ix":3},"r":{"a":0,"k":0,"ix":6},"o":{"a":0,"k":100,"ix":7},"sk":{"a":0,"k":0,"ix":4},"sa":{"a":0,"k":0,"ix":5},"nm":"Transform"}],"nm":"Group 1","np":2,"cix":2,"bm":0,"ix":1,"mn":"ADBE Vector Group","hd":false},{"ty":"gr","it":[{"ind":0,"ty":"sh","ix":1,"ks":{"a":0,"k":{"i":[[8.24,5.76],[0,0],[8,-11.52],[-8.24,-5.76],[-8,11.52]],"o":[[0,0],[-8.24,-5.76],[-8,11.6],[8.24,5.76],[8,-11.6]],"v":[[12.88,-18.56],[12.88,-18.56],[-15.76,-10.96],[-12.88,18.56],[15.76,10.96]],"c":true},"ix":2},"nm":"Path 1","mn":"ADBE Vector Shape - Group","hd":false},{"ty":"fl","c":{"a":0,"k":[1,1,1,1],"ix":4},"o":{"a":0,"k":100,"ix":5},"r":1,"bm":0,"nm":"Fill 1","mn":"ADBE Vector Graphic - Fill","hd":false},{"ty":"tr","p":{"a":0,"k":[48.25,50.25],"ix":2},"a":{"a":0,"k":[0,0],"ix":1},"s":{"a":0,"k":[100,100],"ix":3},"r":{"a":0,"k":0,"ix":6},"o":{"a":0,"k":100,"ix":7},"sk":{"a":0,"k":0,"ix":4},"sa":{"a":0,"k":0,"ix":5},"nm":"Transform"}],"nm":"Group 2","np":2,"cix":2,"bm":0,"ix":2,"mn":"ADBE Vector Group","hd":false},{"ty":"gr","it":[{"ind":0,"ty":"sh","ix":1,"ks":{"a":0,"k":{"i":[[33.52,0],[0,0],[0,-47.04],[-33.52,0],[0,47.04]],"o":[[0,0],[-33.52,0],[0,47.04],[33.52,0],[0,-47.04]],"v":[[0,-75.36],[0,-75.36],[-64,0],[0,75.36],[64,0]],"c":true},"ix":2},"nm":"Path 1","mn":"ADBE Vector Shape - Group","hd":false},{"ty":"fl","c":{"a":0,"k":[0.686274528503,0.388235330582,0,1],"ix":4},"o":{"a":0,"k":100,"ix":5},"r":1,"bm":0,"nm":"Fill 1","mn":"ADBE Vector Graphic - Fill","hd":false},{"ty":"tr","p":{"a":0,"k":[371.05,75.61],"ix":2},"a":{"a":0,"k":[0,0],"ix":1},"s":{"a":0,"k":[100,100],"ix":3},"r":{"a":0,"k":0,"ix":6},"o":{"a":0,"k":100,"ix":7},"sk":{"a":0,"k":0,"ix":4},"sa":{"a":0,"k":0,"ix":5},"nm":"Transform"}],"nm":"Group 3","np":2,"cix":2,"bm":0,"ix":3,"mn":"ADBE Vector Group","hd":false},{"ty":"gr","it":[{"ind":0,"ty":"sh","ix":1,"ks":{"a":0,"k":{"i":[[33.52,0],[0,0],[0,-47.04],[-33.52,0],[0,47.04]],"o":[[0,0],[-33.52,0],[0,47.04],[33.52,0],[0,-47.04]],"v":[[0,-75.36],[0,-75.36],[-64,0],[0,75.36],[64,0]],"c":true},"ix":2},"nm":"Path 1","mn":"ADBE Vector Shape - Group","hd":false},{"ty":"fl","c":{"a":0,"k":[0.686274528503,0.388235330582,0,1],"ix":4},"o":{"a":0,"k":100,"ix":5},"r":1,"bm":0,"nm":"Fill 1","mn":"ADBE Vector Graphic - Fill","hd":false},{"ty":"tr","p":{"a":0,"k":[64.25,75.61],"ix":2},"a":{"a":0,"k":[0,0],"ix":1},"s":{"a":0,"k":[100,100],"ix":3},"r":{"a":0,"k":0,"ix":6},"o":{"a":0,"k":100,"ix":7},"sk":{"a":0,"k":0,"ix":4},"sa":{"a":0,"k":0,"ix":5},"nm":"Transform"}],"nm":"Group 4","np":2,"cix":2,"bm":0,"ix":4,"mn":"ADBE Vector Group","hd":false},{"ty":"gr","it":[{"ind":0,"ty":"sh","ix":1,"ks":{"a":0,"k":{"i":[[17.68,0],[0,0],[0,17.68],[-17.68,0],[0,0],[0,-17.68]],"o":[[0,0],[-17.68,0],[0,-17.68],[0,0],[17.68,0],[0,17.68]],"v":[[120,32],[-120,32],[-152,0],[-120,-32],[120,-32],[152,0]],"c":true},"ix":2},"nm":"Path 1","mn":"ADBE Vector Shape - Group","hd":false},{"ty":"fl","c":{"a":0,"k":[0.509803950787,0.243137270212,0,1],"ix":4},"o":{"a":0,"k":100,"ix":5},"r":1,"bm":0,"nm":"Fill 1","mn":"ADBE Vector Graphic - Fill","hd":false},{"ty":"tr","p":{"a":0,"k":[218.89,304.73],"ix":2},"a":{"a":0,"k":[0,0],"ix":1},"s":{"a":0,"k":[100,100],"ix":3},"r":{"a":0,"k":0,"ix":6},"o":{"a":0,"k":100,"ix":7},"sk":{"a":0,"k":0,"ix":4},"sa":{"a":0,"k":0,"ix":5},"nm":"Transform"}],"nm":"Group 5","np":2,"cix":2,"bm":0,"ix":5,"mn":"ADBE Vector Group","hd":false}],"ip":0,"op":216,"st":0,"bm":0},{"ddd":0,"ind":4,"ty":4,"nm":"dot line mask","parent":2,"td":1,"sr":1,"ks":{"o":{"a":0,"k":100,"ix":11},"r":{"a":1,"k":[{"i":{"x":[0.833],"y":[0.833]},"o":{"x":[0.167],"y":[0.167]},"t":0,"s":[0]},{"i":{"x":[0.833],"y":[0.833]},"o":{"x":[0.167],"y":[0.167]},"t":208,"s":[94]},{"t":358,"s":[360]}],"ix":10},"p":{"a":0,"k":[-1.525,0.201,0],"ix":2,"l":2},"a":{"a":0,"k":[490.051,474.246,0],"ix":1,"l":2},"s":{"a":0,"k":[100,100,100],"ix":6,"l":2}},"ao":0,"shapes":[{"ty":"gr","it":[{"ind":0,"ty":"sh","ix":1,"ks":{"a":0,"k":{"i":[[0,0],[-3.039,34.889],[0,0],[0,8.192],[0.905,8.486],[0,0],[9.578,31.569],[0,0],[8.363,14.453],[0,0],[23.024,24.221],[0,0],[13.204,9.86],[0,0],[32.15,12.587],[0,0],[16.895,3.704],[0,0],[35.214,0],[0.45,-0.001],[0,0],[16.611,-3.705],[0,0],[23.865,-7.943],[8.12,-3.157],[0,0],[13.513,-10.172],[0,0],[13.234,-11.048],[11.217,-11.763],[0,0],[8.162,-14.361],[0,0],[5.229,-11.324],[6.243,-21.267],[0,0],[1.687,-16.856],[0,0],[0,-16.845],[-1.553,-17.218],[0,0],[-5.057,-15.577],[0,0],[-8.666,-18.769],[-6.876,-11.763],[0,0],[-10.719,-12.084],[0,0],[-12.095,-10.097],[-15.124,-9.847],[0,0],[-15.522,-7.118],[0,0],[-7.822,-2.603],[-25.388,-4.635],[0,0],[-17.789,0],[-0.366,0.001],[0,0],[-33.026,6.235],[0,0],[-15.334,7.099],[0,0],[-28.182,18.791],[0,0],[-10.899,12.399],[0,0],[-16.707,29.103],[0,0],[-5.103,16.037]],"o":[[9.469,-31.701],[0,0],[0.798,-7.981],[0,-8.727],[0,0],[-3.21,-34.776],[0,0],[-5.245,-16.151],[0,0],[-16.647,-28.556],[0,0],[-10.918,-12.309],[0,0],[-28.217,-18.61],[0,0],[-15.361,-7.044],[0,0],[-33.406,-6.12],[-0.451,0],[0,0],[-17.71,0.079],[0,0],[-24.797,4.608],[-8.379,2.789],[0,0],[-15.512,7.181],[0,0],[-14.555,9.56],[-12.673,10.58],[0,0],[-10.834,12.325],[0,0],[-6.137,10.722],[-9.062,19.623],[0,0],[-4.979,15.65],[0,0],[-1.367,16.2],[0,17.953],[0,0],[1.79,16.787],[0,0],[6.089,20.275],[5.771,12.497],[0,0],[8.139,14.069],[0,0],[10.771,11.177],[13.709,11.446],[0,0],[13.536,10.109],[0,0],[7.597,2.926],[24.415,8.127],[0,0],[16.691,3.659],[0.367,0],[0,0],[34.74,-0.178],[0,0],[16.873,-3.765],[0,0],[32.012,-12.763],[0,0],[13.209,-9.943],[0,0],[23.295,-24.673],[0,0],[8.174,-14.385],[0,0]],"v":[[470.996,149.405],[489.802,49.413],[241.562,24.277],[242.773,0.008],[241.392,-25.819],[489.542,-52.577],[470.313,-152.198],[231.027,-74.449],[210.527,-120.459],[429.269,-246.75],[368.69,-327.06],[182.141,-159.772],[145.87,-193.134],[289.971,-391.944],[199.171,-438.828],[103.199,-219.071],[53.684,-235.288],[100.288,-464.733],[1.062,-473.996],[-0.287,-473.983],[0.775,-240.878],[-50.801,-235.1],[-102.204,-464.535],[-175.264,-445.717],[-199.999,-436.775],[-99.212,-218.703],[-143.887,-192.575],[-291.216,-389.98],[-332.937,-359.08],[-368.775,-325.548],[-180.142,-158.961],[-207.706,-118.838],[-429.257,-243.445],[-446.318,-211.404],[-469.28,-150.036],[-227.717,-73.107],[-237.816,-24.262],[-487.746,-49.568],[-489.802,0.008],[-487.46,51.744],[-237.647,25.835],[-227.28,74.465],[-467.42,150.768],[-446.318,211.42],[-427.342,243.705],[-206.78,120.474],[-178.394,159.788],[-367.242,326.144],[-332.937,359.095],[-289.655,391.032],[-142.124,193.15],[-98.426,219.086],[-198.387,437.426],[-175.264,445.731],[-100.491,464.878],[-49.939,235.303],[1.874,240.908],[2.97,240.894],[3.005,473.996],[103.839,464.301],[54.547,235.116],[102.958,218.719],[202.385,436.07],[291.896,389.678],[146.605,192.591],[182.86,158.976],[370.804,324.055],[430.859,243.272],[211.453,118.853],[231.463,73.123]],"c":true},"ix":2},"nm":"Path 1","mn":"ADBE Vector Shape - Group","hd":false},{"ty":"fl","c":{"a":0,"k":[1,0.532999973671,0.536999990426,1],"ix":4},"o":{"a":0,"k":100,"ix":5},"r":1,"bm":0,"nm":"Fill 1","mn":"ADBE Vector Graphic - Fill","hd":false},{"ty":"tr","p":{"a":0,"k":[490.051,474.246],"ix":2},"a":{"a":0,"k":[0,0],"ix":1},"s":{"a":0,"k":[100,100],"ix":3},"r":{"a":1,"k":[{"i":{"x":[0.498],"y":[1]},"o":{"x":[0.469],"y":[0]},"t":0,"s":[-12]},{"i":{"x":[0.498],"y":[1]},"o":{"x":[0.167],"y":[0]},"t":78,"s":[0]},{"i":{"x":[0.833],"y":[1]},"o":{"x":[0.167],"y":[0]},"t":150,"s":[0]},{"t":200,"s":[12]}],"ix":6},"o":{"a":0,"k":100,"ix":7},"sk":{"a":0,"k":0,"ix":4},"sa":{"a":0,"k":0,"ix":5},"nm":"Transform"}],"nm":"Group 2","np":2,"cix":2,"bm":0,"ix":1,"mn":"ADBE Vector Group","hd":false},{"ty":"gr","it":[{"ind":0,"ty":"sh","ix":1,"ks":{"a":0,"k":{"i":[[0,0],[-3.039,34.889],[0,0],[0,8.192],[0.905,8.486],[0,0],[9.578,31.569],[0,0],[8.363,14.453],[0,0],[23.024,24.221],[0,0],[13.204,9.86],[0,0],[32.15,12.587],[0,0],[16.895,3.704],[0,0],[35.214,0],[0.45,-0.001],[0,0],[16.611,-3.705],[0,0],[23.865,-7.943],[8.12,-3.157],[0,0],[13.513,-10.172],[0,0],[13.234,-11.048],[11.217,-11.763],[0,0],[8.162,-14.361],[0,0],[5.229,-11.324],[6.243,-21.267],[0,0],[1.687,-16.856],[0,0],[0,-16.845],[-1.553,-17.218],[0,0],[-5.057,-15.577],[0,0],[-8.666,-18.769],[-6.876,-11.763],[0,0],[-10.719,-12.084],[0,0],[-12.095,-10.097],[-15.124,-9.847],[0,0],[-15.522,-7.118],[0,0],[-7.822,-2.603],[-25.388,-4.635],[0,0],[-17.789,0],[-0.366,0.001],[0,0],[-33.026,6.235],[0,0],[-15.334,7.099],[0,0],[-28.182,18.791],[0,0],[-10.899,12.399],[0,0],[-16.707,29.103],[0,0],[-5.103,16.037]],"o":[[9.469,-31.701],[0,0],[0.798,-7.981],[0,-8.727],[0,0],[-3.21,-34.776],[0,0],[-5.245,-16.151],[0,0],[-16.647,-28.556],[0,0],[-10.918,-12.309],[0,0],[-28.217,-18.61],[0,0],[-15.361,-7.044],[0,0],[-33.406,-6.12],[-0.451,0],[0,0],[-17.71,0.079],[0,0],[-24.797,4.608],[-8.379,2.789],[0,0],[-15.512,7.181],[0,0],[-14.555,9.56],[-12.673,10.58],[0,0],[-10.834,12.325],[0,0],[-6.137,10.722],[-9.062,19.623],[0,0],[-4.979,15.65],[0,0],[-1.367,16.2],[0,17.953],[0,0],[1.79,16.787],[0,0],[6.089,20.275],[5.771,12.497],[0,0],[8.139,14.069],[0,0],[10.771,11.177],[13.709,11.446],[0,0],[13.536,10.109],[0,0],[7.597,2.926],[24.415,8.127],[0,0],[16.691,3.659],[0.367,0],[0,0],[34.74,-0.178],[0,0],[16.873,-3.765],[0,0],[32.012,-12.763],[0,0],[13.209,-9.943],[0,0],[23.295,-24.673],[0,0],[8.174,-14.385],[0,0]],"v":[[470.996,149.405],[489.802,49.413],[241.562,24.277],[242.773,0.008],[241.392,-25.819],[489.542,-52.577],[470.313,-152.198],[231.027,-74.449],[210.527,-120.459],[429.269,-246.75],[368.69,-327.06],[182.141,-159.772],[145.87,-193.134],[289.971,-391.944],[199.171,-438.828],[103.199,-219.071],[53.684,-235.288],[100.288,-464.733],[1.062,-473.996],[-0.287,-473.983],[0.775,-240.878],[-50.801,-235.1],[-102.204,-464.535],[-175.264,-445.717],[-199.999,-436.775],[-99.212,-218.703],[-143.887,-192.575],[-291.216,-389.98],[-332.937,-359.08],[-368.775,-325.548],[-180.142,-158.961],[-207.706,-118.838],[-429.257,-243.445],[-446.318,-211.404],[-469.28,-150.036],[-227.717,-73.107],[-237.816,-24.262],[-487.746,-49.568],[-489.802,0.008],[-487.46,51.744],[-237.647,25.835],[-227.28,74.465],[-467.42,150.768],[-446.318,211.42],[-427.342,243.705],[-206.78,120.474],[-178.394,159.788],[-367.242,326.144],[-332.937,359.095],[-289.655,391.032],[-142.124,193.15],[-98.426,219.086],[-198.387,437.426],[-175.264,445.731],[-100.491,464.878],[-49.939,235.303],[1.874,240.908],[2.97,240.894],[3.005,473.996],[103.839,464.301],[54.547,235.116],[102.958,218.719],[202.385,436.07],[291.896,389.678],[146.605,192.591],[182.86,158.976],[370.804,324.055],[430.859,243.272],[211.453,118.853],[231.463,73.123]],"c":true},"ix":2},"nm":"Path 1","mn":"ADBE Vector Shape - Group","hd":false},{"ty":"fl","c":{"a":0,"k":[1,0.532999973671,0.536999990426,1],"ix":4},"o":{"a":0,"k":100,"ix":5},"r":1,"bm":0,"nm":"Fill 1","mn":"ADBE Vector Graphic - Fill","hd":false},{"ty":"tr","p":{"a":0,"k":[490.051,474.246],"ix":2},"a":{"a":0,"k":[0,0],"ix":1},"s":{"a":0,"k":[100,100],"ix":3},"r":{"a":0,"k":0,"ix":6},"o":{"a":0,"k":100,"ix":7},"sk":{"a":0,"k":0,"ix":4},"sa":{"a":0,"k":0,"ix":5},"nm":"Transform"}],"nm":"Group 1","np":2,"cix":2,"bm":0,"ix":2,"mn":"ADBE Vector Group","hd":false}],"ip":0,"op":204,"st":0,"bm":0},{"ddd":0,"ind":5,"ty":4,"nm":"dot line","parent":2,"tt":2,"sr":1,"ks":{"o":{"a":0,"k":100,"ix":11},"r":{"a":0,"k":0,"ix":10},"p":{"a":0,"k":[-0.24,0.209,0],"ix":2,"l":2},"a":{"a":0,"k":[464.21,447.769,0],"ix":1,"l":2},"s":{"a":0,"k":[100,100,100],"ix":6,"l":2}},"ao":0,"shapes":[{"ty":"gr","it":[{"ty":"gr","it":[{"ind":0,"ty":"sh","ix":1,"ks":{"a":0,"k":{"i":[[53.287,-17.717],[42.673,-35.584],[24.989,-54.054],[0,-73.451],[-27.272,-58.993],[-46.121,-38.461],[-56.217,-18.69],[-57.306,0],[-85.274,74.884],[0,135.058],[92.108,81.771],[123.746,0]],"o":[[-56.217,18.691],[-46.122,38.462],[-27.272,58.994],[0,73.451],[24.989,54.053],[42.673,35.584],[53.285,17.716],[123.157,0],[92.091,-81.757],[0,-135.584],[-84.668,-74.353],[-57.302,0]],"v":[[-166.663,-420.821],[-315.693,-339.025],[-422.859,-199.6],[-463.96,0],[-422.859,199.6],[-315.693,339.025],[-166.663,420.82],[0.001,447.519],[323.193,331.419],[463.96,0],[323.193,-332.219],[0.001,-447.52]],"c":true},"ix":2},"nm":"Path 2","mn":"ADBE Vector Shape - Group","hd":false},{"ind":1,"ty":"sh","ix":2,"ks":{"a":0,"k":{"i":[[50.826,16.899],[40.351,33.649],[23.487,50.807],[0,69.966],[-25.808,55.826],[-43.372,36.168],[-53.346,17.736],[-54.71,0],[-80.223,-70.45],[0,-128.554],[86.777,-77.038],[117.298,0]],"o":[[-53.345,-17.737],[-43.371,-36.167],[-25.808,-55.826],[0,-69.964],[23.487,-50.807],[40.351,-33.649],[50.828,-16.899],[117.886,0],[86.793,77.053],[0,128.029],[-80.828,70.98],[-54.713,0]],"v":[[-159.05,398.089],[-300.255,320.649],[-401.013,189.574],[-439.908,0],[-401.013,-189.574],[-300.255,-320.649],[-159.048,-398.089],[0.001,-423.556],[307.24,-314.285],[439.908,0],[307.24,313.484],[0.001,423.556]],"c":true},"ix":2},"nm":"Path 3","mn":"ADBE Vector Shape - Group","hd":false},{"ty":"tr","p":{"a":0,"k":[0,0],"ix":2},"a":{"a":0,"k":[0,0],"ix":1},"s":{"a":0,"k":[100,100],"ix":3},"r":{"a":0,"k":0,"ix":6},"o":{"a":0,"k":100,"ix":7},"sk":{"a":0,"k":0,"ix":4},"sa":{"a":0,"k":0,"ix":5},"nm":"Transform"}],"nm":"Group 1","np":2,"cix":2,"bm":0,"ix":1,"mn":"ADBE Vector Group","hd":false},{"ty":"gf","o":{"a":0,"k":100,"ix":10},"r":1,"bm":0,"g":{"p":3,"k":{"a":0,"k":[0,0.922,0.561,0,0.5,0.961,0.698,0.155,1,1,0.835,0.31],"ix":9}},"s":{"a":0,"k":[4,460],"ix":5},"e":{"a":0,"k":[2,-458],"ix":6},"t":1,"nm":"Gradient Fill 1","mn":"ADBE Vector Graphic - G-Fill","hd":false},{"ty":"tr","p":{"a":0,"k":[464.21,447.77],"ix":2},"a":{"a":0,"k":[0,0],"ix":1},"s":{"a":0,"k":[100,100],"ix":3},"r":{"a":0,"k":0,"ix":6},"o":{"a":0,"k":100,"ix":7},"sk":{"a":0,"k":0,"ix":4},"sa":{"a":0,"k":0,"ix":5},"nm":"Transform"}],"nm":"Group 1","np":2,"cix":2,"bm":0,"ix":1,"mn":"ADBE Vector Group","hd":false}],"ip":13,"op":198,"st":0,"bm":0}],"markers":[{"tm":106,"cm":"rest","dr":0}]}