{"v":"5.8.1","fr":60,"ip":0,"op":72,"w":1024,"h":1024,"nm":"emoji_shooting-star ok","ddd":0,"assets":[{"id":"comp_0","nm":"emoji_shooting-star","fr":60,"layers":[{"ddd":0,"ind":1,"ty":3,"nm":"Null ALL","sr":1,"ks":{"o":{"a":0,"k":0,"ix":11},"r":{"a":0,"k":0,"ix":10},"p":{"a":0,"k":[512,496,0],"ix":2,"l":2},"a":{"a":0,"k":[0,0,0],"ix":1,"l":2},"s":{"a":1,"k":[{"i":{"x":[0.833,0.833,0.833],"y":[0.833,0.833,-1.083]},"o":{"x":[0.333,0.333,0.333],"y":[0,0,0]},"t":0,"s":[100,100,100]},{"i":{"x":[0.667,0.667,0.667],"y":[1,1,1]},"o":{"x":[0.167,0.167,0.167],"y":[0.167,0.167,-2.083]},"t":36,"s":[90,90,100]},{"t":72,"s":[100,100,100]}],"ix":6,"l":2}},"ao":0,"ip":0,"op":72,"st":0,"bm":0},{"ddd":0,"ind":2,"ty":3,"nm":"Null Star","parent":1,"sr":1,"ks":{"o":{"a":0,"k":0,"ix":11},"r":{"a":1,"k":[{"i":{"x":[0.833],"y":[0.833]},"o":{"x":[1],"y":[0]},"t":0,"s":[0]},{"i":{"x":[0.156],"y":[1]},"o":{"x":[0.167],"y":[0.167]},"t":36,"s":[14]},{"t":72,"s":[0]}],"ix":10},"p":{"a":1,"k":[{"i":{"x":0.833,"y":0.833},"o":{"x":0.81,"y":0.625},"t":0,"s":[-83.5,123,0],"to":[-136.5,-127,0],"ti":[-73.502,73.002,0]},{"i":{"x":0.833,"y":0.833},"o":{"x":0.167,"y":0.167},"t":25,"s":[-321.502,-338.998,0],"to":[73.502,-73.002,0],"ti":[-195.5,-189,0]},{"i":{"x":0.833,"y":0.833},"o":{"x":0.167,"y":0.167},"t":36,"s":[144.5,-185,0],"to":[195.5,189,0],"ti":[82.498,-54.998,0]},{"i":{"x":0.485,"y":0.523},"o":{"x":0.167,"y":0.167},"t":47,"s":[314.498,293.002,0],"to":[-82.498,54.998,0],"ti":[151.5,137,0]},{"t":72,"s":[-83.5,123,0]}],"ix":2,"l":2},"a":{"a":0,"k":[0,0,0],"ix":1,"l":2},"s":{"a":1,"k":[{"i":{"x":[0.613,0.613,0.667],"y":[1,1,1]},"o":{"x":[0.493,0.493,0.333],"y":[0,0,0]},"t":0,"s":[100,100,100]},{"i":{"x":[0.478,0.478,0.667],"y":[1,1,1]},"o":{"x":[0.404,0.404,0.333],"y":[0,0,0]},"t":36,"s":[50,50,100]},{"t":72,"s":[100,100,100]}],"ix":6,"l":2}},"ao":0,"ip":0,"op":72,"st":0,"bm":0},{"ddd":0,"ind":3,"ty":0,"nm":"STAR_SPIN 4 w/shine","parent":2,"refId":"comp_1","sr":1,"ks":{"o":{"a":0,"k":100,"ix":11},"r":{"a":0,"k":25.9,"ix":10},"p":{"a":0,"k":[0,0,0],"ix":2,"l":2},"a":{"a":0,"k":[340,340,0],"ix":1,"l":2},"s":{"a":0,"k":[100,100,100],"ix":6,"l":2}},"ao":0,"tm":{"a":1,"k":[{"i":{"x":[0.923],"y":[0.38]},"o":{"x":[0.491],"y":[0]},"t":0,"s":[0]},{"i":{"x":[0.667],"y":[1]},"o":{"x":[0.187],"y":[0.661]},"t":25,"s":[0.333]},{"i":{"x":[0.886],"y":[0.712]},"o":{"x":[0.333],"y":[0]},"t":36,"s":[0.667]},{"i":{"x":[0.422],"y":[1]},"o":{"x":[0.065],"y":[0.429]},"t":46,"s":[1]},{"t":72,"s":[1.333]}],"ix":2},"w":680,"h":680,"ip":0,"op":72,"st":0,"bm":0},{"ddd":0,"ind":4,"ty":0,"nm":"TRAIL SPIN 2","parent":1,"refId":"comp_2","sr":1,"ks":{"o":{"a":0,"k":100,"ix":11},"r":{"a":0,"k":0,"ix":10},"p":{"a":0,"k":[0,0,0],"ix":2,"l":2},"a":{"a":0,"k":[512,512,0],"ix":1,"l":2},"s":{"a":0,"k":[100,100,100],"ix":6,"l":2}},"ao":0,"tm":{"a":1,"k":[{"i":{"x":[0.641],"y":[0.442]},"o":{"x":[0.416],"y":[0.353]},"t":0,"s":[0]},{"i":{"x":[0.605],"y":[0.608]},"o":{"x":[0.37],"y":[0.354]},"t":19,"s":[0.142]},{"i":{"x":[0.537],"y":[0.568]},"o":{"x":[0.275],"y":[0.488]},"t":47,"s":[0.481]},{"t":72,"s":[0.65]}],"ix":2},"w":1024,"h":1024,"ip":0,"op":72,"st":0,"bm":0}]},{"id":"comp_1","nm":"STAR_SPIN 4 w/shine","fr":60,"layers":[{"ddd":0,"ind":1,"ty":4,"nm":"STAR matte","td":1,"sr":1,"ks":{"o":{"a":0,"k":100,"ix":11},"r":{"a":0,"k":0,"ix":10},"p":{"a":0,"k":[340.517,341.272,0],"ix":2,"l":2},"a":{"a":0,"k":[0.505,0.393,0],"ix":1,"l":2},"s":{"a":0,"k":[100,100,100],"ix":6,"l":2}},"ao":0,"shapes":[{"ty":"gr","it":[{"ind":0,"ty":"sh","ix":1,"ks":{"a":1,"k":[{"i":{"x":0.833,"y":0.833},"o":{"x":0.167,"y":0.167},"t":0,"s":[{"i":[[-7.923,-15.985],[0,0],[-12.259,-1.083],[0,0],[12.821,-12.435],[0,0],[-2.603,-12.162],[0,0],[15.854,8.32],[0,0],[10.525,-6.166],[0,0],[-3.011,17.638],[0,0],[9.561,7.991],[0,0],[-17.707,2.534],[0,0],[-4.935,11.281],[0,0]],"o":[[0,0],[4.905,11.225],[0,0],[17.679,2.546],[0,0],[-9.546,8.003],[0,0],[3.036,17.642],[0,0],[-10.515,-6.107],[0,0],[-15.811,8.282],[0,0],[2.621,-12.204],[0,0],[-12.797,-12.468],[0,0],[12.251,-1.135],[0,0],[7.892,-16.003]],"v":[[19.232,-262.525],[83.595,-115.919],[111.433,-95.892],[268.082,-81.915],[280.038,-45.127],[162.05,54.085],[150.763,86.933],[185.076,247.476],[153.771,270.199],[17.053,190.207],[-16.974,190.247],[-153.686,270.262],[-184.995,247.473],[-150.754,86.963],[-162.044,54.119],[-280.063,-44.89],[-268.118,-81.701],[-111.477,-95.812],[-83.676,-115.859],[-19.445,-262.542]],"c":true}]},{"i":{"x":0.833,"y":0.833},"o":{"x":0.167,"y":0.167},"t":20,"s":[{"i":[[-3.22,-15.895],[-1.028,-4.291],[-1.8,-3.341],[-1.165,-8.553],[0.015,-14.269],[1.028,-19.965],[-0.578,-12.162],[3.488,-13.286],[10.873,0],[0,0],[2.336,-6.166],[25.092,0],[4.04,14.647],[2.558,86.158],[0.661,9.499],[0.993,23.02],[-2.27,11.702],[-1.075,2.136],[-2.079,8.731],[-5.42,18.594]],"o":[[3.22,15.895],[1.438,6],[1.384,2.568],[1.27,9.321],[-0.022,20.246],[-0.723,14.051],[0,0],[-3.582,13.644],[-26.135,0],[-2.333,-6.107],[0,0],[-10.941,0],[-4.038,-14.639],[-0.321,-10.806],[-0.661,-9.499],[-0.694,-16.071],[1.476,-7.607],[1.075,-2.136],[16.557,-69.541],[5.053,-17.337]],"v":[[16.393,-262.525],[49.551,-106.88],[55.038,-96.199],[59.718,-81.701],[61.635,-47.125],[57.21,54.085],[55.706,86.933],[45.82,247.476],[21.623,270.278],[-26.216,190.207],[26.233,190.247],[-20.604,270.404],[-44.052,247.473],[-54.82,86.963],[-56.351,54.119],[-61.005,-44.9],[-58.488,-81.666],[-52.837,-95.993],[-49.069,-107.839],[-15.065,-262.542]],"c":true}]},{"i":{"x":0.833,"y":0.833},"o":{"x":0.167,"y":0.167},"t":40,"s":[{"i":[[-7.923,-15.985],[0,0],[-12.259,-1.083],[0,0],[12.821,-12.435],[0,0],[-2.603,-12.162],[0,0],[15.854,8.32],[0,0],[10.525,-6.166],[0,0],[-3.011,17.638],[0,0],[9.561,7.991],[0,0],[-17.707,2.534],[0,0],[-4.935,11.281],[0,0]],"o":[[0,0],[4.905,11.225],[0,0],[17.679,2.546],[0,0],[-9.546,8.003],[0,0],[3.036,17.642],[0,0],[-10.515,-6.107],[0,0],[-15.811,8.282],[0,0],[2.621,-12.204],[0,0],[-12.797,-12.468],[0,0],[12.251,-1.135],[0,0],[7.892,-16.003]],"v":[[19.232,-262.525],[83.595,-115.919],[111.433,-95.892],[268.082,-81.915],[280.038,-45.127],[162.05,54.085],[150.763,86.933],[185.076,247.476],[153.771,270.199],[17.053,190.207],[-16.974,190.247],[-153.686,270.262],[-184.995,247.473],[-150.754,86.963],[-162.044,54.119],[-280.063,-44.89],[-268.118,-81.701],[-111.477,-95.812],[-83.676,-115.859],[-19.445,-262.542]],"c":true}]},{"i":{"x":0.833,"y":0.833},"o":{"x":0.167,"y":0.167},"t":60,"s":[{"i":[[-3.22,-15.895],[-1.028,-4.291],[-1.8,-3.341],[-1.165,-8.553],[0.015,-14.269],[1.028,-19.965],[-0.578,-12.162],[3.488,-13.286],[10.873,0],[0,0],[2.336,-6.166],[25.092,0],[4.04,14.647],[2.558,86.158],[0.661,9.499],[0.993,23.02],[-2.27,11.702],[-1.075,2.136],[-2.079,8.731],[-5.42,18.594]],"o":[[3.22,15.895],[1.438,6],[1.384,2.568],[1.27,9.321],[-0.022,20.246],[-0.723,14.051],[0,0],[-3.582,13.644],[-26.135,0],[-2.333,-6.107],[0,0],[-10.941,0],[-4.038,-14.639],[-0.321,-10.806],[-0.661,-9.499],[-0.694,-16.071],[1.476,-7.607],[1.075,-2.136],[16.557,-69.541],[5.053,-17.337]],"v":[[16.393,-262.525],[49.551,-106.88],[55.038,-96.199],[59.718,-81.701],[61.635,-47.125],[57.21,54.085],[55.706,86.933],[45.82,247.476],[21.623,270.278],[-26.216,190.207],[26.233,190.247],[-20.604,270.404],[-44.052,247.473],[-54.82,86.963],[-56.351,54.119],[-61.005,-44.9],[-58.488,-81.666],[-52.837,-95.993],[-49.069,-107.839],[-15.065,-262.542]],"c":true}]},{"t":80,"s":[{"i":[[-7.923,-15.985],[0,0],[-12.259,-1.083],[0,0],[12.821,-12.435],[0,0],[-2.603,-12.162],[0,0],[15.854,8.32],[0,0],[10.525,-6.166],[0,0],[-3.011,17.638],[0,0],[9.561,7.991],[0,0],[-17.707,2.534],[0,0],[-4.935,11.281],[0,0]],"o":[[0,0],[4.905,11.225],[0,0],[17.679,2.546],[0,0],[-9.546,8.003],[0,0],[3.036,17.642],[0,0],[-10.515,-6.107],[0,0],[-15.811,8.282],[0,0],[2.621,-12.204],[0,0],[-12.797,-12.468],[0,0],[12.251,-1.135],[0,0],[7.892,-16.003]],"v":[[19.232,-262.525],[83.595,-115.919],[111.433,-95.892],[268.082,-81.915],[280.038,-45.127],[162.05,54.085],[150.763,86.933],[185.076,247.476],[153.771,270.199],[17.053,190.207],[-16.974,190.247],[-153.686,270.262],[-184.995,247.473],[-150.754,86.963],[-162.044,54.119],[-280.063,-44.89],[-268.118,-81.701],[-111.477,-95.812],[-83.676,-115.859],[-19.445,-262.542]],"c":true}]}],"ix":2},"nm":"Path 1","mn":"ADBE Vector Shape - Group","hd":false},{"ty":"fl","c":{"a":0,"k":[0.129411771894,0.129411771894,0.129411771894,1],"ix":4},"o":{"a":0,"k":100,"ix":5},"r":1,"bm":0,"nm":"Fill 1","mn":"ADBE Vector Graphic - Fill","hd":false},{"ty":"tr","p":{"a":0,"k":[0,0],"ix":2},"a":{"a":0,"k":[0,0],"ix":1},"s":{"a":0,"k":[100,100],"ix":3},"r":{"a":0,"k":0,"ix":6},"o":{"a":0,"k":100,"ix":7},"sk":{"a":0,"k":0,"ix":4},"sa":{"a":0,"k":0,"ix":5},"nm":"Transform"}],"nm":"Shape 3","np":3,"cix":2,"bm":0,"ix":1,"mn":"ADBE Vector Group","hd":false}],"ip":0,"op":80,"st":0,"bm":0},{"ddd":0,"ind":2,"ty":4,"nm":"SHINE Back","tt":1,"sr":1,"ks":{"o":{"a":0,"k":100,"ix":11},"r":{"a":0,"k":0,"ix":10},"p":{"a":0,"k":[423,315,0],"ix":2,"l":2},"a":{"a":0,"k":[83,-25,0],"ix":1,"l":2},"s":{"a":0,"k":[100,100,100],"ix":6,"l":2}},"ao":0,"shapes":[{"ty":"gr","it":[{"ind":0,"ty":"sh","ix":1,"ks":{"a":1,"k":[{"i":{"x":0.833,"y":0.833},"o":{"x":0.167,"y":0.167},"t":21,"s":[{"i":[[0,0],[0,0],[0,0],[0.097,-26],[-13.104,-37.814],[0,0],[18.554,-13.864],[-4.282,9.601],[-6,75.583],[0.494,18.967]],"o":[[0,0],[0,0],[0,0],[-0.097,26],[16.288,47],[0,0],[-32.99,24.652],[8.027,-18],[2.644,-33.313],[-0.494,-18.967]],"v":[[6.585,-108],[7,-254],[13.048,-114],[-21.903,-56],[62.712,61],[65.1,245],[46.99,174.348],[-10.527,259],[60,71.417],[-24.506,-57.033]],"c":true}]},{"i":{"x":0.833,"y":0.833},"o":{"x":0.167,"y":0.167},"t":35,"s":[{"i":[[-20.864,41],[0,0],[-19.692,-1],[-9,-32],[2.756,-76],[24.025,2],[22.833,-9.935],[0,0],[2.16,36.303],[-1.59,27.907]],"o":[[20.864,-41],[0,0],[40.734,2.069],[9,32],[-2.756,76],[-24.025,-2],[-22.833,9.935],[0,0],[-2.16,-36.303],[1.59,-27.907]],"v":[[-45.864,-100],[30.545,-256],[97.692,-101],[237,-67],[173.756,78],[177.025,310],[10.833,184.065],[-142,308],[-77.84,79.303],[-191.59,-51.093]],"c":true}]},{"i":{"x":0.833,"y":0.833},"o":{"x":0.167,"y":0.167},"t":40,"s":[{"i":[[-5.363,32.923],[0,0],[-32.132,-18.615],[-6.308,-28.538],[2.514,-56.384],[16.371,3.183],[15.4,18.732],[16.264,26.077],[15.72,33.009],[0.727,27.534]],"o":[[5.363,-32.923],[0,0],[32.132,18.615],[6.308,28.538],[-2.513,56.385],[-14.713,-1.231],[-15.4,-18.732],[-16.264,-26.077],[-15.72,-33.009],[-0.727,-27.535]],"v":[[8.867,-97.692],[15.105,-243.231],[91.637,-97.538],[252.154,-59.692],[128.36,69.308],[158.713,259.615],[59.4,169.732],[17.264,111.077],[-18.28,46.009],[-56.966,-49.158]],"c":true}]},{"t":48,"s":[{"i":[[11.837,25.253],[0,0],[-8.75,-20],[-2,-23],[2.125,-25],[4.125,5.077],[0,0],[0,0],[-3.016,9.262],[4.433,26.938]],"o":[[-8.438,-18],[0,0],[13.716,31.352],[2,23],[-2.125,25],[0.187,0],[0,0],[0,0],[8.33,-25.583],[-4.433,-26.938]],"v":[[68.438,-98],[24,-234],[66.75,-96],[186,-64],[104.125,74],[125.813,257],[107.506,105.6],[104.688,98],[102.016,73.738],[182.433,-62.062]],"c":true}]}],"ix":2},"nm":"Path 1","mn":"ADBE Vector Shape - Group","hd":false},{"ty":"fl","c":{"a":0,"k":[0.992156922583,0.847058883368,0.207843152214,1],"ix":4},"o":{"a":0,"k":100,"ix":5},"r":1,"bm":0,"nm":"Fill 1","mn":"ADBE Vector Graphic - Fill","hd":false},{"ty":"tr","p":{"a":0,"k":[0,0],"ix":2},"a":{"a":0,"k":[0,0],"ix":1},"s":{"a":0,"k":[100,100],"ix":3},"r":{"a":0,"k":0,"ix":6},"o":{"a":0,"k":100,"ix":7},"sk":{"a":0,"k":0,"ix":4},"sa":{"a":0,"k":0,"ix":5},"nm":"Transform"}],"nm":"Shape 1","np":3,"cix":2,"bm":0,"ix":1,"mn":"ADBE Vector Group","hd":false}],"ip":21,"op":49,"st":0,"bm":0},{"ddd":0,"ind":3,"ty":4,"nm":"STAR matte","td":1,"sr":1,"ks":{"o":{"a":0,"k":100,"ix":11},"r":{"a":0,"k":0,"ix":10},"p":{"a":0,"k":[340.517,341.272,0],"ix":2,"l":2},"a":{"a":0,"k":[0.505,0.393,0],"ix":1,"l":2},"s":{"a":0,"k":[100,100,100],"ix":6,"l":2}},"ao":0,"shapes":[{"ty":"gr","it":[{"ind":0,"ty":"sh","ix":1,"ks":{"a":1,"k":[{"i":{"x":0.833,"y":0.833},"o":{"x":0.167,"y":0.167},"t":0,"s":[{"i":[[-7.923,-15.985],[0,0],[-12.259,-1.083],[0,0],[12.821,-12.435],[0,0],[-2.603,-12.162],[0,0],[15.854,8.32],[0,0],[10.525,-6.166],[0,0],[-3.011,17.638],[0,0],[9.561,7.991],[0,0],[-17.707,2.534],[0,0],[-4.935,11.281],[0,0]],"o":[[0,0],[4.905,11.225],[0,0],[17.679,2.546],[0,0],[-9.546,8.003],[0,0],[3.036,17.642],[0,0],[-10.515,-6.107],[0,0],[-15.811,8.282],[0,0],[2.621,-12.204],[0,0],[-12.797,-12.468],[0,0],[12.251,-1.135],[0,0],[7.892,-16.003]],"v":[[19.232,-262.525],[83.595,-115.919],[111.433,-95.892],[268.082,-81.915],[280.038,-45.127],[162.05,54.085],[150.763,86.933],[185.076,247.476],[153.771,270.199],[17.053,190.207],[-16.974,190.247],[-153.686,270.262],[-184.995,247.473],[-150.754,86.963],[-162.044,54.119],[-280.063,-44.89],[-268.118,-81.701],[-111.477,-95.812],[-83.676,-115.859],[-19.445,-262.542]],"c":true}]},{"i":{"x":0.833,"y":0.833},"o":{"x":0.167,"y":0.167},"t":20,"s":[{"i":[[-3.22,-15.895],[-1.028,-4.291],[-1.8,-3.341],[-1.165,-8.553],[0.015,-14.269],[1.028,-19.965],[-0.578,-12.162],[3.488,-13.286],[10.873,0],[0,0],[2.336,-6.166],[25.092,0],[4.04,14.647],[2.558,86.158],[0.661,9.499],[0.993,23.02],[-2.27,11.702],[-1.075,2.136],[-2.079,8.731],[-5.42,18.594]],"o":[[3.22,15.895],[1.438,6],[1.384,2.568],[1.27,9.321],[-0.022,20.246],[-0.723,14.051],[0,0],[-3.582,13.644],[-26.135,0],[-2.333,-6.107],[0,0],[-10.941,0],[-4.038,-14.639],[-0.321,-10.806],[-0.661,-9.499],[-0.694,-16.071],[1.476,-7.607],[1.075,-2.136],[16.557,-69.541],[5.053,-17.337]],"v":[[16.393,-262.525],[49.551,-106.88],[55.038,-96.199],[59.718,-81.701],[61.635,-47.125],[57.21,54.085],[55.706,86.933],[45.82,247.476],[21.623,270.278],[-26.216,190.207],[26.233,190.247],[-20.604,270.404],[-44.052,247.473],[-54.82,86.963],[-56.351,54.119],[-61.005,-44.9],[-58.488,-81.666],[-52.837,-95.993],[-49.069,-107.839],[-15.065,-262.542]],"c":true}]},{"i":{"x":0.833,"y":0.833},"o":{"x":0.167,"y":0.167},"t":40,"s":[{"i":[[-7.923,-15.985],[0,0],[-12.259,-1.083],[0,0],[12.821,-12.435],[0,0],[-2.603,-12.162],[0,0],[15.854,8.32],[0,0],[10.525,-6.166],[0,0],[-3.011,17.638],[0,0],[9.561,7.991],[0,0],[-17.707,2.534],[0,0],[-4.935,11.281],[0,0]],"o":[[0,0],[4.905,11.225],[0,0],[17.679,2.546],[0,0],[-9.546,8.003],[0,0],[3.036,17.642],[0,0],[-10.515,-6.107],[0,0],[-15.811,8.282],[0,0],[2.621,-12.204],[0,0],[-12.797,-12.468],[0,0],[12.251,-1.135],[0,0],[7.892,-16.003]],"v":[[19.232,-262.525],[83.595,-115.919],[111.433,-95.892],[268.082,-81.915],[280.038,-45.127],[162.05,54.085],[150.763,86.933],[185.076,247.476],[153.771,270.199],[17.053,190.207],[-16.974,190.247],[-153.686,270.262],[-184.995,247.473],[-150.754,86.963],[-162.044,54.119],[-280.063,-44.89],[-268.118,-81.701],[-111.477,-95.812],[-83.676,-115.859],[-19.445,-262.542]],"c":true}]},{"i":{"x":0.833,"y":0.833},"o":{"x":0.167,"y":0.167},"t":60,"s":[{"i":[[-3.22,-15.895],[-1.028,-4.291],[-1.8,-3.341],[-1.165,-8.553],[0.015,-14.269],[1.028,-19.965],[-0.578,-12.162],[3.488,-13.286],[10.873,0],[0,0],[2.336,-6.166],[25.092,0],[4.04,14.647],[2.558,86.158],[0.661,9.499],[0.993,23.02],[-2.27,11.702],[-1.075,2.136],[-2.079,8.731],[-5.42,18.594]],"o":[[3.22,15.895],[1.438,6],[1.384,2.568],[1.27,9.321],[-0.022,20.246],[-0.723,14.051],[0,0],[-3.582,13.644],[-26.135,0],[-2.333,-6.107],[0,0],[-10.941,0],[-4.038,-14.639],[-0.321,-10.806],[-0.661,-9.499],[-0.694,-16.071],[1.476,-7.607],[1.075,-2.136],[16.557,-69.541],[5.053,-17.337]],"v":[[16.393,-262.525],[49.551,-106.88],[55.038,-96.199],[59.718,-81.701],[61.635,-47.125],[57.21,54.085],[55.706,86.933],[45.82,247.476],[21.623,270.278],[-26.216,190.207],[26.233,190.247],[-20.604,270.404],[-44.052,247.473],[-54.82,86.963],[-56.351,54.119],[-61.005,-44.9],[-58.488,-81.666],[-52.837,-95.993],[-49.069,-107.839],[-15.065,-262.542]],"c":true}]},{"t":80,"s":[{"i":[[-7.923,-15.985],[0,0],[-12.259,-1.083],[0,0],[12.821,-12.435],[0,0],[-2.603,-12.162],[0,0],[15.854,8.32],[0,0],[10.525,-6.166],[0,0],[-3.011,17.638],[0,0],[9.561,7.991],[0,0],[-17.707,2.534],[0,0],[-4.935,11.281],[0,0]],"o":[[0,0],[4.905,11.225],[0,0],[17.679,2.546],[0,0],[-9.546,8.003],[0,0],[3.036,17.642],[0,0],[-10.515,-6.107],[0,0],[-15.811,8.282],[0,0],[2.621,-12.204],[0,0],[-12.797,-12.468],[0,0],[12.251,-1.135],[0,0],[7.892,-16.003]],"v":[[19.232,-262.525],[83.595,-115.919],[111.433,-95.892],[268.082,-81.915],[280.038,-45.127],[162.05,54.085],[150.763,86.933],[185.076,247.476],[153.771,270.199],[17.053,190.207],[-16.974,190.247],[-153.686,270.262],[-184.995,247.473],[-150.754,86.963],[-162.044,54.119],[-280.063,-44.89],[-268.118,-81.701],[-111.477,-95.812],[-83.676,-115.859],[-19.445,-262.542]],"c":true}]}],"ix":2},"nm":"Path 1","mn":"ADBE Vector Shape - Group","hd":false},{"ty":"fl","c":{"a":0,"k":[0.129411771894,0.129411771894,0.129411771894,1],"ix":4},"o":{"a":0,"k":100,"ix":5},"r":1,"bm":0,"nm":"Fill 1","mn":"ADBE Vector Graphic - Fill","hd":false},{"ty":"tr","p":{"a":0,"k":[0,0],"ix":2},"a":{"a":0,"k":[0,0],"ix":1},"s":{"a":0,"k":[100,100],"ix":3},"r":{"a":0,"k":0,"ix":6},"o":{"a":0,"k":100,"ix":7},"sk":{"a":0,"k":0,"ix":4},"sa":{"a":0,"k":0,"ix":5},"nm":"Transform"}],"nm":"Shape 3","np":3,"cix":2,"bm":0,"ix":1,"mn":"ADBE Vector Group","hd":false}],"ip":0,"op":80,"st":0,"bm":0},{"ddd":0,"ind":4,"ty":4,"nm":"SHINE","tt":1,"sr":1,"ks":{"o":{"a":0,"k":50,"ix":11},"r":{"a":0,"k":0,"ix":10},"p":{"a":0,"k":[401,334,0],"ix":2,"l":2},"a":{"a":0,"k":[45,-6,0],"ix":1,"l":2},"s":{"a":0,"k":[-100,100,100],"ix":6,"l":2}},"ao":0,"shapes":[{"ty":"gr","it":[{"ind":0,"ty":"sh","ix":1,"ks":{"a":1,"k":[{"i":{"x":0.833,"y":0.833},"o":{"x":0.167,"y":0.167},"t":0,"s":[{"i":[[0,0],[0,0],[0,0],[0,0],[0,0],[0,0],[0,0],[0,0],[0,0],[0,0],[0,0]],"o":[[0,0],[0,0],[0,0],[0,0],[0,0],[0,0],[0,0],[0,0],[0,0],[0,0],[0,0]],"v":[[430,-84],[261.09,72],[266.935,139],[276.074,173],[286.728,228.751],[289.834,245],[266.363,80],[415.328,-64.039],[437.005,-85],[434.775,-84.682],[431.924,-84.275]],"c":true}]},{"i":{"x":0.833,"y":0.833},"o":{"x":0.167,"y":0.167},"t":3,"s":[{"i":[[23.357,-0.598],[-11.283,-20.544],[-13.179,-17],[-8.951,-14.667],[-16.328,-23.491],[4,30.333],[-5.647,28.666],[-19.71,18.25],[14.133,21.453],[34.698,-1.111],[21.315,-21.19]],"o":[[-23.357,0.598],[17.94,32.666],[7.625,9.836],[8.951,14.667],[17.151,24.674],[-4,-30.333],[5.647,-28.666],[19.71,-18.25],[-27.67,-42],[-32.491,1.041],[-30,29.823]],"v":[[79.357,-46.598],[66.06,5.334],[128.179,106],[153.049,141.333],[207.328,218.491],[236,199.333],[223.353,66.666],[308.29,-31.75],[315.67,-87],[129.883,-239.553],[164,-79.823]],"c":true}]},{"i":{"x":0.833,"y":0.833},"o":{"x":0.167,"y":0.167},"t":9,"s":[{"i":[[4,-14],[0,-28],[0,0],[-20,0],[-8.589,-11.299],[7.333,31],[6.667,49],[5.544,26.01],[3.491,16.757],[20.269,4.228],[20.925,1.888]],"o":[[-4,14],[0,28],[0,0],[20,0],[15.88,20.893],[-7.333,-31],[-5.482,-40.295],[-4.229,-19.841],[-1.987,-9.536],[-22.017,-4.592],[-29.539,-2.665]],"v":[[-38,-54],[70,36],[-2.333,292],[125,177],[173.589,237.299],[190.333,219],[169.333,90],[158.456,14.99],[150,-50],[100.731,-228.228],[29.189,-67.091]],"c":true}]},{"i":{"x":0.833,"y":0.833},"o":{"x":0.167,"y":0.167},"t":18,"s":[{"i":[[0,0],[1.653,-13.501],[0,0],[-8.5,-1.5],[0,0],[0,0],[9.276,34.786],[0,0],[0,0],[0,0],[0,0]],"o":[[0,0],[-3,24.5],[0,0],[8.5,1.5],[0,0],[0,0],[-3.333,-12.5],[0,0],[0,0],[0,0],[0,0]],"v":[[79,-75],[150,43.5],[93.417,243],[155.5,53.5],[162.678,243.998],[162.833,243.5],[159.833,46.5],[90.308,-60.805],[81.5,-75],[98.704,-221],[79.687,-75]],"c":true}]},{"t":21,"s":[{"i":[[0,0],[0,0],[0,0],[0,0],[0,0],[0,0],[0,0],[0,0],[0,0],[0,0],[0,0]],"o":[[0,0],[0,0],[0,0],[0,0],[0,0],[0,0],[0,0],[0,0],[0,0],[0,0],[0,0]],"v":[[202,-70],[202,20],[184,184],[188,194],[166.319,280.723],[160,306],[212,16],[201.524,-64.313],[200,-76],[200.637,-74.09],[201.451,-71.648]],"c":true}]}],"ix":2},"nm":"Path 1","mn":"ADBE Vector Shape - Group","hd":false},{"ty":"fl","c":{"a":0,"k":[1,1,0.552941176471,1],"ix":4},"o":{"a":0,"k":100,"ix":5},"r":1,"bm":0,"nm":"Fill 1","mn":"ADBE Vector Graphic - Fill","hd":false},{"ty":"tr","p":{"a":0,"k":[0,0],"ix":2},"a":{"a":0,"k":[0,0],"ix":1},"s":{"a":0,"k":[100,100],"ix":3},"r":{"a":0,"k":0,"ix":6},"o":{"a":0,"k":100,"ix":7},"sk":{"a":0,"k":0,"ix":4},"sa":{"a":0,"k":0,"ix":5},"nm":"Transform"}],"nm":"Shape 1","np":3,"cix":2,"bm":0,"ix":1,"mn":"ADBE Vector Group","hd":false}],"ip":0,"op":19,"st":-61,"bm":0},{"ddd":0,"ind":5,"ty":4,"nm":"Shine 2","sr":1,"ks":{"o":{"a":0,"k":100,"ix":11},"r":{"a":0,"k":0,"ix":10},"p":{"a":0,"k":[340.517,341.272,0],"ix":2,"l":2},"a":{"a":0,"k":[0.505,0.393,0],"ix":1,"l":2},"s":{"a":0,"k":[100,100,100],"ix":6,"l":2}},"ao":0,"shapes":[{"ty":"gr","it":[{"ind":0,"ty":"sh","ix":1,"ks":{"a":1,"k":[{"i":{"x":0.833,"y":0.833},"o":{"x":0.167,"y":0.167},"t":68,"s":[{"i":[[7.596,26.377],[7.161,23.068],[-0.919,1.095],[-2.574,-9.692],[-1.478,-5.747],[3.367,-0.936]],"o":[[-6.696,-23.251],[-1.395,-4.493],[1.757,-2.092],[2.574,9.692],[1.478,5.747],[-1.512,0.42]],"v":[[58.392,-122.756],[27.577,-221.447],[25.157,-231.974],[32.243,-215.49],[66.378,-109.074],[69.621,-88.943]],"c":true}]},{"i":{"x":0.833,"y":0.833},"o":{"x":0.167,"y":0.167},"t":70,"s":[{"i":[[4.626,23.75],[1.971,14.505],[-2.729,0.132],[-2.574,-9.692],[-1.478,-5.747],[10.416,-3.159]],"o":[[-4.626,-23.75],[-0.634,-4.662],[2.729,-0.132],[2.574,9.692],[1.478,5.747],[-10.416,3.159]],"v":[[41.892,-120.756],[23.077,-219.447],[23.657,-232.224],[32.243,-215.49],[66.378,-109.074],[61.121,-86.443]],"c":true}]},{"t":80,"s":[{"i":[[3.061,30.955],[0,0],[-9.696,-0.021],[0,0],[0,0],[11.861,-6.713]],"o":[[0,0],[-0.421,-6.017],[7.656,0.03],[0,0],[12.336,33.045],[-13.661,7.583]],"v":[[14.707,-107.12],[3.865,-215.176],[11.881,-231.493],[23.657,-215.594],[56.284,-128.824],[51.637,-77.792]],"c":true}]}],"ix":2},"nm":"Path 1","mn":"ADBE Vector Shape - Group","hd":false},{"ty":"fl","c":{"a":0,"k":[1,1,0.552941176471,1],"ix":4},"o":{"a":0,"k":100,"ix":5},"r":1,"bm":0,"nm":"Fill 1","mn":"ADBE Vector Graphic - Fill","hd":false},{"ty":"tr","p":{"a":0,"k":[0,0],"ix":2},"a":{"a":0,"k":[0,0],"ix":1},"s":{"a":0,"k":[100,100],"ix":3},"r":{"a":0,"k":0,"ix":6},"o":{"a":0,"k":100,"ix":7},"sk":{"a":0,"k":0,"ix":4},"sa":{"a":0,"k":0,"ix":5},"nm":"Transform"}],"nm":"Shape 2","np":3,"cix":2,"bm":0,"ix":1,"mn":"ADBE Vector Group","hd":false}],"ip":68,"op":80,"st":59,"bm":0},{"ddd":0,"ind":6,"ty":4,"nm":"Shadow 4","sr":1,"ks":{"o":{"a":0,"k":100,"ix":11},"r":{"a":0,"k":0,"ix":10},"p":{"a":0,"k":[340.517,341.272,0],"ix":2,"l":2},"a":{"a":0,"k":[0.505,0.393,0],"ix":1,"l":2},"s":{"a":0,"k":[100,100,100],"ix":6,"l":2}},"ao":0,"shapes":[{"ty":"gr","it":[{"ind":0,"ty":"sh","ix":1,"ks":{"a":1,"k":[{"i":{"x":0.833,"y":0.833},"o":{"x":0.167,"y":0.167},"t":40,"s":[{"i":[[0,0],[5.6,-5.981],[0,0]],"o":[[0,0],[-17.102,9.954],[0,0]],"v":[[-13.988,189.327],[-24.472,192.931],[-141.406,263.116]],"c":true}]},{"i":{"x":0.833,"y":0.833},"o":{"x":0.167,"y":0.167},"t":49,"s":[{"i":[[0,0],[5.6,-5.981],[0,0]],"o":[[0,0],[-17.102,9.954],[0,0]],"v":[[-1.988,195.327],[-26.472,183.931],[-79.406,263.116]],"c":true}]},{"i":{"x":0.833,"y":0.833},"o":{"x":0.167,"y":0.167},"t":57,"s":[{"i":[[-8.476,18.207],[2.46,-23.311],[0.394,-31.992]],"o":[[-7.024,-17.207],[-1.647,15.609],[18.894,-1.992]],"v":[[1.012,226.327],[-43.972,171.931],[-41.906,271.613]],"c":true}]},{"i":{"x":0.833,"y":0.833},"o":{"x":0.167,"y":0.167},"t":60,"s":[{"i":[[-10.476,19.207],[2.849,-14.926],[-8.894,-21.508]],"o":[[-16.024,-25.207],[-2.04,10.689],[8.894,21.508]],"v":[[0.012,255.327],[-48.972,175.931],[-40.906,254.113]],"c":true}]},{"i":{"x":0.833,"y":0.833},"o":{"x":0.167,"y":0.167},"t":61,"s":[{"i":[[-14.524,23.086],[7.04,0.518],[11.894,-21.699]],"o":[[8.449,-13.43],[-7.04,-0.518],[8.894,21.508]],"v":[[49.012,258.034],[49.028,170.638],[1.594,246.319]],"c":true}]},{"i":{"x":0.833,"y":0.833},"o":{"x":0.167,"y":0.167},"t":64,"s":[{"i":[[-15.162,11.198],[7.04,0.518],[11.894,-21.699]],"o":[[0.476,-33.914],[-7.04,-0.518],[8.894,21.508]],"v":[[55.512,268.534],[51.028,170.138],[1.094,220.319]],"c":true}]},{"i":{"x":0.833,"y":0.833},"o":{"x":0.167,"y":0.167},"t":70,"s":[{"i":[[-17.707,1.353],[11.808,5.104],[10.294,-10.899]],"o":[[-9.124,-26.714],[-6.611,-1.819],[19.094,20.625]],"v":[[88.212,269.034],[26.328,178.238],[1.494,196.019]],"c":true}]},{"i":{"x":0.833,"y":0.833},"o":{"x":0.167,"y":0.167},"t":75,"s":[{"i":[[-30.522,-12.406],[15.781,8.925],[10.628,-5.232]],"o":[[-24.624,-24.186],[-6.253,-2.904],[14.442,6.869]],"v":[[118.934,268.756],[32.245,188.738],[2.494,187.853]],"c":true}]},{"t":79,"s":[{"i":[[-40.774,-23.414],[18.96,11.982],[10.894,-0.699]],"o":[[-37.024,-22.164],[-5.967,-3.771],[10.72,-4.136]],"v":[[143.512,268.534],[34.278,201.638],[0.594,185.819]],"c":true}]}],"ix":2},"nm":"Path 1","mn":"ADBE Vector Shape - Group","hd":false},{"ty":"fl","c":{"a":0,"k":[0.956862807274,0.615686297417,0,1],"ix":4},"o":{"a":0,"k":100,"ix":5},"r":1,"bm":0,"nm":"Fill 1","mn":"ADBE Vector Graphic - Fill","hd":false},{"ty":"tr","p":{"a":0,"k":[0,0],"ix":2},"a":{"a":0,"k":[0,0],"ix":1},"s":{"a":0,"k":[100,100],"ix":3},"r":{"a":0,"k":0,"ix":6},"o":{"a":0,"k":100,"ix":7},"sk":{"a":0,"k":0,"ix":4},"sa":{"a":0,"k":0,"ix":5},"nm":"Transform"}],"nm":"Shape 1","np":3,"cix":2,"bm":0,"ix":1,"mn":"ADBE Vector Group","hd":false}],"ip":40,"op":80,"st":40,"bm":0},{"ddd":0,"ind":7,"ty":4,"nm":"Shadow 5","sr":1,"ks":{"o":{"a":0,"k":100,"ix":11},"r":{"a":0,"k":0,"ix":10},"p":{"s":true,"x":{"a":1,"k":[{"i":{"x":[0.833],"y":[0.833]},"o":{"x":[0.167],"y":[0.167]},"t":40,"s":[320.517]},{"i":{"x":[0.833],"y":[0.833]},"o":{"x":[0.167],"y":[0.167]},"t":53,"s":[322.184]},{"t":59,"s":[340.517]}],"ix":3},"y":{"a":0,"k":341.272,"ix":4}},"a":{"a":0,"k":[0.505,0.393,0],"ix":1,"l":2},"s":{"a":0,"k":[100,100,100],"ix":6,"l":2}},"ao":0,"shapes":[{"ty":"gr","it":[{"ind":0,"ty":"sh","ix":1,"ks":{"a":1,"k":[{"i":{"x":0.833,"y":0.833},"o":{"x":0.167,"y":0.167},"t":40,"s":[{"i":[[27.43,13.307],[20.428,9.495],[3.231,-9.189],[-6.688,-6.168],[-20.535,-18.557],[-14.707,5.938]],"o":[[-27.43,-13.307],[-4.946,-2.299],[-2.535,7.208],[12.931,11.925],[20.535,18.557],[19.673,-8.002]],"v":[[-103.332,14.928],[-211.19,-35.125],[-229.277,-32.942],[-216.193,-14.305],[-152.297,41.814],[-100.394,62.553]],"c":true}]},{"i":{"x":0.833,"y":0.833},"o":{"x":0.167,"y":0.167},"t":49,"s":[{"i":[[15.434,16.919],[5.212,5.899],[1.174,-1.564],[-6.987,-10.562],[-11.393,-15.711],[-6.524,-7.273]],"o":[[-15.434,-16.919],[-5.212,-5.899],[-1.174,1.564],[8.443,12.763],[11.393,15.711],[6.524,7.273]],"v":[[-87.578,31.789],[-143.55,-33.73],[-153.838,-42.443],[-144.525,-25.318],[-111.856,21.593],[-88.286,53.597]],"c":true}]},{"i":{"x":0.833,"y":0.833},"o":{"x":0.167,"y":0.167},"t":53,"s":[{"i":[[10.193,17.655],[3.474,6.919],[0.916,-0.785],[-3.723,-7.767],[-7.33,-14.446],[-5.01,-10.938]],"o":[[-10.033,-16.37],[-3.474,-6.919],[-0.966,0.749],[4.277,11.233],[7.33,14.446],[5.383,13.17]],"v":[[-76.354,39.187],[-111.988,-30.861],[-119.193,-44.783],[-113.706,-29.113],[-93.882,12.607],[-77.627,49.31]],"c":true}]},{"t":59,"s":[{"i":[[2.331,18.76],[0.868,8.449],[0.53,0.383],[-0.481,-5.268],[-1.235,-12.549],[-2.74,-16.435]],"o":[[-1.932,-15.547],[-0.868,-8.449],[-0.653,-0.472],[0.481,5.268],[1.235,12.549],[3.671,22.015]],"v":[[-59.518,50.284],[-68.394,-32.181],[-71.601,-51.417],[-71.227,-42.305],[-66.922,-0.874],[-61.638,42.879]],"c":true}]}],"ix":2},"nm":"Path 1","mn":"ADBE Vector Shape - Group","hd":false},{"ty":"fl","c":{"a":0,"k":[0.956862745098,0.61689489028,0,1],"ix":4},"o":{"a":0,"k":100,"ix":5},"r":1,"bm":0,"nm":"Fill 1","mn":"ADBE Vector Graphic - Fill","hd":false},{"ty":"tr","p":{"a":0,"k":[0,0],"ix":2},"a":{"a":0,"k":[0,0],"ix":1},"s":{"a":0,"k":[100,100],"ix":3},"r":{"a":0,"k":0,"ix":6},"o":{"a":0,"k":100,"ix":7},"sk":{"a":0,"k":0,"ix":4},"sa":{"a":0,"k":0,"ix":5},"nm":"Transform"}],"nm":"Shape 1","np":3,"cix":2,"bm":0,"ix":1,"mn":"ADBE Vector Group","hd":false}],"ip":40,"op":54,"st":40,"bm":0},{"ddd":0,"ind":8,"ty":4,"nm":"Shadow 3","sr":1,"ks":{"o":{"a":0,"k":100,"ix":11},"r":{"a":0,"k":0,"ix":10},"p":{"a":0,"k":[340.517,341.272,0],"ix":2,"l":2},"a":{"a":0,"k":[0.505,0.393,0],"ix":1,"l":2},"s":{"a":0,"k":[100,100,100],"ix":6,"l":2}},"ao":0,"shapes":[{"ty":"gr","it":[{"ind":0,"ty":"sh","ix":1,"ks":{"a":1,"k":[{"i":{"x":0.833,"y":0.833},"o":{"x":0.167,"y":0.167},"t":40,"s":[{"i":[[-26.754,18.18],[0,0],[6.705,7.066],[0,0],[0,0],[1.426,-15.796]],"o":[[0,0],[4.631,-3.839],[-5.258,-5.544],[0,0],[-24.442,8.443],[-1.854,21.157]],"v":[[149.378,44.583],[243.125,-28.563],[249.434,-45.654],[229.795,-43.266],[147.792,-11.255],[105.657,25.47]],"c":true}]},{"i":{"x":0.833,"y":0.833},"o":{"x":0.167,"y":0.167},"t":41,"s":[{"i":[[28.383,15.514],[0,0],[3.231,-9.189],[0,0],[0,0],[-14.707,5.938]],"o":[[0,0],[-5.529,-2.37],[-2.535,7.208],[0,0],[18.664,17.899],[19.673,-8.002]],"v":[[-103.332,14.928],[-211.19,-35.125],[-229.277,-32.942],[-218.193,-16.555],[-152.297,41.814],[-100.394,62.553]],"c":true}]},{"i":{"x":0.833,"y":0.833},"o":{"x":0.167,"y":0.167},"t":59,"s":[{"i":[[-1.925,18.806],[-0.727,7.604],[0.43,0.492],[0.71,-5.243],[1.604,-12.508],[1.005,-16.631]],"o":[[1.595,-15.585],[0.727,-7.604],[-0.531,-0.606],[-0.71,5.243],[-1.604,12.508],[-1.347,22.278]],"v":[[62.758,50.248],[70.848,-32.504],[72.026,-51.971],[70.351,-43.005],[64.792,-1.773],[60.155,42.053]],"c":true}]},{"i":{"x":0.833,"y":0.833},"o":{"x":0.167,"y":0.167},"t":68,"s":[{"i":[[-9.055,16.489],[-3.322,6.44],[-0.098,0.844],[2.357,-4.409],[5.595,-10.531],[7.422,-14.844]],"o":[[6.843,-13.183],[3.475,-6.571],[0.105,-0.881],[-2.357,4.409],[-6.159,10.71],[-9.942,19.883]],"v":[[100.894,45.247],[138.738,-27.893],[147.473,-45.171],[142.93,-37.747],[124.241,-1.459],[103.076,36.64]],"c":true}]},{"t":80,"s":[{"i":[[-26.754,18.18],[0,0],[6.705,7.066],[0,0],[0,0],[1.426,-15.796]],"o":[[0,0],[4.631,-3.839],[-5.258,-5.544],[0,0],[-24.442,8.443],[-1.854,21.157]],"v":[[149.378,44.583],[243.125,-28.563],[249.434,-45.654],[229.795,-43.266],[147.792,-11.255],[105.657,25.47]],"c":true}]}],"ix":2},"nm":"Path 1","mn":"ADBE Vector Shape - Group","hd":false},{"ty":"fl","c":{"a":0,"k":[0.956862745098,0.61689489028,0,1],"ix":4},"o":{"a":0,"k":100,"ix":5},"r":1,"bm":0,"nm":"Fill 1","mn":"ADBE Vector Graphic - Fill","hd":false},{"ty":"tr","p":{"a":0,"k":[0,0],"ix":2},"a":{"a":0,"k":[0,0],"ix":1},"s":{"a":0,"k":[100,100],"ix":3},"r":{"a":0,"k":0,"ix":6},"o":{"a":0,"k":100,"ix":7},"sk":{"a":0,"k":0,"ix":4},"sa":{"a":0,"k":0,"ix":5},"nm":"Transform"}],"nm":"Shape 1","np":3,"cix":2,"bm":0,"ix":1,"mn":"ADBE Vector Group","hd":false}],"ip":68,"op":80,"st":40,"bm":0},{"ddd":0,"ind":9,"ty":4,"nm":"Shine","sr":1,"ks":{"o":{"a":0,"k":100,"ix":11},"r":{"a":0,"k":0,"ix":10},"p":{"a":0,"k":[340.517,341.272,0],"ix":2,"l":2},"a":{"a":0,"k":[0.505,0.393,0],"ix":1,"l":2},"s":{"a":0,"k":[100,100,100],"ix":6,"l":2}},"ao":0,"shapes":[{"ty":"gr","it":[{"ind":0,"ty":"sh","ix":1,"ks":{"a":1,"k":[{"i":{"x":0.833,"y":0.833},"o":{"x":0.167,"y":0.167},"t":0,"s":[{"i":[[3.061,30.955],[0,0],[-9.696,-0.021],[0,0],[0,0],[11.861,-6.713]],"o":[[0,0],[-0.421,-6.017],[7.656,0.03],[0,0],[12.336,33.045],[-13.661,7.583]],"v":[[14.707,-107.12],[3.865,-215.176],[11.881,-231.493],[23.657,-215.594],[56.284,-128.824],[51.637,-77.792]],"c":true}]},{"i":{"x":0.833,"y":0.833},"o":{"x":0.167,"y":0.167},"t":10,"s":[{"i":[[-5.282,23.26],[-3.123,10.203],[-10.607,-0.614],[-3.831,-10.214],[0,0],[23.649,-0.824]],"o":[[5.282,-23.26],[3.123,-10.203],[10.607,0.614],[3.831,10.214],[12.336,33.045],[-23.649,0.824]],"v":[[-38.793,-111.12],[-12.135,-215.676],[3.381,-231.993],[23.657,-215.594],[51.284,-128.824],[13.137,-73.176]],"c":true}]},{"i":{"x":0.833,"y":0.833},"o":{"x":0.167,"y":0.167},"t":20,"s":[{"i":[[-5.448,23.575],[-2.471,14.428],[-2.643,-0.693],[0.452,-10.018],[0.99,-5.851],[10.8,1.357]],"o":[[5.448,-23.575],[0.794,-4.637],[2.643,0.693],[-0.452,10.018],[-0.99,5.851],[-10.8,-1.357]],"v":[[-46.372,-123.164],[-24.541,-219.808],[-20.154,-231.822],[-19.06,-210.898],[-28.766,-102.522],[-43.98,-81.026]],"c":true}]},{"i":{"x":0.833,"y":0.833},"o":{"x":0.167,"y":0.167},"t":22,"s":[{"i":[[5.84,20.696],[1.328,4.512],[-2.195,0.621],[0,0],[-1.985,-5.412],[3.438,-1.013]],"o":[[0,0],[-1.328,-4.512],[1.734,-0.491],[0,0],[4.253,11.597],[-3.521,1.038]],"v":[[53.543,-119.864],[25.509,-212.366],[23.176,-228.704],[30.412,-214.278],[59.755,-120.703],[65.191,-93.419]],"c":true}]},{"t":40,"s":[{"i":[[3.061,30.955],[0,0],[-9.696,-0.021],[0,0],[0,0],[11.861,-6.713]],"o":[[0,0],[-0.421,-6.017],[7.656,0.03],[0,0],[12.336,33.045],[-13.661,7.583]],"v":[[14.707,-107.12],[3.865,-215.176],[11.881,-231.493],[23.657,-215.594],[56.284,-128.824],[51.637,-77.792]],"c":true}]}],"ix":2},"nm":"Path 1","mn":"ADBE Vector Shape - Group","hd":false},{"ty":"fl","c":{"a":0,"k":[1,1,0.552941176471,1],"ix":4},"o":{"a":0,"k":100,"ix":5},"r":1,"bm":0,"nm":"Fill 1","mn":"ADBE Vector Graphic - Fill","hd":false},{"ty":"tr","p":{"a":0,"k":[0,0],"ix":2},"a":{"a":0,"k":[0,0],"ix":1},"s":{"a":0,"k":[100,100],"ix":3},"r":{"a":0,"k":0,"ix":6},"o":{"a":0,"k":100,"ix":7},"sk":{"a":0,"k":0,"ix":4},"sa":{"a":0,"k":0,"ix":5},"nm":"Transform"}],"nm":"Shape 2","np":3,"cix":2,"bm":0,"ix":1,"mn":"ADBE Vector Group","hd":false}],"ip":0,"op":21,"st":0,"bm":0},{"ddd":0,"ind":10,"ty":4,"nm":"Shadow 6","sr":1,"ks":{"o":{"a":0,"k":100,"ix":11},"r":{"a":0,"k":0,"ix":10},"p":{"a":1,"k":[{"i":{"x":0.833,"y":0.833},"o":{"x":0.167,"y":0.167},"t":61,"s":[340.517,341.272,0],"to":[0,0,0],"ti":[0,0,0]},{"t":80,"s":[320.517,341.272,0]}],"ix":2,"l":2},"a":{"a":0,"k":[0.505,0.393,0],"ix":1,"l":2},"s":{"a":0,"k":[100,100,100],"ix":6,"l":2}},"ao":0,"shapes":[{"ty":"gr","it":[{"ind":0,"ty":"sh","ix":1,"ks":{"a":1,"k":[{"i":{"x":0.833,"y":0.833},"o":{"x":0.167,"y":0.167},"t":40,"s":[{"i":[[-21.394,20.537],[-6.648,5.567],[1.118,1.476],[5.193,-3.636],[16.173,-13.875],[1.711,-2.85]],"o":[[0,0],[6.648,-5.567],[-1.118,-1.476],[-5.193,3.636],[-16.173,13.875],[-3.856,6.421]],"v":[[156.882,55.583],[246.698,-20.063],[259.37,-33.154],[245.221,-21.766],[168.952,40.745],[141.254,64.47]],"c":true}]},{"i":{"x":0.833,"y":0.833},"o":{"x":0.167,"y":0.167},"t":57,"s":[{"i":[[-5.592,16.936],[-1.17,6.843],[10.049,0.392],[5.231,-4.739],[10.578,-11.297],[-9.827,-14.904]],"o":[[4.635,-14.035],[1.17,-6.843],[-12.394,-0.484],[-5.231,4.739],[-10.578,11.297],[13.163,19.965]],"v":[[60.853,43.155],[77.419,-31.327],[65.939,-48.772],[47.219,-40.619],[6.571,-3.347],[-9.685,36.136]],"c":true}]},{"i":{"x":0.833,"y":0.833},"o":{"x":0.167,"y":0.167},"t":61,"s":[{"i":[[7.639,16.116],[7.36,12.53],[9.583,-0.609],[0.116,-7.058],[-1.789,-15.373],[-0.957,-7.809]],"o":[[-11.865,-25.035],[-7.36,-12.53],[-9.583,0.609],[-0.149,9.042],[1.917,16.468],[3.673,29.985]],"v":[[14.353,30.655],[-24.652,-36.35],[-45.929,-50.489],[-57.863,-33.421],[-54.429,2.653],[-49.685,36.636]],"c":true}]},{"i":{"x":0.833,"y":0.833},"o":{"x":0.167,"y":0.167},"t":73,"s":[{"i":[[20.113,17.958],[5.383,5.684],[3.57,-2.849],[-3.971,-6.724],[-11.424,-13.571],[-8.141,-8.597]],"o":[[-15.529,-13.865],[-5.856,-6.184],[-3.57,2.849],[3.971,6.724],[11.424,13.571],[8.141,8.597]],"v":[[-93.993,40.413],[-164.774,-31.195],[-183.06,-41.479],[-178.352,-27.604],[-128.805,32.55],[-107.021,59.024]],"c":true}]},{"t":79,"s":[{"i":[[22.995,18.727],[6.337,5.919],[1.329,-1.289],[-4.243,-4.711],[-15.746,-14.358],[-3.037,-1.351]],"o":[[0,0],[-6.337,-5.919],[-1.329,1.289],[4.243,4.711],[15.746,14.358],[6.844,3.043]],"v":[[-142.167,48.291],[-231.461,-31.618],[-246.001,-42.598],[-232.971,-29.945],[-155.867,38.123],[-128.939,62.718]],"c":true}]}],"ix":2},"nm":"Path 1","mn":"ADBE Vector Shape - Group","hd":false},{"ty":"fl","c":{"a":0,"k":[0.956862745098,0.61689489028,0,1],"ix":4},"o":{"a":0,"k":100,"ix":5},"r":1,"bm":0,"nm":"Fill 1","mn":"ADBE Vector Graphic - Fill","hd":false},{"ty":"tr","p":{"a":0,"k":[0,0],"ix":2},"a":{"a":0,"k":[0,0],"ix":1},"s":{"a":0,"k":[100,100],"ix":3},"r":{"a":0,"k":0,"ix":6},"o":{"a":0,"k":100,"ix":7},"sk":{"a":0,"k":0,"ix":4},"sa":{"a":0,"k":0,"ix":5},"nm":"Transform"}],"nm":"Shape 1","np":3,"cix":2,"bm":0,"ix":1,"mn":"ADBE Vector Group","hd":false}],"ip":40,"op":80,"st":40,"bm":0},{"ddd":0,"ind":11,"ty":4,"nm":"Shadow 2","sr":1,"ks":{"o":{"a":0,"k":100,"ix":11},"r":{"a":0,"k":0,"ix":10},"p":{"a":0,"k":[340.517,341.272,0],"ix":2,"l":2},"a":{"a":0,"k":[0.505,0.393,0],"ix":1,"l":2},"s":{"a":0,"k":[100,100,100],"ix":6,"l":2}},"ao":0,"shapes":[{"ty":"gr","it":[{"ind":0,"ty":"sh","ix":1,"ks":{"a":1,"k":[{"i":{"x":0.833,"y":0.833},"o":{"x":0.167,"y":0.167},"t":0,"s":[{"i":[[0,0],[5.6,-5.981],[0,0]],"o":[[0,0],[-17.102,9.954],[0,0]],"v":[[-13.988,189.327],[-24.472,192.931],[-141.406,263.116]],"c":true}]},{"i":{"x":0.833,"y":0.833},"o":{"x":0.167,"y":0.167},"t":9,"s":[{"i":[[0,0],[5.6,-5.981],[0,0]],"o":[[0,0],[-17.102,9.954],[0,0]],"v":[[-1.988,195.327],[-26.472,183.931],[-79.406,263.116]],"c":true}]},{"i":{"x":0.833,"y":0.833},"o":{"x":0.167,"y":0.167},"t":17,"s":[{"i":[[-8.476,18.207],[2.46,-23.311],[0.394,-31.992]],"o":[[-7.024,-17.207],[-1.647,15.609],[18.894,-1.992]],"v":[[1.012,226.327],[-43.972,171.931],[-41.906,271.613]],"c":true}]},{"i":{"x":0.833,"y":0.833},"o":{"x":0.167,"y":0.167},"t":20,"s":[{"i":[[-10.476,19.207],[2.849,-14.926],[-8.894,-21.508]],"o":[[-16.024,-25.207],[-2.04,10.689],[8.894,21.508]],"v":[[0.012,255.327],[-48.972,175.931],[-40.906,254.113]],"c":true}]},{"i":{"x":0.833,"y":0.833},"o":{"x":0.167,"y":0.167},"t":21,"s":[{"i":[[-14.524,23.086],[7.04,0.518],[11.894,-21.699]],"o":[[8.449,-13.43],[-7.04,-0.518],[8.894,21.508]],"v":[[49.012,258.034],[49.028,170.638],[1.594,246.319]],"c":true}]},{"i":{"x":0.833,"y":0.833},"o":{"x":0.167,"y":0.167},"t":24,"s":[{"i":[[-15.162,11.198],[7.04,0.518],[11.894,-21.699]],"o":[[0.476,-33.914],[-7.04,-0.518],[8.894,21.508]],"v":[[55.512,268.534],[51.028,170.138],[1.094,220.319]],"c":true}]},{"i":{"x":0.833,"y":0.833},"o":{"x":0.167,"y":0.167},"t":30,"s":[{"i":[[-17.707,1.353],[11.808,5.104],[10.294,-10.899]],"o":[[-9.124,-26.714],[-6.611,-1.819],[19.094,20.625]],"v":[[88.212,269.034],[26.328,178.238],[1.494,196.019]],"c":true}]},{"i":{"x":0.833,"y":0.833},"o":{"x":0.167,"y":0.167},"t":35,"s":[{"i":[[-30.522,-12.406],[15.781,8.925],[10.628,-5.232]],"o":[[-24.624,-24.186],[-6.253,-2.904],[14.442,6.869]],"v":[[118.934,268.756],[32.245,188.738],[2.494,187.853]],"c":true}]},{"t":40,"s":[{"i":[[-40.774,-23.414],[18.96,11.982],[10.894,-0.699]],"o":[[-37.024,-22.164],[-5.967,-3.771],[10.72,-4.136]],"v":[[143.512,268.534],[34.278,201.638],[0.594,185.819]],"c":true}]}],"ix":2},"nm":"Path 1","mn":"ADBE Vector Shape - Group","hd":false},{"ty":"fl","c":{"a":0,"k":[0.956862747669,0.705882370472,0,1],"ix":4},"o":{"a":0,"k":100,"ix":5},"r":1,"bm":0,"nm":"Fill 1","mn":"ADBE Vector Graphic - Fill","hd":false},{"ty":"tr","p":{"a":0,"k":[0,0],"ix":2},"a":{"a":0,"k":[0,0],"ix":1},"s":{"a":0,"k":[100,100],"ix":3},"r":{"a":0,"k":0,"ix":6},"o":{"a":0,"k":100,"ix":7},"sk":{"a":0,"k":0,"ix":4},"sa":{"a":0,"k":0,"ix":5},"nm":"Transform"}],"nm":"Shape 1","np":3,"cix":2,"bm":0,"ix":1,"mn":"ADBE Vector Group","hd":false}],"ip":0,"op":40,"st":0,"bm":0},{"ddd":0,"ind":12,"ty":4,"nm":"Shadow","sr":1,"ks":{"o":{"a":0,"k":100,"ix":11},"r":{"a":0,"k":0,"ix":10},"p":{"a":1,"k":[{"i":{"x":0.833,"y":0.833},"o":{"x":0.167,"y":0.167},"t":21,"s":[340.517,341.272,0],"to":[0,0,0],"ti":[0,0,0]},{"t":40,"s":[320.517,341.272,0]}],"ix":2,"l":2},"a":{"a":0,"k":[0.505,0.393,0],"ix":1,"l":2},"s":{"a":0,"k":[100,100,100],"ix":6,"l":2}},"ao":0,"shapes":[{"ty":"gr","it":[{"ind":0,"ty":"sh","ix":1,"ks":{"a":1,"k":[{"i":{"x":0.833,"y":0.833},"o":{"x":0.167,"y":0.167},"t":0,"s":[{"i":[[-26.754,18.18],[0,0],[6.705,7.066],[0,0],[0,0],[1.426,-15.796]],"o":[[0,0],[4.631,-3.839],[-5.258,-5.544],[0,0],[-24.442,8.443],[-1.854,21.157]],"v":[[149.378,44.583],[243.125,-28.563],[249.434,-45.654],[229.795,-43.266],[147.792,-11.255],[105.657,25.47]],"c":true}]},{"i":{"x":0.833,"y":0.833},"o":{"x":0.167,"y":0.167},"t":17,"s":[{"i":[[-5.592,16.936],[-1.17,6.843],[10.049,0.392],[5.231,-4.739],[10.578,-11.297],[-9.827,-14.904]],"o":[[4.635,-14.035],[1.17,-6.843],[-12.394,-0.484],[-5.231,4.739],[-10.578,11.297],[13.163,19.965]],"v":[[60.853,43.155],[77.419,-31.327],[65.939,-48.772],[47.219,-40.619],[6.571,-3.347],[-9.685,36.136]],"c":true}]},{"i":{"x":0.833,"y":0.833},"o":{"x":0.167,"y":0.167},"t":21,"s":[{"i":[[7.639,16.116],[7.36,12.53],[9.583,-0.609],[0.116,-7.058],[-1.789,-15.373],[-0.957,-7.809]],"o":[[-11.865,-25.035],[-7.36,-12.53],[-9.583,0.609],[-0.149,9.042],[1.917,16.468],[3.673,29.985]],"v":[[14.353,30.655],[-24.652,-36.35],[-45.929,-50.489],[-57.863,-33.421],[-54.429,2.653],[-49.685,36.636]],"c":true}]},{"t":40,"s":[{"i":[[28.383,15.514],[0,0],[3.231,-9.189],[0,0],[0,0],[-14.707,5.938]],"o":[[0,0],[-5.529,-2.37],[-2.535,7.208],[0,0],[18.664,17.899],[19.673,-8.002]],"v":[[-103.332,14.928],[-211.19,-35.125],[-229.277,-32.942],[-218.193,-16.555],[-152.297,41.814],[-100.394,62.553]],"c":true}]}],"ix":2},"nm":"Path 1","mn":"ADBE Vector Shape - Group","hd":false},{"ty":"fl","c":{"a":0,"k":[0.956862747669,0.705882370472,0,1],"ix":4},"o":{"a":0,"k":100,"ix":5},"r":1,"bm":0,"nm":"Fill 1","mn":"ADBE Vector Graphic - Fill","hd":false},{"ty":"tr","p":{"a":0,"k":[0,0],"ix":2},"a":{"a":0,"k":[0,0],"ix":1},"s":{"a":0,"k":[100,100],"ix":3},"r":{"a":0,"k":0,"ix":6},"o":{"a":0,"k":100,"ix":7},"sk":{"a":0,"k":0,"ix":4},"sa":{"a":0,"k":0,"ix":5},"nm":"Transform"}],"nm":"Shape 1","np":3,"cix":2,"bm":0,"ix":1,"mn":"ADBE Vector Group","hd":false}],"ip":0,"op":40,"st":0,"bm":0},{"ddd":0,"ind":13,"ty":4,"nm":"STAR 5","sr":1,"ks":{"o":{"a":0,"k":100,"ix":11},"r":{"a":0,"k":0,"ix":10},"p":{"a":0,"k":[340.517,341.272,0],"ix":2,"l":2},"a":{"a":0,"k":[0.505,0.393,0],"ix":1,"l":2},"s":{"a":0,"k":[100,100,100],"ix":6,"l":2}},"ao":0,"shapes":[{"ty":"gr","it":[{"ind":0,"ty":"sh","ix":1,"ks":{"a":1,"k":[{"i":{"x":0.833,"y":0.833},"o":{"x":0.167,"y":0.167},"t":40,"s":[{"i":[[-7.923,-15.985],[0,0],[-12.259,-1.083],[0,0],[12.821,-12.435],[0,0],[-2.603,-12.162],[0,0],[15.854,8.32],[0,0],[10.525,-6.166],[0,0],[-3.011,17.638],[0,0],[9.561,7.991],[0,0],[-17.707,2.534],[0,0],[-4.935,11.281],[0,0]],"o":[[0,0],[4.905,11.225],[0,0],[17.679,2.546],[0,0],[-9.546,8.003],[0,0],[3.036,17.642],[0,0],[-10.515,-6.107],[0,0],[-15.811,8.282],[0,0],[2.621,-12.204],[0,0],[-12.797,-12.468],[0,0],[12.251,-1.135],[0,0],[7.892,-16.003]],"v":[[19.232,-262.525],[83.595,-115.919],[111.433,-95.892],[268.082,-81.915],[280.038,-45.127],[162.05,54.085],[150.763,86.933],[185.076,247.476],[153.771,270.199],[17.053,190.207],[-16.974,190.247],[-153.686,270.262],[-184.995,247.473],[-150.754,86.963],[-162.044,54.119],[-280.063,-44.89],[-268.118,-81.701],[-111.477,-95.812],[-83.676,-115.859],[-19.445,-262.542]],"c":true}]},{"t":60,"s":[{"i":[[-3.22,-15.895],[-1.028,-4.291],[-1.8,-3.341],[-1.165,-8.553],[0.015,-14.269],[1.028,-19.965],[-0.578,-12.162],[3.488,-13.286],[10.873,0],[0,0],[2.336,-6.166],[25.092,0],[4.04,14.647],[2.558,86.158],[0.661,9.499],[0.993,23.02],[-2.27,11.702],[-1.075,2.136],[-2.079,8.731],[-5.42,18.594]],"o":[[3.22,15.895],[1.438,6],[1.384,2.568],[1.27,9.321],[-0.022,20.246],[-0.723,14.051],[0,0],[-3.582,13.644],[-26.135,0],[-2.333,-6.107],[0,0],[-10.941,0],[-4.038,-14.639],[-0.321,-10.806],[-0.661,-9.499],[-0.694,-16.071],[1.476,-7.607],[1.075,-2.136],[16.557,-69.541],[5.053,-17.337]],"v":[[16.393,-262.525],[49.551,-106.88],[55.038,-96.199],[59.718,-81.701],[61.635,-47.125],[57.21,54.085],[55.706,86.933],[45.82,247.476],[21.623,270.278],[-26.216,190.207],[26.233,190.247],[-20.604,270.404],[-44.052,247.473],[-54.82,86.963],[-56.351,54.119],[-61.005,-44.9],[-58.488,-81.666],[-52.837,-95.993],[-49.069,-107.839],[-15.065,-262.542]],"c":true}]}],"ix":2},"nm":"Path 1","mn":"ADBE Vector Shape - Group","hd":false},{"ty":"fl","c":{"a":1,"k":[{"i":{"x":[0.833],"y":[-0.198]},"o":{"x":[0.333],"y":[0]},"t":40,"s":[0.956862747669,0.705882370472,0,1]},{"t":60,"s":[0.979347334429,0.795820712897,0.13240924279,1]}],"ix":4},"o":{"a":0,"k":100,"ix":5},"r":1,"bm":0,"nm":"Fill 1","mn":"ADBE Vector Graphic - Fill","hd":false},{"ty":"tr","p":{"a":0,"k":[0,0],"ix":2},"a":{"a":0,"k":[0,0],"ix":1},"s":{"a":0,"k":[100,100],"ix":3},"r":{"a":0,"k":0,"ix":6},"o":{"a":0,"k":100,"ix":7},"sk":{"a":0,"k":0,"ix":4},"sa":{"a":0,"k":0,"ix":5},"nm":"Transform"}],"nm":"Shape 3","np":3,"cix":2,"bm":0,"ix":1,"mn":"ADBE Vector Group","hd":false}],"ip":40,"op":60,"st":20,"bm":0},{"ddd":0,"ind":14,"ty":4,"nm":"STAR 4","sr":1,"ks":{"o":{"a":0,"k":100,"ix":11},"r":{"a":0,"k":0,"ix":10},"p":{"a":0,"k":[340.517,341.272,0],"ix":2,"l":2},"a":{"a":0,"k":[0.505,0.393,0],"ix":1,"l":2},"s":{"a":0,"k":[100,100,100],"ix":6,"l":2}},"ao":0,"shapes":[{"ty":"gr","it":[{"ind":0,"ty":"sh","ix":1,"ks":{"a":1,"k":[{"i":{"x":0.833,"y":0.833},"o":{"x":0.167,"y":0.167},"t":60,"s":[{"i":[[-3.22,-15.895],[-1.028,-4.291],[-1.8,-3.341],[-1.165,-8.553],[0.015,-14.269],[1.028,-19.965],[-0.578,-12.162],[3.488,-13.286],[10.873,0],[0,0],[2.336,-6.166],[25.092,0],[4.04,14.647],[2.558,86.158],[0.661,9.499],[0.993,23.02],[-2.27,11.702],[-1.075,2.136],[-2.079,8.731],[-5.42,18.594]],"o":[[3.22,15.895],[1.438,6],[1.384,2.568],[1.27,9.321],[-0.022,20.246],[-0.723,14.051],[0,0],[-3.582,13.644],[-26.135,0],[-2.333,-6.107],[0,0],[-10.941,0],[-4.038,-14.639],[-0.321,-10.806],[-0.661,-9.499],[-0.694,-16.071],[1.476,-7.607],[1.075,-2.136],[16.557,-69.541],[5.053,-17.337]],"v":[[16.393,-262.525],[49.551,-106.88],[55.038,-96.199],[59.718,-81.701],[61.635,-47.125],[57.21,54.085],[55.706,86.933],[45.82,247.476],[21.623,270.278],[-26.216,190.207],[26.233,190.247],[-20.604,270.404],[-44.052,247.473],[-54.82,86.963],[-56.351,54.119],[-61.005,-44.9],[-58.488,-81.666],[-52.837,-95.993],[-49.069,-107.839],[-15.065,-262.542]],"c":true}]},{"t":80,"s":[{"i":[[-7.923,-15.985],[0,0],[-12.259,-1.083],[0,0],[12.821,-12.435],[0,0],[-2.603,-12.162],[0,0],[15.854,8.32],[0,0],[10.525,-6.166],[0,0],[-3.011,17.638],[0,0],[9.561,7.991],[0,0],[-17.707,2.534],[0,0],[-4.935,11.281],[0,0]],"o":[[0,0],[4.905,11.225],[0,0],[17.679,2.546],[0,0],[-9.546,8.003],[0,0],[3.036,17.642],[0,0],[-10.515,-6.107],[0,0],[-15.811,8.282],[0,0],[2.621,-12.204],[0,0],[-12.797,-12.468],[0,0],[12.251,-1.135],[0,0],[7.892,-16.003]],"v":[[19.232,-262.525],[83.595,-115.919],[111.433,-95.892],[268.082,-81.915],[280.038,-45.127],[162.05,54.085],[150.763,86.933],[185.076,247.476],[153.771,270.199],[17.053,190.207],[-16.974,190.247],[-153.686,270.262],[-184.995,247.473],[-150.754,86.963],[-162.044,54.119],[-280.063,-44.89],[-268.118,-81.701],[-111.477,-95.812],[-83.676,-115.859],[-19.445,-262.542]],"c":true}]}],"ix":2},"nm":"Path 1","mn":"ADBE Vector Shape - Group","hd":false},{"ty":"fl","c":{"a":1,"k":[{"i":{"x":[0.667],"y":[1]},"o":{"x":[0.167],"y":[1.198]},"t":60,"s":[0.979347334429,0.795820712897,0.13240924279,1]},{"t":80,"s":[0.992156862745,0.847058823529,0.207843137255,1]}],"ix":4},"o":{"a":0,"k":100,"ix":5},"r":1,"bm":0,"nm":"Fill 1","mn":"ADBE Vector Graphic - Fill","hd":false},{"ty":"tr","p":{"a":0,"k":[0,0],"ix":2},"a":{"a":0,"k":[0,0],"ix":1},"s":{"a":0,"k":[100,100],"ix":3},"r":{"a":0,"k":0,"ix":6},"o":{"a":0,"k":100,"ix":7},"sk":{"a":0,"k":0,"ix":4},"sa":{"a":0,"k":0,"ix":5},"nm":"Transform"}],"nm":"Shape 3","np":3,"cix":2,"bm":0,"ix":1,"mn":"ADBE Vector Group","hd":false}],"ip":60,"op":80,"st":60,"bm":0},{"ddd":0,"ind":15,"ty":4,"nm":"STAR 3","sr":1,"ks":{"o":{"a":0,"k":100,"ix":11},"r":{"a":0,"k":0,"ix":10},"p":{"a":0,"k":[340.517,341.272,0],"ix":2,"l":2},"a":{"a":0,"k":[0.505,0.393,0],"ix":1,"l":2},"s":{"a":0,"k":[100,100,100],"ix":6,"l":2}},"ao":0,"shapes":[{"ty":"gr","it":[{"ind":0,"ty":"sh","ix":1,"ks":{"a":1,"k":[{"i":{"x":0.833,"y":0.833},"o":{"x":0.167,"y":0.167},"t":20,"s":[{"i":[[-3.22,-15.895],[-1.028,-4.291],[-1.8,-3.341],[-1.165,-8.553],[0.015,-14.269],[1.028,-19.965],[-0.578,-12.162],[3.488,-13.286],[10.873,0],[0,0],[2.336,-6.166],[25.092,0],[4.04,14.647],[2.558,86.158],[0.661,9.499],[0.993,23.02],[-2.27,11.702],[-1.075,2.136],[-2.079,8.731],[-5.42,18.594]],"o":[[3.22,15.895],[1.438,6],[1.384,2.568],[1.27,9.321],[-0.022,20.246],[-0.723,14.051],[0,0],[-3.582,13.644],[-26.135,0],[-2.333,-6.107],[0,0],[-10.941,0],[-4.038,-14.639],[-0.321,-10.806],[-0.661,-9.499],[-0.694,-16.071],[1.476,-7.607],[1.075,-2.136],[16.557,-69.541],[5.053,-17.337]],"v":[[16.393,-262.525],[49.551,-106.88],[55.038,-96.199],[59.718,-81.701],[61.635,-47.125],[57.21,54.085],[55.706,86.933],[45.82,247.476],[21.623,270.278],[-26.216,190.207],[26.233,190.247],[-20.604,270.404],[-44.052,247.473],[-54.82,86.963],[-56.351,54.119],[-61.005,-44.9],[-58.488,-81.666],[-52.837,-95.993],[-49.069,-107.839],[-15.065,-262.542]],"c":true}]},{"t":40,"s":[{"i":[[-7.923,-15.985],[0,0],[-12.259,-1.083],[0,0],[12.821,-12.435],[0,0],[-2.603,-12.162],[0,0],[15.854,8.32],[0,0],[10.525,-6.166],[0,0],[-3.011,17.638],[0,0],[9.561,7.991],[0,0],[-17.707,2.534],[0,0],[-4.935,11.281],[0,0]],"o":[[0,0],[4.905,11.225],[0,0],[17.679,2.546],[0,0],[-9.546,8.003],[0,0],[3.036,17.642],[0,0],[-10.515,-6.107],[0,0],[-15.811,8.282],[0,0],[2.621,-12.204],[0,0],[-12.797,-12.468],[0,0],[12.251,-1.135],[0,0],[7.892,-16.003]],"v":[[19.232,-262.525],[83.595,-115.919],[111.433,-95.892],[268.082,-81.915],[280.038,-45.127],[162.05,54.085],[150.763,86.933],[185.076,247.476],[153.771,270.199],[17.053,190.207],[-16.974,190.247],[-153.686,270.262],[-184.995,247.473],[-150.754,86.963],[-162.044,54.119],[-280.063,-44.89],[-268.118,-81.701],[-111.477,-95.812],[-83.676,-115.859],[-19.445,-262.542]],"c":true}]}],"ix":2},"nm":"Path 1","mn":"ADBE Vector Shape - Group","hd":false},{"ty":"fl","c":{"a":1,"k":[{"i":{"x":[0.667],"y":[1]},"o":{"x":[0.167],"y":[-1.198]},"t":20,"s":[0.979347334429,0.795820712897,0.13240924279,1]},{"t":40,"s":[0.956862747669,0.705882370472,0,1]}],"ix":4},"o":{"a":0,"k":100,"ix":5},"r":1,"bm":0,"nm":"Fill 1","mn":"ADBE Vector Graphic - Fill","hd":false},{"ty":"tr","p":{"a":0,"k":[0,0],"ix":2},"a":{"a":0,"k":[0,0],"ix":1},"s":{"a":0,"k":[100,100],"ix":3},"r":{"a":0,"k":0,"ix":6},"o":{"a":0,"k":100,"ix":7},"sk":{"a":0,"k":0,"ix":4},"sa":{"a":0,"k":0,"ix":5},"nm":"Transform"}],"nm":"Shape 3","np":3,"cix":2,"bm":0,"ix":1,"mn":"ADBE Vector Group","hd":false}],"ip":20,"op":40,"st":0,"bm":0},{"ddd":0,"ind":16,"ty":4,"nm":"STAR","sr":1,"ks":{"o":{"a":0,"k":100,"ix":11},"r":{"a":0,"k":0,"ix":10},"p":{"a":0,"k":[340.517,341.272,0],"ix":2,"l":2},"a":{"a":0,"k":[0.505,0.393,0],"ix":1,"l":2},"s":{"a":0,"k":[100,100,100],"ix":6,"l":2}},"ao":0,"shapes":[{"ty":"gr","it":[{"ind":0,"ty":"sh","ix":1,"ks":{"a":1,"k":[{"i":{"x":0.833,"y":0.833},"o":{"x":0.167,"y":0.167},"t":0,"s":[{"i":[[-7.923,-15.985],[0,0],[-12.259,-1.083],[0,0],[12.821,-12.435],[0,0],[-2.603,-12.162],[0,0],[15.854,8.32],[0,0],[10.525,-6.166],[0,0],[-3.011,17.638],[0,0],[9.561,7.991],[0,0],[-17.707,2.534],[0,0],[-4.935,11.281],[0,0]],"o":[[0,0],[4.905,11.225],[0,0],[17.679,2.546],[0,0],[-9.546,8.003],[0,0],[3.036,17.642],[0,0],[-10.515,-6.107],[0,0],[-15.811,8.282],[0,0],[2.621,-12.204],[0,0],[-12.797,-12.468],[0,0],[12.251,-1.135],[0,0],[7.892,-16.003]],"v":[[19.232,-262.525],[83.595,-115.919],[111.433,-95.892],[268.082,-81.915],[280.038,-45.127],[162.05,54.085],[150.763,86.933],[185.076,247.476],[153.771,270.199],[17.053,190.207],[-16.974,190.247],[-153.686,270.262],[-184.995,247.473],[-150.754,86.963],[-162.044,54.119],[-280.063,-44.89],[-268.118,-81.701],[-111.477,-95.812],[-83.676,-115.859],[-19.445,-262.542]],"c":true}]},{"t":20,"s":[{"i":[[-3.22,-15.895],[-1.028,-4.291],[-1.8,-3.341],[-1.165,-8.553],[0.015,-14.269],[1.028,-19.965],[-0.578,-12.162],[3.488,-13.286],[10.873,0],[0,0],[2.336,-6.166],[25.092,0],[4.04,14.647],[2.558,86.158],[0.661,9.499],[0.993,23.02],[-2.27,11.702],[-1.075,2.136],[-2.079,8.731],[-5.42,18.594]],"o":[[3.22,15.895],[1.438,6],[1.384,2.568],[1.27,9.321],[-0.022,20.246],[-0.723,14.051],[0,0],[-3.582,13.644],[-26.135,0],[-2.333,-6.107],[0,0],[-10.941,0],[-4.038,-14.639],[-0.321,-10.806],[-0.661,-9.499],[-0.694,-16.071],[1.476,-7.607],[1.075,-2.136],[16.557,-69.541],[5.053,-17.337]],"v":[[16.393,-262.525],[49.551,-106.88],[55.038,-96.199],[59.718,-81.701],[61.635,-47.125],[57.21,54.085],[55.706,86.933],[45.82,247.476],[21.623,270.278],[-26.216,190.207],[26.233,190.247],[-20.604,270.404],[-44.052,247.473],[-54.82,86.963],[-56.351,54.119],[-61.005,-44.9],[-58.488,-81.666],[-52.837,-95.993],[-49.069,-107.839],[-15.065,-262.542]],"c":true}]}],"ix":2},"nm":"Path 1","mn":"ADBE Vector Shape - Group","hd":false},{"ty":"fl","c":{"a":1,"k":[{"i":{"x":[0.833],"y":[2.198]},"o":{"x":[0.333],"y":[0]},"t":0,"s":[0.992156862745,0.847058823529,0.207843137255,1]},{"t":20,"s":[0.979347334429,0.795820712897,0.13240924279,1]}],"ix":4},"o":{"a":0,"k":100,"ix":5},"r":1,"bm":0,"nm":"Fill 1","mn":"ADBE Vector Graphic - Fill","hd":false},{"ty":"tr","p":{"a":0,"k":[0,0],"ix":2},"a":{"a":0,"k":[0,0],"ix":1},"s":{"a":0,"k":[100,100],"ix":3},"r":{"a":0,"k":0,"ix":6},"o":{"a":0,"k":100,"ix":7},"sk":{"a":0,"k":0,"ix":4},"sa":{"a":0,"k":0,"ix":5},"nm":"Transform"}],"nm":"Shape 3","np":3,"cix":2,"bm":0,"ix":1,"mn":"ADBE Vector Group","hd":false}],"ip":0,"op":20,"st":0,"bm":0}]},{"id":"comp_2","nm":"TRAIL SPIN 2","fr":60,"layers":[{"ddd":0,"ind":1,"ty":4,"nm":"Rotation","sr":1,"ks":{"o":{"a":0,"k":0,"ix":11},"r":{"a":0,"k":45.3,"ix":10},"p":{"a":0,"k":[520,516,0],"ix":2,"l":2},"a":{"a":0,"k":[0,0,0],"ix":1,"l":2},"s":{"a":0,"k":[116,58,100],"ix":6,"l":2}},"ao":0,"shapes":[{"ty":"gr","it":[{"d":1,"ty":"el","s":{"a":0,"k":[1024,1024],"ix":2},"p":{"a":0,"k":[0,0],"ix":3},"nm":"Ellipse Path 1","mn":"ADBE Vector Shape - Ellipse","hd":false},{"ty":"st","c":{"a":0,"k":[1,0.308235288134,0.308235288134,1],"ix":3},"o":{"a":0,"k":100,"ix":4},"w":{"a":0,"k":10,"ix":5},"lc":1,"lj":1,"ml":4,"bm":0,"nm":"Stroke 1","mn":"ADBE Vector Graphic - Stroke","hd":false},{"ty":"tr","p":{"a":0,"k":[0,0],"ix":2},"a":{"a":0,"k":[0,0],"ix":1},"s":{"a":0,"k":[100,100],"ix":3},"r":{"a":0,"k":0,"ix":6},"o":{"a":0,"k":100,"ix":7},"sk":{"a":0,"k":0,"ix":4},"sa":{"a":0,"k":0,"ix":5},"nm":"Transform"}],"nm":"Ellipse 1","np":3,"cix":2,"bm":0,"ix":1,"mn":"ADBE Vector Group","hd":false}],"ip":0,"op":41,"st":0,"bm":0},{"ddd":0,"ind":2,"ty":3,"nm":"Null 12","parent":1,"sr":1,"ks":{"o":{"a":0,"k":0,"ix":11},"r":{"a":1,"k":[{"i":{"x":[0.5],"y":[0.81]},"o":{"x":[0.5],"y":[0.19]},"t":0,"s":[0]},{"t":40,"s":[360]}],"ix":10},"p":{"a":0,"k":[0,0,0],"ix":2,"l":2},"a":{"a":0,"k":[0,0,0],"ix":1,"l":2},"s":{"a":0,"k":[86.047,172.093,100],"ix":6,"l":2}},"ao":0,"ip":0,"op":41,"st":0,"bm":0},{"ddd":0,"ind":3,"ty":4,"nm":"Trail 3","parent":2,"sr":1,"ks":{"o":{"a":0,"k":100,"ix":11},"r":{"a":0,"k":-45.388,"ix":10},"p":{"a":0,"k":[14.42,-20.223,0],"ix":2,"l":2},"a":{"a":0,"k":[-0.859,-15.675,0],"ix":1,"l":2},"s":{"a":0,"k":[100,100,100],"ix":6,"l":2}},"ao":0,"shapes":[{"ty":"gr","it":[{"ind":0,"ty":"sh","ix":1,"ks":{"a":1,"k":[{"i":{"x":0.833,"y":0.833},"o":{"x":0.333,"y":0},"t":0,"s":[{"i":[[-4.24,30.64],[44.32,44.64],[6.88,-6.96],[157.68,136.88],[-21.12,-20.72],[-62.24,-22.96],[-31.52,30.48]],"o":[[-32.64,-32.96],[-2.72,10.32],[-51.44,51.44],[-19.68,-17.04],[26.16,25.6],[181.28,66.8],[17.76,-17.36]],"v":[[439.746,333.32],[307.386,198.84],[293.066,224.92],[-56.414,74.12],[-169.214,269.08],[101.026,434.92],[406.946,406.2]],"c":true}]},{"i":{"x":0.833,"y":0.833},"o":{"x":0.167,"y":0.167},"t":2,"s":[{"i":[[-4.24,30.64],[44.32,44.64],[6.88,-6.96],[153.631,127.489],[-21.12,-20.72],[-65.086,-24.101],[-36.098,43.004]],"o":[[-32.64,-32.96],[-2.72,10.32],[-51.44,51.44],[-19.719,-16.993],[26.16,25.6],[181.231,66.93],[17.76,-17.36]],"v":[[440.25,321.102],[307.454,178.706],[293.134,204.786],[-54.83,78.756],[-165.419,270.68],[104.738,435.945],[409.89,398.023]],"c":true}]},{"i":{"x":0.833,"y":0.833},"o":{"x":0.167,"y":0.167},"t":4,"s":[{"i":[[-4.24,30.64],[44.32,44.64],[6.88,-6.96],[142.834,98.432],[-21.12,-20.72],[-69.298,-25.791],[-31.52,30.48]],"o":[[-32.64,-32.96],[-2.72,10.32],[-51.44,51.44],[-19.776,-16.924],[26.16,25.6],[181.159,67.122],[17.76,-17.36]],"v":[[442.23,329.498],[298.142,156.644],[283.822,182.724],[-51.756,91.442],[-159.801,273.048],[110.233,437.461],[404.97,407.295]],"c":true}]},{"i":{"x":0.833,"y":0.833},"o":{"x":0.167,"y":0.167},"t":6,"s":[{"i":[[-4.24,30.64],[44.32,44.64],[6.88,-6.96],[132.037,69.375],[-20.694,-21.146],[-73.511,-27.48],[-31.52,30.48]],"o":[[-32.64,-32.96],[-2.72,10.32],[-51.44,51.44],[-19.833,-16.855],[37.251,38.065],[181.087,67.314],[17.76,-17.36]],"v":[[441.77,333.853],[288.488,136.787],[274.168,162.867],[-48.681,104.128],[-155.125,280.273],[115.728,438.978],[408.97,406.734]],"c":true}]},{"i":{"x":0.833,"y":0.833},"o":{"x":0.167,"y":0.167},"t":8,"s":[{"i":[[-4.24,30.64],[44.32,44.64],[6.88,-6.96],[126.166,59.778],[-21.83,-19.971],[-81.01,-30.487],[-31.52,30.48]],"o":[[-32.64,-32.96],[-2.72,10.32],[-51.44,51.44],[-19.935,-16.733],[56.544,51.729],[180.958,67.655],[17.76,-17.36]],"v":[[443.117,334.209],[271.213,119.985],[256.892,146.065],[-51.529,115.589],[-141.709,295.511],[124.765,444.194],[410.317,407.089]],"c":true}]},{"i":{"x":0.833,"y":0.833},"o":{"x":0.167,"y":0.167},"t":10,"s":[{"i":[[-4.24,30.64],[44.32,44.64],[6.88,-6.96],[120.296,50.181],[-21.12,-20.72],[-88.51,-33.495],[-31.52,30.48]],"o":[[-32.64,-32.96],[-2.72,10.32],[-51.44,51.44],[-20.036,-16.61],[26.16,25.6],[180.83,67.997],[17.76,-17.36]],"v":[[444.464,334.564],[250.134,102.765],[235.813,128.845],[-37.133,136.431],[-134.673,298.572],[125.438,449.63],[411.664,407.444]],"c":true}]},{"i":{"x":0.833,"y":0.833},"o":{"x":0.167,"y":0.167},"t":12,"s":[{"i":[[-4.24,30.64],[45.546,43.352],[6.678,-7.149],[107.724,43.72],[-21.12,-20.72],[-101.644,-38.762],[-31.52,30.48]],"o":[[-32.64,-32.96],[-2.426,10.389],[-38.479,74.77],[-21.209,-14.952],[26.16,25.6],[180.605,68.596],[17.76,-17.36]],"v":[[446.823,335.185],[240.93,99.913],[231.71,131.335],[-51.143,159.955],[-116.981,312.549],[116.718,439.955],[414.023,408.066]],"c":true}]},{"i":{"x":0.833,"y":0.833},"o":{"x":0.167,"y":0.167},"t":14,"s":[{"i":[[-4.24,30.64],[46.772,42.064],[6.476,-7.338],[126.351,75.045],[-21.12,-20.72],[-114.779,-44.03],[-31.52,30.48]],"o":[[-32.64,-32.96],[-2.133,10.457],[-25.517,98.1],[-22.382,-13.294],[26.16,25.6],[180.379,69.194],[17.76,-17.36]],"v":[[449.182,335.807],[231.726,97.062],[227.607,133.825],[-65.585,180.965],[-119.524,308.38],[113.99,442.541],[416.382,408.687]],"c":true}]},{"i":{"x":0.833,"y":0.833},"o":{"x":0.167,"y":0.167},"t":16,"s":[{"i":[[-4.24,30.64],[44.107,38.049],[6.678,-7.149],[133.117,95.959],[-21.12,-20.72],[-108.823,-44.987],[-31.52,30.48]],"o":[[-37.698,-27.921],[-2.426,10.389],[-43.729,76.478],[-21.209,-14.952],[26.16,25.6],[178.027,74.387],[17.76,-17.36]],"v":[[440.136,337.507],[249.109,180.321],[239.89,211.743],[-65.824,173.82],[-138.223,298.334],[80.358,431.211],[407.336,410.387]],"c":true}]},{"i":{"x":0.833,"y":0.833},"o":{"x":0.167,"y":0.167},"t":18,"s":[{"i":[[-4.24,30.64],[41.442,34.034],[6.88,-6.96],[139.884,116.872],[-21.12,-20.72],[-169.314,-68.634],[-31.52,30.48]],"o":[[-42.756,-22.883],[-2.72,10.32],[-61.942,54.855],[-20.036,-16.61],[26.16,25.6],[171.545,69.539],[17.76,-17.36]],"v":[[431.579,338.755],[288.136,257.333],[273.816,283.413],[-41.755,145.714],[-142.18,290.804],[113.525,449.224],[398.779,411.635]],"c":true}]},{"i":{"x":0.833,"y":0.833},"o":{"x":0.167,"y":0.167},"t":20,"s":[{"i":[[-4.24,30.64],[38.564,23.429],[6.88,-6.96],[158.916,144.769],[-21.12,-20.72],[-90.955,-47.86],[-31.52,30.48]],"o":[[-52.871,-12.805],[-2.72,10.32],[-67.422,50.263],[-19.244,-17.531],[26.16,25.6],[170.971,89.965],[17.76,-17.36]],"v":[[443.718,356.369],[332.261,310.085],[317.941,336.165],[-65.556,155.257],[-155.165,254.074],[82.996,432.888],[410.918,429.249]],"c":true}]},{"i":{"x":0.833,"y":0.833},"o":{"x":0.167,"y":0.167},"t":22,"s":[{"i":[[-4.24,30.64],[44.32,44.64],[6.88,-6.96],[161.498,102.194],[-21.12,-20.72],[-108.175,-32.115],[-37.412,36.247]],"o":[[-32.64,-32.96],[-2.72,10.32],[-54.378,72.338],[-20.036,-16.61],[26.16,25.6],[180.829,67.997],[17.76,-17.36]],"v":[[458.096,322.751],[356.596,235.585],[342.276,261.665],[-38.757,169.224],[-125.078,257.492],[147.903,435.327],[421.942,417.144]],"c":true}]},{"i":{"x":0.833,"y":0.833},"o":{"x":0.167,"y":0.167},"t":24,"s":[{"i":[[-4.24,30.64],[44.32,44.64],[6.88,-6.96],[141.793,99.529],[-21.12,-20.72],[-111.477,-38.072],[-31.52,30.48]],"o":[[-32.64,-32.96],[-2.72,10.32],[-52.909,61.889],[-20.215,-16.395],[26.16,25.6],[170.692,69.106],[17.76,-17.36]],"v":[[451.62,323.842],[330.623,180.724],[316.303,206.804],[-55.675,144.22],[-152.8,235.791],[108.015,398.766],[404.408,395.776]],"c":true}]},{"i":{"x":0.833,"y":0.833},"o":{"x":0.167,"y":0.167},"t":26,"s":[{"i":[[-7.821,29.927],[44.32,44.64],[6.88,-6.96],[122.087,96.865],[-21.12,-20.72],[-114.779,-44.03],[-34.892,26.553]],"o":[[-28.529,-36.577],[-2.72,10.32],[-51.44,51.44],[-20.393,-16.18],[26.16,25.6],[180.379,69.194],[19.682,-15.146]],"v":[[418.315,309.668],[285.611,156.512],[271.291,182.592],[-47.98,155.953],[-163.348,246.092],[81.323,386.237],[377.155,378.175]],"c":true}]},{"i":{"x":0.833,"y":0.833},"o":{"x":0.167,"y":0.167},"t":28,"s":[{"i":[[-4.24,30.64],[51.425,37.311],[6.74,-7.096],[121.211,119.207],[-21.12,-20.72],[-129.886,-46.77],[-31.52,30.48]],"o":[[-37.698,-27.921],[-2.514,10.372],[-55.619,54.268],[-20.215,-16.395],[26.16,25.6],[129.886,46.77],[17.76,-17.36]],"v":[[402.168,301.872],[252.667,187.458],[238.871,213.818],[-58.22,154.682],[-140.469,279.001],[97.122,407.971],[369.368,374.752]],"c":true}]},{"i":{"x":0.833,"y":0.833},"o":{"x":0.167,"y":0.167},"t":30,"s":[{"i":[[-4.24,30.64],[57.021,32.019],[6.88,-6.96],[98.299,105.062],[-21.12,-20.72],[-102.867,-45.945],[-31.52,30.48]],"o":[[-42.756,-22.883],[-2.72,10.32],[-55.231,31.825],[-20.036,-16.61],[26.16,25.6],[175.675,79.58],[17.76,-17.36]],"v":[[395.158,308.621],[247.89,251.648],[233.57,277.728],[-26.951,162.482],[-163.075,271.847],[57.198,405.094],[362.358,381.501]],"c":true}]},{"i":{"x":0.833,"y":0.833},"o":{"x":0.167,"y":0.167},"t":32,"s":[{"i":[[-4.24,30.64],[53.796,35.223],[6.88,-6.96],[129.816,140.363],[-21.12,-20.72],[-92.552,-40.109],[-36.641,39.033]],"o":[[-40.188,-25.441],[-2.72,10.32],[-59.275,53.988],[-19.946,-16.719],[26.16,25.6],[177.098,76.335],[17.76,-17.36]],"v":[[406.478,314.892],[262.996,238.241],[248.675,264.321],[-34.431,140.048],[-164.634,271.145],[63.353,414.144],[375.773,395.627]],"c":true}]},{"i":{"x":0.833,"y":0.833},"o":{"x":0.167,"y":0.167},"t":34,"s":[{"i":[[-4.24,30.64],[50.997,38.005],[6.88,-6.96],[138.048,139.334],[-20.809,-21.024],[-83.597,-35.043],[-37.824,42.178]],"o":[[-37.958,-27.662],[-2.72,10.32],[-56.961,53.235],[-19.867,-16.814],[31.491,32.122],[178.333,73.518],[17.76,-17.36]],"v":[[413.117,321.375],[276.11,226.6],[261.79,252.68],[-40.926,120.571],[-166.129,269.288],[78.826,424.207],[381.071,404.702]],"c":true}]},{"i":{"x":0.833,"y":0.833},"o":{"x":0.167,"y":0.167},"t":36,"s":[{"i":[[-4.24,30.64],[48.197,40.787],[6.88,-6.96],[146.28,138.305],[-20.498,-21.327],[-74.642,-29.977],[-39.007,45.322]],"o":[[-35.728,-29.884],[-2.72,10.32],[-54.646,52.482],[-19.789,-16.909],[36.821,38.644],[179.569,70.701],[17.76,-17.36]],"v":[[419.755,327.859],[289.224,214.96],[274.904,241.04],[-44.703,101.092],[-167.625,267.43],[86.759,427.383],[386.37,413.776]],"c":true}]},{"i":{"x":0.667,"y":1},"o":{"x":0.167,"y":0.167},"t":38,"s":[{"i":[[-4.24,30.64],[45.398,43.569],[6.88,-6.96],[154.512,137.276],[-20.187,-21.63],[-65.687,-24.91],[-32.102,31.453]],"o":[[-33.498,-32.105],[-2.72,10.32],[-52.331,51.73],[-19.71,-17.003],[42.151,45.166],[180.804,67.884],[17.76,-17.36]],"v":[[426.394,334.342],[302.339,203.32],[288.019,229.4],[-53.914,81.617],[-169.12,265.573],[103.629,431.783],[391.41,415.092]],"c":true}]},{"t":40,"s":[{"i":[[-4.24,30.64],[44.32,44.64],[6.88,-6.96],[157.68,136.88],[-21.12,-20.72],[-62.24,-22.96],[-31.52,30.48]],"o":[[-32.64,-32.96],[-2.72,10.32],[-51.44,51.44],[-19.68,-17.04],[26.16,25.6],[181.28,66.8],[17.76,-17.36]],"v":[[439.746,333.32],[307.386,198.84],[293.066,224.92],[-56.414,74.12],[-169.214,269.08],[101.026,434.92],[406.946,406.2]],"c":true}]}],"ix":2},"nm":"Path 1","mn":"ADBE Vector Shape - Group","hd":false},{"ty":"gf","o":{"a":0,"k":100,"ix":10},"r":1,"bm":0,"g":{"p":3,"k":{"a":0,"k":[0,1,0.702,0,0.5,1,0.702,0,1,1,0.702,0,0,1,0.5,0.5,1,0],"ix":9}},"s":{"a":1,"k":[{"i":{"x":0.833,"y":0.833},"o":{"x":0.333,"y":0},"t":0,"s":[268,336],"to":[0,0],"ti":[0,0]},{"i":{"x":0.833,"y":0.833},"o":{"x":0.167,"y":0.167},"t":10,"s":[222.57,153.659],"to":[0,0],"ti":[0,0]},{"i":{"x":0.833,"y":0.833},"o":{"x":0.167,"y":0.167},"t":20,"s":[293.685,300.687],"to":[0,0],"ti":[0,0]},{"i":{"x":0.667,"y":1},"o":{"x":0.167,"y":0.167},"t":30,"s":[238.719,314.188],"to":[0,0],"ti":[0,0]},{"t":40,"s":[268,336]}],"ix":5},"e":{"a":1,"k":[{"i":{"x":0.833,"y":0.833},"o":{"x":0.297,"y":0},"t":0,"s":[-74,216],"to":[0,0],"ti":[0,0]},{"i":{"x":0.833,"y":0.833},"o":{"x":0.167,"y":0.167},"t":10,"s":[-45.374,133.249],"to":[0,0],"ti":[0,0]},{"i":{"x":0.833,"y":0.833},"o":{"x":0.167,"y":0.167},"t":20,"s":[-93.389,196.6],"to":[0,0],"ti":[0,0]},{"i":{"x":0.667,"y":1},"o":{"x":0.167,"y":0.167},"t":30,"s":[-78.672,265.135],"to":[0,0],"ti":[0,0]},{"t":40,"s":[-74,216]}],"ix":6},"t":1,"nm":"Gradient Fill 1","mn":"ADBE Vector Graphic - G-Fill","hd":false},{"ty":"tr","p":{"a":0,"k":[0,0],"ix":2},"a":{"a":0,"k":[0,0],"ix":1},"s":{"a":0,"k":[100,100],"ix":3},"r":{"a":0,"k":0,"ix":6},"o":{"a":0,"k":100,"ix":7},"sk":{"a":0,"k":0,"ix":4},"sa":{"a":0,"k":0,"ix":5},"nm":"Transform"}],"nm":"Shape 2","np":3,"cix":2,"bm":0,"ix":1,"mn":"ADBE Vector Group","hd":false},{"ty":"gr","it":[{"ind":0,"ty":"sh","ix":1,"ks":{"a":1,"k":[{"i":{"x":0.833,"y":0.833},"o":{"x":0.333,"y":0},"t":0,"s":[{"i":[[5.789,12.124],[-24.578,51.839],[-180.48,-180.4],[59.28,-59.28],[0.56,-0.56],[-31.2,-29.68],[200.4,206.8],[83.44,56],[92.96,11.12],[-34.083,-101.184],[-52.921,-41.809]],"o":[[-17.456,-36.439],[51.549,-66.052],[180.4,180.4],[-0.56,0.56],[49.04,46.56],[38.96,-115.44],[-32.56,-33.6],[-76.32,-51.2],[-60.56,-7.28],[4.361,16.97],[10.514,8.323]],"v":[[-320.526,-238.352],[-355.731,-399.468],[85.626,-190],[293.066,225],[291.226,226.6],[433.026,363.08],[181.026,-196.6],[-31.374,-385.08],[-284.014,-494.44],[-437.903,-364.819],[-339.803,-222.937]],"c":true}]},{"i":{"x":0.833,"y":0.833},"o":{"x":0.167,"y":0.167},"t":2,"s":[{"i":[[4.315,11.884],[-29.732,46.465],[-178.475,-170.108],[59.28,-59.28],[0.56,-0.56],[-31.2,-29.68],[199.982,207.191],[83.038,55.197],[89.996,11.915],[-14.994,-96.772],[-46.62,-42.554]],"o":[[-13.021,-35.721],[53.781,-59.139],[178.199,169.933],[-0.56,0.56],[49.04,46.56],[38.96,-115.44],[-34.27,-35.639],[-76.563,-50.798],[-58.9,-7.87],[-0.06,19.378],[9.08,8.751]],"v":[[-356.902,-256.933],[-372.293,-398.599],[82.293,-189.607],[293.134,204.866],[291.294,206.466],[433.53,350.863],[183.392,-196.391],[-26.813,-380.044],[-276.322,-488.714],[-453.749,-382.27],[-375.721,-246.045]],"c":true}]},{"i":{"x":0.833,"y":0.833},"o":{"x":0.167,"y":0.167},"t":4,"s":[{"i":[[2.134,11.531],[-37.362,38.511],[-175.507,-154.872],[59.28,-59.28],[0.56,-0.56],[-31.2,-29.68],[199.363,207.769],[82.442,54.008],[85.608,13.091],[13.265,-90.241],[-37.293,-43.656]],"o":[[-6.455,-34.66],[57.086,-48.905],[174.941,154.438],[-0.56,0.56],[49.04,46.56],[38.96,-115.44],[-36.802,-38.657],[-76.923,-50.202],[-56.443,-8.744],[-6.604,22.942],[6.957,9.384]],"v":[[-396.444,-276.276],[-384.354,-387.066],[77.359,-189.024],[283.822,182.804],[281.982,184.404],[435.51,359.258],[186.893,-196.083],[-20.061,-372.588],[-264.936,-480.237],[-461.462,-397.758],[-414.584,-272.089]],"c":true}]},{"i":{"x":0.833,"y":0.833},"o":{"x":0.167,"y":0.167},"t":6,"s":[{"i":[[-0.047,11.177],[-44.992,30.556],[-172.539,-139.636],[59.28,-59.28],[0.56,-0.56],[-31.2,-29.68],[198.743,208.347],[81.847,52.82],[81.22,14.268],[41.524,-83.71],[-27.967,-44.758]],"o":[[0.111,-33.598],[60.391,-38.671],[171.683,138.943],[-0.56,0.56],[49.04,46.56],[38.96,-115.44],[-39.334,-41.675],[-77.283,-49.607],[-53.987,-9.617],[-13.149,26.507],[4.834,10.017]],"v":[[-423.498,-288.231],[-383.926,-368.145],[72.424,-188.442],[274.168,162.947],[272.329,164.547],[435.05,363.614],[209.224,-171.393],[-13.309,-365.133],[-253.55,-471.76],[-456.687,-405.859],[-440.959,-290.746]],"c":true}]},{"i":{"x":0.833,"y":0.833},"o":{"x":0.167,"y":0.167},"t":8,"s":[{"i":[[-5.831,9.627],[-67.798,5.675],[-157.981,-126.81],[59.28,-59.28],[0.56,-0.56],[-31.2,-29.68],[163.132,176.122],[80.787,50.703],[72.355,9.706],[30.448,-47.87],[4.14,-30.807]],"o":[[17.528,-28.937],[67.798,-5.675],[154.742,124.229],[-0.56,0.56],[49.04,46.56],[38.96,-115.44],[-80.227,-89.175],[-78.66,-44.309],[-50.414,-6.706],[-13.467,21.174],[-1.051,11.145]],"v":[[-416.137,-298.398],[-318.246,-344.969],[93.681,-175.492],[256.893,146.145],[255.053,147.745],[436.397,363.969],[242.426,-137.686],[-1.289,-351.86],[-220.399,-436.576],[-389.706,-404.059],[-429.398,-315.631]],"c":true}]},{"i":{"x":0.833,"y":0.833},"o":{"x":0.167,"y":0.167},"t":10,"s":[{"i":[[-7.812,9.917],[-72.159,2.232],[-143.424,-113.983],[59.28,-59.28],[0.56,-0.56],[-31.2,-29.68],[127.52,143.897],[79.727,48.587],[63.49,5.144],[38.516,-9.526],[5.243,-48.683]],"o":[[23.489,-29.817],[72.159,-2.232],[137.801,109.514],[-0.56,0.56],[49.04,46.56],[38.96,-115.44],[-121.121,-136.676],[-80.037,-39.011],[-46.841,-3.795],[-29.024,7.178],[-2.725,12.272]],"v":[[-383.82,-273.089],[-255.052,-313.407],[106.175,-173.355],[235.814,128.925],[233.974,130.525],[437.744,364.323],[277.467,-102.026],[10.732,-338.587],[-187.248,-401.392],[-320.253,-386.38],[-398.865,-299.464]],"c":true}]},{"i":{"x":0.833,"y":0.833},"o":{"x":0.167,"y":0.167},"t":12,"s":[{"i":[[-7.981,10.298],[-71.22,15.55],[-120.587,-108.736],[37.289,-88.775],[0.543,-0.575],[-31.2,-29.68],[160.099,178.955],[77.87,44.88],[63.934,5.571],[24.258,-18.594],[-0.82,-42.21]],"o":[[20.21,-26],[75.84,-17.447],[106.619,94.69],[-0.331,0.673],[50.316,45.137],[38.96,-115.44],[-92.629,-103.958],[-80.423,-41.392],[-61.07,-5.406],[-19.512,17.421],[-0.095,12.72]],"v":[[-332.673,-236.742],[-213.051,-292.904],[126.626,-167.05],[231.713,131.415],[229.92,133.066],[440.103,364.945],[258.494,-132.949],[20.54,-336.677],[-185.592,-403.875],[-322.466,-360.676],[-359.669,-266.268]],"c":true}]},{"i":{"x":0.833,"y":0.833},"o":{"x":0.167,"y":0.167},"t":14,"s":[{"i":[[-8.151,10.679],[-70.282,28.867],[-97.751,-103.49],[15.297,-118.269],[0.527,-0.591],[-31.2,-29.68],[192.677,214.014],[76.013,41.174],[64.377,5.998],[10,-27.663],[-6.882,-35.738]],"o":[[16.932,-22.184],[79.521,-32.662],[75.437,79.866],[-0.102,0.786],[51.593,43.714],[38.96,-115.44],[-64.138,-71.241],[-80.81,-43.772],[-75.298,-7.016],[-10,27.663],[2.536,13.168]],"v":[[-292.203,-210.553],[-188.145,-294.305],[119.461,-184.385],[227.612,133.905],[225.865,135.606],[442.462,365.567],[258.387,-142.665],[37.606,-328],[-183.935,-406.358],[-324.678,-334.972],[-331.15,-243.23]],"c":true}]},{"i":{"x":0.833,"y":0.833},"o":{"x":0.167,"y":0.167},"t":16,"s":[{"i":[[-5.399,11.511],[-58.966,29.573],[-103.929,-129.688],[47.492,-94.656],[0.544,-0.575],[-33.699,-24.133],[194.608,212.21],[77.87,44.88],[62.073,1.121],[12.243,-40.529],[-12.626,-32.996]],"o":[[13.564,-34.857],[72.787,-40.35],[80.985,101.057],[-0.343,0.659],[46.715,40.672],[38.96,-115.44],[-56.244,-61.83],[-79.687,-45.629],[-62.073,-1.121],[-6.41,24.99],[4.482,12.016]],"v":[[-269.935,-225.814],[-191.207,-327.013],[109.267,-190.956],[239.892,211.823],[238.099,213.474],[433.416,367.267],[254.866,-160.015],[23.889,-353.76],[-168.642,-419.257],[-304.802,-338.761],[-303.965,-246.468]],"c":true}]},{"i":{"x":0.833,"y":0.833},"o":{"x":0.167,"y":0.167},"t":18,"s":[{"i":[[-2.648,12.343],[-47.65,30.279],[-118.139,-140.02],[79.687,-71.044],[0.56,-0.56],[-36.198,-18.586],[153.154,189.743],[79.726,48.587],[78.669,8.559],[14.487,-53.394],[-18.37,-30.253]],"o":[[10.196,-47.529],[66.052,-48.038],[96.242,114.068],[-0.585,0.532],[41.838,37.63],[40.832,-123.538],[-83.76,-103.771],[-78.565,-47.486],[-67.929,-7.148],[-2.819,22.317],[6.428,10.865]],"v":[[-291.391,-259.617],[-237.993,-378.262],[97.573,-193.755],[273.817,283.493],[271.977,285.093],[424.859,368.515],[277.851,-135.191],[21.527,-368.949],[-193.556,-455.888],[-331.197,-365.588],[-320.503,-268.248]],"c":true}]},{"i":{"x":0.833,"y":0.833},"o":{"x":0.167,"y":0.167},"t":20,"s":[{"i":[[2.469,13.206],[-46.803,29.484],[-175.218,-185.515],[100.095,-82.808],[0.56,-0.56],[-41.196,-7.492],[208.266,248.619],[83.44,56],[57.793,2.758],[-0.42,-66.902],[-14.143,-30.647]],"o":[[-7.425,-39.716],[57.837,-36.435],[173.513,183.71],[-0.61,0.505],[34.635,28.7],[58.221,-158.621],[-33.838,-40.395],[-76.32,-51.2],[-121.325,-5.791],[0.238,37.862],[5.619,12.176]],"v":[[-353.85,-289.105],[-316.636,-413.434],[94.645,-190.988],[317.942,336.245],[316.102,337.845],[436.999,386.129],[205.094,-211.591],[-1.306,-393.049],[-225.92,-485.334],[-396.808,-376.779],[-376.461,-279.207]],"c":true}]},{"i":{"x":0.833,"y":0.833},"o":{"x":0.167,"y":0.167},"t":22,"s":[{"i":[[-7.812,9.917],[-79.536,-4.869],[-178.325,-163.154],[66.991,-73.515],[0.56,-0.56],[-31.2,-29.68],[178.796,203.109],[79.727,48.587],[65.597,18.456],[38.516,-9.526],[16.823,-36.799]],"o":[[23.489,-29.817],[72.059,4.411],[129.865,118.817],[-0.533,0.585],[49.04,46.56],[38.96,-115.44],[-48.349,-52.42],[-78.565,-47.486],[-45.238,-12.728],[-29.024,7.178],[-2.725,12.272]],"v":[[-394.666,-329.268],[-273.918,-367.884],[147.931,-123.432],[342.276,261.744],[340.436,263.344],[451.376,352.51],[219.406,-185.085],[21.887,-355.67],[-202.447,-451.838],[-330.414,-439.468],[-409.711,-355.643]],"c":true}]},{"i":{"x":0.833,"y":0.833},"o":{"x":0.167,"y":0.167},"t":24,"s":[{"i":[[-13.155,6.892],[-83.874,-11.318],[-116.076,-104.31],[63.135,-66.397],[0.56,-0.56],[-31.2,-29.68],[175.557,189.624],[66.527,39.49],[54.463,10.536],[25.362,-10.452],[9.546,-23.704]],"o":[[20.52,-16.744],[72.121,9.475],[124.643,121.467],[-0.547,0.573],[49.04,46.56],[38.96,-115.44],[-56.244,-61.83],[-72.502,-42.676],[-54.463,-10.536],[-27.204,15.418],[-2.765,12.693]],"v":[[-273.029,-285.416],[-131.388,-282.067],[201.407,-101.158],[316.303,206.884],[314.463,208.484],[444.9,353.602],[250.108,-150.663],[46.228,-310.92],[-130.764,-381.922],[-245.87,-367.254],[-294.033,-315.638]],"c":true}]},{"i":{"x":0.833,"y":0.833},"o":{"x":0.167,"y":0.167},"t":26,"s":[{"i":[[-18.497,3.868],[-88.213,-17.767],[-75.963,-81.266],[59.28,-59.279],[0.56,-0.56],[-27.485,-33.15],[192.677,214.013],[53.327,30.393],[46.476,2.774],[14.746,-7.814],[2.27,-10.609]],"o":[[17.551,-3.67],[72.183,14.538],[101.81,108.917],[-0.56,0.56],[49.04,46.56],[52.293,-110.044],[-64.139,-71.24],[-66.439,-37.867],[-55.233,-3.297],[-24.097,12.77],[-2.806,13.113]],"v":[[-168.308,-271.323],[-19.56,-261.178],[207.787,-120.594],[271.292,182.672],[269.452,184.272],[408.134,338.428],[240.842,-175.049],[68.881,-315.045],[-78.388,-363.479],[-172.246,-343.603],[-204.787,-304.624]],"c":true}]},{"i":{"x":0.833,"y":0.833},"o":{"x":0.167,"y":0.167},"t":28,"s":[{"i":[[-11.002,7.998],[-67.932,6.256],[-76.065,-96.106],[68.17,-66.535],[0.548,-0.571],[-33.699,-24.133],[187.518,223.597],[66.527,39.49],[48.221,1.873],[13.348,-32.386],[-8.05,-20.431]],"o":[[14.66,-22.184],[69.118,-16.75],[93.14,115.979],[-0.561,0.558],[54.501,36.058],[38.96,-115.44],[-49.048,-57.331],[-72.502,-42.676],[-60.101,-6.776],[-14.102,22.987],[1.811,11.989]],"v":[[-199.936,-250.701],[-87.824,-305.264],[176.772,-160.595],[238.872,213.898],[237.065,215.534],[395.448,331.632],[241.982,-172.539],[56.827,-340.371],[-116.413,-406.149],[-223.411,-346.075],[-232.731,-271.667]],"c":true}]},{"i":{"x":0.833,"y":0.833},"o":{"x":0.167,"y":0.167},"t":30,"s":[{"i":[[-3.507,12.127],[-47.301,20.738],[-76.843,-110.479],[79.687,-71.044],[0.56,-0.56],[-36.198,-18.586],[182.359,233.18],[88.245,58.884],[65.284,1.874],[14.487,-53.394],[-18.37,-30.253]],"o":[[11.769,-40.698],[88.591,-38.84],[98.571,141.717],[-0.585,0.532],[58.501,27.716],[38.96,-115.44],[-33.958,-43.422],[-66.179,-44.16],[-65.284,-1.874],[-2.819,22.317],[6.428,10.865]],"v":[[-231.563,-230.079],[-144.486,-342.866],[150.656,-172.114],[233.57,277.807],[231.73,279.407],[388.438,338.381],[237.748,-165.701],[32.869,-361.173],[-160.996,-438.579],[-280.853,-346.954],[-260.675,-238.71]],"c":true}]},{"i":{"x":0.833,"y":0.833},"o":{"x":0.167,"y":0.167},"t":32,"s":[{"i":[[-1.138,12.126],[-48.683,30.492],[-98.029,-124.851],[74.487,-68.046],[0.56,-0.56],[-34.925,-21.413],[186.957,226.458],[85.12,61.617],[61.119,1.406],[2.11,-65.572],[-27.174,-33.198]],"o":[[4.322,-39.612],[78.999,-46.28],[113.842,146.725],[-0.579,0.54],[56.09,32.518],[38.96,-115.44],[-33.602,-40.919],[-61.983,-44.868],[-66.051,-7.182],[-0.99,20.954],[7.469,10.217]],"v":[[-240.76,-243.208],[-193.507,-376.136],[118.617,-187.091],[248.731,264.351],[246.892,265.951],[397.986,345.874],[214.109,-181.59],[13.96,-369.471],[-184.185,-460.767],[-311.745,-362.071],[-267.366,-245.712]],"c":true}]},{"i":{"x":0.833,"y":0.833},"o":{"x":0.167,"y":0.167},"t":34,"s":[{"i":[[1.231,12.125],[-50.066,40.246],[-119.215,-139.222],[69.287,-65.048],[0.56,-0.56],[-33.651,-24.24],[125.824,141.869],[73.972,52.177],[72.007,4.728],[-10.267,-77.75],[-35.979,-36.143]],"o":[[-3.126,-38.527],[69.407,-53.72],[129.113,151.732],[-0.572,0.547],[53.679,37.32],[38.96,-115.44],[-78.997,-89.071],[-59.56,-42.011],[-64.174,-7.215],[0.84,19.592],[8.51,9.569]],"v":[[-267.357,-248.749],[-243.325,-397.06],[98.208,-195.834],[263.892,250.894],[262.053,252.494],[405.538,355.42],[221.699,-163.314],[3.27,-373.763],[-226.954,-479.555],[-345.857,-378.878],[-291.456,-245.125]],"c":true}]},{"i":{"x":0.833,"y":0.833},"o":{"x":0.167,"y":0.167},"t":36,"s":[{"i":[[3.256,12.124],[-44.234,46.797],[-142.435,-154.878],[64.841,-62.486],[0.56,-0.56],[-32.562,-26.657],[195.484,213.989],[82.428,53.98],[86.965,1.195],[-7.207,-79.057],[-30.601,-37.59]],"o":[[-9.492,-37.599],[61.357,-59.586],[147.625,160.755],[-0.567,0.553],[51.618,41.425],[38.96,-115.44],[-32.941,-36.276],[-76.932,-50.188],[-62.562,-0.859],[4.226,46.355],[9.401,9.016]],"v":[[-286.983,-244.407],[-287.645,-404.734],[84.785,-200.206],[276.854,239.39],[275.014,240.99],[416.76,357.333],[196.701,-184.038],[-8.805,-378.611],[-277.875,-485.351],[-382.894,-383.941],[-308.94,-235.545]],"c":true}]},{"i":{"x":0.667,"y":1},"o":{"x":0.167,"y":0.167},"t":38,"s":[{"i":[[4.937,12.124],[-31.188,50.143],[-167.686,-171.818],[61.15,-60.358],[0.56,-0.56],[-31.658,-28.663],[198.747,209.217],[83.1,55.321],[84.796,-3.943],[-10.688,-61.66],[-39.859,-42.565]],"o":[[-14.778,-36.829],[54.847,-63.878],[169.379,173.794],[-0.562,0.558],[49.907,44.833],[38.96,-115.44],[-32.688,-34.5],[-76.526,-50.86],[-84.796,3.943],[10.688,61.66],[10.14,8.556]],"v":[[-307.307,-240.088],[-325.836,-406.685],[74.885,-201.574],[287.614,229.839],[285.774,231.439],[423.13,365.877],[192.006,-189.282],[-22.228,-381.132],[-291.546,-490.718],[-415.193,-391.055],[-327.485,-226.877]],"c":true}]},{"t":40,"s":[{"i":[[5.789,12.124],[-24.578,51.839],[-180.48,-180.4],[59.28,-59.28],[0.56,-0.56],[-31.2,-29.68],[200.4,206.8],[83.44,56],[92.96,11.12],[-34.083,-101.184],[-52.921,-41.809]],"o":[[-17.456,-36.439],[51.549,-66.052],[180.4,180.4],[-0.56,0.56],[49.04,46.56],[38.96,-115.44],[-32.56,-33.6],[-76.32,-51.2],[-60.56,-7.28],[4.361,16.97],[10.514,8.323]],"v":[[-320.526,-238.352],[-355.731,-399.468],[85.626,-190],[293.066,225],[291.226,226.6],[433.026,363.08],[181.026,-196.6],[-31.374,-385.08],[-284.014,-494.44],[-437.903,-364.819],[-339.803,-222.937]],"c":true}]}],"ix":2},"nm":"Path 1","mn":"ADBE Vector Shape - Group","hd":false},{"ty":"gf","o":{"a":0,"k":100,"ix":10},"r":1,"bm":0,"g":{"p":3,"k":{"a":0,"k":[0,1,0.702,0,0.5,1,0.804,0.11,1,1,0.906,0.22],"ix":9}},"s":{"a":1,"k":[{"i":{"x":0.833,"y":0.833},"o":{"x":0.167,"y":0.167},"t":0,"s":[324,188],"to":[0,0],"ti":[0,0]},{"t":40,"s":[324,188]}],"ix":5},"e":{"a":1,"k":[{"i":{"x":0.833,"y":0.833},"o":{"x":0.167,"y":0.167},"t":0,"s":[-402,-446],"to":[0,0],"ti":[0,0]},{"t":40,"s":[-402,-446]}],"ix":6},"t":1,"nm":"Gradient Fill 1","mn":"ADBE Vector Graphic - G-Fill","hd":false},{"ty":"tr","p":{"a":0,"k":[0,0],"ix":2},"a":{"a":0,"k":[0,0],"ix":1},"s":{"a":0,"k":[100,100],"ix":3},"r":{"a":0,"k":0,"ix":6},"o":{"a":0,"k":100,"ix":7},"sk":{"a":0,"k":0,"ix":4},"sa":{"a":0,"k":0,"ix":5},"nm":"Transform"}],"nm":"Shape 1","np":3,"cix":2,"bm":0,"ix":2,"mn":"ADBE Vector Group","hd":false}],"ip":0,"op":41,"st":0,"bm":0}]}],"layers":[{"ddd":0,"ind":1,"ty":0,"nm":"emoji_shooting-star","refId":"comp_0","sr":1,"ks":{"o":{"a":0,"k":100,"ix":11},"r":{"a":0,"k":0,"ix":10},"p":{"a":0,"k":[512,512,0],"ix":2,"l":2},"a":{"a":0,"k":[512,512,0],"ix":1,"l":2},"s":{"a":0,"k":[100,100,100],"ix":6,"l":2}},"ao":0,"w":1024,"h":1024,"ip":67,"op":72,"st":67,"bm":0},{"ddd":0,"ind":2,"ty":0,"nm":"emoji_shooting-star","refId":"comp_0","sr":1,"ks":{"o":{"a":0,"k":100,"ix":11},"r":{"a":0,"k":0,"ix":10},"p":{"a":0,"k":[512,512,0],"ix":2,"l":2},"a":{"a":0,"k":[512,512,0],"ix":1,"l":2},"s":{"a":0,"k":[100,100,100],"ix":6,"l":2}},"ao":0,"w":1024,"h":1024,"ip":0,"op":67,"st":-5,"bm":0}],"markers":[{"tm":68,"cm":"rest","dr":0}]}