{"v":"5.8.1","fr":60,"ip":0,"op":113,"w":1024,"h":1024,"nm":"emoji_Saxophone","ddd":0,"assets":[{"id":"comp_0","nm":"Saxophone","fr":60,"layers":[{"ddd":0,"ind":1,"ty":4,"nm":"brightness 2","parent":12,"sr":1,"ks":{"o":{"a":0,"k":100,"ix":11},"r":{"a":0,"k":0,"ix":10},"p":{"a":1,"k":[{"i":{"x":0.489,"y":0.644},"o":{"x":0.167,"y":0.167},"t":106,"s":[310.57,661.85,0],"to":[-20.113,-2.65,0],"ti":[41.686,5.836,0]},{"i":{"x":0.627,"y":0.798},"o":{"x":0.295,"y":0.337},"t":110,"s":[197.314,644.971,0],"to":[-11.014,-1.542,0],"ti":[7.832,1.032,0]},{"i":{"x":0.634,"y":1},"o":{"x":0.303,"y":0.301},"t":112,"s":[162.555,641.034,0],"to":[-3.547,-0.467,0],"ti":[2.407,0.317,0]},{"t":114,"s":[143.57,639.85,0]}],"ix":2,"l":2},"a":{"a":0,"k":[53.13,214.33,0],"ix":1,"l":2},"s":{"a":0,"k":[100,100,100],"ix":6,"l":2}},"ao":0,"shapes":[{"ty":"gr","it":[{"ind":0,"ty":"sh","ix":1,"ks":{"a":0,"k":{"i":[[-16.24,-2.56],[-2.48,-1.76],[-0.48,-5.28],[12.88,-35.84],[-2,-57.76],[-25.92,-29.2],[2.96,1.92],[11.04,37.28],[-2.96,41.68],[-1.44,38.32],[2.24,14],[5.12,13.2],[-7.12,-0.16],[-9.2,-1.84]],"o":[[3.04,0.48],[4.32,3.04],[3.12,37.92],[-19.6,54.4],[1.44,39.92],[2.32,2.56],[-32.08,-20.24],[-11.84,-40.08],[2.72,-38.32],[0.56,-14.16],[-2.24,-14.08],[-2.88,-7.36],[9.44,0.24],[16.16,3.28]],"v":[[35.2,-201.04],[43.84,-198.24],[49.76,-184.08],[23.04,-74.08],[-5.44,95.92],[31.28,207.6],[27.52,212.16],[-35.52,116.8],[-48.96,-7.2],[-35.76,-121.52],[-38.08,-163.84],[-50,-203.76],[-41.6,-213.92],[-13.52,-209.04]],"c":true},"ix":2},"nm":"Path 1","mn":"ADBE Vector Shape - Group","hd":false},{"ty":"fl","c":{"a":0,"k":[1,0.976000019148,0.769000004787,1],"ix":4},"o":{"a":0,"k":100,"ix":5},"r":1,"bm":0,"nm":"Fill 1","mn":"ADBE Vector Graphic - Fill","hd":false},{"ty":"tr","p":{"a":0,"k":[53.13,214.33],"ix":2},"a":{"a":0,"k":[0,0],"ix":1},"s":{"a":0,"k":[100,100],"ix":3},"r":{"a":0,"k":0,"ix":6},"o":{"a":0,"k":100,"ix":7},"sk":{"a":0,"k":0,"ix":4},"sa":{"a":0,"k":0,"ix":5},"nm":"Transform"}],"nm":"Group 1","np":2,"cix":2,"bm":0,"ix":1,"mn":"ADBE Vector Group","hd":false}],"ip":106,"op":114,"st":106,"bm":0},{"ddd":0,"ind":2,"ty":4,"nm":"brightness","parent":13,"sr":1,"ks":{"o":{"a":0,"k":100,"ix":11},"r":{"a":1,"k":[{"i":{"x":[0.833],"y":[0.833]},"o":{"x":[0.167],"y":[0.167]},"t":48,"s":[0]},{"t":50,"s":[5]}],"ix":10},"p":{"a":1,"k":[{"i":{"x":0.833,"y":0.833},"o":{"x":0.789,"y":0},"t":36,"s":[142.57,639.85,0],"to":[28,3.667,0],"ti":[-52.333,-1.333,0]},{"i":{"x":0.833,"y":0.833},"o":{"x":0.167,"y":0.167},"t":48,"s":[310.57,661.85,0],"to":[52.333,1.333,0],"ti":[-24.333,2.333,0]},{"t":50,"s":[456.57,647.85,0]}],"ix":2,"l":2},"a":{"a":0,"k":[53.13,214.33,0],"ix":1,"l":2},"s":{"a":0,"k":[100,100,100],"ix":6,"l":2}},"ao":0,"shapes":[{"ty":"gr","it":[{"ind":0,"ty":"sh","ix":1,"ks":{"a":0,"k":{"i":[[-16.24,-2.56],[-2.48,-1.76],[-0.48,-5.28],[12.88,-35.84],[-2,-57.76],[-25.92,-29.2],[2.96,1.92],[11.04,37.28],[-2.96,41.68],[-1.44,38.32],[2.24,14],[5.12,13.2],[-7.12,-0.16],[-9.2,-1.84]],"o":[[3.04,0.48],[4.32,3.04],[3.12,37.92],[-19.6,54.4],[1.44,39.92],[2.32,2.56],[-32.08,-20.24],[-11.84,-40.08],[2.72,-38.32],[0.56,-14.16],[-2.24,-14.08],[-2.88,-7.36],[9.44,0.24],[16.16,3.28]],"v":[[35.2,-201.04],[43.84,-198.24],[49.76,-184.08],[23.04,-74.08],[-5.44,95.92],[31.28,207.6],[27.52,212.16],[-35.52,116.8],[-48.96,-7.2],[-35.76,-121.52],[-38.08,-163.84],[-50,-203.76],[-41.6,-213.92],[-13.52,-209.04]],"c":true},"ix":2},"nm":"Path 1","mn":"ADBE Vector Shape - Group","hd":false},{"ty":"fl","c":{"a":0,"k":[1,0.976000019148,0.769000004787,1],"ix":4},"o":{"a":0,"k":100,"ix":5},"r":1,"bm":0,"nm":"Fill 1","mn":"ADBE Vector Graphic - Fill","hd":false},{"ty":"tr","p":{"a":0,"k":[53.13,214.33],"ix":2},"a":{"a":0,"k":[0,0],"ix":1},"s":{"a":0,"k":[100,100],"ix":3},"r":{"a":0,"k":0,"ix":6},"o":{"a":0,"k":100,"ix":7},"sk":{"a":0,"k":0,"ix":4},"sa":{"a":0,"k":0,"ix":5},"nm":"Transform"}],"nm":"Group 1","np":2,"cix":2,"bm":0,"ix":1,"mn":"ADBE Vector Group","hd":false}],"ip":0,"op":48,"st":0,"bm":0},{"ddd":0,"ind":3,"ty":4,"nm":"brightness","parent":14,"sr":1,"ks":{"o":{"a":0,"k":100,"ix":11},"r":{"a":1,"k":[{"i":{"x":[0.833],"y":[0.833]},"o":{"x":[0.167],"y":[0.167]},"t":48,"s":[0.048]},{"i":{"x":[0.833],"y":[0.833]},"o":{"x":[0.167],"y":[0.167]},"t":50,"s":[5.048]},{"i":{"x":[0.833],"y":[0.833]},"o":{"x":[0.167],"y":[0.167]},"t":52,"s":[0.048]},{"i":{"x":[0.833],"y":[0.833]},"o":{"x":[0.167],"y":[0.167]},"t":102,"s":[0.048]},{"t":104,"s":[-2.952]}],"ix":10},"p":{"a":1,"k":[{"i":{"x":0.833,"y":0.833},"o":{"x":0.789,"y":0},"t":36,"s":[26.871,639.944,0],"to":[27.997,3.69,0],"ti":[-93.332,-1.744,0]},{"i":{"x":0.833,"y":0.833},"o":{"x":0.167,"y":0.167},"t":48,"s":[194.853,662.083,0],"to":[45.877,0.857,0],"ti":[-74.725,2.59,0]},{"i":{"x":0.833,"y":0.833},"o":{"x":0.167,"y":0.167},"t":50,"s":[410.921,658.468,0],"to":[77.295,-2.679,0],"ti":[-42.144,1.943,0]},{"i":{"x":0,"y":1},"o":{"x":0.167,"y":0.167},"t":52,"s":[586.863,650.409,0],"to":[82.886,-3.822,0],"ti":[-17.551,1.877,0]},{"i":{"x":0.457,"y":0.457},"o":{"x":0.333,"y":0.333},"t":62,"s":[692.168,639.149,0],"to":[0,0,0],"ti":[0,0,0]},{"i":{"x":0.867,"y":0},"o":{"x":0.622,"y":0},"t":92,"s":[692.168,639.149,0],"to":[-5.346,-0.244,0],"ti":[12.41,0.566,0]},{"i":{"x":0.391,"y":0.317},"o":{"x":0.187,"y":0.537},"t":94,"s":[683.398,641.918,0],"to":[-14.651,-0.668,0],"ti":[19.548,1.781,0]},{"i":{"x":0.578,"y":0.587},"o":{"x":0.254,"y":0.27},"t":96,"s":[655.303,641.219,0],"to":[-7.089,-0.646,0],"ti":[12.672,1.418,0]},{"i":{"x":0.579,"y":1},"o":{"x":0.254,"y":0.391},"t":98,"s":[625.845,637.864,0],"to":[-13.193,-1.477,0],"ti":[2.383,0.109,0]},{"i":{"x":0.579,"y":1},"o":{"x":0.333,"y":0},"t":102,"s":[590.122,648.665,0],"to":[-16.33,-0.744,0],"ti":[1.667,-0.333,0]},{"t":104,"s":[468.122,658.665,0]}],"ix":2,"l":2},"a":{"a":0,"k":[53.13,214.33,0],"ix":1,"l":2},"s":{"a":0,"k":[-100,100,100],"ix":6,"l":2}},"ao":0,"shapes":[{"ty":"gr","it":[{"ind":0,"ty":"sh","ix":1,"ks":{"a":1,"k":[{"i":{"x":0.667,"y":1},"o":{"x":0.167,"y":0.167},"t":47,"s":[{"i":[[-16.288,2.232],[-2.886,-0.958],[-1.984,-4.917],[-20.3,-88.315],[11.733,-44.111],[31.842,-22.596],[-2.23,2.734],[5.59,40.703],[16.239,42.473],[6.816,38.842],[2.789,18.002],[-6.869,1.882],[-9.34,0.894]],"o":[[3.049,-0.418],[5.014,1.664],[-14.951,42.527],[12.953,56.354],[-11.733,44.111],[-2.797,2.028],[23.604,-29.692],[-5.686,-41.404],[-13.72,-35.883],[-4.298,-24.493],[-1.21,-7.81],[9.107,-2.495],[16.419,-1.524]],"v":[[31.398,-205.763],[40.479,-205.576],[50.234,-193.728],[42.012,-49.475],[47.162,105.96],[-26.69,213.228],[-30.815,208.995],[8.869,61.423],[-16.807,-57.094],[-47.517,-137.828],[-50.96,-183.774],[-45.851,-195.926],[-17.557,-199.359]],"c":true}]},{"i":{"x":0.833,"y":1},"o":{"x":0.167,"y":0},"t":52,"s":[{"i":[[-16.24,-2.56],[-2.48,-1.76],[-0.48,-5.28],[12.88,-35.84],[-2,-57.76],[-25.92,-29.2],[2.96,1.92],[11.04,37.28],[-2.96,41.68],[5.319,39.075],[5.12,13.2],[-7.12,-0.16],[-9.2,-1.84]],"o":[[3.04,0.48],[4.32,3.04],[3.12,37.92],[-19.6,54.4],[1.44,39.92],[2.32,2.56],[-32.08,-20.24],[-11.84,-40.08],[2.72,-38.32],[-2.649,-19.461],[-2.88,-7.36],[9.44,0.24],[16.16,3.28]],"v":[[35.2,-201.04],[43.84,-198.24],[49.76,-184.08],[23.04,-74.08],[-5.44,95.92],[31.28,207.6],[27.52,212.16],[-35.52,116.8],[-48.96,-7.2],[-38.08,-163.84],[-50,-203.76],[-41.6,-213.92],[-13.52,-209.04]],"c":true}]},{"i":{"x":0.833,"y":0.833},"o":{"x":0.167,"y":0},"t":103,"s":[{"i":[[-16.24,-2.56],[-2.48,-1.76],[-0.48,-5.28],[12.88,-35.84],[-2,-57.76],[-25.92,-29.2],[2.96,1.92],[11.04,37.28],[-2.96,41.68],[5.319,39.075],[5.12,13.2],[-7.12,-0.16],[-9.2,-1.84]],"o":[[3.04,0.48],[4.32,3.04],[3.12,37.92],[-19.6,54.4],[1.44,39.92],[2.32,2.56],[-32.08,-20.24],[-11.84,-40.08],[2.72,-38.32],[-2.649,-19.461],[-2.88,-7.36],[9.44,0.24],[16.16,3.28]],"v":[[35.2,-201.04],[43.84,-198.24],[49.76,-184.08],[23.04,-74.08],[-5.44,95.92],[31.28,207.6],[27.52,212.16],[-35.52,116.8],[-48.96,-7.2],[-38.08,-163.84],[-50,-203.76],[-41.6,-213.92],[-13.52,-209.04]],"c":true}]},{"i":{"x":0.833,"y":0.833},"o":{"x":0.167,"y":0.167},"t":104,"s":[{"i":[[-16.222,-1.124],[-2.596,-1.517],[-0.928,-5.161],[3.227,-49.207],[1.044,-54.341],[-11.192,-27.854],[1.645,2.157],[10.103,38.092],[2.523,41.683],[6.163,38.924],[4.726,14.41],[-7.031,0.451],[-9.223,-1.02]],"o":[[3.037,0.211],[4.518,2.623],[-1.069,39.281],[-10.484,54.74],[-1.459,41.135],[1.016,2.454],[-17.973,-22.965],[-10.728,-40.346],[-1.969,-37.516],[-3.365,-20.711],[-2.538,-7.461],[9.322,-0.577],[16.205,1.839]],"v":[[57.015,-206.449],[65.769,-204.435],[72.822,-190.993],[52.609,-72.038],[34.694,94.076],[43.978,205.452],[40.074,207.778],[1.966,98.428],[-16.042,-23.813],[-16.907,-160.354],[-27.166,-201.787],[-19.765,-212.521],[8.322,-210.133]],"c":true}]},{"i":{"x":0.833,"y":0.833},"o":{"x":0.167,"y":0.167},"t":105,"s":[{"i":[[-16.196,0.922],[-2.761,-1.172],[-1.566,-4.991],[-10.529,-68.255],[5.382,-49.469],[9.796,-25.935],[-0.229,2.495],[8.767,39.25],[10.336,41.688],[7.367,38.709],[4.164,16.133],[-6.903,1.321],[-9.256,0.148]],"o":[[3.032,-0.172],[4.801,2.029],[-7.037,41.222],[2.506,55.224],[-5.59,42.866],[-0.843,2.304],[2.13,-26.849],[-9.143,-40.724],[-8.651,-36.37],[-4.385,-22.492],[-2.051,-7.604],[9.153,-1.741],[16.269,-0.214]],"v":[[204.948,-220.183],[213.865,-219.289],[222.533,-206.871],[211.591,-75.155],[208.731,85.423],[178.918,196.364],[174.81,195.507],[172.231,66.222],[147.714,-53.514],[130.111,-161.413],[122.22,-205.001],[128.197,-216.554],[156.295,-217.716]],"c":true}]},{"t":106,"s":[{"i":[[-16.17,2.969],[-2.927,-0.826],[-2.205,-4.822],[-24.285,-87.303],[9.72,-44.598],[30.784,-24.017],[-2.104,2.832],[7.431,40.407],[18.149,41.692],[8.571,38.493],[3.603,17.857],[-6.776,2.191],[-9.289,1.317]],"o":[[3.027,-0.556],[5.084,1.434],[-13.006,43.162],[15.496,55.708],[-9.72,44.598],[-2.702,2.153],[22.233,-30.733],[-7.559,-41.103],[-15.333,-35.224],[-5.404,-24.273],[-1.563,-7.747],[8.985,-2.906],[16.333,-2.267]],"v":[[272.988,-229.797],[282.068,-230.022],[292.35,-218.629],[290.68,-74.152],[302.876,80.89],[233.965,191.397],[229.653,187.356],[262.602,38.136],[231.577,-79.094],[197.236,-158.352],[191.712,-204.095],[196.265,-216.467],[224.373,-221.179]],"c":true}]}],"ix":2},"nm":"Path 1","mn":"ADBE Vector Shape - Group","hd":false},{"ty":"fl","c":{"a":0,"k":[1,0.976000019148,0.769000004787,1],"ix":4},"o":{"a":0,"k":100,"ix":5},"r":1,"bm":0,"nm":"Fill 1","mn":"ADBE Vector Graphic - Fill","hd":false},{"ty":"tr","p":{"a":0,"k":[53.13,214.33],"ix":2},"a":{"a":0,"k":[0,0],"ix":1},"s":{"a":0,"k":[100,100],"ix":3},"r":{"a":0,"k":0,"ix":6},"o":{"a":0,"k":100,"ix":7},"sk":{"a":0,"k":0,"ix":4},"sa":{"a":0,"k":0,"ix":5},"nm":"Transform"}],"nm":"Group 1","np":2,"cix":2,"bm":0,"ix":1,"mn":"ADBE Vector Group","hd":false}],"ip":48,"op":106,"st":0,"bm":0},{"ddd":0,"ind":4,"ty":4,"nm":"hole","parent":13,"sr":1,"ks":{"o":{"a":0,"k":100,"ix":11},"r":{"a":0,"k":0,"ix":10},"p":{"a":1,"k":[{"i":{"x":0.833,"y":0.833},"o":{"x":0.789,"y":0},"t":36,"s":[195.21,328.49,0],"to":[26.667,2.667,0],"ti":[-95.333,0,0]},{"i":{"x":0.567,"y":0.517},"o":{"x":0.167,"y":0.167},"t":48,"s":[355.21,344.49,0],"to":[41.473,0,0],"ti":[-71.924,3.071,0]},{"i":{"x":0.318,"y":1},"o":{"x":0.101,"y":0.448},"t":50,"s":[518.972,338.896,0],"to":[93.407,-3.988,0],"ti":[-38.795,1.507,0]},{"t":62,"s":[767.21,328.49,0]}],"ix":2,"l":2},"a":{"a":0,"k":[136.09,56.01,0],"ix":1,"l":2},"s":{"a":0,"k":[100,100,100],"ix":6,"l":2}},"ao":0,"shapes":[{"ty":"gr","it":[{"ind":0,"ty":"sh","ix":1,"ks":{"a":0,"k":{"i":[[-75.022,0],[0,-30.795],[75.022,0],[0,30.796]],"o":[[75.022,0],[0,30.796],[-75.022,0],[0,-30.795]],"v":[[0,-55.76],[135.84,0],[0,55.76],[-135.84,0]],"c":true},"ix":2},"nm":"Path 1","mn":"ADBE Vector Shape - Group","hd":false},{"ty":"fl","c":{"a":0,"k":[0.866999966491,0.451000019148,0.255000005984,1],"ix":4},"o":{"a":0,"k":100,"ix":5},"r":1,"bm":0,"nm":"Fill 1","mn":"ADBE Vector Graphic - Fill","hd":false},{"ty":"tr","p":{"a":0,"k":[136.09,56.01],"ix":2},"a":{"a":0,"k":[0,0],"ix":1},"s":{"a":0,"k":[100,100],"ix":3},"r":{"a":0,"k":0,"ix":6},"o":{"a":0,"k":100,"ix":7},"sk":{"a":0,"k":0,"ix":4},"sa":{"a":0,"k":0,"ix":5},"nm":"Transform"}],"nm":"Group 1","np":2,"cix":2,"bm":0,"ix":1,"mn":"ADBE Vector Group","hd":false}],"ip":0,"op":50,"st":0,"bm":0},{"ddd":0,"ind":5,"ty":4,"nm":"Saxophone 3","sr":1,"ks":{"o":{"a":0,"k":100,"ix":11},"r":{"a":1,"k":[{"i":{"x":[0.328],"y":[1]},"o":{"x":[0.167],"y":[0.167]},"t":0,"s":[0]},{"i":{"x":[0.328],"y":[1]},"o":{"x":[0.59],"y":[0]},"t":12,"s":[11]},{"i":{"x":[0.328],"y":[1]},"o":{"x":[0.59],"y":[0]},"t":24,"s":[9]},{"i":{"x":[0.833],"y":[0.833]},"o":{"x":[1],"y":[0]},"t":36,"s":[12]},{"t":48,"s":[0]}],"ix":10},"p":{"a":1,"k":[{"i":{"x":0.328,"y":1},"o":{"x":0.167,"y":0.167},"t":0,"s":[826.28,207.24,0],"to":[4.667,-3.667,0],"ti":[-4.667,3.667,0]},{"i":{"x":0.667,"y":0.667},"o":{"x":0.462,"y":0.462},"t":12,"s":[854.28,185.24,0],"to":[0,0,0],"ti":[0,0,0]},{"i":{"x":0.833,"y":0.833},"o":{"x":0.789,"y":0},"t":36,"s":[854.28,185.24,0],"to":[-4.667,3.667,0],"ti":[4.667,-3.667,0]},{"t":48,"s":[826.28,207.24,0]}],"ix":2,"l":2},"a":{"a":0,"k":[794.53,145.01,0],"ix":1,"l":2},"s":{"a":0,"k":[100,100,100],"ix":6,"l":2}},"ao":0,"shapes":[{"ty":"gr","it":[{"ind":0,"ty":"sh","ix":1,"ks":{"a":1,"k":[{"i":{"x":0.833,"y":0.833},"o":{"x":0.789,"y":0},"t":36,"s":[{"i":[[0,0],[-13.68,68.56],[-10.16,18.32],[0,13.04],[107.68,0],[0,-55.76],[-9.6,-11.92],[-0.32,-0.4],[4.8,-37.28],[-36.56,-87.68],[-75.84,11.68],[-62.16,135.28]],"o":[[0,0],[13.68,-68.56],[8.64,-11.44],[0,-55.76],[-107.6,0],[0,13.76],[0.32,0.4],[7.36,8.96],[-5.2,40.24],[36.56,87.76],[65.04,-10.08],[62.16,-135.28]],"v":[[-104.2,157.72],[-90.52,45.32],[-45.88,-72.68],[-32.44,-109.56],[-227.4,-210.52],[-422.28,-109.56],[-407.32,-70.76],[-406.36,-69.56],[-354.04,38.92],[-346.44,336.84],[-148.6,441.08],[39.24,260.04]],"c":true}]},{"i":{"x":0.833,"y":0.833},"o":{"x":0.167,"y":0.167},"t":46,"s":[{"i":[[0,0],[-13.68,68.56],[-10.16,18.32],[0,13.04],[107.68,0],[0,-55.76],[-9.6,-11.92],[-0.32,-0.4],[4.8,-37.28],[-36.56,-87.68],[-75.84,11.68],[-36.777,142.92]],"o":[[0,0],[13.68,-68.56],[8.64,-11.44],[0,-55.76],[-107.6,0],[0,13.76],[0.32,0.4],[7.36,8.96],[-5.2,40.24],[36.56,87.76],[65.04,-10.08],[37.194,-145.607]],"v":[[-51.273,138.357],[11.46,56.938],[56.1,-61.062],[69.54,-97.942],[-125.42,-198.902],[-320.3,-97.942],[-305.34,-59.142],[-304.38,-57.942],[-252.06,50.538],[-244.46,348.458],[-46.62,452.698],[96.685,253.586]],"c":true}]},{"i":{"x":0.833,"y":0.833},"o":{"x":0.167,"y":0.167},"t":48,"s":[{"i":[[0,0],[-13.68,68.56],[-10.16,18.32],[0,13.04],[107.68,0],[0,-55.76],[-9.6,-11.92],[-0.32,-0.4],[4.8,-37.28],[-36.56,-87.68],[-75.84,11.68],[-22.834,147.116]],"o":[[0,0],[13.68,-68.56],[8.64,-11.44],[0,-55.76],[-107.6,0],[0,13.76],[0.32,0.4],[7.36,8.96],[-5.2,40.24],[36.56,87.76],[65.04,-10.08],[23.48,-151.28]],"v":[[-22.2,127.72],[115.48,105.32],[136.12,-44.68],[125.56,-91.56],[-69.4,-192.52],[-264.28,-91.56],[-249.32,-52.76],[-248.36,-51.56],[-196.04,56.92],[-188.44,354.84],[9.4,459.08],[128.24,250.04]],"c":true}]},{"i":{"x":0.667,"y":1},"o":{"x":0.167,"y":0.167},"t":54,"s":[{"i":[[0,0],[28.796,336.545],[-10.16,18.32],[0,13.04],[107.68,0],[0,-55.76],[-9.6,-11.92],[-0.32,-0.4],[4.8,-37.28],[-36.56,-87.68],[-74.463,17.155],[-22.834,147.116]],"o":[[0,0],[5.863,-60.918],[8.64,-11.44],[0,-55.76],[-107.6,0],[0,13.76],[0.32,0.4],[7.36,8.96],[-5.2,40.24],[36.56,87.76],[82.074,-21.195],[23.48,-151.28]],"v":[[-4.882,124.571],[224.915,53.874],[275.065,-61.764],[288.504,-98.644],[93.545,-199.604],[-101.335,-98.644],[-86.375,-59.845],[-85.415,-58.645],[-33.095,49.836],[-57.769,349.33],[142.432,449.634],[261.272,240.594]],"c":true}]},{"t":62,"s":[{"i":[[0,0],[94.24,749.44],[-10.16,18.32],[0,13.04],[107.68,0],[0,-55.76],[-9.6,-11.92],[-0.32,-0.4],[4.8,-37.28],[-36.56,-87.68],[-72.341,25.592],[-22.834,147.116]],"o":[[0,0],[-6.18,-49.144],[8.64,-11.44],[0,-55.76],[-107.6,0],[0,13.76],[0.32,0.4],[7.36,8.96],[-5.2,40.24],[36.56,87.76],[108.32,-38.32],[23.48,-151.28]],"v":[[21.8,119.72],[467.48,39.32],[526.12,-72.68],[539.56,-109.56],[344.6,-210.52],[149.72,-109.56],[164.68,-70.76],[165.64,-69.56],[217.96,38.92],[143.56,340.84],[347.4,435.08],[466.24,226.04]],"c":true}]}],"ix":2},"nm":"Path 1","mn":"ADBE Vector Shape - Group","hd":false},{"ty":"fl","c":{"a":0,"k":[1,0.791999966491,0.156999999402,1],"ix":4},"o":{"a":0,"k":100,"ix":5},"r":1,"bm":0,"nm":"Fill 1","mn":"ADBE Vector Graphic - Fill","hd":false},{"ty":"tr","p":{"a":0,"k":[422.53,453.01],"ix":2},"a":{"a":0,"k":[0,0],"ix":1},"s":{"a":0,"k":[100,100],"ix":3},"r":{"a":0,"k":0,"ix":6},"o":{"a":0,"k":100,"ix":7},"sk":{"a":0,"k":0,"ix":4},"sa":{"a":0,"k":0,"ix":5},"nm":"Transform"}],"nm":"Group 1","np":2,"cix":2,"bm":0,"ix":1,"mn":"ADBE Vector Group","hd":false}],"ip":44,"op":49,"st":0,"bm":0},{"ddd":0,"ind":6,"ty":4,"nm":"hole","parent":14,"sr":1,"ks":{"o":{"a":0,"k":100,"ix":11},"r":{"a":1,"k":[{"i":{"x":[0.833],"y":[0.833]},"o":{"x":[0.167],"y":[0.167]},"t":36,"s":[0]},{"t":92,"s":[0]}],"ix":10},"p":{"a":1,"k":[{"i":{"x":0.833,"y":0.833},"o":{"x":0.789,"y":0},"t":36,"s":[79.806,328.49,0],"to":[26.667,2.667,0],"ti":[-95.333,0,0]},{"i":{"x":0.567,"y":0.517},"o":{"x":0.167,"y":0.167},"t":48,"s":[239.806,344.49,0],"to":[41.473,0,0],"ti":[-71.924,3.071,0]},{"i":{"x":0.443,"y":0.744},"o":{"x":0.168,"y":0.316},"t":50,"s":[403.568,342.896,0],"to":[53.597,-2.288,0],"ti":[-53.189,3.339,0]},{"i":{"x":0.543,"y":1},"o":{"x":0.225,"y":0.748},"t":54,"s":[598.166,333.335,0],"to":[39.507,-2.48,0],"ti":[0,0,0]},{"i":{"x":0.457,"y":0.457},"o":{"x":0.333,"y":0.333},"t":62,"s":[651.806,328.49,0],"to":[0,0,0],"ti":[0,0,0]},{"i":{"x":0.716,"y":0.557},"o":{"x":0.454,"y":0},"t":92,"s":[651.806,328.49,0],"to":[0,0,0],"ti":[0,0,0]},{"i":{"x":0.538,"y":0.558},"o":{"x":0.26,"y":0.352},"t":95,"s":[621.986,331.609,0],"to":[0,0,0],"ti":[0,0,0]},{"i":{"x":0.566,"y":1},"o":{"x":0.248,"y":0.225},"t":98,"s":[588.026,337.586,0],"to":[0,0,0],"ti":[0,0,0]},{"i":{"x":0.659,"y":0.605},"o":{"x":0.297,"y":0},"t":102,"s":[539.741,341.958,0],"to":[0,0,0],"ti":[0,0,0]},{"i":{"x":0.833,"y":0.833},"o":{"x":0.425,"y":0.49},"t":103,"s":[467.478,346.291,0],"to":[0,0,0],"ti":[0,0,0]},{"i":{"x":0.591,"y":0.704},"o":{"x":0.167,"y":0.167},"t":104,"s":[395.741,333.958,0],"to":[0,0,0],"ti":[0,0,0]},{"i":{"x":0.618,"y":0.571},"o":{"x":0.288,"y":0.553},"t":106,"s":[253.82,335.93,0],"to":[0,0,0],"ti":[0,0,0]},{"i":{"x":0.59,"y":0.862},"o":{"x":0.264,"y":0.458},"t":108,"s":[200.61,331.261,0],"to":[0,0,0],"ti":[0,0,0]},{"i":{"x":0.656,"y":1},"o":{"x":0.323,"y":0.098},"t":113,"s":[114.644,322.852,0],"to":[0,0,0],"ti":[0,0,0]},{"t":114,"s":[99.741,334.958,0]}],"ix":2,"l":2},"a":{"a":0,"k":[136.09,56.01,0],"ix":1,"l":2},"s":{"a":0,"k":[100,100,100],"ix":6,"l":2}},"ao":0,"shapes":[{"ty":"gr","it":[{"ind":0,"ty":"sh","ix":1,"ks":{"a":1,"k":[{"i":{"x":0.833,"y":0.833},"o":{"x":0.167,"y":0.167},"t":36,"s":[{"i":[[-75.022,0],[0,-30.795],[75.022,0],[0,30.796]],"o":[[75.022,0],[0,30.796],[-75.022,0],[0,-30.795]],"v":[[0,-55.76],[135.84,0],[0,55.76],[-135.84,0]],"c":true}]},{"t":92,"s":[{"i":[[-75.022,0],[0,-30.795],[75.022,0],[0,30.796]],"o":[[75.022,0],[0,30.796],[-75.022,0],[0,-30.795]],"v":[[0,-55.76],[135.84,0],[0,55.76],[-135.84,0]],"c":true}]}],"ix":2},"nm":"Path 1","mn":"ADBE Vector Shape - Group","hd":false},{"ty":"fl","c":{"a":0,"k":[0.866999966491,0.451000019148,0.255000005984,1],"ix":4},"o":{"a":0,"k":100,"ix":5},"r":1,"bm":0,"nm":"Fill 1","mn":"ADBE Vector Graphic - Fill","hd":false},{"ty":"tr","p":{"a":0,"k":[136.09,56.01],"ix":2},"a":{"a":0,"k":[0,0],"ix":1},"s":{"a":0,"k":[100,100],"ix":3},"r":{"a":0,"k":0,"ix":6},"o":{"a":0,"k":100,"ix":7},"sk":{"a":0,"k":0,"ix":4},"sa":{"a":0,"k":0,"ix":5},"nm":"Transform"}],"nm":"Group 1","np":2,"cix":2,"bm":0,"ix":1,"mn":"ADBE Vector Group","hd":false}],"ip":50,"op":114,"st":0,"bm":0},{"ddd":0,"ind":7,"ty":4,"nm":"Saxophone 6","sr":1,"ks":{"o":{"a":0,"k":100,"ix":11},"r":{"a":1,"k":[{"i":{"x":[0.291],"y":[1]},"o":{"x":[0.351],"y":[0]},"t":92,"s":[-13]},{"t":104,"s":[0]}],"ix":10},"p":{"a":0,"k":[67.684,255.24,0],"ix":2,"l":2},"a":{"a":0,"k":[-59.47,199.01,0],"ix":1,"l":2},"s":{"a":0,"k":[100,100,100],"ix":6,"l":2}},"ao":0,"shapes":[{"ty":"gr","it":[{"ind":0,"ty":"sh","ix":1,"ks":{"a":1,"k":[{"i":{"x":0.833,"y":0.833},"o":{"x":0.167,"y":0},"t":92,"s":[{"i":[[0,0],[13.68,68.56],[10.16,18.32],[0,13.04],[-107.68,0],[0,-55.76],[9.6,-11.92],[0.32,-0.4],[-4.8,-37.28],[36.56,-87.68],[75.84,11.68],[62.16,135.28]],"o":[[0,0],[-13.68,-68.56],[-8.64,-11.44],[0,-55.76],[107.6,0],[0,13.76],[-0.32,0.4],[-7.36,8.96],[5.2,40.24],[-36.56,87.76],[-65.04,-10.08],[-62.16,-135.28]],"v":[[104.2,157.72],[90.52,45.32],[45.88,-72.68],[32.44,-109.56],[227.4,-210.52],[422.28,-109.56],[407.32,-70.76],[406.36,-69.56],[354.04,38.92],[346.44,336.84],[148.6,441.08],[-39.24,260.04]],"c":true}]},{"i":{"x":0.833,"y":0.833},"o":{"x":0.167,"y":0.167},"t":94,"s":[{"i":[[0,0],[13.68,68.56],[10.16,18.32],[0,13.04],[-107.68,0],[0,-55.76],[9.6,-11.92],[0.32,-0.4],[-4.8,-37.28],[36.56,-87.68],[75.84,11.68],[56.182,134.553]],"o":[[0,0],[-13.68,-68.56],[-8.64,-11.44],[0,-55.76],[107.6,0],[0,13.76],[-0.32,0.4],[-7.36,8.96],[5.2,40.24],[-36.56,87.76],[-65.04,-10.08],[-53.432,-148.887]],"v":[[89.381,151.085],[78.764,35.487],[32.18,-82.929],[24.579,-113.492],[206.94,-207.873],[401.689,-116.132],[386.729,-77.332],[385.769,-76.132],[341.034,28.532],[335.378,325.619],[139.205,430.692],[-41.022,246.775]],"c":true}]},{"i":{"x":0.833,"y":0.833},"o":{"x":0.167,"y":0.167},"t":96,"s":[{"i":[[0,0],[13.68,68.56],[10.16,18.32],[0,13.04],[-107.68,0],[0,-55.76],[9.6,-11.92],[0.32,-0.4],[-4.8,-37.28],[36.56,-87.68],[75.84,11.68],[47.664,133.516]],"o":[[0,0],[-13.68,-68.56],[-8.64,-11.44],[0,-55.76],[107.6,0],[0,13.76],[-0.32,0.4],[-7.36,8.96],[5.2,40.24],[-36.56,87.76],[-65.04,-10.08],[-40.994,-168.278]],"v":[[68.263,141.629],[62.012,21.475],[12.658,-97.535],[2.137,-131.256],[190.798,-228.927],[372.85,-135.246],[357.89,-96.447],[356.93,-95.246],[322.501,13.728],[319.615,309.628],[125.816,415.888],[-43.56,227.872]],"c":true}]},{"i":{"x":0.833,"y":0.833},"o":{"x":0.167,"y":0.167},"t":98,"s":[{"i":[[0,0],[13.68,68.56],[10.16,18.32],[0,13.04],[-107.68,0],[0,-55.76],[9.6,-11.92],[0.32,-0.4],[-4.8,-37.28],[36.56,-87.68],[75.84,11.68],[39.145,132.48]],"o":[[0,0],[-13.68,-68.56],[-8.64,-11.44],[0,-55.76],[107.6,0],[0,13.76],[-0.32,0.4],[-7.36,8.96],[5.2,40.24],[-36.56,87.76],[-65.04,-10.08],[-28.557,-187.67]],"v":[[47.145,132.174],[45.259,7.463],[-6.865,-112.14],[-20.305,-149.02],[174.655,-249.98],[369.535,-149.02],[354.575,-110.22],[353.615,-109.02],[303.968,-1.075],[303.852,293.637],[112.427,401.085],[-46.099,208.969]],"c":true}]},{"i":{"x":0.833,"y":0.833},"o":{"x":0.167,"y":0.167},"t":100,"s":[{"i":[[0,0],[13.68,68.56],[10.16,18.32],[0,13.04],[-107.68,0],[0,-55.76],[9.6,-11.92],[0.32,-0.4],[-4.8,-37.28],[36.56,-87.68],[75.84,11.68],[29.688,131.329]],"o":[[0,0],[-13.68,-68.56],[-8.64,-11.44],[0,-55.76],[107.6,0],[0,13.76],[-0.32,0.4],[-7.36,8.96],[5.2,40.24],[-36.56,87.76],[-65.04,-10.08],[-14.749,-209.196]],"v":[[13.866,138.234],[13.351,31.261],[-41.849,-89.002],[-55.289,-125.882],[139.671,-226.842],[316.533,-125.28],[301.573,-86.48],[300.613,-85.28],[270.082,21.844],[273.042,315.239],[84.253,424.004],[-78.704,228.174]],"c":true}]},{"i":{"x":0.833,"y":0.833},"o":{"x":0.167,"y":0.167},"t":102,"s":[{"i":[[0,0],[13.68,68.56],[10.16,18.32],[0,13.04],[-107.68,0],[0,-55.76],[9.6,-11.92],[0.32,-0.4],[-4.8,-37.28],[36.56,-87.68],[75.84,11.68],[20.231,130.179]],"o":[[0,0],[-13.68,-68.56],[-8.64,-11.44],[0,-55.76],[107.6,0],[0,13.76],[-0.32,0.4],[-7.36,8.96],[5.2,40.24],[-36.56,87.76],[-65.04,-10.08],[-0.942,-230.723]],"v":[[81.8,90.52],[-18.558,55.059],[-76.833,-65.863],[-90.273,-102.743],[104.659,-197.703],[286.568,-102.804],[271.608,-64.004],[270.647,-62.804],[236.197,44.763],[242.232,336.84],[56.078,446.924],[-111.309,247.379]],"c":true}]},{"t":104,"s":[{"i":[[0,0],[13.68,68.56],[10.16,18.32],[0,13.04],[-107.68,0],[0,-55.76],[9.6,-11.92],[0.32,-0.4],[-4.8,-37.28],[36.56,-87.68],[75.84,11.68],[-23.944,124.804]],"o":[[0,0],[-13.68,-68.56],[-8.64,-11.44],[0,-55.76],[107.6,0],[0,13.76],[-0.32,0.4],[-7.36,8.96],[5.2,40.24],[-36.56,87.76],[-65.04,-10.08],[63.556,-331.28]],"v":[[58.2,19.72],[-133.48,65.32],[-206.12,-58.68],[-214.56,-80.56],[-17.6,-177.52],[161.28,-77.56],[146.32,-38.76],[145.36,-37.56],[112.04,50.92],[132.44,336.84],[-41.4,453.08],[-187.24,234.04]],"c":true}]}],"ix":2},"nm":"Path 1","mn":"ADBE Vector Shape - Group","hd":false},{"ty":"fl","c":{"a":0,"k":[1,0.791999966491,0.156999999402,1],"ix":4},"o":{"a":0,"k":100,"ix":5},"r":1,"bm":0,"nm":"Fill 1","mn":"ADBE Vector Graphic - Fill","hd":false},{"ty":"tr","p":{"a":0,"k":[422.53,453.01],"ix":2},"a":{"a":0,"k":[0,0],"ix":1},"s":{"a":0,"k":[100,100],"ix":3},"r":{"a":0,"k":0,"ix":6},"o":{"a":0,"k":100,"ix":7},"sk":{"a":0,"k":0,"ix":4},"sa":{"a":0,"k":0,"ix":5},"nm":"Transform"}],"nm":"Group 1","np":2,"cix":2,"bm":0,"ix":1,"mn":"ADBE Vector Group","hd":false}],"ip":94,"op":105,"st":-6,"bm":0},{"ddd":0,"ind":8,"ty":4,"nm":"Saxophone 4","sr":1,"ks":{"o":{"a":0,"k":100,"ix":11},"r":{"a":0,"k":0,"ix":10},"p":{"a":0,"k":[569.684,515.24,0],"ix":2,"l":2},"a":{"a":0,"k":[422.53,453.01,0],"ix":1,"l":2},"s":{"a":0,"k":[100,100,100],"ix":6,"l":2}},"ao":0,"shapes":[{"ty":"gr","it":[{"ind":0,"ty":"sh","ix":1,"ks":{"a":1,"k":[{"i":{"x":0.833,"y":0.833},"o":{"x":0.167,"y":0.167},"t":49,"s":[{"i":[[0,0],[13.68,68.56],[10.16,18.32],[0,13.04],[-107.68,0],[0,-55.76],[9.6,-11.92],[0.32,-0.4],[-4.8,-37.28],[29.876,-108.08],[75.84,11.68],[-23.944,124.804]],"o":[[0,0],[-13.68,-68.56],[-8.64,-11.44],[0,-55.76],[107.6,0],[0,13.76],[-0.32,0.4],[-7.36,8.96],[5.2,40.24],[-25.33,91.634],[-65.04,-10.08],[63.556,-331.28]],"v":[[-21.8,19.72],[-213.48,65.32],[-286.12,-58.68],[-299.56,-95.56],[-104.6,-196.52],[90.28,-95.56],[75.32,-56.76],[74.36,-55.56],[48.04,48.92],[40.44,336.84],[-121.4,453.08],[-267.24,234.04]],"c":true}]},{"i":{"x":0.833,"y":0.833},"o":{"x":0.167,"y":0.167},"t":50,"s":[{"i":[[0,0],[13.68,68.56],[10.16,18.32],[0,13.04],[-107.68,0],[0,-55.76],[9.6,-11.92],[0.32,-0.4],[-4.8,-37.28],[36.56,-87.68],[75.84,11.68],[-23.944,124.804]],"o":[[0,0],[-13.68,-68.56],[-8.64,-11.44],[0,-55.76],[107.6,0],[0,13.76],[-0.32,0.4],[-7.36,8.96],[5.2,40.24],[-36.56,87.76],[-65.04,-10.08],[63.556,-331.28]],"v":[[58.2,19.72],[-133.48,65.32],[-206.12,-58.68],[-219.56,-95.56],[-24.6,-196.52],[170.28,-95.56],[155.32,-56.76],[154.36,-55.56],[112.04,50.92],[132.44,336.84],[-41.4,453.08],[-187.24,234.04]],"c":true}]},{"i":{"x":0.833,"y":0.833},"o":{"x":0.167,"y":0.167},"t":52,"s":[{"i":[[0,0],[-1.626,19.201],[10.16,18.32],[0,13.04],[-107.68,0],[0,-55.76],[9.6,-11.92],[0.32,-0.4],[-4.8,-37.28],[36.56,-87.68],[75.84,11.68],[9.625,147.381]],"o":[[0,0],[5.899,-69.662],[-8.64,-11.44],[0,-55.76],[107.6,0],[0,13.76],[-0.32,0.4],[-7.36,8.96],[5.2,40.24],[-36.56,87.76],[-65.04,-10.08],[64.125,-102.119]],"v":[[-39.2,66.52],[-36.558,29.059],[-76.833,-65.863],[-90.273,-102.743],[104.687,-203.703],[299.567,-102.743],[284.607,-63.943],[283.647,-62.743],[236.197,44.763],[242.232,336.84],[56.078,446.923],[-105.309,244.379]],"c":true}]},{"i":{"x":0,"y":1},"o":{"x":0.167,"y":0.167},"t":53,"s":[{"i":[[0,0],[-1.645,47.028],[10.16,18.32],[0,13.04],[-107.68,0],[0,-55.76],[9.6,-11.92],[0.32,-0.4],[-4.8,-37.28],[36.56,-87.68],[75.84,11.68],[24.722,143.903]],"o":[[0,0],[-3.277,-69.519],[-8.64,-11.44],[0,-55.76],[107.6,0],[0,13.76],[-0.32,0.4],[-7.36,8.96],[5.2,40.24],[-36.56,87.76],[-65.04,-10.08],[47.431,-156.9]],"v":[[-29.002,119.363],[-0.039,33.732],[-41.568,-67.822],[-55.008,-104.702],[139.952,-205.662],[334.832,-104.702],[319.872,-65.902],[318.912,-64.702],[270.062,43.084],[272.179,336.84],[82.667,445.244],[-78.323,251.88]],"c":true}]},{"t":62,"s":[{"i":[[0,0],[13.68,68.56],[10.16,18.32],[0,13.04],[-107.68,0],[0,-55.76],[9.6,-11.92],[0.32,-0.4],[-4.8,-37.28],[36.56,-87.68],[75.84,11.68],[62.16,135.28]],"o":[[0,0],[-13.68,-68.56],[-8.64,-11.44],[0,-55.76],[107.6,0],[0,13.76],[-0.32,0.4],[-7.36,8.96],[5.2,40.24],[-36.56,87.76],[-65.04,-10.08],[-62.16,-135.28]],"v":[[104.2,157.72],[90.52,45.32],[45.88,-72.68],[32.44,-109.56],[227.4,-210.52],[422.28,-109.56],[407.32,-70.76],[406.36,-69.56],[354.04,38.92],[346.44,336.84],[148.6,441.08],[-39.24,260.04]],"c":true}]}],"ix":2},"nm":"Path 1","mn":"ADBE Vector Shape - Group","hd":false},{"ty":"fl","c":{"a":0,"k":[1,0.791999966491,0.156999999402,1],"ix":4},"o":{"a":0,"k":100,"ix":5},"r":1,"bm":0,"nm":"Fill 1","mn":"ADBE Vector Graphic - Fill","hd":false},{"ty":"tr","p":{"a":0,"k":[422.53,453.01],"ix":2},"a":{"a":0,"k":[0,0],"ix":1},"s":{"a":0,"k":[100,100],"ix":3},"r":{"a":0,"k":0,"ix":6},"o":{"a":0,"k":100,"ix":7},"sk":{"a":0,"k":0,"ix":4},"sa":{"a":0,"k":0,"ix":5},"nm":"Transform"}],"nm":"Group 1","np":2,"cix":2,"bm":0,"ix":1,"mn":"ADBE Vector Group","hd":false}],"ip":49,"op":54,"st":-6,"bm":0},{"ddd":0,"ind":9,"ty":4,"nm":"Saxophone 7","sr":1,"ks":{"o":{"a":0,"k":100,"ix":11},"r":{"a":1,"k":[{"i":{"x":[0.406],"y":[1]},"o":{"x":[0.167],"y":[0]},"t":106,"s":[0]},{"t":116,"s":[0]}],"ix":10},"p":{"a":1,"k":[{"i":{"x":0.406,"y":0.406},"o":{"x":0.167,"y":0.167},"t":106,"s":[826.28,207.24,0],"to":[0,0,0],"ti":[0,0,0]},{"t":116,"s":[826.28,207.24,0]}],"ix":2,"l":2},"a":{"a":0,"k":[794.53,145.01,0],"ix":1,"l":2},"s":{"a":0,"k":[100,100,100],"ix":6,"l":2}},"ao":0,"shapes":[{"ty":"gr","it":[{"ind":0,"ty":"sh","ix":1,"ks":{"a":1,"k":[{"i":{"x":0.833,"y":0.833},"o":{"x":0.167,"y":0.167},"t":105,"s":[{"i":[[-10.08,132.04],[-32.76,73.44],[-10.16,18.32],[0,13.04],[107.68,0],[0,-55.76],[-9.6,-11.92],[-0.32,-0.4],[4.8,-37.28],[-36.56,-87.68],[-76.643,3.749],[-9.52,75.72]],"o":[[9.719,-127.315],[28.481,-63.847],[8.64,-11.44],[0,-55.76],[-107.6,0],[0,13.76],[0.32,0.4],[7.36,8.96],[-5.2,40.24],[36.56,87.76],[88.32,-4.32],[19.097,-151.895]],"v":[[151.8,24.72],[123.48,44.32],[168.12,-54.68],[181.56,-91.56],[-13.4,-192.52],[-208.28,-91.56],[-193.32,-52.76],[-192.36,-51.56],[-140.04,56.92],[-132.44,354.84],[31.4,461.08],[163.24,319.04]],"c":true}]},{"i":{"x":0.406,"y":1},"o":{"x":0.167,"y":0.167},"t":106,"s":[{"i":[[0,0],[-1.76,63.44],[-10.16,18.32],[0,13.04],[107.68,0],[0,-55.76],[-9.6,-11.92],[-0.32,-0.4],[4.8,-37.28],[-36.56,-87.68],[-75.84,11.68],[-22.834,147.116]],"o":[[0,0],[1.939,-69.885],[8.64,-11.44],[0,-55.76],[-107.6,0],[0,13.76],[0.32,0.4],[7.36,8.96],[-5.2,40.24],[36.56,87.76],[65.04,-10.08],[23.48,-151.28]],"v":[[105.8,117.72],[79.48,51.32],[112.12,-54.68],[125.56,-91.56],[-69.4,-192.52],[-264.28,-91.56],[-249.32,-52.76],[-248.36,-51.56],[-196.04,56.92],[-188.44,354.84],[9.4,459.08],[128.24,250.04]],"c":true}]},{"t":116,"s":[{"i":[[0,0],[-13.68,68.56],[-10.16,18.32],[0,13.04],[107.68,0],[0,-55.76],[-9.6,-11.92],[-0.32,-0.4],[4.8,-37.28],[-36.56,-87.68],[-75.84,11.68],[-62.16,135.28]],"o":[[0,0],[13.68,-68.56],[8.64,-11.44],[0,-55.76],[-107.6,0],[0,13.76],[0.32,0.4],[7.36,8.96],[-5.2,40.24],[36.56,87.76],[65.04,-10.08],[62.16,-135.28]],"v":[[-104.2,157.72],[-90.52,45.32],[-45.88,-72.68],[-32.44,-109.56],[-227.4,-210.52],[-422.28,-109.56],[-407.32,-70.76],[-406.36,-69.56],[-354.04,38.92],[-346.44,336.84],[-148.6,441.08],[39.24,260.04]],"c":true}]}],"ix":2},"nm":"Path 1","mn":"ADBE Vector Shape - Group","hd":false},{"ty":"fl","c":{"a":0,"k":[1,0.791999966491,0.156999999402,1],"ix":4},"o":{"a":0,"k":100,"ix":5},"r":1,"bm":0,"nm":"Fill 1","mn":"ADBE Vector Graphic - Fill","hd":false},{"ty":"tr","p":{"a":0,"k":[422.53,453.01],"ix":2},"a":{"a":0,"k":[0,0],"ix":1},"s":{"a":0,"k":[100,100],"ix":3},"r":{"a":0,"k":0,"ix":6},"o":{"a":0,"k":100,"ix":7},"sk":{"a":0,"k":0,"ix":4},"sa":{"a":0,"k":0,"ix":5},"nm":"Transform"}],"nm":"Group 1","np":2,"cix":2,"bm":0,"ix":1,"mn":"ADBE Vector Group","hd":false}],"ip":105,"op":114,"st":106,"bm":0},{"ddd":0,"ind":10,"ty":4,"nm":"buttons","parent":14,"sr":1,"ks":{"o":{"a":0,"k":100,"ix":11},"r":{"a":1,"k":[{"i":{"x":[0.833],"y":[0.833]},"o":{"x":[0.333],"y":[0]},"t":44,"s":[0]},{"i":{"x":[0.587],"y":[0.794]},"o":{"x":[0.243],"y":[0.091]},"t":48,"s":[-16]},{"i":{"x":[0],"y":[1]},"o":{"x":[0.262],"y":[0.487]},"t":50,"s":[-29.023]},{"i":{"x":[0.833],"y":[1]},"o":{"x":[0.333],"y":[0]},"t":62,"s":[-50]},{"i":{"x":[0.63],"y":[1]},"o":{"x":[0.158],"y":[0]},"t":92,"s":[-50]},{"i":{"x":[0.813],"y":[1]},"o":{"x":[0.437],"y":[0]},"t":99,"s":[-50]},{"i":{"x":[0.833],"y":[1]},"o":{"x":[0.167],"y":[0]},"t":102,"s":[-47]},{"i":{"x":[0.583],"y":[0.758]},"o":{"x":[0.167],"y":[0]},"t":104,"s":[-30]},{"i":{"x":[0.833],"y":[1]},"o":{"x":[0.417],"y":[-7.5]},"t":105,"s":[-14.5]},{"i":{"x":[0.399],"y":[1]},"o":{"x":[0.167],"y":[0]},"t":106,"s":[-15]},{"t":114,"s":[0]}],"ix":10},"p":{"a":1,"k":[{"i":{"x":0.833,"y":0.833},"o":{"x":0.333,"y":0},"t":44,"s":[458.646,177.57,0],"to":[-7.333,-1,0],"ti":[31.333,0,0]},{"i":{"x":0.587,"y":0.819},"o":{"x":0.167,"y":0.167},"t":48,"s":[414.646,171.57,0],"to":[-6.538,0,0],"ti":[10.304,2.24,0]},{"i":{"x":0,"y":1},"o":{"x":0.262,"y":0.504},"t":50,"s":[352.842,153.952,0],"to":[-39.079,-8.494,0],"ti":[0,0,0]},{"i":{"x":0,"y":0},"o":{"x":0.333,"y":0.333},"t":62,"s":[270.646,177.57,0],"to":[0,0,0],"ti":[0,0,0]},{"i":{"x":0.099,"y":0.81},"o":{"x":0.42,"y":0},"t":92,"s":[270.646,177.57,0],"to":[0,0,0],"ti":[0,0,0]},{"i":{"x":0.609,"y":1},"o":{"x":0.279,"y":0.011},"t":99,"s":[282.186,177.625,0],"to":[0,0,0],"ti":[0,0,0]},{"i":{"x":0.235,"y":0.58},"o":{"x":0.515,"y":0},"t":102,"s":[308.646,177.751,0],"to":[0,0,0],"ti":[0,0,0]},{"i":{"x":0.544,"y":1},"o":{"x":0.226,"y":0.355},"t":103,"s":[334.11,180.289,0],"to":[0,0,0],"ti":[0,0,0]},{"i":{"x":0.235,"y":0.746},"o":{"x":0.515,"y":0},"t":104,"s":[342.646,177.627,0],"to":[0,0,0],"ti":[0,0,0]},{"i":{"x":0.544,"y":1},"o":{"x":0.203,"y":1},"t":105,"s":[436.994,177.627,0],"to":[0,0,0],"ti":[0,0,0]},{"i":{"x":0.667,"y":1},"o":{"x":0.333,"y":0},"t":106,"s":[430.646,177.627,0],"to":[0,0,0],"ti":[-8.401,2.009,0]},{"t":113,"s":[481.05,165.57,0]}],"ix":2,"l":2},"a":{"a":0,"k":[193.97,36.45,0],"ix":1,"l":2},"s":{"a":1,"k":[{"i":{"x":[0.833,0.833,0.833],"y":[1,1,1]},"o":{"x":[0.333,0.333,0.333],"y":[0,0,0]},"t":44,"s":[100,100,100]},{"i":{"x":[0.63,0.63,0.63],"y":[1,1,1]},"o":{"x":[0.158,0.158,0.158],"y":[0,0,0]},"t":92,"s":[100,100,100]},{"i":{"x":[0.813,0.813,0.813],"y":[1,1,1]},"o":{"x":[0.437,0.437,0.437],"y":[0,0,0]},"t":99,"s":[100,100,100]},{"t":102,"s":[100,100,100]}],"ix":6,"l":2}},"ao":0,"shapes":[{"ty":"gr","it":[{"ind":0,"ty":"sh","ix":1,"ks":{"a":0,"k":{"i":[[-22.798,0],[0,-22.799],[22.798,0],[0,22.798]],"o":[[22.798,0],[0,22.798],[-22.798,0],[0,-22.799]],"v":[[0,-41.28],[41.28,0],[0,41.28],[-41.28,0]],"c":true},"ix":2},"nm":"Path 1","mn":"ADBE Vector Shape - Group","hd":false},{"ty":"fl","c":{"a":0,"k":[0.984000052658,0.54900004069,0,1],"ix":4},"o":{"a":0,"k":100,"ix":5},"r":1,"bm":0,"nm":"Fill 1","mn":"ADBE Vector Graphic - Fill","hd":false},{"ty":"tr","p":{"a":0,"k":[194.41,41.53],"ix":2},"a":{"a":0,"k":[0,0],"ix":1},"s":{"a":0,"k":[100,100],"ix":3},"r":{"a":0,"k":0,"ix":6},"o":{"a":0,"k":100,"ix":7},"sk":{"a":0,"k":0,"ix":4},"sa":{"a":0,"k":0,"ix":5},"nm":"Transform"}],"nm":"Group 1","np":2,"cix":2,"bm":0,"ix":1,"mn":"ADBE Vector Group","hd":false},{"ty":"gr","it":[{"ind":0,"ty":"sh","ix":1,"ks":{"a":0,"k":{"i":[[-23.726,0],[0,-23.726],[23.726,0],[0,23.726]],"o":[[23.726,0],[0,23.726],[-23.726,0],[0,-23.726]],"v":[[0,-42.96],[42.96,0],[0,42.96],[-42.96,0]],"c":true},"ix":2},"nm":"Path 1","mn":"ADBE Vector Shape - Group","hd":false},{"ty":"fl","c":{"a":0,"k":[0.984000052658,0.54900004069,0,1],"ix":4},"o":{"a":0,"k":100,"ix":5},"r":1,"bm":0,"nm":"Fill 1","mn":"ADBE Vector Graphic - Fill","hd":false},{"ty":"tr","p":{"a":0,"k":[145.13,147.13],"ix":2},"a":{"a":0,"k":[0,0],"ix":1},"s":{"a":0,"k":[100,100],"ix":3},"r":{"a":0,"k":0,"ix":6},"o":{"a":0,"k":100,"ix":7},"sk":{"a":0,"k":0,"ix":4},"sa":{"a":0,"k":0,"ix":5},"nm":"Transform"}],"nm":"Group 2","np":2,"cix":2,"bm":0,"ix":2,"mn":"ADBE Vector Group","hd":false},{"ty":"gr","it":[{"ind":0,"ty":"sh","ix":1,"ks":{"a":0,"k":{"i":[[-24.654,0],[0,-24.654],[24.654,0],[0,24.654]],"o":[[24.654,0],[0,24.654],[-24.654,0],[0,-24.654]],"v":[[0,-44.64],[44.64,0],[0,44.64],[-44.64,0]],"c":true},"ix":2},"nm":"Path 1","mn":"ADBE Vector Shape - Group","hd":false},{"ty":"fl","c":{"a":0,"k":[0.984000052658,0.54900004069,0,1],"ix":4},"o":{"a":0,"k":100,"ix":5},"r":1,"bm":0,"nm":"Fill 1","mn":"ADBE Vector Graphic - Fill","hd":false},{"ty":"tr","p":{"a":0,"k":[95.85,252.73],"ix":2},"a":{"a":0,"k":[0,0],"ix":1},"s":{"a":0,"k":[100,100],"ix":3},"r":{"a":0,"k":0,"ix":6},"o":{"a":0,"k":100,"ix":7},"sk":{"a":0,"k":0,"ix":4},"sa":{"a":0,"k":0,"ix":5},"nm":"Transform"}],"nm":"Group 3","np":2,"cix":2,"bm":0,"ix":3,"mn":"ADBE Vector Group","hd":false},{"ty":"gr","it":[{"ind":0,"ty":"sh","ix":1,"ks":{"a":0,"k":{"i":[[-25.582,0],[0,-25.582],[25.582,0],[0,25.582]],"o":[[25.582,0],[0,25.582],[-25.582,0],[0,-25.582]],"v":[[0,-46.32],[46.32,-0.001],[0,46.32],[-46.32,-0.001]],"c":true},"ix":2},"nm":"Path 1","mn":"ADBE Vector Shape - Group","hd":false},{"ty":"fl","c":{"a":0,"k":[0.984000052658,0.54900004069,0,1],"ix":4},"o":{"a":0,"k":100,"ix":5},"r":1,"bm":0,"nm":"Fill 1","mn":"ADBE Vector Graphic - Fill","hd":false},{"ty":"tr","p":{"a":0,"k":[46.57,358.33],"ix":2},"a":{"a":0,"k":[0,0],"ix":1},"s":{"a":0,"k":[100,100],"ix":3},"r":{"a":0,"k":0,"ix":6},"o":{"a":0,"k":100,"ix":7},"sk":{"a":0,"k":0,"ix":4},"sa":{"a":0,"k":0,"ix":5},"nm":"Transform"}],"nm":"Group 4","np":2,"cix":2,"bm":0,"ix":4,"mn":"ADBE Vector Group","hd":false}],"ip":50,"op":114,"st":0,"bm":0},{"ddd":0,"ind":11,"ty":4,"nm":"buttons","parent":13,"sr":1,"ks":{"o":{"a":0,"k":100,"ix":11},"r":{"a":1,"k":[{"i":{"x":[0.833],"y":[0.833]},"o":{"x":[0.333],"y":[0]},"t":44,"s":[0]},{"i":{"x":[0.61],"y":[-2.164]},"o":{"x":[0.273],"y":[0.668]},"t":48,"s":[-16]},{"i":{"x":[0.638],"y":[0.902]},"o":{"x":[0.303],"y":[0.203]},"t":49,"s":[-16.993]},{"i":{"x":[0],"y":[1]},"o":{"x":[0.262],"y":[0.487]},"t":50,"s":[-29.023]},{"t":62,"s":[-50]}],"ix":10},"p":{"a":1,"k":[{"i":{"x":0.833,"y":0.833},"o":{"x":0.333,"y":0},"t":44,"s":[574.05,177.57,0],"to":[-7.333,-1,0],"ti":[31.333,0,0]},{"i":{"x":0.563,"y":0.092},"o":{"x":0.167,"y":0.167},"t":48,"s":[530.05,171.57,0],"to":[-3.889,0,0],"ti":[15.697,4.88,0]},{"i":{"x":0.657,"y":0.906},"o":{"x":0.311,"y":0.212},"t":49,"s":[518.984,161.25,0],"to":[-10.695,-3.325,0],"ti":[4.176,0.908,0]},{"i":{"x":0,"y":1},"o":{"x":0.262,"y":0.503},"t":50,"s":[468.246,153.952,0],"to":[-39.079,-8.494,0],"ti":[18.728,5.012,0]},{"t":62,"s":[386.05,177.57,0]}],"ix":2,"l":2},"a":{"a":0,"k":[193.97,36.45,0],"ix":1,"l":2},"s":{"a":0,"k":[100,100,100],"ix":6,"l":2}},"ao":0,"shapes":[{"ty":"gr","it":[{"ind":0,"ty":"sh","ix":1,"ks":{"a":0,"k":{"i":[[-22.798,0],[0,-22.799],[22.798,0],[0,22.798]],"o":[[22.798,0],[0,22.798],[-22.798,0],[0,-22.799]],"v":[[0,-41.28],[41.28,0],[0,41.28],[-41.28,0]],"c":true},"ix":2},"nm":"Path 1","mn":"ADBE Vector Shape - Group","hd":false},{"ty":"fl","c":{"a":0,"k":[0.984000052658,0.54900004069,0,1],"ix":4},"o":{"a":0,"k":100,"ix":5},"r":1,"bm":0,"nm":"Fill 1","mn":"ADBE Vector Graphic - Fill","hd":false},{"ty":"tr","p":{"a":0,"k":[194.41,41.53],"ix":2},"a":{"a":0,"k":[0,0],"ix":1},"s":{"a":0,"k":[100,100],"ix":3},"r":{"a":0,"k":0,"ix":6},"o":{"a":0,"k":100,"ix":7},"sk":{"a":0,"k":0,"ix":4},"sa":{"a":0,"k":0,"ix":5},"nm":"Transform"}],"nm":"Group 1","np":2,"cix":2,"bm":0,"ix":1,"mn":"ADBE Vector Group","hd":false},{"ty":"gr","it":[{"ind":0,"ty":"sh","ix":1,"ks":{"a":0,"k":{"i":[[-23.726,0],[0,-23.726],[23.726,0],[0,23.726]],"o":[[23.726,0],[0,23.726],[-23.726,0],[0,-23.726]],"v":[[0,-42.96],[42.96,0],[0,42.96],[-42.96,0]],"c":true},"ix":2},"nm":"Path 1","mn":"ADBE Vector Shape - Group","hd":false},{"ty":"fl","c":{"a":0,"k":[0.984000052658,0.54900004069,0,1],"ix":4},"o":{"a":0,"k":100,"ix":5},"r":1,"bm":0,"nm":"Fill 1","mn":"ADBE Vector Graphic - Fill","hd":false},{"ty":"tr","p":{"a":0,"k":[145.13,147.13],"ix":2},"a":{"a":0,"k":[0,0],"ix":1},"s":{"a":0,"k":[100,100],"ix":3},"r":{"a":0,"k":0,"ix":6},"o":{"a":0,"k":100,"ix":7},"sk":{"a":0,"k":0,"ix":4},"sa":{"a":0,"k":0,"ix":5},"nm":"Transform"}],"nm":"Group 2","np":2,"cix":2,"bm":0,"ix":2,"mn":"ADBE Vector Group","hd":false},{"ty":"gr","it":[{"ind":0,"ty":"sh","ix":1,"ks":{"a":0,"k":{"i":[[-24.654,0],[0,-24.654],[24.654,0],[0,24.654]],"o":[[24.654,0],[0,24.654],[-24.654,0],[0,-24.654]],"v":[[0,-44.64],[44.64,0],[0,44.64],[-44.64,0]],"c":true},"ix":2},"nm":"Path 1","mn":"ADBE Vector Shape - Group","hd":false},{"ty":"fl","c":{"a":0,"k":[0.984000052658,0.54900004069,0,1],"ix":4},"o":{"a":0,"k":100,"ix":5},"r":1,"bm":0,"nm":"Fill 1","mn":"ADBE Vector Graphic - Fill","hd":false},{"ty":"tr","p":{"a":0,"k":[95.85,252.73],"ix":2},"a":{"a":0,"k":[0,0],"ix":1},"s":{"a":0,"k":[100,100],"ix":3},"r":{"a":0,"k":0,"ix":6},"o":{"a":0,"k":100,"ix":7},"sk":{"a":0,"k":0,"ix":4},"sa":{"a":0,"k":0,"ix":5},"nm":"Transform"}],"nm":"Group 3","np":2,"cix":2,"bm":0,"ix":3,"mn":"ADBE Vector Group","hd":false},{"ty":"gr","it":[{"ind":0,"ty":"sh","ix":1,"ks":{"a":0,"k":{"i":[[-25.582,0],[0,-25.582],[25.582,0],[0,25.582]],"o":[[25.582,0],[0,25.582],[-25.582,0],[0,-25.582]],"v":[[0,-46.32],[46.32,-0.001],[0,46.32],[-46.32,-0.001]],"c":true},"ix":2},"nm":"Path 1","mn":"ADBE Vector Shape - Group","hd":false},{"ty":"fl","c":{"a":0,"k":[0.984000052658,0.54900004069,0,1],"ix":4},"o":{"a":0,"k":100,"ix":5},"r":1,"bm":0,"nm":"Fill 1","mn":"ADBE Vector Graphic - Fill","hd":false},{"ty":"tr","p":{"a":0,"k":[46.57,358.33],"ix":2},"a":{"a":0,"k":[0,0],"ix":1},"s":{"a":0,"k":[100,100],"ix":3},"r":{"a":0,"k":0,"ix":6},"o":{"a":0,"k":100,"ix":7},"sk":{"a":0,"k":0,"ix":4},"sa":{"a":0,"k":0,"ix":5},"nm":"Transform"}],"nm":"Group 4","np":2,"cix":2,"bm":0,"ix":4,"mn":"ADBE Vector Group","hd":false}],"ip":0,"op":50,"st":0,"bm":0},{"ddd":0,"ind":12,"ty":4,"nm":"Saxophone 5","sr":1,"ks":{"o":{"a":0,"k":100,"ix":11},"r":{"a":1,"k":[{"i":{"x":[0.406],"y":[1]},"o":{"x":[0.167],"y":[0]},"t":106,"s":[0]},{"t":116,"s":[0]}],"ix":10},"p":{"a":1,"k":[{"i":{"x":0.406,"y":0.406},"o":{"x":0.167,"y":0.167},"t":106,"s":[826.28,207.24,0],"to":[0,0,0],"ti":[0,0,0]},{"t":116,"s":[826.28,207.24,0]}],"ix":2,"l":2},"a":{"a":0,"k":[794.53,145.01,0],"ix":1,"l":2},"s":{"a":0,"k":[100,100,100],"ix":6,"l":2}},"ao":0,"shapes":[{"ty":"gr","it":[{"ind":0,"ty":"sh","ix":1,"ks":{"a":1,"k":[{"i":{"x":0.833,"y":0.833},"o":{"x":0.167,"y":0.167},"t":105,"s":[{"i":[[15.272,5.893],[10.749,21.806],[42.702,-16.002],[5.827,-44.943],[0,0],[-13.68,68.56],[-10.16,18.32],[0,13.04],[107.68,0],[0,-55.76],[-9.6,-11.92],[-0.291,-0.422],[13.76,-84.16],[-27.782,-90.844],[-79.68,3.68],[-22.834,147.116],[0,0],[-1.984,-1.701],[-11.543,4.931],[-2.467,10.165]],"o":[[-15.728,-2.769],[-12.508,-25.374],[-40.155,15.048],[-5.455,42.57],[0,0],[13.68,-68.56],[8.64,-11.44],[0,-55.76],[-107.6,0],[0,13.76],[0.32,0.4],[25.08,36.32],[-6.547,40.043],[20.16,65.92],[65.746,-3.037],[23.48,-151.28],[0,0],[8.889,7.621],[4.663,-1.992],[3.169,-13.054]],"v":[[214.698,-381.383],[196.971,-418.545],[136.042,-452.043],[83.282,-371.822],[-22.2,127.72],[67.48,63.32],[112.12,-54.68],[125.56,-91.56],[-31.4,-182.52],[-146.28,-89.56],[-131.32,-50.76],[-187.36,-45.56],[-144.04,102.92],[-158.44,360.84],[9.4,459.08],[128.24,250.04],[175.696,-285.315],[178.331,-325.361],[208.763,-320.171],[224.937,-342.405]],"c":true}]},{"i":{"x":0.406,"y":1},"o":{"x":0.167,"y":0.167},"t":106,"s":[{"i":[[15.272,5.893],[10.749,21.806],[42.702,-16.002],[5.827,-44.943],[0,0],[-13.68,68.56],[-10.16,18.32],[0,13.04],[107.68,0],[0,-55.76],[-9.6,-11.92],[-0.32,-0.4],[4.8,-37.28],[-36.56,-87.68],[-75.84,11.68],[-22.834,147.116],[0,0],[-1.984,-1.701],[-11.543,4.931],[-2.467,10.165]],"o":[[-15.728,-2.769],[-12.508,-25.374],[-40.155,15.048],[-5.455,42.57],[0,0],[13.68,-68.56],[8.64,-11.44],[0,-55.76],[-107.6,0],[0,13.76],[0.32,0.4],[7.36,8.96],[-5.2,40.24],[36.56,87.76],[65.04,-10.08],[23.48,-151.28],[0,0],[8.889,7.621],[4.663,-1.992],[3.169,-13.054]],"v":[[226.698,-373.883],[208.971,-418.545],[136.042,-452.043],[83.282,-371.822],[-22.2,127.72],[67.48,63.32],[112.12,-54.68],[125.56,-91.56],[-69.4,-192.52],[-264.28,-91.56],[-249.32,-52.76],[-248.36,-51.56],[-196.04,56.92],[-188.44,354.84],[9.4,459.08],[128.24,250.04],[175.696,-285.315],[178.331,-317.861],[220.763,-312.671],[236.937,-334.905]],"c":true}]},{"t":116,"s":[{"i":[[13.76,8.16],[10.96,26.08],[45.6,0.4],[21.6,-39.84],[0,0],[-13.68,68.56],[-10.16,18.32],[0,13.04],[107.68,0],[0,-55.76],[-9.6,-11.92],[-0.32,-0.4],[4.8,-37.28],[-36.56,-87.68],[-75.84,11.68],[-62.16,135.28],[0,0],[-14.64,-20.08],[-31.04,-10.96],[-4.08,5.44]],"o":[[-13.68,-8.24],[-10.96,-26.08],[-42.88,-0.4],[-20.4,37.76],[0,0],[13.68,-68.56],[8.64,-11.44],[0,-55.76],[-107.6,0],[0,13.76],[0.32,0.4],[7.36,8.96],[-5.2,40.24],[36.56,87.76],[65.04,-10.08],[62.16,-135.28],[0,0],[14.64,20.08],[31.04,10.96],[4.24,-5.52]],"v":[[408.52,-324.84],[356.44,-400.28],[276.92,-452.36],[196.04,-397.56],[-104.2,157.72],[-90.52,45.32],[-45.88,-72.68],[-32.44,-109.56],[-227.4,-210.52],[-422.28,-109.56],[-407.32,-70.76],[-406.36,-69.56],[-354.04,38.92],[-346.44,336.84],[-148.6,441.08],[39.24,260.04],[269.56,-311.88],[297,-334.04],[364.6,-271.88],[408.44,-290.6]],"c":true}]}],"ix":2},"nm":"Path 1","mn":"ADBE Vector Shape - Group","hd":false},{"ty":"fl","c":{"a":0,"k":[1,0.791999966491,0.156999999402,1],"ix":4},"o":{"a":0,"k":100,"ix":5},"r":1,"bm":0,"nm":"Fill 1","mn":"ADBE Vector Graphic - Fill","hd":false},{"ty":"tr","p":{"a":0,"k":[422.53,453.01],"ix":2},"a":{"a":0,"k":[0,0],"ix":1},"s":{"a":0,"k":[100,100],"ix":3},"r":{"a":0,"k":0,"ix":6},"o":{"a":0,"k":100,"ix":7},"sk":{"a":0,"k":0,"ix":4},"sa":{"a":0,"k":0,"ix":5},"nm":"Transform"}],"nm":"Group 1","np":2,"cix":2,"bm":0,"ix":1,"mn":"ADBE Vector Group","hd":false}],"ip":105,"op":114,"st":106,"bm":0},{"ddd":0,"ind":13,"ty":4,"nm":"Saxophone","sr":1,"ks":{"o":{"a":0,"k":100,"ix":11},"r":{"a":1,"k":[{"i":{"x":[0.328],"y":[1]},"o":{"x":[0.167],"y":[0.167]},"t":0,"s":[0]},{"i":{"x":[0.328],"y":[1]},"o":{"x":[0.59],"y":[0]},"t":12,"s":[11]},{"i":{"x":[0.328],"y":[1]},"o":{"x":[0.59],"y":[0]},"t":24,"s":[9]},{"i":{"x":[0.833],"y":[0.833]},"o":{"x":[1],"y":[0]},"t":36,"s":[12]},{"t":48,"s":[0]}],"ix":10},"p":{"a":1,"k":[{"i":{"x":0.328,"y":1},"o":{"x":0.167,"y":0.167},"t":0,"s":[826.28,207.24,0],"to":[4.667,-3.667,0],"ti":[-4.667,3.667,0]},{"i":{"x":0.667,"y":0.667},"o":{"x":0.462,"y":0.462},"t":12,"s":[854.28,185.24,0],"to":[0,0,0],"ti":[0,0,0]},{"i":{"x":0.833,"y":0.833},"o":{"x":0.789,"y":0},"t":36,"s":[854.28,185.24,0],"to":[-4.667,3.667,0],"ti":[4.667,-3.667,0]},{"t":48,"s":[826.28,207.24,0]}],"ix":2,"l":2},"a":{"a":0,"k":[794.53,145.01,0],"ix":1,"l":2},"s":{"a":0,"k":[100,100,100],"ix":6,"l":2}},"ao":0,"shapes":[{"ty":"gr","it":[{"ind":0,"ty":"sh","ix":1,"ks":{"a":1,"k":[{"i":{"x":0.833,"y":0.833},"o":{"x":0.789,"y":0},"t":36,"s":[{"i":[[13.76,8.16],[10.96,26.08],[45.6,0.4],[21.6,-39.84],[0,0],[-13.68,68.56],[-10.16,18.32],[0,13.04],[107.68,0],[0,-55.76],[-9.6,-11.92],[-0.32,-0.4],[4.8,-37.28],[-36.56,-87.68],[-75.84,11.68],[-62.16,135.28],[0,0],[-14.64,-20.08],[-31.04,-10.96],[-4.08,5.44]],"o":[[-13.68,-8.24],[-10.96,-26.08],[-42.88,-0.4],[-20.4,37.76],[0,0],[13.68,-68.56],[8.64,-11.44],[0,-55.76],[-107.6,0],[0,13.76],[0.32,0.4],[7.36,8.96],[-5.2,40.24],[36.56,87.76],[65.04,-10.08],[62.16,-135.28],[0,0],[14.64,20.08],[31.04,10.96],[4.24,-5.52]],"v":[[408.52,-324.84],[356.44,-400.28],[276.92,-452.36],[196.04,-397.56],[-104.2,157.72],[-90.52,45.32],[-45.88,-72.68],[-32.44,-109.56],[-227.4,-210.52],[-422.28,-109.56],[-407.32,-70.76],[-406.36,-69.56],[-354.04,38.92],[-346.44,336.84],[-148.6,441.08],[39.24,260.04],[269.56,-311.88],[297,-334.04],[364.6,-271.88],[408.44,-290.6]],"c":true}]},{"i":{"x":0.833,"y":0.833},"o":{"x":0.167,"y":0.167},"t":48,"s":[{"i":[[15.272,5.893],[10.749,21.806],[42.702,-16.002],[5.827,-44.943],[0,0],[-13.68,68.56],[-10.16,18.32],[0,13.04],[107.68,0],[0,-55.76],[-9.6,-11.92],[-0.32,-0.4],[4.8,-37.28],[-36.56,-87.68],[-75.84,11.68],[-22.834,147.116],[0,0],[-1.984,-1.701],[-11.543,4.931],[-2.467,10.165]],"o":[[-15.728,-2.769],[-12.508,-25.374],[-40.155,15.048],[-5.455,42.57],[0,0],[13.68,-68.56],[8.64,-11.44],[0,-55.76],[-107.6,0],[0,13.76],[0.32,0.4],[7.36,8.96],[-5.2,40.24],[36.56,87.76],[65.04,-10.08],[23.48,-151.28],[0,0],[8.889,7.621],[4.663,-1.992],[3.169,-13.054]],"v":[[226.698,-373.883],[208.971,-418.545],[136.042,-452.043],[83.282,-371.822],[-22.2,127.72],[67.48,63.32],[112.12,-54.68],[125.56,-91.56],[-69.4,-192.52],[-264.28,-91.56],[-249.32,-52.76],[-248.36,-51.56],[-196.04,56.92],[-188.44,354.84],[9.4,459.08],[128.24,250.04],[175.696,-285.315],[178.331,-317.861],[220.763,-312.671],[236.937,-334.905]],"c":true}]},{"i":{"x":0.833,"y":0.833},"o":{"x":0.167,"y":0.167},"t":49,"s":[{"i":[[12.591,7.172],[9.942,21.543],[42.702,-16.002],[5.827,-44.943],[0,0],[-6.601,113.224],[-10.16,18.32],[0,13.04],[107.68,0],[0,-55.76],[-9.6,-11.92],[-0.267,-0.437],[14.603,-43.979],[-36.56,-87.68],[-75.611,12.593],[-22.834,147.116],[0,0],[-1.707,-1.85],[-11.016,6.835],[-2.364,9.561]],"o":[[-12.954,-4.849],[-11.745,-25.671],[-40.155,15.048],[-5.455,42.57],[0,0],[12.377,-67.286],[8.64,-11.44],[0,-55.76],[-107.6,0],[0,13.76],[0.32,0.4],[30.923,50.501],[-12.786,38.507],[36.56,87.76],[67.879,-11.932],[23.48,-151.28],[0,0],[7.583,7.775],[4.07,-2.019],[2.464,-12.78]],"v":[[203.755,-374.204],[188.111,-418.283],[115.182,-451.78],[62.422,-371.559],[-19.313,127.195],[93.719,61.746],[139.278,-55.861],[152.717,-92.741],[-42.243,-193.701],[-39.123,17.259],[-164.163,-60.941],[-135.203,-17.741],[-125.883,146.739],[-82.662,345.922],[31.572,457.506],[150.412,248.466],[160.003,-282.719],[160.887,-314.681],[197.903,-313.825],[212.077,-335.976]],"c":true}]},{"i":{"x":0.667,"y":1},"o":{"x":0.167,"y":0.167},"t":54,"s":[{"i":[[-0.817,13.568],[5.909,20.231],[42.702,-16.002],[5.827,-44.943],[0,0],[28.796,336.545],[-10.16,18.32],[0,13.04],[107.68,0],[0,-55.76],[-9.6,-11.92],[-0.32,-0.4],[4.8,-37.28],[-36.56,-87.68],[-74.463,17.155],[-22.834,147.116],[0,0],[-0.319,-2.594],[-8.383,16.357],[-1.851,6.543]],"o":[[0.919,-15.247],[-7.931,-27.155],[-40.155,15.048],[-5.455,42.57],[0,0],[5.863,-60.918],[8.64,-11.44],[0,-55.76],[-107.6,0],[0,13.76],[0.32,0.4],[7.36,8.96],[-5.2,40.24],[36.56,87.76],[82.074,-21.195],[23.48,-151.28],[0,0],[1.05,8.546],[1.102,-2.151],[-1.057,-11.409]],"v":[[89.037,-375.808],[83.811,-416.971],[10.882,-450.468],[-41.879,-370.247],[-4.882,124.571],[224.915,53.874],[275.065,-61.764],[288.504,-98.644],[93.545,-199.604],[-101.335,-98.644],[-86.375,-59.845],[-85.415,-58.645],[-33.095,49.836],[-57.769,349.33],[142.432,449.634],[261.272,240.594],[81.536,-269.74],[73.67,-298.786],[83.603,-319.597],[87.777,-341.33]],"c":true}]},{"t":62,"s":[{"i":[[15.774,2.665],[10.749,21.806],[42.702,-16.002],[5.827,-44.943],[0,0],[94.24,749.44],[-10.16,18.32],[0,13.04],[107.68,0],[0,-55.76],[-9.6,-11.92],[-0.32,-0.4],[4.8,-37.28],[-36.56,-87.68],[-72.341,25.592],[-22.834,147.116],[0,0],[-1.984,-1.701],[-32.905,0.936],[-1.85,6.543]],"o":[[-15.728,-2.769],[-12.508,-25.374],[-40.155,15.048],[-5.455,42.57],[0,0],[-6.18,-49.144],[8.64,-11.44],[0,-55.76],[-107.6,0],[0,13.76],[0.32,0.4],[7.36,8.96],[-5.2,40.24],[36.56,87.76],[108.32,-38.32],[23.48,-151.28],[0,0],[8.889,7.621],[32.905,-0.936],[1.971,-6.676]],"v":[[-92.302,-371.883],[-109.029,-414.545],[-181.958,-448.043],[-234.718,-367.822],[21.8,119.72],[467.48,39.32],[526.12,-72.68],[539.56,-109.56],[344.6,-210.52],[149.72,-109.56],[164.68,-70.76],[165.64,-69.56],[217.96,38.92],[143.56,340.84],[347.4,435.08],[466.24,226.04],[-141.304,-281.315],[-137.169,-314.361],[-89.237,-303.171],[-37.063,-317.905]],"c":true}]}],"ix":2},"nm":"Path 1","mn":"ADBE Vector Shape - Group","hd":false},{"ty":"fl","c":{"a":0,"k":[1,0.791999966491,0.156999999402,1],"ix":4},"o":{"a":0,"k":100,"ix":5},"r":1,"bm":0,"nm":"Fill 1","mn":"ADBE Vector Graphic - Fill","hd":false},{"ty":"tr","p":{"a":0,"k":[422.53,453.01],"ix":2},"a":{"a":0,"k":[0,0],"ix":1},"s":{"a":0,"k":[100,100],"ix":3},"r":{"a":0,"k":0,"ix":6},"o":{"a":0,"k":100,"ix":7},"sk":{"a":0,"k":0,"ix":4},"sa":{"a":0,"k":0,"ix":5},"nm":"Transform"}],"nm":"Group 1","np":2,"cix":2,"bm":0,"ix":1,"mn":"ADBE Vector Group","hd":false}],"ip":0,"op":50,"st":0,"bm":0},{"ddd":0,"ind":14,"ty":4,"nm":"Saxophone","sr":1,"ks":{"o":{"a":0,"k":100,"ix":11},"r":{"a":1,"k":[{"i":{"x":[0.345],"y":[1]},"o":{"x":[0.333],"y":[0]},"t":50,"s":[0]},{"i":{"x":[0.382],"y":[1]},"o":{"x":[0.554],"y":[0]},"t":70,"s":[-13]},{"i":{"x":[0.457],"y":[1]},"o":{"x":[0.351],"y":[0]},"t":80,"s":[-9]},{"i":{"x":[0.833],"y":[0.833]},"o":{"x":[0.385],"y":[0]},"t":92,"s":[-13]},{"i":{"x":[0.833],"y":[0.833]},"o":{"x":[0.167],"y":[0.167]},"t":102,"s":[-0.272]},{"t":104,"s":[0]}],"ix":10},"p":{"a":1,"k":[{"i":{"x":0.345,"y":1},"o":{"x":1,"y":0},"t":50,"s":[87.684,261.24,0],"to":[-3.333,-1,0],"ti":[3.333,1,0]},{"i":{"x":0.345,"y":0.345},"o":{"x":0.398,"y":0.398},"t":70,"s":[67.684,255.24,0],"to":[0,0,0],"ti":[0,0,0]},{"i":{"x":0.833,"y":0.833},"o":{"x":0.167,"y":0.167},"t":92,"s":[67.684,255.24,0],"to":[0,0,0],"ti":[0,0,0]},{"i":{"x":0.833,"y":0.833},"o":{"x":0.167,"y":0.167},"t":102,"s":[67.684,255.24,0],"to":[0,3.333,0],"ti":[0,-3.333,0]},{"t":104,"s":[67.684,275.24,0]}],"ix":2,"l":2},"a":{"a":0,"k":[-59.47,199.01,0],"ix":1,"l":2},"s":{"a":0,"k":[100,100,100],"ix":6,"l":2}},"ao":0,"shapes":[{"ty":"gr","it":[{"ind":0,"ty":"sh","ix":1,"ks":{"a":1,"k":[{"i":{"x":0.833,"y":0.833},"o":{"x":0.167,"y":0.167},"t":50,"s":[{"i":[[-11.164,5.924],[-16.545,-1.277],[-2.697,-45.522],[-8.457,-51.88],[0,0],[13.68,68.56],[10.16,18.32],[0,13.04],[-107.68,0],[0,-55.76],[9.6,-11.92],[0.32,-0.4],[-4.8,-37.28],[36.56,-87.68],[75.84,11.68],[-23.944,124.804],[0,0],[3.346,32.726],[-0.626,10.89],[-5.294,17.463]],"o":[[17.427,-9.248],[27.873,2.152],[2.468,41.657],[31.543,70.12],[0,0],[-13.68,-68.56],[-8.64,-11.44],[0,-55.76],[107.6,0],[0,13.76],[-0.32,0.4],[-7.36,8.96],[5.2,40.24],[-36.56,87.76],[-65.04,-10.08],[63.556,-331.28],[0,0],[-2.527,-24.721],[0.58,-10.1],[6.782,-22.373]],"v":[[-125.611,-444.992],[-80.139,-454.963],[-26.152,-378.897],[-9.227,-191.359],[58.2,19.72],[-133.48,65.32],[-206.12,-58.68],[-219.56,-95.56],[-24.6,-196.52],[170.28,-95.56],[155.32,-56.76],[154.36,-55.56],[112.04,50.92],[132.44,336.84],[-41.4,453.08],[-187.24,234.04],[-150.484,-266.545],[-154.03,-332.466],[-156.058,-375.63],[-150.466,-408.867]],"c":true}]},{"i":{"x":0,"y":1},"o":{"x":0.167,"y":0.167},"t":52,"s":[{"i":[[-12.496,7.071],[-41.79,25.668],[-24.708,-21.962],[-15.2,-45.703],[0,0],[13.68,68.56],[10.16,18.32],[0,13.04],[-107.68,0],[0,-55.76],[9.6,-11.92],[0.32,-0.4],[-4.8,-37.28],[36.56,-87.68],[75.84,11.68],[20.231,130.179],[0,0],[7.436,6.365],[24.866,1.662],[-1.586,11.914]],"o":[[3.585,-5.352],[20.967,-12.878],[23.201,20.08],[25.826,53.518],[0,0],[-13.68,-68.56],[-8.64,-11.44],[0,-55.76],[107.6,0],[0,13.76],[-0.32,0.4],[-7.36,8.96],[5.2,40.24],[-36.56,87.76],[-65.04,-10.08],[-0.942,-230.723],[0,0],[-5.113,2.034],[-19.38,-1.295],[2.217,-13.725]],"v":[[-254.769,-349.388],[-221.894,-426.908],[-154.807,-416.587],[-105.071,-297.15],[81.8,90.52],[-18.558,55.059],[-76.833,-65.863],[-90.273,-102.743],[104.687,-203.703],[299.567,-102.743],[284.607,-63.943],[283.647,-62.743],[236.197,44.763],[242.232,336.84],[56.078,446.923],[-111.309,247.379],[-189.576,-248.804],[-210.071,-295.274],[-245.05,-282.401],[-273.318,-326.191]],"c":true}]},{"i":{"x":0.833,"y":1},"o":{"x":0.167,"y":0},"t":62,"s":[{"i":[[-13.76,8.16],[-10.96,26.08],[-45.6,0.4],[-21.6,-39.84],[0,0],[13.68,68.56],[10.16,18.32],[0,13.04],[-107.68,0],[0,-55.76],[9.6,-11.92],[0.32,-0.4],[-4.8,-37.28],[36.56,-87.68],[75.84,11.68],[62.16,135.28],[0,0],[14.64,-20.08],[31.04,-10.96],[4.08,5.44]],"o":[[13.68,-8.24],[10.96,-26.08],[42.88,-0.4],[20.4,37.76],[0,0],[-13.68,-68.56],[-8.64,-11.44],[0,-55.76],[107.6,0],[0,13.76],[-0.32,0.4],[-7.36,8.96],[5.2,40.24],[-36.56,87.76],[-65.04,-10.08],[-62.16,-135.28],[0,0],[-14.64,20.08],[-31.04,10.96],[-4.24,-5.52]],"v":[[-408.52,-324.84],[-356.44,-400.28],[-276.92,-452.36],[-196.04,-397.56],[104.2,157.72],[90.52,45.32],[45.88,-72.68],[32.44,-109.56],[227.4,-210.52],[422.28,-109.56],[407.32,-70.76],[406.36,-69.56],[354.04,38.92],[346.44,336.84],[148.6,441.08],[-39.24,260.04],[-269.56,-311.88],[-297,-334.04],[-364.6,-271.88],[-408.44,-290.6]],"c":true}]},{"i":{"x":0.833,"y":0.833},"o":{"x":0.167,"y":0},"t":92,"s":[{"i":[[-13.76,8.16],[-10.96,26.08],[-45.6,0.4],[-21.6,-39.84],[0,0],[13.68,68.56],[10.16,18.32],[0,13.04],[-107.68,0],[0,-55.76],[9.6,-11.92],[0.32,-0.4],[-4.8,-37.28],[36.56,-87.68],[75.84,11.68],[62.16,135.28],[0,0],[14.64,-20.08],[31.04,-10.96],[4.08,5.44]],"o":[[13.68,-8.24],[10.96,-26.08],[42.88,-0.4],[20.4,37.76],[0,0],[-13.68,-68.56],[-8.64,-11.44],[0,-55.76],[107.6,0],[0,13.76],[-0.32,0.4],[-7.36,8.96],[5.2,40.24],[-36.56,87.76],[-65.04,-10.08],[-62.16,-135.28],[0,0],[-14.64,20.08],[-31.04,10.96],[-4.24,-5.52]],"v":[[-408.52,-324.84],[-356.44,-400.28],[-276.92,-452.36],[-196.04,-397.56],[104.2,157.72],[90.52,45.32],[45.88,-72.68],[32.44,-109.56],[227.4,-210.52],[422.28,-109.56],[407.32,-70.76],[406.36,-69.56],[354.04,38.92],[346.44,336.84],[148.6,441.08],[-39.24,260.04],[-269.56,-311.88],[-297,-334.04],[-364.6,-271.88],[-408.44,-290.6]],"c":true}]},{"i":{"x":0.833,"y":0.833},"o":{"x":0.167,"y":0.167},"t":102,"s":[{"i":[[-12.496,7.071],[-41.79,25.668],[-24.708,-21.962],[-15.2,-45.703],[0,0],[13.68,68.56],[10.16,18.32],[0,13.04],[-107.68,0],[0,-55.76],[9.6,-11.92],[0.32,-0.4],[-4.8,-37.28],[36.56,-87.68],[75.84,11.68],[20.231,130.179],[0,0],[7.436,6.365],[24.866,1.662],[-1.586,11.914]],"o":[[3.585,-5.352],[20.967,-12.878],[23.201,20.08],[25.826,53.518],[0,0],[-13.68,-68.56],[-8.64,-11.44],[0,-55.76],[107.6,0],[0,13.76],[-0.32,0.4],[-7.36,8.96],[5.2,40.24],[-36.56,87.76],[-65.04,-10.08],[-0.942,-230.723],[0,0],[-5.113,2.034],[-19.38,-1.295],[2.217,-13.725]],"v":[[-254.769,-349.388],[-221.894,-426.908],[-154.807,-416.587],[-89.071,-297.074],[81.8,90.52],[-18.558,55.059],[-76.833,-65.863],[-90.273,-102.743],[104.687,-203.703],[299.567,-102.743],[284.607,-63.943],[283.647,-62.743],[236.197,44.763],[242.232,336.84],[56.078,446.923],[-111.309,247.379],[-189.576,-248.804],[-210.071,-295.274],[-245.05,-282.401],[-273.318,-326.191]],"c":true}]},{"t":104,"s":[{"i":[[-11.164,5.924],[-16.545,-1.277],[-2.697,-45.522],[-8.457,-51.88],[0,0],[13.68,68.56],[10.16,18.32],[0,13.04],[-107.68,0],[0,-55.76],[9.6,-11.92],[0.32,-0.4],[-4.8,-37.28],[36.56,-87.68],[75.84,11.68],[-23.944,124.804],[0,0],[3.346,32.726],[-0.626,10.89],[-5.294,17.463]],"o":[[17.427,-9.248],[27.873,2.152],[2.468,41.657],[31.543,70.12],[0,0],[-13.68,-68.56],[-8.64,-11.44],[0,-55.76],[107.6,0],[0,13.76],[-0.32,0.4],[-7.36,8.96],[5.2,40.24],[-36.56,87.76],[-65.04,-10.08],[63.556,-331.28],[0,0],[-2.527,-24.721],[0.58,-10.1],[6.782,-22.373]],"v":[[-125.611,-444.992],[-80.139,-454.963],[-26.152,-378.897],[-9.227,-191.359],[58.2,19.72],[-133.48,65.32],[-206.12,-58.68],[-219.56,-95.56],[-24.6,-196.52],[170.28,-95.56],[155.32,-56.76],[154.36,-55.56],[112.04,50.92],[132.44,336.84],[-41.4,453.08],[-187.24,234.04],[-150.484,-266.545],[-154.03,-332.466],[-156.058,-375.63],[-150.466,-408.867]],"c":true}]}],"ix":2},"nm":"Path 1","mn":"ADBE Vector Shape - Group","hd":false},{"ty":"fl","c":{"a":0,"k":[1,0.791999966491,0.156999999402,1],"ix":4},"o":{"a":0,"k":100,"ix":5},"r":1,"bm":0,"nm":"Fill 1","mn":"ADBE Vector Graphic - Fill","hd":false},{"ty":"tr","p":{"a":0,"k":[422.53,453.01],"ix":2},"a":{"a":0,"k":[0,0],"ix":1},"s":{"a":0,"k":[100,100],"ix":3},"r":{"a":0,"k":0,"ix":6},"o":{"a":0,"k":100,"ix":7},"sk":{"a":0,"k":0,"ix":4},"sa":{"a":0,"k":0,"ix":5},"nm":"Transform"}],"nm":"Group 1","np":2,"cix":2,"bm":0,"ix":1,"mn":"ADBE Vector Group","hd":false}],"ip":50,"op":105,"st":-6,"bm":0},{"ddd":0,"ind":15,"ty":4,"nm":"mouthpiece","parent":14,"sr":1,"ks":{"o":{"a":0,"k":100,"ix":11},"r":{"a":1,"k":[{"i":{"x":[0.833],"y":[0.833]},"o":{"x":[0.167],"y":[0.167]},"t":36,"s":[0]},{"t":92,"s":[0]}],"ix":10},"p":{"a":1,"k":[{"i":{"x":0.833,"y":0.833},"o":{"x":0.167,"y":0.167},"t":48,"s":[709.63,157.786,0],"to":[-51.333,-19.667,0],"ti":[51.333,19.667,0]},{"i":{"x":0.833,"y":0.833},"o":{"x":0.167,"y":0.167},"t":50,"s":[401.63,39.786,0],"to":[0,0,0],"ti":[0,0,0]},{"t":92,"s":[401.63,39.786,0]}],"ix":2,"l":2},"a":{"a":1,"k":[{"i":{"x":0.833,"y":0.833},"o":{"x":0.167,"y":0.167},"t":48,"s":[38.074,41.866,0],"to":[-27.667,-6.333,0],"ti":[27.667,6.333,0]},{"i":{"x":0.833,"y":0.833},"o":{"x":0.167,"y":0.167},"t":50,"s":[-127.926,3.866,0],"to":[0,0,0],"ti":[0,0,0]},{"t":92,"s":[-127.926,3.866,0]}],"ix":1,"l":2},"s":{"a":1,"k":[{"i":{"x":[0.833,0.833,0.833],"y":[0.833,0.833,0.833]},"o":{"x":[0.167,0.167,0.167],"y":[0.167,0.167,0.167]},"t":48,"s":[100,100,100]},{"i":{"x":[0.833,0.833,0.833],"y":[0.833,0.833,0.833]},"o":{"x":[0.167,0.167,0.167],"y":[0.167,0.167,0.167]},"t":50,"s":[-100,100,100]},{"t":92,"s":[-100,100,100]}],"ix":6,"l":2}},"ao":0,"shapes":[{"ty":"gr","it":[{"ind":0,"ty":"sh","ix":1,"ks":{"a":1,"k":[{"i":{"x":0.833,"y":0.833},"o":{"x":0.789,"y":0},"t":36,"s":[{"i":[[0,0],[0,0],[-44.08,-15.36],[0,0],[5.52,15.6],[18.32,23.84],[24.72,10],[12.8,-15.6]],"o":[[0,0],[0,0],[44.08,15.36],[0,0],[-5.52,-15.52],[-18.24,-23.76],[-24.64,-10.08],[-12.64,15.6]],"v":[[-75.84,-15.52],[-88.64,5.52],[-37.68,44.08],[74,56.88],[83.12,32],[46.56,-1.84],[4.48,-49.36],[-61.36,-43.84]],"c":true}]},{"i":{"x":0.833,"y":0.833},"o":{"x":0.167,"y":0.167},"t":48,"s":[{"i":[[0,0],[0,0],[-46.636,-2.026],[0,0],[1.874,11.718],[15.988,13.141],[26.552,2.463],[7.769,-18.624]],"o":[[0,0],[0,0],[46.635,2.026],[0,0],[-1.884,-11.661],[-15.922,-13.101],[-26.498,-2.563],[-7.616,18.578]],"v":[[-246.436,-57.355],[-252.64,-33.522],[-192.739,-11.257],[-120.662,-38.502],[-115.63,-58.297],[-133.456,-79.961],[-179.252,-112.877],[-240.718,-88.644]],"c":true}]},{"i":{"x":0.833,"y":0.833},"o":{"x":0.167,"y":0.167},"t":50,"s":[{"i":[[0,0],[0,0],[-41.258,-20.765],[0,0],[-0.509,13.888],[11.121,22.07],[22.958,13.005],[14.573,-13.65]],"o":[[0,0],[0,0],[41.258,20.765],[0,0],[0.507,-13.824],[-11.08,-21.988],[-22.869,-13.073],[-14.416,13.671]],"v":[[-186.814,-56.729],[-202.09,-37.743],[-157.08,6.672],[-68.454,23.586],[-55.523,4.441],[-72.767,-29.056],[-103.646,-79.546],[-168.949,-82.64]],"c":true}]},{"i":{"x":0,"y":1},"o":{"x":0.167,"y":0.167},"t":52,"s":[{"i":[[0,0],[0,0],[-44.62,-13.715],[0,0],[-1.121,11.814],[12.151,16.753],[25.074,9.076],[12.212,-16.065]],"o":[[0,0],[0,0],[44.619,13.714],[0,0],[1.116,-11.759],[-12.106,-16.691],[-24.997,-9.159],[-12.052,16.059]],"v":[[-19.714,44.05],[-29.547,41.317],[20.631,102.193],[97.248,93.994],[107.106,76.106],[95.316,50.649],[59.294,7.253],[-6.295,15.212]],"c":true}]},{"i":{"x":0.457,"y":1},"o":{"x":0.789,"y":0},"t":62,"s":[{"i":[[0,0],[0,0],[-44.08,-15.36],[0,0],[5.52,15.6],[18.32,23.84],[24.72,10],[12.8,-15.6]],"o":[[0,0],[0,0],[44.08,15.36],[0,0],[-5.52,-15.52],[-18.24,-23.76],[-24.64,-10.08],[-12.64,15.6]],"v":[[138.16,64.48],[125.36,85.52],[176.32,124.08],[288,136.88],[297.12,112],[260.56,78.16],[218.48,30.64],[152.64,36.16]],"c":true}]},{"i":{"x":0.833,"y":0.833},"o":{"x":0.35,"y":0},"t":92,"s":[{"i":[[0,0],[0,0],[-44.08,-15.36],[0,0],[5.52,15.6],[18.32,23.84],[24.72,10],[12.8,-15.6]],"o":[[0,0],[0,0],[44.08,15.36],[0,0],[-5.52,-15.52],[-18.24,-23.76],[-24.64,-10.08],[-12.64,15.6]],"v":[[138.16,64.48],[125.36,85.52],[176.32,124.08],[288,136.88],[297.12,112],[260.56,78.16],[218.48,30.64],[152.64,36.16]],"c":true}]},{"i":{"x":0.833,"y":0.833},"o":{"x":0.167,"y":0.167},"t":102,"s":[{"i":[[0,0],[0,0],[-44.62,-13.715],[0,0],[-1.121,11.814],[12.151,16.753],[25.074,9.076],[12.212,-16.065]],"o":[[0,0],[0,0],[44.619,13.714],[0,0],[1.116,-11.759],[-12.106,-16.691],[-24.997,-9.159],[-12.052,16.059]],"v":[[-19.714,44.05],[-29.547,41.317],[20.631,102.193],[97.248,93.994],[107.106,76.106],[95.316,50.649],[59.294,7.253],[-6.295,15.212]],"c":true}]},{"t":104,"s":[{"i":[[0,0],[0,0],[-41.258,-20.765],[0,0],[-0.509,13.888],[11.121,22.07],[22.958,13.005],[14.573,-13.65]],"o":[[0,0],[0,0],[41.258,20.765],[0,0],[0.507,-13.824],[-11.08,-21.988],[-22.869,-13.073],[-14.416,13.671]],"v":[[-186.814,-56.729],[-202.09,-37.743],[-157.08,6.672],[-68.454,23.586],[-55.523,4.441],[-72.767,-29.056],[-103.646,-79.546],[-168.949,-82.64]],"c":true}]}],"ix":2},"nm":"Path 1","mn":"ADBE Vector Shape - Group","hd":false},{"ty":"fl","c":{"a":0,"k":[0.380000005984,0.380000005984,0.380000005984,1],"ix":4},"o":{"a":0,"k":100,"ix":5},"r":1,"bm":0,"nm":"Fill 1","mn":"ADBE Vector Graphic - Fill","hd":false},{"ty":"tr","p":{"a":0,"k":[88.89,59.69],"ix":2},"a":{"a":0,"k":[0,0],"ix":1},"s":{"a":0,"k":[100,100],"ix":3},"r":{"a":0,"k":0,"ix":6},"o":{"a":0,"k":100,"ix":7},"sk":{"a":0,"k":0,"ix":4},"sa":{"a":0,"k":0,"ix":5},"nm":"Transform"}],"nm":"Group 1","np":2,"cix":2,"bm":0,"ix":1,"mn":"ADBE Vector Group","hd":false}],"ip":50,"op":105,"st":0,"bm":0},{"ddd":0,"ind":16,"ty":4,"nm":"mouthpiece 2","parent":13,"sr":1,"ks":{"o":{"a":0,"k":100,"ix":11},"r":{"a":0,"k":0,"ix":10},"p":{"a":0,"k":[825.034,157.786,0],"ix":2,"l":2},"a":{"a":0,"k":[38.074,41.866,0],"ix":1,"l":2},"s":{"a":0,"k":[100,100,100],"ix":6,"l":2}},"ao":0,"shapes":[{"ty":"gr","it":[{"ind":0,"ty":"sh","ix":1,"ks":{"a":1,"k":[{"i":{"x":0.833,"y":0.833},"o":{"x":0.167,"y":0.167},"t":105,"s":[{"i":[[0,0],[0,0],[-39.637,-2.026],[0,0],[1.609,11.716],[13.581,13.148],[22.567,2.463],[6.603,-18.624]],"o":[[0,0],[0,0],[39.636,2.026],[0,0],[-1.601,-11.661],[-13.532,-13.101],[-22.521,-2.563],[-6.473,18.578]],"v":[[-288.367,-67.355],[-293.64,-43.522],[-242.729,-21.257],[-181.469,-48.502],[-177.193,-68.297],[-192.343,-89.961],[-231.266,-122.877],[-283.507,-98.644]],"c":true}]},{"i":{"x":0.667,"y":1},"o":{"x":0.167,"y":0.167},"t":106,"s":[{"i":[[0,0],[0,0],[-46.636,-2.026],[0,0],[1.874,11.718],[15.988,13.141],[26.552,2.463],[7.769,-18.624]],"o":[[0,0],[0,0],[46.635,2.026],[0,0],[-1.884,-11.661],[-15.922,-13.101],[-26.498,-2.563],[-7.616,18.578]],"v":[[-246.436,-57.355],[-252.64,-33.522],[-192.739,-11.257],[-120.662,-38.502],[-115.63,-58.297],[-133.456,-79.961],[-179.252,-112.877],[-240.718,-88.644]],"c":true}]},{"t":114,"s":[{"i":[[0,0],[0,0],[-44.08,-15.36],[0,0],[5.52,15.6],[18.32,23.84],[24.72,10],[12.8,-15.6]],"o":[[0,0],[0,0],[44.08,15.36],[0,0],[-5.52,-15.52],[-18.24,-23.76],[-24.64,-10.08],[-12.64,15.6]],"v":[[-75.84,-15.52],[-88.64,5.52],[-37.68,44.08],[74,56.88],[83.12,32],[46.56,-1.84],[4.48,-49.36],[-61.36,-43.84]],"c":true}]}],"ix":2},"nm":"Path 1","mn":"ADBE Vector Shape - Group","hd":false},{"ty":"fl","c":{"a":0,"k":[0.380000005984,0.380000005984,0.380000005984,1],"ix":4},"o":{"a":0,"k":100,"ix":5},"r":1,"bm":0,"nm":"Fill 1","mn":"ADBE Vector Graphic - Fill","hd":false},{"ty":"tr","p":{"a":0,"k":[88.89,59.69],"ix":2},"a":{"a":0,"k":[0,0],"ix":1},"s":{"a":0,"k":[100,100],"ix":3},"r":{"a":0,"k":0,"ix":6},"o":{"a":0,"k":100,"ix":7},"sk":{"a":0,"k":0,"ix":4},"sa":{"a":0,"k":0,"ix":5},"nm":"Transform"}],"nm":"Group 1","np":2,"cix":2,"bm":0,"ix":1,"mn":"ADBE Vector Group","hd":false}],"ip":105,"op":114,"st":106,"bm":0},{"ddd":0,"ind":17,"ty":4,"nm":"mouthpiece","parent":13,"sr":1,"ks":{"o":{"a":0,"k":100,"ix":11},"r":{"a":0,"k":0,"ix":10},"p":{"a":1,"k":[{"i":{"x":0.833,"y":0.833},"o":{"x":0.167,"y":0.167},"t":48,"s":[825.034,157.786,0],"to":[-51.333,-19.667,0],"ti":[51.333,19.667,0]},{"t":50,"s":[517.034,39.786,0]}],"ix":2,"l":2},"a":{"a":1,"k":[{"i":{"x":0.833,"y":0.833},"o":{"x":0.167,"y":0.167},"t":48,"s":[38.074,41.866,0],"to":[-27.667,-6.333,0],"ti":[27.667,6.333,0]},{"t":50,"s":[-127.926,3.866,0]}],"ix":1,"l":2},"s":{"a":1,"k":[{"i":{"x":[0.833,0.833,0.833],"y":[0.833,0.833,0.833]},"o":{"x":[0.167,0.167,0.167],"y":[0.167,0.167,0.167]},"t":48,"s":[100,100,100]},{"t":50,"s":[-100,100,100]}],"ix":6,"l":2}},"ao":0,"shapes":[{"ty":"gr","it":[{"ind":0,"ty":"sh","ix":1,"ks":{"a":1,"k":[{"i":{"x":0.833,"y":0.833},"o":{"x":0.789,"y":0},"t":36,"s":[{"i":[[0,0],[0,0],[-44.08,-15.36],[0,0],[5.52,15.6],[18.32,23.84],[24.72,10],[12.8,-15.6]],"o":[[0,0],[0,0],[44.08,15.36],[0,0],[-5.52,-15.52],[-18.24,-23.76],[-24.64,-10.08],[-12.64,15.6]],"v":[[-75.84,-15.52],[-88.64,5.52],[-37.68,44.08],[74,56.88],[83.12,32],[46.56,-1.84],[4.48,-49.36],[-61.36,-43.84]],"c":true}]},{"i":{"x":0.833,"y":0.833},"o":{"x":0.167,"y":0.167},"t":48,"s":[{"i":[[0,0],[0,0],[-46.636,-2.026],[0,0],[1.874,11.718],[15.988,13.141],[26.552,2.463],[7.769,-18.624]],"o":[[0,0],[0,0],[46.635,2.026],[0,0],[-1.884,-11.661],[-15.922,-13.101],[-26.498,-2.563],[-7.616,18.578]],"v":[[-246.436,-57.355],[-252.64,-33.522],[-192.739,-11.257],[-120.662,-38.502],[-115.63,-58.297],[-133.456,-79.961],[-179.252,-112.877],[-240.718,-88.644]],"c":true}]},{"i":{"x":0.833,"y":0.833},"o":{"x":0.167,"y":0.167},"t":50,"s":[{"i":[[0,0],[0,0],[-41.258,-20.765],[0,0],[-0.509,13.888],[11.121,22.07],[22.958,13.005],[14.573,-13.65]],"o":[[0,0],[0,0],[41.258,20.765],[0,0],[0.507,-13.824],[-11.08,-21.988],[-22.869,-13.073],[-14.416,13.671]],"v":[[-186.814,-56.729],[-202.09,-37.743],[-157.08,6.672],[-68.454,23.586],[-55.523,4.441],[-72.767,-29.056],[-103.646,-79.546],[-168.949,-82.64]],"c":true}]},{"i":{"x":0,"y":1},"o":{"x":0.167,"y":0.167},"t":52,"s":[{"i":[[0,0],[0,0],[-44.62,-13.715],[0,0],[-1.121,11.814],[12.151,16.753],[25.074,9.076],[12.212,-16.065]],"o":[[0,0],[0,0],[44.619,13.714],[0,0],[1.116,-11.759],[-12.106,-16.691],[-24.997,-9.159],[-12.052,16.059]],"v":[[-19.714,44.05],[-29.547,41.317],[20.631,102.193],[97.248,93.994],[107.106,76.106],[95.316,50.649],[59.294,7.253],[-6.295,15.212]],"c":true}]},{"t":62,"s":[{"i":[[0,0],[0,0],[-44.08,-15.36],[0,0],[5.52,15.6],[18.32,23.84],[24.72,10],[12.8,-15.6]],"o":[[0,0],[0,0],[44.08,15.36],[0,0],[-5.52,-15.52],[-18.24,-23.76],[-24.64,-10.08],[-12.64,15.6]],"v":[[138.16,64.48],[125.36,85.52],[176.32,124.08],[288,136.88],[297.12,112],[260.56,78.16],[218.48,30.64],[152.64,36.16]],"c":true}]}],"ix":2},"nm":"Path 1","mn":"ADBE Vector Shape - Group","hd":false},{"ty":"fl","c":{"a":0,"k":[0.380000005984,0.380000005984,0.380000005984,1],"ix":4},"o":{"a":0,"k":100,"ix":5},"r":1,"bm":0,"nm":"Fill 1","mn":"ADBE Vector Graphic - Fill","hd":false},{"ty":"tr","p":{"a":0,"k":[88.89,59.69],"ix":2},"a":{"a":0,"k":[0,0],"ix":1},"s":{"a":0,"k":[100,100],"ix":3},"r":{"a":0,"k":0,"ix":6},"o":{"a":0,"k":100,"ix":7},"sk":{"a":0,"k":0,"ix":4},"sa":{"a":0,"k":0,"ix":5},"nm":"Transform"}],"nm":"Group 1","np":2,"cix":2,"bm":0,"ix":1,"mn":"ADBE Vector Group","hd":false}],"ip":0,"op":50,"st":0,"bm":0}]}],"layers":[{"ddd":0,"ind":1,"ty":0,"nm":"Saxophone","refId":"comp_0","sr":1,"ks":{"o":{"a":0,"k":100,"ix":11},"r":{"a":0,"k":0,"ix":10},"p":{"a":1,"k":[{"i":{"x":0.833,"y":1},"o":{"x":0.167,"y":0.167},"t":0,"s":[512,512,0],"to":[0,-5.114,0],"ti":[0,0,0]},{"i":{"x":0.667,"y":0.667},"o":{"x":0.333,"y":0.333},"t":4,"s":[512,512,0],"to":[0,0,0],"ti":[0,0,0]},{"i":{"x":0.667,"y":1},"o":{"x":0.333,"y":0},"t":36,"s":[512,512,0],"to":[0,7.333,0],"ti":[0,0,0]},{"i":{"x":0.667,"y":1},"o":{"x":0.333,"y":0},"t":50,"s":[512,556,0],"to":[0,0,0],"ti":[0,7.333,0]},{"i":{"x":0.667,"y":0.667},"o":{"x":0.333,"y":0.333},"t":64,"s":[512,512,0],"to":[0,0,0],"ti":[0,0,0]},{"i":{"x":0.833,"y":0.833},"o":{"x":0.286,"y":0},"t":94,"s":[512,512,0],"to":[0.33,0.307,0],"ti":[-3.674,-1.289,0]},{"i":{"x":0.833,"y":0.833},"o":{"x":0.167,"y":0.167},"t":96,"s":[526.542,514.531,0],"to":[11.558,4.054,0],"ti":[3.747,6.034,0]},{"i":{"x":0.833,"y":0.833},"o":{"x":0.167,"y":0.167},"t":108,"s":[520.717,545.28,0],"to":[-4.224,-6.802,0],"ti":[0,2.493,0]},{"i":{"x":0.667,"y":1},"o":{"x":0.167,"y":0.167},"t":114,"s":[512,512,0],"to":[0,-5.114,0],"ti":[0,2.027,0]},{"t":116,"s":[512,512,0]}],"ix":2,"l":2},"a":{"a":0,"k":[512,512,0],"ix":1,"l":2},"s":{"a":0,"k":[100,100,100],"ix":6,"l":2}},"ao":0,"w":1024,"h":1024,"ip":0,"op":113,"st":0,"bm":0}],"markers":[{"tm":0,"cm":"rest","dr":0}]}