{"v":"5.8.1","fr":60,"ip":0,"op":174,"w":1024,"h":1024,"nm":"emoji_relieved","ddd":0,"assets":[],"layers":[{"ddd":0,"ind":1,"ty":3,"nm":"Null ALL","sr":1,"ks":{"o":{"a":0,"k":0,"ix":11},"r":{"a":0,"k":0,"ix":10},"p":{"s":true,"x":{"a":0,"k":512,"ix":3},"y":{"a":1,"k":[{"i":{"x":[0.315],"y":[1]},"o":{"x":[0.333],"y":[0]},"t":2.5,"s":[506]},{"i":{"x":[0.667],"y":[1]},"o":{"x":[1],"y":[0]},"t":15,"s":[516]},{"i":{"x":[0.833],"y":[1]},"o":{"x":[1],"y":[0]},"t":32.5,"s":[490]},{"i":{"x":[0],"y":[1]},"o":{"x":[0.167],"y":[0]},"t":62.5,"s":[514]},{"i":{"x":[0.667],"y":[1]},"o":{"x":[0.167],"y":[0]},"t":92.5,"s":[526]},{"i":{"x":[0.667],"y":[1]},"o":{"x":[0.333],"y":[0]},"t":120,"s":[524]},{"i":{"x":[0.667],"y":[1]},"o":{"x":[0.333],"y":[0]},"t":132.5,"s":[500]},{"t":145,"s":[506]}],"ix":4}},"a":{"a":0,"k":[0,0,0],"ix":1,"l":2},"s":{"a":0,"k":[100,100,100],"ix":6,"l":2}},"ao":0,"ip":0,"op":175,"st":0,"bm":0},{"ddd":0,"ind":2,"ty":3,"nm":"Null Face","parent":1,"sr":1,"ks":{"o":{"a":0,"k":100,"ix":11},"r":{"a":0,"k":0,"ix":10},"p":{"a":1,"k":[{"i":{"x":0.315,"y":1},"o":{"x":0.333,"y":0},"t":2.5,"s":[0,0,0],"to":[0,3.333,0],"ti":[0,7.333,0]},{"i":{"x":0.667,"y":1},"o":{"x":1,"y":0},"t":15,"s":[0,20,0],"to":[0,-7.333,0],"ti":[0,-0.667,0]},{"i":{"x":0.667,"y":1},"o":{"x":1,"y":0},"t":32.5,"s":[0,-44,0],"to":[0,0.667,0],"ti":[0,-15.333,0]},{"i":{"x":0,"y":1},"o":{"x":0.167,"y":0},"t":62.5,"s":[0,24,0],"to":[0,15.333,0],"ti":[0,-2.333,0]},{"i":{"x":0.667,"y":1},"o":{"x":0.167,"y":0},"t":92.5,"s":[0,48,0],"to":[0,2.333,0],"ti":[0,9.333,0]},{"i":{"x":0.667,"y":1},"o":{"x":0.333,"y":0},"t":120,"s":[0,38,0],"to":[0,-9.333,0],"ti":[0,6,0]},{"i":{"x":0.667,"y":1},"o":{"x":0.333,"y":0},"t":132.5,"s":[0,-8,0],"to":[0,-6,0],"ti":[0,-1.333,0]},{"i":{"x":0.667,"y":1},"o":{"x":0.333,"y":0},"t":145,"s":[0,2,0],"to":[0,1.333,0],"ti":[0,0.333,0]},{"t":157.5,"s":[0,0,0]}],"ix":2,"l":2},"a":{"a":0,"k":[512,512,0],"ix":1,"l":2},"s":{"a":0,"k":[100,100,100],"ix":6,"l":2}},"ao":0,"ip":0,"op":175,"st":0,"bm":0},{"ddd":0,"ind":3,"ty":4,"nm":"eyebrows","parent":2,"sr":1,"ks":{"o":{"a":0,"k":100,"ix":11},"r":{"a":0,"k":0,"ix":10},"p":{"a":1,"k":[{"i":{"x":0.667,"y":1},"o":{"x":1,"y":0},"t":15,"s":[507.64,310.16,0],"to":[0,-6.667,0],"ti":[0,6.667,0]},{"i":{"x":0.667,"y":0.667},"o":{"x":1,"y":1},"t":30,"s":[507.64,270.16,0],"to":[0,0,0],"ti":[0,0,0]},{"i":{"x":0.254,"y":1},"o":{"x":0.92,"y":0},"t":47.5,"s":[507.64,270.16,0],"to":[0,7,0],"ti":[0,-6.667,0]},{"i":{"x":0.254,"y":1},"o":{"x":0.167,"y":0},"t":70,"s":[507.64,312.16,0],"to":[0,6.667,0],"ti":[0,0.333,0]},{"t":127.5,"s":[507.64,310.16,0]}],"ix":2,"l":2},"a":{"a":0,"k":[307.33,48.41,0],"ix":1,"l":2},"s":{"a":0,"k":[100,100,100],"ix":6,"l":2}},"ao":0,"shapes":[{"ty":"gr","it":[{"ind":0,"ty":"sh","ix":1,"ks":{"a":0,"k":{"i":[[-34.16,-32.96],[-5.84,5.68],[4.239,5.92],[12.641,9.28],[42.16,-3.92],[-17.68,-1.68]],"o":[[5.601,5.84],[5.28,-5.04],[-8.96,-12.8],[-33.52,-25.84],[-19.84,2.48],[47.36,3.76]],"v":[[60.36,42.08],[81.16,42.48],[82.921,23.28],[50.36,-10.08],[-67.32,-44.24],[-65.64,-14.72]],"c":true},"ix":2},"nm":"Path 1","mn":"ADBE Vector Shape - Group","hd":false},{"ty":"fl","c":{"a":0,"k":[0.258999992819,0.169000004787,0.051000000449,1],"ix":4},"o":{"a":0,"k":100,"ix":5},"r":1,"bm":0,"nm":"Fill 1","mn":"ADBE Vector Graphic - Fill","hd":false},{"ty":"tr","p":{"a":0,"k":[527.25,48.41],"ix":2},"a":{"a":0,"k":[0,0],"ix":1},"s":{"a":0,"k":[100,100],"ix":3},"r":{"a":0,"k":0,"ix":6},"o":{"a":0,"k":100,"ix":7},"sk":{"a":0,"k":0,"ix":4},"sa":{"a":0,"k":0,"ix":5},"nm":"Transform"}],"nm":"Group 1","np":2,"cix":2,"bm":0,"ix":1,"mn":"ADBE Vector Group","hd":false},{"ty":"gr","it":[{"ind":0,"ty":"sh","ix":1,"ks":{"a":0,"k":{"i":[[34.16,-32.96],[5.84,5.68],[-4.239,5.92],[-12.641,9.28],[-42.16,-3.92],[17.68,-1.68]],"o":[[-5.601,5.84],[-5.28,-5.04],[8.96,-12.8],[33.52,-25.84],[19.84,2.48],[-47.36,3.76]],"v":[[-60.36,42.08],[-81.16,42.48],[-82.921,23.28],[-50.36,-10.08],[67.32,-44.24],[65.64,-14.72]],"c":true},"ix":2},"nm":"Path 1","mn":"ADBE Vector Shape - Group","hd":false},{"ty":"fl","c":{"a":0,"k":[0.258999992819,0.169000004787,0.051000000449,1],"ix":4},"o":{"a":0,"k":100,"ix":5},"r":1,"bm":0,"nm":"Fill 1","mn":"ADBE Vector Graphic - Fill","hd":false},{"ty":"tr","p":{"a":0,"k":[87.41,48.41],"ix":2},"a":{"a":0,"k":[0,0],"ix":1},"s":{"a":0,"k":[100,100],"ix":3},"r":{"a":0,"k":0,"ix":6},"o":{"a":0,"k":100,"ix":7},"sk":{"a":0,"k":0,"ix":4},"sa":{"a":0,"k":0,"ix":5},"nm":"Transform"}],"nm":"Group 2","np":2,"cix":2,"bm":0,"ix":2,"mn":"ADBE Vector Group","hd":false}],"ip":0,"op":175,"st":0,"bm":0},{"ddd":0,"ind":4,"ty":4,"nm":"eyes closed","parent":2,"sr":1,"ks":{"o":{"a":0,"k":100,"ix":11},"r":{"a":0,"k":0,"ix":10},"p":{"a":0,"k":[511.92,479.44,0],"ix":2,"l":2},"a":{"a":0,"k":[293.211,50.25,0],"ix":1,"l":2},"s":{"a":0,"k":[100,100,100],"ix":6,"l":2}},"ao":0,"shapes":[{"ty":"gr","it":[{"ind":0,"ty":"sh","ix":1,"ks":{"a":0,"k":{"i":[[7.68,-7.76],[0,0],[1.44,-1.2],[0,0],[3.04,-1.92],[3.44,-1.76],[3.76,-1.28],[4.08,-0.8],[4.24,0],[0,0],[0,0],[0,0],[3.92,1.2],[3.601,1.92],[2.96,1.84],[4.16,3.84],[0,0],[0,0],[10.88,-8.56],[-4.32,-9.04],[0,0],[-1.28,-2.16],[-13.281,-9.04],[-7.04,-3.04],[-8.4,-1.84],[-5.359,-0.479],[-1.281,0],[0,0],[-8.799,1.76],[-7.84,3.44],[-6.319,4.4],[-7.279,9.52],[0,0],[0,0],[-0.88,2.16],[0,0],[11.44,4.8],[0.799,0.16]],"o":[[0,0],[-1.28,1.44],[0,0],[-2.32,1.76],[-3.04,1.92],[-3.52,1.76],[-3.92,1.2],[-4.16,0.64],[0,0],[0,0],[0,0],[-4.08,-0.8],[-3.84,-1.44],[-3.44,-1.76],[-4.719,-3.12],[0,0],[0,0],[-10.24,-9.36],[-7.919,6.08],[0,0],[1.04,2.32],[8.24,13.76],[6.319,4.4],[7.841,3.44],[4.401,0.8],[2.48,0],[0,0],[8.96,-0.16],[8.4,-1.84],[7.04,-3.04],[9.92,-6.72],[0,0],[0,0],[1.2,-1.92],[0,0],[4.801,-11.44],[-0.8,-0.32],[-10.321,-3.6]],"v":[[64.16,-38.48],[62.559,-36.88],[58.479,-32.88],[52.96,-28.32],[44.96,-22.72],[35.359,-17.2],[24.4,-12.64],[12.4,-9.68],[-0.16,-8.72],[-3.921,-8.72],[-7.201,-8.72],[-12.801,-9.44],[-24.801,-12.4],[-35.921,-17.44],[-45.521,-22.96],[-58.801,-33.44],[-63.84,-38.08],[-65.84,-40.08],[-102.4,-41.44],[-108.641,-15.44],[-107.441,-13.04],[-103.921,-6.32],[-71.199,28.24],[-51.121,39.44],[-26.72,47.44],[-12.881,49.52],[-6.24,50],[-0.001,50],[26.639,47.2],[51.039,39.2],[71.119,28],[97.119,3.44],[100.96,-1.92],[104.16,-6.96],[107.28,-13.12],[108.16,-15.12],[96.079,-44.56],[93.681,-45.36]],"c":true},"ix":2},"nm":"Path 1","mn":"ADBE Vector Shape - Group","hd":false},{"ty":"fl","c":{"a":0,"k":[0.258999992819,0.169000004787,0.051000000449,1],"ix":4},"o":{"a":0,"k":100,"ix":5},"r":1,"bm":0,"nm":"Fill 1","mn":"ADBE Vector Graphic - Fill","hd":false},{"ty":"tr","p":{"a":0,"k":[473.21,50.25],"ix":2},"a":{"a":0,"k":[0,0],"ix":1},"s":{"a":0,"k":[100,100],"ix":3},"r":{"a":0,"k":0,"ix":6},"o":{"a":0,"k":100,"ix":7},"sk":{"a":0,"k":0,"ix":4},"sa":{"a":0,"k":0,"ix":5},"nm":"Transform"}],"nm":"Group 1","np":2,"cix":2,"bm":0,"ix":1,"mn":"ADBE Vector Group","hd":false},{"ty":"gr","it":[{"ind":0,"ty":"sh","ix":1,"ks":{"a":0,"k":{"i":[[7.521,-7.44],[0,0],[1.44,-1.2],[0,0],[3.04,-1.92],[3.44,-1.76],[3.76,-1.28],[4.08,-0.8],[4.24,0],[0,0],[0,0],[0,0],[3.92,1.2],[3.601,1.92],[2.96,1.84],[4.16,3.84],[0,0],[0,0],[10.88,-8.56],[-4.32,-9.04],[0,0],[-1.28,-2.16],[-13.28,-9.04],[-7.04,-3.04],[-8.24,-1.92],[-5.361,-0.479],[-1.28,0],[0,0],[-8.8,1.76],[-7.76,3.44],[-6.32,4.4],[-7.28,9.52],[0,0],[0,0],[-0.88,2.16],[0,0],[11.44,4.8],[0.801,0.16]],"o":[[0,0],[-1.28,1.44],[0,0],[-2.32,1.76],[-3.04,1.92],[-3.52,1.76],[-3.92,1.2],[-4.16,0.64],[0,0],[0,0],[0,0],[-4.08,-0.8],[-3.84,-1.44],[-3.44,-1.76],[-4.72,-3.12],[0,0],[0,0],[-10.24,-9.36],[-7.919,6.08],[0,0],[1.04,2.32],[8.24,13.76],[6.32,4.4],[7.76,3.44],[4.4,0.8],[2.479,0],[0,0],[8.96,-0.16],[8.24,-1.92],[7.04,-3.04],[9.92,-6.72],[0,0],[0,0],[1.2,-1.92],[0,0],[4.8,-11.44],[-0.8,-0.32],[-10.08,-3.2]],"v":[[64.56,-38.48],[62.96,-36.88],[58.88,-32.88],[53.36,-28.32],[45.36,-22.72],[35.76,-17.2],[24.8,-12.64],[12.8,-9.68],[0.24,-8.72],[-3.52,-8.72],[-6.8,-8.72],[-12.4,-9.44],[-24.4,-12.4],[-35.52,-17.44],[-45.12,-22.96],[-58.4,-33.44],[-63.44,-38.08],[-65.44,-40.08],[-102,-41.44],[-108.24,-15.44],[-107.04,-13.04],[-103.52,-6.32],[-70.8,28.24],[-50.72,39.44],[-26.72,47.44],[-12.879,49.52],[-6.24,50],[0,50],[26.64,47.2],[50.64,39.2],[70.72,28],[96.72,3.44],[100.56,-1.92],[103.76,-6.96],[106.88,-13.12],[107.76,-15.12],[95.68,-44.56],[93.28,-45.36]],"c":true},"ix":2},"nm":"Path 1","mn":"ADBE Vector Shape - Group","hd":false},{"ty":"fl","c":{"a":0,"k":[0.258999992819,0.169000004787,0.051000000449,1],"ix":4},"o":{"a":0,"k":100,"ix":5},"r":1,"bm":0,"nm":"Fill 1","mn":"ADBE Vector Graphic - Fill","hd":false},{"ty":"tr","p":{"a":0,"k":[112.81,50.25],"ix":2},"a":{"a":0,"k":[0,0],"ix":1},"s":{"a":0,"k":[100,100],"ix":3},"r":{"a":0,"k":0,"ix":6},"o":{"a":0,"k":100,"ix":7},"sk":{"a":0,"k":0,"ix":4},"sa":{"a":0,"k":0,"ix":5},"nm":"Transform"}],"nm":"Group 2","np":2,"cix":2,"bm":0,"ix":2,"mn":"ADBE Vector Group","hd":false}],"ip":0,"op":175,"st":0,"bm":0},{"ddd":0,"ind":5,"ty":4,"nm":"mouth 3","parent":2,"sr":1,"ks":{"o":{"a":0,"k":100,"ix":11},"r":{"a":0,"k":0,"ix":10},"p":{"a":1,"k":[{"i":{"x":0.667,"y":1},"o":{"x":0.333,"y":0},"t":60,"s":[508.8,731.023,0],"to":[0,-1.667,0],"ti":[0,1.667,0]},{"i":{"x":0.667,"y":0.667},"o":{"x":0.333,"y":0.333},"t":75,"s":[508.8,721.023,0],"to":[0,0,0],"ti":[0,0,0]},{"i":{"x":0.833,"y":0.833},"o":{"x":0.333,"y":0},"t":122.5,"s":[508.8,721.023,0],"to":[0,1.333,0],"ti":[0,-1.333,0]},{"t":130,"s":[508.8,729.023,0]}],"ix":2,"l":2},"a":{"a":0,"k":[53.659,53.659,0],"ix":1,"l":2},"s":{"a":1,"k":[{"i":{"x":[0.667,0.667,0.667],"y":[1,1,1]},"o":{"x":[0.167,0.167,0.167],"y":[0.167,0.167,0.649]},"t":60,"s":[100,100,100]},{"i":{"x":[0.667,0.667,0.667],"y":[1,1,1]},"o":{"x":[0.333,0.333,0.333],"y":[0,0,0]},"t":85,"s":[80,80,100]},{"i":{"x":[0.833,0.833,0.833],"y":[1,1,1]},"o":{"x":[0.333,0.333,0.333],"y":[0,0,0]},"t":122.5,"s":[80,80,100]},{"t":130,"s":[89,89,100]}],"ix":6,"l":2}},"ao":0,"shapes":[{"ty":"gr","it":[{"ind":0,"ty":"sh","ix":1,"ks":{"a":0,"k":{"i":[[0,-29.497],[29.497,0],[0,29.497],[-29.497,0]],"o":[[0,29.497],[-29.497,0],[0,-29.497],[29.497,0]],"v":[[53.409,0],[0,53.409],[-53.409,0],[0,-53.409]],"c":true},"ix":2},"nm":"Path 1","mn":"ADBE Vector Shape - Group","hd":false},{"ty":"fl","c":{"a":0,"k":[0.258999992819,0.169000004787,0.051000000449,1],"ix":4},"o":{"a":0,"k":100,"ix":5},"r":1,"bm":0,"nm":"Fill 1","mn":"ADBE Vector Graphic - Fill","hd":false},{"ty":"tr","p":{"a":0,"k":[53.659,53.659],"ix":2},"a":{"a":0,"k":[0,0],"ix":1},"s":{"a":0,"k":[100,100],"ix":3},"r":{"a":0,"k":0,"ix":6},"o":{"a":0,"k":100,"ix":7},"sk":{"a":0,"k":0,"ix":4},"sa":{"a":0,"k":0,"ix":5},"nm":"Transform"}],"nm":"Group 1","np":2,"cix":2,"bm":0,"ix":1,"mn":"ADBE Vector Group","hd":false}],"ip":60,"op":130,"st":60,"bm":0},{"ddd":0,"ind":6,"ty":4,"nm":"mouth 2","parent":2,"sr":1,"ks":{"o":{"a":0,"k":100,"ix":11},"r":{"a":0,"k":0,"ix":10},"p":{"a":1,"k":[{"i":{"x":0,"y":1},"o":{"x":0.167,"y":0.167},"t":130,"s":[512.2,734,0],"to":[0,3.333,0],"ti":[0,-3.333,0]},{"t":137.5,"s":[512.2,754,0]}],"ix":2,"l":2},"a":{"a":0,"k":[138.85,60.25,0],"ix":1,"l":2},"s":{"a":1,"k":[{"i":{"x":[0,0,0.667],"y":[1,1,1]},"o":{"x":[0.167,0.167,0.167],"y":[0.167,0.167,0.192]},"t":130,"s":[86,86,100]},{"t":137.5,"s":[100,100,100]}],"ix":6,"l":2}},"ao":0,"shapes":[{"ty":"gr","it":[{"ind":0,"ty":"sh","ix":1,"ks":{"a":1,"k":[{"i":{"x":0,"y":1},"o":{"x":0.167,"y":0.167},"t":127.5,"s":[{"i":[[68.32,0],[14.72,27.92],[-3.679,10.32],[-6.56,0.16],[-2.08,-0.8],[-24.851,-1.274],[-33.92,13.52],[-2.239,0],[-2.24,-6.08],[5.6,-9.44]],"o":[[-68.32,0],[-5.599,-9.44],[2.241,-6.16],[2.24,0.08],[34.4,13.52],[22.901,1.174],[2.08,-0.8],[6.48,0.32],[3.68,10.32],[-15.12,27.92]],"v":[[-0.2,60],[-108.705,5.016],[-111.665,-26.264],[-96.945,-36.744],[-90.465,-35.464],[0.2,-25.6],[90.864,-35.464],[97.344,-36.744],[111.664,-26.264],[108.704,5.016]],"c":true}]},{"t":137.5,"s":[{"i":[[68.32,0],[14.72,27.92],[-3.679,10.32],[-6.56,0.16],[-2.08,-0.8],[-49.36,0],[-33.92,13.52],[-2.239,0],[-2.24,-6.08],[5.6,-9.44]],"o":[[-68.32,0],[-5.599,-9.44],[2.241,-6.16],[2.24,0.08],[34.4,13.52],[49.36,0],[2.08,-0.8],[6.48,0.32],[3.68,10.32],[-15.12,27.92]],"v":[[-0.2,60],[-131.96,-18.24],[-134.92,-49.52],[-120.2,-60],[-113.72,-58.72],[0.2,-25.6],[114.12,-58.72],[120.599,-60],[134.919,-49.52],[131.96,-18.24]],"c":true}]}],"ix":2},"nm":"Path 1","mn":"ADBE Vector Shape - Group","hd":false},{"ty":"fl","c":{"a":0,"k":[0.258999992819,0.169000004787,0.051000000449,1],"ix":4},"o":{"a":0,"k":100,"ix":5},"r":1,"bm":0,"nm":"Fill 1","mn":"ADBE Vector Graphic - Fill","hd":false},{"ty":"tr","p":{"a":0,"k":[138.849,60.25],"ix":2},"a":{"a":0,"k":[0,0],"ix":1},"s":{"a":0,"k":[100,100],"ix":3},"r":{"a":0,"k":0,"ix":6},"o":{"a":0,"k":100,"ix":7},"sk":{"a":0,"k":0,"ix":4},"sa":{"a":0,"k":0,"ix":5},"nm":"Transform"}],"nm":"Group 1","np":2,"cix":2,"bm":0,"ix":1,"mn":"ADBE Vector Group","hd":false}],"ip":130,"op":175,"st":132.5,"bm":0},{"ddd":0,"ind":7,"ty":4,"nm":"mouth 1","parent":2,"sr":1,"ks":{"o":{"a":0,"k":100,"ix":11},"r":{"a":0,"k":0,"ix":10},"p":{"a":1,"k":[{"i":{"x":0.667,"y":1},"o":{"x":1,"y":0},"t":17.5,"s":[512.2,754,0],"to":[0,-6.667,0],"ti":[0,6.667,0]},{"t":30,"s":[512.2,714,0]}],"ix":2,"l":2},"a":{"a":0,"k":[138.85,60.25,0],"ix":1,"l":2},"s":{"a":1,"k":[{"i":{"x":[0.833,0.833,0.833],"y":[0.833,0.833,1.225]},"o":{"x":[1,1,0.333],"y":[0,0,0]},"t":49,"s":[100,100,100]},{"t":57.5,"s":[73,73,100]}],"ix":6,"l":2}},"ao":0,"shapes":[{"ty":"gr","it":[{"ind":0,"ty":"sh","ix":1,"ks":{"a":1,"k":[{"i":{"x":0.667,"y":1},"o":{"x":1,"y":0},"t":17.5,"s":[{"i":[[68.32,0],[14.72,27.92],[-3.679,10.32],[-6.56,0.16],[-2.08,-0.8],[-49.36,0],[-33.92,13.52],[-2.239,0],[-2.24,-6.08],[5.6,-9.44]],"o":[[-68.32,0],[-5.599,-9.44],[2.241,-6.16],[2.24,0.08],[34.4,13.52],[49.36,0],[2.08,-0.8],[6.48,0.32],[3.68,10.32],[-15.12,27.92]],"v":[[-0.2,60],[-131.96,-18.24],[-134.92,-49.52],[-120.2,-60],[-113.72,-58.72],[0.2,-25.6],[114.12,-58.72],[120.599,-60],[134.919,-49.52],[131.96,-18.24]],"c":true}]},{"i":{"x":0.84,"y":1},"o":{"x":0.167,"y":0},"t":30,"s":[{"i":[[90.15,0],[10.847,39.46],[-4.575,10.032],[-6.56,0.067],[-2.08,-0.34],[-49.36,0],[-33.92,5.741],[-2.239,0],[-3.721,-5.826],[4.258,-13.414]],"o":[[-90.15,0],[-4.287,-13.404],[2.767,-5.983],[2.24,0.034],[34.4,5.741],[49.36,0],[2.08,-0.339],[6.48,0.135],[6.223,9.918],[-11.156,39.525]],"v":[[0.696,98.899],[-134.064,-20.107],[-134.024,-50.888],[-119.304,-60],[-112.824,-59.457],[1.096,-45.394],[115.015,-59.457],[121.495,-60],[139.057,-52.867],[139.674,-17.462]],"c":true}]},{"i":{"x":0.833,"y":0.833},"o":{"x":1,"y":0},"t":49,"s":[{"i":[[90.15,0],[10.847,39.46],[-4.575,10.032],[-6.56,0.067],[-2.08,-0.34],[-49.36,0],[-33.92,5.741],[-2.239,0],[-3.721,-5.826],[4.258,-13.414]],"o":[[-90.15,0],[-4.287,-13.404],[2.767,-5.983],[2.24,0.034],[34.4,5.741],[49.36,0],[2.08,-0.339],[6.48,0.135],[6.223,9.918],[-11.156,39.525]],"v":[[0.696,98.899],[-134.064,-20.107],[-134.024,-50.888],[-119.304,-60],[-112.824,-59.457],[1.096,-45.394],[115.015,-59.457],[121.495,-60],[139.057,-52.867],[139.674,-17.462]],"c":true}]},{"i":{"x":0.833,"y":0.833},"o":{"x":0.167,"y":0.167},"t":58,"s":[{"i":[[61.899,0.31],[7.788,26.309],[-3.273,11.731],[-4.461,2.848],[-9.426,1.736],[-49.358,-0.345],[8.415,1.698],[-3.389,-3.69],[-1.768,-8.542],[3.793,-12.872]],"o":[[-61.899,-0.31],[-4.423,-12.941],[2.345,-9.654],[2.245,-2.796],[9.426,-1.736],[42.501,0.246],[-8.774,-1.771],[5.565,3.759],[3.051,10.641],[-7.332,26.268]],"v":[[-0.639,97.732],[-102.046,17.249],[-106.341,-18.035],[-95.624,-34.318],[-77.166,-40.455],[-0.572,-46.395],[70.078,-40.121],[92.645,-35.152],[104.037,-19.347],[102.485,16.892]],"c":true}]},{"i":{"x":0.833,"y":0.833},"o":{"x":0.167,"y":0.167},"t":59,"s":[{"i":[[47.017,0.473],[6.177,19.38],[-2.587,12.626],[-3.355,4.313],[-6.022,2.659],[-49.356,-0.526],[-4.881,-2.357],[-3.994,-5.634],[-0.738,-9.973],[3.549,-12.586]],"o":[[-47.017,-0.473],[-4.494,-12.697],[2.123,-11.587],[2.247,-4.287],[6.022,-2.659],[38.887,0.376],[6.323,3.053],[5.082,5.668],[1.38,11.022],[-5.318,19.284]],"v":[[-1.341,97.117],[-85.178,36.927],[-91.758,1.669],[-83.149,-20.789],[-66.913,-34.545],[-1.451,-46.922],[61.554,-34.721],[77.447,-22.062],[86.273,-1.004],[82.894,34.989]],"c":true}]},{"t":60,"s":[{"i":[[32.134,0.636],[4.566,12.452],[-1.901,13.521],[-2.249,5.779],[-2.619,3.582],[-49.355,-0.708],[-7.071,-9.404],[-4.6,-7.578],[0.291,-11.404],[3.304,-12.3]],"o":[[-32.134,-0.636],[-4.566,-12.452],[1.901,-13.521],[2.249,-5.779],[2.619,-3.582],[35.274,0.506],[4.95,6.583],[4.6,7.578],[-0.291,11.404],[-3.304,12.3]],"v":[[-2.044,96.502],[-68.311,56.605],[-77.175,16.578],[-70.674,-7.26],[-63.509,-19.731],[-2.329,-47.449],[55.084,-19.046],[62.249,-8.973],[67.14,15.969],[63.304,53.086]],"c":true}]}],"ix":2},"nm":"Path 1","mn":"ADBE Vector Shape - Group","hd":false},{"ty":"fl","c":{"a":0,"k":[0.258999992819,0.169000004787,0.051000000449,1],"ix":4},"o":{"a":0,"k":100,"ix":5},"r":1,"bm":0,"nm":"Fill 1","mn":"ADBE Vector Graphic - Fill","hd":false},{"ty":"tr","p":{"a":0,"k":[138.849,60.25],"ix":2},"a":{"a":0,"k":[0,0],"ix":1},"s":{"a":0,"k":[100,100],"ix":3},"r":{"a":0,"k":0,"ix":6},"o":{"a":0,"k":100,"ix":7},"sk":{"a":0,"k":0,"ix":4},"sa":{"a":0,"k":0,"ix":5},"nm":"Transform"}],"nm":"Group 1","np":2,"cix":2,"bm":0,"ix":1,"mn":"ADBE Vector Group","hd":false}],"ip":0,"op":61,"st":0,"bm":0},{"ddd":0,"ind":8,"ty":4,"nm":"base matte","parent":10,"td":1,"sr":1,"ks":{"o":{"a":0,"k":100,"ix":11},"r":{"a":0,"k":0,"ix":10},"p":{"a":0,"k":[-2,-3,0],"ix":2,"l":2},"a":{"a":0,"k":[0,0,0],"ix":1,"l":2},"s":{"a":0,"k":[100,100,100],"ix":6,"l":2}},"ao":0,"shapes":[{"ty":"gr","it":[{"ind":0,"ty":"sh","ix":1,"ks":{"a":0,"k":{"i":[[15.4,0],[0,38.4],[-27.9,0],[-10.6,-9.3],[0,-16.9],[11.5,-10.2]],"o":[[-27.9,0],[0,-38.4],[15.5,0],[11.5,10.2],[0,16.9],[-10.6,9.3]],"v":[[0,55.9],[-58,0],[0,-55.9],[40.4,-41.5],[58,0],[40.4,41.4]],"c":true},"ix":2},"nm":"Path 1","mn":"ADBE Vector Shape - Group","hd":false},{"ty":"gf","o":{"a":0,"k":100,"ix":10},"r":1,"bm":0,"g":{"p":5,"k":{"a":0,"k":[0.48,0.992,0.878,0.188,0.691,0.98,0.816,0.178,0.902,0.969,0.753,0.169,0.966,0.963,0.694,0.153,1,0.957,0.635,0.137],"ix":9}},"s":{"a":0,"k":[0,0],"ix":5},"e":{"a":0,"k":[56.225,0],"ix":6},"t":2,"h":{"a":0,"k":0,"ix":7},"a":{"a":0,"k":0,"ix":8},"nm":"Gradient Fill 1","mn":"ADBE Vector Graphic - G-Fill","hd":false},{"ty":"tr","p":{"a":0,"k":[0,0],"ix":2},"a":{"a":0,"k":[0,0],"ix":1},"s":{"a":0,"k":[100,100],"ix":3},"r":{"a":0,"k":0,"ix":6},"o":{"a":0,"k":100,"ix":7},"sk":{"a":0,"k":0,"ix":4},"sa":{"a":0,"k":0,"ix":5},"nm":"Transform"}],"nm":"Group 1","np":2,"cix":2,"bm":0,"ix":1,"mn":"ADBE Vector Group","hd":false}],"ip":0,"op":175,"st":0,"bm":0},{"ddd":0,"ind":9,"ty":4,"nm":"base shadow","parent":10,"tt":2,"sr":1,"ks":{"o":{"a":0,"k":100,"ix":11},"r":{"a":0,"k":0,"ix":10},"p":{"a":0,"k":[0,0,0],"ix":2,"l":2},"a":{"a":0,"k":[0,0,0],"ix":1,"l":2},"s":{"a":0,"k":[100,100,100],"ix":6,"l":2}},"ao":0,"shapes":[{"ty":"gr","it":[{"ind":0,"ty":"sh","ix":1,"ks":{"a":0,"k":{"i":[[15.4,0],[0,38.4],[-27.9,0],[-10.6,-9.3],[0,-16.9],[11.5,-10.2]],"o":[[-27.9,0],[0,-38.4],[15.5,0],[11.5,10.2],[0,16.9],[-10.6,9.3]],"v":[[0,55.9],[-58,0],[0,-55.9],[40.4,-41.5],[58,0],[40.4,41.4]],"c":true},"ix":2},"nm":"Path 1","mn":"ADBE Vector Shape - Group","hd":false},{"ty":"fl","c":{"a":0,"k":[0.921568627451,0.560784313725,0,1],"ix":4},"o":{"a":0,"k":100,"ix":5},"r":1,"bm":0,"nm":"Fill 1","mn":"ADBE Vector Graphic - Fill","hd":false},{"ty":"tr","p":{"a":0,"k":[0,0],"ix":2},"a":{"a":0,"k":[0,0],"ix":1},"s":{"a":0,"k":[100,100],"ix":3},"r":{"a":0,"k":0,"ix":6},"o":{"a":0,"k":100,"ix":7},"sk":{"a":0,"k":0,"ix":4},"sa":{"a":0,"k":0,"ix":5},"nm":"Transform"}],"nm":"Group 1","np":2,"cix":2,"bm":0,"ix":1,"mn":"ADBE Vector Group","hd":false}],"ip":0,"op":175,"st":0,"bm":0},{"ddd":0,"ind":10,"ty":4,"nm":"base normal","parent":1,"sr":1,"ks":{"o":{"a":0,"k":100,"ix":11},"r":{"a":0,"k":0,"ix":10},"p":{"a":0,"k":[0,0,0],"ix":2,"l":2},"a":{"a":0,"k":[0,0,0],"ix":1,"l":2},"s":{"a":0,"k":[800,800,100],"ix":6,"l":2}},"ao":0,"shapes":[{"ty":"gr","it":[{"ind":0,"ty":"sh","ix":1,"ks":{"a":0,"k":{"i":[[15.4,0],[0,38.4],[-27.9,0],[-10.6,-9.3],[0,-16.9],[11.5,-10.2]],"o":[[-27.9,0],[0,-38.4],[15.5,0],[11.5,10.2],[0,16.9],[-10.6,9.3]],"v":[[0,55.9],[-58,0],[0,-55.9],[40.4,-41.5],[58,0],[40.4,41.4]],"c":true},"ix":2},"nm":"Path 1","mn":"ADBE Vector Shape - Group","hd":false},{"ty":"gf","o":{"a":0,"k":100,"ix":10},"r":1,"bm":0,"g":{"p":5,"k":{"a":0,"k":[0.48,0.992,0.878,0.188,0.691,0.98,0.816,0.178,0.902,0.969,0.753,0.169,0.966,0.963,0.694,0.153,1,0.957,0.635,0.137],"ix":9}},"s":{"a":0,"k":[0,0],"ix":5},"e":{"a":0,"k":[56.225,0],"ix":6},"t":2,"h":{"a":0,"k":0,"ix":7},"a":{"a":0,"k":0,"ix":8},"nm":"Gradient Fill 1","mn":"ADBE Vector Graphic - G-Fill","hd":false},{"ty":"tr","p":{"a":0,"k":[0,0],"ix":2},"a":{"a":0,"k":[0,0],"ix":1},"s":{"a":0,"k":[100,100],"ix":3},"r":{"a":0,"k":0,"ix":6},"o":{"a":0,"k":100,"ix":7},"sk":{"a":0,"k":0,"ix":4},"sa":{"a":0,"k":0,"ix":5},"nm":"Transform"}],"nm":"Group 1","np":2,"cix":2,"bm":0,"ix":1,"mn":"ADBE Vector Group","hd":false}],"ip":0,"op":175,"st":0,"bm":0}],"markers":[{"tm":162,"cm":"rest","dr":0}]}