{"v":"5.8.1","fr":60,"ip":0,"op":145,"w":1024,"h":1024,"nm":"emoji_sunglasses","ddd":0,"assets":[],"layers":[{"ddd":0,"ind":1,"ty":3,"nm":"Null ALL","sr":1,"ks":{"o":{"a":0,"k":0,"ix":11},"r":{"a":0,"k":0,"ix":10},"p":{"s":true,"x":{"a":0,"k":512,"ix":3},"y":{"a":1,"k":[{"i":{"x":[0.562],"y":[1]},"o":{"x":[0.333],"y":[0]},"t":0,"s":[512]},{"i":{"x":[0.838],"y":[1]},"o":{"x":[0.357],"y":[0]},"t":10,"s":[504]},{"i":{"x":[0],"y":[1]},"o":{"x":[1],"y":[0]},"t":40,"s":[528]},{"i":{"x":[0],"y":[1]},"o":{"x":[1],"y":[0]},"t":55,"s":[528]},{"i":{"x":[0.667],"y":[1]},"o":{"x":[1],"y":[0]},"t":90,"s":[480]},{"i":{"x":[0.667],"y":[1]},"o":{"x":[0.333],"y":[0]},"t":97.5,"s":[480]},{"i":{"x":[0.661],"y":[0.759]},"o":{"x":[0.333],"y":[0]},"t":107.5,"s":[522.462]},{"i":{"x":[0.667],"y":[1]},"o":{"x":[0.19],"y":[0.953]},"t":117.5,"s":[514.078]},{"t":135,"s":[512]}],"ix":4}},"a":{"a":0,"k":[0,0,0],"ix":1,"l":2},"s":{"a":0,"k":[100,100,100],"ix":6,"l":2}},"ao":0,"ip":0,"op":145,"st":0,"bm":0},{"ddd":0,"ind":2,"ty":3,"nm":"Null Face","parent":1,"sr":1,"ks":{"o":{"a":0,"k":0,"ix":11},"r":{"a":0,"k":0,"ix":10},"p":{"s":true,"x":{"a":0,"k":0,"ix":3},"y":{"a":1,"k":[{"i":{"x":[0],"y":[1]},"o":{"x":[0.333],"y":[0]},"t":0,"s":[0]},{"i":{"x":[0.765],"y":[0.34]},"o":{"x":[0.303],"y":[0]},"t":10,"s":[-40]},{"i":{"x":[0.667],"y":[1]},"o":{"x":[0.621],"y":[0.169]},"t":22.5,"s":[-33.322]},{"i":{"x":[0],"y":[1]},"o":{"x":[0.333],"y":[0]},"t":30,"s":[8]},{"i":{"x":[0],"y":[1]},"o":{"x":[1],"y":[0]},"t":40,"s":[0]},{"i":{"x":[0.358],"y":[1]},"o":{"x":[0.391],"y":[0]},"t":55,"s":[0]},{"i":{"x":[-0.152],"y":[1]},"o":{"x":[0.695],"y":[0]},"t":65,"s":[19.686]},{"i":{"x":[0.667],"y":[1]},"o":{"x":[1],"y":[0]},"t":90,"s":[-34]},{"i":{"x":[0.667],"y":[1]},"o":{"x":[0.333],"y":[0]},"t":97.5,"s":[-34]},{"i":{"x":[0.699],"y":[0.9]},"o":{"x":[0.333],"y":[0]},"t":107.5,"s":[25.165]},{"i":{"x":[0.667],"y":[1]},"o":{"x":[0.168],"y":[0.638]},"t":117.5,"s":[3.334]},{"t":135,"s":[0]}],"ix":4}},"a":{"a":0,"k":[0,0,0],"ix":1,"l":2},"s":{"a":0,"k":[100,100,100],"ix":6,"l":2}},"ao":0,"ip":0,"op":145,"st":0,"bm":0},{"ddd":0,"ind":3,"ty":4,"nm":"SUNGLASSES 2","parent":4,"sr":1,"ks":{"o":{"a":0,"k":100,"ix":11},"r":{"a":0,"k":0,"ix":10},"p":{"s":true,"x":{"a":0,"k":0,"ix":3},"y":{"a":0,"k":0.218,"ix":4}},"a":{"a":0,"k":[0,0.218,0],"ix":1,"l":2},"s":{"a":0,"k":[100,100,100],"ix":6,"l":2}},"ao":0,"shapes":[{"ty":"gr","it":[{"ind":0,"ty":"sh","ix":1,"ks":{"a":1,"k":[{"i":{"x":0,"y":1},"o":{"x":0.167,"y":0.167},"t":100,"s":[{"i":[[5.678,-19.375],[8.229,1.437],[-0.523,7.063],[-14.26,15.554],[-11.198,2.355],[-2.092,-7.497],[5.471,-3.237]],"o":[[-2.038,6.954],[-6.641,-1.159],[0.172,-14.125],[14.26,-15.554],[6.516,-2.027],[2.092,7.497],[-17.93,10.61]],"v":[[-375.678,-39.739],[-392.185,-25.995],[-404.457,-41.336],[-383.76,-88.06],[-345.162,-112.064],[-329.592,-104.229],[-339.57,-87.224]],"c":true}]},{"t":112.5,"s":[{"i":[[0.16,-14.4],[13.35,-0.76],[1.76,11.2],[-14.08,17.68],[-20.32,-0.08],[-0.7,-14.11],[12,-4.16]],"o":[[-0.8,12.8],[-10.774,0.613],[-4.88,-22.08],[12.96,-15.68],[12.08,-1.12],[0.7,14.11],[-13.12,5.92]],"v":[[-342.88,-28.68],[-363.6,-1.24],[-388.32,-20.68],[-373.76,-83.56],[-321.12,-108.2],[-297.2,-88.36],[-321.12,-61.96]],"c":true}]}],"ix":2},"nm":"Path 2","mn":"ADBE Vector Shape - Group","hd":false},{"ind":1,"ty":"sh","ix":2,"ks":{"a":1,"k":[{"i":{"x":0,"y":1},"o":{"x":0.167,"y":0.167},"t":100,"s":[{"i":[[5.678,-19.375],[8.229,1.437],[-0.523,7.063],[-14.26,15.554],[-11.198,2.355],[-2.092,-7.497],[5.471,-3.237]],"o":[[-2.038,6.954],[-6.641,-1.159],[0.172,-14.125],[14.26,-15.554],[6.516,-2.027],[2.092,7.497],[-17.93,10.61]],"v":[[102.322,-39.354],[85.815,-25.609],[73.543,-40.951],[94.24,-87.675],[132.838,-111.679],[148.408,-103.843],[138.43,-86.839]],"c":true}]},{"t":112.5,"s":[{"i":[[0.16,-14.4],[14.63,-1.322],[1.84,11.2],[-14.08,17.68],[-20.4,-0.08],[-1.265,-12.735],[12,-4.16]],"o":[[-0.72,12.8],[-13.725,1.24],[-4.88,-22.08],[13.04,-15.68],[12.08,-1.12],[1.265,12.735],[-13.04,5.92]],"v":[[165.76,-28.68],[145.35,-1.365],[120.16,-20.68],[134.72,-83.56],[187.44,-108.2],[211.36,-88.36],[187.44,-61.96]],"c":true}]}],"ix":2},"nm":"Path 3","mn":"ADBE Vector Shape - Group","hd":false},{"ty":"fl","c":{"a":0,"k":[0.537254901961,0.376470588235,0.141176470588,1],"ix":4},"o":{"a":0,"k":100,"ix":5},"r":1,"bm":0,"nm":"Fill 1","mn":"ADBE Vector Graphic - Fill","hd":false},{"ty":"tr","p":{"a":0,"k":[0,0],"ix":2},"a":{"a":0,"k":[0,0],"ix":1},"s":{"a":0,"k":[100,100],"ix":3},"r":{"a":0,"k":0,"ix":6},"o":{"a":0,"k":100,"ix":7},"sk":{"a":0,"k":0,"ix":4},"sa":{"a":0,"k":0,"ix":5},"nm":"Transform"}],"nm":"Shape 2","np":4,"cix":2,"bm":0,"ix":1,"mn":"ADBE Vector Group","hd":false},{"ty":"gr","it":[{"ind":0,"ty":"sh","ix":1,"ks":{"a":0,"k":{"i":[[0,0],[0,-27.28],[176.8,0],[11.36,80.56],[34.16,0],[4.64,-33.76],[141.28,0],[0,67.36],[0,0],[0,0],[-55.2,-0.48],[-79.44,-8],[0,0],[-47.2,4.64],[-99.84,0],[-54.72,-7.12],[0,0]],"o":[[0,0],[0,67.36],[-141.28,0],[-4.64,-33.52],[-34.16,0],[-11.36,80.56],[-176.48,0],[0,-27.28],[0,0],[54.8,-7.2],[99.84,0],[46.96,4.64],[0,0],[79.44,-8],[55.2,-0.48],[0,0],[0,0]],"v":[[480.16,-81.32],[446.08,-53.32],[270.08,158.6],[50,5.08],[-0.16,-64.92],[-50,5.08],[-270.08,158.6],[-446.08,-53.32],[-480.16,-81.32],[-480.16,-148.04],[-314.96,-158.12],[-95.92,-150.12],[0.08,-144.92],[96.08,-150.12],[315.12,-158.12],[480.16,-148.04],[480.16,-81.32]],"c":true},"ix":2},"nm":"Path 1","mn":"ADBE Vector Shape - Group","hd":false},{"ty":"fl","c":{"a":0,"k":[0.258823529412,0.16862745098,0.050980392157,1],"ix":4},"o":{"a":0,"k":100,"ix":5},"r":1,"bm":0,"nm":"Fill 1","mn":"ADBE Vector Graphic - Fill","hd":false},{"ty":"tr","p":{"a":0,"k":[0,0],"ix":2},"a":{"a":0,"k":[0,0],"ix":1},"s":{"a":0,"k":[100,100],"ix":3},"r":{"a":0,"k":0,"ix":6},"o":{"a":0,"k":100,"ix":7},"sk":{"a":0,"k":0,"ix":4},"sa":{"a":0,"k":0,"ix":5},"nm":"Transform"}],"nm":"Shape 1","np":3,"cix":2,"bm":0,"ix":2,"mn":"ADBE Vector Group","hd":false}],"ip":105,"op":145,"st":-5,"bm":0},{"ddd":0,"ind":4,"ty":4,"nm":"SUNGLASSES","parent":2,"sr":1,"ks":{"o":{"a":0,"k":100,"ix":11},"r":{"a":1,"k":[{"i":{"x":[0],"y":[1]},"o":{"x":[0.167],"y":[0.167]},"t":22.5,"s":[0]},{"i":{"x":[0],"y":[1]},"o":{"x":[1],"y":[0]},"t":40,"s":[4]},{"i":{"x":[0],"y":[1]},"o":{"x":[1],"y":[0]},"t":55,"s":[4]},{"i":{"x":[0.667],"y":[1]},"o":{"x":[1],"y":[0]},"t":90,"s":[0]},{"t":117.5,"s":[0]}],"ix":10},"p":{"s":true,"x":{"a":0,"k":0,"ix":3},"y":{"a":1,"k":[{"i":{"x":[0],"y":[1]},"o":{"x":[0.167],"y":[0.167]},"t":22.5,"s":[-57.782]},{"i":{"x":[0],"y":[1]},"o":{"x":[1],"y":[0]},"t":40,"s":[54.218]},{"i":{"x":[0],"y":[1]},"o":{"x":[1],"y":[0]},"t":55,"s":[54.218]},{"i":{"x":[0.74],"y":[1.139]},"o":{"x":[0.413],"y":[0]},"t":65,"s":[54.218]},{"i":{"x":[-0.196],"y":[1]},"o":{"x":[0.753],"y":[0.195]},"t":70,"s":[70.651]},{"i":{"x":[0.833],"y":[1]},"o":{"x":[1],"y":[0]},"t":90,"s":[-65.782]},{"t":117.5,"s":[-57.782]}],"ix":4}},"a":{"a":0,"k":[0,0.218,0],"ix":1,"l":2},"s":{"a":0,"k":[100,100,100],"ix":6,"l":2}},"ao":0,"shapes":[{"ty":"gr","it":[{"ind":0,"ty":"sh","ix":1,"ks":{"a":1,"k":[{"i":{"x":0.833,"y":0.833},"o":{"x":0.167,"y":0.167},"t":0,"s":[{"i":[[0.16,-14.4],[13.35,-0.76],[1.76,11.2],[-14.08,17.68],[-20.32,-0.08],[-0.7,-14.11],[12,-4.16]],"o":[[-0.8,12.8],[-10.774,0.613],[-4.88,-22.08],[12.96,-15.68],[12.08,-1.12],[0.7,14.11],[-13.12,5.92]],"v":[[-342.88,-28.68],[-363.6,-1.24],[-388.32,-20.68],[-373.76,-83.56],[-321.12,-108.2],[-297.2,-88.36],[-321.12,-61.96]],"c":true}]},{"i":{"x":0.25,"y":1},"o":{"x":0.167,"y":0.167},"t":22.5,"s":[{"i":[[0.16,-14.4],[13.35,-0.76],[1.76,11.2],[-14.08,17.68],[-20.32,-0.08],[-0.7,-14.11],[12,-4.16]],"o":[[-0.8,12.8],[-10.774,0.613],[-4.88,-22.08],[12.96,-15.68],[12.08,-1.12],[0.7,14.11],[-13.12,5.92]],"v":[[-342.88,-28.68],[-363.6,-1.24],[-388.32,-20.68],[-373.76,-83.56],[-321.12,-108.2],[-297.2,-88.36],[-321.12,-61.96]],"c":true}]},{"i":{"x":0.667,"y":1},"o":{"x":0.333,"y":0},"t":40,"s":[{"i":[[2.057,-14.253],[13.334,1.007],[0.268,11.334],[-16.288,15.67],[-20.132,-2.758],[1.166,-14.079],[12.444,-2.542]],"o":[[-2.48,12.583],[-10.761,-0.812],[-1.927,-22.531],[14.914,-13.835],[12.122,0.482],[-1.166,14.079],[-13.786,4.139]],"v":[[-342.038,-34.236],[-366.195,-9.767],[-388.136,-32.296],[-365.414,-92.708],[-309.985,-110.193],[-288.889,-87.373],[-316.081,-64.357]],"c":true}]},{"i":{"x":0.833,"y":0.833},"o":{"x":0.75,"y":0},"t":65,"s":[{"i":[[2.057,-14.253],[13.334,1.007],[0.268,11.334],[-16.288,15.67],[-20.132,-2.758],[1.166,-14.079],[12.444,-2.542]],"o":[[-2.48,12.583],[-10.761,-0.812],[-1.927,-22.531],[14.914,-13.835],[12.122,0.482],[-1.166,14.079],[-13.786,4.139]],"v":[[-342.038,-34.236],[-366.195,-9.767],[-388.136,-32.296],[-365.414,-92.708],[-309.985,-110.193],[-288.889,-87.373],[-316.081,-64.357]],"c":true}]},{"i":{"x":0.833,"y":0.833},"o":{"x":0.167,"y":0.167},"t":80,"s":[{"i":[[23.017,-6.161],[21.778,18.231],[-2.5,21.432],[-47.822,44.352],[-23.88,7.2],[-21.966,-25.822],[36.62,-26.04]],"o":[[-23.017,6.161],[-23.129,-19.362],[2.008,-17.213],[45.76,-42.44],[33.208,-10.012],[23.7,27.86],[-37.433,26.618]],"v":[[-291.983,114.839],[-361.871,103.862],[-387.5,46.068],[-317.76,-42.56],[-218.62,-111.7],[-132.7,-92.36],[-156.62,-7.46]],"c":true}]},{"i":{"x":0.833,"y":0.833},"o":{"x":1,"y":0},"t":95,"s":[{"i":[[57.546,-9.583],[15.101,20.028],[-13.549,18.388],[-19.102,17.464],[-23.231,20.976],[-22.023,-20.282],[25.276,-38.777]],"o":[[-20.757,3.456],[-16.037,-21.27],[17.856,-24.233],[20.101,-18.376],[24.535,-22.154],[23.762,21.883],[-25.087,38.487]],"v":[[-216.929,117.474],[-292.923,98.639],[-296.451,36.684],[-225.407,-15.037],[-169.669,-74.518],[-95.336,-69.956],[-105.174,40.69]],"c":true}]},{"t":102.5,"s":[{"i":[[20.4,0.08],[0,15.04],[-12,4.16],[-0.16,14.4],[-16.385,0],[-1.84,-11.2],[14.08,-17.68]],"o":[[-12.08,1.12],[0,-15.04],[13.04,-5.92],[0.72,-12.8],[11.36,0],[4.88,22.08],[-13.04,15.68]],"v":[[-180.08,99.92],[-204.08,79.28],[-180.08,53.68],[-158.4,20.4],[-135.68,-7.04],[-112.8,12.4],[-127.36,75.28]],"c":true}]}],"ix":2},"nm":"Path 2","mn":"ADBE Vector Shape - Group","hd":false},{"ind":1,"ty":"sh","ix":2,"ks":{"a":1,"k":[{"i":{"x":0.833,"y":0.833},"o":{"x":0.167,"y":0.167},"t":0,"s":[{"i":[[0.16,-14.4],[14.63,-1.322],[1.84,11.2],[-14.08,17.68],[-20.4,-0.08],[-1.265,-12.735],[12,-4.16]],"o":[[-0.72,12.8],[-13.725,1.24],[-4.88,-22.08],[13.04,-15.68],[12.08,-1.12],[1.265,12.735],[-13.04,5.92]],"v":[[165.76,-28.68],[145.35,-1.365],[120.16,-20.68],[134.72,-83.56],[187.44,-108.2],[211.36,-88.36],[187.44,-61.96]],"c":true}]},{"i":{"x":0.25,"y":1},"o":{"x":0.167,"y":0.167},"t":22.5,"s":[{"i":[[0.16,-14.4],[14.63,-1.322],[1.84,11.2],[-14.08,17.68],[-20.4,-0.08],[-1.265,-12.735],[12,-4.16]],"o":[[-0.72,12.8],[-13.725,1.24],[-4.88,-22.08],[13.04,-15.68],[12.08,-1.12],[1.265,12.735],[-13.04,5.92]],"v":[[165.76,-28.68],[145.35,-1.365],[120.16,-20.68],[134.72,-83.56],[187.44,-108.2],[211.36,-88.36],[187.44,-61.96]],"c":true}]},{"i":{"x":0.667,"y":1},"o":{"x":0.333,"y":0},"t":40,"s":[{"i":[[2.229,-14.227],[14.668,0.796],[0.211,11.348],[-16.476,15.472],[-20.177,-3.012],[0.579,-12.785],[12.473,-2.391]],"o":[[-2.553,12.563],[-13.761,-0.746],[-1.654,-22.552],[15.159,-13.642],[12.115,0.629],[-0.579,12.785],[-13.756,3.983]],"v":[[166.213,-34.536],[142.088,-10.44],[119.936,-33.176],[143.386,-93.309],[199.102,-110.112],[219.92,-87.039],[192.453,-64.353]],"c":true}]},{"i":{"x":0.833,"y":0.833},"o":{"x":0.75,"y":0},"t":65,"s":[{"i":[[2.229,-14.227],[14.668,0.796],[0.211,11.348],[-16.476,15.472],[-20.177,-3.012],[0.579,-12.785],[12.473,-2.391]],"o":[[-2.553,12.563],[-13.761,-0.746],[-1.654,-22.552],[15.159,-13.642],[12.115,0.629],[-0.579,12.785],[-13.756,3.983]],"v":[[166.213,-34.536],[142.088,-10.44],[119.936,-33.176],[143.386,-93.309],[199.102,-110.112],[219.92,-87.039],[192.453,-64.353]],"c":true}]},{"i":{"x":0.833,"y":0.833},"o":{"x":0.167,"y":0.167},"t":80,"s":[{"i":[[23.017,-6.161],[21.778,18.231],[-2.5,21.432],[-47.822,44.352],[-23.88,7.2],[-21.966,-25.822],[36.62,-26.04]],"o":[[-23.017,6.161],[-23.129,-19.362],[2.008,-17.213],[45.76,-42.44],[33.208,-10.012],[23.7,27.86],[-37.433,26.618]],"v":[[224.017,115.459],[154.129,104.482],[128.5,46.688],[198.24,-41.94],[297.38,-111.08],[383.3,-91.74],[359.38,-6.84]],"c":true}]},{"i":{"x":0.833,"y":0.833},"o":{"x":1,"y":0},"t":95,"s":[{"i":[[56.581,-9.422],[14.847,19.692],[-13.322,18.08],[-18.782,17.171],[-22.841,20.624],[-21.654,-19.942],[24.852,-38.127]],"o":[[-20.409,3.399],[-15.768,-20.913],[17.557,-23.827],[19.763,-18.068],[24.124,-21.782],[23.363,21.516],[-24.666,37.842]],"v":[[277.51,118.44],[202.79,99.921],[199.322,39.005],[269.174,-11.848],[323.976,-70.331],[397.063,-65.846],[387.389,42.944]],"c":true}]},{"t":102.5,"s":[{"i":[[20.4,0.08],[0,15.04],[-12,4.16],[-0.16,14.4],[-16.385,0],[-1.84,-11.2],[14.08,-17.68]],"o":[[-12.08,1.12],[0,-15.04],[13.04,-5.92],[0.72,-12.8],[11.36,0],[4.88,22.08],[-13.04,15.68]],"v":[[330.92,99.814],[306.92,79.174],[330.92,53.574],[352.6,20.294],[375.32,-7.146],[398.2,12.294],[383.64,75.174]],"c":true}]}],"ix":2},"nm":"Path 3","mn":"ADBE Vector Shape - Group","hd":false},{"ty":"fl","c":{"a":1,"k":[{"t":65,"s":[0.537254901961,0.376470588235,0.141176470588,1],"h":1},{"t":75,"s":[0.800784289837,0.720727622509,0.603571534157,1],"h":1},{"t":102.5,"s":[0.537254901961,0.376470588235,0.141176470588,1],"h":1},{"t":105,"s":[0.258823543787,0.168627455831,0.050980396569,1],"h":1}],"ix":4},"o":{"a":0,"k":100,"ix":5},"r":1,"bm":0,"nm":"Fill 1","mn":"ADBE Vector Graphic - Fill","hd":false},{"ty":"tr","p":{"a":0,"k":[0,0],"ix":2},"a":{"a":0,"k":[0,0],"ix":1},"s":{"a":0,"k":[100,100],"ix":3},"r":{"a":0,"k":0,"ix":6},"o":{"a":0,"k":100,"ix":7},"sk":{"a":0,"k":0,"ix":4},"sa":{"a":0,"k":0,"ix":5},"nm":"Transform"}],"nm":"Shape 2","np":4,"cix":2,"bm":0,"ix":1,"mn":"ADBE Vector Group","hd":false},{"ty":"gr","it":[{"ind":0,"ty":"sh","ix":1,"ks":{"a":1,"k":[{"i":{"x":0.833,"y":0.833},"o":{"x":0.167,"y":0.167},"t":0,"s":[{"i":[[0,0],[0,-27.28],[176.8,0],[11.36,80.56],[34.16,0],[4.64,-33.76],[141.28,0],[0,67.36],[0,0],[0,0],[-55.2,-0.48],[-79.44,-8],[0,0],[-47.2,4.64],[-99.84,0],[-54.72,-7.12],[0,0]],"o":[[0,0],[0,67.36],[-141.28,0],[-4.64,-33.52],[-34.16,0],[-11.36,80.56],[-176.48,0],[0,-27.28],[0,0],[54.8,-7.2],[99.84,0],[46.96,4.64],[0,0],[79.44,-8],[55.2,-0.48],[0,0],[0,0]],"v":[[480.16,-81.32],[446.08,-53.32],[270.08,158.6],[50,5.08],[-0.16,-64.92],[-50,5.08],[-270.08,158.6],[-446.08,-53.32],[-480.16,-81.32],[-480.16,-148.04],[-314.96,-158.12],[-95.92,-150.12],[0.08,-144.92],[96.08,-150.12],[315.12,-158.12],[480.16,-148.04],[480.16,-81.32]],"c":true}]},{"t":90,"s":[{"i":[[0,0],[0,-27.28],[176.8,0],[11.36,80.56],[34.16,0],[4.64,-33.76],[141.28,0],[0,67.36],[0,0],[0,0],[-55.2,-0.48],[-79.44,-8],[0,0],[-47.2,4.64],[-99.84,0],[-54.72,-7.12],[0,0]],"o":[[0,0],[0,67.36],[-141.28,0],[-4.64,-33.52],[-34.16,0],[-11.36,80.56],[-176.48,0],[0,-27.28],[0,0],[54.8,-7.2],[99.84,0],[46.96,4.64],[0,0],[79.44,-8],[55.2,-0.48],[0,0],[0,0]],"v":[[480.16,-81.32],[446.08,-53.32],[270.08,158.6],[50,5.08],[-0.16,-64.92],[-50,5.08],[-270.08,158.6],[-446.08,-53.32],[-480.16,-81.32],[-480.16,-148.04],[-314.96,-158.12],[-95.92,-150.12],[0.08,-144.92],[96.08,-150.12],[315.12,-158.12],[480.16,-148.04],[480.16,-81.32]],"c":true}]}],"ix":2},"nm":"Path 1","mn":"ADBE Vector Shape - Group","hd":false},{"ty":"fl","c":{"a":0,"k":[0.258823529412,0.16862745098,0.050980392157,1],"ix":4},"o":{"a":0,"k":100,"ix":5},"r":1,"bm":0,"nm":"Fill 1","mn":"ADBE Vector Graphic - Fill","hd":false},{"ty":"tr","p":{"a":0,"k":[0,0],"ix":2},"a":{"a":0,"k":[0,0],"ix":1},"s":{"a":0,"k":[100,100],"ix":3},"r":{"a":0,"k":0,"ix":6},"o":{"a":0,"k":100,"ix":7},"sk":{"a":0,"k":0,"ix":4},"sa":{"a":0,"k":0,"ix":5},"nm":"Transform"}],"nm":"Shape 1","np":3,"cix":2,"bm":0,"ix":2,"mn":"ADBE Vector Group","hd":false}],"ip":0,"op":105,"st":0,"bm":0},{"ddd":0,"ind":5,"ty":4,"nm":"eyes","parent":2,"sr":1,"ks":{"o":{"a":0,"k":100,"ix":11},"r":{"a":0,"k":0,"ix":10},"p":{"a":0,"k":[0,-109.601,0],"ix":2,"l":2},"a":{"a":0,"k":[27.45,6.65,0],"ix":1,"l":2},"s":{"a":0,"k":[800,800,100],"ix":6,"l":2}},"ao":0,"shapes":[{"ty":"gr","it":[{"ind":0,"ty":"sh","ix":1,"ks":{"a":0,"k":{"i":[[0.899,0.8],[0,0],[0.7,-1.4],[-0.901,-0.9],[-0.701,1.4]],"o":[[0,0],[-1.4,-0.7],[-0.5,1.1],[1.399,0.7],[0.5,-1.1]],"v":[[7.101,-5.3],[7.101,-5.3],[3.299,-4],[3.9,-0.7],[7.701,-2]],"c":true},"ix":2},"nm":"Path 1","mn":"ADBE Vector Shape - Group","hd":false},{"ty":"fl","c":{"a":0,"k":[0.536999990426,0.375999989229,0.141000007181,1],"ix":4},"o":{"a":0,"k":100,"ix":5},"r":1,"bm":0,"nm":"Fill 1","mn":"ADBE Vector Graphic - Fill","hd":false},{"ty":"tr","p":{"a":0,"k":[44.65,6.55],"ix":2},"a":{"a":0,"k":[0,0],"ix":1},"s":{"a":0,"k":[100,100],"ix":3},"r":{"a":0,"k":0,"ix":6},"o":{"a":0,"k":100,"ix":7},"sk":{"a":0,"k":0,"ix":4},"sa":{"a":0,"k":0,"ix":5},"nm":"Transform"}],"nm":"Group 1","np":2,"cix":2,"bm":0,"ix":1,"mn":"ADBE Vector Group","hd":false},{"ty":"gr","it":[{"ind":0,"ty":"sh","ix":1,"ks":{"a":0,"k":{"i":[[4.2,0],[0,0],[0,-5.9],[-4.2,0],[0,5.9]],"o":[[0,0],[-4.2,0],[0,5.9],[4.2,0],[0,-5.9]],"v":[[5.5,-12.4],[5.5,-12.4],[-2.5,-3],[5.5,6.4],[13.5,-3]],"c":true},"ix":2},"nm":"Path 1","mn":"ADBE Vector Shape - Group","hd":false},{"ty":"fl","c":{"a":0,"k":[0.258999992819,0.169000004787,0.051000000449,1],"ix":4},"o":{"a":0,"k":100,"ix":5},"r":1,"bm":0,"nm":"Fill 1","mn":"ADBE Vector Graphic - Fill","hd":false},{"ty":"tr","p":{"a":0,"k":[46.65,9.65],"ix":2},"a":{"a":0,"k":[0,0],"ix":1},"s":{"a":0,"k":[100,100],"ix":3},"r":{"a":0,"k":0,"ix":6},"o":{"a":0,"k":100,"ix":7},"sk":{"a":0,"k":0,"ix":4},"sa":{"a":0,"k":0,"ix":5},"nm":"Transform"}],"nm":"Group 2","np":2,"cix":2,"bm":0,"ix":2,"mn":"ADBE Vector Group","hd":false},{"ty":"gr","it":[{"ind":0,"ty":"sh","ix":1,"ks":{"a":0,"k":{"i":[[0.9,0.8],[0,0],[0.7,-1.4],[-0.9,-0.9],[-0.7,1.4]],"o":[[0,0],[-1.4,-0.7],[-0.5,1.1],[1.4,0.7],[0.6,-1.1]],"v":[[-3.95,-5.3],[-3.95,-5.3],[-7.75,-4],[-7.15,-0.7],[-3.35,-2]],"c":true},"ix":2},"nm":"Path 1","mn":"ADBE Vector Shape - Group","hd":false},{"ty":"fl","c":{"a":0,"k":[0.536999990426,0.375999989229,0.141000007181,1],"ix":4},"o":{"a":0,"k":100,"ix":5},"r":1,"bm":0,"nm":"Fill 1","mn":"ADBE Vector Graphic - Fill","hd":false},{"ty":"tr","p":{"a":0,"k":[6.3,6.55],"ix":2},"a":{"a":0,"k":[0,0],"ix":1},"s":{"a":0,"k":[100,100],"ix":3},"r":{"a":0,"k":0,"ix":6},"o":{"a":0,"k":100,"ix":7},"sk":{"a":0,"k":0,"ix":4},"sa":{"a":0,"k":0,"ix":5},"nm":"Transform"}],"nm":"Group 3","np":2,"cix":2,"bm":0,"ix":3,"mn":"ADBE Vector Group","hd":false},{"ty":"gr","it":[{"ind":0,"ty":"sh","ix":1,"ks":{"a":0,"k":{"i":[[4.2,0],[0,0],[0,-5.9],[-4.2,0],[0,5.9]],"o":[[0,0],[-4.2,0],[0,5.9],[4.2,0],[0,-5.9]],"v":[[-5.5,-12.4],[-5.5,-12.4],[-13.5,-3],[-5.5,6.4],[2.5,-3]],"c":true},"ix":2},"nm":"Path 1","mn":"ADBE Vector Shape - Group","hd":false},{"ty":"fl","c":{"a":0,"k":[0.258999992819,0.169000004787,0.051000000449,1],"ix":4},"o":{"a":0,"k":100,"ix":5},"r":1,"bm":0,"nm":"Fill 1","mn":"ADBE Vector Graphic - Fill","hd":false},{"ty":"tr","p":{"a":0,"k":[8.25,9.65],"ix":2},"a":{"a":0,"k":[0,0],"ix":1},"s":{"a":0,"k":[100,100],"ix":3},"r":{"a":0,"k":0,"ix":6},"o":{"a":0,"k":100,"ix":7},"sk":{"a":0,"k":0,"ix":4},"sa":{"a":0,"k":0,"ix":5},"nm":"Transform"}],"nm":"Group 4","np":2,"cix":2,"bm":0,"ix":4,"mn":"ADBE Vector Group","hd":false}],"ip":22.5,"op":145,"st":0,"bm":0},{"ddd":0,"ind":6,"ty":4,"nm":"mouth ","parent":2,"sr":1,"ks":{"o":{"a":0,"k":100,"ix":11},"r":{"a":1,"k":[{"i":{"x":[0],"y":[1]},"o":{"x":[0.167],"y":[0]},"t":22.5,"s":[0]},{"i":{"x":[0],"y":[1]},"o":{"x":[1],"y":[0]},"t":40,"s":[0]},{"i":{"x":[0],"y":[1]},"o":{"x":[1],"y":[0]},"t":55,"s":[0]},{"i":{"x":[0.667],"y":[1]},"o":{"x":[1],"y":[0]},"t":90,"s":[0]},{"t":117.5,"s":[0]}],"ix":10},"p":{"s":true,"x":{"a":1,"k":[{"i":{"x":[0],"y":[1]},"o":{"x":[0.167],"y":[0.167]},"t":22.5,"s":[0]},{"i":{"x":[0],"y":[1]},"o":{"x":[1],"y":[0]},"t":40,"s":[-8]},{"i":{"x":[0],"y":[1]},"o":{"x":[1],"y":[0]},"t":55,"s":[-8]},{"i":{"x":[0.667],"y":[1]},"o":{"x":[1],"y":[0]},"t":90,"s":[0]},{"t":117.5,"s":[0]}],"ix":3},"y":{"a":1,"k":[{"i":{"x":[0],"y":[1]},"o":{"x":[0.167],"y":[0.167]},"t":22.5,"s":[186.971]},{"i":{"x":[0],"y":[1]},"o":{"x":[1],"y":[0]},"t":40,"s":[256.971]},{"i":{"x":[0],"y":[1]},"o":{"x":[1],"y":[0]},"t":55,"s":[256.971]},{"i":{"x":[0.667],"y":[1]},"o":{"x":[1],"y":[0]},"t":90,"s":[186.971]},{"t":117.5,"s":[186.971]}],"ix":4}},"a":{"a":0,"k":[0,0.115,0],"ix":1,"l":2},"s":{"a":0,"k":[100,100,100],"ix":6,"l":2}},"ao":0,"shapes":[{"ty":"gr","it":[{"ind":0,"ty":"sh","ix":1,"ks":{"a":0,"k":{"i":[[92.08,0],[19.76,29.92],[-4.96,11.12],[-8.08,-0.24],[-2.8,-0.88],[-52,0.32],[-49.76,15.04],[-2.96,0],[-3.76,-7.12],[7.44,-9.68]],"o":[[-92.08,0],[-7.44,-9.68],[3.76,-7.12],[2.96,0],[49.84,15.04],[52,0.32],[2.8,-0.88],[8.08,-0.24],[4.96,11.12],[-19.76,30.08]],"v":[[-22.001,49.6],[-199.601,-28.32],[-203.601,-62.08],[-184.321,-73.36],[-175.601,-72],[-22.001,-49.76],[131.6,-72],[140.319,-73.36],[159.6,-62.08],[155.6,-28.32]],"c":true},"ix":2},"nm":"Path 1","mn":"ADBE Vector Shape - Group","hd":false},{"ty":"fl","c":{"a":0,"k":[0.258999992819,0.169000004787,0.051000000449,1],"ix":4},"o":{"a":0,"k":100,"ix":5},"r":1,"bm":0,"nm":"Fill 1","mn":"ADBE Vector Graphic - Fill","hd":false},{"ty":"tr","p":{"a":0,"k":[22,12],"ix":2},"a":{"a":0,"k":[0,0],"ix":1},"s":{"a":0,"k":[100,100],"ix":3},"r":{"a":0,"k":0,"ix":6},"o":{"a":0,"k":100,"ix":7},"sk":{"a":0,"k":0,"ix":4},"sa":{"a":0,"k":0,"ix":5},"nm":"Transform"}],"nm":"Group 1","np":2,"cix":2,"bm":0,"ix":1,"mn":"ADBE Vector Group","hd":false}],"ip":0,"op":145,"st":0,"bm":0},{"ddd":0,"ind":7,"ty":4,"nm":"base matte","parent":9,"td":1,"sr":1,"ks":{"o":{"a":0,"k":100,"ix":11},"r":{"a":0,"k":0,"ix":10},"p":{"a":0,"k":[-2,-3,0],"ix":2,"l":2},"a":{"a":0,"k":[0,0,0],"ix":1,"l":2},"s":{"a":0,"k":[100,100,100],"ix":6,"l":2}},"ao":0,"shapes":[{"ty":"gr","it":[{"ind":0,"ty":"sh","ix":1,"ks":{"a":0,"k":{"i":[[15.4,0],[0,38.4],[-27.9,0],[-10.6,-9.3],[0,-16.9],[11.5,-10.2]],"o":[[-27.9,0],[0,-38.4],[15.5,0],[11.5,10.2],[0,16.9],[-10.6,9.3]],"v":[[0,55.9],[-58,0],[0,-55.9],[40.4,-41.5],[58,0],[40.4,41.4]],"c":true},"ix":2},"nm":"Path 1","mn":"ADBE Vector Shape - Group","hd":false},{"ty":"gf","o":{"a":0,"k":100,"ix":10},"r":1,"bm":0,"g":{"p":5,"k":{"a":0,"k":[0.48,0.992,0.878,0.188,0.691,0.98,0.816,0.178,0.902,0.969,0.753,0.169,0.966,0.963,0.694,0.153,1,0.957,0.635,0.137],"ix":9}},"s":{"a":0,"k":[0,0],"ix":5},"e":{"a":0,"k":[56.225,0],"ix":6},"t":2,"h":{"a":0,"k":0,"ix":7},"a":{"a":0,"k":0,"ix":8},"nm":"Gradient Fill 1","mn":"ADBE Vector Graphic - G-Fill","hd":false},{"ty":"tr","p":{"a":0,"k":[0,0],"ix":2},"a":{"a":0,"k":[0,0],"ix":1},"s":{"a":0,"k":[100,100],"ix":3},"r":{"a":0,"k":0,"ix":6},"o":{"a":0,"k":100,"ix":7},"sk":{"a":0,"k":0,"ix":4},"sa":{"a":0,"k":0,"ix":5},"nm":"Transform"}],"nm":"Group 1","np":2,"cix":2,"bm":0,"ix":1,"mn":"ADBE Vector Group","hd":false}],"ip":0,"op":145,"st":0,"bm":0},{"ddd":0,"ind":8,"ty":4,"nm":"base shadow","parent":9,"tt":2,"sr":1,"ks":{"o":{"a":0,"k":100,"ix":11},"r":{"a":0,"k":0,"ix":10},"p":{"a":0,"k":[0,0,0],"ix":2,"l":2},"a":{"a":0,"k":[0,0,0],"ix":1,"l":2},"s":{"a":0,"k":[100,100,100],"ix":6,"l":2}},"ao":0,"shapes":[{"ty":"gr","it":[{"ind":0,"ty":"sh","ix":1,"ks":{"a":0,"k":{"i":[[15.4,0],[0,38.4],[-27.9,0],[-10.6,-9.3],[0,-16.9],[11.5,-10.2]],"o":[[-27.9,0],[0,-38.4],[15.5,0],[11.5,10.2],[0,16.9],[-10.6,9.3]],"v":[[0,55.9],[-58,0],[0,-55.9],[40.4,-41.5],[58,0],[40.4,41.4]],"c":true},"ix":2},"nm":"Path 1","mn":"ADBE Vector Shape - Group","hd":false},{"ty":"fl","c":{"a":0,"k":[0.921568627451,0.560784313725,0,1],"ix":4},"o":{"a":0,"k":100,"ix":5},"r":1,"bm":0,"nm":"Fill 1","mn":"ADBE Vector Graphic - Fill","hd":false},{"ty":"tr","p":{"a":0,"k":[0,0],"ix":2},"a":{"a":0,"k":[0,0],"ix":1},"s":{"a":0,"k":[100,100],"ix":3},"r":{"a":0,"k":0,"ix":6},"o":{"a":0,"k":100,"ix":7},"sk":{"a":0,"k":0,"ix":4},"sa":{"a":0,"k":0,"ix":5},"nm":"Transform"}],"nm":"Group 1","np":2,"cix":2,"bm":0,"ix":1,"mn":"ADBE Vector Group","hd":false}],"ip":0,"op":145,"st":0,"bm":0},{"ddd":0,"ind":9,"ty":4,"nm":"base normal","parent":1,"sr":1,"ks":{"o":{"a":0,"k":100,"ix":11},"r":{"a":0,"k":0,"ix":10},"p":{"a":0,"k":[0,0,0],"ix":2,"l":2},"a":{"a":0,"k":[0,0,0],"ix":1,"l":2},"s":{"a":0,"k":[800,800,100],"ix":6,"l":2}},"ao":0,"shapes":[{"ty":"gr","it":[{"ind":0,"ty":"sh","ix":1,"ks":{"a":0,"k":{"i":[[15.4,0],[0,38.4],[-27.9,0],[-10.6,-9.3],[0,-16.9],[11.5,-10.2]],"o":[[-27.9,0],[0,-38.4],[15.5,0],[11.5,10.2],[0,16.9],[-10.6,9.3]],"v":[[0,55.9],[-58,0],[0,-55.9],[40.4,-41.5],[58,0],[40.4,41.4]],"c":true},"ix":2},"nm":"Path 1","mn":"ADBE Vector Shape - Group","hd":false},{"ty":"gf","o":{"a":0,"k":100,"ix":10},"r":1,"bm":0,"g":{"p":5,"k":{"a":0,"k":[0.48,0.992,0.878,0.188,0.691,0.98,0.816,0.178,0.902,0.969,0.753,0.169,0.966,0.963,0.694,0.153,1,0.957,0.635,0.137],"ix":9}},"s":{"a":0,"k":[0,0],"ix":5},"e":{"a":0,"k":[56.225,0],"ix":6},"t":2,"h":{"a":0,"k":0,"ix":7},"a":{"a":0,"k":0,"ix":8},"nm":"Gradient Fill 1","mn":"ADBE Vector Graphic - G-Fill","hd":false},{"ty":"tr","p":{"a":0,"k":[0,0],"ix":2},"a":{"a":0,"k":[0,0],"ix":1},"s":{"a":0,"k":[100,100],"ix":3},"r":{"a":0,"k":0,"ix":6},"o":{"a":0,"k":100,"ix":7},"sk":{"a":0,"k":0,"ix":4},"sa":{"a":0,"k":0,"ix":5},"nm":"Transform"}],"nm":"Group 1","np":2,"cix":2,"bm":0,"ix":1,"mn":"ADBE Vector Group","hd":false}],"ip":0,"op":145,"st":0,"bm":0}],"markers":[{"tm":50,"cm":"","dr":0},{"tm":100,"cm":"","dr":0},{"tm":144,"cm":"rest","dr":0}]}