{"v":"5.8.1","fr":60,"ip":0,"op":232,"w":1024,"h":1024,"nm":"emoji_Face holding back tears","ddd":0,"assets":[],"layers":[{"ddd":0,"ind":1,"ty":3,"nm":"Null Face","parent":2,"sr":1,"ks":{"o":{"a":0,"k":100,"ix":11},"r":{"a":0,"k":0,"ix":10},"p":{"a":1,"k":[{"i":{"x":0.274,"y":1},"o":{"x":0.167,"y":0},"t":4,"s":[3,-60,0],"to":[0,-8,0],"ti":[0,8,0]},{"i":{"x":0.274,"y":0.274},"o":{"x":1,"y":1},"t":16,"s":[3,-108,0],"to":[0,0,0],"ti":[0,0,0]},{"i":{"x":0.833,"y":1},"o":{"x":1,"y":0},"t":30,"s":[3,-108,0],"to":[0,9.333,0],"ti":[0,-7.333,0]},{"i":{"x":0.833,"y":1},"o":{"x":0.167,"y":0},"t":66,"s":[3,-52,0],"to":[0,7.333,0],"ti":[0,1.333,0]},{"i":{"x":0.833,"y":1},"o":{"x":0.167,"y":0},"t":78,"s":[3,-64,0],"to":[0,-1.333,0],"ti":[0,-0.667,0]},{"i":{"x":0.833,"y":0.833},"o":{"x":0.167,"y":0.167},"t":86,"s":[3,-60,0],"to":[0,0,0],"ti":[0,0,0]},{"i":{"x":0.583,"y":1},"o":{"x":0.167,"y":0},"t":182,"s":[3,-60,0],"to":[0,0,0],"ti":[0,0,0]},{"i":{"x":0.833,"y":1},"o":{"x":0.417,"y":0},"t":194,"s":[3,-72,0],"to":[0,0,0],"ti":[0,0,0]},{"i":{"x":0.833,"y":1},"o":{"x":0.167,"y":0},"t":204,"s":[3,-56,0],"to":[0,0,0],"ti":[0,0.667,0]},{"i":{"x":0.833,"y":1},"o":{"x":0.167,"y":0},"t":214,"s":[3,-62,0],"to":[0,-0.667,0],"ti":[0,-0.333,0]},{"t":222,"s":[3,-60,0]}],"ix":2,"l":2},"a":{"a":0,"k":[512,512,0],"ix":1,"l":2},"s":{"a":0,"k":[100,100,100],"ix":6,"l":2}},"ao":0,"ip":0,"op":232,"st":0,"bm":0},{"ddd":0,"ind":2,"ty":3,"nm":"Null ALL","sr":1,"ks":{"o":{"a":0,"k":0,"ix":11},"r":{"a":0,"k":0,"ix":10},"p":{"s":true,"x":{"a":0,"k":509,"ix":3},"y":{"a":1,"k":[{"i":{"x":[0.833],"y":[1]},"o":{"x":[0.333],"y":[0]},"t":4,"s":[502]},{"i":{"x":[0.833],"y":[1]},"o":{"x":[0.167],"y":[0]},"t":16,"s":[486]},{"i":{"x":[0.667],"y":[1]},"o":{"x":[0.167],"y":[0]},"t":30,"s":[486]},{"i":{"x":[0.833],"y":[1]},"o":{"x":[0.167],"y":[0]},"t":68,"s":[510]},{"i":{"x":[0.758],"y":[1]},"o":{"x":[0.161],"y":[0]},"t":80,"s":[502]},{"i":{"x":[0.736],"y":[1]},"o":{"x":[0.398],"y":[0]},"t":176,"s":[502]},{"i":{"x":[0.833],"y":[1]},"o":{"x":[0.167],"y":[0]},"t":182,"s":[506]},{"i":{"x":[0.667],"y":[1]},"o":{"x":[0.167],"y":[0]},"t":194,"s":[492]},{"t":206,"s":[502]}],"ix":4}},"a":{"a":0,"k":[0,0,0],"ix":1,"l":2},"s":{"a":0,"k":[100,100,100],"ix":6,"l":2}},"ao":0,"ip":0,"op":232,"st":0,"bm":0},{"ddd":0,"ind":3,"ty":4,"nm":"eyebrows","parent":1,"sr":1,"ks":{"o":{"a":0,"k":100,"ix":11},"r":{"a":0,"k":0,"ix":10},"p":{"a":1,"k":[{"i":{"x":0.667,"y":1},"o":{"x":0.333,"y":0},"t":6,"s":[508.4,365.76,0],"to":[0,-5.333,0],"ti":[0,5.333,0]},{"i":{"x":0.667,"y":0.667},"o":{"x":1,"y":1},"t":16,"s":[508.4,333.76,0],"to":[0,0,0],"ti":[0,0,0]},{"i":{"x":0.667,"y":1},"o":{"x":1,"y":0},"t":44,"s":[508.4,333.76,0],"to":[0,6,0],"ti":[0,-5,0]},{"i":{"x":0.667,"y":1},"o":{"x":0.167,"y":0},"t":66,"s":[508.4,369.76,0],"to":[0,5,0],"ti":[0,0.667,0]},{"i":{"x":0.667,"y":1},"o":{"x":0.167,"y":0},"t":76,"s":[508.4,363.76,0],"to":[0,-0.667,0],"ti":[0,-0.333,0]},{"i":{"x":0.667,"y":0.667},"o":{"x":0.167,"y":0.167},"t":84,"s":[508.4,365.76,0],"to":[0,0,0],"ti":[0,0,0]},{"i":{"x":0.667,"y":1},"o":{"x":0.167,"y":0},"t":186,"s":[508.4,365.76,0],"to":[0,-2,0],"ti":[0,-0.667,0]},{"i":{"x":0.667,"y":1},"o":{"x":0.167,"y":0},"t":194,"s":[508.4,353.76,0],"to":[0,0.667,0],"ti":[0,-2,0]},{"i":{"x":0.667,"y":1},"o":{"x":0.167,"y":0},"t":204,"s":[508.4,369.76,0],"to":[0,2,0],"ti":[0,0.667,0]},{"t":212,"s":[508.4,365.76,0]}],"ix":2,"l":2},"a":{"a":0,"k":[307.85,53.05,0],"ix":1,"l":2},"s":{"a":0,"k":[100,100,100],"ix":6,"l":2}},"ao":0,"shapes":[{"ty":"gr","it":[{"ind":0,"ty":"sh","ix":1,"ks":{"a":0,"k":{"i":[[31.28,35.76],[6.64,-4.64],[-4.64,-6.64],[-11.84,-10.24],[-42.32,0.32],[17.6,3.2]],"o":[[-4.64,-6.64],[-6.64,4.64],[7.76,13.6],[31.2,28.56],[20,-0.8],[-46.88,-7.68]],"v":[[-55.68,-44.44],[-76.08,-48.04],[-79.68,-27.64],[-50.08,8.36],[64.32,52.36],[65.12,22.76]],"c":true},"ix":2},"nm":"Path 1","mn":"ADBE Vector Shape - Group","hd":false},{"ty":"fl","c":{"a":0,"k":[0.258999992819,0.169000004787,0.051000000449,1],"ix":4},"o":{"a":0,"k":100,"ix":5},"r":1,"bm":0,"nm":"Fill 1","mn":"ADBE Vector Graphic - Fill","hd":false},{"ty":"tr","p":{"a":0,"k":[531.13,52.93],"ix":2},"a":{"a":0,"k":[0,0],"ix":1},"s":{"a":0,"k":[100,100],"ix":3},"r":{"a":0,"k":0,"ix":6},"o":{"a":0,"k":100,"ix":7},"sk":{"a":0,"k":0,"ix":4},"sa":{"a":0,"k":0,"ix":5},"nm":"Transform"}],"nm":"Group 1","np":2,"cix":2,"bm":0,"ix":1,"mn":"ADBE Vector Group","hd":false},{"ty":"gr","it":[{"ind":0,"ty":"sh","ix":1,"ks":{"a":0,"k":{"i":[[46.32,-7.92],[-19.2,-0.8],[-31.04,28.8],[-7.76,13.6],[6.64,4.64],[4.64,-6.64],[0,0]],"o":[[-17.6,3.2],[42.4,0.56],[11.84,-10.24],[4.64,-6.64],[-6.64,-4.64],[0,0],[-31.36,35.04]],"v":[[-65.52,22.64],[-64.72,52.24],[49.68,8.24],[79.28,-27.76],[75.68,-48.16],[55.28,-44.56],[54.48,-43.76]],"c":true},"ix":2},"nm":"Path 1","mn":"ADBE Vector Shape - Group","hd":false},{"ty":"fl","c":{"a":0,"k":[0.258999992819,0.169000004787,0.051000000449,1],"ix":4},"o":{"a":0,"k":100,"ix":5},"r":1,"bm":0,"nm":"Fill 1","mn":"ADBE Vector Graphic - Fill","hd":false},{"ty":"tr","p":{"a":0,"k":[84.17,53.05],"ix":2},"a":{"a":0,"k":[0,0],"ix":1},"s":{"a":0,"k":[100,100],"ix":3},"r":{"a":0,"k":0,"ix":6},"o":{"a":0,"k":100,"ix":7},"sk":{"a":0,"k":0,"ix":4},"sa":{"a":0,"k":0,"ix":5},"nm":"Transform"}],"nm":"Group 2","np":2,"cix":2,"bm":0,"ix":2,"mn":"ADBE Vector Group","hd":false}],"ip":0,"op":232,"st":0,"bm":0},{"ddd":0,"ind":4,"ty":4,"nm":"glow","parent":1,"sr":1,"ks":{"o":{"a":0,"k":100,"ix":11},"r":{"a":0,"k":0,"ix":10},"p":{"a":0,"k":[309.542,534.097,0],"ix":2,"l":2},"a":{"a":0,"k":[77.267,70.842,0],"ix":1,"l":2},"s":{"a":1,"k":[{"i":{"x":[0.667,0.667,0.667],"y":[1,1,1]},"o":{"x":[0.333,0.333,0.333],"y":[0,0,0]},"t":0,"s":[100,100,100]},{"i":{"x":[0.667,0.667,0.667],"y":[1,1,1]},"o":{"x":[0.333,0.333,0.333],"y":[0,0,0]},"t":10.045,"s":[82,82,100]},{"i":{"x":[0.667,0.667,0.667],"y":[1,1,1]},"o":{"x":[0.333,0.333,0.333],"y":[0,0,0]},"t":20.09,"s":[102,102,100]},{"i":{"x":[0.667,0.667,0.667],"y":[1,1,1]},"o":{"x":[0.333,0.333,0.333],"y":[0,0,0]},"t":30.133,"s":[88,88,100]},{"i":{"x":[0.667,0.667,0.667],"y":[1,1,1]},"o":{"x":[0.333,0.333,0.333],"y":[0,0,0]},"t":40.178,"s":[100,100,100]},{"i":{"x":[0.667,0.667,0.667],"y":[1,1,1]},"o":{"x":[0.333,0.333,0.333],"y":[0,0,0]},"t":50.223,"s":[82,82,100]},{"i":{"x":[0.667,0.667,0.667],"y":[1,1,1]},"o":{"x":[0.333,0.333,0.333],"y":[0,0,0]},"t":60.268,"s":[107,107,100]},{"i":{"x":[0.667,0.667,0.667],"y":[1,1,1]},"o":{"x":[0.333,0.333,0.333],"y":[0,0,0]},"t":70.313,"s":[88,88,100]},{"i":{"x":[0.667,0.667,0.667],"y":[1,1,1]},"o":{"x":[0.333,0.333,0.333],"y":[0,0,0]},"t":80.357,"s":[100,100,100]},{"i":{"x":[0.667,0.667,0.667],"y":[1,1,1]},"o":{"x":[0.333,0.333,0.333],"y":[0,0,0]},"t":90.398,"s":[82,82,100]},{"i":{"x":[0.667,0.667,0.667],"y":[1,1,1]},"o":{"x":[0.333,0.333,0.333],"y":[0,0,0]},"t":100.443,"s":[102,102,100]},{"i":{"x":[0.667,0.667,0.667],"y":[1,1,1]},"o":{"x":[0.333,0.333,0.333],"y":[0,0,0]},"t":110.488,"s":[88,88,100]},{"i":{"x":[0.667,0.667,0.667],"y":[1,1,1]},"o":{"x":[0.333,0.333,0.333],"y":[0,0,0]},"t":120.533,"s":[100,100,100]},{"i":{"x":[0.667,0.667,0.667],"y":[1,1,1]},"o":{"x":[0.333,0.333,0.333],"y":[0,0,0]},"t":130.578,"s":[82,82,100]},{"i":{"x":[0.667,0.667,0.667],"y":[1,1,1]},"o":{"x":[0.333,0.333,0.333],"y":[0,0,0]},"t":140.623,"s":[107,107,100]},{"i":{"x":[0.667,0.667,0.667],"y":[1,1,1]},"o":{"x":[0.333,0.333,0.333],"y":[0,0,0]},"t":150.666,"s":[100,100,100]},{"i":{"x":[0.667,0.667,0.667],"y":[1,1,1]},"o":{"x":[0.333,0.333,0.333],"y":[0,0,0]},"t":160.711,"s":[82,82,100]},{"i":{"x":[0.667,0.667,0.667],"y":[1,1,1]},"o":{"x":[0.333,0.333,0.333],"y":[0,0,0]},"t":170.756,"s":[102,102,100]},{"i":{"x":[0.667,0.667,0.667],"y":[1,1,1]},"o":{"x":[0.333,0.333,0.333],"y":[0,0,0]},"t":180.801,"s":[88,88,100]},{"i":{"x":[0.667,0.667,0.667],"y":[1,1,1]},"o":{"x":[0.333,0.333,0.333],"y":[0,0,0]},"t":190.846,"s":[100,100,100]},{"i":{"x":[0.667,0.667,0.667],"y":[1,1,1]},"o":{"x":[0.333,0.333,0.333],"y":[0,0,0]},"t":200.889,"s":[82,82,100]},{"i":{"x":[0.667,0.667,0.667],"y":[1,1,1]},"o":{"x":[0.333,0.333,0.333],"y":[0,0,0]},"t":210.934,"s":[107,107,100]},{"i":{"x":[0.667,0.667,0.667],"y":[1,1,1]},"o":{"x":[0.333,0.333,0.333],"y":[0,0,0]},"t":220.979,"s":[88,88,100]},{"t":232,"s":[100,100,100]}],"ix":6,"l":2}},"ao":0,"shapes":[{"ty":"gr","it":[{"ind":0,"ty":"sh","ix":1,"ks":{"a":0,"k":{"i":[[-31.899,23.744],[-19.259,-25.873],[31.899,-23.743],[19.259,25.873]],"o":[[31.899,-23.743],[19.258,25.874],[-31.899,23.744],[-19.258,-25.874]],"v":[[-34.87,-46.849],[57.759,-42.992],[34.871,46.848],[-57.758,42.991]],"c":true},"ix":2},"nm":"Path 1","mn":"ADBE Vector Shape - Group","hd":false},{"ty":"fl","c":{"a":0,"k":[1,1,1,1],"ix":4},"o":{"a":0,"k":100,"ix":5},"r":1,"bm":0,"nm":"Fill 1","mn":"ADBE Vector Graphic - Fill","hd":false},{"ty":"tr","p":{"a":0,"k":[77.267,70.842],"ix":2},"a":{"a":0,"k":[0,0],"ix":1},"s":{"a":0,"k":[100,100],"ix":3},"r":{"a":0,"k":0,"ix":6},"o":{"a":0,"k":100,"ix":7},"sk":{"a":0,"k":0,"ix":4},"sa":{"a":0,"k":0,"ix":5},"nm":"Transform"}],"nm":"Group 1","np":2,"cix":2,"bm":0,"ix":1,"mn":"ADBE Vector Group","hd":false}],"ip":0,"op":232,"st":0,"bm":0},{"ddd":0,"ind":5,"ty":4,"nm":"glow","parent":1,"sr":1,"ks":{"o":{"a":0,"k":100,"ix":11},"r":{"a":0,"k":0,"ix":10},"p":{"a":0,"k":[384.996,618.967,0],"ix":2,"l":2},"a":{"a":0,"k":[22.998,22.341,0],"ix":1,"l":2},"s":{"a":1,"k":[{"i":{"x":[0.667,0.667,0.667],"y":[1,1,1]},"o":{"x":[0.333,0.333,0.333],"y":[0,0,0]},"t":0,"s":[100,100,100]},{"i":{"x":[0.667,0.667,0.667],"y":[1,1,1]},"o":{"x":[0.333,0.333,0.333],"y":[0,0,0]},"t":10.045,"s":[120,120,100]},{"i":{"x":[0.667,0.667,0.667],"y":[1,1,1]},"o":{"x":[0.333,0.333,0.333],"y":[0,0,0]},"t":20.09,"s":[94,94,100]},{"i":{"x":[0.667,0.667,0.667],"y":[1,1,1]},"o":{"x":[0.333,0.333,0.333],"y":[0,0,0]},"t":30.133,"s":[112,112,100]},{"i":{"x":[0.667,0.667,0.667],"y":[1,1,1]},"o":{"x":[0.333,0.333,0.333],"y":[0,0,0]},"t":40.178,"s":[94,94,100]},{"i":{"x":[0.667,0.667,0.667],"y":[1,1,1]},"o":{"x":[0.333,0.333,0.333],"y":[0,0,0]},"t":50.223,"s":[120,120,100]},{"i":{"x":[0.667,0.667,0.667],"y":[1,1,1]},"o":{"x":[0.333,0.333,0.333],"y":[0,0,0]},"t":60.268,"s":[94,94,100]},{"i":{"x":[0.667,0.667,0.667],"y":[1,1,1]},"o":{"x":[0.333,0.333,0.333],"y":[0,0,0]},"t":70.313,"s":[119,119,100]},{"i":{"x":[0.667,0.667,0.667],"y":[1,1,1]},"o":{"x":[0.333,0.333,0.333],"y":[0,0,0]},"t":80.357,"s":[100,100,100]},{"i":{"x":[0.667,0.667,0.667],"y":[1,1,1]},"o":{"x":[0.333,0.333,0.333],"y":[0,0,0]},"t":90.398,"s":[120,120,100]},{"i":{"x":[0.667,0.667,0.667],"y":[1,1,1]},"o":{"x":[0.333,0.333,0.333],"y":[0,0,0]},"t":100.443,"s":[94,94,100]},{"i":{"x":[0.667,0.667,0.667],"y":[1,1,1]},"o":{"x":[0.333,0.333,0.333],"y":[0,0,0]},"t":110.488,"s":[112,112,100]},{"i":{"x":[0.667,0.667,0.667],"y":[1,1,1]},"o":{"x":[0.333,0.333,0.333],"y":[0,0,0]},"t":120.533,"s":[100,100,100]},{"i":{"x":[0.667,0.667,0.667],"y":[1,1,1]},"o":{"x":[0.333,0.333,0.333],"y":[0,0,0]},"t":130.578,"s":[120,120,100]},{"i":{"x":[0.667,0.667,0.667],"y":[1,1,1]},"o":{"x":[0.333,0.333,0.333],"y":[0,0,0]},"t":140.623,"s":[94,94,100]},{"i":{"x":[0.667,0.667,0.667],"y":[1,1,1]},"o":{"x":[0.333,0.333,0.333],"y":[0,0,0]},"t":150.666,"s":[100,100,100]},{"i":{"x":[0.667,0.667,0.667],"y":[1,1,1]},"o":{"x":[0.333,0.333,0.333],"y":[0,0,0]},"t":160.711,"s":[120,120,100]},{"i":{"x":[0.667,0.667,0.667],"y":[1,1,1]},"o":{"x":[0.333,0.333,0.333],"y":[0,0,0]},"t":170.756,"s":[94,94,100]},{"i":{"x":[0.667,0.667,0.667],"y":[1,1,1]},"o":{"x":[0.333,0.333,0.333],"y":[0,0,0]},"t":180.801,"s":[112,112,100]},{"i":{"x":[0.667,0.667,0.667],"y":[1,1,1]},"o":{"x":[0.333,0.333,0.333],"y":[0,0,0]},"t":190.846,"s":[94,94,100]},{"i":{"x":[0.667,0.667,0.667],"y":[1,1,1]},"o":{"x":[0.333,0.333,0.333],"y":[0,0,0]},"t":200.889,"s":[120,120,100]},{"i":{"x":[0.667,0.667,0.667],"y":[1,1,1]},"o":{"x":[0.333,0.333,0.333],"y":[0,0,0]},"t":210.934,"s":[94,94,100]},{"i":{"x":[0.667,0.667,0.667],"y":[1,1,1]},"o":{"x":[0.333,0.333,0.333],"y":[0,0,0]},"t":220.979,"s":[119,119,100]},{"t":232,"s":[100,100,100]}],"ix":6,"l":2}},"ao":0,"shapes":[{"ty":"gr","it":[{"ind":0,"ty":"sh","ix":1,"ks":{"a":0,"k":{"i":[[-8.798,7.386],[-6.816,-8.121],[8.799,-7.385],[6.817,8.121]],"o":[[8.798,-7.386],[6.818,8.121],[-8.798,7.386],[-6.817,-8.122]],"v":[[-12.344,-14.705],[15.93,-13.372],[12.343,14.705],[-15.931,13.373]],"c":true},"ix":2},"nm":"Path 1","mn":"ADBE Vector Shape - Group","hd":false},{"ty":"fl","c":{"a":0,"k":[1,1,1,1],"ix":4},"o":{"a":0,"k":100,"ix":5},"r":1,"bm":0,"nm":"Fill 1","mn":"ADBE Vector Graphic - Fill","hd":false},{"ty":"tr","p":{"a":0,"k":[22.998,22.341],"ix":2},"a":{"a":0,"k":[0,0],"ix":1},"s":{"a":0,"k":[100,100],"ix":3},"r":{"a":0,"k":0,"ix":6},"o":{"a":0,"k":100,"ix":7},"sk":{"a":0,"k":0,"ix":4},"sa":{"a":0,"k":0,"ix":5},"nm":"Transform"}],"nm":"Group 1","np":2,"cix":2,"bm":0,"ix":1,"mn":"ADBE Vector Group","hd":false}],"ip":0,"op":232,"st":0,"bm":0},{"ddd":0,"ind":6,"ty":4,"nm":"glow","parent":1,"sr":1,"ks":{"o":{"a":0,"k":100,"ix":11},"r":{"a":0,"k":0,"ix":10},"p":{"a":0,"k":[653.631,534.153,0],"ix":2,"l":2},"a":{"a":0,"k":[77.267,70.841,0],"ix":1,"l":2},"s":{"a":1,"k":[{"i":{"x":[0.667,0.667,0.667],"y":[1,1,1]},"o":{"x":[0.333,0.333,0.333],"y":[0,0,0]},"t":-82,"s":[100,100,100]},{"i":{"x":[0.667,0.667,0.667],"y":[1,1,1]},"o":{"x":[0.333,0.333,0.333],"y":[0,0,0]},"t":-74,"s":[80,80,100]},{"i":{"x":[0.667,0.667,0.667],"y":[1,1,1]},"o":{"x":[0.333,0.333,0.333],"y":[0,0,0]},"t":-66,"s":[104,104,100]},{"i":{"x":[0.667,0.667,0.667],"y":[1,1,1]},"o":{"x":[0.333,0.333,0.333],"y":[0,0,0]},"t":-58,"s":[88,88,100]},{"i":{"x":[0.667,0.667,0.667],"y":[1,1,1]},"o":{"x":[0.333,0.333,0.333],"y":[0,0,0]},"t":-50,"s":[100,100,100]},{"i":{"x":[0.667,0.667,0.667],"y":[1,1,1]},"o":{"x":[0.333,0.333,0.333],"y":[0,0,0]},"t":-42,"s":[82,82,100]},{"i":{"x":[0.667,0.667,0.667],"y":[1,1,1]},"o":{"x":[0.333,0.333,0.333],"y":[0,0,0]},"t":-34,"s":[107,107,100]},{"i":{"x":[0.667,0.667,0.667],"y":[1,1,1]},"o":{"x":[0.333,0.333,0.333],"y":[0,0,0]},"t":-24,"s":[88,88,100]},{"i":{"x":[0.667,0.667,0.667],"y":[1,1,1]},"o":{"x":[0.333,0.333,0.333],"y":[0,0,0]},"t":-16,"s":[100,100,100]},{"i":{"x":[0.667,0.667,0.667],"y":[1,1,1]},"o":{"x":[0.333,0.333,0.333],"y":[0,0,0]},"t":-8,"s":[82,82,100]},{"i":{"x":[0.667,0.667,0.667],"y":[1,1,1]},"o":{"x":[0.333,0.333,0.333],"y":[0,0,0]},"t":0,"s":[102,102,100]},{"i":{"x":[0.667,0.667,0.667],"y":[1,1,1]},"o":{"x":[0.333,0.333,0.333],"y":[0,0,0]},"t":10.045,"s":[88,88,100]},{"i":{"x":[0.667,0.667,0.667],"y":[1,1,1]},"o":{"x":[0.333,0.333,0.333],"y":[0,0,0]},"t":20.09,"s":[100,100,100]},{"i":{"x":[0.667,0.667,0.667],"y":[1,1,1]},"o":{"x":[0.333,0.333,0.333],"y":[0,0,0]},"t":30.133,"s":[82,82,100]},{"i":{"x":[0.667,0.667,0.667],"y":[1,1,1]},"o":{"x":[0.333,0.333,0.333],"y":[0,0,0]},"t":40.178,"s":[107,107,100]},{"i":{"x":[0.667,0.667,0.667],"y":[1,1,1]},"o":{"x":[0.333,0.333,0.333],"y":[0,0,0]},"t":50.223,"s":[100,100,100]},{"i":{"x":[0.667,0.667,0.667],"y":[1,1,1]},"o":{"x":[0.333,0.333,0.333],"y":[0,0,0]},"t":60.268,"s":[80,80,100]},{"i":{"x":[0.667,0.667,0.667],"y":[1,1,1]},"o":{"x":[0.333,0.333,0.333],"y":[0,0,0]},"t":70.313,"s":[104,104,100]},{"i":{"x":[0.667,0.667,0.667],"y":[1,1,1]},"o":{"x":[0.333,0.333,0.333],"y":[0,0,0]},"t":80.357,"s":[88,88,100]},{"i":{"x":[0.667,0.667,0.667],"y":[1,1,1]},"o":{"x":[0.333,0.333,0.333],"y":[0,0,0]},"t":90.398,"s":[100,100,100]},{"i":{"x":[0.667,0.667,0.667],"y":[1,1,1]},"o":{"x":[0.333,0.333,0.333],"y":[0,0,0]},"t":100.443,"s":[82,82,100]},{"i":{"x":[0.667,0.667,0.667],"y":[1,1,1]},"o":{"x":[0.333,0.333,0.333],"y":[0,0,0]},"t":110.488,"s":[107,107,100]},{"i":{"x":[0.667,0.667,0.667],"y":[1,1,1]},"o":{"x":[0.333,0.333,0.333],"y":[0,0,0]},"t":123.045,"s":[88,88,100]},{"i":{"x":[0.667,0.667,0.667],"y":[1,1,1]},"o":{"x":[0.333,0.333,0.333],"y":[0,0,0]},"t":133.09,"s":[100,100,100]},{"i":{"x":[0.667,0.667,0.667],"y":[1,1,1]},"o":{"x":[0.333,0.333,0.333],"y":[0,0,0]},"t":143.133,"s":[82,82,100]},{"i":{"x":[0.667,0.667,0.667],"y":[1,1,1]},"o":{"x":[0.333,0.333,0.333],"y":[0,0,0]},"t":153.178,"s":[102,102,100]},{"i":{"x":[0.667,0.667,0.667],"y":[1,1,1]},"o":{"x":[0.333,0.333,0.333],"y":[0,0,0]},"t":163.223,"s":[88,88,100]},{"i":{"x":[0.667,0.667,0.667],"y":[1,1,1]},"o":{"x":[0.333,0.333,0.333],"y":[0,0,0]},"t":173.268,"s":[100,100,100]},{"i":{"x":[0.667,0.667,0.667],"y":[1,1,1]},"o":{"x":[0.333,0.333,0.333],"y":[0,0,0]},"t":183.313,"s":[82,82,100]},{"i":{"x":[0.667,0.667,0.667],"y":[1,1,1]},"o":{"x":[0.333,0.333,0.333],"y":[0,0,0]},"t":193.357,"s":[107,107,100]},{"i":{"x":[0.667,0.667,0.667],"y":[1,1,1]},"o":{"x":[0.333,0.333,0.333],"y":[0,0,0]},"t":203.4,"s":[100,100,100]},{"i":{"x":[0.667,0.667,0.667],"y":[1,1,1]},"o":{"x":[0.333,0.333,0.333],"y":[0,0,0]},"t":213.443,"s":[80,80,100]},{"i":{"x":[0.667,0.667,0.667],"y":[1,1,1]},"o":{"x":[0.333,0.333,0.333],"y":[0,0,0]},"t":223.488,"s":[104,104,100]},{"i":{"x":[0.667,0.667,0.667],"y":[1,1,1]},"o":{"x":[0.333,0.333,0.333],"y":[0,0,0]},"t":232,"s":[102,102,100]},{"i":{"x":[0.667,0.667,0.667],"y":[1,1,1]},"o":{"x":[0.333,0.333,0.333],"y":[0,0,0]},"t":268,"s":[82,82,100]},{"i":{"x":[0.667,0.667,0.667],"y":[1,1,1]},"o":{"x":[0.333,0.333,0.333],"y":[0,0,0]},"t":276,"s":[107,107,100]},{"i":{"x":[0.667,0.667,0.667],"y":[1,1,1]},"o":{"x":[0.333,0.333,0.333],"y":[0,0,0]},"t":284,"s":[100,100,100]},{"i":{"x":[0.667,0.667,0.667],"y":[1,1,1]},"o":{"x":[0.333,0.333,0.333],"y":[0,0,0]},"t":292,"s":[80,80,100]},{"i":{"x":[0.667,0.667,0.667],"y":[1,1,1]},"o":{"x":[0.333,0.333,0.333],"y":[0,0,0]},"t":300,"s":[104,104,100]},{"i":{"x":[0.667,0.667,0.667],"y":[1,1,1]},"o":{"x":[0.333,0.333,0.333],"y":[0,0,0]},"t":308,"s":[88,88,100]},{"i":{"x":[0.667,0.667,0.667],"y":[1,1,1]},"o":{"x":[0.333,0.333,0.333],"y":[0,0,0]},"t":316,"s":[100,100,100]},{"i":{"x":[0.667,0.667,0.667],"y":[1,1,1]},"o":{"x":[0.333,0.333,0.333],"y":[0,0,0]},"t":324,"s":[82,82,100]},{"i":{"x":[0.667,0.667,0.667],"y":[1,1,1]},"o":{"x":[0.333,0.333,0.333],"y":[0,0,0]},"t":332,"s":[107,107,100]},{"i":{"x":[0.667,0.667,0.667],"y":[1,1,1]},"o":{"x":[0.333,0.333,0.333],"y":[0,0,0]},"t":342,"s":[88,88,100]},{"i":{"x":[0.667,0.667,0.667],"y":[1,1,1]},"o":{"x":[0.333,0.333,0.333],"y":[0,0,0]},"t":350,"s":[100,100,100]},{"i":{"x":[0.667,0.667,0.667],"y":[1,1,1]},"o":{"x":[0.333,0.333,0.333],"y":[0,0,0]},"t":358,"s":[82,82,100]},{"i":{"x":[0.667,0.667,0.667],"y":[1,1,1]},"o":{"x":[0.333,0.333,0.333],"y":[0,0,0]},"t":366,"s":[102,102,100]},{"i":{"x":[0.667,0.667,0.667],"y":[1,1,1]},"o":{"x":[0.333,0.333,0.333],"y":[0,0,0]},"t":374,"s":[88,88,100]},{"i":{"x":[0.667,0.667,0.667],"y":[1,1,1]},"o":{"x":[0.333,0.333,0.333],"y":[0,0,0]},"t":382,"s":[100,100,100]},{"i":{"x":[0.667,0.667,0.667],"y":[1,1,1]},"o":{"x":[0.333,0.333,0.333],"y":[0,0,0]},"t":390,"s":[82,82,100]},{"i":{"x":[0.667,0.667,0.667],"y":[1,1,1]},"o":{"x":[0.333,0.333,0.333],"y":[0,0,0]},"t":398,"s":[107,107,100]},{"t":406,"s":[88,88,100]}],"ix":6,"l":2}},"ao":0,"shapes":[{"ty":"gr","it":[{"ind":0,"ty":"sh","ix":1,"ks":{"a":0,"k":{"i":[[-31.899,23.744],[-19.259,-25.873],[31.9,-23.743],[19.259,25.874]],"o":[[31.899,-23.743],[19.259,25.874],[-31.899,23.743],[-19.258,-25.874]],"v":[[-34.871,-46.849],[57.758,-42.991],[34.87,46.849],[-57.759,42.992]],"c":true},"ix":2},"nm":"Path 1","mn":"ADBE Vector Shape - Group","hd":false},{"ty":"fl","c":{"a":0,"k":[1,1,1,1],"ix":4},"o":{"a":0,"k":100,"ix":5},"r":1,"bm":0,"nm":"Fill 1","mn":"ADBE Vector Graphic - Fill","hd":false},{"ty":"tr","p":{"a":0,"k":[81.267,70.841],"ix":2},"a":{"a":0,"k":[0,0],"ix":1},"s":{"a":0,"k":[100,100],"ix":3},"r":{"a":0,"k":0,"ix":6},"o":{"a":0,"k":100,"ix":7},"sk":{"a":0,"k":0,"ix":4},"sa":{"a":0,"k":0,"ix":5},"nm":"Transform"}],"nm":"Group 1","np":2,"cix":2,"bm":0,"ix":1,"mn":"ADBE Vector Group","hd":false}],"ip":0,"op":232,"st":-82,"bm":0},{"ddd":0,"ind":7,"ty":4,"nm":"glow","parent":1,"sr":1,"ks":{"o":{"a":0,"k":100,"ix":11},"r":{"a":0,"k":0,"ix":10},"p":{"a":0,"k":[729.636,618.478,0],"ix":2,"l":2},"a":{"a":0,"k":[22.998,22.341,0],"ix":1,"l":2},"s":{"a":1,"k":[{"i":{"x":[0.667,0.667,0.667],"y":[1,1,1]},"o":{"x":[0.333,0.333,0.333],"y":[0,0,0]},"t":0,"s":[100,100,100]},{"i":{"x":[0.667,0.667,0.667],"y":[1,1,1]},"o":{"x":[0.333,0.333,0.333],"y":[0,0,0]},"t":10.045,"s":[120,120,100]},{"i":{"x":[0.667,0.667,0.667],"y":[1,1,1]},"o":{"x":[0.333,0.333,0.333],"y":[0,0,0]},"t":20.09,"s":[94,94,100]},{"i":{"x":[0.667,0.667,0.667],"y":[1,1,1]},"o":{"x":[0.333,0.333,0.333],"y":[0,0,0]},"t":30.133,"s":[112,112,100]},{"i":{"x":[0.667,0.667,0.667],"y":[1,1,1]},"o":{"x":[0.333,0.333,0.333],"y":[0,0,0]},"t":37.666,"s":[94,94,100]},{"i":{"x":[0.667,0.667,0.667],"y":[1,1,1]},"o":{"x":[0.333,0.333,0.333],"y":[0,0,0]},"t":47.711,"s":[120,120,100]},{"i":{"x":[0.667,0.667,0.667],"y":[1,1,1]},"o":{"x":[0.333,0.333,0.333],"y":[0,0,0]},"t":57.756,"s":[94,94,100]},{"i":{"x":[0.667,0.667,0.667],"y":[1,1,1]},"o":{"x":[0.333,0.333,0.333],"y":[0,0,0]},"t":67.801,"s":[119,119,100]},{"i":{"x":[0.667,0.667,0.667],"y":[1,1,1]},"o":{"x":[0.333,0.333,0.333],"y":[0,0,0]},"t":77.846,"s":[100,100,100]},{"i":{"x":[0.667,0.667,0.667],"y":[1,1,1]},"o":{"x":[0.333,0.333,0.333],"y":[0,0,0]},"t":87.889,"s":[120,120,100]},{"i":{"x":[0.667,0.667,0.667],"y":[1,1,1]},"o":{"x":[0.333,0.333,0.333],"y":[0,0,0]},"t":97.934,"s":[94,94,100]},{"i":{"x":[0.667,0.667,0.667],"y":[1,1,1]},"o":{"x":[0.333,0.333,0.333],"y":[0,0,0]},"t":107.979,"s":[112,112,100]},{"i":{"x":[0.667,0.667,0.667],"y":[1,1,1]},"o":{"x":[0.333,0.333,0.333],"y":[0,0,0]},"t":118.023,"s":[100,100,100]},{"i":{"x":[0.667,0.667,0.667],"y":[1,1,1]},"o":{"x":[0.333,0.333,0.333],"y":[0,0,0]},"t":128.066,"s":[120,120,100]},{"i":{"x":[0.667,0.667,0.667],"y":[1,1,1]},"o":{"x":[0.333,0.333,0.333],"y":[0,0,0]},"t":138.111,"s":[94,94,100]},{"i":{"x":[0.667,0.667,0.667],"y":[1,1,1]},"o":{"x":[0.333,0.333,0.333],"y":[0,0,0]},"t":148.154,"s":[100,100,100]},{"i":{"x":[0.667,0.667,0.667],"y":[1,1,1]},"o":{"x":[0.333,0.333,0.333],"y":[0,0,0]},"t":158.199,"s":[120,120,100]},{"i":{"x":[0.667,0.667,0.667],"y":[1,1,1]},"o":{"x":[0.333,0.333,0.333],"y":[0,0,0]},"t":168.244,"s":[94,94,100]},{"i":{"x":[0.667,0.667,0.667],"y":[1,1,1]},"o":{"x":[0.333,0.333,0.333],"y":[0,0,0]},"t":178.289,"s":[112,112,100]},{"i":{"x":[0.667,0.667,0.667],"y":[1,1,1]},"o":{"x":[0.333,0.333,0.333],"y":[0,0,0]},"t":185.822,"s":[94,94,100]},{"i":{"x":[0.667,0.667,0.667],"y":[1,1,1]},"o":{"x":[0.333,0.333,0.333],"y":[0,0,0]},"t":195.867,"s":[120,120,100]},{"i":{"x":[0.667,0.667,0.667],"y":[1,1,1]},"o":{"x":[0.333,0.333,0.333],"y":[0,0,0]},"t":205.91,"s":[94,94,100]},{"i":{"x":[0.667,0.667,0.667],"y":[1,1,1]},"o":{"x":[0.333,0.333,0.333],"y":[0,0,0]},"t":215.955,"s":[119,119,100]},{"i":{"x":[0.667,0.667,0.667],"y":[1,1,1]},"o":{"x":[0.333,0.333,0.333],"y":[0,0,0]},"t":226,"s":[100,100,100]},{"t":232,"s":[100,100,100]}],"ix":6,"l":2}},"ao":0,"shapes":[{"ty":"gr","it":[{"ind":0,"ty":"sh","ix":1,"ks":{"a":0,"k":{"i":[[-8.798,7.385],[-6.817,-8.122],[8.798,-7.385],[6.817,8.122]],"o":[[8.798,-7.386],[6.818,8.121],[-8.798,7.386],[-6.817,-8.121]],"v":[[-12.344,-14.705],[15.93,-13.372],[12.343,14.705],[-15.931,13.372]],"c":true},"ix":2},"nm":"Path 1","mn":"ADBE Vector Shape - Group","hd":false},{"ty":"fl","c":{"a":0,"k":[1,1,1,1],"ix":4},"o":{"a":0,"k":100,"ix":5},"r":1,"bm":0,"nm":"Fill 1","mn":"ADBE Vector Graphic - Fill","hd":false},{"ty":"tr","p":{"a":0,"k":[26.998,22.341],"ix":2},"a":{"a":0,"k":[0,0],"ix":1},"s":{"a":0,"k":[100,100],"ix":3},"r":{"a":0,"k":0,"ix":6},"o":{"a":0,"k":100,"ix":7},"sk":{"a":0,"k":0,"ix":4},"sa":{"a":0,"k":0,"ix":5},"nm":"Transform"}],"nm":"Group 1","np":2,"cix":2,"bm":0,"ix":1,"mn":"ADBE Vector Group","hd":false}],"ip":0,"op":232,"st":0,"bm":0},{"ddd":0,"ind":8,"ty":4,"nm":"EYES 3","parent":10,"td":1,"sr":1,"ks":{"o":{"a":0,"k":100,"ix":11},"r":{"a":0,"k":0,"ix":10},"p":{"a":0,"k":[129.29,126.37,0],"ix":2,"l":2},"a":{"a":0,"k":[129.29,126.37,0],"ix":1,"l":2},"s":{"a":0,"k":[100,100,100],"ix":6,"l":2}},"ao":0,"shapes":[{"ty":"gr","it":[{"ind":0,"ty":"sh","ix":1,"ks":{"a":0,"k":{"i":[[-68.042,0],[0,-68.042],[68.042,0],[0,68.041]],"o":[[68.042,0],[0,68.041],[-68.042,0],[0,-68.042]],"v":[[0,-123.2],[123.2,0.001],[0,123.2],[-123.2,0.001]],"c":true},"ix":2},"nm":"Path 1","mn":"ADBE Vector Shape - Group","hd":false},{"ty":"fl","c":{"a":0,"k":[0.258999992819,0.169000004787,0.051000000449,1],"ix":4},"o":{"a":0,"k":100,"ix":5},"r":1,"bm":0,"nm":"Fill 1","mn":"ADBE Vector Graphic - Fill","hd":false},{"ty":"tr","p":{"a":0,"k":[137.29,123.45],"ix":2},"a":{"a":0,"k":[0,0],"ix":1},"s":{"a":0,"k":[100,100],"ix":3},"r":{"a":0,"k":0,"ix":6},"o":{"a":0,"k":100,"ix":7},"sk":{"a":0,"k":0,"ix":4},"sa":{"a":0,"k":0,"ix":5},"nm":"Transform"}],"nm":"Group 3","np":2,"cix":2,"bm":0,"ix":1,"mn":"ADBE Vector Group","hd":false},{"ty":"gr","it":[{"ind":0,"ty":"sh","ix":1,"ks":{"a":0,"k":{"i":[[-76.56,0.08],[0.24,-76.64],[76.64,0.24],[-0.24,76.64]],"o":[[76.64,0.24],[-0.24,76.639],[-76.64,-0.24],[0.48,-76.56]],"v":[[0.4,-138.92],[138.8,0.28],[-0.4,138.68],[-138.8,-0.52]],"c":true},"ix":2},"nm":"Path 1","mn":"ADBE Vector Shape - Group","hd":false},{"ty":"fl","c":{"a":0,"k":[1,1,1,1],"ix":4},"o":{"a":0,"k":100,"ix":5},"r":1,"bm":0,"nm":"Fill 1","mn":"ADBE Vector Graphic - Fill","hd":false},{"ty":"tr","p":{"a":0,"k":[139.29,141.57],"ix":2},"a":{"a":0,"k":[0,0],"ix":1},"s":{"a":0,"k":[100,100],"ix":3},"r":{"a":0,"k":0,"ix":6},"o":{"a":0,"k":100,"ix":7},"sk":{"a":0,"k":0,"ix":4},"sa":{"a":0,"k":0,"ix":5},"nm":"Transform"}],"nm":"Group 4","np":2,"cix":2,"bm":0,"ix":2,"mn":"ADBE Vector Group","hd":false}],"ip":0,"op":232,"st":0,"bm":0},{"ddd":0,"ind":9,"ty":4,"nm":"tear","parent":1,"tt":1,"sr":1,"ks":{"o":{"a":0,"k":100,"ix":11},"r":{"a":1,"k":[{"i":{"x":[0.833],"y":[0.833]},"o":{"x":[0.167],"y":[0.167]},"t":0,"s":[49]},{"t":230,"s":[280]}],"ix":10},"p":{"a":1,"k":[{"i":{"x":0,"y":1},"o":{"x":0.167,"y":0.167},"t":6,"s":[335.816,504.433,0],"to":[0,-14.333,0],"ti":[0,14.333,0]},{"i":{"x":0.667,"y":0.667},"o":{"x":0.167,"y":0.167},"t":62,"s":[335.816,418.433,0],"to":[0,0,0],"ti":[0,0,0]},{"i":{"x":0.667,"y":1},"o":{"x":0.838,"y":0},"t":146,"s":[335.816,418.433,0],"to":[0,16.667,0],"ti":[0,-16.667,0]},{"t":230,"s":[335.816,518.433,0]}],"ix":2,"l":2},"a":{"a":0,"k":[340.879,340.372,0],"ix":1,"l":2},"s":{"a":0,"k":[100,100,100],"ix":6,"l":2}},"ao":0,"shapes":[{"ty":"gr","it":[{"ind":0,"ty":"sh","ix":1,"ks":{"a":0,"k":{"i":[[25.755,6.894],[13.024,-11.677],[12.55,2.537],[0,0],[8.211,-3.264],[10.49,9.159],[8.68,1.449],[1.826,0.24],[6.421,12.423],[15.141,2.587],[4.91,-26.023],[-26.078,-4.596],[-0.158,-0.028],[-2.261,-0.074],[-6.018,-11.946],[-23.896,9.76],[-9.794,-8.955],[-18.399,16.823],[-12.05,-2.61],[0,0],[-6.802,25.69]],"o":[[-16.518,-5.835],[-9.484,8.646],[0,0],[-8.653,-1.607],[-12.989,5.022],[-6.6,-5.875],[-1.798,-0.397],[-13.991,-0.354],[-6.83,-13.795],[-26.189,-3.966],[-4.596,26.079],[0.158,0.027],[2.206,0.389],[13.375,0.164],[10.646,23.484],[12.266,-5.069],[18.389,16.888],[8.826,-8.598],[0,0],[25.69,6.802],[6.802,-25.689]],"v":[[132.619,-35.373],[84.643,-25.875],[49.633,-16.203],[47.585,-16.563],[21.717,-14.056],[-16.416,-20.775],[-39.868,-31.976],[-45.383,-32.947],[-78.532,-53.654],[-113.5,-79.718],[-169.198,-40.224],[-130.257,15.377],[-129.863,15.446],[-123.162,16.141],[-91.542,35.847],[-29.664,60.398],[6.578,66.783],[71.551,66.86],[105.073,57.333],[108.145,57.875],[166.992,23.566]],"c":true},"ix":2},"nm":"Path 1","mn":"ADBE Vector Shape - Group","hd":false},{"ty":"fl","c":{"a":0,"k":[0.161000001197,0.713999968884,0.964999988032,1],"ix":4},"o":{"a":0,"k":100,"ix":5},"r":1,"bm":0,"nm":"Fill 1","mn":"ADBE Vector Graphic - Fill","hd":false},{"ty":"tr","p":{"a":0,"k":[302.117,596.81],"ix":2},"a":{"a":0,"k":[0,0],"ix":1},"s":{"a":0,"k":[100,100],"ix":3},"r":{"a":0,"k":0,"ix":6},"o":{"a":0,"k":100,"ix":7},"sk":{"a":0,"k":0,"ix":4},"sa":{"a":0,"k":0,"ix":5},"nm":"Transform"}],"nm":"Group 1","np":2,"cix":2,"bm":0,"ix":1,"mn":"ADBE Vector Group","hd":false},{"ty":"gr","it":[{"ind":0,"ty":"sh","ix":1,"ks":{"a":0,"k":{"i":[[21.177,-16.196],[-1.304,-17.444],[9.668,-8.395],[0,0],[2.425,-8.498],[13.657,-2.721],[6.444,-5.993],[1.304,-1.3],[13.76,2.493],[11.289,-10.416],[-17.62,-19.77],[-19.554,17.856],[-0.118,0.108],[-1.439,1.747],[-13.137,-2.522],[-6.849,24.888],[-13.073,2.295],[2.099,24.84],[-9.421,7.953],[0,0],[16.202,21.065]],"o":[[-14.703,9.525],[1.062,12.789],[0,0],[-6.553,5.875],[-3.947,13.355],[-8.682,1.644],[-1.414,1.181],[-8.818,10.868],[-15.097,-3.008],[-19.122,18.328],[17.855,19.554],[0.118,-0.108],[1.654,-1.51],[8.291,-10.496],[25.1,5.896],[3.47,-12.81],[24.599,-4.262],[-1.426,-12.241],[0,0],[21.065,-16.202],[-16.201,-21.065]],"v":[[60.886,-120.443],[39.134,-76.639],[25.431,-43.002],[23.895,-41.599],[10.098,-19.575],[-18.496,6.534],[-41.678,18.279],[-45.814,22.055],[-82.447,35.681],[-124.434,47.478],[-127.135,115.704],[-59.324,118.783],[-59.028,118.513],[-54.389,113.627],[-19.481,100.603],[37.728,66.563],[64.903,41.748],[104.611,-9.677],[117.52,-42.048],[119.824,-44.152],[128.553,-111.708]],"c":true},"ix":2},"nm":"Path 1","mn":"ADBE Vector Shape - Group","hd":false},{"ty":"fl","c":{"a":0,"k":[0.161000001197,0.713999968884,0.964999988032,1],"ix":4},"o":{"a":0,"k":100,"ix":5},"r":1,"bm":0,"nm":"Fill 1","mn":"ADBE Vector Graphic - Fill","hd":false},{"ty":"tr","p":{"a":0,"k":[510.838,526.286],"ix":2},"a":{"a":0,"k":[0,0],"ix":1},"s":{"a":0,"k":[100,100],"ix":3},"r":{"a":0,"k":0,"ix":6},"o":{"a":0,"k":100,"ix":7},"sk":{"a":0,"k":0,"ix":4},"sa":{"a":0,"k":0,"ix":5},"nm":"Transform"}],"nm":"Group 2","np":2,"cix":2,"bm":0,"ix":2,"mn":"ADBE Vector Group","hd":false},{"ty":"gr","it":[{"ind":0,"ty":"sh","ix":1,"ks":{"a":0,"k":{"i":[[-0.143,-26.661],[-14.699,-9.482],[-0.864,-12.775],[0,0],[-5.314,-7.06],[6.068,-12.534],[-0.891,-8.755],[-0.25,-1.826],[10.289,-9.471],[-1.498,-15.287],[-26.396,2.127],[2.445,26.367],[0.015,0.159],[0.526,2.201],[-9.935,8.957],[15.718,20.476],[-6.054,11.809],[21.079,13.31],[0.66,12.311],[0,0],[26.574,-0.216]],"o":[[-1.271,17.472],[10.84,6.869],[0,0],[0.734,8.77],[8.271,11.204],[-3.926,7.917],[0.091,1.839],[3.35,13.587],[-11.505,10.227],[3.083,26.307],[26.367,-2.445],[-0.015,-0.16],[-0.207,-2.23],[-3.37,-12.945],[19.844,-16.462],[-8.124,-10.494],[11.44,-22.192],[-10.623,-6.245],[0,0],[-0.214,-26.574],[-26.573,0.215]],"v":[[-74.814,-122.81],[-52.998,-79.038],[-34.435,-47.818],[-34.245,-45.747],[-25.001,-21.457],[-21.424,17.097],[-26.043,42.673],[-25.525,48.25],[-36.755,85.686],[-52.673,126.29],[0.112,169.6],[43.474,117.372],[43.437,116.974],[42.338,110.327],[53.007,74.628],[60.368,8.466],[56.969,-28.176],[39.906,-90.869],[21.875,-120.69],[32.836,-147.221],[-32.342,-225.4]],"c":true},"ix":2},"nm":"Path 1","mn":"ADBE Vector Shape - Group","hd":false},{"ty":"fl","c":{"a":0,"k":[0.161000001197,0.713999968884,0.964999988032,1],"ix":4},"o":{"a":0,"k":100,"ix":5},"r":1,"bm":0,"nm":"Fill 1","mn":"ADBE Vector Graphic - Fill","hd":false},{"ty":"tr","p":{"a":0,"k":[605.422,324.194],"ix":2},"a":{"a":0,"k":[0,0],"ix":1},"s":{"a":0,"k":[100,100],"ix":3},"r":{"a":0,"k":0,"ix":6},"o":{"a":0,"k":100,"ix":7},"sk":{"a":0,"k":0,"ix":4},"sa":{"a":0,"k":0,"ix":5},"nm":"Transform"}],"nm":"Group 3","np":2,"cix":2,"bm":0,"ix":3,"mn":"ADBE Vector Group","hd":false},{"ty":"gr","it":[{"ind":0,"ty":"sh","ix":1,"ks":{"a":0,"k":{"i":[[-19.939,-17.698],[-16.875,4.608],[-10.086,-7.888],[0,0],[-8.804,-0.758],[-5.278,-12.887],[-7.113,-5.183],[-1.525,-1.033],[-0.179,-13.983],[-12.379,-9.094],[-16.045,21.068],[21.259,15.788],[0.128,0.095],[1.989,1.078],[0.031,13.376],[25.738,1.974],[4.747,12.393],[23.984,-6.801],[9.604,7.731],[0,0],[17.586,-19.923]],"o":[[12.156,12.615],[12.351,-3.483],[0,0],[7.016,5.311],[13.862,1.327],[3.27,8.208],[1.429,1.161],[12.351,6.581],[-0.071,15.392],[21.64,15.274],[15.787,-21.258],[-0.128,-0.095],[-1.799,-1.336],[-11.885,-6.137],[0.999,-25.765],[-13.237,-0.962],[-8.878,-23.335],[-11.743,3.736],[0,0],[-19.923,-17.586],[-17.586,19.923]],"v":[[-130.775,-37.574],[-83.625,-24.58],[-47.991,-17.549],[-46.321,-16.308],[-22.069,-6.967],[9.017,16.119],[24.969,36.636],[29.465,39.975],[49.831,73.335],[69.423,112.299],[136.911,101.932],[126.993,34.778],[126.673,34.54],[120.991,30.919],[101.545,-0.862],[57.214,-50.525],[27.67,-72.466],[-30.388,-101.633],[-64.627,-108.127],[-67.132,-109.987],[-135.112,-105.666]],"c":true},"ix":2},"nm":"Path 1","mn":"ADBE Vector Shape - Group","hd":false},{"ty":"fl","c":{"a":0,"k":[0.161000001197,0.713999968884,0.964999988032,1],"ix":4},"o":{"a":0,"k":100,"ix":5},"r":1,"bm":0,"nm":"Fill 1","mn":"ADBE Vector Graphic - Fill","hd":false},{"ty":"tr","p":{"a":0,"k":[482.082,135.322],"ix":2},"a":{"a":0,"k":[0,0],"ix":1},"s":{"a":0,"k":[100,100],"ix":3},"r":{"a":0,"k":0,"ix":6},"o":{"a":0,"k":100,"ix":7},"sk":{"a":0,"k":0,"ix":4},"sa":{"a":0,"k":0,"ix":5},"nm":"Transform"}],"nm":"Group 4","np":2,"cix":2,"bm":0,"ix":4,"mn":"ADBE Vector Group","hd":false},{"ty":"gr","it":[{"ind":0,"ty":"sh","ix":1,"ks":{"a":0,"k":{"i":[[-26.133,5.281],[-6.471,16.252],[-12.369,3.311],[0,0],[-5.902,6.576],[-13.468,-3.538],[-8.419,2.564],[-1.742,0.597],[-11.277,-8.27],[-14.711,4.418],[7.177,25.49],[25.401,-7.484],[0.154,-0.044],[2.058,-0.94],[10.704,8.022],[17.06,-19.372],[12.756,3.664],[8.995,-23.251],[11.953,-3.021],[0,0],[-5.335,-26.033]],"o":[[17.389,-2.121],[4.649,-11.961],[0,0],[8.464,-2.41],[9.399,-10.275],[8.525,2.325],[1.787,-0.443],[12.688,-5.906],[12.253,9.317],[25.22,-8.098],[-7.484,-25.401],[-0.154,0.045],[-2.148,0.634],[-12.051,5.803],[-19.981,-16.297],[-8.731,9.995],[-23.981,-6.945],[-4.081,11.627],[0,0],[-26.033,5.335],[5.335,26.034]],"v":[[-108.657,87.255],[-69.913,57.408],[-42.859,33.174],[-40.864,32.586],[-18.812,18.833],[18.329,7.89],[44.316,7.489],[49.687,5.906],[88.587,9.707],[131.498,17.497],[163.817,-42.649],[104.208,-75.126],[103.824,-75.014],[97.514,-72.654],[60.429,-76.239],[-5.911,-70.703],[-41.211,-60.303],[-99.436,-31.471],[-125.222,-8.028],[-128.215,-7.146],[-165.659,49.756]],"c":true},"ix":2},"nm":"Path 1","mn":"ADBE Vector Shape - Group","hd":false},{"ty":"fl","c":{"a":0,"k":[0.161000001197,0.713999968884,0.964999988032,1],"ix":4},"o":{"a":0,"k":100,"ix":5},"r":1,"bm":0,"nm":"Fill 1","mn":"ADBE Vector Graphic - Fill","hd":false},{"ty":"tr","p":{"a":0,"k":[268.191,92.786],"ix":2},"a":{"a":0,"k":[0,0],"ix":1},"s":{"a":0,"k":[100,100],"ix":3},"r":{"a":0,"k":0,"ix":6},"o":{"a":0,"k":100,"ix":7},"sk":{"a":0,"k":0,"ix":4},"sa":{"a":0,"k":0,"ix":5},"nm":"Transform"}],"nm":"Group 5","np":2,"cix":2,"bm":0,"ix":5,"mn":"ADBE Vector Group","hd":false},{"ty":"gr","it":[{"ind":0,"ty":"sh","ix":1,"ks":{"a":0,"k":{"i":[[-12.259,23.676],[8.611,15.226],[-5.17,11.714],[0,0],[1.426,8.72],[-11.197,8.28],[-3.277,8.167],[-0.627,1.731],[-13.511,3.606],[-5.775,14.233],[24.363,10.379],[10.083,-24.485],[0.061,-0.148],[0.557,-2.194],[12.958,-3.315],[-4.407,-25.434],[10.848,-7.645],[-12.483,-21.579],[5.136,-11.209],[0,0],[-23.632,-12.156]],"o":[[9.243,-14.882],[-6.409,-11.118],[0,0],[3.425,-8.107],[-2.119,-13.764],[7.154,-5.187],[0.774,-1.671],[3.347,-13.59],[14.939,-3.711],[9.491,-24.729],[-24.485,-10.083],[-0.061,0.148],[-0.853,2.071],[-3.029,13.027],[-25.221,5.36],[2.318,13.068],[-20.44,14.337],[6.505,10.465],[0,0],[-12.154,23.632],[23.632,12.154]],"v":[[-3.186,135.375],[-2.171,86.478],[-4.105,50.209],[-3.314,48.286],[-0.214,22.482],[14.531,-13.321],[30.502,-33.824],[32.633,-39.002],[59.971,-66.937],[92.929,-95.499],[66.305,-158.374],[3.645,-132.268],[3.492,-131.898],[1.377,-125.501],[-24.654,-98.846],[-61.91,-43.676],[-75.923,-9.648],[-89.938,53.795],[-87.824,88.58],[-89.012,91.465],[-68.128,156.303]],"c":true},"ix":2},"nm":"Path 1","mn":"ADBE Vector Shape - Group","hd":false},{"ty":"fl","c":{"a":0,"k":[0.161000001197,0.713999968884,0.964999988032,1],"ix":4},"o":{"a":0,"k":100,"ix":5},"r":1,"bm":0,"nm":"Fill 1","mn":"ADBE Vector Graphic - Fill","hd":false},{"ty":"tr","p":{"a":0,"k":[102.671,244.874],"ix":2},"a":{"a":0,"k":[0,0],"ix":1},"s":{"a":0,"k":[100,100],"ix":3},"r":{"a":0,"k":0,"ix":6},"o":{"a":0,"k":100,"ix":7},"sk":{"a":0,"k":0,"ix":4},"sa":{"a":0,"k":0,"ix":5},"nm":"Transform"}],"nm":"Group 6","np":2,"cix":2,"bm":0,"ix":6,"mn":"ADBE Vector Group","hd":false},{"ty":"gr","it":[{"ind":0,"ty":"sh","ix":1,"ks":{"a":0,"k":{"i":[[11.537,24.035],[17.343,2.282],[6.247,11.177],[0,0],[7.824,4.106],[-0.121,13.924],[4.553,7.531],[1.007,1.543],[-5.247,12.963],[7.895,13.175],[22.947,-13.217],[-13.492,-22.784],[-0.082,-0.138],[-1.416,-1.764],[5.148,-12.346],[-22.969,-11.78],[0.419,-13.264],[-24.748,-3.01],[-5.865,-10.845],[0,0],[-23.926,11.565]],"o":[[-6.327,-16.336],[-12.737,-1.568],[0,0],[-4.415,-7.612],[-12.269,-6.587],[0.161,-8.835],[-0.869,-1.624],[-8.841,-10.848],[6.023,-14.166],[-14.044,-22.459],[-22.785,13.493],[0.082,0.138],[1.141,1.927],[8.585,10.258],[-10.891,23.371],[11.833,6.009],[-0.843,24.953],[12.273,1.099],[0,0],[11.565,23.925],[23.926,-11.566]],"v":[[105.821,84.706],[67.373,54.478],[37.237,34.205],[36.177,32.415],[17.429,14.416],[-2.301,-18.899],[-9.071,-43.992],[-11.925,-48.811],[-17.794,-87.452],[-20.781,-130.962],[-87.022,-147.52],[-103.866,-81.761],[-103.661,-81.416],[-99.825,-75.879],[-94.192,-39.049],[-72.533,23.9],[-53.782,55.564],[-11.534,104.926],[17.524,124.164],[19.114,126.849],[83.47,149.172]],"c":true},"ix":2},"nm":"Path 1","mn":"ADBE Vector Shape - Group","hd":false},{"ty":"fl","c":{"a":0,"k":[0.161000001197,0.713999968884,0.964999988032,1],"ix":4},"o":{"a":0,"k":100,"ix":5},"r":1,"bm":0,"nm":"Fill 1","mn":"ADBE Vector Graphic - Fill","hd":false},{"ty":"tr","p":{"a":0,"k":[120.534,461.233],"ix":2},"a":{"a":0,"k":[0,0],"ix":1},"s":{"a":0,"k":[100,100],"ix":3},"r":{"a":0,"k":0,"ix":6},"o":{"a":0,"k":100,"ix":7},"sk":{"a":0,"k":0,"ix":4},"sa":{"a":0,"k":0,"ix":5},"nm":"Transform"}],"nm":"Group 7","np":2,"cix":2,"bm":0,"ix":7,"mn":"ADBE Vector Group","hd":false}],"ip":0,"op":232,"st":0,"bm":0},{"ddd":0,"ind":10,"ty":4,"nm":"EYES","parent":1,"sr":1,"ks":{"o":{"a":0,"k":100,"ix":11},"r":{"a":0,"k":0,"ix":10},"p":{"a":0,"k":[333.6,575.32,0],"ix":2,"l":2},"a":{"a":0,"k":[129.29,126.37,0],"ix":1,"l":2},"s":{"a":1,"k":[{"i":{"x":[0.667,0.667,0.667],"y":[1,1,1]},"o":{"x":[0.333,0.333,0.333],"y":[0,0,0]},"t":0,"s":[100,100,100]},{"i":{"x":[0.667,0.667,0.667],"y":[1,1,1]},"o":{"x":[0.333,0.333,0.333],"y":[0,0,0]},"t":6.223,"s":[100,102,100]},{"i":{"x":[0.667,0.667,0.667],"y":[1,1,1]},"o":{"x":[0.333,0.333,0.333],"y":[0,0,0]},"t":12.445,"s":[100,100,100]},{"i":{"x":[0.667,0.667,0.667],"y":[1,1,1]},"o":{"x":[0.333,0.333,0.333],"y":[0,0,0]},"t":18.666,"s":[100,102,100]},{"i":{"x":[0.667,0.667,0.667],"y":[1,1,1]},"o":{"x":[0.333,0.333,0.333],"y":[0,0,0]},"t":24.889,"s":[100,100,100]},{"i":{"x":[0.667,0.667,0.667],"y":[1,1,1]},"o":{"x":[0.333,0.333,0.333],"y":[0,0,0]},"t":31.111,"s":[100,102,100]},{"i":{"x":[0.667,0.667,0.667],"y":[1,1,1]},"o":{"x":[0.333,0.333,0.333],"y":[0,0,0]},"t":37.334,"s":[100,100,100]},{"i":{"x":[0.667,0.667,0.667],"y":[1,1,1]},"o":{"x":[0.333,0.333,0.333],"y":[0,0,0]},"t":43.555,"s":[100,100,100]},{"i":{"x":[0.667,0.667,0.667],"y":[1,1,1]},"o":{"x":[0.333,0.333,0.333],"y":[0,0,0]},"t":49.777,"s":[100,102,100]},{"i":{"x":[0.667,0.667,0.667],"y":[1,1,1]},"o":{"x":[0.333,0.333,0.333],"y":[0,0,0]},"t":56,"s":[100,100,100]},{"i":{"x":[0.667,0.667,0.667],"y":[1,1,1]},"o":{"x":[0.333,0.333,0.333],"y":[0,0,0]},"t":62.223,"s":[100,102,100]},{"i":{"x":[0.667,0.667,0.667],"y":[1,1,1]},"o":{"x":[0.333,0.333,0.333],"y":[0,0,0]},"t":68.445,"s":[100,100,100]},{"i":{"x":[0.667,0.667,0.667],"y":[1,1,1]},"o":{"x":[0.333,0.333,0.333],"y":[0,0,0]},"t":74.666,"s":[100,102,100]},{"i":{"x":[0.667,0.667,0.667],"y":[1,1,1]},"o":{"x":[0.333,0.333,0.333],"y":[0,0,0]},"t":80.889,"s":[100,100,100]},{"i":{"x":[0.667,0.667,0.667],"y":[1,1,1]},"o":{"x":[0.333,0.333,0.333],"y":[0,0,0]},"t":87.111,"s":[100,100,100]},{"i":{"x":[0.667,0.667,0.667],"y":[1,1,1]},"o":{"x":[0.333,0.333,0.333],"y":[0,0,0]},"t":93.334,"s":[100,102,100]},{"i":{"x":[0.667,0.667,0.667],"y":[1,1,1]},"o":{"x":[0.333,0.333,0.333],"y":[0,0,0]},"t":99.555,"s":[100,100,100]},{"i":{"x":[0.667,0.667,0.667],"y":[1,1,1]},"o":{"x":[0.333,0.333,0.333],"y":[0,0,0]},"t":105.777,"s":[100,102,100]},{"i":{"x":[0.667,0.667,0.667],"y":[1,1,1]},"o":{"x":[0.333,0.333,0.333],"y":[0,0,0]},"t":112,"s":[100,100,100]},{"i":{"x":[0.667,0.667,0.667],"y":[1,1,1]},"o":{"x":[0.333,0.333,0.333],"y":[0,0,0]},"t":118.223,"s":[100,102,100]},{"i":{"x":[0.667,0.667,0.667],"y":[1,1,1]},"o":{"x":[0.333,0.333,0.333],"y":[0,0,0]},"t":124.445,"s":[100,100,100]},{"i":{"x":[0.667,0.667,0.667],"y":[1,1,1]},"o":{"x":[0.333,0.333,0.333],"y":[0,0,0]},"t":130.666,"s":[100,100,100]},{"i":{"x":[0.667,0.667,0.667],"y":[1,1,1]},"o":{"x":[0.333,0.333,0.333],"y":[0,0,0]},"t":136.889,"s":[100,102,100]},{"i":{"x":[0.667,0.667,0.667],"y":[1,1,1]},"o":{"x":[0.333,0.333,0.333],"y":[0,0,0]},"t":143.111,"s":[100,100,100]},{"i":{"x":[0.667,0.667,0.667],"y":[1,1,1]},"o":{"x":[0.333,0.333,0.333],"y":[0,0,0]},"t":149.334,"s":[100,102,100]},{"i":{"x":[0.667,0.667,0.667],"y":[1,1,1]},"o":{"x":[0.333,0.333,0.333],"y":[0,0,0]},"t":155.555,"s":[100,100,100]},{"i":{"x":[0.667,0.667,0.667],"y":[1,1,1]},"o":{"x":[0.333,0.333,0.333],"y":[0,0,0]},"t":161.777,"s":[100,102,100]},{"i":{"x":[0.667,0.667,0.667],"y":[1,1,1]},"o":{"x":[0.333,0.333,0.333],"y":[0,0,0]},"t":168,"s":[100,100,100]},{"i":{"x":[0.667,0.667,0.667],"y":[1,1,1]},"o":{"x":[0.333,0.333,0.333],"y":[0,0,0]},"t":174.223,"s":[100,100,100]},{"i":{"x":[0.667,0.667,0.667],"y":[1,1,1]},"o":{"x":[0.333,0.333,0.333],"y":[0,0,0]},"t":180.445,"s":[100,102,100]},{"i":{"x":[0.667,0.667,0.667],"y":[1,1,1]},"o":{"x":[0.333,0.333,0.333],"y":[0,0,0]},"t":186.666,"s":[100,100,100]},{"i":{"x":[0.667,0.667,0.667],"y":[1,1,1]},"o":{"x":[0.333,0.333,0.333],"y":[0,0,0]},"t":192.889,"s":[100,102,100]},{"i":{"x":[0.667,0.667,0.667],"y":[1,1,1]},"o":{"x":[0.333,0.333,0.333],"y":[0,0,0]},"t":199.111,"s":[100,100,100]},{"i":{"x":[0.667,0.667,0.667],"y":[1,1,1]},"o":{"x":[0.333,0.333,0.333],"y":[0,0,0]},"t":205.334,"s":[100,102,100]},{"i":{"x":[0.667,0.667,0.667],"y":[1,1,1]},"o":{"x":[0.333,0.333,0.333],"y":[0,0,0]},"t":211.555,"s":[100,100,100]},{"i":{"x":[0.667,0.667,0.667],"y":[1,1,1]},"o":{"x":[0.333,0.333,0.333],"y":[0,0,0]},"t":217.777,"s":[100,100,100]},{"i":{"x":[0.667,0.667,0.667],"y":[1,1,1]},"o":{"x":[0.333,0.333,0.333],"y":[0,0,0]},"t":224,"s":[100,102,100]},{"i":{"x":[0.667,0.667,0.667],"y":[1,1,1]},"o":{"x":[0.333,0.333,0.333],"y":[0,0,0]},"t":230,"s":[100,100,100]},{"i":{"x":[0.667,0.667,0.667],"y":[1,1,1]},"o":{"x":[0.333,0.333,0.333],"y":[0,0,0]},"t":234,"s":[100,100,100]},{"i":{"x":[0.667,0.667,0.667],"y":[1,1,1]},"o":{"x":[0.333,0.333,0.333],"y":[0,0,0]},"t":240,"s":[100,102,100]},{"i":{"x":[0.667,0.667,0.667],"y":[1,1,1]},"o":{"x":[0.333,0.333,0.333],"y":[0,0,0]},"t":246,"s":[100,100,100]},{"t":252,"s":[100,102,100]}],"ix":6,"l":2}},"ao":0,"shapes":[{"ty":"gr","it":[{"ind":0,"ty":"sh","ix":1,"ks":{"a":0,"k":{"i":[[-68.042,0],[0,-68.042],[68.042,0],[0,68.041]],"o":[[68.042,0],[0,68.041],[-68.042,0],[0,-68.042]],"v":[[0,-123.2],[123.2,0.001],[0,123.2],[-123.2,0.001]],"c":true},"ix":2},"nm":"Path 1","mn":"ADBE Vector Shape - Group","hd":false},{"ty":"fl","c":{"a":0,"k":[0.258999992819,0.169000004787,0.051000000449,1],"ix":4},"o":{"a":0,"k":100,"ix":5},"r":1,"bm":0,"nm":"Fill 1","mn":"ADBE Vector Graphic - Fill","hd":false},{"ty":"tr","p":{"a":0,"k":[137.29,123.45],"ix":2},"a":{"a":0,"k":[0,0],"ix":1},"s":{"a":0,"k":[100,100],"ix":3},"r":{"a":0,"k":0,"ix":6},"o":{"a":0,"k":100,"ix":7},"sk":{"a":0,"k":0,"ix":4},"sa":{"a":0,"k":0,"ix":5},"nm":"Transform"}],"nm":"Group 3","np":2,"cix":2,"bm":0,"ix":1,"mn":"ADBE Vector Group","hd":false},{"ty":"gr","it":[{"ind":0,"ty":"sh","ix":1,"ks":{"a":0,"k":{"i":[[-76.56,0.08],[0.24,-76.64],[76.64,0.24],[-0.24,76.64]],"o":[[76.64,0.24],[-0.24,76.639],[-76.64,-0.24],[0.48,-76.56]],"v":[[0.4,-138.92],[138.8,0.28],[-0.4,138.68],[-138.8,-0.52]],"c":true},"ix":2},"nm":"Path 1","mn":"ADBE Vector Shape - Group","hd":false},{"ty":"fl","c":{"a":0,"k":[1,1,1,1],"ix":4},"o":{"a":0,"k":100,"ix":5},"r":1,"bm":0,"nm":"Fill 1","mn":"ADBE Vector Graphic - Fill","hd":false},{"ty":"tr","p":{"a":0,"k":[139.29,141.57],"ix":2},"a":{"a":0,"k":[0,0],"ix":1},"s":{"a":0,"k":[100,100],"ix":3},"r":{"a":0,"k":0,"ix":6},"o":{"a":0,"k":100,"ix":7},"sk":{"a":0,"k":0,"ix":4},"sa":{"a":0,"k":0,"ix":5},"nm":"Transform"}],"nm":"Group 4","np":2,"cix":2,"bm":0,"ix":2,"mn":"ADBE Vector Group","hd":false}],"ip":0,"op":232,"st":0,"bm":0},{"ddd":0,"ind":11,"ty":4,"nm":"EYES 4","parent":13,"td":1,"sr":1,"ks":{"o":{"a":0,"k":100,"ix":11},"r":{"a":0,"k":0,"ix":10},"p":{"a":0,"k":[311.29,140.37,0],"ix":2,"l":2},"a":{"a":0,"k":[311.29,140.37,0],"ix":1,"l":2},"s":{"a":0,"k":[100,100,100],"ix":6,"l":2}},"ao":0,"shapes":[{"ty":"gr","it":[{"ind":0,"ty":"sh","ix":1,"ks":{"a":0,"k":{"i":[[-68.041,0],[0,-68.042],[68.042,0],[0,68.041]],"o":[[68.042,0],[0,68.041],[-68.041,0],[0,-68.042]],"v":[[0,-123.2],[123.199,0.001],[0,123.2],[-123.199,0.001]],"c":true},"ix":2},"nm":"Path 1","mn":"ADBE Vector Shape - Group","hd":false},{"ty":"fl","c":{"a":0,"k":[0.258999992819,0.169000004787,0.051000000449,1],"ix":4},"o":{"a":0,"k":100,"ix":5},"r":1,"bm":0,"nm":"Fill 1","mn":"ADBE Vector Graphic - Fill","hd":false},{"ty":"tr","p":{"a":0,"k":[481.29,123.45],"ix":2},"a":{"a":0,"k":[0,0],"ix":1},"s":{"a":0,"k":[100,100],"ix":3},"r":{"a":0,"k":0,"ix":6},"o":{"a":0,"k":100,"ix":7},"sk":{"a":0,"k":0,"ix":4},"sa":{"a":0,"k":0,"ix":5},"nm":"Transform"}],"nm":"Group 1","np":2,"cix":2,"bm":0,"ix":1,"mn":"ADBE Vector Group","hd":false},{"ty":"gr","it":[{"ind":0,"ty":"sh","ix":1,"ks":{"a":0,"k":{"i":[[-76.56,0.08],[0.24,-76.64],[76.64,0.24],[-0.24,76.64]],"o":[[76.64,0.24],[-0.24,76.64],[-76.64,-0.24],[0.48,-76.56]],"v":[[0.4,-138.92],[138.8,0.28],[-0.4,138.68],[-138.8,-0.52]],"c":true},"ix":2},"nm":"Path 1","mn":"ADBE Vector Shape - Group","hd":false},{"ty":"fl","c":{"a":0,"k":[1,1,1,1],"ix":4},"o":{"a":0,"k":100,"ix":5},"r":1,"bm":0,"nm":"Fill 1","mn":"ADBE Vector Graphic - Fill","hd":false},{"ty":"tr","p":{"a":0,"k":[483.29,141.57],"ix":2},"a":{"a":0,"k":[0,0],"ix":1},"s":{"a":0,"k":[100,100],"ix":3},"r":{"a":0,"k":0,"ix":6},"o":{"a":0,"k":100,"ix":7},"sk":{"a":0,"k":0,"ix":4},"sa":{"a":0,"k":0,"ix":5},"nm":"Transform"}],"nm":"Group 2","np":2,"cix":2,"bm":0,"ix":2,"mn":"ADBE Vector Group","hd":false}],"ip":0,"op":232,"st":0,"bm":0},{"ddd":0,"ind":12,"ty":4,"nm":"tear","parent":1,"tt":1,"sr":1,"ks":{"o":{"a":0,"k":100,"ix":11},"r":{"a":1,"k":[{"i":{"x":[0.833],"y":[0.833]},"o":{"x":[0.167],"y":[0.167]},"t":0,"s":[49]},{"t":230,"s":[280]}],"ix":10},"p":{"a":1,"k":[{"i":{"x":0,"y":1},"o":{"x":0.167,"y":0.167},"t":2,"s":[675.816,504.433,0],"to":[0,-14.333,0],"ti":[0,14.333,0]},{"i":{"x":0.667,"y":0.667},"o":{"x":0.167,"y":0.167},"t":58,"s":[675.816,418.433,0],"to":[0,0,0],"ti":[0,0,0]},{"i":{"x":0.667,"y":1},"o":{"x":0.838,"y":0},"t":146,"s":[675.816,418.433,0],"to":[0,16.667,0],"ti":[0,-16.667,0]},{"t":230,"s":[675.816,518.433,0]}],"ix":2,"l":2},"a":{"a":0,"k":[340.879,340.372,0],"ix":1,"l":2},"s":{"a":0,"k":[100,100,100],"ix":6,"l":2}},"ao":0,"shapes":[{"ty":"gr","it":[{"ind":0,"ty":"sh","ix":1,"ks":{"a":0,"k":{"i":[[25.755,6.894],[13.024,-11.677],[12.55,2.537],[0,0],[8.211,-3.264],[10.49,9.159],[8.68,1.449],[1.826,0.24],[6.421,12.423],[15.141,2.587],[4.91,-26.023],[-26.078,-4.596],[-0.158,-0.028],[-2.261,-0.074],[-6.018,-11.946],[-23.896,9.76],[-9.794,-8.955],[-18.399,16.823],[-12.05,-2.61],[0,0],[-6.802,25.69]],"o":[[-16.518,-5.835],[-9.484,8.646],[0,0],[-8.653,-1.607],[-12.989,5.022],[-6.6,-5.875],[-1.798,-0.397],[-13.991,-0.354],[-6.83,-13.795],[-26.189,-3.966],[-4.596,26.079],[0.158,0.027],[2.206,0.389],[13.375,0.164],[10.646,23.484],[12.266,-5.069],[18.389,16.888],[8.826,-8.598],[0,0],[25.69,6.802],[6.802,-25.689]],"v":[[132.619,-35.373],[84.643,-25.875],[49.633,-16.203],[47.585,-16.563],[21.717,-14.056],[-16.416,-20.775],[-39.868,-31.976],[-45.383,-32.947],[-78.532,-53.654],[-113.5,-79.718],[-169.198,-40.224],[-130.257,15.377],[-129.863,15.446],[-123.162,16.141],[-91.542,35.847],[-29.664,60.398],[6.578,66.783],[71.551,66.86],[105.073,57.333],[108.145,57.875],[166.992,23.566]],"c":true},"ix":2},"nm":"Path 1","mn":"ADBE Vector Shape - Group","hd":false},{"ty":"fl","c":{"a":0,"k":[0.161000001197,0.713999968884,0.964999988032,1],"ix":4},"o":{"a":0,"k":100,"ix":5},"r":1,"bm":0,"nm":"Fill 1","mn":"ADBE Vector Graphic - Fill","hd":false},{"ty":"tr","p":{"a":0,"k":[302.117,596.81],"ix":2},"a":{"a":0,"k":[0,0],"ix":1},"s":{"a":0,"k":[100,100],"ix":3},"r":{"a":0,"k":0,"ix":6},"o":{"a":0,"k":100,"ix":7},"sk":{"a":0,"k":0,"ix":4},"sa":{"a":0,"k":0,"ix":5},"nm":"Transform"}],"nm":"Group 1","np":2,"cix":2,"bm":0,"ix":1,"mn":"ADBE Vector Group","hd":false},{"ty":"gr","it":[{"ind":0,"ty":"sh","ix":1,"ks":{"a":0,"k":{"i":[[21.177,-16.196],[-1.304,-17.444],[9.668,-8.395],[0,0],[2.425,-8.498],[13.657,-2.721],[6.444,-5.993],[1.304,-1.3],[13.76,2.493],[11.289,-10.416],[-17.62,-19.77],[-19.554,17.856],[-0.118,0.108],[-1.439,1.747],[-13.137,-2.522],[-6.849,24.888],[-13.073,2.295],[2.099,24.84],[-9.421,7.953],[0,0],[16.202,21.065]],"o":[[-14.703,9.525],[1.062,12.789],[0,0],[-6.553,5.875],[-3.947,13.355],[-8.682,1.644],[-1.414,1.181],[-8.818,10.868],[-15.097,-3.008],[-19.122,18.328],[17.855,19.554],[0.118,-0.108],[1.654,-1.51],[8.291,-10.496],[25.1,5.896],[3.47,-12.81],[24.599,-4.262],[-1.426,-12.241],[0,0],[21.065,-16.202],[-16.201,-21.065]],"v":[[60.886,-120.443],[39.134,-76.639],[25.431,-43.002],[23.895,-41.599],[10.098,-19.575],[-18.496,6.534],[-41.678,18.279],[-45.814,22.055],[-82.447,35.681],[-124.434,47.478],[-127.135,115.704],[-59.324,118.783],[-59.028,118.513],[-54.389,113.627],[-19.481,100.603],[37.728,66.563],[64.903,41.748],[104.611,-9.677],[117.52,-42.048],[119.824,-44.152],[128.553,-111.708]],"c":true},"ix":2},"nm":"Path 1","mn":"ADBE Vector Shape - Group","hd":false},{"ty":"fl","c":{"a":0,"k":[0.161000001197,0.713999968884,0.964999988032,1],"ix":4},"o":{"a":0,"k":100,"ix":5},"r":1,"bm":0,"nm":"Fill 1","mn":"ADBE Vector Graphic - Fill","hd":false},{"ty":"tr","p":{"a":0,"k":[510.838,526.286],"ix":2},"a":{"a":0,"k":[0,0],"ix":1},"s":{"a":0,"k":[100,100],"ix":3},"r":{"a":0,"k":0,"ix":6},"o":{"a":0,"k":100,"ix":7},"sk":{"a":0,"k":0,"ix":4},"sa":{"a":0,"k":0,"ix":5},"nm":"Transform"}],"nm":"Group 2","np":2,"cix":2,"bm":0,"ix":2,"mn":"ADBE Vector Group","hd":false},{"ty":"gr","it":[{"ind":0,"ty":"sh","ix":1,"ks":{"a":0,"k":{"i":[[-0.143,-26.661],[-14.699,-9.482],[-0.864,-12.775],[0,0],[-5.314,-7.06],[6.068,-12.534],[-0.891,-8.755],[-0.25,-1.826],[10.289,-9.471],[-1.498,-15.287],[-26.396,2.127],[2.445,26.367],[0.015,0.159],[0.526,2.201],[-9.935,8.957],[15.718,20.476],[-6.054,11.809],[21.079,13.31],[0.66,12.311],[0,0],[26.574,-0.216]],"o":[[-1.271,17.472],[10.84,6.869],[0,0],[0.734,8.77],[8.271,11.204],[-3.926,7.917],[0.091,1.839],[3.35,13.587],[-11.505,10.227],[3.083,26.307],[26.367,-2.445],[-0.015,-0.16],[-0.207,-2.23],[-3.37,-12.945],[19.844,-16.462],[-8.124,-10.494],[11.44,-22.192],[-10.623,-6.245],[0,0],[-0.214,-26.574],[-26.573,0.215]],"v":[[-74.814,-122.81],[-52.998,-79.038],[-34.435,-47.818],[-34.245,-45.747],[-25.001,-21.457],[-21.424,17.097],[-26.043,42.673],[-25.525,48.25],[-36.755,85.686],[-52.673,126.29],[0.112,169.6],[43.474,117.372],[43.437,116.974],[42.338,110.327],[53.007,74.628],[60.368,8.466],[56.969,-28.176],[39.906,-90.869],[21.875,-120.69],[21.586,-123.797],[-27.029,-171.511]],"c":true},"ix":2},"nm":"Path 1","mn":"ADBE Vector Shape - Group","hd":false},{"ty":"fl","c":{"a":0,"k":[0.161000001197,0.713999968884,0.964999988032,1],"ix":4},"o":{"a":0,"k":100,"ix":5},"r":1,"bm":0,"nm":"Fill 1","mn":"ADBE Vector Graphic - Fill","hd":false},{"ty":"tr","p":{"a":0,"k":[605.422,324.194],"ix":2},"a":{"a":0,"k":[0,0],"ix":1},"s":{"a":0,"k":[100,100],"ix":3},"r":{"a":0,"k":0,"ix":6},"o":{"a":0,"k":100,"ix":7},"sk":{"a":0,"k":0,"ix":4},"sa":{"a":0,"k":0,"ix":5},"nm":"Transform"}],"nm":"Group 3","np":2,"cix":2,"bm":0,"ix":3,"mn":"ADBE Vector Group","hd":false},{"ty":"gr","it":[{"ind":0,"ty":"sh","ix":1,"ks":{"a":0,"k":{"i":[[-19.939,-17.698],[-16.875,4.608],[-10.086,-7.888],[0,0],[-8.804,-0.758],[-5.278,-12.887],[-7.113,-5.183],[-1.525,-1.033],[-0.179,-13.983],[-12.379,-9.094],[-16.045,21.068],[21.259,15.788],[0.128,0.095],[1.989,1.078],[0.031,13.376],[25.738,1.974],[4.747,12.393],[23.984,-6.801],[9.604,7.731],[0,0],[17.586,-19.923]],"o":[[12.156,12.615],[12.351,-3.483],[0,0],[7.016,5.311],[13.862,1.327],[3.27,8.208],[1.429,1.161],[12.351,6.581],[-0.071,15.392],[21.64,15.274],[15.787,-21.258],[-0.128,-0.095],[-1.799,-1.336],[-11.885,-6.137],[0.999,-25.765],[-13.237,-0.962],[-8.878,-23.335],[-11.743,3.736],[0,0],[-19.923,-17.586],[-17.586,19.923]],"v":[[-130.775,-37.574],[-83.625,-24.58],[-47.991,-17.549],[-46.321,-16.308],[-22.069,-6.967],[9.017,16.119],[24.969,36.636],[29.465,39.975],[49.831,73.335],[69.423,112.299],[136.911,101.932],[126.993,34.778],[126.673,34.54],[165.403,33.893],[146.299,7.933],[57.214,-50.525],[27.67,-72.466],[-30.388,-101.633],[-64.627,-108.127],[-67.132,-109.987],[-135.112,-105.666]],"c":true},"ix":2},"nm":"Path 1","mn":"ADBE Vector Shape - Group","hd":false},{"ty":"fl","c":{"a":0,"k":[0.161000001197,0.713999968884,0.964999988032,1],"ix":4},"o":{"a":0,"k":100,"ix":5},"r":1,"bm":0,"nm":"Fill 1","mn":"ADBE Vector Graphic - Fill","hd":false},{"ty":"tr","p":{"a":0,"k":[482.082,135.322],"ix":2},"a":{"a":0,"k":[0,0],"ix":1},"s":{"a":0,"k":[100,100],"ix":3},"r":{"a":0,"k":0,"ix":6},"o":{"a":0,"k":100,"ix":7},"sk":{"a":0,"k":0,"ix":4},"sa":{"a":0,"k":0,"ix":5},"nm":"Transform"}],"nm":"Group 4","np":2,"cix":2,"bm":0,"ix":4,"mn":"ADBE Vector Group","hd":false},{"ty":"gr","it":[{"ind":0,"ty":"sh","ix":1,"ks":{"a":0,"k":{"i":[[-26.133,5.281],[-6.471,16.252],[-12.369,3.311],[0,0],[-5.902,6.576],[-13.468,-3.538],[-8.419,2.564],[-1.742,0.597],[-11.277,-8.27],[-14.711,4.418],[7.177,25.49],[25.401,-7.484],[0.154,-0.044],[2.058,-0.94],[10.704,8.022],[17.06,-19.372],[12.756,3.664],[8.995,-23.251],[11.953,-3.021],[0,0],[-5.335,-26.033]],"o":[[17.389,-2.121],[4.649,-11.961],[0,0],[8.464,-2.41],[9.399,-10.275],[8.525,2.325],[1.787,-0.443],[12.688,-5.906],[12.253,9.317],[25.22,-8.098],[-7.484,-25.401],[-0.154,0.045],[-2.148,0.634],[-12.051,5.803],[-19.981,-16.297],[-8.731,9.995],[-23.981,-6.945],[-4.081,11.627],[0,0],[-26.033,5.335],[5.335,26.034]],"v":[[-108.657,87.255],[-69.913,57.408],[-42.859,33.174],[-40.864,32.586],[-18.812,18.833],[18.329,7.89],[44.316,7.489],[49.687,5.906],[88.587,9.707],[131.498,17.497],[163.817,-42.649],[104.208,-75.126],[103.824,-75.014],[97.514,-72.654],[60.429,-76.239],[-5.911,-70.703],[-41.211,-60.303],[-99.436,-31.471],[-125.222,-8.028],[-128.215,-7.146],[-165.659,49.756]],"c":true},"ix":2},"nm":"Path 1","mn":"ADBE Vector Shape - Group","hd":false},{"ty":"fl","c":{"a":0,"k":[0.161000001197,0.713999968884,0.964999988032,1],"ix":4},"o":{"a":0,"k":100,"ix":5},"r":1,"bm":0,"nm":"Fill 1","mn":"ADBE Vector Graphic - Fill","hd":false},{"ty":"tr","p":{"a":0,"k":[268.191,92.786],"ix":2},"a":{"a":0,"k":[0,0],"ix":1},"s":{"a":0,"k":[100,100],"ix":3},"r":{"a":0,"k":0,"ix":6},"o":{"a":0,"k":100,"ix":7},"sk":{"a":0,"k":0,"ix":4},"sa":{"a":0,"k":0,"ix":5},"nm":"Transform"}],"nm":"Group 5","np":2,"cix":2,"bm":0,"ix":5,"mn":"ADBE Vector Group","hd":false},{"ty":"gr","it":[{"ind":0,"ty":"sh","ix":1,"ks":{"a":0,"k":{"i":[[-12.259,23.676],[8.611,15.226],[-5.17,11.714],[0,0],[1.426,8.72],[-11.197,8.28],[-3.277,8.167],[-0.627,1.731],[-13.511,3.606],[-5.775,14.233],[24.363,10.379],[10.083,-24.485],[0.061,-0.148],[0.557,-2.194],[12.958,-3.315],[-4.407,-25.434],[10.848,-7.645],[-12.483,-21.579],[5.136,-11.209],[0,0],[-23.632,-12.156]],"o":[[9.243,-14.882],[-6.409,-11.118],[0,0],[3.425,-8.107],[-2.119,-13.764],[7.154,-5.187],[0.774,-1.671],[3.347,-13.59],[14.939,-3.711],[9.491,-24.729],[-24.485,-10.083],[-0.061,0.148],[-0.853,2.071],[-3.029,13.027],[-25.221,5.36],[2.318,13.068],[-20.44,14.337],[6.505,10.465],[0,0],[-12.154,23.632],[23.632,12.154]],"v":[[-3.186,135.375],[-2.171,86.478],[-4.105,50.209],[-3.314,48.286],[-0.214,22.482],[14.531,-13.321],[30.502,-33.824],[32.633,-39.002],[59.971,-66.937],[92.929,-95.499],[66.305,-158.374],[3.645,-132.268],[3.492,-131.898],[1.377,-125.501],[-24.654,-98.846],[-61.91,-43.676],[-75.923,-9.648],[-89.938,53.795],[-87.824,88.58],[-89.012,91.465],[-68.128,156.303]],"c":true},"ix":2},"nm":"Path 1","mn":"ADBE Vector Shape - Group","hd":false},{"ty":"fl","c":{"a":0,"k":[0.161000001197,0.713999968884,0.964999988032,1],"ix":4},"o":{"a":0,"k":100,"ix":5},"r":1,"bm":0,"nm":"Fill 1","mn":"ADBE Vector Graphic - Fill","hd":false},{"ty":"tr","p":{"a":0,"k":[102.671,244.874],"ix":2},"a":{"a":0,"k":[0,0],"ix":1},"s":{"a":0,"k":[100,100],"ix":3},"r":{"a":0,"k":0,"ix":6},"o":{"a":0,"k":100,"ix":7},"sk":{"a":0,"k":0,"ix":4},"sa":{"a":0,"k":0,"ix":5},"nm":"Transform"}],"nm":"Group 6","np":2,"cix":2,"bm":0,"ix":6,"mn":"ADBE Vector Group","hd":false},{"ty":"gr","it":[{"ind":0,"ty":"sh","ix":1,"ks":{"a":0,"k":{"i":[[11.537,24.035],[17.343,2.282],[6.247,11.177],[0,0],[7.824,4.106],[-0.121,13.924],[4.553,7.531],[1.007,1.543],[-5.247,12.963],[7.895,13.175],[22.947,-13.217],[-13.492,-22.784],[-0.082,-0.138],[-1.416,-1.764],[5.148,-12.346],[-22.969,-11.78],[0.419,-13.264],[-24.748,-3.01],[-5.865,-10.845],[0,0],[-23.926,11.565]],"o":[[-6.327,-16.336],[-12.737,-1.568],[0,0],[-4.415,-7.612],[-12.269,-6.587],[0.161,-8.835],[-0.869,-1.624],[-8.841,-10.848],[6.023,-14.166],[-14.044,-22.459],[-22.785,13.493],[0.082,0.138],[1.141,1.927],[8.585,10.258],[-10.891,23.371],[11.833,6.009],[-0.843,24.953],[12.273,1.099],[0,0],[11.565,23.925],[23.926,-11.566]],"v":[[105.821,84.706],[67.373,54.478],[37.237,34.205],[36.177,32.415],[17.429,14.416],[-2.301,-18.899],[-9.071,-43.992],[-11.925,-48.811],[-17.794,-87.452],[-20.781,-130.962],[-87.022,-147.52],[-103.866,-81.761],[-103.661,-81.416],[-99.825,-75.879],[-94.192,-39.049],[-72.533,23.9],[-53.782,55.564],[-11.534,104.926],[17.524,124.164],[19.114,126.849],[83.47,149.172]],"c":true},"ix":2},"nm":"Path 1","mn":"ADBE Vector Shape - Group","hd":false},{"ty":"fl","c":{"a":0,"k":[0.161000001197,0.713999968884,0.964999988032,1],"ix":4},"o":{"a":0,"k":100,"ix":5},"r":1,"bm":0,"nm":"Fill 1","mn":"ADBE Vector Graphic - Fill","hd":false},{"ty":"tr","p":{"a":0,"k":[120.534,461.233],"ix":2},"a":{"a":0,"k":[0,0],"ix":1},"s":{"a":0,"k":[100,100],"ix":3},"r":{"a":0,"k":0,"ix":6},"o":{"a":0,"k":100,"ix":7},"sk":{"a":0,"k":0,"ix":4},"sa":{"a":0,"k":0,"ix":5},"nm":"Transform"}],"nm":"Group 7","np":2,"cix":2,"bm":0,"ix":7,"mn":"ADBE Vector Group","hd":false}],"ip":0,"op":238,"st":0,"bm":0},{"ddd":0,"ind":13,"ty":4,"nm":"EYES 2","parent":1,"sr":1,"ks":{"o":{"a":0,"k":100,"ix":11},"r":{"a":0,"k":0,"ix":10},"p":{"a":0,"k":[515.6,589.32,0],"ix":2,"l":2},"a":{"a":0,"k":[311.29,140.37,0],"ix":1,"l":2},"s":{"a":1,"k":[{"i":{"x":[0.667,0.667,0.667],"y":[1,1,1]},"o":{"x":[0.333,0.333,0.333],"y":[0,0,0]},"t":0,"s":[100,100,100]},{"i":{"x":[0.667,0.667,0.667],"y":[1,1,1]},"o":{"x":[0.333,0.333,0.333],"y":[0,0,0]},"t":6.223,"s":[100,102,100]},{"i":{"x":[0.667,0.667,0.667],"y":[1,1,1]},"o":{"x":[0.333,0.333,0.333],"y":[0,0,0]},"t":12.445,"s":[100,100,100]},{"i":{"x":[0.667,0.667,0.667],"y":[1,1,1]},"o":{"x":[0.333,0.333,0.333],"y":[0,0,0]},"t":18.666,"s":[100,102,100]},{"i":{"x":[0.667,0.667,0.667],"y":[1,1,1]},"o":{"x":[0.333,0.333,0.333],"y":[0,0,0]},"t":24.889,"s":[100,100,100]},{"i":{"x":[0.667,0.667,0.667],"y":[1,1,1]},"o":{"x":[0.333,0.333,0.333],"y":[0,0,0]},"t":31.111,"s":[100,102,100]},{"i":{"x":[0.667,0.667,0.667],"y":[1,1,1]},"o":{"x":[0.333,0.333,0.333],"y":[0,0,0]},"t":37.334,"s":[100,100,100]},{"i":{"x":[0.667,0.667,0.667],"y":[1,1,1]},"o":{"x":[0.333,0.333,0.333],"y":[0,0,0]},"t":43.555,"s":[100,100,100]},{"i":{"x":[0.667,0.667,0.667],"y":[1,1,1]},"o":{"x":[0.333,0.333,0.333],"y":[0,0,0]},"t":49.777,"s":[100,102,100]},{"i":{"x":[0.667,0.667,0.667],"y":[1,1,1]},"o":{"x":[0.333,0.333,0.333],"y":[0,0,0]},"t":56,"s":[100,100,100]},{"i":{"x":[0.667,0.667,0.667],"y":[1,1,1]},"o":{"x":[0.333,0.333,0.333],"y":[0,0,0]},"t":62.223,"s":[100,102,100]},{"i":{"x":[0.667,0.667,0.667],"y":[1,1,1]},"o":{"x":[0.333,0.333,0.333],"y":[0,0,0]},"t":68.445,"s":[100,100,100]},{"i":{"x":[0.667,0.667,0.667],"y":[1,1,1]},"o":{"x":[0.333,0.333,0.333],"y":[0,0,0]},"t":74.666,"s":[100,102,100]},{"i":{"x":[0.667,0.667,0.667],"y":[1,1,1]},"o":{"x":[0.333,0.333,0.333],"y":[0,0,0]},"t":80.889,"s":[100,100,100]},{"i":{"x":[0.667,0.667,0.667],"y":[1,1,1]},"o":{"x":[0.333,0.333,0.333],"y":[0,0,0]},"t":87.111,"s":[100,100,100]},{"i":{"x":[0.667,0.667,0.667],"y":[1,1,1]},"o":{"x":[0.333,0.333,0.333],"y":[0,0,0]},"t":93.334,"s":[100,102,100]},{"i":{"x":[0.667,0.667,0.667],"y":[1,1,1]},"o":{"x":[0.333,0.333,0.333],"y":[0,0,0]},"t":99.555,"s":[100,100,100]},{"i":{"x":[0.667,0.667,0.667],"y":[1,1,1]},"o":{"x":[0.333,0.333,0.333],"y":[0,0,0]},"t":105.777,"s":[100,102,100]},{"i":{"x":[0.667,0.667,0.667],"y":[1,1,1]},"o":{"x":[0.333,0.333,0.333],"y":[0,0,0]},"t":112,"s":[100,100,100]},{"i":{"x":[0.667,0.667,0.667],"y":[1,1,1]},"o":{"x":[0.333,0.333,0.333],"y":[0,0,0]},"t":118.223,"s":[100,102,100]},{"i":{"x":[0.667,0.667,0.667],"y":[1,1,1]},"o":{"x":[0.333,0.333,0.333],"y":[0,0,0]},"t":124.445,"s":[100,100,100]},{"i":{"x":[0.667,0.667,0.667],"y":[1,1,1]},"o":{"x":[0.333,0.333,0.333],"y":[0,0,0]},"t":130.666,"s":[100,100,100]},{"i":{"x":[0.667,0.667,0.667],"y":[1,1,1]},"o":{"x":[0.333,0.333,0.333],"y":[0,0,0]},"t":136.889,"s":[100,102,100]},{"i":{"x":[0.667,0.667,0.667],"y":[1,1,1]},"o":{"x":[0.333,0.333,0.333],"y":[0,0,0]},"t":143.111,"s":[100,100,100]},{"i":{"x":[0.667,0.667,0.667],"y":[1,1,1]},"o":{"x":[0.333,0.333,0.333],"y":[0,0,0]},"t":149.334,"s":[100,102,100]},{"i":{"x":[0.667,0.667,0.667],"y":[1,1,1]},"o":{"x":[0.333,0.333,0.333],"y":[0,0,0]},"t":155.555,"s":[100,100,100]},{"i":{"x":[0.667,0.667,0.667],"y":[1,1,1]},"o":{"x":[0.333,0.333,0.333],"y":[0,0,0]},"t":161.777,"s":[100,102,100]},{"i":{"x":[0.667,0.667,0.667],"y":[1,1,1]},"o":{"x":[0.333,0.333,0.333],"y":[0,0,0]},"t":168,"s":[100,100,100]},{"i":{"x":[0.667,0.667,0.667],"y":[1,1,1]},"o":{"x":[0.333,0.333,0.333],"y":[0,0,0]},"t":174.223,"s":[100,100,100]},{"i":{"x":[0.667,0.667,0.667],"y":[1,1,1]},"o":{"x":[0.333,0.333,0.333],"y":[0,0,0]},"t":180.445,"s":[100,102,100]},{"i":{"x":[0.667,0.667,0.667],"y":[1,1,1]},"o":{"x":[0.333,0.333,0.333],"y":[0,0,0]},"t":186.666,"s":[100,100,100]},{"i":{"x":[0.667,0.667,0.667],"y":[1,1,1]},"o":{"x":[0.333,0.333,0.333],"y":[0,0,0]},"t":192.889,"s":[100,102,100]},{"i":{"x":[0.667,0.667,0.667],"y":[1,1,1]},"o":{"x":[0.333,0.333,0.333],"y":[0,0,0]},"t":199.111,"s":[100,100,100]},{"i":{"x":[0.667,0.667,0.667],"y":[1,1,1]},"o":{"x":[0.333,0.333,0.333],"y":[0,0,0]},"t":205.334,"s":[100,102,100]},{"i":{"x":[0.667,0.667,0.667],"y":[1,1,1]},"o":{"x":[0.333,0.333,0.333],"y":[0,0,0]},"t":211.555,"s":[100,100,100]},{"i":{"x":[0.667,0.667,0.667],"y":[1,1,1]},"o":{"x":[0.333,0.333,0.333],"y":[0,0,0]},"t":217.777,"s":[100,100,100]},{"i":{"x":[0.667,0.667,0.667],"y":[1,1,1]},"o":{"x":[0.333,0.333,0.333],"y":[0,0,0]},"t":224,"s":[100,102,100]},{"i":{"x":[0.667,0.667,0.667],"y":[1,1,1]},"o":{"x":[0.333,0.333,0.333],"y":[0,0,0]},"t":230,"s":[100,100,100]},{"i":{"x":[0.667,0.667,0.667],"y":[1,1,1]},"o":{"x":[0.333,0.333,0.333],"y":[0,0,0]},"t":234,"s":[100,100,100]},{"i":{"x":[0.667,0.667,0.667],"y":[1,1,1]},"o":{"x":[0.333,0.333,0.333],"y":[0,0,0]},"t":240,"s":[100,102,100]},{"i":{"x":[0.667,0.667,0.667],"y":[1,1,1]},"o":{"x":[0.333,0.333,0.333],"y":[0,0,0]},"t":246,"s":[100,100,100]},{"t":252,"s":[100,102,100]}],"ix":6,"l":2}},"ao":0,"shapes":[{"ty":"gr","it":[{"ind":0,"ty":"sh","ix":1,"ks":{"a":0,"k":{"i":[[-68.041,0],[0,-68.042],[68.042,0],[0,68.041]],"o":[[68.042,0],[0,68.041],[-68.041,0],[0,-68.042]],"v":[[0,-123.2],[123.199,0.001],[0,123.2],[-123.199,0.001]],"c":true},"ix":2},"nm":"Path 1","mn":"ADBE Vector Shape - Group","hd":false},{"ty":"fl","c":{"a":0,"k":[0.258999992819,0.169000004787,0.051000000449,1],"ix":4},"o":{"a":0,"k":100,"ix":5},"r":1,"bm":0,"nm":"Fill 1","mn":"ADBE Vector Graphic - Fill","hd":false},{"ty":"tr","p":{"a":0,"k":[481.29,123.45],"ix":2},"a":{"a":0,"k":[0,0],"ix":1},"s":{"a":0,"k":[100,100],"ix":3},"r":{"a":0,"k":0,"ix":6},"o":{"a":0,"k":100,"ix":7},"sk":{"a":0,"k":0,"ix":4},"sa":{"a":0,"k":0,"ix":5},"nm":"Transform"}],"nm":"Group 1","np":2,"cix":2,"bm":0,"ix":1,"mn":"ADBE Vector Group","hd":false},{"ty":"gr","it":[{"ind":0,"ty":"sh","ix":1,"ks":{"a":0,"k":{"i":[[-76.56,0.08],[0.24,-76.64],[76.64,0.24],[-0.24,76.64]],"o":[[76.64,0.24],[-0.24,76.64],[-76.64,-0.24],[0.48,-76.56]],"v":[[0.4,-138.92],[138.8,0.28],[-0.4,138.68],[-138.8,-0.52]],"c":true},"ix":2},"nm":"Path 1","mn":"ADBE Vector Shape - Group","hd":false},{"ty":"fl","c":{"a":0,"k":[1,1,1,1],"ix":4},"o":{"a":0,"k":100,"ix":5},"r":1,"bm":0,"nm":"Fill 1","mn":"ADBE Vector Graphic - Fill","hd":false},{"ty":"tr","p":{"a":0,"k":[483.29,141.57],"ix":2},"a":{"a":0,"k":[0,0],"ix":1},"s":{"a":0,"k":[100,100],"ix":3},"r":{"a":0,"k":0,"ix":6},"o":{"a":0,"k":100,"ix":7},"sk":{"a":0,"k":0,"ix":4},"sa":{"a":0,"k":0,"ix":5},"nm":"Transform"}],"nm":"Group 2","np":2,"cix":2,"bm":0,"ix":2,"mn":"ADBE Vector Group","hd":false}],"ip":0,"op":232,"st":0,"bm":0},{"ddd":0,"ind":14,"ty":4,"nm":"mouth2","parent":1,"sr":1,"ks":{"o":{"a":0,"k":100,"ix":11},"r":{"a":0,"k":0,"ix":10},"p":{"a":0,"k":[511.967,827.554,0],"ix":2,"l":2},"a":{"a":0,"k":[132.348,40.046,0],"ix":1,"l":2},"s":{"a":0,"k":[100,100,100],"ix":6,"l":2}},"ao":0,"shapes":[{"ty":"gr","it":[{"ind":0,"ty":"sh","ix":1,"ks":{"a":0,"k":{"i":[[63.626,0],[1.767,2.129],[0,0],[-2.358,2.084],[-1.316,-0.481],[-1.897,-0.863],[-35.06,-0.302],[-28.456,12.997],[-2.384,0.789],[-3.114,-2.484],[9.216,-11.716]],"o":[[-78.666,0],[0,0],[-9.076,-11.543],[6.793,-6.004],[2.318,0.85],[28.558,12.669],[35.163,-0.228],[2.131,-0.968],[9.833,-3.255],[3.233,2.576],[-14.741,18.254]],"v":[[-0.069,39.796],[-122.905,-12.324],[-123.022,-12.469],[-122.75,-33.792],[-102.905,-35.259],[-97.334,-33.022],[-0.061,-13.182],[97.183,-33.397],[103.618,-35.9],[122.34,-34.397],[122.882,-12.848]],"c":true},"ix":2},"nm":"Path 1","mn":"ADBE Vector Shape - Group","hd":false},{"ty":"fl","c":{"a":0,"k":[0.258999992819,0.169000004787,0.051000000449,1],"ix":4},"o":{"a":0,"k":100,"ix":5},"r":1,"bm":0,"nm":"Fill 1","mn":"ADBE Vector Graphic - Fill","hd":false},{"ty":"tr","p":{"a":0,"k":[132.348,40.046],"ix":2},"a":{"a":0,"k":[0,0],"ix":1},"s":{"a":0,"k":[100,100],"ix":3},"r":{"a":0,"k":0,"ix":6},"o":{"a":0,"k":100,"ix":7},"sk":{"a":0,"k":0,"ix":4},"sa":{"a":0,"k":0,"ix":5},"nm":"Transform"}],"nm":"Group 1","np":2,"cix":2,"bm":0,"ix":1,"mn":"ADBE Vector Group","hd":false}],"ip":14,"op":66,"st":0,"bm":0},{"ddd":0,"ind":15,"ty":4,"nm":"mouth ","parent":1,"sr":1,"ks":{"o":{"a":0,"k":100,"ix":11},"r":{"a":0,"k":0,"ix":10},"p":{"a":0,"k":[512,835.2,0],"ix":2,"l":2},"a":{"a":0,"k":[163.45,60.65,0],"ix":1,"l":2},"s":{"a":0,"k":[100,100,100],"ix":6,"l":2}},"ao":0,"shapes":[{"ty":"gr","it":[{"ind":0,"ty":"sh","ix":1,"ks":{"a":1,"k":[{"i":{"x":0.667,"y":1},"o":{"x":0.333,"y":0},"t":6,"s":[{"i":[[-5.6,-11.199],[-86.4,0],[-15.2,29.601],[4.8,4],[5.12,-3.2],[2.24,-1.599],[48.24,-0.48],[39.44,27.521],[2.56,1.04],[5.12,-3.2]],"o":[[15.2,28.801],[86.4,0],[5.6,-11.2],[-5.12,-3.2],[-2.56,1.04],[-39.2,28.161],[-48.08,-0.639],[-2.24,-1.599],[-5.12,-3.2],[-4.8,4.8]],"v":[[-157.6,-31.6],[0,60.4],[157.6,-32.4],[158.4,-57.2],[141.6,-57.2],[134.4,-53.2],[0,-9.2],[-134.4,-52.4],[-141.6,-56.4],[-158.4,-56.4]],"c":true}]},{"i":{"x":0.833,"y":0.833},"o":{"x":0.167,"y":0},"t":14,"s":[{"i":[[-5.6,-11.199],[-47.011,0.466],[-15.2,29.601],[4.8,4],[5.12,-3.2],[2.24,-1.599],[48.24,-0.48],[58.65,16.7],[2.56,1.04],[5.12,-3.2]],"o":[[15.2,28.801],[60.5,-0.6],[5.6,-11.2],[-5.12,-3.2],[-2.56,1.04],[-43.9,11.5],[-35.5,0],[-2.24,-1.599],[-5.12,-3.2],[-4.8,4.8]],"v":[[-121.35,-19.1],[-4,30.4],[121.6,-19.4],[122.4,-44.2],[105.6,-44.2],[98.4,-40.2],[0,-22.7],[-98.15,-39.9],[-105.35,-43.9],[-122.15,-43.9]],"c":true}]},{"i":{"x":0.833,"y":1},"o":{"x":0.167,"y":0.167},"t":64,"s":[{"i":[[-5.6,-11.199],[-47.011,0.466],[-15.2,29.601],[4.8,4],[5.12,-3.2],[2.24,-1.599],[48.24,-0.48],[58.65,16.7],[2.56,1.04],[5.12,-3.2]],"o":[[15.2,28.801],[60.5,-0.6],[5.6,-11.2],[-5.12,-3.2],[-2.56,1.04],[-43.9,11.5],[-35.5,0],[-2.24,-1.599],[-5.12,-3.2],[-4.8,4.8]],"v":[[-121.35,-19.1],[-4,30.4],[121.6,-19.4],[122.4,-44.2],[105.6,-44.2],[98.4,-40.2],[0,-22.7],[-98.15,-39.9],[-105.35,-43.9],[-122.15,-43.9]],"c":true}]},{"t":72,"s":[{"i":[[-5.6,-11.199],[-86.4,0],[-15.2,29.601],[4.8,4],[5.12,-3.2],[2.24,-1.599],[48.24,-0.48],[39.44,27.521],[2.56,1.04],[5.12,-3.2]],"o":[[15.2,28.801],[86.4,0],[5.6,-11.2],[-5.12,-3.2],[-2.56,1.04],[-39.2,28.161],[-48.08,-0.639],[-2.24,-1.599],[-5.12,-3.2],[-4.8,4.8]],"v":[[-157.6,-31.6],[0,60.4],[157.6,-32.4],[158.4,-57.2],[141.6,-57.2],[134.4,-53.2],[0,-9.2],[-134.4,-52.4],[-141.6,-56.4],[-158.4,-56.4]],"c":true}]}],"ix":2},"nm":"Path 1","mn":"ADBE Vector Shape - Group","hd":false},{"ty":"fl","c":{"a":0,"k":[0.258999992819,0.169000004787,0.051000000449,1],"ix":4},"o":{"a":0,"k":100,"ix":5},"r":1,"bm":0,"nm":"Fill 1","mn":"ADBE Vector Graphic - Fill","hd":false},{"ty":"tr","p":{"a":0,"k":[163.45,60.65],"ix":2},"a":{"a":0,"k":[0,0],"ix":1},"s":{"a":0,"k":[100,100],"ix":3},"r":{"a":0,"k":0,"ix":6},"o":{"a":0,"k":100,"ix":7},"sk":{"a":0,"k":0,"ix":4},"sa":{"a":0,"k":0,"ix":5},"nm":"Transform"}],"nm":"Group 1","np":2,"cix":2,"bm":0,"ix":1,"mn":"ADBE Vector Group","hd":false}],"ip":66,"op":232,"st":0,"bm":0},{"ddd":0,"ind":16,"ty":4,"nm":"mouth ","parent":1,"sr":1,"ks":{"o":{"a":0,"k":100,"ix":11},"r":{"a":0,"k":0,"ix":10},"p":{"a":0,"k":[512,835.2,0],"ix":2,"l":2},"a":{"a":0,"k":[163.45,60.65,0],"ix":1,"l":2},"s":{"a":0,"k":[100,100,100],"ix":6,"l":2}},"ao":0,"shapes":[{"ty":"gr","it":[{"ind":0,"ty":"sh","ix":1,"ks":{"a":1,"k":[{"i":{"x":0.667,"y":1},"o":{"x":0.333,"y":0},"t":6,"s":[{"i":[[-5.6,-11.199],[-86.4,0],[-15.2,29.601],[4.8,4],[5.12,-3.2],[2.24,-1.599],[48.24,-0.48],[39.44,27.521],[2.56,1.04],[5.12,-3.2]],"o":[[15.2,28.801],[86.4,0],[5.6,-11.2],[-5.12,-3.2],[-2.56,1.04],[-39.2,28.161],[-48.08,-0.639],[-2.24,-1.599],[-5.12,-3.2],[-4.8,4.8]],"v":[[-157.6,-31.6],[0,60.4],[157.6,-32.4],[158.4,-57.2],[141.6,-57.2],[134.4,-53.2],[0,-9.2],[-134.4,-52.4],[-141.6,-56.4],[-158.4,-56.4]],"c":true}]},{"i":{"x":0.833,"y":1},"o":{"x":0.167,"y":0},"t":14,"s":[{"i":[[-5.6,-11.199],[-47.011,0.466],[-15.2,29.601],[4.8,4],[5.12,-3.2],[2.24,-1.599],[48.24,-0.48],[58.65,16.7],[2.56,1.04],[5.12,-3.2]],"o":[[15.2,28.801],[60.5,-0.6],[5.6,-11.2],[-5.12,-3.2],[-2.56,1.04],[-43.9,11.5],[-35.5,0],[-2.24,-1.599],[-5.12,-3.2],[-4.8,4.8]],"v":[[-121.35,-19.1],[-4,30.4],[121.6,-19.4],[122.4,-44.2],[105.6,-44.2],[98.4,-40.2],[0,-22.7],[-98.15,-39.9],[-105.35,-43.9],[-122.15,-43.9]],"c":true}]},{"i":{"x":0.833,"y":1},"o":{"x":0.167,"y":0},"t":64,"s":[{"i":[[-5.6,-11.199],[-47.011,0.466],[-15.2,29.601],[4.8,4],[5.12,-3.2],[2.24,-1.599],[48.24,-0.48],[58.65,16.7],[2.56,1.04],[5.12,-3.2]],"o":[[15.2,28.801],[60.5,-0.6],[5.6,-11.2],[-5.12,-3.2],[-2.56,1.04],[-43.9,11.5],[-35.5,0],[-2.24,-1.599],[-5.12,-3.2],[-4.8,4.8]],"v":[[-121.35,-19.1],[-4,30.4],[121.6,-19.4],[122.4,-44.2],[105.6,-44.2],[98.4,-40.2],[0,-22.7],[-98.15,-39.9],[-105.35,-43.9],[-122.15,-43.9]],"c":true}]},{"t":72,"s":[{"i":[[-5.6,-11.199],[-86.4,0],[-15.2,29.601],[4.8,4],[5.12,-3.2],[2.24,-1.599],[48.24,-0.48],[39.44,27.521],[2.56,1.04],[5.12,-3.2]],"o":[[15.2,28.801],[86.4,0],[5.6,-11.2],[-5.12,-3.2],[-2.56,1.04],[-39.2,28.161],[-48.08,-0.639],[-2.24,-1.599],[-5.12,-3.2],[-4.8,4.8]],"v":[[-157.6,-31.6],[0,60.4],[157.6,-32.4],[158.4,-57.2],[141.6,-57.2],[134.4,-53.2],[0,-9.2],[-134.4,-52.4],[-141.6,-56.4],[-158.4,-56.4]],"c":true}]}],"ix":2},"nm":"Path 1","mn":"ADBE Vector Shape - Group","hd":false},{"ty":"fl","c":{"a":0,"k":[0.258999992819,0.169000004787,0.051000000449,1],"ix":4},"o":{"a":0,"k":100,"ix":5},"r":1,"bm":0,"nm":"Fill 1","mn":"ADBE Vector Graphic - Fill","hd":false},{"ty":"tr","p":{"a":0,"k":[163.45,60.65],"ix":2},"a":{"a":0,"k":[0,0],"ix":1},"s":{"a":0,"k":[100,100],"ix":3},"r":{"a":0,"k":0,"ix":6},"o":{"a":0,"k":100,"ix":7},"sk":{"a":0,"k":0,"ix":4},"sa":{"a":0,"k":0,"ix":5},"nm":"Transform"}],"nm":"Group 1","np":2,"cix":2,"bm":0,"ix":1,"mn":"ADBE Vector Group","hd":false}],"ip":0,"op":14,"st":0,"bm":0},{"ddd":0,"ind":17,"ty":4,"nm":"base matte","parent":19,"td":1,"sr":1,"ks":{"o":{"a":0,"k":100,"ix":11},"r":{"a":0,"k":0,"ix":10},"p":{"a":0,"k":[-2,-3,0],"ix":2,"l":2},"a":{"a":0,"k":[0,0,0],"ix":1,"l":2},"s":{"a":0,"k":[100,100,100],"ix":6,"l":2}},"ao":0,"shapes":[{"ty":"gr","it":[{"ind":0,"ty":"sh","ix":1,"ks":{"a":0,"k":{"i":[[15.4,0],[0,38.4],[-27.9,0],[-10.6,-9.3],[0,-16.9],[11.5,-10.2]],"o":[[-27.9,0],[0,-38.4],[15.5,0],[11.5,10.2],[0,16.9],[-10.6,9.3]],"v":[[0,55.9],[-58,0],[0,-55.9],[40.4,-41.5],[58,0],[40.4,41.4]],"c":true},"ix":2},"nm":"Path 1","mn":"ADBE Vector Shape - Group","hd":false},{"ty":"gf","o":{"a":0,"k":100,"ix":10},"r":1,"bm":0,"g":{"p":5,"k":{"a":0,"k":[0.48,0.992,0.878,0.188,0.691,0.98,0.816,0.178,0.902,0.969,0.753,0.169,0.966,0.963,0.694,0.153,1,0.957,0.635,0.137],"ix":9}},"s":{"a":0,"k":[0,0],"ix":5},"e":{"a":0,"k":[56.225,0],"ix":6},"t":2,"h":{"a":0,"k":0,"ix":7},"a":{"a":0,"k":0,"ix":8},"nm":"Gradient Fill 1","mn":"ADBE Vector Graphic - G-Fill","hd":false},{"ty":"tr","p":{"a":0,"k":[0,0],"ix":2},"a":{"a":0,"k":[0,0],"ix":1},"s":{"a":0,"k":[100,100],"ix":3},"r":{"a":0,"k":0,"ix":6},"o":{"a":0,"k":100,"ix":7},"sk":{"a":0,"k":0,"ix":4},"sa":{"a":0,"k":0,"ix":5},"nm":"Transform"}],"nm":"Group 1","np":2,"cix":2,"bm":0,"ix":1,"mn":"ADBE Vector Group","hd":false}],"ip":0,"op":232,"st":0,"bm":0},{"ddd":0,"ind":18,"ty":4,"nm":"base shadow","parent":19,"tt":2,"sr":1,"ks":{"o":{"a":0,"k":100,"ix":11},"r":{"a":0,"k":0,"ix":10},"p":{"a":0,"k":[0,0,0],"ix":2,"l":2},"a":{"a":0,"k":[0,0,0],"ix":1,"l":2},"s":{"a":0,"k":[100,100,100],"ix":6,"l":2}},"ao":0,"shapes":[{"ty":"gr","it":[{"ind":0,"ty":"sh","ix":1,"ks":{"a":0,"k":{"i":[[15.4,0],[0,38.4],[-27.9,0],[-10.6,-9.3],[0,-16.9],[11.5,-10.2]],"o":[[-27.9,0],[0,-38.4],[15.5,0],[11.5,10.2],[0,16.9],[-10.6,9.3]],"v":[[0,55.9],[-58,0],[0,-55.9],[40.4,-41.5],[58,0],[40.4,41.4]],"c":true},"ix":2},"nm":"Path 1","mn":"ADBE Vector Shape - Group","hd":false},{"ty":"fl","c":{"a":0,"k":[0.921568627451,0.560784313725,0,1],"ix":4},"o":{"a":0,"k":100,"ix":5},"r":1,"bm":0,"nm":"Fill 1","mn":"ADBE Vector Graphic - Fill","hd":false},{"ty":"tr","p":{"a":0,"k":[0,0],"ix":2},"a":{"a":0,"k":[0,0],"ix":1},"s":{"a":0,"k":[100,100],"ix":3},"r":{"a":0,"k":0,"ix":6},"o":{"a":0,"k":100,"ix":7},"sk":{"a":0,"k":0,"ix":4},"sa":{"a":0,"k":0,"ix":5},"nm":"Transform"}],"nm":"Group 1","np":2,"cix":2,"bm":0,"ix":1,"mn":"ADBE Vector Group","hd":false}],"ip":0,"op":232,"st":0,"bm":0},{"ddd":0,"ind":19,"ty":4,"nm":"base normal","parent":2,"sr":1,"ks":{"o":{"a":0,"k":100,"ix":11},"r":{"a":0,"k":0,"ix":10},"p":{"a":0,"k":[0,0,0],"ix":2,"l":2},"a":{"a":0,"k":[0,0,0],"ix":1,"l":2},"s":{"a":0,"k":[800,800,100],"ix":6,"l":2}},"ao":0,"shapes":[{"ty":"gr","it":[{"ind":0,"ty":"sh","ix":1,"ks":{"a":0,"k":{"i":[[15.4,0],[0,38.4],[-27.9,0],[-10.6,-9.3],[0,-16.9],[11.5,-10.2]],"o":[[-27.9,0],[0,-38.4],[15.5,0],[11.5,10.2],[0,16.9],[-10.6,9.3]],"v":[[0,55.9],[-58,0],[0,-55.9],[40.4,-41.5],[58,0],[40.4,41.4]],"c":true},"ix":2},"nm":"Path 1","mn":"ADBE Vector Shape - Group","hd":false},{"ty":"gf","o":{"a":0,"k":100,"ix":10},"r":1,"bm":0,"g":{"p":5,"k":{"a":0,"k":[0.48,0.992,0.878,0.188,0.691,0.98,0.816,0.178,0.902,0.969,0.753,0.169,0.966,0.963,0.694,0.153,1,0.957,0.635,0.137],"ix":9}},"s":{"a":0,"k":[0,0],"ix":5},"e":{"a":0,"k":[56.225,0],"ix":6},"t":2,"h":{"a":0,"k":0,"ix":7},"a":{"a":0,"k":0,"ix":8},"nm":"Gradient Fill 1","mn":"ADBE Vector Graphic - G-Fill","hd":false},{"ty":"tr","p":{"a":0,"k":[0,0],"ix":2},"a":{"a":0,"k":[0,0],"ix":1},"s":{"a":0,"k":[100,100],"ix":3},"r":{"a":0,"k":0,"ix":6},"o":{"a":0,"k":100,"ix":7},"sk":{"a":0,"k":0,"ix":4},"sa":{"a":0,"k":0,"ix":5},"nm":"Transform"}],"nm":"Group 1","np":2,"cix":2,"bm":0,"ix":1,"mn":"ADBE Vector Group","hd":false}],"ip":0,"op":232,"st":0,"bm":0}],"markers":[{"tm":117,"cm":"rest","dr":0}]}