{"v":"5.8.1","fr":60,"ip":0,"op":138,"w":1024,"h":1024,"nm":"emoji_Clown face","ddd":0,"assets":[],"layers":[{"ddd":0,"ind":1,"ty":4,"nm":"cheeks","parent":3,"sr":1,"ks":{"o":{"a":0,"k":100,"ix":11},"r":{"a":0,"k":0,"ix":10},"p":{"a":0,"k":[4,21,0],"ix":2,"l":2},"a":{"a":0,"k":[512,512,0],"ix":1,"l":2},"s":{"a":0,"k":[100,80,100],"ix":6,"l":2}},"ao":0,"shapes":[{"ty":"gr","it":[{"ind":0,"ty":"sh","ix":1,"ks":{"a":0,"k":{"i":[[-85.14,0],[0,-80.722],[85.14,0],[0,80.722]],"o":[[85.14,0],[0,80.722],[-85.14,0],[0,-80.722]],"v":[[0,-146.16],[154.16,0],[0,146.16],[-154.16,0]],"c":true},"ix":2},"nm":"Path 1","mn":"ADBE Vector Shape - Group","hd":false},{"ty":"gf","o":{"a":0,"k":100,"ix":10},"r":1,"bm":0,"g":{"p":7,"k":{"a":0,"k":[0.002,0.929,0.467,0.439,0.106,0.929,0.467,0.439,0.21,0.929,0.467,0.439,0.365,0.929,0.467,0.439,0.52,0.929,0.467,0.439,0.71,0.929,0.467,0.439,0.9,0.929,0.467,0.439,0,1,0.586,0.5,1,0],"ix":9}},"s":{"a":0,"k":[4,1],"ix":5},"e":{"a":0,"k":[141,2.419],"ix":6},"t":2,"h":{"a":0,"k":0.73,"ix":7},"a":{"a":0,"k":179.406,"ix":8},"nm":"Gradient Fill 1","mn":"ADBE Vector Graphic - G-Fill","hd":false},{"ty":"tr","p":{"a":0,"k":[233.76,574.16],"ix":2},"a":{"a":0,"k":[0,0],"ix":1},"s":{"a":0,"k":[100,100],"ix":3},"r":{"a":0,"k":0,"ix":6},"o":{"a":0,"k":100,"ix":7},"sk":{"a":0,"k":0,"ix":4},"sa":{"a":0,"k":0,"ix":5},"nm":"Transform"}],"nm":"Group 1","np":2,"cix":2,"bm":0,"ix":1,"mn":"ADBE Vector Group","hd":false},{"ty":"gr","it":[{"ind":0,"ty":"sh","ix":1,"ks":{"a":0,"k":{"i":[[-85.14,0],[0,-80.722],[85.14,0],[0,80.722]],"o":[[85.14,0],[0,80.722],[-85.14,0],[0,-80.722]],"v":[[0,-146.16],[154.16,0],[0,146.16],[-154.16,0]],"c":true},"ix":2},"nm":"Path 1","mn":"ADBE Vector Shape - Group","hd":false},{"ty":"gf","o":{"a":0,"k":100,"ix":10},"r":1,"bm":0,"g":{"p":7,"k":{"a":0,"k":[0.002,0.929,0.467,0.439,0.106,0.929,0.467,0.439,0.21,0.929,0.467,0.439,0.365,0.929,0.467,0.439,0.52,0.929,0.467,0.439,0.71,0.929,0.467,0.439,0.9,0.929,0.467,0.439,0,1,0.586,0.5,1,0],"ix":9}},"s":{"a":0,"k":[1,1],"ix":5},"e":{"a":0,"k":[143,1],"ix":6},"t":2,"h":{"a":0,"k":0,"ix":7},"a":{"a":0,"k":0,"ix":8},"nm":"Gradient Fill 1","mn":"ADBE Vector Graphic - G-Fill","hd":false},{"ty":"tr","p":{"a":0,"k":[795.76,574.16],"ix":2},"a":{"a":0,"k":[0,0],"ix":1},"s":{"a":0,"k":[100,100],"ix":3},"r":{"a":0,"k":0,"ix":6},"o":{"a":0,"k":100,"ix":7},"sk":{"a":0,"k":0,"ix":4},"sa":{"a":0,"k":0,"ix":5},"nm":"Transform"}],"nm":"Group 2","np":2,"cix":2,"bm":0,"ix":2,"mn":"ADBE Vector Group","hd":false}],"ip":0,"op":138,"st":0,"bm":0},{"ddd":0,"ind":2,"ty":3,"nm":"Null ALL","sr":1,"ks":{"o":{"a":0,"k":0,"ix":11},"r":{"a":0,"k":0,"ix":10},"p":{"a":1,"k":[{"i":{"x":0,"y":1},"o":{"x":0.333,"y":0},"t":10,"s":[508,503,0],"to":[0,2.333,0],"ti":[0,2.333,0]},{"i":{"x":0.667,"y":1},"o":{"x":0.991,"y":0},"t":18,"s":[508,517,0],"to":[0,-2.333,0],"ti":[0,1,0]},{"i":{"x":0.67,"y":0.995},"o":{"x":0.337,"y":0},"t":38,"s":[508,489,0],"to":[0,-0.007,0],"ti":[0,-0.02,0]},{"i":{"x":0.67,"y":0.966},"o":{"x":0.337,"y":0.005},"t":44,"s":[508,493.022,0],"to":[0,0.028,0],"ti":[0,0.183,0]},{"i":{"x":0.669,"y":0.982},"o":{"x":0.336,"y":0.025},"t":50,"s":[508,488.768,0],"to":[0,-0.322,0],"ti":[0,-0.186,0]},{"i":{"x":0.668,"y":0.916},"o":{"x":0.335,"y":0.023},"t":56,"s":[508,494.743,0],"to":[0,0.068,0],"ti":[0,0.529,0]},{"i":{"x":0.608,"y":0.954},"o":{"x":0.262,"y":0.094},"t":62,"s":[508,489.954,0],"to":[0,-0.334,0],"ti":[0,0.14,0]},{"i":{"x":0.65,"y":0.91},"o":{"x":0.31,"y":0.017},"t":68,"s":[508,493.263,0],"to":[0,-0.168,0],"ti":[0,0.627,0]},{"i":{"x":0.667,"y":0.88},"o":{"x":0.329,"y":0.105},"t":74,"s":[508,485.944,0],"to":[0,-0.735,0],"ti":[0,-1.135,0]},{"i":{"x":0.684,"y":1},"o":{"x":0.345,"y":0.068},"t":80,"s":[508,491.702,0],"to":[0,0.725,0],"ti":[0,0.061,0]},{"i":{"x":0.64,"y":1},"o":{"x":0.351,"y":0},"t":86,"s":[508,481,0],"to":[0,-0.055,0],"ti":[0,-1.575,0]},{"i":{"x":0.667,"y":1},"o":{"x":0.333,"y":0},"t":96,"s":[508,511,0],"to":[0,1.667,0],"ti":[0,1,0]},{"i":{"x":0.667,"y":1},"o":{"x":0.333,"y":0},"t":106,"s":[508,499,0],"to":[0,-1,0],"ti":[0,-0.667,0]},{"i":{"x":0.667,"y":1},"o":{"x":0.333,"y":0},"t":114,"s":[508,505,0],"to":[0,0.667,0],"ti":[0,0.333,0]},{"t":122,"s":[508,503,0]}],"ix":2,"l":2},"a":{"a":0,"k":[0,0,0],"ix":1,"l":2},"s":{"a":0,"k":[100,100,100],"ix":6,"l":2}},"ao":0,"ip":0,"op":138,"st":0,"bm":0},{"ddd":0,"ind":3,"ty":1,"nm":"Null FACE","parent":2,"sr":1,"ks":{"o":{"a":0,"k":0,"ix":11},"r":{"a":0,"k":0,"ix":10},"p":{"a":1,"k":[{"i":{"x":0,"y":1},"o":{"x":0.333,"y":0},"t":10,"s":[0,0,0],"to":[0,5.333,0],"ti":[0,13.667,0]},{"i":{"x":0.667,"y":1},"o":{"x":0.991,"y":0},"t":18,"s":[0,32,0],"to":[0,-13.667,0],"ti":[0,3.333,0]},{"i":{"x":0.667,"y":1},"o":{"x":0.339,"y":0},"t":38,"s":[0,-82,0],"to":[0,-0.022,0],"ti":[0,-1.957,0]},{"i":{"x":0.667,"y":1},"o":{"x":0.333,"y":0},"t":44,"s":[0,-64.978,0],"to":[0,14.918,0],"ti":[0,3.333,0]},{"i":{"x":0.667,"y":1},"o":{"x":0.333,"y":0},"t":50,"s":[0,-82,0],"to":[0,-0.022,0],"ti":[0,-1.957,0]},{"i":{"x":0.667,"y":1},"o":{"x":0.333,"y":0},"t":56,"s":[0,-64.978,0],"to":[0,14.918,0],"ti":[0,3.333,0]},{"i":{"x":0.667,"y":1},"o":{"x":0.333,"y":0},"t":62,"s":[0,-82,0],"to":[0,-0.022,0],"ti":[0,-1.957,0]},{"i":{"x":0.667,"y":1},"o":{"x":0.333,"y":0},"t":68,"s":[0,-64.978,0],"to":[0,14.918,0],"ti":[0,3.333,0]},{"i":{"x":0.667,"y":1},"o":{"x":0.333,"y":0},"t":74,"s":[0,-82,0],"to":[0,-0.022,0],"ti":[0,-1.957,0]},{"i":{"x":0.667,"y":1},"o":{"x":0.333,"y":0},"t":80,"s":[0,-64.978,0],"to":[0,14.918,0],"ti":[0,3.333,0]},{"i":{"x":0.667,"y":1},"o":{"x":0.333,"y":0},"t":86,"s":[0,-82,0],"to":[0,-0.022,0],"ti":[0,-10.574,0]},{"i":{"x":0.667,"y":1},"o":{"x":0.333,"y":0},"t":96,"s":[0,12,0],"to":[0,12.667,0],"ti":[0,1.667,0]},{"i":{"x":0.667,"y":1},"o":{"x":0.333,"y":0},"t":106,"s":[0,-6,0],"to":[0,-1.667,0],"ti":[0,-1,0]},{"i":{"x":0.667,"y":1},"o":{"x":0.333,"y":0},"t":114,"s":[0,2,0],"to":[0,1,0],"ti":[0,0.333,0]},{"t":122,"s":[0,0,0]}],"ix":2,"l":2},"a":{"a":0,"k":[0,0,0],"ix":1,"l":2},"s":{"a":0,"k":[100,100,100],"ix":6,"l":2}},"ao":0,"sw":100,"sh":100,"sc":"#ffffff","ip":0,"op":138,"st":0,"bm":0},{"ddd":0,"ind":4,"ty":4,"nm":"hair 5","parent":6,"sr":1,"ks":{"o":{"a":0,"k":100,"ix":11},"r":{"a":0,"k":0,"ix":10},"p":{"a":1,"k":[{"i":{"x":0,"y":1},"o":{"x":0.333,"y":0},"t":10,"s":[508.28,216.399,0],"to":[0,3,0],"ti":[0,5.667,0]},{"i":{"x":0.667,"y":1},"o":{"x":0.991,"y":0},"t":18,"s":[508.28,234.399,0],"to":[0,-5.667,0],"ti":[0,6.667,0]},{"i":{"x":0.667,"y":1},"o":{"x":0.354,"y":0},"t":38,"s":[508.28,182.399,0],"to":[0,0,0],"ti":[0,0,0]},{"i":{"x":0.667,"y":1},"o":{"x":0.333,"y":0},"t":44,"s":[508.28,194.399,0],"to":[0,0,0],"ti":[0,6.667,0]},{"i":{"x":0.667,"y":1},"o":{"x":0.333,"y":0},"t":50,"s":[508.28,182.399,0],"to":[0,0,0],"ti":[0,0,0]},{"i":{"x":0.667,"y":1},"o":{"x":0.333,"y":0},"t":56,"s":[508.28,194.399,0],"to":[0,0,0],"ti":[0,6.667,0]},{"i":{"x":0.667,"y":1},"o":{"x":0.333,"y":0},"t":62,"s":[508.28,182.399,0],"to":[0,0,0],"ti":[0,0,0]},{"i":{"x":0.667,"y":1},"o":{"x":0.333,"y":0},"t":68,"s":[508.28,194.399,0],"to":[0,0,0],"ti":[0,6.667,0]},{"i":{"x":0.667,"y":1},"o":{"x":0.333,"y":0},"t":74,"s":[508.28,182.399,0],"to":[0,0,0],"ti":[0,0,0]},{"i":{"x":0.667,"y":1},"o":{"x":0.333,"y":0},"t":80,"s":[508.28,194.399,0],"to":[0,0,0],"ti":[0,6.667,0]},{"i":{"x":0.667,"y":1},"o":{"x":0.354,"y":0},"t":86,"s":[508.28,188.399,0],"to":[0,0,0],"ti":[0,-4,0]},{"i":{"x":0.667,"y":1},"o":{"x":0.167,"y":0},"t":96,"s":[508.28,224.399,0],"to":[0,4,0],"ti":[0,1.333,0]},{"i":{"x":0.667,"y":1},"o":{"x":0.167,"y":0},"t":106,"s":[508.28,212.399,0],"to":[0,-1.333,0],"ti":[0,-0.667,0]},{"t":114,"s":[508.28,216.399,0]}],"ix":2,"l":2},"a":{"a":0,"k":[493.25,174.731,0],"ix":1,"l":2},"s":{"a":1,"k":[{"i":{"x":[0.667,0.667,0.667],"y":[1,1,1]},"o":{"x":[1,1,0.333],"y":[0,0,0]},"t":18,"s":[100,100,100]},{"i":{"x":[0.667,0.667,0.667],"y":[1,1,1]},"o":{"x":[0.422,1,0.333],"y":[0,0,0]},"t":38,"s":[100,93,100]},{"i":{"x":[0.667,0.667,0.667],"y":[1,1,1]},"o":{"x":[0.422,1,0.333],"y":[0,0,0]},"t":86,"s":[100,93,100]},{"t":96,"s":[100,100,100]}],"ix":6,"l":2}},"ao":0,"shapes":[{"ty":"gr","it":[{"ty":"gr","it":[{"ind":0,"ty":"sh","ix":1,"ks":{"a":0,"k":{"i":[[0.955,-3.342],[-13.86,-3.24],[-6,0],[0,36.64],[36.64,0],[0,0],[0.119,0],[10.7,-23.129]],"o":[[-13.04,54.58],[5.76,1.68],[36.64,0],[0,-36.64],[0,0],[-0.119,-0.001],[-26.062,-0.001],[-1.425,3.08]],"v":[[49.64,-126.479],[95.96,-44.159],[113.72,-41.679],[180.12,-108.079],[113.72,-174.479],[113.64,-174.479],[113.279,-174.48],[53.221,-136.121]],"c":true},"ix":2},"nm":"Path 2","mn":"ADBE Vector Shape - Group","hd":false},{"ty":"tr","p":{"a":0,"k":[0,0],"ix":2},"a":{"a":0,"k":[0,0],"ix":1},"s":{"a":0,"k":[100,100],"ix":3},"r":{"a":0,"k":0,"ix":6},"o":{"a":0,"k":100,"ix":7},"sk":{"a":0,"k":0,"ix":4},"sa":{"a":0,"k":0,"ix":5},"nm":"Transform"}],"nm":"Group 1","np":1,"cix":2,"bm":0,"ix":1,"mn":"ADBE Vector Group","hd":false},{"ty":"gf","o":{"a":0,"k":100,"ix":10},"r":1,"bm":0,"g":{"p":3,"k":{"a":0,"k":[0.002,1,0.286,0,0.501,0.945,0.167,0,1,0.89,0.047,0],"ix":9}},"s":{"a":0,"k":[-4,-146.025],"ix":5},"e":{"a":0,"k":[-2,156.039],"ix":6},"t":1,"nm":"Gradient Fill 1","mn":"ADBE Vector Graphic - G-Fill","hd":false},{"ty":"tr","p":{"a":0,"k":[180.37,172.731],"ix":2},"a":{"a":0,"k":[0,0],"ix":1},"s":{"a":0,"k":[100,100],"ix":3},"r":{"a":0,"k":0,"ix":6},"o":{"a":0,"k":100,"ix":7},"sk":{"a":0,"k":0,"ix":4},"sa":{"a":0,"k":0,"ix":5},"nm":"Transform"}],"nm":"Group 2","np":2,"cix":2,"bm":0,"ix":1,"mn":"ADBE Vector Group","hd":false}],"ip":0,"op":138,"st":0,"bm":0},{"ddd":0,"ind":5,"ty":4,"nm":"hair 4","parent":6,"sr":1,"ks":{"o":{"a":0,"k":100,"ix":11},"r":{"a":0,"k":0,"ix":10},"p":{"a":1,"k":[{"i":{"x":0,"y":1},"o":{"x":0.333,"y":0},"t":10,"s":[508.28,216.399,0],"to":[0,4,0],"ti":[-1,7,0]},{"i":{"x":0.667,"y":1},"o":{"x":0.991,"y":0},"t":18,"s":[508.28,240.399,0],"to":[1,-7,0],"ti":[0,6.667,0]},{"i":{"x":0.667,"y":1},"o":{"x":0.354,"y":0},"t":38,"s":[514.28,174.399,0],"to":[0,0,0],"ti":[0,0,0]},{"i":{"x":0.667,"y":1},"o":{"x":0.333,"y":0},"t":44,"s":[514.28,186.399,0],"to":[0,0,0],"ti":[0,6.667,0]},{"i":{"x":0.667,"y":1},"o":{"x":0.333,"y":0},"t":50,"s":[514.28,174.399,0],"to":[0,0,0],"ti":[0,0,0]},{"i":{"x":0.667,"y":1},"o":{"x":0.333,"y":0},"t":56,"s":[514.28,186.399,0],"to":[0,0,0],"ti":[0,6.667,0]},{"i":{"x":0.667,"y":1},"o":{"x":0.333,"y":0},"t":62,"s":[514.28,174.399,0],"to":[0,0,0],"ti":[0,0,0]},{"i":{"x":0.667,"y":1},"o":{"x":0.333,"y":0},"t":68,"s":[514.28,186.399,0],"to":[0,0,0],"ti":[0,6.667,0]},{"i":{"x":0.667,"y":1},"o":{"x":0.333,"y":0},"t":74,"s":[514.28,174.399,0],"to":[0,0,0],"ti":[0,0,0]},{"i":{"x":0.667,"y":1},"o":{"x":0.333,"y":0},"t":80,"s":[514.28,186.399,0],"to":[0,0,0],"ti":[0,6.667,0]},{"i":{"x":0.667,"y":1},"o":{"x":0.354,"y":0},"t":86,"s":[514.28,174.399,0],"to":[0,0,0],"ti":[1,-6.333,0]},{"i":{"x":0.667,"y":1},"o":{"x":0.167,"y":0},"t":96,"s":[508.28,224.399,0],"to":[-1,6.333,0],"ti":[0,1.333,0]},{"i":{"x":0.667,"y":1},"o":{"x":0.167,"y":0},"t":106,"s":[508.28,212.399,0],"to":[0,-1.333,0],"ti":[0,-0.667,0]},{"t":114,"s":[508.28,216.399,0]}],"ix":2,"l":2},"a":{"a":0,"k":[493.25,174.731,0],"ix":1,"l":2},"s":{"a":1,"k":[{"i":{"x":[0.667,0.667,0.667],"y":[1,1,1]},"o":{"x":[1,1,0.333],"y":[0,0,0]},"t":18,"s":[100,100,100]},{"i":{"x":[0.667,0.667,0.667],"y":[1,1,1]},"o":{"x":[0.422,1,0.333],"y":[0,0,0]},"t":38,"s":[100,93,100]},{"i":{"x":[0.667,0.667,0.667],"y":[1,1,1]},"o":{"x":[0.422,1,0.333],"y":[0,0,0]},"t":86,"s":[100,93,100]},{"t":96,"s":[100,100,100]}],"ix":6,"l":2}},"ao":0,"shapes":[{"ty":"gr","it":[{"ty":"gr","it":[{"ty":"tr","p":{"a":0,"k":[0,0],"ix":2},"a":{"a":0,"k":[0,0],"ix":1},"s":{"a":0,"k":[100,100],"ix":3},"r":{"a":0,"k":0,"ix":6},"o":{"a":0,"k":100,"ix":7},"sk":{"a":0,"k":0,"ix":4},"sa":{"a":0,"k":0,"ix":5},"nm":"Transform"}],"nm":"Group 1","np":0,"cix":2,"bm":0,"ix":1,"mn":"ADBE Vector Group","hd":false},{"ty":"gf","o":{"a":0,"k":100,"ix":10},"r":1,"bm":0,"g":{"p":3,"k":{"a":0,"k":[0.002,1,0.286,0,0.501,0.945,0.167,0,1,0.89,0.047,0],"ix":9}},"s":{"a":0,"k":[-2,-100.025],"ix":5},"e":{"a":0,"k":[-2,156.039],"ix":6},"t":1,"nm":"Gradient Fill 1","mn":"ADBE Vector Graphic - G-Fill","hd":false},{"ty":"tr","p":{"a":0,"k":[807.97,169.158],"ix":2},"a":{"a":0,"k":[0,0],"ix":1},"s":{"a":0,"k":[100,100],"ix":3},"r":{"a":0,"k":0,"ix":6},"o":{"a":0,"k":100,"ix":7},"sk":{"a":0,"k":0,"ix":4},"sa":{"a":0,"k":0,"ix":5},"nm":"Transform"}],"nm":"Group 1","np":2,"cix":2,"bm":0,"ix":1,"mn":"ADBE Vector Group","hd":false},{"ty":"gr","it":[{"ty":"gr","it":[{"ind":0,"ty":"sh","ix":1,"ks":{"a":0,"k":{"i":[[0.955,-3.342],[38.08,-51.121],[0,-25.04],[-3.025,-10.458],[-1.851,-4.328],[-20.32,-39.2],[-39.2,20.32],[0,29.84],[0,0],[0,59.84],[0.56,3.52]],"o":[[-51.2,-38.08],[-14.88,19.999],[0,10.968],[1.3,4.494],[-39.2,20.319],[20.32,39.2],[26.48,-13.761],[0,0],[59.6,-5.361],[0,-3.6],[5.76,1.68]],"v":[[49.64,-126.479],[-111.96,-102.798],[-134.84,-33.439],[-130.288,-1.163],[-125.56,12.081],[-159.8,119.921],[-51.96,154.161],[-8.76,83.201],[-8.76,81.761],[96.52,-33.439],[95.96,-44.159]],"c":true},"ix":2},"nm":"Path 2","mn":"ADBE Vector Shape - Group","hd":false},{"ty":"tr","p":{"a":0,"k":[0,0],"ix":2},"a":{"a":0,"k":[0,0],"ix":1},"s":{"a":0,"k":[100,100],"ix":3},"r":{"a":0,"k":0,"ix":6},"o":{"a":0,"k":100,"ix":7},"sk":{"a":0,"k":0,"ix":4},"sa":{"a":0,"k":0,"ix":5},"nm":"Transform"}],"nm":"Group 1","np":1,"cix":2,"bm":0,"ix":1,"mn":"ADBE Vector Group","hd":false},{"ty":"gf","o":{"a":0,"k":100,"ix":10},"r":1,"bm":0,"g":{"p":3,"k":{"a":0,"k":[0.002,1,0.286,0,0.501,0.945,0.167,0,1,0.89,0.047,0],"ix":9}},"s":{"a":0,"k":[-4,-146.025],"ix":5},"e":{"a":0,"k":[-2,156.039],"ix":6},"t":1,"nm":"Gradient Fill 1","mn":"ADBE Vector Graphic - G-Fill","hd":false},{"ty":"tr","p":{"a":0,"k":[180.37,172.731],"ix":2},"a":{"a":0,"k":[0,0],"ix":1},"s":{"a":0,"k":[100,100],"ix":3},"r":{"a":0,"k":0,"ix":6},"o":{"a":0,"k":100,"ix":7},"sk":{"a":0,"k":0,"ix":4},"sa":{"a":0,"k":0,"ix":5},"nm":"Transform"}],"nm":"Group 2","np":2,"cix":2,"bm":0,"ix":2,"mn":"ADBE Vector Group","hd":false}],"ip":0,"op":138,"st":0,"bm":0},{"ddd":0,"ind":6,"ty":1,"nm":"Null HAIR","parent":2,"sr":1,"ks":{"o":{"a":0,"k":0,"ix":11},"r":{"a":0,"k":0,"ix":10},"p":{"a":0,"k":[8,11,0],"ix":2,"l":2},"a":{"a":0,"k":[512,512,0],"ix":1,"l":2},"s":{"a":0,"k":[-100,100,100],"ix":6,"l":2}},"ao":0,"sw":1024,"sh":1024,"sc":"#ffffff","ip":0,"op":138,"st":0,"bm":0},{"ddd":0,"ind":7,"ty":4,"nm":"hair 3","parent":2,"sr":1,"ks":{"o":{"a":0,"k":100,"ix":11},"r":{"a":0,"k":0,"ix":10},"p":{"a":1,"k":[{"i":{"x":0,"y":1},"o":{"x":0.333,"y":0},"t":10,"s":[0.28,-286.601,0],"to":[0,3,0],"ti":[0,5.667,0]},{"i":{"x":0.667,"y":1},"o":{"x":0.991,"y":0},"t":18,"s":[0.28,-268.601,0],"to":[0,-5.667,0],"ti":[0,6.667,0]},{"i":{"x":0.667,"y":1},"o":{"x":0.354,"y":0},"t":38,"s":[0.28,-320.601,0],"to":[0,0,0],"ti":[0,0,0]},{"i":{"x":0.667,"y":1},"o":{"x":0.333,"y":0},"t":44,"s":[0.28,-308.601,0],"to":[0,0,0],"ti":[0,6.667,0]},{"i":{"x":0.667,"y":1},"o":{"x":0.333,"y":0},"t":50,"s":[0.28,-320.601,0],"to":[0,0,0],"ti":[0,0,0]},{"i":{"x":0.667,"y":1},"o":{"x":0.333,"y":0},"t":56,"s":[0.28,-308.601,0],"to":[0,0,0],"ti":[0,6.667,0]},{"i":{"x":0.667,"y":1},"o":{"x":0.333,"y":0},"t":62,"s":[0.28,-320.601,0],"to":[0,0,0],"ti":[0,0,0]},{"i":{"x":0.667,"y":1},"o":{"x":0.333,"y":0},"t":68,"s":[0.28,-308.601,0],"to":[0,0,0],"ti":[0,6.667,0]},{"i":{"x":0.667,"y":1},"o":{"x":0.333,"y":0},"t":74,"s":[0.28,-320.601,0],"to":[0,0,0],"ti":[0,0,0]},{"i":{"x":0.667,"y":1},"o":{"x":0.333,"y":0},"t":80,"s":[0.28,-308.601,0],"to":[0,0,0],"ti":[0,6.667,0]},{"i":{"x":0.667,"y":1},"o":{"x":0.354,"y":0},"t":86,"s":[0.28,-314.601,0],"to":[0,0,0],"ti":[0,-4,0]},{"i":{"x":0.667,"y":1},"o":{"x":0.167,"y":0},"t":96,"s":[0.28,-278.601,0],"to":[0,4,0],"ti":[0,1.333,0]},{"i":{"x":0.667,"y":1},"o":{"x":0.167,"y":0},"t":106,"s":[0.28,-290.601,0],"to":[0,-1.333,0],"ti":[0,-0.667,0]},{"t":114,"s":[0.28,-286.601,0]}],"ix":2,"l":2},"a":{"a":0,"k":[493.25,174.731,0],"ix":1,"l":2},"s":{"a":1,"k":[{"i":{"x":[0.667,0.667,0.667],"y":[1,1,1]},"o":{"x":[1,1,0.333],"y":[0,0,0]},"t":18,"s":[100,100,100]},{"i":{"x":[0.667,0.667,0.667],"y":[1,1,1]},"o":{"x":[0.422,1,0.333],"y":[0,0,0]},"t":38,"s":[100,93,100]},{"i":{"x":[0.667,0.667,0.667],"y":[1,1,1]},"o":{"x":[0.422,1,0.333],"y":[0,0,0]},"t":86,"s":[100,93,100]},{"t":96,"s":[100,100,100]}],"ix":6,"l":2}},"ao":0,"shapes":[{"ty":"gr","it":[{"ty":"gr","it":[{"ty":"tr","p":{"a":0,"k":[0,0],"ix":2},"a":{"a":0,"k":[0,0],"ix":1},"s":{"a":0,"k":[100,100],"ix":3},"r":{"a":0,"k":0,"ix":6},"o":{"a":0,"k":100,"ix":7},"sk":{"a":0,"k":0,"ix":4},"sa":{"a":0,"k":0,"ix":5},"nm":"Transform"}],"nm":"Group 1","np":0,"cix":2,"bm":0,"ix":1,"mn":"ADBE Vector Group","hd":false},{"ty":"gf","o":{"a":0,"k":100,"ix":10},"r":1,"bm":0,"g":{"p":3,"k":{"a":0,"k":[0.002,1,0.286,0,0.501,0.945,0.167,0,1,0.89,0.047,0],"ix":9}},"s":{"a":0,"k":[-4,-146.025],"ix":5},"e":{"a":0,"k":[-2,156.039],"ix":6},"t":1,"nm":"Gradient Fill 1","mn":"ADBE Vector Graphic - G-Fill","hd":false},{"ty":"tr","p":{"a":0,"k":[807.97,169.158],"ix":2},"a":{"a":0,"k":[0,0],"ix":1},"s":{"a":0,"k":[100,100],"ix":3},"r":{"a":0,"k":0,"ix":6},"o":{"a":0,"k":100,"ix":7},"sk":{"a":0,"k":0,"ix":4},"sa":{"a":0,"k":0,"ix":5},"nm":"Transform"}],"nm":"Group 1","np":2,"cix":2,"bm":0,"ix":1,"mn":"ADBE Vector Group","hd":false},{"ty":"gr","it":[{"ty":"gr","it":[{"ind":0,"ty":"sh","ix":1,"ks":{"a":0,"k":{"i":[[0.955,-3.342],[-13.86,-3.24],[-6,0],[0,36.64],[36.64,0],[0,0],[0.119,0],[10.7,-23.129]],"o":[[-13.04,54.58],[5.76,1.68],[36.64,0],[0,-36.64],[0,0],[-0.119,-0.001],[-26.062,-0.001],[-1.425,3.08]],"v":[[49.64,-126.479],[95.96,-44.159],[113.72,-41.679],[180.12,-108.079],[113.72,-174.479],[113.64,-174.479],[113.279,-174.48],[53.221,-136.121]],"c":true},"ix":2},"nm":"Path 2","mn":"ADBE Vector Shape - Group","hd":false},{"ty":"tr","p":{"a":0,"k":[0,0],"ix":2},"a":{"a":0,"k":[0,0],"ix":1},"s":{"a":0,"k":[100,100],"ix":3},"r":{"a":0,"k":0,"ix":6},"o":{"a":0,"k":100,"ix":7},"sk":{"a":0,"k":0,"ix":4},"sa":{"a":0,"k":0,"ix":5},"nm":"Transform"}],"nm":"Group 1","np":1,"cix":2,"bm":0,"ix":1,"mn":"ADBE Vector Group","hd":false},{"ty":"gf","o":{"a":0,"k":100,"ix":10},"r":1,"bm":0,"g":{"p":3,"k":{"a":0,"k":[0.002,1,0.286,0,0.501,0.945,0.167,0,1,0.89,0.047,0],"ix":9}},"s":{"a":0,"k":[-4,-146.025],"ix":5},"e":{"a":0,"k":[-2,156.039],"ix":6},"t":1,"nm":"Gradient Fill 1","mn":"ADBE Vector Graphic - G-Fill","hd":false},{"ty":"tr","p":{"a":0,"k":[180.37,172.731],"ix":2},"a":{"a":0,"k":[0,0],"ix":1},"s":{"a":0,"k":[100,100],"ix":3},"r":{"a":0,"k":0,"ix":6},"o":{"a":0,"k":100,"ix":7},"sk":{"a":0,"k":0,"ix":4},"sa":{"a":0,"k":0,"ix":5},"nm":"Transform"}],"nm":"Group 2","np":2,"cix":2,"bm":0,"ix":2,"mn":"ADBE Vector Group","hd":false}],"ip":0,"op":138,"st":0,"bm":0},{"ddd":0,"ind":8,"ty":4,"nm":"hair 2","parent":2,"sr":1,"ks":{"o":{"a":0,"k":100,"ix":11},"r":{"a":0,"k":0,"ix":10},"p":{"a":1,"k":[{"i":{"x":0,"y":1},"o":{"x":0.333,"y":0},"t":10,"s":[0.28,-286.601,0],"to":[0,4,0],"ti":[-1,7,0]},{"i":{"x":0.667,"y":1},"o":{"x":0.991,"y":0},"t":18,"s":[0.28,-262.601,0],"to":[1,-7,0],"ti":[0,6.667,0]},{"i":{"x":0.667,"y":1},"o":{"x":0.354,"y":0},"t":38,"s":[6.28,-328.601,0],"to":[0,0,0],"ti":[0,0,0]},{"i":{"x":0.667,"y":1},"o":{"x":0.333,"y":0},"t":44,"s":[6.28,-316.601,0],"to":[0,0,0],"ti":[0,6.667,0]},{"i":{"x":0.667,"y":1},"o":{"x":0.333,"y":0},"t":50,"s":[6.28,-328.601,0],"to":[0,0,0],"ti":[0,0,0]},{"i":{"x":0.667,"y":1},"o":{"x":0.333,"y":0},"t":56,"s":[6.28,-316.601,0],"to":[0,0,0],"ti":[0,6.667,0]},{"i":{"x":0.667,"y":1},"o":{"x":0.333,"y":0},"t":62,"s":[6.28,-328.601,0],"to":[0,0,0],"ti":[0,0,0]},{"i":{"x":0.667,"y":1},"o":{"x":0.333,"y":0},"t":68,"s":[6.28,-316.601,0],"to":[0,0,0],"ti":[0,6.667,0]},{"i":{"x":0.667,"y":1},"o":{"x":0.333,"y":0},"t":74,"s":[6.28,-328.601,0],"to":[0,0,0],"ti":[0,0,0]},{"i":{"x":0.667,"y":1},"o":{"x":0.333,"y":0},"t":80,"s":[6.28,-316.601,0],"to":[0,0,0],"ti":[0,6.667,0]},{"i":{"x":0.667,"y":1},"o":{"x":0.354,"y":0},"t":86,"s":[6.28,-328.601,0],"to":[0,0,0],"ti":[1,-6.333,0]},{"i":{"x":0.667,"y":1},"o":{"x":0.167,"y":0},"t":96,"s":[0.28,-278.601,0],"to":[-1,6.333,0],"ti":[0,1.333,0]},{"i":{"x":0.667,"y":1},"o":{"x":0.167,"y":0},"t":106,"s":[0.28,-290.601,0],"to":[0,-1.333,0],"ti":[0,-0.667,0]},{"t":114,"s":[0.28,-286.601,0]}],"ix":2,"l":2},"a":{"a":0,"k":[493.25,174.731,0],"ix":1,"l":2},"s":{"a":1,"k":[{"i":{"x":[0.667,0.667,0.667],"y":[1,1,1]},"o":{"x":[1,1,0.333],"y":[0,0,0]},"t":18,"s":[100,100,100]},{"i":{"x":[0.667,0.667,0.667],"y":[1,1,1]},"o":{"x":[0.422,1,0.333],"y":[0,0,0]},"t":38,"s":[100,93,100]},{"i":{"x":[0.667,0.667,0.667],"y":[1,1,1]},"o":{"x":[0.422,1,0.333],"y":[0,0,0]},"t":86,"s":[100,93,100]},{"t":96,"s":[100,100,100]}],"ix":6,"l":2}},"ao":0,"shapes":[{"ty":"gr","it":[{"ty":"gr","it":[{"ty":"tr","p":{"a":0,"k":[0,0],"ix":2},"a":{"a":0,"k":[0,0],"ix":1},"s":{"a":0,"k":[100,100],"ix":3},"r":{"a":0,"k":0,"ix":6},"o":{"a":0,"k":100,"ix":7},"sk":{"a":0,"k":0,"ix":4},"sa":{"a":0,"k":0,"ix":5},"nm":"Transform"}],"nm":"Group 1","np":0,"cix":2,"bm":0,"ix":1,"mn":"ADBE Vector Group","hd":false},{"ty":"gf","o":{"a":0,"k":100,"ix":10},"r":1,"bm":0,"g":{"p":3,"k":{"a":0,"k":[0.002,1,0.286,0,0.501,0.945,0.167,0,1,0.89,0.047,0],"ix":9}},"s":{"a":0,"k":[-2,-100.025],"ix":5},"e":{"a":0,"k":[-2,156.039],"ix":6},"t":1,"nm":"Gradient Fill 1","mn":"ADBE Vector Graphic - G-Fill","hd":false},{"ty":"tr","p":{"a":0,"k":[807.97,169.158],"ix":2},"a":{"a":0,"k":[0,0],"ix":1},"s":{"a":0,"k":[100,100],"ix":3},"r":{"a":0,"k":0,"ix":6},"o":{"a":0,"k":100,"ix":7},"sk":{"a":0,"k":0,"ix":4},"sa":{"a":0,"k":0,"ix":5},"nm":"Transform"}],"nm":"Group 1","np":2,"cix":2,"bm":0,"ix":1,"mn":"ADBE Vector Group","hd":false},{"ty":"gr","it":[{"ty":"gr","it":[{"ind":0,"ty":"sh","ix":1,"ks":{"a":0,"k":{"i":[[0.955,-3.342],[38.08,-51.121],[0,-25.04],[-3.025,-10.458],[-1.851,-4.328],[-20.32,-39.2],[-39.2,20.32],[0,29.84],[0,0],[0,59.84],[0.56,3.52]],"o":[[-51.2,-38.08],[-14.88,19.999],[0,10.968],[1.3,4.494],[-39.2,20.319],[20.32,39.2],[26.48,-13.761],[0,0],[59.6,-5.361],[0,-3.6],[5.76,1.68]],"v":[[49.64,-126.479],[-111.96,-102.798],[-134.84,-33.439],[-130.288,-1.163],[-125.56,12.081],[-159.8,119.921],[-51.96,154.161],[-8.76,83.201],[-8.76,81.761],[96.52,-33.439],[95.96,-44.159]],"c":true},"ix":2},"nm":"Path 2","mn":"ADBE Vector Shape - Group","hd":false},{"ty":"tr","p":{"a":0,"k":[0,0],"ix":2},"a":{"a":0,"k":[0,0],"ix":1},"s":{"a":0,"k":[100,100],"ix":3},"r":{"a":0,"k":0,"ix":6},"o":{"a":0,"k":100,"ix":7},"sk":{"a":0,"k":0,"ix":4},"sa":{"a":0,"k":0,"ix":5},"nm":"Transform"}],"nm":"Group 1","np":1,"cix":2,"bm":0,"ix":1,"mn":"ADBE Vector Group","hd":false},{"ty":"gf","o":{"a":0,"k":100,"ix":10},"r":1,"bm":0,"g":{"p":3,"k":{"a":0,"k":[0.002,1,0.286,0,0.501,0.945,0.167,0,1,0.89,0.047,0],"ix":9}},"s":{"a":0,"k":[-4,-146.025],"ix":5},"e":{"a":0,"k":[-2,156.039],"ix":6},"t":1,"nm":"Gradient Fill 1","mn":"ADBE Vector Graphic - G-Fill","hd":false},{"ty":"tr","p":{"a":0,"k":[180.37,172.731],"ix":2},"a":{"a":0,"k":[0,0],"ix":1},"s":{"a":0,"k":[100,100],"ix":3},"r":{"a":0,"k":0,"ix":6},"o":{"a":0,"k":100,"ix":7},"sk":{"a":0,"k":0,"ix":4},"sa":{"a":0,"k":0,"ix":5},"nm":"Transform"}],"nm":"Group 2","np":2,"cix":2,"bm":0,"ix":2,"mn":"ADBE Vector Group","hd":false}],"ip":0,"op":138,"st":0,"bm":0},{"ddd":0,"ind":9,"ty":4,"nm":"nose","parent":3,"sr":1,"ks":{"o":{"a":0,"k":100,"ix":11},"r":{"a":0,"k":0,"ix":10},"p":{"a":0,"k":[4.001,32.52,0],"ix":2,"l":2},"a":{"a":0,"k":[117.21,117.21,0],"ix":1,"l":2},"s":{"a":0,"k":[100,100,100],"ix":6,"l":2}},"ao":0,"shapes":[{"ty":"gr","it":[{"ty":"gr","it":[{"ind":0,"ty":"sh","ix":1,"ks":{"a":0,"k":{"i":[[0,-64.595],[-64.596,0],[0,64.595],[64.595,0]],"o":[[0,64.595],[64.595,0],[0,-64.595],[-64.596,0]],"v":[[-116.96,-0.001],[0,116.96],[116.961,-0.001],[0,-116.961]],"c":true},"ix":2},"nm":"Path 2","mn":"ADBE Vector Shape - Group","hd":false},{"ty":"tr","p":{"a":0,"k":[0,0],"ix":2},"a":{"a":0,"k":[0,0],"ix":1},"s":{"a":0,"k":[100,100],"ix":3},"r":{"a":0,"k":0,"ix":6},"o":{"a":0,"k":100,"ix":7},"sk":{"a":0,"k":0,"ix":4},"sa":{"a":0,"k":0,"ix":5},"nm":"Transform"}],"nm":"Group 1","np":1,"cix":2,"bm":0,"ix":1,"mn":"ADBE Vector Group","hd":false},{"ty":"mm","mm":4,"nm":"Merge Paths 1","mn":"ADBE Vector Filter - Merge","hd":false},{"ty":"gf","o":{"a":0,"k":100,"ix":10},"r":1,"bm":0,"g":{"p":9,"k":{"a":0,"k":[0.002,1,0.286,0,0.192,0.998,0.282,0,0.382,0.996,0.278,0,0.487,0.988,0.263,0,0.592,0.98,0.247,0,0.746,0.951,0.182,0,0.9,0.922,0.118,0,0.965,0.906,0.082,0,1,0.89,0.047,0],"ix":9}},"s":{"a":0,"k":[2,-43],"ix":5},"e":{"a":0,"k":[150,-47],"ix":6},"t":2,"h":{"a":0,"k":0,"ix":7},"a":{"a":0,"k":0,"ix":8},"nm":"Gradient Fill 1","mn":"ADBE Vector Graphic - G-Fill","hd":false},{"ty":"tr","p":{"a":0,"k":[117.21,117.211],"ix":2},"a":{"a":0,"k":[0,0],"ix":1},"s":{"a":0,"k":[100,100],"ix":3},"r":{"a":0,"k":0,"ix":6},"o":{"a":0,"k":100,"ix":7},"sk":{"a":0,"k":0,"ix":4},"sa":{"a":0,"k":0,"ix":5},"nm":"Transform"}],"nm":"Group 1","np":3,"cix":2,"bm":0,"ix":1,"mn":"ADBE Vector Group","hd":false}],"ip":0,"op":138,"st":0,"bm":0},{"ddd":0,"ind":10,"ty":4,"nm":"eyes 2","parent":3,"sr":1,"ks":{"o":{"a":0,"k":100,"ix":11},"r":{"a":0,"k":0,"ix":10},"p":{"a":0,"k":[9.48,-100.16,0],"ix":2,"l":2},"a":{"a":0,"k":[229.73,75.57,0],"ix":1,"l":2},"s":{"a":1,"k":[{"i":{"x":[0.667,0.667,0.667],"y":[1,1,1]},"o":{"x":[0.167,0.167,0.167],"y":[0,0.167,0]},"t":92,"s":[100,85,100]},{"t":96,"s":[100,100,100]}],"ix":6,"l":2}},"ao":0,"shapes":[{"ty":"gr","it":[{"ind":0,"ty":"sh","ix":1,"ks":{"a":0,"k":{"i":[[7.12,6.88],[0,0],[5.52,-11.36],[-7.12,-6.88],[-5.52,11.36]],"o":[[0,0],[-11.36,-5.44],[-4.24,8.88],[11.36,5.44],[4.24,-8.88]],"v":[[12.88,-18.56],[12.88,-18.56],[-17.68,-7.84],[-12.88,18.56],[17.68,7.84]],"c":true},"ix":2},"nm":"Path 1","mn":"ADBE Vector Shape - Group","hd":false},{"ty":"fl","c":{"a":0,"k":[0.536999990426,0.375999989229,0.141000007181,1],"ix":4},"o":{"a":0,"k":100,"ix":5},"r":1,"bm":0,"nm":"Fill 1","mn":"ADBE Vector Graphic - Fill","hd":false},{"ty":"tr","p":{"a":0,"k":[379.37,50.25],"ix":2},"a":{"a":0,"k":[0,0],"ix":1},"s":{"a":0,"k":[100,100],"ix":3},"r":{"a":0,"k":0,"ix":6},"o":{"a":0,"k":100,"ix":7},"sk":{"a":0,"k":0,"ix":4},"sa":{"a":0,"k":0,"ix":5},"nm":"Transform"}],"nm":"Group 1","np":2,"cix":2,"bm":0,"ix":1,"mn":"ADBE Vector Group","hd":false},{"ty":"gr","it":[{"ind":0,"ty":"sh","ix":1,"ks":{"a":0,"k":{"i":[[33.52,0],[0,0],[0,-47.04],[-33.52,0],[0,46.96]],"o":[[0,0],[-33.52,0],[0,47.04],[33.52,0],[0,-46.96]],"v":[[0,-75.32],[0,-75.32],[-64,0.04],[0,75.32],[64,0.04]],"c":true},"ix":2},"nm":"Path 1","mn":"ADBE Vector Shape - Group","hd":false},{"ty":"fl","c":{"a":0,"k":[0.258999992819,0.169000004787,0.051000000449,1],"ix":4},"o":{"a":0,"k":100,"ix":5},"r":1,"bm":0,"nm":"Fill 1","mn":"ADBE Vector Graphic - Fill","hd":false},{"ty":"tr","p":{"a":0,"k":[395.21,75.57],"ix":2},"a":{"a":0,"k":[0,0],"ix":1},"s":{"a":0,"k":[100,100],"ix":3},"r":{"a":0,"k":0,"ix":6},"o":{"a":0,"k":100,"ix":7},"sk":{"a":0,"k":0,"ix":4},"sa":{"a":0,"k":0,"ix":5},"nm":"Transform"}],"nm":"Group 2","np":2,"cix":2,"bm":0,"ix":2,"mn":"ADBE Vector Group","hd":false},{"ty":"gr","it":[{"ind":0,"ty":"sh","ix":1,"ks":{"a":0,"k":{"i":[[7.12,6.88],[0,0],[5.52,-11.36],[-7.12,-6.88],[-5.52,11.36]],"o":[[0,0],[-11.36,-5.44],[-4.24,8.88],[11.36,5.44],[4.24,-8.88]],"v":[[12.88,-18.56],[12.88,-18.56],[-17.68,-7.84],[-12.88,18.56],[17.68,7.84]],"c":true},"ix":2},"nm":"Path 1","mn":"ADBE Vector Shape - Group","hd":false},{"ty":"fl","c":{"a":0,"k":[0.536999990426,0.375999989229,0.141000007181,1],"ix":4},"o":{"a":0,"k":100,"ix":5},"r":1,"bm":0,"nm":"Fill 1","mn":"ADBE Vector Graphic - Fill","hd":false},{"ty":"tr","p":{"a":0,"k":[48.57,50.25],"ix":2},"a":{"a":0,"k":[0,0],"ix":1},"s":{"a":0,"k":[100,100],"ix":3},"r":{"a":0,"k":0,"ix":6},"o":{"a":0,"k":100,"ix":7},"sk":{"a":0,"k":0,"ix":4},"sa":{"a":0,"k":0,"ix":5},"nm":"Transform"}],"nm":"Group 3","np":2,"cix":2,"bm":0,"ix":3,"mn":"ADBE Vector Group","hd":false},{"ty":"gr","it":[{"ind":0,"ty":"sh","ix":1,"ks":{"a":0,"k":{"i":[[33.92,0],[0,0],[0,-47.04],[-33.52,0],[0,46.96]],"o":[[0,0],[-33.52,0],[0,47.04],[33.6,0],[0,-46.96]],"v":[[0,-75.32],[0,-75.32],[-64,0.04],[0,75.32],[64,0.04]],"c":true},"ix":2},"nm":"Path 1","mn":"ADBE Vector Shape - Group","hd":false},{"ty":"fl","c":{"a":0,"k":[0.258999992819,0.169000004787,0.051000000449,1],"ix":4},"o":{"a":0,"k":100,"ix":5},"r":1,"bm":0,"nm":"Fill 1","mn":"ADBE Vector Graphic - Fill","hd":false},{"ty":"tr","p":{"a":0,"k":[64.25,75.57],"ix":2},"a":{"a":0,"k":[0,0],"ix":1},"s":{"a":0,"k":[100,100],"ix":3},"r":{"a":0,"k":0,"ix":6},"o":{"a":0,"k":100,"ix":7},"sk":{"a":0,"k":0,"ix":4},"sa":{"a":0,"k":0,"ix":5},"nm":"Transform"}],"nm":"Group 4","np":2,"cix":2,"bm":0,"ix":4,"mn":"ADBE Vector Group","hd":false}],"ip":92,"op":138,"st":92,"bm":0},{"ddd":0,"ind":11,"ty":4,"nm":"eyes","parent":3,"sr":1,"ks":{"o":{"a":0,"k":100,"ix":11},"r":{"a":0,"k":0,"ix":10},"p":{"a":0,"k":[9.48,-100.16,0],"ix":2,"l":2},"a":{"a":0,"k":[229.73,75.57,0],"ix":1,"l":2},"s":{"a":1,"k":[{"i":{"x":[0.833,0.833,0.833],"y":[1,0.833,1]},"o":{"x":[0.333,0.333,0.333],"y":[0,0,0]},"t":26,"s":[100,100,100]},{"t":30,"s":[100,85,100]}],"ix":6,"l":2}},"ao":0,"shapes":[{"ty":"gr","it":[{"ind":0,"ty":"sh","ix":1,"ks":{"a":0,"k":{"i":[[7.12,6.88],[0,0],[5.52,-11.36],[-7.12,-6.88],[-5.52,11.36]],"o":[[0,0],[-11.36,-5.44],[-4.24,8.88],[11.36,5.44],[4.24,-8.88]],"v":[[12.88,-18.56],[12.88,-18.56],[-17.68,-7.84],[-12.88,18.56],[17.68,7.84]],"c":true},"ix":2},"nm":"Path 1","mn":"ADBE Vector Shape - Group","hd":false},{"ty":"fl","c":{"a":0,"k":[0.536999990426,0.375999989229,0.141000007181,1],"ix":4},"o":{"a":0,"k":100,"ix":5},"r":1,"bm":0,"nm":"Fill 1","mn":"ADBE Vector Graphic - Fill","hd":false},{"ty":"tr","p":{"a":0,"k":[379.37,50.25],"ix":2},"a":{"a":0,"k":[0,0],"ix":1},"s":{"a":0,"k":[100,100],"ix":3},"r":{"a":0,"k":0,"ix":6},"o":{"a":0,"k":100,"ix":7},"sk":{"a":0,"k":0,"ix":4},"sa":{"a":0,"k":0,"ix":5},"nm":"Transform"}],"nm":"Group 1","np":2,"cix":2,"bm":0,"ix":1,"mn":"ADBE Vector Group","hd":false},{"ty":"gr","it":[{"ind":0,"ty":"sh","ix":1,"ks":{"a":0,"k":{"i":[[33.52,0],[0,0],[0,-47.04],[-33.52,0],[0,46.96]],"o":[[0,0],[-33.52,0],[0,47.04],[33.52,0],[0,-46.96]],"v":[[0,-75.32],[0,-75.32],[-64,0.04],[0,75.32],[64,0.04]],"c":true},"ix":2},"nm":"Path 1","mn":"ADBE Vector Shape - Group","hd":false},{"ty":"fl","c":{"a":0,"k":[0.258999992819,0.169000004787,0.051000000449,1],"ix":4},"o":{"a":0,"k":100,"ix":5},"r":1,"bm":0,"nm":"Fill 1","mn":"ADBE Vector Graphic - Fill","hd":false},{"ty":"tr","p":{"a":0,"k":[395.21,75.57],"ix":2},"a":{"a":0,"k":[0,0],"ix":1},"s":{"a":0,"k":[100,100],"ix":3},"r":{"a":0,"k":0,"ix":6},"o":{"a":0,"k":100,"ix":7},"sk":{"a":0,"k":0,"ix":4},"sa":{"a":0,"k":0,"ix":5},"nm":"Transform"}],"nm":"Group 2","np":2,"cix":2,"bm":0,"ix":2,"mn":"ADBE Vector Group","hd":false},{"ty":"gr","it":[{"ind":0,"ty":"sh","ix":1,"ks":{"a":0,"k":{"i":[[7.12,6.88],[0,0],[5.52,-11.36],[-7.12,-6.88],[-5.52,11.36]],"o":[[0,0],[-11.36,-5.44],[-4.24,8.88],[11.36,5.44],[4.24,-8.88]],"v":[[12.88,-18.56],[12.88,-18.56],[-17.68,-7.84],[-12.88,18.56],[17.68,7.84]],"c":true},"ix":2},"nm":"Path 1","mn":"ADBE Vector Shape - Group","hd":false},{"ty":"fl","c":{"a":0,"k":[0.536999990426,0.375999989229,0.141000007181,1],"ix":4},"o":{"a":0,"k":100,"ix":5},"r":1,"bm":0,"nm":"Fill 1","mn":"ADBE Vector Graphic - Fill","hd":false},{"ty":"tr","p":{"a":0,"k":[48.57,50.25],"ix":2},"a":{"a":0,"k":[0,0],"ix":1},"s":{"a":0,"k":[100,100],"ix":3},"r":{"a":0,"k":0,"ix":6},"o":{"a":0,"k":100,"ix":7},"sk":{"a":0,"k":0,"ix":4},"sa":{"a":0,"k":0,"ix":5},"nm":"Transform"}],"nm":"Group 3","np":2,"cix":2,"bm":0,"ix":3,"mn":"ADBE Vector Group","hd":false},{"ty":"gr","it":[{"ind":0,"ty":"sh","ix":1,"ks":{"a":0,"k":{"i":[[33.92,0],[0,0],[0,-47.04],[-33.52,0],[0,46.96]],"o":[[0,0],[-33.52,0],[0,47.04],[33.6,0],[0,-46.96]],"v":[[0,-75.32],[0,-75.32],[-64,0.04],[0,75.32],[64,0.04]],"c":true},"ix":2},"nm":"Path 1","mn":"ADBE Vector Shape - Group","hd":false},{"ty":"fl","c":{"a":0,"k":[0.258999992819,0.169000004787,0.051000000449,1],"ix":4},"o":{"a":0,"k":100,"ix":5},"r":1,"bm":0,"nm":"Fill 1","mn":"ADBE Vector Graphic - Fill","hd":false},{"ty":"tr","p":{"a":0,"k":[64.25,75.57],"ix":2},"a":{"a":0,"k":[0,0],"ix":1},"s":{"a":0,"k":[100,100],"ix":3},"r":{"a":0,"k":0,"ix":6},"o":{"a":0,"k":100,"ix":7},"sk":{"a":0,"k":0,"ix":4},"sa":{"a":0,"k":0,"ix":5},"nm":"Transform"}],"nm":"Group 4","np":2,"cix":2,"bm":0,"ix":4,"mn":"ADBE Vector Group","hd":false}],"ip":0,"op":32,"st":0,"bm":0},{"ddd":0,"ind":12,"ty":4,"nm":"closed eyes","parent":3,"sr":1,"ks":{"o":{"a":0,"k":100,"ix":11},"r":{"a":0,"k":0,"ix":10},"p":{"a":0,"k":[4.24,-104.2,0],"ix":2,"l":2},"a":{"a":0,"k":[277.29,51.29,0],"ix":1,"l":2},"s":{"a":0,"k":[100,100,100],"ix":6,"l":2}},"ao":0,"shapes":[{"ty":"gr","it":[{"ind":0,"ty":"sh","ix":1,"ks":{"a":0,"k":{"i":[[7.12,7.28],[1.04,1.04],[1.2,0.88],[2.16,1.76],[2.88,2],[3.44,1.68],[3.84,1.44],[4.08,0.88],[4.24,0],[0,0],[0,0],[0,0],[0,0],[0,0],[0,0],[0,0],[0.8,-0.08],[2,-0.32],[3.84,-1.36],[3.36,-1.84],[2.96,-1.84],[3.12,-2.88],[0,0],[0,0],[10.56,8.56],[-4.16,8.72],[-0.8,1.6],[-1.76,2.8],[-8.64,8.4],[-6,4],[-7.52,3.28],[-8.64,1.76],[-5.36,0.48],[-1.28,0.08],[0,0],[-8.72,-1.68],[-7.52,-3.2],[-5.84,-4.16],[-4.32,-4.24],[-2.88,-3.76],[-1.2,-1.68],[-0.88,-1.52],[-0.8,-1.52],[0,0],[13.36,-4.8]],"o":[[0,0],[-0.88,-0.88],[-1.52,-1.28],[-2.32,-1.76],[-2.96,-1.84],[-3.36,-1.84],[-3.84,-1.36],[-4.08,-0.64],[0,0],[0,0],[0,0],[0,0],[0,0],[0,0],[0,0],[-2.08,0],[-1.28,0],[-4.08,0.88],[-3.76,1.44],[-3.44,1.76],[-5.76,3.84],[-3.2,2.88],[0,0],[-9.68,9.36],[-8.32,-6.8],[0,0],[0.8,-1.52],[3.28,-5.68],[4.32,-4.16],[5.84,-4.16],[7.52,-3.2],[4.4,-0.8],[2.48,-0.24],[0,0],[9.04,0.16],[8.64,1.76],[7.44,3.28],[6,4],[4.32,4.16],[1.36,1.92],[1.12,1.84],[2.16,3.36],[0.56,1.28],[5.36,11.92],[-10.48,3.76]],"v":[[63.92,38.72],[62.32,37.12],[58.24,33.12],[52.72,28.56],[44.88,22.88],[35.28,17.44],[24.24,12.88],[12.24,9.92],[-0.32,8.96],[0.8,8.96],[0.72,8.96],[0.56,8.96],[0.24,8.96],[-0.4,8.96],[-1.68,8.96],[-4.16,9.04],[-7.36,9.28],[-12.96,10],[-24.96,12.96],[-35.92,17.52],[-45.52,22.96],[-59.12,33.52],[-64.16,38.16],[-66.16,40.16],[-102.72,41.52],[-108.96,15.52],[-107.76,13.12],[-104.24,6.4],[-86.88,-15.68],[-71.52,-28.24],[-51.36,-39.44],[-27.04,-47.2],[-13.2,-49.28],[-6.48,-49.84],[-0.32,-50.08],[26.4,-47.28],[50.72,-39.52],[70.88,-28.32],[86.16,-15.76],[96.8,-3.68],[100.64,1.68],[103.76,6.72],[106.88,12.88],[107.76,14.88],[93.28,45.12]],"c":true},"ix":2},"nm":"Path 1","mn":"ADBE Vector Shape - Group","hd":false},{"ty":"fl","c":{"a":0,"k":[0.258999992819,0.169000004787,0.051000000449,1],"ix":4},"o":{"a":0,"k":100,"ix":5},"r":1,"bm":0,"nm":"Fill 1","mn":"ADBE Vector Graphic - Fill","hd":false},{"ty":"tr","p":{"a":0,"k":[441.21,50.33],"ix":2},"a":{"a":0,"k":[0,0],"ix":1},"s":{"a":0,"k":[100,100],"ix":3},"r":{"a":0,"k":0,"ix":6},"o":{"a":0,"k":100,"ix":7},"sk":{"a":0,"k":0,"ix":4},"sa":{"a":0,"k":0,"ix":5},"nm":"Transform"}],"nm":"Group 1","np":2,"cix":2,"bm":0,"ix":1,"mn":"ADBE Vector Group","hd":false},{"ty":"gr","it":[{"ind":0,"ty":"sh","ix":1,"ks":{"a":0,"k":{"i":[[7.2,7.2],[0,0],[0.8,0.8],[2.4,2.4],[3.2,1.6],[3.2,1.6],[4,1.6],[4,0.8],[4.8,0],[0,0],[0,0],[0,0],[0,0],[0,0],[1.6,0],[4,-1.6],[3.2,-2.4],[3.2,-2.4],[3.2,-2.4],[0,0],[0,0],[11.2,8],[-4,8],[0,0],[-1.6,2.4],[-8.8,8.8],[-5.6,4],[-7.2,3.2],[-8,1.6],[-4.8,0.8],[-0.8,0],[0,0],[-8.8,-1.6],[-7.2,-3.2],[-5.6,-4],[-4,-4.8],[-2.4,-4],[-1.6,-1.6],[-0.8,-1.6],[-0.8,-1.6],[0,0],[13.6,-4.8]],"o":[[0,0],[-0.8,-0.8],[-1.6,-1.6],[-2.4,-1.6],[-3.2,-1.6],[-3.2,-1.6],[-4,-1.6],[-4,-0.8],[0,0],[0,0],[0,0],[0,0],[0,0],[-1.6,0],[-4,0.8],[-4,1.6],[-3.2,1.6],[-5.6,4],[-3.2,3.2],[0,0],[-9.6,9.6],[-8,-6.4],[0,0],[0.8,-1.6],[3.2,-5.6],[4,-4],[5.6,-4],[7.2,-3.2],[4,-0.8],[2.4,0],[0,0],[8.8,0],[8.8,1.6],[7.2,3.2],[6.4,4],[4,4],[1.6,1.6],[0.8,1.6],[2.4,3.2],[0,0],[5.6,12],[-7.2,4]],"v":[[65.6,39.6],[64,38],[60,34],[54.4,29.2],[46.4,23.6],[36.8,18],[25.6,13.2],[13.6,10],[0.8,9.2],[1.6,9.2],[0.8,9.2],[-0.8,9.2],[-3.2,9.2],[-6.4,9.2],[-12,10],[-24,13.2],[-35.2,18],[-44.8,23.6],[-58.4,34],[-63.2,38.8],[-64.8,40.4],[-101.6,42],[-108,16.4],[-107.2,14],[-104,7.6],[-86.4,-14.8],[-71.2,-27.6],[-51.2,-38.8],[-27.2,-46.8],[-13.6,-49.2],[-7.2,-50],[-0.8,-50],[25.6,-47.6],[49.6,-39.6],[69.6,-28.4],[84.8,-15.6],[95.2,-3.6],[99.2,2],[102.4,6.8],[105.6,13.2],[106.4,14.8],[92,45.2]],"c":true},"ix":2},"nm":"Path 1","mn":"ADBE Vector Shape - Group","hd":false},{"ty":"fl","c":{"a":0,"k":[0.258999992819,0.169000004787,0.051000000449,1],"ix":4},"o":{"a":0,"k":100,"ix":5},"r":1,"bm":0,"nm":"Fill 1","mn":"ADBE Vector Graphic - Fill","hd":false},{"ty":"tr","p":{"a":0,"k":[112.25,52.33],"ix":2},"a":{"a":0,"k":[0,0],"ix":1},"s":{"a":0,"k":[100,100],"ix":3},"r":{"a":0,"k":0,"ix":6},"o":{"a":0,"k":100,"ix":7},"sk":{"a":0,"k":0,"ix":4},"sa":{"a":0,"k":0,"ix":5},"nm":"Transform"}],"nm":"Group 2","np":2,"cix":2,"bm":0,"ix":2,"mn":"ADBE Vector Group","hd":false}],"ip":32,"op":92,"st":32,"bm":0},{"ddd":0,"ind":13,"ty":4,"nm":"mouth","parent":3,"sr":1,"ks":{"o":{"a":0,"k":100,"ix":11},"r":{"a":0,"k":0,"ix":10},"p":{"a":0,"k":[6,240.48,0],"ix":2,"l":2},"a":{"a":0,"k":[216.4,78.039,0],"ix":1,"l":2},"s":{"a":0,"k":[100,100,100],"ix":6,"l":2}},"ao":0,"shapes":[{"ty":"gr","it":[{"ind":0,"ty":"sh","ix":1,"ks":{"a":1,"k":[{"i":{"x":0.667,"y":1},"o":{"x":0.772,"y":0},"t":26,"s":[{"i":[[102,0],[21.84,33.279],[-5.52,12.321],[-8.88,-0.079],[-3.12,-1.04],[-57.68,0.32],[-54.96,16.559],[-3.28,0.08],[-4.24,-7.759],[8.24,-10.641]],"o":[[-101.92,0],[-8.24,-10.641],[4.24,-7.759],[3.28,0],[55.2,16.639],[57.36,0.32],[3.12,-1.04],[8.88,-0.079],[5.52,12.321],[-21.84,33.279]],"v":[[0,68.039],[-196.4,-18.12],[-200.88,-55.48],[-179.52,-67.961],[-169.84,-66.359],[0.4,-41.801],[169.84,-66.359],[179.52,-67.961],[200.88,-55.48],[196.4,-18.12]],"c":true}]},{"i":{"x":0.667,"y":1},"o":{"x":0.167,"y":0},"t":36,"s":[{"i":[[102,0],[21.84,45.383],[-5.52,16.799],[-8.88,-0.066],[-3.12,-0.873],[-57.68,0.27],[-54.96,13.906],[-3.28,0.068],[-4.24,-10.583],[8.24,-14.509]],"o":[[-101.92,0],[-8.24,-14.509],[4.24,-10.583],[3.28,0],[55.2,13.974],[57.36,0.27],[3.12,-0.873],[8.88,-0.066],[5.52,16.799],[-21.84,45.383]],"v":[[0,117.63],[-196.4,0.137],[-200.88,-50.809],[-179.52,-67.973],[-169.84,-66.629],[0.4,-46.005],[169.84,-66.629],[179.52,-67.973],[200.88,-50.809],[196.4,0.137]],"c":true}]},{"i":{"x":0.368,"y":1},"o":{"x":0.621,"y":0},"t":78,"s":[{"i":[[102,0],[21.84,45.383],[-5.52,16.799],[-8.88,-0.066],[-3.12,-0.873],[-57.68,0.27],[-54.96,13.906],[-3.28,0.068],[-4.24,-10.583],[8.24,-14.509]],"o":[[-101.92,0],[-8.24,-14.509],[4.24,-10.583],[3.28,0],[55.2,13.974],[57.36,0.27],[3.12,-0.873],[8.88,-0.066],[5.52,16.799],[-21.84,45.383]],"v":[[0,117.63],[-196.4,0.137],[-200.88,-50.809],[-179.52,-67.973],[-169.84,-66.629],[0.4,-46.005],[169.84,-66.629],[179.52,-67.973],[200.88,-50.809],[196.4,0.137]],"c":true}]},{"t":92,"s":[{"i":[[102,0],[21.84,33.279],[-5.52,12.321],[-8.88,-0.079],[-3.12,-1.04],[-57.68,0.32],[-54.96,16.559],[-3.28,0.08],[-4.24,-7.759],[8.24,-10.641]],"o":[[-101.92,0],[-8.24,-10.641],[4.24,-7.759],[3.28,0],[55.2,16.639],[57.36,0.32],[3.12,-1.04],[8.88,-0.079],[5.52,12.321],[-21.84,33.279]],"v":[[0,68.039],[-196.4,-18.12],[-200.88,-55.48],[-179.52,-67.961],[-169.84,-66.359],[0.4,-41.801],[169.84,-66.359],[179.52,-67.961],[200.88,-55.48],[196.4,-18.12]],"c":true}]}],"ix":2},"nm":"Path 1","mn":"ADBE Vector Shape - Group","hd":false},{"ty":"gs","o":{"a":0,"k":100,"ix":9},"w":{"a":0,"k":32,"ix":10},"g":{"p":3,"k":{"a":0,"k":[0,1,0.286,0,0.62,0.945,0.167,0,1,0.89,0.047,0],"ix":8}},"s":{"a":0,"k":[-188,-2],"ix":4},"e":{"a":0,"k":[174,-2],"ix":5},"t":1,"lc":1,"lj":1,"ml":10,"ml2":{"a":0,"k":10,"ix":13},"bm":0,"nm":"Gradient Stroke 1","mn":"ADBE Vector Graphic - G-Stroke","hd":false},{"ty":"tr","p":{"a":0,"k":[216.4,78.04],"ix":2},"a":{"a":0,"k":[0,0],"ix":1},"s":{"a":0,"k":[100,100],"ix":3},"r":{"a":0,"k":0,"ix":6},"o":{"a":0,"k":100,"ix":7},"sk":{"a":0,"k":0,"ix":4},"sa":{"a":0,"k":0,"ix":5},"nm":"Transform"}],"nm":"Group 1","np":2,"cix":2,"bm":0,"ix":1,"mn":"ADBE Vector Group","hd":false},{"ty":"gr","it":[{"ind":0,"ty":"sh","ix":1,"ks":{"a":1,"k":[{"i":{"x":0.667,"y":1},"o":{"x":0.772,"y":0},"t":26,"s":[{"i":[[102,0],[21.84,33.279],[-5.52,12.321],[-8.88,-0.079],[-3.12,-1.04],[-57.68,0.32],[-54.96,16.559],[-3.28,0.08],[-4.24,-7.759],[8.24,-10.641]],"o":[[-101.92,0],[-8.24,-10.641],[4.24,-7.759],[3.28,0],[55.2,16.639],[57.36,0.32],[3.12,-1.04],[8.88,-0.079],[5.52,12.321],[-21.84,33.279]],"v":[[0,68.039],[-196.4,-18.12],[-200.88,-55.48],[-179.52,-67.961],[-169.84,-66.359],[0.4,-41.801],[169.84,-66.359],[179.52,-67.961],[200.88,-55.48],[196.4,-18.12]],"c":true}]},{"i":{"x":0.667,"y":1},"o":{"x":0.167,"y":0},"t":36,"s":[{"i":[[102,0],[21.84,45.383],[-5.52,16.799],[-8.88,-0.066],[-3.12,-0.873],[-57.68,0.27],[-54.96,13.906],[-3.28,0.068],[-4.24,-10.583],[8.24,-14.509]],"o":[[-101.92,0],[-8.24,-14.509],[4.24,-10.583],[3.28,0],[55.2,13.974],[57.36,0.27],[3.12,-0.873],[8.88,-0.066],[5.52,16.799],[-21.84,45.383]],"v":[[0,117.63],[-196.4,0.137],[-200.88,-50.809],[-179.52,-67.973],[-169.84,-66.629],[0.4,-46.005],[169.84,-66.629],[179.52,-67.973],[200.88,-50.809],[196.4,0.137]],"c":true}]},{"i":{"x":0.368,"y":1},"o":{"x":0.621,"y":0},"t":78,"s":[{"i":[[102,0],[21.84,45.383],[-5.52,16.799],[-8.88,-0.066],[-3.12,-0.873],[-57.68,0.27],[-54.96,13.906],[-3.28,0.068],[-4.24,-10.583],[8.24,-14.509]],"o":[[-101.92,0],[-8.24,-14.509],[4.24,-10.583],[3.28,0],[55.2,13.974],[57.36,0.27],[3.12,-0.873],[8.88,-0.066],[5.52,16.799],[-21.84,45.383]],"v":[[0,117.63],[-196.4,0.137],[-200.88,-50.809],[-179.52,-67.973],[-169.84,-66.629],[0.4,-46.005],[169.84,-66.629],[179.52,-67.973],[200.88,-50.809],[196.4,0.137]],"c":true}]},{"t":92,"s":[{"i":[[102,0],[21.84,33.279],[-5.52,12.321],[-8.88,-0.079],[-3.12,-1.04],[-57.68,0.32],[-54.96,16.559],[-3.28,0.08],[-4.24,-7.759],[8.24,-10.641]],"o":[[-101.92,0],[-8.24,-10.641],[4.24,-7.759],[3.28,0],[55.2,16.639],[57.36,0.32],[3.12,-1.04],[8.88,-0.079],[5.52,12.321],[-21.84,33.279]],"v":[[0,68.039],[-196.4,-18.12],[-200.88,-55.48],[-179.52,-67.961],[-169.84,-66.359],[0.4,-41.801],[169.84,-66.359],[179.52,-67.961],[200.88,-55.48],[196.4,-18.12]],"c":true}]}],"ix":2},"nm":"Path 1","mn":"ADBE Vector Shape - Group","hd":false},{"ty":"fl","c":{"a":0,"k":[0.258999992819,0.169000004787,0.051000000449,1],"ix":4},"o":{"a":0,"k":100,"ix":5},"r":1,"bm":0,"nm":"Fill 1","mn":"ADBE Vector Graphic - Fill","hd":false},{"ty":"tr","p":{"a":0,"k":[216.4,78.04],"ix":2},"a":{"a":0,"k":[0,0],"ix":1},"s":{"a":0,"k":[100,100],"ix":3},"r":{"a":0,"k":0,"ix":6},"o":{"a":0,"k":100,"ix":7},"sk":{"a":0,"k":0,"ix":4},"sa":{"a":0,"k":0,"ix":5},"nm":"Transform"}],"nm":"Group 2","np":2,"cix":2,"bm":0,"ix":2,"mn":"ADBE Vector Group","hd":false}],"ip":0,"op":138,"st":0,"bm":0},{"ddd":0,"ind":14,"ty":4,"nm":"base matte","parent":16,"td":1,"sr":1,"ks":{"o":{"a":0,"k":100,"ix":11},"r":{"a":0,"k":0,"ix":10},"p":{"a":0,"k":[-2,-3,0],"ix":2,"l":2},"a":{"a":0,"k":[0,0,0],"ix":1,"l":2},"s":{"a":0,"k":[100,100,100],"ix":6,"l":2}},"ao":0,"shapes":[{"ty":"gr","it":[{"ind":0,"ty":"sh","ix":1,"ks":{"a":0,"k":{"i":[[15.4,0],[0,38.4],[-27.9,0],[-10.6,-9.3],[0,-16.9],[11.5,-10.2]],"o":[[-27.9,0],[0,-38.4],[15.5,0],[11.5,10.2],[0,16.9],[-10.6,9.3]],"v":[[0,55.9],[-58,0],[0,-55.9],[40.4,-41.5],[58,0],[40.4,41.4]],"c":true},"ix":2},"nm":"Path 1","mn":"ADBE Vector Shape - Group","hd":false},{"ty":"gf","o":{"a":0,"k":100,"ix":10},"r":1,"bm":0,"g":{"p":5,"k":{"a":0,"k":[0.48,0.992,0.878,0.188,0.691,0.98,0.816,0.178,0.902,0.969,0.753,0.169,0.966,0.963,0.694,0.153,1,0.957,0.635,0.137],"ix":9}},"s":{"a":0,"k":[0,0],"ix":5},"e":{"a":0,"k":[56.225,0],"ix":6},"t":2,"h":{"a":0,"k":0,"ix":7},"a":{"a":0,"k":0,"ix":8},"nm":"Gradient Fill 1","mn":"ADBE Vector Graphic - G-Fill","hd":false},{"ty":"tr","p":{"a":0,"k":[0,0],"ix":2},"a":{"a":0,"k":[0,0],"ix":1},"s":{"a":0,"k":[100,100],"ix":3},"r":{"a":0,"k":0,"ix":6},"o":{"a":0,"k":100,"ix":7},"sk":{"a":0,"k":0,"ix":4},"sa":{"a":0,"k":0,"ix":5},"nm":"Transform"}],"nm":"Group 1","np":2,"cix":2,"bm":0,"ix":1,"mn":"ADBE Vector Group","hd":false}],"ip":0,"op":138,"st":0,"bm":0},{"ddd":0,"ind":15,"ty":4,"nm":"base shadow","parent":16,"tt":2,"sr":1,"ks":{"o":{"a":0,"k":100,"ix":11},"r":{"a":0,"k":0,"ix":10},"p":{"a":0,"k":[0,0,0],"ix":2,"l":2},"a":{"a":0,"k":[0,0,0],"ix":1,"l":2},"s":{"a":0,"k":[100,100,100],"ix":6,"l":2}},"ao":0,"shapes":[{"ty":"gr","it":[{"ind":0,"ty":"sh","ix":1,"ks":{"a":0,"k":{"i":[[15.4,0],[0,38.4],[-27.9,0],[-10.6,-9.3],[0,-16.9],[11.5,-10.2]],"o":[[-27.9,0],[0,-38.4],[15.5,0],[11.5,10.2],[0,16.9],[-10.6,9.3]],"v":[[0,55.9],[-58,0],[0,-55.9],[40.4,-41.5],[58,0],[40.4,41.4]],"c":true},"ix":2},"nm":"Path 1","mn":"ADBE Vector Shape - Group","hd":false},{"ty":"fl","c":{"a":0,"k":[0.678431391716,0.737254917622,0.764705955982,1],"ix":4},"o":{"a":0,"k":100,"ix":5},"r":1,"bm":0,"nm":"Fill 1","mn":"ADBE Vector Graphic - Fill","hd":false},{"ty":"tr","p":{"a":0,"k":[0,0],"ix":2},"a":{"a":0,"k":[0,0],"ix":1},"s":{"a":0,"k":[100,100],"ix":3},"r":{"a":0,"k":0,"ix":6},"o":{"a":0,"k":100,"ix":7},"sk":{"a":0,"k":0,"ix":4},"sa":{"a":0,"k":0,"ix":5},"nm":"Transform"}],"nm":"Group 1","np":2,"cix":2,"bm":0,"ix":1,"mn":"ADBE Vector Group","hd":false}],"ip":0,"op":138,"st":0,"bm":0},{"ddd":0,"ind":16,"ty":4,"nm":"base normal","parent":2,"sr":1,"ks":{"o":{"a":0,"k":100,"ix":11},"r":{"a":0,"k":0,"ix":10},"p":{"a":0,"k":[0,0,0],"ix":2,"l":2},"a":{"a":0,"k":[0,0,0],"ix":1,"l":2},"s":{"a":0,"k":[800,800,100],"ix":6,"l":2}},"ao":0,"shapes":[{"ty":"gr","it":[{"ind":0,"ty":"sh","ix":1,"ks":{"a":0,"k":{"i":[[15.4,0],[0,38.4],[-27.9,0],[-10.6,-9.3],[0,-16.9],[11.5,-10.2]],"o":[[-27.9,0],[0,-38.4],[15.5,0],[11.5,10.2],[0,16.9],[-10.6,9.3]],"v":[[0,55.9],[-58,0],[0,-55.9],[40.4,-41.5],[58,0],[40.4,41.4]],"c":true},"ix":2},"nm":"Path 1","mn":"ADBE Vector Shape - Group","hd":false},{"ty":"gf","o":{"a":0,"k":100,"ix":10},"r":1,"bm":0,"g":{"p":5,"k":{"a":0,"k":[0.5,1,1,1,0.728,0.982,0.982,0.982,0.882,0.965,0.965,0.965,0.958,0.922,0.922,0.922,1,0.878,0.878,0.878],"ix":9}},"s":{"a":0,"k":[0,0],"ix":5},"e":{"a":0,"k":[56.225,0],"ix":6},"t":2,"h":{"a":0,"k":0,"ix":7},"a":{"a":0,"k":0,"ix":8},"nm":"Gradient Fill 1","mn":"ADBE Vector Graphic - G-Fill","hd":false},{"ty":"tr","p":{"a":0,"k":[0,0],"ix":2},"a":{"a":0,"k":[0,0],"ix":1},"s":{"a":0,"k":[100,100],"ix":3},"r":{"a":0,"k":0,"ix":6},"o":{"a":0,"k":100,"ix":7},"sk":{"a":0,"k":0,"ix":4},"sa":{"a":0,"k":0,"ix":5},"nm":"Transform"}],"nm":"Group 1","np":2,"cix":2,"bm":0,"ix":1,"mn":"ADBE Vector Group","hd":false}],"ip":0,"op":138,"st":0,"bm":0}],"markers":[{"tm":0,"cm":"rest","dr":0}]}