{"v":"5.8.1","fr":60,"ip":0,"op":120,"w":1024,"h":1024,"nm":"emoji_sleepy","ddd":0,"assets":[],"layers":[{"ddd":0,"ind":1,"ty":3,"nm":"Null particles","parent":10,"sr":1,"ks":{"o":{"a":0,"k":0,"ix":11},"r":{"a":0,"k":0,"ix":10},"p":{"a":1,"k":[{"i":{"x":0.833,"y":0.833},"o":{"x":0.482,"y":0},"t":68,"s":[307.5,64.141,0],"to":[0,0,0],"ti":[0,0,0]},{"t":82.5,"s":[310,117.141,0]}],"ix":2,"l":2},"a":{"a":0,"k":[0,0,0],"ix":1,"l":2},"s":{"a":0,"k":[100,100,100],"ix":6,"l":2}},"ao":0,"ip":68,"op":117.5,"st":-2.5,"bm":0},{"ddd":0,"ind":2,"ty":4,"nm":"particle 4","parent":1,"sr":1,"ks":{"o":{"a":0,"k":100,"ix":11},"r":{"a":0,"k":-273.123,"ix":10},"p":{"a":0,"k":[-15.304,11.804,0],"ix":2,"l":2},"a":{"a":0,"k":[-108.304,-59.196,0],"ix":1,"l":2},"s":{"a":0,"k":[100,100,100],"ix":6,"l":2}},"ao":0,"shapes":[{"ty":"gr","it":[{"ind":0,"ty":"sh","ix":1,"ks":{"a":1,"k":[{"i":{"x":0.667,"y":1},"o":{"x":0.167,"y":0.167},"t":67.5,"s":[{"i":[[1.77,-4.911],[-12.345,-3.177],[13.462,10.249]],"o":[[-2.902,8.051],[10.881,2.801],[-13.462,-10.249]],"v":[[-28.154,-5.553],[8.436,30.494],[9.78,15.044]],"c":true}]},{"i":{"x":0.833,"y":0.833},"o":{"x":0.333,"y":0},"t":77.5,"s":[{"i":[[1.158,-6.446],[-6.807,1.882],[5.981,4.082]],"o":[[-1.158,6.446],[6.807,-1.882],[-5.316,-3.628]],"v":[[53.582,51.985],[65.324,61.639],[66.944,45.704]],"c":true}]},{"t":80,"s":[{"i":[[0.633,-3.523],[-3.72,1.028],[3.269,2.231]],"o":[[-0.633,3.523],[3.72,-1.028],[-2.905,-1.983]],"v":[[60.575,50.178],[66.991,55.453],[67.877,46.745]],"c":true}]}],"ix":2},"nm":"Path 1","mn":"ADBE Vector Shape - Group","hd":false},{"ty":"fl","c":{"a":0,"k":[0.701960784314,0.898039215686,0.988235294118,1],"ix":4},"o":{"a":0,"k":100,"ix":5},"r":1,"bm":0,"nm":"Fill 1","mn":"ADBE Vector Graphic - Fill","hd":false},{"ty":"tr","p":{"a":0,"k":[0,0],"ix":2},"a":{"a":0,"k":[0,0],"ix":1},"s":{"a":0,"k":[100,100],"ix":3},"r":{"a":0,"k":0,"ix":6},"o":{"a":0,"k":100,"ix":7},"sk":{"a":0,"k":0,"ix":4},"sa":{"a":0,"k":0,"ix":5},"nm":"Transform"}],"nm":"Shape 2","np":3,"cix":2,"bm":0,"ix":1,"mn":"ADBE Vector Group","hd":false},{"ty":"gr","it":[{"ind":0,"ty":"sh","ix":1,"ks":{"a":1,"k":[{"i":{"x":0.667,"y":1},"o":{"x":0.167,"y":0.167},"t":67.5,"s":[{"i":[[17.378,10.023],[-10.291,17.842],[-17.378,-10.023],[10.291,-17.842]],"o":[[-17.378,-10.023],[10.291,-17.842],[17.378,10.023],[-10.291,17.842]],"v":[[-2.19,38.621],[-47.909,-30.802],[35.077,-25.991],[47.909,24.464]],"c":true}]},{"i":{"x":0.833,"y":0.833},"o":{"x":0.333,"y":0},"t":77.5,"s":[{"i":[[11.477,5.809],[-5.809,11.477],[-11.477,-5.809],[5.809,-11.477]],"o":[[-11.477,-5.809],[5.809,-11.477],[11.477,5.809],[-5.809,11.477]],"v":[[58.482,68.78],[48.22,37.483],[79.517,27.22],[89.78,58.518]],"c":true}]},{"t":80,"s":[{"i":[[6.272,3.174],[-3.174,6.271],[-6.272,-3.174],[3.174,-6.272]],"o":[[-6.272,-3.174],[3.174,-6.272],[6.272,3.174],[-3.174,6.271]],"v":[[63.252,59.356],[57.644,42.253],[74.747,36.644],[80.355,53.748]],"c":true}]}],"ix":2},"nm":"Path 1","mn":"ADBE Vector Shape - Group","hd":false},{"ty":"fl","c":{"a":0,"k":[0.309803921569,0.764705882353,0.96862745098,1],"ix":4},"o":{"a":0,"k":100,"ix":5},"r":1,"bm":0,"nm":"Fill 1","mn":"ADBE Vector Graphic - Fill","hd":false},{"ty":"tr","p":{"a":0,"k":[0,0],"ix":2},"a":{"a":0,"k":[0,0],"ix":1},"s":{"a":0,"k":[100,100],"ix":3},"r":{"a":0,"k":0,"ix":6},"o":{"a":0,"k":100,"ix":7},"sk":{"a":0,"k":0,"ix":4},"sa":{"a":0,"k":0,"ix":5},"nm":"Transform"}],"nm":"Shape 1","np":3,"cix":2,"bm":0,"ix":2,"mn":"ADBE Vector Group","hd":false}],"ip":68,"op":80,"st":-2.5,"bm":0},{"ddd":0,"ind":3,"ty":4,"nm":"particle 3","parent":1,"sr":1,"ks":{"o":{"a":0,"k":100,"ix":11},"r":{"a":0,"k":-176.489,"ix":10},"p":{"a":0,"k":[12.696,-13.196,0],"ix":2,"l":2},"a":{"a":0,"k":[-108.304,-59.196,0],"ix":1,"l":2},"s":{"a":0,"k":[100,100,100],"ix":6,"l":2}},"ao":0,"shapes":[{"ty":"gr","it":[{"ind":0,"ty":"sh","ix":1,"ks":{"a":1,"k":[{"i":{"x":0.667,"y":1},"o":{"x":0.167,"y":0.167},"t":67.5,"s":[{"i":[[20.777,-4.28],[-0.897,-6.457],[-9.929,9.626]],"o":[[-20.777,4.28],[0.897,6.457],[7.573,-7.342]],"v":[[23.78,8.389],[3.983,28.639],[35.862,25.681]],"c":true}]},{"i":{"x":0.833,"y":0.833},"o":{"x":0.333,"y":0},"t":82.5,"s":[{"i":[[5.784,-3.074],[-5.687,-4.188],[0.488,7.225]],"o":[[-5.784,3.074],[5.687,4.188],[-0.434,-6.421]],"v":[[69.764,45.91],[69.431,61.107],[82.96,52.532]],"c":true}]},{"t":85,"s":[{"i":[[2.817,-1.497],[-2.77,-2.04],[0.238,3.519]],"o":[[-2.817,1.497],[2.77,2.04],[-0.211,-3.128]],"v":[[73.609,35.701],[73.447,43.104],[80.037,38.927]],"c":true}]}],"ix":2},"nm":"Path 1","mn":"ADBE Vector Shape - Group","hd":false},{"ty":"fl","c":{"a":0,"k":[0.701960784314,0.898039215686,0.988235294118,1],"ix":4},"o":{"a":0,"k":100,"ix":5},"r":1,"bm":0,"nm":"Fill 1","mn":"ADBE Vector Graphic - Fill","hd":false},{"ty":"tr","p":{"a":0,"k":[0,0],"ix":2},"a":{"a":0,"k":[0,0],"ix":1},"s":{"a":0,"k":[100,100],"ix":3},"r":{"a":0,"k":0,"ix":6},"o":{"a":0,"k":100,"ix":7},"sk":{"a":0,"k":0,"ix":4},"sa":{"a":0,"k":0,"ix":5},"nm":"Transform"}],"nm":"Shape 2","np":3,"cix":2,"bm":0,"ix":1,"mn":"ADBE Vector Group","hd":false},{"ty":"gr","it":[{"ind":0,"ty":"sh","ix":1,"ks":{"a":1,"k":[{"i":{"x":0.667,"y":1},"o":{"x":0.167,"y":0.167},"t":67.5,"s":[{"i":[[17.378,10.023],[-10.291,17.842],[-17.378,-10.023],[10.291,-17.842]],"o":[[-17.378,-10.023],[10.291,-17.842],[17.378,10.023],[-10.291,17.842]],"v":[[-2.19,38.621],[-47.909,-30.802],[35.077,-25.991],[47.909,24.464]],"c":true}]},{"i":{"x":0.833,"y":0.833},"o":{"x":0.333,"y":0},"t":82.5,"s":[{"i":[[11.477,5.809],[-5.809,11.477],[-11.477,-5.809],[5.809,-11.477]],"o":[[-11.477,-5.809],[5.809,-11.477],[11.477,5.809],[-5.809,11.477]],"v":[[58.482,68.78],[48.22,37.483],[79.517,27.22],[89.78,58.518]],"c":true}]},{"t":85,"s":[{"i":[[5.59,2.829],[-2.829,5.59],[-5.59,-2.829],[2.829,-5.59]],"o":[[-5.59,-2.829],[2.829,-5.59],[5.59,2.829],[-2.829,5.59]],"v":[[68.113,46.842],[63.114,31.596],[78.36,26.597],[83.359,41.843]],"c":true}]}],"ix":2},"nm":"Path 1","mn":"ADBE Vector Shape - Group","hd":false},{"ty":"fl","c":{"a":0,"k":[0.309803921569,0.764705882353,0.96862745098,1],"ix":4},"o":{"a":0,"k":100,"ix":5},"r":1,"bm":0,"nm":"Fill 1","mn":"ADBE Vector Graphic - Fill","hd":false},{"ty":"tr","p":{"a":0,"k":[0,0],"ix":2},"a":{"a":0,"k":[0,0],"ix":1},"s":{"a":0,"k":[100,100],"ix":3},"r":{"a":0,"k":0,"ix":6},"o":{"a":0,"k":100,"ix":7},"sk":{"a":0,"k":0,"ix":4},"sa":{"a":0,"k":0,"ix":5},"nm":"Transform"}],"nm":"Shape 1","np":3,"cix":2,"bm":0,"ix":2,"mn":"ADBE Vector Group","hd":false}],"ip":68,"op":85,"st":-2.5,"bm":0},{"ddd":0,"ind":4,"ty":4,"nm":"particle 2","parent":1,"sr":1,"ks":{"o":{"a":0,"k":100,"ix":11},"r":{"a":0,"k":-86.72,"ix":10},"p":{"a":0,"k":[19.696,-6.196,0],"ix":2,"l":2},"a":{"a":0,"k":[-108.304,-59.196,0],"ix":1,"l":2},"s":{"a":0,"k":[100,100,100],"ix":6,"l":2}},"ao":0,"shapes":[{"ty":"gr","it":[{"ind":0,"ty":"sh","ix":1,"ks":{"a":1,"k":[{"i":{"x":0.667,"y":1},"o":{"x":0.167,"y":0.167},"t":67.5,"s":[{"i":[[-1.042,-10.471],[-7.057,0.133],[12.463,8.093]],"o":[[0.986,9.903],[10.847,-0.204],[-11.82,-7.676]],"v":[[15.553,-3.875],[33.928,18.597],[33.945,-13.617]],"c":true}]},{"i":{"x":0.833,"y":0.833},"o":{"x":0.333,"y":0},"t":80,"s":[{"i":[[1.158,-6.446],[-6.807,1.882],[5.981,4.082]],"o":[[-1.158,6.446],[6.807,-1.882],[-5.316,-3.628]],"v":[[64.049,42.371],[75.791,52.025],[77.411,36.089]],"c":true}]},{"t":82.5,"s":[{"i":[[0.578,-3.216],[-3.396,0.939],[2.984,2.037]],"o":[[-0.578,3.216],[3.396,-0.939],[-2.652,-1.81]],"v":[[72.72,48.342],[78.578,53.159],[79.387,45.209]],"c":true}]}],"ix":2},"nm":"Path 1","mn":"ADBE Vector Shape - Group","hd":false},{"ty":"fl","c":{"a":0,"k":[0.701960784314,0.898039215686,0.988235294118,1],"ix":4},"o":{"a":0,"k":100,"ix":5},"r":1,"bm":0,"nm":"Fill 1","mn":"ADBE Vector Graphic - Fill","hd":false},{"ty":"tr","p":{"a":0,"k":[0,0],"ix":2},"a":{"a":0,"k":[0,0],"ix":1},"s":{"a":0,"k":[100,100],"ix":3},"r":{"a":0,"k":0,"ix":6},"o":{"a":0,"k":100,"ix":7},"sk":{"a":0,"k":0,"ix":4},"sa":{"a":0,"k":0,"ix":5},"nm":"Transform"}],"nm":"Shape 2","np":3,"cix":2,"bm":0,"ix":1,"mn":"ADBE Vector Group","hd":false},{"ty":"gr","it":[{"ind":0,"ty":"sh","ix":1,"ks":{"a":1,"k":[{"i":{"x":0.667,"y":1},"o":{"x":0.167,"y":0.167},"t":67.5,"s":[{"i":[[17.378,10.023],[-10.291,17.842],[-17.378,-10.023],[10.291,-17.842]],"o":[[-17.378,-10.023],[10.291,-17.842],[17.378,10.023],[-10.291,17.842]],"v":[[-2.19,38.621],[-47.909,-30.802],[35.077,-25.991],[47.909,24.464]],"c":true}]},{"i":{"x":0.833,"y":0.833},"o":{"x":0.167,"y":0},"t":80,"s":[{"i":[[11.477,5.809],[-5.809,11.477],[-11.477,-5.809],[5.809,-11.477]],"o":[[-11.477,-5.809],[5.809,-11.477],[11.477,5.809],[-5.809,11.477]],"v":[[58.482,68.78],[48.22,37.483],[79.517,27.22],[89.78,58.518]],"c":true}]},{"t":82.5,"s":[{"i":[[5.726,2.898],[-2.898,5.726],[-5.726,-2.898],[2.898,-5.726]],"o":[[-5.726,-2.898],[2.898,-5.726],[5.726,2.898],[-2.898,5.726]],"v":[[69.943,61.519],[64.823,45.904],[80.438,40.784],[85.558,56.398]],"c":true}]}],"ix":2},"nm":"Path 1","mn":"ADBE Vector Shape - Group","hd":false},{"ty":"fl","c":{"a":0,"k":[0.309803921569,0.764705882353,0.96862745098,1],"ix":4},"o":{"a":0,"k":100,"ix":5},"r":1,"bm":0,"nm":"Fill 1","mn":"ADBE Vector Graphic - Fill","hd":false},{"ty":"tr","p":{"a":0,"k":[0,0],"ix":2},"a":{"a":0,"k":[0,0],"ix":1},"s":{"a":0,"k":[100,100],"ix":3},"r":{"a":0,"k":0,"ix":6},"o":{"a":0,"k":100,"ix":7},"sk":{"a":0,"k":0,"ix":4},"sa":{"a":0,"k":0,"ix":5},"nm":"Transform"}],"nm":"Shape 1","np":3,"cix":2,"bm":0,"ix":2,"mn":"ADBE Vector Group","hd":false}],"ip":68,"op":82.5,"st":-2.5,"bm":0},{"ddd":0,"ind":5,"ty":4,"nm":"particle 1","parent":1,"sr":1,"ks":{"o":{"a":0,"k":100,"ix":11},"r":{"a":0,"k":0,"ix":10},"p":{"a":0,"k":[2.696,2.804,0],"ix":2,"l":2},"a":{"a":0,"k":[-108.304,-59.196,0],"ix":1,"l":2},"s":{"a":0,"k":[100,100,100],"ix":6,"l":2}},"ao":0,"shapes":[{"ty":"gr","it":[{"ind":0,"ty":"sh","ix":1,"ks":{"a":1,"k":[{"i":{"x":0.667,"y":1},"o":{"x":0.167,"y":0.167},"t":67.5,"s":[{"i":[[19.5,-2],[-14,-0.5],[-0.5,5.5]],"o":[[-19.5,2],[14,0.5],[0.5,-5.5]],"v":[[-26,-30.243],[-23.5,-10.243],[17.5,-16.243]],"c":true}]},{"i":{"x":0.833,"y":0.833},"o":{"x":0.333,"y":0},"t":77.5,"s":[{"i":[[5.755,-3.128],[-5.726,-4.135],[0.555,7.22]],"o":[[-5.755,3.128],[5.726,4.135],[-0.494,-6.417]],"v":[[60.123,35.695],[59.933,50.894],[73.381,42.193]],"c":true}]},{"t":80,"s":[{"i":[[2.223,-1.208],[-2.212,-1.598],[0.215,2.79]],"o":[[-2.223,1.208],[2.212,1.598],[-0.191,-2.479]],"v":[[65.57,53.246],[65.497,59.118],[70.693,55.756]],"c":true}]}],"ix":2},"nm":"Path 1","mn":"ADBE Vector Shape - Group","hd":false},{"ty":"fl","c":{"a":0,"k":[0.701960784314,0.898039215686,0.988235294118,1],"ix":4},"o":{"a":0,"k":100,"ix":5},"r":1,"bm":0,"nm":"Fill 1","mn":"ADBE Vector Graphic - Fill","hd":false},{"ty":"tr","p":{"a":0,"k":[0,0],"ix":2},"a":{"a":0,"k":[0,0],"ix":1},"s":{"a":0,"k":[100,100],"ix":3},"r":{"a":0,"k":0,"ix":6},"o":{"a":0,"k":100,"ix":7},"sk":{"a":0,"k":0,"ix":4},"sa":{"a":0,"k":0,"ix":5},"nm":"Transform"}],"nm":"Shape 2","np":3,"cix":2,"bm":0,"ix":1,"mn":"ADBE Vector Group","hd":false},{"ty":"gr","it":[{"ind":0,"ty":"sh","ix":1,"ks":{"a":1,"k":[{"i":{"x":0.667,"y":1},"o":{"x":0.167,"y":0.167},"t":67.5,"s":[{"i":[[17.378,10.023],[-10.291,17.842],[-17.378,-10.023],[10.291,-17.842]],"o":[[-17.378,-10.023],[10.291,-17.842],[17.378,10.023],[-10.291,17.842]],"v":[[-2.19,38.621],[-47.909,-30.802],[35.077,-25.991],[47.909,24.464]],"c":true}]},{"i":{"x":0.833,"y":0.833},"o":{"x":0.333,"y":0},"t":77.5,"s":[{"i":[[11.477,5.809],[-5.809,11.477],[-11.477,-5.809],[5.809,-11.477]],"o":[[-11.477,-5.809],[5.809,-11.477],[11.477,5.809],[-5.809,11.477]],"v":[[58.482,68.78],[48.22,37.483],[79.517,27.22],[89.78,58.518]],"c":true}]},{"t":80,"s":[{"i":[[4.434,2.244],[-2.244,4.434],[-4.434,-2.244],[2.244,-4.434]],"o":[[-4.434,-2.244],[2.244,-4.434],[4.434,2.244],[-2.244,4.434]],"v":[[64.936,66.029],[60.971,53.936],[73.063,49.971],[77.029,62.064]],"c":true}]}],"ix":2},"nm":"Path 1","mn":"ADBE Vector Shape - Group","hd":false},{"ty":"fl","c":{"a":0,"k":[0.309803921569,0.764705882353,0.96862745098,1],"ix":4},"o":{"a":0,"k":100,"ix":5},"r":1,"bm":0,"nm":"Fill 1","mn":"ADBE Vector Graphic - Fill","hd":false},{"ty":"tr","p":{"a":0,"k":[0,0],"ix":2},"a":{"a":0,"k":[0,0],"ix":1},"s":{"a":0,"k":[100,100],"ix":3},"r":{"a":0,"k":0,"ix":6},"o":{"a":0,"k":100,"ix":7},"sk":{"a":0,"k":0,"ix":4},"sa":{"a":0,"k":0,"ix":5},"nm":"Transform"}],"nm":"Shape 1","np":3,"cix":2,"bm":0,"ix":2,"mn":"ADBE Vector Group","hd":false}],"ip":68,"op":80,"st":-2.5,"bm":0},{"ddd":0,"ind":6,"ty":3,"nm":"Null 11","parent":10,"sr":1,"ks":{"o":{"a":0,"k":0,"ix":11},"r":{"a":1,"k":[{"i":{"x":[0.833],"y":[0.833]},"o":{"x":[0.167],"y":[0.167]},"t":0,"s":[-12]},{"i":{"x":[0.833],"y":[1]},"o":{"x":[0.167],"y":[0.167]},"t":22,"s":[0]},{"t":50,"s":[4],"h":1},{"t":101,"s":[-12],"h":1}],"ix":10},"p":{"a":1,"k":[{"i":{"x":0.833,"y":0.833},"o":{"x":0.167,"y":0.167},"t":0,"s":[70,145.987,0],"to":[0,-0.939,0],"ti":[0,2.46,0]},{"i":{"x":0.833,"y":0.833},"o":{"x":0.167,"y":0.167},"t":15,"s":[70,133.899,0],"to":[0,-1.758,0],"ti":[0,-0.072,0]},{"i":{"x":0.833,"y":0.833},"o":{"x":0.167,"y":0.167},"t":22,"s":[70,136.328,0],"to":[0,0.632,0],"ti":[0,-3.802,0]},{"i":{"x":0.833,"y":0.833},"o":{"x":0.167,"y":0.167},"t":31,"s":[70,146.621,0],"to":[0,3.116,0],"ti":[0,-0.009,0]},{"i":{"x":0.833,"y":0.833},"o":{"x":0.167,"y":0.167},"t":37,"s":[70,150.987,0],"to":[0,0.022,0],"ti":[0,1.151,0]},{"i":{"x":0.833,"y":0.833},"o":{"x":0.167,"y":0.167},"t":43,"s":[70,145.043,0],"to":[0,-1.011,0],"ti":[0,0.468,0]},{"i":{"x":0.833,"y":0.833},"o":{"x":0.167,"y":0.167},"t":50,"s":[70,137.237,0],"to":[0,-0.271,0],"ti":[0,0.153,0]},{"i":{"x":0.833,"y":0.833},"o":{"x":0.167,"y":0.167},"t":53,"s":[70,134.988,0],"to":[0,-0.41,0],"ti":[0,0.152,0]},{"t":56,"s":[70,130.987,0],"h":1},{"t":101,"s":[70,145.987,0],"h":1}],"ix":2,"l":2},"a":{"a":0,"k":[0,0,0],"ix":1,"l":2},"s":{"a":0,"k":[100,-100,100],"ix":6,"l":2}},"ao":0,"ip":-1,"op":120,"st":0,"bm":0},{"ddd":0,"ind":9,"ty":4,"nm":"DROP 2","parent":6,"sr":1,"ks":{"o":{"a":0,"k":100,"ix":11},"r":{"a":1,"k":[{"i":{"x":[0.667],"y":[1]},"o":{"x":[0.333],"y":[0]},"t":12,"s":[0]},{"i":{"x":[0.41],"y":[1]},"o":{"x":[0.333],"y":[0]},"t":33,"s":[-11]},{"t":67,"s":[3]}],"ix":10},"p":{"a":1,"k":[{"i":{"x":0.667,"y":1},"o":{"x":0.333,"y":0},"t":33,"s":[54,8.513,0],"to":[0,-2,0],"ti":[0,2,0]},{"t":56,"s":[54,-3.487,0]}],"ix":2,"l":2},"a":{"a":0,"k":[0,0,0],"ix":1,"l":2},"s":{"a":1,"k":[{"i":{"x":[0.833,0.833,0.833],"y":[0.833,0.833,0.833]},"o":{"x":[0.167,0.167,0.167],"y":[0.167,0.167,0.167]},"t":47.5,"s":[100,100,100]},{"t":83,"s":[108,108,100]}],"ix":6,"l":2}},"ao":0,"shapes":[{"ty":"gr","it":[{"ind":0,"ty":"sh","ix":1,"ks":{"a":1,"k":[{"i":{"x":0.833,"y":0.833},"o":{"x":0.333,"y":0},"t":0,"s":[{"i":[[-10.767,-2.348],[6.156,8.647],[4.273,-4.748]],"o":[[10.767,2.348],[-6.156,-8.647],[-4.273,4.748]],"v":[[-44.163,31.174],[-30.528,14.778],[-52.785,10.864]],"c":true}]},{"i":{"x":0.258,"y":1},"o":{"x":0.167,"y":0.167},"t":11,"s":[{"i":[[-41.092,8.714],[31.548,7.65],[4.198,-12.357]],"o":[[20.248,-4.294],[-31.548,-7.65],[-4.198,12.357]],"v":[[17.492,54.721],[13.983,19.256],[-33.304,19.957]],"c":true}]},{"t":56,"s":[{"i":[[-60.451,43.559],[55.592,-17.468],[-2.883,-27.046]],"o":[[16.793,-12.101],[-30.969,9.731],[2.883,27.046]],"v":[[256.616,50.871],[211.219,17.825],[143.634,62.456]],"c":true}]}],"ix":2},"nm":"Path 1","mn":"ADBE Vector Shape - Group","hd":false},{"ty":"fl","c":{"a":0,"k":[0.701960784314,0.898039215686,0.988235294118,1],"ix":4},"o":{"a":0,"k":100,"ix":5},"r":1,"bm":0,"nm":"Fill 1","mn":"ADBE Vector Graphic - Fill","hd":false},{"ty":"tr","p":{"a":0,"k":[0,0],"ix":2},"a":{"a":0,"k":[0,0],"ix":1},"s":{"a":0,"k":[100,100],"ix":3},"r":{"a":0,"k":0,"ix":6},"o":{"a":0,"k":100,"ix":7},"sk":{"a":0,"k":0,"ix":4},"sa":{"a":0,"k":0,"ix":5},"nm":"Transform"}],"nm":"Shape 2","np":3,"cix":2,"bm":0,"ix":1,"mn":"ADBE Vector Group","hd":false},{"ty":"gr","it":[{"ind":0,"ty":"sh","ix":1,"ks":{"a":1,"k":[{"i":{"x":0.833,"y":0.833},"o":{"x":0.333,"y":0},"t":0,"s":[{"i":[[5.75,-5.75],[-11.511,-11.511],[-7.739,0.152],[-5.581,5.581],[-0.2,7.243],[5.975,5.975],[7.519,0.021]],"o":[[-11.478,11.478],[5.914,5.914],[7.323,-0.144],[5.521,-5.521],[0.216,-7.817],[-5.745,-5.745],[-7.547,-0.022]],"v":[[-57.813,-11.342],[-57.754,30.284],[-36.305,38.929],[-16.128,30.343],[-7.548,10.403],[-16.188,-11.283],[-36.97,-19.933]],"c":true}]},{"i":{"x":0.209,"y":1},"o":{"x":0.167,"y":0.167},"t":12,"s":[{"i":[[12.716,-12.716],[-25.457,-25.457],[-17.115,0.336],[-12.342,12.342],[-0.443,16.018],[13.213,13.213],[16.627,0.048]],"o":[[-25.384,25.384],[13.08,13.08],[16.195,-0.318],[12.209,-12.209],[0.478,-17.286],[-12.704,-12.704],[-16.69,-0.048]],"v":[[-38.093,-46.093],[-37.962,45.962],[9.472,65.08],[54.093,46.093],[73.068,1.995],[53.962,-45.962],[8.002,-65.092]],"c":true}]},{"t":56,"s":[{"i":[[55.907,3.818],[-9.28,-8],[-50.72,-6.72],[-42.715,20.77],[-7.584,49.123],[72.766,16.098],[40.016,-59.491]],"o":[[-12.4,-0.88],[38,33.52],[70.257,9.234],[59.025,-28.7],[9.751,-63.158],[-102.948,-22.728],[-33.93,50.443]],"v":[[-49.491,4.307],[-56.691,27.427],[85.309,100.947],[254.641,79.59],[354.22,-47.839],[258.989,-189.453],[69.841,-91.643]],"c":true}]}],"ix":2},"nm":"Path 1","mn":"ADBE Vector Shape - Group","hd":false},{"ty":"fl","c":{"a":0,"k":[0.309803921569,0.764705882353,0.96862745098,1],"ix":4},"o":{"a":0,"k":100,"ix":5},"r":1,"bm":0,"nm":"Fill 1","mn":"ADBE Vector Graphic - Fill","hd":false},{"ty":"tr","p":{"a":0,"k":[0,0],"ix":2},"a":{"a":0,"k":[0,0],"ix":1},"s":{"a":0,"k":[100,100],"ix":3},"r":{"a":0,"k":0,"ix":6},"o":{"a":0,"k":100,"ix":7},"sk":{"a":0,"k":0,"ix":4},"sa":{"a":0,"k":0,"ix":5},"nm":"Transform"}],"nm":"Shape 1","np":3,"cix":2,"bm":0,"ix":2,"mn":"ADBE Vector Group","hd":false}],"ip":0,"op":68,"st":-5,"bm":0},{"ddd":0,"ind":10,"ty":3,"nm":"Null Face","parent":16,"sr":1,"ks":{"o":{"a":0,"k":0,"ix":11},"r":{"a":0,"k":0,"ix":10},"p":{"s":true,"x":{"a":0,"k":0,"ix":3},"y":{"a":1,"k":[{"i":{"x":[0.492],"y":[1]},"o":{"x":[0.167],"y":[0.167]},"t":0,"s":[5.127]},{"i":{"x":[0.514],"y":[1]},"o":{"x":[0.52],"y":[0]},"t":20,"s":[8.599]},{"i":{"x":[0.833],"y":[0.833]},"o":{"x":[0.333],"y":[0]},"t":67,"s":[-0.31]},{"t":120,"s":[5.127]}],"ix":4}},"a":{"a":0,"k":[0,0,0],"ix":1,"l":2},"s":{"a":0,"k":[12.5,12.5,100],"ix":6,"l":2}},"ao":0,"ip":0,"op":120,"st":0,"bm":0},{"ddd":0,"ind":11,"ty":4,"nm":"eyebrows","parent":10,"sr":1,"ks":{"o":{"a":0,"k":100,"ix":11},"r":{"a":0,"k":0,"ix":10},"p":{"s":true,"x":{"a":0,"k":0,"ix":3},"y":{"a":1,"k":[{"i":{"x":[0.667],"y":[1]},"o":{"x":[0.333],"y":[0]},"t":0,"s":[-165.102]},{"i":{"x":[0.667],"y":[1]},"o":{"x":[0.333],"y":[0]},"t":20,"s":[-165.102]},{"i":{"x":[0.667],"y":[1]},"o":{"x":[0.333],"y":[0]},"t":72.5,"s":[-181.102]},{"t":120,"s":[-165.102]}],"ix":4}},"a":{"a":0,"k":[0,-0.505,0],"ix":1,"l":2},"s":{"a":0,"k":[100,100,100],"ix":6,"l":2}},"ao":0,"shapes":[{"ty":"gr","it":[{"ind":0,"ty":"sh","ix":1,"ks":{"a":0,"k":{"i":[[-45.6,11.76],[0,0],[19.52,-0.64],[14.8,-5.44],[18.96,-37.92],[-7.36,-3.36],[-4.08,5.92]],"o":[[0,0],[17.12,-4],[-15.76,0.8],[-39.84,14.4],[-3.44,7.36],[6.56,3.04],[28.32,-37.68]],"v":[[-223.56,-27.28],[-222.52,-27.28],[-225.56,-56.4],[-271.64,-46.96],[-363.32,34.56],[-356.2,54.08],[-337.8,49.04]],"c":true},"ix":2},"nm":"Path 1","mn":"ADBE Vector Shape - Group","hd":false},{"ind":1,"ty":"sh","ix":2,"ks":{"a":0,"k":{"i":[[45.76,11.68],[0,0],[-0.88,8.08],[-7.92,-0.72],[-14.8,-5.44],[-19.12,-38],[7.36,-3.36],[4.08,5.92]],"o":[[0,0],[-8,-0.96],[0.88,-7.92],[15.76,0.8],[40,14.4],[3.44,7.36],[-6.56,3.04],[-28.4,-37.68]],"v":[[223.24,-27.28],[222.2,-27.28],[209.32,-43.52],[225.24,-56.4],[271.24,-46.96],[363.32,34.56],[356.2,54.08],[337.8,49.04]],"c":true},"ix":2},"nm":"Path 2","mn":"ADBE Vector Shape - Group","hd":false},{"ty":"fl","c":{"a":0,"k":[0.258823529412,0.16862745098,0.050980392157,1],"ix":4},"o":{"a":0,"k":100,"ix":5},"r":1,"bm":0,"nm":"Fill 1","mn":"ADBE Vector Graphic - Fill","hd":false},{"ty":"tr","p":{"a":0,"k":[0,0],"ix":2},"a":{"a":0,"k":[0,0],"ix":1},"s":{"a":0,"k":[100,100],"ix":3},"r":{"a":0,"k":0,"ix":6},"o":{"a":0,"k":100,"ix":7},"sk":{"a":0,"k":0,"ix":4},"sa":{"a":0,"k":0,"ix":5},"nm":"Transform"}],"nm":"Shape 1","np":4,"cix":2,"bm":0,"ix":1,"mn":"ADBE Vector Group","hd":false}],"ip":0,"op":120,"st":0,"bm":0},{"ddd":0,"ind":12,"ty":4,"nm":"EYES","parent":10,"sr":1,"ks":{"o":{"a":0,"k":100,"ix":11},"r":{"a":0,"k":0,"ix":10},"p":{"s":true,"x":{"a":0,"k":0,"ix":3},"y":{"a":0,"k":-25.753,"ix":4}},"a":{"a":0,"k":[-0.458,1.247,0],"ix":1,"l":2},"s":{"a":0,"k":[100,100,100],"ix":6,"l":2}},"ao":0,"shapes":[{"ty":"gr","it":[{"ind":0,"ty":"sh","ix":1,"ks":{"a":0,"k":{"i":[[6.96,-7.44],[0,0],[0,0],[2.4,-2.4],[2.8,-1.68],[3.2,-1.6],[4,-1.6],[4.08,-0.72],[4.32,0.16],[0,0],[1.76,0.64],[3.92,1.44],[3.6,1.92],[3.2,1.6],[3.2,2.4],[0,0],[0,0],[11.04,-8.32],[-4,-8.96],[0,0],[-1.2,-2.08],[-6.8,-6.64],[-5.36,-3.84],[-7.04,-3.04],[-8.24,-1.84],[0,0],[-0.8,0],[0,0],[-8.72,1.6],[-7.68,3.6],[-6.32,4.4],[-4.48,4.88],[-2.96,4.4],[-1.6,1.6],[-0.8,1.6],[-0.72,2.32],[0,0],[11.2,4.96],[1.04,0.24]],"o":[[0,0],[0,0],[-1.6,1.6],[-2.56,2.08],[-3.2,1.6],[-3.2,1.6],[-3.92,1.44],[-4.24,0.72],[0,0],[-1.92,0.16],[-4.08,-0.72],[-3.84,-1.28],[-3.2,-1.6],[-5.6,-4],[0,0],[0,0],[-10.32,-9.28],[-7.76,6.08],[0,0],[0.88,2.24],[4.88,8.24],[4.72,4.64],[6.32,4.4],[7.68,3.52],[0,0],[2.4,0],[0,0],[8.88,0],[8.32,-1.68],[7.04,-3.04],[5.6,-3.6],[3.92,-3.6],[1.6,-1.6],[1.6,-1.6],[1.36,-1.92],[0,0],[4.96,-11.2],[-0.96,-0.4],[-9.36,-4.08]],"v":[[-114.08,-39.44],[-115.68,-37.84],[-119.68,-33.84],[-125.28,-29.04],[-133.28,-23.44],[-142.88,-17.84],[-154.08,-13.04],[-166.08,-9.84],[-178.88,-9.04],[-186.08,-9.04],[-191.68,-9.84],[-203.68,-13.04],[-214.88,-17.84],[-224.48,-23.44],[-238.08,-33.84],[-242.88,-38.64],[-244.48,-40.24],[-281.28,-41.84],[-287.68,-16.24],[-286.08,-13.84],[-282.88,-7.44],[-265.28,14.96],[-250.08,27.76],[-230.08,38.96],[-206.08,46.96],[-192.48,49.36],[-186.08,50.16],[-179.68,50.16],[-153.28,47.76],[-129.28,39.76],[-109.28,28.56],[-94.08,15.76],[-83.68,3.76],[-79.68,-1.84],[-76.48,-6.64],[-73.28,-13.04],[-72.48,-14.64],[-83.84,-44],[-86.88,-45.04]],"c":true},"ix":2},"nm":"Path 1","mn":"ADBE Vector Shape - Group","hd":false},{"ind":1,"ty":"sh","ix":2,"ks":{"a":0,"k":{"i":[[6.96,-7.44],[0,0],[0,0],[2.4,-2.4],[2.8,-1.68],[3.2,-1.6],[4,-1.6],[4.08,-0.72],[4.32,0.16],[0,0],[1.84,0.56],[3.92,1.44],[3.6,1.92],[3.2,1.6],[3.2,2.4],[0,0],[0,0],[11.04,-8.32],[-4,-8.96],[0,0],[-1.2,-2.08],[-6.8,-6.64],[-5.36,-3.84],[-7.04,-3.04],[-8.24,-1.84],[0,0],[-0.8,0],[0,0],[-8.72,1.6],[-7.68,3.6],[-6.32,4.4],[-4.32,5.04],[-2.96,4.4],[-1.6,1.6],[-0.8,1.6],[-0.72,2.32],[0,0],[11.2,4.96],[1.04,0.24]],"o":[[0,0],[0,0],[-1.6,1.6],[-2.56,2.08],[-3.2,1.6],[-3.2,1.6],[-3.92,1.44],[-4.24,0.72],[0,0],[-1.92,0.08],[-4.08,-0.72],[-3.84,-1.28],[-3.2,-1.6],[-5.6,-4],[0,0],[0,0],[-10.32,-9.28],[-7.76,6.08],[0,0],[0.88,2.24],[4.88,8.24],[4.72,4.64],[6.32,4.4],[7.68,3.52],[0,0],[2.4,0],[0,0],[8.88,0],[8.32,-1.68],[7.04,-3.04],[5.76,-3.44],[3.92,-3.6],[1.6,-1.6],[1.6,-1.6],[1.36,-1.92],[0,0],[4.96,-11.2],[-0.96,-0.4],[-9.36,-4.08]],"v":[[245.12,-39.44],[243.52,-37.84],[239.52,-33.84],[233.92,-29.04],[225.92,-23.44],[216.32,-17.84],[205.12,-13.04],[193.12,-9.84],[180.32,-9.04],[173.12,-9.04],[167.52,-9.84],[155.52,-13.04],[144.32,-17.84],[134.72,-23.44],[121.12,-33.84],[116.32,-38.64],[114.72,-40.24],[77.92,-41.84],[71.52,-16.24],[73.12,-13.84],[76.32,-7.44],[93.92,14.96],[109.12,27.76],[129.12,38.96],[153.12,46.96],[166.72,49.36],[173.12,50.16],[179.52,50.16],[205.92,47.76],[229.92,39.76],[249.92,28.56],[265.12,15.76],[275.52,3.76],[279.52,-1.84],[282.72,-6.64],[285.92,-13.04],[286.72,-14.64],[275.36,-44],[272.32,-45.04]],"c":true},"ix":2},"nm":"Path 2","mn":"ADBE Vector Shape - Group","hd":false},{"ty":"mm","mm":2,"nm":"Merge Paths 1","mn":"ADBE Vector Filter - Merge","hd":false},{"ty":"fl","c":{"a":0,"k":[0.258823529412,0.16862745098,0.050980392157,1],"ix":4},"o":{"a":0,"k":100,"ix":5},"r":1,"bm":0,"nm":"Fill 1","mn":"ADBE Vector Graphic - Fill","hd":false},{"ty":"tr","p":{"a":0,"k":[0,0],"ix":2},"a":{"a":0,"k":[0,0],"ix":1},"s":{"a":0,"k":[100,100],"ix":3},"r":{"a":0,"k":0,"ix":6},"o":{"a":0,"k":100,"ix":7},"sk":{"a":0,"k":0,"ix":4},"sa":{"a":0,"k":0,"ix":5},"nm":"Transform"}],"nm":"Shape 1","np":5,"cix":2,"bm":0,"ix":1,"mn":"ADBE Vector Group","hd":false}],"ip":0,"op":120,"st":0,"bm":0},{"ddd":0,"ind":13,"ty":4,"nm":"mouth ","parent":10,"sr":1,"ks":{"o":{"a":0,"k":100,"ix":11},"r":{"a":0,"k":0,"ix":10},"p":{"s":true,"x":{"a":0,"k":1.215,"ix":3},"y":{"a":0,"k":218.456,"ix":4}},"a":{"a":0,"k":[0,-0.4,0],"ix":1,"l":2},"s":{"a":0,"k":[100,100,100],"ix":6,"l":2}},"ao":0,"shapes":[{"ty":"gr","it":[{"ind":0,"ty":"sh","ix":1,"ks":{"a":1,"k":[{"i":{"x":0.667,"y":1},"o":{"x":0.333,"y":0},"t":0,"s":[{"i":[[6.24,0.01],[-0.56,38.736],[-5.6,10.923],[-48,0],[-24.8,-48.547],[9.6,-22.352],[20.16,-0.06],[5.84,0.288],[16.32,-0.01],[15.44,-0.676]],"o":[[-30.64,-0.07],[0.16,-13.047],[24.8,-48.547],[48,0],[11.12,21.239],[-9.52,22.453],[-6.32,0.02],[-15.44,-0.666],[-16.32,-0.02],[-5.92,0.268]],"v":[[-89.68,75.826],[-144.161,10.699],[-135.281,-26.014],[-23.281,-99.846],[88.719,-26.014],[91.12,44.783],[43.12,75.826],[24.719,75.429],[-23.281,74.434],[-71.281,75.429]],"c":true}]},{"i":{"x":0.667,"y":1},"o":{"x":0.333,"y":0},"t":20,"s":[{"i":[[6.24,0.009],[-0.56,34.444],[-5.6,9.713],[-48,0],[-24.8,-43.167],[9.6,-19.875],[20.16,-0.053],[5.84,0.256],[16.32,-0.009],[15.44,-0.601]],"o":[[-30.64,-0.062],[0.16,-11.601],[24.8,-43.167],[48,0],[11.12,18.885],[-9.52,19.965],[-6.32,0.018],[-15.44,-0.593],[-16.32,-0.018],[-5.92,0.239]],"v":[[-89.681,66.094],[-144.161,8.184],[-135.281,-24.461],[-23.281,-90.111],[88.719,-24.461],[91.119,38.491],[43.119,66.094],[24.719,65.74],[-23.281,64.856],[-71.281,65.74]],"c":true}]},{"i":{"x":0.833,"y":0.833},"o":{"x":0.333,"y":0},"t":40,"s":[{"i":[[6.24,0.08],[-0.56,30.64],[-5.6,8.64],[-48,0],[-24.8,-38.4],[9.6,-17.68],[20.16,-0.48],[5.84,2.32],[16.32,-0.08],[15.44,-5.44]],"o":[[-30.64,-0.56],[0.16,-10.32],[24.8,-38.4],[48,0],[11.12,16.8],[-9.52,17.76],[-6.32,0.16],[-15.44,-5.36],[-16.32,-0.16],[-5.92,2.16]],"v":[[-89.68,59.92],[-144.16,3.36],[-135.28,-25.68],[-23.28,-84.08],[88.72,-25.68],[91.12,30.32],[43.12,59.92],[24.72,56.72],[-23.28,48.72],[-71.28,56.72]],"c":true}]},{"i":{"x":0,"y":1},"o":{"x":0.167,"y":0.167},"t":57.5,"s":[{"i":[[6.24,0.08],[-0.56,30.64],[-5.6,8.64],[-48,0],[-24.8,-38.4],[9.6,-17.68],[20.16,-0.48],[5.84,2.32],[16.32,-0.08],[15.44,-5.44]],"o":[[-30.64,-0.56],[0.16,-10.32],[24.8,-38.4],[48,0],[11.12,16.8],[-9.52,17.76],[-6.32,0.16],[-15.44,-5.36],[-16.32,-0.16],[-5.92,2.16]],"v":[[-89.68,59.92],[-144.16,3.36],[-135.28,-25.68],[-23.28,-84.08],[88.72,-25.68],[91.12,30.32],[43.12,59.92],[24.72,56.72],[-23.28,48.72],[-71.28,56.72]],"c":true}]},{"i":{"x":0.667,"y":1},"o":{"x":0.333,"y":0},"t":80,"s":[{"i":[[6.24,0.065],[-0.56,24.966],[-5.6,7.04],[-48,0],[-24.8,-31.289],[9.6,-14.406],[20.16,-0.391],[5.84,1.89],[16.32,-0.065],[15.44,-4.433]],"o":[[-30.64,-0.456],[0.16,-8.409],[24.8,-31.289],[48,0],[11.12,13.689],[-9.52,14.471],[-6.32,0.13],[-15.44,-4.367],[-16.32,-0.13],[-5.92,1.76]],"v":[[-89.68,41.602],[-144.161,-4.484],[-135.281,-34.147],[-23.281,-81.732],[88.719,-34.147],[91.12,17.483],[43.12,41.602],[24.719,38.994],[-23.281,32.476],[-71.281,38.994]],"c":true}]},{"i":{"x":0.667,"y":1},"o":{"x":0.167,"y":0},"t":95,"s":[{"i":[[6.24,0.08],[-0.56,30.64],[-5.6,8.64],[-48,0],[-24.8,-38.4],[9.6,-17.68],[20.16,-0.48],[5.84,2.32],[16.32,-0.08],[15.44,-5.44]],"o":[[-30.64,-0.56],[0.16,-10.32],[24.8,-38.4],[48,0],[11.12,16.8],[-9.52,17.76],[-6.32,0.16],[-15.44,-5.36],[-16.32,-0.16],[-5.92,2.16]],"v":[[-89.68,59.92],[-144.16,3.36],[-135.281,-25.68],[-23.281,-84.08],[88.719,-25.68],[91.12,30.32],[43.12,59.92],[24.719,56.72],[-23.281,48.72],[-71.281,56.72]],"c":true}]},{"t":120,"s":[{"i":[[6.24,0.01],[-0.56,38.736],[-5.6,10.923],[-48,0],[-24.8,-48.547],[9.6,-22.352],[20.16,-0.06],[5.84,0.288],[16.32,-0.01],[15.44,-0.676]],"o":[[-30.64,-0.07],[0.16,-13.047],[24.8,-48.547],[48,0],[11.12,21.239],[-9.52,22.453],[-6.32,0.02],[-15.44,-0.666],[-16.32,-0.02],[-5.92,0.268]],"v":[[-89.68,75.826],[-144.161,10.699],[-135.281,-26.014],[-23.281,-99.846],[88.719,-26.014],[91.12,44.783],[43.12,75.826],[24.719,75.429],[-23.281,74.434],[-71.281,75.429]],"c":true}]}],"ix":2},"nm":"Path 1","mn":"ADBE Vector Shape - Group","hd":false},{"ty":"fl","c":{"a":0,"k":[0.258999992819,0.169000004787,0.051000000449,1],"ix":4},"o":{"a":0,"k":100,"ix":5},"r":1,"bm":0,"nm":"Fill 1","mn":"ADBE Vector Graphic - Fill","hd":false},{"ty":"tr","p":{"a":0,"k":[22,12],"ix":2},"a":{"a":0,"k":[0,0],"ix":1},"s":{"a":0,"k":[100,100],"ix":3},"r":{"a":0,"k":0,"ix":6},"o":{"a":0,"k":100,"ix":7},"sk":{"a":0,"k":0,"ix":4},"sa":{"a":0,"k":0,"ix":5},"nm":"Transform"}],"nm":"Group 1","np":2,"cix":2,"bm":0,"ix":1,"mn":"ADBE Vector Group","hd":false}],"ip":0,"op":120,"st":0,"bm":0},{"ddd":0,"ind":14,"ty":4,"nm":"base matte","parent":16,"td":1,"sr":1,"ks":{"o":{"a":0,"k":100,"ix":11},"r":{"a":0,"k":0,"ix":10},"p":{"s":true,"x":{"a":0,"k":-2,"ix":3},"y":{"a":0,"k":-3,"ix":4}},"a":{"a":0,"k":[0,0,0],"ix":1,"l":2},"s":{"a":0,"k":[100,100,100],"ix":6,"l":2}},"ao":0,"shapes":[{"ty":"gr","it":[{"ind":0,"ty":"sh","ix":1,"ks":{"a":0,"k":{"i":[[15.4,0],[0,38.4],[-27.9,0],[-10.6,-9.3],[0,-16.9],[11.5,-10.2]],"o":[[-27.9,0],[0,-38.4],[15.5,0],[11.5,10.2],[0,16.9],[-10.6,9.3]],"v":[[0,55.9],[-58,0],[0,-55.9],[40.4,-41.5],[58,0],[40.4,41.4]],"c":true},"ix":2},"nm":"Path 1","mn":"ADBE Vector Shape - Group","hd":false},{"ty":"gf","o":{"a":0,"k":100,"ix":10},"r":1,"bm":0,"g":{"p":5,"k":{"a":0,"k":[0.48,0.992,0.878,0.188,0.691,0.98,0.816,0.178,0.902,0.969,0.753,0.169,0.966,0.963,0.694,0.153,1,0.957,0.635,0.137],"ix":9}},"s":{"a":0,"k":[0,0],"ix":5},"e":{"a":0,"k":[56.225,0],"ix":6},"t":2,"h":{"a":0,"k":0,"ix":7},"a":{"a":0,"k":0,"ix":8},"nm":"Gradient Fill 1","mn":"ADBE Vector Graphic - G-Fill","hd":false},{"ty":"tr","p":{"a":0,"k":[0,0],"ix":2},"a":{"a":0,"k":[0,0],"ix":1},"s":{"a":0,"k":[100,100],"ix":3},"r":{"a":0,"k":0,"ix":6},"o":{"a":0,"k":100,"ix":7},"sk":{"a":0,"k":0,"ix":4},"sa":{"a":0,"k":0,"ix":5},"nm":"Transform"}],"nm":"Group 1","np":2,"cix":2,"bm":0,"ix":1,"mn":"ADBE Vector Group","hd":false}],"ip":0,"op":120,"st":0,"bm":0},{"ddd":0,"ind":15,"ty":4,"nm":"base shadow","parent":16,"tt":2,"sr":1,"ks":{"o":{"a":0,"k":100,"ix":11},"r":{"a":0,"k":0,"ix":10},"p":{"s":true,"x":{"a":0,"k":0,"ix":3},"y":{"a":0,"k":0,"ix":4}},"a":{"a":0,"k":[0,0,0],"ix":1,"l":2},"s":{"a":0,"k":[100,100,100],"ix":6,"l":2}},"ao":0,"shapes":[{"ty":"gr","it":[{"ind":0,"ty":"sh","ix":1,"ks":{"a":0,"k":{"i":[[15.4,0],[0,38.4],[-27.9,0],[-10.6,-9.3],[0,-16.9],[11.5,-10.2]],"o":[[-27.9,0],[0,-38.4],[15.5,0],[11.5,10.2],[0,16.9],[-10.6,9.3]],"v":[[0,55.9],[-58,0],[0,-55.9],[40.4,-41.5],[58,0],[40.4,41.4]],"c":true},"ix":2},"nm":"Path 1","mn":"ADBE Vector Shape - Group","hd":false},{"ty":"fl","c":{"a":0,"k":[0.921568627451,0.560784313725,0,1],"ix":4},"o":{"a":0,"k":100,"ix":5},"r":1,"bm":0,"nm":"Fill 1","mn":"ADBE Vector Graphic - Fill","hd":false},{"ty":"tr","p":{"a":0,"k":[0,0],"ix":2},"a":{"a":0,"k":[0,0],"ix":1},"s":{"a":0,"k":[100,100],"ix":3},"r":{"a":0,"k":0,"ix":6},"o":{"a":0,"k":100,"ix":7},"sk":{"a":0,"k":0,"ix":4},"sa":{"a":0,"k":0,"ix":5},"nm":"Transform"}],"nm":"Group 1","np":2,"cix":2,"bm":0,"ix":1,"mn":"ADBE Vector Group","hd":false}],"ip":0,"op":120,"st":0,"bm":0},{"ddd":0,"ind":16,"ty":4,"nm":"base","sr":1,"ks":{"o":{"a":0,"k":100,"ix":11},"r":{"a":0,"k":0,"ix":10},"p":{"s":true,"x":{"a":0,"k":512,"ix":3},"y":{"a":1,"k":[{"i":{"x":[0.492],"y":[1]},"o":{"x":[0.333],"y":[0]},"t":0,"s":[512]},{"i":{"x":[0.667],"y":[1]},"o":{"x":[0.548],"y":[0]},"t":20,"s":[516]},{"i":{"x":[0.458],"y":[1]},"o":{"x":[0.333],"y":[0]},"t":80,"s":[492.648]},{"t":120,"s":[512]}],"ix":4}},"a":{"a":0,"k":[0,0,0],"ix":1,"l":2},"s":{"a":0,"k":[800,800,100],"ix":6,"l":2}},"ao":0,"shapes":[{"ty":"gr","it":[{"ind":0,"ty":"sh","ix":1,"ks":{"a":0,"k":{"i":[[15.4,0],[0,38.4],[-27.9,0],[-10.6,-9.3],[0,-16.9],[11.5,-10.2]],"o":[[-27.9,0],[0,-38.4],[15.5,0],[11.5,10.2],[0,16.9],[-10.6,9.3]],"v":[[0,55.9],[-58,0],[0,-55.9],[40.4,-41.5],[58,0],[40.4,41.4]],"c":true},"ix":2},"nm":"Path 1","mn":"ADBE Vector Shape - Group","hd":false},{"ty":"gf","o":{"a":0,"k":100,"ix":10},"r":1,"bm":0,"g":{"p":5,"k":{"a":0,"k":[0.48,0.992,0.878,0.188,0.691,0.98,0.816,0.178,0.902,0.969,0.753,0.169,0.966,0.963,0.694,0.153,1,0.957,0.635,0.137],"ix":9}},"s":{"a":0,"k":[0,0],"ix":5},"e":{"a":0,"k":[56.225,0],"ix":6},"t":2,"h":{"a":0,"k":0,"ix":7},"a":{"a":0,"k":0,"ix":8},"nm":"Gradient Fill 1","mn":"ADBE Vector Graphic - G-Fill","hd":false},{"ty":"tr","p":{"a":0,"k":[0,0],"ix":2},"a":{"a":0,"k":[0,0],"ix":1},"s":{"a":0,"k":[100,100],"ix":3},"r":{"a":0,"k":0,"ix":6},"o":{"a":0,"k":100,"ix":7},"sk":{"a":0,"k":0,"ix":4},"sa":{"a":0,"k":0,"ix":5},"nm":"Transform"}],"nm":"Group 1","np":2,"cix":2,"bm":0,"ix":1,"mn":"ADBE Vector Group","hd":false}],"ip":0,"op":120,"st":0,"bm":0}],"markers":[{"tm":67,"cm":"rest","dr":0}]}