{"v":"5.8.1","fr":60,"ip":0,"op":126,"w":1024,"h":1024,"nm":"emoji_Trumpet","ddd":0,"assets":[],"layers":[{"ddd":0,"ind":1,"ty":3,"nm":"null move","parent":11,"sr":1,"ks":{"o":{"a":0,"k":67,"ix":11},"r":{"a":0,"k":-85.192,"ix":10},"p":{"a":0,"k":[482.044,453.181,0],"ix":2,"l":2},"a":{"a":0,"k":[512,512,0],"ix":1,"l":2},"s":{"a":1,"k":[{"i":{"x":[0.667,0.667,0.667],"y":[1,1,1]},"o":{"x":[0.333,0.333,0.333],"y":[0,0,0]},"t":36,"s":[100.96,100.12,100]},{"i":{"x":[0.667,0.667,0.667],"y":[1,1,1]},"o":{"x":[0.333,0.333,0.333],"y":[0,0,0]},"t":42,"s":[92.893,92.12,100]},{"i":{"x":[0.562,0.562,0.562],"y":[1,1,1]},"o":{"x":[0.189,0.189,0.189],"y":[0,0,0]},"t":48,"s":[101.847,101,100]},{"i":{"x":[0.842,0.842,0.842],"y":[1,1,1]},"o":{"x":[0.365,0.365,0.365],"y":[0,0,0]},"t":52,"s":[100.96,100.12,100]},{"i":{"x":[0.833,0.833,0.833],"y":[1,1,1]},"o":{"x":[1,1,0.167],"y":[0,0,0]},"t":62,"s":[100.96,100.12,100]},{"i":{"x":[0.833,0.833,0.833],"y":[1,1,1]},"o":{"x":[0.167,0.167,0.167],"y":[0,0,0]},"t":70,"s":[92.893,92.12,100]},{"i":{"x":[0.833,0.833,0.833],"y":[1,1,1]},"o":{"x":[0.167,0.167,0.167],"y":[0,0,0]},"t":78,"s":[103.864,103,100]},{"i":{"x":[0.833,0.833,0.833],"y":[1,1,1]},"o":{"x":[0.167,0.167,0.167],"y":[0,0,0]},"t":84,"s":[99.831,99,100]},{"t":90,"s":[100.839,100,100]}],"ix":6,"l":2}},"ao":0,"ip":0,"op":126,"st":-10,"bm":0},{"ddd":0,"ind":2,"ty":3,"nm":"null rotation","sr":1,"ks":{"o":{"a":0,"k":55,"ix":11},"r":{"a":1,"k":[{"i":{"x":[0.667],"y":[1]},"o":{"x":[0.333],"y":[0]},"t":54,"s":[0]},{"i":{"x":[0.667],"y":[0.371]},"o":{"x":[0.333],"y":[0]},"t":60,"s":[-2]},{"i":{"x":[0.667],"y":[0.901]},"o":{"x":[0.333],"y":[0.052]},"t":64,"s":[-1.873]},{"i":{"x":[0.667],"y":[0.704]},"o":{"x":[0.333],"y":[-0.153]},"t":74,"s":[2]},{"i":{"x":[0.667],"y":[1]},"o":{"x":[0.333],"y":[0.444]},"t":78,"s":[1]},{"t":84,"s":[0]}],"ix":10},"p":{"a":0,"k":[914,928,0],"ix":2,"l":2},"a":{"a":0,"k":[914,928,0],"ix":1,"l":2},"s":{"a":0,"k":[100,100,100],"ix":6,"l":2}},"ao":0,"ip":0,"op":126,"st":-10,"bm":0},{"ddd":0,"ind":3,"ty":3,"nm":"null move 2","parent":2,"sr":1,"ks":{"o":{"a":0,"k":100,"ix":11},"r":{"a":0,"k":0,"ix":10},"p":{"a":1,"k":[{"i":{"x":0.833,"y":0.833},"o":{"x":0.167,"y":0.167},"t":24,"s":[494,512,0],"to":[0,0,0],"ti":[0,0,0]},{"i":{"x":0.833,"y":0.833},"o":{"x":0.167,"y":0.167},"t":32,"s":[512,512,0],"to":[0,0,0],"ti":[0,0,0]},{"i":{"x":0.833,"y":0.833},"o":{"x":0.167,"y":0.167},"t":34,"s":[504.002,512,0],"to":[0,0,0],"ti":[0,0,0]},{"i":{"x":0.833,"y":0.833},"o":{"x":0.167,"y":0.167},"t":35,"s":[516,512,0],"to":[0,0,0],"ti":[0,0,0]},{"i":{"x":0.833,"y":0.833},"o":{"x":0.167,"y":0.167},"t":36,"s":[494,512,0],"to":[0,0,0],"ti":[0,0,0]},{"i":{"x":0.833,"y":0.833},"o":{"x":0.167,"y":0.167},"t":96,"s":[494,512,0],"to":[0,0,0],"ti":[0,0,0]},{"i":{"x":0.833,"y":0.833},"o":{"x":0.167,"y":0.167},"t":98,"s":[494,512,0],"to":[0,0,0],"ti":[0,0,0]},{"i":{"x":0.833,"y":0.833},"o":{"x":0.167,"y":0.167},"t":99,"s":[486,512,0],"to":[0,0,0],"ti":[0,0,0]},{"i":{"x":0.833,"y":0.833},"o":{"x":0.167,"y":0.167},"t":100,"s":[478,512,0],"to":[0,0,0],"ti":[0,0,0]},{"i":{"x":0.833,"y":0.833},"o":{"x":0.167,"y":0.167},"t":101,"s":[484,512,0],"to":[0,0,0],"ti":[0,0,0]},{"i":{"x":0.833,"y":0.833},"o":{"x":0.167,"y":0.167},"t":102,"s":[492,512,0],"to":[0,0,0],"ti":[0,0,0]},{"t":104,"s":[494,512,0]}],"ix":2,"l":2},"a":{"a":0,"k":[512,512,0],"ix":1,"l":2},"s":{"a":1,"k":[{"i":{"x":[0.899,0.899,0.738],"y":[0.689,0.905,0.734]},"o":{"x":[0.682,0.682,0.308],"y":[0,0,0]},"t":24,"s":[100,100,100]},{"i":{"x":[0.515,0.515,0.757],"y":[1,1,1]},"o":{"x":[0.433,0.433,0.413],"y":[2.283,-0.101,0.07]},"t":36,"s":[92.772,97,100]},{"i":{"x":[0,0,0.667],"y":[1,1,1]},"o":{"x":[0.167,0.167,0.167],"y":[0,0,0]},"t":38,"s":[92.07,99,100]},{"i":{"x":[0.833,0.833,0.833],"y":[1,1,1]},"o":{"x":[0.333,0.333,0.333],"y":[0,0,0]},"t":46,"s":[100,100,100]},{"i":{"x":[0.684,0.684,0.684],"y":[0.693,0.852,1]},"o":{"x":[0.157,0.157,0.157],"y":[0,0,0]},"t":86,"s":[100,100,100]},{"i":{"x":[0.785,0.785,0.785],"y":[0.139,1.031,1]},"o":{"x":[0.432,0.432,0.432],"y":[2.273,-0.081,0]},"t":96,"s":[92.353,98,100]},{"i":{"x":[0.564,0.564,0.564],"y":[-4.488,1.099,1]},"o":{"x":[0.182,0.182,0.182],"y":[-0.838,0.015,0]},"t":98,"s":[92.07,99,100]},{"i":{"x":[0.841,0.841,0.841],"y":[1,1,1]},"o":{"x":[0.38,0.38,0.38],"y":[0.307,0.109,0]},"t":100,"s":[92.316,97.27,100]},{"t":104,"s":[100,100,100]}],"ix":6,"l":2}},"ao":0,"ip":0,"op":126,"st":-10,"bm":0},{"ddd":0,"ind":4,"ty":4,"nm":"finger buttons","parent":11,"sr":1,"ks":{"o":{"a":0,"k":100,"ix":11},"r":{"a":0,"k":0,"ix":10},"p":{"a":1,"k":[{"i":{"x":0.667,"y":1},"o":{"x":0.333,"y":0},"t":48,"s":[411.917,330.042,0],"to":[2.266,2.714,0],"ti":[-2.266,-2.714,0]},{"i":{"x":0.667,"y":0.667},"o":{"x":0.333,"y":0.333},"t":54,"s":[425.513,346.326,0],"to":[0,0,0],"ti":[0,0,0]},{"i":{"x":0.667,"y":1},"o":{"x":0.167,"y":0},"t":72,"s":[425.513,346.326,0],"to":[-2.587,-3.059,0],"ti":[2.266,2.714,0]},{"i":{"x":0.667,"y":1},"o":{"x":0.333,"y":0},"t":78,"s":[409.988,327.974,0],"to":[-2.266,-2.714,0],"ti":[-0.321,-0.345,0]},{"t":84,"s":[411.917,330.042,0]}],"ix":2,"l":2},"a":{"a":0,"k":[26.357,25.5,0],"ix":1,"l":2},"s":{"a":0,"k":[100,100,100],"ix":6,"l":2}},"ao":0,"shapes":[{"ty":"gr","it":[{"ind":0,"ty":"sh","ix":1,"ks":{"a":0,"k":{"i":[[-11.325,10.658],[-5.602,-5.952],[11.325,-10.659],[5.602,5.952]],"o":[[11.325,-10.658],[5.601,5.952],[-11.325,10.657],[-5.601,-5.952]],"v":[[-10.142,-10.777],[20.507,-19.298],[10.142,10.778],[-20.507,19.298]],"c":true},"ix":2},"nm":"Path 1","mn":"ADBE Vector Shape - Group","hd":false},{"ty":"fl","c":{"a":0,"k":[0.620000023935,0.455000005984,0.043000000598,1],"ix":4},"o":{"a":0,"k":100,"ix":5},"r":1,"bm":0,"nm":"Fill 1","mn":"ADBE Vector Graphic - Fill","hd":false},{"ty":"tr","p":{"a":0,"k":[26.357,25.5],"ix":2},"a":{"a":0,"k":[0,0],"ix":1},"s":{"a":0,"k":[100,100],"ix":3},"r":{"a":0,"k":0,"ix":6},"o":{"a":0,"k":100,"ix":7},"sk":{"a":0,"k":0,"ix":4},"sa":{"a":0,"k":0,"ix":5},"nm":"Transform"}],"nm":"Group 1","np":2,"cix":2,"bm":0,"ix":1,"mn":"ADBE Vector Group","hd":false}],"ip":0,"op":126,"st":-10,"bm":0},{"ddd":0,"ind":5,"ty":4,"nm":"finger buttons","parent":11,"sr":1,"ks":{"o":{"a":0,"k":100,"ix":11},"r":{"a":0,"k":0,"ix":10},"p":{"a":1,"k":[{"i":{"x":0.667,"y":1},"o":{"x":0.333,"y":0},"t":44,"s":[486.639,261.564,0],"to":[2.452,2.547,0],"ti":[0.227,0.271,0]},{"i":{"x":0.667,"y":1},"o":{"x":0.333,"y":0},"t":48,"s":[501.35,276.847,0],"to":[-0.227,-0.271,0],"ti":[2.452,2.547,0]},{"i":{"x":0.667,"y":1},"o":{"x":0.333,"y":0},"t":54,"s":[485.28,259.935,0],"to":[-2.452,-2.547,0],"ti":[-2.678,-2.819,0]},{"i":{"x":0.667,"y":1},"o":{"x":0.333,"y":0},"t":60,"s":[486.639,261.564,0],"to":[2.678,2.819,0],"ti":[-2.452,-2.547,0]},{"i":{"x":0.667,"y":0.667},"o":{"x":0.333,"y":0.333},"t":66,"s":[501.35,276.847,0],"to":[0,0,0],"ti":[0,0,0]},{"i":{"x":0.667,"y":1},"o":{"x":0.333,"y":0},"t":74,"s":[501.35,276.847,0],"to":[-2.773,-2.892,0],"ti":[2.452,2.547,0]},{"i":{"x":0.667,"y":1},"o":{"x":0.167,"y":0},"t":80,"s":[484.71,259.495,0],"to":[-2.452,-2.547,0],"ti":[-0.321,-0.345,0]},{"t":86,"s":[486.639,261.564,0]}],"ix":2,"l":2},"a":{"a":0,"k":[26.357,25.5,0],"ix":1,"l":2},"s":{"a":0,"k":[100,100,100],"ix":6,"l":2}},"ao":0,"shapes":[{"ty":"gr","it":[{"ind":0,"ty":"sh","ix":1,"ks":{"a":0,"k":{"i":[[-11.325,10.658],[-5.602,-5.952],[11.325,-10.659],[5.602,5.952]],"o":[[11.325,-10.658],[5.601,5.953],[-11.325,10.657],[-5.601,-5.952]],"v":[[-10.142,-10.777],[20.507,-19.298],[10.142,10.778],[-20.507,19.298]],"c":true},"ix":2},"nm":"Path 1","mn":"ADBE Vector Shape - Group","hd":false},{"ty":"fl","c":{"a":0,"k":[0.620000023935,0.455000005984,0.043000000598,1],"ix":4},"o":{"a":0,"k":100,"ix":5},"r":1,"bm":0,"nm":"Fill 1","mn":"ADBE Vector Graphic - Fill","hd":false},{"ty":"tr","p":{"a":0,"k":[26.357,25.5],"ix":2},"a":{"a":0,"k":[0,0],"ix":1},"s":{"a":0,"k":[100,100],"ix":3},"r":{"a":0,"k":0,"ix":6},"o":{"a":0,"k":100,"ix":7},"sk":{"a":0,"k":0,"ix":4},"sa":{"a":0,"k":0,"ix":5},"nm":"Transform"}],"nm":"Group 1","np":2,"cix":2,"bm":0,"ix":1,"mn":"ADBE Vector Group","hd":false}],"ip":0,"op":126,"st":-10,"bm":0},{"ddd":0,"ind":6,"ty":4,"nm":"finger buttons","parent":11,"sr":1,"ks":{"o":{"a":0,"k":100,"ix":11},"r":{"a":0,"k":0,"ix":10},"p":{"a":1,"k":[{"i":{"x":0.667,"y":1},"o":{"x":0.333,"y":0},"t":48,"s":[557.999,191.562,0],"to":[2.266,2.714,0],"ti":[-2.266,-2.714,0]},{"i":{"x":0.667,"y":0.667},"o":{"x":0.333,"y":0.333},"t":54,"s":[571.595,207.846,0],"to":[0,0,0],"ti":[0,0,0]},{"i":{"x":0.667,"y":1},"o":{"x":0.333,"y":0},"t":60,"s":[571.595,207.846,0],"to":[-2.578,-3.068,0],"ti":[2.266,2.714,0]},{"i":{"x":0.667,"y":1},"o":{"x":0.333,"y":0},"t":66,"s":[556.129,189.44,0],"to":[-2.266,-2.714,0],"ti":[-2.578,-3.068,0]},{"i":{"x":0.667,"y":1},"o":{"x":0.333,"y":0},"t":72,"s":[557.999,191.562,0],"to":[2.578,3.068,0],"ti":[-2.266,-2.714,0]},{"i":{"x":0.667,"y":0.667},"o":{"x":0.333,"y":0.333},"t":78,"s":[571.595,207.846,0],"to":[0,0,0],"ti":[0,0,0]},{"i":{"x":0.667,"y":1},"o":{"x":0.167,"y":0},"t":84,"s":[571.595,207.846,0],"to":[-2.266,-2.714,0],"ti":[2.266,2.714,0]},{"t":90,"s":[557.999,191.562,0]}],"ix":2,"l":2},"a":{"a":0,"k":[26.357,25.501,0],"ix":1,"l":2},"s":{"a":0,"k":[100,100,100],"ix":6,"l":2}},"ao":0,"shapes":[{"ty":"gr","it":[{"ind":0,"ty":"sh","ix":1,"ks":{"a":0,"k":{"i":[[-11.325,10.658],[-5.602,-5.952],[11.325,-10.658],[5.602,5.952]],"o":[[11.325,-10.658],[5.601,5.953],[-11.325,10.658],[-5.601,-5.953]],"v":[[-10.142,-10.778],[20.507,-19.299],[10.142,10.778],[-20.507,19.299]],"c":true},"ix":2},"nm":"Path 1","mn":"ADBE Vector Shape - Group","hd":false},{"ty":"fl","c":{"a":0,"k":[0.620000023935,0.455000005984,0.043000000598,1],"ix":4},"o":{"a":0,"k":100,"ix":5},"r":1,"bm":0,"nm":"Fill 1","mn":"ADBE Vector Graphic - Fill","hd":false},{"ty":"tr","p":{"a":0,"k":[26.357,25.501],"ix":2},"a":{"a":0,"k":[0,0],"ix":1},"s":{"a":0,"k":[100,100],"ix":3},"r":{"a":0,"k":0,"ix":6},"o":{"a":0,"k":100,"ix":7},"sk":{"a":0,"k":0,"ix":4},"sa":{"a":0,"k":0,"ix":5},"nm":"Transform"}],"nm":"Group 1","np":2,"cix":2,"bm":0,"ix":1,"mn":"ADBE Vector Group","hd":false}],"ip":0,"op":126,"st":-10,"bm":0},{"ddd":0,"ind":7,"ty":4,"nm":"valve","parent":11,"sr":1,"ks":{"o":{"a":0,"k":100,"ix":11},"r":{"a":0,"k":0,"ix":10},"p":{"a":0,"k":[439.757,358.73,0],"ix":2,"l":2},"a":{"a":0,"k":[27.49,27.13,0],"ix":1,"l":2},"s":{"a":0,"k":[100,100,100],"ix":6,"l":2}},"ao":0,"shapes":[{"ty":"gr","it":[{"ind":0,"ty":"sh","ix":1,"ks":{"a":1,"k":[{"i":{"x":0.667,"y":1},"o":{"x":0.333,"y":0},"t":74,"s":[{"i":[[10.08,-7.12],[0,0],[0,0],[0,0],[-3.68,-3.92],[-12.8,12],[4.64,4.88]],"o":[[0,0],[0,0],[0,0],[-7.76,9.68],[4.64,4.96],[12.72,-12],[-3.76,-3.84]],"v":[[-0.76,-15.44],[-11.48,-26.88],[-26.84,-12.4],[-16.12,-0.96],[-23.56,21.92],[7.96,9.12],[22.6,-21.52]],"c":true}]},{"t":78,"s":[{"i":[[10.08,-7.12],[0,0],[0,0],[0,0],[-3.68,-3.92],[-12.8,12],[4.64,4.88]],"o":[[0,0],[0,0],[0,0],[-7.76,9.68],[4.64,4.96],[12.72,-12],[-3.76,-3.84]],"v":[[-0.76,-15.44],[-16.302,-32.051],[-31.662,-17.571],[-16.12,-0.96],[-23.56,21.92],[7.96,9.12],[22.6,-21.52]],"c":true}]}],"ix":2},"nm":"Path 1","mn":"ADBE Vector Shape - Group","hd":false},{"ty":"fl","c":{"a":0,"k":[0.620000023935,0.455000005984,0.043000000598,1],"ix":4},"o":{"a":0,"k":100,"ix":5},"r":1,"bm":0,"nm":"Fill 1","mn":"ADBE Vector Graphic - Fill","hd":false},{"ty":"tr","p":{"a":0,"k":[27.49,27.13],"ix":2},"a":{"a":0,"k":[0,0],"ix":1},"s":{"a":0,"k":[100,100],"ix":3},"r":{"a":0,"k":0,"ix":6},"o":{"a":0,"k":100,"ix":7},"sk":{"a":0,"k":0,"ix":4},"sa":{"a":0,"k":0,"ix":5},"nm":"Transform"}],"nm":"Group 1","np":2,"cix":2,"bm":0,"ix":1,"mn":"ADBE Vector Group","hd":false}],"ip":0,"op":126,"st":-10,"bm":0},{"ddd":0,"ind":8,"ty":4,"nm":"valve","parent":11,"sr":1,"ks":{"o":{"a":0,"k":100,"ix":11},"r":{"a":0,"k":0,"ix":10},"p":{"a":0,"k":[514.478,290.25,0],"ix":2,"l":2},"a":{"a":0,"k":[27.49,27.13,0],"ix":1,"l":2},"s":{"a":0,"k":[100,100,100],"ix":6,"l":2}},"ao":0,"shapes":[{"ty":"gr","it":[{"ind":0,"ty":"sh","ix":1,"ks":{"a":1,"k":[{"i":{"x":0.667,"y":1},"o":{"x":0.333,"y":0},"t":48,"s":[{"i":[[10.08,-7.12],[0,0],[0,0],[0,0],[-3.68,-3.92],[-12.8,12],[4.64,4.88]],"o":[[0,0],[0,0],[0,0],[-7.76,9.68],[4.64,4.96],[12.72,-12],[-3.76,-3.84]],"v":[[-0.76,-15.44],[-10.542,-26.535],[-25.902,-12.055],[-16.12,-0.96],[-23.56,21.92],[7.96,9.12],[22.6,-21.52]],"c":true}]},{"i":{"x":0.833,"y":1},"o":{"x":0.333,"y":0},"t":54,"s":[{"i":[[10.08,-7.12],[0,0],[0,0],[0,0],[-3.68,-3.92],[-12.8,12],[4.64,4.88]],"o":[[0,0],[0,0],[0,0],[-7.76,9.68],[4.64,4.96],[12.72,-12],[-3.76,-3.84]],"v":[[-0.76,-15.44],[-15.445,-31.629],[-30.805,-17.149],[-16.12,-0.96],[-23.56,21.92],[7.96,9.12],[22.6,-21.52]],"c":true}]},{"i":{"x":0.833,"y":1},"o":{"x":0.167,"y":0},"t":62,"s":[{"i":[[10.08,-7.12],[0,0],[0,0],[0,0],[-3.68,-3.92],[-12.8,12],[4.64,4.88]],"o":[[0,0],[0,0],[0,0],[-7.76,9.68],[4.64,4.96],[12.72,-12],[-3.76,-3.84]],"v":[[-0.76,-15.44],[-15.445,-31.629],[-30.805,-17.149],[-16.12,-0.96],[-23.56,21.92],[7.96,9.12],[22.6,-21.52]],"c":true}]},{"i":{"x":0.833,"y":1},"o":{"x":0.167,"y":0},"t":66,"s":[{"i":[[10.08,-7.12],[0,0],[0,0],[0,0],[-3.68,-3.92],[-12.8,12],[4.64,4.88]],"o":[[0,0],[0,0],[0,0],[-7.76,9.68],[4.64,4.96],[12.72,-12],[-3.76,-3.84]],"v":[[-0.76,-15.44],[-10.772,-26.323],[-26.132,-11.843],[-16.12,-0.96],[-23.56,21.92],[7.96,9.12],[22.6,-21.52]],"c":true}]},{"i":{"x":0.833,"y":1},"o":{"x":0.167,"y":0},"t":76,"s":[{"i":[[10.08,-7.12],[0,0],[0,0],[0,0],[-3.68,-3.92],[-12.8,12],[4.64,4.88]],"o":[[0,0],[0,0],[0,0],[-7.76,9.68],[4.64,4.96],[12.72,-12],[-3.76,-3.84]],"v":[[-0.76,-15.44],[-10.772,-26.323],[-26.132,-11.843],[-16.12,-0.96],[-23.56,21.92],[7.96,9.12],[22.6,-21.52]],"c":true}]},{"i":{"x":0.833,"y":1},"o":{"x":0.167,"y":0},"t":80,"s":[{"i":[[10.08,-7.12],[0,0],[0,0],[0,0],[-3.68,-3.92],[-12.8,12],[4.64,4.88]],"o":[[0,0],[0,0],[0,0],[-7.76,9.68],[4.64,4.96],[12.72,-12],[-3.76,-3.84]],"v":[[-0.76,-15.44],[-15.445,-31.629],[-30.805,-17.149],[-16.12,-0.96],[-23.56,21.92],[7.96,9.12],[22.6,-21.52]],"c":true}]},{"t":84,"s":[{"i":[[10.08,-7.12],[0,0],[0,0],[0,0],[-3.68,-3.92],[-12.8,12],[4.64,4.88]],"o":[[0,0],[0,0],[0,0],[-7.76,9.68],[4.64,4.96],[12.72,-12],[-3.76,-3.84]],"v":[[-0.76,-15.44],[-10.772,-26.323],[-26.132,-11.843],[-16.12,-0.96],[-23.56,21.92],[7.96,9.12],[22.6,-21.52]],"c":true}]}],"ix":2},"nm":"Path 1","mn":"ADBE Vector Shape - Group","hd":false},{"ty":"fl","c":{"a":0,"k":[0.620000023935,0.455000005984,0.043000000598,1],"ix":4},"o":{"a":0,"k":100,"ix":5},"r":1,"bm":0,"nm":"Fill 1","mn":"ADBE Vector Graphic - Fill","hd":false},{"ty":"tr","p":{"a":0,"k":[27.49,27.13],"ix":2},"a":{"a":0,"k":[0,0],"ix":1},"s":{"a":0,"k":[100,100],"ix":3},"r":{"a":0,"k":0,"ix":6},"o":{"a":0,"k":100,"ix":7},"sk":{"a":0,"k":0,"ix":4},"sa":{"a":0,"k":0,"ix":5},"nm":"Transform"}],"nm":"Group 1","np":2,"cix":2,"bm":0,"ix":1,"mn":"ADBE Vector Group","hd":false}],"ip":0,"op":126,"st":-10,"bm":0},{"ddd":0,"ind":9,"ty":4,"nm":"valve","parent":11,"sr":1,"ks":{"o":{"a":0,"k":100,"ix":11},"r":{"a":0,"k":0,"ix":10},"p":{"a":0,"k":[585.224,220.323,0],"ix":2,"l":2},"a":{"a":0,"k":[27.982,27.128,0],"ix":1,"l":2},"s":{"a":0,"k":[100,100,100],"ix":6,"l":2}},"ao":0,"shapes":[{"ty":"gr","it":[{"ind":0,"ty":"sh","ix":1,"ks":{"a":1,"k":[{"i":{"x":0.667,"y":1},"o":{"x":0.333,"y":0},"t":62,"s":[{"i":[[0,0],[0,0],[0,0],[0,0]],"o":[[0,0],[0,0],[0,0],[0,0]],"v":[[-17.01,-2.667],[-1.63,-17.141],[17.01,2.667],[1.63,17.141]],"c":true}]},{"i":{"x":0.667,"y":1},"o":{"x":0.333,"y":0},"t":66,"s":[{"i":[[0,0],[0,0],[0,0],[0,0]],"o":[[0,0],[0,0],[0,0],[0,0]],"v":[[-21.684,-7.973],[-6.304,-22.447],[17.01,2.667],[1.63,17.141]],"c":true}]},{"t":74,"s":[{"i":[[0,0],[0,0],[0,0],[0,0]],"o":[[0,0],[0,0],[0,0],[0,0]],"v":[[-17.01,-2.667],[-1.63,-17.141],[17.01,2.667],[1.63,17.141]],"c":true}]}],"ix":2},"nm":"Path 1","mn":"ADBE Vector Shape - Group","hd":false},{"ty":"fl","c":{"a":0,"k":[0.620000023935,0.455000005984,0.043000000598,1],"ix":4},"o":{"a":0,"k":100,"ix":5},"r":1,"bm":0,"nm":"Fill 1","mn":"ADBE Vector Graphic - Fill","hd":false},{"ty":"tr","p":{"a":0,"k":[18.683,17.391],"ix":2},"a":{"a":0,"k":[0,0],"ix":1},"s":{"a":0,"k":[100,100],"ix":3},"r":{"a":0,"k":0,"ix":6},"o":{"a":0,"k":100,"ix":7},"sk":{"a":0,"k":0,"ix":4},"sa":{"a":0,"k":0,"ix":5},"nm":"Transform"}],"nm":"Group 1","np":2,"cix":2,"bm":0,"ix":1,"mn":"ADBE Vector Group","hd":false},{"ty":"gr","it":[{"ind":0,"ty":"sh","ix":1,"ks":{"a":0,"k":{"i":[[-12.741,11.99],[-4.663,-4.955],[12.741,-11.99],[4.662,4.955]],"o":[[12.741,-11.99],[4.663,4.955],[-12.741,11.99],[-4.663,-4.955]],"v":[[-8.443,-8.972],[23.069,-21.71],[8.443,8.972],[-23.069,21.71]],"c":true},"ix":2},"nm":"Path 1","mn":"ADBE Vector Shape - Group","hd":false},{"ty":"fl","c":{"a":0,"k":[0.620000023935,0.455000005984,0.043000000598,1],"ix":4},"o":{"a":0,"k":100,"ix":5},"r":1,"bm":0,"nm":"Fill 1","mn":"ADBE Vector Graphic - Fill","hd":false},{"ty":"tr","p":{"a":0,"k":[27.982,27.34],"ix":2},"a":{"a":0,"k":[0,0],"ix":1},"s":{"a":0,"k":[100,100],"ix":3},"r":{"a":0,"k":0,"ix":6},"o":{"a":0,"k":100,"ix":7},"sk":{"a":0,"k":0,"ix":4},"sa":{"a":0,"k":0,"ix":5},"nm":"Transform"}],"nm":"Group 2","np":2,"cix":2,"bm":0,"ix":2,"mn":"ADBE Vector Group","hd":false}],"ip":0,"op":126,"st":-10,"bm":0},{"ddd":0,"ind":10,"ty":4,"nm":"Layer 15 Outlines","parent":1,"sr":1,"ks":{"o":{"a":0,"k":100,"ix":11},"r":{"a":0,"k":85.232,"ix":10},"p":{"a":0,"k":[480.408,473.938,0],"ix":2,"l":2},"a":{"a":0,"k":[473.05,16.89,0],"ix":1,"l":2},"s":{"a":0,"k":[99.874,99.055,100],"ix":6,"l":2}},"ao":0,"shapes":[{"ty":"gr","it":[{"ind":0,"ty":"sh","ix":1,"ks":{"a":1,"k":[{"i":{"x":0.667,"y":1},"o":{"x":0.65,"y":0},"t":42,"s":[{"i":[[6.4,-4.32],[83.12,7.841],[5.68,-5.12],[-36.8,7.04],[-35.04,30.08],[-9.68,10.08],[6.48,-4.4]],"o":[[-67.2,46.16],[-7.6,-0.72],[-8.16,7.359],[86.32,-16.399],[3.84,-3.281],[5.36,-5.599],[-5.76,4]],"v":[[122.52,-56.52],[-124.44,6.28],[-146.36,10.121],[-62.04,66.44],[126.92,-36.999],[149.16,-59.24],[140.84,-69.08]],"c":true}]},{"i":{"x":0.428,"y":1},"o":{"x":1,"y":0},"t":50,"s":[{"i":[[6.454,-4.238],[92.255,9.879],[6.384,-5.61],[-40.992,7.306],[-35.417,29.635],[-9.806,9.957],[6.535,-4.318]],"o":[[-67.778,45.308],[-8.436,-0.908],[-9.171,8.064],[96.152,-17.012],[3.881,-3.231],[5.431,-5.532],[-5.81,3.927]],"v":[[119.65,-52.843],[-131.831,-10.413],[-156.244,-6.454],[-63.335,57.315],[123.803,-33.269],[146.322,-55.226],[138.127,-65.17]],"c":true}]},{"i":{"x":0.833,"y":1},"o":{"x":0.167,"y":0},"t":60,"s":[{"i":[[6.333,-4.418],[77.108,6.075],[5.189,-4.823],[-33.988,7.047],[-34.573,30.617],[-9.524,10.229],[6.412,-4.5]],"o":[[-66.48,47.19],[-7.05,-0.558],[-7.453,6.935],[79.726,-16.425],[3.788,-3.339],[5.273,-5.682],[-5.697,4.088]],"v":[[126.847,-55.877],[-136.825,41.528],[-157.075,45.398],[-78.163,96.364],[131.548,-36.428],[153.442,-59.008],[144.971,-68.718]],"c":true}]},{"t":70,"s":[{"i":[[6.4,-4.32],[83.12,7.841],[5.68,-5.12],[-36.8,7.04],[-35.04,30.08],[-9.68,10.08],[6.48,-4.4]],"o":[[-67.2,46.16],[-7.6,-0.72],[-8.16,7.359],[86.32,-16.399],[3.84,-3.281],[5.36,-5.599],[-5.76,4]],"v":[[122.52,-56.52],[-124.44,6.28],[-146.36,10.121],[-62.04,66.44],[126.92,-36.999],[149.16,-59.24],[140.84,-69.08]],"c":true}]}],"ix":2},"nm":"Path 1","mn":"ADBE Vector Shape - Group","hd":false},{"ty":"fl","c":{"a":0,"k":[1,0.976000019148,0.769000004787,1],"ix":4},"o":{"a":0,"k":100,"ix":5},"r":1,"bm":0,"nm":"Fill 1","mn":"ADBE Vector Graphic - Fill","hd":false},{"ty":"tr","p":{"a":0,"k":[294.29,101.65],"ix":2},"a":{"a":0,"k":[0,0],"ix":1},"s":{"a":0,"k":[100,100],"ix":3},"r":{"a":0,"k":0,"ix":6},"o":{"a":0,"k":100,"ix":7},"sk":{"a":0,"k":0,"ix":4},"sa":{"a":0,"k":0,"ix":5},"nm":"Transform"}],"nm":"Group 1","np":2,"cix":2,"bm":0,"ix":1,"mn":"ADBE Vector Group","hd":false},{"ty":"gr","it":[{"ind":0,"ty":"sh","ix":1,"ks":{"a":1,"k":[{"i":{"x":0.667,"y":1},"o":{"x":0.65,"y":0},"t":42,"s":[{"i":[[-15.171,13.456],[-77.979,-87.921],[15.171,-13.456],[77.978,87.92]],"o":[[15.171,-13.456],[77.979,87.921],[-15.172,13.455],[-77.979,-87.922]],"v":[[-141.193,-159.196],[27.47,-24.364],[141.193,159.196],[-27.47,24.364]],"c":true}]},{"i":{"x":0.428,"y":1},"o":{"x":1,"y":0},"t":50,"s":[{"i":[[-17.048,14.74],[-85.418,-98.797],[17.048,-14.739],[85.418,98.796]],"o":[[17.048,-14.739],[85.418,98.796],[-17.048,14.74],[-85.418,-98.797]],"v":[[-161.563,-176.179],[23.968,-23.98],[147.763,181.594],[-37.768,29.396]],"c":true}]},{"i":{"x":0.833,"y":1},"o":{"x":0.167,"y":0},"t":60,"s":[{"i":[[-13.861,12.681],[-73.489,-80.329],[13.861,-12.681],[73.489,80.329]],"o":[[13.861,-12.681],[73.489,80.329],[-13.862,12.681],[-73.489,-80.329]],"v":[[-144.922,-123.182],[13.24,-0.694],[121.206,167.716],[-36.956,45.228]],"c":true}]},{"t":70,"s":[{"i":[[-15.171,13.456],[-77.979,-87.921],[15.171,-13.456],[77.978,87.92]],"o":[[15.171,-13.456],[77.979,87.921],[-15.172,13.455],[-77.979,-87.922]],"v":[[-141.193,-159.196],[27.47,-24.364],[141.193,159.196],[-27.47,24.364]],"c":true}]}],"ix":2},"nm":"Path 1","mn":"ADBE Vector Shape - Group","hd":false},{"ty":"fl","c":{"a":0,"k":[0.866999966491,0.451000019148,0.255000005984,1],"ix":4},"o":{"a":0,"k":100,"ix":5},"r":1,"bm":0,"nm":"Fill 1","mn":"ADBE Vector Graphic - Fill","hd":false},{"ty":"tr","p":{"a":0,"k":[195.878,279.062],"ix":2},"a":{"a":0,"k":[0,0],"ix":1},"s":{"a":0,"k":[100,100],"ix":3},"r":{"a":0,"k":0,"ix":6},"o":{"a":0,"k":100,"ix":7},"sk":{"a":0,"k":0,"ix":4},"sa":{"a":0,"k":0,"ix":5},"nm":"Transform"}],"nm":"Group 2","np":2,"cix":2,"bm":0,"ix":2,"mn":"ADBE Vector Group","hd":false},{"ty":"gr","it":[{"ind":0,"ty":"sh","ix":1,"ks":{"a":1,"k":[{"i":{"x":0.667,"y":1},"o":{"x":0.65,"y":0},"t":42,"s":[{"i":[[0,0],[12.48,4.08],[4.16,-4.32],[-94.48,-107.84],[-32.4,30.48],[2.08,34],[-149.04,140.161]],"o":[[-184.16,138.64],[-32.64,-10.72],[-31.2,31.68],[94.48,107.84],[22.56,-21.279],[-2.8,-45.04],[0,0]],"v":[[209.76,-244.64],[-173.28,-181.92],[-217.6,-176.48],[-113.52,63.44],[124.48,214.16],[138.56,138.8],[248.8,-203.28]],"c":true}]},{"i":{"x":0.428,"y":1},"o":{"x":1,"y":0},"t":50,"s":[{"i":[[0,0],[13.811,4.709],[4.683,-4.742],[-103.475,-121.163],[-36.432,33.416],[1.834,37.811],[-150.799,138.265]],"o":[[-185.897,136.302],[-36.12,-12.371],[-35.116,34.766],[103.476,121.162],[25.368,-23.33],[-2.479,-50.09],[0,0]],"v":[[207.453,-240.429],[-190.506,-204.936],[-239.832,-199.513],[-127.544,68.556],[134.814,239.383],[151.518,155.839],[245.967,-198.578]],"c":true}]},{"i":{"x":0.833,"y":1},"o":{"x":0.167,"y":0},"t":60,"s":[{"i":[[0,0],[11.619,3.601],[3.792,-4.062],[-89.059,-98.545],[-29.577,28.697],[2.413,31.465],[-146.861,142.441]],"o":[[-182,141.463],[-30.388,-9.464],[-28.448,29.792],[89.059,98.545],[20.594,-20.035],[-3.237,-41.682],[0,0]],"v":[[213.39,-244.64],[-179.375,-142.015],[-220.352,-136.343],[-120.513,84.413],[102.104,220.628],[114.07,150.619],[253.063,-203.887]],"c":true}]},{"t":70,"s":[{"i":[[0,0],[12.48,4.08],[4.16,-4.32],[-94.48,-107.84],[-32.4,30.48],[2.08,34],[-149.04,140.161]],"o":[[-184.16,138.64],[-32.64,-10.72],[-31.2,31.68],[94.48,107.84],[22.56,-21.279],[-2.8,-45.04],[0,0]],"v":[[209.76,-244.64],[-173.28,-181.92],[-217.6,-176.48],[-113.52,63.44],[124.48,214.16],[138.56,138.8],[248.8,-203.28]],"c":true}]}],"ix":2},"nm":"Path 1","mn":"ADBE Vector Shape - Group","hd":false},{"ty":"fl","c":{"a":0,"k":[1,0.791999966491,0.156999999402,1],"ix":4},"o":{"a":0,"k":100,"ix":5},"r":1,"bm":0,"nm":"Fill 1","mn":"ADBE Vector Graphic - Fill","hd":false},{"ty":"tr","p":{"a":0,"k":[249.05,244.89],"ix":2},"a":{"a":0,"k":[0,0],"ix":1},"s":{"a":0,"k":[100,100],"ix":3},"r":{"a":0,"k":0,"ix":6},"o":{"a":0,"k":100,"ix":7},"sk":{"a":0,"k":0,"ix":4},"sa":{"a":0,"k":0,"ix":5},"nm":"Transform"}],"nm":"Group 3","np":2,"cix":2,"bm":0,"ix":3,"mn":"ADBE Vector Group","hd":false}],"ip":0,"op":126,"st":-10,"bm":0},{"ddd":0,"ind":11,"ty":4,"nm":"Trumpet","parent":3,"sr":1,"ks":{"o":{"a":0,"k":100,"ix":11},"r":{"a":1,"k":[{"i":{"x":[0.667],"y":[1]},"o":{"x":[0.6],"y":[0]},"t":16,"s":[0]},{"i":{"x":[0],"y":[1]},"o":{"x":[0.333],"y":[0]},"t":22,"s":[-7]},{"i":{"x":[0.085],"y":[1]},"o":{"x":[1],"y":[0]},"t":24,"s":[-9]},{"i":{"x":[0.085],"y":[1]},"o":{"x":[0.777],"y":[0]},"t":46,"s":[89]},{"i":{"x":[0.833],"y":[1]},"o":{"x":[0.777],"y":[0]},"t":86,"s":[89]},{"i":{"x":[0.833],"y":[1]},"o":{"x":[0.167],"y":[0]},"t":104,"s":[-1.5]},{"i":{"x":[0.833],"y":[1]},"o":{"x":[0.167],"y":[0]},"t":112,"s":[0.5]},{"t":120,"s":[0]}],"ix":10},"p":{"a":1,"k":[{"i":{"x":0.833,"y":0.633},"o":{"x":0.46,"y":0},"t":16,"s":[567.6,501.254,0],"to":[0,0,0],"ti":[-0.234,-2.006,0]},{"i":{"x":0.589,"y":1},"o":{"x":0.167,"y":0.108},"t":19,"s":[566.547,502.446,0],"to":[0.133,1.139,0],"ti":[2.414,-3.621,0]},{"i":{"x":0.833,"y":0.833},"o":{"x":0.333,"y":0},"t":22,"s":[567.6,509.254,0],"to":[-0.341,0.512,0],"ti":[10.336,-11.388,0]},{"i":{"x":0.833,"y":0.833},"o":{"x":0.167,"y":0.167},"t":34,"s":[554.97,531.759,0],"to":[-2.838,3.127,0],"ti":[1.998,-2.997,0]},{"i":{"x":0.833,"y":0.833},"o":{"x":0.167,"y":0.167},"t":36,"s":[510.177,541.004,0],"to":[-1.498,2.247,0],"ti":[0.213,-2.059,0]},{"i":{"x":0.833,"y":0.833},"o":{"x":0.167,"y":0.167},"t":38,"s":[485.037,547.487,0],"to":[-0.162,1.563,0],"ti":[-4.371,-1.404,0]},{"i":{"x":0,"y":1},"o":{"x":0.167,"y":0.167},"t":40,"s":[500.404,551.948,0],"to":[12.468,4.005,0],"ti":[0,0,0]},{"i":{"x":0.516,"y":0.516},"o":{"x":1.17,"y":1.17},"t":46,"s":[527.6,561.254,0],"to":[0,0,0],"ti":[0,0,0]},{"i":{"x":0.77,"y":0.413},"o":{"x":0.881,"y":0},"t":86,"s":[527.6,561.254,0],"to":[0,0,0],"ti":[8.691,7.182,0]},{"i":{"x":0.708,"y":0.696},"o":{"x":0.377,"y":0.364},"t":96,"s":[505.457,551.071,0],"to":[-4.131,-3.413,0],"ti":[-3.132,4.096,0]},{"i":{"x":0.721,"y":0.73},"o":{"x":0.395,"y":0.18},"t":98,"s":[504.842,539.656,0],"to":[3.405,-4.453,0],"ti":[-6.491,4.514,0]},{"i":{"x":0.661,"y":1},"o":{"x":0.459,"y":0.575},"t":100,"s":[531.081,526.009,0],"to":[22.647,-15.751,0],"ti":[3.167,-4.751,0]},{"t":104,"s":[567.6,501.254,0]}],"ix":2,"l":2},"a":{"a":0,"k":[524.997,457.424,0],"ix":1,"l":2},"s":{"a":0,"k":[100,100,100],"ix":6,"l":2}},"ao":0,"shapes":[{"ty":"gr","it":[{"ind":0,"ty":"sh","ix":1,"ks":{"a":0,"k":{"i":[[32.64,31.76],[12.24,-12.56],[-2.48,-10.08],[5.04,-5.2],[0,0],[0,0],[-12.48,-10.56],[0,0],[-11.2,11.52],[0,0],[-7.04,-1.52],[-5.36,5.52]],"o":[[-32.64,-31.76],[-5.36,5.52],[1.76,7.04],[0,0],[-11.2,11.52],[0,0],[10.88,12.16],[0,0],[0,0],[5.04,-5.2],[10.16,2.24],[12.24,-12.48]],"v":[[32.6,-34.56],[-36.04,-55.52],[-39.96,-31.2],[-43.4,-11.2],[-56.36,2.16],[-62.68,24.48],[-39.24,39.28],[-23,63.52],[-0.84,56.56],[12.12,43.2],[31.08,40.16],[55.32,35.52]],"c":true},"ix":2},"nm":"Path 1","mn":"ADBE Vector Shape - Group","hd":false},{"ty":"fl","c":{"a":0,"k":[0.380000005984,0.380000005984,0.380000005984,1],"ix":4},"o":{"a":0,"k":100,"ix":5},"r":1,"bm":0,"nm":"Fill 1","mn":"ADBE Vector Graphic - Fill","hd":false},{"ty":"tr","p":{"a":0,"k":[887.277,68.33],"ix":2},"a":{"a":0,"k":[0,0],"ix":1},"s":{"a":0,"k":[100,100],"ix":3},"r":{"a":0,"k":0,"ix":6},"o":{"a":0,"k":100,"ix":7},"sk":{"a":0,"k":0,"ix":4},"sa":{"a":0,"k":0,"ix":5},"nm":"Transform"}],"nm":"Group 1","np":2,"cix":2,"bm":0,"ix":1,"mn":"ADBE Vector Group","hd":false},{"ty":"gr","it":[{"ind":0,"ty":"sh","ix":1,"ks":{"a":0,"k":{"i":[[4.08,-6.721],[14.48,-7.599],[5.36,5.68],[0,0],[0,0],[0,0]],"o":[[-4.8,7.84],[-6.96,3.681],[0,0],[0,0],[0,0],[5.44,5.76]],"v":[[144.68,126.24],[116.92,151.599],[95.96,148.16],[-148.76,-111.84],[-102.6,-155.281],[142.44,105.12]],"c":true},"ix":2},"nm":"Path 1","mn":"ADBE Vector Shape - Group","hd":false},{"ty":"fl","c":{"a":0,"k":[1,0.791999966491,0.156999999402,1],"ix":4},"o":{"a":0,"k":100,"ix":5},"r":1,"bm":0,"nm":"Fill 1","mn":"ADBE Vector Graphic - Fill","hd":false},{"ty":"tr","p":{"a":0,"k":[712.078,355.21],"ix":2},"a":{"a":0,"k":[0,0],"ix":1},"s":{"a":0,"k":[100,100],"ix":3},"r":{"a":0,"k":0,"ix":6},"o":{"a":0,"k":100,"ix":7},"sk":{"a":0,"k":0,"ix":4},"sa":{"a":0,"k":0,"ix":5},"nm":"Transform"}],"nm":"Group 2","np":2,"cix":2,"bm":0,"ix":2,"mn":"ADBE Vector Group","hd":false},{"ty":"gr","it":[{"ind":0,"ty":"sh","ix":1,"ks":{"a":0,"k":{"i":[[4.08,-6.721],[14.48,-7.599],[5.36,5.68],[0,0],[0,0],[0,0]],"o":[[-4.8,7.84],[-6.96,3.681],[0,0],[0,0],[0,0],[5.36,5.76]],"v":[[144.64,126.24],[116.88,151.599],[95.92,148.16],[-148.72,-111.84],[-102.56,-155.28],[142.48,105.12]],"c":true},"ix":2},"nm":"Path 1","mn":"ADBE Vector Shape - Group","hd":false},{"ty":"fl","c":{"a":0,"k":[1,0.791999966491,0.156999999402,1],"ix":4},"o":{"a":0,"k":100,"ix":5},"r":1,"bm":0,"nm":"Fill 1","mn":"ADBE Vector Graphic - Fill","hd":false},{"ty":"tr","p":{"a":0,"k":[640.758,425.21],"ix":2},"a":{"a":0,"k":[0,0],"ix":1},"s":{"a":0,"k":[100,100],"ix":3},"r":{"a":0,"k":0,"ix":6},"o":{"a":0,"k":100,"ix":7},"sk":{"a":0,"k":0,"ix":4},"sa":{"a":0,"k":0,"ix":5},"nm":"Transform"}],"nm":"Group 3","np":2,"cix":2,"bm":0,"ix":3,"mn":"ADBE Vector Group","hd":false},{"ty":"gr","it":[{"ind":0,"ty":"sh","ix":1,"ks":{"a":0,"k":{"i":[[4.08,-6.72],[14.48,-7.6],[5.36,5.681],[0,0],[0,0],[0,0]],"o":[[-4.8,7.84],[-6.96,3.68],[0,0],[0,0],[0,0],[5.36,5.761]],"v":[[144.64,126.24],[116.88,151.6],[95.92,148.16],[-148.72,-111.84],[-102.56,-155.28],[142.48,105.12]],"c":true},"ix":2},"nm":"Path 1","mn":"ADBE Vector Shape - Group","hd":false},{"ty":"fl","c":{"a":0,"k":[1,0.791999966491,0.156999999402,1],"ix":4},"o":{"a":0,"k":100,"ix":5},"r":1,"bm":0,"nm":"Fill 1","mn":"ADBE Vector Graphic - Fill","hd":false},{"ty":"tr","p":{"a":0,"k":[566.038,493.69],"ix":2},"a":{"a":0,"k":[0,0],"ix":1},"s":{"a":0,"k":[100,100],"ix":3},"r":{"a":0,"k":0,"ix":6},"o":{"a":0,"k":100,"ix":7},"sk":{"a":0,"k":0,"ix":4},"sa":{"a":0,"k":0,"ix":5},"nm":"Transform"}],"nm":"Group 4","np":2,"cix":2,"bm":0,"ix":4,"mn":"ADBE Vector Group","hd":false},{"ty":"gr","it":[{"ind":0,"ty":"sh","ix":1,"ks":{"a":0,"k":{"i":[[0,0],[0,0],[-37.36,-39.68],[70.72,-66.48],[0,0],[34.24,28.72],[-59.84,56.24]],"o":[[0,0],[36.96,-34.8],[0,0],[0,0],[-34.4,32.4],[-35.2,-29.52],[0,0]],"v":[[-338.148,242.555],[175.44,-244.64],[310,-235.76],[310.72,-100.96],[45.52,148.64],[-76.08,141.76],[-73.36,-10.48]],"c":false},"ix":2},"nm":"Path 1","mn":"ADBE Vector Shape - Group","hd":false},{"ty":"st","c":{"a":0,"k":[1,0.791999966491,0.156999999402,1],"ix":3},"o":{"a":0,"k":100,"ix":4},"w":{"a":0,"k":57.423,"ix":5},"lc":1,"lj":1,"ml":10,"bm":0,"nm":"Stroke 1","mn":"ADBE Vector Graphic - Stroke","hd":false},{"ty":"tr","p":{"a":0,"k":[524.997,491.85],"ix":2},"a":{"a":0,"k":[0,0],"ix":1},"s":{"a":0,"k":[100,100],"ix":3},"r":{"a":0,"k":0,"ix":6},"o":{"a":0,"k":100,"ix":7},"sk":{"a":0,"k":0,"ix":4},"sa":{"a":0,"k":0,"ix":5},"nm":"Transform"}],"nm":"Group 5","np":2,"cix":2,"bm":0,"ix":5,"mn":"ADBE Vector Group","hd":false},{"ty":"gr","it":[{"ind":0,"ty":"sh","ix":1,"ks":{"a":0,"k":{"i":[[0,0],[0,0],[0,0],[0,0]],"o":[[0,0],[0,0],[0,0],[0,0]],"v":[[-238.659,185.877],[200.009,-226.947],[238.66,-185.877],[-200.008,226.947]],"c":true},"ix":2},"nm":"Path 1","mn":"ADBE Vector Shape - Group","hd":false},{"ty":"fl","c":{"a":0,"k":[1,0.791999966491,0.156999999402,1],"ix":4},"o":{"a":0,"k":100,"ix":5},"r":1,"bm":0,"nm":"Fill 1","mn":"ADBE Vector Graphic - Fill","hd":false},{"ty":"tr","p":{"a":0,"k":[649.27,295.749],"ix":2},"a":{"a":0,"k":[0,0],"ix":1},"s":{"a":0,"k":[100,100],"ix":3},"r":{"a":0,"k":0,"ix":6},"o":{"a":0,"k":100,"ix":7},"sk":{"a":0,"k":0,"ix":4},"sa":{"a":0,"k":0,"ix":5},"nm":"Transform"}],"nm":"Group 6","np":2,"cix":2,"bm":0,"ix":6,"mn":"ADBE Vector Group","hd":false}],"ip":0,"op":126,"st":-10,"bm":0}],"markers":[{"tm":0,"cm":"Rest","dr":0}]}