{"v":"5.8.1","fr":60,"ip":0,"op":140,"w":1024,"h":1024,"nm":"u1fae9","ddd":0,"assets":[],"layers":[{"ddd":0,"ind":1,"ty":3,"nm":"move face","sr":1,"ks":{"o":{"a":0,"k":0,"ix":11},"r":{"a":0,"k":0,"ix":10},"p":{"a":1,"k":[{"i":{"x":0.667,"y":1},"o":{"x":1,"y":0},"t":24,"s":[512,512,0],"to":[0,2,0],"ti":[0,0.333,0]},{"i":{"x":0.667,"y":1},"o":{"x":0.765,"y":0},"t":86,"s":[512,524,0],"to":[0,-0.333,0],"ti":[0,2,0]},{"i":{"x":0.667,"y":1},"o":{"x":0.167,"y":0},"t":124,"s":[512,510,0],"to":[0,-2,0],"ti":[0,-0.333,0]},{"t":132,"s":[512,512,0]}],"ix":2,"l":2},"a":{"a":0,"k":[0,0,0],"ix":1,"l":2},"s":{"a":0,"k":[100,100,100],"ix":6,"l":2}},"ao":0,"ip":0,"op":140,"st":0,"bm":0},{"ddd":0,"ind":2,"ty":4,"nm":"eyebrow","parent":1,"sr":1,"ks":{"o":{"a":0,"k":100,"ix":11},"r":{"a":0,"k":0,"ix":10},"p":{"a":1,"k":[{"i":{"x":0.667,"y":1},"o":{"x":1,"y":0},"t":38,"s":[-186.88,-207.24,0],"to":[0,0,0],"ti":[0,0,0]},{"i":{"x":0.833,"y":1},"o":{"x":1,"y":0},"t":82,"s":[-186.88,-163.24,0],"to":[0,0,0],"ti":[0,0,0]},{"i":{"x":0.833,"y":1},"o":{"x":0.167,"y":0},"t":122,"s":[-186.88,-209.24,0],"to":[0,0,0],"ti":[0,0,0]},{"t":136,"s":[-186.88,-207.24,0]}],"ix":2,"l":2},"a":{"a":0,"k":[112.49,36.93,0],"ix":1,"l":2},"s":{"a":0,"k":[100,100,100],"ix":6,"l":2}},"ao":0,"shapes":[{"ty":"gr","it":[{"ind":0,"ty":"sh","ix":1,"ks":{"a":0,"k":{"i":[[11.92,6],[93.36,-31.12],[-22.64,7.04],[-19.36,-1.2]],"o":[[-11.84,-6.08],[-24.88,8.16],[81.04,-25.84],[19.36,1.2]],"v":[[100.32,-9.96],[-87.36,-5.56],[-77.36,29.64],[91.92,18.2]],"c":true},"ix":2},"nm":"Path 1","mn":"ADBE Vector Shape - Group","hd":false},{"ty":"fl","c":{"a":0,"k":[0.258999992819,0.169000004787,0.051000000449,1],"ix":4},"o":{"a":0,"k":100,"ix":5},"r":1,"bm":0,"nm":"Fill 1","mn":"ADBE Vector Graphic - Fill","hd":false},{"ty":"tr","p":{"a":0,"k":[112.49,36.93],"ix":2},"a":{"a":0,"k":[0,0],"ix":1},"s":{"a":0,"k":[100,100],"ix":3},"r":{"a":0,"k":0,"ix":6},"o":{"a":0,"k":100,"ix":7},"sk":{"a":0,"k":0,"ix":4},"sa":{"a":0,"k":0,"ix":5},"nm":"Transform"}],"nm":"Group 1","np":2,"cix":2,"bm":0,"ix":1,"mn":"ADBE Vector Group","hd":false}],"ip":0,"op":140,"st":0,"bm":0},{"ddd":0,"ind":3,"ty":4,"nm":"eyelid","parent":1,"td":1,"sr":1,"ks":{"o":{"a":0,"k":100,"ix":11},"r":{"a":0,"k":0,"ix":10},"p":{"a":0,"k":[-186.841,-71.667,0],"ix":2,"l":2},"a":{"a":0,"k":[124.249,5.451,0],"ix":1,"l":2},"s":{"a":0,"k":[100,100,100],"ix":6,"l":2}},"ao":0,"shapes":[{"ty":"gr","it":[{"ind":0,"ty":"sh","ix":1,"ks":{"a":1,"k":[{"i":{"x":0.833,"y":0.833},"o":{"x":0.835,"y":0},"t":38,"s":[{"i":[[52,-8],[-3.199,-13.599],[-61.617,5.268],[-14.925,-8.932],[16.801,0]],"o":[[-13.6,2.4],[17.149,-3.182],[56.024,-4.79],[0,-13.599],[-36.8,0]],"v":[[-289.071,-122.5],[-305.308,-75.651],[-171.683,-89.044],[-53.234,-92.901],[-74.672,-141.701]],"c":true}]},{"i":{"x":0.667,"y":1},"o":{"x":0.167,"y":0.167},"t":68,"s":[{"i":[[52,-8],[-3.199,-13.599],[-44.101,1.294],[-0.122,-18.023],[16.801,0]],"o":[[-13.6,2.4],[15.379,-11.023],[58.916,-1.728],[22.879,-18.523],[-36.8,0]],"v":[[-288.973,-104.028],[-305.038,-46.429],[-170.575,-60.724],[-53.038,-52.429],[-74.574,-123.228]],"c":true}]},{"i":{"x":0.833,"y":1},"o":{"x":0.167,"y":0},"t":78,"s":[{"i":[[52,-8],[-3.199,-13.599],[-61.475,8.414],[-4.47,68.554],[16.801,0]],"o":[[-13.6,2.4],[15.815,66.679],[53.586,-7.334],[0,-13.599],[-36.8,0]],"v":[[-290.189,-112.5],[-310.301,-44.401],[-159.4,49.211],[-45.8,-68.401],[-70.391,-124.701]],"c":true}]},{"i":{"x":0.833,"y":1},"o":{"x":0.167,"y":0},"t":98,"s":[{"i":[[52,-8],[-3.199,-13.599],[-61.475,8.414],[-4.47,68.554],[16.801,0]],"o":[[-13.6,2.4],[15.815,66.679],[53.586,-7.334],[0,-13.599],[-36.8,0]],"v":[[-290.189,-112.5],[-310.301,-44.401],[-159.4,49.211],[-45.8,-68.401],[-70.391,-124.701]],"c":true}]},{"t":118,"s":[{"i":[[52,-8],[-3.199,-13.599],[-61.617,5.268],[-14.925,-8.932],[16.801,0]],"o":[[-13.6,2.4],[17.149,-3.182],[56.024,-4.79],[0,-13.599],[-36.8,0]],"v":[[-289.071,-122.5],[-305.308,-75.651],[-171.683,-89.044],[-53.234,-92.901],[-74.672,-141.701]],"c":true}]}],"ix":2},"nm":"Path 1","mn":"ADBE Vector Shape - Group","hd":false},{"ty":"fl","c":{"a":0,"k":[0.5,0.5,0.5,1],"ix":4},"o":{"a":0,"k":100,"ix":5},"r":1,"bm":0,"nm":"Fill 1","mn":"ADBE Vector Graphic - Fill","hd":false},{"ty":"tr","p":{"a":0,"k":[308.25,93.451],"ix":2},"a":{"a":0,"k":[0,0],"ix":1},"s":{"a":0,"k":[100,100],"ix":3},"r":{"a":0,"k":0,"ix":6},"o":{"a":0,"k":100,"ix":7},"sk":{"a":0,"k":0,"ix":4},"sa":{"a":0,"k":0,"ix":5},"nm":"Transform"}],"nm":"Group 1","np":2,"cix":2,"bm":0,"ix":1,"mn":"ADBE Vector Group","hd":false}],"ip":0,"op":140,"st":0,"bm":0},{"ddd":0,"ind":4,"ty":4,"nm":"base","tt":1,"sr":1,"ks":{"o":{"a":0,"k":100,"ix":11},"r":{"a":0,"k":0,"ix":10},"p":{"a":0,"k":[507,504,0],"ix":2,"l":2},"a":{"a":0,"k":[0,0,0],"ix":1,"l":2},"s":{"a":0,"k":[802,802,100],"ix":6,"l":2}},"ao":0,"shapes":[{"ty":"gr","it":[{"ind":0,"ty":"sh","ix":1,"ks":{"a":0,"k":{"i":[[15.4,0],[0,38.4],[-27.9,0],[-10.6,-9.3],[0,-16.9],[11.5,-10.2]],"o":[[-27.9,0],[0,-38.4],[15.5,0],[11.5,10.2],[0,16.9],[-10.6,9.3]],"v":[[0,55.9],[-58,0],[0,-55.9],[40.4,-41.5],[58,0],[40.4,41.4]],"c":true},"ix":2},"nm":"Path 1","mn":"ADBE Vector Shape - Group","hd":false},{"ty":"gf","o":{"a":0,"k":100,"ix":10},"r":1,"bm":0,"g":{"p":5,"k":{"a":0,"k":[0.48,0.992,0.878,0.188,0.691,0.98,0.816,0.178,0.902,0.969,0.753,0.169,0.966,0.963,0.694,0.153,1,0.957,0.635,0.137],"ix":9}},"s":{"a":0,"k":[0,0],"ix":5},"e":{"a":0,"k":[56.225,0],"ix":6},"t":2,"h":{"a":0,"k":0,"ix":7},"a":{"a":0,"k":0,"ix":8},"nm":"Gradient Fill 1","mn":"ADBE Vector Graphic - G-Fill","hd":false},{"ty":"tr","p":{"a":0,"k":[0,0],"ix":2},"a":{"a":0,"k":[0,0],"ix":1},"s":{"a":0,"k":[100,100],"ix":3},"r":{"a":0,"k":0,"ix":6},"o":{"a":0,"k":100,"ix":7},"sk":{"a":0,"k":0,"ix":4},"sa":{"a":0,"k":0,"ix":5},"nm":"Transform"}],"nm":"Group 1","np":2,"cix":2,"bm":0,"ix":1,"mn":"ADBE Vector Group","hd":false}],"ip":0,"op":140,"st":-16,"bm":0},{"ddd":0,"ind":5,"ty":4,"nm":"eyebrow ","parent":1,"sr":1,"ks":{"o":{"a":0,"k":100,"ix":11},"r":{"a":0,"k":0,"ix":10},"p":{"a":1,"k":[{"i":{"x":0.78,"y":1},"o":{"x":1,"y":0},"t":24,"s":[190.4,-193.2,0],"to":[0,5.667,0],"ti":[0,-5.667,0]},{"i":{"x":0.78,"y":0.78},"o":{"x":0.167,"y":0.167},"t":70,"s":[190.4,-159.2,0],"to":[0,0,0],"ti":[0,0,0]},{"i":{"x":0.533,"y":1},"o":{"x":0.862,"y":0},"t":86,"s":[190.4,-159.2,0],"to":[0,-6,0],"ti":[0,5.667,0]},{"i":{"x":0.667,"y":1},"o":{"x":0.292,"y":0},"t":120,"s":[190.4,-195.2,0],"to":[0,-5.667,0],"ti":[0,-0.333,0]},{"t":132,"s":[190.4,-193.2,0]}],"ix":2,"l":2},"a":{"a":0,"k":[112.25,33.45,0],"ix":1,"l":2},"s":{"a":0,"k":[100,100,100],"ix":6,"l":2}},"ao":0,"shapes":[{"ty":"gr","it":[{"ind":0,"ty":"sh","ix":1,"ks":{"a":0,"k":{"i":[[11.2,7.2],[96,-21.6],[-23.2,4.8],[-19.2,-3.2]],"o":[[-11.2,-7.2],[-25.6,5.6],[83.2,-17.6],[19.2,3.2]],"v":[[100.8,2.8],[-86.4,-11.6],[-80,24.4],[89.6,30]],"c":true},"ix":2},"nm":"Path 1","mn":"ADBE Vector Shape - Group","hd":false},{"ty":"fl","c":{"a":0,"k":[0.258999992819,0.169000004787,0.051000000449,1],"ix":4},"o":{"a":0,"k":100,"ix":5},"r":1,"bm":0,"nm":"Fill 1","mn":"ADBE Vector Graphic - Fill","hd":false},{"ty":"tr","p":{"a":0,"k":[112.25,33.45],"ix":2},"a":{"a":0,"k":[0,0],"ix":1},"s":{"a":0,"k":[100,100],"ix":3},"r":{"a":0,"k":0,"ix":6},"o":{"a":0,"k":100,"ix":7},"sk":{"a":0,"k":0,"ix":4},"sa":{"a":0,"k":0,"ix":5},"nm":"Transform"}],"nm":"Group 1","np":2,"cix":2,"bm":0,"ix":1,"mn":"ADBE Vector Group","hd":false}],"ip":0,"op":140,"st":0,"bm":0},{"ddd":0,"ind":6,"ty":4,"nm":"eyelid","parent":1,"td":1,"sr":1,"ks":{"o":{"a":0,"k":100,"ix":11},"r":{"a":0,"k":0,"ix":10},"p":{"a":0,"k":[185.159,-75.667,0],"ix":2,"l":2},"a":{"a":0,"k":[496.249,1.451,0],"ix":1,"l":2},"s":{"a":0,"k":[100,100,100],"ix":6,"l":2}},"ao":0,"shapes":[{"ty":"gr","it":[{"ind":0,"ty":"sh","ix":1,"ks":{"a":1,"k":[{"i":{"x":0.833,"y":0.833},"o":{"x":1,"y":0},"t":24,"s":[{"i":[[7.556,-0.248],[-1.6,-21.6],[-60.404,-2.115],[-0.559,4.067],[17.599,1.6],[56.301,0]],"o":[[-8.8,0],[-0.359,4.667],[59.608,2.087],[1.6,-10.401],[-41.92,-3.381],[-10.316,0]],"v":[[73.175,-121.5],[54.774,-97.5],[183.807,-90.42],[305.974,-87.901],[288.375,-115.101],[100.239,-121.862]],"c":true}]},{"i":{"x":0.667,"y":1},"o":{"x":0.167,"y":0.167},"t":58,"s":[{"i":[[7.556,-0.248],[-1.6,-21.6],[-114.511,0.343],[0.219,10.808],[17.599,1.6],[56.301,0]],"o":[[-8.8,0],[-2.359,16.85],[82.494,-0.247],[1.6,-10.401],[-41.92,-3.381],[-10.316,0]],"v":[[63.101,-135.5],[44.699,-66],[183.846,-46.153],[315.4,-56.401],[297.801,-129.101],[100.664,-135.862]],"c":true}]},{"i":{"x":0.833,"y":1},"o":{"x":0.333,"y":0},"t":66,"s":[{"i":[[7.556,-0.248],[-1.6,-21.6],[-115.775,1.578],[0.219,10.808],[17.599,1.6],[56.301,0]],"o":[[-8.8,0],[-2.359,16.85],[101.773,-1.387],[1.6,-10.401],[-41.92,-3.381],[-10.316,0]],"v":[[71.101,-128.25],[52.699,-66.75],[183.116,47.596],[309.9,-56.401],[292.301,-121.851],[100.664,-128.612]],"c":true}]},{"i":{"x":0.833,"y":0.833},"o":{"x":0.687,"y":0},"t":86,"s":[{"i":[[7.556,-0.248],[-1.6,-21.6],[-115.775,1.578],[0.219,10.808],[17.599,1.6],[56.301,0]],"o":[[-8.8,0],[-2.359,16.85],[101.773,-1.387],[1.6,-10.401],[-41.92,-3.381],[-10.316,0]],"v":[[71.101,-128.25],[52.699,-66.75],[183.116,47.596],[309.9,-56.401],[292.301,-121.851],[100.664,-128.612]],"c":true}]},{"i":{"x":0.27,"y":1},"o":{"x":0.167,"y":0.167},"t":106,"s":[{"i":[[7.556,-0.248],[-1.6,-21.6],[-150.286,2.153],[0.219,10.808],[17.599,1.6],[56.301,0]],"o":[[-8.8,0],[0.141,9.417],[134.699,-1.93],[1.6,-10.401],[-41.92,-3.381],[-10.316,0]],"v":[[71.101,-128.25],[52.699,-66.75],[183.142,-70.404],[309.9,-56.401],[292.301,-121.851],[100.664,-128.612]],"c":true}]},{"t":118,"s":[{"i":[[7.556,-0.248],[-1.6,-21.6],[-60.404,-2.115],[-0.559,4.067],[17.599,1.6],[56.301,0]],"o":[[-8.8,0],[-0.359,4.667],[59.608,2.087],[1.6,-10.401],[-41.92,-3.381],[-10.316,0]],"v":[[73.175,-121.5],[54.774,-97.5],[183.807,-90.42],[305.974,-87.901],[288.375,-115.101],[100.239,-121.862]],"c":true}]}],"ix":2},"nm":"Path 2","mn":"ADBE Vector Shape - Group","hd":false},{"ty":"fl","c":{"a":0,"k":[0.992156922583,0.878431432387,0.188235309077,1],"ix":4},"o":{"a":0,"k":100,"ix":5},"r":1,"bm":0,"nm":"Fill 1","mn":"ADBE Vector Graphic - Fill","hd":false},{"ty":"tr","p":{"a":0,"k":[308.25,93.451],"ix":2},"a":{"a":0,"k":[0,0],"ix":1},"s":{"a":0,"k":[100,100],"ix":3},"r":{"a":0,"k":0,"ix":6},"o":{"a":0,"k":100,"ix":7},"sk":{"a":0,"k":0,"ix":4},"sa":{"a":0,"k":0,"ix":5},"nm":"Transform"}],"nm":"Group 1","np":2,"cix":2,"bm":0,"ix":1,"mn":"ADBE Vector Group","hd":false}],"ip":0,"op":140,"st":0,"bm":0},{"ddd":0,"ind":7,"ty":4,"nm":"base","tt":1,"sr":1,"ks":{"o":{"a":0,"k":100,"ix":11},"r":{"a":0,"k":0,"ix":10},"p":{"a":0,"k":[507,504,0],"ix":2,"l":2},"a":{"a":0,"k":[0,0,0],"ix":1,"l":2},"s":{"a":0,"k":[802,802,100],"ix":6,"l":2}},"ao":0,"shapes":[{"ty":"gr","it":[{"ind":0,"ty":"sh","ix":1,"ks":{"a":0,"k":{"i":[[15.4,0],[0,38.4],[-27.9,0],[-10.6,-9.3],[0,-16.9],[11.5,-10.2]],"o":[[-27.9,0],[0,-38.4],[15.5,0],[11.5,10.2],[0,16.9],[-10.6,9.3]],"v":[[0,55.9],[-58,0],[0,-55.9],[40.4,-41.5],[58,0],[40.4,41.4]],"c":true},"ix":2},"nm":"Path 1","mn":"ADBE Vector Shape - Group","hd":false},{"ty":"gf","o":{"a":0,"k":100,"ix":10},"r":1,"bm":0,"g":{"p":5,"k":{"a":0,"k":[0.48,0.992,0.878,0.188,0.691,0.98,0.816,0.178,0.902,0.969,0.753,0.169,0.966,0.963,0.694,0.153,1,0.957,0.635,0.137],"ix":9}},"s":{"a":0,"k":[0,0],"ix":5},"e":{"a":0,"k":[56.225,0],"ix":6},"t":2,"h":{"a":0,"k":0,"ix":7},"a":{"a":0,"k":0,"ix":8},"nm":"Gradient Fill 1","mn":"ADBE Vector Graphic - G-Fill","hd":false},{"ty":"tr","p":{"a":0,"k":[0,0],"ix":2},"a":{"a":0,"k":[0,0],"ix":1},"s":{"a":0,"k":[100,100],"ix":3},"r":{"a":0,"k":0,"ix":6},"o":{"a":0,"k":100,"ix":7},"sk":{"a":0,"k":0,"ix":4},"sa":{"a":0,"k":0,"ix":5},"nm":"Transform"}],"nm":"Group 1","np":2,"cix":2,"bm":0,"ix":1,"mn":"ADBE Vector Group","hd":false}],"ip":0,"op":140,"st":-16,"bm":0},{"ddd":0,"ind":8,"ty":4,"nm":"eyes ","parent":1,"td":1,"sr":1,"ks":{"o":{"a":0,"k":100,"ix":11},"r":{"a":0,"k":0,"ix":10},"p":{"a":0,"k":[-2.4,-0.4,0],"ix":2,"l":2},"a":{"a":0,"k":[308.25,110.25,0],"ix":1,"l":2},"s":{"a":0,"k":[100,100,100],"ix":6,"l":2}},"ao":0,"shapes":[{"ty":"gr","it":[{"ind":0,"ty":"sh","ix":1,"ks":{"a":0,"k":{"i":[[52,-8],[-3.2,-13.6],[-9.6,147.2],[16.8,0]],"o":[[-13.6,2.4],[29.6,124.8],[0,-13.6],[-36.8,0]],"v":[[-288.8,-74],[-304.8,-44.4],[-52.8,-68.4],[-74.4,-93.2]],"c":true},"ix":2},"nm":"Path 1","mn":"ADBE Vector Shape - Group","hd":false},{"ind":1,"ty":"sh","ix":2,"ks":{"a":0,"k":{"i":[[-8.8,0],[-49.6,-4],[1.6,-10.4],[15.2,159.2]],"o":[[48.8,-1.6],[17.6,1.6],[-21.6,126.4],[-1.6,-21.6]],"v":[[73.6,-90],[288.8,-83.6],[306.4,-56.4],[55.2,-66]],"c":true},"ix":2},"nm":"Path 2","mn":"ADBE Vector Shape - Group","hd":false},{"ty":"fl","c":{"a":0,"k":[1,1,1,1],"ix":4},"o":{"a":0,"k":100,"ix":5},"r":1,"bm":0,"nm":"Fill 1","mn":"ADBE Vector Graphic - Fill","hd":false},{"ty":"tr","p":{"a":0,"k":[308.25,127.05],"ix":2},"a":{"a":0,"k":[0,0],"ix":1},"s":{"a":0,"k":[100,100],"ix":3},"r":{"a":0,"k":0,"ix":6},"o":{"a":0,"k":100,"ix":7},"sk":{"a":0,"k":0,"ix":4},"sa":{"a":0,"k":0,"ix":5},"nm":"Transform"}],"nm":"Group 3","np":3,"cix":2,"bm":0,"ix":1,"mn":"ADBE Vector Group","hd":false}],"ip":0,"op":140,"st":0,"bm":0},{"ddd":0,"ind":9,"ty":4,"nm":"eyes","parent":1,"tt":1,"sr":1,"ks":{"o":{"a":0,"k":100,"ix":11},"r":{"a":0,"k":0,"ix":10},"p":{"a":0,"k":[-2.4,-0.4,0],"ix":2,"l":2},"a":{"a":0,"k":[308.25,110.25,0],"ix":1,"l":2},"s":{"a":0,"k":[100,100,100],"ix":6,"l":2}},"ao":0,"shapes":[{"ty":"gr","it":[{"ind":0,"ty":"sh","ix":1,"ks":{"a":0,"k":{"i":[[11.2,0],[0,-11.2],[-11.2,0],[0,11.2]],"o":[[-11.2,0],[0,11.2],[11.2,0],[0,-11.2]],"v":[[160.401,-25.819],[140.401,-5.819],[160.401,14.181],[180.401,-5.819]],"c":true},"ix":2},"nm":"Path 1","mn":"ADBE Vector Shape - Group","hd":false},{"ind":1,"ty":"sh","ix":2,"ks":{"a":0,"k":{"i":[[0,-10.4],[11.2,0],[0,10.4],[-11.2,0]],"o":[[0,10.4],[-11.2,0],[0,-10.4],[11.2,0]],"v":[[-177.999,-4.219],[-197.999,14.981],[-217.999,-4.219],[-197.999,-23.419]],"c":true},"ix":2},"nm":"Path 2","mn":"ADBE Vector Shape - Group","hd":false},{"ty":"fl","c":{"a":0,"k":[0.536999990426,0.375999989229,0.141000007181,1],"ix":4},"o":{"a":0,"k":100,"ix":5},"r":1,"bm":0,"nm":"Fill 1","mn":"ADBE Vector Graphic - Fill","hd":false},{"ty":"tr","p":{"a":0,"k":[308.65,51.67],"ix":2},"a":{"a":0,"k":[0,0],"ix":1},"s":{"a":0,"k":[100,100],"ix":3},"r":{"a":0,"k":0,"ix":6},"o":{"a":0,"k":100,"ix":7},"sk":{"a":0,"k":0,"ix":4},"sa":{"a":0,"k":0,"ix":5},"nm":"Transform"}],"nm":"Group 1","np":3,"cix":2,"bm":0,"ix":1,"mn":"ADBE Vector Group","hd":false},{"ty":"gr","it":[{"ind":0,"ty":"sh","ix":1,"ks":{"a":0,"k":{"i":[[16.8,-28.8],[-37.6,0],[23.2,33.6]],"o":[[-23.2,39.2],[37.6,0],[-18.4,-26.4]],"v":[[-224.4,-40.22],[-179.6,40.58],[-137.2,-42.62]],"c":true},"ix":2},"nm":"Path 1","mn":"ADBE Vector Shape - Group","hd":false},{"ind":1,"ty":"sh","ix":2,"ks":{"a":0,"k":{"i":[[-20,-33.6],[46.4,0],[-28.8,43.2]],"o":[[21.6,36],[-46.4,0],[17.6,-27.2]],"v":[[228.4,-43.42],[178.8,39.78],[136.4,-46.62]],"c":true},"ix":2},"nm":"Path 2","mn":"ADBE Vector Shape - Group","hd":false},{"ty":"fl","c":{"a":0,"k":[0.258999992819,0.169000004787,0.051000000449,1],"ix":4},"o":{"a":0,"k":100,"ix":5},"r":1,"bm":0,"nm":"Fill 1","mn":"ADBE Vector Graphic - Fill","hd":false},{"ty":"tr","p":{"a":0,"k":[308.65,77.27],"ix":2},"a":{"a":0,"k":[0,0],"ix":1},"s":{"a":0,"k":[100,100],"ix":3},"r":{"a":0,"k":0,"ix":6},"o":{"a":0,"k":100,"ix":7},"sk":{"a":0,"k":0,"ix":4},"sa":{"a":0,"k":0,"ix":5},"nm":"Transform"}],"nm":"Group 2","np":3,"cix":2,"bm":0,"ix":2,"mn":"ADBE Vector Group","hd":false}],"ip":0,"op":140,"st":0,"bm":0},{"ddd":0,"ind":10,"ty":4,"nm":"eyes","parent":1,"sr":1,"ks":{"o":{"a":0,"k":100,"ix":11},"r":{"a":0,"k":0,"ix":10},"p":{"a":0,"k":[-2.4,-0.4,0],"ix":2,"l":2},"a":{"a":0,"k":[308.25,110.25,0],"ix":1,"l":2},"s":{"a":0,"k":[100,100,100],"ix":6,"l":2}},"ao":0,"shapes":[{"ty":"gr","it":[{"ind":0,"ty":"sh","ix":1,"ks":{"a":0,"k":{"i":[[52,-8],[-3.2,-13.6],[-9.6,147.2],[16.8,0]],"o":[[-13.6,2.4],[29.6,124.8],[0,-13.6],[-36.8,0]],"v":[[-288.8,-74],[-304.8,-44.4],[-52.8,-68.4],[-74.4,-93.2]],"c":true},"ix":2},"nm":"Path 1","mn":"ADBE Vector Shape - Group","hd":false},{"ind":1,"ty":"sh","ix":2,"ks":{"a":0,"k":{"i":[[-8.8,0],[-49.6,-4],[1.6,-10.4],[15.2,159.2]],"o":[[48.8,-1.6],[17.6,1.6],[-21.6,126.4],[-1.6,-21.6]],"v":[[73.6,-90],[288.8,-83.6],[306.4,-56.4],[55.2,-66]],"c":true},"ix":2},"nm":"Path 2","mn":"ADBE Vector Shape - Group","hd":false},{"ty":"fl","c":{"a":0,"k":[1,1,1,1],"ix":4},"o":{"a":0,"k":100,"ix":5},"r":1,"bm":0,"nm":"Fill 1","mn":"ADBE Vector Graphic - Fill","hd":false},{"ty":"tr","p":{"a":0,"k":[308.25,127.05],"ix":2},"a":{"a":0,"k":[0,0],"ix":1},"s":{"a":0,"k":[100,100],"ix":3},"r":{"a":0,"k":0,"ix":6},"o":{"a":0,"k":100,"ix":7},"sk":{"a":0,"k":0,"ix":4},"sa":{"a":0,"k":0,"ix":5},"nm":"Transform"}],"nm":"Group 3","np":3,"cix":2,"bm":0,"ix":1,"mn":"ADBE Vector Group","hd":false}],"ip":0,"op":140,"st":0,"bm":0},{"ddd":0,"ind":11,"ty":4,"nm":"bags","parent":1,"sr":1,"ks":{"o":{"a":0,"k":100,"ix":11},"r":{"a":0,"k":0,"ix":10},"p":{"a":0,"k":[1.2,84,0],"ix":2,"l":2},"a":{"a":0,"k":[327.85,97.85,0],"ix":1,"l":2},"s":{"a":0,"k":[100,100,100],"ix":6,"l":2}},"ao":0,"shapes":[{"ty":"gr","it":[{"ind":0,"ty":"sh","ix":1,"ks":{"a":0,"k":{"i":[[39.2,37.601],[-5.6,-28.801],[-37.6,116],[28.8,-16.001]],"o":[[-17.6,-17.6],[22.4,111.199],[9.6,-31.199],[-70.4,39.199]],"v":[[-274.8,-74.4],[-322,-45.599],[-65.2,-34.4],[-110.8,-69.599]],"c":true},"ix":2},"nm":"Path 1","mn":"ADBE Vector Shape - Group","hd":false},{"ind":1,"ty":"sh","ix":2,"ks":{"a":0,"k":{"i":[[-36.8,15.2],[7.2,-28.799],[76.8,128],[-23.2,-16.801]],"o":[[36,-15.2],[-18.4,71.201],[-22.4,-36.8],[61.6,44.799]],"v":[[274.8,-82.4],[320.4,-36],[62.8,-30.4],[104.4,-72.799]],"c":true},"ix":2},"nm":"Path 2","mn":"ADBE Vector Shape - Group","hd":false},{"ty":"mm","mm":1,"nm":"Merge Paths 1","mn":"ADBE Vector Filter - Merge","hd":false},{"ty":"fl","c":{"a":0,"k":[0.922000002394,0.560999971278,0,1],"ix":4},"o":{"a":0,"k":100,"ix":5},"r":1,"bm":0,"nm":"Fill 1","mn":"ADBE Vector Graphic - Fill","hd":false},{"ty":"tr","p":{"a":0,"k":[327.85,97.85],"ix":2},"a":{"a":0,"k":[0,0],"ix":1},"s":{"a":0,"k":[100,100],"ix":3},"r":{"a":0,"k":0,"ix":6},"o":{"a":0,"k":100,"ix":7},"sk":{"a":0,"k":0,"ix":4},"sa":{"a":0,"k":0,"ix":5},"nm":"Transform"}],"nm":"Group 1","np":4,"cix":2,"bm":0,"ix":1,"mn":"ADBE Vector Group","hd":false}],"ip":0,"op":140,"st":0,"bm":0},{"ddd":0,"ind":12,"ty":4,"nm":"mouth Outlines","parent":1,"sr":1,"ks":{"o":{"a":0,"k":100,"ix":11},"r":{"a":0,"k":0,"ix":10},"p":{"a":0,"k":[1.2,230.8,0],"ix":2,"l":2},"a":{"a":0,"k":[165.45,-3.351,0],"ix":1,"l":2},"s":{"a":1,"k":[{"i":{"x":[0.598,0.618,0.667],"y":[1,1,1]},"o":{"x":[1,1,0.333],"y":[0,0,0]},"t":32,"s":[100,100,100]},{"i":{"x":[0.598,0.618,0.667],"y":[1,1,1]},"o":{"x":[0.167,0.167,0.167],"y":[0,0,0]},"t":82,"s":[94,113,100]},{"i":{"x":[0.833,0.833,0.833],"y":[1,1,1]},"o":{"x":[1,1,0.167],"y":[0,0,0]},"t":94,"s":[94,113,100]},{"i":{"x":[0.667,0.667,0.667],"y":[1,1,1]},"o":{"x":[0.333,0.333,0.333],"y":[0,0,0]},"t":120,"s":[100,97,100]},{"t":130,"s":[100,100,100]}],"ix":6,"l":2}},"ao":0,"shapes":[{"ty":"gr","it":[{"ind":0,"ty":"sh","ix":1,"ks":{"a":0,"k":{"i":[[19.2,-1.6],[22.4,4],[-30.4,4],[-40.8,0],[-16,-2.399],[-8,-1.601]],"o":[[-35.2,2.4],[-30.4,-5.6],[14.4,-1.599],[40.8,0],[14.4,2.4],[16.8,4.799]],"v":[[146,21.999],[-134.8,28.4],[-132.4,-22.801],[8.4,-32.4],[90.8,-26.001],[148.4,-12.4]],"c":true},"ix":2},"nm":"Path 1","mn":"ADBE Vector Shape - Group","hd":false},{"ty":"fl","c":{"a":0,"k":[0.258999992819,0.169000004787,0.051000000449,1],"ix":4},"o":{"a":0,"k":100,"ix":5},"r":1,"bm":0,"nm":"Fill 1","mn":"ADBE Vector Graphic - Fill","hd":false},{"ty":"tr","p":{"a":0,"k":[165.45,32.65],"ix":2},"a":{"a":0,"k":[0,0],"ix":1},"s":{"a":0,"k":[100,100],"ix":3},"r":{"a":0,"k":0,"ix":6},"o":{"a":0,"k":100,"ix":7},"sk":{"a":0,"k":0,"ix":4},"sa":{"a":0,"k":0,"ix":5},"nm":"Transform"}],"nm":"Group 1","np":2,"cix":2,"bm":0,"ix":1,"mn":"ADBE Vector Group","hd":false}],"ip":0,"op":140,"st":0,"bm":0},{"ddd":0,"ind":13,"ty":4,"nm":"base matte","parent":15,"td":1,"sr":1,"ks":{"o":{"a":0,"k":100,"ix":11},"r":{"a":0,"k":0,"ix":10},"p":{"a":0,"k":[-2,-3,0],"ix":2,"l":2},"a":{"a":0,"k":[0,0,0],"ix":1,"l":2},"s":{"a":0,"k":[100,100,100],"ix":6,"l":2}},"ao":0,"shapes":[{"ty":"gr","it":[{"ind":0,"ty":"sh","ix":1,"ks":{"a":0,"k":{"i":[[15.4,0],[0,38.4],[-27.9,0],[-10.6,-9.3],[0,-16.9],[11.5,-10.2]],"o":[[-27.9,0],[0,-38.4],[15.5,0],[11.5,10.2],[0,16.9],[-10.6,9.3]],"v":[[0,55.9],[-58,0],[0,-55.9],[40.4,-41.5],[58,0],[40.4,41.4]],"c":true},"ix":2},"nm":"Path 1","mn":"ADBE Vector Shape - Group","hd":false},{"ty":"gf","o":{"a":0,"k":100,"ix":10},"r":1,"bm":0,"g":{"p":5,"k":{"a":0,"k":[0.48,0.992,0.878,0.188,0.691,0.98,0.816,0.178,0.902,0.969,0.753,0.169,0.966,0.963,0.694,0.153,1,0.957,0.635,0.137],"ix":9}},"s":{"a":0,"k":[0,0],"ix":5},"e":{"a":0,"k":[56.225,0],"ix":6},"t":2,"h":{"a":0,"k":0,"ix":7},"a":{"a":0,"k":0,"ix":8},"nm":"Gradient Fill 1","mn":"ADBE Vector Graphic - G-Fill","hd":false},{"ty":"tr","p":{"a":0,"k":[0,0],"ix":2},"a":{"a":0,"k":[0,0],"ix":1},"s":{"a":0,"k":[100,100],"ix":3},"r":{"a":0,"k":0,"ix":6},"o":{"a":0,"k":100,"ix":7},"sk":{"a":0,"k":0,"ix":4},"sa":{"a":0,"k":0,"ix":5},"nm":"Transform"}],"nm":"Group 1","np":2,"cix":2,"bm":0,"ix":1,"mn":"ADBE Vector Group","hd":false}],"ip":0,"op":140,"st":-16,"bm":0},{"ddd":0,"ind":14,"ty":4,"nm":"base shadow","parent":15,"tt":2,"sr":1,"ks":{"o":{"a":0,"k":100,"ix":11},"r":{"a":0,"k":0,"ix":10},"p":{"a":0,"k":[0,0,0],"ix":2,"l":2},"a":{"a":0,"k":[0,0,0],"ix":1,"l":2},"s":{"a":0,"k":[100,100,100],"ix":6,"l":2}},"ao":0,"shapes":[{"ty":"gr","it":[{"ind":0,"ty":"sh","ix":1,"ks":{"a":0,"k":{"i":[[15.4,0],[0,38.4],[-27.9,0],[-10.6,-9.3],[0,-16.9],[11.5,-10.2]],"o":[[-27.9,0],[0,-38.4],[15.5,0],[11.5,10.2],[0,16.9],[-10.6,9.3]],"v":[[0,55.9],[-58,0],[0,-55.9],[40.4,-41.5],[58,0],[40.4,41.4]],"c":true},"ix":2},"nm":"Path 1","mn":"ADBE Vector Shape - Group","hd":false},{"ty":"fl","c":{"a":0,"k":[0.921568627451,0.560784313725,0,1],"ix":4},"o":{"a":0,"k":100,"ix":5},"r":1,"bm":0,"nm":"Fill 1","mn":"ADBE Vector Graphic - Fill","hd":false},{"ty":"tr","p":{"a":0,"k":[0,0],"ix":2},"a":{"a":0,"k":[0,0],"ix":1},"s":{"a":0,"k":[100,100],"ix":3},"r":{"a":0,"k":0,"ix":6},"o":{"a":0,"k":100,"ix":7},"sk":{"a":0,"k":0,"ix":4},"sa":{"a":0,"k":0,"ix":5},"nm":"Transform"}],"nm":"Group 1","np":2,"cix":2,"bm":0,"ix":1,"mn":"ADBE Vector Group","hd":false}],"ip":0,"op":140,"st":-16,"bm":0},{"ddd":0,"ind":15,"ty":4,"nm":"face","sr":1,"ks":{"o":{"a":0,"k":100,"ix":11},"r":{"a":0,"k":0,"ix":10},"p":{"a":0,"k":[507,504,0],"ix":2,"l":2},"a":{"a":0,"k":[0,0,0],"ix":1,"l":2},"s":{"a":0,"k":[802,802,100],"ix":6,"l":2}},"ao":0,"shapes":[{"ty":"gr","it":[{"ind":0,"ty":"sh","ix":1,"ks":{"a":0,"k":{"i":[[15.4,0],[0,38.4],[-27.9,0],[-10.6,-9.3],[0,-16.9],[11.5,-10.2]],"o":[[-27.9,0],[0,-38.4],[15.5,0],[11.5,10.2],[0,16.9],[-10.6,9.3]],"v":[[0,55.9],[-58,0],[0,-55.9],[40.4,-41.5],[58,0],[40.4,41.4]],"c":true},"ix":2},"nm":"Path 1","mn":"ADBE Vector Shape - Group","hd":false},{"ty":"gf","o":{"a":0,"k":100,"ix":10},"r":1,"bm":0,"g":{"p":5,"k":{"a":0,"k":[0.48,0.992,0.878,0.188,0.691,0.98,0.816,0.178,0.902,0.969,0.753,0.169,0.966,0.963,0.694,0.153,1,0.957,0.635,0.137],"ix":9}},"s":{"a":0,"k":[0,0],"ix":5},"e":{"a":0,"k":[56.225,0],"ix":6},"t":2,"h":{"a":0,"k":0,"ix":7},"a":{"a":0,"k":0,"ix":8},"nm":"Gradient Fill 1","mn":"ADBE Vector Graphic - G-Fill","hd":false},{"ty":"tr","p":{"a":0,"k":[0,0],"ix":2},"a":{"a":0,"k":[0,0],"ix":1},"s":{"a":0,"k":[100,100],"ix":3},"r":{"a":0,"k":0,"ix":6},"o":{"a":0,"k":100,"ix":7},"sk":{"a":0,"k":0,"ix":4},"sa":{"a":0,"k":0,"ix":5},"nm":"Transform"}],"nm":"Group 1","np":2,"cix":2,"bm":0,"ix":1,"mn":"ADBE Vector Group","hd":false}],"ip":0,"op":140,"st":-16,"bm":0}],"markers":[{"tm":0,"cm":"rest","dr":0}]}