{"v":"5.8.1","fr":60,"ip":0,"op":132,"w":1024,"h":1024,"nm":"emoji_cockroach","ddd":0,"assets":[],"layers":[{"ddd":0,"ind":1,"ty":4,"nm":"eyes closed ","parent":7,"sr":1,"ks":{"o":{"a":1,"k":[{"t":-4,"s":[0],"h":1},{"t":72,"s":[100],"h":1},{"t":82,"s":[0],"h":1}],"ix":11},"r":{"a":0,"k":0,"ix":10},"p":{"a":0,"k":[81.025,82.014,0],"ix":2,"l":2},"a":{"a":0,"k":[77.442,78.472,0],"ix":1,"l":2},"s":{"a":0,"k":[100,100,100],"ix":6,"l":2}},"ao":0,"shapes":[{"ty":"gr","it":[{"ind":0,"ty":"sh","ix":1,"ks":{"a":0,"k":{"i":[[0,0],[0,-13.778]],"o":[[-10.053,10.021],[0,0]],"v":[[7.249,-20.566],[-7.249,20.566]],"c":false},"ix":2},"nm":"Path 1","mn":"ADBE Vector Shape - Group","hd":false},{"ty":"st","c":{"a":0,"k":[0.184000007779,0.184000007779,0.184000007779,1],"ix":3},"o":{"a":0,"k":100,"ix":4},"w":{"a":0,"k":13,"ix":5},"lc":2,"lj":1,"ml":10,"bm":0,"nm":"Stroke 1","mn":"ADBE Vector Graphic - Stroke","hd":false},{"ty":"tr","p":{"a":0,"k":[39.749,103.878],"ix":2},"a":{"a":0,"k":[0,0],"ix":1},"s":{"a":0,"k":[100,100],"ix":3},"r":{"a":0,"k":0,"ix":6},"o":{"a":0,"k":100,"ix":7},"sk":{"a":0,"k":0,"ix":4},"sa":{"a":0,"k":0,"ix":5},"nm":"Transform"}],"nm":"Group 1","np":2,"cix":2,"bm":0,"ix":1,"mn":"ADBE Vector Group","hd":false},{"ty":"gr","it":[{"ind":0,"ty":"sh","ix":1,"ks":{"a":0,"k":{"i":[[0,0],[-13.778,0]],"o":[[10.021,-10.053],[0,0]],"v":[[-20.566,7.249],[20.566,-7.249]],"c":false},"ix":2},"nm":"Path 1","mn":"ADBE Vector Shape - Group","hd":false},{"ty":"st","c":{"a":0,"k":[0.184000007779,0.184000007779,0.184000007779,1],"ix":3},"o":{"a":0,"k":100,"ix":4},"w":{"a":0,"k":13,"ix":5},"lc":2,"lj":1,"ml":10,"bm":0,"nm":"Stroke 1","mn":"ADBE Vector Graphic - Stroke","hd":false},{"ty":"tr","p":{"a":0,"k":[101.818,39.749],"ix":2},"a":{"a":0,"k":[0,0],"ix":1},"s":{"a":0,"k":[100,100],"ix":3},"r":{"a":0,"k":0,"ix":6},"o":{"a":0,"k":100,"ix":7},"sk":{"a":0,"k":0,"ix":4},"sa":{"a":0,"k":0,"ix":5},"nm":"Transform"}],"nm":"Group 2","np":2,"cix":2,"bm":0,"ix":2,"mn":"ADBE Vector Group","hd":false}],"ip":72,"op":82,"st":-4,"bm":0},{"ddd":0,"ind":2,"ty":4,"nm":"eyes ","parent":7,"sr":1,"ks":{"o":{"a":1,"k":[{"t":0,"s":[100],"h":1},{"t":72,"s":[0],"h":1},{"t":82,"s":[100],"h":1}],"ix":11},"r":{"a":0,"k":0,"ix":10},"p":{"a":0,"k":[71.514,72.295,0],"ix":2,"l":2},"a":{"a":0,"k":[53.3,54.033,0],"ix":1,"l":2},"s":{"a":0,"k":[100,100,100],"ix":6,"l":2}},"ao":0,"shapes":[{"ty":"gr","it":[{"ind":0,"ty":"sh","ix":1,"ks":{"a":0,"k":{"i":[[-4.495,9.114],[-10.897,-5.374],[4.495,-9.114],[10.898,5.374]],"o":[[4.495,-9.115],[10.898,5.374],[-4.494,9.114],[-10.897,-5.374]],"v":[[-19.731,-9.731],[8.139,-16.503],[19.732,9.731],[-8.138,16.503]],"c":true},"ix":2},"nm":"Path 1","mn":"ADBE Vector Shape - Group","hd":false},{"ty":"fl","c":{"a":0,"k":[0.184000007779,0.184000007779,0.184000007779,1],"ix":4},"o":{"a":0,"k":100,"ix":5},"r":1,"bm":0,"nm":"Fill 1","mn":"ADBE Vector Graphic - Fill","hd":false},{"ty":"tr","p":{"a":0,"k":[82.124,22.127],"ix":2},"a":{"a":0,"k":[0,0],"ix":1},"s":{"a":0,"k":[100,100],"ix":3},"r":{"a":0,"k":0,"ix":6},"o":{"a":0,"k":100,"ix":7},"sk":{"a":0,"k":0,"ix":4},"sa":{"a":0,"k":0,"ix":5},"nm":"Transform"}],"nm":"Group 1","np":2,"cix":2,"bm":0,"ix":1,"mn":"ADBE Vector Group","hd":false},{"ty":"gr","it":[{"ind":0,"ty":"sh","ix":1,"ks":{"a":0,"k":{"i":[[-9.149,4.424],[-5.289,-10.939],[9.149,-4.423],[5.289,10.939]],"o":[[9.149,-4.423],[5.289,10.939],[-9.149,4.424],[-5.289,-10.939]],"v":[[-9.576,-19.807],[16.566,-8.01],[9.576,19.806],[-16.566,8.009]],"c":true},"ix":2},"nm":"Path 1","mn":"ADBE Vector Shape - Group","hd":false},{"ty":"fl","c":{"a":0,"k":[0.184000007779,0.184000007779,0.184000007779,1],"ix":4},"o":{"a":0,"k":100,"ix":5},"r":1,"bm":0,"nm":"Fill 1","mn":"ADBE Vector Graphic - Fill","hd":false},{"ty":"tr","p":{"a":0,"k":[22.104,83.587],"ix":2},"a":{"a":0,"k":[0,0],"ix":1},"s":{"a":0,"k":[100,100],"ix":3},"r":{"a":0,"k":0,"ix":6},"o":{"a":0,"k":100,"ix":7},"sk":{"a":0,"k":0,"ix":4},"sa":{"a":0,"k":0,"ix":5},"nm":"Transform"}],"nm":"Group 2","np":2,"cix":2,"bm":0,"ix":2,"mn":"ADBE Vector Group","hd":false}],"ip":0,"op":132,"st":0,"bm":0},{"ddd":0,"ind":3,"ty":4,"nm":"antennae ","parent":7,"sr":1,"ks":{"o":{"a":0,"k":100,"ix":11},"r":{"a":0,"k":0,"ix":10},"p":{"a":0,"k":[113.45,117.011,0],"ix":2,"l":2},"a":{"a":0,"k":[403.85,403.89,0],"ix":1,"l":2},"s":{"a":0,"k":[100,100,100],"ix":6,"l":2}},"ao":0,"shapes":[{"ty":"gr","it":[{"ind":0,"ty":"sh","ix":1,"ks":{"a":1,"k":[{"i":{"x":0.833,"y":0.833},"o":{"x":0.167,"y":0.167},"t":10,"s":[{"i":[[0,0],[-11.84,6.96],[-43.44,69.84],[-95.92,12.4],[3.36,6.88],[88.321,11.28],[75.52,-101.76]],"o":[[0,0],[2,-1.12],[66.96,-107.84],[66.96,-8.64],[-5.281,-11.04],[-99.839,-12.72],[-73.52,99.04]],"v":[[-184.08,145.52],[-152.32,133.44],[-178.32,-36.88],[188,-36.8],[266.16,-75.28],[144.879,-64.48],[-196,-65.68]],"c":true}]},{"i":{"x":0.833,"y":0.833},"o":{"x":0.167,"y":0.167},"t":22,"s":[{"i":[[0,0],[-11.84,6.96],[-43.44,69.84],[-95.494,-15.34],[1.271,7.551],[81.505,35.844],[75.52,-101.76]],"o":[[0,0],[2,-1.12],[66.96,-107.84],[66.661,10.708],[-1.933,-12.084],[-92.13,-40.517],[-73.52,99.04]],"v":[[-184.08,145.52],[-152.32,133.44],[-185.32,-22.88],[166.474,54.151],[252.338,39.422],[132.975,15.377],[-203,-51.68]],"c":true}]},{"i":{"x":0.833,"y":0.833},"o":{"x":0.167,"y":0.167},"t":40,"s":[{"i":[[0,0],[-11.84,6.96],[-43.44,69.84],[-113.478,46.861],[11.891,-2.906],[86.897,-19.409],[75.52,-101.76]],"o":[[0,0],[2,-1.12],[66.96,-107.84],[62.404,-25.77],[-11.891,2.906],[-74.212,16.576],[-73.52,99.04]],"v":[[-184.08,145.52],[-152.32,133.44],[-168.476,-31.128],[165.935,-42.589],[220.607,-128.37],[139.507,-67.478],[-186.156,-59.928]],"c":true}]},{"i":{"x":0.833,"y":0.833},"o":{"x":0.167,"y":0.167},"t":54,"s":[{"i":[[0,0],[-12.567,5.54],[-51.194,64.373],[-64.408,-43.471],[-10.495,12.628],[72.935,51.072],[86.819,-92.308]],"o":[[0,0],[2.116,-0.881],[79.011,-99.35],[45.353,30.61],[4.206,-9.819],[-57.322,-40.139],[-84.506,89.849]],"v":[[-189.953,144.299],[-157.006,135.982],[-168.415,-50.921],[143.657,5.711],[229.589,62.586],[123.561,-41.425],[-182.637,-81.576]],"c":true}]},{"i":{"x":0.833,"y":0.833},"o":{"x":0.167,"y":0.167},"t":66,"s":[{"i":[[0,0],[-11.84,6.96],[-43.44,69.84],[-95.92,12.4],[3.36,6.88],[88.321,11.28],[75.52,-101.76]],"o":[[0,0],[2,-1.12],[66.96,-107.84],[66.96,-8.64],[-5.281,-11.04],[-99.839,-12.72],[-73.52,99.04]],"v":[[-184.08,145.52],[-152.32,133.44],[-178.32,-36.88],[188,-36.8],[266.16,-75.28],[144.879,-64.48],[-196,-65.68]],"c":true}]},{"i":{"x":0.833,"y":0.833},"o":{"x":0.167,"y":0.167},"t":76,"s":[{"i":[[0,0],[-11.84,6.96],[-43.44,69.84],[-95.92,12.4],[3.36,6.88],[88.321,11.28],[75.52,-101.76]],"o":[[0,0],[2,-1.12],[66.96,-107.84],[66.96,-8.64],[-5.281,-11.04],[-99.839,-12.72],[-73.52,99.04]],"v":[[-184.08,145.52],[-152.32,133.44],[-186.32,-46.88],[168,-56.8],[246.16,-95.28],[124.879,-84.48],[-204,-75.68]],"c":true}]},{"i":{"x":0.833,"y":0.833},"o":{"x":0.167,"y":0.167},"t":86,"s":[{"i":[[0,0],[-11.84,6.96],[-43.44,69.84],[-95.494,-15.34],[1.271,7.551],[81.505,35.844],[75.52,-101.76]],"o":[[0,0],[2,-1.12],[66.96,-107.84],[66.661,10.708],[-1.933,-12.084],[-92.13,-40.517],[-73.52,99.04]],"v":[[-184.08,145.52],[-152.32,133.44],[-185.32,-22.88],[166.474,54.151],[252.338,39.422],[132.975,15.377],[-203,-51.68]],"c":true}]},{"t":98,"s":[{"i":[[0,0],[-11.84,6.96],[-43.44,69.84],[-95.92,12.4],[3.36,6.88],[88.321,11.28],[75.52,-101.76]],"o":[[0,0],[2,-1.12],[66.96,-107.84],[66.96,-8.64],[-5.281,-11.04],[-99.839,-12.72],[-73.52,99.04]],"v":[[-184.08,145.52],[-152.32,133.44],[-178.32,-36.88],[188,-36.8],[266.16,-75.28],[144.879,-64.48],[-196,-65.68]],"c":true}]}],"ix":2},"nm":"Path 1","mn":"ADBE Vector Shape - Group","hd":false},{"ty":"gf","o":{"a":0,"k":100,"ix":10},"r":1,"bm":0,"g":{"p":3,"k":{"a":0,"k":[0,0.506,0.302,0.235,0.588,0.659,0.384,0.286,1,0.812,0.467,0.337],"ix":9}},"s":{"a":0,"k":[214,80],"ix":5},"e":{"a":0,"k":[-118,18],"ix":6},"t":1,"nm":"Gradient Fill 1","mn":"ADBE Vector Graphic - G-Fill","hd":false},{"ty":"tr","p":{"a":0,"k":[537.93,167.69],"ix":2},"a":{"a":0,"k":[0,0],"ix":1},"s":{"a":0,"k":[100,100],"ix":3},"r":{"a":0,"k":0,"ix":6},"o":{"a":0,"k":100,"ix":7},"sk":{"a":0,"k":0,"ix":4},"sa":{"a":0,"k":0,"ix":5},"nm":"Transform"}],"nm":"Group 1","np":2,"cix":2,"bm":0,"ix":1,"mn":"ADBE Vector Group","hd":false},{"ty":"gr","it":[{"ind":0,"ty":"sh","ix":1,"ks":{"a":1,"k":[{"i":{"x":0.833,"y":0.833},"o":{"x":0.167,"y":0.167},"t":10,"s":[{"i":[[0,0],[6.96,-11.84],[69.84,-43.44],[12.4,-95.92],[6.88,3.361],[11.28,88.32],[-101.68,75.44]],"o":[[0,0],[-1.12,2],[-107.84,66.96],[-8.64,66.96],[-10.88,-5.28],[-12.8,-99.84],[99.04,-73.52]],"v":[[147,-184.081],[134.92,-152.32],[-35.4,-178.32],[-35.32,188],[-73.8,266.159],[-62.92,144.88],[-64.2,-196]],"c":true}]},{"i":{"x":0.833,"y":0.833},"o":{"x":0.167,"y":0.167},"t":22,"s":[{"i":[[0,0],[6.96,-11.84],[69.84,-43.44],[-32.003,-91.27],[7.656,-0.105],[49.764,73.832],[-101.68,75.44]],"o":[[0,0],[-1.12,2],[-107.84,66.96],[22.34,63.712],[-12.092,0.166],[-56.258,-83.468],[99.04,-73.52]],"v":[[147,-184.081],[134.92,-152.32],[-35.4,-178.32],[81.504,135.434],[82.207,222.55],[37.484,109.293],[-64.2,-196]],"c":true}]},{"i":{"x":0.833,"y":0.833},"o":{"x":0.167,"y":0.167},"t":40,"s":[{"i":[[0,0],[6.96,-11.84],[69.84,-43.44],[-30.094,-91.917],[11.436,-4.528],[19.094,47.704],[-101.68,75.44]],"o":[[0,0],[-1.12,2],[-107.84,66.96],[21.008,64.164],[-11.436,4.528],[-40.795,-101.921],[99.04,-73.52]],"v":[[147,-184.081],[134.92,-152.32],[-42.402,-185.46],[-25.153,164.798],[-3.083,236.577],[-57.388,146.341],[-71.202,-203.14]],"c":true}]},{"i":{"x":0.833,"y":0.833},"o":{"x":0.167,"y":0.167},"t":54,"s":[{"i":[[0,0],[8.286,-10.953],[71.147,-41.265],[17.382,-129.403],[3.777,6.661],[2.256,89.009],[-103.885,72.374]],"o":[[0,0],[-1.344,1.857],[-109.805,63.686],[-8.988,66.914],[-5.946,-10.486],[-2.431,-95.888],[101.206,-70.508]],"v":[[156.496,-178.923],[140.816,-148.778],[-27.186,-182.411],[-24.431,144.065],[-89.183,236.361],[-53.984,110.829],[-55.441,-200.949]],"c":true}]},{"i":{"x":0.833,"y":0.833},"o":{"x":0.167,"y":0.167},"t":66,"s":[{"i":[[0,0],[6.96,-11.84],[69.84,-43.44],[12.4,-95.92],[6.88,3.361],[11.28,88.32],[-101.68,75.44]],"o":[[0,0],[-1.12,2],[-107.84,66.96],[-8.64,66.96],[-10.88,-5.28],[-12.8,-99.84],[99.04,-73.52]],"v":[[147,-184.081],[134.92,-152.32],[-35.4,-178.32],[-35.32,188],[-73.8,266.159],[-62.92,144.88],[-64.2,-196]],"c":true}]},{"i":{"x":0.833,"y":0.833},"o":{"x":0.167,"y":0.167},"t":76,"s":[{"i":[[0,0],[6.96,-11.84],[71.586,-40.498],[16.282,-95.338],[6.747,3.621],[7.709,88.703],[-104.656,71.254]],"o":[[0,0],[-1.12,2],[-110.483,62.503],[-11.366,66.552],[-10.655,-5.72],[-8.715,-100.279],[101.958,-69.417]],"v":[[147,-184.081],[134.92,-152.32],[-46.147,-187.943],[-55.018,171.075],[-96.656,247.6],[-80.835,126.865],[-74.202,-206.783]],"c":true}]},{"i":{"x":0.833,"y":0.833},"o":{"x":0.167,"y":0.167},"t":86,"s":[{"i":[[0,0],[6.96,-11.84],[69.84,-43.44],[-32.003,-91.27],[7.656,-0.105],[49.764,73.832],[-101.68,75.44]],"o":[[0,0],[-1.12,2],[-107.84,66.96],[22.34,63.712],[-12.092,0.166],[-56.258,-83.468],[99.04,-73.52]],"v":[[147,-184.081],[134.92,-152.32],[-35.4,-178.32],[81.504,135.434],[82.207,222.55],[37.484,109.293],[-64.2,-196]],"c":true}]},{"t":98,"s":[{"i":[[0,0],[6.96,-11.84],[69.84,-43.44],[12.4,-95.92],[6.88,3.361],[11.28,88.32],[-101.68,75.44]],"o":[[0,0],[-1.12,2],[-107.84,66.96],[-8.64,66.96],[-10.88,-5.28],[-12.8,-99.84],[99.04,-73.52]],"v":[[147,-184.081],[134.92,-152.32],[-35.4,-178.32],[-35.32,188],[-73.8,266.159],[-62.92,144.88],[-64.2,-196]],"c":true}]}],"ix":2},"nm":"Path 1","mn":"ADBE Vector Shape - Group","hd":false},{"ty":"gf","o":{"a":0,"k":100,"ix":10},"r":1,"bm":0,"g":{"p":3,"k":{"a":0,"k":[0,0.506,0.302,0.235,0.588,0.659,0.384,0.286,1,0.812,0.467,0.337],"ix":9}},"s":{"a":0,"k":[86,220],"ix":5},"e":{"a":0,"k":[10,-142],"ix":6},"t":1,"nm":"Gradient Fill 1","mn":"ADBE Vector Graphic - G-Fill","hd":false},{"ty":"tr","p":{"a":0,"k":[166.13,538.01],"ix":2},"a":{"a":0,"k":[0,0],"ix":1},"s":{"a":0,"k":[100,100],"ix":3},"r":{"a":0,"k":0,"ix":6},"o":{"a":0,"k":100,"ix":7},"sk":{"a":0,"k":0,"ix":4},"sa":{"a":0,"k":0,"ix":5},"nm":"Transform"}],"nm":"Group 2","np":2,"cix":2,"bm":0,"ix":2,"mn":"ADBE Vector Group","hd":false}],"ip":0,"op":132,"st":0,"bm":0},{"ddd":0,"ind":4,"ty":3,"nm":"Null body","sr":1,"ks":{"o":{"a":0,"k":0,"ix":11},"r":{"a":1,"k":[{"i":{"x":[0.833],"y":[0.833]},"o":{"x":[0.167],"y":[0.167]},"t":0,"s":[47.896]},{"i":{"x":[0.833],"y":[0.833]},"o":{"x":[0.167],"y":[0.167]},"t":10,"s":[28.342]},{"i":{"x":[0.833],"y":[0.833]},"o":{"x":[0.167],"y":[0.167]},"t":22,"s":[23.558]},{"i":{"x":[0.667],"y":[1]},"o":{"x":[0.167],"y":[0.167]},"t":32,"s":[7.07]},{"i":{"x":[0.667],"y":[1]},"o":{"x":[0.333],"y":[0]},"t":40,"s":[0]},{"i":{"x":[0.833],"y":[0.72]},"o":{"x":[0.333],"y":[0]},"t":86,"s":[0]},{"i":{"x":[0.833],"y":[0.833]},"o":{"x":[0.167],"y":[0.119]},"t":98,"s":[8.426]},{"i":{"x":[0.833],"y":[0.833]},"o":{"x":[0.167],"y":[0.167]},"t":110,"s":[28.308]},{"i":{"x":[0.833],"y":[0.833]},"o":{"x":[0.167],"y":[0.167]},"t":120,"s":[45.726]},{"t":130,"s":[60.144]}],"ix":10},"p":{"a":1,"k":[{"i":{"x":0.833,"y":0.833},"o":{"x":0.167,"y":0.167},"t":0,"s":[818,1568,0],"to":[0,0,0],"ti":[22,106,0]},{"i":{"x":0.833,"y":0.833},"o":{"x":0.167,"y":0.167},"t":10,"s":[808,1372,0],"to":[-22,-106,0],"ti":[0,0,0]},{"i":{"x":0.833,"y":0.833},"o":{"x":0.167,"y":0.167},"t":22,"s":[638,886,0],"to":[0,0,0],"ti":[0,0,0]},{"i":{"x":0.667,"y":1},"o":{"x":0.167,"y":0.167},"t":32,"s":[549.811,624.234,0],"to":[0,0,0],"ti":[0,0,0]},{"i":{"x":0.833,"y":0.833},"o":{"x":0.333,"y":0.333},"t":40,"s":[512,512,0],"to":[0,0,0],"ti":[0,0,0]},{"i":{"x":0.833,"y":0.833},"o":{"x":0.167,"y":0.167},"t":66,"s":[512,512,0],"to":[0,0,0],"ti":[0,0,0]},{"i":{"x":0.833,"y":0.833},"o":{"x":0.167,"y":0.167},"t":76,"s":[532,532,0],"to":[0,0,0],"ti":[0,0,0]},{"i":{"x":0.833,"y":0.833},"o":{"x":0.167,"y":0.167},"t":86,"s":[472,472,0],"to":[0,0,0],"ti":[72,73,0]},{"i":{"x":0.833,"y":0.833},"o":{"x":0.167,"y":0.167},"t":98,"s":[341,338,0],"to":[-72,-73,0],"ti":[11,172,0]},{"i":{"x":0.833,"y":0.833},"o":{"x":0.167,"y":0.167},"t":110,"s":[159,-74,0],"to":[-11,-172,0],"ti":[0,2.667,0]},{"i":{"x":0.833,"y":0.833},"o":{"x":0.167,"y":0.167},"t":120,"s":[233,-386,0],"to":[0,-2.667,0],"ti":[0,6.667,0]},{"t":130,"s":[393,-626,0]}],"ix":2,"l":2},"a":{"a":0,"k":[0,0,0],"ix":1,"l":2},"s":{"a":0,"k":[100,100,100],"ix":6,"l":2}},"ao":0,"ip":0,"op":132,"st":0,"bm":0},{"ddd":0,"ind":5,"ty":4,"nm":"body ab","parent":4,"sr":1,"ks":{"o":{"a":0,"k":100,"ix":11},"r":{"a":1,"k":[{"i":{"x":[0.667],"y":[1]},"o":{"x":[0.333],"y":[0]},"t":32,"s":[0]},{"i":{"x":[0.667],"y":[1]},"o":{"x":[0.333],"y":[0]},"t":42,"s":[-2.352]},{"i":{"x":[0.833],"y":[0.833]},"o":{"x":[0.333],"y":[0]},"t":54,"s":[3.497]},{"i":{"x":[0.667],"y":[1]},"o":{"x":[0.167],"y":[0.167]},"t":66,"s":[0]},{"i":{"x":[0.667],"y":[1]},"o":{"x":[0.333],"y":[0]},"t":76,"s":[-2.352]},{"i":{"x":[0.667],"y":[1]},"o":{"x":[0.333],"y":[0]},"t":94,"s":[1.767]},{"t":110,"s":[0]}],"ix":10},"p":{"a":1,"k":[{"i":{"x":0.667,"y":1},"o":{"x":0.333,"y":0},"t":32,"s":[2.559,-1.12,0],"to":[0,0,0],"ti":[0,0,0]},{"i":{"x":0.667,"y":1},"o":{"x":0.333,"y":0},"t":42,"s":[-5.441,7.88,0],"to":[0,0,0],"ti":[0,0,0]},{"i":{"x":0.833,"y":0.833},"o":{"x":0.333,"y":0},"t":54,"s":[4.559,-7.12,0],"to":[0,0,0],"ti":[0,0,0]},{"i":{"x":0.833,"y":0.833},"o":{"x":0.167,"y":0.167},"t":66,"s":[2.559,-1.12,0],"to":[0,0,0],"ti":[0,0,0]},{"t":86,"s":[2.559,-1.12,0]}],"ix":2,"l":2},"a":{"a":0,"k":[211.049,211.05,0],"ix":1,"l":2},"s":{"a":0,"k":[100,100,100],"ix":6,"l":2}},"ao":0,"shapes":[{"ty":"gr","it":[{"ind":0,"ty":"sh","ix":1,"ks":{"a":1,"k":[{"i":{"x":0.833,"y":0.833},"o":{"x":0.167,"y":0.167},"t":86,"s":[{"i":[[0,0],[28.32,-30.64],[0,0],[-2.8,-5.12],[-5.92,-0.56],[-30.561,37.04],[17.28,10.96]],"o":[[0,0],[-26.64,28.88],[0,0],[2.8,5.04],[8.641,0.88],[30.559,-37.04],[-9.439,-5.92]],"v":[[48.08,-79.08],[4.08,7.08],[-79.44,57.32],[-76.72,69.72],[-63.04,80.36],[31.921,19.8],[62.24,-75.32]],"c":true}]},{"t":98,"s":[{"i":[[0,0],[34.276,-23.79],[0,0],[-1.621,-5.606],[-5.657,-1.833],[-37.877,29.517],[14.486,14.452]],"o":[[0,0],[-32.278,22.403],[0,0],[1.638,5.528],[8.243,2.736],[37.876,-29.517],[-7.928,-7.829]],"v":[[74.073,-69.486],[12.406,5.058],[-80.033,35.954],[-80.072,48.649],[-69.03,62.007],[36.819,23.522],[87.078,-62.74]],"c":true}]}],"ix":2},"nm":"Path 1","mn":"ADBE Vector Shape - Group","hd":false},{"ty":"fl","c":{"a":0,"k":[0.317999985639,0.211999990426,0.176000004189,1],"ix":4},"o":{"a":0,"k":100,"ix":5},"r":1,"bm":0,"nm":"Fill 1","mn":"ADBE Vector Graphic - Fill","hd":false},{"ty":"tr","p":{"a":0,"k":[199.049,194.13],"ix":2},"a":{"a":0,"k":[0,0],"ix":1},"s":{"a":0,"k":[100,100],"ix":3},"r":{"a":0,"k":0,"ix":6},"o":{"a":0,"k":100,"ix":7},"sk":{"a":0,"k":0,"ix":4},"sa":{"a":0,"k":0,"ix":5},"nm":"Transform"}],"nm":"Group 1","np":2,"cix":2,"bm":0,"ix":1,"mn":"ADBE Vector Group","hd":false},{"ty":"gr","it":[{"ind":0,"ty":"sh","ix":1,"ks":{"a":1,"k":[{"i":{"x":0.833,"y":0.833},"o":{"x":0.167,"y":0.167},"t":86,"s":[{"i":[[2.21,-1.657],[-4.08,-5.44],[-50.719,-39.04],[-37.04,-11.839],[-1.6,-0.16],[0,0],[-0.4,6.32],[6.719,0.56],[83.919,28.88],[46.72,36],[0.321,0.398],[3.738,0]],"o":[[-5.44,4.08],[1.28,1.599],[51.041,39.36],[97.44,31.12],[0,0],[6.24,-0.16],[0.48,-6.72],[-0.321,0],[-36.64,-12.56],[-47.84,-36.88],[-2.422,-3.231],[-2.558,0]],"v":[[-203.24,-111.771],[-205.72,-94.572],[-124.201,-14.731],[41.64,74.629],[196.2,114.228],[197.48,114.228],[209.32,102.949],[198.04,89.749],[49.64,51.428],[-109.24,-34.171],[-186.041,-109.29],[-195.892,-114.229]],"c":true}]},{"t":98,"s":[{"i":[[2.517,-1.138],[-2.801,-6.196],[-50.719,-39.04],[-37.04,-11.839],[-1.6,-0.16],[0,0],[-0.4,6.32],[6.719,0.56],[83.919,28.88],[46.72,36],[0.227,0.458],[3.649,0.812]],"o":[[-6.196,2.801],[0.902,1.839],[51.041,39.36],[97.44,31.12],[0,0],[6.24,-0.16],[0.48,-6.72],[-0.321,0],[-36.64,-12.56],[-47.84,-36.88],[-1.662,-3.68],[-2.497,-0.556]],"v":[[-202.535,-126.064],[-208.693,-109.814],[-124.201,-14.731],[41.64,74.629],[196.2,114.228],[197.48,114.228],[209.32,102.949],[198.04,89.749],[49.64,51.428],[-109.24,-34.171],[-186.286,-119.906],[-194.829,-126.867]],"c":true}]}],"ix":2},"nm":"Path 2","mn":"ADBE Vector Shape - Group","hd":false},{"ty":"gf","o":{"a":0,"k":100,"ix":10},"r":1,"bm":0,"g":{"p":3,"k":{"a":0,"k":[0,0.451,0.267,0.204,0.5,0.384,0.239,0.19,1,0.318,0.212,0.176],"ix":9}},"s":{"a":0,"k":[-74,-71.5],"ix":5},"e":{"a":0,"k":[-143,-140],"ix":6},"t":1,"nm":"Gradient Fill 1","mn":"ADBE Vector Graphic - G-Fill","hd":false},{"ty":"tr","p":{"a":0,"k":[354.37,353.781],"ix":2},"a":{"a":0,"k":[0,0],"ix":1},"s":{"a":0,"k":[100,100],"ix":3},"r":{"a":0,"k":0,"ix":6},"o":{"a":0,"k":100,"ix":7},"sk":{"a":0,"k":0,"ix":4},"sa":{"a":0,"k":0,"ix":5},"nm":"Transform"}],"nm":"Group 2","np":2,"cix":2,"bm":0,"ix":2,"mn":"ADBE Vector Group","hd":false},{"ty":"gr","it":[{"ind":0,"ty":"sh","ix":1,"ks":{"a":1,"k":[{"i":{"x":0.833,"y":0.833},"o":{"x":0.167,"y":0.167},"t":86,"s":[{"i":[[2.422,-3.23],[-5.439,-4.08],[-36.88,-47.84],[-12.56,-36.64],[0,-0.32],[-6.721,0.48],[-0.159,6.161],[0,0],[31.12,97.44],[39.359,51.04],[1.6,1.28],[2.558,0]],"o":[[-4.08,5.44],[0.4,0.32],[36,46.72],[28.88,83.92],[0.56,6.72],[6.24,-0.48],[0,0],[-0.159,-1.6],[-11.84,-37.04],[-39.04,-50.72],[-2.21,-1.657],[-3.738,0]],"v":[[-110.96,-204.051],[-108.48,-186.851],[-33.36,-110.051],[52.24,48.829],[90.56,197.228],[103.76,208.508],[115.04,196.667],[115.04,195.389],[75.44,40.829],[-13.919,-125.011],[-93.76,-206.531],[-101.108,-208.989]],"c":true}]},{"t":98,"s":[{"i":[[3.066,-2.626],[-4.423,-5.164],[-36.88,-47.84],[-12.56,-36.64],[0,-0.32],[-6.721,0.48],[-0.159,6.161],[0,0],[31.12,97.44],[39.359,51.04],[1.284,1.597],[2.497,0.556]],"o":[[-5.164,4.424],[0.321,0.399],[36,46.72],[28.88,83.92],[0.56,6.72],[6.24,-0.48],[0,0],[-0.159,-1.6],[-11.84,-37.04],[-39.04,-50.72],[-1.797,-2.098],[-3.649,-0.812]],"v":[[-91.942,-195.488],[-93.258,-178.16],[-33.36,-110.051],[52.24,48.829],[90.56,197.229],[103.76,208.509],[115.04,196.668],[115.04,195.389],[75.44,40.829],[-13.919,-125.011],[-74.614,-194.172],[-81.253,-198.167]],"c":true}]}],"ix":2},"nm":"Path 2","mn":"ADBE Vector Shape - Group","hd":false},{"ty":"gf","o":{"a":0,"k":100,"ix":10},"r":1,"bm":0,"g":{"p":3,"k":{"a":0,"k":[0,0.451,0.267,0.204,0.5,0.384,0.239,0.19,1,0.318,0.212,0.176],"ix":9}},"s":{"a":0,"k":[-74,-71.5],"ix":5},"e":{"a":0,"k":[-143,-140],"ix":6},"t":1,"nm":"Gradient Fill 1","mn":"ADBE Vector Graphic - G-Fill","hd":false},{"ty":"tr","p":{"a":0,"k":[356.89,351.341],"ix":2},"a":{"a":0,"k":[0,0],"ix":1},"s":{"a":0,"k":[100,100],"ix":3},"r":{"a":0,"k":0,"ix":6},"o":{"a":0,"k":100,"ix":7},"sk":{"a":0,"k":0,"ix":4},"sa":{"a":0,"k":0,"ix":5},"nm":"Transform"}],"nm":"Group 3","np":2,"cix":2,"bm":0,"ix":3,"mn":"ADBE Vector Group","hd":false},{"ty":"gr","it":[{"ind":0,"ty":"sh","ix":1,"ks":{"a":1,"k":[{"i":{"x":0.833,"y":0.833},"o":{"x":0.167,"y":0.167},"t":86,"s":[{"i":[[25.521,18.64],[0,0],[21.84,-22.96],[0,0],[-18.64,-25.52],[-39.44,-33.6],[-75.12,75.12],[34.8,40.88]],"o":[[-25.52,-18.64],[0,0],[-22.96,21.84],[0,0],[18.64,25.52],[40.88,34.8],[75.12,-75.12],[-33.52,-39.6]],"v":[[-73.88,-242.8],[-129.72,-260.56],[-182.76,-182.8],[-260.52,-129.76],[-242.76,-73.92],[-135.4,32.64],[186.28,186.32],[32.6,-135.36]],"c":true}]},{"t":98,"s":[{"i":[[25.521,18.64],[0,0],[26.306,-17.667],[0,0],[-18.64,-25.52],[-39.44,-33.6],[-75.12,75.12],[34.8,40.88]],"o":[[-25.52,-18.64],[0,0],[-27.156,16.331],[0,0],[18.64,25.52],[40.88,34.8],[75.12,-75.12],[-33.52,-39.6]],"v":[[-70.894,-239.704],[-108.577,-247.489],[-177.243,-183.108],[-264.669,-148.228],[-242.76,-73.92],[-135.4,32.64],[186.28,186.32],[32.6,-135.36]],"c":true}]}],"ix":2},"nm":"Path 1","mn":"ADBE Vector Shape - Group","hd":false},{"ty":"gf","o":{"a":0,"k":100,"ix":10},"r":1,"bm":0,"g":{"p":3,"k":{"a":0,"k":[0.004,0.812,0.467,0.337,0.502,0.659,0.384,0.286,1,0.506,0.302,0.235],"ix":9}},"s":{"a":0,"k":[11,6],"ix":5},"e":{"a":0,"k":[-198,-196],"ix":6},"t":1,"nm":"Gradient Fill 1","mn":"ADBE Vector Graphic - G-Fill","hd":false},{"ty":"tr","p":{"a":0,"k":[395.09,395.93],"ix":2},"a":{"a":0,"k":[0,0],"ix":1},"s":{"a":0,"k":[100,100],"ix":3},"r":{"a":0,"k":0,"ix":6},"o":{"a":0,"k":100,"ix":7},"sk":{"a":0,"k":0,"ix":4},"sa":{"a":0,"k":0,"ix":5},"nm":"Transform"}],"nm":"Group 4","np":2,"cix":2,"bm":0,"ix":4,"mn":"ADBE Vector Group","hd":false},{"ty":"gr","it":[{"ind":0,"ty":"sh","ix":1,"ks":{"a":0,"k":{"i":[[-0.079,0.8],[4.88,1.76],[0,0],[2.08,-5.68],[-5.679,-2.08],[0,0],[-2.08,5.68]],"o":[[0.641,-5.04],[0,0],[-5.761,-2.08],[-2.08,5.76],[0,0],[5.761,2.08],[0.241,-0.879]],"v":[[42.879,12.64],[35.68,0.88],[-27.28,-21.68],[-41.44,-15.04],[-34.801,-0.88],[28.159,21.68],[42.319,15.04]],"c":true},"ix":2},"nm":"Path 1","mn":"ADBE Vector Shape - Group","hd":false},{"ty":"fl","c":{"a":0,"k":[0.811999990426,0.46699999641,0.337000020345,1],"ix":4},"o":{"a":0,"k":100,"ix":5},"r":1,"bm":0,"nm":"Fill 1","mn":"ADBE Vector Graphic - Fill","hd":false},{"ty":"tr","p":{"a":0,"k":[605.13,529.45],"ix":2},"a":{"a":0,"k":[0,0],"ix":1},"s":{"a":0,"k":[100,100],"ix":3},"r":{"a":0,"k":0,"ix":6},"o":{"a":0,"k":100,"ix":7},"sk":{"a":0,"k":0,"ix":4},"sa":{"a":0,"k":0,"ix":5},"nm":"Transform"}],"nm":"Group 8","np":2,"cix":2,"bm":0,"ix":5,"mn":"ADBE Vector Group","hd":false},{"ty":"gr","it":[{"ind":0,"ty":"sh","ix":1,"ks":{"a":0,"k":{"i":[[0.801,-0.08],[1.76,4.88],[0,0],[-5.679,2.08],[-2.08,-5.679],[0,0],[5.68,-2.08]],"o":[[-5.039,0.641],[0,0],[-2.08,-5.76],[5.76,-2.079],[0,0],[2.08,5.76],[-0.799,0.32]],"v":[[12.64,42.879],[0.88,35.679],[-21.68,-27.281],[-15.041,-41.441],[-0.88,-34.801],[21.679,28.159],[15.039,42.319]],"c":true},"ix":2},"nm":"Path 1","mn":"ADBE Vector Shape - Group","hd":false},{"ty":"fl","c":{"a":0,"k":[0.811999990426,0.46699999641,0.337000020345,1],"ix":4},"o":{"a":0,"k":100,"ix":5},"r":1,"bm":0,"nm":"Fill 1","mn":"ADBE Vector Graphic - Fill","hd":false},{"ty":"tr","p":{"a":0,"k":[529.37,605.131],"ix":2},"a":{"a":0,"k":[0,0],"ix":1},"s":{"a":0,"k":[100,100],"ix":3},"r":{"a":0,"k":0,"ix":6},"o":{"a":0,"k":100,"ix":7},"sk":{"a":0,"k":0,"ix":4},"sa":{"a":0,"k":0,"ix":5},"nm":"Transform"}],"nm":"Group 9","np":2,"cix":2,"bm":0,"ix":6,"mn":"ADBE Vector Group","hd":false}],"ip":0,"op":132,"st":0,"bm":0},{"ddd":0,"ind":6,"ty":4,"nm":"body ","parent":4,"sr":1,"ks":{"o":{"a":0,"k":100,"ix":11},"r":{"a":1,"k":[{"i":{"x":[0.667],"y":[1]},"o":{"x":[0.333],"y":[0]},"t":32,"s":[0]},{"i":{"x":[0.667],"y":[1]},"o":{"x":[0.333],"y":[0]},"t":42,"s":[-3.46]},{"i":{"x":[0.667],"y":[1]},"o":{"x":[0.333],"y":[0]},"t":54,"s":[3.087]},{"i":{"x":[0.833],"y":[1]},"o":{"x":[0.333],"y":[0]},"t":66,"s":[0]},{"i":{"x":[0.833],"y":[0.833]},"o":{"x":[0.167],"y":[0.167]},"t":86,"s":[0]},{"t":98,"s":[14.423]}],"ix":10},"p":{"a":1,"k":[{"i":{"x":0.667,"y":1},"o":{"x":0.333,"y":0},"t":32,"s":[-1.354,-1.021,0],"to":[0,0,0],"ti":[0,0,0]},{"i":{"x":0.667,"y":1},"o":{"x":0.333,"y":0},"t":42,"s":[-6.354,8.979,0],"to":[0,0,0],"ti":[0,0,0]},{"i":{"x":0.667,"y":1},"o":{"x":0.333,"y":0},"t":54,"s":[-0.354,-7.021,0],"to":[0,0,0],"ti":[0,0,0]},{"i":{"x":0.833,"y":0.833},"o":{"x":0.333,"y":0.333},"t":66,"s":[-1.354,-1.021,0],"to":[0,0,0],"ti":[0,0,0]},{"t":86,"s":[-1.354,-1.021,0]}],"ix":2,"l":2},"a":{"a":0,"k":[207.136,211.148,0],"ix":1,"l":2},"s":{"a":0,"k":[100,100,100],"ix":6,"l":2}},"ao":0,"shapes":[{"ty":"gr","it":[{"ind":0,"ty":"sh","ix":1,"ks":{"a":0,"k":{"i":[[3.36,15.28],[-10.64,18.88],[1.657,-12.215],[0,0]],"o":[[-10.56,-47.68],[40.16,44.8],[-5.46,40.24],[-0.079,0.08]],"v":[[-25.28,43.56],[-4.32,-67.96],[22.78,19.58],[-9.12,67.88]],"c":true},"ix":2},"nm":"Path 1","mn":"ADBE Vector Shape - Group","hd":false},{"ty":"fl","c":{"a":0,"k":[0.811999990426,0.46699999641,0.337000020345,1],"ix":4},"o":{"a":0,"k":100,"ix":5},"r":1,"bm":0,"nm":"Fill 1","mn":"ADBE Vector Graphic - Fill","hd":false},{"ty":"tr","p":{"a":0,"k":[224.17,132.85],"ix":2},"a":{"a":0,"k":[0,0],"ix":1},"s":{"a":0,"k":[100,100],"ix":3},"r":{"a":0,"k":0,"ix":6},"o":{"a":0,"k":100,"ix":7},"sk":{"a":0,"k":0,"ix":4},"sa":{"a":0,"k":0,"ix":5},"nm":"Transform"}],"nm":"Group 5","np":2,"cix":2,"bm":0,"ix":1,"mn":"ADBE Vector Group","hd":false},{"ty":"gr","it":[{"ind":0,"ty":"sh","ix":1,"ks":{"a":0,"k":{"i":[[15.28,3.44],[18.88,-10.639],[-11.447,1.79],[0,0]],"o":[[-47.68,-10.56],[44.8,40.161],[46.56,-7.28],[0,0]],"v":[[43.6,-25.28],[-67.92,-4.321],[27.12,23.78],[67.92,-9.12]],"c":true},"ix":2},"nm":"Path 1","mn":"ADBE Vector Shape - Group","hd":false},{"ty":"fl","c":{"a":0,"k":[0.811999990426,0.46699999641,0.337000020345,1],"ix":4},"o":{"a":0,"k":100,"ix":5},"r":1,"bm":0,"nm":"Fill 1","mn":"ADBE Vector Graphic - Fill","hd":false},{"ty":"tr","p":{"a":0,"k":[132.81,224.17],"ix":2},"a":{"a":0,"k":[0,0],"ix":1},"s":{"a":0,"k":[100,100],"ix":3},"r":{"a":0,"k":0,"ix":6},"o":{"a":0,"k":100,"ix":7},"sk":{"a":0,"k":0,"ix":4},"sa":{"a":0,"k":0,"ix":5},"nm":"Transform"}],"nm":"Group 6","np":2,"cix":2,"bm":0,"ix":2,"mn":"ADBE Vector Group","hd":false},{"ty":"gr","it":[{"ind":0,"ty":"sh","ix":1,"ks":{"a":0,"k":{"i":[[62.56,52.72],[32,-31.44],[-45.52,-54],[0,0],[-34.441,38.88],[0,0]],"o":[[-54,-45.52],[-31.52,32.08],[52.72,62.64],[0,0],[34.441,-38.88],[0,0]],"v":[[68.4,-85.48],[-78.16,-78.2],[-85.44,68.36],[14,117.32],[92.839,83.8],[117.36,13.96]],"c":true},"ix":2},"nm":"Path 1","mn":"ADBE Vector Shape - Group","hd":false},{"ty":"fl","c":{"a":0,"k":[0.451000019148,0.26699999641,0.204000001795,1],"ix":4},"o":{"a":0,"k":100,"ix":5},"r":1,"bm":0,"nm":"Fill 1","mn":"ADBE Vector Graphic - Fill","hd":false},{"ty":"tr","p":{"a":0,"k":[131.21,131.25],"ix":2},"a":{"a":0,"k":[0,0],"ix":1},"s":{"a":0,"k":[100,100],"ix":3},"r":{"a":0,"k":0,"ix":6},"o":{"a":0,"k":100,"ix":7},"sk":{"a":0,"k":0,"ix":4},"sa":{"a":0,"k":0,"ix":5},"nm":"Transform"}],"nm":"Group 7","np":2,"cix":2,"bm":0,"ix":3,"mn":"ADBE Vector Group","hd":false}],"ip":0,"op":132,"st":0,"bm":0},{"ddd":0,"ind":7,"ty":4,"nm":"head ","parent":6,"sr":1,"ks":{"o":{"a":0,"k":100,"ix":11},"r":{"a":1,"k":[{"i":{"x":[0.667],"y":[1]},"o":{"x":[0.333],"y":[0]},"t":32,"s":[0]},{"i":{"x":[0.667],"y":[1]},"o":{"x":[0.333],"y":[0]},"t":42,"s":[11.916]},{"i":{"x":[0.667],"y":[1]},"o":{"x":[0.333],"y":[0]},"t":54,"s":[-9.645]},{"t":66,"s":[0]}],"ix":10},"p":{"a":1,"k":[{"i":{"x":0.667,"y":0.667},"o":{"x":0.333,"y":0.333},"t":32,"s":[133.21,123.29,0],"to":[0,0,0],"ti":[0,0,0]},{"t":66,"s":[133.21,123.29,0]}],"ix":2,"l":2},"a":{"a":0,"k":[165.45,158.41,0],"ix":1,"l":2},"s":{"a":0,"k":[100,100,100],"ix":6,"l":2}},"ao":0,"shapes":[{"ty":"gr","it":[{"ind":0,"ty":"sh","ix":1,"ks":{"a":0,"k":{"i":[[1.04,7.2],[10,-10.24],[-8.72,-0.4],[-7.2,7.28]],"o":[[-1.28,-8.64],[-10,10.32],[7.28,0.32],[7.2,-7.12]],"v":[[20.08,-13.12],[-11.12,-9.84],[-11.36,21.44],[2,1.92]],"c":true},"ix":2},"nm":"Path 1","mn":"ADBE Vector Shape - Group","hd":false},{"ty":"fl","c":{"a":0,"k":[0.184000007779,0.184000007779,0.184000007779,1],"ix":4},"o":{"a":0,"k":100,"ix":5},"r":1,"bm":0,"nm":"Fill 1","mn":"ADBE Vector Graphic - Fill","hd":false},{"ty":"tr","p":{"a":0,"k":[49.13,49.85],"ix":2},"a":{"a":0,"k":[0,0],"ix":1},"s":{"a":0,"k":[100,100],"ix":3},"r":{"a":0,"k":0,"ix":6},"o":{"a":0,"k":100,"ix":7},"sk":{"a":0,"k":0,"ix":4},"sa":{"a":0,"k":0,"ix":5},"nm":"Transform"}],"nm":"Group 1","np":2,"cix":2,"bm":0,"ix":1,"mn":"ADBE Vector Group","hd":false},{"ty":"gr","it":[{"ind":0,"ty":"sh","ix":1,"ks":{"a":0,"k":{"i":[[0,0],[13.28,34.24],[-31.36,30.88],[-34.96,-16.4],[0,0]],"o":[[0,0],[-11.68,-30.16],[34.88,-34.32],[28.24,13.2],[0,0]],"v":[[-29.48,99.16],[-85.8,25.72],[-68.84,-64.84],[36.36,-77.72],[100.2,-29.72]],"c":true},"ix":2},"nm":"Path 1","mn":"ADBE Vector Shape - Group","hd":false},{"ty":"fl","c":{"a":0,"k":[0.811999990426,0.46699999641,0.337000020345,1],"ix":4},"o":{"a":0,"k":100,"ix":5},"r":1,"bm":0,"nm":"Fill 1","mn":"ADBE Vector Graphic - Fill","hd":false},{"ty":"tr","p":{"a":0,"k":[100.45,99.41],"ix":2},"a":{"a":0,"k":[0,0],"ix":1},"s":{"a":0,"k":[100,100],"ix":3},"r":{"a":0,"k":0,"ix":6},"o":{"a":0,"k":100,"ix":7},"sk":{"a":0,"k":0,"ix":4},"sa":{"a":0,"k":0,"ix":5},"nm":"Transform"}],"nm":"Group 2","np":2,"cix":2,"bm":0,"ix":2,"mn":"ADBE Vector Group","hd":false}],"ip":0,"op":132,"st":0,"bm":0},{"ddd":0,"ind":8,"ty":4,"nm":"leg L1 ","parent":4,"sr":1,"ks":{"o":{"a":0,"k":100,"ix":11},"r":{"a":1,"k":[{"i":{"x":[0.833],"y":[0.833]},"o":{"x":[0.333],"y":[0]},"t":16,"s":[0]},{"i":{"x":[0.833],"y":[0.833]},"o":{"x":[0.167],"y":[0.167]},"t":22,"s":[10.695]},{"i":{"x":[0.667],"y":[1]},"o":{"x":[0.167],"y":[0.167]},"t":26,"s":[7.5]},{"i":{"x":[0.667],"y":[1]},"o":{"x":[0.333],"y":[0]},"t":30,"s":[0]},{"i":{"x":[0.833],"y":[1]},"o":{"x":[0.333],"y":[0]},"t":40,"s":[0]},{"i":{"x":[0.833],"y":[0.833]},"o":{"x":[0.167],"y":[0.167]},"t":66,"s":[0]},{"i":{"x":[0.833],"y":[0.833]},"o":{"x":[0.167],"y":[0.167]},"t":76,"s":[0]},{"i":{"x":[0.833],"y":[0.833]},"o":{"x":[0.167],"y":[0.167]},"t":86,"s":[20.368]},{"t":98,"s":[-2.375]}],"ix":10},"p":{"a":1,"k":[{"i":{"x":0.833,"y":0.833},"o":{"x":0.333,"y":0.333},"t":40,"s":[-126.199,-41.79,0],"to":[0,0,0],"ti":[0,0,0]},{"i":{"x":0.833,"y":0.833},"o":{"x":0.167,"y":0.167},"t":66,"s":[-126.199,-41.79,0],"to":[0,0,0],"ti":[0,0,0]},{"i":{"x":0.833,"y":0.833},"o":{"x":0.167,"y":0.167},"t":76,"s":[-126.199,-41.79,0],"to":[0,0,0],"ti":[0,0,0]},{"i":{"x":0.833,"y":0.833},"o":{"x":0.167,"y":0.167},"t":86,"s":[-126.199,-41.79,0],"to":[0,0,0],"ti":[0,0,0]},{"t":98,"s":[-126.199,-41.79,0]}],"ix":2,"l":2},"a":{"a":0,"k":[290.291,78.62,0],"ix":1,"l":2},"s":{"a":0,"k":[100,100,100],"ix":6,"l":2}},"ao":0,"shapes":[{"ty":"gr","it":[{"ind":0,"ty":"sh","ix":1,"ks":{"a":1,"k":[{"i":{"x":0.833,"y":0.833},"o":{"x":0.167,"y":0.167},"t":16,"s":[{"i":[[0,0],[0,0],[6.256,0.378],[10.201,1.4],[13.512,-5.174],[-5.815,-14.048],[-19.127,6.48],[0,0],[-13.857,-1.356],[-21.2,6.481],[0,0]],"o":[[0,0],[0,0],[-6.178,-0.373],[-10.201,-1.4],[-10.772,4.165],[3.312,8.002],[17.52,-5.936],[0,0],[13.872,1.435],[21.2,-6.4],[0,0]],"v":[[135.36,-79.92],[78.518,2.292],[37.467,20.412],[-26.992,-64.44],[-77.233,-51.145],[-118.065,-20.909],[-80.319,-17.253],[-46.309,-28.114],[20.317,72.317],[91.718,55.652],[163.36,38.24]],"c":false}]},{"i":{"x":0.833,"y":0.833},"o":{"x":0.167,"y":0.167},"t":22,"s":[{"i":[[0,0],[0,0],[6.08,1.52],[9.76,3.28],[14.24,-2.56],[-3.12,-14.88],[-20,2.8],[0,0],[-13.36,-3.92],[-21.2,6.481],[0,0]],"o":[[0,0],[0,0],[-6,-1.52],[-9.76,-3.28],[-11.36,2.08],[1.76,8.48],[18.32,-2.56],[0,0],[13.36,4],[21.2,-6.4],[0,0]],"v":[[135.36,-79.92],[48.93,-20.105],[-30.174,-26.915],[-174.697,-68.603],[-226.537,-64.923],[-272.297,-42.843],[-235.897,-32.203],[-200.457,-36.523],[-43.694,17.965],[62.13,33.255],[163.36,38.24]],"c":false}]},{"i":{"x":0.833,"y":0.833},"o":{"x":0.167,"y":0.167},"t":26,"s":[{"i":[[0,0],[0,0],[6.08,1.52],[9.76,3.28],[14.24,-2.56],[-3.12,-14.88],[-20,2.8],[0,0],[-13.36,-3.92],[-21.2,6.481],[0,0]],"o":[[0,0],[0,0],[-6,-1.52],[-9.76,-3.28],[-11.36,2.08],[1.76,8.48],[18.32,-2.56],[0,0],[13.36,4],[21.2,-6.4],[0,0]],"v":[[135.36,-79.92],[79.2,9.84],[22.8,31.04],[-83.087,-64.366],[-134.927,-60.686],[-180.687,-38.606],[-144.287,-27.966],[-108.847,-32.286],[9.28,75.92],[92.4,63.2],[163.36,38.24]],"c":false}]},{"i":{"x":0.833,"y":0.833},"o":{"x":0.167,"y":0.167},"t":30,"s":[{"i":[[0,0],[0,0],[6.256,0.378],[10.201,1.4],[13.512,-5.174],[-5.815,-14.048],[-19.127,6.48],[0,0],[-13.857,-1.356],[-21.2,6.481],[0,0]],"o":[[0,0],[0,0],[-6.178,-0.373],[-10.201,-1.4],[-10.772,4.165],[3.312,8.002],[17.52,-5.936],[0,0],[13.872,1.435],[21.2,-6.4],[0,0]],"v":[[135.36,-79.92],[78.518,2.292],[37.467,20.412],[-26.992,-64.44],[-77.233,-51.145],[-118.065,-20.909],[-80.319,-17.253],[-46.309,-28.114],[20.317,72.317],[91.718,55.652],[163.36,38.24]],"c":false}]},{"i":{"x":0.667,"y":1},"o":{"x":0.167,"y":0.167},"t":34,"s":[{"i":[[0,0],[0,0],[6.08,1.52],[9.76,3.28],[14.24,-2.56],[-3.12,-14.88],[-20,2.8],[0,0],[-13.36,-3.92],[-21.2,6.481],[0,0]],"o":[[0,0],[0,0],[-6,-1.52],[-9.76,-3.28],[-11.36,2.08],[1.76,8.48],[18.32,-2.56],[0,0],[13.36,4],[21.2,-6.4],[0,0]],"v":[[135.36,-79.92],[76.5,-20.055],[-32.958,-28.551],[-98.112,-90.925],[-149.952,-87.245],[-195.712,-65.165],[-159.312,-54.524],[-123.872,-58.844],[-46.478,16.329],[89.7,33.305],[163.36,38.24]],"c":false}]},{"i":{"x":0.833,"y":0.833},"o":{"x":0.333,"y":0},"t":40,"s":[{"i":[[0,0],[0,0],[6.08,1.52],[9.76,3.28],[14.24,-2.56],[-3.12,-14.88],[-20,2.8],[0,0],[-13.36,-3.92],[-21.2,6.481],[0,0]],"o":[[0,0],[0,0],[-6,-1.52],[-9.76,-3.28],[-11.36,2.08],[1.76,8.48],[18.32,-2.56],[0,0],[13.36,4],[21.2,-6.4],[0,0]],"v":[[135.36,-79.92],[79.2,9.84],[22.8,31.04],[-62.64,-48.4],[-114.48,-44.72],[-160.24,-22.64],[-123.84,-12],[-88.4,-16.32],[9.28,75.92],[92.4,63.2],[163.36,38.24]],"c":false}]},{"i":{"x":0.833,"y":0.833},"o":{"x":0.167,"y":0.167},"t":66,"s":[{"i":[[0,0],[0,0],[6.08,1.52],[9.76,3.28],[14.24,-2.56],[-3.12,-14.88],[-20,2.8],[0,0],[-13.36,-3.92],[-21.2,6.481],[0,0]],"o":[[0,0],[0,0],[-6,-1.52],[-9.76,-3.28],[-11.36,2.08],[1.76,8.48],[18.32,-2.56],[0,0],[13.36,4],[21.2,-6.4],[0,0]],"v":[[135.36,-79.92],[79.2,9.84],[22.8,31.04],[-62.64,-48.4],[-114.48,-44.72],[-160.24,-22.64],[-123.84,-12],[-88.4,-16.32],[9.28,75.92],[92.4,63.2],[163.36,38.24]],"c":false}]},{"i":{"x":0.833,"y":0.833},"o":{"x":0.167,"y":0.167},"t":76,"s":[{"i":[[0,0],[0,0],[6.08,1.52],[9.76,3.28],[14.24,-2.56],[-3.12,-14.88],[-20,2.8],[0,0],[-13.36,-3.92],[-21.2,6.481],[0,0]],"o":[[0,0],[0,0],[-6,-1.52],[-9.76,-3.28],[-11.36,2.08],[1.76,8.48],[18.32,-2.56],[0,0],[13.36,4],[21.2,-6.4],[0,0]],"v":[[135.36,-79.92],[79.2,9.84],[3.3,11.04],[-82.64,-68.9],[-134.48,-65.22],[-180.24,-43.14],[-143.84,-32.5],[-108.4,-36.82],[-10.22,55.92],[92.4,63.2],[163.36,38.24]],"c":false}]},{"i":{"x":0.833,"y":0.833},"o":{"x":0.167,"y":0.167},"t":86,"s":[{"i":[[0,0],[0,0],[6.08,1.52],[6.519,7.97],[13.419,5.408],[5.304,-14.248],[-18.422,-8.274],[0,0],[-13.36,-3.92],[-25.587,2.544],[0,0]],"o":[[0,0],[0,0],[-6,-1.52],[-6.519,-7.97],[-10.725,-4.283],[-3.021,8.117],[16.874,7.579],[0,0],[13.36,4],[25.587,-2.544],[0,0]],"v":[[135.36,-79.92],[79.2,9.84],[10.21,9.541],[-76.064,-45.566],[-121.917,-70.03],[-172.41,-75.68],[-147.25,-47.305],[-114.943,-32.108],[-3.31,54.421],[104.48,55.515],[163.36,38.24]],"c":false}]},{"i":{"x":0.833,"y":0.833},"o":{"x":0.167,"y":0.167},"t":92,"s":[{"i":[[0,0],[0,0],[6.08,1.52],[9.179,3.693],[13.804,-1.658],[-2.129,-14.449],[-19.342,1.561],[0,0],[-13.36,-3.92],[-23.394,4.513],[0,0]],"o":[[0,0],[0,0],[-6,-1.52],[-9.179,-3.693],[-11.014,1.359],[1.213,8.233],[17.717,-1.429],[0,0],[13.36,4],[23.394,-4.472],[0,0]],"v":[[135.36,-79.92],[90.976,19.552],[39.657,69.444],[0.865,-31.71],[-49.07,-31.084],[-94.204,-12.466],[-59.882,-0.22],[-25.643,-2.379],[26.137,114.324],[118.11,67.427],[163.36,38.24]],"c":false}]},{"i":{"x":0.833,"y":0.833},"o":{"x":0.167,"y":0.167},"t":98,"s":[{"i":[[0,0],[0,0],[6.08,1.52],[9.76,3.28],[14.24,-2.56],[-3.12,-14.88],[-20,2.8],[0,0],[-13.36,-3.92],[-21.2,6.481],[0,0]],"o":[[0,0],[0,0],[-6,-1.52],[-9.76,-3.28],[-11.36,2.08],[1.76,8.48],[18.32,-2.56],[0,0],[13.36,4],[21.2,-6.4],[0,0]],"v":[[135.36,-79.92],[79.2,9.84],[22.8,31.04],[-62.64,-48.4],[-114.48,-44.72],[-160.24,-22.64],[-123.84,-12],[-88.4,-16.32],[9.28,75.92],[92.4,63.2],[163.36,38.24]],"c":false}]},{"t":104,"s":[{"i":[[0,0],[0,0],[6.08,1.52],[9.179,3.693],[13.804,-1.658],[-2.129,-14.449],[-19.342,1.561],[0,0],[-13.36,-3.92],[-23.394,4.513],[0,0]],"o":[[0,0],[0,0],[-6,-1.52],[-9.179,-3.693],[-11.014,1.359],[1.213,8.233],[17.717,-1.429],[0,0],[13.36,4],[23.394,-4.472],[0,0]],"v":[[135.36,-79.92],[90.976,19.552],[39.657,69.444],[0.865,-31.71],[-49.07,-31.084],[-94.204,-12.466],[-59.882,-0.22],[-25.643,-2.379],[26.137,114.324],[118.11,67.427],[163.36,38.24]],"c":false}]}],"ix":2},"nm":"Path 1","mn":"ADBE Vector Shape - Group","hd":false},{"ty":"gf","o":{"a":0,"k":100,"ix":10},"r":1,"bm":0,"g":{"p":3,"k":{"a":0,"k":[0,0.318,0.212,0.176,0.499,0.412,0.257,0.206,0.998,0.506,0.302,0.235],"ix":9}},"s":{"a":0,"k":[223,97],"ix":5},"e":{"a":0,"k":[173,166],"ix":6},"t":1,"nm":"Gradient Fill 1","mn":"ADBE Vector Graphic - G-Fill","hd":false},{"ty":"tr","p":{"a":0,"k":[163.61,80.17],"ix":2},"a":{"a":0,"k":[0,0],"ix":1},"s":{"a":0,"k":[100,100],"ix":3},"r":{"a":0,"k":0,"ix":6},"o":{"a":0,"k":100,"ix":7},"sk":{"a":0,"k":0,"ix":4},"sa":{"a":0,"k":0,"ix":5},"nm":"Transform"}],"nm":"Group 1","np":2,"cix":2,"bm":0,"ix":1,"mn":"ADBE Vector Group","hd":false}],"ip":0,"op":132,"st":0,"bm":0},{"ddd":0,"ind":9,"ty":4,"nm":"leg L2 ","parent":4,"sr":1,"ks":{"o":{"a":0,"k":100,"ix":11},"r":{"a":1,"k":[{"i":{"x":[0.833],"y":[1]},"o":{"x":[0.333],"y":[0]},"t":40,"s":[0]},{"i":{"x":[0.833],"y":[0.833]},"o":{"x":[0.167],"y":[0.167]},"t":66,"s":[0]},{"i":{"x":[0.833],"y":[0.833]},"o":{"x":[0.167],"y":[0.167]},"t":76,"s":[0]},{"i":{"x":[0.833],"y":[0.833]},"o":{"x":[0.167],"y":[0.167]},"t":86,"s":[-26.889]},{"i":{"x":[0.833],"y":[0.833]},"o":{"x":[0.167],"y":[0.167]},"t":92,"s":[0]},{"i":{"x":[0.833],"y":[0.833]},"o":{"x":[0.167],"y":[0.167]},"t":98,"s":[-26.889]},{"i":{"x":[0.833],"y":[0.833]},"o":{"x":[0.167],"y":[0.167]},"t":104,"s":[-29.437]},{"t":116,"s":[-64.418]}],"ix":10},"p":{"a":1,"k":[{"i":{"x":0.833,"y":0.833},"o":{"x":0.333,"y":0.333},"t":40,"s":[-89.52,36.581,0],"to":[0,0,0],"ti":[0,0,0]},{"i":{"x":0.833,"y":0.833},"o":{"x":0.167,"y":0.167},"t":66,"s":[-89.52,36.581,0],"to":[0,0,0],"ti":[0,0,0]},{"i":{"x":0.833,"y":0.833},"o":{"x":0.167,"y":0.167},"t":76,"s":[-89.52,36.581,0],"to":[0,0,0],"ti":[0,0,0]},{"i":{"x":0.833,"y":0.833},"o":{"x":0.167,"y":0.167},"t":86,"s":[-89.52,36.581,0],"to":[0,0,0],"ti":[0,0,0]},{"i":{"x":0.833,"y":0.833},"o":{"x":0.167,"y":0.167},"t":92,"s":[-89.52,36.581,0],"to":[0,0,0],"ti":[0,0,0]},{"i":{"x":0.833,"y":0.833},"o":{"x":0.167,"y":0.167},"t":98,"s":[-89.52,36.581,0],"to":[0,0,0],"ti":[0,0,0]},{"i":{"x":0.833,"y":0.833},"o":{"x":0.167,"y":0.167},"t":104,"s":[-89.52,36.581,0],"to":[0,0,0],"ti":[0,0,0]},{"t":116,"s":[-89.52,36.581,0]}],"ix":2,"l":2},"a":{"a":0,"k":[104.41,38.831,0],"ix":1,"l":2},"s":{"a":0,"k":[100,100,100],"ix":6,"l":2}},"ao":0,"shapes":[{"ty":"gr","it":[{"ind":0,"ty":"sh","ix":1,"ks":{"a":1,"k":[{"i":{"x":0.833,"y":0.833},"o":{"x":0.333,"y":0},"t":22,"s":[{"i":[[0,0],[0,0],[2.24,-13.12],[-1.76,-12.56],[-1.12,-33.52],[-16.56,9.36],[-4.32,32],[0.88,15.04],[0.56,4],[-6,6.64],[0,0]],"o":[[0,0],[0,0],[-2.24,13.12],[1.76,12.56],[1.2,33.52],[10.8,-6.16],[2.96,-22.16],[-0.88,-14.96],[-0.56,-4],[6.08,-6.641],[0,0]],"v":[[37.76,-202.04],[16.56,-170.6],[-67.16,-110.2],[-19.92,31.8],[-24.64,106.84],[-9.44,182.68],[11.68,83.24],[17.52,16.12],[-13.48,-92.601],[46.08,-108.92],[66.4,-138.52]],"c":false}]},{"i":{"x":0.667,"y":1},"o":{"x":0.167,"y":0.167},"t":32,"s":[{"i":[[0,0],[0,0],[2.24,-13.12],[-1.76,-12.56],[-1.12,-33.52],[-16.56,9.36],[-4.32,32],[0.88,15.04],[0.56,4],[-6,6.64],[0,0]],"o":[[0,0],[0,0],[-2.24,13.12],[1.76,12.56],[1.2,33.52],[10.8,-6.16],[2.96,-22.16],[-0.88,-14.96],[-0.56,-4],[6.08,-6.641],[0,0]],"v":[[37.76,-202.04],[16.56,-170.6],[-15.587,-39.795],[30.653,92.205],[25.933,167.245],[41.133,243.085],[62.253,143.645],[68.093,76.525],[38.093,-22.196],[62.82,-103.942],[66.4,-138.52]],"c":false}]},{"i":{"x":0.667,"y":1},"o":{"x":0.333,"y":0},"t":40,"s":[{"i":[[0,0],[0,0],[2.24,-13.12],[-1.76,-12.56],[-1.12,-33.52],[-16.56,9.36],[-4.32,32],[0.88,15.04],[0.56,4],[-6,6.64],[0,0]],"o":[[0,0],[0,0],[-2.24,13.12],[1.76,12.56],[1.2,33.52],[10.8,-6.16],[2.96,-22.16],[-0.88,-14.96],[-0.56,-4],[6.08,-6.641],[0,0]],"v":[[37.76,-202.04],[16.56,-170.6],[-67.16,-110.2],[-19.92,31.8],[-24.64,106.84],[-9.44,182.68],[11.68,83.24],[17.52,16.12],[-13.48,-92.601],[46.08,-108.92],[66.4,-138.52]],"c":false}]},{"i":{"x":0.833,"y":0.833},"o":{"x":0.333,"y":0},"t":46,"s":[{"i":[[0,0],[0,0],[2.24,-13.12],[-1.76,-12.56],[-1.12,-33.52],[-16.56,9.36],[-4.32,32],[0.88,15.04],[0.56,4],[-6,6.64],[0,0]],"o":[[0,0],[0,0],[-2.24,13.12],[1.76,12.56],[1.2,33.52],[10.8,-6.16],[2.96,-22.16],[-0.88,-14.96],[-0.56,-4],[6.08,-6.641],[0,0]],"v":[[37.76,-202.04],[16.56,-170.6],[-64.16,-90.2],[-17.92,41.8],[-22.64,116.84],[-7.44,192.68],[13.68,93.24],[19.52,26.12],[-10.48,-72.601],[46.08,-108.92],[66.4,-138.52]],"c":false}]},{"i":{"x":0.833,"y":0.833},"o":{"x":0.167,"y":0.167},"t":66,"s":[{"i":[[0,0],[0,0],[2.24,-13.12],[-1.76,-12.56],[-1.12,-33.52],[-16.56,9.36],[-4.32,32],[0.88,15.04],[0.56,4],[-6,6.64],[0,0]],"o":[[0,0],[0,0],[-2.24,13.12],[1.76,12.56],[1.2,33.52],[10.8,-6.16],[2.96,-22.16],[-0.88,-14.96],[-0.56,-4],[6.08,-6.641],[0,0]],"v":[[37.76,-202.04],[16.56,-170.6],[-64.16,-90.2],[-17.92,41.8],[-22.64,116.84],[-7.44,192.68],[13.68,93.24],[19.52,26.12],[-10.48,-72.601],[46.08,-108.92],[66.4,-138.52]],"c":false}]},{"i":{"x":0.833,"y":0.833},"o":{"x":0.167,"y":0.167},"t":76,"s":[{"i":[[0,0],[0,0],[2.24,-13.12],[-1.76,-12.56],[-1.12,-33.52],[-16.56,9.36],[-4.32,32],[0.88,15.04],[0.56,4],[-7.2,3.12],[0,0]],"o":[[0,0],[0,0],[-2.24,13.12],[1.76,12.56],[1.2,33.52],[10.8,-6.16],[2.96,-22.16],[-0.88,-14.96],[-0.56,-4],[7.2,-3.12],[0,0]],"v":[[37.76,-202.04],[16.56,-170.6],[-84.16,-110.2],[-37.42,22.8],[-42.14,97.84],[-26.94,173.68],[-5.82,74.24],[0.02,7.12],[-30.48,-92.601],[37.08,-123.92],[66.4,-138.52]],"c":false}]},{"i":{"x":0.833,"y":0.833},"o":{"x":0.167,"y":0.167},"t":86,"s":[{"i":[[0,0],[0,0],[2.24,-13.12],[4.377,-11.903],[14.835,-30.079],[-19.017,0.435],[-18.913,26.172],[-6.319,13.676],[0.56,4],[-5.95,5.116],[0,0]],"o":[[0,0],[0,0],[-2.24,13.12],[-4.377,11.903],[-14.764,30.117],[12.429,-0.333],[13.07,-18.139],[6.286,-13.604],[-0.56,-4],[7.7,-6.62],[0,0]],"v":[[37.76,-202.04],[16.56,-170.6],[-63.344,-76.332],[-82.594,46.582],[-122.175,110.508],[-144.573,184.543],[-79.016,106.847],[-42.186,50.431],[-9.664,-58.733],[42.08,-105.92],[66.4,-138.52]],"c":false}]},{"i":{"x":0.833,"y":0.833},"o":{"x":0.167,"y":0.167},"t":92,"s":[{"i":[[0,0],[0,0],[15.984,-20.27],[2.398,-12.454],[9.784,-32.08],[-18.698,3.499],[-14.399,28.902],[-4.028,14.517],[0.56,4],[-7.2,3.12],[0,0]],"o":[[0,0],[0,0],[-8.241,10.451],[-2.398,12.454],[-9.709,32.106],[12.212,-2.335],[9.97,-20.011],[4.007,-14.44],[-0.56,-4],[7.2,-3.12],[0,0]],"v":[[37.76,-202.04],[16.56,-170.6],[-108.938,-170.847],[-68.296,-36.741],[-97.038,32.736],[-107.19,109.416],[-55.036,22.155],[-27.796,-39.466],[-54.049,-123.007],[37.08,-123.92],[66.4,-138.52]],"c":false}]},{"i":{"x":0.833,"y":0.833},"o":{"x":0.167,"y":0.167},"t":98,"s":[{"i":[[0,0],[0,0],[5.196,-12.254],[4.377,-11.903],[14.835,-30.08],[-19.017,0.435],[-18.913,26.172],[-6.319,13.676],[-0.375,4.022],[-5.95,5.116],[0,0]],"o":[[0,0],[0,0],[-5.196,12.254],[-4.377,11.903],[-14.764,30.117],[12.429,-0.333],[13.069,-18.139],[6.286,-13.604],[0.375,-4.022],[7.7,-6.62],[0,0]],"v":[[37.76,-202.04],[16.56,-170.6],[-68.255,-116.745],[-48.912,23.899],[-88.493,87.825],[-110.891,161.859],[-45.334,84.163],[-8.504,27.748],[-20.059,-87.277],[42.08,-105.92],[66.4,-138.52]],"c":false}]},{"i":{"x":0.833,"y":0.833},"o":{"x":0.167,"y":0.167},"t":104,"s":[{"i":[[0,0],[0,0],[7.508,-14.774],[-1.76,-12.56],[-1.12,-33.52],[-16.56,9.36],[-4.32,32],[0.88,15.04],[0.56,4],[-7.2,3.12],[0,0]],"o":[[0,0],[0,0],[-10.036,19.748],[1.76,12.56],[1.2,33.52],[10.8,-6.16],[2.96,-22.16],[-0.88,-14.96],[-0.56,-4],[7.2,-3.12],[0,0]],"v":[[37.76,-202.04],[17.962,-188.573],[-79.289,-206.115],[-35.839,-60.185],[-40.559,14.855],[-25.359,90.695],[-4.239,-8.745],[1.601,-75.865],[-22.527,-147.437],[38.482,-141.893],[66.4,-138.52]],"c":false}]},{"t":116,"s":[{"i":[[0,0],[0,0],[2.24,-13.12],[4.377,-11.903],[14.835,-30.079],[-19.017,0.435],[-18.913,26.172],[-6.319,13.676],[0.56,4],[-5.95,5.116],[0,0]],"o":[[0,0],[0,0],[-2.24,13.12],[-4.377,11.903],[-14.764,30.117],[12.429,-0.333],[13.07,-18.139],[6.286,-13.604],[-0.56,-4],[7.7,-6.62],[0,0]],"v":[[37.76,-202.04],[16.56,-170.6],[-56.618,-55.457],[-92.96,69.419],[-132.542,133.346],[-154.94,207.38],[-89.383,129.684],[-52.552,73.268],[-2.938,-37.858],[42.08,-105.92],[66.4,-138.52]],"c":false}]}],"ix":2},"nm":"Path 1","mn":"ADBE Vector Shape - Group","hd":false},{"ty":"gf","o":{"a":0,"k":100,"ix":10},"r":1,"bm":0,"g":{"p":3,"k":{"a":0,"k":[0,0.318,0.212,0.176,0.499,0.412,0.257,0.206,0.998,0.506,0.302,0.235],"ix":9}},"s":{"a":0,"k":[99,-140],"ix":5},"e":{"a":0,"k":[50,-74],"ix":6},"t":1,"nm":"Gradient Fill 1","mn":"ADBE Vector Graphic - G-Fill","hd":false},{"ty":"tr","p":{"a":0,"k":[66.65,202.29],"ix":2},"a":{"a":0,"k":[0,0],"ix":1},"s":{"a":0,"k":[100,100],"ix":3},"r":{"a":0,"k":0,"ix":6},"o":{"a":0,"k":100,"ix":7},"sk":{"a":0,"k":0,"ix":4},"sa":{"a":0,"k":0,"ix":5},"nm":"Transform"}],"nm":"Group 1","np":2,"cix":2,"bm":0,"ix":1,"mn":"ADBE Vector Group","hd":false}],"ip":0,"op":132,"st":0,"bm":0},{"ddd":0,"ind":10,"ty":4,"nm":"leg L3 ","parent":4,"sr":1,"ks":{"o":{"a":0,"k":100,"ix":11},"r":{"a":1,"k":[{"i":{"x":[0.833],"y":[1]},"o":{"x":[0.333],"y":[0]},"t":40,"s":[0]},{"i":{"x":[0.833],"y":[0.833]},"o":{"x":[0.167],"y":[0.167]},"t":66,"s":[0]},{"i":{"x":[0.833],"y":[0.833]},"o":{"x":[0.167],"y":[0.167]},"t":76,"s":[0]},{"i":{"x":[0.833],"y":[0.833]},"o":{"x":[0.167],"y":[0.167]},"t":86,"s":[25.146]},{"i":{"x":[0.833],"y":[0.833]},"o":{"x":[0.167],"y":[0.167]},"t":92,"s":[12.573]},{"i":{"x":[0.833],"y":[0.833]},"o":{"x":[0.167],"y":[0.167]},"t":98,"s":[21.394]},{"i":{"x":[0.833],"y":[0.833]},"o":{"x":[0.167],"y":[0.167]},"t":102,"s":[-8.595]},{"i":{"x":[0.833],"y":[0.833]},"o":{"x":[0.167],"y":[0.167]},"t":110,"s":[13.289]},{"i":{"x":[0.833],"y":[0.833]},"o":{"x":[0.167],"y":[0.167]},"t":116,"s":[0]},{"t":124,"s":[0]}],"ix":10},"p":{"a":1,"k":[{"i":{"x":0.833,"y":0.833},"o":{"x":0.333,"y":0.333},"t":40,"s":[0,100,0],"to":[0,0,0],"ti":[0,0,0]},{"i":{"x":0.833,"y":0.833},"o":{"x":0.167,"y":0.167},"t":66,"s":[0,100,0],"to":[0,0,0],"ti":[0,0,0]},{"i":{"x":0.833,"y":0.833},"o":{"x":0.167,"y":0.167},"t":76,"s":[0,100,0],"to":[0,0,0],"ti":[0,0,0]},{"i":{"x":0.833,"y":0.833},"o":{"x":0.167,"y":0.167},"t":86,"s":[0,100,0],"to":[0,0,0],"ti":[0,0,0]},{"i":{"x":0.833,"y":0.833},"o":{"x":0.167,"y":0.167},"t":92,"s":[0,100,0],"to":[0,0,0],"ti":[0,0,0]},{"i":{"x":0.833,"y":0.833},"o":{"x":0.167,"y":0.167},"t":98,"s":[0,100,0],"to":[0,0,0],"ti":[0,0,0]},{"i":{"x":0.833,"y":0.833},"o":{"x":0.167,"y":0.167},"t":110,"s":[0,100,0],"to":[0,0,0],"ti":[0,0,0]},{"i":{"x":0.833,"y":0.833},"o":{"x":0.167,"y":0.167},"t":116,"s":[0,100,0],"to":[0,0,0],"ti":[0,0,0]},{"t":124,"s":[0,100,0]}],"ix":2,"l":2},"a":{"a":0,"k":[76.09,2.65,0],"ix":1,"l":2},"s":{"a":0,"k":[100,100,100],"ix":6,"l":2}},"ao":0,"shapes":[{"ty":"gr","it":[{"ind":0,"ty":"sh","ix":1,"ks":{"a":1,"k":[{"i":{"x":0.667,"y":1},"o":{"x":0.333,"y":0},"t":12,"s":[{"i":[[0,0],[-2.24,-15.921],[-19.116,-11.143],[-11.931,-16.509],[-14.616,-12.276],[-10.632,-0.136],[33.689,42.571],[8.661,9.644],[0.96,6.88],[0,0]],"o":[[0,0],[2.24,16],[19.116,11.143],[17.118,23.687],[13.408,11.325],[21.672,0.278],[-33.69,-42.572],[-8.66,-9.643],[-0.96,-6.88],[0,0]],"v":[[-97.974,-218.636],[-158.149,-135.425],[-54.208,-79.525],[-12.651,-38.791],[47.763,29.906],[107.801,57.612],[47.601,-29.864],[-8.511,-108.276],[-65.878,-140.604],[-17,-142.561]],"c":false}]},{"i":{"x":0.833,"y":0.833},"o":{"x":0.333,"y":0},"t":22,"s":[{"i":[[0,0],[-2.24,-15.921],[-16.08,-15.2],[-7.84,-18.8],[-11.44,-15.28],[-10.32,-2.56],[23.119,49.12],[6.24,11.361],[0.96,6.88],[0,0]],"o":[[0,0],[2.24,16],[16.08,15.2],[11.28,26.96],[10.48,14.079],[21.04,5.201],[-23.121,-49.121],[-6.239,-11.36],[-0.96,-6.88],[0,0]],"v":[[-78.28,-189.84],[-115.8,-62.079],[-29.56,14.24],[1.64,63.359],[44.84,144.001],[97,184.64],[58.281,85.761],[21.48,-3.361],[-54.04,-69.52],[-17,-142.561]],"c":false}]},{"i":{"x":0.667,"y":1},"o":{"x":0.167,"y":0.167},"t":32,"s":[{"i":[[0,0],[-2.24,-15.921],[-19.116,-11.143],[-11.931,-16.509],[-14.616,-12.276],[-10.632,-0.136],[33.689,42.571],[8.661,9.644],[0.96,6.88],[0,0]],"o":[[0,0],[2.24,16],[19.116,11.143],[17.118,23.687],[13.408,11.325],[21.672,0.278],[-33.69,-42.572],[-8.66,-9.643],[-0.96,-6.88],[0,0]],"v":[[-97.974,-218.636],[-158.149,-135.425],[-54.208,-79.525],[-12.651,-38.791],[47.763,29.906],[107.801,57.612],[47.601,-29.864],[-8.511,-108.276],[-65.878,-140.604],[-17,-142.561]],"c":false}]},{"i":{"x":0.833,"y":0.833},"o":{"x":0.333,"y":0},"t":40,"s":[{"i":[[0,0],[-2.24,-15.921],[-16.08,-15.2],[-7.84,-18.8],[-11.44,-15.28],[-10.32,-2.56],[23.119,49.12],[6.24,11.361],[0.96,6.88],[0,0]],"o":[[0,0],[2.24,16],[16.08,15.2],[11.28,26.96],[10.48,14.079],[21.04,5.201],[-23.121,-49.121],[-6.239,-11.36],[-0.96,-6.88],[0,0]],"v":[[-78.28,-189.84],[-115.8,-62.079],[-29.56,14.24],[1.64,63.359],[44.84,144.001],[97,184.64],[58.281,85.761],[21.48,-3.361],[-54.04,-69.52],[-17,-142.561]],"c":false}]},{"i":{"x":0.833,"y":0.833},"o":{"x":0.167,"y":0.167},"t":66,"s":[{"i":[[0,0],[-2.24,-15.921],[-16.08,-15.2],[-7.84,-18.8],[-11.44,-15.28],[-10.32,-2.56],[23.119,49.12],[6.24,11.361],[0.96,6.88],[0,0]],"o":[[0,0],[2.24,16],[16.08,15.2],[11.28,26.96],[10.48,14.079],[21.04,5.201],[-23.121,-49.121],[-6.239,-11.36],[-0.96,-6.88],[0,0]],"v":[[-78.28,-189.84],[-115.8,-62.079],[-29.56,14.24],[1.64,63.359],[44.84,144.001],[97,184.64],[58.281,85.761],[21.48,-3.361],[-54.04,-69.52],[-17,-142.561]],"c":false}]},{"i":{"x":0.833,"y":0.833},"o":{"x":0.167,"y":0.167},"t":76,"s":[{"i":[[0,0],[-2.24,-15.921],[-16.08,-15.2],[-7.84,-18.8],[-11.44,-15.28],[-10.32,-2.56],[18.019,45.299],[6.24,11.361],[0.96,6.88],[0,0]],"o":[[0,0],[2.24,16],[16.08,15.2],[11.28,26.96],[10.48,14.079],[21.04,5.201],[-16.917,-42.53],[-6.239,-11.36],[-0.96,-6.88],[0,0]],"v":[[-78.28,-189.84],[-135.8,-82.079],[-49.56,-5.76],[-18.36,43.36],[24.84,124.001],[77,164.64],[39.781,67.261],[1.48,-23.361],[-74.04,-89.52],[-17,-142.561]],"c":false}]},{"i":{"x":0.833,"y":0.833},"o":{"x":0.167,"y":0.167},"t":86,"s":[{"i":[[0,0],[-2.24,-15.921],[-8.85,-20.28],[0.118,-20.369],[-4.549,-18.538],[-8.501,-6.387],[-1.143,48.738],[1.296,12.897],[0.96,6.88],[0,0]],"o":[[0,0],[2.24,16],[8.85,20.28],[-0.169,29.224],[4.135,17.057],[17.327,13.019],[1.074,-45.758],[-1.296,-12.896],[-0.96,-6.88],[0,0]],"v":[[-50.273,-173.713],[-101.614,-98.679],[-29.49,-13.436],[-24.045,44.771],[-15.845,135.886],[16.254,193.695],[20.108,89.517],[26.879,-20.782],[-36.935,-97.548],[5.557,-132.16]],"c":false}]},{"i":{"x":0.833,"y":0.833},"o":{"x":0.167,"y":0.167},"t":92,"s":[{"i":[[0,0],[-2.24,-15.921],[-10.077,-22.988],[-1.631,-20.228],[-6.106,-18.01],[-8.986,-5.61],[5.097,50.915],[1.72,12.84],[0.96,6.88],[0,0]],"o":[[0,0],[2.24,16],[8.88,20.267],[2.341,29.022],[5.569,16.576],[18.316,11.436],[-5.132,-49.426],[-2.176,-15.561],[-0.96,-6.88],[0,0]],"v":[[-64.276,-181.777],[-79.984,-63.91],[-29.889,34.033],[-17.105,97.104],[-1.146,186.84],[35.676,241.464],[30,136.828],[23.665,27.817],[-16.764,-67.065],[-5.721,-137.36]],"c":false}]},{"i":{"x":0.833,"y":0.833},"o":{"x":0.167,"y":0.167},"t":98,"s":[{"i":[[0,0],[-2.24,-15.921],[-16.08,-15.2],[-7.84,-18.8],[-11.44,-15.28],[-10.32,-2.56],[18.019,45.299],[6.24,11.361],[0.96,6.88],[0,0]],"o":[[0,0],[2.24,16],[16.08,15.2],[11.28,26.96],[10.48,14.079],[21.04,5.201],[-16.917,-42.53],[-6.239,-11.36],[-0.96,-6.88],[0,0]],"v":[[-78.28,-189.84],[-135.8,-82.079],[-54.554,-30.561],[-20.137,12.105],[13.371,79.859],[65.531,120.498],[28.312,23.119],[-3.514,-48.161],[-74.04,-89.52],[-17,-142.561]],"c":false}]},{"i":{"x":0.833,"y":0.833},"o":{"x":0.167,"y":0.167},"t":102,"s":[{"i":[[0,0],[-2.24,-15.921],[-10.077,-22.988],[-1.631,-20.228],[-6.106,-18.01],[-8.986,-5.61],[5.097,50.915],[1.72,12.84],[0.96,6.88],[0,0]],"o":[[0,0],[2.24,16],[8.88,20.267],[2.341,29.022],[5.569,16.576],[18.316,11.436],[-5.132,-49.426],[-2.177,-15.561],[-0.96,-6.88],[0,0]],"v":[[-64.276,-181.777],[-79.984,-63.91],[-16.018,46.823],[-3.234,109.895],[12.725,199.63],[49.547,254.255],[43.871,149.618],[37.536,40.607],[-16.764,-67.065],[-5.721,-137.36]],"c":false}]},{"i":{"x":0.833,"y":0.833},"o":{"x":0.167,"y":0.167},"t":110,"s":[{"i":[[0,0],[-2.24,-15.921],[-16.105,-15.173],[-7.893,-18.778],[-11.465,-15.261],[-10.326,-2.535],[18.094,45.27],[6.258,11.351],[0.96,6.88],[0,0]],"o":[[0,0],[2.24,16],[16.105,15.173],[11.324,26.941],[10.503,14.062],[21.049,5.166],[-16.987,-42.502],[-6.258,-11.35],[-0.96,-6.88],[0,0]],"v":[[-113.854,-224.245],[-222.32,-165.358],[-151.295,-103.181],[-123.422,-51.793],[-80.09,28.777],[-27.863,69.33],[-65.242,-27.988],[-102.342,-132.08],[-120.315,-161.557],[-58.024,-182.692]],"c":false}]},{"i":{"x":0.833,"y":0.833},"o":{"x":0.167,"y":0.167},"t":116,"s":[{"i":[[0,0],[-2.24,-15.921],[-16.08,-15.2],[-7.84,-18.8],[-11.44,-15.28],[-10.32,-2.56],[23.119,49.12],[6.24,11.361],[0.96,6.88],[0,0]],"o":[[0,0],[2.24,16],[16.08,15.2],[11.28,26.96],[10.48,14.079],[21.04,5.201],[-23.121,-49.121],[-6.239,-11.36],[-0.96,-6.88],[0,0]],"v":[[-78.28,-189.84],[-115.8,-62.079],[-29.56,14.24],[1.64,63.359],[44.84,144.001],[97,184.64],[58.281,85.761],[21.48,-3.361],[-54.04,-69.52],[-17,-142.561]],"c":false}]},{"t":124,"s":[{"i":[[0,0],[-2.24,-15.921],[-16.08,-15.2],[-7.84,-18.8],[-11.44,-15.28],[-10.32,-2.56],[23.119,49.12],[6.24,11.361],[0.96,6.88],[0,0]],"o":[[0,0],[2.24,16],[16.08,15.2],[11.28,26.96],[10.48,14.079],[21.04,5.201],[-23.121,-49.121],[-6.239,-11.36],[-0.96,-6.88],[0,0]],"v":[[-78.28,-189.84],[-115.8,-62.079],[-29.56,14.24],[1.64,63.359],[44.84,144.001],[97,184.64],[58.281,85.761],[21.48,-3.361],[-54.04,-69.52],[-17,-142.561]],"c":false}]}],"ix":2},"nm":"Path 1","mn":"ADBE Vector Shape - Group","hd":false},{"ty":"gf","o":{"a":0,"k":100,"ix":10},"r":1,"bm":0,"g":{"p":3,"k":{"a":0,"k":[0,0.318,0.212,0.176,0.499,0.412,0.257,0.206,0.998,0.506,0.302,0.235],"ix":9}},"s":{"a":0,"k":[-76,-227],"ix":5},"e":{"a":0,"k":[-125,-151],"ix":6},"t":1,"nm":"Gradient Fill 1","mn":"ADBE Vector Graphic - G-Fill","hd":false},{"ty":"tr","p":{"a":0,"k":[118.29,190.091],"ix":2},"a":{"a":0,"k":[0,0],"ix":1},"s":{"a":0,"k":[100,100],"ix":3},"r":{"a":0,"k":0,"ix":6},"o":{"a":0,"k":100,"ix":7},"sk":{"a":0,"k":0,"ix":4},"sa":{"a":0,"k":0,"ix":5},"nm":"Transform"}],"nm":"Group 1","np":2,"cix":2,"bm":0,"ix":1,"mn":"ADBE Vector Group","hd":false}],"ip":0,"op":132,"st":0,"bm":0},{"ddd":0,"ind":11,"ty":4,"nm":"leg R1 ","parent":4,"sr":1,"ks":{"o":{"a":0,"k":100,"ix":11},"r":{"a":1,"k":[{"i":{"x":[0.667],"y":[1]},"o":{"x":[0.167],"y":[0]},"t":18,"s":[-13.785]},{"i":{"x":[0.833],"y":[0.833]},"o":{"x":[0.333],"y":[0]},"t":22,"s":[0]},{"i":{"x":[0.667],"y":[1]},"o":{"x":[0.167],"y":[0.167]},"t":26,"s":[16.144]},{"i":{"x":[0.833],"y":[1]},"o":{"x":[0.333],"y":[0]},"t":40,"s":[0]},{"i":{"x":[0.833],"y":[0.833]},"o":{"x":[0.167],"y":[0.167]},"t":66,"s":[0]},{"i":{"x":[0.833],"y":[0.833]},"o":{"x":[0.167],"y":[0.167]},"t":76,"s":[0]},{"i":{"x":[0.833],"y":[0.833]},"o":{"x":[0.167],"y":[0.167]},"t":86,"s":[0]},{"i":{"x":[0.833],"y":[0.833]},"o":{"x":[0.167],"y":[0.167]},"t":92,"s":[-1.708]},{"i":{"x":[0.833],"y":[0.833]},"o":{"x":[0.167],"y":[0.167]},"t":98,"s":[-1.708]},{"t":104,"s":[-1.708]}],"ix":10},"p":{"a":1,"k":[{"i":{"x":0.667,"y":0.667},"o":{"x":0.333,"y":0.333},"t":22,"s":[-38.83,-124.072,0],"to":[0,0,0],"ti":[0,0,0]},{"i":{"x":0.833,"y":0.833},"o":{"x":0.333,"y":0.333},"t":40,"s":[-38.83,-124.072,0],"to":[0,0,0],"ti":[0,0,0]},{"i":{"x":0.833,"y":0.833},"o":{"x":0.167,"y":0.167},"t":66,"s":[-38.83,-124.072,0],"to":[0,0,0],"ti":[0,0,0]},{"i":{"x":0.833,"y":0.833},"o":{"x":0.167,"y":0.167},"t":76,"s":[-38.83,-124.072,0],"to":[0,0,0],"ti":[0,0,0]},{"i":{"x":0.833,"y":0.833},"o":{"x":0.167,"y":0.167},"t":86,"s":[-38.83,-124.072,0],"to":[0,0,0],"ti":[0,0,0]},{"i":{"x":0.833,"y":0.833},"o":{"x":0.167,"y":0.167},"t":92,"s":[-38.83,-124.072,0],"to":[0,0,0],"ti":[0,0,0]},{"i":{"x":0.833,"y":0.833},"o":{"x":0.167,"y":0.167},"t":98,"s":[-38.83,-124.072,0],"to":[0,0,0],"ti":[0,0,0]},{"t":104,"s":[-38.83,-124.072,0]}],"ix":2,"l":2},"a":{"a":0,"k":[78.62,295.378,0],"ix":1,"l":2},"s":{"a":0,"k":[100,100,100],"ix":6,"l":2}},"ao":0,"shapes":[{"ty":"gr","it":[{"ind":0,"ty":"sh","ix":1,"ks":{"a":1,"k":[{"i":{"x":0.833,"y":0.833},"o":{"x":0.333,"y":0},"t":12,"s":[{"i":[[0,0],[0,0],[1.52,6.08],[3.28,9.76],[-2.56,14.24],[-14.88,-3.12],[2.8,-20],[0,0],[-3.92,-13.36],[14.574,-9.641],[0,0]],"o":[[0,0],[0,0],[-1.52,-6],[-3.28,-9.76],[2.08,-11.36],[8.48,1.76],[-2.56,18.32],[0,0],[4,13.36],[-14.574,9.641],[0,0]],"v":[[-79.92,135.36],[9.84,79.2],[55.326,48.003],[-24.114,-37.437],[-20.434,-89.277],[1.646,-135.037],[12.286,-98.637],[7.966,-63.197],[100.206,34.483],[74.724,104.07],[38.24,163.36]],"c":false}]},{"i":{"x":0.667,"y":1},"o":{"x":0.167,"y":0.167},"t":18,"s":[{"i":[[0,0],[0,0],[1.52,6.08],[4.636,9.187],[-0.503,14.451],[-15.166,-0.934],[-0.086,-20.183],[0,0],[-3.92,-13.36],[7.323,-19.998],[0,0]],"o":[[0,0],[0,0],[-1.52,-6],[-4.636,-9.187],[0.438,-11.534],[8.639,0.532],[0.079,18.487],[0,0],[4,13.36],[-7.25,19.998],[0,0]],"v":[[-79.92,135.36],[-5.023,75.87],[1.674,12.285],[-63.138,-108.356],[-66.887,-160.16],[-51.568,-208.572],[-35.855,-174.082],[-35.077,-138.41],[46.554,-1.235],[49.535,90.284],[38.24,163.36]],"c":false}]},{"i":{"x":0.833,"y":0.833},"o":{"x":0.333,"y":0},"t":22,"s":[{"i":[[0,0],[0,0],[1.52,6.08],[2.155,10.068],[-4.154,13.859],[-14.441,-4.754],[5.039,-19.556],[0,0],[-3.92,-13.36],[6.481,-21.2],[0,0]],"o":[[0,0],[0,0],[-1.52,-6],[-2.155,-10.068],[3.352,-11.052],[8.226,2.708],[-4.616,17.913],[0,0],[4,13.36],[-6.4,21.2],[0,0]],"v":[[-79.92,135.36],[9.84,79.2],[22.04,16.8],[-61.429,-67.963],[-51.909,-119.054],[-24.794,-162.023],[-18.34,-124.653],[-26.641,-89.929],[66.92,3.28],[63.2,92.4],[38.24,163.36]],"c":false}]},{"i":{"x":0.833,"y":0.833},"o":{"x":0.167,"y":0.167},"t":26,"s":[{"i":[[0,0],[0,0],[1.52,6.08],[2.439,9.99],[-3.752,13.955],[-14.552,-4.341],[4.474,-19.668],[0,0],[-3.92,-13.36],[12.169,-9.442],[0,0]],"o":[[0,0],[0,0],[-1.52,-6],[-2.439,-9.99],[3.031,-11.13],[8.29,2.469],[-4.097,18.016],[0,0],[4,13.36],[-12.169,9.442],[0,0]],"v":[[-79.92,135.36],[-10.955,78.434],[47.34,54.251],[-26.811,-1.476],[-18.766,-52.756],[7.078,-96.429],[14.589,-59.304],[7.293,-24.4],[120.406,51.003],[74.376,100.701],[38.24,163.36]],"c":false}]},{"i":{"x":0.667,"y":1},"o":{"x":0.167,"y":0.167},"t":32,"s":[{"i":[[0,0],[0,0],[1.52,6.08],[3.28,9.76],[-2.56,14.24],[-14.88,-3.12],[2.8,-20],[0,0],[-3.92,-13.36],[14.574,-9.641],[0,0]],"o":[[0,0],[0,0],[-1.52,-6],[-3.28,-9.76],[2.08,-11.36],[8.48,1.76],[-2.56,18.32],[0,0],[4,13.36],[-14.574,9.641],[0,0]],"v":[[-79.92,135.36],[9.84,79.2],[55.326,48.003],[-24.114,-37.437],[-20.434,-89.277],[1.646,-135.037],[12.286,-98.637],[7.966,-63.197],[100.206,34.483],[74.724,104.07],[38.24,163.36]],"c":false}]},{"i":{"x":0.667,"y":1},"o":{"x":0.333,"y":0},"t":40,"s":[{"i":[[0,0],[0,0],[1.52,6.08],[2.155,10.068],[-4.154,13.859],[-14.441,-4.754],[5.039,-19.556],[0,0],[-3.92,-13.36],[6.481,-21.2],[0,0]],"o":[[0,0],[0,0],[-1.52,-6],[-2.155,-10.068],[3.352,-11.052],[8.226,2.708],[-4.616,17.913],[0,0],[4,13.36],[-6.4,21.2],[0,0]],"v":[[-79.92,135.36],[9.84,79.2],[22.04,16.8],[-61.429,-67.963],[-51.909,-119.054],[-24.794,-162.023],[-18.34,-124.653],[-26.641,-89.929],[66.92,3.28],[63.2,92.4],[38.24,163.36]],"c":false}]},{"i":{"x":0.833,"y":0.833},"o":{"x":0.333,"y":0},"t":48,"s":[{"i":[[0,0],[0,0],[1.52,6.08],[3.28,9.76],[-2.56,14.24],[-14.88,-3.12],[2.8,-20],[0,0],[-3.92,-13.36],[6.481,-21.2],[0,0]],"o":[[0,0],[0,0],[-1.52,-6],[-3.28,-9.76],[2.08,-11.36],[8.48,1.76],[-2.56,18.32],[0,0],[4,13.36],[-6.4,21.2],[0,0]],"v":[[-79.92,135.36],[9.84,79.2],[31.04,22.8],[-48.4,-62.64],[-44.72,-114.48],[-22.64,-160.24],[-12,-123.84],[-16.32,-88.4],[75.92,9.28],[63.2,92.4],[38.24,163.36]],"c":false}]},{"i":{"x":0.833,"y":0.833},"o":{"x":0.167,"y":0.167},"t":66,"s":[{"i":[[0,0],[0,0],[1.52,6.08],[3.28,9.76],[-2.56,14.24],[-14.88,-3.12],[2.8,-20],[0,0],[-3.92,-13.36],[6.481,-21.2],[0,0]],"o":[[0,0],[0,0],[-1.52,-6],[-3.28,-9.76],[2.08,-11.36],[8.48,1.76],[-2.56,18.32],[0,0],[4,13.36],[-6.4,21.2],[0,0]],"v":[[-79.92,135.36],[9.84,79.2],[31.04,22.8],[-48.4,-62.64],[-44.72,-114.48],[-22.64,-160.24],[-12,-123.84],[-16.32,-88.4],[75.92,9.28],[63.2,92.4],[38.24,163.36]],"c":false}]},{"i":{"x":0.833,"y":0.833},"o":{"x":0.167,"y":0.167},"t":76,"s":[{"i":[[0,0],[0,0],[1.52,6.08],[3.28,9.76],[-2.56,14.24],[-14.88,-3.12],[2.8,-20],[0,0],[-3.92,-13.36],[3.58,-22.06],[0,0]],"o":[[0,0],[0,0],[-1.52,-6],[-3.28,-9.76],[2.08,-11.36],[8.48,1.76],[-2.56,18.32],[0,0],[4,13.36],[-2.439,15.026],[0,0]],"v":[[-79.92,135.36],[9.84,79.2],[10.54,1.8],[-68.4,-82.64],[-64.72,-134.48],[-42.64,-180.24],[-32,-143.84],[-36.32,-108.4],[55.42,-11.72],[52.2,91.4],[38.24,163.36]],"c":false}]},{"i":{"x":0.833,"y":0.833},"o":{"x":0.167,"y":0.167},"t":86,"s":[{"i":[[0,0],[0,0],[1.52,6.08],[3.28,9.76],[-2.56,14.24],[-14.88,-3.12],[2.8,-20],[0,0],[-3.92,-13.36],[3.58,-22.06],[0,0]],"o":[[0,0],[0,0],[-1.52,-6],[-3.28,-9.76],[2.08,-11.36],[8.48,1.76],[-2.56,18.32],[0,0],[4,13.36],[-2.439,15.026],[0,0]],"v":[[-60.92,175.36],[23.84,121.2],[62.54,33.3],[-8.4,-23.64],[-4.72,-75.48],[17.36,-121.24],[28,-84.84],[23.68,-49.4],[112.42,26.28],[69.7,134.9],[38.24,163.36]],"c":false}]},{"i":{"x":0.833,"y":0.833},"o":{"x":0.167,"y":0.167},"t":92,"s":[{"i":[[0,0],[0,0],[1.52,6.08],[3.28,9.76],[-2.56,14.24],[-14.88,-3.12],[2.8,-20],[0,0],[-3.92,-13.36],[6.481,-21.2],[0,0]],"o":[[0,0],[0,0],[-1.52,-6],[-3.28,-9.76],[2.08,-11.36],[8.48,1.76],[-2.56,18.32],[0,0],[4,13.36],[-6.4,21.2],[0,0]],"v":[[-79.92,135.36],[9.84,79.2],[31.04,22.8],[-48.4,-62.64],[-44.72,-114.48],[-22.64,-160.24],[-12,-123.84],[-16.32,-88.4],[75.92,9.28],[63.2,92.4],[38.24,163.36]],"c":false}]},{"i":{"x":0.833,"y":0.833},"o":{"x":0.167,"y":0.167},"t":98,"s":[{"i":[[0,0],[0,0],[1.52,6.08],[4.515,9.254],[-0.697,14.451],[-15.161,-1.138],[0.184,-20.194],[0,0],[-3.92,-13.36],[3.58,-22.06],[0,0]],"o":[[0,0],[0,0],[-1.52,-6],[-4.515,-9.254],[0.593,-11.534],[8.636,0.648],[-0.169,18.497],[0,0],[4,13.36],[-2.439,15.026],[0,0]],"v":[[-60.92,175.36],[23.84,121.2],[57.541,48.099],[-40.86,3.739],[-43.916,-48.142],[-27.94,-96.373],[-12.682,-61.655],[-9.689,-25.923],[109.952,30.987],[69.7,134.9],[38.24,163.36]],"c":false}]},{"t":104,"s":[{"i":[[0,0],[0,0],[1.52,6.08],[3.28,9.76],[-2.56,14.24],[-14.88,-3.12],[2.8,-20],[0,0],[-3.92,-13.36],[6.481,-21.2],[0,0]],"o":[[0,0],[0,0],[-1.52,-6],[-3.28,-9.76],[2.08,-11.36],[8.48,1.76],[-2.56,18.32],[0,0],[4,13.36],[-6.4,21.2],[0,0]],"v":[[-79.92,135.36],[9.84,79.2],[31.04,22.8],[-48.4,-62.64],[-44.72,-114.48],[-22.64,-160.24],[-12,-123.84],[-16.32,-88.4],[75.92,9.28],[63.2,92.4],[38.24,163.36]],"c":false}]}],"ix":2},"nm":"Path 1","mn":"ADBE Vector Shape - Group","hd":false},{"ty":"gf","o":{"a":0,"k":100,"ix":10},"r":1,"bm":0,"g":{"p":3,"k":{"a":0,"k":[0,0.318,0.212,0.176,0.499,0.412,0.257,0.206,0.998,0.506,0.302,0.235],"ix":9}},"s":{"a":0,"k":[109,229],"ix":5},"e":{"a":0,"k":[175,176],"ix":6},"t":1,"nm":"Gradient Fill 1","mn":"ADBE Vector Graphic - G-Fill","hd":false},{"ty":"tr","p":{"a":0,"k":[80.17,163.61],"ix":2},"a":{"a":0,"k":[0,0],"ix":1},"s":{"a":0,"k":[100,100],"ix":3},"r":{"a":0,"k":0,"ix":6},"o":{"a":0,"k":100,"ix":7},"sk":{"a":0,"k":0,"ix":4},"sa":{"a":0,"k":0,"ix":5},"nm":"Transform"}],"nm":"Group 1","np":2,"cix":2,"bm":0,"ix":1,"mn":"ADBE Vector Group","hd":false}],"ip":0,"op":132,"st":0,"bm":0},{"ddd":0,"ind":12,"ty":4,"nm":"leg R2 ","parent":4,"sr":1,"ks":{"o":{"a":0,"k":100,"ix":11},"r":{"a":1,"k":[{"i":{"x":[0.667],"y":[1]},"o":{"x":[0.333],"y":[0]},"t":12,"s":[-26.779]},{"i":{"x":[0.833],"y":[0.833]},"o":{"x":[0.333],"y":[0]},"t":22,"s":[0]},{"i":{"x":[0.667],"y":[1]},"o":{"x":[0.167],"y":[0.167]},"t":32,"s":[-26.779]},{"i":{"x":[0.833],"y":[1]},"o":{"x":[0.333],"y":[0]},"t":40,"s":[0]},{"i":{"x":[0.833],"y":[0.833]},"o":{"x":[0.167],"y":[0.167]},"t":66,"s":[0]},{"i":{"x":[0.833],"y":[0.833]},"o":{"x":[0.167],"y":[0.167]},"t":76,"s":[0]},{"i":{"x":[0.833],"y":[0.833]},"o":{"x":[0.167],"y":[0.167]},"t":86,"s":[0]},{"t":98,"s":[-3.134]}],"ix":10},"p":{"a":1,"k":[{"i":{"x":0.667,"y":0.667},"o":{"x":0.333,"y":0.333},"t":22,"s":[39.541,-92.48,0],"to":[0,0,0],"ti":[0,0,0]},{"i":{"x":0.833,"y":0.833},"o":{"x":0.333,"y":0.333},"t":40,"s":[39.541,-92.48,0],"to":[0,0,0],"ti":[0,0,0]},{"i":{"x":0.833,"y":0.833},"o":{"x":0.167,"y":0.167},"t":66,"s":[39.541,-92.48,0],"to":[0,0,0],"ti":[0,0,0]},{"i":{"x":0.833,"y":0.833},"o":{"x":0.167,"y":0.167},"t":76,"s":[39.541,-92.48,0],"to":[0,0,0],"ti":[0,0,0]},{"i":{"x":0.833,"y":0.833},"o":{"x":0.167,"y":0.167},"t":86,"s":[39.541,-92.48,0],"to":[0,0,0],"ti":[0,0,0]},{"t":98,"s":[39.541,-92.48,0]}],"ix":2,"l":2},"a":{"a":0,"k":[38.831,104.41,0],"ix":1,"l":2},"s":{"a":0,"k":[100,100,100],"ix":6,"l":2}},"ao":0,"shapes":[{"ty":"gr","it":[{"ind":0,"ty":"sh","ix":1,"ks":{"a":1,"k":[{"i":{"x":0.667,"y":1},"o":{"x":0.333,"y":0},"t":12,"s":[{"i":[[0,0],[0,0],[-13.12,2.24],[-12.56,-1.76],[-33.52,-1.12],[9.36,-16.56],[32,-4.32],[15.04,0.88],[4,0.56],[6.64,-6],[0,0]],"o":[[0,0],[0,0],[13.12,-2.24],[12.56,1.76],[33.52,1.2],[-6.159,10.8],[-22.16,2.96],[-14.96,-0.88],[-4,-0.56],[-6.64,6.08],[0,0]],"v":[[-218.789,37.071],[-187.349,15.871],[-106.949,-64.849],[30.236,-24.187],[105.276,-28.907],[181.116,-13.707],[81.676,7.413],[14.556,13.253],[-89.349,-11.169],[-125.669,45.391],[-155.268,65.711]],"c":false}]},{"i":{"x":0.833,"y":0.833},"o":{"x":0.333,"y":0},"t":22,"s":[{"i":[[0,0],[0,0],[-13.12,2.24],[-12.56,-1.76],[-33.52,-1.12],[9.36,-16.56],[32,-4.32],[15.04,0.88],[4,0.56],[6.64,-6],[0,0]],"o":[[0,0],[0,0],[13.12,-2.24],[12.56,1.76],[33.52,1.2],[-6.159,10.8],[-22.16,2.96],[-14.96,-0.88],[-4,-0.56],[-6.64,6.08],[0,0]],"v":[[-202.04,37.76],[-170.6,16.56],[-90.2,-64.16],[41.8,-17.92],[116.84,-22.64],[192.68,-7.44],[93.24,13.68],[26.12,19.52],[-72.6,-10.48],[-108.92,46.08],[-138.519,66.4]],"c":false}]},{"i":{"x":0.667,"y":1},"o":{"x":0.167,"y":0.167},"t":32,"s":[{"i":[[0,0],[0,0],[-13.12,2.24],[-12.56,-1.76],[-33.52,-1.12],[9.36,-16.56],[32,-4.32],[15.04,0.88],[4,0.56],[6.64,-6],[0,0]],"o":[[0,0],[0,0],[13.12,-2.24],[12.56,1.76],[33.52,1.2],[-6.159,10.8],[-22.16,2.96],[-14.96,-0.88],[-4,-0.56],[-6.64,6.08],[0,0]],"v":[[-218.789,37.071],[-187.349,15.871],[-106.949,-64.849],[30.236,-24.187],[105.276,-28.907],[181.116,-13.707],[81.676,7.413],[14.556,13.253],[-89.349,-11.169],[-125.669,45.391],[-155.268,65.711]],"c":false}]},{"i":{"x":0.833,"y":0.833},"o":{"x":0.333,"y":0},"t":40,"s":[{"i":[[0,0],[0,0],[-13.12,2.24],[-12.56,-1.76],[-33.52,-1.12],[9.36,-16.56],[32,-4.32],[15.04,0.88],[4,0.56],[6.64,-6],[0,0]],"o":[[0,0],[0,0],[13.12,-2.24],[12.56,1.76],[33.52,1.2],[-6.159,10.8],[-22.16,2.96],[-14.96,-0.88],[-4,-0.56],[-6.64,6.08],[0,0]],"v":[[-202.04,37.76],[-170.6,16.56],[-90.2,-64.16],[41.8,-17.92],[116.84,-22.64],[192.68,-7.44],[93.24,13.68],[26.12,19.52],[-72.6,-10.48],[-108.92,46.08],[-138.519,66.4]],"c":false}]},{"i":{"x":0.833,"y":0.833},"o":{"x":0.167,"y":0.167},"t":66,"s":[{"i":[[0,0],[0,0],[-13.12,2.24],[-12.56,-1.76],[-33.52,-1.12],[9.36,-16.56],[32,-4.32],[15.04,0.88],[4,0.56],[6.64,-6],[0,0]],"o":[[0,0],[0,0],[13.12,-2.24],[12.56,1.76],[33.52,1.2],[-6.159,10.8],[-22.16,2.96],[-14.96,-0.88],[-4,-0.56],[-6.64,6.08],[0,0]],"v":[[-202.04,37.76],[-170.6,16.56],[-90.2,-64.16],[41.8,-17.92],[116.84,-22.64],[192.68,-7.44],[93.24,13.68],[26.12,19.52],[-72.6,-10.48],[-108.92,46.08],[-138.519,66.4]],"c":false}]},{"i":{"x":0.833,"y":0.833},"o":{"x":0.167,"y":0.167},"t":76,"s":[{"i":[[0,0],[0,0],[-13.12,2.24],[-12.56,-1.76],[-33.52,-1.12],[9.36,-16.56],[32,-4.32],[15.04,0.88],[4,0.56],[4.08,-10.16],[0,0]],"o":[[0,0],[0,0],[13.12,-2.24],[12.56,1.76],[33.52,1.2],[-6.159,10.8],[-22.16,2.96],[-14.96,-0.88],[-4,-0.56],[-4.08,10.16],[0,0]],"v":[[-202.04,37.76],[-170.6,16.56],[-110.2,-84.16],[21.8,-37.92],[96.84,-42.64],[172.68,-27.44],[73.24,-6.32],[6.12,-0.48],[-92.6,-30.48],[-119.92,41.08],[-138.519,66.4]],"c":false}]},{"i":{"x":0.833,"y":0.833},"o":{"x":0.167,"y":0.167},"t":86,"s":[{"i":[[0,0],[0,0],[-13.12,2.24],[-12.658,-0.791],[-23.968,-1.828],[0.756,-19.007],[23.94,-4.113],[14.985,-1.556],[4,0.56],[6.64,-6],[0,0]],"o":[[0,0],[0,0],[13.12,-2.24],[21.07,1.317],[36.632,2.794],[1.417,7.403],[-22.034,3.785],[-14.906,1.548],[-4,-0.56],[-6.64,6.08],[0,0]],"v":[[-202.04,37.76],[-170.6,16.56],[-88.2,-97.16],[-32.07,-27.077],[29.968,-20.932],[88.583,-3.163],[22.06,8.353],[-31.637,14.334],[-79.6,-22.48],[-108.92,46.08],[-138.519,66.4]],"c":false}]},{"i":{"x":0.833,"y":0.833},"o":{"x":0.167,"y":0.167},"t":92,"s":[{"i":[[0,0],[0,0],[-13.256,1.196],[-12.469,-2.268],[-28.538,-3.741],[6.447,-17.328],[28.216,-1.993],[14.992,0.852],[3.943,0.874],[6.64,-6],[0,0]],"o":[[0,0],[0,0],[13.256,-1.196],[16.641,2.862],[34.809,4.762],[-3.083,8.886],[-22.294,1.616],[-14.913,-0.847],[-3.943,-0.874],[-6.64,6.08],[0,0]],"v":[[-202.04,37.76],[-170.6,16.56],[-85.317,-77.109],[3.859,-11.696],[72.127,-5.571],[137.842,16.174],[53.831,25.884],[-6.856,27.003],[-77.328,-12.094],[-108.92,46.08],[-138.519,66.4]],"c":false}]},{"t":98,"s":[{"i":[[0,0],[0,0],[-13.12,2.24],[-12.56,-1.76],[-33.52,-1.12],[9.36,-16.56],[32,-4.32],[15.04,0.88],[4,0.56],[6.64,-6],[0,0]],"o":[[0,0],[0,0],[13.12,-2.24],[12.56,1.76],[33.52,1.2],[-6.159,10.8],[-22.16,2.96],[-14.96,-0.88],[-4,-0.56],[-6.64,6.08],[0,0]],"v":[[-202.04,37.76],[-170.6,16.56],[-90.2,-64.16],[41.8,-17.92],[116.84,-22.64],[192.68,-7.44],[93.24,13.68],[26.12,19.52],[-72.6,-10.48],[-108.92,46.08],[-138.519,66.4]],"c":false}]}],"ix":2},"nm":"Path 1","mn":"ADBE Vector Shape - Group","hd":false},{"ty":"gf","o":{"a":0,"k":100,"ix":10},"r":1,"bm":0,"g":{"p":3,"k":{"a":0,"k":[0,0.318,0.212,0.176,0.499,0.412,0.257,0.206,0.998,0.506,0.302,0.235],"ix":9}},"s":{"a":0,"k":[-138,95],"ix":5},"e":{"a":0,"k":[-73,51],"ix":6},"t":1,"nm":"Gradient Fill 1","mn":"ADBE Vector Graphic - G-Fill","hd":false},{"ty":"tr","p":{"a":0,"k":[202.29,66.65],"ix":2},"a":{"a":0,"k":[0,0],"ix":1},"s":{"a":0,"k":[100,100],"ix":3},"r":{"a":0,"k":0,"ix":6},"o":{"a":0,"k":100,"ix":7},"sk":{"a":0,"k":0,"ix":4},"sa":{"a":0,"k":0,"ix":5},"nm":"Transform"}],"nm":"Group 1","np":2,"cix":2,"bm":0,"ix":1,"mn":"ADBE Vector Group","hd":false}],"ip":0,"op":132,"st":0,"bm":0},{"ddd":0,"ind":13,"ty":4,"nm":"leg R3 ","parent":4,"sr":1,"ks":{"o":{"a":0,"k":100,"ix":11},"r":{"a":1,"k":[{"i":{"x":[0.703],"y":[1]},"o":{"x":[0.333],"y":[0]},"t":12,"s":[10.206]},{"i":{"x":[0.833],"y":[0.833]},"o":{"x":[0.333],"y":[0]},"t":22,"s":[0]},{"i":{"x":[0.575],"y":[0.867]},"o":{"x":[0.185],"y":[0.05]},"t":32,"s":[10.206]},{"i":{"x":[0.703],"y":[1]},"o":{"x":[0.341],"y":[-0.231]},"t":36,"s":[-8.745]},{"i":{"x":[0.833],"y":[1]},"o":{"x":[0.333],"y":[0]},"t":40,"s":[0]},{"i":{"x":[0.833],"y":[0.833]},"o":{"x":[0.167],"y":[0.167]},"t":66,"s":[0]},{"i":{"x":[0.833],"y":[0.833]},"o":{"x":[0.167],"y":[0.167]},"t":76,"s":[0]},{"i":{"x":[0.833],"y":[0.833]},"o":{"x":[0.167],"y":[0.167]},"t":86,"s":[0]},{"i":{"x":[0.833],"y":[0.833]},"o":{"x":[0.167],"y":[0.167]},"t":92,"s":[0]},{"i":{"x":[0.833],"y":[0.833]},"o":{"x":[0.167],"y":[0.167]},"t":98,"s":[0]},{"i":{"x":[0.667],"y":[1]},"o":{"x":[0.167],"y":[0.167]},"t":104,"s":[0]},{"i":{"x":[0.833],"y":[0.833]},"o":{"x":[0.333],"y":[0]},"t":112,"s":[6.585]},{"i":{"x":[0.833],"y":[0.833]},"o":{"x":[0.167],"y":[0.167]},"t":120,"s":[0]},{"t":126,"s":[0]}],"ix":10},"p":{"a":1,"k":[{"i":{"x":0.667,"y":0.667},"o":{"x":0.333,"y":0.333},"t":22,"s":[100,0,0],"to":[0,0,0],"ti":[0,0,0]},{"i":{"x":0.833,"y":0.833},"o":{"x":0.333,"y":0.333},"t":40,"s":[100,0,0],"to":[0,0,0],"ti":[0,0,0]},{"i":{"x":0.833,"y":0.833},"o":{"x":0.167,"y":0.167},"t":66,"s":[100,0,0],"to":[0,0,0],"ti":[0,0,0]},{"i":{"x":0.833,"y":0.833},"o":{"x":0.167,"y":0.167},"t":76,"s":[100,0,0],"to":[0,0,0],"ti":[0,0,0]},{"i":{"x":0.833,"y":0.833},"o":{"x":0.167,"y":0.167},"t":86,"s":[100,0,0],"to":[0,0,0],"ti":[0,0,0]},{"i":{"x":0.833,"y":0.833},"o":{"x":0.167,"y":0.167},"t":92,"s":[100,0,0],"to":[0,0,0],"ti":[0,0,0]},{"i":{"x":0.833,"y":0.833},"o":{"x":0.167,"y":0.167},"t":98,"s":[100,0,0],"to":[0,0,0],"ti":[0,0,0]},{"i":{"x":0.833,"y":0.833},"o":{"x":0.167,"y":0.167},"t":104,"s":[100,0,0],"to":[0,0,0],"ti":[0,0,0]},{"i":{"x":0.833,"y":0.833},"o":{"x":0.167,"y":0.167},"t":120,"s":[100,0,0],"to":[0,0,0],"ti":[0,0,0]},{"t":126,"s":[100,0,0]}],"ix":2,"l":2},"a":{"a":0,"k":[-0.311,79.05,0],"ix":1,"l":2},"s":{"a":0,"k":[100,100,100],"ix":6,"l":2}},"ao":0,"shapes":[{"ty":"gr","it":[{"ind":0,"ty":"sh","ix":1,"ks":{"a":1,"k":[{"i":{"x":0.833,"y":0.833},"o":{"x":0.333,"y":0},"t":12,"s":[{"i":[[0,0],[-15.92,-2.24],[-9.564,-19.953],[-15.493,-13.224],[-11.057,-15.559],[0.722,-10.608],[39.715,37.014],[8.913,9.411],[6.88,0.96],[0,0]],"o":[[0,0],[16,2.24],[9.564,19.953],[22.228,18.973],[10.208,14.279],[-1.472,21.623],[-39.716,-37.015],[-8.912,-9.41],[-6.88,-0.96],[0,0]],"v":[[-189.84,-78.28],[-62.08,-115.8],[-5.045,-25.004],[32.202,19.704],[95.801,85.465],[118.573,147.542],[36.239,80.479],[-37.389,18.224],[-77.882,-47.251],[-142.561,-17]],"c":false}]},{"i":{"x":0.833,"y":0.833},"o":{"x":0.167,"y":0.167},"t":22,"s":[{"i":[[0,0],[-16.007,-0.763],[-16.556,-14.572],[-17.984,-5.694],[-14.941,-9.96],[-3.165,-10.012],[50.04,16.531],[11.847,5.156],[6.917,0.324],[0,0]],"o":[[0,0],[16.087,0.762],[16.557,14.573],[25.708,8.162],[13.763,9.116],[6.445,20.41],[-47.637,-15.984],[-11.846,-5.155],[-6.917,-0.324],[0,0]],"v":[[-189.84,-78.28],[-55.196,-92.164],[15.118,1.573],[61.708,24.562],[132.21,56.874],[185.897,94.767],[78.975,76.748],[-8.928,48.362],[-67.273,-29.092],[-142.561,-17]],"c":false}]},{"i":{"x":0.833,"y":0.833},"o":{"x":0.167,"y":0.167},"t":32,"s":[{"i":[[0,0],[-15.92,-2.24],[-9.564,-19.953],[-15.493,-13.224],[-11.057,-15.559],[0.722,-10.608],[39.715,37.014],[8.913,9.411],[6.88,0.96],[0,0]],"o":[[0,0],[16,2.24],[9.564,19.953],[22.228,18.973],[10.208,14.279],[-1.472,21.623],[-39.716,-37.015],[-8.912,-9.41],[-6.88,-0.96],[0,0]],"v":[[-189.84,-78.28],[-62.08,-115.8],[-5.045,-25.004],[32.203,19.704],[95.802,85.465],[118.573,147.542],[36.239,80.479],[-37.389,18.224],[-77.882,-47.251],[-142.561,-17]],"c":false}]},{"i":{"x":0.833,"y":0.833},"o":{"x":0.167,"y":0.167},"t":36,"s":[{"i":[[0,0],[-16.073,0.356],[-17.584,-13.431],[-17.365,-4.069],[-14.684,-8.838],[-3.624,-9.778],[50.737,11.541],[12.216,4.335],[6.945,-0.157],[0,0]],"o":[[0,0],[16.152,-0.358],[17.584,13.431],[24.761,5.801],[13.523,8.083],[7.388,19.932],[-46.513,-10.58],[-12.214,-4.334],[-6.945,0.157],[0,0]],"v":[[-189.84,-78.28],[-49.984,-74.265],[15.784,25.15],[60.457,41.92],[123.282,65.987],[158.733,93.076],[73.837,90.733],[-13.143,68.719],[-65.57,-10.199],[-142.561,-17]],"c":false}]},{"i":{"x":0.667,"y":1},"o":{"x":0.167,"y":0.167},"t":40,"s":[{"i":[[0,0],[-16.007,-0.763],[-16.556,-14.572],[-17.984,-5.694],[-14.941,-9.96],[-3.165,-10.012],[50.04,16.531],[11.847,5.156],[6.917,0.324],[0,0]],"o":[[0,0],[16.087,0.762],[16.557,14.573],[25.708,8.162],[13.763,9.116],[6.445,20.41],[-47.637,-15.984],[-11.846,-5.155],[-6.917,-0.324],[0,0]],"v":[[-189.84,-78.28],[-55.196,-92.164],[15.118,1.573],[61.708,24.562],[132.21,56.874],[185.897,94.767],[78.975,76.748],[-8.928,48.362],[-67.273,-29.092],[-142.561,-17]],"c":false}]},{"i":{"x":0.833,"y":0.833},"o":{"x":0.333,"y":0},"t":48,"s":[{"i":[[0,0],[-15.92,-2.24],[-15.199,-16.08],[-18.8,-7.84],[-15.28,-11.44],[-2.559,-10.32],[49.12,23.12],[11.361,6.24],[6.88,0.96],[0,0]],"o":[[0,0],[16,2.24],[15.2,16.08],[26.96,11.28],[14.08,10.48],[5.201,21.04],[-49.121,-23.12],[-11.36,-6.239],[-6.88,-0.96],[0,0]],"v":[[-189.84,-78.28],[-62.08,-115.8],[14.239,-29.56],[63.359,1.64],[144,44.84],[184.639,97],[85.76,58.28],[-3.361,21.48],[-69.521,-54.04],[-142.561,-17]],"c":false}]},{"i":{"x":0.833,"y":0.833},"o":{"x":0.167,"y":0.167},"t":66,"s":[{"i":[[0,0],[-15.92,-2.24],[-15.199,-16.08],[-18.8,-7.84],[-15.28,-11.44],[-2.559,-10.32],[49.12,23.12],[11.361,6.24],[6.88,0.96],[0,0]],"o":[[0,0],[16,2.24],[15.2,16.08],[26.96,11.28],[14.08,10.48],[5.201,21.04],[-49.121,-23.12],[-11.36,-6.239],[-6.88,-0.96],[0,0]],"v":[[-189.84,-78.28],[-62.08,-115.8],[14.239,-29.56],[63.359,1.64],[144,44.84],[184.639,97],[85.76,58.28],[-3.361,21.48],[-69.521,-54.04],[-142.561,-17]],"c":false}]},{"i":{"x":0.833,"y":0.833},"o":{"x":0.167,"y":0.167},"t":76,"s":[{"i":[[0,0],[-15.92,-2.24],[-15.199,-16.08],[-18.8,-7.84],[-15.28,-11.44],[-2.559,-10.32],[49.12,23.12],[11.361,6.24],[6.88,0.96],[0,0]],"o":[[0,0],[16,2.24],[15.2,16.08],[26.96,11.28],[14.08,10.48],[5.201,21.04],[-49.121,-23.12],[-11.36,-6.239],[-6.88,-0.96],[0,0]],"v":[[-189.84,-78.28],[-81.08,-135.8],[-4.761,-49.56],[44.359,-18.36],[125,24.84],[165.639,77],[66.76,38.28],[-22.361,1.48],[-88.521,-74.04],[-142.561,-17]],"c":false}]},{"i":{"x":0.833,"y":0.833},"o":{"x":0.167,"y":0.167},"t":86,"s":[{"i":[[0,0],[-15.92,-2.24],[-15.199,-16.08],[-18.8,-7.84],[-15.28,-11.44],[-2.559,-10.32],[49.12,23.12],[11.361,6.24],[6.88,0.96],[0,0]],"o":[[0,0],[16,2.24],[15.2,16.08],[26.96,11.28],[14.08,10.48],[5.201,21.04],[-49.121,-23.12],[-11.36,-6.239],[-6.88,-0.96],[0,0]],"v":[[-175.84,-54.78],[-42.08,-73.3],[60.739,6.94],[101.359,40.64],[182,83.84],[222.639,136],[123.76,97.28],[43.139,57.98],[-49.521,-11.54],[-128.561,6.5]],"c":false}]},{"i":{"x":0.833,"y":0.833},"o":{"x":0.167,"y":0.167},"t":92,"s":[{"i":[[0,0],[-15.92,-2.24],[-15.199,-16.08],[-18.8,-7.84],[-15.28,-11.44],[-2.559,-10.32],[49.12,23.12],[11.361,6.24],[6.88,0.96],[0,0]],"o":[[0,0],[16,2.24],[15.2,16.08],[26.96,11.28],[14.08,10.48],[5.201,21.04],[-49.121,-23.12],[-11.36,-6.239],[-6.88,-0.96],[0,0]],"v":[[-182.84,-66.53],[-75.19,-138.421],[14.379,-55.181],[59.249,-22.731],[139.89,20.469],[180.529,72.629],[81.65,33.909],[-3.221,-4.141],[-77.081,-69.902],[-135.561,-5.25]],"c":false}]},{"i":{"x":0.833,"y":0.833},"o":{"x":0.167,"y":0.167},"t":98,"s":[{"i":[[0,0],[-22.873,0.957],[-17.675,-12.609],[-19.584,-4.006],[-16.876,-8.126],[-4.412,-9.455],[51.668,12.974],[12.119,3.86],[19.06,1.706],[0,0]],"o":[[0,0],[31.003,-1.608],[17.676,12.609],[28.092,5.764],[15.539,7.429],[8.986,19.276],[-51.669,-12.974],[-12.118,-3.86],[-13.346,-1.257],[0,0]],"v":[[-158.17,-49.796],[-33.058,-62.924],[67.379,-18.218],[124.845,13.24],[210.66,39.59],[259.652,82.13],[157.123,63.542],[60.082,34.255],[-33.453,-6.554],[-110.891,11.484]],"c":false}]},{"i":{"x":0.667,"y":1},"o":{"x":0.167,"y":0.167},"t":104,"s":[{"i":[[0,0],[-15.92,-2.24],[-15.199,-16.08],[-18.8,-7.84],[-15.28,-11.44],[-2.559,-10.32],[49.12,23.12],[11.361,6.24],[6.88,0.96],[0,0]],"o":[[0,0],[16,2.24],[15.2,16.08],[26.96,11.28],[14.08,10.48],[5.201,21.04],[-49.121,-23.12],[-11.36,-6.239],[-6.88,-0.96],[0,0]],"v":[[-189.84,-78.28],[-109.427,-181.574],[-33.108,-95.334],[16.012,-64.134],[96.653,-20.934],[137.292,31.226],[38.413,-7.494],[-50.708,-44.294],[-116.868,-119.814],[-142.561,-17]],"c":false}]},{"i":{"x":0.833,"y":0.833},"o":{"x":0.333,"y":0},"t":112,"s":[{"i":[[0,0],[-23.098,3.525],[-19.001,-10.509],[-19.914,-1.756],[-17.695,-6.147],[-5.46,-8.892],[52.816,6.99],[12.482,2.451],[19.947,-0.264],[0,0]],"o":[[0,0],[31.651,-5.093],[19.002,10.509],[28.569,2.519],[16.287,5.606],[11.129,18.125],[-52.817,-6.99],[-12.48,-2.451],[-13.836,0.123],[0,0]],"v":[[-122.685,-38.97],[2.95,-45.26],[105.28,-12.709],[167.283,12.288],[255.553,28.668],[309.087,65.338],[205.097,58.579],[104.023,40.258],[9.519,11.278],[-75.406,22.31]],"c":false}]},{"i":{"x":0.833,"y":0.833},"o":{"x":0.167,"y":0.167},"t":120,"s":[{"i":[[0,0],[-15.92,-2.24],[-15.199,-16.08],[-18.8,-7.84],[-15.28,-11.44],[-2.559,-10.32],[49.12,23.12],[11.361,6.24],[6.88,0.96],[0,0]],"o":[[0,0],[16,2.24],[15.2,16.08],[26.96,11.28],[14.08,10.48],[5.201,21.04],[-49.121,-23.12],[-11.36,-6.239],[-6.88,-0.96],[0,0]],"v":[[-189.84,-78.28],[-81.08,-135.8],[-4.761,-49.56],[44.359,-18.36],[125,24.84],[165.639,77],[66.76,38.28],[-22.361,1.48],[-88.521,-74.04],[-142.561,-17]],"c":false}]},{"t":126,"s":[{"i":[[0,0],[-15.92,-2.24],[-15.199,-16.08],[-18.8,-7.84],[-15.28,-11.44],[-2.559,-10.32],[49.12,23.12],[11.361,6.24],[6.88,0.96],[0,0]],"o":[[0,0],[16,2.24],[15.2,16.08],[26.96,11.28],[14.08,10.48],[5.201,21.04],[-49.121,-23.12],[-11.36,-6.239],[-6.88,-0.96],[0,0]],"v":[[-189.84,-78.28],[-62.08,-115.8],[14.239,-29.56],[63.359,1.64],[144,44.84],[184.639,97],[85.76,58.28],[-3.361,21.48],[-69.521,-54.04],[-142.561,-17]],"c":false}]}],"ix":2},"nm":"Path 1","mn":"ADBE Vector Shape - Group","hd":false},{"ty":"gf","o":{"a":0,"k":100,"ix":10},"r":1,"bm":0,"g":{"p":3,"k":{"a":0,"k":[0,0.318,0.212,0.176,0.499,0.412,0.257,0.206,0.998,0.506,0.302,0.235],"ix":9}},"s":{"a":0,"k":[-228,-74],"ix":5},"e":{"a":0,"k":[-158,-124],"ix":6},"t":1,"nm":"Gradient Fill 1","mn":"ADBE Vector Graphic - G-Fill","hd":false},{"ty":"tr","p":{"a":0,"k":[190.09,118.29],"ix":2},"a":{"a":0,"k":[0,0],"ix":1},"s":{"a":0,"k":[100,100],"ix":3},"r":{"a":0,"k":0,"ix":6},"o":{"a":0,"k":100,"ix":7},"sk":{"a":0,"k":0,"ix":4},"sa":{"a":0,"k":0,"ix":5},"nm":"Transform"}],"nm":"Group 1","np":2,"cix":2,"bm":0,"ix":1,"mn":"ADBE Vector Group","hd":false}],"ip":0,"op":132,"st":0,"bm":0}],"markers":[{"tm":66,"cm":"rest","dr":0}]}