{"v":"5.8.1","fr":60,"ip":0,"op":205,"w":1024,"h":1024,"nm":"emoji_halo","ddd":0,"assets":[],"layers":[{"ddd":0,"ind":1,"ty":3,"nm":"Null ALL","sr":1,"ks":{"o":{"a":0,"k":0,"ix":11},"r":{"a":0,"k":0,"ix":10},"p":{"s":true,"x":{"a":0,"k":512,"ix":3},"y":{"a":1,"k":[{"i":{"x":[0.667],"y":[1]},"o":{"x":[0.333],"y":[0]},"t":17.5,"s":[512]},{"i":{"x":[0],"y":[1]},"o":{"x":[0.333],"y":[0]},"t":47.5,"s":[552]},{"i":{"x":[0.667],"y":[1]},"o":{"x":[0.333],"y":[0]},"t":82.5,"s":[504]},{"i":{"x":[0.667],"y":[1]},"o":{"x":[0.167],"y":[0]},"t":117.5,"s":[512]},{"i":{"x":[0.833],"y":[0.833]},"o":{"x":[0.333],"y":[0]},"t":145,"s":[512]},{"i":{"x":[0],"y":[1]},"o":{"x":[0.167],"y":[0.167]},"t":155,"s":[528]},{"i":{"x":[0.667],"y":[1]},"o":{"x":[0.333],"y":[0]},"t":167.5,"s":[500]},{"t":187.5,"s":[512]}],"ix":4}},"a":{"a":0,"k":[0,0,0],"ix":1,"l":2},"s":{"a":0,"k":[100,100,100],"ix":6,"l":2}},"ao":0,"ip":0,"op":205,"st":0,"bm":0},{"ddd":0,"ind":2,"ty":3,"nm":"Null HALO","parent":1,"sr":1,"ks":{"o":{"a":0,"k":0,"ix":11},"r":{"a":0,"k":0,"ix":10},"p":{"a":0,"k":[0,-392,0],"ix":2,"l":2},"a":{"a":0,"k":[0,0,0],"ix":1,"l":2},"s":{"a":0,"k":[100,100,100],"ix":6,"l":2}},"ao":0,"ip":0,"op":205,"st":0,"bm":0},{"ddd":0,"ind":3,"ty":4,"nm":"base normal 4","parent":1,"td":1,"sr":1,"ks":{"o":{"a":1,"k":[{"t":0,"s":[100],"h":1},{"t":22.5,"s":[0],"h":1},{"t":30,"s":[100],"h":1}],"ix":11},"r":{"a":0,"k":0,"ix":10},"p":{"a":0,"k":[0,0,0],"ix":2,"l":2},"a":{"a":0,"k":[0,0,0],"ix":1,"l":2},"s":{"a":0,"k":[800,800,100],"ix":6,"l":2}},"ao":0,"sy":[{"c":{"a":0,"k":[0.921568632126,0.560784339905,0,1],"ix":2},"o":{"a":0,"k":100,"ix":3},"a":{"a":0,"k":-55,"ix":5},"s":{"a":0,"k":0,"ix":8},"d":{"a":0,"k":30,"ix":6},"ch":{"a":0,"k":0,"ix":7},"bm":{"a":0,"k":1,"ix":1},"no":{"a":0,"k":0,"ix":9},"ty":2,"nm":"Inner Shadow"}],"shapes":[{"ty":"gr","it":[{"ind":0,"ty":"sh","ix":1,"ks":{"a":0,"k":{"i":[[15.4,0],[0,38.4],[-27.9,0],[-10.6,-9.3],[0,-16.9],[11.5,-10.2]],"o":[[-27.9,0],[0,-38.4],[15.5,0],[11.5,10.2],[0,16.9],[-10.6,9.3]],"v":[[0,55.9],[-58,0],[0,-55.9],[40.4,-41.5],[58,0],[40.4,41.4]],"c":true},"ix":2},"nm":"Path 1","mn":"ADBE Vector Shape - Group","hd":false},{"ty":"gf","o":{"a":0,"k":100,"ix":10},"r":1,"bm":0,"g":{"p":5,"k":{"a":0,"k":[0.48,0.992,0.878,0.188,0.691,0.98,0.816,0.178,0.902,0.969,0.753,0.169,0.966,0.963,0.694,0.153,1,0.957,0.635,0.137],"ix":9}},"s":{"a":0,"k":[0,0],"ix":5},"e":{"a":0,"k":[56.225,0],"ix":6},"t":2,"h":{"a":0,"k":0,"ix":7},"a":{"a":0,"k":0,"ix":8},"nm":"Gradient Fill 1","mn":"ADBE Vector Graphic - G-Fill","hd":false},{"ty":"tr","p":{"a":0,"k":[0,0],"ix":2},"a":{"a":0,"k":[0,0],"ix":1},"s":{"a":0,"k":[100,100],"ix":3},"r":{"a":0,"k":0,"ix":6},"o":{"a":0,"k":100,"ix":7},"sk":{"a":0,"k":0,"ix":4},"sa":{"a":0,"k":0,"ix":5},"nm":"Transform"}],"nm":"Group 1","np":2,"cix":2,"bm":0,"ix":1,"mn":"ADBE Vector Group","hd":false}],"ip":0,"op":37,"st":0,"bm":0},{"ddd":0,"ind":4,"ty":4,"nm":"Point","parent":2,"tt":2,"sr":1,"ks":{"o":{"a":0,"k":100,"ix":11},"r":{"a":0,"k":0,"ix":10},"p":{"a":1,"k":[{"i":{"x":0.25,"y":1},"o":{"x":0.167,"y":0.167},"t":0,"s":[88,65,0],"to":[188,-5,0],"ti":[0.064,33.021,0]},{"i":{"x":0.827,"y":0.504},"o":{"x":0.576,"y":0},"t":17.5,"s":[424,3,0],"to":[-0.064,-33.021,0],"ti":[231.348,-2.467,0]},{"i":{"x":0.515,"y":1},"o":{"x":0.328,"y":0.504},"t":25.777,"s":[-9.259,-51.829,0],"to":[-231.348,2.467,0],"ti":[-0.894,-19.319,0]},{"i":{"x":0.833,"y":0.833},"o":{"x":0.333,"y":0},"t":30,"s":[-424,-3,0],"to":[1.73,37.391,0],"ti":[-130,-1,0]},{"t":37,"s":[-157,27,0]}],"ix":2,"l":2},"a":{"a":0,"k":[303,-435,0],"ix":1,"l":2},"s":{"a":0,"k":[100,100,100],"ix":6,"l":2}},"ao":0,"shapes":[{"ty":"gr","it":[{"d":1,"ty":"el","s":{"a":0,"k":[104,104],"ix":2},"p":{"a":0,"k":[0,0],"ix":3},"nm":"Ellipse Path 1","mn":"ADBE Vector Shape - Ellipse","hd":false},{"ty":"fl","c":{"a":0,"k":[0.309803921569,0.764705882353,0.96862745098,1],"ix":4},"o":{"a":0,"k":100,"ix":5},"r":1,"bm":0,"nm":"Fill 1","mn":"ADBE Vector Graphic - Fill","hd":false},{"ty":"tr","p":{"a":0,"k":[303,-435],"ix":2},"a":{"a":0,"k":[0,0],"ix":1},"s":{"a":0,"k":[100,100],"ix":3},"r":{"a":0,"k":0,"ix":6},"o":{"a":0,"k":100,"ix":7},"sk":{"a":0,"k":0,"ix":4},"sa":{"a":0,"k":0,"ix":5},"nm":"Transform"}],"nm":"Ellipse 1","np":3,"cix":2,"bm":0,"ix":1,"mn":"ADBE Vector Group","hd":false}],"ip":0,"op":37,"st":0,"bm":0},{"ddd":0,"ind":5,"ty":4,"nm":"halo front","parent":2,"sr":1,"ks":{"o":{"a":0,"k":100,"ix":11},"r":{"a":0,"k":0,"ix":10},"p":{"a":0,"k":[274.5,-410.5,0],"ix":2,"l":2},"a":{"a":0,"k":[274.5,-373.5,0],"ix":1,"l":2},"s":{"a":0,"k":[100,100,100],"ix":6,"l":2}},"ao":0,"hasMask":true,"masksProperties":[{"inv":false,"mode":"a","pt":{"a":1,"k":[{"i":{"x":0.833,"y":0.833},"o":{"x":0.75,"y":0},"t":17.5,"s":[{"i":[[0,0],[0,0],[0,0],[0,0],[0,0]],"o":[[0,0],[0,0],[0,0],[0,0],[0,0]],"v":[[498,-191],[336,217],[539.025,169.397],[710,159],[685.37,-386.614]],"c":true}]},{"i":{"x":0.667,"y":1},"o":{"x":0.167,"y":0.167},"t":28,"s":[{"i":[[0,0],[0,0],[0,0],[0,0],[0,0]],"o":[[0,0],[0,0],[0,0],[0,0],[0,0]],"v":[[-401.008,-57.728],[-268.624,125.448],[678.543,188.172],[693.872,-165.352],[-466.326,-320.767]],"c":true}]},{"i":{"x":0.833,"y":0.833},"o":{"x":0.333,"y":0},"t":30,"s":[{"i":[[0,0],[0,0],[0,0],[0,0],[0,0]],"o":[[0,0],[0,0],[0,0],[0,0],[0,0]],"v":[[-550,3.5],[-283,92.5],[694.737,190.352],[692,-203],[-600.005,-313.124]],"c":true}]},{"t":32.5,"s":[{"i":[[0,0],[0,0],[0,0],[0,0],[0,0]],"o":[[0,0],[0,0],[0,0],[0,0],[0,0]],"v":[[-632,63],[-290,109],[694.737,190.352],[692,-203],[-600.005,-313.124]],"c":true}],"h":1}],"ix":1},"o":{"a":0,"k":100,"ix":3},"x":{"a":0,"k":0,"ix":4},"nm":"Mask 1"}],"shapes":[{"ty":"gr","it":[{"ind":0,"ty":"sh","ix":1,"ks":{"a":1,"k":[{"i":{"x":0.833,"y":0.833},"o":{"x":1,"y":0},"t":0,"s":[{"i":[[0,0],[439.622,0],[0,-36.616],[0,0],[-260.783,0],[0,-21.549]],"o":[[0,-36.572],[-415.385,0],[0,0],[0,-21.593],[261.193,0],[0,0]],"v":[[461.464,36.2],[-3.622,-58.827],[-461.464,36.2],[-378.709,38.608],[-3.622,-11.481],[378.357,38.827]],"c":true}]},{"i":{"x":0.833,"y":0.833},"o":{"x":0.167,"y":0.167},"t":17.5,"s":[{"i":[[0,0],[314.609,0],[0,-36.616],[0,0],[-186.625,0],[0,-21.549]],"o":[[0,-36.572],[-297.264,0],[0,0],[0,-21.593],[186.918,0],[0,0]],"v":[[461.464,36.2],[-0.176,-38.827],[-461.464,36.2],[-378.709,38.608],[-0.176,0.519],[378.357,38.827]],"c":true}]},{"i":{"x":0.833,"y":0.833},"o":{"x":0.167,"y":0.167},"t":25,"s":[{"i":[[-0.61,32.947],[314.609,0],[0,-29.766],[0,0],[-186.625,0],[0,-8.62]],"o":[[0.536,-28.95],[-297.264,0],[0,0],[0,-8.637],[186.918,0],[0,0]],"v":[[460.464,35.7],[-0.176,-38.027],[-461.464,36.2],[-378.709,43.408],[-0.176,6.119],[378.357,43.627]],"c":true}]},{"i":{"x":0.833,"y":0.833},"o":{"x":0.167,"y":0.167},"t":30,"s":[{"i":[[0.964,23.746],[314.609,0],[0,-25.2],[0,0],[-186.625,0],[-23.143,-10.126]],"o":[[-0.964,-23.746],[-297.264,0],[0,0],[0,0],[186.918,0],[23.143,10.126]],"v":[[468.464,35.7],[-0.176,-10.827],[-461.464,36.2],[-378.709,46.608],[-0.176,33.519],[388.357,50.827]],"c":true}]},{"t":37,"s":[{"i":[[-0.464,15.57],[232.824,-0.097],[-1.735,-28.022],[-36.543,-7.484],[-186.626,0],[-53.932,5.111]],"o":[[0.75,-25.158],[-232.824,0.097],[0.964,15.57],[66.709,13.662],[186.918,0],[58.643,-5.557]],"v":[[476.464,45.2],[-0.176,33.173],[-476.464,44.7],[-416.709,74.608],[-0.176,88.519],[378.357,77.827]],"c":true}]}],"ix":2},"nm":"Path 1","mn":"ADBE Vector Shape - Group","hd":false},{"ty":"st","c":{"a":0,"k":[0.309803921569,0.764705882353,0.96862745098,1],"ix":3},"o":{"a":0,"k":100,"ix":4},"w":{"a":0,"k":5,"ix":5},"lc":1,"lj":1,"ml":4,"bm":0,"nm":"Stroke 1","mn":"ADBE Vector Graphic - Stroke","hd":false},{"ty":"fl","c":{"a":0,"k":[0.309803921569,0.764705882353,0.96862745098,1],"ix":4},"o":{"a":0,"k":100,"ix":5},"r":1,"bm":0,"nm":"Fill 1","mn":"ADBE Vector Graphic - Fill","hd":false},{"ty":"tr","p":{"a":0,"k":[0,0],"ix":2},"a":{"a":0,"k":[0,0],"ix":1},"s":{"a":0,"k":[100,100],"ix":3},"r":{"a":0,"k":0,"ix":6},"o":{"a":0,"k":100,"ix":7},"sk":{"a":0,"k":0,"ix":4},"sa":{"a":0,"k":0,"ix":5},"nm":"Transform"}],"nm":"Shape 1","np":3,"cix":2,"bm":0,"ix":1,"mn":"ADBE Vector Group","hd":false}],"ip":17.5,"op":37,"st":0,"bm":0},{"ddd":0,"ind":6,"ty":4,"nm":"base normal 3","parent":1,"td":1,"sr":1,"ks":{"o":{"a":0,"k":100,"ix":11},"r":{"a":0,"k":0,"ix":10},"p":{"a":0,"k":[0,0,0],"ix":2,"l":2},"a":{"a":0,"k":[0,0,0],"ix":1,"l":2},"s":{"a":0,"k":[800,800,100],"ix":6,"l":2}},"ao":0,"sy":[{"c":{"a":0,"k":[0.921568632126,0.560784339905,0,1],"ix":2},"o":{"a":0,"k":100,"ix":3},"a":{"a":0,"k":-55,"ix":5},"s":{"a":0,"k":0,"ix":8},"d":{"a":0,"k":30,"ix":6},"ch":{"a":0,"k":0,"ix":7},"bm":{"a":0,"k":1,"ix":1},"no":{"a":0,"k":0,"ix":9},"ty":2,"nm":"Inner Shadow"}],"shapes":[{"ty":"gr","it":[{"ind":0,"ty":"sh","ix":1,"ks":{"a":0,"k":{"i":[[15.4,0],[0,38.4],[-27.9,0],[-10.6,-9.3],[0,-16.9],[11.5,-10.2]],"o":[[-27.9,0],[0,-38.4],[15.5,0],[11.5,10.2],[0,16.9],[-10.6,9.3]],"v":[[0,55.9],[-58,0],[0,-55.9],[40.4,-41.5],[58,0],[40.4,41.4]],"c":true},"ix":2},"nm":"Path 1","mn":"ADBE Vector Shape - Group","hd":false},{"ty":"gf","o":{"a":0,"k":100,"ix":10},"r":1,"bm":0,"g":{"p":5,"k":{"a":0,"k":[0.48,0.992,0.878,0.188,0.691,0.98,0.816,0.178,0.902,0.969,0.753,0.169,0.966,0.963,0.694,0.153,1,0.957,0.635,0.137],"ix":9}},"s":{"a":0,"k":[0,0],"ix":5},"e":{"a":0,"k":[56.225,0],"ix":6},"t":2,"h":{"a":0,"k":0,"ix":7},"a":{"a":0,"k":0,"ix":8},"nm":"Gradient Fill 1","mn":"ADBE Vector Graphic - G-Fill","hd":false},{"ty":"tr","p":{"a":0,"k":[0,0],"ix":2},"a":{"a":0,"k":[0,0],"ix":1},"s":{"a":0,"k":[100,100],"ix":3},"r":{"a":0,"k":0,"ix":6},"o":{"a":0,"k":100,"ix":7},"sk":{"a":0,"k":0,"ix":4},"sa":{"a":0,"k":0,"ix":5},"nm":"Transform"}],"nm":"Group 1","np":2,"cix":2,"bm":0,"ix":1,"mn":"ADBE Vector Group","hd":false}],"ip":0,"op":37,"st":0,"bm":0},{"ddd":0,"ind":7,"ty":4,"nm":"halo back L","parent":2,"tt":2,"sr":1,"ks":{"o":{"a":0,"k":100,"ix":11},"r":{"a":0,"k":0,"ix":10},"p":{"a":0,"k":[-239.5,53.5,0],"ix":2,"l":2},"a":{"a":0,"k":[274.5,-373.5,0],"ix":1,"l":2},"s":{"a":0,"k":[-100,100,100],"ix":6,"l":2}},"ao":0,"hasMask":true,"masksProperties":[{"inv":false,"mode":"a","pt":{"a":1,"k":[{"i":{"x":0.833,"y":0.833},"o":{"x":0.333,"y":0},"t":30,"s":[{"i":[[0,0],[0,0],[0,0],[0,0]],"o":[[0,0],[0,0],[0,0],[0,0]],"v":[[583,-679],[229,-575],[587,-351],[725,-353]],"c":true}]},{"t":37,"s":[{"i":[[0,0],[0,0],[0,0],[0,0]],"o":[[0,0],[0,0],[0,0],[0,0]],"v":[[559.015,-562.765],[-3.925,-559.95],[162.194,-262.149],[570.019,-288.425]],"c":true}]}],"ix":1},"o":{"a":0,"k":100,"ix":3},"x":{"a":0,"k":0,"ix":4},"nm":"Mask 1"}],"shapes":[{"ty":"gr","it":[{"ind":0,"ty":"sh","ix":1,"ks":{"a":1,"k":[{"i":{"x":0.833,"y":0.833},"o":{"x":1,"y":0},"t":0,"s":[{"i":[[0,0],[276.203,0],[0,0],[0,36.572]],"o":[[0,21.549],[0,0],[343.82,0],[0,0]],"v":[[413.713,-426.484],[75.18,-353.094],[75.18,-322.888],[496.82,-429.112]],"c":true}]},{"i":{"x":0.833,"y":0.833},"o":{"x":0.167,"y":0.167},"t":17.5,"s":[{"i":[[0,0],[186.918,0],[0,0],[0,36.572]],"o":[[0,21.549],[0,0],[232.678,0],[0,0]],"v":[[413.713,-426.484],[75.18,-393.094],[75.18,-362.888],[496.82,-429.112]],"c":true}]},{"i":{"x":0.833,"y":0.833},"o":{"x":0.167,"y":0.167},"t":30,"s":[{"i":[[-0.787,25.062],[186.918,0],[0,0],[-39.82,5.065]],"o":[[0.787,-25.062],[0,0],[232.678,0],[27.119,-3.45]],"v":[[495.713,-430.984],[75.18,-429.094],[75.18,-386.888],[428.82,-397.112]],"c":true}]},{"t":37,"s":[{"i":[[-0.233,14.315],[186.918,0],[0,0],[-71.82,-4.618]],"o":[[0.575,-35.246],[0,0],[232.678,0],[27.131,1.745]],"v":[[511.425,-418.984],[75.18,-453.094],[75.18,-410.888],[449.82,-410.112]],"c":true}]}],"ix":2},"nm":"Path 1","mn":"ADBE Vector Shape - Group","hd":false},{"ty":"st","c":{"a":0,"k":[0.309803921569,0.764705882353,0.96862745098,1],"ix":3},"o":{"a":0,"k":100,"ix":4},"w":{"a":0,"k":5,"ix":5},"lc":1,"lj":1,"ml":4,"bm":0,"nm":"Stroke 1","mn":"ADBE Vector Graphic - Stroke","hd":false},{"ty":"fl","c":{"a":0,"k":[0.309803921569,0.764705882353,0.96862745098,1],"ix":4},"o":{"a":0,"k":100,"ix":5},"r":1,"bm":0,"nm":"Fill 1","mn":"ADBE Vector Graphic - Fill","hd":false},{"ty":"tr","p":{"a":0,"k":[0,0],"ix":2},"a":{"a":0,"k":[0,0],"ix":1},"s":{"a":0,"k":[100,100],"ix":3},"r":{"a":0,"k":0,"ix":6},"o":{"a":0,"k":100,"ix":7},"sk":{"a":0,"k":0,"ix":4},"sa":{"a":0,"k":0,"ix":5},"nm":"Transform"}],"nm":"Shape 1","np":3,"cix":2,"bm":0,"ix":1,"mn":"ADBE Vector Group","hd":false}],"ip":30,"op":37,"st":0,"bm":0},{"ddd":0,"ind":8,"ty":4,"nm":"base normal top","parent":17,"sr":1,"ks":{"o":{"a":0,"k":100,"ix":11},"r":{"a":0,"k":0,"ix":10},"p":{"a":0,"k":[0,0,0],"ix":2,"l":2},"a":{"a":0,"k":[0,0,0],"ix":1,"l":2},"s":{"a":0,"k":[100,100,100],"ix":6,"l":2}},"ao":0,"hasMask":true,"masksProperties":[{"inv":false,"mode":"a","pt":{"a":1,"k":[{"i":{"x":0.833,"y":0.833},"o":{"x":0.167,"y":0.167},"t":40,"s":[{"i":[[0,0],[0,0],[0,0],[0,0],[0,0]],"o":[[0,0],[0,0],[0,0],[0,0],[0,0]],"v":[[29.25,-63.5],[-28,-63.5],[-38,-50.5],[0.008,-49],[36.75,-50]],"c":true}]},{"i":{"x":0.667,"y":1},"o":{"x":0.167,"y":0.167},"t":145,"s":[{"i":[[0,0],[0,0],[0,0],[0,0],[0,0]],"o":[[0,0],[0,0],[0,0],[0,0],[0,0]],"v":[[29.25,-63.5],[-28,-63.5],[-38,-48],[1.008,-44.5],[36.75,-48]],"c":true}]},{"i":{"x":0.833,"y":0.833},"o":{"x":0.333,"y":0},"t":150,"s":[{"i":[[0,0],[0,0],[0,-3.375],[-17.868,0.529],[-0.5,3.5]],"o":[[0,0],[0,0],[0,3.375],[42.001,-1.243],[0.5,-3.5]],"v":[[29.25,-63.5],[-28,-63.5],[-45.5,-47.375],[-1.501,-40.507],[45.375,-47.5]],"c":true}]},{"t":157.5,"s":[{"i":[[0,0],[0,0],[0,0],[-17.876,-0.007],[0,0]],"o":[[0,0],[0,0],[0,0],[19.002,0.007],[0,0]],"v":[[29.25,-68.5],[-28,-68.5],[-28.875,-54.25],[-0.127,-53.382],[28.625,-54.375]],"c":true}]}],"ix":1},"o":{"a":0,"k":100,"ix":3},"x":{"a":0,"k":0,"ix":4},"nm":"Mask 1"}],"shapes":[{"ty":"gr","it":[{"ind":0,"ty":"sh","ix":1,"ks":{"a":0,"k":{"i":[[15.4,0],[0,38.4],[-27.9,0],[-10.6,-9.3],[0,-16.9],[11.5,-10.2]],"o":[[-27.9,0],[0,-38.4],[15.5,0],[11.5,10.2],[0,16.9],[-10.6,9.3]],"v":[[0,55.9],[-58,0],[0,-55.9],[40.4,-41.5],[58,0],[40.4,41.4]],"c":true},"ix":2},"nm":"Path 1","mn":"ADBE Vector Shape - Group","hd":false},{"ty":"gf","o":{"a":0,"k":100,"ix":10},"r":1,"bm":0,"g":{"p":5,"k":{"a":0,"k":[0.48,0.992,0.878,0.188,0.691,0.98,0.816,0.178,0.902,0.969,0.753,0.169,0.966,0.963,0.694,0.153,1,0.957,0.635,0.137],"ix":9}},"s":{"a":0,"k":[0,0],"ix":5},"e":{"a":0,"k":[56.225,0],"ix":6},"t":2,"h":{"a":0,"k":0,"ix":7},"a":{"a":0,"k":0,"ix":8},"nm":"Gradient Fill 1","mn":"ADBE Vector Graphic - G-Fill","hd":false},{"ty":"tr","p":{"a":0,"k":[0,0],"ix":2},"a":{"a":0,"k":[0,0],"ix":1},"s":{"a":0,"k":[100,100],"ix":3},"r":{"a":0,"k":0,"ix":6},"o":{"a":0,"k":100,"ix":7},"sk":{"a":0,"k":0,"ix":4},"sa":{"a":0,"k":0,"ix":5},"nm":"Transform"}],"nm":"Group 1","np":2,"cix":2,"bm":0,"ix":1,"mn":"ADBE Vector Group","hd":false}],"ip":37,"op":158,"st":0,"bm":0},{"ddd":0,"ind":9,"ty":4,"nm":"HALO 3","parent":2,"sr":1,"ks":{"o":{"a":0,"k":100,"ix":11},"r":{"a":0,"k":0,"ix":10},"p":{"a":0,"k":[0,22,0],"ix":2,"l":2},"a":{"a":0,"k":[0,0,0],"ix":1,"l":2},"s":{"a":0,"k":[100,100,100],"ix":6,"l":2}},"ao":0,"shapes":[{"ty":"gr","it":[{"ind":0,"ty":"sh","ix":1,"ks":{"a":1,"k":[{"i":{"x":0.833,"y":0.833},"o":{"x":0.167,"y":0.167},"t":37,"s":[{"i":[[264,0],[0,-43.063],[-356.96,0],[0,43.115]],"o":[[-264,0],[0,43.063],[337.28,0],[0,-43.115]],"v":[[0.2,-50.322],[-478.2,-12.344],[0.2,36],[478.2,-12.344]],"c":true}]},{"i":{"x":0,"y":1},"o":{"x":0.167,"y":0.167},"t":40,"s":[{"i":[[264,0],[0,-43.063],[-356.96,0],[0,43.115]],"o":[[-264,0],[0,43.063],[337.28,0],[0,-43.115]],"v":[[0.2,-90.322],[-478.2,-12.344],[0.2,76],[478.2,-12.344]],"c":true}]},{"i":{"x":0,"y":1},"o":{"x":0.333,"y":0},"t":48,"s":[{"i":[[264,0],[0,-87.697],[-356.96,0],[0,87.802]],"o":[[-264,0],[0,87.697],[337.28,0],[0,-87.802]],"v":[[0.2,-166],[-478.2,-7.199],[0.2,162],[478.2,-7.199]],"c":true}]},{"i":{"x":0.667,"y":1},"o":{"x":0.333,"y":0},"t":82.5,"s":[{"i":[[264,0],[0,-48.813],[-356.96,0],[0,48.872]],"o":[[-264,0],[0,48.813],[337.28,0],[0,-48.872]],"v":[[0.2,-96],[-478.2,-7.61],[0.2,104],[478.2,-7.61]],"c":true}]},{"i":{"x":0.667,"y":1},"o":{"x":0.167,"y":0},"t":117.5,"s":[{"i":[[264,0],[0,-67.401],[-356.96,0],[0,67.482]],"o":[[-264,0],[0,67.401],[337.28,0],[0,-67.482]],"v":[[0.2,-137.322],[-478.2,-15.273],[0.2,123],[478.2,-15.273]],"c":true}]},{"i":{"x":0.667,"y":1},"o":{"x":0.333,"y":0},"t":145,"s":[{"i":[[264,0],[0,-67.401],[-356.96,0],[0,67.482]],"o":[[-264,0],[0,67.401],[337.28,0],[0,-67.482]],"v":[[0.2,-137.322],[-478.2,-15.273],[0.2,123],[478.2,-15.273]],"c":true}]},{"i":{"x":0.833,"y":0.833},"o":{"x":0.333,"y":0},"t":150,"s":[{"i":[[264,0],[0,-72.321],[-356.96,0],[0,72.407]],"o":[[-264,0],[0,72.321],[337.28,0],[0,-72.407]],"v":[[0.2,-137.322],[-478.2,-6.365],[0.2,142],[478.2,-6.365]],"c":true}]},{"i":{"x":0.833,"y":0.833},"o":{"x":0.167,"y":0.167},"t":157.5,"s":[{"i":[[218.62,0],[0,-32.707],[-295.6,0],[0,32.746]],"o":[[-218.62,0],[0,32.707],[279.303,0],[0,-32.746]],"v":[[0.166,-110.322],[-396,-51.097],[0.166,16],[396,-51.097]],"c":true}]},{"i":{"x":0.833,"y":0.833},"o":{"x":0.167,"y":0.167},"t":172.5,"s":[{"i":[[147.955,0],[0,-15.1],[-200.053,0],[0,15.118]],"o":[[-147.955,0],[0,15.1],[189.024,0],[0,-15.118]],"v":[[0.112,-96.322],[-268,-68.978],[0.112,-38],[268,-68.978]],"c":true}]},{"t":175,"s":[{"i":[[77.842,0],[0,-11.074],[-105.252,0],[0,11.087]],"o":[[-77.842,0],[0,11.074],[99.449,0],[0,-11.087]],"v":[[0.059,-98.546],[-141,-78.494],[0.059,-55.776],[141,-78.494]],"c":true}]}],"ix":2},"nm":"Path 1","mn":"ADBE Vector Shape - Group","hd":false},{"ind":1,"ty":"sh","ix":2,"ks":{"a":1,"k":[{"i":{"x":0.833,"y":0.833},"o":{"x":0.167,"y":0.167},"t":37,"s":[{"i":[[203.282,0],[0,0],[-203.601,0],[0,0]],"o":[[-203.601,0],[0,0],[203.601,0],[0,0]],"v":[[0.2,-32],[-253.6,-31.664],[0.2,-31.011],[254,-31.667]],"c":true}]},{"i":{"x":0,"y":1},"o":{"x":0.167,"y":0.167},"t":40,"s":[{"i":[[275.368,0],[0,0],[-275.8,0],[0,0]],"o":[[-275.8,0],[0,0],[275.8,0],[0,0]],"v":[[0.2,-8],[-343.6,-23.955],[0.2,-55.011],[344,-23.84]],"c":true}]},{"i":{"x":0,"y":1},"o":{"x":0.333,"y":0},"t":48,"s":[{"i":[[203.84,0],[0,53.756],[-204.16,0],[0,-53.866]],"o":[[-204.16,0],[0,-53.756],[204.16,0],[0,53.866]],"v":[[0.2,68],[-369.56,-9.267],[0.2,-118.528],[369.96,-8.721]],"c":true}]},{"i":{"x":0.667,"y":1},"o":{"x":0.333,"y":0},"t":82.5,"s":[{"i":[[203.84,0],[0,26.834],[-204.16,0],[0,-26.888]],"o":[[-204.16,0],[0,-26.834],[204.16,0],[0,26.888]],"v":[[0.2,27.598],[-369.56,-9.166],[0.2,-58.085],[369.96,-8.894]],"c":true}]},{"i":{"x":0.667,"y":1},"o":{"x":0.167,"y":0},"t":117.5,"s":[{"i":[[203.84,0],[0,39.714],[-204.16,0],[0,-39.795]],"o":[[-204.16,0],[0,-39.714],[204.16,0],[0,39.795]],"v":[[0.2,35.742],[-369.56,-20.117],[0.2,-100.836],[369.96,-19.713]],"c":true}]},{"i":{"x":0.667,"y":1},"o":{"x":0.333,"y":0},"t":145,"s":[{"i":[[203.84,0],[0,39.714],[-204.16,0],[0,-39.795]],"o":[[-204.16,0],[0,-39.714],[204.16,0],[0,39.795]],"v":[[0.2,35.742],[-369.56,-20.117],[0.2,-100.836],[369.96,-19.713]],"c":true}]},{"i":{"x":0.833,"y":0.833},"o":{"x":0.333,"y":0},"t":150,"s":[{"i":[[203.84,0],[0,42.613],[-204.16,0],[0,-42.699]],"o":[[-204.16,0],[0,-42.613],[204.16,0],[0,42.699]],"v":[[0.2,48.373],[-369.56,-11.562],[0.2,-98.173],[369.96,-11.129]],"c":true}]},{"i":{"x":0.833,"y":0.833},"o":{"x":0.167,"y":0.167},"t":157.5,"s":[{"i":[[188.892,0],[0,0],[-189.189,0],[0,0]],"o":[[-189.189,0],[0,0],[189.189,0],[0,0]],"v":[[0.166,-58],[-235.669,-63.193],[0.166,-73.301],[236,-63.156]],"c":true}]},{"i":{"x":0.833,"y":0.833},"o":{"x":0.167,"y":0.167},"t":172.5,"s":[{"i":[[74.957,0],[0,0],[-75.074,0],[0,0]],"o":[[-75.074,0],[0,0],[75.074,0],[0,0]],"v":[[0.166,-73.301],[-93.419,-73.538],[0.166,-74],[93.75,-73.537]],"c":true}]},{"t":175,"s":[{"i":[[39.436,0],[0,0],[-39.498,0],[0,0]],"o":[[-39.498,0],[0,0],[39.498,0],[0,0]],"v":[[0.087,-81.664],[-49.149,-81.838],[0.087,-82.176],[49.324,-81.837]],"c":true}]}],"ix":2},"nm":"Path 2","mn":"ADBE Vector Shape - Group","hd":false},{"ty":"fl","c":{"a":0,"k":[0.309803921569,0.764705882353,0.96862745098,1],"ix":4},"o":{"a":0,"k":100,"ix":5},"r":1,"bm":0,"nm":"Fill 1","mn":"ADBE Vector Graphic - Fill","hd":false},{"ty":"tr","p":{"a":0,"k":[0,0],"ix":2},"a":{"a":0,"k":[0,0],"ix":1},"s":{"a":0,"k":[100,100],"ix":3},"r":{"a":0,"k":0,"ix":6},"o":{"a":0,"k":100,"ix":7},"sk":{"a":0,"k":0,"ix":4},"sa":{"a":0,"k":0,"ix":5},"nm":"Transform"}],"nm":"Shape 1","np":4,"cix":2,"bm":0,"ix":1,"mn":"ADBE Vector Group","hd":false}],"ip":37,"op":158,"st":-2.5,"bm":0},{"ddd":0,"ind":10,"ty":3,"nm":"Null Face","parent":1,"sr":1,"ks":{"o":{"a":0,"k":0,"ix":11},"r":{"a":0,"k":0,"ix":10},"p":{"s":true,"x":{"a":0,"k":0,"ix":3},"y":{"a":1,"k":[{"i":{"x":[0],"y":[1]},"o":{"x":[0.167],"y":[0.167]},"t":0,"s":[0]},{"i":{"x":[0.833],"y":[0.833]},"o":{"x":[1],"y":[0]},"t":17.5,"s":[-80]},{"i":{"x":[0],"y":[1]},"o":{"x":[0.167],"y":[0.167]},"t":37.5,"s":[0]},{"i":{"x":[0],"y":[1]},"o":{"x":[0.333],"y":[0]},"t":47.5,"s":[40]},{"i":{"x":[0.667],"y":[1]},"o":{"x":[0.333],"y":[0]},"t":82.5,"s":[-20]},{"i":{"x":[0.667],"y":[1]},"o":{"x":[0.167],"y":[0]},"t":117.5,"s":[0]},{"i":{"x":[0.833],"y":[0.833]},"o":{"x":[0.333],"y":[0]},"t":145,"s":[0]},{"i":{"x":[0],"y":[1]},"o":{"x":[0.167],"y":[0.167]},"t":156,"s":[24]},{"i":{"x":[0.667],"y":[1]},"o":{"x":[0.333],"y":[0]},"t":167.5,"s":[-20]},{"t":192.5,"s":[4]}],"ix":4}},"a":{"a":0,"k":[0,0,0],"ix":1,"l":2},"s":{"a":0,"k":[100,100,100],"ix":6,"l":2}},"ao":0,"ip":0,"op":205,"st":0,"bm":0},{"ddd":0,"ind":11,"ty":4,"nm":"eyes normal 2","parent":10,"sr":1,"ks":{"o":{"a":0,"k":100,"ix":11},"r":{"a":0,"k":0,"ix":10},"p":{"s":true,"x":{"a":0,"k":0,"ix":3},"y":{"a":0,"k":-93.601,"ix":4}},"a":{"a":0,"k":[27.45,6.65,0],"ix":1,"l":2},"s":{"a":0,"k":[800,800,100],"ix":6,"l":2}},"ao":0,"shapes":[{"ty":"gr","it":[{"ind":0,"ty":"sh","ix":1,"ks":{"a":0,"k":{"i":[[0.899,0.8],[0,0],[0.7,-1.4],[-0.901,-0.9],[-0.701,1.4]],"o":[[0,0],[-1.4,-0.7],[-0.5,1.1],[1.399,0.7],[0.5,-1.1]],"v":[[2.851,-2.675],[2.851,-2.675],[-0.951,-1.375],[-0.35,1.925],[3.451,0.625]],"c":true},"ix":2},"nm":"Path 1","mn":"ADBE Vector Shape - Group","hd":false},{"ty":"fl","c":{"a":0,"k":[0.536999990426,0.375999989229,0.141000007181,1],"ix":4},"o":{"a":0,"k":100,"ix":5},"r":1,"bm":0,"nm":"Fill 1","mn":"ADBE Vector Graphic - Fill","hd":false},{"ty":"tr","p":{"a":0,"k":[44.65,6.55],"ix":2},"a":{"a":0,"k":[0,0],"ix":1},"s":{"a":0,"k":[100,100],"ix":3},"r":{"a":0,"k":0,"ix":6},"o":{"a":0,"k":100,"ix":7},"sk":{"a":0,"k":0,"ix":4},"sa":{"a":0,"k":0,"ix":5},"nm":"Transform"}],"nm":"Group 1","np":2,"cix":2,"bm":0,"ix":1,"mn":"ADBE Vector Group","hd":false},{"ty":"gr","it":[{"ind":0,"ty":"sh","ix":1,"ks":{"a":1,"k":[{"i":{"x":0.667,"y":1},"o":{"x":0.167,"y":0.167},"t":158,"s":[{"i":[[4.2,0],[0,0],[0,-5.9],[-4.2,0],[0,5.9]],"o":[[0,0],[-4.2,0],[0,5.9],[4.2,0],[0,-5.9]],"v":[[1.25,-9.775],[1.25,-9.775],[-7.25,-0.375],[1.25,5.275],[9.75,-0.375]],"c":true}]},{"t":159,"s":[{"i":[[4.2,0],[0,0],[0,-5.9],[-4.2,0],[0,5.9]],"o":[[0,0],[-4.2,0],[0,5.9],[4.2,0],[0,-5.9]],"v":[[1.25,-9.775],[1.25,-9.775],[-6.75,-0.375],[1.25,9.025],[9.25,-0.375]],"c":true}]}],"ix":2},"nm":"Path 1","mn":"ADBE Vector Shape - Group","hd":false},{"ty":"fl","c":{"a":0,"k":[0.258999992819,0.169000004787,0.051000000449,1],"ix":4},"o":{"a":0,"k":100,"ix":5},"r":1,"bm":0,"nm":"Fill 1","mn":"ADBE Vector Graphic - Fill","hd":false},{"ty":"tr","p":{"a":0,"k":[46.65,9.65],"ix":2},"a":{"a":0,"k":[0,0],"ix":1},"s":{"a":0,"k":[100,100],"ix":3},"r":{"a":0,"k":0,"ix":6},"o":{"a":0,"k":100,"ix":7},"sk":{"a":0,"k":0,"ix":4},"sa":{"a":0,"k":0,"ix":5},"nm":"Transform"}],"nm":"Group 2","np":2,"cix":2,"bm":0,"ix":2,"mn":"ADBE Vector Group","hd":false},{"ty":"gr","it":[{"ind":0,"ty":"sh","ix":1,"ks":{"a":0,"k":{"i":[[0.9,0.8],[0,0],[0.7,-1.4],[-0.9,-0.9],[-0.7,1.4]],"o":[[0,0],[-1.4,-0.7],[-0.5,1.1],[1.4,0.7],[0.6,-1.1]],"v":[[0.3,-2.675],[0.3,-2.675],[-3.5,-1.375],[-2.9,1.925],[0.9,0.625]],"c":true},"ix":2},"nm":"Path 1","mn":"ADBE Vector Shape - Group","hd":false},{"ty":"fl","c":{"a":0,"k":[0.536999990426,0.375999989229,0.141000007181,1],"ix":4},"o":{"a":0,"k":100,"ix":5},"r":1,"bm":0,"nm":"Fill 1","mn":"ADBE Vector Graphic - Fill","hd":false},{"ty":"tr","p":{"a":0,"k":[6.3,6.55],"ix":2},"a":{"a":0,"k":[0,0],"ix":1},"s":{"a":0,"k":[100,100],"ix":3},"r":{"a":0,"k":0,"ix":6},"o":{"a":0,"k":100,"ix":7},"sk":{"a":0,"k":0,"ix":4},"sa":{"a":0,"k":0,"ix":5},"nm":"Transform"}],"nm":"Group 3","np":2,"cix":2,"bm":0,"ix":3,"mn":"ADBE Vector Group","hd":false},{"ty":"gr","it":[{"ind":0,"ty":"sh","ix":1,"ks":{"a":1,"k":[{"i":{"x":0.667,"y":1},"o":{"x":0.167,"y":0.167},"t":158,"s":[{"i":[[4.2,0],[0,0],[0,-5.9],[-4.2,0],[0,5.9]],"o":[[0,0],[-4.2,0],[0,5.9],[4.2,0],[0,-5.9]],"v":[[-1.25,-9.775],[-1.25,-9.775],[-9.75,-0.375],[-1.25,5.275],[7.25,-0.375]],"c":true}]},{"t":159,"s":[{"i":[[4.2,0],[0,0],[0,-5.9],[-4.2,0],[0,5.9]],"o":[[0,0],[-4.2,0],[0,5.9],[4.2,0],[0,-5.9]],"v":[[-1.25,-9.775],[-1.25,-9.775],[-9.25,-0.375],[-1.25,9.025],[6.75,-0.375]],"c":true}]}],"ix":2},"nm":"Path 1","mn":"ADBE Vector Shape - Group","hd":false},{"ty":"fl","c":{"a":0,"k":[0.258999992819,0.169000004787,0.051000000449,1],"ix":4},"o":{"a":0,"k":100,"ix":5},"r":1,"bm":0,"nm":"Fill 1","mn":"ADBE Vector Graphic - Fill","hd":false},{"ty":"tr","p":{"a":0,"k":[8.25,9.65],"ix":2},"a":{"a":0,"k":[0,0],"ix":1},"s":{"a":0,"k":[100,100],"ix":3},"r":{"a":0,"k":0,"ix":6},"o":{"a":0,"k":100,"ix":7},"sk":{"a":0,"k":0,"ix":4},"sa":{"a":0,"k":0,"ix":5},"nm":"Transform"}],"nm":"Group 4","np":2,"cix":2,"bm":0,"ix":4,"mn":"ADBE Vector Group","hd":false}],"ip":158,"op":205,"st":157.5,"bm":0},{"ddd":0,"ind":12,"ty":4,"nm":"eyes normal","parent":10,"sr":1,"ks":{"o":{"a":0,"k":100,"ix":11},"r":{"a":0,"k":0,"ix":10},"p":{"s":true,"x":{"a":0,"k":0,"ix":3},"y":{"a":0,"k":-93.601,"ix":4}},"a":{"a":0,"k":[27.45,6.65,0],"ix":1,"l":2},"s":{"a":0,"k":[800,800,100],"ix":6,"l":2}},"ao":0,"shapes":[{"ty":"gr","it":[{"ind":0,"ty":"sh","ix":1,"ks":{"a":0,"k":{"i":[[0.899,0.8],[0,0],[0.7,-1.4],[-0.901,-0.9],[-0.701,1.4]],"o":[[0,0],[-1.4,-0.7],[-0.5,1.1],[1.399,0.7],[0.5,-1.1]],"v":[[2.851,-2.675],[2.851,-2.675],[-0.951,-1.375],[-0.35,1.925],[3.451,0.625]],"c":true},"ix":2},"nm":"Path 1","mn":"ADBE Vector Shape - Group","hd":false},{"ty":"fl","c":{"a":0,"k":[0.536999990426,0.375999989229,0.141000007181,1],"ix":4},"o":{"a":0,"k":100,"ix":5},"r":1,"bm":0,"nm":"Fill 1","mn":"ADBE Vector Graphic - Fill","hd":false},{"ty":"tr","p":{"a":0,"k":[44.65,6.55],"ix":2},"a":{"a":0,"k":[0,0],"ix":1},"s":{"a":0,"k":[100,100],"ix":3},"r":{"a":0,"k":0,"ix":6},"o":{"a":0,"k":100,"ix":7},"sk":{"a":0,"k":0,"ix":4},"sa":{"a":0,"k":0,"ix":5},"nm":"Transform"}],"nm":"Group 1","np":2,"cix":2,"bm":0,"ix":1,"mn":"ADBE Vector Group","hd":false},{"ty":"gr","it":[{"ind":0,"ty":"sh","ix":1,"ks":{"a":1,"k":[{"i":{"x":0.833,"y":0.833},"o":{"x":0.333,"y":0},"t":33,"s":[{"i":[[4.2,0],[0,0],[0,-5.9],[-4.2,0],[0,5.9]],"o":[[0,0],[-4.2,0],[0,5.9],[4.2,0],[0,-5.9]],"v":[[1.25,-9.775],[1.25,-9.775],[-6.75,-0.375],[1.25,9.025],[9.25,-0.375]],"c":true}]},{"t":36,"s":[{"i":[[4.2,0],[0,0],[0,-5.9],[-4.2,0],[0,5.9]],"o":[[0,0],[-4.2,0],[0,5.9],[4.2,0],[0,-5.9]],"v":[[1.25,-9.775],[1.25,-9.775],[-7.25,-0.375],[1.25,5.025],[9.75,-0.375]],"c":true}]}],"ix":2},"nm":"Path 1","mn":"ADBE Vector Shape - Group","hd":false},{"ty":"fl","c":{"a":0,"k":[0.258999992819,0.169000004787,0.051000000449,1],"ix":4},"o":{"a":0,"k":100,"ix":5},"r":1,"bm":0,"nm":"Fill 1","mn":"ADBE Vector Graphic - Fill","hd":false},{"ty":"tr","p":{"a":0,"k":[46.65,9.65],"ix":2},"a":{"a":0,"k":[0,0],"ix":1},"s":{"a":0,"k":[100,100],"ix":3},"r":{"a":0,"k":0,"ix":6},"o":{"a":0,"k":100,"ix":7},"sk":{"a":0,"k":0,"ix":4},"sa":{"a":0,"k":0,"ix":5},"nm":"Transform"}],"nm":"Group 2","np":2,"cix":2,"bm":0,"ix":2,"mn":"ADBE Vector Group","hd":false},{"ty":"gr","it":[{"ind":0,"ty":"sh","ix":1,"ks":{"a":0,"k":{"i":[[0.9,0.8],[0,0],[0.7,-1.4],[-0.9,-0.9],[-0.7,1.4]],"o":[[0,0],[-1.4,-0.7],[-0.5,1.1],[1.4,0.7],[0.6,-1.1]],"v":[[0.3,-2.675],[0.3,-2.675],[-3.5,-1.375],[-2.9,1.925],[0.9,0.625]],"c":true},"ix":2},"nm":"Path 1","mn":"ADBE Vector Shape - Group","hd":false},{"ty":"fl","c":{"a":0,"k":[0.536999990426,0.375999989229,0.141000007181,1],"ix":4},"o":{"a":0,"k":100,"ix":5},"r":1,"bm":0,"nm":"Fill 1","mn":"ADBE Vector Graphic - Fill","hd":false},{"ty":"tr","p":{"a":0,"k":[6.3,6.55],"ix":2},"a":{"a":0,"k":[0,0],"ix":1},"s":{"a":0,"k":[100,100],"ix":3},"r":{"a":0,"k":0,"ix":6},"o":{"a":0,"k":100,"ix":7},"sk":{"a":0,"k":0,"ix":4},"sa":{"a":0,"k":0,"ix":5},"nm":"Transform"}],"nm":"Group 3","np":2,"cix":2,"bm":0,"ix":3,"mn":"ADBE Vector Group","hd":false},{"ty":"gr","it":[{"ind":0,"ty":"sh","ix":1,"ks":{"a":1,"k":[{"i":{"x":0.833,"y":0.833},"o":{"x":0.333,"y":0},"t":33,"s":[{"i":[[4.2,0],[0,0],[0,-5.9],[-4.2,0],[0,5.9]],"o":[[0,0],[-4.2,0],[0,5.9],[4.2,0],[0,-5.9]],"v":[[-1.25,-9.775],[-1.25,-9.775],[-9.25,-0.375],[-1.25,9.025],[6.75,-0.375]],"c":true}]},{"t":36,"s":[{"i":[[4.2,0],[0,0],[0,-5.9],[-4.2,0],[0,5.9]],"o":[[0,0],[-4.2,0],[0,5.9],[4.2,0],[0,-5.9]],"v":[[-1.25,-9.775],[-1.25,-9.775],[-9.75,-0.375],[-1.25,5.025],[7.25,-0.375]],"c":true}]}],"ix":2},"nm":"Path 1","mn":"ADBE Vector Shape - Group","hd":false},{"ty":"fl","c":{"a":0,"k":[0.258999992819,0.169000004787,0.051000000449,1],"ix":4},"o":{"a":0,"k":100,"ix":5},"r":1,"bm":0,"nm":"Fill 1","mn":"ADBE Vector Graphic - Fill","hd":false},{"ty":"tr","p":{"a":0,"k":[8.25,9.65],"ix":2},"a":{"a":0,"k":[0,0],"ix":1},"s":{"a":0,"k":[100,100],"ix":3},"r":{"a":0,"k":0,"ix":6},"o":{"a":0,"k":100,"ix":7},"sk":{"a":0,"k":0,"ix":4},"sa":{"a":0,"k":0,"ix":5},"nm":"Transform"}],"nm":"Group 4","np":2,"cix":2,"bm":0,"ix":4,"mn":"ADBE Vector Group","hd":false}],"ip":0,"op":37,"st":0,"bm":0},{"ddd":0,"ind":13,"ty":4,"nm":"eyes","parent":10,"sr":1,"ks":{"o":{"a":0,"k":100,"ix":11},"r":{"a":0,"k":0,"ix":10},"p":{"a":0,"k":[0,-97.091,0],"ix":2,"l":2},"a":{"a":0,"k":[-0.135,-5.091,0],"ix":1,"l":2},"s":{"a":0,"k":[100,100,100],"ix":6,"l":2}},"ao":0,"shapes":[{"ty":"gr","it":[{"ind":0,"ty":"sh","ix":1,"ks":{"a":0,"k":{"i":[[18.218,24.436],[14.693,0.654],[-4.32,0],[10.216,-11.935],[-5.262,30.855],[-5.209,8.008],[-35.244,-2.124],[-6.475,-42.55]],"o":[[-8.813,-10.518],[0.96,0],[-13.329,-1.863],[-18.604,22.917],[1.3,-7.89],[16.964,-30.414],[43.749,0.598],[5.196,31.819]],"v":[[-121.274,40.157],[-157.674,11.517],[-155.514,11.517],[-195.194,41.677],[-251.914,18.716],[-239.833,-13.442],[-153.754,-62.802],[-63.993,18.157]],"c":true},"ix":2},"nm":"Path 1","mn":"ADBE Vector Shape - Group","hd":false},{"ind":1,"ty":"sh","ix":2,"ks":{"a":0,"k":{"i":[[18.135,24.769],[14.972,0.764],[-4.32,0],[10.067,-12.015],[-5.25,30.903],[-5.285,7.869],[-35.232,-2.118],[-6.581,-42.467]],"o":[[-9.119,-10.555],[0.96,0],[-13.251,-1.832],[-18.644,22.887],[1.417,-7.841],[16.907,-30.453],[43.712,0.594],[5.57,31.919]],"v":[[194.406,40.157],[157.926,11.517],[160.086,11.517],[120.486,41.677],[63.686,18.716],[75.847,-13.443],[161.846,-62.802],[251.607,17.997]],"c":true},"ix":2},"nm":"Path 2","mn":"ADBE Vector Shape - Group","hd":false},{"ty":"fl","c":{"a":0,"k":[0.258823529412,0.16862745098,0.050980392157,1],"ix":4},"o":{"a":0,"k":100,"ix":5},"r":1,"bm":0,"nm":"Fill 1","mn":"ADBE Vector Graphic - Fill","hd":false},{"ty":"tr","p":{"a":0,"k":[0,0],"ix":2},"a":{"a":0,"k":[0,0],"ix":1},"s":{"a":0,"k":[100,100],"ix":3},"r":{"a":0,"k":0,"ix":6},"o":{"a":0,"k":100,"ix":7},"sk":{"a":0,"k":0,"ix":4},"sa":{"a":0,"k":0,"ix":5},"nm":"Transform"}],"nm":"Shape 1","np":4,"cix":2,"bm":0,"ix":1,"mn":"ADBE Vector Group","hd":false}],"ip":37,"op":158,"st":20,"bm":0},{"ddd":0,"ind":14,"ty":4,"nm":"mouth ","parent":10,"sr":1,"ks":{"o":{"a":0,"k":100,"ix":11},"r":{"a":0,"k":0,"ix":10},"p":{"s":true,"x":{"a":0,"k":0,"ix":3},"y":{"a":1,"k":[{"t":0,"s":[169.036],"h":1},{"i":{"x":[0.667],"y":[1]},"o":{"x":[0.167],"y":[0]},"t":37.5,"s":[169.036]},{"i":{"x":[0],"y":[1]},"o":{"x":[0.333],"y":[0]},"t":47.5,"s":[169.036]},{"i":{"x":[0.667],"y":[1]},"o":{"x":[0.167],"y":[0]},"t":82.5,"s":[195.536]},{"i":{"x":[0.833],"y":[0.833]},"o":{"x":[0.333],"y":[0]},"t":155,"s":[195.536]},{"i":{"x":[0.611],"y":[1]},"o":{"x":[0.167],"y":[0.167]},"t":157.5,"s":[175.157]},{"t":180,"s":[169.036]}],"ix":4}},"a":{"a":0,"k":[-0.012,28.68,0],"ix":1,"l":2},"s":{"a":0,"k":[100,100,100],"ix":6,"l":2}},"ao":0,"shapes":[{"ty":"gr","it":[{"ind":0,"ty":"sh","ix":1,"ks":{"a":1,"k":[{"t":0,"s":[{"i":[[-1.527,-3.665],[4.682,-5.396],[54.506,0],[34.84,39.387],[-2.986,6.556],[-3.338,1.868],[-5.566,-3.433],[-38.869,0.143],[-38.028,22.131],[-5.443,-3.116]],"o":[[2.921,6.556],[-34.795,39.336],[-54.506,0],[-4.722,-5.421],[1.58,-3.722],[5.414,-3.029],[38.729,22.334],[38.262,-0.141],[5.595,-3.458],[3.279,1.877]],"v":[[119.212,-40.471],[116.306,-20.749],[-21.771,41.064],[-160.053,-20.795],[-162.906,-40.498],[-155.205,-48.998],[-137.353,-48.883],[-20.859,-15.542],[93.668,-48.898],[111.684,-48.897]],"c":true}],"h":1},{"i":{"x":0.667,"y":1},"o":{"x":0.167,"y":0.167},"t":37.5,"s":[{"i":[[-1.527,-3.665],[4.682,-5.396],[54.506,0],[34.84,39.387],[-2.986,6.556],[-3.338,1.868],[-5.566,-3.433],[-38.869,0.143],[-38.028,22.131],[-5.443,-3.116]],"o":[[2.921,6.556],[-34.795,39.336],[-54.506,0],[-4.722,-5.421],[1.58,-3.722],[5.414,-3.029],[38.729,22.334],[38.262,-0.141],[5.595,-3.458],[3.279,1.877]],"v":[[119.212,-40.471],[116.306,-20.749],[-21.771,41.064],[-160.053,-20.795],[-162.906,-40.498],[-155.205,-48.998],[-137.353,-48.883],[-20.859,-15.542],[93.668,-48.898],[111.684,-48.897]],"c":true}]},{"i":{"x":0,"y":1},"o":{"x":0.333,"y":0},"t":47.5,"s":[{"i":[[-1.527,-3.665],[4.682,-5.396],[54.506,0],[34.84,39.387],[-2.986,6.556],[-3.338,1.868],[-5.566,-3.433],[-38.869,0.143],[-38.028,22.131],[-5.443,-3.116]],"o":[[2.921,6.556],[-34.795,39.336],[-54.506,0],[-4.722,-5.421],[1.58,-3.722],[5.414,-3.029],[38.729,22.334],[38.262,-0.141],[5.595,-3.458],[3.279,1.877]],"v":[[119.212,-40.471],[116.306,-20.749],[-21.771,41.064],[-160.053,-20.795],[-162.906,-40.498],[-155.205,-48.998],[-137.353,-48.883],[-20.859,-15.542],[93.668,-48.898],[111.684,-48.897]],"c":true}]},{"i":{"x":0.667,"y":1},"o":{"x":0.167,"y":0},"t":82.5,"s":[{"i":[[-2.32,-5.2],[3.76,-4.24],[75.646,0],[48.56,53.92],[-2.32,5.12],[-5.12,0],[-2.24,-1.28],[-68.867,0],[-38.48,22.16],[0,0]],"o":[[2.4,5.12],[-48.56,53.92],[-75.646,0],[-3.68,-4.24],[2.32,-5.2],[5.12,0],[38.56,22.16],[68.867,0],[2.24,-1.28],[5.68,0.08]],"v":[[171.119,-57.28],[168.879,-41.92],[-22.561,41.92],[-212.961,-41.92],[-215.201,-57.28],[-202.081,-65.92],[-194.721,-63.92],[-22.561,-14.24],[150.639,-63.92],[157.999,-65.92]],"c":true}]},{"i":{"x":0.833,"y":0.833},"o":{"x":0.333,"y":0},"t":155,"s":[{"i":[[-2.32,-5.2],[3.76,-4.24],[75.646,0],[48.56,53.92],[-2.32,5.12],[-5.12,0],[-2.24,-1.28],[-68.867,0],[-38.48,22.16],[0,0]],"o":[[2.4,5.12],[-48.56,53.92],[-75.646,0],[-3.68,-4.24],[2.32,-5.2],[5.12,0],[38.56,22.16],[68.867,0],[2.24,-1.28],[5.68,0.08]],"v":[[171.119,-57.28],[168.879,-41.92],[-22.561,41.92],[-212.961,-41.92],[-215.201,-57.28],[-202.081,-65.92],[-194.721,-63.92],[-22.561,-14.24],[150.639,-63.92],[157.999,-65.92]],"c":true}]},{"i":{"x":0,"y":1},"o":{"x":0.167,"y":0.167},"t":157.5,"s":[{"i":[[-1.711,-4.02],[4.469,-5.129],[59.389,0],[38.009,42.744],[-2.832,6.224],[-3.75,1.436],[-4.798,-2.936],[-45.799,0.11],[-38.133,22.138],[-4.185,-2.396]],"o":[[2.8,6.224],[-37.975,42.705],[-59.389,0],[-4.482,-5.148],[1.751,-4.064],[5.346,-2.33],[38.69,22.293],[45.332,-0.108],[4.82,-2.955],[3.833,1.462]],"v":[[131.202,-44.353],[128.45,-25.639],[-21.953,41.262],[-172.274,-25.674],[-174.986,-44.374],[-166.033,-52.907],[-150.604,-52.356],[-21.252,-15.241],[106.828,-52.368],[122.382,-52.829]],"c":true}]},{"t":180,"s":[{"i":[[-1.527,-3.665],[4.682,-5.396],[54.506,0],[34.84,39.387],[-2.986,6.556],[-3.338,1.868],[-5.566,-3.433],[-38.869,0.143],[-38.028,22.131],[-5.443,-3.116]],"o":[[2.921,6.556],[-34.795,39.336],[-54.506,0],[-4.722,-5.421],[1.58,-3.722],[5.414,-3.029],[38.729,22.334],[38.262,-0.141],[5.595,-3.458],[3.279,1.877]],"v":[[119.212,-40.471],[116.306,-20.749],[-21.771,41.064],[-160.053,-20.795],[-162.906,-40.498],[-155.205,-48.998],[-137.353,-48.883],[-20.859,-15.542],[93.668,-48.898],[111.684,-48.897]],"c":true}]}],"ix":2},"nm":"Path 1","mn":"ADBE Vector Shape - Group","hd":false},{"ty":"fl","c":{"a":0,"k":[0.258999992819,0.169000004787,0.051000000449,1],"ix":4},"o":{"a":0,"k":100,"ix":5},"r":1,"bm":0,"nm":"Fill 1","mn":"ADBE Vector Graphic - Fill","hd":false},{"ty":"tr","p":{"a":0,"k":[22,12],"ix":2},"a":{"a":0,"k":[0,0],"ix":1},"s":{"a":0,"k":[100,100],"ix":3},"r":{"a":0,"k":0,"ix":6},"o":{"a":0,"k":100,"ix":7},"sk":{"a":0,"k":0,"ix":4},"sa":{"a":0,"k":0,"ix":5},"nm":"Transform"}],"nm":"Group 1","np":2,"cix":2,"bm":0,"ix":1,"mn":"ADBE Vector Group","hd":false}],"ip":0,"op":205,"st":0,"bm":0},{"ddd":0,"ind":15,"ty":4,"nm":"base matte","parent":17,"td":1,"sr":1,"ks":{"o":{"a":0,"k":100,"ix":11},"r":{"a":0,"k":0,"ix":10},"p":{"s":true,"x":{"a":0,"k":-2,"ix":3},"y":{"a":0,"k":-3,"ix":4}},"a":{"a":0,"k":[0,0,0],"ix":1,"l":2},"s":{"a":0,"k":[100,100,100],"ix":6,"l":2}},"ao":0,"shapes":[{"ty":"gr","it":[{"ind":0,"ty":"sh","ix":1,"ks":{"a":0,"k":{"i":[[15.4,0],[0,38.4],[-27.9,0],[-10.6,-9.3],[0,-16.9],[11.5,-10.2]],"o":[[-27.9,0],[0,-38.4],[15.5,0],[11.5,10.2],[0,16.9],[-10.6,9.3]],"v":[[0,55.9],[-58,0],[0,-55.9],[40.4,-41.5],[58,0],[40.4,41.4]],"c":true},"ix":2},"nm":"Path 1","mn":"ADBE Vector Shape - Group","hd":false},{"ty":"gf","o":{"a":0,"k":100,"ix":10},"r":1,"bm":0,"g":{"p":5,"k":{"a":0,"k":[0.48,0.992,0.878,0.188,0.691,0.98,0.816,0.178,0.902,0.969,0.753,0.169,0.966,0.963,0.694,0.153,1,0.957,0.635,0.137],"ix":9}},"s":{"a":0,"k":[0,0],"ix":5},"e":{"a":0,"k":[56.225,0],"ix":6},"t":2,"h":{"a":0,"k":0,"ix":7},"a":{"a":0,"k":0,"ix":8},"nm":"Gradient Fill 1","mn":"ADBE Vector Graphic - G-Fill","hd":false},{"ty":"tr","p":{"a":0,"k":[0,0],"ix":2},"a":{"a":0,"k":[0,0],"ix":1},"s":{"a":0,"k":[100,100],"ix":3},"r":{"a":0,"k":0,"ix":6},"o":{"a":0,"k":100,"ix":7},"sk":{"a":0,"k":0,"ix":4},"sa":{"a":0,"k":0,"ix":5},"nm":"Transform"}],"nm":"Group 1","np":2,"cix":2,"bm":0,"ix":1,"mn":"ADBE Vector Group","hd":false}],"ip":0,"op":205,"st":0,"bm":0},{"ddd":0,"ind":16,"ty":4,"nm":"base shadow","parent":17,"tt":2,"sr":1,"ks":{"o":{"a":0,"k":100,"ix":11},"r":{"a":0,"k":0,"ix":10},"p":{"a":0,"k":[0,0,0],"ix":2,"l":2},"a":{"a":0,"k":[0,0,0],"ix":1,"l":2},"s":{"a":0,"k":[100,100,100],"ix":6,"l":2}},"ao":0,"shapes":[{"ty":"gr","it":[{"ind":0,"ty":"sh","ix":1,"ks":{"a":0,"k":{"i":[[15.4,0],[0,38.4],[-27.9,0],[-10.6,-9.3],[0,-16.9],[11.5,-10.2]],"o":[[-27.9,0],[0,-38.4],[15.5,0],[11.5,10.2],[0,16.9],[-10.6,9.3]],"v":[[0,55.9],[-58,0],[0,-55.9],[40.4,-41.5],[58,0],[40.4,41.4]],"c":true},"ix":2},"nm":"Path 1","mn":"ADBE Vector Shape - Group","hd":false},{"ty":"fl","c":{"a":0,"k":[0.921568627451,0.560784313725,0,1],"ix":4},"o":{"a":0,"k":100,"ix":5},"r":1,"bm":0,"nm":"Fill 1","mn":"ADBE Vector Graphic - Fill","hd":false},{"ty":"tr","p":{"a":0,"k":[0,0],"ix":2},"a":{"a":0,"k":[0,0],"ix":1},"s":{"a":0,"k":[100,100],"ix":3},"r":{"a":0,"k":0,"ix":6},"o":{"a":0,"k":100,"ix":7},"sk":{"a":0,"k":0,"ix":4},"sa":{"a":0,"k":0,"ix":5},"nm":"Transform"}],"nm":"Group 1","np":2,"cix":2,"bm":0,"ix":1,"mn":"ADBE Vector Group","hd":false}],"ip":0,"op":205,"st":0,"bm":0},{"ddd":0,"ind":17,"ty":4,"nm":"base","parent":1,"sr":1,"ks":{"o":{"a":0,"k":100,"ix":11},"r":{"a":0,"k":0,"ix":10},"p":{"a":0,"k":[0,0,0],"ix":2,"l":2},"a":{"a":0,"k":[0,0,0],"ix":1,"l":2},"s":{"a":0,"k":[800,800,100],"ix":6,"l":2}},"ao":0,"shapes":[{"ty":"gr","it":[{"ind":0,"ty":"sh","ix":1,"ks":{"a":0,"k":{"i":[[15.4,0],[0,38.4],[-27.9,0],[-10.6,-9.3],[0,-16.9],[11.5,-10.2]],"o":[[-27.9,0],[0,-38.4],[15.5,0],[11.5,10.2],[0,16.9],[-10.6,9.3]],"v":[[0,55.9],[-58,0],[0,-55.9],[40.4,-41.5],[58,0],[40.4,41.4]],"c":true},"ix":2},"nm":"Path 1","mn":"ADBE Vector Shape - Group","hd":false},{"ty":"gf","o":{"a":0,"k":100,"ix":10},"r":1,"bm":0,"g":{"p":5,"k":{"a":0,"k":[0.48,0.992,0.878,0.188,0.691,0.98,0.816,0.178,0.902,0.969,0.753,0.169,0.966,0.963,0.694,0.153,1,0.957,0.635,0.137],"ix":9}},"s":{"a":0,"k":[0,0],"ix":5},"e":{"a":0,"k":[56.225,0],"ix":6},"t":2,"h":{"a":0,"k":0,"ix":7},"a":{"a":0,"k":0,"ix":8},"nm":"Gradient Fill 1","mn":"ADBE Vector Graphic - G-Fill","hd":false},{"ty":"tr","p":{"a":0,"k":[0,0],"ix":2},"a":{"a":0,"k":[0,0],"ix":1},"s":{"a":0,"k":[100,100],"ix":3},"r":{"a":0,"k":0,"ix":6},"o":{"a":0,"k":100,"ix":7},"sk":{"a":0,"k":0,"ix":4},"sa":{"a":0,"k":0,"ix":5},"nm":"Transform"}],"nm":"Group 1","np":2,"cix":2,"bm":0,"ix":1,"mn":"ADBE Vector Group","hd":false}],"ip":0,"op":205,"st":0,"bm":0},{"ddd":0,"ind":18,"ty":4,"nm":"HALO 4","parent":2,"sr":1,"ks":{"o":{"a":0,"k":100,"ix":11},"r":{"a":0,"k":0,"ix":10},"p":{"a":0,"k":[0,22,0],"ix":2,"l":2},"a":{"a":0,"k":[0,0,0],"ix":1,"l":2},"s":{"a":0,"k":[100,100,100],"ix":6,"l":2}},"ao":0,"shapes":[{"ty":"gr","it":[{"ind":0,"ty":"sh","ix":1,"ks":{"a":1,"k":[{"i":{"x":0.833,"y":0.833},"o":{"x":0.167,"y":0.167},"t":145,"s":[{"i":[[195.065,0],[0,22.695],[-263.751,0],[0,-22.722]],"o":[[-195.065,0],[0,-22.695],[249.21,0],[0,22.722]],"v":[[0.148,-10],[-353.333,-51.096],[0.148,-97.655],[353.333,-51.096]],"c":true}]},{"i":{"x":0.833,"y":0.833},"o":{"x":0.167,"y":0.167},"t":147.5,"s":[{"i":[[212.299,0],[0,32.37],[-287.053,0],[0,-32.409]],"o":[[-212.299,0],[0,-32.37],[271.228,0],[0,32.409]],"v":[[0.161,22.726],[-384.55,-35.89],[0.161,-102.297],[384.55,-35.89]],"c":true}]},{"i":{"x":0.833,"y":0.833},"o":{"x":0.167,"y":0.167},"t":157.5,"s":[{"i":[[199.85,0],[0,46.452],[-256.652,0],[0,-46.508]],"o":[[-199.849,0],[0,-46.452],[245.68,0],[0,46.508]],"v":[[0.151,41.581],[-362,-42.535],[0.151,-130.224],[362,-42.535]],"c":true}]},{"i":{"x":0.833,"y":0.833},"o":{"x":0.167,"y":0.167},"t":167.5,"s":[{"i":[[75.082,0],[0,22.695],[-101.519,0],[0,-22.722]],"o":[[-75.082,0],[0,-22.695],[95.922,0],[0,22.722]],"v":[[0.057,30],[-136,-11.096],[0.057,-57.655],[136,-11.096]],"c":true}]},{"t":182.5,"s":[{"i":[[202.2,0],[0,93.222],[-181.27,0],[0,-93.333]],"o":[[-202.2,0],[0,-93.222],[181.27,0],[0,93.333]],"v":[[0.125,330.678],[-300,159.676],[0.125,-6],[300,159.676]],"c":true}]}],"ix":2},"nm":"Path 1","mn":"ADBE Vector Shape - Group","hd":false},{"ind":1,"ty":"sh","ix":2,"ks":{"a":1,"k":[{"i":{"x":0.833,"y":0.833},"o":{"x":0.167,"y":0.167},"t":145,"s":[{"i":[[150.914,0],[0,0],[-151.151,0],[0,0]],"o":[[-151.151,0],[0,0],[151.151,0],[0,0]],"v":[[0.166,-55.986],[-148.252,-55.991],[0.166,-56],[148.583,-55.991]],"c":true}]},{"i":{"x":0.833,"y":0.833},"o":{"x":0.167,"y":0.167},"t":147.5,"s":[{"i":[[164.145,0],[0,-9.044],[-164.403,0],[0,9.062]],"o":[[-164.403,0],[0,9.044],[164.403,0],[0,-9.062]],"v":[[0.174,-51.175],[-203.579,-38.458],[0.174,-20.083],[203.928,-38.55]],"c":true}]},{"i":{"x":0.833,"y":0.833},"o":{"x":0.167,"y":0.167},"t":157.5,"s":[{"i":[[161.581,0],[0,-26.451],[-161.834,0],[0,26.505]],"o":[[-161.835,0],[0,26.451],[161.834,0],[0,-26.505]],"v":[[0.166,-86.224],[-265.669,-43.43],[0.166,10.328],[266,-43.698]],"c":true}]},{"i":{"x":0.833,"y":0.833},"o":{"x":0.167,"y":0.167},"t":167.5,"s":[{"i":[[58.088,0],[0,0],[-58.179,0],[0,0]],"o":[[-58.179,0],[0,0],[58.179,0],[0,0]],"v":[[0.064,-15.986],[-57.063,-15.991],[0.064,-16],[57.191,-15.991]],"c":true}]},{"t":182.5,"s":[{"i":[[146.635,0],[0,-65.221],[-179.302,0],[0,65.354]],"o":[[-146.865,0],[0,65.221],[179.302,0],[0,-65.354]],"v":[[0.144,27.025],[-265.848,159.13],[0.144,305.482],[266.136,158.468]],"c":true}]}],"ix":2},"nm":"Path 2","mn":"ADBE Vector Shape - Group","hd":false},{"ty":"fl","c":{"a":0,"k":[0.309803921569,0.764705882353,0.96862745098,1],"ix":4},"o":{"a":0,"k":100,"ix":5},"r":1,"bm":0,"nm":"Fill 1","mn":"ADBE Vector Graphic - Fill","hd":false},{"ty":"tr","p":{"a":0,"k":[0,0],"ix":2},"a":{"a":0,"k":[0,0],"ix":1},"s":{"a":0,"k":[100,100],"ix":3},"r":{"a":0,"k":0,"ix":6},"o":{"a":0,"k":100,"ix":7},"sk":{"a":0,"k":0,"ix":4},"sa":{"a":0,"k":0,"ix":5},"nm":"Transform"}],"nm":"Shape 1","np":4,"cix":2,"bm":0,"ix":1,"mn":"ADBE Vector Group","hd":false}],"ip":158,"op":166,"st":-12.5,"bm":0},{"ddd":0,"ind":19,"ty":1,"nm":"Dark Gray Solid 1","td":1,"sr":1,"ks":{"o":{"a":0,"k":100,"ix":11},"r":{"a":0,"k":0,"ix":10},"p":{"a":0,"k":[488,546,0],"ix":2,"l":2},"a":{"a":0,"k":[512,512,0],"ix":1,"l":2},"s":{"a":0,"k":[100,100,100],"ix":6,"l":2}},"ao":0,"hasMask":true,"masksProperties":[{"inv":false,"mode":"a","pt":{"a":1,"k":[{"i":{"x":0.833,"y":0.833},"o":{"x":0.167,"y":0.167},"t":0,"s":[{"i":[[0,0],[0,0],[0,0],[0,0],[0,0]],"o":[[0,0],[0,0],[0,0],[0,0],[0,0]],"v":[[657.5,60.5],[529.5,72.5],[530.5,242.5],[1060.715,233.226],[647.5,228.5]],"c":true}]},{"i":{"x":0.833,"y":0.833},"o":{"x":0.167,"y":0.167},"t":5,"s":[{"i":[[0,0],[0,0],[0,0],[0,0],[0,0]],"o":[[0,0],[0,0],[0,0],[0,0],[0,0]],"v":[[760.143,66.227],[542.716,76.024],[545.478,242.5],[1052.638,223.136],[872.711,196.826]],"c":true}]},{"i":{"x":0.25,"y":1},"o":{"x":0.167,"y":0.167},"t":10,"s":[{"i":[[0,0],[0,0],[0,0],[0,0],[0,0]],"o":[[0,0],[0,0],[0,0],[0,0],[0,0]],"v":[[862.786,71.954],[555.932,79.548],[560.456,242.5],[1044.562,213.045],[1001.923,145.152]],"c":true}]},{"i":{"x":0.833,"y":1},"o":{"x":0.333,"y":0},"t":17.5,"s":[{"i":[[0,0],[0,0],[0,0],[0,0],[0,0]],"o":[[0,0],[0,0],[0,0],[0,0],[0,0]],"v":[[890.5,73.5],[559.5,80.5],[564.5,242.5],[1042.381,210.32],[1047.5,88.5]],"c":true}]},{"t":37,"s":[{"i":[[0,0],[0,0],[0,0],[0,0],[0,0]],"o":[[0,0],[0,0],[0,0],[0,0],[0,0]],"v":[[890.5,-0.5],[559.5,6.5],[564.5,248.5],[1042.381,210.32],[1047.5,44.5]],"c":true}]}],"ix":1},"o":{"a":0,"k":100,"ix":3},"x":{"a":0,"k":0,"ix":4},"nm":"Mask 1"}],"sw":1024,"sh":1024,"sc":"#434343","ip":0,"op":37,"st":0,"bm":0},{"ddd":0,"ind":20,"ty":4,"nm":"halo back R","parent":2,"tt":1,"sr":1,"ks":{"o":{"a":0,"k":100,"ix":11},"r":{"a":0,"k":0,"ix":10},"p":{"a":0,"k":[238.5,53.5,0],"ix":2,"l":2},"a":{"a":0,"k":[274.5,-373.5,0],"ix":1,"l":2},"s":{"a":0,"k":[100,100,100],"ix":6,"l":2}},"ao":0,"shapes":[{"ty":"gr","it":[{"ind":0,"ty":"sh","ix":1,"ks":{"a":1,"k":[{"i":{"x":0.833,"y":0.833},"o":{"x":1,"y":0},"t":0,"s":[{"i":[[0,0],[276.203,0],[0,0],[0,36.572]],"o":[[0,21.549],[0,0],[343.82,0],[0,0]],"v":[[413.713,-426.484],[75.18,-353.094],[75.18,-322.888],[496.82,-429.112]],"c":true}]},{"i":{"x":0.833,"y":0.833},"o":{"x":0.167,"y":0.167},"t":25,"s":[{"i":[[0,0],[232.725,0],[0,0],[0.507,35.868]],"o":[[0,21.549],[0,0],[289.699,0],[-0.32,-22.638]],"v":[[413.713,-426.484],[75.18,-372.572],[75.18,-342.366],[496.82,-429.112]],"c":true}]},{"i":{"x":0.833,"y":0.833},"o":{"x":0.167,"y":0.167},"t":30,"s":[{"i":[[0,0],[186.918,0],[0,0],[0.814,37.963]],"o":[[0,21.549],[0,0],[232.678,0],[-0.32,-14.935]],"v":[[421.213,-426.484],[75.18,-393.094],[75.18,-362.888],[504.32,-429.112]],"c":true}]},{"i":{"x":0.833,"y":0.833},"o":{"x":0.167,"y":0.167},"t":34,"s":[{"i":[[34.855,5.792],[186.918,0],[0,0],[1.246,37.606]],"o":[[-34.855,-5.792],[0,0],[210.371,5.233],[-0.546,-9.616]],"v":[[422.855,-442.198],[75.282,-442.237],[75.282,-402.888],[506.534,-425.112]],"c":true}]},{"t":37,"s":[{"i":[[28.713,4.246],[186.918,0],[0,0],[-0.32,29.382]],"o":[[-28.713,-4.246],[0,0],[193.641,9.158],[0.184,-16.855]],"v":[[436.713,-443.484],[75.359,-451.094],[75.359,-404.888],[512.57,-418.362]],"c":true}]}],"ix":2},"nm":"Path 1","mn":"ADBE Vector Shape - Group","hd":false},{"ty":"st","c":{"a":0,"k":[0.309803921569,0.764705882353,0.96862745098,1],"ix":3},"o":{"a":0,"k":100,"ix":4},"w":{"a":0,"k":5,"ix":5},"lc":1,"lj":1,"ml":4,"bm":0,"nm":"Stroke 1","mn":"ADBE Vector Graphic - Stroke","hd":false},{"ty":"fl","c":{"a":0,"k":[0.309803921569,0.764705882353,0.96862745098,1],"ix":4},"o":{"a":0,"k":100,"ix":5},"r":1,"bm":0,"nm":"Fill 1","mn":"ADBE Vector Graphic - Fill","hd":false},{"ty":"tr","p":{"a":0,"k":[0,0],"ix":2},"a":{"a":0,"k":[0,0],"ix":1},"s":{"a":0,"k":[100,100],"ix":3},"r":{"a":0,"k":0,"ix":6},"o":{"a":0,"k":100,"ix":7},"sk":{"a":0,"k":0,"ix":4},"sa":{"a":0,"k":0,"ix":5},"nm":"Transform"}],"nm":"Shape 1","np":3,"cix":2,"bm":0,"ix":1,"mn":"ADBE Vector Group","hd":false}],"ip":0,"op":37,"st":0,"bm":0}],"markers":[{"tm":127,"cm":"rest","dr":0}]}