{"v":"5.8.1","fr":60,"ip":0,"op":194,"w":1024,"h":1024,"nm":"46. Face with medical mask","ddd":0,"assets":[],"layers":[{"ddd":0,"ind":1,"ty":3,"nm":"Null ALL","sr":1,"ks":{"o":{"a":0,"k":0,"ix":11},"r":{"a":0,"k":0,"ix":10},"p":{"a":1,"k":[{"i":{"x":0.114,"y":1},"o":{"x":0.624,"y":0},"t":36,"s":[509,504,0],"to":[0,-3,0],"ti":[0,-1,0]},{"i":{"x":0.667,"y":1},"o":{"x":1,"y":0},"t":74,"s":[509,486,0],"to":[0,1,0],"ti":[0,-2.667,0]},{"i":{"x":0.667,"y":1},"o":{"x":0.333,"y":0},"t":96,"s":[509,510,0],"to":[0,2.667,0],"ti":[0,1,0]},{"i":{"x":0.667,"y":1},"o":{"x":0.333,"y":0},"t":104.572,"s":[509,502,0],"to":[0,-1,0],"ti":[0,-0.333,0]},{"i":{"x":0.667,"y":0.667},"o":{"x":0.333,"y":0.333},"t":113.143,"s":[509,504,0],"to":[0,0,0],"ti":[0,0,0]},{"t":120,"s":[509,504,0]}],"ix":2,"l":2},"a":{"a":0,"k":[0,0,0],"ix":1,"l":2},"s":{"a":0,"k":[100,100,100],"ix":6,"l":2}},"ao":0,"ip":0,"op":204,"st":0,"bm":0},{"ddd":0,"ind":2,"ty":1,"nm":"Null FACE","parent":1,"sr":1,"ks":{"o":{"a":0,"k":0,"ix":11},"r":{"a":0,"k":0,"ix":10},"p":{"a":1,"k":[{"i":{"x":0.114,"y":1},"o":{"x":0.624,"y":0},"t":36,"s":[0,0,0],"to":[0,-11.333,0],"ti":[0,-2,0]},{"i":{"x":0.667,"y":1},"o":{"x":1,"y":0},"t":74,"s":[0,-68,0],"to":[0,2,0],"ti":[0,-10.333,0]},{"i":{"x":0.667,"y":1},"o":{"x":0.333,"y":0},"t":96,"s":[0,12,0],"to":[0,10.333,0],"ti":[0,1.667,0]},{"i":{"x":0.667,"y":1},"o":{"x":0.333,"y":0},"t":104.572,"s":[0,-6,0],"to":[0,-1.667,0],"ti":[0,-1,0]},{"i":{"x":0.667,"y":1},"o":{"x":0.333,"y":0},"t":113.143,"s":[0,2,0],"to":[0,1,0],"ti":[0,0.333,0]},{"t":120,"s":[0,0,0]}],"ix":2,"l":2},"a":{"a":0,"k":[0,0,0],"ix":1,"l":2},"s":{"a":0,"k":[100,100,100],"ix":6,"l":2}},"ao":0,"sw":100,"sh":100,"sc":"#ffffff","ip":0,"op":204,"st":0,"bm":0},{"ddd":0,"ind":3,"ty":4,"nm":"base normal 2","parent":1,"td":1,"sr":1,"ks":{"o":{"a":0,"k":100,"ix":11},"r":{"a":0,"k":0,"ix":10},"p":{"a":0,"k":[0,0,0],"ix":2,"l":2},"a":{"a":0,"k":[0,0,0],"ix":1,"l":2},"s":{"a":0,"k":[802,802,100],"ix":6,"l":2}},"ao":0,"shapes":[{"ty":"gr","it":[{"ind":0,"ty":"sh","ix":1,"ks":{"a":0,"k":{"i":[[15.4,0],[0,38.4],[-27.9,0],[-10.6,-9.3],[0,-16.9],[11.5,-10.2]],"o":[[-27.9,0],[0,-38.4],[15.5,0],[11.5,10.2],[0,16.9],[-10.6,9.3]],"v":[[0,55.9],[-58,0],[0,-55.9],[40.4,-41.5],[58,0],[40.4,41.4]],"c":true},"ix":2},"nm":"Path 1","mn":"ADBE Vector Shape - Group","hd":false},{"ty":"gf","o":{"a":0,"k":100,"ix":10},"r":1,"bm":0,"g":{"p":5,"k":{"a":0,"k":[0.48,0.992,0.878,0.188,0.691,0.98,0.816,0.178,0.902,0.969,0.753,0.169,0.966,0.963,0.694,0.153,1,0.957,0.635,0.137],"ix":9}},"s":{"a":0,"k":[0,0],"ix":5},"e":{"a":0,"k":[56.225,0],"ix":6},"t":2,"h":{"a":0,"k":0,"ix":7},"a":{"a":0,"k":0,"ix":8},"nm":"Gradient Fill 1","mn":"ADBE Vector Graphic - G-Fill","hd":false},{"ty":"tr","p":{"a":0,"k":[0,0],"ix":2},"a":{"a":0,"k":[0,0],"ix":1},"s":{"a":0,"k":[100,100],"ix":3},"r":{"a":0,"k":0,"ix":6},"o":{"a":0,"k":100,"ix":7},"sk":{"a":0,"k":0,"ix":4},"sa":{"a":0,"k":0,"ix":5},"nm":"Transform"}],"nm":"Group 1","np":2,"cix":2,"bm":0,"ix":1,"mn":"ADBE Vector Group","hd":false}],"ip":0,"op":200,"st":0,"bm":0},{"ddd":0,"ind":4,"ty":4,"nm":"mask","parent":2,"tt":1,"sr":1,"ks":{"o":{"a":0,"k":100,"ix":11},"r":{"a":0,"k":0,"ix":10},"p":{"a":0,"k":[-0.52,171.76,0],"ix":2,"l":2},"a":{"a":0,"k":[466.97,197.45,0],"ix":1,"l":2},"s":{"a":0,"k":[100,100,100],"ix":6,"l":2}},"ao":0,"shapes":[{"ty":"gr","it":[{"ind":0,"ty":"sh","ix":1,"ks":{"a":0,"k":{"i":[[6.16,1.04],[-6.16,-3.52],[-2.32,-6.56],[-1.2,-12.4],[0.24,-24.4],[2.32,-24.32],[0.72,-5.84],[1.52,-6.32],[3.76,-5.601],[6.08,-1.52],[0.16,11.28],[0.72,6.081],[0.4,6.16],[-0.24,24.32],[-1.6,24.24],[0,0],[0.48,5.04],[3.44,4.08]],"o":[[6,-1.6],[6.08,3.6],[3.84,13.44],[2.24,24.48],[-0.24,24.401],[-0.56,6],[-0.64,6.08],[-1.6,6.321],[-3.76,5.519],[9.84,-8.08],[0,-5.76],[-0.64,-6.32],[-1.52,-24.399],[0.32,-24.32],[0,0],[0.32,-5.92],[-0.32,-5.28],[-3.44,-3.84]],"v":[[-20.28,-134.2],[-1.16,-131.56],[11.64,-114.92],[17.48,-77.32],[20.04,-4.04],[16.36,69],[14.6,87.08],[11.8,106.04],[4.12,124.361],[-11.32,135.8],[0.12,104.68],[-1.16,87.24],[-2.44,68.76],[-4.04,-4.28],[-1.24,-77.08],[-0.2,-95.16],[0.2,-112.28],[-5.32,-126.44]],"c":true},"ix":2},"nm":"Path 1","mn":"ADBE Vector Shape - Group","hd":false},{"ty":"fl","c":{"a":0,"k":[0.501999978458,0.501999978458,0.501999978458,1],"ix":4},"o":{"a":0,"k":100,"ix":5},"r":1,"bm":0,"nm":"Fill 1","mn":"ADBE Vector Graphic - Fill","hd":false},{"ty":"tr","p":{"a":0,"k":[757.97,195.89],"ix":2},"a":{"a":0,"k":[0,0],"ix":1},"s":{"a":0,"k":[100,100],"ix":3},"r":{"a":0,"k":0,"ix":6},"o":{"a":0,"k":100,"ix":7},"sk":{"a":0,"k":0,"ix":4},"sa":{"a":0,"k":0,"ix":5},"nm":"Transform"}],"nm":"Group 1","np":2,"cix":2,"bm":0,"ix":1,"mn":"ADBE Vector Group","hd":false},{"ty":"gr","it":[{"ind":0,"ty":"sh","ix":1,"ks":{"a":0,"k":{"i":[[-6,-1.6],[3.52,-3.92],[0.32,-5.28],[-0.32,-5.92],[0,0],[-0.32,-24.32],[1.52,-24.4],[0.64,-6.4],[0,-5.68],[-9.84,-8.08],[3.76,5.52],[1.6,6.4],[0.64,6.079],[0.64,6.08],[0.24,24.4],[-2.24,24.479],[-3.84,13.44],[-6.08,3.6]],"o":[[-6.08,1.04],[-3.36,4.08],[-0.48,5.04],[0,0],[1.6,24.16],[0.24,24.32],[-0.4,6.16],[-0.72,6.08],[-0.16,11.28],[-6.08,-1.52],[-3.76,-5.52],[-1.52,-6.4],[-0.72,-5.84],[-2.32,-24.32],[-0.24,-24.4],[1.2,-12.4],[2.32,-6.56],[6.24,-3.6]],"v":[[20.32,-134.24],[5.28,-126.4],[-0.24,-112.24],[0.16,-95.12],[1.2,-77.04],[4,-4.24],[2.4,68.8],[1.12,87.28],[-0.16,104.72],[11.28,135.84],[-4.16,124.4],[-11.84,106.08],[-14.64,87.12],[-16.4,69.04],[-20.08,-4],[-17.52,-77.28],[-11.68,-114.88],[1.12,-131.52]],"c":true},"ix":2},"nm":"Path 1","mn":"ADBE Vector Shape - Group","hd":false},{"ty":"fl","c":{"a":0,"k":[0.501999978458,0.501999978458,0.501999978458,1],"ix":4},"o":{"a":0,"k":100,"ix":5},"r":1,"bm":0,"nm":"Fill 1","mn":"ADBE Vector Graphic - Fill","hd":false},{"ty":"tr","p":{"a":0,"k":[181.37,195.93],"ix":2},"a":{"a":0,"k":[0,0],"ix":1},"s":{"a":0,"k":[100,100],"ix":3},"r":{"a":0,"k":0,"ix":6},"o":{"a":0,"k":100,"ix":7},"sk":{"a":0,"k":0,"ix":4},"sa":{"a":0,"k":0,"ix":5},"nm":"Transform"}],"nm":"Group 2","np":2,"cix":2,"bm":0,"ix":2,"mn":"ADBE Vector Group","hd":false},{"ty":"gr","it":[{"ind":0,"ty":"sh","ix":1,"ks":{"a":0,"k":{"i":[[0,4.4],[0,0],[0,0],[0,0],[17.84,6.48],[107.52,0.08],[0,0],[0,0],[39.92,-14.56],[0.64,-13.92],[0,0],[0,0],[0,0],[-26.56,-12.8],[-120.56,0],[-29.44,14.24]],"o":[[0,0],[0,0],[0,0],[-0.56,-13.92],[-40,-14.56],[0,0],[0,0],[-107.52,0],[-17.84,6.48],[0,0],[0,0],[0,0],[0,4.4],[29.52,14.24],[120.56,0],[26.56,-12.8]],"v":[[295.92,93.8],[295.92,7.64],[295.92,-47.64],[295.84,-116.04],[268.72,-141.08],[0.08,-191.8],[0,-191.8],[-0.08,-191.8],[-268.72,-141.08],[-295.84,-116.04],[-295.92,-47.64],[-295.92,7.64],[-295.92,93.8],[-270.64,133],[0,191.8],[270.64,133]],"c":true},"ix":2},"nm":"Path 1","mn":"ADBE Vector Shape - Group","hd":false},{"ty":"fl","c":{"a":0,"k":[0.961000031116,0.961000031116,0.961000031116,1],"ix":4},"o":{"a":0,"k":100,"ix":5},"r":1,"bm":0,"nm":"Fill 1","mn":"ADBE Vector Graphic - Fill","hd":false},{"ty":"tr","p":{"a":0,"k":[470.41,202.85],"ix":2},"a":{"a":0,"k":[0,0],"ix":1},"s":{"a":0,"k":[100,100],"ix":3},"r":{"a":0,"k":0,"ix":6},"o":{"a":0,"k":100,"ix":7},"sk":{"a":0,"k":0,"ix":4},"sa":{"a":0,"k":0,"ix":5},"nm":"Transform"}],"nm":"Group 3","np":2,"cix":2,"bm":0,"ix":3,"mn":"ADBE Vector Group","hd":false},{"ty":"gr","it":[{"ind":0,"ty":"sh","ix":1,"ks":{"a":1,"k":[{"i":{"x":0.059,"y":1},"o":{"x":0.621,"y":0},"t":36,"s":[{"i":[[-91.977,5.34],[0,0],[0,0],[148.96,-5.16]],"o":[[125.04,-7.26],[3.68,39.761],[0,0],[-96.495,3.342]],"v":[[-45.96,-2.32],[171.6,-107.52],[169.76,-36.42],[-43.88,72.08]],"c":true}]},{"i":{"x":0.667,"y":1},"o":{"x":1,"y":0},"t":74,"s":[{"i":[[-91.977,5.34],[0,0],[0,0],[148.96,-5.16]],"o":[[125.04,-7.26],[3.68,39.761],[0,0],[-96.495,3.342]],"v":[[-45.96,-2.32],[179.6,-49.52],[177.76,21.58],[-43.88,72.08]],"c":true}]},{"i":{"x":0.667,"y":1},"o":{"x":0.333,"y":0},"t":96,"s":[{"i":[[-91.977,5.34],[0,0],[0,0],[148.96,-5.16]],"o":[[125.04,-7.26],[3.68,39.761],[0,0],[-96.495,3.342]],"v":[[-45.96,-2.32],[171.6,-112.52],[169.76,-41.42],[-43.88,72.08]],"c":true}]},{"t":104.572265625,"s":[{"i":[[-91.977,5.34],[0,0],[0,0],[148.96,-5.16]],"o":[[125.04,-7.26],[3.68,39.761],[0,0],[-96.495,3.342]],"v":[[-45.96,-2.32],[171.6,-107.52],[169.76,-36.42],[-43.88,72.08]],"c":true}]}],"ix":2},"nm":"Path 1","mn":"ADBE Vector Shape - Group","hd":false},{"ty":"fl","c":{"a":0,"k":[0.933000033509,0.933000033509,0.933000033509,1],"ix":4},"o":{"a":0,"k":100,"ix":5},"r":1,"bm":0,"nm":"Fill 1","mn":"ADBE Vector Graphic - Fill","hd":false},{"ty":"tr","p":{"a":0,"k":[793.41,77.77],"ix":2},"a":{"a":0,"k":[0,0],"ix":1},"s":{"a":0,"k":[100,100],"ix":3},"r":{"a":0,"k":0,"ix":6},"o":{"a":0,"k":100,"ix":7},"sk":{"a":0,"k":0,"ix":4},"sa":{"a":0,"k":0,"ix":5},"nm":"Transform"}],"nm":"Group 4","np":2,"cix":2,"bm":0,"ix":4,"mn":"ADBE Vector Group","hd":false},{"ty":"gr","it":[{"ind":0,"ty":"sh","ix":1,"ks":{"a":1,"k":[{"i":{"x":0.059,"y":1},"o":{"x":0.621,"y":0},"t":36,"s":[{"i":[[-56.115,-33.939],[0,0],[16.08,-15.92],[38.92,23.8]],"o":[[63.06,38.14],[-16.4,30.081],[0,0],[-36.16,-15.84]],"v":[[-26.2,-29.28],[160.5,-7.301],[113.78,53.18],[-29.56,42.56]],"c":true}]},{"i":{"x":0.667,"y":1},"o":{"x":1,"y":0},"t":74,"s":[{"i":[[-56.115,-33.939],[0,0],[16.08,-15.92],[38.92,23.8]],"o":[[63.06,38.14],[-16.4,30.081],[0,0],[-36.16,-15.84]],"v":[[-26.2,-29.28],[144.5,70.699],[97.78,131.18],[-29.56,42.56]],"c":true}]},{"i":{"x":0.667,"y":1},"o":{"x":0.333,"y":0},"t":96,"s":[{"i":[[-56.115,-33.939],[0,0],[16.08,-15.92],[38.92,23.8]],"o":[[63.06,38.14],[-16.4,30.081],[0,0],[-36.16,-15.84]],"v":[[-26.2,-29.28],[160.5,-11.301],[113.78,49.18],[-29.56,42.56]],"c":true}]},{"t":104.572265625,"s":[{"i":[[-56.115,-33.939],[0,0],[16.08,-15.92],[38.92,23.8]],"o":[[63.06,38.14],[-16.4,30.081],[0,0],[-36.16,-15.84]],"v":[[-26.2,-29.28],[160.5,-7.301],[113.78,53.18],[-29.56,42.56]],"c":true}]}],"ix":2},"nm":"Path 1","mn":"ADBE Vector Shape - Group","hd":false},{"ty":"fl","c":{"a":0,"k":[0.933000033509,0.933000033509,0.933000033509,1],"ix":4},"o":{"a":0,"k":100,"ix":5},"r":1,"bm":0,"nm":"Fill 1","mn":"ADBE Vector Graphic - Fill","hd":false},{"ty":"tr","p":{"a":0,"k":[776.13,280.331],"ix":2},"a":{"a":0,"k":[0,0],"ix":1},"s":{"a":0,"k":[100,100],"ix":3},"r":{"a":0,"k":0,"ix":6},"o":{"a":0,"k":100,"ix":7},"sk":{"a":0,"k":0,"ix":4},"sa":{"a":0,"k":0,"ix":5},"nm":"Transform"}],"nm":"Group 5","np":2,"cix":2,"bm":0,"ix":5,"mn":"ADBE Vector Group","hd":false},{"ty":"gr","it":[{"ind":0,"ty":"sh","ix":1,"ks":{"a":1,"k":[{"i":{"x":0.059,"y":1},"o":{"x":0.621,"y":0},"t":36,"s":[{"i":[[91.947,4.395],[0,0],[0,0],[-145.92,-7.16]],"o":[[-120.5,-5.76],[-3.68,39.761],[0,0],[96.437,4.732]],"v":[[45.96,-2.32],[-157.1,-97.02],[-160.76,-27.42],[43.88,72.08]],"c":true}]},{"i":{"x":0.667,"y":1},"o":{"x":1,"y":0},"t":74,"s":[{"i":[[91.947,4.395],[0,0],[0,0],[-145.92,-7.16]],"o":[[-120.5,-5.76],[-3.68,39.761],[0,0],[96.437,4.732]],"v":[[45.96,-2.32],[-165.1,-35.02],[-168.76,34.58],[43.88,72.08]],"c":true}]},{"i":{"x":0.667,"y":1},"o":{"x":0.333,"y":0},"t":96,"s":[{"i":[[91.947,4.395],[0,0],[0,0],[-145.92,-7.16]],"o":[[-120.5,-5.76],[-3.68,39.761],[0,0],[96.437,4.732]],"v":[[45.96,-2.32],[-157.1,-99.02],[-160.76,-29.42],[43.88,72.08]],"c":true}]},{"t":104.572265625,"s":[{"i":[[91.947,4.395],[0,0],[0,0],[-145.92,-7.16]],"o":[[-120.5,-5.76],[-3.68,39.761],[0,0],[96.437,4.732]],"v":[[45.96,-2.32],[-157.1,-97.02],[-160.76,-27.42],[43.88,72.08]],"c":true}]}],"ix":2},"nm":"Path 1","mn":"ADBE Vector Shape - Group","hd":false},{"ty":"fl","c":{"a":0,"k":[0.933000033509,0.933000033509,0.933000033509,1],"ix":4},"o":{"a":0,"k":100,"ix":5},"r":1,"bm":0,"nm":"Fill 1","mn":"ADBE Vector Graphic - Fill","hd":false},{"ty":"tr","p":{"a":0,"k":[140.53,77.77],"ix":2},"a":{"a":0,"k":[0,0],"ix":1},"s":{"a":0,"k":[100,100],"ix":3},"r":{"a":0,"k":0,"ix":6},"o":{"a":0,"k":100,"ix":7},"sk":{"a":0,"k":0,"ix":4},"sa":{"a":0,"k":0,"ix":5},"nm":"Transform"}],"nm":"Group 6","np":2,"cix":2,"bm":0,"ix":6,"mn":"ADBE Vector Group","hd":false},{"ty":"gr","it":[{"ind":0,"ty":"sh","ix":1,"ks":{"a":1,"k":[{"i":{"x":0.059,"y":1},"o":{"x":0.621,"y":0},"t":36,"s":[{"i":[[57.813,-30.958],[0,0],[-16.08,-15.92],[-36.38,18.3]],"o":[[-60.02,32.14],[16.4,30.081],[0,0],[35.239,-17.725]],"v":[[26.2,-29.28],[-141,-2.301],[-93.78,59.18],[29.56,42.56]],"c":true}]},{"i":{"x":0.667,"y":1},"o":{"x":1,"y":0},"t":74,"s":[{"i":[[57.813,-30.958],[0,0],[-16.08,-15.92],[-36.38,18.3]],"o":[[-60.02,32.14],[16.4,30.081],[0,0],[35.239,-17.725]],"v":[[26.2,-29.28],[-126,57.699],[-78.78,119.18],[29.56,42.56]],"c":true}]},{"i":{"x":0.667,"y":1},"o":{"x":0.333,"y":0},"t":96,"s":[{"i":[[57.813,-30.958],[0,0],[-16.08,-15.92],[-36.38,18.3]],"o":[[-60.02,32.14],[16.4,30.081],[0,0],[35.239,-17.725]],"v":[[26.2,-29.28],[-141,-5.301],[-93.78,56.18],[29.56,42.56]],"c":true}]},{"t":104.572265625,"s":[{"i":[[57.813,-30.958],[0,0],[-16.08,-15.92],[-36.38,18.3]],"o":[[-60.02,32.14],[16.4,30.081],[0,0],[35.239,-17.725]],"v":[[26.2,-29.28],[-141,-2.301],[-93.78,59.18],[29.56,42.56]],"c":true}]}],"ix":2},"nm":"Path 1","mn":"ADBE Vector Shape - Group","hd":false},{"ty":"fl","c":{"a":0,"k":[0.933000033509,0.933000033509,0.933000033509,1],"ix":4},"o":{"a":0,"k":100,"ix":5},"r":1,"bm":0,"nm":"Fill 1","mn":"ADBE Vector Graphic - Fill","hd":false},{"ty":"tr","p":{"a":0,"k":[157.81,280.331],"ix":2},"a":{"a":0,"k":[0,0],"ix":1},"s":{"a":0,"k":[100,100],"ix":3},"r":{"a":0,"k":0,"ix":6},"o":{"a":0,"k":100,"ix":7},"sk":{"a":0,"k":0,"ix":4},"sa":{"a":0,"k":0,"ix":5},"nm":"Transform"}],"nm":"Group 7","np":2,"cix":2,"bm":0,"ix":7,"mn":"ADBE Vector Group","hd":false}],"ip":0,"op":204,"st":0,"bm":0},{"ddd":0,"ind":5,"ty":4,"nm":"closed eyes","parent":2,"sr":1,"ks":{"o":{"a":0,"k":100,"ix":11},"r":{"a":0,"k":0,"ix":10},"p":{"a":1,"k":[{"i":{"x":0,"y":1},"o":{"x":0.333,"y":0},"t":34,"s":[4.24,-73.2,0],"to":[0,-4,0],"ti":[0,2.667,0]},{"i":{"x":0.833,"y":0.833},"o":{"x":1,"y":0},"t":76,"s":[4.24,-97.2,0],"to":[0,-2.667,0],"ti":[0,-1.333,0]},{"t":98,"s":[4.24,-89.2,0]}],"ix":2,"l":2},"a":{"a":0,"k":[272.29,51.29,0],"ix":1,"l":2},"s":{"a":0,"k":[100,100,100],"ix":6,"l":2}},"ao":0,"shapes":[{"ty":"gr","it":[{"ind":0,"ty":"sh","ix":1,"ks":{"a":0,"k":{"i":[[7.12,7.28],[1.04,1.04],[1.2,0.88],[2.16,1.76],[2.88,2],[3.44,1.68],[3.84,1.44],[4.08,0.88],[4.24,0],[0,0],[0,0],[0,0],[0,0],[0,0],[0,0],[0,0],[0.8,-0.08],[2,-0.32],[3.84,-1.36],[3.36,-1.84],[2.96,-1.84],[3.12,-2.88],[0,0],[0,0],[10.56,8.56],[-4.16,8.72],[-0.8,1.6],[-1.76,2.8],[-8.64,8.4],[-6,4],[-7.52,3.28],[-8.64,1.76],[-5.36,0.48],[-1.28,0.08],[0,0],[-8.72,-1.68],[-7.52,-3.2],[-5.84,-4.16],[-4.32,-4.24],[-2.88,-3.76],[-1.2,-1.68],[-0.88,-1.52],[-0.8,-1.52],[0,0],[13.36,-4.8]],"o":[[0,0],[-0.88,-0.88],[-1.52,-1.28],[-2.32,-1.76],[-2.96,-1.84],[-3.36,-1.84],[-3.84,-1.36],[-4.08,-0.64],[0,0],[0,0],[0,0],[0,0],[0,0],[0,0],[0,0],[-2.08,0],[-1.28,0],[-4.08,0.88],[-3.76,1.44],[-3.44,1.76],[-5.76,3.84],[-3.2,2.88],[0,0],[-9.68,9.36],[-8.32,-6.8],[0,0],[0.8,-1.52],[3.28,-5.68],[4.32,-4.16],[5.84,-4.16],[7.52,-3.2],[4.4,-0.8],[2.48,-0.24],[0,0],[9.04,0.16],[8.64,1.76],[7.44,3.28],[6,4],[4.32,4.16],[1.36,1.92],[1.12,1.84],[2.16,3.36],[0.56,1.28],[5.36,11.92],[-10.48,3.76]],"v":[[63.92,38.72],[62.32,37.12],[58.24,33.12],[52.72,28.56],[44.88,22.88],[35.28,17.44],[24.24,12.88],[12.24,9.92],[-0.32,8.96],[0.8,8.96],[0.72,8.96],[0.56,8.96],[0.24,8.96],[-0.4,8.96],[-1.68,8.96],[-4.16,9.04],[-7.36,9.28],[-12.96,10],[-24.96,12.96],[-35.92,17.52],[-45.52,22.96],[-59.12,33.52],[-64.16,38.16],[-66.16,40.16],[-102.72,41.52],[-108.96,15.52],[-107.76,13.12],[-104.24,6.4],[-86.88,-15.68],[-71.52,-28.24],[-51.36,-39.44],[-27.04,-47.2],[-13.2,-49.28],[-6.48,-49.84],[-0.32,-50.08],[26.4,-47.28],[50.72,-39.52],[70.88,-28.32],[86.16,-15.76],[96.8,-3.68],[100.64,1.68],[103.76,6.72],[106.88,12.88],[107.76,14.88],[93.28,45.12]],"c":true},"ix":2},"nm":"Path 1","mn":"ADBE Vector Shape - Group","hd":false},{"ty":"fl","c":{"a":0,"k":[0.258999992819,0.169000004787,0.051000000449,1],"ix":4},"o":{"a":0,"k":100,"ix":5},"r":1,"bm":0,"nm":"Fill 1","mn":"ADBE Vector Graphic - Fill","hd":false},{"ty":"tr","p":{"a":0,"k":[431.21,50.33],"ix":2},"a":{"a":0,"k":[0,0],"ix":1},"s":{"a":0,"k":[100,100],"ix":3},"r":{"a":0,"k":0,"ix":6},"o":{"a":0,"k":100,"ix":7},"sk":{"a":0,"k":0,"ix":4},"sa":{"a":0,"k":0,"ix":5},"nm":"Transform"}],"nm":"Group 1","np":2,"cix":2,"bm":0,"ix":1,"mn":"ADBE Vector Group","hd":false},{"ty":"gr","it":[{"ind":0,"ty":"sh","ix":1,"ks":{"a":0,"k":{"i":[[7.2,7.2],[0,0],[0.8,0.8],[2.4,2.4],[3.2,1.6],[3.2,1.6],[4,1.6],[4,0.8],[4.8,0],[0,0],[0,0],[0,0],[0,0],[0,0],[1.6,0],[4,-1.6],[3.2,-2.4],[3.2,-2.4],[3.2,-2.4],[0,0],[0,0],[11.2,8],[-4,8],[0,0],[-1.6,2.4],[-8.8,8.8],[-5.6,4],[-7.2,3.2],[-8,1.6],[-4.8,0.8],[-0.8,0],[0,0],[-8.8,-1.6],[-7.2,-3.2],[-5.6,-4],[-4,-4.8],[-2.4,-4],[-1.6,-1.6],[-0.8,-1.6],[-0.8,-1.6],[0,0],[13.6,-4.8]],"o":[[0,0],[-0.8,-0.8],[-1.6,-1.6],[-2.4,-1.6],[-3.2,-1.6],[-3.2,-1.6],[-4,-1.6],[-4,-0.8],[0,0],[0,0],[0,0],[0,0],[0,0],[-1.6,0],[-4,0.8],[-4,1.6],[-3.2,1.6],[-5.6,4],[-3.2,3.2],[0,0],[-9.6,9.6],[-8,-6.4],[0,0],[0.8,-1.6],[3.2,-5.6],[4,-4],[5.6,-4],[7.2,-3.2],[4,-0.8],[2.4,0],[0,0],[8.8,0],[8.8,1.6],[7.2,3.2],[6.4,4],[4,4],[1.6,1.6],[0.8,1.6],[2.4,3.2],[0,0],[5.6,12],[-7.2,4]],"v":[[65.6,39.6],[64,38],[60,34],[54.4,29.2],[46.4,23.6],[36.8,18],[25.6,13.2],[13.6,10],[0.8,9.2],[1.6,9.2],[0.8,9.2],[-0.8,9.2],[-3.2,9.2],[-6.4,9.2],[-12,10],[-24,13.2],[-35.2,18],[-44.8,23.6],[-58.4,34],[-63.2,38.8],[-64.8,40.4],[-101.6,42],[-108,16.4],[-107.2,14],[-104,7.6],[-86.4,-14.8],[-71.2,-27.6],[-51.2,-38.8],[-27.2,-46.8],[-13.6,-49.2],[-7.2,-50],[-0.8,-50],[25.6,-47.6],[49.6,-39.6],[69.6,-28.4],[84.8,-15.6],[95.2,-3.6],[99.2,2],[102.4,6.8],[105.6,13.2],[106.4,14.8],[92,45.2]],"c":true},"ix":2},"nm":"Path 1","mn":"ADBE Vector Shape - Group","hd":false},{"ty":"fl","c":{"a":0,"k":[0.258999992819,0.169000004787,0.051000000449,1],"ix":4},"o":{"a":0,"k":100,"ix":5},"r":1,"bm":0,"nm":"Fill 1","mn":"ADBE Vector Graphic - Fill","hd":false},{"ty":"tr","p":{"a":0,"k":[112.25,52.33],"ix":2},"a":{"a":0,"k":[0,0],"ix":1},"s":{"a":0,"k":[100,100],"ix":3},"r":{"a":0,"k":0,"ix":6},"o":{"a":0,"k":100,"ix":7},"sk":{"a":0,"k":0,"ix":4},"sa":{"a":0,"k":0,"ix":5},"nm":"Transform"}],"nm":"Group 2","np":2,"cix":2,"bm":0,"ix":2,"mn":"ADBE Vector Group","hd":false}],"ip":52,"op":96,"st":2,"bm":0},{"ddd":0,"ind":6,"ty":4,"nm":"eyes normal","parent":2,"sr":1,"ks":{"o":{"a":1,"k":[{"t":50,"s":[100],"h":1},{"t":52,"s":[0],"h":1},{"t":96,"s":[100],"h":1}],"ix":11},"r":{"a":0,"k":0,"ix":10},"p":{"a":0,"k":[1.799,-69.101,0],"ix":2,"l":2},"a":{"a":0,"k":[27.45,9.65,0],"ix":1,"l":2},"s":{"a":1,"k":[{"i":{"x":[0.833,0.833,0.833],"y":[1,0.833,1]},"o":{"x":[0.333,0.333,0.333],"y":[0,0,0]},"t":42,"s":[800,800,100]},{"i":{"x":[0.833,0.833,0.833],"y":[0.833,0.833,0.833]},"o":{"x":[0.167,0.167,0.167],"y":[0.167,0.167,0.167]},"t":50,"s":[800,681,100]},{"i":{"x":[0.667,0.667,0.667],"y":[1,1,1]},"o":{"x":[0.167,0.167,0.167],"y":[0,0.167,0]},"t":96,"s":[800,681,100]},{"t":100,"s":[800,800,100]}],"ix":6,"l":2}},"ao":0,"shapes":[{"ty":"gr","it":[{"ind":0,"ty":"sh","ix":1,"ks":{"a":0,"k":{"i":[[0.899,0.8],[0,0],[0.7,-1.4],[-0.901,-0.9],[-0.701,1.4]],"o":[[0,0],[-1.4,-0.7],[-0.5,1.1],[1.399,0.7],[0.5,-1.1]],"v":[[1.601,-5.3],[1.601,-5.3],[-2.201,-4],[-1.6,-0.7],[2.201,-2]],"c":true},"ix":2},"nm":"Path 1","mn":"ADBE Vector Shape - Group","hd":false},{"ty":"fl","c":{"a":0,"k":[0.536999990426,0.375999989229,0.141000007181,1],"ix":4},"o":{"a":0,"k":100,"ix":5},"r":1,"bm":0,"nm":"Fill 1","mn":"ADBE Vector Graphic - Fill","hd":false},{"ty":"tr","p":{"a":0,"k":[44.65,6.55],"ix":2},"a":{"a":0,"k":[0,0],"ix":1},"s":{"a":0,"k":[100,100],"ix":3},"r":{"a":0,"k":0,"ix":6},"o":{"a":0,"k":100,"ix":7},"sk":{"a":0,"k":0,"ix":4},"sa":{"a":0,"k":0,"ix":5},"nm":"Transform"}],"nm":"Group 1","np":2,"cix":2,"bm":0,"ix":1,"mn":"ADBE Vector Group","hd":false},{"ty":"gr","it":[{"ind":0,"ty":"sh","ix":1,"ks":{"a":0,"k":{"i":[[4.2,0],[0,0],[0,-5.9],[-4.2,0],[0,5.9]],"o":[[0,0],[-4.2,0],[0,5.9],[4.2,0],[0,-5.9]],"v":[[0,-12.4],[0,-12.4],[-8,-3],[0,6.4],[8,-3]],"c":true},"ix":2},"nm":"Path 1","mn":"ADBE Vector Shape - Group","hd":false},{"ty":"fl","c":{"a":0,"k":[0.258999992819,0.169000004787,0.051000000449,1],"ix":4},"o":{"a":0,"k":100,"ix":5},"r":1,"bm":0,"nm":"Fill 1","mn":"ADBE Vector Graphic - Fill","hd":false},{"ty":"tr","p":{"a":0,"k":[46.65,9.65],"ix":2},"a":{"a":0,"k":[0,0],"ix":1},"s":{"a":0,"k":[100,100],"ix":3},"r":{"a":0,"k":0,"ix":6},"o":{"a":0,"k":100,"ix":7},"sk":{"a":0,"k":0,"ix":4},"sa":{"a":0,"k":0,"ix":5},"nm":"Transform"}],"nm":"Group 2","np":2,"cix":2,"bm":0,"ix":2,"mn":"ADBE Vector Group","hd":false},{"ty":"gr","it":[{"ind":0,"ty":"sh","ix":1,"ks":{"a":0,"k":{"i":[[0.9,0.8],[0,0],[0.7,-1.4],[-0.9,-0.9],[-0.7,1.4]],"o":[[0,0],[-1.4,-0.7],[-0.5,1.1],[1.4,0.7],[0.6,-1.1]],"v":[[1.55,-5.3],[1.55,-5.3],[-2.25,-4],[-1.65,-0.7],[2.15,-2]],"c":true},"ix":2},"nm":"Path 1","mn":"ADBE Vector Shape - Group","hd":false},{"ty":"fl","c":{"a":0,"k":[0.536999990426,0.375999989229,0.141000007181,1],"ix":4},"o":{"a":0,"k":100,"ix":5},"r":1,"bm":0,"nm":"Fill 1","mn":"ADBE Vector Graphic - Fill","hd":false},{"ty":"tr","p":{"a":0,"k":[6.3,6.55],"ix":2},"a":{"a":0,"k":[0,0],"ix":1},"s":{"a":0,"k":[100,100],"ix":3},"r":{"a":0,"k":0,"ix":6},"o":{"a":0,"k":100,"ix":7},"sk":{"a":0,"k":0,"ix":4},"sa":{"a":0,"k":0,"ix":5},"nm":"Transform"}],"nm":"Group 3","np":2,"cix":2,"bm":0,"ix":3,"mn":"ADBE Vector Group","hd":false},{"ty":"gr","it":[{"ind":0,"ty":"sh","ix":1,"ks":{"a":0,"k":{"i":[[4.2,0],[0,0],[0,-5.9],[-4.2,0],[0,5.9]],"o":[[0,0],[-4.2,0],[0,5.9],[4.2,0],[0,-5.9]],"v":[[0,-12.4],[0,-12.4],[-8,-3],[0,6.4],[8,-3]],"c":true},"ix":2},"nm":"Path 1","mn":"ADBE Vector Shape - Group","hd":false},{"ty":"fl","c":{"a":0,"k":[0.258999992819,0.169000004787,0.051000000449,1],"ix":4},"o":{"a":0,"k":100,"ix":5},"r":1,"bm":0,"nm":"Fill 1","mn":"ADBE Vector Graphic - Fill","hd":false},{"ty":"tr","p":{"a":0,"k":[8.25,9.65],"ix":2},"a":{"a":0,"k":[0,0],"ix":1},"s":{"a":0,"k":[100,100],"ix":3},"r":{"a":0,"k":0,"ix":6},"o":{"a":0,"k":100,"ix":7},"sk":{"a":0,"k":0,"ix":4},"sa":{"a":0,"k":0,"ix":5},"nm":"Transform"}],"nm":"Group 4","np":2,"cix":2,"bm":0,"ix":4,"mn":"ADBE Vector Group","hd":false}],"ip":0,"op":202,"st":0,"bm":0},{"ddd":0,"ind":7,"ty":4,"nm":"base matte","parent":9,"td":1,"sr":1,"ks":{"o":{"a":0,"k":100,"ix":11},"r":{"a":0,"k":0,"ix":10},"p":{"a":0,"k":[-2,-3,0],"ix":2,"l":2},"a":{"a":0,"k":[0,0,0],"ix":1,"l":2},"s":{"a":0,"k":[100,100,100],"ix":6,"l":2}},"ao":0,"shapes":[{"ty":"gr","it":[{"ind":0,"ty":"sh","ix":1,"ks":{"a":0,"k":{"i":[[15.4,0],[0,38.4],[-27.9,0],[-10.6,-9.3],[0,-16.9],[11.5,-10.2]],"o":[[-27.9,0],[0,-38.4],[15.5,0],[11.5,10.2],[0,16.9],[-10.6,9.3]],"v":[[0,55.9],[-58,0],[0,-55.9],[40.4,-41.5],[58,0],[40.4,41.4]],"c":true},"ix":2},"nm":"Path 1","mn":"ADBE Vector Shape - Group","hd":false},{"ty":"gf","o":{"a":0,"k":100,"ix":10},"r":1,"bm":0,"g":{"p":5,"k":{"a":0,"k":[0.48,0.992,0.878,0.188,0.691,0.98,0.816,0.178,0.902,0.969,0.753,0.169,0.966,0.963,0.694,0.153,1,0.957,0.635,0.137],"ix":9}},"s":{"a":0,"k":[0,0],"ix":5},"e":{"a":0,"k":[56.225,0],"ix":6},"t":2,"h":{"a":0,"k":0,"ix":7},"a":{"a":0,"k":0,"ix":8},"nm":"Gradient Fill 1","mn":"ADBE Vector Graphic - G-Fill","hd":false},{"ty":"tr","p":{"a":0,"k":[0,0],"ix":2},"a":{"a":0,"k":[0,0],"ix":1},"s":{"a":0,"k":[100,100],"ix":3},"r":{"a":0,"k":0,"ix":6},"o":{"a":0,"k":100,"ix":7},"sk":{"a":0,"k":0,"ix":4},"sa":{"a":0,"k":0,"ix":5},"nm":"Transform"}],"nm":"Group 1","np":2,"cix":2,"bm":0,"ix":1,"mn":"ADBE Vector Group","hd":false}],"ip":0,"op":198,"st":0,"bm":0},{"ddd":0,"ind":8,"ty":4,"nm":"base shadow","parent":9,"tt":2,"sr":1,"ks":{"o":{"a":0,"k":100,"ix":11},"r":{"a":0,"k":0,"ix":10},"p":{"a":0,"k":[0,0,0],"ix":2,"l":2},"a":{"a":0,"k":[0,0,0],"ix":1,"l":2},"s":{"a":0,"k":[100,100,100],"ix":6,"l":2}},"ao":0,"shapes":[{"ty":"gr","it":[{"ind":0,"ty":"sh","ix":1,"ks":{"a":0,"k":{"i":[[15.4,0],[0,38.4],[-27.9,0],[-10.6,-9.3],[0,-16.9],[11.5,-10.2]],"o":[[-27.9,0],[0,-38.4],[15.5,0],[11.5,10.2],[0,16.9],[-10.6,9.3]],"v":[[0,55.9],[-58,0],[0,-55.9],[40.4,-41.5],[58,0],[40.4,41.4]],"c":true},"ix":2},"nm":"Path 1","mn":"ADBE Vector Shape - Group","hd":false},{"ty":"fl","c":{"a":0,"k":[0.921568627451,0.560784313725,0,1],"ix":4},"o":{"a":0,"k":100,"ix":5},"r":1,"bm":0,"nm":"Fill 1","mn":"ADBE Vector Graphic - Fill","hd":false},{"ty":"tr","p":{"a":0,"k":[0,0],"ix":2},"a":{"a":0,"k":[0,0],"ix":1},"s":{"a":0,"k":[100,100],"ix":3},"r":{"a":0,"k":0,"ix":6},"o":{"a":0,"k":100,"ix":7},"sk":{"a":0,"k":0,"ix":4},"sa":{"a":0,"k":0,"ix":5},"nm":"Transform"}],"nm":"Group 1","np":2,"cix":2,"bm":0,"ix":1,"mn":"ADBE Vector Group","hd":false}],"ip":0,"op":198,"st":0,"bm":0},{"ddd":0,"ind":9,"ty":4,"nm":"base normal","parent":1,"sr":1,"ks":{"o":{"a":0,"k":100,"ix":11},"r":{"a":0,"k":0,"ix":10},"p":{"a":0,"k":[0,0,0],"ix":2,"l":2},"a":{"a":0,"k":[0,0,0],"ix":1,"l":2},"s":{"a":0,"k":[800,800,100],"ix":6,"l":2}},"ao":0,"shapes":[{"ty":"gr","it":[{"ind":0,"ty":"sh","ix":1,"ks":{"a":0,"k":{"i":[[15.4,0],[0,38.4],[-27.9,0],[-10.6,-9.3],[0,-16.9],[11.5,-10.2]],"o":[[-27.9,0],[0,-38.4],[15.5,0],[11.5,10.2],[0,16.9],[-10.6,9.3]],"v":[[0,55.9],[-58,0],[0,-55.9],[40.4,-41.5],[58,0],[40.4,41.4]],"c":true},"ix":2},"nm":"Path 1","mn":"ADBE Vector Shape - Group","hd":false},{"ty":"gf","o":{"a":0,"k":100,"ix":10},"r":1,"bm":0,"g":{"p":5,"k":{"a":0,"k":[0.48,0.992,0.878,0.188,0.691,0.98,0.816,0.178,0.902,0.969,0.753,0.169,0.966,0.963,0.694,0.153,1,0.957,0.635,0.137],"ix":9}},"s":{"a":0,"k":[0,0],"ix":5},"e":{"a":0,"k":[56.225,0],"ix":6},"t":2,"h":{"a":0,"k":0,"ix":7},"a":{"a":0,"k":0,"ix":8},"nm":"Gradient Fill 1","mn":"ADBE Vector Graphic - G-Fill","hd":false},{"ty":"tr","p":{"a":0,"k":[0,0],"ix":2},"a":{"a":0,"k":[0,0],"ix":1},"s":{"a":0,"k":[100,100],"ix":3},"r":{"a":0,"k":0,"ix":6},"o":{"a":0,"k":100,"ix":7},"sk":{"a":0,"k":0,"ix":4},"sa":{"a":0,"k":0,"ix":5},"nm":"Transform"}],"nm":"Group 1","np":2,"cix":2,"bm":0,"ix":1,"mn":"ADBE Vector Group","hd":false}],"ip":0,"op":198,"st":0,"bm":0}],"markers":[{"tm":182,"cm":"rest","dr":0}]}