{"v":"5.8.1","fr":60,"ip":0,"op":159,"w":1024,"h":1024,"nm":"emoji_Smiling face-smiling eyes","ddd":0,"assets":[],"layers":[{"ddd":0,"ind":1,"ty":3,"nm":"Null Face","parent":2,"sr":1,"ks":{"o":{"a":0,"k":100,"ix":11},"r":{"a":0,"k":0,"ix":10},"p":{"a":1,"k":[{"i":{"x":0.667,"y":1},"o":{"x":0.311,"y":0},"t":0,"s":[3,8,0],"to":[0,0,0],"ti":[0,0,0]},{"i":{"x":0.833,"y":0.833},"o":{"x":0.408,"y":0},"t":8,"s":[3,-12,0],"to":[0,0,0],"ti":[8.954,-8.954,0]},{"i":{"x":0.667,"y":1},"o":{"x":0.167,"y":0.167},"t":17,"s":[-2.121,21.121,0],"to":[-10.861,10.861,0],"ti":[0,0,0]},{"i":{"x":0.667,"y":1},"o":{"x":0.333,"y":0},"t":27,"s":[-37,28,0],"to":[-0.001,0,0],"ti":[-0.948,0.304,0]},{"i":{"x":0.667,"y":1},"o":{"x":0.333,"y":0},"t":42,"s":[20.999,19.356,0],"to":[1.994,-0.639,0],"ti":[2.135,1.224,0]},{"i":{"x":0.667,"y":1},"o":{"x":0.333,"y":0},"t":59,"s":[-19.822,16.435,0],"to":[-2.215,-1.27,0],"ti":[-3.525,1.345,0]},{"i":{"x":0.667,"y":1},"o":{"x":0.333,"y":0},"t":78,"s":[19.445,12.37,0],"to":[3.198,-1.22,0],"ti":[4.78,0.836,0]},{"i":{"x":0.915,"y":0.992},"o":{"x":0.333,"y":0},"t":97,"s":[-21.923,9.18,0],"to":[-5.191,-0.908,0],"ti":[-0.132,-0.064,0]},{"i":{"x":0.65,"y":1},"o":{"x":0.317,"y":0.014},"t":117,"s":[2.654,7.778,0],"to":[0.221,0.107,0],"ti":[0,-0.04,0]},{"i":{"x":0.67,"y":1},"o":{"x":0.227,"y":0},"t":126,"s":[3,32,0],"to":[0,1.004,0],"ti":[0,0,0]},{"i":{"x":0.67,"y":1},"o":{"x":0.167,"y":0},"t":134,"s":[3,-4,0],"to":[0,0,0],"ti":[0,0,0]},{"t":144,"s":[3,8,0]}],"ix":2,"l":2},"a":{"a":0,"k":[512,512,0],"ix":1,"l":2},"s":{"a":0,"k":[100,100,100],"ix":6,"l":2}},"ao":0,"hasMask":true,"masksProperties":[{"inv":false,"mode":"n","pt":{"a":0,"k":{"i":[[0,0]],"o":[[0,0]],"v":[[-612.135,575.978]],"c":false},"ix":1},"o":{"a":0,"k":100,"ix":3},"x":{"a":0,"k":0,"ix":4},"nm":"Mask 1"}],"ip":0,"op":159,"st":0,"bm":0},{"ddd":0,"ind":2,"ty":3,"nm":"Null ALL","sr":1,"ks":{"o":{"a":0,"k":0,"ix":11},"r":{"a":0,"k":0,"ix":10},"p":{"s":true,"x":{"a":1,"k":[{"i":{"x":[0.667],"y":[1]},"o":{"x":[0.333],"y":[0]},"t":8,"s":[509]},{"i":{"x":[0.667],"y":[1]},"o":{"x":[0.333],"y":[0]},"t":26,"s":[501]},{"i":{"x":[0.667],"y":[1]},"o":{"x":[0.333],"y":[0]},"t":41,"s":[513]},{"i":{"x":[0.667],"y":[1]},"o":{"x":[0.333],"y":[0]},"t":58,"s":[501]},{"i":{"x":[0.667],"y":[1]},"o":{"x":[0.333],"y":[0]},"t":77,"s":[513]},{"i":{"x":[0.667],"y":[1]},"o":{"x":[0.333],"y":[0]},"t":96,"s":[501]},{"t":116,"s":[509]}],"ix":3},"y":{"a":1,"k":[{"i":{"x":[0.29],"y":[0.996]},"o":{"x":[0.336],"y":[0]},"t":8,"s":[504]},{"i":{"x":[0.643],"y":[1.636]},"o":{"x":[0.382],"y":[-0.021]},"t":26,"s":[516.021]},{"i":{"x":[0.641],"y":[1]},"o":{"x":[0.309],"y":[0.047]},"t":117,"s":[509.306]},{"i":{"x":[0.833],"y":[1]},"o":{"x":[0.167],"y":[0]},"t":127,"s":[518]},{"t":135,"s":[504]}],"ix":4}},"a":{"a":0,"k":[0,0,0],"ix":1,"l":2},"s":{"a":0,"k":[100,100,100],"ix":6,"l":2}},"ao":0,"ip":0,"op":159,"st":0,"bm":0},{"ddd":0,"ind":3,"ty":4,"nm":"eyes normal 2","parent":1,"sr":1,"ks":{"o":{"a":0,"k":100,"ix":11},"r":{"a":0,"k":0,"ix":10},"p":{"a":0,"k":[512.18,430.84,0],"ix":2,"l":2},"a":{"a":0,"k":[217.57,75.57,0],"ix":1,"l":2},"s":{"a":1,"k":[{"i":{"x":[0.833,0.833,0.833],"y":[1,1,1]},"o":{"x":[0.167,0.167,0.167],"y":[0,0.167,0]},"t":128,"s":[100,85,100]},{"t":131,"s":[100,100,100]}],"ix":6,"l":2}},"ao":0,"shapes":[{"ty":"gr","it":[{"ind":0,"ty":"sh","ix":1,"ks":{"a":0,"k":{"i":[[7.12,6.88],[0,0],[5.521,-11.36],[-7.12,-6.88],[-5.52,11.36]],"o":[[0,0],[-11.36,-5.44],[-4.239,8.88],[11.36,5.44],[4.24,-8.88]],"v":[[12.88,-18.56],[12.88,-18.56],[-17.681,-7.84],[-12.88,18.56],[17.68,7.84]],"c":true},"ix":2},"nm":"Path 1","mn":"ADBE Vector Shape - Group","hd":false},{"ty":"fl","c":{"a":0,"k":[0.536999990426,0.375999989229,0.141000007181,1],"ix":4},"o":{"a":0,"k":100,"ix":5},"r":1,"bm":0,"nm":"Fill 1","mn":"ADBE Vector Graphic - Fill","hd":false},{"ty":"tr","p":{"a":0,"k":[355.05,50.25],"ix":2},"a":{"a":0,"k":[0,0],"ix":1},"s":{"a":0,"k":[100,100],"ix":3},"r":{"a":0,"k":0,"ix":6},"o":{"a":0,"k":100,"ix":7},"sk":{"a":0,"k":0,"ix":4},"sa":{"a":0,"k":0,"ix":5},"nm":"Transform"}],"nm":"Group 1","np":4,"cix":2,"bm":0,"ix":1,"mn":"ADBE Vector Group","hd":false},{"ty":"gr","it":[{"ind":0,"ty":"sh","ix":1,"ks":{"a":0,"k":{"i":[[33.68,0],[0,0],[0,-47.04],[-33.521,0],[0,46.96]],"o":[[0,0],[-33.521,0],[0,47.04],[33.52,0],[0,-46.96]],"v":[[0,-75.32],[0,-75.32],[-64,0.04],[0,75.32],[64,0.04]],"c":true},"ix":2},"nm":"Path 1","mn":"ADBE Vector Shape - Group","hd":false},{"ty":"fl","c":{"a":0,"k":[0.258999992819,0.169000004787,0.051000000449,1],"ix":4},"o":{"a":0,"k":100,"ix":5},"r":1,"bm":0,"nm":"Fill 1","mn":"ADBE Vector Graphic - Fill","hd":false},{"ty":"tr","p":{"a":0,"k":[370.89,75.57],"ix":2},"a":{"a":0,"k":[0,0],"ix":1},"s":{"a":0,"k":[100,100],"ix":3},"r":{"a":0,"k":0,"ix":6},"o":{"a":0,"k":100,"ix":7},"sk":{"a":0,"k":0,"ix":4},"sa":{"a":0,"k":0,"ix":5},"nm":"Transform"}],"nm":"Group 2","np":4,"cix":2,"bm":0,"ix":2,"mn":"ADBE Vector Group","hd":false},{"ty":"gr","it":[{"ind":0,"ty":"sh","ix":1,"ks":{"a":0,"k":{"i":[[7.12,6.88],[0,0],[5.52,-11.36],[-7.12,-6.88],[-5.52,11.36]],"o":[[0,0],[-11.36,-5.44],[-4.24,8.88],[11.36,5.44],[4.24,-8.88]],"v":[[12.88,-18.56],[12.88,-18.56],[-17.68,-7.84],[-12.88,18.56],[17.68,7.84]],"c":true},"ix":2},"nm":"Path 1","mn":"ADBE Vector Shape - Group","hd":false},{"ty":"fl","c":{"a":0,"k":[0.536999990426,0.375999989229,0.141000007181,1],"ix":4},"o":{"a":0,"k":100,"ix":5},"r":1,"bm":0,"nm":"Fill 1","mn":"ADBE Vector Graphic - Fill","hd":false},{"ty":"tr","p":{"a":0,"k":[48.25,50.25],"ix":2},"a":{"a":0,"k":[0,0],"ix":1},"s":{"a":0,"k":[100,100],"ix":3},"r":{"a":0,"k":0,"ix":6},"o":{"a":0,"k":100,"ix":7},"sk":{"a":0,"k":0,"ix":4},"sa":{"a":0,"k":0,"ix":5},"nm":"Transform"}],"nm":"Group 3","np":4,"cix":2,"bm":0,"ix":3,"mn":"ADBE Vector Group","hd":false},{"ty":"gr","it":[{"ind":0,"ty":"sh","ix":1,"ks":{"a":0,"k":{"i":[[33.52,0],[0,0],[0,-47.04],[-33.52,0],[0,46.96]],"o":[[0,0],[-33.52,0],[0,47.04],[33.52,0],[0,-46.96]],"v":[[0,-75.32],[0,-75.32],[-64,0.04],[0,75.32],[64,0.04]],"c":true},"ix":2},"nm":"Path 1","mn":"ADBE Vector Shape - Group","hd":false},{"ty":"fl","c":{"a":0,"k":[0.258999992819,0.169000004787,0.051000000449,1],"ix":4},"o":{"a":0,"k":100,"ix":5},"r":1,"bm":0,"nm":"Fill 1","mn":"ADBE Vector Graphic - Fill","hd":false},{"ty":"tr","p":{"a":0,"k":[64.25,75.57],"ix":2},"a":{"a":0,"k":[0,0],"ix":1},"s":{"a":0,"k":[100,100],"ix":3},"r":{"a":0,"k":0,"ix":6},"o":{"a":0,"k":100,"ix":7},"sk":{"a":0,"k":0,"ix":4},"sa":{"a":0,"k":0,"ix":5},"nm":"Transform"}],"nm":"Group 4","np":4,"cix":2,"bm":0,"ix":4,"mn":"ADBE Vector Group","hd":false}],"ip":128,"op":159,"st":128,"bm":0},{"ddd":0,"ind":4,"ty":4,"nm":"eyes normal","parent":1,"sr":1,"ks":{"o":{"a":0,"k":100,"ix":11},"r":{"a":0,"k":0,"ix":10},"p":{"a":0,"k":[512.18,430.84,0],"ix":2,"l":2},"a":{"a":0,"k":[217.57,75.57,0],"ix":1,"l":2},"s":{"a":1,"k":[{"i":{"x":[0.833,0.833,0.833],"y":[1,0.833,1]},"o":{"x":[1,1,0.333],"y":[0,0,0]},"t":16,"s":[100,100,100]},{"t":19,"s":[100,85,100]}],"ix":6,"l":2}},"ao":0,"shapes":[{"ty":"gr","it":[{"ind":0,"ty":"sh","ix":1,"ks":{"a":0,"k":{"i":[[7.12,6.88],[0,0],[5.521,-11.36],[-7.12,-6.88],[-5.52,11.36]],"o":[[0,0],[-11.36,-5.44],[-4.239,8.88],[11.36,5.44],[4.24,-8.88]],"v":[[12.88,-18.56],[12.88,-18.56],[-17.681,-7.84],[-12.88,18.56],[17.68,7.84]],"c":true},"ix":2},"nm":"Path 1","mn":"ADBE Vector Shape - Group","hd":false},{"ty":"fl","c":{"a":0,"k":[0.536999990426,0.375999989229,0.141000007181,1],"ix":4},"o":{"a":0,"k":100,"ix":5},"r":1,"bm":0,"nm":"Fill 1","mn":"ADBE Vector Graphic - Fill","hd":false},{"ty":"tr","p":{"a":0,"k":[355.05,50.25],"ix":2},"a":{"a":0,"k":[0,0],"ix":1},"s":{"a":0,"k":[100,100],"ix":3},"r":{"a":0,"k":0,"ix":6},"o":{"a":0,"k":100,"ix":7},"sk":{"a":0,"k":0,"ix":4},"sa":{"a":0,"k":0,"ix":5},"nm":"Transform"}],"nm":"Group 1","np":4,"cix":2,"bm":0,"ix":1,"mn":"ADBE Vector Group","hd":false},{"ty":"gr","it":[{"ind":0,"ty":"sh","ix":1,"ks":{"a":0,"k":{"i":[[33.68,0],[0,0],[0,-47.04],[-33.521,0],[0,46.96]],"o":[[0,0],[-33.521,0],[0,47.04],[33.52,0],[0,-46.96]],"v":[[0,-75.32],[0,-75.32],[-64,0.04],[0,75.32],[64,0.04]],"c":true},"ix":2},"nm":"Path 1","mn":"ADBE Vector Shape - Group","hd":false},{"ty":"fl","c":{"a":0,"k":[0.258999992819,0.169000004787,0.051000000449,1],"ix":4},"o":{"a":0,"k":100,"ix":5},"r":1,"bm":0,"nm":"Fill 1","mn":"ADBE Vector Graphic - Fill","hd":false},{"ty":"tr","p":{"a":0,"k":[370.89,75.57],"ix":2},"a":{"a":0,"k":[0,0],"ix":1},"s":{"a":0,"k":[100,100],"ix":3},"r":{"a":0,"k":0,"ix":6},"o":{"a":0,"k":100,"ix":7},"sk":{"a":0,"k":0,"ix":4},"sa":{"a":0,"k":0,"ix":5},"nm":"Transform"}],"nm":"Group 2","np":4,"cix":2,"bm":0,"ix":2,"mn":"ADBE Vector Group","hd":false},{"ty":"gr","it":[{"ind":0,"ty":"sh","ix":1,"ks":{"a":0,"k":{"i":[[7.12,6.88],[0,0],[5.52,-11.36],[-7.12,-6.88],[-5.52,11.36]],"o":[[0,0],[-11.36,-5.44],[-4.24,8.88],[11.36,5.44],[4.24,-8.88]],"v":[[12.88,-18.56],[12.88,-18.56],[-17.68,-7.84],[-12.88,18.56],[17.68,7.84]],"c":true},"ix":2},"nm":"Path 1","mn":"ADBE Vector Shape - Group","hd":false},{"ty":"fl","c":{"a":0,"k":[0.536999990426,0.375999989229,0.141000007181,1],"ix":4},"o":{"a":0,"k":100,"ix":5},"r":1,"bm":0,"nm":"Fill 1","mn":"ADBE Vector Graphic - Fill","hd":false},{"ty":"tr","p":{"a":0,"k":[48.25,50.25],"ix":2},"a":{"a":0,"k":[0,0],"ix":1},"s":{"a":0,"k":[100,100],"ix":3},"r":{"a":0,"k":0,"ix":6},"o":{"a":0,"k":100,"ix":7},"sk":{"a":0,"k":0,"ix":4},"sa":{"a":0,"k":0,"ix":5},"nm":"Transform"}],"nm":"Group 3","np":4,"cix":2,"bm":0,"ix":3,"mn":"ADBE Vector Group","hd":false},{"ty":"gr","it":[{"ind":0,"ty":"sh","ix":1,"ks":{"a":0,"k":{"i":[[33.52,0],[0,0],[0,-47.04],[-33.52,0],[0,46.96]],"o":[[0,0],[-33.52,0],[0,47.04],[33.52,0],[0,-46.96]],"v":[[0,-75.32],[0,-75.32],[-64,0.04],[0,75.32],[64,0.04]],"c":true},"ix":2},"nm":"Path 1","mn":"ADBE Vector Shape - Group","hd":false},{"ty":"fl","c":{"a":0,"k":[0.258999992819,0.169000004787,0.051000000449,1],"ix":4},"o":{"a":0,"k":100,"ix":5},"r":1,"bm":0,"nm":"Fill 1","mn":"ADBE Vector Graphic - Fill","hd":false},{"ty":"tr","p":{"a":0,"k":[64.25,75.57],"ix":2},"a":{"a":0,"k":[0,0],"ix":1},"s":{"a":0,"k":[100,100],"ix":3},"r":{"a":0,"k":0,"ix":6},"o":{"a":0,"k":100,"ix":7},"sk":{"a":0,"k":0,"ix":4},"sa":{"a":0,"k":0,"ix":5},"nm":"Transform"}],"nm":"Group 4","np":4,"cix":2,"bm":0,"ix":4,"mn":"ADBE Vector Group","hd":false}],"ip":0,"op":20,"st":0,"bm":0},{"ddd":0,"ind":5,"ty":4,"nm":"mouth 2","parent":1,"sr":1,"ks":{"o":{"a":0,"k":100,"ix":11},"r":{"a":0,"k":0,"ix":10},"p":{"a":0,"k":[511.52,688.232,0],"ix":2,"l":2},"a":{"a":0,"k":[229.97,63.65,0],"ix":1,"l":2},"s":{"a":0,"k":[100,100,100],"ix":6,"l":2}},"ao":0,"shapes":[{"ty":"gr","it":[{"ind":0,"ty":"sh","ix":1,"ks":{"a":1,"k":[{"i":{"x":0,"y":1},"o":{"x":0.167,"y":0.167},"t":20,"s":[{"i":[[0,0],[43.84,50.96],[-2.8,6],[-6.56,0],[-2.64,-1.52],[-81.12,0],[0,0],[-45.2,26],[-2.96,-0.08],[-2.799,-6.16],[4.4,-5.04],[100.48,0]],"o":[[-100.56,0],[-4.4,-5.12],[2.8,-6.16],[2.96,0],[45.2,26.08],[0,0],[81.2,0],[2.72,-1.52],[6.559,0],[2.721,6],[-43.84,50.88],[0,0]],"v":[[-0.36,63.4],[-216.28,-35.16],[-218.92,-53.16],[-203.48,-63.32],[-194.84,-61],[-0.6,-2.68],[0.68,-2.68],[194.92,-61],[203.56,-63.32],[218.999,-53.16],[216.36,-35.16],[0.44,63.4]],"c":false}]},{"i":{"x":0.833,"y":1},"o":{"x":0.167,"y":0},"t":29,"s":[{"i":[[0,0],[43.84,50.96],[-2.8,6],[-6.56,0],[-2.64,-1.52],[-81.12,0],[0,0],[-45.2,26],[-2.96,-0.08],[-2.799,-6.16],[4.4,-5.04],[100.48,0]],"o":[[-100.56,0],[-4.4,-5.12],[2.8,-6.16],[2.96,0],[45.2,26.08],[0,0],[81.2,0],[2.72,-1.52],[6.559,0],[2.721,6],[-43.84,50.88],[0,0]],"v":[[-0.36,63.4],[-224.28,-35.16],[-226.92,-53.16],[-211.48,-63.32],[-202.84,-61],[-0.6,-2.68],[0.68,-2.68],[202.92,-61],[211.56,-63.32],[226.999,-53.16],[224.36,-35.16],[0.44,63.4]],"c":false}]},{"i":{"x":0.833,"y":1},"o":{"x":0.167,"y":0},"t":148,"s":[{"i":[[0,0],[43.84,50.96],[-2.8,6],[-6.56,0],[-2.64,-1.52],[-81.12,0],[0,0],[-45.2,26],[-2.96,-0.08],[-2.799,-6.16],[4.4,-5.04],[100.48,0]],"o":[[-100.56,0],[-4.4,-5.12],[2.8,-6.16],[2.96,0],[45.2,26.08],[0,0],[81.2,0],[2.72,-1.52],[6.559,0],[2.721,6],[-43.84,50.88],[0,0]],"v":[[-0.36,63.4],[-224.28,-35.16],[-226.92,-53.16],[-211.48,-63.32],[-202.84,-61],[-0.6,-2.68],[0.68,-2.68],[202.92,-61],[211.56,-63.32],[226.999,-53.16],[224.36,-35.16],[0.44,63.4]],"c":false}]},{"t":153,"s":[{"i":[[0,0],[43.84,50.96],[-2.8,6],[-6.56,0],[-2.954,-0.745],[-42.42,-0.977],[0,0],[-47.44,10.843],[-2.96,-0.08],[-2.799,-6.16],[4.4,-5.04],[25.79,0.443]],"o":[[-27.16,-1.307],[-4.4,-5.12],[2.8,-6.16],[2.96,0],[34.07,8.593],[0,0],[32.8,1.023],[2.72,-1.52],[6.559,0],[2.721,6],[-43.84,50.88],[0,0]],"v":[[0.39,44.9],[-138.28,-8.66],[-140.92,-26.66],[-125.48,-36.82],[-116.84,-34.5],[-4.85,-21.18],[-3.57,-21.18],[118.92,-34.5],[127.56,-36.82],[142.999,-26.66],[140.36,-8.66],[1.19,44.9]],"c":false}]}],"ix":2},"nm":"Path 1","mn":"ADBE Vector Shape - Group","hd":false},{"ty":"mm","mm":4,"nm":"Merge Paths 1","mn":"ADBE Vector Filter - Merge","hd":false},{"ty":"fl","c":{"a":0,"k":[0.258999992819,0.169000004787,0.051000000449,1],"ix":4},"o":{"a":0,"k":100,"ix":5},"r":1,"bm":0,"nm":"Fill 1","mn":"ADBE Vector Graphic - Fill","hd":false},{"ty":"tr","p":{"a":0,"k":[229.97,63.65],"ix":2},"a":{"a":0,"k":[0,0],"ix":1},"s":{"a":0,"k":[100,100],"ix":3},"r":{"a":0,"k":0,"ix":6},"o":{"a":0,"k":100,"ix":7},"sk":{"a":0,"k":0,"ix":4},"sa":{"a":0,"k":0,"ix":5},"nm":"Transform"}],"nm":"Group 1","np":4,"cix":2,"bm":0,"ix":1,"mn":"ADBE Vector Group","hd":false}],"ip":20,"op":128,"st":21,"bm":0},{"ddd":0,"ind":6,"ty":4,"nm":"closed eyes","parent":1,"sr":1,"ks":{"o":{"a":0,"k":100,"ix":11},"r":{"a":0,"k":0,"ix":10},"p":{"a":1,"k":[{"i":{"x":0.268,"y":1},"o":{"x":0.167,"y":0.167},"t":18,"s":[513.72,505.84,0],"to":[0,-8,0],"ti":[0,8,0]},{"i":{"x":0.268,"y":0.268},"o":{"x":0.167,"y":0.167},"t":22,"s":[513.72,457.84,0],"to":[0,0,0],"ti":[0,0,0]},{"i":{"x":0.833,"y":0.833},"o":{"x":0.167,"y":0},"t":124,"s":[513.72,457.84,0],"to":[0,5.333,0],"ti":[0,-5.333,0]},{"t":128,"s":[513.72,489.84,0]}],"ix":2,"l":2},"a":{"a":0,"k":[256.17,106.17,0],"ix":1,"l":2},"s":{"a":0,"k":[100,100,100],"ix":6,"l":2}},"ao":0,"shapes":[{"ty":"gr","it":[{"ind":0,"ty":"sh","ix":1,"ks":{"a":0,"k":{"i":[[6.88,8.96],[0.88,1.04],[1.44,1.84],[1.681,1.76],[2.08,2.08],[2.32,1.68],[2,1.12],[1.2,0.4],[0.48,0.08],[0.24,-0.08],[0,0],[0,0],[0,0],[0,0],[-4.321,0.16],[0,0],[-0.08,0],[-0.161,0.08],[0.161,0],[0.32,-0.16],[2,-1.28],[2.239,-1.84],[2.16,-2],[2.56,-2.96],[0,0],[0,0],[13.839,10.08],[-1.76,10.24],[-1.6,5.68],[-5.52,9.52],[-13.52,10.16],[-9.6,3.36],[-2.56,0.64],[-3.6,0.48],[0,0],[-0.32,0],[0,0],[0,0],[0,0],[0,0],[0,0],[0,0],[0,0],[-2.641,-0.4],[-4.721,-1.76],[-6.64,-5.04],[-5.519,-9.44],[-1.521,-3.92],[-0.96,-2.96],[-0.401,-1.36],[0,0],[17.519,-2.64]],"o":[[0,0],[-0.801,-1.04],[-1.2,-1.28],[-1.68,-1.92],[-2.16,-2],[-2.24,-1.84],[-2.08,-1.28],[-0.641,-0.24],[-0.239,0.08],[0,0],[0,0],[0,0],[0,0],[0.959,0],[0,0],[-1.12,0],[0.24,0],[0.639,-0.24],[-0.24,0],[-1.28,0.4],[-2,1.12],[-2.241,1.76],[-4.159,4.08],[-2.64,3.04],[0,0],[-10.96,12.8],[-9.441,-6.88],[0,0],[1.681,-5.68],[5.52,-9.44],[6.641,-4.96],[2.321,-0.88],[2.64,-0.64],[0,0],[1.52,-0.16],[0,0],[0,0],[0,0],[0,0],[0,0],[0,0],[0,0],[2.719,0.24],[5.199,0.96],[9.599,3.36],[13.521,10.16],[2.8,4.72],[1.679,3.76],[0.88,2.88],[0.239,1.28],[2.96,16.16],[-12.561,2]],"v":[[36,43.28],[34.721,41.68],[31.36,37.36],[27.04,32.8],[21.2,26.8],[14.48,21.04],[7.761,16.72],[2.561,14.72],[0.88,14.4],[0.16,14.4],[-0.16,14.48],[-0.319,14.48],[-0.399,14.48],[-0.479,14.48],[1.681,14.4],[-2.72,14.56],[-3.04,14.64],[-2.479,14.56],[-2.64,14.56],[-3.52,14.8],[-8.72,16.8],[-15.439,21.12],[-22.16,26.88],[-32.56,38],[-36.64,42.8],[-38.479,44.96],[-83.439,49.84],[-95.2,22],[-93.04,13.04],[-83.04,-10.24],[-56,-40.96],[-31.68,-54.24],[-24.32,-56.56],[-16,-58.4],[-11.04,-59.12],[-6.96,-59.52],[-2.56,-59.84],[-0.08,-59.92],[0.16,-59.92],[0.641,-59.92],[1.68,-59.84],[3.601,-59.84],[7.681,-59.6],[15.681,-58.48],[30.801,-54.4],[55.12,-41.12],[82.16,-10.4],[88.561,2.72],[92.4,13.44],[93.681,19.2],[94,21.2],[67.521,55.28]],"c":true},"ix":2},"nm":"Path 1","mn":"ADBE Vector Shape - Group","hd":false},{"ty":"fl","c":{"a":0,"k":[0.258999992819,0.169000004787,0.051000000449,1],"ix":4},"o":{"a":0,"k":100,"ix":5},"r":1,"bm":0,"nm":"Fill 1","mn":"ADBE Vector Graphic - Fill","hd":false},{"ty":"tr","p":{"a":0,"k":[413.129,60.17],"ix":2},"a":{"a":0,"k":[0,0],"ix":1},"s":{"a":0,"k":[100,100],"ix":3},"r":{"a":0,"k":0,"ix":6},"o":{"a":0,"k":100,"ix":7},"sk":{"a":0,"k":0,"ix":4},"sa":{"a":0,"k":0,"ix":5},"nm":"Transform"}],"nm":"Group 1","np":4,"cix":2,"bm":0,"ix":1,"mn":"ADBE Vector Group","hd":false},{"ty":"gr","it":[{"ind":0,"ty":"sh","ix":1,"ks":{"a":0,"k":{"i":[[6.96,8.96],[0.88,1.04],[1.44,1.84],[1.68,1.76],[2.08,2.08],[2.32,1.68],[2,1.12],[1.2,0.4],[0.48,0.08],[0.24,-0.08],[0,0],[0,0],[0,0],[-4.32,0.16],[0,0],[-0.08,0],[-0.16,0.08],[0.16,0],[0.32,-0.16],[2,-1.28],[2.24,-1.84],[2.16,-2],[2.56,-2.96],[0,0],[0,0],[13.84,10.08],[-1.76,10.24],[-1.6,5.68],[-5.52,9.52],[-13.52,10.16],[-9.6,3.36],[-2.56,0.64],[-3.6,0.48],[0,0],[-0.32,0],[0,0],[0,0],[0,0],[0,0],[0,0],[0,0],[0,0],[-2.64,-0.4],[-4.72,-1.76],[-6.64,-5.04],[-5.52,-9.44],[-1.52,-3.92],[-0.96,-2.96],[-0.4,-1.36],[0,0],[17.52,-2.64]],"o":[[0,0],[-0.8,-1.04],[-1.2,-1.28],[-1.68,-1.92],[-2.16,-2],[-2.24,-1.84],[-2.08,-1.28],[-0.64,-0.24],[-0.24,0.08],[0,0],[0,0],[0,0],[0.96,0],[0,0],[-1.12,0],[0.24,0],[0.64,-0.24],[-0.24,0],[-1.28,0.4],[-2,1.12],[-2.24,1.76],[-4.16,4.08],[-2.64,3.04],[0,0],[-10.96,12.8],[-9.44,-6.88],[0,0],[1.68,-5.68],[5.52,-9.44],[6.64,-4.96],[2.32,-0.88],[2.64,-0.64],[0,0],[1.52,-0.16],[0,0],[0,0],[0,0],[0,0],[0,0],[0,0],[0,0],[2.72,0.24],[5.2,0.96],[9.6,3.36],[13.52,10.16],[2.8,4.72],[1.68,3.76],[0.88,2.88],[0.24,1.28],[2.96,16.16],[-12.56,2]],"v":[[35.92,43.28],[34.64,41.68],[31.28,37.36],[26.96,32.8],[21.12,26.8],[14.4,21.04],[7.68,16.72],[2.48,14.72],[0.8,14.4],[0.08,14.4],[-0.24,14.48],[-0.4,14.48],[-0.48,14.48],[1.68,14.4],[-2.72,14.56],[-3.04,14.64],[-2.48,14.56],[-2.64,14.56],[-3.52,14.8],[-8.72,16.8],[-15.44,21.12],[-22.16,26.88],[-32.56,38],[-36.64,42.8],[-38.48,44.96],[-83.44,49.84],[-95.2,22],[-93.04,13.04],[-83.04,-10.24],[-56,-40.96],[-31.68,-54.24],[-24.32,-56.56],[-16,-58.4],[-11.04,-59.12],[-6.96,-59.52],[-2.56,-59.84],[-0.08,-59.92],[0.16,-59.92],[0.64,-59.92],[1.68,-59.84],[3.6,-59.84],[7.68,-59.6],[15.68,-58.48],[30.8,-54.4],[55.12,-41.12],[82.16,-10.4],[88.56,2.72],[92.4,13.44],[93.68,19.2],[94,21.2],[67.52,55.28]],"c":true},"ix":2},"nm":"Path 1","mn":"ADBE Vector Shape - Group","hd":false},{"ty":"fl","c":{"a":0,"k":[0.258999992819,0.169000004787,0.051000000449,1],"ix":4},"o":{"a":0,"k":100,"ix":5},"r":1,"bm":0,"nm":"Fill 1","mn":"ADBE Vector Graphic - Fill","hd":false},{"ty":"tr","p":{"a":0,"k":[97.21,60.17],"ix":2},"a":{"a":0,"k":[0,0],"ix":1},"s":{"a":0,"k":[100,100],"ix":3},"r":{"a":0,"k":0,"ix":6},"o":{"a":0,"k":100,"ix":7},"sk":{"a":0,"k":0,"ix":4},"sa":{"a":0,"k":0,"ix":5},"nm":"Transform"}],"nm":"Group 2","np":4,"cix":2,"bm":0,"ix":2,"mn":"ADBE Vector Group","hd":false}],"ip":20,"op":128,"st":20,"bm":0},{"ddd":0,"ind":7,"ty":4,"nm":"mouth 3","parent":1,"sr":1,"ks":{"o":{"a":0,"k":100,"ix":11},"r":{"a":0,"k":0,"ix":10},"p":{"a":0,"k":[512.366,692.01,0],"ix":2,"l":2},"a":{"a":0,"k":[123.363,41.136,0],"ix":1,"l":2},"s":{"a":0,"k":[100,100,100],"ix":6,"l":2}},"ao":0,"shapes":[{"ty":"gr","it":[{"ind":0,"ty":"sh","ix":1,"ks":{"a":1,"k":[{"i":{"x":0.667,"y":1},"o":{"x":0.167,"y":0.167},"t":128,"s":[{"i":[[-60.635,0],[-13.034,19.834],[3.23,7.311],[5.214,-0.057],[1.813,-0.623],[34.512,0.056],[32.868,9.974],[1.927,0.114],[2.38,-4.703],[-4.987,-6.233]],"o":[[61.202,0],[4.986,-6.29],[-2.493,-4.59],[-1.927,0.113],[-33.151,9.464],[-34.341,0.227],[-1.813,-0.623],[-5.213,-0.169],[-3.287,7.31],[12.466,20.402]],"v":[[-0.255,40.886],[137.05,-10.681],[139.883,-32.783],[127.416,-40.149],[121.749,-39.016],[-0.255,-24.85],[-121.692,-39.583],[-127.359,-40.717],[-139.826,-33.349],[-136.992,-11.249]],"c":true}]},{"t":132,"s":[{"i":[[-60.635,0],[-13.034,19.834],[3.23,7.311],[5.214,-0.057],[1.813,-0.623],[34.512,0.056],[32.868,9.974],[1.927,0.114],[2.38,-4.703],[-4.987,-6.233]],"o":[[61.202,0],[4.986,-6.29],[-2.493,-4.59],[-1.927,0.113],[-33.151,9.464],[-34.341,0.227],[-1.813,-0.623],[-5.213,-0.169],[-3.287,7.31],[12.466,20.402]],"v":[[-0.255,40.886],[117.05,-10.682],[119.883,-32.783],[107.416,-40.149],[101.749,-39.016],[-0.255,-24.85],[-101.692,-39.584],[-107.359,-40.717],[-119.826,-33.35],[-116.992,-11.249]],"c":true}]}],"ix":2},"nm":"Path 1","mn":"ADBE Vector Shape - Group","hd":false},{"ty":"fl","c":{"a":0,"k":[0.258999992819,0.169000004787,0.051000000449,1],"ix":4},"o":{"a":0,"k":100,"ix":5},"r":1,"bm":0,"nm":"Fill 1","mn":"ADBE Vector Graphic - Fill","hd":false},{"ty":"tr","p":{"a":0,"k":[123.363,41.137],"ix":2},"a":{"a":0,"k":[0,0],"ix":1},"s":{"a":0,"k":[100,100],"ix":3},"r":{"a":0,"k":0,"ix":6},"o":{"a":0,"k":100,"ix":7},"sk":{"a":0,"k":0,"ix":4},"sa":{"a":0,"k":0,"ix":5},"nm":"Transform"}],"nm":"Group 1","np":4,"cix":2,"bm":0,"ix":1,"mn":"ADBE Vector Group","hd":false}],"ip":128,"op":159,"st":128,"bm":0},{"ddd":0,"ind":8,"ty":4,"nm":"mouth 1","parent":1,"sr":1,"ks":{"o":{"a":0,"k":100,"ix":11},"r":{"a":0,"k":0,"ix":10},"p":{"a":1,"k":[{"i":{"x":0.833,"y":1},"o":{"x":1,"y":0},"t":6,"s":[512.366,692.724,0],"to":[-6,-2,0],"ti":[6,2,0]},{"t":19,"s":[476.366,680.724,0]}],"ix":2,"l":2},"a":{"a":0,"k":[123.363,41.136,0],"ix":1,"l":2},"s":{"a":0,"k":[100,100,100],"ix":6,"l":2}},"ao":0,"shapes":[{"ty":"gr","it":[{"ind":0,"ty":"sh","ix":1,"ks":{"a":1,"k":[{"i":{"x":0.833,"y":1},"o":{"x":1,"y":0},"t":6,"s":[{"i":[[-60.635,0],[-13.034,19.834],[3.23,7.311],[5.214,-0.057],[1.813,-0.623],[34.512,0.056],[32.868,9.974],[1.927,0.114],[2.38,-4.703],[-4.987,-6.233]],"o":[[61.202,0],[4.986,-6.29],[-2.493,-4.59],[-1.927,0.113],[-33.151,9.464],[-34.341,0.227],[-1.813,-0.623],[-5.213,-0.169],[-3.287,7.31],[12.466,20.402]],"v":[[-0.255,40.886],[117.05,-10.682],[119.883,-32.783],[107.416,-40.149],[101.749,-39.016],[-0.255,-24.85],[-101.692,-39.584],[-107.359,-40.717],[-119.826,-33.35],[-116.992,-11.249]],"c":true}]},{"t":20,"s":[{"i":[[-110.953,-1.137],[-15.2,29.601],[4.8,4],[7.2,-3.2],[2.4,-1.599],[48.8,0],[38.4,26.401],[2.4,0.8],[4,-3.2],[-5.6,-11.199]],"o":[[107.042,1.097],[5.6,-11.2],[-4,-3.2],[-2.4,0.8],[-38.4,27.201],[-48.8,0],[-2.4,-1.599],[-7.2,-3.2],[-4.8,4.8],[15.2,28.801]],"v":[[38.587,70.914],[260.687,-25.386],[261.487,-50.186],[244.687,-50.186],[237.487,-46.186],[39.587,5.814],[-157.313,-47.886],[-164.513,-51.886],[-181.313,-51.886],[-180.513,-27.086]],"c":true}]}],"ix":2},"nm":"Path 1","mn":"ADBE Vector Shape - Group","hd":false},{"ty":"fl","c":{"a":0,"k":[0.258999992819,0.169000004787,0.051000000449,1],"ix":4},"o":{"a":0,"k":100,"ix":5},"r":1,"bm":0,"nm":"Fill 1","mn":"ADBE Vector Graphic - Fill","hd":false},{"ty":"tr","p":{"a":0,"k":[123.363,41.137],"ix":2},"a":{"a":0,"k":[0,0],"ix":1},"s":{"a":0,"k":[100,100],"ix":3},"r":{"a":0,"k":0,"ix":6},"o":{"a":0,"k":100,"ix":7},"sk":{"a":0,"k":0,"ix":4},"sa":{"a":0,"k":0,"ix":5},"nm":"Transform"}],"nm":"Group 1","np":4,"cix":2,"bm":0,"ix":1,"mn":"ADBE Vector Group","hd":false}],"ip":0,"op":20,"st":0,"bm":0},{"ddd":0,"ind":9,"ty":4,"nm":"blush R","parent":1,"sr":1,"ks":{"o":{"a":1,"k":[{"i":{"x":[0.667],"y":[1]},"o":{"x":[0.333],"y":[0]},"t":10,"s":[0]},{"i":{"x":[0.833],"y":[1]},"o":{"x":[0.167],"y":[0]},"t":53,"s":[100]},{"i":{"x":[0.833],"y":[1]},"o":{"x":[0.167],"y":[0]},"t":117,"s":[100]},{"t":139,"s":[0]}],"ix":11},"r":{"a":0,"k":0,"ix":10},"p":{"a":0,"k":[812,584.385,0],"ix":2,"l":2},"a":{"a":0,"k":[-78.15,-23.253,0],"ix":1,"l":2},"s":{"a":0,"k":[100,100,100],"ix":6,"l":2}},"ao":0,"shapes":[{"ty":"gr","it":[{"ind":0,"ty":"sh","ix":1,"ks":{"a":0,"k":{"i":[[-77.32,0],[0,-77.32],[77.32,0],[0,77.32]],"o":[[77.32,0],[0,77.32],[-77.32,0],[0,-77.32]],"v":[[-78.15,-163.253],[61.85,-23.253],[-78.15,116.747],[-218.15,-23.253]],"c":true},"ix":2},"nm":"Path 2","mn":"ADBE Vector Shape - Group","hd":false},{"ty":"gf","o":{"a":0,"k":100,"ix":10},"r":1,"bm":0,"g":{"p":3,"k":{"a":0,"k":[0,0.929,0.467,0.439,0.95,0.929,0.467,0.439,1,0.929,0.467,0.439,0,1,0.45,0.5,0.9,0],"ix":9}},"s":{"a":0,"k":[-74,-16],"ix":5},"e":{"a":0,"k":[74,-18],"ix":6},"t":2,"h":{"a":0,"k":0,"ix":7},"a":{"a":0,"k":0,"ix":8},"nm":"Gradient Fill 1","mn":"ADBE Vector Graphic - G-Fill","hd":false},{"ty":"tr","p":{"a":0,"k":[-74,-18],"ix":2},"a":{"a":0,"k":[-74,-18],"ix":1},"s":{"a":0,"k":[100,100],"ix":3},"r":{"a":0,"k":0,"ix":6},"o":{"a":0,"k":100,"ix":7},"sk":{"a":0,"k":0,"ix":4},"sa":{"a":0,"k":0,"ix":5},"nm":"Transform"}],"nm":"Group 3","np":2,"cix":2,"bm":0,"ix":1,"mn":"ADBE Vector Group","hd":false}],"ip":13,"op":159,"st":12.5,"bm":0},{"ddd":0,"ind":10,"ty":4,"nm":"blush L","parent":1,"sr":1,"ks":{"o":{"a":1,"k":[{"i":{"x":[0.667],"y":[1]},"o":{"x":[0.333],"y":[0]},"t":10,"s":[0]},{"i":{"x":[0.833],"y":[1]},"o":{"x":[0.167],"y":[0]},"t":53,"s":[100]},{"i":{"x":[0.833],"y":[1]},"o":{"x":[0.167],"y":[0]},"t":117,"s":[100]},{"t":139,"s":[0]}],"ix":11},"r":{"a":0,"k":0,"ix":10},"p":{"a":0,"k":[212,584.385,0],"ix":2,"l":2},"a":{"a":0,"k":[-78.15,-23.253,0],"ix":1,"l":2},"s":{"a":0,"k":[100,100,100],"ix":6,"l":2}},"ao":0,"shapes":[{"ty":"gr","it":[{"ind":0,"ty":"sh","ix":1,"ks":{"a":0,"k":{"i":[[-77.32,0],[0,-77.32],[77.32,0],[0,77.32]],"o":[[77.32,0],[0,77.32],[-77.32,0],[0,-77.32]],"v":[[-78.15,-163.253],[61.85,-23.253],[-78.15,116.747],[-218.15,-23.253]],"c":true},"ix":2},"nm":"Path 2","mn":"ADBE Vector Shape - Group","hd":false},{"ty":"gf","o":{"a":0,"k":100,"ix":10},"r":1,"bm":0,"g":{"p":3,"k":{"a":0,"k":[0,0.929,0.467,0.439,0.95,0.929,0.467,0.439,1,0.929,0.467,0.439,0,1,0.45,0.5,0.9,0],"ix":9}},"s":{"a":0,"k":[-74,-16],"ix":5},"e":{"a":0,"k":[74,-18],"ix":6},"t":2,"h":{"a":0,"k":0,"ix":7},"a":{"a":0,"k":0,"ix":8},"nm":"Gradient Fill 1","mn":"ADBE Vector Graphic - G-Fill","hd":false},{"ty":"tr","p":{"a":0,"k":[-74,-18],"ix":2},"a":{"a":0,"k":[-74,-18],"ix":1},"s":{"a":0,"k":[100,100],"ix":3},"r":{"a":0,"k":0,"ix":6},"o":{"a":0,"k":100,"ix":7},"sk":{"a":0,"k":0,"ix":4},"sa":{"a":0,"k":0,"ix":5},"nm":"Transform"}],"nm":"Group 3","np":2,"cix":2,"bm":0,"ix":1,"mn":"ADBE Vector Group","hd":false}],"ip":13,"op":159,"st":12.5,"bm":0},{"ddd":0,"ind":11,"ty":4,"nm":"base matte","parent":13,"td":1,"sr":1,"ks":{"o":{"a":0,"k":100,"ix":11},"r":{"a":0,"k":0,"ix":10},"p":{"a":0,"k":[-2,-3,0],"ix":2,"l":2},"a":{"a":0,"k":[0,0,0],"ix":1,"l":2},"s":{"a":0,"k":[100,100,100],"ix":6,"l":2}},"ao":0,"shapes":[{"ty":"gr","it":[{"ind":0,"ty":"sh","ix":1,"ks":{"a":0,"k":{"i":[[15.4,0],[0,38.4],[-27.9,0],[-10.6,-9.3],[0,-16.9],[11.5,-10.2]],"o":[[-27.9,0],[0,-38.4],[15.5,0],[11.5,10.2],[0,16.9],[-10.6,9.3]],"v":[[0,55.9],[-58,0],[0,-55.9],[40.4,-41.5],[58,0],[40.4,41.4]],"c":true},"ix":2},"nm":"Path 1","mn":"ADBE Vector Shape - Group","hd":false},{"ty":"gf","o":{"a":0,"k":100,"ix":10},"r":1,"bm":0,"g":{"p":5,"k":{"a":0,"k":[0.48,0.992,0.878,0.188,0.691,0.98,0.816,0.178,0.902,0.969,0.753,0.169,0.966,0.963,0.694,0.153,1,0.957,0.635,0.137],"ix":9}},"s":{"a":0,"k":[0,0],"ix":5},"e":{"a":0,"k":[56.225,0],"ix":6},"t":2,"h":{"a":0,"k":0,"ix":7},"a":{"a":0,"k":0,"ix":8},"nm":"Gradient Fill 1","mn":"ADBE Vector Graphic - G-Fill","hd":false},{"ty":"tr","p":{"a":0,"k":[0,0],"ix":2},"a":{"a":0,"k":[0,0],"ix":1},"s":{"a":0,"k":[100,100],"ix":3},"r":{"a":0,"k":0,"ix":6},"o":{"a":0,"k":100,"ix":7},"sk":{"a":0,"k":0,"ix":4},"sa":{"a":0,"k":0,"ix":5},"nm":"Transform"}],"nm":"Group 1","np":2,"cix":2,"bm":0,"ix":1,"mn":"ADBE Vector Group","hd":false}],"ip":0,"op":159,"st":0,"bm":0},{"ddd":0,"ind":12,"ty":4,"nm":"base shadow","parent":13,"tt":2,"sr":1,"ks":{"o":{"a":0,"k":100,"ix":11},"r":{"a":0,"k":0,"ix":10},"p":{"a":0,"k":[0,0,0],"ix":2,"l":2},"a":{"a":0,"k":[0,0,0],"ix":1,"l":2},"s":{"a":0,"k":[100,100,100],"ix":6,"l":2}},"ao":0,"shapes":[{"ty":"gr","it":[{"ind":0,"ty":"sh","ix":1,"ks":{"a":0,"k":{"i":[[15.4,0],[0,38.4],[-27.9,0],[-10.6,-9.3],[0,-16.9],[11.5,-10.2]],"o":[[-27.9,0],[0,-38.4],[15.5,0],[11.5,10.2],[0,16.9],[-10.6,9.3]],"v":[[0,55.9],[-58,0],[0,-55.9],[40.4,-41.5],[58,0],[40.4,41.4]],"c":true},"ix":2},"nm":"Path 1","mn":"ADBE Vector Shape - Group","hd":false},{"ty":"fl","c":{"a":0,"k":[0.921568627451,0.560784313725,0,1],"ix":4},"o":{"a":0,"k":100,"ix":5},"r":1,"bm":0,"nm":"Fill 1","mn":"ADBE Vector Graphic - Fill","hd":false},{"ty":"tr","p":{"a":0,"k":[0,0],"ix":2},"a":{"a":0,"k":[0,0],"ix":1},"s":{"a":0,"k":[100,100],"ix":3},"r":{"a":0,"k":0,"ix":6},"o":{"a":0,"k":100,"ix":7},"sk":{"a":0,"k":0,"ix":4},"sa":{"a":0,"k":0,"ix":5},"nm":"Transform"}],"nm":"Group 1","np":2,"cix":2,"bm":0,"ix":1,"mn":"ADBE Vector Group","hd":false}],"ip":0,"op":159,"st":0,"bm":0},{"ddd":0,"ind":13,"ty":4,"nm":"base normal","parent":2,"sr":1,"ks":{"o":{"a":0,"k":100,"ix":11},"r":{"a":0,"k":0,"ix":10},"p":{"a":0,"k":[0,0,0],"ix":2,"l":2},"a":{"a":0,"k":[0,0,0],"ix":1,"l":2},"s":{"a":0,"k":[800,800,100],"ix":6,"l":2}},"ao":0,"shapes":[{"ty":"gr","it":[{"ind":0,"ty":"sh","ix":1,"ks":{"a":0,"k":{"i":[[15.4,0],[0,38.4],[-27.9,0],[-10.6,-9.3],[0,-16.9],[11.5,-10.2]],"o":[[-27.9,0],[0,-38.4],[15.5,0],[11.5,10.2],[0,16.9],[-10.6,9.3]],"v":[[0,55.9],[-58,0],[0,-55.9],[40.4,-41.5],[58,0],[40.4,41.4]],"c":true},"ix":2},"nm":"Path 1","mn":"ADBE Vector Shape - Group","hd":false},{"ty":"gf","o":{"a":0,"k":100,"ix":10},"r":1,"bm":0,"g":{"p":5,"k":{"a":0,"k":[0.48,0.992,0.878,0.188,0.691,0.98,0.816,0.178,0.902,0.969,0.753,0.169,0.966,0.963,0.694,0.153,1,0.957,0.635,0.137],"ix":9}},"s":{"a":0,"k":[0,0],"ix":5},"e":{"a":0,"k":[56.225,0],"ix":6},"t":2,"h":{"a":0,"k":0,"ix":7},"a":{"a":0,"k":0,"ix":8},"nm":"Gradient Fill 1","mn":"ADBE Vector Graphic - G-Fill","hd":false},{"ty":"tr","p":{"a":0,"k":[0,0],"ix":2},"a":{"a":0,"k":[0,0],"ix":1},"s":{"a":0,"k":[100,100],"ix":3},"r":{"a":0,"k":0,"ix":6},"o":{"a":0,"k":100,"ix":7},"sk":{"a":0,"k":0,"ix":4},"sa":{"a":0,"k":0,"ix":5},"nm":"Transform"}],"nm":"Group 1","np":2,"cix":2,"bm":0,"ix":1,"mn":"ADBE Vector Group","hd":false}],"ip":0,"op":159,"st":0,"bm":0}],"markers":[{"tm":118,"cm":"rest","dr":0}]}