{"v":"5.8.1","fr":60,"ip":0,"op":80,"w":1024,"h":1024,"nm":"emoji_rabbit","ddd":0,"assets":[],"layers":[{"ddd":0,"ind":1,"ty":4,"nm":"Whiskers front ","parent":4,"sr":1,"ks":{"o":{"a":0,"k":100,"ix":11},"r":{"a":0,"k":0,"ix":10},"p":{"a":0,"k":[59.213,180.611,0],"ix":2,"l":2},"a":{"a":0,"k":[-29.134,42.965,0],"ix":1,"l":2},"s":{"a":0,"k":[100,100,100],"ix":6,"l":2}},"ao":0,"shapes":[{"ty":"gr","it":[{"ind":0,"ty":"sh","ix":1,"ks":{"a":1,"k":[{"i":{"x":0.833,"y":0.833},"o":{"x":0.333,"y":0},"t":6,"s":[{"i":[[0,0],[27.357,10.781]],"o":[[-21.268,-13.3],[0,0]],"v":[[46.228,24.803],[-46.228,-24.803]],"c":false}]},{"i":{"x":0.667,"y":1},"o":{"x":0.167,"y":0.167},"t":12,"s":[{"i":[[0,0],[26.3,11.336]],"o":[[-30.689,-7.395],[0,0]],"v":[[54.942,23.206],[-43.608,-11.457]],"c":false}]},{"i":{"x":0.833,"y":0.833},"o":{"x":0.333,"y":0},"t":16,"s":[{"i":[[0,0],[27.275,22.066]],"o":[[-16.806,-47.262],[0,0]],"v":[[20.095,77.478],[-46.381,-24.507]],"c":false}]},{"i":{"x":0.833,"y":0.833},"o":{"x":0.167,"y":0.167},"t":24,"s":[{"i":[[0,0],[27.505,8.309]],"o":[[-19.737,-14.956],[0,0]],"v":[[47.435,23.575],[-46.381,-24.507]],"c":false}]},{"i":{"x":0.833,"y":0.833},"o":{"x":0.167,"y":0.167},"t":36,"s":[{"i":[[0,0],[27.357,10.781]],"o":[[-32.007,-8.865],[0,0]],"v":[[52.059,8.456],[-48.13,-22.041]],"c":false}]},{"i":{"x":0.667,"y":1},"o":{"x":0.167,"y":0.167},"t":48,"s":[{"i":[[0,0],[33.808,5.748]],"o":[[-32.85,0.268],[0,0]],"v":[[51.639,-13.614],[-44.175,-16.6]],"c":false}]},{"i":{"x":0.667,"y":1},"o":{"x":0.333,"y":0},"t":54,"s":[{"i":[[0,0],[27.357,10.781]],"o":[[-15.482,-23.226],[0,0]],"v":[[30.677,34.712],[-46.228,-24.803]],"c":false}]},{"i":{"x":0.667,"y":1},"o":{"x":0.333,"y":0},"t":64,"s":[{"i":[[0,0],[20.105,10.716]],"o":[[-29.567,-11.548],[0,0]],"v":[[47.315,13.812],[-46.228,-24.803]],"c":false}]},{"t":74,"s":[{"i":[[0,0],[27.357,10.781]],"o":[[-21.268,-13.3],[0,0]],"v":[[46.228,24.803],[-46.228,-24.803]],"c":false}]}],"ix":2},"nm":"Path 1","mn":"ADBE Vector Shape - Group","hd":false},{"ty":"st","c":{"a":0,"k":[0.556999954523,0.57599995931,0.583999992819,1],"ix":3},"o":{"a":0,"k":100,"ix":4},"w":{"a":0,"k":16,"ix":5},"lc":2,"lj":2,"bm":0,"nm":"Stroke 1","mn":"ADBE Vector Graphic - Stroke","hd":false},{"ty":"tr","p":{"a":0,"k":[86.227,93.127],"ix":2},"a":{"a":0,"k":[0,0],"ix":1},"s":{"a":0,"k":[100,100],"ix":3},"r":{"a":0,"k":0,"ix":6},"o":{"a":0,"k":100,"ix":7},"sk":{"a":0,"k":0,"ix":4},"sa":{"a":0,"k":0,"ix":5},"nm":"Transform"}],"nm":"Group 1","np":2,"cix":2,"bm":0,"ix":1,"mn":"ADBE Vector Group","hd":false},{"ty":"gr","it":[{"ind":0,"ty":"sh","ix":1,"ks":{"a":1,"k":[{"i":{"x":0.833,"y":0.833},"o":{"x":0.333,"y":0},"t":6,"s":[{"i":[[0,0],[30.327,6.163]],"o":[[-29.388,-11.761],[0,0]],"v":[[45.997,12.318],[-45.997,-12.318]],"c":false}]},{"i":{"x":0.667,"y":1},"o":{"x":0.167,"y":0.167},"t":12,"s":[{"i":[[0,0],[26.92,8.07]],"o":[[-30.081,-0.32],[0,0]],"v":[[46.626,15.903],[-49.161,3.438]],"c":false}]},{"i":{"x":0.833,"y":0.833},"o":{"x":0.333,"y":0},"t":16,"s":[{"i":[[0,0],[31.255,16.277]],"o":[[-26.328,-32.588],[0,0]],"v":[[33.57,53.226],[-46.391,-12.016]],"c":false}]},{"i":{"x":0.833,"y":0.833},"o":{"x":0.167,"y":0.167},"t":24,"s":[{"i":[[0,0],[33.089,3.386]],"o":[[-29.686,-9.504],[0,0]],"v":[[46.73,9.904],[-46.391,-12.016]],"c":false}]},{"i":{"x":0.833,"y":0.833},"o":{"x":0.167,"y":0.167},"t":36,"s":[{"i":[[0,0],[26.953,8.167]],"o":[[-35.448,-0.697],[0,0]],"v":[[46.963,1.851],[-45.997,-12.318]],"c":false}]},{"i":{"x":0.667,"y":1},"o":{"x":0.167,"y":0.167},"t":48,"s":[{"i":[[0,0],[31.773,-3.552]],"o":[[-34.845,9.859],[0,0]],"v":[[47.301,-26.192],[-55.412,-4.096]],"c":false}]},{"i":{"x":0.667,"y":1},"o":{"x":0.333,"y":0},"t":54,"s":[{"i":[[0,0],[30.327,6.163]],"o":[[-22.239,-16.036],[0,0]],"v":[[39.638,21.514],[-45.997,-12.318]],"c":false}]},{"i":{"x":0.667,"y":1},"o":{"x":0.333,"y":0},"t":64,"s":[{"i":[[0,0],[31.606,9.209]],"o":[[-33.501,-1.212],[0,0]],"v":[[46.053,5.318],[-45.997,-12.318]],"c":false}]},{"t":74,"s":[{"i":[[0,0],[30.327,6.163]],"o":[[-29.388,-11.761],[0,0]],"v":[[45.997,12.318],[-45.997,-12.318]],"c":false}]}],"ix":2},"nm":"Path 1","mn":"ADBE Vector Shape - Group","hd":false},{"ty":"st","c":{"a":0,"k":[0.556999954523,0.57599995931,0.583999992819,1],"ix":3},"o":{"a":0,"k":100,"ix":4},"w":{"a":0,"k":16,"ix":5},"lc":2,"lj":2,"bm":0,"nm":"Stroke 1","mn":"ADBE Vector Graphic - Stroke","hd":false},{"ty":"tr","p":{"a":0,"k":[95.736,52.318],"ix":2},"a":{"a":0,"k":[0,0],"ix":1},"s":{"a":0,"k":[100,100],"ix":3},"r":{"a":0,"k":0,"ix":6},"o":{"a":0,"k":100,"ix":7},"sk":{"a":0,"k":0,"ix":4},"sa":{"a":0,"k":0,"ix":5},"nm":"Transform"}],"nm":"Group 2","np":2,"cix":2,"bm":0,"ix":2,"mn":"ADBE Vector Group","hd":false}],"ip":0,"op":80,"st":0,"bm":0},{"ddd":0,"ind":2,"ty":4,"nm":"Eye closed","parent":3,"sr":1,"ks":{"o":{"a":0,"k":100,"ix":11},"r":{"a":0,"k":0,"ix":10},"p":{"a":0,"k":[232.979,108,0],"ix":2,"l":2},"a":{"a":0,"k":[0,0,0],"ix":1,"l":2},"s":{"a":0,"k":[100,100,100],"ix":6,"l":2}},"ao":0,"shapes":[{"ty":"gr","it":[{"ind":0,"ty":"sh","ix":1,"ks":{"a":0,"k":{"i":[[0,0],[-15.341,-1.024],[1.398,-20.94]],"o":[[1.398,-20.94],[15.341,1.024],[0,0]],"v":[[-28.477,16.688],[1.832,-19.373],[27.079,20.397]],"c":false},"ix":2},"nm":"Path 1","mn":"ADBE Vector Shape - Group","hd":false},{"ty":"st","c":{"a":0,"k":[0.18431372549,0.188235294118,0.188235294118,1],"ix":3},"o":{"a":0,"k":100,"ix":4},"w":{"a":0,"k":18,"ix":5},"lc":2,"lj":2,"bm":0,"nm":"Stroke 1","mn":"ADBE Vector Graphic - Stroke","hd":false},{"ty":"tr","p":{"a":0,"k":[0,0],"ix":2},"a":{"a":0,"k":[0,0],"ix":1},"s":{"a":0,"k":[100,100],"ix":3},"r":{"a":0,"k":0,"ix":6},"o":{"a":0,"k":100,"ix":7},"sk":{"a":0,"k":0,"ix":4},"sa":{"a":0,"k":0,"ix":5},"nm":"Transform"}],"nm":"Shape 1","np":3,"cix":2,"bm":0,"ix":1,"mn":"ADBE Vector Group","hd":false}],"ip":18,"op":52,"st":0,"bm":0},{"ddd":0,"ind":3,"ty":4,"nm":"Eye","parent":4,"sr":1,"ks":{"o":{"a":1,"k":[{"t":0,"s":[100],"h":1},{"t":18,"s":[0],"h":1},{"t":52,"s":[100],"h":1}],"ix":11},"r":{"a":0,"k":0,"ix":10},"p":{"a":0,"k":[231.979,126.628,0],"ix":2,"l":2},"a":{"a":0,"k":[231.979,126.628,0],"ix":1,"l":2},"s":{"a":0,"k":[100,100,100],"ix":6,"l":2}},"ao":0,"shapes":[{"ty":"gr","it":[{"ind":0,"ty":"sh","ix":1,"ks":{"a":0,"k":{"i":[[-2.05,20.886],[-15.302,-1.502],[2.05,-20.886],[15.302,1.503]],"o":[[2.05,-20.886],[15.302,1.502],[-2.051,20.886],[-15.302,-1.502]],"v":[[-27.706,-2.72],[3.713,-37.818],[27.707,2.72],[-3.712,37.817]],"c":true},"ix":2},"nm":"Path 1","mn":"ADBE Vector Shape - Group","hd":false},{"ty":"fl","c":{"a":0,"k":[0.184000007779,0.187999994615,0.187999994615,1],"ix":4},"o":{"a":0,"k":100,"ix":5},"r":1,"bm":0,"nm":"Fill 1","mn":"ADBE Vector Graphic - Fill","hd":false},{"ty":"tr","p":{"a":0,"k":[231.979,126.628],"ix":2},"a":{"a":0,"k":[0,0],"ix":1},"s":{"a":0,"k":[100,100],"ix":3},"r":{"a":0,"k":0,"ix":6},"o":{"a":0,"k":100,"ix":7},"sk":{"a":0,"k":0,"ix":4},"sa":{"a":0,"k":0,"ix":5},"nm":"Transform"}],"nm":"Group 2","np":2,"cix":2,"bm":0,"ix":1,"mn":"ADBE Vector Group","hd":false}],"ip":0,"op":80,"st":0,"bm":0},{"ddd":0,"ind":4,"ty":4,"nm":"Face ","parent":6,"sr":1,"ks":{"o":{"a":0,"k":100,"ix":11},"r":{"a":0,"k":0,"ix":10},"p":{"a":0,"k":[86.113,232.65,0],"ix":2,"l":2},"a":{"a":0,"k":[72.993,186.81,0],"ix":1,"l":2},"s":{"a":0,"k":[100,100,100],"ix":6,"l":2}},"ao":0,"shapes":[{"ty":"gr","it":[{"ind":0,"ty":"sh","ix":1,"ks":{"a":0,"k":{"i":[[0,0],[-9.76,-10.16],[0,0],[-11.28,-1.84],[-12.32,-6.401],[21.76,-0.32],[0,0],[11.6,1.12],[-14.24,-0.48],[-10.56,0],[0,0],[-11.6,9.76]],"o":[[0,0],[9.76,10.16],[0,0],[11.28,1.84],[12.4,6.399],[-12.96,0.24],[0,0],[-19.12,-1.84],[11.28,0.4],[12,0],[0,0],[11.76,-9.76]],"v":[[-1.8,-20.6],[33.08,-31.08],[3.4,3.48],[10.92,23.72],[36.04,7.961],[15.4,46.6],[-5.24,37.24],[-20.28,43.24],[-34.2,3.08],[-19.16,21.48],[-12.04,0.12],[-26.68,-37.08]],"c":true},"ix":2},"nm":"Path 1","mn":"ADBE Vector Shape - Group","hd":false},{"ty":"fl","c":{"a":0,"k":[0.184000007779,0.187999994615,0.187999994615,1],"ix":4},"o":{"a":0,"k":100,"ix":5},"r":1,"bm":0,"nm":"Fill 1","mn":"ADBE Vector Graphic - Fill","hd":false},{"ty":"tr","p":{"a":0,"k":[56.53,182.61],"ix":2},"a":{"a":0,"k":[0,0],"ix":1},"s":{"a":0,"k":[100,100],"ix":3},"r":{"a":0,"k":0,"ix":6},"o":{"a":0,"k":100,"ix":7},"sk":{"a":0,"k":0,"ix":4},"sa":{"a":0,"k":0,"ix":5},"nm":"Transform"}],"nm":"Group 1","np":2,"cix":2,"bm":0,"ix":1,"mn":"ADBE Vector Group","hd":false},{"ty":"gr","it":[{"ind":0,"ty":"sh","ix":1,"ks":{"a":0,"k":{"i":[[-20.88,-4.48],[17.44,-29.28],[-3.92,-14.08],[1.68,-32.079],[50.64,4],[-8.48,42.24],[-8.96,16.4],[-15.52,22.72]],"o":[[20.8,4.48],[-17.44,29.28],[3.92,14.08],[-1.68,32.081],[-50.64,-4],[6.72,-33.44],[9.04,-16.32],[22,-31.92]],"v":[[69,-130.08],[54.36,-65.92],[27.88,-7.36],[60.52,65.839],[-18.84,130.56],[-81.32,45.52],[-31.24,-19.84],[8.2,-86.32]],"c":true},"ix":2},"nm":"Path 1","mn":"ADBE Vector Shape - Group","hd":false},{"ty":"fl","c":{"a":0,"k":[1,1,1,1],"ix":4},"o":{"a":0,"k":100,"ix":5},"r":1,"bm":0,"nm":"Fill 1","mn":"ADBE Vector Graphic - Fill","hd":false},{"ty":"tr","p":{"a":0,"k":[90.05,134.81],"ix":2},"a":{"a":0,"k":[0,0],"ix":1},"s":{"a":0,"k":[100,100],"ix":3},"r":{"a":0,"k":0,"ix":6},"o":{"a":0,"k":100,"ix":7},"sk":{"a":0,"k":0,"ix":4},"sa":{"a":0,"k":0,"ix":5},"nm":"Transform"}],"nm":"Group 3","np":2,"cix":2,"bm":0,"ix":2,"mn":"ADBE Vector Group","hd":false}],"ip":0,"op":80,"st":0,"bm":0},{"ddd":0,"ind":5,"ty":4,"nm":"Ear front ","parent":6,"sr":1,"ks":{"o":{"a":0,"k":100,"ix":11},"r":{"a":1,"k":[{"i":{"x":[0.667],"y":[1]},"o":{"x":[0.333],"y":[0]},"t":6,"s":[0]},{"i":{"x":[0.833],"y":[0.833]},"o":{"x":[0.333],"y":[0]},"t":12,"s":[0]},{"i":{"x":[0.667],"y":[1]},"o":{"x":[0.167],"y":[0.167]},"t":24,"s":[22.362]},{"i":{"x":[0.667],"y":[1]},"o":{"x":[0.333],"y":[0]},"t":36,"s":[7.813]},{"i":{"x":[0.667],"y":[1]},"o":{"x":[0.333],"y":[0]},"t":48,"s":[-8.98]},{"i":{"x":[0.667],"y":[1]},"o":{"x":[0.333],"y":[0]},"t":54,"s":[-19.344]},{"i":{"x":[0.667],"y":[1]},"o":{"x":[0.333],"y":[0]},"t":70,"s":[3.187]},{"t":78,"s":[0]}],"ix":10},"p":{"a":1,"k":[{"i":{"x":0.667,"y":0.667},"o":{"x":0.333,"y":0.333},"t":6,"s":[295.047,102.769,0],"to":[0,0,0],"ti":[0,0,0]},{"i":{"x":0.833,"y":0.833},"o":{"x":0.333,"y":0},"t":12,"s":[295.047,102.769,0],"to":[0,0,0],"ti":[0,0,0]},{"i":{"x":0.667,"y":1},"o":{"x":0.167,"y":0.167},"t":24,"s":[283.276,89.562,0],"to":[0,0,0],"ti":[0,0,0]},{"i":{"x":0.667,"y":1},"o":{"x":0.333,"y":0},"t":36,"s":[287.559,105.756,0],"to":[0,0,0],"ti":[0,0,0]},{"i":{"x":0.667,"y":1},"o":{"x":0.333,"y":0},"t":48,"s":[295.047,102.769,0],"to":[0,0,0],"ti":[0,0,0]},{"i":{"x":0.667,"y":1},"o":{"x":0.333,"y":0},"t":60,"s":[304.21,114.592,0],"to":[0,0,0],"ti":[0,0,0]},{"t":70,"s":[295.047,102.769,0]}],"ix":2,"l":2},"a":{"a":0,"k":[19.213,332.53,0],"ix":1,"l":2},"s":{"a":0,"k":[100,100,100],"ix":6,"l":2}},"ao":0,"shapes":[{"ty":"gr","it":[{"ind":0,"ty":"sh","ix":1,"ks":{"a":1,"k":[{"i":{"x":0.667,"y":1},"o":{"x":0.333,"y":0},"t":6,"s":[{"i":[[23.28,24],[-55.6,59.28],[-18.8,-13.52],[53.36,-56.32]],"o":[[-14.08,-14.56],[55.6,-59.28],[18.8,13.52],[-44.16,46.56]],"v":[[-91.72,89.72],[-25.64,-35.64],[87,-100.2],[25.4,27.48]],"c":true}]},{"i":{"x":0.833,"y":0.833},"o":{"x":0.333,"y":0},"t":12,"s":[{"i":[[23.28,24],[-55.6,59.28],[-18.8,-13.52],[53.36,-56.32]],"o":[[-14.08,-14.56],[55.6,-59.28],[18.8,13.52],[-44.16,46.56]],"v":[[-91.72,89.72],[-25.64,-35.64],[87,-100.2],[25.4,27.48]],"c":true}]},{"i":{"x":0.667,"y":1},"o":{"x":0.167,"y":0.167},"t":24,"s":[{"i":[[23.28,24],[-55.6,59.28],[-18.8,-13.52],[53.36,-56.32]],"o":[[-14.08,-14.56],[55.6,-59.28],[18.8,13.52],[-44.16,46.56]],"v":[[-91.72,89.72],[-25.64,-35.64],[87,-100.2],[25.4,27.48]],"c":true}]},{"i":{"x":0.667,"y":1},"o":{"x":0.333,"y":0},"t":36,"s":[{"i":[[23.28,24],[-55.6,59.28],[-18.8,-13.52],[53.36,-56.32]],"o":[[-14.08,-14.56],[55.6,-59.28],[18.8,13.52],[-44.16,46.56]],"v":[[-91.72,89.72],[-25.64,-35.64],[87,-100.2],[25.4,27.48]],"c":true}]},{"i":{"x":0.667,"y":1},"o":{"x":0.333,"y":0},"t":48,"s":[{"i":[[23.28,24],[-55.6,59.28],[-18.8,-13.52],[53.36,-56.32]],"o":[[-14.08,-14.56],[55.6,-59.28],[18.8,13.52],[-44.16,46.56]],"v":[[-91.72,89.72],[-25.64,-35.64],[87,-100.2],[25.4,27.48]],"c":true}]},{"i":{"x":0.667,"y":1},"o":{"x":0.333,"y":0},"t":60,"s":[{"i":[[23.28,24],[-55.6,59.28],[-18.8,-13.52],[53.36,-56.32]],"o":[[-14.08,-14.56],[55.6,-59.28],[18.8,13.52],[-44.16,46.56]],"v":[[-91.72,89.72],[-25.64,-35.64],[87,-100.2],[25.4,27.48]],"c":true}]},{"t":70,"s":[{"i":[[23.28,24],[-55.6,59.28],[-18.8,-13.52],[53.36,-56.32]],"o":[[-14.08,-14.56],[55.6,-59.28],[18.8,13.52],[-44.16,46.56]],"v":[[-91.72,89.72],[-25.64,-35.64],[87,-100.2],[25.4,27.48]],"c":true}]}],"ix":2},"nm":"Path 1","mn":"ADBE Vector Shape - Group","hd":false},{"ty":"fl","c":{"a":0,"k":[1,0.689999988032,0.694000004787,1],"ix":4},"o":{"a":0,"k":100,"ix":5},"r":1,"bm":0,"nm":"Fill 1","mn":"ADBE Vector Graphic - Fill","hd":false},{"ty":"tr","p":{"a":0,"k":[165.656,193.65],"ix":2},"a":{"a":0,"k":[0,0],"ix":1},"s":{"a":0,"k":[100,100],"ix":3},"r":{"a":0,"k":0,"ix":6},"o":{"a":0,"k":100,"ix":7},"sk":{"a":0,"k":0,"ix":4},"sa":{"a":0,"k":0,"ix":5},"nm":"Transform"}],"nm":"Group 1","np":2,"cix":2,"bm":0,"ix":1,"mn":"ADBE Vector Group","hd":false},{"ty":"gr","it":[{"ind":0,"ty":"sh","ix":1,"ks":{"a":1,"k":[{"i":{"x":0.667,"y":1},"o":{"x":0.333,"y":0},"t":6,"s":[{"i":[[-64.442,21.919],[-39.76,36],[-6,61.6],[96.88,-58.56],[0,0]],"o":[[0,0],[44.16,-40],[6,-61.6],[-96.88,58.56],[-12.886,41.615]],"v":[[-59.997,164.361],[35.363,107.321],[150.963,-69.159],[23.283,-127.719],[-144.077,75.801]],"c":true}]},{"i":{"x":0.833,"y":0.833},"o":{"x":0.333,"y":0},"t":12,"s":[{"i":[[-64.442,21.919],[-39.76,36],[-6,61.6],[96.88,-58.56],[0,0]],"o":[[0,0],[44.16,-40],[6,-61.6],[-96.88,58.56],[-12.886,41.615]],"v":[[-59.997,164.361],[35.363,107.321],[150.963,-69.159],[23.283,-127.719],[-144.077,75.801]],"c":true}]},{"i":{"x":0.667,"y":1},"o":{"x":0.167,"y":0.167},"t":24,"s":[{"i":[[-64.442,21.919],[-39.76,36],[-6,61.6],[96.88,-58.56],[0,0]],"o":[[0,0],[44.16,-40],[6,-61.6],[-96.88,58.56],[-12.886,41.615]],"v":[[-59.997,164.361],[35.363,107.321],[150.963,-69.159],[23.283,-127.719],[-156.428,88.148]],"c":true}]},{"i":{"x":0.667,"y":1},"o":{"x":0.333,"y":0},"t":36,"s":[{"i":[[-64.442,21.919],[-39.76,36],[-6,61.6],[96.88,-58.56],[0,0]],"o":[[0,0],[44.16,-40],[6,-61.6],[-96.88,58.56],[-12.886,41.615]],"v":[[-59.997,164.361],[35.363,107.321],[150.963,-69.159],[23.283,-127.719],[-144.077,75.801]],"c":true}]},{"i":{"x":0.667,"y":1},"o":{"x":0.333,"y":0},"t":48,"s":[{"i":[[-64.442,21.919],[-39.76,36],[-6,61.6],[96.88,-58.56],[0,0]],"o":[[0,0],[44.16,-40],[6,-61.6],[-96.88,58.56],[-12.886,41.615]],"v":[[-59.997,164.361],[35.363,107.321],[150.963,-69.159],[23.283,-127.719],[-144.077,75.801]],"c":true}]},{"i":{"x":0.667,"y":1},"o":{"x":0.333,"y":0},"t":60,"s":[{"i":[[-64.442,21.919],[-39.76,36],[-6,61.6],[96.88,-58.56],[0,0]],"o":[[0,0],[44.16,-40],[6,-61.6],[-96.88,58.56],[-12.886,41.615]],"v":[[-59.997,164.361],[35.363,107.321],[150.963,-69.159],[23.283,-127.719],[-144.077,75.801]],"c":true}]},{"t":70,"s":[{"i":[[-64.442,21.919],[-39.76,36],[-6,61.6],[96.88,-58.56],[0,0]],"o":[[0,0],[44.16,-40],[6,-61.6],[-96.88,58.56],[-12.886,41.615]],"v":[[-59.997,164.361],[35.363,107.321],[150.963,-69.159],[23.283,-127.719],[-144.077,75.801]],"c":true}]}],"ix":2},"nm":"Path 1","mn":"ADBE Vector Shape - Group","hd":false},{"ty":"fl","c":{"a":0,"k":[0.875,0.875,0.875,1],"ix":4},"o":{"a":0,"k":100,"ix":5},"r":1,"bm":0,"nm":"Fill 1","mn":"ADBE Vector Graphic - Fill","hd":false},{"ty":"tr","p":{"a":0,"k":[157.213,186.53],"ix":2},"a":{"a":0,"k":[0,0],"ix":1},"s":{"a":0,"k":[100,100],"ix":3},"r":{"a":0,"k":0,"ix":6},"o":{"a":0,"k":100,"ix":7},"sk":{"a":0,"k":0,"ix":4},"sa":{"a":0,"k":0,"ix":5},"nm":"Transform"}],"nm":"Group 2","np":2,"cix":2,"bm":0,"ix":2,"mn":"ADBE Vector Group","hd":false}],"ip":0,"op":80,"st":0,"bm":0},{"ddd":0,"ind":6,"ty":4,"nm":"Head ","parent":14,"sr":1,"ks":{"o":{"a":0,"k":100,"ix":11},"r":{"a":1,"k":[{"i":{"x":[0.833],"y":[0.912]},"o":{"x":[0.333],"y":[0]},"t":6,"s":[0]},{"i":{"x":[0.667],"y":[1]},"o":{"x":[0.167],"y":[1.75]},"t":12,"s":[-10]},{"i":{"x":[0.885],"y":[0.863]},"o":{"x":[0.333],"y":[0]},"t":18,"s":[-10.5]},{"i":{"x":[0.218],"y":[1]},"o":{"x":[0.111],"y":[0.465]},"t":24,"s":[-2.535]},{"i":{"x":[0.667],"y":[1]},"o":{"x":[0.333],"y":[0]},"t":36,"s":[2]},{"i":{"x":[0.833],"y":[0.858]},"o":{"x":[0.333],"y":[0]},"t":48,"s":[-15]},{"i":{"x":[0.667],"y":[1]},"o":{"x":[0.167],"y":[0.202]},"t":56,"s":[-5]},{"i":{"x":[0.667],"y":[1]},"o":{"x":[0.333],"y":[0]},"t":64,"s":[2]},{"t":70,"s":[0]}],"ix":10},"p":{"s":true,"x":{"a":1,"k":[{"i":{"x":[0.833],"y":[0.833]},"o":{"x":[0.167],"y":[0.167]},"t":6,"s":[183.81]},{"i":{"x":[0.833],"y":[0.833]},"o":{"x":[0.167],"y":[0.167]},"t":12,"s":[177.81]},{"i":{"x":[0.667],"y":[1]},"o":{"x":[0.167],"y":[0.167]},"t":24,"s":[138.636]},{"i":{"x":[0.667],"y":[1]},"o":{"x":[0.333],"y":[0]},"t":36,"s":[116.302]},{"i":{"x":[0.667],"y":[1]},"o":{"x":[0.333],"y":[0]},"t":56,"s":[182.81]},{"i":{"x":[0.667],"y":[1]},"o":{"x":[0.333],"y":[0]},"t":64,"s":[177.81]},{"t":70,"s":[183.81]}],"ix":3},"y":{"a":1,"k":[{"i":{"x":[0.667],"y":[1]},"o":{"x":[0.333],"y":[0]},"t":6,"s":[59.69]},{"i":{"x":[0.667],"y":[1]},"o":{"x":[0.333],"y":[0]},"t":12,"s":[127.69]},{"i":{"x":[0.776],"y":[0.678]},"o":{"x":[0.333],"y":[0]},"t":24,"s":[55.19]},{"i":{"x":[0.541],"y":[1]},"o":{"x":[0.327],"y":[0.605]},"t":36,"s":[104.19]},{"i":{"x":[0.776],"y":[0.755]},"o":{"x":[0.354],"y":[0]},"t":48,"s":[142.216]},{"i":{"x":[0.667],"y":[1]},"o":{"x":[0.206],"y":[0.587]},"t":56,"s":[79.69]},{"i":{"x":[0.667],"y":[1]},"o":{"x":[0.333],"y":[0]},"t":64,"s":[55.69]},{"t":70,"s":[59.69]}],"ix":4}},"a":{"a":0,"k":[255.41,285.69,0],"ix":1,"l":2},"s":{"a":0,"k":[100,100,100],"ix":6,"l":2}},"ao":0,"shapes":[{"ty":"gr","it":[{"ind":0,"ty":"sh","ix":1,"ks":{"a":0,"k":{"i":[[-11.583,43.071],[5.28,24.799],[0,0],[36.764,16.082],[62.32,-33.84],[3.04,-6],[4.96,-53.039],[-43.84,-11.599],[0,0],[-60.08,0.72],[0,0]],"o":[[0,0],[-5.28,-24.8],[-20.594,-39.97],[0,0],[-62.32,33.84],[-3.04,6],[-4.88,52.561],[30.56,8.08],[0,0],[60.08,-0.721],[34.914,-23.54]],"v":[[195.4,46.56],[193.88,-5.28],[173.64,-58.56],[89.56,-147.12],[-49.32,-145.6],[-147.72,-18.72],[-194.28,57.839],[-125.96,151.679],[-67.4,153.2],[15.96,178.72],[125.56,146.4]],"c":true},"ix":2},"nm":"Path 1","mn":"ADBE Vector Shape - Group","hd":false},{"ty":"fl","c":{"a":0,"k":[0.875,0.875,0.875,1],"ix":4},"o":{"a":0,"k":100,"ix":5},"r":1,"bm":0,"nm":"Fill 1","mn":"ADBE Vector Graphic - Fill","hd":false},{"ty":"tr","p":{"a":0,"k":[199.41,179.69],"ix":2},"a":{"a":0,"k":[0,0],"ix":1},"s":{"a":0,"k":[100,100],"ix":3},"r":{"a":0,"k":0,"ix":6},"o":{"a":0,"k":100,"ix":7},"sk":{"a":0,"k":0,"ix":4},"sa":{"a":0,"k":0,"ix":5},"nm":"Transform"}],"nm":"Group 1","np":2,"cix":2,"bm":0,"ix":1,"mn":"ADBE Vector Group","hd":false}],"ip":0,"op":80,"st":0,"bm":0},{"ddd":0,"ind":7,"ty":4,"nm":"Ear back ","parent":6,"sr":1,"ks":{"o":{"a":0,"k":100,"ix":11},"r":{"a":1,"k":[{"i":{"x":[0.667],"y":[1]},"o":{"x":[0.333],"y":[0]},"t":6,"s":[0]},{"i":{"x":[0.833],"y":[0.833]},"o":{"x":[0.333],"y":[0]},"t":12,"s":[22.624]},{"i":{"x":[0.667],"y":[1]},"o":{"x":[0.167],"y":[0.167]},"t":24,"s":[55.845]},{"i":{"x":[0.684],"y":[0.59]},"o":{"x":[0.333],"y":[0]},"t":36,"s":[45.809]},{"i":{"x":[0.667],"y":[1]},"o":{"x":[0.435],"y":[0.64]},"t":48,"s":[0]},{"i":{"x":[0.667],"y":[1]},"o":{"x":[0.333],"y":[0]},"t":54,"s":[-20.189]},{"i":{"x":[0.667],"y":[1]},"o":{"x":[0.333],"y":[0]},"t":64,"s":[7.304]},{"t":74,"s":[0]}],"ix":10},"p":{"a":1,"k":[{"i":{"x":0.667,"y":1},"o":{"x":0.333,"y":0},"t":6,"s":[233.243,40.939,0],"to":[0,0,0],"ti":[0,0,0]},{"i":{"x":0.833,"y":0.833},"o":{"x":0.333,"y":0},"t":12,"s":[230.243,43.939,0],"to":[0,0,0],"ti":[0,0,0]},{"i":{"x":0.667,"y":1},"o":{"x":0.167,"y":0.167},"t":24,"s":[234.98,59.024,0],"to":[0,0,0],"ti":[0,0,0]},{"i":{"x":0.667,"y":1},"o":{"x":0.333,"y":0},"t":36,"s":[237.395,63.402,0],"to":[0,0,0],"ti":[0,0,0]},{"i":{"x":0.667,"y":1},"o":{"x":0.333,"y":0},"t":48,"s":[233.243,40.939,0],"to":[0,0,0],"ti":[0,0,0]},{"i":{"x":0.667,"y":1},"o":{"x":0.333,"y":0},"t":60,"s":[225.273,41.636,0],"to":[0,0,0],"ti":[0,0,0]},{"t":70,"s":[233.243,40.939,0]}],"ix":2,"l":2},"a":{"a":0,"k":[70.65,310.81,0],"ix":1,"l":2},"s":{"a":0,"k":[100,100,100],"ix":6,"l":2}},"ao":0,"shapes":[{"ty":"gr","it":[{"ind":0,"ty":"sh","ix":1,"ks":{"a":0,"k":{"i":[[0,0],[2.24,95.76],[48,-1.84],[-0.96,-70.16],[0,0]],"o":[[0,0],[-2.24,-95.76],[-52.56,2.08],[1.12,85.6],[0,0]],"v":[[38.76,156.56],[69.16,-10.16],[-2.52,-154.72],[-70.44,2.24],[-38.12,152.4]],"c":true},"ix":2},"nm":"Path 1","mn":"ADBE Vector Shape - Group","hd":false},{"ty":"fl","c":{"a":0,"k":[0.658999992819,0.658999992819,0.658999992819,1],"ix":4},"o":{"a":0,"k":100,"ix":5},"r":1,"bm":0,"nm":"Fill 1","mn":"ADBE Vector Graphic - Fill","hd":false},{"ty":"tr","p":{"a":0,"k":[71.65,156.81],"ix":2},"a":{"a":0,"k":[0,0],"ix":1},"s":{"a":0,"k":[100,100],"ix":3},"r":{"a":0,"k":0,"ix":6},"o":{"a":0,"k":100,"ix":7},"sk":{"a":0,"k":0,"ix":4},"sa":{"a":0,"k":0,"ix":5},"nm":"Transform"}],"nm":"Group 1","np":2,"cix":2,"bm":0,"ix":1,"mn":"ADBE Vector Group","hd":false}],"ip":0,"op":80,"st":0,"bm":0},{"ddd":0,"ind":8,"ty":4,"nm":"Whiskers back ","parent":4,"sr":1,"ks":{"o":{"a":0,"k":100,"ix":11},"r":{"a":0,"k":0,"ix":10},"p":{"a":0,"k":[52.069,178.885,0],"ix":2,"l":2},"a":{"a":0,"k":[166.931,56.398,0],"ix":1,"l":2},"s":{"a":0,"k":[100,100,100],"ix":6,"l":2}},"ao":0,"shapes":[{"ty":"gr","it":[{"ind":0,"ty":"sh","ix":1,"ks":{"a":1,"k":[{"i":{"x":0.833,"y":0.833},"o":{"x":0.333,"y":0},"t":6,"s":[{"i":[[0,0],[-22.195,0.583]],"o":[[24.247,-6.426],[0,0]],"v":[[-43.441,7.446],[43.441,-7.446]],"c":false}]},{"i":{"x":0.667,"y":1},"o":{"x":0.167,"y":0.167},"t":12,"s":[{"i":[[0,0],[-18.512,-2.995]],"o":[[24.486,12.191],[0,0]],"v":[[-41.222,-28.016],[44.122,-4.358]],"c":false}]},{"i":{"x":0.833,"y":0.833},"o":{"x":0.333,"y":0},"t":16,"s":[{"i":[[0,0],[-18.585,-1.698]],"o":[[28.035,-22.681],[0,0]],"v":[[-27.411,24.873],[46.28,-14.096]],"c":false}]},{"i":{"x":0.833,"y":0.833},"o":{"x":0.167,"y":0.167},"t":24,"s":[{"i":[[0,0],[-18.731,0.895]],"o":[[34.964,-10.627],[0,0]],"v":[[-41.385,9.987],[48.598,-6.478]],"c":false}]},{"i":{"x":0.833,"y":0.833},"o":{"x":0.167,"y":0.167},"t":36,"s":[{"i":[[0,0],[-18.731,0.895]],"o":[[28.502,5.295],[0,0]],"v":[[-44.003,-21.686],[48.287,-18.64]],"c":false}]},{"i":{"x":0.667,"y":1},"o":{"x":0.167,"y":0.167},"t":48,"s":[{"i":[[0,0],[-24.282,-9.156]],"o":[[22.73,24.137],[0,0]],"v":[[-33.014,-70.978],[46.936,-12.282]],"c":false}]},{"i":{"x":0.667,"y":1},"o":{"x":0.333,"y":0},"t":54,"s":[{"i":[[0,0],[-22.195,0.583]],"o":[[24.247,-6.426],[0,0]],"v":[[-43.441,7.446],[43.441,-7.446]],"c":false}]},{"i":{"x":0.667,"y":1},"o":{"x":0.333,"y":0},"t":64,"s":[{"i":[[0,0],[-22.195,0.583]],"o":[[36.288,-4.093],[0,0]],"v":[[-38.393,1.486],[43.441,-7.446]],"c":false}]},{"t":74,"s":[{"i":[[0,0],[-22.195,0.583]],"o":[[24.247,-6.426],[0,0]],"v":[[-43.441,7.446],[43.441,-7.446]],"c":false}]}],"ix":2},"nm":"Path 1","mn":"ADBE Vector Shape - Group","hd":false},{"ty":"st","c":{"a":0,"k":[0.556999954523,0.57599995931,0.583999992819,1],"ix":3},"o":{"a":0,"k":100,"ix":4},"w":{"a":0,"k":16,"ix":5},"lc":2,"lj":2,"bm":0,"nm":"Stroke 1","mn":"ADBE Vector Graphic - Stroke","hd":false},{"ty":"tr","p":{"a":0,"k":[83.441,93.35],"ix":2},"a":{"a":0,"k":[0,0],"ix":1},"s":{"a":0,"k":[100,100],"ix":3},"r":{"a":0,"k":0,"ix":6},"o":{"a":0,"k":100,"ix":7},"sk":{"a":0,"k":0,"ix":4},"sa":{"a":0,"k":0,"ix":5},"nm":"Transform"}],"nm":"Group 1","np":2,"cix":2,"bm":0,"ix":1,"mn":"ADBE Vector Group","hd":false},{"ty":"gr","it":[{"ind":0,"ty":"sh","ix":1,"ks":{"a":1,"k":[{"i":{"x":0.833,"y":0.833},"o":{"x":0.333,"y":0},"t":6,"s":[{"i":[[0,0],[-19.853,-3.087]],"o":[[30.236,-4.553],[0,0]],"v":[[-44.874,2.638],[44.874,0.449]],"c":false}]},{"i":{"x":0.667,"y":1},"o":{"x":0.167,"y":0.167},"t":12,"s":[{"i":[[0,0],[-19.853,-3.087]],"o":[[20.814,15.891],[0,0]],"v":[[-38.728,-22.356],[40.872,14.608]],"c":false}]},{"i":{"x":0.833,"y":0.833},"o":{"x":0.333,"y":0},"t":16,"s":[{"i":[[0,0],[-19.041,-2.61]],"o":[[26.695,-11.088],[0,0]],"v":[[-36.587,20.07],[40.529,0.993]],"c":false}]},{"i":{"x":0.833,"y":0.833},"o":{"x":0.167,"y":0.167},"t":24,"s":[{"i":[[0,0],[-17.418,-1.657]],"o":[[33.646,-6.894],[0,0]],"v":[[-44.207,5.052],[37.844,0.856]],"c":false}]},{"i":{"x":0.833,"y":0.833},"o":{"x":0.167,"y":0.167},"t":36,"s":[{"i":[[0,0],[-17.418,-1.657]],"o":[[35.451,10.352],[0,0]],"v":[[-44.317,-12.13],[37.844,0.856]],"c":false}]},{"i":{"x":0.667,"y":1},"o":{"x":0.167,"y":0.167},"t":48,"s":[{"i":[[0,0],[-17.159,-14.443]],"o":[[15.175,23.734],[0,0]],"v":[[-15.568,-70.427],[47.583,-1.674]],"c":false}]},{"i":{"x":0.667,"y":1},"o":{"x":0.333,"y":0},"t":54,"s":[{"i":[[0,0],[-19.853,-3.087]],"o":[[30.236,-4.553],[0,0]],"v":[[-44.874,2.638],[44.874,0.449]],"c":false}]},{"i":{"x":0.667,"y":1},"o":{"x":0.333,"y":0},"t":64,"s":[{"i":[[0,0],[-19.853,-3.087]],"o":[[27.575,1.42],[0,0]],"v":[[-43.818,-4.354],[44.874,0.449]],"c":false}]},{"t":74,"s":[{"i":[[0,0],[-19.853,-3.087]],"o":[[30.236,-4.553],[0,0]],"v":[[-44.874,2.638],[44.874,0.449]],"c":false}]}],"ix":2},"nm":"Path 1","mn":"ADBE Vector Shape - Group","hd":false},{"ty":"st","c":{"a":0,"k":[0.556999954523,0.57599995931,0.583999992819,1],"ix":3},"o":{"a":0,"k":100,"ix":4},"w":{"a":0,"k":16,"ix":5},"lc":2,"lj":2,"bm":0,"nm":"Stroke 1","mn":"ADBE Vector Graphic - Stroke","hd":false},{"ty":"tr","p":{"a":0,"k":[92.987,42.638],"ix":2},"a":{"a":0,"k":[0,0],"ix":1},"s":{"a":0,"k":[100,100],"ix":3},"r":{"a":0,"k":0,"ix":6},"o":{"a":0,"k":100,"ix":7},"sk":{"a":0,"k":0,"ix":4},"sa":{"a":0,"k":0,"ix":5},"nm":"Transform"}],"nm":"Group 2","np":2,"cix":2,"bm":0,"ix":2,"mn":"ADBE Vector Group","hd":false}],"ip":0,"op":80,"st":0,"bm":0},{"ddd":0,"ind":9,"ty":4,"nm":"Body mask","parent":14,"td":1,"sr":1,"ks":{"o":{"a":0,"k":100,"ix":11},"r":{"a":0,"k":0,"ix":10},"p":{"a":0,"k":[271.21,233.997,0],"ix":2,"l":2},"a":{"a":0,"k":[271.21,233.997,0],"ix":1,"l":2},"s":{"a":0,"k":[100,100,100],"ix":6,"l":2}},"ao":0,"shapes":[{"ty":"gr","it":[{"ind":0,"ty":"sh","ix":1,"ks":{"a":1,"k":[{"i":{"x":0.833,"y":0.833},"o":{"x":0.333,"y":0},"t":6,"s":[{"i":[[27.92,79.04],[57.698,41.478],[28.818,5.849],[47.84,-2.109],[29.056,-24.399],[-5.97,-12.033],[1.26,-11.74],[-12.8,-35.28],[1.52,-36.801],[-12.114,-14.547],[-23.84,5.28],[-10.954,21.842],[0.364,-7.969],[-17.085,-3.301],[-14.239,26.282],[-13.52,14.24],[-4.44,4.481],[0,0],[12.16,-17.28],[-18.103,-7.222],[-22.791,2.29],[-26.32,33.04]],"o":[[-22.56,-63.84],[-40.48,-29.1],[-45.92,-9.32],[-44.907,1.98],[-33.44,28.08],[6.38,12.86],[-1.26,11.74],[12.8,35.28],[-1.52,36.799],[9.76,11.72],[23.74,-5.226],[0.089,20.816],[-0.72,15.76],[31.83,6.15],[15.04,-27.76],[13.52,-14.24],[10.19,14.519],[0,0],[-12.4,17.681],[10.93,4.36],[52.56,-5.28],[26.24,-33.04]],"v":[[243.04,-59.187],[146.56,-192.467],[52,-233.747],[-94.76,-241.458],[-239.48,-202.147],[-262.8,-141.427],[-258.16,-102.307],[-258.16,-8.467],[-222.16,112.413],[-235.68,191.213],[-174.8,202.572],[-118.534,138.911],[-122.24,191.213],[-108,229.533],[-30.64,201.052],[3.12,125.213],[28.64,100.413],[53.44,129.692],[6.16,168.732],[14.4,214.572],[65.44,217.533],[211.12,161.213]],"c":true}]},{"i":{"x":0.833,"y":0.833},"o":{"x":0.167,"y":0.167},"t":12,"s":[{"i":[[14.04,88.12],[43.02,25.4],[39.08,-6.32],[48.84,-13.609],[29.056,-24.399],[-5.97,-12.033],[0.26,-12.24],[-10.757,-35.956],[1.52,-36.801],[-10.214,-11.482],[-23.84,5.28],[-10.954,21.842],[0.762,-10.757],[-17.127,-3.081],[-14.239,26.282],[-13.52,14.24],[0,0],[0,0],[12.16,-17.28],[-18.08,-7.28],[-22.791,2.29],[-26.32,33.04]],"o":[[-10.654,-66.865],[-42.118,-24.867],[-46.255,7.48],[-43.302,12.066],[-33.44,28.08],[6.38,12.86],[-0.26,12.24],[10.74,35.9],[-1.52,36.799],[11.76,13.22],[23.74,-5.226],[1.068,13.966],[-1.115,15.737],[35.58,6.4],[15.04,-27.76],[13.52,-14.24],[0,0],[0,0],[-12.4,17.681],[1.352,0.54],[52.56,-5.28],[26.24,-33.04]],"v":[[243.04,-59.187],[167.56,-181.467],[42,-200.747],[-104.76,-161.458],[-249.48,-142.147],[-272.8,-81.427],[-268.16,-42.307],[-256.16,38.532],[-230.16,120.413],[-235.68,191.213],[-174.8,202.572],[-123.784,142.661],[-122.24,191.213],[-108,229.533],[-30.64,201.052],[-6.38,133.713],[40.64,115.663],[53.44,129.692],[6.16,168.732],[14.4,214.572],[65.44,217.533],[211.12,161.213]],"c":true}]},{"i":{"x":0.833,"y":0.833},"o":{"x":0.167,"y":0.167},"t":18,"s":[{"i":[[1.114,29.587],[34.249,32.669],[28.359,11.848],[47.94,4.127],[29.056,-24.399],[-5.97,-12.033],[-4.24,-18.74],[-12.8,-35.28],[-19.331,-31.352],[-14.879,-11.549],[-7.923,9.9],[0,0],[-5.294,-11.197],[-11.26,4.677],[2.002,46.772],[-3.126,19.385],[-11.09,-1.217],[0,0],[-3.578,-20.824],[-17.927,7.65],[-14.533,17.705],[19.262,29.696]],"o":[[-2.293,-60.923],[-42.276,-40.325],[-45.189,-18.88],[-45.002,-3.874],[-33.44,28.08],[6.38,12.86],[4.24,18.74],[12.8,35.28],[57.74,93.643],[14.709,11.417],[36.996,-46.228],[0,0],[9.299,19.667],[30.306,-12.587],[-2.29,-53.512],[1.96,-12.156],[17.41,39.907],[0,0],[3.691,21.278],[1.339,-0.571],[33.515,-40.831],[-19.262,-29.696]],"v":[[202.373,40.979],[130.831,-105.612],[21.554,-178.766],[-116.488,-208.921],[-239.48,-202.147],[-304.3,-151.427],[-290.66,-108.807],[-265.16,-2.467],[-200.66,125.414],[-113.041,276.386],[-67.8,253.16],[-111.534,131.41],[-44.219,252.39],[-15.125,286.509],[29.87,213.068],[11.12,104.213],[29.67,88.15],[113.36,161.894],[112.91,251.919],[151.096,278.584],[189.349,244.664],[220.775,112.565]],"c":true}]},{"i":{"x":0.833,"y":0.833},"o":{"x":0.167,"y":0.167},"t":30,"s":[{"i":[[16.115,44.416],[45.52,35.9],[29.08,3.68],[47.84,-2.109],[29.056,-24.399],[-7.88,-10.36],[-1.866,-11.659],[-13.467,-44.969],[-2.394,-27.613],[-11.511,-29.823],[-22.363,8.856],[7.386,0.773],[-2.951,-20.771],[-17.312,-1.324],[-11.832,20.656],[-13.52,10.715],[-18.56,6.519],[0,0],[4.531,-20.638],[-19.488,0.342],[-20.132,10.926],[-11.494,40.648]],"o":[[-18.46,-50.88],[-26.288,-20.732],[-46.485,-5.883],[-44.907,1.98],[-33.44,28.08],[7.88,10.36],[3.24,20.24],[11.402,38.075],[1.269,14.635],[4.802,12.441],[23.133,-9.161],[-7.386,-0.773],[1.671,11.762],[32.253,2.467],[12.497,-21.817],[13.52,-10.715],[16.44,9.019],[0,0],[-4.597,21.101],[11.766,-0.206],[46.428,-25.196],[11.42,-40.617]],"v":[[225.54,-83.187],[132.56,-203.967],[34,-239.747],[-94.76,-241.458],[-281.48,-146.147],[-314.8,-115.427],[-300.16,-78.307],[-287.453,13.902],[-259.189,99.298],[-263.409,166.256],[-196.053,172.594],[-156.034,106.706],[-159.969,161.704],[-132.859,185.465],[-52.356,159.667],[-27.38,100.369],[42.64,77.913],[76.94,95.692],[47.747,149.565],[73.074,188.652],[121.287,171.642],[233.851,63.364]],"c":true}]},{"i":{"x":0.833,"y":0.833},"o":{"x":0.167,"y":0.167},"t":36,"s":[{"i":[[17.221,53.717],[42.75,31.681],[29.015,4.222],[47.84,-2.109],[29.056,-24.399],[-7.879,-10.491],[-1.574,-11.691],[-13.344,-39.858],[4.613,-36.075],[-12.628,-14.098],[-23.635,6.112],[7.611,0.306],[0.143,-7.957],[-17.255,-2.145],[-14.91,25.643],[-12.648,14.9],[-15.03,6.01],[0,0],[9.764,-17.464],[-17.757,-5.032],[-21.242,4.385],[-13.861,38.431]],"o":[[-17.976,-54.575],[-33.134,-24.097],[-46.344,-6.742],[-44.908,1.98],[-33.44,28.08],[8.014,10.678],[2.604,18.127],[13.256,40.083],[-3.113,24.345],[10.174,11.358],[23.531,-6.077],[-6.886,-0.276],[-0.283,15.736],[32.147,3.997],[18.878,-31.233],[13.005,-15.5],[15.19,10.769],[0,0],[-9.95,17.865],[10.721,3.038],[48.988,-10.112],[13.805,-38.408]],"v":[[232.29,-75.937],[138.31,-202.842],[42.125,-240.372],[-94.76,-241.458],[-270.98,-160.147],[-312.382,-117.593],[-298.644,-80.299],[-282.991,21.996],[-242.807,128.164],[-251.226,211.164],[-186.99,220.321],[-146.034,144.286],[-157.884,194.908],[-145.395,234.233],[-68.268,202.689],[-23.38,116.838],[43.265,79.288],[57.956,91.064],[39.364,116.53],[51.607,158.899],[99.968,156.697],[233.168,87.826]],"c":true}]},{"i":{"x":0.833,"y":0.833},"o":{"x":0.167,"y":0.167},"t":42,"s":[{"i":[[18.327,63.018],[39.98,27.461],[28.949,4.764],[47.84,-2.109],[29.056,-24.399],[-7.877,-10.621],[-1.281,-11.723],[-13.222,-34.748],[0.495,-35.906],[-12.457,-14.248],[-23.704,5.834],[-9.17,20.182],[0.636,-7.944],[-17.199,-2.531],[-17.987,23.836],[-11.776,15.559],[-11.5,5.5],[0,0],[14.996,-14.29],[-16.026,-10.405],[-22.352,-2.156],[-16.227,36.214]],"o":[[-17.492,-58.271],[-39.98,-27.461],[-46.203,-7.601],[-44.907,1.98],[-33.44,28.08],[8.148,10.995],[1.968,16.014],[15.11,42.092],[-0.528,36.818],[10.036,11.479],[23.601,-5.793],[1.864,16.772],[-1.258,15.71],[32.041,4.714],[25.26,-33.473],[12.49,-16.76],[13.94,12.519],[0,0],[-15.304,14.63],[9.676,6.282],[51.548,4.973],[16.19,-36.199]],"v":[[239.04,-68.687],[144.06,-201.717],[50.25,-240.997],[-94.76,-241.458],[-260.48,-174.147],[-305.964,-93.759],[-293.127,-56.29],[-278.53,30.091],[-237.424,132.414],[-258.044,260.556],[-196.927,270.448],[-135.534,155.16],[-155.298,238.908],[-147.93,280.666],[-74.18,251.863],[-19.38,126.962],[43.89,80.663],[88.972,55.436],[30.981,83.494],[30.139,129.146],[78.649,141.751],[232.485,112.288]],"c":true}]},{"i":{"x":0.833,"y":0.833},"o":{"x":0.167,"y":0.167},"t":48,"s":[{"i":[[19.434,72.319],[38.27,32.525],[55.705,-4.445],[47.84,-2.109],[29.056,-24.399],[-7.876,-10.752],[-0.988,-11.755],[-15.618,-33.836],[0.868,-35.444],[-12.285,-14.397],[-23.772,5.557],[-8.278,19.352],[0.5,-7.956],[-17.142,-2.916],[-16.113,25.059],[-2.04,16.345],[-7.97,4.99],[0,0],[10.248,-18.125],[-18.453,-5.325],[-22.127,4.456],[-18.594,33.997]],"o":[[-17.008,-61.966],[-31.604,-26.859],[-46.684,3.725],[-44.907,1.98],[-33.44,28.08],[8.281,11.313],[1.331,13.9],[20.148,31.747],[-0.916,36.813],[9.898,11.6],[23.67,-5.51],[8.614,10.897],[-0.989,15.735],[31.936,5.432],[20.15,-30.616],[11.975,-18.02],[12.69,14.269],[0,0],[-10.444,18.541],[11.141,3.215],[51.029,-10.277],[18.575,-33.989]],"v":[[237.79,-85.437],[161.81,-220.592],[40.375,-251.622],[-94.76,-217.458],[-249.98,-148.147],[-301.546,-58.925],[-289.611,-21.281],[-274.068,70.186],[-233.542,140.164],[-235.362,188.727],[-174.363,199.353],[-129.534,151.035],[-118.769,187.06],[-107.965,227.099],[-32.41,204.458],[-14.88,121.587],[34.515,82.038],[75.706,90.814],[13.774,169.897],[26.301,214.05],[76.64,212.001],[221.803,96.75]],"c":true}]},{"i":{"x":0.667,"y":1},"o":{"x":0.167,"y":0.167},"t":54,"s":[{"i":[[20.54,81.62],[53.52,37.4],[40.58,6.18],[47.84,-2.109],[29.056,-24.399],[-7.874,-10.883],[-0.695,-11.787],[-18.014,-32.924],[1.24,-34.981],[-12.114,-14.547],[-23.84,5.28],[-7.386,18.522],[0.364,-7.969],[-17.085,-3.301],[-14.239,26.282],[-10.033,16.879],[-4.44,4.481],[0,0],[12.16,-17.28],[-18.103,-7.222],[-22.791,2.29],[-20.96,31.78]],"o":[[-16.524,-65.662],[-40.865,-28.557],[-46.322,-7.055],[-44.907,1.98],[-33.44,28.08],[8.415,11.631],[0.695,11.787],[18.686,34.152],[-1.305,36.807],[9.76,11.72],[23.74,-5.226],[1.614,16.522],[-0.72,15.76],[31.83,6.15],[15.04,-27.76],[11.46,-19.28],[11.44,16.019],[0,0],[-12.4,17.681],[10.93,4.36],[52.56,-5.28],[20.96,-31.78]],"v":[[236.54,-62.187],[143.56,-199.467],[33.5,-237.247],[-94.76,-241.458],[-239.48,-202.147],[-297.127,-104.09],[-286.094,-66.273],[-269.606,30.28],[-221.66,115.913],[-235.68,191.212],[-174.8,202.572],[-123.534,146.91],[-122.24,191.212],[-108,229.532],[-30.64,201.052],[-10.38,116.212],[25.14,83.413],[62.44,126.192],[6.16,168.732],[14.4,214.572],[65.44,217.532],[211.12,161.212]],"c":true}]},{"i":{"x":0.667,"y":1},"o":{"x":0.333,"y":0},"t":60,"s":[{"i":[[27.92,79.04],[57.698,41.478],[28.818,5.849],[47.84,-2.109],[29.056,-24.399],[-5.97,-12.033],[1.26,-11.74],[-12.8,-35.28],[1.52,-36.801],[-12.114,-14.547],[-23.84,5.28],[-10.954,21.842],[0.364,-7.969],[-17.085,-3.301],[-14.239,26.282],[-8.04,9.22],[-4.44,4.481],[0,0],[12.16,-17.28],[-18.103,-7.222],[-22.791,2.29],[-26.32,33.04]],"o":[[-22.56,-63.84],[-40.48,-29.1],[-45.92,-9.32],[-44.907,1.98],[-33.44,28.08],[6.38,12.86],[-1.26,11.74],[12.8,35.28],[-1.52,36.799],[9.76,11.72],[23.74,-5.226],[0.089,20.816],[-0.72,15.76],[31.83,6.15],[15.04,-27.76],[5.006,-5.741],[6.94,14.519],[0,0],[-12.4,17.681],[10.93,4.36],[52.56,-5.28],[26.24,-33.04]],"v":[[243.04,-41.187],[146.56,-180.467],[52,-221.747],[-94.76,-229.458],[-239.48,-190.147],[-262.8,-129.427],[-258.16,-90.307],[-258.16,3.533],[-218.16,116.413],[-235.68,191.213],[-174.8,202.572],[-114.534,142.911],[-122.24,191.213],[-108,229.533],[-30.64,201.052],[-1.88,140.213],[23.64,112.913],[48.44,136.192],[6.16,168.732],[14.4,214.572],[65.44,217.533],[211.12,167.213]],"c":true}]},{"t":70,"s":[{"i":[[27.92,79.04],[57.698,41.478],[28.818,5.849],[47.84,-2.109],[29.056,-24.399],[-5.97,-12.033],[1.26,-11.74],[-12.8,-35.28],[1.52,-36.801],[-12.114,-14.547],[-23.84,5.28],[-10.954,21.842],[0.364,-7.969],[-17.085,-3.301],[-14.239,26.282],[-13.52,14.24],[-4.44,4.481],[0,0],[12.16,-17.28],[-18.103,-7.222],[-22.791,2.29],[-26.32,33.04]],"o":[[-22.56,-63.84],[-40.48,-29.1],[-45.92,-9.32],[-44.907,1.98],[-33.44,28.08],[6.38,12.86],[-1.26,11.74],[12.8,35.28],[-1.52,36.799],[9.76,11.72],[23.74,-5.226],[0.089,20.816],[-0.72,15.76],[31.83,6.15],[15.04,-27.76],[13.52,-14.24],[10.19,14.519],[0,0],[-12.4,17.681],[10.93,4.36],[52.56,-5.28],[26.24,-33.04]],"v":[[243.04,-59.187],[146.56,-192.467],[52,-233.747],[-94.76,-241.458],[-239.48,-202.147],[-262.8,-141.427],[-258.16,-102.307],[-258.16,-8.467],[-222.16,112.413],[-235.68,191.213],[-174.8,202.572],[-118.534,138.911],[-122.24,191.213],[-108,229.533],[-30.64,201.052],[3.12,125.213],[28.64,100.413],[53.44,129.692],[6.16,168.732],[14.4,214.572],[65.44,217.533],[211.12,161.213]],"c":true}]}],"ix":2},"nm":"Path 1","mn":"ADBE Vector Shape - Group","hd":false},{"ty":"fl","c":{"a":0,"k":[0.875,0.875,0.875,1],"ix":4},"o":{"a":0,"k":100,"ix":5},"r":1,"bm":0,"nm":"Fill 1","mn":"ADBE Vector Graphic - Fill","hd":false},{"ty":"tr","p":{"a":0,"k":[271.21,233.997],"ix":2},"a":{"a":0,"k":[0,0],"ix":1},"s":{"a":0,"k":[100,100],"ix":3},"r":{"a":0,"k":0,"ix":6},"o":{"a":0,"k":100,"ix":7},"sk":{"a":0,"k":0,"ix":4},"sa":{"a":0,"k":0,"ix":5},"nm":"Transform"}],"nm":"Group 1","np":2,"cix":2,"bm":0,"ix":1,"mn":"ADBE Vector Group","hd":false}],"ip":0,"op":80,"st":0,"bm":0},{"ddd":0,"ind":10,"ty":4,"nm":"Head shadow ","parent":6,"tt":1,"sr":1,"ks":{"o":{"a":0,"k":100,"ix":11},"r":{"a":0,"k":0,"ix":10},"p":{"a":1,"k":[{"i":{"x":0.667,"y":1},"o":{"x":0.333,"y":0},"t":12,"s":[190.19,345.681,0],"to":[0,0,0],"ti":[0,0,0]},{"i":{"x":0.667,"y":0.615},"o":{"x":0.333,"y":0},"t":24,"s":[190.376,352.679,0],"to":[0,0,0],"ti":[0,0,0]},{"i":{"x":0.667,"y":1},"o":{"x":0.333,"y":0.395},"t":36,"s":[223.903,345.807,0],"to":[0,0,0],"ti":[0,0,0]},{"i":{"x":0.667,"y":0.638},"o":{"x":0.333,"y":0},"t":48,"s":[197.816,324.949,0],"to":[0,0,0],"ti":[0,0,0]},{"i":{"x":0.667,"y":1},"o":{"x":0.333,"y":0.447},"t":56,"s":[183.962,337.179,0],"to":[0,0,0],"ti":[0,0,0]},{"i":{"x":0.667,"y":1},"o":{"x":0.333,"y":0},"t":64,"s":[192.328,349.609,0],"to":[0,0,0],"ti":[0,0,0]},{"t":70,"s":[190.19,345.681,0]}],"ix":2,"l":2},"a":{"a":0,"k":[139.671,64.178,0],"ix":1,"l":2},"s":{"a":0,"k":[100,100,100],"ix":6,"l":2}},"ao":0,"shapes":[{"ty":"gr","it":[{"ind":0,"ty":"sh","ix":1,"ks":{"a":0,"k":{"i":[[-12.008,-11.361],[-34.691,-15.152],[-40.56,17.439],[0,0],[0.437,12.67],[0,0],[0,0]],"o":[[0.958,1.305],[36.08,15.761],[54.08,-23.281],[0,0],[-0.437,-12.67],[0,0],[0,0]],"v":[[-105.475,12.096],[-56.739,45.768],[69.421,46.489],[134.78,-19.591],[138.983,-51.258],[-25.731,-39.024],[-139.42,-26.385]],"c":true},"ix":2},"nm":"Path 1","mn":"ADBE Vector Shape - Group","hd":false},{"ty":"fl","c":{"a":0,"k":[0.658999992819,0.658999992819,0.658999992819,1],"ix":4},"o":{"a":0,"k":100,"ix":5},"r":1,"bm":0,"nm":"Fill 1","mn":"ADBE Vector Graphic - Fill","hd":false},{"ty":"tr","p":{"a":0,"k":[139.67,64.178],"ix":2},"a":{"a":0,"k":[0,0],"ix":1},"s":{"a":0,"k":[100,100],"ix":3},"r":{"a":0,"k":0,"ix":6},"o":{"a":0,"k":100,"ix":7},"sk":{"a":0,"k":0,"ix":4},"sa":{"a":0,"k":0,"ix":5},"nm":"Transform"}],"nm":"Group 1","np":2,"cix":2,"bm":0,"ix":1,"mn":"ADBE Vector Group","hd":false}],"ip":0,"op":80,"st":0,"bm":0},{"ddd":0,"ind":11,"ty":4,"nm":"Body mask","parent":14,"td":1,"sr":1,"ks":{"o":{"a":0,"k":100,"ix":11},"r":{"a":0,"k":0,"ix":10},"p":{"a":0,"k":[271.21,233.997,0],"ix":2,"l":2},"a":{"a":0,"k":[271.21,233.997,0],"ix":1,"l":2},"s":{"a":0,"k":[100,100,100],"ix":6,"l":2}},"ao":0,"shapes":[{"ty":"gr","it":[{"ind":0,"ty":"sh","ix":1,"ks":{"a":1,"k":[{"i":{"x":0.833,"y":0.833},"o":{"x":0.333,"y":0},"t":6,"s":[{"i":[[27.92,79.04],[57.698,41.478],[28.818,5.849],[47.84,-2.109],[29.056,-24.399],[-5.97,-12.033],[1.26,-11.74],[-12.8,-35.28],[1.52,-36.801],[-12.114,-14.547],[-23.84,5.28],[-10.954,21.842],[0.364,-7.969],[-17.085,-3.301],[-14.239,26.282],[-13.52,14.24],[-4.44,4.481],[0,0],[12.16,-17.28],[-18.103,-7.222],[-22.791,2.29],[-26.32,33.04]],"o":[[-22.56,-63.84],[-40.48,-29.1],[-45.92,-9.32],[-44.907,1.98],[-33.44,28.08],[6.38,12.86],[-1.26,11.74],[12.8,35.28],[-1.52,36.799],[9.76,11.72],[23.74,-5.226],[0.089,20.816],[-0.72,15.76],[31.83,6.15],[15.04,-27.76],[13.52,-14.24],[10.19,14.519],[0,0],[-12.4,17.681],[10.93,4.36],[52.56,-5.28],[26.24,-33.04]],"v":[[243.04,-59.187],[146.56,-192.467],[52,-233.747],[-94.76,-241.458],[-239.48,-202.147],[-262.8,-141.427],[-258.16,-102.307],[-258.16,-8.467],[-222.16,112.413],[-235.68,191.213],[-174.8,202.572],[-118.534,138.911],[-122.24,191.213],[-108,229.533],[-30.64,201.052],[3.12,125.213],[28.64,100.413],[53.44,129.692],[6.16,168.732],[14.4,214.572],[65.44,217.533],[211.12,161.213]],"c":true}]},{"i":{"x":0.833,"y":0.833},"o":{"x":0.167,"y":0.167},"t":12,"s":[{"i":[[14.04,88.12],[43.02,25.4],[39.08,-6.32],[48.84,-13.609],[29.056,-24.399],[-5.97,-12.033],[0.26,-12.24],[-10.757,-35.956],[1.52,-36.801],[-10.214,-11.482],[-23.84,5.28],[-10.954,21.842],[0.762,-10.757],[-17.127,-3.081],[-14.239,26.282],[-13.52,14.24],[0,0],[0,0],[12.16,-17.28],[-18.08,-7.28],[-22.791,2.29],[-26.32,33.04]],"o":[[-10.654,-66.865],[-42.118,-24.867],[-46.255,7.48],[-43.302,12.066],[-33.44,28.08],[6.38,12.86],[-0.26,12.24],[10.74,35.9],[-1.52,36.799],[11.76,13.22],[23.74,-5.226],[1.068,13.966],[-1.115,15.737],[35.58,6.4],[15.04,-27.76],[13.52,-14.24],[0,0],[0,0],[-12.4,17.681],[1.352,0.54],[52.56,-5.28],[26.24,-33.04]],"v":[[243.04,-59.187],[167.56,-181.467],[42,-200.747],[-104.76,-161.458],[-249.48,-142.147],[-272.8,-81.427],[-268.16,-42.307],[-256.16,38.532],[-230.16,120.413],[-235.68,191.213],[-174.8,202.572],[-123.784,142.661],[-122.24,191.213],[-108,229.533],[-30.64,201.052],[-6.38,133.713],[40.64,115.663],[53.44,129.692],[6.16,168.732],[14.4,214.572],[65.44,217.533],[211.12,161.213]],"c":true}]},{"i":{"x":0.833,"y":0.833},"o":{"x":0.167,"y":0.167},"t":18,"s":[{"i":[[1.114,29.587],[34.249,32.669],[28.359,11.848],[47.94,4.127],[29.056,-24.399],[-5.97,-12.033],[-4.24,-18.74],[-12.8,-35.28],[-19.331,-31.352],[-14.879,-11.549],[-7.923,9.9],[0,0],[-5.294,-11.197],[-11.26,4.677],[2.002,46.772],[-3.126,19.385],[-11.09,-1.217],[0,0],[-3.578,-20.824],[-17.927,7.65],[-14.533,17.705],[19.262,29.696]],"o":[[-2.293,-60.923],[-42.276,-40.325],[-45.189,-18.88],[-45.002,-3.874],[-33.44,28.08],[6.38,12.86],[4.24,18.74],[12.8,35.28],[57.74,93.643],[14.709,11.417],[36.996,-46.228],[0,0],[9.299,19.667],[30.306,-12.587],[-2.29,-53.512],[1.96,-12.156],[17.41,39.907],[0,0],[3.691,21.278],[1.339,-0.571],[33.515,-40.831],[-19.262,-29.696]],"v":[[202.373,40.979],[130.831,-105.612],[21.554,-178.766],[-116.488,-208.921],[-239.48,-202.147],[-304.3,-151.427],[-290.66,-108.807],[-265.16,-2.467],[-200.66,125.414],[-113.041,276.386],[-67.8,253.16],[-111.534,131.41],[-44.219,252.39],[-15.125,286.509],[29.87,213.068],[11.12,104.213],[29.67,88.15],[113.36,161.894],[112.91,251.919],[151.096,278.584],[189.349,244.664],[220.775,112.565]],"c":true}]},{"i":{"x":0.833,"y":0.833},"o":{"x":0.167,"y":0.167},"t":30,"s":[{"i":[[16.115,44.416],[45.52,35.9],[29.08,3.68],[47.84,-2.109],[29.056,-24.399],[-7.88,-10.36],[-1.866,-11.659],[-13.467,-44.969],[-2.394,-27.613],[-11.511,-29.823],[-22.363,8.856],[7.386,0.773],[-2.951,-20.771],[-17.312,-1.324],[-11.832,20.656],[-13.52,10.715],[-18.56,6.519],[0,0],[4.531,-20.638],[-19.488,0.342],[-20.132,10.926],[-11.494,40.648]],"o":[[-18.46,-50.88],[-26.288,-20.732],[-46.485,-5.883],[-44.907,1.98],[-33.44,28.08],[7.88,10.36],[3.24,20.24],[11.402,38.075],[1.269,14.635],[4.802,12.441],[23.133,-9.161],[-7.386,-0.773],[1.671,11.762],[32.253,2.467],[12.497,-21.817],[13.52,-10.715],[16.44,9.019],[0,0],[-4.597,21.101],[11.766,-0.206],[46.428,-25.196],[11.42,-40.617]],"v":[[225.54,-83.187],[132.56,-203.967],[34,-239.747],[-94.76,-241.458],[-281.48,-146.147],[-314.8,-115.427],[-300.16,-78.307],[-287.453,13.902],[-259.189,99.298],[-263.409,166.256],[-196.053,172.594],[-156.034,106.706],[-159.969,161.704],[-132.859,185.465],[-52.356,159.667],[-27.38,100.369],[42.64,77.913],[76.94,95.692],[47.747,149.565],[73.074,188.652],[121.287,171.642],[233.851,63.364]],"c":true}]},{"i":{"x":0.833,"y":0.833},"o":{"x":0.167,"y":0.167},"t":36,"s":[{"i":[[17.221,53.717],[42.75,31.681],[29.015,4.222],[47.84,-2.109],[29.056,-24.399],[-7.879,-10.491],[-1.574,-11.691],[-13.344,-39.858],[4.613,-36.075],[-12.628,-14.098],[-23.635,6.112],[7.611,0.306],[0.143,-7.957],[-17.255,-2.145],[-14.91,25.643],[-12.648,14.9],[-15.03,6.01],[0,0],[9.764,-17.464],[-17.757,-5.032],[-21.242,4.385],[-13.861,38.431]],"o":[[-17.976,-54.575],[-33.134,-24.097],[-46.344,-6.742],[-44.908,1.98],[-33.44,28.08],[8.014,10.678],[2.604,18.127],[13.256,40.083],[-3.113,24.345],[10.174,11.358],[23.531,-6.077],[-6.886,-0.276],[-0.283,15.736],[32.147,3.997],[18.878,-31.233],[13.005,-15.5],[15.19,10.769],[0,0],[-9.95,17.865],[10.721,3.038],[48.988,-10.112],[13.805,-38.408]],"v":[[232.29,-75.937],[138.31,-202.842],[42.125,-240.372],[-94.76,-241.458],[-270.98,-160.147],[-312.382,-117.593],[-298.644,-80.299],[-282.991,21.996],[-242.807,128.164],[-251.226,211.164],[-186.99,220.321],[-146.034,144.286],[-157.884,194.908],[-145.395,234.233],[-68.268,202.689],[-23.38,116.838],[43.265,79.288],[57.956,91.064],[39.364,116.53],[51.607,158.899],[99.968,156.697],[233.168,87.826]],"c":true}]},{"i":{"x":0.833,"y":0.833},"o":{"x":0.167,"y":0.167},"t":42,"s":[{"i":[[18.327,63.018],[39.98,27.461],[28.949,4.764],[47.84,-2.109],[29.056,-24.399],[-7.877,-10.621],[-1.281,-11.723],[-13.222,-34.748],[0.495,-35.906],[-12.457,-14.248],[-23.704,5.834],[-9.17,20.182],[0.636,-7.944],[-17.199,-2.531],[-17.987,23.836],[-11.776,15.559],[-11.5,5.5],[0,0],[14.996,-14.29],[-16.026,-10.405],[-22.352,-2.156],[-16.227,36.214]],"o":[[-17.492,-58.271],[-39.98,-27.461],[-46.203,-7.601],[-44.907,1.98],[-33.44,28.08],[8.148,10.995],[1.968,16.014],[15.11,42.092],[-0.528,36.818],[10.036,11.479],[23.601,-5.793],[1.864,16.772],[-1.258,15.71],[32.041,4.714],[25.26,-33.473],[12.49,-16.76],[13.94,12.519],[0,0],[-15.304,14.63],[9.676,6.282],[51.548,4.973],[16.19,-36.199]],"v":[[239.04,-68.687],[144.06,-201.717],[50.25,-240.997],[-94.76,-241.458],[-260.48,-174.147],[-305.964,-93.759],[-293.127,-56.29],[-278.53,30.091],[-237.424,132.414],[-258.044,260.556],[-196.927,270.448],[-135.534,155.16],[-155.298,238.908],[-147.93,280.666],[-74.18,251.863],[-19.38,126.962],[43.89,80.663],[88.972,55.436],[30.981,83.494],[30.139,129.146],[78.649,141.751],[232.485,112.288]],"c":true}]},{"i":{"x":0.833,"y":0.833},"o":{"x":0.167,"y":0.167},"t":48,"s":[{"i":[[19.434,72.319],[38.27,32.525],[55.705,-4.445],[47.84,-2.109],[29.056,-24.399],[-7.876,-10.752],[-0.988,-11.755],[-15.618,-33.836],[0.868,-35.444],[-12.285,-14.397],[-23.772,5.557],[-8.278,19.352],[0.5,-7.956],[-17.142,-2.916],[-16.113,25.059],[-2.04,16.345],[-7.97,4.99],[0,0],[10.248,-18.125],[-18.453,-5.325],[-22.127,4.456],[-18.594,33.997]],"o":[[-17.008,-61.966],[-31.604,-26.859],[-46.684,3.725],[-44.907,1.98],[-33.44,28.08],[8.281,11.313],[1.331,13.9],[20.148,31.747],[-0.916,36.813],[9.898,11.6],[23.67,-5.51],[8.614,10.897],[-0.989,15.735],[31.936,5.432],[20.15,-30.616],[11.975,-18.02],[12.69,14.269],[0,0],[-10.444,18.541],[11.141,3.215],[51.029,-10.277],[18.575,-33.989]],"v":[[237.79,-85.437],[161.81,-220.592],[40.375,-251.622],[-94.76,-217.458],[-249.98,-148.147],[-301.546,-58.925],[-289.611,-21.281],[-274.068,70.186],[-233.542,140.164],[-235.362,188.727],[-174.363,199.353],[-129.534,151.035],[-118.769,187.06],[-107.965,227.099],[-32.41,204.458],[-14.88,121.587],[34.515,82.038],[75.706,90.814],[13.774,169.897],[26.301,214.05],[76.64,212.001],[221.803,96.75]],"c":true}]},{"i":{"x":0.667,"y":1},"o":{"x":0.167,"y":0.167},"t":54,"s":[{"i":[[20.54,81.62],[53.52,37.4],[40.58,6.18],[47.84,-2.109],[29.056,-24.399],[-7.874,-10.883],[-0.695,-11.787],[-18.014,-32.924],[1.24,-34.981],[-12.114,-14.547],[-23.84,5.28],[-7.386,18.522],[0.364,-7.969],[-17.085,-3.301],[-14.239,26.282],[-10.033,16.879],[-4.44,4.481],[0,0],[12.16,-17.28],[-18.103,-7.222],[-22.791,2.29],[-20.96,31.78]],"o":[[-16.524,-65.662],[-40.865,-28.557],[-46.322,-7.055],[-44.907,1.98],[-33.44,28.08],[8.415,11.631],[0.695,11.787],[18.686,34.152],[-1.305,36.807],[9.76,11.72],[23.74,-5.226],[1.614,16.522],[-0.72,15.76],[31.83,6.15],[15.04,-27.76],[11.46,-19.28],[11.44,16.019],[0,0],[-12.4,17.681],[10.93,4.36],[52.56,-5.28],[20.96,-31.78]],"v":[[236.54,-62.187],[143.56,-199.467],[33.5,-237.247],[-94.76,-241.458],[-239.48,-202.147],[-297.127,-104.09],[-286.094,-66.273],[-269.606,30.28],[-221.66,115.913],[-235.68,191.212],[-174.8,202.572],[-123.534,146.91],[-122.24,191.212],[-108,229.532],[-30.64,201.052],[-10.38,116.212],[25.14,83.413],[62.44,126.192],[6.16,168.732],[14.4,214.572],[65.44,217.532],[211.12,161.212]],"c":true}]},{"i":{"x":0.667,"y":1},"o":{"x":0.333,"y":0},"t":60,"s":[{"i":[[27.92,79.04],[57.698,41.478],[28.818,5.849],[47.84,-2.109],[29.056,-24.399],[-5.97,-12.033],[1.26,-11.74],[-12.8,-35.28],[1.52,-36.801],[-12.114,-14.547],[-23.84,5.28],[-10.954,21.842],[0.364,-7.969],[-17.085,-3.301],[-14.239,26.282],[-8.04,9.22],[-4.44,4.481],[0,0],[12.16,-17.28],[-18.103,-7.222],[-22.791,2.29],[-26.32,33.04]],"o":[[-22.56,-63.84],[-40.48,-29.1],[-45.92,-9.32],[-44.907,1.98],[-33.44,28.08],[6.38,12.86],[-1.26,11.74],[12.8,35.28],[-1.52,36.799],[9.76,11.72],[23.74,-5.226],[0.089,20.816],[-0.72,15.76],[31.83,6.15],[15.04,-27.76],[5.006,-5.741],[6.94,14.519],[0,0],[-12.4,17.681],[10.93,4.36],[52.56,-5.28],[26.24,-33.04]],"v":[[243.04,-41.187],[146.56,-180.467],[52,-221.747],[-94.76,-229.458],[-239.48,-190.147],[-262.8,-129.427],[-258.16,-90.307],[-258.16,3.533],[-218.16,116.413],[-235.68,191.213],[-174.8,202.572],[-114.534,142.911],[-122.24,191.213],[-108,229.533],[-30.64,201.052],[-1.88,140.213],[23.64,112.913],[48.44,136.192],[6.16,168.732],[14.4,214.572],[65.44,217.533],[211.12,167.213]],"c":true}]},{"t":70,"s":[{"i":[[27.92,79.04],[57.698,41.478],[28.818,5.849],[47.84,-2.109],[29.056,-24.399],[-5.97,-12.033],[1.26,-11.74],[-12.8,-35.28],[1.52,-36.801],[-12.114,-14.547],[-23.84,5.28],[-10.954,21.842],[0.364,-7.969],[-17.085,-3.301],[-14.239,26.282],[-13.52,14.24],[-4.44,4.481],[0,0],[12.16,-17.28],[-18.103,-7.222],[-22.791,2.29],[-26.32,33.04]],"o":[[-22.56,-63.84],[-40.48,-29.1],[-45.92,-9.32],[-44.907,1.98],[-33.44,28.08],[6.38,12.86],[-1.26,11.74],[12.8,35.28],[-1.52,36.799],[9.76,11.72],[23.74,-5.226],[0.089,20.816],[-0.72,15.76],[31.83,6.15],[15.04,-27.76],[13.52,-14.24],[10.19,14.519],[0,0],[-12.4,17.681],[10.93,4.36],[52.56,-5.28],[26.24,-33.04]],"v":[[243.04,-59.187],[146.56,-192.467],[52,-233.747],[-94.76,-241.458],[-239.48,-202.147],[-262.8,-141.427],[-258.16,-102.307],[-258.16,-8.467],[-222.16,112.413],[-235.68,191.213],[-174.8,202.572],[-118.534,138.911],[-122.24,191.213],[-108,229.533],[-30.64,201.052],[3.12,125.213],[28.64,100.413],[53.44,129.692],[6.16,168.732],[14.4,214.572],[65.44,217.533],[211.12,161.213]],"c":true}]}],"ix":2},"nm":"Path 1","mn":"ADBE Vector Shape - Group","hd":false},{"ty":"fl","c":{"a":0,"k":[0.875,0.875,0.875,1],"ix":4},"o":{"a":0,"k":100,"ix":5},"r":1,"bm":0,"nm":"Fill 1","mn":"ADBE Vector Graphic - Fill","hd":false},{"ty":"tr","p":{"a":0,"k":[271.21,233.997],"ix":2},"a":{"a":0,"k":[0,0],"ix":1},"s":{"a":0,"k":[100,100],"ix":3},"r":{"a":0,"k":0,"ix":6},"o":{"a":0,"k":100,"ix":7},"sk":{"a":0,"k":0,"ix":4},"sa":{"a":0,"k":0,"ix":5},"nm":"Transform"}],"nm":"Group 1","np":2,"cix":2,"bm":0,"ix":1,"mn":"ADBE Vector Group","hd":false}],"ip":0,"op":80,"st":0,"bm":0},{"ddd":0,"ind":12,"ty":4,"nm":"Body shadow ","parent":14,"tt":1,"sr":1,"ks":{"o":{"a":0,"k":100,"ix":11},"r":{"a":0,"k":0,"ix":10},"p":{"a":0,"k":[216.581,338.199,0],"ix":2,"l":2},"a":{"a":0,"k":[180.32,151.238,0],"ix":1,"l":2},"s":{"a":0,"k":[100,100,100],"ix":6,"l":2}},"ao":0,"shapes":[{"ty":"gr","it":[{"ind":0,"ty":"sh","ix":1,"ks":{"a":1,"k":[{"i":{"x":0.833,"y":0.833},"o":{"x":0.333,"y":0},"t":6,"s":[{"i":[[-3.171,12.958],[0,0],[18,19.521],[-12.64,27.519],[24,9.04],[16.48,-26.24],[0,0],[13.12,-18],[15.76,-36.8],[28.843,1.933],[-42.744,-4.297],[-23.973,8.594],[-1.788,-0.255]],"o":[[7.76,-31.681],[0,0],[-18.08,-19.519],[17.28,-37.601],[-24,-9.04],[-16.56,26.319],[0,0],[-16.08,22.159],[-14.361,33.534],[-31.754,-4.539],[42.745,4.296],[36.454,-13.068],[-11.557,-4.415]],"v":[[19.875,85.172],[113.715,22.451],[73.955,-13.549],[66.035,-88.988],[112.195,-141.948],[38.995,-104.028],[26.595,-27.788],[-8.685,2.212],[-38.685,80.291],[-88.157,126.353],[-93.451,146.692],[28.449,141.716],[29.891,111.55]],"c":true}]},{"i":{"x":0.833,"y":0.833},"o":{"x":0.167,"y":0.167},"t":12,"s":[{"i":[[-3.171,12.958],[0,0],[14.62,13.219],[-6.2,44.72],[24,9.04],[13.471,-27.904],[0,0],[13.12,-18],[15.76,-36.8],[28.843,1.933],[-42.744,-4.297],[-23.973,8.594],[-1.788,-0.255]],"o":[[7.76,-31.681],[0,0],[-14.62,-13.219],[7.376,-53.199],[-24,-9.04],[-20.16,41.76],[0,0],[-16.08,22.159],[-14.361,33.534],[-31.754,-4.539],[42.745,4.296],[36.454,-13.068],[-11.557,-4.415]],"v":[[19.875,85.172],[113.715,22.451],[72.455,-4.549],[49.035,-78.988],[92.195,-141.948],[20.495,-92.028],[26.095,-12.288],[-19.185,12.712],[-38.685,80.291],[-88.157,126.353],[-93.451,146.692],[28.449,141.716],[29.891,111.55]],"c":true}]},{"i":{"x":0.833,"y":0.833},"o":{"x":0.167,"y":0.167},"t":18,"s":[{"i":[[5.858,14.919],[0,0],[27.88,25.405],[8.3,38.844],[15.14,0.68],[-1.84,-25.26],[0,0],[1.98,-30.144],[-6.896,-39.434],[20.992,-15.497],[-42.744,-4.297],[-7.603,24.305],[21.776,-22.5]],"o":[[-11.92,-30.361],[0,0],[-14.569,-13.276],[-5.476,-25.627],[-16.677,-0.749],[1.84,25.26],[0,0],[-1.98,30.144],[5.52,31.565],[-27.169,20.058],[42.745,4.296],[11.562,-36.959],[-10.494,10.843]],"v":[[144.978,150.436],[163.042,24.256],[93.955,-4.549],[58.035,-68.488],[47.695,-125.448],[26.495,-69.528],[35.095,-33.788],[-3.185,-4.288],[15.815,99.291],[-1.157,177.353],[-15.451,214.692],[208.752,172.699],[183.559,156.856]],"c":true}]},{"i":{"x":0.833,"y":0.833},"o":{"x":0.167,"y":0.167},"t":30,"s":[{"i":[[-4.751,17.296],[0,0],[29.88,12.281],[-0.223,30.282],[11.466,5.091],[4.911,-36.231],[0,0],[13.12,-18],[6.716,-15.793],[29.508,0.121],[-42.744,-4.297],[-23.973,8.594],[32.444,-0.818]],"o":[[9.46,-34.441],[0,0],[-25.221,-10.366],[0.3,-40.78],[-15.36,-6.82],[-5.66,41.76],[0,0],[-16.08,22.159],[-8.48,19.94],[-29.508,-0.121],[42.745,4.296],[36.454,-13.068],[-19.552,0.493]],"v":[[80.375,49.672],[151.215,-31.049],[99.455,-49.549],[65.535,-115.488],[92.695,-180.948],[27.995,-117.528],[42.595,-44.788],[-38.185,-15.788],[-59.185,53.791],[-118.157,82.353],[-123.951,98.692],[123.949,116.216],[95.391,81.55]],"c":true}]},{"i":{"x":0.833,"y":0.833},"o":{"x":0.167,"y":0.167},"t":36,"s":[{"i":[[-4.751,17.296],[0,0],[24.88,18.357],[-0.223,30.282],[11.466,5.091],[4.911,-36.231],[0,0],[13.12,-18],[20.689,-34.272],[23.492,-2.045],[-42.744,-4.297],[-23.973,8.594],[20.444,0.682]],"o":[[9.46,-34.441],[0,0],[-21.942,-16.189],[0.3,-40.78],[-15.36,-6.82],[-5.66,41.76],[0,0],[-16.08,22.159],[-11.48,19.017],[-31.754,-4.539],[42.745,4.296],[36.454,-13.068],[-11.78,-0.393]],"v":[[68.875,25.172],[151.215,-31.049],[99.455,-49.549],[65.535,-115.488],[92.695,-180.948],[30.495,-119.028],[45.595,-43.288],[-39.185,7.212],[-68.685,85.291],[-117.657,132.353],[-109.951,168.692],[123.949,116.216],[83.891,57.05]],"c":true}]},{"i":{"x":0.833,"y":0.833},"o":{"x":0.167,"y":0.167},"t":42,"s":[{"i":[[-3.171,12.958],[0,0],[15.38,17.67],[-7.522,24.324],[9.134,8.423],[12.84,-36.24],[0,0],[13.12,-18],[15.76,-36.8],[42.008,1.733],[-42.744,-4.297],[-23.973,8.594],[23.056,2.43]],"o":[[7.76,-31.681],[0,0],[-9.168,-10.533],[12.8,-41.392],[-13.36,-12.32],[-10.385,29.31],[0,0],[-16.08,22.159],[-14.361,33.534],[-42.008,-1.733],[42.745,4.296],[36.454,-13.068],[-23.056,-2.43]],"v":[[46.375,1.172],[133.215,-26.049],[71.455,-54.549],[55.035,-106.988],[103.695,-159.948],[23.495,-112.528],[31.095,-48.288],[-20.685,-9.788],[-54.185,92.291],[-125.157,178.353],[-130.451,198.692],[80.449,85.216],[83.391,37.55]],"c":true}]},{"i":{"x":0.667,"y":1},"o":{"x":0.167,"y":0.167},"t":48,"s":[{"i":[[-3.171,12.958],[0,0],[16.38,4.781],[0.53,28.215],[9.134,8.423],[11.938,-36.548],[0,0],[13.12,-18],[15.76,-36.8],[28.843,1.933],[-42.744,-4.297],[-23.973,8.594],[26.556,-1.682]],"o":[[7.76,-31.681],[0,0],[-16.955,-4.948],[-0.7,-37.28],[-13.36,-12.32],[-12.66,38.76],[0,0],[-16.08,22.159],[-14.361,33.534],[-31.754,-4.539],[42.745,4.296],[36.454,-13.068],[-26.556,1.682]],"v":[[42.375,83.172],[128.715,-40.049],[86.455,-42.049],[55.035,-103.988],[87.695,-182.948],[26.995,-122.528],[28.595,-48.288],[-20.685,-9.788],[-38.685,80.291],[-88.157,126.353],[-93.451,146.692],[64.949,139.216],[63.891,110.05]],"c":true}]},{"i":{"x":0.667,"y":1},"o":{"x":0.333,"y":0},"t":60,"s":[{"i":[[-3.171,12.958],[0,0],[18,19.521],[-12.64,27.519],[24,9.04],[16.585,-26.173],[0,0],[13.12,-18],[13.02,-28.059],[28.843,1.933],[-42.744,-4.297],[-23.973,8.594],[-1.788,-0.255]],"o":[[7.76,-31.681],[0,0],[-18.08,-19.519],[17.28,-37.601],[-24,-9.04],[-22.66,35.76],[0,0],[-16.08,22.159],[-15.355,33.091],[-31.754,-4.539],[42.745,4.296],[36.454,-13.068],[-11.557,-4.415]],"v":[[19.875,85.172],[107.215,23.451],[68.955,-7.049],[60.035,-82.988],[106.195,-135.948],[32.995,-98.028],[24.595,-16.288],[-6.185,12.212],[-36.185,82.291],[-88.157,126.353],[-93.451,146.692],[28.449,141.716],[29.891,111.55]],"c":true}]},{"t":70,"s":[{"i":[[-3.171,12.958],[0,0],[18,19.521],[-12.64,27.519],[24,9.04],[16.48,-26.24],[0,0],[13.12,-18],[15.76,-36.8],[28.843,1.933],[-42.744,-4.297],[-23.973,8.594],[-1.788,-0.255]],"o":[[7.76,-31.681],[0,0],[-18.08,-19.519],[17.28,-37.601],[-24,-9.04],[-16.56,26.319],[0,0],[-16.08,22.159],[-14.361,33.534],[-31.754,-4.539],[42.745,4.296],[36.454,-13.068],[-11.557,-4.415]],"v":[[19.875,85.172],[113.715,22.451],[73.955,-13.549],[66.035,-88.988],[112.195,-141.948],[38.995,-104.028],[26.595,-27.788],[-8.685,2.212],[-38.685,80.291],[-88.157,126.353],[-93.451,146.692],[28.449,141.716],[29.891,111.55]],"c":true}]}],"ix":2},"nm":"Path 1","mn":"ADBE Vector Shape - Group","hd":false},{"ty":"fl","c":{"a":0,"k":[0.658999992819,0.658999992819,0.658999992819,1],"ix":4},"o":{"a":0,"k":100,"ix":5},"r":1,"bm":0,"nm":"Fill 1","mn":"ADBE Vector Graphic - Fill","hd":false},{"ty":"tr","p":{"a":0,"k":[224.194,151.238],"ix":2},"a":{"a":0,"k":[0,0],"ix":1},"s":{"a":0,"k":[100,100],"ix":3},"r":{"a":0,"k":0,"ix":6},"o":{"a":0,"k":100,"ix":7},"sk":{"a":0,"k":0,"ix":4},"sa":{"a":0,"k":0,"ix":5},"nm":"Transform"}],"nm":"Group 1","np":2,"cix":2,"bm":0,"ix":1,"mn":"ADBE Vector Group","hd":false},{"ty":"gr","it":[{"ind":0,"ty":"sh","ix":1,"ks":{"a":1,"k":[{"i":{"x":0.833,"y":0.833},"o":{"x":0.333,"y":0},"t":6,"s":[{"i":[[12.971,-1.858],[35.28,-37.52],[9.183,7.106],[0.017,-0.142],[-23.84,5.281],[-0.306,20.321]],"o":[[-12.64,1.84],[-18.848,20.004],[0.09,0.112],[-1.739,14.895],[23.74,-5.225],[0.307,-20.321]],"v":[[41.423,-55.477],[-5.137,26.363],[-56.768,35.47],[-56.497,35.803],[-0.792,52.054],[57.929,-19.219]],"c":true}]},{"i":{"x":0.833,"y":0.833},"o":{"x":0.167,"y":0.167},"t":12,"s":[{"i":[[12.971,-1.858],[35.28,-37.52],[9.183,7.106],[0.017,-0.142],[-23.84,5.281],[-0.306,20.321]],"o":[[-12.64,1.84],[-18.848,20.004],[0.09,0.112],[-1.739,14.895],[23.74,-5.225],[0.307,-20.321]],"v":[[30.923,-42.477],[-5.137,26.363],[-56.768,35.47],[-56.497,35.803],[-0.792,52.054],[52.929,-11.719]],"c":true}]},{"i":{"x":0.833,"y":0.833},"o":{"x":0.167,"y":0.167},"t":18,"s":[{"i":[[0,0],[21.054,-47.002],[11.007,3.697],[-0.031,-0.14],[-20.802,12.787],[15.114,39.146]],"o":[[0,0],[-11.236,25.083],[0.122,0.076],[3.248,14.64],[20.709,-12.73],[-7.32,-18.959]],"v":[[85.923,-7.977],[87.444,95.256],[40.165,121.31],[40.53,121.535],[105.483,115.097],[110.429,39.781]],"c":true}]},{"i":{"x":0.833,"y":0.833},"o":{"x":0.167,"y":0.167},"t":24,"s":[{"i":[[2.387,2.633],[26.127,-43.988],[10.442,4.902],[-0.015,-0.141],[-21.984,10.251],[5.634,29.551]],"o":[[-4.29,-4.731],[-13.943,23.475],[0.112,0.089],[1.539,14.818],[21.886,-10.205],[-0.188,-27.49]],"v":[[46.156,-50.242],[31.047,48.006],[-21.039,68.013],[-20.705,68.277],[40.322,70.224],[57.264,6.802]],"c":true}]},{"i":{"x":0.833,"y":0.833},"o":{"x":0.167,"y":0.167},"t":30,"s":[{"i":[[12.698,-3.234],[31.201,-40.975],[9.876,6.106],[0.002,-0.143],[-23.167,7.716],[-3.847,19.956]],"o":[[-12.378,3.153],[-16.651,21.867],[0.101,0.102],[-0.17,14.995],[23.063,-7.681],[6.944,-36.02]],"v":[[6.389,-92.508],[-25.35,0.756],[-82.244,14.717],[-81.939,15.02],[-24.839,25.351],[15.599,-32.677]],"c":true}]},{"i":{"x":0.833,"y":0.833},"o":{"x":0.167,"y":0.167},"t":36,"s":[{"i":[[8.154,-1.612],[31.201,-40.975],[9.876,6.106],[0.002,-0.143],[-23.167,7.716],[-1.056,26.056]],"o":[[-7.334,1.45],[-16.651,21.867],[0.101,0.102],[-0.17,14.995],[23.063,-7.681],[0.823,-20.307]],"v":[[11.389,-28.008],[-17.35,43.756],[-67.744,58.217],[-67.439,58.52],[-10.339,68.851],[20.099,4.823]],"c":true}]},{"i":{"x":0.833,"y":0.833},"o":{"x":0.167,"y":0.167},"t":42,"s":[{"i":[[12.802,-2.793],[35.28,-37.52],[9.183,7.106],[0.017,-0.142],[-23.84,5.281],[-10.975,60.946]],"o":[[-12.48,2.723],[-18.848,20.004],[0.09,0.112],[-1.739,14.895],[23.74,-5.225],[3.602,-20.002]],"v":[[31.507,-49.263],[-25.137,97.363],[-76.768,106.47],[-76.497,106.803],[-20.792,123.054],[39.518,-4.753]],"c":true}]},{"i":{"x":0.667,"y":1},"o":{"x":0.167,"y":0.167},"t":48,"s":[{"i":[[12.802,-2.793],[35.28,-37.52],[9.183,7.106],[0.017,-0.142],[-23.84,5.281],[1.121,20.292]],"o":[[-12.48,2.723],[-18.848,20.004],[0.09,0.112],[-1.739,14.895],[23.74,-5.225],[-1.121,-20.292]],"v":[[31.507,-49.263],[-5.137,26.363],[-56.768,35.47],[-56.497,35.803],[-0.792,52.054],[47.018,-11.253]],"c":true}]},{"i":{"x":0.667,"y":1},"o":{"x":0.333,"y":0},"t":60,"s":[{"i":[[12.971,-1.858],[37.68,-30.06],[9.183,7.106],[0.017,-0.142],[-23.84,5.281],[-0.306,20.321]],"o":[[-12.64,1.84],[-21.485,17.14],[0.09,0.112],[-1.739,14.895],[23.74,-5.225],[0.307,-20.321]],"v":[[44.923,-51.477],[-0.637,27.363],[-56.768,35.47],[-56.497,35.803],[-0.792,52.054],[61.429,-15.219]],"c":true}]},{"t":70,"s":[{"i":[[12.971,-1.858],[35.28,-37.52],[9.183,7.106],[0.017,-0.142],[-23.84,5.281],[-0.306,20.321]],"o":[[-12.64,1.84],[-18.848,20.004],[0.09,0.112],[-1.739,14.895],[23.74,-5.225],[0.307,-20.321]],"v":[[41.423,-55.477],[-5.137,26.363],[-56.768,35.47],[-56.497,35.803],[-0.792,52.054],[57.929,-19.219]],"c":true}]}],"ix":2},"nm":"Path 1","mn":"ADBE Vector Shape - Group","hd":false},{"ty":"fl","c":{"a":0,"k":[0.658999992819,0.658999992819,0.658999992819,1],"ix":4},"o":{"a":0,"k":100,"ix":5},"r":1,"bm":0,"nm":"Fill 1","mn":"ADBE Vector Graphic - Fill","hd":false},{"ty":"tr","p":{"a":0,"k":[58.486,205.166],"ix":2},"a":{"a":0,"k":[0,0],"ix":1},"s":{"a":0,"k":[100,100],"ix":3},"r":{"a":0,"k":0,"ix":6},"o":{"a":0,"k":100,"ix":7},"sk":{"a":0,"k":0,"ix":4},"sa":{"a":0,"k":0,"ix":5},"nm":"Transform"}],"nm":"Group 2","np":2,"cix":2,"bm":0,"ix":2,"mn":"ADBE Vector Group","hd":false}],"ip":0,"op":80,"st":0,"bm":0},{"ddd":0,"ind":13,"ty":3,"nm":"null body","sr":1,"ks":{"o":{"a":0,"k":100,"ix":11},"r":{"a":0,"k":0,"ix":10},"p":{"a":1,"k":[{"i":{"x":0.833,"y":0.833},"o":{"x":0.167,"y":0.167},"t":18,"s":[512,512,0],"to":[0,0,0],"ti":[0,0,0]},{"i":{"x":0.833,"y":0.833},"o":{"x":0.167,"y":0.167},"t":20,"s":[512,523.986,0],"to":[0,0,0],"ti":[0,0,0]},{"i":{"x":0.833,"y":0.833},"o":{"x":0.167,"y":0.167},"t":21,"s":[512,526,0],"to":[0,0,0],"ti":[0,0,0]},{"t":24,"s":[512,512,0]}],"ix":2,"l":2},"a":{"a":0,"k":[512,512,0],"ix":1,"l":2},"s":{"a":0,"k":[100,100,100],"ix":6,"l":2}},"ao":0,"ip":0,"op":80,"st":0,"bm":0},{"ddd":0,"ind":14,"ty":4,"nm":"Body ","parent":13,"sr":1,"ks":{"o":{"a":0,"k":100,"ix":11},"r":{"a":0,"k":0,"ix":10},"p":{"s":true,"x":{"a":1,"k":[{"i":{"x":[0.833],"y":[0.833]},"o":{"x":[0.167],"y":[0.167]},"t":12,"s":[551.92]},{"i":{"x":[0.833],"y":[0.833]},"o":{"x":[0.167],"y":[0.167]},"t":24,"s":[551.92]},{"i":{"x":[0.833],"y":[0.833]},"o":{"x":[0.167],"y":[0.167]},"t":36,"s":[517.92]},{"i":{"x":[0.667],"y":[1]},"o":{"x":[0.167],"y":[0]},"t":48,"s":[551.92]},{"i":{"x":[0.667],"y":[1]},"o":{"x":[0.333],"y":[0]},"t":60,"s":[551.92]},{"t":70,"s":[551.92]}],"ix":3},"y":{"a":1,"k":[{"i":{"x":[0.009],"y":[1]},"o":{"x":[0.333],"y":[0]},"t":12,"s":[758.067]},{"i":{"x":[0.833],"y":[0.833]},"o":{"x":[1],"y":[0]},"t":30,"s":[618.067]},{"i":{"x":[0.667],"y":[1]},"o":{"x":[0.167],"y":[0]},"t":48,"s":[758.067]},{"i":{"x":[0.667],"y":[1]},"o":{"x":[0.333],"y":[0]},"t":60,"s":[758.067]},{"t":70,"s":[758.067]}],"ix":4}},"a":{"a":0,"k":[271.21,233.997,0],"ix":1,"l":2},"s":{"a":0,"k":[100,100,100],"ix":6,"l":2}},"ao":0,"shapes":[{"ty":"gr","it":[{"ind":0,"ty":"sh","ix":1,"ks":{"a":1,"k":[{"i":{"x":0.833,"y":0.833},"o":{"x":0.333,"y":0},"t":6,"s":[{"i":[[27.92,79.04],[57.698,41.478],[28.818,5.849],[47.84,-2.109],[29.056,-24.399],[-5.97,-12.033],[1.26,-11.74],[-12.8,-35.28],[1.52,-36.801],[-12.114,-14.547],[-23.84,5.28],[-10.954,21.842],[0.364,-7.969],[-17.085,-3.301],[-14.239,26.282],[-13.52,14.24],[-4.44,4.481],[0,0],[12.16,-17.28],[-18.103,-7.222],[-22.791,2.29],[-26.32,33.04]],"o":[[-22.56,-63.84],[-40.48,-29.1],[-45.92,-9.32],[-44.907,1.98],[-33.44,28.08],[6.38,12.86],[-1.26,11.74],[12.8,35.28],[-1.52,36.799],[9.76,11.72],[23.74,-5.226],[0.089,20.816],[-0.72,15.76],[31.83,6.15],[15.04,-27.76],[13.52,-14.24],[10.19,14.519],[0,0],[-12.4,17.681],[10.93,4.36],[52.56,-5.28],[26.24,-33.04]],"v":[[243.04,-59.187],[146.56,-192.467],[52,-233.747],[-94.76,-241.458],[-239.48,-202.147],[-262.8,-141.427],[-258.16,-102.307],[-258.16,-8.467],[-222.16,112.413],[-235.68,191.213],[-174.8,202.572],[-118.534,138.911],[-122.24,191.213],[-108,229.533],[-30.64,201.052],[3.12,125.213],[28.64,100.413],[53.44,129.692],[6.16,168.732],[14.4,214.572],[65.44,217.533],[211.12,161.213]],"c":true}]},{"i":{"x":0.833,"y":0.833},"o":{"x":0.167,"y":0.167},"t":12,"s":[{"i":[[14.04,88.12],[43.02,25.4],[39.08,-6.32],[48.84,-13.609],[29.056,-24.399],[-5.97,-12.033],[0.26,-12.24],[-10.757,-35.956],[1.52,-36.801],[-10.214,-11.482],[-23.84,5.28],[-10.954,21.842],[0.762,-10.757],[-17.127,-3.081],[-14.239,26.282],[-13.52,14.24],[0,0],[0,0],[12.16,-17.28],[-18.08,-7.28],[-22.791,2.29],[-26.32,33.04]],"o":[[-10.654,-66.865],[-42.118,-24.867],[-46.255,7.48],[-43.302,12.066],[-33.44,28.08],[6.38,12.86],[-0.26,12.24],[10.74,35.9],[-1.52,36.799],[11.76,13.22],[23.74,-5.226],[1.068,13.966],[-1.115,15.737],[35.58,6.4],[15.04,-27.76],[13.52,-14.24],[0,0],[0,0],[-12.4,17.681],[1.352,0.54],[52.56,-5.28],[26.24,-33.04]],"v":[[243.04,-59.187],[167.56,-181.467],[42,-200.747],[-104.76,-161.458],[-249.48,-142.147],[-272.8,-81.427],[-268.16,-42.307],[-256.16,38.532],[-230.16,120.413],[-235.68,191.213],[-174.8,202.572],[-123.784,142.661],[-122.24,191.213],[-108,229.533],[-30.64,201.052],[-6.38,133.713],[40.64,115.663],[53.44,129.692],[6.16,168.732],[14.4,214.572],[65.44,217.533],[211.12,161.213]],"c":true}]},{"i":{"x":0.833,"y":0.833},"o":{"x":0.167,"y":0.167},"t":18,"s":[{"i":[[1.114,29.587],[34.249,32.669],[28.359,11.848],[47.94,4.127],[29.056,-24.399],[-5.97,-12.033],[-4.24,-18.74],[-12.8,-35.28],[-19.331,-31.352],[-14.879,-11.549],[-7.923,9.9],[0,0],[-5.294,-11.197],[-11.26,4.677],[2.002,46.772],[-3.126,19.385],[-11.09,-1.217],[0,0],[-3.578,-20.824],[-17.927,7.65],[-14.533,17.705],[19.262,29.696]],"o":[[-2.293,-60.923],[-42.276,-40.325],[-45.189,-18.88],[-45.002,-3.874],[-33.44,28.08],[6.38,12.86],[4.24,18.74],[12.8,35.28],[57.74,93.643],[14.709,11.417],[36.996,-46.228],[0,0],[9.299,19.667],[30.306,-12.587],[-2.29,-53.512],[1.96,-12.156],[17.41,39.907],[0,0],[3.691,21.278],[1.339,-0.571],[33.515,-40.831],[-19.262,-29.696]],"v":[[202.373,40.979],[130.831,-105.612],[21.554,-178.766],[-116.488,-208.921],[-239.48,-202.147],[-304.3,-151.427],[-290.66,-108.807],[-265.16,-2.467],[-200.66,125.414],[-113.041,276.386],[-67.8,253.16],[-111.534,131.41],[-44.219,252.39],[-15.125,286.509],[29.87,213.068],[11.12,104.213],[29.67,88.15],[113.36,161.894],[112.91,251.919],[151.096,278.584],[189.349,244.664],[220.775,112.565]],"c":true}]},{"i":{"x":0.833,"y":0.833},"o":{"x":0.167,"y":0.167},"t":30,"s":[{"i":[[16.115,44.416],[45.52,35.9],[29.08,3.68],[47.84,-2.109],[29.056,-24.399],[-7.88,-10.36],[-1.866,-11.659],[-13.467,-44.969],[-2.394,-27.613],[-11.511,-29.823],[-22.363,8.856],[7.386,0.773],[-2.951,-20.771],[-17.312,-1.324],[-11.832,20.656],[-13.52,10.715],[-18.56,6.519],[0,0],[4.531,-20.638],[-19.488,0.342],[-20.132,10.926],[-11.494,40.648]],"o":[[-18.46,-50.88],[-26.288,-20.732],[-46.485,-5.883],[-44.907,1.98],[-33.44,28.08],[7.88,10.36],[3.24,20.24],[11.402,38.075],[1.269,14.635],[4.802,12.441],[23.133,-9.161],[-7.386,-0.773],[1.671,11.762],[32.253,2.467],[12.497,-21.817],[13.52,-10.715],[16.44,9.019],[0,0],[-4.597,21.101],[11.766,-0.206],[46.428,-25.196],[11.42,-40.617]],"v":[[225.54,-83.187],[132.56,-203.967],[34,-239.747],[-94.76,-241.458],[-281.48,-146.147],[-314.8,-115.427],[-300.16,-78.307],[-287.453,13.902],[-259.189,99.298],[-263.409,166.256],[-196.053,172.594],[-156.034,106.706],[-159.969,161.704],[-132.859,185.465],[-52.356,159.667],[-27.38,100.369],[42.64,77.913],[76.94,95.692],[47.747,149.565],[73.074,188.652],[121.287,171.642],[233.851,63.364]],"c":true}]},{"i":{"x":0.833,"y":0.833},"o":{"x":0.167,"y":0.167},"t":36,"s":[{"i":[[17.221,53.717],[42.75,31.681],[29.015,4.222],[47.84,-2.109],[29.056,-24.399],[-7.879,-10.491],[-1.574,-11.691],[-13.344,-39.858],[4.613,-36.075],[-12.628,-14.098],[-23.635,6.112],[7.611,0.306],[0.143,-7.957],[-17.255,-2.145],[-14.91,25.643],[-12.648,14.9],[-15.03,6.01],[0,0],[9.764,-17.464],[-17.757,-5.032],[-21.242,4.385],[-13.861,38.431]],"o":[[-17.976,-54.575],[-33.134,-24.097],[-46.344,-6.742],[-44.908,1.98],[-33.44,28.08],[8.014,10.678],[2.604,18.127],[13.256,40.083],[-3.113,24.345],[10.174,11.358],[23.531,-6.077],[-6.886,-0.276],[-0.283,15.736],[32.147,3.997],[18.878,-31.233],[13.005,-15.5],[15.19,10.769],[0,0],[-9.95,17.865],[10.721,3.038],[48.988,-10.112],[13.805,-38.408]],"v":[[232.29,-75.937],[138.31,-202.842],[42.125,-240.372],[-94.76,-241.458],[-270.98,-160.147],[-312.382,-117.593],[-298.644,-80.299],[-282.991,21.996],[-242.807,128.164],[-251.226,211.164],[-186.99,220.321],[-146.034,144.286],[-157.884,194.908],[-145.395,234.233],[-68.268,202.689],[-23.38,116.838],[43.265,79.288],[57.956,91.064],[39.364,116.53],[51.607,158.899],[99.968,156.697],[233.168,87.826]],"c":true}]},{"i":{"x":0.833,"y":0.833},"o":{"x":0.167,"y":0.167},"t":42,"s":[{"i":[[18.327,63.018],[39.98,27.461],[28.949,4.764],[47.84,-2.109],[29.056,-24.399],[-7.877,-10.621],[-1.281,-11.723],[-13.222,-34.748],[0.495,-35.906],[-12.457,-14.248],[-23.704,5.834],[-9.17,20.182],[0.636,-7.944],[-17.199,-2.531],[-17.987,23.836],[-11.776,15.559],[-11.5,5.5],[0,0],[14.996,-14.29],[-16.026,-10.405],[-22.352,-2.156],[-16.227,36.214]],"o":[[-17.492,-58.271],[-39.98,-27.461],[-46.203,-7.601],[-44.907,1.98],[-33.44,28.08],[8.148,10.995],[1.968,16.014],[15.11,42.092],[-0.528,36.818],[10.036,11.479],[23.601,-5.793],[1.864,16.772],[-1.258,15.71],[32.041,4.714],[25.26,-33.473],[12.49,-16.76],[13.94,12.519],[0,0],[-15.304,14.63],[9.676,6.282],[51.548,4.973],[16.19,-36.199]],"v":[[239.04,-68.687],[144.06,-201.717],[50.25,-240.997],[-94.76,-241.458],[-260.48,-174.147],[-305.964,-93.759],[-293.127,-56.29],[-278.53,30.091],[-237.424,132.414],[-258.044,260.556],[-196.927,270.448],[-135.534,155.16],[-155.298,238.908],[-147.93,280.666],[-74.18,251.863],[-19.38,126.962],[43.89,80.663],[88.972,55.436],[30.981,83.494],[30.139,129.146],[78.649,141.751],[232.485,112.288]],"c":true}]},{"i":{"x":0.833,"y":0.833},"o":{"x":0.167,"y":0.167},"t":48,"s":[{"i":[[19.434,72.319],[38.27,32.525],[55.705,-4.445],[47.84,-2.109],[29.056,-24.399],[-7.876,-10.752],[-0.988,-11.755],[-15.618,-33.836],[0.868,-35.444],[-12.285,-14.397],[-23.772,5.557],[-8.278,19.352],[0.5,-7.956],[-17.142,-2.916],[-16.113,25.059],[-2.04,16.345],[-7.97,4.99],[0,0],[10.248,-18.125],[-18.453,-5.325],[-22.127,4.456],[-18.594,33.997]],"o":[[-17.008,-61.966],[-31.604,-26.859],[-46.684,3.725],[-44.907,1.98],[-33.44,28.08],[8.281,11.313],[1.331,13.9],[20.148,31.747],[-0.916,36.813],[9.898,11.6],[23.67,-5.51],[8.614,10.897],[-0.989,15.735],[31.936,5.432],[20.15,-30.616],[11.975,-18.02],[12.69,14.269],[0,0],[-10.444,18.541],[11.141,3.215],[51.029,-10.277],[18.575,-33.989]],"v":[[237.79,-85.437],[161.81,-220.592],[40.375,-251.622],[-94.76,-217.458],[-249.98,-148.147],[-301.546,-58.925],[-289.611,-21.281],[-274.068,70.186],[-233.542,140.164],[-235.362,188.727],[-174.363,199.353],[-129.534,151.035],[-118.769,187.06],[-107.965,227.099],[-32.41,204.458],[-14.88,121.587],[34.515,82.038],[75.706,90.814],[13.774,169.897],[26.301,214.05],[76.64,212.001],[221.803,96.75]],"c":true}]},{"i":{"x":0.667,"y":1},"o":{"x":0.167,"y":0.167},"t":54,"s":[{"i":[[20.54,81.62],[53.52,37.4],[40.58,6.18],[47.84,-2.109],[29.056,-24.399],[-7.874,-10.883],[-0.695,-11.787],[-18.014,-32.924],[1.24,-34.981],[-12.114,-14.547],[-23.84,5.28],[-7.386,18.522],[0.364,-7.969],[-17.085,-3.301],[-14.239,26.282],[-10.033,16.879],[-4.44,4.481],[0,0],[12.16,-17.28],[-18.103,-7.222],[-22.791,2.29],[-20.96,31.78]],"o":[[-16.524,-65.662],[-40.865,-28.557],[-46.322,-7.055],[-44.907,1.98],[-33.44,28.08],[8.415,11.631],[0.695,11.787],[18.686,34.152],[-1.305,36.807],[9.76,11.72],[23.74,-5.226],[1.614,16.522],[-0.72,15.76],[31.83,6.15],[15.04,-27.76],[11.46,-19.28],[11.44,16.019],[0,0],[-12.4,17.681],[10.93,4.36],[52.56,-5.28],[20.96,-31.78]],"v":[[236.54,-62.187],[143.56,-199.467],[33.5,-237.247],[-94.76,-241.458],[-239.48,-202.147],[-297.127,-104.09],[-286.094,-66.273],[-269.606,30.28],[-221.66,115.913],[-235.68,191.212],[-174.8,202.572],[-123.534,146.91],[-122.24,191.212],[-108,229.532],[-30.64,201.052],[-10.38,116.212],[25.14,83.413],[62.44,126.192],[6.16,168.732],[14.4,214.572],[65.44,217.532],[211.12,161.212]],"c":true}]},{"i":{"x":0.667,"y":1},"o":{"x":0.333,"y":0},"t":60,"s":[{"i":[[27.92,79.04],[57.698,41.478],[28.818,5.849],[47.84,-2.109],[29.056,-24.399],[-5.97,-12.033],[1.26,-11.74],[-12.8,-35.28],[1.52,-36.801],[-12.114,-14.547],[-23.84,5.28],[-10.954,21.842],[0.364,-7.969],[-17.085,-3.301],[-14.239,26.282],[-8.04,9.22],[-4.44,4.481],[0,0],[12.16,-17.28],[-18.103,-7.222],[-22.791,2.29],[-26.32,33.04]],"o":[[-22.56,-63.84],[-40.48,-29.1],[-45.92,-9.32],[-44.907,1.98],[-33.44,28.08],[6.38,12.86],[-1.26,11.74],[12.8,35.28],[-1.52,36.799],[9.76,11.72],[23.74,-5.226],[0.089,20.816],[-0.72,15.76],[31.83,6.15],[15.04,-27.76],[5.006,-5.741],[6.94,14.519],[0,0],[-12.4,17.681],[10.93,4.36],[52.56,-5.28],[26.24,-33.04]],"v":[[243.04,-41.187],[146.56,-180.467],[52,-221.747],[-94.76,-229.458],[-239.48,-190.147],[-262.8,-129.427],[-258.16,-90.307],[-258.16,3.533],[-218.16,116.413],[-235.68,191.213],[-174.8,202.572],[-114.534,142.911],[-122.24,191.213],[-108,229.533],[-30.64,201.052],[-1.88,140.213],[23.64,112.913],[48.44,136.192],[6.16,168.732],[14.4,214.572],[65.44,217.533],[211.12,167.213]],"c":true}]},{"t":70,"s":[{"i":[[27.92,79.04],[57.698,41.478],[28.818,5.849],[47.84,-2.109],[29.056,-24.399],[-5.97,-12.033],[1.26,-11.74],[-12.8,-35.28],[1.52,-36.801],[-12.114,-14.547],[-23.84,5.28],[-10.954,21.842],[0.364,-7.969],[-17.085,-3.301],[-14.239,26.282],[-13.52,14.24],[-4.44,4.481],[0,0],[12.16,-17.28],[-18.103,-7.222],[-22.791,2.29],[-26.32,33.04]],"o":[[-22.56,-63.84],[-40.48,-29.1],[-45.92,-9.32],[-44.907,1.98],[-33.44,28.08],[6.38,12.86],[-1.26,11.74],[12.8,35.28],[-1.52,36.799],[9.76,11.72],[23.74,-5.226],[0.089,20.816],[-0.72,15.76],[31.83,6.15],[15.04,-27.76],[13.52,-14.24],[10.19,14.519],[0,0],[-12.4,17.681],[10.93,4.36],[52.56,-5.28],[26.24,-33.04]],"v":[[243.04,-59.187],[146.56,-192.467],[52,-233.747],[-94.76,-241.458],[-239.48,-202.147],[-262.8,-141.427],[-258.16,-102.307],[-258.16,-8.467],[-222.16,112.413],[-235.68,191.213],[-174.8,202.572],[-118.534,138.911],[-122.24,191.213],[-108,229.533],[-30.64,201.052],[3.12,125.213],[28.64,100.413],[53.44,129.692],[6.16,168.732],[14.4,214.572],[65.44,217.533],[211.12,161.213]],"c":true}]}],"ix":2},"nm":"Path 1","mn":"ADBE Vector Shape - Group","hd":false},{"ty":"fl","c":{"a":0,"k":[0.875,0.875,0.875,1],"ix":4},"o":{"a":0,"k":100,"ix":5},"r":1,"bm":0,"nm":"Fill 1","mn":"ADBE Vector Graphic - Fill","hd":false},{"ty":"tr","p":{"a":0,"k":[271.21,233.997],"ix":2},"a":{"a":0,"k":[0,0],"ix":1},"s":{"a":0,"k":[100,100],"ix":3},"r":{"a":0,"k":0,"ix":6},"o":{"a":0,"k":100,"ix":7},"sk":{"a":0,"k":0,"ix":4},"sa":{"a":0,"k":0,"ix":5},"nm":"Transform"}],"nm":"Group 1","np":2,"cix":2,"bm":0,"ix":1,"mn":"ADBE Vector Group","hd":false}],"ip":0,"op":80,"st":0,"bm":0},{"ddd":0,"ind":15,"ty":4,"nm":"Tail ","parent":14,"sr":1,"ks":{"o":{"a":0,"k":100,"ix":11},"r":{"a":1,"k":[{"i":{"x":[0.742],"y":[0.772]},"o":{"x":[0.333],"y":[0]},"t":6,"s":[0]},{"i":{"x":[0.47],"y":[1]},"o":{"x":[0.17],"y":[0.708]},"t":18,"s":[-14.318]},{"i":{"x":[0.866],"y":[0.813]},"o":{"x":[0.333],"y":[0]},"t":36,"s":[-18.854]},{"i":{"x":[0.667],"y":[1]},"o":{"x":[0.265],"y":[0.604]},"t":48,"s":[-7.152]},{"i":{"x":[0.667],"y":[1]},"o":{"x":[0.333],"y":[0]},"t":60,"s":[0]},{"t":70,"s":[0]}],"ix":10},"p":{"a":1,"k":[{"i":{"x":0.833,"y":0.833},"o":{"x":0.333,"y":0},"t":6,"s":[460.21,202.81,0],"to":[0,0,0],"ti":[0,0,0]},{"i":{"x":0.833,"y":0.833},"o":{"x":0.167,"y":0.167},"t":12,"s":[460.21,192.81,0],"to":[0,0,0],"ti":[0,0,0]},{"i":{"x":0.833,"y":0.833},"o":{"x":0.167,"y":0.167},"t":18,"s":[413.71,197.31,0],"to":[0,0,0],"ti":[0,0,0]},{"i":{"x":0.833,"y":0.833},"o":{"x":0.167,"y":0.167},"t":36,"s":[429.21,123.81,0],"to":[0,0,0],"ti":[0,0,0]},{"i":{"x":0.667,"y":1},"o":{"x":0.167,"y":0.167},"t":48,"s":[450.21,181.81,0],"to":[0,0,0],"ti":[0,0,0]},{"i":{"x":0.667,"y":0.667},"o":{"x":0.333,"y":0.333},"t":60,"s":[460.21,202.81,0],"to":[0,0,0],"ti":[0,0,0]},{"t":70,"s":[460.21,202.81,0]}],"ix":2,"l":2},"a":{"a":0,"k":[-9.55,119.451,0],"ix":1,"l":2},"s":{"a":0,"k":[100,100,100],"ix":6,"l":2}},"ao":0,"shapes":[{"ty":"gr","it":[{"ind":0,"ty":"sh","ix":1,"ks":{"a":1,"k":[{"i":{"x":0.833,"y":0.833},"o":{"x":0.333,"y":0},"t":12,"s":[{"i":[[0,0],[-43.92,-12.401],[-3.36,-46.24],[35.12,-22.799],[0,0]],"o":[[0,0],[43.92,12.4],[3.36,46.239],[-45.04,29.281],[0,0]],"v":[[-82.2,-71.52],[3.4,-100.799],[78.84,-19.679],[36.04,83.919],[-63.08,94.081]],"c":true}]},{"i":{"x":0.833,"y":0.833},"o":{"x":0.167,"y":0.167},"t":20,"s":[{"i":[[0,0],[-42.251,-17.25],[-12.125,-44.748],[32.559,-3.746],[0,0]],"o":[[0,0],[41.995,17.145],[12.102,44.664],[-53.369,6.14],[0,0]],"v":[[-102.609,-64.344],[-2.444,-51.109],[72.996,30.011],[30.196,133.61],[-58.835,69.362]],"c":true}]},{"i":{"x":0.833,"y":1},"o":{"x":0.167,"y":0.167},"t":30,"s":[{"i":[[0,0],[-43.92,-12.401],[-3.36,-46.24],[35.12,-22.799],[0,0]],"o":[[0,0],[43.92,12.4],[3.36,46.239],[-45.04,29.281],[0,0]],"v":[[-82.2,-71.52],[3.4,-100.799],[78.84,-19.679],[36.04,83.919],[-63.08,94.081]],"c":true}]},{"i":{"x":0.833,"y":1},"o":{"x":0.167,"y":0},"t":46,"s":[{"i":[[0,0],[-45.629,0.88],[-3.36,-46.24],[33.887,-27.792],[0,0]],"o":[[0,0],[46.397,-0.895],[3.36,46.239],[-41.539,34.067],[0,0]],"v":[[-82.2,-71.52],[-8.144,-144.488],[67.296,-63.368],[21.053,59.932],[-63.08,94.081]],"c":true}]},{"i":{"x":0.667,"y":1},"o":{"x":0.167,"y":0},"t":52,"s":[{"i":[[0,0],[-43.189,-14.745],[-0.867,-46.354],[36.282,-20.9],[0,0]],"o":[[0,0],[43.189,14.745],[0.867,46.353],[-46.55,26.815],[0,0]],"v":[[-82.2,-71.52],[-3.98,-66.455],[66.986,18.607],[18.674,119.753],[-63.08,94.081]],"c":true}]},{"i":{"x":0.667,"y":1},"o":{"x":0.333,"y":0},"t":64,"s":[{"i":[[0,0],[-45.108,-6.931],[-8.995,-45.481],[32.048,-26.947],[0,0]],"o":[[0,0],[45.108,6.931],[8.994,45.48],[-41.117,34.574],[0,0]],"v":[[-82.2,-71.52],[-8.983,-110.064],[75.819,-38.788],[46.022,69.271],[-63.08,94.081]],"c":true}]},{"t":74,"s":[{"i":[[0,0],[-43.92,-12.401],[-3.36,-46.24],[35.12,-22.799],[0,0]],"o":[[0,0],[43.92,12.4],[3.36,46.239],[-45.04,29.281],[0,0]],"v":[[-82.2,-71.52],[3.4,-100.799],[78.84,-19.679],[36.04,83.919],[-63.08,94.081]],"c":true}]}],"ix":2},"nm":"Path 1","mn":"ADBE Vector Shape - Group","hd":false},{"ty":"fl","c":{"a":0,"k":[0.925,0.941000007181,0.948999980852,1],"ix":4},"o":{"a":0,"k":100,"ix":5},"r":1,"bm":0,"nm":"Fill 1","mn":"ADBE Vector Graphic - Fill","hd":false},{"ty":"tr","p":{"a":0,"k":[82.45,113.451],"ix":2},"a":{"a":0,"k":[0,0],"ix":1},"s":{"a":0,"k":[100,100],"ix":3},"r":{"a":0,"k":0,"ix":6},"o":{"a":0,"k":100,"ix":7},"sk":{"a":0,"k":0,"ix":4},"sa":{"a":0,"k":0,"ix":5},"nm":"Transform"}],"nm":"Group 1","np":2,"cix":2,"bm":0,"ix":1,"mn":"ADBE Vector Group","hd":false}],"ip":0,"op":80,"st":0,"bm":0}],"markers":[{"tm":0,"cm":"rest","dr":0}]}