{"v":"5.8.1","fr":60,"ip":0,"op":86,"w":1024,"h":1024,"nm":"emoji_Mechanical leg","ddd":0,"assets":[{"id":"comp_0","nm":"Mechanical leg","fr":60,"layers":[{"ddd":0,"ind":1,"ty":3,"nm":"Null 1","sr":1,"ks":{"o":{"a":0,"k":0,"ix":11},"r":{"a":0,"k":0,"ix":10},"p":{"a":0,"k":[512,512,0],"ix":2,"l":2},"a":{"a":0,"k":[0,0,0],"ix":1,"l":2},"s":{"a":0,"k":[101,101,100],"ix":6,"l":2}},"ao":0,"ip":0,"op":86,"st":0,"bm":0},{"ddd":0,"ind":2,"ty":3,"nm":"1","parent":5,"sr":1,"ks":{"o":{"a":0,"k":100,"ix":11},"r":{"a":1,"k":[{"i":{"x":[0.724],"y":[0.388]},"o":{"x":[0.44],"y":[0]},"t":0,"s":[0]},{"i":{"x":[0.664],"y":[0.799]},"o":{"x":[0.333],"y":[0.267]},"t":8,"s":[-19.5]},{"i":{"x":[0.641],"y":[0.871]},"o":{"x":[0.316],"y":[0.276]},"t":10,"s":[-33]},{"i":{"x":[0.022],"y":[1]},"o":{"x":[0.333],"y":[-0.243]},"t":14,"s":[-51.49]},{"i":{"x":[0.833],"y":[1]},"o":{"x":[0.971],"y":[0]},"t":34,"s":[-6]},{"i":{"x":[0.285],"y":[1]},"o":{"x":[0.279],"y":[0]},"t":46,"s":[10]},{"t":66,"s":[0]}],"ix":10},"p":{"a":0,"k":[222.514,503.24,0],"ix":2,"l":2},"a":{"a":0,"k":[34.621,37.042,0],"ix":1,"l":2},"s":{"a":0,"k":[100,100,100],"ix":6,"l":2}},"ao":0,"ip":0,"op":86,"st":0,"bm":0},{"ddd":0,"ind":3,"ty":4,"nm":"Layer 3 Outlines 2","parent":10,"sr":1,"ks":{"o":{"a":0,"k":100,"ix":11},"r":{"a":0,"k":0,"ix":10},"p":{"a":0,"k":[329.756,602.544,0],"ix":2,"l":2},"a":{"a":0,"k":[34.621,37.042,0],"ix":1,"l":2},"s":{"a":0,"k":[100,100,100],"ix":6,"l":2}},"ao":0,"shapes":[{"ty":"gr","it":[{"ind":0,"ty":"sh","ix":1,"ks":{"a":0,"k":{"i":[[-15.344,0],[0,-15.256],[15.344,0],[0,15.257]],"o":[[15.344,0],[0,15.257],[-15.344,0],[0,-15.256]],"v":[[0,-27.624],[27.783,0],[0,27.624],[-27.783,0]],"c":true},"ix":2},"nm":"Path 1","mn":"ADBE Vector Shape - Group","hd":false},{"ty":"fl","c":{"a":0,"k":[0.760999971278,0.709999952129,0.658999992819,1],"ix":4},"o":{"a":0,"k":100,"ix":5},"r":1,"bm":0,"nm":"Fill 1","mn":"ADBE Vector Graphic - Fill","hd":false},{"ty":"tr","p":{"a":0,"k":[36.209,36.765],"ix":2},"a":{"a":0,"k":[0,0],"ix":1},"s":{"a":0,"k":[100,100],"ix":3},"r":{"a":0,"k":0,"ix":6},"o":{"a":0,"k":100,"ix":7},"sk":{"a":0,"k":0,"ix":4},"sa":{"a":0,"k":0,"ix":5},"nm":"Transform"}],"nm":"Group 1","np":2,"cix":2,"bm":0,"ix":1,"mn":"ADBE Vector Group","hd":false},{"ty":"gr","it":[{"ind":0,"ty":"sh","ix":1,"ks":{"a":0,"k":{"i":[[-17.668,0],[0,-17.668],[17.668,0],[0,17.668]],"o":[[17.668,0],[0,17.668],[-17.668,0],[0,-17.668]],"v":[[0,-31.99],[31.99,0],[0,31.99],[-31.99,0]],"c":true},"ix":2},"nm":"Path 1","mn":"ADBE Vector Shape - Group","hd":false},{"ty":"gf","o":{"a":0,"k":100,"ix":10},"r":1,"bm":0,"g":{"p":3,"k":{"a":0,"k":[0.002,1,1,1,0.456,0.871,0.871,0.871,1,0.741,0.741,0.741],"ix":9}},"s":{"a":0,"k":[-15.099,-17.079],"ix":5},"e":{"a":0,"k":[29.703,-13.366],"ix":6},"t":2,"h":{"a":0,"k":0,"ix":7},"a":{"a":0,"k":0,"ix":8},"nm":"Gradient Fill 1","mn":"ADBE Vector Graphic - G-Fill","hd":false},{"ty":"tr","p":{"a":0,"k":[32.557,32.24],"ix":2},"a":{"a":0,"k":[0,0],"ix":1},"s":{"a":0,"k":[100,100],"ix":3},"r":{"a":0,"k":0,"ix":6},"o":{"a":0,"k":100,"ix":7},"sk":{"a":0,"k":0,"ix":4},"sa":{"a":0,"k":0,"ix":5},"nm":"Transform"}],"nm":"Group 2","np":2,"cix":2,"bm":0,"ix":2,"mn":"ADBE Vector Group","hd":false},{"ty":"gr","it":[{"ind":0,"ty":"sh","ix":1,"ks":{"a":0,"k":{"i":[[-18.983,0],[0,-18.982],[18.983,0],[0,18.983]],"o":[[18.983,0],[0,18.983],[-18.983,0],[0,-18.982]],"v":[[0,-34.371],[34.371,0],[0,34.371],[-34.371,0]],"c":true},"ix":2},"nm":"Path 1","mn":"ADBE Vector Shape - Group","hd":false},{"ty":"fl","c":{"a":0,"k":[0.275,0.419999994016,0.490000017952,1],"ix":4},"o":{"a":0,"k":100,"ix":5},"r":1,"bm":0,"nm":"Fill 1","mn":"ADBE Vector Graphic - Fill","hd":false},{"ty":"tr","p":{"a":0,"k":[34.621,39.464],"ix":2},"a":{"a":0,"k":[0,0],"ix":1},"s":{"a":0,"k":[100,100],"ix":3},"r":{"a":0,"k":0,"ix":6},"o":{"a":0,"k":100,"ix":7},"sk":{"a":0,"k":0,"ix":4},"sa":{"a":0,"k":0,"ix":5},"nm":"Transform"}],"nm":"Group 3","np":2,"cix":2,"bm":0,"ix":3,"mn":"ADBE Vector Group","hd":false}],"ip":0,"op":86,"st":0,"bm":0},{"ddd":0,"ind":4,"ty":4,"nm":"Layer 2 Outlines","parent":2,"sr":1,"ks":{"o":{"a":0,"k":100,"ix":11},"r":{"a":0,"k":0,"ix":10},"p":{"a":0,"k":[-29.637,59.944,0],"ix":2,"l":2},"a":{"a":0,"k":[157.541,88.044,0],"ix":1,"l":2},"s":{"a":0,"k":[100,100,100],"ix":6,"l":2}},"ao":0,"shapes":[{"ty":"gr","it":[{"ind":0,"ty":"sh","ix":1,"ks":{"a":0,"k":{"i":[[0,0],[0,0],[27.118,-10.588],[16.194,10.636],[3.652,4.048],[10.35,-5.256],[3.672,-2.754],[-9.16,-6.939],[-46.516,9.446],[0,17.146]],"o":[[0,0],[4.353,27.106],[-18.02,7.065],[-4.524,-3.016],[-2.91,-3.135],[-3.405,3.137],[2.127,-1.491],[10.478,8.097],[46.437,-9.367],[0,-13.018]],"v":[[73.483,-46.358],[64.465,-45.512],[27.046,20.877],[-28.044,15.162],[-40.348,4.446],[-65.218,-5.262],[-75.705,3.671],[-56.065,3.969],[19.822,36.912],[75.705,-20.083]],"c":true},"ix":2},"nm":"Path 1","mn":"ADBE Vector Shape - Group","hd":false},{"ty":"fl","c":{"a":0,"k":[0.275,0.419999994016,0.490000017952,1],"ix":4},"o":{"a":0,"k":100,"ix":5},"r":1,"bm":0,"nm":"Fill 1","mn":"ADBE Vector Graphic - Fill","hd":false},{"ty":"tr","p":{"a":0,"k":[210.233,96.238],"ix":2},"a":{"a":0,"k":[0,0],"ix":1},"s":{"a":0,"k":[100,100],"ix":3},"r":{"a":0,"k":0,"ix":6},"o":{"a":0,"k":100,"ix":7},"sk":{"a":0,"k":0,"ix":4},"sa":{"a":0,"k":0,"ix":5},"nm":"Transform"}],"nm":"Group 1","np":2,"cix":2,"bm":0,"ix":1,"mn":"ADBE Vector Group","hd":false},{"ty":"gr","it":[{"ind":0,"ty":"sh","ix":1,"ks":{"a":0,"k":{"i":[[0,0],[-11.908,3.652],[0,0],[-10.954,-17.384],[34.769,-13.575],[16.194,10.637],[4.497,6.254],[0,13.048],[-12.939,11.59]],"o":[[0,0],[11.906,-3.651],[20.559,0],[20.004,31.593],[-18.019,7.064],[-4.524,-3.017],[-6.937,-10.06],[0,-18.655],[0,0]],"v":[[-45.097,-48.422],[-25.331,-58.424],[-4.614,-61.678],[46.506,-33.498],[17.454,55.011],[-37.636,49.295],[-55.631,33.305],[-66.51,-1.984],[-45.156,-48.422]],"c":true},"ix":2},"nm":"Path 1","mn":"ADBE Vector Shape - Group","hd":false},{"ty":"fl","c":{"a":0,"k":[0.564999988032,0.642999985639,0.681999954523,1],"ix":4},"o":{"a":0,"k":100,"ix":5},"r":1,"bm":0,"nm":"Fill 1","mn":"ADBE Vector Graphic - Fill","hd":false},{"ty":"tr","p":{"a":0,"k":[219.824,62.325],"ix":2},"a":{"a":0,"k":[0,0],"ix":1},"s":{"a":0,"k":[100,100],"ix":3},"r":{"a":0,"k":0,"ix":6},"o":{"a":0,"k":100,"ix":7},"sk":{"a":0,"k":0,"ix":4},"sa":{"a":0,"k":0,"ix":5},"nm":"Transform"}],"nm":"Group 2","np":2,"cix":2,"bm":0,"ix":2,"mn":"ADBE Vector Group","hd":false},{"ty":"gr","it":[{"ind":0,"ty":"sh","ix":1,"ks":{"a":0,"k":{"i":[[-28.021,-2.938],[-9.922,23.497],[0,0],[27.624,21.036],[29.767,-1.746],[71.601,-16.431],[1.905,1.111],[-26.672,-2.858],[-32.467,9.208]],"o":[[25.084,2.619],[1.35,-3.175],[0,0],[-22.147,-16.829],[-29.688,1.747],[-47.786,10.955],[1.191,9.684],[52.549,5.556],[29.291,-8.335]],"v":[[89.541,39.214],[146.615,12.066],[150.821,-0.794],[113.99,-13.971],[61.758,-46.12],[-65.647,25.163],[-150.821,18.734],[-113.195,42.31],[15.321,34.292]],"c":true},"ix":2},"nm":"Path 1","mn":"ADBE Vector Shape - Group","hd":false},{"ty":"fl","c":{"a":0,"k":[0.325,0.497999991623,0.579999976065,1],"ix":4},"o":{"a":0,"k":100,"ix":5},"r":1,"bm":0,"nm":"Fill 1","mn":"ADBE Vector Graphic - Fill","hd":false},{"ty":"tr","p":{"a":0,"k":[157.105,127.972],"ix":2},"a":{"a":0,"k":[0,0],"ix":1},"s":{"a":0,"k":[100,100],"ix":3},"r":{"a":0,"k":0,"ix":6},"o":{"a":0,"k":100,"ix":7},"sk":{"a":0,"k":0,"ix":4},"sa":{"a":0,"k":0,"ix":5},"nm":"Transform"}],"nm":"Group 3","np":2,"cix":2,"bm":0,"ix":3,"mn":"ADBE Vector Group","hd":false},{"ty":"gr","it":[{"ind":0,"ty":"sh","ix":1,"ks":{"a":0,"k":{"i":[[6.589,-0.477],[0,0],[30.506,-13.926],[9.632,9.852],[5.363,-4.552],[5.162,-3.546],[30.323,2.937],[8.017,-5.001],[-43.738,-4.604],[-31.672,11.669],[-28.021,-2.858],[-9.685,33.657],[5.794,14.13]],"o":[[0,0],[0,0],[-49.95,22.804],[-9.632,-9.853],[-5.285,4.485],[-25.163,17.305],[-9.446,-0.873],[-10.796,6.668],[52.55,5.556],[28.815,-10.637],[26.592,2.699],[6.826,-23.656],[-2.62,-6.191]],"v":[[131.096,-62.829],[123.383,-62.104],[93.15,6.176],[9.403,-7.655],[-16.151,-18.019],[-32.268,-5.914],[-117.442,15.201],[-144.987,19.647],[-113.553,57.749],[3.294,36.396],[72.99,33.936],[150.465,14.725],[146.496,-53.225]],"c":true},"ix":2},"nm":"Path 1","mn":"ADBE Vector Shape - Group","hd":false},{"ty":"fl","c":{"a":0,"k":[0.564999988032,0.642999985639,0.681999954523,1],"ix":4},"o":{"a":0,"k":100,"ix":5},"r":1,"bm":0,"nm":"Fill 1","mn":"ADBE Vector Graphic - Fill","hd":false},{"ty":"tr","p":{"a":0,"k":[157.541,112.453],"ix":2},"a":{"a":0,"k":[0,0],"ix":1},"s":{"a":0,"k":[100,100],"ix":3},"r":{"a":0,"k":0,"ix":6},"o":{"a":0,"k":100,"ix":7},"sk":{"a":0,"k":0,"ix":4},"sa":{"a":0,"k":0,"ix":5},"nm":"Transform"}],"nm":"Group 4","np":2,"cix":2,"bm":0,"ix":4,"mn":"ADBE Vector Group","hd":false},{"ty":"gr","it":[{"ind":0,"ty":"sh","ix":1,"ks":{"a":0,"k":{"i":[[19.923,20.896],[0,0],[9.605,-12.383],[-12.462,-19.13],[-45.911,-1.177],[0,0]],"o":[[0,0],[0,0],[-16.194,21.036],[0,0],[29.966,0.769],[0,0]],"v":[[-25.115,-57.873],[-34.879,-65.176],[-54.247,-48.347],[-56.788,20.634],[14.604,64.407],[70.441,43.347]],"c":true},"ix":2},"nm":"Path 1","mn":"ADBE Vector Shape - Group","hd":false},{"ty":"fl","c":{"a":0,"k":[0.827000038297,0.791999966491,0.764999988032,1],"ix":4},"o":{"a":0,"k":100,"ix":5},"r":1,"bm":0,"nm":"Fill 1","mn":"ADBE Vector Graphic - Fill","hd":false},{"ty":"tr","p":{"a":0,"k":[199.783,71.776],"ix":2},"a":{"a":0,"k":[0,0],"ix":1},"s":{"a":0,"k":[100,100],"ix":3},"r":{"a":0,"k":0,"ix":6},"o":{"a":0,"k":100,"ix":7},"sk":{"a":0,"k":0,"ix":4},"sa":{"a":0,"k":0,"ix":5},"nm":"Transform"}],"nm":"Group 5","np":2,"cix":2,"bm":0,"ix":5,"mn":"ADBE Vector Group","hd":false}],"ip":0,"op":86,"st":0,"bm":0},{"ddd":0,"ind":5,"ty":3,"nm":"2","parent":7,"sr":1,"ks":{"o":{"a":0,"k":100,"ix":11},"r":{"a":1,"k":[{"i":{"x":[0.667],"y":[0.911]},"o":{"x":[0.463],"y":[0]},"t":2,"s":[0]},{"i":{"x":[0],"y":[1]},"o":{"x":[0.333],"y":[-0.158]},"t":16,"s":[-8.402]},{"i":{"x":[0.833],"y":[1]},"o":{"x":[0.971],"y":[0]},"t":32,"s":[-3]},{"i":{"x":[0.667],"y":[1]},"o":{"x":[0.167],"y":[0]},"t":50,"s":[0]},{"t":64,"s":[0]}],"ix":10},"p":{"a":0,"k":[-248.447,344.441,0],"ix":2,"l":2},"a":{"a":0,"k":[48.354,51.767,0],"ix":1,"l":2},"s":{"a":0,"k":[100,100,100],"ix":6,"l":2}},"ao":0,"ip":0,"op":86,"st":0,"bm":0},{"ddd":0,"ind":6,"ty":4,"nm":"Layer 5 Outlines 2","parent":9,"sr":1,"ks":{"o":{"a":0,"k":100,"ix":11},"r":{"a":0,"k":0,"ix":10},"p":{"a":0,"k":[107.572,411.993,0],"ix":2,"l":2},"a":{"a":0,"k":[48.354,51.767,0],"ix":1,"l":2},"s":{"a":0,"k":[100,100,100],"ix":6,"l":2}},"ao":0,"shapes":[{"ty":"gr","it":[{"ind":0,"ty":"sh","ix":1,"ks":{"a":0,"k":{"i":[[-21.526,0],[0,-21.394],[21.526,0],[0,21.394]],"o":[[21.526,0],[0,21.394],[-21.526,0],[0,-21.394]],"v":[[0.001,-38.738],[38.975,-0.001],[0.001,38.738],[-38.975,-0.001]],"c":true},"ix":2},"nm":"Path 1","mn":"ADBE Vector Shape - Group","hd":false},{"ty":"fl","c":{"a":0,"k":[0.760999971278,0.709999952129,0.658999992819,1],"ix":4},"o":{"a":0,"k":100,"ix":5},"r":1,"bm":0,"nm":"Fill 1","mn":"ADBE Vector Graphic - Fill","hd":false},{"ty":"tr","p":{"a":0,"k":[50.576,51.371],"ix":2},"a":{"a":0,"k":[0,0],"ix":1},"s":{"a":0,"k":[100,100],"ix":3},"r":{"a":0,"k":0,"ix":6},"o":{"a":0,"k":100,"ix":7},"sk":{"a":0,"k":0,"ix":4},"sa":{"a":0,"k":0,"ix":5},"nm":"Transform"}],"nm":"Group 1","np":2,"cix":2,"bm":0,"ix":1,"mn":"ADBE Vector Group","hd":false},{"ty":"gr","it":[{"ind":0,"ty":"sh","ix":1,"ks":{"a":0,"k":{"i":[[-24.77,0],[0,-24.77],[24.77,0],[0,24.77]],"o":[[24.77,0],[0,24.77],[-24.77,0],[0,-24.77]],"v":[[0,-44.85],[44.85,0.001],[0,44.85],[-44.85,0.001]],"c":true},"ix":2},"nm":"Path 1","mn":"ADBE Vector Shape - Group","hd":false},{"ty":"gf","o":{"a":0,"k":100,"ix":10},"r":1,"bm":0,"g":{"p":3,"k":{"a":0,"k":[0.002,1,1,1,0.456,0.871,0.871,0.871,1,0.741,0.741,0.741],"ix":9}},"s":{"a":0,"k":[-22.772,-22.772],"ix":5},"e":{"a":0,"k":[41.089,-20.792],"ix":6},"t":2,"h":{"a":0,"k":24.197,"ix":7},"a":{"a":0,"k":239.237,"ix":8},"nm":"Gradient Fill 1","mn":"ADBE Vector Graphic - G-Fill","hd":false},{"ty":"tr","p":{"a":0,"k":[45.417,45.099],"ix":2},"a":{"a":0,"k":[0,0],"ix":1},"s":{"a":0,"k":[100,100],"ix":3},"r":{"a":0,"k":0,"ix":6},"o":{"a":0,"k":100,"ix":7},"sk":{"a":0,"k":0,"ix":4},"sa":{"a":0,"k":0,"ix":5},"nm":"Transform"}],"nm":"Group 2","np":2,"cix":2,"bm":0,"ix":2,"mn":"ADBE Vector Group","hd":false},{"ty":"gr","it":[{"ind":0,"ty":"sh","ix":1,"ks":{"a":0,"k":{"i":[[-26.567,0],[0,-26.567],[26.567,0],[0,26.567]],"o":[[26.567,0],[0,26.567],[-26.567,0],[0,-26.567]],"v":[[0,-48.104],[48.104,0],[0,48.104],[-48.104,0]],"c":true},"ix":2},"nm":"Path 1","mn":"ADBE Vector Shape - Group","hd":false},{"ty":"fl","c":{"a":0,"k":[0.275,0.419999994016,0.490000017952,1],"ix":4},"o":{"a":0,"k":100,"ix":5},"r":1,"bm":0,"nm":"Fill 1","mn":"ADBE Vector Graphic - Fill","hd":false},{"ty":"tr","p":{"a":0,"k":[48.354,55.181],"ix":2},"a":{"a":0,"k":[0,0],"ix":1},"s":{"a":0,"k":[100,100],"ix":3},"r":{"a":0,"k":0,"ix":6},"o":{"a":0,"k":100,"ix":7},"sk":{"a":0,"k":0,"ix":4},"sa":{"a":0,"k":0,"ix":5},"nm":"Transform"}],"nm":"Group 3","np":2,"cix":2,"bm":0,"ix":3,"mn":"ADBE Vector Group","hd":false}],"ip":0,"op":86,"st":0,"bm":0},{"ddd":0,"ind":7,"ty":4,"nm":"3","parent":1,"sr":1,"ks":{"o":{"a":0,"k":100,"ix":11},"r":{"a":1,"k":[{"i":{"x":[0.331],"y":[1]},"o":{"x":[0.395],"y":[0]},"t":0,"s":[0]},{"i":{"x":[0.833],"y":[1]},"o":{"x":[0.971],"y":[0]},"t":28,"s":[31]},{"i":{"x":[0.667],"y":[1]},"o":{"x":[0.167],"y":[0]},"t":48,"s":[-2]},{"t":62,"s":[0]}],"ix":10},"p":{"a":0,"k":[217.421,-298.19,0],"ix":2,"l":2},"a":{"a":0,"k":[129.878,127.695,0],"ix":1,"l":2},"s":{"a":0,"k":[100,100,100],"ix":6,"l":2}},"ao":0,"shapes":[{"ty":"gr","it":[{"ind":0,"ty":"sh","ix":1,"ks":{"a":0,"k":{"i":[[4.525,26.037],[-67.87,11.669],[-24.131,-13.574],[41.833,-7.224],[-11.669,-67.87],[-31.513,-17.781]],"o":[[-11.669,-67.87],[29.37,-5.08],[-27.703,-28.1],[-67.87,11.669],[6.589,38.499],[-17.225,-17.464]],"v":[[-72.275,53.184],[29.49,-90.811],[111.727,-76.601],[1.707,-112.163],[-100.058,31.832],[-38.301,119.387]],"c":true},"ix":2},"nm":"Path 1","mn":"ADBE Vector Shape - Group","hd":false},{"ty":"gf","o":{"a":0,"k":100,"ix":10},"r":1,"bm":0,"g":{"p":3,"k":{"a":0,"k":[0.002,1,1,1,0.456,0.871,0.871,0.871,1,0.741,0.741,0.741],"ix":9}},"s":{"a":0,"k":[-63.621,-96.955],"ix":5},"e":{"a":0,"k":[124,-85],"ix":6},"t":2,"h":{"a":0,"k":0,"ix":7},"a":{"a":0,"k":0,"ix":8},"nm":"Gradient Fill 1","mn":"ADBE Vector Graphic - G-Fill","hd":false},{"ty":"tr","p":{"a":0,"k":[111.977,119.638],"ix":2},"a":{"a":0,"k":[0,0],"ix":1},"s":{"a":0,"k":[100,100],"ix":3},"r":{"a":0,"k":0,"ix":6},"o":{"a":0,"k":100,"ix":7},"sk":{"a":0,"k":0,"ix":4},"sa":{"a":0,"k":0,"ix":5},"nm":"Transform"}],"nm":"Group 1","np":2,"cix":2,"bm":0,"ix":1,"mn":"ADBE Vector Group","hd":false},{"ty":"gr","it":[{"ind":0,"ty":"sh","ix":1,"ks":{"a":0,"k":{"i":[[-68.873,0],[0,-68.873],[68.873,0],[0,68.873]],"o":[[68.873,0],[0,68.873],[-68.873,0],[0,-68.873]],"v":[[0,-124.706],[124.706,0],[0,124.706],[-124.706,0]],"c":true},"ix":2},"nm":"Path 1","mn":"ADBE Vector Shape - Group","hd":false},{"ty":"fl","c":{"a":0,"k":[0.760999971278,0.709999952129,0.658999992819,1],"ix":4},"o":{"a":0,"k":100,"ix":5},"r":1,"bm":0,"nm":"Fill 1","mn":"ADBE Vector Graphic - Fill","hd":false},{"ty":"tr","p":{"a":0,"k":[134.799,130.433],"ix":2},"a":{"a":0,"k":[0,0],"ix":1},"s":{"a":0,"k":[100,100],"ix":3},"r":{"a":0,"k":0,"ix":6},"o":{"a":0,"k":100,"ix":7},"sk":{"a":0,"k":0,"ix":4},"sa":{"a":0,"k":0,"ix":5},"nm":"Transform"}],"nm":"Group 2","np":2,"cix":2,"bm":0,"ix":2,"mn":"ADBE Vector Group","hd":false}],"ip":0,"op":86,"st":0,"bm":0},{"ddd":0,"ind":8,"ty":4,"nm":"Layer 7 Outlines","sr":1,"ks":{"o":{"a":0,"k":100,"ix":11},"r":{"a":0,"k":0,"ix":10},"p":{"a":0,"k":[719.26,243.895,0],"ix":2,"l":2},"a":{"a":0,"k":[148.691,151.19,0],"ix":1,"l":2},"s":{"a":0,"k":[100,100,100],"ix":6,"l":2}},"ao":0,"shapes":[{"ty":"gr","it":[{"ind":0,"ty":"sh","ix":1,"ks":{"a":0,"k":{"i":[[17.384,100.733],[17.304,17.622],[44.85,-36.038],[-94.701,-56.995]],"o":[[-4.525,-26.116],[-50.724,-51.518],[-60.646,48.739],[93.43,51.993]],"v":[[131.057,-31.316],[96.923,-97.835],[-68.425,-114.902],[-53.739,98.947]],"c":true},"ix":2},"nm":"Path 1","mn":"ADBE Vector Shape - Group","hd":false},{"ty":"fl","c":{"a":0,"k":[0.275,0.419999994016,0.490000017952,1],"ix":4},"o":{"a":0,"k":100,"ix":5},"r":1,"bm":0,"nm":"Fill 1","mn":"ADBE Vector Graphic - Fill","hd":false},{"ty":"tr","p":{"a":0,"k":[148.69,151.191],"ix":2},"a":{"a":0,"k":[0,0],"ix":1},"s":{"a":0,"k":[100,100],"ix":3},"r":{"a":0,"k":0,"ix":6},"o":{"a":0,"k":100,"ix":7},"sk":{"a":0,"k":0,"ix":4},"sa":{"a":0,"k":0,"ix":5},"nm":"Transform"}],"nm":"Group 1","np":2,"cix":2,"bm":0,"ix":1,"mn":"ADBE Vector Group","hd":false}],"ip":0,"op":86,"st":0,"bm":0},{"ddd":0,"ind":9,"ty":4,"nm":"Layer 4 Outlines","parent":7,"sr":1,"ks":{"o":{"a":0,"k":100,"ix":11},"r":{"a":0,"k":0,"ix":10},"p":{"a":0,"k":[-31.145,186.277,0],"ix":2,"l":2},"a":{"a":0,"k":[324.874,253.829,0],"ix":1,"l":2},"s":{"a":0,"k":[100,100,100],"ix":6,"l":2}},"ao":0,"shapes":[{"ty":"gr","it":[{"ind":0,"ty":"sh","ix":1,"ks":{"a":0,"k":{"i":[[0,0],[14.685,3.81],[36.197,-6.192],[28.894,-33.815],[-11.828,-3.334],[-13.018,16.59],[-58.662,23.734]],"o":[[0,0],[-26.831,-8.256],[-71.204,12.224],[-15.083,19.21],[31.037,8.573],[15.082,-19.131],[57.392,-23.258]],"v":[[145.503,-46.437],[112.005,-61.202],[17.543,-65.25],[-130.421,20.797],[-123.912,62.869],[-73.744,42.31],[24.29,-39.69]],"c":true},"ix":2},"nm":"Path 1","mn":"ADBE Vector Shape - Group","hd":false},{"ty":"gf","o":{"a":0,"k":100,"ix":10},"r":1,"bm":0,"g":{"p":3,"k":{"a":0,"k":[0.002,0.827,0.792,0.765,0.343,0.827,0.792,0.765,0.752,0.827,0.792,0.765,0,1,0.352,0.5,0.704,0],"ix":9}},"s":{"a":0,"k":[4.95,-4.95],"ix":5},"e":{"a":0,"k":[154.455,-7.921],"ix":6},"t":2,"h":{"a":0,"k":0,"ix":7},"a":{"a":0,"k":0,"ix":8},"nm":"Gradient Fill 1","mn":"ADBE Vector Graphic - G-Fill","hd":false},{"ty":"tr","p":{"a":0,"k":[409.136,86.457],"ix":2},"a":{"a":0,"k":[0,0],"ix":1},"s":{"a":0,"k":[100,100],"ix":3},"r":{"a":0,"k":0,"ix":6},"o":{"a":0,"k":100,"ix":7},"sk":{"a":0,"k":0,"ix":4},"sa":{"a":0,"k":0,"ix":5},"nm":"Transform"}],"nm":"Group 1","np":2,"cix":2,"bm":0,"ix":1,"mn":"ADBE Vector Group","hd":false},{"ty":"gr","it":[{"ind":0,"ty":"sh","ix":1,"ks":{"a":1,"k":[{"i":{"x":0.451,"y":1},"o":{"x":0.333,"y":0},"t":6,"s":[{"i":[[121.848,-20.877],[0,0],[-11.033,-49.374],[-92.715,15.876],[15.955,92.715]],"o":[[-130.58,22.464],[0,0],[21.909,127.802],[92.716,-15.955],[-15.955,-92.716]],"v":[[-19.884,-167.849],[-202.934,-29.49],[-142.685,-1.23],[47.906,172.849],[186.979,-23.854]],"c":true}]},{"i":{"x":0.833,"y":1},"o":{"x":0.745,"y":0},"t":28,"s":[{"i":[[121.848,-20.877],[0,0],[-11.033,-49.374],[-92.715,15.876],[15.955,92.715]],"o":[[-130.58,22.464],[0,0],[21.909,127.802],[92.716,-15.955],[-15.955,-92.716]],"v":[[-19.884,-167.849],[-189.808,-19.294],[-142.685,-1.23],[47.905,172.849],[186.98,-23.854]],"c":true}]},{"t":50,"s":[{"i":[[121.848,-20.877],[0,0],[-11.033,-49.374],[-92.715,15.876],[15.955,92.715]],"o":[[-130.58,22.464],[0,0],[21.909,127.802],[92.716,-15.955],[-15.955,-92.716]],"v":[[-19.884,-167.849],[-202.934,-29.49],[-142.685,-1.23],[47.906,172.849],[186.979,-23.854]],"c":true}]}],"ix":2},"nm":"Path 1","mn":"ADBE Vector Shape - Group","hd":false},{"ty":"fl","c":{"a":0,"k":[0.564999988032,0.642999985639,0.681999954523,1],"ix":4},"o":{"a":0,"k":100,"ix":5},"r":1,"bm":0,"nm":"Fill 1","mn":"ADBE Vector Graphic - Fill","hd":false},{"ty":"tr","p":{"a":0,"k":[446.563,188.976],"ix":2},"a":{"a":0,"k":[0,0],"ix":1},"s":{"a":0,"k":[100,100],"ix":3},"r":{"a":0,"k":0,"ix":6},"o":{"a":0,"k":100,"ix":7},"sk":{"a":0,"k":0,"ix":4},"sa":{"a":0,"k":0,"ix":5},"nm":"Transform"}],"nm":"Group 2","np":2,"cix":2,"bm":0,"ix":2,"mn":"ADBE Vector Group","hd":false},{"ty":"gr","it":[{"ind":0,"ty":"sh","ix":1,"ks":{"a":1,"k":[{"i":{"x":0.451,"y":1},"o":{"x":0.333,"y":0},"t":6,"s":[{"i":[[14.447,-6.192],[0,0],[-43.103,16.352],[12.622,8.176],[6.192,4.604],[25.799,31.196],[6.509,16.987],[16.908,5.08],[11.987,-5.795],[-2.143,-1.35],[-8.811,-9.844],[-3.255,-12.779],[-27.624,-43.818],[5.319,-13.415]],"o":[[0,0],[72.235,-27.386],[-10.637,-10.319],[-6.509,-4.207],[-32.625,-24.211],[-11.43,-13.892],[-5.874,-15.321],[-12.701,-3.81],[-2.222,1.111],[12.304,-4.843],[8.811,9.843],[12.462,49.692],[7.7,12.224],[-8.096,20.559]],"v":[[-66.044,141.455],[-66.917,142.963],[126.452,69.616],[89.54,43.103],[70.489,29.847],[-17.305,-54.375],[-50.565,-101.447],[-83.428,-139.153],[-121.769,-132.882],[-124.309,-127.325],[-88.667,-116.45],[-72.394,-80.73],[-19.686,60.805],[-9.129,101.13]],"c":true}]},{"i":{"x":0.833,"y":1},"o":{"x":0.745,"y":0},"t":28,"s":[{"i":[[14.447,-6.192],[0,0],[-43.103,16.352],[12.622,8.176],[6.192,4.604],[25.799,31.196],[6.509,16.987],[16.908,5.08],[11.987,-5.795],[-2.143,-1.35],[-8.811,-9.844],[-3.255,-12.779],[-27.624,-43.818],[5.319,-13.415]],"o":[[0,0],[72.235,-27.386],[-10.637,-10.319],[-6.509,-4.207],[-32.625,-24.211],[-11.43,-13.892],[-5.874,-15.321],[-12.701,-3.81],[-2.222,1.111],[12.304,-4.843],[8.811,9.843],[12.462,49.692],[7.7,12.224],[-8.096,20.559]],"v":[[-66.044,141.455],[-66.917,142.963],[126.452,69.616],[89.54,43.103],[70.489,29.847],[-17.305,-54.375],[-50.565,-101.447],[-83.428,-139.153],[-108.643,-122.686],[-111.183,-117.129],[-88.667,-116.45],[-72.394,-80.73],[-19.686,60.805],[-9.129,101.13]],"c":true}]},{"t":50,"s":[{"i":[[14.447,-6.192],[0,0],[-43.103,16.352],[12.622,8.176],[6.192,4.604],[25.799,31.196],[6.509,16.987],[16.908,5.08],[11.987,-5.795],[-2.143,-1.35],[-8.811,-9.844],[-3.255,-12.779],[-27.624,-43.818],[5.319,-13.415]],"o":[[0,0],[72.235,-27.386],[-10.637,-10.319],[-6.509,-4.207],[-32.625,-24.211],[-11.43,-13.892],[-5.874,-15.321],[-12.701,-3.81],[-2.222,1.111],[12.304,-4.843],[8.811,9.843],[12.462,49.692],[7.7,12.224],[-8.096,20.559]],"v":[[-66.044,141.455],[-66.917,142.963],[126.452,69.616],[89.54,43.103],[70.489,29.847],[-17.305,-54.375],[-50.565,-101.447],[-83.428,-139.153],[-121.769,-132.882],[-124.309,-127.325],[-88.667,-116.45],[-72.394,-80.73],[-19.686,60.805],[-9.129,101.13]],"c":true}]}],"ix":2},"nm":"Path 1","mn":"ADBE Vector Shape - Group","hd":false},{"ty":"fl","c":{"a":0,"k":[0.275,0.419999994016,0.490000017952,1],"ix":4},"o":{"a":0,"k":100,"ix":5},"r":1,"bm":0,"nm":"Fill 1","mn":"ADBE Vector Graphic - Fill","hd":false},{"ty":"tr","p":{"a":0,"k":[368.652,288.399],"ix":2},"a":{"a":0,"k":[0,0],"ix":1},"s":{"a":0,"k":[100,100],"ix":3},"r":{"a":0,"k":0,"ix":6},"o":{"a":0,"k":100,"ix":7},"sk":{"a":0,"k":0,"ix":4},"sa":{"a":0,"k":0,"ix":5},"nm":"Transform"}],"nm":"Group 3","np":2,"cix":2,"bm":0,"ix":3,"mn":"ADBE Vector Group","hd":false},{"ty":"gr","it":[{"ind":0,"ty":"sh","ix":1,"ks":{"a":1,"k":[{"i":{"x":0.833,"y":0.833},"o":{"x":0.333,"y":0},"t":6,"s":[{"i":[[10.319,17.702],[-44.135,27.386],[-62.472,8.732],[1.746,1.508],[32.863,-3.81],[15.558,-7.859],[0,0],[-33.816,-2.222],[0,0],[16.749,-11.272],[11.59,-6.747],[-26.116,-44.929],[-24.529,-5.557]],"o":[[-26.116,-44.929],[35.801,-22.306],[-1.587,-1.588],[-24.528,-22.226],[-17.305,2.064],[-64.06,32.386],[0,0],[0,0],[18.575,-11.669],[-6.906,4.684],[-44.929,26.116],[13.653,23.496],[-17.384,-7.7]],"v":[[-164.554,147.884],[-121.848,24.766],[208.292,-146.298],[203.451,-151.061],[112.323,-182.494],[62.949,-166.062],[-164.476,-22.147],[-109.743,-29.034],[-64.774,-58.504],[-48.58,-47.231],[-148.202,13.415],[-182.176,142.011],[-121.769,186.305]],"c":true}]},{"i":{"x":0.833,"y":0.833},"o":{"x":0.167,"y":0.167},"t":12,"s":[{"i":[[10.319,17.702],[-44.135,27.386],[-62.472,8.732],[1.746,1.508],[32.863,-3.81],[15.558,-7.859],[0,0],[-26.693,-1.829],[0,0],[16.749,-11.272],[11.59,-6.747],[-26.116,-44.929],[-24.529,-5.557]],"o":[[-26.116,-44.929],[35.801,-22.306],[-1.587,-1.588],[-24.528,-22.226],[-17.305,2.064],[-64.06,32.386],[0,0],[0,0],[18.575,-11.669],[-6.906,4.684],[-44.929,26.116],[13.653,23.496],[-17.384,-7.7]],"v":[[-164.554,147.884],[-121.848,24.766],[208.292,-146.298],[203.451,-151.061],[112.323,-182.494],[66.074,-163.635],[-154.751,-23.535],[-110.463,-26.35],[-61.599,-57.495],[-45.875,-46.427],[-145.466,14.27],[-182.176,142.011],[-121.769,186.305]],"c":true}]},{"i":{"x":0.833,"y":0.833},"o":{"x":0.167,"y":0.167},"t":14,"s":[{"i":[[10.319,17.702],[-44.135,27.386],[-62.472,8.732],[1.746,1.508],[32.863,-3.81],[15.558,-7.859],[0,0],[-21.129,-4.149],[0,0],[16.749,-11.272],[11.59,-6.747],[-26.116,-44.929],[-24.529,-5.557]],"o":[[-26.116,-44.929],[35.801,-22.306],[-1.587,-1.588],[-24.528,-22.226],[-17.305,2.064],[-64.06,32.386],[0,0],[0,0],[18.575,-11.669],[-6.906,4.684],[-44.929,26.116],[13.653,23.496],[-17.384,-7.7]],"v":[[-164.554,147.884],[-121.848,24.766],[208.292,-146.298],[203.451,-151.061],[112.323,-182.494],[67.92,-162.201],[-149.508,-24.18],[-107.327,-24.628],[-59.723,-56.899],[-44.276,-45.951],[-143.85,14.776],[-182.176,142.011],[-121.769,186.305]],"c":true}]},{"i":{"x":0.451,"y":1},"o":{"x":0.167,"y":0.167},"t":18,"s":[{"i":[[10.319,17.702],[-44.135,27.386],[-62.472,8.732],[1.746,1.508],[32.863,-3.81],[15.558,-7.859],[0,0],[-13.274,-2.518],[0,0],[16.749,-11.272],[11.59,-6.747],[-26.116,-44.929],[-24.529,-5.557]],"o":[[-26.116,-44.929],[35.801,-22.306],[-1.587,-1.588],[-24.528,-22.226],[-17.305,2.064],[-64.06,32.386],[0,0],[0,0],[18.575,-11.669],[-6.906,4.684],[-44.929,26.116],[13.653,23.496],[-17.384,-7.7]],"v":[[-164.554,147.884],[-121.848,24.766],[208.292,-146.298],[203.451,-151.061],[112.323,-182.494],[71.637,-159.313],[-139.466,-25.942],[-105.751,-24.153],[-55.946,-55.699],[-41.058,-44.994],[-140.595,15.794],[-182.176,142.011],[-121.769,186.305]],"c":true}]},{"i":{"x":0.833,"y":0.833},"o":{"x":0.745,"y":0},"t":28,"s":[{"i":[[10.319,17.702],[-44.135,27.386],[-62.472,8.732],[1.746,1.508],[32.863,-3.81],[15.558,-7.859],[0,0],[-3.898,-0.572],[0,0],[16.749,-11.272],[11.59,-6.747],[-26.116,-44.929],[-24.529,-5.557]],"o":[[-26.116,-44.929],[35.801,-22.306],[-1.587,-1.588],[-24.528,-22.226],[-17.305,2.064],[-64.06,32.386],[0,0],[0,0],[18.575,-11.669],[-6.906,4.684],[-44.929,26.116],[13.653,23.496],[-17.384,-7.7]],"v":[[-164.554,147.884],[-121.848,24.766],[208.292,-146.298],[203.451,-151.061],[112.323,-182.494],[76.074,-155.867],[-127.478,-28.045],[-98.483,-25.09],[-51.438,-54.267],[-36.273,-43.252],[-135.766,17.608],[-182.176,142.011],[-121.769,186.305]],"c":true}]},{"i":{"x":0.833,"y":0.833},"o":{"x":0.167,"y":0.167},"t":40,"s":[{"i":[[10.319,17.702],[-44.135,27.386],[-62.472,8.732],[1.746,1.508],[32.863,-3.81],[15.558,-7.859],[0,0],[-16.687,-3.958],[0,0],[16.749,-11.272],[11.59,-6.747],[-26.116,-44.929],[-24.529,-5.557]],"o":[[-26.116,-44.929],[35.801,-22.306],[-1.587,-1.588],[-24.528,-22.226],[-17.305,2.064],[-64.06,32.386],[0,0],[0,0],[18.575,-11.669],[-6.906,4.684],[-44.929,26.116],[13.653,23.496],[-17.384,-7.7]],"v":[[-164.554,147.884],[-121.848,24.766],[208.292,-146.298],[203.451,-151.061],[112.323,-182.494],[72.785,-158.422],[-133.497,-28.171],[-101.705,-26.085],[-54.78,-55.329],[-40.064,-44.699],[-139.59,16.108],[-182.176,142.011],[-121.769,186.305]],"c":true}]},{"i":{"x":0.833,"y":1},"o":{"x":0.167,"y":0.167},"t":44,"s":[{"i":[[10.319,17.702],[-44.135,27.386],[-62.472,8.732],[1.746,1.508],[32.863,-3.81],[15.558,-7.859],[0,0],[-24.414,-3.175],[0,0],[16.749,-11.272],[11.59,-6.747],[-26.116,-44.929],[-24.529,-5.557]],"o":[[-26.116,-44.929],[35.801,-22.306],[-1.587,-1.588],[-24.528,-22.226],[-17.305,2.064],[-64.06,32.386],[0,0],[0,0],[18.575,-11.669],[-6.906,4.684],[-44.929,26.116],[13.653,23.496],[-17.384,-7.7]],"v":[[-164.554,147.884],[-121.848,24.766],[208.292,-146.298],[203.451,-151.061],[112.323,-182.494],[68.348,-161.868],[-146.267,-26.285],[-105.899,-27.274],[-59.288,-56.761],[-43.906,-45.841],[-143.475,14.893],[-182.176,142.011],[-121.769,186.305]],"c":true}]},{"t":50,"s":[{"i":[[10.319,17.702],[-44.135,27.386],[-62.472,8.732],[1.746,1.508],[32.863,-3.81],[15.558,-7.859],[0,0],[-33.816,-2.222],[0,0],[16.749,-11.272],[11.59,-6.747],[-26.116,-44.929],[-24.529,-5.557]],"o":[[-26.116,-44.929],[35.801,-22.306],[-1.587,-1.588],[-24.528,-22.226],[-17.305,2.064],[-64.06,32.386],[0,0],[0,0],[18.575,-11.669],[-6.906,4.684],[-44.929,26.116],[13.653,23.496],[-17.384,-7.7]],"v":[[-164.554,147.884],[-121.848,24.766],[208.292,-146.298],[203.451,-151.061],[112.323,-182.494],[62.949,-166.062],[-164.476,-22.147],[-109.743,-29.034],[-64.774,-58.504],[-48.58,-47.231],[-148.202,13.415],[-182.176,142.011],[-121.769,186.305]],"c":true}]}],"ix":2},"nm":"Path 1","mn":"ADBE Vector Shape - Group","hd":false},{"ty":"fl","c":{"a":0,"k":[0.827000038297,0.791999966491,0.764999988032,1],"ix":4},"o":{"a":0,"k":100,"ix":5},"r":1,"bm":0,"nm":"Fill 1","mn":"ADBE Vector Graphic - Fill","hd":false},{"ty":"tr","p":{"a":0,"k":[208.543,309.594],"ix":2},"a":{"a":0,"k":[0,0],"ix":1},"s":{"a":0,"k":[100,100],"ix":3},"r":{"a":0,"k":0,"ix":6},"o":{"a":0,"k":100,"ix":7},"sk":{"a":0,"k":0,"ix":4},"sa":{"a":0,"k":0,"ix":5},"nm":"Transform"}],"nm":"Group 4","np":2,"cix":2,"bm":0,"ix":4,"mn":"ADBE Vector Group","hd":false},{"ty":"gr","it":[{"ind":0,"ty":"sh","ix":1,"ks":{"a":0,"k":{"i":[],"o":[],"v":[],"c":true},"ix":2},"nm":"Path 1","mn":"ADBE Vector Shape - Group","hd":false},{"ty":"fl","c":{"a":0,"k":[0.128999986836,0.128999986836,0.128999986836,1],"ix":4},"o":{"a":0,"k":100,"ix":5},"r":1,"bm":0,"nm":"Fill 1","mn":"ADBE Vector Graphic - Fill","hd":false},{"ty":"tr","p":{"a":0,"k":[166.767,71.432],"ix":2},"a":{"a":0,"k":[0,0],"ix":1},"s":{"a":0,"k":[100,100],"ix":3},"r":{"a":0,"k":0,"ix":6},"o":{"a":0,"k":100,"ix":7},"sk":{"a":0,"k":0,"ix":4},"sa":{"a":0,"k":0,"ix":5},"nm":"Transform"}],"nm":"Group 5","np":2,"cix":2,"bm":0,"ix":5,"mn":"ADBE Vector Group","hd":false},{"ty":"gr","it":[{"ind":0,"ty":"sh","ix":1,"ks":{"a":1,"k":[{"i":{"x":0.833,"y":0.833},"o":{"x":0.333,"y":0},"t":6,"s":[{"i":[[0,0],[0,0],[4.684,18.971],[24.529,22.226],[32.864,-3.811],[15.559,-7.859],[0,0],[-32.863,-1.35],[0,0],[16.75,-11.272],[11.589,-6.747],[-26.116,-44.93],[-41.436,13.812]],"o":[[0,0],[7.859,-17.861],[-7.938,-32.149],[-24.528,-22.226],[-17.304,2.064],[-64.059,32.387],[0,0],[0,0],[18.575,-11.669],[-6.906,4.683],[-44.929,26.116],[22.782,39.213],[5.874,-1.984]],"v":[[264.137,29.966],[194.599,-14.089],[195.869,-71.639],[147.606,-156.815],[56.478,-188.248],[7.104,-171.818],[-220.318,-27.901],[-165.587,-34.788],[-120.617,-64.258],[-104.424,-52.985],[-204.046,7.661],[-238.021,136.257],[-127.047,178.247]],"c":true}]},{"i":{"x":0.451,"y":1},"o":{"x":0.167,"y":0.167},"t":12,"s":[{"i":[[0,0],[0,0],[4.684,18.971],[24.529,22.226],[32.864,-3.811],[15.559,-7.859],[0,0],[-27.439,-1.535],[0,0],[16.75,-11.272],[11.589,-6.747],[-26.116,-44.93],[-41.436,13.812]],"o":[[0,0],[7.859,-17.861],[-7.938,-32.149],[-24.528,-22.226],[-17.304,2.064],[-64.059,32.387],[0,0],[0,0],[18.575,-11.669],[-6.906,4.683],[-44.929,26.116],[22.782,39.213],[5.874,-1.984]],"v":[[264.137,29.966],[194.599,-14.089],[195.869,-71.639],[147.606,-156.815],[56.478,-188.248],[10.23,-169.39],[-210.288,-29.125],[-166.582,-33.479],[-117.881,-63.402],[-101.688,-52.13],[-201.309,8.516],[-238.021,136.257],[-127.047,178.247]],"c":true}]},{"i":{"x":0.833,"y":1},"o":{"x":0.745,"y":0},"t":28,"s":[{"i":[[0,0],[0,0],[4.684,18.971],[24.529,22.226],[32.864,-3.811],[15.559,-7.859],[0,0],[-10.081,-2.126],[0,0],[16.75,-11.272],[11.589,-6.747],[-26.116,-44.93],[-41.436,13.812]],"o":[[0,0],[7.859,-17.861],[-7.938,-32.149],[-24.528,-22.226],[-17.304,2.064],[-64.059,32.387],[0,0],[0,0],[18.575,-11.669],[-6.906,4.683],[-44.929,26.116],[22.782,39.213],[5.874,-1.984]],"v":[[264.137,29.966],[194.599,-14.089],[195.869,-71.639],[147.606,-156.815],[56.478,-188.248],[20.23,-161.622],[-172.134,-39.208],[-154.534,-33.617],[-109.125,-60.663],[-91.988,-48.792],[-191.609,11.854],[-238.021,136.257],[-127.047,178.247]],"c":true}]},{"t":50,"s":[{"i":[[0,0],[0,0],[4.684,18.971],[24.529,22.226],[32.864,-3.811],[15.559,-7.859],[0,0],[-32.863,-1.35],[0,0],[16.75,-11.272],[11.589,-6.747],[-26.116,-44.93],[-41.436,13.812]],"o":[[0,0],[7.859,-17.861],[-7.938,-32.149],[-24.528,-22.226],[-17.304,2.064],[-64.059,32.387],[0,0],[0,0],[18.575,-11.669],[-6.906,4.683],[-44.929,26.116],[22.782,39.213],[5.874,-1.984]],"v":[[264.137,29.966],[194.599,-14.089],[195.869,-71.639],[147.606,-156.815],[56.478,-188.248],[7.104,-171.818],[-220.318,-27.901],[-164.911,-35.839],[-120.617,-64.258],[-104.424,-52.985],[-204.046,7.661],[-238.021,136.257],[-127.047,178.247]],"c":true}]}],"ix":2},"nm":"Path 1","mn":"ADBE Vector Shape - Group","hd":false},{"ty":"fl","c":{"a":0,"k":[0.564999988032,0.642999985639,0.681999954523,1],"ix":4},"o":{"a":0,"k":100,"ix":5},"r":1,"bm":0,"nm":"Fill 1","mn":"ADBE Vector Graphic - Fill","hd":false},{"ty":"tr","p":{"a":0,"k":[264.387,315.348],"ix":2},"a":{"a":0,"k":[0,0],"ix":1},"s":{"a":0,"k":[100,100],"ix":3},"r":{"a":0,"k":0,"ix":6},"o":{"a":0,"k":100,"ix":7},"sk":{"a":0,"k":0,"ix":4},"sa":{"a":0,"k":0,"ix":5},"nm":"Transform"}],"nm":"Group 6","np":2,"cix":2,"bm":0,"ix":6,"mn":"ADBE Vector Group","hd":false},{"ty":"gr","it":[{"ty":"fl","c":{"a":0,"k":[0.328999986836,0.430999995213,0.477999997606,1],"ix":4},"o":{"a":0,"k":100,"ix":5},"r":1,"bm":0,"nm":"Fill 1","mn":"ADBE Vector Graphic - Fill","hd":false},{"ty":"tr","p":{"a":0,"k":[137.617,268.634],"ix":2},"a":{"a":0,"k":[0,0],"ix":1},"s":{"a":0,"k":[100,100],"ix":3},"r":{"a":0,"k":0,"ix":6},"o":{"a":0,"k":100,"ix":7},"sk":{"a":0,"k":0,"ix":4},"sa":{"a":0,"k":0,"ix":5},"nm":"Transform"}],"nm":"Group 7","np":1,"cix":2,"bm":0,"ix":7,"mn":"ADBE Vector Group","hd":false}],"ip":0,"op":86,"st":0,"bm":0},{"ddd":0,"ind":10,"ty":4,"nm":"Layer 6 Outlines","parent":5,"sr":1,"ks":{"o":{"a":0,"k":100,"ix":11},"r":{"a":0,"k":0,"ix":10},"p":{"a":0,"k":[63.977,203.652,0],"ix":2,"l":2},"a":{"a":0,"k":[171.22,302.956,0],"ix":1,"l":2},"s":{"a":0,"k":[100,100,100],"ix":6,"l":2}},"ao":0,"shapes":[{"ty":"gr","it":[{"ind":0,"ty":"sh","ix":1,"ks":{"a":0,"k":{"i":[[0.635,19.527],[-30.085,22.703],[2.62,4.128],[1.587,-0.477],[-14.765,-58.741],[-15.003,-23.179],[-0.158,0.238],[0,0]],"o":[[-1.111,-35.642],[30.085,-22.702],[-6.271,-9.923],[-45.247,25.798],[5.874,23.417],[0.158,-0.159],[0,0],[-42.071,-58.662]],"v":[[-18.734,4.763],[20.797,-88.112],[45.246,-113.116],[20.956,-115.021],[-36.118,26.433],[-6.668,97.399],[-6.113,96.844],[32.228,123.039]],"c":true},"ix":2},"nm":"Path 1","mn":"ADBE Vector Shape - Group","hd":false},{"ty":"gf","o":{"a":0,"k":100,"ix":10},"r":1,"bm":0,"g":{"p":3,"k":{"a":0,"k":[0.002,0.827,0.792,0.765,0.343,0.827,0.792,0.765,0.752,0.827,0.792,0.765,0,1,0.352,0.5,0.704,0],"ix":9}},"s":{"a":0,"k":[-1.98,-65.347],"ix":5},"e":{"a":0,"k":[171.287,-69.307],"ix":6},"t":2,"h":{"a":0,"k":0,"ix":7},"a":{"a":0,"k":0,"ix":8},"nm":"Gradient Fill 1","mn":"ADBE Vector Graphic - G-Fill","hd":false},{"ty":"tr","p":{"a":0,"k":[52.64,150.119],"ix":2},"a":{"a":0,"k":[0,0],"ix":1},"s":{"a":0,"k":[100,100],"ix":3},"r":{"a":0,"k":0,"ix":6},"o":{"a":0,"k":100,"ix":7},"sk":{"a":0,"k":0,"ix":4},"sa":{"a":0,"k":0,"ix":5},"nm":"Transform"}],"nm":"Group 1","np":2,"cix":2,"bm":0,"ix":1,"mn":"ADBE Vector Group","hd":false},{"ty":"gr","it":[{"ind":0,"ty":"sh","ix":1,"ks":{"a":1,"k":[{"i":{"x":0.667,"y":1},"o":{"x":0.333,"y":0},"t":6,"s":[{"i":[[-43.421,-3.811],[-22.782,-3.809],[-10.002,-3.89],[7.383,22.148],[0.238,1.032],[-13.018,19.687],[19.845,57.868],[28.736,11.59],[7.938,-4.684],[-20.956,-47.549]],"o":[[23.02,1.984],[10.637,1.747],[-20.877,-25.005],[-0.397,-1.111],[-2.54,-13.256],[8.732,-12.304],[-13.653,-27.863],[-26.989,16.511],[-44.929,26.115],[17.702,40.325]],"v":[[5.954,113.433],[75.093,117.958],[106.211,126.531],[59.296,76.124],[58.583,72.871],[78.903,29.847],[88.508,-63.9],[22.305,-126.532],[-53.423,-80.649],[-87.398,47.946]],"c":true}]},{"i":{"x":0.833,"y":0.833},"o":{"x":0.333,"y":0},"t":12,"s":[{"i":[[-43.421,-3.811],[-22.782,-3.809],[-10.002,-3.89],[7.383,22.148],[0.238,1.032],[-13.018,19.687],[19.845,57.868],[28.736,11.59],[7.938,-4.684],[-20.956,-47.549]],"o":[[23.02,1.984],[10.637,1.747],[-20.877,-25.005],[-0.397,-1.111],[-2.54,-13.256],[8.732,-12.304],[-13.653,-27.863],[-28.107,15.205],[-44.929,26.115],[17.702,40.325]],"v":[[5.954,113.433],[75.093,117.958],[106.211,126.531],[59.296,76.124],[58.583,72.871],[78.903,29.847],[88.508,-63.9],[30.793,-122.375],[-53.423,-80.649],[-87.398,47.946]],"c":true}]},{"i":{"x":0.667,"y":1},"o":{"x":0.167,"y":0.167},"t":16,"s":[{"i":[[-43.421,-3.811],[-22.782,-3.809],[-10.002,-3.89],[7.383,22.148],[0.238,1.032],[-13.018,19.687],[19.845,57.868],[28.736,11.59],[7.938,-4.684],[-20.956,-47.549]],"o":[[23.02,1.984],[10.637,1.747],[-20.877,-25.005],[-0.397,-1.111],[-2.54,-13.256],[8.732,-12.304],[-13.653,-27.863],[-41.613,15.177],[-44.929,26.115],[17.702,40.325]],"v":[[5.954,113.433],[75.093,117.958],[106.211,126.531],[59.296,76.125],[58.583,72.871],[78.903,29.847],[88.508,-63.9],[32.627,-121.184],[-48.157,-85.824],[-87.398,47.946]],"c":true}]},{"t":28,"s":[{"i":[[-43.421,-3.811],[-22.782,-3.809],[-10.002,-3.89],[7.383,22.148],[0.238,1.032],[-13.018,19.687],[19.845,57.868],[28.736,11.59],[7.938,-4.684],[-20.956,-47.549]],"o":[[23.02,1.984],[10.637,1.747],[-20.877,-25.005],[-0.397,-1.111],[-2.54,-13.256],[8.732,-12.304],[-13.653,-27.863],[-28.106,15.205],[-44.929,26.115],[17.702,40.325]],"v":[[5.954,113.433],[75.093,117.958],[106.211,126.531],[59.296,76.124],[58.583,72.871],[78.903,29.847],[88.508,-63.9],[29.742,-124.365],[-53.423,-80.649],[-87.398,47.946]],"c":true}]}],"ix":2},"nm":"Path 1","mn":"ADBE Vector Shape - Group","hd":false},{"ty":"fl","c":{"a":0,"k":[0.275,0.419999994016,0.490000017952,1],"ix":4},"o":{"a":0,"k":100,"ix":5},"r":1,"bm":0,"nm":"Fill 1","mn":"ADBE Vector Graphic - Fill","hd":false},{"ty":"tr","p":{"a":0,"k":[153.374,151.151],"ix":2},"a":{"a":0,"k":[0,0],"ix":1},"s":{"a":0,"k":[100,100],"ix":3},"r":{"a":0,"k":0,"ix":6},"o":{"a":0,"k":100,"ix":7},"sk":{"a":0,"k":0,"ix":4},"sa":{"a":0,"k":0,"ix":5},"nm":"Transform"}],"nm":"Group 2","np":2,"cix":2,"bm":0,"ix":2,"mn":"ADBE Vector Group","hd":false},{"ty":"gr","it":[{"ind":0,"ty":"sh","ix":1,"ks":{"a":0,"k":{"i":[[0,0],[0,0],[-15.082,-23.893],[0,0]],"o":[[0,0],[0,0],[20.718,32.784],[0,0]],"v":[[103.988,214.921],[13.176,39.015],[93.906,82.595],[127.166,205.475]],"c":true},"ix":2},"nm":"Path 1","mn":"ADBE Vector Shape - Group","hd":false},{"ind":1,"ty":"sh","ix":2,"ks":{"a":0,"k":{"i":[[1.508,4.842],[24.608,37.944],[8.573,25.64],[0.238,1.032],[-13.018,19.686],[19.845,57.868],[70.331,-27.942],[-16.193,-64.616],[-15.796,-23.735],[-24.608,-39.055],[-39.928,14.13]],"o":[[-32.228,-100.733],[-24.608,-37.864],[-0.397,-1.111],[-2.54,-13.256],[8.732,-12.304],[-35.66,-47.938],[-53.581,21.274],[6.033,24.051],[25.164,37.864],[4.683,7.462],[33.657,-11.748]],"v":[[159.156,216.27],[105.02,18.614],[48.262,-45.127],[47.548,-48.382],[67.869,-91.406],[77.475,-185.153],[-76.92,-244.132],[-147.964,-95.851],[-117.244,-22.9],[75.49,251.595],[130.501,257.945]],"c":true},"ix":2},"nm":"Path 2","mn":"ADBE Vector Shape - Group","hd":false},{"ty":"fl","c":{"a":0,"k":[0.455000005984,0.592000026329,0.647000002394,1],"ix":4},"o":{"a":0,"k":100,"ix":5},"r":1,"bm":0,"nm":"Fill 1","mn":"ADBE Vector Graphic - Fill","hd":false},{"ty":"tr","p":{"a":0,"k":[164.408,272.324],"ix":2},"a":{"a":0,"k":[0,0],"ix":1},"s":{"a":0,"k":[100,100],"ix":3},"r":{"a":0,"k":0,"ix":6},"o":{"a":0,"k":100,"ix":7},"sk":{"a":0,"k":0,"ix":4},"sa":{"a":0,"k":0,"ix":5},"nm":"Transform"}],"nm":"Group 3","np":3,"cix":2,"bm":0,"ix":3,"mn":"ADBE Vector Group","hd":false},{"ty":"gr","it":[{"ind":0,"ty":"sh","ix":1,"ks":{"a":0,"k":{"i":[[0,0],[-17.385,-18.893],[0,0],[-0.397,-1.111]],"o":[[0,0],[0,0],[0,0],[0.397,1.112]],"v":[[-7.62,24.012],[29.292,31.315],[9.288,-18.773],[-28.895,-30.205]],"c":true},"ix":2},"nm":"Path 1","mn":"ADBE Vector Shape - Group","hd":false},{"ty":"fl","c":{"a":0,"k":[0.187999994615,0.305999995213,0.368999974868,1],"ix":4},"o":{"a":0,"k":100,"ix":5},"r":1,"bm":0,"nm":"Fill 1","mn":"ADBE Vector Graphic - Fill","hd":false},{"ty":"tr","p":{"a":0,"k":[225.292,336.622],"ix":2},"a":{"a":0,"k":[0,0],"ix":1},"s":{"a":0,"k":[100,100],"ix":3},"r":{"a":0,"k":0,"ix":6},"o":{"a":0,"k":100,"ix":7},"sk":{"a":0,"k":0,"ix":4},"sa":{"a":0,"k":0,"ix":5},"nm":"Transform"}],"nm":"Group 4","np":2,"cix":2,"bm":0,"ix":4,"mn":"ADBE Vector Group","hd":false},{"ty":"gr","it":[{"ind":0,"ty":"sh","ix":1,"ks":{"a":0,"k":{"i":[[0,0],[0,0],[0,0],[0,0]],"o":[[0,0],[0,0],[0,0],[0,0]],"v":[[-101.933,-219.118],[-72.327,-230.59],[101.932,219.118],[72.326,230.59]],"c":true},"ix":2},"nm":"Path 1","mn":"ADBE Vector Shape - Group","hd":false},{"ty":"fl","c":{"a":0,"k":[0.226999993418,0.435000011968,0.541000007181,1],"ix":4},"o":{"a":0,"k":100,"ix":5},"r":1,"bm":0,"nm":"Fill 1","mn":"ADBE Vector Graphic - Fill","hd":false},{"ty":"tr","p":{"a":0,"k":[240.257,375.073],"ix":2},"a":{"a":0,"k":[0,0],"ix":1},"s":{"a":0,"k":[100,100],"ix":3},"r":{"a":0,"k":0,"ix":6},"o":{"a":0,"k":100,"ix":7},"sk":{"a":0,"k":0,"ix":4},"sa":{"a":0,"k":0,"ix":5},"nm":"Transform"}],"nm":"Group 5","np":2,"cix":2,"bm":0,"ix":5,"mn":"ADBE Vector Group","hd":false}],"ip":0,"op":86,"st":0,"bm":0},{"ddd":0,"ind":11,"ty":4,"nm":"Shape Layer 1","parent":9,"sr":1,"ks":{"o":{"a":0,"k":100,"ix":11},"r":{"a":0,"k":-4.165,"ix":10},"p":{"a":0,"k":[290.706,508.441,0],"ix":2,"l":2},"a":{"a":0,"k":[0,0,0],"ix":1,"l":2},"s":{"a":0,"k":[100,100,100],"ix":6,"l":2}},"ao":0,"shapes":[{"ty":"gr","it":[{"ind":0,"ty":"sh","ix":1,"ks":{"a":0,"k":{"i":[[0,0],[0,0],[0,0],[-0.5,2.5]],"o":[[0,0],[0,0],[0,0],[0.5,-2.5]],"v":[[-92.5,-297.5],[-207.5,-233],[-183.5,-197.5],[-68.5,-266.5]],"c":true},"ix":2},"nm":"Path 1","mn":"ADBE Vector Shape - Group","hd":false},{"ty":"fl","c":{"a":0,"k":[0.274509803922,0.419607873056,0.490196108351,1],"ix":4},"o":{"a":0,"k":100,"ix":5},"r":1,"bm":0,"nm":"Fill 1","mn":"ADBE Vector Graphic - Fill","hd":false},{"ty":"tr","p":{"a":0,"k":[0,0],"ix":2},"a":{"a":0,"k":[0,0],"ix":1},"s":{"a":0,"k":[100,100],"ix":3},"r":{"a":0,"k":0,"ix":6},"o":{"a":0,"k":100,"ix":7},"sk":{"a":0,"k":0,"ix":4},"sa":{"a":0,"k":0,"ix":5},"nm":"Transform"}],"nm":"Shape 1","np":3,"cix":2,"bm":0,"ix":1,"mn":"ADBE Vector Group","hd":false}],"ip":0,"op":86,"st":0,"bm":0}]}],"layers":[{"ddd":0,"ind":1,"ty":0,"nm":"Mechanical leg","refId":"comp_0","sr":1,"ks":{"o":{"a":0,"k":100,"ix":11},"r":{"a":0,"k":0,"ix":10},"p":{"a":1,"k":[{"i":{"x":0.667,"y":1},"o":{"x":0.333,"y":0},"t":0,"s":[512,512,0],"to":[1,0,0],"ti":[0,0,0]},{"i":{"x":0.667,"y":1},"o":{"x":0.333,"y":0},"t":30,"s":[518,512,0],"to":[0,0,0],"ti":[1,0,0]},{"t":48,"s":[512,512,0]}],"ix":2,"l":2},"a":{"a":0,"k":[512,512,0],"ix":1,"l":2},"s":{"a":0,"k":[101,101,100],"ix":6,"l":2}},"ao":0,"w":1024,"h":1024,"ip":0,"op":86,"st":0,"bm":0}],"markers":[{"tm":70,"cm":"rest","dr":0}]}