{"v":"5.8.1","fr":60,"ip":0,"op":108,"w":1024,"h":1024,"nm":"emoji_shamrock","ddd":0,"assets":[],"layers":[{"ddd":0,"ind":1,"ty":3,"nm":"Null ALL","sr":1,"ks":{"o":{"a":0,"k":0,"ix":11},"r":{"a":0,"k":0,"ix":10},"p":{"a":1,"k":[{"i":{"x":0.667,"y":1},"o":{"x":0.333,"y":0},"t":7,"s":[512,512,0],"to":[0,0,0],"ti":[0,0,0]},{"i":{"x":0.667,"y":1},"o":{"x":0.333,"y":0},"t":24,"s":[524,512,0],"to":[0,0,0],"ti":[0,0,0]},{"i":{"x":0.667,"y":1},"o":{"x":0.333,"y":0},"t":43,"s":[484,512,0],"to":[0,0,0],"ti":[0,0,0]},{"i":{"x":0.667,"y":1},"o":{"x":0.333,"y":0},"t":70,"s":[517.33,508,0],"to":[0,0,0],"ti":[0,0,0]},{"t":102,"s":[512,512,0]}],"ix":2,"l":2},"a":{"a":0,"k":[0,0,0],"ix":1,"l":2},"s":{"a":0,"k":[100,100,100],"ix":6,"l":2}},"ao":0,"ip":0,"op":108,"st":0,"bm":0},{"ddd":0,"ind":2,"ty":3,"nm":"Null Rotation","parent":1,"sr":1,"ks":{"o":{"a":0,"k":0,"ix":11},"r":{"a":1,"k":[{"i":{"x":[0.667],"y":[1]},"o":{"x":[0.333],"y":[0]},"t":11,"s":[0]},{"i":{"x":[0.524],"y":[1]},"o":{"x":[0.643],"y":[0]},"t":23,"s":[-4]},{"i":{"x":[0.523],"y":[1]},"o":{"x":[0.234],"y":[0]},"t":65,"s":[280]},{"t":100,"s":[270]}],"ix":10},"p":{"a":1,"k":[{"i":{"x":0.667,"y":0.667},"o":{"x":0.167,"y":0.167},"t":1,"s":[-6.8,-103.68,0],"to":[0,0,0],"ti":[0,0,0]},{"i":{"x":0.833,"y":0.833},"o":{"x":0.333,"y":0},"t":31,"s":[-6.8,-103.68,0],"to":[0,0,0],"ti":[0,0,0]},{"i":{"x":0.667,"y":1},"o":{"x":0.167,"y":0.167},"t":48,"s":[21.2,-75.68,0],"to":[0,0,0],"ti":[0,0,0]},{"t":78,"s":[-6.8,-103.68,0]}],"ix":2,"l":2},"a":{"a":0,"k":[0,0,0],"ix":1,"l":2},"s":{"a":0,"k":[100,100,100],"ix":6,"l":2}},"ao":0,"ip":0,"op":108,"st":0,"bm":0},{"ddd":0,"ind":3,"ty":4,"nm":"petals 2","parent":2,"sr":1,"ks":{"o":{"a":0,"k":100,"ix":11},"r":{"a":0,"k":-270,"ix":10},"p":{"a":0,"k":[0,0,0],"ix":2,"l":2},"a":{"a":0,"k":[420.17,386.81,0],"ix":1,"l":2},"s":{"a":0,"k":[100,100,100],"ix":6,"l":2}},"ao":0,"shapes":[{"ty":"gr","it":[{"ind":0,"ty":"sh","ix":1,"ks":{"a":1,"k":[{"i":{"x":0.667,"y":1},"o":{"x":0.333,"y":0},"t":49,"s":[{"i":[[29.12,-21.04],[0,0],[5.04,-13.52],[0,0],[4,-15.04],[0,0],[1.6,-20.48],[-30.08,-0.48],[-1.04,14.56],[0,0],[-0.4,13.6],[0,0],[-16.08,8.56],[0,0],[-16.56,2.96],[2.08,26.56],[12.56,0.32],[0,0]],"o":[[-20.8,15.04],[0,0],[-5.04,13.52],[0,0],[-4,15.04],[0,0],[-1.04,12.56],[30.08,0.48],[1.04,-14.56],[0,0],[0.48,-18.08],[0,0],[22.56,-12],[0,0],[12.72,-2.32],[-2.08,-26.56],[-16.56,-0.48],[0,0]],"v":[[-19.72,-69.92],[-30.76,-25.84],[-54.84,-16.32],[-47.32,3.76],[-69.88,14.32],[-60.36,35.84],[-81.4,58.88],[-41.32,90.48],[3.8,73.92],[-11.24,52.4],[2.28,36.32],[-13.8,11.76],[22.76,13.28],[34.76,-23.28],[58.84,-5.2],[80.36,-48.8],[53.8,-83.36],[31.24,-60.8]],"c":true}]},{"i":{"x":0.667,"y":1},"o":{"x":0.333,"y":0},"t":62,"s":[{"i":[[31.324,-17.592],[0,0],[6.55,-12.857],[0,0],[5.69,-14.485],[0,0],[3.926,-20.164],[-29.829,-3.909],[-2.694,14.346],[0,0],[-1.949,13.466],[0,0],[-16.954,6.664],[0,0],[-16.79,1.051],[-0.964,26.624],[12.441,1.751],[0,0]],"o":[[-22.38,12.569],[0,0],[-6.55,12.857],[0,0],[-5.69,14.485],[0,0],[-2.466,12.359],[29.829,3.909],[2.694,-14.346],[0,0],[2.54,-17.907],[0,0],[23.782,-9.348],[0,0],[12.902,-0.854],[0.964,-26.624],[-16.397,-2.366],[0,0]],"v":[[3.862,-84.531],[-12.135,-41.999],[-37.143,-35.288],[-31.964,-14.481],[-55.581,-6.564],[-48.578,15.902],[-72.11,36.391],[-35.897,72.357],[10.818,61.053],[-1.668,37.958],[13.598,23.525],[0.425,-2.709],[36.573,2.972],[52.666,-31.98],[74.526,-11.271],[100.879,-52.131],[78.436,-89.495],[53.449,-69.657]],"c":true}]},{"i":{"x":0.667,"y":1},"o":{"x":0.333,"y":0},"t":81,"s":[{"i":[[29.112,-21.051],[0,0],[5.04,-13.52],[0,0],[4,-15.04],[0,0],[1.6,-20.48],[-30.08,-0.48],[-1.04,14.56],[0,0],[-0.4,13.6],[0,0],[-16.083,8.555],[0,0],[-16.56,2.96],[2.08,26.56],[12.56,0.32],[0,0]],"o":[[-20.8,15.04],[0,0],[-5.04,13.52],[0,0],[-4,15.04],[0,0],[-1.04,12.56],[30.08,0.48],[1.04,-14.56],[0,0],[0.48,-18.08],[0,0],[22.56,-12],[0,0],[12.72,-2.32],[-2.08,-26.56],[-16.56,-0.48],[0,0]],"v":[[-19.72,-69.92],[-30.76,-25.84],[-54.84,-16.32],[-47.32,3.76],[-69.88,14.32],[-60.36,35.84],[-81.4,58.88],[-41.32,90.48],[3.8,73.92],[-11.24,52.4],[2.28,36.32],[-13.8,11.76],[22.76,13.28],[34.76,-23.28],[58.84,-5.2],[80.36,-48.8],[53.8,-83.36],[31.24,-60.8]],"c":true}]},{"t":100,"s":[{"i":[[29.12,-21.04],[0,0],[5.04,-13.52],[0,0],[4,-15.04],[0,0],[1.6,-20.48],[-30.08,-0.48],[-1.04,14.56],[0,0],[-0.4,13.6],[0,0],[-16.08,8.56],[0,0],[-16.56,2.96],[2.08,26.56],[12.56,0.32],[0,0]],"o":[[-20.8,15.04],[0,0],[-5.04,13.52],[0,0],[-4,15.04],[0,0],[-1.04,12.56],[30.08,0.48],[1.04,-14.56],[0,0],[0.48,-18.08],[0,0],[22.56,-12],[0,0],[12.72,-2.32],[-2.08,-26.56],[-16.56,-0.48],[0,0]],"v":[[-19.72,-69.92],[-30.76,-25.84],[-54.84,-16.32],[-47.32,3.76],[-69.88,14.32],[-60.36,35.84],[-81.4,58.88],[-41.32,90.48],[3.8,73.92],[-11.24,52.4],[2.28,36.32],[-13.8,11.76],[22.76,13.28],[34.76,-23.28],[58.84,-5.2],[80.36,-48.8],[53.8,-83.36],[31.24,-60.8]],"c":true}]}],"ix":2},"nm":"Path 1","mn":"ADBE Vector Shape - Group","hd":false},{"ty":"fl","c":{"a":0,"k":[0.741000007181,0.808000033509,0.275,1],"ix":4},"o":{"a":0,"k":100,"ix":5},"r":1,"bm":0,"nm":"Fill 1","mn":"ADBE Vector Graphic - Fill","hd":false},{"ty":"tr","p":{"a":0,"k":[300.45,258.01],"ix":2},"a":{"a":0,"k":[0,0],"ix":1},"s":{"a":0,"k":[100,100],"ix":3},"r":{"a":0,"k":0,"ix":6},"o":{"a":0,"k":100,"ix":7},"sk":{"a":0,"k":0,"ix":4},"sa":{"a":0,"k":0,"ix":5},"nm":"Transform"}],"nm":"Group 1","np":2,"cix":2,"bm":0,"ix":1,"mn":"ADBE Vector Group","hd":false},{"ty":"gr","it":[{"ind":0,"ty":"sh","ix":1,"ks":{"a":1,"k":[{"i":{"x":0.667,"y":1},"o":{"x":0.333,"y":0},"t":49,"s":[{"i":[[0,0],[6.938,20.528],[13.728,-2.935],[-3.201,-19.345],[0,0],[-6.319,-16.655],[0,0],[-17.905,-19.828],[0,0],[-17.752,-4.022],[-6.976,20.906],[17.57,12.687]],"o":[[0,0],[-8.542,-25.152],[-13.728,2.935],[2.377,14.37],[0,0],[9.493,25.021],[0,0],[17.905,19.828],[0,0],[16.747,3.756],[6.693,-20.057],[-25.391,-18.478]],"v":[[26.054,-5.416],[27.763,-37.063],[-31.209,-61.344],[-58.274,-33.805],[-42.895,-17.668],[-49.318,9.055],[0.854,20.413],[-4.009,66.141],[39.871,65.202],[52.445,93.837],[87.793,63.707],[74.07,0.83]],"c":true}]},{"i":{"x":0.667,"y":1},"o":{"x":0.333,"y":0},"t":69,"s":[{"i":[[0,0],[1.625,21.608],[14.027,0.564],[1.701,-19.534],[0,0],[-1.987,-17.703],[0,0],[-12.423,-23.652],[0,0],[-16.199,-8.302],[-11.947,18.52],[13.871,16.651]],"o":[[0,0],[-2.032,-26.485],[-14.027,-0.564],[-1.264,14.511],[0,0],[2.985,26.594],[0,0],[12.423,23.652],[0,0],[15.29,7.795],[11.462,-17.768],[-20.009,-24.202]],"v":[[-2.268,-37.263],[7.243,-67.495],[-43.857,-105.655],[-76.91,-85.695],[-66.018,-66.246],[-78.873,-41.954],[-33.09,-18.497],[-49.151,24.593],[-6.411,34.574],[-1.339,65.434],[40.383,45.021],[42.696,-19.295]],"c":true}]},{"t":105,"s":[{"i":[[0,0],[4.08,21.281],[14,-1.039],[-0.56,-19.6],[0,0],[-4,-17.359],[0,0],[-15.04,-22.08],[0,0],[-17.04,-6.4],[-9.76,19.76],[15.68,14.96]],"o":[[0,0],[-5.04,-26.08],[-14,1.04],[0.4,14.56],[0,0],[6,26.08],[0,0],[15.04,22.08],[0,0],[16.08,6],[9.36,-18.96],[-22.64,-21.761]],"v":[[9.12,-21.841],[15.12,-52.961],[-40,-85.041],[-70.56,-61.441],[-57.52,-43.361],[-67.52,-17.761],[-19.36,0.319],[-30.4,44.96],[13.2,50],[21.76,80.08],[60.88,55.04],[55.84,-9.12]],"c":true}]}],"ix":2},"nm":"Path 1","mn":"ADBE Vector Shape - Group","hd":false},{"ty":"fl","c":{"a":0,"k":[0.741000007181,0.808000033509,0.275,1],"ix":4},"o":{"a":0,"k":100,"ix":5},"r":1,"bm":0,"nm":"Fill 1","mn":"ADBE Vector Graphic - Fill","hd":false},{"ty":"tr","p":{"a":0,"k":[282.01,515.851],"ix":2},"a":{"a":0,"k":[0,0],"ix":1},"s":{"a":0,"k":[100,100],"ix":3},"r":{"a":0,"k":0,"ix":6},"o":{"a":0,"k":100,"ix":7},"sk":{"a":0,"k":0,"ix":4},"sa":{"a":0,"k":0,"ix":5},"nm":"Transform"}],"nm":"Group 2","np":2,"cix":2,"bm":0,"ix":2,"mn":"ADBE Vector Group","hd":false},{"ty":"gr","it":[{"ind":0,"ty":"sh","ix":1,"ks":{"a":1,"k":[{"i":{"x":0.833,"y":0.833},"o":{"x":0.333,"y":0},"t":49,"s":[{"i":[[15.254,-29.486],[0,0],[4.809,-7.417],[0,0],[17.402,-9.168],[0,0],[20.05,-7.272],[-0.764,-19.805],[-21.388,1.114],[0,0],[-22.639,14.896],[0,0],[-8.336,6.047],[0,0],[-8.38,17.588],[0,0],[-0.751,17.338]],"o":[[-5.581,10.703],[0,0],[-4.809,7.417],[0,0],[-15.496,8.217],[0,0],[-13.841,4.971],[0.764,19.807],[21.388,-1.114],[0,0],[18.898,-12.435],[0,0],[8.336,-6.047],[0,0],[8.379,-17.587],[0,0],[0.824,-19.024]],"v":[[7.391,-50.732],[14.102,-24.219],[-2.128,-17.717],[-3.777,1.436],[-39.597,-4.106],[-52.131,27.931],[-84.299,16.348],[-101.879,65.217],[-70.564,106.075],[-45.606,62.897],[2.138,81.616],[11.053,45.935],[28.358,45.152],[31.506,26.848],[64.413,24.16],[54.709,-5.265],[67.861,-19.374]],"c":true}]},{"i":{"x":0.667,"y":1},"o":{"x":0.167,"y":0.167},"t":65,"s":[{"i":[[10.251,-31.575],[0,0],[3.537,-8.101],[0,0],[15.678,-11.878],[0,0],[18.599,-10.438],[-3.978,-19.417],[-20.921,4.58],[0,0],[-19.912,18.383],[0,0],[-7.24,7.323],[0,0],[-5.405,18.717],[0,0],[2.081,17.229]],"o":[[-3.764,11.468],[0,0],[-3.537,8.101],[0,0],[-13.951,10.63],[0,0],[-12.847,7.158],[3.978,19.418],[20.921,-4.58],[0,0],[16.622,-15.345],[0,0],[7.24,-7.323],[0,0],[5.405,-18.717],[0,0],[-2.283,-18.904]],"v":[[12.369,-72.369],[23.305,-47.301],[8.35,-38.245],[9.84,-19.079],[-26.404,-18.717],[-33.556,14.934],[-67.18,8.741],[-76.572,59.82],[-39.024,95.035],[-21.427,48.371],[28.727,59.069],[31.715,22.414],[48.663,18.824],[48.789,0.252],[80.82,-7.756],[66.456,-35.209],[77.136,-51.271]],"c":true}]},{"i":{"x":0.667,"y":1},"o":{"x":0.333,"y":0},"t":74,"s":[{"i":[[12.778,-30.639],[0,0],[4.183,-7.787],[0,0],[16.589,-10.567],[0,0],[19.384,-8.895],[-2.39,-19.675],[-21.224,2.868],[0,0],[-21.338,16.707],[0,0],[-7.81,6.711],[0,0],[-6.905,18.217],[0,0],[0.677,17.34]],"o":[[-4.682,11.125],[0,0],[-4.183,7.787],[0,0],[-14.768,9.463],[0,0],[-13.385,6.092],[2.39,19.677],[21.224,-2.868],[0,0],[17.812,-13.946],[0,0],[7.81,-6.711],[0,0],[6.905,-18.216],[0,0],[-0.742,-19.027]],"v":[[9.184,-61.393],[18.052,-35.522],[2.411,-27.708],[2.342,-8.484],[-33.811,-11.063],[-43.67,21.896],[-76.68,12.996],[-90.184,63.144],[-55.617,101.289],[-34.293,56.206],[14.828,70.937],[20.779,34.645],[37.962,32.442],[39.594,13.942],[72.169,8.558],[60.079,-19.97],[72.027,-35.111]],"c":true}]},{"t":105,"s":[{"i":[[11.12,-31.28],[0,0],[3.76,-8],[0,0],[16,-11.44],[0,0],[18.88,-9.92],[-3.44,-19.519],[-21.04,4],[0,0],[-20.4,17.84],[0,0],[-7.44,7.12],[0,0],[-5.92,18.561],[0,0],[1.6,17.28]],"o":[[-4.08,11.36],[0,0],[-3.76,8],[0,0],[-14.24,10.24],[0,0],[-13.04,6.8],[3.44,19.521],[21.04,-4],[0,0],[17.04,-14.88],[0,0],[7.44,-7.12],[0,0],[5.92,-18.56],[0,0],[-1.76,-18.96]],"v":[[11.72,-69.32],[21.96,-43.96],[6.76,-35.32],[7.72,-16.12],[-28.52,-16.76],[-36.6,16.68],[-70.04,9.56],[-80.84,60.36],[-44.28,96.6],[-25.4,50.44],[24.44,62.52],[28.44,25.961],[45.48,22.841],[46.12,4.28],[78.36,-2.84],[64.76,-30.68],[75.88,-46.44]],"c":true}]}],"ix":2},"nm":"Path 1","mn":"ADBE Vector Shape - Group","hd":false},{"ty":"fl","c":{"a":0,"k":[0.741000007181,0.808000033509,0.275,1],"ix":4},"o":{"a":0,"k":100,"ix":5},"r":1,"bm":0,"nm":"Fill 1","mn":"ADBE Vector Graphic - Fill","hd":false},{"ty":"tr","p":{"a":0,"k":[576.61,495.09],"ix":2},"a":{"a":0,"k":[0,0],"ix":1},"s":{"a":0,"k":[100,100],"ix":3},"r":{"a":0,"k":0,"ix":6},"o":{"a":0,"k":100,"ix":7},"sk":{"a":0,"k":0,"ix":4},"sa":{"a":0,"k":0,"ix":5},"nm":"Transform"}],"nm":"Group 3","np":2,"cix":2,"bm":0,"ix":3,"mn":"ADBE Vector Group","hd":false},{"ty":"gr","it":[{"ind":0,"ty":"sh","ix":1,"ks":{"a":1,"k":[{"i":{"x":0.667,"y":1},"o":{"x":0.333,"y":0},"t":49,"s":[{"i":[[0,0],[22.72,14.8],[0,0],[22.48,0.24],[0.72,-26.8],[-13.04,-2.72],[0,0],[-12.48,-8.72],[0,0],[-9.68,-10.48],[0,0],[-10.48,-14],[-15.04,4.08],[3.6,24.08],[0,0],[11.76,14.48]],"o":[[0,0],[-26.32,-17.12],[0,0],[-16.08,-0.16],[-0.8,26.8],[18.16,3.84],[0,0],[12.48,8.72],[0,0],[7.92,8.48],[0,0],[10.48,14.08],[15.04,-4.08],[-3.6,-24.08],[0,0],[-13.76,-17.12]],"v":[[16.6,-23.12],[12.52,-69.6],[-33.48,-59.12],[-59,-81.84],[-84.76,-39.68],[-66.36,0.16],[-41.56,-11.84],[-29.32,9.36],[-3.8,7.28],[-5.32,34.64],[16.36,37.44],[3.56,72.4],[51.32,82.64],[81.96,39.44],[40.04,20.4],[49,-19.2]],"c":true}]},{"i":{"x":0.833,"y":0.833},"o":{"x":0.333,"y":0},"t":78,"s":[{"i":[[0,0],[20.895,17.281],[0,0],[22.308,2.787],[3.773,-26.543],[-12.645,-4.19],[0,0],[-11.404,-10.087],[0,0],[-8.421,-11.516],[0,0],[-8.814,-15.104],[-15.407,2.337],[0.829,24.334],[0,0],[10.031,15.727]],"o":[[0,0],[-24.195,-20.011],[0,0],[-15.957,-1.993],[-3.852,26.534],[17.603,5.887],[0,0],[11.404,10.087],[0,0],[6.901,9.328],[0,0],[8.805,15.184],[15.407,-2.337],[-0.829,-24.334],[0,0],[-11.717,-18.578]],"v":[[33.662,-4.113],[34.911,-50.755],[-11.984,-45.592],[-34.745,-71.075],[-65.147,-32.129],[-51.413,9.55],[-25.406,0.458],[-15.664,22.916],[9.927,23.761],[5.295,50.769],[26.514,56.024],[9.809,89.295],[56.089,104.917],[91.457,65.495],[51.983,41.797],[65.403,3.478]],"c":true}]},{"i":{"x":0.667,"y":1},"o":{"x":0.167,"y":0.167},"t":91,"s":[{"i":[[0,0],[21.561,16.441],[0,0],[22.4,1.902],[2.72,-26.671],[-12.8,-3.686],[0,0],[-11.794,-9.628],[0,0],[-8.87,-11.173],[0,0],[-9.405,-14.743],[-15.302,2.945],[1.791,24.281],[0,0],[10.645,15.318]],"o":[[0,0],[-24.967,-19.038],[0,0],[-16.023,-1.361],[-2.8,26.665],[17.822,5.186],[0,0],[11.794,9.628],[0,0],[7.264,9.048],[0,0],[9.399,14.823],[15.302,-2.945],[-1.791,-24.281],[0,0],[-12.442,-18.1]],"v":[[26.634,-12.155],[26.037,-58.809],[-20.616,-51.794],[-44.367,-76.357],[-73.203,-36.24],[-57.831,4.862],[-32.205,-5.251],[-21.583,16.803],[4.02,16.635],[0.461,43.805],[21.87,48.216],[6.495,82.121],[53.355,95.9],[87.136,55.111],[46.756,32.993],[58.649,-5.826]],"c":true}]},{"t":107,"s":[{"i":[[0,0],[22.72,14.8],[0,0],[22.48,0.24],[0.72,-26.8],[-13.04,-2.72],[0,0],[-12.48,-8.72],[0,0],[-9.68,-10.48],[0,0],[-10.48,-14],[-15.04,4.08],[3.6,24.08],[0,0],[11.76,14.48]],"o":[[0,0],[-26.32,-17.12],[0,0],[-16.08,-0.16],[-0.8,26.8],[18.16,3.84],[0,0],[12.48,8.72],[0,0],[7.92,8.48],[0,0],[10.48,14.08],[15.04,-4.08],[-3.6,-24.08],[0,0],[-13.76,-17.12]],"v":[[16.6,-23.12],[12.52,-69.6],[-33.48,-59.12],[-59,-81.84],[-84.76,-39.68],[-66.36,0.16],[-41.56,-11.84],[-29.32,9.36],[-3.8,7.28],[-5.32,34.64],[16.36,37.44],[3.56,72.4],[51.32,82.64],[81.96,39.44],[40.04,20.4],[49,-19.2]],"c":true}]}],"ix":2},"nm":"Path 1","mn":"ADBE Vector Shape - Group","hd":false},{"ty":"fl","c":{"a":0,"k":[0.741000007181,0.808000033509,0.275,1],"ix":4},"o":{"a":0,"k":100,"ix":5},"r":1,"bm":0,"nm":"Fill 1","mn":"ADBE Vector Graphic - Fill","hd":false},{"ty":"tr","p":{"a":0,"k":[561.09,251.37],"ix":2},"a":{"a":0,"k":[0,0],"ix":1},"s":{"a":0,"k":[100,100],"ix":3},"r":{"a":0,"k":0,"ix":6},"o":{"a":0,"k":100,"ix":7},"sk":{"a":0,"k":0,"ix":4},"sa":{"a":0,"k":0,"ix":5},"nm":"Transform"}],"nm":"Group 4","np":2,"cix":2,"bm":0,"ix":4,"mn":"ADBE Vector Group","hd":false},{"ty":"gr","it":[{"ind":0,"ty":"sh","ix":1,"ks":{"a":1,"k":[{"i":{"x":0.667,"y":1},"o":{"x":0.333,"y":0},"t":49,"s":[{"i":[[13.197,0],[2.463,-68.492],[43.296,-53.102],[43.621,45.185],[10.86,12.078],[39.856,45.645],[-5.003,8.843],[-70.195,21.592],[-1.84,25.68],[-36.516,-43.522]],"o":[[-27.28,0],[-2.463,68.492],[-31.386,38.495],[-41.83,-43.33],[-13.248,-14.734],[-34.88,-39.945],[4.82,-8.414],[70.195,-21.592],[0.95,-13.257],[34.527,41.152]],"v":[[9.52,59.04],[-13.883,208.987],[-7.017,386.698],[-130.739,364.564],[-215.16,236.606],[-331.486,200.687],[-353.204,120.173],[-254.806,48.76],[-48.72,-2.96],[35.036,-21.758]],"c":true}]},{"i":{"x":0.667,"y":1},"o":{"x":0.333,"y":0},"t":69,"s":[{"i":[[13.197,0],[19.387,-65.737],[68.139,-7.171],[-0.949,35.079],[7.522,14.395],[27.279,54.109],[-7.042,7.324],[-73.358,3.493],[-1.84,25.68],[-36.516,-43.522]],"o":[[-27.28,0],[-19.387,65.737],[-49.396,5.198],[0.992,-36.686],[-9.176,-17.562],[-23.873,-47.353],[6.758,-6.954],[73.358,-3.493],[0.95,-13.257],[34.527,41.151]],"v":[[9.52,59.04],[-67.241,199.074],[-194.55,346.31],[-281.971,260.496],[-278.86,173.805],[-372.845,112.2],[-373.898,28.815],[-260.854,-15.94],[-48.72,-2.96],[35.036,-21.758]],"c":true}]},{"t":105,"s":[{"i":[[13.197,0],[11.76,-67.52],[66.88,-14.88],[3.04,34.96],[9.12,13.44],[33.28,50.64],[-6.16,8.08],[-72.48,11.84],[-1.84,25.68],[-36.516,-43.522]],"o":[[-27.28,0],[-11.76,67.52],[-48.48,10.8],[-3.2,-36.56],[-11.12,-16.4],[-29.12,-44.32],[5.92,-7.68],[72.48,-11.84],[0.95,-13.257],[34.527,41.151]],"v":[[9.52,59.04],[-43.76,205.28],[-153.44,366.08],[-250.08,290.8],[-256.88,204.32],[-357.28,153.84],[-367.84,71.12],[-260.64,13.76],[-48.72,-2.96],[35.036,-21.758]],"c":true}]}],"ix":2},"nm":"Path 1","mn":"ADBE Vector Shape - Group","hd":false},{"ind":1,"ty":"sh","ix":2,"ks":{"a":1,"k":[{"i":{"x":0.667,"y":1},"o":{"x":0.333,"y":0},"t":49,"s":[{"i":[[-21.68,1.52],[38.919,-45.065],[-0.944,13.177],[36.206,-8.541],[40.34,-10.717],[10.516,18.296],[-52.315,90.323],[-12.4,8.64],[-36.64,53.52],[-6,-2.48],[-22.32,-45.2],[0,-37.84]],"o":[[12.932,-0.935],[-32.898,38.093],[1.84,-25.68],[-71.81,16.94],[-36.177,9.611],[-10.516,-18.296],[30.738,-53.071],[12.4,-8.64],[28.48,-41.52],[25.12,10.16],[22.32,45.2],[0,37.84]],"v":[[-1.04,-64.32],[29.601,14.785],[-48.72,-2.96],[-197.44,-24.32],[-308.938,28.507],[-374.445,13.12],[-364.009,-114.51],[-235.84,-214.48],[-209.12,-318.56],[-125.44,-365.68],[-46.88,-290.08],[-17.12,-155.6]],"c":true}]},{"i":{"x":0.667,"y":1},"o":{"x":0.333,"y":0},"t":62,"s":[{"i":[[-21.68,1.52],[38.919,-45.065],[-0.944,13.177],[36.957,4.244],[34.508,35.089],[0.9,7.592],[-44.715,20.756],[-13.305,7.169],[-42.551,48.952],[-5.678,-3.148],[-17.017,-47.451],[4.317,-37.593]],"o":[[12.932,-0.935],[-32.898,38.093],[1.84,-25.68],[-36.957,-4.244],[-26.246,-26.689],[-1.458,-11.844],[55.629,-25.822],[13.305,-7.169],[33.031,-38],[23.797,12.96],[17.017,47.451],[-4.317,37.593]],"v":[[-1.04,-64.32],[29.601,14.785],[-48.72,-2.96],[-193.722,-46.561],[-349.476,-79.594],[-382.504,-138.386],[-318.087,-233.49],[-210.176,-239.86],[-171.756,-340.212],[-83.246,-377.477],[-13.825,-293.408],[0.398,-156.41]],"c":true}]},{"i":{"x":0.667,"y":1},"o":{"x":0.333,"y":0},"t":81,"s":[{"i":[[-21.68,1.52],[38.919,-45.065],[-1.502,13.125],[37.2,0],[38.285,30.923],[1.76,7.44],[-42.055,25.721],[-12.4,8.64],[-36.688,53.487],[-6,-2.48],[-22.32,-45.2],[0,-37.84]],"o":[[12.932,-0.935],[-32.898,38.093],[2.928,-25.579],[-37.2,0],[-29.12,-23.52],[-2.8,-11.6],[52.32,-32],[12.4,-8.64],[28.48,-41.52],[25.12,10.16],[22.32,45.2],[0,37.84]],"v":[[-1.04,-64.32],[29.601,14.785],[-47.247,-5.077],[-197.44,-24.32],[-349.92,-52.24],[-389.44,-106.88],[-342.32,-195.84],[-235.84,-214.48],[-209.12,-318.56],[-125.44,-365.68],[-46.88,-290.08],[-17.12,-155.6]],"c":true}]},{"t":100,"s":[{"i":[[-21.68,1.52],[38.919,-45.065],[-0.944,13.177],[37.2,0],[38.32,30.88],[1.76,7.44],[-42.08,25.68],[-12.4,8.64],[-36.64,53.52],[-6,-2.48],[-22.32,-45.2],[0,-37.84]],"o":[[12.932,-0.935],[-32.898,38.093],[1.84,-25.68],[-37.2,0],[-29.12,-23.52],[-2.8,-11.6],[52.32,-32],[12.4,-8.64],[28.48,-41.52],[25.12,10.16],[22.32,45.2],[0,37.84]],"v":[[-1.04,-64.32],[29.601,14.785],[-48.72,-2.96],[-197.44,-24.32],[-349.92,-52.24],[-389.44,-106.88],[-342.32,-195.84],[-235.84,-214.48],[-209.12,-318.56],[-125.44,-365.68],[-46.88,-290.08],[-17.12,-155.6]],"c":true}]}],"ix":2},"nm":"Path 2","mn":"ADBE Vector Shape - Group","hd":false},{"ind":2,"ty":"sh","ix":3,"ks":{"a":1,"k":[{"i":{"x":0.833,"y":0.833},"o":{"x":0.333,"y":0},"t":49,"s":[{"i":[[-11.096,0.778],[9.603,55.7],[-15.75,48.182],[-7.797,2.846],[-39.292,-24.181],[-13.04,-11.2],[-53.148,-34.168],[-1.486,-8.511],[45.156,-22.705],[32.16,0.64],[1.294,-14.195],[35.485,27.82]],"o":[[26.56,-1.92],[-15.939,-92.451],[9.707,-29.696],[12.242,-4.401],[67.922,41.801],[13.04,11.2],[53.148,34.168],[1.486,8.511],[-55.918,28.116],[-32.16,-0.64],[-0.632,6.93],[-36.174,-28.36]],"v":[[-1.04,-64.32],[13.84,-193.2],[-14.911,-350.573],[29.582,-382.839],[139.654,-357.002],[225.84,-218],[318.634,-195.777],[379.64,-114.742],[313.978,-43.832],[118,-24.64],[64.823,-3.099],[-12.965,6.9]],"c":true}]},{"i":{"x":0.667,"y":1},"o":{"x":0.167,"y":0.167},"t":66,"s":[{"i":[[-11.096,0.778],[-8.012,82.332],[-27.941,20.509],[-8.076,1.537],[-30.606,-37.818],[-12.253,-12.017],[-46.304,-42.051],[-0.059,-8.553],[47.801,-14.784],[31.997,2.756],[0.178,-14.221],[35.485,27.82]],"o":[[26.56,-1.92],[8.012,-82.332],[27.941,-20.509],[12.668,-2.348],[30.606,37.818],[12.253,12.017],[46.304,42.052],[0.059,8.553],[-59.193,18.307],[-31.997,-2.756],[-0.087,6.942],[-36.174,-28.36]],"v":[[-1.04,-64.32],[26.313,-191.487],[71.276,-326.122],[130.72,-354.386],[197.03,-315.1],[239.148,-202.23],[344.852,-164.933],[391.165,-75.838],[315.459,-17.342],[118.978,-16.702],[63.332,-5.882],[-12.965,6.9]],"c":true}]},{"i":{"x":0.833,"y":0.833},"o":{"x":0.333,"y":0},"t":78,"s":[{"i":[[-11.096,0.778],[-8.582,55.866],[-26.406,19.598],[-8.28,0.579],[-13.018,-44.262],[-11.677,-12.615],[-41.293,-47.823],[0.986,-8.584],[49.738,-8.984],[31.877,4.305],[-0.64,-14.24],[35.485,27.82]],"o":[[26.56,-1.92],[14.356,-93.452],[25.088,-18.619],[12.981,-0.844],[11.177,38.003],[11.677,12.615],[41.293,47.823],[-0.986,8.584],[-61.592,11.126],[-31.877,-4.305],[0.312,6.952],[-36.174,-28.36]],"v":[[-1.04,-64.32],[35.446,-190.233],[105.679,-331.301],[176.069,-356.636],[232.468,-286.785],[248.891,-190.684],[364.049,-142.35],[399.603,-47.353],[316.543,2.053],[119.695,-10.89],[62.24,-7.92],[-12.965,6.9]],"c":true}]},{"i":{"x":0.667,"y":1},"o":{"x":0.167,"y":0.167},"t":91,"s":[{"i":[[-11.096,0.778],[-6.404,56.156],[-25.624,20.608],[-8.251,0.9],[-14.728,-43.721],[-12.158,-12.151],[-43.12,-46.181],[0.651,-8.615],[49.35,-10.91],[32.02,3.063],[-0.64,-14.24],[34.537,28.978]],"o":[[26.56,-1.92],[10.713,-93.937],[24.345,-19.58],[12.938,-1.348],[12.645,37.539],[12.158,12.151],[43.12,46.181],[-0.651,8.615],[-61.111,13.511],[-32.02,-3.063],[0.312,6.952],[-35.207,-29.54]],"v":[[-1.04,-64.32],[26.741,-192.795],[91.437,-336.483],[160.787,-364.533],[219.857,-296.929],[240.002,-201.541],[356.948,-157.72],[396.167,-64.179],[315.092,-11.583],[117.894,-16.866],[62.24,-7.92],[-12.165,6.424]],"c":true}]},{"t":107,"s":[{"i":[[-11.096,0.778],[-2.16,56.48],[-24,22.48],[-8.16,1.52],[-18,-42.48],[-13.04,-11.2],[-46.48,-42.8],[0,-8.64],[48.4,-14.56],[32.16,0.64],[-0.64,-14.24],[35.485,27.82]],"o":[[26.56,-1.92],[3.6,-94.48],[22.8,-21.36],[12.8,-2.32],[15.44,36.48],[13.04,11.2],[46.48,42.8],[0,8.64],[-59.92,18.08],[-32.16,-0.64],[0.312,6.952],[-36.174,-28.36]],"v":[[-1.04,-64.32],[13.84,-193.2],[67.52,-341.36],[134.56,-374.56],[198.56,-311.6],[225.84,-218],[345.76,-183.12],[391.92,-92.8],[315.04,-34.24],[118,-24.64],[62.24,-7.92],[-12.965,6.9]],"c":true}]}],"ix":2},"nm":"Path 3","mn":"ADBE Vector Shape - Group","hd":false},{"ind":3,"ty":"sh","ix":4,"ks":{"a":1,"k":[{"i":{"x":0.833,"y":0.833},"o":{"x":0.333,"y":0},"t":49,"s":[{"i":[[0.638,-6.999],[-31.395,-3.646],[-47.318,30.948],[-11.804,-22.012],[42.014,-53.346],[12.514,-11.116],[50.8,-33.44],[10.4,8.801],[-1.103,63.072],[27.28,0],[-31.269,41.512]],"o":[[-1.294,14.195],[31.396,3.646],[68.978,-45.115],[21.514,40.12],[-24.55,31.172],[-17.094,15.185],[-50.8,33.44],[-38.96,-33.12],[1.101,-62.991],[-13.83,0],[28.417,-37.726]],"v":[[64.823,-3.099],[134.103,16.383],[291.049,-16.685],[401.262,-3.114],[357.27,135.783],[229.904,239.977],[214.72,315.92],[94.07,335.423],[25.294,189.804],[9.52,59.04],[-3.897,-16.554]],"c":true}]},{"i":{"x":0.667,"y":1},"o":{"x":0.167,"y":0.167},"t":65,"s":[{"i":[[-0.316,-7.021],[-31.57,1.513],[-58.449,-24.411],[-5.626,-24.336],[21.933,-14.292],[10.538,-13.005],[49.856,-34.831],[10.639,8.51],[9.178,62.41],[27.28,0],[-31.269,41.512]],"o":[[0.64,14.24],[31.57,-1.513],[56.433,23.569],[4.909,21.233],[-21.936,14.212],[-14.395,17.765],[-49.856,34.831],[-39.86,-32.031],[-9.166,-62.331],[-13.83,0],[28.417,-37.726]],"v":[[62.24,-7.92],[133.242,-0.114],[298.361,29.414],[374.456,112.863],[345.272,177.534],[264.158,204.906],[223.087,311.442],[113.658,324.952],[54.11,188.705],[9.52,59.04],[-3.897,-16.554]],"c":true}]},{"i":{"x":0.667,"y":1},"o":{"x":0.333,"y":0},"t":74,"s":[{"i":[[-0.316,-7.021],[-31.589,-1.049],[-56.279,-29.066],[-3.636,-24.711],[23.019,-12.468],[11.557,-12.108],[52.514,-30.677],[9.915,9.344],[4.092,62.948],[27.28,0],[-31.269,41.512]],"o":[[0.64,14.24],[31.589,1.049],[54.337,28.063],[3.173,21.56],[-23.015,12.388],[-15.786,16.54],[-52.514,30.677],[-37.134,-35.154],[-4.087,-62.867],[-13.83,0],[28.417,-37.726]],"v":[[62.24,-7.92],[132.855,8.177],[295.037,50.984],[364.121,140.322],[329.795,202.415],[246.731,223.126],[197.165,325.984],[87.003,330.584],[38.688,189.963],[9.52,59.04],[-3.897,-16.554]],"c":true}]},{"t":105,"s":[{"i":[[-0.316,-7.021],[-31.6,0.64],[-57.76,-26],[-4.96,-24.48],[22.32,-13.68],[10.88,-12.72],[50.8,-33.44],[10.4,8.801],[7.44,62.641],[27.28,0],[-31.269,41.512]],"o":[[0.64,14.24],[31.6,-0.64],[55.76,25.12],[4.32,21.36],[-22.32,13.6],[-14.88,17.36],[-50.8,33.44],[-38.96,-33.12],[-7.44,-62.56],[-13.83,0],[28.417,-37.726]],"v":[[62.24,-7.92],[133.52,2],[297.76,36.08],[371.52,121.6],[340.56,185.44],[258.72,210.56],[214.72,315.92],[104.96,326.4],[49.2,188.56],[9.52,59.04],[-3.897,-16.554]],"c":true}]}],"ix":2},"nm":"Path 4","mn":"ADBE Vector Shape - Group","hd":false},{"ty":"fl","c":{"a":0,"k":[0.545000023935,0.752999997606,0.169000004787,1],"ix":4},"o":{"a":0,"k":100,"ix":5},"r":1,"bm":0,"nm":"Fill 1","mn":"ADBE Vector Graphic - Fill","hd":false},{"ty":"tr","p":{"a":0,"k":[421.45,389.77],"ix":2},"a":{"a":0,"k":[0,0],"ix":1},"s":{"a":0,"k":[100,100],"ix":3},"r":{"a":0,"k":0,"ix":6},"o":{"a":0,"k":100,"ix":7},"sk":{"a":0,"k":0,"ix":4},"sa":{"a":0,"k":0,"ix":5},"nm":"Transform"}],"nm":"Group 5 MAIN","np":5,"cix":2,"bm":0,"ix":5,"mn":"ADBE Vector Group","hd":false},{"ty":"gr","it":[{"ind":0,"ty":"sh","ix":1,"ks":{"a":1,"k":[{"i":{"x":0.833,"y":0.833},"o":{"x":0.333,"y":0},"t":49,"s":[{"i":[[0,0],[-21.68,-33.52],[-41.6,34],[-8.4,9.68],[-19.667,38.021],[28.4,19.082]],"o":[[0,0],[24.4,37.84],[49.84,-40.801],[8.4,-9.68],[34.646,-66.982],[-31.079,-17.937]],"v":[[-19.963,-19.004],[-140.45,115.182],[27.56,124.401],[68.36,32.48],[170.729,-76.101],[154.629,-239.114]],"c":true}]},{"i":{"x":0.667,"y":1},"o":{"x":0.167,"y":0.167},"t":65,"s":[{"i":[[0,0],[-22.553,-32.939],[-40.616,35.169],[-8.129,9.908],[-17.037,39.27],[23.481,27.201]],"o":[[0,0],[25.437,37.151],[48.693,-42.163],[8.129,-9.908],[17.078,-39.367],[-23.401,-27.204]],"v":[[7.207,-50.102],[-121.039,104.862],[36.525,118.753],[74.769,25.74],[138.087,-25.87],[126.482,-138.792]],"c":true}]},{"i":{"x":0.667,"y":1},"o":{"x":0.333,"y":0},"t":74,"s":[{"i":[[0,0],[-19.806,-34.66],[-43.335,31.758],[-8.906,9.216],[-20.165,37.759],[21.197,29.016]],"o":[[0,0],[22.339,39.091],[51.952,-38.074],[8.906,-9.216],[20.215,-37.852],[-21.117,-29.012]],"v":[[-6.807,-33.975],[-147.198,110.074],[8.718,136.7],[54.38,47.096],[121.675,0.793],[119.267,-112.697]],"c":true}]},{"t":105,"s":[{"i":[[0,0],[-21.68,-33.52],[-41.6,34],[-8.4,9.68],[-18.08,38.801],[22.72,27.84]],"o":[[0,0],[24.4,37.84],[49.84,-40.801],[8.4,-9.68],[18.16,-38.88],[-22.64,-27.84]],"v":[[2.92,-45.2],[-129.56,106.16],[27.56,124.401],[68.36,32.48],[133.08,-17.36],[124.6,-130.56]],"c":true}]}],"ix":2},"nm":"Path 1","mn":"ADBE Vector Shape - Group","hd":false},{"ty":"fl","c":{"a":0,"k":[0.395999983245,0.635000011968,0.105999995213,1],"ix":4},"o":{"a":0,"k":100,"ix":5},"r":1,"bm":0,"nm":"Fill 1","mn":"ADBE Vector Graphic - Fill","hd":false},{"ty":"tr","p":{"a":0,"k":[650.61,603.53],"ix":2},"a":{"a":0,"k":[0,0],"ix":1},"s":{"a":0,"k":[100,100],"ix":3},"r":{"a":0,"k":0,"ix":6},"o":{"a":0,"k":100,"ix":7},"sk":{"a":0,"k":0,"ix":4},"sa":{"a":0,"k":0,"ix":5},"nm":"Transform"}],"nm":"Group 6","np":2,"cix":2,"bm":0,"ix":6,"mn":"ADBE Vector Group","hd":false},{"ty":"gr","it":[{"ind":0,"ty":"sh","ix":1,"ks":{"a":1,"k":[{"i":{"x":0.667,"y":1},"o":{"x":0.333,"y":0},"t":49,"s":[{"i":[[0,0],[-44.99,-53.873],[0,0],[-63.689,-43.801],[-8.167,22.098],[0,0]],"o":[[-17.036,14.13],[39.142,46.87],[0,0],[69.795,48.001],[9.722,-26.306],[0,0]],"v":[[-80.947,-113.926],[-84.213,15.159],[10.238,54.083],[129.481,190.03],[265.964,147.077],[109.81,-52.026]],"c":true}]},{"i":{"x":0.667,"y":1},"o":{"x":0.333,"y":0},"t":69,"s":[{"i":[[0,0],[-30.21,-63.355],[0,0],[-39.321,-43.615],[-21.366,9.925],[0,0]],"o":[[-20.01,9.459],[26.283,55.119],[0,0],[38.142,42.308],[25.434,-11.815],[0,0]],"v":[[-98.968,-202.451],[-134.172,-78.216],[-62.123,-19.13],[-42.192,91.305],[87.706,119.268],[70.455,-95.14]],"c":true}]},{"t":105,"s":[{"i":[[0,0],[-37.2,-59.52],[0,0],[-44.08,-38.799],[-20.08,12.321],[0,0]],"o":[[-18.8,11.68],[32.4,51.76],[0,0],[42.72,37.68],[23.92,-14.64],[0,0]],"v":[[-94.04,-161.52],[-114.84,-34.08],[-36.52,16.4],[-4.12,123.84],[128.12,136.8],[86.52,-74.24]],"c":true}]}],"ix":2},"nm":"Path 1","mn":"ADBE Vector Shape - Group","hd":false},{"ty":"fl","c":{"a":0,"k":[0.395999983245,0.635000011968,0.105999995213,1],"ix":4},"o":{"a":0,"k":100,"ix":5},"r":1,"bm":0,"nm":"Fill 1","mn":"ADBE Vector Graphic - Fill","hd":false},{"ty":"tr","p":{"a":0,"k":[159.09,611.85],"ix":2},"a":{"a":0,"k":[0,0],"ix":1},"s":{"a":0,"k":[100,100],"ix":3},"r":{"a":0,"k":0,"ix":6},"o":{"a":0,"k":100,"ix":7},"sk":{"a":0,"k":0,"ix":4},"sa":{"a":0,"k":0,"ix":5},"nm":"Transform"}],"nm":"Group 7","np":2,"cix":2,"bm":0,"ix":7,"mn":"ADBE Vector Group","hd":false},{"ty":"gr","it":[{"ind":0,"ty":"sh","ix":1,"ks":{"a":1,"k":[{"i":{"x":0.667,"y":1},"o":{"x":0.333,"y":0},"t":49,"s":[{"i":[[0,0],[-30.4,31.12],[-40.64,-17.52],[0,0],[0,0],[-52.723,127.328]],"o":[[0,0],[27.2,-27.84],[52.48,22.64],[0,0],[0,0],[25.824,-62.366]],"v":[[-25.2,-22.64],[11.04,-112.64],[122.96,-134],[66.08,55.04],[-101.775,262.792],[-155.303,104.054]],"c":true}]},{"i":{"x":0.667,"y":1},"o":{"x":0.333,"y":0},"t":62,"s":[{"i":[[0,0],[-33.754,27.446],[-38.37,-22.052],[0,0],[0,0],[-66.1,71.85]],"o":[[0,0],[30.199,-24.555],[49.554,28.48],[0,0],[0,0],[45.702,-49.677]],"v":[[5.156,-51.771],[51.428,-137.049],[165.054,-145.501],[86.978,35.816],[-125.728,121.459],[-104.996,-17.475]],"c":true}]},{"i":{"x":0.667,"y":1},"o":{"x":0.333,"y":0},"t":81,"s":[{"i":[[0,0],[-30.402,31.118],[-40.636,-17.53],[0,0],[0,0],[-44.659,65.162]],"o":[[0,0],[27.2,-27.84],[52.48,22.64],[0,0],[0,0],[38.16,-55.68]],"v":[[-25.2,-22.64],[11.04,-112.64],[122.96,-134],[66.08,55.04],[-129.44,151.52],[-130.72,24]],"c":true}]},{"t":100,"s":[{"i":[[0,0],[-30.4,31.12],[-40.64,-17.52],[0,0],[0,0],[-44.72,65.12]],"o":[[0,0],[27.2,-27.84],[52.48,22.64],[0,0],[0,0],[38.16,-55.68]],"v":[[-25.2,-22.64],[11.04,-112.64],[122.96,-134],[66.08,55.04],[-129.44,151.52],[-130.72,24]],"c":true}]}],"ix":2},"nm":"Path 1","mn":"ADBE Vector Shape - Group","hd":false},{"ty":"fl","c":{"a":0,"k":[0.395999983245,0.635000011968,0.105999995213,1],"ix":4},"o":{"a":0,"k":100,"ix":5},"r":1,"bm":0,"nm":"Fill 1","mn":"ADBE Vector Graphic - Fill","hd":false},{"ty":"tr","p":{"a":0,"k":[175.69,158.81],"ix":2},"a":{"a":0,"k":[0,0],"ix":1},"s":{"a":0,"k":[100,100],"ix":3},"r":{"a":0,"k":0,"ix":6},"o":{"a":0,"k":100,"ix":7},"sk":{"a":0,"k":0,"ix":4},"sa":{"a":0,"k":0,"ix":5},"nm":"Transform"}],"nm":"Group 8","np":2,"cix":2,"bm":0,"ix":8,"mn":"ADBE Vector Group","hd":false},{"ty":"gr","it":[{"ind":0,"ty":"sh","ix":1,"ks":{"a":1,"k":[{"i":{"x":0.833,"y":0.833},"o":{"x":0.333,"y":0},"t":49,"s":[{"i":[[0,0],[-82.059,-37.694],[-9.76,-7.12],[-47.95,-33.695],[14.876,-20.382],[0,0]],"o":[[16.419,-11.913],[91.844,42.189],[9.68,7.12],[47.95,33.695],[-14.876,20.382],[0,0]],"v":[[-257.705,-141.22],[-108.537,-151.147],[2.28,-23],[79.847,-3.702],[112.796,121.293],[-71.56,34.6]],"c":true}]},{"i":{"x":0.667,"y":1},"o":{"x":0.167,"y":0.167},"t":66,"s":[{"i":[[0,0],[-38.58,-27.167],[-9.254,-7.736],[-41.306,-40.74],[17.858,-17.468],[0,0]],"o":[[17.951,-9.024],[38.58,27.167],[9.175,7.731],[41.306,40.74],[-17.857,17.468],[0,0]],"v":[[-158.01,-116.729],[-45.416,-116.895],[17.695,-4.424],[111.555,32.178],[123.285,159.606],[-59.661,48.095]],"c":true}]},{"i":{"x":0.833,"y":0.833},"o":{"x":0.333,"y":0},"t":78,"s":[{"i":[[0,0],[-34.689,-44.327],[-8.884,-8.187],[-36.441,-45.897],[20.04,-15.334],[0,0]],"o":[[19.073,-6.909],[34.689,44.327],[8.805,8.178],[36.441,45.897],[-20.04,15.334],[0,0]],"v":[[-113.718,-121.879],[0.8,-91.818],[28.981,9.177],[134.771,58.448],[130.964,187.658],[-50.948,57.977]],"c":true}]},{"i":{"x":0.667,"y":1},"o":{"x":0.167,"y":0.167},"t":91,"s":[{"i":[[0,0],[-36.415,-42.919],[-9.201,-7.829],[-38.227,-44.419],[19.417,-16.114],[0,0]],"o":[[18.784,-7.658],[36.415,42.919],[9.121,7.823],[38.227,44.419],[-19.417,16.114],[0,0]],"v":[[-128.983,-128.85],[-13.369,-103.342],[18.785,-3.544],[126.438,41.503],[127.746,170.758],[-59.149,48.378]],"c":true}]},{"t":107,"s":[{"i":[[0,0],[-39.52,-40.08],[-9.76,-7.12],[-41.44,-41.44],[18.16,-17.52],[0,0]],"o":[[18.16,-9.04],[39.52,40.08],[9.68,7.12],[41.44,41.44],[-18.16,17.52],[0,0]],"v":[[-154.44,-136.92],[-37.24,-120.12],[2.28,-23],[113,13.88],[123.96,142.68],[-71.56,34.6]],"c":true}]}],"ix":2},"nm":"Path 1","mn":"ADBE Vector Shape - Group","hd":false},{"ty":"fl","c":{"a":0,"k":[0.395999983245,0.635000011968,0.105999995213,1],"ix":4},"o":{"a":0,"k":100,"ix":5},"r":1,"bm":0,"nm":"Fill 1","mn":"ADBE Vector Graphic - Fill","hd":false},{"ty":"tr","p":{"a":0,"k":[685.65,160.45],"ix":2},"a":{"a":0,"k":[0,0],"ix":1},"s":{"a":0,"k":[100,100],"ix":3},"r":{"a":0,"k":0,"ix":6},"o":{"a":0,"k":100,"ix":7},"sk":{"a":0,"k":0,"ix":4},"sa":{"a":0,"k":0,"ix":5},"nm":"Transform"}],"nm":"Group 9","np":2,"cix":2,"bm":0,"ix":9,"mn":"ADBE Vector Group","hd":false}],"ip":49,"op":108,"st":49,"bm":0},{"ddd":0,"ind":4,"ty":4,"nm":"petals ","parent":2,"sr":1,"ks":{"o":{"a":0,"k":100,"ix":11},"r":{"a":0,"k":0,"ix":10},"p":{"a":0,"k":[0,0,0],"ix":2,"l":2},"a":{"a":0,"k":[420.17,386.81,0],"ix":1,"l":2},"s":{"a":0,"k":[100,100,100],"ix":6,"l":2}},"ao":0,"shapes":[{"ty":"gr","it":[{"ind":0,"ty":"sh","ix":1,"ks":{"a":1,"k":[{"i":{"x":0.833,"y":0.833},"o":{"x":0.333,"y":0},"t":11,"s":[{"i":[[29.12,-21.04],[0,0],[5.04,-13.52],[0,0],[4,-15.04],[0,0],[1.6,-20.48],[-30.08,-0.48],[-1.04,14.56],[0,0],[-0.4,13.6],[0,0],[-16.08,8.56],[0,0],[-16.56,2.96],[2.08,26.56],[12.56,0.32],[0,0]],"o":[[-20.8,15.04],[0,0],[-5.04,13.52],[0,0],[-4,15.04],[0,0],[-1.04,12.56],[30.08,0.48],[1.04,-14.56],[0,0],[0.48,-18.08],[0,0],[22.56,-12],[0,0],[12.72,-2.32],[-2.08,-26.56],[-16.56,-0.48],[0,0]],"v":[[-19.72,-69.92],[-30.76,-25.84],[-54.84,-16.32],[-47.32,3.76],[-69.88,14.32],[-60.36,35.84],[-81.4,58.88],[-41.32,90.48],[3.8,73.92],[-11.24,52.4],[2.28,36.32],[-13.8,11.76],[22.76,13.28],[34.76,-23.28],[58.84,-5.2],[80.36,-48.8],[53.8,-83.36],[31.24,-60.8]],"c":true}]},{"i":{"x":0.833,"y":0.833},"o":{"x":0.167,"y":0.167},"t":23,"s":[{"i":[[29.547,-20.436],[0,0],[5.322,-13.412],[0,0],[4.314,-14.953],[0,0],[2.029,-20.442],[-30.063,-1.11],[-1.345,14.535],[0,0],[-0.685,13.589],[0,0],[-16.258,8.216],[0,0],[-16.618,2.613],[1.523,26.598],[12.551,0.583],[0,0]],"o":[[-21.11,14.601],[0,0],[-5.322,13.412],[0,0],[-4.314,14.953],[0,0],[-1.303,12.535],[30.063,1.11],[1.345,-14.535],[0,0],[0.858,-18.066],[0,0],[22.806,-11.525],[0,0],[12.766,-2.053],[-1.523,-26.598],[-16.546,-0.827],[0,0]],"v":[[-15.612,-72.883],[-27.573,-29.044],[-51.847,-20.03],[-44.749,0.203],[-67.525,10.288],[-58.458,32.003],[-79.976,54.597],[-40.566,87.03],[4.891,71.418],[-9.695,49.588],[4.158,33.795],[-11.404,8.903],[25.116,11.188],[37.879,-25.112],[61.576,-6.532],[84.004,-49.672],[58.173,-84.78],[35.146,-62.698]],"c":true}]},{"i":{"x":0.833,"y":0.833},"o":{"x":0.167,"y":0.167},"t":31,"s":[{"i":[[28.381,-22.024],[0,0],[4.579,-13.682],[0,0],[3.488,-15.166],[0,0],[0.905,-20.521],[-30.077,0.54],[-0.546,14.586],[0,0],[0.061,13.605],[0,0],[-15.783,9.094],[0,0],[-16.449,3.519],[2.979,26.473],[12.563,-0.106],[0,0]],"o":[[-20.277,15.735],[0,0],[-4.579,13.682],[0,0],[-3.488,15.166],[0,0],[-0.614,12.587],[30.077,-0.54],[0.546,-14.586],[0,0],[-0.133,-18.085],[0,0],[22.139,-12.757],[0,0],[12.633,-2.75],[-2.979,-26.473],[-16.566,0.081],[0,0]],"v":[[-26.303,-64.988],[-35.843,-20.562],[-59.585,-10.232],[-51.389,9.58],[-73.577,20.898],[-63.334,42.082],[-83.58,65.821],[-42.454,96.043],[2.076,77.964],[-13.684,56.967],[-0.717,40.439],[-17.619,16.44],[18.969,16.72],[29.723,-20.224],[54.401,-2.971],[74.43,-47.273],[46.715,-80.911],[24.934,-57.601]],"c":true}]},{"i":{"x":0.833,"y":0.833},"o":{"x":0.167,"y":0.167},"t":39,"s":[{"i":[[29.12,-21.04],[0,0],[5.04,-13.52],[0,0],[4,-15.04],[0,0],[1.6,-20.48],[-30.08,-0.48],[-1.04,14.56],[0,0],[-0.4,13.6],[0,0],[-16.08,8.56],[0,0],[-16.56,2.96],[2.08,26.56],[12.56,0.32],[0,0]],"o":[[-20.8,15.04],[0,0],[-5.04,13.52],[0,0],[-4,15.04],[0,0],[-1.04,12.56],[30.08,0.48],[1.04,-14.56],[0,0],[0.48,-18.08],[0,0],[22.56,-12],[0,0],[12.72,-2.32],[-2.08,-26.56],[-16.56,-0.48],[0,0]],"v":[[-19.72,-69.92],[-30.76,-25.84],[-54.84,-16.32],[-47.32,3.76],[-69.88,14.32],[-60.36,35.84],[-81.4,58.88],[-41.32,90.48],[3.8,73.92],[-11.24,52.4],[2.28,36.32],[-13.8,11.76],[22.76,13.28],[34.76,-23.28],[58.84,-5.2],[80.36,-48.8],[53.8,-83.36],[31.24,-60.8]],"c":true}]},{"t":48,"s":[{"i":[[24.347,-26.417],[0,0],[2.252,-14.252],[0,0],[0.931,-15.535],[0,0],[-2.503,-20.389],[-29.575,5.509],[1.875,14.476],[0,0],[2.311,13.408],[0,0],[-14.061,11.581],[0,0],[-15.641,6.193],[7.318,25.617],[12.373,-2.183],[0,0]],"o":[[-17.395,18.875],[0,0],[-2.252,14.252],[0,0],[-0.931,15.535],[0,0],[1.477,12.516],[29.575,-5.509],[-1.875,-14.476],[0,0],[-3.124,-17.815],[0,0],[19.724,-16.245],[0,0],[12.005,-4.802],[-7.318,-25.617],[-16.325,2.821],[0,0]],"v":[[-45.009,-39.071],[-47.066,6.324],[-68.774,20.44],[-57.412,38.625],[-77.423,53.458],[-63.815,72.657],[-79.855,99.419],[-34.294,122.421],[6.634,97.223],[-12.384,79.122],[-2.33,60.676],[-22.971,39.802],[13.162,34.024],[17.655,-4.191],[44.848,8.741],[57.272,-38.267],[24.372,-66.857],[6.747,-40.263]],"c":true}]}],"ix":2},"nm":"Path 1","mn":"ADBE Vector Shape - Group","hd":false},{"ty":"fl","c":{"a":0,"k":[0.741000007181,0.808000033509,0.275,1],"ix":4},"o":{"a":0,"k":100,"ix":5},"r":1,"bm":0,"nm":"Fill 1","mn":"ADBE Vector Graphic - Fill","hd":false},{"ty":"tr","p":{"a":0,"k":[300.45,258.01],"ix":2},"a":{"a":0,"k":[0,0],"ix":1},"s":{"a":0,"k":[100,100],"ix":3},"r":{"a":0,"k":0,"ix":6},"o":{"a":0,"k":100,"ix":7},"sk":{"a":0,"k":0,"ix":4},"sa":{"a":0,"k":0,"ix":5},"nm":"Transform"}],"nm":"Group 1","np":2,"cix":2,"bm":0,"ix":1,"mn":"ADBE Vector Group","hd":false},{"ty":"gr","it":[{"ind":0,"ty":"sh","ix":1,"ks":{"a":1,"k":[{"i":{"x":0.667,"y":1},"o":{"x":0.333,"y":0},"t":11,"s":[{"i":[[0,0],[4.08,21.281],[14,-1.039],[-0.56,-19.6],[0,0],[-4,-17.359],[0,0],[-15.04,-22.08],[0,0],[-17.04,-6.4],[-9.76,19.76],[15.68,14.96]],"o":[[0,0],[-5.04,-26.08],[-14,1.04],[0.4,14.56],[0,0],[6,26.08],[0,0],[15.04,22.08],[0,0],[16.08,6],[9.36,-18.96],[-22.64,-21.761]],"v":[[9.12,-21.841],[15.12,-52.961],[-40,-85.041],[-70.56,-61.441],[-57.52,-43.361],[-67.52,-17.761],[-19.36,0.319],[-30.4,44.96],[13.2,50],[21.76,80.08],[60.88,55.04],[55.84,-9.12]],"c":true}]},{"i":{"x":0.667,"y":1},"o":{"x":0.333,"y":0},"t":20,"s":[{"i":[[0,0],[3.501,21.362],[14.009,-0.661],[-0.025,-19.588],[0,0],[-3.525,-17.444],[0,0],[-14.425,-22.456],[0,0],[-16.845,-6.851],[-10.278,19.471],[15.256,15.362]],"o":[[0,0],[-4.33,-26.181],[-14.009,0.661],[0.007,14.551],[0,0],[5.289,26.206],[0,0],[14.425,22.456],[0,0],[15.897,6.425],[9.858,-18.682],[-22.023,-22.342]],"v":[[6.89,-25.046],[13.72,-55.963],[-40.461,-89.485],[-71.616,-66.74],[-59.081,-48.333],[-69.757,-23.037],[-22.149,-3.684],[-34.378,40.6],[9.028,46.808],[16.766,77.078],[56.508,53.126],[53.204,-11.083]],"c":true}]},{"i":{"x":0.833,"y":0.833},"o":{"x":0.333,"y":0},"t":33,"s":[{"i":[[0,0],[4.809,21.101],[13.939,-1.523],[-1.216,-19.546],[0,0],[-4.588,-17.191],[0,0],[-15.777,-21.52],[0,0],[-17.231,-5.799],[-9.054,20.064],[16.17,14.39]],"o":[[0,0],[-5.934,-25.859],[-13.939,1.523],[0.903,14.52],[0,0],[6.892,25.825],[0,0],[15.777,21.52],[0,0],[16.259,5.433],[8.687,-19.25],[-23.353,-20.938]],"v":[[14.446,-16.484],[19.358,-47.756],[-36.774,-77.87],[-66.462,-53.255],[-52.82,-35.659],[-61.915,-9.758],[-13.216,6.622],[-22.691,51.565],[21.005,55.086],[30.591,84.816],[68.774,58.467],[61.522,-5.403]],"c":true}]},{"t":39,"s":[{"i":[[0,0],[4.08,21.281],[14,-1.039],[-0.56,-19.6],[0,0],[-4,-17.359],[0,0],[-15.04,-22.08],[0,0],[-17.04,-6.4],[-9.76,19.76],[15.68,14.96]],"o":[[0,0],[-5.04,-26.08],[-14,1.04],[0.4,14.56],[0,0],[6,26.08],[0,0],[15.04,22.08],[0,0],[16.08,6],[9.36,-18.96],[-22.64,-21.761]],"v":[[9.12,-21.841],[15.12,-52.961],[-40,-85.041],[-70.56,-61.441],[-57.52,-43.361],[-67.52,-17.761],[-19.36,0.319],[-30.4,44.96],[13.2,50],[21.76,80.08],[60.88,55.04],[55.84,-9.12]],"c":true}]}],"ix":2},"nm":"Path 1","mn":"ADBE Vector Shape - Group","hd":false},{"ty":"fl","c":{"a":0,"k":[0.741000007181,0.808000033509,0.275,1],"ix":4},"o":{"a":0,"k":100,"ix":5},"r":1,"bm":0,"nm":"Fill 1","mn":"ADBE Vector Graphic - Fill","hd":false},{"ty":"tr","p":{"a":0,"k":[282.01,515.851],"ix":2},"a":{"a":0,"k":[0,0],"ix":1},"s":{"a":0,"k":[100,100],"ix":3},"r":{"a":0,"k":0,"ix":6},"o":{"a":0,"k":100,"ix":7},"sk":{"a":0,"k":0,"ix":4},"sa":{"a":0,"k":0,"ix":5},"nm":"Transform"}],"nm":"Group 2","np":2,"cix":2,"bm":0,"ix":2,"mn":"ADBE Vector Group","hd":false},{"ty":"gr","it":[{"ind":0,"ty":"sh","ix":1,"ks":{"a":1,"k":[{"i":{"x":0.833,"y":0.833},"o":{"x":0.333,"y":0},"t":11,"s":[{"i":[[11.12,-31.28],[0,0],[3.76,-8],[0,0],[16,-11.44],[0,0],[18.88,-9.92],[-3.44,-19.519],[-21.04,4],[0,0],[-20.4,17.84],[0,0],[-7.44,7.12],[0,0],[-5.92,18.561],[0,0],[1.6,17.28]],"o":[[-4.08,11.36],[0,0],[-3.76,8],[0,0],[-14.24,10.24],[0,0],[-13.04,6.8],[3.44,19.521],[21.04,-4],[0,0],[17.04,-14.88],[0,0],[7.44,-7.12],[0,0],[5.92,-18.56],[0,0],[-1.76,-18.96]],"v":[[11.72,-69.32],[21.96,-43.96],[6.76,-35.32],[7.72,-16.12],[-28.52,-16.76],[-36.6,16.68],[-70.04,9.56],[-80.84,60.36],[-44.28,96.6],[-25.4,50.44],[24.44,62.52],[28.44,25.961],[45.48,22.841],[46.12,4.28],[78.36,-2.84],[64.76,-30.68],[75.88,-46.44]],"c":true}]},{"i":{"x":0.833,"y":0.833},"o":{"x":0.167,"y":0.167},"t":26,"s":[{"i":[[12.117,-30.907],[0,0],[4.015,-7.875],[0,0],[16.359,-10.921],[0,0],[19.188,-9.309],[-2.812,-19.619],[-21.157,3.323],[0,0],[-20.974,17.161],[0,0],[-7.664,6.878],[0,0],[-6.513,18.361],[0,0],[1.049,17.322]],"o":[[-4.442,11.223],[0,0],[-4.015,7.875],[0,0],[-14.561,9.778],[0,0],[-13.251,6.378],[2.812,19.621],[21.157,-3.323],[0,0],[17.508,-14.326],[0,0],[7.664,-6.878],[0,0],[6.512,-18.361],[0,0],[-1.151,-19.007]],"v":[[10.593,-64.278],[20.014,-38.603],[4.545,-30.455],[4.888,-11.234],[-31.312,-13.036],[-40.461,20.128],[-73.655,11.939],[-86.079,62.367],[-50.7,99.76],[-30.349,54.23],[19.078,67.902],[24.248,31.49],[41.379,28.918],[42.614,10.387],[75.066,4.305],[62.366,-23.957],[73.986,-39.352]],"c":true}]},{"i":{"x":0.833,"y":0.833},"o":{"x":0.167,"y":0.167},"t":39,"s":[{"i":[[11.12,-31.28],[0,0],[3.76,-8],[0,0],[16,-11.44],[0,0],[18.88,-9.92],[-3.44,-19.519],[-21.04,4],[0,0],[-20.4,17.84],[0,0],[-7.44,7.12],[0,0],[-5.92,18.561],[0,0],[1.6,17.28]],"o":[[-4.08,11.36],[0,0],[-3.76,8],[0,0],[-14.24,10.24],[0,0],[-13.04,6.8],[3.44,19.521],[21.04,-4],[0,0],[17.04,-14.88],[0,0],[7.44,-7.12],[0,0],[5.92,-18.56],[0,0],[-1.76,-18.96]],"v":[[11.72,-69.32],[21.96,-43.96],[6.76,-35.32],[7.72,-16.12],[-28.52,-16.76],[-36.6,16.68],[-70.04,9.56],[-80.84,60.36],[-44.28,96.6],[-25.4,50.44],[24.44,62.52],[28.44,25.961],[45.48,22.841],[46.12,4.28],[78.36,-2.84],[64.76,-30.68],[75.88,-46.44]],"c":true}]},{"t":48,"s":[{"i":[[0.976,-33.183],[0,0],[1.121,-8.768],[0,0],[11.713,-15.801],[0,0],[14.921,-15.239],[-9.268,-17.519],[-18.795,10.269],[0,0],[-13.952,23.233],[0,0],[-4.894,9.061],[0,0],[0.066,19.482],[0,0],[6.833,15.952]],"o":[[-0.394,12.064],[0,0],[-1.121,8.768],[0,0],[-10.407,14.119],[0,0],[-10.321,10.476],[9.269,17.521],[18.795,-10.269],[0,0],[11.646,-19.394],[0,0],[4.894,-9.061],[0,0],[-0.066,-19.481],[0,0],[-7.498,-17.503]],"v":[[-32.446,-48.459],[-14.912,-27.469],[-26.724,-14.579],[-19.914,3.399],[-54.599,13.92],[-52.018,48.225],[-86.029,51.72],[-80.705,103.381],[-34.781,126.641],[-30.991,76.914],[20.15,73.103],[12.729,37.082],[27.987,28.88],[22.896,11.019],[51.391,-5.659],[29.898,-27.976],[35.64,-46.39]],"c":true}]}],"ix":2},"nm":"Path 1","mn":"ADBE Vector Shape - Group","hd":false},{"ty":"fl","c":{"a":0,"k":[0.741000007181,0.808000033509,0.275,1],"ix":4},"o":{"a":0,"k":100,"ix":5},"r":1,"bm":0,"nm":"Fill 1","mn":"ADBE Vector Graphic - Fill","hd":false},{"ty":"tr","p":{"a":0,"k":[576.61,495.09],"ix":2},"a":{"a":0,"k":[0,0],"ix":1},"s":{"a":0,"k":[100,100],"ix":3},"r":{"a":0,"k":0,"ix":6},"o":{"a":0,"k":100,"ix":7},"sk":{"a":0,"k":0,"ix":4},"sa":{"a":0,"k":0,"ix":5},"nm":"Transform"}],"nm":"Group 3","np":2,"cix":2,"bm":0,"ix":3,"mn":"ADBE Vector Group","hd":false},{"ty":"gr","it":[{"ind":0,"ty":"sh","ix":1,"ks":{"a":1,"k":[{"i":{"x":0.833,"y":0.833},"o":{"x":0.333,"y":0},"t":11,"s":[{"i":[[0,0],[22.72,14.8],[0,0],[22.48,0.24],[0.72,-26.8],[-13.04,-2.72],[0,0],[-12.48,-8.72],[0,0],[-9.68,-10.48],[0,0],[-10.48,-14],[-15.04,4.08],[3.6,24.08],[0,0],[11.76,14.48]],"o":[[0,0],[-26.32,-17.12],[0,0],[-16.08,-0.16],[-0.8,26.8],[18.16,3.84],[0,0],[12.48,8.72],[0,0],[7.92,8.48],[0,0],[10.48,14.08],[15.04,-4.08],[-3.6,-24.08],[0,0],[-13.76,-17.12]],"v":[[16.6,-23.12],[12.52,-69.6],[-33.48,-59.12],[-59,-81.84],[-84.76,-39.68],[-66.36,0.16],[-41.56,-11.84],[-29.32,9.36],[-3.8,7.28],[-5.32,34.64],[16.36,37.44],[3.56,72.4],[51.32,82.64],[81.96,39.44],[40.04,20.4],[49,-19.2]],"c":true}]},{"i":{"x":0.833,"y":0.833},"o":{"x":0.167,"y":0.167},"t":39,"s":[{"i":[[0,0],[22.72,14.8],[0,0],[22.48,0.24],[0.72,-26.8],[-13.04,-2.72],[0,0],[-12.48,-8.72],[0,0],[-9.68,-10.48],[0,0],[-10.48,-14],[-15.04,4.08],[3.6,24.08],[0,0],[11.76,14.48]],"o":[[0,0],[-26.32,-17.12],[0,0],[-16.08,-0.16],[-0.8,26.8],[18.16,3.84],[0,0],[12.48,8.72],[0,0],[7.92,8.48],[0,0],[10.48,14.08],[15.04,-4.08],[-3.6,-24.08],[0,0],[-13.76,-17.12]],"v":[[16.6,-23.12],[12.52,-69.6],[-33.48,-59.12],[-59,-81.84],[-84.76,-39.68],[-66.36,0.16],[-41.56,-11.84],[-29.32,9.36],[-3.8,7.28],[-5.32,34.64],[16.36,37.44],[3.56,72.4],[51.32,82.64],[81.96,39.44],[40.04,20.4],[49,-19.2]],"c":true}]},{"t":48,"s":[{"i":[[0,0],[25.675,8.719],[0,0],[21.84,-5.33],[-5.915,-26.149],[-13.308,0.582],[0,0],[-14.246,-5.371],[0,0],[-11.966,-7.767],[0,0],[-13.61,-10.981],[-13.568,7.665],[9.43,22.447],[0,0],[14.969,11.131]],"o":[[0,0],[-29.731,-10.096],[0,0],[-15.622,3.813],[5.838,26.169],[18.546,-0.76],[0,0],[14.246,5.371],[0,0],[9.768,6.264],[0,0],[13.63,11.059],[13.568,-7.665],[-9.43,-22.447],[0,0],[-17.559,-13.195]],"v":[[-5.243,-31.155],[-20.665,-75.191],[-62.657,-53.685],[-92.994,-69.406],[-107.555,-22.193],[-79.893,11.875],[-58.821,-5.873],[-41.729,11.651],[-17.511,3.338],[-12.233,30.228],[9.468,27.592],[5.689,64.629],[54.499,62.768],[73.533,13.343],[28.211,5.236],[27.123,-35.351]],"c":true}]}],"ix":2},"nm":"Path 1","mn":"ADBE Vector Shape - Group","hd":false},{"ty":"fl","c":{"a":0,"k":[0.741000007181,0.808000033509,0.275,1],"ix":4},"o":{"a":0,"k":100,"ix":5},"r":1,"bm":0,"nm":"Fill 1","mn":"ADBE Vector Graphic - Fill","hd":false},{"ty":"tr","p":{"a":0,"k":[561.09,251.37],"ix":2},"a":{"a":0,"k":[0,0],"ix":1},"s":{"a":0,"k":[100,100],"ix":3},"r":{"a":0,"k":0,"ix":6},"o":{"a":0,"k":100,"ix":7},"sk":{"a":0,"k":0,"ix":4},"sa":{"a":0,"k":0,"ix":5},"nm":"Transform"}],"nm":"Group 4","np":2,"cix":2,"bm":0,"ix":4,"mn":"ADBE Vector Group","hd":false},{"ty":"gr","it":[{"ind":0,"ty":"sh","ix":1,"ks":{"a":1,"k":[{"i":{"x":0.833,"y":0.833},"o":{"x":0.167,"y":0},"t":11,"s":[{"i":[[13.197,0],[11.76,-67.52],[66.88,-14.88],[3.04,34.96],[9.12,13.44],[33.28,50.64],[-6.16,8.08],[-72.48,11.84],[-1.84,25.68],[-36.516,-43.522]],"o":[[-27.28,0],[-11.76,67.52],[-48.48,10.8],[-3.2,-36.56],[-11.12,-16.4],[-29.12,-44.32],[5.92,-7.68],[72.48,-11.84],[0.95,-13.257],[34.527,41.152]],"v":[[9.52,59.04],[-43.76,205.28],[-153.44,366.08],[-250.08,290.8],[-256.88,204.32],[-357.28,153.84],[-367.84,71.12],[-260.64,13.76],[-48.72,-2.96],[35.036,-21.758]],"c":true}]},{"i":{"x":0.833,"y":0.833},"o":{"x":0.167,"y":0.167},"t":20,"s":[{"i":[[13.197,0],[13.357,-67.222],[67.21,-13.309],[2.23,35.021],[8.794,13.656],[32.065,51.418],[-6.35,7.932],[-72.74,10.119],[-1.84,25.68],[-36.516,-43.522]],"o":[[-27.28,0],[-13.357,67.222],[-48.722,9.648],[-2.333,-36.626],[-10.728,-16.659],[-28.061,-44.998],[6.1,-7.538],[72.74,-10.119],[0.95,-13.257],[34.527,41.152]],"v":[[9.52,59.04],[-48.762,204.036],[-162.222,362.191],[-257.051,284.641],[-261.799,198.024],[-360.975,145.179],[-369.571,62.232],[-261.042,7.429],[-48.72,-2.96],[35.036,-21.758]],"c":true}]},{"i":{"x":0.833,"y":0.833},"o":{"x":0.167,"y":0.167},"t":33,"s":[{"i":[[13.197,0],[8.981,-67.942],[66.205,-17.627],[4.49,34.802],[9.658,13.057],[35.321,49.234],[-5.823,8.325],[-71.93,14.801],[-1.84,25.68],[-36.516,-43.522]],"o":[[-27.28,0],[-8.981,67.942],[-47.994,12.778],[-4.696,-36.396],[-11.782,-15.929],[-30.911,-43.086],[5.6,-7.916],[71.93,-14.801],[0.95,-13.257],[34.527,41.151]],"v":[[9.52,59.04],[-35.025,207.17],[-138.014,372.323],[-237.653,301.073],[-247.993,214.949],[-350.373,168.631],[-364.315,86.418],[-259.563,24.714],[-48.72,-2.96],[35.036,-21.758]],"c":true}]},{"i":{"x":0.833,"y":0.833},"o":{"x":0.167,"y":0.167},"t":39,"s":[{"i":[[13.197,0],[11.76,-67.52],[66.88,-14.88],[3.04,34.96],[9.12,13.44],[33.28,50.64],[-6.16,8.08],[-72.48,11.84],[-1.84,25.68],[-36.516,-43.522]],"o":[[-27.28,0],[-11.76,67.52],[-48.48,10.8],[-3.2,-36.56],[-11.12,-16.4],[-29.12,-44.32],[5.92,-7.68],[72.48,-11.84],[0.95,-13.257],[34.527,41.151]],"v":[[9.52,59.04],[-43.76,205.28],[-153.44,366.08],[-250.08,290.8],[-256.88,204.32],[-357.28,153.84],[-367.84,71.12],[-260.64,13.76],[-48.72,-2.96],[35.036,-21.758]],"c":true}]},{"t":48,"s":[{"i":[[10.101,7.107],[-14.371,-67.013],[49.502,-47.369],[59.003,67.194],[9.12,13.44],[33.28,50.64],[-6.16,8.08],[-72.48,11.84],[-15.283,18.597],[-4.435,-52.862]],"o":[[-20.88,-14.691],[14.556,67.873],[-35.885,34.339],[-25.291,-28.802],[-11.12,-16.4],[-29.12,-44.32],[5.92,-7.68],[72.48,-11.84],[7.89,-9.6],[4.193,49.982]],"v":[[-16.4,48.956],[-29.546,185.942],[50.934,386.975],[-202.553,297.23],[-256.88,204.32],[-357.28,153.84],[-367.84,71.12],[-260.64,13.76],[-52.012,-13.232],[39.164,-3.723]],"c":true}]}],"ix":2},"nm":"Path 1","mn":"ADBE Vector Shape - Group","hd":false},{"ind":1,"ty":"sh","ix":2,"ks":{"a":1,"k":[{"i":{"x":0.833,"y":0.833},"o":{"x":0.167,"y":0},"t":11,"s":[{"i":[[-21.68,1.52],[38.919,-45.065],[-0.944,13.177],[37.2,0],[38.32,30.88],[1.76,7.44],[-42.08,25.68],[-12.4,8.64],[-36.64,53.52],[-6,-2.48],[-22.32,-45.2],[0,-37.84]],"o":[[12.932,-0.935],[-32.898,38.093],[1.84,-25.68],[-37.2,0],[-29.12,-23.52],[-2.8,-11.6],[52.32,-32],[12.4,-8.64],[28.48,-41.52],[25.12,10.16],[22.32,45.2],[0,37.84]],"v":[[-1.04,-64.32],[29.601,14.785],[-48.72,-2.96],[-197.44,-24.32],[-349.92,-52.24],[-389.44,-106.88],[-342.32,-195.84],[-235.84,-214.48],[-209.12,-318.56],[-125.44,-365.68],[-46.88,-290.08],[-17.12,-155.6]],"c":true}]},{"i":{"x":0.833,"y":0.833},"o":{"x":0.167,"y":0.167},"t":23,"s":[{"i":[[-21.68,1.52],[38.919,-45.065],[-0.944,13.177],[37.192,0.779],[37.63,31.718],[1.604,7.475],[-42.584,24.835],[-12.578,8.378],[-37.8,52.707],[-5.947,-2.605],[-21.369,-45.657],[0.792,-37.832]],"o":[[12.932,-0.935],[-32.898,38.093],[1.84,-25.68],[-37.192,-0.779],[-28.621,-24.125],[-2.556,-11.656],[52.979,-30.897],[12.578,-8.378],[29.343,-40.915],[24.902,10.684],[21.369,45.657],[-0.792,37.832]],"v":[[-1.04,-64.32],[29.601,14.785],[-48.72,-2.96],[-197.033,-28.509],[-348.895,-59.616],[-387.263,-115.072],[-338.29,-203.026],[-231.443,-219.432],[-202.55,-322.93],[-117.901,-368.287],[-40.942,-291.058],[-14.004,-155.985]],"c":true}]},{"i":{"x":0.833,"y":0.833},"o":{"x":0.167,"y":0.167},"t":31,"s":[{"i":[[-21.68,1.52],[38.919,-45.065],[-0.944,13.177],[37.177,-1.26],[39.309,29.606],[2.011,7.376],[-41.157,27.13],[-12.099,9.055],[-34.853,54.696],[-6.08,-2.275],[-23.838,-44.415],[-1.282,-37.816]],"o":[[12.932,-0.935],[-32.898,38.093],[1.84,-25.68],[-37.177,1.26],[-29.899,-22.518],[-3.191,-11.498],[51.203,-33.753],[12.099,-9.055],[27.055,-42.459],[25.449,9.302],[23.838,44.415],[1.282,37.816]],"v":[[-1.04,-64.32],[29.601,14.785],[-48.72,-2.96],[-197.978,-17.578],[-351.308,-40.314],[-392.654,-93.58],[-348.578,-184.081],[-242.797,-206.317],[-219.62,-311.237],[-137.59,-361.163],[-56.517,-288.273],[-22.219,-154.885]],"c":true}]},{"i":{"x":0.833,"y":0.833},"o":{"x":0.167,"y":0.167},"t":39,"s":[{"i":[[-21.68,1.52],[38.919,-45.065],[-0.944,13.177],[37.2,0],[38.32,30.88],[1.76,7.44],[-42.08,25.68],[-12.4,8.64],[-36.64,53.52],[-6,-2.48],[-22.32,-45.2],[0,-37.84]],"o":[[12.932,-0.935],[-32.898,38.093],[1.84,-25.68],[-37.2,0],[-29.12,-23.52],[-2.8,-11.6],[52.32,-32],[12.4,-8.64],[28.48,-41.52],[25.12,10.16],[22.32,45.2],[0,37.84]],"v":[[-1.04,-64.32],[29.601,14.785],[-48.72,-2.96],[-197.44,-24.32],[-349.92,-52.24],[-389.44,-106.88],[-342.32,-195.84],[-235.84,-214.48],[-209.12,-318.56],[-125.44,-365.68],[-46.88,-290.08],[-17.12,-155.6]],"c":true}]},{"t":48,"s":[{"i":[[-17.415,-10.516],[54.136,-13.414],[-7.842,9.542],[36.458,-7.395],[43.668,22.695],[3.204,6.942],[-36.103,33.568],[-10.435,10.932],[-25.324,59.712],[-6.373,-1.238],[-30.859,-39.861],[-7.522,-37.085]],"o":[[10.403,6.251],[-45.761,11.339],[15.283,-18.597],[-36.458,7.395],[-33.214,-17.262],[-5.05,-10.812],[44.915,-41.762],[10.435,-10.932],[19.658,-46.353],[26.638,4.964],[30.859,39.861],[7.522,37.085]],"v":[[34.548,-55.615],[15.261,21.223],[-52.012,-13.232],[-186.342,14.264],[-341.329,17.211],[-390.921,-28.483],[-362.425,-125.034],[-261.775,-164.468],[-256.277,-271.782],[-183.634,-334.596],[-91.614,-276.12],[-35.716,-150.24]],"c":true}]}],"ix":2},"nm":"Path 2","mn":"ADBE Vector Shape - Group","hd":false},{"ind":2,"ty":"sh","ix":3,"ks":{"a":1,"k":[{"i":{"x":0.833,"y":0.833},"o":{"x":0.167,"y":0},"t":11,"s":[{"i":[[-11.096,0.778],[-2.16,56.48],[-24,22.48],[-8.16,1.52],[-18,-42.48],[-13.04,-11.2],[-46.48,-42.8],[0,-8.64],[48.4,-14.56],[32.16,0.64],[-0.64,-14.24],[35.485,27.82]],"o":[[26.56,-1.92],[3.6,-94.48],[22.8,-21.36],[12.8,-2.32],[15.44,36.48],[13.04,11.2],[46.48,42.8],[0,8.64],[-59.92,18.08],[-32.16,-0.64],[0.312,6.952],[-36.174,-28.36]],"v":[[-1.04,-64.32],[13.84,-193.2],[67.52,-341.36],[134.56,-374.56],[198.56,-311.6],[225.84,-218],[345.76,-183.12],[391.92,-92.8],[315.04,-34.24],[118,-24.64],[62.24,-7.92],[-12.965,6.9]],"c":true}]},{"i":{"x":0.833,"y":0.833},"o":{"x":0.167,"y":0.167},"t":39,"s":[{"i":[[-11.096,0.778],[-2.16,56.48],[-24,22.48],[-8.16,1.52],[-18,-42.48],[-13.04,-11.2],[-46.48,-42.8],[0,-8.64],[48.4,-14.56],[32.16,0.64],[-0.64,-14.24],[35.485,27.82]],"o":[[26.56,-1.92],[3.6,-94.48],[22.8,-21.36],[12.8,-2.32],[15.44,36.48],[13.04,11.2],[46.48,42.8],[0,8.64],[-59.92,18.08],[-32.16,-0.64],[0.312,6.952],[-36.174,-28.36]],"v":[[-1.04,-64.32],[13.84,-193.2],[67.52,-341.36],[134.56,-374.56],[198.56,-311.6],[225.84,-218],[345.76,-183.12],[391.92,-92.8],[315.04,-34.24],[118,-24.64],[62.24,-7.92],[-12.965,6.9]],"c":true}]},{"t":48,"s":[{"i":[[-8.914,-5.382],[19.558,53.029],[4.161,32.62],[-5.17,6.494],[-100.825,-67.098],[-15.4,-7.636],[-55.604,-30.008],[-2.132,-8.373],[43.289,-26.088],[31.324,-7.315],[7.204,-11.206],[12.129,40.329]],"o":[[21.366,12.839],[-25.224,-68.39],[-4.18,-32.77],[8.152,-10.137],[32.978,21.946],[15.4,7.636],[55.604,30.008],[2.132,8.373],[-53.606,32.306],[-31.324,7.315],[-3.517,5.471],[-12.365,-41.112]],"v":[[34.548,-55.615],[6.992,-174.182],[-86.062,-312.158],[-69.486,-374.236],[136.312,-336.915],[187.909,-241.462],[312.728,-237.25],[379.747,-161.112],[319.693,-85.393],[131.114,-27.472],[52.51,21.482],[-13.058,-7.714]],"c":true}]}],"ix":2},"nm":"Path 3","mn":"ADBE Vector Shape - Group","hd":false},{"ind":3,"ty":"sh","ix":4,"ks":{"a":1,"k":[{"i":{"x":0.833,"y":0.833},"o":{"x":0.167,"y":0},"t":11,"s":[{"i":[[-0.316,-7.021],[-31.6,0.64],[-57.76,-26],[-4.96,-24.48],[22.32,-13.68],[10.88,-12.72],[50.8,-33.44],[10.4,8.801],[7.44,62.641],[27.28,0],[-31.269,41.512]],"o":[[0.64,14.24],[31.6,-0.64],[55.76,25.12],[4.32,21.36],[-22.32,13.6],[-14.88,17.36],[-50.8,33.44],[-38.96,-33.12],[-7.44,-62.56],[-13.83,0],[28.417,-37.726]],"v":[[62.24,-7.92],[133.52,2],[297.76,36.08],[371.52,121.6],[340.56,185.44],[258.72,210.56],[214.72,315.92],[104.96,326.4],[49.2,188.56],[9.52,59.04],[-3.897,-16.554]],"c":true}]},{"i":{"x":0.833,"y":0.833},"o":{"x":0.167,"y":0.167},"t":26,"s":[{"i":[[-0.316,-7.021],[-31.604,-0.374],[-56.888,-27.856],[-4.164,-24.628],[22.747,-12.957],[11.295,-12.353],[51.846,-31.794],[10.112,9.13],[5.437,62.847],[27.28,0],[-31.269,41.512]],"o":[[0.64,14.24],[31.604,0.374],[54.926,26.895],[3.633,21.488],[-22.745,12.877],[-15.429,16.874],[-51.846,31.794],[-37.878,-34.352],[-5.43,-62.766],[-13.83,0],[28.417,-37.726]],"v":[[62.24,-7.92],[133.5,5.989],[296.563,45.319],[367.542,133.161],[334.551,195.975],[251.947,218.457],[204.591,322.352],[94.551,329.307],[43.24,189.749],[9.52,59.04],[-3.897,-16.554]],"c":true}]},{"i":{"x":0.833,"y":0.833},"o":{"x":0.167,"y":0.167},"t":39,"s":[{"i":[[-0.316,-7.021],[-31.6,0.64],[-57.76,-26],[-4.96,-24.48],[22.32,-13.68],[10.88,-12.72],[50.8,-33.44],[10.4,8.801],[7.44,62.641],[27.28,0],[-31.269,41.512]],"o":[[0.64,14.24],[31.6,-0.64],[55.76,25.12],[4.32,21.36],[-22.32,13.6],[-14.88,17.36],[-50.8,33.44],[-38.96,-33.12],[-7.44,-62.56],[-13.83,0],[28.417,-37.726]],"v":[[62.24,-7.92],[133.52,2],[297.76,36.08],[371.52,121.6],[340.56,185.44],[258.72,210.56],[214.72,315.92],[104.96,326.4],[49.2,188.56],[9.52,59.04],[-3.897,-16.554]],"c":true}]},{"t":48,"s":[{"i":[[3.552,-5.525],[-29.876,10.314],[-63.191,4.368],[-15.935,-19.234],[28.635,-38.618],[6.463,-15.44],[38.075,-47.426],[12.6,5.182],[26.328,57.325],[20.88,14.691],[-46.361,14.824]],"o":[[-7.204,11.206],[29.876,-10.314],[61.011,-4.218],[13.903,16.782],[-17.064,19.798],[-8.829,21.091],[-38.075,47.426],[-47.249,-19.554],[-26.294,-57.251],[-10.586,-7.448],[42.133,-13.472]],"v":[[52.51,21.482],[80.524,34.75],[277.352,-39.93],[382.774,0.573],[343.596,117.331],[263.727,194.778],[254.212,308.56],[152.976,352.243],[57.577,238.19],[-16.4,48.956],[6.554,-20.721]],"c":true}]}],"ix":2},"nm":"Path 4","mn":"ADBE Vector Shape - Group","hd":false},{"ty":"fl","c":{"a":0,"k":[0.545000023935,0.752999997606,0.169000004787,1],"ix":4},"o":{"a":0,"k":100,"ix":5},"r":1,"bm":0,"nm":"Fill 1","mn":"ADBE Vector Graphic - Fill","hd":false},{"ty":"tr","p":{"a":0,"k":[421.45,389.77],"ix":2},"a":{"a":0,"k":[0,0],"ix":1},"s":{"a":0,"k":[100,100],"ix":3},"r":{"a":0,"k":0,"ix":6},"o":{"a":0,"k":100,"ix":7},"sk":{"a":0,"k":0,"ix":4},"sa":{"a":0,"k":0,"ix":5},"nm":"Transform"}],"nm":"Group 5 MAIN","np":5,"cix":2,"bm":0,"ix":5,"mn":"ADBE Vector Group","hd":false},{"ty":"gr","it":[{"ind":0,"ty":"sh","ix":1,"ks":{"a":1,"k":[{"i":{"x":0.833,"y":0.833},"o":{"x":0.333,"y":0},"t":11,"s":[{"i":[[0,0],[-21.68,-33.52],[-41.6,34],[-8.4,9.68],[-18.08,38.801],[22.72,27.84]],"o":[[0,0],[24.4,37.84],[49.84,-40.801],[8.4,-9.68],[18.16,-38.88],[-22.64,-27.84]],"v":[[2.92,-45.2],[-129.56,106.16],[27.56,124.401],[68.36,32.48],[133.08,-17.36],[124.6,-130.56]],"c":true}]},{"i":{"x":0.833,"y":0.833},"o":{"x":0.167,"y":0.167},"t":26,"s":[{"i":[[0,0],[-20.547,-34.226],[-42.643,32.682],[-8.706,9.406],[-19.35,38.183],[21.815,28.554]],"o":[[0,0],[23.174,38.603],[51.123,-39.182],[8.706,-9.406],[19.398,-38.278],[-21.736,-28.552]],"v":[[-2.492,-38.136],[-139.759,108.898],[16.696,132.168],[60.423,41.603],[126.708,-6.136],[121.863,-119.549]],"c":true}]},{"i":{"x":0.833,"y":0.833},"o":{"x":0.167,"y":0.167},"t":39,"s":[{"i":[[0,0],[-21.68,-33.52],[-41.6,34],[-8.4,9.68],[-18.08,38.801],[22.72,27.84]],"o":[[0,0],[24.4,37.84],[49.84,-40.801],[8.4,-9.68],[18.16,-38.88],[-22.64,-27.84]],"v":[[2.92,-45.2],[-129.56,106.16],[27.56,124.401],[68.36,32.48],[133.08,-17.36],[124.6,-130.56]],"c":true}]},{"t":48,"s":[{"i":[[0,0],[-30.892,-25.284],[-29.111,45.156],[-5.021,11.792],[-15.85,39.764],[33.18,13.796]],"o":[[0,0],[34.842,28.517],[34.9,-54.136],[5.021,-11.792],[28.619,-71.798],[-33.11,-13.833]],"v":[[-3.685,-50.77],[-83.276,133.962],[71.853,103.066],[82.45,3.057],[157.809,-109.91],[119.813,-238.634]],"c":true}]}],"ix":2},"nm":"Path 1","mn":"ADBE Vector Shape - Group","hd":false},{"ty":"fl","c":{"a":0,"k":[0.395999983245,0.635000011968,0.105999995213,1],"ix":4},"o":{"a":0,"k":100,"ix":5},"r":1,"bm":0,"nm":"Fill 1","mn":"ADBE Vector Graphic - Fill","hd":false},{"ty":"tr","p":{"a":0,"k":[650.61,603.53],"ix":2},"a":{"a":0,"k":[0,0],"ix":1},"s":{"a":0,"k":[100,100],"ix":3},"r":{"a":0,"k":0,"ix":6},"o":{"a":0,"k":100,"ix":7},"sk":{"a":0,"k":0,"ix":4},"sa":{"a":0,"k":0,"ix":5},"nm":"Transform"}],"nm":"Group 6","np":2,"cix":2,"bm":0,"ix":6,"mn":"ADBE Vector Group","hd":false},{"ty":"gr","it":[{"ind":0,"ty":"sh","ix":1,"ks":{"a":1,"k":[{"i":{"x":0.667,"y":1},"o":{"x":0.333,"y":0},"t":11,"s":[{"i":[[0,0],[-37.2,-59.52],[0,0],[-44.08,-38.799],[-20.08,12.321],[0,0]],"o":[[-18.8,11.68],[32.4,51.76],[0,0],[42.72,37.68],[23.92,-14.64],[0,0]],"v":[[-94.04,-161.52],[-114.84,-34.08],[-36.52,16.4],[-4.12,123.84],[128.12,136.8],[86.52,-74.24]],"c":true}]},{"i":{"x":0.667,"y":1},"o":{"x":0.333,"y":0},"t":20,"s":[{"i":[[0,0],[-35.558,-60.436],[0,0],[-42.963,-39.946],[-20.388,11.757],[0,0]],"o":[[-19.089,11.158],[30.961,52.563],[0,0],[41.647,38.781],[24.282,-13.976],[0,0]],"v":[[-94.788,-170.759],[-118.995,-44.052],[-42.141,8.471],[-12.68,116.639],[119.032,133.146],[83.176,-78.731]],"c":true}]},{"i":{"x":0.833,"y":0.833},"o":{"x":0.333,"y":0},"t":33,"s":[{"i":[[0,0],[-39.234,-58.099],[0,0],[-45.304,-37.249],[-19.631,12.971],[0,0]],"o":[[-18.362,12.31],[34.133,50.545],[0,0],[43.947,36.133],[23.37,-15.442],[0,0]],"v":[[-89.82,-148.259],[-106.171,-20.328],[-26.244,27.35],[9.816,133.475],[142.267,141.835],[93.437,-67.386]],"c":true}]},{"i":{"x":0.833,"y":0.833},"o":{"x":0.167,"y":0.167},"t":39,"s":[{"i":[[0,0],[-37.2,-59.52],[0,0],[-44.08,-38.799],[-20.08,12.321],[0,0]],"o":[[-18.8,11.68],[32.4,51.76],[0,0],[42.72,37.68],[23.92,-14.64],[0,0]],"v":[[-94.04,-161.52],[-114.84,-34.08],[-36.52,16.4],[-4.12,123.84],[128.12,136.8],[86.52,-74.24]],"c":true}]},{"t":48,"s":[{"i":[[0,0],[-37.2,-59.52],[0,0],[-49.493,-31.604],[-10.824,20.925],[0,0]],"o":[[-18.8,11.68],[32.4,51.76],[0,0],[175.758,112.231],[12.885,-24.909],[0,0]],"v":[[-94.04,-161.52],[-114.84,-34.08],[-36.52,16.4],[67.681,132.974],[325.993,148.795],[86.52,-74.24]],"c":true}]}],"ix":2},"nm":"Path 1","mn":"ADBE Vector Shape - Group","hd":false},{"ty":"fl","c":{"a":0,"k":[0.395999983245,0.635000011968,0.105999995213,1],"ix":4},"o":{"a":0,"k":100,"ix":5},"r":1,"bm":0,"nm":"Fill 1","mn":"ADBE Vector Graphic - Fill","hd":false},{"ty":"tr","p":{"a":0,"k":[159.09,611.85],"ix":2},"a":{"a":0,"k":[0,0],"ix":1},"s":{"a":0,"k":[100,100],"ix":3},"r":{"a":0,"k":0,"ix":6},"o":{"a":0,"k":100,"ix":7},"sk":{"a":0,"k":0,"ix":4},"sa":{"a":0,"k":0,"ix":5},"nm":"Transform"}],"nm":"Group 7","np":2,"cix":2,"bm":0,"ix":7,"mn":"ADBE Vector Group","hd":false},{"ty":"gr","it":[{"ind":0,"ty":"sh","ix":1,"ks":{"a":1,"k":[{"i":{"x":0.833,"y":0.833},"o":{"x":0.333,"y":0},"t":11,"s":[{"i":[[0,0],[-30.4,31.12],[-40.64,-17.52],[0,0],[0,0],[-44.72,65.12]],"o":[[0,0],[27.2,-27.84],[52.48,22.64],[0,0],[0,0],[38.16,-55.68]],"v":[[-25.2,-22.64],[11.04,-112.64],[122.96,-134],[66.08,55.04],[-129.44,151.52],[-130.72,24]],"c":true}]},{"i":{"x":0.833,"y":0.833},"o":{"x":0.167,"y":0.167},"t":23,"s":[{"i":[[0,0],[-31.047,30.474],[-40.26,-18.377],[0,0],[0,0],[-46.013,64.213]],"o":[[0,0],[27.777,-27.264],[51.994,23.734],[0,0],[0,0],[39.318,-54.869]],"v":[[-19.976,-28.319],[18.14,-117.54],[130.483,-136.552],[69.657,51.256],[-127.84,143.62],[-126.45,16.102]],"c":true}]},{"i":{"x":0.833,"y":0.833},"o":{"x":0.167,"y":0.167},"t":31,"s":[{"i":[[0,0],[-29.329,32.128],[-41.204,-16.142],[0,0],[0,0],[-42.423,66.635]],"o":[[0,0],[26.24,-28.744],[53.214,20.848],[0,0],[0,0],[36.249,-56.938]],"v":[[-33.46,-13.263],[-0.293,-104.434],[110.833,-129.573],[60.394,61.276],[-131.734,164.32],[-137.334,36.923]],"c":true}]},{"i":{"x":0.833,"y":0.833},"o":{"x":0.167,"y":0.167},"t":39,"s":[{"i":[[0,0],[-30.4,31.12],[-40.64,-17.52],[0,0],[0,0],[-44.72,65.12]],"o":[[0,0],[27.2,-27.84],[52.48,22.64],[0,0],[0,0],[38.16,-55.68]],"v":[[-25.2,-22.64],[11.04,-112.64],[122.96,-134],[66.08,55.04],[-129.44,151.52],[-130.72,24]],"c":true}]},{"t":48,"s":[{"i":[[0,0],[-23.61,36.54],[-43.309,-9.103],[0,0],[0,0],[-30.814,72.739]],"o":[[0,0],[21.123,-32.691],[55.933,11.756],[0,0],[0,0],[26.33,-62.154]],"v":[[-58.21,35.134],[-40.584,-60.274],[64.857,-103.455],[46.689,93.119],[-125.751,226.539],[-152.354,101.818]],"c":true}]}],"ix":2},"nm":"Path 1","mn":"ADBE Vector Shape - Group","hd":false},{"ty":"fl","c":{"a":0,"k":[0.395999983245,0.635000011968,0.105999995213,1],"ix":4},"o":{"a":0,"k":100,"ix":5},"r":1,"bm":0,"nm":"Fill 1","mn":"ADBE Vector Graphic - Fill","hd":false},{"ty":"tr","p":{"a":0,"k":[175.69,158.81],"ix":2},"a":{"a":0,"k":[0,0],"ix":1},"s":{"a":0,"k":[100,100],"ix":3},"r":{"a":0,"k":0,"ix":6},"o":{"a":0,"k":100,"ix":7},"sk":{"a":0,"k":0,"ix":4},"sa":{"a":0,"k":0,"ix":5},"nm":"Transform"}],"nm":"Group 8","np":2,"cix":2,"bm":0,"ix":8,"mn":"ADBE Vector Group","hd":false},{"ty":"gr","it":[{"ind":0,"ty":"sh","ix":1,"ks":{"a":1,"k":[{"i":{"x":0.833,"y":0.833},"o":{"x":0.333,"y":0},"t":11,"s":[{"i":[[0,0],[-39.52,-40.08],[-9.76,-7.12],[-41.44,-41.44],[18.16,-17.52],[0,0]],"o":[[18.16,-9.04],[39.52,40.08],[9.68,7.12],[41.44,41.44],[-18.16,17.52],[0,0]],"v":[[-154.44,-136.92],[-37.24,-120.12],[2.28,-23],[113,13.88],[123.96,142.68],[-71.56,34.6]],"c":true}]},{"i":{"x":0.833,"y":0.833},"o":{"x":0.167,"y":0.167},"t":39,"s":[{"i":[[0,0],[-39.52,-40.08],[-9.76,-7.12],[-41.44,-41.44],[18.16,-17.52],[0,0]],"o":[[18.16,-9.04],[39.52,40.08],[9.68,7.12],[41.44,41.44],[-18.16,17.52],[0,0]],"v":[[-154.44,-136.92],[-37.24,-120.12],[2.28,-23],[113,13.88],[123.96,142.68],[-71.56,34.6]],"c":true}]},{"t":48,"s":[{"i":[[0,0],[-163.317,-70.163],[-11.215,-4.492],[-50.384,-29.934],[13.276,-21.459],[0,0]],"o":[[7.8,-18.726],[51.716,22.218],[11.138,4.511],[50.384,29.934],[-13.276,21.459],[0,0]],"v":[[-346.975,-122.385],[-131.949,-149.011],[-45.376,-55.429],[71.021,-47.009],[113.423,75.105],[-102.72,18.61]],"c":true}]}],"ix":2},"nm":"Path 1","mn":"ADBE Vector Shape - Group","hd":false},{"ty":"fl","c":{"a":0,"k":[0.395999983245,0.635000011968,0.105999995213,1],"ix":4},"o":{"a":0,"k":100,"ix":5},"r":1,"bm":0,"nm":"Fill 1","mn":"ADBE Vector Graphic - Fill","hd":false},{"ty":"tr","p":{"a":0,"k":[685.65,160.45],"ix":2},"a":{"a":0,"k":[0,0],"ix":1},"s":{"a":0,"k":[100,100],"ix":3},"r":{"a":0,"k":0,"ix":6},"o":{"a":0,"k":100,"ix":7},"sk":{"a":0,"k":0,"ix":4},"sa":{"a":0,"k":0,"ix":5},"nm":"Transform"}],"nm":"Group 9","np":2,"cix":2,"bm":0,"ix":9,"mn":"ADBE Vector Group","hd":false}],"ip":0,"op":49,"st":0,"bm":0},{"ddd":0,"ind":5,"ty":4,"nm":"stem ","parent":1,"sr":1,"ks":{"o":{"a":0,"k":100,"ix":11},"r":{"a":1,"k":[{"i":{"x":[0.293],"y":[1]},"o":{"x":[0.167],"y":[0.167]},"t":36,"s":[0]},{"i":{"x":[0.667],"y":[1]},"o":{"x":[0.333],"y":[0]},"t":59,"s":[10]},{"i":{"x":[0.667],"y":[1]},"o":{"x":[0.333],"y":[0]},"t":86,"s":[-1.304]},{"t":108,"s":[0]}],"ix":10},"p":{"a":0,"k":[-3.89,-85.72,0],"ix":2,"l":2},"a":{"a":0,"k":[34.76,-14.59,0],"ix":1,"l":2},"s":{"a":0,"k":[100,100,100],"ix":6,"l":2}},"ao":0,"shapes":[{"ty":"gr","it":[{"ind":0,"ty":"sh","ix":1,"ks":{"a":1,"k":[{"i":{"x":0.667,"y":1},"o":{"x":0.333,"y":0},"t":8,"s":[{"i":[[0,0],[0,0],[6,-43.039],[-12.08,-90.32],[-30.96,-33.52],[-6,-13.76],[-14.64,0],[-3.44,27.52],[46.48,50.72],[6.08,70.48],[-4.32,26.719]],"o":[[0,0],[0,0],[-6,42.96],[12,90.32],[12.4,13.44],[6,13.76],[14.64,0],[3.44,-27.52],[-42.64,-46.56],[-6,-70.48],[4.32,-26.64]],"v":[[-37.88,-275.16],[-92.04,-258.84],[-94.6,-185.721],[-100.6,16.36],[-13.72,189.16],[37.88,241.64],[68.84,275.16],[109.24,229.56],[22.36,154.76],[-57.64,-16.36],[-49.88,-181.48]],"c":true}]},{"i":{"x":0.833,"y":1},"o":{"x":0.167,"y":0},"t":26,"s":[{"i":[[0,0],[0,0],[2.178,-43.401],[-19.949,-88.914],[-25.167,-38.062],[-3.717,-14.544],[-14.451,-2.346],[-7.806,26.613],[37.732,57.526],[12.216,69.679],[-1.951,26.996]],"o":[[0,0],[0,0],[-2.174,43.322],[19.947,88.903],[10.086,15.254],[3.717,14.544],[14.451,2.346],[7.806,-26.613],[-34.627,-52.792],[-12.214,-69.672],[1.945,-26.918]],"v":[[-40.925,-285.721],[-93.428,-264.671],[-89.506,-191.613],[-69.597,10.206],[-12.699,181.545],[29.823,241.616],[55.011,279.665],[102.197,241.129],[28.427,153.372],[-29.701,-26.188],[-44.586,-191.346]],"c":true}]},{"i":{"x":0.833,"y":1},"o":{"x":0.333,"y":0},"t":36,"s":[{"i":[[0,0],[0,0],[12.994,-41.467],[-12.08,-90.32],[-34.691,-29.642],[-7.585,-12.954],[-14.537,1.732],[-0.161,27.734],[52.138,44.883],[6.08,70.48],[-8.659,25.643]],"o":[[0,0],[0,0],[-12.971,41.392],[12,90.32],[13.903,11.879],[7.585,12.954],[14.537,-1.732],[0.161,-27.734],[-47.848,-41.19],[-6,-70.48],[8.635,-25.569]],"v":[[-37.88,-275.16],[-92.04,-258.84],[-110.314,-189.254],[-128.6,16.36],[-13.683,182.822],[43.762,228.83],[78.469,258.453],[113.192,208.395],[18.075,144.396],[-85.64,-16.36],[-66.897,-177.73]],"c":true}]},{"i":{"x":0.833,"y":1},"o":{"x":0.333,"y":0},"t":70,"s":[{"i":[[0,0],[0,0],[6,-43.039],[-7.355,-90.827],[-27.524,-36.395],[-4.629,-14.28],[-14.57,-1.428],[-6.108,27.053],[41.294,55.025],[2.38,70.702],[-4.32,26.719]],"o":[[0,0],[0,0],[-6,42.96],[7.355,90.816],[11.03,14.585],[4.629,14.28],[14.57,1.428],[6.108,-27.053],[-37.896,-50.497],[-2.379,-70.695],[4.32,-26.64]],"v":[[-37.88,-275.16],[-92.04,-258.84],[-94.6,-185.721],[-111.047,14.434],[-42.127,193.794],[4.108,251.056],[31.652,287.436],[76.306,245.993],[-2.864,163.077],[-66.466,-16.041],[-49.88,-181.48]],"c":true}]},{"t":86,"s":[{"i":[[0,0],[0,0],[6,-43.039],[-12.08,-90.32],[-30.96,-33.52],[-6,-13.76],[-14.64,0],[-3.44,27.52],[46.48,50.72],[6.08,70.48],[-4.32,26.719]],"o":[[0,0],[0,0],[-6,42.96],[12,90.32],[12.4,13.44],[6,13.76],[14.64,0],[3.44,-27.52],[-42.64,-46.56],[-6,-70.48],[4.32,-26.64]],"v":[[-37.88,-275.16],[-92.04,-258.84],[-94.6,-185.721],[-100.6,16.36],[-13.72,189.16],[37.88,241.64],[68.84,275.16],[109.24,229.56],[22.36,154.76],[-57.64,-16.36],[-49.88,-181.48]],"c":true}]}],"ix":2},"nm":"Path 1","mn":"ADBE Vector Shape - Group","hd":false},{"ty":"fl","c":{"a":0,"k":[0.395999983245,0.635000011968,0.105999995213,1],"ix":4},"o":{"a":0,"k":100,"ix":5},"r":1,"bm":0,"nm":"Fill 1","mn":"ADBE Vector Graphic - Fill","hd":false},{"ty":"tr","p":{"a":0,"k":[112.93,275.41],"ix":2},"a":{"a":0,"k":[0,0],"ix":1},"s":{"a":0,"k":[100,100],"ix":3},"r":{"a":0,"k":0,"ix":6},"o":{"a":0,"k":100,"ix":7},"sk":{"a":0,"k":0,"ix":4},"sa":{"a":0,"k":0,"ix":5},"nm":"Transform"}],"nm":"Group 1","np":2,"cix":2,"bm":0,"ix":1,"mn":"ADBE Vector Group","hd":false}],"ip":0,"op":129,"st":0,"bm":0}],"markers":[{"tm":107,"cm":"rest","dr":0}]}