{"v":"5.8.1","fr":60,"ip":0,"op":130,"w":1024,"h":1024,"nm":"emoji_60_shaking-face B","ddd":0,"assets":[{"id":"comp_0","nm":"emoji_60_shaking-face B pre","fr":60,"layers":[{"ddd":0,"ind":1,"ty":3,"nm":"Null All","sr":1,"ks":{"o":{"a":0,"k":0,"ix":11},"r":{"a":0,"k":-31.452,"ix":10},"p":{"a":0,"k":[512,512,0],"ix":2,"l":2},"a":{"a":0,"k":[0,0,0],"ix":1,"l":2},"s":{"a":0,"k":[100,100,100],"ix":6,"l":2}},"ao":0,"ip":0,"op":130,"st":0,"bm":0},{"ddd":0,"ind":2,"ty":3,"nm":"Null Head","parent":1,"sr":1,"ks":{"o":{"a":0,"k":0,"ix":11},"r":{"a":0,"k":0,"ix":10},"p":{"s":true,"x":{"a":1,"k":[{"i":{"x":[0.667],"y":[1]},"o":{"x":[0.333],"y":[0]},"t":4,"s":[0]},{"i":{"x":[0.833],"y":[0.833]},"o":{"x":[0.333],"y":[0]},"t":12,"s":[-40.847]},{"i":{"x":[0.667],"y":[1]},"o":{"x":[0.167],"y":[0.167]},"t":16,"s":[1.336]},{"i":{"x":[0.667],"y":[1]},"o":{"x":[0.333],"y":[0]},"t":20,"s":[35.991]},{"i":{"x":[0.667],"y":[1]},"o":{"x":[0.333],"y":[0]},"t":28,"s":[-40.847]},{"i":{"x":[0.667],"y":[1]},"o":{"x":[0.333],"y":[0]},"t":36,"s":[35.991]},{"i":{"x":[0.667],"y":[1]},"o":{"x":[0.333],"y":[0]},"t":44,"s":[-40.847]},{"i":{"x":[0.667],"y":[1]},"o":{"x":[0.333],"y":[0]},"t":54,"s":[35.991]},{"i":{"x":[0.667],"y":[1]},"o":{"x":[0.333],"y":[0]},"t":64,"s":[-28.066]},{"i":{"x":[0.667],"y":[1]},"o":{"x":[0.333],"y":[0]},"t":76,"s":[20.091]},{"i":{"x":[0.667],"y":[1]},"o":{"x":[0.333],"y":[0]},"t":88,"s":[-22.83]},{"i":{"x":[0.667],"y":[1]},"o":{"x":[0.167],"y":[0]},"t":100,"s":[14.916]},{"t":116,"s":[0]}],"ix":3},"y":{"a":0,"k":0,"ix":4}},"a":{"a":0,"k":[0,0,0],"ix":1,"l":2},"s":{"a":0,"k":[100,100,100],"ix":6,"l":2}},"ao":0,"ip":0,"op":130,"st":0,"bm":0},{"ddd":0,"ind":3,"ty":3,"nm":"Null Face","parent":2,"sr":1,"ks":{"o":{"a":0,"k":0,"ix":11},"r":{"a":0,"k":0,"ix":10},"p":{"s":true,"x":{"a":1,"k":[{"i":{"x":[0.667],"y":[1]},"o":{"x":[0.333],"y":[0]},"t":4,"s":[0]},{"i":{"x":[0.833],"y":[0.833]},"o":{"x":[0.333],"y":[0]},"t":12,"s":[-30.301]},{"i":{"x":[0.667],"y":[1]},"o":{"x":[0.167],"y":[0.167]},"t":16,"s":[1.336]},{"i":{"x":[0.667],"y":[1]},"o":{"x":[0.333],"y":[0]},"t":20,"s":[25.445]},{"i":{"x":[0.667],"y":[1]},"o":{"x":[0.333],"y":[0]},"t":28,"s":[-30.301]},{"i":{"x":[0.667],"y":[1]},"o":{"x":[0.333],"y":[0]},"t":36,"s":[25.445]},{"i":{"x":[0.667],"y":[1]},"o":{"x":[0.333],"y":[0]},"t":44,"s":[-30.301]},{"i":{"x":[0.667],"y":[1]},"o":{"x":[0.333],"y":[0]},"t":54,"s":[25.445]},{"i":{"x":[0.667],"y":[1]},"o":{"x":[0.333],"y":[0]},"t":64,"s":[-17.52]},{"i":{"x":[0.667],"y":[1]},"o":{"x":[0.333],"y":[0]},"t":76,"s":[25.072]},{"i":{"x":[0.667],"y":[1]},"o":{"x":[0.333],"y":[0]},"t":88,"s":[-15.107]},{"i":{"x":[0.667],"y":[1]},"o":{"x":[0.333],"y":[0]},"t":100,"s":[14.916]},{"t":116,"s":[0]}],"ix":3},"y":{"a":0,"k":0,"ix":4}},"a":{"a":0,"k":[0,0,0],"ix":1,"l":2},"s":{"a":0,"k":[100,100,100],"ix":6,"l":2}},"ao":0,"ip":0,"op":130,"st":0,"bm":0},{"ddd":0,"ind":4,"ty":4,"nm":"eyes ","parent":3,"sr":1,"ks":{"o":{"a":0,"k":100,"ix":11},"r":{"a":0,"k":31.452,"ix":10},"p":{"a":1,"k":[{"i":{"x":0.833,"y":0.833},"o":{"x":0.333,"y":0},"t":4,"s":[3.578,-92.246,0],"to":[0,0,0],"ti":[0,0,0]},{"i":{"x":0.667,"y":0.667},"o":{"x":0.167,"y":0.167},"t":16,"s":[17.327,-95.559,0],"to":[0,0,0],"ti":[0,0,0]},{"i":{"x":0.667,"y":1},"o":{"x":0.333,"y":0},"t":76,"s":[17.327,-95.559,0],"to":[0,0,0],"ti":[0,0,0]},{"t":100,"s":[3.578,-92.246,0]}],"ix":2,"l":2},"a":{"a":0,"k":[172.53,157.13,0],"ix":1,"l":2},"s":{"a":0,"k":[100,100,100],"ix":6,"l":2}},"ao":0,"shapes":[{"ty":"gr","it":[{"ind":0,"ty":"sh","ix":1,"ks":{"a":1,"k":[{"i":{"x":0.667,"y":1},"o":{"x":0.333,"y":0},"t":4,"s":[{"i":[[7.92,0.32],[0,0],[0.48,-11.12],[-7.92,-0.4],[-0.48,11.12]],"o":[[0,0],[-7.92,-0.32],[-0.48,11.12],[7.92,0.32],[0.48,-11.2]],"v":[[0.8,-17.88],[0.8,-17.88],[-15.2,-0.68],[-0.8,17.88],[15.2,0.68]],"c":true}]},{"i":{"x":0.833,"y":0.833},"o":{"x":0.333,"y":0},"t":12,"s":[{"i":[[7.92,0.32],[0,0],[0.48,-11.12],[-7.92,-0.4],[-0.48,11.12]],"o":[[0,0],[-7.92,-0.32],[-0.48,11.12],[7.92,0.32],[0.48,-11.2]],"v":[[0.8,-17.88],[0.8,-17.88],[-15.2,-0.68],[-0.8,17.88],[15.2,0.68]],"c":true}]},{"i":{"x":0.667,"y":1},"o":{"x":0.167,"y":0.167},"t":16,"s":[{"i":[[7.92,0.32],[0,0],[0.48,-11.12],[-7.92,-0.4],[-0.48,11.12]],"o":[[0,0],[-7.92,-0.32],[-0.48,11.12],[7.92,0.32],[0.48,-11.2]],"v":[[0.8,-17.88],[0.8,-17.88],[-15.2,-0.68],[-0.8,17.88],[15.2,0.68]],"c":true}]},{"i":{"x":0.667,"y":1},"o":{"x":0.333,"y":0},"t":20,"s":[{"i":[[7.92,0.32],[0,0],[0.48,-11.12],[-7.92,-0.4],[-0.48,11.12]],"o":[[0,0],[-7.92,-0.32],[-0.48,11.12],[7.92,0.32],[0.48,-11.2]],"v":[[60.8,-55.88],[60.8,-55.88],[44.8,-38.68],[59.2,-20.12],[75.2,-37.32]],"c":true}]},{"i":{"x":0.667,"y":1},"o":{"x":0.333,"y":0},"t":28,"s":[{"i":[[7.92,0.32],[0,0],[0.48,-11.12],[-7.92,-0.4],[-0.48,11.12]],"o":[[0,0],[-7.92,-0.32],[-0.48,11.12],[7.92,0.32],[0.48,-11.2]],"v":[[0.8,-17.88],[0.8,-17.88],[-15.2,-0.68],[-0.8,17.88],[15.2,0.68]],"c":true}]},{"i":{"x":0.667,"y":1},"o":{"x":0.333,"y":0},"t":36,"s":[{"i":[[7.92,0.32],[0,0],[0.48,-11.12],[-7.92,-0.4],[-0.48,11.12]],"o":[[0,0],[-7.92,-0.32],[-0.48,11.12],[7.92,0.32],[0.48,-11.2]],"v":[[60.8,-55.88],[60.8,-55.88],[44.8,-38.68],[59.2,-20.12],[75.2,-37.32]],"c":true}]},{"i":{"x":0.667,"y":1},"o":{"x":0.333,"y":0},"t":44,"s":[{"i":[[7.92,0.32],[0,0],[0.48,-11.12],[-7.92,-0.4],[-0.48,11.12]],"o":[[0,0],[-7.92,-0.32],[-0.48,11.12],[7.92,0.32],[0.48,-11.2]],"v":[[0.8,-17.88],[0.8,-17.88],[-15.2,-0.68],[-0.8,17.88],[15.2,0.68]],"c":true}]},{"i":{"x":0.667,"y":1},"o":{"x":0.333,"y":0},"t":54,"s":[{"i":[[7.92,0.32],[0,0],[0.48,-11.12],[-7.92,-0.4],[-0.48,11.12]],"o":[[0,0],[-7.92,-0.32],[-0.48,11.12],[7.92,0.32],[0.48,-11.2]],"v":[[60.8,-55.88],[60.8,-55.88],[44.8,-38.68],[59.2,-20.12],[75.2,-37.32]],"c":true}]},{"i":{"x":0.667,"y":1},"o":{"x":0.167,"y":0},"t":64,"s":[{"i":[[7.92,0.32],[0,0],[0.48,-11.12],[-7.92,-0.4],[-0.48,11.12]],"o":[[0,0],[-7.92,-0.32],[-0.48,11.12],[7.92,0.32],[0.48,-11.2]],"v":[[0.8,-17.88],[0.8,-17.88],[-15.2,-0.68],[-0.8,17.88],[15.2,0.68]],"c":true}]},{"t":76,"s":[{"i":[[7.92,0.32],[0,0],[0.48,-11.12],[-7.92,-0.4],[-0.48,11.12]],"o":[[0,0],[-7.92,-0.32],[-0.48,11.12],[7.92,0.32],[0.48,-11.2]],"v":[[0.8,-17.88],[0.8,-17.88],[-15.2,-0.68],[-0.8,17.88],[15.2,0.68]],"c":true}]}],"ix":2},"nm":"Path 1","mn":"ADBE Vector Shape - Group","hd":false},{"ty":"fl","c":{"a":0,"k":[0.536999990426,0.375999989229,0.141000007181,1],"ix":4},"o":{"a":0,"k":100,"ix":5},"r":1,"bm":0,"nm":"Fill 1","mn":"ADBE Vector Graphic - Fill","hd":false},{"ty":"tr","p":{"a":0,"k":[237.53,48.77],"ix":2},"a":{"a":0,"k":[0,0],"ix":1},"s":{"a":0,"k":[100,100],"ix":3},"r":{"a":0,"k":0,"ix":6},"o":{"a":0,"k":100,"ix":7},"sk":{"a":0,"k":0,"ix":4},"sa":{"a":0,"k":0,"ix":5},"nm":"Transform"}],"nm":"Group 1","np":2,"cix":2,"bm":0,"ix":1,"mn":"ADBE Vector Group","hd":false},{"ty":"gr","it":[{"ind":0,"ty":"sh","ix":1,"ks":{"a":1,"k":[{"i":{"x":0.667,"y":1},"o":{"x":0.333,"y":0},"t":4,"s":[{"i":[[8,0.32],[0,0],[0.48,-11.12],[-7.92,-0.4],[-0.48,11.12]],"o":[[0,0],[-7.92,-0.32],[-0.48,11.12],[7.92,0.32],[0.48,-11.12]],"v":[[0.8,-17.88],[0.8,-17.88],[-15.2,-0.68],[-0.8,17.88],[15.2,0.68]],"c":true}]},{"i":{"x":0.833,"y":0.833},"o":{"x":0.333,"y":0},"t":12,"s":[{"i":[[8,0.32],[0,0],[0.48,-11.12],[-7.92,-0.4],[-0.48,11.12]],"o":[[0,0],[-7.92,-0.32],[-0.48,11.12],[7.92,0.32],[0.48,-11.12]],"v":[[-58.2,20.12],[-58.2,20.12],[-74.2,37.32],[-59.8,55.88],[-43.8,38.68]],"c":true}]},{"i":{"x":0.667,"y":1},"o":{"x":0.167,"y":0.167},"t":16,"s":[{"i":[[8,0.32],[0,0],[0.48,-11.12],[-7.92,-0.4],[-0.48,11.12]],"o":[[0,0],[-7.92,-0.32],[-0.48,11.12],[7.92,0.32],[0.48,-11.12]],"v":[[0.8,-17.88],[0.8,-17.88],[-15.2,-0.68],[-0.8,17.88],[15.2,0.68]],"c":true}]},{"i":{"x":0.667,"y":1},"o":{"x":0.333,"y":0},"t":20,"s":[{"i":[[8,0.32],[0,0],[0.48,-11.12],[-7.92,-0.4],[-0.48,11.12]],"o":[[0,0],[-7.92,-0.32],[-0.48,11.12],[7.92,0.32],[0.48,-11.12]],"v":[[0.8,-17.88],[0.8,-17.88],[-15.2,-0.68],[-0.8,17.88],[15.2,0.68]],"c":true}]},{"i":{"x":0.667,"y":1},"o":{"x":0.333,"y":0},"t":28,"s":[{"i":[[8,0.32],[0,0],[0.48,-11.12],[-7.92,-0.4],[-0.48,11.12]],"o":[[0,0],[-7.92,-0.32],[-0.48,11.12],[7.92,0.32],[0.48,-11.12]],"v":[[-58.2,20.12],[-58.2,20.12],[-74.2,37.32],[-59.8,55.88],[-43.8,38.68]],"c":true}]},{"i":{"x":0.667,"y":1},"o":{"x":0.333,"y":0},"t":36,"s":[{"i":[[8,0.32],[0,0],[0.48,-11.12],[-7.92,-0.4],[-0.48,11.12]],"o":[[0,0],[-7.92,-0.32],[-0.48,11.12],[7.92,0.32],[0.48,-11.12]],"v":[[0.8,-17.88],[0.8,-17.88],[-15.2,-0.68],[-0.8,17.88],[15.2,0.68]],"c":true}]},{"i":{"x":0.667,"y":1},"o":{"x":0.333,"y":0},"t":44,"s":[{"i":[[8,0.32],[0,0],[0.48,-11.12],[-7.92,-0.4],[-0.48,11.12]],"o":[[0,0],[-7.92,-0.32],[-0.48,11.12],[7.92,0.32],[0.48,-11.12]],"v":[[-58.2,20.12],[-58.2,20.12],[-74.2,37.32],[-59.8,55.88],[-43.8,38.68]],"c":true}]},{"i":{"x":0.667,"y":1},"o":{"x":0.333,"y":0},"t":54,"s":[{"i":[[8,0.32],[0,0],[0.48,-11.12],[-7.92,-0.4],[-0.48,11.12]],"o":[[0,0],[-7.92,-0.32],[-0.48,11.12],[7.92,0.32],[0.48,-11.12]],"v":[[0.8,-17.88],[0.8,-17.88],[-15.2,-0.68],[-0.8,17.88],[15.2,0.68]],"c":true}]},{"i":{"x":0.667,"y":1},"o":{"x":0.167,"y":0},"t":64,"s":[{"i":[[8,0.32],[0,0],[0.48,-11.12],[-7.92,-0.4],[-0.48,11.12]],"o":[[0,0],[-7.92,-0.32],[-0.48,11.12],[7.92,0.32],[0.48,-11.12]],"v":[[-58.2,20.12],[-58.2,20.12],[-74.2,37.32],[-59.8,55.88],[-43.8,38.68]],"c":true}]},{"t":76,"s":[{"i":[[8,0.32],[0,0],[0.48,-11.12],[-7.92,-0.4],[-0.48,11.12]],"o":[[0,0],[-7.92,-0.32],[-0.48,11.12],[7.92,0.32],[0.48,-11.12]],"v":[[0.8,-17.88],[0.8,-17.88],[-15.2,-0.68],[-0.8,17.88],[15.2,0.68]],"c":true}]}],"ix":2},"nm":"Path 1","mn":"ADBE Vector Shape - Group","hd":false},{"ty":"fl","c":{"a":0,"k":[0.536999990426,0.375999989229,0.141000007181,1],"ix":4},"o":{"a":0,"k":100,"ix":5},"r":1,"bm":0,"nm":"Fill 1","mn":"ADBE Vector Graphic - Fill","hd":false},{"ty":"tr","p":{"a":0,"k":[33.05,177.89],"ix":2},"a":{"a":0,"k":[0,0],"ix":1},"s":{"a":0,"k":[100,100],"ix":3},"r":{"a":0,"k":0,"ix":6},"o":{"a":0,"k":100,"ix":7},"sk":{"a":0,"k":0,"ix":4},"sa":{"a":0,"k":0,"ix":5},"nm":"Transform"}],"nm":"Group 2","np":2,"cix":2,"bm":0,"ix":2,"mn":"ADBE Vector Group","hd":false},{"ty":"gr","it":[{"ind":0,"ty":"sh","ix":1,"ks":{"a":1,"k":[{"i":{"x":0.667,"y":1},"o":{"x":0.333,"y":0},"t":4,"s":[{"i":[[21.76,-13.68],[0,0],[-31.68,-50.16],[-21.76,13.76],[31.68,50.16]],"o":[[0,0],[-21.76,13.76],[31.68,50.16],[21.76,-13.76],[-31.68,-50.16]],"v":[[-50.76,-80.4],[-50.76,-80.4],[-41.48,26.16],[50.76,80.32],[41.48,-26.24]],"c":true}]},{"i":{"x":0.833,"y":0.833},"o":{"x":0.333,"y":0},"t":12,"s":[{"i":[[21.76,-13.68],[0,0],[-31.68,-50.16],[-21.76,13.76],[31.68,50.16]],"o":[[0,0],[-21.76,13.76],[31.68,50.16],[21.76,-13.76],[-31.68,-50.16]],"v":[[-109.76,-42.4],[-109.76,-42.4],[-100.48,64.16],[-8.24,118.32],[-17.52,11.76]],"c":true}]},{"i":{"x":0.667,"y":1},"o":{"x":0.167,"y":0.167},"t":16,"s":[{"i":[[21.76,-13.68],[0,0],[-31.68,-50.16],[-21.76,13.76],[31.68,50.16]],"o":[[0,0],[-21.76,13.76],[31.68,50.16],[21.76,-13.76],[-31.68,-50.16]],"v":[[-50.76,-80.4],[-50.76,-80.4],[-41.48,26.16],[50.76,80.32],[41.48,-26.24]],"c":true}]},{"i":{"x":0.667,"y":1},"o":{"x":0.333,"y":0},"t":20,"s":[{"i":[[21.76,-13.68],[0,0],[-31.68,-50.16],[-21.76,13.76],[31.68,50.16]],"o":[[0,0],[-21.76,13.76],[31.68,50.16],[21.76,-13.76],[-31.68,-50.16]],"v":[[-50.76,-80.4],[-50.76,-80.4],[-41.48,26.16],[50.76,80.32],[41.48,-26.24]],"c":true}]},{"i":{"x":0.667,"y":1},"o":{"x":0.333,"y":0},"t":28,"s":[{"i":[[21.76,-13.68],[0,0],[-31.68,-50.16],[-21.76,13.76],[31.68,50.16]],"o":[[0,0],[-21.76,13.76],[31.68,50.16],[21.76,-13.76],[-31.68,-50.16]],"v":[[-109.76,-42.4],[-109.76,-42.4],[-100.48,64.16],[-8.24,118.32],[-17.52,11.76]],"c":true}]},{"i":{"x":0.667,"y":1},"o":{"x":0.333,"y":0},"t":36,"s":[{"i":[[21.76,-13.68],[0,0],[-31.68,-50.16],[-21.76,13.76],[31.68,50.16]],"o":[[0,0],[-21.76,13.76],[31.68,50.16],[21.76,-13.76],[-31.68,-50.16]],"v":[[-50.76,-80.4],[-50.76,-80.4],[-41.48,26.16],[50.76,80.32],[41.48,-26.24]],"c":true}]},{"i":{"x":0.667,"y":1},"o":{"x":0.333,"y":0},"t":44,"s":[{"i":[[21.76,-13.68],[0,0],[-31.68,-50.16],[-21.76,13.76],[31.68,50.16]],"o":[[0,0],[-21.76,13.76],[31.68,50.16],[21.76,-13.76],[-31.68,-50.16]],"v":[[-109.76,-42.4],[-109.76,-42.4],[-100.48,64.16],[-8.24,118.32],[-17.52,11.76]],"c":true}]},{"i":{"x":0.667,"y":1},"o":{"x":0.333,"y":0},"t":54,"s":[{"i":[[21.76,-13.68],[0,0],[-31.68,-50.16],[-21.76,13.76],[31.68,50.16]],"o":[[0,0],[-21.76,13.76],[31.68,50.16],[21.76,-13.76],[-31.68,-50.16]],"v":[[-50.76,-80.4],[-50.76,-80.4],[-41.48,26.16],[50.76,80.32],[41.48,-26.24]],"c":true}]},{"i":{"x":0.667,"y":1},"o":{"x":0.167,"y":0},"t":64,"s":[{"i":[[21.76,-13.68],[0,0],[-31.68,-50.16],[-21.76,13.76],[31.68,50.16]],"o":[[0,0],[-21.76,13.76],[31.68,50.16],[21.76,-13.76],[-31.68,-50.16]],"v":[[-109.76,-42.4],[-109.76,-42.4],[-100.48,64.16],[-8.24,118.32],[-17.52,11.76]],"c":true}]},{"t":76,"s":[{"i":[[21.76,-13.68],[0,0],[-31.68,-50.16],[-21.76,13.76],[31.68,50.16]],"o":[[0,0],[-21.76,13.76],[31.68,50.16],[21.76,-13.76],[-31.68,-50.16]],"v":[[-50.76,-80.4],[-50.76,-80.4],[-41.48,26.16],[50.76,80.32],[41.48,-26.24]],"c":true}]}],"ix":2},"nm":"Path 1","mn":"ADBE Vector Shape - Group","hd":false},{"ty":"fl","c":{"a":0,"k":[0.258999992819,0.169000004787,0.051000000449,1],"ix":4},"o":{"a":0,"k":100,"ix":5},"r":1,"bm":0,"nm":"Fill 1","mn":"ADBE Vector Graphic - Fill","hd":false},{"ty":"tr","p":{"a":0,"k":[73.41,219.93],"ix":2},"a":{"a":0,"k":[0,0],"ix":1},"s":{"a":0,"k":[100,100],"ix":3},"r":{"a":0,"k":0,"ix":6},"o":{"a":0,"k":100,"ix":7},"sk":{"a":0,"k":0,"ix":4},"sa":{"a":0,"k":0,"ix":5},"nm":"Transform"}],"nm":"Group 3","np":2,"cix":2,"bm":0,"ix":3,"mn":"ADBE Vector Group","hd":false},{"ty":"gr","it":[{"ind":0,"ty":"sh","ix":1,"ks":{"a":1,"k":[{"i":{"x":0.667,"y":1},"o":{"x":0.333,"y":0},"t":4,"s":[{"i":[[-20.4,12.8],[0,0],[-31.6,-50.16],[20.4,-12.88],[31.6,50.16]],"o":[[0,0],[20.4,-12.88],[31.6,50.16],[-20.4,12.88],[-31.6,-50.16]],"v":[[-50.72,-80.4],[-50.72,-80.4],[38.88,-24.56],[50.72,80.4],[-38.88,24.56]],"c":true}]},{"i":{"x":0.833,"y":0.833},"o":{"x":0.333,"y":0},"t":12,"s":[{"i":[[-20.4,12.8],[0,0],[-31.6,-50.16],[20.4,-12.88],[31.6,50.16]],"o":[[0,0],[20.4,-12.88],[31.6,50.16],[-20.4,12.88],[-31.6,-50.16]],"v":[[-50.72,-80.4],[-50.72,-80.4],[38.88,-24.56],[50.72,80.4],[-38.88,24.56]],"c":true}]},{"i":{"x":0.667,"y":1},"o":{"x":0.167,"y":0.167},"t":16,"s":[{"i":[[-20.4,12.8],[0,0],[-31.6,-50.16],[20.4,-12.88],[31.6,50.16]],"o":[[0,0],[20.4,-12.88],[31.6,50.16],[-20.4,12.88],[-31.6,-50.16]],"v":[[-50.72,-80.4],[-50.72,-80.4],[38.88,-24.56],[50.72,80.4],[-38.88,24.56]],"c":true}]},{"i":{"x":0.667,"y":1},"o":{"x":0.333,"y":0},"t":20,"s":[{"i":[[-20.4,12.8],[0,0],[-31.6,-50.16],[20.4,-12.88],[31.6,50.16]],"o":[[0,0],[20.4,-12.88],[31.6,50.16],[-20.4,12.88],[-31.6,-50.16]],"v":[[9.28,-118.4],[9.28,-118.4],[98.88,-62.56],[110.72,42.4],[21.12,-13.44]],"c":true}]},{"i":{"x":0.667,"y":1},"o":{"x":0.333,"y":0},"t":28,"s":[{"i":[[-20.4,12.8],[0,0],[-31.6,-50.16],[20.4,-12.88],[31.6,50.16]],"o":[[0,0],[20.4,-12.88],[31.6,50.16],[-20.4,12.88],[-31.6,-50.16]],"v":[[-50.72,-80.4],[-50.72,-80.4],[38.88,-24.56],[50.72,80.4],[-38.88,24.56]],"c":true}]},{"i":{"x":0.667,"y":1},"o":{"x":0.333,"y":0},"t":36,"s":[{"i":[[-20.4,12.8],[0,0],[-31.6,-50.16],[20.4,-12.88],[31.6,50.16]],"o":[[0,0],[20.4,-12.88],[31.6,50.16],[-20.4,12.88],[-31.6,-50.16]],"v":[[9.28,-118.4],[9.28,-118.4],[98.88,-62.56],[110.72,42.4],[21.12,-13.44]],"c":true}]},{"i":{"x":0.667,"y":1},"o":{"x":0.333,"y":0},"t":44,"s":[{"i":[[-20.4,12.8],[0,0],[-31.6,-50.16],[20.4,-12.88],[31.6,50.16]],"o":[[0,0],[20.4,-12.88],[31.6,50.16],[-20.4,12.88],[-31.6,-50.16]],"v":[[-50.72,-80.4],[-50.72,-80.4],[38.88,-24.56],[50.72,80.4],[-38.88,24.56]],"c":true}]},{"i":{"x":0.667,"y":1},"o":{"x":0.333,"y":0},"t":54,"s":[{"i":[[-20.4,12.8],[0,0],[-31.6,-50.16],[20.4,-12.88],[31.6,50.16]],"o":[[0,0],[20.4,-12.88],[31.6,50.16],[-20.4,12.88],[-31.6,-50.16]],"v":[[9.28,-118.4],[9.28,-118.4],[98.88,-62.56],[110.72,42.4],[21.12,-13.44]],"c":true}]},{"i":{"x":0.667,"y":1},"o":{"x":0.167,"y":0},"t":64,"s":[{"i":[[-20.4,12.8],[0,0],[-31.6,-50.16],[20.4,-12.88],[31.6,50.16]],"o":[[0,0],[20.4,-12.88],[31.6,50.16],[-20.4,12.88],[-31.6,-50.16]],"v":[[-50.72,-80.4],[-50.72,-80.4],[38.88,-24.56],[50.72,80.4],[-38.88,24.56]],"c":true}]},{"t":76,"s":[{"i":[[-20.4,12.8],[0,0],[-31.6,-50.16],[20.4,-12.88],[31.6,50.16]],"o":[[0,0],[20.4,-12.88],[31.6,50.16],[-20.4,12.88],[-31.6,-50.16]],"v":[[-50.72,-80.4],[-50.72,-80.4],[38.88,-24.56],[50.72,80.4],[-38.88,24.56]],"c":true}]}],"ix":2},"nm":"Path 1","mn":"ADBE Vector Shape - Group","hd":false},{"ty":"fl","c":{"a":0,"k":[0.258999992819,0.169000004787,0.051000000449,1],"ix":4},"o":{"a":0,"k":100,"ix":5},"r":1,"bm":0,"nm":"Fill 1","mn":"ADBE Vector Graphic - Fill","hd":false},{"ty":"tr","p":{"a":0,"k":[273.69,93.53],"ix":2},"a":{"a":0,"k":[0,0],"ix":1},"s":{"a":0,"k":[100,100],"ix":3},"r":{"a":0,"k":0,"ix":6},"o":{"a":0,"k":100,"ix":7},"sk":{"a":0,"k":0,"ix":4},"sa":{"a":0,"k":0,"ix":5},"nm":"Transform"}],"nm":"Group 4","np":2,"cix":2,"bm":0,"ix":4,"mn":"ADBE Vector Group","hd":false}],"ip":0,"op":278,"st":0,"bm":0},{"ddd":0,"ind":5,"ty":4,"nm":"eyes dup interno 1 L","parent":3,"sr":1,"ks":{"o":{"a":1,"k":[{"i":{"x":[0.667],"y":[1]},"o":{"x":[0.333],"y":[0]},"t":4,"s":[0]},{"i":{"x":[0.833],"y":[0.833]},"o":{"x":[0.333],"y":[0]},"t":12,"s":[100]},{"i":{"x":[0.667],"y":[1]},"o":{"x":[0.203],"y":[6.75]},"t":16,"s":[0]},{"i":{"x":[0.667],"y":[1]},"o":{"x":[0.333],"y":[0]},"t":20,"s":[0]},{"i":{"x":[0.667],"y":[1]},"o":{"x":[0.333],"y":[0]},"t":28,"s":[100]},{"i":{"x":[0.667],"y":[1]},"o":{"x":[0.333],"y":[0]},"t":36,"s":[0]},{"i":{"x":[0.667],"y":[1]},"o":{"x":[0.333],"y":[0]},"t":44,"s":[100]},{"i":{"x":[0.667],"y":[1]},"o":{"x":[0.333],"y":[0]},"t":54,"s":[0]},{"i":{"x":[0.667],"y":[1]},"o":{"x":[0.167],"y":[0]},"t":64,"s":[100]},{"t":76,"s":[0]}],"ix":11},"r":{"a":0,"k":31.452,"ix":10},"p":{"a":0,"k":[-295.1,-89.955,0],"ix":2,"l":2},"a":{"a":0,"k":[235.77,196.85,0],"ix":1,"l":2},"s":{"a":0,"k":[100,100,100],"ix":6,"l":2}},"ao":0,"shapes":[{"ty":"gr","it":[{"ind":0,"ty":"sh","ix":1,"ks":{"a":0,"k":{"i":[[19.52,31.04],[19.28,6.48],[-8.32,5.2],[-31.68,-50.08],[21.68,-13.76],[11.92,4]],"o":[[-19.6,-30.96],[1.52,-12.48],[21.76,-13.76],[31.68,50.08],[-8.32,5.2],[2.4,-20.16]],"v":[[-8.28,6.88],[-69.48,-49.2],[-54.44,-76.4],[37.8,-22.24],[47.08,84.32],[16.04,86.16]],"c":true},"ix":2},"nm":"Path 1","mn":"ADBE Vector Shape - Group","hd":false},{"ty":"fl","c":{"a":0,"k":[0.536999990426,0.375999989229,0.141000007181,1],"ix":4},"o":{"a":0,"k":100,"ix":5},"r":1,"bm":0,"nm":"Fill 1","mn":"ADBE Vector Graphic - Fill","hd":false},{"ty":"tr","p":{"a":0,"k":[401.81,90.41],"ix":2},"a":{"a":0,"k":[0,0],"ix":1},"s":{"a":0,"k":[100,100],"ix":3},"r":{"a":0,"k":0,"ix":6},"o":{"a":0,"k":100,"ix":7},"sk":{"a":0,"k":0,"ix":4},"sa":{"a":0,"k":0,"ix":5},"nm":"Transform"}],"nm":"Group 1","np":2,"cix":2,"bm":0,"ix":1,"mn":"ADBE Vector Group","hd":false}],"ip":0,"op":278,"st":0,"bm":0},{"ddd":0,"ind":6,"ty":4,"nm":"eyes dup interno 2 L","parent":3,"sr":1,"ks":{"o":{"a":1,"k":[{"i":{"x":[0.667],"y":[1]},"o":{"x":[0.333],"y":[0]},"t":4,"s":[0]},{"i":{"x":[0.833],"y":[0.833]},"o":{"x":[0.333],"y":[0]},"t":12,"s":[100]},{"i":{"x":[0.667],"y":[1]},"o":{"x":[0.203],"y":[6.75]},"t":16,"s":[0]},{"i":{"x":[0.667],"y":[1]},"o":{"x":[0.333],"y":[0]},"t":20,"s":[0]},{"i":{"x":[0.667],"y":[1]},"o":{"x":[0.333],"y":[0]},"t":28,"s":[100]},{"i":{"x":[0.667],"y":[1]},"o":{"x":[0.333],"y":[0]},"t":36,"s":[0]},{"i":{"x":[0.667],"y":[1]},"o":{"x":[0.333],"y":[0]},"t":44,"s":[100]},{"i":{"x":[0.667],"y":[1]},"o":{"x":[0.333],"y":[0]},"t":54,"s":[0]},{"i":{"x":[0.667],"y":[1]},"o":{"x":[0.167],"y":[0]},"t":64,"s":[100]},{"t":76,"s":[0]}],"ix":11},"r":{"a":0,"k":31.452,"ix":10},"p":{"a":0,"k":[-294.784,-90.7,0],"ix":2,"l":2},"a":{"a":0,"k":[269.25,215.01,0],"ix":1,"l":2},"s":{"a":0,"k":[100,100,100],"ix":6,"l":2}},"ao":0,"shapes":[{"ty":"gr","it":[{"ind":0,"ty":"sh","ix":1,"ks":{"a":0,"k":{"i":[[0.8,2.72],[15.68,22.16],[19.6,13.76],[-2.72,5.28],[-2.24,-0.96],[-16.48,-24],[-4.88,-29.92],[6.96,-1.76]],"o":[[-7.76,-27.84],[-14.16,-19.92],[-2.48,-1.76],[2.72,-5.28],[24.48,10.16],[19.52,28.48],[0.56,3.28],[-6.96,1.76]],"v":[[37.36,67.96],[1.84,-7.48],[-48.96,-58.44],[-51.84,-70.84],[-41.04,-74.44],[19.92,-22.76],[54,62.44],[47.44,74.36]],"c":true},"ix":2},"nm":"Path 1","mn":"ADBE Vector Shape - Group","hd":false},{"ty":"fl","c":{"a":0,"k":[0.74900004069,0.564999988032,0.322000002394,1],"ix":4},"o":{"a":0,"k":100,"ix":5},"r":1,"bm":0,"nm":"Fill 1","mn":"ADBE Vector Graphic - Fill","hd":false},{"ty":"tr","p":{"a":0,"k":[483.69,76.37],"ix":2},"a":{"a":0,"k":[0,0],"ix":1},"s":{"a":0,"k":[100,100],"ix":3},"r":{"a":0,"k":0,"ix":6},"o":{"a":0,"k":100,"ix":7},"sk":{"a":0,"k":0,"ix":4},"sa":{"a":0,"k":0,"ix":5},"nm":"Transform"}],"nm":"Group 1","np":2,"cix":2,"bm":0,"ix":1,"mn":"ADBE Vector Group","hd":false}],"ip":0,"op":278,"st":0,"bm":0},{"ddd":0,"ind":7,"ty":4,"nm":"eyes dup interno 1 R","parent":3,"sr":1,"ks":{"o":{"a":1,"k":[{"i":{"x":[0.667],"y":[1]},"o":{"x":[0.167],"y":[0.167]},"t":16,"s":[0]},{"i":{"x":[0.667],"y":[1]},"o":{"x":[0.333],"y":[0]},"t":20,"s":[100]},{"i":{"x":[0.667],"y":[1]},"o":{"x":[0.333],"y":[0]},"t":28,"s":[0]},{"i":{"x":[0.667],"y":[1]},"o":{"x":[0.333],"y":[0]},"t":36,"s":[100]},{"i":{"x":[0.667],"y":[1]},"o":{"x":[0.333],"y":[0]},"t":44,"s":[0]},{"i":{"x":[0.667],"y":[1]},"o":{"x":[0.333],"y":[0]},"t":54,"s":[100]},{"i":{"x":[0.667],"y":[1]},"o":{"x":[0.167],"y":[0]},"t":64,"s":[0]},{"t":76,"s":[0]}],"ix":11},"r":{"a":0,"k":31.452,"ix":10},"p":{"a":0,"k":[322.064,-100.474,0],"ix":2,"l":2},"a":{"a":0,"k":[235.77,196.85,0],"ix":1,"l":2},"s":{"a":0,"k":[100,100,100],"ix":6,"l":2}},"ao":0,"shapes":[{"ty":"gr","it":[{"ind":0,"ty":"sh","ix":1,"ks":{"a":0,"k":{"i":[[19.6,31.04],[-2.48,20.24],[8.32,-5.2],[-31.68,-50.16],[-21.76,13.76],[-1.52,12.48]],"o":[[-19.6,-30.96],[-11.92,-4],[-21.76,13.76],[31.68,50.16],[8.32,-5.2],[-19.28,-6.4]],"v":[[8.28,-6.8],[-16.04,-86.16],[-47.08,-84.32],[-37.8,22.24],[54.44,76.4],[69.48,49.2]],"c":true},"ix":2},"nm":"Path 1","mn":"ADBE Vector Shape - Group","hd":false},{"ty":"fl","c":{"a":0,"k":[0.536999990426,0.375999989229,0.141000007181,1],"ix":4},"o":{"a":0,"k":100,"ix":5},"r":1,"bm":0,"nm":"Fill 1","mn":"ADBE Vector Graphic - Fill","hd":false},{"ty":"tr","p":{"a":0,"k":[69.73,303.29],"ix":2},"a":{"a":0,"k":[0,0],"ix":1},"s":{"a":0,"k":[100,100],"ix":3},"r":{"a":0,"k":0,"ix":6},"o":{"a":0,"k":100,"ix":7},"sk":{"a":0,"k":0,"ix":4},"sa":{"a":0,"k":0,"ix":5},"nm":"Transform"}],"nm":"Group 2","np":2,"cix":2,"bm":0,"ix":1,"mn":"ADBE Vector Group","hd":false}],"ip":0,"op":278,"st":0,"bm":0},{"ddd":0,"ind":8,"ty":4,"nm":"eyes dup interno 2 R","parent":3,"sr":1,"ks":{"o":{"a":1,"k":[{"i":{"x":[0.667],"y":[1]},"o":{"x":[0.167],"y":[0.167]},"t":16,"s":[0]},{"i":{"x":[0.667],"y":[1]},"o":{"x":[0.333],"y":[0]},"t":20,"s":[100]},{"i":{"x":[0.667],"y":[1]},"o":{"x":[0.333],"y":[0]},"t":28,"s":[0]},{"i":{"x":[0.667],"y":[1]},"o":{"x":[0.333],"y":[0]},"t":36,"s":[100]},{"i":{"x":[0.667],"y":[1]},"o":{"x":[0.333],"y":[0]},"t":44,"s":[0]},{"i":{"x":[0.667],"y":[1]},"o":{"x":[0.333],"y":[0]},"t":54,"s":[100]},{"i":{"x":[0.667],"y":[1]},"o":{"x":[0.167],"y":[0]},"t":64,"s":[0]},{"t":76,"s":[0]}],"ix":11},"r":{"a":0,"k":31.452,"ix":10},"p":{"a":0,"k":[322.379,-101.219,0],"ix":2,"l":2},"a":{"a":0,"k":[269.25,215.01,0],"ix":1,"l":2},"s":{"a":0,"k":[100,100,100],"ix":6,"l":2}},"ao":0,"shapes":[{"ty":"gr","it":[{"ind":0,"ty":"sh","ix":1,"ks":{"a":0,"k":{"i":[[2.16,1.84],[13.28,23.679],[4.08,23.6],[5.92,-0.24],[0.16,-2.4],[-14.56,-25.12],[-24.88,-17.281],[-4.64,5.52]],"o":[[-21.84,-18.96],[-11.92,-21.361],[-0.48,-2.96],[-5.92,0.24],[-1.28,26.48],[17.28,29.92],[2.72,1.92],[4.64,-5.52]],"v":[[45.2,61.52],[-7.68,-2.959],[-31.92,-70.72],[-41.92,-78.64],[-49.84,-70.48],[-29.36,6.72],[32.88,74.161],[46.48,73.36]],"c":true},"ix":2},"nm":"Path 1","mn":"ADBE Vector Shape - Group","hd":false},{"ty":"fl","c":{"a":0,"k":[0.74900004069,0.564999988032,0.322000002394,1],"ix":4},"o":{"a":0,"k":100,"ix":5},"r":1,"bm":0,"nm":"Fill 1","mn":"ADBE Vector Graphic - Fill","hd":false},{"ty":"tr","p":{"a":0,"k":[51.37,350.89],"ix":2},"a":{"a":0,"k":[0,0],"ix":1},"s":{"a":0,"k":[100,100],"ix":3},"r":{"a":0,"k":0,"ix":6},"o":{"a":0,"k":100,"ix":7},"sk":{"a":0,"k":0,"ix":4},"sa":{"a":0,"k":0,"ix":5},"nm":"Transform"}],"nm":"Group 2","np":2,"cix":2,"bm":0,"ix":1,"mn":"ADBE Vector Group","hd":false}],"ip":0,"op":278,"st":0,"bm":0},{"ddd":0,"ind":9,"ty":4,"nm":"eyes dup 1 R","parent":3,"sr":1,"ks":{"o":{"a":1,"k":[{"i":{"x":[0.667],"y":[1]},"o":{"x":[0.333],"y":[0]},"t":4,"s":[0]},{"i":{"x":[0.833],"y":[1]},"o":{"x":[0.333],"y":[0]},"t":12,"s":[100]},{"i":{"x":[0.667],"y":[1]},"o":{"x":[0.167],"y":[0.167]},"t":16,"s":[100]},{"i":{"x":[0.667],"y":[1]},"o":{"x":[0.333],"y":[0]},"t":20,"s":[0]},{"i":{"x":[0.667],"y":[1]},"o":{"x":[0.333],"y":[0]},"t":28,"s":[100]},{"i":{"x":[0.667],"y":[1]},"o":{"x":[0.333],"y":[0]},"t":36,"s":[0]},{"i":{"x":[0.667],"y":[1]},"o":{"x":[0.333],"y":[0]},"t":44,"s":[100]},{"i":{"x":[0.667],"y":[1]},"o":{"x":[0.333],"y":[0]},"t":54,"s":[0]},{"i":{"x":[0.667],"y":[1]},"o":{"x":[0.333],"y":[0]},"t":64,"s":[100]},{"i":{"x":[0.667],"y":[1]},"o":{"x":[0.333],"y":[0]},"t":76,"s":[100]},{"i":{"x":[0.667],"y":[1]},"o":{"x":[0.333],"y":[0]},"t":82,"s":[100]},{"t":90,"s":[0]}],"ix":11},"r":{"a":0,"k":31.452,"ix":10},"p":{"a":0,"k":[14.17,-95.38,0],"ix":2,"l":2},"a":{"a":0,"k":[235.77,196.85,0],"ix":1,"l":2},"s":{"a":0,"k":[100,100,100],"ix":6,"l":2}},"ao":0,"shapes":[{"ty":"gr","it":[{"ind":0,"ty":"sh","ix":1,"ks":{"a":1,"k":[{"i":{"x":0.833,"y":1},"o":{"x":0.167,"y":0},"t":6,"s":[{"i":[[15.68,22.16],[19.6,13.76],[-3.671,4.669],[-27.184,-39.134],[13.164,-3.986],[0.8,2.72]],"o":[[-14.16,-19.92],[-2.48,-1.76],[10.444,-13.286],[27.184,39.134],[-6.871,2.08],[-7.76,-27.84]],"v":[[-11.28,1.48],[-62.08,-49.48],[-64.96,-61.88],[9.3,-10.3],[34.32,83.32],[24.24,76.92]],"c":true}]},{"i":{"x":0.833,"y":1},"o":{"x":0.167,"y":0},"t":10,"s":[{"i":[[19.52,31.04],[19.28,6.48],[-8.32,5.2],[-31.68,-50.08],[21.68,-13.76],[11.92,4]],"o":[[-19.6,-30.96],[1.52,-12.48],[21.76,-13.76],[31.68,50.08],[-8.32,5.2],[2.4,-20.16]],"v":[[-8.28,6.88],[-69.48,-49.2],[-54.44,-76.4],[37.8,-22.24],[47.08,84.32],[16.04,86.16]],"c":true}]},{"i":{"x":0.667,"y":1},"o":{"x":0.333,"y":0},"t":82,"s":[{"i":[[19.52,31.04],[19.28,6.48],[-8.32,5.2],[-31.68,-50.08],[21.68,-13.76],[11.92,4]],"o":[[-19.6,-30.96],[1.52,-12.48],[21.76,-13.76],[31.68,50.08],[-8.32,5.2],[2.4,-20.16]],"v":[[-8.28,6.88],[-69.48,-49.2],[-54.44,-76.4],[37.8,-22.24],[47.08,84.32],[16.04,86.16]],"c":true}]},{"t":86,"s":[{"i":[[15.68,22.16],[19.6,13.76],[-3.671,4.669],[-27.184,-39.134],[13.164,-3.986],[0.8,2.72]],"o":[[-14.16,-19.92],[-2.48,-1.76],[10.444,-13.286],[27.184,39.134],[-6.871,2.08],[-7.76,-27.84]],"v":[[-11.28,1.48],[-62.08,-49.48],[-64.96,-61.88],[9.3,-10.3],[34.32,83.32],[24.24,76.92]],"c":true}]}],"ix":2},"nm":"Path 1","mn":"ADBE Vector Shape - Group","hd":false},{"ty":"fl","c":{"a":0,"k":[0.536999990426,0.375999989229,0.141000007181,1],"ix":4},"o":{"a":0,"k":100,"ix":5},"r":1,"bm":0,"nm":"Fill 1","mn":"ADBE Vector Graphic - Fill","hd":false},{"ty":"tr","p":{"a":0,"k":[401.81,90.41],"ix":2},"a":{"a":0,"k":[0,0],"ix":1},"s":{"a":0,"k":[100,100],"ix":3},"r":{"a":0,"k":0,"ix":6},"o":{"a":0,"k":100,"ix":7},"sk":{"a":0,"k":0,"ix":4},"sa":{"a":0,"k":0,"ix":5},"nm":"Transform"}],"nm":"Group 1","np":2,"cix":2,"bm":0,"ix":1,"mn":"ADBE Vector Group","hd":false}],"ip":0,"op":278,"st":0,"bm":0},{"ddd":0,"ind":10,"ty":4,"nm":"eyes dup 2 R","parent":3,"sr":1,"ks":{"o":{"a":1,"k":[{"i":{"x":[0.667],"y":[1]},"o":{"x":[0.333],"y":[0]},"t":4,"s":[0]},{"i":{"x":[0.833],"y":[1]},"o":{"x":[0.333],"y":[0]},"t":12,"s":[100]},{"i":{"x":[0.667],"y":[1]},"o":{"x":[0.167],"y":[0.167]},"t":16,"s":[100]},{"i":{"x":[0.667],"y":[1]},"o":{"x":[0.333],"y":[0]},"t":20,"s":[0]},{"i":{"x":[0.667],"y":[1]},"o":{"x":[0.333],"y":[0]},"t":28,"s":[100]},{"i":{"x":[0.667],"y":[1]},"o":{"x":[0.333],"y":[0]},"t":36,"s":[0]},{"i":{"x":[0.667],"y":[1]},"o":{"x":[0.333],"y":[0]},"t":44,"s":[100]},{"i":{"x":[0.667],"y":[1]},"o":{"x":[0.333],"y":[0]},"t":54,"s":[0]},{"i":{"x":[0.667],"y":[1]},"o":{"x":[0.333],"y":[0]},"t":64,"s":[100]},{"i":{"x":[0.667],"y":[1]},"o":{"x":[0.333],"y":[0]},"t":76,"s":[100]},{"t":82,"s":[0]}],"ix":11},"r":{"a":0,"k":31.452,"ix":10},"p":{"a":0,"k":[14.485,-96.125,0],"ix":2,"l":2},"a":{"a":0,"k":[269.25,215.01,0],"ix":1,"l":2},"s":{"a":0,"k":[100,100,100],"ix":6,"l":2}},"ao":0,"shapes":[{"ty":"gr","it":[{"ind":0,"ty":"sh","ix":1,"ks":{"a":0,"k":{"i":[[0.8,2.72],[15.68,22.16],[19.6,13.76],[-2.72,5.28],[-2.24,-0.96],[-16.48,-24],[-4.88,-29.92],[6.96,-1.76]],"o":[[-7.76,-27.84],[-14.16,-19.92],[-2.48,-1.76],[2.72,-5.28],[24.48,10.16],[19.52,28.48],[0.56,3.28],[-6.96,1.76]],"v":[[37.36,67.96],[1.84,-7.48],[-48.96,-58.44],[-51.84,-70.84],[-41.04,-74.44],[19.92,-22.76],[54,62.44],[47.44,74.36]],"c":true},"ix":2},"nm":"Path 1","mn":"ADBE Vector Shape - Group","hd":false},{"ty":"fl","c":{"a":0,"k":[0.74900004069,0.564999988032,0.322000002394,1],"ix":4},"o":{"a":0,"k":100,"ix":5},"r":1,"bm":0,"nm":"Fill 1","mn":"ADBE Vector Graphic - Fill","hd":false},{"ty":"tr","p":{"a":0,"k":[483.69,76.37],"ix":2},"a":{"a":0,"k":[0,0],"ix":1},"s":{"a":0,"k":[100,100],"ix":3},"r":{"a":0,"k":0,"ix":6},"o":{"a":0,"k":100,"ix":7},"sk":{"a":0,"k":0,"ix":4},"sa":{"a":0,"k":0,"ix":5},"nm":"Transform"}],"nm":"Group 1","np":2,"cix":2,"bm":0,"ix":1,"mn":"ADBE Vector Group","hd":false}],"ip":0,"op":278,"st":0,"bm":0},{"ddd":0,"ind":11,"ty":4,"nm":"eyes dup 1 L","parent":3,"sr":1,"ks":{"o":{"a":1,"k":[{"i":{"x":[0.667],"y":[1]},"o":{"x":[0.333],"y":[0]},"t":10,"s":[0]},{"i":{"x":[0.667],"y":[1]},"o":{"x":[0.333],"y":[0]},"t":16,"s":[100]},{"i":{"x":[0.667],"y":[1]},"o":{"x":[0.333],"y":[0]},"t":20,"s":[100]},{"i":{"x":[0.667],"y":[1]},"o":{"x":[0.333],"y":[0]},"t":28,"s":[0]},{"i":{"x":[0.667],"y":[1]},"o":{"x":[0.333],"y":[0]},"t":36,"s":[100]},{"i":{"x":[0.667],"y":[1]},"o":{"x":[0.333],"y":[0]},"t":44,"s":[0]},{"i":{"x":[0.667],"y":[1]},"o":{"x":[0.333],"y":[0]},"t":54,"s":[100]},{"i":{"x":[0.667],"y":[1]},"o":{"x":[0.333],"y":[0]},"t":64,"s":[0]},{"i":{"x":[0.667],"y":[1]},"o":{"x":[0.333],"y":[0]},"t":76,"s":[100]},{"i":{"x":[0.667],"y":[1]},"o":{"x":[0.333],"y":[0]},"t":82,"s":[100]},{"t":90,"s":[0]}],"ix":11},"r":{"a":0,"k":31.452,"ix":10},"p":{"a":0,"k":[14.17,-95.38,0],"ix":2,"l":2},"a":{"a":0,"k":[235.77,196.85,0],"ix":1,"l":2},"s":{"a":0,"k":[100,100,100],"ix":6,"l":2}},"ao":0,"shapes":[{"ty":"gr","it":[{"ind":0,"ty":"sh","ix":1,"ks":{"a":1,"k":[{"i":{"x":0.833,"y":1},"o":{"x":0.167,"y":0},"t":10,"s":[{"i":[[15.095,22.545],[5.856,23.214],[5.668,-1.766],[-26.838,-39.34],[-8.415,10.879],[2.254,1.716]],"o":[[-13.546,-20.326],[-0.759,-2.944],[-16.126,5.024],[26.838,39.34],[4.392,-5.678],[-23.221,-17.169]],"v":[[6.363,0.281],[-23.093,-65.335],[-33.642,-72.444],[-11.972,15.312],[66.5,72.042],[64.12,60.345]],"c":true}]},{"i":{"x":0.833,"y":1},"o":{"x":0.167,"y":0},"t":16,"s":[{"i":[[19.6,31.04],[-2.48,20.24],[8.32,-5.2],[-31.68,-50.16],[-21.76,13.76],[-1.52,12.48]],"o":[[-19.6,-30.96],[-11.92,-4],[-21.76,13.76],[31.68,50.16],[8.32,-5.2],[-19.28,-6.4]],"v":[[8.28,-6.8],[-16.04,-86.16],[-47.08,-84.32],[-37.8,22.24],[54.44,76.4],[69.48,49.2]],"c":true}]},{"i":{"x":0.667,"y":1},"o":{"x":0.333,"y":0},"t":82,"s":[{"i":[[19.6,31.04],[-2.48,20.24],[8.32,-5.2],[-31.68,-50.16],[-21.76,13.76],[-1.52,12.48]],"o":[[-19.6,-30.96],[-11.92,-4],[-21.76,13.76],[31.68,50.16],[8.32,-5.2],[-19.28,-6.4]],"v":[[8.28,-6.8],[-16.04,-86.16],[-47.08,-84.32],[-37.8,22.24],[54.44,76.4],[69.48,49.2]],"c":true}]},{"t":86,"s":[{"i":[[15.095,22.545],[5.856,23.214],[5.668,-1.766],[-26.838,-39.34],[-8.415,10.879],[2.254,1.716]],"o":[[-13.546,-20.326],[-0.759,-2.944],[-16.126,5.024],[26.838,39.34],[4.392,-5.678],[-23.221,-17.169]],"v":[[6.363,0.281],[-23.093,-65.335],[-33.642,-72.444],[-11.972,15.312],[66.5,72.042],[64.12,60.345]],"c":true}]}],"ix":2},"nm":"Path 1","mn":"ADBE Vector Shape - Group","hd":false},{"ty":"fl","c":{"a":0,"k":[0.536999990426,0.375999989229,0.141000007181,1],"ix":4},"o":{"a":0,"k":100,"ix":5},"r":1,"bm":0,"nm":"Fill 1","mn":"ADBE Vector Graphic - Fill","hd":false},{"ty":"tr","p":{"a":0,"k":[69.73,303.29],"ix":2},"a":{"a":0,"k":[0,0],"ix":1},"s":{"a":0,"k":[100,100],"ix":3},"r":{"a":0,"k":0,"ix":6},"o":{"a":0,"k":100,"ix":7},"sk":{"a":0,"k":0,"ix":4},"sa":{"a":0,"k":0,"ix":5},"nm":"Transform"}],"nm":"Group 2","np":2,"cix":2,"bm":0,"ix":1,"mn":"ADBE Vector Group","hd":false}],"ip":0,"op":278,"st":0,"bm":0},{"ddd":0,"ind":12,"ty":4,"nm":"eyes dup 2 L","parent":3,"sr":1,"ks":{"o":{"a":1,"k":[{"i":{"x":[0.667],"y":[1]},"o":{"x":[0.333],"y":[0]},"t":10,"s":[0]},{"i":{"x":[0.667],"y":[1]},"o":{"x":[0.333],"y":[0]},"t":16,"s":[100]},{"i":{"x":[0.667],"y":[1]},"o":{"x":[0.333],"y":[0]},"t":20,"s":[100]},{"i":{"x":[0.667],"y":[1]},"o":{"x":[0.333],"y":[0]},"t":28,"s":[0]},{"i":{"x":[0.667],"y":[1]},"o":{"x":[0.333],"y":[0]},"t":36,"s":[100]},{"i":{"x":[0.667],"y":[1]},"o":{"x":[0.333],"y":[0]},"t":44,"s":[0]},{"i":{"x":[0.667],"y":[1]},"o":{"x":[0.333],"y":[0]},"t":54,"s":[100]},{"i":{"x":[0.667],"y":[1]},"o":{"x":[0.333],"y":[0]},"t":64,"s":[0]},{"i":{"x":[0.667],"y":[1]},"o":{"x":[0.333],"y":[0]},"t":76,"s":[100]},{"t":82,"s":[0]}],"ix":11},"r":{"a":0,"k":31.452,"ix":10},"p":{"a":0,"k":[14.485,-96.125,0],"ix":2,"l":2},"a":{"a":0,"k":[269.25,215.01,0],"ix":1,"l":2},"s":{"a":0,"k":[100,100,100],"ix":6,"l":2}},"ao":0,"shapes":[{"ty":"gr","it":[{"ind":0,"ty":"sh","ix":1,"ks":{"a":0,"k":{"i":[[2.16,1.84],[13.28,23.679],[4.08,23.6],[5.92,-0.24],[0.16,-2.4],[-14.56,-25.12],[-24.88,-17.281],[-4.64,5.52]],"o":[[-21.84,-18.96],[-11.92,-21.361],[-0.48,-2.96],[-5.92,0.24],[-1.28,26.48],[17.28,29.92],[2.72,1.92],[4.64,-5.52]],"v":[[45.2,61.52],[-7.68,-2.959],[-31.92,-70.72],[-41.92,-78.64],[-49.84,-70.48],[-29.36,6.72],[32.88,74.161],[46.48,73.36]],"c":true},"ix":2},"nm":"Path 1","mn":"ADBE Vector Shape - Group","hd":false},{"ty":"fl","c":{"a":0,"k":[0.74900004069,0.564999988032,0.322000002394,1],"ix":4},"o":{"a":0,"k":100,"ix":5},"r":1,"bm":0,"nm":"Fill 1","mn":"ADBE Vector Graphic - Fill","hd":false},{"ty":"tr","p":{"a":0,"k":[51.37,350.89],"ix":2},"a":{"a":0,"k":[0,0],"ix":1},"s":{"a":0,"k":[100,100],"ix":3},"r":{"a":0,"k":0,"ix":6},"o":{"a":0,"k":100,"ix":7},"sk":{"a":0,"k":0,"ix":4},"sa":{"a":0,"k":0,"ix":5},"nm":"Transform"}],"nm":"Group 2","np":2,"cix":2,"bm":0,"ix":1,"mn":"ADBE Vector Group","hd":false}],"ip":0,"op":278,"st":0,"bm":0},{"ddd":0,"ind":13,"ty":4,"nm":"mouth ","parent":3,"sr":1,"ks":{"o":{"a":0,"k":100,"ix":11},"r":{"a":0,"k":31.452,"ix":10},"p":{"a":0,"k":[23.866,181.992,0],"ix":2,"l":2},"a":{"a":0,"k":[94.93,108.81,0],"ix":1,"l":2},"s":{"a":0,"k":[100,100,100],"ix":6,"l":2}},"ao":0,"shapes":[{"ty":"gr","it":[{"ind":0,"ty":"sh","ix":1,"ks":{"a":1,"k":[{"i":{"x":0.833,"y":0.833},"o":{"x":0.333,"y":0},"t":12,"s":[{"i":[[-15.94,15.441],[-26.053,14.864],[13,-12.96],[21.4,-13.099]],"o":[[15.94,-15.441],[26.22,-14.96],[-14.445,14.4],[-21.4,13.099]],"v":[[-109.26,-36.36],[0.46,-115.341],[21.68,-93.841],[-90.42,-13.9]],"c":true}]},{"i":{"x":0.667,"y":1},"o":{"x":0.167,"y":0.167},"t":16,"s":[{"i":[[-8.06,48.559],[-49.92,-14.719],[6,-49.04],[56.1,21.599]],"o":[[8.533,-51.411],[47.28,13.92],[-7.04,57.201],[-40.906,-15.749]],"v":[[-90.76,-27.36],[13.96,-93.841],[88.68,20.159],[-26.92,85.6]],"c":true}]},{"i":{"x":0.667,"y":1},"o":{"x":0.333,"y":0},"t":18,"s":[{"i":[[-8.06,48.559],[-49.92,-14.719],[6,-49.04],[56.1,21.599]],"o":[[8.533,-51.411],[47.28,13.92],[-7.04,57.201],[-40.906,-15.749]],"v":[[-90.76,-27.36],[13.96,-93.841],[99.68,40.159],[-15.92,105.6]],"c":true}]},{"i":{"x":0.667,"y":1},"o":{"x":0.333,"y":0},"t":22,"s":[{"i":[[-8.06,48.559],[-49.92,-14.719],[6,-49.04],[56.1,21.599]],"o":[[8.533,-51.411],[47.28,13.92],[-7.04,57.201],[-40.906,-15.749]],"v":[[-90.76,-27.36],[13.96,-93.841],[88.68,20.159],[-26.92,85.6]],"c":true}]},{"i":{"x":0.833,"y":0.833},"o":{"x":0.333,"y":0},"t":84,"s":[{"i":[[-8.06,48.559],[-49.92,-14.719],[6,-49.04],[56.1,21.599]],"o":[[8.533,-51.411],[47.28,13.92],[-7.04,57.201],[-40.906,-15.749]],"v":[[-90.76,-27.36],[13.96,-93.841],[88.68,20.159],[-26.92,85.6]],"c":true}]},{"i":{"x":0.667,"y":1},"o":{"x":0.167,"y":0.167},"t":88,"s":[{"i":[[-15.356,17.894],[-27.821,12.673],[12.481,-15.632],[23.97,-10.529]],"o":[[15.391,-18.105],[27.78,-12.82],[-13.896,17.57],[-22.845,10.962]],"v":[[-107.89,-35.693],[1.46,-113.748],[26.643,-85.397],[-85.716,-6.53]],"c":true}]},{"t":94,"s":[{"i":[[-15.94,15.441],[-26.053,14.864],[13,-12.96],[21.4,-13.099]],"o":[[15.94,-15.441],[26.22,-14.96],[-14.445,14.4],[-21.4,13.099]],"v":[[-109.26,-36.36],[0.46,-115.341],[21.68,-93.841],[-90.42,-13.9]],"c":true}]}],"ix":2},"nm":"Path 1","mn":"ADBE Vector Shape - Group","hd":false},{"ty":"fl","c":{"a":0,"k":[0.258999992819,0.169000004787,0.051000000449,1],"ix":4},"o":{"a":0,"k":100,"ix":5},"r":1,"bm":0,"nm":"Fill 1","mn":"ADBE Vector Graphic - Fill","hd":false},{"ty":"tr","p":{"a":0,"k":[94.93,108.81],"ix":2},"a":{"a":0,"k":[0,0],"ix":1},"s":{"a":0,"k":[100,100],"ix":3},"r":{"a":0,"k":0,"ix":6},"o":{"a":0,"k":100,"ix":7},"sk":{"a":0,"k":0,"ix":4},"sa":{"a":0,"k":0,"ix":5},"nm":"Transform"}],"nm":"Group 1","np":2,"cix":2,"bm":0,"ix":1,"mn":"ADBE Vector Group","hd":false}],"ip":0,"op":278,"st":0,"bm":0},{"ddd":0,"ind":14,"ty":4,"nm":"head ","parent":2,"sr":1,"ks":{"o":{"a":0,"k":100,"ix":11},"r":{"a":0,"k":31.452,"ix":10},"p":{"a":0,"k":[-17.709,-7.69,0],"ix":2,"l":2},"a":{"a":0,"k":[453.93,426.77,0],"ix":1,"l":2},"s":{"a":0,"k":[100,100,100],"ix":6,"l":2}},"ao":0,"shapes":[{"ty":"gr","it":[{"ind":0,"ty":"sh","ix":1,"ks":{"a":0,"k":{"i":[[73.28,29.36],[-42.4,-67.12],[29.84,-102.96],[90.8,-57.28],[123.76,50.4],[-113.12,71.52],[-27.84,94.32],[62.96,99.68]],"o":[[63.44,30.88],[62.96,99.68],[-27.92,94.321],[-106.56,67.28],[129.2,64.08],[90.8,-57.36],[29.84,-102.96],[-47.44,-75.12]],"v":[[39.68,-400.96],[200.08,-252.88],[250.48,56.8],[66.24,292.72],[-303.28,336.88],[89.2,302.96],[273.44,67.04],[223.04,-242.64]],"c":true},"ix":2},"nm":"Path 1","mn":"ADBE Vector Shape - Group","hd":false},{"ty":"fl","c":{"a":0,"k":[0.922000002394,0.560999971278,0,1],"ix":4},"o":{"a":0,"k":100,"ix":5},"r":1,"bm":0,"nm":"Fill 1","mn":"ADBE Vector Graphic - Fill","hd":false},{"ty":"tr","p":{"a":0,"k":[604.33,437.449],"ix":2},"a":{"a":0,"k":[0,0],"ix":1},"s":{"a":0,"k":[100,100],"ix":3},"r":{"a":0,"k":0,"ix":6},"o":{"a":0,"k":100,"ix":7},"sk":{"a":0,"k":0,"ix":4},"sa":{"a":0,"k":0,"ix":5},"nm":"Transform"}],"nm":"Group 1","np":2,"cix":2,"bm":0,"ix":1,"mn":"ADBE Vector Group","hd":false},{"ty":"gr","it":[{"ind":0,"ty":"sh","ix":1,"ks":{"a":0,"k":{"i":[[90.8,-57.36],[143.04,226.481],[-164.56,103.92],[-97.12,-15.36],[-62.96,-99.68],[29.84,-102.96]],"o":[[-164.56,103.92],[-143.04,-226.479],[91.36,-57.681],[105.84,17.359],[62.96,99.68],[-27.92,94.399]],"v":[[239.6,313.72],[-310.64,200.039],[-176.72,-345.64],[115.12,-411.16],[373.44,-231.96],[423.84,77.72]],"c":true},"ix":2},"nm":"Path 1","mn":"ADBE Vector Shape - Group","hd":false},{"ty":"gf","o":{"a":0,"k":100,"ix":10},"r":1,"bm":0,"g":{"p":5,"k":{"a":0,"k":[0.5,0.992,0.878,0.188,0.712,0.98,0.816,0.178,0.92,0.969,0.753,0.169,0.96,0.963,0.694,0.153,1,0.957,0.635,0.137],"ix":9}},"s":{"a":0,"k":[31,-17],"ix":5},"e":{"a":0,"k":[359,-238],"ix":6},"t":2,"h":{"a":0,"k":0,"ix":7},"a":{"a":0,"k":0,"ix":8},"nm":"Gradient Fill 1","mn":"ADBE Vector Graphic - G-Fill","hd":false},{"ty":"tr","p":{"a":0,"k":[453.93,426.77],"ix":2},"a":{"a":0,"k":[0,0],"ix":1},"s":{"a":0,"k":[100,100],"ix":3},"r":{"a":0,"k":0,"ix":6},"o":{"a":0,"k":100,"ix":7},"sk":{"a":0,"k":0,"ix":4},"sa":{"a":0,"k":0,"ix":5},"nm":"Transform"}],"nm":"Group 2","np":2,"cix":2,"bm":0,"ix":2,"mn":"ADBE Vector Group","hd":false}],"ip":0,"op":278,"st":0,"bm":0},{"ddd":0,"ind":15,"ty":4,"nm":"outer lines 2 R","parent":2,"sr":1,"ks":{"o":{"a":1,"k":[{"i":{"x":[0.833],"y":[0.833]},"o":{"x":[0.167],"y":[0.167]},"t":4,"s":[0]},{"i":{"x":[0.667],"y":[1]},"o":{"x":[0.167],"y":[0]},"t":8,"s":[100]},{"i":{"x":[0.667],"y":[1]},"o":{"x":[0.333],"y":[0]},"t":16,"s":[100]},{"i":{"x":[0.833],"y":[0.833]},"o":{"x":[0.333],"y":[0]},"t":20,"s":[0]},{"i":{"x":[0.667],"y":[1]},"o":{"x":[0.167],"y":[0]},"t":24,"s":[100]},{"i":{"x":[0.833],"y":[1]},"o":{"x":[0.333],"y":[0]},"t":28,"s":[100]},{"i":{"x":[0.667],"y":[1]},"o":{"x":[0.167],"y":[0.167]},"t":32,"s":[100]},{"i":{"x":[0.833],"y":[0.833]},"o":{"x":[0.333],"y":[0]},"t":36,"s":[0]},{"i":{"x":[0.667],"y":[1]},"o":{"x":[0.167],"y":[0]},"t":40,"s":[100]},{"i":{"x":[0.833],"y":[1]},"o":{"x":[0.333],"y":[0]},"t":44,"s":[100]},{"i":{"x":[0.667],"y":[1]},"o":{"x":[0.167],"y":[0.167]},"t":48,"s":[100]},{"i":{"x":[0.833],"y":[0.833]},"o":{"x":[0.333],"y":[0]},"t":54,"s":[0]},{"i":{"x":[0.667],"y":[1]},"o":{"x":[0.167],"y":[0]},"t":58,"s":[100]},{"i":{"x":[0.833],"y":[1]},"o":{"x":[0.333],"y":[0]},"t":64,"s":[100]},{"i":{"x":[0.667],"y":[1]},"o":{"x":[0.167],"y":[0.167]},"t":70,"s":[100]},{"i":{"x":[0.833],"y":[0.833]},"o":{"x":[0.333],"y":[0]},"t":76,"s":[0]},{"i":{"x":[0.667],"y":[1]},"o":{"x":[0.167],"y":[0]},"t":82,"s":[100]},{"i":{"x":[0.667],"y":[1]},"o":{"x":[0.167],"y":[0]},"t":88,"s":[100]},{"i":{"x":[0.667],"y":[1]},"o":{"x":[0.333],"y":[0]},"t":96,"s":[0]},{"t":116,"s":[0]}],"ix":11},"r":{"a":0,"k":31.452,"ix":10},"p":{"a":1,"k":[{"i":{"x":0.833,"y":0.833},"o":{"x":0.167,"y":0.167},"t":4,"s":[-60.143,0.818,0],"to":[0,0,0],"ti":[0,0,0]},{"i":{"x":0.667,"y":0.667},"o":{"x":0.167,"y":0.167},"t":12,"s":[8.5,-4.085,0],"to":[0,0,0],"ti":[0,0,0]},{"i":{"x":0.667,"y":1},"o":{"x":0.333,"y":0},"t":16,"s":[8.5,-4.085,0],"to":[0,0,0],"ti":[0,0,0]},{"i":{"x":0.833,"y":0.833},"o":{"x":0.333,"y":0},"t":20,"s":[-60.143,0.818,0],"to":[0,0,0],"ti":[0,0,0]},{"i":{"x":0.667,"y":0.667},"o":{"x":0.167,"y":0.167},"t":24,"s":[8.5,-4.085,0],"to":[0,0,0],"ti":[0,0,0]},{"i":{"x":0.833,"y":0.833},"o":{"x":0.333,"y":0.333},"t":28,"s":[8.5,-4.085,0],"to":[0,0,0],"ti":[0,0,0]},{"i":{"x":0.667,"y":1},"o":{"x":0.167,"y":0.167},"t":32,"s":[8.5,-4.085,0],"to":[0,0,0],"ti":[0,0,0]},{"i":{"x":0.833,"y":0.833},"o":{"x":0.333,"y":0},"t":36,"s":[-60.143,0.818,0],"to":[0,0,0],"ti":[0,0,0]},{"i":{"x":0.667,"y":0.667},"o":{"x":0.167,"y":0.167},"t":40,"s":[8.5,-4.085,0],"to":[0,0,0],"ti":[0,0,0]},{"i":{"x":0.833,"y":0.833},"o":{"x":0.333,"y":0.333},"t":44,"s":[8.5,-4.085,0],"to":[0,0,0],"ti":[0,0,0]},{"i":{"x":0.667,"y":1},"o":{"x":0.167,"y":0.167},"t":48,"s":[8.5,-4.085,0],"to":[0,0,0],"ti":[0,0,0]},{"i":{"x":0.833,"y":0.833},"o":{"x":0.333,"y":0},"t":54,"s":[-60.143,0.818,0],"to":[0,0,0],"ti":[0,0,0]},{"i":{"x":0.667,"y":0.667},"o":{"x":0.167,"y":0.167},"t":58,"s":[8.5,-4.085,0],"to":[0,0,0],"ti":[0,0,0]},{"i":{"x":0.833,"y":0.833},"o":{"x":0.333,"y":0.333},"t":64,"s":[8.5,-4.085,0],"to":[0,0,0],"ti":[0,0,0]},{"i":{"x":0.667,"y":1},"o":{"x":0.167,"y":0.167},"t":70,"s":[8.5,-4.085,0],"to":[0,0,0],"ti":[0,0,0]},{"i":{"x":0.833,"y":0.833},"o":{"x":0.333,"y":0},"t":76,"s":[-60.143,0.818,0],"to":[0,0,0],"ti":[0,0,0]},{"i":{"x":0.667,"y":0.667},"o":{"x":0.167,"y":0.167},"t":82,"s":[8.5,-4.085,0],"to":[0,0,0],"ti":[0,0,0]},{"i":{"x":0.667,"y":1},"o":{"x":0.167,"y":0},"t":88,"s":[8.5,-4.085,0],"to":[0,0,0],"ti":[0,0,0]},{"i":{"x":0.667,"y":1},"o":{"x":0.333,"y":0},"t":96,"s":[-60.143,0.818,0],"to":[0,0,0],"ti":[0,0,0]},{"t":116,"s":[8.5,-4.085,0]}],"ix":2,"l":2},"a":{"a":0,"k":[496.81,453.85,0],"ix":1,"l":2},"s":{"a":0,"k":[100,100,100],"ix":6,"l":2}},"ao":0,"shapes":[{"ty":"gr","it":[{"ind":0,"ty":"sh","ix":1,"ks":{"a":0,"k":{"i":[[-0.64,3.04],[-4.64,-2.8],[-20.56,-18.56],[-31.36,-54.32],[-9.84,-25.04],[6.96,-2.56],[2.72,6.64],[12.88,22.24],[17.92,24.08],[20.8,21.68],[21.6,16.32]],"o":[[1.2,-5.28],[23.52,14.56],[46.88,41.84],[13.04,23.44],[2.72,6.96],[-6.72,2.48],[-9.84,-23.6],[-14.64,-26.24],[-17.52,-24.4],[-18.72,-19.12],[-2.4,-1.92]],"v":[[-115.8,-137.96],[-103.96,-143.08],[-37.64,-93.32],[79.24,53.24],[113.72,126.04],[105.8,143.4],[88.92,135.88],[54.92,67.08],[5.96,-8.44],[-52.28,-76.92],[-112.84,-129.96]],"c":true},"ix":2},"nm":"Path 1","mn":"ADBE Vector Shape - Group","hd":false},{"ty":"fl","c":{"a":0,"k":[0.933000033509,0.728999956916,0.294000004787,1],"ix":4},"o":{"a":0,"k":100,"ix":5},"r":1,"bm":0,"nm":"Fill 1","mn":"ADBE Vector Graphic - Fill","hd":false},{"ty":"tr","p":{"a":0,"k":[876.93,146.13],"ix":2},"a":{"a":0,"k":[0,0],"ix":1},"s":{"a":0,"k":[100,100],"ix":3},"r":{"a":0,"k":0,"ix":6},"o":{"a":0,"k":100,"ix":7},"sk":{"a":0,"k":0,"ix":4},"sa":{"a":0,"k":0,"ix":5},"nm":"Transform"}],"nm":"Group 1","np":2,"cix":2,"bm":0,"ix":1,"mn":"ADBE Vector Group","hd":false}],"ip":0,"op":278,"st":0,"bm":0},{"ddd":0,"ind":16,"ty":4,"nm":"outer lines 2 L","parent":2,"sr":1,"ks":{"o":{"a":1,"k":[{"i":{"x":[0.833],"y":[0.833]},"o":{"x":[0.167],"y":[0.167]},"t":12,"s":[0]},{"i":{"x":[0.667],"y":[1]},"o":{"x":[0.167],"y":[0]},"t":14,"s":[100]},{"i":{"x":[0.667],"y":[1]},"o":{"x":[0.333],"y":[0]},"t":16,"s":[100]},{"i":{"x":[0.833],"y":[1]},"o":{"x":[0.333],"y":[0]},"t":20,"s":[100]},{"i":{"x":[0.667],"y":[1]},"o":{"x":[0.167],"y":[0.167]},"t":24,"s":[100]},{"i":{"x":[0.833],"y":[0.833]},"o":{"x":[0.333],"y":[0]},"t":28,"s":[0]},{"i":{"x":[0.667],"y":[1]},"o":{"x":[0.167],"y":[0]},"t":32,"s":[100]},{"i":{"x":[0.833],"y":[1]},"o":{"x":[0.333],"y":[0]},"t":36,"s":[100]},{"i":{"x":[0.667],"y":[1]},"o":{"x":[0.167],"y":[0.167]},"t":40,"s":[100]},{"i":{"x":[0.833],"y":[0.833]},"o":{"x":[0.333],"y":[0]},"t":44,"s":[0]},{"i":{"x":[0.667],"y":[1]},"o":{"x":[0.167],"y":[0]},"t":48,"s":[100]},{"i":{"x":[0.833],"y":[1]},"o":{"x":[0.333],"y":[0]},"t":54,"s":[100]},{"i":{"x":[0.667],"y":[1]},"o":{"x":[0.167],"y":[0.167]},"t":58,"s":[100]},{"i":{"x":[0.833],"y":[0.833]},"o":{"x":[0.333],"y":[0]},"t":64,"s":[0]},{"i":{"x":[0.667],"y":[1]},"o":{"x":[0.167],"y":[0]},"t":70,"s":[100]},{"i":{"x":[0.833],"y":[1]},"o":{"x":[0.333],"y":[0]},"t":76,"s":[100]},{"i":{"x":[0.667],"y":[1]},"o":{"x":[0.167],"y":[0.167]},"t":82,"s":[100]},{"i":{"x":[0.833],"y":[0.833]},"o":{"x":[0.167],"y":[0]},"t":88,"s":[0]},{"i":{"x":[0.667],"y":[1]},"o":{"x":[0.167],"y":[0.167]},"t":94,"s":[100]},{"t":108,"s":[0]}],"ix":11},"r":{"a":0,"k":31.452,"ix":10},"p":{"a":1,"k":[{"i":{"x":0.667,"y":1},"o":{"x":0.167,"y":0.167},"t":12,"s":[66.145,-6.338,0],"to":[0,0,0],"ti":[0,0,0]},{"i":{"x":0.667,"y":0.667},"o":{"x":0.333,"y":0.333},"t":16,"s":[8.5,-4.085,0],"to":[0,0,0],"ti":[0,0,0]},{"i":{"x":0.833,"y":0.833},"o":{"x":0.333,"y":0.333},"t":20,"s":[8.5,-4.085,0],"to":[0,0,0],"ti":[0,0,0]},{"i":{"x":0.667,"y":1},"o":{"x":0.167,"y":0.167},"t":24,"s":[8.5,-4.085,0],"to":[0,0,0],"ti":[0,0,0]},{"i":{"x":0.833,"y":0.833},"o":{"x":0.333,"y":0},"t":28,"s":[66.145,-6.338,0],"to":[0,0,0],"ti":[0,0,0]},{"i":{"x":0.667,"y":0.667},"o":{"x":0.167,"y":0.167},"t":32,"s":[8.5,-4.085,0],"to":[0,0,0],"ti":[0,0,0]},{"i":{"x":0.833,"y":0.833},"o":{"x":0.333,"y":0.333},"t":36,"s":[8.5,-4.085,0],"to":[0,0,0],"ti":[0,0,0]},{"i":{"x":0.667,"y":1},"o":{"x":0.167,"y":0.167},"t":40,"s":[8.5,-4.085,0],"to":[0,0,0],"ti":[0,0,0]},{"i":{"x":0.833,"y":0.833},"o":{"x":0.333,"y":0},"t":44,"s":[66.145,-6.338,0],"to":[0,0,0],"ti":[0,0,0]},{"i":{"x":0.667,"y":0.667},"o":{"x":0.167,"y":0.167},"t":48,"s":[8.5,-4.085,0],"to":[0,0,0],"ti":[0,0,0]},{"i":{"x":0.833,"y":0.833},"o":{"x":0.333,"y":0.333},"t":54,"s":[8.5,-4.085,0],"to":[0,0,0],"ti":[0,0,0]},{"i":{"x":0.667,"y":1},"o":{"x":0.167,"y":0.167},"t":58,"s":[8.5,-4.085,0],"to":[0,0,0],"ti":[0,0,0]},{"i":{"x":0.833,"y":0.833},"o":{"x":0.333,"y":0},"t":64,"s":[66.145,-6.338,0],"to":[0,0,0],"ti":[0,0,0]},{"i":{"x":0.667,"y":0.667},"o":{"x":0.167,"y":0.167},"t":70,"s":[8.5,-4.085,0],"to":[0,0,0],"ti":[0,0,0]},{"i":{"x":0.833,"y":0.833},"o":{"x":0.333,"y":0.333},"t":76,"s":[8.5,-4.085,0],"to":[0,0,0],"ti":[0,0,0]},{"i":{"x":0.667,"y":1},"o":{"x":0.167,"y":0.167},"t":82,"s":[8.5,-4.085,0],"to":[0,0,0],"ti":[0,0,0]},{"i":{"x":0.833,"y":0.833},"o":{"x":0.167,"y":0},"t":88,"s":[66.145,-6.338,0],"to":[0,0,0],"ti":[0,0,0]},{"i":{"x":0.667,"y":0.667},"o":{"x":0.167,"y":0.167},"t":94,"s":[8.5,-4.085,0],"to":[0,0,0],"ti":[0,0,0]},{"t":108,"s":[8.5,-4.085,0]}],"ix":2,"l":2},"a":{"a":0,"k":[496.81,453.85,0],"ix":1,"l":2},"s":{"a":0,"k":[100,100,100],"ix":6,"l":2}},"ao":0,"shapes":[{"ty":"gr","it":[{"ind":0,"ty":"sh","ix":1,"ks":{"a":0,"k":{"i":[[-5.76,-0.561],[-0.72,-4.081],[-4.96,-16.319],[-35.6,-50.96],[-47.12,-34.641],[3.52,-5.12],[5.2,3.36],[21.12,19.921],[19.04,26.32],[13.76,29.521],[7.2,31.84],[1.92,17.92]],"o":[[4.16,0.399],[3.12,16.799],[17.92,59.681],[33.52,47.84],[5.04,3.679],[-3.44,5.04],[-24.4,-15.68],[-23.36,-22.88],[-18,-26.96],[-13.36,-29.599],[-4.32,-17.519],[-0.4,-5.681]],"v":[[-109.72,-185.68],[-101.56,-178.159],[-89.4,-128.481],[-6.76,38],[114.12,164],[116.84,179.68],[101.32,182.88],[33.48,128.399],[-29.8,54],[-78.36,-30.32],[-110.6,-122.32],[-119.96,-175.68]],"c":true},"ix":2},"nm":"Path 1","mn":"ADBE Vector Shape - Group","hd":false},{"ty":"fl","c":{"a":0,"k":[0.933000033509,0.728999956916,0.294000004787,1],"ix":4},"o":{"a":0,"k":100,"ix":5},"r":1,"bm":0,"nm":"Fill 1","mn":"ADBE Vector Graphic - Fill","hd":false},{"ty":"tr","p":{"a":0,"k":[120.61,692.89],"ix":2},"a":{"a":0,"k":[0,0],"ix":1},"s":{"a":0,"k":[100,100],"ix":3},"r":{"a":0,"k":0,"ix":6},"o":{"a":0,"k":100,"ix":7},"sk":{"a":0,"k":0,"ix":4},"sa":{"a":0,"k":0,"ix":5},"nm":"Transform"}],"nm":"Group 3","np":2,"cix":2,"bm":0,"ix":1,"mn":"ADBE Vector Group","hd":false}],"ip":0,"op":278,"st":0,"bm":0},{"ddd":0,"ind":17,"ty":4,"nm":"outer lines 1 R","parent":2,"sr":1,"ks":{"o":{"a":1,"k":[{"i":{"x":[0.833],"y":[0.833]},"o":{"x":[0.167],"y":[0.167]},"t":8,"s":[0]},{"i":{"x":[0.667],"y":[1]},"o":{"x":[0.167],"y":[0]},"t":12,"s":[100]},{"i":{"x":[0.667],"y":[1]},"o":{"x":[0.333],"y":[0]},"t":16,"s":[100]},{"i":{"x":[0.833],"y":[0.833]},"o":{"x":[0.333],"y":[0]},"t":20,"s":[0]},{"i":{"x":[0.667],"y":[1]},"o":{"x":[0.167],"y":[0]},"t":24,"s":[100]},{"i":{"x":[0.833],"y":[1]},"o":{"x":[0.333],"y":[0]},"t":28,"s":[100]},{"i":{"x":[0.667],"y":[1]},"o":{"x":[0.167],"y":[0.167]},"t":32,"s":[100]},{"i":{"x":[0.833],"y":[0.833]},"o":{"x":[0.333],"y":[0]},"t":36,"s":[0]},{"i":{"x":[0.667],"y":[1]},"o":{"x":[0.167],"y":[0]},"t":40,"s":[100]},{"i":{"x":[0.833],"y":[1]},"o":{"x":[0.333],"y":[0]},"t":44,"s":[100]},{"i":{"x":[0.667],"y":[1]},"o":{"x":[0.167],"y":[0.167]},"t":48,"s":[100]},{"i":{"x":[0.833],"y":[0.833]},"o":{"x":[0.333],"y":[0]},"t":54,"s":[0]},{"i":{"x":[0.667],"y":[1]},"o":{"x":[0.167],"y":[0]},"t":58,"s":[100]},{"i":{"x":[0.833],"y":[1]},"o":{"x":[0.333],"y":[0]},"t":64,"s":[100]},{"i":{"x":[0.667],"y":[1]},"o":{"x":[0.167],"y":[0.167]},"t":70,"s":[100]},{"i":{"x":[0.833],"y":[0.833]},"o":{"x":[0.333],"y":[0]},"t":76,"s":[0]},{"i":{"x":[0.667],"y":[1]},"o":{"x":[0.167],"y":[0]},"t":82,"s":[100]},{"i":{"x":[0.667],"y":[1]},"o":{"x":[0.167],"y":[0]},"t":88,"s":[100]},{"i":{"x":[0.667],"y":[1]},"o":{"x":[0.333],"y":[0]},"t":100,"s":[0]},{"t":116,"s":[0]}],"ix":11},"r":{"a":0,"k":31.452,"ix":10},"p":{"a":1,"k":[{"i":{"x":0.833,"y":0.833},"o":{"x":0.167,"y":0.167},"t":4,"s":[-60.143,0.818,0],"to":[0,0,0],"ti":[0,0,0]},{"i":{"x":0.667,"y":0.667},"o":{"x":0.167,"y":0.167},"t":12,"s":[8.5,-4.085,0],"to":[0,0,0],"ti":[0,0,0]},{"i":{"x":0.667,"y":1},"o":{"x":0.333,"y":0},"t":16,"s":[8.5,-4.085,0],"to":[0,0,0],"ti":[0,0,0]},{"i":{"x":0.833,"y":0.833},"o":{"x":0.333,"y":0},"t":20,"s":[-60.143,0.818,0],"to":[0,0,0],"ti":[0,0,0]},{"i":{"x":0.667,"y":0.667},"o":{"x":0.167,"y":0.167},"t":24,"s":[8.5,-4.085,0],"to":[0,0,0],"ti":[0,0,0]},{"i":{"x":0.833,"y":0.833},"o":{"x":0.333,"y":0.333},"t":28,"s":[8.5,-4.085,0],"to":[0,0,0],"ti":[0,0,0]},{"i":{"x":0.667,"y":1},"o":{"x":0.167,"y":0.167},"t":32,"s":[8.5,-4.085,0],"to":[0,0,0],"ti":[0,0,0]},{"i":{"x":0.833,"y":0.833},"o":{"x":0.333,"y":0},"t":36,"s":[-60.143,0.818,0],"to":[0,0,0],"ti":[0,0,0]},{"i":{"x":0.667,"y":0.667},"o":{"x":0.167,"y":0.167},"t":40,"s":[8.5,-4.085,0],"to":[0,0,0],"ti":[0,0,0]},{"i":{"x":0.833,"y":0.833},"o":{"x":0.333,"y":0.333},"t":44,"s":[8.5,-4.085,0],"to":[0,0,0],"ti":[0,0,0]},{"i":{"x":0.667,"y":1},"o":{"x":0.167,"y":0.167},"t":48,"s":[8.5,-4.085,0],"to":[0,0,0],"ti":[0,0,0]},{"i":{"x":0.833,"y":0.833},"o":{"x":0.333,"y":0},"t":54,"s":[-60.143,0.818,0],"to":[0,0,0],"ti":[0,0,0]},{"i":{"x":0.667,"y":0.667},"o":{"x":0.167,"y":0.167},"t":58,"s":[8.5,-4.085,0],"to":[0,0,0],"ti":[0,0,0]},{"i":{"x":0.833,"y":0.833},"o":{"x":0.333,"y":0.333},"t":64,"s":[8.5,-4.085,0],"to":[0,0,0],"ti":[0,0,0]},{"i":{"x":0.667,"y":1},"o":{"x":0.167,"y":0.167},"t":70,"s":[8.5,-4.085,0],"to":[0,0,0],"ti":[0,0,0]},{"i":{"x":0.833,"y":0.833},"o":{"x":0.333,"y":0},"t":76,"s":[-60.143,0.818,0],"to":[0,0,0],"ti":[0,0,0]},{"i":{"x":0.667,"y":0.667},"o":{"x":0.167,"y":0.167},"t":82,"s":[8.5,-4.085,0],"to":[0,0,0],"ti":[0,0,0]},{"i":{"x":0.667,"y":1},"o":{"x":0.167,"y":0},"t":88,"s":[8.5,-4.085,0],"to":[0,0,0],"ti":[0,0,0]},{"i":{"x":0.667,"y":1},"o":{"x":0.333,"y":0},"t":100,"s":[-60.143,0.818,0],"to":[0,0,0],"ti":[0,0,0]},{"t":116,"s":[8.5,-4.085,0]}],"ix":2,"l":2},"a":{"a":0,"k":[496.81,453.85,0],"ix":1,"l":2},"s":{"a":0,"k":[100,100,100],"ix":6,"l":2}},"ao":0,"shapes":[{"ty":"gr","it":[{"ind":0,"ty":"sh","ix":1,"ks":{"a":0,"k":{"i":[[6.32,0],[0.48,5.92],[15.44,39.76],[26.64,38],[35.84,28.72],[39.6,15.68],[-1.84,5.68],[-5.92,-2.08],[-53.2,-77.04],[-16.08,-46.16],[-1.52,-44.96]],"o":[[-5.92,0.08],[-3.36,-42.56],[-15.84,-43.36],[-26.24,-38.32],[-32.8,-26.88],[-5.52,-2.16],[1.92,-5.92],[88.8,31.04],[27.6,40.16],[15.04,42.4],[0,6.4]],"v":[[152.12,223.12],[140.84,212.64],[113,88.4],[47.48,-33.92],[-45.8,-135.6],[-155.08,-200],[-161.72,-213.92],[-147.4,-221.12],[70.52,-50],[138.04,79.44],[163.56,211.44]],"c":true},"ix":2},"nm":"Path 1","mn":"ADBE Vector Shape - Group","hd":false},{"ty":"fl","c":{"a":0,"k":[0.933000033509,0.728999956916,0.294000004787,1],"ix":4},"o":{"a":0,"k":100,"ix":5},"r":1,"bm":0,"nm":"Fill 1","mn":"ADBE Vector Graphic - Fill","hd":false},{"ty":"tr","p":{"a":0,"k":[801.41,232.89],"ix":2},"a":{"a":0,"k":[0,0],"ix":1},"s":{"a":0,"k":[100,100],"ix":3},"r":{"a":0,"k":0,"ix":6},"o":{"a":0,"k":100,"ix":7},"sk":{"a":0,"k":0,"ix":4},"sa":{"a":0,"k":0,"ix":5},"nm":"Transform"}],"nm":"Group 2","np":2,"cix":2,"bm":0,"ix":1,"mn":"ADBE Vector Group","hd":false}],"ip":0,"op":278,"st":0,"bm":0},{"ddd":0,"ind":18,"ty":4,"nm":"outer lines 1 L","parent":2,"sr":1,"ks":{"o":{"a":1,"k":[{"i":{"x":[0.667],"y":[1]},"o":{"x":[0.167],"y":[0.167]},"t":14,"s":[0]},{"i":{"x":[0.667],"y":[1]},"o":{"x":[0.333],"y":[0]},"t":16,"s":[100]},{"i":{"x":[0.833],"y":[1]},"o":{"x":[0.333],"y":[0]},"t":20,"s":[100]},{"i":{"x":[0.667],"y":[1]},"o":{"x":[0.167],"y":[0.167]},"t":24,"s":[100]},{"i":{"x":[0.833],"y":[0.833]},"o":{"x":[0.333],"y":[0]},"t":28,"s":[0]},{"i":{"x":[0.667],"y":[1]},"o":{"x":[0.167],"y":[0]},"t":32,"s":[100]},{"i":{"x":[0.833],"y":[1]},"o":{"x":[0.333],"y":[0]},"t":36,"s":[100]},{"i":{"x":[0.667],"y":[1]},"o":{"x":[0.167],"y":[0.167]},"t":40,"s":[100]},{"i":{"x":[0.833],"y":[0.833]},"o":{"x":[0.333],"y":[0]},"t":44,"s":[0]},{"i":{"x":[0.667],"y":[1]},"o":{"x":[0.167],"y":[0]},"t":48,"s":[100]},{"i":{"x":[0.833],"y":[1]},"o":{"x":[0.333],"y":[0]},"t":54,"s":[100]},{"i":{"x":[0.667],"y":[1]},"o":{"x":[0.167],"y":[0.167]},"t":58,"s":[100]},{"i":{"x":[0.833],"y":[0.833]},"o":{"x":[0.333],"y":[0]},"t":64,"s":[0]},{"i":{"x":[0.667],"y":[1]},"o":{"x":[0.167],"y":[0]},"t":70,"s":[100]},{"i":{"x":[0.833],"y":[1]},"o":{"x":[0.333],"y":[0]},"t":76,"s":[100]},{"i":{"x":[0.667],"y":[1]},"o":{"x":[0.167],"y":[0.167]},"t":82,"s":[100]},{"i":{"x":[0.833],"y":[0.833]},"o":{"x":[0.167],"y":[0]},"t":88,"s":[0]},{"i":{"x":[0.667],"y":[1]},"o":{"x":[0.167],"y":[0]},"t":94,"s":[100]},{"i":{"x":[0.667],"y":[1]},"o":{"x":[0.333],"y":[0]},"t":100,"s":[100]},{"t":116,"s":[0]}],"ix":11},"r":{"a":0,"k":31.452,"ix":10},"p":{"a":1,"k":[{"i":{"x":0.667,"y":1},"o":{"x":0.167,"y":0.167},"t":12,"s":[66.145,-6.338,0],"to":[0,0,0],"ti":[0,0,0]},{"i":{"x":0.667,"y":0.667},"o":{"x":0.333,"y":0.333},"t":16,"s":[8.5,-4.085,0],"to":[0,0,0],"ti":[0,0,0]},{"i":{"x":0.833,"y":0.833},"o":{"x":0.333,"y":0.333},"t":20,"s":[8.5,-4.085,0],"to":[0,0,0],"ti":[0,0,0]},{"i":{"x":0.667,"y":1},"o":{"x":0.167,"y":0.167},"t":24,"s":[8.5,-4.085,0],"to":[0,0,0],"ti":[0,0,0]},{"i":{"x":0.833,"y":0.833},"o":{"x":0.333,"y":0},"t":28,"s":[66.145,-6.338,0],"to":[0,0,0],"ti":[0,0,0]},{"i":{"x":0.667,"y":0.667},"o":{"x":0.167,"y":0.167},"t":32,"s":[8.5,-4.085,0],"to":[0,0,0],"ti":[0,0,0]},{"i":{"x":0.833,"y":0.833},"o":{"x":0.333,"y":0.333},"t":36,"s":[8.5,-4.085,0],"to":[0,0,0],"ti":[0,0,0]},{"i":{"x":0.667,"y":1},"o":{"x":0.167,"y":0.167},"t":40,"s":[8.5,-4.085,0],"to":[0,0,0],"ti":[0,0,0]},{"i":{"x":0.833,"y":0.833},"o":{"x":0.333,"y":0},"t":44,"s":[66.145,-6.338,0],"to":[0,0,0],"ti":[0,0,0]},{"i":{"x":0.667,"y":0.667},"o":{"x":0.167,"y":0.167},"t":48,"s":[8.5,-4.085,0],"to":[0,0,0],"ti":[0,0,0]},{"i":{"x":0.833,"y":0.833},"o":{"x":0.333,"y":0.333},"t":54,"s":[8.5,-4.085,0],"to":[0,0,0],"ti":[0,0,0]},{"i":{"x":0.667,"y":1},"o":{"x":0.167,"y":0.167},"t":58,"s":[8.5,-4.085,0],"to":[0,0,0],"ti":[0,0,0]},{"i":{"x":0.833,"y":0.833},"o":{"x":0.333,"y":0},"t":64,"s":[66.145,-6.338,0],"to":[0,0,0],"ti":[0,0,0]},{"i":{"x":0.667,"y":0.667},"o":{"x":0.167,"y":0.167},"t":70,"s":[8.5,-4.085,0],"to":[0,0,0],"ti":[0,0,0]},{"i":{"x":0.833,"y":0.833},"o":{"x":0.333,"y":0.333},"t":76,"s":[8.5,-4.085,0],"to":[0,0,0],"ti":[0,0,0]},{"i":{"x":0.667,"y":1},"o":{"x":0.167,"y":0.167},"t":82,"s":[8.5,-4.085,0],"to":[0,0,0],"ti":[0,0,0]},{"i":{"x":0.833,"y":0.833},"o":{"x":0.167,"y":0},"t":88,"s":[66.145,-6.338,0],"to":[0,0,0],"ti":[0,0,0]},{"i":{"x":0.667,"y":0.667},"o":{"x":0.167,"y":0.167},"t":94,"s":[8.5,-4.085,0],"to":[0,0,0],"ti":[0,0,0]},{"i":{"x":0.667,"y":0.667},"o":{"x":0.333,"y":0.333},"t":100,"s":[8.5,-4.085,0],"to":[0,0,0],"ti":[0,0,0]},{"t":116,"s":[8.5,-4.085,0]}],"ix":2,"l":2},"a":{"a":0,"k":[496.81,453.85,0],"ix":1,"l":2},"s":{"a":0,"k":[100,100,100],"ix":6,"l":2}},"ao":0,"shapes":[{"ty":"gr","it":[{"ind":0,"ty":"sh","ix":1,"ks":{"a":0,"k":{"i":[[0.56,-4.08],[4.08,0.319],[43.6,20.481],[36.16,35.281],[24.88,43.679],[9.84,49.92],[-9.36,49.92],[-7.04,20.801],[-4.96,-1.599],[1.44,-5.04],[2.4,-20.799],[-10.24,-46.799],[-23.6,-41.76],[-85.92,-43.599],[-45.04,-6.241]],"o":[[-0.48,4.08],[-47.2,-3.761],[-46.24,-20.88],[-36,-35.76],[-24.24,-44.08],[-9.52,-49.841],[3.52,-21.84],[1.68,-4.96],[4.96,1.6],[-5.68,20.079],[-6.8,47.52],[10.16,46.88],[46.16,83.841],[40.48,20.8],[4.24,0.559]],"v":[[212.32,297.12],[204.16,303.92],[66.08,268.24],[-57.76,181.359],[-148.32,60.8],[-201.2,-81.039],[-203.52,-232.56],[-187.2,-296.56],[-175.12,-302.641],[-168.8,-290.719],[-181.76,-229.521],[-175.6,-86.56],[-124,47.2],[75.92,248.479],[205.68,288.721]],"c":true},"ix":2},"nm":"Path 1","mn":"ADBE Vector Shape - Group","hd":false},{"ty":"fl","c":{"a":0,"k":[0.933000033509,0.728999956916,0.294000004787,1],"ix":4},"o":{"a":0,"k":100,"ix":5},"r":1,"bm":0,"nm":"Fill 1","mn":"ADBE Vector Graphic - Fill","hd":false},{"ty":"tr","p":{"a":0,"k":[248.01,603.21],"ix":2},"a":{"a":0,"k":[0,0],"ix":1},"s":{"a":0,"k":[100,100],"ix":3},"r":{"a":0,"k":0,"ix":6},"o":{"a":0,"k":100,"ix":7},"sk":{"a":0,"k":0,"ix":4},"sa":{"a":0,"k":0,"ix":5},"nm":"Transform"}],"nm":"Group 4","np":2,"cix":2,"bm":0,"ix":1,"mn":"ADBE Vector Group","hd":false}],"ip":0,"op":278,"st":0,"bm":0}]}],"layers":[{"ddd":0,"ind":1,"ty":0,"nm":"emoji_60_shaking-face B pre","refId":"comp_0","sr":1,"ks":{"o":{"a":0,"k":100,"ix":11},"r":{"a":0,"k":0,"ix":10},"p":{"a":0,"k":[512,512,0],"ix":2,"l":2},"a":{"a":0,"k":[512,512,0],"ix":1,"l":2},"s":{"a":0,"k":[100,100,100],"ix":6,"l":2}},"ao":0,"tm":{"a":1,"k":[{"i":{"x":[0.833],"y":[0.833]},"o":{"x":[0.167],"y":[0.167]},"t":0,"s":[0]},{"i":{"x":[0.833],"y":[0.833]},"o":{"x":[0.167],"y":[0.167]},"t":16,"s":[0.267]},{"i":{"x":[0.833],"y":[0.833]},"o":{"x":[0.167],"y":[0.167]},"t":20,"s":[0.333]},{"i":{"x":[0.667],"y":[1]},"o":{"x":[0.167],"y":[0.167]},"t":74,"s":[0.9]},{"t":130,"s":[2.167]}],"ix":2},"w":1024,"h":1024,"ip":74,"op":130,"st":0,"bm":0},{"ddd":0,"ind":2,"ty":0,"nm":"emoji_60_shaking-face B pre","refId":"comp_0","sr":1,"ks":{"o":{"a":0,"k":100,"ix":11},"r":{"a":0,"k":0,"ix":10},"p":{"a":0,"k":[512,512,0],"ix":2,"l":2},"a":{"a":0,"k":[512,512,0],"ix":1,"l":2},"s":{"a":0,"k":[100,100,100],"ix":6,"l":2}},"ao":0,"tm":{"a":1,"k":[{"i":{"x":[0.833],"y":[0.833]},"o":{"x":[0.167],"y":[0.167]},"t":36,"s":[0]},{"i":{"x":[0.833],"y":[0.833]},"o":{"x":[0.167],"y":[0.167]},"t":52,"s":[0.267]},{"i":{"x":[0.833],"y":[0.833]},"o":{"x":[0.167],"y":[0.167]},"t":56,"s":[0.333]},{"i":{"x":[0.833],"y":[0.833]},"o":{"x":[0.167],"y":[0.167]},"t":74,"s":[0.9]},{"t":166,"s":[2.167]}],"ix":2},"w":1024,"h":1024,"ip":56,"op":74,"st":36,"bm":0},{"ddd":0,"ind":3,"ty":0,"nm":"emoji_60_shaking-face B pre","refId":"comp_0","sr":1,"ks":{"o":{"a":0,"k":100,"ix":11},"r":{"a":0,"k":0,"ix":10},"p":{"a":0,"k":[512,512,0],"ix":2,"l":2},"a":{"a":0,"k":[512,512,0],"ix":1,"l":2},"s":{"a":0,"k":[100,100,100],"ix":6,"l":2}},"ao":0,"tm":{"a":1,"k":[{"i":{"x":[0.833],"y":[0.833]},"o":{"x":[0.167],"y":[0.167]},"t":18,"s":[0]},{"i":{"x":[0.833],"y":[0.833]},"o":{"x":[0.167],"y":[0.167]},"t":34,"s":[0.267]},{"i":{"x":[0.833],"y":[0.833]},"o":{"x":[0.167],"y":[0.167]},"t":38,"s":[0.333]},{"i":{"x":[0.833],"y":[0.833]},"o":{"x":[0.167],"y":[0.167]},"t":56,"s":[0.9]},{"t":148,"s":[2.167]}],"ix":2},"w":1024,"h":1024,"ip":38,"op":56,"st":18,"bm":0},{"ddd":0,"ind":4,"ty":0,"nm":"emoji_60_shaking-face B pre","refId":"comp_0","sr":1,"ks":{"o":{"a":0,"k":100,"ix":11},"r":{"a":0,"k":0,"ix":10},"p":{"a":0,"k":[512,512,0],"ix":2,"l":2},"a":{"a":0,"k":[512,512,0],"ix":1,"l":2},"s":{"a":0,"k":[100,100,100],"ix":6,"l":2}},"ao":0,"tm":{"a":1,"k":[{"i":{"x":[0.833],"y":[0.833]},"o":{"x":[0.167],"y":[0.167]},"t":0,"s":[0]},{"i":{"x":[0.833],"y":[0.833]},"o":{"x":[0.167],"y":[0.167]},"t":16,"s":[0.267]},{"i":{"x":[0.833],"y":[0.833]},"o":{"x":[0.167],"y":[0.167]},"t":20,"s":[0.333]},{"i":{"x":[0.833],"y":[0.833]},"o":{"x":[0.167],"y":[0.167]},"t":38,"s":[0.9]},{"t":130,"s":[2.167]}],"ix":2},"w":1024,"h":1024,"ip":20,"op":38,"st":0,"bm":0},{"ddd":0,"ind":5,"ty":0,"nm":"emoji_60_shaking-face B pre","refId":"comp_0","sr":1,"ks":{"o":{"a":0,"k":100,"ix":11},"r":{"a":0,"k":0,"ix":10},"p":{"a":0,"k":[512,512,0],"ix":2,"l":2},"a":{"a":0,"k":[512,512,0],"ix":1,"l":2},"s":{"a":0,"k":[100,100,100],"ix":6,"l":2}},"ao":0,"tm":{"a":1,"k":[{"i":{"x":[0.833],"y":[0.833]},"o":{"x":[0.333],"y":[0]},"t":0,"s":[0]},{"i":{"x":[0.833],"y":[0.833]},"o":{"x":[0.167],"y":[0.167]},"t":16,"s":[0.267]},{"i":{"x":[0.833],"y":[0.833]},"o":{"x":[0.167],"y":[0.167]},"t":20,"s":[0.333]},{"i":{"x":[0.833],"y":[0.833]},"o":{"x":[0.167],"y":[0.167]},"t":54,"s":[0.9]},{"t":130,"s":[2.167]}],"ix":2},"w":1024,"h":1024,"ip":0,"op":20,"st":0,"bm":0}],"markers":[{"tm":16,"cm":"rest","dr":0}]}