{"v":"5.8.1","fr":60,"ip":0,"op":120,"w":1024,"h":1024,"nm":"emoji_saluting","ddd":0,"assets":[],"layers":[{"ddd":0,"ind":1,"ty":3,"nm":"Null ALL","sr":1,"ks":{"o":{"a":0,"k":0,"ix":11},"r":{"a":0,"k":0,"ix":10},"p":{"s":true,"x":{"a":1,"k":[{"i":{"x":[0.833],"y":[0.833]},"o":{"x":[0.167],"y":[0.167]},"t":0,"s":[512]},{"t":120,"s":[512]}],"ix":3},"y":{"a":1,"k":[{"i":{"x":[0.144],"y":[1]},"o":{"x":[0.333],"y":[0]},"t":0,"s":[536]},{"i":{"x":[0],"y":[1]},"o":{"x":[0.213],"y":[0]},"t":7,"s":[496]},{"i":{"x":[0.667],"y":[1]},"o":{"x":[0.333],"y":[0]},"t":30,"s":[518.026]},{"i":{"x":[0.667],"y":[0.872]},"o":{"x":[0.333],"y":[0]},"t":42,"s":[512]},{"i":{"x":[0.667],"y":[1]},"o":{"x":[0.333],"y":[0.162]},"t":60,"s":[512]},{"i":{"x":[0.667],"y":[1]},"o":{"x":[0.333],"y":[0]},"t":94,"s":[512]},{"i":{"x":[0.667],"y":[1]},"o":{"x":[0.333],"y":[0]},"t":104,"s":[503.865]},{"t":120,"s":[536]}],"ix":4}},"a":{"a":0,"k":[0,0,0],"ix":1,"l":2},"s":{"a":0,"k":[100,100,100],"ix":6,"l":2}},"ao":0,"ip":0,"op":120,"st":0,"bm":0},{"ddd":0,"ind":2,"ty":3,"nm":"Null Face","parent":1,"sr":1,"ks":{"o":{"a":0,"k":0,"ix":11},"r":{"a":1,"k":[{"i":{"x":[0.833],"y":[0.833]},"o":{"x":[0.333],"y":[0]},"t":0,"s":[0]},{"i":{"x":[0],"y":[1]},"o":{"x":[0.167],"y":[0.167]},"t":3,"s":[6]},{"i":{"x":[0.667],"y":[1]},"o":{"x":[0.333],"y":[0]},"t":10,"s":[-4]},{"i":{"x":[0.094],"y":[1]},"o":{"x":[0.333],"y":[0]},"t":20,"s":[-4]},{"t":42,"s":[0]}],"ix":10},"p":{"s":true,"x":{"a":1,"k":[{"i":{"x":[0.833],"y":[0.833]},"o":{"x":[0.333],"y":[0]},"t":0,"s":[0]},{"i":{"x":[0],"y":[1]},"o":{"x":[0.167],"y":[0.167]},"t":3,"s":[8]},{"i":{"x":[0.667],"y":[1]},"o":{"x":[0.333],"y":[0]},"t":10,"s":[-8]},{"i":{"x":[0.252],"y":[1]},"o":{"x":[0.333],"y":[0]},"t":20,"s":[-8]},{"t":42,"s":[0]}],"ix":3},"y":{"a":1,"k":[{"i":{"x":[0],"y":[1]},"o":{"x":[0.333],"y":[0]},"t":0,"s":[88]},{"i":{"x":[0.667],"y":[1]},"o":{"x":[0.333],"y":[0]},"t":14,"s":[-8]},{"i":{"x":[0.667],"y":[1]},"o":{"x":[0.333],"y":[0]},"t":23,"s":[-8]},{"i":{"x":[0.667],"y":[1]},"o":{"x":[0.333],"y":[0]},"t":29,"s":[8]},{"i":{"x":[0.667],"y":[1]},"o":{"x":[0.333],"y":[0]},"t":42,"s":[0]},{"i":{"x":[0.667],"y":[1]},"o":{"x":[0.333],"y":[0]},"t":94,"s":[0]},{"i":{"x":[0],"y":[1]},"o":{"x":[0.333],"y":[0]},"t":104,"s":[-12]},{"t":119,"s":[88]}],"ix":4}},"a":{"a":0,"k":[0,0,0],"ix":1,"l":2},"s":{"a":0,"k":[100,100,100],"ix":6,"l":2}},"ao":0,"ip":0,"op":120,"st":0,"bm":0},{"ddd":0,"ind":3,"ty":4,"nm":"HAND","parent":1,"sr":1,"ks":{"o":{"a":0,"k":100,"ix":11},"r":{"a":1,"k":[{"i":{"x":[0],"y":[1]},"o":{"x":[0.167],"y":[0.167]},"t":0,"s":[20]},{"i":{"x":[0.667],"y":[1]},"o":{"x":[0.333],"y":[0]},"t":15,"s":[-3]},{"i":{"x":[0.667],"y":[1]},"o":{"x":[0.333],"y":[0]},"t":29,"s":[1]},{"i":{"x":[0.667],"y":[1]},"o":{"x":[0.333],"y":[0]},"t":35,"s":[0]},{"i":{"x":[0.667],"y":[1]},"o":{"x":[0.333],"y":[0]},"t":89,"s":[0]},{"i":{"x":[0.833],"y":[0.833]},"o":{"x":[0.333],"y":[0]},"t":97,"s":[-1]},{"i":{"x":[0],"y":[1]},"o":{"x":[0.167],"y":[0.167]},"t":104,"s":[5]},{"t":119,"s":[20]}],"ix":10},"p":{"s":true,"x":{"a":1,"k":[{"i":{"x":[0],"y":[1]},"o":{"x":[0.167],"y":[0.167]},"t":0,"s":[-323]},{"i":{"x":[0.667],"y":[1]},"o":{"x":[0.333],"y":[0]},"t":15,"s":[-327]},{"t":35,"s":[-323],"h":1},{"i":{"x":[0.667],"y":[1]},"o":{"x":[0.333],"y":[0]},"t":89,"s":[-323]},{"i":{"x":[0.833],"y":[0.833]},"o":{"x":[0.333],"y":[0]},"t":97,"s":[-323]},{"i":{"x":[0],"y":[1]},"o":{"x":[0.167],"y":[0.167]},"t":104,"s":[-315]},{"t":119,"s":[-323]}],"ix":3},"y":{"a":1,"k":[{"i":{"x":[0],"y":[1]},"o":{"x":[0.167],"y":[0.167]},"t":0,"s":[-60]},{"i":{"x":[0.667],"y":[1]},"o":{"x":[0.333],"y":[0]},"t":15,"s":[-223]},{"i":{"x":[0.667],"y":[1]},"o":{"x":[0.333],"y":[0]},"t":29,"s":[-217.074]},{"i":{"x":[0.667],"y":[1]},"o":{"x":[0.333],"y":[0]},"t":35,"s":[-219]},{"i":{"x":[0.667],"y":[1]},"o":{"x":[0.333],"y":[0]},"t":89,"s":[-219]},{"i":{"x":[0.833],"y":[0.833]},"o":{"x":[0.333],"y":[0]},"t":97,"s":[-227]},{"i":{"x":[0],"y":[1]},"o":{"x":[0.167],"y":[0.167]},"t":104,"s":[-188]},{"t":119,"s":[-60]}],"ix":4}},"a":{"a":0,"k":[-105,29,0],"ix":1,"l":2},"s":{"a":0,"k":[100,100,100],"ix":6,"l":2}},"ao":0,"shapes":[{"ty":"gr","it":[{"ind":0,"ty":"sh","ix":1,"ks":{"a":1,"k":[{"i":{"x":0,"y":1},"o":{"x":0.167,"y":0.167},"t":0,"s":[{"i":[[36.061,-9.763],[-13.086,9.039],[-21.891,18.544],[-4.361,4.594],[-0.614,-7.532],[4.709,-6.534]],"o":[[-11.728,2.372],[24.562,-14.274],[11.451,-8.629],[4.361,-4.594],[0.393,5.187],[-23.808,27.941]],"v":[[-178.164,63.619],[-188.957,47.27],[-118.775,5.336],[-92.543,-18.994],[-81.342,-20.66],[-91.265,0.319]],"c":true}]},{"i":{"x":0.667,"y":1},"o":{"x":0.333,"y":0},"t":15,"s":[{"i":[[32.32,-18.738],[-10.31,12.11],[-16.365,23.565],[-3.028,5.564],[-2.536,-7.119],[2.864,-7.528]],"o":[[-10.719,5.318],[20.047,-20.128],[8.837,-11.292],[3.027,-5.564],[1.718,4.909],[-15.792,33.138]],"v":[[-176.369,62.272],[-191.015,49.262],[-131.448,-11.778],[-112.384,-42.052],[-101.992,-46.552],[-106.165,-23.724]],"c":true}]},{"t":35,"s":[{"i":[[32.32,-18.738],[-10.31,12.11],[-16.365,23.565],[-3.028,5.564],[-2.536,-7.119],[2.864,-7.528]],"o":[[-10.719,5.318],[20.047,-20.128],[8.837,-11.292],[3.027,-5.564],[1.718,4.909],[-15.792,33.138]],"v":[[-176.369,62.272],[-191.015,49.262],[-131.448,-11.778],[-112.384,-42.052],[-101.992,-46.552],[-106.165,-23.724]],"c":true}],"h":1},{"i":{"x":0.833,"y":0.833},"o":{"x":0.333,"y":0},"t":94,"s":[{"i":[[32.32,-18.738],[-10.31,12.11],[-16.365,23.565],[-3.028,5.564],[-2.536,-7.119],[2.864,-7.528]],"o":[[-10.719,5.318],[20.047,-20.128],[8.837,-11.292],[3.027,-5.564],[1.718,4.909],[-15.792,33.138]],"v":[[-176.369,62.272],[-191.015,49.262],[-131.448,-11.778],[-112.384,-42.052],[-101.992,-46.552],[-106.165,-23.724]],"c":true}]},{"i":{"x":0,"y":1},"o":{"x":0.167,"y":0.167},"t":104,"s":[{"i":[[32.32,-18.738],[-10.31,12.11],[-16.365,23.565],[-3.028,5.564],[-2.536,-7.119],[2.864,-7.528]],"o":[[-10.719,5.318],[20.047,-20.128],[8.837,-11.292],[3.027,-5.564],[1.718,4.909],[-15.792,33.138]],"v":[[-176.369,62.272],[-191.015,49.262],[-131.448,-11.778],[-112.384,-42.052],[-101.992,-46.552],[-106.165,-23.724]],"c":true}]},{"t":119,"s":[{"i":[[36.061,-9.763],[-13.086,9.039],[-21.891,18.544],[-4.361,4.594],[-0.614,-7.532],[4.709,-6.534]],"o":[[-11.728,2.372],[24.562,-14.274],[11.451,-8.629],[4.361,-4.594],[0.393,5.187],[-23.808,27.941]],"v":[[-178.164,63.619],[-188.957,47.27],[-118.775,5.336],[-92.543,-18.994],[-81.342,-20.66],[-91.265,0.319]],"c":true}]}],"ix":2},"nm":"Path 1","mn":"ADBE Vector Shape - Group","hd":false},{"ty":"fl","c":{"a":0,"k":[0.941176470588,0.576470588235,0,1],"ix":4},"o":{"a":0,"k":100,"ix":5},"r":1,"bm":0,"nm":"Fill 1","mn":"ADBE Vector Graphic - Fill","hd":false},{"ty":"tr","p":{"a":0,"k":[0,0],"ix":2},"a":{"a":0,"k":[0,0],"ix":1},"s":{"a":0,"k":[100,100],"ix":3},"r":{"a":0,"k":0,"ix":6},"o":{"a":0,"k":100,"ix":7},"sk":{"a":0,"k":0,"ix":4},"sa":{"a":0,"k":0,"ix":5},"nm":"Transform"}],"nm":"Shape 7","np":3,"cix":2,"bm":0,"ix":1,"mn":"ADBE Vector Group","hd":false},{"ty":"gr","it":[{"ind":0,"ty":"sh","ix":1,"ks":{"a":1,"k":[{"i":{"x":0,"y":1},"o":{"x":0.167,"y":0.167},"t":0,"s":[{"i":[[9.008,17.691],[0.822,-0.038],[45.417,-14.109],[58.351,-18.884],[-19.745,-77.492],[-58.953,19.045],[-21.646,4.918],[-35.768,16.298],[-6.537,2.768],[-6.645,-4.603],[12.615,-14.964],[24.529,-9.846],[-12.501,-19.261],[-4.142,0.846],[-2.693,2.889],[-28.666,12.167],[-16.273,19.082]],"o":[[-13.641,-26.788],[-20.238,-0.005],[-32.906,10.222],[-113.375,36.692],[0.332,-114.695],[33.345,-10.772],[38.586,-7.627],[18.284,-7.964],[8.714,-3.636],[6.402,4.436],[-10.316,12.237],[-13.841,6.069],[2.184,3.639],[3.574,-0.958],[22.183,-19.721],[24.205,-9.754],[9.852,-11.553]],"v":[[124.476,-165.719],[88.198,-187.795],[-35.351,-139.146],[-158.293,-104.106],[-274.858,80.972],[-150.76,-80.765],[-71.749,-103.524],[37.869,-143.456],[75.082,-160.743],[99.862,-158.909],[101.635,-128.909],[39.712,-98.344],[-42.679,-43.298],[-32.114,-38.56],[-18.958,-42.535],[59.941,-82.689],[120.908,-120.426]],"c":true}]},{"i":{"x":0.667,"y":1},"o":{"x":0.333,"y":0},"t":15,"s":[{"i":[[9.93,17.19],[0.818,-0.082],[44.594,-16.528],[57.276,-21.929],[-23.811,-76.341],[-57.849,22.174],[-21.356,6.055],[-34.857,18.165],[-6.382,3.109],[-6.873,-4.255],[11.782,-15.628],[23.974,-11.128],[-13.501,-18.574],[-4.091,1.064],[-2.537,3.027],[-27.983,13.664],[-15.242,19.915]],"o":[[-15.037,-26.03],[-20.21,1.064],[-32.32,11.946],[-111.279,42.63],[-5.728,-114.552],[32.729,-12.519],[38.13,-9.655],[17.837,-8.919],[8.51,-4.091],[6.628,4.091],[-9.655,12.764],[-13.501,6.791],[2.373,3.518],[3.518,-1.146],[21.11,-20.865],[23.656,-11.019],[9.228,-12.058]],"v":[[113.857,-198.907],[76.464,-219.035],[-45.125,-165.768],[-167.042,-126.575],[-276.766,74.955],[-158.286,-103.665],[-79.982,-129.194],[28.352,-172.56],[64.599,-191.788],[89.637,-190.806],[92.992,-160.941],[32.77,-127.148],[-46.598,-67.826],[-35.797,-63.653],[-22.869,-68.317],[53.799,-112.583],[112.686,-153.489]],"c":true}]},{"t":35,"s":[{"i":[[9.93,17.19],[0.818,-0.082],[44.594,-16.528],[57.276,-21.929],[-23.811,-76.341],[-57.849,22.174],[-21.356,6.055],[-34.857,18.165],[-6.382,3.109],[-6.873,-4.255],[11.782,-15.628],[23.974,-11.128],[-13.501,-18.574],[-4.091,1.064],[-2.537,3.027],[-27.983,13.664],[-15.242,19.915]],"o":[[-15.037,-26.03],[-20.21,1.064],[-32.32,11.946],[-111.279,42.63],[-5.728,-114.552],[32.729,-12.519],[38.13,-9.655],[17.837,-8.919],[8.51,-4.091],[6.628,4.091],[-9.655,12.764],[-13.501,6.791],[2.373,3.518],[3.518,-1.146],[21.11,-20.865],[23.656,-11.019],[9.228,-12.058]],"v":[[113.857,-198.907],[76.464,-219.035],[-45.125,-165.768],[-167.042,-126.575],[-276.766,74.955],[-158.286,-103.665],[-79.982,-129.194],[28.352,-172.56],[64.599,-191.788],[89.637,-190.806],[92.992,-160.941],[32.77,-127.148],[-46.598,-67.826],[-35.797,-63.653],[-22.869,-68.317],[53.799,-112.583],[112.686,-153.489]],"c":true}],"h":1},{"i":{"x":0.833,"y":0.833},"o":{"x":0.333,"y":0},"t":94,"s":[{"i":[[9.93,17.19],[0.818,-0.082],[44.594,-16.528],[57.276,-21.929],[-23.811,-76.341],[-57.849,22.174],[-21.356,6.055],[-34.857,18.165],[-6.382,3.109],[-6.873,-4.255],[11.782,-15.628],[23.974,-11.128],[-13.501,-18.574],[-4.091,1.064],[-2.537,3.027],[-27.983,13.664],[-15.242,19.915]],"o":[[-15.037,-26.03],[-20.21,1.064],[-32.32,11.946],[-111.279,42.63],[-5.728,-114.552],[32.729,-12.519],[38.13,-9.655],[17.837,-8.919],[8.51,-4.091],[6.628,4.091],[-9.655,12.764],[-13.501,6.791],[2.373,3.518],[3.518,-1.146],[21.11,-20.865],[23.656,-11.019],[9.228,-12.058]],"v":[[113.857,-198.907],[76.464,-219.035],[-45.125,-165.768],[-167.042,-126.575],[-276.766,74.955],[-158.286,-103.665],[-79.982,-129.194],[28.352,-172.56],[64.599,-191.788],[89.637,-190.806],[92.992,-160.941],[32.77,-127.148],[-46.598,-67.826],[-35.797,-63.653],[-22.869,-68.317],[53.799,-112.583],[112.686,-153.489]],"c":true}]},{"i":{"x":0,"y":1},"o":{"x":0.167,"y":0.167},"t":104,"s":[{"i":[[9.93,17.19],[0.818,-0.082],[44.594,-16.528],[57.276,-21.929],[-23.811,-76.341],[-57.849,22.174],[-21.356,6.055],[-34.857,18.165],[-6.382,3.109],[-6.873,-4.255],[11.782,-15.628],[23.974,-11.128],[-13.501,-18.574],[-4.091,1.064],[-2.537,3.027],[-27.983,13.664],[-15.242,19.915]],"o":[[-15.037,-26.03],[-20.21,1.064],[-32.32,11.946],[-111.279,42.63],[-5.728,-114.552],[32.729,-12.519],[38.13,-9.655],[17.837,-8.919],[8.51,-4.091],[6.628,4.091],[-9.655,12.764],[-13.501,6.791],[2.373,3.518],[3.518,-1.146],[21.11,-20.865],[23.656,-11.019],[9.228,-12.058]],"v":[[113.857,-198.907],[76.464,-219.035],[-45.125,-165.768],[-167.042,-126.575],[-276.766,74.955],[-158.286,-103.665],[-79.982,-129.194],[28.352,-172.56],[64.599,-191.788],[89.637,-190.806],[92.992,-160.941],[32.77,-127.148],[-46.598,-67.826],[-35.797,-63.653],[-22.869,-68.317],[53.799,-112.583],[112.686,-153.489]],"c":true}]},{"t":119,"s":[{"i":[[9.008,17.691],[0.822,-0.038],[45.417,-14.109],[58.351,-18.884],[-19.745,-77.492],[-58.953,19.045],[-21.646,4.918],[-35.768,16.298],[-6.537,2.768],[-6.645,-4.603],[12.615,-14.964],[24.529,-9.846],[-12.501,-19.261],[-4.142,0.846],[-2.693,2.889],[-28.666,12.167],[-16.273,19.082]],"o":[[-13.641,-26.788],[-20.238,-0.005],[-32.906,10.222],[-113.375,36.692],[0.332,-114.695],[33.345,-10.772],[38.586,-7.627],[18.284,-7.964],[8.714,-3.636],[6.402,4.436],[-10.316,12.237],[-13.841,6.069],[2.184,3.639],[3.574,-0.958],[22.183,-19.721],[24.205,-9.754],[9.852,-11.553]],"v":[[124.476,-165.719],[88.198,-187.795],[-35.351,-139.146],[-158.293,-104.106],[-274.858,80.972],[-150.76,-80.765],[-71.749,-103.524],[37.869,-143.456],[75.082,-160.743],[99.862,-158.909],[101.635,-128.909],[39.712,-98.344],[-42.679,-43.298],[-32.114,-38.56],[-18.958,-42.535],[59.941,-82.689],[120.908,-120.426]],"c":true}]}],"ix":2},"nm":"Path 1","mn":"ADBE Vector Shape - Group","hd":false},{"ty":"fl","c":{"a":0,"k":[0.941176470588,0.576470588235,0,1],"ix":4},"o":{"a":0,"k":100,"ix":5},"r":1,"bm":0,"nm":"Fill 1","mn":"ADBE Vector Graphic - Fill","hd":false},{"ty":"tr","p":{"a":0,"k":[0,0],"ix":2},"a":{"a":0,"k":[0,0],"ix":1},"s":{"a":0,"k":[100,100],"ix":3},"r":{"a":0,"k":0,"ix":6},"o":{"a":0,"k":100,"ix":7},"sk":{"a":0,"k":0,"ix":4},"sa":{"a":0,"k":0,"ix":5},"nm":"Transform"}],"nm":"Shape 6","np":3,"cix":2,"bm":0,"ix":2,"mn":"ADBE Vector Group","hd":false},{"ty":"gr","it":[{"ind":0,"ty":"sh","ix":1,"ks":{"a":1,"k":[{"i":{"x":0,"y":1},"o":{"x":0.167,"y":0.167},"t":0,"s":[{"i":[[0,0],[-14.316,10.968],[-2.458,-13.909],[19.304,-21.034],[35.99,-43.049],[-9,2.539],[-10.061,11.949],[-28.653,15.622],[-13.153,25.675],[21.098,10.829],[23.805,-18.335],[0,0]],"o":[[10.144,-8.431],[11.043,-10.477],[2.458,13.909],[-34.765,35.521],[-5.971,7.12],[4.091,-1.147],[10.061,-11.949],[28.653,-15.622],[10.85,-21.177],[-15.758,-8.088],[-10.886,8.36],[0,0]],"v":[[117.934,-148.161],[179.116,-196.198],[213.861,-187.195],[187.855,-139.403],[30.515,-38.636],[40.911,-22.602],[60.872,-37.254],[132.741,-81.603],[224.092,-159.337],[208.893,-219.117],[157.102,-208.302],[111.288,-175.734]],"c":true}]},{"i":{"x":0.667,"y":1},"o":{"x":0.333,"y":0},"t":15,"s":[{"i":[[0,0],[-14.316,10.968],[-2.458,-13.909],[19.304,-21.034],[35.99,-43.049],[-9,2.539],[-10.061,11.949],[-31.742,18.91],[-13.153,25.675],[21.098,10.829],[23.805,-18.335],[0,0]],"o":[[10.144,-8.431],[11.043,-10.477],[2.458,13.909],[-34.765,35.521],[-5.971,7.12],[4.091,-1.147],[10.061,-11.949],[32.661,-19.813],[10.85,-21.177],[-15.758,-8.088],[-10.886,8.36],[0,0]],"v":[[111.949,-164.606],[174.71,-215.612],[210.225,-204.495],[184.219,-156.702],[29.36,-46.197],[39.756,-30.163],[59.716,-44.815],[127.698,-92.537],[220.456,-176.637],[204.487,-238.531],[152.697,-227.716],[105.303,-192.178]],"c":true}]},{"t":35,"s":[{"i":[[0,0],[-14.316,10.968],[-2.458,-13.909],[19.304,-21.034],[35.99,-43.049],[-9,2.539],[-10.061,11.949],[-31.742,18.91],[-13.153,25.675],[21.098,10.829],[23.805,-18.335],[0,0]],"o":[[10.144,-8.431],[11.043,-10.477],[2.458,13.909],[-34.765,35.521],[-5.971,7.12],[4.091,-1.147],[10.061,-11.949],[32.661,-19.813],[10.85,-21.177],[-15.758,-8.088],[-10.886,8.36],[0,0]],"v":[[111.949,-164.606],[174.71,-215.612],[210.225,-204.495],[184.219,-156.702],[29.36,-46.197],[39.756,-30.163],[59.716,-44.815],[127.698,-92.537],[220.456,-176.637],[204.487,-238.531],[152.697,-227.716],[105.303,-192.178]],"c":true}],"h":1},{"i":{"x":0.833,"y":0.833},"o":{"x":0.333,"y":0},"t":94,"s":[{"i":[[0,0],[-14.316,10.968],[-2.458,-13.909],[19.304,-21.034],[35.99,-43.049],[-9,2.539],[-10.061,11.949],[-31.742,18.91],[-13.153,25.675],[21.098,10.829],[23.805,-18.335],[0,0]],"o":[[10.144,-8.431],[11.043,-10.477],[2.458,13.909],[-34.765,35.521],[-5.971,7.12],[4.091,-1.147],[10.061,-11.949],[32.661,-19.813],[10.85,-21.177],[-15.758,-8.088],[-10.886,8.36],[0,0]],"v":[[111.949,-164.606],[174.71,-215.612],[210.225,-204.495],[184.219,-156.702],[29.36,-46.197],[39.756,-30.163],[59.716,-44.815],[127.698,-92.537],[220.456,-176.637],[204.487,-238.531],[152.697,-227.716],[105.303,-192.178]],"c":true}]},{"i":{"x":0,"y":1},"o":{"x":0.167,"y":0.167},"t":104,"s":[{"i":[[0,0],[-14.316,10.968],[-2.458,-13.909],[19.304,-21.034],[35.99,-43.049],[-9,2.539],[-10.061,11.949],[-31.742,18.91],[-13.153,25.675],[21.098,10.829],[23.805,-18.335],[0,0]],"o":[[10.144,-8.431],[11.043,-10.477],[2.458,13.909],[-34.765,35.521],[-5.971,7.12],[4.091,-1.147],[10.061,-11.949],[32.661,-19.813],[10.85,-21.177],[-15.758,-8.088],[-10.886,8.36],[0,0]],"v":[[111.949,-164.606],[174.71,-215.612],[210.225,-204.495],[184.219,-156.702],[29.36,-46.197],[39.756,-30.163],[59.716,-44.815],[127.698,-92.537],[220.456,-176.637],[204.487,-238.531],[152.697,-227.716],[105.303,-192.178]],"c":true}]},{"t":119,"s":[{"i":[[0,0],[-14.316,10.968],[-2.458,-13.909],[19.304,-21.034],[35.99,-43.049],[-9,2.539],[-10.061,11.949],[-28.653,15.622],[-13.153,25.675],[21.098,10.829],[23.805,-18.335],[0,0]],"o":[[10.144,-8.431],[11.043,-10.477],[2.458,13.909],[-34.765,35.521],[-5.971,7.12],[4.091,-1.147],[10.061,-11.949],[28.653,-15.622],[10.85,-21.177],[-15.758,-8.088],[-10.886,8.36],[0,0]],"v":[[117.934,-148.161],[179.116,-196.198],[213.861,-187.195],[187.855,-139.403],[30.515,-38.636],[40.911,-22.602],[60.872,-37.254],[132.741,-81.603],[224.092,-159.337],[208.893,-219.117],[157.102,-208.302],[111.288,-175.734]],"c":true}]}],"ix":2},"nm":"Path 1","mn":"ADBE Vector Shape - Group","hd":false},{"ty":"fl","c":{"a":0,"k":[0.941176470588,0.576470588235,0,1],"ix":4},"o":{"a":0,"k":100,"ix":5},"r":1,"bm":0,"nm":"Fill 1","mn":"ADBE Vector Graphic - Fill","hd":false},{"ty":"tr","p":{"a":0,"k":[0,0],"ix":2},"a":{"a":0,"k":[0,0],"ix":1},"s":{"a":0,"k":[100,100],"ix":3},"r":{"a":0,"k":0,"ix":6},"o":{"a":0,"k":100,"ix":7},"sk":{"a":0,"k":0,"ix":4},"sa":{"a":0,"k":0,"ix":5},"nm":"Transform"}],"nm":"Shape 5","np":3,"cix":2,"bm":0,"ix":3,"mn":"ADBE Vector Group","hd":false},{"ty":"gr","it":[{"ind":0,"ty":"sh","ix":1,"ks":{"a":1,"k":[{"i":{"x":0,"y":1},"o":{"x":0.167,"y":0.167},"t":0,"s":[{"i":[[13.151,20.945],[16.938,-8.673],[4.748,-4.846],[-8.618,22.406],[-13.665,0.164],[11.864,-24.22],[24.22,-25.856],[31.47,-15.738],[13.77,-14.72],[-9.523,1.763],[-9.924,10.427],[-29.863,13.748],[-18.485,28.07]],"o":[[-10.964,-18.737],[-11.619,5.973],[-12.319,12.575],[8.618,-22.406],[14.81,0.082],[-5.318,10.964],[-21.438,22.829],[-28.157,14.081],[-6.769,6.752],[3.967,-0.598],[9.924,-10.427],[61.354,-28.245],[12.047,-18.293]],"v":[[284.764,-214.031],[242.379,-227.204],[221.654,-210.631],[224.555,-182.418],[258.253,-210.267],[272.92,-170.678],[237.714,-125.53],[156.399,-72.686],[86.546,-28.069],[92.642,-11.012],[108.416,-19.064],[164.419,-56.34],[277.485,-146.252]],"c":true}]},{"i":{"x":0.667,"y":1},"o":{"x":0.333,"y":0},"t":15,"s":[{"i":[[13.151,20.945],[16.938,-8.673],[4.748,-4.846],[-8.618,22.406],[-13.665,0.164],[11.864,-24.22],[24.22,-25.856],[30.52,-17.51],[12.928,-15.465],[-9.41,2.291],[-9.328,10.964],[-29.051,15.391],[-18.485,28.07]],"o":[[-10.964,-18.737],[-11.619,5.973],[-12.319,12.575],[8.618,-22.406],[14.81,0.082],[-5.318,10.964],[-21.438,22.829],[-27.329,15.628],[-6.382,7.119],[3.927,-0.818],[9.328,-10.964],[59.685,-31.62],[12.047,-18.293]],"v":[[286.258,-217.235],[243.873,-230.408],[220.799,-212.98],[223.7,-184.768],[259.747,-213.471],[272.92,-170.678],[238.228,-124.121],[157.223,-66.763],[89.964,-18.323],[97.001,-1.632],[112.302,-10.55],[166.142,-50.889],[277.485,-146.252]],"c":true}]},{"t":35,"s":[{"i":[[13.151,20.945],[16.938,-8.673],[4.748,-4.846],[-8.618,22.406],[-13.665,0.164],[11.864,-24.22],[24.22,-25.856],[30.52,-17.51],[12.928,-15.465],[-9.41,2.291],[-9.328,10.964],[-29.051,15.391],[-18.485,28.07]],"o":[[-10.964,-18.737],[-11.619,5.973],[-12.319,12.575],[8.618,-22.406],[14.81,0.082],[-5.318,10.964],[-21.438,22.829],[-27.329,15.628],[-6.382,7.119],[3.927,-0.818],[9.328,-10.964],[59.685,-31.62],[12.047,-18.293]],"v":[[286.258,-217.235],[243.873,-230.408],[220.799,-212.98],[223.7,-184.768],[259.747,-213.471],[272.92,-170.678],[238.228,-124.121],[157.223,-66.763],[89.964,-18.323],[97.001,-1.632],[112.302,-10.55],[166.142,-50.889],[277.485,-146.252]],"c":true}],"h":1},{"i":{"x":0.833,"y":0.833},"o":{"x":0.333,"y":0},"t":94,"s":[{"i":[[13.151,20.945],[16.938,-8.673],[4.748,-4.846],[-8.618,22.406],[-13.665,0.164],[11.864,-24.22],[24.22,-25.856],[30.52,-17.51],[12.928,-15.465],[-9.41,2.291],[-9.328,10.964],[-29.051,15.391],[-18.485,28.07]],"o":[[-10.964,-18.737],[-11.619,5.973],[-12.319,12.575],[8.618,-22.406],[14.81,0.082],[-5.318,10.964],[-21.438,22.829],[-27.329,15.628],[-6.382,7.119],[3.927,-0.818],[9.328,-10.964],[59.685,-31.62],[12.047,-18.293]],"v":[[286.258,-217.235],[243.873,-230.408],[220.799,-212.98],[223.7,-184.768],[259.747,-213.471],[272.92,-170.678],[238.228,-124.121],[157.223,-66.763],[89.964,-18.323],[97.001,-1.632],[112.302,-10.55],[166.142,-50.889],[277.485,-146.252]],"c":true}]},{"i":{"x":0,"y":1},"o":{"x":0.167,"y":0.167},"t":104,"s":[{"i":[[13.151,20.945],[16.938,-8.673],[4.748,-4.846],[-8.618,22.406],[-13.665,0.164],[11.864,-24.22],[24.22,-25.856],[30.52,-17.51],[12.928,-15.465],[-9.41,2.291],[-9.328,10.964],[-29.051,15.391],[-18.485,28.07]],"o":[[-10.964,-18.737],[-11.619,5.973],[-12.319,12.575],[8.618,-22.406],[14.81,0.082],[-5.318,10.964],[-21.438,22.829],[-27.329,15.628],[-6.382,7.119],[3.927,-0.818],[9.328,-10.964],[59.685,-31.62],[12.047,-18.293]],"v":[[286.258,-217.235],[243.873,-230.408],[220.799,-212.98],[223.7,-184.768],[259.747,-213.471],[272.92,-170.678],[238.228,-124.121],[157.223,-66.763],[89.964,-18.323],[97.001,-1.632],[112.302,-10.55],[166.142,-50.889],[277.485,-146.252]],"c":true}]},{"t":119,"s":[{"i":[[13.151,20.945],[16.938,-8.673],[4.748,-4.846],[-8.618,22.406],[-13.665,0.164],[11.864,-24.22],[24.22,-25.856],[31.47,-15.738],[13.77,-14.72],[-9.523,1.763],[-9.924,10.427],[-29.863,13.748],[-18.485,28.07]],"o":[[-10.964,-18.737],[-11.619,5.973],[-12.319,12.575],[8.618,-22.406],[14.81,0.082],[-5.318,10.964],[-21.438,22.829],[-28.157,14.081],[-6.769,6.752],[3.967,-0.598],[9.924,-10.427],[61.354,-28.245],[12.047,-18.293]],"v":[[284.764,-214.031],[242.379,-227.204],[221.654,-210.631],[224.555,-182.418],[258.253,-210.267],[272.92,-170.678],[237.714,-125.53],[156.399,-72.686],[86.546,-28.069],[92.642,-11.012],[108.416,-19.064],[164.419,-56.34],[277.485,-146.252]],"c":true}]}],"ix":2},"nm":"Path 1","mn":"ADBE Vector Shape - Group","hd":false},{"ty":"fl","c":{"a":0,"k":[0.941176470588,0.576470588235,0,1],"ix":4},"o":{"a":0,"k":100,"ix":5},"r":1,"bm":0,"nm":"Fill 1","mn":"ADBE Vector Graphic - Fill","hd":false},{"ty":"tr","p":{"a":0,"k":[0,0],"ix":2},"a":{"a":0,"k":[0,0],"ix":1},"s":{"a":0,"k":[100,100],"ix":3},"r":{"a":0,"k":0,"ix":6},"o":{"a":0,"k":100,"ix":7},"sk":{"a":0,"k":0,"ix":4},"sa":{"a":0,"k":0,"ix":5},"nm":"Transform"}],"nm":"Shape 4","np":3,"cix":2,"bm":0,"ix":4,"mn":"ADBE Vector Group","hd":false},{"ty":"gr","it":[{"ind":0,"ty":"sh","ix":1,"ks":{"a":1,"k":[{"i":{"x":0,"y":1},"o":{"x":0.167,"y":0.167},"t":0,"s":[{"i":[[0,0],[5.155,-21.274],[42.623,-25.097],[13.419,5.891],[44.021,-41.566],[-2.618,-3.436],[-3.846,2.455],[-59.322,-18.656],[-25.856,16.037],[-24.465,17.019],[-13.91,38.784],[5.024,1.966]],"o":[[5.243,-0.437],[-14.482,60.385],[-23.83,14.031],[-29.865,-13.173],[-4.909,4.664],[2.618,3.437],[34.693,-21.929],[12.437,3.928],[-0.409,-0.245],[24.629,-17.101],[13.746,-38.375],[0,0]],"v":[[263.503,-140.755],[279.414,-127.27],[142.112,-16.772],[35.097,39.314],[-112.111,74.23],[-122.42,90.594],[-110.229,86.749],[27.978,61.734],[152.585,-1.226],[223.474,-42.702],[291.524,-117.943],[277.702,-158.012]],"c":true}]},{"i":{"x":0.667,"y":1},"o":{"x":0.333,"y":0},"t":15,"s":[{"i":[[0,0],[5.155,-21.274],[46.394,-33.138],[13.419,5.891],[44.021,-41.566],[-2.618,-3.436],[-3.846,2.455],[-59.322,-18.656],[-25.856,16.037],[-24.465,17.019],[-13.91,38.784],[5.024,1.966]],"o":[[5.243,-0.437],[-14.482,60.385],[-27.493,14.074],[-29.865,-13.173],[-4.909,4.664],[2.618,3.437],[34.693,-21.929],[12.437,3.928],[-0.409,-0.245],[24.629,-17.101],[13.746,-38.375],[0,0]],"v":[[263.503,-140.755],[283.476,-117.575],[150.104,-2.123],[41.853,60.799],[-109.929,84.61],[-120.239,100.974],[-108.047,97.129],[34.734,83.219],[160.578,13.424],[229.8,-31.17],[295.585,-108.247],[277.702,-158.012]],"c":true}]},{"t":35,"s":[{"i":[[0,0],[5.155,-21.274],[46.394,-33.138],[13.419,5.891],[44.021,-41.566],[-2.618,-3.436],[-3.846,2.455],[-59.322,-18.656],[-25.856,16.037],[-24.465,17.019],[-13.91,38.784],[5.024,1.966]],"o":[[5.243,-0.437],[-14.482,60.385],[-27.493,14.074],[-29.865,-13.173],[-4.909,4.664],[2.618,3.437],[34.693,-21.929],[12.437,3.928],[-0.409,-0.245],[24.629,-17.101],[13.746,-38.375],[0,0]],"v":[[263.503,-140.755],[283.476,-117.575],[150.104,-2.123],[41.853,60.799],[-109.929,84.61],[-120.239,100.974],[-108.047,97.129],[34.734,83.219],[160.578,13.424],[229.8,-31.17],[295.585,-108.247],[277.702,-158.012]],"c":true}],"h":1},{"i":{"x":0.833,"y":0.833},"o":{"x":0.333,"y":0},"t":94,"s":[{"i":[[0,0],[5.155,-21.274],[46.394,-33.138],[13.419,5.891],[44.021,-41.566],[-2.618,-3.436],[-3.846,2.455],[-59.322,-18.656],[-25.856,16.037],[-24.465,17.019],[-13.91,38.784],[5.024,1.966]],"o":[[5.243,-0.437],[-14.482,60.385],[-27.493,14.074],[-29.865,-13.173],[-4.909,4.664],[2.618,3.437],[34.693,-21.929],[12.437,3.928],[-0.409,-0.245],[24.629,-17.101],[13.746,-38.375],[0,0]],"v":[[263.503,-140.755],[283.476,-117.575],[150.104,-2.123],[41.853,60.799],[-109.929,84.61],[-120.239,100.974],[-108.047,97.129],[34.734,83.219],[160.578,13.424],[229.8,-31.17],[295.585,-108.247],[277.702,-158.012]],"c":true}]},{"i":{"x":0,"y":1},"o":{"x":0.167,"y":0.167},"t":104,"s":[{"i":[[0,0],[5.155,-21.274],[46.394,-33.138],[13.419,5.891],[44.021,-41.566],[-2.618,-3.436],[-3.846,2.455],[-59.322,-18.656],[-25.856,16.037],[-24.465,17.019],[-13.91,38.784],[5.024,1.966]],"o":[[5.243,-0.437],[-14.482,60.385],[-27.493,14.074],[-29.865,-13.173],[-4.909,4.664],[2.618,3.437],[34.693,-21.929],[12.437,3.928],[-0.409,-0.245],[24.629,-17.101],[13.746,-38.375],[0,0]],"v":[[263.503,-140.755],[283.476,-117.575],[150.104,-2.123],[41.853,60.799],[-109.929,84.61],[-120.239,100.974],[-108.047,97.129],[34.734,83.219],[160.578,13.424],[229.8,-31.17],[295.585,-108.247],[277.702,-158.012]],"c":true}]},{"t":119,"s":[{"i":[[0,0],[5.155,-21.274],[42.623,-25.097],[13.419,5.891],[44.021,-41.566],[-2.618,-3.436],[-3.846,2.455],[-59.322,-18.656],[-25.856,16.037],[-24.465,17.019],[-13.91,38.784],[5.024,1.966]],"o":[[5.243,-0.437],[-14.482,60.385],[-23.83,14.031],[-29.865,-13.173],[-4.909,4.664],[2.618,3.437],[34.693,-21.929],[12.437,3.928],[-0.409,-0.245],[24.629,-17.101],[13.746,-38.375],[0,0]],"v":[[263.503,-140.755],[279.414,-127.27],[142.112,-16.772],[35.097,39.314],[-112.111,74.23],[-122.42,90.594],[-110.229,86.749],[27.978,61.734],[152.585,-1.226],[223.474,-42.702],[291.524,-117.943],[277.702,-158.012]],"c":true}]}],"ix":2},"nm":"Path 1","mn":"ADBE Vector Shape - Group","hd":false},{"ty":"fl","c":{"a":0,"k":[0.941176470588,0.576470588235,0,1],"ix":4},"o":{"a":0,"k":100,"ix":5},"r":1,"bm":0,"nm":"Fill 1","mn":"ADBE Vector Graphic - Fill","hd":false},{"ty":"tr","p":{"a":0,"k":[0,0],"ix":2},"a":{"a":0,"k":[0,0],"ix":1},"s":{"a":0,"k":[100,100],"ix":3},"r":{"a":0,"k":0,"ix":6},"o":{"a":0,"k":100,"ix":7},"sk":{"a":0,"k":0,"ix":4},"sa":{"a":0,"k":0,"ix":5},"nm":"Transform"}],"nm":"Shape 3","np":3,"cix":2,"bm":0,"ix":5,"mn":"ADBE Vector Group","hd":false},{"ty":"gr","it":[{"ind":0,"ty":"sh","ix":1,"ks":{"a":1,"k":[{"i":{"x":0,"y":1},"o":{"x":0.167,"y":0.167},"t":0,"s":[{"i":[[0.775,0.859],[0,0],[2.511,-7.409],[17.717,-11.543],[0,0],[-13.419,-13.501],[-0.08,-0.083],[-45.795,-0.975],[-28.801,18.256],[-11.453,8.808],[-3.379,10.069]],"o":[[0,0],[1.159,1.37],[-1.067,3.222],[-9.492,6.149],[-200.646,119.551],[0.082,0.082],[46.004,47.55],[57.402,1.223],[12.195,-7.73],[8.189,-6.298],[7.352,-21.907]],"v":[[144.217,-15.743],[126.287,-6.423],[135.481,13.959],[117.443,36.546],[28.196,92.835],[-258.133,115.883],[-257.374,117.538],[-122.379,161.131],[46.187,101.461],[131.187,46.51],[151.727,23.068]],"c":true}]},{"i":{"x":0.667,"y":1},"o":{"x":0.333,"y":0},"t":15,"s":[{"i":[[0.818,0.818],[0,0],[2.127,-7.528],[17.101,-12.437],[0,0],[-13.419,-13.501],[-0.082,-0.082],[0,0],[-27.82,19.719],[-10.964,9.41],[-2.864,10.228]],"o":[[0,0],[1.227,1.309],[-0.9,3.273],[-9.164,6.628],[-194.248,129.689],[0.082,0.082],[67.422,67.422],[83.459,-12.355],[11.782,-8.346],[7.855,-6.71],[6.219,-22.256]],"v":[[173.096,2.541],[155.668,12.769],[165.896,32.652],[149.041,56.135],[62.799,116.93],[-243.219,134.931],[-242.973,135.176],[-84.073,192.861],[81.209,124.621],[163.278,65.381],[182.588,40.916]],"c":true}]},{"t":35,"s":[{"i":[[0.818,0.818],[0,0],[2.127,-7.528],[17.101,-12.437],[0,0],[-13.419,-13.501],[-0.082,-0.082],[0,0],[-27.82,19.719],[-10.964,9.41],[-2.864,10.228]],"o":[[0,0],[1.227,1.309],[-0.9,3.273],[-9.164,6.628],[-194.248,129.689],[0.082,0.082],[67.422,67.422],[83.459,-12.355],[11.782,-8.346],[7.855,-6.71],[6.219,-22.256]],"v":[[173.096,2.541],[155.668,12.769],[165.896,32.652],[149.041,56.135],[62.799,116.93],[-243.219,134.931],[-242.973,135.176],[-84.073,192.861],[81.209,124.621],[163.278,65.381],[182.588,40.916]],"c":true}],"h":1},{"i":{"x":0.833,"y":0.833},"o":{"x":0.333,"y":0},"t":94,"s":[{"i":[[0.818,0.818],[0,0],[2.127,-7.528],[17.101,-12.437],[0,0],[-13.419,-13.501],[-0.082,-0.082],[0,0],[-27.82,19.719],[-10.964,9.41],[-2.864,10.228]],"o":[[0,0],[1.227,1.309],[-0.9,3.273],[-9.164,6.628],[-194.248,129.689],[0.082,0.082],[67.422,67.422],[83.459,-12.355],[11.782,-8.346],[7.855,-6.71],[6.219,-22.256]],"v":[[173.096,2.541],[155.668,12.769],[165.896,32.652],[149.041,56.135],[62.799,116.93],[-243.219,134.931],[-242.973,135.176],[-84.073,192.861],[81.209,124.621],[163.278,65.381],[182.588,40.916]],"c":true}]},{"i":{"x":0,"y":1},"o":{"x":0.167,"y":0.167},"t":104,"s":[{"i":[[0.818,0.818],[0,0],[2.127,-7.528],[17.101,-12.437],[0,0],[-13.419,-13.501],[-0.082,-0.082],[0,0],[-27.82,19.719],[-10.964,9.41],[-2.864,10.228]],"o":[[0,0],[1.227,1.309],[-0.9,3.273],[-9.164,6.628],[-194.248,129.689],[0.082,0.082],[67.422,67.422],[83.459,-12.355],[11.782,-8.346],[7.855,-6.71],[6.219,-22.256]],"v":[[173.096,2.541],[155.668,12.769],[165.896,32.652],[149.041,56.135],[62.799,116.93],[-243.219,134.931],[-242.973,135.176],[-84.073,192.861],[81.209,124.621],[163.278,65.381],[182.588,40.916]],"c":true}]},{"t":119,"s":[{"i":[[0.775,0.859],[0,0],[2.511,-7.409],[17.717,-11.543],[0,0],[-13.419,-13.501],[-0.08,-0.083],[-45.795,-0.975],[-28.801,18.256],[-11.453,8.808],[-3.379,10.069]],"o":[[0,0],[1.159,1.37],[-1.067,3.222],[-9.492,6.149],[-200.646,119.551],[0.082,0.082],[46.004,47.55],[57.402,1.223],[12.195,-7.73],[8.189,-6.298],[7.352,-21.907]],"v":[[144.217,-15.743],[126.287,-6.423],[135.481,13.959],[117.443,36.546],[28.196,92.835],[-258.133,115.883],[-257.374,117.538],[-122.379,161.131],[46.187,101.461],[131.187,46.51],[151.727,23.068]],"c":true}]}],"ix":2},"nm":"Path 1","mn":"ADBE Vector Shape - Group","hd":false},{"ty":"fl","c":{"a":0,"k":[0.941176470588,0.576470588235,0,1],"ix":4},"o":{"a":0,"k":100,"ix":5},"r":1,"bm":0,"nm":"Fill 1","mn":"ADBE Vector Graphic - Fill","hd":false},{"ty":"tr","p":{"a":0,"k":[0,0],"ix":2},"a":{"a":0,"k":[0,0],"ix":1},"s":{"a":0,"k":[100,100],"ix":3},"r":{"a":0,"k":0,"ix":6},"o":{"a":0,"k":100,"ix":7},"sk":{"a":0,"k":0,"ix":4},"sa":{"a":0,"k":0,"ix":5},"nm":"Transform"}],"nm":"Shape 2","np":3,"cix":2,"bm":0,"ix":6,"mn":"ADBE Vector Group","hd":false},{"ty":"gr","it":[{"ind":0,"ty":"sh","ix":1,"ks":{"a":1,"k":[{"i":{"x":0,"y":1},"o":{"x":0.167,"y":0.167},"t":0,"s":[{"i":[[30.482,32.251],[-126.171,35.266],[-32.32,11.946],[-20.128,1.146],[0,0],[-18.492,11.21],[-11.128,-6.382],[0,0],[-8.918,8.755],[-10.064,-20.865],[0,0],[12.273,-38.866],[14.81,-13.255],[18.655,-11.537],[7.545,-22.471],[8.174,-6.317],[12.193,-7.734],[51.227,-0.399]],"o":[[-64.303,-68.034],[59.076,-16.528],[44.593,-16.528],[26.592,-1.473],[0,0],[18.492,-11.21],[13.337,7.528],[0,0],[12.355,-12.11],[9.164,18.983],[0,0],[-12.273,38.866],[-14.81,13.255],[0,0],[-3.38,9.986],[-11.433,8.835],[-28.795,18.266],[-0.159,-0.09]],"v":[[-247.065,127.286],[-153.733,-91.27],[-28.756,-125.487],[86.939,-174.48],[113.437,-159.432],[168.189,-204.385],[205.123,-212.206],[221.618,-207.089],[237.47,-219.922],[283.372,-207.321],[276.521,-150.549],[286.697,-121.215],[237.302,-61.93],[159.785,-14.972],[145.873,22.194],[124.803,44.79],[43.485,96.652],[-125.356,153.686]],"c":true}]},{"i":{"x":0.667,"y":1},"o":{"x":0.333,"y":0},"t":15,"s":[{"i":[[67.504,67.749],[-126.171,35.266],[-32.32,11.946],[-20.128,1.146],[0,0],[-18.492,11.21],[-11.128,-6.382],[0,0],[-8.918,8.755],[-10.064,-20.865],[0,0],[12.273,-38.866],[14.81,-13.255],[18.655,-11.537],[6.382,-22.829],[7.855,-6.709],[11.783,-8.346],[51.139,-3.027]],"o":[[-66.113,-66.277],[59.076,-16.528],[44.594,-16.528],[26.593,-1.473],[0,0],[18.492,-11.21],[13.337,7.528],[0,0],[12.355,-12.11],[9.164,18.983],[0,0],[-12.273,38.866],[-14.81,13.255],[0,0],[-2.864,10.146],[-10.964,9.41],[-27.82,19.719],[-0.164,-0.082]],"v":[[-243.219,134.931],[-162.541,-118.393],[-45.043,-165.85],[76.545,-219.117],[113.938,-198.988],[158.614,-224.845],[200.589,-233.436],[221.618,-207.089],[238.964,-223.126],[284.867,-210.526],[276.521,-150.549],[290.758,-111.52],[243.628,-50.398],[167.778,-0.322],[176.697,40.344],[156.814,63.99],[78.264,119.957],[-87.428,185.579]],"c":true}]},{"t":35,"s":[{"i":[[67.504,67.749],[-126.171,35.266],[-32.32,11.946],[-20.128,1.146],[0,0],[-18.492,11.21],[-11.128,-6.382],[0,0],[-8.918,8.755],[-10.064,-20.865],[0,0],[12.273,-38.866],[14.81,-13.255],[18.655,-11.537],[6.382,-22.829],[7.855,-6.709],[11.783,-8.346],[51.139,-3.027]],"o":[[-66.113,-66.277],[59.076,-16.528],[44.594,-16.528],[26.593,-1.473],[0,0],[18.492,-11.21],[13.337,7.528],[0,0],[12.355,-12.11],[9.164,18.983],[0,0],[-12.273,38.866],[-14.81,13.255],[0,0],[-2.864,10.146],[-10.964,9.41],[-27.82,19.719],[-0.164,-0.082]],"v":[[-243.219,134.931],[-162.541,-118.393],[-45.043,-165.85],[76.545,-219.117],[113.938,-198.988],[158.614,-224.845],[200.589,-233.436],[221.618,-207.089],[238.964,-223.126],[284.867,-210.526],[276.521,-150.549],[290.758,-111.52],[243.628,-50.398],[167.778,-0.322],[176.697,40.344],[156.814,63.99],[78.264,119.957],[-87.428,185.579]],"c":true}],"h":1},{"i":{"x":0.833,"y":0.833},"o":{"x":0.333,"y":0},"t":94,"s":[{"i":[[67.504,67.749],[-126.171,35.266],[-32.32,11.946],[-20.128,1.146],[0,0],[-18.492,11.21],[-11.128,-6.382],[0,0],[-8.918,8.755],[-10.064,-20.865],[0,0],[12.273,-38.866],[14.81,-13.255],[18.655,-11.537],[6.382,-22.829],[7.855,-6.709],[11.783,-8.346],[51.139,-3.027]],"o":[[-66.113,-66.277],[59.076,-16.528],[44.594,-16.528],[26.593,-1.473],[0,0],[18.492,-11.21],[13.337,7.528],[0,0],[12.355,-12.11],[9.164,18.983],[0,0],[-12.273,38.866],[-14.81,13.255],[0,0],[-2.864,10.146],[-10.964,9.41],[-27.82,19.719],[-0.164,-0.082]],"v":[[-243.219,134.931],[-162.541,-118.393],[-45.043,-165.85],[76.545,-219.117],[113.938,-198.988],[158.614,-224.845],[200.589,-233.436],[221.618,-207.089],[238.964,-223.126],[284.867,-210.526],[276.521,-150.549],[290.758,-111.52],[243.628,-50.398],[167.778,-0.322],[176.697,40.344],[156.814,63.99],[78.264,119.957],[-87.428,185.579]],"c":true}]},{"i":{"x":0,"y":1},"o":{"x":0.167,"y":0.167},"t":104,"s":[{"i":[[67.504,67.749],[-126.171,35.266],[-32.32,11.946],[-20.128,1.146],[0,0],[-18.492,11.21],[-11.128,-6.382],[0,0],[-8.918,8.755],[-10.064,-20.865],[0,0],[12.273,-38.866],[14.81,-13.255],[18.655,-11.537],[6.382,-22.829],[7.855,-6.709],[11.783,-8.346],[51.139,-3.027]],"o":[[-66.113,-66.277],[59.076,-16.528],[44.594,-16.528],[26.593,-1.473],[0,0],[18.492,-11.21],[13.337,7.528],[0,0],[12.355,-12.11],[9.164,18.983],[0,0],[-12.273,38.866],[-14.81,13.255],[0,0],[-2.864,10.146],[-10.964,9.41],[-27.82,19.719],[-0.164,-0.082]],"v":[[-243.219,134.931],[-162.541,-118.393],[-45.043,-165.85],[76.545,-219.117],[113.938,-198.988],[158.614,-224.845],[200.589,-233.436],[221.618,-207.089],[238.964,-223.126],[284.867,-210.526],[276.521,-150.549],[290.758,-111.52],[243.628,-50.398],[167.778,-0.322],[176.697,40.344],[156.814,63.99],[78.264,119.957],[-87.428,185.579]],"c":true}]},{"t":119,"s":[{"i":[[30.482,32.251],[-126.171,35.266],[-32.32,11.946],[-20.128,1.146],[0,0],[-18.492,11.21],[-11.128,-6.382],[0,0],[-8.918,8.755],[-10.064,-20.865],[0,0],[12.273,-38.866],[14.81,-13.255],[18.655,-11.537],[7.545,-22.471],[8.174,-6.317],[12.193,-7.734],[51.227,-0.399]],"o":[[-64.303,-68.034],[59.076,-16.528],[44.593,-16.528],[26.592,-1.473],[0,0],[18.492,-11.21],[13.337,7.528],[0,0],[12.355,-12.11],[9.164,18.983],[0,0],[-12.273,38.866],[-14.81,13.255],[0,0],[-3.38,9.986],[-11.433,8.835],[-28.795,18.266],[-0.159,-0.09]],"v":[[-247.065,127.286],[-153.733,-91.27],[-28.756,-125.487],[86.939,-174.48],[113.437,-159.432],[168.189,-204.385],[205.123,-212.206],[221.618,-207.089],[237.47,-219.922],[283.372,-207.321],[276.521,-150.549],[286.697,-121.215],[237.302,-61.93],[159.785,-14.972],[145.873,22.194],[124.803,44.79],[43.485,96.652],[-125.356,153.686]],"c":true}]}],"ix":2},"nm":"Path 1","mn":"ADBE Vector Shape - Group","hd":false},{"ty":"gf","o":{"a":0,"k":100,"ix":10},"r":1,"bm":0,"g":{"p":3,"k":{"a":0,"k":[0,1,0.769,0,0.5,1,0.857,0.231,1,1,0.945,0.463],"ix":9}},"s":{"a":0,"k":[126,209],"ix":5},"e":{"a":0,"k":[-45,-99],"ix":6},"t":1,"nm":"Gradient Fill 1","mn":"ADBE Vector Graphic - G-Fill","hd":false},{"ty":"tr","p":{"a":0,"k":[0,0],"ix":2},"a":{"a":0,"k":[0,0],"ix":1},"s":{"a":0,"k":[100,100],"ix":3},"r":{"a":0,"k":0,"ix":6},"o":{"a":0,"k":100,"ix":7},"sk":{"a":0,"k":0,"ix":4},"sa":{"a":0,"k":0,"ix":5},"nm":"Transform"}],"nm":"Shape 1","np":3,"cix":2,"bm":0,"ix":7,"mn":"ADBE Vector Group","hd":false}],"ip":0,"op":120,"st":0,"bm":0},{"ddd":0,"ind":7,"ty":4,"nm":"eye R wink","parent":2,"sr":1,"ks":{"o":{"a":0,"k":100,"ix":11},"r":{"a":0,"k":0,"ix":10},"p":{"a":0,"k":[-3.201,-53.601,0],"ix":2,"l":2},"a":{"a":0,"k":[27.45,6.65,0],"ix":1,"l":2},"s":{"a":0,"k":[100,100,100],"ix":6,"l":2}},"ao":0,"shapes":[{"ty":"gr","it":[{"ind":0,"ty":"sh","ix":1,"ks":{"a":1,"k":[{"i":{"x":0.833,"y":0.833},"o":{"x":0.333,"y":0},"t":25,"s":[{"i":[[0,0],[0,0],[0,0]],"o":[[0,0],[0,0],[0,0]],"v":[[242.088,-48.251],[103.912,3.984],[240.186,43.442]],"c":false}]},{"t":30,"s":[{"i":[[0,0],[0,0],[0,0]],"o":[[0,0],[0,0],[0,0]],"v":[[238.088,-58.251],[111.912,3.984],[236.186,53.442]],"c":false}]}],"ix":2},"nm":"Path 1","mn":"ADBE Vector Shape - Group","hd":false},{"ty":"st","c":{"a":0,"k":[0.258823529412,0.16862745098,0.050980392157,1],"ix":3},"o":{"a":0,"k":100,"ix":4},"w":{"a":0,"k":45,"ix":5},"lc":2,"lj":2,"bm":0,"nm":"Stroke 1","mn":"ADBE Vector Graphic - Stroke","hd":false},{"ty":"tr","p":{"a":0,"k":[0,0],"ix":2},"a":{"a":0,"k":[0,0],"ix":1},"s":{"a":0,"k":[100,100],"ix":3},"r":{"a":0,"k":0,"ix":6},"o":{"a":0,"k":100,"ix":7},"sk":{"a":0,"k":0,"ix":4},"sa":{"a":0,"k":0,"ix":5},"nm":"Transform"}],"nm":"Shape 1","np":3,"cix":2,"bm":0,"ix":1,"mn":"ADBE Vector Group","hd":false}],"ip":8,"op":30,"st":-5,"bm":0},{"ddd":0,"ind":8,"ty":4,"nm":"eye R","parent":2,"sr":1,"ks":{"o":{"a":1,"k":[{"t":0,"s":[100],"h":1},{"t":8,"s":[0],"h":1},{"t":30,"s":[100],"h":1}],"ix":11},"r":{"a":0,"k":0,"ix":10},"p":{"a":0,"k":[-3.201,-53.601,0],"ix":2,"l":2},"a":{"a":0,"k":[27.45,6.65,0],"ix":1,"l":2},"s":{"a":1,"k":[{"i":{"x":[0.833,0.833,0.833],"y":[0.833,0.833,0.833]},"o":{"x":[0.167,0.167,0.167],"y":[0.167,0.167,0.167]},"t":8,"s":[800,800,100]},{"i":{"x":[0,0,0.667],"y":[1,1,1]},"o":{"x":[0.167,0.167,0.167],"y":[0,0.167,0]},"t":30,"s":[800,700,100]},{"t":37,"s":[800,800,100]}],"ix":6,"l":2}},"ao":0,"shapes":[{"ty":"gr","it":[{"ind":0,"ty":"sh","ix":1,"ks":{"a":0,"k":{"i":[[0.899,0.8],[0,0],[0.7,-1.4],[-0.901,-0.9],[-0.701,1.4]],"o":[[0,0],[-1.4,-0.7],[-0.5,1.1],[1.399,0.7],[0.5,-1.1]],"v":[[1.601,-5.3],[1.601,-5.3],[-2.201,-4],[-1.6,-0.7],[2.201,-2]],"c":true},"ix":2},"nm":"Path 1","mn":"ADBE Vector Shape - Group","hd":false},{"ty":"fl","c":{"a":0,"k":[0.536999990426,0.375999989229,0.141000007181,1],"ix":4},"o":{"a":0,"k":100,"ix":5},"r":1,"bm":0,"nm":"Fill 1","mn":"ADBE Vector Graphic - Fill","hd":false},{"ty":"tr","p":{"a":0,"k":[44.65,6.55],"ix":2},"a":{"a":0,"k":[0,0],"ix":1},"s":{"a":0,"k":[100,100],"ix":3},"r":{"a":0,"k":0,"ix":6},"o":{"a":0,"k":100,"ix":7},"sk":{"a":0,"k":0,"ix":4},"sa":{"a":0,"k":0,"ix":5},"nm":"Transform"}],"nm":"Group 1","np":2,"cix":2,"bm":0,"ix":1,"mn":"ADBE Vector Group","hd":false},{"ty":"gr","it":[{"ind":0,"ty":"sh","ix":1,"ks":{"a":0,"k":{"i":[[4.2,0],[0,0],[0,-5.9],[-4.2,0],[0,5.9]],"o":[[0,0],[-4.2,0],[0,5.9],[4.2,0],[0,-5.9]],"v":[[0,-12.4],[0,-12.4],[-8,-3],[0,6.4],[8,-3]],"c":true},"ix":2},"nm":"Path 1","mn":"ADBE Vector Shape - Group","hd":false},{"ty":"fl","c":{"a":0,"k":[0.258999992819,0.169000004787,0.051000000449,1],"ix":4},"o":{"a":0,"k":100,"ix":5},"r":1,"bm":0,"nm":"Fill 1","mn":"ADBE Vector Graphic - Fill","hd":false},{"ty":"tr","p":{"a":0,"k":[46.65,9.65],"ix":2},"a":{"a":0,"k":[0,0],"ix":1},"s":{"a":0,"k":[100,100],"ix":3},"r":{"a":0,"k":0,"ix":6},"o":{"a":0,"k":100,"ix":7},"sk":{"a":0,"k":0,"ix":4},"sa":{"a":0,"k":0,"ix":5},"nm":"Transform"}],"nm":"Group 2","np":2,"cix":2,"bm":0,"ix":2,"mn":"ADBE Vector Group","hd":false}],"ip":0,"op":120,"st":0,"bm":0},{"ddd":0,"ind":9,"ty":4,"nm":"eye L","parent":2,"sr":1,"ks":{"o":{"a":0,"k":100,"ix":11},"r":{"a":0,"k":0,"ix":10},"p":{"a":0,"k":[-3.201,-53.601,0],"ix":2,"l":2},"a":{"a":0,"k":[27.45,6.65,0],"ix":1,"l":2},"s":{"a":0,"k":[800,800,100],"ix":6,"l":2}},"ao":0,"shapes":[{"ty":"gr","it":[{"ind":0,"ty":"sh","ix":1,"ks":{"a":0,"k":{"i":[[0.9,0.8],[0,0],[0.7,-1.4],[-0.9,-0.9],[-0.7,1.4]],"o":[[0,0],[-1.4,-0.7],[-0.5,1.1],[1.4,0.7],[0.6,-1.1]],"v":[[1.55,-5.3],[1.55,-5.3],[-2.25,-4],[-1.65,-0.7],[2.15,-2]],"c":true},"ix":2},"nm":"Path 1","mn":"ADBE Vector Shape - Group","hd":false},{"ty":"fl","c":{"a":0,"k":[0.536999990426,0.375999989229,0.141000007181,1],"ix":4},"o":{"a":0,"k":100,"ix":5},"r":1,"bm":0,"nm":"Fill 1","mn":"ADBE Vector Graphic - Fill","hd":false},{"ty":"tr","p":{"a":0,"k":[6.3,6.55],"ix":2},"a":{"a":0,"k":[0,0],"ix":1},"s":{"a":0,"k":[100,100],"ix":3},"r":{"a":0,"k":0,"ix":6},"o":{"a":0,"k":100,"ix":7},"sk":{"a":0,"k":0,"ix":4},"sa":{"a":0,"k":0,"ix":5},"nm":"Transform"}],"nm":"Group 3","np":2,"cix":2,"bm":0,"ix":1,"mn":"ADBE Vector Group","hd":false},{"ty":"gr","it":[{"ind":0,"ty":"sh","ix":1,"ks":{"a":0,"k":{"i":[[4.2,0],[0,0],[0,-5.9],[-4.2,0],[0,5.9]],"o":[[0,0],[-4.2,0],[0,5.9],[4.2,0],[0,-5.9]],"v":[[0,-12.4],[0,-12.4],[-8,-3],[0,6.4],[8,-3]],"c":true},"ix":2},"nm":"Path 1","mn":"ADBE Vector Shape - Group","hd":false},{"ty":"fl","c":{"a":0,"k":[0.258999992819,0.169000004787,0.051000000449,1],"ix":4},"o":{"a":0,"k":100,"ix":5},"r":1,"bm":0,"nm":"Fill 1","mn":"ADBE Vector Graphic - Fill","hd":false},{"ty":"tr","p":{"a":0,"k":[8.25,9.65],"ix":2},"a":{"a":0,"k":[0,0],"ix":1},"s":{"a":0,"k":[100,100],"ix":3},"r":{"a":0,"k":0,"ix":6},"o":{"a":0,"k":100,"ix":7},"sk":{"a":0,"k":0,"ix":4},"sa":{"a":0,"k":0,"ix":5},"nm":"Transform"}],"nm":"Group 4","np":2,"cix":2,"bm":0,"ix":2,"mn":"ADBE Vector Group","hd":false}],"ip":0,"op":120,"st":0,"bm":0},{"ddd":0,"ind":10,"ty":4,"nm":"mouth ","parent":2,"sr":1,"ks":{"o":{"a":0,"k":100,"ix":11},"r":{"a":0,"k":0,"ix":10},"p":{"a":0,"k":[-6,224,0],"ix":2,"l":2},"a":{"a":0,"k":[0.014,0,0],"ix":1,"l":2},"s":{"a":0,"k":[100,100,100],"ix":6,"l":2}},"ao":0,"shapes":[{"ty":"gr","it":[{"ind":0,"ty":"sh","ix":1,"ks":{"a":1,"k":[{"i":{"x":0,"y":1},"o":{"x":0.333,"y":0},"t":0,"s":[{"i":[[12.931,2.038],[86.129,-0.293],[21.285,-3.368],[-16.508,-12.428],[-79.506,-0.655],[-30.431,22.911]],"o":[[-21.287,-3.355],[-86.129,0.293],[-12.93,2.046],[30.431,22.911],[79.506,-0.573],[16.358,-12.437]],"v":[[132.155,-45.793],[-22.357,-50.293],[-176.156,-45.793],[-177.513,-12.9],[-21.929,26.293],[133.655,-12.9]],"c":true}]},{"i":{"x":0.667,"y":1},"o":{"x":0.333,"y":0},"t":13,"s":[{"i":[[14.761,-2.369],[91.305,-8.76],[24.549,-1.773],[-18.058,-13.632],[-91.04,2.371],[-29.372,40.728]],"o":[[-24.302,3.9],[-91.305,8.76],[-14.912,1.077],[33.291,25.132],[91,-3.598],[11.228,-15.569]],"v":[[155.932,-84.509],[-23.681,-53.76],[-196.48,-51.467],[-200.173,-18.745],[-20.646,22.768],[168.274,-54.854]],"c":true}]},{"i":{"x":0,"y":1},"o":{"x":0.333,"y":0},"t":28,"s":[{"i":[[14.761,-2.369],[91.305,-8.76],[24.549,-1.773],[-18.058,-13.632],[-91.04,2.371],[-29.372,40.728]],"o":[[-24.302,3.9],[-91.305,8.76],[-14.912,1.077],[33.291,25.132],[91,-3.598],[11.228,-15.569]],"v":[[155.932,-84.509],[-23.681,-53.76],[-196.48,-51.467],[-200.173,-18.745],[-20.646,22.768],[168.274,-54.854]],"c":true}]},{"t":31,"s":[{"i":[[14.81,2.046],[99.423,-0.207],[24.383,-3.355],[-18.901,-12.437],[-91.069,-0.655],[-34.857,22.911]],"o":[[-24.383,-3.355],[-98.58,0.205],[-14.81,2.046],[34.856,22.911],[91.069,-0.573],[18.737,-12.437]],"v":[[154.574,-45.793],[-22.409,-50.293],[-198.574,-45.793],[-200.129,-12.9],[-21.918,26.293],[156.292,-12.9]],"c":true}],"h":1},{"i":{"x":0.833,"y":0.833},"o":{"x":0.333,"y":0},"t":94,"s":[{"i":[[14.81,2.046],[99.423,-0.207],[24.383,-3.355],[-18.901,-12.437],[-91.069,-0.655],[-34.857,22.911]],"o":[[-24.383,-3.355],[-98.58,0.205],[-14.81,2.046],[34.856,22.911],[91.069,-0.573],[18.737,-12.437]],"v":[[154.574,-45.793],[-22.409,-50.293],[-198.574,-45.793],[-200.129,-12.9],[-21.918,26.293],[156.292,-12.9]],"c":true}]},{"i":{"x":0,"y":1},"o":{"x":0.167,"y":0.167},"t":104,"s":[{"i":[[14.81,2.046],[99.423,-0.207],[24.383,-3.355],[-18.901,-12.437],[-91.069,-0.655],[-34.857,22.911]],"o":[[-24.383,-3.355],[-98.58,0.205],[-14.81,2.046],[34.856,22.911],[91.069,-0.573],[18.737,-12.437]],"v":[[154.574,-45.793],[-22.409,-50.293],[-198.574,-45.793],[-200.129,-12.9],[-21.918,26.293],[156.292,-12.9]],"c":true}]},{"t":119,"s":[{"i":[[12.931,2.038],[86.129,-0.293],[21.285,-3.368],[-16.508,-12.428],[-79.506,-0.655],[-30.431,22.911]],"o":[[-21.287,-3.355],[-86.129,0.293],[-12.93,2.046],[30.431,22.911],[79.506,-0.573],[16.358,-12.437]],"v":[[132.155,-45.793],[-22.357,-50.293],[-176.156,-45.793],[-177.513,-12.9],[-21.929,26.293],[133.655,-12.9]],"c":true}]}],"ix":2},"nm":"Path 1","mn":"ADBE Vector Shape - Group","hd":false},{"ty":"fl","c":{"a":0,"k":[0.258999992819,0.169000004787,0.051000000449,1],"ix":4},"o":{"a":0,"k":100,"ix":5},"r":1,"bm":0,"nm":"Fill 1","mn":"ADBE Vector Graphic - Fill","hd":false},{"ty":"tr","p":{"a":0,"k":[22,12],"ix":2},"a":{"a":0,"k":[0,0],"ix":1},"s":{"a":0,"k":[100,100],"ix":3},"r":{"a":0,"k":0,"ix":6},"o":{"a":0,"k":100,"ix":7},"sk":{"a":0,"k":0,"ix":4},"sa":{"a":0,"k":0,"ix":5},"nm":"Transform"}],"nm":"Group 1","np":2,"cix":2,"bm":0,"ix":1,"mn":"ADBE Vector Group","hd":false}],"ip":0,"op":120,"st":0,"bm":0},{"ddd":0,"ind":11,"ty":4,"nm":"base matte","parent":13,"td":1,"sr":1,"ks":{"o":{"a":0,"k":100,"ix":11},"r":{"a":0,"k":0,"ix":10},"p":{"a":0,"k":[-2,-3,0],"ix":2,"l":2},"a":{"a":0,"k":[0,0,0],"ix":1,"l":2},"s":{"a":0,"k":[100,100,100],"ix":6,"l":2}},"ao":0,"shapes":[{"ty":"gr","it":[{"ind":0,"ty":"sh","ix":1,"ks":{"a":0,"k":{"i":[[15.4,0],[0,38.4],[-27.9,0],[-10.6,-9.3],[0,-16.9],[11.5,-10.2]],"o":[[-27.9,0],[0,-38.4],[15.5,0],[11.5,10.2],[0,16.9],[-10.6,9.3]],"v":[[0,55.9],[-58,0],[0,-55.9],[40.4,-41.5],[58,0],[40.4,41.4]],"c":true},"ix":2},"nm":"Path 1","mn":"ADBE Vector Shape - Group","hd":false},{"ty":"gf","o":{"a":0,"k":100,"ix":10},"r":1,"bm":0,"g":{"p":5,"k":{"a":0,"k":[0.48,0.992,0.878,0.188,0.691,0.98,0.816,0.178,0.902,0.969,0.753,0.169,0.966,0.963,0.694,0.153,1,0.957,0.635,0.137],"ix":9}},"s":{"a":0,"k":[0,0],"ix":5},"e":{"a":0,"k":[56.225,0],"ix":6},"t":2,"h":{"a":0,"k":0,"ix":7},"a":{"a":0,"k":0,"ix":8},"nm":"Gradient Fill 1","mn":"ADBE Vector Graphic - G-Fill","hd":false},{"ty":"tr","p":{"a":0,"k":[0,0],"ix":2},"a":{"a":0,"k":[0,0],"ix":1},"s":{"a":0,"k":[100,100],"ix":3},"r":{"a":0,"k":0,"ix":6},"o":{"a":0,"k":100,"ix":7},"sk":{"a":0,"k":0,"ix":4},"sa":{"a":0,"k":0,"ix":5},"nm":"Transform"}],"nm":"Group 1","np":2,"cix":2,"bm":0,"ix":1,"mn":"ADBE Vector Group","hd":false}],"ip":0,"op":120,"st":0,"bm":0},{"ddd":0,"ind":12,"ty":4,"nm":"base shadow","parent":13,"tt":2,"sr":1,"ks":{"o":{"a":0,"k":100,"ix":11},"r":{"a":0,"k":0,"ix":10},"p":{"a":0,"k":[0,0,0],"ix":2,"l":2},"a":{"a":0,"k":[0,0,0],"ix":1,"l":2},"s":{"a":0,"k":[100,100,100],"ix":6,"l":2}},"ao":0,"shapes":[{"ty":"gr","it":[{"ind":0,"ty":"sh","ix":1,"ks":{"a":0,"k":{"i":[[15.4,0],[0,38.4],[-27.9,0],[-10.6,-9.3],[0,-16.9],[11.5,-10.2]],"o":[[-27.9,0],[0,-38.4],[15.5,0],[11.5,10.2],[0,16.9],[-10.6,9.3]],"v":[[0,55.9],[-58,0],[0,-55.9],[40.4,-41.5],[58,0],[40.4,41.4]],"c":true},"ix":2},"nm":"Path 1","mn":"ADBE Vector Shape - Group","hd":false},{"ty":"fl","c":{"a":0,"k":[0.921568627451,0.560784313725,0,1],"ix":4},"o":{"a":0,"k":100,"ix":5},"r":1,"bm":0,"nm":"Fill 1","mn":"ADBE Vector Graphic - Fill","hd":false},{"ty":"tr","p":{"a":0,"k":[0,0],"ix":2},"a":{"a":0,"k":[0,0],"ix":1},"s":{"a":0,"k":[100,100],"ix":3},"r":{"a":0,"k":0,"ix":6},"o":{"a":0,"k":100,"ix":7},"sk":{"a":0,"k":0,"ix":4},"sa":{"a":0,"k":0,"ix":5},"nm":"Transform"}],"nm":"Group 1","np":2,"cix":2,"bm":0,"ix":1,"mn":"ADBE Vector Group","hd":false}],"ip":0,"op":120,"st":0,"bm":0},{"ddd":0,"ind":13,"ty":4,"nm":"base normal","parent":1,"sr":1,"ks":{"o":{"a":0,"k":100,"ix":11},"r":{"a":0,"k":0,"ix":10},"p":{"a":0,"k":[0,16,0],"ix":2,"l":2},"a":{"a":0,"k":[0,0,0],"ix":1,"l":2},"s":{"a":0,"k":[820,820,100],"ix":6,"l":2}},"ao":0,"shapes":[{"ty":"gr","it":[{"ind":0,"ty":"sh","ix":1,"ks":{"a":0,"k":{"i":[[15.4,0],[0,38.4],[-27.9,0],[-10.6,-9.3],[0,-16.9],[11.5,-10.2]],"o":[[-27.9,0],[0,-38.4],[15.5,0],[11.5,10.2],[0,16.9],[-10.6,9.3]],"v":[[0,55.9],[-58,0],[0,-55.9],[40.4,-41.5],[58,0],[40.4,41.4]],"c":true},"ix":2},"nm":"Path 1","mn":"ADBE Vector Shape - Group","hd":false},{"ty":"gf","o":{"a":0,"k":100,"ix":10},"r":1,"bm":0,"g":{"p":5,"k":{"a":0,"k":[0.48,0.992,0.878,0.188,0.691,0.98,0.816,0.178,0.902,0.969,0.753,0.169,0.966,0.963,0.694,0.153,1,0.957,0.635,0.137],"ix":9}},"s":{"a":0,"k":[0,0],"ix":5},"e":{"a":0,"k":[56.225,0],"ix":6},"t":2,"h":{"a":0,"k":0,"ix":7},"a":{"a":0,"k":0,"ix":8},"nm":"Gradient Fill 1","mn":"ADBE Vector Graphic - G-Fill","hd":false},{"ty":"tr","p":{"a":0,"k":[0,0],"ix":2},"a":{"a":0,"k":[0,0],"ix":1},"s":{"a":0,"k":[100,100],"ix":3},"r":{"a":0,"k":0,"ix":6},"o":{"a":0,"k":100,"ix":7},"sk":{"a":0,"k":0,"ix":4},"sa":{"a":0,"k":0,"ix":5},"nm":"Transform"}],"nm":"Group 1","np":2,"cix":2,"bm":0,"ix":1,"mn":"ADBE Vector Group","hd":false}],"ip":0,"op":120,"st":0,"bm":0}],"markers":[{"tm":70,"cm":"rest","dr":0}]}