{"v":"5.8.1","fr":60,"ip":0,"op":420,"w":1024,"h":1024,"nm":"emoji_Violin","ddd":0,"assets":[],"layers":[{"ddd":0,"ind":1,"ty":4,"nm":"violin bow","sr":1,"ks":{"o":{"a":0,"k":100,"ix":11},"r":{"a":1,"k":[{"i":{"x":[0.043],"y":[1]},"o":{"x":[0.658],"y":[0]},"t":20,"s":[0]},{"i":{"x":[0],"y":[1]},"o":{"x":[0.333],"y":[0]},"t":60,"s":[-86]},{"i":{"x":[0],"y":[1]},"o":{"x":[0.333],"y":[0]},"t":102,"s":[-93]},{"i":{"x":[0],"y":[1]},"o":{"x":[0.333],"y":[0]},"t":166,"s":[-80]},{"i":{"x":[0],"y":[1]},"o":{"x":[0.333],"y":[0]},"t":198,"s":[-72]},{"i":{"x":[0],"y":[1]},"o":{"x":[0.167],"y":[0]},"t":258,"s":[-70]},{"i":{"x":[0.512],"y":[1]},"o":{"x":[0.592],"y":[0]},"t":292,"s":[-72]},{"i":{"x":[0.833],"y":[1]},"o":{"x":[0.167],"y":[0]},"t":322,"s":[1]},{"i":{"x":[0.833],"y":[1]},"o":{"x":[0.167],"y":[0]},"t":337.273,"s":[-0.5]},{"t":350,"s":[0]}],"ix":10},"p":{"a":1,"k":[{"i":{"x":0.043,"y":1},"o":{"x":0.658,"y":0},"t":20,"s":[756.971,640.198,0],"to":[-63.333,-286.333,0],"ti":[0,0,0]},{"i":{"x":0,"y":1},"o":{"x":0.333,"y":0},"t":60,"s":[484.971,542.198,0],"to":[0,0,0],"ti":[0,0,0]},{"i":{"x":0,"y":1},"o":{"x":0.333,"y":0},"t":102,"s":[364.971,486.198,0],"to":[0,0,0],"ti":[0,0,0]},{"i":{"x":0,"y":1},"o":{"x":0.333,"y":0},"t":166,"s":[504.971,602.198,0],"to":[0,0,0],"ti":[0,0,0]},{"i":{"x":0,"y":1},"o":{"x":0.333,"y":0},"t":198,"s":[384.971,502.198,0],"to":[0,0,0],"ti":[0,0,0]},{"i":{"x":0,"y":1},"o":{"x":0.167,"y":0},"t":258,"s":[464.971,630.198,0],"to":[0,0,0],"ti":[0,0,0]},{"i":{"x":0.774,"y":0.568},"o":{"x":0.581,"y":0},"t":292,"s":[384.971,502.198,0],"to":[0,0,0],"ti":[0,0,0]},{"i":{"x":0.498,"y":1},"o":{"x":0.237,"y":0.57},"t":310,"s":[620.051,621.197,0],"to":[0,0,0],"ti":[0,0,0]},{"i":{"x":0.512,"y":1},"o":{"x":0.167,"y":0},"t":322,"s":[756.971,646.198,0],"to":[0,0,0],"ti":[0,0,0]},{"i":{"x":0.512,"y":1},"o":{"x":0.167,"y":0},"t":337.273,"s":[756.971,638.198,0],"to":[0,0,0],"ti":[0,0,0]},{"t":350,"s":[756.971,640.198,0]}],"ix":2,"l":2},"a":{"a":0,"k":[242.874,344.917,0],"ix":1,"l":2},"s":{"a":0,"k":[101,101,100],"ix":6,"l":2}},"ao":0,"shapes":[{"ty":"gr","it":[{"ind":0,"ty":"sh","ix":1,"ks":{"a":0,"k":{"i":[[0,0],[8.255,-12.86],[0,0],[4.207,2.699],[0,0],[-2.937,4.366],[0,0],[7.859,5.159],[0,0],[-7.065,-4.684],[0,0],[0,0],[-7.065,-4.683],[0,0],[-4.048,6.033],[0,0]],"o":[[-9.446,-6.191],[0,0],[-2.937,4.366],[0,0],[-3.017,-1.984],[0,0],[3.572,-5.24],[0,0],[-5.398,8.097],[0,0],[0,0],[-3.969,6.033],[0,0],[7.065,4.684],[0,0],[0,0]],"v":[[48.819,-10.28],[9.684,-13.773],[9.207,-12.979],[0.952,-9.328],[-16.035,-20.124],[-17.384,-29.649],[-15.559,-32.427],[-23.496,-51.319],[-43.421,-20.361],[-39.452,0.516],[-11.034,18.694],[-15.797,25.758],[-10.319,45.127],[-8.017,46.635],[12.065,44.174],[20.4,31.791]],"c":true},"ix":2},"nm":"Path 1","mn":"ADBE Vector Shape - Group","hd":false},{"ty":"fl","c":{"a":0,"k":[0.270999983245,0.352999997606,0.39199999641,1],"ix":4},"o":{"a":0,"k":100,"ix":5},"r":1,"bm":0,"nm":"Fill 1","mn":"ADBE Vector Graphic - Fill","hd":false},{"ty":"tr","p":{"a":0,"k":[49.069,638.266],"ix":2},"a":{"a":0,"k":[0,0],"ix":1},"s":{"a":0,"k":[100,100],"ix":3},"r":{"a":0,"k":0,"ix":6},"o":{"a":0,"k":100,"ix":7},"sk":{"a":0,"k":0,"ix":4},"sa":{"a":0,"k":0,"ix":5},"nm":"Transform"}],"nm":"Group 1","np":2,"cix":2,"bm":0,"ix":1,"mn":"ADBE Vector Group","hd":false},{"ty":"gr","it":[{"ind":0,"ty":"sh","ix":1,"ks":{"a":0,"k":{"i":[[-0.873,-0.556],[0,0],[0,0],[0,0],[0,0],[11.193,7.144],[-4.922,4.287],[2.302,4.446],[18.019,-8.731]],"o":[[0.079,0],[0,0],[0,0],[0,0],[17.94,-28.498],[-9.525,-5.954],[4.048,-3.651],[-2.382,-4.604],[-19.845,9.605]],"v":[[137.645,-303.191],[175.986,-277.393],[-219.406,307.875],[-196.147,334.546],[201.466,-253.896],[198.688,-302.238],[186.543,-311.05],[195.037,-324.227],[170.429,-325.815]],"c":true},"ix":2},"nm":"Path 1","mn":"ADBE Vector Shape - Group","hd":false},{"ty":"fl","c":{"a":0,"k":[1,0.438999998803,0.263000009574,1],"ix":4},"o":{"a":0,"k":100,"ix":5},"r":1,"bm":0,"nm":"Fill 1","mn":"ADBE Vector Graphic - Fill","hd":false},{"ty":"tr","p":{"a":0,"k":[266.092,334.796],"ix":2},"a":{"a":0,"k":[0,0],"ix":1},"s":{"a":0,"k":[100,100],"ix":3},"r":{"a":0,"k":0,"ix":6},"o":{"a":0,"k":100,"ix":7},"sk":{"a":0,"k":0,"ix":4},"sa":{"a":0,"k":0,"ix":5},"nm":"Transform"}],"nm":"Group 2","np":2,"cix":2,"bm":0,"ix":2,"mn":"ADBE Vector Group","hd":false},{"ty":"gr","it":[{"ind":0,"ty":"sh","ix":1,"ks":{"a":0,"k":{"i":[[0,0],[0,0],[0,0],[0,0]],"o":[[0,0],[0,0],[0,0],[0,0]],"v":[[-185.947,288.506],[-200.157,278.902],[186.027,-288.506],[200.157,-278.901]],"c":true},"ix":2},"nm":"Path 1","mn":"ADBE Vector Shape - Group","hd":false},{"ty":"fl","c":{"a":0,"k":[0.969000004787,0.811999990426,0.573000021542,1],"ix":4},"o":{"a":0,"k":100,"ix":5},"r":1,"bm":0,"nm":"Fill 1","mn":"ADBE Vector Graphic - Fill","hd":false},{"ty":"tr","p":{"a":0,"k":[217.711,320.111],"ix":2},"a":{"a":0,"k":[0,0],"ix":1},"s":{"a":0,"k":[100,100],"ix":3},"r":{"a":0,"k":0,"ix":6},"o":{"a":0,"k":100,"ix":7},"sk":{"a":0,"k":0,"ix":4},"sa":{"a":0,"k":0,"ix":5},"nm":"Transform"}],"nm":"Group 3","np":2,"cix":2,"bm":0,"ix":3,"mn":"ADBE Vector Group","hd":false}],"ip":0,"op":420,"st":0,"bm":0},{"ddd":0,"ind":2,"ty":4,"nm":"violin mask","parent":9,"td":1,"sr":1,"ks":{"o":{"a":0,"k":100,"ix":11},"r":{"a":0,"k":0,"ix":10},"p":{"a":0,"k":[488.238,475.299,0],"ix":2,"l":2},"a":{"a":0,"k":[488.238,475.299,0],"ix":1,"l":2},"s":{"a":0,"k":[100,100,100],"ix":6,"l":2}},"ao":0,"shapes":[{"ty":"gr","it":[{"ind":0,"ty":"sh","ix":1,"ks":{"a":0,"k":{"i":[[157.966,135.264],[47.786,12.146],[-5.239,-10.32],[30.324,-34.054],[20.956,6.509],[5.398,1.906],[1.508,-15.876],[14.368,-5.795],[22.862,-17.543],[-31.196,-69.854],[-123.674,-18.893],[-27.465,61.281],[-14.13,5.874],[-0.158,6.668],[8.574,9.843],[-34.371,36.674],[-17.702,-16.67],[-4.049,1.667],[-0.477,0.238],[1.667,5.635],[-4.524,10.002]],"o":[[-149.869,-128.357],[-11.352,-2.857],[2.461,4.842],[-21.908,24.528],[-6.271,-1.984],[-5.398,-1.904],[-0.873,9.366],[-28.021,11.193],[-49.136,37.785],[31.197,69.854],[74.141,11.351],[9.049,-20.243],[5.318,-2.223],[0.159,-6.431],[-20.876,-23.973],[33.816,-36.038],[3.175,3.016],[0.476,-0.238],[5.397,-2.223],[-3.254,-11.352],[13.098,-29.052]],"v":[[196.227,-220.041],[-63.583,-197.021],[-76.84,-177.731],[-87.477,-111.449],[-152.965,-87],[-170.667,-95.177],[-184.32,-79.459],[-204.324,-57.55],[-280.37,-18.337],[-322.997,146.297],[-84.222,337.047],[63.742,249.015],[99.463,198.768],[110.417,187.893],[91.842,167.968],[89.461,77.713],[180.034,57.63],[191.782,60.091],[193.211,59.455],[199.402,45.644],[202.974,14.447]],"c":true},"ix":2},"nm":"Path 1","mn":"ADBE Vector Shape - Group","hd":false},{"ty":"fl","c":{"a":0,"k":[1,0.438999998803,0.263000009574,1],"ix":4},"o":{"a":0,"k":100,"ix":5},"r":1,"bm":0,"nm":"Fill 1","mn":"ADBE Vector Graphic - Fill","hd":false},{"ty":"tr","p":{"a":0,"k":[354.443,575.119],"ix":2},"a":{"a":0,"k":[0,0],"ix":1},"s":{"a":0,"k":[100,100],"ix":3},"r":{"a":0,"k":0,"ix":6},"o":{"a":0,"k":100,"ix":7},"sk":{"a":0,"k":0,"ix":4},"sa":{"a":0,"k":0,"ix":5},"nm":"Transform"}],"nm":"Group 15","np":2,"cix":2,"bm":0,"ix":1,"mn":"ADBE Vector Group","hd":false}],"ip":0,"op":420,"st":0,"bm":0},{"ddd":0,"ind":3,"ty":4,"nm":"violin bow 2","parent":1,"tt":1,"sr":1,"ks":{"o":{"a":0,"k":50,"ix":11},"r":{"a":0,"k":0,"ix":10},"p":{"a":0,"k":[228.064,346.554,0],"ix":2,"l":2},"a":{"a":0,"k":[242.874,344.917,0],"ix":1,"l":2},"s":{"a":0,"k":[100,100,100],"ix":6,"l":2}},"ao":0,"shapes":[{"ty":"gr","it":[{"ind":0,"ty":"sh","ix":1,"ks":{"a":0,"k":{"i":[[0,0],[8.255,-12.86],[0,0],[4.207,2.699],[0,0],[-2.937,4.366],[0,0],[7.859,5.159],[0,0],[-7.065,-4.684],[0,0],[0,0],[-7.065,-4.683],[0,0],[-4.048,6.033],[0,0]],"o":[[-9.446,-6.191],[0,0],[-2.937,4.366],[0,0],[-3.017,-1.984],[0,0],[3.572,-5.24],[0,0],[-5.398,8.097],[0,0],[0,0],[-3.969,6.033],[0,0],[7.065,4.684],[0,0],[0,0]],"v":[[48.819,-10.28],[9.684,-13.773],[9.207,-12.979],[0.952,-9.328],[-16.035,-20.124],[-17.384,-29.649],[-15.559,-32.427],[-23.496,-51.319],[-43.421,-20.361],[-39.452,0.516],[-11.034,18.694],[-15.797,25.758],[-10.319,45.127],[-8.017,46.635],[12.065,44.174],[20.4,31.791]],"c":true},"ix":2},"nm":"Path 1","mn":"ADBE Vector Shape - Group","hd":false},{"ty":"fl","c":{"a":0,"k":[0.650980392157,0.372549019608,0.243137269862,1],"ix":4},"o":{"a":0,"k":100,"ix":5},"r":1,"bm":0,"nm":"Fill 1","mn":"ADBE Vector Graphic - Fill","hd":false},{"ty":"tr","p":{"a":0,"k":[49.069,638.266],"ix":2},"a":{"a":0,"k":[0,0],"ix":1},"s":{"a":0,"k":[100,100],"ix":3},"r":{"a":0,"k":0,"ix":6},"o":{"a":0,"k":100,"ix":7},"sk":{"a":0,"k":0,"ix":4},"sa":{"a":0,"k":0,"ix":5},"nm":"Transform"}],"nm":"Group 1","np":2,"cix":2,"bm":0,"ix":1,"mn":"ADBE Vector Group","hd":false},{"ty":"gr","it":[{"ind":0,"ty":"sh","ix":1,"ks":{"a":0,"k":{"i":[[-0.873,-0.556],[0,0],[0,0],[0,0],[0,0],[11.193,7.144],[-4.922,4.287],[2.302,4.446],[18.019,-8.731]],"o":[[0.079,0],[0,0],[0,0],[0,0],[17.94,-28.498],[-9.525,-5.954],[4.048,-3.651],[-2.382,-4.604],[-19.845,9.605]],"v":[[137.645,-303.191],[170.207,-280.666],[-225.185,304.602],[-196.147,334.546],[201.466,-253.896],[198.688,-302.238],[186.543,-311.05],[195.037,-324.227],[170.429,-325.815]],"c":true},"ix":2},"nm":"Path 1","mn":"ADBE Vector Shape - Group","hd":false},{"ty":"fl","c":{"a":0,"k":[0.650980392157,0.372549019608,0.243137269862,1],"ix":4},"o":{"a":0,"k":100,"ix":5},"r":1,"bm":0,"nm":"Fill 1","mn":"ADBE Vector Graphic - Fill","hd":false},{"ty":"tr","p":{"a":0,"k":[266.092,334.796],"ix":2},"a":{"a":0,"k":[0,0],"ix":1},"s":{"a":0,"k":[100,100],"ix":3},"r":{"a":0,"k":0,"ix":6},"o":{"a":0,"k":100,"ix":7},"sk":{"a":0,"k":0,"ix":4},"sa":{"a":0,"k":0,"ix":5},"nm":"Transform"}],"nm":"Group 2","np":2,"cix":2,"bm":0,"ix":2,"mn":"ADBE Vector Group","hd":false},{"ty":"gr","it":[{"ind":0,"ty":"sh","ix":1,"ks":{"a":0,"k":{"i":[[0,0],[0,0],[0,0],[0,0]],"o":[[0,0],[0,0],[0,0],[0,0]],"v":[[-185.947,288.506],[-200.157,278.902],[186.027,-288.506],[200.157,-278.901]],"c":true},"ix":2},"nm":"Path 1","mn":"ADBE Vector Shape - Group","hd":false},{"ty":"fl","c":{"a":0,"k":[0.650980392157,0.372549019608,0.243137269862,1],"ix":4},"o":{"a":0,"k":100,"ix":5},"r":1,"bm":0,"nm":"Fill 1","mn":"ADBE Vector Graphic - Fill","hd":false},{"ty":"tr","p":{"a":0,"k":[217.711,320.111],"ix":2},"a":{"a":0,"k":[0,0],"ix":1},"s":{"a":0,"k":[100,100],"ix":3},"r":{"a":0,"k":0,"ix":6},"o":{"a":0,"k":100,"ix":7},"sk":{"a":0,"k":0,"ix":4},"sa":{"a":0,"k":0,"ix":5},"nm":"Transform"}],"nm":"Group 3","np":2,"cix":2,"bm":0,"ix":3,"mn":"ADBE Vector Group","hd":false}],"ip":0,"op":420,"st":0,"bm":0},{"ddd":0,"ind":4,"ty":4,"nm":"Layer 4 Outlines","parent":9,"sr":1,"ks":{"o":{"a":0,"k":100,"ix":11},"r":{"a":0,"k":0,"ix":10},"p":{"a":0,"k":[269.824,622.429,0],"ix":2,"l":2},"a":{"a":0,"k":[51.212,51.53,0],"ix":1,"l":2},"s":{"a":0,"k":[100,100,100],"ix":6,"l":2}},"ao":0,"shapes":[{"ty":"gr","it":[{"ind":0,"ty":"sh","ix":1,"ks":{"a":0,"k":{"i":[[0,0],[0,0],[-14.685,-14.765],[-15.638,-16.987]],"o":[[0,0],[0,0],[0,0],[15.558,16.987]],"v":[[39.452,51.279],[-50.962,-30.799],[-12.542,-36.514],[35.404,5.954]],"c":true},"ix":2},"nm":"Path 1","mn":"ADBE Vector Shape - Group","hd":false},{"ty":"fl","c":{"a":0,"k":[0.651000019148,0.372999991623,0.243000000598,1],"ix":4},"o":{"a":0,"k":100,"ix":5},"r":1,"bm":0,"nm":"Fill 1","mn":"ADBE Vector Graphic - Fill","hd":false},{"ty":"tr","p":{"a":0,"k":[51.212,51.529],"ix":2},"a":{"a":0,"k":[0,0],"ix":1},"s":{"a":0,"k":[100,100],"ix":3},"r":{"a":0,"k":0,"ix":6},"o":{"a":0,"k":100,"ix":7},"sk":{"a":0,"k":0,"ix":4},"sa":{"a":0,"k":0,"ix":5},"nm":"Transform"}],"nm":"Group 1","np":2,"cix":2,"bm":0,"ix":1,"mn":"ADBE Vector Group","hd":false}],"ip":0,"op":420,"st":0,"bm":0},{"ddd":0,"ind":5,"ty":4,"nm":"string","parent":9,"sr":1,"ks":{"o":{"a":0,"k":100,"ix":11},"r":{"a":0,"k":0,"ix":10},"p":{"a":0,"k":[483.396,377.662,0],"ix":2,"l":2},"a":{"a":0,"k":[243.021,215.238,0],"ix":1,"l":2},"s":{"a":0,"k":[100,100,100],"ix":6,"l":2}},"ao":0,"shapes":[{"ty":"gr","it":[{"ind":0,"ty":"sh","ix":1,"ks":{"a":0,"k":{"i":[[0,0],[0,0]],"o":[[0,0],[0,0]],"v":[[-241.037,213.254],[241.037,-213.254]],"c":false},"ix":2},"nm":"Path 1","mn":"ADBE Vector Shape - Group","hd":false},{"ty":"st","c":{"a":0,"k":[0.811999990426,0.847000002394,0.862999949736,1],"ix":3},"o":{"a":0,"k":100,"ix":4},"w":{"a":0,"k":3.969,"ix":5},"lc":2,"lj":1,"ml":10,"bm":0,"nm":"Stroke 1","mn":"ADBE Vector Graphic - Stroke","hd":false},{"ty":"tr","p":{"a":0,"k":[243.022,215.239],"ix":2},"a":{"a":0,"k":[0,0],"ix":1},"s":{"a":0,"k":[100,100],"ix":3},"r":{"a":0,"k":0,"ix":6},"o":{"a":0,"k":100,"ix":7},"sk":{"a":0,"k":0,"ix":4},"sa":{"a":0,"k":0,"ix":5},"nm":"Transform"}],"nm":"Group 1","np":2,"cix":2,"bm":0,"ix":1,"mn":"ADBE Vector Group","hd":false}],"ip":0,"op":420,"st":0,"bm":0},{"ddd":0,"ind":6,"ty":4,"nm":"string","parent":9,"sr":1,"ks":{"o":{"a":0,"k":100,"ix":11},"r":{"a":0,"k":0,"ix":10},"p":{"a":0,"k":[496.652,387.028,0],"ix":2,"l":2},"a":{"a":0,"k":[237.465,217.143,0],"ix":1,"l":2},"s":{"a":0,"k":[100,100,100],"ix":6,"l":2}},"ao":0,"shapes":[{"ty":"gr","it":[{"ind":0,"ty":"sh","ix":1,"ks":{"a":0,"k":{"i":[[0,0],[0,0]],"o":[[0,0],[0,0]],"v":[[-235.48,215.159],[235.48,-215.159]],"c":false},"ix":2},"nm":"Path 1","mn":"ADBE Vector Shape - Group","hd":false},{"ty":"st","c":{"a":0,"k":[0.811999990426,0.847000002394,0.862999949736,1],"ix":3},"o":{"a":0,"k":100,"ix":4},"w":{"a":0,"k":3.969,"ix":5},"lc":2,"lj":1,"ml":10,"bm":0,"nm":"Stroke 1","mn":"ADBE Vector Graphic - Stroke","hd":false},{"ty":"tr","p":{"a":0,"k":[237.465,217.144],"ix":2},"a":{"a":0,"k":[0,0],"ix":1},"s":{"a":0,"k":[100,100],"ix":3},"r":{"a":0,"k":0,"ix":6},"o":{"a":0,"k":100,"ix":7},"sk":{"a":0,"k":0,"ix":4},"sa":{"a":0,"k":0,"ix":5},"nm":"Transform"}],"nm":"Group 1","np":2,"cix":2,"bm":0,"ix":1,"mn":"ADBE Vector Group","hd":false}],"ip":0,"op":420,"st":0,"bm":0},{"ddd":0,"ind":7,"ty":4,"nm":"string","parent":9,"sr":1,"ks":{"o":{"a":0,"k":100,"ix":11},"r":{"a":0,"k":0,"ix":10},"p":{"a":0,"k":[511.099,397.07,0],"ix":2,"l":2},"a":{"a":0,"k":[230.559,219.803,0],"ix":1,"l":2},"s":{"a":0,"k":[100,100,100],"ix":6,"l":2}},"ao":0,"shapes":[{"ty":"gr","it":[{"ind":0,"ty":"sh","ix":1,"ks":{"a":0,"k":{"i":[[0,0],[0,0]],"o":[[0,0],[0,0]],"v":[[-228.574,217.818],[228.574,-217.818]],"c":false},"ix":2},"nm":"Path 1","mn":"ADBE Vector Shape - Group","hd":false},{"ty":"st","c":{"a":0,"k":[0.811999990426,0.847000002394,0.862999949736,1],"ix":3},"o":{"a":0,"k":100,"ix":4},"w":{"a":0,"k":3.969,"ix":5},"lc":2,"lj":1,"ml":10,"bm":0,"nm":"Stroke 1","mn":"ADBE Vector Graphic - Stroke","hd":false},{"ty":"tr","p":{"a":0,"k":[230.559,219.803],"ix":2},"a":{"a":0,"k":[0,0],"ix":1},"s":{"a":0,"k":[100,100],"ix":3},"r":{"a":0,"k":0,"ix":6},"o":{"a":0,"k":100,"ix":7},"sk":{"a":0,"k":0,"ix":4},"sa":{"a":0,"k":0,"ix":5},"nm":"Transform"}],"nm":"Group 1","np":2,"cix":2,"bm":0,"ix":1,"mn":"ADBE Vector Group","hd":false}],"ip":0,"op":420,"st":0,"bm":0},{"ddd":0,"ind":8,"ty":4,"nm":"string","parent":9,"sr":1,"ks":{"o":{"a":0,"k":100,"ix":11},"r":{"a":0,"k":0,"ix":10},"p":{"a":0,"k":[522.49,407.826,0],"ix":2,"l":2},"a":{"a":0,"k":[227.582,223.176,0],"ix":1,"l":2},"s":{"a":0,"k":[100,100,100],"ix":6,"l":2}},"ao":0,"shapes":[{"ty":"gr","it":[{"ind":0,"ty":"sh","ix":1,"ks":{"a":0,"k":{"i":[[0,0],[0,0]],"o":[[0,0],[0,0]],"v":[[-225.597,221.191],[225.597,-221.191]],"c":false},"ix":2},"nm":"Path 1","mn":"ADBE Vector Shape - Group","hd":false},{"ty":"st","c":{"a":0,"k":[0.811999990426,0.847000002394,0.862999949736,1],"ix":3},"o":{"a":0,"k":100,"ix":4},"w":{"a":0,"k":3.969,"ix":5},"lc":2,"lj":1,"ml":10,"bm":0,"nm":"Stroke 1","mn":"ADBE Vector Graphic - Stroke","hd":false},{"ty":"tr","p":{"a":0,"k":[227.582,223.176],"ix":2},"a":{"a":0,"k":[0,0],"ix":1},"s":{"a":0,"k":[100,100],"ix":3},"r":{"a":0,"k":0,"ix":6},"o":{"a":0,"k":100,"ix":7},"sk":{"a":0,"k":0,"ix":4},"sa":{"a":0,"k":0,"ix":5},"nm":"Transform"}],"nm":"Group 1","np":2,"cix":2,"bm":0,"ix":1,"mn":"ADBE Vector Group","hd":false}],"ip":0,"op":420,"st":0,"bm":0},{"ddd":0,"ind":9,"ty":4,"nm":"violin","sr":1,"ks":{"o":{"a":0,"k":100,"ix":11},"r":{"a":1,"k":[{"i":{"x":[0.243],"y":[1]},"o":{"x":[0.333],"y":[0]},"t":30,"s":[0]},{"i":{"x":[0.833],"y":[1]},"o":{"x":[0.333],"y":[0]},"t":54,"s":[5.4]},{"i":{"x":[0.833],"y":[1]},"o":{"x":[0.167],"y":[0]},"t":88,"s":[4.7]},{"i":{"x":[0.833],"y":[1]},"o":{"x":[0.167],"y":[0]},"t":114,"s":[5]},{"i":{"x":[0.833],"y":[1]},"o":{"x":[0.167],"y":[0]},"t":166,"s":[4.2]},{"i":{"x":[0.833],"y":[1]},"o":{"x":[0.167],"y":[0]},"t":198,"s":[4.8]},{"i":{"x":[0.833],"y":[1]},"o":{"x":[0.167],"y":[0]},"t":258,"s":[4.4]},{"i":{"x":[0.512],"y":[1]},"o":{"x":[0.592],"y":[0]},"t":292,"s":[5]},{"i":{"x":[0.833],"y":[1]},"o":{"x":[0.167],"y":[0]},"t":318,"s":[-1]},{"t":336,"s":[0]}],"ix":10},"p":{"a":1,"k":[{"i":{"x":0.243,"y":1},"o":{"x":0.333,"y":0},"t":30,"s":[507.63,516.129,0],"to":[-0.667,-1,0],"ti":[0.667,1,0]},{"i":{"x":0.243,"y":0.243},"o":{"x":0.333,"y":0.333},"t":54,"s":[503.63,510.129,0],"to":[0,0,0],"ti":[0,0,0]},{"i":{"x":0.345,"y":1},"o":{"x":0.592,"y":0},"t":292,"s":[503.63,510.129,0],"to":[0.667,1,0],"ti":[-0.667,-1,0]},{"t":318,"s":[507.63,516.129,0]}],"ix":2,"l":2},"a":{"a":0,"k":[488.238,475.299,0],"ix":1,"l":2},"s":{"a":0,"k":[101,101,100],"ix":6,"l":2}},"ao":0,"shapes":[{"ty":"gr","it":[{"ind":0,"ty":"sh","ix":1,"ks":{"a":0,"k":{"i":[[12.304,-10.002],[7.779,9.525],[-0.635,6.906],[3.334,2.779],[1.826,1.587],[-1.191,2.302],[-2.54,-0.238],[-3.731,-2.858],[-7.383,0.08],[-2.144,-2.62]],"o":[[-12.304,10.081],[-3.493,-4.287],[1.191,-13.494],[-1.985,-1.667],[-3.334,-2.779],[1.19,-2.302],[4.604,0.476],[12.78,10.002],[7.382,-0.079],[7.858,9.525]],"v":[[19.29,22.067],[-17.066,23.02],[-20.956,7.699],[-26.512,-14.447],[-31.91,-19.606],[-33.656,-28.338],[-25.56,-32.308],[-13.573,-25.561],[13.177,-18.973],[27.387,-13.415]],"c":true},"ix":2},"nm":"Path 1","mn":"ADBE Vector Shape - Group","hd":false},{"ty":"fl","c":{"a":0,"k":[0.270999983245,0.352999997606,0.39199999641,1],"ix":4},"o":{"a":0,"k":100,"ix":5},"r":1,"bm":0,"nm":"Fill 1","mn":"ADBE Vector Graphic - Fill","hd":false},{"ty":"tr","p":{"a":0,"k":[913.912,178.776],"ix":2},"a":{"a":0,"k":[0,0],"ix":1},"s":{"a":0,"k":[100,100],"ix":3},"r":{"a":0,"k":0,"ix":6},"o":{"a":0,"k":100,"ix":7},"sk":{"a":0,"k":0,"ix":4},"sa":{"a":0,"k":0,"ix":5},"nm":"Transform"}],"nm":"Group 1","np":2,"cix":2,"bm":0,"ix":1,"mn":"ADBE Vector Group","hd":false},{"ty":"gr","it":[{"ind":0,"ty":"sh","ix":1,"ks":{"a":0,"k":{"i":[[8.732,-6.351],[7.303,9.923],[6.588,11.272],[1.905,3.651],[-3.096,2.778],[-2.063,-1.985],[-10.716,0.873],[0.079,-8.811]],"o":[[-12.939,9.287],[-8.573,-11.51],[-2.064,-3.572],[-1.905,-3.652],[6.906,-6.033],[14.844,14.209],[14.209,-1.111],[-0.079,9.208]],"v":[[16.789,24.608],[-19.567,25.56],[-24.012,-7.938],[-31.077,-18.019],[-30.283,-29.45],[-14.487,-26.354],[12.185,-17.305],[33.3,-1.667]],"c":true},"ix":2},"nm":"Path 1","mn":"ADBE Vector Shape - Group","hd":false},{"ty":"fl","c":{"a":0,"k":[0.270999983245,0.352999997606,0.39199999641,1],"ix":4},"o":{"a":0,"k":100,"ix":5},"r":1,"bm":0,"nm":"Fill 1","mn":"ADBE Vector Graphic - Fill","hd":false},{"ty":"tr","p":{"a":0,"k":[846.479,211.162],"ix":2},"a":{"a":0,"k":[0,0],"ix":1},"s":{"a":0,"k":[100,100],"ix":3},"r":{"a":0,"k":0,"ix":6},"o":{"a":0,"k":100,"ix":7},"sk":{"a":0,"k":0,"ix":4},"sa":{"a":0,"k":0,"ix":5},"nm":"Transform"}],"nm":"Group 2","np":2,"cix":2,"bm":0,"ix":2,"mn":"ADBE Vector Group","hd":false},{"ty":"gr","it":[{"ind":0,"ty":"sh","ix":1,"ks":{"a":0,"k":{"i":[[0,0],[19.686,-8.732],[11.669,-6.668],[0,0],[4.842,-1.509],[0,0],[-18.654,34.61],[0,0]],"o":[[0,0],[-13.177,5.874],[-11.668,6.668],[-2.619,3.89],[-4.842,1.508],[0,0],[15.797,-29.37],[0,0]],"v":[[77.157,-32.308],[39.293,-3.969],[10.16,11.669],[-49.375,76.839],[-59.535,86.286],[-77.157,73.109],[-15.797,-44.215],[18.892,-87.794]],"c":true},"ix":2},"nm":"Path 1","mn":"ADBE Vector Shape - Group","hd":false},{"ty":"fl","c":{"a":0,"k":[0.270999983245,0.352999997606,0.39199999641,1],"ix":4},"o":{"a":0,"k":100,"ix":5},"r":1,"bm":0,"nm":"Fill 1","mn":"ADBE Vector Graphic - Fill","hd":false},{"ty":"tr","p":{"a":0,"k":[179.172,745.627],"ix":2},"a":{"a":0,"k":[0,0],"ix":1},"s":{"a":0,"k":[100,100],"ix":3},"r":{"a":0,"k":0,"ix":6},"o":{"a":0,"k":100,"ix":7},"sk":{"a":0,"k":0,"ix":4},"sa":{"a":0,"k":0,"ix":5},"nm":"Transform"}],"nm":"Group 3","np":2,"cix":2,"bm":0,"ix":3,"mn":"ADBE Vector Group","hd":false},{"ty":"gr","it":[{"ind":0,"ty":"sh","ix":1,"ks":{"a":0,"k":{"i":[[0,0],[10.16,1.667],[7.541,-4.604],[-2.063,-12.939],[-24.132,23.814],[-15.003,-5.716]],"o":[[-6.827,-10.24],[-10.161,-1.588],[-26.593,15.717],[-7.779,-5.239],[11.986,-11.828],[15.956,6.271]],"v":[[47.192,-5.041],[22.901,-18.138],[-5.516,-13.693],[-29.172,35.682],[-23.06,-20.044],[26.156,-29.966]],"c":true},"ix":2},"nm":"Path 1","mn":"ADBE Vector Shape - Group","hd":false},{"ty":"fl","c":{"a":0,"k":[0.969000004787,0.811999990426,0.573000021542,1],"ix":4},"o":{"a":0,"k":100,"ix":5},"r":1,"bm":0,"nm":"Fill 1","mn":"ADBE Vector Graphic - Fill","hd":false},{"ty":"tr","p":{"a":0,"k":[916.73,68.001],"ix":2},"a":{"a":0,"k":[0,0],"ix":1},"s":{"a":0,"k":[100,100],"ix":3},"r":{"a":0,"k":0,"ix":6},"o":{"a":0,"k":100,"ix":7},"sk":{"a":0,"k":0,"ix":4},"sa":{"a":0,"k":0,"ix":5},"nm":"Transform"}],"nm":"Group 4","np":2,"cix":2,"bm":0,"ix":4,"mn":"ADBE Vector Group","hd":false},{"ty":"gr","it":[{"ind":0,"ty":"sh","ix":1,"ks":{"a":0,"k":{"i":[[-1.905,1.19],[-2.302,-6.907],[0,0],[4.445,-2.302],[-11.986,12.939],[-15.479,-19.052],[1.667,-4.842],[2.699,0.396],[-10.478,7.937],[36.515,-6.986],[-4.605,17.701],[0,0]],"o":[[5.318,-3.731],[0,0],[1.271,5.24],[19.527,24.211],[24.687,-26.592],[0.079,0],[-2.699,7.7],[-8.335,-1.271],[-30.402,-5.637],[-17.384,6.588],[0,0],[0.635,-2.063]],"v":[[-68.624,2.898],[-51.716,8.534],[-51.399,8.136],[-56.955,21.155],[8.692,-10.041],[71.562,-26.314],[75.847,-14.487],[64.497,-5.04],[58.463,-24.091],[-30.839,38.619],[-72.91,7.978],[-72.593,8.057]],"c":true},"ix":2},"nm":"Path 1","mn":"ADBE Vector Shape - Group","hd":false},{"ty":"fl","c":{"a":0,"k":[0.216000007181,0.277999997606,0.310000011968,1],"ix":4},"o":{"a":0,"k":100,"ix":5},"r":1,"bm":0,"nm":"Fill 1","mn":"ADBE Vector Graphic - Fill","hd":false},{"ty":"tr","p":{"a":0,"k":[231.682,533.405],"ix":2},"a":{"a":0,"k":[0,0],"ix":1},"s":{"a":0,"k":[100,100],"ix":3},"r":{"a":0,"k":0,"ix":6},"o":{"a":0,"k":100,"ix":7},"sk":{"a":0,"k":0,"ix":4},"sa":{"a":0,"k":0,"ix":5},"nm":"Transform"}],"nm":"Group 5","np":2,"cix":2,"bm":0,"ix":5,"mn":"ADBE Vector Group","hd":false},{"ty":"gr","it":[{"ind":0,"ty":"sh","ix":1,"ks":{"a":0,"k":{"i":[[-1.111,2.223],[8.017,1.587],[0,0],[1.905,-5.319],[-12.86,15.161],[23.1,14.367],[5.159,-2.619],[-0.794,-2.858],[-7.462,12.701],[2.937,-41.436],[-18.971,7.62],[0,0]],"o":[[3.493,-6.351],[0,0],[-5.954,-0.715],[-29.291,-18.178],[26.274,-31.118],[-0.079,0],[-8.176,4.049],[2.461,9.049],[10.081,32.863],[-5.08,20.163],[0,0],[2.143,-1.27]],"v":[[6.707,75.808],[-1.707,57.868],[-1.31,57.471],[-14.964,65.488],[11.233,-11.589],[21.155,-83.428],[7.501,-86.445],[-1.469,-72.553],[20.44,-68.505],[-37.508,39.213],[1.785,81.444],[1.627,81.126]],"c":true},"ix":2},"nm":"Path 1","mn":"ADBE Vector Shape - Group","hd":false},{"ty":"fl","c":{"a":0,"k":[0.216000007181,0.277999997606,0.310000011968,1],"ix":4},"o":{"a":0,"k":100,"ix":5},"r":1,"bm":0,"nm":"Fill 1","mn":"ADBE Vector Graphic - Fill","hd":false},{"ty":"tr","p":{"a":0,"k":[376.947,666.327],"ix":2},"a":{"a":0,"k":[0,0],"ix":1},"s":{"a":0,"k":[100,100],"ix":3},"r":{"a":0,"k":0,"ix":6},"o":{"a":0,"k":100,"ix":7},"sk":{"a":0,"k":0,"ix":4},"sa":{"a":0,"k":0,"ix":5},"nm":"Transform"}],"nm":"Group 6","np":2,"cix":2,"bm":0,"ix":6,"mn":"ADBE Vector Group","hd":false},{"ty":"gr","it":[{"ind":0,"ty":"sh","ix":1,"ks":{"a":0,"k":{"i":[[13.495,2.857],[0,0],[-19.766,14.051],[0.477,2.937],[0.238,-0.158],[2.382,2.62],[-3.651,2.381],[2.143,-28.1]],"o":[[-19.686,-4.048],[0,0],[7.62,-5.398],[-2.063,-13.415],[-3.651,2.382],[-2.381,-2.54],[10.717,-6.827],[-1.826,25.56]],"v":[[-9.803,26.434],[-32.427,8.574],[8.296,12.066],[16.63,-3.095],[0.437,-11.351],[-8.454,-12.859],[-5.518,-22.464],[30.284,0.715]],"c":true},"ix":2},"nm":"Path 1","mn":"ADBE Vector Shape - Group","hd":false},{"ty":"fl","c":{"a":0,"k":[0.216000007181,0.277999997606,0.310000011968,1],"ix":4},"o":{"a":0,"k":100,"ix":5},"r":1,"bm":0,"nm":"Fill 1","mn":"ADBE Vector Graphic - Fill","hd":false},{"ty":"tr","p":{"a":0,"k":[919.985,95.029],"ix":2},"a":{"a":0,"k":[0,0],"ix":1},"s":{"a":0,"k":[100,100],"ix":3},"r":{"a":0,"k":0,"ix":6},"o":{"a":0,"k":100,"ix":7},"sk":{"a":0,"k":0,"ix":4},"sa":{"a":0,"k":0,"ix":5},"nm":"Transform"}],"nm":"Group 7","np":2,"cix":2,"bm":0,"ix":7,"mn":"ADBE Vector Group","hd":false},{"ty":"gr","it":[{"ind":0,"ty":"sh","ix":1,"ks":{"a":0,"k":{"i":[[0,0],[-6.033,-2.938],[29.133,-12.621],[0,0],[0,0],[0,0],[-46.041,36.356]],"o":[[0,0],[0,0],[-48.262,20.956],[-14.844,16.829],[0,0],[0,0],[32.704,-25.72]],"v":[[233.893,-211.626],[260.406,-192.416],[171.737,-155.743],[114.188,-92.557],[-186.424,211.626],[-260.406,156.298],[112.6,-156.695]],"c":true},"ix":2},"nm":"Path 1","mn":"ADBE Vector Shape - Group","hd":false},{"ty":"fl","c":{"a":0,"k":[0.270999983245,0.352999997606,0.39199999641,1],"ix":4},"o":{"a":0,"k":100,"ix":5},"r":1,"bm":0,"nm":"Fill 1","mn":"ADBE Vector Graphic - Fill","hd":false},{"ty":"tr","p":{"a":0,"k":[630.328,298.083],"ix":2},"a":{"a":0,"k":[0,0],"ix":1},"s":{"a":0,"k":[100,100],"ix":3},"r":{"a":0,"k":0,"ix":6},"o":{"a":0,"k":100,"ix":7},"sk":{"a":0,"k":0,"ix":4},"sa":{"a":0,"k":0,"ix":5},"nm":"Transform"}],"nm":"Group 8","np":2,"cix":2,"bm":0,"ix":8,"mn":"ADBE Vector Group","hd":false},{"ty":"gr","it":[{"ind":0,"ty":"sh","ix":1,"ks":{"a":0,"k":{"i":[[-28.735,38.579],[-33.419,9.208],[-7.144,40.484],[43.739,1.667],[0.556,-26.354],[-7.779,-7.223],[13.653,-73.744],[-28.815,-18.02]],"o":[[25.56,-34.372],[38.737,-10.637],[9.129,-51.517],[-20.003,-0.794],[-0.397,19.765],[-22.226,18.734],[-6.668,35.959],[11.748,7.302]],"v":[[-28.061,82.475],[53.621,34.212],[129.349,-23.577],[41.793,-120.26],[-6.47,-80.65],[13.375,-44.294],[-131.81,50.326],[-103.551,100.971]],"c":true},"ix":2},"nm":"Path 1","mn":"ADBE Vector Shape - Group","hd":false},{"ty":"fl","c":{"a":0,"k":[1,0.438999998803,0.263000009574,1],"ix":4},"o":{"a":0,"k":100,"ix":5},"r":1,"bm":0,"nm":"Fill 1","mn":"ADBE Vector Graphic - Fill","hd":false},{"ty":"tr","p":{"a":0,"k":[837.747,121.305],"ix":2},"a":{"a":0,"k":[0,0],"ix":1},"s":{"a":0,"k":[100,100],"ix":3},"r":{"a":0,"k":0,"ix":6},"o":{"a":0,"k":100,"ix":7},"sk":{"a":0,"k":0,"ix":4},"sa":{"a":0,"k":0,"ix":5},"nm":"Transform"}],"nm":"Group 9","np":2,"cix":2,"bm":0,"ix":9,"mn":"ADBE Vector Group","hd":false},{"ty":"gr","it":[{"ind":0,"ty":"sh","ix":1,"ks":{"a":0,"k":{"i":[[0,0],[0,0]],"o":[[0,0],[0,0]],"v":[[28.775,-36.277],[-28.775,36.277]],"c":false},"ix":2},"nm":"Path 1","mn":"ADBE Vector Shape - Group","hd":false},{"ty":"st","c":{"a":0,"k":[0.811999990426,0.847000002394,0.862999949736,1],"ix":3},"o":{"a":0,"k":100,"ix":4},"w":{"a":0,"k":3.969,"ix":5},"lc":1,"lj":1,"ml":10,"bm":0,"nm":"Stroke 1","mn":"ADBE Vector Graphic - Stroke","hd":false},{"ty":"tr","p":{"a":0,"k":[268.118,665.294],"ix":2},"a":{"a":0,"k":[0,0],"ix":1},"s":{"a":0,"k":[100,100],"ix":3},"r":{"a":0,"k":0,"ix":6},"o":{"a":0,"k":100,"ix":7},"sk":{"a":0,"k":0,"ix":4},"sa":{"a":0,"k":0,"ix":5},"nm":"Transform"}],"nm":"Group 10","np":2,"cix":2,"bm":0,"ix":10,"mn":"ADBE Vector Group","hd":false},{"ty":"gr","it":[{"ind":0,"ty":"sh","ix":1,"ks":{"a":0,"k":{"i":[[0,0],[0,0]],"o":[[0,0],[0,0]],"v":[[27.941,-36.99],[-27.941,36.99]],"c":false},"ix":2},"nm":"Path 1","mn":"ADBE Vector Shape - Group","hd":false},{"ty":"st","c":{"a":0,"k":[0.811999990426,0.847000002394,0.862999949736,1],"ix":3},"o":{"a":0,"k":100,"ix":4},"w":{"a":0,"k":3.969,"ix":5},"lc":1,"lj":1,"ml":10,"bm":0,"nm":"Stroke 1","mn":"ADBE Vector Graphic - Stroke","hd":false},{"ty":"tr","p":{"a":0,"k":[254.583,651.879],"ix":2},"a":{"a":0,"k":[0,0],"ix":1},"s":{"a":0,"k":[100,100],"ix":3},"r":{"a":0,"k":0,"ix":6},"o":{"a":0,"k":100,"ix":7},"sk":{"a":0,"k":0,"ix":4},"sa":{"a":0,"k":0,"ix":5},"nm":"Transform"}],"nm":"Group 11","np":2,"cix":2,"bm":0,"ix":11,"mn":"ADBE Vector Group","hd":false},{"ty":"gr","it":[{"ind":0,"ty":"sh","ix":1,"ks":{"a":0,"k":{"i":[[0,0],[0,0]],"o":[[0,0],[0,0]],"v":[[22.345,-38.936],[-22.346,38.936]],"c":false},"ix":2},"nm":"Path 1","mn":"ADBE Vector Shape - Group","hd":false},{"ty":"st","c":{"a":0,"k":[0.811999990426,0.847000002394,0.862999949736,1],"ix":3},"o":{"a":0,"k":100,"ix":4},"w":{"a":0,"k":3.969,"ix":5},"lc":1,"lj":1,"ml":10,"bm":0,"nm":"Stroke 1","mn":"ADBE Vector Graphic - Stroke","hd":false},{"ty":"tr","p":{"a":0,"k":[238.826,641.123],"ix":2},"a":{"a":0,"k":[0,0],"ix":1},"s":{"a":0,"k":[100,100],"ix":3},"r":{"a":0,"k":0,"ix":6},"o":{"a":0,"k":100,"ix":7},"sk":{"a":0,"k":0,"ix":4},"sa":{"a":0,"k":0,"ix":5},"nm":"Transform"}],"nm":"Group 12","np":2,"cix":2,"bm":0,"ix":12,"mn":"ADBE Vector Group","hd":false},{"ty":"gr","it":[{"ind":0,"ty":"sh","ix":1,"ks":{"a":0,"k":{"i":[[0,0],[0,0]],"o":[[0,0],[0,0]],"v":[[18.615,-39.729],[-18.615,39.73]],"c":false},"ix":2},"nm":"Path 1","mn":"ADBE Vector Shape - Group","hd":false},{"ty":"st","c":{"a":0,"k":[0.811999990426,0.847000002394,0.862999949736,1],"ix":3},"o":{"a":0,"k":100,"ix":4},"w":{"a":0,"k":3.969,"ix":5},"lc":1,"lj":1,"ml":10,"bm":0,"nm":"Stroke 1","mn":"ADBE Vector Graphic - Stroke","hd":false},{"ty":"tr","p":{"a":0,"k":[223.744,630.645],"ix":2},"a":{"a":0,"k":[0,0],"ix":1},"s":{"a":0,"k":[100,100],"ix":3},"r":{"a":0,"k":0,"ix":6},"o":{"a":0,"k":100,"ix":7},"sk":{"a":0,"k":0,"ix":4},"sa":{"a":0,"k":0,"ix":5},"nm":"Transform"}],"nm":"Group 13","np":2,"cix":2,"bm":0,"ix":13,"mn":"ADBE Vector Group","hd":false},{"ty":"gr","it":[{"ind":0,"ty":"sh","ix":1,"ks":{"a":0,"k":{"i":[[-10.796,-10.478],[-3.017,-23.1],[15.32,-19.209],[1.35,-15.399],[-4.525,-6.827],[5.081,-4.684],[5.001,3.096],[3.889,4.524],[-4.525,72.712],[-15.161,4.366]],"o":[[17.464,16.987],[3.492,27.386],[-5.715,7.223],[-2.54,28.656],[4.525,6.826],[-3.731,3.413],[-5.001,-3.096],[-48.581,-55.963],[0.873,-13.892],[14.209,-4.207]],"v":[[26.513,-95.931],[60.726,-33.459],[37.15,37.586],[21.353,68.226],[42.786,110.06],[44.532,131.255],[29.371,130.778],[17.067,117.919],[-59.693,-55.923],[-23.338,-130.461]],"c":true},"ix":2},"nm":"Path 1","mn":"ADBE Vector Shape - Group","hd":false},{"ty":"fl","c":{"a":0,"k":[0.270999983245,0.352999997606,0.39199999641,1],"ix":4},"o":{"a":0,"k":100,"ix":5},"r":1,"bm":0,"nm":"Fill 1","mn":"ADBE Vector Graphic - Fill","hd":false},{"ty":"tr","p":{"a":0,"k":[77.248,700.341],"ix":2},"a":{"a":0,"k":[0,0],"ix":1},"s":{"a":0,"k":[100,100],"ix":3},"r":{"a":0,"k":0,"ix":6},"o":{"a":0,"k":100,"ix":7},"sk":{"a":0,"k":0,"ix":4},"sa":{"a":0,"k":0,"ix":5},"nm":"Transform"}],"nm":"Group 14","np":2,"cix":2,"bm":0,"ix":14,"mn":"ADBE Vector Group","hd":false},{"ty":"gr","it":[{"ind":0,"ty":"sh","ix":1,"ks":{"a":0,"k":{"i":[[157.966,135.264],[47.786,12.146],[-5.239,-10.32],[30.324,-34.054],[20.956,6.509],[5.398,1.906],[1.508,-15.876],[14.368,-5.795],[22.862,-17.543],[-31.196,-69.854],[-123.674,-18.893],[-27.465,61.281],[-14.13,5.874],[-0.158,6.668],[8.574,9.843],[-34.371,36.674],[-17.702,-16.67],[-4.049,1.667],[-0.477,0.238],[1.667,5.635],[-4.524,10.002]],"o":[[-149.869,-128.357],[-11.352,-2.857],[2.461,4.842],[-21.908,24.528],[-6.271,-1.984],[-5.398,-1.904],[-0.873,9.366],[-28.021,11.193],[-49.136,37.785],[31.197,69.854],[74.141,11.351],[9.049,-20.243],[5.318,-2.223],[0.159,-6.431],[-20.876,-23.973],[33.816,-36.038],[3.175,3.016],[0.476,-0.238],[5.397,-2.223],[-3.254,-11.352],[13.098,-29.052]],"v":[[196.227,-220.041],[-63.583,-197.021],[-76.84,-177.731],[-87.477,-111.449],[-152.965,-87],[-170.667,-95.177],[-184.32,-79.459],[-204.324,-57.55],[-280.37,-18.337],[-322.997,146.297],[-84.222,337.047],[63.742,249.015],[99.463,198.768],[110.417,187.893],[91.842,167.968],[89.461,77.713],[180.034,57.63],[191.782,60.091],[193.211,59.455],[199.402,45.644],[202.974,14.447]],"c":true},"ix":2},"nm":"Path 1","mn":"ADBE Vector Shape - Group","hd":false},{"ty":"fl","c":{"a":0,"k":[1,0.438999998803,0.263000009574,1],"ix":4},"o":{"a":0,"k":100,"ix":5},"r":1,"bm":0,"nm":"Fill 1","mn":"ADBE Vector Graphic - Fill","hd":false},{"ty":"tr","p":{"a":0,"k":[354.443,575.119],"ix":2},"a":{"a":0,"k":[0,0],"ix":1},"s":{"a":0,"k":[100,100],"ix":3},"r":{"a":0,"k":0,"ix":6},"o":{"a":0,"k":100,"ix":7},"sk":{"a":0,"k":0,"ix":4},"sa":{"a":0,"k":0,"ix":5},"nm":"Transform"}],"nm":"Group 15","np":2,"cix":2,"bm":0,"ix":15,"mn":"ADBE Vector Group","hd":false},{"ty":"gr","it":[{"ind":0,"ty":"sh","ix":1,"ks":{"a":0,"k":{"i":[[0,0],[0,0]],"o":[[0,0],[0,0]],"v":[[118.475,-121.015],[-118.474,121.015]],"c":false},"ix":2},"nm":"Path 1","mn":"ADBE Vector Shape - Group","hd":false},{"ty":"st","c":{"a":0,"k":[1,0.438999998803,0.263000009574,1],"ix":3},"o":{"a":0,"k":100,"ix":4},"w":{"a":0,"k":19.977,"ix":5},"lc":1,"lj":1,"ml":10,"bm":0,"nm":"Stroke 1","mn":"ADBE Vector Graphic - Stroke","hd":false},{"ty":"tr","p":{"a":0,"k":[661.603,302.648],"ix":2},"a":{"a":0,"k":[0,0],"ix":1},"s":{"a":0,"k":[100,100],"ix":3},"r":{"a":0,"k":0,"ix":6},"o":{"a":0,"k":100,"ix":7},"sk":{"a":0,"k":0,"ix":4},"sa":{"a":0,"k":0,"ix":5},"nm":"Transform"}],"nm":"Group 16","np":2,"cix":2,"bm":0,"ix":16,"mn":"ADBE Vector Group","hd":false},{"ty":"gr","it":[{"ind":0,"ty":"sh","ix":1,"ks":{"a":0,"k":{"i":[[136.692,132.167],[2.382,2.144],[0,0],[-80.729,-11.828],[-27.545,60.885],[-13.971,5.954],[2.143,7.223],[4.684,4.366],[0.873,1.111],[-34.53,36.833],[-17.384,-16.352],[-3.969,1.666],[-0.556,0.16],[1.509,5.557],[-4.524,9.844]],"o":[[-2.381,-2.302],[0,0],[42.469,51.041],[73.268,10.716],[9.129,-20.162],[5.239,-2.222],[-0.953,-3.255],[-3.731,-3.493],[-23.894,-30.006],[33.657,-35.959],[3.175,2.938],[0.556,-0.238],[5.318,-2.222],[-3.175,-11.192],[13.415,-29.053]],"v":[[165.467,-278.742],[158.403,-285.172],[-302.159,163.721],[-115.617,274.456],[31.315,186.344],[70.211,133.635],[80.372,120.459],[71.878,111.965],[63.385,102.202],[57.591,16.789],[147.289,-3.692],[158.799,-1.309],[160.388,-1.945],[166.578,-15.599],[170.31,-46.477]],"c":true},"ix":2},"nm":"Path 1","mn":"ADBE Vector Shape - Group","hd":false},{"ty":"fl","c":{"a":0,"k":[0.651000019148,0.372999991623,0.243000000598,1],"ix":4},"o":{"a":0,"k":100,"ix":5},"r":1,"bm":0,"nm":"Fill 1","mn":"ADBE Vector Graphic - Fill","hd":false},{"ty":"tr","p":{"a":0,"k":[413.779,665.175],"ix":2},"a":{"a":0,"k":[0,0],"ix":1},"s":{"a":0,"k":[100,100],"ix":3},"r":{"a":0,"k":0,"ix":6},"o":{"a":0,"k":100,"ix":7},"sk":{"a":0,"k":0,"ix":4},"sa":{"a":0,"k":0,"ix":5},"nm":"Transform"}],"nm":"Group 17","np":2,"cix":2,"bm":0,"ix":17,"mn":"ADBE Vector Group","hd":false},{"ty":"gr","it":[{"ind":0,"ty":"sh","ix":1,"ks":{"a":0,"k":{"i":[[-12.28,10.054],[-7.804,-9.533],[12.281,-10.054],[7.804,9.533]],"o":[[12.28,-10.054],[7.804,9.533],[-12.28,10.054],[-7.804,-9.532]],"v":[[-14.13,-17.26],[22.235,-18.204],[14.13,17.26],[-22.236,18.204]],"c":true},"ix":2},"nm":"Path 1","mn":"ADBE Vector Shape - Group","hd":false},{"ty":"fl","c":{"a":0,"k":[0.270999983245,0.352999997606,0.39199999641,1],"ix":4},"o":{"a":0,"k":100,"ix":5},"r":1,"bm":0,"nm":"Fill 1","mn":"ADBE Vector Graphic - Fill","hd":false},{"ty":"tr","p":{"a":0,"k":[761.269,95.562],"ix":2},"a":{"a":0,"k":[0,0],"ix":1},"s":{"a":0,"k":[100,100],"ix":3},"r":{"a":0,"k":0,"ix":6},"o":{"a":0,"k":100,"ix":7},"sk":{"a":0,"k":0,"ix":4},"sa":{"a":0,"k":0,"ix":5},"nm":"Transform"}],"nm":"Group 18","np":2,"cix":2,"bm":0,"ix":18,"mn":"ADBE Vector Group","hd":false},{"ty":"gr","it":[{"ind":0,"ty":"sh","ix":1,"ks":{"a":0,"k":{"i":[[1.984,0.159],[4.048,-1.905],[3.89,4.683],[-12.304,10.081],[-7.779,-9.525],[0.397,-5.08],[-1.27,-2.381],[-5.081,-4.287],[2.54,1.111]],"o":[[-4.604,-0.397],[-11.034,5.239],[-7.779,-9.526],[12.304,-10.081],[3.255,3.969],[-0.238,2.461],[1.111,2.064],[2.143,1.825],[-10.955,-5.001]],"v":[[9.922,19.289],[-3.334,22.147],[-26.355,18.575],[-18.258,-16.908],[18.098,-17.861],[22.146,-3.572],[22.067,2.857],[31.99,11.828],[24.29,24.846]],"c":true},"ix":2},"nm":"Path 1","mn":"ADBE Vector Shape - Group","hd":false},{"ty":"fl","c":{"a":0,"k":[0.270999983245,0.352999997606,0.39199999641,1],"ix":4},"o":{"a":0,"k":100,"ix":5},"r":1,"bm":0,"nm":"Fill 1","mn":"ADBE Vector Graphic - Fill","hd":false},{"ty":"tr","p":{"a":0,"k":[692.046,135.355],"ix":2},"a":{"a":0,"k":[0,0],"ix":1},"s":{"a":0,"k":[100,100],"ix":3},"r":{"a":0,"k":0,"ix":6},"o":{"a":0,"k":100,"ix":7},"sk":{"a":0,"k":0,"ix":4},"sa":{"a":0,"k":0,"ix":5},"nm":"Transform"}],"nm":"Group 19","np":2,"cix":2,"bm":0,"ix":19,"mn":"ADBE Vector Group","hd":false}],"ip":0,"op":420,"st":0,"bm":0}],"markers":[{"tm":400,"cm":"Rest","dr":0}]}