{"v":"5.8.1","fr":60,"ip":0,"op":100,"w":1024,"h":1024,"nm":"emoji_cool-button","ddd":0,"assets":[],"layers":[{"ddd":0,"ind":1,"ty":3,"nm":"Null depth","sr":1,"ks":{"o":{"a":0,"k":0,"ix":11},"r":{"a":0,"k":0,"ix":10},"p":{"a":1,"k":[{"i":{"x":0.833,"y":0.833},"o":{"x":0.297,"y":0},"t":19,"s":[512,512,0],"to":[0,0,0],"ti":[0,0,0]},{"i":{"x":0.833,"y":0.833},"o":{"x":0.167,"y":0.167},"t":23,"s":[517.624,517.072,0],"to":[0,0,0],"ti":[0,0,0]},{"i":{"x":0,"y":1},"o":{"x":0.167,"y":0.167},"t":25,"s":[550,542,0],"to":[0,0,0],"ti":[0,0,0]},{"i":{"x":0.667,"y":0.667},"o":{"x":0.333,"y":0.333},"t":41,"s":[556,546,0],"to":[0,0,0],"ti":[0,0,0]},{"i":{"x":0,"y":1},"o":{"x":0.333,"y":0},"t":66,"s":[556,546,0],"to":[0,0,0],"ti":[0,0,0]},{"i":{"x":0.667,"y":1},"o":{"x":0.75,"y":0},"t":72,"s":[492,498,0],"to":[0,0,0],"ti":[0,0,0]},{"t":84,"s":[512,512,0]}],"ix":2,"l":2},"a":{"a":0,"k":[0,0,0],"ix":1,"l":2},"s":{"a":0,"k":[100,100,100],"ix":6,"l":2}},"ao":0,"ip":0,"op":100,"st":0,"bm":0},{"ddd":0,"ind":2,"ty":4,"nm":"txt ","parent":1,"sr":1,"ks":{"o":{"a":0,"k":100,"ix":11},"r":{"a":0,"k":0,"ix":10},"p":{"a":0,"k":[-23.12,1.64,0],"ix":2,"l":2},"a":{"a":0,"k":[416.889,130.53,0],"ix":1,"l":2},"s":{"a":0,"k":[100,100,100],"ix":6,"l":2}},"ao":0,"shapes":[{"ty":"gr","it":[{"ind":0,"ty":"sh","ix":1,"ks":{"a":0,"k":{"i":[[0,0],[0,0],[0,0],[0,0],[0,0],[0,0]],"o":[[0,0],[0,0],[0,0],[0,0],[0,0],[0,0]],"v":[[-74.24,126.52],[-74.24,-126.52],[-20.56,-126.52],[-20.56,82.201],[74.24,82.201],[74.24,126.52]],"c":true},"ix":2},"nm":"Path 1","mn":"ADBE Vector Shape - Group","hd":false},{"ty":"fl","c":{"a":0,"k":[0.980000035903,0.980000035903,0.980000035903,1],"ix":4},"o":{"a":0,"k":100,"ix":5},"r":1,"bm":0,"nm":"Fill 1","mn":"ADBE Vector Graphic - Fill","hd":false},{"ty":"tr","p":{"a":0,"k":[759.289,130.85],"ix":2},"a":{"a":0,"k":[0,0],"ix":1},"s":{"a":0,"k":[100,100],"ix":3},"r":{"a":0,"k":0,"ix":6},"o":{"a":0,"k":100,"ix":7},"sk":{"a":0,"k":0,"ix":4},"sa":{"a":0,"k":0,"ix":5},"nm":"Transform"}],"nm":"Group 1","np":2,"cix":2,"bm":0,"ix":1,"mn":"ADBE Vector Group","hd":false},{"ty":"gr","it":[{"ind":0,"ty":"sh","ix":1,"ks":{"a":0,"k":{"i":[[0,-28.32],[-9.681,-14.24],[-19.28,0],[0,56.881],[38.48,0],[9.759,-14.319]],"o":[[0,28.24],[9.679,14.319],[38.721,0],[0,-57.04],[-19.28,0],[-9.761,14.48]],"v":[[-58,-0.04],[-43.439,63.801],[0,85.24],[58,-0.12],[0.32,-85.64],[-43.279,-64.12]],"c":true},"ix":2},"nm":"Path 1","mn":"ADBE Vector Shape - Group","hd":false},{"ind":1,"ty":"sh","ix":2,"ks":{"a":0,"k":{"i":[[0,-42],[18.801,-22.481],[35.04,0],[18.8,22.479],[0,42.16],[-18.799,22.16],[-35.2,0],[-18.64,-22.4]],"o":[[0,41.92],[-18.8,22.479],[-35.04,0],[-18.8,-22.481],[0,-42.08],[18.8,-22.24],[35.201,0],[18.641,22.4]],"v":[[108.88,-0.04],[80.72,96.521],[0,130.28],[-80.72,96.521],[-108.88,-0.439],[-80.64,-96.92],[0.32,-130.28],[80.96,-96.68]],"c":true},"ix":2},"nm":"Path 2","mn":"ADBE Vector Shape - Group","hd":false},{"ty":"mm","mm":1,"nm":"Merge Paths 1","mn":"ADBE Vector Filter - Merge","hd":false},{"ty":"fl","c":{"a":0,"k":[0.980000035903,0.980000035903,0.980000035903,1],"ix":4},"o":{"a":0,"k":100,"ix":5},"r":1,"bm":0,"nm":"Fill 1","mn":"ADBE Vector Graphic - Fill","hd":false},{"ty":"tr","p":{"a":0,"k":[547.85,130.53],"ix":2},"a":{"a":0,"k":[0,0],"ix":1},"s":{"a":0,"k":[100,100],"ix":3},"r":{"a":0,"k":0,"ix":6},"o":{"a":0,"k":100,"ix":7},"sk":{"a":0,"k":0,"ix":4},"sa":{"a":0,"k":0,"ix":5},"nm":"Transform"}],"nm":"Group 2","np":6,"cix":2,"bm":0,"ix":2,"mn":"ADBE Vector Group","hd":false},{"ty":"gr","it":[{"ind":0,"ty":"sh","ix":1,"ks":{"a":0,"k":{"i":[[0,-28.32],[-9.68,-14.24],[-19.28,0],[0,56.881],[38.48,0],[9.76,-14.319]],"o":[[0,28.24],[9.68,14.239],[38.72,0],[0,-57.04],[-19.28,0],[-9.84,14.48]],"v":[[-58,-0.04],[-43.44,63.801],[0,85.24],[58,-0.12],[0.32,-85.64],[-43.28,-64.12]],"c":true},"ix":2},"nm":"Path 1","mn":"ADBE Vector Shape - Group","hd":false},{"ind":1,"ty":"sh","ix":2,"ks":{"a":0,"k":{"i":[[0,-42],[18.8,-22.481],[35.04,0],[18.8,22.479],[0,42.16],[-18.8,22.16],[-35.2,0],[-18.64,-22.4]],"o":[[0,41.92],[-18.8,22.479],[-35.04,0],[-18.8,-22.481],[0,-42.08],[18.8,-22.24],[35.2,0],[18.64,22.4]],"v":[[108.88,-0.04],[80.72,96.521],[0,130.28],[-80.72,96.521],[-108.88,-0.439],[-80.64,-96.92],[0.32,-130.28],[80.96,-96.68]],"c":true},"ix":2},"nm":"Path 2","mn":"ADBE Vector Shape - Group","hd":false},{"ty":"mm","mm":1,"nm":"Merge Paths 1","mn":"ADBE Vector Filter - Merge","hd":false},{"ty":"fl","c":{"a":0,"k":[0.980000035903,0.980000035903,0.980000035903,1],"ix":4},"o":{"a":0,"k":100,"ix":5},"r":1,"bm":0,"nm":"Fill 1","mn":"ADBE Vector Graphic - Fill","hd":false},{"ty":"tr","p":{"a":0,"k":[312.25,130.53],"ix":2},"a":{"a":0,"k":[0,0],"ix":1},"s":{"a":0,"k":[100,100],"ix":3},"r":{"a":0,"k":0,"ix":6},"o":{"a":0,"k":100,"ix":7},"sk":{"a":0,"k":0,"ix":4},"sa":{"a":0,"k":0,"ix":5},"nm":"Transform"}],"nm":"Group 3","np":6,"cix":2,"bm":0,"ix":3,"mn":"ADBE Vector Group","hd":false},{"ty":"gr","it":[{"ind":0,"ty":"sh","ix":1,"ks":{"a":0,"k":{"i":[[8.56,0],[10.32,-15.12],[0,-27.12],[-39.44,0],[-23.52,8.96],[0,0],[23.84,0],[18.16,22.32],[0,41.76],[-8.88,19.76],[-16.72,10.56],[-22.48,0],[-23.12,-11.92],[0,0],[8.88,3.36]],"o":[[-18.8,0],[-10.32,15.2],[0,56.4],[16.56,0],[0,0],[-19.36,8.64],[-34.24,0],[-18.16,-22.32],[0,-26.32],[8.88,-19.76],[16.72,-10.56],[22.88,0],[0,0],[-8.8,-4.48],[-8.88,-3.36]],"v":[[20.76,-85.36],[-22.92,-62.64],[-38.36,0.8],[20.76,85.44],[80.84,72.08],[80.84,117.12],[16.12,130.08],[-62.52,96.56],[-89.72,0.4],[-76.36,-68.72],[-37.96,-114.24],[20.76,-130.08],[89.72,-112.24],[73.64,-68.64],[47.08,-80.4]],"c":true},"ix":2},"nm":"Path 1","mn":"ADBE Vector Shape - Group","hd":false},{"ty":"fl","c":{"a":0,"k":[0.980000035903,0.980000035903,0.980000035903,1],"ix":4},"o":{"a":0,"k":100,"ix":5},"r":1,"bm":0,"nm":"Fill 1","mn":"ADBE Vector Graphic - Fill","hd":false},{"ty":"tr","p":{"a":0,"k":[89.97,130.65],"ix":2},"a":{"a":0,"k":[0,0],"ix":1},"s":{"a":0,"k":[100,100],"ix":3},"r":{"a":0,"k":0,"ix":6},"o":{"a":0,"k":100,"ix":7},"sk":{"a":0,"k":0,"ix":4},"sa":{"a":0,"k":0,"ix":5},"nm":"Transform"}],"nm":"Group 4","np":2,"cix":2,"bm":0,"ix":4,"mn":"ADBE Vector Group","hd":false}],"ip":0,"op":100,"st":0,"bm":0},{"ddd":0,"ind":3,"ty":4,"nm":"shine 2","parent":1,"sr":1,"ks":{"o":{"a":0,"k":50,"ix":11},"r":{"a":0,"k":0,"ix":10},"p":{"a":0,"k":[-304.8,-316.262,0],"ix":2,"l":2},"a":{"a":0,"k":[110.4,114.662,0],"ix":1,"l":2},"s":{"a":0,"k":[100,100,100],"ix":6,"l":2}},"ao":0,"shapes":[{"ty":"gr","it":[{"ind":0,"ty":"sh","ix":1,"ks":{"a":1,"k":[{"i":{"x":0,"y":1},"o":{"x":0.167,"y":0.167},"t":25,"s":[{"i":[[0.952,-50.613],[-42.998,-0.278],[-66.27,25.128],[-41.77,12.592],[-4.032,108.786],[71.551,-1.254],[68.99,-2.667],[47.129,-25.057],[0.983,-61.742]],"o":[[-1.76,93.592],[39.896,0.258],[83.23,-31.559],[39.303,-11.848],[3.23,-87.142],[-90.8,1.592],[-68.99,2.667],[-46.88,24.925],[-0.553,34.765]],"v":[[-125.44,456.671],[-87.096,580.004],[161.57,405.822],[617.57,263.671],[695.57,29.404],[633.6,-99.329],[66.56,-99.583],[-38.32,-20.662],[-117.565,102.004]],"c":true}]},{"i":{"x":0.667,"y":1},"o":{"x":0.167,"y":0},"t":41,"s":[{"i":[[0.952,-50.613],[-42.998,-0.278],[-70.085,10.55],[-41.77,12.592],[-0.77,174.858],[71.363,5.333],[68.989,-2.667],[75.443,-58.667],[2.667,-34.667]],"o":[[-1.76,93.592],[39.896,0.258],[70.085,-10.55],[39.303,-11.848],[0.573,-130.093],[-71.363,-5.333],[-68.99,2.667],[-75.443,58.667],[-2.667,34.667]],"v":[[-117.44,548.671],[-75.096,672.004],[175.57,445.822],[657.57,353.671],[695.57,121.404],[629.6,-91.329],[244.56,-91.329],[85.68,95.338],[-110.183,138.004]],"c":true}]},{"i":{"x":0.833,"y":0.833},"o":{"x":0.333,"y":0},"t":66,"s":[{"i":[[0.952,-50.613],[-42.998,-0.278],[-70.085,10.55],[-41.77,12.592],[-0.77,174.858],[71.363,5.333],[68.989,-2.667],[75.443,-58.667],[2.667,-34.667]],"o":[[-1.76,93.592],[39.896,0.258],[70.085,-10.55],[39.303,-11.848],[0.573,-130.093],[-71.363,-5.333],[-68.99,2.667],[-75.443,58.667],[-2.667,34.667]],"v":[[-117.44,548.671],[-75.096,672.004],[175.57,445.822],[657.57,353.671],[695.57,121.404],[629.6,-91.329],[244.56,-91.329],[85.68,95.338],[-110.183,138.004]],"c":true}]},{"t":68,"s":[{"i":[[0.952,-50.613],[-42.998,-0.278],[-66.27,25.128],[-41.77,12.592],[-4.032,108.786],[71.551,-1.254],[68.99,-2.667],[47.129,-25.057],[0.983,-61.742]],"o":[[-1.76,93.592],[39.896,0.258],[83.23,-31.559],[39.303,-11.848],[3.23,-87.142],[-90.8,1.592],[-68.99,2.667],[-46.88,24.925],[-0.553,34.765]],"v":[[-125.44,456.671],[-87.096,580.004],[161.57,405.822],[617.57,263.671],[695.57,29.404],[633.6,-99.329],[66.56,-99.583],[-38.32,-20.662],[-117.565,102.004]],"c":true}]}],"ix":2},"nm":"Path 1","mn":"ADBE Vector Shape - Group","hd":false},{"ty":"fl","c":{"a":0,"k":[0.705999995213,0.882000014361,0.929000016755,1],"ix":4},"o":{"a":0,"k":100,"ix":5},"r":1,"bm":0,"nm":"Fill 1","mn":"ADBE Vector Graphic - Fill","hd":false},{"ty":"tr","p":{"a":0,"k":[110.4,114.663],"ix":2},"a":{"a":0,"k":[0,0],"ix":1},"s":{"a":0,"k":[100,100],"ix":3},"r":{"a":0,"k":0,"ix":6},"o":{"a":0,"k":100,"ix":7},"sk":{"a":0,"k":0,"ix":4},"sa":{"a":0,"k":0,"ix":5},"nm":"Transform"}],"nm":"Group 1","np":2,"cix":2,"bm":0,"ix":1,"mn":"ADBE Vector Group","hd":false}],"ip":25,"op":68,"st":0,"bm":0},{"ddd":0,"ind":4,"ty":4,"nm":"shine ","parent":1,"sr":1,"ks":{"o":{"a":1,"k":[{"t":0,"s":[50],"h":1},{"t":25,"s":[0],"h":1},{"t":68,"s":[50],"h":1}],"ix":11},"r":{"a":0,"k":0,"ix":10},"p":{"a":0,"k":[-304.8,-316.262,0],"ix":2,"l":2},"a":{"a":0,"k":[110.4,114.662,0],"ix":1,"l":2},"s":{"a":0,"k":[100,100,100],"ix":6,"l":2}},"ao":0,"shapes":[{"ty":"gr","it":[{"ind":0,"ty":"sh","ix":1,"ks":{"a":1,"k":[{"i":{"x":0.833,"y":0.833},"o":{"x":1,"y":0},"t":19,"s":[{"i":[[0,24],[73.6,-2.4],[18.4,-22.4],[0.8,-54.4],[-20,0],[-22.4,35.2]],"o":[[0,-18.4],[-61.6,2.4],[-18.4,22.4],[0,38.4],[27.2,0],[43.2,-69.6]],"v":[[110.4,-92.537],[24,-114.137],[-86.4,-82.137],[-110.4,40.263],[-90.4,114.663],[-40.8,16.263]],"c":true}]},{"i":{"x":0.833,"y":0.833},"o":{"x":0.167,"y":0.167},"t":23,"s":[{"i":[[10.122,21.908],[73.627,-2.046],[16.518,-28.544],[0.603,-53.491],[-28.246,13.972],[-29.131,33.702]],"o":[[-10.122,-16.877],[-65.09,2.013],[-16.518,28.791],[0.115,39.117],[34.714,-13.972],[47.817,-64.606]],"v":[[156.89,-93.485],[20.843,-112.89],[-89.498,-71.394],[-110.828,70.97],[-83.162,137.809],[-12.162,22.042]],"c":true}]},{"i":{"x":0.833,"y":0.833},"o":{"x":0.167,"y":0.167},"t":24,"s":[{"i":[[99.613,3.409],[73.864,1.083],[-0.121,-82.861],[-1.136,-45.454],[-101.149,137.5],[-88.636,20.454]],"o":[[-99.613,-3.409],[-95.945,-1.407],[0.124,85.297],[1.136,45.455],[101.149,-137.5],[88.636,-20.455]],"v":[[567.908,-101.867],[-7.068,-101.867],[-116.892,23.587],[-114.613,342.451],[-19.172,342.451],[241.023,73.133]],"c":true}]},{"i":{"x":0.833,"y":0.833},"o":{"x":0.167,"y":0.167},"t":25,"s":[{"i":[[99.613,3.409],[73.864,1.083],[-0.121,-82.861],[-1.136,-45.454],[-101.149,137.5],[-134.035,113.593]],"o":[[-99.613,-3.409],[-95.945,-1.407],[0.124,85.297],[1.136,45.455],[101.149,-137.5],[69.396,-58.813]],"v":[[643.908,-101.123],[-7.068,-101.867],[-116.892,23.587],[-114.613,542.451],[-19.172,542.451],[299.023,209.133]],"c":true}]},{"i":{"x":0.25,"y":1},"o":{"x":0.167,"y":0.167},"t":68,"s":[{"i":[[0,24],[73.6,-2.4],[18.4,-22.4],[0.8,-54.4],[-20,0],[-22.4,35.2]],"o":[[0,-18.4],[-61.6,2.4],[-18.4,22.4],[0,38.4],[27.2,0],[43.2,-69.6]],"v":[[110.4,-92.537],[24,-114.137],[-86.4,-82.137],[-110.4,40.263],[-90.4,114.663],[-40.8,16.263]],"c":true}]},{"i":{"x":0.667,"y":1},"o":{"x":0.75,"y":0},"t":72,"s":[{"i":[[0,15.241],[51.626,-1.524],[12.907,-14.225],[0.561,-34.546],[-14.029,0],[-15.712,22.353]],"o":[[0,-11.685],[-43.209,1.524],[-12.907,14.225],[0,24.385],[19.08,0],[30.303,-44.199]],"v":[[31.04,-80.832],[-29.565,-94.548],[-107.005,-74.227],[-123.84,3.501],[-109.811,50.748],[-75.019,-11.74]],"c":true}]},{"t":84,"s":[{"i":[[0,24],[73.6,-2.4],[18.4,-22.4],[0.8,-54.4],[-20,0],[-22.4,35.2]],"o":[[0,-18.4],[-61.6,2.4],[-18.4,22.4],[0,38.4],[27.2,0],[43.2,-69.6]],"v":[[110.4,-92.537],[24,-114.137],[-86.4,-82.137],[-110.4,40.263],[-90.4,114.663],[-40.8,16.263]],"c":true}]}],"ix":2},"nm":"Path 1","mn":"ADBE Vector Shape - Group","hd":false},{"ty":"fl","c":{"a":0,"k":[0.705999995213,0.882000014361,0.929000016755,1],"ix":4},"o":{"a":0,"k":100,"ix":5},"r":1,"bm":0,"nm":"Fill 1","mn":"ADBE Vector Graphic - Fill","hd":false},{"ty":"tr","p":{"a":0,"k":[110.4,114.663],"ix":2},"a":{"a":0,"k":[0,0],"ix":1},"s":{"a":0,"k":[100,100],"ix":3},"r":{"a":0,"k":0,"ix":6},"o":{"a":0,"k":100,"ix":7},"sk":{"a":0,"k":0,"ix":4},"sa":{"a":0,"k":0,"ix":5},"nm":"Transform"}],"nm":"Group 1","np":2,"cix":2,"bm":0,"ix":1,"mn":"ADBE Vector Group","hd":false}],"ip":0,"op":100,"st":0,"bm":0},{"ddd":0,"ind":5,"ty":4,"nm":"button ","sr":1,"ks":{"o":{"a":0,"k":100,"ix":11},"r":{"a":0,"k":0,"ix":10},"p":{"a":0,"k":[511.96,512,0],"ix":2,"l":2},"a":{"a":0,"k":[480.29,480.25,0],"ix":1,"l":2},"s":{"a":0,"k":[100,100,100],"ix":6,"l":2}},"ao":0,"shapes":[{"ty":"gr","it":[{"ind":0,"ty":"sh","ix":1,"ks":{"a":1,"k":[{"i":{"x":0.833,"y":0.833},"o":{"x":0.333,"y":0},"t":19,"s":[{"i":[[0,0],[0,0],[0.241,-33.04],[0,0],[-33.119,-0.08],[0,0],[0,0],[-0.08,33.12],[0,0],[0,0],[32.399,0.72]],"o":[[0,0],[-33.04,0.24],[0,0],[-0.08,33.12],[0,0],[0,0],[33.12,0.08],[0,0],[0,0],[0.72,-32.4],[0,0]],"v":[[392.88,-451.64],[-392.72,-451.64],[-452.72,-391.64],[-452.72,391.56],[-392.88,451.56],[-392.72,451.56],[392.08,451.56],[452.08,391.72],[452.08,391.56],[452.08,-391.64],[394.641,-451.64]],"c":true}]},{"i":{"x":0.833,"y":0.833},"o":{"x":0.167,"y":0.167},"t":23,"s":[{"i":[[0,0],[0,0],[0.241,-33.04],[0,0],[-33.119,-0.08],[0,0],[0,0],[-0.08,33.12],[0,0],[0,0],[32.399,0.72]],"o":[[0,0],[-33.04,0.24],[0,0],[-0.08,33.12],[0,0],[0,0],[33.12,0.08],[0,0],[0,0],[0.72,-32.4],[0,0]],"v":[[400.047,-444.246],[-385.553,-444.246],[-445.553,-384.246],[-445.553,398.954],[-385.713,458.954],[-385.553,458.954],[399.247,458.954],[459.247,399.114],[459.247,398.954],[459.247,-384.246],[401.808,-444.246]],"c":true}]},{"i":{"x":0,"y":1},"o":{"x":0.167,"y":0.167},"t":25,"s":[{"i":[[0,0],[0,0],[0.241,-33.04],[0,0],[-33.119,-0.08],[0,0],[0,0],[-0.08,33.12],[0,0],[0,0],[32.399,0.72]],"o":[[0,0],[-33.04,0.24],[0,0],[-0.08,33.12],[0,0],[0,0],[33.12,0.08],[0,0],[0,0],[0.72,-32.4],[0,0]],"v":[[439.78,-403.254],[-345.819,-403.254],[-405.819,-343.254],[-405.819,439.946],[-345.98,499.946],[-345.819,499.946],[438.98,499.946],[498.98,440.106],[498.98,439.946],[498.98,-343.254],[441.541,-403.254]],"c":true}]},{"i":{"x":0.667,"y":1},"o":{"x":0.167,"y":0},"t":41,"s":[{"i":[[0,0],[0,0],[0.241,-33.04],[0,0],[-33.119,-0.08],[0,0],[0,0],[-0.08,33.12],[0,0],[0,0],[32.399,0.72]],"o":[[0,0],[-33.04,0.24],[0,0],[-0.08,33.12],[0,0],[0,0],[33.12,0.08],[0,0],[0,0],[0.72,-32.4],[0,0]],"v":[[448.13,-394.64],[-337.47,-394.64],[-397.47,-334.64],[-397.47,448.56],[-337.63,508.56],[-337.47,508.56],[447.33,508.56],[507.33,448.72],[507.33,448.56],[507.33,-334.64],[449.891,-394.64]],"c":true}]},{"i":{"x":0,"y":1},"o":{"x":0.333,"y":0},"t":66,"s":[{"i":[[0,0],[0,0],[0.241,-33.04],[0,0],[-33.119,-0.08],[0,0],[0,0],[-0.08,33.12],[0,0],[0,0],[32.399,0.72]],"o":[[0,0],[-33.04,0.24],[0,0],[-0.08,33.12],[0,0],[0,0],[33.12,0.08],[0,0],[0,0],[0.72,-32.4],[0,0]],"v":[[448.13,-394.64],[-337.47,-394.64],[-397.47,-334.64],[-397.47,448.56],[-337.63,508.56],[-337.47,508.56],[447.33,508.56],[507.33,448.72],[507.33,448.56],[507.33,-334.64],[449.891,-394.64]],"c":true}]},{"i":{"x":0.667,"y":1},"o":{"x":0.75,"y":0},"t":72,"s":[{"i":[[0,0],[0,0],[0.241,-33.04],[0,0],[-33.119,-0.08],[0,0],[0,0],[-0.08,33.12],[0,0],[0,0],[32.399,0.72]],"o":[[0,0],[-33.04,0.24],[0,0],[-0.08,33.12],[0,0],[0,0],[33.12,0.08],[0,0],[0,0],[0.72,-32.4],[0,0]],"v":[[372.88,-461.64],[-412.72,-461.64],[-472.72,-401.64],[-472.72,381.56],[-412.88,441.56],[-412.72,441.56],[372.08,441.56],[432.08,371.72],[432.08,371.56],[432.08,-401.64],[374.641,-461.64]],"c":true}]},{"t":84,"s":[{"i":[[0,0],[0,0],[0.241,-33.04],[0,0],[-33.119,-0.08],[0,0],[0,0],[-0.08,33.12],[0,0],[0,0],[32.399,0.72]],"o":[[0,0],[-33.04,0.24],[0,0],[-0.08,33.12],[0,0],[0,0],[33.12,0.08],[0,0],[0,0],[0.72,-32.4],[0,0]],"v":[[392.88,-451.64],[-392.72,-451.64],[-452.72,-391.64],[-452.72,391.56],[-392.88,451.56],[-392.72,451.56],[392.08,451.56],[452.08,391.72],[452.08,391.56],[452.08,-391.64],[394.641,-451.64]],"c":true}]}],"ix":2},"nm":"Path 1","mn":"ADBE Vector Shape - Group","hd":false},{"ty":"fl","c":{"a":0,"k":[0.54900004069,0.685999971278,0.74900004069,1],"ix":4},"o":{"a":0,"k":100,"ix":5},"r":1,"bm":0,"nm":"Fill 1","mn":"ADBE Vector Graphic - Fill","hd":false},{"ty":"tr","p":{"a":0,"k":[453.05,451.89],"ix":2},"a":{"a":0,"k":[0,0],"ix":1},"s":{"a":0,"k":[100,100],"ix":3},"r":{"a":0,"k":0,"ix":6},"o":{"a":0,"k":100,"ix":7},"sk":{"a":0,"k":0,"ix":4},"sa":{"a":0,"k":0,"ix":5},"nm":"Transform"}],"nm":"Group 1","np":2,"cix":2,"bm":0,"ix":1,"mn":"ADBE Vector Group","hd":false},{"ty":"gr","it":[{"ind":0,"ty":"sh","ix":1,"ks":{"a":1,"k":[{"i":{"x":0.833,"y":0.833},"o":{"x":0.333,"y":0},"t":19,"s":[{"i":[[35.36,0],[0,0],[0,-35.36],[0,0],[-35.36,0],[0,0],[0,35.36],[0,0]],"o":[[0,0],[-35.36,0],[0,0],[0,35.36],[0,0],[35.36,0],[0,0],[0,-35.36]],"v":[[416,-480],[-416,-480],[-480,-416],[-480,416],[-416,480],[416,480],[480,416],[480,-416]],"c":true}]},{"i":{"x":0.833,"y":0.833},"o":{"x":0.167,"y":0.167},"t":23,"s":[{"i":[[35.36,0],[0,0],[0,-35.36],[0,0],[-35.36,0],[0,0],[0,35.36],[0,0]],"o":[[0,0],[-35.36,0],[0,0],[0,35.36],[0,0],[35.36,0],[0,0],[0,-35.36]],"v":[[416,-472.573],[-408.833,-472.573],[-472.833,-408.573],[-472.833,416],[-408.833,480],[416,480],[480,416],[480,-408.573]],"c":true}]},{"i":{"x":0,"y":1},"o":{"x":0.167,"y":0.167},"t":25,"s":[{"i":[[35.36,0],[0,0],[0,-35.36],[0,0],[-35.36,0],[0,0],[0,35.36],[0,0]],"o":[[0,0],[-35.36,0],[0,0],[0,35.36],[0,0],[35.36,0],[0,0],[0,-35.36]],"v":[[416,-431.402],[-369.1,-431.402],[-433.1,-367.402],[-433.1,416],[-369.1,480],[416,480],[480,416],[480,-367.402]],"c":true}]},{"i":{"x":0.667,"y":1},"o":{"x":0.167,"y":0},"t":41,"s":[{"i":[[35.36,0],[0,0],[0,-35.36],[0,0],[-35.36,0],[0,0],[0,35.36],[0,0]],"o":[[0,0],[-35.36,0],[0,0],[0,35.36],[0,0],[35.36,0],[0,0],[0,-35.36]],"v":[[416,-422.75],[-360.75,-422.75],[-424.75,-358.75],[-424.75,416],[-360.75,480],[416,480],[480,416],[480,-358.75]],"c":true}]},{"i":{"x":0,"y":1},"o":{"x":0.333,"y":0},"t":66,"s":[{"i":[[35.36,0],[0,0],[0,-35.36],[0,0],[-35.36,0],[0,0],[0,35.36],[0,0]],"o":[[0,0],[-35.36,0],[0,0],[0,35.36],[0,0],[35.36,0],[0,0],[0,-35.36]],"v":[[416,-422.75],[-360.75,-422.75],[-424.75,-358.75],[-424.75,416],[-360.75,480],[416,480],[480,416],[480,-358.75]],"c":true}]},{"i":{"x":0.667,"y":1},"o":{"x":0.75,"y":0},"t":72,"s":[{"i":[[35.36,0],[0,0],[0,-35.36],[0,0],[-35.36,0],[0,0],[0,35.36],[0,0]],"o":[[0,0],[-35.36,0],[0,0],[0,35.36],[0,0],[35.36,0],[0,0],[0,-35.36]],"v":[[416,-490],[-436,-490],[-500,-426],[-500,416],[-436,480],[416,480],[480,416],[480,-426]],"c":true}]},{"t":84,"s":[{"i":[[35.36,0],[0,0],[0,-35.36],[0,0],[-35.36,0],[0,0],[0,35.36],[0,0]],"o":[[0,0],[-35.36,0],[0,0],[0,35.36],[0,0],[35.36,0],[0,0],[0,-35.36]],"v":[[416,-480],[-416,-480],[-480,-416],[-480,416],[-416,480],[416,480],[480,416],[480,-416]],"c":true}]}],"ix":2},"nm":"Path 1","mn":"ADBE Vector Shape - Group","hd":false},{"ty":"fl","c":{"a":0,"k":[0.258999992819,0.463000009574,0.528999956916,1],"ix":4},"o":{"a":0,"k":100,"ix":5},"r":1,"bm":0,"nm":"Fill 1","mn":"ADBE Vector Graphic - Fill","hd":false},{"ty":"tr","p":{"a":0,"k":[480.33,480.25],"ix":2},"a":{"a":0,"k":[0,0],"ix":1},"s":{"a":0,"k":[100,100],"ix":3},"r":{"a":0,"k":0,"ix":6},"o":{"a":0,"k":100,"ix":7},"sk":{"a":0,"k":0,"ix":4},"sa":{"a":0,"k":0,"ix":5},"nm":"Transform"}],"nm":"Group 2","np":2,"cix":2,"bm":0,"ix":2,"mn":"ADBE Vector Group","hd":false}],"ip":0,"op":100,"st":0,"bm":0}],"markers":[{"tm":86,"cm":"rest","dr":0}]}