{"v":"5.8.1","fr":60,"ip":0,"op":122,"w":1024,"h":1024,"nm":"emoji_Mechanical arm","ddd":0,"assets":[{"id":"comp_0","nm":"Mechanical arm","fr":60,"layers":[{"ddd":0,"ind":1,"ty":4,"nm":"shadow","parent":5,"sr":1,"ks":{"o":{"a":0,"k":100,"ix":11},"r":{"a":0,"k":0,"ix":10},"p":{"a":0,"k":[-80.38,139.796,0],"ix":2,"l":2},"a":{"a":0,"k":[127.58,194.027,0],"ix":1,"l":2},"s":{"a":0,"k":[100,100,100],"ix":6,"l":2}},"ao":0,"shapes":[{"ty":"gr","it":[{"ind":0,"ty":"sh","ix":1,"ks":{"a":1,"k":[{"i":{"x":0,"y":1},"o":{"x":0.333,"y":0},"t":30,"s":[{"i":[[-0.953,127.484],[0.953,18.813],[0.656,2.714],[0,0],[-4.286,-61.996],[0.477,-33.657],[-45.72,0.575],[5.294,1.043]],"o":[[0.238,-31.91],[-2.857,-56.36],[-34.314,-0.546],[0,0],[1.429,20.559],[-3.222,236.6],[-5.303,-0.646],[-114.069,-22.464]],"v":[[-62.095,-56.039],[-63.366,-131.211],[-72.464,-193.231],[-127.33,-188.206],[-84.163,-116.367],[-82.655,-56.832],[127.33,193.203],[111.429,190.673]],"c":true}]},{"i":{"x":0.667,"y":1},"o":{"x":1,"y":0},"t":46,"s":[{"i":[[-0.953,127.484],[-0.943,18.814],[0.656,2.714],[0,0],[-0.755,-37.216],[-3.524,-33.475],[-45.72,0.575],[5.294,1.043]],"o":[[0.238,-31.91],[1.42,-28.324],[-22.775,-1.488],[0,0],[0.418,20.604],[19.995,189.95],[-5.303,-0.646],[-114.069,-22.464]],"v":[[-62.095,-56.039],[-58.596,-124.541],[-66.277,-155.493],[-94.487,-90],[-82.102,-60.762],[-80.867,-7.74],[127.33,193.202],[111.429,190.673]],"c":true}]},{"i":{"x":0.833,"y":1},"o":{"x":0.513,"y":0},"t":68,"s":[{"i":[[-0.953,127.484],[0.953,18.813],[0.656,2.714],[0,0],[-4.286,-61.996],[0.477,-33.657],[-45.72,0.575],[5.294,1.043]],"o":[[0.238,-31.91],[-2.857,-56.36],[-46.222,-1.923],[0,0],[1.429,20.559],[-3.222,236.6],[-5.303,-0.646],[-114.069,-22.464]],"v":[[-62.095,-56.039],[-63.366,-131.211],[-57.464,-208.606],[-127.33,-203.206],[-84.163,-116.367],[-82.655,-56.832],[127.33,193.203],[111.429,190.673]],"c":true}]},{"i":{"x":0.833,"y":1},"o":{"x":0.167,"y":0},"t":78,"s":[{"i":[[-0.953,127.484],[0.953,18.813],[0.656,2.714],[0,0],[-4.286,-61.996],[0.477,-33.657],[-45.72,0.575],[5.294,1.043]],"o":[[0.238,-31.91],[-2.857,-56.36],[-34.314,-0.546],[0,0],[1.429,20.559],[-3.222,236.6],[-5.303,-0.646],[-114.069,-22.464]],"v":[[-62.095,-56.039],[-63.366,-131.211],[-72.482,-189.232],[-127.362,-181.207],[-84.163,-116.367],[-82.655,-56.832],[127.33,193.202],[111.429,190.673]],"c":true}]},{"t":90,"s":[{"i":[[-0.953,127.484],[0.953,18.813],[0.656,2.714],[0,0],[-4.286,-61.996],[0.477,-33.657],[-45.72,0.575],[5.294,1.043]],"o":[[0.238,-31.91],[-2.857,-56.36],[-34.314,-0.546],[0,0],[1.429,20.559],[-3.222,236.6],[-5.303,-0.646],[-114.069,-22.464]],"v":[[-62.095,-56.039],[-63.366,-131.211],[-72.464,-193.231],[-127.33,-188.206],[-84.163,-116.367],[-82.655,-56.832],[127.33,193.203],[111.429,190.673]],"c":true}]}],"ix":2},"nm":"Path 1","mn":"ADBE Vector Shape - Group","hd":false},{"ty":"fl","c":{"a":0,"k":[0.275,0.419999994016,0.490000017952,1],"ix":4},"o":{"a":0,"k":100,"ix":5},"r":1,"bm":0,"nm":"Fill 1","mn":"ADBE Vector Graphic - Fill","hd":false},{"ty":"tr","p":{"a":0,"k":[127.58,194.027],"ix":2},"a":{"a":0,"k":[0,0],"ix":1},"s":{"a":0,"k":[100,100],"ix":3},"r":{"a":0,"k":0,"ix":6},"o":{"a":0,"k":100,"ix":7},"sk":{"a":0,"k":0,"ix":4},"sa":{"a":0,"k":0,"ix":5},"nm":"Transform"}],"nm":"Group 1","np":2,"cix":2,"bm":0,"ix":1,"mn":"ADBE Vector Group","hd":false}],"ip":0,"op":132,"st":-6,"bm":0},{"ddd":0,"ind":2,"ty":4,"nm":"arm move Outlines 2","parent":9,"sr":1,"ks":{"o":{"a":0,"k":100,"ix":11},"r":{"a":0,"k":0,"ix":10},"p":{"a":0,"k":[145.357,306.736,0],"ix":2,"l":2},"a":{"a":0,"k":[52.244,52.243,0],"ix":1,"l":2},"s":{"a":0,"k":[100,100,100],"ix":6,"l":2}},"ao":0,"shapes":[{"ty":"gr","it":[{"ind":0,"ty":"sh","ix":1,"ks":{"a":0,"k":{"i":[[-23.63,0],[0,-23.63],[23.63,0],[0,23.63]],"o":[[23.63,0],[0,23.63],[-23.63,0],[0,-23.63]],"v":[[0,-42.786],[42.786,0.001],[0,42.786],[-42.786,0.001]],"c":true},"ix":2},"nm":"Path 1","mn":"ADBE Vector Shape - Group","hd":false},{"ty":"fl","c":{"a":0,"k":[0.776000019148,0.702000038297,0.630999995213,1],"ix":4},"o":{"a":0,"k":100,"ix":5},"r":1,"bm":0,"nm":"Fill 1","mn":"ADBE Vector Graphic - Fill","hd":false},{"ty":"tr","p":{"a":0,"k":[59.706,55.577],"ix":2},"a":{"a":0,"k":[0,0],"ix":1},"s":{"a":0,"k":[100,100],"ix":3},"r":{"a":0,"k":0,"ix":6},"o":{"a":0,"k":100,"ix":7},"sk":{"a":0,"k":0,"ix":4},"sa":{"a":0,"k":0,"ix":5},"nm":"Transform"}],"nm":"Group 1","np":2,"cix":2,"bm":0,"ix":1,"mn":"ADBE Vector Group","hd":false},{"ty":"gr","it":[{"ind":0,"ty":"sh","ix":1,"ks":{"a":0,"k":{"i":[[-28.715,0],[0,-28.716],[28.715,0],[0,28.715]],"o":[[28.715,0],[0,28.715],[-28.715,0],[0,-28.716]],"v":[[0,-51.993],[51.994,0.001],[0,51.993],[-51.994,0.001]],"c":true},"ix":2},"nm":"Path 1","mn":"ADBE Vector Shape - Group","hd":false},{"ty":"gf","o":{"a":0,"k":100,"ix":10},"r":1,"bm":0,"g":{"p":3,"k":{"a":0,"k":[0,1,1,1,0.482,0.82,0.778,0.739,1,0.639,0.557,0.478],"ix":9}},"s":{"a":0,"k":[-18.317,-34.653],"ix":5},"e":{"a":0,"k":[40.594,-13.861],"ix":6},"t":2,"h":{"a":0,"k":0,"ix":7},"a":{"a":0,"k":0,"ix":8},"nm":"Gradient Fill 1","mn":"ADBE Vector Graphic - G-Fill","hd":false},{"ty":"tr","p":{"a":0,"k":[52.244,52.243],"ix":2},"a":{"a":0,"k":[0,0],"ix":1},"s":{"a":0,"k":[100,100],"ix":3},"r":{"a":0,"k":0,"ix":6},"o":{"a":0,"k":100,"ix":7},"sk":{"a":0,"k":0,"ix":4},"sa":{"a":0,"k":0,"ix":5},"nm":"Transform"}],"nm":"Group 2","np":2,"cix":2,"bm":0,"ix":2,"mn":"ADBE Vector Group","hd":false}],"ip":0,"op":132,"st":-6,"bm":0},{"ddd":0,"ind":3,"ty":3,"nm":"arm move Outlines","parent":5,"sr":1,"ks":{"o":{"a":0,"k":100,"ix":11},"r":{"a":1,"k":[{"i":{"x":[0],"y":[1]},"o":{"x":[0.333],"y":[0]},"t":30,"s":[0]},{"i":{"x":[0.399],"y":[1.165]},"o":{"x":[1],"y":[0]},"t":46,"s":[-17.5]},{"i":{"x":[0.667],"y":[1]},"o":{"x":[0.333],"y":[0]},"t":76,"s":[3.5]},{"i":{"x":[0.833],"y":[1]},"o":{"x":[0.167],"y":[0]},"t":88,"s":[-1]},{"t":100,"s":[0]}],"ix":10},"p":{"a":0,"k":[-463.011,247.359,0],"ix":2,"l":2},"a":{"a":0,"k":[52.244,52.243,0],"ix":1,"l":2},"s":{"a":0,"k":[100,100,100],"ix":6,"l":2}},"ao":0,"ip":0,"op":132,"st":-6,"bm":0},{"ddd":0,"ind":4,"ty":4,"nm":"Layer 13 Outlines","sr":1,"ks":{"o":{"a":0,"k":100,"ix":11},"r":{"a":0,"k":0,"ix":10},"p":{"a":0,"k":[806.222,737.599,0],"ix":2,"l":2},"a":{"a":0,"k":[113.406,113.366,0],"ix":1,"l":2},"s":{"a":0,"k":[100,100,100],"ix":6,"l":2}},"ao":0,"shapes":[{"ty":"gr","it":[{"ind":0,"ty":"sh","ix":1,"ks":{"a":0,"k":{"i":[[-54.8,0],[0,-54.801],[54.8,0],[0,54.799]],"o":[[54.8,0],[0,54.799],[-54.8,0],[0,-54.801]],"v":[[0,-99.225],[99.225,0.001],[0,99.225],[-99.225,0.001]],"c":true},"ix":2},"nm":"Path 1","mn":"ADBE Vector Shape - Group","hd":false},{"ty":"fl","c":{"a":0,"k":[0.776000019148,0.702000038297,0.630999995213,1],"ix":4},"o":{"a":0,"k":100,"ix":5},"r":1,"bm":0,"nm":"Fill 1","mn":"ADBE Vector Graphic - Fill","hd":false},{"ty":"tr","p":{"a":0,"k":[127.337,116.7],"ix":2},"a":{"a":0,"k":[0,0],"ix":1},"s":{"a":0,"k":[100,100],"ix":3},"r":{"a":0,"k":0,"ix":6},"o":{"a":0,"k":100,"ix":7},"sk":{"a":0,"k":0,"ix":4},"sa":{"a":0,"k":0,"ix":5},"nm":"Transform"}],"nm":"Group 1","np":2,"cix":2,"bm":0,"ix":1,"mn":"ADBE Vector Group","hd":false},{"ty":"gr","it":[{"ind":0,"ty":"sh","ix":1,"ks":{"a":0,"k":{"i":[[-62.472,0],[0,-62.472],[62.472,0],[0,62.472]],"o":[[62.472,0],[0,62.472],[-62.472,0],[0,-62.472]],"v":[[0,-113.116],[113.116,0],[0,113.116],[-113.116,0]],"c":true},"ix":2},"nm":"Path 1","mn":"ADBE Vector Shape - Group","hd":false},{"ty":"gf","o":{"a":0,"k":100,"ix":10},"r":1,"bm":0,"g":{"p":3,"k":{"a":0,"k":[0,1,1,1,0.482,0.82,0.778,0.739,1,0.639,0.557,0.478],"ix":9}},"s":{"a":0,"k":[-38.614,-81.188],"ix":5},"e":{"a":0,"k":[74.257,-12.871],"ix":6},"t":2,"h":{"a":0,"k":0,"ix":7},"a":{"a":0,"k":0,"ix":8},"nm":"Gradient Fill 1","mn":"ADBE Vector Graphic - G-Fill","hd":false},{"ty":"tr","p":{"a":0,"k":[113.366,113.366],"ix":2},"a":{"a":0,"k":[0,0],"ix":1},"s":{"a":0,"k":[100,100],"ix":3},"r":{"a":0,"k":0,"ix":6},"o":{"a":0,"k":100,"ix":7},"sk":{"a":0,"k":0,"ix":4},"sa":{"a":0,"k":0,"ix":5},"nm":"Transform"}],"nm":"Group 2","np":2,"cix":2,"bm":0,"ix":2,"mn":"ADBE Vector Group","hd":false}],"ip":0,"op":132,"st":-6,"bm":0},{"ddd":0,"ind":5,"ty":3,"nm":"MOVE","sr":1,"ks":{"o":{"a":0,"k":100,"ix":11},"r":{"a":1,"k":[{"i":{"x":[0],"y":[1]},"o":{"x":[0.333],"y":[0]},"t":28,"s":[0]},{"i":{"x":[0.667],"y":[1]},"o":{"x":[1],"y":[0]},"t":44,"s":[-2]},{"i":{"x":[0.667],"y":[1]},"o":{"x":[0.333],"y":[0]},"t":62,"s":[1]},{"i":{"x":[0.667],"y":[1]},"o":{"x":[0.333],"y":[0]},"t":74,"s":[-1]},{"t":86,"s":[0]}],"ix":10},"p":{"a":0,"k":[806.222,737.599,0],"ix":2,"l":2},"a":{"a":0,"k":[113.406,113.366,0],"ix":1,"l":2},"s":{"a":0,"k":[100,100,100],"ix":6,"l":2}},"ao":0,"ip":0,"op":132,"st":-6,"bm":0},{"ddd":0,"ind":6,"ty":4,"nm":"shoulder Outlines","sr":1,"ks":{"o":{"a":0,"k":100,"ix":11},"r":{"a":0,"k":0,"ix":10},"p":{"a":0,"k":[782.13,736.726,0],"ix":2,"l":2},"a":{"a":0,"k":[204.574,204.574,0],"ix":1,"l":2},"s":{"a":0,"k":[100,100,100],"ix":6,"l":2}},"ao":0,"shapes":[{"ty":"gr","it":[{"ind":0,"ty":"sh","ix":1,"ks":{"a":0,"k":{"i":[[-67.382,0],[0,-67.383],[67.383,0],[0,67.383]],"o":[[67.383,0],[0,67.383],[-67.382,0],[0,-67.383]],"v":[[0,-122.007],[122.007,0],[0,122.007],[-122.007,0]],"c":true},"ix":2},"nm":"Path 1","mn":"ADBE Vector Shape - Group","hd":false},{"ty":"fl","c":{"a":0,"k":[0.275,0.419999994016,0.490000017952,1],"ix":4},"o":{"a":0,"k":100,"ix":5},"r":1,"bm":0,"nm":"Fill 1","mn":"ADBE Vector Graphic - Fill","hd":false},{"ty":"tr","p":{"a":0,"k":[224.578,222.276],"ix":2},"a":{"a":0,"k":[0,0],"ix":1},"s":{"a":0,"k":[100,100],"ix":3},"r":{"a":0,"k":0,"ix":6},"o":{"a":0,"k":100,"ix":7},"sk":{"a":0,"k":0,"ix":4},"sa":{"a":0,"k":0,"ix":5},"nm":"Transform"}],"nm":"Group 1","np":2,"cix":2,"bm":0,"ix":1,"mn":"ADBE Vector Group","hd":false},{"ty":"gr","it":[{"ind":0,"ty":"sh","ix":1,"ks":{"a":0,"k":{"i":[[-112.845,0],[0,-112.845],[112.845,0],[0,112.845]],"o":[[112.845,0],[0,112.845],[-112.845,0],[0,-112.845]],"v":[[0,-204.324],[204.324,0.001],[0,204.324],[-204.324,0.001]],"c":true},"ix":2},"nm":"Path 1","mn":"ADBE Vector Shape - Group","hd":false},{"ty":"fl","c":{"a":0,"k":[0.564999988032,0.642999985639,0.681999954523,1],"ix":4},"o":{"a":0,"k":100,"ix":5},"r":1,"bm":0,"nm":"Fill 1","mn":"ADBE Vector Graphic - Fill","hd":false},{"ty":"tr","p":{"a":0,"k":[204.574,204.574],"ix":2},"a":{"a":0,"k":[0,0],"ix":1},"s":{"a":0,"k":[100,100],"ix":3},"r":{"a":0,"k":0,"ix":6},"o":{"a":0,"k":100,"ix":7},"sk":{"a":0,"k":0,"ix":4},"sa":{"a":0,"k":0,"ix":5},"nm":"Transform"}],"nm":"Group 2","np":2,"cix":2,"bm":0,"ix":2,"mn":"ADBE Vector Group","hd":false}],"ip":0,"op":132,"st":-6,"bm":0},{"ddd":0,"ind":7,"ty":1,"nm":"mask","parent":1,"td":1,"sr":1,"ks":{"o":{"a":0,"k":100,"ix":11},"r":{"a":0,"k":0,"ix":10},"p":{"a":0,"k":[27.144,-58.002,0],"ix":2,"l":2},"a":{"a":0,"k":[512,512,0],"ix":1,"l":2},"s":{"a":0,"k":[100,100,100],"ix":6,"l":2}},"ao":0,"hasMask":true,"masksProperties":[{"inv":false,"mode":"a","pt":{"a":1,"k":[{"i":{"x":0,"y":1},"o":{"x":0.333,"y":0},"t":30,"s":[{"i":[[0,0],[0,0],[0,0],[0,0],[0,0],[0,0],[0,0],[0,0],[-8,8],[0,0],[0,0]],"o":[[0,0],[0,0],[0,0],[0,0],[0,0],[0,0],[0,0],[0,0],[8,-8],[0,0],[0,0]],"v":[[720,400],[526,538],[529.668,602.673],[533.881,633.471],[537.983,666.543],[554.51,822.592],[634,926],[750,980],[964,966],[1002,706],[982,466]],"c":true}]},{"i":{"x":0.833,"y":0.833},"o":{"x":1,"y":0},"t":46,"s":[{"i":[[0,0],[0,0],[0,0],[0,0],[0,0],[0,0],[0,0],[0,0],[-8,8],[0,0],[0,0]],"o":[[0,0],[0,0],[0,0],[0,0],[0,0],[0,0],[0,0],[0,0],[8,-8],[0,0],[0,0]],"v":[[720,400],[526,538],[480.025,685.503],[520.937,697.694],[530.984,666.658],[554.51,822.592],[634,926],[750,980],[964,966],[1002,706],[982,466]],"c":true}]},{"i":{"x":0.833,"y":0.833},"o":{"x":0.167,"y":0.167},"t":54,"s":[{"i":[[0,0],[0,0],[0,0],[0,0],[0,0],[0,0],[0,0],[0,0],[-8,8],[0,0],[0,0]],"o":[[0,0],[0,0],[0,0],[0,0],[0,0],[0,0],[0,0],[0,0],[8,-8],[0,0],[0,0]],"v":[[720,400],[526,538],[485.111,712.881],[527.409,665.583],[534.484,666.6],[554.51,822.592],[634,926],[750,980],[964,966],[1002,706],[982,466]],"c":true}]},{"i":{"x":0.833,"y":0.833},"o":{"x":0.167,"y":0.167},"t":56,"s":[{"i":[[0,0],[0,0],[0,0],[0,0],[0,0],[0,0],[0,0],[0,0],[-8,8],[0,0],[0,0]],"o":[[0,0],[0,0],[0,0],[0,0],[0,0],[0,0],[0,0],[0,0],[8,-8],[0,0],[0,0]],"v":[[720,400],[526,538],[482.404,680.459],[529.486,655.276],[535.607,666.582],[554.51,822.592],[634,926],[750,980],[964,966],[1002,706],[982,466]],"c":true}]},{"i":{"x":0.833,"y":0.833},"o":{"x":0.167,"y":0.167},"t":58,"s":[{"i":[[0,0],[0,0],[0,0],[0,0],[0,0],[0,0],[0,0],[0,0],[-8,8],[0,0],[0,0]],"o":[[0,0],[0,0],[0,0],[0,0],[0,0],[0,0],[0,0],[0,0],[8,-8],[0,0],[0,0]],"v":[[720,400],[526,538],[487.579,696.88],[531.38,645.88],[536.631,666.565],[554.51,822.592],[634,926],[750,980],[964,966],[1002,706],[982,466]],"c":true}]},{"i":{"x":0.667,"y":1},"o":{"x":0.167,"y":0.167},"t":60,"s":[{"i":[[0,0],[0,0],[0,0],[0,0],[0,0],[0,0],[0,0],[0,0],[-8,8],[0,0],[0,0]],"o":[[0,0],[0,0],[0,0],[0,0],[0,0],[0,0],[0,0],[0,0],[8,-8],[0,0],[0,0]],"v":[[720,400],[526,538],[479.883,671.362],[532.973,637.975],[537.492,666.551],[554.51,822.592],[634,926],[750,980],[964,966],[1002,706],[982,466]],"c":true}]},{"t":62,"s":[{"i":[[0,0],[0,0],[0,0],[0,0],[0,0],[0,0],[0,0],[0,0],[-8,8],[0,0],[0,0]],"o":[[0,0],[0,0],[0,0],[0,0],[0,0],[0,0],[0,0],[0,0],[8,-8],[0,0],[0,0]],"v":[[720,400],[526,538],[486.268,637.436],[533.881,633.471],[537.983,666.543],[554.51,822.592],[634,926],[750,980],[964,966],[1002,706],[982,466]],"c":true}]}],"ix":1},"o":{"a":0,"k":100,"ix":3},"x":{"a":0,"k":0,"ix":4},"nm":"Mask 1"}],"sw":1024,"sh":1024,"sc":"#ffffff","ip":0,"op":132,"st":-6,"bm":0},{"ddd":0,"ind":8,"ty":4,"nm":"Layer 12 Outlines","parent":5,"tt":1,"sr":1,"ks":{"o":{"a":0,"k":100,"ix":11},"r":{"a":0,"k":0,"ix":10},"p":{"a":0,"k":[48.741,105.071,0],"ix":2,"l":2},"a":{"a":0,"k":[244.004,248.114,0],"ix":1,"l":2},"s":{"a":0,"k":[100,100,100],"ix":6,"l":2}},"ao":0,"shapes":[{"ty":"gr","it":[{"ind":0,"ty":"sh","ix":1,"ks":{"a":0,"k":{"i":[[5.397,26.433],[0,0],[130.5,-5.081],[0,0],[-0.007,-113.632],[-114.068,-22.465],[-22.386,114.148]],"o":[[0,0],[-3.573,-133.358],[-120.578,4.763],[0,0],[0.008,127.487],[114.069,22.465],[5.477,-28.18]],"v":[[230.18,-23.218],[243.753,-21.869],[-16.215,-242.783],[-200.932,-158.085],[-243.746,-6.715],[-16.692,225.399],[238.277,62.988]],"c":true},"ix":2},"nm":"Path 1","mn":"ADBE Vector Shape - Group","hd":false},{"ty":"gf","o":{"a":0,"k":100,"ix":10},"r":1,"bm":0,"g":{"p":3,"k":{"a":0,"k":[0,0.427,0.58,0.647,0.358,0.627,0.686,0.706,0.742,0.827,0.792,0.765],"ix":9}},"s":{"a":0,"k":[241.584,-17.822],"ix":5},"e":{"a":0,"k":[-206.931,-13.861],"ix":6},"t":1,"nm":"Gradient Fill 1","mn":"ADBE Vector Graphic - G-Fill","hd":false},{"ty":"tr","p":{"a":0,"k":[244.004,248.114],"ix":2},"a":{"a":0,"k":[0,0],"ix":1},"s":{"a":0,"k":[100,100],"ix":3},"r":{"a":0,"k":0,"ix":6},"o":{"a":0,"k":100,"ix":7},"sk":{"a":0,"k":0,"ix":4},"sa":{"a":0,"k":0,"ix":5},"nm":"Transform"}],"nm":"Group 1","np":2,"cix":2,"bm":0,"ix":1,"mn":"ADBE Vector Group","hd":false},{"ty":"gr","it":[{"ind":0,"ty":"sh","ix":1,"ks":{"a":0,"k":{"i":[[5.398,26.433],[0,0],[130.5,-5.081],[0,0],[17.225,-92.796],[-0.079,-0.079],[0.555,-2.62],[-114.069,-22.465],[-22.385,114.148]],"o":[[0,0],[0.079,-135.979],[-120.578,4.763],[0,0],[0.08,0.079],[-0.635,2.54],[-22.465,114.148],[114.069,22.465],[5.556,-28.18]],"v":[[214.802,-23.218],[214.961,-23.218],[-31.593,-242.783],[-216.31,-158.085],[-196.465,-29.886],[-196.306,-29.728],[-198.052,-21.948],[-32.149,225.399],[214.961,59.337]],"c":true},"ix":2},"nm":"Path 1","mn":"ADBE Vector Shape - Group","hd":false},{"ty":"fl","c":{"a":0,"k":[0.564999988032,0.642999985639,0.681999954523,1],"ix":4},"o":{"a":0,"k":100,"ix":5},"r":1,"bm":0,"nm":"Fill 1","mn":"ADBE Vector Graphic - Fill","hd":false},{"ty":"tr","p":{"a":0,"k":[259.381,248.114],"ix":2},"a":{"a":0,"k":[0,0],"ix":1},"s":{"a":0,"k":[100,100],"ix":3},"r":{"a":0,"k":0,"ix":6},"o":{"a":0,"k":100,"ix":7},"sk":{"a":0,"k":0,"ix":4},"sa":{"a":0,"k":0,"ix":5},"nm":"Transform"}],"nm":"Group 2","np":2,"cix":2,"bm":0,"ix":2,"mn":"ADBE Vector Group","hd":false}],"ip":0,"op":132,"st":-6,"bm":0},{"ddd":0,"ind":9,"ty":4,"nm":"arm","parent":5,"sr":1,"ks":{"o":{"a":0,"k":100,"ix":11},"r":{"a":0,"k":0,"ix":10},"p":{"a":0,"k":[-246.344,145.435,0],"ix":2,"l":2},"a":{"a":0,"k":[362.024,204.812,0],"ix":1,"l":2},"s":{"a":0,"k":[100,100,100],"ix":6,"l":2}},"ao":0,"shapes":[{"ty":"gr","it":[{"ind":0,"ty":"sh","ix":1,"ks":{"a":0,"k":{"i":[[-32.53,0],[0,-32.529],[32.529,0],[0,32.531]],"o":[[32.529,0],[0,32.531],[-32.53,0],[0,-32.529]],"v":[[0,-58.9],[58.9,-0.001],[0,58.9],[-58.9,-0.001]],"c":true},"ix":2},"nm":"Path 1","mn":"ADBE Vector Shape - Group","hd":false},{"ty":"fl","c":{"a":0,"k":[0.275,0.419999994016,0.490000017952,1],"ix":4},"o":{"a":0,"k":100,"ix":5},"r":1,"bm":0,"nm":"Fill 1","mn":"ADBE Vector Graphic - Fill","hd":false},{"ty":"tr","p":{"a":0,"k":[143.928,316.421],"ix":2},"a":{"a":0,"k":[0,0],"ix":1},"s":{"a":0,"k":[100,100],"ix":3},"r":{"a":0,"k":0,"ix":6},"o":{"a":0,"k":100,"ix":7},"sk":{"a":0,"k":0,"ix":4},"sa":{"a":0,"k":0,"ix":5},"nm":"Transform"}],"nm":"Group 1","np":2,"cix":2,"bm":0,"ix":1,"mn":"ADBE Vector Group","hd":false},{"ty":"gr","it":[{"ind":0,"ty":"sh","ix":1,"ks":{"a":1,"k":[{"i":{"x":0,"y":1},"o":{"x":0.333,"y":0},"t":30,"s":[{"i":[[153.759,27.228],[74.855,-58.344],[0,0],[0,-54.773],[-74.617,0],[0,0]],"o":[[-137.962,-24.449],[-33.975,26.513],[-55.407,9.526],[0,56.994],[0,0],[0,0.079]],"v":[[165.269,-155.545],[-101.288,-50.684],[-227.185,-14.487],[-319.028,80.293],[-216.389,179.994],[285.45,162.53]],"c":true}]},{"i":{"x":0.667,"y":1},"o":{"x":1,"y":0},"t":46,"s":[{"i":[[156.134,2.291],[88.672,-12.29],[0,0],[0,-54.773],[-74.617,0],[0,0]],"o":[[-134.559,-1.974],[-42.688,5.916],[-55.407,9.526],[0,56.994],[0,0],[0,0.079]],"v":[[180.662,-51.945],[-104.09,-27.768],[-227.185,-14.487],[-319.028,80.293],[-216.389,179.994],[285.45,162.53]],"c":true}]},{"i":{"x":0.667,"y":1},"o":{"x":0.333,"y":0},"t":68,"s":[{"i":[[153.759,27.228],[74.855,-58.344],[0,0],[0,-54.773],[-74.617,0],[0,0]],"o":[[-137.962,-24.449],[-33.975,26.513],[-55.407,9.526],[0,56.994],[0,0],[0,0.079]],"v":[[165.269,-155.545],[-101.288,-50.684],[-227.185,-14.487],[-319.028,80.293],[-216.389,179.994],[285.45,162.53]],"c":true}]},{"t":82,"s":[{"i":[[153.759,27.228],[74.855,-58.344],[0,0],[0,-54.773],[-74.617,0],[0,0]],"o":[[-137.962,-24.449],[-33.975,26.513],[-55.407,9.526],[0,56.994],[0,0],[0,0.079]],"v":[[165.269,-155.545],[-101.288,-50.684],[-227.185,-14.487],[-319.028,80.293],[-216.389,179.994],[285.45,162.53]],"c":true}]}],"ix":2},"nm":"Path 1","mn":"ADBE Vector Shape - Group","hd":false},{"ty":"fl","c":{"a":0,"k":[0.564999988032,0.642999985639,0.681999954523,1],"ix":4},"o":{"a":0,"k":100,"ix":5},"r":1,"bm":0,"nm":"Fill 1","mn":"ADBE Vector Graphic - Fill","hd":false},{"ty":"tr","p":{"a":0,"k":[358.174,228.983],"ix":2},"a":{"a":0,"k":[0,0],"ix":1},"s":{"a":0,"k":[100,100],"ix":3},"r":{"a":0,"k":0,"ix":6},"o":{"a":0,"k":100,"ix":7},"sk":{"a":0,"k":0,"ix":4},"sa":{"a":0,"k":0,"ix":5},"nm":"Transform"}],"nm":"Group 2","np":2,"cix":2,"bm":0,"ix":2,"mn":"ADBE Vector Group","hd":false},{"ty":"gr","it":[{"ind":0,"ty":"sh","ix":1,"ks":{"a":1,"k":[{"i":{"x":0,"y":1},"o":{"x":0.333,"y":0},"t":30,"s":[{"i":[[33.419,0],[47.469,-48.74],[32.387,-8.414],[12.86,-2.619],[0.159,0],[0,-62.154],[-19.686,-20.004],[-51.279,0],[0,0],[0,0],[0,0],[73.823,89.938]],"o":[[-200.514,0],[-23.179,23.814],[-28.576,7.462],[-0.159,0],[-62.393,10.795],[0,31.196],[15.48,15.797],[0,0],[0,0],[0,0],[0,0],[-20.798,-25.243]],"v":[[205.078,-204.562],[-102.122,-95.176],[-176.025,-44.135],[-261.755,-24.925],[-262.231,-24.845],[-361.774,91.684],[-331.689,170.032],[-235.639,204.562],[-235.242,204.562],[-234.845,204.562],[312.479,186.542],[287.951,-165.983]],"c":true}]},{"i":{"x":0.667,"y":1},"o":{"x":1,"y":0},"t":46,"s":[{"i":[[33.381,-1.598],[74.898,-8.041],[32.387,-8.414],[12.86,-2.619],[0.159,0],[0,-62.154],[-19.686,-20.004],[-51.279,0],[0,0],[0,0],[0,0],[73.823,89.938]],"o":[[-198.075,9.484],[-33.042,3.547],[-28.576,7.462],[-0.159,0],[-62.393,10.795],[0,31.196],[15.48,15.797],[0,0],[0,0],[0,0],[0,0],[-20.798,-25.243]],"v":[[212.917,-85.216],[-92.385,-58.814],[-176.025,-44.135],[-261.755,-24.925],[-262.231,-24.845],[-361.774,91.684],[-331.689,170.032],[-235.639,204.562],[-235.242,204.562],[-234.845,204.562],[312.479,186.542],[287.951,-165.983]],"c":true}]},{"i":{"x":0.667,"y":1},"o":{"x":0.333,"y":0},"t":68,"s":[{"i":[[33.419,0],[47.469,-48.74],[32.387,-8.414],[12.86,-2.619],[0.159,0],[0,-62.154],[-19.686,-20.004],[-51.279,0],[0,0],[0,0],[0,0],[73.823,89.938]],"o":[[-200.514,0],[-23.179,23.814],[-28.576,7.462],[-0.159,0],[-62.393,10.795],[0,31.196],[15.48,15.797],[0,0],[0,0],[0,0],[0,0],[-20.798,-25.243]],"v":[[205.078,-204.562],[-102.122,-95.176],[-176.025,-44.135],[-261.755,-24.925],[-262.231,-24.845],[-361.774,91.684],[-331.689,170.032],[-235.639,204.562],[-235.242,204.562],[-234.845,204.562],[312.479,186.542],[287.951,-165.983]],"c":true}]},{"t":82,"s":[{"i":[[33.419,0],[47.469,-48.74],[32.387,-8.414],[12.86,-2.619],[0.159,0],[0,-62.154],[-19.686,-20.004],[-51.279,0],[0,0],[0,0],[0,0],[73.823,89.938]],"o":[[-200.514,0],[-23.179,23.814],[-28.576,7.462],[-0.159,0],[-62.393,10.795],[0,31.196],[15.48,15.797],[0,0],[0,0],[0,0],[0,0],[-20.798,-25.243]],"v":[[205.078,-204.562],[-102.122,-95.176],[-176.025,-44.135],[-261.755,-24.925],[-262.231,-24.845],[-361.774,91.684],[-331.689,170.032],[-235.639,204.562],[-235.242,204.562],[-234.845,204.562],[312.479,186.542],[287.951,-165.983]],"c":true}]}],"ix":2},"nm":"Path 1","mn":"ADBE Vector Shape - Group","hd":false},{"ty":"gf","o":{"a":0,"k":100,"ix":10},"r":1,"bm":0,"g":{"p":3,"k":{"a":0,"k":[0.334,0.427,0.58,0.647,0.531,0.627,0.686,0.706,0.742,0.827,0.792,0.765],"ix":9}},"s":{"a":0,"k":[-29.703,326.733],"ix":5},"e":{"a":0,"k":[-22.772,-39.604],"ix":6},"t":1,"nm":"Gradient Fill 1","mn":"ADBE Vector Graphic - G-Fill","hd":false},{"ty":"tr","p":{"a":0,"k":[362.024,204.812],"ix":2},"a":{"a":0,"k":[0,0],"ix":1},"s":{"a":0,"k":[100,100],"ix":3},"r":{"a":0,"k":0,"ix":6},"o":{"a":0,"k":100,"ix":7},"sk":{"a":0,"k":0,"ix":4},"sa":{"a":0,"k":0,"ix":5},"nm":"Transform"}],"nm":"Group 3","np":2,"cix":2,"bm":0,"ix":3,"mn":"ADBE Vector Group","hd":false}],"ip":0,"op":132,"st":-6,"bm":0},{"ddd":0,"ind":10,"ty":4,"nm":"finger Outlines","parent":11,"sr":1,"ks":{"o":{"a":0,"k":100,"ix":11},"r":{"a":0,"k":0,"ix":10},"p":{"a":0,"k":[161.475,99.995,0],"ix":2,"l":2},"a":{"a":0,"k":[123.21,63.515,0],"ix":1,"l":2},"s":{"a":0,"k":[100,100,100],"ix":6,"l":2}},"ao":0,"shapes":[{"ty":"gr","it":[{"ind":0,"ty":"sh","ix":1,"ks":{"a":0,"k":{"i":[[-15.169,0],[0,-15.169],[15.169,0],[0,15.169]],"o":[[15.169,0],[0,15.169],[-15.169,0],[0,-15.169]],"v":[[0,-27.466],[27.465,0],[0,27.466],[-27.465,0]],"c":true},"ix":2},"nm":"Path 1","mn":"ADBE Vector Shape - Group","hd":false},{"ty":"fl","c":{"a":0,"k":[0.776000019148,0.702000038297,0.630999995213,1],"ix":4},"o":{"a":0,"k":100,"ix":5},"r":1,"bm":0,"nm":"Fill 1","mn":"ADBE Vector Graphic - Fill","hd":false},{"ty":"tr","p":{"a":0,"k":[88.362,72.248],"ix":2},"a":{"a":0,"k":[0,0],"ix":1},"s":{"a":0,"k":[100,100],"ix":3},"r":{"a":0,"k":0,"ix":6},"o":{"a":0,"k":100,"ix":7},"sk":{"a":0,"k":0,"ix":4},"sa":{"a":0,"k":0,"ix":5},"nm":"Transform"}],"nm":"Group 1","np":2,"cix":2,"bm":0,"ix":1,"mn":"ADBE Vector Group","hd":false},{"ty":"gr","it":[{"ind":0,"ty":"sh","ix":1,"ks":{"a":0,"k":{"i":[[-18.807,0],[0,-18.807],[18.807,0],[0,18.808]],"o":[[18.807,0],[0,18.808],[-18.807,0],[0,-18.807]],"v":[[0,-34.054],[34.054,0],[0,34.054],[-34.054,0]],"c":true},"ix":2},"nm":"Path 1","mn":"ADBE Vector Shape - Group","hd":false},{"ty":"gf","o":{"a":0,"k":100,"ix":10},"r":1,"bm":0,"g":{"p":3,"k":{"a":0,"k":[0,1,1,1,0.482,0.82,0.778,0.739,1,0.639,0.557,0.478],"ix":9}},"s":{"a":0,"k":[-18.317,-34.653],"ix":5},"e":{"a":0,"k":[40.594,-13.861],"ix":6},"t":2,"h":{"a":0,"k":0,"ix":7},"a":{"a":0,"k":0,"ix":8},"nm":"Gradient Fill 1","mn":"ADBE Vector Graphic - G-Fill","hd":false},{"ty":"tr","p":{"a":0,"k":[82.488,70.183],"ix":2},"a":{"a":0,"k":[0,0],"ix":1},"s":{"a":0,"k":[100,100],"ix":3},"r":{"a":0,"k":0,"ix":6},"o":{"a":0,"k":100,"ix":7},"sk":{"a":0,"k":0,"ix":4},"sa":{"a":0,"k":0,"ix":5},"nm":"Transform"}],"nm":"Group 2","np":2,"cix":2,"bm":0,"ix":2,"mn":"ADBE Vector Group","hd":false},{"ty":"gr","it":[{"ind":0,"ty":"sh","ix":1,"ks":{"a":0,"k":{"i":[[-20.167,0],[0,-20.167],[20.167,0],[0,20.166]],"o":[[20.167,0],[0,20.166],[-20.167,0],[0,-20.167]],"v":[[0,-36.515],[36.515,0],[0,36.515],[-36.515,0]],"c":true},"ix":2},"nm":"Path 1","mn":"ADBE Vector Shape - Group","hd":false},{"ty":"fl","c":{"a":0,"k":[0.275,0.419999994016,0.490000017952,1],"ix":4},"o":{"a":0,"k":100,"ix":5},"r":1,"bm":0,"nm":"Fill 1","mn":"ADBE Vector Graphic - Fill","hd":false},{"ty":"tr","p":{"a":0,"k":[79.392,74.073],"ix":2},"a":{"a":0,"k":[0,0],"ix":1},"s":{"a":0,"k":[100,100],"ix":3},"r":{"a":0,"k":0,"ix":6},"o":{"a":0,"k":100,"ix":7},"sk":{"a":0,"k":0,"ix":4},"sa":{"a":0,"k":0,"ix":5},"nm":"Transform"}],"nm":"Group 3","np":2,"cix":2,"bm":0,"ix":3,"mn":"ADBE Vector Group","hd":false},{"ty":"gr","it":[{"ind":0,"ty":"sh","ix":1,"ks":{"a":0,"k":{"i":[[-2.778,12.621],[13.733,4.128],[0,0],[25.799,5.637],[5.556,-25.799],[-25.799,-5.557],[-17.543,-0.953],[-0.317,0],[0,0],[0,0]],"o":[[3.096,-14.289],[0,0],[0,0],[-25.798,-5.556],[-5.557,25.798],[12.621,2.699],[0.318,0],[0.715,0],[0,0],[12.542,-0.635]],"v":[[109.703,32.546],[90.493,0.159],[90.493,-0.079],[-50.486,-49.057],[-107.242,-12.462],[-70.648,44.294],[81.364,54.455],[82.396,54.534],[83.508,54.613],[83.508,54.455]],"c":true},"ix":2},"nm":"Path 1","mn":"ADBE Vector Shape - Group","hd":false},{"ty":"fl","c":{"a":0,"k":[0.564999988032,0.642999985639,0.681999954523,1],"ix":4},"o":{"a":0,"k":100,"ix":5},"r":1,"bm":0,"nm":"Fill 1","mn":"ADBE Vector Graphic - Fill","hd":false},{"ty":"tr","p":{"a":0,"k":[133.37,72.168],"ix":2},"a":{"a":0,"k":[0,0],"ix":1},"s":{"a":0,"k":[100,100],"ix":3},"r":{"a":0,"k":0,"ix":6},"o":{"a":0,"k":100,"ix":7},"sk":{"a":0,"k":0,"ix":4},"sa":{"a":0,"k":0,"ix":5},"nm":"Transform"}],"nm":"Group 4","np":2,"cix":2,"bm":0,"ix":4,"mn":"ADBE Vector Group","hd":false},{"ty":"gr","it":[{"ind":0,"ty":"sh","ix":1,"ks":{"a":0,"k":{"i":[[-6.43,25.56],[-31.672,-9.922],[0,0],[0,0],[13.812,1.588]],"o":[[6.35,-25.243],[25.164,7.859],[0,0],[0,0],[-59.773,-6.906]],"v":[[-104.86,-17.702],[-41.278,-52.471],[108.434,1.508],[111.291,62.393],[-46.675,55.089]],"c":true},"ix":2},"nm":"Path 1","mn":"ADBE Vector Shape - Group","hd":false},{"ty":"fl","c":{"a":0,"k":[0.275,0.419999994016,0.490000017952,1],"ix":4},"o":{"a":0,"k":100,"ix":5},"r":1,"bm":0,"nm":"Fill 1","mn":"ADBE Vector Graphic - Fill","hd":false},{"ty":"tr","p":{"a":0,"k":[111.54,62.643],"ix":2},"a":{"a":0,"k":[0,0],"ix":1},"s":{"a":0,"k":[100,100],"ix":3},"r":{"a":0,"k":0,"ix":6},"o":{"a":0,"k":100,"ix":7},"sk":{"a":0,"k":0,"ix":4},"sa":{"a":0,"k":0,"ix":5},"nm":"Transform"}],"nm":"Group 5","np":2,"cix":2,"bm":0,"ix":5,"mn":"ADBE Vector Group","hd":false}],"ip":0,"op":132,"st":-6,"bm":0},{"ddd":0,"ind":11,"ty":4,"nm":"hand move Outlines","parent":3,"sr":1,"ks":{"o":{"a":0,"k":100,"ix":11},"r":{"a":1,"k":[{"i":{"x":[0],"y":[1]},"o":{"x":[0.333],"y":[0]},"t":32,"s":[0]},{"i":{"x":[0.833],"y":[1]},"o":{"x":[1],"y":[0]},"t":48,"s":[23]},{"i":{"x":[0.582],"y":[1.703]},"o":{"x":[0.235],"y":[0]},"t":66,"s":[-15]},{"i":{"x":[0.694],"y":[1]},"o":{"x":[0.271],"y":[0.32]},"t":68,"s":[-17.774]},{"i":{"x":[0.667],"y":[1]},"o":{"x":[0.333],"y":[0]},"t":80,"s":[6]},{"i":{"x":[0.833],"y":[1]},"o":{"x":[0.167],"y":[0]},"t":92,"s":[-3]},{"i":{"x":[0.833],"y":[1]},"o":{"x":[0.167],"y":[0]},"t":104,"s":[1]},{"t":116,"s":[0]}],"ix":10},"p":{"a":0,"k":[171.802,-575.299,0],"ix":2,"l":2},"a":{"a":0,"k":[87.663,91.457,0],"ix":1,"l":2},"s":{"a":0,"k":[100,100,100],"ix":6,"l":2}},"ao":0,"shapes":[{"ty":"gr","it":[{"ind":0,"ty":"sh","ix":1,"ks":{"a":0,"k":{"i":[[-11.79,44.222],[-41.765,-11.135],[11.79,-44.222],[41.766,11.136]],"o":[[11.79,-44.222],[41.765,11.135],[-11.79,44.222],[-41.765,-11.135]],"v":[[-75.623,-20.163],[21.348,-80.072],[75.623,20.161],[-21.348,80.07]],"c":true},"ix":2},"nm":"Path 1","mn":"ADBE Vector Shape - Group","hd":false},{"ty":"fl","c":{"a":0,"k":[0.564999988032,0.642999985639,0.681999954523,1],"ix":4},"o":{"a":0,"k":100,"ix":5},"r":1,"bm":0,"nm":"Fill 1","mn":"ADBE Vector Graphic - Fill","hd":false},{"ty":"tr","p":{"a":0,"k":[87.663,91.457],"ix":2},"a":{"a":0,"k":[0,0],"ix":1},"s":{"a":0,"k":[100,100],"ix":3},"r":{"a":0,"k":0,"ix":6},"o":{"a":0,"k":100,"ix":7},"sk":{"a":0,"k":0,"ix":4},"sa":{"a":0,"k":0,"ix":5},"nm":"Transform"}],"nm":"Group 1","np":2,"cix":2,"bm":0,"ix":1,"mn":"ADBE Vector Group","hd":false}],"ip":0,"op":132,"st":-6,"bm":0},{"ddd":0,"ind":12,"ty":4,"nm":"hand move volume Outlines","parent":3,"sr":1,"ks":{"o":{"a":0,"k":100,"ix":11},"r":{"a":0,"k":0,"ix":10},"p":{"a":0,"k":[122.059,-574.143,0],"ix":2,"l":2},"a":{"a":0,"k":[81.892,90.902,0],"ix":1,"l":2},"s":{"a":0,"k":[100,100,100],"ix":6,"l":2}},"ao":0,"shapes":[{"ty":"gr","it":[{"ind":0,"ty":"sh","ix":1,"ks":{"a":0,"k":{"i":[[-6.112,29.847],[-42.627,-3.969],[0,0],[9.843,-14.606],[34.372,25.878],[0,0]],"o":[[9.922,-48.898],[37.229,3.413],[-4.525,16.987],[-10.955,16.114],[-20.4,-15.32],[0,0]],"v":[[-75.53,-26.751],[21.393,-86.683],[81.642,-77.554],[67.116,74.538],[-31.951,53.502],[-64.258,41.833]],"c":true},"ix":2},"nm":"Path 1","mn":"ADBE Vector Shape - Group","hd":false},{"ty":"fl","c":{"a":0,"k":[0.851000019148,0.776000019148,0.713999968884,1],"ix":4},"o":{"a":0,"k":100,"ix":5},"r":1,"bm":0,"nm":"Fill 1","mn":"ADBE Vector Graphic - Fill","hd":false},{"ty":"tr","p":{"a":0,"k":[81.892,90.902],"ix":2},"a":{"a":0,"k":[0,0],"ix":1},"s":{"a":0,"k":[100,100],"ix":3},"r":{"a":0,"k":0,"ix":6},"o":{"a":0,"k":100,"ix":7},"sk":{"a":0,"k":0,"ix":4},"sa":{"a":0,"k":0,"ix":5},"nm":"Transform"}],"nm":"Group 1","np":2,"cix":2,"bm":0,"ix":1,"mn":"ADBE Vector Group","hd":false}],"ip":0,"op":132,"st":-6,"bm":0},{"ddd":0,"ind":13,"ty":4,"nm":"arm Outlines","parent":3,"sr":1,"ks":{"o":{"a":0,"k":100,"ix":11},"r":{"a":0,"k":0,"ix":10},"p":{"a":0,"k":[9.26,-193.199,0],"ix":2,"l":2},"a":{"a":0,"k":[164.13,353.57,0],"ix":1,"l":2},"s":{"a":0,"k":[100,100,100],"ix":6,"l":2}},"ao":0,"shapes":[{"ty":"gr","it":[{"ind":0,"ty":"sh","ix":1,"ks":{"a":1,"k":[{"i":{"x":0.667,"y":1},"o":{"x":0.167,"y":0},"t":0,"s":[{"i":[[0,0],[39.69,-34.133],[22.147,-146.217],[0,0],[-121.768,6.747],[-11.431,73.666]],"o":[[0,0],[-61.44,52.868],[-5.874,38.659],[0,0],[89.779,-8.017],[11.986,-76.6]],"v":[[116.53,-187.574],[77.315,-106.845],[-131.135,62.075],[-152.885,94.304],[-10.479,180.828],[140.9,34.53]],"c":true}]},{"i":{"x":0.667,"y":1},"o":{"x":0.333,"y":0},"t":30,"s":[{"i":[[0,0],[39.69,-34.133],[22.147,-146.217],[0,0],[-121.768,6.747],[-11.431,73.666]],"o":[[0,0],[-61.44,52.868],[-5.874,38.659],[0,0],[89.779,-8.017],[11.986,-76.6]],"v":[[116.53,-187.574],[77.315,-106.845],[-131.135,62.075],[-152.885,94.304],[-10.479,180.828],[140.9,34.53]],"c":true}]},{"i":{"x":0.667,"y":1},"o":{"x":0.333,"y":0},"t":38,"s":[{"i":[[0,0],[51.656,-8.486],[40.785,-125.42],[0,0],[-155.822,0.221],[-11.431,73.666]],"o":[[0,0],[-71.637,11.768],[-12.092,37.186],[0,0],[89.779,-8.017],[11.986,-76.6]],"v":[[128.863,-122.077],[70.06,-79.783],[-126.786,32.552],[-160.715,51.631],[-10.479,180.828],[140.899,34.53]],"c":true}]},{"i":{"x":0.667,"y":1},"o":{"x":0.333,"y":0},"t":62,"s":[{"i":[[0,0],[51.656,-8.486],[40.785,-125.42],[0,0],[-155.425,7.223],[-11.431,73.666]],"o":[[0,0],[-71.637,11.768],[-12.092,37.186],[0,0],[89.779,-8.017],[11.986,-76.6]],"v":[[128.863,-122.077],[70.06,-79.783],[-126.786,32.552],[-160.715,51.631],[-10.478,180.828],[140.899,34.53]],"c":true}]},{"t":70,"s":[{"i":[[0,0],[39.69,-34.133],[22.147,-146.217],[0,0],[-121.768,6.747],[-11.431,73.666]],"o":[[0,0],[-61.44,52.868],[-5.874,38.659],[0,0],[89.779,-8.017],[11.986,-76.6]],"v":[[116.53,-187.574],[77.315,-106.845],[-131.135,62.075],[-152.885,94.304],[-10.479,180.828],[140.9,34.53]],"c":true}]}],"ix":2},"nm":"Path 1","mn":"ADBE Vector Shape - Group","hd":false},{"ty":"fl","c":{"a":0,"k":[0.275,0.419999994016,0.490000017952,1],"ix":4},"o":{"a":0,"k":100,"ix":5},"r":1,"bm":0,"nm":"Fill 1","mn":"ADBE Vector Graphic - Fill","hd":false},{"ty":"tr","p":{"a":0,"k":[175.045,519.315],"ix":2},"a":{"a":0,"k":[0,0],"ix":1},"s":{"a":0,"k":[100,100],"ix":3},"r":{"a":0,"k":0,"ix":6},"o":{"a":0,"k":100,"ix":7},"sk":{"a":0,"k":0,"ix":4},"sa":{"a":0,"k":0,"ix":5},"nm":"Transform"}],"nm":"Group 1","np":2,"cix":2,"bm":0,"ix":1,"mn":"ADBE Vector Group","hd":false},{"ty":"gr","it":[{"ind":0,"ty":"sh","ix":1,"ks":{"a":0,"k":{"i":[[0,0],[-16.273,-19.686],[-31.593,-1.667],[0,0],[0,0]],"o":[[6.112,-0.397],[12.066,14.606],[5.477,-26.672],[0,0],[0,0]],"v":[[-60.487,-18.536],[-28.974,-1.786],[51.121,46.398],[60.487,-4.326],[-49.136,-46.398]],"c":true},"ix":2},"nm":"Path 1","mn":"ADBE Vector Shape - Group","hd":false},{"ty":"fl","c":{"a":0,"k":[0.275,0.419999994016,0.490000017952,1],"ix":4},"o":{"a":0,"k":100,"ix":5},"r":1,"bm":0,"nm":"Fill 1","mn":"ADBE Vector Graphic - Fill","hd":false},{"ty":"tr","p":{"a":0,"k":[267.443,46.728],"ix":2},"a":{"a":0,"k":[0,0],"ix":1},"s":{"a":0,"k":[100,100],"ix":3},"r":{"a":0,"k":0,"ix":6},"o":{"a":0,"k":100,"ix":7},"sk":{"a":0,"k":0,"ix":4},"sa":{"a":0,"k":0,"ix":5},"nm":"Transform"}],"nm":"Group 2","np":2,"cix":2,"bm":0,"ix":2,"mn":"ADBE Vector Group","hd":false},{"ty":"gr","it":[{"ind":0,"ty":"sh","ix":1,"ks":{"a":0,"k":{"i":[[0,0],[-47.231,132.009],[0,0],[0,0],[-27.306,-50.089],[-59.059,6.747],[-11.828,3.97]],"o":[[0,0],[0,0],[0,0],[-60.091,134.47],[18.496,33.974],[14.606,-1.667],[-42.072,-68.505]],"v":[[-37.07,158.125],[130.262,-336.015],[87.795,-353.161],[-70.171,43.738],[-95.097,290.769],[36.674,346.414],[76.126,337.92]],"c":true},"ix":2},"nm":"Path 1","mn":"ADBE Vector Shape - Group","hd":false},{"ty":"gf","o":{"a":0,"k":100,"ix":10},"r":1,"bm":0,"g":{"p":3,"k":{"a":0,"k":[0.334,0.427,0.58,0.647,0.531,0.627,0.686,0.706,0.742,0.827,0.792,0.765],"ix":9}},"s":{"a":0,"k":[-212,688],"ix":5},"e":{"a":0,"k":[100,-244],"ix":6},"t":1,"nm":"Gradient Fill 1","mn":"ADBE Vector Graphic - G-Fill","hd":false},{"ty":"tr","p":{"a":0,"k":[130.513,353.491],"ix":2},"a":{"a":0,"k":[0,0],"ix":1},"s":{"a":0,"k":[100,100],"ix":3},"r":{"a":0,"k":0,"ix":6},"o":{"a":0,"k":100,"ix":7},"sk":{"a":0,"k":0,"ix":4},"sa":{"a":0,"k":0,"ix":5},"nm":"Transform"}],"nm":"Group 3","np":2,"cix":2,"bm":0,"ix":3,"mn":"ADBE Vector Group","hd":false},{"ty":"gr","it":[{"ind":0,"ty":"sh","ix":1,"ks":{"a":0,"k":{"i":[[0,0],[-16.273,-19.686],[-31.593,-1.667],[0,0],[0,0]],"o":[[6.112,-0.397],[12.066,14.606],[5.477,-26.671],[0,0],[0,0]],"v":[[-55.804,-15.043],[-24.29,1.707],[46.358,42.905],[55.804,-2.421],[-44.453,-42.905]],"c":true},"ix":2},"nm":"Path 1","mn":"ADBE Vector Shape - Group","hd":false},{"ty":"fl","c":{"a":0,"k":[0.275,0.419999994016,0.490000017952,1],"ix":4},"o":{"a":0,"k":100,"ix":5},"r":1,"bm":0,"nm":"Fill 1","mn":"ADBE Vector Graphic - Fill","hd":false},{"ty":"tr","p":{"a":0,"k":[262.76,43.235],"ix":2},"a":{"a":0,"k":[0,0],"ix":1},"s":{"a":0,"k":[100,100],"ix":3},"r":{"a":0,"k":0,"ix":6},"o":{"a":0,"k":100,"ix":7},"sk":{"a":0,"k":0,"ix":4},"sa":{"a":0,"k":0,"ix":5},"nm":"Transform"}],"nm":"Group 4","np":2,"cix":2,"bm":0,"ix":4,"mn":"ADBE Vector Group","hd":false},{"ty":"gr","it":[{"ind":0,"ty":"sh","ix":1,"ks":{"a":0,"k":{"i":[[-60.091,134.47],[0,0],[0,0],[4.207,-48.342],[9.367,-100.098],[84.38,-9.606],[18.495,33.896]],"o":[[0,0],[0,0],[0,0],[-4.207,48.343],[-10.478,112.164],[-59.059,6.747],[-27.307,-50.009]],"v":[[-103.789,44.651],[54.256,-352.328],[163.88,-310.256],[123.158,-67.354],[154.513,194.441],[15.44,345.581],[-128.714,291.681]],"c":true},"ix":2},"nm":"Path 1","mn":"ADBE Vector Shape - Group","hd":false},{"ty":"fl","c":{"a":0,"k":[0.564999988032,0.642999985639,0.681999954523,1],"ix":4},"o":{"a":0,"k":100,"ix":5},"r":1,"bm":0,"nm":"Fill 1","mn":"ADBE Vector Graphic - Fill","hd":false},{"ty":"tr","p":{"a":0,"k":[164.13,352.578],"ix":2},"a":{"a":0,"k":[0,0],"ix":1},"s":{"a":0,"k":[100,100],"ix":3},"r":{"a":0,"k":0,"ix":6},"o":{"a":0,"k":100,"ix":7},"sk":{"a":0,"k":0,"ix":4},"sa":{"a":0,"k":0,"ix":5},"nm":"Transform"}],"nm":"Group 5","np":2,"cix":2,"bm":0,"ix":5,"mn":"ADBE Vector Group","hd":false}],"ip":0,"op":132,"st":-6,"bm":0},{"ddd":0,"ind":14,"ty":4,"nm":"arm back","parent":5,"sr":1,"ks":{"o":{"a":0,"k":100,"ix":11},"r":{"a":0,"k":0,"ix":10},"p":{"a":0,"k":[-296.035,121.264,0],"ix":2,"l":2},"a":{"a":0,"k":[312.729,180.641,0],"ix":1,"l":2},"s":{"a":0,"k":[100,100,100],"ix":6,"l":2}},"ao":0,"shapes":[{"ty":"gr","it":[{"ind":0,"ty":"sh","ix":1,"ks":{"a":1,"k":[{"i":{"x":0,"y":1},"o":{"x":0.333,"y":0},"t":30,"s":[{"i":[[156.061,6.032],[57.63,-40.642],[0,0],[0,-54.773],[-74.617,0],[0,0]],"o":[[-153.521,-5.954],[-44.214,31.197],[-55.407,9.527],[0,51.993],[0,0],[0,0]],"v":[[156.418,-174.437],[-103.472,-42.905],[-220.636,-16.869],[-312.479,77.912],[-209.841,180.391],[291.999,162.927]],"c":true}]},{"i":{"x":0.667,"y":1},"o":{"x":1,"y":0},"t":46,"s":[{"i":[[155.376,-15.798],[69.961,-9.078],[0,0],[0,-54.773],[-74.617,0],[0,0]],"o":[[-161.21,16.391],[-53.662,6.963],[-55.407,9.527],[0,51.993],[0,0],[0,0]],"v":[[173.985,-75.764],[-103.472,-42.905],[-220.636,-16.869],[-312.479,77.912],[-209.841,180.391],[291.999,162.927]],"c":true}]},{"i":{"x":0.833,"y":1},"o":{"x":0.635,"y":0},"t":68,"s":[{"i":[[156.061,6.032],[57.63,-40.642],[0,0],[0,-54.773],[-74.617,0],[0,0]],"o":[[-153.521,-5.954],[-44.214,31.197],[-55.407,9.527],[0,51.993],[0,0],[0,0]],"v":[[156.18,-190.435],[-103.472,-42.905],[-220.636,-16.869],[-312.479,77.912],[-209.841,180.391],[291.999,162.927]],"c":true}]},{"i":{"x":0.833,"y":1},"o":{"x":0.167,"y":0},"t":78,"s":[{"i":[[156.061,6.032],[57.63,-40.642],[0,0],[0,-54.773],[-74.617,0],[0,0]],"o":[[-153.521,-5.954],[-44.214,31.197],[-55.407,9.527],[0,51.993],[0,0],[0,0]],"v":[[156.289,-166.438],[-103.472,-42.905],[-220.636,-16.869],[-312.479,77.912],[-209.841,180.391],[291.999,162.927]],"c":true}]},{"t":90,"s":[{"i":[[156.061,6.032],[57.63,-40.642],[0,0],[0,-54.773],[-74.617,0],[0,0]],"o":[[-153.521,-5.954],[-44.214,31.197],[-55.407,9.527],[0,51.993],[0,0],[0,0]],"v":[[156.418,-174.437],[-103.472,-42.905],[-220.636,-16.869],[-312.479,77.912],[-209.841,180.391],[291.999,162.927]],"c":true}]}],"ix":2},"nm":"Path 1","mn":"ADBE Vector Shape - Group","hd":false},{"ty":"fl","c":{"a":0,"k":[0.827450980392,0.792156862745,0.764705882353,1],"ix":4},"o":{"a":0,"k":100,"ix":5},"r":1,"bm":0,"nm":"Fill 1","mn":"ADBE Vector Graphic - Fill","hd":false},{"ty":"tr","p":{"a":0,"k":[312.729,180.641],"ix":2},"a":{"a":0,"k":[0,0],"ix":1},"s":{"a":0,"k":[100,100],"ix":3},"r":{"a":0,"k":0,"ix":6},"o":{"a":0,"k":100,"ix":7},"sk":{"a":0,"k":0,"ix":4},"sa":{"a":0,"k":0,"ix":5},"nm":"Transform"}],"nm":"Group 1","np":2,"cix":2,"bm":0,"ix":1,"mn":"ADBE Vector Group","hd":false}],"ip":0,"op":132,"st":-6,"bm":0},{"ddd":0,"ind":15,"ty":4,"nm":"hand Outlines","parent":11,"sr":1,"ks":{"o":{"a":0,"k":100,"ix":11},"r":{"a":0,"k":0,"ix":10},"p":{"a":0,"k":[181.954,20.457,0],"ix":2,"l":2},"a":{"a":0,"k":[155.993,126.067,0],"ix":1,"l":2},"s":{"a":0,"k":[100,100,100],"ix":6,"l":2}},"ao":0,"shapes":[{"ty":"gr","it":[{"ind":0,"ty":"sh","ix":1,"ks":{"a":0,"k":{"i":[[-12.451,0],[0,-12.451],[12.451,0],[0,12.451]],"o":[[12.451,0],[0,12.451],[-12.451,0],[0,-12.451]],"v":[[0,-22.544],[22.544,0],[0,22.544],[-22.544,0]],"c":true},"ix":2},"nm":"Path 1","mn":"ADBE Vector Shape - Group","hd":false},{"ty":"fl","c":{"a":0,"k":[0.776000019148,0.702000038297,0.630999995213,1],"ix":4},"o":{"a":0,"k":100,"ix":5},"r":1,"bm":0,"nm":"Fill 1","mn":"ADBE Vector Graphic - Fill","hd":false},{"ty":"tr","p":{"a":0,"k":[284.509,201.954],"ix":2},"a":{"a":0,"k":[0,0],"ix":1},"s":{"a":0,"k":[100,100],"ix":3},"r":{"a":0,"k":0,"ix":6},"o":{"a":0,"k":100,"ix":7},"sk":{"a":0,"k":0,"ix":4},"sa":{"a":0,"k":0,"ix":5},"nm":"Transform"}],"nm":"Group 1","np":2,"cix":2,"bm":0,"ix":1,"mn":"ADBE Vector Group","hd":false},{"ty":"gr","it":[{"ind":0,"ty":"sh","ix":1,"ks":{"a":0,"k":{"i":[[-15.432,0],[0,-15.432],[15.432,0],[0,15.432]],"o":[[15.432,0],[0,15.432],[-15.432,0],[0,-15.432]],"v":[[0,-27.942],[27.942,0],[0,27.942],[-27.942,0]],"c":true},"ix":2},"nm":"Path 1","mn":"ADBE Vector Shape - Group","hd":false},{"ty":"gf","o":{"a":0,"k":100,"ix":10},"r":1,"bm":0,"g":{"p":3,"k":{"a":0,"k":[0,1,1,1,0.482,0.82,0.778,0.739,1,0.639,0.557,0.478],"ix":9}},"s":{"a":0,"k":[-18.317,-34.653],"ix":5},"e":{"a":0,"k":[40.594,-13.861],"ix":6},"t":2,"h":{"a":0,"k":0,"ix":7},"a":{"a":0,"k":0,"ix":8},"nm":"Gradient Fill 1","mn":"ADBE Vector Graphic - G-Fill","hd":false},{"ty":"tr","p":{"a":0,"k":[278.794,200.446],"ix":2},"a":{"a":0,"k":[0,0],"ix":1},"s":{"a":0,"k":[100,100],"ix":3},"r":{"a":0,"k":0,"ix":6},"o":{"a":0,"k":100,"ix":7},"sk":{"a":0,"k":0,"ix":4},"sa":{"a":0,"k":0,"ix":5},"nm":"Transform"}],"nm":"Group 2","np":2,"cix":2,"bm":0,"ix":2,"mn":"ADBE Vector Group","hd":false},{"ty":"gr","it":[{"ind":0,"ty":"sh","ix":1,"ks":{"a":0,"k":{"i":[[-17.361,0],[0,-17.361],[17.361,0],[0,17.361]],"o":[[17.361,0],[0,17.361],[-17.361,0],[0,-17.361]],"v":[[0,-31.435],[31.434,0],[0,31.435],[-31.434,0]],"c":true},"ix":2},"nm":"Path 1","mn":"ADBE Vector Shape - Group","hd":false},{"ty":"fl","c":{"a":0,"k":[0.275,0.419999994016,0.490000017952,1],"ix":4},"o":{"a":0,"k":100,"ix":5},"r":1,"bm":0,"nm":"Fill 1","mn":"ADBE Vector Graphic - Fill","hd":false},{"ty":"tr","p":{"a":0,"k":[277.206,201.874],"ix":2},"a":{"a":0,"k":[0,0],"ix":1},"s":{"a":0,"k":[100,100],"ix":3},"r":{"a":0,"k":0,"ix":6},"o":{"a":0,"k":100,"ix":7},"sk":{"a":0,"k":0,"ix":4},"sa":{"a":0,"k":0,"ix":5},"nm":"Transform"}],"nm":"Group 3","np":2,"cix":2,"bm":0,"ix":3,"mn":"ADBE Vector Group","hd":false},{"ty":"gr","it":[{"ind":0,"ty":"sh","ix":1,"ks":{"a":0,"k":{"i":[[-15.169,0],[0,-15.168],[15.169,0],[0,15.169]],"o":[[15.169,0],[0,15.169],[-15.169,0],[0,-15.168]],"v":[[0,-27.466],[27.465,0],[0,27.466],[-27.465,0]],"c":true},"ix":2},"nm":"Path 1","mn":"ADBE Vector Shape - Group","hd":false},{"ty":"fl","c":{"a":0,"k":[0.776000019148,0.702000038297,0.630999995213,1],"ix":4},"o":{"a":0,"k":100,"ix":5},"r":1,"bm":0,"nm":"Fill 1","mn":"ADBE Vector Graphic - Fill","hd":false},{"ty":"tr","p":{"a":0,"k":[237.834,50.735],"ix":2},"a":{"a":0,"k":[0,0],"ix":1},"s":{"a":0,"k":[100,100],"ix":3},"r":{"a":0,"k":0,"ix":6},"o":{"a":0,"k":100,"ix":7},"sk":{"a":0,"k":0,"ix":4},"sa":{"a":0,"k":0,"ix":5},"nm":"Transform"}],"nm":"Group 4","np":2,"cix":2,"bm":0,"ix":4,"mn":"ADBE Vector Group","hd":false},{"ty":"gr","it":[{"ind":0,"ty":"sh","ix":1,"ks":{"a":0,"k":{"i":[[-18.807,0],[0,-18.807],[18.807,0],[0,18.807]],"o":[[18.807,0],[0,18.807],[-18.807,0],[0,-18.807]],"v":[[0,-34.054],[34.054,0],[0,34.054],[-34.054,0]],"c":true},"ix":2},"nm":"Path 1","mn":"ADBE Vector Shape - Group","hd":false},{"ty":"gf","o":{"a":0,"k":100,"ix":10},"r":1,"bm":0,"g":{"p":3,"k":{"a":0,"k":[0,1,1,1,0.482,0.82,0.778,0.739,1,0.639,0.557,0.478],"ix":9}},"s":{"a":0,"k":[-18.317,-34.653],"ix":5},"e":{"a":0,"k":[40.594,-13.861],"ix":6},"t":2,"h":{"a":0,"k":0,"ix":7},"a":{"a":0,"k":0,"ix":8},"nm":"Gradient Fill 1","mn":"ADBE Vector Graphic - G-Fill","hd":false},{"ty":"tr","p":{"a":0,"k":[231.801,50.497],"ix":2},"a":{"a":0,"k":[0,0],"ix":1},"s":{"a":0,"k":[100,100],"ix":3},"r":{"a":0,"k":0,"ix":6},"o":{"a":0,"k":100,"ix":7},"sk":{"a":0,"k":0,"ix":4},"sa":{"a":0,"k":0,"ix":5},"nm":"Transform"}],"nm":"Group 5","np":2,"cix":2,"bm":0,"ix":5,"mn":"ADBE Vector Group","hd":false},{"ty":"gr","it":[{"ind":0,"ty":"sh","ix":1,"ks":{"a":0,"k":{"i":[[-20.167,0],[0,-20.167],[20.167,0],[0,20.166]],"o":[[20.167,0],[0,20.166],[-20.167,0],[0,-20.167]],"v":[[0,-36.515],[36.515,0],[0,36.515],[-36.515,0]],"c":true},"ix":2},"nm":"Path 1","mn":"ADBE Vector Shape - Group","hd":false},{"ty":"fl","c":{"a":0,"k":[0.275,0.419999994016,0.490000017952,1],"ix":4},"o":{"a":0,"k":100,"ix":5},"r":1,"bm":0,"nm":"Fill 1","mn":"ADBE Vector Graphic - Fill","hd":false},{"ty":"tr","p":{"a":0,"k":[228.705,54.466],"ix":2},"a":{"a":0,"k":[0,0],"ix":1},"s":{"a":0,"k":[100,100],"ix":3},"r":{"a":0,"k":0,"ix":6},"o":{"a":0,"k":100,"ix":7},"sk":{"a":0,"k":0,"ix":4},"sa":{"a":0,"k":0,"ix":5},"nm":"Transform"}],"nm":"Group 6","np":2,"cix":2,"bm":0,"ix":6,"mn":"ADBE Vector Group","hd":false},{"ty":"gr","it":[{"ind":0,"ty":"sh","ix":1,"ks":{"a":0,"k":{"i":[[-7.859,-7.145],[7.303,5.239],[5.239,1.429],[-20.956,-37.626],[0,0],[-3.492,-0.952],[-2.222,3.811],[0.238,4.365],[5.001,9.446]],"o":[[-0.953,-0.874],[-4.445,-3.175],[-34.292,-9.446],[18.575,33.419],[0,0],[4.287,1.112],[2.223,-3.81],[0,0],[-5.001,-9.447]],"v":[[32.863,-74.776],[25.322,-86.048],[10.24,-92.319],[-27.942,-26.989],[26.751,80.65],[35.641,100.653],[46.675,95.255],[47.072,83.349],[-8.494,-29.45]],"c":true},"ix":2},"nm":"Path 1","mn":"ADBE Vector Shape - Group","hd":false},{"ty":"fl","c":{"a":0,"k":[0.275,0.419999994016,0.490000017952,1],"ix":4},"o":{"a":0,"k":100,"ix":5},"r":1,"bm":0,"nm":"Fill 1","mn":"ADBE Vector Graphic - Fill","hd":false},{"ty":"tr","p":{"a":0,"k":[217.91,103.999],"ix":2},"a":{"a":0,"k":[0,0],"ix":1},"s":{"a":0,"k":[100,100],"ix":3},"r":{"a":0,"k":0,"ix":6},"o":{"a":0,"k":100,"ix":7},"sk":{"a":0,"k":0,"ix":4},"sa":{"a":0,"k":0,"ix":5},"nm":"Transform"}],"nm":"Group 7","np":2,"cix":2,"bm":0,"ix":7,"mn":"ADBE Vector Group","hd":false},{"ty":"gr","it":[{"ind":0,"ty":"sh","ix":1,"ks":{"a":0,"k":{"i":[[0,0],[17.701,4.842],[-20.957,-37.626],[0,0],[0,0],[6.192,20.798]],"o":[[-6.43,-21.036],[-34.293,-9.446],[22.782,40.96],[0,0],[7.303,-2.699],[0,0]],"v":[[18.853,-69.974],[-12.184,-102.361],[-50.366,-37.032],[5.2,71.401],[55.685,111.806],[65.131,75.53]],"c":true},"ix":2},"nm":"Path 1","mn":"ADBE Vector Shape - Group","hd":false},{"ty":"fl","c":{"a":0,"k":[0.564999988032,0.642999985639,0.681999954523,1],"ix":4},"o":{"a":0,"k":100,"ix":5},"r":1,"bm":0,"nm":"Fill 1","mn":"ADBE Vector Graphic - Fill","hd":false},{"ty":"tr","p":{"a":0,"k":[240.413,114.12],"ix":2},"a":{"a":0,"k":[0,0],"ix":1},"s":{"a":0,"k":[100,100],"ix":3},"r":{"a":0,"k":0,"ix":6},"o":{"a":0,"k":100,"ix":7},"sk":{"a":0,"k":0,"ix":4},"sa":{"a":0,"k":0,"ix":5},"nm":"Transform"}],"nm":"Group 8","np":2,"cix":2,"bm":0,"ix":8,"mn":"ADBE Vector Group","hd":false},{"ty":"gr","it":[{"ind":0,"ty":"sh","ix":1,"ks":{"a":0,"k":{"i":[[0,0],[0,0],[0,0],[0,0],[0,0]],"o":[[0,0],[0,0],[0,0],[0,0],[0,0]],"v":[[-64.456,27.505],[51.359,-89.183],[64.456,0.833],[-5.398,89.183],[-44.452,51.398]],"c":true},"ix":2},"nm":"Path 1","mn":"ADBE Vector Shape - Group","hd":false},{"ty":"fl","c":{"a":0,"k":[0.564999988032,0.642999985639,0.681999954523,1],"ix":4},"o":{"a":0,"k":100,"ix":5},"r":1,"bm":0,"nm":"Fill 1","mn":"ADBE Vector Graphic - Fill","hd":false},{"ty":"tr","p":{"a":0,"k":[145.674,105.626],"ix":2},"a":{"a":0,"k":[0,0],"ix":1},"s":{"a":0,"k":[100,100],"ix":3},"r":{"a":0,"k":0,"ix":6},"o":{"a":0,"k":100,"ix":7},"sk":{"a":0,"k":0,"ix":4},"sa":{"a":0,"k":0,"ix":5},"nm":"Transform"}],"nm":"Group 9","np":2,"cix":2,"bm":0,"ix":9,"mn":"ADBE Vector Group","hd":false},{"ty":"gr","it":[{"ind":0,"ty":"sh","ix":1,"ks":{"a":0,"k":{"i":[[0,0],[-24.766,30.958],[0,0],[-31.117,-3.571],[0,0],[0.794,-1.27],[0,0]],"o":[[0,0],[0,0],[15.162,-17.543],[29.211,3.414],[0,0],[-0.873,1.27],[0,0]],"v":[[-94.263,83.19],[-89.184,10.24],[-0.595,-79.459],[62.591,-98.908],[113.949,-91.049],[110.377,-18.972],[17.663,102.479]],"c":true},"ix":2},"nm":"Path 1","mn":"ADBE Vector Shape - Group","hd":false},{"ty":"fl","c":{"a":0,"k":[0.827450980392,0.792156862745,0.764705882353,1],"ix":4},"o":{"a":0,"k":100,"ix":5},"r":1,"bm":0,"nm":"Fill 1","mn":"ADBE Vector Graphic - Fill","hd":false},{"ty":"tr","p":{"a":0,"k":[114.279,102.729],"ix":2},"a":{"a":0,"k":[0,0],"ix":1},"s":{"a":0,"k":[100,100],"ix":3},"r":{"a":0,"k":0,"ix":6},"o":{"a":0,"k":100,"ix":7},"sk":{"a":0,"k":0,"ix":4},"sa":{"a":0,"k":0,"ix":5},"nm":"Transform"}],"nm":"Group 10","np":2,"cix":2,"bm":0,"ix":10,"mn":"ADBE Vector Group","hd":false},{"ty":"gr","it":[{"ind":0,"ty":"sh","ix":1,"ks":{"a":0,"k":{"i":[[-2.54,12.939],[0,0.556],[0,0],[26.91,3.096],[15.241,-17.543],[0,0],[0,0],[0,0],[-18.337,24.052]],"o":[[0.953,-20.797],[0,0],[-3.176,-0.635],[-31.117,-3.572],[0,0],[-24.846,30.958],[0,0],[0,0],[1.032,-5.001]],"v":[[111.926,-42.866],[113.989,-90.969],[113.513,-91.129],[62.551,-98.908],[-0.635,-79.46],[-89.143,10.16],[-94.224,83.11],[17.702,102.479],[106.051,-13.177]],"c":true},"ix":2},"nm":"Path 1","mn":"ADBE Vector Shape - Group","hd":false},{"ty":"fl","c":{"a":0,"k":[0.426999978458,0.579999976065,0.647000002394,1],"ix":4},"o":{"a":0,"k":100,"ix":5},"r":1,"bm":0,"nm":"Fill 1","mn":"ADBE Vector Graphic - Fill","hd":false},{"ty":"tr","p":{"a":0,"k":[114.239,102.809],"ix":2},"a":{"a":0,"k":[0,0],"ix":1},"s":{"a":0,"k":[100,100],"ix":3},"r":{"a":0,"k":0,"ix":6},"o":{"a":0,"k":100,"ix":7},"sk":{"a":0,"k":0,"ix":4},"sa":{"a":0,"k":0,"ix":5},"nm":"Transform"}],"nm":"Group 11","np":2,"cix":2,"bm":0,"ix":11,"mn":"ADBE Vector Group","hd":false},{"ty":"gr","it":[{"ind":0,"ty":"sh","ix":1,"ks":{"a":0,"k":{"i":[[-3.334,8.335],[-11.986,-3.414],[9.446,-21.036],[0,0],[0,0],[0,0],[0,0],[31.911,-1.27],[0,0],[0,0]],"o":[[10.954,-26.91],[12.225,3.492],[0,0],[0,0],[0,0],[0,0],[0,0],[-31.91,1.27],[0,0],[0.079,0]],"v":[[-41.238,-47.469],[-7.978,-70.012],[2.977,-31.196],[-13.296,17.305],[41.317,0.635],[64.179,24.37],[77.276,53.106],[-5.438,73.109],[-54.891,48.184],[-77.276,37.864]],"c":true},"ix":2},"nm":"Path 1","mn":"ADBE Vector Shape - Group","hd":false},{"ty":"fl","c":{"a":0,"k":[0.275,0.419999994016,0.490000017952,1],"ix":4},"o":{"a":0,"k":100,"ix":5},"r":1,"bm":0,"nm":"Fill 1","mn":"ADBE Vector Graphic - Fill","hd":false},{"ty":"tr","p":{"a":0,"k":[211.996,177.504],"ix":2},"a":{"a":0,"k":[0,0],"ix":1},"s":{"a":0,"k":[100,100],"ix":3},"r":{"a":0,"k":0,"ix":6},"o":{"a":0,"k":100,"ix":7},"sk":{"a":0,"k":0,"ix":4},"sa":{"a":0,"k":0,"ix":5},"nm":"Transform"}],"nm":"Group 12","np":2,"cix":2,"bm":0,"ix":12,"mn":"ADBE Vector Group","hd":false},{"ty":"gr","it":[{"ind":0,"ty":"sh","ix":1,"ks":{"a":0,"k":{"i":[[0,0],[0,0],[0,0],[0,0],[0,0],[-2.143,1.031],[0,0]],"o":[[0,0],[0,0],[0,0],[0,0],[0,0],[2.143,-1.032],[0,0]],"v":[[54.931,-43.064],[-13.891,-79.022],[-76.84,-11.788],[-78.824,42.111],[22.465,79.022],[76.681,51.16],[75.808,7.184]],"c":true},"ix":2},"nm":"Path 1","mn":"ADBE Vector Shape - Group","hd":false},{"ty":"fl","c":{"a":0,"k":[0.128999986836,0.128999986836,0.128999986836,1],"ix":4},"o":{"a":0,"k":100,"ix":5},"r":1,"bm":0,"nm":"Fill 1","mn":"ADBE Vector Graphic - Fill","hd":false},{"ty":"tr","p":{"a":0,"k":[203.938,156.112],"ix":2},"a":{"a":0,"k":[0,0],"ix":1},"s":{"a":0,"k":[100,100],"ix":3},"r":{"a":0,"k":0,"ix":6},"o":{"a":0,"k":100,"ix":7},"sk":{"a":0,"k":0,"ix":4},"sa":{"a":0,"k":0,"ix":5},"nm":"Transform"}],"nm":"Group 13","np":2,"cix":2,"bm":0,"ix":13,"mn":"ADBE Vector Group","hd":false}],"ip":0,"op":132,"st":-6,"bm":0}]}],"layers":[{"ddd":0,"ind":1,"ty":0,"nm":"Mechanical arm","refId":"comp_0","sr":1,"ks":{"o":{"a":0,"k":100,"ix":11},"r":{"a":0,"k":0,"ix":10},"p":{"a":0,"k":[512,515,0],"ix":2,"l":2},"a":{"a":0,"k":[512,512,0],"ix":1,"l":2},"s":{"a":0,"k":[101,101,100],"ix":6,"l":2}},"ao":0,"w":1024,"h":1024,"ip":0,"op":122,"st":-10,"bm":0}],"markers":[{"tm":119,"cm":"rest","dr":0}]}