{"v":"5.8.1","fr":60,"ip":0,"op":120,"w":1024,"h":1024,"nm":"emoji_smile-with-open-hands","ddd":0,"assets":[],"layers":[{"ddd":0,"ind":1,"ty":3,"nm":"Null ALL","sr":1,"ks":{"o":{"a":0,"k":0,"ix":11},"r":{"a":0,"k":0,"ix":10},"p":{"s":true,"x":{"a":1,"k":[{"i":{"x":[0.667],"y":[1]},"o":{"x":[0.333],"y":[0]},"t":0,"s":[512]},{"i":{"x":[0.667],"y":[1]},"o":{"x":[0.333],"y":[0]},"t":45,"s":[512]},{"i":{"x":[0.667],"y":[1]},"o":{"x":[1],"y":[0]},"t":62.5,"s":[512]},{"i":{"x":[0.667],"y":[1]},"o":{"x":[0.333],"y":[0]},"t":80,"s":[512]},{"t":93,"s":[512]}],"ix":3},"y":{"a":1,"k":[{"i":{"x":[0.667],"y":[1]},"o":{"x":[0.333],"y":[0]},"t":0,"s":[520]},{"i":{"x":[0],"y":[1]},"o":{"x":[0.333],"y":[0]},"t":10,"s":[528]},{"i":{"x":[0.667],"y":[1]},"o":{"x":[0.333],"y":[0]},"t":45,"s":[492]},{"i":{"x":[0.667],"y":[1]},"o":{"x":[1],"y":[0]},"t":62.5,"s":[492]},{"i":{"x":[0.667],"y":[1]},"o":{"x":[0.333],"y":[0]},"t":80,"s":[528]},{"t":93,"s":[520]}],"ix":4}},"a":{"a":0,"k":[0,0,0],"ix":1,"l":2},"s":{"a":0,"k":[100,100,100],"ix":6,"l":2}},"ao":0,"ip":0,"op":120,"st":0,"bm":0},{"ddd":0,"ind":2,"ty":3,"nm":"Null Face","parent":1,"sr":1,"ks":{"o":{"a":0,"k":0,"ix":11},"r":{"a":1,"k":[{"i":{"x":[0.667],"y":[1]},"o":{"x":[0.333],"y":[0]},"t":0,"s":[0]},{"i":{"x":[0],"y":[1]},"o":{"x":[0.333],"y":[0]},"t":10,"s":[2]},{"i":{"x":[0.667],"y":[1]},"o":{"x":[0.333],"y":[0]},"t":45,"s":[-5]},{"i":{"x":[0.667],"y":[1]},"o":{"x":[1],"y":[0]},"t":62.5,"s":[-5]},{"i":{"x":[0.667],"y":[1]},"o":{"x":[0.333],"y":[0]},"t":83,"s":[1]},{"t":98,"s":[0]}],"ix":10},"p":{"s":true,"x":{"a":1,"k":[{"i":{"x":[0.667],"y":[1]},"o":{"x":[0.333],"y":[0]},"t":0,"s":[1]},{"i":{"x":[0],"y":[1]},"o":{"x":[0.333],"y":[0]},"t":10,"s":[5]},{"i":{"x":[0.667],"y":[1]},"o":{"x":[0.333],"y":[0]},"t":45,"s":[-35]},{"i":{"x":[0.667],"y":[1]},"o":{"x":[1],"y":[0]},"t":62.5,"s":[-35]},{"i":{"x":[0.667],"y":[1]},"o":{"x":[0.333],"y":[0]},"t":83,"s":[1]},{"t":98,"s":[1]}],"ix":3},"y":{"a":1,"k":[{"i":{"x":[0.667],"y":[1]},"o":{"x":[0.333],"y":[0]},"t":0,"s":[-41]},{"i":{"x":[0],"y":[1]},"o":{"x":[0.333],"y":[0]},"t":10,"s":[-21]},{"i":{"x":[0.667],"y":[1]},"o":{"x":[0.333],"y":[0]},"t":45,"s":[-117]},{"i":{"x":[0.667],"y":[1]},"o":{"x":[1],"y":[0]},"t":62.5,"s":[-117]},{"i":{"x":[0.667],"y":[1]},"o":{"x":[0.333],"y":[0]},"t":83,"s":[-25]},{"t":98,"s":[-41]}],"ix":4}},"a":{"a":0,"k":[0,0,0],"ix":1,"l":2},"s":{"a":0,"k":[100,100,100],"ix":6,"l":2}},"ao":0,"ip":0,"op":120,"st":0,"bm":0},{"ddd":0,"ind":3,"ty":4,"nm":"eyes ","parent":2,"sr":1,"ks":{"o":{"a":0,"k":100,"ix":11},"r":{"a":0,"k":-11.034,"ix":10},"p":{"a":0,"k":[-25,-155.257,0],"ix":2,"l":2},"a":{"a":0,"k":[253.215,58.532,0],"ix":1,"l":2},"s":{"a":0,"k":[94,94,100],"ix":6,"l":2}},"ao":0,"shapes":[{"ty":"gr","it":[{"ind":0,"ty":"sh","ix":1,"ks":{"a":0,"k":{"i":[[18.743,24.886],[14.6,2.234],[0,0],[6.589,-5.072],[32.781,20.382],[-10.319,18.512],[-24.692,6.618],[-8.464,-0.299],[-4.504,-1.059],[-6.009,-38.624]],"o":[[-9.141,-10.573],[0,0],[-5.564,-0.558],[-22.022,18.167],[-20.842,-14.317],[12.601,-22.045],[8.129,-2.393],[4.649,-0.134],[38.717,6.735],[5.468,32.319]],"v":[[38.887,38.519],[3.767,9.879],[4.567,9.879],[-11.994,16.199],[-80.394,44.598],[-79.993,-15.401],[-21.674,-61.721],[3.927,-64.681],[18.086,-63.561],[95.768,16.119]],"c":true},"ix":2},"nm":"Path 1","mn":"ADBE Vector Shape - Group","hd":false},{"ty":"fl","c":{"a":0,"k":[0.258999992819,0.169000004787,0.051000000449,1],"ix":4},"o":{"a":0,"k":100,"ix":5},"r":1,"bm":0,"nm":"Fill 1","mn":"ADBE Vector Graphic - Fill","hd":false},{"ty":"tr","p":{"a":0,"k":[400.942,65.23],"ix":2},"a":{"a":0,"k":[0,0],"ix":1},"s":{"a":0,"k":[100,100],"ix":3},"r":{"a":0,"k":0,"ix":6},"o":{"a":0,"k":100,"ix":7},"sk":{"a":0,"k":0,"ix":4},"sa":{"a":0,"k":0,"ix":5},"nm":"Transform"}],"nm":"Group 1","np":2,"cix":2,"bm":0,"ix":1,"mn":"ADBE Vector Group","hd":false},{"ty":"gr","it":[{"ind":0,"ty":"sh","ix":1,"ks":{"a":0,"k":{"i":[[18.269,24.679],[13.997,1.939],[0,0],[8.05,-9.809],[17.525,12.766],[-10.225,18.571],[-30.088,3.467],[-3.783,0.004],[-4.504,-1.059],[-6.016,-38.838]],"o":[[-8.424,-10.463],[0,0],[-10.284,-2.054],[-11.404,17.03],[-20.857,-14.335],[14.866,-26.118],[3.757,-0.534],[4.649,-0.133],[38.826,6.915],[5.244,32.17]],"v":[[38.127,39.167],[3.247,10.528],[4.046,10.528],[-29.633,33.728],[-80.594,45.567],[-80.273,-14.432],[-8.593,-63.313],[4.127,-63.712],[18.286,-62.592],[96.208,17.167]],"c":true},"ix":2},"nm":"Path 1","mn":"ADBE Vector Shape - Group","hd":false},{"ty":"fl","c":{"a":0,"k":[0.258999992819,0.169000004787,0.051000000449,1],"ix":4},"o":{"a":0,"k":100,"ix":5},"r":1,"bm":0,"nm":"Fill 1","mn":"ADBE Vector Graphic - Fill","hd":false},{"ty":"tr","p":{"a":0,"k":[101.702,64.582],"ix":2},"a":{"a":0,"k":[0,0],"ix":1},"s":{"a":0,"k":[100,100],"ix":3},"r":{"a":0,"k":0,"ix":6},"o":{"a":0,"k":100,"ix":7},"sk":{"a":0,"k":0,"ix":4},"sa":{"a":0,"k":0,"ix":5},"nm":"Transform"}],"nm":"Group 2","np":2,"cix":2,"bm":0,"ix":2,"mn":"ADBE Vector Group","hd":false}],"ip":0,"op":120,"st":0,"bm":0},{"ddd":0,"ind":4,"ty":3,"nm":"Null Hands","parent":1,"sr":1,"ks":{"o":{"a":0,"k":0,"ix":11},"r":{"a":1,"k":[{"i":{"x":[0.667],"y":[1]},"o":{"x":[0.333],"y":[0]},"t":0,"s":[0]},{"i":{"x":[0],"y":[1]},"o":{"x":[0.333],"y":[0]},"t":15,"s":[0]},{"i":{"x":[0.667],"y":[1]},"o":{"x":[0.333],"y":[0]},"t":45,"s":[-2]},{"i":{"x":[0.667],"y":[1]},"o":{"x":[1],"y":[0]},"t":62.5,"s":[-2]},{"i":{"x":[0.667],"y":[1]},"o":{"x":[0.333],"y":[0]},"t":86,"s":[0]},{"t":103,"s":[0]}],"ix":10},"p":{"a":1,"k":[{"i":{"x":0.667,"y":1},"o":{"x":0.333,"y":0},"t":0,"s":[0,0,0],"to":[0,0,0],"ti":[0,0,0]},{"i":{"x":0,"y":1},"o":{"x":0.333,"y":0},"t":15,"s":[0,8,0],"to":[0,0,0],"ti":[0,0,0]},{"i":{"x":0.667,"y":0.667},"o":{"x":0.333,"y":0.333},"t":45,"s":[-8,-32,0],"to":[0,0,0],"ti":[0,0,0]},{"i":{"x":0.667,"y":1},"o":{"x":1,"y":0},"t":62.5,"s":[-8,-32,0],"to":[0,0,0],"ti":[0,0,0]},{"i":{"x":0.667,"y":1},"o":{"x":0.333,"y":0},"t":86,"s":[0,8,0],"to":[0,0,0],"ti":[0,0,0]},{"t":103,"s":[0,0,0]}],"ix":2,"l":2},"a":{"a":0,"k":[0,0,0],"ix":1,"l":2},"s":{"a":0,"k":[100,100,100],"ix":6,"l":2}},"ao":0,"ip":0,"op":120,"st":0,"bm":0},{"ddd":0,"ind":5,"ty":3,"nm":"Null Hands mirror","parent":4,"sr":1,"ks":{"o":{"a":0,"k":0,"ix":11},"r":{"a":0,"k":0,"ix":10},"p":{"a":0,"k":[0,0,0],"ix":2,"l":2},"a":{"a":0,"k":[0,0,0],"ix":1,"l":2},"s":{"a":0,"k":[-100,100,100],"ix":6,"l":2}},"ao":0,"ip":0,"op":120,"st":0,"bm":0},{"ddd":0,"ind":6,"ty":4,"nm":"hand L ","parent":5,"sr":1,"ks":{"o":{"a":0,"k":100,"ix":11},"r":{"a":1,"k":[{"i":{"x":[0.833],"y":[0.833]},"o":{"x":[0.333],"y":[0]},"t":6,"s":[0]},{"i":{"x":[0.667],"y":[1]},"o":{"x":[0.167],"y":[0.167]},"t":15,"s":[3]},{"i":{"x":[0.667],"y":[1]},"o":{"x":[0.333],"y":[0]},"t":24,"s":[10]},{"i":{"x":[0.667],"y":[1]},"o":{"x":[0.333],"y":[0]},"t":30,"s":[-10]},{"i":{"x":[0.667],"y":[1]},"o":{"x":[0.333],"y":[0]},"t":36,"s":[10]},{"i":{"x":[0.667],"y":[1]},"o":{"x":[0.333],"y":[0]},"t":42,"s":[-10]},{"i":{"x":[0.667],"y":[1]},"o":{"x":[0.333],"y":[0]},"t":48,"s":[10]},{"i":{"x":[0.667],"y":[1]},"o":{"x":[0.333],"y":[0]},"t":54,"s":[-10]},{"i":{"x":[0.667],"y":[1]},"o":{"x":[0.333],"y":[0]},"t":60,"s":[10]},{"i":{"x":[0.667],"y":[1]},"o":{"x":[0.333],"y":[0]},"t":69,"s":[-10]},{"t":86,"s":[0]}],"ix":10},"p":{"a":1,"k":[{"i":{"x":0.833,"y":0.833},"o":{"x":0.333,"y":0.333},"t":6,"s":[278.834,312.014,0],"to":[0,0,0],"ti":[0,0,0]},{"i":{"x":0.667,"y":1},"o":{"x":0.167,"y":0.167},"t":15,"s":[278.834,312.014,0],"to":[0,0,0],"ti":[0,0,0]},{"i":{"x":0.667,"y":0.667},"o":{"x":0.167,"y":0.167},"t":24,"s":[258.843,312.62,0],"to":[0,0,0],"ti":[0,0,0]},{"i":{"x":0.667,"y":1},"o":{"x":0.333,"y":0},"t":69,"s":[258.843,312.62,0],"to":[0,0,0],"ti":[0,0,0]},{"t":86,"s":[278.834,312.014,0]}],"ix":2,"l":2},"a":{"a":0,"k":[144.775,229.268,0],"ix":1,"l":2},"s":{"a":0,"k":[100,100,100],"ix":6,"l":2}},"ao":0,"shapes":[{"ty":"gr","it":[{"ind":0,"ty":"sh","ix":1,"ks":{"a":1,"k":[{"i":{"x":0.667,"y":1},"o":{"x":0.167,"y":0.167},"t":15,"s":[{"i":[[-12.708,0],[-5.228,-7.963],[7.882,-25.173],[0.483,-2.734],[-4.664,1.768],[-21.876,25.656],[-1.126,1.368],[17.131,-21.634],[16.246,9.491],[-0.161,11.662],[2.01,7.56],[1.528,2.01],[7.48,-12.627],[0,0]],"o":[[5.791,0],[10.294,15.442],[-1.287,4.102],[-0.965,4.988],[19.705,-7.4],[1.126,-1.368],[-0.241,3.7],[-4.585,5.872],[-10.053,-5.79],[0.081,-6.354],[-0.402,-1.93],[-8.766,-11.743],[0,0],[4.021,-10.777]],"v":[[-35.146,-58.993],[-14.315,-49.583],[-15.924,19.986],[-18.498,30.119],[-9.973,37.359],[53.484,-21.514],[56.781,-25.536],[26.863,19.905],[-24.449,49.502],[-17.935,-12.989],[-18.98,-35.106],[-22.117,-41.057],[-56.54,-40.656],[-56.781,-40.334]],"c":true}]},{"i":{"x":0.667,"y":1},"o":{"x":0.333,"y":0},"t":24,"s":[{"i":[[-12.522,2.167],[-6.51,-6.955],[2.331,-21.421],[0.483,-2.734],[-4.664,1.768],[-17.461,22.439],[0,0],[20.299,-24.821],[11.195,3.457],[4.645,36.274],[3.27,7.106],[1.848,1.72],[5.217,-13.718],[0,0]],"o":[[5.706,-0.988],[12.777,13.46],[-0.707,6.496],[-0.965,4.988],[19.705,-7.4],[9.205,-11.829],[0,0],[-20.299,24.821],[-15.003,-4.633],[-0.807,-6.303],[-0.725,-1.833],[-10.64,-10.076],[0,0],[2.124,-11.305]],"v":[[-51.388,-58.342],[-29.257,-52.622],[-11.88,13.11],[-14.75,30.005],[-8.724,37.321],[51.839,-25.578],[69.378,-46.314],[31.369,11.765],[-19.898,51.115],[-24.228,-12.517],[-31.385,-37.562],[-35.491,-42.89],[-69.341,-36.624],[-69.523,-36.266]],"c":true}]},{"i":{"x":0.667,"y":1},"o":{"x":0.333,"y":0},"t":69,"s":[{"i":[[-12.522,2.167],[-6.51,-6.955],[2.331,-21.421],[0.483,-2.734],[-4.664,1.768],[-17.461,22.439],[0,0],[20.299,-24.821],[11.195,3.457],[4.645,36.274],[3.27,7.106],[1.848,1.72],[5.217,-13.718],[0,0]],"o":[[5.706,-0.988],[12.777,13.46],[-0.707,6.496],[-0.965,4.988],[19.705,-7.4],[9.205,-11.829],[0,0],[-20.299,24.821],[-15.003,-4.633],[-0.807,-6.303],[-0.725,-1.833],[-10.64,-10.076],[0,0],[2.124,-11.305]],"v":[[-51.388,-58.342],[-29.257,-52.622],[-11.88,13.11],[-14.75,30.005],[-8.724,37.321],[51.839,-25.578],[69.378,-46.314],[31.369,11.765],[-19.898,51.115],[-24.228,-12.517],[-31.385,-37.562],[-35.491,-42.89],[-69.341,-36.624],[-69.523,-36.266]],"c":true}]},{"t":86,"s":[{"i":[[-12.708,0],[-5.228,-7.963],[7.882,-25.173],[0.483,-2.734],[-4.664,1.768],[-21.876,25.656],[-1.126,1.368],[17.131,-21.634],[16.246,9.491],[-0.161,11.662],[2.01,7.56],[1.528,2.01],[7.48,-12.627],[0,0]],"o":[[5.791,0],[10.294,15.442],[-1.287,4.102],[-0.965,4.988],[19.705,-7.4],[1.126,-1.368],[-0.241,3.7],[-4.585,5.872],[-10.053,-5.79],[0.081,-6.354],[-0.402,-1.93],[-8.766,-11.743],[0,0],[4.021,-10.777]],"v":[[-35.146,-58.993],[-14.315,-49.583],[-15.924,19.986],[-18.498,30.119],[-9.973,37.359],[53.484,-21.514],[56.781,-25.536],[26.863,19.905],[-24.449,49.502],[-17.935,-12.989],[-18.98,-35.106],[-22.117,-41.057],[-56.54,-40.656],[-56.781,-40.334]],"c":true}]}],"ix":2},"nm":"Path 1","mn":"ADBE Vector Shape - Group","hd":false},{"ty":"gf","o":{"a":0,"k":100,"ix":10},"r":1,"bm":0,"g":{"p":3,"k":{"a":0,"k":[0.13,0.855,0.404,0.153,0.694,0.927,0.586,0.076,1,1,0.769,0],"ix":9}},"s":{"a":0,"k":[-99,-4],"ix":5},"e":{"a":0,"k":[55,9],"ix":6},"t":1,"nm":"Gradient Fill 1","mn":"ADBE Vector Graphic - G-Fill","hd":false},{"ty":"tr","p":{"a":0,"k":[111.158,98.974],"ix":2},"a":{"a":0,"k":[0,0],"ix":1},"s":{"a":0,"k":[100,100],"ix":3},"r":{"a":0,"k":0,"ix":6},"o":{"a":0,"k":100,"ix":7},"sk":{"a":0,"k":0,"ix":4},"sa":{"a":0,"k":0,"ix":5},"nm":"Transform"}],"nm":"Group 1","np":2,"cix":2,"bm":0,"ix":1,"mn":"ADBE Vector Group","hd":false},{"ty":"gr","it":[{"ind":0,"ty":"sh","ix":1,"ks":{"a":1,"k":[{"i":{"x":0.667,"y":1},"o":{"x":0.167,"y":0.167},"t":15,"s":[{"i":[[-1.367,1.77],[1.368,37.399],[19.141,-11.179],[-17.855,-6.354],[-0.161,-2.573],[2.172,-5.951],[8.204,-13.11],[9.169,-11.983],[5.227,-5.63],[3.699,-3.619],[1.126,0],[0.804,0.563]],"o":[[13.592,-18.016],[-0.402,-11.983],[-0.241,0.161],[15.522,5.468],[0.805,8.123],[-4.504,11.26],[-6.112,9.972],[-5.066,6.515],[-3.54,3.86],[-0.885,0.804],[-0.965,0],[-1.77,-1.448]],"v":[[-38.645,67.518],[28.108,-45.08],[-10.577,-58.189],[21.272,-67.92],[39.207,-45.562],[35.588,-23.686],[17.171,11.622],[-5.269,43.711],[-20.71,61.808],[-31.568,72.987],[-34.704,74.274],[-37.439,73.389]],"c":true}]},{"i":{"x":0.667,"y":1},"o":{"x":0.333,"y":0},"t":24,"s":[{"i":[[-1.367,1.77],[-5.968,34.186],[20.551,-8.308],[-16.755,-8.857],[0.211,-2.569],[3.006,-5.576],[7.442,-10.063],[7.286,-10.223],[3.913,-4.021],[3.699,-3.619],[1.126,0],[0.804,0.563]],"o":[[10.653,-27.489],[1.327,-11.916],[-0.262,0.125],[14.573,7.645],[-0.372,8.154],[-6.078,10.495],[-7.442,10.063],[-7.286,10.223],[-3.54,3.86],[-0.885,0.804],[-0.965,0],[-1.77,-1.448]],"v":[[-38.645,67.518],[30.647,-41.659],[-5.749,-60.199],[27.169,-65.245],[41.7,-40.538],[34.97,-19.411],[14.052,11.249],[-8.427,42.029],[-22.474,61.361],[-31.568,72.987],[-34.704,74.274],[-37.439,73.389]],"c":true}]},{"i":{"x":0.667,"y":1},"o":{"x":0.333,"y":0},"t":69,"s":[{"i":[[-1.367,1.77],[-5.968,34.186],[20.551,-8.308],[-16.755,-8.857],[0.211,-2.569],[3.006,-5.576],[7.442,-10.063],[7.286,-10.223],[3.913,-4.021],[3.699,-3.619],[1.126,0],[0.804,0.563]],"o":[[10.653,-27.489],[1.327,-11.916],[-0.262,0.125],[14.573,7.645],[-0.372,8.154],[-6.078,10.495],[-7.442,10.063],[-7.286,10.223],[-3.54,3.86],[-0.885,0.804],[-0.965,0],[-1.77,-1.448]],"v":[[-38.645,67.518],[30.647,-41.659],[-5.749,-60.199],[27.169,-65.245],[41.7,-40.538],[34.97,-19.411],[14.052,11.249],[-8.427,42.029],[-22.474,61.361],[-31.568,72.987],[-34.704,74.274],[-37.439,73.389]],"c":true}]},{"t":86,"s":[{"i":[[-1.367,1.77],[1.368,37.399],[19.141,-11.179],[-17.855,-6.354],[-0.161,-2.573],[2.172,-5.951],[8.204,-13.11],[9.169,-11.983],[5.227,-5.63],[3.699,-3.619],[1.126,0],[0.804,0.563]],"o":[[13.592,-18.016],[-0.402,-11.983],[-0.241,0.161],[15.522,5.468],[0.805,8.123],[-4.504,11.26],[-6.112,9.972],[-5.066,6.515],[-3.54,3.86],[-0.885,0.804],[-0.965,0],[-1.77,-1.448]],"v":[[-38.645,67.518],[28.108,-45.08],[-10.577,-58.189],[21.272,-67.92],[39.207,-45.562],[35.588,-23.686],[17.171,11.622],[-5.269,43.711],[-20.71,61.808],[-31.568,72.987],[-34.704,74.274],[-37.439,73.389]],"c":true}]}],"ix":2},"nm":"Path 1","mn":"ADBE Vector Shape - Group","hd":false},{"ty":"gf","o":{"a":0,"k":100,"ix":10},"r":1,"bm":0,"g":{"p":3,"k":{"a":0,"k":[0.13,0.855,0.404,0.153,0.694,0.927,0.586,0.076,1,1,0.769,0],"ix":9}},"s":{"a":0,"k":[87,-18],"ix":5},"e":{"a":0,"k":[-62,18],"ix":6},"t":1,"nm":"Gradient Fill 1","mn":"ADBE Vector Graphic - G-Fill","hd":false},{"ty":"tr","p":{"a":0,"k":[221.464,74.524],"ix":2},"a":{"a":0,"k":[0,0],"ix":1},"s":{"a":0,"k":[100,100],"ix":3},"r":{"a":0,"k":0,"ix":6},"o":{"a":0,"k":100,"ix":7},"sk":{"a":0,"k":0,"ix":4},"sa":{"a":0,"k":0,"ix":5},"nm":"Transform"}],"nm":"Group 2","np":2,"cix":2,"bm":0,"ix":2,"mn":"ADBE Vector Group","hd":false},{"ty":"gr","it":[{"ind":0,"ty":"sh","ix":1,"ks":{"a":1,"k":[{"i":{"x":0.667,"y":1},"o":{"x":0.167,"y":0.167},"t":15,"s":[{"i":[[1.045,1.126],[-1.609,1.609],[-9.491,10.134],[-8.847,11.26],[-5.469,13.431],[0.161,7.159],[1.448,2.654],[2.493,1.609],[0,0],[10.697,-1.851],[-5.952,-13.593],[7.4,-12.224],[0,0]],"o":[[-1.528,-1.689],[11.984,-12.144],[11.018,-11.662],[8.686,-11.42],[2.091,-5.469],[0,-3.216],[-1.367,-2.493],[-0.081,0],[-4.102,-2.493],[18.74,-12.627],[6.514,14.798],[-36.272,60.16],[-2.091,1.286]],"v":[[-51.593,78.938],[-51.191,74.596],[-19.262,41.46],[10.254,7.359],[33.257,-29.878],[37.6,-49.744],[35.267,-58.59],[29.397,-64.864],[29.316,-64.945],[7.842,-67.438],[46.608,-59.314],[34.624,-5.831],[-45.964,78.376]],"c":true}]},{"i":{"x":0.667,"y":1},"o":{"x":0.333,"y":0},"t":24,"s":[{"i":[[1.045,1.126],[-1.609,1.609],[-10.773,13.735],[-15.014,15.648],[-6.96,12.723],[-0.654,7.131],[1.143,2.799],[2.294,1.882],[0,0],[10.838,-0.623],[-4.396,-14.173],[20.864,-27.192],[0,0]],"o":[[-1.528,-1.689],[6.475,-10.804],[10.773,-13.735],[11.101,-11.569],[2.699,-5.196],[0.365,-3.195],[-1.075,-2.632],[-0.08,-0.009],[-3.792,-2.943],[20.054,-10.416],[4.79,15.442],[-20.864,27.192],[-2.091,1.286]],"v":[[-51.593,78.938],[-51.191,74.596],[-25.445,41.473],[9.468,3.75],[34.929,-28.178],[41.502,-47.422],[40.19,-56.476],[35.07,-63.376],[34.999,-63.465],[13.947,-68.382],[51.539,-55.907],[30.905,-2.076],[-45.964,78.377]],"c":true}]},{"i":{"x":0.667,"y":1},"o":{"x":0.333,"y":0},"t":69,"s":[{"i":[[1.045,1.126],[-1.609,1.609],[-10.773,13.735],[-15.014,15.648],[-6.96,12.723],[-0.654,7.131],[1.143,2.799],[2.294,1.882],[0,0],[10.838,-0.623],[-4.396,-14.173],[20.864,-27.192],[0,0]],"o":[[-1.528,-1.689],[6.475,-10.804],[10.773,-13.735],[11.101,-11.569],[2.699,-5.196],[0.365,-3.195],[-1.075,-2.632],[-0.08,-0.009],[-3.792,-2.943],[20.054,-10.416],[4.79,15.442],[-20.864,27.192],[-2.091,1.286]],"v":[[-51.593,78.938],[-51.191,74.596],[-25.445,41.473],[9.468,3.75],[34.929,-28.178],[41.502,-47.422],[40.19,-56.476],[35.07,-63.376],[34.999,-63.465],[13.947,-68.382],[51.539,-55.907],[30.905,-2.076],[-45.964,78.377]],"c":true}]},{"t":86,"s":[{"i":[[1.045,1.126],[-1.609,1.609],[-9.491,10.134],[-8.847,11.26],[-5.469,13.431],[0.161,7.159],[1.448,2.654],[2.493,1.609],[0,0],[10.697,-1.851],[-5.952,-13.593],[7.4,-12.224],[0,0]],"o":[[-1.528,-1.689],[11.984,-12.144],[11.018,-11.662],[8.686,-11.42],[2.091,-5.469],[0,-3.216],[-1.367,-2.493],[-0.081,0],[-4.102,-2.493],[18.74,-12.627],[6.514,14.798],[-36.272,60.16],[-2.091,1.286]],"v":[[-51.593,78.938],[-51.191,74.596],[-19.262,41.46],[10.254,7.359],[33.257,-29.878],[37.6,-49.744],[35.267,-58.59],[29.397,-64.864],[29.316,-64.945],[7.842,-67.438],[46.608,-59.314],[34.624,-5.831],[-45.964,78.376]],"c":true}]}],"ix":2},"nm":"Path 1","mn":"ADBE Vector Shape - Group","hd":false},{"ty":"gf","o":{"a":0,"k":100,"ix":10},"r":1,"bm":0,"g":{"p":3,"k":{"a":0,"k":[0.13,0.855,0.404,0.153,0.694,0.927,0.586,0.076,1,1,0.769,0],"ix":9}},"s":{"a":0,"k":[101,-13],"ix":5},"e":{"a":0,"k":[-62,39],"ix":6},"t":1,"nm":"Gradient Fill 1","mn":"ADBE Vector Graphic - G-Fill","hd":false},{"ty":"tr","p":{"a":0,"k":[288.78,105.73],"ix":2},"a":{"a":0,"k":[0,0],"ix":1},"s":{"a":0,"k":[100,100],"ix":3},"r":{"a":0,"k":0,"ix":6},"o":{"a":0,"k":100,"ix":7},"sk":{"a":0,"k":0,"ix":4},"sa":{"a":0,"k":0,"ix":5},"nm":"Transform"}],"nm":"Group 3","np":2,"cix":2,"bm":0,"ix":3,"mn":"ADBE Vector Group","hd":false},{"ty":"gr","it":[{"ind":0,"ty":"sh","ix":1,"ks":{"a":1,"k":[{"i":{"x":0.667,"y":1},"o":{"x":0.167,"y":0.167},"t":15,"s":[{"i":[[-1.528,0],[-0.482,0.241],[-13.351,10.295],[-9.168,11.099],[-3.7,5.549],[0,0],[-2.413,7.077],[1.77,7.963],[7.641,3.298],[-0.724,0.323],[-1.93,-1.286],[-0.563,-6.193],[2.815,-5.951],[5.228,-6.112],[4.584,-5.227],[9.973,-9.329],[12.306,-9.812],[-1.206,-1.93]],"o":[[0.563,0],[12.707,-5.308],[12.225,-9.732],[5.147,-5.952],[0,0],[3.779,-5.871],[3.137,-8.365],[-2.011,-9.57],[-10.938,-4.745],[8.445,-3.78],[4.424,3.057],[0.402,5.549],[-2.413,5.227],[-4.504,5.791],[-9.651,10.859],[-8.605,7.962],[-1.769,1.367],[0.885,1.448]],"v":[[-48.015,71.379],[-46.326,71.057],[-7.641,47.894],[24.61,16.447],[38.042,-1.568],[39.168,-3.338],[49.221,-22.318],[51.392,-47.251],[36.272,-66.634],[13.833,-59.637],[31.607,-60.039],[39.489,-45.481],[35.79,-27.868],[24.771,-11.461],[11.018,4.865],[-18.579,35.187],[-50.911,63.336],[-51.956,69.126]],"c":true}]},{"i":{"x":0.667,"y":1},"o":{"x":0.333,"y":0},"t":24,"s":[{"i":[[-1.528,0],[-0.482,0.241],[-12.723,9.688],[-7.105,6.32],[-5.647,4.977],[-4.667,5.152],[-2.488,5.87],[0.605,7.231],[7.317,3.965],[-0.749,0.26],[-1.811,-1.449],[-0.021,-6.218],[3.323,-5.683],[4.514,-4.234],[6.998,-6.22],[10.686,-9.21],[12.306,-9.812],[-1.206,-1.93]],"o":[[0.563,0],[12.707,-5.308],[12.723,-9.688],[7.105,-6.319],[5.407,-4.766],[3.18,-3.511],[2.488,-5.87],[-0.605,-7.231],[-10.483,-5.68],[8.742,-3.029],[4.141,3.431],[-0.083,5.563],[-2.86,4.997],[-4.514,4.234],[-9.299,8.265],[-10.352,8.922],[-1.769,1.367],[0.885,1.448]],"v":[[-49.582,69.175],[-47.893,68.853],[-11.862,45.073],[15.156,23.217],[33.187,8.16],[45.714,-3.519],[55.403,-18.024],[60.139,-39.166],[48.089,-59.546],[19.929,-55.028],[41.448,-55.395],[48.03,-40.205],[42.81,-22.982],[29.239,-8.092],[11.139,7.813],[-19.333,33.642],[-52.478,61.132],[-53.523,66.922]],"c":true}]},{"i":{"x":0.667,"y":1},"o":{"x":0.333,"y":0},"t":69,"s":[{"i":[[-1.528,0],[-0.482,0.241],[-12.723,9.688],[-7.105,6.32],[-5.647,4.977],[-4.667,5.152],[-2.488,5.87],[0.605,7.231],[7.317,3.965],[-0.749,0.26],[-1.811,-1.449],[-0.021,-6.218],[3.323,-5.683],[4.514,-4.234],[6.998,-6.22],[10.686,-9.21],[12.306,-9.812],[-1.206,-1.93]],"o":[[0.563,0],[12.707,-5.308],[12.723,-9.688],[7.105,-6.319],[5.407,-4.766],[3.18,-3.511],[2.488,-5.87],[-0.605,-7.231],[-10.483,-5.68],[8.742,-3.029],[4.141,3.431],[-0.083,5.563],[-2.86,4.997],[-4.514,4.234],[-9.299,8.265],[-10.352,8.922],[-1.769,1.367],[0.885,1.448]],"v":[[-49.582,69.175],[-47.893,68.853],[-11.862,45.073],[15.156,23.217],[33.187,8.16],[45.714,-3.519],[55.403,-18.024],[60.139,-39.166],[48.089,-59.546],[19.929,-55.028],[41.448,-55.395],[48.03,-40.205],[42.81,-22.982],[29.239,-8.092],[11.139,7.813],[-19.333,33.642],[-52.478,61.132],[-53.523,66.922]],"c":true}]},{"t":86,"s":[{"i":[[-1.528,0],[-0.482,0.241],[-13.351,10.295],[-9.168,11.099],[-3.7,5.549],[0,0],[-2.413,7.077],[1.77,7.963],[7.641,3.298],[-0.724,0.323],[-1.93,-1.286],[-0.563,-6.193],[2.815,-5.951],[5.228,-6.112],[4.584,-5.227],[9.973,-9.329],[12.306,-9.812],[-1.206,-1.93]],"o":[[0.563,0],[12.707,-5.308],[12.225,-9.732],[5.147,-5.952],[0,0],[3.779,-5.871],[3.137,-8.365],[-2.011,-9.57],[-10.938,-4.745],[8.445,-3.78],[4.424,3.057],[0.402,5.549],[-2.413,5.227],[-4.504,5.791],[-9.651,10.859],[-8.605,7.962],[-1.769,1.367],[0.885,1.448]],"v":[[-48.015,71.379],[-46.326,71.057],[-7.641,47.894],[24.61,16.447],[38.042,-1.568],[39.168,-3.338],[49.221,-22.318],[51.392,-47.251],[36.272,-66.634],[13.833,-59.637],[31.607,-60.039],[39.489,-45.481],[35.79,-27.868],[24.771,-11.461],[11.018,4.865],[-18.579,35.187],[-50.911,63.336],[-51.956,69.126]],"c":true}]}],"ix":2},"nm":"Path 1","mn":"ADBE Vector Shape - Group","hd":false},{"ty":"gf","o":{"a":0,"k":100,"ix":10},"r":1,"bm":0,"g":{"p":3,"k":{"a":0,"k":[0.13,0.855,0.404,0.153,0.694,0.927,0.586,0.076,1,1,0.769,0],"ix":9}},"s":{"a":0,"k":[72,-68],"ix":5},"e":{"a":0,"k":[-72,36],"ix":6},"t":1,"nm":"Gradient Fill 1","mn":"ADBE Vector Graphic - G-Fill","hd":false},{"ty":"tr","p":{"a":0,"k":[313.512,182.617],"ix":2},"a":{"a":0,"k":[0,0],"ix":1},"s":{"a":0,"k":[100,100],"ix":3},"r":{"a":0,"k":0,"ix":6},"o":{"a":0,"k":100,"ix":7},"sk":{"a":0,"k":0,"ix":4},"sa":{"a":0,"k":0,"ix":5},"nm":"Transform"}],"nm":"Group 4","np":2,"cix":2,"bm":0,"ix":4,"mn":"ADBE Vector Group","hd":false},{"ty":"gr","it":[{"ind":0,"ty":"sh","ix":1,"ks":{"a":1,"k":[{"i":{"x":0.667,"y":1},"o":{"x":0.167,"y":0.167},"t":15,"s":[{"i":[[-59.194,60.642],[-2.977,4.906],[-0.16,5.55],[5.871,4.504],[-0.16,0.082],[-0.08,0.08],[-4.101,-0.644],[0,0],[0,0],[-2.091,-6.513],[-0.242,-2.253],[1.528,-4.101],[4.584,-5.791],[2.976,-3.78],[5.389,-4.986],[12.386,-7.882],[52.277,-10.053]],"o":[[5.791,-5.55],[3.377,-5.63],[0.161,-6.192],[-2.895,-2.252],[0.081,-0.08],[4.906,-1.93],[0,0],[0,0],[6.917,1.126],[0.403,1.69],[0.08,3.458],[-2.333,6.194],[-2.734,4.182],[-4.745,5.63],[-10.536,10.294],[-6.032,3.7],[-0.08,-0.161]],"v":[[64.341,-25.173],[77.049,-40.294],[82.517,-57.424],[76.244,-72.706],[65.386,-74.234],[65.708,-74.395],[79.3,-76.163],[79.22,-76.243],[79.3,-76.163],[93.616,-64.1],[94.582,-58.229],[92.571,-46.809],[81.874,-28.793],[72.947,-16.889],[57.987,-0.723],[23.404,26.46],[-94.582,76.807]],"c":true}]},{"i":{"x":0.667,"y":1},"o":{"x":0.333,"y":0},"t":24,"s":[{"i":[[-100.322,65.569],[-3.869,4.238],[-1.242,5.412],[4.861,5.579],[-0.173,0.049],[-0.094,0.063],[-3.892,-1.445],[0,0],[0,0],[-0.758,-6.798],[0.21,-2.256],[2.324,-3.708],[5.642,-4.767],[8.485,-6.056],[8.973,-5.748],[16.601,-10.43],[41.067,-7.087]],"o":[[7.171,-4.687],[4.427,-4.848],[1.386,-6.037],[-2.391,-2.781],[0.095,-0.062],[5.191,-0.919],[0,0],[0,0],[6.556,2.476],[0.06,1.736],[-0.607,3.405],[-3.515,5.608],[-3.509,3.557],[-8.485,6.056],[-12.975,8.312],[-20.175,12.675],[-0.08,-0.161]],"v":[[63.113,-21.523],[79.158,-35.978],[87.915,-51.684],[84.797,-67.906],[74.458,-71.558],[74.806,-71.651],[88.479,-70.689],[88.416,-70.783],[88.479,-70.689],[100.118,-56.026],[99.9,-50.079],[95.664,-39.285],[81.606,-23.749],[67.491,-12.843],[43.755,3.35],[-0.464,32.664],[-96.151,76.61]],"c":true}]},{"i":{"x":0.667,"y":1},"o":{"x":0.333,"y":0},"t":69,"s":[{"i":[[-100.322,65.569],[-3.869,4.238],[-1.242,5.412],[4.861,5.579],[-0.173,0.049],[-0.094,0.063],[-3.892,-1.445],[0,0],[0,0],[-0.758,-6.798],[0.21,-2.256],[2.324,-3.708],[5.642,-4.767],[8.485,-6.056],[8.973,-5.748],[16.601,-10.43],[41.067,-7.087]],"o":[[7.171,-4.687],[4.427,-4.848],[1.386,-6.037],[-2.391,-2.781],[0.095,-0.062],[5.191,-0.919],[0,0],[0,0],[6.556,2.476],[0.06,1.736],[-0.607,3.405],[-3.515,5.608],[-3.509,3.557],[-8.485,6.056],[-12.975,8.312],[-20.175,12.675],[-0.08,-0.161]],"v":[[63.113,-21.522],[79.158,-35.978],[87.915,-51.684],[84.797,-67.906],[74.458,-71.558],[74.806,-71.651],[88.479,-70.689],[88.416,-70.783],[88.479,-70.689],[100.118,-56.026],[99.9,-50.079],[95.664,-39.285],[81.606,-23.749],[67.491,-12.843],[43.755,3.35],[-0.464,32.664],[-96.151,76.61]],"c":true}]},{"t":86,"s":[{"i":[[-59.194,60.642],[-2.977,4.906],[-0.16,5.55],[5.871,4.504],[-0.16,0.082],[-0.08,0.08],[-4.101,-0.644],[0,0],[0,0],[-2.091,-6.513],[-0.242,-2.253],[1.528,-4.101],[4.584,-5.791],[2.976,-3.78],[5.389,-4.986],[12.386,-7.882],[52.277,-10.053]],"o":[[5.791,-5.55],[3.377,-5.63],[0.161,-6.192],[-2.895,-2.252],[0.081,-0.08],[4.906,-1.93],[0,0],[0,0],[6.917,1.126],[0.403,1.69],[0.08,3.458],[-2.333,6.194],[-2.734,4.182],[-4.745,5.63],[-10.536,10.294],[-6.032,3.7],[-0.08,-0.161]],"v":[[64.341,-25.173],[77.049,-40.294],[82.517,-57.424],[76.244,-72.706],[65.386,-74.234],[65.708,-74.395],[79.3,-76.163],[79.22,-76.243],[79.3,-76.163],[93.616,-64.1],[94.582,-58.229],[92.571,-46.809],[81.874,-28.793],[72.947,-16.889],[57.987,-0.723],[23.404,26.46],[-94.582,76.807]],"c":true}]}],"ix":2},"nm":"Path 1","mn":"ADBE Vector Shape - Group","hd":false},{"ty":"gf","o":{"a":0,"k":100,"ix":10},"r":1,"bm":0,"g":{"p":3,"k":{"a":0,"k":[0.13,0.855,0.404,0.153,0.694,0.927,0.586,0.076,1,1,0.769,0],"ix":9}},"s":{"a":0,"k":[153,-42],"ix":5},"e":{"a":0,"k":[-93,44],"ix":6},"t":1,"nm":"Gradient Fill 1","mn":"ADBE Vector Graphic - G-Fill","hd":false},{"ty":"tr","p":{"a":0,"k":[273.057,289.222],"ix":2},"a":{"a":0,"k":[0,0],"ix":1},"s":{"a":0,"k":[100,100],"ix":3},"r":{"a":0,"k":0,"ix":6},"o":{"a":0,"k":100,"ix":7},"sk":{"a":0,"k":0,"ix":4},"sa":{"a":0,"k":0,"ix":5},"nm":"Transform"}],"nm":"Group 5","np":2,"cix":2,"bm":0,"ix":5,"mn":"ADBE Vector Group","hd":false},{"ty":"gr","it":[{"ind":0,"ty":"sh","ix":1,"ks":{"a":1,"k":[{"i":{"x":0.667,"y":1},"o":{"x":0.167,"y":0.167},"t":15,"s":[{"i":[[1.126,-67.397],[32.814,-6.193],[0.804,23.243],[13.352,15.764],[0,0],[-3.378,2.011],[-9.33,8.605]],"o":[[-1.126,67.397],[13.19,-19.221],[-0.805,-23.323],[-13.35,-15.764],[0,0],[10.776,-6.594],[6.756,-6.354]],"v":[[46.205,-4.263],[-30.04,97.477],[-10.817,31.527],[-33.981,-36.594],[-43.953,-67.88],[-31.567,-70.615],[0.925,-91.123]],"c":true}]},{"i":{"x":0.667,"y":1},"o":{"x":0.333,"y":0},"t":24,"s":[{"i":[[1.126,-67.397],[32.814,-6.193],[-0.429,24.667],[13.352,15.764],[0,0],[-3.378,2.011],[-9.33,8.605]],"o":[[-1.126,67.397],[9.777,-20.286],[0.429,-24.667],[-13.35,-15.764],[0,0],[10.776,-6.594],[6.756,-6.354]],"v":[[46.205,-4.263],[-25.875,102.853],[-12.801,32.087],[-40.13,-41.41],[-40.205,-67.994],[-30.318,-70.653],[0.925,-91.123]],"c":true}]},{"i":{"x":0.667,"y":1},"o":{"x":0.333,"y":0},"t":69,"s":[{"i":[[1.126,-67.397],[32.814,-6.193],[-0.429,24.667],[13.352,15.764],[0,0],[-3.378,2.011],[-9.33,8.605]],"o":[[-1.126,67.397],[9.777,-20.286],[0.429,-24.667],[-13.35,-15.764],[0,0],[10.776,-6.594],[6.756,-6.354]],"v":[[46.205,-4.263],[-25.875,102.853],[-12.801,32.087],[-40.13,-41.41],[-40.205,-67.994],[-30.318,-70.653],[0.925,-91.123]],"c":true}]},{"t":86,"s":[{"i":[[1.126,-67.397],[32.814,-6.193],[0.804,23.243],[13.352,15.764],[0,0],[-3.378,2.011],[-9.33,8.605]],"o":[[-1.126,67.397],[13.19,-19.221],[-0.805,-23.323],[-13.35,-15.764],[0,0],[10.776,-6.594],[6.756,-6.354]],"v":[[46.205,-4.263],[-30.04,97.477],[-10.817,31.527],[-33.981,-36.594],[-43.953,-67.88],[-31.567,-70.615],[0.925,-91.123]],"c":true}]}],"ix":2},"nm":"Path 1","mn":"ADBE Vector Shape - Group","hd":false},{"ty":"gf","o":{"a":0,"k":100,"ix":10},"r":1,"bm":0,"g":{"p":3,"k":{"a":0,"k":[0,1,0.78,0.035,0.5,1,0.78,0.035,1,1,0.78,0.035,0,1,0.5,0.5,1,0],"ix":9}},"s":{"a":0,"k":[-60.5,19],"ix":5},"e":{"a":0,"k":[34.5,2],"ix":6},"t":2,"h":{"a":0,"k":0,"ix":7},"a":{"a":0,"k":0,"ix":8},"nm":"Gradient Fill 1","mn":"ADBE Vector Graphic - G-Fill","hd":false},{"ty":"tr","p":{"a":0,"k":[135.97,206.383],"ix":2},"a":{"a":0,"k":[0,0],"ix":1},"s":{"a":0,"k":[100,100],"ix":3},"r":{"a":0,"k":0,"ix":6},"o":{"a":0,"k":100,"ix":7},"sk":{"a":0,"k":0,"ix":4},"sa":{"a":0,"k":0,"ix":5},"nm":"Transform"}],"nm":"Group 7","np":2,"cix":2,"bm":0,"ix":6,"mn":"ADBE Vector Group","hd":false},{"ty":"gr","it":[{"ind":0,"ty":"sh","ix":1,"ks":{"a":1,"k":[{"i":{"x":0.667,"y":1},"o":{"x":0.167,"y":0.167},"t":15,"s":[{"i":[[17.212,61.365],[-6.031,14.316],[-3.941,10.697],[-12.627,0],[-5.228,-7.962],[7.882,-25.174],[0,0],[-25.334,29.758],[-15.12,18.658],[-15.764,-5.79],[13.351,-17.051],[0,0],[-24.932,25.576],[-11.582,10.536],[-6.998,-15.924],[7.319,-12.225],[0,0],[-12.144,12.385],[19.222,-32.09],[16.166,-16.648],[0,0],[-10.617,5.549],[-8.285,6.435],[9.088,-24.288],[23.243,-17.291],[57.102,1.851]],"o":[[-9.973,-35.71],[19.786,-46.326],[3.94,-10.696],[5.791,0],[10.294,15.442],[-4.423,14.236],[21.876,-1.367],[15.523,-18.257],[9.169,-11.341],[43.189,16.005],[-15.201,19.382],[14.155,-3.297],[21.313,-21.876],[26.299,-23.887],[6.514,14.798],[-36.272,60.159],[38.122,-1.689],[35.227,-35.79],[-8.847,14.719],[-26.139,26.781],[0,0],[14.316,-7.479],[23.725,-18.256],[-10.536,28.07],[-45.2,33.458],[-63.537,-2.011]],"v":[[-177.26,76.485],[-157.395,-30.322],[-133.025,-127.719],[-111.471,-146.376],[-90.64,-136.967],[-92.249,-67.398],[-95.466,-47.935],[-22.841,-108.898],[16.809,-162.622],[55.173,-179.594],[31.608,-84.367],[1.368,-46.406],[49.382,-79.061],[98.121,-139.701],[147.503,-139.862],[135.921,-86.701],[53.323,-2.977],[133.669,-57.908],[165.759,-17.292],[131.9,24.449],[81.151,63.375],[102.303,59.435],[140.908,34.261],[178.145,55.975],[105.922,125.142],[-52.759,183.533]],"c":true}]},{"i":{"x":0.667,"y":1},"o":{"x":0.333,"y":0},"t":24,"s":[{"i":[[17.212,61.365],[-6.031,14.316],[-2.058,11.213],[-12.442,2.154],[-6.509,-6.954],[3.006,-32.116],[0,0],[-27.363,34.325],[-17.629,16.308],[-14.767,-7.998],[14.584,-16.009],[0,0],[-24.932,25.576],[-12.711,9.142],[-5.153,-16.613],[8.661,-11.314],[0,0],[-36.254,14.059],[21.946,-30.292],[17.556,-15.175],[0,0],[-12.392,6.018],[-22.898,4.281],[14.065,-21.787],[23.243,-17.291],[57.102,1.851]],"o":[[-9.973,-35.71],[19.786,-46.326],[2.058,-11.211],[5.706,-0.988],[12.777,13.46],[-4.423,14.236],[21.876,-1.367],[14.938,-18.739],[10.706,-9.903],[33.917,17.443],[-16.588,18.209],[14.155,-3.297],[21.313,-21.876],[28.843,-20.744],[4.79,15.442],[-42.874,55.647],[28.43,-8.425],[27.778,-10.772],[-10.096,13.892],[-28.374,24.4],[0,0],[16.521,-8.023],[22.898,-4.281],[-11.956,18.519],[-53.276,34.505],[-63.537,-2.011]],"v":[[-177.26,76.485],[-157.395,-30.322],[-145.782,-123.663],[-127.393,-142.983],[-109.473,-135.886],[-93.468,-66.361],[-91.718,-48.049],[-23.201,-112],[20.652,-165.658],[57.036,-174.091],[28.766,-81.764],[1.368,-46.406],[46.341,-83.75],[103.357,-141.952],[148.121,-135.132],[128.711,-85.3],[53.323,-2.977],[146.011,-58.214],[172.061,-19.136],[129.901,23.112],[79.584,61.172],[107.068,51.35],[154.443,32.074],[175.499,64.653],[96.924,122.091],[-52.759,183.533]],"c":true}]},{"i":{"x":0.667,"y":1},"o":{"x":0.333,"y":0},"t":69,"s":[{"i":[[17.212,61.365],[-6.031,14.316],[-2.058,11.213],[-12.442,2.154],[-6.509,-6.954],[3.006,-32.116],[0,0],[-27.363,34.325],[-17.629,16.308],[-14.767,-7.998],[14.584,-16.009],[0,0],[-24.932,25.576],[-12.711,9.142],[-5.153,-16.613],[8.661,-11.314],[0,0],[-36.254,14.059],[21.946,-30.292],[17.556,-15.175],[0,0],[-12.392,6.018],[-22.898,4.281],[14.065,-21.787],[23.243,-17.291],[57.102,1.851]],"o":[[-9.973,-35.71],[19.786,-46.326],[2.058,-11.211],[5.706,-0.988],[12.777,13.46],[-4.423,14.236],[21.876,-1.367],[14.938,-18.739],[10.706,-9.903],[33.917,17.443],[-16.588,18.209],[14.155,-3.297],[21.313,-21.876],[28.843,-20.744],[4.79,15.442],[-42.874,55.647],[28.43,-8.425],[27.778,-10.772],[-10.096,13.892],[-28.374,24.4],[0,0],[16.521,-8.023],[22.898,-4.281],[-11.956,18.519],[-53.276,34.505],[-63.537,-2.011]],"v":[[-177.26,76.485],[-157.395,-30.322],[-145.782,-123.663],[-127.393,-142.983],[-109.473,-135.886],[-93.468,-66.361],[-91.718,-48.049],[-23.201,-112],[20.652,-165.658],[57.036,-174.091],[28.766,-81.764],[1.368,-46.406],[46.341,-83.75],[103.357,-141.952],[148.121,-135.132],[128.711,-85.3],[53.323,-2.977],[146.011,-58.214],[172.061,-19.136],[129.901,23.112],[79.584,61.172],[107.068,51.35],[154.443,32.074],[175.499,64.653],[96.924,122.091],[-52.759,183.533]],"c":true}]},{"t":86,"s":[{"i":[[17.212,61.365],[-6.031,14.316],[-3.941,10.697],[-12.627,0],[-5.228,-7.962],[7.882,-25.174],[0,0],[-25.334,29.758],[-15.12,18.658],[-15.764,-5.79],[13.351,-17.051],[0,0],[-24.932,25.576],[-11.582,10.536],[-6.998,-15.924],[7.319,-12.225],[0,0],[-12.144,12.385],[19.222,-32.09],[16.166,-16.648],[0,0],[-10.617,5.549],[-8.285,6.435],[9.088,-24.288],[23.243,-17.291],[57.102,1.851]],"o":[[-9.973,-35.71],[19.786,-46.326],[3.94,-10.696],[5.791,0],[10.294,15.442],[-4.423,14.236],[21.876,-1.367],[15.523,-18.257],[9.169,-11.341],[43.189,16.005],[-15.201,19.382],[14.155,-3.297],[21.313,-21.876],[26.299,-23.887],[6.514,14.798],[-36.272,60.159],[38.122,-1.689],[35.227,-35.79],[-8.847,14.719],[-26.139,26.781],[0,0],[14.316,-7.479],[23.725,-18.256],[-10.536,28.07],[-45.2,33.458],[-63.537,-2.011]],"v":[[-177.26,76.485],[-157.395,-30.322],[-133.025,-127.719],[-111.471,-146.376],[-90.64,-136.967],[-92.249,-67.398],[-95.466,-47.935],[-22.841,-108.898],[16.809,-162.622],[55.173,-179.594],[31.608,-84.367],[1.368,-46.406],[49.382,-79.061],[98.121,-139.701],[147.503,-139.862],[135.921,-86.701],[53.323,-2.977],[133.669,-57.908],[165.759,-17.292],[131.9,24.449],[81.151,63.375],[102.303,59.435],[140.908,34.261],[178.145,55.975],[105.922,125.142],[-52.759,183.533]],"c":true}]}],"ix":2},"nm":"Path 1","mn":"ADBE Vector Shape - Group","hd":false},{"ty":"gf","o":{"a":0,"k":100,"ix":10},"r":1,"bm":0,"g":{"p":3,"k":{"a":0,"k":[0.19,1,0.945,0.463,0.595,1,0.857,0.231,1,1,0.769,0],"ix":9}},"s":{"a":0,"k":[-36,0],"ix":5},"e":{"a":0,"k":[-428,-35],"ix":6},"t":2,"h":{"a":0,"k":0,"ix":7},"a":{"a":0,"k":0,"ix":8},"nm":"Gradient Fill 1","mn":"ADBE Vector Graphic - G-Fill","hd":false},{"ty":"tr","p":{"a":0,"k":[187.483,186.277],"ix":2},"a":{"a":0,"k":[0,0],"ix":1},"s":{"a":0,"k":[100,100],"ix":3},"r":{"a":0,"k":0,"ix":6},"o":{"a":0,"k":100,"ix":7},"sk":{"a":0,"k":0,"ix":4},"sa":{"a":0,"k":0,"ix":5},"nm":"Transform"}],"nm":"Group 8","np":2,"cix":2,"bm":0,"ix":7,"mn":"ADBE Vector Group","hd":false}],"ip":0,"op":120,"st":0,"bm":0},{"ddd":0,"ind":7,"ty":4,"nm":"hand R ","parent":4,"sr":1,"ks":{"o":{"a":0,"k":100,"ix":11},"r":{"a":1,"k":[{"i":{"x":[0.833],"y":[0.833]},"o":{"x":[0.333],"y":[0]},"t":7,"s":[0]},{"i":{"x":[0.667],"y":[1]},"o":{"x":[0.167],"y":[0.167]},"t":16,"s":[3]},{"i":{"x":[0.667],"y":[1]},"o":{"x":[0.333],"y":[0]},"t":25,"s":[10]},{"i":{"x":[0.667],"y":[1]},"o":{"x":[0.333],"y":[0]},"t":31,"s":[-10]},{"i":{"x":[0.667],"y":[1]},"o":{"x":[0.333],"y":[0]},"t":37,"s":[10]},{"i":{"x":[0.667],"y":[1]},"o":{"x":[0.333],"y":[0]},"t":43,"s":[-10]},{"i":{"x":[0.667],"y":[1]},"o":{"x":[0.333],"y":[0]},"t":49,"s":[10]},{"i":{"x":[0.667],"y":[1]},"o":{"x":[0.333],"y":[0]},"t":55,"s":[-10]},{"i":{"x":[0.667],"y":[1]},"o":{"x":[0.333],"y":[0]},"t":61,"s":[10]},{"i":{"x":[0.667],"y":[1]},"o":{"x":[0.333],"y":[0]},"t":70,"s":[-10]},{"t":87,"s":[0]}],"ix":10},"p":{"a":1,"k":[{"i":{"x":0.833,"y":0.833},"o":{"x":0.333,"y":0.333},"t":7,"s":[278.834,312.014,0],"to":[0,0,0],"ti":[0,0,0]},{"i":{"x":0.667,"y":1},"o":{"x":0.167,"y":0.167},"t":16,"s":[278.834,312.014,0],"to":[0,0,0],"ti":[0,0,0]},{"i":{"x":0.667,"y":0.667},"o":{"x":0.167,"y":0.167},"t":25,"s":[258.843,311.409,0],"to":[0,0,0],"ti":[0,0,0]},{"i":{"x":0.667,"y":1},"o":{"x":0.333,"y":0},"t":70,"s":[258.843,311.409,0],"to":[0,0,0],"ti":[0,0,0]},{"t":87,"s":[278.834,312.014,0]}],"ix":2,"l":2},"a":{"a":0,"k":[144.775,229.268,0],"ix":1,"l":2},"s":{"a":0,"k":[100,100,100],"ix":6,"l":2}},"ao":0,"shapes":[{"ty":"gr","it":[{"ind":0,"ty":"sh","ix":1,"ks":{"a":1,"k":[{"i":{"x":0.667,"y":1},"o":{"x":0.167,"y":0.167},"t":16,"s":[{"i":[[-12.708,0],[-5.228,-7.963],[7.882,-25.173],[0.483,-2.734],[-4.664,1.768],[-21.876,25.656],[-1.126,1.368],[17.131,-21.634],[16.246,9.491],[-0.161,11.662],[2.01,7.56],[1.528,2.01],[7.48,-12.627],[0,0]],"o":[[5.791,0],[10.294,15.442],[-1.287,4.102],[-0.965,4.988],[19.705,-7.4],[1.126,-1.368],[-0.241,3.7],[-4.585,5.872],[-10.053,-5.79],[0.081,-6.354],[-0.402,-1.93],[-8.766,-11.743],[0,0],[4.021,-10.777]],"v":[[-35.146,-58.993],[-14.315,-49.583],[-15.924,19.986],[-18.498,30.119],[-9.973,37.359],[53.484,-21.514],[56.781,-25.536],[26.863,19.905],[-24.449,49.502],[-17.935,-12.989],[-18.98,-35.106],[-22.117,-41.057],[-56.54,-40.656],[-56.781,-40.334]],"c":true}]},{"i":{"x":0.667,"y":1},"o":{"x":0.333,"y":0},"t":25,"s":[{"i":[[-12.522,2.167],[-6.51,-6.955],[2.331,-21.421],[0.483,-2.734],[-4.664,1.768],[-17.461,22.439],[0,0],[20.299,-24.821],[11.195,3.457],[4.645,36.274],[3.27,7.106],[1.848,1.72],[5.217,-13.718],[0,0]],"o":[[5.706,-0.988],[12.777,13.46],[-0.707,6.496],[-0.965,4.988],[19.705,-7.4],[9.205,-11.829],[0,0],[-20.299,24.821],[-15.003,-4.633],[-0.807,-6.303],[-0.725,-1.833],[-10.64,-10.076],[0,0],[2.124,-11.305]],"v":[[-51.388,-58.342],[-29.257,-52.622],[-11.88,13.11],[-14.75,30.005],[-8.724,37.321],[51.839,-25.578],[69.378,-46.314],[31.369,11.765],[-19.898,51.115],[-24.228,-12.517],[-31.385,-37.562],[-35.491,-42.89],[-69.341,-36.624],[-69.523,-36.266]],"c":true}]},{"i":{"x":0.667,"y":1},"o":{"x":0.333,"y":0},"t":70,"s":[{"i":[[-12.522,2.167],[-6.51,-6.955],[2.331,-21.421],[0.483,-2.734],[-4.664,1.768],[-17.461,22.439],[0,0],[20.299,-24.821],[11.195,3.457],[4.645,36.274],[3.27,7.106],[1.848,1.72],[5.217,-13.718],[0,0]],"o":[[5.706,-0.988],[12.777,13.46],[-0.707,6.496],[-0.965,4.988],[19.705,-7.4],[9.205,-11.829],[0,0],[-20.299,24.821],[-15.003,-4.633],[-0.807,-6.303],[-0.725,-1.833],[-10.64,-10.076],[0,0],[2.124,-11.305]],"v":[[-51.388,-58.342],[-29.257,-52.622],[-11.88,13.11],[-14.75,30.005],[-8.724,37.321],[51.839,-25.578],[69.378,-46.314],[31.369,11.765],[-19.898,51.115],[-24.228,-12.517],[-31.385,-37.562],[-35.491,-42.89],[-69.341,-36.624],[-69.523,-36.266]],"c":true}]},{"t":87,"s":[{"i":[[-12.708,0],[-5.228,-7.963],[7.882,-25.173],[0.483,-2.734],[-4.664,1.768],[-21.876,25.656],[-1.126,1.368],[17.131,-21.634],[16.246,9.491],[-0.161,11.662],[2.01,7.56],[1.528,2.01],[7.48,-12.627],[0,0]],"o":[[5.791,0],[10.294,15.442],[-1.287,4.102],[-0.965,4.988],[19.705,-7.4],[1.126,-1.368],[-0.241,3.7],[-4.585,5.872],[-10.053,-5.79],[0.081,-6.354],[-0.402,-1.93],[-8.766,-11.743],[0,0],[4.021,-10.777]],"v":[[-35.146,-58.993],[-14.315,-49.583],[-15.924,19.986],[-18.498,30.119],[-9.973,37.359],[53.484,-21.514],[56.781,-25.536],[26.863,19.905],[-24.449,49.502],[-17.935,-12.989],[-18.98,-35.106],[-22.117,-41.057],[-56.54,-40.656],[-56.781,-40.334]],"c":true}]}],"ix":2},"nm":"Path 1","mn":"ADBE Vector Shape - Group","hd":false},{"ty":"gf","o":{"a":0,"k":100,"ix":10},"r":1,"bm":0,"g":{"p":3,"k":{"a":0,"k":[0.13,0.855,0.404,0.153,0.694,0.927,0.586,0.076,1,1,0.769,0],"ix":9}},"s":{"a":0,"k":[-99,-4],"ix":5},"e":{"a":0,"k":[55,9],"ix":6},"t":1,"nm":"Gradient Fill 1","mn":"ADBE Vector Graphic - G-Fill","hd":false},{"ty":"tr","p":{"a":0,"k":[111.158,98.974],"ix":2},"a":{"a":0,"k":[0,0],"ix":1},"s":{"a":0,"k":[100,100],"ix":3},"r":{"a":0,"k":0,"ix":6},"o":{"a":0,"k":100,"ix":7},"sk":{"a":0,"k":0,"ix":4},"sa":{"a":0,"k":0,"ix":5},"nm":"Transform"}],"nm":"Group 1","np":2,"cix":2,"bm":0,"ix":1,"mn":"ADBE Vector Group","hd":false},{"ty":"gr","it":[{"ind":0,"ty":"sh","ix":1,"ks":{"a":1,"k":[{"i":{"x":0.667,"y":1},"o":{"x":0.167,"y":0.167},"t":16,"s":[{"i":[[-1.367,1.77],[1.368,37.399],[19.141,-11.179],[-17.855,-6.354],[-0.161,-2.573],[2.172,-5.951],[8.204,-13.11],[9.169,-11.983],[5.227,-5.63],[3.699,-3.619],[1.126,0],[0.804,0.563]],"o":[[13.592,-18.016],[-0.402,-11.983],[-0.241,0.161],[15.522,5.468],[0.805,8.123],[-4.504,11.26],[-6.112,9.972],[-5.066,6.515],[-3.54,3.86],[-0.885,0.804],[-0.965,0],[-1.77,-1.448]],"v":[[-38.645,67.518],[28.108,-45.08],[-10.577,-58.189],[21.272,-67.92],[39.207,-45.562],[35.588,-23.686],[17.171,11.622],[-5.269,43.711],[-20.71,61.808],[-31.568,72.987],[-34.704,74.274],[-37.439,73.389]],"c":true}]},{"i":{"x":0.667,"y":1},"o":{"x":0.333,"y":0},"t":25,"s":[{"i":[[-1.367,1.77],[-5.968,34.186],[20.551,-8.308],[-16.755,-8.857],[0.211,-2.569],[3.006,-5.576],[7.442,-10.063],[7.286,-10.223],[3.913,-4.021],[3.699,-3.619],[1.126,0],[0.804,0.563]],"o":[[10.653,-27.489],[1.327,-11.916],[-0.262,0.125],[14.573,7.645],[-0.372,8.154],[-6.078,10.495],[-7.442,10.063],[-7.286,10.223],[-3.54,3.86],[-0.885,0.804],[-0.965,0],[-1.77,-1.448]],"v":[[-38.645,67.518],[30.647,-41.659],[-5.749,-60.199],[27.169,-65.245],[41.7,-40.538],[34.97,-19.411],[14.052,11.249],[-8.427,42.029],[-22.474,61.361],[-31.568,72.987],[-34.704,74.274],[-37.439,73.389]],"c":true}]},{"i":{"x":0.667,"y":1},"o":{"x":0.333,"y":0},"t":70,"s":[{"i":[[-1.367,1.77],[-5.968,34.186],[20.551,-8.308],[-16.755,-8.857],[0.211,-2.569],[3.006,-5.576],[7.442,-10.063],[7.286,-10.223],[3.913,-4.021],[3.699,-3.619],[1.126,0],[0.804,0.563]],"o":[[10.653,-27.489],[1.327,-11.916],[-0.262,0.125],[14.573,7.645],[-0.372,8.154],[-6.078,10.495],[-7.442,10.063],[-7.286,10.223],[-3.54,3.86],[-0.885,0.804],[-0.965,0],[-1.77,-1.448]],"v":[[-38.645,67.518],[30.647,-41.659],[-5.749,-60.199],[27.169,-65.245],[41.7,-40.538],[34.97,-19.411],[14.052,11.249],[-8.427,42.029],[-22.474,61.361],[-31.568,72.987],[-34.704,74.274],[-37.439,73.389]],"c":true}]},{"t":87,"s":[{"i":[[-1.367,1.77],[1.368,37.399],[19.141,-11.179],[-17.855,-6.354],[-0.161,-2.573],[2.172,-5.951],[8.204,-13.11],[9.169,-11.983],[5.227,-5.63],[3.699,-3.619],[1.126,0],[0.804,0.563]],"o":[[13.592,-18.016],[-0.402,-11.983],[-0.241,0.161],[15.522,5.468],[0.805,8.123],[-4.504,11.26],[-6.112,9.972],[-5.066,6.515],[-3.54,3.86],[-0.885,0.804],[-0.965,0],[-1.77,-1.448]],"v":[[-38.645,67.518],[28.108,-45.08],[-10.577,-58.189],[21.272,-67.92],[39.207,-45.562],[35.588,-23.686],[17.171,11.622],[-5.269,43.711],[-20.71,61.808],[-31.568,72.987],[-34.704,74.274],[-37.439,73.389]],"c":true}]}],"ix":2},"nm":"Path 1","mn":"ADBE Vector Shape - Group","hd":false},{"ty":"gf","o":{"a":0,"k":100,"ix":10},"r":1,"bm":0,"g":{"p":3,"k":{"a":0,"k":[0.13,0.855,0.404,0.153,0.694,0.927,0.586,0.076,1,1,0.769,0],"ix":9}},"s":{"a":0,"k":[87,-18],"ix":5},"e":{"a":0,"k":[-62,18],"ix":6},"t":1,"nm":"Gradient Fill 1","mn":"ADBE Vector Graphic - G-Fill","hd":false},{"ty":"tr","p":{"a":0,"k":[221.464,74.524],"ix":2},"a":{"a":0,"k":[0,0],"ix":1},"s":{"a":0,"k":[100,100],"ix":3},"r":{"a":0,"k":0,"ix":6},"o":{"a":0,"k":100,"ix":7},"sk":{"a":0,"k":0,"ix":4},"sa":{"a":0,"k":0,"ix":5},"nm":"Transform"}],"nm":"Group 2","np":2,"cix":2,"bm":0,"ix":2,"mn":"ADBE Vector Group","hd":false},{"ty":"gr","it":[{"ind":0,"ty":"sh","ix":1,"ks":{"a":1,"k":[{"i":{"x":0.667,"y":1},"o":{"x":0.167,"y":0.167},"t":16,"s":[{"i":[[1.045,1.126],[-1.609,1.609],[-9.491,10.134],[-8.847,11.26],[-5.469,13.431],[0.161,7.159],[1.448,2.654],[2.493,1.609],[0,0],[10.697,-1.851],[-5.952,-13.593],[7.4,-12.224],[0,0]],"o":[[-1.528,-1.689],[11.984,-12.144],[11.018,-11.662],[8.686,-11.42],[2.091,-5.469],[0,-3.216],[-1.367,-2.493],[-0.081,0],[-4.102,-2.493],[18.74,-12.627],[6.514,14.798],[-36.272,60.16],[-2.091,1.286]],"v":[[-51.593,78.938],[-51.191,74.596],[-19.262,41.46],[10.254,7.359],[33.257,-29.878],[37.6,-49.744],[35.267,-58.59],[29.397,-64.864],[29.316,-64.945],[7.842,-67.438],[46.608,-59.314],[34.624,-5.831],[-45.964,78.376]],"c":true}]},{"i":{"x":0.667,"y":1},"o":{"x":0.333,"y":0},"t":25,"s":[{"i":[[1.045,1.126],[-1.609,1.609],[-10.773,13.735],[-15.014,15.648],[-6.96,12.723],[-0.654,7.131],[1.143,2.799],[2.294,1.882],[0,0],[10.838,-0.623],[-4.396,-14.173],[20.864,-27.192],[0,0]],"o":[[-1.528,-1.689],[6.475,-10.804],[10.773,-13.735],[11.101,-11.569],[2.699,-5.196],[0.365,-3.195],[-1.075,-2.632],[-0.08,-0.009],[-3.792,-2.943],[20.054,-10.416],[4.79,15.442],[-20.864,27.192],[-2.091,1.286]],"v":[[-51.593,78.938],[-51.191,74.596],[-25.445,41.473],[9.468,3.75],[34.929,-28.178],[41.502,-47.422],[40.19,-56.476],[35.07,-63.376],[34.999,-63.465],[13.947,-68.382],[51.539,-55.907],[30.905,-2.076],[-45.964,78.377]],"c":true}]},{"i":{"x":0.667,"y":1},"o":{"x":0.333,"y":0},"t":70,"s":[{"i":[[1.045,1.126],[-1.609,1.609],[-10.773,13.735],[-15.014,15.648],[-6.96,12.723],[-0.654,7.131],[1.143,2.799],[2.294,1.882],[0,0],[10.838,-0.623],[-4.396,-14.173],[20.864,-27.192],[0,0]],"o":[[-1.528,-1.689],[6.475,-10.804],[10.773,-13.735],[11.101,-11.569],[2.699,-5.196],[0.365,-3.195],[-1.075,-2.632],[-0.08,-0.009],[-3.792,-2.943],[20.054,-10.416],[4.79,15.442],[-20.864,27.192],[-2.091,1.286]],"v":[[-51.593,78.938],[-51.191,74.596],[-25.445,41.473],[9.468,3.75],[34.929,-28.178],[41.502,-47.422],[40.19,-56.476],[35.07,-63.376],[34.999,-63.465],[13.947,-68.382],[51.539,-55.907],[30.905,-2.076],[-45.964,78.377]],"c":true}]},{"t":87,"s":[{"i":[[1.045,1.126],[-1.609,1.609],[-9.491,10.134],[-8.847,11.26],[-5.469,13.431],[0.161,7.159],[1.448,2.654],[2.493,1.609],[0,0],[10.697,-1.851],[-5.952,-13.593],[7.4,-12.224],[0,0]],"o":[[-1.528,-1.689],[11.984,-12.144],[11.018,-11.662],[8.686,-11.42],[2.091,-5.469],[0,-3.216],[-1.367,-2.493],[-0.081,0],[-4.102,-2.493],[18.74,-12.627],[6.514,14.798],[-36.272,60.16],[-2.091,1.286]],"v":[[-51.593,78.938],[-51.191,74.596],[-19.262,41.46],[10.254,7.359],[33.257,-29.878],[37.6,-49.744],[35.267,-58.59],[29.397,-64.864],[29.316,-64.945],[7.842,-67.438],[46.608,-59.314],[34.624,-5.831],[-45.964,78.376]],"c":true}]}],"ix":2},"nm":"Path 1","mn":"ADBE Vector Shape - Group","hd":false},{"ty":"gf","o":{"a":0,"k":100,"ix":10},"r":1,"bm":0,"g":{"p":3,"k":{"a":0,"k":[0.13,0.855,0.404,0.153,0.694,0.927,0.586,0.076,1,1,0.769,0],"ix":9}},"s":{"a":0,"k":[101,-13],"ix":5},"e":{"a":0,"k":[-62,39],"ix":6},"t":1,"nm":"Gradient Fill 1","mn":"ADBE Vector Graphic - G-Fill","hd":false},{"ty":"tr","p":{"a":0,"k":[288.78,105.73],"ix":2},"a":{"a":0,"k":[0,0],"ix":1},"s":{"a":0,"k":[100,100],"ix":3},"r":{"a":0,"k":0,"ix":6},"o":{"a":0,"k":100,"ix":7},"sk":{"a":0,"k":0,"ix":4},"sa":{"a":0,"k":0,"ix":5},"nm":"Transform"}],"nm":"Group 3","np":2,"cix":2,"bm":0,"ix":3,"mn":"ADBE Vector Group","hd":false},{"ty":"gr","it":[{"ind":0,"ty":"sh","ix":1,"ks":{"a":1,"k":[{"i":{"x":0.667,"y":1},"o":{"x":0.167,"y":0.167},"t":16,"s":[{"i":[[-1.528,0],[-0.482,0.241],[-13.351,10.295],[-9.168,11.099],[-3.7,5.549],[0,0],[-2.413,7.077],[1.77,7.963],[7.641,3.298],[-0.724,0.323],[-1.93,-1.286],[-0.563,-6.193],[2.815,-5.951],[5.228,-6.112],[4.584,-5.227],[9.973,-9.329],[12.306,-9.812],[-1.206,-1.93]],"o":[[0.563,0],[12.707,-5.308],[12.225,-9.732],[5.147,-5.952],[0,0],[3.779,-5.871],[3.137,-8.365],[-2.011,-9.57],[-10.938,-4.745],[8.445,-3.78],[4.424,3.057],[0.402,5.549],[-2.413,5.227],[-4.504,5.791],[-9.651,10.859],[-8.605,7.962],[-1.769,1.367],[0.885,1.448]],"v":[[-48.015,71.379],[-46.326,71.057],[-7.641,47.894],[24.61,16.447],[38.042,-1.568],[39.168,-3.338],[49.221,-22.318],[51.392,-47.251],[36.272,-66.634],[13.833,-59.637],[31.607,-60.039],[39.489,-45.481],[35.79,-27.868],[24.771,-11.461],[11.018,4.865],[-18.579,35.187],[-50.911,63.336],[-51.956,69.126]],"c":true}]},{"i":{"x":0.667,"y":1},"o":{"x":0.333,"y":0},"t":25,"s":[{"i":[[-1.528,0],[-0.482,0.241],[-12.723,9.688],[-7.105,6.32],[-5.647,4.977],[-4.667,5.152],[-2.488,5.87],[0.605,7.231],[7.317,3.965],[-0.749,0.26],[-1.811,-1.449],[-0.021,-6.218],[3.323,-5.683],[4.514,-4.234],[6.998,-6.22],[10.686,-9.21],[12.306,-9.812],[-1.206,-1.93]],"o":[[0.563,0],[12.707,-5.308],[12.723,-9.688],[7.105,-6.319],[5.407,-4.766],[3.18,-3.511],[2.488,-5.87],[-0.605,-7.231],[-10.483,-5.68],[8.742,-3.029],[4.141,3.431],[-0.083,5.563],[-2.86,4.997],[-4.514,4.234],[-9.299,8.265],[-10.352,8.922],[-1.769,1.367],[0.885,1.448]],"v":[[-49.582,69.175],[-47.893,68.853],[-11.862,45.073],[15.156,23.217],[33.187,8.16],[45.714,-3.519],[55.403,-18.024],[60.139,-39.166],[48.089,-59.546],[19.929,-55.028],[41.448,-55.395],[48.03,-40.205],[42.81,-22.982],[29.239,-8.092],[11.139,7.813],[-19.333,33.642],[-52.478,61.132],[-53.523,66.922]],"c":true}]},{"i":{"x":0.667,"y":1},"o":{"x":0.333,"y":0},"t":70,"s":[{"i":[[-1.528,0],[-0.482,0.241],[-12.723,9.688],[-7.105,6.32],[-5.647,4.977],[-4.667,5.152],[-2.488,5.87],[0.605,7.231],[7.317,3.965],[-0.749,0.26],[-1.811,-1.449],[-0.021,-6.218],[3.323,-5.683],[4.514,-4.234],[6.998,-6.22],[10.686,-9.21],[12.306,-9.812],[-1.206,-1.93]],"o":[[0.563,0],[12.707,-5.308],[12.723,-9.688],[7.105,-6.319],[5.407,-4.766],[3.18,-3.511],[2.488,-5.87],[-0.605,-7.231],[-10.483,-5.68],[8.742,-3.029],[4.141,3.431],[-0.083,5.563],[-2.86,4.997],[-4.514,4.234],[-9.299,8.265],[-10.352,8.922],[-1.769,1.367],[0.885,1.448]],"v":[[-49.582,69.175],[-47.893,68.853],[-11.862,45.073],[15.156,23.217],[33.187,8.16],[45.714,-3.519],[55.403,-18.024],[60.139,-39.166],[48.089,-59.546],[19.929,-55.028],[41.448,-55.395],[48.03,-40.205],[42.81,-22.982],[29.239,-8.092],[11.139,7.813],[-19.333,33.642],[-52.478,61.132],[-53.523,66.922]],"c":true}]},{"t":87,"s":[{"i":[[-1.528,0],[-0.482,0.241],[-13.351,10.295],[-9.168,11.099],[-3.7,5.549],[0,0],[-2.413,7.077],[1.77,7.963],[7.641,3.298],[-0.724,0.323],[-1.93,-1.286],[-0.563,-6.193],[2.815,-5.951],[5.228,-6.112],[4.584,-5.227],[9.973,-9.329],[12.306,-9.812],[-1.206,-1.93]],"o":[[0.563,0],[12.707,-5.308],[12.225,-9.732],[5.147,-5.952],[0,0],[3.779,-5.871],[3.137,-8.365],[-2.011,-9.57],[-10.938,-4.745],[8.445,-3.78],[4.424,3.057],[0.402,5.549],[-2.413,5.227],[-4.504,5.791],[-9.651,10.859],[-8.605,7.962],[-1.769,1.367],[0.885,1.448]],"v":[[-48.015,71.379],[-46.326,71.057],[-7.641,47.894],[24.61,16.447],[38.042,-1.568],[39.168,-3.338],[49.221,-22.318],[51.392,-47.251],[36.272,-66.634],[13.833,-59.637],[31.607,-60.039],[39.489,-45.481],[35.79,-27.868],[24.771,-11.461],[11.018,4.865],[-18.579,35.187],[-50.911,63.336],[-51.956,69.126]],"c":true}]}],"ix":2},"nm":"Path 1","mn":"ADBE Vector Shape - Group","hd":false},{"ty":"gf","o":{"a":0,"k":100,"ix":10},"r":1,"bm":0,"g":{"p":3,"k":{"a":0,"k":[0.13,0.855,0.404,0.153,0.694,0.927,0.586,0.076,1,1,0.769,0],"ix":9}},"s":{"a":0,"k":[72,-68],"ix":5},"e":{"a":0,"k":[-72,36],"ix":6},"t":1,"nm":"Gradient Fill 1","mn":"ADBE Vector Graphic - G-Fill","hd":false},{"ty":"tr","p":{"a":0,"k":[313.512,182.617],"ix":2},"a":{"a":0,"k":[0,0],"ix":1},"s":{"a":0,"k":[100,100],"ix":3},"r":{"a":0,"k":0,"ix":6},"o":{"a":0,"k":100,"ix":7},"sk":{"a":0,"k":0,"ix":4},"sa":{"a":0,"k":0,"ix":5},"nm":"Transform"}],"nm":"Group 4","np":2,"cix":2,"bm":0,"ix":4,"mn":"ADBE Vector Group","hd":false},{"ty":"gr","it":[{"ind":0,"ty":"sh","ix":1,"ks":{"a":1,"k":[{"i":{"x":0.667,"y":1},"o":{"x":0.167,"y":0.167},"t":16,"s":[{"i":[[-59.194,60.642],[-2.977,4.906],[-0.16,5.55],[5.871,4.504],[-0.16,0.082],[-0.08,0.08],[-4.101,-0.644],[0,0],[0,0],[-2.091,-6.513],[-0.242,-2.253],[1.528,-4.101],[4.584,-5.791],[2.976,-3.78],[5.389,-4.986],[12.386,-7.882],[52.277,-10.053]],"o":[[5.791,-5.55],[3.377,-5.63],[0.161,-6.192],[-2.895,-2.252],[0.081,-0.08],[4.906,-1.93],[0,0],[0,0],[6.917,1.126],[0.403,1.69],[0.08,3.458],[-2.333,6.194],[-2.734,4.182],[-4.745,5.63],[-10.536,10.294],[-6.032,3.7],[-0.08,-0.161]],"v":[[64.341,-25.173],[77.049,-40.294],[82.517,-57.424],[76.244,-72.706],[65.386,-74.234],[65.708,-74.395],[79.3,-76.163],[79.22,-76.243],[79.3,-76.163],[93.616,-64.1],[94.582,-58.229],[92.571,-46.809],[81.874,-28.793],[72.947,-16.889],[57.987,-0.723],[23.404,26.46],[-94.582,76.807]],"c":true}]},{"i":{"x":0.667,"y":1},"o":{"x":0.333,"y":0},"t":25,"s":[{"i":[[-100.322,65.569],[-3.869,4.238],[-1.242,5.412],[4.861,5.579],[-0.173,0.049],[-0.094,0.063],[-3.892,-1.445],[0,0],[0,0],[-0.758,-6.798],[0.21,-2.256],[2.324,-3.708],[5.642,-4.767],[8.485,-6.056],[8.973,-5.748],[16.601,-10.43],[41.067,-7.087]],"o":[[7.171,-4.687],[4.427,-4.848],[1.386,-6.037],[-2.391,-2.781],[0.095,-0.062],[5.191,-0.919],[0,0],[0,0],[6.556,2.476],[0.06,1.736],[-0.607,3.405],[-3.515,5.608],[-3.509,3.557],[-8.485,6.056],[-12.975,8.312],[-20.175,12.675],[-0.08,-0.161]],"v":[[63.113,-21.522],[79.158,-35.978],[87.915,-51.684],[84.797,-67.906],[74.458,-71.558],[74.806,-71.651],[88.479,-70.689],[88.416,-70.783],[88.479,-70.689],[100.118,-56.026],[99.9,-50.079],[95.664,-39.285],[81.606,-23.749],[67.491,-12.843],[43.755,3.35],[-0.464,32.664],[-96.151,76.61]],"c":true}]},{"i":{"x":0.667,"y":1},"o":{"x":0.333,"y":0},"t":70,"s":[{"i":[[-100.322,65.569],[-3.869,4.238],[-1.242,5.412],[4.861,5.579],[-0.173,0.049],[-0.094,0.063],[-3.892,-1.445],[0,0],[0,0],[-0.758,-6.798],[0.21,-2.256],[2.324,-3.708],[5.642,-4.767],[8.485,-6.056],[8.973,-5.748],[16.601,-10.43],[41.067,-7.087]],"o":[[7.171,-4.687],[4.427,-4.848],[1.386,-6.037],[-2.391,-2.781],[0.095,-0.062],[5.191,-0.919],[0,0],[0,0],[6.556,2.476],[0.06,1.736],[-0.607,3.405],[-3.515,5.608],[-3.509,3.557],[-8.485,6.056],[-12.975,8.312],[-20.175,12.675],[-0.08,-0.161]],"v":[[63.113,-21.522],[79.158,-35.978],[87.915,-51.684],[84.797,-67.906],[74.458,-71.558],[74.806,-71.651],[88.479,-70.689],[88.416,-70.783],[88.479,-70.689],[100.118,-56.026],[99.9,-50.079],[95.664,-39.285],[81.606,-23.749],[67.491,-12.843],[43.755,3.35],[-0.464,32.664],[-96.151,76.61]],"c":true}]},{"t":87,"s":[{"i":[[-59.194,60.642],[-2.977,4.906],[-0.16,5.55],[5.871,4.504],[-0.16,0.082],[-0.08,0.08],[-4.101,-0.644],[0,0],[0,0],[-2.091,-6.513],[-0.242,-2.253],[1.528,-4.101],[4.584,-5.791],[2.976,-3.78],[5.389,-4.986],[12.386,-7.882],[52.277,-10.053]],"o":[[5.791,-5.55],[3.377,-5.63],[0.161,-6.192],[-2.895,-2.252],[0.081,-0.08],[4.906,-1.93],[0,0],[0,0],[6.917,1.126],[0.403,1.69],[0.08,3.458],[-2.333,6.194],[-2.734,4.182],[-4.745,5.63],[-10.536,10.294],[-6.032,3.7],[-0.08,-0.161]],"v":[[64.341,-25.173],[77.049,-40.294],[82.517,-57.424],[76.244,-72.706],[65.386,-74.234],[65.708,-74.395],[79.3,-76.163],[79.22,-76.243],[79.3,-76.163],[93.616,-64.1],[94.582,-58.229],[92.571,-46.809],[81.874,-28.793],[72.947,-16.889],[57.987,-0.723],[23.404,26.46],[-94.582,76.807]],"c":true}]}],"ix":2},"nm":"Path 1","mn":"ADBE Vector Shape - Group","hd":false},{"ty":"gf","o":{"a":0,"k":100,"ix":10},"r":1,"bm":0,"g":{"p":3,"k":{"a":0,"k":[0.13,0.855,0.404,0.153,0.694,0.927,0.586,0.076,1,1,0.769,0],"ix":9}},"s":{"a":0,"k":[153,-42],"ix":5},"e":{"a":0,"k":[-93,44],"ix":6},"t":1,"nm":"Gradient Fill 1","mn":"ADBE Vector Graphic - G-Fill","hd":false},{"ty":"tr","p":{"a":0,"k":[273.057,289.222],"ix":2},"a":{"a":0,"k":[0,0],"ix":1},"s":{"a":0,"k":[100,100],"ix":3},"r":{"a":0,"k":0,"ix":6},"o":{"a":0,"k":100,"ix":7},"sk":{"a":0,"k":0,"ix":4},"sa":{"a":0,"k":0,"ix":5},"nm":"Transform"}],"nm":"Group 5","np":2,"cix":2,"bm":0,"ix":5,"mn":"ADBE Vector Group","hd":false},{"ty":"gr","it":[{"ind":0,"ty":"sh","ix":1,"ks":{"a":1,"k":[{"i":{"x":0.667,"y":1},"o":{"x":0.167,"y":0.167},"t":16,"s":[{"i":[[1.126,-67.397],[32.814,-6.193],[0.804,23.243],[13.352,15.764],[0,0],[-3.378,2.011],[-9.33,8.605]],"o":[[-1.126,67.397],[13.19,-19.221],[-0.805,-23.323],[-13.35,-15.764],[0,0],[10.776,-6.594],[6.756,-6.354]],"v":[[46.205,-4.263],[-30.04,97.477],[-10.817,31.527],[-33.981,-36.594],[-43.953,-67.88],[-31.567,-70.615],[0.925,-91.123]],"c":true}]},{"i":{"x":0.667,"y":1},"o":{"x":0.333,"y":0},"t":25,"s":[{"i":[[1.126,-67.397],[32.814,-6.193],[-0.429,24.667],[13.352,15.764],[0,0],[-3.378,2.011],[-9.33,8.605]],"o":[[-1.126,67.397],[9.777,-20.286],[0.429,-24.667],[-13.35,-15.764],[0,0],[10.776,-6.594],[6.756,-6.354]],"v":[[46.205,-4.263],[-25.875,102.853],[-12.801,32.087],[-40.13,-41.41],[-40.205,-67.994],[-30.318,-70.653],[0.925,-91.123]],"c":true}]},{"i":{"x":0.667,"y":1},"o":{"x":0.333,"y":0},"t":70,"s":[{"i":[[1.126,-67.397],[32.814,-6.193],[-0.429,24.667],[13.352,15.764],[0,0],[-3.378,2.011],[-9.33,8.605]],"o":[[-1.126,67.397],[9.777,-20.286],[0.429,-24.667],[-13.35,-15.764],[0,0],[10.776,-6.594],[6.756,-6.354]],"v":[[46.205,-4.263],[-25.875,102.853],[-12.801,32.087],[-40.13,-41.41],[-40.205,-67.994],[-30.318,-70.653],[0.925,-91.123]],"c":true}]},{"t":87,"s":[{"i":[[1.126,-67.397],[32.814,-6.193],[0.804,23.243],[13.352,15.764],[0,0],[-3.378,2.011],[-9.33,8.605]],"o":[[-1.126,67.397],[13.19,-19.221],[-0.805,-23.323],[-13.35,-15.764],[0,0],[10.776,-6.594],[6.756,-6.354]],"v":[[46.205,-4.263],[-30.04,97.477],[-10.817,31.527],[-33.981,-36.594],[-43.953,-67.88],[-31.567,-70.615],[0.925,-91.123]],"c":true}]}],"ix":2},"nm":"Path 1","mn":"ADBE Vector Shape - Group","hd":false},{"ty":"gf","o":{"a":0,"k":100,"ix":10},"r":1,"bm":0,"g":{"p":3,"k":{"a":0,"k":[0,1,0.78,0.035,0.5,1,0.78,0.035,1,1,0.78,0.035,0,1,0.5,0.5,1,0],"ix":9}},"s":{"a":0,"k":[-60.5,19],"ix":5},"e":{"a":0,"k":[34.5,2],"ix":6},"t":2,"h":{"a":0,"k":0,"ix":7},"a":{"a":0,"k":0,"ix":8},"nm":"Gradient Fill 1","mn":"ADBE Vector Graphic - G-Fill","hd":false},{"ty":"tr","p":{"a":0,"k":[135.97,206.383],"ix":2},"a":{"a":0,"k":[0,0],"ix":1},"s":{"a":0,"k":[100,100],"ix":3},"r":{"a":0,"k":0,"ix":6},"o":{"a":0,"k":100,"ix":7},"sk":{"a":0,"k":0,"ix":4},"sa":{"a":0,"k":0,"ix":5},"nm":"Transform"}],"nm":"Group 7","np":2,"cix":2,"bm":0,"ix":6,"mn":"ADBE Vector Group","hd":false},{"ty":"gr","it":[{"ind":0,"ty":"sh","ix":1,"ks":{"a":1,"k":[{"i":{"x":0.667,"y":1},"o":{"x":0.167,"y":0.167},"t":16,"s":[{"i":[[17.212,61.365],[-6.031,14.316],[-3.941,10.697],[-12.627,0],[-5.228,-7.962],[7.882,-25.174],[0,0],[-25.334,29.758],[-15.12,18.658],[-15.764,-5.79],[13.351,-17.051],[0,0],[-24.932,25.576],[-11.582,10.536],[-6.998,-15.924],[7.319,-12.225],[0,0],[-12.144,12.385],[19.222,-32.09],[16.166,-16.648],[0,0],[-10.617,5.549],[-8.285,6.435],[9.088,-24.288],[23.243,-17.291],[57.102,1.851]],"o":[[-9.973,-35.71],[19.786,-46.326],[3.94,-10.696],[5.791,0],[10.294,15.442],[-4.423,14.236],[21.876,-1.367],[15.523,-18.257],[9.169,-11.341],[43.189,16.005],[-15.201,19.382],[14.155,-3.297],[21.313,-21.876],[26.299,-23.887],[6.514,14.798],[-36.272,60.159],[38.122,-1.689],[35.227,-35.79],[-8.847,14.719],[-26.139,26.781],[0,0],[14.316,-7.479],[23.725,-18.256],[-10.536,28.07],[-45.2,33.458],[-63.537,-2.011]],"v":[[-177.26,76.485],[-157.395,-30.322],[-133.025,-127.719],[-111.471,-146.376],[-90.64,-136.967],[-92.249,-67.398],[-95.466,-47.935],[-22.841,-108.898],[16.809,-162.622],[55.173,-179.594],[31.608,-84.367],[1.368,-46.406],[49.382,-79.061],[98.121,-139.701],[147.503,-139.862],[135.921,-86.701],[53.323,-2.977],[133.669,-57.908],[165.759,-17.292],[131.9,24.449],[81.151,63.375],[102.303,59.435],[140.908,34.261],[178.145,55.975],[105.922,125.142],[-52.759,183.533]],"c":true}]},{"i":{"x":0.667,"y":1},"o":{"x":0.333,"y":0},"t":25,"s":[{"i":[[17.212,61.365],[-6.031,14.316],[-2.058,11.213],[-12.442,2.154],[-6.509,-6.954],[3.006,-32.116],[0,0],[-27.363,34.325],[-17.629,16.308],[-14.767,-7.998],[14.584,-16.009],[0,0],[-24.932,25.576],[-12.711,9.142],[-5.153,-16.613],[8.661,-11.314],[0,0],[-36.254,14.059],[21.946,-30.292],[17.556,-15.175],[0,0],[-12.392,6.018],[-22.898,4.281],[14.065,-21.787],[23.243,-17.291],[57.102,1.851]],"o":[[-9.973,-35.71],[19.786,-46.326],[2.058,-11.211],[5.706,-0.988],[12.777,13.46],[-4.423,14.236],[21.876,-1.367],[14.938,-18.739],[10.706,-9.903],[33.917,17.443],[-16.588,18.209],[14.155,-3.297],[21.313,-21.876],[28.843,-20.744],[4.79,15.442],[-42.874,55.647],[28.43,-8.425],[27.778,-10.772],[-10.096,13.892],[-28.374,24.4],[0,0],[16.521,-8.023],[22.898,-4.281],[-11.956,18.519],[-53.276,34.505],[-63.537,-2.011]],"v":[[-177.26,76.485],[-157.395,-30.322],[-145.782,-123.663],[-127.393,-142.983],[-109.473,-135.886],[-93.468,-66.361],[-91.718,-48.049],[-23.201,-112],[20.652,-165.658],[57.036,-174.091],[28.766,-81.764],[1.368,-46.406],[46.341,-83.75],[103.357,-141.952],[148.121,-135.132],[128.711,-85.3],[53.323,-2.977],[146.011,-58.214],[172.061,-19.136],[129.901,23.112],[79.584,61.172],[107.068,51.35],[154.443,32.074],[175.499,64.653],[96.924,122.091],[-52.759,183.533]],"c":true}]},{"i":{"x":0.667,"y":1},"o":{"x":0.333,"y":0},"t":70,"s":[{"i":[[17.212,61.365],[-6.031,14.316],[-2.058,11.213],[-12.442,2.154],[-6.509,-6.954],[3.006,-32.116],[0,0],[-27.363,34.325],[-17.629,16.308],[-14.767,-7.998],[14.584,-16.009],[0,0],[-24.932,25.576],[-12.711,9.142],[-5.153,-16.613],[8.661,-11.314],[0,0],[-36.254,14.059],[21.946,-30.292],[17.556,-15.175],[0,0],[-12.392,6.018],[-22.898,4.281],[14.065,-21.787],[23.243,-17.291],[57.102,1.851]],"o":[[-9.973,-35.71],[19.786,-46.326],[2.058,-11.211],[5.706,-0.988],[12.777,13.46],[-4.423,14.236],[21.876,-1.367],[14.938,-18.739],[10.706,-9.903],[33.917,17.443],[-16.588,18.209],[14.155,-3.297],[21.313,-21.876],[28.843,-20.744],[4.79,15.442],[-42.874,55.647],[28.43,-8.425],[27.778,-10.772],[-10.096,13.892],[-28.374,24.4],[0,0],[16.521,-8.023],[22.898,-4.281],[-11.956,18.519],[-53.276,34.505],[-63.537,-2.011]],"v":[[-177.26,76.485],[-157.395,-30.322],[-145.782,-123.663],[-127.393,-142.983],[-109.473,-135.886],[-93.468,-66.361],[-91.718,-48.049],[-23.201,-112],[20.652,-165.658],[57.036,-174.091],[28.766,-81.764],[1.368,-46.406],[46.341,-83.75],[103.357,-141.952],[148.121,-135.132],[128.711,-85.3],[53.323,-2.977],[146.011,-58.214],[172.061,-19.136],[129.901,23.112],[79.584,61.172],[107.068,51.35],[154.443,32.074],[175.499,64.653],[96.924,122.091],[-52.759,183.533]],"c":true}]},{"t":87,"s":[{"i":[[17.212,61.365],[-6.031,14.316],[-3.941,10.697],[-12.627,0],[-5.228,-7.962],[7.882,-25.174],[0,0],[-25.334,29.758],[-15.12,18.658],[-15.764,-5.79],[13.351,-17.051],[0,0],[-24.932,25.576],[-11.582,10.536],[-6.998,-15.924],[7.319,-12.225],[0,0],[-12.144,12.385],[19.222,-32.09],[16.166,-16.648],[0,0],[-10.617,5.549],[-8.285,6.435],[9.088,-24.288],[23.243,-17.291],[57.102,1.851]],"o":[[-9.973,-35.71],[19.786,-46.326],[3.94,-10.696],[5.791,0],[10.294,15.442],[-4.423,14.236],[21.876,-1.367],[15.523,-18.257],[9.169,-11.341],[43.189,16.005],[-15.201,19.382],[14.155,-3.297],[21.313,-21.876],[26.299,-23.887],[6.514,14.798],[-36.272,60.159],[38.122,-1.689],[35.227,-35.79],[-8.847,14.719],[-26.139,26.781],[0,0],[14.316,-7.479],[23.725,-18.256],[-10.536,28.07],[-45.2,33.458],[-63.537,-2.011]],"v":[[-177.26,76.485],[-157.395,-30.322],[-133.025,-127.719],[-111.471,-146.376],[-90.64,-136.967],[-92.249,-67.398],[-95.466,-47.935],[-22.841,-108.898],[16.809,-162.622],[55.173,-179.594],[31.608,-84.367],[1.368,-46.406],[49.382,-79.061],[98.121,-139.701],[147.503,-139.862],[135.921,-86.701],[53.323,-2.977],[133.669,-57.908],[165.759,-17.292],[131.9,24.449],[81.151,63.375],[102.303,59.435],[140.908,34.261],[178.145,55.975],[105.922,125.142],[-52.759,183.533]],"c":true}]}],"ix":2},"nm":"Path 1","mn":"ADBE Vector Shape - Group","hd":false},{"ty":"gf","o":{"a":0,"k":100,"ix":10},"r":1,"bm":0,"g":{"p":3,"k":{"a":0,"k":[0.19,1,0.945,0.463,0.595,1,0.857,0.231,1,1,0.769,0],"ix":9}},"s":{"a":0,"k":[-36,0],"ix":5},"e":{"a":0,"k":[-428,-35],"ix":6},"t":2,"h":{"a":0,"k":0,"ix":7},"a":{"a":0,"k":0,"ix":8},"nm":"Gradient Fill 1","mn":"ADBE Vector Graphic - G-Fill","hd":false},{"ty":"tr","p":{"a":0,"k":[187.483,186.277],"ix":2},"a":{"a":0,"k":[0,0],"ix":1},"s":{"a":0,"k":[100,100],"ix":3},"r":{"a":0,"k":0,"ix":6},"o":{"a":0,"k":100,"ix":7},"sk":{"a":0,"k":0,"ix":4},"sa":{"a":0,"k":0,"ix":5},"nm":"Transform"}],"nm":"Group 8","np":2,"cix":2,"bm":0,"ix":7,"mn":"ADBE Vector Group","hd":false}],"ip":0,"op":120,"st":0,"bm":0},{"ddd":0,"ind":8,"ty":4,"nm":"base matte","parent":19,"td":1,"sr":1,"ks":{"o":{"a":0,"k":100,"ix":11},"r":{"a":0,"k":0,"ix":10},"p":{"a":0,"k":[0,0,0],"ix":2,"l":2},"a":{"a":0,"k":[0,0,0],"ix":1,"l":2},"s":{"a":0,"k":[100,100,100],"ix":6,"l":2}},"ao":0,"shapes":[{"ty":"gr","it":[{"ind":0,"ty":"sh","ix":1,"ks":{"a":0,"k":{"i":[[15.4,0],[0,38.4],[-27.9,0],[-10.6,-9.3],[0,-16.9],[11.5,-10.2]],"o":[[-27.9,0],[0,-38.4],[15.5,0],[11.5,10.2],[0,16.9],[-10.6,9.3]],"v":[[0,55.9],[-58,0],[0,-55.9],[40.4,-41.5],[58,0],[40.4,41.4]],"c":true},"ix":2},"nm":"Path 1","mn":"ADBE Vector Shape - Group","hd":false},{"ty":"gf","o":{"a":0,"k":100,"ix":10},"r":1,"bm":0,"g":{"p":5,"k":{"a":0,"k":[0.48,0.992,0.878,0.188,0.691,0.98,0.816,0.178,0.902,0.969,0.753,0.169,0.966,0.963,0.694,0.153,1,0.957,0.635,0.137],"ix":9}},"s":{"a":0,"k":[0,0],"ix":5},"e":{"a":0,"k":[56.225,0],"ix":6},"t":2,"h":{"a":0,"k":0,"ix":7},"a":{"a":0,"k":0,"ix":8},"nm":"Gradient Fill 1","mn":"ADBE Vector Graphic - G-Fill","hd":false},{"ty":"tr","p":{"a":0,"k":[0,0],"ix":2},"a":{"a":0,"k":[0,0],"ix":1},"s":{"a":0,"k":[100,100],"ix":3},"r":{"a":0,"k":0,"ix":6},"o":{"a":0,"k":100,"ix":7},"sk":{"a":0,"k":0,"ix":4},"sa":{"a":0,"k":0,"ix":5},"nm":"Transform"}],"nm":"Group 1","np":2,"cix":2,"bm":0,"ix":1,"mn":"ADBE Vector Group","hd":false}],"ip":0,"op":120,"st":0,"bm":0},{"ddd":0,"ind":9,"ty":4,"nm":"hand L shadow","parent":4,"tt":1,"sr":1,"ks":{"o":{"a":0,"k":66,"ix":11},"r":{"a":0,"k":0,"ix":10},"p":{"a":1,"k":[{"i":{"x":0.667,"y":1},"o":{"x":0.167,"y":0.167},"t":15,"s":[-163.901,294.922,0],"to":[0,0,0],"ti":[0,0,0]},{"i":{"x":0.667,"y":0.667},"o":{"x":0.333,"y":0.333},"t":24,"s":[-157.902,295.053,0],"to":[0,0,0],"ti":[0,0,0]},{"i":{"x":0.667,"y":1},"o":{"x":0.333,"y":0},"t":66,"s":[-157.902,295.053,0],"to":[0,0,0],"ti":[0,0,0]},{"t":86,"s":[-163.901,294.922,0]}],"ix":2,"l":2},"a":{"a":0,"k":[44.722,129.324,0],"ix":1,"l":2},"s":{"a":0,"k":[-100,100,100],"ix":6,"l":2}},"ao":0,"shapes":[{"ty":"gr","it":[{"ind":0,"ty":"sh","ix":1,"ks":{"a":0,"k":{"i":[[-18.096,51.07],[0,0],[29.603,61.933],[-6.676,45.844]],"o":[[8.767,-24.771],[-23.484,9.893],[-9.732,-21.957],[10.776,-73.269]],"v":[[29.682,-127.639],[62.505,185.192],[-27.099,129.324],[-42.862,21.069]],"c":true},"ix":2},"nm":"Path 1","mn":"ADBE Vector Shape - Group","hd":false},{"ty":"gf","o":{"a":0,"k":100,"ix":10},"r":1,"bm":0,"g":{"p":3,"k":{"a":0,"k":[0,0.749,0.212,0.047,0.5,0.749,0.212,0.047,1,0.749,0.212,0.047,0,1,0.5,0.6,1,0.2],"ix":9}},"s":{"a":0,"k":[-5,204],"ix":5},"e":{"a":0,"k":[-6,-6],"ix":6},"t":1,"nm":"Gradient Fill 1","mn":"ADBE Vector Graphic - G-Fill","hd":false},{"ty":"tr","p":{"a":0,"k":[44.722,129.324],"ix":2},"a":{"a":0,"k":[0,0],"ix":1},"s":{"a":0,"k":[100,100],"ix":3},"r":{"a":0,"k":0,"ix":6},"o":{"a":0,"k":100,"ix":7},"sk":{"a":0,"k":0,"ix":4},"sa":{"a":0,"k":0,"ix":5},"nm":"Transform"}],"nm":"Group 1","np":2,"cix":2,"bm":0,"ix":1,"mn":"ADBE Vector Group","hd":false}],"ip":0,"op":120,"st":0,"bm":0},{"ddd":0,"ind":10,"ty":4,"nm":"base matte","parent":19,"td":1,"sr":1,"ks":{"o":{"a":0,"k":100,"ix":11},"r":{"a":0,"k":0,"ix":10},"p":{"a":0,"k":[0,0,0],"ix":2,"l":2},"a":{"a":0,"k":[0,0,0],"ix":1,"l":2},"s":{"a":0,"k":[100,100,100],"ix":6,"l":2}},"ao":0,"shapes":[{"ty":"gr","it":[{"ind":0,"ty":"sh","ix":1,"ks":{"a":0,"k":{"i":[[15.4,0],[0,38.4],[-27.9,0],[-10.6,-9.3],[0,-16.9],[11.5,-10.2]],"o":[[-27.9,0],[0,-38.4],[15.5,0],[11.5,10.2],[0,16.9],[-10.6,9.3]],"v":[[0,55.9],[-58,0],[0,-55.9],[40.4,-41.5],[58,0],[40.4,41.4]],"c":true},"ix":2},"nm":"Path 1","mn":"ADBE Vector Shape - Group","hd":false},{"ty":"gf","o":{"a":0,"k":100,"ix":10},"r":1,"bm":0,"g":{"p":5,"k":{"a":0,"k":[0.48,0.992,0.878,0.188,0.691,0.98,0.816,0.178,0.902,0.969,0.753,0.169,0.966,0.963,0.694,0.153,1,0.957,0.635,0.137],"ix":9}},"s":{"a":0,"k":[0,0],"ix":5},"e":{"a":0,"k":[56.225,0],"ix":6},"t":2,"h":{"a":0,"k":0,"ix":7},"a":{"a":0,"k":0,"ix":8},"nm":"Gradient Fill 1","mn":"ADBE Vector Graphic - G-Fill","hd":false},{"ty":"tr","p":{"a":0,"k":[0,0],"ix":2},"a":{"a":0,"k":[0,0],"ix":1},"s":{"a":0,"k":[100,100],"ix":3},"r":{"a":0,"k":0,"ix":6},"o":{"a":0,"k":100,"ix":7},"sk":{"a":0,"k":0,"ix":4},"sa":{"a":0,"k":0,"ix":5},"nm":"Transform"}],"nm":"Group 1","np":2,"cix":2,"bm":0,"ix":1,"mn":"ADBE Vector Group","hd":false}],"ip":0,"op":120,"st":0,"bm":0},{"ddd":0,"ind":11,"ty":4,"nm":"hand R shadow ","parent":4,"tt":1,"sr":1,"ks":{"o":{"a":0,"k":66,"ix":11},"r":{"a":0,"k":0,"ix":10},"p":{"a":1,"k":[{"i":{"x":0.667,"y":1},"o":{"x":0.167,"y":0.167},"t":15,"s":[163.901,294.922,0],"to":[0,0,0],"ti":[0,0,0]},{"i":{"x":0.667,"y":0.667},"o":{"x":0.333,"y":0.333},"t":24,"s":[157.902,294.791,0],"to":[0,0,0],"ti":[0,0,0]},{"i":{"x":0.667,"y":1},"o":{"x":0.333,"y":0},"t":66,"s":[157.902,294.791,0],"to":[0,0,0],"ti":[0,0,0]},{"t":86,"s":[163.901,294.922,0]}],"ix":2,"l":2},"a":{"a":0,"k":[44.722,129.324,0],"ix":1,"l":2},"s":{"a":0,"k":[100,100,100],"ix":6,"l":2}},"ao":0,"shapes":[{"ty":"gr","it":[{"ind":0,"ty":"sh","ix":1,"ks":{"a":0,"k":{"i":[[-18.096,51.07],[0,0],[29.603,61.933],[-6.676,45.844]],"o":[[8.767,-24.771],[-23.484,9.893],[-9.732,-21.957],[10.776,-73.269]],"v":[[29.682,-127.639],[62.505,185.192],[-27.099,129.324],[-42.862,21.069]],"c":true},"ix":2},"nm":"Path 1","mn":"ADBE Vector Shape - Group","hd":false},{"ty":"gf","o":{"a":0,"k":100,"ix":10},"r":1,"bm":0,"g":{"p":3,"k":{"a":0,"k":[0,0.749,0.212,0.047,0.5,0.749,0.212,0.047,1,0.749,0.212,0.047,0,1,0.5,0.6,1,0.2],"ix":9}},"s":{"a":0,"k":[-5,204],"ix":5},"e":{"a":0,"k":[-6,-6],"ix":6},"t":1,"nm":"Gradient Fill 1","mn":"ADBE Vector Graphic - G-Fill","hd":false},{"ty":"tr","p":{"a":0,"k":[44.722,129.324],"ix":2},"a":{"a":0,"k":[0,0],"ix":1},"s":{"a":0,"k":[100,100],"ix":3},"r":{"a":0,"k":0,"ix":6},"o":{"a":0,"k":100,"ix":7},"sk":{"a":0,"k":0,"ix":4},"sa":{"a":0,"k":0,"ix":5},"nm":"Transform"}],"nm":"Group 1","np":2,"cix":2,"bm":0,"ix":1,"mn":"ADBE Vector Group","hd":false}],"ip":0,"op":120,"st":0,"bm":0},{"ddd":0,"ind":12,"ty":4,"nm":"Smile","parent":2,"sr":1,"ks":{"o":{"a":0,"k":100,"ix":11},"r":{"a":0,"k":0,"ix":10},"p":{"a":0,"k":[15.517,29.415,0],"ix":2,"l":2},"a":{"a":0,"k":[0.517,-4.585,0],"ix":1,"l":2},"s":{"a":0,"k":[100,100,100],"ix":6,"l":2}},"ao":0,"shapes":[{"ty":"gr","it":[{"ind":0,"ty":"sh","ix":1,"ks":{"a":1,"k":[{"i":{"x":0.667,"y":1},"o":{"x":0.167,"y":0.167},"t":15,"s":[{"i":[[11.26,-10.455],[94.903,-21.715],[80.427,24.932],[-12.868,-9.651],[-108.576,25.736],[-46.647,90.078]],"o":[[-61.928,57.103],[-94.903,21.715],[-14.477,-4.826],[81.231,60.32],[108.576,-24.932],[8.043,-13.673]],"v":[[251.735,-108.174],[12.868,15.683],[-255.756,8.445],[-267.82,32.573],[30.562,92.893],[272.646,-92.089]],"c":true}]},{"i":{"x":0.667,"y":1},"o":{"x":0.333,"y":0},"t":36,"s":[{"i":[[9.311,-12.223],[94.903,-21.715],[75.673,36.928],[-11.243,-11.504],[-108.576,25.737],[-30.594,96.716]],"o":[[-51.277,66.832],[-94.903,21.715],[-13.57,-6.981],[71.061,72.023],[108.576,-24.932],[5.592,-14.844]],"v":[[242.734,-121.038],[12.868,15.683],[-258.078,-5.613],[-273.687,16.388],[30.562,92.893],[266.083,-108.756]],"c":true}]},{"i":{"x":0.667,"y":1},"o":{"x":0.333,"y":0},"t":55,"s":[{"i":[[9.311,-12.223],[94.903,-21.715],[75.673,36.928],[-11.243,-11.504],[-108.576,25.737],[-30.594,96.716]],"o":[[-51.277,66.832],[-94.903,21.715],[-13.57,-6.981],[71.061,72.023],[108.576,-24.932],[5.592,-14.844]],"v":[[242.734,-121.038],[12.868,15.683],[-258.078,-5.613],[-273.687,16.388],[30.562,92.893],[266.083,-108.756]],"c":true}]},{"t":86,"s":[{"i":[[11.26,-10.455],[94.903,-21.715],[80.427,24.932],[-12.868,-9.651],[-108.576,25.736],[-46.647,90.078]],"o":[[-61.928,57.103],[-94.903,21.715],[-14.477,-4.826],[81.231,60.32],[108.576,-24.932],[8.043,-13.673]],"v":[[251.735,-108.174],[12.868,15.683],[-255.756,8.445],[-267.82,32.573],[30.562,92.893],[272.646,-92.089]],"c":true}]}],"ix":2},"nm":"Path 1","mn":"ADBE Vector Shape - Group","hd":false},{"ty":"fl","c":{"a":0,"k":[0.258823529412,0.16862745098,0.050980392157,1],"ix":4},"o":{"a":0,"k":100,"ix":5},"r":1,"bm":0,"nm":"Fill 1","mn":"ADBE Vector Graphic - Fill","hd":false},{"ty":"tr","p":{"a":0,"k":[0,0],"ix":2},"a":{"a":0,"k":[0,0],"ix":1},"s":{"a":0,"k":[100,100],"ix":3},"r":{"a":0,"k":0,"ix":6},"o":{"a":0,"k":100,"ix":7},"sk":{"a":0,"k":0,"ix":4},"sa":{"a":0,"k":0,"ix":5},"nm":"Transform"}],"nm":"Shape 1","np":3,"cix":2,"bm":0,"ix":1,"mn":"ADBE Vector Group","hd":false}],"ip":0,"op":120,"st":0,"bm":0},{"ddd":0,"ind":13,"ty":3,"nm":"Null blush","parent":2,"sr":1,"ks":{"o":{"a":0,"k":0,"ix":11},"r":{"a":0,"k":-10.352,"ix":10},"p":{"a":0,"k":[-16,-118,0],"ix":2,"l":2},"a":{"a":0,"k":[0,0,0],"ix":1,"l":2},"s":{"a":0,"k":[100,100,100],"ix":6,"l":2}},"ao":0,"ip":0,"op":120,"st":0,"bm":0},{"ddd":0,"ind":14,"ty":4,"nm":"blush L","parent":13,"sr":1,"ks":{"o":{"a":0,"k":80,"ix":11},"r":{"a":0,"k":0,"ix":10},"p":{"a":0,"k":[-286.065,110.319,0],"ix":2,"l":2},"a":{"a":0,"k":[78.15,23.253,0],"ix":1,"l":2},"s":{"a":0,"k":[800,800,100],"ix":6,"l":2}},"ao":0,"shapes":[{"ty":"gr","it":[{"ind":0,"ty":"sh","ix":1,"ks":{"a":0,"k":{"i":[[0,-9.113],[-9.665,0],[0,9.113],[9.665,0]],"o":[[0,9.113],[9.665,0],[0,-9.113],[-9.665,0]],"v":[[-17.5,0],[0,16.5],[17.5,0],[0,-16.5]],"c":true},"ix":2},"nm":"Path 2","mn":"ADBE Vector Shape - Group","hd":false},{"ty":"gf","o":{"a":0,"k":100,"ix":10},"r":1,"bm":0,"g":{"p":3,"k":{"a":0,"k":[0,0.929,0.467,0.439,0.45,0.929,0.467,0.439,0.9,0.929,0.467,0.439,0,1,0.45,0.5,0.9,0],"ix":9}},"s":{"a":0,"k":[0,0],"ix":5},"e":{"a":0,"k":[12,10.25],"ix":6},"t":2,"h":{"a":0,"k":0,"ix":7},"a":{"a":0,"k":0,"ix":8},"nm":"Gradient Fill 1","mn":"ADBE Vector Graphic - G-Fill","hd":false},{"ty":"tr","p":{"a":0,"k":[78.15,23.253],"ix":2},"a":{"a":0,"k":[0,0],"ix":1},"s":{"a":0,"k":[100,100],"ix":3},"r":{"a":0,"k":0,"ix":6},"o":{"a":0,"k":100,"ix":7},"sk":{"a":0,"k":0,"ix":4},"sa":{"a":0,"k":0,"ix":5},"nm":"Transform"}],"nm":"Group 3","np":2,"cix":2,"bm":0,"ix":1,"mn":"ADBE Vector Group","hd":false}],"ip":0,"op":120,"st":0,"bm":0},{"ddd":0,"ind":15,"ty":4,"nm":"blush R","parent":13,"sr":1,"ks":{"o":{"a":0,"k":80,"ix":11},"r":{"a":0,"k":0,"ix":10},"p":{"a":0,"k":[268.358,105.647,0],"ix":2,"l":2},"a":{"a":0,"k":[78.15,23.253,0],"ix":1,"l":2},"s":{"a":0,"k":[800,800,100],"ix":6,"l":2}},"ao":0,"shapes":[{"ty":"gr","it":[{"ind":0,"ty":"sh","ix":1,"ks":{"a":0,"k":{"i":[[0,-9.113],[-9.665,0],[0,9.113],[9.665,0]],"o":[[0,9.113],[9.665,0],[0,-9.113],[-9.665,0]],"v":[[-17.5,0],[0,16.5],[17.5,0],[0,-16.5]],"c":true},"ix":2},"nm":"Path 2","mn":"ADBE Vector Shape - Group","hd":false},{"ty":"gf","o":{"a":0,"k":100,"ix":10},"r":1,"bm":0,"g":{"p":3,"k":{"a":0,"k":[0,0.929,0.467,0.439,0.45,0.929,0.467,0.439,0.9,0.929,0.467,0.439,0,1,0.45,0.5,0.9,0],"ix":9}},"s":{"a":0,"k":[0,0],"ix":5},"e":{"a":0,"k":[12,10.25],"ix":6},"t":2,"h":{"a":0,"k":0,"ix":7},"a":{"a":0,"k":0,"ix":8},"nm":"Gradient Fill 1","mn":"ADBE Vector Graphic - G-Fill","hd":false},{"ty":"tr","p":{"a":0,"k":[78.15,23.253],"ix":2},"a":{"a":0,"k":[0,0],"ix":1},"s":{"a":0,"k":[100,100],"ix":3},"r":{"a":0,"k":0,"ix":6},"o":{"a":0,"k":100,"ix":7},"sk":{"a":0,"k":0,"ix":4},"sa":{"a":0,"k":0,"ix":5},"nm":"Transform"}],"nm":"Group 3","np":2,"cix":2,"bm":0,"ix":1,"mn":"ADBE Vector Group","hd":false}],"ip":0,"op":120,"st":0,"bm":0},{"ddd":0,"ind":16,"ty":4,"nm":"base matte","parent":19,"td":1,"sr":1,"ks":{"o":{"a":0,"k":100,"ix":11},"r":{"a":0,"k":0,"ix":10},"p":{"a":0,"k":[-2,-3,0],"ix":2,"l":2},"a":{"a":0,"k":[0,0,0],"ix":1,"l":2},"s":{"a":0,"k":[100,100,100],"ix":6,"l":2}},"ao":0,"shapes":[{"ty":"gr","it":[{"ind":0,"ty":"sh","ix":1,"ks":{"a":0,"k":{"i":[[15.4,0],[0,38.4],[-27.9,0],[-10.6,-9.3],[0,-16.9],[11.5,-10.2]],"o":[[-27.9,0],[0,-38.4],[15.5,0],[11.5,10.2],[0,16.9],[-10.6,9.3]],"v":[[0,55.9],[-58,0],[0,-55.9],[40.4,-41.5],[58,0],[40.4,41.4]],"c":true},"ix":2},"nm":"Path 1","mn":"ADBE Vector Shape - Group","hd":false},{"ty":"gf","o":{"a":0,"k":100,"ix":10},"r":1,"bm":0,"g":{"p":5,"k":{"a":0,"k":[0.48,0.992,0.878,0.188,0.691,0.98,0.816,0.178,0.902,0.969,0.753,0.169,0.966,0.963,0.694,0.153,1,0.957,0.635,0.137],"ix":9}},"s":{"a":0,"k":[0,0],"ix":5},"e":{"a":0,"k":[56.225,0],"ix":6},"t":2,"h":{"a":0,"k":0,"ix":7},"a":{"a":0,"k":0,"ix":8},"nm":"Gradient Fill 1","mn":"ADBE Vector Graphic - G-Fill","hd":false},{"ty":"tr","p":{"a":0,"k":[0,0],"ix":2},"a":{"a":0,"k":[0,0],"ix":1},"s":{"a":0,"k":[100,100],"ix":3},"r":{"a":0,"k":0,"ix":6},"o":{"a":0,"k":100,"ix":7},"sk":{"a":0,"k":0,"ix":4},"sa":{"a":0,"k":0,"ix":5},"nm":"Transform"}],"nm":"Group 1","np":2,"cix":2,"bm":0,"ix":1,"mn":"ADBE Vector Group","hd":false}],"ip":0,"op":120,"st":0,"bm":0},{"ddd":0,"ind":17,"ty":4,"nm":"base shadow","parent":19,"tt":2,"sr":1,"ks":{"o":{"a":0,"k":100,"ix":11},"r":{"a":0,"k":0,"ix":10},"p":{"a":0,"k":[0,0,0],"ix":2,"l":2},"a":{"a":0,"k":[0,0,0],"ix":1,"l":2},"s":{"a":0,"k":[100,100,100],"ix":6,"l":2}},"ao":0,"shapes":[{"ty":"gr","it":[{"ind":0,"ty":"sh","ix":1,"ks":{"a":0,"k":{"i":[[15.4,0],[0,38.4],[-27.9,0],[-10.6,-9.3],[0,-16.9],[11.5,-10.2]],"o":[[-27.9,0],[0,-38.4],[15.5,0],[11.5,10.2],[0,16.9],[-10.6,9.3]],"v":[[0,55.9],[-58,0],[0,-55.9],[40.4,-41.5],[58,0],[40.4,41.4]],"c":true},"ix":2},"nm":"Path 1","mn":"ADBE Vector Shape - Group","hd":false},{"ty":"fl","c":{"a":0,"k":[0.921568627451,0.560784313725,0,1],"ix":4},"o":{"a":0,"k":100,"ix":5},"r":1,"bm":0,"nm":"Fill 1","mn":"ADBE Vector Graphic - Fill","hd":false},{"ty":"tr","p":{"a":0,"k":[0,0],"ix":2},"a":{"a":0,"k":[0,0],"ix":1},"s":{"a":0,"k":[100,100],"ix":3},"r":{"a":0,"k":0,"ix":6},"o":{"a":0,"k":100,"ix":7},"sk":{"a":0,"k":0,"ix":4},"sa":{"a":0,"k":0,"ix":5},"nm":"Transform"}],"nm":"Group 1","np":2,"cix":2,"bm":0,"ix":1,"mn":"ADBE Vector Group","hd":false}],"ip":0,"op":120,"st":0,"bm":0},{"ddd":0,"ind":18,"ty":4,"nm":"base gradient","parent":19,"sr":1,"ks":{"o":{"a":0,"k":100,"ix":11},"r":{"a":0,"k":0,"ix":10},"p":{"a":0,"k":[0,0,0],"ix":2,"l":2},"a":{"a":0,"k":[0,0,0],"ix":1,"l":2},"s":{"a":0,"k":[100,100,100],"ix":6,"l":2}},"ao":0,"shapes":[{"ty":"gr","it":[{"ind":0,"ty":"sh","ix":1,"ks":{"a":0,"k":{"i":[[15.4,0],[0,38.4],[-27.9,0],[-10.6,-9.3],[0,-16.9],[11.5,-10.2]],"o":[[-27.9,0],[0,-38.4],[15.5,0],[11.5,10.2],[0,16.9],[-10.6,9.3]],"v":[[0,55.9],[-58,0],[0,-55.9],[40.4,-41.5],[58,0],[40.4,41.4]],"c":true},"ix":2},"nm":"Path 1","mn":"ADBE Vector Shape - Group","hd":false},{"ty":"gf","o":{"a":0,"k":100,"ix":10},"r":1,"bm":0,"g":{"p":5,"k":{"a":0,"k":[0.16,0.957,0.635,0.137,0.245,0.963,0.694,0.153,0.33,0.969,0.753,0.169,0.641,0.98,0.816,0.178,0.81,0.992,0.878,0.188,0.33,1,0.57,0.5,0.81,0],"ix":9}},"s":{"a":0,"k":[0,57.75],"ix":5},"e":{"a":0,"k":[0,-58.25],"ix":6},"t":1,"nm":"Gradient Fill 1","mn":"ADBE Vector Graphic - G-Fill","hd":false},{"ty":"tr","p":{"a":0,"k":[0,0],"ix":2},"a":{"a":0,"k":[0,0],"ix":1},"s":{"a":0,"k":[100,100],"ix":3},"r":{"a":0,"k":0,"ix":6},"o":{"a":0,"k":100,"ix":7},"sk":{"a":0,"k":0,"ix":4},"sa":{"a":0,"k":0,"ix":5},"nm":"Transform"}],"nm":"Group 1","np":2,"cix":2,"bm":0,"ix":1,"mn":"ADBE Vector Group","hd":false}],"ip":0,"op":120,"st":0,"bm":0},{"ddd":0,"ind":19,"ty":4,"nm":"base normal","parent":1,"sr":1,"ks":{"o":{"a":0,"k":100,"ix":11},"r":{"a":1,"k":[{"i":{"x":[0.667],"y":[1]},"o":{"x":[0.167],"y":[0.167]},"t":15,"s":[0]},{"i":{"x":[0.667],"y":[1]},"o":{"x":[0.333],"y":[0]},"t":24,"s":[-13]},{"i":{"x":[0.667],"y":[1]},"o":{"x":[0.333],"y":[0]},"t":66,"s":[-13]},{"t":86,"s":[0]}],"ix":10},"p":{"a":0,"k":[0,-10,0],"ix":2,"l":2},"a":{"a":0,"k":[0,0,0],"ix":1,"l":2},"s":{"a":0,"k":[800,800,100],"ix":6,"l":2}},"ao":0,"shapes":[{"ty":"gr","it":[{"ind":0,"ty":"sh","ix":1,"ks":{"a":0,"k":{"i":[[15.4,0],[0,38.4],[-27.9,0],[-10.6,-9.3],[0,-16.9],[11.5,-10.2]],"o":[[-27.9,0],[0,-38.4],[15.5,0],[11.5,10.2],[0,16.9],[-10.6,9.3]],"v":[[0,55.9],[-58,0],[0,-55.9],[40.4,-41.5],[58,0],[40.4,41.4]],"c":true},"ix":2},"nm":"Path 1","mn":"ADBE Vector Shape - Group","hd":false},{"ty":"gf","o":{"a":0,"k":100,"ix":10},"r":1,"bm":0,"g":{"p":5,"k":{"a":0,"k":[0.48,0.992,0.878,0.188,0.691,0.98,0.816,0.178,0.902,0.969,0.753,0.169,0.966,0.963,0.694,0.153,1,0.957,0.635,0.137],"ix":9}},"s":{"a":0,"k":[0,0],"ix":5},"e":{"a":0,"k":[56.225,0],"ix":6},"t":2,"h":{"a":0,"k":0,"ix":7},"a":{"a":0,"k":0,"ix":8},"nm":"Gradient Fill 1","mn":"ADBE Vector Graphic - G-Fill","hd":false},{"ty":"tr","p":{"a":0,"k":[0,0],"ix":2},"a":{"a":0,"k":[0,0],"ix":1},"s":{"a":0,"k":[100,100],"ix":3},"r":{"a":0,"k":0,"ix":6},"o":{"a":0,"k":100,"ix":7},"sk":{"a":0,"k":0,"ix":4},"sa":{"a":0,"k":0,"ix":5},"nm":"Transform"}],"nm":"Group 1","np":2,"cix":2,"bm":0,"ix":1,"mn":"ADBE Vector Group","hd":false}],"ip":0,"op":120,"st":0,"bm":0}],"markers":[{"tm":106,"cm":"rest","dr":0}]}