{"v":"5.8.1","fr":60,"ip":0,"op":120,"w":1024,"h":1024,"nm":"emoji_flushed face","ddd":0,"assets":[],"layers":[{"ddd":0,"ind":1,"ty":3,"nm":"Face ctlr","parent":12,"sr":1,"ks":{"o":{"a":0,"k":0,"ix":11},"r":{"a":0,"k":0,"ix":10},"p":{"a":1,"k":[{"i":{"x":0.965,"y":1},"o":{"x":0.027,"y":0},"t":95,"s":[0.706,-23.804,0],"to":[-10.833,0,0],"ti":[-12.5,0,0]},{"i":{"x":0.965,"y":1},"o":{"x":0.027,"y":0},"t":100,"s":[-64.294,-23.804,0],"to":[12.5,0,0],"ti":[0,0,0]},{"i":{"x":0.965,"y":1},"o":{"x":0.027,"y":0},"t":105,"s":[75.706,-23.804,0],"to":[0,0,0],"ti":[0,0,0]},{"i":{"x":0.965,"y":1},"o":{"x":0.027,"y":0},"t":110,"s":[-64.294,-23.804,0],"to":[0,0,0],"ti":[-10.833,0,0]},{"i":{"x":0.965,"y":1},"o":{"x":0.027,"y":0},"t":115,"s":[75.706,-23.804,0],"to":[10.833,0,0],"ti":[12.5,0,0]},{"t":120,"s":[0.706,-23.804,0]}],"ix":2,"l":2},"a":{"a":0,"k":[0,0,0],"ix":1,"l":2},"s":{"a":0,"k":[84.034,84.034,100],"ix":6,"l":2}},"ao":0,"ip":0,"op":120,"st":0,"bm":0},{"ddd":0,"ind":2,"ty":4,"nm":"Mouth","parent":1,"sr":1,"ks":{"o":{"a":0,"k":100,"ix":11},"r":{"a":0,"k":0,"ix":10},"p":{"a":1,"k":[{"i":{"x":0.46,"y":1},"o":{"x":0.46,"y":0},"t":0,"s":[0,208.831,0],"to":[0,-1.388,0],"ti":[0,9.123,0]},{"i":{"x":0.541,"y":0},"o":{"x":0.219,"y":0},"t":5,"s":[0,200.501,0],"to":[0,-0.69,0],"ti":[0,0.242,0]},{"i":{"x":0.635,"y":0.985},"o":{"x":0.303,"y":0.008},"t":7,"s":[0,199.14,0],"to":[0,-0.902,0],"ti":[0,-0.519,0]},{"i":{"x":0.546,"y":1},"o":{"x":0.291,"y":0.375},"t":8,"s":[0,145.664,0],"to":[0,0.5,0],"ti":[0,-0.515,0]},{"i":{"x":0.712,"y":1},"o":{"x":0.864,"y":0},"t":13,"s":[0,154.091,0],"to":[0,1.388,0],"ti":[0,-9.405,0]},{"i":{"x":0.712,"y":1},"o":{"x":0.167,"y":0},"t":25,"s":[0,217.161,0],"to":[0,9.405,0],"ti":[0,1.107,0]},{"i":{"x":0.712,"y":0.712},"o":{"x":0.167,"y":0.167},"t":31,"s":[0,210.521,0],"to":[0,0,0],"ti":[0,0,0]},{"i":{"x":0.712,"y":1},"o":{"x":0.167,"y":0},"t":82,"s":[0,210.521,0],"to":[0,1.052,0],"ti":[0,3.448,0]},{"i":{"x":0.712,"y":1},"o":{"x":0.167,"y":0},"t":87.5,"s":[0,216.831,0],"to":[0,-3.448,0],"ti":[1.833,4.5,0]},{"i":{"x":0.712,"y":1},"o":{"x":0.167,"y":0},"t":95,"s":[0,189.831,0],"to":[-1.833,-4.5,0],"ti":[-3,0,0]},{"i":{"x":0.712,"y":1},"o":{"x":0.167,"y":0},"t":102.5,"s":[-11,189.831,0],"to":[3,0,0],"ti":[0,0,0]},{"i":{"x":0.712,"y":1},"o":{"x":0.167,"y":0},"t":107.5,"s":[18,189.831,0],"to":[0,0,0],"ti":[0,0,0]},{"i":{"x":0.712,"y":1},"o":{"x":0.167,"y":0},"t":112.5,"s":[-11,189.831,0],"to":[0,0,0],"ti":[-1.833,-3.167,0]},{"i":{"x":0.667,"y":1},"o":{"x":0.167,"y":0},"t":117.5,"s":[18,189.831,0],"to":[1.833,3.167,0],"ti":[3,-3.167,0]},{"t":120,"s":[0,208.831,0]}],"ix":2,"l":2},"a":{"a":0,"k":[0,209,0],"ix":1,"l":2},"s":{"a":0,"k":[100,100,100],"ix":6,"l":2}},"ao":0,"shapes":[{"ty":"gr","it":[{"ind":0,"ty":"sh","ix":1,"ks":{"a":1,"k":[{"i":{"x":0.667,"y":1},"o":{"x":0.333,"y":0},"t":0,"s":[{"i":[[0,0],[-43.5,-21.5]],"o":[[0,0],[39.896,19.719]],"v":[[-43,212],[42,211.5]],"c":false}]},{"i":{"x":0.833,"y":1},"o":{"x":0.333,"y":0},"t":5,"s":[{"i":[[0,0],[-45.922,0.009]],"o":[[0,0],[44.503,-0.008]],"v":[[-30.807,211.948],[35.172,211.491]],"c":false}]},{"t":82,"s":[{"i":[[0,0],[-45.922,0.009]],"o":[[0,0],[44.503,-0.008]],"v":[[-30.807,211.948],[35.172,211.491]],"c":false}]}],"ix":2},"nm":"Path 1","mn":"ADBE Vector Shape - Group","hd":false},{"ty":"st","c":{"a":0,"k":[0.258823529412,0.16862745098,0.050980395897,1],"ix":3},"o":{"a":0,"k":100,"ix":4},"w":{"a":0,"k":26,"ix":5},"lc":2,"lj":1,"ml":4,"bm":0,"nm":"Stroke 1","mn":"ADBE Vector Graphic - Stroke","hd":false},{"ty":"tr","p":{"a":0,"k":[0,0],"ix":2},"a":{"a":0,"k":[0,0],"ix":1},"s":{"a":0,"k":[100,100],"ix":3},"r":{"a":0,"k":0,"ix":6},"o":{"a":1,"k":[{"t":0,"s":[100],"h":1},{"t":7.5,"s":[0],"h":1}],"ix":7},"sk":{"a":0,"k":0,"ix":4},"sa":{"a":0,"k":0,"ix":5},"nm":"Transform"}],"nm":")","np":2,"cix":2,"bm":0,"ix":1,"mn":"ADBE Vector Group","hd":false},{"ty":"gr","it":[{"ty":"rc","d":1,"s":{"a":1,"k":[{"i":{"x":[0.36,0.317],"y":[1,1]},"o":{"x":[0.113,0.177],"y":[0,0]},"t":7.5,"s":[73.65,23.961]},{"i":{"x":[0.564,0.549],"y":[1,1]},"o":{"x":[0.477,0.504],"y":[0,0]},"t":13,"s":[73.65,79.961]},{"i":{"x":[0.564,0.549],"y":[1,1]},"o":{"x":[0.167,0.167],"y":[0,0]},"t":25,"s":[138,44]},{"i":{"x":[0.564,0.549],"y":[1,1]},"o":{"x":[0.167,0.167],"y":[0,0]},"t":31,"s":[124,43.5]},{"i":{"x":[0.833,0.833],"y":[1,1]},"o":{"x":[0.167,0.167],"y":[0,0]},"t":82,"s":[124,43.5]},{"t":94,"s":[101.65,25.961]}],"ix":2},"p":{"a":0,"k":[0,0],"ix":3},"r":{"a":0,"k":187,"ix":4},"nm":"Rectangle Path 1","mn":"ADBE Vector Shape - Rect","hd":false},{"ty":"fl","c":{"a":0,"k":[0.258823529412,0.16862745098,0.050980395897,1],"ix":4},"o":{"a":0,"k":100,"ix":5},"r":1,"bm":0,"nm":"Fill 1","mn":"ADBE Vector Graphic - Fill","hd":false},{"ty":"tr","p":{"a":0,"k":[-3.028,198.44],"ix":2},"a":{"a":0,"k":[0,0],"ix":1},"s":{"a":0,"k":[100,100],"ix":3},"r":{"a":0,"k":0,"ix":6},"o":{"a":1,"k":[{"t":0,"s":[0],"h":1},{"t":7.5,"s":[100],"h":1}],"ix":7},"sk":{"a":0,"k":0,"ix":4},"sa":{"a":0,"k":0,"ix":5},"nm":"Transform"}],"nm":"0","np":2,"cix":2,"bm":0,"ix":2,"mn":"ADBE Vector Group","hd":false}],"ip":0,"op":120,"st":0,"bm":0},{"ddd":0,"ind":3,"ty":4,"nm":"L Brow new","parent":13,"sr":1,"ks":{"o":{"a":0,"k":100,"ix":11},"r":{"a":0,"k":0,"ix":10},"p":{"a":0,"k":[-1.728,33.285,0],"ix":2,"l":2},"a":{"a":0,"k":[512,512,0],"ix":1,"l":2},"s":{"a":0,"k":[-67.614,67.614,100],"ix":6,"l":2}},"ao":0,"shapes":[{"ty":"gr","it":[{"ind":0,"ty":"sh","ix":1,"ks":{"a":1,"k":[{"i":{"x":0.667,"y":1},"o":{"x":0.167,"y":0},"t":5,"s":[{"i":[[68.033,-24.479],[0,0],[3.752,7.177],[-7.176,3.753],[-15.599,1.52],[-48.061,-32.581],[15.439,8]],"o":[[0,0],[-7.176,3.753],[-3.752,-7.177],[13.379,-8.186],[56.263,-10.872],[16,12.08],[-42.401,-20.64]],"v":[[-103.486,10.771],[-104.28,10.874],[-127.493,5.891],[-121.26,-13.873],[-72.626,-31.65],[83.577,-1.121],[67.577,23.359]],"c":true}]},{"i":{"x":0.667,"y":1},"o":{"x":0.333,"y":0},"t":20,"s":[{"i":[[46.08,-10.08],[0,0],[2.8,7.6],[-7.599,2.8],[-15.599,1.52],[-34,-25.2],[15.439,8]],"o":[[0,0],[-7.599,2.8],[-2.799,-7.6],[14.32,-6.4],[42,-5.04],[16,12.08],[-42.401,-20.64]],"v":[[-73.121,10.12],[-73.921,10.12],[-92.721,1.4],[-84.001,-17.4],[-38.881,-29.4],[79.52,1.96],[63.52,26.44]],"c":true}]},{"i":{"x":0.667,"y":1},"o":{"x":0.333,"y":0},"t":88,"s":[{"i":[[46.08,-10.08],[0,0],[2.8,7.6],[-7.599,2.8],[-15.599,1.52],[-34,-25.2],[15.439,8]],"o":[[0,0],[-7.599,2.8],[-2.799,-7.6],[14.32,-6.4],[42,-5.04],[16,12.08],[-42.401,-20.64]],"v":[[-73.121,10.12],[-73.921,10.12],[-92.721,1.4],[-84.001,-17.4],[-38.881,-29.4],[79.52,1.96],[63.52,26.44]],"c":true}]},{"t":94,"s":[{"i":[[68.033,-24.479],[0,0],[3.752,7.177],[-7.176,3.753],[-15.599,1.52],[-48.061,-32.581],[15.439,8]],"o":[[0,0],[-7.176,3.753],[-3.752,-7.177],[13.379,-8.186],[56.263,-10.872],[16,12.08],[-42.401,-20.64]],"v":[[-103.486,10.771],[-104.28,10.874],[-127.493,5.891],[-121.26,-13.873],[-72.626,-31.65],[83.577,-1.121],[67.577,23.359]],"c":true}]}],"ix":2},"nm":"Path 1","mn":"ADBE Vector Shape - Group","hd":false},{"ty":"fl","c":{"a":0,"k":[0.258999992819,0.169000004787,0.051000000449,1],"ix":4},"o":{"a":0,"k":100,"ix":5},"r":1,"bm":0,"nm":"Fill 1","mn":"ADBE Vector Graphic - Fill","hd":false},{"ty":"tr","p":{"a":0,"k":[720.001,208.04],"ix":2},"a":{"a":0,"k":[0,0],"ix":1},"s":{"a":0,"k":[100,100],"ix":3},"r":{"a":0,"k":0,"ix":6},"o":{"a":0,"k":100,"ix":7},"sk":{"a":0,"k":0,"ix":4},"sa":{"a":0,"k":0,"ix":5},"nm":"Transform"}],"nm":"Group 1","np":2,"cix":2,"bm":0,"ix":1,"mn":"ADBE Vector Group","hd":false}],"ip":0,"op":120,"st":0,"bm":0},{"ddd":0,"ind":4,"ty":4,"nm":"R Brow new","parent":14,"sr":1,"ks":{"o":{"a":0,"k":100,"ix":11},"r":{"a":0,"k":0,"ix":10},"p":{"a":0,"k":[-0.272,38.018,0],"ix":2,"l":2},"a":{"a":0,"k":[512,512,0],"ix":1,"l":2},"s":{"a":0,"k":[67.614,67.614,100],"ix":6,"l":2}},"ao":0,"shapes":[{"ty":"gr","it":[{"ind":0,"ty":"sh","ix":1,"ks":{"a":1,"k":[{"i":{"x":0.667,"y":1},"o":{"x":0.333,"y":0},"t":5,"s":[{"i":[[-49.208,-18.102],[0,0],[-2.8,7.6],[7.6,2.8],[15.6,1.52],[34,-25.2],[-15.84,8]],"o":[[0,0],[7.6,2.8],[2.8,-7.6],[-14.32,-6.4],[-42,-5.04],[-16,12.08],[42.32,-20.56]],"v":[[108.041,11.527],[108.841,11.527],[127.641,2.807],[118.921,-15.993],[54.507,-31.91],[-79.52,1.96],[-63.12,26.44]],"c":true}]},{"i":{"x":0.667,"y":1},"o":{"x":0.333,"y":0},"t":20,"s":[{"i":[[-45.92,-10],[0,0],[-2.8,7.6],[7.6,2.8],[15.6,1.52],[34,-25.2],[-15.84,8]],"o":[[0,0],[7.6,2.8],[2.8,-7.6],[-14.32,-6.4],[-42,-5.04],[-16,12.08],[42.32,-20.56]],"v":[[73.12,10.12],[73.92,10.12],[92.72,1.4],[84,-17.4],[38.88,-29.4],[-79.52,1.96],[-63.12,26.44]],"c":true}]},{"i":{"x":0.667,"y":1},"o":{"x":0.333,"y":0},"t":88,"s":[{"i":[[-45.92,-10],[0,0],[-2.8,7.6],[7.6,2.8],[15.6,1.52],[34,-25.2],[-15.84,8]],"o":[[0,0],[7.6,2.8],[2.8,-7.6],[-14.32,-6.4],[-42,-5.04],[-16,12.08],[42.32,-20.56]],"v":[[73.12,10.12],[73.92,10.12],[92.72,1.4],[84,-17.4],[38.88,-29.4],[-79.52,1.96],[-63.12,26.44]],"c":true}]},{"t":94,"s":[{"i":[[-49.208,-18.102],[0,0],[-2.8,7.6],[7.6,2.8],[15.6,1.52],[34,-25.2],[-15.84,8]],"o":[[0,0],[7.6,2.8],[2.8,-7.6],[-14.32,-6.4],[-42,-5.04],[-16,12.08],[42.32,-20.56]],"v":[[108.041,11.527],[108.841,11.527],[127.641,2.807],[118.921,-15.993],[54.507,-31.91],[-79.52,1.96],[-63.12,26.44]],"c":true}]}],"ix":2},"nm":"Path 1","mn":"ADBE Vector Shape - Group","hd":false},{"ty":"fl","c":{"a":0,"k":[0.258999992819,0.169000004787,0.051000000449,1],"ix":4},"o":{"a":0,"k":100,"ix":5},"r":1,"bm":0,"nm":"Fill 1","mn":"ADBE Vector Graphic - Fill","hd":false},{"ty":"tr","p":{"a":0,"k":[299.36,208.04],"ix":2},"a":{"a":0,"k":[0,0],"ix":1},"s":{"a":0,"k":[100,100],"ix":3},"r":{"a":0,"k":0,"ix":6},"o":{"a":0,"k":100,"ix":7},"sk":{"a":0,"k":0,"ix":4},"sa":{"a":0,"k":0,"ix":5},"nm":"Transform"}],"nm":"Group 2","np":2,"cix":2,"bm":0,"ix":1,"mn":"ADBE Vector Group","hd":false}],"ip":0,"op":120,"st":0,"bm":0},{"ddd":0,"ind":5,"ty":4,"nm":"L Eye ","parent":1,"sr":1,"ks":{"o":{"a":0,"k":100,"ix":11},"r":{"a":0,"k":0,"ix":10},"p":{"a":1,"k":[{"i":{"x":0.4,"y":1},"o":{"x":0.3,"y":0},"t":0,"s":[135.908,12.064,0],"to":[0,1.667,0],"ti":[0,3.167,0]},{"i":{"x":0.027,"y":0.593},"o":{"x":0.093,"y":0},"t":5,"s":[135.908,22.064,0],"to":[0,-3.167,0],"ti":[0,1.667,0]},{"i":{"x":0.32,"y":1},"o":{"x":0.631,"y":0.154},"t":17.5,"s":[135.908,-6.936,0],"to":[0,-1.667,0],"ti":[0,-3.167,0]},{"i":{"x":0.32,"y":0.32},"o":{"x":0.167,"y":0.167},"t":22.5,"s":[135.908,12.064,0],"to":[0,0,0],"ti":[0,0,0]},{"i":{"x":0.32,"y":1},"o":{"x":0.167,"y":0},"t":82,"s":[135.908,12.064,0],"to":[0,-0.397,0],"ti":[0,0,0]},{"i":{"x":0.563,"y":0.972},"o":{"x":0.286,"y":0},"t":87.5,"s":[135.908,9.684,0],"to":[0,0,0],"ti":[0,-0.506,0]},{"i":{"x":0.623,"y":0.985},"o":{"x":0.3,"y":0.021},"t":90,"s":[135.908,27.629,0],"to":[0,0.136,0],"ti":[0,-0.145,0]},{"i":{"x":0.575,"y":1},"o":{"x":0.252,"y":0.578},"t":92.5,"s":[135.908,11.511,0],"to":[0,0.248,0],"ti":[0,-0.101,0]},{"t":97.5,"s":[135.908,12.064,0]}],"ix":2,"l":2},"a":{"a":0,"k":[-136,8,0],"ix":1,"l":2},"s":{"a":0,"k":[100,100,100],"ix":6,"l":2}},"ao":0,"shapes":[{"ty":"gr","it":[{"ind":0,"ty":"sh","ix":1,"ks":{"a":1,"k":[{"i":{"x":0.667,"y":1},"o":{"x":0.333,"y":0},"t":0,"s":[{"i":[[83,-12],[-1,-6],[-13,1],[-53.5,-42.5],[-3,1.5],[11.5,9.5]],"o":[[-28,4.5],[1,6],[14.989,-1.153],[12.5,11],[3,-1.5],[-10.522,-8.692]],"v":[[-197,40.5],[-222,59.5],[-198.5,69.5],[-81.5,101.5],[-59.5,104],[-67,79.5]],"c":true}]},{"i":{"x":0.833,"y":1},"o":{"x":0.333,"y":0},"t":5,"s":[{"i":[[83,-12],[-1,-6],[-13,1],[-53.5,-42.5],[-3,1.5],[11.5,9.5]],"o":[[-28,4.5],[1,6],[14.989,-1.153],[12.5,11],[3,-1.5],[-10.522,-8.692]],"v":[[-197,31.5],[-222,50.5],[-198.5,60.5],[-81.5,101.5],[-59.5,104],[-69,80.5]],"c":true}]},{"i":{"x":0.833,"y":1},"o":{"x":0.167,"y":0},"t":90,"s":[{"i":[[83,-12],[-1,-6],[-13,1],[-53.5,-42.5],[-3,1.5],[11.5,9.5]],"o":[[-28,4.5],[1,6],[14.989,-1.153],[12.5,11],[3,-1.5],[-10.522,-8.692]],"v":[[-197,31.5],[-222,50.5],[-198.5,60.5],[-81.5,101.5],[-59.5,104],[-69,80.5]],"c":true}]},{"i":{"x":0.833,"y":1},"o":{"x":0.167,"y":0},"t":92.5,"s":[{"i":[[83.281,-11.728],[-1,-6],[-13,1],[-67.219,-24.728],[-2.719,7.272],[11.5,9.5]],"o":[[-28,4.5],[1,6],[14.989,-1.153],[11.781,5.772],[1.175,-3.142],[-10.522,-8.692]],"v":[[-198,38.5],[-223,57.5],[-199.5,67.5],[-77.5,82.5],[-55,79],[-66,58.5]],"c":true}]},{"i":{"x":0.833,"y":0.833},"o":{"x":0.167,"y":0},"t":95,"s":[{"i":[[83.281,-11.728],[-1,-6],[-13,1],[-67.219,-24.728],[-2.719,7.272],[11.5,9.5]],"o":[[-28,4.5],[1,6],[14.989,-1.153],[11.781,5.772],[1.175,-3.142],[-10.522,-8.692]],"v":[[-198,44.5],[-223,63.5],[-199.5,73.5],[-77.5,88.5],[-55,85],[-66,64.5]],"c":true}]},{"i":{"x":0.833,"y":1},"o":{"x":0.167,"y":0.167},"t":97.5,"s":[{"i":[[83.281,-11.728],[-1,-6],[-13,1],[-67.219,-24.728],[-2.719,7.272],[11.5,9.5]],"o":[[-28,4.5],[1,6],[14.989,-1.153],[11.781,5.772],[1.175,-3.142],[-10.522,-8.692]],"v":[[-203,44],[-228,63],[-204.5,73],[-77.5,88.5],[-55,85],[-66,64.5]],"c":true}]},{"i":{"x":0.833,"y":0.833},"o":{"x":0.167,"y":0},"t":100,"s":[{"i":[[83.281,-11.728],[-1,-6],[-13,1],[-67.219,-24.728],[-2.719,7.272],[11.5,9.5]],"o":[[-28,4.5],[1,6],[14.989,-1.153],[11.781,5.772],[1.175,-3.142],[-10.522,-8.692]],"v":[[-198,44.5],[-223,63.5],[-199.5,73.5],[-77.5,88.5],[-55,85],[-66,64.5]],"c":true}]},{"i":{"x":0.833,"y":1},"o":{"x":0.167,"y":0.167},"t":102.5,"s":[{"i":[[84.761,-8.281],[-1,-6],[-13,1],[-62.739,-16.781],[-3.238,9.219],[11.262,6.219]],"o":[[-28,4.5],[1,6],[14.989,-1.153],[13.261,3.219],[1.112,-3.165],[-11.947,-6.597]],"v":[[-198,44.5],[-223,63.5],[-199.5,73.5],[-53.5,88],[-31,81.5],[-42,64]],"c":true}]},{"i":{"x":0.833,"y":0.833},"o":{"x":0.167,"y":0},"t":105,"s":[{"i":[[83.281,-11.728],[-1,-6],[-13,1],[-67.219,-24.728],[-2.719,7.272],[11.5,9.5]],"o":[[-28,4.5],[1,6],[14.989,-1.153],[11.781,5.772],[1.175,-3.142],[-10.522,-8.692]],"v":[[-198,44.5],[-223,63.5],[-199.5,73.5],[-77.5,88.5],[-55,85],[-66,64.5]],"c":true}]},{"i":{"x":0.833,"y":1},"o":{"x":0.167,"y":0.167},"t":107.5,"s":[{"i":[[87.7,-9.281],[-1,-6],[-13,1],[-70.8,-20.281],[-2.719,7.272],[11.5,9.5]],"o":[[-28,4.5],[1,6],[14.989,-1.153],[11.781,5.772],[1.175,-3.142],[-10.522,-8.692]],"v":[[-235,44.5],[-260,63.5],[-236.5,73.5],[-77.5,88.5],[-55,81],[-66,64.5]],"c":true}]},{"i":{"x":0.833,"y":0.833},"o":{"x":0.167,"y":0},"t":110,"s":[{"i":[[83.281,-11.728],[-1,-6],[-13,1],[-67.219,-24.728],[-2.719,7.272],[11.5,9.5]],"o":[[-28,4.5],[1,6],[14.989,-1.153],[11.781,5.772],[1.175,-3.142],[-10.522,-8.692]],"v":[[-198,44.5],[-223,63.5],[-199.5,73.5],[-77.5,88.5],[-55,85],[-66,64.5]],"c":true}]},{"i":{"x":0.833,"y":1},"o":{"x":0.167,"y":0.167},"t":112.5,"s":[{"i":[[84.761,-8.281],[-1,-6],[-13,1],[-62.739,-16.781],[-3.238,9.219],[11.262,6.219]],"o":[[-28,4.5],[1,6],[14.989,-1.153],[13.261,3.219],[1.112,-3.165],[-11.947,-6.597]],"v":[[-198,44.5],[-223,63.5],[-199.5,73.5],[-53.5,88],[-31,81.5],[-42,64]],"c":true}]},{"i":{"x":0.833,"y":0.833},"o":{"x":0.167,"y":0},"t":115,"s":[{"i":[[83.281,-11.728],[-1,-6],[-13,1],[-67.219,-24.728],[-2.719,7.272],[11.5,9.5]],"o":[[-28,4.5],[1,6],[14.989,-1.153],[11.781,5.772],[1.175,-3.142],[-10.522,-8.692]],"v":[[-198,44.5],[-223,63.5],[-199.5,73.5],[-77.5,88.5],[-55,85],[-66,64.5]],"c":true}]},{"i":{"x":0.667,"y":1},"o":{"x":0.167,"y":0.167},"t":117.5,"s":[{"i":[[83.118,-11.886],[-1,-6],[-13,1],[-59.233,-35.073],[-2.882,3.912],[11.5,9.5]],"o":[[-28,4.5],[1,6],[14.989,-1.153],[12.2,8.815],[2.237,-2.186],[-10.522,-8.692]],"v":[[-203.418,43.172],[-228.418,62.172],[-204.918,72.172],[-79.828,96.067],[-57.619,96.06],[-66.582,73.232]],"c":true}]},{"t":120,"s":[{"i":[[83,-12],[-1,-6],[-13,1],[-53.5,-42.5],[-3,1.5],[11.5,9.5]],"o":[[-28,4.5],[1,6],[14.989,-1.153],[12.5,11],[3,-1.5],[-10.522,-8.692]],"v":[[-197,40.5],[-222,59.5],[-198.5,69.5],[-81.5,101.5],[-59.5,104],[-67,79.5]],"c":true}]}],"ix":2},"nm":"Path 1","mn":"ADBE Vector Shape - Group","hd":false},{"ty":"fl","c":{"a":0,"k":[0.258823529412,0.16862745098,0.050980395897,1],"ix":4},"o":{"a":0,"k":100,"ix":5},"r":1,"bm":0,"nm":"Fill 1","mn":"ADBE Vector Graphic - Fill","hd":false},{"ty":"tr","p":{"a":0,"k":[-280.719,-0.219],"ix":2},"a":{"a":0,"k":[0,0],"ix":1},"s":{"a":0,"k":[-100,100],"ix":3},"r":{"a":0,"k":0,"ix":6},"o":{"a":1,"k":[{"t":0,"s":[100],"h":1},{"t":7.5,"s":[0],"h":1},{"t":91,"s":[100],"h":1}],"ix":7},"sk":{"a":0,"k":0,"ix":4},"sa":{"a":0,"k":0,"ix":5},"nm":"Transform"}],"nm":"(","np":2,"cix":2,"bm":0,"ix":1,"mn":"ADBE Vector Group","hd":false},{"ty":"gr","it":[{"d":1,"ty":"el","s":{"a":1,"k":[{"i":{"x":[0.667,0.667],"y":[1,1]},"o":{"x":[0.333,0.333],"y":[0,0]},"t":7.5,"s":[118.219,70.219]},{"i":{"x":[0.833,0.833],"y":[1,1]},"o":{"x":[0.781,0.781],"y":[0,0]},"t":12.5,"s":[83.219,83.219]},{"i":{"x":[0.271,0.271],"y":[1,1]},"o":{"x":[0.167,0.167],"y":[0,0]},"t":20,"s":[63.2,63.2]},{"i":{"x":[0.833,0.833],"y":[1,1]},"o":{"x":[0.167,0.167],"y":[0,0]},"t":36,"s":[82,82]},{"i":{"x":[0.833,0.833],"y":[1,1]},"o":{"x":[0.167,0.167],"y":[0,0]},"t":82,"s":[82,82]},{"i":{"x":[0.833,0.833],"y":[1,1]},"o":{"x":[0.167,0.167],"y":[0,0]},"t":87,"s":[82,82]},{"t":90,"s":[118.2,70.2]}],"ix":2},"p":{"a":0,"k":[0,0],"ix":3},"nm":"Ellipse Path 1","mn":"ADBE Vector Shape - Ellipse","hd":false},{"ty":"fl","c":{"a":0,"k":[0.258823529412,0.16862745098,0.050980395897,1],"ix":4},"o":{"a":0,"k":100,"ix":5},"r":1,"bm":0,"nm":"Fill 1","mn":"ADBE Vector Graphic - Fill","hd":false},{"ty":"tr","p":{"a":0,"k":[-136,8],"ix":2},"a":{"a":0,"k":[0,0],"ix":1},"s":{"a":0,"k":[100,100],"ix":3},"r":{"a":0,"k":0,"ix":6},"o":{"a":1,"k":[{"t":0,"s":[0],"h":1},{"t":7.5,"s":[100],"h":1},{"t":91,"s":[0],"h":1}],"ix":7},"sk":{"a":0,"k":0,"ix":4},"sa":{"a":0,"k":0,"ix":5},"nm":"Transform"}],"nm":"Pupil","np":2,"cix":2,"bm":0,"ix":2,"mn":"ADBE Vector Group","hd":false},{"ty":"gr","it":[{"d":1,"ty":"el","s":{"a":1,"k":[{"i":{"x":[0.15,0.16],"y":[1,1]},"o":{"x":[0.07,0.15],"y":[0,0]},"t":7.5,"s":[203.2,145.2]},{"i":{"x":[0.833,0.833],"y":[1,1]},"o":{"x":[0.333,0.333],"y":[0,0]},"t":17.5,"s":[188.219,188.219]},{"i":{"x":[0.833,0.833],"y":[1,1]},"o":{"x":[0.167,0.167],"y":[0,0]},"t":87.5,"s":[188.219,188.219]},{"t":90,"s":[203.2,145.2]}],"ix":2},"p":{"a":0,"k":[0,0],"ix":3},"nm":"Ellipse Path 1","mn":"ADBE Vector Shape - Ellipse","hd":false},{"ty":"fl","c":{"a":0,"k":[1,1,1,1],"ix":4},"o":{"a":0,"k":100,"ix":5},"r":1,"bm":0,"nm":"Fill 1","mn":"ADBE Vector Graphic - Fill","hd":false},{"ty":"tr","p":{"a":0,"k":[-136,8],"ix":2},"a":{"a":0,"k":[0,0],"ix":1},"s":{"a":0,"k":[100,100],"ix":3},"r":{"a":0,"k":0,"ix":6},"o":{"a":1,"k":[{"t":0,"s":[0],"h":1},{"t":7.5,"s":[100],"h":1},{"t":91,"s":[0],"h":1}],"ix":7},"sk":{"a":0,"k":0,"ix":4},"sa":{"a":0,"k":0,"ix":5},"nm":"Transform"}],"nm":"White","np":2,"cix":2,"bm":0,"ix":3,"mn":"ADBE Vector Group","hd":false}],"ip":0,"op":120,"st":0,"bm":0},{"ddd":0,"ind":6,"ty":4,"nm":"R Eye","parent":1,"sr":1,"ks":{"o":{"a":0,"k":100,"ix":11},"r":{"a":0,"k":0,"ix":10},"p":{"a":1,"k":[{"i":{"x":0.4,"y":1},"o":{"x":0.3,"y":0},"t":0,"s":[-137.014,11.381,0],"to":[0,1.667,0],"ti":[0,3.167,0]},{"i":{"x":0.027,"y":0.583},"o":{"x":0.093,"y":0},"t":5,"s":[-137.014,21.381,0],"to":[0,-3.167,0],"ti":[0,1.667,0]},{"i":{"x":0.32,"y":1},"o":{"x":0.631,"y":0.153},"t":17.5,"s":[-137.014,-7.619,0],"to":[0,-1.667,0],"ti":[0,-3.167,0]},{"i":{"x":0.32,"y":0.32},"o":{"x":0.167,"y":0.167},"t":22.5,"s":[-137.014,11.381,0],"to":[0,0,0],"ti":[0,0,0]},{"i":{"x":0.32,"y":1},"o":{"x":0.167,"y":0},"t":82,"s":[-137.014,11.381,0],"to":[0,-0.397,0],"ti":[0,0,0]},{"i":{"x":0.563,"y":0.976},"o":{"x":0.286,"y":0},"t":87.5,"s":[-137.014,9.001,0],"to":[0,0,0],"ti":[0,-0.506,0]},{"i":{"x":0.584,"y":0.986},"o":{"x":0.263,"y":0.016},"t":90,"s":[-137.014,26.605,0],"to":[0,0.296,0],"ti":[0,-0.268,0]},{"i":{"x":0.575,"y":1},"o":{"x":0.252,"y":0.486},"t":92.5,"s":[-137.014,10.827,0],"to":[0,0.248,0],"ti":[0,-0.101,0]},{"t":97.5,"s":[-137.014,11.381,0]}],"ix":2,"l":2},"a":{"a":0,"k":[-136,8,0],"ix":1,"l":2},"s":{"a":0,"k":[100,100,100],"ix":6,"l":2}},"ao":0,"shapes":[{"ty":"gr","it":[{"ind":0,"ty":"sh","ix":1,"ks":{"a":1,"k":[{"i":{"x":0.667,"y":1},"o":{"x":0.333,"y":0},"t":0,"s":[{"i":[[83,-12],[-1,-6],[-13,1],[-53.5,-42.5],[-3,1.5],[11.5,9.5]],"o":[[-28,4.5],[1,6],[14.989,-1.153],[12.5,11],[3,-1.5],[-10.522,-8.692]],"v":[[-197,40.5],[-222,59.5],[-198.5,69.5],[-81.5,101.5],[-59.5,104],[-67,79.5]],"c":true}]},{"i":{"x":0.833,"y":0.833},"o":{"x":0.333,"y":0},"t":5,"s":[{"i":[[88,-9.5],[-1,-6],[-13,1],[-53.5,-42.5],[-3,1.5],[10.287,10.802]],"o":[[-28,4.5],[1,6],[14.989,-1.153],[12.5,11],[3,-1.5],[-10,-10.5]],"v":[[-197,33.5],[-222,52.5],[-198.5,62.5],[-81.5,101.5],[-59.5,104],[-67,79.5]],"c":true}]},{"i":{"x":0.833,"y":0.833},"o":{"x":0.167,"y":0.167},"t":92.5,"s":[{"i":[[64,-17.447],[-1,-6],[-13,1],[-50.5,-27.447],[-2.056,2.65],[10.287,10.802]],"o":[[-27.5,5.553],[1,6],[14.989,-1.153],[14.63,7.951],[5,-6.447],[-10,-10.5]],"v":[[-197,39.5],[-220.5,61.5],[-198.5,68.5],[-77.5,81],[-53,80],[-61.5,56.5]],"c":true}]},{"i":{"x":0.833,"y":1},"o":{"x":0.167,"y":0.167},"t":95,"s":[{"i":[[64,-17.447],[-1,-6],[-13,1],[-50.5,-27.447],[-2.056,2.65],[10.287,10.802]],"o":[[-27.5,5.553],[1,6],[14.989,-1.153],[14.63,7.951],[5,-6.447],[-10,-10.5]],"v":[[-197,44.5],[-220.5,66.5],[-198.5,73.5],[-77.5,86],[-53,85],[-61.5,61.5]],"c":true}]},{"i":{"x":0.833,"y":0.833},"o":{"x":0.167,"y":0},"t":100,"s":[{"i":[[50.35,-6.5],[-1,-6],[-13,1],[-54.15,-15.5],[-1.795,2.834],[12.85,5]],"o":[[-28,4.5],[1,6],[14.989,-1.153],[17.85,7.5],[2.85,-4.5],[-25.063,-9.752]],"v":[[-185,50.5],[-210,69.5],[-186.5,79.5],[-80.5,86.5],[-52,80.5],[-65,61]],"c":true}]},{"i":{"x":0.833,"y":1},"o":{"x":0.167,"y":0.167},"t":102.5,"s":[{"i":[[50.35,-6.5],[-1,-6],[-13,1],[-54.15,-15.5],[-1.785,2.84],[13.289,4.768]],"o":[[-28,4.5],[1,6],[14.989,-1.153],[19.481,7.5],[3.575,-5.708],[-30.253,-10.582]],"v":[[-220.53,50.396],[-245.53,69.396],[-222.03,79.396],[-79.896,86.5],[-50.943,81.557],[-65,60.849]],"c":true}]},{"i":{"x":0.833,"y":0.833},"o":{"x":0.167,"y":0},"t":107.5,"s":[{"i":[[50.35,-6.5],[-1,-6],[-13,1],[-54.15,-15.5],[-1.763,2.854],[14.304,4.232]],"o":[[-28,4.5],[1,6],[14.989,-1.153],[23.25,7.5],[5.25,-8.5],[-42.25,-12.5]],"v":[[-170,49],[-195,68],[-171.5,78],[-78.5,86.5],[-48.5,84],[-65,60.5]],"c":true}]},{"i":{"x":0.833,"y":0.833},"o":{"x":0.167,"y":0.167},"t":110,"s":[{"i":[[50.35,-6.5],[-1,-6],[-13,1],[-54.15,-15.5],[-1.772,2.848],[13.865,4.464]],"o":[[-28,4.5],[1,6],[14.989,-1.153],[21.619,7.5],[4.525,-7.292],[-37.06,-11.67]],"v":[[-174.53,49.453],[-199.53,68.453],[-176.03,78.453],[-61.104,86.443],[-31.557,82.886],[-47,60.594]],"c":true}]},{"i":{"x":0.833,"y":1},"o":{"x":0.167,"y":0.167},"t":112.5,"s":[{"i":[[50.35,-6.5],[-1,-6],[-13,1],[-54.15,-15.5],[-1.785,2.84],[13.294,4.765]],"o":[[-28,4.5],[1,6],[14.989,-1.153],[19.499,7.5],[3.583,-5.722],[-30.312,-10.591]],"v":[[-194.419,50.084],[-219.419,69.084],[-195.919,79.084],[-88.014,86.298],[-59.056,81.366],[-73.125,60.645]],"c":true}]},{"i":{"x":0.833,"y":0.833},"o":{"x":0.167,"y":0},"t":115,"s":[{"i":[[50.35,-6.5],[-1,-6],[-13,1],[-54.15,-15.5],[-1.795,2.834],[12.85,5]],"o":[[-28,4.5],[1,6],[14.989,-1.153],[17.85,7.5],[2.85,-4.5],[-25.063,-9.752]],"v":[[-185,50.5],[-210,69.5],[-186.5,79.5],[-80.5,86.5],[-52,80.5],[-65,61]],"c":true}]},{"i":{"x":0.833,"y":1},"o":{"x":0.167,"y":0.167},"t":117.5,"s":[{"i":[[69.175,-8],[-1,-6],[-13,1],[-57.128,-22.5],[-2.397,2.167],[11.569,7.901]],"o":[[-28,4.5],[1,6],[14.989,-1.153],[15.175,9.25],[2.925,-3],[-17.532,-10.126]],"v":[[-191,42],[-216,61],[-192.5,71],[-80,85],[-54.75,83.25],[-65,61.25]],"c":true}]},{"t":120,"s":[{"i":[[88,-9.5],[-1,-6],[-13,1],[-53.5,-42.5],[-3,1.5],[10.287,10.802]],"o":[[-28,4.5],[1,6],[14.989,-1.153],[12.5,11],[3,-1.5],[-10,-10.5]],"v":[[-197,33.5],[-222,52.5],[-198.5,62.5],[-81.5,101.5],[-59.5,104],[-67,79.5]],"c":true}]}],"ix":2},"nm":"Path 1","mn":"ADBE Vector Shape - Group","hd":false},{"ty":"fl","c":{"a":0,"k":[0.258823529412,0.16862745098,0.050980395897,1],"ix":4},"o":{"a":0,"k":100,"ix":5},"r":1,"bm":0,"nm":"Fill 1","mn":"ADBE Vector Graphic - Fill","hd":false},{"ty":"tr","p":{"a":0,"k":[0,0],"ix":2},"a":{"a":0,"k":[0,0],"ix":1},"s":{"a":0,"k":[100,100],"ix":3},"r":{"a":0,"k":0,"ix":6},"o":{"a":1,"k":[{"t":0,"s":[100],"h":1},{"t":7.5,"s":[0],"h":1},{"t":91,"s":[100],"h":1}],"ix":7},"sk":{"a":0,"k":0,"ix":4},"sa":{"a":0,"k":0,"ix":5},"nm":"Transform"}],"nm":"(","np":2,"cix":2,"bm":0,"ix":1,"mn":"ADBE Vector Group","hd":false},{"ty":"gr","it":[{"d":1,"ty":"el","s":{"a":1,"k":[{"i":{"x":[0.667,0.667],"y":[1,1]},"o":{"x":[0.333,0.333],"y":[0,0]},"t":7.5,"s":[118.2,70.2]},{"i":{"x":[0.833,0.833],"y":[1,1]},"o":{"x":[0.781,0.781],"y":[0,0]},"t":12.5,"s":[83.219,83.219]},{"i":{"x":[0.271,0.271],"y":[1,1]},"o":{"x":[0.167,0.167],"y":[0,0]},"t":20,"s":[63.219,63.219]},{"i":{"x":[0.833,0.833],"y":[1,1]},"o":{"x":[0.167,0.167],"y":[0,0]},"t":36,"s":[82,82]},{"i":{"x":[0.833,0.833],"y":[1,1]},"o":{"x":[0.167,0.167],"y":[0,0]},"t":82,"s":[82,82]},{"i":{"x":[0.667,0.667],"y":[1,1]},"o":{"x":[0.167,0.167],"y":[0,0]},"t":87,"s":[82,82]},{"t":90,"s":[118.2,70.2]}],"ix":2},"p":{"a":0,"k":[0,0],"ix":3},"nm":"Ellipse Path 1","mn":"ADBE Vector Shape - Ellipse","hd":false},{"ty":"fl","c":{"a":0,"k":[0.258823529412,0.16862745098,0.050980395897,1],"ix":4},"o":{"a":0,"k":100,"ix":5},"r":1,"bm":0,"nm":"Fill 1","mn":"ADBE Vector Graphic - Fill","hd":false},{"ty":"tr","p":{"a":0,"k":[-136,8],"ix":2},"a":{"a":0,"k":[0,0],"ix":1},"s":{"a":0,"k":[100,100],"ix":3},"r":{"a":0,"k":0,"ix":6},"o":{"a":1,"k":[{"t":0,"s":[0],"h":1},{"t":7.5,"s":[100],"h":1},{"t":91,"s":[0],"h":1}],"ix":7},"sk":{"a":0,"k":0,"ix":4},"sa":{"a":0,"k":0,"ix":5},"nm":"Transform"}],"nm":"Pupil","np":2,"cix":2,"bm":0,"ix":2,"mn":"ADBE Vector Group","hd":false},{"ty":"gr","it":[{"d":1,"ty":"el","s":{"a":1,"k":[{"i":{"x":[0.15,0.16],"y":[1,1]},"o":{"x":[0.07,0.15],"y":[0,0]},"t":7.5,"s":[203.219,145.219]},{"i":{"x":[0.833,0.833],"y":[1,1]},"o":{"x":[0.333,0.333],"y":[0,0]},"t":17.5,"s":[188.219,188.219]},{"i":{"x":[0.667,0.667],"y":[1,1]},"o":{"x":[0.167,0.167],"y":[0,0]},"t":87.5,"s":[188.219,188.219]},{"t":90,"s":[203.219,145.219]}],"ix":2},"p":{"a":0,"k":[0,0],"ix":3},"nm":"Ellipse Path 1","mn":"ADBE Vector Shape - Ellipse","hd":false},{"ty":"fl","c":{"a":0,"k":[1,1,1,1],"ix":4},"o":{"a":0,"k":100,"ix":5},"r":1,"bm":0,"nm":"Fill 1","mn":"ADBE Vector Graphic - Fill","hd":false},{"ty":"tr","p":{"a":0,"k":[-136,8],"ix":2},"a":{"a":0,"k":[0,0],"ix":1},"s":{"a":0,"k":[100,100],"ix":3},"r":{"a":0,"k":0,"ix":6},"o":{"a":1,"k":[{"t":0,"s":[0],"h":1},{"t":7.5,"s":[100],"h":1},{"t":91,"s":[0],"h":1}],"ix":7},"sk":{"a":0,"k":0,"ix":4},"sa":{"a":0,"k":0,"ix":5},"nm":"Transform"}],"nm":"White","np":2,"cix":2,"bm":0,"ix":3,"mn":"ADBE Vector Group","hd":false}],"ip":0,"op":120,"st":0,"bm":0},{"ddd":0,"ind":7,"ty":4,"nm":"L Blush","parent":1,"sr":1,"ks":{"o":{"a":0,"k":100,"ix":11},"r":{"a":0,"k":0,"ix":10},"p":{"a":1,"k":[{"i":{"x":0.667,"y":0.667},"o":{"x":0.333,"y":0.333},"t":82,"s":[162.364,135.071,0],"to":[0,0,0],"ti":[0,0,0]},{"i":{"x":0.667,"y":1},"o":{"x":0.333,"y":0},"t":100,"s":[162.364,135.071,0],"to":[-12.667,0,0],"ti":[0,0,0]},{"i":{"x":0.667,"y":1},"o":{"x":0.333,"y":0},"t":105,"s":[86.364,135.071,0],"to":[0,0,0],"ti":[0,0,0]},{"i":{"x":0.667,"y":1},"o":{"x":0.333,"y":0},"t":110,"s":[162.364,135.071,0],"to":[0,0,0],"ti":[0,0,0]},{"i":{"x":0.667,"y":1},"o":{"x":0.333,"y":0},"t":115,"s":[86.364,135.071,0],"to":[0,0,0],"ti":[-12.667,0,0]},{"t":120,"s":[162.364,135.071,0]}],"ix":2,"l":2},"a":{"a":0,"k":[-200,130,0],"ix":1,"l":2},"s":{"a":0,"k":[152,152,100],"ix":6,"l":2}},"ao":0,"shapes":[{"ty":"gr","it":[{"d":1,"ty":"el","s":{"a":0,"k":[121.313,121.313],"ix":2},"p":{"a":0,"k":[0,0],"ix":3},"nm":"Ellipse Path 1","mn":"ADBE Vector Shape - Ellipse","hd":false},{"ty":"gf","o":{"a":0,"k":100,"ix":10},"r":1,"bm":0,"g":{"p":3,"k":{"a":0,"k":[0.001,0.941,0.549,0.384,0.792,0.963,0.678,0.316,1,0.984,0.808,0.247,0,1,0.5,0.5,1,0],"ix":9}},"s":{"a":0,"k":[0,0],"ix":5},"e":{"a":0,"k":[68.492,15.781],"ix":6},"t":2,"h":{"a":0,"k":0,"ix":7},"a":{"a":0,"k":0,"ix":8},"nm":"Gradient Fill 1","mn":"ADBE Vector Graphic - G-Fill","hd":false},{"ty":"tr","p":{"a":0,"k":[-197,130],"ix":2},"a":{"a":0,"k":[0,0],"ix":1},"s":{"a":0,"k":[100,100],"ix":3},"r":{"a":0,"k":0,"ix":6},"o":{"a":0,"k":100,"ix":7},"sk":{"a":0,"k":0,"ix":4},"sa":{"a":0,"k":0,"ix":5},"nm":"Transform"}],"nm":"L Blush","np":2,"cix":2,"bm":0,"ix":1,"mn":"ADBE Vector Group","hd":false}],"ip":0,"op":120,"st":0,"bm":0},{"ddd":0,"ind":8,"ty":4,"nm":"R Blush ","parent":1,"sr":1,"ks":{"o":{"a":0,"k":100,"ix":11},"r":{"a":0,"k":0,"ix":10},"p":{"a":1,"k":[{"i":{"x":0.667,"y":0.667},"o":{"x":0.333,"y":0.333},"t":82,"s":[-204.057,136.761,0],"to":[0,0,0],"ti":[0,0,0]},{"i":{"x":0.667,"y":1},"o":{"x":0.333,"y":0},"t":95,"s":[-204.057,136.761,0],"to":[10.5,0,0],"ti":[0,0,0]},{"i":{"x":0.667,"y":1},"o":{"x":0.333,"y":0},"t":100,"s":[-141.057,136.761,0],"to":[0,0,0],"ti":[-0.167,0,0]},{"i":{"x":0.667,"y":1},"o":{"x":0.333,"y":0},"t":105,"s":[-204.057,136.761,0],"to":[0.167,0,0],"ti":[0,0,0]},{"i":{"x":0.667,"y":1},"o":{"x":0.333,"y":0},"t":110,"s":[-140.057,136.761,0],"to":[0,0,0],"ti":[10.667,0,0]},{"i":{"x":0.667,"y":0.667},"o":{"x":0.333,"y":0.333},"t":115,"s":[-204.057,136.761,0],"to":[0,0,0],"ti":[0,0,0]},{"t":120,"s":[-204.057,136.761,0]}],"ix":2,"l":2},"a":{"a":0,"k":[-200,130,0],"ix":1,"l":2},"s":{"a":0,"k":[152,152,100],"ix":6,"l":2}},"ao":0,"shapes":[{"ty":"gr","it":[{"d":1,"ty":"el","s":{"a":0,"k":[121.313,121.313],"ix":2},"p":{"a":0,"k":[0,0],"ix":3},"nm":"Ellipse Path 1","mn":"ADBE Vector Shape - Ellipse","hd":false},{"ty":"gf","o":{"a":0,"k":100,"ix":10},"r":1,"bm":0,"g":{"p":3,"k":{"a":0,"k":[0.001,0.941,0.549,0.384,0.792,0.963,0.678,0.316,1,0.984,0.808,0.247,0,1,0.5,0.5,1,0],"ix":9}},"s":{"a":0,"k":[0,0],"ix":5},"e":{"a":0,"k":[68.492,15.781],"ix":6},"t":2,"h":{"a":0,"k":0,"ix":7},"a":{"a":0,"k":0,"ix":8},"nm":"Gradient Fill 1","mn":"ADBE Vector Graphic - G-Fill","hd":false},{"ty":"tr","p":{"a":0,"k":[-197,130],"ix":2},"a":{"a":0,"k":[0,0],"ix":1},"s":{"a":0,"k":[100,100],"ix":3},"r":{"a":0,"k":0,"ix":6},"o":{"a":0,"k":100,"ix":7},"sk":{"a":0,"k":0,"ix":4},"sa":{"a":0,"k":0,"ix":5},"nm":"Transform"}],"nm":"R Blush","np":2,"cix":2,"bm":0,"ix":1,"mn":"ADBE Vector Group","hd":false}],"ip":0,"op":120,"st":0,"bm":0},{"ddd":0,"ind":9,"ty":4,"nm":"base matte","parent":11,"td":1,"sr":1,"ks":{"o":{"a":0,"k":100,"ix":11},"r":{"a":0,"k":0,"ix":10},"p":{"a":0,"k":[-2,-3,0],"ix":2,"l":2},"a":{"a":0,"k":[0,0,0],"ix":1,"l":2},"s":{"a":0,"k":[100,100,100],"ix":6,"l":2}},"ao":0,"shapes":[{"ty":"gr","it":[{"ind":0,"ty":"sh","ix":1,"ks":{"a":0,"k":{"i":[[15.4,0],[0,38.4],[-27.9,0],[-10.6,-9.3],[0,-16.9],[11.5,-10.2]],"o":[[-27.9,0],[0,-38.4],[15.5,0],[11.5,10.2],[0,16.9],[-10.6,9.3]],"v":[[0,55.9],[-58,0],[0,-55.9],[40.4,-41.5],[58,0],[40.4,41.4]],"c":true},"ix":2},"nm":"Path 1","mn":"ADBE Vector Shape - Group","hd":false},{"ty":"gf","o":{"a":0,"k":100,"ix":10},"r":1,"bm":0,"g":{"p":5,"k":{"a":0,"k":[0.48,0.992,0.878,0.188,0.691,0.98,0.816,0.178,0.902,0.969,0.753,0.169,0.966,0.963,0.694,0.153,1,0.957,0.635,0.137],"ix":9}},"s":{"a":0,"k":[0,0],"ix":5},"e":{"a":0,"k":[56.225,0],"ix":6},"t":2,"h":{"a":0,"k":0,"ix":7},"a":{"a":0,"k":0,"ix":8},"nm":"Gradient Fill 1","mn":"ADBE Vector Graphic - G-Fill","hd":false},{"ty":"tr","p":{"a":0,"k":[0,0],"ix":2},"a":{"a":0,"k":[0,0],"ix":1},"s":{"a":0,"k":[100,100],"ix":3},"r":{"a":0,"k":0,"ix":6},"o":{"a":0,"k":100,"ix":7},"sk":{"a":0,"k":0,"ix":4},"sa":{"a":0,"k":0,"ix":5},"nm":"Transform"}],"nm":"Group 1","np":2,"cix":2,"bm":0,"ix":1,"mn":"ADBE Vector Group","hd":false}],"ip":0,"op":164,"st":-16,"bm":0},{"ddd":0,"ind":10,"ty":4,"nm":"base shadow","parent":11,"tt":2,"sr":1,"ks":{"o":{"a":0,"k":100,"ix":11},"r":{"a":0,"k":0,"ix":10},"p":{"a":0,"k":[0,0,0],"ix":2,"l":2},"a":{"a":0,"k":[0,0,0],"ix":1,"l":2},"s":{"a":0,"k":[100,100,100],"ix":6,"l":2}},"ao":0,"shapes":[{"ty":"gr","it":[{"ind":0,"ty":"sh","ix":1,"ks":{"a":0,"k":{"i":[[15.4,0],[0,38.4],[-27.9,0],[-10.6,-9.3],[0,-16.9],[11.5,-10.2]],"o":[[-27.9,0],[0,-38.4],[15.5,0],[11.5,10.2],[0,16.9],[-10.6,9.3]],"v":[[0,55.9],[-58,0],[0,-55.9],[40.4,-41.5],[58,0],[40.4,41.4]],"c":true},"ix":2},"nm":"Path 1","mn":"ADBE Vector Shape - Group","hd":false},{"ty":"fl","c":{"a":0,"k":[0.921568627451,0.560784313725,0,1],"ix":4},"o":{"a":0,"k":100,"ix":5},"r":1,"bm":0,"nm":"Fill 1","mn":"ADBE Vector Graphic - Fill","hd":false},{"ty":"tr","p":{"a":0,"k":[0,0],"ix":2},"a":{"a":0,"k":[0,0],"ix":1},"s":{"a":0,"k":[100,100],"ix":3},"r":{"a":0,"k":0,"ix":6},"o":{"a":0,"k":100,"ix":7},"sk":{"a":0,"k":0,"ix":4},"sa":{"a":0,"k":0,"ix":5},"nm":"Transform"}],"nm":"Group 1","np":2,"cix":2,"bm":0,"ix":1,"mn":"ADBE Vector Group","hd":false}],"ip":0,"op":164,"st":-16,"bm":0},{"ddd":0,"ind":11,"ty":4,"nm":"base normal","parent":12,"sr":1,"ks":{"o":{"a":0,"k":100,"ix":11},"r":{"a":0,"k":0,"ix":10},"p":{"a":0,"k":[-1.227,3.03,0],"ix":2,"l":2},"a":{"a":0,"k":[0,0,0],"ix":1,"l":2},"s":{"a":0,"k":[454.545,454.545,100],"ix":6,"l":2}},"ao":0,"shapes":[{"ty":"gr","it":[{"ind":0,"ty":"sh","ix":1,"ks":{"a":0,"k":{"i":[[15.4,0],[0,38.4],[-27.9,0],[-10.6,-9.3],[0,-16.9],[11.5,-10.2]],"o":[[-27.9,0],[0,-38.4],[15.5,0],[11.5,10.2],[0,16.9],[-10.6,9.3]],"v":[[0,55.9],[-58,0],[0,-55.9],[40.4,-41.5],[58,0],[40.4,41.4]],"c":true},"ix":2},"nm":"Path 1","mn":"ADBE Vector Shape - Group","hd":false},{"ty":"gf","o":{"a":0,"k":100,"ix":10},"r":1,"bm":0,"g":{"p":5,"k":{"a":0,"k":[0.48,0.992,0.878,0.188,0.691,0.98,0.816,0.178,0.902,0.969,0.753,0.169,0.966,0.963,0.694,0.153,1,0.957,0.635,0.137],"ix":9}},"s":{"a":0,"k":[0,0],"ix":5},"e":{"a":0,"k":[56.225,0],"ix":6},"t":2,"h":{"a":0,"k":0,"ix":7},"a":{"a":0,"k":0,"ix":8},"nm":"Gradient Fill 1","mn":"ADBE Vector Graphic - G-Fill","hd":false},{"ty":"tr","p":{"a":0,"k":[0,0],"ix":2},"a":{"a":0,"k":[0,0],"ix":1},"s":{"a":0,"k":[100,100],"ix":3},"r":{"a":0,"k":0,"ix":6},"o":{"a":0,"k":100,"ix":7},"sk":{"a":0,"k":0,"ix":4},"sa":{"a":0,"k":0,"ix":5},"nm":"Transform"}],"nm":"Group 1","np":2,"cix":2,"bm":0,"ix":1,"mn":"ADBE Vector Group","hd":false}],"ip":0,"op":164,"st":-16,"bm":0},{"ddd":0,"ind":12,"ty":3,"nm":"Body","sr":1,"ks":{"o":{"a":0,"k":100,"ix":11},"r":{"a":0,"k":0,"ix":10},"p":{"a":0,"k":[511.16,916.547,0],"ix":2,"l":2},"a":{"a":0,"k":[0,238,0],"ix":1,"l":2},"s":{"a":1,"k":[{"i":{"x":[0.667,0.667,0.667],"y":[1,1,1]},"o":{"x":[0.333,0.333,0.333],"y":[0,0,0]},"t":0,"s":[175,175,100]},{"i":{"x":[0.667,0.667,0.667],"y":[1,1,1]},"o":{"x":[0.333,0.333,0.333],"y":[0,0,0]},"t":5,"s":[178,173,100]},{"i":{"x":[0.667,0.667,0.667],"y":[1,1,1]},"o":{"x":[0.333,0.333,0.333],"y":[0,0,0]},"t":17.5,"s":[172,178,100]},{"i":{"x":[0.833,0.833,0.833],"y":[1,1,1]},"o":{"x":[0.333,0.333,0.333],"y":[0,0,0]},"t":25,"s":[177,174,100]},{"i":{"x":[0.833,0.833,0.833],"y":[1,1,1]},"o":{"x":[0.167,0.167,0.167],"y":[0,0,0]},"t":30,"s":[176,176,100]},{"i":{"x":[0.833,0.833,0.833],"y":[1,1,1]},"o":{"x":[0.167,0.167,0.167],"y":[0,0,0]},"t":82,"s":[176,176,100]},{"i":{"x":[0.833,0.833,0.833],"y":[1,1,1]},"o":{"x":[0.167,0.167,0.167],"y":[0,0,0]},"t":87.5,"s":[174,177,100]},{"i":{"x":[0.833,0.833,0.833],"y":[1,1,1]},"o":{"x":[0.167,0.167,0.167],"y":[0,0,0]},"t":95,"s":[175,175,100]},{"i":{"x":[0.833,0.833,0.833],"y":[1,1,1]},"o":{"x":[0.167,0.167,0.167],"y":[0,0,0]},"t":100,"s":[178,173,100]},{"i":{"x":[0.833,0.833,0.833],"y":[1,1,1]},"o":{"x":[0.167,0.167,0.167],"y":[0,0,0]},"t":102.5,"s":[175,175,100]},{"i":{"x":[0.833,0.833,0.833],"y":[1,1,1]},"o":{"x":[0.167,0.167,0.167],"y":[0,0,0]},"t":105,"s":[177,174,100]},{"i":{"x":[0.833,0.833,0.833],"y":[1,1,1]},"o":{"x":[0.167,0.167,0.167],"y":[0,0,0]},"t":107.5,"s":[175,175,100]},{"i":{"x":[0.833,0.833,0.833],"y":[1,1,1]},"o":{"x":[0.167,0.167,0.167],"y":[0,0,0]},"t":110,"s":[177,174,100]},{"i":{"x":[0.833,0.833,0.833],"y":[1,1,1]},"o":{"x":[0.167,0.167,0.167],"y":[0,0,0]},"t":112.5,"s":[175,175,100]},{"i":{"x":[0.833,0.833,0.833],"y":[1,1,1]},"o":{"x":[0.167,0.167,0.167],"y":[0,0,0]},"t":115,"s":[177,174,100]},{"i":{"x":[0.667,0.667,0.667],"y":[1,1,1]},"o":{"x":[0.167,0.167,0.167],"y":[0,0,0]},"t":117.5,"s":[175,175,100]},{"t":120,"s":[175,175,100]}],"ix":6,"l":2}},"ao":0,"ip":0,"op":120,"st":0,"bm":0},{"ddd":0,"ind":13,"ty":3,"nm":"L Brow ","parent":1,"sr":1,"ks":{"o":{"a":0,"k":100,"ix":11},"r":{"a":1,"k":[{"i":{"x":[0.819],"y":[1.818]},"o":{"x":[0.545],"y":[0]},"t":0,"s":[-15]},{"i":{"x":[0.06],"y":[1]},"o":{"x":[0.137],"y":[0.189]},"t":5,"s":[-16.7]},{"i":{"x":[0.06],"y":[1]},"o":{"x":[0.167],"y":[0]},"t":20,"s":[0]},{"i":{"x":[0.06],"y":[1]},"o":{"x":[0.167],"y":[0]},"t":27.5,"s":[0]},{"i":{"x":[0.667],"y":[1]},"o":{"x":[0.167],"y":[0]},"t":35,"s":[0]},{"i":{"x":[0.428],"y":[1]},"o":{"x":[0.428],"y":[0]},"t":82,"s":[0]},{"i":{"x":[0.104],"y":[1]},"o":{"x":[0.154],"y":[0]},"t":87.5,"s":[5]},{"t":97.5,"s":[-15]}],"ix":10},"p":{"a":1,"k":[{"i":{"x":0.854,"y":0},"o":{"x":0.545,"y":0},"t":0,"s":[137,11.733,0],"to":[0,-6.278,0],"ti":[0,12.361,0]},{"i":{"x":0.06,"y":1},"o":{"x":0.137,"y":0.189},"t":5,"s":[137,16.002,0],"to":[0,-48.678,0],"ti":[0,24.722,0]},{"i":{"x":0.06,"y":1},"o":{"x":0.167,"y":0},"t":20,"s":[137,-191.267,0],"to":[0,0.313,0],"ti":[0,24.722,0]},{"i":{"x":0.06,"y":1},"o":{"x":0.167,"y":0},"t":27.5,"s":[137,-164.267,0],"to":[0,0.313,0],"ti":[0,24.722,0]},{"i":{"x":0.667,"y":1},"o":{"x":0.167,"y":0},"t":35,"s":[137,-174.267,0],"to":[0,0.313,0],"ti":[0,0,0]},{"i":{"x":0.428,"y":1},"o":{"x":0.428,"y":0},"t":82,"s":[137,-174.267,0],"to":[0,0,0],"ti":[0,0,0]},{"i":{"x":0.104,"y":1},"o":{"x":0.154,"y":0},"t":87.5,"s":[137,-181.407,0],"to":[0,0,0],"ti":[0,31,0]},{"t":97.5,"s":[137,11.733,0]}],"ix":2,"l":2},"a":{"a":0,"k":[-139,-179,0],"ix":1,"l":2},"s":{"a":0,"k":[-100,100,100],"ix":6,"l":2}},"ao":0,"ip":0,"op":120,"st":0,"bm":0},{"ddd":0,"ind":14,"ty":3,"nm":"R Brow","parent":1,"sr":1,"ks":{"o":{"a":0,"k":100,"ix":11},"r":{"a":1,"k":[{"i":{"x":[0.819],"y":[1.826]},"o":{"x":[0.545],"y":[0]},"t":0,"s":[15]},{"i":{"x":[0.06],"y":[1]},"o":{"x":[0.137],"y":[0.189]},"t":5,"s":[16.684]},{"i":{"x":[0.06],"y":[1]},"o":{"x":[0.167],"y":[0]},"t":20,"s":[0]},{"i":{"x":[0.06],"y":[1]},"o":{"x":[0.167],"y":[0]},"t":27.5,"s":[0]},{"i":{"x":[0.667],"y":[1]},"o":{"x":[0.167],"y":[0]},"t":35,"s":[0]},{"i":{"x":[0.428],"y":[1]},"o":{"x":[0.428],"y":[0]},"t":82.5,"s":[0]},{"i":{"x":[0.104],"y":[1]},"o":{"x":[0.154],"y":[0]},"t":87.5,"s":[-5]},{"t":97.5,"s":[15]}],"ix":10},"p":{"a":1,"k":[{"i":{"x":0.854,"y":0},"o":{"x":0.545,"y":0},"t":0,"s":[-139,7,0],"to":[0,-6.278,0],"ti":[0,12.361,0]},{"i":{"x":0.06,"y":1},"o":{"x":0.137,"y":0.189},"t":5,"s":[-139,11.269,0],"to":[0,-48.678,0],"ti":[0,24.722,0]},{"i":{"x":0.06,"y":1},"o":{"x":0.167,"y":0},"t":20,"s":[-139,-196,0],"to":[0.248,0.313,0],"ti":[0,24.722,0]},{"i":{"x":0.06,"y":1},"o":{"x":0.167,"y":0},"t":27.5,"s":[-139,-169,0],"to":[0.248,0.313,0],"ti":[0,24.722,0]},{"i":{"x":0.667,"y":1},"o":{"x":0.167,"y":0},"t":35,"s":[-139,-179,0],"to":[0.248,0.313,0],"ti":[0,0,0]},{"i":{"x":0.428,"y":1},"o":{"x":0.428,"y":0},"t":82.5,"s":[-139,-179,0],"to":[0,0,0],"ti":[0,0,0]},{"i":{"x":0.104,"y":1},"o":{"x":0.154,"y":0},"t":87.5,"s":[-139,-186.14,0],"to":[0,0,0],"ti":[0,31,0]},{"t":97.5,"s":[-139,7,0]}],"ix":2,"l":2},"a":{"a":0,"k":[-139,-179,0],"ix":1,"l":2},"s":{"a":0,"k":[100,100,100],"ix":6,"l":2}},"ao":0,"ip":0,"op":120,"st":0,"bm":0}],"markers":[{"tm":82,"cm":"rest","dr":0}]}