{"v":"5.8.1","fr":60,"ip":0,"op":96,"w":1024,"h":1024,"nm":"emoji_balloon","ddd":0,"assets":[],"layers":[{"ddd":0,"ind":1,"ty":3,"nm":"Null All","sr":1,"ks":{"o":{"a":0,"k":0,"ix":11},"r":{"a":1,"k":[{"i":{"x":[0.667],"y":[1]},"o":{"x":[0.333],"y":[0]},"t":0,"s":[2]},{"i":{"x":[0.667],"y":[1]},"o":{"x":[0.333],"y":[0]},"t":22.377,"s":[2]},{"i":{"x":[0.667],"y":[1]},"o":{"x":[0.333],"y":[0]},"t":48,"s":[2]},{"i":{"x":[0.667],"y":[1]},"o":{"x":[0.333],"y":[0]},"t":72,"s":[2]},{"t":96,"s":[2]}],"ix":10},"p":{"s":true,"x":{"a":1,"k":[{"i":{"x":[0.667],"y":[1]},"o":{"x":[0.343],"y":[0.439]},"t":0,"s":[513]},{"i":{"x":[0.705],"y":[0.523]},"o":{"x":[0.333],"y":[0]},"t":22.377,"s":[490]},{"i":{"x":[0.666],"y":[9.343]},"o":{"x":[0.272],"y":[10.727]},"t":48,"s":[542]},{"i":{"x":[0.787],"y":[0.799]},"o":{"x":[0.298],"y":[0.479]},"t":72,"s":[544]},{"t":96,"s":[513]}],"ix":3},"y":{"a":1,"k":[{"i":{"x":[0.717],"y":[0.455]},"o":{"x":[0.406],"y":[0.344]},"t":0,"s":[420]},{"i":{"x":[0.806],"y":[2.739]},"o":{"x":[0.398],"y":[4.385]},"t":22.377,"s":[450]},{"i":{"x":[0.668],"y":[0.878]},"o":{"x":[0.361],"y":[0.324]},"t":48,"s":[456]},{"i":{"x":[0.772],"y":[0.606]},"o":{"x":[0.339],"y":[-0.348]},"t":72,"s":[400]},{"t":96,"s":[420]}],"ix":4}},"a":{"a":0,"k":[0,0,0],"ix":1,"l":2},"s":{"a":0,"k":[100,100,100],"ix":6,"l":2}},"ao":0,"ip":0,"op":96,"st":0,"bm":0},{"ddd":0,"ind":2,"ty":4,"nm":"shine 2","parent":1,"sr":1,"ks":{"o":{"a":0,"k":100,"ix":11},"r":{"a":0,"k":-2,"ix":10},"p":{"a":0,"k":[78.389,-258.271,0],"ix":2,"l":2},"a":{"a":0,"k":[93.21,97.13,0],"ix":1,"l":2},"s":{"a":0,"k":[100,100,100],"ix":6,"l":2}},"ao":0,"shapes":[{"ty":"gr","it":[{"ind":0,"ty":"sh","ix":1,"ks":{"a":1,"k":[{"i":{"x":0.833,"y":0.833},"o":{"x":0.333,"y":0},"t":0,"s":[{"i":[[40.48,24.56],[26.4,-37.44],[-29.04,-8.4],[-10,-14.32],[-20.4,-3.28],[0.88,29.6]],"o":[[-32.56,-19.84],[-14.08,19.92],[49.12,14.32],[12.08,16.8],[20.4,3.28],[-0.16,-47.36]],"v":[[26.72,-63.84],[-78.88,-59.44],[-50.64,6.16],[17.04,52.48],[60.96,93.6],[92.08,51.92]],"c":true}]},{"i":{"x":0.667,"y":1},"o":{"x":0.167,"y":0.167},"t":22.377,"s":[{"i":[[42.978,25.23],[28.497,-35.869],[-34.392,-6.72],[-15.245,-15.777],[-26.493,4.745],[3.44,20.182]],"o":[[-42.978,-25.23],[-15.174,19.1],[37.583,7.343],[15.245,15.777],[26.493,-4.745],[-4.215,-24.734]],"v":[[12.992,-72.052],[-111.771,-72.644],[-86.254,-5.509],[-9.284,27.176],[56.622,56.035],[81.993,3.193]],"c":true}]},{"i":{"x":0.833,"y":0.833},"o":{"x":0.333,"y":0},"t":48,"s":[{"i":[[50.163,13.426],[14.886,-42.287],[-33.955,4.768],[-24.489,-12.988],[-22.988,12.849],[9.627,17.568]],"o":[[-50.432,-13.467],[-7.935,22.511],[37.105,-5.211],[18.792,10.672],[22.988,-12.849],[-11.798,-21.53]],"v":[[-50.204,-77.467],[-156.885,-40.582],[-110.964,12.845],[-30.624,27.502],[48.993,40.528],[50.223,-17.221]],"c":true}]},{"i":{"x":0.667,"y":1},"o":{"x":0.167,"y":0.167},"t":72,"s":[{"i":[[43.283,16.049],[20.076,-38.478],[-30.487,-1.53],[-20.513,-17.77],[-22.254,9.827],[10.937,23.074]],"o":[[-41.29,-15.31],[-10.69,20.488],[39.925,2.003],[14.245,12.34],[22.254,-9.827],[-9.674,-20.41]],"v":[[1.724,-64.256],[-106.798,-50.823],[-71.891,7.707],[12.416,37.566],[74.639,74.753],[86.29,10.258]],"c":true}]},{"t":96,"s":[{"i":[[40.48,24.56],[26.4,-37.44],[-29.04,-8.4],[-10,-14.32],[-20.4,-3.28],[0.88,29.6]],"o":[[-32.56,-19.84],[-14.08,19.92],[49.12,14.32],[12.08,16.8],[20.4,3.28],[-0.16,-47.36]],"v":[[26.72,-63.84],[-78.88,-59.44],[-50.64,6.16],[17.04,52.48],[60.96,93.6],[92.08,51.92]],"c":true}]}],"ix":2},"nm":"Path 1","mn":"ADBE Vector Shape - Group","hd":false},{"ty":"fl","c":{"a":0,"k":[1,0.517999985639,0.477999997606,1],"ix":4},"o":{"a":0,"k":100,"ix":5},"r":1,"bm":0,"nm":"Fill 1","mn":"ADBE Vector Graphic - Fill","hd":false},{"ty":"tr","p":{"a":0,"k":[93.21,97.13],"ix":2},"a":{"a":0,"k":[0,0],"ix":1},"s":{"a":0,"k":[100,100],"ix":3},"r":{"a":0,"k":0,"ix":6},"o":{"a":0,"k":100,"ix":7},"sk":{"a":0,"k":0,"ix":4},"sa":{"a":0,"k":0,"ix":5},"nm":"Transform"}],"nm":"Group 1","np":2,"cix":2,"bm":0,"ix":1,"mn":"ADBE Vector Group","hd":false}],"ip":0,"op":96,"st":0,"bm":0},{"ddd":0,"ind":3,"ty":4,"nm":"balloon ","parent":1,"sr":1,"ks":{"o":{"a":0,"k":100,"ix":11},"r":{"a":0,"k":-2,"ix":10},"p":{"a":0,"k":[0,0,0],"ix":2,"l":2},"a":{"a":0,"k":[349.01,428.17,0],"ix":1,"l":2},"s":{"a":0,"k":[100,100,100],"ix":6,"l":2}},"ao":0,"shapes":[{"ty":"gr","it":[{"ind":0,"ty":"sh","ix":1,"ks":{"a":0,"k":{"i":[[0,0],[0,0],[3.12,13.04],[13.04,-3.12],[0,0],[-3.12,-13.04],[-13.04,3.12]],"o":[[0,0],[13.04,-3.12],[-3.12,-13.04],[0,0],[-13.04,3.12],[3.12,13.04],[0,0]],"v":[[-14.92,28.52],[26.36,18.68],[44.36,-10.52],[15.16,-28.52],[-26.36,-18.68],[-44.36,10.52],[-15.16,28.52]],"c":true},"ix":2},"nm":"Path 1","mn":"ADBE Vector Shape - Group","hd":false},{"ty":"fl","c":{"a":0,"k":[0.776000019148,0.156999999402,0.156999999402,1],"ix":4},"o":{"a":0,"k":100,"ix":5},"r":1,"bm":0,"nm":"Fill 1","mn":"ADBE Vector Graphic - Fill","hd":false},{"ty":"tr","p":{"a":0,"k":[437.89,756.61],"ix":2},"a":{"a":0,"k":[0,0],"ix":1},"s":{"a":0,"k":[100,100],"ix":3},"r":{"a":0,"k":0,"ix":6},"o":{"a":0,"k":100,"ix":7},"sk":{"a":0,"k":0,"ix":4},"sa":{"a":0,"k":0,"ix":5},"nm":"Transform"}],"nm":"Group 1","np":2,"cix":2,"bm":0,"ix":1,"mn":"ADBE Vector Group","hd":false},{"ty":"gr","it":[{"ind":0,"ty":"sh","ix":1,"ks":{"a":1,"k":[{"i":{"x":0.667,"y":1},"o":{"x":0.167,"y":0.167},"t":0,"s":[{"i":[[0,0],[-91.68,22],[56.16,235.44],[166.16,-39.76],[-39.76,-166.16]],"o":[[60.64,254.081],[91.68,-22],[-39.76,-166.16],[-166.16,39.76],[0,0]],"v":[[-309,21.32],[91.96,369],[292.6,-122.44],[-80.2,-351.24],[-309,21.56]],"c":true}]},{"i":{"x":0.667,"y":1},"o":{"x":0.333,"y":0},"t":26.377,"s":[{"i":[[0,0],[-91.68,22],[48.072,237.224],[167.447,-33.932],[-33.932,-167.447]],"o":[[51.728,256.044],[91.68,-22],[-33.932,-167.447],[-167.447,33.932],[0,0]],"v":[[-295.72,4.756],[91.96,369],[294.544,-118.462],[-61.762,-367.86],[-295.728,4.996]],"c":true}]},{"i":{"x":0.833,"y":0.833},"o":{"x":0.167,"y":0},"t":59,"s":[{"i":[[0,0],[-91.68,22],[60.548,234.35],[165.419,-42.739],[-42.739,-165.419]],"o":[[65.195,252.95],[91.68,-22],[-42.739,-165.419],[-165.419,42.739],[0,0]],"v":[[-319.527,39.002],[91.96,369],[295.39,-115.83],[-89.459,-337.752],[-319.523,39.242]],"c":true}]},{"t":96,"s":[{"i":[[0,0],[-91.68,22],[56.16,235.44],[166.16,-39.76],[-39.76,-166.16]],"o":[[60.64,254.081],[91.68,-22],[-39.76,-166.16],[-166.16,39.76],[0,0]],"v":[[-309,21.32],[91.96,369],[292.6,-122.44],[-80.2,-351.24],[-309,21.56]],"c":true}]}],"ix":2},"nm":"Path 1","mn":"ADBE Vector Shape - Group","hd":false},{"ty":"fl","c":{"a":0,"k":[0.957000014361,0.263000009574,0.211999990426,1],"ix":4},"o":{"a":0,"k":100,"ix":5},"r":1,"bm":0,"nm":"Fill 1","mn":"ADBE Vector Graphic - Fill","hd":false},{"ty":"tr","p":{"a":0,"k":[349.01,391.25],"ix":2},"a":{"a":0,"k":[0,0],"ix":1},"s":{"a":0,"k":[100,100],"ix":3},"r":{"a":0,"k":0,"ix":6},"o":{"a":0,"k":100,"ix":7},"sk":{"a":0,"k":0,"ix":4},"sa":{"a":0,"k":0,"ix":5},"nm":"Transform"}],"nm":"Group 2","np":2,"cix":2,"bm":0,"ix":2,"mn":"ADBE Vector Group","hd":false},{"ty":"gr","it":[{"ind":0,"ty":"sh","ix":1,"ks":{"a":1,"k":[{"i":{"x":0.833,"y":0.833},"o":{"x":0.167,"y":0.167},"t":0,"s":[{"i":[[-3.647,2.397],[0,0],[5.173,8.715],[5.703,2.546],[23.52,22.08],[-4.687,-26.758],[-12.53,-0.071]],"o":[[0,0],[10.593,-6.786],[-3.062,-4.708],[-21.837,-12.13],[-3.52,23.12],[2.212,12.166],[4.382,-0.034]],"v":[[9.019,54.821],[47.169,30.144],[56.39,2.037],[45.275,-6.461],[-18.96,-58.28],[-25.913,35.729],[-3.327,58.465]],"c":true}]},{"i":{"x":0.667,"y":1},"o":{"x":0.167,"y":0.167},"t":13.377,"s":[{"i":[[-3.878,1.967],[0,0],[4.891,10.56],[3.034,1.973],[20.26,30.475],[-2.858,-35.106],[-12.401,-1.469]],"o":[[0,0],[11.247,-5.538],[-1.753,-3.054],[-20.735,-20.038],[-10.24,23.975],[-0.605,12.222],[4.344,0.455]],"v":[[-2.379,60.104],[38.153,39.923],[49.41,10.792],[43.026,4.153],[-10.96,-59.28],[-34.842,37.301],[-15.012,62.336]],"c":true}]},{"i":{"x":0.833,"y":0.833},"o":{"x":0.333,"y":0},"t":37,"s":[{"i":[[-4.38,-0.347],[0,0],[-1.082,12.619],[0.409,2.18],[23.52,22.08],[23.086,-24.868],[-9.918,-7.798]],"o":[[0,0],[12.613,1.149],[0.194,-2.267],[-5.462,-42.691],[-3.52,23.12],[-8.584,9.246],[3.505,2.68]],"v":[[-39.589,52.987],[5.985,56.936],[30.852,36.194],[30.482,29.551],[-13.96,-59.28],[-55.566,16.228],[-51.656,48.257]],"c":true}]},{"i":{"x":0.667,"y":1},"o":{"x":0.167,"y":0.167},"t":66,"s":[{"i":[[-4.18,1.201],[0,0],[2.814,11.292],[2.608,2.509],[23.52,22.08],[6.914,-27.282],[-11.902,-3.778]],"o":[[0,0],[12.089,-3.321],[-1.147,-3.33],[-16.59,-23.585],[-3.52,23.12],[-2.896,11.889],[4.18,1.265]],"v":[[-9.644,58.578],[33.964,46.392],[50.507,19.904],[45.488,12.181],[-13.96,-59.28],[-37.231,30.069],[-22.47,58.391]],"c":true}]},{"i":{"x":0.833,"y":0.833},"o":{"x":0.167,"y":0},"t":87,"s":[{"i":[[-3.539,2.604],[0,0],[5.436,8.019],[6.636,2.692],[23.52,22.08],[-7.27,-26.343],[-12.602,0.596]],"o":[[0,0],[10.289,-7.387],[-3.553,-5.24],[-22.533,-9.14],[-3.52,23.12],[3.356,12.161],[4.404,-0.268]],"v":[[13.303,53.552],[50.345,26.71],[58.422,-1.24],[45.603,-10.268],[-20.96,-57.28],[-22.835,36.217],[1.084,57.873]],"c":true}]},{"t":96,"s":[{"i":[[-3.647,2.397],[0,0],[5.173,8.715],[5.703,2.546],[23.52,22.08],[-4.687,-26.758],[-12.53,-0.071]],"o":[[0,0],[10.593,-6.786],[-3.062,-4.708],[-21.837,-12.13],[-3.52,23.12],[2.212,12.166],[4.382,-0.034]],"v":[[9.019,54.821],[47.169,30.144],[56.39,2.037],[45.275,-6.461],[-18.96,-58.28],[-25.913,35.729],[-3.327,58.465]],"c":true}]}],"ix":2},"nm":"Path 1","mn":"ADBE Vector Shape - Group","hd":false},{"ty":"fl","c":{"a":0,"k":[0.957000014361,0.263000009574,0.211999990426,1],"ix":4},"o":{"a":0,"k":100,"ix":5},"r":1,"bm":0,"nm":"Fill 1","mn":"ADBE Vector Graphic - Fill","hd":false},{"ty":"tr","p":{"a":0,"k":[449.49,796.81],"ix":2},"a":{"a":0,"k":[0,0],"ix":1},"s":{"a":0,"k":[100,100],"ix":3},"r":{"a":0,"k":0,"ix":6},"o":{"a":0,"k":100,"ix":7},"sk":{"a":0,"k":0,"ix":4},"sa":{"a":0,"k":0,"ix":5},"nm":"Transform"}],"nm":"Group 3","np":2,"cix":2,"bm":0,"ix":3,"mn":"ADBE Vector Group","hd":false}],"ip":0,"op":96,"st":0,"bm":0},{"ddd":0,"ind":4,"ty":4,"nm":"string ","parent":1,"sr":1,"ks":{"o":{"a":0,"k":100,"ix":11},"r":{"a":0,"k":0,"ix":10},"p":{"a":1,"k":[{"i":{"x":0.833,"y":0.833},"o":{"x":0.167,"y":0.167},"t":0,"s":[126.188,374.343,0],"to":[0,0,0],"ti":[0,0,0]},{"i":{"x":0.667,"y":1},"o":{"x":0.167,"y":0.167},"t":13.377,"s":[119.332,378.585,0],"to":[0,0,0],"ti":[0,0,0]},{"i":{"x":0.833,"y":0.833},"o":{"x":0.333,"y":0},"t":37,"s":[99.344,379.283,0],"to":[0,0,0],"ti":[0,0,0]},{"i":{"x":0.667,"y":1},"o":{"x":0.167,"y":0.167},"t":66,"s":[114.265,376.761,0],"to":[0,0,0],"ti":[0,0,0]},{"i":{"x":0.833,"y":0.833},"o":{"x":0.333,"y":0},"t":87,"s":[124.259,376.412,0],"to":[0,0,0],"ti":[0,0,0]},{"t":96,"s":[126.188,374.343,0]}],"ix":2,"l":2},"a":{"a":0,"k":[77.843,60.633,0],"ix":1,"l":2},"s":{"a":0,"k":[100,100,100],"ix":6,"l":2}},"ao":0,"shapes":[{"ty":"gr","it":[{"ind":0,"ty":"sh","ix":1,"ks":{"a":1,"k":[{"i":{"x":0.833,"y":0.833},"o":{"x":0.167,"y":0.167},"t":0,"s":[{"i":[[0,0],[-61.395,-32.233],[-57.9,42.773]],"o":[[55.59,52.164],[56.905,29.875],[0,0]],"v":[[-121.76,-68.883],[-40.32,59.582],[164.784,25.019]],"c":false}]},{"i":{"x":0.833,"y":0.833},"o":{"x":0.167,"y":0.167},"t":8,"s":[{"i":[[0,0],[-61.395,-32.233],[-28.299,50.926]],"o":[[11.84,65.88],[56.905,29.875],[0,0]],"v":[[-114.125,-65.147],[-57.39,72.185],[138.887,28.425]],"c":false}]},{"i":{"x":0.833,"y":0.833},"o":{"x":0.167,"y":0.167},"t":17.625,"s":[{"i":[[0,0],[-61.395,-32.233],[-42.492,29.728]],"o":[[-5.468,55.797],[56.905,29.875],[0,0]],"v":[[-114.125,-65.147],[-69.313,74.603],[138.4,57.46]],"c":false}]},{"i":{"x":0.833,"y":0.833},"o":{"x":0.167,"y":0.167},"t":27.246,"s":[{"i":[[0,0],[-63.311,-28.36],[-122.121,-30.926]],"o":[[-24.457,41.055],[58.655,26.275],[0,0]],"v":[[-114.125,-65.147],[-94.206,49.456],[137.645,64.491]],"c":false}]},{"i":{"x":0.833,"y":0.833},"o":{"x":0.167,"y":0.167},"t":39,"s":[{"i":[[0,0],[-63.677,-24.886],[-16.7,-84.917]],"o":[[-40.412,21.203],[69.455,27.144],[0,0]],"v":[[-119.5,-61.458],[-123.02,40.956],[98.088,77.879]],"c":false}]},{"i":{"x":0.833,"y":0.833},"o":{"x":0.167,"y":0.167},"t":48.115,"s":[{"i":[[0,0],[-67.143,-12.878],[-35.194,-89.537]],"o":[[-33.969,28.838],[81.231,15.58],[0,0]],"v":[[-113.986,-61.15],[-116.077,39.213],[87.322,84.759]],"c":false}]},{"i":{"x":0.833,"y":0.833},"o":{"x":0.167,"y":0.167},"t":57.74,"s":[{"i":[[0,0],[-67.666,-9.766],[18.108,-106.97]],"o":[[-14.948,32.614],[68.904,9.945],[0,0]],"v":[[-108.506,-61.841],[-80.784,46.986],[91.738,96.612]],"c":false}]},{"i":{"x":0.833,"y":0.833},"o":{"x":0.167,"y":0.167},"t":67.361,"s":[{"i":[[0,0],[-67.666,-9.766],[-49.801,-76.796]],"o":[[-0.176,37.888],[68.904,9.945],[0,0]],"v":[[-110.575,-63.77],[-58.431,56.712],[149.528,89.591]],"c":false}]},{"i":{"x":0.833,"y":0.833},"o":{"x":0.167,"y":0.167},"t":76.984,"s":[{"i":[[0,0],[-67.947,-7.569],[-85.454,-37.742]],"o":[[7.458,41.409],[64.39,7.173],[0,0]],"v":[[-110.575,-63.77],[-32,54.288],[179.154,64.042]],"c":false}]},{"i":{"x":0.833,"y":0.833},"o":{"x":0.167,"y":0.167},"t":86.609,"s":[{"i":[[0,0],[-68.706,-16.37],[-50.684,17.905]],"o":[[16.805,42.41],[63.024,15.016],[0,0]],"v":[[-107.129,-65.392],[-5.568,51.864],[179.118,20.016]],"c":false}]},{"t":96,"s":[{"i":[[0,0],[-61.395,-32.233],[-57.9,42.773]],"o":[[55.59,52.164],[56.905,29.875],[0,0]],"v":[[-121.76,-68.883],[-40.32,59.582],[164.784,25.019]],"c":false}]}],"ix":2},"nm":"Path 1","mn":"ADBE Vector Shape - Group","hd":false},{"ty":"st","c":{"a":0,"k":[0.39199999641,0.709999952129,0.964999988032,1],"ix":3},"o":{"a":0,"k":100,"ix":4},"w":{"a":0,"k":24,"ix":5},"lc":1,"lj":1,"ml":10,"bm":0,"nm":"Stroke 1","mn":"ADBE Vector Graphic - Stroke","hd":false},{"ty":"tr","p":{"a":0,"k":[194.88,145.6],"ix":2},"a":{"a":0,"k":[0,0],"ix":1},"s":{"a":0,"k":[100,100],"ix":3},"r":{"a":0,"k":0,"ix":6},"o":{"a":0,"k":100,"ix":7},"sk":{"a":0,"k":0,"ix":4},"sa":{"a":0,"k":0,"ix":5},"nm":"Transform"}],"nm":"Group 1","np":2,"cix":2,"bm":0,"ix":1,"mn":"ADBE Vector Group","hd":false}],"ip":0,"op":96,"st":0,"bm":0}],"markers":[{"tm":65,"cm":"rest","dr":0}]}