{"v":"5.8.1","fr":60,"ip":0,"op":94,"w":1024,"h":1024,"nm":"emoji_Ping pong ","ddd":0,"assets":[],"layers":[{"ddd":0,"ind":1,"ty":4,"nm":"ball","sr":1,"ks":{"o":{"a":0,"k":100,"ix":11},"r":{"a":0,"k":0,"ix":10},"p":{"a":1,"k":[{"i":{"x":0.687,"y":1},"o":{"x":0.167,"y":0.167},"t":0,"s":[-311.36,150.52,0],"to":[478.459,-75.106,0],"ti":[5.116,8.261,0]},{"i":{"x":0.833,"y":0.833},"o":{"x":0.333,"y":0},"t":16,"s":[586.64,332.52,0],"to":[-140.285,-226.521,0],"ti":[-27.667,-30.667,0]},{"i":{"x":0.833,"y":0.833},"o":{"x":0.167,"y":0.167},"t":18,"s":[404.64,170.52,0],"to":[22.459,24.894,0],"ti":[460.333,16.667,0]},{"t":30,"s":[-323.36,-77.48,0]}],"ix":2,"l":2},"a":{"a":0,"k":[157.69,151.17,0],"ix":1,"l":2},"s":{"a":1,"k":[{"i":{"x":[0.667,0.667,0.667],"y":[1,1,1]},"o":{"x":[0.167,0.167,0.167],"y":[0.167,0.167,-0.481]},"t":0,"s":[226,226,100]},{"i":{"x":[0.833,0.833,0.833],"y":[0.833,0.833,0.593]},"o":{"x":[0.333,0.333,0.333],"y":[0,0,0]},"t":16,"s":[80,80,100]},{"i":{"x":[0.833,0.833,0.833],"y":[0.833,0.833,0.833]},"o":{"x":[0.167,0.167,0.167],"y":[0.167,0.167,0.167]},"t":18,"s":[100,100,100]},{"t":30,"s":[242,242,100]}],"ix":6,"l":2}},"ao":0,"shapes":[{"ty":"gr","it":[{"ind":0,"ty":"sh","ix":1,"ks":{"a":0,"k":{"i":[[-14.24,1.44],[-3.28,25.44],[-20.08,4.48],[0.08,13.68],[36.4,-16.4],[0,-28.96]],"o":[[14.88,-1.52],[3.04,-23.52],[21.68,-4.8],[-0.16,-16.24],[-36.96,16.64],[0,29.52]],"v":[[-38.4,71.04],[-18.32,30.88],[27.76,-24.88],[62.08,-43.6],[-6.4,-56.08],[-62.16,33.84]],"c":true},"ix":2},"nm":"Path 1","mn":"ADBE Vector Shape - Group","hd":false},{"ty":"fl","c":{"a":0,"k":[0.995999983245,1,1,1],"ix":4},"o":{"a":0,"k":100,"ix":5},"r":1,"bm":0,"nm":"Fill 1","mn":"ADBE Vector Graphic - Fill","hd":false},{"ty":"tr","p":{"a":0,"k":[116.81,96.57],"ix":2},"a":{"a":0,"k":[0,0],"ix":1},"s":{"a":0,"k":[100,100],"ix":3},"r":{"a":0,"k":0,"ix":6},"o":{"a":0,"k":100,"ix":7},"sk":{"a":0,"k":0,"ix":4},"sa":{"a":0,"k":0,"ix":5},"nm":"Transform"}],"nm":"Group 1","np":2,"cix":2,"bm":0,"ix":1,"mn":"ADBE Vector Group","hd":false},{"ty":"gr","it":[{"ind":0,"ty":"sh","ix":1,"ks":{"a":0,"k":{"i":[[36.56,-35.92],[-42.4,-31.92],[-30.64,36.48],[30,20.24]],"o":[[-33.28,32.56],[39.36,29.68],[31.92,-38],[-24.32,-16.32]],"v":[[-57.36,-61.08],[-56.72,67.32],[67.2,56.92],[54.8,-66.36]],"c":true},"ix":2},"nm":"Path 1","mn":"ADBE Vector Shape - Group","hd":false},{"ty":"fl","c":{"a":0,"k":[0.917999985639,0.922000002394,0.922000002394,1],"ix":4},"o":{"a":0,"k":100,"ix":5},"r":1,"bm":0,"nm":"Fill 1","mn":"ADBE Vector Graphic - Fill","hd":false},{"ty":"tr","p":{"a":0,"k":[143.69,121.33],"ix":2},"a":{"a":0,"k":[0,0],"ix":1},"s":{"a":0,"k":[100,100],"ix":3},"r":{"a":0,"k":0,"ix":6},"o":{"a":0,"k":100,"ix":7},"sk":{"a":0,"k":0,"ix":4},"sa":{"a":0,"k":0,"ix":5},"nm":"Transform"}],"nm":"Group 2","np":2,"cix":2,"bm":0,"ix":2,"mn":"ADBE Vector Group","hd":false},{"ty":"gr","it":[{"ind":0,"ty":"sh","ix":1,"ks":{"a":0,"k":{"i":[[49.52,-36.48],[-42.4,-63.92],[-67.6,58],[37.12,37.12]],"o":[[-50.96,37.52],[37.52,56.56],[70.96,-60.88],[-49.6,-49.52]],"v":[[-83.12,-114.44],[-115.04,67.48],[86.48,92.92],[95.6,-101.4]],"c":true},"ix":2},"nm":"Path 1","mn":"ADBE Vector Shape - Group","hd":false},{"ty":"fl","c":{"a":0,"k":[0.847000002394,0.804000016755,0.788000009574,1],"ix":4},"o":{"a":0,"k":100,"ix":5},"r":1,"bm":0,"nm":"Fill 1","mn":"ADBE Vector Graphic - Fill","hd":false},{"ty":"tr","p":{"a":0,"k":[157.69,151.17],"ix":2},"a":{"a":0,"k":[0,0],"ix":1},"s":{"a":0,"k":[100,100],"ix":3},"r":{"a":0,"k":0,"ix":6},"o":{"a":0,"k":100,"ix":7},"sk":{"a":0,"k":0,"ix":4},"sa":{"a":0,"k":0,"ix":5},"nm":"Transform"}],"nm":"Group 3","np":2,"cix":2,"bm":0,"ix":3,"mn":"ADBE Vector Group","hd":false}],"ip":0,"op":56,"st":6,"bm":0},{"ddd":0,"ind":2,"ty":4,"nm":"racket mask","td":1,"sr":1,"ks":{"o":{"a":0,"k":100,"ix":11},"r":{"a":0,"k":0,"ix":10},"p":{"a":1,"k":[{"i":{"x":0.201,"y":1},"o":{"x":0.333,"y":0},"t":0,"s":[535.68,487.4,0],"to":[3.667,4.667,0],"ti":[0,0,0]},{"i":{"x":0.833,"y":0.833},"o":{"x":1,"y":0},"t":12,"s":[557.68,515.4,0],"to":[0,0,0],"ti":[4.333,0,0]},{"i":{"x":0.667,"y":1},"o":{"x":0.167,"y":0.167},"t":18,"s":[535.68,487.4,0],"to":[-4.333,0,0],"ti":[0,0,0]},{"i":{"x":0.833,"y":1},"o":{"x":0.333,"y":0},"t":24,"s":[531.68,515.4,0],"to":[0,0,0],"ti":[-0.667,4.667,0]},{"i":{"x":0.667,"y":0.667},"o":{"x":0.333,"y":0.333},"t":34,"s":[535.68,487.4,0],"to":[0,0,0],"ti":[0,0,0]},{"t":48,"s":[535.68,487.4,0]}],"ix":2,"l":2},"a":{"a":0,"k":[433.85,514.13,0],"ix":1,"l":2},"s":{"a":1,"k":[{"i":{"x":[0.667,0.667,0.667],"y":[1,1,1]},"o":{"x":[0.333,0.333,0.333],"y":[0,0,0]},"t":0,"s":[100,100,100]},{"i":{"x":[0.833,0.833,0.833],"y":[0.833,0.833,-1.778]},"o":{"x":[0.333,0.333,0.333],"y":[0,0,0]},"t":12,"s":[85,85,100]},{"i":{"x":[0.833,0.833,0.833],"y":[1,1,1]},"o":{"x":[0.167,0.167,0.167],"y":[0,0,-2.646]},"t":18,"s":[100,100,100]},{"i":{"x":[0.667,0.667,0.667],"y":[1,1,1]},"o":{"x":[0.167,0.167,0.167],"y":[0,0,0]},"t":24,"s":[100,100,100]},{"t":34,"s":[100,100,100]}],"ix":6,"l":2}},"ao":0,"shapes":[{"ty":"gr","it":[{"ind":0,"ty":"sh","ix":1,"ks":{"a":1,"k":[{"i":{"x":0.201,"y":1},"o":{"x":0.333,"y":0},"t":0,"s":[{"i":[[0,0],[0,0],[-54.56,27.759],[-59.28,109.76],[202,128.88],[52.64,-62.24],[4.24,-88.08]],"o":[[0,0],[0,0],[54.56,-27.76],[61.28,-113.52],[-202,-128.88],[-52.64,62.24],[-3.92,79.52]],"v":[[-349.92,155.64],[-56.48,369.96],[80,352.201],[255.28,173.08],[171.04,-277.56],[-263.76,-183.72],[-369.12,40.36]],"c":true}]},{"i":{"x":0.833,"y":0.833},"o":{"x":1,"y":0},"t":12,"s":[{"i":[[0,0],[0,0],[-52.879,23.071],[-56.248,97.247],[180.183,139.343],[54.82,-52.69],[7.068,-85.688]],"o":[[0,0],[0,0],[52.168,-22.761],[57.107,-98.782],[-187.37,-144.901],[-55.649,53.487],[-6.509,77.72]],"v":[[-320.352,92.456],[-28.08,322.585],[104.41,313.938],[270.909,159.049],[200.851,-261.539],[-221.837,-227.757],[-337.044,-22.565]],"c":true}]},{"i":{"x":0.667,"y":1},"o":{"x":0.167,"y":0.167},"t":18,"s":[{"i":[[0,0],[0,0],[-54.56,27.759],[-59.28,109.76],[202,128.88],[52.64,-62.24],[4.24,-88.08]],"o":[[0,0],[0,0],[54.56,-27.76],[61.28,-113.52],[-202,-128.88],[-52.64,62.24],[-3.92,79.52]],"v":[[-349.92,155.64],[-56.48,369.96],[80,352.201],[255.28,173.08],[171.04,-277.56],[-263.76,-183.72],[-369.12,40.36]],"c":true}]},{"i":{"x":0.833,"y":0.833},"o":{"x":0.333,"y":0},"t":24,"s":[{"i":[[0,0],[0,0],[-54.1,18.563],[-63.246,101.534],[223.728,169.681],[50.751,-63.153],[-1.993,-90.243]],"o":[[0,0],[0,0],[54.963,-18.859],[68.142,-109.395],[-224.737,-170.447],[-49.444,61.527],[1.757,79.567]],"v":[[-389.481,150.877],[-94.203,397.717],[40.884,400.477],[222.156,248.331],[135.927,-250.717],[-325.383,-191.246],[-415.976,32.981]],"c":true}]},{"i":{"x":0,"y":1},"o":{"x":0.167,"y":0.167},"t":34,"s":[{"i":[[0,0],[0,0],[-54.927,26.523],[-59.521,110.506],[214.736,133.631],[51.098,-63.445],[1.393,-88.167]],"o":[[0,0],[0,0],[55.266,-26.687],[62.2,-115.539],[-212.181,-132.041],[-50.708,62.961],[-1.343,79.253]],"v":[[-364.753,163.691],[-66.126,382.6],[71.892,368.023],[249.137,190.113],[153.06,-274.399],[-289.403,-176.633],[-387.341,48.56]],"c":true}]},{"t":48,"s":[{"i":[[0,0],[0,0],[-54.56,27.759],[-59.28,109.76],[202,128.88],[52.64,-62.24],[4.24,-88.08]],"o":[[0,0],[0,0],[54.56,-27.76],[61.28,-113.52],[-202,-128.88],[-52.64,62.24],[-3.92,79.52]],"v":[[-349.92,155.64],[-56.48,369.96],[80,352.201],[255.28,173.08],[171.04,-277.56],[-263.76,-183.72],[-369.12,40.36]],"c":true}]}],"ix":2},"nm":"Path 1","mn":"ADBE Vector Shape - Group","hd":false},{"ty":"fl","c":{"a":0,"k":[1,0.310000011968,0.156999999402,1],"ix":4},"o":{"a":0,"k":100,"ix":5},"r":1,"bm":0,"nm":"Fill 1","mn":"ADBE Vector Graphic - Fill","hd":false},{"ty":"tr","p":{"a":0,"k":[502.41,406.69],"ix":2},"a":{"a":0,"k":[0,0],"ix":1},"s":{"a":0,"k":[100,100],"ix":3},"r":{"a":0,"k":0,"ix":6},"o":{"a":0,"k":100,"ix":7},"sk":{"a":0,"k":0,"ix":4},"sa":{"a":0,"k":0,"ix":5},"nm":"Transform"}],"nm":"Group 1","np":2,"cix":2,"bm":0,"ix":1,"mn":"ADBE Vector Group","hd":false},{"ty":"gr","it":[{"ind":0,"ty":"sh","ix":1,"ks":{"a":1,"k":[{"i":{"x":0.201,"y":1},"o":{"x":0.333,"y":0},"t":0,"s":[{"i":[[-2.56,0],[-24.24,-14.96],[-2.64,-3.12],[32.56,-46.48],[4.08,-6.4],[18.16,11.36],[6.72,10.88],[-10.32,13.44],[-39.84,56]],"o":[[3.12,0],[24.32,14.96],[1.12,1.28],[-41.68,59.52],[-5.68,8.8],[-17.84,-11.2],[-6.72,-10.88],[5.68,-7.36],[32.8,-45.92]],"v":[[49.48,-148.12],[74.92,-106.76],[120.84,-92.28],[61.4,-3.88],[-30.6,124.84],[-71.48,136.76],[-115.24,99.96],[-104.6,65.4],[-18.28,-54.04]],"c":true}]},{"i":{"x":0.833,"y":0.833},"o":{"x":1,"y":0},"t":12,"s":[{"i":[[-2.644,-0.189],[-24.562,-16.362],[-2.604,-3.218],[34.765,-43.716],[4.516,-6.23],[15.312,16.643],[6.904,11.311],[-11.568,13.037],[-43.831,53.325]],"o":[[3.22,0.231],[24.521,16.285],[1.105,1.322],[-45.003,56.609],[-6.292,8.577],[-15.088,-16.452],[-6.912,-11.323],[6.351,-7.12],[35.687,-43.242]],"v":[[78.454,-207.527],[103.523,-165.185],[150.078,-147.927],[86.774,-64.982],[-13.24,58.264],[-57.154,68.482],[-103.048,29.38],[-90.445,-4.98],[5.136,-119.43]],"c":true}]},{"i":{"x":0.667,"y":1},"o":{"x":0.167,"y":0.167},"t":18,"s":[{"i":[[-2.56,0],[-24.24,-14.96],[-2.64,-3.12],[32.56,-46.48],[4.08,-6.4],[18.16,11.36],[6.72,10.88],[-10.32,13.44],[-39.84,56]],"o":[[3.12,0],[24.32,14.96],[1.12,1.28],[-41.68,59.52],[-5.68,8.8],[-17.84,-11.2],[-6.72,-10.88],[5.68,-7.36],[32.8,-45.92]],"v":[[49.48,-148.12],[74.92,-106.76],[120.84,-92.28],[61.4,-3.88],[-30.6,124.84],[-71.48,136.76],[-115.24,99.96],[-104.6,65.4],[-18.28,-54.04]],"c":true}]},{"i":{"x":0.833,"y":0.833},"o":{"x":0.333,"y":0},"t":24,"s":[{"i":[[-2.458,-0.343],[-24.027,-17.502],[-2.685,-3.328],[28.595,-38.678],[3.36,-5.105],[17.243,12.718],[6.861,10.651],[-8.509,10.581],[-33.627,46.26]],"o":[[2.996,0.418],[24.074,17.536],[1.137,1.37],[-35.914,48.578],[-4.672,6.989],[-16.962,-12.511],[-6.872,-10.668],[4.686,-5.827],[28.218,-38.63]],"v":[[14.592,-146.605],[41.187,-103.672],[86.016,-83.607],[33.588,-9.143],[-48.831,99.347],[-85.432,103.97],[-127.701,64.97],[-120.415,35.53],[-44.278,-66.824]],"c":true}]},{"i":{"x":0,"y":1},"o":{"x":0.167,"y":0.167},"t":34,"s":[{"i":[[-2.536,-0.049],[-24.457,-15.327],[-2.714,-3.154],[30.919,-45.096],[3.794,-6.122],[18.058,11.629],[6.881,10.788],[-9.596,12.812],[-37.318,54.048]],"o":[[3.091,0.061],[24.572,15.35],[1.151,1.294],[-39.353,57.417],[-5.281,8.409],[-17.723,-11.453],[-6.881,-10.788],[5.29,-7.022],[30.901,-44.563]],"v":[[37.56,-139.688],[63.98,-98.168],[110.024,-82.823],[53.559,3.195],[-33.051,126.847],[-72.576,137.205],[-116.32,100.058],[-107.102,66.686],[-26.471,-48.156]],"c":true}]},{"t":48,"s":[{"i":[[-2.56,0],[-24.24,-14.96],[-2.64,-3.12],[32.56,-46.48],[4.08,-6.4],[18.16,11.36],[6.72,10.88],[-10.32,13.44],[-39.84,56]],"o":[[3.12,0],[24.32,14.96],[1.12,1.28],[-41.68,59.52],[-5.68,8.8],[-17.84,-11.2],[-6.72,-10.88],[5.68,-7.36],[32.8,-45.92]],"v":[[49.48,-148.12],[74.92,-106.76],[120.84,-92.28],[61.4,-3.88],[-30.6,124.84],[-71.48,136.76],[-115.24,99.96],[-104.6,65.4],[-18.28,-54.04]],"c":true}]}],"ix":2},"nm":"Path 1","mn":"ADBE Vector Shape - Group","hd":false},{"ty":"fl","c":{"a":0,"k":[0.991999966491,0.816000007181,0.513999968884,1],"ix":4},"o":{"a":0,"k":100,"ix":5},"r":1,"bm":0,"nm":"Fill 1","mn":"ADBE Vector Graphic - Fill","hd":false},{"ty":"tr","p":{"a":0,"k":[176.77,833.89],"ix":2},"a":{"a":0,"k":[0,0],"ix":1},"s":{"a":0,"k":[100,100],"ix":3},"r":{"a":0,"k":0,"ix":6},"o":{"a":0,"k":100,"ix":7},"sk":{"a":0,"k":0,"ix":4},"sa":{"a":0,"k":0,"ix":5},"nm":"Transform"}],"nm":"Group 2","np":2,"cix":2,"bm":0,"ix":2,"mn":"ADBE Vector Group","hd":false},{"ty":"gr","it":[{"ind":0,"ty":"sh","ix":1,"ks":{"a":1,"k":[{"i":{"x":0.201,"y":1},"o":{"x":0.333,"y":0},"t":0,"s":[{"i":[[0,0],[42.96,-60.48],[5.2,-5.68],[-1.52,-12.4],[-30.48,-21.68],[-11.36,4.16],[-19.36,27.92],[0,0]],"o":[[0,0],[-42.96,60.48],[-5.2,5.68],[1.52,12.4],[30.48,21.68],[11.36,-4.16],[36,-51.84],[0,0]],"v":[[45.08,-208.6],[-63.8,-41.08],[-148.6,69.56],[-179.64,109.88],[-117.08,164.12],[-49.88,204.44],[12.12,115.56],[181.16,-123.56]],"c":true}]},{"i":{"x":0.833,"y":0.833},"o":{"x":1,"y":0},"t":12,"s":[{"i":[[0,0],[47.084,-57.077],[5.826,-5.464],[3.6,-12.224],[-32.302,-23.269],[-19.089,15.775],[-21.102,26.955],[0,0]],"o":[[0,0],[-47.701,57.824],[-5.835,5.472],[-9.33,31.684],[32.099,23.123],[9.835,-8.128],[38.91,-49.629],[0,0]],"v":[[76.375,-265.726],[-42.176,-108.588],[-136.648,-2.558],[-171.83,36.753],[-118.264,122.758],[-34.911,137.848],[33.092,51.499],[212.107,-172.817]],"c":true}]},{"i":{"x":0.667,"y":1},"o":{"x":0.167,"y":0.167},"t":18,"s":[{"i":[[0,0],[42.96,-60.48],[5.2,-5.68],[-1.52,-12.4],[-30.48,-21.68],[-11.36,4.16],[-19.36,27.92],[0,0]],"o":[[0,0],[-42.96,60.48],[-5.2,5.68],[1.52,12.4],[30.48,21.68],[11.36,-4.16],[36,-51.84],[0,0]],"v":[[45.08,-208.6],[-63.8,-41.08],[-148.6,69.56],[-179.64,109.88],[-117.08,164.12],[-49.88,204.44],[12.12,115.56],[181.16,-123.56]],"c":true}]},{"i":{"x":0.833,"y":0.833},"o":{"x":0.333,"y":0},"t":24,"s":[{"i":[[0,0],[36.609,-51],[4.325,-4.391],[-0.365,-11.498],[-29.058,-23.539],[-22.409,4.622],[-16.37,22.113],[0,0]],"o":[[0,0],[-35.808,49.885],[-4.316,4.382],[0.523,16.461],[29.024,23.512],[10.063,-2.076],[30.847,-41.669],[0,0]],"v":[[5.799,-203.695],[-87.823,-58.269],[-158.4,31.298],[-183.537,63.024],[-142.159,135.743],[-59.625,165.297],[-7.793,95.668],[142.399,-102.85]],"c":true}]},{"i":{"x":0,"y":1},"o":{"x":0.167,"y":0.167},"t":34,"s":[{"i":[[0,0],[40.331,-58.671],[4.86,-5.396],[-1.888,-12.093],[-30.273,-22.006],[-10.951,3.665],[-18.179,26.723],[0,0]],"o":[[0,0],[-40.066,58.285],[-4.856,5.391],[1.888,12.088],[30.322,22.042],[10.964,-3.67],[33.951,-49.828],[0,0]],"v":[[30.894,-199.559],[-71.426,-35.931],[-150.55,70.234],[-179.272,108.589],[-131.821,167.383],[-50.174,204.553],[7.869,119.775],[169.065,-112.348]],"c":true}]},{"t":48,"s":[{"i":[[0,0],[42.96,-60.48],[5.2,-5.68],[-1.52,-12.4],[-30.48,-21.68],[-11.36,4.16],[-19.36,27.92],[0,0]],"o":[[0,0],[-42.96,60.48],[-5.2,5.68],[1.52,12.4],[30.48,21.68],[11.36,-4.16],[36,-51.84],[0,0]],"v":[[45.08,-208.6],[-63.8,-41.08],[-148.6,69.56],[-179.64,109.88],[-117.08,164.12],[-49.88,204.44],[12.12,115.56],[181.16,-123.56]],"c":true}]}],"ix":2},"nm":"Path 1","mn":"ADBE Vector Shape - Group","hd":false},{"ty":"fl","c":{"a":0,"k":[0.952999997606,0.635000011968,0.352999997606,1],"ix":4},"o":{"a":0,"k":100,"ix":5},"r":1,"bm":0,"nm":"Fill 1","mn":"ADBE Vector Graphic - Fill","hd":false},{"ty":"tr","p":{"a":0,"k":[189.41,819.411],"ix":2},"a":{"a":0,"k":[0,0],"ix":1},"s":{"a":0,"k":[100,100],"ix":3},"r":{"a":0,"k":0,"ix":6},"o":{"a":0,"k":100,"ix":7},"sk":{"a":0,"k":0,"ix":4},"sa":{"a":0,"k":0,"ix":5},"nm":"Transform"}],"nm":"Group 3","np":2,"cix":2,"bm":0,"ix":3,"mn":"ADBE Vector Group","hd":false},{"ty":"gr","it":[{"ind":0,"ty":"sh","ix":1,"ks":{"a":1,"k":[{"i":{"x":0.201,"y":1},"o":{"x":0.333,"y":0},"t":0,"s":[{"i":[[0,0],[-2.08,-8.721],[-7.76,-17.6],[2.08,-18.641],[0,0],[0,0],[-31.84,9.76],[-11.84,-0.96],[-4.16,2.079],[0,0]],"o":[[0,0],[2.08,8.8],[5.52,12.56],[-2.08,18.639],[0,0],[0,0],[30.96,-9.519],[20.16,1.519],[8.72,-4.321],[0,0]],"v":[[-84.96,-142.36],[-156.8,-102.599],[-134.08,-55.56],[-120.16,-2.839],[-132.56,48.84],[-21.92,142.361],[30.16,110.84],[96.4,108.281],[150.16,110.361],[34.88,-53.96]],"c":true}]},{"i":{"x":0.833,"y":0.833},"o":{"x":1,"y":0},"t":12,"s":[{"i":[[0,0],[-1.92,-8.76],[-7.587,-17.954],[2.699,-18.158],[0,0],[0,0],[-32.463,7.533],[-11.745,-1.655],[-4.126,1.743],[0,0]],"o":[[0,0],[1.918,8.838],[5.39,12.8],[-2.703,18.184],[0,0],[0,0],[31.323,-7.297],[19.928,2.699],[8.634,-3.608],[0,0]],"v":[[-51.525,-198.138],[-127.23,-165.783],[-104.862,-117.577],[-91.88,-64.628],[-106.311,-14.631],[5.409,84.54],[59.05,56.968],[125.364,58.584],[178.347,63.862],[67.877,-102.169]],"c":true}]},{"i":{"x":0.667,"y":1},"o":{"x":0.167,"y":0.167},"t":18,"s":[{"i":[[0,0],[-2.08,-8.721],[-7.76,-17.6],[2.08,-18.641],[0,0],[0,0],[-31.84,9.76],[-11.84,-0.96],[-4.16,2.079],[0,0]],"o":[[0,0],[2.08,8.8],[5.52,12.56],[-2.08,18.639],[0,0],[0,0],[30.96,-9.519],[20.16,1.519],[8.72,-4.321],[0,0]],"v":[[-84.96,-142.36],[-156.8,-102.599],[-134.08,-55.56],[-120.16,-2.839],[-132.56,48.84],[-21.92,142.361],[30.16,110.84],[96.4,108.281],[150.16,110.361],[34.88,-53.96]],"c":true}]},{"i":{"x":0.833,"y":0.833},"o":{"x":0.333,"y":0},"t":24,"s":[{"i":[[0,0],[-2.568,-8.885],[-8.559,-18.223],[0.881,-17.731],[0,0],[0,0],[-30.233,4.721],[-11.567,-2.591],[-4.041,1.36],[0,0]],"o":[[0,0],[2.584,8.941],[6.086,12.957],[-0.876,17.638],[0,0],[0,0],[29.613,-4.625],[19.734,4.313],[8.476,-2.853],[0,0]],"v":[[-128.951,-137.932],[-196.367,-107.362],[-171.46,-58.287],[-154.883,-5.342],[-163.604,42.441],[-53.343,145.701],[-4.712,123.511],[59.464,130.475],[112.154,140.13],[-6.72,-34.686]],"c":true}]},{"i":{"x":0,"y":1},"o":{"x":0.167,"y":0.167},"t":34,"s":[{"i":[[0,0],[-2.325,-8.701],[-8.206,-17.608],[1.492,-18.452],[0,0],[0,0],[-31.481,8.929],[-11.911,-1.231],[-4.147,1.977],[0,0]],"o":[[0,0],[2.327,8.78],[5.837,12.562],[-1.491,18.431],[0,0],[0,0],[30.709,-8.739],[20.304,1.987],[8.7,-4.106],[0,0]],"v":[[-101.683,-133.254],[-171.636,-94.55],[-147.747,-47.458],[-132.391,5.095],[-143.061,56.014],[-30.857,150.958],[20.149,120.982],[86.42,119.986],[140.595,123.322],[20.461,-43.149]],"c":true}]},{"t":48,"s":[{"i":[[0,0],[-2.08,-8.721],[-7.76,-17.6],[2.08,-18.641],[0,0],[0,0],[-31.84,9.76],[-11.84,-0.96],[-4.16,2.079],[0,0]],"o":[[0,0],[2.08,8.8],[5.52,12.56],[-2.08,18.639],[0,0],[0,0],[30.96,-9.519],[20.16,1.519],[8.72,-4.321],[0,0]],"v":[[-84.96,-142.36],[-156.8,-102.599],[-134.08,-55.56],[-120.16,-2.839],[-132.56,48.84],[-21.92,142.361],[30.16,110.84],[96.4,108.281],[150.16,110.361],[34.88,-53.96]],"c":true}]}],"ix":2},"nm":"Path 1","mn":"ADBE Vector Shape - Group","hd":false},{"ty":"fl","c":{"a":0,"k":[0.991999966491,0.816000007181,0.513999968884,1],"ix":4},"o":{"a":0,"k":100,"ix":5},"r":1,"bm":0,"nm":"Fill 1","mn":"ADBE Vector Graphic - Fill","hd":false},{"ty":"tr","p":{"a":0,"k":[309.29,664.851],"ix":2},"a":{"a":0,"k":[0,0],"ix":1},"s":{"a":0,"k":[100,100],"ix":3},"r":{"a":0,"k":0,"ix":6},"o":{"a":0,"k":100,"ix":7},"sk":{"a":0,"k":0,"ix":4},"sa":{"a":0,"k":0,"ix":5},"nm":"Transform"}],"nm":"Group 4","np":2,"cix":2,"bm":0,"ix":4,"mn":"ADBE Vector Group","hd":false}],"ip":0,"op":94,"st":0,"bm":0},{"ddd":0,"ind":3,"ty":4,"nm":"shadow","parent":4,"tt":1,"sr":1,"ks":{"o":{"a":0,"k":100,"ix":11},"r":{"a":0,"k":0,"ix":10},"p":{"a":1,"k":[{"i":{"x":0.667,"y":1},"o":{"x":0.167,"y":0.167},"t":6,"s":[38.963,337.36,0],"to":[71.183,1.333,0],"ti":[-48.428,10.452,0]},{"i":{"x":0.833,"y":0.833},"o":{"x":0.333,"y":0},"t":16,"s":[466.058,345.356,0],"to":[48.428,-10.452,0],"ti":[108.469,5.435,0]},{"i":{"x":0.833,"y":0.833},"o":{"x":0.167,"y":0.167},"t":18,"s":[329.53,274.65,0],"to":[-108.469,-5.435,0],"ti":[85.714,-6.349,0]},{"t":26,"s":[-184.756,312.746,0]}],"ix":2,"l":2},"a":{"a":0,"k":[142.73,134.01,0],"ix":1,"l":2},"s":{"a":1,"k":[{"i":{"x":[0.833,0.833,0.833],"y":[0.833,0.833,0.794]},"o":{"x":[0.333,0.333,0.333],"y":[0,0,0]},"t":16,"s":[80,80,100]},{"i":{"x":[0.833,0.833,0.833],"y":[0.833,0.833,0.833]},"o":{"x":[0.167,0.167,0.167],"y":[0.167,0.167,0.167]},"t":18,"s":[100,100,100]},{"t":26,"s":[149,149,100]}],"ix":6,"l":2}},"ao":0,"shapes":[{"ty":"gr","it":[{"ind":0,"ty":"sh","ix":1,"ks":{"a":0,"k":{"i":[[-133.36,0.16],[10.4,89.36],[0,0],[45.331,-47.533],[0,0]],"o":[[89.36,-0.08],[-10.4,-89.36],[0,0],[-45.331,47.533],[-0.08,0.08]],"v":[[-1.6,133.6],[132.08,-34.64],[10.8,-133.76],[-103.931,-97.617],[-142.4,17.44]],"c":true},"ix":2},"nm":"Path 1","mn":"ADBE Vector Shape - Group","hd":false},{"ty":"fl","c":{"a":0,"k":[0.933000033509,0.243000000598,0.136999990426,1],"ix":4},"o":{"a":0,"k":100,"ix":5},"r":1,"bm":0,"nm":"Fill 1","mn":"ADBE Vector Graphic - Fill","hd":false},{"ty":"tr","p":{"a":0,"k":[142.73,134.01],"ix":2},"a":{"a":0,"k":[0,0],"ix":1},"s":{"a":0,"k":[100,100],"ix":3},"r":{"a":0,"k":0,"ix":6},"o":{"a":0,"k":100,"ix":7},"sk":{"a":0,"k":0,"ix":4},"sa":{"a":0,"k":0,"ix":5},"nm":"Transform"}],"nm":"Group 1","np":2,"cix":2,"bm":0,"ix":1,"mn":"ADBE Vector Group","hd":false}],"ip":0,"op":60,"st":18,"bm":0},{"ddd":0,"ind":4,"ty":4,"nm":"racket","sr":1,"ks":{"o":{"a":0,"k":100,"ix":11},"r":{"a":0,"k":0,"ix":10},"p":{"a":1,"k":[{"i":{"x":0.201,"y":1},"o":{"x":0.333,"y":0},"t":0,"s":[535.68,487.4,0],"to":[3.667,4.667,0],"ti":[0,0,0]},{"i":{"x":0.833,"y":0.833},"o":{"x":1,"y":0},"t":12,"s":[557.68,515.4,0],"to":[0,0,0],"ti":[4.333,0,0]},{"i":{"x":0.667,"y":1},"o":{"x":0.167,"y":0.167},"t":18,"s":[535.68,487.4,0],"to":[-4.333,0,0],"ti":[0,0,0]},{"i":{"x":0.833,"y":1},"o":{"x":0.333,"y":0},"t":24,"s":[531.68,515.4,0],"to":[0,0,0],"ti":[-0.667,4.667,0]},{"i":{"x":0.667,"y":0.667},"o":{"x":0.333,"y":0.333},"t":34,"s":[535.68,487.4,0],"to":[0,0,0],"ti":[0,0,0]},{"t":48,"s":[535.68,487.4,0]}],"ix":2,"l":2},"a":{"a":0,"k":[433.85,514.13,0],"ix":1,"l":2},"s":{"a":1,"k":[{"i":{"x":[0.667,0.667,0.667],"y":[1,1,1]},"o":{"x":[0.333,0.333,0.333],"y":[0,0,0]},"t":0,"s":[100,100,100]},{"i":{"x":[0.833,0.833,0.833],"y":[0.833,0.833,-1.778]},"o":{"x":[0.333,0.333,0.333],"y":[0,0,0]},"t":12,"s":[85,85,100]},{"i":{"x":[0.833,0.833,0.833],"y":[1,1,1]},"o":{"x":[0.167,0.167,0.167],"y":[0,0,-2.646]},"t":18,"s":[100,100,100]},{"i":{"x":[0.667,0.667,0.667],"y":[1,1,1]},"o":{"x":[0.167,0.167,0.167],"y":[0,0,0]},"t":24,"s":[100,100,100]},{"t":34,"s":[100,100,100]}],"ix":6,"l":2}},"ao":0,"shapes":[{"ty":"gr","it":[{"ind":0,"ty":"sh","ix":1,"ks":{"a":1,"k":[{"i":{"x":0.201,"y":1},"o":{"x":0.333,"y":0},"t":0,"s":[{"i":[[0,0],[0,0],[-54.56,27.759],[-59.28,109.76],[202,128.88],[52.64,-62.24],[4.24,-88.08]],"o":[[0,0],[0,0],[54.56,-27.76],[61.28,-113.52],[-202,-128.88],[-52.64,62.24],[-3.92,79.52]],"v":[[-349.92,155.64],[-56.48,369.96],[80,352.201],[255.28,173.08],[171.04,-277.56],[-263.76,-183.72],[-369.12,40.36]],"c":true}]},{"i":{"x":0.833,"y":0.833},"o":{"x":1,"y":0},"t":12,"s":[{"i":[[0,0],[0,0],[-52.879,23.071],[-56.248,97.247],[180.183,139.343],[54.82,-52.69],[7.068,-85.688]],"o":[[0,0],[0,0],[52.168,-22.761],[57.107,-98.782],[-187.37,-144.901],[-55.649,53.487],[-6.509,77.72]],"v":[[-320.352,92.456],[-28.08,322.585],[104.41,313.938],[270.909,159.049],[200.851,-261.539],[-221.837,-227.757],[-337.044,-22.565]],"c":true}]},{"i":{"x":0.667,"y":1},"o":{"x":0.167,"y":0.167},"t":18,"s":[{"i":[[0,0],[0,0],[-54.56,27.759],[-59.28,109.76],[202,128.88],[52.64,-62.24],[4.24,-88.08]],"o":[[0,0],[0,0],[54.56,-27.76],[61.28,-113.52],[-202,-128.88],[-52.64,62.24],[-3.92,79.52]],"v":[[-349.92,155.64],[-56.48,369.96],[80,352.201],[255.28,173.08],[171.04,-277.56],[-263.76,-183.72],[-369.12,40.36]],"c":true}]},{"i":{"x":0.833,"y":0.833},"o":{"x":0.333,"y":0},"t":24,"s":[{"i":[[0,0],[0,0],[-54.1,18.563],[-63.246,101.534],[223.728,169.681],[50.751,-63.153],[-1.993,-90.243]],"o":[[0,0],[0,0],[54.963,-18.859],[68.142,-109.395],[-224.737,-170.447],[-49.444,61.527],[1.757,79.567]],"v":[[-389.481,150.877],[-94.203,397.717],[40.884,400.477],[222.156,248.331],[135.927,-250.717],[-325.383,-191.246],[-415.976,32.981]],"c":true}]},{"i":{"x":0,"y":1},"o":{"x":0.167,"y":0.167},"t":34,"s":[{"i":[[0,0],[0,0],[-54.927,26.523],[-59.521,110.506],[214.736,133.631],[51.098,-63.445],[1.393,-88.167]],"o":[[0,0],[0,0],[55.266,-26.687],[62.2,-115.539],[-212.181,-132.041],[-50.708,62.961],[-1.343,79.253]],"v":[[-364.753,163.691],[-66.126,382.6],[71.892,368.023],[249.137,190.113],[153.06,-274.399],[-289.403,-176.633],[-387.341,48.56]],"c":true}]},{"t":48,"s":[{"i":[[0,0],[0,0],[-54.56,27.759],[-59.28,109.76],[202,128.88],[52.64,-62.24],[4.24,-88.08]],"o":[[0,0],[0,0],[54.56,-27.76],[61.28,-113.52],[-202,-128.88],[-52.64,62.24],[-3.92,79.52]],"v":[[-349.92,155.64],[-56.48,369.96],[80,352.201],[255.28,173.08],[171.04,-277.56],[-263.76,-183.72],[-369.12,40.36]],"c":true}]}],"ix":2},"nm":"Path 1","mn":"ADBE Vector Shape - Group","hd":false},{"ty":"fl","c":{"a":0,"k":[1,0.310000011968,0.156999999402,1],"ix":4},"o":{"a":0,"k":100,"ix":5},"r":1,"bm":0,"nm":"Fill 1","mn":"ADBE Vector Graphic - Fill","hd":false},{"ty":"tr","p":{"a":0,"k":[502.41,406.69],"ix":2},"a":{"a":0,"k":[0,0],"ix":1},"s":{"a":0,"k":[100,100],"ix":3},"r":{"a":0,"k":0,"ix":6},"o":{"a":0,"k":100,"ix":7},"sk":{"a":0,"k":0,"ix":4},"sa":{"a":0,"k":0,"ix":5},"nm":"Transform"}],"nm":"Group 1","np":2,"cix":2,"bm":0,"ix":1,"mn":"ADBE Vector Group","hd":false},{"ty":"gr","it":[{"ind":0,"ty":"sh","ix":1,"ks":{"a":1,"k":[{"i":{"x":0.201,"y":1},"o":{"x":0.333,"y":0},"t":0,"s":[{"i":[[-2.56,0],[-24.24,-14.96],[-2.64,-3.12],[32.56,-46.48],[4.08,-6.4],[18.16,11.36],[6.72,10.88],[-10.32,13.44],[-39.84,56]],"o":[[3.12,0],[24.32,14.96],[1.12,1.28],[-41.68,59.52],[-5.68,8.8],[-17.84,-11.2],[-6.72,-10.88],[5.68,-7.36],[32.8,-45.92]],"v":[[49.48,-148.12],[74.92,-106.76],[120.84,-92.28],[61.4,-3.88],[-30.6,124.84],[-71.48,136.76],[-115.24,99.96],[-104.6,65.4],[-18.28,-54.04]],"c":true}]},{"i":{"x":0.833,"y":0.833},"o":{"x":1,"y":0},"t":12,"s":[{"i":[[-2.644,-0.189],[-24.562,-16.362],[-2.604,-3.218],[34.765,-43.716],[4.516,-6.23],[15.199,18.346],[16.975,8.625],[-11.568,13.037],[-43.831,53.325]],"o":[[3.22,0.231],[24.521,16.285],[1.105,1.322],[-45.003,56.609],[-6.292,8.577],[-15.978,-20.477],[-11.827,-6.009],[6.351,-7.12],[35.687,-43.242]],"v":[[78.454,-207.527],[103.523,-165.185],[150.078,-147.927],[86.774,-64.982],[-2.064,45.323],[-40.095,59.07],[-91.872,16.439],[-79.269,-17.921],[5.136,-119.43]],"c":true}]},{"i":{"x":0.667,"y":1},"o":{"x":0.167,"y":0.167},"t":18,"s":[{"i":[[-2.56,0],[-24.24,-14.96],[-2.64,-3.12],[32.56,-46.48],[4.08,-6.4],[18.16,11.36],[6.72,10.88],[-10.32,13.44],[-39.84,56]],"o":[[3.12,0],[24.32,14.96],[1.12,1.28],[-41.68,59.52],[-5.68,8.8],[-17.84,-11.2],[-6.72,-10.88],[5.68,-7.36],[32.8,-45.92]],"v":[[49.48,-148.12],[74.92,-106.76],[120.84,-92.28],[61.4,-3.88],[-30.6,124.84],[-71.48,136.76],[-115.24,99.96],[-104.6,65.4],[-18.28,-54.04]],"c":true}]},{"i":{"x":0.833,"y":0.833},"o":{"x":0.333,"y":0},"t":24,"s":[{"i":[[-2.458,-0.343],[-24.027,-17.502],[-2.685,-3.328],[28.595,-38.678],[3.36,-5.105],[17.243,12.718],[6.861,10.651],[-8.509,10.581],[-33.627,46.26]],"o":[[2.996,0.418],[24.074,17.536],[1.137,1.37],[-35.914,48.578],[-4.672,6.989],[-16.962,-12.511],[-6.872,-10.668],[4.686,-5.827],[28.218,-38.63]],"v":[[14.592,-146.605],[41.187,-103.672],[86.016,-83.607],[33.588,-9.143],[-52.331,104.347],[-88.932,108.97],[-131.201,69.97],[-123.915,40.53],[-44.278,-66.824]],"c":true}]},{"i":{"x":0,"y":1},"o":{"x":0.167,"y":0.167},"t":34,"s":[{"i":[[-2.536,-0.049],[-24.457,-15.327],[-2.714,-3.154],[30.919,-45.096],[3.794,-6.122],[18.058,11.629],[6.881,10.788],[-9.596,12.812],[-37.318,54.048]],"o":[[3.091,0.061],[24.572,15.35],[1.151,1.294],[-39.353,57.417],[-5.281,8.409],[-17.723,-11.453],[-6.881,-10.788],[5.29,-7.022],[30.901,-44.563]],"v":[[37.56,-139.688],[63.98,-98.168],[110.024,-82.823],[53.559,3.195],[-37.051,133.347],[-76.576,143.705],[-120.32,106.558],[-111.102,73.186],[-26.471,-48.156]],"c":true}]},{"t":48,"s":[{"i":[[-2.56,0],[-24.24,-14.96],[-2.64,-3.12],[32.56,-46.48],[4.08,-6.4],[18.16,11.36],[6.72,10.88],[-10.32,13.44],[-39.84,56]],"o":[[3.12,0],[24.32,14.96],[1.12,1.28],[-41.68,59.52],[-5.68,8.8],[-17.84,-11.2],[-6.72,-10.88],[5.68,-7.36],[32.8,-45.92]],"v":[[49.48,-148.12],[74.92,-106.76],[120.84,-92.28],[61.4,-3.88],[-30.6,124.84],[-71.48,136.76],[-115.24,99.96],[-104.6,65.4],[-18.28,-54.04]],"c":true}]}],"ix":2},"nm":"Path 1","mn":"ADBE Vector Shape - Group","hd":false},{"ty":"fl","c":{"a":0,"k":[0.991999966491,0.816000007181,0.513999968884,1],"ix":4},"o":{"a":0,"k":100,"ix":5},"r":1,"bm":0,"nm":"Fill 1","mn":"ADBE Vector Graphic - Fill","hd":false},{"ty":"tr","p":{"a":0,"k":[176.77,833.89],"ix":2},"a":{"a":0,"k":[0,0],"ix":1},"s":{"a":0,"k":[100,100],"ix":3},"r":{"a":0,"k":0,"ix":6},"o":{"a":0,"k":100,"ix":7},"sk":{"a":0,"k":0,"ix":4},"sa":{"a":0,"k":0,"ix":5},"nm":"Transform"}],"nm":"Group 2","np":2,"cix":2,"bm":0,"ix":2,"mn":"ADBE Vector Group","hd":false},{"ty":"gr","it":[{"ind":0,"ty":"sh","ix":1,"ks":{"a":1,"k":[{"i":{"x":0.201,"y":1},"o":{"x":0.333,"y":0},"t":0,"s":[{"i":[[0,0],[42.96,-60.48],[5.2,-5.68],[-1.52,-12.4],[-30.48,-21.68],[-11.36,4.16],[-19.36,27.92],[0,0]],"o":[[0,0],[-42.96,60.48],[-5.2,5.68],[1.52,12.4],[30.48,21.68],[11.36,-4.16],[36,-51.84],[0,0]],"v":[[45.08,-208.6],[-63.8,-41.08],[-148.6,69.56],[-179.64,109.88],[-117.08,164.12],[-49.88,204.44],[12.12,115.56],[181.16,-123.56]],"c":true}]},{"i":{"x":0.833,"y":0.833},"o":{"x":1,"y":0},"t":12,"s":[{"i":[[0,0],[47.084,-57.077],[5.826,-5.464],[3.6,-12.224],[-32.302,-23.269],[-19.089,15.775],[-21.102,26.955],[0,0]],"o":[[0,0],[-47.701,57.824],[-5.835,5.472],[-9.33,31.684],[32.099,23.123],[9.835,-8.128],[38.91,-49.629],[0,0]],"v":[[76.375,-265.726],[-42.176,-108.588],[-136.648,-2.558],[-171.83,36.753],[-118.264,122.758],[-34.911,137.848],[33.092,51.499],[212.107,-172.817]],"c":true}]},{"i":{"x":0.667,"y":1},"o":{"x":0.167,"y":0.167},"t":18,"s":[{"i":[[0,0],[42.96,-60.48],[5.2,-5.68],[-1.52,-12.4],[-30.48,-21.68],[-11.36,4.16],[-19.36,27.92],[0,0]],"o":[[0,0],[-42.96,60.48],[-5.2,5.68],[1.52,12.4],[30.48,21.68],[11.36,-4.16],[36,-51.84],[0,0]],"v":[[45.08,-208.6],[-63.8,-41.08],[-148.6,69.56],[-179.64,109.88],[-117.08,164.12],[-49.88,204.44],[12.12,115.56],[181.16,-123.56]],"c":true}]},{"i":{"x":0.833,"y":0.833},"o":{"x":0.333,"y":0},"t":24,"s":[{"i":[[0,0],[36.609,-51],[4.325,-4.391],[-0.365,-11.498],[-29.058,-23.539],[-22.409,4.622],[-16.37,22.113],[0,0]],"o":[[0,0],[-35.808,49.885],[-4.316,4.382],[0.523,16.461],[29.024,23.512],[10.063,-2.076],[30.847,-41.669],[0,0]],"v":[[5.799,-203.695],[-87.823,-58.269],[-158.4,31.298],[-183.537,63.024],[-142.159,135.743],[-59.625,165.297],[-7.793,95.668],[142.399,-102.85]],"c":true}]},{"i":{"x":0,"y":1},"o":{"x":0.167,"y":0.167},"t":34,"s":[{"i":[[0,0],[40.331,-58.671],[4.86,-5.396],[-1.888,-12.093],[-30.273,-22.006],[-10.951,3.665],[-18.179,26.723],[0,0]],"o":[[0,0],[-40.066,58.285],[-4.856,5.391],[1.888,12.088],[30.322,22.042],[10.964,-3.67],[33.951,-49.828],[0,0]],"v":[[30.894,-199.559],[-71.426,-35.931],[-150.55,70.234],[-179.272,108.589],[-131.821,167.383],[-50.174,204.553],[7.869,119.775],[169.065,-112.348]],"c":true}]},{"t":48,"s":[{"i":[[0,0],[42.96,-60.48],[5.2,-5.68],[-1.52,-12.4],[-30.48,-21.68],[-11.36,4.16],[-19.36,27.92],[0,0]],"o":[[0,0],[-42.96,60.48],[-5.2,5.68],[1.52,12.4],[30.48,21.68],[11.36,-4.16],[36,-51.84],[0,0]],"v":[[45.08,-208.6],[-63.8,-41.08],[-148.6,69.56],[-179.64,109.88],[-117.08,164.12],[-49.88,204.44],[12.12,115.56],[181.16,-123.56]],"c":true}]}],"ix":2},"nm":"Path 1","mn":"ADBE Vector Shape - Group","hd":false},{"ty":"fl","c":{"a":0,"k":[0.952999997606,0.635000011968,0.352999997606,1],"ix":4},"o":{"a":0,"k":100,"ix":5},"r":1,"bm":0,"nm":"Fill 1","mn":"ADBE Vector Graphic - Fill","hd":false},{"ty":"tr","p":{"a":0,"k":[189.41,819.411],"ix":2},"a":{"a":0,"k":[0,0],"ix":1},"s":{"a":0,"k":[100,100],"ix":3},"r":{"a":0,"k":0,"ix":6},"o":{"a":0,"k":100,"ix":7},"sk":{"a":0,"k":0,"ix":4},"sa":{"a":0,"k":0,"ix":5},"nm":"Transform"}],"nm":"Group 3","np":2,"cix":2,"bm":0,"ix":3,"mn":"ADBE Vector Group","hd":false},{"ty":"gr","it":[{"ind":0,"ty":"sh","ix":1,"ks":{"a":1,"k":[{"i":{"x":0.201,"y":1},"o":{"x":0.333,"y":0},"t":0,"s":[{"i":[[0,0],[-2.08,-8.721],[-7.76,-17.6],[2.08,-18.641],[0,0],[0,0],[-31.84,9.76],[-11.84,-0.96],[-4.16,2.079],[0,0]],"o":[[0,0],[2.08,8.8],[5.52,12.56],[-2.08,18.639],[0,0],[0,0],[30.96,-9.519],[20.16,1.519],[8.72,-4.321],[0,0]],"v":[[-84.96,-142.36],[-156.8,-102.599],[-134.08,-55.56],[-120.16,-2.839],[-132.56,48.84],[-21.92,142.361],[30.16,110.84],[96.4,108.281],[150.16,110.361],[34.88,-53.96]],"c":true}]},{"i":{"x":0.833,"y":0.833},"o":{"x":1,"y":0},"t":12,"s":[{"i":[[0,0],[-1.92,-8.76],[-7.587,-17.954],[2.699,-18.158],[0,0],[0,0],[-32.463,7.533],[-11.745,-1.655],[-4.126,1.743],[0,0]],"o":[[0,0],[1.918,8.838],[5.39,12.8],[-2.703,18.184],[0,0],[0,0],[31.323,-7.297],[19.928,2.699],[8.634,-3.608],[0,0]],"v":[[-51.525,-198.138],[-127.23,-165.783],[-104.862,-117.577],[-91.88,-64.628],[-106.311,-14.631],[5.409,84.54],[59.05,56.968],[125.364,58.584],[178.347,63.862],[67.877,-102.169]],"c":true}]},{"i":{"x":0.667,"y":1},"o":{"x":0.167,"y":0.167},"t":18,"s":[{"i":[[0,0],[-2.08,-8.721],[-7.76,-17.6],[2.08,-18.641],[0,0],[0,0],[-31.84,9.76],[-11.84,-0.96],[-4.16,2.079],[0,0]],"o":[[0,0],[2.08,8.8],[5.52,12.56],[-2.08,18.639],[0,0],[0,0],[30.96,-9.519],[20.16,1.519],[8.72,-4.321],[0,0]],"v":[[-84.96,-142.36],[-156.8,-102.599],[-134.08,-55.56],[-120.16,-2.839],[-132.56,48.84],[-21.92,142.361],[30.16,110.84],[96.4,108.281],[150.16,110.361],[34.88,-53.96]],"c":true}]},{"i":{"x":0.833,"y":0.833},"o":{"x":0.333,"y":0},"t":24,"s":[{"i":[[0,0],[-2.568,-8.885],[-8.559,-18.223],[0.881,-17.731],[0,0],[0,0],[-30.233,4.721],[-11.567,-2.591],[-4.041,1.36],[0,0]],"o":[[0,0],[2.584,8.941],[6.086,12.957],[-0.876,17.638],[0,0],[0,0],[29.613,-4.625],[19.734,4.313],[8.476,-2.853],[0,0]],"v":[[-128.951,-137.932],[-196.367,-107.362],[-171.46,-58.287],[-154.883,-5.342],[-163.604,42.441],[-53.343,145.701],[-4.712,123.511],[59.464,130.475],[112.154,140.13],[-6.72,-34.686]],"c":true}]},{"i":{"x":0,"y":1},"o":{"x":0.167,"y":0.167},"t":34,"s":[{"i":[[0,0],[-2.325,-8.701],[-8.206,-17.608],[1.492,-18.452],[0,0],[0,0],[-31.481,8.929],[-11.911,-1.231],[-4.147,1.977],[0,0]],"o":[[0,0],[2.327,8.78],[5.837,12.562],[-1.491,18.431],[0,0],[0,0],[30.709,-8.739],[20.304,1.987],[8.7,-4.106],[0,0]],"v":[[-101.683,-133.254],[-171.636,-94.55],[-147.747,-47.458],[-132.391,5.095],[-143.061,56.014],[-30.857,150.958],[20.149,120.982],[86.42,119.986],[140.595,123.322],[20.461,-43.149]],"c":true}]},{"t":48,"s":[{"i":[[0,0],[-2.08,-8.721],[-7.76,-17.6],[2.08,-18.641],[0,0],[0,0],[-31.84,9.76],[-11.84,-0.96],[-4.16,2.079],[0,0]],"o":[[0,0],[2.08,8.8],[5.52,12.56],[-2.08,18.639],[0,0],[0,0],[30.96,-9.519],[20.16,1.519],[8.72,-4.321],[0,0]],"v":[[-84.96,-142.36],[-156.8,-102.599],[-134.08,-55.56],[-120.16,-2.839],[-132.56,48.84],[-21.92,142.361],[30.16,110.84],[96.4,108.281],[150.16,110.361],[34.88,-53.96]],"c":true}]}],"ix":2},"nm":"Path 1","mn":"ADBE Vector Shape - Group","hd":false},{"ty":"fl","c":{"a":0,"k":[0.991999966491,0.816000007181,0.513999968884,1],"ix":4},"o":{"a":0,"k":100,"ix":5},"r":1,"bm":0,"nm":"Fill 1","mn":"ADBE Vector Graphic - Fill","hd":false},{"ty":"tr","p":{"a":0,"k":[309.29,664.851],"ix":2},"a":{"a":0,"k":[0,0],"ix":1},"s":{"a":0,"k":[100,100],"ix":3},"r":{"a":0,"k":0,"ix":6},"o":{"a":0,"k":100,"ix":7},"sk":{"a":0,"k":0,"ix":4},"sa":{"a":0,"k":0,"ix":5},"nm":"Transform"}],"nm":"Group 4","np":2,"cix":2,"bm":0,"ix":4,"mn":"ADBE Vector Group","hd":false}],"ip":0,"op":94,"st":0,"bm":0},{"ddd":0,"ind":5,"ty":4,"nm":"racket shadow","parent":4,"sr":1,"ks":{"o":{"a":0,"k":100,"ix":11},"r":{"a":0,"k":0,"ix":10},"p":{"a":0,"k":[522.392,397.205,0],"ix":2,"l":2},"a":{"a":0,"k":[362.543,371.975,0],"ix":1,"l":2},"s":{"a":0,"k":[100,100,100],"ix":6,"l":2}},"ao":0,"shapes":[{"ty":"gr","it":[{"ind":0,"ty":"sh","ix":1,"ks":{"a":1,"k":[{"i":{"x":0.833,"y":0.833},"o":{"x":1,"y":0},"t":12,"s":[{"i":[[0,0],[0,0],[0,0],[0,0],[-52.88,23.072],[-56.248,97.247],[180.183,139.344],[54.82,-52.69],[7.068,-85.688]],"o":[[0,0],[0,0],[0,0],[0,0],[52.168,-22.76],[57.107,-98.782],[-187.37,-144.901],[-55.649,53.487],[-6.509,77.721]],"v":[[-351.331,120.664],[-341.403,103.079],[-51.192,331.523],[-61.118,349.029],[71.372,340.381],[237.871,185.492],[167.813,-235.096],[-254.875,-201.314],[-370.082,3.878]],"c":true}]},{"i":{"x":0.833,"y":0.833},"o":{"x":0.167,"y":0.167},"t":18,"s":[{"i":[[0,0],[0,0],[0,0],[-3.559,-0.535],[-49.504,21.108],[-57.685,97.483],[185.07,144.475],[54.595,-53.813],[6.311,-86.293]],"o":[[0,0],[0,0],[0,0],[3.559,0.535],[52.628,-21.964],[59.114,-99.833],[-191.435,-149.403],[-55.133,54.296],[-5.817,77.967]],"v":[[-364.382,122.515],[-335.581,129.439],[-63.1,346.241],[-66.777,357.668],[59.82,349.871],[211.026,184.276],[159.357,-235.089],[-252.701,-190.243],[-369.773,10.99]],"c":true}]},{"i":{"x":0.667,"y":1},"o":{"x":0.167,"y":0.167},"t":20,"s":[{"i":[[0,0],[0,0],[0,0],[-13.606,-2.045],[-39.972,15.564],[-61.741,98.15],[198.868,158.964],[53.961,-56.983],[4.175,-88]],"o":[[0,0],[0,0],[0,0],[13.606,2.045],[53.927,-19.716],[64.783,-102.798],[-202.912,-162.114],[-53.678,56.579],[-3.862,78.66]],"v":[[-374.945,124.528],[-297.009,184.043],[-80.403,362.993],[-62.283,373.865],[47.673,368.469],[214.281,211.699],[173.622,-257.007],[-278.162,-199.723],[-387.483,9.859]],"c":true}]},{"i":{"x":0,"y":1},"o":{"x":0.333,"y":0},"t":24,"s":[{"i":[[0,0],[0,0],[0,0],[-26.875,-4.039],[-27.384,8.243],[-67.098,99.031],[217.089,178.097],[53.123,-61.17],[1.353,-90.254]],"o":[[0,0],[0,0],[0,0],[26.875,4.039],[55.643,-16.748],[72.268,-106.715],[-218.068,-178.9],[-51.756,59.595],[-1.281,79.576]],"v":[[-388.894,127.186],[-246.073,256.15],[-103.252,385.115],[-56.348,395.254],[31.632,393.029],[218.578,247.912],[151.459,-254.063],[-311.785,-212.242],[-410.87,8.364]],"c":true}]},{"t":50,"s":[{"i":[[0,0],[0,0],[0,0],[-26.139,1.329],[-27.463,13.262],[-59.521,110.506],[192.987,131.244],[51.098,-63.445],[1.393,-88.167]],"o":[[0,0],[0,0],[0,0],[26.139,-1.329],[55.266,-26.687],[62.2,-115.539],[-199.673,-135.791],[-50.708,62.961],[-1.343,79.253]],"v":[[-365.363,166.406],[-220.05,272.361],[-74.736,378.315],[-29.325,378.973],[57.282,359.738],[237.528,165.828],[146.451,-263.684],[-292.013,-159.918],[-386.951,65.275]],"c":true}]}],"ix":2},"nm":"Path 1","mn":"ADBE Vector Shape - Group","hd":false},{"ty":"fl","c":{"a":0,"k":[0.760999971278,0.234999997008,0.118000000598,1],"ix":4},"o":{"a":0,"k":100,"ix":5},"r":1,"bm":0,"nm":"Fill 1","mn":"ADBE Vector Graphic - Fill","hd":false},{"ty":"tr","p":{"a":0,"k":[364.544,371.975],"ix":2},"a":{"a":0,"k":[0,0],"ix":1},"s":{"a":0,"k":[100,100],"ix":3},"r":{"a":0,"k":0,"ix":6},"o":{"a":0,"k":100,"ix":7},"sk":{"a":0,"k":0,"ix":4},"sa":{"a":0,"k":0,"ix":5},"nm":"Transform"}],"nm":"Group 1","np":2,"cix":2,"bm":0,"ix":1,"mn":"ADBE Vector Group","hd":false}],"ip":4,"op":60,"st":-2,"bm":0},{"ddd":0,"ind":6,"ty":4,"nm":"racket detail","parent":4,"sr":1,"ks":{"o":{"a":0,"k":100,"ix":11},"r":{"a":0,"k":0,"ix":10},"p":{"a":1,"k":[{"i":{"x":0.187,"y":1},"o":{"x":0.167,"y":0.167},"t":4,"s":[335.447,615.81,0],"to":[-1.022,-0.275,0],"ti":[1.022,0.275,0]},{"t":12,"s":[329.317,614.163,0]}],"ix":2,"l":2},"a":{"a":0,"k":[158.316,153.062,0],"ix":1,"l":2},"s":{"a":0,"k":[100,100,100],"ix":6,"l":2}},"ao":0,"shapes":[{"ty":"gr","it":[{"ind":0,"ty":"sh","ix":1,"ks":{"a":0,"k":{"i":[[0,0],[-1.92,-8.76],[-7.586,-17.955],[2.698,-18.159],[0,0],[0,0],[-32.463,7.533],[-11.745,-1.655],[-4.126,1.743],[0,0]],"o":[[0,0],[1.918,8.838],[5.391,12.8],[-2.703,18.182],[0,0],[0,0],[31.323,-7.297],[19.928,2.699],[8.634,-3.609],[0,0]],"v":[[-104.324,-152.812],[-156.145,-97.512],[-133.778,-49.306],[-120.795,3.644],[-135.226,53.641],[-23.506,152.812],[30.135,125.239],[96.449,126.855],[149.431,132.133],[38.962,-33.897]],"c":true},"ix":2},"nm":"Path 1","mn":"ADBE Vector Shape - Group","hd":false},{"ty":"fl","c":{"a":0,"k":[0.952999997606,0.635000011968,0.352999997606,1],"ix":4},"o":{"a":0,"k":100,"ix":5},"r":1,"bm":0,"nm":"Fill 1","mn":"ADBE Vector Graphic - Fill","hd":false},{"ty":"tr","p":{"a":0,"k":[158.315,153.062],"ix":2},"a":{"a":0,"k":[0,0],"ix":1},"s":{"a":0,"k":[100,100],"ix":3},"r":{"a":0,"k":0,"ix":6},"o":{"a":0,"k":100,"ix":7},"sk":{"a":0,"k":0,"ix":4},"sa":{"a":0,"k":0,"ix":5},"nm":"Transform"}],"nm":"Group 1","np":2,"cix":2,"bm":0,"ix":1,"mn":"ADBE Vector Group","hd":false}],"ip":4,"op":94,"st":-2,"bm":0}],"markers":[{"tm":18,"cm":"rest","dr":0}]}