{"v":"5.8.1","fr":60,"ip":0,"op":120,"w":1024,"h":1024,"nm":"emoji_smirking","ddd":0,"assets":[],"layers":[{"ddd":0,"ind":1,"ty":3,"nm":"Null ALL","sr":1,"ks":{"o":{"a":0,"k":0,"ix":11},"r":{"a":0,"k":0,"ix":10},"p":{"s":true,"x":{"a":0,"k":512,"ix":3},"y":{"a":1,"k":[{"i":{"x":[0.667],"y":[1]},"o":{"x":[0.297],"y":[0]},"t":25,"s":[512]},{"i":{"x":[0],"y":[1]},"o":{"x":[0.333],"y":[0]},"t":30,"s":[517.807]},{"i":{"x":[0.667],"y":[1]},"o":{"x":[1],"y":[0]},"t":40,"s":[502]},{"i":{"x":[0],"y":[1]},"o":{"x":[0.333],"y":[0]},"t":62.5,"s":[518]},{"t":100,"s":[512]}],"ix":4}},"a":{"a":0,"k":[0,0,0],"ix":1,"l":2},"s":{"a":0,"k":[100,100,100],"ix":6,"l":2}},"ao":0,"ip":0,"op":123,"st":0,"bm":0},{"ddd":0,"ind":2,"ty":3,"nm":"Null Face","parent":1,"sr":1,"ks":{"o":{"a":0,"k":0,"ix":11},"r":{"a":0,"k":0,"ix":10},"p":{"s":true,"x":{"a":1,"k":[{"i":{"x":[0],"y":[1]},"o":{"x":[0.402],"y":[0]},"t":10,"s":[0]},{"i":{"x":[0.621],"y":[1]},"o":{"x":[0.333],"y":[0]},"t":25,"s":[-18]},{"i":{"x":[0.667],"y":[1]},"o":{"x":[0.333],"y":[0]},"t":30,"s":[-18]},{"t":62.5,"s":[0]}],"ix":3},"y":{"a":1,"k":[{"i":{"x":[0.667],"y":[1]},"o":{"x":[0.297],"y":[0]},"t":25,"s":[0]},{"i":{"x":[0.515],"y":[1]},"o":{"x":[0.333],"y":[0]},"t":30,"s":[0]},{"i":{"x":[0.667],"y":[1]},"o":{"x":[1],"y":[0]},"t":40,"s":[-40]},{"i":{"x":[0],"y":[1]},"o":{"x":[0.333],"y":[0]},"t":62.5,"s":[8]},{"t":100,"s":[0]}],"ix":4}},"a":{"a":0,"k":[0,0,0],"ix":1,"l":2},"s":{"a":0,"k":[100,100,100],"ix":6,"l":2}},"ao":0,"ip":0,"op":124,"st":0,"bm":0},{"ddd":0,"ind":3,"ty":4,"nm":"eyebrows","parent":2,"sr":1,"ks":{"o":{"a":0,"k":100,"ix":11},"r":{"a":0,"k":0,"ix":10},"p":{"s":true,"x":{"a":0,"k":0,"ix":3},"y":{"a":1,"k":[{"i":{"x":[0.667],"y":[1]},"o":{"x":[0.333],"y":[0]},"t":30,"s":[-145.372]},{"i":{"x":[0.667],"y":[1]},"o":{"x":[0.333],"y":[0]},"t":40,"s":[-153.372]},{"t":62.5,"s":[-145.372]}],"ix":4}},"a":{"a":0,"k":[0.025,-3.372,0],"ix":1,"l":2},"s":{"a":0,"k":[100,100,100],"ix":6,"l":2}},"ao":0,"shapes":[{"ty":"gr","it":[{"ind":0,"ty":"sh","ix":1,"ks":{"a":0,"k":{"i":[[0,0],[0.16,8.08],[-8.08,0.16],[-15.2,-3.52],[-24.64,-34.32],[12.96,12.4],[47.28,4.24]],"o":[[-8.08,0.16],[-0.16,-8.08],[15.52,-1.68],[41.44,8.4],[11.04,16.64],[-33.84,-33.28],[0,0]],"v":[[199.24,-19.72],[184.36,-34.12],[198.76,-49],[245.24,-46.2],[348.12,20.28],[324.6,38.28],[199.24,-19.72]],"c":true},"ix":2},"nm":"Path 1","mn":"ADBE Vector Shape - Group","hd":false},{"ind":1,"ty":"sh","ix":2,"ks":{"a":0,"k":{"i":[[0,0],[-0.16,8.08],[8.08,0.16],[15.2,-3.52],[24.64,-34.32],[-12.96,12.4],[-47.28,4.24]],"o":[[8.08,0.16],[0.16,-8.08],[-15.52,-1.68],[-41.44,8.4],[-11.12,16.64],[33.84,-33.28],[0,0]],"v":[[-199.16,-19.72],[-184.28,-34.12],[-198.68,-49],[-245.16,-46.2],[-348.04,20.28],[-324.52,38.28],[-199.16,-19.72]],"c":true},"ix":2},"nm":"Path 2","mn":"ADBE Vector Shape - Group","hd":false},{"ty":"fl","c":{"a":0,"k":[0.258823529412,0.16862745098,0.050980392157,1],"ix":4},"o":{"a":0,"k":100,"ix":5},"r":1,"bm":0,"nm":"Fill 1","mn":"ADBE Vector Graphic - Fill","hd":false},{"ty":"tr","p":{"a":0,"k":[0,0],"ix":2},"a":{"a":0,"k":[0,0],"ix":1},"s":{"a":0,"k":[100,100],"ix":3},"r":{"a":0,"k":0,"ix":6},"o":{"a":0,"k":100,"ix":7},"sk":{"a":0,"k":0,"ix":4},"sa":{"a":0,"k":0,"ix":5},"nm":"Transform"}],"nm":"Shape 1","np":4,"cix":2,"bm":0,"ix":1,"mn":"ADBE Vector Group","hd":false}],"ip":0,"op":124,"st":0,"bm":0},{"ddd":0,"ind":4,"ty":4,"nm":"eyes moving","parent":5,"sr":1,"ks":{"o":{"a":1,"k":[{"t":15,"s":[100],"h":1},{"t":40,"s":[0],"h":1}],"ix":11},"r":{"a":0,"k":0,"ix":10},"p":{"s":true,"x":{"a":0,"k":-3.349,"ix":3},"y":{"a":0,"k":3.376,"ix":4}},"a":{"a":0,"k":[0.058,11.376,0],"ix":1,"l":2},"s":{"a":0,"k":[100,100,100],"ix":6,"l":2}},"ao":0,"shapes":[{"ty":"gr","it":[{"ty":"gr","it":[{"ind":0,"ty":"sh","ix":1,"ks":{"a":1,"k":[{"i":{"x":0,"y":1},"o":{"x":0.167,"y":0.167},"t":15,"s":[{"i":[[-7.04,6.8],[0,0],[-5.44,-11.44],[7.04,-6.8],[0,0],[5.44,11.44]],"o":[[0,0],[11.44,-5.36],[4.16,8.88],[0,0],[-11.44,5.36],[-4.16,-8.8]],"v":[[187.44,-15.864],[187.44,-15.864],[217.92,-4.904],[213.12,21.256],[213.12,21.256],[182.64,10.296]],"c":true}]},{"i":{"x":0.833,"y":0.833},"o":{"x":0.333,"y":0},"t":27.5,"s":[{"i":[[-7.04,6.8],[0,0],[-5.44,-11.44],[7.04,-6.8],[0,0],[5.44,11.44]],"o":[[0,0],[11.44,-5.36],[4.16,8.88],[0,0],[-11.44,5.36],[-4.16,-8.8]],"v":[[148.44,-22.864],[148.44,-22.864],[178.92,-11.904],[174.12,14.256],[174.12,14.256],[143.64,3.296]],"c":true}]},{"t":40,"s":[{"i":[[-7.04,6.8],[0,0],[-5.44,-11.44],[7.04,-6.8],[0,0],[5.44,11.44]],"o":[[0,0],[11.44,-5.36],[4.16,8.88],[0,0],[-11.44,5.36],[-4.16,-8.8]],"v":[[187.44,-15.864],[187.44,-15.864],[217.92,-4.904],[213.12,21.256],[213.12,21.256],[182.64,10.296]],"c":true}]}],"ix":2},"nm":"Path 1","mn":"ADBE Vector Shape - Group","hd":false},{"ty":"fl","c":{"a":0,"k":[0.536999990426,0.375999989229,0.141000007181,1],"ix":4},"o":{"a":0,"k":100,"ix":5},"r":1,"bm":0,"nm":"Fill 1","mn":"ADBE Vector Graphic - Fill","hd":false},{"ty":"tr","p":{"a":0,"k":[44.65,6.55],"ix":2},"a":{"a":0,"k":[0,0],"ix":1},"s":{"a":0,"k":[100,100],"ix":3},"r":{"a":0,"k":0,"ix":6},"o":{"a":0,"k":100,"ix":7},"sk":{"a":0,"k":0,"ix":4},"sa":{"a":0,"k":0,"ix":5},"nm":"Transform"}],"nm":"Group 1","np":2,"cix":2,"bm":0,"ix":1,"mn":"ADBE Vector Group","hd":false},{"ty":"gr","it":[{"ind":0,"ty":"sh","ix":1,"ks":{"a":1,"k":[{"i":{"x":0,"y":1},"o":{"x":0.167,"y":0.167},"t":15,"s":[{"i":[[8.96,3.04],[47.36,-16.24],[-3.04,-8.56],[-8.56,3.04],[0,0],[-42.572,-9.162],[1.247,9.106]],"o":[[-48.4,-12.64],[-8.56,3.04],[3.04,8.56],[0,0],[18.969,-3.682],[14.529,3.127],[-1.247,-9.106]],"v":[[211.671,-43.563],[65.791,-39.043],[55.711,-20.083],[76.671,-9.003],[76.671,-9.003],[215.646,-6.223],[229.551,-25.803]],"c":true}]},{"i":{"x":0.833,"y":0.833},"o":{"x":0.333,"y":0},"t":27.5,"s":[{"i":[[8.96,3.04],[47.36,-16.24],[-3.04,-8.56],[-8.56,3.04],[0,0],[-42.572,-9.162],[1.247,9.106]],"o":[[-48.4,-12.64],[-8.56,3.04],[3.04,8.56],[0,0],[18.969,-3.682],[14.529,3.127],[-1.247,-9.106]],"v":[[212.671,-46.563],[65.791,-41.043],[55.711,-20.083],[76.671,-10.003],[76.671,-10.003],[215.646,-7.223],[233.551,-26.803]],"c":true}]},{"t":40,"s":[{"i":[[8.96,3.04],[47.36,-16.24],[-3.04,-8.56],[-8.56,3.04],[0,0],[-42.572,-9.162],[1.247,9.106]],"o":[[-48.4,-12.64],[-8.56,3.04],[3.04,8.56],[0,0],[18.969,-3.682],[14.529,3.127],[-1.247,-9.106]],"v":[[211.671,-43.563],[65.791,-39.043],[55.711,-20.083],[76.671,-9.003],[76.671,-9.003],[215.646,-6.223],[229.551,-25.803]],"c":true}]}],"ix":2},"nm":"Path 1","mn":"ADBE Vector Shape - Group","hd":false},{"ty":"fl","c":{"a":0,"k":[0.258999992819,0.169000004787,0.051000000449,1],"ix":4},"o":{"a":0,"k":100,"ix":5},"r":1,"bm":0,"nm":"Fill 1","mn":"ADBE Vector Graphic - Fill","hd":false},{"ty":"tr","p":{"a":0,"k":[46.65,9.65],"ix":2},"a":{"a":0,"k":[0,0],"ix":1},"s":{"a":0,"k":[100,100],"ix":3},"r":{"a":0,"k":0,"ix":6},"o":{"a":0,"k":100,"ix":7},"sk":{"a":0,"k":0,"ix":4},"sa":{"a":0,"k":0,"ix":5},"nm":"Transform"}],"nm":"Group 6","np":2,"cix":2,"bm":0,"ix":2,"mn":"ADBE Vector Group","hd":false},{"ty":"gr","it":[{"ind":0,"ty":"sh","ix":1,"ks":{"a":1,"k":[{"i":{"x":0,"y":1},"o":{"x":0.167,"y":0.167},"t":15,"s":[{"i":[[0,-30.082],[30.082,0],[0,30.082],[-30.082,0]],"o":[[0,30.082],[-30.082,0],[0,-30.082],[30.082,0]],"v":[[238.109,3.796],[187.641,54.264],[133.173,3.796],[187.641,-50.672]],"c":true}]},{"i":{"x":0.833,"y":0.833},"o":{"x":0.333,"y":0},"t":27.5,"s":[{"i":[[0,-30.082],[30.082,0],[0,30.082],[-30.082,0]],"o":[[0,30.082],[-30.082,0],[0,-30.082],[30.082,0]],"v":[[194.109,3.796],[139.641,58.264],[85.173,3.796],[139.641,-50.672]],"c":true}]},{"t":40,"s":[{"i":[[0,-30.082],[30.082,0],[0,30.082],[-30.082,0]],"o":[[0,30.082],[-30.082,0],[0,-30.082],[30.082,0]],"v":[[238.109,3.796],[187.641,54.264],[133.173,3.796],[187.641,-50.672]],"c":true}]}],"ix":2},"nm":"Path 1","mn":"ADBE Vector Shape - Group","hd":false},{"ty":"fl","c":{"a":0,"k":[0.258999992819,0.169000004787,0.051000000449,1],"ix":4},"o":{"a":0,"k":100,"ix":5},"r":1,"bm":0,"nm":"Fill 1","mn":"ADBE Vector Graphic - Fill","hd":false},{"ty":"tr","p":{"a":0,"k":[46.65,9.65],"ix":2},"a":{"a":0,"k":[0,0],"ix":1},"s":{"a":0,"k":[100,100],"ix":3},"r":{"a":0,"k":0,"ix":6},"o":{"a":0,"k":100,"ix":7},"sk":{"a":0,"k":0,"ix":4},"sa":{"a":0,"k":0,"ix":5},"nm":"Transform"}],"nm":"Group 2","np":2,"cix":2,"bm":0,"ix":3,"mn":"ADBE Vector Group","hd":false},{"ty":"tr","p":{"a":0,"k":[190.907,11.376],"ix":2},"a":{"a":0,"k":[190.907,11.376],"ix":1},"s":{"a":0,"k":[100,100],"ix":3},"r":{"a":0,"k":0,"ix":6},"o":{"a":0,"k":100,"ix":7},"sk":{"a":0,"k":0,"ix":4},"sa":{"a":0,"k":0,"ix":5},"nm":"Transform"}],"nm":"Group 6","np":3,"cix":2,"bm":0,"ix":1,"mn":"ADBE Vector Group","hd":false},{"ty":"gr","it":[{"ty":"gr","it":[{"ind":0,"ty":"sh","ix":1,"ks":{"a":1,"k":[{"i":{"x":0,"y":1},"o":{"x":0.167,"y":0.167},"t":15,"s":[{"i":[[-7.12,6.88],[0,0],[-5.52,-11.36],[7.12,-6.88],[0,0],[5.52,11.36]],"o":[[0,0],[11.36,-5.44],[4.24,8.88],[0,0],[-11.36,5.44],[-4.24,-8.88]],"v":[[-157.394,-15.864],[-157.394,-15.864],[-126.834,-5.144],[-131.634,21.256],[-131.634,21.256],[-162.194,10.536]],"c":true}]},{"i":{"x":0.833,"y":0.833},"o":{"x":0.333,"y":0},"t":27.5,"s":[{"i":[[-7.12,6.88],[0,0],[-5.52,-11.36],[7.12,-6.88],[0,0],[5.52,11.36]],"o":[[0,0],[11.36,-5.44],[4.24,8.88],[0,0],[-11.36,5.44],[-4.24,-8.88]],"v":[[-196.394,-22.864],[-196.394,-22.864],[-165.834,-12.144],[-170.634,14.256],[-170.634,14.256],[-201.194,3.536]],"c":true}]},{"t":40,"s":[{"i":[[-7.12,6.88],[0,0],[-5.52,-11.36],[7.12,-6.88],[0,0],[5.52,11.36]],"o":[[0,0],[11.36,-5.44],[4.24,8.88],[0,0],[-11.36,5.44],[-4.24,-8.88]],"v":[[-157.394,-15.864],[-157.394,-15.864],[-126.834,-5.144],[-131.634,21.256],[-131.634,21.256],[-162.194,10.536]],"c":true}]}],"ix":2},"nm":"Path 1","mn":"ADBE Vector Shape - Group","hd":false},{"ty":"fl","c":{"a":0,"k":[0.536999990426,0.375999989229,0.141000007181,1],"ix":4},"o":{"a":0,"k":100,"ix":5},"r":1,"bm":0,"nm":"Fill 1","mn":"ADBE Vector Graphic - Fill","hd":false},{"ty":"tr","p":{"a":0,"k":[6.3,6.55],"ix":2},"a":{"a":0,"k":[0,0],"ix":1},"s":{"a":0,"k":[100,100],"ix":3},"r":{"a":0,"k":0,"ix":6},"o":{"a":0,"k":100,"ix":7},"sk":{"a":0,"k":0,"ix":4},"sa":{"a":0,"k":0,"ix":5},"nm":"Transform"}],"nm":"Group 3","np":2,"cix":2,"bm":0,"ix":1,"mn":"ADBE Vector Group","hd":false},{"ty":"gr","it":[{"ind":0,"ty":"sh","ix":1,"ks":{"a":1,"k":[{"i":{"x":0,"y":1},"o":{"x":0.167,"y":0.167},"t":15,"s":[{"i":[[1.97,-10.894],[-14.529,3.127],[-18.969,-3.682],[0,0],[-3.04,8.56],[8.56,3.04],[48.4,-12.64]],"o":[[-1.969,10.894],[42.572,-9.162],[0,0],[8.56,3.04],[3.04,-8.56],[-47.36,-16.24],[-8.96,3.04]],"v":[[-288.135,-26.803],[-270.23,-6.223],[-131.255,-9.003],[-131.255,-10.003],[-113.295,-20.083],[-129.375,-42.043],[-267.255,-43.563]],"c":true}]},{"i":{"x":0.833,"y":0.833},"o":{"x":0.333,"y":0},"t":27.5,"s":[{"i":[[1.97,-10.894],[-14.529,3.127],[-18.969,-3.682],[0,0],[-3.04,8.56],[8.56,3.04],[48.4,-12.64]],"o":[[-1.969,10.894],[42.572,-9.162],[0,0],[8.56,3.04],[3.04,-8.56],[-47.36,-16.24],[-8.96,3.04]],"v":[[-288.135,-26.803],[-270.23,-7.223],[-131.255,-10.003],[-131.255,-10.003],[-110.295,-20.083],[-120.375,-41.043],[-267.255,-46.563]],"c":true}]},{"t":40,"s":[{"i":[[1.97,-10.894],[-14.529,3.127],[-18.969,-3.682],[0,0],[-3.04,8.56],[8.56,3.04],[48.4,-12.64]],"o":[[-1.969,10.894],[42.572,-9.162],[0,0],[8.56,3.04],[3.04,-8.56],[-47.36,-16.24],[-8.96,3.04]],"v":[[-288.135,-26.803],[-270.23,-6.223],[-131.255,-9.003],[-131.255,-10.003],[-113.295,-20.083],[-129.375,-42.043],[-267.255,-43.563]],"c":true}]}],"ix":2},"nm":"Path 1","mn":"ADBE Vector Shape - Group","hd":false},{"ty":"fl","c":{"a":0,"k":[0.258999992819,0.169000004787,0.051000000449,1],"ix":4},"o":{"a":0,"k":100,"ix":5},"r":1,"bm":0,"nm":"Fill 1","mn":"ADBE Vector Graphic - Fill","hd":false},{"ty":"tr","p":{"a":0,"k":[8.25,9.65],"ix":2},"a":{"a":0,"k":[0,0],"ix":1},"s":{"a":0,"k":[100,100],"ix":3},"r":{"a":0,"k":0,"ix":6},"o":{"a":0,"k":100,"ix":7},"sk":{"a":0,"k":0,"ix":4},"sa":{"a":0,"k":0,"ix":5},"nm":"Transform"}],"nm":"Group 5","np":2,"cix":2,"bm":0,"ix":2,"mn":"ADBE Vector Group","hd":false},{"ty":"gr","it":[{"ind":0,"ty":"sh","ix":1,"ks":{"a":1,"k":[{"i":{"x":0,"y":1},"o":{"x":0.167,"y":0.167},"t":15,"s":[{"i":[[0,-30.082],[-30.082,0],[0,30.082],[30.082,0]],"o":[[0,30.082],[30.082,0],[0,-30.082],[-30.082,0]],"v":[[-213.009,3.796],[-158.541,54.264],[-108.073,3.796],[-158.541,-50.672]],"c":true}]},{"i":{"x":0.833,"y":0.833},"o":{"x":0.333,"y":0},"t":27.5,"s":[{"i":[[0,-30.082],[-30.082,0],[0,30.082],[30.082,0]],"o":[[0,30.082],[30.082,0],[0,-30.082],[-30.082,0]],"v":[[-261.009,3.796],[-206.541,58.264],[-152.073,3.796],[-206.541,-50.672]],"c":true}]},{"t":40,"s":[{"i":[[0,-30.082],[-30.082,0],[0,30.082],[30.082,0]],"o":[[0,30.082],[30.082,0],[0,-30.082],[-30.082,0]],"v":[[-213.009,3.796],[-158.541,54.264],[-108.073,3.796],[-158.541,-50.672]],"c":true}]}],"ix":2},"nm":"Path 1","mn":"ADBE Vector Shape - Group","hd":false},{"ty":"fl","c":{"a":0,"k":[0.258999992819,0.169000004787,0.051000000449,1],"ix":4},"o":{"a":0,"k":100,"ix":5},"r":1,"bm":0,"nm":"Fill 1","mn":"ADBE Vector Graphic - Fill","hd":false},{"ty":"tr","p":{"a":0,"k":[8.25,9.65],"ix":2},"a":{"a":0,"k":[0,0],"ix":1},"s":{"a":0,"k":[100,100],"ix":3},"r":{"a":0,"k":0,"ix":6},"o":{"a":0,"k":100,"ix":7},"sk":{"a":0,"k":0,"ix":4},"sa":{"a":0,"k":0,"ix":5},"nm":"Transform"}],"nm":"Group 4","np":2,"cix":2,"bm":0,"ix":3,"mn":"ADBE Vector Group","hd":false},{"ty":"tr","p":{"a":0,"k":[-190.69,11.376],"ix":2},"a":{"a":0,"k":[-190.69,11.376],"ix":1},"s":{"a":0,"k":[100,100],"ix":3},"r":{"a":0,"k":0,"ix":6},"o":{"a":0,"k":100,"ix":7},"sk":{"a":0,"k":0,"ix":4},"sa":{"a":0,"k":0,"ix":5},"nm":"Transform"}],"nm":"Group 7","np":3,"cix":2,"bm":0,"ix":2,"mn":"ADBE Vector Group","hd":false}],"ip":15,"op":42.5,"st":15,"bm":0},{"ddd":0,"ind":5,"ty":4,"nm":"eyes","parent":2,"sr":1,"ks":{"o":{"a":1,"k":[{"t":0,"s":[100],"h":1},{"t":15,"s":[0],"h":1},{"t":40,"s":[100],"h":1}],"ix":11},"r":{"a":0,"k":0,"ix":10},"p":{"s":true,"x":{"a":0,"k":30.799,"ix":3},"y":{"a":0,"k":-2.601,"ix":4}},"a":{"a":0,"k":[27.45,9.65,0],"ix":1,"l":2},"s":{"a":0,"k":[100,100,100],"ix":6,"l":2}},"ao":0,"shapes":[{"ty":"gr","it":[{"ind":0,"ty":"sh","ix":1,"ks":{"a":1,"k":[{"i":{"x":0.833,"y":0.833},"o":{"x":0.167,"y":0},"t":0,"s":[{"i":[[-7.04,6.8],[0,0],[-5.44,-11.44],[7.04,-6.8],[0,0],[5.44,11.44]],"o":[[0,0],[11.44,-5.36],[4.16,8.88],[0,0],[-11.44,5.36],[-4.16,-8.8]],"v":[[186.75,-22.95],[186.75,-22.95],[217.23,-11.99],[212.43,14.17],[212.43,14.17],[181.95,3.21]],"c":true}]},{"i":{"x":0.667,"y":1},"o":{"x":0.167,"y":0.167},"t":40,"s":[{"i":[[-7.04,6.8],[0,0],[-5.44,-11.44],[7.04,-6.8],[0,0],[5.44,11.44]],"o":[[0,0],[11.44,-5.36],[4.16,8.88],[0,0],[-11.44,5.36],[-4.16,-8.8]],"v":[[182.75,-22.95],[182.75,-22.95],[213.23,-11.99],[208.43,14.17],[208.43,14.17],[177.95,3.21]],"c":true}]},{"t":45,"s":[{"i":[[-7.04,6.8],[0,0],[-5.44,-11.44],[7.04,-6.8],[0,0],[5.44,11.44]],"o":[[0,0],[11.44,-5.36],[4.16,8.88],[0,0],[-11.44,5.36],[-4.16,-8.8]],"v":[[186.75,-22.95],[186.75,-22.95],[217.23,-11.99],[212.43,14.17],[212.43,14.17],[181.95,3.21]],"c":true}]}],"ix":2},"nm":"Path 1","mn":"ADBE Vector Shape - Group","hd":false},{"ty":"fl","c":{"a":0,"k":[0.536999990426,0.375999989229,0.141000007181,1],"ix":4},"o":{"a":0,"k":100,"ix":5},"r":1,"bm":0,"nm":"Fill 1","mn":"ADBE Vector Graphic - Fill","hd":false},{"ty":"tr","p":{"a":0,"k":[44.65,6.55],"ix":2},"a":{"a":0,"k":[0,0],"ix":1},"s":{"a":0,"k":[100,100],"ix":3},"r":{"a":0,"k":0,"ix":6},"o":{"a":0,"k":100,"ix":7},"sk":{"a":0,"k":0,"ix":4},"sa":{"a":0,"k":0,"ix":5},"nm":"Transform"}],"nm":"Group 1","np":2,"cix":2,"bm":0,"ix":1,"mn":"ADBE Vector Group","hd":false},{"ty":"gr","it":[{"ind":0,"ty":"sh","ix":1,"ks":{"a":1,"k":[{"i":{"x":0.833,"y":0.833},"o":{"x":0.167,"y":0},"t":0,"s":[{"i":[[8.96,3.04],[47.36,-16.24],[-3.04,-8.56],[-8.56,3.04],[0,0],[-19.2,-1.52],[0,0],[-27.92,0],[-9.92,10.4],[11.6,21.12]],"o":[[-48.4,-12.64],[-8.56,3.04],[3.04,8.56],[0,0],[18.96,-3.68],[0,0.48],[0,39.12],[14.4,-0.16],[16.4,-17.68],[-4.4,-8.32]],"v":[[208.27,-53.01],[61.39,-47.49],[51.31,-26.53],[72.27,-16.45],[72.27,-16.45],[129.79,-19.65],[129.79,-16.53],[183.15,46.27],[221.15,29.79],[229.15,-35.25]],"c":true}]},{"i":{"x":0.667,"y":1},"o":{"x":0.167,"y":0.167},"t":40,"s":[{"i":[[8.96,3.04],[47.36,-16.24],[-3.04,-8.56],[-8.56,3.04],[0,0],[-19.2,-1.52],[0,0],[-27.92,0],[-9.92,10.4],[11.6,21.12]],"o":[[-48.4,-12.64],[-8.56,3.04],[3.04,8.56],[0,0],[18.96,-3.68],[0,0.48],[0,39.12],[14.4,-0.16],[16.4,-17.68],[-4.4,-8.32]],"v":[[206.27,-53.01],[61.39,-47.49],[51.31,-26.53],[72.27,-16.45],[72.27,-16.45],[125.79,-19.65],[125.79,-16.53],[179.15,46.27],[217.15,29.79],[227.15,-35.25]],"c":true}]},{"t":45,"s":[{"i":[[8.96,3.04],[47.36,-16.24],[-3.04,-8.56],[-8.56,3.04],[0,0],[-19.2,-1.52],[0,0],[-27.92,0],[-9.92,10.4],[11.6,21.12]],"o":[[-48.4,-12.64],[-8.56,3.04],[3.04,8.56],[0,0],[18.96,-3.68],[0,0.48],[0,39.12],[14.4,-0.16],[16.4,-17.68],[-4.4,-8.32]],"v":[[208.27,-53.01],[61.39,-47.49],[51.31,-26.53],[72.27,-16.45],[72.27,-16.45],[129.79,-19.65],[129.79,-16.53],[183.15,46.27],[221.15,29.79],[229.15,-35.25]],"c":true}]}],"ix":2},"nm":"Path 1","mn":"ADBE Vector Shape - Group","hd":false},{"ty":"fl","c":{"a":0,"k":[0.258999992819,0.169000004787,0.051000000449,1],"ix":4},"o":{"a":0,"k":100,"ix":5},"r":1,"bm":0,"nm":"Fill 1","mn":"ADBE Vector Graphic - Fill","hd":false},{"ty":"tr","p":{"a":0,"k":[46.65,9.65],"ix":2},"a":{"a":0,"k":[0,0],"ix":1},"s":{"a":0,"k":[100,100],"ix":3},"r":{"a":0,"k":0,"ix":6},"o":{"a":0,"k":100,"ix":7},"sk":{"a":0,"k":0,"ix":4},"sa":{"a":0,"k":0,"ix":5},"nm":"Transform"}],"nm":"Group 2","np":2,"cix":2,"bm":0,"ix":2,"mn":"ADBE Vector Group","hd":false},{"ty":"gr","it":[{"ind":0,"ty":"sh","ix":1,"ks":{"a":1,"k":[{"i":{"x":0.833,"y":0.833},"o":{"x":0.167,"y":0},"t":0,"s":[{"i":[[-7.12,6.88],[0,0],[-5.52,-11.36],[7.12,-6.88],[0,0],[5.52,11.36]],"o":[[0,0],[11.36,-5.44],[4.24,8.88],[0,0],[-11.36,5.44],[-4.24,-8.88]],"v":[[-158.9,-22.95],[-158.9,-22.95],[-128.34,-12.23],[-133.14,14.17],[-133.14,14.17],[-163.7,3.45]],"c":true}]},{"i":{"x":0.667,"y":1},"o":{"x":0.167,"y":0.167},"t":40,"s":[{"i":[[-7.12,6.88],[0,0],[-5.52,-11.36],[7.12,-6.88],[0,0],[5.52,11.36]],"o":[[0,0],[11.36,-5.44],[4.24,8.88],[0,0],[-11.36,5.44],[-4.24,-8.88]],"v":[[-162.9,-22.95],[-162.9,-22.95],[-132.34,-12.23],[-137.14,14.17],[-137.14,14.17],[-167.7,3.45]],"c":true}]},{"t":45,"s":[{"i":[[-7.12,6.88],[0,0],[-5.52,-11.36],[7.12,-6.88],[0,0],[5.52,11.36]],"o":[[0,0],[11.36,-5.44],[4.24,8.88],[0,0],[-11.36,5.44],[-4.24,-8.88]],"v":[[-158.9,-22.95],[-158.9,-22.95],[-128.34,-12.23],[-133.14,14.17],[-133.14,14.17],[-163.7,3.45]],"c":true}]}],"ix":2},"nm":"Path 1","mn":"ADBE Vector Shape - Group","hd":false},{"ty":"fl","c":{"a":0,"k":[0.536999990426,0.375999989229,0.141000007181,1],"ix":4},"o":{"a":0,"k":100,"ix":5},"r":1,"bm":0,"nm":"Fill 1","mn":"ADBE Vector Graphic - Fill","hd":false},{"ty":"tr","p":{"a":0,"k":[6.3,6.55],"ix":2},"a":{"a":0,"k":[0,0],"ix":1},"s":{"a":0,"k":[100,100],"ix":3},"r":{"a":0,"k":0,"ix":6},"o":{"a":0,"k":100,"ix":7},"sk":{"a":0,"k":0,"ix":4},"sa":{"a":0,"k":0,"ix":5},"nm":"Transform"}],"nm":"Group 3","np":2,"cix":2,"bm":0,"ix":3,"mn":"ADBE Vector Group","hd":false},{"ty":"gr","it":[{"ind":0,"ty":"sh","ix":1,"ks":{"a":1,"k":[{"i":{"x":0.833,"y":0.833},"o":{"x":0.167,"y":0},"t":0,"s":[{"i":[[8.88,2.96],[47.36,-16.24],[-3.28,-8.48],[-8.16,2.24],[-19.28,-1.52],[0,0],[-28,0],[-9.92,10.4],[11.68,21.28]],"o":[[-48.4,-12.64],[-8.48,3.28],[3.04,7.92],[18.96,-3.68],[0,0.48],[0,39.12],[14.32,-0.16],[16.64,-17.68],[-4.4,-8.24]],"v":[[-136.05,-53.01],[-282.93,-47.49],[-292.37,-26.29],[-272.69,-16.37],[-215.09,-19.57],[-215.09,-16.45],[-161.73,46.35],[-123.81,29.87],[-115.41,-35.49]],"c":true}]},{"i":{"x":0.667,"y":1},"o":{"x":0.167,"y":0.167},"t":40,"s":[{"i":[[8.88,2.96],[47.36,-16.24],[-3.28,-8.48],[-8.16,2.24],[-19.28,-1.52],[0,0],[-28,0],[-9.92,10.4],[11.68,21.28]],"o":[[-48.4,-12.64],[-8.48,3.28],[3.04,7.92],[18.96,-3.68],[0,0.48],[0,39.12],[14.32,-0.16],[16.64,-17.68],[-4.4,-8.24]],"v":[[-138.05,-53.01],[-282.93,-47.49],[-292.37,-26.29],[-272.69,-16.37],[-219.09,-19.57],[-219.09,-16.45],[-165.73,46.35],[-127.81,29.87],[-117.41,-35.49]],"c":true}]},{"t":45,"s":[{"i":[[8.88,2.96],[47.36,-16.24],[-3.28,-8.48],[-8.16,2.24],[-19.28,-1.52],[0,0],[-28,0],[-9.92,10.4],[11.68,21.28]],"o":[[-48.4,-12.64],[-8.48,3.28],[3.04,7.92],[18.96,-3.68],[0,0.48],[0,39.12],[14.32,-0.16],[16.64,-17.68],[-4.4,-8.24]],"v":[[-136.05,-53.01],[-282.93,-47.49],[-292.37,-26.29],[-272.69,-16.37],[-215.09,-19.57],[-215.09,-16.45],[-161.73,46.35],[-123.81,29.87],[-115.41,-35.49]],"c":true}]}],"ix":2},"nm":"Path 1","mn":"ADBE Vector Shape - Group","hd":false},{"ty":"fl","c":{"a":0,"k":[0.258999992819,0.169000004787,0.051000000449,1],"ix":4},"o":{"a":0,"k":100,"ix":5},"r":1,"bm":0,"nm":"Fill 1","mn":"ADBE Vector Graphic - Fill","hd":false},{"ty":"tr","p":{"a":0,"k":[8.25,9.65],"ix":2},"a":{"a":0,"k":[0,0],"ix":1},"s":{"a":0,"k":[100,100],"ix":3},"r":{"a":0,"k":0,"ix":6},"o":{"a":0,"k":100,"ix":7},"sk":{"a":0,"k":0,"ix":4},"sa":{"a":0,"k":0,"ix":5},"nm":"Transform"}],"nm":"Group 4","np":2,"cix":2,"bm":0,"ix":4,"mn":"ADBE Vector Group","hd":false}],"ip":0,"op":123,"st":0,"bm":0},{"ddd":0,"ind":6,"ty":4,"nm":"mouth ","parent":2,"sr":1,"ks":{"o":{"a":0,"k":100,"ix":11},"r":{"a":0,"k":0,"ix":10},"p":{"s":true,"x":{"a":0,"k":23.5,"ix":3},"y":{"a":0,"k":227.778,"ix":4}},"a":{"a":0,"k":[0,-0.078,0],"ix":1,"l":2},"s":{"a":0,"k":[100,100,100],"ix":6,"l":2}},"ao":0,"shapes":[{"ty":"gr","it":[{"ind":0,"ty":"sh","ix":1,"ks":{"a":1,"k":[{"i":{"x":0,"y":1},"o":{"x":0.333,"y":0},"t":10,"s":[{"i":[[-29.84,1.68],[-27.6,4.64],[-23.04,11.36],[-5.229,15.358],[-14.4,-4.08],[0.32,-12.32],[9.44,-17.2],[16.64,-11.52],[32.72,-5.28],[32.08,1.36],[16.665,2.729],[-1.84,14.88],[-11.34,1.035]],"o":[[29.84,-1.68],[25.6,-2.72],[19.36,-10.32],[5.228,-15.358],[11.84,3.36],[-0.4,19.6],[-9.84,17.68],[-32,22],[-31.84,4.16],[-31.36,-0.96],[-16.665,-2.729],[1.52,-12.32],[11.341,-1.035]],"v":[[-90.2,4.52],[-3.4,-3.48],[70.12,-24.76],[109,-75.32],[142.44,-93.96],[162.04,-67.32],[147.08,-11.32],[106.84,33.08],[6.999,68.44],[-89.001,72.68],[-181.001,65.56],[-204.52,35.4],[-181.001,11.88]],"c":true}]},{"t":25,"s":[{"i":[[-15.019,-1.714],[-25.16,-0.286],[-24.628,2.61],[-11.768,1.292],[-4.814,-14.86],[13.177,-9.877],[13.405,-4.4],[21.274,-4.174],[30.179,0.245],[23.393,5.828],[15.266,8.666],[-1.176,11.405],[-19.185,-0.171]],"o":[[19.513,2.228],[25.16,0.286],[23.415,-2.482],[15.814,-1.737],[3.231,9.976],[-10.497,7.868],[-13.862,4.55],[-21.274,4.174],[-26.849,-0.218],[-20.925,-5.213],[-10.724,-6.087],[0.915,-8.877],[17.573,0.157]],"v":[[-113.514,8.417],[-51.161,11.859],[23.834,6.126],[74.685,-2.369],[109.768,13.169],[98.323,46.771],[63.361,62.094],[20.524,73.221],[-59.18,80.65],[-124.144,72.817],[-178.517,53.729],[-194.824,25.239],[-165.824,1.987]],"c":true}],"h":1},{"i":{"x":0.833,"y":0.833},"o":{"x":0.333,"y":0},"t":30,"s":[{"i":[[-15.019,-1.714],[-25.16,-0.286],[-24.628,2.61],[-11.768,1.292],[-4.814,-14.86],[13.177,-9.877],[13.405,-4.4],[21.274,-4.174],[30.179,0.245],[23.393,5.828],[15.266,8.666],[-1.176,11.405],[-19.185,-0.171]],"o":[[19.513,2.228],[25.16,0.286],[23.415,-2.482],[15.814,-1.737],[3.231,9.976],[-10.497,7.868],[-13.862,4.55],[-21.274,4.174],[-26.849,-0.218],[-20.925,-5.213],[-10.724,-6.087],[0.915,-8.877],[17.573,0.157]],"v":[[-113.514,8.417],[-51.161,11.859],[23.834,6.126],[74.685,-2.369],[109.768,13.169],[98.323,46.771],[63.361,62.094],[20.524,73.221],[-59.18,80.65],[-124.144,72.817],[-178.517,53.729],[-194.824,25.239],[-165.824,1.987]],"c":true}]},{"i":{"x":0.833,"y":0.833},"o":{"x":0.167,"y":0.167},"t":35,"s":[{"i":[[-16.261,-0.64],[-27.047,1.875],[-25.627,7.367],[-11.891,4.589],[-7.759,-13.694],[12.204,-12.255],[13.425,-6.911],[22.293,-6.773],[36.426,-1.745],[25.537,4.146],[15.975,7.276],[-0.159,11.465],[-19.125,1.532]],"o":[[21.127,0.831],[27.047,-1.875],[24.681,-7.095],[18.15,-7.005],[5.209,9.193],[-9.722,9.763],[-13.882,7.146],[-22.294,6.773],[-28.897,1.385],[-22.843,-3.709],[-11.222,-5.111],[0.124,-8.923],[17.518,-1.403]],"v":[[-113.276,11.225],[-45.292,9.629],[33.819,-3.261],[87.35,-23.851],[126.569,-15.069],[120.441,20.196],[86.615,44.005],[37.213,63.551],[-48.426,78.89],[-120.442,76.242],[-177.356,61.768],[-196.128,34.838],[-169.305,9.104]],"c":true}]},{"i":{"x":0,"y":1},"o":{"x":0.167,"y":0.167},"t":37.5,"s":[{"i":[[-29.882,0.593],[-32.9,4.376],[-26.414,11.892],[-15.74,9.519],[-10.934,-10.22],[5.92,-10.809],[14.315,-12.056],[28.587,-11.96],[49,-6.796],[32.08,1.36],[16.547,3.369],[-2.407,14.799],[-11.372,0.598]],"o":[[33.266,-0.66],[32.9,-4.376],[29.142,-13.12],[15.74,-9.519],[8.992,8.404],[-9.322,17.246],[-13.704,11.541],[-19.485,8.152],[-30.784,4.269],[-31.36,-0.96],[-16.547,-3.369],[1.993,-12.252],[11.372,-0.598]],"v":[[-100.2,9.52],[-12.4,2.02],[57.357,-14.736],[114.26,-49.336],[152.523,-50.615],[157.766,-17.96],[125.684,21.7],[75.662,51.855],[-6.001,71.44],[-99,74.68],[-181.64,64.024],[-203.982,32.981],[-179.575,10.384]],"c":true}]},{"i":{"x":0.833,"y":0.833},"o":{"x":0.333,"y":0},"t":42.5,"s":[{"i":[[-29.842,1.278],[-28.283,4.606],[-23.475,11.429],[-6.584,14.605],[-13.953,-4.872],[1.042,-12.125],[10.068,-16.537],[18.18,-11.577],[34.819,-5.475],[32.08,1.36],[16.6,3.009],[-2.09,14.832],[-11.345,0.842]],"o":[[30.337,-1.254],[26.541,-2.933],[20.622,-10.681],[6.583,-14.605],[11.473,4.01],[-1.551,19.296],[-10.338,16.889],[-30.386,20.215],[-31.704,4.174],[-31.36,-0.96],[-16.6,-3.009],[1.727,-12.28],[11.346,-0.842]],"v":[[-90.2,4.52],[-3.271,-2.771],[69.763,-23.468],[111.483,-72.228],[145.545,-88.63],[163.294,-61.214],[146.126,-7.321],[104.11,35.501],[6.613,68.827],[-89.001,72.68],[-181.334,64.047],[-204.315,33.521],[-180.423,10.427]],"c":true}]},{"i":{"x":0,"y":1},"o":{"x":0.167,"y":0.167},"t":60,"s":[{"i":[[-29.842,1.278],[-28.283,4.606],[-23.475,11.429],[-6.584,14.605],[-13.953,-4.872],[1.042,-12.125],[10.068,-16.537],[18.18,-11.577],[34.819,-5.475],[32.08,1.36],[16.6,3.009],[-2.09,14.832],[-11.345,0.842]],"o":[[30.337,-1.254],[26.541,-2.933],[20.622,-10.681],[6.583,-14.605],[11.473,4.01],[-1.551,19.296],[-10.338,16.889],[-30.386,20.215],[-31.704,4.174],[-31.36,-0.96],[-16.6,-3.009],[1.727,-12.28],[11.346,-0.842]],"v":[[-90.2,4.52],[-3.271,-2.771],[69.763,-23.468],[111.483,-72.228],[145.545,-88.63],[163.294,-61.214],[146.126,-7.321],[104.11,35.501],[6.613,68.827],[-89.001,72.68],[-181.334,64.047],[-204.315,33.521],[-180.423,10.427]],"c":true}]},{"t":75,"s":[{"i":[[-29.84,1.68],[-27.6,4.64],[-23.04,11.36],[-5.229,15.358],[-14.4,-4.08],[0.32,-12.32],[9.44,-17.2],[16.64,-11.52],[32.72,-5.28],[32.08,1.36],[16.665,2.729],[-1.84,14.88],[-11.34,1.035]],"o":[[29.84,-1.68],[25.6,-2.72],[19.36,-10.32],[5.228,-15.358],[11.84,3.36],[-0.4,19.6],[-9.84,17.68],[-32,22],[-31.84,4.16],[-31.36,-0.96],[-16.665,-2.729],[1.52,-12.32],[11.341,-1.035]],"v":[[-90.2,4.52],[-3.4,-3.48],[70.12,-24.76],[109,-75.32],[142.44,-93.96],[162.04,-67.32],[147.08,-11.32],[106.84,33.08],[6.999,68.44],[-89.001,72.68],[-181.001,65.56],[-204.52,35.4],[-181.001,11.88]],"c":true}]}],"ix":2},"nm":"Path 1","mn":"ADBE Vector Shape - Group","hd":false},{"ty":"fl","c":{"a":0,"k":[0.258999992819,0.169000004787,0.051000000449,1],"ix":4},"o":{"a":0,"k":100,"ix":5},"r":1,"bm":0,"nm":"Fill 1","mn":"ADBE Vector Graphic - Fill","hd":false},{"ty":"tr","p":{"a":0,"k":[22,12],"ix":2},"a":{"a":0,"k":[0,0],"ix":1},"s":{"a":0,"k":[100,100],"ix":3},"r":{"a":0,"k":0,"ix":6},"o":{"a":0,"k":100,"ix":7},"sk":{"a":0,"k":0,"ix":4},"sa":{"a":0,"k":0,"ix":5},"nm":"Transform"}],"nm":"Group 1","np":2,"cix":2,"bm":0,"ix":1,"mn":"ADBE Vector Group","hd":false}],"ip":0,"op":124,"st":0,"bm":0},{"ddd":0,"ind":7,"ty":4,"nm":"base matte","parent":9,"td":1,"sr":1,"ks":{"o":{"a":0,"k":100,"ix":11},"r":{"a":0,"k":0,"ix":10},"p":{"a":0,"k":[-2,-3,0],"ix":2,"l":2},"a":{"a":0,"k":[0,0,0],"ix":1,"l":2},"s":{"a":0,"k":[100,100,100],"ix":6,"l":2}},"ao":0,"shapes":[{"ty":"gr","it":[{"ind":0,"ty":"sh","ix":1,"ks":{"a":0,"k":{"i":[[15.4,0],[0,38.4],[-27.9,0],[-10.6,-9.3],[0,-16.9],[11.5,-10.2]],"o":[[-27.9,0],[0,-38.4],[15.5,0],[11.5,10.2],[0,16.9],[-10.6,9.3]],"v":[[0,55.9],[-58,0],[0,-55.9],[40.4,-41.5],[58,0],[40.4,41.4]],"c":true},"ix":2},"nm":"Path 1","mn":"ADBE Vector Shape - Group","hd":false},{"ty":"gf","o":{"a":0,"k":100,"ix":10},"r":1,"bm":0,"g":{"p":5,"k":{"a":0,"k":[0.48,0.992,0.878,0.188,0.691,0.98,0.816,0.178,0.902,0.969,0.753,0.169,0.966,0.963,0.694,0.153,1,0.957,0.635,0.137],"ix":9}},"s":{"a":0,"k":[0,0],"ix":5},"e":{"a":0,"k":[56.225,0],"ix":6},"t":2,"h":{"a":0,"k":0,"ix":7},"a":{"a":0,"k":0,"ix":8},"nm":"Gradient Fill 1","mn":"ADBE Vector Graphic - G-Fill","hd":false},{"ty":"tr","p":{"a":0,"k":[0,0],"ix":2},"a":{"a":0,"k":[0,0],"ix":1},"s":{"a":0,"k":[100,100],"ix":3},"r":{"a":0,"k":0,"ix":6},"o":{"a":0,"k":100,"ix":7},"sk":{"a":0,"k":0,"ix":4},"sa":{"a":0,"k":0,"ix":5},"nm":"Transform"}],"nm":"Group 1","np":2,"cix":2,"bm":0,"ix":1,"mn":"ADBE Vector Group","hd":false}],"ip":0,"op":123,"st":0,"bm":0},{"ddd":0,"ind":8,"ty":4,"nm":"base shadow","parent":9,"tt":2,"sr":1,"ks":{"o":{"a":0,"k":100,"ix":11},"r":{"a":0,"k":0,"ix":10},"p":{"a":0,"k":[0,0,0],"ix":2,"l":2},"a":{"a":0,"k":[0,0,0],"ix":1,"l":2},"s":{"a":0,"k":[100,100,100],"ix":6,"l":2}},"ao":0,"shapes":[{"ty":"gr","it":[{"ind":0,"ty":"sh","ix":1,"ks":{"a":0,"k":{"i":[[15.4,0],[0,38.4],[-27.9,0],[-10.6,-9.3],[0,-16.9],[11.5,-10.2]],"o":[[-27.9,0],[0,-38.4],[15.5,0],[11.5,10.2],[0,16.9],[-10.6,9.3]],"v":[[0,55.9],[-58,0],[0,-55.9],[40.4,-41.5],[58,0],[40.4,41.4]],"c":true},"ix":2},"nm":"Path 1","mn":"ADBE Vector Shape - Group","hd":false},{"ty":"fl","c":{"a":0,"k":[0.921568627451,0.560784313725,0,1],"ix":4},"o":{"a":0,"k":100,"ix":5},"r":1,"bm":0,"nm":"Fill 1","mn":"ADBE Vector Graphic - Fill","hd":false},{"ty":"tr","p":{"a":0,"k":[0,0],"ix":2},"a":{"a":0,"k":[0,0],"ix":1},"s":{"a":0,"k":[100,100],"ix":3},"r":{"a":0,"k":0,"ix":6},"o":{"a":0,"k":100,"ix":7},"sk":{"a":0,"k":0,"ix":4},"sa":{"a":0,"k":0,"ix":5},"nm":"Transform"}],"nm":"Group 1","np":2,"cix":2,"bm":0,"ix":1,"mn":"ADBE Vector Group","hd":false}],"ip":0,"op":123,"st":0,"bm":0},{"ddd":0,"ind":9,"ty":4,"nm":"base normal","parent":1,"sr":1,"ks":{"o":{"a":0,"k":100,"ix":11},"r":{"a":0,"k":0,"ix":10},"p":{"a":0,"k":[0,0,0],"ix":2,"l":2},"a":{"a":0,"k":[0,0,0],"ix":1,"l":2},"s":{"a":0,"k":[800,800,100],"ix":6,"l":2}},"ao":0,"shapes":[{"ty":"gr","it":[{"ind":0,"ty":"sh","ix":1,"ks":{"a":0,"k":{"i":[[15.4,0],[0,38.4],[-27.9,0],[-10.6,-9.3],[0,-16.9],[11.5,-10.2]],"o":[[-27.9,0],[0,-38.4],[15.5,0],[11.5,10.2],[0,16.9],[-10.6,9.3]],"v":[[0,55.9],[-58,0],[0,-55.9],[40.4,-41.5],[58,0],[40.4,41.4]],"c":true},"ix":2},"nm":"Path 1","mn":"ADBE Vector Shape - Group","hd":false},{"ty":"gf","o":{"a":0,"k":100,"ix":10},"r":1,"bm":0,"g":{"p":5,"k":{"a":0,"k":[0.48,0.992,0.878,0.188,0.691,0.98,0.816,0.178,0.902,0.969,0.753,0.169,0.966,0.963,0.694,0.153,1,0.957,0.635,0.137],"ix":9}},"s":{"a":0,"k":[0,0],"ix":5},"e":{"a":0,"k":[56.225,0],"ix":6},"t":2,"h":{"a":0,"k":0,"ix":7},"a":{"a":0,"k":0,"ix":8},"nm":"Gradient Fill 1","mn":"ADBE Vector Graphic - G-Fill","hd":false},{"ty":"tr","p":{"a":0,"k":[0,0],"ix":2},"a":{"a":0,"k":[0,0],"ix":1},"s":{"a":0,"k":[100,100],"ix":3},"r":{"a":0,"k":0,"ix":6},"o":{"a":0,"k":100,"ix":7},"sk":{"a":0,"k":0,"ix":4},"sa":{"a":0,"k":0,"ix":5},"nm":"Transform"}],"nm":"Group 1","np":2,"cix":2,"bm":0,"ix":1,"mn":"ADBE Vector Group","hd":false}],"ip":0,"op":124,"st":0,"bm":0}],"markers":[{"tm":103,"cm":"rest","dr":0}]}