{"v":"5.8.1","fr":60,"ip":0,"op":88,"w":1024,"h":1024,"nm":"emoji_kiss-with-closed-eyes","ddd":0,"assets":[],"layers":[{"ddd":0,"ind":1,"ty":3,"nm":"Null All","sr":1,"ks":{"o":{"a":0,"k":0,"ix":11},"r":{"a":0,"k":0,"ix":10},"p":{"s":true,"x":{"a":0,"k":512,"ix":3},"y":{"a":1,"k":[{"i":{"x":[0.833],"y":[0.833]},"o":{"x":[0.333],"y":[0]},"t":0,"s":[512]},{"i":{"x":[0.262],"y":[1]},"o":{"x":[0.167],"y":[0.167]},"t":10,"s":[516]},{"i":{"x":[0.667],"y":[1]},"o":{"x":[0.333],"y":[0]},"t":32.5,"s":[488]},{"i":{"x":[0.667],"y":[1]},"o":{"x":[0.333],"y":[0]},"t":70,"s":[516]},{"t":87.5,"s":[512]}],"ix":4}},"a":{"a":0,"k":[0,0,0],"ix":1,"l":2},"s":{"a":0,"k":[100,100,100],"ix":6,"l":2}},"ao":0,"ip":0,"op":87.5,"st":-7.5,"bm":0},{"ddd":0,"ind":2,"ty":3,"nm":"Null Face","parent":1,"sr":1,"ks":{"o":{"a":0,"k":0,"ix":11},"r":{"a":0,"k":0,"ix":10},"p":{"s":true,"x":{"a":0,"k":0,"ix":3},"y":{"a":1,"k":[{"i":{"x":[0.667],"y":[1]},"o":{"x":[0.333],"y":[0]},"t":0,"s":[0]},{"i":{"x":[0.605],"y":[0.735]},"o":{"x":[0.333],"y":[0]},"t":10,"s":[27.162]},{"i":{"x":[0.3],"y":[1]},"o":{"x":[0.179],"y":[0.433]},"t":17.5,"s":[0]},{"i":{"x":[0.667],"y":[1]},"o":{"x":[0.333],"y":[0]},"t":32.5,"s":[-15]},{"i":{"x":[0.667],"y":[1]},"o":{"x":[0.802],"y":[0]},"t":40,"s":[-15]},{"i":{"x":[0],"y":[1]},"o":{"x":[0.333],"y":[0]},"t":60,"s":[22]},{"i":{"x":[0.667],"y":[1]},"o":{"x":[0.167],"y":[0]},"t":70,"s":[0]},{"t":87.5,"s":[0]}],"ix":4}},"a":{"a":0,"k":[0,0,0],"ix":1,"l":2},"s":{"a":0,"k":[100,100,100],"ix":6,"l":2}},"ao":0,"ip":0,"op":87.5,"st":-7.5,"bm":0},{"ddd":0,"ind":3,"ty":4,"nm":"mouth kiss","parent":2,"sr":1,"ks":{"o":{"a":0,"k":100,"ix":11},"r":{"a":0,"k":0,"ix":10},"p":{"a":0,"k":[31.872,177.716,0],"ix":2,"l":2},"a":{"a":0,"k":[0.109,-3.911,0],"ix":1,"l":2},"s":{"a":0,"k":[100,100,100],"ix":6,"l":2}},"ao":0,"shapes":[{"ty":"gr","it":[{"ind":0,"ty":"sh","ix":1,"ks":{"a":1,"k":[{"i":{"x":0,"y":1},"o":{"x":0.167,"y":0.167},"t":15,"s":[{"i":[[16.8,14.48],[-1.76,18.16],[9.44,12.56],[0,0],[-2.32,-19.04],[-11.04,-2.48],[-0.96,-24.72],[3.36,-29.6],[0,-20.16],[16.56,-3.52],[2.24,-16.56],[-38.72,5.84],[0,20.48]],"o":[[13.68,-12.08],[1.52,-28.8],[-21.68,-29.2],[-16,0.64],[3.12,10.8],[24,5.84],[1.12,27.68],[-3.36,29.6],[0,15.44],[-14.32,2.96],[-2.24,16.56],[60.88,-9.2],[0.4,-22.16]],"v":[[37.84,-15.64],[61.84,-62.6],[46.56,-113.88],[-36.64,-136.12],[-69.84,-108.6],[-46.88,-87.08],[13.04,-62.36],[-31.76,-16.76],[13.04,28.92],[-19.52,50.52],[-63.6,74.52],[-17.6,105.24],[63.76,42.2]],"c":true}]},{"i":{"x":0.667,"y":1},"o":{"x":0.333,"y":0},"t":30,"s":[{"i":[[18.675,12.363],[2.164,17.862],[15.11,14.101],[25.387,-3.217],[-3.355,-22.406],[-12.702,-2.113],[-6.492,-28.71],[4.488,-22.263],[3.686,-24.456],[14.278,-2.25],[4.471,-20.372],[-18.818,1.296],[-5.03,44.177]],"o":[[12.469,-12.406],[-3.503,-20.139],[-20.626,-19.199],[-15.056,1.37],[4.48,14.228],[19.749,1.466],[7.805,27.94],[-5.32,26.392],[-2.569,17.045],[-16.591,2.344],[-6.844,31.184],[35.823,-4.871],[0.734,-20.612]],"v":[[91.039,-8.006],[109.166,-55.905],[85.174,-106.061],[-10.716,-114.119],[-56.23,-86.418],[-24.868,-67.83],[61.815,-49.02],[6.607,-4.154],[61.751,36.975],[19.441,58.609],[-49.477,82.076],[14.719,110.33],[112.852,47.55]],"c":true}]},{"i":{"x":0.833,"y":0.833},"o":{"x":0.333,"y":0},"t":50,"s":[{"i":[[18.675,12.363],[2.164,17.862],[15.11,14.101],[25.387,-3.217],[-3.355,-22.406],[-12.702,-2.113],[-6.492,-28.71],[4.488,-22.263],[3.686,-24.456],[14.278,-2.25],[4.471,-20.372],[-18.818,1.296],[-5.03,44.177]],"o":[[12.469,-12.406],[-3.503,-20.139],[-20.626,-19.199],[-15.056,1.37],[4.48,14.228],[19.749,1.466],[7.805,27.94],[-5.32,26.392],[-2.569,17.045],[-16.591,2.344],[-6.844,31.184],[35.823,-4.871],[0.734,-20.612]],"v":[[91.039,-8.006],[109.166,-55.905],[85.174,-106.061],[-10.716,-114.119],[-56.23,-86.418],[-24.868,-67.83],[61.815,-49.02],[6.607,-4.154],[61.751,36.975],[19.441,58.609],[-49.477,82.076],[14.719,110.33],[112.852,47.55]],"c":true}]},{"t":62.5,"s":[{"i":[[14.205,15.747],[-4.176,16.987],[9.435,16.612],[28.403,1.686],[-2.959,-20.289],[-11.014,-3.863],[2.97,-25.726],[7.291,-24.253],[7.023,-19.454],[14.044,0.105],[6.911,-15.154],[-22.831,1.204],[-8.645,45.136]],"o":[[14.589,-9.078],[4.488,-18.841],[-15.273,-27.804],[-12.854,-1.462],[2.813,11.519],[16.188,5.594],[-2.053,25.234],[-7.965,26.495],[-5.626,15.585],[-13.43,-0.111],[-8.606,18.87],[34.025,0.389],[3.883,-20.759]],"v":[[29.275,-3.89],[60.356,-44.476],[53.37,-95.603],[-31.33,-130.341],[-70.323,-109.696],[-47.313,-85.525],[12.179,-52.256],[-39.202,-16.372],[-7.545,34.493],[-51.569,49.837],[-96.237,61.672],[-70.179,102.6],[45.724,55.202]],"c":true}]}],"ix":2},"nm":"Path 1","mn":"ADBE Vector Shape - Group","hd":false},{"ty":"fl","c":{"a":0,"k":[0.258823529412,0.16862745098,0.050980392157,1],"ix":4},"o":{"a":0,"k":100,"ix":5},"r":1,"bm":0,"nm":"Fill 1","mn":"ADBE Vector Graphic - Fill","hd":false},{"ty":"tr","p":{"a":0,"k":[0,0],"ix":2},"a":{"a":0,"k":[0,0],"ix":1},"s":{"a":0,"k":[100,100],"ix":3},"r":{"a":0,"k":0,"ix":6},"o":{"a":0,"k":100,"ix":7},"sk":{"a":0,"k":0,"ix":4},"sa":{"a":0,"k":0,"ix":5},"nm":"Transform"}],"nm":"Shape 1","np":3,"cix":2,"bm":0,"ix":1,"mn":"ADBE Vector Group","hd":false}],"ip":15,"op":65,"st":-50,"bm":0},{"ddd":0,"ind":4,"ty":4,"nm":"mouth normal 3","parent":2,"sr":1,"ks":{"o":{"a":0,"k":100,"ix":11},"r":{"a":0,"k":0,"ix":10},"p":{"s":true,"x":{"a":0,"k":-3.921,"ix":3},"y":{"a":0,"k":114.864,"ix":4}},"a":{"a":0,"k":[20.36,-3.992,0],"ix":1,"l":2},"s":{"a":0,"k":[800,800,100],"ix":6,"l":2}},"ao":0,"shapes":[{"ty":"gr","it":[{"ind":0,"ty":"sh","ix":1,"ks":{"a":0,"k":{"i":[[3.152,0],[0.991,0.584],[0.704,-0.915],[-0.293,-0.659],[-6.165,-0.087],[-1.175,2.184],[1.554,0.184],[0.858,-0.496]],"o":[[-3.151,0],[-1.219,-0.718],[-0.398,0.518],[0.913,2.053],[6.088,0.086],[0.657,-1.221],[-0.906,-0.107],[-1.219,0.705]],"v":[[-0.625,-17.145],[-7.779,-19.978],[-11.244,-19.597],[-11.417,-17.734],[-0.635,-11.567],[10.076,-17.212],[8.441,-20.311],[5.689,-19.714]],"c":true},"ix":2},"nm":"Path 1","mn":"ADBE Vector Shape - Group","hd":false},{"ty":"fl","c":{"a":0,"k":[0.258999992819,0.169000004787,0.051000000449,1],"ix":4},"o":{"a":0,"k":100,"ix":5},"r":1,"bm":0,"nm":"Fill 1","mn":"ADBE Vector Graphic - Fill","hd":false},{"ty":"tr","p":{"a":0,"k":[22,12],"ix":2},"a":{"a":0,"k":[0,0],"ix":1},"s":{"a":0,"k":[100,100],"ix":3},"r":{"a":0,"k":0,"ix":6},"o":{"a":0,"k":100,"ix":7},"sk":{"a":0,"k":0,"ix":4},"sa":{"a":0,"k":0,"ix":5},"nm":"Transform"}],"nm":"Group 1","np":2,"cix":2,"bm":0,"ix":1,"mn":"ADBE Vector Group","hd":false}],"ip":0,"op":15,"st":0,"bm":0},{"ddd":0,"ind":5,"ty":4,"nm":"mouth normal 2","parent":2,"sr":1,"ks":{"o":{"a":0,"k":100,"ix":11},"r":{"a":0,"k":0,"ix":10},"p":{"s":true,"x":{"a":0,"k":-3.921,"ix":3},"y":{"a":0,"k":114.864,"ix":4}},"a":{"a":0,"k":[20.36,-3.992,0],"ix":1,"l":2},"s":{"a":0,"k":[800,800,100],"ix":6,"l":2}},"ao":0,"shapes":[{"ty":"gr","it":[{"ind":0,"ty":"sh","ix":1,"ks":{"a":1,"k":[{"i":{"x":0,"y":1},"o":{"x":0.167,"y":0.167},"t":65,"s":[{"i":[[3.152,0],[0.993,0.577],[0.697,-0.918],[-0.297,-0.655],[-6.165,-0.087],[-1.17,2.18],[1.551,0.182],[0.855,-0.496]],"o":[[-3.151,0],[-1.22,-0.709],[-0.394,0.519],[0.924,2.042],[6.088,0.086],[0.654,-1.219],[-0.904,-0.106],[-1.215,0.704]],"v":[[-0.625,-15.949],[-7.582,-18.987],[-11.037,-18.585],[-11.197,-16.725],[-0.635,-10.372],[9.827,-16.282],[8.192,-19.371],[5.447,-18.773]],"c":true}]},{"t":78,"s":[{"i":[[3.152,0],[0.991,0.584],[0.704,-0.915],[-0.293,-0.659],[-6.165,-0.087],[-1.175,2.184],[1.554,0.184],[0.858,-0.496]],"o":[[-3.151,0],[-1.219,-0.718],[-0.398,0.518],[0.913,2.053],[6.088,0.086],[0.657,-1.221],[-0.906,-0.107],[-1.219,0.705]],"v":[[-0.625,-17.145],[-7.779,-19.978],[-11.244,-19.597],[-11.417,-17.734],[-0.635,-11.567],[10.076,-17.212],[8.441,-20.311],[5.689,-19.714]],"c":true}]}],"ix":2},"nm":"Path 1","mn":"ADBE Vector Shape - Group","hd":false},{"ty":"fl","c":{"a":0,"k":[0.258999992819,0.169000004787,0.051000000449,1],"ix":4},"o":{"a":0,"k":100,"ix":5},"r":1,"bm":0,"nm":"Fill 1","mn":"ADBE Vector Graphic - Fill","hd":false},{"ty":"tr","p":{"a":0,"k":[22,12],"ix":2},"a":{"a":0,"k":[0,0],"ix":1},"s":{"a":0,"k":[100,100],"ix":3},"r":{"a":0,"k":0,"ix":6},"o":{"a":0,"k":100,"ix":7},"sk":{"a":0,"k":0,"ix":4},"sa":{"a":0,"k":0,"ix":5},"nm":"Transform"}],"nm":"Group 1","np":2,"cix":2,"bm":0,"ix":1,"mn":"ADBE Vector Group","hd":false}],"ip":65,"op":87.5,"st":65,"bm":0},{"ddd":0,"ind":6,"ty":4,"nm":"eyebrows","parent":2,"sr":1,"ks":{"o":{"a":0,"k":100,"ix":11},"r":{"a":0,"k":0,"ix":10},"p":{"s":true,"x":{"a":0,"k":-1,"ix":3},"y":{"a":1,"k":[{"i":{"x":[0],"y":[1]},"o":{"x":[0.167],"y":[0.167]},"t":15,"s":[-242.356]},{"i":{"x":[0.667],"y":[1]},"o":{"x":[0.333],"y":[0]},"t":40,"s":[-267.356]},{"i":{"x":[0],"y":[1]},"o":{"x":[0.333],"y":[0]},"t":60,"s":[-238.356]},{"t":85,"s":[-242.356]}],"ix":4}},"a":{"a":0,"k":[-0.211,-3.397,0],"ix":1,"l":2},"s":{"a":0,"k":[100,100,100],"ix":6,"l":2}},"ao":0,"shapes":[{"ty":"gr","it":[{"ind":0,"ty":"sh","ix":1,"ks":{"a":0,"k":{"i":[[-47.04,0.88],[0,0],[19.76,4.16],[15.52,-2],[27.36,-32.32],[-13.52,11.44]],"o":[[0,0],[18.48,0],[-15.36,-2.88],[-42,4.72],[-12.56,15.36],[36.48,-29.68]],"v":[[-133.12,-13.04],[-133.12,-13.04],[-128.88,-42.24],[-175.52,-43.6],[-283.52,14.08],[-262,34.16]],"c":true},"ix":2},"nm":"Path 1","mn":"ADBE Vector Shape - Group","hd":false},{"ty":"fl","c":{"a":0,"k":[0.258823529412,0.16862745098,0.050980392157,1],"ix":4},"o":{"a":0,"k":100,"ix":5},"r":1,"bm":0,"nm":"Fill 1","mn":"ADBE Vector Graphic - Fill","hd":false},{"ty":"tr","p":{"a":0,"k":[0,0],"ix":2},"a":{"a":0,"k":[0,0],"ix":1},"s":{"a":0,"k":[100,100],"ix":3},"r":{"a":0,"k":0,"ix":6},"o":{"a":0,"k":100,"ix":7},"sk":{"a":0,"k":0,"ix":4},"sa":{"a":0,"k":0,"ix":5},"nm":"Transform"}],"nm":"Shape 1","np":3,"cix":2,"bm":0,"ix":1,"mn":"ADBE Vector Group","hd":false},{"ty":"gr","it":[{"ind":0,"ty":"sh","ix":1,"ks":{"a":0,"k":{"i":[[47.04,-3.76],[0,0],[-19.04,6.08],[-15.76,-0.56],[-30.32,-29.52],[14.64,9.92]],"o":[[0,0],[-18.32,2.08],[15.12,-4.32],[42.32,0.56],[14,14.08],[-39.28,-26.16]],"v":[[129.44,-7.6],[129.44,-7.6],[122.32,-36.24],[168.96,-41.92],[282.08,4.96],[262.64,27.04]],"c":true},"ix":2},"nm":"Path 2","mn":"ADBE Vector Shape - Group","hd":false},{"ty":"fl","c":{"a":0,"k":[0.258823529412,0.16862745098,0.050980392157,1],"ix":4},"o":{"a":0,"k":100,"ix":5},"r":1,"bm":0,"nm":"Fill 1","mn":"ADBE Vector Graphic - Fill","hd":false},{"ty":"tr","p":{"a":0,"k":[0,0],"ix":2},"a":{"a":0,"k":[0,0],"ix":1},"s":{"a":0,"k":[100,100],"ix":3},"r":{"a":0,"k":0,"ix":6},"o":{"a":0,"k":100,"ix":7},"sk":{"a":0,"k":0,"ix":4},"sa":{"a":0,"k":0,"ix":5},"nm":"Transform"}],"nm":"Shape 2","np":3,"cix":2,"bm":0,"ix":2,"mn":"ADBE Vector Group","hd":false}],"ip":0,"op":87.5,"st":-7.5,"bm":0},{"ddd":0,"ind":8,"ty":4,"nm":"eyes","parent":2,"sr":1,"ks":{"o":{"a":0,"k":100,"ix":11},"r":{"a":0,"k":0,"ix":10},"p":{"a":0,"k":[8,-83.859,0],"ix":2,"l":2},"a":{"a":0,"k":[3.047,-2.859,0],"ix":1,"l":2},"s":{"a":0,"k":[100,100,100],"ix":6,"l":2}},"ao":0,"shapes":[{"ty":"gr","it":[{"ind":0,"ty":"sh","ix":1,"ks":{"a":0,"k":{"i":[[18.021,23.403],[33.901,-42.7],[-19.19,33.512],[-50.083,-15.082],[-11.234,-33.918]],"o":[[-33.162,-43.215],[-24.948,29.975],[19.808,-47.301],[34.924,9.343],[9.362,28.129]],"v":[[-115.642,41.672],[-223.482,40.713],[-267.481,7.033],[-142.922,-55.286],[-68.842,16.872]],"c":true},"ix":2},"nm":"Path 1","mn":"ADBE Vector Shape - Group","hd":false},{"ind":1,"ty":"sh","ix":2,"ks":{"a":0,"k":{"i":[[0,0],[32.896,-43.481],[-12.323,30.963],[-1.449,3.165],[-50.106,-15.081],[-10.943,-34.079],[17.99,23.137]],"o":[[-32.798,-42.469],[-17.962,27.602],[1.151,-3.285],[19.408,-47.597],[34.812,9.386],[9.353,27.807],[0,0]],"v":[[230.998,41.672],[123.158,40.873],[75.158,16.871],[78.838,7.032],[203.318,-55.606],[277.318,16.632],[230.758,41.672]],"c":true},"ix":2},"nm":"Path 2","mn":"ADBE Vector Shape - Group","hd":false},{"ty":"fl","c":{"a":0,"k":[0.258823529412,0.16862745098,0.050980392157,1],"ix":4},"o":{"a":0,"k":100,"ix":5},"r":1,"bm":0,"nm":"Fill 1","mn":"ADBE Vector Graphic - Fill","hd":false},{"ty":"tr","p":{"a":0,"k":[0,0],"ix":2},"a":{"a":0,"k":[0,0],"ix":1},"s":{"a":0,"k":[100,100],"ix":3},"r":{"a":0,"k":0,"ix":6},"o":{"a":0,"k":100,"ix":7},"sk":{"a":0,"k":0,"ix":4},"sa":{"a":0,"k":0,"ix":5},"nm":"Transform"}],"nm":"Shape 1","np":4,"cix":2,"bm":0,"ix":1,"mn":"ADBE Vector Group","hd":false}],"ip":0,"op":87.5,"st":-25,"bm":0},{"ddd":0,"ind":9,"ty":3,"nm":"Null Blush","parent":2,"sr":1,"ks":{"o":{"a":0,"k":0,"ix":11},"r":{"a":0,"k":0,"ix":10},"p":{"a":0,"k":[0,-16.958,0],"ix":2,"l":2},"a":{"a":0,"k":[0,0,0],"ix":1,"l":2},"s":{"a":0,"k":[100,100,100],"ix":6,"l":2}},"ao":0,"ip":0,"op":87.5,"st":-7.5,"bm":0},{"ddd":0,"ind":10,"ty":4,"nm":"blush L","parent":9,"sr":1,"ks":{"o":{"a":1,"k":[{"i":{"x":[0.667],"y":[1]},"o":{"x":[0.333],"y":[0]},"t":5,"s":[0]},{"i":{"x":[0],"y":[1]},"o":{"x":[0.333],"y":[0]},"t":17.5,"s":[80]},{"i":{"x":[0.667],"y":[1]},"o":{"x":[1],"y":[0]},"t":27.5,"s":[80]},{"i":{"x":[0.667],"y":[1]},"o":{"x":[0.333],"y":[0]},"t":42.5,"s":[80]},{"t":72.5,"s":[0]}],"ix":11},"r":{"a":0,"k":0,"ix":10},"p":{"a":0,"k":[-289.6,106.558,0],"ix":2,"l":2},"a":{"a":0,"k":[83.15,23.253,0],"ix":1,"l":2},"s":{"a":1,"k":[{"i":{"x":[0,0,0.667],"y":[1,1,1]},"o":{"x":[0.167,0.167,0.167],"y":[0.167,0.167,-1.411]},"t":15,"s":[950,950,100]},{"i":{"x":[0.667,0.667,0.667],"y":[1,1,1]},"o":{"x":[1,1,0.333],"y":[0,0,0]},"t":27.5,"s":[1000,1000,100]},{"i":{"x":[0.667,0.667,0.667],"y":[1,1,1]},"o":{"x":[0.333,0.333,0.333],"y":[0,0,0]},"t":42.5,"s":[1000,1000,100]},{"t":72.5,"s":[600,600,100]}],"ix":6,"l":2}},"ao":0,"shapes":[{"ty":"gr","it":[{"ind":0,"ty":"sh","ix":1,"ks":{"a":0,"k":{"i":[[0,-9.113],[-9.665,0],[0,9.113],[9.665,0]],"o":[[0,9.113],[9.665,0],[0,-9.113],[-9.665,0]],"v":[[-12.5,0],[5,16.5],[22.5,0],[5,-16.5]],"c":true},"ix":2},"nm":"Path 2","mn":"ADBE Vector Shape - Group","hd":false},{"ty":"gf","o":{"a":0,"k":100,"ix":10},"r":1,"bm":0,"g":{"p":3,"k":{"a":0,"k":[0,0.929,0.467,0.439,0.95,0.929,0.467,0.439,1,0.929,0.467,0.439,0,1,0.344,0.75,0.5,0.5,0.66,0.25,1,0],"ix":9}},"s":{"a":0,"k":[4.5,0],"ix":5},"e":{"a":1,"k":[{"i":{"x":0,"y":1},"o":{"x":0.167,"y":0.167},"t":15,"s":[20,0],"to":[0,0],"ti":[0,0]},{"i":{"x":0.667,"y":0.667},"o":{"x":1,"y":1},"t":27.5,"s":[22,0],"to":[0,0],"ti":[0,0]},{"t":42.5,"s":[22,0]}],"ix":6},"t":2,"h":{"a":0,"k":0,"ix":7},"a":{"a":0,"k":0,"ix":8},"nm":"Gradient Fill 1","mn":"ADBE Vector Graphic - G-Fill","hd":false},{"ty":"tr","p":{"a":0,"k":[78.15,23.253],"ix":2},"a":{"a":0,"k":[0,0],"ix":1},"s":{"a":0,"k":[100,100],"ix":3},"r":{"a":0,"k":0,"ix":6},"o":{"a":0,"k":100,"ix":7},"sk":{"a":0,"k":0,"ix":4},"sa":{"a":0,"k":0,"ix":5},"nm":"Transform"}],"nm":"Group 3","np":2,"cix":2,"bm":0,"ix":1,"mn":"ADBE Vector Group","hd":false}],"ip":0,"op":87.5,"st":-7.5,"bm":0},{"ddd":0,"ind":11,"ty":4,"nm":"blush R","parent":9,"sr":1,"ks":{"o":{"a":1,"k":[{"i":{"x":[0.667],"y":[1]},"o":{"x":[0.333],"y":[0]},"t":5,"s":[0]},{"i":{"x":[0],"y":[1]},"o":{"x":[0.333],"y":[0]},"t":17.5,"s":[80]},{"i":{"x":[0.667],"y":[1]},"o":{"x":[1],"y":[0]},"t":27.5,"s":[80]},{"i":{"x":[0.667],"y":[1]},"o":{"x":[0.333],"y":[0]},"t":42.5,"s":[80]},{"t":72.5,"s":[0]}],"ix":11},"r":{"a":0,"k":0,"ix":10},"p":{"a":0,"k":[289.6,106.558,0],"ix":2,"l":2},"a":{"a":0,"k":[83.15,23.253,0],"ix":1,"l":2},"s":{"a":1,"k":[{"i":{"x":[0,0,0.667],"y":[1,1,1]},"o":{"x":[0.167,0.167,0.167],"y":[0.167,0.167,-1.72]},"t":15,"s":[950,950,100]},{"i":{"x":[0.667,0.667,0.667],"y":[1,1,1]},"o":{"x":[1,1,0.333],"y":[0,0,0]},"t":27.5,"s":[1000,1000,100]},{"i":{"x":[0.667,0.667,0.667],"y":[1,1,1]},"o":{"x":[0.333,0.333,0.333],"y":[0,0,0]},"t":42.5,"s":[1000,1000,100]},{"t":72.5,"s":[600,600,100]}],"ix":6,"l":2}},"ao":0,"shapes":[{"ty":"gr","it":[{"ind":0,"ty":"sh","ix":1,"ks":{"a":0,"k":{"i":[[0,-9.113],[-9.665,0],[0,9.113],[9.665,0]],"o":[[0,9.113],[9.665,0],[0,-9.113],[-9.665,0]],"v":[[-12.5,0],[5,16.5],[22.5,0],[5,-16.5]],"c":true},"ix":2},"nm":"Path 2","mn":"ADBE Vector Shape - Group","hd":false},{"ty":"gf","o":{"a":0,"k":100,"ix":10},"r":1,"bm":0,"g":{"p":3,"k":{"a":0,"k":[0,0.929,0.467,0.439,0.95,0.929,0.467,0.439,1,0.929,0.467,0.439,0,1,0.344,0.75,0.5,0.5,0.66,0.25,1,0],"ix":9}},"s":{"a":0,"k":[4.5,0],"ix":5},"e":{"a":1,"k":[{"i":{"x":0,"y":1},"o":{"x":0.167,"y":0.167},"t":15,"s":[20,0],"to":[0,0],"ti":[0,0]},{"i":{"x":0.667,"y":0.667},"o":{"x":1,"y":1},"t":27.5,"s":[22,0],"to":[0,0],"ti":[0,0]},{"t":42.5,"s":[22,0]}],"ix":6},"t":2,"h":{"a":0,"k":0,"ix":7},"a":{"a":0,"k":0,"ix":8},"nm":"Gradient Fill 1","mn":"ADBE Vector Graphic - G-Fill","hd":false},{"ty":"tr","p":{"a":0,"k":[78.15,23.253],"ix":2},"a":{"a":0,"k":[0,0],"ix":1},"s":{"a":0,"k":[100,100],"ix":3},"r":{"a":0,"k":0,"ix":6},"o":{"a":0,"k":100,"ix":7},"sk":{"a":0,"k":0,"ix":4},"sa":{"a":0,"k":0,"ix":5},"nm":"Transform"}],"nm":"Group 3","np":2,"cix":2,"bm":0,"ix":1,"mn":"ADBE Vector Group","hd":false}],"ip":0,"op":87.5,"st":-7.5,"bm":0},{"ddd":0,"ind":12,"ty":4,"nm":"base matte","parent":14,"td":1,"sr":1,"ks":{"o":{"a":0,"k":100,"ix":11},"r":{"a":0,"k":0,"ix":10},"p":{"s":true,"x":{"a":0,"k":-2,"ix":3},"y":{"a":0,"k":-3,"ix":4}},"a":{"a":0,"k":[0,0,0],"ix":1,"l":2},"s":{"a":0,"k":[100,100,100],"ix":6,"l":2}},"ao":0,"shapes":[{"ty":"gr","it":[{"ind":0,"ty":"sh","ix":1,"ks":{"a":0,"k":{"i":[[15.4,0],[0,38.4],[-27.9,0],[-10.6,-9.3],[0,-16.9],[11.5,-10.2]],"o":[[-27.9,0],[0,-38.4],[15.5,0],[11.5,10.2],[0,16.9],[-10.6,9.3]],"v":[[0,55.9],[-58,0],[0,-55.9],[40.4,-41.5],[58,0],[40.4,41.4]],"c":true},"ix":2},"nm":"Path 1","mn":"ADBE Vector Shape - Group","hd":false},{"ty":"fl","c":{"a":0,"k":[0.921568627451,0.560784313725,0,1],"ix":4},"o":{"a":0,"k":100,"ix":5},"r":1,"bm":0,"nm":"Fill 1","mn":"ADBE Vector Graphic - Fill","hd":false},{"ty":"tr","p":{"a":0,"k":[0,0],"ix":2},"a":{"a":0,"k":[0,0],"ix":1},"s":{"a":0,"k":[100,100],"ix":3},"r":{"a":0,"k":0,"ix":6},"o":{"a":0,"k":100,"ix":7},"sk":{"a":0,"k":0,"ix":4},"sa":{"a":0,"k":0,"ix":5},"nm":"Transform"}],"nm":"Group 1","np":2,"cix":2,"bm":0,"ix":1,"mn":"ADBE Vector Group","hd":false}],"ip":0,"op":87.5,"st":-7.5,"bm":0},{"ddd":0,"ind":13,"ty":4,"nm":"base shadow","parent":14,"tt":2,"sr":1,"ks":{"o":{"a":0,"k":100,"ix":11},"r":{"a":0,"k":0,"ix":10},"p":{"s":true,"x":{"a":0,"k":0,"ix":3},"y":{"a":0,"k":0,"ix":4}},"a":{"a":0,"k":[0,0,0],"ix":1,"l":2},"s":{"a":0,"k":[100,100,100],"ix":6,"l":2}},"ao":0,"shapes":[{"ty":"gr","it":[{"ind":0,"ty":"sh","ix":1,"ks":{"a":0,"k":{"i":[[15.4,0],[0,38.4],[-27.9,0],[-10.6,-9.3],[0,-16.9],[11.5,-10.2]],"o":[[-27.9,0],[0,-38.4],[15.5,0],[11.5,10.2],[0,16.9],[-10.6,9.3]],"v":[[0,55.9],[-58,0],[0,-55.9],[40.4,-41.5],[58,0],[40.4,41.4]],"c":true},"ix":2},"nm":"Path 1","mn":"ADBE Vector Shape - Group","hd":false},{"ty":"fl","c":{"a":0,"k":[0.921568627451,0.560784313725,0,1],"ix":4},"o":{"a":0,"k":100,"ix":5},"r":1,"bm":0,"nm":"Fill 1","mn":"ADBE Vector Graphic - Fill","hd":false},{"ty":"tr","p":{"a":0,"k":[0,0],"ix":2},"a":{"a":0,"k":[0,0],"ix":1},"s":{"a":0,"k":[100,100],"ix":3},"r":{"a":0,"k":0,"ix":6},"o":{"a":0,"k":100,"ix":7},"sk":{"a":0,"k":0,"ix":4},"sa":{"a":0,"k":0,"ix":5},"nm":"Transform"}],"nm":"Group 1","np":2,"cix":2,"bm":0,"ix":1,"mn":"ADBE Vector Group","hd":false}],"ip":0,"op":87.5,"st":-7.5,"bm":0},{"ddd":0,"ind":14,"ty":4,"nm":"base","parent":1,"sr":1,"ks":{"o":{"a":0,"k":100,"ix":11},"r":{"a":0,"k":0,"ix":10},"p":{"s":true,"x":{"a":0,"k":0,"ix":3},"y":{"a":0,"k":0,"ix":4}},"a":{"a":0,"k":[0,0,0],"ix":1,"l":2},"s":{"a":0,"k":[800,800,100],"ix":6,"l":2}},"ao":0,"shapes":[{"ty":"gr","it":[{"ind":0,"ty":"sh","ix":1,"ks":{"a":0,"k":{"i":[[15.4,0],[0,38.4],[-27.9,0],[-10.6,-9.3],[0,-16.9],[11.5,-10.2]],"o":[[-27.9,0],[0,-38.4],[15.5,0],[11.5,10.2],[0,16.9],[-10.6,9.3]],"v":[[0,55.9],[-58,0],[0,-55.9],[40.4,-41.5],[58,0],[40.4,41.4]],"c":true},"ix":2},"nm":"Path 1","mn":"ADBE Vector Shape - Group","hd":false},{"ty":"gf","o":{"a":0,"k":100,"ix":10},"r":1,"bm":0,"g":{"p":5,"k":{"a":0,"k":[0.48,0.992,0.878,0.188,0.691,0.98,0.816,0.178,0.902,0.969,0.753,0.169,0.966,0.963,0.694,0.153,1,0.957,0.635,0.137],"ix":9}},"s":{"a":0,"k":[0,0],"ix":5},"e":{"a":0,"k":[56.225,0],"ix":6},"t":2,"h":{"a":0,"k":0,"ix":7},"a":{"a":0,"k":0,"ix":8},"nm":"Gradient Fill 1","mn":"ADBE Vector Graphic - G-Fill","hd":false},{"ty":"tr","p":{"a":0,"k":[0,0],"ix":2},"a":{"a":0,"k":[0,0],"ix":1},"s":{"a":0,"k":[100,100],"ix":3},"r":{"a":0,"k":0,"ix":6},"o":{"a":0,"k":100,"ix":7},"sk":{"a":0,"k":0,"ix":4},"sa":{"a":0,"k":0,"ix":5},"nm":"Transform"}],"nm":"Group 1","np":2,"cix":2,"bm":0,"ix":1,"mn":"ADBE Vector Group","hd":false}],"ip":0,"op":87.5,"st":-7.5,"bm":0}],"markers":[{"tm":15,"cm":"rest","dr":0}]}