{"v":"5.8.1","fr":60,"ip":0,"op":170,"w":1024,"h":1024,"nm":"u1f989","ddd":0,"assets":[],"layers":[{"ddd":0,"ind":1,"ty":4,"nm":"beak","parent":9,"sr":1,"ks":{"o":{"a":0,"k":100,"ix":11},"r":{"a":0,"k":0,"ix":10},"p":{"a":0,"k":[299.29,317.13,0],"ix":2,"l":2},"a":{"a":0,"k":[45.13,98.49,0],"ix":1,"l":2},"s":{"a":0,"k":[100,100,100],"ix":6,"l":2}},"ao":0,"shapes":[{"ty":"gr","it":[{"ind":0,"ty":"sh","ix":1,"ks":{"a":1,"k":[{"i":{"x":0.833,"y":1},"o":{"x":0.333,"y":0},"t":34,"s":[{"i":[[-17.68,0.32],[-5.6,-13.52],[2.24,-2.96],[17.68,0],[0.4,4.88],[-4.88,7.28]],"o":[[25.92,-0.56],[3.36,8.08],[-2.24,3.04],[-17.68,0],[-0.4,-4.88],[9.04,-13.52]],"v":[[0.24,-32],[39.28,-3.12],[42.64,24.64],[3.2,32.56],[-44.48,21.28],[-35.12,-9.12]],"c":true}]},{"i":{"x":0.667,"y":1},"o":{"x":0.167,"y":0},"t":112,"s":[{"i":[[-17.68,0.32],[-5.6,-13.52],[2.24,-2.96],[17.68,0],[0.4,4.88],[-4.88,7.28]],"o":[[25.92,-0.56],[3.36,8.08],[-2.24,3.04],[-17.68,0],[-0.4,-4.88],[9.04,-13.52]],"v":[[0.24,-32],[39.28,-3.12],[42.64,24.64],[3.2,32.56],[-44.48,21.28],[-35.12,-9.12]],"c":true}]},{"t":120,"s":[{"i":[[-17.68,0.32],[-5.6,-13.52],[2.24,-2.96],[17.68,0],[0.4,4.88],[-4.88,7.28]],"o":[[25.92,-0.56],[3.36,8.08],[-2.24,3.04],[-17.68,0],[-0.4,-4.88],[9.04,-13.52]],"v":[[0.24,-32],[39.28,-3.12],[42.64,24.64],[3.2,32.56],[-44.48,21.28],[-35.12,-9.12]],"c":true}]}],"ix":2},"nm":"Path 1","mn":"ADBE Vector Shape - Group","hd":false},{"ty":"fl","c":{"a":0,"k":[0.995999983245,0.725,0.011999999776,1],"ix":4},"o":{"a":0,"k":100,"ix":5},"r":1,"bm":0,"nm":"Fill 1","mn":"ADBE Vector Graphic - Fill","hd":false},{"ty":"tr","p":{"a":0,"k":[45.13,32.81],"ix":2},"a":{"a":0,"k":[0,0],"ix":1},"s":{"a":0,"k":[100,100],"ix":3},"r":{"a":0,"k":0,"ix":6},"o":{"a":0,"k":100,"ix":7},"sk":{"a":0,"k":0,"ix":4},"sa":{"a":0,"k":0,"ix":5},"nm":"Transform"}],"nm":"Group 1","np":2,"cix":2,"bm":0,"ix":1,"mn":"ADBE Vector Group","hd":false},{"ty":"gr","it":[{"ind":0,"ty":"sh","ix":1,"ks":{"a":1,"k":[{"i":{"x":0.667,"y":1},"o":{"x":0.333,"y":0},"t":34,"s":[{"i":[[0,0],[-1.28,-16.56],[-7.04,-14.08],[-5.6,0],[-6.72,15.2],[-2.64,29.68],[0,0]],"o":[[0,0],[1.84,23.68],[7.52,15.04],[5.6,0],[5.6,-12.8],[2.24,-25.2],[0,0]],"v":[[-38.76,-75.84],[-38.76,-10.48],[-24.84,44.32],[-0.44,75.84],[23.56,44.72],[37.8,-14.96],[40.04,-70.56]],"c":true}]},{"i":{"x":0.667,"y":1},"o":{"x":0.333,"y":0},"t":44,"s":[{"i":[[0,0],[-1.28,-16.56],[-4.464,-12.88],[-5.6,0],[-7.827,15.161],[-7.377,30.878],[0,0]],"o":[[0,0],[1.84,23.68],[5.507,15.888],[5.6,0],[5.6,-12.8],[5.879,-24.607],[0,0]],"v":[[-38.76,-75.84],[-45.969,-12.934],[-36.918,43.537],[-16.718,75.985],[12.522,43.528],[32.448,-15.742],[40.04,-70.56]],"c":true}]},{"i":{"x":0.833,"y":1},"o":{"x":0.167,"y":0},"t":52,"s":[{"i":[[0,0],[-1.28,-16.56],[-7.04,-14.08],[-5.6,0],[-6.72,15.2],[-2.64,29.68],[0,0]],"o":[[0,0],[1.84,23.68],[7.52,15.04],[5.6,0],[5.6,-12.8],[2.24,-25.2],[0,0]],"v":[[-38.76,-75.84],[-38.76,-10.48],[-24.84,44.32],[-0.44,75.84],[23.56,44.72],[37.8,-14.96],[40.04,-70.56]],"c":true}]},{"i":{"x":0.667,"y":1},"o":{"x":0.167,"y":0},"t":112,"s":[{"i":[[0,0],[-1.28,-16.56],[-7.04,-14.08],[-5.6,0],[-6.72,15.2],[-2.64,29.68],[0,0]],"o":[[0,0],[1.84,23.68],[7.52,15.04],[5.6,0],[5.6,-12.8],[2.24,-25.2],[0,0]],"v":[[-38.76,-75.84],[-38.76,-10.48],[-24.84,44.32],[-0.44,75.84],[23.56,44.72],[37.8,-14.96],[40.04,-70.56]],"c":true}]},{"t":120,"s":[{"i":[[0,0],[-1.28,-16.56],[-7.04,-14.08],[-5.6,0],[-6.72,15.2],[-2.64,29.68],[0,0]],"o":[[0,0],[1.84,23.68],[7.52,15.04],[5.6,0],[5.6,-12.8],[2.24,-25.2],[0,0]],"v":[[-38.76,-75.84],[-38.76,-10.48],[-24.84,44.32],[-0.44,75.84],[23.56,44.72],[37.8,-14.96],[40.04,-70.56]],"c":true}]}],"ix":2},"nm":"Path 1","mn":"ADBE Vector Shape - Group","hd":false},{"ty":"fl","c":{"a":0,"k":[0.184000007779,0.184000007779,0.184000007779,1],"ix":4},"o":{"a":0,"k":100,"ix":5},"r":1,"bm":0,"nm":"Fill 1","mn":"ADBE Vector Graphic - Fill","hd":false},{"ty":"tr","p":{"a":0,"k":[45.41,120.89],"ix":2},"a":{"a":0,"k":[0,0],"ix":1},"s":{"a":0,"k":[100,100],"ix":3},"r":{"a":0,"k":0,"ix":6},"o":{"a":0,"k":100,"ix":7},"sk":{"a":0,"k":0,"ix":4},"sa":{"a":0,"k":0,"ix":5},"nm":"Transform"}],"nm":"Group 2","np":2,"cix":2,"bm":0,"ix":2,"mn":"ADBE Vector Group","hd":false}],"ip":0,"op":170,"st":0,"bm":0},{"ddd":0,"ind":2,"ty":4,"nm":"blink","parent":9,"sr":1,"ks":{"o":{"a":0,"k":100,"ix":11},"r":{"a":0,"k":0,"ix":10},"p":{"a":0,"k":[298.948,230.959,0],"ix":2,"l":2},"a":{"a":0,"k":[204.463,8.088,0],"ix":1,"l":2},"s":{"a":0,"k":[100,100,100],"ix":6,"l":2}},"ao":0,"shapes":[{"ty":"gr","it":[{"ind":0,"ty":"sh","ix":1,"ks":{"a":0,"k":{"i":[[0,0],[0,0]],"o":[[0,0],[0,0]],"v":[[-72.987,-0.088],[72.987,0.088]],"c":false},"ix":2},"nm":"Path 1","mn":"ADBE Vector Shape - Group","hd":false},{"ty":"st","c":{"a":0,"k":[0.184000007779,0.184000007779,0.184000007779,1],"ix":3},"o":{"a":0,"k":100,"ix":4},"w":{"a":0,"k":16,"ix":5},"lc":2,"lj":1,"ml":10,"bm":0,"nm":"Stroke 1","mn":"ADBE Vector Graphic - Stroke","hd":false},{"ty":"tr","p":{"a":0,"k":[327.939,8.088],"ix":2},"a":{"a":0,"k":[0,0],"ix":1},"s":{"a":0,"k":[100,100],"ix":3},"r":{"a":0,"k":0,"ix":6},"o":{"a":0,"k":100,"ix":7},"sk":{"a":0,"k":0,"ix":4},"sa":{"a":0,"k":0,"ix":5},"nm":"Transform"}],"nm":"Group 1","np":2,"cix":2,"bm":0,"ix":1,"mn":"ADBE Vector Group","hd":false},{"ty":"gr","it":[{"ind":0,"ty":"sh","ix":1,"ks":{"a":0,"k":{"i":[[0,0],[0,0]],"o":[[0,0],[0,0]],"v":[[-72.987,-0.088],[72.987,0.088]],"c":false},"ix":2},"nm":"Path 1","mn":"ADBE Vector Shape - Group","hd":false},{"ty":"st","c":{"a":0,"k":[0.184000007779,0.184000007779,0.184000007779,1],"ix":3},"o":{"a":0,"k":100,"ix":4},"w":{"a":0,"k":16,"ix":5},"lc":2,"lj":1,"ml":10,"bm":0,"nm":"Stroke 1","mn":"ADBE Vector Graphic - Stroke","hd":false},{"ty":"tr","p":{"a":0,"k":[80.987,8.088],"ix":2},"a":{"a":0,"k":[0,0],"ix":1},"s":{"a":0,"k":[100,100],"ix":3},"r":{"a":0,"k":0,"ix":6},"o":{"a":0,"k":100,"ix":7},"sk":{"a":0,"k":0,"ix":4},"sa":{"a":0,"k":0,"ix":5},"nm":"Transform"}],"nm":"Group 2","np":2,"cix":2,"bm":0,"ix":2,"mn":"ADBE Vector Group","hd":false}],"ip":50,"op":62,"st":62,"bm":0},{"ddd":0,"ind":3,"ty":4,"nm":"Eyes","parent":9,"sr":1,"ks":{"o":{"a":0,"k":100,"ix":11},"r":{"a":0,"k":0,"ix":10},"p":{"a":0,"k":[294.01,242.13,0],"ix":2,"l":2},"a":{"a":0,"k":[237.77,122.45,0],"ix":1,"l":2},"s":{"a":0,"k":[100,100,100],"ix":6,"l":2}},"ao":0,"shapes":[{"ty":"gr","it":[{"ind":0,"ty":"sh","ix":1,"ks":{"a":1,"k":[{"i":{"x":0,"y":1},"o":{"x":0.167,"y":0.167},"t":62,"s":[{"i":[[13.12,-22.8],[27.04,17.28],[-13.12,22.88],[-23.864,-12.935]],"o":[[-13.04,22.8],[-22.96,-14.64],[13.04,-22.8],[25.556,13.852]],"v":[[42.247,18.349],[-32.873,30.749],[-42.916,-20.646],[25.004,-36.806]],"c":true}]},{"t":66,"s":[{"i":[[13.12,-22.8],[27.04,17.28],[-13.12,22.88],[-25.04,-10.48]],"o":[[-13.04,22.8],[-22.96,-14.64],[13.04,-22.8],[30.48,12.8]],"v":[[43.36,26.08],[-31.76,38.48],[-43.36,-29.12],[24.56,-45.28]],"c":true}]}],"ix":2},"nm":"Path 1","mn":"ADBE Vector Shape - Group","hd":false},{"ty":"fl","c":{"a":0,"k":[0.187999994615,0.195999998205,0.195999998205,1],"ix":4},"o":{"a":0,"k":100,"ix":5},"r":1,"bm":0,"nm":"Fill 1","mn":"ADBE Vector Graphic - Fill","hd":false},{"ty":"tr","p":{"a":0,"k":[125.93,105.21],"ix":2},"a":{"a":0,"k":[0,0],"ix":1},"s":{"a":0,"k":[100,100],"ix":3},"r":{"a":0,"k":0,"ix":6},"o":{"a":0,"k":100,"ix":7},"sk":{"a":0,"k":0,"ix":4},"sa":{"a":0,"k":0,"ix":5},"nm":"Transform"}],"nm":"Group 1","np":2,"cix":2,"bm":0,"ix":1,"mn":"ADBE Vector Group","hd":false},{"ty":"gr","it":[{"ind":0,"ty":"sh","ix":1,"ks":{"a":1,"k":[{"i":{"x":0,"y":1},"o":{"x":0.167,"y":0.167},"t":62,"s":[{"i":[[-9.68,-24.48],[25.28,-10],[9.68,24.48],[-25.36,10.08]],"o":[[9.6,24.48],[-25.36,10],[-5.958,-11.629],[27.36,-10.88]],"v":[[46.21,-10.299],[24.718,38.58],[-42.642,12.26],[-19.39,-37.179]],"c":true}]},{"t":66,"s":[{"i":[[-9.68,-24.48],[25.28,-10],[9.68,24.48],[-25.36,10.08]],"o":[[9.6,24.48],[-25.36,10],[-9.6,-24.48],[27.36,-10.88]],"v":[[45.84,-17.36],[21.52,45.12],[-45.84,18.8],[-19.76,-44.24]],"c":true}]}],"ix":2},"nm":"Path 1","mn":"ADBE Vector Shape - Group","hd":false},{"ty":"fl","c":{"a":0,"k":[0.187999994615,0.195999998205,0.195999998205,1],"ix":4},"o":{"a":0,"k":100,"ix":5},"r":1,"bm":0,"nm":"Fill 1","mn":"ADBE Vector Graphic - Fill","hd":false},{"ty":"tr","p":{"a":0,"k":[361.85,110.57],"ix":2},"a":{"a":0,"k":[0,0],"ix":1},"s":{"a":0,"k":[100,100],"ix":3},"r":{"a":0,"k":0,"ix":6},"o":{"a":0,"k":100,"ix":7},"sk":{"a":0,"k":0,"ix":4},"sa":{"a":0,"k":0,"ix":5},"nm":"Transform"}],"nm":"Group 2","np":2,"cix":2,"bm":0,"ix":2,"mn":"ADBE Vector Group","hd":false},{"ty":"gr","it":[{"ind":0,"ty":"sh","ix":1,"ks":{"a":1,"k":[{"i":{"x":0,"y":1},"o":{"x":0.167,"y":0.167},"t":62,"s":[{"i":[[22.96,-30.8],[-32.8,-24.32],[-25.04,33.52],[32.72,24.4]],"o":[[-22.96,30.88],[32.8,24.32],[28.48,-38],[-32.72,-24.4]],"v":[[-59.756,-34.886],[-48.513,47.229],[53.567,39.71],[38.964,-48.086]],"c":true}]},{"t":66,"s":[{"i":[[22.96,-30.8],[-32.8,-24.32],[-25.04,33.52],[32.72,24.4]],"o":[[-22.96,30.88],[32.8,24.32],[28.48,-38],[-32.72,-24.4]],"v":[[-60.2,-43.36],[-47.4,54.96],[54.68,47.44],[38.52,-56.56]],"c":true}]}],"ix":2},"nm":"Path 1","mn":"ADBE Vector Shape - Group","hd":false},{"ty":"fl","c":{"a":0,"k":[1,0.995999983245,1,1],"ix":4},"o":{"a":0,"k":100,"ix":5},"r":1,"bm":0,"nm":"Fill 1","mn":"ADBE Vector Graphic - Fill","hd":false},{"ty":"tr","p":{"a":0,"k":[123.65,105.53],"ix":2},"a":{"a":0,"k":[0,0],"ix":1},"s":{"a":0,"k":[100,100],"ix":3},"r":{"a":0,"k":0,"ix":6},"o":{"a":0,"k":100,"ix":7},"sk":{"a":0,"k":0,"ix":4},"sa":{"a":0,"k":0,"ix":5},"nm":"Transform"}],"nm":"Group 3","np":2,"cix":2,"bm":0,"ix":3,"mn":"ADBE Vector Group","hd":false},{"ty":"gr","it":[{"ind":0,"ty":"sh","ix":1,"ks":{"a":1,"k":[{"i":{"x":0,"y":1},"o":{"x":0.167,"y":0.167},"t":62,"s":[{"i":[[-11.68,-36.72],[-38.88,12.32],[12.48,39.92],[38.96,-12.32]],"o":[[11.6,36.64],[38.88,-12.32],[-14.16,-45.28],[-38.96,12.24]],"v":[[-67.402,16.34],[26.438,60.26],[70.17,-17.339],[-24.07,-59.739]],"c":true}]},{"t":66,"s":[{"i":[[-11.68,-36.72],[-38.88,12.32],[12.48,39.92],[38.96,-12.32]],"o":[[11.6,36.64],[38.88,-12.32],[-14.16,-45.28],[-38.96,12.24]],"v":[[-70.6,22.88],[23.24,66.8],[69.8,-24.4],[-24.44,-66.8]],"c":true}]}],"ix":2},"nm":"Path 1","mn":"ADBE Vector Shape - Group","hd":false},{"ty":"fl","c":{"a":0,"k":[1,0.995999983245,1,1],"ix":4},"o":{"a":0,"k":100,"ix":5},"r":1,"bm":0,"nm":"Fill 1","mn":"ADBE Vector Graphic - Fill","hd":false},{"ty":"tr","p":{"a":0,"k":[364.21,113.29],"ix":2},"a":{"a":0,"k":[0,0],"ix":1},"s":{"a":0,"k":[100,100],"ix":3},"r":{"a":0,"k":0,"ix":6},"o":{"a":0,"k":100,"ix":7},"sk":{"a":0,"k":0,"ix":4},"sa":{"a":0,"k":0,"ix":5},"nm":"Transform"}],"nm":"Group 4","np":2,"cix":2,"bm":0,"ix":4,"mn":"ADBE Vector Group","hd":false},{"ty":"gr","it":[{"ind":0,"ty":"sh","ix":1,"ks":{"a":0,"k":{"i":[[-29.04,-52.8],[48.4,-20.96],[29.04,52.8],[-49.04,26.96]],"o":[[29.04,52.8],[-57.04,24.8],[-29.04,-52.8],[49.04,-26.96]],"v":[[88.68,-54.52],[57.72,97.4],[-88.68,44.84],[-49.48,-95.24]],"c":true},"ix":2},"nm":"Path 1","mn":"ADBE Vector Shape - Group","hd":false},{"ty":"fl","c":{"a":0,"k":[0.816000007181,0.501999978458,0.372999991623,1],"ix":4},"o":{"a":0,"k":100,"ix":5},"r":1,"bm":0,"nm":"Fill 1","mn":"ADBE Vector Graphic - Fill","hd":false},{"ty":"tr","p":{"a":0,"k":[117.97,122.45],"ix":2},"a":{"a":0,"k":[0,0],"ix":1},"s":{"a":0,"k":[100,100],"ix":3},"r":{"a":0,"k":0,"ix":6},"o":{"a":0,"k":100,"ix":7},"sk":{"a":0,"k":0,"ix":4},"sa":{"a":0,"k":0,"ix":5},"nm":"Transform"}],"nm":"Group 5","np":2,"cix":2,"bm":0,"ix":5,"mn":"ADBE Vector Group","hd":false},{"ty":"gr","it":[{"ind":0,"ty":"sh","ix":1,"ks":{"a":0,"k":{"i":[[0,-58.4],[65.44,-7.36],[0,58.4],[-56,0]],"o":[[0,58.4],[-70.88,8],[0,-58.4],[56,0]],"v":[[101.4,-10.04],[4.52,101.08],[-101.4,-3.32],[-0.04,-109.08]],"c":true},"ix":2},"nm":"Path 1","mn":"ADBE Vector Shape - Group","hd":false},{"ty":"fl","c":{"a":0,"k":[0.816000007181,0.501999978458,0.372999991623,1],"ix":4},"o":{"a":0,"k":100,"ix":5},"r":1,"bm":0,"nm":"Fill 1","mn":"ADBE Vector Graphic - Fill","hd":false},{"ty":"tr","p":{"a":0,"k":[373.89,127.81],"ix":2},"a":{"a":0,"k":[0,0],"ix":1},"s":{"a":0,"k":[100,100],"ix":3},"r":{"a":0,"k":0,"ix":6},"o":{"a":0,"k":100,"ix":7},"sk":{"a":0,"k":0,"ix":4},"sa":{"a":0,"k":0,"ix":5},"nm":"Transform"}],"nm":"Group 6","np":2,"cix":2,"bm":0,"ix":6,"mn":"ADBE Vector Group","hd":false}],"ip":62,"op":170,"st":4,"bm":0},{"ddd":0,"ind":4,"ty":4,"nm":"Eyes","parent":9,"sr":1,"ks":{"o":{"a":0,"k":100,"ix":11},"r":{"a":0,"k":0,"ix":10},"p":{"a":0,"k":[294.01,242.13,0],"ix":2,"l":2},"a":{"a":0,"k":[237.77,122.45,0],"ix":1,"l":2},"s":{"a":0,"k":[100,100,100],"ix":6,"l":2}},"ao":0,"shapes":[{"ty":"gr","it":[{"ind":0,"ty":"sh","ix":1,"ks":{"a":1,"k":[{"i":{"x":0.833,"y":0.833},"o":{"x":1,"y":0},"t":44,"s":[{"i":[[13.12,-22.8],[27.04,17.28],[-13.12,22.88],[-25.04,-10.48]],"o":[[-13.04,22.8],[-22.96,-14.64],[13.04,-22.8],[30.48,12.8]],"v":[[43.36,26.08],[-31.76,38.48],[-43.36,-29.12],[24.56,-45.28]],"c":true}]},{"t":50,"s":[{"i":[[13.12,-22.8],[27.04,17.28],[-13.12,22.88],[-23.864,-12.935]],"o":[[-13.04,22.8],[-22.96,-14.64],[13.04,-22.8],[25.556,13.852]],"v":[[42.247,18.349],[-32.873,30.749],[-42.916,-20.646],[25.004,-36.806]],"c":true}]}],"ix":2},"nm":"Path 1","mn":"ADBE Vector Shape - Group","hd":false},{"ty":"fl","c":{"a":0,"k":[0.187999994615,0.195999998205,0.195999998205,1],"ix":4},"o":{"a":0,"k":100,"ix":5},"r":1,"bm":0,"nm":"Fill 1","mn":"ADBE Vector Graphic - Fill","hd":false},{"ty":"tr","p":{"a":0,"k":[125.93,105.21],"ix":2},"a":{"a":0,"k":[0,0],"ix":1},"s":{"a":0,"k":[100,100],"ix":3},"r":{"a":0,"k":0,"ix":6},"o":{"a":0,"k":100,"ix":7},"sk":{"a":0,"k":0,"ix":4},"sa":{"a":0,"k":0,"ix":5},"nm":"Transform"}],"nm":"Group 1","np":2,"cix":2,"bm":0,"ix":1,"mn":"ADBE Vector Group","hd":false},{"ty":"gr","it":[{"ind":0,"ty":"sh","ix":1,"ks":{"a":1,"k":[{"i":{"x":0.833,"y":0.833},"o":{"x":1,"y":0},"t":44,"s":[{"i":[[-9.68,-24.48],[25.28,-10],[9.68,24.48],[-25.36,10.08]],"o":[[9.6,24.48],[-25.36,10],[-9.6,-24.48],[27.36,-10.88]],"v":[[45.84,-17.36],[21.52,45.12],[-45.84,18.8],[-19.76,-44.24]],"c":true}]},{"t":50,"s":[{"i":[[-9.68,-24.48],[25.28,-10],[9.68,24.48],[-25.36,10.08]],"o":[[9.6,24.48],[-25.36,10],[-5.958,-11.629],[27.36,-10.88]],"v":[[46.21,-10.299],[24.718,38.58],[-42.642,12.26],[-19.39,-37.179]],"c":true}]}],"ix":2},"nm":"Path 1","mn":"ADBE Vector Shape - Group","hd":false},{"ty":"fl","c":{"a":0,"k":[0.187999994615,0.195999998205,0.195999998205,1],"ix":4},"o":{"a":0,"k":100,"ix":5},"r":1,"bm":0,"nm":"Fill 1","mn":"ADBE Vector Graphic - Fill","hd":false},{"ty":"tr","p":{"a":0,"k":[361.85,110.57],"ix":2},"a":{"a":0,"k":[0,0],"ix":1},"s":{"a":0,"k":[100,100],"ix":3},"r":{"a":0,"k":0,"ix":6},"o":{"a":0,"k":100,"ix":7},"sk":{"a":0,"k":0,"ix":4},"sa":{"a":0,"k":0,"ix":5},"nm":"Transform"}],"nm":"Group 2","np":2,"cix":2,"bm":0,"ix":2,"mn":"ADBE Vector Group","hd":false},{"ty":"gr","it":[{"ind":0,"ty":"sh","ix":1,"ks":{"a":1,"k":[{"i":{"x":0.833,"y":0.833},"o":{"x":1,"y":0},"t":44,"s":[{"i":[[22.96,-30.8],[-32.8,-24.32],[-25.04,33.52],[32.72,24.4]],"o":[[-22.96,30.88],[32.8,24.32],[28.48,-38],[-32.72,-24.4]],"v":[[-60.2,-43.36],[-47.4,54.96],[54.68,47.44],[38.52,-56.56]],"c":true}]},{"t":50,"s":[{"i":[[22.96,-30.8],[-32.8,-24.32],[-25.04,33.52],[32.72,24.4]],"o":[[-22.96,30.88],[32.8,24.32],[28.48,-38],[-32.72,-24.4]],"v":[[-59.756,-34.886],[-48.513,47.229],[53.567,39.709],[38.964,-48.086]],"c":true}]}],"ix":2},"nm":"Path 1","mn":"ADBE Vector Shape - Group","hd":false},{"ty":"fl","c":{"a":0,"k":[1,0.995999983245,1,1],"ix":4},"o":{"a":0,"k":100,"ix":5},"r":1,"bm":0,"nm":"Fill 1","mn":"ADBE Vector Graphic - Fill","hd":false},{"ty":"tr","p":{"a":0,"k":[123.65,105.53],"ix":2},"a":{"a":0,"k":[0,0],"ix":1},"s":{"a":0,"k":[100,100],"ix":3},"r":{"a":0,"k":0,"ix":6},"o":{"a":0,"k":100,"ix":7},"sk":{"a":0,"k":0,"ix":4},"sa":{"a":0,"k":0,"ix":5},"nm":"Transform"}],"nm":"Group 3","np":2,"cix":2,"bm":0,"ix":3,"mn":"ADBE Vector Group","hd":false},{"ty":"gr","it":[{"ind":0,"ty":"sh","ix":1,"ks":{"a":1,"k":[{"i":{"x":0.833,"y":0.833},"o":{"x":1,"y":0},"t":44,"s":[{"i":[[-11.68,-36.72],[-38.88,12.32],[12.48,39.92],[38.96,-12.32]],"o":[[11.6,36.64],[38.88,-12.32],[-14.16,-45.28],[-38.96,12.24]],"v":[[-70.6,22.88],[23.24,66.8],[69.8,-24.4],[-24.44,-66.8]],"c":true}]},{"t":50,"s":[{"i":[[-11.68,-36.72],[-38.88,12.32],[12.48,39.92],[38.96,-12.32]],"o":[[11.6,36.64],[38.88,-12.32],[-14.16,-45.28],[-38.96,12.24]],"v":[[-67.402,16.34],[26.438,60.26],[70.17,-17.339],[-24.07,-59.739]],"c":true}]}],"ix":2},"nm":"Path 1","mn":"ADBE Vector Shape - Group","hd":false},{"ty":"fl","c":{"a":0,"k":[1,0.995999983245,1,1],"ix":4},"o":{"a":0,"k":100,"ix":5},"r":1,"bm":0,"nm":"Fill 1","mn":"ADBE Vector Graphic - Fill","hd":false},{"ty":"tr","p":{"a":0,"k":[364.21,113.29],"ix":2},"a":{"a":0,"k":[0,0],"ix":1},"s":{"a":0,"k":[100,100],"ix":3},"r":{"a":0,"k":0,"ix":6},"o":{"a":0,"k":100,"ix":7},"sk":{"a":0,"k":0,"ix":4},"sa":{"a":0,"k":0,"ix":5},"nm":"Transform"}],"nm":"Group 4","np":2,"cix":2,"bm":0,"ix":4,"mn":"ADBE Vector Group","hd":false},{"ty":"gr","it":[{"ind":0,"ty":"sh","ix":1,"ks":{"a":0,"k":{"i":[[-29.04,-52.8],[48.4,-20.96],[29.04,52.8],[-49.04,26.96]],"o":[[29.04,52.8],[-57.04,24.8],[-29.04,-52.8],[49.04,-26.96]],"v":[[88.68,-54.52],[57.72,97.4],[-88.68,44.84],[-49.48,-95.24]],"c":true},"ix":2},"nm":"Path 1","mn":"ADBE Vector Shape - Group","hd":false},{"ty":"fl","c":{"a":0,"k":[0.816000007181,0.501999978458,0.372999991623,1],"ix":4},"o":{"a":0,"k":100,"ix":5},"r":1,"bm":0,"nm":"Fill 1","mn":"ADBE Vector Graphic - Fill","hd":false},{"ty":"tr","p":{"a":0,"k":[117.97,122.45],"ix":2},"a":{"a":0,"k":[0,0],"ix":1},"s":{"a":0,"k":[100,100],"ix":3},"r":{"a":0,"k":0,"ix":6},"o":{"a":0,"k":100,"ix":7},"sk":{"a":0,"k":0,"ix":4},"sa":{"a":0,"k":0,"ix":5},"nm":"Transform"}],"nm":"Group 5","np":2,"cix":2,"bm":0,"ix":5,"mn":"ADBE Vector Group","hd":false},{"ty":"gr","it":[{"ind":0,"ty":"sh","ix":1,"ks":{"a":0,"k":{"i":[[0,-58.4],[65.44,-7.36],[0,58.4],[-56,0]],"o":[[0,58.4],[-70.88,8],[0,-58.4],[56,0]],"v":[[101.4,-10.04],[4.52,101.08],[-101.4,-3.32],[-0.04,-109.08]],"c":true},"ix":2},"nm":"Path 1","mn":"ADBE Vector Shape - Group","hd":false},{"ty":"fl","c":{"a":0,"k":[0.816000007181,0.501999978458,0.372999991623,1],"ix":4},"o":{"a":0,"k":100,"ix":5},"r":1,"bm":0,"nm":"Fill 1","mn":"ADBE Vector Graphic - Fill","hd":false},{"ty":"tr","p":{"a":0,"k":[373.89,127.81],"ix":2},"a":{"a":0,"k":[0,0],"ix":1},"s":{"a":0,"k":[100,100],"ix":3},"r":{"a":0,"k":0,"ix":6},"o":{"a":0,"k":100,"ix":7},"sk":{"a":0,"k":0,"ix":4},"sa":{"a":0,"k":0,"ix":5},"nm":"Transform"}],"nm":"Group 6","np":2,"cix":2,"bm":0,"ix":6,"mn":"ADBE Vector Group","hd":false}],"ip":0,"op":50,"st":0,"bm":0},{"ddd":0,"ind":5,"ty":4,"nm":"Breast","parent":6,"sr":1,"ks":{"o":{"a":0,"k":100,"ix":11},"r":{"a":1,"k":[{"i":{"x":[0.667],"y":[1]},"o":{"x":[0.333],"y":[0]},"t":22,"s":[0]},{"i":{"x":[0.833],"y":[1]},"o":{"x":[0.333],"y":[0]},"t":34,"s":[-2]},{"i":{"x":[0.667],"y":[1]},"o":{"x":[0.167],"y":[0]},"t":112,"s":[-2]},{"i":{"x":[0.667],"y":[1]},"o":{"x":[0.333],"y":[0]},"t":120,"s":[-2]},{"t":130,"s":[0]}],"ix":10},"p":{"a":1,"k":[{"i":{"x":0.392,"y":1},"o":{"x":0.333,"y":0},"t":12,"s":[294.41,133.81,0],"to":[0,0,0],"ti":[0,0,0]},{"i":{"x":0.667,"y":1},"o":{"x":0.621,"y":0},"t":22,"s":[294.41,192.81,0],"to":[0,0,0],"ti":[0,0,0]},{"i":{"x":0.667,"y":1},"o":{"x":0.333,"y":0},"t":34,"s":[279.611,184.028,0],"to":[0,0,0],"ti":[0,0,0]},{"i":{"x":0.667,"y":0.77},"o":{"x":0.333,"y":0},"t":44,"s":[290.747,143.764,0],"to":[0,0,0],"ti":[0,0,0]},{"i":{"x":0.667,"y":0.667},"o":{"x":0.333,"y":0.333},"t":54,"s":[290.464,145.207,0],"to":[0,0,0],"ti":[0,0,0]},{"i":{"x":0.667,"y":1},"o":{"x":0.333,"y":0.011},"t":112,"s":[290.464,145.207,0],"to":[0,0,0],"ti":[0,0,0]},{"i":{"x":0.667,"y":1},"o":{"x":0.333,"y":0},"t":120,"s":[279.606,167.782,0],"to":[0,0,0],"ti":[0,0,0]},{"i":{"x":0.667,"y":1},"o":{"x":0.333,"y":0},"t":130,"s":[294.34,129.81,0],"to":[0,0,0],"ti":[0,0,0]},{"t":140,"s":[294.41,133.81,0]}],"ix":2,"l":2},"a":{"a":0,"k":[225.93,63.33,0],"ix":1,"l":2},"s":{"a":1,"k":[{"i":{"x":[0.667,0.667,0.667],"y":[1,1,1]},"o":{"x":[0.333,0.333,0.333],"y":[0,0,0]},"t":12,"s":[100,100,100]},{"i":{"x":[0.833,0.833,0.833],"y":[1,1,1]},"o":{"x":[0.333,0.333,0.333],"y":[0,0,0]},"t":24,"s":[96,100,100]},{"t":44,"s":[100,100,100]}],"ix":6,"l":2}},"ao":0,"shapes":[{"ty":"gr","it":[{"ind":0,"ty":"sh","ix":1,"ks":{"a":0,"k":{"i":[[-13.84,0.399],[-15.44,-9.04],[35.68,-0.401],[-8.8,9.68]],"o":[[13.92,-0.4],[15.36,9.04],[-31.92,0.32],[13.52,-15.04]],"v":[[-1.44,-5.04],[30.88,-14.8],[-2.56,23.521],[-37.44,-7.999]],"c":true},"ix":2},"nm":"Path 1","mn":"ADBE Vector Shape - Group","hd":false},{"ty":"fl","c":{"a":0,"k":[0.816000007181,0.501999978458,0.372999991623,1],"ix":4},"o":{"a":0,"k":100,"ix":5},"r":1,"bm":0,"nm":"Fill 1","mn":"ADBE Vector Graphic - Fill","hd":false},{"ty":"tr","p":{"a":0,"k":[46.49,92.091],"ix":2},"a":{"a":0,"k":[0,0],"ix":1},"s":{"a":0,"k":[100,100],"ix":3},"r":{"a":0,"k":0,"ix":6},"o":{"a":0,"k":100,"ix":7},"sk":{"a":0,"k":0,"ix":4},"sa":{"a":0,"k":0,"ix":5},"nm":"Transform"}],"nm":"Group 1","np":2,"cix":2,"bm":0,"ix":1,"mn":"ADBE Vector Group","hd":false},{"ty":"gr","it":[{"ind":0,"ty":"sh","ix":1,"ks":{"a":0,"k":{"i":[[-18.72,1.12],[-21.76,-7.519],[35.28,0.399],[-8.64,7.92]],"o":[[16.16,-0.96],[18.4,6.401],[-31.52,-0.321],[17.12,-15.519]],"v":[[-1.12,-2.921],[34.16,-16.44],[-3.76,24.841],[-43.92,-9.72]],"c":true},"ix":2},"nm":"Path 1","mn":"ADBE Vector Shape - Group","hd":false},{"ty":"fl","c":{"a":0,"k":[0.816000007181,0.501999978458,0.372999991623,1],"ix":4},"o":{"a":0,"k":100,"ix":5},"r":1,"bm":0,"nm":"Fill 1","mn":"ADBE Vector Graphic - Fill","hd":false},{"ty":"tr","p":{"a":0,"k":[116.73,32.131],"ix":2},"a":{"a":0,"k":[0,0],"ix":1},"s":{"a":0,"k":[100,100],"ix":3},"r":{"a":0,"k":0,"ix":6},"o":{"a":0,"k":100,"ix":7},"sk":{"a":0,"k":0,"ix":4},"sa":{"a":0,"k":0,"ix":5},"nm":"Transform"}],"nm":"Group 2","np":2,"cix":2,"bm":0,"ix":2,"mn":"ADBE Vector Group","hd":false},{"ty":"gr","it":[{"ind":0,"ty":"sh","ix":1,"ks":{"a":0,"k":{"i":[[-25.52,-1.52],[-17.28,-8.321],[37.2,0.319],[-11.52,9.521]],"o":[[23.6,1.36],[17.28,8.239],[-42.08,-0.401],[16.56,-13.519]],"v":[[-2.28,-2.801],[40.12,-17.039],[-0.04,26.88],[-45.88,-13.68]],"c":true},"ix":2},"nm":"Path 1","mn":"ADBE Vector Shape - Group","hd":false},{"ty":"fl","c":{"a":0,"k":[0.816000007181,0.501999978458,0.372999991623,1],"ix":4},"o":{"a":0,"k":100,"ix":5},"r":1,"bm":0,"nm":"Fill 1","mn":"ADBE Vector Graphic - Fill","hd":false},{"ty":"tr","p":{"a":0,"k":[232.77,99.211],"ix":2},"a":{"a":0,"k":[0,0],"ix":1},"s":{"a":0,"k":[100,100],"ix":3},"r":{"a":0,"k":0,"ix":6},"o":{"a":0,"k":100,"ix":7},"sk":{"a":0,"k":0,"ix":4},"sa":{"a":0,"k":0,"ix":5},"nm":"Transform"}],"nm":"Group 3","np":2,"cix":2,"bm":0,"ix":3,"mn":"ADBE Vector Group","hd":false},{"ty":"gr","it":[{"ind":0,"ty":"sh","ix":1,"ks":{"a":0,"k":{"i":[[-22.96,2.24],[-12.72,-13.12],[32.24,-1.84],[-7.12,12.8]],"o":[[19.12,-1.84],[12.72,13.12],[-32.32,1.84],[7.12,-12.64]],"v":[[-2.8,-2.96],[38.48,-13.12],[-1.68,24.4],[-44.08,-3.04]],"c":true},"ix":2},"nm":"Path 1","mn":"ADBE Vector Shape - Group","hd":false},{"ty":"fl","c":{"a":0,"k":[0.816000007181,0.501999978458,0.372999991623,1],"ix":4},"o":{"a":0,"k":100,"ix":5},"r":1,"bm":0,"nm":"Fill 1","mn":"ADBE Vector Graphic - Fill","hd":false},{"ty":"tr","p":{"a":0,"k":[400.41,90.731],"ix":2},"a":{"a":0,"k":[0,0],"ix":1},"s":{"a":0,"k":[100,100],"ix":3},"r":{"a":0,"k":0,"ix":6},"o":{"a":0,"k":100,"ix":7},"sk":{"a":0,"k":0,"ix":4},"sa":{"a":0,"k":0,"ix":5},"nm":"Transform"}],"nm":"Group 4","np":2,"cix":2,"bm":0,"ix":4,"mn":"ADBE Vector Group","hd":false},{"ty":"gr","it":[{"ind":0,"ty":"sh","ix":1,"ks":{"a":0,"k":{"i":[[-15.36,-3.36],[-15.44,-12.401],[24,-0.8],[-8.96,15.76]],"o":[[13.36,2.96],[15.36,12.4],[-24,0.72],[9.04,-15.76]],"v":[[-3.2,-2.4],[32.48,-12.559],[2.08,24.24],[-38.88,-7.279]],"c":true},"ix":2},"nm":"Path 1","mn":"ADBE Vector Shape - Group","hd":false},{"ty":"fl","c":{"a":0,"k":[0.816000007181,0.501999978458,0.372999991623,1],"ix":4},"o":{"a":0,"k":100,"ix":5},"r":1,"bm":0,"nm":"Fill 1","mn":"ADBE Vector Graphic - Fill","hd":false},{"ty":"tr","p":{"a":0,"k":[343.69,25.211],"ix":2},"a":{"a":0,"k":[0,0],"ix":1},"s":{"a":0,"k":[100,100],"ix":3},"r":{"a":0,"k":0,"ix":6},"o":{"a":0,"k":100,"ix":7},"sk":{"a":0,"k":0,"ix":4},"sa":{"a":0,"k":0,"ix":5},"nm":"Transform"}],"nm":"Group 5","np":2,"cix":2,"bm":0,"ix":5,"mn":"ADBE Vector Group","hd":false}],"ip":0,"op":170,"st":0,"bm":0},{"ddd":0,"ind":6,"ty":4,"nm":"body","sr":1,"ks":{"o":{"a":0,"k":100,"ix":11},"r":{"a":1,"k":[{"i":{"x":[0.667],"y":[1]},"o":{"x":[0.621],"y":[0]},"t":22,"s":[0]},{"i":{"x":[0.833],"y":[1]},"o":{"x":[0.333],"y":[0]},"t":34,"s":[-14]},{"i":{"x":[0.667],"y":[1]},"o":{"x":[0.167],"y":[0]},"t":110,"s":[-14]},{"i":{"x":[0.667],"y":[1]},"o":{"x":[0.333],"y":[0]},"t":120,"s":[-14]},{"i":{"x":[0.833],"y":[1]},"o":{"x":[0.621],"y":[0]},"t":130,"s":[1]},{"t":140,"s":[0]}],"ix":10},"p":{"a":1,"k":[{"i":{"x":0.667,"y":1},"o":{"x":0.333,"y":0},"t":6,"s":[508.994,711.28,0],"to":[0,-1.333,0],"ti":[0,-0.667,0]},{"i":{"x":0.392,"y":1},"o":{"x":0.333,"y":0},"t":12,"s":[508.994,703.28,0],"to":[0,0.667,0],"ti":[-3,-0.333,0]},{"i":{"x":0.667,"y":1},"o":{"x":0.621,"y":0},"t":22,"s":[508.994,715.28,0],"to":[3,0.333,0],"ti":[-3,4.833,0]},{"i":{"x":0.667,"y":1},"o":{"x":0.333,"y":0},"t":34,"s":[526.994,705.28,0],"to":[3,-4.833,0],"ti":[0,1.5,0]},{"i":{"x":0.667,"y":1},"o":{"x":0.333,"y":0},"t":44,"s":[526.994,686.28,0],"to":[0,-1.5,0],"ti":[0,-1.333,0]},{"i":{"x":0.667,"y":1},"o":{"x":0.333,"y":0},"t":54,"s":[526.994,696.28,0],"to":[0,1.333,0],"ti":[0,0.333,0]},{"i":{"x":0.667,"y":0.667},"o":{"x":0.333,"y":0.333},"t":62,"s":[526.994,694.28,0],"to":[0,0,0],"ti":[0,0,0]},{"i":{"x":0.667,"y":1},"o":{"x":0.333,"y":0},"t":110,"s":[526.994,694.28,0],"to":[0,2.167,0],"ti":[3,-1.833,0]},{"i":{"x":0.667,"y":1},"o":{"x":0.333,"y":0},"t":120,"s":[526.994,707.28,0],"to":[-3,1.833,0],"ti":[3,-1,0]},{"i":{"x":0.667,"y":1},"o":{"x":0.333,"y":0},"t":130,"s":[508.994,705.28,0],"to":[-3,1,0],"ti":[0,-1,0]},{"i":{"x":0.667,"y":1},"o":{"x":0.333,"y":0},"t":140,"s":[508.994,713.28,0],"to":[0,1,0],"ti":[0,0.333,0]},{"t":148,"s":[508.994,711.28,0]}],"ix":2,"l":2},"a":{"a":0,"k":[291.164,219.451,0],"ix":1,"l":2},"s":{"a":0,"k":[100,100,100],"ix":6,"l":2}},"ao":0,"shapes":[{"ty":"gr","it":[{"ind":0,"ty":"sh","ix":1,"ks":{"a":1,"k":[{"i":{"x":0.392,"y":1},"o":{"x":0.333,"y":0},"t":12,"s":[{"i":[[18.058,-4.783],[0,0],[63.84,22.559],[24.263,3.53],[-10.824,-93.766],[-144.88,-0.721],[-8.4,95.2],[19.505,22.827]],"o":[[-51.041,13.52],[0,0],[-27.674,-9.781],[-18.566,20.804],[11.92,103.36],[164.48,0.88],[8.032,-91.44],[-19.447,1.027]],"v":[[122.276,-186.286],[6.676,-104.445],[-96.204,-173.565],[-177.39,-192.76],[-230.604,-16.685],[-0.124,193.555],[233.396,-18.206],[180.662,-194.435]],"c":true}]},{"i":{"x":0.667,"y":1},"o":{"x":0.621,"y":0},"t":22,"s":[{"i":[[18.058,-4.783],[0,0],[63.84,22.559],[24.263,3.53],[-10.824,-93.766],[-144.88,-0.721],[-8.4,95.2],[19.505,22.827]],"o":[[-51.041,13.52],[0,0],[-27.674,-9.781],[-18.566,20.804],[11.92,103.36],[164.48,0.88],[8.032,-91.44],[-19.447,1.027]],"v":[[124.268,-136.286],[6.668,-91.445],[-94.212,-123.565],[-175.398,-142.76],[-230.612,26.315],[-0.132,205.555],[233.388,24.794],[182.654,-144.435]],"c":true}]},{"i":{"x":0.667,"y":1},"o":{"x":0.333,"y":0},"t":34,"s":[{"i":[[15.782,-1.841],[0,0],[64.502,9.072],[24.154,-9.249],[-7.997,-67.673],[-141.917,-7.955],[-7.564,88.292],[13.067,20.704]],"o":[[-52.446,6.117],[0,0],[-29.066,-4.088],[-10.512,18.179],[12.21,103.326],[164.225,9.206],[5.796,-67.647],[-26.118,-4.01]],"v":[[125.846,-134.347],[9.235,-58.34],[-111.31,-98.391],[-226.177,-91.007],[-242.861,25.838],[3.993,209.675],[220.048,24.56],[193.576,-132.436]],"c":true}]},{"i":{"x":0.667,"y":1},"o":{"x":0.333,"y":0},"t":44,"s":[{"i":[[15.782,-1.841],[0,0],[64.502,9.072],[24.154,-9.249],[-7.997,-67.673],[-142.023,-5.771],[-7.564,88.292],[13.067,20.704]],"o":[[-52.446,6.117],[0,0],[-29.066,-4.088],[-10.512,18.179],[12.21,103.326],[125.365,5.094],[5.796,-67.646],[-26.118,-4.01]],"v":[[133.345,-164.426],[16.735,-88.42],[-103.811,-128.47],[-218.677,-121.086],[-231.948,23.405],[3.993,209.675],[225.376,11.46],[203.015,-163.062]],"c":true}]},{"i":{"x":0.833,"y":1},"o":{"x":0.333,"y":0},"t":50,"s":[{"i":[[15.782,-1.841],[0,0],[64.502,9.072],[24.154,-9.249],[-7.997,-67.673],[-142.023,-5.771],[-7.564,88.292],[13.067,20.704]],"o":[[-52.446,6.117],[0,0],[-29.066,-4.088],[-10.512,18.179],[12.21,103.326],[125.365,5.094],[5.796,-67.646],[-26.118,-4.01]],"v":[[133.345,-164.426],[16.735,-88.42],[-103.811,-128.47],[-218.677,-121.086],[-234.496,21.224],[3.993,209.675],[225.376,11.46],[199.893,-162.939]],"c":true}]},{"i":{"x":0.667,"y":1},"o":{"x":0.167,"y":0},"t":112,"s":[{"i":[[15.782,-1.841],[0,0],[64.502,9.072],[24.154,-9.249],[-7.997,-67.673],[-142.023,-5.771],[-7.564,88.292],[13.067,20.704]],"o":[[-52.446,6.117],[0,0],[-29.066,-4.088],[-10.512,18.179],[12.21,103.326],[125.365,5.094],[5.796,-67.646],[-26.118,-4.01]],"v":[[133.345,-164.426],[16.735,-88.42],[-103.811,-128.47],[-218.677,-121.086],[-234.496,21.224],[3.993,209.675],[225.376,11.46],[199.893,-162.939]],"c":true}]},{"i":{"x":0.667,"y":1},"o":{"x":0.333,"y":0},"t":120,"s":[{"i":[[15.782,-1.841],[0,0],[64.502,9.072],[24.154,-9.249],[-7.997,-67.673],[-141.917,-7.955],[-7.564,88.292],[13.067,20.704]],"o":[[-52.446,6.117],[0,0],[-29.066,-4.088],[-10.512,18.179],[12.21,103.326],[164.225,9.206],[5.796,-67.647],[-26.118,-4.01]],"v":[[125.846,-134.347],[9.235,-58.34],[-111.31,-98.391],[-226.177,-91.007],[-242.861,25.838],[3.994,209.675],[220.048,24.56],[193.576,-132.436]],"c":true}]},{"t":130,"s":[{"i":[[18.058,-4.783],[0,0],[63.84,22.559],[24.263,3.53],[-10.824,-93.766],[-144.88,-0.721],[-8.4,95.2],[19.505,22.827]],"o":[[-51.041,13.52],[0,0],[-27.674,-9.781],[-18.566,20.804],[11.92,103.36],[164.48,0.88],[8.032,-91.44],[-19.447,1.027]],"v":[[122.276,-186.286],[6.676,-104.445],[-96.204,-173.565],[-177.39,-192.76],[-230.604,-16.685],[-0.124,193.555],[233.396,-18.206],[180.662,-194.435]],"c":true}]}],"ix":2},"nm":"Path 2","mn":"ADBE Vector Shape - Group","hd":false},{"ty":"gf","o":{"a":0,"k":100,"ix":10},"r":1,"bm":0,"g":{"p":7,"k":{"a":0,"k":[0.05,0.961,0.859,0.722,0.16,0.955,0.841,0.704,0.27,0.949,0.824,0.686,0.413,0.931,0.775,0.637,0.54,0.914,0.725,0.588,0.705,0.888,0.657,0.52,0.87,0.863,0.588,0.451],"ix":9}},"s":{"a":1,"k":[{"i":{"x":0.667,"y":0.667},"o":{"x":0.333,"y":0.333},"t":10,"s":[5,-103],"to":[0,0],"ti":[0,0]},{"i":{"x":0.667,"y":0.667},"o":{"x":0.333,"y":0.333},"t":120,"s":[5,-103],"to":[0,0],"ti":[0,0]},{"t":130,"s":[5,-103]}],"ix":5},"e":{"a":1,"k":[{"i":{"x":0.667,"y":1},"o":{"x":0.333,"y":0},"t":10,"s":[4,217],"to":[-6.791,0.368],"ti":[6.791,-0.368]},{"i":{"x":0.667,"y":0.667},"o":{"x":0.333,"y":0.333},"t":34,"s":[-36.745,219.209],"to":[0,0],"ti":[0,0]},{"i":{"x":0.667,"y":1},"o":{"x":0.333,"y":0},"t":120,"s":[-36.745,219.209],"to":[6.791,-0.368],"ti":[-6.791,0.368]},{"t":130,"s":[4,217]}],"ix":6},"t":1,"nm":"Gradient Fill 1","mn":"ADBE Vector Graphic - G-Fill","hd":false},{"ty":"tr","p":{"a":0,"k":[289.334,200.056],"ix":2},"a":{"a":0,"k":[0,0],"ix":1},"s":{"a":0,"k":[100,100],"ix":3},"r":{"a":0,"k":0,"ix":6},"o":{"a":0,"k":100,"ix":7},"sk":{"a":0,"k":0,"ix":4},"sa":{"a":0,"k":0,"ix":5},"nm":"Transform"}],"nm":"Group 1","np":2,"cix":2,"bm":0,"ix":1,"mn":"ADBE Vector Group","hd":false},{"ty":"gr","it":[{"ind":0,"ty":"sh","ix":1,"ks":{"a":1,"k":[{"i":{"x":0.392,"y":1},"o":{"x":0.333,"y":0},"t":12,"s":[{"i":[[11.396,8.576],[0,0],[51.04,-13.52],[0,0],[63.84,22.56],[14.004,0.612],[7.095,-9.594],[-2.96,-69.04],[-39.04,-51.76],[-120.88,3.761],[-31.6,55.52],[-3.76,69.12]],"o":[[-0.063,-0.005],[0,0],[-51.04,13.52],[0,0],[-56.335,-19.908],[-9.863,2.712],[-12.72,17.2],[3.04,69.04],[39.04,51.84],[120.88,-3.76],[31.52,-55.6],[3.747,-68.811]],"v":[[245.203,-213.19],[245.087,-213.201],[120.447,-205.68],[4.847,-123.84],[-98.033,-192.961],[-231.237,-217.253],[-260.913,-199.76],[-287.953,-64.641],[-215.873,114.799],[-2.673,215.439],[212.847,125.359],[287.167,-72.88]],"c":true}]},{"i":{"x":0.667,"y":1},"o":{"x":0.621,"y":0},"t":22,"s":[{"i":[[11.396,8.576],[0,0],[51.04,-13.52],[0,0],[63.84,22.56],[14.004,0.612],[7.095,-9.594],[-2.96,-69.04],[-39.04,-51.76],[-120.88,3.761],[-31.6,55.52],[-3.76,69.12]],"o":[[-0.063,-0.005],[0,0],[-51.04,13.52],[0,0],[-56.335,-19.908],[-9.863,2.712],[-12.72,17.2],[3.04,69.04],[39.04,51.84],[120.88,-3.76],[31.52,-55.6],[3.747,-68.811]],"v":[[247.194,-163.19],[247.078,-163.201],[122.438,-155.68],[4.838,-110.84],[-96.042,-142.961],[-229.246,-167.253],[-258.922,-149.76],[-289.962,-29.641],[-215.882,126.799],[-2.682,227.439],[212.838,137.359],[286.158,-37.88]],"c":true}]},{"i":{"x":0.667,"y":1},"o":{"x":0.333,"y":0},"t":34,"s":[{"i":[[11.396,8.576],[0,0],[50.823,-10.109],[0,0],[67.048,9.193],[14.004,0.612],[0.842,-1.446],[-2.96,-69.04],[-39.04,-51.76],[-120.534,-9.88],[-31.6,55.52],[-3.76,69.12]],"o":[[-0.063,-0.005],[0,0],[-51.785,10.3],[0,0],[-59.195,-8.116],[-9.863,2.712],[-5.251,9.021],[3.04,69.04],[39.04,51.84],[120.778,9.9],[31.52,-55.6],[3.747,-68.811]],"v":[[249.146,-144.152],[249.03,-144.163],[128.869,-150.47],[7.406,-77.735],[-115.243,-111.419],[-227.451,-110.379],[-279.948,-128.465],[-297.721,-27.453],[-233.586,127.538],[-4.62,231.079],[215.138,130.203],[276.22,-29.021]],"c":true}]},{"i":{"x":0.667,"y":1},"o":{"x":0.333,"y":0},"t":44,"s":[{"i":[[11.397,8.576],[0,0],[50.823,-10.109],[0,0],[67.048,9.193],[14.004,0.612],[0.842,-1.446],[-7.122,-68.735],[-34.836,-54.678],[-120.534,-9.88],[-41.782,46.711],[-3.76,69.12]],"o":[[-0.063,-0.005],[0,0],[-51.785,10.3],[0,0],[-59.195,-8.116],[-34.366,-7.234],[-5.251,9.021],[4.092,39.495],[33.925,53.249],[120.778,9.9],[33.828,-49.867],[3.747,-68.811]],"v":[[256.647,-174.231],[256.531,-174.242],[136.368,-180.549],[14.906,-107.814],[-107.743,-141.498],[-219.952,-140.458],[-271.308,-176.553],[-287.287,-19.698],[-225.34,127.533],[-4.62,231.078],[211.98,122.201],[282.766,-34.603]],"c":true}]},{"i":{"x":0.833,"y":1},"o":{"x":0.333,"y":0},"t":50,"s":[{"i":[[11.397,8.576],[0,0],[50.823,-10.109],[0,0],[67.048,9.193],[14.004,0.612],[0.842,-1.446],[-7.122,-68.735],[-34.836,-54.678],[-120.534,-9.88],[-41.782,46.711],[-7.504,68.814]],"o":[[-0.063,-0.005],[0,0],[-51.785,10.3],[0,0],[-59.195,-8.116],[-21.374,19.194],[-5.251,9.021],[4.092,39.495],[33.925,53.249],[120.778,9.9],[33.828,-49.867],[8.402,-77.054]],"v":[[255.193,-172.532],[255.077,-172.543],[136.368,-180.549],[14.906,-107.814],[-107.743,-141.498],[-219.952,-140.458],[-273.727,-166.85],[-287.287,-19.698],[-225.34,127.533],[-4.62,231.078],[211.98,122.201],[282.766,-34.603]],"c":true}]},{"i":{"x":0.667,"y":1},"o":{"x":0.167,"y":0},"t":112,"s":[{"i":[[11.397,8.576],[0,0],[50.823,-10.109],[0,0],[67.048,9.193],[14.004,0.612],[0.842,-1.446],[-7.122,-68.735],[-34.836,-54.678],[-120.534,-9.88],[-41.782,46.711],[-7.504,68.814]],"o":[[-0.063,-0.005],[0,0],[-51.785,10.3],[0,0],[-59.195,-8.116],[-21.374,19.194],[-5.251,9.021],[4.092,39.495],[33.925,53.249],[120.778,9.9],[33.828,-49.867],[8.402,-77.054]],"v":[[255.193,-172.532],[255.077,-172.543],[136.368,-180.549],[14.906,-107.814],[-107.743,-141.498],[-219.952,-140.458],[-273.727,-166.85],[-287.287,-19.698],[-225.34,127.533],[-4.62,231.078],[211.98,122.201],[282.766,-34.603]],"c":true}]},{"i":{"x":0.667,"y":1},"o":{"x":0.333,"y":0},"t":120,"s":[{"i":[[11.396,8.576],[0,0],[50.823,-10.109],[0,0],[67.048,9.193],[14.004,0.612],[0.842,-1.446],[-2.96,-69.04],[-39.04,-51.76],[-120.534,-9.88],[-31.6,55.52],[-3.76,69.12]],"o":[[-0.063,-0.005],[0,0],[-51.785,10.3],[0,0],[-59.195,-8.116],[-9.863,2.712],[-5.251,9.021],[3.04,69.04],[39.04,51.84],[120.778,9.9],[31.52,-55.6],[3.747,-68.811]],"v":[[249.146,-144.152],[249.03,-144.163],[128.869,-150.47],[7.406,-77.735],[-115.243,-111.419],[-227.451,-110.379],[-279.948,-128.465],[-297.721,-27.453],[-233.586,127.538],[-4.62,231.079],[215.138,130.203],[276.22,-29.021]],"c":true}]},{"t":130,"s":[{"i":[[11.396,8.576],[0,0],[51.04,-13.52],[0,0],[63.84,22.56],[14.004,0.612],[7.095,-9.594],[-2.96,-69.04],[-39.04,-51.76],[-120.88,3.761],[-31.6,55.52],[-3.76,69.12]],"o":[[-0.063,-0.005],[0,0],[-51.04,13.52],[0,0],[-56.335,-19.908],[-9.863,2.712],[-12.72,17.2],[3.04,69.04],[39.04,51.84],[120.88,-3.76],[31.52,-55.6],[3.747,-68.811]],"v":[[245.203,-213.19],[245.087,-213.201],[120.447,-205.68],[4.847,-123.84],[-98.033,-192.961],[-231.237,-217.253],[-260.913,-199.76],[-287.953,-64.641],[-215.873,114.799],[-2.673,215.439],[212.847,125.359],[287.167,-72.88]],"c":true}]}],"ix":2},"nm":"Path 1","mn":"ADBE Vector Shape - Group","hd":false},{"ty":"fl","c":{"a":0,"k":[0.528999956916,0.365000017952,0.328999986836,1],"ix":4},"o":{"a":0,"k":100,"ix":5},"r":1,"bm":0,"nm":"Fill 1","mn":"ADBE Vector Graphic - Fill","hd":false},{"ty":"tr","p":{"a":0,"k":[291.164,219.451],"ix":2},"a":{"a":0,"k":[0,0],"ix":1},"s":{"a":0,"k":[100,100],"ix":3},"r":{"a":0,"k":0,"ix":6},"o":{"a":0,"k":100,"ix":7},"sk":{"a":0,"k":0,"ix":4},"sa":{"a":0,"k":0,"ix":5},"nm":"Transform"}],"nm":"Group 2","np":2,"cix":2,"bm":0,"ix":2,"mn":"ADBE Vector Group","hd":false}],"ip":0,"op":170,"st":0,"bm":0},{"ddd":0,"ind":7,"ty":4,"nm":"foot","sr":1,"ks":{"o":{"a":0,"k":100,"ix":11},"r":{"a":0,"k":0,"ix":10},"p":{"a":0,"k":[505.04,882.339,0],"ix":2,"l":2},"a":{"a":0,"k":[218.25,108.55,0],"ix":1,"l":2},"s":{"a":0,"k":[100,100,100],"ix":6,"l":2}},"ao":0,"shapes":[{"ty":"gr","it":[{"ind":0,"ty":"sh","ix":1,"ks":{"a":0,"k":{"i":[[0,0],[20.8,-18.639],[-25.52,-9.04],[-37.52,7.519],[-26.32,0],[-26.24,-3.759],[-19.04,4],[30.4,31.601],[0,0],[0,0],[57.57,-108.969]],"o":[[0,0],[-23.68,21.2],[25.52,9.04],[37.52,-7.521],[26.24,0],[26.24,3.76],[17.68,-3.759],[-13.04,-13.519],[0,0],[-65.157,-104.609],[0,0]],"v":[[-129.36,6.142],[-154.16,41.421],[-192.48,99.261],[-93.36,100.782],[7.28,81.982],[113.12,95.501],[191.92,98.541],[187.6,55.341],[152.16,3.902],[147.431,-3.691],[-129.36,6.141]],"c":true},"ix":2},"nm":"Path 1","mn":"ADBE Vector Shape - Group","hd":false},{"ty":"fl","c":{"a":0,"k":[0.528999956916,0.528999956916,0.528999956916,1],"ix":4},"o":{"a":0,"k":100,"ix":5},"r":1,"bm":0,"nm":"Fill 1","mn":"ADBE Vector Graphic - Fill","hd":false},{"ty":"tr","p":{"a":0,"k":[218.25,108.55],"ix":2},"a":{"a":0,"k":[0,0],"ix":1},"s":{"a":0,"k":[100,100],"ix":3},"r":{"a":0,"k":0,"ix":6},"o":{"a":0,"k":100,"ix":7},"sk":{"a":0,"k":0,"ix":4},"sa":{"a":0,"k":0,"ix":5},"nm":"Transform"}],"nm":"Group 1","np":2,"cix":2,"bm":0,"ix":1,"mn":"ADBE Vector Group","hd":false}],"ip":0,"op":170,"st":0,"bm":0},{"ddd":0,"ind":8,"ty":4,"nm":"Tail","sr":1,"ks":{"o":{"a":0,"k":100,"ix":11},"r":{"a":0,"k":0,"ix":10},"p":{"a":0,"k":[516.44,819.244,0],"ix":2,"l":2},"a":{"a":0,"k":[264.61,154.845,0],"ix":1,"l":2},"s":{"a":0,"k":[100,100,100],"ix":6,"l":2}},"ao":0,"shapes":[{"ty":"gr","it":[{"ind":0,"ty":"sh","ix":1,"ks":{"a":1,"k":[{"i":{"x":0.4,"y":1},"o":{"x":0.333,"y":0},"t":12,"s":[{"i":[[-78.285,-156.071],[-16.32,-29.28],[3.12,-7.281],[18,1.12],[0,0],[47.28,2.24],[1.12,15.76],[-14.4,17.12],[0,0],[0,0]],"o":[[0,0],[12.64,22.72],[-5.04,11.84],[-18,-1.12],[0,0],[-47.36,-2.241],[-0.72,-10.4],[21.36,-25.36],[0,0],[71.182,-159.437]],"v":[[194.76,1.476],[221.24,76.916],[261.24,133.236],[199.32,141.157],[-1.16,128.756],[-182.52,148.997],[-263.64,138.835],[-219.72,84.756],[-185.96,25.077],[-179.181,9.894]],"c":true}]},{"i":{"x":0.667,"y":1},"o":{"x":0.62,"y":0},"t":20,"s":[{"i":[[-78.285,-156.071],[-16.32,-29.28],[3.12,-7.281],[18,1.12],[0,0],[47.28,2.24],[1.12,15.76],[-14.4,17.12],[0,0],[0,0]],"o":[[0,0],[12.64,22.72],[-5.04,11.84],[-18,-1.12],[0,0],[-47.36,-2.241],[-0.72,-10.4],[21.36,-25.36],[0,0],[71.182,-159.437]],"v":[[194.76,1.476],[231.24,76.916],[271.24,133.236],[199.32,141.157],[-1.16,128.756],[-182.52,148.997],[-273.64,138.835],[-229.72,84.756],[-185.96,25.077],[-179.181,9.894]],"c":true}]},{"i":{"x":0.667,"y":1},"o":{"x":0.333,"y":0},"t":34,"s":[{"i":[[-78.285,-156.071],[-16.32,-29.28],[3.12,-7.281],[18,1.12],[0,0],[47.28,2.24],[1.12,15.76],[-14.4,17.12],[0,0],[0,0]],"o":[[0,0],[12.64,22.72],[-5.04,11.84],[-18,-1.12],[0,0],[-47.36,-2.241],[-0.72,-10.4],[21.36,-25.36],[0,0],[71.182,-159.437]],"v":[[194.76,1.476],[231.24,76.916],[271.24,133.236],[199.32,141.157],[-1.16,128.756],[-182.52,148.997],[-273.64,138.835],[-229.72,84.756],[-185.96,25.077],[-179.181,9.894]],"c":true}]},{"i":{"x":0.667,"y":1},"o":{"x":0.333,"y":0},"t":44,"s":[{"i":[[-78.285,-156.071],[-16.32,-29.28],[3.12,-7.281],[18,1.12],[0,0],[47.28,2.24],[1.12,15.76],[-14.4,17.12],[0,0],[0,0]],"o":[[0,0],[12.64,22.72],[-5.04,11.84],[-18,-1.12],[0,0],[-47.36,-2.241],[-0.72,-10.4],[21.36,-25.36],[0,0],[71.182,-159.437]],"v":[[194.76,1.476],[221.24,76.916],[261.24,133.236],[199.32,141.157],[-1.16,128.756],[-182.52,148.997],[-263.64,138.835],[-219.72,84.756],[-185.96,25.077],[-179.181,9.894]],"c":true}]},{"i":{"x":0.4,"y":1},"o":{"x":0.333,"y":0},"t":112,"s":[{"i":[[-78.285,-156.071],[-16.32,-29.28],[3.12,-7.281],[18,1.12],[0,0],[47.28,2.24],[1.12,15.76],[-14.4,17.12],[0,0],[0,0]],"o":[[0,0],[12.64,22.72],[-5.04,11.84],[-18,-1.12],[0,0],[-47.36,-2.241],[-0.72,-10.4],[21.36,-25.36],[0,0],[71.182,-159.437]],"v":[[194.76,1.476],[221.24,76.916],[261.24,133.236],[199.32,141.157],[-1.16,128.756],[-182.52,148.997],[-263.64,138.835],[-219.72,84.756],[-185.96,25.077],[-179.181,9.894]],"c":true}]},{"i":{"x":0.667,"y":1},"o":{"x":0.62,"y":0},"t":120,"s":[{"i":[[-78.285,-156.071],[-16.32,-29.28],[3.12,-7.281],[18,1.12],[0,0],[47.28,2.24],[1.12,15.76],[-14.4,17.12],[0,0],[0,0]],"o":[[0,0],[12.64,22.72],[-5.04,11.84],[-18,-1.12],[0,0],[-47.36,-2.241],[-0.72,-10.4],[21.36,-25.36],[0,0],[71.182,-159.437]],"v":[[194.76,1.476],[231.24,76.916],[271.24,133.236],[199.32,141.157],[-1.16,128.756],[-182.52,148.997],[-273.64,138.835],[-229.72,84.756],[-185.96,25.077],[-179.181,9.894]],"c":true}]},{"t":130,"s":[{"i":[[-78.285,-156.071],[-16.32,-29.28],[3.12,-7.281],[18,1.12],[0,0],[47.28,2.24],[1.12,15.76],[-14.4,17.12],[0,0],[0,0]],"o":[[0,0],[12.64,22.72],[-5.04,11.84],[-18,-1.12],[0,0],[-47.36,-2.241],[-0.72,-10.4],[21.36,-25.36],[0,0],[71.182,-159.437]],"v":[[194.76,1.476],[221.24,76.916],[261.24,133.236],[199.32,141.157],[-1.16,128.756],[-182.52,148.997],[-263.64,138.835],[-219.72,84.756],[-185.96,25.077],[-179.181,9.894]],"c":true}]}],"ix":2},"nm":"Path 1","mn":"ADBE Vector Shape - Group","hd":false},{"ty":"fl","c":{"a":0,"k":[0.430999995213,0.310000011968,0.26699999641,1],"ix":4},"o":{"a":0,"k":100,"ix":5},"r":1,"bm":0,"nm":"Fill 1","mn":"ADBE Vector Graphic - Fill","hd":false},{"ty":"tr","p":{"a":0,"k":[264.61,154.845],"ix":2},"a":{"a":0,"k":[0,0],"ix":1},"s":{"a":0,"k":[100,100],"ix":3},"r":{"a":0,"k":0,"ix":6},"o":{"a":0,"k":100,"ix":7},"sk":{"a":0,"k":0,"ix":4},"sa":{"a":0,"k":0,"ix":5},"nm":"Transform"}],"nm":"Group 1","np":2,"cix":2,"bm":0,"ix":1,"mn":"ADBE Vector Group","hd":false}],"ip":0,"op":170,"st":0,"bm":0},{"ddd":0,"ind":9,"ty":4,"nm":"Head","parent":6,"sr":1,"ks":{"o":{"a":0,"k":100,"ix":11},"r":{"a":1,"k":[{"i":{"x":[0.667],"y":[1]},"o":{"x":[0.621],"y":[0]},"t":22,"s":[0]},{"i":{"x":[0.833],"y":[1]},"o":{"x":[0.333],"y":[0]},"t":34,"s":[-28]},{"i":{"x":[0.667],"y":[1]},"o":{"x":[0.167],"y":[0]},"t":112,"s":[-28]},{"i":{"x":[0.667],"y":[1]},"o":{"x":[0.333],"y":[0]},"t":120,"s":[-28]},{"i":{"x":[0.667],"y":[1]},"o":{"x":[0.621],"y":[0]},"t":130,"s":[2]},{"i":{"x":[0.667],"y":[1]},"o":{"x":[0.333],"y":[0]},"t":142,"s":[-1]},{"t":154,"s":[0]}],"ix":10},"p":{"a":1,"k":[{"i":{"x":0.392,"y":1},"o":{"x":0.333,"y":0},"t":12,"s":[298.61,-91.492,0],"to":[0,0,0],"ti":[0,0,0]},{"i":{"x":0.667,"y":1},"o":{"x":0.621,"y":0},"t":22,"s":[298.61,7.508,0],"to":[0,0,0],"ti":[0,0,0]},{"i":{"x":0.667,"y":1},"o":{"x":0.333,"y":0},"t":34,"s":[258.328,-25.208,0],"to":[0,0,0],"ti":[0,0,0]},{"i":{"x":0.667,"y":1},"o":{"x":0.333,"y":0},"t":44,"s":[265.56,-95.548,0],"to":[0,0,0],"ti":[0,0,0]},{"i":{"x":0.667,"y":0.667},"o":{"x":0.333,"y":0.333},"t":50,"s":[264.353,-86.574,0],"to":[0,0,0],"ti":[0,0,0]},{"i":{"x":0.667,"y":1},"o":{"x":0.333,"y":0},"t":112,"s":[264.353,-86.574,0],"to":[0,0,0],"ti":[0,0,0]},{"i":{"x":0.667,"y":1},"o":{"x":0.333,"y":0},"t":120,"s":[257.361,-21.327,0],"to":[0,0,0],"ti":[0,0,0]},{"i":{"x":0.667,"y":1},"o":{"x":0.333,"y":0},"t":130,"s":[296.61,-97.492,0],"to":[0,0,0],"ti":[0,0,0]},{"i":{"x":0.667,"y":1},"o":{"x":0.333,"y":0},"t":142,"s":[298.61,-89.492,0],"to":[0,0,0],"ti":[0,0,0]},{"t":154,"s":[298.61,-91.492,0]}],"ix":2,"l":2},"a":{"a":0,"k":[302.13,295.148,0],"ix":1,"l":2},"s":{"a":0,"k":[100,100,100],"ix":6,"l":2}},"ao":0,"shapes":[{"ty":"gr","it":[{"ind":0,"ty":"sh","ix":1,"ks":{"a":1,"k":[{"i":{"x":0.392,"y":1},"o":{"x":0.333,"y":0},"t":12,"s":[{"i":[[-126.564,145.224],[0,0],[-2.48,98.72],[0,0],[64.56,-67.52],[0,0],[0,0],[53.36,46.48],[0,0],[2.08,-109.92],[0,0],[0,0]],"o":[[0,0],[0,0],[2.64,-106],[0,0],[-54.08,56.56],[0,0],[0,0],[-53.36,-46.48],[0,0],[-2.24,117.84],[0,0],[125.099,146.488]],"v":[[242.12,87.308],[242.12,87.308],[278.92,-62.852],[225.64,-214.532],[67.96,-165.012],[20.68,-40.372],[-8.44,-45.252],[-61.4,-167.412],[-188.12,-225.812],[-279.32,-68.292],[-237.08,83.148],[-235.577,84.908]],"c":true}]},{"i":{"x":0.667,"y":1},"o":{"x":0.621,"y":0},"t":22,"s":[{"i":[[-126.564,145.224],[0,0],[-2.48,98.72],[0,0],[64.56,-67.52],[0,0],[0,0],[53.36,46.48],[0,0],[2.08,-109.92],[0,0],[0,0]],"o":[[0,0],[0,0],[2.64,-106],[0,0],[-54.08,56.56],[0,0],[0,0],[-53.36,-46.48],[0,0],[-2.24,117.84],[0,0],[125.099,146.488]],"v":[[242.12,38.808],[242.12,38.808],[278.92,-62.852],[225.64,-214.532],[67.96,-165.012],[20.68,-40.372],[-8.44,-45.252],[-61.4,-167.412],[-188.12,-225.812],[-279.32,-68.292],[-230.08,34.148],[-228.577,35.908]],"c":true}]},{"i":{"x":0.667,"y":1},"o":{"x":0.333,"y":0},"t":34,"s":[{"i":[[-23.116,5.878],[0,0],[-2.48,98.72],[0,0],[64.56,-67.52],[0,0],[0,0],[53.36,46.48],[0,0],[-9.436,-102.139],[0,0],[0,0]],"o":[[0,0],[0,0],[2.64,-106],[0,0],[-54.08,56.56],[0,0],[0,0],[-53.36,-46.48],[0,0],[8.85,95.792],[0,0],[125.099,146.488]],"v":[[206.794,209.182],[206.794,209.182],[278.92,-62.852],[225.64,-214.532],[67.96,-165.012],[20.68,-40.372],[-8.44,-45.252],[-61.4,-167.412],[-188.12,-225.812],[-277.982,-69.778],[-193.509,29.399],[-157.005,70.747]],"c":true}]},{"i":{"x":0.833,"y":1},"o":{"x":0.333,"y":0},"t":44,"s":[{"i":[[-23.116,5.878],[0,0],[-2.48,98.72],[0,0],[64.56,-67.52],[0,0],[0,0],[53.36,46.48],[0,0],[4.849,-102.459],[0,0],[0,0]],"o":[[0,0],[0,0],[2.64,-106],[0,0],[-54.08,56.56],[0,0],[0,0],[-53.36,-46.48],[0,0],[-4.23,89.396],[0,0],[125.099,146.489]],"v":[[187.534,247.011],[187.534,247.011],[278.92,-62.852],[225.64,-214.532],[67.96,-165.012],[20.68,-40.372],[-8.44,-45.252],[-61.4,-167.412],[-188.12,-225.812],[-280.137,-70.373],[-256.771,65.286],[-220.268,106.634]],"c":true}]},{"i":{"x":0.667,"y":1},"o":{"x":0.167,"y":0},"t":112,"s":[{"i":[[-23.116,5.878],[0,0],[-2.48,98.72],[0,0],[64.56,-67.52],[0,0],[0,0],[53.36,46.48],[0,0],[4.849,-102.459],[0,0],[0,0]],"o":[[0,0],[0,0],[2.64,-106],[0,0],[-54.08,56.56],[0,0],[0,0],[-53.36,-46.48],[0,0],[-4.23,89.396],[0,0],[125.099,146.489]],"v":[[187.534,247.011],[187.534,247.011],[278.92,-62.852],[225.64,-214.532],[67.96,-165.012],[20.68,-40.372],[-8.44,-45.252],[-61.4,-167.412],[-188.12,-225.812],[-280.137,-70.373],[-256.771,65.286],[-220.268,106.634]],"c":true}]},{"i":{"x":0.667,"y":1},"o":{"x":0.333,"y":0},"t":120,"s":[{"i":[[-23.116,5.878],[0,0],[-2.48,98.72],[0,0],[64.56,-67.52],[0,0],[0,0],[53.36,46.48],[0,0],[-9.436,-102.139],[0,0],[0,0]],"o":[[0,0],[0,0],[2.64,-106],[0,0],[-54.08,56.56],[0,0],[0,0],[-53.36,-46.48],[0,0],[8.85,95.791],[0,0],[125.099,146.488]],"v":[[206.794,209.182],[206.794,209.182],[278.92,-62.852],[225.64,-214.532],[67.96,-165.012],[20.68,-40.372],[-8.44,-45.252],[-61.4,-167.412],[-188.12,-225.812],[-277.982,-69.778],[-193.509,29.399],[-157.005,70.747]],"c":true}]},{"t":130,"s":[{"i":[[-126.564,145.224],[0,0],[-2.48,98.72],[0,0],[64.56,-67.52],[0,0],[0,0],[53.36,46.48],[0,0],[2.08,-109.92],[0,0],[0,0]],"o":[[0,0],[0,0],[2.64,-106],[0,0],[-54.08,56.56],[0,0],[0,0],[-53.36,-46.48],[0,0],[-2.24,117.84],[0,0],[125.099,146.488]],"v":[[242.12,87.308],[242.12,87.308],[278.92,-62.852],[225.64,-214.532],[67.96,-165.012],[20.68,-40.372],[-8.44,-45.252],[-61.4,-167.412],[-188.12,-225.812],[-279.32,-68.292],[-237.08,83.148],[-235.577,84.908]],"c":true}]}],"ix":2},"nm":"Path 1","mn":"ADBE Vector Shape - Group","hd":false},{"ty":"fl","c":{"a":0,"k":[0.948999980852,0.638999968884,0.356999984442,1],"ix":4},"o":{"a":0,"k":100,"ix":5},"r":1,"bm":0,"nm":"Fill 1","mn":"ADBE Vector Graphic - Fill","hd":false},{"ty":"tr","p":{"a":0,"k":[297.65,305.582],"ix":2},"a":{"a":0,"k":[0,0],"ix":1},"s":{"a":0,"k":[100,100],"ix":3},"r":{"a":0,"k":0,"ix":6},"o":{"a":0,"k":100,"ix":7},"sk":{"a":0,"k":0,"ix":4},"sa":{"a":0,"k":0,"ix":5},"nm":"Transform"}],"nm":"Group 1","np":2,"cix":2,"bm":0,"ix":1,"mn":"ADBE Vector Group","hd":false},{"ty":"gr","it":[{"ind":0,"ty":"sh","ix":1,"ks":{"a":1,"k":[{"i":{"x":0.392,"y":1},"o":{"x":0.333,"y":0},"t":12,"s":[{"i":[[-120.913,193.865],[3.92,69.28],[292.88,5.68],[0,-84.08],[0,0],[0,0]],"o":[[0,0],[-2.56,-44.48],[-292.8,-5.6],[0,63.04],[0,0],[121.807,193.304]],"v":[[262.44,100.382],[294.52,-46.578],[9,-289.298],[-301.88,-39.298],[-273.72,83.502],[-262.32,101.594]],"c":true}]},{"i":{"x":0.667,"y":1},"o":{"x":0.621,"y":0},"t":22,"s":[{"i":[[-120.913,193.865],[3.92,69.28],[292.88,5.68],[0,-84.08],[0,0],[0,0]],"o":[[0,0],[-2.56,-44.48],[-292.8,-5.6],[0,63.04],[0,0],[121.807,193.304]],"v":[[262.44,56.382],[294.52,-46.578],[9,-289.298],[-301.88,-39.298],[-284.72,44.002],[-259.32,54.594]],"c":true}]},{"i":{"x":0.667,"y":1},"o":{"x":0.333,"y":0},"t":34,"s":[{"i":[[-120.913,193.865],[3.92,69.28],[292.88,5.68],[0,-84.08],[0,0],[0,0]],"o":[[0,0],[-2.56,-44.48],[-292.8,-5.6],[0,63.04],[0,0],[121.807,193.304]],"v":[[223.713,229.412],[294.52,-46.578],[9,-289.298],[-301.88,-39.298],[-248.149,39.253],[-222.749,49.845]],"c":true}]},{"i":{"x":0.833,"y":1},"o":{"x":0.333,"y":0},"t":44,"s":[{"i":[[-120.913,193.865],[3.92,69.28],[292.88,5.68],[0,-84.08],[0,0],[0,0]],"o":[[0,0],[-2.56,-44.48],[-292.8,-5.6],[0,63.04],[0,0],[121.807,193.304]],"v":[[214.792,234.836],[294.52,-46.578],[9,-289.298],[-301.88,-39.298],[-311.411,75.14],[-286.011,85.732]],"c":true}]},{"i":{"x":0.667,"y":1},"o":{"x":0.167,"y":0},"t":112,"s":[{"i":[[-120.913,193.865],[3.92,69.28],[292.88,5.68],[0,-84.08],[0,0],[0,0]],"o":[[0,0],[-2.56,-44.48],[-292.8,-5.6],[0,63.04],[0,0],[121.807,193.304]],"v":[[214.792,234.836],[294.52,-46.578],[9,-289.298],[-301.88,-39.298],[-311.411,75.14],[-286.011,85.732]],"c":true}]},{"i":{"x":0.667,"y":1},"o":{"x":0.333,"y":0},"t":120,"s":[{"i":[[-120.913,193.865],[3.92,69.28],[292.88,5.68],[0,-84.08],[0,0],[0,0]],"o":[[0,0],[-2.56,-44.48],[-292.8,-5.6],[0,63.04],[0,0],[121.807,193.304]],"v":[[223.713,229.412],[294.52,-46.578],[9,-289.298],[-301.88,-39.298],[-248.149,39.253],[-222.749,49.845]],"c":true}]},{"t":130,"s":[{"i":[[-120.913,193.865],[3.92,69.28],[292.88,5.68],[0,-84.08],[0,0],[0,0]],"o":[[0,0],[-2.56,-44.48],[-292.8,-5.6],[0,63.04],[0,0],[121.807,193.304]],"v":[[262.44,100.382],[294.52,-46.578],[9,-289.298],[-301.88,-39.298],[-273.72,83.502],[-262.32,101.594]],"c":true}]}],"ix":2},"nm":"Path 1","mn":"ADBE Vector Shape - Group","hd":false},{"ty":"fl","c":{"a":0,"k":[0.430999995213,0.310000011968,0.26699999641,1],"ix":4},"o":{"a":0,"k":100,"ix":5},"r":1,"bm":0,"nm":"Fill 1","mn":"ADBE Vector Graphic - Fill","hd":false},{"ty":"tr","p":{"a":0,"k":[302.13,295.148],"ix":2},"a":{"a":0,"k":[0,0],"ix":1},"s":{"a":0,"k":[100,100],"ix":3},"r":{"a":0,"k":0,"ix":6},"o":{"a":0,"k":100,"ix":7},"sk":{"a":0,"k":0,"ix":4},"sa":{"a":0,"k":0,"ix":5},"nm":"Transform"}],"nm":"Group 2","np":2,"cix":2,"bm":0,"ix":2,"mn":"ADBE Vector Group","hd":false}],"ip":0,"op":170,"st":0,"bm":0},{"ddd":0,"ind":10,"ty":4,"nm":"Crown","parent":9,"sr":1,"ks":{"o":{"a":0,"k":100,"ix":11},"r":{"a":1,"k":[{"i":{"x":[0.437],"y":[1]},"o":{"x":[0.333],"y":[0]},"t":10,"s":[0]},{"i":{"x":[0.667],"y":[1]},"o":{"x":[0.621],"y":[0]},"t":22,"s":[8]},{"i":{"x":[0.667],"y":[1]},"o":{"x":[0.333],"y":[0]},"t":30,"s":[45]},{"i":{"x":[0.833],"y":[1]},"o":{"x":[0.333],"y":[0]},"t":42,"s":[-10]},{"i":{"x":[0.833],"y":[1]},"o":{"x":[0.167],"y":[0]},"t":54,"s":[-4]},{"i":{"x":[0.833],"y":[1]},"o":{"x":[0.167],"y":[0]},"t":64,"s":[-12]},{"i":{"x":[0.833],"y":[1]},"o":{"x":[0.167],"y":[0]},"t":72,"s":[-10]},{"i":{"x":[0.667],"y":[1]},"o":{"x":[0.167],"y":[0]},"t":112,"s":[-10]},{"i":{"x":[0.667],"y":[1]},"o":{"x":[0.333],"y":[0]},"t":120,"s":[-1]},{"i":{"x":[0.833],"y":[1]},"o":{"x":[0.167],"y":[0]},"t":132,"s":[8]},{"i":{"x":[0.833],"y":[1]},"o":{"x":[0.167],"y":[0]},"t":144,"s":[-4]},{"i":{"x":[0.833],"y":[1]},"o":{"x":[0.167],"y":[0]},"t":154,"s":[2]},{"t":162,"s":[0]}],"ix":10},"p":{"a":1,"k":[{"i":{"x":0.833,"y":0.608},"o":{"x":0.621,"y":0},"t":22,"s":[74.281,75.298,0],"to":[9.541,-7.109,0],"ti":[-2.551,-3.643,0]},{"i":{"x":0.553,"y":1},"o":{"x":0.167,"y":0.304},"t":34,"s":[131.524,32.646,0],"to":[2.551,3.643,0],"ti":[6.989,-10.751,0]},{"i":{"x":0.553,"y":0.553},"o":{"x":0.333,"y":0.333},"t":44,"s":[89.588,97.154,0],"to":[0,0,0],"ti":[0,0,0]},{"i":{"x":0.833,"y":0.566},"o":{"x":0.333,"y":0},"t":112,"s":[89.588,97.154,0],"to":[3.693,-6.094,0],"ti":[2.551,3.643,0]},{"i":{"x":0.833,"y":1},"o":{"x":0.167,"y":0.574},"t":120,"s":[111.746,60.589,0],"to":[-2.551,-3.643,0],"ti":[6.244,-2.451,0]},{"t":130,"s":[74.281,75.298,0]}],"ix":2,"l":2},"a":{"a":0,"k":[108.121,134.018,0],"ix":1,"l":2},"s":{"a":0,"k":[100,100,100],"ix":6,"l":2}},"ao":0,"shapes":[{"ty":"gr","it":[{"ind":0,"ty":"sh","ix":1,"ks":{"a":1,"k":[{"i":{"x":0.667,"y":1},"o":{"x":0.621,"y":0},"t":22,"s":[{"i":[[0,0],[24.24,24.8],[4.56,-4.56],[-5.6,-18],[5.12,-3.44],[8.72,9.44],[4.48,-2.8],[-21.36,-39.44],[0,0],[10.264,60.443]],"o":[[0,0],[-24.24,-24.8],[-4.56,4.56],[5.6,18],[-5.04,3.36],[-14.08,-15.2],[-4.48,2.8],[18.96,34.96],[54.491,28.096],[0,0]],"v":[[80.649,-6.408],[36.169,-72.888],[-30.311,-107.208],[-28.631,-57.128],[-11.191,-17.688],[-33.751,-44.168],[-77.671,-68.968],[-71.511,16.072],[-24.791,83.672],[82.607,5.124]],"c":true}]},{"i":{"x":0.833,"y":1},"o":{"x":0.333,"y":0},"t":34,"s":[{"i":[[0,0],[24.24,24.8],[4.56,-4.56],[-5.6,-18],[5.12,-3.44],[8.72,9.44],[4.48,-2.8],[-21.36,-39.44],[0,0],[10.264,60.443]],"o":[[0,0],[-24.24,-24.8],[-4.56,4.56],[5.6,18],[-5.04,3.36],[-14.08,-15.2],[-4.48,2.8],[18.96,34.96],[54.491,28.096],[0,0]],"v":[[80.649,-6.408],[36.169,-72.888],[-30.311,-107.208],[-28.631,-57.128],[-11.191,-17.688],[-33.751,-44.168],[-77.671,-68.968],[-71.511,16.072],[0.585,128.405],[82.607,5.124]],"c":true}]},{"i":{"x":0.667,"y":1},"o":{"x":0.167,"y":0},"t":112,"s":[{"i":[[0,0],[24.24,24.8],[4.56,-4.56],[-5.6,-18],[5.12,-3.44],[8.72,9.44],[4.48,-2.8],[-21.36,-39.44],[0,0],[10.264,60.443]],"o":[[0,0],[-24.24,-24.8],[-4.56,4.56],[5.6,18],[-5.04,3.36],[-14.08,-15.2],[-4.48,2.8],[18.96,34.96],[54.491,28.096],[0,0]],"v":[[80.649,-6.408],[36.169,-72.888],[-30.311,-107.208],[-28.631,-57.128],[-11.191,-17.688],[-33.751,-44.168],[-77.671,-68.968],[-71.511,16.072],[0.585,128.405],[82.607,5.124]],"c":true}]},{"i":{"x":0.833,"y":1},"o":{"x":0.333,"y":0},"t":120,"s":[{"i":[[0,0],[24.24,24.8],[4.56,-4.56],[-5.6,-18],[5.12,-3.44],[8.72,9.44],[4.48,-2.8],[-21.36,-39.44],[0,0],[10.264,60.443]],"o":[[0,0],[-24.24,-24.8],[-4.56,4.56],[5.6,18],[-5.04,3.36],[-14.08,-15.2],[-4.48,2.8],[18.96,34.96],[54.491,28.096],[0,0]],"v":[[80.649,-6.408],[36.169,-72.888],[-30.311,-107.208],[-28.631,-57.128],[-11.191,-17.688],[-33.751,-44.168],[-77.671,-68.968],[-71.511,16.072],[0.585,128.405],[82.607,5.124]],"c":true}]},{"t":130,"s":[{"i":[[0,0],[24.24,24.8],[4.56,-4.56],[-5.6,-18],[5.12,-3.44],[8.72,9.44],[4.48,-2.8],[-21.36,-39.44],[0,0],[10.264,60.443]],"o":[[0,0],[-24.24,-24.8],[-4.56,4.56],[5.6,18],[-5.04,3.36],[-14.08,-15.2],[-4.48,2.8],[18.96,34.96],[54.491,28.096],[0,0]],"v":[[80.649,-6.408],[36.169,-72.888],[-30.311,-107.208],[-28.631,-57.128],[-11.191,-17.688],[-33.751,-44.168],[-77.671,-68.968],[-71.511,16.072],[-24.791,83.672],[82.607,5.124]],"c":true}]}],"ix":2},"nm":"Path 1","mn":"ADBE Vector Shape - Group","hd":false},{"ty":"fl","c":{"a":0,"k":[0.430999995213,0.310000011968,0.26699999641,1],"ix":4},"o":{"a":0,"k":100,"ix":5},"r":1,"bm":0,"nm":"Fill 1","mn":"ADBE Vector Graphic - Fill","hd":false},{"ty":"tr","p":{"a":0,"k":[93.121,112.018],"ix":2},"a":{"a":0,"k":[0,0],"ix":1},"s":{"a":0,"k":[100,100],"ix":3},"r":{"a":0,"k":0,"ix":6},"o":{"a":0,"k":100,"ix":7},"sk":{"a":0,"k":0,"ix":4},"sa":{"a":0,"k":0,"ix":5},"nm":"Transform"}],"nm":"Group 1","np":2,"cix":2,"bm":0,"ix":1,"mn":"ADBE Vector Group","hd":false}],"ip":0,"op":170,"st":0,"bm":0},{"ddd":0,"ind":11,"ty":4,"nm":"Crown 2","parent":9,"sr":1,"ks":{"o":{"a":0,"k":100,"ix":11},"r":{"a":1,"k":[{"i":{"x":[0.437],"y":[1]},"o":{"x":[0.333],"y":[0]},"t":10,"s":[0]},{"i":{"x":[0.667],"y":[1]},"o":{"x":[0.621],"y":[0]},"t":22,"s":[-10]},{"i":{"x":[0.667],"y":[1]},"o":{"x":[0.333],"y":[0]},"t":30,"s":[16]},{"i":{"x":[0.833],"y":[1]},"o":{"x":[0.333],"y":[0]},"t":44,"s":[-50]},{"i":{"x":[0.833],"y":[1]},"o":{"x":[0.167],"y":[0]},"t":52,"s":[-41]},{"i":{"x":[0.833],"y":[1]},"o":{"x":[0.167],"y":[0]},"t":60,"s":[-52]},{"i":{"x":[0.833],"y":[1]},"o":{"x":[0.167],"y":[0]},"t":66,"s":[-50]},{"i":{"x":[0.833],"y":[0.936]},"o":{"x":[0.167],"y":[0]},"t":114,"s":[-50]},{"i":{"x":[0.667],"y":[1]},"o":{"x":[0.167],"y":[-0.576]},"t":122,"s":[15]},{"i":{"x":[0.833],"y":[1]},"o":{"x":[0.167],"y":[0]},"t":132,"s":[6]},{"i":{"x":[0.833],"y":[1]},"o":{"x":[0.167],"y":[0]},"t":142,"s":[-4]},{"i":{"x":[0.833],"y":[1]},"o":{"x":[0.167],"y":[0]},"t":150,"s":[1]},{"t":158,"s":[0]}],"ix":10},"p":{"a":1,"k":[{"i":{"x":0.776,"y":0.404},"o":{"x":0.483,"y":0},"t":22,"s":[534.069,78.474,0],"to":[0,0,0],"ti":[0,0,0]},{"i":{"x":0.578,"y":1},"o":{"x":0.365,"y":0.36},"t":34,"s":[523.053,48.762,0],"to":[0,0,0],"ti":[0,0,0]},{"i":{"x":0.578,"y":0.578},"o":{"x":0.333,"y":0.333},"t":44,"s":[452.614,37.426,0],"to":[0,0,0],"ti":[0,0,0]},{"i":{"x":0.833,"y":0.911},"o":{"x":0.333,"y":0},"t":114,"s":[452.614,37.426,0],"to":[0,0,0],"ti":[0,0,0]},{"i":{"x":0.833,"y":1},"o":{"x":0.167,"y":0.542},"t":122,"s":[550.848,65.716,0],"to":[0,0,0],"ti":[0,0,0]},{"t":132,"s":[534.069,78.474,0]}],"ix":2,"l":2},"a":{"a":0,"k":[77.71,106.074,0],"ix":1,"l":2},"s":{"a":0,"k":[100,100,100],"ix":6,"l":2}},"ao":0,"shapes":[{"ty":"gr","it":[{"ind":0,"ty":"sh","ix":1,"ks":{"a":1,"k":[{"i":{"x":0.667,"y":1},"o":{"x":0.621,"y":0},"t":22,"s":[{"i":[[-18.441,58.857],[-33.84,22],[-2.8,-2.8],[12.56,-17.84],[-1.76,-1.68],[-13.84,11.36],[-2.8,-2.24],[18,-34.32],[0,0],[0,0]],"o":[[0,0],[31.2,-20.24],[2.8,2.8],[-10.72,15.2],[3.12,3.12],[18.56,-15.2],[2.8,2.24],[-16.88,32.08],[0,0],[-58.042,20.867]],"v":[[-73.019,-17.585],[-22.299,-75.585],[48.661,-90.784],[31.781,-43.504],[11.541,-14.784],[39.141,-36.784],[84.74,-55.344],[73.461,21.776],[25.62,74.176],[23.445,74.958]],"c":true}]},{"i":{"x":0.667,"y":1},"o":{"x":0.333,"y":0},"t":34,"s":[{"i":[[-18.441,58.857],[-33.84,22],[-2.8,-2.8],[12.56,-17.84],[-1.76,-1.68],[-13.84,11.36],[-2.8,-2.24],[18,-34.32],[0,0],[0,0]],"o":[[0,0],[31.2,-20.24],[2.8,2.8],[-10.72,15.2],[3.12,3.12],[18.56,-15.2],[2.8,2.24],[-16.88,32.08],[0,0],[-58.042,20.867]],"v":[[-103.159,9.994],[-22.299,-75.585],[48.661,-90.784],[31.781,-43.504],[11.541,-14.784],[39.141,-36.784],[84.74,-55.344],[71.202,19.562],[14.419,72.05],[12.243,72.832]],"c":true}]},{"i":{"x":0.833,"y":0.833},"o":{"x":0.333,"y":0},"t":114,"s":[{"i":[[-18.441,58.857],[-33.84,22],[-2.8,-2.8],[12.56,-17.84],[-1.76,-1.68],[-13.84,11.36],[-2.8,-2.24],[18,-34.32],[0,0],[0,0]],"o":[[0,0],[31.2,-20.24],[2.8,2.8],[-10.72,15.2],[3.12,3.12],[18.56,-15.2],[2.8,2.24],[-16.88,32.08],[0,0],[-58.042,20.867]],"v":[[-103.159,9.994],[-22.299,-75.585],[48.661,-90.784],[31.781,-43.504],[11.541,-14.784],[39.141,-36.784],[84.74,-55.344],[71.202,19.562],[14.419,72.05],[12.243,72.832]],"c":true}]},{"i":{"x":0.667,"y":1},"o":{"x":0.167,"y":0.167},"t":122,"s":[{"i":[[-18.441,58.857],[-33.84,22],[-2.8,-2.8],[12.56,-17.84],[-1.76,-1.68],[-13.84,11.36],[-2.8,-2.24],[18,-34.32],[0,0],[0,0]],"o":[[0,0],[31.2,-20.24],[2.8,2.8],[-10.72,15.2],[3.12,3.12],[18.56,-15.2],[2.8,2.24],[-16.88,32.08],[0,0],[-58.042,20.867]],"v":[[-103.159,9.994],[-22.299,-75.585],[48.661,-90.784],[31.781,-43.504],[11.541,-14.784],[39.141,-36.784],[84.74,-55.344],[71.202,19.562],[14.419,72.05],[12.243,72.832]],"c":true}]},{"t":132,"s":[{"i":[[-18.441,58.857],[-33.84,22],[-2.8,-2.8],[12.56,-17.84],[-1.76,-1.68],[-13.84,11.36],[-2.8,-2.24],[18,-34.32],[0,0],[0,0]],"o":[[0,0],[31.2,-20.24],[2.8,2.8],[-10.72,15.2],[3.12,3.12],[18.56,-15.2],[2.8,2.24],[-16.88,32.08],[0,0],[-58.042,20.867]],"v":[[-73.019,-17.585],[-22.299,-75.585],[48.661,-90.784],[31.781,-43.504],[11.541,-14.784],[39.141,-36.784],[84.74,-55.344],[73.461,21.776],[25.62,74.176],[23.445,74.958]],"c":true}]}],"ix":2},"nm":"Path 1","mn":"ADBE Vector Shape - Group","hd":false},{"ty":"fl","c":{"a":0,"k":[0.430999995213,0.310000011968,0.26699999641,1],"ix":4},"o":{"a":0,"k":100,"ix":5},"r":1,"bm":0,"nm":"Fill 1","mn":"ADBE Vector Graphic - Fill","hd":false},{"ty":"tr","p":{"a":0,"k":[91.71,96.074],"ix":2},"a":{"a":0,"k":[0,0],"ix":1},"s":{"a":0,"k":[100,100],"ix":3},"r":{"a":0,"k":0,"ix":6},"o":{"a":0,"k":100,"ix":7},"sk":{"a":0,"k":0,"ix":4},"sa":{"a":0,"k":0,"ix":5},"nm":"Transform"}],"nm":"Group 1","np":2,"cix":2,"bm":0,"ix":1,"mn":"ADBE Vector Group","hd":false}],"ip":0,"op":170,"st":0,"bm":0},{"ddd":0,"ind":12,"ty":4,"nm":"wing right","parent":6,"sr":1,"ks":{"o":{"a":0,"k":100,"ix":11},"r":{"a":1,"k":[{"i":{"x":[0.667],"y":[1]},"o":{"x":[0.621],"y":[0]},"t":22,"s":[0]},{"i":{"x":[0.833],"y":[1]},"o":{"x":[0.333],"y":[0]},"t":34,"s":[9]},{"i":{"x":[0.667],"y":[1]},"o":{"x":[0.167],"y":[0]},"t":112,"s":[9]},{"i":{"x":[0.667],"y":[1]},"o":{"x":[0.333],"y":[0]},"t":120,"s":[9]},{"t":130,"s":[0]}],"ix":10},"p":{"a":1,"k":[{"i":{"x":0.392,"y":1},"o":{"x":0.333,"y":0},"t":12,"s":[516.389,122.365,0],"to":[-0.333,8.333,0],"ti":[0.456,-5.383,0]},{"i":{"x":0.667,"y":1},"o":{"x":0.621,"y":0},"t":22,"s":[514.389,172.365,0],"to":[-0.456,5.383,0],"ti":[-1.167,8.126,0]},{"i":{"x":0.667,"y":1},"o":{"x":0.333,"y":0},"t":34,"s":[513.65,154.661,0],"to":[1.167,-8.126,0],"ti":[-0.968,3.881,0]},{"i":{"x":0.667,"y":1},"o":{"x":0.333,"y":0},"t":44,"s":[521.392,123.611,0],"to":[0.968,-3.881,0],"ti":[0.242,-0.97,0]},{"i":{"x":0.667,"y":1},"o":{"x":0.333,"y":0},"t":56,"s":[519.456,131.374,0],"to":[-0.242,0.97,0],"ti":[-0.081,0.323,0]},{"i":{"x":0.667,"y":0.667},"o":{"x":0.333,"y":0.333},"t":66,"s":[519.94,129.433,0],"to":[0,0,0],"ti":[0,0,0]},{"i":{"x":0.667,"y":1},"o":{"x":0.333,"y":0},"t":112,"s":[519.94,129.433,0],"to":[-1.048,4.205,0],"ti":[0.58,0.511,0]},{"i":{"x":0.667,"y":1},"o":{"x":0.333,"y":0},"t":120,"s":[513.65,154.661,0],"to":[-0.58,-0.511,0],"ti":[-0.456,5.383,0]},{"i":{"x":0.667,"y":1},"o":{"x":0.333,"y":0},"t":130,"s":[516.459,126.365,0],"to":[0.456,-5.383,0],"ti":[0.012,0.667,0]},{"t":140,"s":[516.389,122.365,0]}],"ix":2,"l":2},"a":{"a":0,"k":[119.151,116.695,0],"ix":1,"l":2},"s":{"a":0,"k":[100,100,100],"ix":6,"l":2}},"ao":0,"shapes":[{"ty":"gr","it":[{"ind":0,"ty":"sh","ix":1,"ks":{"a":1,"k":[{"i":{"x":0.667,"y":1},"o":{"x":0.333,"y":0},"t":34,"s":[{"i":[[-99.579,-63.302],[-12.4,29.28],[25.92,25.92],[0,0],[0,0]],"o":[[15.76,-12.399],[12.4,-29.279],[-19.2,-19.441],[0,0],[-163.3,-3.092]],"v":[[29.941,116.444],[102.021,19.565],[92.981,-90.835],[44.661,-113.475],[44.399,-113.353]],"c":true}]},{"i":{"x":0.833,"y":1},"o":{"x":0.333,"y":0},"t":44,"s":[{"i":[[-99.579,-63.302],[-12.4,29.28],[25.92,25.92],[0,0],[0,0]],"o":[[15.76,-12.399],[12.4,-29.279],[-19.2,-19.441],[0,0],[-163.3,-3.092]],"v":[[29.941,116.444],[102.021,19.565],[92.981,-90.835],[26.798,-121.562],[26.536,-121.44]],"c":true}]},{"i":{"x":0.667,"y":1},"o":{"x":0.167,"y":0},"t":112,"s":[{"i":[[-99.579,-63.302],[-12.4,29.28],[25.92,25.92],[0,0],[0,0]],"o":[[15.76,-12.399],[12.4,-29.279],[-19.2,-19.441],[0,0],[-163.3,-3.092]],"v":[[29.941,116.444],[102.021,19.565],[92.981,-90.835],[26.798,-121.562],[26.536,-121.44]],"c":true}]},{"t":120,"s":[{"i":[[-99.579,-63.302],[-12.4,29.28],[25.92,25.92],[0,0],[0,0]],"o":[[15.76,-12.399],[12.4,-29.279],[-19.2,-19.441],[0,0],[-163.3,-3.092]],"v":[[29.941,116.444],[102.021,19.565],[92.981,-90.835],[44.661,-113.475],[44.399,-113.353]],"c":true}]}],"ix":2},"nm":"Path 1","mn":"ADBE Vector Shape - Group","hd":false},{"ty":"fl","c":{"a":0,"k":[0.430999995213,0.310000011968,0.26699999641,1],"ix":4},"o":{"a":0,"k":100,"ix":5},"r":1,"bm":0,"nm":"Fill 1","mn":"ADBE Vector Graphic - Fill","hd":false},{"ty":"tr","p":{"a":0,"k":[119.151,116.695],"ix":2},"a":{"a":0,"k":[0,0],"ix":1},"s":{"a":0,"k":[100,100],"ix":3},"r":{"a":0,"k":0,"ix":6},"o":{"a":0,"k":100,"ix":7},"sk":{"a":0,"k":0,"ix":4},"sa":{"a":0,"k":0,"ix":5},"nm":"Transform"}],"nm":"Group 1","np":2,"cix":2,"bm":0,"ix":1,"mn":"ADBE Vector Group","hd":false}],"ip":0,"op":170,"st":0,"bm":0},{"ddd":0,"ind":13,"ty":4,"nm":"wing left","parent":6,"sr":1,"ks":{"o":{"a":0,"k":100,"ix":11},"r":{"a":1,"k":[{"i":{"x":[0.667],"y":[1]},"o":{"x":[0.621],"y":[0]},"t":22,"s":[0]},{"i":{"x":[0.833],"y":[1]},"o":{"x":[0.333],"y":[0]},"t":34,"s":[-10]},{"i":{"x":[0.667],"y":[1]},"o":{"x":[0.167],"y":[0]},"t":112,"s":[-10]},{"i":{"x":[0.667],"y":[1]},"o":{"x":[0.333],"y":[0]},"t":120,"s":[-10]},{"t":130,"s":[0]}],"ix":10},"p":{"a":1,"k":[{"i":{"x":0.392,"y":1},"o":{"x":0.333,"y":0},"t":12,"s":[32.71,108.05,0],"to":[0,8.333,0],"ti":[-0.366,-11.688,0]},{"i":{"x":0.667,"y":1},"o":{"x":0.621,"y":0},"t":22,"s":[32.71,158.05,0],"to":[0.366,11.688,0],"ti":[-2.301,4.408,0]},{"i":{"x":0.667,"y":1},"o":{"x":0.333,"y":0},"t":34,"s":[34.906,178.18,0],"to":[2.301,-4.408,0],"ti":[-1.452,5.822,0]},{"i":{"x":0.667,"y":1},"o":{"x":0.333,"y":0},"t":44,"s":[46.518,131.605,0],"to":[1.452,-5.822,0],"ti":[0.323,-1.294,0]},{"i":{"x":0.667,"y":1},"o":{"x":0.333,"y":0},"t":52,"s":[43.615,143.249,0],"to":[-0.323,1.294,0],"ti":[-0.161,0.647,0]},{"i":{"x":0.667,"y":0.667},"o":{"x":0.333,"y":0.333},"t":60,"s":[44.583,139.368,0],"to":[0,0,0],"ti":[0,0,0]},{"i":{"x":0.667,"y":1},"o":{"x":0.333,"y":0},"t":112,"s":[44.583,139.368,0],"to":[-1.613,6.469,0],"ti":[2.002,6.553,0]},{"i":{"x":0.667,"y":1},"o":{"x":0.333,"y":0},"t":120,"s":[34.906,178.18,0],"to":[-2.002,-6.553,0],"ti":[0.366,11.022,0]},{"i":{"x":0.667,"y":1},"o":{"x":0.333,"y":0},"t":130,"s":[32.571,100.052,0],"to":[-0.366,-11.022,0],"ti":[-0.023,-1.333,0]},{"i":{"x":0.667,"y":1},"o":{"x":0.333,"y":0},"t":142,"s":[32.71,112.05,0],"to":[0.023,1.333,0],"ti":[0,0.667,0]},{"t":154,"s":[32.71,108.05,0]}],"ix":2,"l":2},"a":{"a":0,"k":[87.11,121.89,0],"ix":1,"l":2},"s":{"a":0,"k":[100,100,100],"ix":6,"l":2}},"ao":0,"shapes":[{"ty":"gr","it":[{"ind":0,"ty":"sh","ix":1,"ks":{"a":1,"k":[{"i":{"x":0.667,"y":1},"o":{"x":0.621,"y":0},"t":22,"s":[{"i":[[0,0],[27.04,-31.52],[-19.28,-37.68],[0,0],[0,0],[0.608,52.148],[47.359,9.603]],"o":[[0,0],[-27.04,31.52],[24.24,47.281],[0,0],[56.805,-27.506],[-0.563,-48.32],[0,0]],"v":[[-7.82,-116.041],[-58.54,-90.12],[-67.581,47.32],[-3.421,121.64],[-3.421,121.639],[86.253,-14.649],[3.551,-113.734]],"c":true}]},{"i":{"x":0.667,"y":1},"o":{"x":0.333,"y":0},"t":34,"s":[{"i":[[0,0],[30.257,-28.447],[-19.28,-37.68],[0,0],[0,0],[0.608,52.148],[47.359,9.603]],"o":[[0,0],[-28.672,26.957],[24.24,47.281],[0,0],[56.805,-27.506],[-0.563,-48.32],[0,0]],"v":[[-7.82,-116.041],[-58.54,-90.12],[-63.813,31.483],[11.222,88.753],[11.222,88.752],[86.253,-14.649],[3.551,-113.734]],"c":true}]},{"i":{"x":0.833,"y":1},"o":{"x":0.333,"y":0},"t":44,"s":[{"i":[[0,0],[30.257,-28.447],[-33.374,-57.49],[0,0],[0,0],[0.608,52.148],[47.359,9.603]],"o":[[0,0],[-28.672,26.957],[26.675,45.951],[0,0],[56.805,-27.506],[-0.563,-48.32],[0,0]],"v":[[-0.799,-139.186],[-51.519,-113.266],[-66.867,43.259],[8.168,100.529],[8.168,100.528],[86.253,-14.649],[10.573,-136.88]],"c":true}]},{"i":{"x":0.667,"y":1},"o":{"x":0.167,"y":0},"t":112,"s":[{"i":[[0,0],[30.257,-28.447],[-33.374,-57.49],[0,0],[0,0],[0.608,52.148],[47.359,9.603]],"o":[[0,0],[-28.672,26.957],[26.675,45.951],[0,0],[56.805,-27.506],[-0.563,-48.32],[0,0]],"v":[[-0.799,-139.186],[-51.519,-113.266],[-66.867,43.259],[8.168,100.529],[8.168,100.528],[86.253,-14.649],[10.573,-136.88]],"c":true}]},{"i":{"x":0.667,"y":1},"o":{"x":0.333,"y":0},"t":120,"s":[{"i":[[0,0],[30.257,-28.447],[-19.28,-37.68],[0,0],[0,0],[0.608,52.148],[47.359,9.603]],"o":[[0,0],[-28.672,26.957],[24.24,47.281],[0,0],[56.805,-27.506],[-0.563,-48.32],[0,0]],"v":[[-7.82,-116.041],[-58.54,-90.12],[-63.813,31.483],[11.222,88.753],[11.222,88.752],[86.253,-14.649],[3.551,-113.734]],"c":true}]},{"t":130,"s":[{"i":[[0,0],[27.04,-31.52],[-19.28,-37.68],[0,0],[0,0],[0.608,52.148],[47.359,9.603]],"o":[[0,0],[-27.04,31.52],[24.24,47.281],[0,0],[56.805,-27.506],[-0.563,-48.32],[0,0]],"v":[[-7.82,-116.041],[-58.54,-90.12],[-67.581,47.32],[-3.421,121.64],[-3.421,121.639],[86.253,-14.649],[3.551,-113.734]],"c":true}]}],"ix":2},"nm":"Path 1","mn":"ADBE Vector Shape - Group","hd":false},{"ty":"fl","c":{"a":0,"k":[0.430999995213,0.310000011968,0.26699999641,1],"ix":4},"o":{"a":0,"k":100,"ix":5},"r":1,"bm":0,"nm":"Fill 1","mn":"ADBE Vector Graphic - Fill","hd":false},{"ty":"tr","p":{"a":0,"k":[87.11,121.89],"ix":2},"a":{"a":0,"k":[0,0],"ix":1},"s":{"a":0,"k":[100,100],"ix":3},"r":{"a":0,"k":0,"ix":6},"o":{"a":0,"k":100,"ix":7},"sk":{"a":0,"k":0,"ix":4},"sa":{"a":0,"k":0,"ix":5},"nm":"Transform"}],"nm":"Group 1","np":2,"cix":2,"bm":0,"ix":1,"mn":"ADBE Vector Group","hd":false}],"ip":0,"op":170,"st":0,"bm":0}],"markers":[{"tm":0,"cm":"rest","dr":0}]}