{"v":"5.8.1","fr":60,"ip":0,"op":72,"w":1024,"h":1024,"nm":"emoji_Microbe","ddd":0,"assets":[{"id":"comp_0","nm":"Microbe","fr":60,"layers":[{"ddd":0,"ind":1,"ty":4,"nm":"nucleoid","sr":1,"ks":{"o":{"a":0,"k":100,"ix":11},"r":{"a":0,"k":0,"ix":10},"p":{"a":0,"k":[373.711,343.86,0],"ix":2,"l":2},"a":{"a":0,"k":[117.692,108.286,0],"ix":1,"l":2},"s":{"a":0,"k":[100,100,100],"ix":6,"l":2}},"ao":0,"shapes":[{"ty":"gr","it":[{"ind":0,"ty":"sh","ix":1,"ks":{"a":1,"k":[{"i":{"x":0.359,"y":1},"o":{"x":0.167,"y":0.167},"t":0,"s":[{"i":[[-28.815,29.053],[-40.404,-37.467],[33.657,-30.561],[47.707,44.691]],"o":[[28.974,-29.371],[45.723,42.389],[-32.069,29.053],[-49.216,-46.12]],"v":[[-85.055,-66.665],[43.383,-50.948],[78.785,90.983],[-73.227,60.422]],"c":true}]},{"i":{"x":0.644,"y":1},"o":{"x":0.712,"y":0},"t":30,"s":[{"i":[[-33.931,22.871],[-32.316,-44.632],[38.974,-23.406],[38.069,53.141]],"o":[[34.148,-23.152],[36.572,50.497],[-37.122,22.236],[-39.269,-54.838]],"v":[[23.081,-53.078],[180.594,-55.404],[138.352,106.548],[-32.173,97.251]],"c":true}]},{"i":{"x":0.833,"y":0.833},"o":{"x":0.403,"y":0},"t":50,"s":[{"i":[[-33.931,22.871],[-18.125,-52.037],[38.974,-23.406],[38.069,53.141]],"o":[[34.148,-23.152],[19.695,56.544],[-37.122,22.236],[-39.269,-54.838]],"v":[[-88.919,-149.078],[30.594,-90.404],[17.352,53.548],[-103.173,-3.749]],"c":true}]},{"t":72,"s":[{"i":[[-28.815,29.053],[-40.404,-37.467],[33.657,-30.561],[47.707,44.691]],"o":[[28.974,-29.371],[45.723,42.389],[-32.069,29.053],[-49.216,-46.12]],"v":[[-85.055,-66.665],[43.383,-50.948],[78.785,90.983],[-73.227,60.422]],"c":true}]}],"ix":2},"nm":"Path 1","mn":"ADBE Vector Shape - Group","hd":false},{"ty":"fl","c":{"a":0,"k":[0.984000052658,0.760999971278,0.097999999102,1],"ix":4},"o":{"a":0,"k":100,"ix":5},"r":1,"bm":0,"nm":"Fill 1","mn":"ADBE Vector Graphic - Fill","hd":false},{"ty":"tr","p":{"a":0,"k":[117.692,108.286],"ix":2},"a":{"a":0,"k":[0,0],"ix":1},"s":{"a":0,"k":[100,100],"ix":3},"r":{"a":0,"k":0,"ix":6},"o":{"a":0,"k":100,"ix":7},"sk":{"a":0,"k":0,"ix":4},"sa":{"a":0,"k":0,"ix":5},"nm":"Transform"}],"nm":"Group 1","np":2,"cix":2,"bm":0,"ix":1,"mn":"ADBE Vector Group","hd":false}],"ip":0,"op":72,"st":0,"bm":0},{"ddd":0,"ind":2,"ty":4,"nm":"ribosomes","sr":1,"ks":{"o":{"a":0,"k":100,"ix":11},"r":{"a":1,"k":[{"i":{"x":[0.833],"y":[0.833]},"o":{"x":[0.167],"y":[0.167]},"t":0,"s":[0]},{"t":72,"s":[360]}],"ix":10},"p":{"a":1,"k":[{"i":{"x":0.833,"y":0.709},"o":{"x":0.167,"y":0.167},"t":0,"s":[528.471,447.781,0],"to":[8.333,2.5,0],"ti":[5.667,2.5,0]},{"i":{"x":0.833,"y":0.886},"o":{"x":0.167,"y":0.092},"t":34,"s":[578.471,462.781,0],"to":[-5.667,-2.5,0],"ti":[8.333,2.5,0]},{"i":{"x":0.833,"y":0.833},"o":{"x":0.167,"y":0.285},"t":52,"s":[494.471,432.781,0],"to":[-8.333,-2.5,0],"ti":[-5.667,-2.5,0]},{"t":72,"s":[528.471,447.781,0]}],"ix":2,"l":2},"a":{"a":0,"k":[31.803,34.542,0],"ix":1,"l":2},"s":{"a":0,"k":[100,100,100],"ix":6,"l":2}},"ao":0,"shapes":[{"ty":"gr","it":[{"ind":0,"ty":"sh","ix":1,"ks":{"a":0,"k":{"i":[[-5.001,-15.638],[13.733,-5.635],[7.383,20.162],[-14.13,4.445]],"o":[[5.001,15.717],[-16.352,6.668],[-5.715,-15.4],[14.05,-4.446]],"v":[[26.553,-9.525],[13.613,27.624],[-25.839,5.24],[-7.978,-29.846]],"c":true},"ix":2},"nm":"Path 1","mn":"ADBE Vector Shape - Group","hd":false},{"ty":"fl","c":{"a":0,"k":[0,0.666999966491,0.275,1],"ix":4},"o":{"a":0,"k":100,"ix":5},"r":1,"bm":0,"nm":"Fill 1","mn":"ADBE Vector Graphic - Fill","hd":false},{"ty":"tr","p":{"a":0,"k":[31.803,34.542],"ix":2},"a":{"a":0,"k":[0,0],"ix":1},"s":{"a":0,"k":[100,100],"ix":3},"r":{"a":0,"k":0,"ix":6},"o":{"a":0,"k":100,"ix":7},"sk":{"a":0,"k":0,"ix":4},"sa":{"a":0,"k":0,"ix":5},"nm":"Transform"}],"nm":"Group 1","np":2,"cix":2,"bm":0,"ix":1,"mn":"ADBE Vector Group","hd":false}],"ip":0,"op":72,"st":0,"bm":0},{"ddd":0,"ind":3,"ty":4,"nm":"ribosomes","sr":1,"ks":{"o":{"a":0,"k":100,"ix":11},"r":{"a":1,"k":[{"i":{"x":[0.833],"y":[0.833]},"o":{"x":[0.167],"y":[0.167]},"t":0,"s":[0]},{"t":72,"s":[360]}],"ix":10},"p":{"a":1,"k":[{"i":{"x":0.833,"y":0.638},"o":{"x":0.167,"y":0.167},"t":0,"s":[470.286,512.119,0],"to":[-0.167,4.333,0],"ti":[11.333,-1.333,0]},{"i":{"x":0.833,"y":0.851},"o":{"x":0.167,"y":0.085},"t":32,"s":[469.286,538.119,0],"to":[-11.333,1.333,0],"ti":[-0.167,4.333,0]},{"i":{"x":0.833,"y":0.833},"o":{"x":0.167,"y":0.185},"t":50,"s":[402.286,520.119,0],"to":[0.167,-4.333,0],"ti":[-11.333,1.333,0]},{"t":72,"s":[470.286,512.119,0]}],"ix":2,"l":2},"a":{"a":0,"k":[24.66,25.849,0],"ix":1,"l":2},"s":{"a":0,"k":[100,100,100],"ix":6,"l":2}},"ao":0,"shapes":[{"ty":"gr","it":[{"ind":0,"ty":"sh","ix":1,"ks":{"a":0,"k":{"i":[[-7.303,-10.082],[9.288,-6.747],[7.383,10.081],[-9.287,6.748]],"o":[[7.382,10.081],[-9.287,6.826],[-7.382,-10.081],[9.367,-6.826]],"v":[[16.71,-12.82],[15.122,18.773],[-17.027,11.788],[-13.535,-18.773]],"c":true},"ix":2},"nm":"Path 1","mn":"ADBE Vector Shape - Group","hd":false},{"ty":"fl","c":{"a":0,"k":[0,0.666999966491,0.275,1],"ix":4},"o":{"a":0,"k":100,"ix":5},"r":1,"bm":0,"nm":"Fill 1","mn":"ADBE Vector Graphic - Fill","hd":false},{"ty":"tr","p":{"a":0,"k":[24.659,25.85],"ix":2},"a":{"a":0,"k":[0,0],"ix":1},"s":{"a":0,"k":[100,100],"ix":3},"r":{"a":0,"k":0,"ix":6},"o":{"a":0,"k":100,"ix":7},"sk":{"a":0,"k":0,"ix":4},"sa":{"a":0,"k":0,"ix":5},"nm":"Transform"}],"nm":"Group 1","np":2,"cix":2,"bm":0,"ix":1,"mn":"ADBE Vector Group","hd":false}],"ip":0,"op":72,"st":0,"bm":0},{"ddd":0,"ind":4,"ty":4,"nm":"ribosomes","sr":1,"ks":{"o":{"a":0,"k":100,"ix":11},"r":{"a":1,"k":[{"i":{"x":[0.833],"y":[0.833]},"o":{"x":[0.167],"y":[0.167]},"t":0,"s":[0]},{"t":72,"s":[-360]}],"ix":10},"p":{"a":1,"k":[{"i":{"x":0.833,"y":0.625},"o":{"x":0.167,"y":0.167},"t":0,"s":[604.2,552.801,0],"to":[8.083,6.25,0],"ti":[19.8,-4.57,0]},{"i":{"x":0.833,"y":0.87},"o":{"x":0.167,"y":0.074},"t":36,"s":[615.2,588.801,0],"to":[-8.741,2.018,0],"ti":[-17.448,26.494,0]},{"i":{"x":0.833,"y":0.833},"o":{"x":0.167,"y":0.216},"t":52,"s":[535.2,537.301,0],"to":[17.508,-26.585,0],"ti":[-2.667,-3.667,0]},{"t":72,"s":[604.2,552.801,0]}],"ix":2,"l":2},"a":{"a":0,"k":[44.743,44.465,0],"ix":1,"l":2},"s":{"a":0,"k":[100,100,100],"ix":6,"l":2}},"ao":0,"shapes":[{"ty":"gr","it":[{"ind":0,"ty":"sh","ix":1,"ks":{"a":0,"k":{"i":[[-3.334,-22.465],[29.767,-1.508],[-0.159,22.623],[-23.258,0]],"o":[[3.731,25.322],[-23.259,1.19],[0.159,-27.545],[23.259,-0.08]],"v":[[40.762,-4.683],[2.025,43.024],[-44.333,-1.665],[-3.93,-44.135]],"c":true},"ix":2},"nm":"Path 1","mn":"ADBE Vector Shape - Group","hd":false},{"ty":"fl","c":{"a":0,"k":[0,0.666999966491,0.275,1],"ix":4},"o":{"a":0,"k":100,"ix":5},"r":1,"bm":0,"nm":"Fill 1","mn":"ADBE Vector Graphic - Fill","hd":false},{"ty":"tr","p":{"a":0,"k":[44.742,44.465],"ix":2},"a":{"a":0,"k":[0,0],"ix":1},"s":{"a":0,"k":[100,100],"ix":3},"r":{"a":0,"k":0,"ix":6},"o":{"a":0,"k":100,"ix":7},"sk":{"a":0,"k":0,"ix":4},"sa":{"a":0,"k":0,"ix":5},"nm":"Transform"}],"nm":"Group 1","np":2,"cix":2,"bm":0,"ix":1,"mn":"ADBE Vector Group","hd":false}],"ip":0,"op":72,"st":0,"bm":0},{"ddd":0,"ind":5,"ty":4,"nm":"ribosomes","sr":1,"ks":{"o":{"a":0,"k":100,"ix":11},"r":{"a":1,"k":[{"i":{"x":[0.833],"y":[0.833]},"o":{"x":[0.167],"y":[0.167]},"t":0,"s":[0]},{"t":72,"s":[360]}],"ix":10},"p":{"a":1,"k":[{"i":{"x":0.833,"y":0.728},"o":{"x":0.167,"y":0.167},"t":0,"s":[623.33,689.057,0],"to":[-8.5,-12.167,0],"ti":[10.005,-15.906,0]},{"i":{"x":0.833,"y":0.857},"o":{"x":0.167,"y":0.096},"t":34,"s":[575.33,682.057,0],"to":[-7.633,12.136,0],"ti":[-15.575,2.101,0]},{"i":{"x":0.833,"y":0.833},"o":{"x":0.167,"y":0.196},"t":52,"s":[612.33,750.057,0],"to":[13.395,-1.807,0],"ti":[9.667,14.167,0]},{"t":72,"s":[623.33,689.057,0]}],"ix":2,"l":2},"a":{"a":0,"k":[39.265,41.409,0],"ix":1,"l":2},"s":{"a":0,"k":[100,100,100],"ix":6,"l":2}},"ao":0,"shapes":[{"ty":"gr","it":[{"ind":0,"ty":"sh","ix":1,"ks":{"a":0,"k":{"i":[[-10.716,-18.575],[10.399,-7.461],[10.716,18.495],[-18.575,9.764]],"o":[[10.716,18.495],[-17.067,12.225],[-10.716,-18.496],[14.13,-7.541]],"v":[[28.299,-17.265],[21.631,28.934],[-28.299,17.028],[-16.392,-33.618]],"c":true},"ix":2},"nm":"Path 1","mn":"ADBE Vector Shape - Group","hd":false},{"ty":"fl","c":{"a":0,"k":[0,0.666999966491,0.275,1],"ix":4},"o":{"a":0,"k":100,"ix":5},"r":1,"bm":0,"nm":"Fill 1","mn":"ADBE Vector Graphic - Fill","hd":false},{"ty":"tr","p":{"a":0,"k":[39.265,41.409],"ix":2},"a":{"a":0,"k":[0,0],"ix":1},"s":{"a":0,"k":[100,100],"ix":3},"r":{"a":0,"k":0,"ix":6},"o":{"a":0,"k":100,"ix":7},"sk":{"a":0,"k":0,"ix":4},"sa":{"a":0,"k":0,"ix":5},"nm":"Transform"}],"nm":"Group 1","np":2,"cix":2,"bm":0,"ix":1,"mn":"ADBE Vector Group","hd":false}],"ip":0,"op":72,"st":0,"bm":0},{"ddd":0,"ind":6,"ty":4,"nm":"ribosomes","sr":1,"ks":{"o":{"a":0,"k":100,"ix":11},"r":{"a":1,"k":[{"i":{"x":[0.833],"y":[0.833]},"o":{"x":[0.167],"y":[0.167]},"t":0,"s":[0]},{"t":72,"s":[-360]}],"ix":10},"p":{"a":1,"k":[{"i":{"x":0.833,"y":0.653},"o":{"x":0.167,"y":0.167},"t":0,"s":[739.741,726.286,0],"to":[4,-6,0],"ti":[19.667,12.667,0]},{"i":{"x":0.833,"y":0.853},"o":{"x":0.167,"y":0.074},"t":34,"s":[721.741,696.286,0],"to":[-14.186,-9.137,0],"ti":[3.576,-11.449,0]},{"i":{"x":0.833,"y":0.833},"o":{"x":0.167,"y":0.181},"t":48,"s":[654.741,671.286,0],"to":[-3.35,10.725,0],"ti":[-5.667,4.333,0]},{"t":72,"s":[739.741,726.286,0]}],"ix":2,"l":2},"a":{"a":0,"k":[30.97,33.946,0],"ix":1,"l":2},"s":{"a":0,"k":[100,100,100],"ix":6,"l":2}},"ao":0,"shapes":[{"ty":"gr","it":[{"ind":0,"ty":"sh","ix":1,"ks":{"a":0,"k":{"i":[[-1.508,-14.13],[18.654,-1.509],[0,17.226],[-19.369,-0.794]],"o":[[1.826,17.225],[-22.306,1.825],[0,-17.225],[16.829,0.634]],"v":[[28.894,-2.421],[2.064,31.872],[-30.72,-1.627],[-0.159,-32.903]],"c":true},"ix":2},"nm":"Path 1","mn":"ADBE Vector Shape - Group","hd":false},{"ty":"fl","c":{"a":0,"k":[0,0.666999966491,0.275,1],"ix":4},"o":{"a":0,"k":100,"ix":5},"r":1,"bm":0,"nm":"Fill 1","mn":"ADBE Vector Graphic - Fill","hd":false},{"ty":"tr","p":{"a":0,"k":[30.97,33.947],"ix":2},"a":{"a":0,"k":[0,0],"ix":1},"s":{"a":0,"k":[100,100],"ix":3},"r":{"a":0,"k":0,"ix":6},"o":{"a":0,"k":100,"ix":7},"sk":{"a":0,"k":0,"ix":4},"sa":{"a":0,"k":0,"ix":5},"nm":"Transform"}],"nm":"Group 1","np":2,"cix":2,"bm":0,"ix":1,"mn":"ADBE Vector Group","hd":false}],"ip":0,"op":72,"st":0,"bm":0},{"ddd":0,"ind":7,"ty":4,"nm":"capsule","sr":1,"ks":{"o":{"a":0,"k":100,"ix":11},"r":{"a":0,"k":0,"ix":10},"p":{"a":0,"k":[513.072,505.531,0],"ix":2,"l":2},"a":{"a":0,"k":[365.279,357.896,0],"ix":1,"l":2},"s":{"a":0,"k":[100,100,100],"ix":6,"l":2}},"ao":0,"shapes":[{"ty":"gr","it":[{"ind":0,"ty":"sh","ix":1,"ks":{"a":1,"k":[{"i":{"x":0.304,"y":1},"o":{"x":0.333,"y":0},"t":0,"s":[{"i":[[62.393,-67.155],[-116.291,-72.712],[-75.728,-79.222],[-47.389,-40.404],[-46.834,42.468],[110.259,80.412],[23.099,34.371],[70.013,62.552]],"o":[[-77.475,83.428],[95.335,59.614],[64.059,67.075],[70.013,59.615],[48.025,-43.58],[-110.259,-80.412],[-46.2,-68.505],[-66.917,-59.773]],"v":[[-287.553,-290.491],[-238.417,-13.376],[-22.345,116.966],[95.374,298.031],[292.793,294.697],[254.77,73.069],[87.913,-87.834],[-62.591,-296.445]],"c":true}]},{"i":{"x":0.833,"y":0.833},"o":{"x":0.674,"y":0},"t":30,"s":[{"i":[[62.393,-67.155],[-117.654,-64.155],[-51.726,-52.497],[-52.446,-77.562],[-65.864,72.772],[17.159,81.4],[56.985,93.697],[51.52,71.914]],"o":[[-77.475,83.428],[77.571,42.298],[65.098,66.068],[50.034,73.995],[38.61,-42.66],[-20.523,-97.359],[-56.985,-93.697],[-52.255,-72.939]],"v":[[-154.553,-238.491],[-201.417,39.624],[-47.345,109.966],[-17.626,330.031],[242.793,286.697],[300.77,109.069],[124.914,-36.834],[79.408,-274.445]],"c":true}]},{"i":{"x":0.667,"y":1},"o":{"x":0.167,"y":0.167},"t":48,"s":[{"i":[[62.393,-67.155],[-86.654,-101.155],[-66.726,-85.497],[-56.446,-37.562],[-38.864,49.772],[112.159,77.4],[21.015,68.303],[76.52,58.914]],"o":[[-77.475,83.428],[73.293,85.558],[53.426,68.456],[76.554,50.943],[39.912,-51.114],[-112.318,-77.51],[-26.616,-86.507],[-71.095,-54.737]],"v":[[-303.553,-340.491],[-250.417,-31.376],[-81.345,154.966],[65.374,360.031],[246.793,326.697],[184.77,103.069],[38.913,-75.834],[-60.591,-326.445]],"c":true}]},{"t":72,"s":[{"i":[[62.393,-67.155],[-116.291,-72.712],[-75.728,-79.222],[-47.389,-40.404],[-46.834,42.468],[110.259,80.412],[23.099,34.371],[70.013,62.552]],"o":[[-77.475,83.428],[95.335,59.614],[64.059,67.075],[70.013,59.615],[48.025,-43.58],[-110.259,-80.412],[-46.2,-68.505],[-66.917,-59.773]],"v":[[-287.553,-290.491],[-238.417,-13.376],[-22.345,116.966],[95.374,298.031],[292.793,294.697],[254.77,73.069],[87.913,-87.834],[-62.591,-296.445]],"c":true}]}],"ix":2},"nm":"Path 1","mn":"ADBE Vector Shape - Group","hd":false},{"ty":"fl","c":{"a":0,"k":[0.486000001197,0.859000052658,0.552999997606,1],"ix":4},"o":{"a":0,"k":100,"ix":5},"r":1,"bm":0,"nm":"Fill 1","mn":"ADBE Vector Graphic - Fill","hd":false},{"ty":"tr","p":{"a":0,"k":[365.278,357.896],"ix":2},"a":{"a":0,"k":[0,0],"ix":1},"s":{"a":0,"k":[100,100],"ix":3},"r":{"a":0,"k":0,"ix":6},"o":{"a":0,"k":100,"ix":7},"sk":{"a":0,"k":0,"ix":4},"sa":{"a":0,"k":0,"ix":5},"nm":"Transform"}],"nm":"Group 1","np":2,"cix":2,"bm":0,"ix":1,"mn":"ADBE Vector Group","hd":false},{"ty":"st","c":{"a":0,"k":[0.007843137255,0.670588235294,0.278431372549,1],"ix":3},"o":{"a":0,"k":100,"ix":4},"w":{"a":0,"k":88,"ix":5},"lc":1,"lj":1,"ml":4,"bm":0,"nm":"Stroke 1","mn":"ADBE Vector Graphic - Stroke","hd":false}],"ip":0,"op":72,"st":0,"bm":0},{"ddd":0,"ind":8,"ty":4,"nm":"capsule 2","sr":1,"ks":{"o":{"a":0,"k":100,"ix":11},"r":{"a":0,"k":0,"ix":10},"p":{"a":0,"k":[513.072,505.531,0],"ix":2,"l":2},"a":{"a":0,"k":[365.279,357.896,0],"ix":1,"l":2},"s":{"a":0,"k":[100,100,100],"ix":6,"l":2}},"ao":0,"shapes":[{"ty":"gr","it":[{"ind":0,"ty":"sh","ix":1,"ks":{"a":1,"k":[{"i":{"x":0.304,"y":1},"o":{"x":0.333,"y":0},"t":0,"s":[{"i":[[62.393,-67.155],[-122.654,-78.155],[-54.726,-60.497],[-46.099,-41.87],[-41.353,49.903],[118.159,74.4],[23.099,34.371],[70.013,62.552]],"o":[[-77.475,83.428],[94.825,60.422],[47.019,51.977],[77.554,70.438],[39.136,-47.228],[-115.481,-72.714],[-46.2,-68.505],[-66.917,-59.773]],"v":[[-294.553,-294.491],[-243.417,-6.376],[-22.345,116.966],[89.374,298.031],[295.793,294.697],[265.77,81.069],[87.914,-87.834],[-58.591,-308.445]],"c":true}]},{"i":{"x":0.833,"y":0.833},"o":{"x":0.674,"y":0},"t":30,"s":[{"i":[[62.393,-67.155],[-117.654,-64.155],[-51.726,-52.497],[-52.446,-77.562],[-65.864,72.772],[17.159,81.4],[56.985,93.697],[51.52,71.914]],"o":[[-77.475,83.428],[77.571,42.298],[65.098,66.068],[50.034,73.995],[38.61,-42.66],[-20.523,-97.359],[-56.985,-93.697],[-52.254,-72.939]],"v":[[-167.553,-240.491],[-201.417,39.624],[-47.345,109.966],[-25.626,333.031],[252.793,292.697],[316.77,101.069],[124.914,-36.834],[79.408,-274.445]],"c":true}]},{"i":{"x":0.667,"y":1},"o":{"x":0.167,"y":0.167},"t":48,"s":[{"i":[[62.393,-67.155],[-86.654,-101.155],[-66.726,-85.497],[-56.446,-37.562],[-38.864,49.772],[112.159,77.4],[21.015,68.303],[76.52,58.914]],"o":[[-77.475,83.428],[73.293,85.558],[53.426,68.456],[76.554,50.943],[39.912,-51.114],[-112.318,-77.51],[-26.616,-86.507],[-71.095,-54.737]],"v":[[-303.553,-340.491],[-250.417,-31.376],[-81.345,154.966],[65.374,360.031],[246.793,326.697],[184.77,103.069],[38.913,-75.834],[-60.591,-326.445]],"c":true}]},{"t":72,"s":[{"i":[[62.393,-67.155],[-122.654,-78.155],[-54.726,-60.497],[-46.099,-41.87],[-41.353,49.903],[118.159,74.4],[23.099,34.371],[70.013,62.552]],"o":[[-77.475,83.428],[94.825,60.422],[47.019,51.977],[77.554,70.438],[39.136,-47.228],[-115.481,-72.714],[-46.2,-68.505],[-66.917,-59.773]],"v":[[-294.553,-294.491],[-243.417,-6.376],[-22.345,116.966],[89.374,298.031],[295.793,294.697],[265.77,81.069],[87.914,-87.834],[-58.591,-308.445]],"c":true}]}],"ix":2},"nm":"Path 1","mn":"ADBE Vector Shape - Group","hd":false},{"ty":"fl","c":{"a":0,"k":[0.486000001197,0.859000052658,0.552999997606,1],"ix":4},"o":{"a":0,"k":100,"ix":5},"r":1,"bm":0,"nm":"Fill 1","mn":"ADBE Vector Graphic - Fill","hd":false},{"ty":"tr","p":{"a":0,"k":[365.278,357.896],"ix":2},"a":{"a":0,"k":[0,0],"ix":1},"s":{"a":0,"k":[100,100],"ix":3},"r":{"a":0,"k":0,"ix":6},"o":{"a":0,"k":100,"ix":7},"sk":{"a":0,"k":0,"ix":4},"sa":{"a":0,"k":0,"ix":5},"nm":"Transform"}],"nm":"Group 1","np":2,"cix":2,"bm":0,"ix":1,"mn":"ADBE Vector Group","hd":false},{"ty":"st","c":{"a":0,"k":[0.007843137255,0.670588235294,0.278431372549,1],"ix":3},"o":{"a":0,"k":100,"ix":4},"w":{"a":0,"k":88,"ix":5},"lc":1,"lj":1,"ml":4,"bm":0,"nm":"Stroke 1","mn":"ADBE Vector Graphic - Stroke","hd":false}],"ip":0,"op":72,"st":0,"bm":0},{"ddd":0,"ind":9,"ty":4,"nm":"pilus","sr":1,"ks":{"o":{"a":0,"k":100,"ix":11},"r":{"a":1,"k":[{"i":{"x":[0.417],"y":[0.932]},"o":{"x":[0.333],"y":[0]},"t":0,"s":[0]},{"i":{"x":[0.667],"y":[1]},"o":{"x":[0.587],"y":[0]},"t":30,"s":[-24]},{"i":{"x":[0.833],"y":[0.833]},"o":{"x":[0.333],"y":[0]},"t":50,"s":[10.054]},{"t":72,"s":[0]}],"ix":10},"p":{"a":1,"k":[{"i":{"x":0.417,"y":1},"o":{"x":0.333,"y":0},"t":0,"s":[283.139,131.558,0],"to":[0,0,0],"ti":[0,0,0]},{"i":{"x":0.667,"y":1},"o":{"x":0.587,"y":0},"t":30,"s":[408.139,170.558,0],"to":[0,0,0],"ti":[0,0,0]},{"i":{"x":0.833,"y":0.833},"o":{"x":0.333,"y":0},"t":50,"s":[312.213,93.468,0],"to":[0,0,0],"ti":[0,0,0]},{"t":72,"s":[283.139,131.558,0]}],"ix":2,"l":2},"a":{"a":0,"k":[26.675,92.673,0],"ix":1,"l":2},"s":{"a":0,"k":[100,100,100],"ix":6,"l":2}},"ao":0,"shapes":[{"ty":"gr","it":[{"ind":0,"ty":"sh","ix":1,"ks":{"a":0,"k":{"i":[[0.794,0],[1.111,6.826],[0,0],[-7.542,1.27],[-1.27,-7.541],[0,0],[7.541,-1.27]],"o":[[-6.668,0],[0,0],[-1.27,-7.541],[7.62,-1.27],[0,0],[1.27,7.542],[-0.793,0.237]],"v":[[7.422,58.423],[-6.231,46.835],[-21.155,-41.118],[-9.803,-57.153],[6.231,-45.802],[21.155,42.071],[9.803,58.107]],"c":true},"ix":2},"nm":"Path 1","mn":"ADBE Vector Shape - Group","hd":false},{"ty":"fl","c":{"a":0,"k":[0.004000000393,0.670999983245,0.275,1],"ix":4},"o":{"a":0,"k":100,"ix":5},"r":1,"bm":0,"nm":"Fill 1","mn":"ADBE Vector Graphic - Fill","hd":false},{"ty":"tr","p":{"a":0,"k":[22.675,58.673],"ix":2},"a":{"a":0,"k":[0,0],"ix":1},"s":{"a":0,"k":[100,100],"ix":3},"r":{"a":0,"k":0,"ix":6},"o":{"a":0,"k":100,"ix":7},"sk":{"a":0,"k":0,"ix":4},"sa":{"a":0,"k":0,"ix":5},"nm":"Transform"}],"nm":"Group 1","np":2,"cix":2,"bm":0,"ix":1,"mn":"ADBE Vector Group","hd":false}],"ip":0,"op":72,"st":0,"bm":0},{"ddd":0,"ind":10,"ty":4,"nm":"pilus","sr":1,"ks":{"o":{"a":0,"k":100,"ix":11},"r":{"a":1,"k":[{"i":{"x":[0.417],"y":[0.922]},"o":{"x":[0.333],"y":[0]},"t":0,"s":[0]},{"i":{"x":[0.667],"y":[1]},"o":{"x":[0.587],"y":[0]},"t":30,"s":[-21]},{"i":{"x":[0.833],"y":[0.833]},"o":{"x":[0.333],"y":[0]},"t":50,"s":[16.04]},{"t":72,"s":[0]}],"ix":10},"p":{"a":1,"k":[{"i":{"x":0.417,"y":1},"o":{"x":0.333,"y":0},"t":0,"s":[379.707,116.74,0],"to":[0,0,0],"ti":[0,0,0]},{"i":{"x":0.773,"y":0.602},"o":{"x":0.533,"y":0},"t":30,"s":[469.707,141.74,0],"to":[0,0,0],"ti":[0,0,0]},{"i":{"x":0.595,"y":1},"o":{"x":0.303,"y":0.634},"t":44,"s":[434.181,106.727,0],"to":[0,0,0],"ti":[0,0,0]},{"i":{"x":0.65,"y":0.558},"o":{"x":0.3,"y":0},"t":50,"s":[418.856,97.349,0],"to":[0,0,0],"ti":[0,0,0]},{"i":{"x":0.698,"y":0.677},"o":{"x":0.348,"y":0.298},"t":58,"s":[410.417,106.529,0],"to":[0,0,0],"ti":[0,0,0]},{"i":{"x":0.788,"y":0.82},"o":{"x":0.429,"y":0.448},"t":66,"s":[393.321,113.213,0],"to":[0,0,0],"ti":[0,0,0]},{"t":72,"s":[379.707,116.74,0]}],"ix":2,"l":2},"a":{"a":0,"k":[12.587,73.014,0],"ix":1,"l":2},"s":{"a":0,"k":[100,100,100],"ix":6,"l":2}},"ao":0,"shapes":[{"ty":"gr","it":[{"ind":0,"ty":"sh","ix":1,"ks":{"a":0,"k":{"i":[[6.985,0],[0.476,0.08],[-0.794,7.62],[0,0],[-7.7,-0.794],[0.794,-7.621],[0,0]],"o":[[-0.476,0],[-7.62,-0.794],[0,0],[0.793,-7.62],[7.62,0.794],[0,0],[-0.714,7.144]],"v":[[-3.731,50.763],[-5.16,50.684],[-17.543,35.444],[-10.081,-37.586],[5.16,-49.969],[17.543,-34.728],[10.081,38.301]],"c":true},"ix":2},"nm":"Path 1","mn":"ADBE Vector Shape - Group","hd":false},{"ty":"fl","c":{"a":0,"k":[0.477999997606,0.862999949736,0.541000007181,1],"ix":4},"o":{"a":0,"k":100,"ix":5},"r":1,"bm":0,"nm":"Fill 1","mn":"ADBE Vector Graphic - Fill","hd":false},{"ty":"tr","p":{"a":0,"k":[18.587,51.014],"ix":2},"a":{"a":0,"k":[0,0],"ix":1},"s":{"a":0,"k":[100,100],"ix":3},"r":{"a":0,"k":0,"ix":6},"o":{"a":0,"k":100,"ix":7},"sk":{"a":0,"k":0,"ix":4},"sa":{"a":0,"k":0,"ix":5},"nm":"Transform"}],"nm":"Group 1","np":2,"cix":2,"bm":0,"ix":1,"mn":"ADBE Vector Group","hd":false}],"ip":0,"op":72,"st":0,"bm":0},{"ddd":0,"ind":11,"ty":4,"nm":"pilus","sr":1,"ks":{"o":{"a":0,"k":100,"ix":11},"r":{"a":1,"k":[{"i":{"x":[0.417],"y":[0.903]},"o":{"x":[0.333],"y":[0]},"t":0,"s":[0]},{"i":{"x":[0.667],"y":[1]},"o":{"x":[0.587],"y":[0]},"t":30,"s":[-17]},{"i":{"x":[0.833],"y":[0.833]},"o":{"x":[0.333],"y":[0]},"t":50,"s":[18.705]},{"t":72,"s":[0]}],"ix":10},"p":{"a":1,"k":[{"i":{"x":0.417,"y":1},"o":{"x":0.333,"y":0},"t":0,"s":[468.995,158.936,0],"to":[0,0,0],"ti":[0,0,0]},{"i":{"x":0.667,"y":1},"o":{"x":0.587,"y":0},"t":30,"s":[548.995,148.936,0],"to":[0,0,0],"ti":[0,0,0]},{"i":{"x":0.833,"y":0.833},"o":{"x":0.333,"y":0},"t":50,"s":[505.147,166.292,0],"to":[0,0,0],"ti":[0,0,0]},{"t":72,"s":[468.995,158.936,0]}],"ix":2,"l":2},"a":{"a":0,"k":[27.179,103.064,0],"ix":1,"l":2},"s":{"a":0,"k":[100,100,100],"ix":6,"l":2}},"ao":0,"shapes":[{"ty":"gr","it":[{"ind":0,"ty":"sh","ix":1,"ks":{"a":0,"k":{"i":[[4.763,0],[2.222,1.27],[-3.89,6.588],[0,0],[-6.589,-3.889],[3.89,-6.588],[0,0]],"o":[[-2.381,0],[-6.668,-3.89],[0,0],[3.889,-6.589],[6.588,3.89],[0,0],[-2.54,4.445]],"v":[[-29.053,64.813],[-36.038,62.909],[-41.039,43.937],[17.067,-55.924],[36.039,-60.924],[41.039,-41.953],[-17.067,57.908]],"c":true},"ix":2},"nm":"Path 1","mn":"ADBE Vector Shape - Group","hd":false},{"ty":"fl","c":{"a":0,"k":[0.004000000393,0.670999983245,0.275,1],"ix":4},"o":{"a":0,"k":100,"ix":5},"r":1,"bm":0,"nm":"Fill 1","mn":"ADBE Vector Graphic - Fill","hd":false},{"ty":"tr","p":{"a":0,"k":[45.179,65.064],"ix":2},"a":{"a":0,"k":[0,0],"ix":1},"s":{"a":0,"k":[100,100],"ix":3},"r":{"a":0,"k":0,"ix":6},"o":{"a":0,"k":100,"ix":7},"sk":{"a":0,"k":0,"ix":4},"sa":{"a":0,"k":0,"ix":5},"nm":"Transform"}],"nm":"Group 1","np":2,"cix":2,"bm":0,"ix":1,"mn":"ADBE Vector Group","hd":false}],"ip":0,"op":72,"st":0,"bm":0},{"ddd":0,"ind":12,"ty":4,"nm":"pilus","sr":1,"ks":{"o":{"a":0,"k":100,"ix":11},"r":{"a":1,"k":[{"i":{"x":[0.417],"y":[1.274]},"o":{"x":[0.333],"y":[0]},"t":0,"s":[0]},{"i":{"x":[0.833],"y":[0.833]},"o":{"x":[0.471],"y":[0]},"t":30,"s":[6]},{"t":72,"s":[0]}],"ix":10},"p":{"a":1,"k":[{"i":{"x":0.417,"y":1},"o":{"x":0.333,"y":0},"t":0,"s":[534.923,232.07,0],"to":[0,0,0],"ti":[0,0,0]},{"i":{"x":0.667,"y":1},"o":{"x":0.587,"y":0},"t":30,"s":[626.923,190.07,0],"to":[0,0,0],"ti":[0,0,0]},{"i":{"x":0.833,"y":0.833},"o":{"x":0.333,"y":0},"t":50,"s":[556.047,231.166,0],"to":[0,0,0],"ti":[0,0,0]},{"t":72,"s":[534.923,232.07,0]}],"ix":2,"l":2},"a":{"a":0,"k":[24.284,73.005,0],"ix":1,"l":2},"s":{"a":0,"k":[100,100,100],"ix":6,"l":2}},"ao":0,"shapes":[{"ty":"gr","it":[{"ind":0,"ty":"sh","ix":1,"ks":{"a":0,"k":{"i":[[3.255,0],[2.778,3.176],[-5.795,5.081],[0,0],[-5.08,-5.716],[5.795,-5.08],[0,0]],"o":[[-3.89,0],[-5.08,-5.795],[0,0],[5.795,-5.08],[5.081,5.795],[0,0],[-2.54,2.303]],"v":[[-36.475,46.754],[-46.954,41.992],[-45.683,22.384],[27.346,-41.674],[46.952,-40.405],[45.682,-20.798],[-27.347,43.262]],"c":true},"ix":2},"nm":"Path 1","mn":"ADBE Vector Shape - Group","hd":false},{"ty":"fl","c":{"a":0,"k":[0.477999997606,0.862999949736,0.541000007181,1],"ix":4},"o":{"a":0,"k":100,"ix":5},"r":1,"bm":0,"nm":"Fill 1","mn":"ADBE Vector Graphic - Fill","hd":false},{"ty":"tr","p":{"a":0,"k":[52.283,47.005],"ix":2},"a":{"a":0,"k":[0,0],"ix":1},"s":{"a":0,"k":[100,100],"ix":3},"r":{"a":0,"k":0,"ix":6},"o":{"a":0,"k":100,"ix":7},"sk":{"a":0,"k":0,"ix":4},"sa":{"a":0,"k":0,"ix":5},"nm":"Transform"}],"nm":"Group 1","np":2,"cix":2,"bm":0,"ix":1,"mn":"ADBE Vector Group","hd":false}],"ip":0,"op":72,"st":0,"bm":0},{"ddd":0,"ind":13,"ty":4,"nm":"pilus","sr":1,"ks":{"o":{"a":0,"k":100,"ix":11},"r":{"a":1,"k":[{"i":{"x":[0.417],"y":[1.411]},"o":{"x":[0.333],"y":[0]},"t":0,"s":[0]},{"i":{"x":[0.667],"y":[1]},"o":{"x":[0.587],"y":[0]},"t":30,"s":[4]},{"i":{"x":[0.833],"y":[0.833]},"o":{"x":[0.333],"y":[0]},"t":48,"s":[8.658]},{"t":72,"s":[0]}],"ix":10},"p":{"a":1,"k":[{"i":{"x":0.417,"y":1},"o":{"x":0.333,"y":0},"t":0,"s":[590.838,324.532,0],"to":[0,0,0],"ti":[0,0,0]},{"i":{"x":0.667,"y":1},"o":{"x":0.587,"y":0},"t":30,"s":[660.838,283.532,0],"to":[0,0,0],"ti":[0,0,0]},{"i":{"x":0.833,"y":0.833},"o":{"x":0.333,"y":0},"t":50,"s":[589.346,320.292,0],"to":[0,0,0],"ti":[0,0,0]},{"t":72,"s":[590.838,324.532,0]}],"ix":2,"l":2},"a":{"a":0,"k":[26.698,71.878,0],"ix":1,"l":2},"s":{"a":0,"k":[100,100,100],"ix":6,"l":2}},"ao":0,"shapes":[{"ty":"gr","it":[{"ind":0,"ty":"sh","ix":1,"ks":{"a":0,"k":{"i":[[2.858,0],[2.699,3.73],[-6.192,4.604],[0,0],[-4.604,-6.192],[6.192,-4.604],[0,0]],"o":[[-4.286,0],[-4.524,-6.192],[0,0],[6.191,-4.525],[4.524,6.192],[0,0],[-2.54,1.825]],"v":[[-44.73,47.628],[-55.924,41.913],[-52.906,22.464],[36.476,-43.103],[55.924,-40.087],[52.906,-20.639],[-36.476,44.929]],"c":true},"ix":2},"nm":"Path 1","mn":"ADBE Vector Shape - Group","hd":false},{"ty":"fl","c":{"a":0,"k":[0.004000000393,0.670999983245,0.275,1],"ix":4},"o":{"a":0,"k":100,"ix":5},"r":1,"bm":0,"nm":"Fill 1","mn":"ADBE Vector Graphic - Fill","hd":false},{"ty":"tr","p":{"a":0,"k":[60.697,47.878],"ix":2},"a":{"a":0,"k":[0,0],"ix":1},"s":{"a":0,"k":[100,100],"ix":3},"r":{"a":0,"k":0,"ix":6},"o":{"a":0,"k":100,"ix":7},"sk":{"a":0,"k":0,"ix":4},"sa":{"a":0,"k":0,"ix":5},"nm":"Transform"}],"nm":"Group 1","np":2,"cix":2,"bm":0,"ix":1,"mn":"ADBE Vector Group","hd":false}],"ip":0,"op":72,"st":0,"bm":0},{"ddd":0,"ind":14,"ty":4,"nm":"pilus","sr":1,"ks":{"o":{"a":0,"k":100,"ix":11},"r":{"a":1,"k":[{"i":{"x":[0.417],"y":[1.117]},"o":{"x":[0.333],"y":[0]},"t":0,"s":[0]},{"i":{"x":[0.667],"y":[1]},"o":{"x":[0.587],"y":[0]},"t":30,"s":[14]},{"i":{"x":[0.833],"y":[0.833]},"o":{"x":[0.333],"y":[0]},"t":48,"s":[21.302]},{"t":72,"s":[0]}],"ix":10},"p":{"a":1,"k":[{"i":{"x":0.417,"y":1},"o":{"x":0.333,"y":0},"t":0,"s":[656.453,413.857,0],"to":[0,0,0],"ti":[0,0,0]},{"i":{"x":0.667,"y":1},"o":{"x":0.587,"y":0},"t":30,"s":[664.453,394.857,0],"to":[0,0,0],"ti":[0,0,0]},{"i":{"x":0.833,"y":0.833},"o":{"x":0.333,"y":0},"t":48,"s":[613.768,429.234,0],"to":[0,0,0],"ti":[0,0,0]},{"t":72,"s":[656.453,413.857,0]}],"ix":2,"l":2},"a":{"a":0,"k":[25.077,90.951,0],"ix":1,"l":2},"s":{"a":0,"k":[100,100,100],"ix":6,"l":2}},"ao":0,"shapes":[{"ty":"gr","it":[{"ind":0,"ty":"sh","ix":1,"ks":{"a":0,"k":{"i":[[3.89,0],[2.62,2.223],[-5.001,5.875],[0,0],[-5.874,-5.001],[5.001,-5.874],[0,0]],"o":[[-3.175,0],[-5.874,-4.921],[0,0],[4.921,-5.874],[5.874,4.922],[0,0],[-2.778,3.254]],"v":[[-37.269,58.701],[-46.239,55.367],[-47.826,35.76],[26.632,-52.112],[46.239,-53.701],[47.826,-34.094],[-26.632,53.781]],"c":true},"ix":2},"nm":"Path 1","mn":"ADBE Vector Shape - Group","hd":false},{"ty":"fl","c":{"a":0,"k":[0.477999997606,0.862999949736,0.541000007181,1],"ix":4},"o":{"a":0,"k":100,"ix":5},"r":1,"bm":0,"nm":"Fill 1","mn":"ADBE Vector Graphic - Fill","hd":false},{"ty":"tr","p":{"a":0,"k":[53.077,58.952],"ix":2},"a":{"a":0,"k":[0,0],"ix":1},"s":{"a":0,"k":[100,100],"ix":3},"r":{"a":0,"k":0,"ix":6},"o":{"a":0,"k":100,"ix":7},"sk":{"a":0,"k":0,"ix":4},"sa":{"a":0,"k":0,"ix":5},"nm":"Transform"}],"nm":"Group 1","np":2,"cix":2,"bm":0,"ix":1,"mn":"ADBE Vector Group","hd":false}],"ip":0,"op":72,"st":0,"bm":0},{"ddd":0,"ind":15,"ty":4,"nm":"pilus","sr":1,"ks":{"o":{"a":0,"k":100,"ix":11},"r":{"a":1,"k":[{"i":{"x":[0.417],"y":[1.075]},"o":{"x":[0.333],"y":[0]},"t":0,"s":[0]},{"i":{"x":[0.833],"y":[0.833]},"o":{"x":[0.471],"y":[0]},"t":30,"s":[22]},{"t":72,"s":[0]}],"ix":10},"p":{"a":1,"k":[{"i":{"x":0.669,"y":0.838},"o":{"x":0.41,"y":0},"t":0,"s":[730.957,486.505,0],"to":[0,0,0],"ti":[0,0,0]},{"i":{"x":0.507,"y":1},"o":{"x":0.228,"y":0.151},"t":12,"s":[737.912,481.459,0],"to":[0,0,0],"ti":[0,0,0]},{"i":{"x":0.812,"y":0},"o":{"x":0.521,"y":0},"t":30,"s":[734.957,490.505,0],"to":[0,0,0],"ti":[0,0,0]},{"i":{"x":0.592,"y":1},"o":{"x":0.31,"y":0.255},"t":42,"s":[718.047,492.993,0],"to":[0,0,0],"ti":[0,0,0]},{"i":{"x":0.653,"y":0.68},"o":{"x":0.298,"y":0},"t":48,"s":[670.61,521.158,0],"to":[0,0,0],"ti":[0,0,0]},{"i":{"x":0.821,"y":0.8},"o":{"x":0.417,"y":0.495},"t":58,"s":[697.913,501.797,0],"to":[0,0,0],"ti":[0,0,0]},{"t":72,"s":[730.957,486.505,0]}],"ix":2,"l":2},"a":{"a":0,"k":[23.933,99.779,0],"ix":1,"l":2},"s":{"a":0,"k":[100,100,100],"ix":6,"l":2}},"ao":0,"shapes":[{"ty":"gr","it":[{"ind":0,"ty":"sh","ix":1,"ks":{"a":0,"k":{"i":[[4.763,0],[2.223,1.269],[-3.89,6.668],[0,0],[-6.668,-3.89],[3.889,-6.668],[0,0]],"o":[[-2.381,0],[-6.588,-3.89],[0,0],[3.889,-6.589],[6.589,3.89],[0,0],[-2.619,4.366]],"v":[[-29.807,65.529],[-36.872,63.624],[-41.793,44.572],[17.821,-56.716],[36.872,-61.638],[41.794,-42.587],[-17.821,58.702]],"c":true},"ix":2},"nm":"Path 1","mn":"ADBE Vector Shape - Group","hd":false},{"ty":"fl","c":{"a":0,"k":[0.004000000393,0.670999983245,0.275,1],"ix":4},"o":{"a":0,"k":100,"ix":5},"r":1,"bm":0,"nm":"Fill 1","mn":"ADBE Vector Graphic - Fill","hd":false},{"ty":"tr","p":{"a":0,"k":[45.933,65.779],"ix":2},"a":{"a":0,"k":[0,0],"ix":1},"s":{"a":0,"k":[100,100],"ix":3},"r":{"a":0,"k":0,"ix":6},"o":{"a":0,"k":100,"ix":7},"sk":{"a":0,"k":0,"ix":4},"sa":{"a":0,"k":0,"ix":5},"nm":"Transform"}],"nm":"Group 1","np":2,"cix":2,"bm":0,"ix":1,"mn":"ADBE Vector Group","hd":false}],"ip":0,"op":72,"st":0,"bm":0},{"ddd":0,"ind":16,"ty":4,"nm":"pilus","sr":1,"ks":{"o":{"a":0,"k":100,"ix":11},"r":{"a":1,"k":[{"i":{"x":[0.417],"y":[1.097]},"o":{"x":[0.333],"y":[0]},"t":0,"s":[0]},{"i":{"x":[0.667],"y":[1]},"o":{"x":[0.587],"y":[0]},"t":30,"s":[17]},{"i":{"x":[0.833],"y":[0.833]},"o":{"x":[0.333],"y":[0]},"t":48,"s":[20.295]},{"t":72,"s":[0]}],"ix":10},"p":{"a":1,"k":[{"i":{"x":0.417,"y":1},"o":{"x":0.333,"y":0},"t":0,"s":[807.678,547.129,0],"to":[0,0,0],"ti":[0,0,0]},{"i":{"x":0.667,"y":1},"o":{"x":0.587,"y":0},"t":30,"s":[821.678,530.129,0],"to":[0,0,0],"ti":[0,0,0]},{"i":{"x":0.833,"y":0.833},"o":{"x":0.333,"y":0},"t":48,"s":[766.979,569.834,0],"to":[0,0,0],"ti":[0,0,0]},{"t":72,"s":[807.678,547.129,0]}],"ix":2,"l":2},"a":{"a":0,"k":[30.323,84.197,0],"ix":1,"l":2},"s":{"a":0,"k":[100,100,100],"ix":6,"l":2}},"ao":0,"shapes":[{"ty":"gr","it":[{"ind":0,"ty":"sh","ix":1,"ks":{"a":0,"k":{"i":[[3.969,0],[2.62,2.144],[-4.921,5.874],[0,0],[-5.874,-4.922],[4.922,-5.875],[0,0]],"o":[[-3.175,0],[-5.874,-4.922],[0,0],[4.921,-5.875],[5.875,4.921],[0,0],[-2.778,3.255]],"v":[[-36.515,57.947],[-45.485,54.693],[-47.152,35.087],[25.878,-51.359],[45.484,-53.025],[47.151,-33.419],[-25.878,53.025]],"c":true},"ix":2},"nm":"Path 1","mn":"ADBE Vector Shape - Group","hd":false},{"ty":"fl","c":{"a":0,"k":[0.477999997606,0.862999949736,0.541000007181,1],"ix":4},"o":{"a":0,"k":100,"ix":5},"r":1,"bm":0,"nm":"Fill 1","mn":"ADBE Vector Graphic - Fill","hd":false},{"ty":"tr","p":{"a":0,"k":[52.323,58.198],"ix":2},"a":{"a":0,"k":[0,0],"ix":1},"s":{"a":0,"k":[100,100],"ix":3},"r":{"a":0,"k":0,"ix":6},"o":{"a":0,"k":100,"ix":7},"sk":{"a":0,"k":0,"ix":4},"sa":{"a":0,"k":0,"ix":5},"nm":"Transform"}],"nm":"Group 1","np":2,"cix":2,"bm":0,"ix":1,"mn":"ADBE Vector Group","hd":false}],"ip":0,"op":72,"st":0,"bm":0},{"ddd":0,"ind":17,"ty":4,"nm":"pilus","sr":1,"ks":{"o":{"a":0,"k":100,"ix":11},"r":{"a":1,"k":[{"i":{"x":[0.417],"y":[1.087]},"o":{"x":[0.333],"y":[0]},"t":0,"s":[0]},{"i":{"x":[0.699],"y":[0.782]},"o":{"x":[0.364],"y":[0]},"t":30,"s":[19]},{"i":{"x":[0.805],"y":[0.73]},"o":{"x":[0.456],"y":[0.628]},"t":48,"s":[7.838]},{"t":72,"s":[0]}],"ix":10},"p":{"a":1,"k":[{"i":{"x":0.389,"y":1},"o":{"x":0.333,"y":0},"t":0,"s":[868.545,603.817,0],"to":[0,0,0],"ti":[0,0,0]},{"i":{"x":0.749,"y":0.45},"o":{"x":0.482,"y":0},"t":30,"s":[858.735,608.588,0],"to":[0,0,0],"ti":[0,0,0]},{"i":{"x":0.615,"y":1},"o":{"x":0.314,"y":0.387},"t":42,"s":[832.479,626.486,0],"to":[0,0,0],"ti":[0,0,0]},{"i":{"x":0.648,"y":0.76},"o":{"x":0.306,"y":0},"t":48,"s":[807.545,639.817,0],"to":[0,0,0],"ti":[0,0,0]},{"i":{"x":0.678,"y":0.732},"o":{"x":0.332,"y":0.23},"t":54,"s":[825.481,629.723,0],"to":[0,0,0],"ti":[0,0,0]},{"i":{"x":0.807,"y":0.756},"o":{"x":0.429,"y":0.516},"t":62,"s":[849.295,617.007,0],"to":[0,0,0],"ti":[0,0,0]},{"t":72,"s":[868.545,603.817,0]}],"ix":2,"l":2},"a":{"a":0,"k":[42.292,54.678,0],"ix":1,"l":2},"s":{"a":0,"k":[100,100,100],"ix":6,"l":2}},"ao":0,"shapes":[{"ty":"gr","it":[{"ind":0,"ty":"sh","ix":1,"ks":{"a":0,"k":{"i":[[2.699,0],[2.699,3.889],[-6.271,4.286],[0,0],[-4.287,-6.271],[6.271,-4.286],[0,0]],"o":[[-4.445,0],[-4.366,-6.351],[0,0],[6.351,-4.366],[4.365,6.351],[0,0],[-2.381,1.667]],"v":[[-40.166,42.428],[-51.676,36.396],[-48.104,17.107],[32.387,-38.063],[51.677,-34.49],[48.104,-15.201],[-32.387,39.967]],"c":true},"ix":2},"nm":"Path 1","mn":"ADBE Vector Shape - Group","hd":false},{"ty":"fl","c":{"a":0,"k":[0.004000000393,0.670999983245,0.275,1],"ix":4},"o":{"a":0,"k":100,"ix":5},"r":1,"bm":0,"nm":"Fill 1","mn":"ADBE Vector Graphic - Fill","hd":false},{"ty":"tr","p":{"a":0,"k":[56.292,42.678],"ix":2},"a":{"a":0,"k":[0,0],"ix":1},"s":{"a":0,"k":[100,100],"ix":3},"r":{"a":0,"k":0,"ix":6},"o":{"a":0,"k":100,"ix":7},"sk":{"a":0,"k":0,"ix":4},"sa":{"a":0,"k":0,"ix":5},"nm":"Transform"}],"nm":"Group 1","np":2,"cix":2,"bm":0,"ix":1,"mn":"ADBE Vector Group","hd":false}],"ip":0,"op":72,"st":0,"bm":0},{"ddd":0,"ind":18,"ty":4,"nm":"pilus","sr":1,"ks":{"o":{"a":0,"k":100,"ix":11},"r":{"a":1,"k":[{"i":{"x":[0.417],"y":[1.126]},"o":{"x":[0.333],"y":[0]},"t":0,"s":[0]},{"i":{"x":[0.833],"y":[0.833]},"o":{"x":[0.471],"y":[0]},"t":30,"s":[13]},{"t":72,"s":[0]}],"ix":10},"p":{"a":1,"k":[{"i":{"x":0.417,"y":1},"o":{"x":0.333,"y":0},"t":0,"s":[896.784,684.246,0],"to":[0,0,0],"ti":[0,0,0]},{"i":{"x":0.72,"y":0.844},"o":{"x":0.581,"y":0},"t":30,"s":[866.784,684.246,0],"to":[0,0,0],"ti":[0,0,0]},{"i":{"x":0.637,"y":1},"o":{"x":0.308,"y":0.19},"t":46,"s":[832.978,688.044,0],"to":[0,0,0],"ti":[0,0,0]},{"i":{"x":0.649,"y":0.741},"o":{"x":0.302,"y":0},"t":48,"s":[830.852,691.246,0],"to":[0,0,0],"ti":[0,0,0]},{"i":{"x":0.688,"y":0.774},"o":{"x":0.342,"y":0.282},"t":56,"s":[859.13,689.942,0],"to":[0,0,0],"ti":[0,0,0]},{"i":{"x":0.797,"y":0.652},"o":{"x":0.431,"y":0.614},"t":64,"s":[884.246,687.05,0],"to":[0,0,0],"ti":[0,0,0]},{"t":72,"s":[896.784,684.246,0]}],"ix":2,"l":2},"a":{"a":0,"k":[26.395,25.325,0],"ix":1,"l":2},"s":{"a":0,"k":[100,100,100],"ix":6,"l":2}},"ao":0,"shapes":[{"ty":"gr","it":[{"ind":0,"ty":"sh","ix":1,"ks":{"a":0,"k":{"i":[[0.714,0],[1.112,6.827],[-7.541,1.191],[0,0],[-1.19,-7.541],[7.541,-1.191],[0,0]],"o":[[-6.747,0],[-1.19,-7.62],[0,0],[7.621,-1.111],[1.191,7.62],[0,0],[-0.714,0.079]],"v":[[-43.222,21.076],[-56.956,9.327],[-45.365,-6.549],[41.078,-19.964],[56.955,-8.374],[45.365,7.502],[-41.08,20.917]],"c":true},"ix":2},"nm":"Path 1","mn":"ADBE Vector Shape - Group","hd":false},{"ty":"fl","c":{"a":0,"k":[0.477999997606,0.862999949736,0.541000007181,1],"ix":4},"o":{"a":0,"k":100,"ix":5},"r":1,"bm":0,"nm":"Fill 1","mn":"ADBE Vector Graphic - Fill","hd":false},{"ty":"tr","p":{"a":0,"k":[58.395,21.325],"ix":2},"a":{"a":0,"k":[0,0],"ix":1},"s":{"a":0,"k":[100,100],"ix":3},"r":{"a":0,"k":0,"ix":6},"o":{"a":0,"k":100,"ix":7},"sk":{"a":0,"k":0,"ix":4},"sa":{"a":0,"k":0,"ix":5},"nm":"Transform"}],"nm":"Group 1","np":2,"cix":2,"bm":0,"ix":1,"mn":"ADBE Vector Group","hd":false}],"ip":0,"op":72,"st":0,"bm":0},{"ddd":0,"ind":19,"ty":4,"nm":"pilus","sr":1,"ks":{"o":{"a":0,"k":100,"ix":11},"r":{"a":1,"k":[{"i":{"x":[0.417],"y":[0.589]},"o":{"x":[0.333],"y":[0]},"t":0,"s":[0]},{"i":{"x":[0.667],"y":[1]},"o":{"x":[0.587],"y":[0]},"t":30,"s":[-4]},{"i":{"x":[0.833],"y":[0.833]},"o":{"x":[0.333],"y":[0]},"t":50,"s":[-9.349]},{"t":72,"s":[0]}],"ix":10},"p":{"a":1,"k":[{"i":{"x":0.417,"y":1},"o":{"x":0.333,"y":0},"t":0,"s":[889.9,747.341,0],"to":[0,0,0],"ti":[0,0,0]},{"i":{"x":0.715,"y":0.858},"o":{"x":0.582,"y":0},"t":30,"s":[856.9,737.341,0],"to":[0,0,0],"ti":[0,0,0]},{"i":{"x":0.64,"y":1},"o":{"x":0.31,"y":0.074},"t":48,"s":[840.364,748.326,0],"to":[0,0,0],"ti":[0,0,0]},{"i":{"x":0.667,"y":0.724},"o":{"x":0.333,"y":0},"t":50,"s":[844.975,748.697,0],"to":[0,0,0],"ti":[0,0,0]},{"i":{"x":0.667,"y":1},"o":{"x":0.333,"y":0.46},"t":56,"s":[862.177,752.449,0],"to":[0,0,0],"ti":[0,0,0]},{"t":72,"s":[889.9,747.341,0]}],"ix":2,"l":2},"a":{"a":0,"k":[36.817,23.964,0],"ix":1,"l":2},"s":{"a":0,"k":[100,100,100],"ix":6,"l":2}},"ao":0,"shapes":[{"ty":"gr","it":[{"ind":0,"ty":"sh","ix":1,"ks":{"a":0,"k":{"i":[[4.683,0],[2.222,1.349],[0,0],[-3.969,6.589],[-6.589,-3.969],[0,0],[3.969,-6.589]],"o":[[-2.461,0],[0,0],[-6.588,-3.968],[3.969,-6.589],[0,0],[6.589,3.969],[-2.62,4.366]],"v":[[44.691,41.714],[37.547,39.73],[-51.835,-13.932],[-56.598,-32.982],[-37.546,-37.745],[51.835,15.916],[56.598,34.967]],"c":true},"ix":2},"nm":"Path 1","mn":"ADBE Vector Shape - Group","hd":false},{"ty":"fl","c":{"a":0,"k":[0.004000000393,0.670999983245,0.275,1],"ix":4},"o":{"a":0,"k":100,"ix":5},"r":1,"bm":0,"nm":"Fill 1","mn":"ADBE Vector Graphic - Fill","hd":false},{"ty":"tr","p":{"a":0,"k":[60.817,41.964],"ix":2},"a":{"a":0,"k":[0,0],"ix":1},"s":{"a":0,"k":[100,100],"ix":3},"r":{"a":0,"k":0,"ix":6},"o":{"a":0,"k":100,"ix":7},"sk":{"a":0,"k":0,"ix":4},"sa":{"a":0,"k":0,"ix":5},"nm":"Transform"}],"nm":"Group 1","np":2,"cix":2,"bm":0,"ix":1,"mn":"ADBE Vector Group","hd":false}],"ip":0,"op":72,"st":0,"bm":0},{"ddd":0,"ind":20,"ty":4,"nm":"pilus","sr":1,"ks":{"o":{"a":0,"k":100,"ix":11},"r":{"a":1,"k":[{"i":{"x":[0.653],"y":[1]},"o":{"x":[0.333],"y":[0]},"t":0,"s":[0]},{"i":{"x":[0.667],"y":[1]},"o":{"x":[0.637],"y":[0]},"t":30,"s":[-1]},{"i":{"x":[0.833],"y":[0.833]},"o":{"x":[0.333],"y":[0]},"t":50,"s":[-15.654]},{"t":72,"s":[0]}],"ix":10},"p":{"a":1,"k":[{"i":{"x":0.417,"y":1},"o":{"x":0.333,"y":0},"t":0,"s":[853.568,825.356,0],"to":[0,0,0],"ti":[0,0,0]},{"i":{"x":0.667,"y":1},"o":{"x":0.587,"y":0},"t":30,"s":[823.568,795.356,0],"to":[0,0,0],"ti":[0,0,0]},{"i":{"x":0.833,"y":0.833},"o":{"x":0.333,"y":0},"t":50,"s":[828.636,807.424,0],"to":[0,0,0],"ti":[0,0,0]},{"t":72,"s":[853.568,825.356,0]}],"ix":2,"l":2},"a":{"a":0,"k":[26.839,32.84,0],"ix":1,"l":2},"s":{"a":0,"k":[100,100,100],"ix":6,"l":2}},"ao":0,"shapes":[{"ty":"gr","it":[{"ind":0,"ty":"sh","ix":1,"ks":{"a":0,"k":{"i":[[3.572,0],[2.698,2.778],[0,0],[-5.478,5.398],[-5.398,-5.478],[0,0],[5.477,-5.397]],"o":[[-3.572,0],[0,0],[-5.398,-5.477],[5.477,-5.398],[0,0],[5.398,5.476],[-2.699,2.699]],"v":[[37.269,52.59],[27.347,48.462],[-47.191,-27.506],[-47.032,-47.191],[-27.346,-47.033],[47.191,28.935],[47.033,48.62]],"c":true},"ix":2},"nm":"Path 1","mn":"ADBE Vector Shape - Group","hd":false},{"ty":"fl","c":{"a":0,"k":[0.477999997606,0.862999949736,0.541000007181,1],"ix":4},"o":{"a":0,"k":100,"ix":5},"r":1,"bm":0,"nm":"Fill 1","mn":"ADBE Vector Graphic - Fill","hd":false},{"ty":"tr","p":{"a":0,"k":[52.839,52.84],"ix":2},"a":{"a":0,"k":[0,0],"ix":1},"s":{"a":0,"k":[100,100],"ix":3},"r":{"a":0,"k":0,"ix":6},"o":{"a":0,"k":100,"ix":7},"sk":{"a":0,"k":0,"ix":4},"sa":{"a":0,"k":0,"ix":5},"nm":"Transform"}],"nm":"Group 1","np":2,"cix":2,"bm":0,"ix":1,"mn":"ADBE Vector Group","hd":false}],"ip":0,"op":72,"st":0,"bm":0},{"ddd":0,"ind":21,"ty":4,"nm":"pilus","sr":1,"ks":{"o":{"a":0,"k":100,"ix":11},"r":{"a":1,"k":[{"i":{"x":[0.653],"y":[1]},"o":{"x":[0.333],"y":[0]},"t":0,"s":[0]},{"i":{"x":[0.667],"y":[1]},"o":{"x":[0.637],"y":[0]},"t":30,"s":[-13]},{"i":{"x":[0.667],"y":[1]},"o":{"x":[0.333],"y":[0]},"t":50,"s":[-18.498]},{"t":72,"s":[0]}],"ix":10},"p":{"a":1,"k":[{"i":{"x":0.417,"y":1},"o":{"x":0.333,"y":0},"t":0,"s":[796.173,874.832,0],"to":[0,0,0],"ti":[0,0,0]},{"i":{"x":0.667,"y":1},"o":{"x":0.587,"y":0},"t":30,"s":[786.173,844.832,0],"to":[0,0,0],"ti":[0,0,0]},{"i":{"x":0.833,"y":0.833},"o":{"x":0.333,"y":0},"t":50,"s":[799.529,871.901,0],"to":[0,0,0],"ti":[0,0,0]},{"t":72,"s":[796.173,874.832,0]}],"ix":2,"l":2},"a":{"a":0,"k":[33.979,48.578,0],"ix":1,"l":2},"s":{"a":0,"k":[100,100,100],"ix":6,"l":2}},"ao":0,"shapes":[{"ty":"gr","it":[{"ind":0,"ty":"sh","ix":1,"ks":{"a":0,"k":{"i":[[2.223,0],[2.461,4.763],[0,0],[-6.826,3.572],[-3.572,-6.827],[0,0],[6.827,-3.571]],"o":[[-5.001,0],[0,0],[-3.572,-6.826],[6.827,-3.572],[0,0],[3.572,6.827],[-2.064,1.032]],"v":[[23.775,60.329],[11.471,52.867],[-36.157,-38.023],[-30.284,-56.757],[-11.549,-50.883],[36.158,40.008],[30.284,58.741]],"c":true},"ix":2},"nm":"Path 1","mn":"ADBE Vector Shape - Group","hd":false},{"ty":"fl","c":{"a":0,"k":[0.004000000393,0.670999983245,0.275,1],"ix":4},"o":{"a":0,"k":100,"ix":5},"r":1,"bm":0,"nm":"Fill 1","mn":"ADBE Vector Graphic - Fill","hd":false},{"ty":"tr","p":{"a":0,"k":[39.979,60.578],"ix":2},"a":{"a":0,"k":[0,0],"ix":1},"s":{"a":0,"k":[100,100],"ix":3},"r":{"a":0,"k":0,"ix":6},"o":{"a":0,"k":100,"ix":7},"sk":{"a":0,"k":0,"ix":4},"sa":{"a":0,"k":0,"ix":5},"nm":"Transform"}],"nm":"Group 1","np":2,"cix":2,"bm":0,"ix":1,"mn":"ADBE Vector Group","hd":false}],"ip":0,"op":72,"st":0,"bm":0},{"ddd":0,"ind":22,"ty":4,"nm":"pilus","sr":1,"ks":{"o":{"a":0,"k":100,"ix":11},"r":{"a":1,"k":[{"i":{"x":[0.417],"y":[0.883]},"o":{"x":[0.333],"y":[0]},"t":0,"s":[0]},{"i":{"x":[0.667],"y":[1]},"o":{"x":[0.587],"y":[0]},"t":30,"s":[-14]},{"i":{"x":[0.667],"y":[1]},"o":{"x":[0.333],"y":[0]},"t":50,"s":[-17.302]},{"t":72,"s":[0]}],"ix":10},"p":{"a":1,"k":[{"i":{"x":0.417,"y":1},"o":{"x":0.333,"y":0},"t":0,"s":[729.811,896.242,0],"to":[0,0,0],"ti":[0,0,0]},{"i":{"x":0.667,"y":1},"o":{"x":0.587,"y":0},"t":30,"s":[729.811,886.242,0],"to":[0,0,0],"ti":[0,0,0]},{"i":{"x":0.667,"y":1},"o":{"x":0.333,"y":0},"t":50,"s":[738.811,912.609,0],"to":[0,0,0],"ti":[0,0,0]},{"t":72,"s":[729.811,896.242,0]}],"ix":2,"l":2},"a":{"a":0,"k":[20.644,48.397,0],"ix":1,"l":2},"s":{"a":0,"k":[100,100,100],"ix":6,"l":2}},"ao":0,"shapes":[{"ty":"gr","it":[{"ind":0,"ty":"sh","ix":1,"ks":{"a":0,"k":{"i":[[0.953,0],[1.349,6.51],[0,0],[-7.541,1.588],[-1.587,-7.541],[0,0],[7.541,-1.588]],"o":[[-6.43,0],[0,0],[-1.588,-7.541],[7.461,-1.587],[0,0],[1.588,7.541],[-0.953,0.159]],"v":[[11.153,68.148],[-2.421,57.113],[-24.806,-50.129],[-14.01,-66.561],[2.421,-55.765],[24.806,51.478],[14.011,67.91]],"c":true},"ix":2},"nm":"Path 1","mn":"ADBE Vector Shape - Group","hd":false},{"ty":"fl","c":{"a":0,"k":[0.477999997606,0.862999949736,0.541000007181,1],"ix":4},"o":{"a":0,"k":100,"ix":5},"r":1,"bm":0,"nm":"Fill 1","mn":"ADBE Vector Graphic - Fill","hd":false},{"ty":"tr","p":{"a":0,"k":[26.644,68.397],"ix":2},"a":{"a":0,"k":[0,0],"ix":1},"s":{"a":0,"k":[100,100],"ix":3},"r":{"a":0,"k":0,"ix":6},"o":{"a":0,"k":100,"ix":7},"sk":{"a":0,"k":0,"ix":4},"sa":{"a":0,"k":0,"ix":5},"nm":"Transform"}],"nm":"Group 1","np":2,"cix":2,"bm":0,"ix":1,"mn":"ADBE Vector Group","hd":false}],"ip":0,"op":72,"st":0,"bm":0},{"ddd":0,"ind":23,"ty":4,"nm":"pilus","sr":1,"ks":{"o":{"a":0,"k":100,"ix":11},"r":{"a":1,"k":[{"i":{"x":[0.417],"y":[0.918]},"o":{"x":[0.333],"y":[0]},"t":0,"s":[0]},{"i":{"x":[0.667],"y":[1]},"o":{"x":[0.587],"y":[0]},"t":30,"s":[-20]},{"i":{"x":[0.833],"y":[0.833]},"o":{"x":[0.333],"y":[0]},"t":48,"s":[-22.289]},{"t":72,"s":[0]}],"ix":10},"p":{"a":1,"k":[{"i":{"x":0.417,"y":1},"o":{"x":0.333,"y":0},"t":0,"s":[670.678,889.711,0],"to":[0,0,0],"ti":[0,0,0]},{"i":{"x":0.667,"y":1},"o":{"x":0.587,"y":0},"t":30,"s":[670.678,900.711,0],"to":[0,0,0],"ti":[0,0,0]},{"i":{"x":0.833,"y":0.833},"o":{"x":0.333,"y":0},"t":48,"s":[669.678,924.014,0],"to":[0,0,0],"ti":[0,0,0]},{"t":72,"s":[670.678,889.711,0]}],"ix":2,"l":2},"a":{"a":0,"k":[35.81,38.929,0],"ix":1,"l":2},"s":{"a":0,"k":[100,100,100],"ix":6,"l":2}},"ao":0,"shapes":[{"ty":"gr","it":[{"ind":0,"ty":"sh","ix":1,"ks":{"a":0,"k":{"i":[[6.43,0],[0.873,0.159],[-1.508,7.541],[0,0],[-7.462,-1.587],[1.508,-7.541],[0,0]],"o":[[-0.873,0],[-7.541,-1.508],[0,0],[1.508,-7.541],[7.541,1.508],[0,0],[-1.429,6.509]],"v":[[-10.478,66.679],[-13.177,66.441],[-24.052,50.088],[-3.175,-54.217],[13.177,-65.092],[24.052,-48.74],[3.175,55.566]],"c":true},"ix":2},"nm":"Path 1","mn":"ADBE Vector Shape - Group","hd":false},{"ty":"fl","c":{"a":0,"k":[0.004000000393,0.670999983245,0.275,1],"ix":4},"o":{"a":0,"k":100,"ix":5},"r":1,"bm":0,"nm":"Fill 1","mn":"ADBE Vector Graphic - Fill","hd":false},{"ty":"tr","p":{"a":0,"k":[25.81,66.929],"ix":2},"a":{"a":0,"k":[0,0],"ix":1},"s":{"a":0,"k":[100,100],"ix":3},"r":{"a":0,"k":0,"ix":6},"o":{"a":0,"k":100,"ix":7},"sk":{"a":0,"k":0,"ix":4},"sa":{"a":0,"k":0,"ix":5},"nm":"Transform"}],"nm":"Group 1","np":2,"cix":2,"bm":0,"ix":1,"mn":"ADBE Vector Group","hd":false}],"ip":0,"op":72,"st":0,"bm":0},{"ddd":0,"ind":24,"ty":4,"nm":"pilus","sr":1,"ks":{"o":{"a":0,"k":100,"ix":11},"r":{"a":1,"k":[{"i":{"x":[0.417],"y":[0.925]},"o":{"x":[0.333],"y":[0]},"t":0,"s":[0]},{"i":{"x":[0.667],"y":[1]},"o":{"x":[0.587],"y":[0]},"t":30,"s":[-22]},{"i":{"x":[0.833],"y":[0.833]},"o":{"x":[0.333],"y":[0]},"t":50,"s":[-23.617]},{"t":72,"s":[0]}],"ix":10},"p":{"a":1,"k":[{"i":{"x":0.417,"y":1},"o":{"x":0.333,"y":0},"t":0,"s":[597.045,859.809,0],"to":[0,0,0],"ti":[0,0,0]},{"i":{"x":0.667,"y":1},"o":{"x":0.587,"y":0},"t":30,"s":[587.045,916.809,0],"to":[0,0,0],"ti":[0,0,0]},{"i":{"x":0.833,"y":0.833},"o":{"x":0.333,"y":0},"t":50,"s":[588.401,914.679,0],"to":[0,0,0],"ti":[0,0,0]},{"t":72,"s":[597.045,859.809,0]}],"ix":2,"l":2},"a":{"a":0,"k":[59.894,35.063,0],"ix":1,"l":2},"s":{"a":0,"k":[100,100,100],"ix":6,"l":2}},"ao":0,"shapes":[{"ty":"gr","it":[{"ind":0,"ty":"sh","ix":1,"ks":{"a":0,"k":{"i":[[4.763,0],[2.302,1.349],[-3.89,6.589],[0,0],[-6.588,-3.89],[3.89,-6.588],[0,0]],"o":[[-2.381,0],[-6.589,-3.969],[0,0],[3.969,-6.588],[6.589,3.968],[0,0],[-2.54,4.366]],"v":[[-29.767,64.814],[-36.911,62.83],[-41.753,43.778],[17.861,-56.083],[36.911,-60.924],[41.754,-41.874],[-17.86,57.987]],"c":true},"ix":2},"nm":"Path 1","mn":"ADBE Vector Shape - Group","hd":false},{"ty":"fl","c":{"a":0,"k":[0.477999997606,0.862999949736,0.541000007181,1],"ix":4},"o":{"a":0,"k":100,"ix":5},"r":1,"bm":0,"nm":"Fill 1","mn":"ADBE Vector Graphic - Fill","hd":false},{"ty":"tr","p":{"a":0,"k":[45.893,65.063],"ix":2},"a":{"a":0,"k":[0,0],"ix":1},"s":{"a":0,"k":[100,100],"ix":3},"r":{"a":0,"k":0,"ix":6},"o":{"a":0,"k":100,"ix":7},"sk":{"a":0,"k":0,"ix":4},"sa":{"a":0,"k":0,"ix":5},"nm":"Transform"}],"nm":"Group 1","np":2,"cix":2,"bm":0,"ix":1,"mn":"ADBE Vector Group","hd":false}],"ip":0,"op":72,"st":0,"bm":0},{"ddd":0,"ind":25,"ty":4,"nm":"pilus","sr":1,"ks":{"o":{"a":0,"k":100,"ix":11},"r":{"a":1,"k":[{"i":{"x":[0.417],"y":[0.89]},"o":{"x":[0.333],"y":[0]},"t":0,"s":[0]},{"i":{"x":[0.667],"y":[1]},"o":{"x":[0.587],"y":[0]},"t":30,"s":[-15]},{"i":{"x":[0.833],"y":[0.833]},"o":{"x":[0.333],"y":[0]},"t":50,"s":[-18.966]},{"t":72,"s":[0]}],"ix":10},"p":{"a":1,"k":[{"i":{"x":0.417,"y":1},"o":{"x":0.333,"y":0},"t":0,"s":[535.786,802.582,0],"to":[0,0,0],"ti":[0,0,0]},{"i":{"x":0.833,"y":0.833},"o":{"x":0.471,"y":0},"t":30,"s":[485.786,892.582,0],"to":[0,0,0],"ti":[0,0,0]},{"t":72,"s":[535.786,802.582,0]}],"ix":2,"l":2},"a":{"a":0,"k":[77.38,22.29,0],"ix":1,"l":2},"s":{"a":0,"k":[100,100,100],"ix":6,"l":2}},"ao":0,"shapes":[{"ty":"gr","it":[{"ind":0,"ty":"sh","ix":1,"ks":{"a":0,"k":{"i":[[3.096,0],[2.699,3.413],[-5.954,4.763],[0,0],[-4.763,-5.953],[5.954,-4.763],[0,0]],"o":[[-4.128,0],[-4.763,-6.033],[0,0],[6.032,-4.763],[4.763,6.033],[0,0],[-2.54,2.064]],"v":[[-39.492,46.04],[-50.367,40.801],[-48.144,21.273],[30.839,-41.277],[50.367,-39.055],[48.143,-19.527],[-30.84,43.023]],"c":true},"ix":2},"nm":"Path 1","mn":"ADBE Vector Shape - Group","hd":false},{"ty":"fl","c":{"a":0,"k":[0.004000000393,0.670999983245,0.275,1],"ix":4},"o":{"a":0,"k":100,"ix":5},"r":1,"bm":0,"nm":"Fill 1","mn":"ADBE Vector Graphic - Fill","hd":false},{"ty":"tr","p":{"a":0,"k":[55.379,46.291],"ix":2},"a":{"a":0,"k":[0,0],"ix":1},"s":{"a":0,"k":[100,100],"ix":3},"r":{"a":0,"k":0,"ix":6},"o":{"a":0,"k":100,"ix":7},"sk":{"a":0,"k":0,"ix":4},"sa":{"a":0,"k":0,"ix":5},"nm":"Transform"}],"nm":"Group 1","np":2,"cix":2,"bm":0,"ix":1,"mn":"ADBE Vector Group","hd":false}],"ip":0,"op":72,"st":0,"bm":0},{"ddd":0,"ind":26,"ty":4,"nm":"pilus","sr":1,"ks":{"o":{"a":0,"k":100,"ix":11},"r":{"a":1,"k":[{"i":{"x":[0.417],"y":[0.671]},"o":{"x":[0.333],"y":[0]},"t":0,"s":[0]},{"i":{"x":[0.667],"y":[1]},"o":{"x":[0.587],"y":[0]},"t":30,"s":[-5]},{"i":{"x":[0.833],"y":[0.833]},"o":{"x":[0.333],"y":[0]},"t":50,"s":[-11.322]},{"t":72,"s":[0]}],"ix":10},"p":{"a":1,"k":[{"i":{"x":0.417,"y":1},"o":{"x":0.333,"y":0},"t":0,"s":[499.009,740.188,0],"to":[0,0,0],"ti":[0,0,0]},{"i":{"x":0.715,"y":0.774},"o":{"x":0.582,"y":0},"t":30,"s":[429.009,773.188,0],"to":[0,0,0],"ti":[0,0,0]},{"i":{"x":0.64,"y":1},"o":{"x":0.31,"y":0.059},"t":48,"s":[446.74,776.213,0],"to":[0,0,0],"ti":[0,0,0]},{"i":{"x":0.655,"y":0.687},"o":{"x":0.297,"y":0},"t":50,"s":[452.501,770.113,0],"to":[0,0,0],"ti":[0,0,0]},{"i":{"x":0.693,"y":0.785},"o":{"x":0.351,"y":0.372},"t":60,"s":[477.98,752.797,0],"to":[0,0,0],"ti":[0,0,0]},{"i":{"x":0.788,"y":0.634},"o":{"x":0.429,"y":0.544},"t":66,"s":[491.61,744.824,0],"to":[0,0,0],"ti":[0,0,0]},{"t":72,"s":[499.009,740.188,0]}],"ix":2,"l":2},"a":{"a":0,"k":[84.023,25.701,0],"ix":1,"l":2},"s":{"a":0,"k":[100,100,100],"ix":6,"l":2}},"ao":0,"shapes":[{"ty":"gr","it":[{"ind":0,"ty":"sh","ix":1,"ks":{"a":0,"k":{"i":[[2.302,0],[2.54,4.605],[-6.668,3.73],[0,0],[-3.731,-6.668],[6.668,-3.73],[0,0]],"o":[[-4.842,0],[-3.731,-6.667],[0,0],[6.668,-3.73],[3.731,6.667],[0,0],[-2.143,1.27]],"v":[[-43.897,39.452],[-56.042,32.307],[-50.724,13.416],[37.15,-35.721],[56.042,-30.402],[50.724,-11.51],[-37.15,37.626]],"c":true},"ix":2},"nm":"Path 1","mn":"ADBE Vector Shape - Group","hd":false},{"ty":"fl","c":{"a":0,"k":[0.477999997606,0.862999949736,0.541000007181,1],"ix":4},"o":{"a":0,"k":100,"ix":5},"r":1,"bm":0,"nm":"Fill 1","mn":"ADBE Vector Graphic - Fill","hd":false},{"ty":"tr","p":{"a":0,"k":[60.023,39.701],"ix":2},"a":{"a":0,"k":[0,0],"ix":1},"s":{"a":0,"k":[100,100],"ix":3},"r":{"a":0,"k":0,"ix":6},"o":{"a":0,"k":100,"ix":7},"sk":{"a":0,"k":0,"ix":4},"sa":{"a":0,"k":0,"ix":5},"nm":"Transform"}],"nm":"Group 1","np":2,"cix":2,"bm":0,"ix":1,"mn":"ADBE Vector Group","hd":false}],"ip":0,"op":72,"st":0,"bm":0},{"ddd":0,"ind":27,"ty":4,"nm":"pilus","sr":1,"ks":{"o":{"a":0,"k":100,"ix":11},"r":{"a":1,"k":[{"i":{"x":[0.667],"y":[1]},"o":{"x":[0.333],"y":[0]},"t":0,"s":[0]},{"i":{"x":[0.667],"y":[1]},"o":{"x":[0.333],"y":[0]},"t":48,"s":[-1]},{"t":72,"s":[0]}],"ix":10},"p":{"a":1,"k":[{"i":{"x":0.417,"y":1},"o":{"x":0.333,"y":0},"t":0,"s":[439.873,651.45,0],"to":[0,0,0],"ti":[0,0,0]},{"i":{"x":0.667,"y":1},"o":{"x":0.587,"y":0},"t":30,"s":[429.873,661.45,0],"to":[0,0,0],"ti":[0,0,0]},{"i":{"x":0.667,"y":1},"o":{"x":0.333,"y":0},"t":48,"s":[404.24,689.083,0],"to":[0,0,0],"ti":[0,0,0]},{"t":72,"s":[439.873,651.45,0]}],"ix":2,"l":2},"a":{"a":0,"k":[70.768,31.981,0],"ix":1,"l":2},"s":{"a":0,"k":[100,100,100],"ix":6,"l":2}},"ao":0,"shapes":[{"ty":"gr","it":[{"ind":0,"ty":"sh","ix":1,"ks":{"a":0,"k":{"i":[[3.175,0],[2.698,3.176],[-5.795,5.001],[0,0],[-5.001,-5.795],[5.795,-5.001],[0,0]],"o":[[-3.89,0],[-5.001,-5.794],[0,0],[5.794,-5.001],[5,5.795],[0,0],[-2.619,2.223]],"v":[[-40.96,49.731],[-51.517,44.889],[-50.009,25.283],[31.911,-44.73],[51.518,-43.222],[50.009,-23.617],[-31.911,46.398]],"c":true},"ix":2},"nm":"Path 1","mn":"ADBE Vector Shape - Group","hd":false},{"ty":"fl","c":{"a":0,"k":[0.004000000393,0.670999983245,0.275,1],"ix":4},"o":{"a":0,"k":100,"ix":5},"r":1,"bm":0,"nm":"Fill 1","mn":"ADBE Vector Graphic - Fill","hd":false},{"ty":"tr","p":{"a":0,"k":[56.768,49.982],"ix":2},"a":{"a":0,"k":[0,0],"ix":1},"s":{"a":0,"k":[100,100],"ix":3},"r":{"a":0,"k":0,"ix":6},"o":{"a":0,"k":100,"ix":7},"sk":{"a":0,"k":0,"ix":4},"sa":{"a":0,"k":0,"ix":5},"nm":"Transform"}],"nm":"Group 1","np":2,"cix":2,"bm":0,"ix":1,"mn":"ADBE Vector Group","hd":false}],"ip":0,"op":72,"st":0,"bm":0},{"ddd":0,"ind":28,"ty":4,"nm":"pilus","sr":1,"ks":{"o":{"a":0,"k":100,"ix":11},"r":{"a":1,"k":[{"i":{"x":[0.417],"y":[0.452]},"o":{"x":[0.333],"y":[0]},"t":0,"s":[0]},{"i":{"x":[0.667],"y":[1]},"o":{"x":[0.587],"y":[0]},"t":30,"s":[-3]},{"i":{"x":[0.667],"y":[1]},"o":{"x":[0.333],"y":[0]},"t":50,"s":[3.007]},{"t":72,"s":[0]}],"ix":10},"p":{"a":1,"k":[{"i":{"x":0.417,"y":1},"o":{"x":0.333,"y":0},"t":0,"s":[345.022,590.367,0],"to":[0,0,0],"ti":[0,0,0]},{"i":{"x":0.753,"y":0.759},"o":{"x":0.564,"y":0},"t":30,"s":[335.022,610.367,0],"to":[0,0,0],"ti":[0,0,0]},{"i":{"x":0.645,"y":0.95},"o":{"x":0.317,"y":0.051},"t":46,"s":[329.874,616.8,0],"to":[0,0,0],"ti":[0,0,0]},{"i":{"x":0.64,"y":1},"o":{"x":0.31,"y":0.037},"t":48,"s":[325.908,621.7,0],"to":[0,0,0],"ti":[0,0,0]},{"i":{"x":0.667,"y":0.753},"o":{"x":0.333,"y":0},"t":50,"s":[331.379,616.654,0],"to":[0,0,0],"ti":[0,0,0]},{"i":{"x":0.667,"y":1},"o":{"x":0.333,"y":0.495},"t":56,"s":[339.87,606.855,0],"to":[0,0,0],"ti":[0,0,0]},{"t":72,"s":[345.022,590.367,0]}],"ix":2,"l":2},"a":{"a":0,"k":[57.917,36.467,0],"ix":1,"l":2},"s":{"a":0,"k":[100,100,100],"ix":6,"l":2}},"ao":0,"shapes":[{"ty":"gr","it":[{"ind":0,"ty":"sh","ix":1,"ks":{"a":0,"k":{"i":[[4.048,0],[2.54,2.065],[-4.842,5.954],[0,0],[-5.953,-4.763],[4.842,-5.954],[0,0]],"o":[[-3.096,0],[-5.953,-4.841],[0,0],[4.842,-5.955],[5.954,4.843],[0,0],[-2.779,3.413]],"v":[[-32.029,54.217],[-40.762,51.12],[-42.826,31.593],[21.234,-47.389],[40.761,-49.454],[42.825,-29.926],[-21.234,49.057]],"c":true},"ix":2},"nm":"Path 1","mn":"ADBE Vector Shape - Group","hd":false},{"ty":"fl","c":{"a":0,"k":[0.477999997606,0.862999949736,0.541000007181,1],"ix":4},"o":{"a":0,"k":100,"ix":5},"r":1,"bm":0,"nm":"Fill 1","mn":"ADBE Vector Graphic - Fill","hd":false},{"ty":"tr","p":{"a":0,"k":[47.917,54.467],"ix":2},"a":{"a":0,"k":[0,0],"ix":1},"s":{"a":0,"k":[100,100],"ix":3},"r":{"a":0,"k":0,"ix":6},"o":{"a":0,"k":100,"ix":7},"sk":{"a":0,"k":0,"ix":4},"sa":{"a":0,"k":0,"ix":5},"nm":"Transform"}],"nm":"Group 1","np":2,"cix":2,"bm":0,"ix":1,"mn":"ADBE Vector Group","hd":false}],"ip":0,"op":72,"st":0,"bm":0},{"ddd":0,"ind":29,"ty":4,"nm":"pilus","sr":1,"ks":{"o":{"a":0,"k":100,"ix":11},"r":{"a":1,"k":[{"i":{"x":[0.417],"y":[1.078]},"o":{"x":[0.333],"y":[0]},"t":0,"s":[0]},{"i":{"x":[0.705],"y":[1.061]},"o":{"x":[0.368],"y":[0]},"t":30,"s":[21]},{"i":{"x":[0.8],"y":[1.063]},"o":{"x":[0.453],"y":[-0.155]},"t":50,"s":[8.343]},{"t":72,"s":[0]}],"ix":10},"p":{"a":1,"k":[{"i":{"x":0.417,"y":1},"o":{"x":0.333,"y":0},"t":0,"s":[227.611,526.856,0],"to":[0,0,0],"ti":[0,0,0]},{"i":{"x":0.667,"y":1},"o":{"x":0.587,"y":0},"t":30,"s":[238.611,551.856,0],"to":[0,0,0],"ti":[0,0,0]},{"i":{"x":0.833,"y":0.833},"o":{"x":0.333,"y":0},"t":50,"s":[243.919,531.466,0],"to":[0,0,0],"ti":[0,0,0]},{"t":72,"s":[227.611,526.856,0]}],"ix":2,"l":2},"a":{"a":0,"k":[59.814,31.3,0],"ix":1,"l":2},"s":{"a":0,"k":[100,100,100],"ix":6,"l":2}},"ao":0,"shapes":[{"ty":"gr","it":[{"ind":0,"ty":"sh","ix":1,"ks":{"a":0,"k":{"i":[[4.287,0],[2.46,1.826],[-4.604,6.191],[0,0],[-6.191,-4.604],[4.604,-6.191],[0,0]],"o":[[-2.858,0],[-6.192,-4.604],[0,0],[4.525,-6.192],[6.192,4.604],[0,0],[-2.779,3.652]],"v":[[-29.847,55.05],[-38.102,52.351],[-40.96,32.904],[18.654,-47.588],[38.102,-50.446],[40.96,-30.998],[-18.654,49.493]],"c":true},"ix":2},"nm":"Path 1","mn":"ADBE Vector Shape - Group","hd":false},{"ty":"fl","c":{"a":0,"k":[0.004000000393,0.670999983245,0.275,1],"ix":4},"o":{"a":0,"k":100,"ix":5},"r":1,"bm":0,"nm":"Fill 1","mn":"ADBE Vector Graphic - Fill","hd":false},{"ty":"tr","p":{"a":0,"k":[45.814,55.3],"ix":2},"a":{"a":0,"k":[0,0],"ix":1},"s":{"a":0,"k":[100,100],"ix":3},"r":{"a":0,"k":0,"ix":6},"o":{"a":0,"k":100,"ix":7},"sk":{"a":0,"k":0,"ix":4},"sa":{"a":0,"k":0,"ix":5},"nm":"Transform"}],"nm":"Group 1","np":2,"cix":2,"bm":0,"ix":1,"mn":"ADBE Vector Group","hd":false}],"ip":0,"op":72,"st":0,"bm":0},{"ddd":0,"ind":30,"ty":4,"nm":"pilus","sr":1,"ks":{"o":{"a":0,"k":100,"ix":11},"r":{"a":1,"k":[{"i":{"x":[0.417],"y":[1.061]},"o":{"x":[0.333],"y":[0]},"t":0,"s":[0]},{"i":{"x":[0.667],"y":[1]},"o":{"x":[0.587],"y":[0]},"t":30,"s":[27]},{"i":{"x":[0.833],"y":[0.833]},"o":{"x":[0.333],"y":[0]},"t":50,"s":[-13.027]},{"t":72,"s":[0]}],"ix":10},"p":{"a":1,"k":[{"i":{"x":0.417,"y":1},"o":{"x":0.333,"y":0},"t":0,"s":[167.598,470.01,0],"to":[0,0,0],"ti":[0,0,0]},{"i":{"x":0.69,"y":0.804},"o":{"x":0.355,"y":0},"t":30,"s":[197.598,460.01,0],"to":[0,0,0],"ti":[0,0,0]},{"i":{"x":0.686,"y":0.737},"o":{"x":0.352,"y":0.279},"t":44,"s":[185.575,465.351,0],"to":[0,0,0],"ti":[0,0,0]},{"i":{"x":0.795,"y":0.777},"o":{"x":0.45,"y":0.41},"t":52,"s":[179.835,463.58,0],"to":[0,0,0],"ti":[0,0,0]},{"t":72,"s":[167.598,470.01,0]}],"ix":2,"l":2},"a":{"a":0,"k":[83.388,28.273,0],"ix":1,"l":2},"s":{"a":0,"k":[100,100,100],"ix":6,"l":2}},"ao":0,"shapes":[{"ty":"gr","it":[{"ind":0,"ty":"sh","ix":1,"ks":{"a":0,"k":{"i":[[2.223,0],[2.46,4.684],[-6.747,3.652],[0,0],[-3.652,-6.748],[6.747,-3.652],[0,0]],"o":[[-4.922,0],[-3.652,-6.747],[0,0],[6.748,-3.651],[3.651,6.747],[0,0],[-2.144,1.111]],"v":[[-43.262,38.023],[-55.486,30.64],[-49.771,11.827],[36.673,-34.372],[55.487,-28.656],[49.771,-9.843],[-36.673,36.356]],"c":true},"ix":2},"nm":"Path 1","mn":"ADBE Vector Shape - Group","hd":false},{"ty":"fl","c":{"a":0,"k":[0.477999997606,0.862999949736,0.541000007181,1],"ix":4},"o":{"a":0,"k":100,"ix":5},"r":1,"bm":0,"nm":"Fill 1","mn":"ADBE Vector Graphic - Fill","hd":false},{"ty":"tr","p":{"a":0,"k":[59.388,38.273],"ix":2},"a":{"a":0,"k":[0,0],"ix":1},"s":{"a":0,"k":[100,100],"ix":3},"r":{"a":0,"k":0,"ix":6},"o":{"a":0,"k":100,"ix":7},"sk":{"a":0,"k":0,"ix":4},"sa":{"a":0,"k":0,"ix":5},"nm":"Transform"}],"nm":"Group 1","np":2,"cix":2,"bm":0,"ix":1,"mn":"ADBE Vector Group","hd":false}],"ip":0,"op":72,"st":0,"bm":0},{"ddd":0,"ind":31,"ty":4,"nm":"pilus","sr":1,"ks":{"o":{"a":0,"k":100,"ix":11},"r":{"a":1,"k":[{"i":{"x":[0.417],"y":[1.164]},"o":{"x":[0.333],"y":[0]},"t":0,"s":[0]},{"i":{"x":[0.667],"y":[1]},"o":{"x":[0.587],"y":[0]},"t":30,"s":[10]},{"i":{"x":[0.833],"y":[0.833]},"o":{"x":[0.333],"y":[0]},"t":50,"s":[-14.356]},{"t":72,"s":[0]}],"ix":10},"p":{"a":1,"k":[{"i":{"x":0.417,"y":1},"o":{"x":0.333,"y":0},"t":0,"s":[124.559,374.911,0],"to":[0,0,0],"ti":[0,0,0]},{"i":{"x":0.667,"y":1},"o":{"x":0.587,"y":0},"t":30,"s":[214.559,374.911,0],"to":[0,0,0],"ti":[0,0,0]},{"i":{"x":0.833,"y":0.833},"o":{"x":0.333,"y":0},"t":50,"s":[136.352,365.911,0],"to":[0,0,0],"ti":[0,0,0]},{"t":72,"s":[124.559,374.911,0]}],"ix":2,"l":2},"a":{"a":0,"k":[80.673,18.19,0],"ix":1,"l":2},"s":{"a":0,"k":[100,100,100],"ix":6,"l":2}},"ao":0,"shapes":[{"ty":"gr","it":[{"ind":0,"ty":"sh","ix":1,"ks":{"a":0,"k":{"i":[[0.397,0],[0.635,7.223],[-7.7,0.635],[0,0],[-0.635,-7.7],[7.7,-0.635],[0,0]],"o":[[-7.144,0],[-0.635,-7.62],[0,0],[7.621,-0.714],[0.635,7.621],[0,0],[-0.397,0.08]],"v":[[-43.977,17.94],[-57.788,5.239],[-45.088,-9.764],[42.785,-17.226],[57.788,-4.525],[45.087,10.478],[-42.786,17.86]],"c":true},"ix":2},"nm":"Path 1","mn":"ADBE Vector Shape - Group","hd":false},{"ty":"fl","c":{"a":0,"k":[0.004000000393,0.670999983245,0.275,1],"ix":4},"o":{"a":0,"k":100,"ix":5},"r":1,"bm":0,"nm":"Fill 1","mn":"ADBE Vector Graphic - Fill","hd":false},{"ty":"tr","p":{"a":0,"k":[58.674,18.19],"ix":2},"a":{"a":0,"k":[0,0],"ix":1},"s":{"a":0,"k":[100,100],"ix":3},"r":{"a":0,"k":0,"ix":6},"o":{"a":0,"k":100,"ix":7},"sk":{"a":0,"k":0,"ix":4},"sa":{"a":0,"k":0,"ix":5},"nm":"Transform"}],"nm":"Group 1","np":2,"cix":2,"bm":0,"ix":1,"mn":"ADBE Vector Group","hd":false}],"ip":0,"op":72,"st":0,"bm":0},{"ddd":0,"ind":32,"ty":4,"nm":"pilus","sr":1,"ks":{"o":{"a":0,"k":100,"ix":11},"r":{"a":1,"k":[{"i":{"x":[0.417],"y":[1.117]},"o":{"x":[0.333],"y":[0]},"t":0,"s":[0]},{"i":{"x":[0.667],"y":[1]},"o":{"x":[0.587],"y":[0]},"t":30,"s":[14]},{"i":{"x":[0.833],"y":[0.833]},"o":{"x":[0.333],"y":[0]},"t":50,"s":[-7.698]},{"t":72,"s":[0]}],"ix":10},"p":{"a":1,"k":[{"i":{"x":0.417,"y":1},"o":{"x":0.333,"y":0},"t":0,"s":[132.067,277.757,0],"to":[0,0,0],"ti":[0,0,0]},{"i":{"x":0.667,"y":1},"o":{"x":0.587,"y":0},"t":30,"s":[254.067,307.757,0],"to":[0,0,0],"ti":[0,0,0]},{"i":{"x":0.833,"y":0.833},"o":{"x":0.333,"y":0},"t":50,"s":[120.12,263.688,0],"to":[0,0,0],"ti":[0,0,0]},{"t":72,"s":[132.067,277.757,0]}],"ix":2,"l":2},"a":{"a":0,"k":[85.959,30.5,0],"ix":1,"l":2},"s":{"a":0,"k":[100,100,100],"ix":6,"l":2}},"ao":0,"shapes":[{"ty":"gr","it":[{"ind":0,"ty":"sh","ix":1,"ks":{"a":0,"k":{"i":[[6.35,0],[1.032,0.238],[0,0],[-1.667,7.541],[-7.541,-1.667],[0,0],[1.667,-7.541]],"o":[[-1.032,0],[0,0],[-7.462,-1.667],[1.746,-7.461],[0,0],[7.461,1.667],[-1.508,6.429]],"v":[[42.468,24.25],[39.372,23.934],[-45.564,4.565],[-56.042,-12.105],[-39.373,-22.583],[45.564,-3.214],[56.042,13.456]],"c":true},"ix":2},"nm":"Path 1","mn":"ADBE Vector Shape - Group","hd":false},{"ty":"fl","c":{"a":0,"k":[0.477999997606,0.862999949736,0.541000007181,1],"ix":4},"o":{"a":0,"k":100,"ix":5},"r":1,"bm":0,"nm":"Fill 1","mn":"ADBE Vector Graphic - Fill","hd":false},{"ty":"tr","p":{"a":0,"k":[57.959,24.501],"ix":2},"a":{"a":0,"k":[0,0],"ix":1},"s":{"a":0,"k":[100,100],"ix":3},"r":{"a":0,"k":0,"ix":6},"o":{"a":0,"k":100,"ix":7},"sk":{"a":0,"k":0,"ix":4},"sa":{"a":0,"k":0,"ix":5},"nm":"Transform"}],"nm":"Group 1","np":2,"cix":2,"bm":0,"ix":1,"mn":"ADBE Vector Group","hd":false}],"ip":0,"op":72,"st":0,"bm":0},{"ddd":0,"ind":33,"ty":4,"nm":"pilus","sr":1,"ks":{"o":{"a":0,"k":100,"ix":11},"r":{"a":1,"k":[{"i":{"x":[0.417],"y":[1.411]},"o":{"x":[0.333],"y":[0]},"t":0,"s":[0]},{"i":{"x":[0.667],"y":[1]},"o":{"x":[0.587],"y":[0]},"t":30,"s":[4]},{"i":{"x":[0.833],"y":[0.833]},"o":{"x":[0.333],"y":[0]},"t":50,"s":[-6.342]},{"t":72,"s":[0]}],"ix":10},"p":{"a":1,"k":[{"i":{"x":0.417,"y":1},"o":{"x":0.333,"y":0},"t":0,"s":[159.735,202.234,0],"to":[0,0,0],"ti":[0,0,0]},{"i":{"x":0.667,"y":1},"o":{"x":0.587,"y":0},"t":30,"s":[290.735,255.234,0],"to":[0,0,0],"ti":[0,0,0]},{"i":{"x":0.833,"y":0.833},"o":{"x":0.333,"y":0},"t":50,"s":[148.767,163.445,0],"to":[0,0,0],"ti":[0,0,0]},{"t":72,"s":[159.735,202.234,0]}],"ix":2,"l":2},"a":{"a":0,"k":[67.984,56.901,0],"ix":1,"l":2},"s":{"a":0,"k":[100,100,100],"ix":6,"l":2}},"ao":0,"shapes":[{"ty":"gr","it":[{"ind":0,"ty":"sh","ix":1,"ks":{"a":0,"k":{"i":[[4.445,0],[2.381,1.588],[0,0],[-4.286,6.35],[-6.351,-4.286],[0,0],[4.287,-6.35]],"o":[[-2.699,0],[0,0],[-6.35,-4.286],[4.287,-6.35],[0,0],[6.351,4.286],[-2.699,3.969]],"v":[[43.937,44.651],[36.158,42.27],[-51.717,-17.345],[-55.448,-36.634],[-36.158,-40.365],[51.715,19.25],[55.447,38.539]],"c":true},"ix":2},"nm":"Path 1","mn":"ADBE Vector Shape - Group","hd":false},{"ty":"fl","c":{"a":0,"k":[0.004000000393,0.670999983245,0.275,1],"ix":4},"o":{"a":0,"k":100,"ix":5},"r":1,"bm":0,"nm":"Fill 1","mn":"ADBE Vector Graphic - Fill","hd":false},{"ty":"tr","p":{"a":0,"k":[59.983,44.901],"ix":2},"a":{"a":0,"k":[0,0],"ix":1},"s":{"a":0,"k":[100,100],"ix":3},"r":{"a":0,"k":0,"ix":6},"o":{"a":0,"k":100,"ix":7},"sk":{"a":0,"k":0,"ix":4},"sa":{"a":0,"k":0,"ix":5},"nm":"Transform"}],"nm":"Group 1","np":2,"cix":2,"bm":0,"ix":1,"mn":"ADBE Vector Group","hd":false}],"ip":0,"op":72,"st":0,"bm":0},{"ddd":0,"ind":34,"ty":4,"nm":"pilus","sr":1,"ks":{"o":{"a":0,"k":100,"ix":11},"r":{"a":1,"k":[{"i":{"x":[0.417],"y":[0.817]},"o":{"x":[0.333],"y":[0]},"t":0,"s":[0]},{"i":{"x":[0.667],"y":[1]},"o":{"x":[0.587],"y":[0]},"t":30,"s":[-9]},{"i":{"x":[0.833],"y":[0.833]},"o":{"x":[0.333],"y":[0]},"t":50,"s":[11.02]},{"t":72,"s":[0]}],"ix":10},"p":{"a":1,"k":[{"i":{"x":0.417,"y":1},"o":{"x":0.333,"y":0},"t":0,"s":[217.968,148.112,0],"to":[0,0,0],"ti":[0,0,0]},{"i":{"x":0.667,"y":1},"o":{"x":0.587,"y":0},"t":30,"s":[335.968,207.112,0],"to":[0,0,0],"ti":[0,0,0]},{"i":{"x":0.833,"y":0.833},"o":{"x":0.333,"y":0},"t":50,"s":[218.364,94.31,0],"to":[0,0,0],"ti":[0,0,0]},{"t":72,"s":[217.968,148.112,0]}],"ix":2,"l":2},"a":{"a":0,"k":[47.472,64.775,0],"ix":1,"l":2},"s":{"a":0,"k":[100,100,100],"ix":6,"l":2}},"ao":0,"shapes":[{"ty":"gr","it":[{"ind":0,"ty":"sh","ix":1,"ks":{"a":0,"k":{"i":[[2.937,0],[2.778,3.572],[0,0],[-6.112,4.683],[-4.684,-6.112],[0,0],[6.112,-4.683]],"o":[[-4.128,0],[0,0],[-4.684,-6.113],[6.112,-4.684],[0,0],[4.684,6.112],[-2.54,1.905]],"v":[[27.585,50.525],[16.55,45.128],[-38.538,-26.393],[-35.999,-45.841],[-16.551,-43.301],[38.539,28.22],[35.999,47.668]],"c":true},"ix":2},"nm":"Path 1","mn":"ADBE Vector Shape - Group","hd":false},{"ty":"fl","c":{"a":0,"k":[0.477999997606,0.862999949736,0.541000007181,1],"ix":4},"o":{"a":0,"k":100,"ix":5},"r":1,"bm":0,"nm":"Fill 1","mn":"ADBE Vector Graphic - Fill","hd":false},{"ty":"tr","p":{"a":0,"k":[43.472,50.776],"ix":2},"a":{"a":0,"k":[0,0],"ix":1},"s":{"a":0,"k":[100,100],"ix":3},"r":{"a":0,"k":0,"ix":6},"o":{"a":0,"k":100,"ix":7},"sk":{"a":0,"k":0,"ix":4},"sa":{"a":0,"k":0,"ix":5},"nm":"Transform"}],"nm":"Group 1","np":2,"cix":2,"bm":0,"ix":1,"mn":"ADBE Vector Group","hd":false}],"ip":0,"op":72,"st":0,"bm":0}]}],"layers":[{"ddd":0,"ind":2,"ty":0,"nm":"Microbe","refId":"comp_0","sr":1,"ks":{"o":{"a":0,"k":100,"ix":11},"r":{"a":1,"k":[{"i":{"x":[0.773],"y":[3.65]},"o":{"x":[0.167],"y":[0]},"t":0,"s":[0]},{"t":70,"s":[0]}],"ix":10},"p":{"a":1,"k":[{"i":{"x":0.833,"y":0.833},"o":{"x":0.167,"y":0.167},"t":0,"s":[514,512,0],"to":[-12.15,0,0],"ti":[0,-12.15,0]},{"i":{"x":0.833,"y":0.833},"o":{"x":0.167,"y":0.167},"t":16.607,"s":[492,502,0],"to":[0,12.15,0],"ti":[-12.15,0,0]},{"i":{"x":0.833,"y":0.833},"o":{"x":0.167,"y":0.167},"t":36,"s":[514,524,0],"to":[12.15,0,0],"ti":[0,12.15,0]},{"i":{"x":0.833,"y":0.833},"o":{"x":0.167,"y":0.167},"t":55.391,"s":[536,502,0],"to":[0,-12.15,0],"ti":[12.15,0,0]},{"t":72,"s":[514,512,0]}],"ix":2,"l":2},"a":{"a":0,"k":[512,512,0],"ix":1,"l":2},"s":{"a":1,"k":[{"i":{"x":[0.667,0.667,0.667],"y":[1,1,1]},"o":{"x":[0.167,0.167,0.167],"y":[0.167,0.167,-0.337]},"t":0,"s":[101,101,100]},{"i":{"x":[0.833,0.833,0.833],"y":[0.833,0.833,0.83]},"o":{"x":[0.333,0.333,0.333],"y":[0,0,0]},"t":46,"s":[97,97,100]},{"t":70,"s":[101,101,100]}],"ix":6,"l":2}},"ao":0,"w":1024,"h":1024,"ip":0,"op":72,"st":0,"bm":0}],"markers":[{"tm":0,"cm":"rest","dr":0}]}