{"v":"5.8.1","fr":60,"ip":0,"op":100,"w":1024,"h":1024,"nm":"emoji_siren","ddd":0,"assets":[],"layers":[{"ddd":0,"ind":1,"ty":3,"nm":"Null 7","sr":1,"ks":{"o":{"a":0,"k":0,"ix":11},"r":{"a":0,"k":0,"ix":10},"p":{"a":0,"k":[512,512,0],"ix":2,"l":2},"a":{"a":0,"k":[0,0,0],"ix":1,"l":2},"s":{"a":0,"k":[-100,100,100],"ix":6,"l":2}},"ao":0,"ip":0,"op":101,"st":0,"bm":0},{"ddd":0,"ind":2,"ty":4,"nm":"reflection 2","parent":1,"sr":1,"ks":{"o":{"a":0,"k":70,"ix":11},"r":{"a":0,"k":0,"ix":10},"p":{"a":0,"k":[-206.097,-390.828,0],"ix":2,"l":2},"a":{"a":0,"k":[-206.097,-390.828,0],"ix":1,"l":2},"s":{"a":0,"k":[100,100,100],"ix":6,"l":2}},"ao":0,"shapes":[{"ty":"gr","it":[{"ind":0,"ty":"sh","ix":1,"ks":{"a":1,"k":[{"i":{"x":0.833,"y":0.833},"o":{"x":0.167,"y":0.167},"t":60,"s":[{"i":[[-3.444,-8.613],[-4.67,-8.59],[-4.428,-7.335],[-7.685,-7.16],[16.13,27.945],[7.361,6.281]],"o":[[5.053,12.636],[7.483,13.763],[4.603,7.626],[-2.935,-13.91],[-8.799,-15.245],[-0.389,3.031]],"v":[[226.944,-426.137],[239.892,-399.138],[254.865,-372.852],[274.56,-346.028],[250.745,-407.945],[222.389,-442.781]],"c":true}]},{"i":{"x":0.833,"y":0.833},"o":{"x":0.167,"y":0.167},"t":64,"s":[{"i":[[11.944,-7.387],[0.517,-9.763],[-21.572,-4.415],[-18.185,-15.16],[10.88,19.195],[6.736,7.031]],"o":[[-11.944,7.387],[-0.517,9.763],[21.572,4.415],[-3.435,-13.16],[-10.65,-18.788],[1.964,16.493]],"v":[[202.944,-411.387],[150.017,-398.763],[214.428,-386.415],[262.935,-362.09],[244.62,-405.695],[220.014,-439.906]],"c":true}]},{"i":{"x":0.833,"y":0.833},"o":{"x":0.167,"y":0.167},"t":70,"s":[{"i":[[78.556,2.387],[0.817,-5.336],[-25.928,-2.085],[-16.855,3.396],[2.755,5.57],[0.361,0.031]],"o":[[-18.779,-0.571],[-0.517,3.378],[88.596,7.125],[0.065,-0.16],[-1.869,-3.779],[-12.501,1.57]],"v":[[82.944,-401.387],[48.017,-397.763],[82.928,-387.915],[239.685,-394.715],[236.37,-402.945],[232.889,-409.531]],"c":true}]},{"i":{"x":0.833,"y":0.833},"o":{"x":0.167,"y":0.167},"t":78,"s":[{"i":[[51.609,3.276],[2,-5.268],[-39.048,-4.551],[-52,3.951],[2.5,4.939],[37.012,-1.875]],"o":[[-41.5,-2.634],[-1.266,3.335],[56.5,6.585],[31.805,-2.417],[-1.904,-3.761],[-39,1.976]],"v":[[-120,-404.085],[-197.5,-403.232],[-119.5,-388.085],[62,-387.427],[146.5,-402.573],[60.5,-402.768]],"c":true}]},{"i":{"x":0.833,"y":0.833},"o":{"x":0.167,"y":0.167},"t":85,"s":[{"i":[[14.181,3.973],[1.917,-2.842],[-13.537,-6.27],[-15.821,-0.331],[0.5,5.499],[110.681,4.009]],"o":[[-11.094,-3.108],[-3.241,4.806],[15.702,7.273],[113.853,2.383],[-0.5,-5.499],[-16.921,-0.613]],"v":[[-240.804,-410.473],[-255.417,-409.658],[-243.791,-395.773],[-179.103,-386.133],[-51,-397.002],[-177.931,-403.259]],"c":true}]},{"i":{"x":0.833,"y":0.833},"o":{"x":0.167,"y":0.167},"t":90,"s":[{"i":[[7.75,4],[14,-22],[-8,-2.5],[-32,4],[-5,13],[11.705,11.705]],"o":[[-7.75,-4],[-14,22],[13.294,4.155],[32,-4],[5,-13],[-12.136,-12.136]],"v":[[-206,-447],[-255,-412],[-277,-335],[-219,-385],[-131,-394],[-204,-414]],"c":true}]},{"t":95,"s":[{"i":[[1.5,2.5],[15.299,-21.117],[-8.382,0],[-9.636,30.334],[-7.031,11.426],[-5.834,6.876]],"o":[[-1.5,-2.5],[-17.75,24.5],[5.5,0],[6.75,-21.25],[8,-13],[7,-8.25]],"v":[[-208.5,-448.5],[-255,-412],[-286.5,-294.5],[-264,-359.75],[-245.5,-401.25],[-226.25,-427]],"c":true}]}],"ix":2},"nm":"Path 1","mn":"ADBE Vector Shape - Group","hd":false},{"ty":"gf","o":{"a":0,"k":70,"ix":10},"r":1,"bm":0,"g":{"p":3,"k":{"a":0,"k":[0.7,0.996,0.918,0.898,0.85,0.996,0.918,0.898,1,0.996,0.918,0.898,0.7,1,0.85,0.5,1,0],"ix":9}},"s":{"a":1,"k":[{"i":{"x":0.833,"y":0.833},"o":{"x":0.167,"y":0.167},"t":60,"s":[358,-463],"to":[0,0],"ti":[0,0]},{"i":{"x":0.833,"y":0.833},"o":{"x":0.167,"y":0.167},"t":64,"s":[358,-463],"to":[0,0],"ti":[0,0]},{"i":{"x":0.833,"y":0.833},"o":{"x":0.167,"y":0.167},"t":78,"s":[-19,-495],"to":[0,0],"ti":[0,0]},{"i":{"x":0.833,"y":0.833},"o":{"x":0.167,"y":0.167},"t":90,"s":[9.5,-466],"to":[0,0],"ti":[0,0]},{"t":95,"s":[-5,-291]}],"ix":5},"e":{"a":1,"k":[{"i":{"x":0.833,"y":0.833},"o":{"x":0.167,"y":0.167},"t":60,"s":[237,-404],"to":[0,0],"ti":[0,0]},{"i":{"x":0.833,"y":0.833},"o":{"x":0.167,"y":0.167},"t":64,"s":[159,-381],"to":[0,0],"ti":[0,0]},{"i":{"x":0.833,"y":0.833},"o":{"x":0.167,"y":0.167},"t":78,"s":[-24,-265],"to":[0,0],"ti":[0,0]},{"i":{"x":0.833,"y":0.833},"o":{"x":0.167,"y":0.167},"t":90,"s":[-292.249,-319.499],"to":[0,0],"ti":[0,0]},{"t":95,"s":[-266,-391]}],"ix":6},"t":2,"h":{"a":0,"k":0,"ix":7},"a":{"a":0,"k":0,"ix":8},"nm":"Gradient Fill 1","mn":"ADBE Vector Graphic - G-Fill","hd":false},{"ty":"tr","p":{"a":0,"k":[0,0],"ix":2},"a":{"a":0,"k":[0,0],"ix":1},"s":{"a":0,"k":[100,100],"ix":3},"r":{"a":0,"k":0,"ix":6},"o":{"a":0,"k":100,"ix":7},"sk":{"a":0,"k":0,"ix":4},"sa":{"a":0,"k":0,"ix":5},"nm":"Transform"}],"nm":"Shape 1","np":3,"cix":2,"bm":0,"ix":1,"mn":"ADBE Vector Group","hd":false}],"ip":60,"op":96,"st":55,"bm":0},{"ddd":0,"ind":3,"ty":4,"nm":"reflection","sr":1,"ks":{"o":{"a":0,"k":70,"ix":11},"r":{"a":0,"k":0,"ix":10},"p":{"a":0,"k":[305.903,121.172,0],"ix":2,"l":2},"a":{"a":0,"k":[-206.097,-390.828,0],"ix":1,"l":2},"s":{"a":0,"k":[100,100,100],"ix":6,"l":2}},"ao":0,"shapes":[{"ty":"gr","it":[{"ind":0,"ty":"sh","ix":1,"ks":{"a":1,"k":[{"i":{"x":0.833,"y":0.833},"o":{"x":0.167,"y":0.167},"t":5,"s":[{"i":[[1.5,2.5],[15.299,-21.117],[-8.382,0],[-9.636,30.334],[-7.031,11.426],[-5.834,6.876]],"o":[[-1.5,-2.5],[-17.75,24.5],[5.5,0],[6.75,-21.25],[8,-13],[7,-8.25]],"v":[[-208.5,-448.5],[-255,-412],[-286.5,-294.5],[-264,-359.75],[-245.5,-401.25],[-226.25,-427]],"c":true}]},{"i":{"x":0.833,"y":0.833},"o":{"x":0.167,"y":0.167},"t":10,"s":[{"i":[[7.75,4],[14,-22],[-8,-2.5],[-32,4],[-5,13],[11.705,11.705]],"o":[[-7.75,-4],[-14,22],[13.294,4.155],[32,-4],[5,-13],[-12.136,-12.136]],"v":[[-206,-447],[-255,-412],[-277,-335],[-219,-385],[-131,-394],[-204,-414]],"c":true}]},{"i":{"x":0.833,"y":0.833},"o":{"x":0.167,"y":0.167},"t":15,"s":[{"i":[[14.181,3.973],[1.917,-2.842],[-13.537,-6.27],[-15.821,-0.331],[0.5,5.499],[110.681,4.009]],"o":[[-11.094,-3.108],[-3.241,4.806],[15.702,7.273],[113.853,2.383],[-0.5,-5.499],[-16.921,-0.613]],"v":[[-240.804,-410.473],[-255.417,-409.658],[-243.791,-395.773],[-179.103,-386.133],[-51,-397.002],[-177.931,-403.259]],"c":true}]},{"i":{"x":0.833,"y":0.833},"o":{"x":0.167,"y":0.167},"t":22,"s":[{"i":[[51.609,3.276],[2,-5.268],[-39.048,-4.551],[-52,3.951],[2.5,4.939],[37.012,-1.875]],"o":[[-41.5,-2.634],[-1.266,3.335],[56.5,6.585],[31.805,-2.417],[-1.904,-3.761],[-39,1.976]],"v":[[-120,-404.085],[-197.5,-403.232],[-119.5,-388.085],[62,-387.427],[146.5,-402.573],[60.5,-402.768]],"c":true}]},{"i":{"x":0.833,"y":0.833},"o":{"x":0.167,"y":0.167},"t":30,"s":[{"i":[[78.556,2.387],[0.817,-5.336],[-25.928,-2.085],[-16.855,3.396],[2.755,5.57],[0.361,0.031]],"o":[[-18.779,-0.571],[-0.517,3.378],[88.596,7.125],[0.065,-0.16],[-1.869,-3.779],[-12.501,1.57]],"v":[[82.944,-401.387],[48.017,-397.763],[82.928,-387.915],[239.685,-394.715],[236.37,-402.945],[232.889,-409.531]],"c":true}]},{"i":{"x":0.833,"y":0.833},"o":{"x":0.167,"y":0.167},"t":36,"s":[{"i":[[11.944,-7.387],[0.517,-9.763],[-21.572,-4.415],[-18.185,-15.16],[10.88,19.195],[6.736,7.031]],"o":[[-11.944,7.387],[-0.517,9.763],[21.572,4.415],[-3.435,-13.16],[-10.65,-18.788],[1.964,16.493]],"v":[[202.944,-411.387],[150.017,-398.763],[214.428,-386.415],[262.935,-362.09],[244.62,-405.695],[220.014,-439.906]],"c":true}]},{"t":40,"s":[{"i":[[-3.444,-8.613],[-4.67,-8.59],[-4.428,-7.335],[-7.685,-7.16],[16.13,27.945],[7.361,6.281]],"o":[[5.053,12.636],[7.483,13.763],[4.603,7.626],[-2.935,-13.91],[-8.799,-15.245],[-0.389,3.031]],"v":[[226.944,-426.137],[239.892,-399.138],[254.865,-372.852],[274.56,-346.028],[250.745,-407.945],[222.389,-442.781]],"c":true}]}],"ix":2},"nm":"Path 1","mn":"ADBE Vector Shape - Group","hd":false},{"ty":"gf","o":{"a":0,"k":70,"ix":10},"r":1,"bm":0,"g":{"p":3,"k":{"a":0,"k":[0.7,0.996,0.918,0.898,0.85,0.996,0.918,0.898,1,0.996,0.918,0.898,0.7,1,0.85,0.5,1,0],"ix":9}},"s":{"a":1,"k":[{"i":{"x":0.833,"y":0.833},"o":{"x":0.167,"y":0.167},"t":5,"s":[-5,-291],"to":[0,0],"ti":[0,0]},{"i":{"x":0.833,"y":0.833},"o":{"x":0.167,"y":0.167},"t":10,"s":[9.5,-466],"to":[0,0],"ti":[0,0]},{"i":{"x":0.833,"y":0.833},"o":{"x":0.167,"y":0.167},"t":22,"s":[-19,-495],"to":[0,0],"ti":[0,0]},{"t":36,"s":[358,-463]}],"ix":5},"e":{"a":1,"k":[{"i":{"x":0.833,"y":0.833},"o":{"x":0.167,"y":0.167},"t":5,"s":[-266,-391],"to":[0,0],"ti":[0,0]},{"i":{"x":0.833,"y":0.833},"o":{"x":0.167,"y":0.167},"t":10,"s":[-292.249,-319.499],"to":[0,0],"ti":[0,0]},{"i":{"x":0.833,"y":0.833},"o":{"x":0.167,"y":0.167},"t":22,"s":[-24,-265],"to":[0,0],"ti":[0,0]},{"i":{"x":0.833,"y":0.833},"o":{"x":0.167,"y":0.167},"t":36,"s":[159,-381],"to":[0,0],"ti":[0,0]},{"t":40,"s":[237,-404]}],"ix":6},"t":2,"h":{"a":0,"k":0,"ix":7},"a":{"a":0,"k":0,"ix":8},"nm":"Gradient Fill 1","mn":"ADBE Vector Graphic - G-Fill","hd":false},{"ty":"tr","p":{"a":0,"k":[0,0],"ix":2},"a":{"a":0,"k":[0,0],"ix":1},"s":{"a":0,"k":[100,100],"ix":3},"r":{"a":0,"k":0,"ix":6},"o":{"a":0,"k":100,"ix":7},"sk":{"a":0,"k":0,"ix":4},"sa":{"a":0,"k":0,"ix":5},"nm":"Transform"}],"nm":"Shape 1","np":3,"cix":2,"bm":0,"ix":1,"mn":"ADBE Vector Group","hd":false}],"ip":5,"op":41,"st":0,"bm":0},{"ddd":0,"ind":4,"ty":4,"nm":"star flare ","sr":1,"ks":{"o":{"a":1,"k":[{"i":{"x":[0.833],"y":[0.833]},"o":{"x":[0.167],"y":[0.167]},"t":0,"s":[100]},{"i":{"x":[0.833],"y":[0.833]},"o":{"x":[0.167],"y":[0.167]},"t":10,"s":[70]},{"i":{"x":[0.833],"y":[0.833]},"o":{"x":[0.167],"y":[0.167]},"t":15,"s":[0]},{"i":{"x":[0.833],"y":[0.833]},"o":{"x":[0.167],"y":[0.167]},"t":85,"s":[0]},{"i":{"x":[0.833],"y":[0.833]},"o":{"x":[0.167],"y":[0.167]},"t":90,"s":[70]},{"t":100,"s":[100]}],"ix":11},"r":{"a":0,"k":0,"ix":10},"p":{"s":true,"x":{"a":1,"k":[{"i":{"x":[0.667],"y":[1]},"o":{"x":[0.167],"y":[0.167]},"t":0,"s":[510]},{"i":{"x":[0.667],"y":[1]},"o":{"x":[0.333],"y":[0]},"t":15,"s":[650]},{"i":{"x":[0.833],"y":[0.833]},"o":{"x":[0.333],"y":[0]},"t":85,"s":[370]},{"t":100,"s":[510]}],"ix":3},"y":{"a":0,"k":416,"ix":4}},"a":{"a":0,"k":[296.89,282.73,0],"ix":1,"l":2},"s":{"a":1,"k":[{"i":{"x":[0.833,0.833,0.833],"y":[0.833,0.833,0.833]},"o":{"x":[0.167,0.167,0.167],"y":[0.167,0.167,0.167]},"t":0,"s":[100,100,100]},{"i":{"x":[0.833,0.833,0.833],"y":[0.833,0.833,0.833]},"o":{"x":[0.167,0.167,0.167],"y":[0.167,0.167,0.167]},"t":10,"s":[40.51,87.814,100]},{"i":{"x":[0.833,0.833,0.833],"y":[0.833,0.833,0.833]},"o":{"x":[0.167,0.167,0.167],"y":[0.167,0.167,0.167]},"t":15,"s":[0,76.522,100]},{"i":{"x":[0.833,0.833,0.833],"y":[0.833,0.833,0.833]},"o":{"x":[0.167,0.167,0.167],"y":[0.167,0.167,0.167]},"t":85,"s":[0,76.522,100]},{"i":{"x":[0.833,0.833,0.833],"y":[0.833,0.833,0.833]},"o":{"x":[0.167,0.167,0.167],"y":[0.167,0.167,0.167]},"t":90,"s":[40.51,87.814,100]},{"t":100,"s":[100,100,100]}],"ix":6,"l":2}},"ao":0,"shapes":[{"ty":"gr","it":[{"ind":0,"ty":"sh","ix":1,"ks":{"a":0,"k":{"i":[[-11.12,19.36],[0,0],[0.56,-4.4],[0,0],[-20.96,7.68],[0,0],[3.28,-3.04],[0,0],[-21.04,-7.6],[0,0],[4.48,-0.24],[0,0],[-11.2,-19.36],[0,0],[3.52,2.72],[0,0],[3.84,-22],[0,0],[0.96,4.32],[0,0],[17.12,-14.32],[0,0],[-2.08,3.919],[0,0],[22.4,0],[0,0],[-4.08,1.76],[0,0],[17.12,14.4],[0,0],[-4.24,-1.28],[0,0],[3.92,22],[0,0],[-2.4,-3.68],[0,0]],"o":[[0,0],[2.24,-3.84],[0,0],[-2.72,22.16],[0,0],[4.16,-1.52],[0,0],[-16.4,15.2],[0,0],[4.16,1.52],[0,0],[-22.32,1.12],[0,0],[2.24,3.84],[0,0],[-17.84,-13.44],[0,0],[-0.8,4.4],[0,0],[-4.96,-21.76],[0,0],[-3.44,2.879],[0,0],[10.16,-19.92],[0,0],[-4.48,0],[0,0],[20.56,-8.72],[0,0],[-3.44,-2.88],[0,0],[21.36,6.56],[0,0],[-0.8,-4.4],[0,0],[12.08,18.8]],"v":[[14.8,-156.44],[89.68,-291.56],[97.28,-289],[73.92,-141.4],[104.48,-117.24],[251.12,-166.52],[255.28,-159.72],[140.4,-61.64],[147.92,-16.76],[294.48,32.92],[293.28,40.84],[137.12,43.96],[120.48,78.92],[199.36,213.64],[193.36,218.92],[75.52,121.32],[38.4,131.32],[10.4,290.84],[2.4,291.08],[-26.72,132.92],[-60,124.36],[-184,228.601],[-190.24,223.641],[-117.36,89.72],[-135.68,53.96],[-292.96,55.96],[-294.56,48.12],[-157.28,-4.76],[-150.24,-52.52],[-265.44,-146.36],[-261.6,-153.4],[-116.24,-109.88],[-84.08,-131.56],[-114.24,-283.64],[-106.8,-286.6],[-26.72,-156.52]],"c":true},"ix":2},"nm":"Path 1","mn":"ADBE Vector Shape - Group","hd":false},{"ty":"fl","c":{"a":0,"k":[1,0.834999952129,0.791999966491,1],"ix":4},"o":{"a":0,"k":100,"ix":5},"r":1,"bm":0,"nm":"Fill 1","mn":"ADBE Vector Graphic - Fill","hd":false},{"ty":"tr","p":{"a":0,"k":[298.89,295.65],"ix":2},"a":{"a":0,"k":[0,0],"ix":1},"s":{"a":0,"k":[100,100],"ix":3},"r":{"a":1,"k":[{"i":{"x":[0.833],"y":[0.833]},"o":{"x":[0.333],"y":[0]},"t":0,"s":[0]},{"i":{"x":[0.833],"y":[0.833]},"o":{"x":[0.167],"y":[0.167]},"t":15,"s":[30]},{"i":{"x":[0.667],"y":[1]},"o":{"x":[0.167],"y":[0.167]},"t":85,"s":[-30]},{"t":100,"s":[0]}],"ix":6},"o":{"a":0,"k":100,"ix":7},"sk":{"a":0,"k":0,"ix":4},"sa":{"a":0,"k":0,"ix":5},"nm":"Transform"}],"nm":"Group 1","np":2,"cix":2,"bm":0,"ix":1,"mn":"ADBE Vector Group","hd":false}],"ip":0,"op":101,"st":0,"bm":0},{"ddd":0,"ind":5,"ty":3,"nm":"Null Mirror 2","sr":1,"ks":{"o":{"a":0,"k":0,"ix":11},"r":{"a":0,"k":0,"ix":10},"p":{"a":0,"k":[512,512,0],"ix":2,"l":2},"a":{"a":0,"k":[0,0,0],"ix":1,"l":2},"s":{"a":0,"k":[-100,100,100],"ix":6,"l":2}},"ao":0,"ip":0,"op":101,"st":0,"bm":0},{"ddd":0,"ind":6,"ty":4,"nm":"light beam circular 2","parent":5,"sr":1,"ks":{"o":{"a":1,"k":[{"i":{"x":[0.833],"y":[1]},"o":{"x":[0.167],"y":[0.167]},"t":75,"s":[0]},{"i":{"x":[0.833],"y":[0.833]},"o":{"x":[1],"y":[0]},"t":91,"s":[100]},{"t":100,"s":[0]}],"ix":11},"r":{"a":0,"k":0,"ix":10},"p":{"s":true,"x":{"a":1,"k":[{"i":{"x":[0.833],"y":[0.833]},"o":{"x":[0.167],"y":[0.167]},"t":75,"s":[167.255]},{"i":{"x":[0.667],"y":[1]},"o":{"x":[0.167],"y":[0.167]},"t":91,"s":[127.255]},{"t":100,"s":[-0.745]}],"ix":3},"y":{"a":0,"k":-83.695,"ix":4}},"a":{"a":0,"k":[0,0,0],"ix":1,"l":2},"s":{"a":1,"k":[{"i":{"x":[0.833,0.833,0.833],"y":[0.833,0.833,0.833]},"o":{"x":[0.167,0.167,0.167],"y":[0.167,0.167,0.167]},"t":75,"s":[140,170,100]},{"i":{"x":[0.833,0.833,0.833],"y":[0.833,0.833,0.833]},"o":{"x":[0.167,0.167,0.167],"y":[0.167,0.167,0.167]},"t":91,"s":[120,120,100]},{"t":100,"s":[100,100,100]}],"ix":6,"l":2}},"ao":0,"shapes":[{"ty":"gr","it":[{"ind":0,"ty":"sh","ix":1,"ks":{"a":1,"k":[{"i":{"x":0.833,"y":0.833},"o":{"x":0.167,"y":0.167},"t":75,"s":[{"i":[[0,-99.395],[-94.252,0],[0,99.395],[94.252,0]],"o":[[0,99.395],[94.252,0],[0,-99.395],[-94.252,0]],"v":[[-461.2,-279.855],[-290.542,-99.884],[-119.884,-279.855],[-290.542,-459.827]],"c":true}]},{"i":{"x":0.833,"y":0.833},"o":{"x":0.167,"y":0.167},"t":85,"s":[{"i":[[0,-99.395],[-94.252,0],[0,99.395],[94.252,0]],"o":[[0,99.395],[94.252,0],[0,-99.395],[-94.252,0]],"v":[[-461.2,-279.855],[-290.542,-99.884],[-119.884,-279.855],[-290.542,-459.827]],"c":true}]},{"t":100,"s":[{"i":[[0,-99.395],[-94.252,0],[0,99.395],[94.252,0]],"o":[[0,99.395],[94.252,0],[0,-99.395],[-94.252,0]],"v":[[-461.2,-279.855],[-290.542,-99.884],[-119.884,-279.855],[-290.542,-459.827]],"c":true}]}],"ix":2},"nm":"Path 1","mn":"ADBE Vector Shape - Group","hd":false},{"ty":"gf","o":{"a":0,"k":70,"ix":10},"r":1,"bm":0,"g":{"p":3,"k":{"a":0,"k":[0.7,0.996,0.918,0.898,0.85,0.996,0.918,0.898,1,0.996,0.918,0.898,0.7,1,0.85,0.5,1,0],"ix":9}},"s":{"a":0,"k":[-292,-278],"ix":5},"e":{"a":0,"k":[-182,-158],"ix":6},"t":2,"h":{"a":0,"k":0,"ix":7},"a":{"a":0,"k":0,"ix":8},"nm":"Gradient Fill 2","mn":"ADBE Vector Graphic - G-Fill","hd":false},{"ty":"tr","p":{"a":0,"k":[290.765,277.548],"ix":2},"a":{"a":0,"k":[0,0],"ix":1},"s":{"a":0,"k":[100,100],"ix":3},"r":{"a":0,"k":0,"ix":6},"o":{"a":1,"k":[{"i":{"x":[0.667],"y":[1]},"o":{"x":[0.167],"y":[0.167]},"t":75,"s":[0]},{"i":{"x":[0.833],"y":[1]},"o":{"x":[0.333],"y":[0]},"t":85,"s":[100]},{"t":100,"s":[100]}],"ix":7},"sk":{"a":0,"k":0,"ix":4},"sa":{"a":0,"k":0,"ix":5},"nm":"Transform"}],"nm":"Group 2","np":2,"cix":2,"bm":0,"ix":1,"mn":"ADBE Vector Group","hd":false},{"ty":"gr","it":[{"ind":0,"ty":"sh","ix":1,"ks":{"a":1,"k":[{"i":{"x":0.833,"y":0.833},"o":{"x":0.167,"y":0.167},"t":75,"s":[{"i":[[0,-134.38],[134.38,0],[0,134.38],[-134.38,0]],"o":[[0,134.38],[-134.38,0],[0,-134.38],[134.38,0]],"v":[[-30.182,-283.49],[-273.497,-40.175],[-516.813,-283.49],[-273.497,-526.806]],"c":true}]},{"i":{"x":0.833,"y":0.833},"o":{"x":0.167,"y":0.167},"t":85,"s":[{"i":[[0,-134.38],[134.38,0],[0,134.38],[-134.38,0]],"o":[[0,134.38],[-134.38,0],[0,-134.38],[134.38,0]],"v":[[-30.182,-283.49],[-273.497,-40.175],[-516.813,-283.49],[-273.497,-526.806]],"c":true}]},{"t":100,"s":[{"i":[[0,-134.38],[134.38,0],[0,134.38],[-134.38,0]],"o":[[0,134.38],[-134.38,0],[0,-134.38],[134.38,0]],"v":[[-30.182,-283.49],[-273.497,-40.175],[-516.813,-283.49],[-273.497,-526.806]],"c":true}]}],"ix":2},"nm":"Path 1","mn":"ADBE Vector Shape - Group","hd":false},{"ty":"gf","o":{"a":0,"k":70,"ix":10},"r":1,"bm":0,"g":{"p":3,"k":{"a":0,"k":[0,0.996,0.435,0.286,0.5,0.996,0.435,0.286,1,0.996,0.435,0.286,0.7,1,0.85,0.5,1,0],"ix":9}},"s":{"a":0,"k":[-274,-280],"ix":5},"e":{"a":0,"k":[-122,-104],"ix":6},"t":2,"h":{"a":0,"k":0,"ix":7},"a":{"a":0,"k":0,"ix":8},"nm":"Gradient Fill 1","mn":"ADBE Vector Graphic - G-Fill","hd":false},{"ty":"tr","p":{"a":0,"k":[273.497,283.49],"ix":2},"a":{"a":0,"k":[0,0],"ix":1},"s":{"a":0,"k":[100,100],"ix":3},"r":{"a":0,"k":0,"ix":6},"o":{"a":0,"k":100,"ix":7},"sk":{"a":0,"k":0,"ix":4},"sa":{"a":0,"k":0,"ix":5},"nm":"Transform"}],"nm":"Group 1","np":2,"cix":2,"bm":0,"ix":2,"mn":"ADBE Vector Group","hd":false}],"ip":50,"op":100,"st":50,"bm":0},{"ddd":0,"ind":7,"ty":4,"nm":"light beam circular","sr":1,"ks":{"o":{"a":1,"k":[{"i":{"x":[0],"y":[1]},"o":{"x":[0.167],"y":[0.167]},"t":0,"s":[0]},{"i":{"x":[0.833],"y":[0.833]},"o":{"x":[0.167],"y":[0]},"t":9,"s":[100]},{"t":25,"s":[0]}],"ix":11},"r":{"a":0,"k":0,"ix":10},"p":{"s":true,"x":{"a":1,"k":[{"i":{"x":[0.833],"y":[0.833]},"o":{"x":[0.333],"y":[0]},"t":0,"s":[511.255]},{"i":{"x":[0.833],"y":[0.833]},"o":{"x":[0.167],"y":[0.167]},"t":9,"s":[639.255]},{"t":25,"s":[679.255]}],"ix":3},"y":{"a":0,"k":428.305,"ix":4}},"a":{"a":0,"k":[0,0,0],"ix":1,"l":2},"s":{"a":1,"k":[{"i":{"x":[0.833,0.833,0.833],"y":[0.833,0.833,0.833]},"o":{"x":[0.167,0.167,0.167],"y":[0.167,0.167,0.167]},"t":0,"s":[100,100,100]},{"i":{"x":[0.833,0.833,0.833],"y":[0.833,0.833,0.833]},"o":{"x":[0.167,0.167,0.167],"y":[0.167,0.167,0.167]},"t":9,"s":[120,120,100]},{"t":25,"s":[140,170,100]}],"ix":6,"l":2}},"ao":0,"shapes":[{"ty":"gr","it":[{"ind":0,"ty":"sh","ix":1,"ks":{"a":0,"k":{"i":[[0,-99.395],[-94.252,0],[0,99.395],[94.252,0]],"o":[[0,99.395],[94.252,0],[0,-99.395],[-94.252,0]],"v":[[-461.2,-279.855],[-290.542,-99.884],[-119.884,-279.855],[-290.542,-459.827]],"c":true},"ix":2},"nm":"Path 1","mn":"ADBE Vector Shape - Group","hd":false},{"ty":"gf","o":{"a":0,"k":70,"ix":10},"r":1,"bm":0,"g":{"p":3,"k":{"a":0,"k":[0.7,0.996,0.918,0.898,0.85,0.996,0.918,0.898,1,0.996,0.918,0.898,0.7,1,0.85,0.5,1,0],"ix":9}},"s":{"a":0,"k":[-292,-278],"ix":5},"e":{"a":0,"k":[-182,-158],"ix":6},"t":2,"h":{"a":0,"k":0,"ix":7},"a":{"a":0,"k":0,"ix":8},"nm":"Gradient Fill 2","mn":"ADBE Vector Graphic - G-Fill","hd":false},{"ty":"tr","p":{"a":0,"k":[290.765,277.548],"ix":2},"a":{"a":0,"k":[0,0],"ix":1},"s":{"a":0,"k":[100,100],"ix":3},"r":{"a":0,"k":0,"ix":6},"o":{"a":1,"k":[{"i":{"x":[0.833],"y":[0.833]},"o":{"x":[0.333],"y":[0]},"t":15,"s":[100]},{"t":25,"s":[0]}],"ix":7},"sk":{"a":0,"k":0,"ix":4},"sa":{"a":0,"k":0,"ix":5},"nm":"Transform"}],"nm":"Group 2","np":2,"cix":2,"bm":0,"ix":1,"mn":"ADBE Vector Group","hd":false},{"ty":"gr","it":[{"ind":0,"ty":"sh","ix":1,"ks":{"a":0,"k":{"i":[[0,-134.38],[134.38,0],[0,134.38],[-134.38,0]],"o":[[0,134.38],[-134.38,0],[0,-134.38],[134.38,0]],"v":[[-30.182,-283.49],[-273.497,-40.175],[-516.813,-283.49],[-273.497,-526.806]],"c":true},"ix":2},"nm":"Path 1","mn":"ADBE Vector Shape - Group","hd":false},{"ty":"gf","o":{"a":0,"k":70,"ix":10},"r":1,"bm":0,"g":{"p":3,"k":{"a":0,"k":[0,0.996,0.435,0.286,0.5,0.996,0.435,0.286,1,0.996,0.435,0.286,0.7,1,0.85,0.5,1,0],"ix":9}},"s":{"a":0,"k":[-274,-280],"ix":5},"e":{"a":0,"k":[-122,-104],"ix":6},"t":2,"h":{"a":0,"k":0,"ix":7},"a":{"a":0,"k":0,"ix":8},"nm":"Gradient Fill 1","mn":"ADBE Vector Graphic - G-Fill","hd":false},{"ty":"tr","p":{"a":0,"k":[273.497,283.49],"ix":2},"a":{"a":0,"k":[0,0],"ix":1},"s":{"a":0,"k":[100,100],"ix":3},"r":{"a":0,"k":0,"ix":6},"o":{"a":0,"k":100,"ix":7},"sk":{"a":0,"k":0,"ix":4},"sa":{"a":0,"k":0,"ix":5},"nm":"Transform"}],"nm":"Group 1","np":2,"cix":2,"bm":0,"ix":2,"mn":"ADBE Vector Group","hd":false}],"ip":0,"op":50,"st":0,"bm":0},{"ddd":0,"ind":8,"ty":3,"nm":"Null Mirror","sr":1,"ks":{"o":{"a":0,"k":0,"ix":11},"r":{"a":0,"k":0,"ix":10},"p":{"a":0,"k":[512,512,0],"ix":2,"l":2},"a":{"a":0,"k":[0,0,0],"ix":1,"l":2},"s":{"a":0,"k":[-100,100,100],"ix":6,"l":2}},"ao":0,"ip":0,"op":101,"st":0,"bm":0},{"ddd":0,"ind":9,"ty":4,"nm":"light beam 2","parent":8,"sr":1,"ks":{"o":{"a":1,"k":[{"i":{"x":[0.5],"y":[1]},"o":{"x":[0.5],"y":[0]},"t":70,"s":[0]},{"t":80,"s":[100]}],"ix":11},"r":{"a":0,"k":0,"ix":10},"p":{"a":0,"k":[238.752,-68.147,0],"ix":2,"l":2},"a":{"a":0,"k":[273.498,279.548,0],"ix":1,"l":2},"s":{"a":0,"k":[100,100,100],"ix":6,"l":2}},"ao":0,"shapes":[{"ty":"gr","it":[{"ind":0,"ty":"sh","ix":1,"ks":{"a":1,"k":[{"i":{"x":0.833,"y":0.833},"o":{"x":0.167,"y":0.167},"t":50,"s":[{"i":[[-51.541,13.782],[0,0],[0,0],[81.778,27.628]],"o":[[62.46,-16.701],[0,0],[0,0],[-40.053,-13.533]],"v":[[-221.706,-121.591],[273.247,-439.773],[273.247,179.773],[-225.116,73.864]],"c":true}]},{"i":{"x":0.667,"y":1},"o":{"x":0.167,"y":0.167},"t":75,"s":[{"i":[[-9.045,2.795],[0,0],[0,0],[86.364,25.34]],"o":[[61.772,-19.09],[0,0],[0,0],[-12.391,-3.636]],"v":[[-293.706,-117.591],[273.247,-319.773],[273.247,219.773],[-294.116,71.864]],"c":true}]},{"i":{"x":0.833,"y":0.833},"o":{"x":0.333,"y":0},"t":80,"s":[{"i":[[-51.541,13.782],[0,0],[0,0],[81.778,27.628]],"o":[[62.46,-16.701],[0,0],[0,0],[-40.053,-13.533]],"v":[[-269.706,-121.591],[273.247,-239.773],[273.247,239.773],[-273.116,73.864]],"c":true}]},{"i":{"x":0.833,"y":0.833},"o":{"x":0.167,"y":0.167},"t":90,"s":[{"i":[[-108.279,13.781],[0,0],[0,0],[171.801,27.631]],"o":[[131.218,-16.701],[0,0],[0,0],[-84.144,-13.533]],"v":[[-236.473,-121.591],[273.247,-179.773],[273.247,159.773],[-243.635,73.864]],"c":true}]},{"t":100,"s":[{"i":[[-108.279,13.781],[0,0],[0,0],[171.801,27.631]],"o":[[131.218,-16.701],[0,0],[0,0],[-84.144,-13.533]],"v":[[-236.473,-121.591],[273.247,-179.773],[273.247,159.773],[-243.635,73.864]],"c":true}]}],"ix":2},"nm":"Path 1","mn":"ADBE Vector Shape - Group","hd":false},{"ty":"gf","o":{"a":0,"k":70,"ix":10},"r":1,"bm":0,"g":{"p":3,"k":{"a":0,"k":[0,0.996,0.918,0.898,0.5,0.996,0.918,0.898,1,0.996,0.918,0.898,0,1,0.5,0.5,1,0],"ix":9}},"s":{"a":1,"k":[{"i":{"x":0.667,"y":1},"o":{"x":0.167,"y":0.167},"t":50,"s":[-488,0],"to":[0,0],"ti":[0,0]},{"i":{"x":0.833,"y":0.833},"o":{"x":0.333,"y":0},"t":80,"s":[138,0],"to":[0,0],"ti":[0,0]},{"i":{"x":0.833,"y":0.833},"o":{"x":0.167,"y":0.167},"t":94,"s":[-214,0],"to":[0,0],"ti":[0,0]},{"t":100,"s":[-214,0]}],"ix":5},"e":{"a":1,"k":[{"i":{"x":0.667,"y":1},"o":{"x":0.167,"y":0.167},"t":50,"s":[4,0],"to":[0,0],"ti":[0,0]},{"i":{"x":0.833,"y":0.833},"o":{"x":0.333,"y":0},"t":80,"s":[272,0],"to":[0,0],"ti":[0,0]},{"i":{"x":0.833,"y":0.833},"o":{"x":0.167,"y":0.167},"t":94,"s":[-80,0],"to":[0,0],"ti":[0,0]},{"t":100,"s":[-80,0]}],"ix":6},"t":1,"nm":"Gradient Fill 1","mn":"ADBE Vector Graphic - G-Fill","hd":false},{"ty":"tr","p":{"a":0,"k":[273.497,283.49],"ix":2},"a":{"a":0,"k":[0,0],"ix":1},"s":{"a":0,"k":[100,100],"ix":3},"r":{"a":0,"k":0,"ix":6},"o":{"a":0,"k":100,"ix":7},"sk":{"a":0,"k":0,"ix":4},"sa":{"a":0,"k":0,"ix":5},"nm":"Transform"}],"nm":"Group 1","np":2,"cix":2,"bm":0,"ix":1,"mn":"ADBE Vector Group","hd":false},{"ty":"gr","it":[{"ind":0,"ty":"sh","ix":1,"ks":{"a":1,"k":[{"i":{"x":0.833,"y":0.833},"o":{"x":0.167,"y":0.167},"t":50,"s":[{"i":[[0,0],[0,0],[0,0],[0,0]],"o":[[0,0],[0,0],[0,0],[0,0]],"v":[[-255.98,-133.52],[-255.98,94.035],[255.98,219.298],[255.98,-479.298]],"c":true}]},{"i":{"x":0.667,"y":1},"o":{"x":0.167,"y":0.167},"t":75,"s":[{"i":[[0,0],[0,0],[0,0],[0,0]],"o":[[0,0],[0,0],[0,0],[0,0]],"v":[[-319.98,-133.52],[-319.98,94.035],[255.98,259.298],[255.98,-359.298]],"c":true}]},{"i":{"x":0.833,"y":0.833},"o":{"x":0.333,"y":0},"t":80,"s":[{"i":[[0,0],[0,0],[0,0],[0,0]],"o":[[0,0],[0,0],[0,0],[0,0]],"v":[[-303.98,-133.52],[-303.98,94.035],[255.98,279.298],[255.98,-279.298]],"c":true}]},{"i":{"x":0.833,"y":0.833},"o":{"x":0.167,"y":0.167},"t":90,"s":[{"i":[[0,0],[0,0],[0,0],[0,0]],"o":[[0,0],[0,0],[0,0],[0,0]],"v":[[-289.467,-133.52],[-289.467,94.035],[255.98,199.298],[255.98,-219.298]],"c":true}]},{"t":100,"s":[{"i":[[0,0],[0,0],[0,0],[0,0]],"o":[[0,0],[0,0],[0,0],[0,0]],"v":[[-289.467,-133.52],[-289.467,94.035],[255.98,199.298],[255.98,-219.298]],"c":true}]}],"ix":2},"nm":"Path 1","mn":"ADBE Vector Shape - Group","hd":false},{"ty":"gf","o":{"a":0,"k":70,"ix":10},"r":1,"bm":0,"g":{"p":3,"k":{"a":0,"k":[0,0.996,0.435,0.286,0.5,0.996,0.435,0.286,1,0.996,0.435,0.286,0,1,0.5,0.5,1,0],"ix":9}},"s":{"a":1,"k":[{"i":{"x":0.667,"y":1},"o":{"x":0.167,"y":0.167},"t":50,"s":[-510,0],"to":[0,0],"ti":[0,0]},{"i":{"x":0.833,"y":0.833},"o":{"x":0.333,"y":0},"t":80,"s":[66,0],"to":[0,0],"ti":[0,0]},{"i":{"x":0.833,"y":0.833},"o":{"x":0.167,"y":0.167},"t":94,"s":[-264,0],"to":[0,0],"ti":[0,0]},{"t":100,"s":[-264,0]}],"ix":5},"e":{"a":1,"k":[{"i":{"x":0.667,"y":1},"o":{"x":0.167,"y":0.167},"t":50,"s":[16,0],"to":[0,0],"ti":[0,0]},{"i":{"x":0.833,"y":0.833},"o":{"x":0.333,"y":0},"t":80,"s":[252,0],"to":[0,0],"ti":[0,0]},{"i":{"x":0.833,"y":0.833},"o":{"x":0.167,"y":0.167},"t":94,"s":[-8,0],"to":[0,0],"ti":[0,0]},{"t":100,"s":[-8,0]}],"ix":6},"t":1,"nm":"Gradient Fill 1","mn":"ADBE Vector Graphic - G-Fill","hd":false},{"ty":"tr","p":{"a":0,"k":[290.765,277.548],"ix":2},"a":{"a":0,"k":[0,0],"ix":1},"s":{"a":0,"k":[100,100],"ix":3},"r":{"a":0,"k":0,"ix":6},"o":{"a":0,"k":100,"ix":7},"sk":{"a":0,"k":0,"ix":4},"sa":{"a":0,"k":0,"ix":5},"nm":"Transform"}],"nm":"Group 2","np":2,"cix":2,"bm":0,"ix":2,"mn":"ADBE Vector Group","hd":false}],"ip":50,"op":100,"st":50,"bm":0},{"ddd":0,"ind":10,"ty":4,"nm":"light beam ","sr":1,"ks":{"o":{"a":1,"k":[{"i":{"x":[0.5],"y":[1]},"o":{"x":[0.5],"y":[0]},"t":20,"s":[100]},{"t":30,"s":[0]}],"ix":11},"r":{"a":0,"k":0,"ix":10},"p":{"a":0,"k":[750.752,443.853,0],"ix":2,"l":2},"a":{"a":0,"k":[273.498,279.548,0],"ix":1,"l":2},"s":{"a":0,"k":[100,100,100],"ix":6,"l":2}},"ao":0,"shapes":[{"ty":"gr","it":[{"ind":0,"ty":"sh","ix":1,"ks":{"a":1,"k":[{"i":{"x":0.833,"y":0.833},"o":{"x":0.167,"y":0.167},"t":0,"s":[{"i":[[-108.279,13.781],[0,0],[0,0],[171.801,27.631]],"o":[[131.218,-16.701],[0,0],[0,0],[-84.144,-13.533]],"v":[[-236.473,-121.591],[273.247,-179.773],[273.247,159.773],[-243.635,73.864]],"c":true}]},{"i":{"x":0.667,"y":1},"o":{"x":0.167,"y":0.167},"t":10,"s":[{"i":[[-108.279,13.781],[0,0],[0,0],[171.801,27.631]],"o":[[131.218,-16.701],[0,0],[0,0],[-84.144,-13.533]],"v":[[-236.473,-121.591],[273.247,-179.773],[273.247,159.773],[-243.635,73.864]],"c":true}]},{"i":{"x":0.833,"y":0.833},"o":{"x":0.333,"y":0},"t":20,"s":[{"i":[[-51.541,13.782],[0,0],[0,0],[81.778,27.628]],"o":[[62.46,-16.701],[0,0],[0,0],[-40.053,-13.533]],"v":[[-269.706,-121.591],[273.247,-239.773],[273.247,239.773],[-273.116,73.864]],"c":true}]},{"i":{"x":0.833,"y":0.833},"o":{"x":0.167,"y":0.167},"t":25,"s":[{"i":[[-9.045,2.795],[0,0],[0,0],[86.364,25.34]],"o":[[61.772,-19.09],[0,0],[0,0],[-12.391,-3.636]],"v":[[-293.706,-117.591],[273.247,-319.773],[273.247,219.773],[-294.116,71.864]],"c":true}]},{"t":50,"s":[{"i":[[-51.541,13.782],[0,0],[0,0],[81.778,27.628]],"o":[[62.46,-16.701],[0,0],[0,0],[-40.053,-13.533]],"v":[[-221.706,-121.591],[273.247,-439.773],[273.247,179.773],[-225.116,73.864]],"c":true}]}],"ix":2},"nm":"Path 1","mn":"ADBE Vector Shape - Group","hd":false},{"ty":"gf","o":{"a":0,"k":70,"ix":10},"r":1,"bm":0,"g":{"p":3,"k":{"a":0,"k":[0,0.996,0.918,0.898,0.5,0.996,0.918,0.898,1,0.996,0.918,0.898,0,1,0.5,0.5,1,0],"ix":9}},"s":{"a":1,"k":[{"i":{"x":0.833,"y":0.833},"o":{"x":0.167,"y":0.167},"t":0,"s":[-214,0],"to":[0,0],"ti":[0,0]},{"i":{"x":0.667,"y":1},"o":{"x":0.167,"y":0.167},"t":10,"s":[-214,0],"to":[0,0],"ti":[0,0]},{"i":{"x":0.833,"y":0.833},"o":{"x":0.333,"y":0},"t":20,"s":[138,0],"to":[0,0],"ti":[0,0]},{"t":50,"s":[-488,0]}],"ix":5},"e":{"a":1,"k":[{"i":{"x":0.833,"y":0.833},"o":{"x":0.167,"y":0.167},"t":0,"s":[-80,0],"to":[0,0],"ti":[0,0]},{"i":{"x":0.667,"y":1},"o":{"x":0.167,"y":0.167},"t":10,"s":[-80,0],"to":[0,0],"ti":[0,0]},{"i":{"x":0.833,"y":0.833},"o":{"x":0.333,"y":0},"t":20,"s":[272,0],"to":[0,0],"ti":[0,0]},{"t":50,"s":[4,0]}],"ix":6},"t":1,"nm":"Gradient Fill 1B","mn":"ADBE Vector Graphic - G-Fill","hd":false},{"ty":"tr","p":{"a":0,"k":[273.497,283.49],"ix":2},"a":{"a":0,"k":[0,0],"ix":1},"s":{"a":0,"k":[100,100],"ix":3},"r":{"a":0,"k":0,"ix":6},"o":{"a":0,"k":100,"ix":7},"sk":{"a":0,"k":0,"ix":4},"sa":{"a":0,"k":0,"ix":5},"nm":"Transform"}],"nm":"Group 1","np":2,"cix":2,"bm":0,"ix":1,"mn":"ADBE Vector Group","hd":false},{"ty":"gr","it":[{"ind":0,"ty":"sh","ix":1,"ks":{"a":1,"k":[{"i":{"x":0.833,"y":0.833},"o":{"x":0.167,"y":0.167},"t":0,"s":[{"i":[[0,0],[0,0],[0,0],[0,0]],"o":[[0,0],[0,0],[0,0],[0,0]],"v":[[-289.467,-133.52],[-289.467,94.035],[255.98,199.298],[255.98,-219.298]],"c":true}]},{"i":{"x":0.667,"y":1},"o":{"x":0.167,"y":0.167},"t":10,"s":[{"i":[[0,0],[0,0],[0,0],[0,0]],"o":[[0,0],[0,0],[0,0],[0,0]],"v":[[-289.467,-133.52],[-289.467,94.035],[255.98,199.298],[255.98,-219.298]],"c":true}]},{"i":{"x":0.833,"y":0.833},"o":{"x":0.333,"y":0},"t":20,"s":[{"i":[[0,0],[0,0],[0,0],[0,0]],"o":[[0,0],[0,0],[0,0],[0,0]],"v":[[-303.98,-133.52],[-303.98,94.035],[255.98,279.298],[255.98,-279.298]],"c":true}]},{"i":{"x":0.833,"y":0.833},"o":{"x":0.167,"y":0.167},"t":25,"s":[{"i":[[0,0],[0,0],[0,0],[0,0]],"o":[[0,0],[0,0],[0,0],[0,0]],"v":[[-319.98,-133.52],[-319.98,94.035],[255.98,259.298],[255.98,-359.298]],"c":true}]},{"t":50,"s":[{"i":[[0,0],[0,0],[0,0],[0,0]],"o":[[0,0],[0,0],[0,0],[0,0]],"v":[[-255.98,-133.52],[-255.98,94.035],[255.98,219.298],[255.98,-479.298]],"c":true}]}],"ix":2},"nm":"Path 1","mn":"ADBE Vector Shape - Group","hd":false},{"ty":"gf","o":{"a":0,"k":70,"ix":10},"r":1,"bm":0,"g":{"p":3,"k":{"a":0,"k":[0,0.996,0.435,0.286,0.5,0.996,0.435,0.286,1,0.996,0.435,0.286,0,1,0.5,0.5,1,0],"ix":9}},"s":{"a":1,"k":[{"i":{"x":0.833,"y":0.833},"o":{"x":0.167,"y":0.167},"t":0,"s":[-264,0],"to":[0,0],"ti":[0,0]},{"i":{"x":0.667,"y":1},"o":{"x":0.167,"y":0.167},"t":10,"s":[-264,0],"to":[0,0],"ti":[0,0]},{"i":{"x":0.833,"y":0.833},"o":{"x":0.333,"y":0},"t":20,"s":[66,0],"to":[0,0],"ti":[0,0]},{"t":50,"s":[-510,0]}],"ix":5},"e":{"a":1,"k":[{"i":{"x":0.833,"y":0.833},"o":{"x":0.167,"y":0.167},"t":0,"s":[-8,0],"to":[0,0],"ti":[0,0]},{"i":{"x":0.667,"y":1},"o":{"x":0.167,"y":0.167},"t":10,"s":[-8,0],"to":[0,0],"ti":[0,0]},{"i":{"x":0.833,"y":0.833},"o":{"x":0.333,"y":0},"t":20,"s":[252,0],"to":[0,0],"ti":[0,0]},{"t":50,"s":[16,0]}],"ix":6},"t":1,"nm":"Gradient Fill 1A","mn":"ADBE Vector Graphic - G-Fill","hd":false},{"ty":"tr","p":{"a":0,"k":[290.765,277.548],"ix":2},"a":{"a":0,"k":[0,0],"ix":1},"s":{"a":0,"k":[100,100],"ix":3},"r":{"a":0,"k":0,"ix":6},"o":{"a":0,"k":100,"ix":7},"sk":{"a":0,"k":0,"ix":4},"sa":{"a":0,"k":0,"ix":5},"nm":"Transform"}],"nm":"Group 2","np":2,"cix":2,"bm":0,"ix":2,"mn":"ADBE Vector Group","hd":false}],"ip":0,"op":50,"st":0,"bm":0},{"ddd":0,"ind":11,"ty":4,"nm":"star ","sr":1,"ks":{"o":{"a":0,"k":100,"ix":11},"r":{"a":0,"k":0,"ix":10},"p":{"s":true,"x":{"a":1,"k":[{"i":{"x":[0.833],"y":[0.833]},"o":{"x":[0.167],"y":[0.167]},"t":0,"s":[512]},{"i":{"x":[0.833],"y":[0.833]},"o":{"x":[0.167],"y":[0.167]},"t":25,"s":[432]},{"i":{"x":[0.833],"y":[0.833]},"o":{"x":[0.167],"y":[0.167]},"t":50,"s":[512]},{"i":{"x":[0.833],"y":[0.833]},"o":{"x":[0.167],"y":[0.167]},"t":75,"s":[592]},{"t":100,"s":[512]}],"ix":3},"y":{"a":0,"k":424.902,"ix":4}},"a":{"a":0,"k":[341.77,358.708,0],"ix":1,"l":2},"s":{"a":1,"k":[{"i":{"x":[0.833,0.833,0.833],"y":[0.833,1,1]},"o":{"x":[1,0.5,0.333],"y":[0,0,0]},"t":0,"s":[100,100,100]},{"i":{"x":[0,0.5,0.667],"y":[1,1,1]},"o":{"x":[0.167,0.167,0.167],"y":[0.167,0,0]},"t":25,"s":[0,100,100]},{"i":{"x":[0.833,0.833,0.833],"y":[0.833,1,1]},"o":{"x":[1,0.5,0.333],"y":[0,0,0]},"t":50,"s":[100,100,100]},{"i":{"x":[0,0.5,0.667],"y":[1,1,1]},"o":{"x":[0.167,0.167,0.167],"y":[0.167,0,0]},"t":75,"s":[0,100,100]},{"t":100,"s":[100,100,100]}],"ix":6,"l":2}},"ao":0,"shapes":[{"ty":"gr","it":[{"ty":"gr","it":[{"ind":0,"ty":"sh","ix":1,"ks":{"a":0,"k":{"i":[[0.334,-2.291],[0,0],[18.16,13.04],[0,0],[-2.32,-3.84],[0,0],[22.32,-1.68],[0,0],[-4.24,-1.44],[0,0],[16,-15.6],[0,0],[-4.161,1.6],[0,0],[2.24,-22.24],[0,0],[-2.16,3.921],[0,0],[-12.56,-18.48],[0,0],[0.88,4.401],[0,0],[-21.52,-6.08],[0,0],[3.52,2.8],[0,0],[-20.401,9.2],[0,0],[4.48,-0.08],[0,0],[-9.68,20.16],[0,0],[3.36,-2.96],[0,0],[5.599,21.68],[0,0],[1.709,-0.001]],"o":[[0,0],[-3.28,22.08],[0,0],[-3.6,-2.64],[0,0],[11.68,19.04],[0,0],[-4.4,0.32],[0,0],[21.2,7.121],[0,0],[-3.2,3.12],[0,0],[20.8,-8.16],[0,0],[-0.4,4.479],[0,0],[10.64,-19.599],[0,0],[2.48,3.681],[0,0],[-4.4,-21.919],[0,0],[4.319,1.199],[0,0],[-17.441,-13.922],[0,0],[4.08,-1.841],[0,0],[-22.4,0.56],[0,0],[1.92,-4],[0,0],[-16.8,14.8],[0,0],[-0.537,-2.071],[-1.856,0]],"v":[[-4.08,-354.983],[-33.12,-146.983],[-70.48,-136.743],[-249.2,-291.942],[-255.04,-286.502],[-121.04,-93.303],[-142.96,-50.342],[-309.68,-53.543],[-310.64,-45.622],[-141.2,12.137],[-135.28,51.897],[-338.32,220.457],[-334,227.177],[-92,103.098],[-63.2,121.818],[-121.52,352.137],[-113.84,354.538],[-0.96,141.098],[37.44,143.497],[155.12,351.897],[162.48,348.777],[93.52,117.657],[120.48,89.897],[334.32,178.458],[338,171.337],[150.081,35.819],[157.361,-9.142],[308.08,-67.221],[306.32,-75.062],[141.12,-73.382],[119.84,-106.022],[249.76,-314.502],[243.36,-319.303],[68.72,-139.062],[29.2,-152.342],[3.92,-355.382],[-0.04,-358.457]],"c":true},"ix":2},"nm":"Path 2","mn":"ADBE Vector Shape - Group","hd":false},{"ty":"tr","p":{"a":0,"k":[0,0],"ix":2},"a":{"a":0,"k":[0,0],"ix":1},"s":{"a":0,"k":[100,100],"ix":3},"r":{"a":0,"k":0,"ix":6},"o":{"a":0,"k":100,"ix":7},"sk":{"a":0,"k":0,"ix":4},"sa":{"a":0,"k":0,"ix":5},"nm":"Transform"}],"nm":"Group 1","np":1,"cix":2,"bm":0,"ix":1,"mn":"ADBE Vector Group","hd":false},{"ty":"gf","o":{"a":0,"k":100,"ix":10},"r":1,"bm":0,"g":{"p":3,"k":{"a":0,"k":[0,0.996,0.435,0.286,0.5,0.996,0.435,0.286,1,0.996,0.435,0.286,0.7,1,0.85,0.5,1,0],"ix":9}},"s":{"a":0,"k":[0,0],"ix":5},"e":{"a":0,"k":[-108,326],"ix":6},"t":2,"h":{"a":0,"k":0,"ix":7},"a":{"a":0,"k":0,"ix":8},"nm":"Gradient Fill 1","mn":"ADBE Vector Graphic - G-Fill","hd":false},{"ty":"tr","p":{"a":0,"k":[341.77,358.709],"ix":2},"a":{"a":0,"k":[0,0],"ix":1},"s":{"a":0,"k":[100,100],"ix":3},"r":{"a":0,"k":0,"ix":6},"o":{"a":0,"k":100,"ix":7},"sk":{"a":0,"k":0,"ix":4},"sa":{"a":0,"k":0,"ix":5},"nm":"Transform"}],"nm":"Group 1","np":2,"cix":2,"bm":0,"ix":1,"mn":"ADBE Vector Group","hd":false}],"ip":0,"op":101,"st":0,"bm":0},{"ddd":0,"ind":12,"ty":4,"nm":"Siren Capsule matte 2","td":1,"sr":1,"ks":{"o":{"a":0,"k":100,"ix":11},"r":{"a":0,"k":0,"ix":10},"p":{"a":0,"k":[512.04,414.08,0],"ix":2,"l":2},"a":{"a":0,"k":[439.81,382.33,0],"ix":1,"l":2},"s":{"a":0,"k":[100,100,100],"ix":6,"l":2}},"ao":0,"shapes":[{"ty":"gr","it":[{"ind":0,"ty":"sh","ix":1,"ks":{"a":0,"k":{"i":[[45.76,145.84],[171.92,0],[22.72,-72.4],[0,0],[-321.44,0],[0,0]],"o":[[-22.72,-72.4],[-171.92,0],[-45.76,145.84],[0,0],[321.44,0],[0,0]],"v":[[270.2,-283.52],[-0.12,-382.08],[-270.36,-283.52],[-357.24,322.16],[-0.04,382.08],[357.24,322.24]],"c":true},"ix":2},"nm":"Path 1","mn":"ADBE Vector Shape - Group","hd":false},{"ty":"fl","c":{"a":0,"k":[0.957000014361,0.263000009574,0.211999990426,1],"ix":4},"o":{"a":0,"k":100,"ix":5},"r":1,"bm":0,"nm":"Fill 1","mn":"ADBE Vector Graphic - Fill","hd":false},{"ty":"tr","p":{"a":0,"k":[439.81,382.33],"ix":2},"a":{"a":0,"k":[0,0],"ix":1},"s":{"a":0,"k":[100,100],"ix":3},"r":{"a":0,"k":0,"ix":6},"o":{"a":0,"k":100,"ix":7},"sk":{"a":0,"k":0,"ix":4},"sa":{"a":0,"k":0,"ix":5},"nm":"Transform"}],"nm":"Group 2","np":2,"cix":2,"bm":0,"ix":1,"mn":"ADBE Vector Group","hd":false}],"ip":0,"op":101,"st":0,"bm":0},{"ddd":0,"ind":13,"ty":4,"nm":"Highlight 2","tt":1,"sr":1,"ks":{"o":{"a":1,"k":[{"i":{"x":[0.833],"y":[0.833]},"o":{"x":[0.167],"y":[0.167]},"t":50,"s":[100]},{"i":{"x":[0.833],"y":[0.833]},"o":{"x":[0.167],"y":[0.167]},"t":75,"s":[100]},{"i":{"x":[0.833],"y":[0.833]},"o":{"x":[0.167],"y":[0.167]},"t":96,"s":[10]},{"t":100,"s":[0]}],"ix":11},"r":{"a":0,"k":0,"ix":10},"p":{"a":0,"k":[240,402,0],"ix":2,"l":2},"a":{"a":0,"k":[0,0,0],"ix":1,"l":2},"s":{"a":0,"k":[-100,100,100],"ix":6,"l":2}},"ao":0,"shapes":[{"ty":"gr","it":[{"ind":0,"ty":"sh","ix":1,"ks":{"a":1,"k":[{"i":{"x":0.833,"y":0.833},"o":{"x":0.333,"y":0},"t":50,"s":[{"i":[[0,0],[-17.188,-90.14],[0,0],[0,0],[34.091,55.682]],"o":[[50.615,42.576],[20.545,107.75],[0,0],[0,0],[-34.091,-55.682]],"v":[[-89.773,-369.932],[11.455,-235.75],[98.545,357.932],[133.773,330.978],[14.773,-306.295]],"c":true}]},{"i":{"x":0.833,"y":0.833},"o":{"x":0.167,"y":0.167},"t":75,"s":[{"i":[[0,0],[-12.5,-90.909],[0,0],[0,0],[34.091,55.682]],"o":[[50.615,42.576],[12.5,90.909],[0,0],[0,0],[-34.091,-55.682]],"v":[[-89.773,-361.932],[-4.545,-143.75],[54.545,361.932],[89.773,334.978],[14.773,-298.295]],"c":true}]},{"i":{"x":0.833,"y":0.833},"o":{"x":0.167,"y":0.167},"t":86,"s":[{"i":[[0,0],[2.545,-58.25],[0,0],[0,0],[27.016,59.437]],"o":[[61.773,17.932],[-4.006,91.677],[0,0],[0,0],[-60.773,-133.705]],"v":[[-227.773,-383.932],[-116.545,-285.75],[-145.454,481.932],[129.773,414.978],[14.773,-298.295]],"c":true}]},{"i":{"x":0.833,"y":0.833},"o":{"x":0.167,"y":0.167},"t":96,"s":[{"i":[[0,0],[1.94,-58.273],[0,0],[0,0],[27.016,59.437]],"o":[[15.773,17.932],[-3.455,103.75],[0,0],[0,0],[-60.773,-133.705]],"v":[[-259.773,-423.932],[-220.545,-285.75],[-265.454,481.932],[129.773,414.978],[14.773,-298.295]],"c":true}]},{"t":100,"s":[{"i":[[0,0],[44.545,-120.25],[0,0],[0,0],[27.016,59.437]],"o":[[-124.227,-2.068],[-65.924,177.961],[0,0],[0,0],[-60.773,-133.705]],"v":[[-259.773,-423.932],[-540.545,-285.75],[-681.454,481.932],[129.773,414.978],[14.773,-298.295]],"c":true}]}],"ix":2},"nm":"Path 1","mn":"ADBE Vector Shape - Group","hd":false},{"ty":"gf","o":{"a":0,"k":70,"ix":10},"r":1,"bm":0,"g":{"p":3,"k":{"a":0,"k":[0,1,1,1,0.5,0.998,0.959,0.949,1,0.996,0.918,0.898,0,1,0.5,0.5,1,0],"ix":9}},"s":{"a":1,"k":[{"i":{"x":0.833,"y":0.833},"o":{"x":0.333,"y":0},"t":50,"s":[72,2],"to":[0,0],"ti":[0,0]},{"i":{"x":0.833,"y":0.833},"o":{"x":0.167,"y":0.167},"t":75,"s":[34,8],"to":[0,0],"ti":[0,0]},{"i":{"x":0.833,"y":0.833},"o":{"x":0.167,"y":0.167},"t":96,"s":[-314,-2],"to":[0,0],"ti":[0,0]},{"t":100,"s":[-456,-2]}],"ix":5},"e":{"a":1,"k":[{"i":{"x":0.833,"y":0.833},"o":{"x":0.167,"y":0.167},"t":50,"s":[100,0],"to":[0,0],"ti":[0,0]},{"i":{"x":0.833,"y":0.833},"o":{"x":0.167,"y":0.167},"t":75,"s":[100,0],"to":[0,0],"ti":[0,0]},{"i":{"x":0.833,"y":0.833},"o":{"x":0.167,"y":0.167},"t":96,"s":[472,0],"to":[0,0],"ti":[0,0]},{"t":100,"s":[308,0]}],"ix":6},"t":1,"nm":"Gradient Fill 1","mn":"ADBE Vector Graphic - G-Fill","hd":false},{"ty":"tr","p":{"a":0,"k":[0,0],"ix":2},"a":{"a":0,"k":[0,0],"ix":1},"s":{"a":0,"k":[100,100],"ix":3},"r":{"a":0,"k":0,"ix":6},"o":{"a":0,"k":100,"ix":7},"sk":{"a":0,"k":0,"ix":4},"sa":{"a":0,"k":0,"ix":5},"nm":"Transform"}],"nm":"Shape 1","np":3,"cix":2,"bm":0,"ix":1,"mn":"ADBE Vector Group","hd":false}],"ip":50,"op":100,"st":50,"bm":0},{"ddd":0,"ind":14,"ty":4,"nm":"Siren Capsule matte","td":1,"sr":1,"ks":{"o":{"a":0,"k":100,"ix":11},"r":{"a":0,"k":0,"ix":10},"p":{"a":0,"k":[512.04,414.08,0],"ix":2,"l":2},"a":{"a":0,"k":[439.81,382.33,0],"ix":1,"l":2},"s":{"a":0,"k":[100,100,100],"ix":6,"l":2}},"ao":0,"shapes":[{"ty":"gr","it":[{"ind":0,"ty":"sh","ix":1,"ks":{"a":0,"k":{"i":[[45.76,145.84],[171.92,0],[22.72,-72.4],[0,0],[-321.44,0],[0,0]],"o":[[-22.72,-72.4],[-171.92,0],[-45.76,145.84],[0,0],[321.44,0],[0,0]],"v":[[270.2,-283.52],[-0.12,-382.08],[-270.36,-283.52],[-357.24,322.16],[-0.04,382.08],[357.24,322.24]],"c":true},"ix":2},"nm":"Path 1","mn":"ADBE Vector Shape - Group","hd":false},{"ty":"fl","c":{"a":0,"k":[0.957000014361,0.263000009574,0.211999990426,1],"ix":4},"o":{"a":0,"k":100,"ix":5},"r":1,"bm":0,"nm":"Fill 1","mn":"ADBE Vector Graphic - Fill","hd":false},{"ty":"tr","p":{"a":0,"k":[439.81,382.33],"ix":2},"a":{"a":0,"k":[0,0],"ix":1},"s":{"a":0,"k":[100,100],"ix":3},"r":{"a":0,"k":0,"ix":6},"o":{"a":0,"k":100,"ix":7},"sk":{"a":0,"k":0,"ix":4},"sa":{"a":0,"k":0,"ix":5},"nm":"Transform"}],"nm":"Group 2","np":2,"cix":2,"bm":0,"ix":1,"mn":"ADBE Vector Group","hd":false}],"ip":0,"op":101,"st":0,"bm":0},{"ddd":0,"ind":15,"ty":4,"nm":"Highlight","tt":1,"sr":1,"ks":{"o":{"a":1,"k":[{"i":{"x":[0.833],"y":[0.833]},"o":{"x":[0.167],"y":[0.167]},"t":0,"s":[0]},{"i":{"x":[0.833],"y":[0.833]},"o":{"x":[0.167],"y":[0.167]},"t":4,"s":[10]},{"t":25,"s":[100]}],"ix":11},"r":{"a":0,"k":0,"ix":10},"p":{"a":0,"k":[784,402,0],"ix":2,"l":2},"a":{"a":0,"k":[0,0,0],"ix":1,"l":2},"s":{"a":0,"k":[100,100,100],"ix":6,"l":2}},"ao":0,"shapes":[{"ty":"gr","it":[{"ind":0,"ty":"sh","ix":1,"ks":{"a":1,"k":[{"i":{"x":0.833,"y":0.833},"o":{"x":0.167,"y":0.167},"t":0,"s":[{"i":[[0,0],[44.545,-120.25],[0,0],[0,0],[27.016,59.437]],"o":[[-124.227,-2.068],[-65.924,177.961],[0,0],[0,0],[-60.773,-133.705]],"v":[[-259.773,-423.932],[-540.545,-285.75],[-681.454,481.932],[129.773,414.978],[14.773,-298.295]],"c":true}]},{"i":{"x":0.833,"y":0.833},"o":{"x":0.167,"y":0.167},"t":4,"s":[{"i":[[0,0],[1.94,-58.273],[0,0],[0,0],[27.016,59.437]],"o":[[15.773,17.932],[-3.455,103.75],[0,0],[0,0],[-60.773,-133.705]],"v":[[-259.773,-423.932],[-220.545,-285.75],[-265.454,481.932],[129.773,414.978],[14.773,-298.295]],"c":true}]},{"i":{"x":0.833,"y":0.833},"o":{"x":0.167,"y":0.167},"t":14,"s":[{"i":[[0,0],[2.545,-58.25],[0,0],[0,0],[27.016,59.437]],"o":[[61.773,17.932],[-4.006,91.677],[0,0],[0,0],[-60.773,-133.705]],"v":[[-227.773,-383.932],[-116.545,-285.75],[-145.454,481.932],[129.773,414.978],[14.773,-298.295]],"c":true}]},{"i":{"x":0.667,"y":1},"o":{"x":0.167,"y":0.167},"t":25,"s":[{"i":[[0,0],[-12.5,-90.909],[0,0],[0,0],[34.091,55.682]],"o":[[50.615,42.576],[12.5,90.909],[0,0],[0,0],[-34.091,-55.682]],"v":[[-89.773,-361.932],[-4.545,-143.75],[54.545,361.932],[89.773,334.978],[14.773,-298.295]],"c":true}]},{"t":50,"s":[{"i":[[0,0],[-17.188,-90.14],[0,0],[0,0],[34.091,55.682]],"o":[[50.615,42.576],[20.545,107.75],[0,0],[0,0],[-34.091,-55.682]],"v":[[-89.773,-369.932],[11.455,-235.75],[98.545,357.932],[133.773,330.978],[14.773,-306.295]],"c":true}]}],"ix":2},"nm":"Path 1","mn":"ADBE Vector Shape - Group","hd":false},{"ty":"gf","o":{"a":0,"k":70,"ix":10},"r":1,"bm":0,"g":{"p":3,"k":{"a":0,"k":[0,1,1,1,0.5,0.998,0.959,0.949,1,0.996,0.918,0.898,0,1,0.5,0.5,1,0],"ix":9}},"s":{"a":1,"k":[{"i":{"x":0.833,"y":0.833},"o":{"x":0.167,"y":0.167},"t":0,"s":[-456,-2],"to":[0,0],"ti":[0,0]},{"i":{"x":0.833,"y":0.833},"o":{"x":0.167,"y":0.167},"t":4,"s":[-212,-2],"to":[0,0],"ti":[0,0]},{"i":{"x":0.667,"y":1},"o":{"x":0.167,"y":0.167},"t":25,"s":[34,8],"to":[0,0],"ti":[0,0]},{"t":50,"s":[72,2]}],"ix":5},"e":{"a":1,"k":[{"i":{"x":0.833,"y":0.833},"o":{"x":0.167,"y":0.167},"t":4,"s":[308,0],"to":[0,0],"ti":[0,0]},{"t":25,"s":[100,0]}],"ix":6},"t":1,"nm":"Gradient Fill 1","mn":"ADBE Vector Graphic - G-Fill","hd":false},{"ty":"tr","p":{"a":0,"k":[0,0],"ix":2},"a":{"a":0,"k":[0,0],"ix":1},"s":{"a":0,"k":[100,100],"ix":3},"r":{"a":0,"k":0,"ix":6},"o":{"a":0,"k":100,"ix":7},"sk":{"a":0,"k":0,"ix":4},"sa":{"a":0,"k":0,"ix":5},"nm":"Transform"}],"nm":"Shape 1","np":3,"cix":2,"bm":0,"ix":1,"mn":"ADBE Vector Group","hd":false}],"ip":0,"op":50,"st":0,"bm":0},{"ddd":0,"ind":16,"ty":4,"nm":"Siren Capsule Base","sr":1,"ks":{"o":{"a":0,"k":100,"ix":11},"r":{"a":0,"k":0,"ix":10},"p":{"a":0,"k":[512,740.16,0],"ix":2,"l":2},"a":{"a":0,"k":[439.77,708.41,0],"ix":1,"l":2},"s":{"a":0,"k":[100,100,100],"ix":6,"l":2}},"ao":0,"shapes":[{"ty":"gr","it":[{"ind":0,"ty":"sh","ix":1,"ks":{"a":0,"k":{"i":[[0,36.8],[-197.36,0],[0,-36.8],[197.36,0]],"o":[[0,-36.8],[197.36,0],[0,36.8],[-197.36,0]],"v":[[-357.28,-3.04],[0,-69.68],[357.28,-3.04],[0,69.68]],"c":true},"ix":2},"nm":"Path 1","mn":"ADBE Vector Shape - Group","hd":false},{"ty":"fl","c":{"a":0,"k":[0.776000019148,0.156999999402,0.156999999402,1],"ix":4},"o":{"a":0,"k":90,"ix":5},"r":1,"bm":0,"nm":"Fill 1","mn":"ADBE Vector Graphic - Fill","hd":false},{"ty":"tr","p":{"a":0,"k":[439.77,708.41],"ix":2},"a":{"a":0,"k":[0,0],"ix":1},"s":{"a":0,"k":[100,100],"ix":3},"r":{"a":0,"k":0,"ix":6},"o":{"a":0,"k":100,"ix":7},"sk":{"a":0,"k":0,"ix":4},"sa":{"a":0,"k":0,"ix":5},"nm":"Transform"}],"nm":"Group 1","np":2,"cix":2,"bm":0,"ix":1,"mn":"ADBE Vector Group","hd":false}],"ip":0,"op":101,"st":0,"bm":0},{"ddd":0,"ind":17,"ty":4,"nm":"Siren Capsule","sr":1,"ks":{"o":{"a":0,"k":100,"ix":11},"r":{"a":0,"k":0,"ix":10},"p":{"a":0,"k":[512.04,414.08,0],"ix":2,"l":2},"a":{"a":0,"k":[439.81,382.33,0],"ix":1,"l":2},"s":{"a":0,"k":[100,100,100],"ix":6,"l":2}},"ao":0,"shapes":[{"ty":"gr","it":[{"ind":0,"ty":"sh","ix":1,"ks":{"a":0,"k":{"i":[[45.76,145.84],[171.92,0],[22.72,-72.4],[0,0],[-321.44,0],[0,0]],"o":[[-22.72,-72.4],[-171.92,0],[-45.76,145.84],[0,0],[321.44,0],[0,0]],"v":[[270.2,-283.52],[-0.12,-382.08],[-270.36,-283.52],[-357.24,322.16],[-0.04,382.08],[357.24,322.24]],"c":true},"ix":2},"nm":"Path 1","mn":"ADBE Vector Shape - Group","hd":false},{"ty":"fl","c":{"a":0,"k":[0.957000014361,0.263000009574,0.211999990426,1],"ix":4},"o":{"a":0,"k":100,"ix":5},"r":1,"bm":0,"nm":"Fill 1","mn":"ADBE Vector Graphic - Fill","hd":false},{"ty":"tr","p":{"a":0,"k":[439.81,382.33],"ix":2},"a":{"a":0,"k":[0,0],"ix":1},"s":{"a":0,"k":[100,100],"ix":3},"r":{"a":0,"k":0,"ix":6},"o":{"a":0,"k":100,"ix":7},"sk":{"a":0,"k":0,"ix":4},"sa":{"a":0,"k":0,"ix":5},"nm":"Transform"}],"nm":"Group 2","np":2,"cix":2,"bm":0,"ix":1,"mn":"ADBE Vector Group","hd":false}],"ip":0,"op":101,"st":0,"bm":0},{"ddd":0,"ind":18,"ty":4,"nm":"Siren Base Top matte 2","parent":22,"td":1,"sr":1,"ks":{"o":{"a":0,"k":100,"ix":11},"r":{"a":0,"k":0,"ix":10},"p":{"a":0,"k":[439.77,723.81,0],"ix":2,"l":2},"a":{"a":0,"k":[439.77,723.81,0],"ix":1,"l":2},"s":{"a":0,"k":[100,100,100],"ix":6,"l":2}},"ao":0,"shapes":[{"ty":"gr","it":[{"ind":0,"ty":"sh","ix":1,"ks":{"a":0,"k":{"i":[[0,46.96],[-228.88,0],[0,-46.96],[228.88,0]],"o":[[0,-46.96],[228.88,0],[0,46.96],[-228.88,0]],"v":[[-414.48,-3.88],[0,-88.92],[414.48,-3.88],[0,88.921]],"c":true},"ix":2},"nm":"Path 1","mn":"ADBE Vector Shape - Group","hd":false},{"ty":"fl","c":{"a":0,"k":[0.877999997606,0.877999997606,0.877999997606,1],"ix":4},"o":{"a":0,"k":100,"ix":5},"r":1,"bm":0,"nm":"Fill 1","mn":"ADBE Vector Graphic - Fill","hd":false},{"ty":"tr","p":{"a":0,"k":[439.77,723.81],"ix":2},"a":{"a":0,"k":[0,0],"ix":1},"s":{"a":0,"k":[100,100],"ix":3},"r":{"a":0,"k":0,"ix":6},"o":{"a":0,"k":100,"ix":7},"sk":{"a":0,"k":0,"ix":4},"sa":{"a":0,"k":0,"ix":5},"nm":"Transform"}],"nm":"Group 3","np":2,"cix":2,"bm":0,"ix":1,"mn":"ADBE Vector Group","hd":false}],"ip":0,"op":101,"st":0,"bm":0},{"ddd":0,"ind":19,"ty":4,"nm":"Siren Base Lighten 2","tt":1,"sr":1,"ks":{"o":{"a":0,"k":100,"ix":11},"r":{"a":0,"k":0,"ix":10},"p":{"a":0,"k":[512,747.84,0],"ix":2,"l":2},"a":{"a":0,"k":[0,235.84,0],"ix":1,"l":2},"s":{"a":0,"k":[-100,100,100],"ix":6,"l":2}},"ao":0,"shapes":[{"ty":"gr","it":[{"ind":0,"ty":"sh","ix":1,"ks":{"a":1,"k":[{"i":{"x":0.833,"y":0.833},"o":{"x":0.167,"y":0.167},"t":60,"s":[{"i":[[0,0],[0,0],[0,0],[0,0],[0,0]],"o":[[0,0],[0,0],[0,0],[0,0],[0,0]],"v":[[-6,236],[432.068,105.72],[378,66],[348,4],[-82,24]],"c":true}]},{"i":{"x":0.833,"y":0.833},"o":{"x":0.167,"y":0.167},"t":75,"s":[{"i":[[0,0],[0,0],[0,0],[0,0],[0,0]],"o":[[0,0],[0,0],[0,0],[0,0],[0,0]],"v":[[-6,236],[525.26,305.372],[602,298],[596,32],[8,-44]],"c":true}]},{"i":{"x":0.833,"y":0.833},"o":{"x":0.167,"y":0.167},"t":87,"s":[{"i":[[0,0],[0,0],[0,0],[0,0],[0,0]],"o":[[0,0],[0,0],[0,0],[0,0],[0,0]],"v":[[-16,212],[6.749,518.57],[94,550],[604,404],[392,82]],"c":true}]},{"t":100,"s":[{"i":[[0,0],[0,0],[0,0],[0,0],[0,0]],"o":[[0,0],[0,0],[0,0],[0,0],[0,0]],"v":[[-32,142],[-529.105,221.322],[-584,404],[604,404],[392,82]],"c":true}]}],"ix":2},"nm":"Path 1","mn":"ADBE Vector Shape - Group","hd":false},{"ty":"fl","c":{"a":0,"k":[0.878431372549,0.878431372549,0.878431372549,1],"ix":4},"o":{"a":0,"k":70,"ix":5},"r":1,"bm":0,"nm":"Fill 1","mn":"ADBE Vector Graphic - Fill","hd":false},{"ty":"tr","p":{"a":0,"k":[0,0],"ix":2},"a":{"a":0,"k":[0,0],"ix":1},"s":{"a":0,"k":[100,100],"ix":3},"r":{"a":0,"k":0,"ix":6},"o":{"a":0,"k":100,"ix":7},"sk":{"a":0,"k":0,"ix":4},"sa":{"a":0,"k":0,"ix":5},"nm":"Transform"}],"nm":"Shape 1","np":3,"cix":2,"bm":0,"ix":1,"mn":"ADBE Vector Group","hd":false}],"ip":50,"op":101,"st":0,"bm":0},{"ddd":0,"ind":20,"ty":4,"nm":"Siren Base Top matte","parent":22,"td":1,"sr":1,"ks":{"o":{"a":0,"k":100,"ix":11},"r":{"a":0,"k":0,"ix":10},"p":{"a":0,"k":[439.77,723.81,0],"ix":2,"l":2},"a":{"a":0,"k":[439.77,723.81,0],"ix":1,"l":2},"s":{"a":0,"k":[100,100,100],"ix":6,"l":2}},"ao":0,"shapes":[{"ty":"gr","it":[{"ind":0,"ty":"sh","ix":1,"ks":{"a":0,"k":{"i":[[0,46.96],[-228.88,0],[0,-46.96],[228.88,0]],"o":[[0,-46.96],[228.88,0],[0,46.96],[-228.88,0]],"v":[[-414.48,-3.88],[0,-88.92],[414.48,-3.88],[0,88.921]],"c":true},"ix":2},"nm":"Path 1","mn":"ADBE Vector Shape - Group","hd":false},{"ty":"fl","c":{"a":0,"k":[0.877999997606,0.877999997606,0.877999997606,1],"ix":4},"o":{"a":0,"k":100,"ix":5},"r":1,"bm":0,"nm":"Fill 1","mn":"ADBE Vector Graphic - Fill","hd":false},{"ty":"tr","p":{"a":0,"k":[439.77,723.81],"ix":2},"a":{"a":0,"k":[0,0],"ix":1},"s":{"a":0,"k":[100,100],"ix":3},"r":{"a":0,"k":0,"ix":6},"o":{"a":0,"k":100,"ix":7},"sk":{"a":0,"k":0,"ix":4},"sa":{"a":0,"k":0,"ix":5},"nm":"Transform"}],"nm":"Group 3","np":2,"cix":2,"bm":0,"ix":1,"mn":"ADBE Vector Group","hd":false}],"ip":0,"op":101,"st":0,"bm":0},{"ddd":0,"ind":21,"ty":4,"nm":"Siren Base Lighten","tt":1,"sr":1,"ks":{"o":{"a":0,"k":100,"ix":11},"r":{"a":0,"k":0,"ix":10},"p":{"a":0,"k":[512,747.84,0],"ix":2,"l":2},"a":{"a":0,"k":[0,235.84,0],"ix":1,"l":2},"s":{"a":0,"k":[100,100,100],"ix":6,"l":2}},"ao":0,"shapes":[{"ty":"gr","it":[{"ind":0,"ty":"sh","ix":1,"ks":{"a":1,"k":[{"i":{"x":0.833,"y":0.833},"o":{"x":0.167,"y":0.167},"t":0,"s":[{"i":[[0,0],[0,0],[0,0],[0,0],[0,0]],"o":[[0,0],[0,0],[0,0],[0,0],[0,0]],"v":[[-32,142],[-529.105,221.322],[-584,404],[604,404],[392,82]],"c":true}]},{"i":{"x":0.833,"y":0.833},"o":{"x":0.167,"y":0.167},"t":13,"s":[{"i":[[0,0],[0,0],[0,0],[0,0],[0,0]],"o":[[0,0],[0,0],[0,0],[0,0],[0,0]],"v":[[-16,212],[6.749,518.57],[94,550],[604,404],[392,82]],"c":true}]},{"i":{"x":0.833,"y":0.833},"o":{"x":0.167,"y":0.167},"t":25,"s":[{"i":[[0,0],[0,0],[0,0],[0,0],[0,0]],"o":[[0,0],[0,0],[0,0],[0,0],[0,0]],"v":[[-6,236],[525.26,305.372],[602,298],[596,32],[8,-44]],"c":true}]},{"t":40,"s":[{"i":[[0,0],[0,0],[0,0],[0,0],[0,0]],"o":[[0,0],[0,0],[0,0],[0,0],[0,0]],"v":[[-6,236],[432.068,105.72],[378,66],[348,4],[-82,24]],"c":true}]}],"ix":2},"nm":"Path 1","mn":"ADBE Vector Shape - Group","hd":false},{"ty":"fl","c":{"a":0,"k":[0.878431372549,0.878431372549,0.878431372549,1],"ix":4},"o":{"a":0,"k":70,"ix":5},"r":1,"bm":0,"nm":"Fill 1","mn":"ADBE Vector Graphic - Fill","hd":false},{"ty":"tr","p":{"a":0,"k":[0,0],"ix":2},"a":{"a":0,"k":[0,0],"ix":1},"s":{"a":0,"k":[100,100],"ix":3},"r":{"a":0,"k":0,"ix":6},"o":{"a":0,"k":100,"ix":7},"sk":{"a":0,"k":0,"ix":4},"sa":{"a":0,"k":0,"ix":5},"nm":"Transform"}],"nm":"Shape 1","np":3,"cix":2,"bm":0,"ix":1,"mn":"ADBE Vector Group","hd":false}],"ip":0,"op":50,"st":0,"bm":0},{"ddd":0,"ind":22,"ty":4,"nm":"Siren Base Top","sr":1,"ks":{"o":{"a":0,"k":100,"ix":11},"r":{"a":0,"k":0,"ix":10},"p":{"a":0,"k":[512,755.56,0],"ix":2,"l":2},"a":{"a":0,"k":[439.77,723.81,0],"ix":1,"l":2},"s":{"a":0,"k":[100,100,100],"ix":6,"l":2}},"ao":0,"shapes":[{"ty":"gr","it":[{"ind":0,"ty":"sh","ix":1,"ks":{"a":0,"k":{"i":[[0,46.96],[-228.88,0],[0,-46.96],[228.88,0]],"o":[[0,-46.96],[228.88,0],[0,46.96],[-228.88,0]],"v":[[-414.48,-3.88],[0,-88.92],[414.48,-3.88],[0,88.921]],"c":true},"ix":2},"nm":"Path 1","mn":"ADBE Vector Shape - Group","hd":false},{"ty":"fl","c":{"a":1,"k":[{"i":{"x":[0.833],"y":[1.196]},"o":{"x":[0.333],"y":[0]},"t":0,"s":[0.76862745098,0.819607843137,0.839215686275,1]},{"i":{"x":[0.667],"y":[1]},"o":{"x":[0.167],"y":[-0.196]},"t":20,"s":[0.694117665291,0.780392169952,0.815686285496,1]},{"i":{"x":[0.833],"y":[0.804]},"o":{"x":[0.333],"y":[0]},"t":50,"s":[0.61960786581,0.741176486015,0.792156875134,1]},{"i":{"x":[0.703],"y":[1]},"o":{"x":[0.167],"y":[0.196]},"t":80,"s":[0.694117665291,0.780392169952,0.815686285496,1]},{"t":100,"s":[0.76862745098,0.819607843137,0.839215686275,1]}],"ix":4},"o":{"a":0,"k":100,"ix":5},"r":1,"bm":0,"nm":"Fill 1","mn":"ADBE Vector Graphic - Fill","hd":false},{"ty":"tr","p":{"a":0,"k":[439.77,723.81],"ix":2},"a":{"a":0,"k":[0,0],"ix":1},"s":{"a":0,"k":[100,100],"ix":3},"r":{"a":0,"k":0,"ix":6},"o":{"a":0,"k":100,"ix":7},"sk":{"a":0,"k":0,"ix":4},"sa":{"a":0,"k":0,"ix":5},"nm":"Transform"}],"nm":"Group 3","np":2,"cix":2,"bm":0,"ix":1,"mn":"ADBE Vector Group","hd":false}],"ip":0,"op":101,"st":0,"bm":0},{"ddd":0,"ind":23,"ty":4,"nm":"Siren Base Sides","sr":1,"ks":{"o":{"a":0,"k":100,"ix":11},"r":{"a":0,"k":0,"ix":10},"p":{"a":0,"k":[512,869.92,0],"ix":2,"l":2},"a":{"a":0,"k":[439.77,838.17,0],"ix":1,"l":2},"s":{"a":0,"k":[100,100,100],"ix":6,"l":2}},"ao":0,"shapes":[{"ty":"gr","it":[{"ind":0,"ty":"sh","ix":1,"ks":{"a":0,"k":{"i":[[4.32,23.04],[0,0],[0,0],[4.32,-23.04],[-390.16,0]],"o":[[-4.32,-23.04],[0,0],[0,0],[-4.32,23.04],[390.16,0]],"v":[[435.2,28.4],[414.24,-122.08],[-414.24,-122.08],[-435.2,28.4],[0,122.08]],"c":true},"ix":2},"nm":"Path 1","mn":"ADBE Vector Shape - Group","hd":false},{"ty":"fl","c":{"a":0,"k":[0.510000011968,0.681999954523,0.752999997606,1],"ix":4},"o":{"a":0,"k":100,"ix":5},"r":1,"bm":0,"nm":"Fill 1","mn":"ADBE Vector Graphic - Fill","hd":false},{"ty":"tr","p":{"a":0,"k":[439.77,838.17],"ix":2},"a":{"a":0,"k":[0,0],"ix":1},"s":{"a":0,"k":[100,100],"ix":3},"r":{"a":0,"k":0,"ix":6},"o":{"a":0,"k":100,"ix":7},"sk":{"a":0,"k":0,"ix":4},"sa":{"a":0,"k":0,"ix":5},"nm":"Transform"}],"nm":"Group 4","np":2,"cix":2,"bm":0,"ix":1,"mn":"ADBE Vector Group","hd":false}],"ip":0,"op":101,"st":0,"bm":0},{"ddd":0,"ind":24,"ty":4,"nm":"light beam 2 back","parent":8,"sr":1,"ks":{"o":{"a":1,"k":[{"i":{"x":[0.5],"y":[1]},"o":{"x":[0.5],"y":[0]},"t":70,"s":[100]},{"t":80,"s":[0]}],"ix":11},"r":{"a":0,"k":0,"ix":10},"p":{"a":0,"k":[238.752,-68.147,0],"ix":2,"l":2},"a":{"a":0,"k":[273.498,279.548,0],"ix":1,"l":2},"s":{"a":0,"k":[100,100,100],"ix":6,"l":2}},"ao":0,"shapes":[{"ty":"gr","it":[{"ind":0,"ty":"sh","ix":1,"ks":{"a":1,"k":[{"i":{"x":0.833,"y":0.833},"o":{"x":0.167,"y":0.167},"t":50,"s":[{"i":[[-51.541,13.782],[0,0],[0,0],[81.778,27.628]],"o":[[62.46,-16.701],[0,0],[0,0],[-40.053,-13.533]],"v":[[-221.706,-121.591],[273.247,-439.773],[273.247,179.773],[-225.116,73.864]],"c":true}]},{"i":{"x":0.667,"y":1},"o":{"x":0.167,"y":0.167},"t":75,"s":[{"i":[[-51.541,13.782],[0,0],[0,0],[81.778,27.628]],"o":[[62.46,-16.701],[0,0],[0,0],[-40.053,-13.533]],"v":[[-285.706,-121.591],[273.247,-319.773],[273.247,219.773],[-289.116,73.864]],"c":true}]},{"i":{"x":0.833,"y":0.833},"o":{"x":0.333,"y":0},"t":80,"s":[{"i":[[-51.541,13.782],[0,0],[0,0],[81.778,27.628]],"o":[[62.46,-16.701],[0,0],[0,0],[-40.053,-13.533]],"v":[[-269.706,-121.591],[273.247,-239.773],[273.247,239.773],[-273.116,73.864]],"c":true}]},{"i":{"x":0.833,"y":0.833},"o":{"x":0.167,"y":0.167},"t":90,"s":[{"i":[[-108.279,13.781],[0,0],[0,0],[171.801,27.631]],"o":[[131.218,-16.701],[0,0],[0,0],[-84.144,-13.533]],"v":[[-236.473,-121.591],[273.247,-179.773],[273.247,159.773],[-243.635,73.864]],"c":true}]},{"t":100,"s":[{"i":[[-108.279,13.781],[0,0],[0,0],[171.801,27.631]],"o":[[131.218,-16.701],[0,0],[0,0],[-84.144,-13.533]],"v":[[-236.473,-121.591],[273.247,-179.773],[273.247,159.773],[-243.635,73.864]],"c":true}]}],"ix":2},"nm":"Path 1","mn":"ADBE Vector Shape - Group","hd":false},{"ty":"gf","o":{"a":0,"k":70,"ix":10},"r":1,"bm":0,"g":{"p":3,"k":{"a":0,"k":[0,0.996,0.918,0.898,0.5,0.996,0.918,0.898,1,0.996,0.918,0.898,0,1,0.5,0.5,1,0],"ix":9}},"s":{"a":1,"k":[{"i":{"x":0.667,"y":1},"o":{"x":0.167,"y":0.167},"t":50,"s":[-488,0],"to":[0,0],"ti":[0,0]},{"i":{"x":0.833,"y":0.833},"o":{"x":0.333,"y":0},"t":80,"s":[138,0],"to":[0,0],"ti":[0,0]},{"i":{"x":0.833,"y":0.833},"o":{"x":0.167,"y":0.167},"t":94,"s":[-214,0],"to":[0,0],"ti":[0,0]},{"t":100,"s":[-214,0]}],"ix":5},"e":{"a":1,"k":[{"i":{"x":0.667,"y":1},"o":{"x":0.167,"y":0.167},"t":50,"s":[4,0],"to":[0,0],"ti":[0,0]},{"i":{"x":0.833,"y":0.833},"o":{"x":0.333,"y":0},"t":80,"s":[272,0],"to":[0,0],"ti":[0,0]},{"i":{"x":0.833,"y":0.833},"o":{"x":0.167,"y":0.167},"t":94,"s":[-80,0],"to":[0,0],"ti":[0,0]},{"t":100,"s":[-80,0]}],"ix":6},"t":1,"nm":"Gradient Fill 1","mn":"ADBE Vector Graphic - G-Fill","hd":false},{"ty":"tr","p":{"a":0,"k":[273.497,283.49],"ix":2},"a":{"a":0,"k":[0,0],"ix":1},"s":{"a":0,"k":[100,100],"ix":3},"r":{"a":0,"k":0,"ix":6},"o":{"a":0,"k":100,"ix":7},"sk":{"a":0,"k":0,"ix":4},"sa":{"a":0,"k":0,"ix":5},"nm":"Transform"}],"nm":"Group 1","np":2,"cix":2,"bm":0,"ix":1,"mn":"ADBE Vector Group","hd":false},{"ty":"gr","it":[{"ind":0,"ty":"sh","ix":1,"ks":{"a":1,"k":[{"i":{"x":0.833,"y":0.833},"o":{"x":0.167,"y":0.167},"t":50,"s":[{"i":[[0,0],[0,0],[0,0],[0,0]],"o":[[0,0],[0,0],[0,0],[0,0]],"v":[[-255.98,-133.52],[-255.98,94.035],[255.98,219.298],[255.98,-479.298]],"c":true}]},{"i":{"x":0.667,"y":1},"o":{"x":0.167,"y":0.167},"t":75,"s":[{"i":[[0,0],[0,0],[0,0],[0,0]],"o":[[0,0],[0,0],[0,0],[0,0]],"v":[[-319.98,-133.52],[-319.98,94.035],[255.98,259.298],[255.98,-359.298]],"c":true}]},{"i":{"x":0.833,"y":0.833},"o":{"x":0.333,"y":0},"t":80,"s":[{"i":[[0,0],[0,0],[0,0],[0,0]],"o":[[0,0],[0,0],[0,0],[0,0]],"v":[[-303.98,-133.52],[-303.98,94.035],[255.98,279.298],[255.98,-279.298]],"c":true}]},{"i":{"x":0.833,"y":0.833},"o":{"x":0.167,"y":0.167},"t":90,"s":[{"i":[[0,0],[0,0],[0,0],[0,0]],"o":[[0,0],[0,0],[0,0],[0,0]],"v":[[-289.467,-133.52],[-289.467,94.035],[255.98,199.298],[255.98,-219.298]],"c":true}]},{"t":100,"s":[{"i":[[0,0],[0,0],[0,0],[0,0]],"o":[[0,0],[0,0],[0,0],[0,0]],"v":[[-289.467,-133.52],[-289.467,94.035],[255.98,199.298],[255.98,-219.298]],"c":true}]}],"ix":2},"nm":"Path 1","mn":"ADBE Vector Shape - Group","hd":false},{"ty":"gf","o":{"a":0,"k":70,"ix":10},"r":1,"bm":0,"g":{"p":3,"k":{"a":0,"k":[0,0.996,0.435,0.286,0.5,0.996,0.435,0.286,1,0.996,0.435,0.286,0,1,0.5,0.5,1,0],"ix":9}},"s":{"a":1,"k":[{"i":{"x":0.667,"y":1},"o":{"x":0.167,"y":0.167},"t":50,"s":[-510,0],"to":[0,0],"ti":[0,0]},{"i":{"x":0.833,"y":0.833},"o":{"x":0.333,"y":0},"t":80,"s":[66,0],"to":[0,0],"ti":[0,0]},{"i":{"x":0.833,"y":0.833},"o":{"x":0.167,"y":0.167},"t":94,"s":[-264,0],"to":[0,0],"ti":[0,0]},{"t":100,"s":[-264,0]}],"ix":5},"e":{"a":1,"k":[{"i":{"x":0.667,"y":1},"o":{"x":0.167,"y":0.167},"t":50,"s":[16,0],"to":[0,0],"ti":[0,0]},{"i":{"x":0.833,"y":0.833},"o":{"x":0.333,"y":0},"t":80,"s":[252,0],"to":[0,0],"ti":[0,0]},{"i":{"x":0.833,"y":0.833},"o":{"x":0.167,"y":0.167},"t":94,"s":[-8,0],"to":[0,0],"ti":[0,0]},{"t":100,"s":[-8,0]}],"ix":6},"t":1,"nm":"Gradient Fill 1","mn":"ADBE Vector Graphic - G-Fill","hd":false},{"ty":"tr","p":{"a":0,"k":[290.765,277.548],"ix":2},"a":{"a":0,"k":[0,0],"ix":1},"s":{"a":0,"k":[100,100],"ix":3},"r":{"a":0,"k":0,"ix":6},"o":{"a":0,"k":100,"ix":7},"sk":{"a":0,"k":0,"ix":4},"sa":{"a":0,"k":0,"ix":5},"nm":"Transform"}],"nm":"Group 2","np":2,"cix":2,"bm":0,"ix":2,"mn":"ADBE Vector Group","hd":false}],"ip":50,"op":100,"st":50,"bm":0},{"ddd":0,"ind":25,"ty":4,"nm":"light beam back","sr":1,"ks":{"o":{"a":1,"k":[{"i":{"x":[0.5],"y":[1]},"o":{"x":[0.5],"y":[0]},"t":20,"s":[0]},{"t":30,"s":[100]}],"ix":11},"r":{"a":0,"k":0,"ix":10},"p":{"a":0,"k":[750.752,443.853,0],"ix":2,"l":2},"a":{"a":0,"k":[273.498,279.548,0],"ix":1,"l":2},"s":{"a":0,"k":[100,100,100],"ix":6,"l":2}},"ao":0,"shapes":[{"ty":"gr","it":[{"ind":0,"ty":"sh","ix":1,"ks":{"a":1,"k":[{"i":{"x":0.833,"y":0.833},"o":{"x":0.167,"y":0.167},"t":0,"s":[{"i":[[-108.279,13.781],[0,0],[0,0],[171.801,27.631]],"o":[[131.218,-16.701],[0,0],[0,0],[-84.144,-13.533]],"v":[[-236.473,-121.591],[273.247,-179.773],[273.247,159.773],[-243.635,73.864]],"c":true}]},{"i":{"x":0.667,"y":1},"o":{"x":0.167,"y":0.167},"t":10,"s":[{"i":[[-108.279,13.781],[0,0],[0,0],[171.801,27.631]],"o":[[131.218,-16.701],[0,0],[0,0],[-84.144,-13.533]],"v":[[-236.473,-121.591],[273.247,-179.773],[273.247,159.773],[-243.635,73.864]],"c":true}]},{"i":{"x":0.833,"y":0.833},"o":{"x":0.333,"y":0},"t":20,"s":[{"i":[[-51.541,13.782],[0,0],[0,0],[81.778,27.628]],"o":[[62.46,-16.701],[0,0],[0,0],[-40.053,-13.533]],"v":[[-269.706,-121.591],[273.247,-239.773],[273.247,239.773],[-273.116,73.864]],"c":true}]},{"i":{"x":0.833,"y":0.833},"o":{"x":0.167,"y":0.167},"t":25,"s":[{"i":[[-51.541,13.782],[0,0],[0,0],[81.778,27.628]],"o":[[62.46,-16.701],[0,0],[0,0],[-40.053,-13.533]],"v":[[-285.706,-121.591],[273.247,-319.773],[273.247,219.773],[-289.116,73.864]],"c":true}]},{"t":50,"s":[{"i":[[-51.541,13.782],[0,0],[0,0],[81.778,27.628]],"o":[[62.46,-16.701],[0,0],[0,0],[-40.053,-13.533]],"v":[[-221.706,-121.591],[273.247,-439.773],[273.247,179.773],[-225.116,73.864]],"c":true}]}],"ix":2},"nm":"Path 1","mn":"ADBE Vector Shape - Group","hd":false},{"ty":"gf","o":{"a":0,"k":70,"ix":10},"r":1,"bm":0,"g":{"p":3,"k":{"a":0,"k":[0,0.996,0.918,0.898,0.5,0.996,0.918,0.898,1,0.996,0.918,0.898,0,1,0.5,0.5,1,0],"ix":9}},"s":{"a":1,"k":[{"i":{"x":0.833,"y":0.833},"o":{"x":0.167,"y":0.167},"t":0,"s":[-214,0],"to":[0,0],"ti":[0,0]},{"i":{"x":0.667,"y":1},"o":{"x":0.167,"y":0.167},"t":6,"s":[-214,0],"to":[0,0],"ti":[0,0]},{"i":{"x":0.833,"y":0.833},"o":{"x":0.333,"y":0},"t":20,"s":[138,0],"to":[0,0],"ti":[0,0]},{"t":50,"s":[-488,0]}],"ix":5},"e":{"a":1,"k":[{"i":{"x":0.833,"y":0.833},"o":{"x":0.167,"y":0.167},"t":0,"s":[-80,0],"to":[0,0],"ti":[0,0]},{"i":{"x":0.667,"y":1},"o":{"x":0.167,"y":0.167},"t":6,"s":[-80,0],"to":[0,0],"ti":[0,0]},{"i":{"x":0.833,"y":0.833},"o":{"x":0.333,"y":0},"t":20,"s":[272,0],"to":[0,0],"ti":[0,0]},{"t":50,"s":[4,0]}],"ix":6},"t":1,"nm":"Gradient Fill 1","mn":"ADBE Vector Graphic - G-Fill","hd":false},{"ty":"tr","p":{"a":0,"k":[273.497,283.49],"ix":2},"a":{"a":0,"k":[0,0],"ix":1},"s":{"a":0,"k":[100,100],"ix":3},"r":{"a":0,"k":0,"ix":6},"o":{"a":0,"k":100,"ix":7},"sk":{"a":0,"k":0,"ix":4},"sa":{"a":0,"k":0,"ix":5},"nm":"Transform"}],"nm":"Group 1","np":2,"cix":2,"bm":0,"ix":1,"mn":"ADBE Vector Group","hd":false},{"ty":"gr","it":[{"ind":0,"ty":"sh","ix":1,"ks":{"a":1,"k":[{"i":{"x":0.833,"y":0.833},"o":{"x":0.167,"y":0.167},"t":0,"s":[{"i":[[0,0],[0,0],[0,0],[0,0]],"o":[[0,0],[0,0],[0,0],[0,0]],"v":[[-289.467,-133.52],[-289.467,94.035],[255.98,199.298],[255.98,-219.298]],"c":true}]},{"i":{"x":0.667,"y":1},"o":{"x":0.167,"y":0.167},"t":10,"s":[{"i":[[0,0],[0,0],[0,0],[0,0]],"o":[[0,0],[0,0],[0,0],[0,0]],"v":[[-289.467,-133.52],[-289.467,94.035],[255.98,199.298],[255.98,-219.298]],"c":true}]},{"i":{"x":0.833,"y":0.833},"o":{"x":0.333,"y":0},"t":20,"s":[{"i":[[0,0],[0,0],[0,0],[0,0]],"o":[[0,0],[0,0],[0,0],[0,0]],"v":[[-303.98,-133.52],[-303.98,94.035],[255.98,279.298],[255.98,-279.298]],"c":true}]},{"i":{"x":0.833,"y":0.833},"o":{"x":0.167,"y":0.167},"t":25,"s":[{"i":[[0,0],[0,0],[0,0],[0,0]],"o":[[0,0],[0,0],[0,0],[0,0]],"v":[[-319.98,-133.52],[-319.98,94.035],[255.98,259.298],[255.98,-359.298]],"c":true}]},{"t":50,"s":[{"i":[[0,0],[0,0],[0,0],[0,0]],"o":[[0,0],[0,0],[0,0],[0,0]],"v":[[-255.98,-133.52],[-255.98,94.035],[255.98,219.298],[255.98,-479.298]],"c":true}]}],"ix":2},"nm":"Path 1","mn":"ADBE Vector Shape - Group","hd":false},{"ty":"gf","o":{"a":0,"k":70,"ix":10},"r":1,"bm":0,"g":{"p":3,"k":{"a":0,"k":[0,0.996,0.435,0.286,0.5,0.996,0.435,0.286,1,0.996,0.435,0.286,0,1,0.5,0.5,1,0],"ix":9}},"s":{"a":1,"k":[{"i":{"x":0.833,"y":0.833},"o":{"x":0.167,"y":0.167},"t":0,"s":[-264,0],"to":[0,0],"ti":[0,0]},{"i":{"x":0.667,"y":1},"o":{"x":0.167,"y":0.167},"t":6,"s":[-264,0],"to":[0,0],"ti":[0,0]},{"i":{"x":0.833,"y":0.833},"o":{"x":0.333,"y":0},"t":20,"s":[66,0],"to":[0,0],"ti":[0,0]},{"t":50,"s":[-510,0]}],"ix":5},"e":{"a":1,"k":[{"i":{"x":0.833,"y":0.833},"o":{"x":0.167,"y":0.167},"t":0,"s":[-8,0],"to":[0,0],"ti":[0,0]},{"i":{"x":0.667,"y":1},"o":{"x":0.167,"y":0.167},"t":6,"s":[-8,0],"to":[0,0],"ti":[0,0]},{"i":{"x":0.833,"y":0.833},"o":{"x":0.333,"y":0},"t":20,"s":[252,0],"to":[0,0],"ti":[0,0]},{"t":50,"s":[16,0]}],"ix":6},"t":1,"nm":"Gradient Fill 1","mn":"ADBE Vector Graphic - G-Fill","hd":false},{"ty":"tr","p":{"a":0,"k":[290.765,277.548],"ix":2},"a":{"a":0,"k":[0,0],"ix":1},"s":{"a":0,"k":[100,100],"ix":3},"r":{"a":0,"k":0,"ix":6},"o":{"a":0,"k":100,"ix":7},"sk":{"a":0,"k":0,"ix":4},"sa":{"a":0,"k":0,"ix":5},"nm":"Transform"}],"nm":"Group 2","np":2,"cix":2,"bm":0,"ix":2,"mn":"ADBE Vector Group","hd":false}],"ip":0,"op":50,"st":0,"bm":0}],"markers":[{"tm":100,"cm":"rest","dr":0}]}