{"v":"5.8.1","fr":60,"ip":0,"op":196,"w":1024,"h":1024,"nm":"emoji_rolling-eyes - 60 fps","ddd":0,"assets":[],"layers":[{"ddd":0,"ind":1,"ty":4,"nm":"blink eyes","parent":2,"sr":1,"ks":{"o":{"a":1,"k":[{"t":0,"s":[0],"h":1},{"t":12.5,"s":[100],"h":1},{"t":30,"s":[0],"h":1},{"t":165,"s":[100],"h":1},{"t":172.5,"s":[0],"h":1}],"ix":11},"r":{"a":0,"k":0,"ix":10},"p":{"a":0,"k":[-3,85,0],"ix":2,"l":2},"a":{"a":0,"k":[960,540,0],"ix":1,"l":2},"s":{"a":0,"k":[53,53,100],"ix":6,"l":2}},"ao":0,"shapes":[{"ty":"gr","it":[{"ind":0,"ty":"sh","ix":1,"ks":{"a":0,"k":{"i":[[0,0],[-34.174,-8.153],[-36.285,0.571],[-34.147,8.372],[-27.806,19.922],[0,0],[-10.342,-14.434],[4.884,-10.231],[19.12,-16.065],[22.282,-9.365],[46.866,-0.151],[44.837,18.821],[19.771,16.187],[10.198,24.88],[-16.295,6.679],[-8.798,-7.527]],"o":[[23.965,20.586],[34.19,7.632],[36.299,-0.56],[34.25,-8.593],[0,0],[14.433,-10.341],[7.07,9.868],[-11.168,23.248],[-19.496,15.7],[-44.517,19.107],[-46.858,-0.072],[-22.465,-9.126],[-19.444,-16.395],[-6.678,-16.295],[11.45,-4.692],[0,0]],"v":[[-195.5,-72.502],[-106.564,-31.251],[0.365,-20.783],[107.082,-34.025],[200.566,-74.873],[203.142,-76.718],[248.002,-69.307],[250.848,-36.66],[202.962,21.982],[139.875,59.765],[1.276,87.059],[-137.669,60.782],[-201.6,22.905],[-249.055,-39.031],[-231.643,-80.629],[-198.797,-75.342]],"c":true},"ix":2},"nm":"Path 1","mn":"ADBE Vector Shape - Group","hd":false},{"ty":"fl","c":{"a":0,"k":[0.258999992819,0.169000004787,0.051000000449,1],"ix":4},"o":{"a":0,"k":100,"ix":5},"r":1,"bm":0,"nm":"Fill 1","mn":"ADBE Vector Graphic - Fill","hd":false},{"ty":"tr","p":{"a":0,"k":[1301.995,538.483],"ix":2},"a":{"a":0,"k":[0,0],"ix":1},"s":{"a":0,"k":[100,100],"ix":3},"r":{"a":0,"k":0,"ix":6},"o":{"a":0,"k":100,"ix":7},"sk":{"a":0,"k":0,"ix":4},"sa":{"a":0,"k":0,"ix":5},"nm":"Transform"}],"nm":"Group 1","np":2,"cix":2,"bm":0,"ix":1,"mn":"ADBE Vector Group","hd":false},{"ty":"gr","it":[{"ind":0,"ty":"sh","ix":1,"ks":{"a":0,"k":{"i":[[0,0],[-34.174,-8.153],[-36.285,0.571],[-34.148,8.372],[-27.807,19.922],[0,0],[-10.342,-14.434],[4.885,-10.231],[19.12,-16.065],[22.282,-9.365],[46.866,-0.151],[44.837,18.821],[19.77,16.187],[10.197,24.88],[-16.296,6.679],[-8.798,-7.527]],"o":[[23.965,20.586],[34.19,7.632],[36.299,-0.56],[34.249,-8.593],[0,0],[14.434,-10.341],[7.07,9.868],[-11.168,23.248],[-19.496,15.7],[-44.516,19.107],[-46.859,-0.072],[-22.465,-9.126],[-19.444,-16.395],[-6.679,-16.295],[11.449,-4.692],[0,0]],"v":[[-195.5,-72.502],[-106.564,-31.251],[0.366,-20.783],[107.083,-34.025],[200.567,-74.873],[203.142,-76.718],[248.003,-69.307],[250.848,-36.66],[202.962,21.982],[139.875,59.765],[1.277,87.059],[-137.668,60.782],[-201.599,22.905],[-249.054,-39.031],[-231.642,-80.629],[-198.796,-75.342]],"c":true},"ix":2},"nm":"Path 1","mn":"ADBE Vector Shape - Group","hd":false},{"ty":"fl","c":{"a":0,"k":[0.258999992819,0.169000004787,0.051000000449,1],"ix":4},"o":{"a":0,"k":100,"ix":5},"r":1,"bm":0,"nm":"Fill 1","mn":"ADBE Vector Graphic - Fill","hd":false},{"ty":"tr","p":{"a":0,"k":[615.857,538.483],"ix":2},"a":{"a":0,"k":[0,0],"ix":1},"s":{"a":0,"k":[100,100],"ix":3},"r":{"a":0,"k":0,"ix":6},"o":{"a":0,"k":100,"ix":7},"sk":{"a":0,"k":0,"ix":4},"sa":{"a":0,"k":0,"ix":5},"nm":"Transform"}],"nm":"Group 2","np":2,"cix":2,"bm":0,"ix":2,"mn":"ADBE Vector Group","hd":false}],"ip":0,"op":197.5,"st":0,"bm":0},{"ddd":0,"ind":2,"ty":3,"nm":"Null Face","sr":1,"ks":{"o":{"a":0,"k":0,"ix":11},"r":{"a":0,"k":0,"ix":10},"p":{"s":true,"x":{"a":0,"k":512,"ix":3},"y":{"a":1,"k":[{"i":{"x":[0.667],"y":[1]},"o":{"x":[0.333],"y":[0]},"t":0,"s":[512]},{"i":{"x":[0.833],"y":[0.833]},"o":{"x":[0.363],"y":[0]},"t":17.5,"s":[558]},{"i":{"x":[0.51],"y":[1]},"o":{"x":[0.167],"y":[0.167]},"t":37.5,"s":[491.035]},{"i":{"x":[0.667],"y":[1]},"o":{"x":[0.5],"y":[0]},"t":62.5,"s":[472]},{"i":{"x":[0.667],"y":[1]},"o":{"x":[0.333],"y":[0]},"t":100,"s":[518]},{"t":112.5,"s":[512]}],"ix":4}},"a":{"a":0,"k":[0,0,0],"ix":1,"l":2},"s":{"a":0,"k":[100,100,100],"ix":6,"l":2}},"ao":0,"ip":0,"op":197.5,"st":0,"bm":0},{"ddd":0,"ind":3,"ty":4,"nm":"eyelids 2","parent":7,"sr":1,"ks":{"o":{"a":1,"k":[{"t":0,"s":[100],"h":1},{"t":12.5,"s":[0],"h":1},{"t":30,"s":[100],"h":1},{"t":165,"s":[0],"h":1},{"t":172.5,"s":[100],"h":1}],"ix":11},"r":{"a":0,"k":0,"ix":10},"p":{"s":true,"x":{"a":0,"k":21.914,"ix":3},"y":{"a":0,"k":18.25,"ix":4}},"a":{"a":0,"k":[-22.711,18,0],"ix":1,"l":2},"s":{"a":1,"k":[{"i":{"x":[0.704,0.704,0.704],"y":[1,1,1]},"o":{"x":[0.194,0.194,0.194],"y":[0.062,0.05,0]},"t":0,"s":[100,100,100]},{"i":{"x":[0.833,0.833,0.833],"y":[0.833,0.833,1]},"o":{"x":[0.333,0.333,0.333],"y":[0,0,0]},"t":12,"s":[95,83,100]},{"i":{"x":[0.833,0.833,0.833],"y":[0.833,0.833,0.833]},"o":{"x":[0.167,0.167,0.167],"y":[0.167,0.167,0.167]},"t":30,"s":[94,80,100]},{"i":{"x":[0.833,0.833,0.833],"y":[0.833,0.833,0.833]},"o":{"x":[0.167,0.167,0.167],"y":[0.167,0.167,0.167]},"t":37,"s":[100,100,100]},{"i":{"x":[0.833,0.833,0.833],"y":[0.833,0.833,0.833]},"o":{"x":[0.167,0.167,0.167],"y":[0.167,0.167,0.167]},"t":160,"s":[100,100,100]},{"i":{"x":[0.833,0.833,0.833],"y":[0.833,0.833,0.833]},"o":{"x":[0.167,0.167,0.167],"y":[0.167,0.167,0.167]},"t":164,"s":[94,80,100]},{"i":{"x":[0.833,0.833,0.833],"y":[0.833,0.833,0.833]},"o":{"x":[0.167,0.167,0.167],"y":[0.167,0.167,0.167]},"t":173,"s":[94,80,100]},{"t":177,"s":[100,100,100]}],"ix":6,"l":2}},"ao":0,"shapes":[{"ty":"gr","it":[{"ind":0,"ty":"sh","ix":1,"ks":{"a":0,"k":{"i":[[0,0],[-3.141,-2.83],[-1.854,-0.697],[-1.966,0.03],[-3,2.648],[-0.618,4.174],[0,0],[9.323,0],[0,9.298],[0,0.01]],"o":[[0.618,4.174],[1.49,1.304],[1.844,0.697],[4.003,0],[3.141,-2.83],[0,0],[0,9.298],[-9.323,0],[0,0],[0,0]],"v":[[-38.851,1.266],[-33.034,12.1],[-27.968,15.132],[-22.202,16.143],[-11.338,12.03],[-5.522,1.195],[-5.319,1.195],[-22.202,18.033],[-39.084,1.205],[-39.084,1.195]],"c":true},"ix":2},"nm":"Path 2","mn":"ADBE Vector Shape - Group","hd":false},{"ty":"fl","c":{"a":0,"k":[0.956862745098,0.635294117647,0.137254901961,1],"ix":4},"o":{"a":0,"k":100,"ix":5},"r":1,"bm":0,"nm":"Fill 1","mn":"ADBE Vector Graphic - Fill","hd":false},{"ty":"tr","p":{"a":0,"k":[-22.313,17.938],"ix":2},"a":{"a":0,"k":[-22.313,17.938],"ix":1},"s":{"a":0,"k":[100,100],"ix":3},"r":{"a":0,"k":0,"ix":6},"o":{"a":0,"k":100,"ix":7},"sk":{"a":0,"k":0,"ix":4},"sa":{"a":0,"k":0,"ix":5},"nm":"Transform"}],"nm":"Shape 2","np":3,"cix":2,"bm":0,"ix":1,"mn":"ADBE Vector Group","hd":false}],"ip":0,"op":197.5,"st":0,"bm":0},{"ddd":0,"ind":4,"ty":4,"nm":"eyelids","parent":7,"sr":1,"ks":{"o":{"a":1,"k":[{"t":0,"s":[100],"h":1},{"t":12.5,"s":[0],"h":1},{"t":30,"s":[100],"h":1},{"t":165,"s":[0],"h":1},{"t":172.5,"s":[100],"h":1}],"ix":11},"r":{"a":0,"k":0,"ix":10},"p":{"s":true,"x":{"a":0,"k":-22.711,"ix":3},"y":{"a":0,"k":18.25,"ix":4}},"a":{"a":0,"k":[-22.711,18,0],"ix":1,"l":2},"s":{"a":1,"k":[{"i":{"x":[0.704,0.704,0.704],"y":[1,1,1]},"o":{"x":[0.194,0.194,0.194],"y":[0.062,0.05,0]},"t":0,"s":[100,100,100]},{"i":{"x":[0.833,0.833,0.833],"y":[0.833,0.833,1]},"o":{"x":[0.333,0.333,0.333],"y":[0,0,0]},"t":12,"s":[95,83,100]},{"i":{"x":[0.833,0.833,0.833],"y":[0.833,0.833,0.833]},"o":{"x":[0.167,0.167,0.167],"y":[0.167,0.167,0.167]},"t":30,"s":[94,80,100]},{"i":{"x":[0.833,0.833,0.833],"y":[0.833,0.833,0.833]},"o":{"x":[0.167,0.167,0.167],"y":[0.167,0.167,0.167]},"t":37,"s":[100,100,100]},{"i":{"x":[0.833,0.833,0.833],"y":[0.833,0.833,0.833]},"o":{"x":[0.167,0.167,0.167],"y":[0.167,0.167,0.167]},"t":160,"s":[100,100,100]},{"i":{"x":[0.833,0.833,0.833],"y":[0.833,0.833,0.833]},"o":{"x":[0.167,0.167,0.167],"y":[0.167,0.167,0.167]},"t":164,"s":[94,80,100]},{"i":{"x":[0.833,0.833,0.833],"y":[0.833,0.833,0.833]},"o":{"x":[0.167,0.167,0.167],"y":[0.167,0.167,0.167]},"t":173,"s":[94,80,100]},{"t":177,"s":[100,100,100]}],"ix":6,"l":2}},"ao":0,"shapes":[{"ty":"gr","it":[{"ind":0,"ty":"sh","ix":1,"ks":{"a":0,"k":{"i":[[0,0],[-3.141,-2.83],[-1.854,-0.697],[-1.966,0.03],[-3,2.648],[-0.618,4.174],[0,0],[9.323,0],[0,9.298],[0,0.01]],"o":[[0.618,4.174],[1.49,1.304],[1.844,0.697],[4.003,0],[3.141,-2.83],[0,0],[0,9.298],[-9.323,0],[0,0],[0,0]],"v":[[-38.851,1.266],[-33.034,12.1],[-27.968,15.132],[-22.202,16.143],[-11.338,12.03],[-5.522,1.195],[-5.319,1.195],[-22.202,18.033],[-39.084,1.205],[-39.084,1.195]],"c":true},"ix":2},"nm":"Path 2","mn":"ADBE Vector Shape - Group","hd":false},{"ty":"fl","c":{"a":0,"k":[0.956862745098,0.635294117647,0.137254901961,1],"ix":4},"o":{"a":0,"k":100,"ix":5},"r":1,"bm":0,"nm":"Fill 1","mn":"ADBE Vector Graphic - Fill","hd":false},{"ty":"tr","p":{"a":0,"k":[-22.313,17.938],"ix":2},"a":{"a":0,"k":[-22.313,17.938],"ix":1},"s":{"a":0,"k":[100,100],"ix":3},"r":{"a":0,"k":0,"ix":6},"o":{"a":0,"k":100,"ix":7},"sk":{"a":0,"k":0,"ix":4},"sa":{"a":0,"k":0,"ix":5},"nm":"Transform"}],"nm":"Shape 2","np":3,"cix":2,"bm":0,"ix":1,"mn":"ADBE Vector Group","hd":false}],"ip":0,"op":197.5,"st":0,"bm":0},{"ddd":0,"ind":5,"ty":4,"nm":"eyes matte","parent":2,"td":1,"sr":1,"ks":{"o":{"a":1,"k":[{"t":0,"s":[100],"h":1},{"t":12.5,"s":[0],"h":1},{"t":30,"s":[100],"h":1},{"t":165,"s":[0],"h":1},{"t":172.5,"s":[100],"h":1}],"ix":11},"r":{"a":0,"k":0,"ix":10},"p":{"s":true,"x":{"a":0,"k":-4,"ix":3},"y":{"a":1,"k":[{"i":{"x":[0.667],"y":[1]},"o":{"x":[0.333],"y":[0]},"t":0,"s":[4]},{"i":{"x":[0.667],"y":[1]},"o":{"x":[0.333],"y":[0]},"t":17.5,"s":[10]},{"i":{"x":[0.833],"y":[0.833]},"o":{"x":[0.368],"y":[0]},"t":30,"s":[10]},{"i":{"x":[0.516],"y":[1]},"o":{"x":[0.167],"y":[0.167]},"t":37.5,"s":[-2.209]},{"i":{"x":[0.667],"y":[1]},"o":{"x":[0.5],"y":[0]},"t":62.5,"s":[-16]},{"i":{"x":[0.667],"y":[1]},"o":{"x":[0.333],"y":[0]},"t":100,"s":[10]},{"t":112.5,"s":[4]}],"ix":4}},"a":{"a":0,"k":[0.102,0,0],"ix":1,"l":2},"s":{"a":0,"k":[800,800,100],"ix":6,"l":2}},"ao":0,"shapes":[{"ty":"gr","it":[{"ind":0,"ty":"sh","ix":1,"ks":{"a":1,"k":[{"i":{"x":0.833,"y":0.833},"o":{"x":0.333,"y":0},"t":0,"s":[{"i":[[7.67,4.48],[0.33,0.16],[4.15,-8.35],[-8.35,-4.15],[-4.15,8.35]],"o":[[-0.34,-0.19],[-8.35,-4.15],[-4.15,8.35],[8.35,4.15],[3.95,-7.95]],"v":[[-13.685,-14.575],[-14.685,-15.115],[-37.315,-7.515],[-29.715,15.115],[-7.085,7.515]],"c":true}]},{"t":12.5,"s":[{"i":[[7.67,4.48],[0.33,0.16],[3.631,-8.588],[-8.35,-4.15],[-4.214,8.318]],"o":[[-0.34,-0.19],[-8.35,-4.15],[-1.083,2.562],[8.35,4.15],[1.187,-2.343]],"v":[[-13.685,-4.575],[-14.685,-5.115],[-37.315,2.485],[-29.715,15.115],[-7.085,7.515]],"c":true}],"h":1},{"i":{"x":0,"y":1},"o":{"x":0.167,"y":0.167},"t":27.5,"s":[{"i":[[7.67,4.48],[0.33,0.16],[3.631,-8.588],[-8.35,-4.15],[-4.214,8.318]],"o":[[-0.34,-0.19],[-8.35,-4.15],[-1.083,2.562],[8.35,4.15],[1.187,-2.343]],"v":[[-13.685,-4.575],[-14.685,-5.115],[-37.315,2.485],[-29.715,15.115],[-7.085,7.515]],"c":true}]},{"i":{"x":0.667,"y":1},"o":{"x":0.167,"y":0},"t":62.5,"s":[{"i":[[7.67,4.48],[0.33,0.16],[4.15,-8.35],[-8.35,-4.15],[-4.15,8.35]],"o":[[-0.34,-0.19],[-8.35,-4.15],[-4.15,8.35],[8.35,4.15],[3.95,-7.95]],"v":[[-13.685,-14.575],[-14.685,-15.115],[-37.315,-7.515],[-29.715,15.115],[-7.085,7.515]],"c":true}]},{"i":{"x":0.833,"y":0.833},"o":{"x":0.333,"y":0},"t":160,"s":[{"i":[[7.67,4.48],[0.33,0.16],[4.15,-8.35],[-8.35,-4.15],[-4.15,8.35]],"o":[[-0.34,-0.19],[-8.35,-4.15],[-4.15,8.35],[8.35,4.15],[3.95,-7.95]],"v":[[-13.685,-14.575],[-14.685,-15.115],[-37.315,-7.515],[-29.715,15.115],[-7.085,7.515]],"c":true}]},{"t":165,"s":[{"i":[[7.67,4.48],[0.33,0.16],[3.631,-8.588],[-8.35,-4.15],[-4.214,8.318]],"o":[[-0.34,-0.19],[-8.35,-4.15],[-1.083,2.562],[8.35,4.15],[1.187,-2.343]],"v":[[-13.685,-4.575],[-14.685,-5.115],[-37.315,2.485],[-29.715,15.115],[-7.085,7.515]],"c":true}],"h":1},{"i":{"x":0.667,"y":1},"o":{"x":0.167,"y":0.167},"t":172.5,"s":[{"i":[[7.67,4.48],[0.33,0.16],[3.631,-8.588],[-8.35,-4.15],[-4.214,8.318]],"o":[[-0.34,-0.19],[-8.35,-4.15],[-1.083,2.562],[8.35,4.15],[1.187,-2.343]],"v":[[-13.685,-4.575],[-14.685,-5.115],[-37.315,2.485],[-29.715,15.115],[-7.085,7.515]],"c":true}]},{"t":177.5,"s":[{"i":[[7.67,4.48],[0.33,0.16],[4.15,-8.35],[-8.35,-4.15],[-4.15,8.35]],"o":[[-0.34,-0.19],[-8.35,-4.15],[-4.15,8.35],[8.35,4.15],[3.95,-7.95]],"v":[[-13.685,-14.575],[-14.685,-15.115],[-37.315,-7.515],[-29.715,15.115],[-7.085,7.515]],"c":true}]}],"ix":2},"nm":"Path 1","mn":"ADBE Vector Shape - Group","hd":false},{"ind":1,"ty":"sh","ix":2,"ks":{"a":1,"k":[{"i":{"x":0.833,"y":0.833},"o":{"x":0.333,"y":0},"t":0,"s":[{"i":[[7.64,4.47],[0.32,0.16],[4.14,-8.31],[-8.31,-4.14],[-4.14,8.31]],"o":[[-0.34,-0.19],[-8.32,-4.14],[-4.14,8.32],[8.32,4.14],[3.94,-7.92]],"v":[[30.955,-14.575],[29.955,-15.115],[7.405,-7.545],[14.975,15.005],[37.525,7.435]],"c":true}]},{"t":12.5,"s":[{"i":[[7.64,4.47],[0.32,0.16],[4.356,-8.199],[-8.31,-4.14],[-4.696,8.009]],"o":[[-0.34,-0.19],[-8.32,-4.14],[-1.178,2.217],[8.32,4.14],[1.327,-2.263]],"v":[[30.955,-4.575],[29.955,-5.115],[7.405,2.455],[14.975,15.005],[37.525,7.435]],"c":true}],"h":1},{"i":{"x":0,"y":1},"o":{"x":0.167,"y":0.167},"t":27.5,"s":[{"i":[[7.64,4.47],[0.32,0.16],[4.356,-8.199],[-8.31,-4.14],[-4.696,8.009]],"o":[[-0.34,-0.19],[-8.32,-4.14],[-1.178,2.217],[8.32,4.14],[1.327,-2.263]],"v":[[30.955,-4.575],[29.955,-5.115],[7.405,2.455],[14.975,15.005],[37.525,7.435]],"c":true}]},{"i":{"x":0.667,"y":1},"o":{"x":0.167,"y":0},"t":62.5,"s":[{"i":[[7.64,4.47],[0.32,0.16],[4.14,-8.31],[-8.31,-4.14],[-4.14,8.31]],"o":[[-0.34,-0.19],[-8.32,-4.14],[-4.14,8.32],[8.32,4.14],[3.94,-7.92]],"v":[[30.955,-14.575],[29.955,-15.115],[7.405,-7.545],[14.975,15.005],[37.525,7.435]],"c":true}]},{"i":{"x":0.833,"y":0.833},"o":{"x":0.333,"y":0},"t":160,"s":[{"i":[[7.64,4.47],[0.32,0.16],[4.14,-8.31],[-8.31,-4.14],[-4.14,8.31]],"o":[[-0.34,-0.19],[-8.32,-4.14],[-4.14,8.32],[8.32,4.14],[3.94,-7.92]],"v":[[30.955,-14.575],[29.955,-15.115],[7.405,-7.545],[14.975,15.005],[37.525,7.435]],"c":true}]},{"t":165,"s":[{"i":[[7.64,4.47],[0.32,0.16],[4.356,-8.199],[-8.31,-4.14],[-4.696,8.009]],"o":[[-0.34,-0.19],[-8.32,-4.14],[-1.178,2.217],[8.32,4.14],[1.327,-2.263]],"v":[[30.955,-4.575],[29.955,-5.115],[7.405,2.455],[14.975,15.005],[37.525,7.435]],"c":true}],"h":1},{"i":{"x":0.667,"y":1},"o":{"x":0.167,"y":0.167},"t":172.5,"s":[{"i":[[7.64,4.47],[0.32,0.16],[4.356,-8.199],[-8.31,-4.14],[-4.696,8.009]],"o":[[-0.34,-0.19],[-8.32,-4.14],[-1.178,2.217],[8.32,4.14],[1.327,-2.263]],"v":[[30.955,-4.575],[29.955,-5.115],[7.405,2.455],[14.975,15.005],[37.525,7.435]],"c":true}]},{"t":177.5,"s":[{"i":[[7.64,4.47],[0.32,0.16],[4.14,-8.31],[-8.31,-4.14],[-4.14,8.31]],"o":[[-0.34,-0.19],[-8.32,-4.14],[-4.14,8.32],[8.32,4.14],[3.94,-7.92]],"v":[[30.955,-14.575],[29.955,-15.115],[7.405,-7.545],[14.975,15.005],[37.525,7.435]],"c":true}]}],"ix":2},"nm":"Path 4","mn":"ADBE Vector Shape - Group","hd":false},{"ty":"fl","c":{"a":0,"k":[1,1,1,1],"ix":4},"o":{"a":0,"k":100,"ix":5},"r":1,"bm":0,"nm":"Fill 1","mn":"ADBE Vector Graphic - Fill","hd":false},{"ty":"tr","p":{"a":0,"k":[0,0],"ix":2},"a":{"a":0,"k":[0,0],"ix":1},"s":{"a":0,"k":[100,100],"ix":3},"r":{"a":0,"k":0,"ix":6},"o":{"a":0,"k":100,"ix":7},"sk":{"a":0,"k":0,"ix":4},"sa":{"a":0,"k":0,"ix":5},"nm":"Transform"}],"nm":"Shape 1","np":4,"cix":2,"bm":0,"ix":1,"mn":"ADBE Vector Group","hd":false}],"ip":0,"op":197.5,"st":0,"bm":0},{"ddd":0,"ind":6,"ty":4,"nm":"pupils","parent":7,"tt":1,"sr":1,"ks":{"o":{"a":1,"k":[{"t":0,"s":[100],"h":1},{"t":12.5,"s":[0],"h":1},{"t":30,"s":[100],"h":1},{"t":165,"s":[0],"h":1},{"t":172.5,"s":[100],"h":1}],"ix":11},"r":{"a":0,"k":0,"ix":10},"p":{"a":1,"k":[{"i":{"x":0.833,"y":0.833},"o":{"x":0.333,"y":0},"t":0,"s":[10.602,0,0],"to":[0,0,0],"ti":[0,0,0]},{"i":{"x":0.833,"y":0.833},"o":{"x":0.167,"y":0.167},"t":12.5,"s":[4.852,8,0],"to":[0,0,0],"ti":[-0.075,4.386,0]},{"i":{"x":0.833,"y":0.833},"o":{"x":0.167,"y":0.167},"t":30,"s":[-4.348,-9.1,0],"to":[0.075,-4.386,0],"ti":[-5.477,-0.014,0]},{"i":{"x":0.833,"y":0.833},"o":{"x":0.333,"y":0},"t":63,"s":[2.5,-11.25,0],"to":[6.646,0.145,0],"ti":[-0.062,-5.608,0]},{"i":{"x":0.833,"y":0.833},"o":{"x":0.167,"y":0.167},"t":87.5,"s":[10.977,1.25,0],"to":[0.062,5.608,0],"ti":[3.076,0.003,0]},{"i":{"x":0,"y":1},"o":{"x":0.167,"y":0.167},"t":100,"s":[0.455,8.91,0],"to":[-3.076,-0.003,0],"ti":[0.125,6.438,0]},{"t":140,"s":[-9.398,1,0],"h":1},{"t":165,"s":[1.117,0.935,0],"h":1},{"i":{"x":0,"y":1},"o":{"x":0.167,"y":0.167},"t":172.5,"s":[9.492,1.373,0],"to":[0.67,-0.211,0],"ti":[0,0,0]},{"t":187.5,"s":[10.602,0,0]}],"ix":2,"l":2},"a":{"a":0,"k":[0,0,0],"ix":1,"l":2},"s":{"a":0,"k":[100,100,100],"ix":6,"l":2}},"ao":0,"shapes":[{"ty":"gr","it":[{"ind":0,"ty":"sh","ix":1,"ks":{"a":0,"k":{"i":[[-4.037,0],[0,-4.037],[4.037,0],[0,4.037]],"o":[[4.037,0],[0,4.037],[-4.037,0],[0,-4.037]],"v":[[-22.315,-7.31],[-15.005,0],[-22.315,7.31],[-29.625,0]],"c":true},"ix":2},"nm":"Path 1","mn":"ADBE Vector Shape - Group","hd":false},{"ind":1,"ty":"sh","ix":2,"ks":{"a":0,"k":{"i":[[-4.037,0],[0,-4.037],[4.037,0],[0,4.037]],"o":[[4.037,0],[0,4.037],[-4.037,0],[0,-4.037]],"v":[[22.315,-7.31],[29.625,0],[22.315,7.31],[15.005,0]],"c":true},"ix":2},"nm":"Path 2","mn":"ADBE Vector Shape - Group","hd":false},{"ty":"fl","c":{"a":0,"k":[0.258823529412,0.16862745098,0.050980392157,1],"ix":4},"o":{"a":0,"k":100,"ix":5},"r":1,"bm":0,"nm":"Fill 1","mn":"ADBE Vector Graphic - Fill","hd":false},{"ty":"tr","p":{"a":0,"k":[0,0],"ix":2},"a":{"a":0,"k":[0,0],"ix":1},"s":{"a":0,"k":[100,100],"ix":3},"r":{"a":0,"k":0,"ix":6},"o":{"a":0,"k":100,"ix":7},"sk":{"a":0,"k":0,"ix":4},"sa":{"a":0,"k":0,"ix":5},"nm":"Transform"}],"nm":"Shape 1","np":4,"cix":2,"bm":0,"ix":1,"mn":"ADBE Vector Group","hd":false}],"ip":0,"op":197.5,"st":0,"bm":0},{"ddd":0,"ind":7,"ty":4,"nm":"eyes","parent":2,"sr":1,"ks":{"o":{"a":1,"k":[{"t":0,"s":[100],"h":1},{"t":12.5,"s":[0],"h":1},{"t":30,"s":[100],"h":1},{"t":165,"s":[0],"h":1},{"t":172.5,"s":[100],"h":1}],"ix":11},"r":{"a":0,"k":0,"ix":10},"p":{"s":true,"x":{"a":0,"k":-4,"ix":3},"y":{"a":1,"k":[{"i":{"x":[0.667],"y":[1]},"o":{"x":[0.333],"y":[0]},"t":0,"s":[4]},{"i":{"x":[0.667],"y":[1]},"o":{"x":[0.333],"y":[0]},"t":17.5,"s":[10]},{"i":{"x":[0.833],"y":[0.833]},"o":{"x":[0.368],"y":[0]},"t":30,"s":[10]},{"i":{"x":[0.516],"y":[1]},"o":{"x":[0.167],"y":[0.167]},"t":37.5,"s":[-2.209]},{"i":{"x":[0.667],"y":[1]},"o":{"x":[0.5],"y":[0]},"t":62.5,"s":[-16]},{"i":{"x":[0.667],"y":[1]},"o":{"x":[0.333],"y":[0]},"t":100,"s":[10]},{"t":112.5,"s":[4]}],"ix":4}},"a":{"a":0,"k":[0.102,0,0],"ix":1,"l":2},"s":{"a":0,"k":[800,800,100],"ix":6,"l":2}},"ao":0,"shapes":[{"ty":"gr","it":[{"ind":0,"ty":"sh","ix":1,"ks":{"a":1,"k":[{"i":{"x":0.833,"y":0.833},"o":{"x":0.333,"y":0},"t":0,"s":[{"i":[[7.67,4.48],[0.33,0.16],[4.15,-8.35],[-8.35,-4.15],[-4.15,8.35]],"o":[[-0.34,-0.19],[-8.35,-4.15],[-4.15,8.35],[8.35,4.15],[3.95,-7.95]],"v":[[-13.685,-14.575],[-14.685,-15.115],[-37.315,-7.515],[-29.715,15.115],[-7.085,7.515]],"c":true}]},{"t":12.5,"s":[{"i":[[7.67,4.48],[0.33,0.16],[3.631,-8.588],[-8.35,-4.15],[-4.214,8.318]],"o":[[-0.34,-0.19],[-8.35,-4.15],[-1.083,2.562],[8.35,4.15],[1.187,-2.343]],"v":[[-13.685,-4.575],[-14.685,-5.115],[-37.315,2.485],[-29.715,15.115],[-7.085,7.515]],"c":true}],"h":1},{"i":{"x":0,"y":1},"o":{"x":0.167,"y":0.167},"t":27.5,"s":[{"i":[[7.67,4.48],[0.33,0.16],[3.631,-8.588],[-8.35,-4.15],[-4.214,8.318]],"o":[[-0.34,-0.19],[-8.35,-4.15],[-1.083,2.562],[8.35,4.15],[1.187,-2.343]],"v":[[-13.685,-4.575],[-14.685,-5.115],[-37.315,2.485],[-29.715,15.115],[-7.085,7.515]],"c":true}]},{"i":{"x":0.667,"y":1},"o":{"x":0.167,"y":0},"t":62.5,"s":[{"i":[[7.67,4.48],[0.33,0.16],[4.15,-8.35],[-8.35,-4.15],[-4.15,8.35]],"o":[[-0.34,-0.19],[-8.35,-4.15],[-4.15,8.35],[8.35,4.15],[3.95,-7.95]],"v":[[-13.685,-14.575],[-14.685,-15.115],[-37.315,-7.515],[-29.715,15.115],[-7.085,7.515]],"c":true}]},{"i":{"x":0.833,"y":0.833},"o":{"x":0.333,"y":0},"t":160,"s":[{"i":[[7.67,4.48],[0.33,0.16],[4.15,-8.35],[-8.35,-4.15],[-4.15,8.35]],"o":[[-0.34,-0.19],[-8.35,-4.15],[-4.15,8.35],[8.35,4.15],[3.95,-7.95]],"v":[[-13.685,-14.575],[-14.685,-15.115],[-37.315,-7.515],[-29.715,15.115],[-7.085,7.515]],"c":true}]},{"t":165,"s":[{"i":[[7.67,4.48],[0.33,0.16],[3.631,-8.588],[-8.35,-4.15],[-4.214,8.318]],"o":[[-0.34,-0.19],[-8.35,-4.15],[-1.083,2.562],[8.35,4.15],[1.187,-2.343]],"v":[[-13.685,-4.575],[-14.685,-5.115],[-37.315,2.485],[-29.715,15.115],[-7.085,7.515]],"c":true}],"h":1},{"i":{"x":0.667,"y":1},"o":{"x":0.167,"y":0.167},"t":172.5,"s":[{"i":[[7.67,4.48],[0.33,0.16],[3.631,-8.588],[-8.35,-4.15],[-4.214,8.318]],"o":[[-0.34,-0.19],[-8.35,-4.15],[-1.083,2.562],[8.35,4.15],[1.187,-2.343]],"v":[[-13.685,-4.575],[-14.685,-5.115],[-37.315,2.485],[-29.715,15.115],[-7.085,7.515]],"c":true}]},{"t":177.5,"s":[{"i":[[7.67,4.48],[0.33,0.16],[4.15,-8.35],[-8.35,-4.15],[-4.15,8.35]],"o":[[-0.34,-0.19],[-8.35,-4.15],[-4.15,8.35],[8.35,4.15],[3.95,-7.95]],"v":[[-13.685,-14.575],[-14.685,-15.115],[-37.315,-7.515],[-29.715,15.115],[-7.085,7.515]],"c":true}]}],"ix":2},"nm":"Path 1","mn":"ADBE Vector Shape - Group","hd":false},{"ind":1,"ty":"sh","ix":2,"ks":{"a":1,"k":[{"i":{"x":0.833,"y":0.833},"o":{"x":0.333,"y":0},"t":0,"s":[{"i":[[7.64,4.47],[0.32,0.16],[4.14,-8.31],[-8.31,-4.14],[-4.14,8.31]],"o":[[-0.34,-0.19],[-8.32,-4.14],[-4.14,8.32],[8.32,4.14],[3.94,-7.92]],"v":[[30.955,-14.575],[29.955,-15.115],[7.405,-7.545],[14.975,15.005],[37.525,7.435]],"c":true}]},{"t":12.5,"s":[{"i":[[7.64,4.47],[0.32,0.16],[4.356,-8.199],[-8.31,-4.14],[-4.696,8.009]],"o":[[-0.34,-0.19],[-8.32,-4.14],[-1.178,2.217],[8.32,4.14],[1.327,-2.263]],"v":[[30.955,-4.575],[29.955,-5.115],[7.405,2.455],[14.975,15.005],[37.525,7.435]],"c":true}],"h":1},{"i":{"x":0,"y":1},"o":{"x":0.167,"y":0.167},"t":27.5,"s":[{"i":[[7.64,4.47],[0.32,0.16],[4.356,-8.199],[-8.31,-4.14],[-4.696,8.009]],"o":[[-0.34,-0.19],[-8.32,-4.14],[-1.178,2.217],[8.32,4.14],[1.327,-2.263]],"v":[[30.955,-4.575],[29.955,-5.115],[7.405,2.455],[14.975,15.005],[37.525,7.435]],"c":true}]},{"i":{"x":0.667,"y":1},"o":{"x":0.167,"y":0},"t":62.5,"s":[{"i":[[7.64,4.47],[0.32,0.16],[4.14,-8.31],[-8.31,-4.14],[-4.14,8.31]],"o":[[-0.34,-0.19],[-8.32,-4.14],[-4.14,8.32],[8.32,4.14],[3.94,-7.92]],"v":[[30.955,-14.575],[29.955,-15.115],[7.405,-7.545],[14.975,15.005],[37.525,7.435]],"c":true}]},{"i":{"x":0.833,"y":0.833},"o":{"x":0.333,"y":0},"t":160,"s":[{"i":[[7.64,4.47],[0.32,0.16],[4.14,-8.31],[-8.31,-4.14],[-4.14,8.31]],"o":[[-0.34,-0.19],[-8.32,-4.14],[-4.14,8.32],[8.32,4.14],[3.94,-7.92]],"v":[[30.955,-14.575],[29.955,-15.115],[7.405,-7.545],[14.975,15.005],[37.525,7.435]],"c":true}]},{"t":165,"s":[{"i":[[7.64,4.47],[0.32,0.16],[4.356,-8.199],[-8.31,-4.14],[-4.696,8.009]],"o":[[-0.34,-0.19],[-8.32,-4.14],[-1.178,2.217],[8.32,4.14],[1.327,-2.263]],"v":[[30.955,-4.575],[29.955,-5.115],[7.405,2.455],[14.975,15.005],[37.525,7.435]],"c":true}],"h":1},{"i":{"x":0.667,"y":1},"o":{"x":0.167,"y":0.167},"t":172.5,"s":[{"i":[[7.64,4.47],[0.32,0.16],[4.356,-8.199],[-8.31,-4.14],[-4.696,8.009]],"o":[[-0.34,-0.19],[-8.32,-4.14],[-1.178,2.217],[8.32,4.14],[1.327,-2.263]],"v":[[30.955,-4.575],[29.955,-5.115],[7.405,2.455],[14.975,15.005],[37.525,7.435]],"c":true}]},{"t":177.5,"s":[{"i":[[7.64,4.47],[0.32,0.16],[4.14,-8.31],[-8.31,-4.14],[-4.14,8.31]],"o":[[-0.34,-0.19],[-8.32,-4.14],[-4.14,8.32],[8.32,4.14],[3.94,-7.92]],"v":[[30.955,-14.575],[29.955,-15.115],[7.405,-7.545],[14.975,15.005],[37.525,7.435]],"c":true}]}],"ix":2},"nm":"Path 4","mn":"ADBE Vector Shape - Group","hd":false},{"ty":"fl","c":{"a":0,"k":[1,1,1,1],"ix":4},"o":{"a":0,"k":100,"ix":5},"r":1,"bm":0,"nm":"Fill 1","mn":"ADBE Vector Graphic - Fill","hd":false},{"ty":"tr","p":{"a":0,"k":[0,0],"ix":2},"a":{"a":0,"k":[0,0],"ix":1},"s":{"a":0,"k":[100,100],"ix":3},"r":{"a":0,"k":0,"ix":6},"o":{"a":0,"k":100,"ix":7},"sk":{"a":0,"k":0,"ix":4},"sa":{"a":0,"k":0,"ix":5},"nm":"Transform"}],"nm":"Shape 1","np":4,"cix":2,"bm":0,"ix":1,"mn":"ADBE Vector Group","hd":false}],"ip":0,"op":197.5,"st":0,"bm":0},{"ddd":0,"ind":8,"ty":4,"nm":"mouth ","parent":2,"sr":1,"ks":{"o":{"a":0,"k":100,"ix":11},"r":{"a":0,"k":0,"ix":10},"p":{"a":0,"k":[2,288,0],"ix":2,"l":2},"a":{"a":0,"k":[0,0,0],"ix":1,"l":2},"s":{"a":0,"k":[800,800,100],"ix":6,"l":2}},"ao":0,"shapes":[{"ty":"gr","it":[{"ind":0,"ty":"sh","ix":1,"ks":{"a":1,"k":[{"i":{"x":0.667,"y":1},"o":{"x":0.333,"y":0},"t":0,"s":[{"i":[[2.21,0],[0,0],[0,2.21],[-2.21,0],[0,0],[0,-2.21]],"o":[[0,0],[-2.21,0],[0,-2.21],[0,0],[2.21,0],[0,2.21]],"v":[[-11.001,-8],[-33.001,-8],[-37.001,-12],[-33.001,-16],[-11.001,-16],[-7.001,-12]],"c":true}]},{"i":{"x":0.833,"y":0.833},"o":{"x":0.333,"y":0},"t":17.5,"s":[{"i":[[2.21,0],[0,0],[0,2.21],[-2.21,0],[0,0],[0,-2.21]],"o":[[0,0],[-2.21,0],[0,-2.21],[0,0],[2.21,0],[0,2.21]],"v":[[-16.001,-8],[-28.001,-8],[-32.001,-12],[-28.001,-16],[-16.001,-16],[-12.001,-12]],"c":true}]},{"i":{"x":0,"y":1},"o":{"x":0.167,"y":0.167},"t":27.5,"s":[{"i":[[2.21,0],[0,0],[0,2.21],[-2.21,0],[0,0],[0,-2.21]],"o":[[0,0],[-2.21,0],[0,-2.21],[0,0],[2.21,0],[0,2.21]],"v":[[-16.001,-8],[-28.001,-8],[-32.001,-12],[-28.001,-16],[-16.001,-16],[-12.001,-12]],"c":true}]},{"t":62.5,"s":[{"i":[[2.21,0],[0,0],[0,2.21],[-2.21,0],[0,0],[0,-2.21]],"o":[[0,0],[-2.21,0],[0,-2.21],[0,0],[2.21,0],[0,2.21]],"v":[[-11.001,-8],[-33.001,-8],[-37.001,-12],[-33.001,-16],[-11.001,-16],[-7.001,-12]],"c":true}]}],"ix":2},"nm":"Path 1","mn":"ADBE Vector Shape - Group","hd":false},{"ty":"fl","c":{"a":0,"k":[0.258999992819,0.169000004787,0.051000000449,1],"ix":4},"o":{"a":0,"k":100,"ix":5},"r":1,"bm":0,"nm":"Fill 1","mn":"ADBE Vector Graphic - Fill","hd":false},{"ty":"tr","p":{"a":0,"k":[22,12],"ix":2},"a":{"a":0,"k":[0,0],"ix":1},"s":{"a":0,"k":[100,100],"ix":3},"r":{"a":0,"k":0,"ix":6},"o":{"a":0,"k":100,"ix":7},"sk":{"a":0,"k":0,"ix":4},"sa":{"a":0,"k":0,"ix":5},"nm":"Transform"}],"nm":"Group 1","np":2,"cix":2,"bm":0,"ix":1,"mn":"ADBE Vector Group","hd":false}],"ip":0,"op":197.5,"st":0,"bm":0},{"ddd":0,"ind":9,"ty":4,"nm":"base matte","td":1,"sr":1,"ks":{"o":{"a":0,"k":100,"ix":11},"r":{"a":0,"k":0,"ix":10},"p":{"a":0,"k":[496,488,0],"ix":2,"l":2},"a":{"a":0,"k":[0,0,0],"ix":1,"l":2},"s":{"a":0,"k":[800,800,100],"ix":6,"l":2}},"ao":0,"shapes":[{"ty":"gr","it":[{"ind":0,"ty":"sh","ix":1,"ks":{"a":0,"k":{"i":[[15.4,0],[0,38.4],[-27.9,0],[-10.6,-9.3],[0,-16.9],[11.5,-10.2]],"o":[[-27.9,0],[0,-38.4],[15.5,0],[11.5,10.2],[0,16.9],[-10.6,9.3]],"v":[[0,55.9],[-58,0],[0,-55.9],[40.4,-41.5],[58,0],[40.4,41.4]],"c":true},"ix":2},"nm":"Path 1","mn":"ADBE Vector Shape - Group","hd":false},{"ty":"gf","o":{"a":0,"k":100,"ix":10},"r":1,"bm":0,"g":{"p":5,"k":{"a":0,"k":[0.48,0.992,0.878,0.188,0.691,0.98,0.816,0.178,0.902,0.969,0.753,0.169,0.966,0.963,0.694,0.153,1,0.957,0.635,0.137],"ix":9}},"s":{"a":0,"k":[0.75,-4.5],"ix":5},"e":{"a":0,"k":[42.975,-43.75],"ix":6},"t":2,"h":{"a":0,"k":0,"ix":7},"a":{"a":0,"k":0,"ix":8},"nm":"Gradient Fill 1","mn":"ADBE Vector Graphic - G-Fill","hd":false},{"ty":"tr","p":{"a":0,"k":[0,0],"ix":2},"a":{"a":0,"k":[0,0],"ix":1},"s":{"a":0,"k":[100,100],"ix":3},"r":{"a":0,"k":0,"ix":6},"o":{"a":0,"k":100,"ix":7},"sk":{"a":0,"k":0,"ix":4},"sa":{"a":0,"k":0,"ix":5},"nm":"Transform"}],"nm":"Group 1","np":2,"cix":2,"bm":0,"ix":1,"mn":"ADBE Vector Group","hd":false}],"ip":0,"op":197.5,"st":0,"bm":0},{"ddd":0,"ind":10,"ty":4,"nm":"base shadow","tt":2,"sr":1,"ks":{"o":{"a":0,"k":100,"ix":11},"r":{"a":0,"k":0,"ix":10},"p":{"a":0,"k":[512,512,0],"ix":2,"l":2},"a":{"a":0,"k":[0,0,0],"ix":1,"l":2},"s":{"a":0,"k":[800,800,100],"ix":6,"l":2}},"ao":0,"shapes":[{"ty":"gr","it":[{"ind":0,"ty":"sh","ix":1,"ks":{"a":0,"k":{"i":[[15.4,0],[0,38.4],[-27.9,0],[-10.6,-9.3],[0,-16.9],[11.5,-10.2]],"o":[[-27.9,0],[0,-38.4],[15.5,0],[11.5,10.2],[0,16.9],[-10.6,9.3]],"v":[[0,55.9],[-58,0],[0,-55.9],[40.4,-41.5],[58,0],[40.4,41.4]],"c":true},"ix":2},"nm":"Path 1","mn":"ADBE Vector Shape - Group","hd":false},{"ty":"fl","c":{"a":0,"k":[0.921568627451,0.560784313725,0,1],"ix":4},"o":{"a":0,"k":100,"ix":5},"r":1,"bm":0,"nm":"Fill 1","mn":"ADBE Vector Graphic - Fill","hd":false},{"ty":"tr","p":{"a":0,"k":[0,0],"ix":2},"a":{"a":0,"k":[0,0],"ix":1},"s":{"a":0,"k":[100,100],"ix":3},"r":{"a":0,"k":0,"ix":6},"o":{"a":0,"k":100,"ix":7},"sk":{"a":0,"k":0,"ix":4},"sa":{"a":0,"k":0,"ix":5},"nm":"Transform"}],"nm":"Group 1","np":2,"cix":2,"bm":0,"ix":1,"mn":"ADBE Vector Group","hd":false}],"ip":0,"op":197.5,"st":0,"bm":0},{"ddd":0,"ind":11,"ty":4,"nm":"base","sr":1,"ks":{"o":{"a":0,"k":100,"ix":11},"r":{"a":0,"k":0,"ix":10},"p":{"a":0,"k":[512,512,0],"ix":2,"l":2},"a":{"a":0,"k":[0,0,0],"ix":1,"l":2},"s":{"a":0,"k":[800,800,100],"ix":6,"l":2}},"ao":0,"shapes":[{"ty":"gr","it":[{"ind":0,"ty":"sh","ix":1,"ks":{"a":0,"k":{"i":[[15.4,0],[0,38.4],[-27.9,0],[-10.6,-9.3],[0,-16.9],[11.5,-10.2]],"o":[[-27.9,0],[0,-38.4],[15.5,0],[11.5,10.2],[0,16.9],[-10.6,9.3]],"v":[[0,55.9],[-58,0],[0,-55.9],[40.4,-41.5],[58,0],[40.4,41.4]],"c":true},"ix":2},"nm":"Path 1","mn":"ADBE Vector Shape - Group","hd":false},{"ty":"gf","o":{"a":0,"k":100,"ix":10},"r":1,"bm":0,"g":{"p":5,"k":{"a":0,"k":[0.48,0.992,0.878,0.188,0.691,0.98,0.816,0.178,0.902,0.969,0.753,0.169,0.966,0.963,0.694,0.153,1,0.957,0.635,0.137],"ix":9}},"s":{"a":0,"k":[0,0],"ix":5},"e":{"a":0,"k":[56.225,0],"ix":6},"t":2,"h":{"a":0,"k":0,"ix":7},"a":{"a":0,"k":0,"ix":8},"nm":"Gradient Fill 1","mn":"ADBE Vector Graphic - G-Fill","hd":false},{"ty":"tr","p":{"a":0,"k":[0,0],"ix":2},"a":{"a":0,"k":[0,0],"ix":1},"s":{"a":0,"k":[100,100],"ix":3},"r":{"a":0,"k":0,"ix":6},"o":{"a":0,"k":100,"ix":7},"sk":{"a":0,"k":0,"ix":4},"sa":{"a":0,"k":0,"ix":5},"nm":"Transform"}],"nm":"Group 1","np":2,"cix":2,"bm":0,"ix":1,"mn":"ADBE Vector Group","hd":false}],"ip":0,"op":197.5,"st":0,"bm":0}],"markers":[{"tm":56,"cm":"rest","dr":0}]}