{"v":"5.8.1","fr":60,"ip":0,"op":140,"w":1024,"h":1024,"nm":"emoji_Grinning face","ddd":0,"assets":[],"layers":[{"ddd":0,"ind":1,"ty":3,"nm":"Null ALL","sr":1,"ks":{"o":{"a":0,"k":0,"ix":11},"r":{"a":0,"k":0,"ix":10},"p":{"s":true,"x":{"a":0,"k":512,"ix":3},"y":{"a":1,"k":[{"i":{"x":[0],"y":[1]},"o":{"x":[0.333],"y":[0]},"t":4,"s":[512]},{"i":{"x":[0.667],"y":[1]},"o":{"x":[1],"y":[0]},"t":15,"s":[538]},{"i":{"x":[0.833],"y":[1]},"o":{"x":[0.378],"y":[0]},"t":32,"s":[496]},{"i":{"x":[0.833],"y":[1]},"o":{"x":[0.167],"y":[0]},"t":46,"s":[518]},{"i":{"x":[0.833],"y":[1]},"o":{"x":[0.167],"y":[0]},"t":60,"s":[512]},{"i":{"x":[0.833],"y":[1]},"o":{"x":[0.167],"y":[0]},"t":116,"s":[512]},{"i":{"x":[0.833],"y":[1]},"o":{"x":[0.167],"y":[0]},"t":122,"s":[518]},{"i":{"x":[0.833],"y":[1]},"o":{"x":[0.167],"y":[0]},"t":130,"s":[510]},{"t":135,"s":[512]}],"ix":4}},"a":{"a":0,"k":[0,0,0],"ix":1,"l":2},"s":{"a":0,"k":[100,100,100],"ix":6,"l":2}},"ao":0,"ip":0,"op":140,"st":0,"bm":0},{"ddd":0,"ind":2,"ty":3,"nm":"Null Face","parent":1,"sr":1,"ks":{"o":{"a":0,"k":100,"ix":11},"r":{"a":0,"k":0,"ix":10},"p":{"a":1,"k":[{"i":{"x":0,"y":1},"o":{"x":0.333,"y":0},"t":5,"s":[0,0,0],"to":[0,13,0],"ti":[0,2.667,0]},{"i":{"x":0.667,"y":1},"o":{"x":1,"y":0},"t":16,"s":[0,78,0],"to":[0,-2.667,0],"ti":[0,11.667,0]},{"i":{"x":0.667,"y":1},"o":{"x":0.378,"y":0},"t":33,"s":[0,-16,0],"to":[0,-11.667,0],"ti":[0,-2,0]},{"i":{"x":0.667,"y":1},"o":{"x":0.167,"y":0},"t":47,"s":[0,8,0],"to":[0,2,0],"ti":[0,1.333,0]},{"i":{"x":0.667,"y":1},"o":{"x":0.167,"y":0},"t":61,"s":[0,-4,0],"to":[0,-1.333,0],"ti":[0,-0.667,0]},{"i":{"x":0.667,"y":0.667},"o":{"x":0.167,"y":0.167},"t":72,"s":[0,0,0],"to":[0,0,0],"ti":[0,0,0]},{"i":{"x":0.571,"y":1},"o":{"x":0.191,"y":0},"t":116,"s":[0,0,0],"to":[0,0,0],"ti":[0,0,0]},{"i":{"x":0.704,"y":1},"o":{"x":0.332,"y":0},"t":122,"s":[0,34,0],"to":[0,0,0],"ti":[0,0,0]},{"i":{"x":0.704,"y":1},"o":{"x":0.167,"y":0},"t":131,"s":[0,-10,0],"to":[0,0,0],"ti":[0,0,0]},{"t":137,"s":[0,0,0]}],"ix":2,"l":2},"a":{"a":0,"k":[512,512,0],"ix":1,"l":2},"s":{"a":0,"k":[100,100,100],"ix":6,"l":2}},"ao":0,"ip":0,"op":140,"st":0,"bm":0},{"ddd":0,"ind":3,"ty":4,"nm":"mouth matte","parent":2,"td":1,"sr":1,"ks":{"o":{"a":0,"k":100,"ix":11},"r":{"a":0,"k":0,"ix":10},"p":{"a":1,"k":[{"i":{"x":0.667,"y":1},"o":{"x":0.167,"y":0.167},"t":33,"s":[511.782,661.464,0],"to":[0,4.333,0],"ti":[0,-4.333,0]},{"i":{"x":0.667,"y":0.667},"o":{"x":0.333,"y":0.333},"t":40,"s":[511.782,687.464,0],"to":[0,0,0],"ti":[0,0,0]},{"i":{"x":0.833,"y":0.833},"o":{"x":0.333,"y":0},"t":115,"s":[511.782,687.464,0],"to":[0,0,0],"ti":[0,0,0]},{"t":121,"s":[511.782,665.464,0]}],"ix":2,"l":2},"a":{"a":0,"k":[317.839,135.465,0],"ix":1,"l":2},"s":{"a":1,"k":[{"i":{"x":[0,0,0.667],"y":[1,1,1]},"o":{"x":[0.167,0.167,0.167],"y":[0.167,0.167,0.24]},"t":33,"s":[65,65,100]},{"i":{"x":[0.662,0.662,0.662],"y":[1,1,1]},"o":{"x":[0.328,0.328,0.328],"y":[0,0,0]},"t":40,"s":[103,103,100]},{"i":{"x":[0.833,0.833,0.833],"y":[1,1,1]},"o":{"x":[0.344,0.344,0.344],"y":[0,0,0]},"t":44,"s":[100,100,100]},{"i":{"x":[0.833,0.833,0.833],"y":[0.833,0.833,1.238]},"o":{"x":[1,1,0.167],"y":[0,0,0]},"t":115,"s":[100,100,100]},{"t":121,"s":[69,69,100]}],"ix":6,"l":2}},"ao":0,"shapes":[{"ty":"gr","it":[{"ind":0,"ty":"sh","ix":1,"ks":{"a":0,"k":{"i":[[10.77,19.955],[21.54,-8.077],[84.575,0.395],[81.248,23.678],[11.086,-19.955],[-9.106,-19.877],[-4.989,-8.473],[-14.413,17.896],[-9.028,0.474],[-3.564,-1.11],[-86.237,0.159],[0,0],[-82.673,24.31],[-3.722,0],[-4.91,-7.602],[0,0],[-4.117,9.027]],"o":[[-11.245,-20.035],[-81.248,23.678],[-84.653,0.395],[-21.302,-8.077],[-10.77,19.877],[4.039,8.948],[0,0],[4.909,-7.602],[3.721,0],[82.673,24.31],[0,0],[86.237,0.159],[3.563,-1.11],[9.028,0.474],[14.651,17.896],[4.91,-8.474],[9.028,-19.877]],"v":[[306.819,-30.053],[249.882,-50.88],[-0.198,-15.798],[-250.356,-50.88],[-306.819,-30.29],[-300.721,32.508],[-287.179,58.719],[-289.397,-20.787],[-267.223,-33.615],[-256.296,-31.873],[-1.623,4.553],[1.148,4.553],[255.82,-31.873],[266.749,-33.615],[289.001,-20.787],[286.783,58.956],[300.72,32.745]],"c":true},"ix":2},"nm":"Path 1","mn":"ADBE Vector Shape - Group","hd":false},{"ty":"fl","c":{"a":0,"k":[0.922000002394,0.560999971278,0,1],"ix":4},"o":{"a":0,"k":100,"ix":5},"r":1,"bm":0,"nm":"Fill 1","mn":"ADBE Vector Graphic - Fill","hd":false},{"ty":"tr","p":{"a":0,"k":[317.839,59.286],"ix":2},"a":{"a":0,"k":[0,0],"ix":1},"s":{"a":0,"k":[100,100],"ix":3},"r":{"a":0,"k":0,"ix":6},"o":{"a":0,"k":100,"ix":7},"sk":{"a":0,"k":0,"ix":4},"sa":{"a":0,"k":0,"ix":5},"nm":"Transform"}],"nm":"Group 1","np":2,"cix":2,"bm":0,"ix":1,"mn":"ADBE Vector Group","hd":false},{"ty":"gr","it":[{"ind":0,"ty":"sh","ix":1,"ks":{"a":0,"k":{"i":[[21.381,-8.156],[84.654,0.396],[81.248,23.678],[11.086,-19.955],[0.792,-3.247],[-3.563,-1.426],[-106.588,1.266],[-92.334,43.871],[-2.771,1.426],[2.455,4.594]],"o":[[-81.248,23.678],[-84.653,0.396],[-21.302,-8.077],[-1.584,3.01],[2.613,1.346],[95.344,47.751],[102.234,1.187],[3.723,-1.583],[-0.633,-5.147],[-11.086,-19.955]],"v":[[249.565,-48.979],[-0.594,-13.897],[-250.752,-48.979],[-307.214,-28.389],[-310.857,-18.966],[-301.671,-14.848],[5.662,55.868],[301.275,-9.068],[310.857,-13.582],[306.106,-28.389]],"c":true},"ix":2},"nm":"Path 1","mn":"ADBE Vector Shape - Group","hd":false},{"ty":"fl","c":{"a":0,"k":[1,1,1,1],"ix":4},"o":{"a":0,"k":100,"ix":5},"r":1,"bm":0,"nm":"Fill 1","mn":"ADBE Vector Graphic - Fill","hd":false},{"ty":"tr","p":{"a":0,"k":[318.234,57.385],"ix":2},"a":{"a":0,"k":[0,0],"ix":1},"s":{"a":0,"k":[100,100],"ix":3},"r":{"a":0,"k":0,"ix":6},"o":{"a":0,"k":100,"ix":7},"sk":{"a":0,"k":0,"ix":4},"sa":{"a":0,"k":0,"ix":5},"nm":"Transform"}],"nm":"Group 2","np":2,"cix":2,"bm":0,"ix":2,"mn":"ADBE Vector Group","hd":false},{"ty":"gr","it":[{"ind":0,"ty":"sh","ix":1,"ks":{"a":0,"k":{"i":[[10.77,19.876],[21.381,-8.077],[84.654,0.396],[81.248,23.678],[11.086,-19.955],[-9.107,-19.877],[-136.998,-0.395],[0,0],[-50.918,111.656]],"o":[[-11.086,-20.035],[-81.248,23.678],[-84.653,0.396],[-21.302,-8.077],[-10.77,19.877],[50.84,111.656],[0,0],[136.997,0],[9.028,-20.035]],"v":[[306.66,-106.351],[250.119,-127.098],[-0.04,-92.018],[-250.198,-127.098],[-306.66,-106.51],[-300.563,-43.712],[-0.673,135.175],[0.594,135.175],[300.562,-43.712]],"c":true},"ix":2},"nm":"Path 1","mn":"ADBE Vector Shape - Group","hd":false},{"ty":"fl","c":{"a":0,"k":[0.258999992819,0.169000004787,0.051000000449,1],"ix":4},"o":{"a":0,"k":100,"ix":5},"r":1,"bm":0,"nm":"Fill 1","mn":"ADBE Vector Graphic - Fill","hd":false},{"ty":"tr","p":{"a":0,"k":[317.68,135.505],"ix":2},"a":{"a":0,"k":[0,0],"ix":1},"s":{"a":0,"k":[100,100],"ix":3},"r":{"a":0,"k":0,"ix":6},"o":{"a":0,"k":100,"ix":7},"sk":{"a":0,"k":0,"ix":4},"sa":{"a":0,"k":0,"ix":5},"nm":"Transform"}],"nm":"Group 3","np":2,"cix":2,"bm":0,"ix":3,"mn":"ADBE Vector Group","hd":false}],"ip":33,"op":122,"st":33,"bm":0},{"ddd":0,"ind":4,"ty":4,"nm":"Tongue 2","parent":2,"tt":1,"sr":1,"ks":{"o":{"a":0,"k":100,"ix":11},"r":{"a":0,"k":0,"ix":10},"p":{"a":1,"k":[{"i":{"x":0,"y":1},"o":{"x":0.167,"y":0.167},"t":33,"s":[509.208,745.62,0],"to":[0,6,0],"ti":[0,-6,0]},{"t":61,"s":[509.208,781.62,0]}],"ix":2,"l":2},"a":{"a":0,"k":[134.871,42.339,0],"ix":1,"l":2},"s":{"a":0,"k":[100,100,100],"ix":6,"l":2}},"ao":0,"shapes":[{"ty":"gr","it":[{"ind":0,"ty":"sh","ix":1,"ks":{"a":0,"k":{"i":[[2.059,2.692],[3.009,2.772],[43.079,-0.871],[34.606,-27.716],[2.93,-3.088],[1.901,-2.614],[-46.801,0.237],[0,0],[55.67,56.285]],"o":[[-2.93,-2.692],[-32.309,-28.43],[-44.346,-0.713],[-3.009,2.455],[-2.929,3.088],[-52.087,68.027],[0,0],[44.821,0],[-1.584,-3.009]],"v":[[129.158,9.543],[120.209,1.624],[3.01,-41.218],[-119.1,0.515],[-128.207,8.434],[-134.621,16.353],[-6.861,172.852],[-5.595,172.852],[148.871,30.095]],"c":true},"ix":2},"nm":"Path 1","mn":"ADBE Vector Shape - Group","hd":false},{"ty":"fl","c":{"a":0,"k":[0.929000016755,0.46699999641,0.438999998803,1],"ix":4},"o":{"a":0,"k":100,"ix":5},"r":1,"bm":0,"nm":"Fill 1","mn":"ADBE Vector Graphic - Fill","hd":false},{"ty":"tr","p":{"a":0,"k":[134.872,42.339],"ix":2},"a":{"a":0,"k":[0,0],"ix":1},"s":{"a":0,"k":[100,100],"ix":3},"r":{"a":0,"k":0,"ix":6},"o":{"a":0,"k":100,"ix":7},"sk":{"a":0,"k":0,"ix":4},"sa":{"a":0,"k":0,"ix":5},"nm":"Transform"}],"nm":"Group 1","np":2,"cix":2,"bm":0,"ix":1,"mn":"ADBE Vector Group","hd":false}],"ip":89,"op":122,"st":33,"bm":0},{"ddd":0,"ind":5,"ty":4,"nm":"mouth matte","parent":2,"td":1,"sr":1,"ks":{"o":{"a":0,"k":100,"ix":11},"r":{"a":0,"k":0,"ix":10},"p":{"a":1,"k":[{"i":{"x":0.667,"y":1},"o":{"x":0.167,"y":0.167},"t":33,"s":[511.782,661.464,0],"to":[0,4.333,0],"ti":[0,-4.333,0]},{"i":{"x":0.667,"y":0.667},"o":{"x":0.333,"y":0.333},"t":40,"s":[511.782,687.464,0],"to":[0,0,0],"ti":[0,0,0]},{"i":{"x":0.833,"y":0.833},"o":{"x":0.333,"y":0},"t":115,"s":[511.782,687.464,0],"to":[0,0,0],"ti":[0,0,0]},{"t":121,"s":[511.782,665.464,0]}],"ix":2,"l":2},"a":{"a":0,"k":[317.839,135.465,0],"ix":1,"l":2},"s":{"a":1,"k":[{"i":{"x":[0,0,0.667],"y":[1,1,1]},"o":{"x":[0.167,0.167,0.167],"y":[0.167,0.167,0.24]},"t":33,"s":[65,65,100]},{"i":{"x":[0.662,0.662,0.662],"y":[1,1,1]},"o":{"x":[0.328,0.328,0.328],"y":[0,0,0]},"t":40,"s":[103,103,100]},{"i":{"x":[0.833,0.833,0.833],"y":[1,1,1]},"o":{"x":[0.344,0.344,0.344],"y":[0,0,0]},"t":44,"s":[100,100,100]},{"i":{"x":[0.833,0.833,0.833],"y":[0.833,0.833,1.238]},"o":{"x":[1,1,0.167],"y":[0,0,0]},"t":115,"s":[100,100,100]},{"t":121,"s":[69,69,100]}],"ix":6,"l":2}},"ao":0,"shapes":[{"ty":"gr","it":[{"ind":0,"ty":"sh","ix":1,"ks":{"a":0,"k":{"i":[[10.77,19.955],[21.54,-8.077],[84.575,0.395],[81.248,23.678],[11.086,-19.955],[-9.106,-19.877],[-4.989,-8.473],[-14.413,17.896],[-9.028,0.474],[-3.564,-1.11],[-86.237,0.159],[0,0],[-82.673,24.31],[-3.722,0],[-4.91,-7.602],[0,0],[-4.117,9.027]],"o":[[-11.245,-20.035],[-81.248,23.678],[-84.653,0.395],[-21.302,-8.077],[-10.77,19.877],[4.039,8.948],[0,0],[4.909,-7.602],[3.721,0],[82.673,24.31],[0,0],[86.237,0.159],[3.563,-1.11],[9.028,0.474],[14.651,17.896],[4.91,-8.474],[9.028,-19.877]],"v":[[306.819,-30.053],[249.882,-50.88],[-0.198,-15.798],[-250.356,-50.88],[-306.819,-30.29],[-300.721,32.508],[-287.179,58.719],[-289.397,-20.787],[-267.223,-33.615],[-256.296,-31.873],[-1.623,4.553],[1.148,4.553],[255.82,-31.873],[266.749,-33.615],[289.001,-20.787],[286.783,58.956],[300.72,32.745]],"c":true},"ix":2},"nm":"Path 1","mn":"ADBE Vector Shape - Group","hd":false},{"ty":"fl","c":{"a":0,"k":[0.922000002394,0.560999971278,0,1],"ix":4},"o":{"a":0,"k":100,"ix":5},"r":1,"bm":0,"nm":"Fill 1","mn":"ADBE Vector Graphic - Fill","hd":false},{"ty":"tr","p":{"a":0,"k":[317.839,59.286],"ix":2},"a":{"a":0,"k":[0,0],"ix":1},"s":{"a":0,"k":[100,100],"ix":3},"r":{"a":0,"k":0,"ix":6},"o":{"a":0,"k":100,"ix":7},"sk":{"a":0,"k":0,"ix":4},"sa":{"a":0,"k":0,"ix":5},"nm":"Transform"}],"nm":"Group 1","np":2,"cix":2,"bm":0,"ix":1,"mn":"ADBE Vector Group","hd":false},{"ty":"gr","it":[{"ind":0,"ty":"sh","ix":1,"ks":{"a":0,"k":{"i":[[21.381,-8.156],[84.654,0.396],[81.248,23.678],[11.086,-19.955],[0.792,-3.247],[-3.563,-1.426],[-106.588,1.266],[-92.334,43.871],[-2.771,1.426],[2.455,4.594]],"o":[[-81.248,23.678],[-84.653,0.396],[-21.302,-8.077],[-1.584,3.01],[2.613,1.346],[95.344,47.751],[102.234,1.187],[3.723,-1.583],[-0.633,-5.147],[-11.086,-19.955]],"v":[[249.565,-48.979],[-0.594,-13.897],[-250.752,-48.979],[-307.214,-28.389],[-310.857,-18.966],[-301.671,-14.848],[5.662,55.868],[301.275,-9.068],[310.857,-13.582],[306.106,-28.389]],"c":true},"ix":2},"nm":"Path 1","mn":"ADBE Vector Shape - Group","hd":false},{"ty":"fl","c":{"a":0,"k":[1,1,1,1],"ix":4},"o":{"a":0,"k":100,"ix":5},"r":1,"bm":0,"nm":"Fill 1","mn":"ADBE Vector Graphic - Fill","hd":false},{"ty":"tr","p":{"a":0,"k":[318.234,57.385],"ix":2},"a":{"a":0,"k":[0,0],"ix":1},"s":{"a":0,"k":[100,100],"ix":3},"r":{"a":0,"k":0,"ix":6},"o":{"a":0,"k":100,"ix":7},"sk":{"a":0,"k":0,"ix":4},"sa":{"a":0,"k":0,"ix":5},"nm":"Transform"}],"nm":"Group 2","np":2,"cix":2,"bm":0,"ix":2,"mn":"ADBE Vector Group","hd":false},{"ty":"gr","it":[{"ind":0,"ty":"sh","ix":1,"ks":{"a":0,"k":{"i":[[10.77,19.876],[21.381,-8.077],[84.654,0.396],[81.248,23.678],[11.086,-19.955],[-9.107,-19.877],[-136.998,-0.395],[0,0],[-50.918,111.656]],"o":[[-11.086,-20.035],[-81.248,23.678],[-84.653,0.396],[-21.302,-8.077],[-10.77,19.877],[50.84,111.656],[0,0],[136.997,0],[9.028,-20.035]],"v":[[306.66,-106.351],[250.119,-127.098],[-0.04,-92.018],[-250.198,-127.098],[-306.66,-106.51],[-300.563,-43.712],[-0.673,135.175],[0.594,135.175],[300.562,-43.712]],"c":true},"ix":2},"nm":"Path 1","mn":"ADBE Vector Shape - Group","hd":false},{"ty":"fl","c":{"a":0,"k":[0.258999992819,0.169000004787,0.051000000449,1],"ix":4},"o":{"a":0,"k":100,"ix":5},"r":1,"bm":0,"nm":"Fill 1","mn":"ADBE Vector Graphic - Fill","hd":false},{"ty":"tr","p":{"a":0,"k":[317.68,135.505],"ix":2},"a":{"a":0,"k":[0,0],"ix":1},"s":{"a":0,"k":[100,100],"ix":3},"r":{"a":0,"k":0,"ix":6},"o":{"a":0,"k":100,"ix":7},"sk":{"a":0,"k":0,"ix":4},"sa":{"a":0,"k":0,"ix":5},"nm":"Transform"}],"nm":"Group 3","np":2,"cix":2,"bm":0,"ix":3,"mn":"ADBE Vector Group","hd":false}],"ip":33,"op":122,"st":33,"bm":0},{"ddd":0,"ind":6,"ty":4,"nm":"Tongue","parent":2,"tt":1,"sr":1,"ks":{"o":{"a":0,"k":100,"ix":11},"r":{"a":0,"k":0,"ix":10},"p":{"a":1,"k":[{"i":{"x":0,"y":1},"o":{"x":0.167,"y":0.167},"t":33,"s":[509.208,746.746,0],"to":[0,6,0],"ti":[0,-6,0]},{"t":60,"s":[509.208,782.746,0]}],"ix":2,"l":2},"a":{"a":0,"k":[134.871,42.339,0],"ix":1,"l":2},"s":{"a":0,"k":[100,100,100],"ix":6,"l":2}},"ao":0,"shapes":[{"ty":"gr","it":[{"ind":0,"ty":"sh","ix":1,"ks":{"a":0,"k":{"i":[[2.059,2.692],[3.009,2.772],[43.079,-0.871],[34.606,-27.716],[2.93,-3.088],[1.901,-2.614],[-46.801,0.237],[0,0],[55.67,56.285]],"o":[[-2.93,-2.692],[-32.309,-28.43],[-44.346,-0.713],[-3.009,2.455],[-2.929,3.088],[-52.087,68.027],[0,0],[44.821,0],[-1.584,-3.009]],"v":[[129.158,9.543],[120.209,1.624],[3.01,-41.218],[-119.1,0.515],[-128.207,8.434],[-134.621,16.353],[-6.861,172.852],[-5.595,172.852],[148.871,30.095]],"c":true},"ix":2},"nm":"Path 1","mn":"ADBE Vector Shape - Group","hd":false},{"ty":"fl","c":{"a":0,"k":[0.929000016755,0.46699999641,0.438999998803,1],"ix":4},"o":{"a":0,"k":100,"ix":5},"r":1,"bm":0,"nm":"Fill 1","mn":"ADBE Vector Graphic - Fill","hd":false},{"ty":"tr","p":{"a":0,"k":[134.872,42.339],"ix":2},"a":{"a":0,"k":[0,0],"ix":1},"s":{"a":0,"k":[100,100],"ix":3},"r":{"a":0,"k":0,"ix":6},"o":{"a":0,"k":100,"ix":7},"sk":{"a":0,"k":0,"ix":4},"sa":{"a":0,"k":0,"ix":5},"nm":"Transform"}],"nm":"Group 1","np":2,"cix":2,"bm":0,"ix":1,"mn":"ADBE Vector Group","hd":false}],"ip":33,"op":89,"st":33,"bm":0},{"ddd":0,"ind":7,"ty":4,"nm":"mouth","parent":2,"sr":1,"ks":{"o":{"a":0,"k":100,"ix":11},"r":{"a":0,"k":0,"ix":10},"p":{"a":1,"k":[{"i":{"x":0.667,"y":1},"o":{"x":0.167,"y":0.167},"t":33,"s":[511.782,661.464,0],"to":[0,4.333,0],"ti":[0,-4.333,0]},{"i":{"x":0.667,"y":0.667},"o":{"x":0.333,"y":0.333},"t":40,"s":[511.782,687.464,0],"to":[0,0,0],"ti":[0,0,0]},{"i":{"x":0.833,"y":0.833},"o":{"x":0.333,"y":0},"t":115,"s":[511.782,687.464,0],"to":[0,0,0],"ti":[0,0,0]},{"t":121,"s":[511.782,665.464,0]}],"ix":2,"l":2},"a":{"a":0,"k":[317.839,135.465,0],"ix":1,"l":2},"s":{"a":1,"k":[{"i":{"x":[0,0,0.667],"y":[1,1,1]},"o":{"x":[0.167,0.167,0.167],"y":[0.167,0.167,0.24]},"t":33,"s":[65,65,100]},{"i":{"x":[0.662,0.662,0.662],"y":[1,1,1]},"o":{"x":[0.328,0.328,0.328],"y":[0,0,0]},"t":40,"s":[103,103,100]},{"i":{"x":[0.833,0.833,0.833],"y":[1,1,1]},"o":{"x":[0.344,0.344,0.344],"y":[0,0,0]},"t":44,"s":[100,100,100]},{"i":{"x":[0.833,0.833,0.833],"y":[0.833,0.833,1.238]},"o":{"x":[1,1,0.167],"y":[0,0,0]},"t":115,"s":[100,100,100]},{"t":121,"s":[69,69,100]}],"ix":6,"l":2}},"ao":0,"shapes":[{"ty":"gr","it":[{"ind":0,"ty":"sh","ix":1,"ks":{"a":0,"k":{"i":[[10.77,19.955],[21.54,-8.077],[84.575,0.395],[81.248,23.678],[11.086,-19.955],[-9.106,-19.877],[-4.989,-8.473],[-14.413,17.896],[-9.028,0.474],[-3.564,-1.11],[-86.237,0.159],[0,0],[-82.673,24.31],[-3.722,0],[-4.91,-7.602],[0,0],[-4.117,9.027]],"o":[[-11.245,-20.035],[-81.248,23.678],[-84.653,0.395],[-21.302,-8.077],[-10.77,19.877],[4.039,8.948],[0,0],[4.909,-7.602],[3.721,0],[82.673,24.31],[0,0],[86.237,0.159],[3.563,-1.11],[9.028,0.474],[14.651,17.896],[4.91,-8.474],[9.028,-19.877]],"v":[[306.819,-30.053],[249.882,-50.88],[-0.198,-15.798],[-250.356,-50.88],[-306.819,-30.29],[-300.721,32.508],[-287.179,58.719],[-289.397,-20.787],[-267.223,-33.615],[-256.296,-31.873],[-1.623,4.553],[1.148,4.553],[255.82,-31.873],[266.749,-33.615],[289.001,-20.787],[286.783,58.956],[300.72,32.745]],"c":true},"ix":2},"nm":"Path 1","mn":"ADBE Vector Shape - Group","hd":false},{"ty":"fl","c":{"a":0,"k":[0.922000002394,0.560999971278,0,1],"ix":4},"o":{"a":0,"k":100,"ix":5},"r":1,"bm":0,"nm":"Fill 1","mn":"ADBE Vector Graphic - Fill","hd":false},{"ty":"tr","p":{"a":0,"k":[317.839,59.286],"ix":2},"a":{"a":0,"k":[0,0],"ix":1},"s":{"a":0,"k":[100,100],"ix":3},"r":{"a":0,"k":0,"ix":6},"o":{"a":0,"k":100,"ix":7},"sk":{"a":0,"k":0,"ix":4},"sa":{"a":0,"k":0,"ix":5},"nm":"Transform"}],"nm":"Group 1","np":2,"cix":2,"bm":0,"ix":1,"mn":"ADBE Vector Group","hd":false},{"ty":"gr","it":[{"ind":0,"ty":"sh","ix":1,"ks":{"a":0,"k":{"i":[[21.381,-8.156],[84.654,0.396],[81.248,23.678],[11.086,-19.955],[0.792,-3.247],[-3.563,-1.426],[-106.588,1.266],[-92.334,43.871],[-2.771,1.426],[2.455,4.594]],"o":[[-81.248,23.678],[-84.653,0.396],[-21.302,-8.077],[-1.584,3.01],[2.613,1.346],[95.344,47.751],[102.234,1.187],[3.723,-1.583],[-0.633,-5.147],[-11.086,-19.955]],"v":[[249.565,-48.979],[-0.594,-13.897],[-250.752,-48.979],[-307.214,-28.389],[-310.857,-18.966],[-301.671,-14.848],[5.662,55.868],[301.275,-9.068],[310.857,-13.582],[306.106,-28.389]],"c":true},"ix":2},"nm":"Path 1","mn":"ADBE Vector Shape - Group","hd":false},{"ty":"fl","c":{"a":0,"k":[1,1,1,1],"ix":4},"o":{"a":0,"k":100,"ix":5},"r":1,"bm":0,"nm":"Fill 1","mn":"ADBE Vector Graphic - Fill","hd":false},{"ty":"tr","p":{"a":0,"k":[318.234,57.385],"ix":2},"a":{"a":0,"k":[0,0],"ix":1},"s":{"a":0,"k":[100,100],"ix":3},"r":{"a":0,"k":0,"ix":6},"o":{"a":0,"k":100,"ix":7},"sk":{"a":0,"k":0,"ix":4},"sa":{"a":0,"k":0,"ix":5},"nm":"Transform"}],"nm":"Group 2","np":2,"cix":2,"bm":0,"ix":2,"mn":"ADBE Vector Group","hd":false},{"ty":"gr","it":[{"ind":0,"ty":"sh","ix":1,"ks":{"a":0,"k":{"i":[[10.77,19.876],[21.381,-8.077],[84.654,0.396],[81.248,23.678],[11.086,-19.955],[-9.107,-19.877],[-136.998,-0.395],[0,0],[-50.918,111.656]],"o":[[-11.086,-20.035],[-81.248,23.678],[-84.653,0.396],[-21.302,-8.077],[-10.77,19.877],[50.84,111.656],[0,0],[136.997,0],[9.028,-20.035]],"v":[[306.66,-106.351],[250.119,-127.098],[-0.04,-92.018],[-250.198,-127.098],[-306.66,-106.51],[-300.563,-43.712],[-0.673,135.175],[0.594,135.175],[300.562,-43.712]],"c":true},"ix":2},"nm":"Path 1","mn":"ADBE Vector Shape - Group","hd":false},{"ty":"fl","c":{"a":0,"k":[0.258999992819,0.169000004787,0.051000000449,1],"ix":4},"o":{"a":0,"k":100,"ix":5},"r":1,"bm":0,"nm":"Fill 1","mn":"ADBE Vector Graphic - Fill","hd":false},{"ty":"tr","p":{"a":0,"k":[317.68,135.505],"ix":2},"a":{"a":0,"k":[0,0],"ix":1},"s":{"a":0,"k":[100,100],"ix":3},"r":{"a":0,"k":0,"ix":6},"o":{"a":0,"k":100,"ix":7},"sk":{"a":0,"k":0,"ix":4},"sa":{"a":0,"k":0,"ix":5},"nm":"Transform"}],"nm":"Group 3","np":2,"cix":2,"bm":0,"ix":3,"mn":"ADBE Vector Group","hd":false}],"ip":33,"op":122,"st":33,"bm":0},{"ddd":0,"ind":8,"ty":4,"nm":"Eyes closed","parent":2,"sr":1,"ks":{"o":{"a":0,"k":100,"ix":11},"r":{"a":0,"k":0,"ix":10},"p":{"a":1,"k":[{"i":{"x":0,"y":1},"o":{"x":0.167,"y":0.167},"t":12,"s":[508.382,440.967,0],"to":[0,1.667,0],"ti":[0,-1.667,0]},{"t":16,"s":[508.382,450.967,0]}],"ix":2,"l":2},"a":{"a":0,"k":[256.308,31.386,0],"ix":1,"l":2},"s":{"a":0,"k":[100,100,100],"ix":6,"l":2}},"ao":0,"shapes":[{"ty":"gr","it":[{"ind":0,"ty":"sh","ix":1,"ks":{"a":0,"k":{"i":[[45.726,-14.971],[0,0],[-17.188,10.201],[-15.681,3.203],[-33.351,-20.392],[16.53,6.535]],"o":[[0,0],[-17.385,6.142],[12.984,-7.426],[43.764,-9.593],[16.726,10.594],[-42.035,-15.681]],"v":[[-68.682,20.919],[-68.682,20.919],[-82.052,-5.39],[-38.323,-21.542],[82.514,-1.281],[68.529,24.601]],"c":true},"ix":2},"nm":"Path 1","mn":"ADBE Vector Shape - Group","hd":false},{"ty":"fl","c":{"a":0,"k":[0.258999992819,0.169000004787,0.051000000449,1],"ix":4},"o":{"a":0,"k":100,"ix":5},"r":1,"bm":0,"nm":"Fill 1","mn":"ADBE Vector Graphic - Fill","hd":false},{"ty":"st","c":{"a":0,"k":[0.211764720842,0.16862745098,0.109803929048,1],"ix":3},"o":{"a":0,"k":100,"ix":4},"w":{"a":0,"k":10,"ix":5},"lc":1,"lj":1,"ml":4,"bm":0,"nm":"Stroke 1","mn":"ADBE Vector Graphic - Stroke","hd":false},{"ty":"tr","p":{"a":0,"k":[99.49,31.386],"ix":2},"a":{"a":0,"k":[0,0],"ix":1},"s":{"a":0,"k":[100,100],"ix":3},"r":{"a":0,"k":0,"ix":6},"o":{"a":0,"k":100,"ix":7},"sk":{"a":0,"k":0,"ix":4},"sa":{"a":0,"k":0,"ix":5},"nm":"Transform"}],"nm":"Group 1","np":3,"cix":2,"bm":0,"ix":1,"mn":"ADBE Vector Group","hd":false},{"ty":"gr","it":[{"ind":0,"ty":"sh","ix":1,"ks":{"a":0,"k":{"i":[[45.726,-14.971],[0,0],[-17.188,10.201],[-15.681,3.203],[-33.351,-20.392],[16.53,6.535]],"o":[[0,0],[-17.385,6.142],[12.984,-7.426],[43.763,-9.593],[16.726,10.594],[-42.035,-15.681]],"v":[[-68.682,20.919],[-68.682,20.919],[-82.052,-5.39],[-38.322,-21.542],[82.514,-1.281],[68.529,24.601]],"c":true},"ix":2},"nm":"Path 1","mn":"ADBE Vector Shape - Group","hd":false},{"ty":"fl","c":{"a":0,"k":[0.258999992819,0.169000004787,0.051000000449,1],"ix":4},"o":{"a":0,"k":100,"ix":5},"r":1,"bm":0,"nm":"Fill 1","mn":"ADBE Vector Graphic - Fill","hd":false},{"ty":"st","c":{"a":0,"k":[0.211764720842,0.16862745098,0.109803929048,1],"ix":3},"o":{"a":0,"k":100,"ix":4},"w":{"a":0,"k":10,"ix":5},"lc":1,"lj":1,"ml":4,"bm":0,"nm":"Stroke 1","mn":"ADBE Vector Graphic - Stroke","hd":false},{"ty":"tr","p":{"a":0,"k":[413.126,31.386],"ix":2},"a":{"a":0,"k":[0,0],"ix":1},"s":{"a":0,"k":[100,100],"ix":3},"r":{"a":0,"k":0,"ix":6},"o":{"a":0,"k":100,"ix":7},"sk":{"a":0,"k":0,"ix":4},"sa":{"a":0,"k":0,"ix":5},"nm":"Transform"}],"nm":"Group 2","np":3,"cix":2,"bm":0,"ix":2,"mn":"ADBE Vector Group","hd":false}],"ip":13,"op":33,"st":0,"bm":0},{"ddd":0,"ind":9,"ty":4,"nm":"eyes normal 2","parent":2,"sr":1,"ks":{"o":{"a":0,"k":100,"ix":11},"r":{"a":0,"k":0,"ix":10},"p":{"a":0,"k":[508.799,423.399,0],"ix":2,"l":2},"a":{"a":0,"k":[27.2,7.9,0],"ix":1,"l":2},"s":{"a":1,"k":[{"i":{"x":[0.667,0.667,0.667],"y":[1,1,1]},"o":{"x":[0.167,0.167,0.167],"y":[0,0.167,0]},"t":33,"s":[800,629,100]},{"i":{"x":[0.667,0.667,0.667],"y":[1,1,1]},"o":{"x":[0.333,0.333,0.333],"y":[0,0,0]},"t":36,"s":[800,839,100]},{"t":39,"s":[800,800,100]}],"ix":6,"l":2}},"ao":0,"shapes":[{"ty":"gr","it":[{"ind":0,"ty":"sh","ix":1,"ks":{"a":0,"k":{"i":[[0.899,0.8],[0,0],[0.7,-1.4],[-0.901,-0.9],[-0.701,1.4]],"o":[[0,0],[-1.4,-0.7],[-0.5,1.1],[1.399,0.7],[0.5,-1.1]],"v":[[1.601,-5.3],[1.601,-5.3],[-2.201,-4],[-1.6,-0.7],[2.201,-2]],"c":true},"ix":2},"nm":"Path 1","mn":"ADBE Vector Shape - Group","hd":false},{"ty":"fl","c":{"a":0,"k":[0.536999990426,0.375999989229,0.141000007181,1],"ix":4},"o":{"a":0,"k":100,"ix":5},"r":1,"bm":0,"nm":"Fill 1","mn":"ADBE Vector Graphic - Fill","hd":false},{"ty":"tr","p":{"a":0,"k":[44.65,6.55],"ix":2},"a":{"a":0,"k":[0,0],"ix":1},"s":{"a":0,"k":[100,100],"ix":3},"r":{"a":0,"k":0,"ix":6},"o":{"a":0,"k":100,"ix":7},"sk":{"a":0,"k":0,"ix":4},"sa":{"a":0,"k":0,"ix":5},"nm":"Transform"}],"nm":"Group 1","np":2,"cix":2,"bm":0,"ix":1,"mn":"ADBE Vector Group","hd":false},{"ty":"gr","it":[{"ind":0,"ty":"sh","ix":1,"ks":{"a":0,"k":{"i":[[4.2,0],[0,0],[0,-5.9],[-4.2,0],[0,5.9]],"o":[[0,0],[-4.2,0],[0,5.9],[4.2,0],[0,-5.9]],"v":[[0,-12.4],[0,-12.4],[-8,-3],[0,6.4],[8,-3]],"c":true},"ix":2},"nm":"Path 1","mn":"ADBE Vector Shape - Group","hd":false},{"ty":"fl","c":{"a":0,"k":[0.258999992819,0.169000004787,0.051000000449,1],"ix":4},"o":{"a":0,"k":100,"ix":5},"r":1,"bm":0,"nm":"Fill 1","mn":"ADBE Vector Graphic - Fill","hd":false},{"ty":"tr","p":{"a":0,"k":[46.65,9.65],"ix":2},"a":{"a":0,"k":[0,0],"ix":1},"s":{"a":0,"k":[100,100],"ix":3},"r":{"a":0,"k":0,"ix":6},"o":{"a":0,"k":100,"ix":7},"sk":{"a":0,"k":0,"ix":4},"sa":{"a":0,"k":0,"ix":5},"nm":"Transform"}],"nm":"Group 2","np":2,"cix":2,"bm":0,"ix":2,"mn":"ADBE Vector Group","hd":false},{"ty":"gr","it":[{"ind":0,"ty":"sh","ix":1,"ks":{"a":0,"k":{"i":[[0.9,0.8],[0,0],[0.7,-1.4],[-0.9,-0.9],[-0.7,1.4]],"o":[[0,0],[-1.4,-0.7],[-0.5,1.1],[1.4,0.7],[0.6,-1.1]],"v":[[1.55,-5.3],[1.55,-5.3],[-2.25,-4],[-1.65,-0.7],[2.15,-2]],"c":true},"ix":2},"nm":"Path 1","mn":"ADBE Vector Shape - Group","hd":false},{"ty":"fl","c":{"a":0,"k":[0.536999990426,0.375999989229,0.141000007181,1],"ix":4},"o":{"a":0,"k":100,"ix":5},"r":1,"bm":0,"nm":"Fill 1","mn":"ADBE Vector Graphic - Fill","hd":false},{"ty":"tr","p":{"a":0,"k":[6.3,6.55],"ix":2},"a":{"a":0,"k":[0,0],"ix":1},"s":{"a":0,"k":[100,100],"ix":3},"r":{"a":0,"k":0,"ix":6},"o":{"a":0,"k":100,"ix":7},"sk":{"a":0,"k":0,"ix":4},"sa":{"a":0,"k":0,"ix":5},"nm":"Transform"}],"nm":"Group 3","np":2,"cix":2,"bm":0,"ix":3,"mn":"ADBE Vector Group","hd":false},{"ty":"gr","it":[{"ind":0,"ty":"sh","ix":1,"ks":{"a":0,"k":{"i":[[4.2,0],[0,0],[0,-5.9],[-4.2,0],[0,5.9]],"o":[[0,0],[-4.2,0],[0,5.9],[4.2,0],[0,-5.9]],"v":[[0,-12.4],[0,-12.4],[-8,-3],[0,6.4],[8,-3]],"c":true},"ix":2},"nm":"Path 1","mn":"ADBE Vector Shape - Group","hd":false},{"ty":"fl","c":{"a":0,"k":[0.258999992819,0.169000004787,0.051000000449,1],"ix":4},"o":{"a":0,"k":100,"ix":5},"r":1,"bm":0,"nm":"Fill 1","mn":"ADBE Vector Graphic - Fill","hd":false},{"ty":"tr","p":{"a":0,"k":[8.25,9.65],"ix":2},"a":{"a":0,"k":[0,0],"ix":1},"s":{"a":0,"k":[100,100],"ix":3},"r":{"a":0,"k":0,"ix":6},"o":{"a":0,"k":100,"ix":7},"sk":{"a":0,"k":0,"ix":4},"sa":{"a":0,"k":0,"ix":5},"nm":"Transform"}],"nm":"Group 4","np":2,"cix":2,"bm":0,"ix":4,"mn":"ADBE Vector Group","hd":false}],"ip":33,"op":140,"st":33,"bm":0},{"ddd":0,"ind":10,"ty":4,"nm":"eyes normal","parent":2,"sr":1,"ks":{"o":{"a":0,"k":100,"ix":11},"r":{"a":0,"k":0,"ix":10},"p":{"a":0,"k":[510.799,423.399,0],"ix":2,"l":2},"a":{"a":0,"k":[27.45,7.9,0],"ix":1,"l":2},"s":{"a":1,"k":[{"i":{"x":[0.833,0.833,0.833],"y":[1,0.833,1]},"o":{"x":[0.333,0.333,0.333],"y":[0,0,0]},"t":9,"s":[800,800,100]},{"t":12,"s":[800,616,100]}],"ix":6,"l":2}},"ao":0,"shapes":[{"ty":"gr","it":[{"ind":0,"ty":"sh","ix":1,"ks":{"a":0,"k":{"i":[[0.899,0.8],[0,0],[0.7,-1.4],[-0.901,-0.9],[-0.701,1.4]],"o":[[0,0],[-1.4,-0.7],[-0.5,1.1],[1.399,0.7],[0.5,-1.1]],"v":[[1.601,-5.3],[1.601,-5.3],[-2.201,-4],[-1.6,-0.7],[2.201,-2]],"c":true},"ix":2},"nm":"Path 1","mn":"ADBE Vector Shape - Group","hd":false},{"ty":"fl","c":{"a":0,"k":[0.536999990426,0.375999989229,0.141000007181,1],"ix":4},"o":{"a":0,"k":100,"ix":5},"r":1,"bm":0,"nm":"Fill 1","mn":"ADBE Vector Graphic - Fill","hd":false},{"ty":"tr","p":{"a":0,"k":[44.65,6.55],"ix":2},"a":{"a":0,"k":[0,0],"ix":1},"s":{"a":0,"k":[100,100],"ix":3},"r":{"a":0,"k":0,"ix":6},"o":{"a":0,"k":100,"ix":7},"sk":{"a":0,"k":0,"ix":4},"sa":{"a":0,"k":0,"ix":5},"nm":"Transform"}],"nm":"Group 1","np":2,"cix":2,"bm":0,"ix":1,"mn":"ADBE Vector Group","hd":false},{"ty":"gr","it":[{"ind":0,"ty":"sh","ix":1,"ks":{"a":0,"k":{"i":[[4.2,0],[0,0],[0,-5.9],[-4.2,0],[0,5.9]],"o":[[0,0],[-4.2,0],[0,5.9],[4.2,0],[0,-5.9]],"v":[[0,-12.4],[0,-12.4],[-8,-3],[0,6.4],[8,-3]],"c":true},"ix":2},"nm":"Path 1","mn":"ADBE Vector Shape - Group","hd":false},{"ty":"fl","c":{"a":0,"k":[0.258999992819,0.169000004787,0.051000000449,1],"ix":4},"o":{"a":0,"k":100,"ix":5},"r":1,"bm":0,"nm":"Fill 1","mn":"ADBE Vector Graphic - Fill","hd":false},{"ty":"tr","p":{"a":0,"k":[46.65,9.65],"ix":2},"a":{"a":0,"k":[0,0],"ix":1},"s":{"a":0,"k":[100,100],"ix":3},"r":{"a":0,"k":0,"ix":6},"o":{"a":0,"k":100,"ix":7},"sk":{"a":0,"k":0,"ix":4},"sa":{"a":0,"k":0,"ix":5},"nm":"Transform"}],"nm":"Group 2","np":2,"cix":2,"bm":0,"ix":2,"mn":"ADBE Vector Group","hd":false},{"ty":"gr","it":[{"ind":0,"ty":"sh","ix":1,"ks":{"a":0,"k":{"i":[[0.9,0.8],[0,0],[0.7,-1.4],[-0.9,-0.9],[-0.7,1.4]],"o":[[0,0],[-1.4,-0.7],[-0.5,1.1],[1.4,0.7],[0.6,-1.1]],"v":[[1.55,-5.3],[1.55,-5.3],[-2.25,-4],[-1.65,-0.7],[2.15,-2]],"c":true},"ix":2},"nm":"Path 1","mn":"ADBE Vector Shape - Group","hd":false},{"ty":"fl","c":{"a":0,"k":[0.536999990426,0.375999989229,0.141000007181,1],"ix":4},"o":{"a":0,"k":100,"ix":5},"r":1,"bm":0,"nm":"Fill 1","mn":"ADBE Vector Graphic - Fill","hd":false},{"ty":"tr","p":{"a":0,"k":[6.3,6.55],"ix":2},"a":{"a":0,"k":[0,0],"ix":1},"s":{"a":0,"k":[100,100],"ix":3},"r":{"a":0,"k":0,"ix":6},"o":{"a":0,"k":100,"ix":7},"sk":{"a":0,"k":0,"ix":4},"sa":{"a":0,"k":0,"ix":5},"nm":"Transform"}],"nm":"Group 3","np":2,"cix":2,"bm":0,"ix":3,"mn":"ADBE Vector Group","hd":false},{"ty":"gr","it":[{"ind":0,"ty":"sh","ix":1,"ks":{"a":0,"k":{"i":[[4.2,0],[0,0],[0,-5.9],[-4.2,0],[0,5.9]],"o":[[0,0],[-4.2,0],[0,5.9],[4.2,0],[0,-5.9]],"v":[[0,-12.4],[0,-12.4],[-8,-3],[0,6.4],[8,-3]],"c":true},"ix":2},"nm":"Path 1","mn":"ADBE Vector Shape - Group","hd":false},{"ty":"fl","c":{"a":0,"k":[0.258999992819,0.169000004787,0.051000000449,1],"ix":4},"o":{"a":0,"k":100,"ix":5},"r":1,"bm":0,"nm":"Fill 1","mn":"ADBE Vector Graphic - Fill","hd":false},{"ty":"tr","p":{"a":0,"k":[8.25,9.65],"ix":2},"a":{"a":0,"k":[0,0],"ix":1},"s":{"a":0,"k":[100,100],"ix":3},"r":{"a":0,"k":0,"ix":6},"o":{"a":0,"k":100,"ix":7},"sk":{"a":0,"k":0,"ix":4},"sa":{"a":0,"k":0,"ix":5},"nm":"Transform"}],"nm":"Group 4","np":2,"cix":2,"bm":0,"ix":4,"mn":"ADBE Vector Group","hd":false}],"ip":0,"op":13,"st":0,"bm":0},{"ddd":0,"ind":11,"ty":4,"nm":"mouth 4","parent":2,"sr":1,"ks":{"o":{"a":0,"k":100,"ix":11},"r":{"a":0,"k":0,"ix":10},"p":{"a":0,"k":[513.367,638.724,0],"ix":2,"l":2},"a":{"a":0,"k":[123.363,41.136,0],"ix":1,"l":2},"s":{"a":0,"k":[100,100,100],"ix":6,"l":2}},"ao":0,"shapes":[{"ty":"gr","it":[{"ind":0,"ty":"sh","ix":1,"ks":{"a":1,"k":[{"i":{"x":0.833,"y":1},"o":{"x":0.167,"y":0.167},"t":122,"s":[{"i":[[-60.636,0],[-13.034,19.834],[3.23,7.311],[5.214,-0.057],[1.813,-0.623],[34.511,0.056],[32.868,9.974],[1.927,0.114],[2.38,-4.703],[-4.987,-6.233]],"o":[[61.202,0],[4.987,-6.29],[-2.494,-4.59],[-1.926,0.113],[-33.151,9.464],[-34.341,0.227],[-1.813,-0.623],[-5.213,-0.169],[-3.287,7.31],[12.467,20.402]],"v":[[-0.255,48.886],[149.049,-10.682],[151.883,-32.783],[139.415,-40.149],[133.749,-39.016],[-0.255,-24.85],[-133.692,-39.584],[-139.359,-40.717],[-151.826,-33.35],[-148.993,-11.249]],"c":true}]},{"t":127,"s":[{"i":[[-60.636,0],[-13.034,19.834],[3.23,7.311],[5.214,-0.057],[1.813,-0.623],[34.511,0.056],[32.868,9.974],[1.927,0.114],[2.38,-4.703],[-4.987,-6.233]],"o":[[61.202,0],[4.987,-6.29],[-2.494,-4.59],[-1.926,0.113],[-33.151,9.464],[-34.341,0.227],[-1.813,-0.623],[-5.213,-0.169],[-3.287,7.31],[12.467,20.402]],"v":[[-0.255,40.886],[117.049,-10.682],[119.883,-32.783],[107.415,-40.149],[101.749,-39.016],[-0.255,-24.85],[-101.692,-39.584],[-107.359,-40.717],[-119.826,-33.35],[-116.993,-11.249]],"c":true}]}],"ix":2},"nm":"Path 1","mn":"ADBE Vector Shape - Group","hd":false},{"ty":"fl","c":{"a":0,"k":[0.258999992819,0.169000004787,0.051000000449,1],"ix":4},"o":{"a":0,"k":100,"ix":5},"r":1,"bm":0,"nm":"Fill 1","mn":"ADBE Vector Graphic - Fill","hd":false},{"ty":"tr","p":{"a":0,"k":[123.363,41.137],"ix":2},"a":{"a":0,"k":[0,0],"ix":1},"s":{"a":0,"k":[100,100],"ix":3},"r":{"a":0,"k":0,"ix":6},"o":{"a":0,"k":100,"ix":7},"sk":{"a":0,"k":0,"ix":4},"sa":{"a":0,"k":0,"ix":5},"nm":"Transform"}],"nm":"Group 1","np":2,"cix":2,"bm":0,"ix":1,"mn":"ADBE Vector Group","hd":false}],"ip":122,"op":140,"st":114,"bm":0},{"ddd":0,"ind":12,"ty":4,"nm":"mouth 1","parent":2,"sr":1,"ks":{"o":{"a":0,"k":100,"ix":11},"r":{"a":0,"k":0,"ix":10},"p":{"a":0,"k":[513.367,638.724,0],"ix":2,"l":2},"a":{"a":0,"k":[123.363,41.136,0],"ix":1,"l":2},"s":{"a":0,"k":[100,100,100],"ix":6,"l":2}},"ao":0,"shapes":[{"ty":"gr","it":[{"ind":0,"ty":"sh","ix":1,"ks":{"a":1,"k":[{"i":{"x":0.833,"y":0.833},"o":{"x":1,"y":0},"t":23,"s":[{"i":[[-60.636,0],[-13.034,19.834],[3.23,7.311],[5.214,-0.057],[1.813,-0.623],[34.511,0.056],[32.868,9.974],[1.927,0.114],[2.38,-4.703],[-4.987,-6.233]],"o":[[61.202,0],[4.987,-6.29],[-2.494,-4.59],[-1.926,0.113],[-33.151,9.464],[-34.341,0.227],[-1.813,-0.623],[-5.213,-0.169],[-3.287,7.31],[12.467,20.402]],"v":[[-0.255,40.886],[117.049,-10.682],[119.883,-32.783],[107.415,-40.149],[101.749,-39.016],[-0.255,-24.85],[-101.692,-39.584],[-107.359,-40.717],[-119.826,-33.35],[-116.993,-11.249]],"c":true}]},{"t":32,"s":[{"i":[[-60.636,0],[-13.034,19.834],[3.23,7.311],[5.214,-0.057],[1.813,-0.623],[34.511,0.056],[32.868,9.974],[1.927,0.114],[2.38,-4.703],[-4.987,-6.233]],"o":[[61.202,0],[4.987,-6.29],[-2.494,-4.59],[-1.926,0.113],[-33.151,9.464],[-34.341,0.227],[-1.813,-0.623],[-5.213,-0.169],[-3.287,7.31],[12.467,20.402]],"v":[[-0.255,48.886],[149.049,-10.682],[151.883,-32.783],[139.415,-40.149],[133.749,-39.016],[-0.255,-24.85],[-133.692,-39.584],[-139.359,-40.717],[-151.826,-33.35],[-148.993,-11.249]],"c":true}]}],"ix":2},"nm":"Path 1","mn":"ADBE Vector Shape - Group","hd":false},{"ty":"fl","c":{"a":0,"k":[0.258999992819,0.169000004787,0.051000000449,1],"ix":4},"o":{"a":0,"k":100,"ix":5},"r":1,"bm":0,"nm":"Fill 1","mn":"ADBE Vector Graphic - Fill","hd":false},{"ty":"tr","p":{"a":0,"k":[123.363,41.137],"ix":2},"a":{"a":0,"k":[0,0],"ix":1},"s":{"a":0,"k":[100,100],"ix":3},"r":{"a":0,"k":0,"ix":6},"o":{"a":0,"k":100,"ix":7},"sk":{"a":0,"k":0,"ix":4},"sa":{"a":0,"k":0,"ix":5},"nm":"Transform"}],"nm":"Group 1","np":2,"cix":2,"bm":0,"ix":1,"mn":"ADBE Vector Group","hd":false}],"ip":0,"op":33,"st":0,"bm":0},{"ddd":0,"ind":13,"ty":4,"nm":"base matte","parent":15,"td":1,"sr":1,"ks":{"o":{"a":0,"k":100,"ix":11},"r":{"a":0,"k":0,"ix":10},"p":{"a":0,"k":[-2,-3,0],"ix":2,"l":2},"a":{"a":0,"k":[0,0,0],"ix":1,"l":2},"s":{"a":0,"k":[100,100,100],"ix":6,"l":2}},"ao":0,"shapes":[{"ty":"gr","it":[{"ind":0,"ty":"sh","ix":1,"ks":{"a":0,"k":{"i":[[15.4,0],[0,38.4],[-27.9,0],[-10.6,-9.3],[0,-16.9],[11.5,-10.2]],"o":[[-27.9,0],[0,-38.4],[15.5,0],[11.5,10.2],[0,16.9],[-10.6,9.3]],"v":[[0,55.9],[-58,0],[0,-55.9],[40.4,-41.5],[58,0],[40.4,41.4]],"c":true},"ix":2},"nm":"Path 1","mn":"ADBE Vector Shape - Group","hd":false},{"ty":"gf","o":{"a":0,"k":100,"ix":10},"r":1,"bm":0,"g":{"p":5,"k":{"a":0,"k":[0.48,0.992,0.878,0.188,0.691,0.98,0.816,0.178,0.902,0.969,0.753,0.169,0.966,0.963,0.694,0.153,1,0.957,0.635,0.137],"ix":9}},"s":{"a":0,"k":[0,0],"ix":5},"e":{"a":0,"k":[56.225,0],"ix":6},"t":2,"h":{"a":0,"k":0,"ix":7},"a":{"a":0,"k":0,"ix":8},"nm":"Gradient Fill 1","mn":"ADBE Vector Graphic - G-Fill","hd":false},{"ty":"tr","p":{"a":0,"k":[0,0],"ix":2},"a":{"a":0,"k":[0,0],"ix":1},"s":{"a":0,"k":[100,100],"ix":3},"r":{"a":0,"k":0,"ix":6},"o":{"a":0,"k":100,"ix":7},"sk":{"a":0,"k":0,"ix":4},"sa":{"a":0,"k":0,"ix":5},"nm":"Transform"}],"nm":"Group 1","np":2,"cix":2,"bm":0,"ix":1,"mn":"ADBE Vector Group","hd":false}],"ip":0,"op":140,"st":0,"bm":0},{"ddd":0,"ind":14,"ty":4,"nm":"base shadow","parent":15,"tt":2,"sr":1,"ks":{"o":{"a":0,"k":100,"ix":11},"r":{"a":0,"k":0,"ix":10},"p":{"a":0,"k":[0,0,0],"ix":2,"l":2},"a":{"a":0,"k":[0,0,0],"ix":1,"l":2},"s":{"a":0,"k":[100,100,100],"ix":6,"l":2}},"ao":0,"shapes":[{"ty":"gr","it":[{"ind":0,"ty":"sh","ix":1,"ks":{"a":0,"k":{"i":[[15.4,0],[0,38.4],[-27.9,0],[-10.6,-9.3],[0,-16.9],[11.5,-10.2]],"o":[[-27.9,0],[0,-38.4],[15.5,0],[11.5,10.2],[0,16.9],[-10.6,9.3]],"v":[[0,55.9],[-58,0],[0,-55.9],[40.4,-41.5],[58,0],[40.4,41.4]],"c":true},"ix":2},"nm":"Path 1","mn":"ADBE Vector Shape - Group","hd":false},{"ty":"fl","c":{"a":0,"k":[0.921568627451,0.560784313725,0,1],"ix":4},"o":{"a":0,"k":100,"ix":5},"r":1,"bm":0,"nm":"Fill 1","mn":"ADBE Vector Graphic - Fill","hd":false},{"ty":"tr","p":{"a":0,"k":[0,0],"ix":2},"a":{"a":0,"k":[0,0],"ix":1},"s":{"a":0,"k":[100,100],"ix":3},"r":{"a":0,"k":0,"ix":6},"o":{"a":0,"k":100,"ix":7},"sk":{"a":0,"k":0,"ix":4},"sa":{"a":0,"k":0,"ix":5},"nm":"Transform"}],"nm":"Group 1","np":2,"cix":2,"bm":0,"ix":1,"mn":"ADBE Vector Group","hd":false}],"ip":0,"op":140,"st":0,"bm":0},{"ddd":0,"ind":15,"ty":4,"nm":"base normal","parent":1,"sr":1,"ks":{"o":{"a":0,"k":100,"ix":11},"r":{"a":0,"k":0,"ix":10},"p":{"a":0,"k":[0,0,0],"ix":2,"l":2},"a":{"a":0,"k":[0,0,0],"ix":1,"l":2},"s":{"a":0,"k":[800,800,100],"ix":6,"l":2}},"ao":0,"shapes":[{"ty":"gr","it":[{"ind":0,"ty":"sh","ix":1,"ks":{"a":0,"k":{"i":[[15.4,0],[0,38.4],[-27.9,0],[-10.6,-9.3],[0,-16.9],[11.5,-10.2]],"o":[[-27.9,0],[0,-38.4],[15.5,0],[11.5,10.2],[0,16.9],[-10.6,9.3]],"v":[[0,55.9],[-58,0],[0,-55.9],[40.4,-41.5],[58,0],[40.4,41.4]],"c":true},"ix":2},"nm":"Path 1","mn":"ADBE Vector Shape - Group","hd":false},{"ty":"gf","o":{"a":0,"k":100,"ix":10},"r":1,"bm":0,"g":{"p":5,"k":{"a":0,"k":[0.48,0.992,0.878,0.188,0.691,0.98,0.816,0.178,0.902,0.969,0.753,0.169,0.966,0.963,0.694,0.153,1,0.957,0.635,0.137],"ix":9}},"s":{"a":0,"k":[0,0],"ix":5},"e":{"a":0,"k":[56.225,0],"ix":6},"t":2,"h":{"a":0,"k":0,"ix":7},"a":{"a":0,"k":0,"ix":8},"nm":"Gradient Fill 1","mn":"ADBE Vector Graphic - G-Fill","hd":false},{"ty":"tr","p":{"a":0,"k":[0,0],"ix":2},"a":{"a":0,"k":[0,0],"ix":1},"s":{"a":0,"k":[100,100],"ix":3},"r":{"a":0,"k":0,"ix":6},"o":{"a":0,"k":100,"ix":7},"sk":{"a":0,"k":0,"ix":4},"sa":{"a":0,"k":0,"ix":5},"nm":"Transform"}],"nm":"Group 1","np":2,"cix":2,"bm":0,"ix":1,"mn":"ADBE Vector Group","hd":false}],"ip":0,"op":140,"st":0,"bm":0}],"markers":[{"tm":81,"cm":"rest","dr":0}]}