{"v":"5.8.1","fr":60,"ip":0,"op":163,"w":1024,"h":1024,"nm":"emoji_beaming face with smiling eyes","ddd":0,"assets":[{"id":"comp_0","nm":"Grin","fr":60,"layers":[{"ddd":0,"ind":1,"ty":3,"nm":"Null","sr":1,"ks":{"o":{"a":0,"k":100,"ix":11},"r":{"a":0,"k":0,"ix":10},"p":{"a":0,"k":[513,503,0],"ix":2,"l":2},"a":{"a":0,"k":[512,512,0],"ix":1,"l":2},"s":{"a":0,"k":[144,144,100],"ix":6,"l":2}},"ao":0,"ip":0,"op":180,"st":0,"bm":0},{"ddd":0,"ind":2,"ty":4,"nm":"Brow R Out","parent":10,"sr":1,"ks":{"o":{"a":0,"k":100,"ix":11},"r":{"a":1,"k":[{"i":{"x":[0],"y":[1]},"o":{"x":[0.005],"y":[0]},"t":140,"s":[22]},{"t":150,"s":[16]}],"ix":10},"p":{"a":1,"k":[{"i":{"x":0.667,"y":1},"o":{"x":0.005,"y":0},"t":122.5,"s":[-96,-97.25,0],"to":[-1.333,0,0],"ti":[1.333,17.667,0]},{"i":{"x":0,"y":1},"o":{"x":0.005,"y":0},"t":140,"s":[-104,-97.25,0],"to":[-1.333,-17.667,0],"ti":[0,17.667,0]},{"t":150,"s":[-104,-203.25,0]}],"ix":2,"l":2},"a":{"a":0,"k":[-61,-245,0],"ix":1,"l":2},"s":{"a":0,"k":[-100,100,100],"ix":6,"l":2}},"ao":0,"shapes":[{"ty":"gr","it":[{"ind":0,"ty":"sh","ix":1,"ks":{"a":0,"k":{"i":[[50.25,-2.75],[0.384,-6.009],[0,0],[-22.25,-26.5],[-4.5,4.5],[9.007,8.667]],"o":[[-9.489,0.519],[-0.75,11.75],[0,0],[6.48,7.718],[4.5,-4.5],[-13.25,-12.75]],"v":[[-99.75,-263.5],[-115,-252.75],[-103.5,-241],[-31,-212.5],[-13,-211.25],[-17.5,-232.5]],"c":true},"ix":2},"nm":"Path 1","mn":"ADBE Vector Shape - Group","hd":false},{"ty":"fl","c":{"a":0,"k":[0.258823529412,0.16862745098,0.058823533152,1],"ix":4},"o":{"a":0,"k":100,"ix":5},"r":1,"bm":0,"nm":"Fill 1","mn":"ADBE Vector Graphic - Fill","hd":false},{"ty":"tr","p":{"a":0,"k":[0,0],"ix":2},"a":{"a":0,"k":[0,0],"ix":1},"s":{"a":0,"k":[100,100],"ix":3},"r":{"a":0,"k":0,"ix":6},"o":{"a":0,"k":100,"ix":7},"sk":{"a":0,"k":0,"ix":4},"sa":{"a":0,"k":0,"ix":5},"nm":"Transform"}],"nm":"Brow R Out","np":2,"cix":2,"bm":0,"ix":1,"mn":"ADBE Vector Group","hd":false}],"ip":140,"op":180,"st":135,"bm":0},{"ddd":0,"ind":3,"ty":4,"nm":"Brow L Out","parent":10,"sr":1,"ks":{"o":{"a":0,"k":100,"ix":11},"r":{"a":1,"k":[{"i":{"x":[0.237],"y":[1]},"o":{"x":[0],"y":[0]},"t":140,"s":[27]},{"t":150,"s":[36]}],"ix":10},"p":{"a":1,"k":[{"i":{"x":0.237,"y":1},"o":{"x":0,"y":0},"t":140,"s":[102,-97.25,0],"to":[0,-17.667,0],"ti":[0,17.667,0]},{"t":150,"s":[102,-203.25,0]}],"ix":2,"l":2},"a":{"a":0,"k":[-61,-245,0],"ix":1,"l":2},"s":{"a":0,"k":[-100,100,100],"ix":6,"l":2}},"ao":0,"shapes":[{"ty":"gr","it":[{"ind":0,"ty":"sh","ix":1,"ks":{"a":0,"k":{"i":[[50.25,-2.75],[0.384,-6.009],[0,0],[-22.25,-26.5],[-4.5,4.5],[9.007,8.667]],"o":[[-9.489,0.519],[-0.75,11.75],[0,0],[6.48,7.718],[4.5,-4.5],[-13.25,-12.75]],"v":[[-99.75,-263.5],[-115,-252.75],[-103.5,-241],[-31,-212.5],[-13,-211.25],[-17.5,-232.5]],"c":true},"ix":2},"nm":"Path 1","mn":"ADBE Vector Shape - Group","hd":false},{"ty":"fl","c":{"a":0,"k":[0.258823529412,0.16862745098,0.058823533152,1],"ix":4},"o":{"a":0,"k":100,"ix":5},"r":1,"bm":0,"nm":"Fill 1","mn":"ADBE Vector Graphic - Fill","hd":false},{"ty":"tr","p":{"a":0,"k":[0,0],"ix":2},"a":{"a":0,"k":[0,0],"ix":1},"s":{"a":0,"k":[100,100],"ix":3},"r":{"a":0,"k":0,"ix":6},"o":{"a":0,"k":100,"ix":7},"sk":{"a":0,"k":0,"ix":4},"sa":{"a":0,"k":0,"ix":5},"nm":"Transform"}],"nm":"Brow L Out","np":2,"cix":2,"bm":0,"ix":1,"mn":"ADBE Vector Group","hd":false}],"ip":140,"op":180,"st":132.5,"bm":0},{"ddd":0,"ind":4,"ty":4,"nm":"Brow R In","parent":10,"sr":1,"ks":{"o":{"a":0,"k":100,"ix":11},"r":{"a":1,"k":[{"i":{"x":[0.952],"y":[1]},"o":{"x":[0.572],"y":[0]},"t":0,"s":[16]},{"t":12.5,"s":[22]}],"ix":10},"p":{"a":1,"k":[{"i":{"x":0.952,"y":1},"o":{"x":0.572,"y":0},"t":0,"s":[-104,-203.25,0],"to":[0,17.667,0],"ti":[0,-17.667,0]},{"t":12.5,"s":[-104,-97.25,0]}],"ix":2,"l":2},"a":{"a":0,"k":[-61,-245,0],"ix":1,"l":2},"s":{"a":0,"k":[-100,100,100],"ix":6,"l":2}},"ao":0,"shapes":[{"ty":"gr","it":[{"ind":0,"ty":"sh","ix":1,"ks":{"a":0,"k":{"i":[[50.25,-2.75],[0.384,-6.009],[0,0],[-22.25,-26.5],[-4.5,4.5],[9.007,8.667]],"o":[[-9.489,0.519],[-0.75,11.75],[0,0],[6.48,7.718],[4.5,-4.5],[-13.25,-12.75]],"v":[[-99.75,-263.5],[-115,-252.75],[-103.5,-241],[-31,-212.5],[-13,-211.25],[-17.5,-232.5]],"c":true},"ix":2},"nm":"Path 1","mn":"ADBE Vector Shape - Group","hd":false},{"ty":"fl","c":{"a":0,"k":[0.258823529412,0.16862745098,0.058823533152,1],"ix":4},"o":{"a":0,"k":100,"ix":5},"r":1,"bm":0,"nm":"Fill 1","mn":"ADBE Vector Graphic - Fill","hd":false},{"ty":"tr","p":{"a":0,"k":[0,0],"ix":2},"a":{"a":0,"k":[0,0],"ix":1},"s":{"a":0,"k":[100,100],"ix":3},"r":{"a":0,"k":0,"ix":6},"o":{"a":0,"k":100,"ix":7},"sk":{"a":0,"k":0,"ix":4},"sa":{"a":0,"k":0,"ix":5},"nm":"Transform"}],"nm":"Brow L In","np":2,"cix":2,"bm":0,"ix":1,"mn":"ADBE Vector Group","hd":false}],"ip":0,"op":15,"st":0,"bm":0},{"ddd":0,"ind":5,"ty":4,"nm":"Brow L In","parent":10,"sr":1,"ks":{"o":{"a":0,"k":100,"ix":11},"r":{"a":1,"k":[{"i":{"x":[0.952],"y":[1]},"o":{"x":[0.572],"y":[0]},"t":0,"s":[36]},{"t":12.5,"s":[27]}],"ix":10},"p":{"a":1,"k":[{"i":{"x":0.952,"y":1},"o":{"x":0.572,"y":0},"t":0,"s":[102,-203.25,0],"to":[0,17.667,0],"ti":[0,-17.667,0]},{"t":12.5,"s":[102,-97.25,0]}],"ix":2,"l":2},"a":{"a":0,"k":[-61,-245,0],"ix":1,"l":2},"s":{"a":0,"k":[-100,100,100],"ix":6,"l":2}},"ao":0,"shapes":[{"ty":"gr","it":[{"ind":0,"ty":"sh","ix":1,"ks":{"a":0,"k":{"i":[[50.25,-2.75],[0.384,-6.009],[0,0],[-22.25,-26.5],[-4.5,4.5],[9.007,8.667]],"o":[[-9.489,0.519],[-0.75,11.75],[0,0],[6.48,7.718],[4.5,-4.5],[-13.25,-12.75]],"v":[[-99.75,-263.5],[-115,-252.75],[-103.5,-241],[-31,-212.5],[-13,-211.25],[-17.5,-232.5]],"c":true},"ix":2},"nm":"Path 1","mn":"ADBE Vector Shape - Group","hd":false},{"ty":"fl","c":{"a":0,"k":[0.258823529412,0.16862745098,0.058823533152,1],"ix":4},"o":{"a":0,"k":100,"ix":5},"r":1,"bm":0,"nm":"Fill 1","mn":"ADBE Vector Graphic - Fill","hd":false},{"ty":"tr","p":{"a":0,"k":[0,0],"ix":2},"a":{"a":0,"k":[0,0],"ix":1},"s":{"a":0,"k":[100,100],"ix":3},"r":{"a":0,"k":0,"ix":6},"o":{"a":0,"k":100,"ix":7},"sk":{"a":0,"k":0,"ix":4},"sa":{"a":0,"k":0,"ix":5},"nm":"Transform"}],"nm":"Brow L In","np":2,"cix":2,"bm":0,"ix":1,"mn":"ADBE Vector Group","hd":false}],"ip":0,"op":15,"st":0,"bm":0},{"ddd":0,"ind":6,"ty":4,"nm":"Eye R Out","parent":10,"sr":1,"ks":{"o":{"a":0,"k":100,"ix":11},"r":{"a":0,"k":0,"ix":10},"p":{"a":1,"k":[{"i":{"x":0.667,"y":1},"o":{"x":0.333,"y":0},"t":117.5,"s":[-106.679,-91.99,0],"to":[0,3.5,0],"ti":[0,-11.745,0]},{"i":{"x":0.257,"y":1},"o":{"x":0.333,"y":0},"t":126.277,"s":[-106.679,-70.99,0],"to":[0,11.745,0],"ti":[0,0,0]},{"i":{"x":0.667,"y":1},"o":{"x":0.608,"y":0},"t":135.055,"s":[-106.679,-21.519,0],"to":[0,0,0],"ti":[0,11.745,0]},{"t":145,"s":[-106.679,-91.99,0]}],"ix":2,"l":2},"a":{"a":0,"k":[-84,-149,0],"ix":1,"l":2},"s":{"a":0,"k":[128.324,128.128,100],"ix":6,"l":2}},"ao":0,"shapes":[{"ty":"gr","it":[{"ind":0,"ty":"sh","ix":1,"ks":{"a":1,"k":[{"i":{"x":0.14,"y":1},"o":{"x":0.1,"y":0},"t":131.543,"s":[{"i":[[4.75,-3],[-1.75,-5.5],[-30.5,-0.5],[-4.757,4.757],[4.786,3.378],[7.428,-0.285],[17.75,-0.25],[0,0]],"o":[[-3.486,2.202],[2.928,9.202],[30.5,0.5],[5.75,-5.75],[-4.25,-3],[-6.964,0.267],[-19.255,0.271],[0,0]],"v":[[-140,-80.564],[-142.5,-69.064],[-93.711,-55.314],[-49.5,-62.814],[-46.25,-77.814],[-63.25,-79.314],[-93.961,-80.814],[-130,-82.564]],"c":true}]},{"i":{"x":0.94,"y":1},"o":{"x":0.82,"y":0},"t":135.055,"s":[{"i":[[4.75,-3],[-1.75,-5.5],[-30.5,-0.5],[-4.757,4.757],[4.786,3.378],[6.894,-2.778],[17.75,-0.25],[0,0]],"o":[[-3.486,2.202],[2.928,9.202],[30.5,0.5],[5.75,-5.75],[-4.25,-3],[-10.09,4.066],[-19.255,0.271],[0,0]],"v":[[-142.5,-81.064],[-144.5,-69.564],[-93.711,-47.814],[-46.5,-61.814],[-43.75,-77.814],[-60.25,-78.314],[-93.961,-73.314],[-131.5,-82.064]],"c":true}]},{"i":{"x":0.833,"y":1},"o":{"x":0.167,"y":0},"t":137.393,"s":[{"i":[[4.75,-3],[-1.75,-5.5],[-30.5,-0.5],[-4.757,4.757],[4.786,3.378],[7.428,-0.285],[17.75,-0.25],[0,0]],"o":[[-3.486,2.202],[2.928,9.202],[30.5,0.5],[5.75,-5.75],[-4.25,-3],[-6.964,0.267],[-19.255,0.271],[0,0]],"v":[[-140,-80.564],[-142.5,-69.064],[-93.711,-55.314],[-49.5,-62.814],[-46.25,-77.814],[-63.25,-79.314],[-93.961,-80.814],[-130,-82.564]],"c":true}]},{"t":140,"s":[{"i":[[5.69,-3],[-2.096,-5.5],[-36.535,-0.5],[-5.698,4.757],[5.732,3.378],[8.897,-0.285],[21.262,-0.25],[0,0]],"o":[[-4.176,2.202],[3.507,9.202],[36.535,0.5],[6.888,-5.75],[-5.091,-3],[-8.342,0.267],[-23.064,0.271],[0,0]],"v":[[-152.404,-80.557],[-155.399,-69.057],[-96.956,-55.307],[-43.997,-62.807],[-40.104,-77.807],[-60.468,-79.307],[-97.256,-80.807],[-140.426,-82.557]],"c":true}]}],"ix":2},"nm":"Path 1","mn":"ADBE Vector Shape - Group","hd":false},{"ty":"fl","c":{"a":0,"k":[0.258823529412,0.16862745098,0.058823533152,1],"ix":4},"o":{"a":0,"k":100,"ix":5},"r":1,"bm":0,"nm":"Fill 1","mn":"ADBE Vector Graphic - Fill","hd":false},{"ty":"tr","p":{"a":0,"k":[-84.059,-130.371],"ix":2},"a":{"a":0,"k":[-94.109,-49.496],"ix":1},"s":{"a":0,"k":[100,100],"ix":3},"r":{"a":0,"k":0,"ix":6},"o":{"a":1,"k":[{"t":117.5,"s":[0],"h":1},{"t":131.543,"s":[100],"h":1},{"t":140,"s":[0],"h":1}],"ix":7},"sk":{"a":0,"k":0,"ix":4},"sa":{"a":0,"k":0,"ix":5},"nm":"Transform"}],"nm":"( Out","np":2,"cix":2,"bm":0,"ix":1,"mn":"ADBE Vector Group","hd":false},{"ty":"gr","it":[{"ind":0,"ty":"sh","ix":1,"ks":{"a":0,"k":{"i":[[-21.746,-0.506],[0,-24.024],[20.5,0],[0,24.024]],"o":[[21.5,0.5],[0,24.024],[-22.001,0],[0,-24.024]],"v":[[0,-43.25],[35.75,0],[0,43.25],[-35.75,0]],"c":true},"ix":2},"nm":"Path 1","mn":"ADBE Vector Shape - Group","hd":false},{"ty":"fl","c":{"a":0,"k":[0.258823529412,0.16862745098,0.058823533152,1],"ix":4},"o":{"a":0,"k":100,"ix":5},"r":1,"bm":0,"nm":"Fill 1","mn":"ADBE Vector Graphic - Fill","hd":false},{"ty":"tr","p":{"a":0,"k":[-82.5,-149.5],"ix":2},"a":{"a":0,"k":[0,0],"ix":1},"s":{"a":1,"k":[{"i":{"x":[0.667,0.667],"y":[1,1]},"o":{"x":[0.333,0.333],"y":[0,0]},"t":126.277,"s":[100,100]},{"i":{"x":[0.667,0.667],"y":[1,1]},"o":{"x":[0.333,0.333],"y":[0,0]},"t":131.543,"s":[121,48]},{"i":{"x":[0.667,0.667],"y":[1,1]},"o":{"x":[0.333,0.333],"y":[0,0]},"t":137.393,"s":[121,48]},{"t":145,"s":[100,100]}],"ix":3},"r":{"a":0,"k":0,"ix":6},"o":{"a":1,"k":[{"t":117.5,"s":[100],"h":1},{"t":131.543,"s":[0],"h":1},{"t":140,"s":[100],"h":1}],"ix":7},"sk":{"a":0,"k":0,"ix":4},"sa":{"a":0,"k":0,"ix":5},"nm":"Transform"}],"nm":"0 Out","np":2,"cix":2,"bm":0,"ix":2,"mn":"ADBE Vector Group","hd":false}],"ip":132.5,"op":180,"st":117.5,"bm":0},{"ddd":0,"ind":7,"ty":4,"nm":"Eye L Out","parent":10,"sr":1,"ks":{"o":{"a":0,"k":100,"ix":11},"r":{"a":0,"k":0,"ix":10},"p":{"a":1,"k":[{"i":{"x":0.667,"y":1},"o":{"x":0.333,"y":0},"t":117.5,"s":[93.372,-93.033,0],"to":[0,0,0],"ti":[0,-8.755,0]},{"i":{"x":0.257,"y":1},"o":{"x":0.333,"y":0},"t":126.277,"s":[93.372,-72.033,0],"to":[0,6.358,0],"ti":[0,0,0]},{"i":{"x":0.667,"y":1},"o":{"x":0.608,"y":0},"t":135.055,"s":[93.372,-21.049,0],"to":[0,0,0],"ti":[0,0,0]},{"t":145,"s":[93.372,-93.033,0]}],"ix":2,"l":2},"a":{"a":0,"k":[-84,-149,0],"ix":1,"l":2},"s":{"a":0,"k":[128.324,128.128,100],"ix":6,"l":2}},"ao":0,"shapes":[{"ty":"gr","it":[{"ind":0,"ty":"sh","ix":1,"ks":{"a":0,"k":{"i":[[-21.746,-0.506],[0,-24.024],[20.5,0],[0,24.024]],"o":[[21.5,0.5],[0,24.024],[-22.001,0],[0,-24.024]],"v":[[0,-43.25],[35.75,0],[0,43.25],[-35.75,0]],"c":true},"ix":2},"nm":"Path 1","mn":"ADBE Vector Shape - Group","hd":false},{"ty":"fl","c":{"a":0,"k":[0.258823529412,0.16862745098,0.058823533152,1],"ix":4},"o":{"a":0,"k":100,"ix":5},"r":1,"bm":0,"nm":"Fill 1","mn":"ADBE Vector Graphic - Fill","hd":false},{"ty":"tr","p":{"a":0,"k":[-82.5,-149.5],"ix":2},"a":{"a":0,"k":[0,0],"ix":1},"s":{"a":1,"k":[{"i":{"x":[0.667,0.667],"y":[1,1]},"o":{"x":[0.333,0.333],"y":[0,0]},"t":126.277,"s":[100,100]},{"i":{"x":[0.667,0.667],"y":[1,1]},"o":{"x":[0.167,0.167],"y":[0,0]},"t":131.543,"s":[121,48]},{"i":{"x":[0.667,0.667],"y":[1,1]},"o":{"x":[0.167,0.167],"y":[0,0]},"t":137.393,"s":[121,48]},{"t":145,"s":[100,100]}],"ix":3},"r":{"a":0,"k":0,"ix":6},"o":{"a":1,"k":[{"t":117.5,"s":[100],"h":1},{"t":131.543,"s":[0],"h":1},{"t":140,"s":[100],"h":1}],"ix":7},"sk":{"a":0,"k":0,"ix":4},"sa":{"a":0,"k":0,"ix":5},"nm":"Transform"}],"nm":"0 Out","np":2,"cix":2,"bm":0,"ix":1,"mn":"ADBE Vector Group","hd":false},{"ty":"gr","it":[{"ind":0,"ty":"sh","ix":1,"ks":{"a":1,"k":[{"i":{"x":0.24,"y":1},"o":{"x":0.06,"y":0},"t":131.543,"s":[{"i":[[4.036,-5.009],[-3.22,-4.79],[-30.5,-0.5],[-4.757,4.757],[3.786,4.491],[7.268,-1.556],[17.75,-0.25],[0,0]],"o":[[-2.587,3.211],[5.036,7.491],[30.5,0.5],[5.75,-5.75],[-3.353,-3.977],[-6.964,1.491],[-19.255,0.271],[0,0]],"v":[[-141.5,-76.314],[-141.25,-65.314],[-94.086,-52.314],[-49.25,-61.064],[-44.75,-74.564],[-63,-76.064],[-94.336,-77.314],[-129.25,-79.314]],"c":true}]},{"i":{"x":0.96,"y":1},"o":{"x":0.74,"y":0},"t":135.055,"s":[{"i":[[4.75,-3],[-1.75,-5.5],[-30.5,-0.5],[-4.757,4.757],[4.786,3.378],[6.329,-3.898],[17.75,-0.25],[0,0]],"o":[[-3.486,2.202],[2.928,9.202],[30.5,0.5],[5.75,-5.75],[-4.25,-3],[-6.801,4.189],[-19.255,0.271],[0,0]],"v":[[-142.5,-80.564],[-145,-68.064],[-94,-46.814],[-46.5,-61.814],[-43.75,-79.314],[-60.25,-76.814],[-94.25,-71.814],[-132,-79.564]],"c":true}]},{"t":140,"s":[{"i":[[4.558,-5.009],[-3.637,-4.79],[-34.447,-0.5],[-5.372,4.757],[4.276,4.491],[8.209,-1.556],[20.047,-0.25],[0,0]],"o":[[-2.921,3.211],[5.687,7.491],[34.447,0.5],[6.494,-5.75],[-3.787,-3.977],[-7.866,1.491],[-21.746,0.271],[0,0]],"v":[[-137.693,-76.314],[-137.41,-65.314],[-84.144,-52.314],[-33.505,-61.064],[-28.423,-74.564],[-49.035,-76.064],[-84.426,-77.314],[-123.858,-79.314]],"c":true}]}],"ix":2},"nm":"Path 1","mn":"ADBE Vector Shape - Group","hd":false},{"ty":"fl","c":{"a":0,"k":[0.258823529412,0.16862745098,0.058823533152,1],"ix":4},"o":{"a":0,"k":100,"ix":5},"r":1,"bm":0,"nm":"Fill 1","mn":"ADBE Vector Graphic - Fill","hd":false},{"ty":"tr","p":{"a":0,"k":[-84.059,-130.371],"ix":2},"a":{"a":0,"k":[-94.109,-49.496],"ix":1},"s":{"a":0,"k":[100,100],"ix":3},"r":{"a":0,"k":0,"ix":6},"o":{"a":1,"k":[{"t":117.5,"s":[0],"h":1},{"t":131.543,"s":[100],"h":1},{"t":140,"s":[0],"h":1}],"ix":7},"sk":{"a":0,"k":0,"ix":4},"sa":{"a":0,"k":0,"ix":5},"nm":"Transform"}],"nm":"( Out","np":2,"cix":2,"bm":0,"ix":2,"mn":"ADBE Vector Group","hd":false}],"ip":132.5,"op":180,"st":117.5,"bm":0},{"ddd":0,"ind":8,"ty":4,"nm":"Eye R In","parent":10,"sr":1,"ks":{"o":{"a":0,"k":100,"ix":11},"r":{"a":0,"k":0,"ix":10},"p":{"a":1,"k":[{"i":{"x":0.667,"y":1},"o":{"x":0.333,"y":0},"t":0,"s":[-106.679,-91.99,0],"to":[0,3.5,0],"ti":[0,-11.745,0]},{"i":{"x":0.257,"y":1},"o":{"x":0.333,"y":0},"t":8.777,"s":[-106.679,-70.99,0],"to":[0,11.745,0],"ti":[0,0,0]},{"i":{"x":0.524,"y":1},"o":{"x":0.608,"y":0},"t":17.555,"s":[-106.679,-21.519,0],"to":[0,0,0],"ti":[0,10.17,0]},{"t":27.5,"s":[-106.679,-70.99,0]}],"ix":2,"l":2},"a":{"a":0,"k":[-84,-149,0],"ix":1,"l":2},"s":{"a":0,"k":[128.324,128.128,100],"ix":6,"l":2}},"ao":0,"shapes":[{"ty":"gr","it":[{"ind":0,"ty":"sh","ix":1,"ks":{"a":1,"k":[{"i":{"x":0.14,"y":1},"o":{"x":0.1,"y":0},"t":14.043,"s":[{"i":[[4.75,-3],[-1.75,-5.5],[-30.5,-0.5],[-4.757,4.757],[4.786,3.378],[7.428,-0.285],[17.75,-0.25],[0,0]],"o":[[-3.486,2.202],[2.928,9.202],[30.5,0.5],[5.75,-5.75],[-4.25,-3],[-6.964,0.267],[-19.255,0.271],[0,0]],"v":[[-140,-80.564],[-142.5,-69.064],[-93.711,-55.314],[-49.5,-62.814],[-46.25,-77.814],[-63.25,-79.314],[-93.961,-80.814],[-130,-82.564]],"c":true}]},{"t":17.5546875,"s":[{"i":[[4.75,-3],[-1.75,-5.5],[-30.5,-0.5],[-4.757,4.757],[4.786,3.378],[6.894,-2.778],[17.75,-0.25],[0,0]],"o":[[-3.486,2.202],[2.928,9.202],[30.5,0.5],[5.75,-5.75],[-4.25,-3],[-10.09,4.066],[-19.255,0.271],[0,0]],"v":[[-142.5,-81.064],[-144.5,-69.564],[-93.711,-47.814],[-46.5,-61.814],[-43.75,-77.814],[-60.25,-78.314],[-93.961,-73.314],[-131.5,-82.064]],"c":true}]}],"ix":2},"nm":"Path 1","mn":"ADBE Vector Shape - Group","hd":false},{"ty":"fl","c":{"a":0,"k":[0.258823529412,0.16862745098,0.058823533152,1],"ix":4},"o":{"a":0,"k":100,"ix":5},"r":1,"bm":0,"nm":"Fill 1","mn":"ADBE Vector Graphic - Fill","hd":false},{"ty":"tr","p":{"a":0,"k":[-84.059,-130.371],"ix":2},"a":{"a":0,"k":[-94.109,-49.496],"ix":1},"s":{"a":0,"k":[100,100],"ix":3},"r":{"a":0,"k":0,"ix":6},"o":{"a":1,"k":[{"t":0,"s":[0],"h":1},{"t":14.04296875,"s":[100],"h":1}],"ix":7},"sk":{"a":0,"k":0,"ix":4},"sa":{"a":0,"k":0,"ix":5},"nm":"Transform"}],"nm":"( In","np":2,"cix":2,"bm":0,"ix":1,"mn":"ADBE Vector Group","hd":false},{"ty":"gr","it":[{"ind":0,"ty":"sh","ix":1,"ks":{"a":0,"k":{"i":[[-21.746,-0.506],[0,-24.024],[20.5,0],[0,24.024]],"o":[[21.5,0.5],[0,24.024],[-22.001,0],[0,-24.024]],"v":[[0,-43.25],[35.75,0],[0,43.25],[-35.75,0]],"c":true},"ix":2},"nm":"Path 1","mn":"ADBE Vector Shape - Group","hd":false},{"ty":"fl","c":{"a":0,"k":[0.258823529412,0.16862745098,0.058823533152,1],"ix":4},"o":{"a":0,"k":100,"ix":5},"r":1,"bm":0,"nm":"Fill 1","mn":"ADBE Vector Graphic - Fill","hd":false},{"ty":"tr","p":{"a":0,"k":[-82.5,-149.5],"ix":2},"a":{"a":0,"k":[0,0],"ix":1},"s":{"a":1,"k":[{"i":{"x":[0.667,0.667],"y":[1,1]},"o":{"x":[0.333,0.333],"y":[0,0]},"t":8.777,"s":[100,100]},{"i":{"x":[0.667,0.667],"y":[1,1]},"o":{"x":[0.333,0.333],"y":[0,0]},"t":14.043,"s":[121,48]},{"i":{"x":[0.667,0.667],"y":[1,1]},"o":{"x":[0.333,0.333],"y":[0,0]},"t":19.893,"s":[121,48]},{"t":27.5,"s":[100,100]}],"ix":3},"r":{"a":0,"k":0,"ix":6},"o":{"a":1,"k":[{"t":0,"s":[100],"h":1},{"t":14.04296875,"s":[0],"h":1}],"ix":7},"sk":{"a":0,"k":0,"ix":4},"sa":{"a":0,"k":0,"ix":5},"nm":"Transform"}],"nm":"0 In","np":2,"cix":2,"bm":0,"ix":2,"mn":"ADBE Vector Group","hd":false}],"ip":0,"op":24,"st":0,"bm":0},{"ddd":0,"ind":9,"ty":4,"nm":"Eye L In","parent":10,"sr":1,"ks":{"o":{"a":0,"k":100,"ix":11},"r":{"a":0,"k":0,"ix":10},"p":{"a":1,"k":[{"i":{"x":0.667,"y":1},"o":{"x":0.333,"y":0},"t":0,"s":[93.372,-93.033,0],"to":[0,0,0],"ti":[0,-8.755,0]},{"i":{"x":0.257,"y":1},"o":{"x":0.333,"y":0},"t":8.777,"s":[93.372,-72.033,0],"to":[0,6.358,0],"ti":[0,0,0]},{"i":{"x":0.524,"y":1},"o":{"x":0.608,"y":0},"t":17.555,"s":[93.372,-21.049,0],"to":[0,0,0],"ti":[0,7.831,0]},{"t":27.5,"s":[93.372,-68.033,0]}],"ix":2,"l":2},"a":{"a":0,"k":[-84,-149,0],"ix":1,"l":2},"s":{"a":0,"k":[128.324,128.128,100],"ix":6,"l":2}},"ao":0,"shapes":[{"ty":"gr","it":[{"ind":0,"ty":"sh","ix":1,"ks":{"a":0,"k":{"i":[[-21.746,-0.506],[0,-24.024],[20.5,0],[0,24.024]],"o":[[21.5,0.5],[0,24.024],[-22.001,0],[0,-24.024]],"v":[[0,-43.25],[35.75,0],[0,43.25],[-35.75,0]],"c":true},"ix":2},"nm":"Path 1","mn":"ADBE Vector Shape - Group","hd":false},{"ty":"fl","c":{"a":0,"k":[0.258823529412,0.16862745098,0.058823533152,1],"ix":4},"o":{"a":0,"k":100,"ix":5},"r":1,"bm":0,"nm":"Fill 1","mn":"ADBE Vector Graphic - Fill","hd":false},{"ty":"tr","p":{"a":0,"k":[-82.5,-149.5],"ix":2},"a":{"a":0,"k":[0,0],"ix":1},"s":{"a":1,"k":[{"i":{"x":[0.667,0.667],"y":[1,1]},"o":{"x":[0.333,0.333],"y":[0,0]},"t":8.777,"s":[100,100]},{"i":{"x":[0.667,0.667],"y":[1,1]},"o":{"x":[0.167,0.167],"y":[0,0]},"t":14.043,"s":[121,48]},{"i":{"x":[0.667,0.667],"y":[1,1]},"o":{"x":[0.167,0.167],"y":[0,0]},"t":19.893,"s":[121,48]},{"t":27.5,"s":[100,100]}],"ix":3},"r":{"a":0,"k":0,"ix":6},"o":{"a":1,"k":[{"t":0,"s":[100],"h":1},{"t":14.04296875,"s":[0],"h":1}],"ix":7},"sk":{"a":0,"k":0,"ix":4},"sa":{"a":0,"k":0,"ix":5},"nm":"Transform"}],"nm":"0 In","np":2,"cix":2,"bm":0,"ix":1,"mn":"ADBE Vector Group","hd":false},{"ty":"gr","it":[{"ind":0,"ty":"sh","ix":1,"ks":{"a":1,"k":[{"i":{"x":0.24,"y":1},"o":{"x":0.06,"y":0},"t":14.043,"s":[{"i":[[4.036,-5.009],[-3.22,-4.79],[-30.5,-0.5],[-4.757,4.757],[3.786,4.491],[7.268,-1.556],[17.75,-0.25],[0,0]],"o":[[-2.587,3.211],[5.036,7.491],[30.5,0.5],[5.75,-5.75],[-3.353,-3.977],[-6.964,1.491],[-19.255,0.271],[0,0]],"v":[[-141.5,-76.314],[-141.25,-65.314],[-94.086,-52.314],[-49.25,-61.064],[-44.75,-74.564],[-63,-76.064],[-94.336,-77.314],[-129.25,-79.314]],"c":true}]},{"t":17.5546875,"s":[{"i":[[4.75,-3],[-1.75,-5.5],[-30.5,-0.5],[-4.757,4.757],[4.786,3.378],[6.329,-3.898],[17.75,-0.25],[0,0]],"o":[[-3.486,2.202],[2.928,9.202],[30.5,0.5],[5.75,-5.75],[-4.25,-3],[-6.801,4.189],[-19.255,0.271],[0,0]],"v":[[-142.5,-80.564],[-145,-68.064],[-94,-46.814],[-46.5,-61.814],[-43.75,-79.314],[-60.25,-76.814],[-94.25,-71.814],[-132,-79.564]],"c":true}]}],"ix":2},"nm":"Path 1","mn":"ADBE Vector Shape - Group","hd":false},{"ty":"fl","c":{"a":0,"k":[0.258823529412,0.16862745098,0.058823533152,1],"ix":4},"o":{"a":0,"k":100,"ix":5},"r":1,"bm":0,"nm":"Fill 1","mn":"ADBE Vector Graphic - Fill","hd":false},{"ty":"tr","p":{"a":0,"k":[-84.059,-130.371],"ix":2},"a":{"a":0,"k":[-94.109,-49.496],"ix":1},"s":{"a":0,"k":[100,100],"ix":3},"r":{"a":0,"k":0,"ix":6},"o":{"a":1,"k":[{"t":0,"s":[0],"h":1},{"t":14.04296875,"s":[100],"h":1}],"ix":7},"sk":{"a":0,"k":0,"ix":4},"sa":{"a":0,"k":0,"ix":5},"nm":"Transform"}],"nm":"( In","np":2,"cix":2,"bm":0,"ix":2,"mn":"ADBE Vector Group","hd":false}],"ip":0,"op":24,"st":0,"bm":0},{"ddd":0,"ind":10,"ty":3,"nm":"Face","parent":18,"sr":1,"ks":{"o":{"a":0,"k":0,"ix":11},"r":{"a":0,"k":0,"ix":10},"p":{"a":1,"k":[{"i":{"x":0.667,"y":1},"o":{"x":0.333,"y":0},"t":0,"s":[2.367,-0.59,0],"to":[0,3.107,0],"ti":[0.5,-0.75,0]},{"i":{"x":0.667,"y":1},"o":{"x":0.333,"y":0},"t":17.5,"s":[2.367,18.054,0],"to":[-0.5,0.75,0],"ti":[8.144,13.223,0]},{"i":{"x":0.667,"y":0.667},"o":{"x":0.333,"y":0.333},"t":35,"s":[-46.497,-61.284,0],"to":[0,0,0],"ti":[0,0,0]},{"i":{"x":0.833,"y":0.833},"o":{"x":0.485,"y":0},"t":62.5,"s":[-46.497,-61.284,0],"to":[1.689,28.78,0],"ti":[-14.653,-0.735,0]},{"i":{"x":0.485,"y":1},"o":{"x":0.167,"y":0.167},"t":78,"s":[1.219,-0.842,0],"to":[22.496,-1.036,0],"ti":[-1.578,25.237,0]},{"i":{"x":0.489,"y":1},"o":{"x":0.167,"y":0},"t":92.5,"s":[63.074,-58.284,0],"to":[0.34,-0.372,0],"ti":[0,0,0]},{"i":{"x":0.563,"y":1},"o":{"x":0.49,"y":0},"t":110,"s":[63.074,-58.284,0],"to":[0,0,0],"ti":[16.194,-8.833,0]},{"i":{"x":0.563,"y":1},"o":{"x":0.167,"y":0},"t":142.5,"s":[2.367,18.41,0],"to":[0.056,-0.333,0],"ti":[-0.056,2,0]},{"t":157.5,"s":[2.367,-0.59,0]}],"ix":2,"l":2},"a":{"a":0,"k":[0,0,0],"ix":1,"l":2},"s":{"a":0,"k":[83.333,83.333,100],"ix":6,"l":2}},"ao":0,"ip":0,"op":180,"st":0,"bm":0},{"ddd":0,"ind":11,"ty":4,"nm":"eyes","parent":10,"sr":1,"ks":{"o":{"a":0,"k":100,"ix":11},"r":{"a":0,"k":0,"ix":10},"p":{"a":1,"k":[{"i":{"x":0.833,"y":0.833},"o":{"x":0.167,"y":0.167},"t":24,"s":[0.665,14.633,0],"to":[0,-0.932,0],"ti":[0,0.932,0]},{"t":27,"s":[0.665,9.042,0]}],"ix":2,"l":2},"a":{"a":0,"k":[512,512,0],"ix":1,"l":2},"s":{"a":1,"k":[{"i":{"x":[0.667,0.667,0.667],"y":[1,1,1]},"o":{"x":[0.167,0.167,0.167],"y":[0,0.167,0]},"t":24,"s":[68.871,50,100]},{"t":29,"s":[68.871,68.871,100]}],"ix":6,"l":2}},"ao":0,"shapes":[{"ty":"gr","it":[{"ind":0,"ty":"sh","ix":1,"ks":{"a":0,"k":{"i":[[7.521,9.44],[0,0],[0,0],[0,0],[2,2.08],[2.241,1.68],[2.399,1.2],[1.839,0.4],[0.56,-0.08],[0,0],[0,0],[0,0],[0,0],[-0.4,0],[0,0],[0,0],[0,0],[1.679,-0.96],[2.08,-1.6],[2.08,-2.08],[2.4,-3.12],[0,0],[0,0],[14.08,10.08],[-1.759,10.8],[-1.6,5.68],[-4.32,7.28],[-11.04,8.32],[-8.639,3.12],[-2.481,0.64],[-2.721,0.48],[0,0],[0,0],[0,0],[0,0],[0,0],[-2.641,-0.4],[-4.88,-1.84],[-7.281,-5.6],[-6.801,-12],[-1.76,-4.48],[-1.04,-3.68],[-0.24,-1.92],[0,0],[16.321,-2.56],[0.24,0]],"o":[[0,0],[0,0],[0,0],[-1.76,-2],[-2,-2.08],[-2.08,-1.6],[-1.601,-0.88],[-0.561,-0.08],[0,0],[0,0],[0,0],[0,0],[-1.2,0],[0,0],[0.641,0],[0,0],[-1.84,0.4],[-2.321,1.2],[-2.399,1.76],[-4.24,4.08],[0,0],[0,0],[-11.6,12.88],[-8.96,-6.24],[0,0],[2.4,-8.16],[6.8,-12],[7.281,-5.6],[2.401,-0.96],[2.639,-0.8],[0,0],[0,0],[0,0],[0,0],[0,0],[2.719,0],[5.2,0.88],[8.639,3.12],[11.04,8.32],[2.479,4.16],[1.521,3.52],[0.56,1.92],[0,0],[2.561,16.32],[-0.24,0],[-11.92,2]],"v":[[36.359,43.24],[35.08,41.64],[31.639,37.24],[27.399,32.68],[21.559,26.68],[14.839,20.92],[8.12,16.6],[2.92,14.6],[1.239,14.6],[0.519,14.6],[-0.12,14.6],[2.04,14.6],[-2.361,14.6],[-2.361,14.6],[-1.721,14.6],[-1.721,14.6],[-2.601,14.6],[-7.88,16.6],[-14.521,20.92],[-21.241,26.68],[-31.641,37.8],[-35.801,42.6],[-37.561,44.76],[-82.601,49.64],[-94.361,21.8],[-92.201,12.92],[-82.201,-10.36],[-55.241,-41.16],[-31.241,-54.36],[-23.88,-56.68],[-15.88,-58.52],[-10.92,-59.24],[-6.92,-59.72],[-2.521,-59.72],[3.799,-59.72],[7.88,-59.72],[15.88,-58.6],[31,-54.52],[55,-41.32],[82.04,-10.52],[88.439,2.52],[92.279,13.32],[93.559,19.08],[93.559,21.08],[68.599,55.24],[67.88,55.32]],"c":true},"ix":2},"nm":"Path 1","mn":"ADBE Vector Shape - Group","hd":false},{"ty":"fl","c":{"a":0,"k":[0.258999992819,0.169000004787,0.051000000449,1],"ix":4},"o":{"a":0,"k":100,"ix":5},"r":1,"bm":0,"nm":"Fill 1","mn":"ADBE Vector Graphic - Fill","hd":false},{"ty":"tr","p":{"a":0,"k":[671.321,411.88],"ix":2},"a":{"a":0,"k":[0,0],"ix":1},"s":{"a":0,"k":[100,100],"ix":3},"r":{"a":0,"k":0,"ix":6},"o":{"a":0,"k":100,"ix":7},"sk":{"a":0,"k":0,"ix":4},"sa":{"a":0,"k":0,"ix":5},"nm":"Transform"}],"nm":"Group 3","np":2,"cix":2,"bm":0,"ix":1,"mn":"ADBE Vector Group","hd":false},{"ty":"gr","it":[{"ind":0,"ty":"sh","ix":1,"ks":{"a":0,"k":{"i":[[7.44,9.12],[0,0],[0,0],[0,0],[2,2.08],[2.24,1.68],[2.4,1.2],[1.84,0.4],[0.56,-0.08],[0,0],[0,0],[0,0],[0,0],[-0.4,0],[0,0],[0,0],[0,0],[1.68,-0.96],[2.08,-1.6],[2.08,-2.08],[2.4,-3.12],[0,0],[0,0],[14,10.08],[-1.76,10.8],[-1.52,5.68],[-4.24,7.36],[-11.04,8.32],[-8.64,3.12],[-2.48,0.64],[-2.72,0.48],[0,0],[0,0],[0,0],[0,0],[0,0],[-2.64,-0.4],[-4.88,-1.84],[-7.28,-5.6],[-6.8,-12],[-1.76,-4.48],[-1.04,-3.76],[-0.24,-1.92],[0,0],[16.32,-2.4],[0.4,-0.08]],"o":[[0,0],[0,0],[0,0],[-1.76,-2],[-2,-2.08],[-2.08,-1.6],[-1.6,-0.88],[-0.56,-0.08],[0,0],[0,0],[0,0],[0,0],[-1.2,0],[0,0],[0.64,0],[0,0],[-1.84,0.4],[-2.32,1.28],[-2.32,1.76],[-4.24,4.08],[0,0],[0,0],[-11.52,12.88],[-8.96,-6.24],[0,0],[2.4,-8.08],[6.8,-12],[7.28,-5.6],[2.4,-0.96],[2.64,-0.8],[0,0],[0,0],[0,0],[0,0],[0,0],[2.72,0],[5.12,0.88],[8.64,3.12],[11.04,8.32],[2.48,4.16],[1.52,3.6],[0.56,1.92],[0,0],[2.4,16.32],[-0.4,0.08],[-11.68,1.68]],"v":[[36.36,43.24],[35.16,41.64],[31.72,37.24],[27.48,32.68],[21.64,26.68],[14.92,20.92],[8.2,16.6],[3,14.6],[1.32,14.6],[0.6,14.6],[-0.04,14.6],[2.12,14.6],[-2.28,14.6],[-2.28,14.6],[-1.64,14.6],[-1.64,14.6],[-2.52,14.6],[-7.8,16.6],[-14.52,20.92],[-21.16,26.68],[-31.56,37.8],[-35.72,42.6],[-37.56,44.76],[-82.52,49.64],[-94.28,21.8],[-92.2,12.92],[-82.2,-10.36],[-55.16,-41.16],[-31.16,-54.36],[-23.8,-56.68],[-15.8,-58.52],[-10.92,-59.24],[-6.84,-59.72],[-2.44,-59.72],[3.88,-59.72],[7.96,-59.72],[15.96,-58.6],[31.08,-54.52],[55.08,-41.32],[82.12,-10.52],[88.52,2.52],[92.36,13.48],[93.64,19.24],[93.64,21.24],[68.36,55.16],[67.16,55.32]],"c":true},"ix":2},"nm":"Path 1","mn":"ADBE Vector Shape - Group","hd":false},{"ty":"fl","c":{"a":0,"k":[0.258999992819,0.169000004787,0.051000000449,1],"ix":4},"o":{"a":0,"k":100,"ix":5},"r":1,"bm":0,"nm":"Fill 1","mn":"ADBE Vector Graphic - Fill","hd":false},{"ty":"tr","p":{"a":0,"k":[355.64,411.88],"ix":2},"a":{"a":0,"k":[0,0],"ix":1},"s":{"a":0,"k":[100,100],"ix":3},"r":{"a":0,"k":0,"ix":6},"o":{"a":0,"k":100,"ix":7},"sk":{"a":0,"k":0,"ix":4},"sa":{"a":0,"k":0,"ix":5},"nm":"Transform"}],"nm":"Group 4","np":2,"cix":2,"bm":0,"ix":2,"mn":"ADBE Vector Group","hd":false}],"ip":24,"op":132.5,"st":0,"bm":0},{"ddd":0,"ind":12,"ty":4,"nm":"Mouth_new","parent":14,"sr":1,"ks":{"o":{"a":0,"k":100,"ix":11},"r":{"a":0,"k":0,"ix":10},"p":{"a":0,"k":[1.381,21.77,0],"ix":2,"l":2},"a":{"a":0,"k":[512,512,0],"ix":1,"l":2},"s":{"a":0,"k":[69.5,69.5,100],"ix":6,"l":2}},"ao":0,"shapes":[{"ty":"gr","it":[{"ind":0,"ty":"sh","ix":1,"ks":{"a":0,"k":{"i":[[10.88,20.16],[21.76,-8.16],[85.44,0.4],[82.08,23.92],[11.2,-20.16],[-9.2,-20.08],[-5.04,-8.56],[-14.56,18.08],[-9.12,0.48],[-3.6,-1.12],[-87.12,0.16],[0,0],[-83.52,24.56],[-3.761,0],[-4.96,-7.68],[0,0],[-4.16,9.12]],"o":[[-11.359,-20.24],[-82.08,23.92],[-85.52,0.4],[-21.52,-8.16],[-10.88,20.08],[4.08,9.04],[0,0],[4.96,-7.68],[3.76,0],[83.52,24.56],[0,0],[87.12,0.16],[3.6,-1.12],[9.119,0.48],[14.8,18.08],[4.96,-8.56],[9.12,-20.08]],"v":[[309.96,-30.36],[252.44,-51.4],[-0.2,-15.96],[-252.92,-51.4],[-309.96,-30.6],[-303.8,32.84],[-290.12,59.32],[-292.36,-21],[-269.96,-33.96],[-258.92,-32.2],[-1.64,4.6],[1.16,4.6],[258.44,-32.2],[269.481,-33.96],[291.96,-21],[289.72,59.56],[303.8,33.08]],"c":true},"ix":2},"nm":"Path 1","mn":"ADBE Vector Shape - Group","hd":false},{"ty":"fl","c":{"a":0,"k":[0.922000002394,0.560999971278,0,1],"ix":4},"o":{"a":0,"k":100,"ix":5},"r":1,"bm":0,"nm":"Fill 1","mn":"ADBE Vector Graphic - Fill","hd":false},{"ty":"tr","p":{"a":0,"k":[506.92,603.4],"ix":2},"a":{"a":0,"k":[0,0],"ix":1},"s":{"a":0,"k":[100,100],"ix":3},"r":{"a":0,"k":0,"ix":6},"o":{"a":0,"k":100,"ix":7},"sk":{"a":0,"k":0,"ix":4},"sa":{"a":0,"k":0,"ix":5},"nm":"Transform"}],"nm":"Group 1","np":2,"cix":2,"bm":0,"ix":1,"mn":"ADBE Vector Group","hd":false},{"ty":"gr","it":[{"ind":0,"ty":"sh","ix":1,"ks":{"a":0,"k":{"i":[[3.28,-2.479],[91.921,-23.681],[0,0],[10.801,-1.2],[0,0],[37.919,-0.8],[0,0],[0,0],[0,0],[0,0],[3.44,0],[0,0],[36.48,6.479],[0,0],[10.48,1.841],[0,0],[0.64,0.559],[3.36,0.081],[-4.48,-9.361],[-3.2,-5.92],[-46.32,-9.681],[0,0],[0,0],[-10.88,-3.92],[0,0],[-36.96,-0.559],[0,0],[0,0],[0,0],[-6.32,0],[0,0],[0,0],[0,0],[0,0],[0,0],[-37.359,6.88],[0,0],[-10.399,4.879],[0,0],[-43.52,24.799],[-0.8,1.76],[-1.52,13.119]],"o":[[-0.72,0.48],[0,0],[-10.479,1.6],[0,0],[-37.199,7.36],[0,0],[0,0],[0,0],[0,0],[3.44,0.08],[0,0],[-37.04,-0.639],[0,0],[-10.88,-1.439],[0,0],[-94.56,-22.481],[-2.64,-2.08],[2.24,10.081],[2.8,6.159],[41.84,22.159],[0,0],[0,0],[10.4,5.04],[0,0],[36.48,6.08],[0,0],[0,0],[0,0],[6.16,0],[0,0],[0,0],[0,0],[0,0],[0,0],[37.92,-0.72],[0,0],[10.881,-3.679],[0,0],[48.801,-11.199],[0.8,-1.76],[5.84,-11.839],[-4.081,-0.481]],"v":[[300.76,-88.841],[159.239,-28.12],[159.239,-118.521],[127.239,-114.36],[127.239,-20.921],[14.28,-8.681],[14.28,-108.039],[1.64,-108.039],[-17.72,-108.039],[-17.72,-8.681],[-17.72,-8.521],[-17.88,-8.681],[-128.28,-19.319],[-128.28,-116.841],[-160.28,-121.801],[-160.28,-26.039],[-303,-85],[-312.28,-88.36],[-302.2,-59.079],[-293.16,-41.079],[-160.28,6.921],[-160.28,7.079],[-160.28,85.8],[-128.28,99.319],[-128.28,13.319],[-17.88,23.319],[-17.72,23.479],[-17.88,23.479],[-17.88,121.159],[0.84,121.8],[2.12,121.8],[14.12,121.8],[14.12,23.319],[13.64,23.319],[14.12,23.319],[127.239,11.88],[127.239,101.559],[159.239,88.68],[159.239,5.079],[298.52,-49.24],[301.08,-54.36],[312.28,-92.039]],"c":true},"ix":2},"nm":"Path 1","mn":"ADBE Vector Shape - Group","hd":false},{"ty":"fl","c":{"a":0,"k":[0.702000038297,0.702000038297,0.702000038297,1],"ix":4},"o":{"a":0,"k":100,"ix":5},"r":1,"bm":0,"nm":"Fill 1","mn":"ADBE Vector Graphic - Fill","hd":false},{"ty":"tr","p":{"a":0,"k":[506.36,695.48],"ix":2},"a":{"a":0,"k":[0,0],"ix":1},"s":{"a":0,"k":[100,100],"ix":3},"r":{"a":0,"k":0,"ix":6},"o":{"a":0,"k":100,"ix":7},"sk":{"a":0,"k":0,"ix":4},"sa":{"a":0,"k":0,"ix":5},"nm":"Transform"}],"nm":"Group 2","np":2,"cix":2,"bm":0,"ix":2,"mn":"ADBE Vector Group","hd":false},{"ty":"gr","it":[{"ind":0,"ty":"sh","ix":1,"ks":{"a":0,"k":{"i":[[10.881,20.08],[21.599,-8.24],[88.641,-0.079],[82.08,24],[11.201,-20.16],[-9.121,-20.081],[-138.401,-0.4],[0,0],[-51.441,112.8]],"o":[[-11.199,-20.159],[-72,22.401],[-85.52,0.32],[-21.601,-8.24],[-10.879,20.08],[51.839,112.96],[0,0],[138.4,0],[9.119,-20.08]],"v":[[307.799,-102.76],[250.68,-123.56],[2.039,-92.84],[-250.68,-128.44],[-307.801,-107.64],[-301.64,-44.199],[1.4,136.68],[2.679,136.68],[301.64,-39.32]],"c":true},"ix":2},"nm":"Path 1","mn":"ADBE Vector Shape - Group","hd":false},{"ty":"fl","c":{"a":0,"k":[1,1,1,1],"ix":4},"o":{"a":0,"k":100,"ix":5},"r":1,"bm":0,"nm":"Fill 1","mn":"ADBE Vector Graphic - Fill","hd":false},{"ty":"tr","p":{"a":0,"k":[505.801,680.44],"ix":2},"a":{"a":0,"k":[0,0],"ix":1},"s":{"a":0,"k":[100,100],"ix":3},"r":{"a":0,"k":0,"ix":6},"o":{"a":0,"k":100,"ix":7},"sk":{"a":0,"k":0,"ix":4},"sa":{"a":0,"k":0,"ix":5},"nm":"Transform"}],"nm":"Group 5","np":2,"cix":2,"bm":0,"ix":5,"mn":"ADBE Vector Group","hd":false}],"ip":32.5,"op":122.5,"st":0,"bm":0},{"ddd":0,"ind":13,"ty":4,"nm":"Mouth 2","parent":10,"sr":1,"ks":{"o":{"a":0,"k":100,"ix":11},"r":{"a":0,"k":0,"ix":10},"p":{"a":1,"k":[{"i":{"x":0.667,"y":1},"o":{"x":0.333,"y":0},"t":0,"s":[-0.689,68.755,0],"to":[0,5.5,0],"ti":[0,0,0]},{"i":{"x":0.667,"y":1},"o":{"x":0.333,"y":0},"t":15,"s":[-0.689,101.755,0],"to":[0,0,0],"ti":[0,5.5,0]},{"i":{"x":0.667,"y":0.667},"o":{"x":0.167,"y":0.167},"t":35,"s":[-0.689,68.755,0],"to":[0,0,0],"ti":[0,0,0]},{"i":{"x":0.667,"y":0.667},"o":{"x":0.167,"y":0.167},"t":77.5,"s":[-0.689,68.755,0],"to":[0,0,0],"ti":[0,0,0]},{"t":92.5,"s":[-0.689,68.755,0]}],"ix":2,"l":2},"a":{"a":0,"k":[0,82,0],"ix":1,"l":2},"s":{"a":1,"k":[{"i":{"x":[0.57,0.57,0.57],"y":[1,1,1]},"o":{"x":[0.31,0.31,0.31],"y":[0,0,0]},"t":0,"s":[83,100,100]},{"i":{"x":[0.833,0.833,0.833],"y":[1,1,1]},"o":{"x":[0.31,0.31,0.31],"y":[0,0,0]},"t":15,"s":[83,100,100]},{"i":{"x":[0.833,0.833,0.833],"y":[1,1,1]},"o":{"x":[0.207,0.207,0.207],"y":[0,0,0]},"t":35,"s":[105,105,100]},{"i":{"x":[0.702,0.702,0.702],"y":[1,1,1]},"o":{"x":[0.207,0.207,0.207],"y":[0,0,0]},"t":40,"s":[100,100,100]},{"i":{"x":[0.667,0.667,0.667],"y":[1,1,1]},"o":{"x":[0.333,0.333,0.333],"y":[0,0,0]},"t":62.5,"s":[100,100,100]},{"i":{"x":[0.667,0.667,0.667],"y":[1,1,1]},"o":{"x":[0.333,0.333,0.333],"y":[0,0,0]},"t":77.5,"s":[99,99,100]},{"i":{"x":[0.667,0.667,0.667],"y":[1,1,1]},"o":{"x":[0.333,0.333,0.333],"y":[0,0,0]},"t":92.5,"s":[100,100,100]},{"i":{"x":[0.57,0.57,0.57],"y":[1,1,1]},"o":{"x":[0.333,0.333,0.333],"y":[0,0,0]},"t":120,"s":[100,100,100]},{"t":147.5,"s":[83,100,100]}],"ix":6,"l":2}},"ao":0,"shapes":[{"ty":"gr","it":[{"ind":0,"ty":"sh","ix":1,"ks":{"a":1,"k":[{"i":{"x":0.667,"y":1},"o":{"x":0.532,"y":0},"t":0,"s":[{"i":[[1.364,14.191],[182.686,48.214],[-11.432,-14.111],[-158.291,50.789]],"o":[[0.387,0],[0,0.5],[-0.193,0.125],[-0.774,0]],"v":[[167.868,78.325],[-171.473,82.402],[-162.797,100.531],[161.379,96.082]],"c":true}]},{"i":{"x":0.667,"y":1},"o":{"x":0.333,"y":0},"t":15,"s":[{"i":[[1.003,8.866],[134.358,30.122],[-8.407,-8.816],[-116.417,31.731]],"o":[[0.285,0],[0,0.312],[-0.142,0.078],[-0.569,0]],"v":[[123.132,81.251],[-126.439,83.798],[-120.058,95.125],[118.36,92.345]],"c":true}]},{"i":{"x":0.833,"y":0.833},"o":{"x":0.333,"y":0},"t":35,"s":[{"i":[[0,14],[221.5,117.5],[-8.25,-15.875],[-208,110]],"o":[[0.5,0],[0,0.5],[-0.25,0.125],[-1,0]],"v":[[210.75,91],[-212.875,95.125],[-204.75,122.375],[204.75,115]],"c":true}]},{"i":{"x":0.833,"y":0.833},"o":{"x":0.167,"y":0.167},"t":77.5,"s":[{"i":[[0,14],[221.5,117.5],[-5.767,-7.006],[-201.991,108.817]],"o":[[0.5,0],[0,0.5],[5.767,7.006],[-1,0]],"v":[[210.75,88.696],[-212.875,92.821],[-204.75,120.766],[204.75,114.956]],"c":true}]},{"i":{"x":0.833,"y":1},"o":{"x":0.167,"y":0.167},"t":92.5,"s":[{"i":[[0,14],[221.5,117.5],[-5.767,-7.006],[-201.991,108.817]],"o":[[0.5,0],[0,0.5],[5.767,7.006],[-1,0]],"v":[[210.75,88.696],[-212.875,92.821],[-204.75,120.766],[204.75,114.956]],"c":true}]},{"i":{"x":0.578,"y":1},"o":{"x":0.367,"y":0},"t":120,"s":[{"i":[[0,14],[221.5,117.5],[-8.25,-15.875],[-208,110]],"o":[[0.5,0],[0,0.5],[-0.25,0.125],[-1,0]],"v":[[210.75,91],[-212.875,95.125],[-204.75,122.375],[204.75,115]],"c":true}]},{"t":147.5,"s":[{"i":[[1.364,14.191],[182.686,48.214],[-11.432,-14.111],[-158.291,50.789]],"o":[[0.387,0],[0,0.5],[-0.193,0.125],[-0.774,0]],"v":[[167.868,78.325],[-171.473,82.402],[-162.797,100.531],[161.379,96.082]],"c":true}]}],"ix":2},"nm":"Path 1","mn":"ADBE Vector Shape - Group","hd":false},{"ty":"fl","c":{"a":0,"k":[0.701960784314,0.701960784314,0.701960784314,1],"ix":4},"o":{"a":0,"k":100,"ix":5},"r":1,"bm":0,"nm":"Fill 1","mn":"ADBE Vector Graphic - Fill","hd":false},{"ty":"tr","p":{"a":0,"k":[0,0],"ix":2},"a":{"a":0,"k":[0,0],"ix":1},"s":{"a":0,"k":[100,100],"ix":3},"r":{"a":0,"k":0,"ix":6},"o":{"a":0,"k":100,"ix":7},"sk":{"a":0,"k":0,"ix":4},"sa":{"a":0,"k":0,"ix":5},"nm":"Transform"}],"nm":"Teeth 04","np":2,"cix":2,"bm":0,"ix":1,"mn":"ADBE Vector Group","hd":false},{"ty":"gr","it":[{"ind":0,"ty":"sh","ix":1,"ks":{"a":1,"k":[{"i":{"x":0.667,"y":1},"o":{"x":0.333,"y":0},"t":0,"s":[{"i":[[0,0],[0,0],[0,0],[-7.563,2.241]],"o":[[0,0],[0,0],[0,0],[0.5,-0.569]],"v":[[105.103,60.004],[84.619,61.094],[84.619,144.332],[105,137.936]],"c":true}]},{"i":{"x":0.667,"y":1},"o":{"x":0.333,"y":0},"t":15,"s":[{"i":[[0,0],[0,0],[0,0],[-5.562,1.4]],"o":[[0,0],[0,0],[0,0],[0.368,-0.356]],"v":[[76.972,69.805],[61.906,70.486],[61.906,122.49],[76.895,118.494]],"c":true}]},{"i":{"x":0.833,"y":0.833},"o":{"x":0.333,"y":0},"t":35,"s":[{"i":[[0,0],[0,0],[0,0],[-7.563,3.938]],"o":[[0,0],[0,0],[0,0],[0.5,-1]],"v":[[105,76.375],[84.5,79.625],[84.5,220.25],[105,212.063]],"c":true}]},{"i":{"x":0.833,"y":0.833},"o":{"x":0.167,"y":0.167},"t":77.5,"s":[{"i":[[0,0],[0,0],[0,0],[-8.115,3.938]],"o":[[0,0],[0,0],[0,0],[0.537,-1]],"v":[[107.887,79.158],[85.89,82.408],[85.89,223.033],[107.887,214.845]],"c":true}]},{"i":{"x":0.833,"y":1},"o":{"x":0.167,"y":0.167},"t":92.5,"s":[{"i":[[0,0],[0,0],[0,0],[-8.115,3.938]],"o":[[0,0],[0,0],[0,0],[0.537,-1]],"v":[[107.887,79.158],[85.89,82.408],[85.89,223.033],[107.887,214.845]],"c":true}]},{"i":{"x":0.667,"y":1},"o":{"x":0.167,"y":0},"t":120,"s":[{"i":[[0,0],[0,0],[0,0],[-7.563,3.938]],"o":[[0,0],[0,0],[0,0],[0.5,-1]],"v":[[105,76.375],[84.5,79.625],[84.5,220.25],[105,212.063]],"c":true}]},{"t":147.5,"s":[{"i":[[0,0],[0,0],[0,0],[-7.563,2.241]],"o":[[0,0],[0,0],[0,0],[0.5,-0.569]],"v":[[105.103,60.004],[84.619,61.094],[84.619,144.332],[105,137.936]],"c":true}]}],"ix":2},"nm":"Path 1","mn":"ADBE Vector Shape - Group","hd":false},{"ty":"fl","c":{"a":0,"k":[0.701960784314,0.701960784314,0.701960784314,1],"ix":4},"o":{"a":0,"k":100,"ix":5},"r":1,"bm":0,"nm":"Fill 1","mn":"ADBE Vector Graphic - Fill","hd":false},{"ty":"tr","p":{"a":0,"k":[0,0],"ix":2},"a":{"a":0,"k":[0,0],"ix":1},"s":{"a":0,"k":[100,100],"ix":3},"r":{"a":0,"k":0,"ix":6},"o":{"a":0,"k":100,"ix":7},"sk":{"a":0,"k":0,"ix":4},"sa":{"a":0,"k":0,"ix":5},"nm":"Transform"}],"nm":"Teeth 03","np":2,"cix":2,"bm":0,"ix":2,"mn":"ADBE Vector Group","hd":false},{"ty":"gr","it":[{"ind":0,"ty":"sh","ix":1,"ks":{"a":1,"k":[{"i":{"x":0.667,"y":1},"o":{"x":0.333,"y":0},"t":0,"s":[{"i":[[0,0],[0,0],[-11.983,-3.366],[0,0]],"o":[[0,0],[0,0],[0,0],[0,0]],"v":[[-115,60.004],[-115,133.741],[-95.114,141.284],[-95.099,60.972]],"c":true}]},{"i":{"x":0.667,"y":1},"o":{"x":0.333,"y":0},"t":15,"s":[{"i":[[0,0],[0,0],[-8.813,-2.103],[0,0]],"o":[[0,0],[0,0],[0,0],[0,0]],"v":[[-84.906,69.805],[-84.906,115.873],[-70.281,120.585],[-70.269,70.409]],"c":true}]},{"i":{"x":0.833,"y":0.833},"o":{"x":0.333,"y":0},"t":35,"s":[{"i":[[0,0],[0,0],[-13,-3.5],[0,0]],"o":[[0,0],[0,0],[0,0],[0,0]],"v":[[-115,74.5],[-115,208],[-95,218],[-95,78.75]],"c":true}]},{"i":{"x":0.833,"y":0.833},"o":{"x":0.167,"y":0.167},"t":77.5,"s":[{"i":[[0,0],[0,0],[-14.284,-3.5],[0,0]],"o":[[0,0],[0,0],[0,0],[0,0]],"v":[[-114,74.5],[-114,208],[-92.025,218],[-92.025,78.75]],"c":true}]},{"i":{"x":0.833,"y":1},"o":{"x":0.167,"y":0.167},"t":92.5,"s":[{"i":[[0,0],[0,0],[-14.284,-3.5],[0,0]],"o":[[0,0],[0,0],[0,0],[0,0]],"v":[[-114,74.5],[-114,208],[-92.025,218],[-92.025,78.75]],"c":true}]},{"i":{"x":0.667,"y":1},"o":{"x":0.167,"y":0},"t":120,"s":[{"i":[[0,0],[0,0],[-13,-3.5],[0,0]],"o":[[0,0],[0,0],[0,0],[0,0]],"v":[[-115,74.5],[-115,208],[-95,218],[-95,78.75]],"c":true}]},{"t":147.5,"s":[{"i":[[0,0],[0,0],[-11.983,-3.366],[0,0]],"o":[[0,0],[0,0],[0,0],[0,0]],"v":[[-115,60.004],[-115,133.741],[-95.114,141.284],[-95.099,60.972]],"c":true}]}],"ix":2},"nm":"Path 1","mn":"ADBE Vector Shape - Group","hd":false},{"ty":"fl","c":{"a":0,"k":[0.701960784314,0.701960784314,0.701960784314,1],"ix":4},"o":{"a":0,"k":100,"ix":5},"r":1,"bm":0,"nm":"Fill 1","mn":"ADBE Vector Graphic - Fill","hd":false},{"ty":"tr","p":{"a":0,"k":[0,0],"ix":2},"a":{"a":0,"k":[0,0],"ix":1},"s":{"a":0,"k":[100,100],"ix":3},"r":{"a":0,"k":0,"ix":6},"o":{"a":0,"k":100,"ix":7},"sk":{"a":0,"k":0,"ix":4},"sa":{"a":0,"k":0,"ix":5},"nm":"Transform"}],"nm":"Teeth 02","np":2,"cix":2,"bm":0,"ix":3,"mn":"ADBE Vector Group","hd":false},{"ty":"gr","it":[{"ind":0,"ty":"sh","ix":1,"ks":{"a":1,"k":[{"i":{"x":0.667,"y":1},"o":{"x":0.333,"y":0},"t":0,"s":[{"i":[[-0.5,0],[0,0],[0,0],[0,0]],"o":[[0.5,0],[0,0],[0,0],[0,0]],"v":[[4.5,63.56],[-15,63.56],[-15,152.459],[4.5,152.459]],"c":true}]},{"i":{"x":0.667,"y":1},"o":{"x":0.333,"y":0},"t":15,"s":[{"i":[[-0.368,0],[0,0],[0,0],[0,0]],"o":[[0.368,0],[0,0],[0,0],[0,0]],"v":[[2.982,72.026],[-11.36,72.026],[-11.36,127.568],[2.982,127.568]],"c":true}]},{"i":{"x":0.833,"y":0.833},"o":{"x":0.333,"y":0},"t":35,"s":[{"i":[[-0.5,0],[0,0],[0,0],[0,0]],"o":[[0.5,0],[0,0],[0,0],[0,0]],"v":[[4.5,86.5],[-15,86.5],[-15,233.5],[4.5,233.5]],"c":true}]},{"i":{"x":0.833,"y":0.833},"o":{"x":0.167,"y":0.167},"t":77.5,"s":[{"i":[[-0.5,0],[0,0],[0,0],[0,0]],"o":[[0.5,0],[0,0],[0,0],[0,0]],"v":[[7.109,86.5],[-15,86.5],[-15,233.5],[7.109,233.5]],"c":true}]},{"i":{"x":0.833,"y":1},"o":{"x":0.167,"y":0.167},"t":92.5,"s":[{"i":[[-0.5,0],[0,0],[0,0],[0,0]],"o":[[0.5,0],[0,0],[0,0],[0,0]],"v":[[7.109,86.5],[-15,86.5],[-15,233.5],[7.109,233.5]],"c":true}]},{"i":{"x":0.667,"y":1},"o":{"x":0.167,"y":0},"t":120,"s":[{"i":[[-0.5,0],[0,0],[0,0],[0,0]],"o":[[0.5,0],[0,0],[0,0],[0,0]],"v":[[4.5,86.5],[-15,86.5],[-15,233.5],[4.5,233.5]],"c":true}]},{"t":147.5,"s":[{"i":[[-0.5,0],[0,0],[0,0],[0,0]],"o":[[0.5,0],[0,0],[0,0],[0,0]],"v":[[4.5,63.56],[-15,63.56],[-15,152.459],[4.5,152.459]],"c":true}]}],"ix":2},"nm":"Path 1","mn":"ADBE Vector Shape - Group","hd":false},{"ty":"fl","c":{"a":0,"k":[0.701960784314,0.701960784314,0.701960784314,1],"ix":4},"o":{"a":0,"k":100,"ix":5},"r":1,"bm":0,"nm":"Fill 1","mn":"ADBE Vector Graphic - Fill","hd":false},{"ty":"tr","p":{"a":0,"k":[0,0],"ix":2},"a":{"a":0,"k":[0,0],"ix":1},"s":{"a":0,"k":[100,100],"ix":3},"r":{"a":0,"k":0,"ix":6},"o":{"a":0,"k":100,"ix":7},"sk":{"a":0,"k":0,"ix":4},"sa":{"a":0,"k":0,"ix":5},"nm":"Transform"}],"nm":"Teeth 01","np":2,"cix":2,"bm":0,"ix":4,"mn":"ADBE Vector Group","hd":false},{"ty":"gr","it":[{"ind":0,"ty":"sh","ix":1,"ks":{"a":1,"k":[{"i":{"x":0.667,"y":1},"o":{"x":0.333,"y":0},"t":0,"s":[{"i":[[43.958,2.733],[-8.809,-14.292],[-104.121,0],[-16.017,21.778],[31.814,-1.777]],"o":[[-32.834,-2.042],[8.809,14.292],[115.32,0],[17.236,-23.436],[-167.629,9.364]],"v":[[-146.8,58.088],[-164.418,98.922],[-7.674,152.459],[159.921,100.283],[135.896,58.768]],"c":true}]},{"i":{"x":0.667,"y":1},"o":{"x":0.333,"y":0},"t":15,"s":[{"i":[[32.329,1.708],[-6.479,-8.929],[-76.577,0],[-11.78,13.606],[23.398,-1.11]],"o":[[-24.148,-1.276],[6.479,8.929],[84.814,0],[12.676,-14.642],[-123.284,5.85]],"v":[[-108.293,68.607],[-121.251,94.119],[-5.971,127.568],[117.287,94.97],[99.618,69.033]],"c":true}]},{"i":{"x":0.833,"y":0.833},"o":{"x":0.333,"y":0},"t":35,"s":[{"i":[[54.89,4.016],[-11,-21],[-130.015,0],[-20,32],[38.97,-10.117]],"o":[[-41,-3],[11,21],[144,0],[21.522,-34.435],[-208,54]],"v":[[-183,61],[-205,121],[-9,234],[200,123],[170,62]],"c":true}]},{"i":{"x":0.833,"y":0.833},"o":{"x":0.167,"y":0.167},"t":77.5,"s":[{"i":[[49.757,14.25],[-6.505,-28.358],[-125.982,-1.183],[-20,32],[37.119,-10.032]],"o":[[-40.315,-11.546],[11,21],[143.994,1.352],[9.022,-45.663],[-171.937,46.468]],"v":[[-177.087,63.783],[-205,125.174],[-7.609,234],[201.391,123.696],[171.913,64.957]],"c":true}]},{"i":{"x":0.833,"y":1},"o":{"x":0.167,"y":0.167},"t":92.5,"s":[{"i":[[46.626,18.772],[-11,-21],[-130.015,0],[-20,32],[36.827,-11.057]],"o":[[-38.135,-15.353],[11,21],[144,0],[21.522,-34.435],[-143.763,43.163]],"v":[[-177.087,64.304],[-203.261,121],[-9,234],[200,123],[171.913,64.957]],"c":true}]},{"i":{"x":0.667,"y":1},"o":{"x":0.167,"y":0},"t":120,"s":[{"i":[[54.89,4.016],[-11,-21],[-130.015,0],[-20,32],[38.97,-10.117]],"o":[[-41,-3],[11,21],[144,0],[21.522,-34.435],[-208,54]],"v":[[-183,61],[-205,121],[-9,234],[200,123],[170,62]],"c":true}]},{"t":147.5,"s":[{"i":[[43.958,2.733],[-8.809,-14.292],[-104.121,0],[-16.017,21.778],[31.814,-1.777]],"o":[[-32.834,-2.042],[8.809,14.292],[115.32,0],[17.236,-23.436],[-167.629,9.364]],"v":[[-146.8,58.088],[-164.418,98.922],[-7.674,152.459],[159.921,100.283],[135.896,58.768]],"c":true}]}],"ix":2},"nm":"Path 1","mn":"ADBE Vector Shape - Group","hd":false},{"ty":"fl","c":{"a":0,"k":[1,1,1,1],"ix":4},"o":{"a":0,"k":100,"ix":5},"r":1,"bm":0,"nm":"Fill 1","mn":"ADBE Vector Graphic - Fill","hd":false},{"ty":"tr","p":{"a":0,"k":[0,0],"ix":2},"a":{"a":0,"k":[0,0],"ix":1},"s":{"a":0,"k":[100,100],"ix":3},"r":{"a":0,"k":0,"ix":6},"o":{"a":0,"k":100,"ix":7},"sk":{"a":0,"k":0,"ix":4},"sa":{"a":0,"k":0,"ix":5},"nm":"Transform"}],"nm":"Fill","np":2,"cix":2,"bm":0,"ix":5,"mn":"ADBE Vector Group","hd":false},{"ty":"gr","it":[{"ind":0,"ty":"sh","ix":1,"ks":{"a":1,"k":[{"i":{"x":0.667,"y":1},"o":{"x":0.333,"y":0},"t":0,"s":[{"i":[[43.356,2.709],[-8.689,-14.164],[-102.696,0],[-15.797,21.583],[31.325,-2.349]],"o":[[-32.385,-2.023],[8.689,14.164],[113.742,0],[17,-23.226],[-165.031,12.377]],"v":[[-144.807,52.032],[-162.184,92.5],[-7.202,139.419],[157.714,93.849],[134.018,52.707]],"c":true}]},{"i":{"x":0.667,"y":1},"o":{"x":0.333,"y":0},"t":15,"s":[{"i":[[31.886,1.692],[-6.39,-8.849],[-75.528,0],[-11.618,13.484],[23.038,-1.468]],"o":[[-23.818,-1.264],[6.39,8.849],[83.652,0],[12.503,-14.511],[-121.374,7.733]],"v":[[-106.827,64.824],[-119.608,90.107],[-5.625,116.704],[115.665,90.95],[98.237,65.245]],"c":true}]},{"i":{"x":0.833,"y":0.833},"o":{"x":0.333,"y":0},"t":35,"s":[{"i":[[54.89,4.016],[-11,-21],[-130.015,0],[-20,32],[38.97,-10.117]],"o":[[-41,-3],[11,21],[144,0],[21.522,-34.435],[-208,54]],"v":[[-183,55],[-205,115],[-9,201.979],[200,117],[170,56]],"c":true}]},{"i":{"x":0.833,"y":0.833},"o":{"x":0.167,"y":0.167},"t":77.5,"s":[{"i":[[38.278,5.815],[-11,-21],[-112.765,-1.096],[-7.053,10.723],[38.751,-10.927]],"o":[[-40.643,-6.174],[11,21],[143.993,1.399],[23.457,-35.663],[-189.155,53.337]],"v":[[-183,55],[-203.261,115],[-9,221.043],[198.261,117],[171.739,56]],"c":true}]},{"i":{"x":0.833,"y":1},"o":{"x":0.167,"y":0.167},"t":92.5,"s":[{"i":[[38.278,5.815],[-11,-21],[-112.765,-1.096],[-7.053,10.723],[38.751,-10.927]],"o":[[-40.643,-6.174],[11,21],[143.993,1.399],[23.457,-35.663],[-189.155,53.337]],"v":[[-183,55],[-203.261,115],[-9,221.043],[198.261,117],[171.739,56]],"c":true}]},{"i":{"x":0.667,"y":1},"o":{"x":0.167,"y":0},"t":120,"s":[{"i":[[54.89,4.016],[-11,-21],[-130.015,0],[-20,32],[38.97,-10.117]],"o":[[-41,-3],[11,21],[144,0],[21.522,-34.435],[-208,54]],"v":[[-183,55],[-205,115],[-9,206.888],[200,117],[170,56]],"c":true}]},{"t":147.5,"s":[{"i":[[43.356,2.709],[-8.689,-14.164],[-102.696,0],[-15.797,21.583],[31.325,-2.349]],"o":[[-32.385,-2.023],[8.689,14.164],[113.742,0],[17,-23.226],[-165.031,12.377]],"v":[[-144.807,52.032],[-162.184,92.5],[-7.202,139.419],[157.714,93.849],[134.018,52.707]],"c":true}]}],"ix":2},"nm":"Path 1","mn":"ADBE Vector Shape - Group","hd":false},{"ty":"fl","c":{"a":0,"k":[0.921568627451,0.560784313725,0.105882352941,1],"ix":4},"o":{"a":0,"k":100,"ix":5},"r":1,"bm":0,"nm":"Fill 1","mn":"ADBE Vector Graphic - Fill","hd":false},{"ty":"st","c":{"a":0,"k":[0.921568687289,0.560784313725,0.105882360421,1],"ix":3},"o":{"a":0,"k":100,"ix":4},"w":{"a":0,"k":13,"ix":5},"lc":1,"lj":1,"ml":4,"bm":0,"nm":"Stroke 1","mn":"ADBE Vector Graphic - Stroke","hd":false},{"ty":"tr","p":{"a":0,"k":[0,0],"ix":2},"a":{"a":0,"k":[0,0],"ix":1},"s":{"a":0,"k":[100,100],"ix":3},"r":{"a":0,"k":0,"ix":6},"o":{"a":0,"k":100,"ix":7},"sk":{"a":0,"k":0,"ix":4},"sa":{"a":0,"k":0,"ix":5},"nm":"Transform"}],"nm":"Line","np":3,"cix":2,"bm":0,"ix":6,"mn":"ADBE Vector Group","hd":false}],"ip":122.5,"op":187.5,"st":0,"bm":0},{"ddd":0,"ind":14,"ty":4,"nm":"Mouth","parent":10,"sr":1,"ks":{"o":{"a":0,"k":100,"ix":11},"r":{"a":0,"k":0,"ix":10},"p":{"a":1,"k":[{"i":{"x":0.667,"y":1},"o":{"x":0.333,"y":0},"t":0,"s":[-0.689,68.755,0],"to":[0,5.5,0],"ti":[0,0,0]},{"i":{"x":0.667,"y":1},"o":{"x":0.333,"y":0},"t":15,"s":[-0.689,101.755,0],"to":[0,0,0],"ti":[0,5.5,0]},{"i":{"x":0.667,"y":0.667},"o":{"x":0.167,"y":0.167},"t":35,"s":[-0.689,68.755,0],"to":[0,0,0],"ti":[0,0,0]},{"i":{"x":0.667,"y":0.667},"o":{"x":0.167,"y":0.167},"t":77.5,"s":[-0.689,68.755,0],"to":[0,0,0],"ti":[0,0,0]},{"t":92.5,"s":[-0.689,68.755,0]}],"ix":2,"l":2},"a":{"a":0,"k":[0,82,0],"ix":1,"l":2},"s":{"a":1,"k":[{"i":{"x":[0.57,0.57,0.57],"y":[1,1,1]},"o":{"x":[0.31,0.31,0.31],"y":[0,0,0]},"t":0,"s":[83,100,100]},{"i":{"x":[0.833,0.833,0.833],"y":[1,1,1]},"o":{"x":[0.31,0.31,0.31],"y":[0,0,0]},"t":15,"s":[83,100,100]},{"i":{"x":[0.833,0.833,0.833],"y":[1,1,1]},"o":{"x":[0.207,0.207,0.207],"y":[0,0,0]},"t":35,"s":[105,105,100]},{"i":{"x":[0.702,0.702,0.702],"y":[1,1,1]},"o":{"x":[0.207,0.207,0.207],"y":[0,0,0]},"t":40,"s":[100,100,100]},{"i":{"x":[0.667,0.667,0.667],"y":[1,1,1]},"o":{"x":[0.333,0.333,0.333],"y":[0,0,0]},"t":62.5,"s":[100,100,100]},{"i":{"x":[0.667,0.667,0.667],"y":[1,1,1]},"o":{"x":[0.333,0.333,0.333],"y":[0,0,0]},"t":77.5,"s":[99,99,100]},{"i":{"x":[0.667,0.667,0.667],"y":[1,1,1]},"o":{"x":[0.333,0.333,0.333],"y":[0,0,0]},"t":92.5,"s":[100,100,100]},{"i":{"x":[0.57,0.57,0.57],"y":[1,1,1]},"o":{"x":[0.333,0.333,0.333],"y":[0,0,0]},"t":120,"s":[100,100,100]},{"t":147.5,"s":[83,100,100]}],"ix":6,"l":2}},"ao":0,"shapes":[{"ty":"gr","it":[{"ind":0,"ty":"sh","ix":1,"ks":{"a":1,"k":[{"i":{"x":0.667,"y":1},"o":{"x":0.532,"y":0},"t":0,"s":[{"i":[[1.364,14.191],[182.686,48.214],[-11.432,-14.111],[-158.291,50.789]],"o":[[0.387,0],[0,0.5],[-0.193,0.125],[-0.774,0]],"v":[[167.868,78.325],[-171.473,82.402],[-162.797,100.531],[161.379,96.082]],"c":true}]},{"i":{"x":0.667,"y":1},"o":{"x":0.333,"y":0},"t":15,"s":[{"i":[[1.003,8.866],[134.358,30.122],[-8.407,-8.816],[-116.417,31.731]],"o":[[0.285,0],[0,0.312],[-0.142,0.078],[-0.569,0]],"v":[[123.132,81.251],[-126.439,83.798],[-120.058,95.125],[118.36,92.345]],"c":true}]},{"i":{"x":0.833,"y":0.833},"o":{"x":0.333,"y":0},"t":35,"s":[{"i":[[0,14],[221.5,117.5],[-8.25,-15.875],[-208,110]],"o":[[0.5,0],[0,0.5],[-0.25,0.125],[-1,0]],"v":[[210.75,91],[-212.875,95.125],[-204.75,122.375],[204.75,115]],"c":true}]},{"i":{"x":0.833,"y":0.833},"o":{"x":0.167,"y":0.167},"t":77.5,"s":[{"i":[[0,14],[221.5,117.5],[-5.767,-7.006],[-201.991,108.817]],"o":[[0.5,0],[0,0.5],[5.767,7.006],[-1,0]],"v":[[210.75,88.696],[-212.875,92.821],[-204.75,120.766],[204.75,114.956]],"c":true}]},{"i":{"x":0.833,"y":1},"o":{"x":0.167,"y":0.167},"t":92.5,"s":[{"i":[[0,14],[221.5,117.5],[-5.767,-7.006],[-201.991,108.817]],"o":[[0.5,0],[0,0.5],[5.767,7.006],[-1,0]],"v":[[210.75,88.696],[-212.875,92.821],[-204.75,120.766],[204.75,114.956]],"c":true}]},{"i":{"x":0.578,"y":1},"o":{"x":0.367,"y":0},"t":120,"s":[{"i":[[0,14],[221.5,117.5],[-8.25,-15.875],[-208,110]],"o":[[0.5,0],[0,0.5],[-0.25,0.125],[-1,0]],"v":[[210.75,91],[-212.875,95.125],[-204.75,122.375],[204.75,115]],"c":true}]},{"t":147.5,"s":[{"i":[[1.364,14.191],[182.686,48.214],[-11.432,-14.111],[-158.291,50.789]],"o":[[0.387,0],[0,0.5],[-0.193,0.125],[-0.774,0]],"v":[[167.868,78.325],[-171.473,82.402],[-162.797,100.531],[161.379,96.082]],"c":true}]}],"ix":2},"nm":"Path 1","mn":"ADBE Vector Shape - Group","hd":false},{"ty":"fl","c":{"a":0,"k":[0.701960784314,0.701960784314,0.701960784314,1],"ix":4},"o":{"a":0,"k":100,"ix":5},"r":1,"bm":0,"nm":"Fill 1","mn":"ADBE Vector Graphic - Fill","hd":false},{"ty":"tr","p":{"a":0,"k":[0,0],"ix":2},"a":{"a":0,"k":[0,0],"ix":1},"s":{"a":0,"k":[100,100],"ix":3},"r":{"a":0,"k":0,"ix":6},"o":{"a":0,"k":100,"ix":7},"sk":{"a":0,"k":0,"ix":4},"sa":{"a":0,"k":0,"ix":5},"nm":"Transform"}],"nm":"Teeth 04","np":2,"cix":2,"bm":0,"ix":1,"mn":"ADBE Vector Group","hd":false},{"ty":"gr","it":[{"ind":0,"ty":"sh","ix":1,"ks":{"a":1,"k":[{"i":{"x":0.667,"y":1},"o":{"x":0.333,"y":0},"t":0,"s":[{"i":[[0,0],[0,0],[0,0],[-7.563,2.241]],"o":[[0,0],[0,0],[0,0],[0.5,-0.569]],"v":[[105.103,60.004],[84.619,61.094],[84.619,144.332],[105,137.936]],"c":true}]},{"i":{"x":0.667,"y":1},"o":{"x":0.333,"y":0},"t":15,"s":[{"i":[[0,0],[0,0],[0,0],[-5.562,1.4]],"o":[[0,0],[0,0],[0,0],[0.368,-0.356]],"v":[[76.972,69.805],[61.906,70.486],[61.906,122.49],[76.895,118.494]],"c":true}]},{"i":{"x":0.833,"y":0.833},"o":{"x":0.333,"y":0},"t":35,"s":[{"i":[[0,0],[0,0],[0,0],[-7.563,3.938]],"o":[[0,0],[0,0],[0,0],[0.5,-1]],"v":[[105,76.375],[84.5,79.625],[84.5,220.25],[105,212.063]],"c":true}]},{"i":{"x":0.833,"y":0.833},"o":{"x":0.167,"y":0.167},"t":77.5,"s":[{"i":[[0,0],[0,0],[0,0],[-8.115,3.938]],"o":[[0,0],[0,0],[0,0],[0.537,-1]],"v":[[107.887,79.158],[85.89,82.408],[85.89,223.033],[107.887,214.845]],"c":true}]},{"i":{"x":0.833,"y":1},"o":{"x":0.167,"y":0.167},"t":92.5,"s":[{"i":[[0,0],[0,0],[0,0],[-8.115,3.938]],"o":[[0,0],[0,0],[0,0],[0.537,-1]],"v":[[107.887,79.158],[85.89,82.408],[85.89,223.033],[107.887,214.845]],"c":true}]},{"i":{"x":0.667,"y":1},"o":{"x":0.167,"y":0},"t":120,"s":[{"i":[[0,0],[0,0],[0,0],[-7.563,3.938]],"o":[[0,0],[0,0],[0,0],[0.5,-1]],"v":[[105,76.375],[84.5,79.625],[84.5,220.25],[105,212.063]],"c":true}]},{"t":147.5,"s":[{"i":[[0,0],[0,0],[0,0],[-7.563,2.241]],"o":[[0,0],[0,0],[0,0],[0.5,-0.569]],"v":[[105.103,60.004],[84.619,61.094],[84.619,144.332],[105,137.936]],"c":true}]}],"ix":2},"nm":"Path 1","mn":"ADBE Vector Shape - Group","hd":false},{"ty":"fl","c":{"a":0,"k":[0.701960784314,0.701960784314,0.701960784314,1],"ix":4},"o":{"a":0,"k":100,"ix":5},"r":1,"bm":0,"nm":"Fill 1","mn":"ADBE Vector Graphic - Fill","hd":false},{"ty":"tr","p":{"a":0,"k":[0,0],"ix":2},"a":{"a":0,"k":[0,0],"ix":1},"s":{"a":0,"k":[100,100],"ix":3},"r":{"a":0,"k":0,"ix":6},"o":{"a":0,"k":100,"ix":7},"sk":{"a":0,"k":0,"ix":4},"sa":{"a":0,"k":0,"ix":5},"nm":"Transform"}],"nm":"Teeth 03","np":2,"cix":2,"bm":0,"ix":2,"mn":"ADBE Vector Group","hd":false},{"ty":"gr","it":[{"ind":0,"ty":"sh","ix":1,"ks":{"a":1,"k":[{"i":{"x":0.667,"y":1},"o":{"x":0.333,"y":0},"t":0,"s":[{"i":[[0,0],[0,0],[-11.983,-3.366],[0,0]],"o":[[0,0],[0,0],[0,0],[0,0]],"v":[[-115,60.004],[-115,133.741],[-95.114,141.284],[-95.099,60.972]],"c":true}]},{"i":{"x":0.667,"y":1},"o":{"x":0.333,"y":0},"t":15,"s":[{"i":[[0,0],[0,0],[-8.813,-2.103],[0,0]],"o":[[0,0],[0,0],[0,0],[0,0]],"v":[[-84.906,69.805],[-84.906,115.873],[-70.281,120.585],[-70.269,70.409]],"c":true}]},{"i":{"x":0.833,"y":0.833},"o":{"x":0.333,"y":0},"t":35,"s":[{"i":[[0,0],[0,0],[-13,-3.5],[0,0]],"o":[[0,0],[0,0],[0,0],[0,0]],"v":[[-115,74.5],[-115,208],[-95,218],[-95,78.75]],"c":true}]},{"i":{"x":0.833,"y":0.833},"o":{"x":0.167,"y":0.167},"t":77.5,"s":[{"i":[[0,0],[0,0],[-14.284,-3.5],[0,0]],"o":[[0,0],[0,0],[0,0],[0,0]],"v":[[-114,74.5],[-114,208],[-92.025,218],[-92.025,78.75]],"c":true}]},{"i":{"x":0.833,"y":1},"o":{"x":0.167,"y":0.167},"t":92.5,"s":[{"i":[[0,0],[0,0],[-14.284,-3.5],[0,0]],"o":[[0,0],[0,0],[0,0],[0,0]],"v":[[-114,74.5],[-114,208],[-92.025,218],[-92.025,78.75]],"c":true}]},{"i":{"x":0.667,"y":1},"o":{"x":0.167,"y":0},"t":120,"s":[{"i":[[0,0],[0,0],[-13,-3.5],[0,0]],"o":[[0,0],[0,0],[0,0],[0,0]],"v":[[-115,74.5],[-115,208],[-95,218],[-95,78.75]],"c":true}]},{"t":147.5,"s":[{"i":[[0,0],[0,0],[-11.983,-3.366],[0,0]],"o":[[0,0],[0,0],[0,0],[0,0]],"v":[[-115,60.004],[-115,133.741],[-95.114,141.284],[-95.099,60.972]],"c":true}]}],"ix":2},"nm":"Path 1","mn":"ADBE Vector Shape - Group","hd":false},{"ty":"fl","c":{"a":0,"k":[0.701960784314,0.701960784314,0.701960784314,1],"ix":4},"o":{"a":0,"k":100,"ix":5},"r":1,"bm":0,"nm":"Fill 1","mn":"ADBE Vector Graphic - Fill","hd":false},{"ty":"tr","p":{"a":0,"k":[0,0],"ix":2},"a":{"a":0,"k":[0,0],"ix":1},"s":{"a":0,"k":[100,100],"ix":3},"r":{"a":0,"k":0,"ix":6},"o":{"a":0,"k":100,"ix":7},"sk":{"a":0,"k":0,"ix":4},"sa":{"a":0,"k":0,"ix":5},"nm":"Transform"}],"nm":"Teeth 02","np":2,"cix":2,"bm":0,"ix":3,"mn":"ADBE Vector Group","hd":false},{"ty":"gr","it":[{"ind":0,"ty":"sh","ix":1,"ks":{"a":1,"k":[{"i":{"x":0.667,"y":1},"o":{"x":0.333,"y":0},"t":0,"s":[{"i":[[-0.5,0],[0,0],[0,0],[0,0]],"o":[[0.5,0],[0,0],[0,0],[0,0]],"v":[[4.5,63.56],[-15,63.56],[-15,152.459],[4.5,152.459]],"c":true}]},{"i":{"x":0.667,"y":1},"o":{"x":0.333,"y":0},"t":15,"s":[{"i":[[-0.368,0],[0,0],[0,0],[0,0]],"o":[[0.368,0],[0,0],[0,0],[0,0]],"v":[[2.982,72.026],[-11.36,72.026],[-11.36,127.568],[2.982,127.568]],"c":true}]},{"i":{"x":0.833,"y":0.833},"o":{"x":0.333,"y":0},"t":35,"s":[{"i":[[-0.5,0],[0,0],[0,0],[0,0]],"o":[[0.5,0],[0,0],[0,0],[0,0]],"v":[[4.5,86.5],[-15,86.5],[-15,233.5],[4.5,233.5]],"c":true}]},{"i":{"x":0.833,"y":0.833},"o":{"x":0.167,"y":0.167},"t":77.5,"s":[{"i":[[-0.5,0],[0,0],[0,0],[0,0]],"o":[[0.5,0],[0,0],[0,0],[0,0]],"v":[[7.109,86.5],[-15,86.5],[-15,233.5],[7.109,233.5]],"c":true}]},{"i":{"x":0.833,"y":1},"o":{"x":0.167,"y":0.167},"t":92.5,"s":[{"i":[[-0.5,0],[0,0],[0,0],[0,0]],"o":[[0.5,0],[0,0],[0,0],[0,0]],"v":[[7.109,86.5],[-15,86.5],[-15,233.5],[7.109,233.5]],"c":true}]},{"i":{"x":0.667,"y":1},"o":{"x":0.167,"y":0},"t":120,"s":[{"i":[[-0.5,0],[0,0],[0,0],[0,0]],"o":[[0.5,0],[0,0],[0,0],[0,0]],"v":[[4.5,86.5],[-15,86.5],[-15,233.5],[4.5,233.5]],"c":true}]},{"t":147.5,"s":[{"i":[[-0.5,0],[0,0],[0,0],[0,0]],"o":[[0.5,0],[0,0],[0,0],[0,0]],"v":[[4.5,63.56],[-15,63.56],[-15,152.459],[4.5,152.459]],"c":true}]}],"ix":2},"nm":"Path 1","mn":"ADBE Vector Shape - Group","hd":false},{"ty":"fl","c":{"a":0,"k":[0.701960784314,0.701960784314,0.701960784314,1],"ix":4},"o":{"a":0,"k":100,"ix":5},"r":1,"bm":0,"nm":"Fill 1","mn":"ADBE Vector Graphic - Fill","hd":false},{"ty":"tr","p":{"a":0,"k":[0,0],"ix":2},"a":{"a":0,"k":[0,0],"ix":1},"s":{"a":0,"k":[100,100],"ix":3},"r":{"a":0,"k":0,"ix":6},"o":{"a":0,"k":100,"ix":7},"sk":{"a":0,"k":0,"ix":4},"sa":{"a":0,"k":0,"ix":5},"nm":"Transform"}],"nm":"Teeth 01","np":2,"cix":2,"bm":0,"ix":4,"mn":"ADBE Vector Group","hd":false},{"ty":"gr","it":[{"ind":0,"ty":"sh","ix":1,"ks":{"a":1,"k":[{"i":{"x":0.667,"y":1},"o":{"x":0.333,"y":0},"t":0,"s":[{"i":[[43.958,2.733],[-8.809,-14.292],[-104.121,0],[-16.017,21.778],[31.814,-1.777]],"o":[[-32.834,-2.042],[8.809,14.292],[115.32,0],[17.236,-23.436],[-167.629,9.364]],"v":[[-146.8,58.088],[-164.418,98.922],[-7.674,152.459],[159.921,100.283],[135.896,58.768]],"c":true}]},{"i":{"x":0.667,"y":1},"o":{"x":0.333,"y":0},"t":15,"s":[{"i":[[32.329,1.708],[-6.479,-8.929],[-76.577,0],[-11.78,13.606],[23.398,-1.11]],"o":[[-24.148,-1.276],[6.479,8.929],[84.814,0],[12.676,-14.642],[-123.284,5.85]],"v":[[-108.293,68.607],[-121.251,94.119],[-5.971,127.568],[117.287,94.97],[99.618,69.033]],"c":true}]},{"i":{"x":0.833,"y":0.833},"o":{"x":0.333,"y":0},"t":35,"s":[{"i":[[54.89,4.016],[-11,-21],[-130.015,0],[-20,32],[38.97,-10.117]],"o":[[-41,-3],[11,21],[144,0],[21.522,-34.435],[-208,54]],"v":[[-183,61],[-205,121],[-9,234],[200,123],[170,62]],"c":true}]},{"i":{"x":0.833,"y":0.833},"o":{"x":0.167,"y":0.167},"t":77.5,"s":[{"i":[[49.757,14.25],[-6.505,-28.358],[-125.982,-1.183],[-20,32],[37.119,-10.032]],"o":[[-40.315,-11.546],[11,21],[143.994,1.352],[9.022,-45.663],[-171.937,46.468]],"v":[[-177.087,63.783],[-205,125.174],[-7.609,234],[201.391,123.696],[171.913,64.957]],"c":true}]},{"i":{"x":0.833,"y":1},"o":{"x":0.167,"y":0.167},"t":92.5,"s":[{"i":[[46.626,18.772],[-11,-21],[-130.015,0],[-20,32],[36.827,-11.057]],"o":[[-38.135,-15.353],[11,21],[144,0],[21.522,-34.435],[-143.763,43.163]],"v":[[-177.087,64.304],[-203.261,121],[-9,234],[200,123],[171.913,64.957]],"c":true}]},{"i":{"x":0.667,"y":1},"o":{"x":0.167,"y":0},"t":120,"s":[{"i":[[54.89,4.016],[-11,-21],[-130.015,0],[-20,32],[38.97,-10.117]],"o":[[-41,-3],[11,21],[144,0],[21.522,-34.435],[-208,54]],"v":[[-183,61],[-205,121],[-9,234],[200,123],[170,62]],"c":true}]},{"t":147.5,"s":[{"i":[[43.958,2.733],[-8.809,-14.292],[-104.121,0],[-16.017,21.778],[31.814,-1.777]],"o":[[-32.834,-2.042],[8.809,14.292],[115.32,0],[17.236,-23.436],[-167.629,9.364]],"v":[[-146.8,58.088],[-164.418,98.922],[-7.674,152.459],[159.921,100.283],[135.896,58.768]],"c":true}]}],"ix":2},"nm":"Path 1","mn":"ADBE Vector Shape - Group","hd":false},{"ty":"fl","c":{"a":0,"k":[1,1,1,1],"ix":4},"o":{"a":0,"k":100,"ix":5},"r":1,"bm":0,"nm":"Fill 1","mn":"ADBE Vector Graphic - Fill","hd":false},{"ty":"tr","p":{"a":0,"k":[0,0],"ix":2},"a":{"a":0,"k":[0,0],"ix":1},"s":{"a":0,"k":[100,100],"ix":3},"r":{"a":0,"k":0,"ix":6},"o":{"a":0,"k":100,"ix":7},"sk":{"a":0,"k":0,"ix":4},"sa":{"a":0,"k":0,"ix":5},"nm":"Transform"}],"nm":"Fill","np":2,"cix":2,"bm":0,"ix":5,"mn":"ADBE Vector Group","hd":false},{"ty":"gr","it":[{"ind":0,"ty":"sh","ix":1,"ks":{"a":1,"k":[{"i":{"x":0.667,"y":1},"o":{"x":0.333,"y":0},"t":0,"s":[{"i":[[43.356,2.709],[-8.689,-14.164],[-102.696,0],[-15.797,21.583],[31.325,-2.349]],"o":[[-32.385,-2.023],[8.689,14.164],[113.742,0],[17,-23.226],[-165.031,12.377]],"v":[[-144.807,52.032],[-162.184,92.5],[-7.202,139.419],[157.714,93.849],[134.018,52.707]],"c":true}]},{"i":{"x":0.667,"y":1},"o":{"x":0.333,"y":0},"t":15,"s":[{"i":[[31.886,1.692],[-6.39,-8.849],[-75.528,0],[-11.618,13.484],[23.038,-1.468]],"o":[[-23.818,-1.264],[6.39,8.849],[83.652,0],[12.503,-14.511],[-121.374,7.733]],"v":[[-106.827,64.824],[-119.608,90.107],[-5.625,116.704],[115.665,90.95],[98.237,65.245]],"c":true}]},{"i":{"x":0.833,"y":0.833},"o":{"x":0.333,"y":0},"t":35,"s":[{"i":[[54.89,4.016],[-11,-21],[-130.015,0],[-20,32],[38.97,-10.117]],"o":[[-41,-3],[11,21],[144,0],[21.522,-34.435],[-208,54]],"v":[[-183,55],[-205,115],[-9,201.979],[200,117],[170,56]],"c":true}]},{"i":{"x":0.833,"y":0.833},"o":{"x":0.167,"y":0.167},"t":77.5,"s":[{"i":[[38.278,5.815],[-11,-21],[-112.765,-1.096],[-7.053,10.723],[38.751,-10.927]],"o":[[-40.643,-6.174],[11,21],[143.993,1.399],[23.457,-35.663],[-189.155,53.337]],"v":[[-183,55],[-203.261,115],[-9,221.043],[198.261,117],[171.739,56]],"c":true}]},{"i":{"x":0.833,"y":1},"o":{"x":0.167,"y":0.167},"t":92.5,"s":[{"i":[[38.278,5.815],[-11,-21],[-112.765,-1.096],[-7.053,10.723],[38.751,-10.927]],"o":[[-40.643,-6.174],[11,21],[143.993,1.399],[23.457,-35.663],[-189.155,53.337]],"v":[[-183,55],[-203.261,115],[-9,221.043],[198.261,117],[171.739,56]],"c":true}]},{"i":{"x":0.667,"y":1},"o":{"x":0.167,"y":0},"t":120,"s":[{"i":[[54.89,4.016],[-11,-21],[-130.015,0],[-20,32],[38.97,-10.117]],"o":[[-41,-3],[11,21],[144,0],[21.522,-34.435],[-208,54]],"v":[[-183,55],[-205,115],[-9,206.888],[200,117],[170,56]],"c":true}]},{"t":147.5,"s":[{"i":[[43.356,2.709],[-8.689,-14.164],[-102.696,0],[-15.797,21.583],[31.325,-2.349]],"o":[[-32.385,-2.023],[8.689,14.164],[113.742,0],[17,-23.226],[-165.031,12.377]],"v":[[-144.807,52.032],[-162.184,92.5],[-7.202,139.419],[157.714,93.849],[134.018,52.707]],"c":true}]}],"ix":2},"nm":"Path 1","mn":"ADBE Vector Shape - Group","hd":false},{"ty":"fl","c":{"a":0,"k":[0.921568627451,0.560784313725,0.105882352941,1],"ix":4},"o":{"a":0,"k":100,"ix":5},"r":1,"bm":0,"nm":"Fill 1","mn":"ADBE Vector Graphic - Fill","hd":false},{"ty":"st","c":{"a":0,"k":[0.921568687289,0.560784313725,0.105882360421,1],"ix":3},"o":{"a":0,"k":100,"ix":4},"w":{"a":0,"k":13,"ix":5},"lc":1,"lj":1,"ml":4,"bm":0,"nm":"Stroke 1","mn":"ADBE Vector Graphic - Stroke","hd":false},{"ty":"tr","p":{"a":0,"k":[0,0],"ix":2},"a":{"a":0,"k":[0,0],"ix":1},"s":{"a":0,"k":[100,100],"ix":3},"r":{"a":0,"k":0,"ix":6},"o":{"a":0,"k":100,"ix":7},"sk":{"a":0,"k":0,"ix":4},"sa":{"a":0,"k":0,"ix":5},"nm":"Transform"}],"nm":"Line","np":3,"cix":2,"bm":0,"ix":6,"mn":"ADBE Vector Group","hd":false}],"ip":0,"op":32.5,"st":0,"bm":0},{"ddd":0,"ind":15,"ty":4,"nm":"base matte","parent":17,"td":1,"sr":1,"ks":{"o":{"a":0,"k":100,"ix":11},"r":{"a":0,"k":0,"ix":10},"p":{"a":0,"k":[-2,-3,0],"ix":2,"l":2},"a":{"a":0,"k":[0,0,0],"ix":1,"l":2},"s":{"a":0,"k":[100,100,100],"ix":6,"l":2}},"ao":0,"shapes":[{"ty":"gr","it":[{"ind":0,"ty":"sh","ix":1,"ks":{"a":0,"k":{"i":[[15.4,0],[0,38.4],[-27.9,0],[-10.6,-9.3],[0,-16.9],[11.5,-10.2]],"o":[[-27.9,0],[0,-38.4],[15.5,0],[11.5,10.2],[0,16.9],[-10.6,9.3]],"v":[[0,55.9],[-58,0],[0,-55.9],[40.4,-41.5],[58,0],[40.4,41.4]],"c":true},"ix":2},"nm":"Path 1","mn":"ADBE Vector Shape - Group","hd":false},{"ty":"gf","o":{"a":0,"k":100,"ix":10},"r":1,"bm":0,"g":{"p":5,"k":{"a":0,"k":[0.48,0.992,0.878,0.188,0.691,0.98,0.816,0.178,0.902,0.969,0.753,0.169,0.966,0.963,0.694,0.153,1,0.957,0.635,0.137],"ix":9}},"s":{"a":0,"k":[0,0],"ix":5},"e":{"a":0,"k":[56.225,0],"ix":6},"t":2,"h":{"a":0,"k":0,"ix":7},"a":{"a":0,"k":0,"ix":8},"nm":"Gradient Fill 1","mn":"ADBE Vector Graphic - G-Fill","hd":false},{"ty":"tr","p":{"a":0,"k":[0,0],"ix":2},"a":{"a":0,"k":[0,0],"ix":1},"s":{"a":0,"k":[100,100],"ix":3},"r":{"a":0,"k":0,"ix":6},"o":{"a":0,"k":100,"ix":7},"sk":{"a":0,"k":0,"ix":4},"sa":{"a":0,"k":0,"ix":5},"nm":"Transform"}],"nm":"Group 1","np":2,"cix":2,"bm":0,"ix":1,"mn":"ADBE Vector Group","hd":false}],"ip":0,"op":187.5,"st":0,"bm":0},{"ddd":0,"ind":16,"ty":4,"nm":"base shadow","parent":17,"tt":2,"sr":1,"ks":{"o":{"a":0,"k":100,"ix":11},"r":{"a":0,"k":0,"ix":10},"p":{"a":0,"k":[0,0,0],"ix":2,"l":2},"a":{"a":0,"k":[0,0,0],"ix":1,"l":2},"s":{"a":0,"k":[100,100,100],"ix":6,"l":2}},"ao":0,"shapes":[{"ty":"gr","it":[{"ind":0,"ty":"sh","ix":1,"ks":{"a":0,"k":{"i":[[15.4,0],[0,38.4],[-27.9,0],[-10.6,-9.3],[0,-16.9],[11.5,-10.2]],"o":[[-27.9,0],[0,-38.4],[15.5,0],[11.5,10.2],[0,16.9],[-10.6,9.3]],"v":[[0,55.9],[-58,0],[0,-55.9],[40.4,-41.5],[58,0],[40.4,41.4]],"c":true},"ix":2},"nm":"Path 1","mn":"ADBE Vector Shape - Group","hd":false},{"ty":"fl","c":{"a":0,"k":[0.921568627451,0.560784313725,0,1],"ix":4},"o":{"a":0,"k":100,"ix":5},"r":1,"bm":0,"nm":"Fill 1","mn":"ADBE Vector Graphic - Fill","hd":false},{"ty":"tr","p":{"a":0,"k":[0,0],"ix":2},"a":{"a":0,"k":[0,0],"ix":1},"s":{"a":0,"k":[100,100],"ix":3},"r":{"a":0,"k":0,"ix":6},"o":{"a":0,"k":100,"ix":7},"sk":{"a":0,"k":0,"ix":4},"sa":{"a":0,"k":0,"ix":5},"nm":"Transform"}],"nm":"Group 1","np":2,"cix":2,"bm":0,"ix":1,"mn":"ADBE Vector Group","hd":false}],"ip":0,"op":187.5,"st":0,"bm":0},{"ddd":0,"ind":17,"ty":4,"nm":"base normal","parent":1,"sr":1,"ks":{"o":{"a":0,"k":100,"ix":11},"r":{"a":0,"k":0,"ix":10},"p":{"a":0,"k":[509.242,512.219,0],"ix":2,"l":2},"a":{"a":0,"k":[0,0,0],"ix":1,"l":2},"s":{"a":0,"k":[556.322,556.322,100],"ix":6,"l":2}},"ao":0,"shapes":[{"ty":"gr","it":[{"ind":0,"ty":"sh","ix":1,"ks":{"a":0,"k":{"i":[[15.4,0],[0,38.4],[-27.9,0],[-10.6,-9.3],[0,-16.9],[11.5,-10.2]],"o":[[-27.9,0],[0,-38.4],[15.5,0],[11.5,10.2],[0,16.9],[-10.6,9.3]],"v":[[0,55.9],[-58,0],[0,-55.9],[40.4,-41.5],[58,0],[40.4,41.4]],"c":true},"ix":2},"nm":"Path 1","mn":"ADBE Vector Shape - Group","hd":false},{"ty":"gf","o":{"a":0,"k":100,"ix":10},"r":1,"bm":0,"g":{"p":5,"k":{"a":0,"k":[0.48,0.992,0.878,0.188,0.691,0.98,0.816,0.178,0.902,0.969,0.753,0.169,0.966,0.963,0.694,0.153,1,0.957,0.635,0.137],"ix":9}},"s":{"a":0,"k":[0,0],"ix":5},"e":{"a":0,"k":[56.225,0],"ix":6},"t":2,"h":{"a":0,"k":0,"ix":7},"a":{"a":0,"k":0,"ix":8},"nm":"Gradient Fill 1","mn":"ADBE Vector Graphic - G-Fill","hd":false},{"ty":"tr","p":{"a":0,"k":[0,0],"ix":2},"a":{"a":0,"k":[0,0],"ix":1},"s":{"a":0,"k":[100,100],"ix":3},"r":{"a":0,"k":0,"ix":6},"o":{"a":0,"k":100,"ix":7},"sk":{"a":0,"k":0,"ix":4},"sa":{"a":0,"k":0,"ix":5},"nm":"Transform"}],"nm":"Group 1","np":2,"cix":2,"bm":0,"ix":1,"mn":"ADBE Vector Group","hd":false}],"ip":0,"op":187.5,"st":0,"bm":0},{"ddd":0,"ind":18,"ty":3,"nm":"Body","parent":1,"sr":1,"ks":{"o":{"a":0,"k":100,"ix":11},"r":{"a":0,"k":0,"ix":10},"p":{"a":0,"k":[509.16,819.547,0],"ix":2,"l":2},"a":{"a":0,"k":[0,255.699,0],"ix":1,"l":2},"s":{"a":1,"k":[{"i":{"x":[0.667,0.667,0.667],"y":[1,1,1]},"o":{"x":[0.333,0.333,0.333],"y":[0,0,0]},"t":0,"s":[120,120,100]},{"i":{"x":[0.667,0.667,0.667],"y":[1,1,1]},"o":{"x":[0.333,0.333,0.333],"y":[0,0,0]},"t":17.5,"s":[123,118,100]},{"i":{"x":[0.667,0.667,0.667],"y":[1,1,1]},"o":{"x":[0.333,0.333,0.333],"y":[0,0,0]},"t":35,"s":[119,122,100]},{"i":{"x":[0.833,0.833,0.833],"y":[1,1,1]},"o":{"x":[0.167,0.167,0.167],"y":[0,0,0]},"t":42.5,"s":[120,120,100]},{"i":{"x":[0.833,0.833,0.833],"y":[1,1,1]},"o":{"x":[0.167,0.167,0.167],"y":[0,0,0]},"t":62.5,"s":[120,120,100]},{"i":{"x":[0.667,0.667,0.667],"y":[1,1,1]},"o":{"x":[0.167,0.167,0.167],"y":[0,0,0]},"t":77.5,"s":[121,121,100]},{"i":{"x":[0.667,0.667,0.667],"y":[1,1,1]},"o":{"x":[0.333,0.333,0.333],"y":[0,0,0]},"t":95,"s":[118,122,100]},{"i":{"x":[0.833,0.833,0.833],"y":[1,1,1]},"o":{"x":[0.333,0.333,0.333],"y":[0,0,0]},"t":102.5,"s":[120,120,100]},{"i":{"x":[0.833,0.833,0.833],"y":[1,1,1]},"o":{"x":[0.167,0.167,0.167],"y":[0,0,0]},"t":112.5,"s":[120,120,100]},{"i":{"x":[0.833,0.833,0.833],"y":[1,1,1]},"o":{"x":[0.167,0.167,0.167],"y":[0,0,0]},"t":122.5,"s":[122,118,100]},{"i":{"x":[0.667,0.667,0.667],"y":[1,1,1]},"o":{"x":[0.167,0.167,0.167],"y":[0,0,0]},"t":142.5,"s":[119,121,100]},{"t":147.5,"s":[120,120,100]}],"ix":6,"l":2}},"ao":0,"ip":0,"op":180,"st":0,"bm":0}]}],"layers":[{"ddd":0,"ind":1,"ty":3,"nm":"Null All","sr":1,"ks":{"o":{"a":0,"k":100,"ix":11},"r":{"a":0,"k":0,"ix":10},"p":{"a":1,"k":[{"i":{"x":0.355,"y":1},"o":{"x":0.647,"y":0},"t":5,"s":[507,488,0],"to":[0,5.333,0],"ti":[1.333,3.333,0]},{"i":{"x":0.667,"y":1},"o":{"x":0.538,"y":0},"t":17.5,"s":[507,520,0],"to":[-1.333,-3.333,0],"ti":[1.333,6,0]},{"i":{"x":0.667,"y":1},"o":{"x":0.333,"y":0},"t":35,"s":[499,468,0],"to":[-1.333,-6,0],"ti":[0,-2,0]},{"i":{"x":0.667,"y":1},"o":{"x":0.333,"y":0},"t":45,"s":[499,484,0],"to":[0,2,0],"ti":[0,0.667,0]},{"i":{"x":0.667,"y":0.667},"o":{"x":0.167,"y":0.167},"t":57.5,"s":[499,480,0],"to":[0,0,0],"ti":[0,0,0]},{"i":{"x":0.112,"y":0.62},"o":{"x":0.189,"y":0},"t":65,"s":[499,480,0],"to":[2.072,0,0],"ti":[-5.176,0,0]},{"i":{"x":0.704,"y":1},"o":{"x":0.678,"y":0.273},"t":78,"s":[511.54,512,0],"to":[4.816,0,0],"ti":[-1.928,0,0]},{"i":{"x":0.704,"y":1},"o":{"x":0.167,"y":0},"t":92.5,"s":[523,472,0],"to":[4,0,0],"ti":[0,0,0]},{"i":{"x":0.704,"y":1},"o":{"x":0.167,"y":0},"t":105,"s":[523,484,0],"to":[0,0,0],"ti":[0,0,0]},{"i":{"x":0.455,"y":1},"o":{"x":0.707,"y":0},"t":112.5,"s":[523,480,0],"to":[0,0,0],"ti":[2.667,0,0]},{"i":{"x":0.667,"y":1},"o":{"x":0.647,"y":0},"t":130,"s":[507,512,0],"to":[-2.667,0,0],"ti":[0,4,0]},{"i":{"x":0.667,"y":1},"o":{"x":0.647,"y":0},"t":142.5,"s":[507,480,0],"to":[0,-4,0],"ti":[0,-1.333,0]},{"t":152.5,"s":[507,488,0]}],"ix":2,"l":2},"a":{"a":0,"k":[512,512,0],"ix":1,"l":2},"s":{"a":0,"k":[100,100,100],"ix":6,"l":2}},"ao":0,"ip":0,"op":163,"st":0,"bm":0},{"ddd":0,"ind":2,"ty":0,"nm":"Grin","parent":1,"refId":"comp_0","sr":0.6,"ks":{"o":{"a":0,"k":100,"ix":11},"r":{"a":0,"k":0,"ix":10},"p":{"a":0,"k":[512,512,0],"ix":2,"l":2},"a":{"a":0,"k":[512,512,0],"ix":1,"l":2},"s":{"a":0,"k":[100,100,100],"ix":6,"l":2}},"ao":0,"tm":{"a":1,"k":[{"i":{"x":[0.833],"y":[0.833]},"o":{"x":[0.167],"y":[0.167]},"t":49,"s":[0]},{"i":{"x":[0.833],"y":[0.833]},"o":{"x":[0.167],"y":[0.167]},"t":155.001,"s":[2.944]},{"t":162.50078125,"s":[2.944]}],"ix":2},"w":1024,"h":1024,"ip":122.5,"op":163,"st":49,"bm":0},{"ddd":0,"ind":3,"ty":0,"nm":"Grin","parent":1,"refId":"comp_0","sr":1,"ks":{"o":{"a":0,"k":100,"ix":11},"r":{"a":0,"k":0,"ix":10},"p":{"a":0,"k":[512,512,0],"ix":2,"l":2},"a":{"a":0,"k":[512,512,0],"ix":1,"l":2},"s":{"a":0,"k":[100,100,100],"ix":6,"l":2}},"ao":0,"w":1024,"h":1024,"ip":0,"op":122.5,"st":0,"bm":0}],"markers":[{"tm":78,"cm":"rest","dr":0}]}