{"v":"5.8.1","fr":60,"ip":0,"op":144,"w":1024,"h":1024,"nm":"emoji_Crystal ball","ddd":0,"assets":[],"layers":[{"ddd":0,"ind":1,"ty":3,"nm":"Null","sr":1,"ks":{"o":{"a":0,"k":100,"ix":11},"r":{"a":1,"k":[{"i":{"x":[0.833],"y":[0.833]},"o":{"x":[0.754],"y":[0]},"t":26,"s":[-101]},{"i":{"x":[0.248],"y":[1]},"o":{"x":[0.167],"y":[0.167]},"t":64,"s":[0]},{"t":106,"s":[79]}],"ix":10},"p":{"a":1,"k":[{"i":{"x":0.683,"y":0.745},"o":{"x":0.297,"y":0},"t":40,"s":[572,544,0],"to":[0.418,0,0],"ti":[17.032,8.907,0]},{"i":{"x":0.695,"y":0.765},"o":{"x":0.352,"y":0.249},"t":52,"s":[553.496,494.462,0],"to":[-4.536,-2.372,0],"ti":[7.582,1.422,0]},{"i":{"x":0.687,"y":0.799},"o":{"x":0.352,"y":0.229},"t":58,"s":[525.716,480.447,0],"to":[-2.597,-0.487,0],"ti":[2.449,-1.617,0]},{"i":{"x":0.833,"y":0.833},"o":{"x":0.433,"y":0.273},"t":60,"s":[526.082,491.888,0],"to":[-6.419,4.237,0],"ti":[2.196,1.497,0]},{"i":{"x":0.584,"y":0.675},"o":{"x":0.167,"y":0.167},"t":64,"s":[512,512,0],"to":[-2.387,-1.628,0],"ti":[8.2,5.591,0]},{"i":{"x":0.631,"y":0.749},"o":{"x":0.283,"y":0.23},"t":68,"s":[485.116,504.488,0],"to":[-10.142,-6.915,0],"ti":[10.197,9.08,0]},{"i":{"x":0.704,"y":1},"o":{"x":0.336,"y":0.788},"t":76,"s":[441.384,472.93,0],"to":[-14.835,-13.211,0],"ti":[2.243,1.529,0]},{"t":90,"s":[424,452,0]}],"ix":2,"l":2},"a":{"a":0,"k":[512,512,0],"ix":1,"l":2},"s":{"a":1,"k":[{"i":{"x":[0.833,0.833,0.833],"y":[0.833,0.833,0.74]},"o":{"x":[0.333,0.333,0.333],"y":[0,0,0]},"t":40,"s":[63,63,100]},{"t":64,"s":[100,100,100]}],"ix":6,"l":2}},"ao":0,"ip":0,"op":144,"st":0,"bm":0},{"ddd":0,"ind":2,"ty":4,"nm":"shines 6","sr":1,"ks":{"o":{"a":0,"k":100,"ix":11},"r":{"a":0,"k":0,"ix":10},"p":{"a":0,"k":[754,348,0],"ix":2,"l":2},"a":{"a":0,"k":[806,440,0],"ix":1,"l":2},"s":{"a":1,"k":[{"i":{"x":[0.667,0.667,0.667],"y":[1,1,1]},"o":{"x":[1,1,0.333],"y":[0,0,0]},"t":74,"s":[0,0,100]},{"i":{"x":[0,0,0.667],"y":[1,1,1]},"o":{"x":[0.333,0.333,0.333],"y":[0,0,0]},"t":96,"s":[115,115,100]},{"t":122,"s":[0,0,100]}],"ix":6,"l":2}},"ao":0,"shapes":[{"ty":"gr","it":[{"ind":0,"ty":"sh","ix":1,"ks":{"a":0,"k":{"i":[[0,0],[4.159,12.4],[0,0],[0,0],[11.76,-5.84],[0,0],[0,0],[-4.08,-12.48],[0,0],[0,0],[-11.76,5.84],[0,0]],"o":[[-11.76,-5.84],[0,0],[0,0],[-4.16,12.48],[0,0],[0,0],[11.76,5.84],[0,0],[0,0],[4.159,-12.48],[0,0],[0,0]],"v":[[42.8,-12.601],[17.441,-38.281],[0,-96.12],[-17.439,-38.281],[-42.8,-12.601],[-71.92,0.039],[-41.92,12.52],[-17.439,38.839],[0,96.12],[17.441,38.839],[41.92,12.52],[71.92,0.039]],"c":true},"ix":2},"nm":"Path 1","mn":"ADBE Vector Shape - Group","hd":false},{"ty":"fl","c":{"a":0,"k":[1,1,1,1],"ix":4},"o":{"a":0,"k":100,"ix":5},"r":1,"bm":0,"nm":"Fill 1","mn":"ADBE Vector Graphic - Fill","hd":false},{"ty":"tr","p":{"a":0,"k":[807.92,444.36],"ix":2},"a":{"a":0,"k":[0,0],"ix":1},"s":{"a":0,"k":[100,100],"ix":3},"r":{"a":0,"k":0,"ix":6},"o":{"a":0,"k":100,"ix":7},"sk":{"a":0,"k":0,"ix":4},"sa":{"a":0,"k":0,"ix":5},"nm":"Transform"}],"nm":"Group 1","np":2,"cix":2,"bm":0,"ix":1,"mn":"ADBE Vector Group","hd":false}],"ip":8,"op":144,"st":28,"bm":0},{"ddd":0,"ind":3,"ty":4,"nm":"shines 5","sr":1,"ks":{"o":{"a":0,"k":100,"ix":11},"r":{"a":0,"k":0,"ix":10},"p":{"a":0,"k":[754,588,0],"ix":2,"l":2},"a":{"a":0,"k":[806,440,0],"ix":1,"l":2},"s":{"a":1,"k":[{"i":{"x":[0.667,0.667,0.667],"y":[1,1,1]},"o":{"x":[1,1,0.333],"y":[0,0,0]},"t":66,"s":[0,0,100]},{"i":{"x":[0,0,0.667],"y":[1,1,1]},"o":{"x":[0.333,0.333,0.333],"y":[0,0,0]},"t":86,"s":[70,70,100]},{"t":112,"s":[0,0,100]}],"ix":6,"l":2}},"ao":0,"shapes":[{"ty":"gr","it":[{"ind":0,"ty":"sh","ix":1,"ks":{"a":0,"k":{"i":[[0,0],[4.159,12.4],[0,0],[0,0],[11.76,-5.84],[0,0],[0,0],[-4.08,-12.48],[0,0],[0,0],[-11.76,5.84],[0,0]],"o":[[-11.76,-5.84],[0,0],[0,0],[-4.16,12.48],[0,0],[0,0],[11.76,5.84],[0,0],[0,0],[4.159,-12.48],[0,0],[0,0]],"v":[[42.8,-12.601],[17.441,-38.281],[0,-96.12],[-17.439,-38.281],[-42.8,-12.601],[-71.92,0.039],[-41.92,12.52],[-17.439,38.839],[0,96.12],[17.441,38.839],[41.92,12.52],[71.92,0.039]],"c":true},"ix":2},"nm":"Path 1","mn":"ADBE Vector Shape - Group","hd":false},{"ty":"fl","c":{"a":0,"k":[1,1,1,1],"ix":4},"o":{"a":0,"k":100,"ix":5},"r":1,"bm":0,"nm":"Fill 1","mn":"ADBE Vector Graphic - Fill","hd":false},{"ty":"tr","p":{"a":0,"k":[807.92,444.36],"ix":2},"a":{"a":0,"k":[0,0],"ix":1},"s":{"a":0,"k":[100,100],"ix":3},"r":{"a":0,"k":0,"ix":6},"o":{"a":0,"k":100,"ix":7},"sk":{"a":0,"k":0,"ix":4},"sa":{"a":0,"k":0,"ix":5},"nm":"Transform"}],"nm":"Group 1","np":2,"cix":2,"bm":0,"ix":1,"mn":"ADBE Vector Group","hd":false}],"ip":0,"op":144,"st":18,"bm":0},{"ddd":0,"ind":4,"ty":4,"nm":"shines 4","sr":1,"ks":{"o":{"a":0,"k":100,"ix":11},"r":{"a":0,"k":0,"ix":10},"p":{"a":0,"k":[806,440,0],"ix":2,"l":2},"a":{"a":0,"k":[806,440,0],"ix":1,"l":2},"s":{"a":1,"k":[{"i":{"x":[0.667,0.667,0.667],"y":[1,1,1]},"o":{"x":[1,1,0.333],"y":[0,0,0]},"t":48,"s":[0,0,100]},{"i":{"x":[0,0,0.667],"y":[1,1,1]},"o":{"x":[0.333,0.333,0.333],"y":[0,0,0]},"t":64,"s":[100,100,100]},{"t":90,"s":[0,0,100]}],"ix":6,"l":2}},"ao":0,"shapes":[{"ty":"gr","it":[{"ind":0,"ty":"sh","ix":1,"ks":{"a":0,"k":{"i":[[0,0],[4.159,12.4],[0,0],[0,0],[11.76,-5.84],[0,0],[0,0],[-4.08,-12.48],[0,0],[0,0],[-11.76,5.84],[0,0]],"o":[[-11.76,-5.84],[0,0],[0,0],[-4.16,12.48],[0,0],[0,0],[11.76,5.84],[0,0],[0,0],[4.159,-12.48],[0,0],[0,0]],"v":[[42.8,-12.601],[17.441,-38.281],[0,-96.12],[-17.439,-38.281],[-42.8,-12.601],[-71.92,0.039],[-41.92,12.52],[-17.439,38.839],[0,96.12],[17.441,38.839],[41.92,12.52],[71.92,0.039]],"c":true},"ix":2},"nm":"Path 1","mn":"ADBE Vector Shape - Group","hd":false},{"ty":"fl","c":{"a":0,"k":[1,1,1,1],"ix":4},"o":{"a":0,"k":100,"ix":5},"r":1,"bm":0,"nm":"Fill 1","mn":"ADBE Vector Graphic - Fill","hd":false},{"ty":"tr","p":{"a":0,"k":[807.92,444.36],"ix":2},"a":{"a":0,"k":[0,0],"ix":1},"s":{"a":0,"k":[100,100],"ix":3},"r":{"a":0,"k":0,"ix":6},"o":{"a":0,"k":100,"ix":7},"sk":{"a":0,"k":0,"ix":4},"sa":{"a":0,"k":0,"ix":5},"nm":"Transform"}],"nm":"Group 1","np":2,"cix":2,"bm":0,"ix":1,"mn":"ADBE Vector Group","hd":false}],"ip":0,"op":144,"st":0,"bm":0},{"ddd":0,"ind":5,"ty":4,"nm":"shines","sr":1,"ks":{"o":{"a":0,"k":100,"ix":11},"r":{"a":0,"k":0,"ix":10},"p":{"a":0,"k":[608,566,0],"ix":2,"l":2},"a":{"a":0,"k":[608,566,0],"ix":1,"l":2},"s":{"a":1,"k":[{"i":{"x":[0.667,0.667,0.667],"y":[1,1,1]},"o":{"x":[1,1,0.333],"y":[0,0,0]},"t":34,"s":[0,0,100]},{"i":{"x":[0,0,0.667],"y":[1,1,1]},"o":{"x":[0.333,0.333,0.333],"y":[0,0,0]},"t":64,"s":[100,100,100]},{"t":94,"s":[0,0,100]}],"ix":6,"l":2}},"ao":0,"shapes":[{"ty":"gr","it":[{"ind":0,"ty":"sh","ix":1,"ks":{"a":0,"k":{"i":[[0,0],[5.441,16.56],[0,0],[0,0],[15.519,-7.76],[0,0],[0,0],[-5.519,-16.48],[0,0],[0,0],[-15.6,7.76],[0,0]],"o":[[-15.601,-7.76],[0,0],[0,0],[-5.439,16.48],[0,0],[0,0],[15.599,7.76],[0,0],[0,0],[5.439,-16.48],[0,0],[0,0]],"v":[[56.56,-16.68],[23.039,-50.76],[-0.081,-127.32],[-23.201,-50.76],[-56.72,-16.68],[-95.361,0.04],[-55.6,16.52],[-23.121,51.4],[-0.001,127.32],[23.12,51.4],[55.599,16.52],[95.36,0.04]],"c":true},"ix":2},"nm":"Path 1","mn":"ADBE Vector Shape - Group","hd":false},{"ty":"gf","o":{"a":0,"k":100,"ix":10},"r":1,"bm":0,"g":{"p":3,"k":{"a":0,"k":[0.005,1,1,1,0.505,1,1,1,0.988,1,1,1,0,0.02,0.5,0.51,1,1],"ix":9}},"s":{"a":0,"k":[-1,123.5],"ix":5},"e":{"a":0,"k":[0,-89],"ix":6},"t":1,"nm":"Gradient Fill 1","mn":"ADBE Vector Graphic - G-Fill","hd":false},{"ty":"tr","p":{"a":0,"k":[609.92,571.64],"ix":2},"a":{"a":0,"k":[0,0],"ix":1},"s":{"a":0,"k":[100,100],"ix":3},"r":{"a":0,"k":0,"ix":6},"o":{"a":0,"k":100,"ix":7},"sk":{"a":0,"k":0,"ix":4},"sa":{"a":0,"k":0,"ix":5},"nm":"Transform"}],"nm":"Group 2","np":2,"cix":2,"bm":0,"ix":1,"mn":"ADBE Vector Group","hd":false}],"ip":0,"op":144,"st":0,"bm":0},{"ddd":0,"ind":6,"ty":4,"nm":"shines 3","sr":1,"ks":{"o":{"a":0,"k":100,"ix":11},"r":{"a":0,"k":0,"ix":10},"p":{"a":0,"k":[686,292,0],"ix":2,"l":2},"a":{"a":0,"k":[686,292,0],"ix":1,"l":2},"s":{"a":1,"k":[{"i":{"x":[0.833,0.833,0.833],"y":[0.833,0.833,-15.667]},"o":{"x":[1,1,0.333],"y":[0,0,0]},"t":50,"s":[0,0,100]},{"i":{"x":[0.667,0.667,0.667],"y":[1,1,1]},"o":{"x":[0.167,0.167,0.167],"y":[0.167,0.167,1.961]},"t":64,"s":[100,100,100]},{"i":{"x":[0,0,0.667],"y":[1,1,1]},"o":{"x":[0.333,0.333,0.333],"y":[0,0,0]},"t":74,"s":[190,190,100]},{"t":100,"s":[0,0,100]}],"ix":6,"l":2}},"ao":0,"shapes":[{"ty":"gr","it":[{"ind":0,"ty":"sh","ix":1,"ks":{"a":0,"k":{"i":[[0,0],[5.44,16.56],[0,0],[0,0],[15.519,-7.76],[0,0],[0,0],[-5.519,-16.48],[0,0],[0,0],[-15.6,7.76],[0,0]],"o":[[-15.6,-7.76],[0,0],[0,0],[-5.439,16.48],[0,0],[0,0],[15.6,7.76],[0,0],[0,0],[5.439,-16.48],[0,0],[0,0]],"v":[[56.56,-16.68],[23.04,-50.76],[-0.08,-127.32],[-23.2,-50.76],[-56.719,-16.68],[-95.36,0.04],[-55.6,16.52],[-23.12,51.4],[0,127.32],[23.121,51.4],[55.6,16.52],[95.36,0.04]],"c":true},"ix":2},"nm":"Path 1","mn":"ADBE Vector Shape - Group","hd":false},{"ty":"gf","o":{"a":0,"k":100,"ix":10},"r":1,"bm":0,"g":{"p":3,"k":{"a":0,"k":[0.005,1,1,1,0.505,1,1,1,0.988,1,1,1,0,0.02,0.5,0.51,1,1],"ix":9}},"s":{"a":0,"k":[1,121],"ix":5},"e":{"a":0,"k":[-1,-25],"ix":6},"t":1,"nm":"Gradient Fill 1","mn":"ADBE Vector Graphic - G-Fill","hd":false},{"ty":"tr","p":{"a":0,"k":[687.12,294.84],"ix":2},"a":{"a":0,"k":[0,0],"ix":1},"s":{"a":0,"k":[100,100],"ix":3},"r":{"a":0,"k":0,"ix":6},"o":{"a":0,"k":100,"ix":7},"sk":{"a":0,"k":0,"ix":4},"sa":{"a":0,"k":0,"ix":5},"nm":"Transform"}],"nm":"Group 3","np":2,"cix":2,"bm":0,"ix":1,"mn":"ADBE Vector Group","hd":false}],"ip":0,"op":144,"st":0,"bm":0},{"ddd":0,"ind":7,"ty":4,"nm":"shine 2 ","sr":1,"ks":{"o":{"a":0,"k":100,"ix":11},"r":{"a":0,"k":0,"ix":10},"p":{"a":0,"k":[512,512,0],"ix":2,"l":2},"a":{"a":0,"k":[512,512,0],"ix":1,"l":2},"s":{"a":0,"k":[100,100,100],"ix":6,"l":2}},"ao":0,"shapes":[{"ty":"gr","it":[{"ind":0,"ty":"sh","ix":1,"ks":{"a":0,"k":{"i":[[0,0],[-119.92,143.44],[13.76,-50.4],[64.72,-50.64]],"o":[[0,0],[98.8,-118.24],[-13.84,50.4],[-85.52,66.88]],"v":[[-111.475,185.99],[-49.955,-112.33],[124.285,-132.33],[2.765,-15.77]],"c":true},"ix":2},"nm":"Path 1","mn":"ADBE Vector Shape - Group","hd":false},{"ty":"gf","o":{"a":0,"k":100,"ix":10},"r":1,"bm":0,"g":{"p":3,"k":{"a":0,"k":[0.088,1,1,1,0.546,1,1,1,0.988,1,1,1,0.087,0.01,0.544,0.505,1,1],"ix":9}},"s":{"a":0,"k":[16,154],"ix":5},"e":{"a":0,"k":[-8,-170],"ix":6},"t":1,"nm":"Gradient Fill 1","mn":"ADBE Vector Graphic - G-Fill","hd":false},{"ty":"tr","p":{"a":0,"k":[309.155,307.29],"ix":2},"a":{"a":0,"k":[0,0],"ix":1},"s":{"a":0,"k":[100,100],"ix":3},"r":{"a":0,"k":0,"ix":6},"o":{"a":0,"k":100,"ix":7},"sk":{"a":0,"k":0,"ix":4},"sa":{"a":0,"k":0,"ix":5},"nm":"Transform"}],"nm":"Group 1","np":2,"cix":2,"bm":0,"ix":1,"mn":"ADBE Vector Group","hd":false}],"ip":0,"op":144,"st":0,"bm":0},{"ddd":0,"ind":8,"ty":4,"nm":"light","sr":1,"ks":{"o":{"a":1,"k":[{"i":{"x":[0.667],"y":[1]},"o":{"x":[0.167],"y":[0]},"t":76,"s":[0]},{"i":{"x":[0.667],"y":[1]},"o":{"x":[0.167],"y":[0]},"t":88,"s":[100]},{"i":{"x":[0.833],"y":[1]},"o":{"x":[0.167],"y":[0]},"t":102,"s":[100]},{"t":112,"s":[0]}],"ix":11},"r":{"a":0,"k":0,"ix":10},"p":{"a":0,"k":[512,512,0],"ix":2,"l":2},"a":{"a":0,"k":[512,512,0],"ix":1,"l":2},"s":{"a":0,"k":[100,100,100],"ix":6,"l":2}},"ao":0,"shapes":[{"ty":"gr","it":[{"ty":"gr","it":[{"ind":0,"ty":"sh","ix":1,"ks":{"a":0,"k":{"i":[[-215.435,0],[0,-215.435],[215.436,0],[0,215.436]],"o":[[215.436,0],[0,215.436],[-215.435,0],[0,-215.435]],"v":[[0,-390.08],[390.08,0],[0,390.08],[-390.08,0]],"c":true},"ix":2},"nm":"Path 4","mn":"ADBE Vector Shape - Group","hd":false},{"ty":"tr","p":{"a":0,"k":[0,0],"ix":2},"a":{"a":0,"k":[0,0],"ix":1},"s":{"a":0,"k":[100,100],"ix":3},"r":{"a":0,"k":0,"ix":6},"o":{"a":0,"k":100,"ix":7},"sk":{"a":0,"k":0,"ix":4},"sa":{"a":0,"k":0,"ix":5},"nm":"Transform"}],"nm":"Group 1","np":1,"cix":2,"bm":0,"ix":1,"mn":"ADBE Vector Group","hd":false},{"ty":"gf","o":{"a":0,"k":100,"ix":10},"r":1,"bm":0,"g":{"p":3,"k":{"a":0,"k":[0.338,0.796,0.922,0.98,0.669,0.796,0.922,0.98,1,0.796,0.922,0.98,0,1,0.5,0.5,1,0],"ix":9}},"s":{"a":0,"k":[0,0],"ix":5},"e":{"a":0,"k":[696,20],"ix":6},"t":2,"h":{"a":0,"k":0,"ix":7},"a":{"a":0,"k":0,"ix":8},"nm":"Gradient Fill 1","mn":"ADBE Vector Graphic - G-Fill","hd":false},{"ty":"tr","p":{"a":0,"k":[512,422.08],"ix":2},"a":{"a":0,"k":[0,0],"ix":1},"s":{"a":0,"k":[100,100],"ix":3},"r":{"a":0,"k":0,"ix":6},"o":{"a":0,"k":100,"ix":7},"sk":{"a":0,"k":0,"ix":4},"sa":{"a":0,"k":0,"ix":5},"nm":"Transform"}],"nm":"Group 1","np":2,"cix":2,"bm":0,"ix":1,"mn":"ADBE Vector Group","hd":false}],"ip":0,"op":144,"st":0,"bm":0},{"ddd":0,"ind":9,"ty":4,"nm":"shadow mask","parent":10,"td":1,"sr":1,"ks":{"o":{"a":0,"k":100,"ix":11},"r":{"a":0,"k":0,"ix":10},"p":{"a":1,"k":[{"i":{"x":0.833,"y":0.833},"o":{"x":0.167,"y":0.167},"t":48,"s":[95.932,413.636,0],"to":[64.345,1.727,0],"ti":[-76.253,7.24,0]},{"i":{"x":0.833,"y":0.833},"o":{"x":0.167,"y":0.167},"t":64,"s":[482,424,0],"to":[76.253,-7.24,0],"ti":[-11.908,8.967,0]},{"t":80,"s":[553.45,370.196,0]}],"ix":2,"l":2},"a":{"a":0,"k":[482,424,0],"ix":1,"l":2},"s":{"a":1,"k":[{"i":{"x":[0.833,0.833,0.833],"y":[0.833,0.833,0.833]},"o":{"x":[0.167,0.167,0.167],"y":[0.167,0.167,0.167]},"t":64,"s":[100,100,100]},{"t":80,"s":[127,127,100]}],"ix":6,"l":2}},"ao":0,"shapes":[{"ty":"gr","it":[{"ind":0,"ty":"sh","ix":1,"ks":{"a":1,"k":[{"i":{"x":0.833,"y":0.833},"o":{"x":0.167,"y":0.167},"t":48,"s":[{"i":[[100.391,56.868],[12.24,128.96],[-100.603,107.979],[81,-180.16],[-44.6,-133.92]],"o":[[-139.646,-79.104],[-10.635,-112.052],[46.257,-49.649],[-44.552,99.092],[41.878,125.747]],"v":[[281.376,403.266],[21.835,29.668],[166.525,-308.384],[-307.448,-77.041],[-328.848,272.719]],"c":true}]},{"i":{"x":0.667,"y":1},"o":{"x":0.167,"y":0.167},"t":64,"s":[{"i":[[2.411,115.353],[12.24,128.96],[42.08,71.52],[81,-180.16],[-44.6,-133.92]],"o":[[-2.355,-112.715],[-10.635,-112.052],[-34.411,-58.486],[-44.552,99.092],[41.878,125.747]],"v":[[76.141,252.446],[-158.688,49.839],[-39.528,-198.721],[-307.448,-77.041],[-328.848,272.719]],"c":true}]},{"t":106,"s":[{"i":[[59.238,99.01],[-73.922,103.991],[82.302,10.597],[-97.525,-171.777],[-134.405,-43.118]],"o":[[-61.486,-102.767],[34.958,-49.178],[-276.228,-35.565],[53.641,94.482],[126.201,40.486]],"v":[[153.96,164.22],[105.294,-78.285],[-17.586,-260.091],[-367.043,207.876],[-136.741,367.899]],"c":true}]}],"ix":2},"nm":"Path 1","mn":"ADBE Vector Shape - Group","hd":false},{"ty":"fl","c":{"a":0,"k":[0.725,0,0.592000026329,1],"ix":4},"o":{"a":0,"k":100,"ix":5},"r":1,"bm":0,"nm":"Fill 1","mn":"ADBE Vector Graphic - Fill","hd":false},{"ty":"tr","p":{"a":0,"k":[475.448,411.201],"ix":2},"a":{"a":0,"k":[0,0],"ix":1},"s":{"a":0,"k":[100,100],"ix":3},"r":{"a":0,"k":0,"ix":6},"o":{"a":0,"k":100,"ix":7},"sk":{"a":0,"k":0,"ix":4},"sa":{"a":0,"k":0,"ix":5},"nm":"Transform"}],"nm":"Group 1","np":2,"cix":2,"bm":0,"ix":1,"mn":"ADBE Vector Group","hd":false}],"ip":0,"op":144,"st":0,"bm":0},{"ddd":0,"ind":10,"ty":4,"nm":"shadow","parent":1,"tt":2,"sr":1,"ks":{"o":{"a":1,"k":[{"i":{"x":[0.833],"y":[0.833]},"o":{"x":[0.167],"y":[0.167]},"t":4,"s":[0]},{"i":{"x":[0.833],"y":[0.833]},"o":{"x":[0.167],"y":[0.167]},"t":26,"s":[70]},{"i":{"x":[0.833],"y":[0.833]},"o":{"x":[0.167],"y":[0.167]},"t":64,"s":[70]},{"t":98,"s":[0]}],"ix":11},"r":{"a":0,"k":0,"ix":10},"p":{"a":0,"k":[482,424,0],"ix":2,"l":2},"a":{"a":0,"k":[482,424,0],"ix":1,"l":2},"s":{"a":0,"k":[100,100,100],"ix":6,"l":2}},"ao":0,"shapes":[{"ty":"gr","it":[{"ind":0,"ty":"sh","ix":1,"ks":{"a":1,"k":[{"i":{"x":0.833,"y":0.833},"o":{"x":0.167,"y":0},"t":4,"s":[{"i":[[-67.195,61.341],[-16.131,46.262],[1.981,43.905],[51.128,7.572],[3.409,-136.363]],"o":[[35.238,-32.168],[19.24,-55.176],[-1.473,-32.637],[-45.754,-6.776],[-4.307,172.306]],"v":[[-193.164,78.853],[-161.935,-64.364],[-112.15,-190.141],[-181.633,-260.375],[-329.015,-69.647]],"c":true}]},{"i":{"x":0.833,"y":0.833},"o":{"x":0.167,"y":0.167},"t":22,"s":[{"i":[[-56.479,111.913],[-10.192,62.932],[14.87,54.342],[74.651,-6.443],[-17.034,-173.992]],"o":[[17.937,-35.541],[12.156,-75.059],[-11.053,-40.395],[-66.805,5.766],[23.967,244.808]],"v":[[-80.363,105.964],[-39.163,-29.92],[-50.644,-201.725],[-168.557,-268.003],[-325.372,16.639]],"c":true}]},{"i":{"x":0.833,"y":0.833},"o":{"x":0.167,"y":0.167},"t":56,"s":[{"i":[[-24.353,186.625],[-44.78,123.647],[-9.739,94.141],[175.574,-18.945],[-25.762,-263.15]],"o":[[13.107,-121.082],[18.834,-56.869],[6.151,-62.497],[-100.836,10.784],[36.248,370.255]],"v":[[195.967,205.492],[72.751,-44.989],[249.321,-179.417],[-21.178,-360.345],[-324.939,39.836]],"c":true}]},{"i":{"x":0.833,"y":0.833},"o":{"x":0.167,"y":0.167},"t":60,"s":[{"i":[[-20.971,194.489],[-48.421,130.038],[-12.329,98.331],[186.197,-20.261],[-26.681,-272.535]],"o":[[12.599,-130.086],[19.537,-54.955],[7.961,-64.824],[-104.418,11.312],[37.54,383.46]],"v":[[225.054,215.969],[84.531,-46.575],[280.896,-177.069],[-8.727,-364.304],[-324.894,42.277]],"c":true}]},{"i":{"x":0.667,"y":1},"o":{"x":0.167,"y":0.167},"t":64,"s":[{"i":[[-17.589,202.353],[-52.061,136.429],[-14.92,102.52],[196.821,-21.577],[-27.6,-281.92]],"o":[[12.09,-139.09],[20.24,-53.04],[9.772,-67.151],[-108,11.84],[38.833,396.665]],"v":[[254.141,226.446],[96.312,-48.161],[312.472,-174.721],[4.552,-363.041],[-324.848,44.719]],"c":true}]},{"t":106,"s":[{"i":[[-68.102,191.36],[-8.174,145.796],[46.815,36.566],[177.008,-88.726],[-123.987,-254.692]],"o":[[28.732,-80.733],[5.089,-90.784],[-53.478,-41.77],[-97.128,48.686],[174.451,358.354]],"v":[[317.944,164.581],[273.462,-130.417],[181.819,-318.047],[-129.888,-334.202],[-296.789,162.705]],"c":true}]}],"ix":2},"nm":"Path 1","mn":"ADBE Vector Shape - Group","hd":false},{"ty":"gf","o":{"a":0,"k":100,"ix":10},"r":1,"bm":0,"g":{"p":3,"k":{"a":0,"k":[0.088,0.404,0.227,0.718,0.546,0.404,0.227,0.718,0.988,0.404,0.227,0.718,0.087,0.01,0.544,0.505,1,1],"ix":9}},"s":{"a":0,"k":[-174,516],"ix":5},"e":{"a":0,"k":[170,-334],"ix":6},"t":1,"nm":"Gradient Fill 1","mn":"ADBE Vector Graphic - G-Fill","hd":false},{"ty":"tr","p":{"a":0,"k":[475.448,411.201],"ix":2},"a":{"a":0,"k":[0,0],"ix":1},"s":{"a":0,"k":[100,100],"ix":3},"r":{"a":0,"k":0,"ix":6},"o":{"a":0,"k":100,"ix":7},"sk":{"a":0,"k":0,"ix":4},"sa":{"a":0,"k":0,"ix":5},"nm":"Transform"}],"nm":"Group 1","np":2,"cix":2,"bm":0,"ix":1,"mn":"ADBE Vector Group","hd":false}],"ip":0,"op":144,"st":0,"bm":0},{"ddd":0,"ind":11,"ty":4,"nm":"shadow mask","parent":12,"td":1,"sr":1,"ks":{"o":{"a":0,"k":100,"ix":11},"r":{"a":0,"k":0,"ix":10},"p":{"a":0,"k":[516,420,0],"ix":2,"l":2},"a":{"a":0,"k":[516,420,0],"ix":1,"l":2},"s":{"a":0,"k":[100,100,100],"ix":6,"l":2}},"ao":0,"shapes":[{"ty":"gr","it":[{"ind":0,"ty":"sh","ix":1,"ks":{"a":1,"k":[{"i":{"x":0.833,"y":0.833},"o":{"x":0.333,"y":0},"t":42,"s":[{"i":[[236.88,25.52],[-13.059,-150.204],[-267.76,70.639],[103.063,48.771],[-1.046,37.662],[-50.3,115.919]],"o":[[-236.88,-25.52],[19.44,223.6],[46.04,-12.146],[-138.677,-65.625],[2.972,-107.023],[64.178,-147.9]],"v":[[-350.139,-405.92],[-600.459,122.96],[-190.677,382.979],[-346.568,293.57],[-496.79,81.527],[-445.062,-188.35]],"c":true}]},{"i":{"x":0.833,"y":0.833},"o":{"x":0.167,"y":0.167},"t":64,"s":[{"i":[[236.88,25.52],[-13.059,-150.204],[-267.76,70.639],[44.5,81.562],[-7.72,119.96],[24.52,123.96]],"o":[[-236.88,-25.52],[19.44,223.6],[46.04,-12.146],[-73.48,-134.68],[6.876,-106.843],[-10.872,-54.964]],"v":[[-350.139,-405.92],[-600.459,122.96],[-91.259,403.921],[21.461,226.24],[-195.299,-5.4],[-26.539,-278.4]],"c":true}]},{"i":{"x":0.833,"y":1},"o":{"x":0.167,"y":0.167},"t":84,"s":[{"i":[[237.544,16.107],[-18.984,-149.467],[-264.573,81.133],[-44.9,59.253],[18.666,100.581],[46.899,115.187]],"o":[[-237.544,-16.107],[28.261,222.503],[45.492,-13.95],[67.313,-106.989],[-60.832,-178.899],[-47.847,-95.007]],"v":[[-366.872,-400.273],[-595.894,137.74],[-76.32,398.137],[57.94,300.843],[-0.555,41.942],[2.067,-292.02]],"c":true}]},{"t":106,"s":[{"i":[[238.118,7.967],[-24.109,-148.83],[-261.816,90.209],[-50.008,78.306],[41.486,83.819],[66.255,107.599]],"o":[[-238.118,-7.967],[35.89,221.555],[45.018,-15.511],[70.332,-110.131],[-119.392,-241.22],[-79.827,-129.641]],"v":[[-381.345,-395.39],[-591.946,150.524],[-63.398,393.135],[45.73,304.956],[68.373,63.78],[26.808,-303.799]],"c":true}]}],"ix":2},"nm":"Path 1","mn":"ADBE Vector Shape - Group","hd":false},{"ty":"fl","c":{"a":0,"k":[0.725,0,0.592000026329,1],"ix":4},"o":{"a":0,"k":100,"ix":5},"r":1,"bm":0,"nm":"Fill 1","mn":"ADBE Vector Graphic - Fill","hd":false},{"ty":"tr","p":{"a":0,"k":[647.019,399.44],"ix":2},"a":{"a":0,"k":[0,0],"ix":1},"s":{"a":0,"k":[100,100],"ix":3},"r":{"a":0,"k":0,"ix":6},"o":{"a":0,"k":100,"ix":7},"sk":{"a":0,"k":0,"ix":4},"sa":{"a":0,"k":0,"ix":5},"nm":"Transform"}],"nm":"Group 1","np":2,"cix":2,"bm":0,"ix":1,"mn":"ADBE Vector Group","hd":false}],"ip":0,"op":144,"st":0,"bm":0},{"ddd":0,"ind":12,"ty":4,"nm":"shadow 2","parent":1,"tt":2,"sr":1,"ks":{"o":{"a":1,"k":[{"i":{"x":[0.667],"y":[1]},"o":{"x":[0.333],"y":[0]},"t":10,"s":[0]},{"i":{"x":[0.833],"y":[1]},"o":{"x":[0.167],"y":[0]},"t":32,"s":[39]},{"i":{"x":[0.833],"y":[1]},"o":{"x":[0.167],"y":[0]},"t":72,"s":[39]},{"t":108,"s":[0]}],"ix":11},"r":{"a":0,"k":0,"ix":10},"p":{"a":0,"k":[516,420,0],"ix":2,"l":2},"a":{"a":0,"k":[516,420,0],"ix":1,"l":2},"s":{"a":0,"k":[100,100,100],"ix":6,"l":2}},"ao":0,"shapes":[{"ty":"gr","it":[{"ind":0,"ty":"sh","ix":1,"ks":{"a":1,"k":[{"i":{"x":0.833,"y":0.833},"o":{"x":0.333,"y":0},"t":14,"s":[{"i":[[65.862,0.36],[-23.543,-106.993],[-85.328,-69.366],[-23.181,90.77],[-5.309,101.569],[23.55,50.064]],"o":[[-173.115,-0.947],[29.747,135.188],[30.627,24.897],[37.928,-148.515],[5.309,-101.568],[-14.933,-31.745]],"v":[[-309.639,-244.106],[-494.186,51.678],[-343.214,274.891],[-146.872,236.975],[-212.426,22.016],[-210.186,-170.783]],"c":true}]},{"i":{"x":0.833,"y":0.833},"o":{"x":0.167,"y":0.167},"t":40,"s":[{"i":[[89.933,11.329],[-13.059,-150.204],[-150.303,-17.683],[-56.488,72.141],[-23.965,137.906],[54.413,95.224]],"o":[[-236.383,-29.777],[19.44,223.6],[47.289,5.563],[27.734,-35.419],[23.965,-137.906],[-23.954,-41.92]],"v":[[-104.139,-353.92],[-496.459,34.96],[-221.755,334.804],[-16.323,261.105],[50.266,30.801],[44.096,-260.673]],"c":true}]},{"i":{"x":0.833,"y":0.833},"o":{"x":0.167,"y":0.167},"t":64,"s":[{"i":[[236.88,25.52],[-13.059,-150.204],[-267.76,70.639],[35.36,85.92],[-39.201,47.44],[-9.52,102.88]],"o":[[-236.88,-25.52],[19.44,223.6],[46.04,-12.146],[-17.12,-41.6],[14.56,-17.68],[4.4,-48.08]],"v":[[-104.139,-353.92],[-496.459,34.96],[-15.259,353.921],[125.461,172.24],[69.701,55.6],[195.461,-74.4]],"c":true}]},{"i":{"x":0.667,"y":1},"o":{"x":0.167,"y":0.167},"t":80,"s":[{"i":[[236.88,25.52],[-13.059,-150.204],[-237.648,56.01],[-46.624,59.676],[-14.524,45.477],[4.469,91.895]],"o":[[-236.88,-25.52],[19.44,223.6],[46.357,-10.836],[34.166,-49.891],[12.959,-39.025],[-2.751,-47.947]],"v":[[-104.139,-353.92],[-496.459,34.96],[-37.509,361.532],[110.739,254.576],[182.353,99.154],[195.461,-74.4]],"c":true}]},{"t":94,"s":[{"i":[[236.88,25.52],[-13.059,-150.204],[-223.162,48.973],[-59.203,84.03],[-12.189,49.292],[11.198,86.61]],"o":[[-236.88,-25.52],[19.44,223.6],[46.509,-10.206],[22.935,-32.552],[12.189,-49.292],[-6.191,-47.882]],"v":[[-104.139,-353.92],[-496.459,34.96],[-48.213,365.194],[123.198,234.464],[184.758,97.871],[195.461,-74.4]],"c":true}]}],"ix":2},"nm":"Path 1","mn":"ADBE Vector Shape - Group","hd":false},{"ty":"gf","o":{"a":0,"k":100,"ix":10},"r":1,"bm":0,"g":{"p":3,"k":{"a":0,"k":[0.088,0.114,0.267,0.702,0.546,0.114,0.267,0.702,0.988,0.114,0.267,0.702,0.087,0.01,0.544,0.505,1,1],"ix":9}},"s":{"a":0,"k":[-24,600],"ix":5},"e":{"a":0,"k":[-36,-276],"ix":6},"t":1,"nm":"Gradient Fill 1","mn":"ADBE Vector Graphic - G-Fill","hd":false},{"ty":"tr","p":{"a":0,"k":[647.019,399.44],"ix":2},"a":{"a":0,"k":[0,0],"ix":1},"s":{"a":0,"k":[100,100],"ix":3},"r":{"a":0,"k":0,"ix":6},"o":{"a":0,"k":100,"ix":7},"sk":{"a":0,"k":0,"ix":4},"sa":{"a":0,"k":0,"ix":5},"nm":"Transform"}],"nm":"Group 1","np":2,"cix":2,"bm":0,"ix":1,"mn":"ADBE Vector Group","hd":false}],"ip":0,"op":144,"st":0,"bm":0},{"ddd":0,"ind":13,"ty":4,"nm":"glass 2","sr":1,"ks":{"o":{"a":0,"k":100,"ix":11},"r":{"a":0,"k":0,"ix":10},"p":{"a":0,"k":[512,512,0],"ix":2,"l":2},"a":{"a":0,"k":[512,512,0],"ix":1,"l":2},"s":{"a":0,"k":[100,100,100],"ix":6,"l":2}},"ao":0,"shapes":[{"ty":"gr","it":[{"ind":0,"ty":"sh","ix":1,"ks":{"a":0,"k":{"i":[[-215.435,0],[0,-215.435],[215.436,0],[0,215.436]],"o":[[215.436,0],[0,215.436],[-215.435,0],[0,-215.435]],"v":[[0,-390.08],[390.08,0],[0,390.08],[-390.08,0]],"c":true},"ix":2},"nm":"Path 1","mn":"ADBE Vector Shape - Group","hd":false},{"ty":"gf","o":{"a":0,"k":100,"ix":10},"r":1,"bm":0,"g":{"p":3,"k":{"a":0,"k":[0.28,0.506,0.831,0.98,0.64,0.506,0.831,0.98,0.988,0.506,0.831,0.98,0.275,0.01,0.637,0.505,1,1],"ix":9}},"s":{"a":1,"k":[{"i":{"x":0.3,"y":1},"o":{"x":0.333,"y":0},"t":0,"s":[-4,-14],"to":[-3.123,-4.859],"ti":[2.877,4.475]},{"i":{"x":0.667,"y":1},"o":{"x":0.167,"y":0},"t":64,"s":[-112,-70],"to":[-6,-9.333],"ti":[2.877,4.475]},{"i":{"x":0,"y":1},"o":{"x":0.333,"y":0},"t":98,"s":[-112,-70],"to":[-6,-9.333],"ti":[6,9.333]},{"t":110,"s":[-4,-14]}],"ix":5},"e":{"a":1,"k":[{"i":{"x":0.667,"y":1},"o":{"x":0.333,"y":0},"t":0,"s":[1154,288],"to":[-126,-22.667],"ti":[126,22.667]},{"i":{"x":0.667,"y":0.667},"o":{"x":0.167,"y":0.167},"t":64,"s":[398,152],"to":[0,0],"ti":[0,0]},{"i":{"x":0.667,"y":1},"o":{"x":0.333,"y":0},"t":98,"s":[398,152],"to":[126,22.667],"ti":[-126,-22.667]},{"t":110,"s":[1154,288]}],"ix":6},"t":2,"h":{"a":1,"k":[{"i":{"x":[0.667],"y":[0.021]},"o":{"x":[0.333],"y":[0]},"t":0,"s":[26.136]},{"i":{"x":[0.667],"y":[1]},"o":{"x":[0.333],"y":[0.758]},"t":28,"s":[17.642]},{"i":{"x":[0.667],"y":[1]},"o":{"x":[0.167],"y":[0]},"t":64,"s":[3.541]},{"i":{"x":[0.667],"y":[1]},"o":{"x":[0.333],"y":[0]},"t":98,"s":[0]},{"t":110,"s":[26.136]}],"ix":7},"a":{"a":1,"k":[{"i":{"x":[0.667],"y":[0.947]},"o":{"x":[0.333],"y":[0]},"t":0,"s":[-6.969]},{"i":{"x":[0.667],"y":[1]},"o":{"x":[0.333],"y":[-0.023]},"t":28,"s":[35.147]},{"i":{"x":[0.667],"y":[1]},"o":{"x":[0.167],"y":[0]},"t":64,"s":[-89.561]},{"i":{"x":[0.667],"y":[1]},"o":{"x":[0.333],"y":[0]},"t":98,"s":[-89.561]},{"t":110,"s":[-6.969]}],"ix":8},"nm":"Gradient Fill 1","mn":"ADBE Vector Graphic - G-Fill","hd":false},{"ty":"tr","p":{"a":0,"k":[512,422.08],"ix":2},"a":{"a":0,"k":[0,0],"ix":1},"s":{"a":0,"k":[100,100],"ix":3},"r":{"a":0,"k":0,"ix":6},"o":{"a":0,"k":100,"ix":7},"sk":{"a":0,"k":0,"ix":4},"sa":{"a":0,"k":0,"ix":5},"nm":"Transform"}],"nm":"Group 1","np":2,"cix":2,"bm":0,"ix":1,"mn":"ADBE Vector Group","hd":false}],"ip":0,"op":144,"st":0,"bm":0},{"ddd":0,"ind":14,"ty":4,"nm":"glass","sr":1,"ks":{"o":{"a":1,"k":[{"i":{"x":[0.833],"y":[0.833]},"o":{"x":[0.167],"y":[0.167]},"t":10,"s":[100]},{"i":{"x":[0.833],"y":[0.833]},"o":{"x":[0.167],"y":[0.167]},"t":46,"s":[0]},{"i":{"x":[0.833],"y":[0.833]},"o":{"x":[0.167],"y":[0.167]},"t":86,"s":[0]},{"t":116,"s":[100]}],"ix":11},"r":{"a":0,"k":0,"ix":10},"p":{"a":0,"k":[512,512,0],"ix":2,"l":2},"a":{"a":0,"k":[512,512,0],"ix":1,"l":2},"s":{"a":0,"k":[100,100,100],"ix":6,"l":2}},"ao":0,"shapes":[{"ty":"gr","it":[{"ind":0,"ty":"sh","ix":1,"ks":{"a":0,"k":{"i":[[-215.435,0],[0,-215.435],[215.436,0],[0,215.436]],"o":[[215.436,0],[0,215.436],[-215.435,0],[0,-215.435]],"v":[[0,-390.08],[390.08,0],[0,390.08],[-390.08,0]],"c":true},"ix":2},"nm":"Path 1","mn":"ADBE Vector Shape - Group","hd":false},{"ty":"gf","o":{"a":0,"k":100,"ix":10},"r":1,"bm":0,"g":{"p":3,"k":{"a":0,"k":[0.28,0.506,0.831,0.98,0.64,0.506,0.831,0.98,0.988,0.506,0.831,0.98,0.275,0.01,0.637,0.505,1,1],"ix":9}},"s":{"a":1,"k":[{"i":{"x":0.3,"y":1},"o":{"x":0.333,"y":0},"t":0,"s":[-92,-14],"to":[-3.123,-4.859],"ti":[2.877,4.475]},{"i":{"x":0.667,"y":1},"o":{"x":0.167,"y":0},"t":64,"s":[-112,-70],"to":[-6,-9.333],"ti":[2.877,4.475]},{"i":{"x":0.833,"y":1},"o":{"x":0.333,"y":0},"t":98,"s":[-112,-70],"to":[-6,-9.333],"ti":[6,9.333]},{"t":110,"s":[-92,-14]}],"ix":5},"e":{"a":1,"k":[{"i":{"x":0.667,"y":1},"o":{"x":0.333,"y":0},"t":0,"s":[1154,288],"to":[-126,-22.667],"ti":[126,22.667]},{"i":{"x":0.667,"y":0.667},"o":{"x":0.167,"y":0.167},"t":64,"s":[398,152],"to":[0,0],"ti":[0,0]},{"i":{"x":0.667,"y":1},"o":{"x":0.333,"y":0},"t":98,"s":[398,152],"to":[126,22.667],"ti":[-126,-22.667]},{"t":110,"s":[1154,288]}],"ix":6},"t":2,"h":{"a":1,"k":[{"i":{"x":[0.667],"y":[0.021]},"o":{"x":[0.333],"y":[0]},"t":0,"s":[26.136]},{"i":{"x":[0.667],"y":[1]},"o":{"x":[0.333],"y":[0.758]},"t":28,"s":[17.642]},{"i":{"x":[0.667],"y":[1]},"o":{"x":[0.167],"y":[0]},"t":64,"s":[3.541]},{"i":{"x":[0.667],"y":[1]},"o":{"x":[0.333],"y":[0]},"t":98,"s":[0]},{"t":110,"s":[26.136]}],"ix":7},"a":{"a":1,"k":[{"i":{"x":[0.667],"y":[0.947]},"o":{"x":[0.333],"y":[0]},"t":0,"s":[-6.969]},{"i":{"x":[0.667],"y":[1]},"o":{"x":[0.333],"y":[-0.023]},"t":28,"s":[35.147]},{"i":{"x":[0.667],"y":[1]},"o":{"x":[0.167],"y":[0]},"t":64,"s":[-89.561]},{"i":{"x":[0.667],"y":[1]},"o":{"x":[0.333],"y":[0]},"t":98,"s":[-89.561]},{"t":110,"s":[-6.969]}],"ix":8},"nm":"Gradient Fill 1","mn":"ADBE Vector Graphic - G-Fill","hd":false},{"ty":"tr","p":{"a":0,"k":[512,422.08],"ix":2},"a":{"a":0,"k":[0,0],"ix":1},"s":{"a":0,"k":[100,100],"ix":3},"r":{"a":0,"k":0,"ix":6},"o":{"a":0,"k":100,"ix":7},"sk":{"a":0,"k":0,"ix":4},"sa":{"a":0,"k":0,"ix":5},"nm":"Transform"}],"nm":"Group 1","np":2,"cix":2,"bm":0,"ix":1,"mn":"ADBE Vector Group","hd":false}],"ip":0,"op":144,"st":0,"bm":0},{"ddd":0,"ind":15,"ty":4,"nm":"sphere 2","sr":1,"ks":{"o":{"a":1,"k":[{"i":{"x":[0.667],"y":[1]},"o":{"x":[0.333],"y":[0]},"t":10,"s":[100]},{"i":{"x":[0.667],"y":[1]},"o":{"x":[0.167],"y":[0]},"t":58,"s":[0]},{"i":{"x":[0],"y":[1]},"o":{"x":[0.167],"y":[0]},"t":94,"s":[0]},{"t":106,"s":[100]}],"ix":11},"r":{"a":0,"k":0,"ix":10},"p":{"a":0,"k":[512,512,0],"ix":2,"l":2},"a":{"a":0,"k":[512,512,0],"ix":1,"l":2},"s":{"a":0,"k":[100,100,100],"ix":6,"l":2}},"ao":0,"shapes":[{"ty":"gr","it":[{"ind":0,"ty":"sh","ix":1,"ks":{"a":0,"k":{"i":[[0,-215.436],[-215.435,0],[0,215.436],[215.436,0]],"o":[[0,215.436],[215.436,0],[0,-215.436],[-215.435,0]],"v":[[-390.08,0],[0,390.08],[390.08,0],[0,-390.08]],"c":true},"ix":2},"nm":"Path 2","mn":"ADBE Vector Shape - Group","hd":false},{"ty":"gf","o":{"a":0,"k":100,"ix":10},"r":1,"bm":0,"g":{"p":3,"k":{"a":0,"k":[0.118,0.455,0.341,0.729,0.56,0.408,0.341,0.729,0.988,0.361,0.341,0.729],"ix":9}},"s":{"a":0,"k":[108,-182],"ix":5},"e":{"a":0,"k":[576,-326],"ix":6},"t":2,"h":{"a":0,"k":0,"ix":7},"a":{"a":0,"k":0,"ix":8},"nm":"Gradient Fill 1","mn":"ADBE Vector Graphic - G-Fill","hd":false},{"ty":"tr","p":{"a":0,"k":[512,422.08],"ix":2},"a":{"a":0,"k":[0,0],"ix":1},"s":{"a":0,"k":[100,100],"ix":3},"r":{"a":0,"k":0,"ix":6},"o":{"a":0,"k":100,"ix":7},"sk":{"a":0,"k":0,"ix":4},"sa":{"a":0,"k":0,"ix":5},"nm":"Transform"}],"nm":"Group 1","np":2,"cix":2,"bm":0,"ix":1,"mn":"ADBE Vector Group","hd":false}],"ip":0,"op":144,"st":0,"bm":0},{"ddd":0,"ind":16,"ty":4,"nm":"sphere","sr":1,"ks":{"o":{"a":0,"k":100,"ix":11},"r":{"a":0,"k":0,"ix":10},"p":{"a":0,"k":[512,512,0],"ix":2,"l":2},"a":{"a":0,"k":[512,512,0],"ix":1,"l":2},"s":{"a":0,"k":[100,100,100],"ix":6,"l":2}},"ao":0,"shapes":[{"ty":"gr","it":[{"ind":0,"ty":"sh","ix":1,"ks":{"a":0,"k":{"i":[[0,-215.436],[-215.435,0],[0,215.436],[215.436,0]],"o":[[0,215.436],[215.436,0],[0,-215.436],[-215.435,0]],"v":[[-390.08,0],[0,390.08],[390.08,0],[0,-390.08]],"c":true},"ix":2},"nm":"Path 2","mn":"ADBE Vector Shape - Group","hd":false},{"ty":"gf","o":{"a":0,"k":100,"ix":10},"r":1,"bm":0,"g":{"p":3,"k":{"a":0,"k":[0.118,0.808,0.576,0.847,0.56,0.739,0.427,0.792,0.988,0.671,0.278,0.737],"ix":9}},"s":{"a":0,"k":[124,-262],"ix":5},"e":{"a":0,"k":[756,-330],"ix":6},"t":2,"h":{"a":0,"k":0,"ix":7},"a":{"a":0,"k":0,"ix":8},"nm":"Gradient Fill 1","mn":"ADBE Vector Graphic - G-Fill","hd":false},{"ty":"tr","p":{"a":0,"k":[512,422.08],"ix":2},"a":{"a":0,"k":[0,0],"ix":1},"s":{"a":0,"k":[100,100],"ix":3},"r":{"a":0,"k":0,"ix":6},"o":{"a":0,"k":100,"ix":7},"sk":{"a":0,"k":0,"ix":4},"sa":{"a":0,"k":0,"ix":5},"nm":"Transform"}],"nm":"Group 1","np":2,"cix":2,"bm":0,"ix":1,"mn":"ADBE Vector Group","hd":false}],"ip":0,"op":144,"st":0,"bm":0},{"ddd":0,"ind":17,"ty":4,"nm":"wood 2","sr":1,"ks":{"o":{"a":0,"k":100,"ix":11},"r":{"a":0,"k":0,"ix":10},"p":{"a":0,"k":[512,512,0],"ix":2,"l":2},"a":{"a":0,"k":[512,512,0],"ix":1,"l":2},"s":{"a":0,"k":[100,100,100],"ix":6,"l":2}},"ao":0,"shapes":[{"ty":"gr","it":[{"ind":0,"ty":"sh","ix":1,"ks":{"a":0,"k":{"i":[[7.199,-6.4],[0,-15.12],[-19.279,12.721],[-3.76,4.239],[3.04,10.16]],"o":[[-16.16,14.479],[0,0],[4.801,-3.12],[0,0],[-1.199,6.799]],"v":[[11.721,-20.72],[-29.96,38.16],[17.96,-2.321],[29.96,-13.68],[25,-38.16]],"c":true},"ix":2},"nm":"Path 1","mn":"ADBE Vector Shape - Group","hd":false},{"ty":"fl","c":{"a":0,"k":[0.658999992819,0.426999978458,0.26699999641,1],"ix":4},"o":{"a":0,"k":100,"ix":5},"r":1,"bm":0,"nm":"Fill 1","mn":"ADBE Vector Graphic - Fill","hd":false},{"ty":"tr","p":{"a":0,"k":[742.679,873.04],"ix":2},"a":{"a":0,"k":[0,0],"ix":1},"s":{"a":0,"k":[100,100],"ix":3},"r":{"a":0,"k":0,"ix":6},"o":{"a":0,"k":100,"ix":7},"sk":{"a":0,"k":0,"ix":4},"sa":{"a":0,"k":0,"ix":5},"nm":"Transform"}],"nm":"Group 1","np":2,"cix":2,"bm":0,"ix":1,"mn":"ADBE Vector Group","hd":false},{"ty":"gr","it":[{"ind":0,"ty":"sh","ix":1,"ks":{"a":0,"k":{"i":[[-2.24,-3.6],[-9.12,-9.04],[-12.56,2.24],[-4.72,9.359],[0,0],[27.28,5.279],[29.44,20.72],[0,0],[1.2,-7.601]],"o":[[6.8,10.88],[15.44,15.36],[0,0],[2.4,-4.801],[0,0],[-17.68,-3.441],[-16.24,-11.44],[0,0],[17.04,17.839]],"v":[[-45.12,-0.64],[-22.24,29.36],[25.28,51.36],[-14.48,6.081],[80.24,8.881],[24.96,-11.119],[-54.48,-28.4],[-73.2,-53.6],[-80.24,-26.079]],"c":true},"ix":2},"nm":"Path 1","mn":"ADBE Vector Shape - Group","hd":false},{"ty":"fl","c":{"a":0,"k":[0.658999992819,0.426999978458,0.26699999641,1],"ix":4},"o":{"a":0,"k":100,"ix":5},"r":1,"bm":0,"nm":"Fill 1","mn":"ADBE Vector Graphic - Fill","hd":false},{"ty":"tr","p":{"a":0,"k":[331.68,892.48],"ix":2},"a":{"a":0,"k":[0,0],"ix":1},"s":{"a":0,"k":[100,100],"ix":3},"r":{"a":0,"k":0,"ix":6},"o":{"a":0,"k":100,"ix":7},"sk":{"a":0,"k":0,"ix":4},"sa":{"a":0,"k":0,"ix":5},"nm":"Transform"}],"nm":"Group 2","np":2,"cix":2,"bm":0,"ix":2,"mn":"ADBE Vector Group","hd":false},{"ty":"gr","it":[{"ind":0,"ty":"sh","ix":1,"ks":{"a":0,"k":{"i":[[17.92,-3.2],[33.68,7.92],[0,0],[-22.4,-1.92],[-19.36,-7.92],[-26.4,0],[-15.6,39.28],[22.24,-11.28]],"o":[[-34.24,6.239],[-46.16,-10.8],[-5.2,2.561],[20.4,1.759],[27.28,11.12],[50.16,0],[0,0],[-16.16,8.24]],"v":[[68.2,10.521],[-32.52,-1.799],[-165.4,-11.081],[-102.12,10.12],[-40.76,18.04],[39.32,34.76],[170.6,-34.76],[119.72,-6.68]],"c":true},"ix":2},"nm":"Path 1","mn":"ADBE Vector Shape - Group","hd":false},{"ty":"fl","c":{"a":0,"k":[0.658999992819,0.426999978458,0.26699999641,1],"ix":4},"o":{"a":0,"k":100,"ix":5},"r":1,"bm":0,"nm":"Fill 1","mn":"ADBE Vector Graphic - Fill","hd":false},{"ty":"tr","p":{"a":0,"k":[527.88,928.84],"ix":2},"a":{"a":0,"k":[0,0],"ix":1},"s":{"a":0,"k":[100,100],"ix":3},"r":{"a":0,"k":0,"ix":6},"o":{"a":0,"k":100,"ix":7},"sk":{"a":0,"k":0,"ix":4},"sa":{"a":0,"k":0,"ix":5},"nm":"Transform"}],"nm":"Group 3","np":2,"cix":2,"bm":0,"ix":3,"mn":"ADBE Vector Group","hd":false},{"ty":"gr","it":[{"ind":0,"ty":"sh","ix":1,"ks":{"a":0,"k":{"i":[[27.52,-17.52],[0,0],[-26.8,4.481],[-20.8,35.359],[0,0]],"o":[[-61.921,39.36],[-4.401,2.88],[52.641,-8.8],[-2.88,-8.96],[-6,14.479]],"v":[[34.481,4.879],[-79.76,39.839],[-21.281,45.999],[84.161,-24.56],[74.959,-50.48]],"c":true},"ix":2},"nm":"Path 1","mn":"ADBE Vector Shape - Group","hd":false},{"ty":"fl","c":{"a":0,"k":[0.8,0.522000002394,0.322000002394,1],"ix":4},"o":{"a":0,"k":100,"ix":5},"r":1,"bm":0,"nm":"Fill 1","mn":"ADBE Vector Graphic - Fill","hd":false},{"ty":"tr","p":{"a":0,"k":[673.04,822.801],"ix":2},"a":{"a":0,"k":[0,0],"ix":1},"s":{"a":0,"k":[100,100],"ix":3},"r":{"a":0,"k":0,"ix":6},"o":{"a":0,"k":100,"ix":7},"sk":{"a":0,"k":0,"ix":4},"sa":{"a":0,"k":0,"ix":5},"nm":"Transform"}],"nm":"Group 4","np":2,"cix":2,"bm":0,"ix":4,"mn":"ADBE Vector Group","hd":false},{"ty":"gr","it":[{"ind":0,"ty":"sh","ix":1,"ks":{"a":0,"k":{"i":[[-17.76,-10.08],[-29.68,-5.36],[-72.8,1.281],[3.36,-0.08],[23.04,3.6],[24.48,0],[25.92,14.24],[18,3.68],[38.64,18.32],[3.52,21.04],[0,0]],"o":[[24.16,13.76],[37.76,6.88],[26,-0.479],[-2.08,-4.24],[-21.12,-3.36],[-18.72,0],[-11.84,-6.48],[-27.68,-5.68],[-18.48,-8.72],[0,0],[12,21.999]],"v":[[-134.96,7.56],[-42.88,25.64],[89.04,60.039],[172.32,56.68],[135.36,44.76],[74.56,41.72],[4.24,21.88],[-44,4.52],[-129.6,-13.48],[-166.56,-61.32],[-175.68,-35.08]],"c":true},"ix":2},"nm":"Path 1","mn":"ADBE Vector Shape - Group","hd":false},{"ty":"fl","c":{"a":0,"k":[0.8,0.522000002394,0.322000002394,1],"ix":4},"o":{"a":0,"k":100,"ix":5},"r":1,"bm":0,"nm":"Fill 1","mn":"ADBE Vector Graphic - Fill","hd":false},{"ty":"tr","p":{"a":0,"k":[444.32,841.64],"ix":2},"a":{"a":0,"k":[0,0],"ix":1},"s":{"a":0,"k":[100,100],"ix":3},"r":{"a":0,"k":0,"ix":6},"o":{"a":0,"k":100,"ix":7},"sk":{"a":0,"k":0,"ix":4},"sa":{"a":0,"k":0,"ix":5},"nm":"Transform"}],"nm":"Group 5","np":2,"cix":2,"bm":0,"ix":5,"mn":"ADBE Vector Group","hd":false},{"ty":"gr","it":[{"ind":0,"ty":"sh","ix":1,"ks":{"a":0,"k":{"i":[[-119.514,0],[0,-51.915],[119.514,0],[0,51.915]],"o":[[119.514,0],[0,51.915],[-119.514,0],[0,-51.915]],"v":[[0,-94],[216.4,0],[0,94],[-216.4,0]],"c":true},"ix":2},"nm":"Path 1","mn":"ADBE Vector Shape - Group","hd":false},{"ty":"fl","c":{"a":0,"k":[1,0.694000004787,0.477999997606,1],"ix":4},"o":{"a":0,"k":100,"ix":5},"r":1,"bm":0,"nm":"Fill 1","mn":"ADBE Vector Graphic - Fill","hd":false},{"ty":"tr","p":{"a":0,"k":[512.48,748],"ix":2},"a":{"a":0,"k":[0,0],"ix":1},"s":{"a":0,"k":[100,100],"ix":3},"r":{"a":0,"k":0,"ix":6},"o":{"a":0,"k":100,"ix":7},"sk":{"a":0,"k":0,"ix":4},"sa":{"a":0,"k":0,"ix":5},"nm":"Transform"}],"nm":"Group 6","np":2,"cix":2,"bm":0,"ix":6,"mn":"ADBE Vector Group","hd":false},{"ty":"gr","it":[{"ind":0,"ty":"sh","ix":1,"ks":{"a":0,"k":{"i":[[0,59.439],[0,0],[-50.96,0],[0,-59.44],[121.04,0]],"o":[[0,-34.4],[46.32,-14.32],[0,0],[0,59.439],[-121.04,0]],"v":[[-262.96,31.32],[-214.88,-124.6],[216.88,-126.76],[262.96,31.32],[0.48,138.92]],"c":true},"ix":2},"nm":"Path 1","mn":"ADBE Vector Shape - Group","hd":false},{"ty":"fl","c":{"a":0,"k":[0.545000023935,0.340999977261,0.219999994016,1],"ix":4},"o":{"a":0,"k":100,"ix":5},"r":1,"bm":0,"nm":"Fill 1","mn":"ADBE Vector Graphic - Fill","hd":false},{"ty":"tr","p":{"a":0,"k":[512,853.08],"ix":2},"a":{"a":0,"k":[0,0],"ix":1},"s":{"a":0,"k":[100,100],"ix":3},"r":{"a":0,"k":0,"ix":6},"o":{"a":0,"k":100,"ix":7},"sk":{"a":0,"k":0,"ix":4},"sa":{"a":0,"k":0,"ix":5},"nm":"Transform"}],"nm":"Group 7","np":2,"cix":2,"bm":0,"ix":7,"mn":"ADBE Vector Group","hd":false}],"ip":0,"op":144,"st":0,"bm":0},{"ddd":0,"ind":18,"ty":4,"nm":"wood","sr":1,"ks":{"o":{"a":0,"k":100,"ix":11},"r":{"a":0,"k":0,"ix":10},"p":{"a":0,"k":[512,512,0],"ix":2,"l":2},"a":{"a":0,"k":[512,512,0],"ix":1,"l":2},"s":{"a":0,"k":[100,100,100],"ix":6,"l":2}},"ao":0,"shapes":[{"ty":"gr","it":[{"ind":0,"ty":"sh","ix":1,"ks":{"a":0,"k":{"i":[[7.199,-6.4],[0,-15.12],[-19.279,12.721],[-3.76,4.239],[3.04,10.16]],"o":[[-16.16,14.479],[0,0],[4.801,-3.12],[0,0],[-1.199,6.799]],"v":[[11.721,-20.72],[-29.96,38.16],[17.96,-2.321],[29.96,-13.68],[25,-38.16]],"c":true},"ix":2},"nm":"Path 1","mn":"ADBE Vector Shape - Group","hd":false},{"ty":"fl","c":{"a":0,"k":[0.658999992819,0.426999978458,0.26699999641,1],"ix":4},"o":{"a":0,"k":100,"ix":5},"r":1,"bm":0,"nm":"Fill 1","mn":"ADBE Vector Graphic - Fill","hd":false},{"ty":"tr","p":{"a":0,"k":[742.679,873.04],"ix":2},"a":{"a":0,"k":[0,0],"ix":1},"s":{"a":0,"k":[100,100],"ix":3},"r":{"a":0,"k":0,"ix":6},"o":{"a":0,"k":100,"ix":7},"sk":{"a":0,"k":0,"ix":4},"sa":{"a":0,"k":0,"ix":5},"nm":"Transform"}],"nm":"Group 1","np":2,"cix":2,"bm":0,"ix":1,"mn":"ADBE Vector Group","hd":false},{"ty":"gr","it":[{"ind":0,"ty":"sh","ix":1,"ks":{"a":0,"k":{"i":[[-2.24,-3.6],[-9.12,-9.04],[-12.56,2.24],[-4.72,9.359],[0,0],[27.28,5.279],[29.44,20.72],[0,0],[1.2,-7.601]],"o":[[6.8,10.88],[15.44,15.36],[0,0],[2.4,-4.801],[0,0],[-17.68,-3.441],[-16.24,-11.44],[0,0],[17.04,17.839]],"v":[[-45.12,-0.64],[-22.24,29.36],[25.28,51.36],[-14.48,6.081],[80.24,8.881],[24.96,-11.119],[-54.48,-28.4],[-73.2,-53.6],[-80.24,-26.079]],"c":true},"ix":2},"nm":"Path 1","mn":"ADBE Vector Shape - Group","hd":false},{"ty":"fl","c":{"a":0,"k":[0.658999992819,0.426999978458,0.26699999641,1],"ix":4},"o":{"a":0,"k":100,"ix":5},"r":1,"bm":0,"nm":"Fill 1","mn":"ADBE Vector Graphic - Fill","hd":false},{"ty":"tr","p":{"a":0,"k":[331.68,892.48],"ix":2},"a":{"a":0,"k":[0,0],"ix":1},"s":{"a":0,"k":[100,100],"ix":3},"r":{"a":0,"k":0,"ix":6},"o":{"a":0,"k":100,"ix":7},"sk":{"a":0,"k":0,"ix":4},"sa":{"a":0,"k":0,"ix":5},"nm":"Transform"}],"nm":"Group 2","np":2,"cix":2,"bm":0,"ix":2,"mn":"ADBE Vector Group","hd":false},{"ty":"gr","it":[{"ind":0,"ty":"sh","ix":1,"ks":{"a":0,"k":{"i":[[17.92,-3.2],[33.68,7.92],[0,0],[-22.4,-1.92],[-19.36,-7.92],[-26.4,0],[-15.6,39.28],[22.24,-11.28]],"o":[[-34.24,6.239],[-46.16,-10.8],[-5.2,2.561],[20.4,1.759],[27.28,11.12],[50.16,0],[0,0],[-16.16,8.24]],"v":[[68.2,10.521],[-32.52,-1.799],[-165.4,-11.081],[-102.12,10.12],[-40.76,18.04],[39.32,34.76],[170.6,-34.76],[119.72,-6.68]],"c":true},"ix":2},"nm":"Path 1","mn":"ADBE Vector Shape - Group","hd":false},{"ty":"fl","c":{"a":0,"k":[0.658999992819,0.426999978458,0.26699999641,1],"ix":4},"o":{"a":0,"k":100,"ix":5},"r":1,"bm":0,"nm":"Fill 1","mn":"ADBE Vector Graphic - Fill","hd":false},{"ty":"tr","p":{"a":0,"k":[527.88,928.84],"ix":2},"a":{"a":0,"k":[0,0],"ix":1},"s":{"a":0,"k":[100,100],"ix":3},"r":{"a":0,"k":0,"ix":6},"o":{"a":0,"k":100,"ix":7},"sk":{"a":0,"k":0,"ix":4},"sa":{"a":0,"k":0,"ix":5},"nm":"Transform"}],"nm":"Group 3","np":2,"cix":2,"bm":0,"ix":3,"mn":"ADBE Vector Group","hd":false},{"ty":"gr","it":[{"ind":0,"ty":"sh","ix":1,"ks":{"a":0,"k":{"i":[[27.52,-17.52],[0,0],[-26.8,4.481],[-20.8,35.359],[0,0]],"o":[[-61.921,39.36],[-4.401,2.88],[52.641,-8.8],[-2.88,-8.96],[-6,14.479]],"v":[[34.481,4.879],[-79.76,39.839],[-21.281,45.999],[84.161,-24.56],[74.959,-50.48]],"c":true},"ix":2},"nm":"Path 1","mn":"ADBE Vector Shape - Group","hd":false},{"ty":"fl","c":{"a":0,"k":[0.8,0.522000002394,0.322000002394,1],"ix":4},"o":{"a":0,"k":100,"ix":5},"r":1,"bm":0,"nm":"Fill 1","mn":"ADBE Vector Graphic - Fill","hd":false},{"ty":"tr","p":{"a":0,"k":[673.04,822.801],"ix":2},"a":{"a":0,"k":[0,0],"ix":1},"s":{"a":0,"k":[100,100],"ix":3},"r":{"a":0,"k":0,"ix":6},"o":{"a":0,"k":100,"ix":7},"sk":{"a":0,"k":0,"ix":4},"sa":{"a":0,"k":0,"ix":5},"nm":"Transform"}],"nm":"Group 4","np":2,"cix":2,"bm":0,"ix":4,"mn":"ADBE Vector Group","hd":false},{"ty":"gr","it":[{"ind":0,"ty":"sh","ix":1,"ks":{"a":0,"k":{"i":[[-17.76,-10.08],[-29.68,-5.36],[-72.8,1.281],[3.36,-0.08],[23.04,3.6],[24.48,0],[25.92,14.24],[18,3.68],[38.64,18.32],[3.52,21.04],[0,0]],"o":[[24.16,13.76],[37.76,6.88],[26,-0.479],[-2.08,-4.24],[-21.12,-3.36],[-18.72,0],[-11.84,-6.48],[-27.68,-5.68],[-18.48,-8.72],[0,0],[12,21.999]],"v":[[-134.96,7.56],[-42.88,25.64],[89.04,60.039],[172.32,56.68],[135.36,44.76],[74.56,41.72],[4.24,21.88],[-44,4.52],[-129.6,-13.48],[-166.56,-61.32],[-175.68,-35.08]],"c":true},"ix":2},"nm":"Path 1","mn":"ADBE Vector Shape - Group","hd":false},{"ty":"fl","c":{"a":0,"k":[0.8,0.522000002394,0.322000002394,1],"ix":4},"o":{"a":0,"k":100,"ix":5},"r":1,"bm":0,"nm":"Fill 1","mn":"ADBE Vector Graphic - Fill","hd":false},{"ty":"tr","p":{"a":0,"k":[444.32,841.64],"ix":2},"a":{"a":0,"k":[0,0],"ix":1},"s":{"a":0,"k":[100,100],"ix":3},"r":{"a":0,"k":0,"ix":6},"o":{"a":0,"k":100,"ix":7},"sk":{"a":0,"k":0,"ix":4},"sa":{"a":0,"k":0,"ix":5},"nm":"Transform"}],"nm":"Group 5","np":2,"cix":2,"bm":0,"ix":5,"mn":"ADBE Vector Group","hd":false},{"ty":"gr","it":[{"ind":0,"ty":"sh","ix":1,"ks":{"a":0,"k":{"i":[[-119.514,0],[0,-51.915],[119.514,0],[0,51.915]],"o":[[119.514,0],[0,51.915],[-119.514,0],[0,-51.915]],"v":[[0,-94],[216.4,0],[0,94],[-216.4,0]],"c":true},"ix":2},"nm":"Path 1","mn":"ADBE Vector Shape - Group","hd":false},{"ty":"fl","c":{"a":0,"k":[1,0.694000004787,0.477999997606,1],"ix":4},"o":{"a":0,"k":100,"ix":5},"r":1,"bm":0,"nm":"Fill 1","mn":"ADBE Vector Graphic - Fill","hd":false},{"ty":"tr","p":{"a":0,"k":[512.48,748],"ix":2},"a":{"a":0,"k":[0,0],"ix":1},"s":{"a":0,"k":[100,100],"ix":3},"r":{"a":0,"k":0,"ix":6},"o":{"a":0,"k":100,"ix":7},"sk":{"a":0,"k":0,"ix":4},"sa":{"a":0,"k":0,"ix":5},"nm":"Transform"}],"nm":"Group 6","np":2,"cix":2,"bm":0,"ix":6,"mn":"ADBE Vector Group","hd":false},{"ty":"gr","it":[{"ind":0,"ty":"sh","ix":1,"ks":{"a":0,"k":{"i":[[0,59.439],[0,0],[-50.96,0],[0,-59.44],[121.04,0]],"o":[[0,-34.4],[46.32,-14.32],[0,0],[0,59.439],[-121.04,0]],"v":[[-262.96,31.32],[-214.88,-124.6],[216.88,-126.76],[262.96,31.32],[0.48,138.92]],"c":true},"ix":2},"nm":"Path 1","mn":"ADBE Vector Shape - Group","hd":false},{"ty":"fl","c":{"a":0,"k":[0.545000023935,0.340999977261,0.219999994016,1],"ix":4},"o":{"a":0,"k":100,"ix":5},"r":1,"bm":0,"nm":"Fill 1","mn":"ADBE Vector Graphic - Fill","hd":false},{"ty":"tr","p":{"a":0,"k":[512,853.08],"ix":2},"a":{"a":0,"k":[0,0],"ix":1},"s":{"a":0,"k":[100,100],"ix":3},"r":{"a":0,"k":0,"ix":6},"o":{"a":0,"k":100,"ix":7},"sk":{"a":0,"k":0,"ix":4},"sa":{"a":0,"k":0,"ix":5},"nm":"Transform"}],"nm":"Group 7","np":2,"cix":2,"bm":0,"ix":7,"mn":"ADBE Vector Group","hd":false}],"ip":0,"op":144,"st":0,"bm":0}],"markers":[{"tm":64,"cm":"rest","dr":0}]}