{"v":"5.8.1","fr":60,"ip":0,"op":204,"w":1024,"h":1024,"nm":"04 Face with monocle","ddd":0,"assets":[],"layers":[{"ddd":0,"ind":1,"ty":3,"nm":"Null ALL","sr":1,"ks":{"o":{"a":0,"k":0,"ix":11},"r":{"a":0,"k":0,"ix":10},"p":{"s":true,"x":{"a":1,"k":[{"i":{"x":[0],"y":[1]},"o":{"x":[0.333],"y":[0]},"t":8,"s":[508.5]},{"i":{"x":[0],"y":[1]},"o":{"x":[1],"y":[0]},"t":16,"s":[520.5]},{"i":{"x":[0],"y":[1]},"o":{"x":[0.465],"y":[0]},"t":54,"s":[506.5]},{"i":{"x":[0.833],"y":[1]},"o":{"x":[0.167],"y":[0]},"t":76,"s":[508.5]},{"t":126,"s":[508.5]}],"ix":3},"y":{"a":1,"k":[{"i":{"x":[0],"y":[1]},"o":{"x":[0.333],"y":[0]},"t":8,"s":[503.5]},{"i":{"x":[0],"y":[1]},"o":{"x":[1],"y":[0]},"t":16,"s":[513.5]},{"i":{"x":[0],"y":[1]},"o":{"x":[0.465],"y":[0]},"t":54,"s":[509.5]},{"i":{"x":[0.667],"y":[1]},"o":{"x":[0.167],"y":[0]},"t":76,"s":[503.5]},{"i":{"x":[0.667],"y":[1]},"o":{"x":[0.333],"y":[0]},"t":126,"s":[503.5]},{"i":{"x":[0.667],"y":[1]},"o":{"x":[0.333],"y":[0]},"t":138,"s":[493.5]},{"i":{"x":[0.667],"y":[1]},"o":{"x":[0.333],"y":[0]},"t":156,"s":[513.5]},{"t":168,"s":[503.5]}],"ix":4}},"a":{"a":0,"k":[0,0,0],"ix":1,"l":2},"s":{"a":1,"k":[{"i":{"x":[0,0,0.667],"y":[1,1,1]},"o":{"x":[0.333,0.333,0.333],"y":[0,0,0]},"t":8,"s":[100,100,100]},{"i":{"x":[0,0,0.833],"y":[1,1,1]},"o":{"x":[1,1,0.333],"y":[0,0,0]},"t":16,"s":[92,92,100]},{"i":{"x":[0,0,0.833],"y":[1,1,1]},"o":{"x":[0.465,0.465,0.167],"y":[0,0,0]},"t":54,"s":[103,103,100]},{"t":76,"s":[100,100,100]}],"ix":6,"l":2}},"ao":0,"ip":0,"op":204,"st":0,"bm":0},{"ddd":0,"ind":2,"ty":1,"nm":"Null FACE","parent":1,"sr":1,"ks":{"o":{"a":0,"k":0,"ix":11},"r":{"a":0,"k":0,"ix":10},"p":{"s":true,"x":{"a":1,"k":[{"i":{"x":[0],"y":[1]},"o":{"x":[0.333],"y":[0]},"t":8,"s":[39]},{"i":{"x":[0],"y":[1]},"o":{"x":[1],"y":[0]},"t":16,"s":[47.49]},{"i":{"x":[0],"y":[1]},"o":{"x":[0.465],"y":[0]},"t":54,"s":[12.306]},{"i":{"x":[0.833],"y":[1]},"o":{"x":[0.167],"y":[0]},"t":76,"s":[20.306]},{"i":{"x":[0],"y":[1]},"o":{"x":[0.167],"y":[0]},"t":128,"s":[20.306]},{"i":{"x":[0.667],"y":[1]},"o":{"x":[0.793],"y":[0]},"t":138,"s":[8.306]},{"i":{"x":[0.667],"y":[1]},"o":{"x":[0.333],"y":[0]},"t":154,"s":[38.306]},{"i":{"x":[0.667],"y":[1]},"o":{"x":[0.333],"y":[0]},"t":168,"s":[39]},{"t":182,"s":[39]}],"ix":3},"y":{"a":1,"k":[{"i":{"x":[0],"y":[1]},"o":{"x":[0.333],"y":[0]},"t":8,"s":[7]},{"i":{"x":[0],"y":[1]},"o":{"x":[1],"y":[0]},"t":16,"s":[42.995]},{"i":{"x":[0],"y":[1]},"o":{"x":[0.465],"y":[0]},"t":54,"s":[-27.604]},{"i":{"x":[0.833],"y":[1]},"o":{"x":[0.167],"y":[0]},"t":76,"s":[-3.604]},{"i":{"x":[0],"y":[1]},"o":{"x":[0.167],"y":[0]},"t":128,"s":[-3.604]},{"i":{"x":[0.667],"y":[1]},"o":{"x":[0.793],"y":[0]},"t":138,"s":[-21.604]},{"i":{"x":[0.667],"y":[1]},"o":{"x":[0.333],"y":[0]},"t":154,"s":[24.396]},{"i":{"x":[0.667],"y":[1]},"o":{"x":[0.333],"y":[0]},"t":168,"s":[-1]},{"t":182,"s":[7]}],"ix":4}},"a":{"a":0,"k":[0,0,0],"ix":1,"l":2},"s":{"a":0,"k":[100,100,100],"ix":6,"l":2}},"ao":0,"sw":100,"sh":100,"sc":"#ffffff","ip":0,"op":204,"st":0,"bm":0},{"ddd":0,"ind":3,"ty":4,"nm":"monocle","parent":2,"sr":1,"ks":{"o":{"a":0,"k":100,"ix":11},"r":{"a":0,"k":0,"ix":10},"p":{"a":1,"k":[{"i":{"x":0,"y":1},"o":{"x":1,"y":0},"t":16,"s":[139.725,-74.4,0],"to":[-6.472,0,0],"ti":[3.139,-0.667,0]},{"i":{"x":0,"y":1},"o":{"x":0.632,"y":0},"t":54,"s":[100.89,-74.4,0],"to":[-3.139,0.667,0],"ti":[-3.333,-0.667,0]},{"i":{"x":0.407,"y":0.407},"o":{"x":0.333,"y":0.333},"t":76,"s":[120.89,-70.4,0],"to":[0,0,0],"ti":[0,0,0]},{"i":{"x":0.667,"y":1},"o":{"x":0.793,"y":0},"t":138,"s":[120.89,-70.4,0],"to":[3.139,-0.667,0],"ti":[-3.139,0.667,0]},{"t":154,"s":[139.725,-74.4,0]}],"ix":2,"l":2},"a":{"a":0,"k":[246.725,234.801,0],"ix":1,"l":2},"s":{"a":1,"k":[{"i":{"x":[0,0,0.667],"y":[1,1,1]},"o":{"x":[1,1,0.333],"y":[0,0,0]},"t":16,"s":[100,100,100]},{"i":{"x":[0,0,0.833],"y":[1,1,1]},"o":{"x":[0.632,0.632,0.333],"y":[0,0,0]},"t":54,"s":[108,108,100]},{"i":{"x":[0.407,0.407,0.667],"y":[1,1,1]},"o":{"x":[0.167,0.167,0.167],"y":[0,0,0]},"t":76,"s":[100,100,100]},{"i":{"x":[0.667,0.667,0.667],"y":[1,1,1]},"o":{"x":[0.793,0.793,0.333],"y":[0,0,0]},"t":138,"s":[100,100,100]},{"t":154,"s":[100,100,100]}],"ix":6,"l":2}},"ao":0,"shapes":[{"ty":"gr","it":[{"ind":0,"ty":"sh","ix":1,"ks":{"a":0,"k":{"i":[[0,1.6],[22.4,19.2],[28.8,0],[22.4,-18.4],[2.4,-30.4],[1.6,0.8],[0,2.4],[-6.4,15.2],[-12,12],[-32.8,0],[-24,-23.2],[-6.4,-15.2],[0.8,-16],[2.4,0]],"o":[[-3.2,-30.4],[-22.4,-19.2],[-29.6,0],[-22.4,18.4],[0,2.4],[-1.6,0],[-0.8,-16],[6.4,-15.2],[24,-23.2],[33.6,0],[12,12],[6.4,15.2],[0,2.4],[-2.4,0.8]],"v":[[119.2,61.6],[80,-16],[0,-45.6],[-80.8,-17.6],[-120,59.2],[-124,62.4],[-127.2,58.4],[-118.4,10.4],[-90.4,-30.4],[0.8,-64.8],[91.2,-28.8],[119.2,12],[127.2,60],[123.2,64]],"c":true},"ix":2},"nm":"Path 1","mn":"ADBE Vector Shape - Group","hd":false},{"ty":"fl","c":{"a":0,"k":[1,1,1,1],"ix":4},"o":{"a":0,"k":100,"ix":5},"r":1,"bm":0,"nm":"Fill 1","mn":"ADBE Vector Graphic - Fill","hd":false},{"ty":"tr","p":{"a":0,"k":[237.2,163.6],"ix":2},"a":{"a":0,"k":[0,0],"ix":1},"s":{"a":0,"k":[100,100],"ix":3},"r":{"a":0,"k":0,"ix":6},"o":{"a":0,"k":100,"ix":7},"sk":{"a":0,"k":0,"ix":4},"sa":{"a":0,"k":0,"ix":5},"nm":"Transform"}],"nm":"Group 1","np":2,"cix":2,"bm":0,"ix":1,"mn":"ADBE Vector Group","hd":false},{"ty":"gr","it":[{"ind":0,"ty":"sh","ix":1,"ks":{"a":0,"k":{"i":[[-91.016,0],[0,-91.016],[91.017,0],[0,91.016]],"o":[[91.017,0],[0,91.016],[-91.016,0],[0,-91.016]],"v":[[0,-164.801],[164.8,0],[0,164.801],[-164.8,0]],"c":true},"ix":2},"nm":"Path 1","mn":"ADBE Vector Shape - Group","hd":false},{"ty":"st","c":{"a":0,"k":[0.250999989229,0.250999989229,0.250999989229,1],"ix":3},"o":{"a":0,"k":100,"ix":4},"w":{"a":0,"k":28,"ix":5},"lc":1,"lj":1,"ml":10,"bm":0,"nm":"Stroke 1","mn":"ADBE Vector Graphic - Stroke","hd":false},{"ty":"tr","p":{"a":0,"k":[234.8,234.801],"ix":2},"a":{"a":0,"k":[0,0],"ix":1},"s":{"a":0,"k":[100,100],"ix":3},"r":{"a":0,"k":0,"ix":6},"o":{"a":0,"k":100,"ix":7},"sk":{"a":0,"k":0,"ix":4},"sa":{"a":0,"k":0,"ix":5},"nm":"Transform"}],"nm":"Group 2","np":2,"cix":2,"bm":0,"ix":2,"mn":"ADBE Vector Group","hd":false},{"ty":"gr","it":[{"ind":0,"ty":"sh","ix":1,"ks":{"a":0,"k":{"i":[[15.2,0],[0,14.4],[-15.2,0],[0,-14.4]],"o":[[-15.2,0],[0,-14.4],[15.2,0],[0,14.4]],"v":[[-3.2,25.6],[-30.4,-0.8],[-3.2,-27.2],[24,-0.8]],"c":true},"ix":2},"nm":"Path 1","mn":"ADBE Vector Shape - Group","hd":false},{"ind":1,"ty":"sh","ix":2,"ks":{"a":0,"k":{"i":[[21.6,0],[0,0],[0,0],[0,0],[0,20.8],[0,0]],"o":[[0,0],[0,0],[0,0],[21.6,0],[0,0],[0,-21.6]],"v":[[0.8,-36],[-44,-36],[-44,36],[0.8,36],[44,1.6],[44,-1.6]],"c":true},"ix":2},"nm":"Path 2","mn":"ADBE Vector Shape - Group","hd":false},{"ty":"fl","c":{"a":0,"k":[0.250999989229,0.250999989229,0.250999989229,1],"ix":4},"o":{"a":0,"k":100,"ix":5},"r":1,"bm":0,"nm":"Fill 1","mn":"ADBE Vector Graphic - Fill","hd":false},{"ty":"tr","p":{"a":0,"k":[449.2,240.4],"ix":2},"a":{"a":0,"k":[0,0],"ix":1},"s":{"a":0,"k":[100,100],"ix":3},"r":{"a":0,"k":0,"ix":6},"o":{"a":0,"k":100,"ix":7},"sk":{"a":0,"k":0,"ix":4},"sa":{"a":0,"k":0,"ix":5},"nm":"Transform"}],"nm":"Group 3","np":3,"cix":2,"bm":0,"ix":3,"mn":"ADBE Vector Group","hd":false}],"ip":0,"op":204,"st":0,"bm":0},{"ddd":0,"ind":4,"ty":4,"nm":"monocle glass","parent":3,"sr":1,"ks":{"o":{"a":0,"k":50,"ix":11},"r":{"a":0,"k":0,"ix":10},"p":{"a":0,"k":[234.8,234.8,0],"ix":2,"l":2},"a":{"a":0,"k":[164.8,164.8,0],"ix":1,"l":2},"s":{"a":0,"k":[100,100,100],"ix":6,"l":2}},"ao":0,"shapes":[{"ty":"gr","it":[{"ind":0,"ty":"sh","ix":1,"ks":{"a":0,"k":{"i":[[-91.016,0],[0,-91.016],[91.017,0],[0,91.016]],"o":[[91.017,0],[0,91.016],[-91.016,0],[0,-91.016]],"v":[[0,-164.8],[164.8,0],[0,164.801],[-164.8,0]],"c":true},"ix":2},"nm":"Path 1","mn":"ADBE Vector Shape - Group","hd":false},{"ty":"fl","c":{"a":0,"k":[0.8,0.8,0.8,1],"ix":4},"o":{"a":0,"k":100,"ix":5},"r":1,"bm":0,"nm":"Fill 1","mn":"ADBE Vector Graphic - Fill","hd":false},{"ty":"tr","p":{"a":0,"k":[164.8,164.8],"ix":2},"a":{"a":0,"k":[0,0],"ix":1},"s":{"a":0,"k":[100,100],"ix":3},"r":{"a":0,"k":0,"ix":6},"o":{"a":0,"k":100,"ix":7},"sk":{"a":0,"k":0,"ix":4},"sa":{"a":0,"k":0,"ix":5},"nm":"Transform"}],"nm":"Group 1","np":2,"cix":2,"bm":0,"ix":1,"mn":"ADBE Vector Group","hd":false}],"ip":0,"op":204,"st":0,"bm":0},{"ddd":0,"ind":5,"ty":4,"nm":"eyebrow left 2","parent":7,"sr":1,"ks":{"o":{"a":0,"k":100,"ix":11},"r":{"a":0,"k":0,"ix":10},"p":{"a":0,"k":[176.131,126.653,0],"ix":2,"l":2},"a":{"a":0,"k":[176.131,126.653,0],"ix":1,"l":2},"s":{"a":0,"k":[100,100,100],"ix":6,"l":2}},"ao":0,"shapes":[{"ty":"gr","it":[{"ind":0,"ty":"sh","ix":1,"ks":{"a":1,"k":[{"i":{"x":0,"y":1},"o":{"x":0,"y":0},"t":34,"s":[{"i":[[0,0],[-63.3,-10.241],[0,0]],"o":[[0,0],[41.858,6.772],[0,0]],"v":[[-118.723,71.473],[-14.769,52.784],[57.471,111.763]],"c":false}]},{"i":{"x":0.667,"y":1},"o":{"x":1,"y":0},"t":50,"s":[{"i":[[0,0],[-58.809,-16.146],[0,0]],"o":[[0,0],[45.542,12.503],[0,0]],"v":[[-130.791,-50.09],[-2.614,-98.085],[57.976,-26.453]],"c":false}]},{"i":{"x":0,"y":1},"o":{"x":0.333,"y":0},"t":60,"s":[{"i":[[0,0],[-57.131,-17.455],[0,0]],"o":[[0,0],[47.439,14.494],[0,0]],"v":[[-130.791,-50.09],[-3.1,-98.651],[57.976,-26.453]],"c":false}]},{"i":{"x":0.833,"y":0.833},"o":{"x":0.167,"y":0},"t":76,"s":[{"i":[[0,0],[-48.724,-19.449],[0,0]],"o":[[0,0],[39.381,15.72],[0,0]],"v":[[-104.791,24.91],[17.9,-15.786],[64.976,47.547]],"c":false}]},{"i":{"x":0.833,"y":0.833},"o":{"x":0.167,"y":0.167},"t":84,"s":[{"i":[[0,0],[-48.224,-16.699],[0,0]],"o":[[0,0],[40.068,13.875],[0,0]],"v":[[-104.791,15.91],[17.9,-24.036],[64.976,38.547]],"c":false}]},{"i":{"x":0.833,"y":1},"o":{"x":0.167,"y":0.167},"t":90,"s":[{"i":[[0,0],[-55.224,-17.699],[0,0]],"o":[[0,0],[40.38,12.942],[0,0]],"v":[[-104.791,18.91],[17.9,-22.036],[64.976,41.547]],"c":false}]},{"i":{"x":0.833,"y":1},"o":{"x":0.167,"y":0},"t":128,"s":[{"i":[[0,0],[-59.724,-19.708],[0,0]],"o":[[0,0],[40.267,13.288],[0,0]],"v":[[-104.791,18.91],[17.9,-20.786],[64.976,41.547]],"c":false}]},{"i":{"x":0.833,"y":1},"o":{"x":0.167,"y":0},"t":149,"s":[{"i":[[0,0],[-59.724,-19.708],[0,0]],"o":[[0,0],[40.267,13.288],[0,0]],"v":[[-104.791,18.91],[17.9,-20.786],[64.976,41.547]],"c":false}]},{"t":153,"s":[{"i":[[0,0],[-68.451,-16.694],[0,0]],"o":[[0,0],[36.196,8.827],[0,0]],"v":[[-89.291,-9.59],[18.4,-21.286],[75.476,16.047]],"c":false}]}],"ix":2},"nm":"Path 1","mn":"ADBE Vector Shape - Group","hd":false},{"ty":"st","c":{"a":0,"k":[0.258823529412,0.16862745098,0.050980395897,1],"ix":3},"o":{"a":0,"k":100,"ix":4},"w":{"a":0,"k":36,"ix":5},"lc":2,"lj":1,"ml":10,"bm":0,"nm":"Stroke 1","mn":"ADBE Vector Graphic - Stroke","hd":false},{"ty":"tr","p":{"a":0,"k":[176.131,126.654],"ix":2},"a":{"a":0,"k":[0,0],"ix":1},"s":{"a":0,"k":[100,100],"ix":3},"r":{"a":0,"k":0,"ix":6},"o":{"a":0,"k":100,"ix":7},"sk":{"a":0,"k":0,"ix":4},"sa":{"a":0,"k":0,"ix":5},"nm":"Transform"}],"nm":"Group 1","np":2,"cix":2,"bm":0,"ix":1,"mn":"ADBE Vector Group","hd":false}],"ip":34,"op":154,"st":0,"bm":0},{"ddd":0,"ind":6,"ty":4,"nm":"eyebrow left 3","parent":7,"sr":1,"ks":{"o":{"a":0,"k":100,"ix":11},"r":{"a":0,"k":0,"ix":10},"p":{"a":0,"k":[176.131,126.653,0],"ix":2,"l":2},"a":{"a":0,"k":[176.131,126.653,0],"ix":1,"l":2},"s":{"a":0,"k":[100,100,100],"ix":6,"l":2}},"ao":0,"shapes":[{"ty":"gr","it":[{"ind":0,"ty":"sh","ix":1,"ks":{"a":1,"k":[{"i":{"x":0,"y":1},"o":{"x":0,"y":0},"t":34,"s":[{"i":[[0,0],[-63.3,-10.241],[0,0]],"o":[[0,0],[41.858,6.772],[0,0]],"v":[[-118.723,71.473],[-14.769,67.59],[57.471,111.763]],"c":false}]},{"i":{"x":0.667,"y":1},"o":{"x":1,"y":0},"t":50,"s":[{"i":[[0,0],[-44.09,-16.241],[0,0]],"o":[[0,0],[39.789,14.657],[0,0]],"v":[[-130.791,-50.09],[-3.1,-84.973],[57.976,-26.453]],"c":false}]},{"i":{"x":0,"y":1},"o":{"x":0.333,"y":0},"t":60,"s":[{"i":[[0,0],[-44.09,-16.241],[0,0]],"o":[[0,0],[39.789,14.657],[0,0]],"v":[[-130.791,-50.09],[-3.1,-84.904],[57.976,-26.453]],"c":false}]},{"i":{"x":0.833,"y":0.833},"o":{"x":0.167,"y":0},"t":76,"s":[{"i":[[0,0],[-44.09,-16.241],[0,0]],"o":[[0,0],[39.789,14.657],[0,0]],"v":[[-104.791,24.91],[17.9,-3.286],[64.976,47.547]],"c":false}]},{"i":{"x":0.833,"y":0.833},"o":{"x":0.167,"y":0.167},"t":84,"s":[{"i":[[0,0],[-44.09,-16.241],[0,0]],"o":[[0,0],[39.789,14.657],[0,0]],"v":[[-104.791,15.91],[17.9,-12.286],[64.976,38.547]],"c":false}]},{"i":{"x":0.833,"y":1},"o":{"x":0.167,"y":0.167},"t":90,"s":[{"i":[[0,0],[-44.09,-16.241],[0,0]],"o":[[0,0],[39.789,14.657],[0,0]],"v":[[-104.791,18.91],[17.9,-9.286],[64.976,41.547]],"c":false}]},{"i":{"x":0.833,"y":1},"o":{"x":0.167,"y":0},"t":128,"s":[{"i":[[0,0],[-44.09,-16.241],[0,0]],"o":[[0,0],[39.789,14.657],[0,0]],"v":[[-104.791,18.91],[17.9,-9.286],[64.976,41.547]],"c":false}]},{"i":{"x":0.833,"y":1},"o":{"x":0.167,"y":0},"t":149,"s":[{"i":[[0,0],[-44.09,-16.241],[0,0]],"o":[[0,0],[39.789,14.657],[0,0]],"v":[[-104.791,18.91],[17.9,-9.286],[64.976,41.547]],"c":false}]},{"t":153,"s":[{"i":[[0,0],[-68.451,-16.694],[0,0]],"o":[[0,0],[36.196,8.827],[0,0]],"v":[[-89.291,-9.59],[18.4,-13.786],[75.476,16.047]],"c":false}]}],"ix":2},"nm":"Path 1","mn":"ADBE Vector Shape - Group","hd":false},{"ty":"st","c":{"a":0,"k":[0.258823529412,0.16862745098,0.050980395897,1],"ix":3},"o":{"a":0,"k":100,"ix":4},"w":{"a":0,"k":36,"ix":5},"lc":2,"lj":1,"ml":10,"bm":0,"nm":"Stroke 1","mn":"ADBE Vector Graphic - Stroke","hd":false},{"ty":"tr","p":{"a":0,"k":[176.131,126.654],"ix":2},"a":{"a":0,"k":[0,0],"ix":1},"s":{"a":0,"k":[100,100],"ix":3},"r":{"a":0,"k":0,"ix":6},"o":{"a":0,"k":100,"ix":7},"sk":{"a":0,"k":0,"ix":4},"sa":{"a":0,"k":0,"ix":5},"nm":"Transform"}],"nm":"Group 1","np":2,"cix":2,"bm":0,"ix":1,"mn":"ADBE Vector Group","hd":false}],"ip":34,"op":153,"st":0,"bm":0},{"ddd":0,"ind":7,"ty":4,"nm":"eyebrow left","parent":2,"sr":1,"ks":{"o":{"a":0,"k":100,"ix":11},"r":{"a":0,"k":0,"ix":10},"p":{"a":1,"k":[{"i":{"x":0.833,"y":0.833},"o":{"x":0.167,"y":0.167},"t":16,"s":[183.018,-309.16,0],"to":[0,0,0],"ti":[0,0,0]},{"i":{"x":0,"y":1},"o":{"x":0.167,"y":0},"t":128,"s":[183.018,-309.16,0],"to":[0,0,0],"ti":[0,0,0]},{"i":{"x":0.833,"y":1},"o":{"x":1,"y":0},"t":138,"s":[175.018,-357.16,0],"to":[0,0,0],"ti":[0,0,0]},{"t":154,"s":[155.018,-213.16,0]}],"ix":2,"l":2},"a":{"a":0,"k":[176.131,126.653,0],"ix":1,"l":2},"s":{"a":0,"k":[100,100,100],"ix":6,"l":2}},"ao":0,"shapes":[{"ty":"gr","it":[{"ind":0,"ty":"sh","ix":1,"ks":{"a":1,"k":[{"i":{"x":0,"y":1},"o":{"x":0,"y":0},"t":34,"s":[{"i":[[0,0],[-63.3,-10.241],[0,0]],"o":[[0,0],[41.858,6.772],[0,0]],"v":[[-118.723,71.473],[-14.769,62.302],[57.471,111.763]],"c":false}]},{"i":{"x":0.667,"y":1},"o":{"x":1,"y":0},"t":50,"s":[{"i":[[0,0],[-44.09,-16.241],[0,0]],"o":[[0,0],[39.789,14.657],[0,0]],"v":[[-130.791,-50.09],[-3.1,-91.286],[57.976,-26.453]],"c":false}]},{"i":{"x":0,"y":1},"o":{"x":0.333,"y":0},"t":60,"s":[{"i":[[0,0],[-44.09,-16.241],[0,0]],"o":[[0,0],[39.789,14.657],[0,0]],"v":[[-130.791,-50.09],[-3.1,-91.286],[57.976,-26.453]],"c":false}]},{"i":{"x":0.833,"y":0.833},"o":{"x":0.167,"y":0},"t":76,"s":[{"i":[[0,0],[-44.09,-16.241],[0,0]],"o":[[0,0],[39.789,14.657],[0,0]],"v":[[-104.791,24.91],[17.9,-9.286],[64.976,47.547]],"c":false}]},{"i":{"x":0.833,"y":0.833},"o":{"x":0.167,"y":0.167},"t":84,"s":[{"i":[[0,0],[-44.09,-16.241],[0,0]],"o":[[0,0],[39.789,14.657],[0,0]],"v":[[-104.791,15.91],[17.9,-18.286],[64.976,38.547]],"c":false}]},{"i":{"x":0.833,"y":1},"o":{"x":0.167,"y":0.167},"t":90,"s":[{"i":[[0,0],[-44.09,-16.241],[0,0]],"o":[[0,0],[39.789,14.657],[0,0]],"v":[[-104.791,18.91],[17.9,-15.286],[64.976,41.547]],"c":false}]},{"i":{"x":0.833,"y":1},"o":{"x":0.167,"y":0},"t":128,"s":[{"i":[[0,0],[-44.09,-16.241],[0,0]],"o":[[0,0],[39.789,14.657],[0,0]],"v":[[-104.791,18.91],[17.9,-15.286],[64.976,41.547]],"c":false}]},{"i":{"x":0.833,"y":1},"o":{"x":0.167,"y":0},"t":149,"s":[{"i":[[0,0],[-44.09,-16.241],[0,0]],"o":[[0,0],[39.789,14.657],[0,0]],"v":[[-104.791,18.91],[17.9,-15.286],[64.976,41.547]],"c":false}]},{"t":153,"s":[{"i":[[0,0],[-68.451,-16.694],[0,0]],"o":[[0,0],[36.196,8.827],[0,0]],"v":[[-89.291,-9.59],[18.4,-14.286],[75.476,16.047]],"c":false}]}],"ix":2},"nm":"Path 1","mn":"ADBE Vector Shape - Group","hd":false},{"ty":"st","c":{"a":0,"k":[0.258823529412,0.16862745098,0.050980395897,1],"ix":3},"o":{"a":0,"k":100,"ix":4},"w":{"a":0,"k":36,"ix":5},"lc":2,"lj":1,"ml":10,"bm":0,"nm":"Stroke 1","mn":"ADBE Vector Graphic - Stroke","hd":false},{"ty":"tr","p":{"a":0,"k":[176.131,126.654],"ix":2},"a":{"a":0,"k":[0,0],"ix":1},"s":{"a":0,"k":[100,100],"ix":3},"r":{"a":0,"k":0,"ix":6},"o":{"a":0,"k":100,"ix":7},"sk":{"a":0,"k":0,"ix":4},"sa":{"a":0,"k":0,"ix":5},"nm":"Transform"}],"nm":"Group 1","np":2,"cix":2,"bm":0,"ix":1,"mn":"ADBE Vector Group","hd":false}],"ip":34,"op":153,"st":0,"bm":0},{"ddd":0,"ind":8,"ty":4,"nm":"eyebrow right 3","parent":2,"sr":1,"ks":{"o":{"a":0,"k":100,"ix":11},"r":{"a":0,"k":0,"ix":10},"p":{"a":1,"k":[{"i":{"x":0,"y":1},"o":{"x":0.632,"y":0},"t":54,"s":[-247.458,-210.098,0],"to":[-1,2,0],"ti":[1,-2,0]},{"i":{"x":0,"y":0},"o":{"x":0.632,"y":0.632},"t":76,"s":[-253.458,-198.098,0],"to":[0,0,0],"ti":[0,0,0]},{"i":{"x":0.667,"y":1},"o":{"x":0.167,"y":0},"t":142,"s":[-253.458,-198.098,0],"to":[1,-2,0],"ti":[-1,2,0]},{"t":160,"s":[-247.458,-210.098,0]}],"ix":2,"l":2},"a":{"a":0,"k":[176.659,125.84,0],"ix":1,"l":2},"s":{"a":0,"k":[100,100,100],"ix":6,"l":2}},"ao":0,"shapes":[{"ty":"gr","it":[{"ind":0,"ty":"sh","ix":1,"ks":{"a":1,"k":[{"i":{"x":0,"y":1},"o":{"x":1,"y":0},"t":16,"s":[{"i":[[0,0],[-45.134,4.784],[-23.364,-25.694]],"o":[[0,0],[40.821,-4.327],[0,0]],"v":[[-89.158,32.84],[-13.441,-22.883],[83.658,19.428]],"c":false}]},{"i":{"x":0.833,"y":1},"o":{"x":0.333,"y":0},"t":54,"s":[{"i":[[0,0],[-32.137,11.206],[-45.006,8.275]],"o":[[0,0],[40.594,-14.154],[0,0]],"v":[[-86.658,35.84],[-39.941,-16.643],[86.658,-11.572]],"c":false}]},{"i":{"x":0.833,"y":1},"o":{"x":0.167,"y":0},"t":142,"s":[{"i":[[0,0],[-32.137,11.206],[-45.006,8.275]],"o":[[0,0],[40.594,-14.154],[0,0]],"v":[[-86.658,35.84],[-39.941,-16.643],[86.658,-11.572]],"c":false}]},{"t":160,"s":[{"i":[[0,0],[-45.134,4.784],[-23.364,-25.694]],"o":[[0,0],[40.821,-4.327],[0,0]],"v":[[-89.158,32.84],[-13.441,-22.883],[83.658,19.428]],"c":false}]}],"ix":2},"nm":"Path 1","mn":"ADBE Vector Shape - Group","hd":false},{"ty":"st","c":{"a":0,"k":[0.258823529412,0.16862745098,0.050980395897,1],"ix":3},"o":{"a":0,"k":100,"ix":4},"w":{"a":0,"k":36,"ix":5},"lc":2,"lj":1,"ml":10,"bm":0,"nm":"Stroke 1","mn":"ADBE Vector Graphic - Stroke","hd":false},{"ty":"tr","p":{"a":0,"k":[176.658,125.84],"ix":2},"a":{"a":0,"k":[0,0],"ix":1},"s":{"a":0,"k":[100,100],"ix":3},"r":{"a":0,"k":0,"ix":6},"o":{"a":0,"k":100,"ix":7},"sk":{"a":0,"k":0,"ix":4},"sa":{"a":0,"k":0,"ix":5},"nm":"Transform"}],"nm":"Group 1","np":2,"cix":2,"bm":0,"ix":1,"mn":"ADBE Vector Group","hd":false}],"ip":0,"op":204,"st":0,"bm":0},{"ddd":0,"ind":9,"ty":4,"nm":"eyebrow right 2","parent":2,"sr":1,"ks":{"o":{"a":0,"k":100,"ix":11},"r":{"a":0,"k":0,"ix":10},"p":{"a":1,"k":[{"i":{"x":0,"y":1},"o":{"x":0.632,"y":0},"t":54,"s":[-247.458,-210.098,0],"to":[-1,2,0],"ti":[1,-2,0]},{"i":{"x":0,"y":0},"o":{"x":0.632,"y":0.632},"t":76,"s":[-253.458,-198.098,0],"to":[0,0,0],"ti":[0,0,0]},{"i":{"x":0.667,"y":1},"o":{"x":0.167,"y":0},"t":142,"s":[-253.458,-198.098,0],"to":[1,-2,0],"ti":[-1,2,0]},{"t":160,"s":[-247.458,-210.098,0]}],"ix":2,"l":2},"a":{"a":0,"k":[176.659,125.84,0],"ix":1,"l":2},"s":{"a":0,"k":[100,100,100],"ix":6,"l":2}},"ao":0,"shapes":[{"ty":"gr","it":[{"ind":0,"ty":"sh","ix":1,"ks":{"a":1,"k":[{"i":{"x":0,"y":1},"o":{"x":1,"y":0},"t":16,"s":[{"i":[[0,0],[-34.274,2.209],[-29.7,-21.829]],"o":[[0,0],[37.323,-2.406],[0,0]],"v":[[-89.158,32.84],[-11.268,-9.296],[83.658,19.428]],"c":false}]},{"i":{"x":0.833,"y":1},"o":{"x":0.333,"y":0},"t":54,"s":[{"i":[[0,0],[-48.906,16.846],[-38.985,8.003]],"o":[[0,0],[45.741,-15.755],[0,0]],"v":[[-86.658,35.84],[-42.941,-30.143],[86.658,-11.572]],"c":false}]},{"i":{"x":0.833,"y":0.833},"o":{"x":0.167,"y":0},"t":142,"s":[{"i":[[0,0],[-48.906,16.846],[-38.985,8.003]],"o":[[0,0],[45.741,-15.755],[0,0]],"v":[[-86.658,35.84],[-42.941,-30.143],[86.658,-11.572]],"c":false}]},{"i":{"x":0.833,"y":1},"o":{"x":0.167,"y":0.167},"t":152,"s":[{"i":[[0,0],[-40.591,8.892],[-33.724,-8.9]],"o":[[0,0],[49.23,-9.241],[0,0]],"v":[[-88.075,34.141],[-16.687,-6.407],[84.959,5.992]],"c":false}]},{"t":160,"s":[{"i":[[0,0],[-34.274,2.209],[-29.7,-21.829]],"o":[[0,0],[37.323,-2.406],[0,0]],"v":[[-89.158,32.84],[-11.268,-9.296],[83.658,19.428]],"c":false}]}],"ix":2},"nm":"Path 1","mn":"ADBE Vector Shape - Group","hd":false},{"ty":"st","c":{"a":0,"k":[0.258823529412,0.16862745098,0.050980395897,1],"ix":3},"o":{"a":0,"k":100,"ix":4},"w":{"a":0,"k":36,"ix":5},"lc":2,"lj":1,"ml":10,"bm":0,"nm":"Stroke 1","mn":"ADBE Vector Graphic - Stroke","hd":false},{"ty":"tr","p":{"a":0,"k":[176.658,125.84],"ix":2},"a":{"a":0,"k":[0,0],"ix":1},"s":{"a":0,"k":[100,100],"ix":3},"r":{"a":0,"k":0,"ix":6},"o":{"a":0,"k":100,"ix":7},"sk":{"a":0,"k":0,"ix":4},"sa":{"a":0,"k":0,"ix":5},"nm":"Transform"}],"nm":"Group 1","np":2,"cix":2,"bm":0,"ix":1,"mn":"ADBE Vector Group","hd":false}],"ip":0,"op":204,"st":0,"bm":0},{"ddd":0,"ind":10,"ty":4,"nm":"eyebrow right","parent":2,"sr":1,"ks":{"o":{"a":0,"k":100,"ix":11},"r":{"a":0,"k":0,"ix":10},"p":{"a":1,"k":[{"i":{"x":0,"y":1},"o":{"x":0.632,"y":0},"t":54,"s":[-247.458,-210.098,0],"to":[-1,2,0],"ti":[1,-2,0]},{"i":{"x":0,"y":0},"o":{"x":0.632,"y":0.632},"t":76,"s":[-253.458,-198.098,0],"to":[0,0,0],"ti":[0,0,0]},{"i":{"x":0.667,"y":1},"o":{"x":0.167,"y":0},"t":142,"s":[-253.458,-198.098,0],"to":[1,-2,0],"ti":[-1,2,0]},{"t":160,"s":[-247.458,-210.098,0]}],"ix":2,"l":2},"a":{"a":0,"k":[176.659,125.84,0],"ix":1,"l":2},"s":{"a":0,"k":[100,100,100],"ix":6,"l":2}},"ao":0,"shapes":[{"ty":"gr","it":[{"ind":0,"ty":"sh","ix":1,"ks":{"a":1,"k":[{"i":{"x":0,"y":1},"o":{"x":1,"y":0},"t":16,"s":[{"i":[[0,0],[-34.23,2.808],[-29.7,-21.829]],"o":[[0,0],[51.9,-4.258],[0,0]],"v":[[-89.158,32.84],[-13.441,-13.643],[83.658,19.428]],"c":false}]},{"i":{"x":0.833,"y":1},"o":{"x":0.333,"y":0},"t":54,"s":[{"i":[[0,0],[-33.326,8.303],[-38.985,8.003]],"o":[[0,0],[46.943,-11.697],[0,0]],"v":[[-86.658,35.84],[-39.941,-24.143],[86.658,-11.572]],"c":false}]},{"i":{"x":0.833,"y":1},"o":{"x":0.167,"y":0},"t":142,"s":[{"i":[[0,0],[-33.326,8.303],[-38.985,8.003]],"o":[[0,0],[46.943,-11.697],[0,0]],"v":[[-86.658,35.84],[-39.941,-24.143],[86.658,-11.572]],"c":false}]},{"t":160,"s":[{"i":[[0,0],[-34.23,2.808],[-29.7,-21.829]],"o":[[0,0],[51.9,-4.258],[0,0]],"v":[[-89.158,32.84],[-13.441,-13.643],[83.658,19.428]],"c":false}]}],"ix":2},"nm":"Path 1","mn":"ADBE Vector Shape - Group","hd":false},{"ty":"st","c":{"a":0,"k":[0.258823529412,0.16862745098,0.050980395897,1],"ix":3},"o":{"a":0,"k":100,"ix":4},"w":{"a":0,"k":36,"ix":5},"lc":2,"lj":1,"ml":10,"bm":0,"nm":"Stroke 1","mn":"ADBE Vector Graphic - Stroke","hd":false},{"ty":"tr","p":{"a":0,"k":[176.658,125.84],"ix":2},"a":{"a":0,"k":[0,0],"ix":1},"s":{"a":0,"k":[100,100],"ix":3},"r":{"a":0,"k":0,"ix":6},"o":{"a":0,"k":100,"ix":7},"sk":{"a":0,"k":0,"ix":4},"sa":{"a":0,"k":0,"ix":5},"nm":"Transform"}],"nm":"Group 1","np":2,"cix":2,"bm":0,"ix":1,"mn":"ADBE Vector Group","hd":false}],"ip":0,"op":204,"st":0,"bm":0},{"ddd":0,"ind":11,"ty":4,"nm":"chain 1","parent":3,"sr":1,"ks":{"o":{"a":0,"k":100,"ix":11},"r":{"a":1,"k":[{"i":{"x":[0.667],"y":[1]},"o":{"x":[0.333],"y":[0]},"t":10,"s":[0]},{"i":{"x":[0.667],"y":[1]},"o":{"x":[0.333],"y":[0]},"t":18,"s":[1]},{"i":{"x":[0.667],"y":[1]},"o":{"x":[0.333],"y":[0]},"t":32,"s":[-0.5]},{"i":{"x":[0.667],"y":[1]},"o":{"x":[0.333],"y":[0]},"t":46,"s":[2]},{"i":{"x":[0.667],"y":[1]},"o":{"x":[0.333],"y":[0]},"t":62,"s":[-1]},{"i":{"x":[0.667],"y":[1]},"o":{"x":[0.333],"y":[0]},"t":74,"s":[0.5]},{"i":{"x":[0.833],"y":[1]},"o":{"x":[0.167],"y":[0]},"t":94,"s":[0]},{"i":{"x":[0.833],"y":[1]},"o":{"x":[0.167],"y":[0]},"t":128,"s":[0]},{"i":{"x":[0.833],"y":[1]},"o":{"x":[0.167],"y":[0]},"t":138,"s":[0.5]},{"i":{"x":[0.833],"y":[1]},"o":{"x":[0.167],"y":[0]},"t":154,"s":[-0.8]},{"i":{"x":[0.833],"y":[1]},"o":{"x":[0.167],"y":[0]},"t":164,"s":[0.4]},{"i":{"x":[0.833],"y":[1]},"o":{"x":[0.167],"y":[0]},"t":172,"s":[-0.2]},{"i":{"x":[0.833],"y":[1]},"o":{"x":[0.167],"y":[0]},"t":182,"s":[0.1]},{"t":192,"s":[0]}],"ix":10},"p":{"a":0,"k":[446.4,267.15,0],"ix":2,"l":2},"a":{"a":0,"k":[4.65,5.4,0],"ix":1,"l":2},"s":{"a":0,"k":[100,100,100],"ix":6,"l":2}},"ao":0,"shapes":[{"ind":0,"ty":"sh","ix":1,"ks":{"a":0,"k":{"i":[[2.4,0],[0,0],[0,2.4],[0,0],[-2.4,0],[0,0],[0,-2.4],[0,0]],"o":[[0,0],[-2.4,0],[0,0],[0,-2.4],[0,0],[2.4,0],[0,0],[0,1.6]],"v":[[5.05,45.05],[5.05,45.05],[0.25,41.05],[0.25,4.25],[4.25,0.25],[5.05,0.25],[9.05,4.25],[9.05,41.05]],"c":true},"ix":2},"nm":"Path 1","mn":"ADBE Vector Shape - Group","hd":false},{"ty":"fl","c":{"a":0,"k":[0.250999989229,0.250999989229,0.250999989229,1],"ix":4},"o":{"a":0,"k":100,"ix":5},"r":1,"bm":0,"nm":"Fill 1","mn":"ADBE Vector Graphic - Fill","hd":false}],"ip":0,"op":204,"st":0,"bm":0},{"ddd":0,"ind":12,"ty":4,"nm":"chain 2","parent":11,"sr":1,"ks":{"o":{"a":0,"k":100,"ix":11},"r":{"a":1,"k":[{"i":{"x":[0.667],"y":[1]},"o":{"x":[0.333],"y":[0]},"t":10,"s":[0]},{"i":{"x":[0.667],"y":[1]},"o":{"x":[0.333],"y":[0]},"t":18,"s":[1]},{"i":{"x":[0.667],"y":[1]},"o":{"x":[0.333],"y":[0]},"t":32,"s":[-0.5]},{"i":{"x":[0.667],"y":[1]},"o":{"x":[0.333],"y":[0]},"t":46,"s":[2]},{"i":{"x":[0.667],"y":[1]},"o":{"x":[0.333],"y":[0]},"t":62,"s":[-1]},{"i":{"x":[0.667],"y":[1]},"o":{"x":[0.333],"y":[0]},"t":74,"s":[0.5]},{"i":{"x":[0.833],"y":[1]},"o":{"x":[0.167],"y":[0]},"t":94,"s":[0]},{"i":{"x":[0.833],"y":[1]},"o":{"x":[0.167],"y":[0]},"t":128,"s":[0]},{"i":{"x":[0.833],"y":[1]},"o":{"x":[0.167],"y":[0]},"t":138,"s":[0.5]},{"i":{"x":[0.833],"y":[1]},"o":{"x":[0.167],"y":[0]},"t":154,"s":[-0.8]},{"i":{"x":[0.833],"y":[1]},"o":{"x":[0.167],"y":[0]},"t":164,"s":[0.4]},{"i":{"x":[0.833],"y":[1]},"o":{"x":[0.167],"y":[0]},"t":172,"s":[-0.2]},{"i":{"x":[0.833],"y":[1]},"o":{"x":[0.167],"y":[0]},"t":182,"s":[0.1]},{"t":192,"s":[0]}],"ix":10},"p":{"a":0,"k":[5.05,36.25,0],"ix":2,"l":2},"a":{"a":0,"k":[40.8,20.8,0],"ix":1,"l":2},"s":{"a":0,"k":[100,100,100],"ix":6,"l":2}},"ao":0,"shapes":[{"ty":"gr","it":[{"ind":0,"ty":"sh","ix":1,"ks":{"a":0,"k":{"i":[[-11.488,0],[0,-11.487],[11.488,0],[0,11.487]],"o":[[11.488,0],[0,11.487],[-11.488,0],[0,-11.487]],"v":[[0,-20.8],[20.8,0],[0,20.8],[-20.8,0]],"c":true},"ix":2},"nm":"Path 1","mn":"ADBE Vector Shape - Group","hd":false},{"ty":"st","c":{"a":0,"k":[0.250999989229,0.250999989229,0.250999989229,1],"ix":3},"o":{"a":0,"k":100,"ix":4},"w":{"a":0,"k":8,"ix":5},"lc":1,"lj":1,"ml":10,"bm":0,"nm":"Stroke 1","mn":"ADBE Vector Graphic - Stroke","hd":false},{"ty":"tr","p":{"a":0,"k":[40.8,40.8],"ix":2},"a":{"a":0,"k":[0,0],"ix":1},"s":{"a":0,"k":[100,100],"ix":3},"r":{"a":0,"k":0,"ix":6},"o":{"a":0,"k":100,"ix":7},"sk":{"a":0,"k":0,"ix":4},"sa":{"a":0,"k":0,"ix":5},"nm":"Transform"}],"nm":"Group 1","np":2,"cix":2,"bm":0,"ix":1,"mn":"ADBE Vector Group","hd":false}],"ip":0,"op":204,"st":0,"bm":0},{"ddd":0,"ind":13,"ty":4,"nm":"chain 3","parent":12,"sr":1,"ks":{"o":{"a":0,"k":100,"ix":11},"r":{"a":1,"k":[{"i":{"x":[0.667],"y":[1]},"o":{"x":[0.333],"y":[0]},"t":12,"s":[0]},{"i":{"x":[0.667],"y":[1]},"o":{"x":[0.333],"y":[0]},"t":20,"s":[1]},{"i":{"x":[0.667],"y":[1]},"o":{"x":[0.333],"y":[0]},"t":34,"s":[-0.5]},{"i":{"x":[0.667],"y":[1]},"o":{"x":[0.333],"y":[0]},"t":48,"s":[2]},{"i":{"x":[0.667],"y":[1]},"o":{"x":[0.333],"y":[0]},"t":64,"s":[-1]},{"i":{"x":[0.667],"y":[1]},"o":{"x":[0.333],"y":[0]},"t":76,"s":[0.5]},{"i":{"x":[0.833],"y":[1]},"o":{"x":[0.167],"y":[0]},"t":96,"s":[0]},{"i":{"x":[0.833],"y":[1]},"o":{"x":[0.167],"y":[0]},"t":130,"s":[0]},{"i":{"x":[0.833],"y":[1]},"o":{"x":[0.167],"y":[0]},"t":140,"s":[0.5]},{"i":{"x":[0.833],"y":[1]},"o":{"x":[0.167],"y":[0]},"t":156,"s":[-0.8]},{"i":{"x":[0.833],"y":[1]},"o":{"x":[0.167],"y":[0]},"t":166,"s":[0.4]},{"i":{"x":[0.833],"y":[1]},"o":{"x":[0.167],"y":[0]},"t":174,"s":[-0.2]},{"i":{"x":[0.833],"y":[1]},"o":{"x":[0.167],"y":[0]},"t":184,"s":[0.1]},{"t":194,"s":[0]}],"ix":10},"p":{"a":0,"k":[40.4,61,0],"ix":2,"l":2},"a":{"a":0,"k":[4.65,11.651,0],"ix":1,"l":2},"s":{"a":0,"k":[100,100,100],"ix":6,"l":2}},"ao":0,"shapes":[{"ind":0,"ty":"sh","ix":1,"ks":{"a":0,"k":{"i":[[2.4,0],[0,0],[0,2.399],[0,0],[-2.4,0],[0,0],[0,-2.399],[0,0]],"o":[[0,0],[-2.4,0],[0,0],[0,-2.399],[0,0],[2.4,0],[0,0],[0,1.6]],"v":[[5.05,45.051],[5.05,45.051],[0.25,41.051],[0.25,4.25],[4.25,0.25],[5.05,0.25],[9.05,4.25],[9.05,41.051]],"c":true},"ix":2},"nm":"Path 1","mn":"ADBE Vector Shape - Group","hd":false},{"ty":"fl","c":{"a":0,"k":[0.250999989229,0.250999989229,0.250999989229,1],"ix":4},"o":{"a":0,"k":100,"ix":5},"r":1,"bm":0,"nm":"Fill 1","mn":"ADBE Vector Graphic - Fill","hd":false}],"ip":0,"op":204,"st":0,"bm":0},{"ddd":0,"ind":14,"ty":4,"nm":"chain 4","parent":13,"sr":1,"ks":{"o":{"a":0,"k":100,"ix":11},"r":{"a":1,"k":[{"i":{"x":[0.667],"y":[1]},"o":{"x":[0.333],"y":[0]},"t":12,"s":[0]},{"i":{"x":[0.667],"y":[1]},"o":{"x":[0.333],"y":[0]},"t":20,"s":[1]},{"i":{"x":[0.667],"y":[1]},"o":{"x":[0.333],"y":[0]},"t":34,"s":[-0.5]},{"i":{"x":[0.667],"y":[1]},"o":{"x":[0.333],"y":[0]},"t":48,"s":[2]},{"i":{"x":[0.667],"y":[1]},"o":{"x":[0.333],"y":[0]},"t":64,"s":[-1]},{"i":{"x":[0.667],"y":[1]},"o":{"x":[0.333],"y":[0]},"t":76,"s":[0.5]},{"i":{"x":[0.833],"y":[1]},"o":{"x":[0.167],"y":[0]},"t":98,"s":[0]},{"i":{"x":[0.833],"y":[1]},"o":{"x":[0.167],"y":[0]},"t":130,"s":[0]},{"i":{"x":[0.833],"y":[1]},"o":{"x":[0.167],"y":[0]},"t":140,"s":[0.5]},{"i":{"x":[0.833],"y":[1]},"o":{"x":[0.167],"y":[0]},"t":156,"s":[-0.8]},{"i":{"x":[0.833],"y":[1]},"o":{"x":[0.167],"y":[0]},"t":166,"s":[0.4]},{"i":{"x":[0.833],"y":[1]},"o":{"x":[0.167],"y":[0]},"t":174,"s":[-0.2]},{"i":{"x":[0.833],"y":[1]},"o":{"x":[0.167],"y":[0]},"t":184,"s":[0.1]},{"t":194,"s":[0]}],"ix":10},"p":{"a":0,"k":[5.05,32.301,0],"ix":2,"l":2},"a":{"a":0,"k":[40.8,20.051,0],"ix":1,"l":2},"s":{"a":0,"k":[100,100,100],"ix":6,"l":2}},"ao":0,"shapes":[{"ty":"gr","it":[{"ind":0,"ty":"sh","ix":1,"ks":{"a":0,"k":{"i":[[-11.488,0],[0,-11.488],[11.488,0],[0,11.487]],"o":[[11.488,0],[0,11.487],[-11.488,0],[0,-11.488]],"v":[[0,-20.801],[20.8,0.001],[0,20.801],[-20.8,0.001]],"c":true},"ix":2},"nm":"Path 1","mn":"ADBE Vector Shape - Group","hd":false},{"ty":"st","c":{"a":0,"k":[0.250999989229,0.250999989229,0.250999989229,1],"ix":3},"o":{"a":0,"k":100,"ix":4},"w":{"a":0,"k":8,"ix":5},"lc":1,"lj":1,"ml":10,"bm":0,"nm":"Stroke 1","mn":"ADBE Vector Graphic - Stroke","hd":false},{"ty":"tr","p":{"a":0,"k":[40.8,40.801],"ix":2},"a":{"a":0,"k":[0,0],"ix":1},"s":{"a":0,"k":[100,100],"ix":3},"r":{"a":0,"k":0,"ix":6},"o":{"a":0,"k":100,"ix":7},"sk":{"a":0,"k":0,"ix":4},"sa":{"a":0,"k":0,"ix":5},"nm":"Transform"}],"nm":"Group 1","np":2,"cix":2,"bm":0,"ix":1,"mn":"ADBE Vector Group","hd":false}],"ip":0,"op":204,"st":0,"bm":0},{"ddd":0,"ind":15,"ty":4,"nm":"chain 5","parent":14,"sr":1,"ks":{"o":{"a":0,"k":100,"ix":11},"r":{"a":1,"k":[{"i":{"x":[0.667],"y":[1]},"o":{"x":[0.333],"y":[0]},"t":14,"s":[0]},{"i":{"x":[0.667],"y":[1]},"o":{"x":[0.333],"y":[0]},"t":22,"s":[1]},{"i":{"x":[0.667],"y":[1]},"o":{"x":[0.333],"y":[0]},"t":36,"s":[-0.5]},{"i":{"x":[0.667],"y":[1]},"o":{"x":[0.333],"y":[0]},"t":50,"s":[2]},{"i":{"x":[0.667],"y":[1]},"o":{"x":[0.333],"y":[0]},"t":66,"s":[-1]},{"i":{"x":[0.667],"y":[1]},"o":{"x":[0.333],"y":[0]},"t":78,"s":[0.5]},{"i":{"x":[0.667],"y":[1]},"o":{"x":[0.333],"y":[0]},"t":90,"s":[-0.2]},{"i":{"x":[0.833],"y":[1]},"o":{"x":[0.167],"y":[0]},"t":100,"s":[0]},{"i":{"x":[0.833],"y":[1]},"o":{"x":[0.167],"y":[0]},"t":132,"s":[0]},{"i":{"x":[0.833],"y":[1]},"o":{"x":[0.167],"y":[0]},"t":142,"s":[0.5]},{"i":{"x":[0.833],"y":[1]},"o":{"x":[0.167],"y":[0]},"t":158,"s":[-0.8]},{"i":{"x":[0.833],"y":[1]},"o":{"x":[0.167],"y":[0]},"t":168,"s":[0.4]},{"i":{"x":[0.833],"y":[1]},"o":{"x":[0.167],"y":[0]},"t":176,"s":[-0.2]},{"i":{"x":[0.833],"y":[1]},"o":{"x":[0.167],"y":[0]},"t":186,"s":[0.1]},{"t":196,"s":[0]}],"ix":10},"p":{"a":0,"k":[40.4,61.201,0],"ix":2,"l":2},"a":{"a":0,"k":[4.65,12.65,0],"ix":1,"l":2},"s":{"a":0,"k":[100,100,100],"ix":6,"l":2}},"ao":0,"shapes":[{"ind":0,"ty":"sh","ix":1,"ks":{"a":0,"k":{"i":[[2.4,0],[0,0],[0,2.399],[0,0],[-2.4,0],[0,0],[0,-2.4],[0,0]],"o":[[0,0],[-2.4,0],[0,0],[0,-2.4],[0,0],[2.4,0],[0,0],[0,2.399]],"v":[[5.05,45.05],[5.05,45.05],[0.25,41.05],[0.25,4.25],[4.25,0.25],[5.05,0.25],[9.05,4.25],[9.05,41.05]],"c":true},"ix":2},"nm":"Path 1","mn":"ADBE Vector Shape - Group","hd":false},{"ty":"fl","c":{"a":0,"k":[0.250999989229,0.250999989229,0.250999989229,1],"ix":4},"o":{"a":0,"k":100,"ix":5},"r":1,"bm":0,"nm":"Fill 1","mn":"ADBE Vector Graphic - Fill","hd":false}],"ip":0,"op":204,"st":0,"bm":0},{"ddd":0,"ind":16,"ty":4,"nm":"chain 6","parent":15,"sr":1,"ks":{"o":{"a":0,"k":100,"ix":11},"r":{"a":1,"k":[{"i":{"x":[0.667],"y":[1]},"o":{"x":[0.333],"y":[0]},"t":14,"s":[0]},{"i":{"x":[0.667],"y":[1]},"o":{"x":[0.333],"y":[0]},"t":22,"s":[1]},{"i":{"x":[0.667],"y":[1]},"o":{"x":[0.333],"y":[0]},"t":36,"s":[-2]},{"i":{"x":[0.667],"y":[1]},"o":{"x":[0.333],"y":[0]},"t":50,"s":[2]},{"i":{"x":[0.667],"y":[1]},"o":{"x":[0.333],"y":[0]},"t":66,"s":[-1]},{"i":{"x":[0.667],"y":[1]},"o":{"x":[0.333],"y":[0]},"t":78,"s":[0.5]},{"i":{"x":[0.667],"y":[1]},"o":{"x":[0.333],"y":[0]},"t":90,"s":[-0.2]},{"i":{"x":[0.833],"y":[1]},"o":{"x":[0.167],"y":[0]},"t":100,"s":[0]},{"i":{"x":[0.833],"y":[1]},"o":{"x":[0.167],"y":[0]},"t":132,"s":[0]},{"i":{"x":[0.833],"y":[1]},"o":{"x":[0.167],"y":[0]},"t":142,"s":[0.5]},{"i":{"x":[0.833],"y":[1]},"o":{"x":[0.167],"y":[0]},"t":158,"s":[-0.8]},{"i":{"x":[0.833],"y":[1]},"o":{"x":[0.167],"y":[0]},"t":168,"s":[0.4]},{"i":{"x":[0.833],"y":[1]},"o":{"x":[0.167],"y":[0]},"t":176,"s":[-0.2]},{"i":{"x":[0.833],"y":[1]},"o":{"x":[0.167],"y":[0]},"t":186,"s":[0.1]},{"t":196,"s":[0]}],"ix":10},"p":{"a":0,"k":[5.05,32.3,0],"ix":2,"l":2},"a":{"a":0,"k":[40.8,20.05,0],"ix":1,"l":2},"s":{"a":0,"k":[100,100,100],"ix":6,"l":2}},"ao":0,"shapes":[{"ty":"gr","it":[{"ind":0,"ty":"sh","ix":1,"ks":{"a":0,"k":{"i":[[-11.488,0],[0,-11.487],[11.488,0],[0,11.487]],"o":[[11.488,0],[0,11.487],[-11.488,0],[0,-11.487]],"v":[[0,-20.8],[20.8,0],[0,20.8],[-20.8,0]],"c":true},"ix":2},"nm":"Path 1","mn":"ADBE Vector Shape - Group","hd":false},{"ty":"st","c":{"a":0,"k":[0.250999989229,0.250999989229,0.250999989229,1],"ix":3},"o":{"a":0,"k":100,"ix":4},"w":{"a":0,"k":8,"ix":5},"lc":1,"lj":1,"ml":10,"bm":0,"nm":"Stroke 1","mn":"ADBE Vector Graphic - Stroke","hd":false},{"ty":"tr","p":{"a":0,"k":[40.8,40.8],"ix":2},"a":{"a":0,"k":[0,0],"ix":1},"s":{"a":0,"k":[100,100],"ix":3},"r":{"a":0,"k":0,"ix":6},"o":{"a":0,"k":100,"ix":7},"sk":{"a":0,"k":0,"ix":4},"sa":{"a":0,"k":0,"ix":5},"nm":"Transform"}],"nm":"Group 1","np":2,"cix":2,"bm":0,"ix":1,"mn":"ADBE Vector Group","hd":false}],"ip":0,"op":204,"st":0,"bm":0},{"ddd":0,"ind":17,"ty":4,"nm":"chain 7","parent":16,"sr":1,"ks":{"o":{"a":0,"k":100,"ix":11},"r":{"a":1,"k":[{"i":{"x":[0.667],"y":[1]},"o":{"x":[0.333],"y":[0]},"t":16,"s":[0]},{"i":{"x":[0.667],"y":[1]},"o":{"x":[0.333],"y":[0]},"t":24,"s":[1]},{"i":{"x":[0.667],"y":[1]},"o":{"x":[0.333],"y":[0]},"t":38,"s":[-2]},{"i":{"x":[0.667],"y":[1]},"o":{"x":[0.333],"y":[0]},"t":52,"s":[2]},{"i":{"x":[0.667],"y":[1]},"o":{"x":[0.333],"y":[0]},"t":68,"s":[-1]},{"i":{"x":[0.667],"y":[1]},"o":{"x":[0.333],"y":[0]},"t":80,"s":[0.5]},{"i":{"x":[0.667],"y":[1]},"o":{"x":[0.333],"y":[0]},"t":92,"s":[-0.2]},{"i":{"x":[0.833],"y":[1]},"o":{"x":[0.167],"y":[0]},"t":102,"s":[0]},{"i":{"x":[0.833],"y":[1]},"o":{"x":[0.167],"y":[0]},"t":134,"s":[0]},{"i":{"x":[0.833],"y":[1]},"o":{"x":[0.167],"y":[0]},"t":144,"s":[1]},{"i":{"x":[0.833],"y":[1]},"o":{"x":[0.167],"y":[0]},"t":160,"s":[-0.8]},{"i":{"x":[0.833],"y":[1]},"o":{"x":[0.167],"y":[0]},"t":170,"s":[0.4]},{"i":{"x":[0.833],"y":[1]},"o":{"x":[0.167],"y":[0]},"t":178,"s":[-0.2]},{"i":{"x":[0.833],"y":[1]},"o":{"x":[0.167],"y":[0]},"t":188,"s":[0.1]},{"t":198,"s":[0]}],"ix":10},"p":{"a":0,"k":[40.4,61.249,0],"ix":2,"l":2},"a":{"a":0,"k":[4.65,11.9,0],"ix":1,"l":2},"s":{"a":0,"k":[100,100,100],"ix":6,"l":2}},"ao":0,"shapes":[{"ind":0,"ty":"sh","ix":1,"ks":{"a":0,"k":{"i":[[2.4,0],[0,0],[0,2.4],[0,0],[-2.4,0],[0,0],[0,-2.4],[0,0]],"o":[[0,0],[-2.4,0],[0,0],[0,-2.4],[0,0],[2.4,0],[0,0],[0,2.4]],"v":[[5.05,45.05],[5.05,45.05],[0.25,41.05],[0.25,4.25],[4.25,0.25],[5.05,0.25],[9.05,4.25],[9.05,41.05]],"c":true},"ix":2},"nm":"Path 1","mn":"ADBE Vector Shape - Group","hd":false},{"ty":"fl","c":{"a":0,"k":[0.250999989229,0.250999989229,0.250999989229,1],"ix":4},"o":{"a":0,"k":100,"ix":5},"r":1,"bm":0,"nm":"Fill 1","mn":"ADBE Vector Graphic - Fill","hd":false}],"ip":0,"op":204,"st":0,"bm":0},{"ddd":0,"ind":18,"ty":4,"nm":"chain 8","parent":17,"sr":1,"ks":{"o":{"a":0,"k":100,"ix":11},"r":{"a":1,"k":[{"i":{"x":[0.667],"y":[1]},"o":{"x":[0.333],"y":[0]},"t":16,"s":[0]},{"i":{"x":[0.667],"y":[1]},"o":{"x":[0.333],"y":[0]},"t":24,"s":[1]},{"i":{"x":[0.667],"y":[1]},"o":{"x":[0.333],"y":[0]},"t":38,"s":[-2]},{"i":{"x":[0.667],"y":[1]},"o":{"x":[0.333],"y":[0]},"t":52,"s":[2]},{"i":{"x":[0.667],"y":[1]},"o":{"x":[0.333],"y":[0]},"t":68,"s":[-1]},{"i":{"x":[0.667],"y":[1]},"o":{"x":[0.333],"y":[0]},"t":80,"s":[0.5]},{"i":{"x":[0.667],"y":[1]},"o":{"x":[0.333],"y":[0]},"t":92,"s":[-0.2]},{"i":{"x":[0.833],"y":[1]},"o":{"x":[0.167],"y":[0]},"t":102,"s":[0]},{"i":{"x":[0.833],"y":[1]},"o":{"x":[0.167],"y":[0]},"t":134,"s":[0]},{"i":{"x":[0.833],"y":[1]},"o":{"x":[0.167],"y":[0]},"t":144,"s":[1]},{"i":{"x":[0.833],"y":[1]},"o":{"x":[0.167],"y":[0]},"t":160,"s":[-0.8]},{"i":{"x":[0.833],"y":[1]},"o":{"x":[0.167],"y":[0]},"t":170,"s":[0.4]},{"i":{"x":[0.833],"y":[1]},"o":{"x":[0.167],"y":[0]},"t":178,"s":[-0.2]},{"i":{"x":[0.833],"y":[1]},"o":{"x":[0.167],"y":[0]},"t":188,"s":[0.1]},{"t":198,"s":[0]}],"ix":10},"p":{"a":0,"k":[5.05,32.05,0],"ix":2,"l":2},"a":{"a":0,"k":[40.8,19.8,0],"ix":1,"l":2},"s":{"a":0,"k":[100,100,100],"ix":6,"l":2}},"ao":0,"shapes":[{"ty":"gr","it":[{"ind":0,"ty":"sh","ix":1,"ks":{"a":0,"k":{"i":[[-11.488,0],[0,-11.487],[11.488,0],[0,11.487]],"o":[[11.488,0],[0,11.487],[-11.488,0],[0,-11.487]],"v":[[0,-20.8],[20.8,0],[0,20.8],[-20.8,0]],"c":true},"ix":2},"nm":"Path 1","mn":"ADBE Vector Shape - Group","hd":false},{"ty":"st","c":{"a":0,"k":[0.250999989229,0.250999989229,0.250999989229,1],"ix":3},"o":{"a":0,"k":100,"ix":4},"w":{"a":0,"k":8,"ix":5},"lc":1,"lj":1,"ml":10,"bm":0,"nm":"Stroke 1","mn":"ADBE Vector Graphic - Stroke","hd":false},{"ty":"tr","p":{"a":0,"k":[40.8,40.8],"ix":2},"a":{"a":0,"k":[0,0],"ix":1},"s":{"a":0,"k":[100,100],"ix":3},"r":{"a":0,"k":0,"ix":6},"o":{"a":0,"k":100,"ix":7},"sk":{"a":0,"k":0,"ix":4},"sa":{"a":0,"k":0,"ix":5},"nm":"Transform"}],"nm":"Group 1","np":2,"cix":2,"bm":0,"ix":1,"mn":"ADBE Vector Group","hd":false}],"ip":0,"op":204,"st":0,"bm":0},{"ddd":0,"ind":19,"ty":4,"nm":"chain 9","parent":18,"sr":1,"ks":{"o":{"a":0,"k":100,"ix":11},"r":{"a":1,"k":[{"i":{"x":[0.667],"y":[1]},"o":{"x":[0.333],"y":[0]},"t":18,"s":[0]},{"i":{"x":[0.667],"y":[1]},"o":{"x":[0.333],"y":[0]},"t":26,"s":[4]},{"i":{"x":[0.667],"y":[1]},"o":{"x":[0.333],"y":[0]},"t":40,"s":[-1.5]},{"i":{"x":[0.667],"y":[1]},"o":{"x":[0.333],"y":[0]},"t":54,"s":[5]},{"i":{"x":[0.667],"y":[1]},"o":{"x":[0.333],"y":[0]},"t":70,"s":[-2]},{"i":{"x":[0.667],"y":[1]},"o":{"x":[0.333],"y":[0]},"t":82,"s":[-0.5]},{"i":{"x":[0.667],"y":[1]},"o":{"x":[0.333],"y":[0]},"t":94,"s":[0.2]},{"i":{"x":[0.833],"y":[1]},"o":{"x":[0.167],"y":[0]},"t":104,"s":[0]},{"i":{"x":[0.833],"y":[1]},"o":{"x":[0.167],"y":[0]},"t":134,"s":[0]},{"i":{"x":[0.833],"y":[1]},"o":{"x":[0.167],"y":[0]},"t":144,"s":[1]},{"i":{"x":[0.833],"y":[1]},"o":{"x":[0.167],"y":[0]},"t":160,"s":[-0.8]},{"i":{"x":[0.833],"y":[1]},"o":{"x":[0.167],"y":[0]},"t":170,"s":[0.4]},{"i":{"x":[0.833],"y":[1]},"o":{"x":[0.167],"y":[0]},"t":178,"s":[-0.2]},{"i":{"x":[0.833],"y":[1]},"o":{"x":[0.167],"y":[0]},"t":188,"s":[0.1]},{"t":198,"s":[0]}],"ix":10},"p":{"a":0,"k":[40.4,61,0],"ix":2,"l":2},"a":{"a":0,"k":[4.65,11.651,0],"ix":1,"l":2},"s":{"a":0,"k":[100,100,100],"ix":6,"l":2}},"ao":0,"shapes":[{"ind":0,"ty":"sh","ix":1,"ks":{"a":0,"k":{"i":[[2.4,0],[0,0],[0,2.399],[0,0],[-2.4,0],[0,0],[0,-2.399],[0,0]],"o":[[0,0],[-2.4,0],[0,0],[0,-2.399],[0,0],[2.4,0],[0,0],[0,2.399]],"v":[[5.05,45.051],[5.05,45.051],[0.25,41.051],[0.25,4.25],[4.25,0.25],[5.05,0.25],[9.05,4.25],[9.05,41.051]],"c":true},"ix":2},"nm":"Path 1","mn":"ADBE Vector Shape - Group","hd":false},{"ty":"fl","c":{"a":0,"k":[0.250999989229,0.250999989229,0.250999989229,1],"ix":4},"o":{"a":0,"k":100,"ix":5},"r":1,"bm":0,"nm":"Fill 1","mn":"ADBE Vector Graphic - Fill","hd":false}],"ip":0,"op":204,"st":0,"bm":0},{"ddd":0,"ind":20,"ty":4,"nm":"chain 10","parent":19,"sr":1,"ks":{"o":{"a":0,"k":100,"ix":11},"r":{"a":1,"k":[{"i":{"x":[0.667],"y":[1]},"o":{"x":[0.333],"y":[0]},"t":18,"s":[0]},{"i":{"x":[0.667],"y":[1]},"o":{"x":[0.333],"y":[0]},"t":26,"s":[4]},{"i":{"x":[0.667],"y":[1]},"o":{"x":[0.333],"y":[0]},"t":40,"s":[-1.5]},{"i":{"x":[0.667],"y":[1]},"o":{"x":[0.333],"y":[0]},"t":54,"s":[5]},{"i":{"x":[0.667],"y":[1]},"o":{"x":[0.333],"y":[0]},"t":70,"s":[-2]},{"i":{"x":[0.667],"y":[1]},"o":{"x":[0.333],"y":[0]},"t":82.705,"s":[-0.5]},{"i":{"x":[0.667],"y":[1]},"o":{"x":[0.333],"y":[0]},"t":95.412,"s":[0.2]},{"i":{"x":[0.833],"y":[1]},"o":{"x":[0.167],"y":[0]},"t":106,"s":[0]},{"i":{"x":[0.833],"y":[1]},"o":{"x":[0.167],"y":[0]},"t":136,"s":[0]},{"i":{"x":[0.833],"y":[1]},"o":{"x":[0.167],"y":[0]},"t":146,"s":[1]},{"i":{"x":[0.833],"y":[1]},"o":{"x":[0.167],"y":[0]},"t":162,"s":[-2]},{"i":{"x":[0.833],"y":[1]},"o":{"x":[0.167],"y":[0]},"t":172,"s":[0.4]},{"i":{"x":[0.833],"y":[1]},"o":{"x":[0.167],"y":[0]},"t":180,"s":[-0.2]},{"i":{"x":[0.833],"y":[1]},"o":{"x":[0.167],"y":[0]},"t":190,"s":[0.1]},{"t":200,"s":[0]}],"ix":10},"p":{"a":0,"k":[5.05,31.501,0],"ix":2,"l":2},"a":{"a":0,"k":[40.8,20.05,0],"ix":1,"l":2},"s":{"a":0,"k":[100,100,100],"ix":6,"l":2}},"ao":0,"shapes":[{"ty":"gr","it":[{"ind":0,"ty":"sh","ix":1,"ks":{"a":0,"k":{"i":[[-11.488,0],[0,-11.487],[11.488,0],[0,11.488]],"o":[[11.488,0],[0,11.488],[-11.488,0],[0,-11.487]],"v":[[0,-20.801],[20.8,0],[0,20.801],[-20.8,0]],"c":true},"ix":2},"nm":"Path 1","mn":"ADBE Vector Shape - Group","hd":false},{"ty":"st","c":{"a":0,"k":[0.250999989229,0.250999989229,0.250999989229,1],"ix":3},"o":{"a":0,"k":100,"ix":4},"w":{"a":0,"k":8,"ix":5},"lc":1,"lj":1,"ml":10,"bm":0,"nm":"Stroke 1","mn":"ADBE Vector Graphic - Stroke","hd":false},{"ty":"tr","p":{"a":0,"k":[40.8,40.801],"ix":2},"a":{"a":0,"k":[0,0],"ix":1},"s":{"a":0,"k":[100,100],"ix":3},"r":{"a":0,"k":0,"ix":6},"o":{"a":0,"k":100,"ix":7},"sk":{"a":0,"k":0,"ix":4},"sa":{"a":0,"k":0,"ix":5},"nm":"Transform"}],"nm":"Group 1","np":2,"cix":2,"bm":0,"ix":1,"mn":"ADBE Vector Group","hd":false}],"ip":0,"op":204,"st":0,"bm":0},{"ddd":0,"ind":21,"ty":4,"nm":"chain 11","parent":20,"sr":1,"ks":{"o":{"a":0,"k":100,"ix":11},"r":{"a":1,"k":[{"i":{"x":[0.667],"y":[1]},"o":{"x":[0.333],"y":[0]},"t":20,"s":[0]},{"i":{"x":[0.667],"y":[1]},"o":{"x":[0.333],"y":[0]},"t":28,"s":[4]},{"i":{"x":[0.667],"y":[1]},"o":{"x":[0.333],"y":[0]},"t":42,"s":[-1.5]},{"i":{"x":[0.667],"y":[1]},"o":{"x":[0.333],"y":[0]},"t":56,"s":[5]},{"i":{"x":[0.667],"y":[1]},"o":{"x":[0.333],"y":[0]},"t":72,"s":[-2]},{"i":{"x":[0.667],"y":[1]},"o":{"x":[0.333],"y":[0]},"t":85.41,"s":[-0.5]},{"i":{"x":[0.667],"y":[1]},"o":{"x":[0.333],"y":[0]},"t":98.824,"s":[0.2]},{"i":{"x":[0.833],"y":[1]},"o":{"x":[0.167],"y":[0]},"t":110,"s":[0]},{"i":{"x":[0.833],"y":[1]},"o":{"x":[0.167],"y":[0]},"t":136,"s":[0]},{"i":{"x":[0.833],"y":[1]},"o":{"x":[0.167],"y":[0]},"t":146,"s":[1]},{"i":{"x":[0.833],"y":[1]},"o":{"x":[0.167],"y":[0]},"t":162,"s":[-2]},{"i":{"x":[0.833],"y":[1]},"o":{"x":[0.167],"y":[0]},"t":172,"s":[0.4]},{"i":{"x":[0.833],"y":[1]},"o":{"x":[0.167],"y":[0]},"t":180,"s":[-0.2]},{"i":{"x":[0.833],"y":[1]},"o":{"x":[0.167],"y":[0]},"t":190,"s":[0.1]},{"t":200,"s":[0]}],"ix":10},"p":{"a":0,"k":[40.4,60.55,0],"ix":2,"l":2},"a":{"a":0,"k":[4.65,10.4,0],"ix":1,"l":2},"s":{"a":0,"k":[100,100,100],"ix":6,"l":2}},"ao":0,"shapes":[{"ty":"gr","it":[{"ind":0,"ty":"sh","ix":1,"ks":{"a":0,"k":{"i":[[2.4,0],[0,0],[0,2.4],[0,0],[-2.4,0],[0,0],[0,-2.4],[0,0]],"o":[[0,0],[-2.4,0],[0,0],[0,-2.4],[0,0],[2.4,0],[0,0],[0,2.4]],"v":[[0.4,22.4],[0.4,22.4],[-4.4,18.4],[-4.4,-18.4],[-0.4,-22.4],[0.4,-22.4],[4.4,-18.4],[4.4,18.4]],"c":true},"ix":2},"nm":"Path 1","mn":"ADBE Vector Shape - Group","hd":false},{"ty":"fl","c":{"a":0,"k":[0.250999989229,0.250999989229,0.250999989229,1],"ix":4},"o":{"a":0,"k":100,"ix":5},"r":1,"bm":0,"nm":"Fill 1","mn":"ADBE Vector Graphic - Fill","hd":false},{"ty":"tr","p":{"a":0,"k":[4.65,22.65],"ix":2},"a":{"a":0,"k":[0,0],"ix":1},"s":{"a":0,"k":[100,100],"ix":3},"r":{"a":0,"k":0,"ix":6},"o":{"a":0,"k":100,"ix":7},"sk":{"a":0,"k":0,"ix":4},"sa":{"a":0,"k":0,"ix":5},"nm":"Transform"}],"nm":"Group 1","np":2,"cix":2,"bm":0,"ix":1,"mn":"ADBE Vector Group","hd":false}],"ip":0,"op":204,"st":0,"bm":0},{"ddd":0,"ind":22,"ty":4,"nm":"chain 12","parent":21,"sr":1,"ks":{"o":{"a":0,"k":100,"ix":11},"r":{"a":1,"k":[{"i":{"x":[0.667],"y":[1]},"o":{"x":[0.333],"y":[0]},"t":20,"s":[0]},{"i":{"x":[0.667],"y":[1]},"o":{"x":[0.333],"y":[0]},"t":28,"s":[4]},{"i":{"x":[0.667],"y":[1]},"o":{"x":[0.333],"y":[0]},"t":42,"s":[-1.5]},{"i":{"x":[0.667],"y":[1]},"o":{"x":[0.333],"y":[0]},"t":56,"s":[5]},{"i":{"x":[0.667],"y":[1]},"o":{"x":[0.333],"y":[0]},"t":72,"s":[-2]},{"i":{"x":[0.667],"y":[1]},"o":{"x":[0.333],"y":[0]},"t":86.285,"s":[-0.5]},{"i":{"x":[0.667],"y":[1]},"o":{"x":[0.333],"y":[0]},"t":100.572,"s":[0.2]},{"i":{"x":[0.833],"y":[1]},"o":{"x":[0.167],"y":[0]},"t":108.477,"s":[0]},{"i":{"x":[0.833],"y":[1]},"o":{"x":[0.167],"y":[0]},"t":136,"s":[0]},{"i":{"x":[0.833],"y":[1]},"o":{"x":[0.167],"y":[0]},"t":146,"s":[1]},{"i":{"x":[0.833],"y":[1]},"o":{"x":[0.167],"y":[0]},"t":162,"s":[-2]},{"i":{"x":[0.833],"y":[1]},"o":{"x":[0.167],"y":[0]},"t":172,"s":[0.4]},{"i":{"x":[0.833],"y":[1]},"o":{"x":[0.167],"y":[0]},"t":180,"s":[-0.2]},{"i":{"x":[0.833],"y":[1]},"o":{"x":[0.167],"y":[0]},"t":190,"s":[0.1]},{"t":200,"s":[0]}],"ix":10},"p":{"a":0,"k":[5.05,31,0],"ix":2,"l":2},"a":{"a":0,"k":[40.8,19.55,0],"ix":1,"l":2},"s":{"a":0,"k":[100,100,100],"ix":6,"l":2}},"ao":0,"shapes":[{"ty":"gr","it":[{"ind":0,"ty":"sh","ix":1,"ks":{"a":0,"k":{"i":[[-11.488,0],[0,-11.487],[11.488,0],[0,11.487]],"o":[[11.488,0],[0,11.487],[-11.488,0],[0,-11.487]],"v":[[0,-20.8],[20.8,0],[0,20.8],[-20.8,0]],"c":true},"ix":2},"nm":"Path 1","mn":"ADBE Vector Shape - Group","hd":false},{"ty":"st","c":{"a":0,"k":[0.250999989229,0.250999989229,0.250999989229,1],"ix":3},"o":{"a":0,"k":100,"ix":4},"w":{"a":0,"k":8,"ix":5},"lc":1,"lj":1,"ml":10,"bm":0,"nm":"Stroke 1","mn":"ADBE Vector Graphic - Stroke","hd":false},{"ty":"tr","p":{"a":0,"k":[40.8,40.8],"ix":2},"a":{"a":0,"k":[0,0],"ix":1},"s":{"a":0,"k":[100,100],"ix":3},"r":{"a":0,"k":0,"ix":6},"o":{"a":0,"k":100,"ix":7},"sk":{"a":0,"k":0,"ix":4},"sa":{"a":0,"k":0,"ix":5},"nm":"Transform"}],"nm":"Group 1","np":2,"cix":2,"bm":0,"ix":1,"mn":"ADBE Vector Group","hd":false}],"ip":0,"op":204,"st":0,"bm":0},{"ddd":0,"ind":23,"ty":4,"nm":"chain 13","parent":22,"sr":1,"ks":{"o":{"a":0,"k":100,"ix":11},"r":{"a":1,"k":[{"i":{"x":[0.667],"y":[1]},"o":{"x":[0.333],"y":[0]},"t":22,"s":[0]},{"i":{"x":[0.667],"y":[1]},"o":{"x":[0.333],"y":[0]},"t":30,"s":[4]},{"i":{"x":[0.667],"y":[1]},"o":{"x":[0.333],"y":[0]},"t":44,"s":[-1.5]},{"i":{"x":[0.667],"y":[1]},"o":{"x":[0.333],"y":[0]},"t":58,"s":[5]},{"i":{"x":[0.667],"y":[1]},"o":{"x":[0.333],"y":[0]},"t":74.381,"s":[-2]},{"i":{"x":[0.667],"y":[1]},"o":{"x":[0.333],"y":[0]},"t":88.666,"s":[-0.5]},{"i":{"x":[0.667],"y":[1]},"o":{"x":[0.333],"y":[0]},"t":102.953,"s":[0.2]},{"i":{"x":[0.833],"y":[1]},"o":{"x":[0.167],"y":[0]},"t":110.857,"s":[0]},{"i":{"x":[0.833],"y":[1]},"o":{"x":[0.167],"y":[0]},"t":138,"s":[0]},{"i":{"x":[0.833],"y":[1]},"o":{"x":[0.167],"y":[0]},"t":148,"s":[2]},{"i":{"x":[0.833],"y":[1]},"o":{"x":[0.167],"y":[0]},"t":164,"s":[-1.5]},{"i":{"x":[0.833],"y":[1]},"o":{"x":[0.167],"y":[0]},"t":174,"s":[0.4]},{"i":{"x":[0.833],"y":[1]},"o":{"x":[0.167],"y":[0]},"t":182,"s":[-0.2]},{"i":{"x":[0.833],"y":[1]},"o":{"x":[0.167],"y":[0]},"t":192,"s":[0.1]},{"t":202,"s":[0]}],"ix":10},"p":{"a":0,"k":[40.4,61.049,0],"ix":2,"l":2},"a":{"a":0,"k":[4.65,10.9,0],"ix":1,"l":2},"s":{"a":0,"k":[100,100,100],"ix":6,"l":2}},"ao":0,"shapes":[{"ind":0,"ty":"sh","ix":1,"ks":{"a":0,"k":{"i":[[2.4,0],[0,0],[0,2.4],[0,0],[-2.4,0],[0,0],[0,-2.399],[0,0]],"o":[[0,0],[-2.4,0],[0,0],[0,-2.399],[0,0],[2.4,0],[0,0],[0,2.4]],"v":[[5.05,45.05],[5.05,45.05],[0.25,41.05],[0.25,4.25],[4.25,0.25],[5.05,0.25],[9.05,4.25],[9.05,41.05]],"c":true},"ix":2},"nm":"Path 1","mn":"ADBE Vector Shape - Group","hd":false},{"ty":"fl","c":{"a":0,"k":[0.250999989229,0.250999989229,0.250999989229,1],"ix":4},"o":{"a":0,"k":100,"ix":5},"r":1,"bm":0,"nm":"Fill 1","mn":"ADBE Vector Graphic - Fill","hd":false}],"ip":0,"op":204,"st":0,"bm":0},{"ddd":0,"ind":24,"ty":4,"nm":"chain 14","parent":23,"sr":1,"ks":{"o":{"a":0,"k":100,"ix":11},"r":{"a":1,"k":[{"i":{"x":[0.667],"y":[1]},"o":{"x":[0.333],"y":[0]},"t":24,"s":[0]},{"i":{"x":[0.667],"y":[1]},"o":{"x":[0.333],"y":[0]},"t":32,"s":[4]},{"i":{"x":[0.667],"y":[1]},"o":{"x":[0.333],"y":[0]},"t":46,"s":[-1.5]},{"i":{"x":[0.667],"y":[1]},"o":{"x":[0.333],"y":[0]},"t":60,"s":[5]},{"i":{"x":[0.667],"y":[1]},"o":{"x":[0.333],"y":[0]},"t":76.762,"s":[-2]},{"i":{"x":[0.667],"y":[1]},"o":{"x":[0.333],"y":[0]},"t":91.047,"s":[-0.5]},{"i":{"x":[0.667],"y":[1]},"o":{"x":[0.333],"y":[0]},"t":105.334,"s":[0.2]},{"i":{"x":[0.833],"y":[1]},"o":{"x":[0.167],"y":[0]},"t":111.238,"s":[0]},{"i":{"x":[0.833],"y":[1]},"o":{"x":[0.167],"y":[0]},"t":138,"s":[0]},{"i":{"x":[0.833],"y":[1]},"o":{"x":[0.167],"y":[0]},"t":148,"s":[2]},{"i":{"x":[0.833],"y":[1]},"o":{"x":[0.167],"y":[0]},"t":164,"s":[-1.5]},{"i":{"x":[0.833],"y":[1]},"o":{"x":[0.167],"y":[0]},"t":174,"s":[0.4]},{"i":{"x":[0.833],"y":[1]},"o":{"x":[0.167],"y":[0]},"t":182,"s":[-0.2]},{"i":{"x":[0.833],"y":[1]},"o":{"x":[0.167],"y":[0]},"t":192,"s":[0.1]},{"t":202,"s":[0]}],"ix":10},"p":{"a":0,"k":[5.05,30.451,0],"ix":2,"l":2},"a":{"a":0,"k":[40.8,19.8,0],"ix":1,"l":2},"s":{"a":0,"k":[100,100,100],"ix":6,"l":2}},"ao":0,"shapes":[{"ty":"gr","it":[{"ind":0,"ty":"sh","ix":1,"ks":{"a":0,"k":{"i":[[-11.488,0],[0,-11.487],[11.488,0],[0,11.487]],"o":[[11.488,0],[0,11.487],[-11.488,0],[0,-11.487]],"v":[[0,-20.8],[20.8,0],[0,20.8],[-20.8,0]],"c":true},"ix":2},"nm":"Path 1","mn":"ADBE Vector Shape - Group","hd":false},{"ty":"st","c":{"a":0,"k":[0.250999989229,0.250999989229,0.250999989229,1],"ix":3},"o":{"a":0,"k":100,"ix":4},"w":{"a":0,"k":8,"ix":5},"lc":1,"lj":1,"ml":10,"bm":0,"nm":"Stroke 1","mn":"ADBE Vector Graphic - Stroke","hd":false},{"ty":"tr","p":{"a":0,"k":[40.8,40.8],"ix":2},"a":{"a":0,"k":[0,0],"ix":1},"s":{"a":0,"k":[100,100],"ix":3},"r":{"a":0,"k":0,"ix":6},"o":{"a":0,"k":100,"ix":7},"sk":{"a":0,"k":0,"ix":4},"sa":{"a":0,"k":0,"ix":5},"nm":"Transform"}],"nm":"Group 1","np":2,"cix":2,"bm":0,"ix":1,"mn":"ADBE Vector Group","hd":false}],"ip":0,"op":204,"st":0,"bm":0},{"ddd":0,"ind":25,"ty":4,"nm":"chain 15","parent":24,"sr":1,"ks":{"o":{"a":0,"k":100,"ix":11},"r":{"a":1,"k":[{"i":{"x":[0.667],"y":[1]},"o":{"x":[0.333],"y":[0]},"t":26,"s":[0]},{"i":{"x":[0.667],"y":[1]},"o":{"x":[0.333],"y":[0]},"t":34,"s":[4]},{"i":{"x":[0.667],"y":[1]},"o":{"x":[0.333],"y":[0]},"t":48,"s":[-1.5]},{"i":{"x":[0.667],"y":[1]},"o":{"x":[0.333],"y":[0]},"t":62,"s":[5]},{"i":{"x":[0.667],"y":[1]},"o":{"x":[0.333],"y":[0]},"t":79.143,"s":[-2]},{"i":{"x":[0.667],"y":[1]},"o":{"x":[0.333],"y":[0]},"t":93.428,"s":[-0.5]},{"i":{"x":[0.667],"y":[1]},"o":{"x":[0.333],"y":[0]},"t":107.715,"s":[0.2]},{"i":{"x":[0.833],"y":[1]},"o":{"x":[0.167],"y":[0]},"t":113.619,"s":[0]},{"i":{"x":[0.833],"y":[1]},"o":{"x":[0.167],"y":[0]},"t":140,"s":[0]},{"i":{"x":[0.833],"y":[1]},"o":{"x":[0.167],"y":[0]},"t":150,"s":[0.5]},{"i":{"x":[0.833],"y":[1]},"o":{"x":[0.167],"y":[0]},"t":166,"s":[-0.8]},{"i":{"x":[0.833],"y":[1]},"o":{"x":[0.167],"y":[0]},"t":176,"s":[0.4]},{"i":{"x":[0.833],"y":[1]},"o":{"x":[0.167],"y":[0]},"t":184,"s":[-0.2]},{"i":{"x":[0.833],"y":[1]},"o":{"x":[0.167],"y":[0]},"t":194,"s":[0.1]},{"t":204,"s":[0]}],"ix":10},"p":{"a":0,"k":[40.4,60.85,0],"ix":2,"l":2},"a":{"a":0,"k":[4.65,9.9,0],"ix":1,"l":2},"s":{"a":0,"k":[100,100,100],"ix":6,"l":2}},"ao":0,"shapes":[{"ind":0,"ty":"sh","ix":1,"ks":{"a":0,"k":{"i":[[2.4,0],[0,0],[0,2.399],[0,0],[-2.4,0],[0,0],[0,-2.4],[0,0]],"o":[[0,0],[-2.4,0],[0,0],[0,-2.4],[0,0],[2.4,0],[0,0],[0,2.399]],"v":[[5.05,45.05],[5.05,45.05],[0.25,41.05],[0.25,4.25],[4.25,0.25],[5.05,0.25],[9.05,4.25],[9.05,41.05]],"c":true},"ix":2},"nm":"Path 1","mn":"ADBE Vector Shape - Group","hd":false},{"ty":"fl","c":{"a":0,"k":[0.250999989229,0.250999989229,0.250999989229,1],"ix":4},"o":{"a":0,"k":100,"ix":5},"r":1,"bm":0,"nm":"Fill 1","mn":"ADBE Vector Graphic - Fill","hd":false}],"ip":0,"op":204,"st":0,"bm":0},{"ddd":0,"ind":26,"ty":4,"nm":"chain 16","parent":25,"sr":1,"ks":{"o":{"a":0,"k":100,"ix":11},"r":{"a":1,"k":[{"i":{"x":[0.667],"y":[1]},"o":{"x":[0.333],"y":[0]},"t":28,"s":[0]},{"i":{"x":[0.667],"y":[1]},"o":{"x":[0.333],"y":[0]},"t":36,"s":[4]},{"i":{"x":[0.667],"y":[1]},"o":{"x":[0.333],"y":[0]},"t":50,"s":[-1.5]},{"i":{"x":[0.667],"y":[1]},"o":{"x":[0.333],"y":[0]},"t":64,"s":[5]},{"i":{"x":[0.667],"y":[1]},"o":{"x":[0.333],"y":[0]},"t":81.523,"s":[-2]},{"i":{"x":[0.667],"y":[1]},"o":{"x":[0.333],"y":[0]},"t":95.809,"s":[-0.5]},{"i":{"x":[0.667],"y":[1]},"o":{"x":[0.333],"y":[0]},"t":110.096,"s":[0.2]},{"i":{"x":[0.833],"y":[1]},"o":{"x":[0.167],"y":[0]},"t":140,"s":[0]},{"i":{"x":[0.833],"y":[1]},"o":{"x":[0.167],"y":[0]},"t":150,"s":[0.5]},{"i":{"x":[0.833],"y":[1]},"o":{"x":[0.167],"y":[0]},"t":166,"s":[-0.8]},{"i":{"x":[0.833],"y":[1]},"o":{"x":[0.167],"y":[0]},"t":176,"s":[0.4]},{"i":{"x":[0.833],"y":[1]},"o":{"x":[0.167],"y":[0]},"t":184,"s":[-0.2]},{"i":{"x":[0.833],"y":[1]},"o":{"x":[0.167],"y":[0]},"t":194,"s":[0.1]},{"t":204,"s":[0]}],"ix":10},"p":{"a":0,"k":[5.05,30.95,0],"ix":2,"l":2},"a":{"a":0,"k":[40.8,20.3,0],"ix":1,"l":2},"s":{"a":0,"k":[100,100,100],"ix":6,"l":2}},"ao":0,"shapes":[{"ty":"gr","it":[{"ind":0,"ty":"sh","ix":1,"ks":{"a":0,"k":{"i":[[-11.488,0],[0,-11.487],[11.488,0],[0,11.488]],"o":[[11.488,0],[0,11.488],[-11.488,0],[0,-11.487]],"v":[[0,-20.801],[20.8,-0.001],[0,20.801],[-20.8,-0.001]],"c":true},"ix":2},"nm":"Path 1","mn":"ADBE Vector Shape - Group","hd":false},{"ty":"st","c":{"a":0,"k":[0.250999989229,0.250999989229,0.250999989229,1],"ix":3},"o":{"a":0,"k":100,"ix":4},"w":{"a":0,"k":8,"ix":5},"lc":1,"lj":1,"ml":10,"bm":0,"nm":"Stroke 1","mn":"ADBE Vector Graphic - Stroke","hd":false},{"ty":"tr","p":{"a":0,"k":[40.8,40.8],"ix":2},"a":{"a":0,"k":[0,0],"ix":1},"s":{"a":0,"k":[100,100],"ix":3},"r":{"a":0,"k":0,"ix":6},"o":{"a":0,"k":100,"ix":7},"sk":{"a":0,"k":0,"ix":4},"sa":{"a":0,"k":0,"ix":5},"nm":"Transform"}],"nm":"Group 1","np":2,"cix":2,"bm":0,"ix":1,"mn":"ADBE Vector Group","hd":false}],"ip":0,"op":204,"st":0,"bm":0},{"ddd":0,"ind":28,"ty":4,"nm":"mouth 2","parent":2,"sr":1,"ks":{"o":{"a":0,"k":100,"ix":11},"r":{"a":0,"k":0,"ix":10},"p":{"a":0,"k":[-49.937,226.423,0],"ix":2,"l":2},"a":{"a":0,"k":[87.188,34.65,0],"ix":1,"l":2},"s":{"a":0,"k":[100,100,100],"ix":6,"l":2}},"ao":0,"shapes":[{"ind":0,"ty":"sh","ix":1,"ks":{"a":1,"k":[{"i":{"x":0,"y":1},"o":{"x":0.333,"y":0},"t":8,"s":[{"i":[[-6.569,2.955],[-36.135,-0.8],[0,0],[15.641,-6.217],[48.539,1.6],[1.427,1.131],[-1.625,9.597]],"o":[[13.647,-7.321],[48.001,1.599],[17.449,15.394],[-8.684,3.076],[-35.057,-0.801],[-8.815,-6.084],[1.115,-8.188]],"v":[[14.292,17.079],[83.808,1.05],[156.678,17.687],[144.008,61.85],[75.719,67.45],[14.615,58.521],[1.875,36.262]],"c":true}]},{"i":{"x":0,"y":1},"o":{"x":1,"y":0},"t":16,"s":[{"i":[[-6.569,2.955],[-36.135,-0.8],[0,0],[18.328,-2.728],[48.539,1.6],[1.427,1.131],[-1.625,9.597]],"o":[[13.647,-7.321],[83.265,5.967],[16.711,15.646],[-11.146,1.483],[-35.057,-0.801],[-8.815,-6.084],[1.115,-8.188]],"v":[[0.608,23.395],[86.44,4.208],[179.836,25.582],[170.324,70.271],[73.614,71.134],[0.931,64.837],[-11.809,42.578]],"c":true}]},{"i":{"x":0,"y":1},"o":{"x":0.298,"y":0},"t":54,"s":[{"i":[[-8.309,7.199],[-61.859,-0.799],[0,0],[28.621,2.401],[83.095,1.599],[2.77,0],[2.769,9.599]],"o":[[16.619,-16],[82.172,1.601],[26.775,19.199],[-46.164,-4.799],[-60.013,-0.8],[-16.619,0.8],[-2.77,-8]],"v":[[-58.574,34.65],[64.221,1.049],[190.71,34.65],[176.861,81.049],[50.372,67.45],[-41.032,74.65],[-66.883,60.25]],"c":true}]},{"i":{"x":0.667,"y":1},"o":{"x":0,"y":0},"t":76,"s":[{"i":[[-7.2,7.199],[-53.6,-0.799],[0,0],[24.8,2.401],[72,1.599],[2.4,0],[2.4,9.599]],"o":[[14.4,-16],[71.2,1.601],[23.2,19.199],[-40,-4.799],[-52,-0.8],[-14.4,0.8],[-2.4,-8]],"v":[[-39.15,38.65],[67.25,5.049],[176.85,38.65],[164.85,85.049],[55.25,71.45],[-23.95,78.65],[-46.35,64.25]],"c":true}]},{"i":{"x":0.667,"y":1},"o":{"x":0.333,"y":0},"t":142,"s":[{"i":[[-7.2,7.199],[-53.6,-0.799],[0,0],[24.8,2.401],[72,1.599],[2.4,0],[2.4,9.599]],"o":[[14.4,-16],[71.2,1.601],[23.2,19.199],[-40,-4.799],[-52,-0.8],[-14.4,0.8],[-2.4,-8]],"v":[[-39.15,38.65],[67.25,5.049],[176.85,38.65],[164.85,85.049],[55.25,71.45],[-23.95,78.65],[-46.35,64.25]],"c":true}]},{"i":{"x":0.023,"y":1},"o":{"x":0.333,"y":0},"t":154,"s":[{"i":[[-6.569,2.955],[-36.135,-0.8],[0,0],[18.328,-2.728],[48.539,1.6],[1.427,1.131],[-1.625,9.597]],"o":[[13.647,-7.321],[83.265,5.967],[16.711,15.646],[-11.146,1.483],[-35.057,-0.801],[-8.815,-6.084],[1.115,-8.188]],"v":[[-0.392,25.395],[85.44,6.208],[178.836,27.582],[169.324,72.271],[72.614,73.134],[-0.069,66.837],[-12.809,44.578]],"c":true}]},{"t":174,"s":[{"i":[[-6.569,2.955],[-36.135,-0.8],[0,0],[15.641,-6.217],[48.539,1.6],[1.427,1.131],[-1.625,9.597]],"o":[[13.647,-7.321],[48.001,1.599],[17.449,15.394],[-8.684,3.076],[-35.057,-0.801],[-8.815,-6.084],[1.115,-8.188]],"v":[[14.292,17.079],[83.808,1.05],[156.678,17.687],[144.008,61.85],[75.719,67.45],[14.615,58.521],[1.875,36.262]],"c":true}]}],"ix":2},"nm":"Path 1","mn":"ADBE Vector Shape - Group","hd":false},{"ty":"fl","c":{"a":0,"k":[0.258999992819,0.169000004787,0.051000000449,1],"ix":4},"o":{"a":0,"k":100,"ix":5},"r":1,"bm":0,"nm":"Fill 1","mn":"ADBE Vector Graphic - Fill","hd":false}],"ip":0,"op":204,"st":0,"bm":0},{"ddd":0,"ind":30,"ty":4,"nm":"eyes normal 2","parent":2,"sr":1,"ks":{"o":{"a":0,"k":100,"ix":11},"r":{"a":0,"k":0,"ix":10},"p":{"a":1,"k":[{"i":{"x":0,"y":1},"o":{"x":1,"y":0},"t":16,"s":[124.357,-70.1,0],"to":[-0.647,1.618,0],"ti":[-0.186,-0.618,0]},{"i":{"x":0,"y":1},"o":{"x":0.632,"y":0},"t":54,"s":[120.474,-60.391,0],"to":[0.186,0.618,0],"ti":[-0.833,1,0]},{"i":{"x":0.38,"y":0.38},"o":{"x":0.271,"y":0.271},"t":76,"s":[125.474,-66.391,0],"to":[0,0,0],"ti":[0,0,0]},{"i":{"x":0.667,"y":0.667},"o":{"x":1,"y":1},"t":128,"s":[125.474,-66.391,0],"to":[0,0,0],"ti":[0,0,0]},{"i":{"x":0.667,"y":1},"o":{"x":0.333,"y":0},"t":138,"s":[125.474,-66.391,0],"to":[0,0,0],"ti":[0.186,0.618,0]},{"t":154,"s":[124.357,-70.1,0]}],"ix":2,"l":2},"a":{"a":1,"k":[{"i":{"x":0.667,"y":0.667},"o":{"x":0.333,"y":0.333},"t":36,"s":[421.007,82.25,0],"to":[0,0,0],"ti":[0,0,0]},{"i":{"x":0.667,"y":0.667},"o":{"x":0.333,"y":0.333},"t":138,"s":[421.007,82.25,0],"to":[0,0,0],"ti":[0,0,0]},{"t":154,"s":[421.007,82.25,0]}],"ix":1,"l":2},"s":{"a":1,"k":[{"i":{"x":[0,0,0.667],"y":[1,1,1]},"o":{"x":[1,1,0.333],"y":[0,0,0]},"t":16,"s":[100,100,100]},{"i":{"x":[0,0,0.833],"y":[1,1,1]},"o":{"x":[0.632,0.632,0.333],"y":[0,0,0]},"t":54,"s":[110,110,100]},{"i":{"x":[0.667,0.667,0.667],"y":[1,1,1]},"o":{"x":[0.167,0.167,0.167],"y":[0,0,0]},"t":76,"s":[100,100,100]},{"i":{"x":[0.667,0.667,0.667],"y":[1,1,1]},"o":{"x":[0.333,0.333,0.333],"y":[0,0,0]},"t":138,"s":[100,100,100]},{"t":154,"s":[100,100,100]}],"ix":6,"l":2}},"ao":0,"shapes":[{"ty":"gr","it":[{"ind":0,"ty":"sh","ix":1,"ks":{"a":0,"k":{"i":[[8.24,5.68],[0,0],[8,-11.52],[-8.24,-5.76],[-8,11.52]],"o":[[0,0],[-8.24,-5.76],[-8,11.6],[8.24,5.76],[8.08,-11.6]],"v":[[12.84,-18.56],[12.84,-18.56],[-15.8,-10.96],[-12.92,18.56],[15.72,10.96]],"c":true},"ix":2},"nm":"Path 1","mn":"ADBE Vector Shape - Group","hd":false},{"ty":"fl","c":{"a":0,"k":[0.536999990426,0.375999989229,0.141000007181,1],"ix":4},"o":{"a":0,"k":100,"ix":5},"r":1,"bm":0,"nm":"Fill 1","mn":"ADBE Vector Graphic - Fill","hd":false},{"ty":"tr","p":{"a":0,"k":[404.77,55.21],"ix":2},"a":{"a":0,"k":[0,0],"ix":1},"s":{"a":0,"k":[100,100],"ix":3},"r":{"a":0,"k":0,"ix":6},"o":{"a":0,"k":100,"ix":7},"sk":{"a":0,"k":0,"ix":4},"sa":{"a":0,"k":0,"ix":5},"nm":"Transform"}],"nm":"Group 2","np":2,"cix":2,"bm":0,"ix":2,"mn":"ADBE Vector Group","hd":false},{"ty":"gr","it":[{"ind":0,"ty":"sh","ix":1,"ks":{"a":0,"k":{"i":[[-35.2,0],[0,-49.6],[35.2,0],[0,49.6]],"o":[[35.2,0],[0,49.6],[-35.2,0],[0,-49.6]],"v":[[0,-79.2],[67.2,0],[0,79.2],[-67.2,0]],"c":true},"ix":2},"nm":"Path 1","mn":"ADBE Vector Shape - Group","hd":false},{"ty":"fl","c":{"a":0,"k":[0.258999992819,0.169000004787,0.051000000449,1],"ix":4},"o":{"a":0,"k":100,"ix":5},"r":1,"bm":0,"nm":"Fill 1","mn":"ADBE Vector Graphic - Fill","hd":false},{"ty":"tr","p":{"a":0,"k":[425.05,79.45],"ix":2},"a":{"a":0,"k":[0,0],"ix":1},"s":{"a":0,"k":[100,100],"ix":3},"r":{"a":0,"k":0,"ix":6},"o":{"a":0,"k":100,"ix":7},"sk":{"a":0,"k":0,"ix":4},"sa":{"a":0,"k":0,"ix":5},"nm":"Transform"}],"nm":"Group 4","np":2,"cix":2,"bm":0,"ix":4,"mn":"ADBE Vector Group","hd":false}],"ip":0,"op":204,"st":0,"bm":0},{"ddd":0,"ind":31,"ty":4,"nm":"eyes normal","parent":2,"sr":1,"ks":{"o":{"a":0,"k":100,"ix":11},"r":{"a":0,"k":0,"ix":10},"p":{"a":0,"k":[-229.483,-67.1,0],"ix":2,"l":2},"a":{"a":0,"k":[65.667,82.25,0],"ix":1,"l":2},"s":{"a":0,"k":[100,100,100],"ix":6,"l":2}},"ao":0,"shapes":[{"ty":"gr","it":[{"ind":0,"ty":"sh","ix":1,"ks":{"a":0,"k":{"i":[[8.32,5.68],[0,0],[8,-11.52],[-8.24,-5.76],[-8,11.52]],"o":[[0,0],[-8.24,-5.76],[-8,11.52],[8.24,5.76],[8.08,-11.6]],"v":[[15.09,-16.06],[15.09,-16.06],[-13.55,-8.46],[-10.67,21.06],[17.97,13.46]],"c":true},"ix":2},"nm":"Path 1","mn":"ADBE Vector Shape - Group","hd":false},{"ty":"fl","c":{"a":0,"k":[0.536999990426,0.375999989229,0.141000007181,1],"ix":4},"o":{"a":0,"k":100,"ix":5},"r":1,"bm":0,"nm":"Fill 1","mn":"ADBE Vector Graphic - Fill","hd":false},{"ty":"tr","p":{"a":0,"k":[49.89,63.21],"ix":2},"a":{"a":0,"k":[0,0],"ix":1},"s":{"a":0,"k":[100,100],"ix":3},"r":{"a":0,"k":0,"ix":6},"o":{"a":0,"k":100,"ix":7},"sk":{"a":0,"k":0,"ix":4},"sa":{"a":0,"k":0,"ix":5},"nm":"Transform"}],"nm":"Group 1","np":2,"cix":2,"bm":0,"ix":1,"mn":"ADBE Vector Group","hd":false},{"ty":"gr","it":[{"ind":0,"ty":"sh","ix":1,"ks":{"a":0,"k":{"i":[[33.6,0],[0,-47.2],[-33.6,0],[0,47.2]],"o":[[-33.6,0],[0,47.2],[33.6,0],[0,-47.2]],"v":[[0,-75.2],[-64,0],[0,75.2],[64,0]],"c":true},"ix":2},"nm":"Path 1","mn":"ADBE Vector Shape - Group","hd":false},{"ty":"fl","c":{"a":0,"k":[0.258999992819,0.169000004787,0.051000000449,1],"ix":4},"o":{"a":0,"k":100,"ix":5},"r":1,"bm":0,"nm":"Fill 1","mn":"ADBE Vector Graphic - Fill","hd":false},{"ty":"tr","p":{"a":0,"k":[64.25,89.05],"ix":2},"a":{"a":0,"k":[0,0],"ix":1},"s":{"a":0,"k":[100,100],"ix":3},"r":{"a":0,"k":0,"ix":6},"o":{"a":0,"k":100,"ix":7},"sk":{"a":0,"k":0,"ix":4},"sa":{"a":0,"k":0,"ix":5},"nm":"Transform"}],"nm":"Group 3","np":2,"cix":2,"bm":0,"ix":3,"mn":"ADBE Vector Group","hd":false}],"ip":0,"op":204,"st":0,"bm":0},{"ddd":0,"ind":32,"ty":4,"nm":"base matte","parent":34,"td":1,"sr":1,"ks":{"o":{"a":0,"k":100,"ix":11},"r":{"a":0,"k":0,"ix":10},"p":{"a":0,"k":[-2,-3,0],"ix":2,"l":2},"a":{"a":0,"k":[0,0,0],"ix":1,"l":2},"s":{"a":0,"k":[100,100,100],"ix":6,"l":2}},"ao":0,"shapes":[{"ty":"gr","it":[{"ind":0,"ty":"sh","ix":1,"ks":{"a":0,"k":{"i":[[15.4,0],[0,38.4],[-27.9,0],[-10.6,-9.3],[0,-16.9],[11.5,-10.2]],"o":[[-27.9,0],[0,-38.4],[15.5,0],[11.5,10.2],[0,16.9],[-10.6,9.3]],"v":[[0,55.9],[-58,0],[0,-55.9],[40.4,-41.5],[58,0],[40.4,41.4]],"c":true},"ix":2},"nm":"Path 1","mn":"ADBE Vector Shape - Group","hd":false},{"ty":"gf","o":{"a":0,"k":100,"ix":10},"r":1,"bm":0,"g":{"p":5,"k":{"a":0,"k":[0.48,0.992,0.878,0.188,0.691,0.98,0.816,0.178,0.902,0.969,0.753,0.169,0.966,0.963,0.694,0.153,1,0.957,0.635,0.137],"ix":9}},"s":{"a":0,"k":[0,0],"ix":5},"e":{"a":0,"k":[56.225,0],"ix":6},"t":2,"h":{"a":0,"k":0,"ix":7},"a":{"a":0,"k":0,"ix":8},"nm":"Gradient Fill 1","mn":"ADBE Vector Graphic - G-Fill","hd":false},{"ty":"tr","p":{"a":0,"k":[0,0],"ix":2},"a":{"a":0,"k":[0,0],"ix":1},"s":{"a":0,"k":[100,100],"ix":3},"r":{"a":0,"k":0,"ix":6},"o":{"a":0,"k":100,"ix":7},"sk":{"a":0,"k":0,"ix":4},"sa":{"a":0,"k":0,"ix":5},"nm":"Transform"}],"nm":"Group 1","np":2,"cix":2,"bm":0,"ix":1,"mn":"ADBE Vector Group","hd":false}],"ip":0,"op":204,"st":0,"bm":0},{"ddd":0,"ind":33,"ty":4,"nm":"base shadow","parent":34,"tt":2,"sr":1,"ks":{"o":{"a":0,"k":100,"ix":11},"r":{"a":0,"k":0,"ix":10},"p":{"a":0,"k":[0,0,0],"ix":2,"l":2},"a":{"a":0,"k":[0,0,0],"ix":1,"l":2},"s":{"a":0,"k":[100,100,100],"ix":6,"l":2}},"ao":0,"shapes":[{"ty":"gr","it":[{"ind":0,"ty":"sh","ix":1,"ks":{"a":0,"k":{"i":[[15.4,0],[0,38.4],[-27.9,0],[-10.6,-9.3],[0,-16.9],[11.5,-10.2]],"o":[[-27.9,0],[0,-38.4],[15.5,0],[11.5,10.2],[0,16.9],[-10.6,9.3]],"v":[[0,55.9],[-58,0],[0,-55.9],[40.4,-41.5],[58,0],[40.4,41.4]],"c":true},"ix":2},"nm":"Path 1","mn":"ADBE Vector Shape - Group","hd":false},{"ty":"fl","c":{"a":0,"k":[0.921568627451,0.560784313725,0,1],"ix":4},"o":{"a":0,"k":100,"ix":5},"r":1,"bm":0,"nm":"Fill 1","mn":"ADBE Vector Graphic - Fill","hd":false},{"ty":"tr","p":{"a":0,"k":[0,0],"ix":2},"a":{"a":0,"k":[0,0],"ix":1},"s":{"a":0,"k":[100,100],"ix":3},"r":{"a":0,"k":0,"ix":6},"o":{"a":0,"k":100,"ix":7},"sk":{"a":0,"k":0,"ix":4},"sa":{"a":0,"k":0,"ix":5},"nm":"Transform"}],"nm":"Group 1","np":2,"cix":2,"bm":0,"ix":1,"mn":"ADBE Vector Group","hd":false}],"ip":0,"op":204,"st":0,"bm":0},{"ddd":0,"ind":34,"ty":4,"nm":"base normal","parent":1,"sr":1,"ks":{"o":{"a":0,"k":100,"ix":11},"r":{"a":0,"k":0,"ix":10},"p":{"a":0,"k":[0,0,0],"ix":2,"l":2},"a":{"a":0,"k":[0,0,0],"ix":1,"l":2},"s":{"a":0,"k":[800,800,100],"ix":6,"l":2}},"ao":0,"shapes":[{"ty":"gr","it":[{"ind":0,"ty":"sh","ix":1,"ks":{"a":0,"k":{"i":[[15.4,0],[0,38.4],[-27.9,0],[-10.6,-9.3],[0,-16.9],[11.5,-10.2]],"o":[[-27.9,0],[0,-38.4],[15.5,0],[11.5,10.2],[0,16.9],[-10.6,9.3]],"v":[[0,55.9],[-58,0],[0,-55.9],[40.4,-41.5],[58,0],[40.4,41.4]],"c":true},"ix":2},"nm":"Path 1","mn":"ADBE Vector Shape - Group","hd":false},{"ty":"gf","o":{"a":0,"k":100,"ix":10},"r":1,"bm":0,"g":{"p":5,"k":{"a":0,"k":[0.48,0.992,0.878,0.188,0.691,0.98,0.816,0.178,0.902,0.969,0.753,0.169,0.966,0.963,0.694,0.153,1,0.957,0.635,0.137],"ix":9}},"s":{"a":0,"k":[0,0],"ix":5},"e":{"a":0,"k":[56.225,0],"ix":6},"t":2,"h":{"a":0,"k":0,"ix":7},"a":{"a":0,"k":0,"ix":8},"nm":"Gradient Fill 1","mn":"ADBE Vector Graphic - G-Fill","hd":false},{"ty":"tr","p":{"a":0,"k":[0,0],"ix":2},"a":{"a":0,"k":[0,0],"ix":1},"s":{"a":0,"k":[100,100],"ix":3},"r":{"a":0,"k":0,"ix":6},"o":{"a":0,"k":100,"ix":7},"sk":{"a":0,"k":0,"ix":4},"sa":{"a":0,"k":0,"ix":5},"nm":"Transform"}],"nm":"Group 1","np":2,"cix":2,"bm":0,"ix":1,"mn":"ADBE Vector Group","hd":false}],"ip":0,"op":204,"st":0,"bm":0}],"markers":[{"tm":118,"cm":"rest","dr":0}]}