{"v":"5.8.1","fr":60,"ip":0,"op":118,"w":1024,"h":1024,"nm":"emoji_laught_cry","ddd":0,"assets":[{"id":"comp_0","nm":"laught_cry","fr":60,"layers":[{"ddd":0,"ind":1,"ty":3,"nm":"1i","parent":13,"sr":1,"ks":{"o":{"a":0,"k":0,"ix":11},"r":{"a":0,"k":0,"ix":10},"p":{"a":1,"k":[{"i":{"x":0.2,"y":1},"o":{"x":0.4,"y":0},"t":0,"s":[0.312,27.313,0],"to":[0,0,0],"ti":[0,0,0]},{"i":{"x":0.2,"y":1},"o":{"x":0.001,"y":0},"t":35,"s":[0.312,16.313,0],"to":[0,0,0],"ti":[0,0,0]},{"i":{"x":0.2,"y":1},"o":{"x":0.001,"y":0},"t":90,"s":[0.312,33.313,0],"to":[0,0,0],"ti":[0,0,0]},{"i":{"x":0.2,"y":1},"o":{"x":0.001,"y":0},"t":117,"s":[0.312,16.313,0],"to":[0,0,0],"ti":[0,0,0]},{"t":144,"s":[0.312,27.313,0]}],"ix":2,"l":2},"a":{"a":0,"k":[0,0,0],"ix":1,"l":2},"s":{"a":0,"k":[17,17,100],"ix":6,"l":2}},"ao":0,"ip":0,"op":151,"st":0,"bm":0},{"ddd":0,"ind":2,"ty":4,"nm":"tear 2","parent":1,"sr":1,"ks":{"o":{"a":0,"k":100,"ix":11},"r":{"a":1,"k":[{"i":{"x":[0.5],"y":[1.033]},"o":{"x":[0.485],"y":[-0.113]},"t":0,"s":[0]},{"i":{"x":[0.701],"y":[1.427]},"o":{"x":[0.333],"y":[0]},"t":15,"s":[0]},{"i":{"x":[0.766],"y":[1]},"o":{"x":[0.421],"y":[0.409]},"t":37,"s":[-60]},{"i":{"x":[0.833],"y":[1]},"o":{"x":[0.167],"y":[0]},"t":53,"s":[4]},{"i":{"x":[0.833],"y":[1]},"o":{"x":[0.167],"y":[0]},"t":60,"s":[-1]},{"t":66,"s":[0]}],"ix":10},"p":{"a":0,"k":[216.369,-194.563,0],"ix":2,"l":2},"a":{"a":0,"k":[-9.155,-14.388,0],"ix":1,"l":2},"s":{"a":1,"k":[{"i":{"x":[0.5,0.5,0.667],"y":[1,1,1]},"o":{"x":[0.485,0.485,0.333],"y":[0.001,0.001,0]},"t":0,"s":[588.235,588.235,100]},{"i":{"x":[0.833,0.833,0.833],"y":[1,1,1]},"o":{"x":[0.333,0.333,0.333],"y":[0,0,0]},"t":15,"s":[0,0,100]},{"i":{"x":[0.833,0.833,0.833],"y":[1,1,1]},"o":{"x":[0.167,0.167,0.167],"y":[0,0,0]},"t":40,"s":[0,0,100]},{"i":{"x":[0.833,0.833,0.833],"y":[1,1,1]},"o":{"x":[0.167,0.167,0.167],"y":[0,0,0]},"t":53,"s":[622,622,100]},{"i":{"x":[0.833,0.833,0.833],"y":[1,1,1]},"o":{"x":[0.167,0.167,0.167],"y":[0,0,0]},"t":60,"s":[588.235,588.235,100]},{"t":66,"s":[588.235,588.235,100]}],"ix":6,"l":2}},"ao":0,"shapes":[{"ty":"gr","it":[{"ind":0,"ty":"sh","ix":1,"ks":{"a":0,"k":{"i":[[1.639,-0.969],[-0.476,-3.03],[0,0],[-1.15,-0.61],[-0.67,1.22],[1.67,2.33]],"o":[[-1.639,0.969],[0.183,1.163],[0.18,1.29],[1.29,0.51],[1.39,-2.34],[-0.755,-1.054]],"v":[[29.411,7.977],[29.6,15.378],[30.15,19.378],[31.79,22.748],[35.22,21.508],[34.15,10.058]],"c":true},"ix":2},"nm":"Path 1","mn":"ADBE Vector Shape - Group","hd":false},{"ty":"fl","c":{"a":0,"k":[0.505882352941,0.831372608858,0.980392216701,1],"ix":4},"o":{"a":0,"k":100,"ix":5},"r":1,"bm":0,"nm":"Fill 1","mn":"ADBE Vector Graphic - Fill","hd":false},{"ty":"tr","p":{"a":0,"k":[-0.364,0.35],"ix":2},"a":{"a":0,"k":[21.541,12.198],"ix":1},"s":{"a":0,"k":[100,100],"ix":3},"r":{"a":0,"k":0,"ix":6},"o":{"a":0,"k":100,"ix":7},"sk":{"a":0,"k":0,"ix":4},"sa":{"a":0,"k":0,"ix":5},"nm":"Transform"}],"nm":"Shape 2","np":3,"cix":2,"bm":0,"ix":1,"mn":"ADBE Vector Group","hd":false},{"ty":"gr","it":[{"ind":0,"ty":"sh","ix":1,"ks":{"a":0,"k":{"i":[[0,0],[-6.771,-12.54],[5.88,-3.19],[0.844,5.921]],"o":[[0,0],[2.84,5.26],[-7.11,3.91],[-2.29,-16.06]],"v":[[12.635,-2.577],[36.425,10.423],[33.545,27.613],[18.915,20.053]],"c":true},"ix":2},"nm":"Path 1","mn":"ADBE Vector Shape - Group","hd":false},{"ty":"fl","c":{"a":0,"k":[0.160784313725,0.713725490196,0.964705942191,1],"ix":4},"o":{"a":0,"k":100,"ix":5},"r":1,"bm":0,"nm":"Fill 1","mn":"ADBE Vector Graphic - Fill","hd":false},{"ty":"tr","p":{"a":0,"k":[-0.364,0.35],"ix":2},"a":{"a":0,"k":[21.541,12.198],"ix":1},"s":{"a":0,"k":[100,100],"ix":3},"r":{"a":0,"k":0,"ix":6},"o":{"a":0,"k":100,"ix":7},"sk":{"a":0,"k":0,"ix":4},"sa":{"a":0,"k":0,"ix":5},"nm":"Transform"}],"nm":"Shape 1","np":3,"cix":2,"bm":0,"ix":2,"mn":"ADBE Vector Group","hd":false}],"ip":0,"op":151,"st":0,"bm":0},{"ddd":0,"ind":3,"ty":4,"nm":"tear","parent":1,"sr":1,"ks":{"o":{"a":0,"k":100,"ix":11},"r":{"a":1,"k":[{"i":{"x":[0.5],"y":[1.033]},"o":{"x":[0.485],"y":[-0.113]},"t":0,"s":[0]},{"i":{"x":[0.445],"y":[-0.846]},"o":{"x":[0.333],"y":[0]},"t":15,"s":[0]},{"i":{"x":[0.339],"y":[1]},"o":{"x":[0.421],"y":[-0.991]},"t":37,"s":[25.73]},{"i":{"x":[0.833],"y":[1]},"o":{"x":[0.167],"y":[0]},"t":55,"s":[-4]},{"i":{"x":[0.833],"y":[1]},"o":{"x":[0.167],"y":[0]},"t":62,"s":[1]},{"i":{"x":[0.833],"y":[1]},"o":{"x":[0.167],"y":[0]},"t":68,"s":[0]},{"t":90,"s":[0]}],"ix":10},"p":{"a":0,"k":[-214.146,-197.136,0],"ix":2,"l":2},"a":{"a":0,"k":[13.595,-17.388,0],"ix":1,"l":2},"s":{"a":1,"k":[{"i":{"x":[0.5,0.5,0.667],"y":[1,1,1]},"o":{"x":[0.485,0.485,0.333],"y":[0.001,0.001,0]},"t":0,"s":[588.235,588.235,100]},{"i":{"x":[0.577,0.577,0.833],"y":[1,1,1]},"o":{"x":[0.333,0.333,0.333],"y":[0,0,0]},"t":15,"s":[0,0,100]},{"i":{"x":[0.407,0.407,0.833],"y":[1,1,1]},"o":{"x":[0.167,0.167,0.167],"y":[0,0,0]},"t":40,"s":[0,0,100]},{"i":{"x":[0.667,0.667,0.667],"y":[1,1,1]},"o":{"x":[0.167,0.167,0.167],"y":[0,0,0]},"t":55,"s":[622.235,622.235,100]},{"t":62,"s":[588.235,588.235,100]}],"ix":6,"l":2}},"ao":0,"shapes":[{"ty":"gr","it":[{"ind":0,"ty":"sh","ix":1,"ks":{"a":0,"k":{"i":[[-1.39,-2.34],[-1.29,0.51],[-0.18,1.29],[0,0],[1.7,0.84],[0.76,-1.05]],"o":[[0.67,1.22],[1.15,-0.61],[0,0],[0.23,-1.59],[-1.35,-0.66],[-1.67,2.38]],"v":[[18.865,18.158],[22.295,19.398],[23.935,16.028],[24.485,12.028],[24.635,4.448],[19.935,6.658]],"c":true},"ix":2},"nm":"Path 1","mn":"ADBE Vector Shape - Group","hd":false},{"ty":"fl","c":{"a":0,"k":[0.505882352941,0.83137254902,0.980392156863,1],"ix":4},"o":{"a":0,"k":100,"ix":5},"r":1,"bm":0,"nm":"Fill 1","mn":"ADBE Vector Graphic - Fill","hd":false},{"ty":"tr","p":{"a":0,"k":[-6.551,1.269],"ix":2},"a":{"a":0,"k":[21.642,12.197],"ix":1},"s":{"a":0,"k":[100,100],"ix":3},"r":{"a":0,"k":0,"ix":6},"o":{"a":0,"k":100,"ix":7},"sk":{"a":0,"k":0,"ix":4},"sa":{"a":0,"k":0,"ix":5},"nm":"Transform"}],"nm":"Shape 2","np":3,"cix":2,"bm":0,"ix":1,"mn":"ADBE Vector Group","hd":false},{"ty":"gr","it":[{"ind":0,"ty":"sh","ix":1,"ks":{"a":0,"k":{"i":[[0,0],[6.79,-12.53],[-5.83,-3.23],[-0.85,5.92]],"o":[[0,0],[-2.84,5.21],[7.11,3.91],[2.29,-16.01]],"v":[[35.275,-5.177],[11.485,7.823],[14.365,24.963],[28.995,17.403]],"c":true},"ix":2},"nm":"Path 1","mn":"ADBE Vector Shape - Group","hd":false},{"ty":"fl","c":{"a":0,"k":[0.160784313725,0.713725490196,0.964705882353,1],"ix":4},"o":{"a":0,"k":100,"ix":5},"r":1,"bm":0,"nm":"Fill 1","mn":"ADBE Vector Graphic - Fill","hd":false},{"ty":"tr","p":{"a":0,"k":[-21.905,-11.848],"ix":2},"a":{"a":0,"k":[0,0],"ix":1},"s":{"a":0,"k":[100,100],"ix":3},"r":{"a":0,"k":0,"ix":6},"o":{"a":0,"k":100,"ix":7},"sk":{"a":0,"k":0,"ix":4},"sa":{"a":0,"k":0,"ix":5},"nm":"Transform"}],"nm":"Shape 1","np":3,"cix":2,"bm":0,"ix":2,"mn":"ADBE Vector Group","hd":false}],"ip":0,"op":151,"st":0,"bm":0},{"ddd":0,"ind":4,"ty":4,"nm":"mouth","parent":1,"sr":1,"ks":{"o":{"a":0,"k":100,"ix":11},"r":{"a":0,"k":0,"ix":10},"p":{"a":0,"k":[0,-154.412,0],"ix":2,"l":2},"a":{"a":0,"k":[512,512,0],"ix":1,"l":2},"s":{"a":1,"k":[{"i":{"x":[0.667,0.667,0.667],"y":[1,1,1]},"o":{"x":[0.333,0.333,0.333],"y":[0,0,0]},"t":0,"s":[73.529,73.529,100]},{"i":{"x":[0.667,0.667,0.667],"y":[1,1,1]},"o":{"x":[0.333,0.333,0.333],"y":[0,0,0]},"t":11,"s":[69.529,69.529,100]},{"i":{"x":[0.667,0.667,0.667],"y":[1,1,1]},"o":{"x":[0.333,0.333,0.333],"y":[0,0,0]},"t":21,"s":[73.529,73.529,100]},{"i":{"x":[0.667,0.667,0.667],"y":[1,1,1]},"o":{"x":[0.333,0.333,0.333],"y":[0,0,0]},"t":31,"s":[69.529,69.529,100]},{"i":{"x":[0.667,0.667,0.667],"y":[1,1,1]},"o":{"x":[0.333,0.333,0.333],"y":[0,0,0]},"t":41,"s":[73.529,73.529,100]},{"i":{"x":[0.667,0.667,0.667],"y":[1,1,1]},"o":{"x":[0.333,0.333,0.333],"y":[0,0,0]},"t":52,"s":[69.529,69.529,100]},{"i":{"x":[0.667,0.667,0.667],"y":[1,1,1]},"o":{"x":[0.333,0.333,0.333],"y":[0,0,0]},"t":63,"s":[73.529,73.529,100]},{"i":{"x":[0.667,0.667,0.667],"y":[1,1,1]},"o":{"x":[0.333,0.333,0.333],"y":[0,0,0]},"t":74,"s":[69.529,69.529,100]},{"i":{"x":[0.667,0.667,0.667],"y":[1,1,1]},"o":{"x":[0.333,0.333,0.333],"y":[0,0,0]},"t":85,"s":[73.529,73.529,100]},{"i":{"x":[0.667,0.667,0.667],"y":[1,1,1]},"o":{"x":[0.333,0.333,0.333],"y":[0,0,0]},"t":96,"s":[69.529,69.529,100]},{"i":{"x":[0.667,0.667,0.667],"y":[1,1,1]},"o":{"x":[0.333,0.333,0.333],"y":[0,0,0]},"t":107,"s":[73.529,73.529,100]},{"i":{"x":[0.626,0.62,0.833],"y":[1,1,1]},"o":{"x":[0.333,0.333,0.333],"y":[0,0,0]},"t":117,"s":[69.529,69.529,100]},{"t":128,"s":[73.529,73.529,100]}],"ix":6,"l":2}},"ao":0,"shapes":[{"ty":"gr","it":[{"ind":0,"ty":"sh","ix":1,"ks":{"a":1,"k":[{"i":{"x":0.667,"y":1},"o":{"x":0.333,"y":0},"t":0,"s":[{"i":[[10.88,20.16],[21.76,-8.16],[85.44,0.4],[82.08,23.92],[11.2,-20.16],[-9.2,-20.08],[-5.04,-8.56],[-14.56,18.079],[-9.12,0.481],[-3.6,-1.12],[-87.12,0.16],[0,0],[-83.52,24.56],[-3.761,0],[-4.96,-7.68],[0,0],[-4.16,9.121]],"o":[[-11.36,-20.24],[-82.08,23.92],[-85.52,0.4],[-21.52,-8.16],[-10.88,20.08],[4.08,9.04],[0,0],[4.96,-7.68],[3.76,0],[83.52,24.56],[0,0],[87.12,0.16],[3.6,-1.12],[9.119,0.481],[14.8,18.079],[4.96,-8.56],[9.12,-20.079]],"v":[[309.96,-30.36],[252.44,-51.4],[-0.2,-15.96],[-252.92,-51.4],[-309.96,-30.6],[-303.8,32.84],[-290.12,59.32],[-292.36,-21],[-269.96,-33.961],[-258.92,-32.2],[-1.64,4.6],[1.16,4.6],[258.44,-32.2],[269.481,-33.961],[291.96,-21],[289.72,59.56],[303.8,33.079]],"c":true}]},{"i":{"x":0.667,"y":1},"o":{"x":0.333,"y":0},"t":11,"s":[{"i":[[10.88,20.16],[21.76,-8.16],[85.44,0.4],[82.08,23.92],[11.2,-20.16],[-9.2,-20.08],[-5.04,-8.56],[-14.56,18.079],[-9.12,0.481],[-3.6,-1.12],[-87.12,0.16],[0,0],[-83.52,24.56],[-3.761,0],[-4.96,-7.68],[0,0],[-4.16,9.121]],"o":[[-11.36,-20.24],[-82.08,23.92],[-85.52,0.4],[-21.52,-8.16],[-10.88,20.08],[4.08,9.04],[0,0],[4.96,-7.68],[3.76,0],[83.52,24.56],[0,0],[87.12,0.16],[3.6,-1.12],[9.119,0.481],[14.8,18.079],[4.96,-8.56],[9.12,-20.079]],"v":[[309.96,-19.785],[252.44,-40.825],[-0.2,-10.672],[-252.92,-40.825],[-309.96,-20.025],[-303.8,43.415],[-290.12,69.895],[-292.36,-10.425],[-269.96,-23.386],[-258.92,-21.625],[-1.64,9.888],[1.16,9.888],[258.44,-21.625],[269.481,-23.386],[291.96,-10.425],[289.72,70.135],[303.8,43.654]],"c":true}]},{"i":{"x":0.667,"y":1},"o":{"x":0.333,"y":0},"t":21,"s":[{"i":[[10.88,20.16],[21.76,-8.16],[85.44,0.4],[82.08,23.92],[11.2,-20.16],[-9.2,-20.08],[-5.04,-8.56],[-14.56,18.079],[-9.12,0.481],[-3.6,-1.12],[-87.12,0.16],[0,0],[-83.52,24.56],[-3.761,0],[-4.96,-7.68],[0,0],[-4.16,9.121]],"o":[[-11.36,-20.24],[-82.08,23.92],[-85.52,0.4],[-21.52,-8.16],[-10.88,20.08],[4.08,9.04],[0,0],[4.96,-7.68],[3.76,0],[83.52,24.56],[0,0],[87.12,0.16],[3.6,-1.12],[9.119,0.481],[14.8,18.079],[4.96,-8.56],[9.12,-20.079]],"v":[[309.96,-30.36],[252.44,-51.4],[-0.2,-15.96],[-252.92,-51.4],[-309.96,-30.6],[-303.8,32.84],[-290.12,59.32],[-292.36,-21],[-269.96,-33.961],[-258.92,-32.2],[-1.64,4.6],[1.16,4.6],[258.44,-32.2],[269.481,-33.961],[291.96,-21],[289.72,59.56],[303.8,33.079]],"c":true}]},{"i":{"x":0.667,"y":1},"o":{"x":0.333,"y":0},"t":31,"s":[{"i":[[10.88,20.16],[21.76,-8.16],[85.44,0.4],[82.08,23.92],[11.2,-20.16],[-9.2,-20.08],[-5.04,-8.56],[-14.56,18.079],[-9.12,0.481],[-3.6,-1.12],[-87.12,0.16],[0,0],[-83.52,24.56],[-3.761,0],[-4.96,-7.68],[0,0],[-4.16,9.121]],"o":[[-11.36,-20.24],[-82.08,23.92],[-85.52,0.4],[-21.52,-8.16],[-10.88,20.08],[4.08,9.04],[0,0],[4.96,-7.68],[3.76,0],[83.52,24.56],[0,0],[87.12,0.16],[3.6,-1.12],[9.119,0.481],[14.8,18.079],[4.96,-8.56],[9.12,-20.079]],"v":[[309.96,-19.785],[252.44,-40.825],[-0.2,-10.672],[-252.92,-40.825],[-309.96,-20.025],[-303.8,43.415],[-290.12,69.895],[-292.36,-10.425],[-269.96,-23.386],[-258.92,-21.625],[-1.64,9.888],[1.16,9.888],[258.44,-21.625],[269.481,-23.386],[291.96,-10.425],[289.72,70.135],[303.8,43.654]],"c":true}]},{"i":{"x":0.667,"y":1},"o":{"x":0.333,"y":0},"t":41,"s":[{"i":[[10.88,20.16],[21.76,-8.16],[85.44,0.4],[82.08,23.92],[11.2,-20.16],[-9.2,-20.08],[-5.04,-8.56],[-14.56,18.079],[-9.12,0.481],[-3.6,-1.12],[-87.12,0.16],[0,0],[-83.52,24.56],[-3.761,0],[-4.96,-7.68],[0,0],[-4.16,9.121]],"o":[[-11.36,-20.24],[-82.08,23.92],[-85.52,0.4],[-21.52,-8.16],[-10.88,20.08],[4.08,9.04],[0,0],[4.96,-7.68],[3.76,0],[83.52,24.56],[0,0],[87.12,0.16],[3.6,-1.12],[9.119,0.481],[14.8,18.079],[4.96,-8.56],[9.12,-20.079]],"v":[[309.96,-30.36],[252.44,-51.4],[-0.2,-15.96],[-252.92,-51.4],[-309.96,-30.6],[-303.8,32.84],[-290.12,59.32],[-292.36,-21],[-269.96,-33.961],[-258.92,-32.2],[-1.64,4.6],[1.16,4.6],[258.44,-32.2],[269.481,-33.961],[291.96,-21],[289.72,59.56],[303.8,33.079]],"c":true}]},{"i":{"x":0.667,"y":1},"o":{"x":0.333,"y":0},"t":52,"s":[{"i":[[10.88,20.16],[21.76,-8.16],[85.44,0.4],[82.08,23.92],[11.2,-20.16],[-9.2,-20.08],[-5.04,-8.56],[-14.56,18.079],[-9.12,0.481],[-3.6,-1.12],[-87.12,0.16],[0,0],[-83.52,24.56],[-3.761,0],[-4.96,-7.68],[0,0],[-4.16,9.121]],"o":[[-11.36,-20.24],[-82.08,23.92],[-85.52,0.4],[-21.52,-8.16],[-10.88,20.08],[4.08,9.04],[0,0],[4.96,-7.68],[3.76,0],[83.52,24.56],[0,0],[87.12,0.16],[3.6,-1.12],[9.119,0.481],[14.8,18.079],[4.96,-8.56],[9.12,-20.079]],"v":[[309.96,-19.785],[252.44,-40.825],[-0.2,-10.672],[-252.92,-40.825],[-309.96,-20.025],[-303.8,43.415],[-290.12,69.895],[-292.36,-10.425],[-269.96,-23.386],[-258.92,-21.625],[-1.64,9.888],[1.16,9.888],[258.44,-21.625],[269.481,-23.386],[291.96,-10.425],[289.72,70.135],[303.8,43.654]],"c":true}]},{"i":{"x":0.667,"y":1},"o":{"x":0.333,"y":0},"t":63,"s":[{"i":[[10.88,20.16],[21.76,-8.16],[85.44,0.4],[82.08,23.92],[11.2,-20.16],[-9.2,-20.08],[-5.04,-8.56],[-14.56,18.079],[-9.12,0.481],[-3.6,-1.12],[-87.12,0.16],[0,0],[-83.52,24.56],[-3.761,0],[-4.96,-7.68],[0,0],[-4.16,9.121]],"o":[[-11.36,-20.24],[-82.08,23.92],[-85.52,0.4],[-21.52,-8.16],[-10.88,20.08],[4.08,9.04],[0,0],[4.96,-7.68],[3.76,0],[83.52,24.56],[0,0],[87.12,0.16],[3.6,-1.12],[9.119,0.481],[14.8,18.079],[4.96,-8.56],[9.12,-20.079]],"v":[[309.96,-30.36],[252.44,-51.4],[-0.2,-15.96],[-252.92,-51.4],[-309.96,-30.6],[-303.8,32.84],[-290.12,59.32],[-292.36,-21],[-269.96,-33.961],[-258.92,-32.2],[-1.64,4.6],[1.16,4.6],[258.44,-32.2],[269.481,-33.961],[291.96,-21],[289.72,59.56],[303.8,33.079]],"c":true}]},{"i":{"x":0.667,"y":1},"o":{"x":0.333,"y":0},"t":74,"s":[{"i":[[10.88,20.16],[21.76,-8.16],[85.44,0.4],[82.08,23.92],[11.2,-20.16],[-9.2,-20.08],[-5.04,-8.56],[-14.56,18.079],[-9.12,0.481],[-3.6,-1.12],[-87.12,0.16],[0,0],[-83.52,24.56],[-3.761,0],[-4.96,-7.68],[0,0],[-4.16,9.121]],"o":[[-11.36,-20.24],[-82.08,23.92],[-85.52,0.4],[-21.52,-8.16],[-10.88,20.08],[4.08,9.04],[0,0],[4.96,-7.68],[3.76,0],[83.52,24.56],[0,0],[87.12,0.16],[3.6,-1.12],[9.119,0.481],[14.8,18.079],[4.96,-8.56],[9.12,-20.079]],"v":[[309.96,-19.785],[252.44,-40.825],[-0.2,-10.672],[-252.92,-40.825],[-309.96,-20.025],[-303.8,43.415],[-290.12,69.895],[-292.36,-10.425],[-269.96,-23.386],[-258.92,-21.625],[-1.64,9.888],[1.16,9.888],[258.44,-21.625],[269.481,-23.386],[291.96,-10.425],[289.72,70.135],[303.8,43.654]],"c":true}]},{"i":{"x":0.667,"y":1},"o":{"x":0.333,"y":0},"t":85,"s":[{"i":[[10.88,20.16],[21.76,-8.16],[85.44,0.4],[82.08,23.92],[11.2,-20.16],[-9.2,-20.08],[-5.04,-8.56],[-14.56,18.079],[-9.12,0.481],[-3.6,-1.12],[-87.12,0.16],[0,0],[-83.52,24.56],[-3.761,0],[-4.96,-7.68],[0,0],[-4.16,9.121]],"o":[[-11.36,-20.24],[-82.08,23.92],[-85.52,0.4],[-21.52,-8.16],[-10.88,20.08],[4.08,9.04],[0,0],[4.96,-7.68],[3.76,0],[83.52,24.56],[0,0],[87.12,0.16],[3.6,-1.12],[9.119,0.481],[14.8,18.079],[4.96,-8.56],[9.12,-20.079]],"v":[[309.96,-30.36],[252.44,-51.4],[-0.2,-15.96],[-252.92,-51.4],[-309.96,-30.6],[-303.8,32.84],[-290.12,59.32],[-292.36,-21],[-269.96,-33.961],[-258.92,-32.2],[-1.64,4.6],[1.16,4.6],[258.44,-32.2],[269.481,-33.961],[291.96,-21],[289.72,59.56],[303.8,33.079]],"c":true}]},{"i":{"x":0.667,"y":1},"o":{"x":0.333,"y":0},"t":96,"s":[{"i":[[10.88,20.16],[21.76,-8.16],[85.44,0.4],[82.08,23.92],[11.2,-20.16],[-9.2,-20.08],[-5.04,-8.56],[-14.56,18.079],[-9.12,0.481],[-3.6,-1.12],[-87.12,0.16],[0,0],[-83.52,24.56],[-3.761,0],[-4.96,-7.68],[0,0],[-4.16,9.121]],"o":[[-11.36,-20.24],[-82.08,23.92],[-85.52,0.4],[-21.52,-8.16],[-10.88,20.08],[4.08,9.04],[0,0],[4.96,-7.68],[3.76,0],[83.52,24.56],[0,0],[87.12,0.16],[3.6,-1.12],[9.119,0.481],[14.8,18.079],[4.96,-8.56],[9.12,-20.079]],"v":[[309.96,-19.785],[252.44,-40.825],[-0.2,-10.672],[-252.92,-40.825],[-309.96,-20.025],[-303.8,43.415],[-290.12,69.895],[-292.36,-10.425],[-269.96,-23.386],[-258.92,-21.625],[-1.64,9.888],[1.16,9.888],[258.44,-21.625],[269.481,-23.386],[291.96,-10.425],[289.72,70.135],[303.8,43.654]],"c":true}]},{"i":{"x":0.667,"y":1},"o":{"x":0.333,"y":0},"t":107,"s":[{"i":[[10.88,20.16],[21.76,-8.16],[85.44,0.4],[82.08,23.92],[11.2,-20.16],[-9.2,-20.08],[-5.04,-8.56],[-14.56,18.079],[-9.12,0.481],[-3.6,-1.12],[-87.12,0.16],[0,0],[-83.52,24.56],[-3.761,0],[-4.96,-7.68],[0,0],[-4.16,9.121]],"o":[[-11.36,-20.24],[-82.08,23.92],[-85.52,0.4],[-21.52,-8.16],[-10.88,20.08],[4.08,9.04],[0,0],[4.96,-7.68],[3.76,0],[83.52,24.56],[0,0],[87.12,0.16],[3.6,-1.12],[9.119,0.481],[14.8,18.079],[4.96,-8.56],[9.12,-20.079]],"v":[[309.96,-30.36],[252.44,-51.4],[-0.2,-15.96],[-252.92,-51.4],[-309.96,-30.6],[-303.8,32.84],[-290.12,59.32],[-292.36,-21],[-269.96,-33.961],[-258.92,-32.2],[-1.64,4.6],[1.16,4.6],[258.44,-32.2],[269.481,-33.961],[291.96,-21],[289.72,59.56],[303.8,33.079]],"c":true}]},{"i":{"x":0.46,"y":1},"o":{"x":0.333,"y":0},"t":117,"s":[{"i":[[10.88,20.16],[21.76,-8.16],[85.44,0.4],[82.08,23.92],[11.2,-20.16],[-9.2,-20.08],[-5.04,-8.56],[-14.56,18.079],[-9.12,0.481],[-3.6,-1.12],[-87.12,0.16],[0,0],[-83.52,24.56],[-3.761,0],[-4.96,-7.68],[0,0],[-4.16,9.121]],"o":[[-11.36,-20.24],[-82.08,23.92],[-85.52,0.4],[-21.52,-8.16],[-10.88,20.08],[4.08,9.04],[0,0],[4.96,-7.68],[3.76,0],[83.52,24.56],[0,0],[87.12,0.16],[3.6,-1.12],[9.119,0.481],[14.8,18.079],[4.96,-8.56],[9.12,-20.079]],"v":[[309.96,-19.785],[252.44,-40.825],[-0.2,-10.672],[-252.92,-40.825],[-309.96,-20.025],[-303.8,43.415],[-290.12,69.895],[-292.36,-10.425],[-269.96,-23.386],[-258.92,-21.625],[-1.64,9.888],[1.16,9.888],[258.44,-21.625],[269.481,-23.386],[291.96,-10.425],[289.72,70.135],[303.8,43.654]],"c":true}]},{"t":128,"s":[{"i":[[10.88,20.16],[21.76,-8.16],[85.44,0.4],[82.08,23.92],[11.2,-20.16],[-9.2,-20.08],[-5.04,-8.56],[-14.56,18.079],[-9.12,0.481],[-3.6,-1.12],[-87.12,0.16],[0,0],[-83.52,24.56],[-3.761,0],[-4.96,-7.68],[0,0],[-4.16,9.121]],"o":[[-11.36,-20.24],[-82.08,23.92],[-85.52,0.4],[-21.52,-8.16],[-10.88,20.08],[4.08,9.04],[0,0],[4.96,-7.68],[3.76,0],[83.52,24.56],[0,0],[87.12,0.16],[3.6,-1.12],[9.119,0.481],[14.8,18.079],[4.96,-8.56],[9.12,-20.079]],"v":[[309.96,-30.36],[252.44,-51.4],[-0.2,-15.96],[-252.92,-51.4],[-309.96,-30.6],[-303.8,32.84],[-290.12,59.32],[-292.36,-21],[-269.96,-33.961],[-258.92,-32.2],[-1.64,4.6],[1.16,4.6],[258.44,-32.2],[269.481,-33.961],[291.96,-21],[289.72,59.56],[303.8,33.079]],"c":true}]}],"ix":2},"nm":"Path 1","mn":"ADBE Vector Shape - Group","hd":false},{"ty":"fl","c":{"a":0,"k":[0.922000002394,0.560999971278,0,1],"ix":4},"o":{"a":0,"k":100,"ix":5},"r":1,"bm":0,"nm":"Fill 1","mn":"ADBE Vector Graphic - Fill","hd":false},{"ty":"tr","p":{"a":0,"k":[506.92,603.4],"ix":2},"a":{"a":0,"k":[0,0],"ix":1},"s":{"a":0,"k":[100,100],"ix":3},"r":{"a":0,"k":0,"ix":6},"o":{"a":0,"k":100,"ix":7},"sk":{"a":0,"k":0,"ix":4},"sa":{"a":0,"k":0,"ix":5},"nm":"Transform"}],"nm":"Group 8","np":2,"cix":2,"bm":0,"ix":1,"mn":"ADBE Vector Group","hd":false},{"ty":"gr","it":[{"ind":0,"ty":"sh","ix":1,"ks":{"a":1,"k":[{"i":{"x":0.667,"y":1},"o":{"x":0.333,"y":0},"t":0,"s":[{"i":[[21.6,-8.24],[85.52,0.4],[82.08,23.92],[11.2,-20.16],[0.801,-3.28],[-3.6,-1.439],[-107.681,1.28],[-93.279,44.32],[-2.8,1.44],[2.48,4.64]],"o":[[-82.08,23.92],[-85.52,0.4],[-21.52,-8.16],[-1.601,3.04],[2.64,1.36],[96.319,48.241],[103.28,1.2],[3.761,-1.6],[-0.641,-5.2],[-11.2,-20.16]],"v":[[252.121,-46.98],[-0.599,-11.54],[-253.319,-46.98],[-307.859,-28.68],[-311.54,-19.16],[-304.759,-15.001],[5.72,56.44],[304.359,-9.16],[311.54,-13.72],[306.741,-28.68]],"c":true}]},{"i":{"x":0.667,"y":1},"o":{"x":0.333,"y":0},"t":11,"s":[{"i":[[21.6,-8.24],[85.52,0.4],[82.08,23.92],[11.2,-20.16],[0.801,-3.28],[-3.6,-1.439],[-107.681,1.28],[-93.279,44.32],[-8.81,1.44],[2.48,4.64]],"o":[[-82.08,23.92],[-85.52,0.4],[-21.52,-8.16],[-1.601,3.04],[2.64,1.36],[96.319,48.241],[103.28,1.2],[2.014,-1.6],[-0.641,-5.2],[-11.2,-20.16]],"v":[[252.121,-36.261],[-0.599,-6.109],[-253.319,-36.261],[-310.359,-18.105],[-310.339,-7.527],[-304.759,6.15],[5.72,67.015],[304.359,11.991],[311.397,-3.145],[306.597,-18.105]],"c":true}]},{"i":{"x":0.667,"y":1},"o":{"x":0.333,"y":0},"t":21,"s":[{"i":[[21.6,-8.24],[85.52,0.4],[82.08,23.92],[11.2,-20.16],[0.801,-3.28],[-3.6,-1.439],[-107.681,1.28],[-93.279,44.32],[-2.8,1.44],[2.48,4.64]],"o":[[-82.08,23.92],[-85.52,0.4],[-21.52,-8.16],[-1.601,3.04],[2.64,1.36],[96.319,48.241],[103.28,1.2],[3.761,-1.6],[-0.641,-5.2],[-11.2,-20.16]],"v":[[252.121,-46.98],[-0.599,-11.54],[-253.319,-46.98],[-307.859,-28.68],[-311.54,-19.16],[-304.759,-15.001],[5.72,56.44],[304.359,-9.16],[311.54,-13.72],[306.741,-28.68]],"c":true}]},{"i":{"x":0.667,"y":1},"o":{"x":0.333,"y":0},"t":31,"s":[{"i":[[21.6,-8.24],[85.52,0.4],[82.08,23.92],[11.2,-20.16],[0.801,-3.28],[-3.6,-1.439],[-107.681,1.28],[-93.279,44.32],[-8.81,1.44],[2.48,4.64]],"o":[[-82.08,23.92],[-85.52,0.4],[-21.52,-8.16],[-1.601,3.04],[2.64,1.36],[96.319,48.241],[103.28,1.2],[2.014,-1.6],[-0.641,-5.2],[-11.2,-20.16]],"v":[[252.121,-36.261],[-0.599,-6.108],[-253.319,-36.261],[-310.359,-18.105],[-310.339,-7.527],[-304.759,6.15],[5.72,67.015],[304.359,11.991],[311.397,-3.145],[306.597,-18.105]],"c":true}]},{"i":{"x":0.667,"y":1},"o":{"x":0.333,"y":0},"t":41,"s":[{"i":[[21.6,-8.24],[85.52,0.4],[82.08,23.92],[11.2,-20.16],[0.801,-3.28],[-3.6,-1.439],[-107.681,1.28],[-93.279,44.32],[-2.8,1.44],[2.48,4.64]],"o":[[-82.08,23.92],[-85.52,0.4],[-21.52,-8.16],[-1.601,3.04],[2.64,1.36],[96.319,48.241],[103.28,1.2],[3.761,-1.6],[-0.641,-5.2],[-11.2,-20.16]],"v":[[252.121,-46.98],[-0.599,-11.54],[-253.319,-46.98],[-307.859,-28.68],[-311.54,-19.16],[-304.759,-15.001],[5.72,56.44],[304.359,-9.16],[311.54,-13.72],[306.741,-28.68]],"c":true}]},{"i":{"x":0.667,"y":1},"o":{"x":0.333,"y":0},"t":52,"s":[{"i":[[21.6,-8.24],[85.52,0.4],[82.08,23.92],[11.2,-20.16],[0.801,-3.28],[-3.6,-1.439],[-107.681,1.28],[-93.279,44.32],[-8.81,1.44],[2.48,4.64]],"o":[[-82.08,23.92],[-85.52,0.4],[-21.52,-8.16],[-1.601,3.04],[2.64,1.36],[96.319,48.241],[103.28,1.2],[2.014,-1.6],[-0.641,-5.2],[-11.2,-20.16]],"v":[[252.121,-36.261],[-0.599,-6.108],[-253.319,-36.261],[-310.359,-18.105],[-310.339,-7.527],[-304.759,6.15],[5.72,67.015],[304.359,11.991],[311.397,-3.145],[306.597,-18.105]],"c":true}]},{"i":{"x":0.667,"y":1},"o":{"x":0.333,"y":0},"t":63,"s":[{"i":[[21.6,-8.24],[85.52,0.4],[82.08,23.92],[11.2,-20.16],[0.801,-3.28],[-3.6,-1.439],[-107.681,1.28],[-93.279,44.32],[-2.8,1.44],[2.48,4.64]],"o":[[-82.08,23.92],[-85.52,0.4],[-21.52,-8.16],[-1.601,3.04],[2.64,1.36],[96.319,48.241],[103.28,1.2],[3.761,-1.6],[-0.641,-5.2],[-11.2,-20.16]],"v":[[252.121,-46.98],[-0.599,-11.54],[-253.319,-46.98],[-307.859,-28.68],[-311.54,-19.16],[-304.759,-15.001],[5.72,56.44],[304.359,-9.16],[311.54,-13.72],[306.741,-28.68]],"c":true}]},{"i":{"x":0.667,"y":1},"o":{"x":0.333,"y":0},"t":74,"s":[{"i":[[21.6,-8.24],[85.52,0.4],[82.08,23.92],[11.2,-20.16],[0.801,-3.28],[-3.6,-1.439],[-107.681,1.28],[-93.279,44.32],[-8.81,1.44],[2.48,4.64]],"o":[[-82.08,23.92],[-85.52,0.4],[-21.52,-8.16],[-1.601,3.04],[2.64,1.36],[96.319,48.241],[103.28,1.2],[2.014,-1.6],[-0.641,-5.2],[-11.2,-20.16]],"v":[[252.121,-36.261],[-0.599,-6.109],[-253.319,-36.261],[-310.359,-18.105],[-310.339,-7.527],[-304.759,6.15],[5.72,67.015],[304.359,11.991],[311.397,-3.145],[306.597,-18.105]],"c":true}]},{"i":{"x":0.667,"y":1},"o":{"x":0.333,"y":0},"t":85,"s":[{"i":[[21.6,-8.24],[85.52,0.4],[82.08,23.92],[11.2,-20.16],[0.801,-3.28],[-3.6,-1.439],[-107.681,1.28],[-93.279,44.32],[-2.8,1.44],[2.48,4.64]],"o":[[-82.08,23.92],[-85.52,0.4],[-21.52,-8.16],[-1.601,3.04],[2.64,1.36],[96.319,48.241],[103.28,1.2],[3.761,-1.6],[-0.641,-5.2],[-11.2,-20.16]],"v":[[252.121,-46.98],[-0.599,-11.54],[-253.319,-46.98],[-307.859,-28.68],[-311.54,-19.16],[-304.759,-15.001],[5.72,56.44],[304.359,-9.16],[311.54,-13.72],[306.741,-28.68]],"c":true}]},{"i":{"x":0.667,"y":1},"o":{"x":0.333,"y":0},"t":96,"s":[{"i":[[21.6,-8.24],[85.52,0.4],[82.08,23.92],[11.2,-20.16],[0.801,-3.28],[-3.6,-1.439],[-107.681,1.28],[-93.279,44.32],[-8.81,1.44],[2.48,4.64]],"o":[[-82.08,23.92],[-85.52,0.4],[-21.52,-8.16],[-1.601,3.04],[2.64,1.36],[96.319,48.241],[103.28,1.2],[2.014,-1.6],[-0.641,-5.2],[-11.2,-20.16]],"v":[[252.121,-36.261],[-0.599,-6.108],[-253.319,-36.261],[-310.359,-18.105],[-310.339,-7.527],[-304.759,6.15],[5.72,67.015],[304.359,11.991],[311.397,-3.145],[306.597,-18.105]],"c":true}]},{"i":{"x":0.667,"y":1},"o":{"x":0.333,"y":0},"t":107,"s":[{"i":[[21.6,-8.24],[85.52,0.4],[82.08,23.92],[11.2,-20.16],[0.801,-3.28],[-3.6,-1.439],[-107.681,1.28],[-93.279,44.32],[-2.8,1.44],[2.48,4.64]],"o":[[-82.08,23.92],[-85.52,0.4],[-21.52,-8.16],[-1.601,3.04],[2.64,1.36],[96.319,48.241],[103.28,1.2],[3.761,-1.6],[-0.641,-5.2],[-11.2,-20.16]],"v":[[252.121,-46.98],[-0.599,-11.54],[-253.319,-46.98],[-307.859,-28.68],[-311.54,-19.16],[-304.759,-15.001],[5.72,56.44],[304.359,-9.16],[311.54,-13.72],[306.741,-28.68]],"c":true}]},{"i":{"x":0.46,"y":1},"o":{"x":0.333,"y":0},"t":117,"s":[{"i":[[21.6,-8.24],[85.52,0.4],[82.08,23.92],[11.2,-20.16],[0.801,-3.28],[-3.6,-1.439],[-107.681,1.28],[-93.279,44.32],[-8.81,1.44],[2.48,4.64]],"o":[[-82.08,23.92],[-85.52,0.4],[-21.52,-8.16],[-1.601,3.04],[2.64,1.36],[96.319,48.241],[103.28,1.2],[2.014,-1.6],[-0.641,-5.2],[-11.2,-20.16]],"v":[[252.121,-36.261],[-0.599,-6.108],[-253.319,-36.261],[-310.359,-18.105],[-310.339,-7.527],[-304.759,6.15],[5.72,67.015],[304.359,11.991],[311.397,-3.145],[306.597,-18.105]],"c":true}]},{"i":{"x":0.833,"y":1},"o":{"x":0.167,"y":0},"t":128,"s":[{"i":[[21.6,-8.24],[85.52,0.4],[82.08,23.92],[11.2,-20.16],[0.801,-3.28],[-3.6,-1.439],[-107.681,1.28],[-93.279,44.32],[-2.8,1.44],[2.48,4.64]],"o":[[-82.08,23.92],[-85.52,0.4],[-21.52,-8.16],[-1.601,3.04],[2.64,1.36],[96.319,48.241],[103.28,1.2],[3.761,-1.6],[-0.641,-5.2],[-11.2,-20.16]],"v":[[252.121,-46.98],[-0.599,-11.54],[-253.319,-46.98],[-307.859,-28.68],[-311.54,-19.16],[-304.759,-15.001],[5.72,56.44],[304.359,-9.16],[311.54,-13.72],[306.741,-28.68]],"c":true}]},{"t":145,"s":[{"i":[[21.6,-8.24],[85.52,0.4],[82.08,23.92],[11.2,-20.16],[0.801,-3.28],[-3.6,-1.439],[-107.681,1.28],[-93.279,44.32],[-2.8,1.44],[2.48,4.64]],"o":[[-82.08,23.92],[-85.52,0.4],[-21.52,-8.16],[-1.601,3.04],[2.64,1.36],[96.319,48.241],[103.28,1.2],[3.761,-1.6],[-0.641,-5.2],[-11.2,-20.16]],"v":[[252.121,-46.98],[-0.599,-11.54],[-253.319,-46.98],[-307.859,-28.68],[-311.54,-19.16],[-304.759,-15.001],[5.72,56.44],[304.359,-9.16],[311.54,-13.72],[306.741,-28.68]],"c":true}]}],"ix":2},"nm":"Path 1","mn":"ADBE Vector Shape - Group","hd":false},{"ty":"fl","c":{"a":0,"k":[1,1,1,1],"ix":4},"o":{"a":0,"k":100,"ix":5},"r":1,"bm":0,"nm":"Fill 1","mn":"ADBE Vector Graphic - Fill","hd":false},{"ty":"tr","p":{"a":0,"k":[507.32,601.48],"ix":2},"a":{"a":0,"k":[0,0],"ix":1},"s":{"a":0,"k":[100,100],"ix":3},"r":{"a":0,"k":0,"ix":6},"o":{"a":0,"k":100,"ix":7},"sk":{"a":0,"k":0,"ix":4},"sa":{"a":0,"k":0,"ix":5},"nm":"Transform"}],"nm":"Group 9","np":2,"cix":2,"bm":0,"ix":2,"mn":"ADBE Vector Group","hd":false},{"ty":"gr","it":[{"ind":0,"ty":"sh","ix":1,"ks":{"a":1,"k":[{"i":{"x":0.833,"y":0.833},"o":{"x":0.333,"y":0},"t":0,"s":[{"i":[[43.52,-0.88],[40.43,-43],[-47.28,0.24],[0,0],[-42.401,15.92]],"o":[[-44.8,-0.72],[44,17.2],[0,0],[45.28,0],[-35.071,-43.385]],"v":[[3.039,-41.64],[-136.001,16.52],[2.16,42.28],[3.439,42.28],[136,18.28]],"c":true}]},{"i":{"x":0.667,"y":1},"o":{"x":0.167,"y":0.167},"t":11,"s":[{"i":[[43.52,-0.717],[27.699,-46.714],[-44.236,0.586],[0,0],[-43.956,14.569]],"o":[[-44.8,-0.587],[44.008,15.021],[0,0],[45.28,0],[-36.342,-51.115]],"v":[[3.039,-61.879],[-147.857,8.16],[2.16,31.883],[3.439,31.883],[144.654,11.241]],"c":true}]},{"i":{"x":0.833,"y":0.833},"o":{"x":0.333,"y":0},"t":21,"s":[{"i":[[43.52,-0.88],[40.43,-43],[-47.28,0.24],[0,0],[-42.401,15.92]],"o":[[-44.8,-0.72],[44,17.2],[0,0],[45.28,0],[-35.071,-43.385]],"v":[[3.039,-41.64],[-136.001,16.52],[2.16,42.28],[3.439,42.28],[136,18.28]],"c":true}]},{"i":{"x":0.667,"y":1},"o":{"x":0.167,"y":0.167},"t":31,"s":[{"i":[[43.52,-0.718],[27.699,-46.714],[-44.236,0.586],[0,0],[-43.956,14.569]],"o":[[-44.8,-0.587],[44.008,15.021],[0,0],[45.28,0],[-36.342,-51.115]],"v":[[3.039,-61.879],[-147.857,8.16],[2.16,31.883],[3.44,31.883],[144.654,11.241]],"c":true}]},{"i":{"x":0.833,"y":0.833},"o":{"x":0.333,"y":0},"t":41,"s":[{"i":[[43.52,-0.88],[40.43,-43],[-47.28,0.24],[0,0],[-42.401,15.92]],"o":[[-44.8,-0.72],[44,17.2],[0,0],[45.28,0],[-35.071,-43.385]],"v":[[3.039,-41.64],[-136.001,16.52],[2.16,42.28],[3.439,42.28],[136,18.28]],"c":true}]},{"i":{"x":0.667,"y":1},"o":{"x":0.167,"y":0.167},"t":52,"s":[{"i":[[43.52,-0.718],[27.699,-46.714],[-44.236,0.586],[0,0],[-43.956,14.569]],"o":[[-44.8,-0.587],[44.008,15.021],[0,0],[45.28,0],[-36.342,-51.115]],"v":[[3.039,-61.879],[-147.857,8.16],[2.16,31.883],[3.44,31.883],[144.654,11.241]],"c":true}]},{"i":{"x":0.833,"y":0.833},"o":{"x":0.333,"y":0},"t":63,"s":[{"i":[[43.52,-0.88],[40.43,-43],[-47.28,0.24],[0,0],[-42.401,15.92]],"o":[[-44.8,-0.72],[44,17.2],[0,0],[45.28,0],[-35.071,-43.385]],"v":[[3.039,-41.64],[-136.001,16.52],[2.16,42.28],[3.439,42.28],[136,18.28]],"c":true}]},{"i":{"x":0.667,"y":1},"o":{"x":0.167,"y":0.167},"t":74,"s":[{"i":[[43.52,-0.718],[27.699,-46.714],[-44.236,0.586],[0,0],[-43.956,14.569]],"o":[[-44.8,-0.587],[44.008,15.021],[0,0],[45.28,0],[-36.342,-51.115]],"v":[[3.039,-61.879],[-147.857,8.16],[2.16,31.883],[3.44,31.883],[144.654,11.241]],"c":true}]},{"i":{"x":0.833,"y":0.833},"o":{"x":0.333,"y":0},"t":85,"s":[{"i":[[43.52,-0.88],[40.43,-43],[-47.28,0.24],[0,0],[-42.401,15.92]],"o":[[-44.8,-0.72],[44,17.2],[0,0],[45.28,0],[-35.071,-43.385]],"v":[[3.039,-41.64],[-136.001,16.52],[2.16,42.28],[3.439,42.28],[136,18.28]],"c":true}]},{"i":{"x":0.667,"y":1},"o":{"x":0.167,"y":0.167},"t":96,"s":[{"i":[[43.52,-0.718],[27.699,-46.714],[-44.236,0.586],[0,0],[-43.956,14.569]],"o":[[-44.8,-0.587],[44.008,15.021],[0,0],[45.28,0],[-36.342,-51.115]],"v":[[3.039,-61.879],[-147.857,8.16],[2.16,31.883],[3.44,31.883],[144.654,11.241]],"c":true}]},{"i":{"x":0.833,"y":0.833},"o":{"x":0.333,"y":0},"t":107,"s":[{"i":[[43.52,-0.88],[40.43,-43],[-47.28,0.24],[0,0],[-42.401,15.92]],"o":[[-44.8,-0.72],[44,17.2],[0,0],[45.28,0],[-35.071,-43.385]],"v":[[3.039,-41.64],[-136.001,16.52],[2.16,42.28],[3.439,42.28],[136,18.28]],"c":true}]},{"i":{"x":0.46,"y":1},"o":{"x":0.167,"y":0.167},"t":117,"s":[{"i":[[43.52,-0.718],[27.699,-46.714],[-44.236,0.586],[0,0],[-43.956,14.569]],"o":[[-44.8,-0.587],[44.008,15.021],[0,0],[45.28,0],[-36.342,-51.115]],"v":[[3.039,-61.879],[-147.857,8.16],[2.16,31.883],[3.44,31.883],[144.654,11.241]],"c":true}]},{"t":128,"s":[{"i":[[43.52,-0.88],[40.43,-43],[-47.28,0.24],[0,0],[-42.401,15.92]],"o":[[-44.8,-0.72],[44,17.2],[0,0],[45.28,0],[-35.071,-43.385]],"v":[[3.039,-41.64],[-136.001,16.52],[2.16,42.28],[3.439,42.28],[136,18.28]],"c":true}]}],"ix":2},"nm":"Path 1","mn":"ADBE Vector Shape - Group","hd":false},{"ty":"fl","c":{"a":0,"k":[0.929000016755,0.46699999641,0.438999998803,1],"ix":4},"o":{"a":0,"k":100,"ix":5},"r":1,"bm":0,"nm":"Fill 1","mn":"ADBE Vector Graphic - Fill","hd":false},{"ty":"tr","p":{"a":0,"k":[504.32,775.48],"ix":2},"a":{"a":0,"k":[0,0],"ix":1},"s":{"a":0,"k":[100,100],"ix":3},"r":{"a":0,"k":0,"ix":6},"o":{"a":0,"k":100,"ix":7},"sk":{"a":0,"k":0,"ix":4},"sa":{"a":0,"k":0,"ix":5},"nm":"Transform"}],"nm":"Group 10","np":2,"cix":2,"bm":0,"ix":3,"mn":"ADBE Vector Group","hd":false},{"ty":"gr","it":[{"ind":0,"ty":"sh","ix":1,"ks":{"a":1,"k":[{"i":{"x":0.667,"y":1},"o":{"x":0.333,"y":0},"t":0,"s":[{"i":[[10.881,20.08],[21.599,-8.16],[85.52,0.4],[82.081,23.92],[11.201,-20.16],[-9.201,-20.08],[-138.4,-0.4],[0,0],[-51.441,112.8]],"o":[[-11.199,-20.24],[-82.08,23.92],[-85.52,0.4],[-21.52,-8.16],[-10.879,20.08],[51.359,112.8],[0,0],[138.4,0],[9.119,-20.24]],"v":[[307.299,-107.44],[252.68,-125.9],[-0.04,-90.46],[-252.761,-125.9],[-307.301,-107.6],[-303.64,-44.16],[-0.68,136.56],[0.599,136.56],[303.64,-44.16]],"c":true}]},{"i":{"x":0.667,"y":1},"o":{"x":0.333,"y":0},"t":11,"s":[{"i":[[10.881,20.08],[21.599,-8.16],[85.52,0.4],[82.081,23.92],[11.201,-20.16],[-9.201,-20.08],[-138.4,-0.4],[0,0],[-51.441,112.8]],"o":[[-11.199,-20.24],[-82.08,23.92],[-85.52,0.4],[-21.52,-8.16],[-10.879,20.08],[51.359,112.8],[0,0],[138.4,0],[9.119,-20.24]],"v":[[307.155,-96.865],[252.68,-115.181],[-0.04,-85.028],[-252.761,-115.181],[-307.157,-97.025],[-303.64,-33.585],[-0.68,125.985],[0.599,125.985],[303.64,-33.585]],"c":true}]},{"i":{"x":0.667,"y":1},"o":{"x":0.333,"y":0},"t":21,"s":[{"i":[[10.881,20.08],[21.599,-8.16],[85.52,0.4],[82.081,23.92],[11.201,-20.16],[-9.201,-20.08],[-138.4,-0.4],[0,0],[-51.441,112.8]],"o":[[-11.199,-20.24],[-82.08,23.92],[-85.52,0.4],[-21.52,-8.16],[-10.879,20.08],[51.359,112.8],[0,0],[138.4,0],[9.119,-20.24]],"v":[[307.299,-107.44],[252.68,-125.9],[-0.04,-90.46],[-252.761,-125.9],[-307.301,-107.6],[-303.64,-44.16],[-0.68,136.56],[0.599,136.56],[303.64,-44.16]],"c":true}]},{"i":{"x":0.667,"y":1},"o":{"x":0.333,"y":0},"t":31,"s":[{"i":[[10.881,20.08],[21.599,-8.16],[85.52,0.4],[82.081,23.92],[11.201,-20.16],[-9.201,-20.08],[-138.4,-0.4],[0,0],[-51.441,112.8]],"o":[[-11.199,-20.24],[-82.08,23.92],[-85.52,0.4],[-21.52,-8.16],[-10.879,20.08],[51.359,112.8],[0,0],[138.4,0],[9.119,-20.24]],"v":[[307.155,-96.865],[252.68,-115.181],[-0.04,-85.028],[-252.761,-115.181],[-307.157,-97.025],[-303.64,-33.585],[-0.68,125.985],[0.599,125.985],[303.64,-33.585]],"c":true}]},{"i":{"x":0.667,"y":1},"o":{"x":0.333,"y":0},"t":41,"s":[{"i":[[10.881,20.08],[21.599,-8.16],[85.52,0.4],[82.081,23.92],[11.201,-20.16],[-9.201,-20.08],[-138.4,-0.4],[0,0],[-51.441,112.8]],"o":[[-11.199,-20.24],[-82.08,23.92],[-85.52,0.4],[-21.52,-8.16],[-10.879,20.08],[51.359,112.8],[0,0],[138.4,0],[9.119,-20.24]],"v":[[307.299,-107.44],[252.68,-125.9],[-0.04,-90.46],[-252.761,-125.9],[-307.301,-107.6],[-303.64,-44.16],[-0.68,136.56],[0.599,136.56],[303.64,-44.16]],"c":true}]},{"i":{"x":0.667,"y":1},"o":{"x":0.333,"y":0},"t":52,"s":[{"i":[[10.881,20.08],[21.599,-8.16],[85.52,0.4],[82.081,23.92],[11.201,-20.16],[-9.201,-20.08],[-138.4,-0.4],[0,0],[-51.441,112.8]],"o":[[-11.199,-20.24],[-82.08,23.92],[-85.52,0.4],[-21.52,-8.16],[-10.879,20.08],[51.359,112.8],[0,0],[138.4,0],[9.119,-20.24]],"v":[[307.155,-96.865],[252.68,-115.181],[-0.04,-85.028],[-252.761,-115.181],[-307.157,-97.025],[-303.64,-33.585],[-0.68,125.985],[0.599,125.985],[303.64,-33.585]],"c":true}]},{"i":{"x":0.667,"y":1},"o":{"x":0.333,"y":0},"t":63,"s":[{"i":[[10.881,20.08],[21.599,-8.16],[85.52,0.4],[82.081,23.92],[11.201,-20.16],[-9.201,-20.08],[-138.4,-0.4],[0,0],[-51.441,112.8]],"o":[[-11.199,-20.24],[-82.08,23.92],[-85.52,0.4],[-21.52,-8.16],[-10.879,20.08],[51.359,112.8],[0,0],[138.4,0],[9.119,-20.24]],"v":[[307.299,-107.44],[252.68,-125.9],[-0.04,-90.46],[-252.761,-125.9],[-307.301,-107.6],[-303.64,-44.16],[-0.68,136.56],[0.599,136.56],[303.64,-44.16]],"c":true}]},{"i":{"x":0.667,"y":1},"o":{"x":0.333,"y":0},"t":74,"s":[{"i":[[10.881,20.08],[21.599,-8.16],[85.52,0.4],[82.081,23.92],[11.201,-20.16],[-9.201,-20.08],[-138.4,-0.4],[0,0],[-51.441,112.8]],"o":[[-11.199,-20.24],[-82.08,23.92],[-85.52,0.4],[-21.52,-8.16],[-10.879,20.08],[51.359,112.8],[0,0],[138.4,0],[9.119,-20.24]],"v":[[307.155,-96.865],[252.68,-115.181],[-0.04,-85.028],[-252.761,-115.181],[-307.157,-97.025],[-303.64,-33.585],[-0.68,125.985],[0.599,125.985],[303.64,-33.585]],"c":true}]},{"i":{"x":0.667,"y":1},"o":{"x":0.333,"y":0},"t":85,"s":[{"i":[[10.881,20.08],[21.599,-8.16],[85.52,0.4],[82.081,23.92],[11.201,-20.16],[-9.201,-20.08],[-138.4,-0.4],[0,0],[-51.441,112.8]],"o":[[-11.199,-20.24],[-82.08,23.92],[-85.52,0.4],[-21.52,-8.16],[-10.879,20.08],[51.359,112.8],[0,0],[138.4,0],[9.119,-20.24]],"v":[[307.299,-107.44],[252.68,-125.9],[-0.04,-90.46],[-252.761,-125.9],[-307.301,-107.6],[-303.64,-44.16],[-0.68,136.56],[0.599,136.56],[303.64,-44.16]],"c":true}]},{"i":{"x":0.667,"y":1},"o":{"x":0.333,"y":0},"t":96,"s":[{"i":[[10.881,20.08],[21.599,-8.16],[85.52,0.4],[82.081,23.92],[11.201,-20.16],[-9.201,-20.08],[-138.4,-0.4],[0,0],[-51.441,112.8]],"o":[[-11.199,-20.24],[-82.08,23.92],[-85.52,0.4],[-21.52,-8.16],[-10.879,20.08],[51.359,112.8],[0,0],[138.4,0],[9.119,-20.24]],"v":[[307.155,-96.865],[252.68,-115.181],[-0.04,-85.028],[-252.761,-115.181],[-307.157,-97.025],[-303.64,-33.585],[-0.68,125.985],[0.599,125.985],[303.64,-33.585]],"c":true}]},{"i":{"x":0.667,"y":1},"o":{"x":0.333,"y":0},"t":107,"s":[{"i":[[10.881,20.08],[21.599,-8.16],[85.52,0.4],[82.081,23.92],[11.201,-20.16],[-9.201,-20.08],[-138.4,-0.4],[0,0],[-51.441,112.8]],"o":[[-11.199,-20.24],[-82.08,23.92],[-85.52,0.4],[-21.52,-8.16],[-10.879,20.08],[51.359,112.8],[0,0],[138.4,0],[9.119,-20.24]],"v":[[307.299,-107.44],[252.68,-125.9],[-0.04,-90.46],[-252.761,-125.9],[-307.301,-107.6],[-303.64,-44.16],[-0.68,136.56],[0.599,136.56],[303.64,-44.16]],"c":true}]},{"i":{"x":0.46,"y":1},"o":{"x":0.333,"y":0},"t":117,"s":[{"i":[[10.881,20.08],[21.599,-8.16],[85.52,0.4],[82.081,23.92],[11.201,-20.16],[-9.201,-20.08],[-138.4,-0.4],[0,0],[-51.441,112.8]],"o":[[-11.199,-20.24],[-82.08,23.92],[-85.52,0.4],[-21.52,-8.16],[-10.879,20.08],[51.359,112.8],[0,0],[138.4,0],[9.119,-20.24]],"v":[[307.155,-96.865],[252.68,-115.181],[-0.04,-85.028],[-252.761,-115.181],[-307.157,-97.025],[-303.64,-33.585],[-0.68,125.985],[0.599,125.985],[303.64,-33.585]],"c":true}]},{"i":{"x":0.833,"y":1},"o":{"x":0.167,"y":0},"t":128,"s":[{"i":[[10.881,20.08],[21.599,-8.16],[85.52,0.4],[82.081,23.92],[11.201,-20.16],[-9.201,-20.08],[-138.4,-0.4],[0,0],[-51.441,112.8]],"o":[[-11.199,-20.24],[-82.08,23.92],[-85.52,0.4],[-21.52,-8.16],[-10.879,20.08],[51.359,112.8],[0,0],[138.4,0],[9.119,-20.24]],"v":[[307.299,-107.44],[252.68,-125.9],[-0.04,-90.46],[-252.761,-125.9],[-307.301,-107.6],[-303.64,-44.16],[-0.68,136.56],[0.599,136.56],[303.64,-44.16]],"c":true}]},{"t":145,"s":[{"i":[[10.881,20.08],[21.599,-8.16],[85.52,0.4],[82.081,23.92],[11.201,-20.16],[-9.201,-20.08],[-138.4,-0.4],[0,0],[-51.441,112.8]],"o":[[-11.199,-20.24],[-82.08,23.92],[-85.52,0.4],[-21.52,-8.16],[-10.879,20.08],[51.359,112.8],[0,0],[138.4,0],[9.119,-20.24]],"v":[[307.299,-107.44],[252.68,-125.9],[-0.04,-90.46],[-252.761,-125.9],[-306.676,-107.6],[-303.64,-44.16],[-0.68,136.56],[0.599,136.56],[303.64,-44.16]],"c":true}]}],"ix":2},"nm":"Path 1","mn":"ADBE Vector Shape - Group","hd":false},{"ty":"fl","c":{"a":0,"k":[0.258999992819,0.169000004787,0.051000000449,1],"ix":4},"o":{"a":0,"k":100,"ix":5},"r":1,"bm":0,"nm":"Fill 1","mn":"ADBE Vector Graphic - Fill","hd":false},{"ty":"tr","p":{"a":0,"k":[506.761,680.4],"ix":2},"a":{"a":0,"k":[0,0],"ix":1},"s":{"a":0,"k":[100,100],"ix":3},"r":{"a":0,"k":0,"ix":6},"o":{"a":0,"k":100,"ix":7},"sk":{"a":0,"k":0,"ix":4},"sa":{"a":0,"k":0,"ix":5},"nm":"Transform"}],"nm":"Group 11","np":2,"cix":2,"bm":0,"ix":4,"mn":"ADBE Vector Group","hd":false}],"ip":0,"op":151,"st":0,"bm":0},{"ddd":0,"ind":5,"ty":3,"nm":"White Solid 8","parent":1,"sr":1,"ks":{"o":{"a":0,"k":100,"ix":11},"r":{"a":0,"k":0,"ix":10},"p":{"a":0,"k":[12.5,-161.029,0],"ix":2,"l":2},"a":{"a":0,"k":[512,512,0],"ix":1,"l":2},"s":{"a":0,"k":[-73.529,73.529,100],"ix":6,"l":2}},"ao":0,"ip":0,"op":151,"st":0,"bm":0},{"ddd":0,"ind":6,"ty":4,"nm":"left eyebrow 2","parent":5,"sr":1,"ks":{"o":{"a":0,"k":100,"ix":11},"r":{"a":1,"k":[{"i":{"x":[0.488],"y":[1]},"o":{"x":[0.601],"y":[0]},"t":0,"s":[0]},{"i":{"x":[0.59],"y":[1]},"o":{"x":[0.448],"y":[0]},"t":28,"s":[21]},{"i":{"x":[0.59],"y":[1]},"o":{"x":[0.68],"y":[0]},"t":45,"s":[29]},{"i":{"x":[0.59],"y":[1]},"o":{"x":[0.68],"y":[0]},"t":81,"s":[29]},{"i":{"x":[0.435],"y":[1]},"o":{"x":[0.68],"y":[0]},"t":107,"s":[20]},{"t":144,"s":[0]}],"ix":10},"p":{"a":1,"k":[{"i":{"x":0.488,"y":1},"o":{"x":0.601,"y":0},"t":0,"s":[247.622,300.615,0],"to":[0,0,0],"ti":[0,0,0]},{"i":{"x":0.628,"y":0.417},"o":{"x":0.418,"y":0},"t":28,"s":[343.122,258.615,0],"to":[0,0,0],"ti":[0,0,0]},{"i":{"x":0.628,"y":0.628},"o":{"x":0.3,"y":0.3},"t":52,"s":[343.122,275.721,0],"to":[0,0,0],"ti":[0,0,0]},{"i":{"x":0.6,"y":1},"o":{"x":0.3,"y":0.307},"t":81,"s":[343.122,275.721,0],"to":[0,0,0],"ti":[0,0,0]},{"i":{"x":0.667,"y":1},"o":{"x":0.68,"y":0},"t":107,"s":[343.122,247.255,0],"to":[0,0,0],"ti":[0,0,0]},{"t":144,"s":[247.622,300.615,0]}],"ix":2,"l":2},"a":{"a":0,"k":[0.22,0.362,0],"ix":1,"l":2},"s":{"a":0,"k":[800,800,100],"ix":6,"l":2}},"ao":0,"shapes":[{"ty":"gr","it":[{"ind":0,"ty":"sh","ix":1,"ks":{"a":0,"k":{"i":[[0.54,1.08],[1.08,-0.39],[1.49,-0.83],[2.54,-3.73],[-0.93,-0.72],[-0.64,0.08],[-0.34,0.35],[-4.65,2.68],[0,0]],"o":[[-0.44,-1.06],[-1.62,0.53],[-3.96,2.18],[-0.7,0.95],[0.49,0.41],[0.48,-0.07],[3.84,-3.76],[0,0],[1.06,-0.57]],"v":[[30.625,5.923],[27.905,4.713],[23.235,6.763],[13.345,15.763],[13.755,18.763],[15.525,19.293],[16.785,18.643],[29.575,8.943],[29.685,8.883]],"c":true},"ix":2},"nm":"Path 1","mn":"ADBE Vector Shape - Group","hd":false},{"ty":"fl","c":{"a":0,"k":[0.258823529412,0.16862745098,0.050980392157,1],"ix":4},"o":{"a":0,"k":100,"ix":5},"r":1,"bm":0,"nm":"Fill 1","mn":"ADBE Vector Graphic - Fill","hd":false},{"ty":"tr","p":{"a":0,"k":[-21.905,-11.848],"ix":2},"a":{"a":0,"k":[0,0],"ix":1},"s":{"a":0,"k":[100,100],"ix":3},"r":{"a":0,"k":0,"ix":6},"o":{"a":0,"k":100,"ix":7},"sk":{"a":0,"k":0,"ix":4},"sa":{"a":0,"k":0,"ix":5},"nm":"Transform"}],"nm":"Shape 1","np":3,"cix":2,"bm":0,"ix":1,"mn":"ADBE Vector Group","hd":false}],"ip":0,"op":151,"st":0,"bm":0},{"ddd":0,"ind":7,"ty":4,"nm":"left eyebrow","parent":1,"sr":1,"ks":{"o":{"a":0,"k":100,"ix":11},"r":{"a":1,"k":[{"i":{"x":[0.488],"y":[1]},"o":{"x":[0.601],"y":[0]},"t":0,"s":[0]},{"i":{"x":[0.702],"y":[1]},"o":{"x":[0.374],"y":[0]},"t":28,"s":[16]},{"i":{"x":[0.702],"y":[1]},"o":{"x":[0.373],"y":[0]},"t":45,"s":[29]},{"i":{"x":[0.572],"y":[1]},"o":{"x":[0.373],"y":[0]},"t":81,"s":[29]},{"i":{"x":[0.435],"y":[1]},"o":{"x":[0.68],"y":[0]},"t":107,"s":[19]},{"t":144,"s":[0]}],"ix":10},"p":{"a":1,"k":[{"i":{"x":0.488,"y":1},"o":{"x":0.601,"y":0},"t":0,"s":[-194.396,-309.842,0],"to":[0,0,0],"ti":[0,0,0]},{"i":{"x":0.628,"y":0.208},"o":{"x":0.418,"y":0},"t":28,"s":[-141.822,-340.724,0],"to":[0,0,0],"ti":[0,0,0]},{"i":{"x":0.628,"y":0.628},"o":{"x":0.3,"y":0.3},"t":52,"s":[-141.822,-328.146,0],"to":[0,0,0],"ti":[0,0,0]},{"i":{"x":0.6,"y":1},"o":{"x":0.3,"y":0.417},"t":81,"s":[-141.822,-328.146,0],"to":[0,0,0],"ti":[0,0,0]},{"i":{"x":0.667,"y":1},"o":{"x":0.68,"y":0},"t":107,"s":[-141.822,-349.077,0],"to":[0,0,0],"ti":[0,0,0]},{"t":144,"s":[-194.396,-309.842,0]}],"ix":2,"l":2},"a":{"a":0,"k":[0.22,0.362,0],"ix":1,"l":2},"s":{"a":0,"k":[588.235,588.235,100],"ix":6,"l":2}},"ao":0,"shapes":[{"ty":"gr","it":[{"ind":0,"ty":"sh","ix":1,"ks":{"a":0,"k":{"i":[[0.54,1.08],[1.08,-0.39],[1.49,-0.83],[2.54,-3.73],[-0.93,-0.72],[-0.64,0.08],[-0.34,0.35],[-4.65,2.68],[0,0]],"o":[[-0.44,-1.06],[-1.62,0.53],[-3.96,2.18],[-0.7,0.95],[0.49,0.41],[0.48,-0.07],[3.84,-3.76],[0,0],[1.06,-0.57]],"v":[[30.625,5.923],[27.905,4.713],[23.235,6.763],[13.345,15.763],[13.755,18.763],[15.525,19.293],[16.785,18.643],[29.575,8.943],[29.685,8.883]],"c":true},"ix":2},"nm":"Path 1","mn":"ADBE Vector Shape - Group","hd":false},{"ty":"fl","c":{"a":0,"k":[0.258823529412,0.16862745098,0.050980392157,1],"ix":4},"o":{"a":0,"k":100,"ix":5},"r":1,"bm":0,"nm":"Fill 1","mn":"ADBE Vector Graphic - Fill","hd":false},{"ty":"tr","p":{"a":0,"k":[-21.905,-11.848],"ix":2},"a":{"a":0,"k":[0,0],"ix":1},"s":{"a":0,"k":[100,100],"ix":3},"r":{"a":0,"k":0,"ix":6},"o":{"a":0,"k":100,"ix":7},"sk":{"a":0,"k":0,"ix":4},"sa":{"a":0,"k":0,"ix":5},"nm":"Transform"}],"nm":"Shape 1","np":3,"cix":2,"bm":0,"ix":1,"mn":"ADBE Vector Group","hd":false}],"ip":0,"op":151,"st":0,"bm":0},{"ddd":0,"ind":8,"ty":4,"nm":"eyes 3","parent":1,"sr":1,"ks":{"o":{"a":0,"k":100,"ix":11},"r":{"a":0,"k":0,"ix":10},"p":{"a":0,"k":[49.632,-93.382,0],"ix":2,"l":2},"a":{"a":0,"k":[445,594,0],"ix":1,"l":2},"s":{"a":0,"k":[-73.529,73.529,100],"ix":6,"l":2}},"ao":0,"shapes":[{"ty":"gr","it":[{"ind":0,"ty":"sh","ix":1,"ks":{"a":1,"k":[{"i":{"x":0.2,"y":1},"o":{"x":0.4,"y":0.4},"t":0,"s":[{"i":[[0,0],[0,0],[0,0],[0.8,0.72],[32.25,-0.16],[0,0],[0,0],[11.033,9.606],[-3.686,10.317],[0,0],[-68.085,2.903],[-3.924,-8.958],[-0.321,-1.36],[-0.24,-0.72],[0,0],[14.157,-4.567],[6.964,8.716]],"o":[[0,0],[0,0],[-0.64,-0.88],[0,0],[-28.012,0.139],[0,0],[-9.686,11.033],[-8.235,-7.205],[0,0],[0.721,-1.679],[70.12,-2.99],[0.641,1.28],[0.4,1.04],[0,0],[4.567,14.157],[-10.638,3.445],[0,0]],"v":[[53.858,43.385],[52.657,41.625],[50.976,39.466],[48.895,37.147],[-3.36,10.6],[-54.022,42.425],[-56.423,45.143],[-93.861,47.678],[-101.362,18.556],[-100.48,15.997],[-6.48,-57.32],[97.359,9.764],[98.881,13.683],[99.762,16.323],[100.483,18.482],[83.141,52.409],[53.778,43.625]],"c":true}]},{"i":{"x":0.667,"y":1},"o":{"x":0,"y":0},"t":35,"s":[{"i":[[0,0],[0,0],[0,0],[1.017,0.353],[32.25,-0.16],[0,0],[0,0],[7.378,12.632],[-6.773,8.611],[0,0],[-52.891,0.648],[-7.089,-6.737],[-0.823,-1.129],[-0.5,-0.57],[0,0],[11.27,-9.709],[9.797,5.336]],"o":[[0,0],[0,0],[-0.931,-0.563],[0,0],[-28.012,0.139],[0,0],[-12.69,7.383],[-5.519,-9.448],[0,0],[1.217,-1.363],[60.37,-0.74],[1.086,0.931],[0.772,0.803],[0,0],[9.696,11.281],[-8.472,7.298],[0,0]],"v":[[62.997,27.915],[61.209,26.759],[58.822,25.42],[56.005,24.089],[-3.36,10.6],[-62.448,25.688],[-65.589,27.503],[-101.893,18.011],[-99.751,-11.986],[-98.102,-14.132],[-6.48,-57.32],[90.071,-19.935],[92.993,-16.912],[94.828,-14.82],[96.33,-13.109],[93.49,24.888],[63.017,28.168]],"c":true}]},{"i":{"x":0.2,"y":0.2},"o":{"x":0.333,"y":0},"t":58,"s":[{"i":[[0,0],[0,0],[0,0],[0.8,0.72],[32.25,-0.16],[0,0],[0,0],[11.033,9.606],[-3.686,10.317],[0,0],[-68.085,2.903],[-3.924,-8.958],[-0.321,-1.36],[-0.24,-0.72],[0,0],[14.157,-4.567],[6.964,8.716]],"o":[[0,0],[0,0],[-0.64,-0.88],[0,0],[-28.012,0.139],[0,0],[-9.686,11.033],[-8.235,-7.205],[0,0],[0.721,-1.679],[70.12,-2.99],[0.641,1.28],[0.4,1.04],[0,0],[4.567,14.157],[-10.638,3.445],[0,0]],"v":[[53.858,43.385],[52.657,41.625],[50.976,39.466],[48.895,37.147],[-3.36,10.6],[-54.022,42.425],[-56.423,45.143],[-93.861,47.678],[-101.362,18.556],[-100.48,15.997],[-6.48,-57.32],[97.359,9.764],[98.881,13.683],[99.762,16.323],[100.483,18.482],[83.141,52.409],[53.778,43.625]],"c":true}]},{"i":{"x":0.2,"y":1},"o":{"x":0,"y":0},"t":91,"s":[{"i":[[0,0],[0,0],[0,0],[0.8,0.72],[32.25,-0.16],[0,0],[0,0],[11.033,9.606],[-3.686,10.317],[0,0],[-68.085,2.903],[-3.924,-8.958],[-0.321,-1.36],[-0.24,-0.72],[0,0],[14.157,-4.567],[6.964,8.716]],"o":[[0,0],[0,0],[-0.64,-0.88],[0,0],[-28.012,0.139],[0,0],[-9.686,11.033],[-8.235,-7.205],[0,0],[0.721,-1.679],[70.12,-2.99],[0.641,1.28],[0.4,1.04],[0,0],[4.567,14.157],[-10.638,3.445],[0,0]],"v":[[53.858,43.385],[52.657,41.625],[50.976,39.466],[48.895,37.147],[-3.36,10.6],[-54.022,42.425],[-56.423,45.143],[-93.861,47.678],[-101.362,18.556],[-100.48,15.997],[-6.48,-57.32],[97.359,9.764],[98.881,13.683],[99.762,16.323],[100.483,18.482],[83.141,52.409],[53.778,43.625]],"c":true}]},{"i":{"x":0.667,"y":1},"o":{"x":0,"y":0},"t":117,"s":[{"i":[[0,0],[0,0],[0,0],[1.017,0.353],[32.25,-0.16],[0,0],[0,0],[7.378,12.632],[-6.773,8.611],[0,0],[-52.891,0.648],[-7.089,-6.737],[-0.823,-1.129],[-0.5,-0.57],[0,0],[11.27,-9.709],[9.797,5.336]],"o":[[0,0],[0,0],[-0.931,-0.563],[0,0],[-28.012,0.139],[0,0],[-12.69,7.383],[-5.519,-9.448],[0,0],[1.217,-1.363],[60.37,-0.74],[1.086,0.931],[0.772,0.803],[0,0],[9.696,11.281],[-8.472,7.298],[0,0]],"v":[[62.997,27.915],[61.209,26.759],[58.822,25.42],[56.005,24.089],[-3.36,10.6],[-62.448,25.688],[-65.589,27.503],[-101.893,18.011],[-99.751,-11.986],[-98.102,-14.132],[-6.48,-57.32],[90.071,-19.935],[92.993,-16.912],[94.828,-14.82],[96.33,-13.109],[93.49,24.888],[63.017,28.168]],"c":true}]},{"t":136,"s":[{"i":[[0,0],[0,0],[0,0],[0.8,0.72],[32.25,-0.16],[0,0],[0,0],[11.033,9.606],[-3.686,10.317],[0,0],[-68.085,2.903],[-3.924,-8.958],[-0.321,-1.36],[-0.24,-0.72],[0,0],[14.157,-4.567],[6.964,8.716]],"o":[[0,0],[0,0],[-0.64,-0.88],[0,0],[-28.012,0.139],[0,0],[-9.686,11.033],[-8.235,-7.205],[0,0],[0.721,-1.679],[70.12,-2.99],[0.641,1.28],[0.4,1.04],[0,0],[4.567,14.157],[-10.638,3.445],[0,0]],"v":[[53.858,43.385],[52.657,41.625],[50.976,39.466],[48.895,37.147],[-3.36,10.6],[-54.022,42.425],[-56.423,45.143],[-93.861,47.678],[-101.362,18.556],[-100.48,15.997],[-6.48,-57.32],[97.359,9.764],[98.881,13.683],[99.762,16.323],[100.483,18.482],[83.141,52.409],[53.778,43.625]],"c":true}]}],"ix":2},"nm":"Path 1","mn":"ADBE Vector Shape - Group","hd":false},{"ty":"fl","c":{"a":0,"k":[0.258999992819,0.169000004787,0.051000000449,1],"ix":4},"o":{"a":0,"k":100,"ix":5},"r":1,"bm":0,"nm":"Fill 1","mn":"ADBE Vector Graphic - Fill","hd":false},{"ty":"tr","p":{"a":0,"k":[331.36,403.56],"ix":2},"a":{"a":0,"k":[0,0],"ix":1},"s":{"a":0,"k":[100,100],"ix":3},"r":{"a":0,"k":0,"ix":6},"o":{"a":0,"k":100,"ix":7},"sk":{"a":0,"k":0,"ix":4},"sa":{"a":0,"k":0,"ix":5},"nm":"Transform"}],"nm":"Group 2","np":2,"cix":2,"bm":0,"ix":1,"mn":"ADBE Vector Group","hd":false}],"ip":0,"op":151,"st":0,"bm":0},{"ddd":0,"ind":9,"ty":4,"nm":"eyes","parent":1,"sr":1,"ks":{"o":{"a":0,"k":100,"ix":11},"r":{"a":0,"k":0,"ix":10},"p":{"a":0,"k":[-49.265,-94.118,0],"ix":2,"l":2},"a":{"a":0,"k":[445,594,0],"ix":1,"l":2},"s":{"a":0,"k":[73.529,73.529,100],"ix":6,"l":2}},"ao":0,"shapes":[{"ty":"gr","it":[{"ind":0,"ty":"sh","ix":1,"ks":{"a":1,"k":[{"i":{"x":0.2,"y":1},"o":{"x":0.4,"y":0.4},"t":0,"s":[{"i":[[0,0],[0,0],[0,0],[0.8,0.72],[32.25,-0.16],[0,0],[0,0],[11.033,9.606],[-3.686,10.317],[0,0],[-68.085,2.903],[-3.924,-8.958],[-0.321,-1.36],[-0.24,-0.72],[0,0],[14.157,-4.567],[6.964,8.716]],"o":[[0,0],[0,0],[-0.64,-0.88],[0,0],[-28.012,0.139],[0,0],[-9.686,11.033],[-8.235,-7.205],[0,0],[0.721,-1.679],[70.12,-2.99],[0.641,1.28],[0.4,1.04],[0,0],[4.567,14.157],[-10.638,3.445],[0,0]],"v":[[53.858,43.385],[52.657,41.625],[50.976,39.466],[48.895,37.147],[-3.36,10.6],[-54.022,42.425],[-56.423,45.143],[-93.861,47.678],[-101.362,18.556],[-100.48,15.997],[-6.48,-57.32],[97.359,9.764],[98.881,13.683],[99.762,16.323],[100.483,18.482],[83.141,52.409],[53.778,43.625]],"c":true}]},{"i":{"x":0.667,"y":1},"o":{"x":0,"y":0},"t":35,"s":[{"i":[[0,0],[0,0],[0,0],[1.017,0.353],[32.25,-0.16],[0,0],[0,0],[7.378,12.632],[-6.773,8.611],[0,0],[-52.891,0.648],[-7.089,-6.737],[-0.823,-1.129],[-0.5,-0.57],[0,0],[11.27,-9.709],[9.797,5.336]],"o":[[0,0],[0,0],[-0.931,-0.563],[0,0],[-28.012,0.139],[0,0],[-12.69,7.383],[-5.519,-9.448],[0,0],[1.217,-1.363],[60.37,-0.74],[1.086,0.931],[0.772,0.803],[0,0],[9.696,11.281],[-8.472,7.298],[0,0]],"v":[[62.997,27.915],[61.209,26.759],[58.822,25.42],[56.005,24.089],[-3.36,10.6],[-62.448,25.688],[-65.589,27.503],[-101.893,18.011],[-99.751,-11.986],[-98.102,-14.132],[-6.48,-57.32],[90.071,-19.935],[92.993,-16.912],[94.828,-14.82],[96.33,-13.109],[93.49,24.888],[63.017,28.168]],"c":true}]},{"i":{"x":0.2,"y":0.2},"o":{"x":0.333,"y":0},"t":58,"s":[{"i":[[0,0],[0,0],[0,0],[0.8,0.72],[32.25,-0.16],[0,0],[0,0],[11.033,9.606],[-3.686,10.317],[0,0],[-68.085,2.903],[-3.924,-8.958],[-0.321,-1.36],[-0.24,-0.72],[0,0],[14.157,-4.567],[6.964,8.716]],"o":[[0,0],[0,0],[-0.64,-0.88],[0,0],[-28.012,0.139],[0,0],[-9.686,11.033],[-8.235,-7.205],[0,0],[0.721,-1.679],[70.12,-2.99],[0.641,1.28],[0.4,1.04],[0,0],[4.567,14.157],[-10.638,3.445],[0,0]],"v":[[53.858,43.385],[52.657,41.625],[50.976,39.466],[48.895,37.147],[-3.36,10.6],[-54.022,42.425],[-56.423,45.143],[-93.861,47.678],[-101.362,18.556],[-100.48,15.997],[-6.48,-57.32],[97.359,9.764],[98.881,13.683],[99.762,16.323],[100.483,18.482],[83.141,52.409],[53.778,43.625]],"c":true}]},{"i":{"x":0.2,"y":1},"o":{"x":0,"y":0},"t":91,"s":[{"i":[[0,0],[0,0],[0,0],[0.8,0.72],[32.25,-0.16],[0,0],[0,0],[11.033,9.606],[-3.686,10.317],[0,0],[-68.085,2.903],[-3.924,-8.958],[-0.321,-1.36],[-0.24,-0.72],[0,0],[14.157,-4.567],[6.964,8.716]],"o":[[0,0],[0,0],[-0.64,-0.88],[0,0],[-28.012,0.139],[0,0],[-9.686,11.033],[-8.235,-7.205],[0,0],[0.721,-1.679],[70.12,-2.99],[0.641,1.28],[0.4,1.04],[0,0],[4.567,14.157],[-10.638,3.445],[0,0]],"v":[[53.858,43.385],[52.657,41.625],[50.976,39.466],[48.895,37.147],[-3.36,10.6],[-54.022,42.425],[-56.423,45.143],[-93.861,47.678],[-101.362,18.556],[-100.48,15.997],[-6.48,-57.32],[97.359,9.764],[98.881,13.683],[99.762,16.323],[100.483,18.482],[83.141,52.409],[53.778,43.625]],"c":true}]},{"i":{"x":0.667,"y":1},"o":{"x":0,"y":0},"t":117,"s":[{"i":[[0,0],[0,0],[0,0],[1.017,0.353],[32.25,-0.16],[0,0],[0,0],[7.378,12.632],[-6.773,8.611],[0,0],[-52.891,0.648],[-7.089,-6.737],[-0.823,-1.129],[-0.5,-0.57],[0,0],[11.27,-9.709],[9.797,5.336]],"o":[[0,0],[0,0],[-0.931,-0.563],[0,0],[-28.012,0.139],[0,0],[-12.69,7.383],[-5.519,-9.448],[0,0],[1.217,-1.363],[60.37,-0.74],[1.086,0.931],[0.772,0.803],[0,0],[9.696,11.281],[-8.472,7.298],[0,0]],"v":[[62.997,27.915],[61.209,26.759],[58.822,25.42],[56.005,24.089],[-3.36,10.6],[-62.448,25.688],[-65.589,27.503],[-101.893,18.011],[-99.751,-11.986],[-98.102,-14.132],[-6.48,-57.32],[90.071,-19.935],[92.993,-16.912],[94.828,-14.82],[96.33,-13.109],[93.49,24.888],[63.017,28.168]],"c":true}]},{"t":136,"s":[{"i":[[0,0],[0,0],[0,0],[0.8,0.72],[32.25,-0.16],[0,0],[0,0],[11.033,9.606],[-3.686,10.317],[0,0],[-68.085,2.903],[-3.924,-8.958],[-0.321,-1.36],[-0.24,-0.72],[0,0],[14.157,-4.567],[6.964,8.716]],"o":[[0,0],[0,0],[-0.64,-0.88],[0,0],[-28.012,0.139],[0,0],[-9.686,11.033],[-8.235,-7.205],[0,0],[0.721,-1.679],[70.12,-2.99],[0.641,1.28],[0.4,1.04],[0,0],[4.567,14.157],[-10.638,3.445],[0,0]],"v":[[53.858,43.385],[52.657,41.625],[50.976,39.466],[48.895,37.147],[-3.36,10.6],[-54.022,42.425],[-56.423,45.143],[-93.861,47.678],[-101.362,18.556],[-100.48,15.997],[-6.48,-57.32],[97.359,9.764],[98.881,13.683],[99.762,16.323],[100.483,18.482],[83.141,52.409],[53.778,43.625]],"c":true}]}],"ix":2},"nm":"Path 1","mn":"ADBE Vector Shape - Group","hd":false},{"ty":"fl","c":{"a":0,"k":[0.258999992819,0.169000004787,0.051000000449,1],"ix":4},"o":{"a":0,"k":100,"ix":5},"r":1,"bm":0,"nm":"Fill 1","mn":"ADBE Vector Graphic - Fill","hd":false},{"ty":"tr","p":{"a":0,"k":[331.36,403.56],"ix":2},"a":{"a":0,"k":[0,0],"ix":1},"s":{"a":0,"k":[100,100],"ix":3},"r":{"a":0,"k":0,"ix":6},"o":{"a":0,"k":100,"ix":7},"sk":{"a":0,"k":0,"ix":4},"sa":{"a":0,"k":0,"ix":5},"nm":"Transform"}],"nm":"Group 2","np":2,"cix":2,"bm":0,"ix":1,"mn":"ADBE Vector Group","hd":false}],"ip":0,"op":151,"st":0,"bm":0},{"ddd":0,"ind":11,"ty":4,"nm":"base matte","parent":13,"td":1,"sr":1,"ks":{"o":{"a":0,"k":100,"ix":11},"r":{"a":0,"k":0,"ix":10},"p":{"a":0,"k":[-2,-3,0],"ix":2,"l":2},"a":{"a":0,"k":[0,0,0],"ix":1,"l":2},"s":{"a":0,"k":[100,100,100],"ix":6,"l":2}},"ao":0,"shapes":[{"ty":"gr","it":[{"ind":0,"ty":"sh","ix":1,"ks":{"a":0,"k":{"i":[[15.4,0],[0,38.4],[-27.9,0],[-10.6,-9.3],[0,-16.9],[11.5,-10.2]],"o":[[-27.9,0],[0,-38.4],[15.5,0],[11.5,10.2],[0,16.9],[-10.6,9.3]],"v":[[0,55.9],[-58,0],[0,-55.9],[40.4,-41.5],[58,0],[40.4,41.4]],"c":true},"ix":2},"nm":"Path 1","mn":"ADBE Vector Shape - Group","hd":false},{"ty":"gf","o":{"a":0,"k":100,"ix":10},"r":1,"bm":0,"g":{"p":5,"k":{"a":0,"k":[0.48,0.992,0.878,0.188,0.691,0.98,0.816,0.178,0.902,0.969,0.753,0.169,0.966,0.963,0.694,0.153,1,0.957,0.635,0.137],"ix":9}},"s":{"a":0,"k":[0,0],"ix":5},"e":{"a":0,"k":[56.225,0],"ix":6},"t":2,"h":{"a":0,"k":0,"ix":7},"a":{"a":0,"k":0,"ix":8},"nm":"Gradient Fill 1","mn":"ADBE Vector Graphic - G-Fill","hd":false},{"ty":"tr","p":{"a":0,"k":[0,0],"ix":2},"a":{"a":0,"k":[0,0],"ix":1},"s":{"a":0,"k":[100,100],"ix":3},"r":{"a":0,"k":0,"ix":6},"o":{"a":0,"k":100,"ix":7},"sk":{"a":0,"k":0,"ix":4},"sa":{"a":0,"k":0,"ix":5},"nm":"Transform"}],"nm":"Group 1","np":2,"cix":2,"bm":0,"ix":1,"mn":"ADBE Vector Group","hd":false}],"ip":0,"op":151,"st":0,"bm":0},{"ddd":0,"ind":12,"ty":4,"nm":"base shadow","parent":13,"tt":2,"sr":1,"ks":{"o":{"a":0,"k":100,"ix":11},"r":{"a":0,"k":0,"ix":10},"p":{"a":0,"k":[0,0,0],"ix":2,"l":2},"a":{"a":0,"k":[0,0,0],"ix":1,"l":2},"s":{"a":0,"k":[100,100,100],"ix":6,"l":2}},"ao":0,"shapes":[{"ty":"gr","it":[{"ind":0,"ty":"sh","ix":1,"ks":{"a":0,"k":{"i":[[15.4,0],[0,38.4],[-27.9,0],[-10.6,-9.3],[0,-16.9],[11.5,-10.2]],"o":[[-27.9,0],[0,-38.4],[15.5,0],[11.5,10.2],[0,16.9],[-10.6,9.3]],"v":[[0,55.9],[-58,0],[0,-55.9],[40.4,-41.5],[58,0],[40.4,41.4]],"c":true},"ix":2},"nm":"Path 1","mn":"ADBE Vector Shape - Group","hd":false},{"ty":"fl","c":{"a":0,"k":[0.921568627451,0.560784313725,0,1],"ix":4},"o":{"a":0,"k":100,"ix":5},"r":1,"bm":0,"nm":"Fill 1","mn":"ADBE Vector Graphic - Fill","hd":false},{"ty":"tr","p":{"a":0,"k":[0,0],"ix":2},"a":{"a":0,"k":[0,0],"ix":1},"s":{"a":0,"k":[100,100],"ix":3},"r":{"a":0,"k":0,"ix":6},"o":{"a":0,"k":100,"ix":7},"sk":{"a":0,"k":0,"ix":4},"sa":{"a":0,"k":0,"ix":5},"nm":"Transform"}],"nm":"Group 1","np":2,"cix":2,"bm":0,"ix":1,"mn":"ADBE Vector Group","hd":false}],"ip":0,"op":151,"st":0,"bm":0},{"ddd":0,"ind":13,"ty":4,"nm":"base normal","sr":1,"ks":{"o":{"a":0,"k":100,"ix":11},"r":{"a":0,"k":0,"ix":10},"p":{"a":1,"k":[{"i":{"x":0.2,"y":1},"o":{"x":0.4,"y":0},"t":0,"s":[509.5,503.5,0],"to":[0,-2.667,0],"ti":[0,-2.667,0]},{"i":{"x":0.2,"y":1},"o":{"x":0,"y":0},"t":37,"s":[509.5,487.5,0],"to":[0,2.667,0],"ti":[0,0,0]},{"i":{"x":0.2,"y":1},"o":{"x":0,"y":0},"t":92,"s":[509.5,519.5,0],"to":[0,0,0],"ti":[0,2.667,0]},{"i":{"x":0.2,"y":1},"o":{"x":0,"y":0},"t":119,"s":[509.5,487.5,0],"to":[0,-2.667,0],"ti":[0,-2.667,0]},{"t":144,"s":[509.5,503.5,0]}],"ix":2,"l":2},"a":{"a":0,"k":[0,0,0],"ix":1,"l":2},"s":{"a":0,"k":[800,800,100],"ix":6,"l":2}},"ao":0,"shapes":[{"ty":"gr","it":[{"ind":0,"ty":"sh","ix":1,"ks":{"a":0,"k":{"i":[[15.4,0],[0,38.4],[-27.9,0],[-10.6,-9.3],[0,-16.9],[11.5,-10.2]],"o":[[-27.9,0],[0,-38.4],[15.5,0],[11.5,10.2],[0,16.9],[-10.6,9.3]],"v":[[0,55.9],[-58,0],[0,-55.9],[40.4,-41.5],[58,0],[40.4,41.4]],"c":true},"ix":2},"nm":"Path 1","mn":"ADBE Vector Shape - Group","hd":false},{"ty":"gf","o":{"a":0,"k":100,"ix":10},"r":1,"bm":0,"g":{"p":5,"k":{"a":0,"k":[0.48,0.992,0.878,0.188,0.691,0.98,0.816,0.178,0.902,0.969,0.753,0.169,0.966,0.963,0.694,0.153,1,0.957,0.635,0.137],"ix":9}},"s":{"a":0,"k":[0,0],"ix":5},"e":{"a":0,"k":[56.225,0],"ix":6},"t":2,"h":{"a":0,"k":0,"ix":7},"a":{"a":0,"k":0,"ix":8},"nm":"Gradient Fill 1","mn":"ADBE Vector Graphic - G-Fill","hd":false},{"ty":"tr","p":{"a":0,"k":[0,0],"ix":2},"a":{"a":0,"k":[0,0],"ix":1},"s":{"a":0,"k":[100,100],"ix":3},"r":{"a":0,"k":0,"ix":6},"o":{"a":0,"k":100,"ix":7},"sk":{"a":0,"k":0,"ix":4},"sa":{"a":0,"k":0,"ix":5},"nm":"Transform"}],"nm":"Group 1","np":2,"cix":2,"bm":0,"ix":1,"mn":"ADBE Vector Group","hd":false}],"ip":0,"op":151,"st":0,"bm":0}]}],"layers":[{"ddd":0,"ind":1,"ty":0,"nm":"laught_cry","refId":"comp_0","sr":0.8,"ks":{"o":{"a":0,"k":100,"ix":11},"r":{"a":0,"k":0,"ix":10},"p":{"a":0,"k":[512,512,0],"ix":2,"l":2},"a":{"a":0,"k":[512,512,0],"ix":1,"l":2},"s":{"a":0,"k":[100,100,100],"ix":6,"l":2}},"ao":0,"w":1024,"h":1024,"ip":0,"op":118,"st":0,"bm":0}],"markers":[{"tm":116,"cm":"rest","dr":0}]}