{"v":"5.8.1","fr":60,"ip":0,"op":180,"w":1024,"h":1024,"nm":"emoji_pouting","ddd":0,"assets":[],"layers":[{"ddd":0,"ind":1,"ty":3,"nm":"Null ALL","sr":1,"ks":{"o":{"a":0,"k":0,"ix":11},"r":{"a":0,"k":0,"ix":10},"p":{"s":true,"x":{"a":1,"k":[{"i":{"x":[0.833],"y":[1]},"o":{"x":[0.167],"y":[0]},"t":10,"s":[512]},{"i":{"x":[0.667],"y":[1]},"o":{"x":[0.167],"y":[0]},"t":20,"s":[512]},{"i":{"x":[0.667],"y":[1]},"o":{"x":[0.333],"y":[0]},"t":60,"s":[512]},{"i":{"x":[0.667],"y":[1]},"o":{"x":[0.333],"y":[0]},"t":92.5,"s":[512]},{"i":{"x":[0.833],"y":[1]},"o":{"x":[0.333],"y":[0]},"t":110,"s":[512]},{"t":180,"s":[512]}],"ix":3},"y":{"a":1,"k":[{"i":{"x":[0.833],"y":[1]},"o":{"x":[0.167],"y":[0]},"t":10,"s":[500]},{"i":{"x":[0],"y":[1]},"o":{"x":[0.167],"y":[0.167]},"t":20,"s":[500]},{"i":{"x":[0.667],"y":[1]},"o":{"x":[1],"y":[0]},"t":30,"s":[476]},{"i":{"x":[0.688],"y":[0.928]},"o":{"x":[0.333],"y":[0]},"t":60,"s":[576]},{"i":{"x":[0.246],"y":[1]},"o":{"x":[0.142],"y":[0.47]},"t":92.5,"s":[512]},{"t":180,"s":[500]}],"ix":4}},"a":{"a":0,"k":[0,0,0],"ix":1,"l":2},"s":{"a":1,"k":[{"i":{"x":[0.833,0.833,0.833],"y":[0.833,0.833,1]},"o":{"x":[0.333,0.333,0.333],"y":[0,0,0]},"t":30,"s":[200,200,100]},{"i":{"x":[0.667,0.667,0.667],"y":[1,1,1]},"o":{"x":[0.167,0.167,0.167],"y":[0.167,0.167,0]},"t":47.5,"s":[196,208,100]},{"i":{"x":[0.667,0.667,0.667],"y":[1,1,1]},"o":{"x":[0.333,0.333,0.333],"y":[0,0,0]},"t":60,"s":[202,192,100]},{"t":92.5,"s":[200,200,100]}],"ix":6,"l":2}},"ao":0,"ip":0,"op":182.5,"st":0,"bm":0},{"ddd":0,"ind":2,"ty":3,"nm":"Null Face","parent":1,"sr":1,"ks":{"o":{"a":0,"k":0,"ix":11},"r":{"a":0,"k":0,"ix":10},"p":{"s":true,"x":{"a":1,"k":[{"i":{"x":[0.833],"y":[1]},"o":{"x":[0.167],"y":[0]},"t":10,"s":[0]},{"i":{"x":[0.833],"y":[0.833]},"o":{"x":[0.167],"y":[0.167]},"t":20,"s":[0]},{"i":{"x":[0.833],"y":[0.833]},"o":{"x":[0.167],"y":[0.167]},"t":50,"s":[0]},{"i":{"x":[0.833],"y":[0.833]},"o":{"x":[0.167],"y":[0.167]},"t":55,"s":[-20]},{"i":{"x":[0.833],"y":[0.833]},"o":{"x":[0.167],"y":[0.167]},"t":60,"s":[20]},{"i":{"x":[0.833],"y":[0.833]},"o":{"x":[0.167],"y":[0.167]},"t":65,"s":[-20]},{"i":{"x":[0.833],"y":[0.833]},"o":{"x":[0.167],"y":[0.167]},"t":70,"s":[20]},{"i":{"x":[0.833],"y":[0.833]},"o":{"x":[0.167],"y":[0.167]},"t":75,"s":[-2.253]},{"i":{"x":[0.743],"y":[1]},"o":{"x":[0.167],"y":[0.167]},"t":82.5,"s":[1.121]},{"i":{"x":[0.667],"y":[1]},"o":{"x":[0.167],"y":[0]},"t":90,"s":[0]},{"i":{"x":[0.768],"y":[1]},"o":{"x":[0.312],"y":[0]},"t":110,"s":[0]},{"t":180,"s":[0]}],"ix":3},"y":{"a":1,"k":[{"i":{"x":[0.833],"y":[0.833]},"o":{"x":[0.167],"y":[0]},"t":10,"s":[59]},{"i":{"x":[0],"y":[1]},"o":{"x":[0.167],"y":[0.167]},"t":20,"s":[75]},{"i":{"x":[0],"y":[1]},"o":{"x":[1],"y":[0]},"t":30,"s":[49]},{"i":{"x":[0],"y":[1]},"o":{"x":[1],"y":[0]},"t":45,"s":[49]},{"i":{"x":[0.833],"y":[0.833]},"o":{"x":[1],"y":[0]},"t":50,"s":[79]},{"i":{"x":[0.482],"y":[0.864]},"o":{"x":[0.167],"y":[0.167]},"t":65,"s":[99]},{"i":{"x":[0.671],"y":[1]},"o":{"x":[0.248],"y":[1.7]},"t":90,"s":[63.842]},{"t":180,"s":[59]}],"ix":4}},"a":{"a":0,"k":[0,0,0],"ix":1,"l":2},"s":{"a":0,"k":[100,100,100],"ix":6,"l":2}},"ao":0,"ip":0,"op":182.5,"st":0,"bm":0},{"ddd":0,"ind":3,"ty":4,"nm":"eyes ","parent":2,"sr":1,"ks":{"o":{"a":1,"k":[{"t":30,"s":[100],"h":1},{"t":52,"s":[0],"h":1},{"t":72,"s":[100],"h":1},{"i":{"x":[0.833],"y":[1]},"o":{"x":[0.333],"y":[0]},"t":110,"s":[100]},{"t":180,"s":[100]}],"ix":11},"r":{"a":0,"k":0,"ix":10},"p":{"a":0,"k":[4.601,-44.601,0],"ix":2,"l":2},"a":{"a":0,"k":[29.3,12.85,0],"ix":1,"l":2},"s":{"a":0,"k":[400,400,100],"ix":6,"l":2}},"ao":0,"shapes":[{"ty":"gr","it":[{"ind":0,"ty":"sh","ix":1,"ks":{"a":1,"k":[{"i":{"x":0.833,"y":0.833},"o":{"x":0.167,"y":0},"t":10,"s":[{"i":[[0.9,0.899],[0,0],[0.7,-1.401],[-0.9,-0.901],[-0.7,1.399]],"o":[[0,0],[-1.4,-0.7],[-0.5,1.099],[1.4,0.7],[0.6,-1.101]],"v":[[1.55,-2.3],[1.55,-2.3],[-2.25,-1],[-1.65,2.3],[2.15,1]],"c":true}]},{"i":{"x":0,"y":1},"o":{"x":0.167,"y":0.167},"t":20,"s":[{"i":[[0.9,0.894],[0,0],[0.7,-1.393],[-0.9,-0.896],[-0.7,1.391]],"o":[[0,0],[-1.4,-0.696],[-0.5,1.092],[1.4,0.696],[0.6,-1.094]],"v":[[1.55,-0.187],[1.55,-0.187],[-2.25,1.105],[-1.65,4.386],[2.15,3.093]],"c":true}]},{"i":{"x":0.833,"y":0.833},"o":{"x":1,"y":0},"t":30,"s":[{"i":[[0.9,0.899],[0,0],[0.7,-1.401],[-0.9,-0.901],[-0.7,1.399]],"o":[[0,0],[-1.4,-0.7],[-0.5,1.099],[1.4,0.7],[0.6,-1.101]],"v":[[1.775,-13.378],[1.775,-13.378],[-2.025,-12.078],[-1.425,-8.778],[2.375,-10.078]],"c":true}]},{"i":{"x":0.833,"y":0.833},"o":{"x":0.167,"y":0.167},"t":50,"s":[{"i":[[0.9,0.894],[0,0],[0.7,-1.393],[-0.9,-0.896],[-0.7,1.391]],"o":[[0,0],[-1.4,-0.696],[-0.5,1.092],[1.4,0.696],[0.6,-1.094]],"v":[[1.55,-3.437],[1.55,-3.437],[-2.25,-2.145],[-1.65,1.136],[2.15,-0.157]],"c":true}]},{"i":{"x":0,"y":1},"o":{"x":0.167,"y":0.167},"t":70,"s":[{"i":[[1.028,0.742],[0,0],[0.474,-1.485],[-1.029,-0.744],[-0.475,1.483]],"o":[[0,0],[-1.491,-0.469],[-0.324,1.157],[1.491,0.469],[0.422,-1.175]],"v":[[0.175,3.214],[0.175,3.214],[-3.377,5.082],[-2.273,8.229],[1.279,6.36]],"c":true}]},{"i":{"x":0.667,"y":1},"o":{"x":0.333,"y":0},"t":80,"s":[{"i":[[0.9,0.899],[0,0],[0.7,-1.401],[-0.9,-0.901],[-0.7,1.399]],"o":[[0,0],[-1.4,-0.7],[-0.5,1.099],[1.4,0.7],[0.6,-1.101]],"v":[[1.55,-2.3],[1.55,-2.3],[-2.25,-1],[-1.65,2.3],[2.15,1]],"c":true}]},{"i":{"x":0.833,"y":1},"o":{"x":0.333,"y":0},"t":110,"s":[{"i":[[0.9,0.899],[0,0],[0.7,-1.401],[-0.9,-0.901],[-0.7,1.399]],"o":[[0,0],[-1.4,-0.7],[-0.5,1.099],[1.4,0.7],[0.6,-1.101]],"v":[[1.55,-2.3],[1.55,-2.3],[-2.25,-1],[-1.65,2.3],[2.15,1]],"c":true}]},{"t":180,"s":[{"i":[[0.9,0.899],[0,0],[0.7,-1.401],[-0.9,-0.901],[-0.7,1.399]],"o":[[0,0],[-1.4,-0.7],[-0.5,1.099],[1.4,0.7],[0.6,-1.101]],"v":[[1.55,-2.3],[1.55,-2.3],[-2.25,-1],[-1.65,2.3],[2.15,1]],"c":true}]}],"ix":2},"nm":"Path 1","mn":"ADBE Vector Shape - Group","hd":false},{"ty":"fl","c":{"a":0,"k":[0.536999990426,0.375999989229,0.141000007181,1],"ix":4},"o":{"a":0,"k":100,"ix":5},"r":1,"bm":0,"nm":"Fill 1","mn":"ADBE Vector Graphic - Fill","hd":false},{"ty":"tr","p":{"a":0,"k":[43.6,13.451],"ix":2},"a":{"a":0,"k":[0,0],"ix":1},"s":{"a":0,"k":[100,100],"ix":3},"r":{"a":0,"k":0,"ix":6},"o":{"a":0,"k":100,"ix":7},"sk":{"a":0,"k":0,"ix":4},"sa":{"a":0,"k":0,"ix":5},"nm":"Transform"}],"nm":"Group 1","np":2,"cix":2,"bm":0,"ix":1,"mn":"ADBE Vector Group","hd":false},{"ty":"gr","it":[{"ind":0,"ty":"sh","ix":1,"ks":{"a":1,"k":[{"i":{"x":0.833,"y":0.833},"o":{"x":0.167,"y":0},"t":10,"s":[{"i":[[0.9,0.899],[0,0],[0.7,-1.401],[-0.9,-0.901],[-0.7,1.399]],"o":[[0,0],[-1.4,-0.7],[-0.5,1.099],[1.4,0.7],[0.6,-1.101]],"v":[[1.55,-2.3],[1.55,-2.3],[-2.25,-1],[-1.65,2.3],[2.15,1]],"c":true}]},{"i":{"x":0,"y":1},"o":{"x":0.167,"y":0.167},"t":20,"s":[{"i":[[0.9,0.92],[0,0],[0.7,-1.433],[-0.9,-0.922],[-0.7,1.431]],"o":[[0,0],[-1.4,-0.716],[-0.5,1.124],[1.4,0.716],[0.6,-1.126]],"v":[[1.55,-0.292],[1.55,-0.292],[-2.25,1.038],[-1.65,4.414],[2.15,3.084]],"c":true}]},{"i":{"x":0.833,"y":0.833},"o":{"x":1,"y":0},"t":30,"s":[{"i":[[0.9,0.899],[0,0],[0.7,-1.401],[-0.9,-0.901],[-0.7,1.399]],"o":[[0,0],[-1.4,-0.7],[-0.5,1.099],[1.4,0.7],[0.6,-1.101]],"v":[[1.369,-13.363],[1.369,-13.363],[-2.431,-12.063],[-1.831,-8.763],[1.969,-10.063]],"c":true}]},{"i":{"x":0.833,"y":0.833},"o":{"x":0.167,"y":0.167},"t":50,"s":[{"i":[[0.9,0.92],[0,0],[0.7,-1.433],[-0.9,-0.922],[-0.7,1.431]],"o":[[0,0],[-1.4,-0.716],[-0.5,1.124],[1.4,0.716],[0.6,-1.126]],"v":[[1.55,-3.542],[1.55,-3.542],[-2.25,-2.212],[-1.65,1.164],[2.15,-0.166]],"c":true}]},{"i":{"x":0,"y":1},"o":{"x":0.167,"y":0.167},"t":70,"s":[{"i":[[0.623,1.126],[0,0],[1.056,-1.196],[-0.623,-1.128],[-1.055,1.194]],"o":[[0,0],[-1.16,-1.062],[-0.781,0.951],[1.16,1.062],[0.878,-0.926]],"v":[[3.09,2.605],[3.09,2.605],[-0.926,2.878],[-1.245,6.292],[2.772,6.019]],"c":true}]},{"i":{"x":0.667,"y":1},"o":{"x":0.333,"y":0},"t":80,"s":[{"i":[[0.9,0.899],[0,0],[0.7,-1.401],[-0.9,-0.901],[-0.7,1.399]],"o":[[0,0],[-1.4,-0.7],[-0.5,1.099],[1.4,0.7],[0.6,-1.101]],"v":[[1.55,-2.3],[1.55,-2.3],[-2.25,-1],[-1.65,2.3],[2.15,1]],"c":true}]},{"i":{"x":0.833,"y":1},"o":{"x":0.333,"y":0},"t":110,"s":[{"i":[[0.9,0.899],[0,0],[0.7,-1.401],[-0.9,-0.901],[-0.7,1.399]],"o":[[0,0],[-1.4,-0.7],[-0.5,1.099],[1.4,0.7],[0.6,-1.101]],"v":[[1.55,-2.3],[1.55,-2.3],[-2.25,-1],[-1.65,2.3],[2.15,1]],"c":true}]},{"t":180,"s":[{"i":[[0.9,0.899],[0,0],[0.7,-1.401],[-0.9,-0.901],[-0.7,1.399]],"o":[[0,0],[-1.4,-0.7],[-0.5,1.099],[1.4,0.7],[0.6,-1.101]],"v":[[1.55,-2.3],[1.55,-2.3],[-2.25,-1],[-1.65,2.3],[2.15,1]],"c":true}]}],"ix":2},"nm":"Path 1","mn":"ADBE Vector Shape - Group","hd":false},{"ty":"fl","c":{"a":0,"k":[0.536999990426,0.375999989229,0.141000007181,1],"ix":4},"o":{"a":0,"k":100,"ix":5},"r":1,"bm":0,"nm":"Fill 1","mn":"ADBE Vector Graphic - Fill","hd":false},{"ty":"tr","p":{"a":0,"k":[11.1,13.451],"ix":2},"a":{"a":0,"k":[0,0],"ix":1},"s":{"a":0,"k":[100,100],"ix":3},"r":{"a":0,"k":0,"ix":6},"o":{"a":0,"k":100,"ix":7},"sk":{"a":0,"k":0,"ix":4},"sa":{"a":0,"k":0,"ix":5},"nm":"Transform"}],"nm":"Group 2","np":2,"cix":2,"bm":0,"ix":2,"mn":"ADBE Vector Group","hd":false},{"ty":"gr","it":[{"ind":0,"ty":"sh","ix":1,"ks":{"a":1,"k":[{"i":{"x":0.833,"y":0.833},"o":{"x":0.167,"y":0},"t":10,"s":[{"i":[[-0.024,-6.437],[0,0],[0,0],[-4.1,0],[0,4.1],[0,0],[2.3,1.401]],"o":[[0,0],[0,0],[0,4.1],[4.101,0],[0,0],[0,-2.799],[-4.724,-2.5]],"v":[[-8.65,3.4],[-8.65,3.6],[-8.65,5.1],[-1.151,12.6],[6.35,5.1],[6.35,3.6],[2.549,-3.1]],"c":true}]},{"i":{"x":0,"y":1},"o":{"x":0.167,"y":0.167},"t":20,"s":[{"i":[[-0.024,-5.485],[0,0],[0,0],[-4.1,0],[0,3.493],[0,0],[2.3,1.194]],"o":[[0,0],[0,0],[0,3.493],[4.101,0],[0,0],[0,-2.385],[-4.724,-2.13]],"v":[[-8.65,5.511],[-8.65,5.682],[-8.65,6.96],[-1.151,13.35],[6.35,6.96],[6.35,5.682],[2.549,-0.027]],"c":true}]},{"i":{"x":0.833,"y":0.833},"o":{"x":1,"y":0},"t":30,"s":[{"i":[[-0.024,-6.437],[0,0],[0,0],[-4.1,0],[0,4.1],[0,0],[2.3,1.401]],"o":[[0,0],[0,0],[0,4.1],[4.101,0],[0,0],[0,-2.799],[-4.724,-2.5]],"v":[[-8.426,-8.959],[-8.426,-8.759],[-8.426,-5.65],[-0.926,1.85],[6.574,-5.65],[6.574,-8.759],[2.774,-15.459]],"c":true}]},{"i":{"x":0.833,"y":0.833},"o":{"x":0.167,"y":0.167},"t":50,"s":[{"i":[[-0.024,-5.485],[0,0],[0,0],[-4.1,0],[0,3.493],[0,0],[2.3,1.194]],"o":[[0,0],[0,0],[0,3.493],[4.101,0],[0,0],[0,-2.385],[-4.724,-2.13]],"v":[[-8.65,2.261],[-8.65,2.432],[-8.65,3.71],[-1.151,10.1],[6.35,3.71],[6.35,2.432],[2.549,-3.277]],"c":true}]},{"i":{"x":0,"y":1},"o":{"x":0.167,"y":0.167},"t":70,"s":[{"i":[[-0.685,-4.183],[0,0],[0,0],[-4.05,0.639],[0.421,2.666],[0,0],[2.38,0.327]],"o":[[0,0],[0,0],[0.421,2.666],[4.051,-0.639],[0,0],[-0.287,-1.82],[-4.86,-0.486]],"v":[[-9.677,6.577],[-9.657,6.707],[-9.503,7.682],[-1.527,10.111],[5.314,5.344],[5.16,4.369],[0.917,1.858]],"c":true}]},{"i":{"x":0.667,"y":1},"o":{"x":0.333,"y":0},"t":80,"s":[{"i":[[-0.024,-6.437],[0,0],[0,0],[-4.1,0],[0,4.1],[0,0],[2.3,1.401]],"o":[[0,0],[0,0],[0,4.1],[4.101,0],[0,0],[0,-2.799],[-4.724,-2.5]],"v":[[-8.65,3.4],[-8.65,3.6],[-8.65,5.1],[-1.151,12.6],[6.35,5.1],[6.35,3.6],[2.549,-3.1]],"c":true}]},{"i":{"x":0.833,"y":1},"o":{"x":0.333,"y":0},"t":110,"s":[{"i":[[-0.024,-6.437],[0,0],[0,0],[-4.1,0],[0,4.1],[0,0],[2.3,1.401]],"o":[[0,0],[0,0],[0,4.1],[4.101,0],[0,0],[0,-2.799],[-4.724,-2.5]],"v":[[-8.65,3.4],[-8.65,3.6],[-8.65,5.1],[-1.151,12.6],[6.35,5.1],[6.35,3.6],[2.549,-3.1]],"c":true}]},{"t":180,"s":[{"i":[[-0.024,-6.437],[0,0],[0,0],[-4.1,0],[0,4.1],[0,0],[2.3,1.401]],"o":[[0,0],[0,0],[0,4.1],[4.101,0],[0,0],[0,-2.799],[-4.724,-2.5]],"v":[[-8.65,3.4],[-8.65,3.6],[-8.65,5.1],[-1.151,12.6],[6.35,5.1],[6.35,3.6],[2.549,-3.1]],"c":true}]}],"ix":2},"nm":"Path 1","mn":"ADBE Vector Shape - Group","hd":false},{"ty":"fl","c":{"a":0,"k":[0.258999992819,0.169000004787,0.051000000449,1],"ix":4},"o":{"a":0,"k":100,"ix":5},"r":1,"bm":0,"nm":"Fill 1","mn":"ADBE Vector Graphic - Fill","hd":false},{"ty":"tr","p":{"a":0,"k":[46.7,12.85],"ix":2},"a":{"a":0,"k":[0,0],"ix":1},"s":{"a":0,"k":[100,100],"ix":3},"r":{"a":0,"k":0,"ix":6},"o":{"a":0,"k":100,"ix":7},"sk":{"a":0,"k":0,"ix":4},"sa":{"a":0,"k":0,"ix":5},"nm":"Transform"}],"nm":"Group 3","np":2,"cix":2,"bm":0,"ix":3,"mn":"ADBE Vector Group","hd":false},{"ty":"gr","it":[{"ind":0,"ty":"sh","ix":1,"ks":{"a":1,"k":[{"i":{"x":0.833,"y":0.833},"o":{"x":0.167,"y":0},"t":10,"s":[{"i":[[6.513,-3.276],[0,-2.699],[0,0],[-4.1,0],[0,4.1],[0,0],[0,0]],"o":[[-2.4,1.399],[0,0],[0,4.1],[4.1,0],[0,0],[0,0],[0,-3.901]],"v":[[-2.45,-3.149],[-6.25,3.55],[-6.25,5.05],[1.25,12.55],[8.75,5.05],[8.75,3.55],[8.75,3.351]],"c":true}]},{"i":{"x":0,"y":1},"o":{"x":0.167,"y":0.167},"t":20,"s":[{"i":[[6.513,-2.768],[0,-2.28],[0,0],[-4.1,0],[0,3.464],[0,0],[0,0]],"o":[[-2.4,1.182],[0,0],[0,3.464],[4.1,0],[0,0],[0,0],[0,-3.296]],"v":[[-2.45,0.036],[-6.25,5.696],[-6.25,6.963],[1.25,13.3],[8.75,6.963],[8.75,5.696],[8.75,5.528]],"c":true}]},{"i":{"x":0.833,"y":0.833},"o":{"x":1,"y":0},"t":30,"s":[{"i":[[6.513,-3.276],[0,-2.699],[0,0],[-4.1,0],[0,4.1],[0,0],[0,0]],"o":[[-2.4,1.399],[0,0],[0,4.1],[4.1,0],[0,0],[0,0],[0,-3.901]],"v":[[-2.788,-15.462],[-6.588,-8.606],[-6.588,-5.388],[0.912,2.112],[8.412,-5.388],[8.412,-9.075],[8.412,-9.274]],"c":true}]},{"i":{"x":0.833,"y":0.833},"o":{"x":0.167,"y":0.167},"t":50,"s":[{"i":[[6.513,-2.768],[0,-2.28],[0,0],[-4.1,0],[0,3.464],[0,0],[0,0]],"o":[[-2.4,1.182],[0,0],[0,3.464],[4.1,0],[0,0],[0,0],[0,-3.296]],"v":[[-2.45,-3.214],[-6.25,2.446],[-6.25,3.713],[1.25,10.05],[8.75,3.713],[8.75,2.446],[8.75,2.278]],"c":true}]},{"i":{"x":0,"y":1},"o":{"x":0.167,"y":0.167},"t":70,"s":[{"i":[[6.726,0.106],[0.49,-1.78],[0,0],[-3.953,-1.089],[-0.745,2.704],[0,0],[0,0]],"o":[[-2.505,0.056],[0,0],[-0.745,2.704],[3.953,1.089],[0,0],[0,0],[0.709,-2.573]],"v":[[-0.421,1.05],[-4.949,3.178],[-5.222,4.167],[1.001,9.816],[9.24,8.151],[9.512,7.162],[9.548,7.031]],"c":true}]},{"i":{"x":0.667,"y":1},"o":{"x":0.333,"y":0},"t":80,"s":[{"i":[[6.513,-3.276],[0,-2.699],[0,0],[-4.1,0],[0,4.1],[0,0],[0,0]],"o":[[-2.4,1.399],[0,0],[0,4.1],[4.1,0],[0,0],[0,0],[0,-3.901]],"v":[[-2.45,-3.149],[-6.25,3.55],[-6.25,5.05],[1.25,12.55],[8.75,5.05],[8.75,3.55],[8.75,3.351]],"c":true}]},{"i":{"x":0.833,"y":1},"o":{"x":0.333,"y":0},"t":110,"s":[{"i":[[6.513,-3.276],[0,-2.699],[0,0],[-4.1,0],[0,4.1],[0,0],[0,0]],"o":[[-2.4,1.399],[0,0],[0,4.1],[4.1,0],[0,0],[0,0],[0,-3.901]],"v":[[-2.45,-3.149],[-6.25,3.55],[-6.25,5.05],[1.25,12.55],[8.75,5.05],[8.75,3.55],[8.75,3.351]],"c":true}]},{"t":180,"s":[{"i":[[6.513,-3.276],[0,-2.699],[0,0],[-4.1,0],[0,4.1],[0,0],[0,0]],"o":[[-2.4,1.399],[0,0],[0,4.1],[4.1,0],[0,0],[0,0],[0,-3.901]],"v":[[-2.45,-3.149],[-6.25,3.55],[-6.25,5.05],[1.25,12.55],[8.75,5.05],[8.75,3.55],[8.75,3.351]],"c":true}]}],"ix":2},"nm":"Path 1","mn":"ADBE Vector Shape - Group","hd":false},{"ty":"fl","c":{"a":0,"k":[0.258999992819,0.169000004787,0.051000000449,1],"ix":4},"o":{"a":0,"k":100,"ix":5},"r":1,"bm":0,"nm":"Fill 1","mn":"ADBE Vector Graphic - Fill","hd":false},{"ty":"tr","p":{"a":0,"k":[11.9,12.8],"ix":2},"a":{"a":0,"k":[0,0],"ix":1},"s":{"a":0,"k":[100,100],"ix":3},"r":{"a":0,"k":0,"ix":6},"o":{"a":0,"k":100,"ix":7},"sk":{"a":0,"k":0,"ix":4},"sa":{"a":0,"k":0,"ix":5},"nm":"Transform"}],"nm":"Group 4","np":2,"cix":2,"bm":0,"ix":4,"mn":"ADBE Vector Group","hd":false}],"ip":0,"op":182.5,"st":0,"bm":0},{"ddd":0,"ind":4,"ty":4,"nm":"eyebrows extra","parent":2,"sr":1,"ks":{"o":{"a":0,"k":100,"ix":11},"r":{"a":0,"k":0,"ix":10},"p":{"a":0,"k":[-54.176,14.325,0],"ix":2,"l":2},"a":{"a":0,"k":[-56.176,61.895,0],"ix":1,"l":2},"s":{"a":0,"k":[100,100,100],"ix":6,"l":2}},"ao":0,"shapes":[{"ty":"gr","it":[{"ind":0,"ty":"sh","ix":1,"ks":{"a":1,"k":[{"i":{"x":0,"y":1},"o":{"x":0.167,"y":0.167},"t":52.5,"s":[{"i":[[12.348,-0.143],[-9.203,-2.748],[-5.098,2.063],[10.693,3.764]],"o":[[-12.103,0.14],[9.203,2.748],[5.098,-2.063],[-10.693,-3.764]],"v":[[-78.487,20.149],[-84.359,37.629],[-33.994,43.637],[-33.695,25.716]],"c":true}]},{"i":{"x":0.833,"y":0.833},"o":{"x":1,"y":0},"t":60,"s":[{"i":[[12.306,1.037],[-8.899,-3.614],[-5.272,1.567],[10.285,4.767]],"o":[[-12.061,-1.016],[8.899,3.614],[5.272,-1.567],[-10.285,-4.767]],"v":[[-77.155,20.525],[-84.669,37.364],[-35.107,48.153],[-33.099,30.342]],"c":true}]},{"i":{"x":0.667,"y":1},"o":{"x":0.167,"y":0.167},"t":67.5,"s":[{"i":[[12.348,-0.143],[-9.203,-2.748],[-5.098,2.063],[10.693,3.764]],"o":[[-12.103,0.14],[9.203,2.748],[5.098,-2.063],[-10.693,-3.764]],"v":[[-78.385,22.649],[-84.257,40.129],[-33.892,46.137],[-33.593,28.216]],"c":true}]},{"i":{"x":0.833,"y":1},"o":{"x":0.333,"y":0},"t":110,"s":[{"i":[[12.348,-0.143],[-9.203,-2.748],[-5.098,2.063],[10.693,3.764]],"o":[[-12.103,0.14],[9.203,2.748],[5.098,-2.063],[-10.693,-3.764]],"v":[[-78.385,22.649],[-84.257,40.129],[-33.892,46.137],[-33.593,28.216]],"c":true}]},{"t":180,"s":[{"i":[[12.348,-0.143],[-9.203,-2.748],[-5.098,2.063],[10.693,3.764]],"o":[[-12.103,0.14],[9.203,2.748],[5.098,-2.063],[-10.693,-3.764]],"v":[[-78.487,20.149],[-84.359,37.629],[-33.994,43.637],[-33.695,25.716]],"c":true}]}],"ix":2},"nm":"Path 1","mn":"ADBE Vector Shape - Group","hd":false},{"ind":1,"ty":"sh","ix":2,"ks":{"a":1,"k":[{"i":{"x":0,"y":1},"o":{"x":0.167,"y":0.167},"t":52.5,"s":[{"i":[[-12.648,-0.46],[9.485,-2.512],[5.181,2.194],[-11.032,3.489]],"o":[[12.397,0.451],[-9.485,2.512],[-5.181,-2.194],[11.032,-3.489]],"v":[[83.653,20.58],[89.313,38.21],[37.59,42.924],[37.648,24.995]],"c":true}]},{"i":{"x":0.833,"y":0.833},"o":{"x":1,"y":0},"t":60,"s":[{"i":[[-12.614,1.037],[9.122,-3.614],[5.404,1.567],[-10.543,4.767]],"o":[[12.364,-1.016],[-9.122,3.614],[-5.404,-1.567],[10.543,-4.767]],"v":[[81.749,20.55],[89.451,37.389],[38.646,48.177],[36.588,30.367]],"c":true}]},{"i":{"x":0.667,"y":1},"o":{"x":0.167,"y":0.167},"t":67.5,"s":[{"i":[[-12.648,-0.46],[9.485,-2.512],[5.181,2.194],[-11.032,3.489]],"o":[[12.397,0.451],[-9.485,2.512],[-5.181,-2.194],[11.032,-3.489]],"v":[[83.755,23.08],[89.415,40.71],[37.692,45.424],[37.751,27.495]],"c":true}]},{"i":{"x":0.833,"y":1},"o":{"x":0.333,"y":0},"t":110,"s":[{"i":[[-12.648,-0.46],[9.485,-2.512],[5.181,2.194],[-11.032,3.489]],"o":[[12.397,0.451],[-9.485,2.512],[-5.181,-2.194],[11.032,-3.489]],"v":[[83.755,23.08],[89.415,40.71],[37.692,45.424],[37.751,27.495]],"c":true}]},{"t":180,"s":[{"i":[[-12.648,-0.46],[9.485,-2.512],[5.181,2.194],[-11.032,3.489]],"o":[[12.397,0.451],[-9.485,2.512],[-5.181,-2.194],[11.032,-3.489]],"v":[[83.653,20.58],[89.313,38.21],[37.59,42.924],[37.648,24.995]],"c":true}]}],"ix":2},"nm":"Path 2","mn":"ADBE Vector Shape - Group","hd":false},{"ty":"fl","c":{"a":0,"k":[0.258823529412,0.16862745098,0.050980395897,1],"ix":4},"o":{"a":0,"k":100,"ix":5},"r":1,"bm":0,"nm":"Fill 1","mn":"ADBE Vector Graphic - Fill","hd":false},{"ty":"tr","p":{"a":0,"k":[0,0],"ix":2},"a":{"a":0,"k":[0,0],"ix":1},"s":{"a":0,"k":[100,100],"ix":3},"r":{"a":0,"k":0,"ix":6},"o":{"a":0,"k":100,"ix":7},"sk":{"a":0,"k":0,"ix":4},"sa":{"a":0,"k":0,"ix":5},"nm":"Transform"}],"nm":"Shape 1","np":4,"cix":2,"bm":0,"ix":1,"mn":"ADBE Vector Group","hd":false}],"ip":52,"op":72,"st":0,"bm":0},{"ddd":0,"ind":5,"ty":4,"nm":"eyebrows","parent":2,"sr":1,"ks":{"o":{"a":0,"k":100,"ix":11},"r":{"a":0,"k":0,"ix":10},"p":{"a":0,"k":[4.601,-44.601,0],"ix":2,"l":2},"a":{"a":0,"k":[29.3,12.85,0],"ix":1,"l":2},"s":{"a":0,"k":[400,400,100],"ix":6,"l":2}},"ao":0,"shapes":[{"ty":"gr","it":[{"ind":0,"ty":"sh","ix":1,"ks":{"a":1,"k":[{"i":{"x":0.833,"y":0.833},"o":{"x":0.167,"y":0},"t":10,"s":[{"i":[[0.174,1.421],[1.393,0.148],[0.309,-0.068],[1.246,-0.37],[2.471,-2.563],[-0.391,-1.047],[-1.083,-0.215],[0,0],[-3.928,1.721],[-1.665,0.527]],"o":[[-0.162,-1.325],[-0.298,-0.032],[-1.323,0.161],[-3.451,1.242],[-0.791,0.821],[0.391,1.047],[0,0],[0,0],[2.953,-1.294],[1.258,-0.47]],"v":[[12.369,-9.359],[9.827,-11.942],[9.021,-11.927],[5.106,-11.036],[-10.648,-2.857],[-11.275,0.194],[-8.969,2.149],[-4.872,0.272],[2.856,-3.13],[10.418,-6.147]],"c":true}]},{"i":{"x":0,"y":1},"o":{"x":0.167,"y":0.167},"t":20,"s":[{"i":[[0.402,1.374],[1.399,-0.08],[0.294,-0.117],[1.17,-0.568],[2.022,-2.93],[-0.556,-0.97],[-1.104,-0.036],[0,0],[-3.596,2.335],[-1.557,0.79]],"o":[[-0.375,-1.281],[-0.3,0.017],[-1.28,0.374],[-3.203,1.785],[-0.648,0.938],[0.556,0.97],[0,0],[0,0],[2.704,-1.756],[1.165,-0.667]],"v":[[10.729,-8.182],[7.802,-10.318],[7.009,-10.173],[3.29,-8.658],[-10.927,1.969],[-11.051,5.081],[-8.458,6.636],[-4.721,4.119],[2.353,-0.492],[9.325,-4.696]],"c":true}]},{"i":{"x":0.833,"y":0.833},"o":{"x":1,"y":0},"t":30,"s":[{"i":[[-0.152,1.424],[1.324,0.459],[0.316,0.004],[1.298,-0.079],[2.986,-1.939],[-0.145,-1.109],[-1.405,0.079],[0,0],[-4.215,0.789],[-1.741,0.137]],"o":[[0.142,-1.327],[-0.283,-0.098],[-1.326,-0.142],[-3.642,0.43],[-0.956,0.621],[0.145,1.109],[0,0],[0,0],[3.169,-0.593],[1.331,-0.173]],"v":[[12.741,-27.444],[10.848,-30.535],[10.059,-30.703],[6.044,-30.719],[-9.9,-26.31],[-11.138,-23.417],[-8.145,-21.054],[-4.981,-21.958],[2.691,-23.526],[10.114,-24.757]],"c":true}]},{"i":{"x":0,"y":1},"o":{"x":0.167,"y":0.167},"t":52.5,"s":[{"i":[[0.388,1.378],[1.399,-0.066],[0.295,-0.114],[1.175,-0.556],[2.052,-2.91],[-0.546,-0.975],[-1.103,-0.047],[0,0],[-3.62,2.299],[-1.565,0.774]],"o":[[-0.362,-1.284],[-0.3,0.014],[-1.284,0.361],[-3.221,1.753],[-0.657,0.932],[0.546,0.975],[0,0],[0,0],[2.722,-1.728],[1.172,-0.656]],"v":[[11.719,-4.95],[8.813,-7.117],[8.019,-6.979],[4.285,-5.503],[-10.039,4.98],[-10.195,8.091],[-7.618,9.672],[-3.855,7.193],[3.265,2.654],[10.279,-1.479]],"c":true}]},{"i":{"x":0.833,"y":0.833},"o":{"x":1,"y":0},"t":60,"s":[{"i":[[0.534,1.329],[1.384,-0.216],[0.281,-0.145],[1.109,-0.679],[1.727,-3.113],[-0.648,-0.911],[-1.102,0.071],[0,0],[-3.352,2.674],[-1.473,0.938]],"o":[[-0.497,-1.238],[-0.296,0.046],[-1.237,0.496],[-3.015,2.089],[-0.553,0.997],[0.648,0.911],[0,0],[0,0],[2.521,-2.011],[1.094,-0.778]],"v":[[10.347,-5.728],[7.225,-7.57],[6.45,-7.348],[2.896,-5.479],[-10.22,6.481],[-10.04,9.59],[-7.308,10.886],[-3.833,8.017],[2.758,2.74],[9.288,-2.123]],"c":true}]},{"i":{"x":0,"y":1},"o":{"x":0.167,"y":0.167},"t":70,"s":[{"i":[[0.507,1.337],[1.386,-0.191],[0.283,-0.14],[1.119,-0.658],[1.781,-3.077],[-0.631,-0.921],[-1.102,0.052],[0,0],[-3.394,2.612],[-1.488,0.911]],"o":[[-0.475,-1.245],[-0.297,0.041],[-1.244,0.474],[-3.047,2.033],[-0.57,0.986],[0.631,0.921],[0,0],[0,0],[2.552,-1.964],[1.107,-0.757]],"v":[[10.461,-6.498],[7.376,-8.392],[6.598,-8.184],[3.016,-6.38],[-10.291,5.335],[-10.166,8.443],[-7.461,9.784],[-3.941,6.98],[2.734,1.826],[9.34,-2.916]],"c":true}]},{"i":{"x":0.667,"y":1},"o":{"x":0.333,"y":0},"t":90,"s":[{"i":[[0.3,1.4],[1.401,0],[0.3,-0.1],[1.2,-0.5],[2.2,-2.799],[-0.5,-1],[-1.1,-0.099],[0,0],[-3.724,2.125],[-1.6,0.7]],"o":[[-0.301,-1.3],[-0.3,0],[-1.299,0.3],[-3.3,1.6],[-0.7,0.9],[0.5,1],[0,0],[0,0],[2.8,-1.599],[1.201,-0.6]],"v":[[11.351,-10.3],[8.549,-12.6],[7.749,-12.5],[3.951,-11.2],[-10.85,-1.4],[-11.15,1.7],[-8.65,3.4],[-4.775,1.1],[2.549,-3.1],[9.749,-6.9]],"c":true}]},{"i":{"x":0.833,"y":1},"o":{"x":0.333,"y":0},"t":110,"s":[{"i":[[0.3,1.4],[1.401,0],[0.3,-0.1],[1.2,-0.5],[2.2,-2.799],[-0.5,-1],[-1.1,-0.099],[0,0],[-3.724,2.125],[-1.6,0.7]],"o":[[-0.301,-1.3],[-0.3,0],[-1.299,0.3],[-3.3,1.6],[-0.7,0.9],[0.5,1],[0,0],[0,0],[2.8,-1.599],[1.201,-0.6]],"v":[[11.351,-10.3],[8.549,-12.6],[7.749,-12.5],[3.951,-11.2],[-10.85,-1.4],[-11.15,1.7],[-8.65,3.4],[-4.775,1.1],[2.549,-3.1],[9.749,-6.9]],"c":true}]},{"t":180,"s":[{"i":[[0.174,1.421],[1.393,0.148],[0.309,-0.068],[1.246,-0.37],[2.471,-2.563],[-0.391,-1.047],[-1.083,-0.215],[0,0],[-3.928,1.721],[-1.665,0.527]],"o":[[-0.162,-1.325],[-0.298,-0.032],[-1.323,0.161],[-3.451,1.242],[-0.791,0.821],[0.391,1.047],[0,0],[0,0],[2.953,-1.294],[1.258,-0.47]],"v":[[12.369,-9.359],[9.827,-11.942],[9.021,-11.927],[5.106,-11.036],[-10.648,-2.857],[-11.275,0.194],[-8.969,2.149],[-4.872,0.272],[2.856,-3.13],[10.418,-6.147]],"c":true}]}],"ix":2},"nm":"Path 1","mn":"ADBE Vector Shape - Group","hd":false},{"ty":"fl","c":{"a":0,"k":[0.258999992819,0.169000004787,0.051000000449,1],"ix":4},"o":{"a":0,"k":100,"ix":5},"r":1,"bm":0,"nm":"Fill 1","mn":"ADBE Vector Graphic - Fill","hd":false},{"ty":"tr","p":{"a":0,"k":[46.7,12.85],"ix":2},"a":{"a":0,"k":[0,0],"ix":1},"s":{"a":0,"k":[100,100],"ix":3},"r":{"a":0,"k":0,"ix":6},"o":{"a":0,"k":100,"ix":7},"sk":{"a":0,"k":0,"ix":4},"sa":{"a":0,"k":0,"ix":5},"nm":"Transform"}],"nm":"Group 3","np":2,"cix":2,"bm":0,"ix":1,"mn":"ADBE Vector Group","hd":false},{"ty":"gr","it":[{"ind":0,"ty":"sh","ix":1,"ks":{"a":1,"k":[{"i":{"x":0.833,"y":0.833},"o":{"x":0.167,"y":0},"t":10,"s":[{"i":[[0.803,0.81],[3.447,1.253],[1.337,0.248],[0.298,-0.034],[0.049,-1.314],[-1.349,-0.347],[-3.068,-1.249],[-2.211,-0.898],[0,0],[-0.382,1.051]],"o":[[-2.507,-2.529],[-1.261,-0.458],[-0.21,-0.076],[-1.291,0.149],[-0.137,1.425],[1.681,0.611],[4.767,1.94],[1.366,0.555],[1.081,-0.227],[0.306,-0.84]],"v":[[10.541,-2.733],[-5.287,-10.769],[-9.222,-11.723],[-10.028,-11.731],[-12.446,-9.136],[-10.379,-6.053],[-2.79,-3.104],[5.479,0.42],[9.082,2.067],[11.37,0.091]],"c":true}]},{"i":{"x":0,"y":1},"o":{"x":0.167,"y":0.167},"t":20,"s":[{"i":[[0.636,0.947],[3.149,1.88],[1.267,0.496],[0.299,0.022],[0.296,-1.281],[-1.259,-0.596],[-2.778,-1.805],[-2.002,-1.299],[0,0],[-0.573,0.96]],"o":[[-1.985,-2.956],[-1.152,-0.688],[-0.192,-0.115],[-1.296,-0.097],[-0.404,1.374],[1.536,0.917],[4.315,2.804],[1.237,0.802],[1.104,-0.019],[0.458,-0.767]],"v":[[10.843,2.162],[-3.185,-8.714],[-6.87,-10.394],[-7.66,-10.553],[-10.524,-8.461],[-9.075,-5.043],[-2.179,-0.716],[5.278,4.304],[8.505,6.601],[11.125,5.091]],"c":true}]},{"i":{"x":0.833,"y":0.833},"o":{"x":1,"y":0},"t":30,"s":[{"i":[[0.97,0.6],[3.644,0.412],[1.358,-0.071],[0.282,-0.103],[-0.259,-1.29],[-1.393,-0.023],[-3.275,-0.497],[-2.36,-0.356],[0,0],[-0.126,1.111]],"o":[[-3.029,-1.873],[-1.333,-0.151],[-0.222,-0.025],[-1.221,0.447],[0.2,1.418],[1.777,0.201],[5.088,0.772],[1.458,0.22],[1.425,0.092],[0.101,-0.888]],"v":[[8.871,-25.9],[-7.146,-30.014],[-11.195,-30.023],[-11.981,-29.842],[-13.726,-26.754],[-10.995,-24.239],[-3.552,-23.145],[4.687,-21.652],[7.762,-20.892],[10.338,-23.349]],"c":true}]},{"i":{"x":0,"y":1},"o":{"x":0.167,"y":0.167},"t":52.5,"s":[{"i":[[0.649,0.937],[3.176,1.834],[1.274,0.477],[0.299,0.018],[0.278,-1.286],[-1.268,-0.577],[-2.804,-1.764],[-2.021,-1.269],[0,0],[-0.559,0.968]],"o":[[-2.028,-2.927],[-1.162,-0.671],[-0.194,-0.112],[-1.298,-0.078],[-0.383,1.379],[1.549,0.895],[4.356,2.74],[1.249,0.784],[1.104,-0.035],[0.447,-0.774]],"v":[[10.005,5.572],[-4.18,-5.098],[-7.889,-6.723],[-8.682,-6.871],[-11.515,-4.737],[-10.016,-1.341],[-3.057,2.885],[4.472,7.795],[7.733,10.045],[10.331,8.497]],"c":true}]},{"i":{"x":0.833,"y":0.833},"o":{"x":1,"y":0},"t":60,"s":[{"i":[[0.565,0.991],[3.003,2.106],[1.227,0.587],[0.297,0.044],[0.389,-1.256],[-1.212,-0.686],[-2.638,-2.003],[-1.902,-1.442],[0,0],[-0.642,0.915]],"o":[[-1.763,-3.094],[-1.098,-0.77],[-0.183,-0.128],[-1.286,-0.192],[-0.503,1.34],[1.465,1.027],[4.099,3.112],[1.175,0.891],[1.103,0.062],[0.513,-0.731]],"v":[[10.128,7.048],[-3.066,-4.826],[-6.618,-6.771],[-7.395,-6.988],[-10.404,-5.111],[-9.209,-1.596],[-2.648,3.224],[4.421,8.776],[7.472,11.304],[10.195,9.99]],"c":true}]},{"i":{"x":0,"y":1},"o":{"x":0.167,"y":0.167},"t":70,"s":[{"i":[[0.58,0.98],[3.037,2.048],[1.235,0.566],[0.297,0.039],[0.368,-1.261],[-1.222,-0.665],[-2.668,-1.957],[-1.924,-1.408],[0,0],[-0.626,0.925]],"o":[[-1.813,-3.06],[-1.11,-0.751],[-0.185,-0.125],[-1.287,-0.17],[-0.48,1.347],[1.48,1.001],[4.146,3.04],[1.189,0.87],[1.103,0.044],[0.5,-0.739]],"v":[[10.199,5.854],[-3.178,-5.784],[-6.758,-7.667],[-7.538,-7.87],[-10.512,-5.945],[-9.259,-2.455],[-2.625,2.249],[4.528,7.676],[7.617,10.149],[10.315,8.791]],"c":true}]},{"i":{"x":0.667,"y":1},"o":{"x":0.333,"y":0},"t":90,"s":[{"i":[[0.7,0.9],[3.3,1.6],[1.3,0.4],[0.3,0],[0.2,-1.3],[-1.3,-0.5],[-2.9,-1.601],[-2.094,-1.146],[0,0],[-0.5,1]],"o":[[-2.2,-2.8],[-1.2,-0.6],[-0.2,-0.1],[-1.3,0],[-0.3,1.4],[1.6,0.8],[4.513,2.474],[1.294,0.708],[1.1,-0.101],[0.4,-0.799]],"v":[[10.75,-1.25],[-4.05,-11.05],[-7.85,-12.45],[-8.65,-12.55],[-11.35,-10.25],[-9.65,-6.95],[-2.45,-3.149],[5.36,1.301],[8.75,3.351],[11.25,1.65]],"c":true}]},{"i":{"x":0.833,"y":1},"o":{"x":0.333,"y":0},"t":110,"s":[{"i":[[0.7,0.9],[3.3,1.6],[1.3,0.4],[0.3,0],[0.2,-1.3],[-1.3,-0.5],[-2.9,-1.601],[-2.094,-1.146],[0,0],[-0.5,1]],"o":[[-2.2,-2.8],[-1.2,-0.6],[-0.2,-0.1],[-1.3,0],[-0.3,1.4],[1.6,0.8],[4.513,2.474],[1.294,0.708],[1.1,-0.101],[0.4,-0.799]],"v":[[10.75,-1.25],[-4.05,-11.05],[-7.85,-12.45],[-8.65,-12.55],[-11.35,-10.25],[-9.65,-6.95],[-2.45,-3.149],[5.36,1.301],[8.75,3.351],[11.25,1.65]],"c":true}]},{"t":180,"s":[{"i":[[0.803,0.81],[3.447,1.253],[1.337,0.248],[0.298,-0.034],[0.049,-1.314],[-1.349,-0.347],[-3.068,-1.249],[-2.211,-0.898],[0,0],[-0.382,1.051]],"o":[[-2.507,-2.529],[-1.261,-0.458],[-0.21,-0.076],[-1.291,0.149],[-0.137,1.425],[1.681,0.611],[4.767,1.94],[1.366,0.555],[1.081,-0.227],[0.306,-0.84]],"v":[[10.541,-2.733],[-5.287,-10.769],[-9.222,-11.723],[-10.028,-11.731],[-12.446,-9.136],[-10.379,-6.053],[-2.79,-3.104],[5.479,0.42],[9.082,2.067],[11.37,0.091]],"c":true}]}],"ix":2},"nm":"Path 1","mn":"ADBE Vector Shape - Group","hd":false},{"ty":"fl","c":{"a":0,"k":[0.258999992819,0.169000004787,0.051000000449,1],"ix":4},"o":{"a":0,"k":100,"ix":5},"r":1,"bm":0,"nm":"Fill 1","mn":"ADBE Vector Graphic - Fill","hd":false},{"ty":"tr","p":{"a":0,"k":[11.9,12.8],"ix":2},"a":{"a":0,"k":[0,0],"ix":1},"s":{"a":0,"k":[100,100],"ix":3},"r":{"a":0,"k":0,"ix":6},"o":{"a":0,"k":100,"ix":7},"sk":{"a":0,"k":0,"ix":4},"sa":{"a":0,"k":0,"ix":5},"nm":"Transform"}],"nm":"Group 4","np":2,"cix":2,"bm":0,"ix":2,"mn":"ADBE Vector Group","hd":false}],"ip":0,"op":182.5,"st":0,"bm":0},{"ddd":0,"ind":6,"ty":4,"nm":"mouth open matte","parent":2,"td":1,"sr":1,"ks":{"o":{"a":0,"k":100,"ix":11},"r":{"a":0,"k":0,"ix":10},"p":{"a":0,"k":[3.359,26.5,0],"ix":2,"l":2},"a":{"a":0,"k":[3.359,57.5,0],"ix":1,"l":2},"s":{"a":0,"k":[100,100,100],"ix":6,"l":2}},"ao":0,"shapes":[{"ty":"gr","it":[{"ind":0,"ty":"sh","ix":1,"ks":{"a":1,"k":[{"i":{"x":0,"y":1},"o":{"x":0.167,"y":0.167},"t":20,"s":[{"i":[[22,-0.5],[5,-5.311],[-2.325,-4.263],[-15.481,2.755],[-12.991,-3.736],[-1.537,2.93],[3.122,4.094]],"o":[[-22,0.5],[-2.961,3.145],[3.335,6.114],[15.034,-2.675],[16.015,4.606],[2.202,-4.198],[-4.864,-6.379]],"v":[[3,53.5],[-38.5,69.855],[-38.835,82.386],[-15.043,82.175],[22.481,82.736],[46.798,82.698],[47.5,69.855]],"c":true}]},{"i":{"x":0.833,"y":0.833},"o":{"x":1,"y":0},"t":35,"s":[{"i":[[22,-0.5],[5,-22.5],[0.485,-20.469],[-15.058,-4.531],[-12.491,2.764],[0.199,13.989],[3.122,17.342]],"o":[[-22,0.5],[-2.961,13.324],[-0.334,14.097],[16.034,4.825],[16.27,-3.6],[-0.298,-21.027],[-4.864,-27.025]],"v":[[3,1],[-38.5,38],[-41.835,88.968],[-19.534,115.175],[27.991,116.236],[51.798,94.527],[47.5,38]],"c":true}]},{"t":47.5,"s":[{"i":[[22,-0.5],[5,-5.311],[-2.325,-4.263],[-15.481,2.755],[-12.991,-3.736],[-1.537,2.93],[3.122,4.094]],"o":[[-22,0.5],[-2.961,3.145],[3.335,6.114],[15.034,-2.675],[16.015,4.606],[2.202,-4.198],[-4.864,-6.379]],"v":[[3.051,18.404],[-38.449,34.758],[-38.784,47.29],[-14.992,47.079],[22.532,47.64],[46.849,47.602],[47.551,34.758]],"c":true}]}],"ix":2},"nm":"Path 1","mn":"ADBE Vector Shape - Group","hd":false},{"ty":"fl","c":{"a":0,"k":[0.258823529412,0.16862745098,0.050980395897,1],"ix":4},"o":{"a":0,"k":100,"ix":5},"r":1,"bm":0,"nm":"Fill 1","mn":"ADBE Vector Graphic - Fill","hd":false},{"ty":"tr","p":{"a":0,"k":[0,0],"ix":2},"a":{"a":0,"k":[0,0],"ix":1},"s":{"a":0,"k":[100,100],"ix":3},"r":{"a":0,"k":0,"ix":6},"o":{"a":0,"k":100,"ix":7},"sk":{"a":0,"k":0,"ix":4},"sa":{"a":0,"k":0,"ix":5},"nm":"Transform"}],"nm":"Shape 1","np":3,"cix":2,"bm":0,"ix":1,"mn":"ADBE Vector Group","hd":false}],"ip":21,"op":50,"st":-2.5,"bm":0},{"ddd":0,"ind":7,"ty":4,"nm":"tongue","parent":2,"tt":1,"sr":1,"ks":{"o":{"a":0,"k":100,"ix":11},"r":{"a":0,"k":0,"ix":10},"p":{"a":0,"k":[6.268,84.463,0],"ix":2,"l":2},"a":{"a":0,"k":[6.25,116.75,0],"ix":1,"l":2},"s":{"a":0,"k":[100.287,99.43,100],"ix":6,"l":2}},"ao":0,"shapes":[{"ty":"gr","it":[{"ind":0,"ty":"sh","ix":1,"ks":{"a":1,"k":[{"i":{"x":0.833,"y":0.833},"o":{"x":0.167,"y":0.167},"t":22.5,"s":[{"i":[[42,0],[0,0],[0,0]],"o":[[-37.5,0],[0,0],[0,0]],"v":[[2.5,100.023],[-50.5,110.363],[62,110.363]],"c":true}]},{"t":35,"s":[{"i":[[42,0],[0,0],[0,0]],"o":[[-37.5,0],[0,0],[0,0]],"v":[[2.5,96],[-50.5,134.5],[62,134.5]],"c":true}]}],"ix":2},"nm":"Path 1","mn":"ADBE Vector Shape - Group","hd":false},{"ty":"fl","c":{"a":0,"k":[0.925490255917,0.466666696586,0.435294147566,1],"ix":4},"o":{"a":0,"k":100,"ix":5},"r":1,"bm":0,"nm":"Fill 1","mn":"ADBE Vector Graphic - Fill","hd":false},{"ty":"tr","p":{"a":0,"k":[0,0],"ix":2},"a":{"a":0,"k":[0,0],"ix":1},"s":{"a":0,"k":[100,100],"ix":3},"r":{"a":0,"k":0,"ix":6},"o":{"a":0,"k":100,"ix":7},"sk":{"a":0,"k":0,"ix":4},"sa":{"a":0,"k":0,"ix":5},"nm":"Transform"}],"nm":"Shape 1","np":3,"cix":2,"bm":0,"ix":1,"mn":"ADBE Vector Group","hd":false}],"ip":21,"op":50,"st":0,"bm":0},{"ddd":0,"ind":8,"ty":4,"nm":"mouth open","parent":2,"sr":1,"ks":{"o":{"a":0,"k":100,"ix":11},"r":{"a":0,"k":0,"ix":10},"p":{"a":1,"k":[{"i":{"x":0.833,"y":0.833},"o":{"x":0.167,"y":0.167},"t":47,"s":[3.359,26.5,0],"to":[0,1.459,0],"ti":[0,-1.459,0]},{"t":49,"s":[3.359,35.253,0]}],"ix":2,"l":2},"a":{"a":0,"k":[3.359,57.5,0],"ix":1,"l":2},"s":{"a":0,"k":[100,100,100],"ix":6,"l":2}},"ao":0,"shapes":[{"ty":"gr","it":[{"ind":0,"ty":"sh","ix":1,"ks":{"a":1,"k":[{"i":{"x":0,"y":1},"o":{"x":0.167,"y":0.167},"t":20,"s":[{"i":[[22,-0.5],[5,-5.311],[-2.325,-4.263],[-15.481,2.755],[-12.991,-3.736],[-1.537,2.93],[3.122,4.094]],"o":[[-22,0.5],[-2.961,3.145],[3.335,6.114],[15.034,-2.675],[16.015,4.606],[2.202,-4.198],[-4.864,-6.379]],"v":[[3,53.5],[-38.5,69.855],[-38.835,82.386],[-15.043,82.175],[22.481,82.736],[46.798,82.698],[47.5,69.855]],"c":true}]},{"i":{"x":0.833,"y":0.833},"o":{"x":1,"y":0},"t":35,"s":[{"i":[[22,-0.5],[5,-22.5],[0.485,-20.469],[-15.058,-4.531],[-12.491,2.764],[0.199,13.989],[3.122,17.342]],"o":[[-22,0.5],[-2.961,13.324],[-0.334,14.097],[16.034,4.825],[16.27,-3.6],[-0.298,-21.027],[-4.864,-27.025]],"v":[[3,1],[-38.5,38],[-41.835,88.968],[-19.534,115.175],[27.991,116.236],[51.798,94.527],[47.5,38]],"c":true}]},{"t":47.5,"s":[{"i":[[22,-0.5],[5,-5.311],[-2.325,-4.263],[-15.481,2.755],[-12.991,-3.736],[-1.537,2.93],[3.122,4.094]],"o":[[-22,0.5],[-2.961,3.145],[3.335,6.114],[15.034,-2.675],[16.015,4.606],[2.202,-4.198],[-4.864,-6.379]],"v":[[3.051,18.404],[-38.449,34.758],[-38.784,47.29],[-14.992,47.079],[22.532,47.64],[46.849,47.602],[47.551,34.758]],"c":true}]}],"ix":2},"nm":"Path 1","mn":"ADBE Vector Shape - Group","hd":false},{"ty":"fl","c":{"a":0,"k":[0.258823529412,0.16862745098,0.050980395897,1],"ix":4},"o":{"a":0,"k":100,"ix":5},"r":1,"bm":0,"nm":"Fill 1","mn":"ADBE Vector Graphic - Fill","hd":false},{"ty":"tr","p":{"a":0,"k":[0,0],"ix":2},"a":{"a":0,"k":[0,0],"ix":1},"s":{"a":0,"k":[100,100],"ix":3},"r":{"a":0,"k":0,"ix":6},"o":{"a":0,"k":100,"ix":7},"sk":{"a":0,"k":0,"ix":4},"sa":{"a":0,"k":0,"ix":5},"nm":"Transform"}],"nm":"Shape 1","np":3,"cix":2,"bm":0,"ix":1,"mn":"ADBE Vector Group","hd":false}],"ip":21,"op":50,"st":-2.5,"bm":0},{"ddd":0,"ind":9,"ty":4,"nm":"mouth ","parent":2,"sr":1,"ks":{"o":{"a":1,"k":[{"t":0,"s":[100],"h":1},{"t":21,"s":[0],"h":1},{"t":50,"s":[100],"h":1}],"ix":11},"r":{"a":0,"k":0,"ix":10},"p":{"s":true,"x":{"a":1,"k":[{"i":{"x":[0.833],"y":[1]},"o":{"x":[0.167],"y":[0]},"t":10,"s":[4.399]},{"i":{"x":[0.667],"y":[1]},"o":{"x":[0.167],"y":[0]},"t":20,"s":[4.399]},{"i":{"x":[0.833],"y":[1]},"o":{"x":[0.306],"y":[0]},"t":60,"s":[4.399]},{"i":{"x":[0],"y":[1]},"o":{"x":[0.167],"y":[0]},"t":67.5,"s":[4.399]},{"i":{"x":[0.667],"y":[1]},"o":{"x":[0.333],"y":[0]},"t":90,"s":[4.399]},{"i":{"x":[0.833],"y":[1]},"o":{"x":[0.333],"y":[0]},"t":110,"s":[4.399]},{"t":180,"s":[4.399]}],"ix":3},"y":{"a":1,"k":[{"i":{"x":[0.833],"y":[1]},"o":{"x":[0.167],"y":[0]},"t":10,"s":[55.8]},{"i":{"x":[0],"y":[1]},"o":{"x":[0.167],"y":[0.167]},"t":20,"s":[55.8]},{"i":{"x":[0.667],"y":[1]},"o":{"x":[1],"y":[0]},"t":30,"s":[35.8]},{"i":{"x":[0.833],"y":[0.833]},"o":{"x":[0.306],"y":[0]},"t":60,"s":[52.8]},{"i":{"x":[0],"y":[1]},"o":{"x":[0.167],"y":[0.167]},"t":67.5,"s":[53.142]},{"i":{"x":[0.667],"y":[1]},"o":{"x":[0.333],"y":[0]},"t":90,"s":[55.8]},{"i":{"x":[0.833],"y":[1]},"o":{"x":[0.333],"y":[0]},"t":110,"s":[55.8]},{"t":180,"s":[55.8]}],"ix":4}},"a":{"a":0,"k":[22.45,8.451,0],"ix":1,"l":2},"s":{"a":0,"k":[400,400,100],"ix":6,"l":2}},"ao":0,"shapes":[{"ty":"gr","it":[{"ind":0,"ty":"sh","ix":1,"ks":{"a":1,"k":[{"i":{"x":0.833,"y":0.833},"o":{"x":0.167,"y":0},"t":10,"s":[{"i":[[0.833,0.191],[0.237,0.271],[11.331,-8.228],[0,0],[0.41,-0.044],[0.526,0.577],[-0.407,0.752],[-10.1,0],[-3.99,-7.13],[0.528,-0.576]],"o":[[-0.311,-0.059],[-10.965,-8.71],[0,0],[-0.239,0.27],[-0.834,0.189],[-0.526,-0.577],[4.011,-7.119],[10,0],[0.391,0.654],[-0.527,0.576]],"v":[[20.373,6.069],[19.401,5.594],[-18.681,4.824],[-19.47,5.421],[-20.444,5.893],[-22.569,5.197],[-22.777,3.047],[0,-8.201],[22.714,3.23],[22.499,5.379]],"c":true}]},{"i":{"x":0,"y":1},"o":{"x":0.167,"y":0.167},"t":20,"s":[{"i":[[0.816,0.256],[0.215,0.288],[10.659,-9.082],[0,0],[0.405,-0.076],[0.569,0.535],[-0.347,0.782],[-10.1,0],[-3.418,-7.421],[0.571,-0.533]],"o":[[-0.305,-0.083],[-10.248,-9.544],[0,0],[-0.217,0.288],[-0.816,0.253],[-0.569,-0.535],[3.447,-7.408],[10,0],[0.338,0.682],[-0.57,0.533]],"v":[[19.838,6.863],[18.907,6.314],[-18.212,5.561],[-18.953,6.218],[-19.887,6.764],[-22.059,6.235],[-22.433,4.108],[0,-8.201],[22.395,4.217],[22.012,6.342]],"c":true}]},{"i":{"x":0.667,"y":1},"o":{"x":1,"y":0},"t":30,"s":[{"i":[[0.792,-0.32],[0.35,0.086],[4.871,-0.304],[0,0],[0.365,0.193],[0.113,0.773],[-0.758,0.396],[-5.606,0.259],[-3.282,-1.751],[0.163,-0.885]],"o":[[-0.288,0.13],[-5.421,-0.837],[0,0],[-0.349,0.09],[-0.797,-0.31],[-0.113,-0.773],[2.898,-1.166],[5.4,-0.25],[0.695,0.312],[0.038,0.74]],"v":[[11.889,-9.781],[10.822,-9.613],[-9.471,-10.021],[-10.46,-9.967],[-11.53,-10.121],[-12.902,-11.886],[-11.872,-13.785],[0,-16.201],[12.182,-13.449],[13.237,-11.565]],"c":true}]},{"i":{"x":0,"y":1},"o":{"x":0.333,"y":0},"t":50,"s":[{"i":[[0.792,-0.32],[0.35,0.086],[4.871,-0.304],[0,0],[0.365,0.193],[0.113,0.773],[-0.758,0.396],[-5.606,0.259],[-3.282,-1.751],[0.163,-0.885]],"o":[[-0.288,0.13],[-5.421,-0.837],[0,0],[-0.349,0.09],[-0.797,-0.31],[-0.113,-0.773],[2.898,-1.166],[5.4,-0.25],[0.695,0.312],[0.038,0.74]],"v":[[11.889,-3.781],[10.822,-3.613],[-9.471,-4.021],[-10.46,-3.967],[-11.53,-4.121],[-12.902,-5.886],[-11.872,-7.785],[0,-10.201],[12.182,-7.449],[13.237,-5.565]],"c":true}]},{"i":{"x":0,"y":1},"o":{"x":1,"y":0},"t":60,"s":[{"i":[[0.668,0.533],[0.097,0.347],[5.936,-12.683],[0,0],[0.337,-0.237],[0.74,0.251],[0.008,0.855],[-10.1,0],[-0.508,-8.155],[0.725,-0.29]],"o":[[-0.255,-0.188],[-6.111,-12.6],[0,0],[-0.079,0.352],[-0.638,0.569],[-0.74,-0.251],[0.066,-8.17],[10,0],[0.069,0.758],[-0.724,0.291]],"v":[[14.768,7.099],[14.098,6.251],[-12.829,5.773],[-13.23,6.678],[-13.854,7.561],[-16.05,7.98],[-17.272,6.199],[0,-11.201],[18.108,5.554],[16.984,7.398]],"c":true}]},{"i":{"x":0.667,"y":1},"o":{"x":0.333,"y":0},"t":90,"s":[{"i":[[0.8,0.301],[0.199,0.3],[10.1,-9.7],[0,0],[0.4,-0.1],[0.6,0.5],[-0.3,0.801],[-10.1,0],[-3,-7.6],[0.6,-0.5]],"o":[[-0.3,-0.1],[-9.701,-10.099],[0,0],[-0.2,0.3],[-0.8,0.301],[-0.6,-0.5],[3,-7.6],[10,0],[0.3,0.7],[-0.599,0.5]],"v":[[19.2,7.9],[18.301,7.299],[-17.6,6.6],[-18.3,7.299],[-19.2,7.9],[-21.4,7.501],[-21.9,5.4],[0,-8.201],[21.9,5.4],[21.4,7.501]],"c":true}]},{"i":{"x":0.667,"y":1},"o":{"x":0.333,"y":0},"t":110,"s":[{"i":[[0.8,0.301],[0.199,0.3],[10.1,-9.7],[0,0],[0.4,-0.1],[0.6,0.5],[-0.3,0.801],[-10.1,0],[-3,-7.6],[0.6,-0.5]],"o":[[-0.3,-0.1],[-9.701,-10.099],[0,0],[-0.2,0.3],[-0.8,0.301],[-0.6,-0.5],[3,-7.6],[10,0],[0.3,0.7],[-0.599,0.5]],"v":[[19.2,7.9],[18.301,7.299],[-17.6,6.6],[-18.3,7.299],[-19.2,7.9],[-21.4,7.501],[-21.9,5.4],[0,-8.201],[21.9,5.4],[21.4,7.501]],"c":true}]},{"t":180,"s":[{"i":[[0.833,0.191],[0.237,0.271],[11.331,-8.228],[0,0],[0.41,-0.044],[0.526,0.577],[-0.407,0.752],[-10.1,0],[-3.99,-7.13],[0.528,-0.576]],"o":[[-0.311,-0.059],[-10.965,-8.71],[0,0],[-0.239,0.27],[-0.834,0.189],[-0.526,-0.577],[4.011,-7.119],[10,0],[0.391,0.654],[-0.527,0.576]],"v":[[20.373,6.069],[19.401,5.594],[-18.681,4.824],[-19.47,5.421],[-20.444,5.893],[-22.569,5.197],[-22.777,3.047],[0,-8.201],[22.714,3.23],[22.499,5.379]],"c":true}]}],"ix":2},"nm":"Path 1","mn":"ADBE Vector Shape - Group","hd":false},{"ty":"fl","c":{"a":0,"k":[0.258999992819,0.169000004787,0.051000000449,1],"ix":4},"o":{"a":0,"k":100,"ix":5},"r":1,"bm":0,"nm":"Fill 1","mn":"ADBE Vector Graphic - Fill","hd":false},{"ty":"tr","p":{"a":0,"k":[22.45,8.45],"ix":2},"a":{"a":0,"k":[0,0],"ix":1},"s":{"a":0,"k":[100,100],"ix":3},"r":{"a":0,"k":0,"ix":6},"o":{"a":0,"k":100,"ix":7},"sk":{"a":0,"k":0,"ix":4},"sa":{"a":0,"k":0,"ix":5},"nm":"Transform"}],"nm":"Group 1","np":2,"cix":2,"bm":0,"ix":1,"mn":"ADBE Vector Group","hd":false}],"ip":0,"op":182.5,"st":0,"bm":0},{"ddd":0,"ind":10,"ty":4,"nm":"base matte","parent":12,"td":1,"sr":1,"ks":{"o":{"a":0,"k":100,"ix":11},"r":{"a":0,"k":0,"ix":10},"p":{"a":0,"k":[-2,-3,0],"ix":2,"l":2},"a":{"a":0,"k":[0,0,0],"ix":1,"l":2},"s":{"a":0,"k":[100,100,100],"ix":6,"l":2}},"ao":0,"shapes":[{"ty":"gr","it":[{"ind":0,"ty":"sh","ix":1,"ks":{"a":0,"k":{"i":[[15.4,0],[0,38.4],[-27.9,0],[-10.6,-9.3],[0,-16.9],[11.5,-10.2]],"o":[[-27.9,0],[0,-38.4],[15.5,0],[11.5,10.2],[0,16.9],[-10.6,9.3]],"v":[[0,55.9],[-58,0],[0,-55.9],[40.4,-41.5],[58,0],[40.4,41.4]],"c":true},"ix":2},"nm":"Path 1","mn":"ADBE Vector Shape - Group","hd":false},{"ty":"gf","o":{"a":0,"k":100,"ix":10},"r":1,"bm":0,"g":{"p":5,"k":{"a":0,"k":[0.48,0.992,0.878,0.188,0.691,0.98,0.816,0.178,0.902,0.969,0.753,0.169,0.966,0.963,0.694,0.153,1,0.957,0.635,0.137],"ix":9}},"s":{"a":0,"k":[0,0],"ix":5},"e":{"a":0,"k":[56.225,0],"ix":6},"t":2,"h":{"a":0,"k":0,"ix":7},"a":{"a":0,"k":0,"ix":8},"nm":"Gradient Fill 1","mn":"ADBE Vector Graphic - G-Fill","hd":false},{"ty":"tr","p":{"a":0,"k":[0,0],"ix":2},"a":{"a":0,"k":[0,0],"ix":1},"s":{"a":0,"k":[100,100],"ix":3},"r":{"a":0,"k":0,"ix":6},"o":{"a":0,"k":100,"ix":7},"sk":{"a":0,"k":0,"ix":4},"sa":{"a":0,"k":0,"ix":5},"nm":"Transform"}],"nm":"Group 1","np":2,"cix":2,"bm":0,"ix":1,"mn":"ADBE Vector Group","hd":false}],"ip":0,"op":212.5,"st":0,"bm":0},{"ddd":0,"ind":11,"ty":4,"nm":"base shadow","parent":12,"tt":2,"sr":1,"ks":{"o":{"a":0,"k":100,"ix":11},"r":{"a":0,"k":0,"ix":10},"p":{"a":0,"k":[0,0,0],"ix":2,"l":2},"a":{"a":0,"k":[0,0,0],"ix":1,"l":2},"s":{"a":0,"k":[100,100,100],"ix":6,"l":2}},"ao":0,"shapes":[{"ty":"gr","it":[{"ind":0,"ty":"sh","ix":1,"ks":{"a":0,"k":{"i":[[15.4,0],[0,38.4],[-27.9,0],[-10.6,-9.3],[0,-16.9],[11.5,-10.2]],"o":[[-27.9,0],[0,-38.4],[15.5,0],[11.5,10.2],[0,16.9],[-10.6,9.3]],"v":[[0,55.9],[-58,0],[0,-55.9],[40.4,-41.5],[58,0],[40.4,41.4]],"c":true},"ix":2},"nm":"Path 1","mn":"ADBE Vector Shape - Group","hd":false},{"ty":"fl","c":{"a":1,"k":[{"i":{"x":[0.833],"y":[1]},"o":{"x":[0.333],"y":[0]},"t":10,"s":[0.921568632126,0.560784339905,0,1]},{"i":{"x":[0],"y":[1]},"o":{"x":[0.167],"y":[0]},"t":20,"s":[0.921568632126,0.560784339905,0,1]},{"i":{"x":[0.667],"y":[1]},"o":{"x":[1],"y":[0]},"t":30,"s":[0.921568632126,0.560784339905,0,1]},{"i":{"x":[0.667],"y":[1]},"o":{"x":[0.333],"y":[0]},"t":60,"s":[0.84705889225,0.258823543787,0.074509806931,1]},{"i":{"x":[0.833],"y":[1]},"o":{"x":[0.333],"y":[0]},"t":110,"s":[0.84705889225,0.258823543787,0.074509806931,1]},{"t":180,"s":[0.921568632126,0.560784339905,0,1]}],"ix":4},"o":{"a":0,"k":100,"ix":5},"r":1,"bm":0,"nm":"Fill 1","mn":"ADBE Vector Graphic - Fill","hd":false},{"ty":"tr","p":{"a":0,"k":[0,0],"ix":2},"a":{"a":0,"k":[0,0],"ix":1},"s":{"a":0,"k":[100,100],"ix":3},"r":{"a":0,"k":0,"ix":6},"o":{"a":0,"k":100,"ix":7},"sk":{"a":0,"k":0,"ix":4},"sa":{"a":0,"k":0,"ix":5},"nm":"Transform"}],"nm":"Group 1","np":2,"cix":2,"bm":0,"ix":1,"mn":"ADBE Vector Group","hd":false}],"ip":0,"op":212.5,"st":0,"bm":0},{"ddd":0,"ind":12,"ty":4,"nm":"base normal","parent":1,"sr":1,"ks":{"o":{"a":0,"k":100,"ix":11},"r":{"a":0,"k":0,"ix":10},"p":{"a":0,"k":[0,6,0],"ix":2,"l":2},"a":{"a":0,"k":[0,0,0],"ix":1,"l":2},"s":{"a":0,"k":[400,400,100],"ix":6,"l":2}},"ao":0,"shapes":[{"ty":"gr","it":[{"ind":0,"ty":"sh","ix":1,"ks":{"a":0,"k":{"i":[[15.4,0],[0,38.4],[-27.9,0],[-10.6,-9.3],[0,-16.9],[11.5,-10.2]],"o":[[-27.9,0],[0,-38.4],[15.5,0],[11.5,10.2],[0,16.9],[-10.6,9.3]],"v":[[0,55.9],[-58,0],[0,-55.9],[40.4,-41.5],[58,0],[40.4,41.4]],"c":true},"ix":2},"nm":"Path 1","mn":"ADBE Vector Shape - Group","hd":false},{"ty":"gf","o":{"a":0,"k":100,"ix":10},"r":1,"bm":0,"g":{"p":5,"k":{"a":1,"k":[{"i":{"x":0.833,"y":0.833},"o":{"x":0.167,"y":0},"t":10,"s":[0.48,0.992,0.878,0.188,0.691,0.98,0.816,0.178,0.902,0.969,0.753,0.169,0.966,0.963,0.694,0.153,1,0.957,0.635,0.137]},{"i":{"x":0,"y":1},"o":{"x":0.167,"y":0.167},"t":20,"s":[0.48,0.992,0.878,0.188,0.691,0.98,0.816,0.178,0.902,0.969,0.753,0.169,0.966,0.963,0.694,0.153,1,0.957,0.635,0.137]},{"i":{"x":0.667,"y":1},"o":{"x":1,"y":0},"t":30,"s":[0.48,0.992,0.878,0.188,0.691,0.98,0.816,0.178,0.902,0.969,0.753,0.169,0.966,0.963,0.694,0.153,1,0.957,0.635,0.137]},{"i":{"x":0.667,"y":1},"o":{"x":0.333,"y":0},"t":60,"s":[0.172,1,0.616,0.18,0.336,1,0.585,0.114,0.5,1,0.554,0.048,0.824,1,0.436,0.024,1,1,0.318,0]},{"i":{"x":0.667,"y":1},"o":{"x":0.333,"y":0},"t":82.5,"s":[0.172,0.98,0.78,0.259,0.336,0.982,0.747,0.241,0.5,0.984,0.714,0.224,0.824,0.992,0.516,0.112,1,1,0.318,0]},{"i":{"x":0.833,"y":1},"o":{"x":0.333,"y":0},"t":110,"s":[0.172,0.98,0.78,0.259,0.336,0.982,0.747,0.241,0.5,0.984,0.714,0.224,0.824,0.992,0.516,0.112,1,1,0.318,0]},{"t":180,"s":[0.48,0.992,0.878,0.188,0.691,0.98,0.816,0.178,0.902,0.969,0.753,0.169,0.966,0.963,0.694,0.153,1,0.957,0.635,0.137]}],"ix":9}},"s":{"a":0,"k":[0,0],"ix":5},"e":{"a":0,"k":[56.225,0],"ix":6},"t":2,"h":{"a":0,"k":0,"ix":7},"a":{"a":0,"k":0,"ix":8},"nm":"Gradient Fill 1","mn":"ADBE Vector Graphic - G-Fill","hd":false},{"ty":"tr","p":{"a":0,"k":[0,0],"ix":2},"a":{"a":0,"k":[0,0],"ix":1},"s":{"a":0,"k":[100,100],"ix":3},"r":{"a":0,"k":0,"ix":6},"o":{"a":0,"k":100,"ix":7},"sk":{"a":0,"k":0,"ix":4},"sa":{"a":0,"k":0,"ix":5},"nm":"Transform"}],"nm":"Group 1","np":2,"cix":2,"bm":0,"ix":1,"mn":"ADBE Vector Group","hd":false}],"ip":0,"op":212.5,"st":0,"bm":0}],"markers":[{"tm":110,"cm":"rest","dr":0}]}