{"v":"5.8.1","fr":60,"ip":0,"op":135,"w":1024,"h":1024,"nm":"emoji_downcast-with-sweat ok","ddd":0,"assets":[{"id":"comp_0","nm":"emoji_downcast-with-sweat","fr":60,"layers":[{"ddd":0,"ind":1,"ty":3,"nm":"Null Face","sr":1,"ks":{"o":{"a":0,"k":0,"ix":11},"r":{"a":0,"k":0,"ix":10},"p":{"s":true,"x":{"a":0,"k":462,"ix":3},"y":{"a":1,"k":[{"i":{"x":[0.667],"y":[1]},"o":{"x":[0.333],"y":[0]},"t":7.5,"s":[544]},{"i":{"x":[0.667],"y":[1]},"o":{"x":[0.333],"y":[0]},"t":17.5,"s":[572]},{"i":{"x":[0.667],"y":[1]},"o":{"x":[0.333],"y":[0]},"t":27.5,"s":[532]},{"t":40,"s":[544]}],"ix":4}},"a":{"a":0,"k":[0,0,0],"ix":1,"l":2},"s":{"a":0,"k":[100,100,100],"ix":6,"l":2}},"ao":0,"ip":0,"op":135,"st":0,"bm":0},{"ddd":0,"ind":2,"ty":4,"nm":"DROP 3","sr":1,"ks":{"o":{"a":0,"k":100,"ix":11},"r":{"a":1,"k":[{"i":{"x":[0.667],"y":[1]},"o":{"x":[0.167],"y":[0.167]},"t":-35,"s":[0]},{"i":{"x":[0.833],"y":[0.833]},"o":{"x":[0.333],"y":[0]},"t":-15,"s":[10]},{"i":{"x":[0.833],"y":[0.833]},"o":{"x":[0.167],"y":[0.167]},"t":0,"s":[0]},{"i":{"x":[0.833],"y":[0.833]},"o":{"x":[0.167],"y":[0.167]},"t":10,"s":[0]},{"t":20,"s":[-25.4]}],"ix":10},"p":{"a":1,"k":[{"i":{"x":0.833,"y":0.833},"o":{"x":0.167,"y":0.167},"t":-122.5,"s":[276.273,159.01,0],"to":[0,15.165,0],"ti":[0,-4.237,0]},{"i":{"x":0.833,"y":0.833},"o":{"x":0.167,"y":0.167},"t":-105,"s":[245.273,236.792,0],"to":[0,5.477,0],"ti":[0,-40.371,0]},{"i":{"x":0.833,"y":0.833},"o":{"x":0.167,"y":0.167},"t":-35,"s":[245.273,310.01,0],"to":[0,26.832,0],"ti":[1.5,0,0]},{"i":{"x":0.833,"y":0.833},"o":{"x":0.167,"y":0.167},"t":-12.5,"s":[156.764,479.263,0],"to":[-1.297,0,0],"ti":[-10.714,-159.061,0]},{"i":{"x":0.833,"y":0.833},"o":{"x":0.167,"y":0.167},"t":0,"s":[173.37,622.49,0],"to":[-17.145,138.833,0],"ti":[-30.727,-20.99,0]},{"i":{"x":0.833,"y":0.833},"o":{"x":0.167,"y":0.167},"t":10,"s":[224.273,872.01,0],"to":[30.727,20.99,0],"ti":[-42.51,4.459,0]},{"t":20,"s":[366.273,906.01,0]}],"ix":2,"l":2},"a":{"a":0,"k":[-0.727,2.01,0],"ix":1,"l":2},"s":{"a":0,"k":[100,100,100],"ix":6,"l":2}},"ao":0,"shapes":[{"ty":"gr","it":[{"ind":0,"ty":"sh","ix":1,"ks":{"a":1,"k":[{"i":{"x":0.833,"y":0.833},"o":{"x":0.167,"y":0.167},"t":-122.5,"s":[{"i":[[50.203,-39.022],[-26.119,29.675],[-26.259,8.988]],"o":[[-21.381,16.619],[16.558,-18.813],[48.028,-16.439]],"v":[[37.797,49.522],[12.942,22.313],[35.472,-51.061]],"c":true}]},{"i":{"x":0.667,"y":1},"o":{"x":0.167,"y":0.167},"t":-112.5,"s":[{"i":[[26.047,-40.147],[2.848,30.032],[-15.825,2.486]],"o":[[-17.244,26.579],[-2.848,-30.032],[15.825,-2.486]],"v":[[84.953,69.866],[42.848,52.751],[62.675,-67.295]],"c":true}]},{"i":{"x":0.833,"y":0.833},"o":{"x":0.333,"y":0},"t":-100,"s":[{"i":[[21.261,-33.252],[0,39.532],[-21.027,-18.116]],"o":[[-14.93,24.154],[0,-25.281],[34.315,29.549]],"v":[[72.797,128.522],[23.942,108.313],[49.972,-25.561]],"c":true}]},{"i":{"x":0.833,"y":0.833},"o":{"x":0.167,"y":0.167},"t":-70,"s":[{"i":[[21.261,-33.252],[0,39.532],[-21.027,-18.116]],"o":[[-14.93,24.154],[0,-25.281],[34.315,29.549]],"v":[[70.797,128.522],[21.942,108.313],[47.972,-25.561]],"c":true}]},{"i":{"x":0.667,"y":1},"o":{"x":0.167,"y":0.167},"t":-50,"s":[{"i":[[21.261,-33.252],[0,39.532],[-21.027,-18.116]],"o":[[-14.93,24.154],[0,-25.281],[34.315,29.549]],"v":[[70.797,128.522],[21.942,108.313],[47.972,-28.561]],"c":true}]},{"i":{"x":0.833,"y":0.833},"o":{"x":0.333,"y":0},"t":-35,"s":[{"i":[[21.261,-33.252],[0,39.532],[-21.027,-18.116]],"o":[[-14.93,24.154],[0,-25.281],[34.315,29.549]],"v":[[70.797,128.522],[21.942,108.313],[47.972,-28.561]],"c":true}]},{"i":{"x":0.833,"y":0.833},"o":{"x":0.167,"y":0.167},"t":-10,"s":[{"i":[[1.703,-43.522],[13.558,59.187],[-21.797,17.181]],"o":[[-1.585,40.487],[-5.645,-24.643],[24.028,-18.939]],"v":[[89.797,-0.978],[17.942,1.813],[-2.028,-61.561]],"c":true}]},{"i":{"x":0.833,"y":0.833},"o":{"x":0.167,"y":0.167},"t":0,"s":[{"i":[[-0.464,-60.317],[8.13,45.649],[-15.859,13.151]],"o":[[0.238,31.012],[-8.184,-45.953],[17.483,-14.497]],"v":[[65.964,18.317],[-3.816,25.453],[-28.346,-47.057]],"c":true}]},{"i":{"x":0.833,"y":0.833},"o":{"x":0.167,"y":0.167},"t":5,"s":[{"i":[[-8.055,-21.51],[11.326,15.759],[-8.505,3.386]],"o":[[8.164,21.799],[-16.275,-22.646],[8.505,-3.386]],"v":[[41.964,0.317],[13.184,9.953],[-8.096,-36.307]],"c":true}]},{"i":{"x":0.833,"y":0.833},"o":{"x":0.167,"y":0.167},"t":10,"s":[{"i":[[-13.964,-10.817],[7.659,4.636],[-4.654,5.557]],"o":[[24.517,18.992],[-8.184,-4.953],[5.954,-7.109]],"v":[[8.964,-13.683],[3.184,5.453],[-35.846,-35.557]],"c":true}]},{"t":20,"s":[{"i":[[-13.964,-8.293],[6.989,4.289],[4.346,11.557]],"o":[[24.517,14.561],[-16.184,-9.931],[-1.615,-4.295]],"v":[[-6.036,4.793],[-11.816,19.464],[-42.846,-17.557]],"c":true}]}],"ix":2},"nm":"Path 1","mn":"ADBE Vector Shape - Group","hd":false},{"ty":"fl","c":{"a":0,"k":[0.505882352941,0.83137254902,0.980392156863,1],"ix":4},"o":{"a":0,"k":100,"ix":5},"r":1,"bm":0,"nm":"Fill 1","mn":"ADBE Vector Graphic - Fill","hd":false},{"ty":"tr","p":{"a":0,"k":[0,0],"ix":2},"a":{"a":0,"k":[0,0],"ix":1},"s":{"a":0,"k":[100,100],"ix":3},"r":{"a":0,"k":0,"ix":6},"o":{"a":0,"k":100,"ix":7},"sk":{"a":0,"k":0,"ix":4},"sa":{"a":0,"k":0,"ix":5},"nm":"Transform"}],"nm":"Shape 2","np":3,"cix":2,"bm":0,"ix":1,"mn":"ADBE Vector Group","hd":false},{"ty":"gr","it":[{"ind":0,"ty":"sh","ix":1,"ks":{"a":1,"k":[{"i":{"x":0.833,"y":0.833},"o":{"x":0.167,"y":0.167},"t":-122.5,"s":[{"i":[[57.266,-11.971],[16.134,31.151],[-15.915,18.184],[-10.968,6.474],[-10.542,2.108],[-13.301,-3.797],[-8.681,-11.646],[7.149,-26.346]],"o":[[-39.105,8.175],[-13.762,-26.572],[15.793,-18.044],[17.444,-10.297],[17.751,-3.55],[11.603,3.312],[12.17,16.326],[-7.149,26.346]],"v":[[0.234,86.471],[-97.634,52.349],[-82.043,-26.456],[-41.944,-59.203],[-0.688,-76.7],[42.426,-76.266],[78.431,-53.104],[91.149,7.154]],"c":true}]},{"i":{"x":0.667,"y":1},"o":{"x":0.167,"y":0.167},"t":-112.5,"s":[{"i":[[64.843,-0.346],[6.023,52.095],[-19.743,36.746],[-14.936,15.242],[-13.042,4.714],[-15.314,-9.329],[-9.746,-42.375],[11.602,-57.173]],"o":[[-72.68,0.388],[-7.069,-61.146],[20.894,-38.888],[14.936,-15.242],[13.042,-4.714],[17.438,10.623],[11.053,48.057],[-10.727,52.862]],"v":[[0.157,166.065],[-114.931,71.864],[-79.894,-81.893],[-33.936,-147.539],[9.958,-177.567],[51.563,-172.904],[100.947,-82.338],[107.227,69.357]],"c":true}]},{"i":{"x":0.833,"y":0.833},"o":{"x":0.333,"y":0},"t":-100,"s":[{"i":[[65.192,0],[0,56.601],[-24.707,61.772],[-15.634,27.354],[-9.596,0],[-5.301,-10.754],[-15.132,-33.952],[0,-39.854]],"o":[[-66.208,0],[0,-48.849],[11.816,-29.541],[5.026,-9.017],[10.001,0],[14.539,26.883],[42.758,95.934],[1.485,55.796]],"v":[[0.117,205.471],[-119.134,82.849],[-65.293,-93.791],[-26.694,-181.888],[-2.751,-196],[21.301,-181.888],[61.931,-91.989],[117.649,83.654]],"c":true}]},{"i":{"x":0.833,"y":0.833},"o":{"x":0.167,"y":0.167},"t":-70,"s":[{"i":[[65.192,0],[0,56.601],[-24.707,61.772],[-15.634,27.354],[-9.596,0],[-5.301,-10.754],[-15.132,-33.952],[0,-39.854]],"o":[[-66.208,0],[0,-48.849],[11.816,-29.541],[5.026,-9.017],[10.001,0],[14.539,26.883],[42.758,95.934],[1.485,55.796]],"v":[[0.117,205.471],[-117.134,82.849],[-64.293,-93.791],[-26.694,-181.888],[-2.751,-196],[21.301,-181.888],[60.931,-91.989],[115.649,83.654]],"c":true}]},{"i":{"x":0.667,"y":1},"o":{"x":0.167,"y":0.167},"t":-50,"s":[{"i":[[65.192,0],[0,56.601],[-24.707,63.456],[-15.634,28.099],[-9.596,0],[-5.301,-11.047],[-15.165,-34.862],[0,-39.854]],"o":[[-66.208,0],[0,-48.849],[11.816,-30.346],[5.026,-9.263],[10.001,0],[14.539,27.616],[42.758,98.549],[1.485,55.796]],"v":[[0.117,205.471],[-117.134,82.849],[-64.293,-96.456],[-26.694,-186.953],[-2.751,-201.45],[21.301,-186.953],[60.931,-94.604],[115.649,83.654]],"c":true}]},{"i":{"x":0.833,"y":0.833},"o":{"x":0.333,"y":0},"t":-35,"s":[{"i":[[65.192,0],[0,56.601],[-24.707,63.456],[-15.634,28.099],[-9.596,0],[-5.301,-11.047],[-15.165,-34.862],[0,-39.854]],"o":[[-66.208,0],[0,-48.849],[11.816,-30.346],[5.026,-9.263],[10.001,0],[14.539,27.616],[42.758,98.549],[1.485,55.796]],"v":[[0.117,205.471],[-117.134,82.849],[-64.293,-96.456],[-26.694,-186.953],[-2.751,-201.45],[21.301,-186.953],[60.931,-94.604],[115.649,83.654]],"c":true}]},{"i":{"x":0.833,"y":0.833},"o":{"x":0.167,"y":0.167},"t":-10,"s":[{"i":[[65.192,0],[0,56.601],[-11.213,10.148],[-9.159,2.346],[-9.595,-0.155],[-10.874,-3.865],[-11.246,-11.609],[0.501,-24.149]],"o":[[-66.208,0],[0,-33.849],[15.293,-13.841],[14.444,-3.7],[15.501,0.25],[12.449,4.425],[16.819,17.362],[-1.149,55.346]],"v":[[4.617,110.471],[-104.634,8.849],[-74.293,-57.409],[-35.632,-80.487],[7.249,-85.5],[47.926,-77.8],[87.181,-52.112],[110.649,13.154]],"c":true}]},{"i":{"x":0.833,"y":0.833},"o":{"x":0.167,"y":0.167},"t":0,"s":[{"i":[[47.432,0],[0,43.326],[-8.158,7.768],[-6.664,1.796],[-6.981,-0.118],[-7.912,-2.958],[-8.182,-8.886],[0.365,-18.485]],"o":[[-48.172,0],[0,-25.91],[11.127,-10.595],[10.509,-2.832],[11.278,0.191],[9.058,3.387],[12.237,13.29],[-0.836,42.366]],"v":[[2.489,78],[-77,5.339],[-54.924,-45.379],[-26.795,-63.044],[4.404,-66.882],[33.999,-60.987],[62.561,-41.324],[79.635,8.634]],"c":true}]},{"i":{"x":0.833,"y":0.833},"o":{"x":0.167,"y":0.167},"t":10,"s":[{"i":[[9.313,-8.337],[18.569,11.568],[6.547,9.167],[2.233,6.53],[-4.928,4.946],[-6.753,-5.074],[-9.684,-7.221],[-5.901,-7.641]],"o":[[-9.408,8.422],[-11.22,-6.99],[-7.213,-10.099],[-5.5,-16.084],[7.961,-7.991],[13.347,10.029],[15.372,11.462],[9.543,12.356]],"v":[[52.908,43.078],[3.181,44.932],[-28.537,15.099],[-47.5,-17.416],[-46.122,-47.05],[-12.847,-38.529],[21.128,-14.712],[53.457,9.144]],"c":true}]},{"t":20,"s":[{"i":[[2.956,-2.731],[18.569,8.869],[6.547,7.028],[2.529,6.422],[-2.378,1.05],[-6.753,-5.074],[-9.718,-5.894],[-12.147,-6.232]],"o":[[-6.408,5.922],[-11.22,-5.359],[-7.213,-7.743],[-5.25,-13.334],[3.313,-1.463],[13.347,10.029],[18.872,11.446],[6.543,3.356]],"v":[[57.408,38.078],[3.181,33.631],[-28.537,10.76],[-47.5,-17.416],[-53.872,-42.05],[-29.597,-20.529],[8.378,7.804],[45.957,29.144]],"c":true}]}],"ix":2},"nm":"Path 1","mn":"ADBE Vector Shape - Group","hd":false},{"ty":"gf","o":{"a":0,"k":100,"ix":10},"r":1,"bm":0,"g":{"p":3,"k":{"a":0,"k":[0.426,0.161,0.714,0.965,0.713,0.139,0.624,0.931,1,0.118,0.533,0.898],"ix":9}},"s":{"a":0,"k":[10.39,-62.338],"ix":5},"e":{"a":0,"k":[383.013,34.597],"ix":6},"t":2,"h":{"a":0,"k":0,"ix":7},"a":{"a":0,"k":0,"ix":8},"nm":"Gradient Fill 1","mn":"ADBE Vector Graphic - G-Fill","hd":false},{"ty":"tr","p":{"a":0,"k":[0,0],"ix":2},"a":{"a":0,"k":[0,0],"ix":1},"s":{"a":0,"k":[100,100],"ix":3},"r":{"a":0,"k":0,"ix":6},"o":{"a":0,"k":100,"ix":7},"sk":{"a":0,"k":0,"ix":4},"sa":{"a":0,"k":0,"ix":5},"nm":"Transform"}],"nm":"Shape 1","np":3,"cix":2,"bm":0,"ix":2,"mn":"ADBE Vector Group","hd":false}],"ip":0,"op":15,"st":-122.5,"bm":0},{"ddd":0,"ind":3,"ty":4,"nm":"DROP","sr":1,"ks":{"o":{"a":0,"k":100,"ix":11},"r":{"a":0,"k":0,"ix":10},"p":{"s":true,"x":{"a":1,"k":[{"i":{"x":[0.689],"y":[1]},"o":{"x":[0.366],"y":[0]},"t":25,"s":[245.273]},{"i":{"x":[0.747],"y":[0.823]},"o":{"x":[0.344],"y":[0]},"t":115,"s":[245.273]},{"i":{"x":[0.833],"y":[0.833]},"o":{"x":[0.366],"y":[0.32]},"t":127.5,"s":[196.764]},{"t":135,"s":[173.37]}],"ix":3},"y":{"a":1,"k":[{"i":{"x":[0.637],"y":[0.972]},"o":{"x":[0.167],"y":[0]},"t":15,"s":[148.792]},{"i":{"x":[0.72],"y":[0.64]},"o":{"x":[0.117],"y":[0.096]},"t":25,"s":[236.792]},{"i":{"x":[0.698],"y":[0.792]},"o":{"x":[0.339],"y":[0.025]},"t":115,"s":[310.01]},{"i":{"x":[0.795],"y":[0.912]},"o":{"x":[0.433],"y":[0.229]},"t":127.5,"s":[485.583]},{"t":135,"s":[622.49]}],"ix":4}},"a":{"a":0,"k":[-0.727,2.01,0],"ix":1,"l":2},"s":{"a":1,"k":[{"i":{"x":[0.667,0.667,0.667],"y":[1,1,1]},"o":{"x":[0.333,0.333,0.333],"y":[0,0,0]},"t":15,"s":[44,44,100]},{"i":{"x":[0.833,0.833,0.833],"y":[1,1,1]},"o":{"x":[0.167,0.167,0.167],"y":[0,0,0]},"t":25,"s":[104,104,100]},{"t":30,"s":[100,100,100]}],"ix":6,"l":2}},"ao":0,"shapes":[{"ty":"gr","it":[{"ind":0,"ty":"sh","ix":1,"ks":{"a":1,"k":[{"i":{"x":0.833,"y":0.833},"o":{"x":0.167,"y":0.167},"t":52.5,"s":[{"i":[[21.261,-33.252],[0,39.532],[-21.027,-18.116]],"o":[[-14.93,24.154],[0,-25.281],[34.315,29.549]],"v":[[70.797,128.522],[21.942,108.313],[47.972,-25.561]],"c":true}]},{"i":{"x":0.667,"y":1},"o":{"x":0.167,"y":0.167},"t":80,"s":[{"i":[[21.261,-33.252],[0,39.532],[-21.027,-18.116]],"o":[[-14.93,24.154],[0,-25.281],[34.315,29.549]],"v":[[70.797,128.522],[21.942,108.313],[47.972,-28.561]],"c":true}]},{"i":{"x":0.833,"y":0.833},"o":{"x":0.333,"y":0},"t":115,"s":[{"i":[[21.261,-33.252],[0,39.532],[-21.027,-18.116]],"o":[[-14.93,24.154],[0,-25.281],[34.315,29.549]],"v":[[70.797,128.522],[21.942,108.313],[47.972,-28.561]],"c":true}]},{"i":{"x":0.667,"y":1},"o":{"x":0.167,"y":0.167},"t":122.5,"s":[{"i":[[8.588,-39.907],[8.786,52.269],[-21.526,4.757]],"o":[[-6.282,34.738],[-3.658,-24.868],[27.649,-1.872]],"v":[[83.109,44.606],[19.35,39.301],[39.072,-45.945]],"c":true}]},{"i":{"x":0.833,"y":0.833},"o":{"x":0.333,"y":0},"t":127.5,"s":[{"i":[[1.703,-43.522],[13.558,59.187],[-21.797,17.181]],"o":[[-1.585,40.487],[-5.645,-24.643],[24.028,-18.939]],"v":[[89.797,-0.978],[17.942,1.813],[-2.028,-61.561]],"c":true}]},{"t":135,"s":[{"i":[[-0.464,-60.317],[8.13,45.649],[-15.859,13.151]],"o":[[0.238,31.012],[-8.184,-45.953],[17.483,-14.497]],"v":[[65.964,18.317],[-3.816,25.453],[-28.346,-47.057]],"c":true}]}],"ix":2},"nm":"Path 1","mn":"ADBE Vector Shape - Group","hd":false},{"ty":"fl","c":{"a":0,"k":[0.505882352941,0.83137254902,0.980392156863,1],"ix":4},"o":{"a":0,"k":100,"ix":5},"r":1,"bm":0,"nm":"Fill 1","mn":"ADBE Vector Graphic - Fill","hd":false},{"ty":"tr","p":{"a":0,"k":[0,0],"ix":2},"a":{"a":0,"k":[0,0],"ix":1},"s":{"a":0,"k":[100,100],"ix":3},"r":{"a":0,"k":0,"ix":6},"o":{"a":0,"k":100,"ix":7},"sk":{"a":0,"k":0,"ix":4},"sa":{"a":0,"k":0,"ix":5},"nm":"Transform"}],"nm":"Shape 2","np":3,"cix":2,"bm":0,"ix":1,"mn":"ADBE Vector Group","hd":false},{"ty":"gr","it":[{"ind":0,"ty":"sh","ix":1,"ks":{"a":1,"k":[{"i":{"x":0.833,"y":0.833},"o":{"x":0.167,"y":0.167},"t":52.5,"s":[{"i":[[65.192,0],[0,56.601],[-24.707,61.772],[-15.634,27.354],[-9.596,0],[-5.301,-10.754],[-15.132,-33.952],[0,-39.854]],"o":[[-66.208,0],[0,-48.849],[11.816,-29.541],[5.026,-9.017],[10.001,0],[14.539,26.883],[42.758,95.934],[1.485,55.796]],"v":[[0.117,205.471],[-117.134,82.849],[-64.293,-93.791],[-26.694,-181.888],[-2.751,-196],[21.301,-181.888],[60.931,-91.989],[115.649,83.654]],"c":true}]},{"i":{"x":0.667,"y":1},"o":{"x":0.167,"y":0.167},"t":80,"s":[{"i":[[65.192,0],[0,56.601],[-24.707,63.456],[-15.634,28.099],[-9.596,0],[-5.301,-11.047],[-15.165,-34.862],[0,-39.854]],"o":[[-66.208,0],[0,-48.849],[11.816,-30.346],[5.026,-9.263],[10.001,0],[14.539,27.616],[42.758,98.549],[1.485,55.796]],"v":[[0.117,205.471],[-117.134,82.849],[-64.293,-96.456],[-26.694,-186.953],[-2.751,-201.45],[21.301,-186.953],[60.931,-94.604],[115.649,83.654]],"c":true}]},{"i":{"x":0.833,"y":0.833},"o":{"x":0.333,"y":0},"t":115,"s":[{"i":[[65.192,0],[0,56.601],[-24.707,63.456],[-15.634,28.099],[-9.596,0],[-5.301,-11.047],[-15.165,-34.862],[0,-39.854]],"o":[[-66.208,0],[0,-48.849],[11.816,-30.346],[5.026,-9.263],[10.001,0],[14.539,27.616],[42.758,98.549],[1.485,55.796]],"v":[[0.117,205.471],[-117.134,82.849],[-64.293,-96.456],[-26.694,-186.953],[-2.751,-201.45],[21.301,-186.953],[60.931,-94.604],[115.649,83.654]],"c":true}]},{"i":{"x":0.667,"y":1},"o":{"x":0.167,"y":0.167},"t":122.5,"s":[{"i":[[65.192,0],[0,56.601],[-15.963,28.912],[-10.74,7.335],[-16.025,0.429],[-9.823,-7.645],[-12.625,-19.794],[0.325,-29.677]],"o":[[-66.208,0],[0,-39.129],[14.069,-19.651],[10.74,-7.335],[16.025,-0.429],[13.951,10.859],[25.949,45.94],[-0.221,55.504]],"v":[[3.033,143.911],[-109.034,34.897],[-70.773,-71.153],[-32.486,-112.908],[3.729,-123.814],[39.804,-112.102],[77.941,-67.069],[112.409,37.97]],"c":true}]},{"i":{"x":0.833,"y":0.833},"o":{"x":0.333,"y":0},"t":127.5,"s":[{"i":[[65.192,0],[0,56.601],[-11.213,10.148],[-9.159,2.346],[-9.595,-0.155],[-10.874,-3.865],[-11.246,-11.609],[0.501,-24.149]],"o":[[-66.208,0],[0,-33.849],[15.293,-13.841],[14.444,-3.7],[15.501,0.25],[12.449,4.425],[16.819,17.362],[-1.149,55.346]],"v":[[4.617,110.471],[-104.634,8.849],[-74.293,-57.409],[-35.632,-80.487],[7.249,-85.5],[47.926,-77.8],[87.181,-52.112],[110.649,13.154]],"c":true}]},{"t":135,"s":[{"i":[[47.432,0],[0,43.326],[-8.158,7.768],[-6.664,1.796],[-6.981,-0.118],[-7.912,-2.958],[-8.182,-8.886],[0.365,-18.485]],"o":[[-48.172,0],[0,-25.91],[11.127,-10.595],[10.509,-2.832],[11.278,0.191],[9.058,3.387],[12.237,13.29],[-0.836,42.366]],"v":[[2.489,78],[-77,5.339],[-54.924,-45.379],[-26.795,-63.044],[4.404,-66.882],[33.999,-60.987],[62.561,-41.324],[79.635,8.634]],"c":true}]}],"ix":2},"nm":"Path 1","mn":"ADBE Vector Shape - Group","hd":false},{"ty":"gf","o":{"a":0,"k":100,"ix":10},"r":1,"bm":0,"g":{"p":3,"k":{"a":0,"k":[0.426,0.161,0.714,0.965,0.713,0.139,0.624,0.931,1,0.118,0.533,0.898],"ix":9}},"s":{"a":0,"k":[10.39,-62.338],"ix":5},"e":{"a":0,"k":[383.013,34.597],"ix":6},"t":2,"h":{"a":0,"k":0,"ix":7},"a":{"a":0,"k":0,"ix":8},"nm":"Gradient Fill 1","mn":"ADBE Vector Graphic - G-Fill","hd":false},{"ty":"tr","p":{"a":0,"k":[0,0],"ix":2},"a":{"a":0,"k":[0,0],"ix":1},"s":{"a":0,"k":[100,100],"ix":3},"r":{"a":0,"k":0,"ix":6},"o":{"a":0,"k":100,"ix":7},"sk":{"a":0,"k":0,"ix":4},"sa":{"a":0,"k":0,"ix":5},"nm":"Transform"}],"nm":"Shape 1","np":3,"cix":2,"bm":0,"ix":2,"mn":"ADBE Vector Group","hd":false}],"ip":15,"op":135,"st":0,"bm":0},{"ddd":0,"ind":4,"ty":4,"nm":"EYES","parent":1,"sr":1,"ks":{"o":{"a":0,"k":100,"ix":11},"r":{"a":0,"k":0,"ix":10},"p":{"s":true,"x":{"a":0,"k":50,"ix":3},"y":{"a":0,"k":35.354,"ix":4}},"a":{"a":0,"k":[0.316,-1.646,0],"ix":1,"l":2},"s":{"a":0,"k":[100,100,100],"ix":6,"l":2}},"ao":0,"shapes":[{"ty":"gr","it":[{"ind":0,"ty":"sh","ix":1,"ks":{"a":0,"k":{"i":[[8.32,12.24],[-12.4,7.92],[-2.4,0.72],[-29.04,0.56],[-27.28,-10.08],[4.24,-14.48],[1.12,-1.92],[13.76,4.88],[21.52,0.8],[20.16,-7.76]],"o":[[-7.92,-12.4],[2.08,-1.36],[27.04,-10.64],[29.04,0.48],[14.48,4.16],[-0.64,2.16],[-8.16,12.16],[-20.08,-7.68],[-21.6,0.72],[-13.68,5.6]],"v":[[78.48,19.96],[86.56,-16.92],[93.36,-20.04],[178.24,-37],[263.36,-21],[282,12.76],[279.36,19],[242.08,31.32],[179.28,18.52],[116.16,31.32]],"c":true},"ix":2},"nm":"Path 1","mn":"ADBE Vector Shape - Group","hd":false},{"ind":1,"ty":"sh","ix":2,"ks":{"a":0,"k":{"i":[[8.32,12.32],[-12.56,7.92],[-2.4,0.72],[-29.12,0.56],[-27.2,-10.08],[4.16,-14.48],[1.12,-1.92],[13.84,4.96],[21.52,0.8],[20.16,-7.76]],"o":[[-7.92,-12.56],[2.08,-1.28],[27.04,-10.72],[29.04,0.48],[14.48,4.24],[-0.64,2.16],[-8.16,12.16],[-20.08,-7.68],[-21.6,0.72],[-13.68,5.68]],"v":[[-278.32,19.96],[-269.92,-17],[-263.2,-20.04],[-178.24,-37],[-93.2,-21],[-74.56,12.92],[-77.2,19],[-114.56,31.32],[-177.36,18.52],[-240.48,31.32]],"c":true},"ix":2},"nm":"Path 2","mn":"ADBE Vector Shape - Group","hd":false},{"ty":"mm","mm":2,"nm":"Merge Paths 1","mn":"ADBE Vector Filter - Merge","hd":false},{"ty":"fl","c":{"a":0,"k":[0.258823529412,0.16862745098,0.050980392157,1],"ix":4},"o":{"a":0,"k":100,"ix":5},"r":1,"bm":0,"nm":"Fill 1","mn":"ADBE Vector Graphic - Fill","hd":false},{"ty":"tr","p":{"a":0,"k":[0,0],"ix":2},"a":{"a":0,"k":[0,0],"ix":1},"s":{"a":0,"k":[100,100],"ix":3},"r":{"a":0,"k":0,"ix":6},"o":{"a":0,"k":100,"ix":7},"sk":{"a":0,"k":0,"ix":4},"sa":{"a":0,"k":0,"ix":5},"nm":"Transform"}],"nm":"Shape 1","np":5,"cix":2,"bm":0,"ix":1,"mn":"ADBE Vector Group","hd":false}],"ip":0,"op":135,"st":0,"bm":0},{"ddd":0,"ind":5,"ty":4,"nm":"mouth ","parent":1,"sr":1,"ks":{"o":{"a":0,"k":100,"ix":11},"r":{"a":0,"k":0,"ix":10},"p":{"s":true,"x":{"a":0,"k":50,"ix":3},"y":{"a":0,"k":221.456,"ix":4}},"a":{"a":0,"k":[0,-0.4,0],"ix":1,"l":2},"s":{"a":0,"k":[100,100,100],"ix":6,"l":2}},"ao":0,"shapes":[{"ty":"gr","it":[{"ind":0,"ty":"sh","ix":1,"ks":{"a":1,"k":[{"i":{"x":0.667,"y":1},"o":{"x":0.333,"y":0},"t":7.5,"s":[{"i":[[-86.4,0],[-15.2,-29.6],[4.8,-4],[7.819,4.556],[78.719,1.056],[5.119,-2.744],[5.12,3.2],[-5.6,11.2]],"o":[[86.4,0],[5.6,11.2],[-5.12,3.2],[-7.819,-4.556],[-78.719,-1.056],[-5.119,2.744],[-4.8,-4.8],[15.2,-28.8]],"v":[[-22.001,-72.4],[135.599,20.4],[136.4,45.2],[119.599,45.2],[-22.001,-2.8],[-163.6,44.4],[-180.401,44.4],[-179.6,19.6]],"c":true}]},{"i":{"x":0.667,"y":1},"o":{"x":0.333,"y":0},"t":17.5,"s":[{"i":[[-86.4,0],[-15.2,-29.6],[4.8,-4],[7.819,4.556],[78.719,1.056],[5.119,-2.744],[5.12,3.2],[-5.6,11.2]],"o":[[86.4,0],[5.6,11.2],[-5.12,3.2],[-7.819,-4.556],[-78.719,-1.056],[-5.119,2.744],[-4.8,-4.8],[15.2,-28.8]],"v":[[-22.001,-64.4],[135.599,20.4],[136.4,45.2],[119.599,45.2],[-22.001,5.2],[-163.6,44.4],[-180.401,44.4],[-179.6,19.6]],"c":true}]},{"t":27.5,"s":[{"i":[[-86.4,0],[-15.2,-29.6],[4.8,-4],[7.819,4.556],[78.719,1.056],[5.119,-2.744],[5.12,3.2],[-5.6,11.2]],"o":[[86.4,0],[5.6,11.2],[-5.12,3.2],[-7.819,-4.556],[-78.719,-1.056],[-5.119,2.744],[-4.8,-4.8],[15.2,-28.8]],"v":[[-22.001,-72.4],[135.599,20.4],[136.4,45.2],[119.599,45.2],[-22.001,-2.8],[-163.6,44.4],[-180.401,44.4],[-179.6,19.6]],"c":true}]}],"ix":2},"nm":"Path 1","mn":"ADBE Vector Shape - Group","hd":false},{"ty":"fl","c":{"a":0,"k":[0.258999992819,0.169000004787,0.051000000449,1],"ix":4},"o":{"a":0,"k":100,"ix":5},"r":1,"bm":0,"nm":"Fill 1","mn":"ADBE Vector Graphic - Fill","hd":false},{"ty":"tr","p":{"a":0,"k":[22,12],"ix":2},"a":{"a":0,"k":[0,0],"ix":1},"s":{"a":0,"k":[100,100],"ix":3},"r":{"a":0,"k":0,"ix":6},"o":{"a":0,"k":100,"ix":7},"sk":{"a":0,"k":0,"ix":4},"sa":{"a":0,"k":0,"ix":5},"nm":"Transform"}],"nm":"Group 1","np":2,"cix":2,"bm":0,"ix":1,"mn":"ADBE Vector Group","hd":false}],"ip":0,"op":135,"st":0,"bm":0},{"ddd":0,"ind":6,"ty":4,"nm":"base matte","parent":8,"td":1,"sr":1,"ks":{"o":{"a":0,"k":100,"ix":11},"r":{"a":0,"k":0,"ix":10},"p":{"s":true,"x":{"a":0,"k":-2,"ix":3},"y":{"a":0,"k":-3,"ix":4}},"a":{"a":0,"k":[0,0,0],"ix":1,"l":2},"s":{"a":0,"k":[100,100,100],"ix":6,"l":2}},"ao":0,"shapes":[{"ty":"gr","it":[{"ind":0,"ty":"sh","ix":1,"ks":{"a":0,"k":{"i":[[15.4,0],[0,38.4],[-27.9,0],[-10.6,-9.3],[0,-16.9],[11.5,-10.2]],"o":[[-27.9,0],[0,-38.4],[15.5,0],[11.5,10.2],[0,16.9],[-10.6,9.3]],"v":[[0,55.9],[-58,0],[0,-55.9],[40.4,-41.5],[58,0],[40.4,41.4]],"c":true},"ix":2},"nm":"Path 1","mn":"ADBE Vector Shape - Group","hd":false},{"ty":"gf","o":{"a":0,"k":100,"ix":10},"r":1,"bm":0,"g":{"p":5,"k":{"a":0,"k":[0.48,0.992,0.878,0.188,0.691,0.98,0.816,0.178,0.902,0.969,0.753,0.169,0.966,0.963,0.694,0.153,1,0.957,0.635,0.137],"ix":9}},"s":{"a":0,"k":[0,0],"ix":5},"e":{"a":0,"k":[56.225,0],"ix":6},"t":2,"h":{"a":0,"k":0,"ix":7},"a":{"a":0,"k":0,"ix":8},"nm":"Gradient Fill 1","mn":"ADBE Vector Graphic - G-Fill","hd":false},{"ty":"tr","p":{"a":0,"k":[0,0],"ix":2},"a":{"a":0,"k":[0,0],"ix":1},"s":{"a":0,"k":[100,100],"ix":3},"r":{"a":0,"k":0,"ix":6},"o":{"a":0,"k":100,"ix":7},"sk":{"a":0,"k":0,"ix":4},"sa":{"a":0,"k":0,"ix":5},"nm":"Transform"}],"nm":"Group 1","np":2,"cix":2,"bm":0,"ix":1,"mn":"ADBE Vector Group","hd":false}],"ip":0,"op":135,"st":0,"bm":0},{"ddd":0,"ind":7,"ty":4,"nm":"base shadow","parent":8,"tt":2,"sr":1,"ks":{"o":{"a":0,"k":100,"ix":11},"r":{"a":0,"k":0,"ix":10},"p":{"s":true,"x":{"a":0,"k":0,"ix":3},"y":{"a":0,"k":0,"ix":4}},"a":{"a":0,"k":[0,0,0],"ix":1,"l":2},"s":{"a":0,"k":[100,100,100],"ix":6,"l":2}},"ao":0,"shapes":[{"ty":"gr","it":[{"ind":0,"ty":"sh","ix":1,"ks":{"a":0,"k":{"i":[[15.4,0],[0,38.4],[-27.9,0],[-10.6,-9.3],[0,-16.9],[11.5,-10.2]],"o":[[-27.9,0],[0,-38.4],[15.5,0],[11.5,10.2],[0,16.9],[-10.6,9.3]],"v":[[0,55.9],[-58,0],[0,-55.9],[40.4,-41.5],[58,0],[40.4,41.4]],"c":true},"ix":2},"nm":"Path 1","mn":"ADBE Vector Shape - Group","hd":false},{"ty":"fl","c":{"a":0,"k":[0.921568627451,0.560784313725,0,1],"ix":4},"o":{"a":0,"k":100,"ix":5},"r":1,"bm":0,"nm":"Fill 1","mn":"ADBE Vector Graphic - Fill","hd":false},{"ty":"tr","p":{"a":0,"k":[0,0],"ix":2},"a":{"a":0,"k":[0,0],"ix":1},"s":{"a":0,"k":[100,100],"ix":3},"r":{"a":0,"k":0,"ix":6},"o":{"a":0,"k":100,"ix":7},"sk":{"a":0,"k":0,"ix":4},"sa":{"a":0,"k":0,"ix":5},"nm":"Transform"}],"nm":"Group 1","np":2,"cix":2,"bm":0,"ix":1,"mn":"ADBE Vector Group","hd":false}],"ip":0,"op":135,"st":0,"bm":0},{"ddd":0,"ind":8,"ty":4,"nm":"base","sr":1,"ks":{"o":{"a":0,"k":100,"ix":11},"r":{"a":0,"k":0,"ix":10},"p":{"s":true,"x":{"a":0,"k":512,"ix":3},"y":{"a":0,"k":512,"ix":4}},"a":{"a":0,"k":[0,0,0],"ix":1,"l":2},"s":{"a":0,"k":[800,800,100],"ix":6,"l":2}},"ao":0,"shapes":[{"ty":"gr","it":[{"ind":0,"ty":"sh","ix":1,"ks":{"a":0,"k":{"i":[[15.4,0],[0,38.4],[-27.9,0],[-10.6,-9.3],[0,-16.9],[11.5,-10.2]],"o":[[-27.9,0],[0,-38.4],[15.5,0],[11.5,10.2],[0,16.9],[-10.6,9.3]],"v":[[0,55.9],[-58,0],[0,-55.9],[40.4,-41.5],[58,0],[40.4,41.4]],"c":true},"ix":2},"nm":"Path 1","mn":"ADBE Vector Shape - Group","hd":false},{"ty":"gf","o":{"a":0,"k":100,"ix":10},"r":1,"bm":0,"g":{"p":5,"k":{"a":0,"k":[0.48,0.992,0.878,0.188,0.691,0.98,0.816,0.178,0.902,0.969,0.753,0.169,0.966,0.963,0.694,0.153,1,0.957,0.635,0.137],"ix":9}},"s":{"a":0,"k":[0,0],"ix":5},"e":{"a":0,"k":[56.225,0],"ix":6},"t":2,"h":{"a":0,"k":0,"ix":7},"a":{"a":0,"k":0,"ix":8},"nm":"Gradient Fill 1","mn":"ADBE Vector Graphic - G-Fill","hd":false},{"ty":"tr","p":{"a":0,"k":[0,0],"ix":2},"a":{"a":0,"k":[0,0],"ix":1},"s":{"a":0,"k":[100,100],"ix":3},"r":{"a":0,"k":0,"ix":6},"o":{"a":0,"k":100,"ix":7},"sk":{"a":0,"k":0,"ix":4},"sa":{"a":0,"k":0,"ix":5},"nm":"Transform"}],"nm":"Group 1","np":2,"cix":2,"bm":0,"ix":1,"mn":"ADBE Vector Group","hd":false}],"ip":0,"op":135,"st":0,"bm":0},{"ddd":0,"ind":9,"ty":4,"nm":"DROP Back","sr":1,"ks":{"o":{"a":0,"k":100,"ix":11},"r":{"a":1,"k":[{"i":{"x":[0.667],"y":[1]},"o":{"x":[0.167],"y":[0.167]},"t":-35,"s":[0]},{"i":{"x":[0.833],"y":[0.833]},"o":{"x":[0.333],"y":[0]},"t":-15,"s":[10]},{"i":{"x":[0.833],"y":[0.833]},"o":{"x":[0.167],"y":[0.167]},"t":0,"s":[0]},{"i":{"x":[0.833],"y":[0.833]},"o":{"x":[0.167],"y":[0.167]},"t":10,"s":[0]},{"t":20,"s":[-25.4]}],"ix":10},"p":{"a":1,"k":[{"i":{"x":0.833,"y":0.833},"o":{"x":0.167,"y":0.167},"t":-122.5,"s":[276.273,159.01,0],"to":[0,15.165,0],"ti":[0,-4.237,0]},{"i":{"x":0.833,"y":0.833},"o":{"x":0.167,"y":0.167},"t":-105,"s":[245.273,236.792,0],"to":[0,5.477,0],"ti":[0,-40.371,0]},{"i":{"x":0.833,"y":0.833},"o":{"x":0.167,"y":0.167},"t":-35,"s":[245.273,310.01,0],"to":[0,26.832,0],"ti":[1.5,0,0]},{"i":{"x":0.833,"y":0.833},"o":{"x":0.167,"y":0.167},"t":-12.5,"s":[156.764,479.263,0],"to":[-1.297,0,0],"ti":[-10.714,-159.061,0]},{"i":{"x":0.833,"y":0.833},"o":{"x":0.167,"y":0.167},"t":0,"s":[173.37,622.49,0],"to":[-17.145,138.833,0],"ti":[-30.727,-20.99,0]},{"i":{"x":0.833,"y":0.833},"o":{"x":0.167,"y":0.167},"t":10,"s":[224.273,872.01,0],"to":[30.727,20.99,0],"ti":[-42.51,4.459,0]},{"t":20,"s":[366.273,906.01,0]}],"ix":2,"l":2},"a":{"a":0,"k":[-0.727,2.01,0],"ix":1,"l":2},"s":{"a":0,"k":[100,100,100],"ix":6,"l":2}},"ao":0,"shapes":[{"ty":"gr","it":[{"ind":0,"ty":"sh","ix":1,"ks":{"a":1,"k":[{"i":{"x":0.833,"y":0.833},"o":{"x":0.167,"y":0.167},"t":-122.5,"s":[{"i":[[50.203,-39.022],[-26.119,29.675],[-26.259,8.988]],"o":[[-21.381,16.619],[16.558,-18.813],[48.028,-16.439]],"v":[[37.797,49.522],[12.942,22.313],[35.472,-51.061]],"c":true}]},{"i":{"x":0.667,"y":1},"o":{"x":0.167,"y":0.167},"t":-112.5,"s":[{"i":[[26.047,-40.147],[2.848,30.032],[-15.825,2.486]],"o":[[-17.244,26.579],[-2.848,-30.032],[15.825,-2.486]],"v":[[84.953,69.866],[42.848,52.751],[62.675,-67.295]],"c":true}]},{"i":{"x":0.833,"y":0.833},"o":{"x":0.333,"y":0},"t":-100,"s":[{"i":[[21.261,-33.252],[0,39.532],[-21.027,-18.116]],"o":[[-14.93,24.154],[0,-25.281],[34.315,29.549]],"v":[[72.797,128.522],[23.942,108.313],[49.972,-25.561]],"c":true}]},{"i":{"x":0.833,"y":0.833},"o":{"x":0.167,"y":0.167},"t":-70,"s":[{"i":[[21.261,-33.252],[0,39.532],[-21.027,-18.116]],"o":[[-14.93,24.154],[0,-25.281],[34.315,29.549]],"v":[[70.797,128.522],[21.942,108.313],[47.972,-25.561]],"c":true}]},{"i":{"x":0.667,"y":1},"o":{"x":0.167,"y":0.167},"t":-50,"s":[{"i":[[21.261,-33.252],[0,39.532],[-21.027,-18.116]],"o":[[-14.93,24.154],[0,-25.281],[34.315,29.549]],"v":[[70.797,128.522],[21.942,108.313],[47.972,-28.561]],"c":true}]},{"i":{"x":0.833,"y":0.833},"o":{"x":0.333,"y":0},"t":-35,"s":[{"i":[[21.261,-33.252],[0,39.532],[-21.027,-18.116]],"o":[[-14.93,24.154],[0,-25.281],[34.315,29.549]],"v":[[70.797,128.522],[21.942,108.313],[47.972,-28.561]],"c":true}]},{"i":{"x":0.833,"y":0.833},"o":{"x":0.167,"y":0.167},"t":-10,"s":[{"i":[[1.703,-43.522],[13.558,59.187],[-21.797,17.181]],"o":[[-1.585,40.487],[-5.645,-24.643],[24.028,-18.939]],"v":[[89.797,-0.978],[17.942,1.813],[-2.028,-61.561]],"c":true}]},{"i":{"x":0.833,"y":0.833},"o":{"x":0.167,"y":0.167},"t":0,"s":[{"i":[[-0.464,-60.317],[8.13,45.649],[-15.859,13.151]],"o":[[0.238,31.012],[-8.184,-45.953],[17.483,-14.497]],"v":[[65.964,18.317],[-3.816,25.453],[-28.346,-47.057]],"c":true}]},{"i":{"x":0.833,"y":0.833},"o":{"x":0.167,"y":0.167},"t":10,"s":[{"i":[[-13.964,-10.817],[7.659,4.636],[-4.654,5.557]],"o":[[24.517,18.992],[-8.184,-4.953],[5.954,-7.109]],"v":[[8.964,-13.683],[3.184,5.453],[-35.846,-35.557]],"c":true}]},{"t":20,"s":[{"i":[[-13.964,-8.293],[6.989,4.289],[4.346,11.557]],"o":[[24.517,14.561],[-16.184,-9.931],[-1.615,-4.295]],"v":[[-6.036,4.793],[-11.816,19.464],[-42.846,-17.557]],"c":true}]}],"ix":2},"nm":"Path 1","mn":"ADBE Vector Shape - Group","hd":false},{"ty":"fl","c":{"a":0,"k":[0.505882352941,0.83137254902,0.980392156863,1],"ix":4},"o":{"a":0,"k":100,"ix":5},"r":1,"bm":0,"nm":"Fill 1","mn":"ADBE Vector Graphic - Fill","hd":false},{"ty":"tr","p":{"a":0,"k":[0,0],"ix":2},"a":{"a":0,"k":[0,0],"ix":1},"s":{"a":0,"k":[100,100],"ix":3},"r":{"a":0,"k":0,"ix":6},"o":{"a":0,"k":100,"ix":7},"sk":{"a":0,"k":0,"ix":4},"sa":{"a":0,"k":0,"ix":5},"nm":"Transform"}],"nm":"Shape 2","np":3,"cix":2,"bm":0,"ix":1,"mn":"ADBE Vector Group","hd":false},{"ty":"gr","it":[{"ind":0,"ty":"sh","ix":1,"ks":{"a":1,"k":[{"i":{"x":0.833,"y":0.833},"o":{"x":0.167,"y":0.167},"t":-122.5,"s":[{"i":[[57.266,-11.971],[16.134,31.151],[-15.915,18.184],[-10.968,6.474],[-10.542,2.108],[-13.301,-3.797],[-8.681,-11.646],[7.149,-26.346]],"o":[[-39.105,8.175],[-13.762,-26.572],[15.793,-18.044],[17.444,-10.297],[17.751,-3.55],[11.603,3.312],[12.17,16.326],[-7.149,26.346]],"v":[[0.234,86.471],[-97.634,52.349],[-82.043,-26.456],[-41.944,-59.203],[-0.688,-76.7],[42.426,-76.266],[78.431,-53.104],[91.149,7.154]],"c":true}]},{"i":{"x":0.667,"y":1},"o":{"x":0.167,"y":0.167},"t":-112.5,"s":[{"i":[[64.843,-0.346],[6.023,52.095],[-19.743,36.746],[-14.936,15.242],[-13.042,4.714],[-15.314,-9.329],[-9.746,-42.375],[11.602,-57.173]],"o":[[-72.68,0.388],[-7.069,-61.146],[20.894,-38.888],[14.936,-15.242],[13.042,-4.714],[17.438,10.623],[11.053,48.057],[-10.727,52.862]],"v":[[0.157,166.065],[-114.931,71.864],[-79.894,-81.893],[-33.936,-147.539],[9.958,-177.567],[51.563,-172.904],[100.947,-82.338],[107.227,69.357]],"c":true}]},{"i":{"x":0.833,"y":0.833},"o":{"x":0.333,"y":0},"t":-100,"s":[{"i":[[65.192,0],[0,56.601],[-24.707,61.772],[-15.634,27.354],[-9.596,0],[-5.301,-10.754],[-15.132,-33.952],[0,-39.854]],"o":[[-66.208,0],[0,-48.849],[11.816,-29.541],[5.026,-9.017],[10.001,0],[14.539,26.883],[42.758,95.934],[1.485,55.796]],"v":[[0.117,205.471],[-119.134,82.849],[-65.293,-93.791],[-26.694,-181.888],[-2.751,-196],[21.301,-181.888],[61.931,-91.989],[117.649,83.654]],"c":true}]},{"i":{"x":0.833,"y":0.833},"o":{"x":0.167,"y":0.167},"t":-70,"s":[{"i":[[65.192,0],[0,56.601],[-24.707,61.772],[-15.634,27.354],[-9.596,0],[-5.301,-10.754],[-15.132,-33.952],[0,-39.854]],"o":[[-66.208,0],[0,-48.849],[11.816,-29.541],[5.026,-9.017],[10.001,0],[14.539,26.883],[42.758,95.934],[1.485,55.796]],"v":[[0.117,205.471],[-117.134,82.849],[-64.293,-93.791],[-26.694,-181.888],[-2.751,-196],[21.301,-181.888],[60.931,-91.989],[115.649,83.654]],"c":true}]},{"i":{"x":0.667,"y":1},"o":{"x":0.167,"y":0.167},"t":-50,"s":[{"i":[[65.192,0],[0,56.601],[-24.707,63.456],[-15.634,28.099],[-9.596,0],[-5.301,-11.047],[-15.165,-34.862],[0,-39.854]],"o":[[-66.208,0],[0,-48.849],[11.816,-30.346],[5.026,-9.263],[10.001,0],[14.539,27.616],[42.758,98.549],[1.485,55.796]],"v":[[0.117,205.471],[-117.134,82.849],[-64.293,-96.456],[-26.694,-186.953],[-2.751,-201.45],[21.301,-186.953],[60.931,-94.604],[115.649,83.654]],"c":true}]},{"i":{"x":0.833,"y":0.833},"o":{"x":0.333,"y":0},"t":-35,"s":[{"i":[[65.192,0],[0,56.601],[-24.707,63.456],[-15.634,28.099],[-9.596,0],[-5.301,-11.047],[-15.165,-34.862],[0,-39.854]],"o":[[-66.208,0],[0,-48.849],[11.816,-30.346],[5.026,-9.263],[10.001,0],[14.539,27.616],[42.758,98.549],[1.485,55.796]],"v":[[0.117,205.471],[-117.134,82.849],[-64.293,-96.456],[-26.694,-186.953],[-2.751,-201.45],[21.301,-186.953],[60.931,-94.604],[115.649,83.654]],"c":true}]},{"i":{"x":0.833,"y":0.833},"o":{"x":0.167,"y":0.167},"t":-10,"s":[{"i":[[65.192,0],[0,56.601],[-11.213,10.148],[-9.159,2.346],[-9.595,-0.155],[-10.874,-3.865],[-11.246,-11.609],[0.501,-24.149]],"o":[[-66.208,0],[0,-33.849],[15.293,-13.841],[14.444,-3.7],[15.501,0.25],[12.449,4.425],[16.819,17.362],[-1.149,55.346]],"v":[[4.617,110.471],[-104.634,8.849],[-74.293,-57.409],[-35.632,-80.487],[7.249,-85.5],[47.926,-77.8],[87.181,-52.112],[110.649,13.154]],"c":true}]},{"i":{"x":0.833,"y":0.833},"o":{"x":0.167,"y":0.167},"t":0,"s":[{"i":[[47.432,0],[0,43.326],[-8.158,7.768],[-6.664,1.796],[-6.981,-0.118],[-7.912,-2.958],[-8.182,-8.886],[0.365,-18.485]],"o":[[-48.172,0],[0,-25.91],[11.127,-10.595],[10.509,-2.832],[11.278,0.191],[9.058,3.387],[12.237,13.29],[-0.836,42.366]],"v":[[2.489,78],[-77,5.339],[-54.924,-45.379],[-26.795,-63.044],[4.404,-66.882],[33.999,-60.987],[62.561,-41.324],[79.635,8.634]],"c":true}]},{"i":{"x":0.833,"y":0.833},"o":{"x":0.167,"y":0.167},"t":10,"s":[{"i":[[9.313,-8.337],[18.569,11.568],[6.547,9.167],[2.233,6.53],[-4.928,4.946],[-6.753,-5.074],[-9.684,-7.221],[-5.901,-7.641]],"o":[[-9.408,8.422],[-11.22,-6.99],[-7.213,-10.099],[-5.5,-16.084],[7.961,-7.991],[13.347,10.029],[15.372,11.462],[9.543,12.356]],"v":[[52.908,43.078],[3.181,44.932],[-28.537,15.099],[-47.5,-17.416],[-46.122,-47.05],[-12.847,-38.529],[21.128,-14.712],[53.457,9.144]],"c":true}]},{"t":20,"s":[{"i":[[2.956,-2.731],[18.569,8.869],[6.547,7.028],[2.529,6.422],[-2.378,1.05],[-6.753,-5.074],[-9.718,-5.894],[-12.147,-6.232]],"o":[[-6.408,5.922],[-11.22,-5.359],[-7.213,-7.743],[-5.25,-13.334],[3.313,-1.463],[13.347,10.029],[18.872,11.446],[6.543,3.356]],"v":[[57.408,38.078],[3.181,33.631],[-28.537,10.76],[-47.5,-17.416],[-53.872,-42.05],[-29.597,-20.529],[8.378,7.804],[45.957,29.144]],"c":true}]}],"ix":2},"nm":"Path 1","mn":"ADBE Vector Shape - Group","hd":false},{"ty":"fl","c":{"a":0,"k":[0.266666666667,0.701960784314,0.901960784314,1],"ix":4},"o":{"a":0,"k":100,"ix":5},"r":1,"bm":0,"nm":"Fill 1","mn":"ADBE Vector Graphic - Fill","hd":false},{"ty":"tr","p":{"a":0,"k":[0,0],"ix":2},"a":{"a":0,"k":[0,0],"ix":1},"s":{"a":0,"k":[100,100],"ix":3},"r":{"a":0,"k":0,"ix":6},"o":{"a":0,"k":100,"ix":7},"sk":{"a":0,"k":0,"ix":4},"sa":{"a":0,"k":0,"ix":5},"nm":"Transform"}],"nm":"Shape 1","np":3,"cix":2,"bm":0,"ix":2,"mn":"ADBE Vector Group","hd":false}],"ip":15,"op":25,"st":-122.5,"bm":0}]}],"layers":[{"ddd":0,"ind":1,"ty":0,"nm":"emoji_downcast-with-sweat","refId":"comp_0","sr":1,"ks":{"o":{"a":0,"k":100,"ix":11},"r":{"a":0,"k":0,"ix":10},"p":{"a":0,"k":[512,512,0],"ix":2,"l":2},"a":{"a":0,"k":[512,512,0],"ix":1,"l":2},"s":{"a":0,"k":[100,100,100],"ix":6,"l":2}},"ao":0,"w":1024,"h":1024,"ip":116,"op":135,"st":116,"bm":0},{"ddd":0,"ind":2,"ty":0,"nm":"emoji_downcast-with-sweat","refId":"comp_0","sr":1,"ks":{"o":{"a":0,"k":100,"ix":11},"r":{"a":0,"k":0,"ix":10},"p":{"a":0,"k":[512,512,0],"ix":2,"l":2},"a":{"a":0,"k":[512,512,0],"ix":1,"l":2},"s":{"a":0,"k":[100,100,100],"ix":6,"l":2}},"ao":0,"w":1024,"h":1024,"ip":0,"op":116,"st":-19,"bm":0}],"markers":[{"tm":21,"cm":"rest","dr":0}]}