{"v":"5.8.1","fr":60,"ip":0,"op":132,"w":1024,"h":1024,"nm":"emoji_16_cooking","ddd":0,"assets":[],"layers":[{"ddd":0,"ind":1,"ty":4,"nm":"yolk ","parent":2,"sr":1,"ks":{"o":{"a":0,"k":100,"ix":11},"r":{"a":1,"k":[{"i":{"x":[0.833],"y":[0.833]},"o":{"x":[0.167],"y":[0.167]},"t":0,"s":[0]},{"i":{"x":[0.833],"y":[0.833]},"o":{"x":[0.167],"y":[0.167]},"t":8,"s":[2]},{"i":{"x":[0.833],"y":[0.833]},"o":{"x":[0.167],"y":[0.167]},"t":26,"s":[-2]},{"i":{"x":[0.833],"y":[0.833]},"o":{"x":[0.167],"y":[0.167]},"t":36,"s":[0]},{"i":{"x":[0.833],"y":[0.833]},"o":{"x":[0.167],"y":[0.167]},"t":108,"s":[0]},{"t":132,"s":[0]}],"ix":10},"p":{"a":1,"k":[{"i":{"x":0.833,"y":0.833},"o":{"x":0.167,"y":0.167},"t":0,"s":[282.13,243.369,0],"to":[0,0,0],"ti":[0,0,0]},{"i":{"x":0.833,"y":0.833},"o":{"x":0.167,"y":0.167},"t":12,"s":[288.52,234.449,0],"to":[0,0,0],"ti":[0,0,0]},{"i":{"x":0.833,"y":0.833},"o":{"x":0.167,"y":0.167},"t":24,"s":[285.466,254.769,0],"to":[0,0,0],"ti":[0,0,0]},{"i":{"x":0.833,"y":0.833},"o":{"x":0.167,"y":0.167},"t":36,"s":[282.13,243.369,0],"to":[0,0,0],"ti":[0,0,0]},{"i":{"x":0.667,"y":1},"o":{"x":0.167,"y":0.167},"t":48,"s":[282.13,243.369,0],"to":[0,0,0],"ti":[1.061,7.604,0]},{"i":{"x":0.667,"y":1},"o":{"x":0.333,"y":0},"t":60,"s":[254.06,235.839,0],"to":[-0.757,-5.421,0],"ti":[0,0,0]},{"i":{"x":0.833,"y":0.833},"o":{"x":0.302,"y":0},"t":96,"s":[283.724,221.927,0],"to":[0,0,0],"ti":[0,0,0]},{"i":{"x":0.833,"y":0.833},"o":{"x":0.167,"y":0.167},"t":108,"s":[282.13,243.369,0],"to":[0,0,0],"ti":[0.133,11.207,0]},{"i":{"x":0.833,"y":0.833},"o":{"x":0.167,"y":0.167},"t":116,"s":[264.468,227.283,0],"to":[-0.133,-11.207,0],"ti":[-2.882,-6.732,0]},{"i":{"x":0.667,"y":1},"o":{"x":0.167,"y":0.167},"t":124,"s":[280.678,222.751,0],"to":[2.882,6.732,0],"ti":[0,0,0]},{"t":132,"s":[282.13,243.369,0]}],"ix":2,"l":2},"a":{"a":0,"k":[119.09,121.61,0],"ix":1,"l":2},"s":{"a":1,"k":[{"i":{"x":[0.236,0.236,0.667],"y":[1,1,1]},"o":{"x":[0.333,0.333,0.333],"y":[0,0,0]},"t":60,"s":[100,100,100]},{"i":{"x":[0.667,0.667,0.667],"y":[1,1,1]},"o":{"x":[0.732,0.732,0.333],"y":[0,0,0]},"t":86,"s":[120.035,120.035,100]},{"i":{"x":[0.833,0.833,0.833],"y":[0.833,0.833,1]},"o":{"x":[0.333,0.333,0.333],"y":[0,0,0]},"t":100,"s":[100,100,100]},{"t":132,"s":[100,100,100]}],"ix":6,"l":2}},"ao":0,"shapes":[{"ty":"gr","it":[{"ind":0,"ty":"sh","ix":1,"ks":{"a":1,"k":[{"i":{"x":0.833,"y":0.833},"o":{"x":0.167,"y":0.167},"t":0,"s":[{"i":[[-29.2,-5.36],[-15.04,18.64],[1.76,23.04],[31.92,-38.16]],"o":[[32.56,5.92],[15.04,-18.64],[-1.76,-23.04],[-31.04,37.2]],"v":[[-30.6,62.24],[12.84,1.04],[58.04,-40.64],[-26.2,-30]],"c":true}]},{"i":{"x":0.833,"y":0.833},"o":{"x":0.167,"y":0.167},"t":12,"s":[{"i":[[-29.2,-5.36],[-15.04,18.64],[1.76,23.04],[31.92,-38.16]],"o":[[32.56,5.92],[15.04,-18.64],[-1.76,-23.04],[-31.04,37.2]],"v":[[-37.059,51.882],[6.381,-9.318],[51.581,-50.998],[-32.659,-40.358]],"c":true}]},{"i":{"x":0.833,"y":0.833},"o":{"x":0.167,"y":0.167},"t":24,"s":[{"i":[[-29.558,-2.769],[-13.341,19.891],[3.781,22.796],[28.388,-40.856]],"o":[[32.955,3.031],[13.341,-19.891],[-3.781,-22.796],[-27.645,39.788]],"v":[[-33.039,71.378],[4.846,6.592],[46.202,-38.904],[-36.775,-20.891]],"c":true}]},{"i":{"x":0.833,"y":0.833},"o":{"x":0.167,"y":0.167},"t":36,"s":[{"i":[[-29.2,-5.36],[-15.04,18.64],[1.76,23.04],[31.92,-38.16]],"o":[[32.56,5.92],[15.04,-18.64],[-1.76,-23.04],[-31.04,37.2]],"v":[[-30.6,62.24],[12.84,1.04],[58.04,-40.64],[-26.2,-30]],"c":true}]},{"t":132,"s":[{"i":[[-29.2,-5.36],[-15.04,18.64],[1.76,23.04],[31.92,-38.16]],"o":[[32.56,5.92],[15.04,-18.64],[-1.76,-23.04],[-31.04,37.2]],"v":[[-30.6,62.24],[12.84,1.04],[58.04,-40.64],[-26.2,-30]],"c":true}]}],"ix":2},"nm":"Path 1","mn":"ADBE Vector Shape - Group","hd":false},{"ty":"fl","c":{"a":0,"k":[1,0.709999952129,0.008000000785,1],"ix":4},"o":{"a":0,"k":100,"ix":5},"r":1,"bm":0,"nm":"Fill 1","mn":"ADBE Vector Graphic - Fill","hd":false},{"ty":"tr","p":{"a":0,"k":[86.77,98.17],"ix":2},"a":{"a":0,"k":[0,0],"ix":1},"s":{"a":0,"k":[100,100],"ix":3},"r":{"a":0,"k":0,"ix":6},"o":{"a":0,"k":100,"ix":7},"sk":{"a":0,"k":0,"ix":4},"sa":{"a":0,"k":0,"ix":5},"nm":"Transform"}],"nm":"Group 1","np":2,"cix":2,"bm":0,"ix":1,"mn":"ADBE Vector Group","hd":false},{"ty":"gr","it":[{"ind":0,"ty":"sh","ix":1,"ks":{"a":1,"k":[{"i":{"x":0.833,"y":0.833},"o":{"x":0.167,"y":0.167},"t":0,"s":[{"i":[[-22,-32],[-44.56,43.52],[39.12,39.92],[39.12,-47.12]],"o":[[33.04,48.08],[44.48,-43.52],[-47.6,-48.64],[-36.88,44.64]],"v":[[-85.56,60.64],[74.36,77.84],[77.96,-72.72],[-81.96,-66.4]],"c":true}]},{"t":132,"s":[{"i":[[-22,-32],[-44.56,43.52],[39.12,39.92],[39.12,-47.12]],"o":[[33.04,48.08],[44.48,-43.52],[-47.6,-48.64],[-36.88,44.64]],"v":[[-85.56,60.64],[74.36,77.84],[77.96,-72.72],[-81.96,-66.4]],"c":true}]}],"ix":2},"nm":"Path 1","mn":"ADBE Vector Shape - Group","hd":false},{"ty":"fl","c":{"a":0,"k":[1,0.556999954523,0,1],"ix":4},"o":{"a":0,"k":100,"ix":5},"r":1,"bm":0,"nm":"Fill 1","mn":"ADBE Vector Graphic - Fill","hd":false},{"ty":"tr","p":{"a":0,"k":[119.09,121.61],"ix":2},"a":{"a":0,"k":[0,0],"ix":1},"s":{"a":0,"k":[100,100],"ix":3},"r":{"a":0,"k":0,"ix":6},"o":{"a":0,"k":100,"ix":7},"sk":{"a":0,"k":0,"ix":4},"sa":{"a":0,"k":0,"ix":5},"nm":"Transform"}],"nm":"Group 2","np":2,"cix":2,"bm":0,"ix":2,"mn":"ADBE Vector Group","hd":false}],"ip":0,"op":132,"st":0,"bm":0},{"ddd":0,"ind":2,"ty":4,"nm":"egg white ","parent":5,"sr":1,"ks":{"o":{"a":0,"k":100,"ix":11},"r":{"a":0,"k":0,"ix":10},"p":{"a":1,"k":[{"i":{"x":0.833,"y":0.833},"o":{"x":0.167,"y":0.167},"t":0,"s":[363.85,361.09,0],"to":[0,0,0],"ti":[0,0,0]},{"i":{"x":0.833,"y":0.833},"o":{"x":0.167,"y":0.167},"t":36,"s":[363.85,361.09,0],"to":[0,0,0],"ti":[0,0,0]},{"i":{"x":0.833,"y":0.833},"o":{"x":0.167,"y":0.167},"t":48,"s":[341.651,348.881,0],"to":[0,0,0],"ti":[0,0,0]},{"i":{"x":0.833,"y":0.833},"o":{"x":0.167,"y":0.167},"t":60,"s":[361.012,379.666,0],"to":[0,0,0],"ti":[0,0,0]},{"i":{"x":0.833,"y":0.833},"o":{"x":0.167,"y":0.167},"t":72,"s":[353.023,394.58,0],"to":[0,0,0],"ti":[-1.349,-16.436,0]},{"i":{"x":0.833,"y":0.833},"o":{"x":0.167,"y":0.167},"t":84,"s":[329.5,455.401,0],"to":[1.349,16.436,0],"ti":[-26.566,26.187,0]},{"i":{"x":0.833,"y":0.833},"o":{"x":0.167,"y":0.167},"t":96,"s":[379.452,474.502,0],"to":[26.566,-26.187,0],"ti":[0,0,0]},{"i":{"x":0.833,"y":0.833},"o":{"x":0.167,"y":0.167},"t":108,"s":[348.743,367.681,0],"to":[0,0,0],"ti":[-2.999,5.865,0]},{"i":{"x":0.833,"y":0.833},"o":{"x":0.167,"y":0.167},"t":120,"s":[329.963,340.321,0],"to":[2.999,-5.865,0],"ti":[0,0,0]},{"t":132,"s":[363.85,361.09,0]}],"ix":2,"l":2},"a":{"a":0,"k":[245.05,239.49,0],"ix":1,"l":2},"s":{"a":1,"k":[{"i":{"x":[0.068,0.068,0.667],"y":[1,1,1]},"o":{"x":[0.17,0.17,0.333],"y":[0,0,0]},"t":52,"s":[100,100,100]},{"i":{"x":[0.906,0.906,0.667],"y":[0.679,0.679,1]},"o":{"x":[0.723,0.723,0.333],"y":[0,0,0]},"t":80,"s":[195.704,195.704,100]},{"i":{"x":[0.833,0.833,0.833],"y":[0.833,0.833,1]},"o":{"x":[0.333,0.333,0.333],"y":[0,0,0]},"t":110,"s":[100,100,100]},{"t":132,"s":[100,100,100]}],"ix":6,"l":2}},"ao":0,"shapes":[{"ty":"gr","it":[{"ind":0,"ty":"sh","ix":1,"ks":{"a":1,"k":[{"i":{"x":0.833,"y":0.833},"o":{"x":0.167,"y":0.167},"t":0,"s":[{"i":[[-64.96,-103.92],[-33.76,-0.88],[-49.04,0.96],[-16.88,121.44],[114,3.601],[32,-42.16],[18.96,-22.241]],"o":[[48.16,77.039],[33.76,0.88],[59.68,-1.12],[19.12,-137.599],[-44.32,-1.359],[-33.92,44.639],[-32,37.679]],"v":[[-179.84,162.2],[-16.8,216.519],[63.52,227.881],[225.68,27.079],[60.64,-237.88],[-57.2,-186.039],[-112.24,-61.08]],"c":true}]},{"i":{"x":0.833,"y":0.833},"o":{"x":0.167,"y":0.167},"t":12,"s":[{"i":[[-64.96,-103.92],[-33.76,-0.88],[-49.04,0.96],[-16.88,121.44],[114,3.601],[32,-42.16],[18.96,-22.241]],"o":[[48.16,77.039],[33.76,0.88],[59.68,-1.12],[19.12,-137.599],[-44.32,-1.359],[-33.92,44.639],[-32,37.679]],"v":[[-183.877,143.96],[-16.8,216.519],[63.52,227.881],[226.211,17.094],[60.64,-237.88],[-57.2,-186.039],[-114.864,-68.229]],"c":true}]},{"i":{"x":0.833,"y":0.833},"o":{"x":0.167,"y":0.167},"t":24,"s":[{"i":[[-64.96,-103.92],[-33.76,-0.88],[-49.04,0.96],[-16.88,121.44],[114,3.601],[32,-42.16],[18.96,-22.241]],"o":[[48.16,77.039],[33.76,0.88],[59.68,-1.12],[19.12,-137.599],[-44.32,-1.359],[-33.92,44.639],[-32,37.679]],"v":[[-169.509,158.608],[-16.8,216.519],[81.614,231.432],[233.756,38.913],[61.764,-232.907],[-57.2,-186.039],[-114.864,-68.229]],"c":true}]},{"i":{"x":0.833,"y":0.833},"o":{"x":0.167,"y":0.167},"t":36,"s":[{"i":[[-64.96,-103.92],[-33.76,-0.88],[-49.04,0.96],[-16.88,121.44],[114,3.601],[32,-42.16],[18.96,-22.241]],"o":[[48.16,77.039],[33.76,0.88],[59.68,-1.12],[19.12,-137.599],[-44.32,-1.359],[-33.92,44.639],[-32,37.679]],"v":[[-179.84,162.2],[-16.8,216.519],[63.52,227.881],[225.68,27.079],[60.64,-237.88],[-57.2,-186.039],[-112.24,-61.08]],"c":true}]},{"i":{"x":0.833,"y":0.833},"o":{"x":0.167,"y":0.167},"t":48,"s":[{"i":[[-64.96,-103.92],[-33.725,1.766],[-39.753,6.316],[-16.88,121.44],[114,3.601],[32,-42.16],[18.96,-22.241]],"o":[[48.16,77.039],[33.353,-1.747],[67.988,-10.803],[19.12,-137.599],[-44.32,-1.359],[-33.92,44.639],[-32,37.679]],"v":[[-179.84,162.2],[-22.35,226.509],[75.729,214.561],[225.68,27.079],[60.64,-237.88],[-57.2,-186.039],[-123.339,-64.409]],"c":true}]},{"i":{"x":0.667,"y":1},"o":{"x":0.167,"y":0.167},"t":60,"s":[{"i":[[-64.96,-103.92],[-33.76,-0.88],[-49.04,0.96],[-16.88,121.44],[114,3.601],[32,-42.16],[18.96,-22.241]],"o":[[48.16,77.039],[33.76,0.88],[59.68,-1.12],[19.12,-137.599],[-44.32,-1.359],[-33.92,44.639],[-32,37.679]],"v":[[-179.84,162.2],[-16.8,216.52],[79.68,230.819],[225.68,27.079],[60.64,-220.623],[-57.2,-173.713],[-112.24,-61.08]],"c":true}]},{"i":{"x":0.833,"y":0.833},"o":{"x":0.333,"y":0},"t":72,"s":[{"i":[[-64.96,-103.92],[-33.76,-0.88],[-49.04,0.96],[-16.88,121.44],[105.174,4.372],[32,-42.16],[18.96,-22.241]],"o":[[48.16,77.039],[33.76,0.88],[59.68,-1.12],[19.12,-137.599],[-35.794,-1.488],[-33.92,44.639],[-32,37.679]],"v":[[-169.117,176.133],[-28.085,240.741],[63.973,242.498],[226.133,47.174],[63.669,-212.857],[-57.269,-168.615],[-126.104,-67.464]],"c":true}]},{"i":{"x":0.833,"y":0.833},"o":{"x":0.167,"y":0.167},"t":84,"s":[{"i":[[-67.707,-108.307],[-35.186,-0.917],[-50.857,5.193],[-21.732,108.22],[118.314,5.347],[33.375,-43.922],[34.435,-45.09]],"o":[[50.194,80.292],[35.186,0.917],[66.302,-6.77],[28.506,-141.954],[-46.166,-2.086],[-35.352,46.524],[-34.435,45.09]],"v":[[-182.293,143.875],[-23.647,215.921],[68.217,227.219],[227.987,33.971],[62.942,-241.398],[-59.841,-194.196],[-131.576,-78.977]],"c":true}]},{"i":{"x":0.833,"y":0.833},"o":{"x":0.167,"y":0.167},"t":96,"s":[{"i":[[-29.307,-55.192],[-56.633,-9.567],[-48.042,8.068],[25.967,129.375],[139.457,26.121],[44.785,-30.98],[21.712,-75.853]],"o":[[42.609,80.243],[33.643,5.683],[74.507,-12.512],[-21.904,-109.133],[-75.522,-14.146],[-46.108,31.895],[-20.108,70.248]],"v":[[-170.372,132.743],[-14.696,220.728],[90.873,232.089],[213.055,24.975],[90.097,-244.193],[-80.345,-214.445],[-178.519,-65.288]],"c":true}]},{"i":{"x":0.833,"y":0.833},"o":{"x":0.167,"y":0.167},"t":108,"s":[{"i":[[-64.96,-103.92],[-33.686,2.398],[-49.04,0.96],[-8.274,122.328],[114.608,-1.781],[32,-42.16],[36.445,-50.179]],"o":[[48.16,77.039],[37.307,-2.656],[59.68,-1.12],[11.185,-165.366],[-44.336,0.689],[-33.92,44.639],[-29.857,41.109]],"v":[[-164.201,163.847],[-9.392,223.927],[83.274,232.819],[205.926,8.971],[63.932,-246.75],[-60.492,-198.386],[-127.879,-80.011]],"c":true}]},{"i":{"x":0.833,"y":0.833},"o":{"x":0.167,"y":0.167},"t":120,"s":[{"i":[[-64.96,-103.92],[-33.76,-0.88],[-49.04,0.96],[-16.88,121.44],[114,3.601],[32,-42.16],[18.96,-22.241]],"o":[[48.16,77.039],[33.76,0.88],[59.68,-1.12],[19.12,-137.599],[-44.32,-1.359],[-33.92,44.639],[-32,37.679]],"v":[[-179.84,162.2],[-16.8,216.519],[63.52,227.881],[225.68,27.079],[60.64,-237.88],[-57.2,-186.039],[-112.24,-61.08]],"c":true}]},{"t":132,"s":[{"i":[[-64.96,-103.92],[-33.76,-0.88],[-49.04,0.96],[-16.88,121.44],[114,3.601],[32,-42.16],[18.96,-22.241]],"o":[[48.16,77.039],[33.76,0.88],[59.68,-1.12],[19.12,-137.599],[-44.32,-1.359],[-33.92,44.639],[-32,37.679]],"v":[[-179.84,162.2],[-16.8,216.519],[63.52,227.881],[225.68,27.079],[60.64,-237.88],[-57.2,-186.039],[-112.24,-61.08]],"c":true}]}],"ix":2},"nm":"Path 1","mn":"ADBE Vector Shape - Group","hd":false},{"ty":"fl","c":{"a":0,"k":[1,1,1,1],"ix":4},"o":{"a":0,"k":100,"ix":5},"r":1,"bm":0,"nm":"Fill 1","mn":"ADBE Vector Graphic - Fill","hd":false},{"ty":"tr","p":{"a":0,"k":[245.05,239.49],"ix":2},"a":{"a":0,"k":[0,0],"ix":1},"s":{"a":0,"k":[100,100],"ix":3},"r":{"a":0,"k":0,"ix":6},"o":{"a":0,"k":100,"ix":7},"sk":{"a":0,"k":0,"ix":4},"sa":{"a":0,"k":0,"ix":5},"nm":"Transform"}],"nm":"Group 1","np":2,"cix":2,"bm":0,"ix":1,"mn":"ADBE Vector Group","hd":false}],"ip":0,"op":132,"st":0,"bm":0},{"ddd":0,"ind":3,"ty":4,"nm":"border","parent":2,"sr":1,"ks":{"o":{"a":0,"k":100,"ix":11},"r":{"a":0,"k":0,"ix":10},"p":{"a":0,"k":[217.622,230.874,0],"ix":2,"l":2},"a":{"a":0,"k":[206.73,210.81,0],"ix":1,"l":2},"s":{"a":1,"k":[{"i":{"x":[0.45,0.45,0.667],"y":[0.818,0.818,1]},"o":{"x":[0.167,0.167,0.167],"y":[0.167,0.167,1.785]},"t":48,"s":[83.392,83.392,100]},{"i":{"x":[0.802,0.802,0.667],"y":[-0.186,-0.186,1]},"o":{"x":[0.362,0.362,0.333],"y":[-1.46,-1.46,0]},"t":72,"s":[100,100,100]},{"i":{"x":[0.833,0.833,0.833],"y":[0.833,0.833,2.632]},"o":{"x":[0.425,0.425,0.333],"y":[0.209,0.209,0]},"t":96,"s":[98.636,98.636,100]},{"t":120,"s":[82,82,100]}],"ix":6,"l":2}},"ao":0,"shapes":[{"ty":"gr","it":[{"ind":0,"ty":"sh","ix":1,"ks":{"a":1,"k":[{"i":{"x":0.833,"y":0.833},"o":{"x":0.167,"y":0.167},"t":0,"s":[{"i":[[-64.96,-103.92],[-33.76,-0.88],[-49.04,0.96],[-16.88,121.44],[114,3.601],[32,-42.16],[18.96,-22.241]],"o":[[48.16,77.039],[33.76,0.88],[59.68,-1.12],[19.12,-137.599],[-44.32,-1.359],[-33.92,44.639],[-32,37.679]],"v":[[-141.52,190.88],[21.519,245.199],[101.84,256.56],[263.999,55.759],[98.96,-209.201],[-18.881,-157.36],[-73.921,-32.4]],"c":true}]},{"i":{"x":0.833,"y":0.833},"o":{"x":0.167,"y":0.167},"t":12,"s":[{"i":[[-64.96,-103.92],[-33.76,-0.88],[-49.04,0.96],[-16.88,121.44],[114,3.601],[32,-42.16],[18.96,-22.241]],"o":[[48.16,77.039],[33.76,0.88],[59.68,-1.12],[19.12,-137.599],[-44.32,-1.359],[-33.92,44.639],[-32,37.679]],"v":[[-145.557,172.64],[21.519,245.199],[101.84,256.56],[264.531,45.773],[98.96,-209.201],[-18.881,-157.36],[-76.544,-39.549]],"c":true}]},{"i":{"x":0.833,"y":0.833},"o":{"x":0.167,"y":0.167},"t":24,"s":[{"i":[[-64.96,-103.92],[-33.76,-0.88],[-49.04,0.96],[-16.88,121.44],[114,3.601],[32,-42.16],[18.96,-22.241]],"o":[[48.16,77.039],[33.76,0.88],[59.68,-1.12],[19.12,-137.599],[-44.32,-1.359],[-33.92,44.639],[-32,37.679]],"v":[[-131.189,187.287],[21.519,245.199],[119.933,260.112],[272.075,67.592],[100.083,-204.227],[-18.881,-157.36],[-76.544,-39.549]],"c":true}]},{"i":{"x":0.833,"y":0.833},"o":{"x":0.167,"y":0.167},"t":36,"s":[{"i":[[-64.96,-103.92],[-33.76,-0.88],[-49.04,0.96],[-16.88,121.44],[114,3.601],[32,-42.16],[18.96,-22.241]],"o":[[48.16,77.039],[33.76,0.88],[59.68,-1.12],[19.12,-137.599],[-44.32,-1.359],[-33.92,44.639],[-32,37.679]],"v":[[-141.52,190.88],[21.519,245.199],[101.84,256.56],[263.999,55.759],[98.96,-209.201],[-18.881,-157.36],[-73.921,-32.4]],"c":true}]},{"i":{"x":0.833,"y":0.833},"o":{"x":0.167,"y":0.167},"t":48,"s":[{"i":[[-64.96,-103.92],[-33.725,1.766],[-39.753,6.316],[-16.88,121.44],[114,3.601],[32,-42.16],[18.96,-22.241]],"o":[[48.16,77.039],[33.353,-1.747],[67.988,-10.803],[19.12,-137.599],[-44.32,-1.359],[-33.92,44.639],[-32,37.679]],"v":[[-141.52,190.88],[15.97,255.188],[114.049,243.241],[263.999,55.759],[98.96,-209.201],[-18.881,-157.36],[-85.02,-35.73]],"c":true}]},{"i":{"x":0.667,"y":1},"o":{"x":0.167,"y":0.167},"t":60,"s":[{"i":[[-64.96,-103.92],[-33.76,-0.88],[-49.04,0.96],[-16.88,121.44],[114,3.601],[32,-42.16],[18.96,-22.241]],"o":[[48.16,77.039],[33.76,0.88],[59.68,-1.12],[19.12,-137.599],[-44.32,-1.359],[-33.92,44.639],[-32,37.679]],"v":[[-141.52,190.88],[21.519,245.199],[118,259.498],[263.999,55.759],[98.96,-191.943],[-18.881,-145.033],[-73.921,-32.4]],"c":true}]},{"i":{"x":0.833,"y":0.833},"o":{"x":0.333,"y":0},"t":72,"s":[{"i":[[-64.96,-103.92],[-33.76,-0.88],[-49.04,0.96],[-16.88,121.44],[105.174,4.372],[32,-42.16],[18.96,-22.241]],"o":[[48.16,77.039],[33.76,0.88],[59.68,-1.12],[19.12,-137.599],[-35.794,-1.488],[-33.92,44.639],[-32,37.679]],"v":[[-130.798,204.812],[10.234,269.42],[102.293,271.177],[264.453,75.853],[101.989,-184.177],[-18.949,-139.936],[-87.784,-38.784]],"c":true}]},{"i":{"x":0.833,"y":0.833},"o":{"x":0.167,"y":0.167},"t":84,"s":[{"i":[[-67.707,-108.307],[-35.186,-0.917],[-50.857,5.193],[-21.732,108.22],[118.314,5.347],[33.375,-43.922],[34.435,-45.09]],"o":[[50.194,80.292],[35.186,0.917],[66.302,-6.77],[28.506,-141.954],[-46.166,-2.086],[-35.352,46.524],[-34.435,45.09]],"v":[[-143.973,172.555],[14.673,244.601],[106.536,255.898],[266.306,62.651],[101.261,-212.719],[-21.522,-165.517],[-93.257,-50.297]],"c":true}]},{"i":{"x":0.833,"y":0.833},"o":{"x":0.167,"y":0.167},"t":96,"s":[{"i":[[-29.307,-55.192],[-56.633,-9.567],[-48.042,8.068],[25.967,129.375],[139.457,26.121],[44.785,-30.98],[21.712,-75.853]],"o":[[42.609,80.243],[33.643,5.683],[74.507,-12.512],[-21.904,-109.133],[-75.522,-14.146],[-46.108,31.895],[-20.108,70.248]],"v":[[-132.052,161.423],[23.624,249.407],[129.192,260.768],[251.375,53.655],[128.417,-215.513],[-42.025,-185.765],[-140.199,-36.608]],"c":true}]},{"i":{"x":0.833,"y":0.833},"o":{"x":0.167,"y":0.167},"t":108,"s":[{"i":[[-64.96,-103.92],[-33.686,2.398],[-49.04,0.96],[-8.274,122.328],[114.608,-1.781],[32,-42.16],[36.445,-50.179]],"o":[[48.16,77.039],[37.307,-2.656],[59.68,-1.12],[11.185,-165.366],[-44.336,0.689],[-33.92,44.639],[-29.857,41.109]],"v":[[-125.882,192.526],[28.927,252.607],[121.594,261.499],[244.245,37.651],[102.252,-218.071],[-22.173,-169.706],[-89.559,-51.331]],"c":true}]},{"i":{"x":0.833,"y":0.833},"o":{"x":0.167,"y":0.167},"t":120,"s":[{"i":[[-64.96,-103.92],[-33.76,-0.88],[-49.04,0.96],[-16.88,121.44],[114,3.601],[32,-42.16],[18.96,-22.241]],"o":[[48.16,77.039],[33.76,0.88],[59.68,-1.12],[19.12,-137.599],[-44.32,-1.359],[-33.92,44.639],[-32,37.679]],"v":[[-141.52,190.88],[21.519,245.199],[101.84,256.56],[263.999,55.759],[98.96,-209.201],[-18.881,-157.36],[-73.921,-32.4]],"c":true}]},{"t":132,"s":[{"i":[[-64.96,-103.92],[-33.76,-0.88],[-49.04,0.96],[-16.88,121.44],[114,3.601],[32,-42.16],[18.96,-22.241]],"o":[[48.16,77.039],[33.76,0.88],[59.68,-1.12],[19.12,-137.599],[-44.32,-1.359],[-33.92,44.639],[-32,37.679]],"v":[[-141.52,190.88],[21.519,245.199],[101.84,256.56],[263.999,55.759],[98.96,-209.201],[-18.881,-157.36],[-73.921,-32.4]],"c":true}]}],"ix":2},"nm":"Path 1","mn":"ADBE Vector Shape - Group","hd":false},{"ty":"fl","c":{"a":0,"k":[0.858823529412,0.858823529412,0.858823529412,1],"ix":4},"o":{"a":0,"k":100,"ix":5},"r":1,"bm":0,"nm":"Fill 1","mn":"ADBE Vector Graphic - Fill","hd":false},{"ty":"tr","p":{"a":0,"k":[206.73,210.81],"ix":2},"a":{"a":0,"k":[0,0],"ix":1},"s":{"a":0,"k":[100,100],"ix":3},"r":{"a":0,"k":0,"ix":6},"o":{"a":0,"k":100,"ix":7},"sk":{"a":0,"k":0,"ix":4},"sa":{"a":0,"k":0,"ix":5},"nm":"Transform"}],"nm":"Group 1","np":2,"cix":2,"bm":0,"ix":1,"mn":"ADBE Vector Group","hd":false}],"ip":0,"op":132,"st":0,"bm":0},{"ddd":0,"ind":4,"ty":4,"nm":"shadow ","parent":2,"sr":1,"ks":{"o":{"a":0,"k":100,"ix":11},"r":{"a":0,"k":0,"ix":10},"p":{"a":0,"k":[293.45,281.29,0],"ix":2,"l":2},"a":{"a":0,"k":[206.73,210.81,0],"ix":1,"l":2},"s":{"a":1,"k":[{"i":{"x":[0.833,0.833,0.833],"y":[0.833,0.833,0.833]},"o":{"x":[0.167,0.167,0.167],"y":[0.167,0.167,0.167]},"t":48,"s":[100,100,100]},{"i":{"x":[0.667,0.667,0.667],"y":[1,1,1]},"o":{"x":[0.167,0.167,0.167],"y":[0.167,0.167,-0.185]},"t":54,"s":[90,90,100]},{"i":{"x":[0.667,0.667,0.667],"y":[1,1,1]},"o":{"x":[0.333,0.333,0.333],"y":[0,0,0]},"t":64,"s":[80,80,100]},{"i":{"x":[0.833,0.833,0.833],"y":[0.833,0.833,1]},"o":{"x":[0.333,0.333,0.333],"y":[0,0,0]},"t":108,"s":[80,80,100]},{"t":120,"s":[100,100,100]}],"ix":6,"l":2}},"ao":0,"shapes":[{"ty":"gr","it":[{"ind":0,"ty":"sh","ix":1,"ks":{"a":1,"k":[{"i":{"x":0.833,"y":0.833},"o":{"x":0.167,"y":0.167},"t":0,"s":[{"i":[[30.84,-21.44],[0,0],[-69.04,-1.6],[-19.36,-6.8],[-34.56,19.12],[-6.161,104.56],[0,0]],"o":[[-30.84,21.44],[0,0],[21.04,0.48],[44.24,15.52],[50.24,-27.76],[7.92,-133.52],[0,0]],"v":[[-216.08,79.52],[-206.481,147.6],[-113.921,190.56],[-50.96,195.04],[77.839,190.56],[198.56,-15.2],[134.48,-210.56]],"c":true}]},{"i":{"x":0.833,"y":0.833},"o":{"x":0.167,"y":0.167},"t":12,"s":[{"i":[[35.635,-6.279],[0,0],[-69.04,-1.6],[-19.36,-6.8],[-34.56,19.12],[-6.161,104.56],[0,0]],"o":[[-35.635,6.279],[0,0],[21.04,0.48],[44.24,15.52],[50.24,-27.76],[7.92,-133.52],[0,0]],"v":[[-202.644,76.596],[-212.435,127.756],[-113.921,190.56],[-50.96,195.04],[75.849,185.009],[192.941,-22.509],[122.816,-217.189]],"c":true}]},{"i":{"x":0.833,"y":0.833},"o":{"x":0.167,"y":0.167},"t":24,"s":[{"i":[[35.027,-21.881],[0,0],[-69.04,-1.6],[-19.36,-6.8],[-34.56,19.12],[-6.161,104.56],[0,0]],"o":[[-35.027,21.881],[0,0],[21.04,0.48],[44.24,15.52],[50.24,-27.76],[7.92,-133.52],[0,0]],"v":[[-204.506,68.721],[-210.939,129.205],[-113.921,190.56],[-50.96,195.04],[88.985,196.285],[198.56,-15.2],[134.48,-210.56]],"c":true}]},{"i":{"x":0.833,"y":0.833},"o":{"x":0.167,"y":0.167},"t":36,"s":[{"i":[[30.84,-21.44],[0,0],[-69.04,-1.6],[-19.36,-6.8],[-34.56,19.12],[-6.161,104.56],[0,0]],"o":[[-30.84,21.44],[0,0],[21.04,0.48],[44.24,15.52],[50.24,-27.76],[7.92,-133.52],[0,0]],"v":[[-216.08,79.52],[-206.481,147.6],[-113.921,190.56],[-50.96,195.04],[77.839,190.56],[198.56,-15.2],[134.481,-210.56]],"c":true}]},{"i":{"x":0.833,"y":0.833},"o":{"x":0.167,"y":0.167},"t":48,"s":[{"i":[[28.95,-23.931],[0,0],[-67.963,-3.011],[-20.482,1.238],[-34.56,19.12],[-6.161,104.56],[0,0]],"o":[[-28.95,23.931],[0,0],[21.025,0.931],[55.394,-3.349],[50.24,-27.76],[7.92,-133.52],[0,0]],"v":[[-220.329,97.134],[-205.1,164.18],[-104.293,207.062],[-35.074,207.955],[77.839,190.56],[198.56,-15.2],[134.481,-210.56]],"c":true}]},{"t":60,"s":[{"i":[[30.84,-21.44],[0,0],[-69.04,-1.6],[-19.36,-6.8],[-34.56,19.12],[-6.161,104.56],[0,0]],"o":[[-30.84,21.44],[0,0],[21.04,0.48],[44.24,15.52],[50.24,-27.76],[7.92,-133.52],[0,0]],"v":[[-216.08,79.52],[-206.481,147.6],[-113.921,190.56],[-50.96,195.04],[77.839,190.56],[198.56,-15.2],[134.481,-210.56]],"c":true}]}],"ix":2},"nm":"Path 1","mn":"ADBE Vector Shape - Group","hd":false},{"ty":"fl","c":{"a":0,"k":[0.328999986836,0.344999994016,0.356999984442,1],"ix":4},"o":{"a":0,"k":100,"ix":5},"r":1,"bm":0,"nm":"Fill 1","mn":"ADBE Vector Graphic - Fill","hd":false},{"ty":"tr","p":{"a":0,"k":[206.73,210.81],"ix":2},"a":{"a":0,"k":[0,0],"ix":1},"s":{"a":0,"k":[100,100],"ix":3},"r":{"a":0,"k":0,"ix":6},"o":{"a":0,"k":100,"ix":7},"sk":{"a":0,"k":0,"ix":4},"sa":{"a":0,"k":0,"ix":5},"nm":"Transform"}],"nm":"Group 1","np":2,"cix":2,"bm":0,"ix":1,"mn":"ADBE Vector Group","hd":false}],"ip":0,"op":132,"st":0,"bm":0},{"ddd":0,"ind":5,"ty":4,"nm":"pan ","sr":1,"ks":{"o":{"a":0,"k":100,"ix":11},"r":{"a":1,"k":[{"i":{"x":[0.667],"y":[1]},"o":{"x":[0.167],"y":[0.167]},"t":0,"s":[0]},{"i":{"x":[0.667],"y":[1]},"o":{"x":[0.333],"y":[0]},"t":12,"s":[-3.045]},{"i":{"x":[0.833],"y":[0.833]},"o":{"x":[0.333],"y":[0]},"t":24,"s":[1.423]},{"i":{"x":[0.833],"y":[0.833]},"o":{"x":[0.167],"y":[0.167]},"t":36,"s":[0]},{"t":132,"s":[0]}],"ix":10},"p":{"a":1,"k":[{"i":{"x":0.833,"y":0.833},"o":{"x":0.167,"y":0.167},"t":0,"s":[503.72,513.12,0],"to":[0,0,0],"ti":[26.72,0.12,0]},{"i":{"x":0.833,"y":0.833},"o":{"x":0.167,"y":0.167},"t":12,"s":[491.72,548.12,0],"to":[-26.72,-0.12,0],"ti":[-22.28,4.12,0]},{"i":{"x":0.833,"y":0.833},"o":{"x":0.167,"y":0.167},"t":24,"s":[464.72,483.12,0],"to":[22.28,-4.12,0],"ti":[0,0,0]},{"i":{"x":0.833,"y":0.833},"o":{"x":0.167,"y":0.167},"t":36,"s":[503.72,513.12,0],"to":[0,0,0],"ti":[0,0,0]},{"i":{"x":0.833,"y":0.833},"o":{"x":0.167,"y":0.167},"t":48,"s":[543.72,554.12,0],"to":[0,0,0],"ti":[0,0,0]},{"i":{"x":0.833,"y":0.833},"o":{"x":0.167,"y":0.167},"t":60,"s":[497.72,506.12,0],"to":[0,0,0],"ti":[0,0,0]},{"i":{"x":0.833,"y":0.833},"o":{"x":0.167,"y":0.167},"t":72,"s":[503.72,513.12,0],"to":[0,0,0],"ti":[0,0,0]},{"i":{"x":0.833,"y":0.833},"o":{"x":0.167,"y":0.167},"t":94,"s":[503.72,513.12,0],"to":[0,0,0],"ti":[0,0,0]},{"i":{"x":0.833,"y":0.833},"o":{"x":0.167,"y":0.167},"t":108,"s":[508.72,516.12,0],"to":[0,0,0],"ti":[0,0,0]},{"i":{"x":0.833,"y":0.833},"o":{"x":0.167,"y":0.167},"t":120,"s":[528.72,532.12,0],"to":[0,0,0],"ti":[0,0,0]},{"t":132,"s":[503.72,513.12,0]}],"ix":2,"l":2},"a":{"a":0,"k":[420.05,494.97,0],"ix":1,"l":2},"s":{"a":1,"k":[{"i":{"x":[0.667,0.667,0.667],"y":[1,1,1]},"o":{"x":[0.333,0.333,0.333],"y":[0,0,0]},"t":36,"s":[100,100,100]},{"i":{"x":[0.307,0.307,0.667],"y":[1,1,1]},"o":{"x":[0.333,0.333,0.333],"y":[0,0,0]},"t":48,"s":[90.095,90.095,100]},{"i":{"x":[0.271,0.271,0.667],"y":[1,1,1]},"o":{"x":[0.105,0.105,0.333],"y":[0,0,0]},"t":60,"s":[105.04,105.04,100]},{"i":{"x":[0.833,0.833,0.833],"y":[0.833,0.833,2.092]},"o":{"x":[0.333,0.333,0.333],"y":[0,0,0]},"t":94,"s":[97.301,97.301,100]},{"i":{"x":[0.667,0.667,0.667],"y":[1,1,1]},"o":{"x":[0.167,0.167,0.167],"y":[0.167,0.167,-0.328]},"t":108,"s":[100,100,100]},{"i":{"x":[0.667,0.667,0.667],"y":[1,1,1]},"o":{"x":[0.333,0.333,0.333],"y":[0,0,0]},"t":116,"s":[92.695,92.695,100]},{"t":132,"s":[100,100,100]}],"ix":6,"l":2}},"ao":0,"shapes":[{"ty":"gr","it":[{"ind":0,"ty":"sh","ix":1,"ks":{"a":1,"k":[{"i":{"x":0.833,"y":0.833},"o":{"x":0.167,"y":0.167},"t":0,"s":[{"i":[[140.8,-91.92],[-104.08,-162.159],[-97.04,64.4],[106.64,151.6]],"o":[[-105.2,68.72],[99.6,155.2],[101.76,-67.52],[-84.16,-119.76]],"v":[[-155.76,-233.279],[-233.36,170],[167.2,238.321],[230.8,-163.679]],"c":true}]},{"i":{"x":0.833,"y":0.833},"o":{"x":0.167,"y":0.167},"t":36,"s":[{"i":[[140.8,-91.92],[-104.08,-162.159],[-97.04,64.4],[106.64,151.6]],"o":[[-105.2,68.72],[99.6,155.2],[101.76,-67.52],[-84.16,-119.76]],"v":[[-155.76,-233.279],[-233.36,170],[167.2,238.321],[230.8,-163.679]],"c":true}]},{"i":{"x":0.833,"y":0.833},"o":{"x":0.167,"y":0.167},"t":48,"s":[{"i":[[140.8,-91.92],[-104.08,-162.159],[-97.04,64.4],[106.64,151.6]],"o":[[-105.2,68.72],[99.6,155.2],[101.76,-67.52],[-84.16,-119.76]],"v":[[-140.221,-209.971],[-217.821,193.308],[182.739,261.629],[246.339,-140.371]],"c":true}]},{"i":{"x":0.833,"y":0.833},"o":{"x":0.167,"y":0.167},"t":60,"s":[{"i":[[140.8,-91.92],[-104.08,-162.159],[-97.04,64.4],[106.64,151.6]],"o":[[-105.2,68.72],[99.6,155.2],[101.76,-67.52],[-84.16,-119.76]],"v":[[-165.28,-242.8],[-242.88,160.479],[157.68,228.8],[221.28,-173.2]],"c":true}]},{"i":{"x":0.833,"y":0.833},"o":{"x":0.167,"y":0.167},"t":72,"s":[{"i":[[140.8,-91.92],[-104.08,-162.159],[-97.04,64.4],[106.64,151.6]],"o":[[-105.2,68.72],[99.6,155.2],[101.76,-67.52],[-84.16,-119.76]],"v":[[-162.44,-242.015],[-240.04,161.264],[160.52,229.585],[224.12,-172.415]],"c":true}]},{"i":{"x":0.833,"y":0.833},"o":{"x":0.167,"y":0.167},"t":94,"s":[{"i":[[140.8,-91.92],[-104.08,-162.159],[-97.04,64.4],[106.64,151.6]],"o":[[-105.2,68.72],[99.6,155.2],[101.76,-67.52],[-84.16,-119.76]],"v":[[-162.44,-242.015],[-240.04,161.264],[160.52,229.585],[224.12,-172.415]],"c":true}]},{"i":{"x":0.833,"y":0.833},"o":{"x":0.167,"y":0.167},"t":108,"s":[{"i":[[140.8,-91.92],[-104.08,-162.159],[-97.04,64.4],[106.64,151.6]],"o":[[-105.2,68.72],[99.6,155.2],[101.76,-67.52],[-84.16,-119.76]],"v":[[-155.76,-233.279],[-233.36,170],[167.2,238.321],[230.8,-163.679]],"c":true}]},{"t":132,"s":[{"i":[[140.8,-91.92],[-104.08,-162.159],[-97.04,64.4],[106.64,151.6]],"o":[[-105.2,68.72],[99.6,155.2],[101.76,-67.52],[-84.16,-119.76]],"v":[[-155.76,-233.279],[-233.36,170],[167.2,238.321],[230.8,-163.679]],"c":true}]}],"ix":2},"nm":"Path 1","mn":"ADBE Vector Shape - Group","hd":false},{"ty":"fl","c":{"a":0,"k":[0.423999980852,0.426999978458,0.435000011968,1],"ix":4},"o":{"a":0,"k":100,"ix":5},"r":1,"bm":0,"nm":"Fill 1","mn":"ADBE Vector Graphic - Fill","hd":false},{"ty":"tr","p":{"a":0,"k":[384.09,366.33],"ix":2},"a":{"a":0,"k":[0,0],"ix":1},"s":{"a":0,"k":[100,100],"ix":3},"r":{"a":0,"k":0,"ix":6},"o":{"a":0,"k":100,"ix":7},"sk":{"a":0,"k":0,"ix":4},"sa":{"a":0,"k":0,"ix":5},"nm":"Transform"}],"nm":"Group 1","np":2,"cix":2,"bm":0,"ix":1,"mn":"ADBE Vector Group","hd":false},{"ty":"gr","it":[{"ind":0,"ty":"sh","ix":1,"ks":{"a":1,"k":[{"i":{"x":0.833,"y":0.833},"o":{"x":0.167,"y":0.167},"t":0,"s":[{"i":[[36.24,-3.68],[34.48,39.6],[23.28,33.359],[116.48,21.919],[64.4,136],[-28.88,65.361],[-67.52,39.519],[-96.64,-28.4],[-54.24,-103.441],[2.08,-1.76],[0,0],[-32.239,72],[53.84,102.64],[58.639,17.2],[55.36,-32.321],[34.48,-78.08],[-57.68,-122.08],[-69.76,-13.12],[-15.04,8.24],[0,0],[0,0],[-67.441,-79.839],[-20,2.24],[1.36,22]],"o":[[-22.32,2.24],[-62.08,-71.2],[-28.48,13.599],[-74.48,-14],[-61.36,-129.76],[38.88,-88],[83.36,-48.721],[62.48,18.401],[136.32,259.679],[0,0],[0.48,-0.401],[42.961,-95.919],[-50.8,-96.88],[-116.72,-34.32],[-65.84,38.48],[-24.96,56.56],[60.56,128.16],[124.56,23.441],[0,0],[0,0],[1.12,1.679],[29.679,35.121],[23.84,-2.72],[6.8,18]],"v":[[369.88,492.48],[294.04,451.92],[109.64,208.241],[-116.92,231.041],[-358.04,35.68],[-360.44,-261.84],[-201.56,-434.879],[77.48,-466.32],[280.12,-300.879],[210.04,140.001],[197.96,125.041],[278.119,7.92],[261.64,-291.28],[71.64,-446.32],[-191,-416.879],[-341.32,-253.6],[-339.24,26.72],[-113.08,210.56],[105.88,188.72],[114.12,184.241],[119.48,192.001],[304.68,438.88],[371.56,477.44],[412.6,431.76]],"c":true}]},{"i":{"x":0.833,"y":0.833},"o":{"x":0.167,"y":0.167},"t":36,"s":[{"i":[[36.24,-3.68],[34.48,39.6],[23.28,33.359],[116.48,21.919],[64.4,136],[-28.88,65.361],[-67.52,39.519],[-96.64,-28.4],[-54.24,-103.441],[2.08,-1.76],[0,0],[-32.239,72],[53.84,102.64],[58.639,17.2],[55.36,-32.321],[34.48,-78.08],[-57.68,-122.08],[-69.76,-13.12],[-15.04,8.24],[0,0],[0,0],[-67.441,-79.839],[-20,2.24],[1.36,22]],"o":[[-22.32,2.24],[-62.08,-71.2],[-28.48,13.599],[-74.48,-14],[-61.36,-129.76],[38.88,-88],[83.36,-48.721],[62.48,18.401],[136.32,259.679],[0,0],[0.48,-0.401],[42.961,-95.919],[-50.8,-96.88],[-116.72,-34.32],[-65.84,38.48],[-24.96,56.56],[60.56,128.16],[124.56,23.441],[0,0],[0,0],[1.12,1.679],[29.679,35.121],[23.84,-2.72],[6.8,18]],"v":[[369.88,492.48],[294.04,451.92],[109.64,208.241],[-116.92,231.041],[-358.04,35.68],[-360.44,-261.84],[-201.56,-434.879],[77.48,-466.32],[280.12,-300.879],[210.04,140.001],[197.96,125.041],[278.119,7.92],[261.64,-291.28],[71.64,-446.32],[-191,-416.879],[-341.32,-253.6],[-339.24,26.72],[-113.08,210.56],[105.88,188.72],[114.12,184.241],[119.48,192.001],[304.68,438.88],[371.56,477.44],[412.6,431.76]],"c":true}]},{"i":{"x":0.833,"y":0.833},"o":{"x":0.167,"y":0.167},"t":48,"s":[{"i":[[36.24,-3.68],[34.48,39.6],[23.28,33.359],[116.48,21.919],[64.4,136],[-28.88,65.361],[-67.52,39.519],[-96.64,-28.4],[-54.24,-103.441],[2.08,-1.76],[0,0],[-32.239,72],[53.84,102.64],[58.639,17.2],[55.36,-32.321],[34.48,-78.08],[-57.68,-122.08],[-69.76,-13.12],[-15.04,8.24],[0,0],[0,0],[-67.441,-79.839],[-20,2.24],[1.36,22]],"o":[[-22.32,2.24],[-62.08,-71.2],[-28.48,13.599],[-74.48,-14],[-61.36,-129.76],[38.88,-88],[83.36,-48.721],[62.48,18.401],[136.32,259.679],[0,0],[0.48,-0.401],[42.961,-95.919],[-50.8,-96.88],[-116.72,-34.32],[-65.84,38.48],[-24.96,56.56],[60.56,128.16],[124.56,23.441],[0,0],[0,0],[1.12,1.679],[29.679,35.121],[23.84,-2.72],[6.8,18]],"v":[[374.32,496.92],[294.04,451.92],[109.64,208.241],[-116.92,231.041],[-358.04,35.68],[-360.44,-261.84],[-201.56,-434.879],[77.48,-466.32],[280.12,-300.879],[210.04,140.001],[197.96,125.041],[278.119,7.92],[261.64,-291.28],[71.64,-446.32],[-191,-416.879],[-341.32,-253.6],[-339.24,26.72],[-113.08,210.56],[105.88,188.72],[114.12,184.241],[119.48,192.001],[304.68,438.88],[371.56,477.44],[412.6,431.76]],"c":true}]},{"i":{"x":0.833,"y":0.833},"o":{"x":0.167,"y":0.167},"t":60,"s":[{"i":[[36.24,-3.68],[34.48,39.6],[23.28,33.359],[116.48,21.919],[64.4,136],[-28.88,65.361],[-67.52,39.519],[-96.64,-28.4],[-54.24,-103.441],[2.08,-1.76],[0,0],[-32.239,72],[53.84,102.64],[58.639,17.2],[55.36,-32.321],[34.48,-78.08],[-57.68,-122.08],[-69.76,-13.12],[-15.04,8.24],[0,0],[0,0],[-67.441,-79.839],[-20,2.24],[1.36,22]],"o":[[-22.32,2.24],[-62.08,-71.2],[-28.48,13.599],[-74.48,-14],[-61.36,-129.76],[38.88,-88],[83.36,-48.721],[62.48,18.401],[136.32,259.679],[0,0],[0.48,-0.401],[42.961,-95.919],[-50.8,-96.88],[-116.72,-34.32],[-65.84,38.48],[-24.96,56.56],[60.56,128.16],[124.56,23.441],[0,0],[0,0],[1.12,1.679],[29.679,35.121],[23.84,-2.72],[6.8,18]],"v":[[364.168,484.864],[288.328,444.304],[109.64,208.241],[-116.92,231.041],[-358.04,35.68],[-360.44,-261.84],[-201.56,-434.879],[77.48,-466.32],[280.12,-300.879],[210.04,140.001],[197.96,125.041],[278.119,7.92],[261.64,-291.28],[71.64,-446.32],[-191,-416.879],[-341.32,-253.6],[-339.24,26.72],[-113.08,210.56],[105.88,188.72],[114.12,184.241],[119.48,192.001],[304.68,438.88],[371.56,477.44],[412.6,431.76]],"c":true}]},{"i":{"x":0.833,"y":0.833},"o":{"x":0.167,"y":0.167},"t":72,"s":[{"i":[[36.24,-3.68],[34.48,39.6],[23.28,33.359],[116.48,21.919],[64.4,136],[-28.88,65.361],[-67.52,39.519],[-96.64,-28.4],[-54.24,-103.441],[2.08,-1.76],[0,0],[-32.239,72],[53.84,102.64],[58.639,17.2],[55.36,-32.321],[34.48,-78.08],[-57.68,-122.08],[-69.76,-13.12],[-15.04,8.24],[0,0],[0,0],[-67.441,-79.839],[-20,2.24],[1.36,22]],"o":[[-22.32,2.24],[-62.08,-71.2],[-28.48,13.599],[-74.48,-14],[-61.36,-129.76],[38.88,-88],[83.36,-48.721],[62.48,18.401],[136.32,259.679],[0,0],[0.48,-0.401],[42.961,-95.919],[-50.8,-96.88],[-116.72,-34.32],[-65.84,38.48],[-24.96,56.56],[60.56,128.16],[124.56,23.441],[0,0],[0,0],[1.12,1.679],[29.679,35.121],[23.84,-2.72],[6.8,18]],"v":[[369.88,492.48],[294.04,451.92],[109.64,208.241],[-116.92,231.041],[-358.04,35.68],[-360.44,-261.84],[-201.56,-434.879],[77.48,-466.32],[280.12,-300.879],[210.04,140.001],[197.96,125.041],[278.119,7.92],[261.64,-291.28],[71.64,-446.32],[-191,-416.879],[-341.32,-253.6],[-339.24,26.72],[-113.08,210.56],[105.88,188.72],[114.12,184.241],[119.48,192.001],[304.68,438.88],[371.56,477.44],[412.6,431.76]],"c":true}]},{"i":{"x":0.833,"y":0.833},"o":{"x":0.167,"y":0.167},"t":94,"s":[{"i":[[36.24,-3.68],[34.48,39.6],[23.28,33.359],[116.48,21.919],[64.4,136],[-28.88,65.361],[-67.52,39.519],[-96.64,-28.4],[-54.24,-103.441],[2.08,-1.76],[0,0],[-32.239,72],[53.84,102.64],[58.639,17.2],[55.36,-32.321],[34.48,-78.08],[-57.68,-122.08],[-69.76,-13.12],[-15.04,8.24],[0,0],[0,0],[-67.441,-79.839],[-20,2.24],[1.36,22]],"o":[[-22.32,2.24],[-62.08,-71.2],[-28.48,13.599],[-74.48,-14],[-61.36,-129.76],[38.88,-88],[83.36,-48.721],[62.48,18.401],[136.32,259.679],[0,0],[0.48,-0.401],[42.961,-95.919],[-50.8,-96.88],[-116.72,-34.32],[-65.84,38.48],[-24.96,56.56],[60.56,128.16],[124.56,23.441],[0,0],[0,0],[1.12,1.679],[29.679,35.121],[23.84,-2.72],[6.8,18]],"v":[[369.88,492.48],[294.04,451.92],[109.64,208.241],[-116.92,231.041],[-358.04,35.68],[-360.44,-261.84],[-201.56,-434.879],[77.48,-466.32],[280.12,-300.879],[210.04,140.001],[197.96,125.041],[278.119,7.92],[261.64,-291.28],[71.64,-446.32],[-191,-416.879],[-341.32,-253.6],[-339.24,26.72],[-113.08,210.56],[105.88,188.72],[114.12,184.241],[119.48,192.001],[304.68,438.88],[371.56,477.44],[412.6,431.76]],"c":true}]},{"i":{"x":0.833,"y":0.833},"o":{"x":0.167,"y":0.167},"t":108,"s":[{"i":[[36.24,-3.68],[34.48,39.6],[23.28,33.359],[116.48,21.919],[64.4,136],[-28.88,65.361],[-67.52,39.519],[-96.64,-28.4],[-54.24,-103.441],[2.08,-1.76],[0,0],[-32.239,72],[53.84,102.64],[58.639,17.2],[55.36,-32.321],[34.48,-78.08],[-57.68,-122.08],[-69.76,-13.12],[-15.04,8.24],[0,0],[0,0],[-67.441,-79.839],[-20,2.24],[1.36,22]],"o":[[-22.32,2.24],[-62.08,-71.2],[-28.48,13.599],[-74.48,-14],[-61.36,-129.76],[38.88,-88],[83.36,-48.721],[62.48,18.401],[136.32,259.679],[0,0],[0.48,-0.401],[42.961,-95.919],[-50.8,-96.88],[-116.72,-34.32],[-65.84,38.48],[-24.96,56.56],[60.56,128.16],[124.56,23.441],[0,0],[0,0],[1.12,1.679],[29.679,35.121],[23.84,-2.72],[6.8,18]],"v":[[369.88,492.48],[294.04,451.92],[109.64,208.241],[-116.92,231.041],[-358.04,35.68],[-360.44,-261.84],[-201.56,-434.879],[77.48,-466.32],[280.12,-300.879],[210.04,140.001],[197.96,125.041],[278.119,7.92],[261.64,-291.28],[71.64,-446.32],[-191,-416.879],[-341.32,-253.6],[-339.24,26.72],[-113.08,210.56],[105.88,188.72],[114.12,184.241],[119.48,192.001],[304.68,438.88],[371.56,477.44],[412.6,431.76]],"c":true}]},{"t":132,"s":[{"i":[[36.24,-3.68],[34.48,39.6],[23.28,33.359],[116.48,21.919],[64.4,136],[-28.88,65.361],[-67.52,39.519],[-96.64,-28.4],[-54.24,-103.441],[2.08,-1.76],[0,0],[-32.239,72],[53.84,102.64],[58.639,17.2],[55.36,-32.321],[34.48,-78.08],[-57.68,-122.08],[-69.76,-13.12],[-15.04,8.24],[0,0],[0,0],[-67.441,-79.839],[-20,2.24],[1.36,22]],"o":[[-22.32,2.24],[-62.08,-71.2],[-28.48,13.599],[-74.48,-14],[-61.36,-129.76],[38.88,-88],[83.36,-48.721],[62.48,18.401],[136.32,259.679],[0,0],[0.48,-0.401],[42.961,-95.919],[-50.8,-96.88],[-116.72,-34.32],[-65.84,38.48],[-24.96,56.56],[60.56,128.16],[124.56,23.441],[0,0],[0,0],[1.12,1.679],[29.679,35.121],[23.84,-2.72],[6.8,18]],"v":[[369.88,492.48],[294.04,451.92],[109.64,208.241],[-116.92,231.041],[-358.04,35.68],[-360.44,-261.84],[-201.56,-434.879],[77.48,-466.32],[280.12,-300.879],[210.04,140.001],[197.96,125.041],[278.119,7.92],[261.64,-291.28],[71.64,-446.32],[-191,-416.879],[-341.32,-253.6],[-339.24,26.72],[-113.08,210.56],[105.88,188.72],[114.12,184.241],[119.48,192.001],[304.68,438.88],[371.56,477.44],[412.6,431.76]],"c":true}]}],"ix":2},"nm":"Path 1","mn":"ADBE Vector Shape - Group","hd":false},{"ty":"fl","c":{"a":0,"k":[0.423999980852,0.426999978458,0.435000011968,1],"ix":4},"o":{"a":0,"k":100,"ix":5},"r":1,"bm":0,"nm":"Fill 1","mn":"ADBE Vector Graphic - Fill","hd":false},{"ty":"tr","p":{"a":0,"k":[419.65,494.97],"ix":2},"a":{"a":0,"k":[0,0],"ix":1},"s":{"a":0,"k":[100,100],"ix":3},"r":{"a":0,"k":0,"ix":6},"o":{"a":0,"k":100,"ix":7},"sk":{"a":0,"k":0,"ix":4},"sa":{"a":0,"k":0,"ix":5},"nm":"Transform"}],"nm":"Group 2","np":2,"cix":2,"bm":0,"ix":2,"mn":"ADBE Vector Group","hd":false},{"ty":"gr","it":[{"ind":0,"ty":"sh","ix":1,"ks":{"a":1,"k":[{"i":{"x":0.833,"y":0.833},"o":{"x":0.167,"y":0.167},"t":0,"s":[{"i":[[11.68,-8.96],[22.321,27.68],[-8.16,7.361],[-17.68,-21.12]],"o":[[-12.721,9.841],[-21.04,-26.16],[10.081,-9.04],[17.679,21.12]],"v":[[358.561,429.8],[308.799,395.641],[295.039,351],[334.32,373.561]],"c":true}]},{"i":{"x":0.833,"y":0.833},"o":{"x":0.167,"y":0.167},"t":36,"s":[{"i":[[11.68,-8.96],[22.321,27.68],[-8.16,7.361],[-17.68,-21.12]],"o":[[-12.721,9.841],[-21.04,-26.16],[10.081,-9.04],[17.679,21.12]],"v":[[358.561,429.8],[308.799,395.641],[295.039,351],[334.32,373.561]],"c":true}]},{"i":{"x":0.833,"y":0.833},"o":{"x":0.167,"y":0.167},"t":60,"s":[{"i":[[11.68,-8.96],[22.321,27.68],[-8.16,7.361],[-17.68,-21.12]],"o":[[-12.721,9.841],[-21.04,-26.16],[10.081,-9.04],[17.679,21.12]],"v":[[358.561,429.8],[308.799,395.641],[295.039,351],[334.32,373.561]],"c":true}]},{"i":{"x":0.833,"y":0.833},"o":{"x":0.167,"y":0.167},"t":72,"s":[{"i":[[11.68,-8.96],[22.321,27.68],[-8.16,7.361],[-17.68,-21.12]],"o":[[-12.721,9.841],[-21.04,-26.16],[10.081,-9.04],[17.679,21.12]],"v":[[358.561,429.8],[308.799,395.641],[295.039,351],[334.32,373.561]],"c":true}]},{"i":{"x":0.833,"y":0.833},"o":{"x":0.167,"y":0.167},"t":94,"s":[{"i":[[11.68,-8.96],[22.321,27.68],[-8.16,7.361],[-17.68,-21.12]],"o":[[-12.721,9.841],[-21.04,-26.16],[10.081,-9.04],[17.679,21.12]],"v":[[358.561,429.8],[308.799,395.641],[295.039,351],[334.32,373.561]],"c":true}]},{"i":{"x":0.833,"y":0.833},"o":{"x":0.167,"y":0.167},"t":108,"s":[{"i":[[11.68,-8.96],[22.321,27.68],[-8.16,7.361],[-17.68,-21.12]],"o":[[-12.721,9.841],[-21.04,-26.16],[10.081,-9.04],[17.679,21.12]],"v":[[358.561,429.8],[308.799,395.641],[295.039,351],[334.32,373.561]],"c":true}]},{"t":132,"s":[{"i":[[11.68,-8.96],[22.321,27.68],[-8.16,7.361],[-17.68,-21.12]],"o":[[-12.721,9.841],[-21.04,-26.16],[10.081,-9.04],[17.679,21.12]],"v":[[358.561,429.8],[308.799,395.641],[295.039,351],[334.32,373.561]],"c":true}]}],"ix":2},"nm":"Path 1","mn":"ADBE Vector Shape - Group","hd":false},{"ind":1,"ty":"sh","ix":2,"ks":{"a":1,"k":[{"i":{"x":0.833,"y":0.833},"o":{"x":0.167,"y":0.167},"t":0,"s":[{"i":[[0,0],[0,0],[134.08,255.279],[75.12,22.08],[73.679,-43.039],[38.399,-88.799],[-54.64,-115.441],[-86.16,-16.24],[-12.641,6.88]],"o":[[-32.56,-43.92],[0,0],[-46.96,-89.681],[-103.121,-30.32],[-64.16,37.52],[-33.84,78.241],[57.52,121.599],[130.08,24.481],[0,0]],"v":[[383.28,384.521],[194.799,128.92],[262.48,-297.639],[66.16,-457.96],[-204.72,-427.48],[-359.359,-259.32],[-357.119,29.561],[-123.519,219.16],[104.48,193.24]],"c":false}]},{"i":{"x":0.833,"y":0.833},"o":{"x":0.167,"y":0.167},"t":36,"s":[{"i":[[0,0],[0,0],[134.08,255.279],[75.12,22.08],[73.679,-43.039],[38.399,-88.799],[-54.64,-115.441],[-86.16,-16.24],[-12.641,6.88]],"o":[[-32.56,-43.92],[0,0],[-46.96,-89.681],[-103.121,-30.32],[-64.16,37.52],[-33.84,78.241],[57.52,121.599],[130.08,24.481],[0,0]],"v":[[383.28,384.521],[194.799,128.92],[262.48,-297.639],[66.16,-457.96],[-204.72,-427.48],[-359.359,-259.32],[-357.119,29.561],[-123.519,219.16],[104.48,193.24]],"c":false}]},{"i":{"x":0.833,"y":0.833},"o":{"x":0.167,"y":0.167},"t":60,"s":[{"i":[[0,0],[0,0],[134.08,255.279],[75.12,22.08],[73.679,-43.039],[38.399,-88.799],[-54.64,-115.441],[-86.16,-16.24],[-12.641,6.88]],"o":[[-32.56,-43.92],[0,0],[-46.96,-89.681],[-103.121,-30.32],[-64.16,37.52],[-33.84,78.241],[57.52,121.599],[130.08,24.481],[0,0]],"v":[[383.28,384.521],[194.799,128.92],[262.48,-297.639],[66.16,-457.96],[-204.72,-427.48],[-359.359,-259.32],[-357.119,29.561],[-123.519,219.16],[104.48,193.24]],"c":false}]},{"i":{"x":0.833,"y":0.833},"o":{"x":0.167,"y":0.167},"t":72,"s":[{"i":[[0,0],[0,0],[134.08,255.279],[75.12,22.08],[73.679,-43.039],[38.399,-88.799],[-54.64,-115.441],[-86.16,-16.24],[-12.641,6.88]],"o":[[-32.56,-43.92],[0,0],[-46.96,-89.681],[-103.121,-30.32],[-64.16,37.52],[-33.84,78.241],[57.52,121.599],[130.08,24.481],[0,0]],"v":[[383.28,384.521],[194.799,128.92],[262.48,-297.639],[66.16,-457.96],[-204.72,-427.48],[-359.359,-259.32],[-357.119,29.561],[-123.519,219.16],[104.48,193.24]],"c":false}]},{"i":{"x":0.833,"y":0.833},"o":{"x":0.167,"y":0.167},"t":94,"s":[{"i":[[0,0],[0,0],[134.08,255.279],[75.12,22.08],[73.679,-43.039],[38.399,-88.799],[-54.64,-115.441],[-86.16,-16.24],[-12.641,6.88]],"o":[[-32.56,-43.92],[0,0],[-46.96,-89.681],[-103.121,-30.32],[-64.16,37.52],[-33.84,78.241],[57.52,121.599],[130.08,24.481],[0,0]],"v":[[383.28,384.521],[194.799,128.92],[262.48,-297.639],[66.16,-457.96],[-204.72,-427.48],[-359.359,-259.32],[-357.119,29.561],[-123.519,219.16],[104.48,193.24]],"c":false}]},{"i":{"x":0.833,"y":0.833},"o":{"x":0.167,"y":0.167},"t":108,"s":[{"i":[[0,0],[0,0],[134.08,255.279],[75.12,22.08],[73.679,-43.039],[38.399,-88.799],[-54.64,-115.441],[-86.16,-16.24],[-12.641,6.88]],"o":[[-32.56,-43.92],[0,0],[-46.96,-89.681],[-103.121,-30.32],[-64.16,37.52],[-33.84,78.241],[57.52,121.599],[130.08,24.481],[0,0]],"v":[[383.28,384.521],[194.799,128.92],[262.48,-297.639],[66.16,-457.96],[-204.72,-427.48],[-359.359,-259.32],[-357.119,29.561],[-123.519,219.16],[104.48,193.24]],"c":false}]},{"t":132,"s":[{"i":[[0,0],[0,0],[134.08,255.279],[75.12,22.08],[73.679,-43.039],[38.399,-88.799],[-54.64,-115.441],[-86.16,-16.24],[-12.641,6.88]],"o":[[-32.56,-43.92],[0,0],[-46.96,-89.681],[-103.121,-30.32],[-64.16,37.52],[-33.84,78.241],[57.52,121.599],[130.08,24.481],[0,0]],"v":[[383.28,384.521],[194.799,128.92],[262.48,-297.639],[66.16,-457.96],[-204.72,-427.48],[-359.359,-259.32],[-357.119,29.561],[-123.519,219.16],[104.48,193.24]],"c":false}]}],"ix":2},"nm":"Path 2","mn":"ADBE Vector Shape - Group","hd":false},{"ind":2,"ty":"sh","ix":3,"ks":{"a":1,"k":[{"i":{"x":0.833,"y":0.833},"o":{"x":0.167,"y":0.167},"t":0,"s":[{"i":[[28.479,38.319],[0,0],[134.08,255.279],[75.12,22.08],[73.679,-43.039],[38.399,-88.799],[-54.64,-115.441],[-86.16,-16.24],[-12.641,6.88],[-65.759,-83.92],[-25.441,16.959]],"o":[[-32.56,-43.92],[0,0],[-46.96,-89.681],[-103.121,-30.32],[-64.16,37.52],[-33.84,78.241],[57.52,121.599],[130.08,24.481],[0,0],[32.801,41.84],[27.519,-18.321]],"v":[[383.28,384.521],[194.799,128.92],[262.48,-297.639],[66.16,-457.96],[-204.72,-427.48],[-359.359,-259.32],[-357.119,29.561],[-123.519,219.16],[104.48,193.24],[291.919,434.601],[383.361,471.321]],"c":true}]},{"i":{"x":0.833,"y":0.833},"o":{"x":0.167,"y":0.167},"t":36,"s":[{"i":[[28.479,38.319],[0,0],[134.08,255.279],[75.12,22.08],[73.679,-43.039],[38.399,-88.799],[-54.64,-115.441],[-86.16,-16.24],[-12.641,6.88],[-65.759,-83.92],[-25.441,16.959]],"o":[[-32.56,-43.92],[0,0],[-46.96,-89.681],[-103.121,-30.32],[-64.16,37.52],[-33.84,78.241],[57.52,121.599],[130.08,24.481],[0,0],[32.801,41.84],[27.519,-18.321]],"v":[[383.28,384.521],[194.799,128.92],[262.48,-297.639],[66.16,-457.96],[-204.72,-427.48],[-359.359,-259.32],[-357.119,29.561],[-123.519,219.16],[104.48,193.24],[291.919,434.601],[383.361,471.321]],"c":true}]},{"i":{"x":0.833,"y":0.833},"o":{"x":0.167,"y":0.167},"t":60,"s":[{"i":[[28.479,38.319],[0,0],[134.08,255.279],[75.12,22.08],[73.679,-43.039],[38.399,-88.799],[-54.64,-115.441],[-86.16,-16.24],[-12.641,6.88],[-65.759,-83.92],[-25.441,16.959]],"o":[[-32.56,-43.92],[0,0],[-46.96,-89.681],[-103.121,-30.32],[-64.16,37.52],[-33.84,78.241],[57.52,121.599],[130.08,24.481],[0,0],[32.801,41.84],[27.519,-18.321]],"v":[[383.28,384.521],[194.799,128.92],[262.48,-297.639],[66.16,-457.96],[-204.72,-427.48],[-359.359,-259.32],[-357.119,29.561],[-123.519,219.16],[104.48,193.24],[291.919,434.601],[383.361,471.321]],"c":true}]},{"i":{"x":0.833,"y":0.833},"o":{"x":0.167,"y":0.167},"t":72,"s":[{"i":[[28.479,38.319],[0,0],[134.08,255.279],[75.12,22.08],[73.679,-43.039],[38.399,-88.799],[-54.64,-115.441],[-86.16,-16.24],[-12.641,6.88],[-65.759,-83.92],[-25.441,16.959]],"o":[[-32.56,-43.92],[0,0],[-46.96,-89.681],[-103.121,-30.32],[-64.16,37.52],[-33.84,78.241],[57.52,121.599],[130.08,24.481],[0,0],[32.801,41.84],[27.519,-18.321]],"v":[[383.28,384.521],[194.799,128.92],[262.48,-297.639],[66.16,-457.96],[-204.72,-427.48],[-359.359,-259.32],[-357.119,29.561],[-123.519,219.16],[104.48,193.24],[291.919,434.601],[383.361,471.321]],"c":true}]},{"i":{"x":0.833,"y":0.833},"o":{"x":0.167,"y":0.167},"t":94,"s":[{"i":[[28.479,38.319],[0,0],[134.08,255.279],[75.12,22.08],[73.679,-43.039],[38.399,-88.799],[-54.64,-115.441],[-86.16,-16.24],[-12.641,6.88],[-65.759,-83.92],[-25.441,16.959]],"o":[[-32.56,-43.92],[0,0],[-46.96,-89.681],[-103.121,-30.32],[-64.16,37.52],[-33.84,78.241],[57.52,121.599],[130.08,24.481],[0,0],[32.801,41.84],[27.519,-18.321]],"v":[[383.28,384.521],[194.799,128.92],[262.48,-297.639],[66.16,-457.96],[-204.72,-427.48],[-359.359,-259.32],[-357.119,29.561],[-123.519,219.16],[104.48,193.24],[291.919,434.601],[383.361,471.321]],"c":true}]},{"i":{"x":0.833,"y":0.833},"o":{"x":0.167,"y":0.167},"t":108,"s":[{"i":[[28.479,38.319],[0,0],[134.08,255.279],[75.12,22.08],[73.679,-43.039],[38.399,-88.799],[-54.64,-115.441],[-86.16,-16.24],[-12.641,6.88],[-65.759,-83.92],[-25.441,16.959]],"o":[[-32.56,-43.92],[0,0],[-46.96,-89.681],[-103.121,-30.32],[-64.16,37.52],[-33.84,78.241],[57.52,121.599],[130.08,24.481],[0,0],[32.801,41.84],[27.519,-18.321]],"v":[[383.28,384.521],[194.799,128.92],[262.48,-297.639],[66.16,-457.96],[-204.72,-427.48],[-359.359,-259.32],[-357.119,29.561],[-123.519,219.16],[104.48,193.24],[291.919,434.601],[383.361,471.321]],"c":true}]},{"t":132,"s":[{"i":[[28.479,38.319],[0,0],[134.08,255.279],[75.12,22.08],[73.679,-43.039],[38.399,-88.799],[-54.64,-115.441],[-86.16,-16.24],[-12.641,6.88],[-65.759,-83.92],[-25.441,16.959]],"o":[[-32.56,-43.92],[0,0],[-46.96,-89.681],[-103.121,-30.32],[-64.16,37.52],[-33.84,78.241],[57.52,121.599],[130.08,24.481],[0,0],[32.801,41.84],[27.519,-18.321]],"v":[[383.28,384.521],[194.799,128.92],[262.48,-297.639],[66.16,-457.96],[-204.72,-427.48],[-359.359,-259.32],[-357.119,29.561],[-123.519,219.16],[104.48,193.24],[291.919,434.601],[383.361,471.321]],"c":true}]}],"ix":2},"nm":"Path 3","mn":"ADBE Vector Shape - Group","hd":false},{"ty":"mm","mm":1,"nm":"Merge Paths 1","mn":"ADBE Vector Filter - Merge","hd":false},{"ty":"fl","c":{"a":0,"k":[0.184000007779,0.184000007779,0.184000007779,1],"ix":4},"o":{"a":0,"k":100,"ix":5},"r":1,"bm":0,"nm":"Fill 1","mn":"ADBE Vector Graphic - Fill","hd":false},{"ty":"tr","p":{"a":0,"k":[428.09,496.61],"ix":2},"a":{"a":0,"k":[0,0],"ix":1},"s":{"a":0,"k":[100,100],"ix":3},"r":{"a":0,"k":0,"ix":6},"o":{"a":0,"k":100,"ix":7},"sk":{"a":0,"k":0,"ix":4},"sa":{"a":0,"k":0,"ix":5},"nm":"Transform"}],"nm":"Group 3","np":5,"cix":2,"bm":0,"ix":3,"mn":"ADBE Vector Group","hd":false},{"ty":"gr","it":[{"ind":0,"ty":"sh","ix":1,"ks":{"a":1,"k":[{"i":{"x":0.833,"y":0.833},"o":{"x":0.167,"y":0.167},"t":0,"s":[{"i":[[0,0],[0,0],[0,0],[-11.36,-8.08],[-3.76,-9.2],[0,0],[0,0],[0,0]],"o":[[0,0],[0,0],[0,0],[11.361,8.081],[3.759,9.2],[0,0],[0,0],[0,0]],"v":[[-21.36,-60.24],[-60.799,-38.639],[-47.281,-18.639],[-25.12,-19.76],[12.161,24.56],[11.599,51.601],[46.719,60.24],[60.799,34.32]],"c":true}]},{"i":{"x":0.833,"y":0.833},"o":{"x":0.167,"y":0.167},"t":36,"s":[{"i":[[0,0],[0,0],[0,0],[-11.36,-8.08],[-3.76,-9.2],[0,0],[0,0],[0,0]],"o":[[0,0],[0,0],[0,0],[11.361,8.081],[3.759,9.2],[0,0],[0,0],[0,0]],"v":[[-21.36,-60.24],[-60.799,-38.639],[-47.281,-18.639],[-25.12,-19.76],[12.161,24.56],[11.599,51.601],[46.719,60.24],[60.799,34.32]],"c":true}]},{"i":{"x":0.833,"y":0.833},"o":{"x":0.167,"y":0.167},"t":48,"s":[{"i":[[0,0],[0,0],[0,0],[-11.36,-8.08],[-3.76,-9.2],[0,0],[0,0],[0,0]],"o":[[0,0],[0,0],[0,0],[11.361,8.081],[3.759,9.2],[0,0],[0,0],[0,0]],"v":[[-25.245,-65.789],[-64.684,-44.189],[-37.291,-6.43],[-15.131,-7.551],[22.15,36.77],[21.589,63.81],[46.719,60.24],[60.799,34.32]],"c":true}]},{"i":{"x":0.833,"y":0.833},"o":{"x":0.167,"y":0.167},"t":60,"s":[{"i":[[0,0],[0,0],[0,0],[-11.36,-8.08],[-3.76,-9.2],[0,0],[0,0],[0,0]],"o":[[0,0],[0,0],[0,0],[11.361,8.081],[3.759,9.2],[0,0],[0,0],[0,0]],"v":[[-21.36,-60.24],[-60.799,-38.639],[-56.215,-28.636],[-34.055,-29.757],[3.226,14.564],[2.665,41.604],[46.719,60.24],[60.799,34.32]],"c":true}]},{"i":{"x":0.833,"y":0.833},"o":{"x":0.167,"y":0.167},"t":72,"s":[{"i":[[0,0],[0,0],[0,0],[-11.36,-8.08],[-3.76,-9.2],[0,0],[0,0],[0,0]],"o":[[0,0],[0,0],[0,0],[11.361,8.081],[3.759,9.2],[0,0],[0,0],[0,0]],"v":[[-21.36,-60.24],[-60.799,-38.639],[-47.281,-18.639],[-25.12,-19.76],[12.161,24.56],[11.599,51.601],[46.719,60.24],[60.799,34.32]],"c":true}]},{"i":{"x":0.833,"y":0.833},"o":{"x":0.167,"y":0.167},"t":94,"s":[{"i":[[0,0],[0,0],[0,0],[-11.36,-8.08],[-3.76,-9.2],[0,0],[0,0],[0,0]],"o":[[0,0],[0,0],[0,0],[11.361,8.081],[3.759,9.2],[0,0],[0,0],[0,0]],"v":[[-21.36,-60.24],[-60.799,-38.639],[-47.281,-18.639],[-25.12,-19.76],[12.161,24.56],[11.599,51.601],[46.719,60.24],[60.799,34.32]],"c":true}]},{"i":{"x":0.833,"y":0.833},"o":{"x":0.167,"y":0.167},"t":108,"s":[{"i":[[0,0],[0,0],[0,0],[-11.36,-8.08],[-3.76,-9.2],[0,0],[0,0],[0,0]],"o":[[0,0],[0,0],[0,0],[11.361,8.081],[3.759,9.2],[0,0],[0,0],[0,0]],"v":[[-21.36,-60.24],[-60.799,-38.639],[-47.281,-18.639],[-25.12,-19.76],[12.161,24.56],[11.599,51.601],[46.719,60.24],[60.799,34.32]],"c":true}]},{"t":132,"s":[{"i":[[0,0],[0,0],[0,0],[-11.36,-8.08],[-3.76,-9.2],[0,0],[0,0],[0,0]],"o":[[0,0],[0,0],[0,0],[11.361,8.081],[3.759,9.2],[0,0],[0,0],[0,0]],"v":[[-21.36,-60.24],[-60.799,-38.639],[-47.281,-18.639],[-25.12,-19.76],[12.161,24.56],[11.599,51.601],[46.719,60.24],[60.799,34.32]],"c":true}]}],"ix":2},"nm":"Path 1","mn":"ADBE Vector Shape - Group","hd":false},{"ty":"fl","c":{"a":0,"k":[0.423999980852,0.426999978458,0.435000011968,1],"ix":4},"o":{"a":0,"k":100,"ix":5},"r":1,"bm":0,"nm":"Fill 1","mn":"ADBE Vector Graphic - Fill","hd":false},{"ty":"tr","p":{"a":0,"k":[758.41,886.41],"ix":2},"a":{"a":0,"k":[0,0],"ix":1},"s":{"a":0,"k":[100,100],"ix":3},"r":{"a":0,"k":0,"ix":6},"o":{"a":0,"k":100,"ix":7},"sk":{"a":0,"k":0,"ix":4},"sa":{"a":0,"k":0,"ix":5},"nm":"Transform"}],"nm":"Group 4","np":2,"cix":2,"bm":0,"ix":4,"mn":"ADBE Vector Group","hd":false}],"ip":0,"op":132,"st":0,"bm":0}],"markers":[{"tm":0,"cm":"rest","dr":0}]}