{"v":"5.8.1","fr":60,"ip":0,"op":140,"w":1024,"h":1024,"nm":"emoji_Grinning face  smiling eyes","ddd":0,"assets":[],"layers":[{"ddd":0,"ind":1,"ty":3,"nm":"Null ALL","sr":1,"ks":{"o":{"a":0,"k":0,"ix":11},"r":{"a":0,"k":0,"ix":10},"p":{"s":true,"x":{"a":0,"k":506,"ix":3},"y":{"a":1,"k":[{"i":{"x":[0.543],"y":[1]},"o":{"x":[0.912],"y":[0]},"t":6,"s":[504]},{"i":{"x":[0.833],"y":[1]},"o":{"x":[0.648],"y":[0]},"t":18,"s":[548]},{"i":{"x":[0.833],"y":[1]},"o":{"x":[0.167],"y":[0]},"t":31,"s":[474]},{"i":{"x":[0.833],"y":[1]},"o":{"x":[0.167],"y":[0]},"t":42,"s":[514]},{"i":{"x":[0.833],"y":[1]},"o":{"x":[0.167],"y":[0]},"t":54,"s":[474]},{"i":{"x":[0.833],"y":[1]},"o":{"x":[0.167],"y":[0]},"t":66,"s":[514]},{"i":{"x":[0.833],"y":[1]},"o":{"x":[0.167],"y":[0]},"t":79,"s":[474]},{"i":{"x":[0.833],"y":[1]},"o":{"x":[0.167],"y":[0]},"t":92,"s":[514]},{"i":{"x":[0.833],"y":[1]},"o":{"x":[0.167],"y":[0]},"t":104,"s":[474]},{"i":{"x":[0.833],"y":[1]},"o":{"x":[0.167],"y":[0]},"t":114,"s":[504]},{"i":{"x":[0.833],"y":[1]},"o":{"x":[0.167],"y":[0]},"t":122,"s":[496]},{"t":132,"s":[504]}],"ix":4}},"a":{"a":0,"k":[0,0,0],"ix":1,"l":2},"s":{"a":0,"k":[100,100,100],"ix":6,"l":2}},"ao":0,"ip":0,"op":144,"st":0,"bm":0},{"ddd":0,"ind":2,"ty":3,"nm":"Null Face","parent":1,"sr":1,"ks":{"o":{"a":0,"k":100,"ix":11},"r":{"a":0,"k":0,"ix":10},"p":{"a":1,"k":[{"i":{"x":0.518,"y":1},"o":{"x":0.894,"y":0},"t":8,"s":[2,8,0],"to":[0,17.333,0],"ti":[0,5.333,0]},{"i":{"x":0.667,"y":1},"o":{"x":0.648,"y":0},"t":20,"s":[2,112,0],"to":[0,-5.333,0],"ti":[0,11.333,0]},{"i":{"x":0.667,"y":1},"o":{"x":0.333,"y":0},"t":32,"s":[2,-24,0],"to":[0,-11.333,0],"ti":[0,0,0]},{"i":{"x":0.667,"y":1},"o":{"x":0.333,"y":0},"t":43,"s":[2,44,0],"to":[0,0,0],"ti":[0,0,0]},{"i":{"x":0.667,"y":1},"o":{"x":0.333,"y":0},"t":55,"s":[2,-24,0],"to":[0,0,0],"ti":[0,0,0]},{"i":{"x":0.667,"y":1},"o":{"x":0.333,"y":0},"t":67,"s":[2,44,0],"to":[0,0,0],"ti":[0,0,0]},{"i":{"x":0.667,"y":1},"o":{"x":0.333,"y":0},"t":80,"s":[2,-24,0],"to":[0,0,0],"ti":[0,0,0]},{"i":{"x":0.667,"y":1},"o":{"x":0.333,"y":0},"t":93,"s":[2,44,0],"to":[0,0,0],"ti":[0,1.333,0]},{"i":{"x":0.667,"y":1},"o":{"x":0.333,"y":0},"t":104,"s":[2,-24,0],"to":[0,-1.333,0],"ti":[0,-2.667,0]},{"i":{"x":0.833,"y":1},"o":{"x":0.167,"y":0},"t":116,"s":[2,36,0],"to":[0,2.667,0],"ti":[0,3.667,0]},{"i":{"x":0.833,"y":1},"o":{"x":0.894,"y":0},"t":122,"s":[2,-8,0],"to":[0,-3.667,0],"ti":[0,-2.667,0]},{"i":{"x":0.833,"y":1},"o":{"x":0.894,"y":0},"t":130,"s":[2,14,0],"to":[0,2.667,0],"ti":[0,1,0]},{"t":138,"s":[2,8,0]}],"ix":2,"l":2},"a":{"a":0,"k":[512,512,0],"ix":1,"l":2},"s":{"a":0,"k":[100,100,100],"ix":6,"l":2}},"ao":0,"ip":0,"op":130,"st":0,"bm":0},{"ddd":0,"ind":3,"ty":4,"nm":"mouth matte","parent":2,"td":1,"sr":1,"ks":{"o":{"a":0,"k":100,"ix":11},"r":{"a":0,"k":0,"ix":10},"p":{"a":1,"k":[{"i":{"x":0,"y":1},"o":{"x":0.167,"y":0.167},"t":16,"s":[506.92,679.36,0],"to":[0,-7.667,0],"ti":[0,7.667,0]},{"i":{"x":0,"y":0},"o":{"x":0.167,"y":0.167},"t":32,"s":[506.92,633.36,0],"to":[0,0,0],"ti":[0,0,0]},{"i":{"x":0.833,"y":0.833},"o":{"x":0.388,"y":0},"t":116,"s":[506.92,633.36,0],"to":[0,0.837,0],"ti":[0,-19.808,0]},{"i":{"x":0.833,"y":0.833},"o":{"x":0.167,"y":0.167},"t":121,"s":[506.92,695.863,0],"to":[0,8.918,0],"ti":[0,-0.103,0]},{"t":122,"s":[506.92,701.36,0]}],"ix":2,"l":2},"a":{"a":0,"k":[321.09,146.85,0],"ix":1,"l":2},"s":{"a":1,"k":[{"i":{"x":[0.667,0.667,0.667],"y":[1,1,1]},"o":{"x":[0.167,0.167,0.167],"y":[0.167,0.167,2.462]},"t":16,"s":[75,75,100]},{"i":{"x":[0.833,0.833,0.833],"y":[1,1,1]},"o":{"x":[0.167,0.167,0.167],"y":[0,0,0]},"t":32,"s":[100,100,100]},{"i":{"x":[0.833,0.833,0.833],"y":[0.833,0.833,0.925]},"o":{"x":[0.643,0.643,0.157],"y":[0,0,0]},"t":116,"s":[100,100,100]},{"i":{"x":[0.536,0.536,0.785],"y":[1.116,1.116,1.039]},"o":{"x":[0.167,0.167,0.167],"y":[0.167,0.167,-0.257]},"t":121,"s":[85,85,100]},{"t":122,"s":[91,91,100]}],"ix":6,"l":2}},"ao":0,"shapes":[{"ty":"gr","it":[{"ind":0,"ty":"sh","ix":1,"ks":{"a":1,"k":[{"i":{"x":0,"y":1},"o":{"x":0.167,"y":0.167},"t":16,"s":[{"i":[[10.911,17.155],[23.794,-6.521],[67.687,0.113],[64.205,15.988],[10.98,-16.568],[-5.683,-18.952],[-3.459,-7.083],[-14.84,20.671],[-8.015,0.927],[-3.028,-0.901],[-67.65,-1.608],[-1.058,-0.005],[-68.412,13.863],[-4.353,-0.115],[-5.809,-7.253],[2.755,-22.751],[-2.378,7.435]],"o":[[-14.246,-20.875],[-66.35,12.891],[-66.329,-1.109],[-20.362,-7.375],[-12.505,17.092],[1.956,7.904],[-1.817,-24.175],[5.435,-7.536],[3.296,-0.187],[65.419,16.784],[1.091,0.009],[69.935,-0.05],[4.139,-0.96],[9.202,0.281],[16.035,18.754],[3.857,-6.76],[7.13,-18.204]],"v":[[267.687,-80.329],[202.065,-102.264],[1.89,-75.669],[-196.308,-106.598],[-248.779,-83.823],[-252.776,-23.969],[-244.483,-1.026],[-232.461,-74.77],[-211.215,-88.26],[-201.737,-87.115],[0.478,-55.12],[3.188,-55.103],[210.001,-83.301],[222.753,-84.642],[249.159,-71.811],[259.852,-1.54],[269.609,-23.044]],"c":true}]},{"i":{"x":0.833,"y":1},"o":{"x":0.167,"y":0},"t":32,"s":[{"i":[[10.88,20.16],[21.76,-8.16],[85.44,0.4],[82.08,23.92],[11.2,-20.16],[-9.2,-20.08],[-5.04,-8.56],[-14.56,18.079],[-9.12,0.481],[-3.6,-1.12],[-87.12,0.16],[0,0],[-83.52,24.56],[-3.761,0],[-4.96,-7.68],[0,0],[-4.16,9.121]],"o":[[-11.36,-20.24],[-82.08,23.92],[-85.52,0.4],[-21.52,-8.16],[-10.88,20.08],[4.08,9.04],[0,0],[4.96,-7.68],[3.76,0],[83.52,24.56],[0,0],[87.12,0.16],[3.6,-1.12],[9.119,0.481],[14.8,18.079],[4.96,-8.56],[9.12,-20.079]],"v":[[309.96,-35.36],[252.44,-56.4],[-0.2,-20.96],[-252.92,-56.4],[-309.96,-35.6],[-303.8,37.84],[-290.12,64.32],[-292.36,-26],[-269.96,-38.961],[-258.92,-37.2],[-1.64,-0.4],[1.16,-0.4],[258.44,-37.2],[269.481,-38.961],[291.96,-26],[289.72,64.56],[303.8,38.079]],"c":true}]},{"i":{"x":0.833,"y":0.833},"o":{"x":1,"y":0},"t":116,"s":[{"i":[[10.88,20.16],[21.76,-8.16],[85.44,0.4],[82.08,23.92],[11.2,-20.16],[-9.2,-20.08],[-5.04,-8.56],[-14.56,18.079],[-9.12,0.481],[-3.6,-1.12],[-87.12,0.16],[0,0],[-83.52,24.56],[-3.761,0],[-4.96,-7.68],[0,0],[-4.16,9.121]],"o":[[-11.36,-20.24],[-82.08,23.92],[-85.52,0.4],[-21.52,-8.16],[-10.88,20.08],[4.08,9.04],[0,0],[4.96,-7.68],[3.76,0],[83.52,24.56],[0,0],[87.12,0.16],[3.6,-1.12],[9.119,0.481],[14.8,18.079],[4.96,-8.56],[9.12,-20.079]],"v":[[309.96,-35.36],[252.44,-56.4],[-0.2,-20.96],[-252.92,-56.4],[-309.96,-35.6],[-303.8,37.84],[-290.12,64.32],[-292.36,-26],[-269.96,-38.961],[-258.92,-37.2],[-1.64,-0.4],[1.16,-0.4],[258.44,-37.2],[269.481,-38.961],[291.96,-26],[289.72,64.56],[303.8,38.079]],"c":true}]},{"t":122,"s":[{"i":[[10.911,17.155],[23.794,-6.521],[67.687,0.113],[64.205,15.988],[10.98,-16.568],[-5.683,-18.952],[-3.459,-7.083],[-14.84,20.671],[-8.015,0.927],[-3.028,-0.901],[-67.65,-1.608],[-1.058,-0.005],[-68.412,13.863],[-4.353,-0.115],[-5.809,-7.253],[2.755,-22.751],[-2.378,7.435]],"o":[[-14.246,-20.875],[-66.35,12.891],[-66.329,-1.109],[-20.362,-7.375],[-12.505,17.092],[1.956,7.904],[-1.817,-24.175],[5.435,-7.536],[3.296,-0.187],[65.419,16.784],[1.091,0.009],[69.935,-0.05],[4.139,-0.96],[9.202,0.281],[16.035,18.754],[3.857,-6.76],[7.13,-18.204]],"v":[[267.687,-80.329],[202.065,-102.264],[1.89,-75.669],[-196.308,-106.598],[-248.779,-83.823],[-252.776,-23.969],[-244.483,-1.026],[-232.461,-74.77],[-211.215,-88.26],[-201.737,-87.115],[0.478,-55.12],[3.188,-55.103],[210.001,-83.301],[222.753,-84.642],[249.159,-71.811],[259.852,-1.54],[269.609,-23.044]],"c":true}]}],"ix":2},"nm":"Path 1","mn":"ADBE Vector Shape - Group","hd":false},{"ty":"fl","c":{"a":0,"k":[0.922000002394,0.560999971278,0,1],"ix":4},"o":{"a":0,"k":100,"ix":5},"r":1,"bm":0,"nm":"Fill 1","mn":"ADBE Vector Graphic - Fill","hd":false},{"ty":"tr","p":{"a":0,"k":[321.09,64.89],"ix":2},"a":{"a":0,"k":[0,0],"ix":1},"s":{"a":0,"k":[100,100],"ix":3},"r":{"a":0,"k":0,"ix":6},"o":{"a":0,"k":100,"ix":7},"sk":{"a":0,"k":0,"ix":4},"sa":{"a":0,"k":0,"ix":5},"nm":"Transform"}],"nm":"Group 1","np":2,"cix":2,"bm":0,"ix":1,"mn":"ADBE Vector Group","hd":false},{"ty":"gr","it":[{"ind":0,"ty":"sh","ix":1,"ks":{"a":1,"k":[{"i":{"x":0,"y":1},"o":{"x":0.167,"y":0.167},"t":16,"s":[{"i":[[23.604,-6.594],[67.718,0.114],[64.204,15.987],[10.981,-16.568],[1.213,-3.138],[-3.419,-1.358],[-87.432,-1.869],[-81.242,31.678],[-2.717,1.301],[2.876,4.433]],"o":[[-66.381,12.896],[-66.329,-1.11],[-20.363,-7.375],[-1.862,2.954],[2.577,1.323],[78.449,37.868],[87.658,0.396],[3.792,-1.416],[-1.182,-4.814],[-14.075,-20.816]],"v":[[201.76,-95.341],[1.489,-68.749],[-196.708,-99.678],[-249.18,-76.904],[-253.891,-67.73],[-244.947,-63.741],[7.551,0.555],[263.555,-55.498],[273.137,-59.577],[266.939,-73.641]],"c":true}]},{"i":{"x":0.833,"y":1},"o":{"x":0.167,"y":0},"t":32,"s":[{"i":[[21.6,-8.24],[85.52,0.4],[82.08,23.92],[11.2,-20.16],[0.801,-3.28],[-3.6,-1.439],[-107.681,1.28],[-93.279,44.32],[-2.801,1.44],[2.481,4.64]],"o":[[-82.08,23.92],[-85.52,0.4],[-21.52,-8.16],[-1.601,3.04],[2.64,1.36],[96.319,48.241],[103.28,1.2],[3.761,-1.6],[-0.641,-5.2],[-11.199,-20.16]],"v":[[252.12,-49.48],[-0.6,-14.04],[-253.32,-49.48],[-310.359,-28.68],[-314.041,-19.16],[-304.76,-15.001],[5.72,56.44],[304.359,-9.16],[314.041,-13.72],[309.24,-28.68]],"c":true}]},{"i":{"x":0.833,"y":0.833},"o":{"x":1,"y":0},"t":116,"s":[{"i":[[21.6,-8.24],[85.52,0.4],[82.08,23.92],[11.2,-20.16],[0.801,-3.28],[-3.6,-1.439],[-107.681,1.28],[-93.279,44.32],[-2.801,1.44],[2.481,4.64]],"o":[[-82.08,23.92],[-85.52,0.4],[-21.52,-8.16],[-1.601,3.04],[2.64,1.36],[96.319,48.241],[103.28,1.2],[3.761,-1.6],[-0.641,-5.2],[-11.199,-20.16]],"v":[[252.12,-49.48],[-0.6,-14.04],[-253.32,-49.48],[-310.359,-28.68],[-314.041,-19.16],[-304.76,-15.001],[5.72,56.44],[304.359,-9.16],[314.041,-13.72],[309.24,-28.68]],"c":true}]},{"i":{"x":0.833,"y":0.833},"o":{"x":0.167,"y":0.167},"t":121,"s":[{"i":[[22.576,-7.438],[76.851,0.261],[73.375,20.057],[11.093,-18.411],[1.002,-3.211],[-3.512,-1.4],[-97.821,-0.253],[-87.417,38.164],[-2.76,1.372],[2.673,4.539]],"o":[[-74.435,18.552],[-76.175,-0.335],[-20.957,-7.778],[-1.728,2.998],[2.609,1.342],[87.617,43.19],[95.673,0.809],[3.776,-1.51],[-0.904,-5.012],[-12.6,-20.479]],"v":[[227.597,-71.812],[0.418,-40.681],[-225.752,-73.924],[-280.568,-52.163],[-284.75,-42.811],[-266.222,-57.559],[6.746,3.932],[274.489,-54.077],[294.122,-36.05],[288.641,-50.574]],"c":true}]},{"t":122,"s":[{"i":[[23.604,-6.594],[67.718,0.114],[64.204,15.987],[10.981,-16.568],[1.213,-3.138],[-3.419,-1.358],[-87.432,-1.869],[-81.242,31.678],[-2.717,1.301],[2.876,4.433]],"o":[[-66.381,12.896],[-66.329,-1.11],[-20.363,-7.375],[-1.862,2.954],[2.577,1.323],[78.449,37.868],[87.658,0.396],[3.792,-1.416],[-1.182,-4.814],[-14.075,-20.816]],"v":[[201.76,-95.341],[1.489,-68.749],[-196.708,-99.678],[-249.18,-76.904],[-253.891,-67.73],[-244.947,-63.741],[7.551,0.555],[263.555,-55.498],[273.137,-59.577],[266.939,-73.641]],"c":true}]}],"ix":2},"nm":"Path 1","mn":"ADBE Vector Shape - Group","hd":false},{"ty":"fl","c":{"a":0,"k":[1,1,1,1],"ix":4},"o":{"a":0,"k":100,"ix":5},"r":1,"bm":0,"nm":"Fill 1","mn":"ADBE Vector Graphic - Fill","hd":false},{"ty":"tr","p":{"a":0,"k":[321.49,57.97],"ix":2},"a":{"a":0,"k":[0,0],"ix":1},"s":{"a":0,"k":[100,100],"ix":3},"r":{"a":0,"k":0,"ix":6},"o":{"a":0,"k":100,"ix":7},"sk":{"a":0,"k":0,"ix":4},"sa":{"a":0,"k":0,"ix":5},"nm":"Transform"}],"nm":"Group 2","np":2,"cix":2,"bm":0,"ix":2,"mn":"ADBE Vector Group","hd":false},{"ty":"gr","it":[{"ind":0,"ty":"sh","ix":1,"ks":{"a":1,"k":[{"i":{"x":0,"y":1},"o":{"x":0.167,"y":0.167},"t":16,"s":[{"i":[[9.334,19.973],[23.64,-6.532],[67.718,0.114],[64.205,15.987],[10.98,-16.568],[-5.683,-18.952],[-107.93,0.619],[0,0],[-20.278,77.884]],"o":[[-14.058,-20.852],[-66.381,12.897],[-66.33,-1.109],[-20.362,-7.375],[-12.505,17.092],[11.958,64.963],[0,0],[108.705,-0.556],[6.583,-21.008]],"v":[[267.508,-162.409],[202.32,-184.261],[2.049,-157.669],[-196.149,-188.597],[-248.62,-165.823],[-252.617,-105.969],[3.68,10.944],[4.961,10.944],[269.392,-105.254]],"c":true}]},{"i":{"x":0.833,"y":1},"o":{"x":0.167,"y":0},"t":32,"s":[{"i":[[10.881,20.08],[21.599,-8.16],[85.52,0.4],[82.081,23.92],[11.201,-20.16],[-9.201,-20.08],[-138.4,-0.4],[0,0],[-51.441,112.8]],"o":[[-11.199,-20.24],[-82.08,23.92],[-85.52,0.4],[-21.52,-8.16],[-10.879,20.08],[51.359,112.8],[0,0],[138.4,0],[9.119,-20.24]],"v":[[309.799,-117.44],[252.68,-138.4],[-0.04,-102.96],[-252.761,-138.4],[-309.801,-117.6],[-303.64,-44.16],[-0.68,146.56],[0.599,146.56],[303.64,-44.16]],"c":true}]},{"i":{"x":0.833,"y":0.833},"o":{"x":1,"y":0},"t":116,"s":[{"i":[[10.881,20.08],[21.599,-8.16],[85.52,0.4],[82.081,23.92],[11.201,-20.16],[-9.201,-20.08],[-138.4,-0.4],[0,0],[-51.441,112.8]],"o":[[-11.199,-20.24],[-82.08,23.92],[-85.52,0.4],[-21.52,-8.16],[-10.879,20.08],[51.359,112.8],[0,0],[138.4,0],[9.119,-20.24]],"v":[[309.799,-117.44],[252.68,-138.4],[-0.04,-102.96],[-252.761,-138.4],[-309.801,-117.6],[-303.64,-44.16],[-0.68,146.56],[0.599,146.56],[303.64,-44.16]],"c":true}]},{"t":122,"s":[{"i":[[9.334,19.973],[23.64,-6.532],[67.718,0.114],[64.205,15.987],[10.98,-16.568],[-5.683,-18.952],[-107.93,0.619],[0,0],[-34.988,114.876]],"o":[[-14.058,-20.852],[-66.381,12.897],[-66.33,-1.109],[-20.362,-7.375],[-12.505,17.092],[31.216,111.771],[0,0],[108.705,-0.556],[6.583,-21.008]],"v":[[267.508,-162.409],[202.32,-184.261],[2.049,-157.669],[-196.149,-188.597],[-248.62,-165.823],[-252.617,-105.969],[1.407,51.854],[2.688,51.854],[269.392,-105.254]],"c":true}]}],"ix":2},"nm":"Path 1","mn":"ADBE Vector Shape - Group","hd":false},{"ty":"fl","c":{"a":0,"k":[0.258999992819,0.169000004787,0.051000000449,1],"ix":4},"o":{"a":0,"k":100,"ix":5},"r":1,"bm":0,"nm":"Fill 1","mn":"ADBE Vector Graphic - Fill","hd":false},{"ty":"tr","p":{"a":0,"k":[320.931,146.89],"ix":2},"a":{"a":0,"k":[0,0],"ix":1},"s":{"a":0,"k":[100,100],"ix":3},"r":{"a":0,"k":0,"ix":6},"o":{"a":0,"k":100,"ix":7},"sk":{"a":0,"k":0,"ix":4},"sa":{"a":0,"k":0,"ix":5},"nm":"Transform"}],"nm":"Group 3","np":2,"cix":2,"bm":0,"ix":3,"mn":"ADBE Vector Group","hd":false}],"ip":17,"op":122,"st":36,"bm":0},{"ddd":0,"ind":4,"ty":4,"nm":"tongue","parent":5,"tt":1,"sr":1,"ks":{"o":{"a":0,"k":100,"ix":11},"r":{"a":0,"k":0,"ix":10},"p":{"a":1,"k":[{"i":{"x":0.833,"y":0.833},"o":{"x":0.333,"y":0},"t":18,"s":[322.49,197.785,0],"to":[0,3.319,0],"ti":[0,-14.487,0]},{"i":{"x":0.667,"y":1},"o":{"x":0.167,"y":0.167},"t":25,"s":[322.49,245.462,0],"to":[0,14.324,0],"ti":[0,-3.606,0]},{"i":{"x":0,"y":1},"o":{"x":0.333,"y":0},"t":43,"s":[322.49,239.97,0],"to":[0,14.697,0],"ti":[0,-1.667,0]},{"i":{"x":0,"y":0},"o":{"x":0.167,"y":0.167},"t":72,"s":[322.49,249.97,0],"to":[0,0,0],"ti":[0,0,0]},{"i":{"x":0.568,"y":1},"o":{"x":0.261,"y":0},"t":118,"s":[322.49,249.97,0],"to":[0,5.281,0],"ti":[0,-1.052,0]},{"t":122,"s":[322.49,287.97,0]}],"ix":2,"l":2},"a":{"a":0,"k":[136.251,42.77,0],"ix":1,"l":2},"s":{"a":0,"k":[100,100,100],"ix":6,"l":2}},"ao":0,"shapes":[{"ty":"gr","it":[{"ind":0,"ty":"sh","ix":1,"ks":{"a":0,"k":{"i":[[2.08,2.72],[3.04,2.8],[43.52,-0.88],[34.96,-28],[2.96,-3.12],[1.92,-2.64],[-47.28,0.24],[0,0],[45.179,81.156]],"o":[[-2.96,-2.72],[-32.64,-28.72],[-44.8,-0.72],[-3.04,2.479],[-2.96,3.12],[-30.32,65.416],[0,0],[45.28,0],[-1.601,-3.04]],"v":[[130.48,9.64],[121.439,1.64],[3.039,-41.64],[-120.321,0.52],[-129.52,8.52],[-136.001,16.52],[-44.84,165.28],[-43.561,165.28],[136.001,18.28]],"c":true},"ix":2},"nm":"Path 1","mn":"ADBE Vector Shape - Group","hd":false},{"ty":"fl","c":{"a":0,"k":[0.929000016755,0.46699999641,0.438999998803,1],"ix":4},"o":{"a":0,"k":100,"ix":5},"r":1,"bm":0,"nm":"Fill 1","mn":"ADBE Vector Graphic - Fill","hd":false},{"ty":"tr","p":{"a":0,"k":[136.251,42.77],"ix":2},"a":{"a":0,"k":[0,0],"ix":1},"s":{"a":0,"k":[100,100],"ix":3},"r":{"a":0,"k":0,"ix":6},"o":{"a":0,"k":100,"ix":7},"sk":{"a":0,"k":0,"ix":4},"sa":{"a":0,"k":0,"ix":5},"nm":"Transform"}],"nm":"Group 1","np":2,"cix":2,"bm":0,"ix":1,"mn":"ADBE Vector Group","hd":false}],"ip":17,"op":122,"st":0,"bm":0},{"ddd":0,"ind":5,"ty":4,"nm":"mouth","parent":2,"sr":1,"ks":{"o":{"a":0,"k":100,"ix":11},"r":{"a":0,"k":0,"ix":10},"p":{"a":1,"k":[{"i":{"x":0,"y":1},"o":{"x":0.167,"y":0.167},"t":16,"s":[506.92,679.36,0],"to":[0,-7.667,0],"ti":[0,7.667,0]},{"i":{"x":0,"y":0},"o":{"x":0.167,"y":0.167},"t":32,"s":[506.92,633.36,0],"to":[0,0,0],"ti":[0,0,0]},{"i":{"x":0.833,"y":0.833},"o":{"x":0.388,"y":0},"t":116,"s":[506.92,633.36,0],"to":[0,0.837,0],"ti":[0,-19.808,0]},{"i":{"x":0.833,"y":0.833},"o":{"x":0.167,"y":0.167},"t":121,"s":[506.92,695.863,0],"to":[0,8.918,0],"ti":[0,-0.103,0]},{"t":122,"s":[506.92,701.36,0]}],"ix":2,"l":2},"a":{"a":0,"k":[321.09,146.85,0],"ix":1,"l":2},"s":{"a":1,"k":[{"i":{"x":[0.667,0.667,0.667],"y":[1,1,1]},"o":{"x":[0.167,0.167,0.167],"y":[0.167,0.167,2.462]},"t":16,"s":[75,75,100]},{"i":{"x":[0.833,0.833,0.833],"y":[1,1,1]},"o":{"x":[0.167,0.167,0.167],"y":[0,0,0]},"t":32,"s":[100,100,100]},{"i":{"x":[0.833,0.833,0.833],"y":[0.833,0.833,0.925]},"o":{"x":[0.643,0.643,0.157],"y":[0,0,0]},"t":116,"s":[100,100,100]},{"i":{"x":[0.536,0.536,0.785],"y":[1.116,1.116,1.039]},"o":{"x":[0.167,0.167,0.167],"y":[0.167,0.167,-0.257]},"t":121,"s":[85,85,100]},{"t":122,"s":[91,91,100]}],"ix":6,"l":2}},"ao":0,"shapes":[{"ty":"gr","it":[{"ind":0,"ty":"sh","ix":1,"ks":{"a":1,"k":[{"i":{"x":0,"y":1},"o":{"x":0.167,"y":0.167},"t":16,"s":[{"i":[[10.911,17.155],[23.794,-6.521],[67.687,0.113],[64.205,15.988],[10.98,-16.568],[-5.683,-18.952],[-3.459,-7.083],[-14.84,20.671],[-8.015,0.927],[-3.028,-0.901],[-67.65,-1.608],[-1.058,-0.005],[-68.412,13.863],[-4.353,-0.115],[-5.809,-7.253],[2.755,-22.751],[-2.378,7.435]],"o":[[-14.246,-20.875],[-66.35,12.891],[-66.329,-1.109],[-20.362,-7.375],[-12.505,17.092],[1.956,7.904],[-1.817,-24.175],[5.435,-7.536],[3.296,-0.187],[65.419,16.784],[1.091,0.009],[69.935,-0.05],[4.139,-0.96],[9.202,0.281],[16.035,18.754],[3.857,-6.76],[7.13,-18.204]],"v":[[267.687,-80.329],[202.065,-102.264],[1.89,-75.669],[-196.308,-106.598],[-248.779,-83.823],[-252.776,-23.969],[-244.483,-1.026],[-232.461,-74.77],[-211.215,-88.26],[-201.737,-87.115],[0.478,-55.12],[3.188,-55.103],[210.001,-83.301],[222.753,-84.642],[249.159,-71.811],[259.852,-1.54],[269.609,-23.044]],"c":true}]},{"i":{"x":0.833,"y":1},"o":{"x":0.167,"y":0},"t":32,"s":[{"i":[[10.88,20.16],[21.76,-8.16],[85.44,0.4],[82.08,23.92],[11.2,-20.16],[-9.2,-20.08],[-5.04,-8.56],[-14.56,18.079],[-9.12,0.481],[-3.6,-1.12],[-87.12,0.16],[0,0],[-83.52,24.56],[-3.761,0],[-4.96,-7.68],[0,0],[-4.16,9.121]],"o":[[-11.36,-20.24],[-82.08,23.92],[-85.52,0.4],[-21.52,-8.16],[-10.88,20.08],[4.08,9.04],[0,0],[4.96,-7.68],[3.76,0],[83.52,24.56],[0,0],[87.12,0.16],[3.6,-1.12],[9.119,0.481],[14.8,18.079],[4.96,-8.56],[9.12,-20.079]],"v":[[309.96,-35.36],[252.44,-56.4],[-0.2,-20.96],[-252.92,-56.4],[-309.96,-35.6],[-303.8,37.84],[-290.12,64.32],[-292.36,-26],[-269.96,-38.961],[-258.92,-37.2],[-1.64,-0.4],[1.16,-0.4],[258.44,-37.2],[269.481,-38.961],[291.96,-26],[289.72,64.56],[303.8,38.079]],"c":true}]},{"i":{"x":0.833,"y":0.833},"o":{"x":1,"y":0},"t":116,"s":[{"i":[[10.88,20.16],[21.76,-8.16],[85.44,0.4],[82.08,23.92],[11.2,-20.16],[-9.2,-20.08],[-5.04,-8.56],[-14.56,18.079],[-9.12,0.481],[-3.6,-1.12],[-87.12,0.16],[0,0],[-83.52,24.56],[-3.761,0],[-4.96,-7.68],[0,0],[-4.16,9.121]],"o":[[-11.36,-20.24],[-82.08,23.92],[-85.52,0.4],[-21.52,-8.16],[-10.88,20.08],[4.08,9.04],[0,0],[4.96,-7.68],[3.76,0],[83.52,24.56],[0,0],[87.12,0.16],[3.6,-1.12],[9.119,0.481],[14.8,18.079],[4.96,-8.56],[9.12,-20.079]],"v":[[309.96,-35.36],[252.44,-56.4],[-0.2,-20.96],[-252.92,-56.4],[-309.96,-35.6],[-303.8,37.84],[-290.12,64.32],[-292.36,-26],[-269.96,-38.961],[-258.92,-37.2],[-1.64,-0.4],[1.16,-0.4],[258.44,-37.2],[269.481,-38.961],[291.96,-26],[289.72,64.56],[303.8,38.079]],"c":true}]},{"t":122,"s":[{"i":[[10.911,17.155],[23.794,-6.521],[67.687,0.113],[64.205,15.988],[10.98,-16.568],[-5.683,-18.952],[-3.459,-7.083],[-14.84,20.671],[-8.015,0.927],[-3.028,-0.901],[-67.65,-1.608],[-1.058,-0.005],[-68.412,13.863],[-4.353,-0.115],[-5.809,-7.253],[2.755,-22.751],[-2.378,7.435]],"o":[[-14.246,-20.875],[-66.35,12.891],[-66.329,-1.109],[-20.362,-7.375],[-12.505,17.092],[1.956,7.904],[-1.817,-24.175],[5.435,-7.536],[3.296,-0.187],[65.419,16.784],[1.091,0.009],[69.935,-0.05],[4.139,-0.96],[9.202,0.281],[16.035,18.754],[3.857,-6.76],[7.13,-18.204]],"v":[[267.687,-80.329],[202.065,-102.264],[1.89,-75.669],[-196.308,-106.598],[-248.779,-83.823],[-252.776,-23.969],[-244.483,-1.026],[-232.461,-74.77],[-211.215,-88.26],[-201.737,-87.115],[0.478,-55.12],[3.188,-55.103],[210.001,-83.301],[222.753,-84.642],[249.159,-71.811],[259.852,-1.54],[269.609,-23.044]],"c":true}]}],"ix":2},"nm":"Path 1","mn":"ADBE Vector Shape - Group","hd":false},{"ty":"fl","c":{"a":0,"k":[0.922000002394,0.560999971278,0,1],"ix":4},"o":{"a":0,"k":100,"ix":5},"r":1,"bm":0,"nm":"Fill 1","mn":"ADBE Vector Graphic - Fill","hd":false},{"ty":"tr","p":{"a":0,"k":[321.09,64.89],"ix":2},"a":{"a":0,"k":[0,0],"ix":1},"s":{"a":0,"k":[100,100],"ix":3},"r":{"a":0,"k":0,"ix":6},"o":{"a":0,"k":100,"ix":7},"sk":{"a":0,"k":0,"ix":4},"sa":{"a":0,"k":0,"ix":5},"nm":"Transform"}],"nm":"Group 1","np":2,"cix":2,"bm":0,"ix":1,"mn":"ADBE Vector Group","hd":false},{"ty":"gr","it":[{"ind":0,"ty":"sh","ix":1,"ks":{"a":1,"k":[{"i":{"x":0,"y":1},"o":{"x":0.167,"y":0.167},"t":16,"s":[{"i":[[23.604,-6.594],[67.718,0.114],[64.204,15.987],[10.981,-16.568],[1.213,-3.138],[-3.419,-1.358],[-87.432,-1.869],[-81.242,31.678],[-2.717,1.301],[2.876,4.433]],"o":[[-66.381,12.896],[-66.329,-1.11],[-20.363,-7.375],[-1.862,2.954],[2.577,1.323],[78.449,37.868],[87.658,0.396],[3.792,-1.416],[-1.182,-4.814],[-14.075,-20.816]],"v":[[201.76,-95.341],[1.489,-68.749],[-196.708,-99.678],[-249.18,-76.904],[-253.891,-67.73],[-244.947,-63.741],[7.551,0.555],[263.555,-55.498],[273.137,-59.577],[266.939,-73.641]],"c":true}]},{"i":{"x":0.833,"y":1},"o":{"x":0.167,"y":0},"t":32,"s":[{"i":[[21.6,-8.24],[85.52,0.4],[82.08,23.92],[11.2,-20.16],[0.801,-3.28],[-3.6,-1.439],[-107.681,1.28],[-93.279,44.32],[-2.801,1.44],[2.481,4.64]],"o":[[-82.08,23.92],[-85.52,0.4],[-21.52,-8.16],[-1.601,3.04],[2.64,1.36],[96.319,48.241],[103.28,1.2],[3.761,-1.6],[-0.641,-5.2],[-11.199,-20.16]],"v":[[252.12,-49.48],[-0.6,-14.04],[-253.32,-49.48],[-310.359,-28.68],[-314.041,-19.16],[-304.76,-15.001],[5.72,56.44],[304.359,-9.16],[314.041,-13.72],[309.24,-28.68]],"c":true}]},{"i":{"x":0.833,"y":0.833},"o":{"x":1,"y":0},"t":116,"s":[{"i":[[21.6,-8.24],[85.52,0.4],[82.08,23.92],[11.2,-20.16],[0.801,-3.28],[-3.6,-1.439],[-107.681,1.28],[-93.279,44.32],[-2.801,1.44],[2.481,4.64]],"o":[[-82.08,23.92],[-85.52,0.4],[-21.52,-8.16],[-1.601,3.04],[2.64,1.36],[96.319,48.241],[103.28,1.2],[3.761,-1.6],[-0.641,-5.2],[-11.199,-20.16]],"v":[[252.12,-49.48],[-0.6,-14.04],[-253.32,-49.48],[-310.359,-28.68],[-314.041,-19.16],[-304.76,-15.001],[5.72,56.44],[304.359,-9.16],[314.041,-13.72],[309.24,-28.68]],"c":true}]},{"i":{"x":0.833,"y":0.833},"o":{"x":0.167,"y":0.167},"t":121,"s":[{"i":[[22.576,-7.438],[76.851,0.261],[73.375,20.057],[11.093,-18.411],[1.002,-3.211],[-3.512,-1.4],[-97.821,-0.253],[-87.417,38.164],[-2.76,1.372],[2.673,4.539]],"o":[[-74.435,18.552],[-76.175,-0.335],[-20.957,-7.778],[-1.728,2.998],[2.609,1.342],[87.617,43.19],[95.673,0.809],[3.776,-1.51],[-0.904,-5.012],[-12.6,-20.479]],"v":[[227.597,-71.812],[0.418,-40.681],[-225.752,-73.924],[-280.568,-52.163],[-284.75,-42.811],[-266.222,-57.559],[6.746,3.932],[274.489,-54.077],[294.122,-36.05],[288.641,-50.574]],"c":true}]},{"t":122,"s":[{"i":[[23.604,-6.594],[67.718,0.114],[64.204,15.987],[10.981,-16.568],[1.213,-3.138],[-3.419,-1.358],[-87.432,-1.869],[-81.242,31.678],[-2.717,1.301],[2.876,4.433]],"o":[[-66.381,12.896],[-66.329,-1.11],[-20.363,-7.375],[-1.862,2.954],[2.577,1.323],[78.449,37.868],[87.658,0.396],[3.792,-1.416],[-1.182,-4.814],[-14.075,-20.816]],"v":[[201.76,-95.341],[1.489,-68.749],[-196.708,-99.678],[-249.18,-76.904],[-253.891,-67.73],[-244.947,-63.741],[7.551,0.555],[263.555,-55.498],[273.137,-59.577],[266.939,-73.641]],"c":true}]}],"ix":2},"nm":"Path 1","mn":"ADBE Vector Shape - Group","hd":false},{"ty":"fl","c":{"a":0,"k":[1,1,1,1],"ix":4},"o":{"a":0,"k":100,"ix":5},"r":1,"bm":0,"nm":"Fill 1","mn":"ADBE Vector Graphic - Fill","hd":false},{"ty":"tr","p":{"a":0,"k":[321.49,57.97],"ix":2},"a":{"a":0,"k":[0,0],"ix":1},"s":{"a":0,"k":[100,100],"ix":3},"r":{"a":0,"k":0,"ix":6},"o":{"a":0,"k":100,"ix":7},"sk":{"a":0,"k":0,"ix":4},"sa":{"a":0,"k":0,"ix":5},"nm":"Transform"}],"nm":"Group 2","np":2,"cix":2,"bm":0,"ix":2,"mn":"ADBE Vector Group","hd":false},{"ty":"gr","it":[{"ind":0,"ty":"sh","ix":1,"ks":{"a":1,"k":[{"i":{"x":0,"y":1},"o":{"x":0.167,"y":0.167},"t":16,"s":[{"i":[[9.334,19.973],[23.64,-6.532],[67.718,0.114],[64.205,15.987],[10.98,-16.568],[-5.683,-18.952],[-107.93,0.619],[0,0],[-20.278,77.884]],"o":[[-14.058,-20.852],[-66.381,12.897],[-66.33,-1.109],[-20.362,-7.375],[-12.505,17.092],[11.958,64.963],[0,0],[108.705,-0.556],[6.583,-21.008]],"v":[[267.508,-162.409],[202.32,-184.261],[2.049,-157.669],[-196.149,-188.597],[-248.62,-165.823],[-252.617,-105.969],[3.68,10.944],[4.961,10.944],[269.392,-105.254]],"c":true}]},{"i":{"x":0.833,"y":1},"o":{"x":0.167,"y":0},"t":32,"s":[{"i":[[10.881,20.08],[21.599,-8.16],[85.52,0.4],[82.081,23.92],[11.201,-20.16],[-9.201,-20.08],[-138.4,-0.4],[0,0],[-51.441,112.8]],"o":[[-11.199,-20.24],[-82.08,23.92],[-85.52,0.4],[-21.52,-8.16],[-10.879,20.08],[51.359,112.8],[0,0],[138.4,0],[9.119,-20.24]],"v":[[309.799,-117.44],[252.68,-138.4],[-0.04,-102.96],[-252.761,-138.4],[-309.801,-117.6],[-303.64,-44.16],[-0.68,146.56],[0.599,146.56],[303.64,-44.16]],"c":true}]},{"i":{"x":0.833,"y":0.833},"o":{"x":1,"y":0},"t":116,"s":[{"i":[[10.881,20.08],[21.599,-8.16],[85.52,0.4],[82.081,23.92],[11.201,-20.16],[-9.201,-20.08],[-138.4,-0.4],[0,0],[-51.441,112.8]],"o":[[-11.199,-20.24],[-82.08,23.92],[-85.52,0.4],[-21.52,-8.16],[-10.879,20.08],[51.359,112.8],[0,0],[138.4,0],[9.119,-20.24]],"v":[[309.799,-117.44],[252.68,-138.4],[-0.04,-102.96],[-252.761,-138.4],[-309.801,-117.6],[-303.64,-44.16],[-0.68,146.56],[0.599,146.56],[303.64,-44.16]],"c":true}]},{"t":122,"s":[{"i":[[9.334,19.973],[23.64,-6.532],[67.718,0.114],[64.205,15.987],[10.98,-16.568],[-5.683,-18.952],[-107.93,0.619],[0,0],[-34.988,114.876]],"o":[[-14.058,-20.852],[-66.381,12.897],[-66.33,-1.109],[-20.362,-7.375],[-12.505,17.092],[31.216,111.771],[0,0],[108.705,-0.556],[6.583,-21.008]],"v":[[267.508,-162.409],[202.32,-184.261],[2.049,-157.669],[-196.149,-188.597],[-248.62,-165.823],[-252.617,-105.969],[1.407,51.854],[2.688,51.854],[269.392,-105.254]],"c":true}]}],"ix":2},"nm":"Path 1","mn":"ADBE Vector Shape - Group","hd":false},{"ty":"fl","c":{"a":0,"k":[0.258999992819,0.169000004787,0.051000000449,1],"ix":4},"o":{"a":0,"k":100,"ix":5},"r":1,"bm":0,"nm":"Fill 1","mn":"ADBE Vector Graphic - Fill","hd":false},{"ty":"tr","p":{"a":0,"k":[320.931,146.89],"ix":2},"a":{"a":0,"k":[0,0],"ix":1},"s":{"a":0,"k":[100,100],"ix":3},"r":{"a":0,"k":0,"ix":6},"o":{"a":0,"k":100,"ix":7},"sk":{"a":0,"k":0,"ix":4},"sa":{"a":0,"k":0,"ix":5},"nm":"Transform"}],"nm":"Group 3","np":2,"cix":2,"bm":0,"ix":3,"mn":"ADBE Vector Group","hd":false}],"ip":17,"op":122,"st":36,"bm":0},{"ddd":0,"ind":6,"ty":4,"nm":"close eyes","parent":2,"sr":1,"ks":{"o":{"a":0,"k":100,"ix":11},"r":{"a":0,"k":0,"ix":10},"p":{"a":0,"k":[513.52,362.88,0],"ix":2,"l":2},"a":{"a":0,"k":[254.17,59.97,0],"ix":1,"l":2},"s":{"a":0,"k":[100,100,100],"ix":6,"l":2}},"ao":0,"shapes":[{"ty":"gr","it":[{"ind":0,"ty":"sh","ix":1,"ks":{"a":0,"k":{"i":[[7.521,9.44],[0,0],[0,0],[0,0],[2,2.08],[2.241,1.68],[2.399,1.2],[1.839,0.4],[0.56,-0.08],[0,0],[0,0],[0,0],[0,0],[-0.4,0],[0,0],[0,0],[0,0],[1.68,-0.96],[2.08,-1.6],[2.08,-2.08],[2.4,-3.12],[0,0],[0,0],[14.08,10.08],[-1.759,10.8],[-1.6,5.68],[-4.32,7.28],[-11.04,8.32],[-8.64,3.12],[-2.48,0.64],[-2.72,0.48],[0,0],[0,0],[0,0],[0,0],[0,0],[-2.641,-0.4],[-4.88,-1.84],[-7.281,-5.6],[-6.801,-12],[-1.76,-4.48],[-1.04,-3.68],[-0.24,-1.92],[0,0],[16.321,-2.56],[0.24,0]],"o":[[0,0],[0,0],[0,0],[-1.76,-2],[-2,-2.08],[-2.08,-1.6],[-1.601,-0.88],[-0.561,-0.08],[0,0],[0,0],[0,0],[0,0],[-1.2,0],[0,0],[0.641,0],[0,0],[-1.84,0.4],[-2.32,1.2],[-2.4,1.76],[-4.24,4.08],[0,0],[0,0],[-11.6,12.88],[-8.96,-6.24],[0,0],[2.4,-8.16],[6.8,-12],[7.281,-5.6],[2.4,-0.96],[2.64,-0.8],[0,0],[0,0],[0,0],[0,0],[0,0],[2.719,0],[5.2,0.88],[8.639,3.12],[11.04,8.32],[2.479,4.16],[1.521,3.52],[0.56,1.92],[0,0],[2.561,16.32],[-0.24,0],[-11.92,2]],"v":[[36.359,43.24],[35.08,41.64],[31.639,37.24],[27.399,32.68],[21.559,26.68],[14.839,20.92],[8.12,16.6],[2.92,14.6],[1.239,14.6],[0.519,14.6],[-0.12,14.6],[2.04,14.6],[-2.361,14.6],[-2.361,14.6],[-1.721,14.6],[-1.721,14.6],[-2.601,14.6],[-7.881,16.6],[-14.521,20.92],[-21.241,26.68],[-31.641,37.8],[-35.801,42.6],[-37.561,44.76],[-82.601,49.64],[-94.361,21.8],[-92.201,12.92],[-82.201,-10.36],[-55.241,-41.16],[-31.241,-54.36],[-23.881,-56.68],[-15.881,-58.52],[-10.92,-59.24],[-6.92,-59.72],[-2.521,-59.72],[3.799,-59.72],[7.88,-59.72],[15.88,-58.6],[31,-54.52],[55,-41.32],[82.04,-10.52],[88.439,2.52],[92.279,13.32],[93.559,19.08],[93.559,21.08],[68.599,55.24],[67.88,55.32]],"c":true},"ix":2},"nm":"Path 1","mn":"ADBE Vector Shape - Group","hd":false},{"ty":"fl","c":{"a":0,"k":[0.258999992819,0.169000004787,0.051000000449,1],"ix":4},"o":{"a":0,"k":100,"ix":5},"r":1,"bm":0,"nm":"Fill 1","mn":"ADBE Vector Graphic - Fill","hd":false},{"ty":"tr","p":{"a":0,"k":[411.971,59.97],"ix":2},"a":{"a":0,"k":[0,0],"ix":1},"s":{"a":0,"k":[100,100],"ix":3},"r":{"a":0,"k":0,"ix":6},"o":{"a":0,"k":100,"ix":7},"sk":{"a":0,"k":0,"ix":4},"sa":{"a":0,"k":0,"ix":5},"nm":"Transform"}],"nm":"Group 1","np":2,"cix":2,"bm":0,"ix":1,"mn":"ADBE Vector Group","hd":false},{"ty":"gr","it":[{"ind":0,"ty":"sh","ix":1,"ks":{"a":0,"k":{"i":[[7.44,9.12],[0,0],[0,0],[0,0],[2,2.08],[2.24,1.68],[2.4,1.2],[1.84,0.4],[0.56,-0.08],[0,0],[0,0],[0,0],[0,0],[-0.4,0],[0,0],[0,0],[0,0],[1.68,-0.96],[2.08,-1.6],[2.08,-2.08],[2.4,-3.12],[0,0],[0,0],[14,10.08],[-1.76,10.8],[-1.52,5.68],[-4.24,7.36],[-11.04,8.32],[-8.64,3.12],[-2.48,0.64],[-2.72,0.48],[0,0],[0,0],[0,0],[0,0],[0,0],[-2.64,-0.4],[-4.88,-1.84],[-7.28,-5.6],[-6.8,-12],[-1.76,-4.48],[-1.04,-3.76],[-0.24,-1.92],[0,0],[16.32,-2.4],[0.4,-0.08]],"o":[[0,0],[0,0],[0,0],[-1.76,-2],[-2,-2.08],[-2.08,-1.6],[-1.6,-0.88],[-0.56,-0.08],[0,0],[0,0],[0,0],[0,0],[-1.2,0],[0,0],[0.64,0],[0,0],[-1.84,0.4],[-2.32,1.28],[-2.32,1.76],[-4.24,4.08],[0,0],[0,0],[-11.52,12.88],[-8.96,-6.24],[0,0],[2.4,-8.08],[6.8,-12],[7.28,-5.6],[2.4,-0.96],[2.64,-0.8],[0,0],[0,0],[0,0],[0,0],[0,0],[2.72,0],[5.12,0.88],[8.64,3.12],[11.04,8.32],[2.48,4.16],[1.52,3.6],[0.56,1.92],[0,0],[2.4,16.32],[-0.4,0.08],[-11.68,1.68]],"v":[[36.36,43.24],[35.16,41.64],[31.72,37.24],[27.48,32.68],[21.64,26.68],[14.92,20.92],[8.2,16.6],[3,14.6],[1.32,14.6],[0.6,14.6],[-0.04,14.6],[2.12,14.6],[-2.28,14.6],[-2.28,14.6],[-1.64,14.6],[-1.64,14.6],[-2.52,14.6],[-7.8,16.6],[-14.52,20.92],[-21.16,26.68],[-31.56,37.8],[-35.72,42.6],[-37.56,44.76],[-82.52,49.64],[-94.28,21.8],[-92.2,12.92],[-82.2,-10.36],[-55.16,-41.16],[-31.16,-54.36],[-23.8,-56.68],[-15.8,-58.52],[-10.92,-59.24],[-6.84,-59.72],[-2.44,-59.72],[3.88,-59.72],[7.96,-59.72],[15.96,-58.6],[31.08,-54.52],[55.08,-41.32],[82.12,-10.52],[88.52,2.52],[92.36,13.48],[93.64,19.24],[93.64,21.24],[68.36,55.16],[67.16,55.32]],"c":true},"ix":2},"nm":"Path 1","mn":"ADBE Vector Shape - Group","hd":false},{"ty":"fl","c":{"a":0,"k":[0.258999992819,0.169000004787,0.051000000449,1],"ix":4},"o":{"a":0,"k":100,"ix":5},"r":1,"bm":0,"nm":"Fill 1","mn":"ADBE Vector Graphic - Fill","hd":false},{"ty":"tr","p":{"a":0,"k":[96.29,59.97],"ix":2},"a":{"a":0,"k":[0,0],"ix":1},"s":{"a":0,"k":[100,100],"ix":3},"r":{"a":0,"k":0,"ix":6},"o":{"a":0,"k":100,"ix":7},"sk":{"a":0,"k":0,"ix":4},"sa":{"a":0,"k":0,"ix":5},"nm":"Transform"}],"nm":"Group 2","np":2,"cix":2,"bm":0,"ix":2,"mn":"ADBE Vector Group","hd":false}],"ip":18,"op":118,"st":18,"bm":0},{"ddd":0,"ind":7,"ty":4,"nm":"EYES 2","parent":2,"sr":1,"ks":{"o":{"a":0,"k":100,"ix":11},"r":{"a":0,"k":0,"ix":10},"p":{"a":1,"k":[{"i":{"x":0.667,"y":1},"o":{"x":0.167,"y":0.167},"t":118,"s":[509.476,391.757,0],"to":[0,2,0],"ti":[0,-2,0]},{"t":122,"s":[509.476,403.757,0]}],"ix":2,"l":2},"a":{"a":0,"k":[215.645,74.807,0],"ix":1,"l":2},"s":{"a":0,"k":[100,100,100],"ix":6,"l":2}},"ao":0,"shapes":[{"ty":"gr","it":[{"ind":0,"ty":"sh","ix":1,"ks":{"a":0,"k":{"i":[[7.048,6.811],[0,0],[5.464,-11.244],[-7.048,-6.81],[-5.464,11.245]],"o":[[0,0],[-11.245,-5.385],[-4.197,8.79],[11.245,5.385],[4.197,-8.789]],"v":[[12.75,-18.372],[12.75,-18.372],[-17.5,-7.761],[-12.75,18.372],[17.5,7.76]],"c":true},"ix":2},"nm":"Path 1","mn":"ADBE Vector Shape - Group","hd":false},{"ty":"fl","c":{"a":0,"k":[0.536999990426,0.375999989229,0.141000007181,1],"ix":4},"o":{"a":0,"k":100,"ix":5},"r":1,"bm":0,"nm":"Fill 1","mn":"ADBE Vector Graphic - Fill","hd":false},{"ty":"tr","p":{"a":0,"k":[351.772,49.743],"ix":2},"a":{"a":0,"k":[0,0],"ix":1},"s":{"a":0,"k":[100,100],"ix":3},"r":{"a":0,"k":0,"ix":6},"o":{"a":0,"k":100,"ix":7},"sk":{"a":0,"k":0,"ix":4},"sa":{"a":0,"k":0,"ix":5},"nm":"Transform"}],"nm":"Group 1","np":2,"cix":2,"bm":0,"ix":1,"mn":"ADBE Vector Group","hd":false},{"ty":"gr","it":[{"ind":0,"ty":"sh","ix":1,"ks":{"a":1,"k":[{"i":{"x":0.833,"y":1},"o":{"x":0.167,"y":0.167},"t":118,"s":[{"i":[[33.181,0],[0,0],[0,-46.563],[-33.18,0],[0,46.484]],"o":[[0,0],[-33.18,0],[0,46.563],[33.181,0],[0,-46.484]],"v":[[0,-64.557],[0,-64.557],[-63.352,0.039],[0,64.557],[63.352,0.039]],"c":true}]},{"t":122,"s":[{"i":[[33.181,0],[0,0],[0,-46.563],[-33.18,0],[0,46.484]],"o":[[0,0],[-33.18,0],[0,46.563],[33.181,0],[0,-46.484]],"v":[[0,-74.557],[0,-74.557],[-63.352,0.039],[0,74.557],[63.352,0.039]],"c":true}]}],"ix":2},"nm":"Path 1","mn":"ADBE Vector Shape - Group","hd":false},{"ty":"fl","c":{"a":0,"k":[0.258999992819,0.169000004787,0.051000000449,1],"ix":4},"o":{"a":0,"k":100,"ix":5},"r":1,"bm":0,"nm":"Fill 1","mn":"ADBE Vector Graphic - Fill","hd":false},{"ty":"tr","p":{"a":0,"k":[367.689,74.807],"ix":2},"a":{"a":0,"k":[0,0],"ix":1},"s":{"a":0,"k":[100,100],"ix":3},"r":{"a":0,"k":0,"ix":6},"o":{"a":0,"k":100,"ix":7},"sk":{"a":0,"k":0,"ix":4},"sa":{"a":0,"k":0,"ix":5},"nm":"Transform"}],"nm":"Group 2","np":2,"cix":2,"bm":0,"ix":2,"mn":"ADBE Vector Group","hd":false},{"ty":"gr","it":[{"ind":0,"ty":"sh","ix":1,"ks":{"a":0,"k":{"i":[[7.048,6.811],[0,0],[5.464,-11.244],[-7.047,-6.81],[-5.463,11.245]],"o":[[0,0],[-11.245,-5.385],[-4.197,8.79],[11.245,5.385],[4.198,-8.789]],"v":[[12.749,-18.372],[12.749,-18.372],[-17.501,-7.761],[-12.75,18.372],[17.5,7.76]],"c":true},"ix":2},"nm":"Path 1","mn":"ADBE Vector Shape - Group","hd":false},{"ty":"fl","c":{"a":0,"k":[0.536999990426,0.375999989229,0.141000007181,1],"ix":4},"o":{"a":0,"k":100,"ix":5},"r":1,"bm":0,"nm":"Fill 1","mn":"ADBE Vector Graphic - Fill","hd":false},{"ty":"tr","p":{"a":0,"k":[48.081,49.743],"ix":2},"a":{"a":0,"k":[0,0],"ix":1},"s":{"a":0,"k":[100,100],"ix":3},"r":{"a":0,"k":0,"ix":6},"o":{"a":0,"k":100,"ix":7},"sk":{"a":0,"k":0,"ix":4},"sa":{"a":0,"k":0,"ix":5},"nm":"Transform"}],"nm":"Group 3","np":2,"cix":2,"bm":0,"ix":3,"mn":"ADBE Vector Group","hd":false},{"ty":"gr","it":[{"ind":0,"ty":"sh","ix":1,"ks":{"a":1,"k":[{"i":{"x":0.833,"y":1},"o":{"x":0.167,"y":0.167},"t":118,"s":[{"i":[[33.576,0],[0,0],[0,-46.563],[-33.181,0],[0,46.484]],"o":[[0,0],[-33.181,0],[0,46.563],[33.259,0],[0,-46.484]],"v":[[0.001,-64.557],[0.001,-64.557],[-63.352,0.039],[0.001,64.557],[63.352,0.039]],"c":true}]},{"t":122,"s":[{"i":[[33.576,0],[0,0],[0,-46.563],[-33.181,0],[0,46.484]],"o":[[0,0],[-33.181,0],[0,46.563],[33.259,0],[0,-46.484]],"v":[[0.001,-74.557],[0.001,-74.557],[-63.352,0.039],[0.001,74.557],[63.352,0.039]],"c":true}]}],"ix":2},"nm":"Path 1","mn":"ADBE Vector Shape - Group","hd":false},{"ty":"fl","c":{"a":0,"k":[0.258999992819,0.169000004787,0.051000000449,1],"ix":4},"o":{"a":0,"k":100,"ix":5},"r":1,"bm":0,"nm":"Fill 1","mn":"ADBE Vector Graphic - Fill","hd":false},{"ty":"tr","p":{"a":0,"k":[63.601,74.807],"ix":2},"a":{"a":0,"k":[0,0],"ix":1},"s":{"a":0,"k":[100,100],"ix":3},"r":{"a":0,"k":0,"ix":6},"o":{"a":0,"k":100,"ix":7},"sk":{"a":0,"k":0,"ix":4},"sa":{"a":0,"k":0,"ix":5},"nm":"Transform"}],"nm":"Group 4","np":2,"cix":2,"bm":0,"ix":4,"mn":"ADBE Vector Group","hd":false}],"ip":118,"op":145,"st":118,"bm":0},{"ddd":0,"ind":8,"ty":4,"nm":"EYES","parent":2,"sr":1,"ks":{"o":{"a":0,"k":100,"ix":11},"r":{"a":0,"k":0,"ix":10},"p":{"a":0,"k":[509.476,403.757,0],"ix":2,"l":2},"a":{"a":0,"k":[215.645,74.807,0],"ix":1,"l":2},"s":{"a":0,"k":[100,100,100],"ix":6,"l":2}},"ao":0,"shapes":[{"ty":"gr","it":[{"ind":0,"ty":"sh","ix":1,"ks":{"a":0,"k":{"i":[[7.048,6.811],[0,0],[5.464,-11.244],[-7.048,-6.81],[-5.464,11.245]],"o":[[0,0],[-11.245,-5.385],[-4.197,8.79],[11.245,5.385],[4.197,-8.789]],"v":[[12.75,-18.372],[12.75,-18.372],[-17.5,-7.761],[-12.75,18.372],[17.5,7.76]],"c":true},"ix":2},"nm":"Path 1","mn":"ADBE Vector Shape - Group","hd":false},{"ty":"fl","c":{"a":0,"k":[0.536999990426,0.375999989229,0.141000007181,1],"ix":4},"o":{"a":0,"k":100,"ix":5},"r":1,"bm":0,"nm":"Fill 1","mn":"ADBE Vector Graphic - Fill","hd":false},{"ty":"tr","p":{"a":0,"k":[351.772,49.743],"ix":2},"a":{"a":0,"k":[0,0],"ix":1},"s":{"a":0,"k":[100,100],"ix":3},"r":{"a":0,"k":0,"ix":6},"o":{"a":0,"k":100,"ix":7},"sk":{"a":0,"k":0,"ix":4},"sa":{"a":0,"k":0,"ix":5},"nm":"Transform"}],"nm":"Group 1","np":2,"cix":2,"bm":0,"ix":1,"mn":"ADBE Vector Group","hd":false},{"ty":"gr","it":[{"ind":0,"ty":"sh","ix":1,"ks":{"a":1,"k":[{"i":{"x":0.833,"y":0.833},"o":{"x":0.333,"y":0},"t":12,"s":[{"i":[[33.181,0],[0,0],[0,-46.563],[-33.18,0],[0,46.484]],"o":[[0,0],[-33.18,0],[0,46.563],[33.181,0],[0,-46.484]],"v":[[0,-74.557],[0,-74.557],[-63.352,0.039],[0,74.557],[63.352,0.039]],"c":true}]},{"t":17,"s":[{"i":[[33.181,0],[0,0],[0,-46.563],[-33.18,0],[0,46.484]],"o":[[0,0],[-33.18,0],[0,46.563],[33.181,0],[0,-46.484]],"v":[[0,-74.557],[0,-74.557],[-63.352,0.039],[0,44.557],[63.352,0.039]],"c":true}]}],"ix":2},"nm":"Path 1","mn":"ADBE Vector Shape - Group","hd":false},{"ty":"fl","c":{"a":0,"k":[0.258999992819,0.169000004787,0.051000000449,1],"ix":4},"o":{"a":0,"k":100,"ix":5},"r":1,"bm":0,"nm":"Fill 1","mn":"ADBE Vector Graphic - Fill","hd":false},{"ty":"tr","p":{"a":0,"k":[367.689,74.807],"ix":2},"a":{"a":0,"k":[0,0],"ix":1},"s":{"a":0,"k":[100,100],"ix":3},"r":{"a":0,"k":0,"ix":6},"o":{"a":0,"k":100,"ix":7},"sk":{"a":0,"k":0,"ix":4},"sa":{"a":0,"k":0,"ix":5},"nm":"Transform"}],"nm":"Group 2","np":2,"cix":2,"bm":0,"ix":2,"mn":"ADBE Vector Group","hd":false},{"ty":"gr","it":[{"ind":0,"ty":"sh","ix":1,"ks":{"a":0,"k":{"i":[[7.048,6.811],[0,0],[5.464,-11.244],[-7.047,-6.81],[-5.463,11.245]],"o":[[0,0],[-11.245,-5.385],[-4.197,8.79],[11.245,5.385],[4.198,-8.789]],"v":[[12.749,-18.372],[12.749,-18.372],[-17.501,-7.761],[-12.75,18.372],[17.5,7.76]],"c":true},"ix":2},"nm":"Path 1","mn":"ADBE Vector Shape - Group","hd":false},{"ty":"fl","c":{"a":0,"k":[0.536999990426,0.375999989229,0.141000007181,1],"ix":4},"o":{"a":0,"k":100,"ix":5},"r":1,"bm":0,"nm":"Fill 1","mn":"ADBE Vector Graphic - Fill","hd":false},{"ty":"tr","p":{"a":0,"k":[48.081,49.743],"ix":2},"a":{"a":0,"k":[0,0],"ix":1},"s":{"a":0,"k":[100,100],"ix":3},"r":{"a":0,"k":0,"ix":6},"o":{"a":0,"k":100,"ix":7},"sk":{"a":0,"k":0,"ix":4},"sa":{"a":0,"k":0,"ix":5},"nm":"Transform"}],"nm":"Group 3","np":2,"cix":2,"bm":0,"ix":3,"mn":"ADBE Vector Group","hd":false},{"ty":"gr","it":[{"ind":0,"ty":"sh","ix":1,"ks":{"a":1,"k":[{"i":{"x":0.833,"y":0.833},"o":{"x":0.333,"y":0},"t":12,"s":[{"i":[[33.576,0],[0,0],[0,-46.563],[-33.181,0],[0,46.484]],"o":[[0,0],[-33.181,0],[0,46.563],[33.259,0],[0,-46.484]],"v":[[0.001,-74.557],[0.001,-74.557],[-63.352,0.039],[0.001,74.557],[63.352,0.039]],"c":true}]},{"t":17,"s":[{"i":[[33.576,0],[0,0],[0,-46.563],[-33.181,0],[0,46.484]],"o":[[0,0],[-33.181,0],[0,46.563],[33.259,0],[0,-46.484]],"v":[[0.001,-74.557],[0.001,-74.557],[-63.352,0.039],[0.001,44.557],[63.352,0.039]],"c":true}]}],"ix":2},"nm":"Path 1","mn":"ADBE Vector Shape - Group","hd":false},{"ty":"fl","c":{"a":0,"k":[0.258999992819,0.169000004787,0.051000000449,1],"ix":4},"o":{"a":0,"k":100,"ix":5},"r":1,"bm":0,"nm":"Fill 1","mn":"ADBE Vector Graphic - Fill","hd":false},{"ty":"tr","p":{"a":0,"k":[63.601,74.807],"ix":2},"a":{"a":0,"k":[0,0],"ix":1},"s":{"a":0,"k":[100,100],"ix":3},"r":{"a":0,"k":0,"ix":6},"o":{"a":0,"k":100,"ix":7},"sk":{"a":0,"k":0,"ix":4},"sa":{"a":0,"k":0,"ix":5},"nm":"Transform"}],"nm":"Group 4","np":2,"cix":2,"bm":0,"ix":4,"mn":"ADBE Vector Group","hd":false}],"ip":0,"op":18,"st":0,"bm":0},{"ddd":0,"ind":9,"ty":4,"nm":"mouth 3","parent":2,"sr":1,"ks":{"o":{"a":0,"k":100,"ix":11},"r":{"a":0,"k":0,"ix":10},"p":{"a":1,"k":[{"i":{"x":0.667,"y":1},"o":{"x":0.167,"y":0.167},"t":122,"s":[503.867,650.766,0],"to":[0,-3.333,0],"ti":[0,3.333,0]},{"t":128,"s":[503.867,630.766,0]}],"ix":2,"l":2},"a":{"a":0,"k":[129.523,52.593,0],"ix":1,"l":2},"s":{"a":0,"k":[100,100,100],"ix":6,"l":2}},"ao":0,"shapes":[{"ty":"gr","it":[{"ind":0,"ty":"sh","ix":1,"ks":{"a":1,"k":[{"i":{"x":0,"y":1},"o":{"x":0.167,"y":0.167},"t":122,"s":[{"i":[[0,0],[-44.402,9.411],[-14.51,7.363],[0,0],[12.597,-19.32],[22.351,-9.658],[66.821,42.49],[6.03,11.792],[-19.838,-9.441]],"o":[[40.196,21.957],[15.981,-3.356],[0,0],[21.44,-9.352],[-13.454,20.633],[-55.405,23.023],[-10.313,-8.249],[-10.287,-19.693],[0,-0.001]],"v":[[-135.204,-55.349],[75.95,-40.813],[132.113,-57.154],[136.051,-58.913],[165.05,-24.919],[97.297,24.96],[-135.259,9.84],[-171.347,-26.723],[-140.971,-58.147]],"c":true}]},{"t":128,"s":[{"i":[[0,0],[-41.347,8.799],[-13.512,6.884],[0,0],[11.718,-18.071],[20.813,-9.03],[45.354,35.013],[5.615,11.025],[-18.473,-8.827]],"o":[[37.43,20.529],[14.881,-3.138],[0,0],[19.965,-8.744],[-12.528,19.291],[-51.593,21.525],[-9.603,-7.712],[-9.579,-18.412],[0,-0.001]],"v":[[-86.038,-40.268],[44.586,-26.677],[86.885,-41.954],[90.552,-43.599],[117.555,-11.816],[64.464,30.818],[-96.09,14.681],[-119.695,-13.504],[-91.409,-42.884]],"c":true}]}],"ix":2},"nm":"Path 1","mn":"ADBE Vector Shape - Group","hd":false},{"ty":"fl","c":{"a":0,"k":[0.258999992819,0.169000004787,0.051000000449,1],"ix":4},"o":{"a":0,"k":100,"ix":5},"r":1,"bm":0,"nm":"Fill 1","mn":"ADBE Vector Graphic - Fill","hd":false},{"ty":"tr","p":{"a":0,"k":[129.523,52.594],"ix":2},"a":{"a":0,"k":[0,0],"ix":1},"s":{"a":0,"k":[100,100],"ix":3},"r":{"a":0,"k":0,"ix":6},"o":{"a":0,"k":100,"ix":7},"sk":{"a":0,"k":0,"ix":4},"sa":{"a":0,"k":0,"ix":5},"nm":"Transform"}],"nm":"Group 1","np":2,"cix":2,"bm":0,"ix":1,"mn":"ADBE Vector Group","hd":false}],"ip":122,"op":144,"st":122,"bm":0},{"ddd":0,"ind":10,"ty":4,"nm":"mouth ","parent":2,"sr":1,"ks":{"o":{"a":0,"k":100,"ix":11},"r":{"a":0,"k":0,"ix":10},"p":{"a":0,"k":[503.867,630.766,0],"ix":2,"l":2},"a":{"a":0,"k":[129.523,52.593,0],"ix":1,"l":2},"s":{"a":0,"k":[100,100,100],"ix":6,"l":2}},"ao":0,"shapes":[{"ty":"gr","it":[{"ind":0,"ty":"sh","ix":1,"ks":{"a":1,"k":[{"i":{"x":0.833,"y":0.833},"o":{"x":1,"y":0},"t":12,"s":[{"i":[[0,0],[-41.347,8.799],[-13.512,6.884],[0,0],[11.718,-18.071],[20.813,-9.03],[45.354,35.013],[5.615,11.025],[-18.473,-8.827]],"o":[[37.43,20.529],[14.881,-3.138],[0,0],[19.965,-8.744],[-12.528,19.291],[-51.593,21.525],[-9.603,-7.712],[-9.579,-18.412],[0,-0.001]],"v":[[-86.038,-40.268],[44.586,-26.677],[86.885,-41.954],[90.552,-43.599],[117.555,-11.816],[64.464,30.818],[-96.09,14.681],[-119.695,-13.504],[-91.409,-42.884]],"c":true}]},{"t":16,"s":[{"i":[[0,0],[-41.347,8.799],[-13.512,6.884],[0,0],[11.718,-18.071],[20.813,-9.03],[62.223,39.726],[5.615,11.025],[-18.473,-8.827]],"o":[[37.43,20.529],[14.881,-3.138],[0,0],[19.965,-8.744],[-12.528,19.291],[-51.593,21.525],[-9.603,-7.712],[-9.579,-18.412],[0,-0.001]],"v":[[-126.038,-52.268],[70.586,-38.676],[122.885,-53.954],[126.552,-55.599],[153.555,-23.816],[90.464,22.818],[-126.09,8.682],[-159.695,-25.503],[-131.409,-54.883]],"c":true}]}],"ix":2},"nm":"Path 1","mn":"ADBE Vector Shape - Group","hd":false},{"ty":"fl","c":{"a":0,"k":[0.258999992819,0.169000004787,0.051000000449,1],"ix":4},"o":{"a":0,"k":100,"ix":5},"r":1,"bm":0,"nm":"Fill 1","mn":"ADBE Vector Graphic - Fill","hd":false},{"ty":"tr","p":{"a":0,"k":[129.523,52.594],"ix":2},"a":{"a":0,"k":[0,0],"ix":1},"s":{"a":0,"k":[100,100],"ix":3},"r":{"a":0,"k":0,"ix":6},"o":{"a":0,"k":100,"ix":7},"sk":{"a":0,"k":0,"ix":4},"sa":{"a":0,"k":0,"ix":5},"nm":"Transform"}],"nm":"Group 1","np":2,"cix":2,"bm":0,"ix":1,"mn":"ADBE Vector Group","hd":false}],"ip":0,"op":17,"st":0,"bm":0},{"ddd":0,"ind":11,"ty":4,"nm":"base matte","parent":13,"td":1,"sr":1,"ks":{"o":{"a":0,"k":100,"ix":11},"r":{"a":0,"k":0,"ix":10},"p":{"a":0,"k":[-2,-3,0],"ix":2,"l":2},"a":{"a":0,"k":[0,0,0],"ix":1,"l":2},"s":{"a":0,"k":[100,100,100],"ix":6,"l":2}},"ao":0,"shapes":[{"ty":"gr","it":[{"ind":0,"ty":"sh","ix":1,"ks":{"a":0,"k":{"i":[[15.4,0],[0,38.4],[-27.9,0],[-10.6,-9.3],[0,-16.9],[11.5,-10.2]],"o":[[-27.9,0],[0,-38.4],[15.5,0],[11.5,10.2],[0,16.9],[-10.6,9.3]],"v":[[0,55.9],[-58,0],[0,-55.9],[40.4,-41.5],[58,0],[40.4,41.4]],"c":true},"ix":2},"nm":"Path 1","mn":"ADBE Vector Shape - Group","hd":false},{"ty":"gf","o":{"a":0,"k":100,"ix":10},"r":1,"bm":0,"g":{"p":5,"k":{"a":0,"k":[0.48,0.992,0.878,0.188,0.691,0.98,0.816,0.178,0.902,0.969,0.753,0.169,0.966,0.963,0.694,0.153,1,0.957,0.635,0.137],"ix":9}},"s":{"a":0,"k":[0,0],"ix":5},"e":{"a":0,"k":[56.225,0],"ix":6},"t":2,"h":{"a":0,"k":0,"ix":7},"a":{"a":0,"k":0,"ix":8},"nm":"Gradient Fill 1","mn":"ADBE Vector Graphic - G-Fill","hd":false},{"ty":"tr","p":{"a":0,"k":[0,0],"ix":2},"a":{"a":0,"k":[0,0],"ix":1},"s":{"a":0,"k":[100,100],"ix":3},"r":{"a":0,"k":0,"ix":6},"o":{"a":0,"k":100,"ix":7},"sk":{"a":0,"k":0,"ix":4},"sa":{"a":0,"k":0,"ix":5},"nm":"Transform"}],"nm":"Group 1","np":2,"cix":2,"bm":0,"ix":1,"mn":"ADBE Vector Group","hd":false}],"ip":0,"op":144,"st":0,"bm":0},{"ddd":0,"ind":12,"ty":4,"nm":"base shadow","parent":13,"tt":2,"sr":1,"ks":{"o":{"a":0,"k":100,"ix":11},"r":{"a":0,"k":0,"ix":10},"p":{"a":0,"k":[0,0,0],"ix":2,"l":2},"a":{"a":0,"k":[0,0,0],"ix":1,"l":2},"s":{"a":0,"k":[100,100,100],"ix":6,"l":2}},"ao":0,"shapes":[{"ty":"gr","it":[{"ind":0,"ty":"sh","ix":1,"ks":{"a":0,"k":{"i":[[15.4,0],[0,38.4],[-27.9,0],[-10.6,-9.3],[0,-16.9],[11.5,-10.2]],"o":[[-27.9,0],[0,-38.4],[15.5,0],[11.5,10.2],[0,16.9],[-10.6,9.3]],"v":[[0,55.9],[-58,0],[0,-55.9],[40.4,-41.5],[58,0],[40.4,41.4]],"c":true},"ix":2},"nm":"Path 1","mn":"ADBE Vector Shape - Group","hd":false},{"ty":"fl","c":{"a":0,"k":[0.921568627451,0.560784313725,0,1],"ix":4},"o":{"a":0,"k":100,"ix":5},"r":1,"bm":0,"nm":"Fill 1","mn":"ADBE Vector Graphic - Fill","hd":false},{"ty":"tr","p":{"a":0,"k":[0,0],"ix":2},"a":{"a":0,"k":[0,0],"ix":1},"s":{"a":0,"k":[100,100],"ix":3},"r":{"a":0,"k":0,"ix":6},"o":{"a":0,"k":100,"ix":7},"sk":{"a":0,"k":0,"ix":4},"sa":{"a":0,"k":0,"ix":5},"nm":"Transform"}],"nm":"Group 1","np":2,"cix":2,"bm":0,"ix":1,"mn":"ADBE Vector Group","hd":false}],"ip":0,"op":145,"st":0,"bm":0},{"ddd":0,"ind":13,"ty":4,"nm":"base normal","parent":1,"sr":1,"ks":{"o":{"a":0,"k":100,"ix":11},"r":{"a":0,"k":0,"ix":10},"p":{"a":0,"k":[0,0,0],"ix":2,"l":2},"a":{"a":0,"k":[0,0,0],"ix":1,"l":2},"s":{"a":0,"k":[800,800,100],"ix":6,"l":2}},"ao":0,"shapes":[{"ty":"gr","it":[{"ind":0,"ty":"sh","ix":1,"ks":{"a":0,"k":{"i":[[15.4,0],[0,38.4],[-27.9,0],[-10.6,-9.3],[0,-16.9],[11.5,-10.2]],"o":[[-27.9,0],[0,-38.4],[15.5,0],[11.5,10.2],[0,16.9],[-10.6,9.3]],"v":[[0,55.9],[-58,0],[0,-55.9],[40.4,-41.5],[58,0],[40.4,41.4]],"c":true},"ix":2},"nm":"Path 1","mn":"ADBE Vector Shape - Group","hd":false},{"ty":"gf","o":{"a":0,"k":100,"ix":10},"r":1,"bm":0,"g":{"p":5,"k":{"a":0,"k":[0.48,0.992,0.878,0.188,0.691,0.98,0.816,0.178,0.902,0.969,0.753,0.169,0.966,0.963,0.694,0.153,1,0.957,0.635,0.137],"ix":9}},"s":{"a":0,"k":[0,0],"ix":5},"e":{"a":0,"k":[56.225,0],"ix":6},"t":2,"h":{"a":0,"k":0,"ix":7},"a":{"a":0,"k":0,"ix":8},"nm":"Gradient Fill 1","mn":"ADBE Vector Graphic - G-Fill","hd":false},{"ty":"tr","p":{"a":0,"k":[0,0],"ix":2},"a":{"a":0,"k":[0,0],"ix":1},"s":{"a":0,"k":[100,100],"ix":3},"r":{"a":0,"k":0,"ix":6},"o":{"a":0,"k":100,"ix":7},"sk":{"a":0,"k":0,"ix":4},"sa":{"a":0,"k":0,"ix":5},"nm":"Transform"}],"nm":"Group 1","np":2,"cix":2,"bm":0,"ix":1,"mn":"ADBE Vector Group","hd":false}],"ip":0,"op":145,"st":0,"bm":0}],"markers":[{"tm":92,"cm":"rest","dr":0}]}