{"v":"5.8.1","fr":60,"ip":0,"op":170,"w":1024,"h":1024,"nm":"emoji_Face with crossed-out eyes remap","ddd":0,"assets":[{"id":"comp_0","nm":"Face with crossed-out eyes","fr":60,"layers":[{"ddd":0,"ind":1,"ty":3,"nm":"Null ALL","sr":1,"ks":{"o":{"a":0,"k":0,"ix":11},"r":{"a":1,"k":[{"i":{"x":[0.667],"y":[1]},"o":{"x":[0.333],"y":[0]},"t":-70,"s":[-7]},{"i":{"x":[0.513],"y":[1.075]},"o":{"x":[0.532],"y":[0.119]},"t":0,"s":[7]},{"i":{"x":[0.481],"y":[1]},"o":{"x":[0.468],"y":[0.072]},"t":60,"s":[-7]},{"t":120,"s":[7]}],"ix":10},"p":{"s":true,"x":{"a":1,"k":[{"i":{"x":[0.667],"y":[1]},"o":{"x":[0.333],"y":[0]},"t":-70,"s":[472]},{"i":{"x":[0.833],"y":[0.833]},"o":{"x":[0.732],"y":[0.026]},"t":0,"s":[554]},{"i":{"x":[0.36],"y":[1]},"o":{"x":[0.167],"y":[0.167]},"t":30,"s":[509.842]},{"i":{"x":[0.481],"y":[1]},"o":{"x":[0.46],"y":[0]},"t":60,"s":[472]},{"t":120,"s":[554]}],"ix":3},"y":{"a":1,"k":[{"i":{"x":[0.743],"y":[1]},"o":{"x":[0.333],"y":[0]},"t":-70,"s":[482]},{"i":{"x":[0.667],"y":[1]},"o":{"x":[0.24],"y":[0]},"t":-38,"s":[462]},{"i":{"x":[0.78],"y":[1]},"o":{"x":[0.732],"y":[-0.057]},"t":0,"s":[482]},{"i":{"x":[0.36],"y":[1]},"o":{"x":[0.23],"y":[0]},"t":30,"s":[502]},{"i":{"x":[0.667],"y":[1]},"o":{"x":[0.46],"y":[0]},"t":60,"s":[482]},{"i":{"x":[0.296],"y":[1]},"o":{"x":[0.333],"y":[0]},"t":90,"s":[462]},{"t":120,"s":[482]}],"ix":4}},"a":{"a":0,"k":[0,0,0],"ix":1,"l":2},"s":{"a":0,"k":[100,100,100],"ix":6,"l":2}},"ao":0,"ip":0,"op":122,"st":-100,"bm":0},{"ddd":0,"ind":2,"ty":1,"nm":"Null FACE","parent":1,"sr":1,"ks":{"o":{"a":0,"k":0,"ix":11},"r":{"a":1,"k":[{"i":{"x":[0.667],"y":[1]},"o":{"x":[0.333],"y":[0]},"t":-70,"s":[-7]},{"i":{"x":[0.833],"y":[0.833]},"o":{"x":[0.508],"y":[0.132]},"t":0,"s":[6]},{"i":{"x":[0.49],"y":[1.078]},"o":{"x":[0.167],"y":[0.167]},"t":30,"s":[0]},{"i":{"x":[0.481],"y":[1]},"o":{"x":[0.468],"y":[0.077]},"t":60,"s":[-7]},{"t":120,"s":[6]}],"ix":10},"p":{"s":true,"x":{"a":1,"k":[{"i":{"x":[0.743],"y":[0.503]},"o":{"x":[0.333],"y":[0]},"t":-70,"s":[-111.479]},{"i":{"x":[0.667],"y":[1]},"o":{"x":[0.24],"y":[0.5]},"t":-38,"s":[-15.502]},{"i":{"x":[0.774],"y":[0.452]},"o":{"x":[0.732],"y":[0.013]},"t":0,"s":[90.199]},{"i":{"x":[0.358],"y":[1.006]},"o":{"x":[0.233],"y":[0.46]},"t":30,"s":[-0.459]},{"i":{"x":[0.481],"y":[1]},"o":{"x":[0.468],"y":[0.005]},"t":60,"s":[-111.479]},{"t":120,"s":[90.199]}],"ix":3},"y":{"a":1,"k":[{"i":{"x":[0.743],"y":[1.014]},"o":{"x":[0.333],"y":[0]},"t":-70,"s":[-43.913]},{"i":{"x":[0.667],"y":[1]},"o":{"x":[0.24],"y":[0.014]},"t":-38,"s":[-68.562]},{"i":{"x":[0.774],"y":[1.008]},"o":{"x":[0.732],"y":[-0.026]},"t":0,"s":[-42.481]},{"i":{"x":[0.36],"y":[1.015]},"o":{"x":[0.233],"y":[0.008]},"t":30,"s":[0.797]},{"i":{"x":[0.667],"y":[1.006]},"o":{"x":[0.6],"y":[-0.01]},"t":60,"s":[-43.913]},{"i":{"x":[0.296],"y":[1]},"o":{"x":[0.333],"y":[0.006]},"t":90,"s":[-107.187]},{"t":120,"s":[-42.481]}],"ix":4}},"a":{"a":0,"k":[0,0,0],"ix":1,"l":2},"s":{"a":0,"k":[100,100,100],"ix":6,"l":2}},"ao":0,"sw":100,"sh":100,"sc":"#ffffff","ip":0,"op":122,"st":-100,"bm":0},{"ddd":0,"ind":3,"ty":4,"nm":"eyebrown","parent":2,"sr":1,"ks":{"o":{"a":0,"k":100,"ix":11},"r":{"a":0,"k":0,"ix":10},"p":{"a":0,"k":[221.8,-266.04,0],"ix":2,"l":2},"a":{"a":0,"k":[92.45,41.49,0],"ix":1,"l":2},"s":{"a":0,"k":[100,100,100],"ix":6,"l":2}},"ao":0,"shapes":[{"ty":"gr","it":[{"ind":0,"ty":"sh","ix":1,"ks":{"a":1,"k":[{"i":{"x":0.667,"y":1},"o":{"x":0.333,"y":0},"t":-70,"s":[{"i":[[-7.12,0.8],[0,0],[-38.8,-27.12],[13.6,14.4],[42.24,1.76],[15.12,-4.08],[-2.24,-7.84]],"o":[[0,0],[47.2,-2.72],[14.4,10.4],[-29.68,-30.08],[-15.6,-0.88],[-7.84,2.24],[1.92,6.96]],"v":[[-74.2,-6.76],[-74.2,-6.76],[58.6,30.84],[78.6,9.24],[-33.4,-40.36],[-79.8,-35.56],[-89.96,-17.4]],"c":true}]},{"i":{"x":0.833,"y":1},"o":{"x":0.75,"y":0},"t":0,"s":[{"i":[[-7.12,0.8],[0,0],[-25.181,-23.162],[13.6,14.4],[35.11,10.714],[15.12,-4.08],[-2.24,-7.84]],"o":[[0,0],[41.996,1.365],[14.4,10.4],[-14.789,-18.842],[-15.6,-0.88],[-7.84,2.24],[1.92,6.96]],"v":[[-47.891,-6.163],[-47.891,-6.163],[29.968,31.292],[39.249,5.496],[-18.297,-37.176],[-52.03,-35.3],[-63.651,-16.803]],"c":true}]},{"i":{"x":0.36,"y":1},"o":{"x":0.823,"y":0},"t":30,"s":[{"i":[[-7.12,0.8],[0,0],[-38.8,-27.12],[13.6,14.4],[42.24,1.76],[15.12,-4.08],[-2.24,-7.84]],"o":[[0,0],[47.2,-2.72],[14.4,10.4],[-29.68,-30.08],[-15.6,-0.88],[-7.84,2.24],[1.92,6.96]],"v":[[-71.733,-3.253],[-71.733,-3.253],[61.067,34.347],[81.067,12.747],[-30.933,-36.853],[-77.333,-32.053],[-87.493,-13.893]],"c":true}]},{"i":{"x":0.667,"y":1},"o":{"x":0.6,"y":0},"t":60,"s":[{"i":[[-7.12,0.8],[0,0],[-38.8,-27.12],[13.6,14.4],[42.24,1.76],[15.12,-4.08],[-2.24,-7.84]],"o":[[0,0],[47.2,-2.72],[14.4,10.4],[-29.68,-30.08],[-15.6,-0.88],[-7.84,2.24],[1.92,6.96]],"v":[[-74.2,-6.76],[-74.2,-6.76],[58.6,30.84],[78.6,9.24],[-33.4,-40.36],[-79.8,-35.56],[-89.96,-17.4]],"c":true}]},{"i":{"x":0.48,"y":1},"o":{"x":0.333,"y":0},"t":90,"s":[{"i":[[-7.12,0.8],[0,0],[-38.8,-27.12],[13.6,14.4],[42.24,1.76],[15.12,-4.08],[-2.24,-7.84]],"o":[[0,0],[47.2,-2.72],[14.4,10.4],[-29.68,-30.08],[-15.6,-0.88],[-7.84,2.24],[1.92,6.96]],"v":[[-71.2,-6.748],[-71.2,-6.748],[61.6,30.852],[81.6,9.252],[-30.4,-40.348],[-76.8,-35.548],[-86.96,-17.388]],"c":true}]},{"t":120,"s":[{"i":[[-7.12,0.8],[0,0],[-25.181,-23.162],[13.6,14.4],[35.11,10.714],[15.12,-4.08],[-2.24,-7.84]],"o":[[0,0],[41.996,1.365],[14.4,10.4],[-14.789,-18.842],[-15.6,-0.88],[-7.84,2.24],[1.92,6.96]],"v":[[-47.891,-6.163],[-47.891,-6.163],[29.968,31.292],[39.249,5.496],[-18.297,-37.176],[-52.03,-35.3],[-63.651,-16.803]],"c":true}]}],"ix":2},"nm":"Path 1","mn":"ADBE Vector Shape - Group","hd":false},{"ty":"fl","c":{"a":0,"k":[0.258999992819,0.169000004787,0.051000000449,1],"ix":4},"o":{"a":0,"k":100,"ix":5},"r":1,"bm":0,"nm":"Fill 1","mn":"ADBE Vector Graphic - Fill","hd":false},{"ty":"tr","p":{"a":0,"k":[92.45,41.49],"ix":2},"a":{"a":0,"k":[0,0],"ix":1},"s":{"a":0,"k":[100,100],"ix":3},"r":{"a":0,"k":0,"ix":6},"o":{"a":0,"k":100,"ix":7},"sk":{"a":0,"k":0,"ix":4},"sa":{"a":0,"k":0,"ix":5},"nm":"Transform"}],"nm":"Group 1","np":2,"cix":2,"bm":0,"ix":1,"mn":"ADBE Vector Group","hd":false}],"ip":0,"op":122,"st":-100,"bm":0},{"ddd":0,"ind":4,"ty":4,"nm":"eyebrown","parent":2,"sr":1,"ks":{"o":{"a":0,"k":100,"ix":11},"r":{"a":0,"k":0,"ix":10},"p":{"a":0,"k":[-215.2,-266.04,0],"ix":2,"l":2},"a":{"a":0,"k":[95.85,41.49,0],"ix":1,"l":2},"s":{"a":0,"k":[100,100,100],"ix":6,"l":2}},"ao":0,"shapes":[{"ty":"gr","it":[{"ind":0,"ty":"sh","ix":1,"ks":{"a":1,"k":[{"i":{"x":0.667,"y":1},"o":{"x":0.333,"y":0},"t":-70,"s":[{"i":[[-28.876,-3.399],[0,0],[11.688,5.909],[9.638,-0.627],[19.039,-29.75],[-9.149,10.163]],"o":[[0,0],[11.299,1.898],[-9.213,-4.323],[-26.127,0.914],[-8.761,14.175],[24.475,-26.326]],"v":[[77.946,-2.454],[77.946,-2.454],[82.647,-31.14],[54.173,-36.69],[-16.164,11.079],[-4.403,32.995]],"c":true}]},{"i":{"x":0.667,"y":1},"o":{"x":0.75,"y":0},"t":0,"s":[{"i":[[-46.96,-2.64],[0,0],[19.2,5.6],[15.6,-0.88],[29.6,-30.24],[-14.4,10.4]],"o":[[0,0],[18.4,1.6],[-15.12,-4.08],[-42.32,1.6],[-13.6,14.4],[38.56,-26.96]],"v":[[96.891,-2.959],[96.891,-2.959],[103.291,-31.759],[56.891,-36.559],[-55.109,13.041],[-35.109,34.641]],"c":true}]},{"i":{"x":0.36,"y":1},"o":{"x":0.333,"y":0},"t":30,"s":[{"i":[[-46.96,-2.64],[0,0],[19.2,5.6],[15.6,-0.88],[29.6,-30.24],[-14.4,10.4]],"o":[[0,0],[18.4,1.6],[-15.12,-4.08],[-42.32,1.6],[-13.6,14.4],[38.56,-26.96]],"v":[[73.004,-7.748],[73.004,-7.748],[79.404,-36.548],[33.004,-41.348],[-78.996,8.252],[-58.996,29.852]],"c":true}]},{"i":{"x":0.667,"y":1},"o":{"x":0.6,"y":0},"t":60,"s":[{"i":[[-28.876,-3.399],[0,0],[11.688,5.909],[9.638,-0.627],[19.039,-29.75],[-9.149,10.163]],"o":[[0,0],[11.299,1.898],[-9.213,-4.323],[-26.127,0.914],[-8.761,14.175],[24.475,-26.326]],"v":[[75.035,-3.18],[75.035,-3.18],[79.736,-31.866],[51.262,-37.416],[-19.075,10.353],[-7.314,32.27]],"c":true}]},{"i":{"x":0.48,"y":1},"o":{"x":0.333,"y":0},"t":90,"s":[{"i":[[-46.96,-2.64],[0,0],[19.2,5.6],[15.6,-0.88],[29.6,-30.24],[-14.4,10.4]],"o":[[0,0],[18.4,1.6],[-15.12,-4.08],[-42.32,1.6],[-13.6,14.4],[38.56,-26.96]],"v":[[73.004,-7.748],[73.004,-7.748],[79.404,-36.548],[33.004,-41.348],[-78.996,8.252],[-58.996,29.852]],"c":true}]},{"t":120,"s":[{"i":[[-46.96,-2.64],[0,0],[19.2,5.6],[15.6,-0.88],[29.6,-30.24],[-14.4,10.4]],"o":[[0,0],[18.4,1.6],[-15.12,-4.08],[-42.32,1.6],[-13.6,14.4],[38.56,-26.96]],"v":[[96.891,-2.959],[96.891,-2.959],[103.291,-31.759],[56.891,-36.559],[-55.109,13.041],[-35.109,34.641]],"c":true}]}],"ix":2},"nm":"Path 1","mn":"ADBE Vector Shape - Group","hd":false},{"ty":"fl","c":{"a":0,"k":[0.258999992819,0.169000004787,0.051000000449,1],"ix":4},"o":{"a":0,"k":100,"ix":5},"r":1,"bm":0,"nm":"Fill 1","mn":"ADBE Vector Graphic - Fill","hd":false},{"ty":"tr","p":{"a":0,"k":[95.85,41.49],"ix":2},"a":{"a":0,"k":[0,0],"ix":1},"s":{"a":0,"k":[100,100],"ix":3},"r":{"a":0,"k":0,"ix":6},"o":{"a":0,"k":100,"ix":7},"sk":{"a":0,"k":0,"ix":4},"sa":{"a":0,"k":0,"ix":5},"nm":"Transform"}],"nm":"Group 1","np":2,"cix":2,"bm":0,"ix":1,"mn":"ADBE Vector Group","hd":false}],"ip":0,"op":122,"st":-100,"bm":0},{"ddd":0,"ind":5,"ty":4,"nm":"eye 1","parent":2,"sr":1,"ks":{"o":{"a":0,"k":100,"ix":11},"r":{"a":0,"k":0,"ix":10},"p":{"a":0,"k":[194.96,-46.92,0],"ix":2,"l":2},"a":{"a":0,"k":[123.77,117.89,0],"ix":1,"l":2},"s":{"a":0,"k":[100,100,100],"ix":6,"l":2}},"ao":0,"shapes":[{"ty":"gr","it":[{"ind":0,"ty":"sh","ix":1,"ks":{"a":1,"k":[{"i":{"x":0.667,"y":1},"o":{"x":0.333,"y":0},"t":-70,"s":[{"i":[[0,0],[0,0],[-9.598,9.76],[-12.48,-14.354],[-0.66,-1.189],[0,0],[0,0],[-0.862,1.054],[-9.854,-15.118],[11.838,-9.799],[0,0],[0,0],[9.598,-9.841],[12.559,14.273],[0.659,1.189],[0,0],[0,0],[0.942,-1.055],[9.932,15.037],[-11.758,9.797]],"o":[[0,0],[-9.797,-11.758],[12.506,-13.01],[0.66,1.189],[0,0],[0,0],[0.862,-1.054],[15.007,-11.772],[7.55,11.396],[0,0],[0,0],[9.877,11.757],[-12.343,13.088],[-0.74,-1.187],[0,0],[0,0],[-0.863,1.054],[-14.845,11.849],[-7.711,-11.394],[0,0]],"v":[[-29.191,10.314],[-97.91,-51.51],[-99.817,-89.083],[-52.302,-84.994],[-50.416,-82.305],[-1.261,-13.355],[62.761,-74.99],[65.043,-77.268],[112.572,-72.378],[103.579,-35.823],[20.893,14.921],[92.542,79.736],[94.688,117.305],[47.179,113.536],[45.294,110.848],[-6.477,38.58],[-67.024,97.516],[-69.385,99.875],[-116.828,95.305],[-108.157,58.676]],"c":true}]},{"i":{"x":0.667,"y":1},"o":{"x":0.75,"y":0},"t":0,"s":[{"i":[[0,0],[0,0],[-9.623,9.238],[-11.142,-14.998],[-0.566,-1.223],[0,0],[0,0],[-0.881,1.006],[-8.514,-15.618],[11.84,-9.152],[0,0],[0,0],[9.709,-9.474],[11.222,14.922],[0.643,1.226],[0,0],[0,0],[0.881,-1.007],[8.671,15.545],[-11.763,9.157]],"o":[[0,0],[-8.721,-12.264],[12.652,-12.323],[0.566,1.223],[0,0],[0,0],[0.958,-1.004],[14.896,-10.956],[6.671,11.785],[0,0],[0,0],[8.573,12.099],[-12.577,12.407],[-0.566,-1.222],[0,0],[0,0],[-0.958,1.004],[-14.823,11.038],[-6.67,-11.784],[0,0]],"v":[[-24.389,-6.401],[-89.446,-66.028],[-89.303,-103.65],[-44.063,-97.029],[-42.484,-94.246],[3.272,-29.521],[44.381,-87.371],[46.761,-89.521],[91.818,-82.106],[81.32,-46.083],[22.604,2.076],[84.151,69.345],[84.085,106.97],[38.832,100.668],[37.177,97.883],[-4.002,24.009],[-67.958,84.428],[-70.342,86.658],[-115.488,79.56],[-105.14,43.45]],"c":true}]},{"i":{"x":0.36,"y":1},"o":{"x":0.333,"y":0},"t":30,"s":[{"i":[[0,0],[0,0],[-9.76,9.6],[-12.24,-14.56],[-0.64,-1.2],[0,0],[0,0],[-0.88,1.04],[-9.6,-15.28],[12,-9.6],[0,0],[0,0],[9.76,-9.68],[12.32,14.48],[0.64,1.2],[0,0],[0,0],[0.96,-1.04],[9.68,15.199],[-11.92,9.6]],"o":[[0,0],[-9.6,-11.92],[12.72,-12.8],[0.64,1.2],[0,0],[0,0],[0.88,-1.04],[15.2,-11.52],[7.36,11.52],[0,0],[0,0],[9.68,11.92],[-12.56,12.88],[-0.72,-1.2],[0,0],[0,0],[-0.88,1.04],[-15.04,11.6],[-7.52,-11.521],[0,0]],"v":[[-24.979,-2.267],[-92.659,-65.227],[-93.939,-102.827],[-46.499,-97.947],[-44.659,-95.227],[3.341,-25.467],[67.867,-84.531],[70.187,-86.772],[117.627,-81.091],[108.027,-44.692],[25.021,3.173],[93.567,70.654],[95.087,108.254],[47.647,103.694],[45.807,100.974],[-2.739,26.373],[-64.259,84.294],[-66.659,86.613],[-114.019,81.254],[-104.739,44.773]],"c":true}]},{"i":{"x":0.667,"y":1},"o":{"x":0.6,"y":0},"t":60,"s":[{"i":[[0,0],[0,0],[-9.598,9.76],[-12.48,-14.354],[-0.66,-1.189],[0,0],[0,0],[-0.862,1.054],[-9.854,-15.118],[11.838,-9.799],[0,0],[0,0],[9.598,-9.841],[12.559,14.273],[0.659,1.189],[0,0],[0,0],[0.942,-1.055],[9.932,15.037],[-11.758,9.797]],"o":[[0,0],[-9.797,-11.758],[12.506,-13.01],[0.66,1.189],[0,0],[0,0],[0.862,-1.054],[15.007,-11.772],[7.55,11.396],[0,0],[0,0],[9.877,11.757],[-12.343,13.088],[-0.74,-1.187],[0,0],[0,0],[-0.863,1.054],[-14.845,11.849],[-7.711,-11.394],[0,0]],"v":[[-29.191,10.314],[-97.91,-51.51],[-99.817,-89.083],[-52.302,-84.994],[-50.416,-82.305],[-1.261,-13.355],[62.761,-74.99],[65.043,-77.268],[112.572,-72.378],[103.579,-35.823],[20.893,14.921],[92.542,79.736],[94.688,117.305],[47.179,113.536],[45.294,110.848],[-6.477,38.58],[-67.024,97.516],[-69.385,99.875],[-116.828,95.305],[-108.157,58.676]],"c":true}]},{"i":{"x":0.48,"y":1},"o":{"x":0.333,"y":0},"t":90,"s":[{"i":[[0,0],[0,0],[-9.76,9.6],[-12.24,-14.56],[-0.64,-1.2],[0,0],[0,0],[-0.88,1.04],[-9.6,-15.28],[12,-9.6],[0,0],[0,0],[9.76,-9.68],[12.32,14.48],[0.64,1.2],[0,0],[0,0],[0.96,-1.04],[9.68,15.199],[-11.92,9.6]],"o":[[0,0],[-9.6,-11.92],[12.72,-12.8],[0.64,1.2],[0,0],[0,0],[0.88,-1.04],[15.2,-11.52],[7.36,11.52],[0,0],[0,0],[9.68,11.92],[-12.56,12.88],[-0.72,-1.2],[0,0],[0,0],[-0.88,1.04],[-15.04,11.6],[-7.52,-11.521],[0,0]],"v":[[-25.96,-4.276],[-93.64,-67.236],[-94.92,-104.836],[-47.48,-99.956],[-45.64,-97.236],[2.36,-27.476],[67.4,-88.036],[69.72,-90.276],[117.16,-84.596],[107.56,-48.196],[24.04,1.164],[94.6,67.164],[96.12,104.764],[48.68,100.204],[46.84,97.484],[-3.72,24.364],[-65.24,82.285],[-67.64,84.604],[-115,79.245],[-105.72,42.764]],"c":true}]},{"t":120,"s":[{"i":[[0,0],[0,0],[-9.623,9.238],[-11.142,-14.998],[-0.566,-1.223],[0,0],[0,0],[-0.881,1.006],[-8.514,-15.618],[11.84,-9.152],[0,0],[0,0],[9.709,-9.474],[11.222,14.922],[0.643,1.226],[0,0],[0,0],[0.881,-1.007],[8.671,15.545],[-11.763,9.157]],"o":[[0,0],[-8.721,-12.264],[12.652,-12.323],[0.566,1.223],[0,0],[0,0],[0.958,-1.004],[14.896,-10.956],[6.671,11.785],[0,0],[0,0],[8.573,12.099],[-12.577,12.407],[-0.566,-1.222],[0,0],[0,0],[-0.958,1.004],[-14.823,11.038],[-6.67,-11.784],[0,0]],"v":[[-24.389,-6.401],[-89.446,-66.028],[-89.303,-103.65],[-44.063,-97.029],[-42.484,-94.246],[3.272,-29.521],[44.381,-87.371],[46.761,-89.521],[91.818,-82.106],[81.32,-46.083],[22.604,2.076],[84.151,69.345],[84.085,106.97],[38.832,100.668],[37.177,97.883],[-4.002,24.009],[-67.958,84.428],[-70.342,86.658],[-115.488,79.56],[-105.14,43.45]],"c":true}]}],"ix":2},"nm":"Path 1","mn":"ADBE Vector Shape - Group","hd":false},{"ty":"fl","c":{"a":0,"k":[0.258999992819,0.169000004787,0.051000000449,1],"ix":4},"o":{"a":0,"k":100,"ix":5},"r":1,"bm":0,"nm":"Fill 1","mn":"ADBE Vector Graphic - Fill","hd":false},{"ty":"tr","p":{"a":0,"k":[123.77,117.89],"ix":2},"a":{"a":0,"k":[0,0],"ix":1},"s":{"a":0,"k":[100,100],"ix":3},"r":{"a":0,"k":0,"ix":6},"o":{"a":0,"k":100,"ix":7},"sk":{"a":0,"k":0,"ix":4},"sa":{"a":0,"k":0,"ix":5},"nm":"Transform"}],"nm":"Group 1","np":2,"cix":2,"bm":0,"ix":1,"mn":"ADBE Vector Group","hd":false}],"ip":0,"op":122,"st":-100,"bm":0},{"ddd":0,"ind":6,"ty":4,"nm":"eye 2","parent":2,"sr":1,"ks":{"o":{"a":0,"k":100,"ix":11},"r":{"a":0,"k":0,"ix":10},"p":{"a":0,"k":[-166.8,-46.92,0],"ix":2,"l":2},"a":{"a":0,"k":[123.69,117.89,0],"ix":1,"l":2},"s":{"a":0,"k":[100,100,100],"ix":6,"l":2}},"ao":0,"shapes":[{"ty":"gr","it":[{"ind":0,"ty":"sh","ix":1,"ks":{"a":1,"k":[{"i":{"x":0.667,"y":1},"o":{"x":0.333,"y":0},"t":-70,"s":[{"i":[[0,0],[0,0],[8.74,10.076],[12.463,-13.92],[0.675,-1.166],[0,0],[0,0],[0.787,1.082],[9.903,-14.777],[-10.956,-10.194],[0,0],[0,0],[-8.804,-10.32],[-12.535,13.837],[-0.751,1.163],[0,0],[0,0],[-0.785,-1.083],[-10.052,14.69],[10.88,10.191]],"o":[[0,0],[9.802,-11.417],[-11.475,-13.425],[-0.675,1.166],[0,0],[0,0],[-0.862,-1.087],[-13.835,-12.269],[-7.717,11.128],[0,0],[0,0],[-9.64,11.267],[11.394,13.502],[0.675,-1.165],[0,0],[0,0],[0.863,1.087],[13.755,12.344],[7.717,-11.127],[0,0]],"v":[[27.171,2.477],[95.157,-56.972],[98.445,-94.45],[52.79,-91.981],[50.964,-89.353],[1.419,-22.119],[-34.289,-96.126],[-36.464,-98.483],[-82.008,-95.207],[-74.839,-58.377],[-21.036,5.372],[-91.935,67.71],[-95.299,105.184],[-49.661,103.034],[-47.759,100.411],[4.41,29.952],[60.042,90.899],[62.213,93.337],[107.818,90.384],[100.805,53.481]],"c":true}]},{"i":{"x":0.667,"y":1},"o":{"x":0.75,"y":0},"t":0,"s":[{"i":[[0,0],[0,0],[9.68,9.6],[12.24,-14.56],[0.64,-1.2],[0,0],[0,0],[0.88,1.04],[9.52,-15.28],[-12,-9.6],[0,0],[0,0],[-9.76,-9.84],[-12.32,14.48],[-0.72,1.199],[0,0],[0,0],[-0.88,-1.04],[-9.68,15.2],[11.92,9.6]],"o":[[0,0],[9.6,-11.92],[-12.72,-12.8],[-0.64,1.2],[0,0],[0,0],[-0.96,-1.04],[-15.12,-11.52],[-7.44,11.52],[0,0],[0,0],[-9.44,11.76],[12.64,12.88],[0.64,-1.2],[0,0],[0,0],[0.96,1.04],[15.04,11.6],[7.44,-11.521],[0,0]],"v":[[25.982,8.331],[93.662,-54.629],[95.022,-92.229],[47.502,-87.349],[45.742,-84.629],[-2.258,-14.869],[-67.218,-75.429],[-69.618,-77.669],[-116.978,-71.989],[-107.458,-35.589],[-24.178,13.771],[-94.738,79.771],[-96.178,117.371],[-48.658,112.811],[-46.818,110.092],[3.742,36.971],[65.182,94.892],[67.582,97.211],[115.022,91.852],[105.662,55.371]],"c":true}]},{"i":{"x":0.36,"y":1},"o":{"x":0.333,"y":0},"t":30,"s":[{"i":[[0,0],[0,0],[9.68,9.6],[12.24,-14.56],[0.64,-1.2],[0,0],[0,0],[0.88,1.04],[9.52,-15.28],[-12,-9.6],[0,0],[0,0],[-9.76,-9.84],[-12.32,14.48],[-0.72,1.199],[0,0],[0,0],[-0.88,-1.04],[-9.68,15.2],[11.92,9.6]],"o":[[0,0],[9.6,-11.92],[-12.72,-12.8],[-0.64,1.2],[0,0],[0,0],[-0.96,-1.04],[-15.12,-11.52],[-7.44,11.52],[0,0],[0,0],[-9.44,11.76],[12.64,12.88],[0.64,-1.2],[0,0],[0,0],[0.96,1.04],[15.04,11.6],[7.44,-11.521],[0,0]],"v":[[26.96,-4.28],[94.64,-67.24],[96,-104.84],[48.48,-99.96],[46.72,-97.24],[-1.28,-27.48],[-66.24,-88.04],[-68.64,-90.28],[-116,-84.6],[-106.48,-48.2],[-23.2,1.16],[-93.76,67.16],[-95.2,104.76],[-47.68,100.2],[-45.84,97.481],[4.72,24.36],[66.16,82.281],[68.56,84.6],[116,79.241],[106.64,42.76]],"c":true}]},{"i":{"x":0.667,"y":1},"o":{"x":0.6,"y":0},"t":60,"s":[{"i":[[0,0],[0,0],[8.74,10.076],[12.463,-13.92],[0.675,-1.166],[0,0],[0,0],[0.787,1.082],[9.903,-14.777],[-10.956,-10.194],[0,0],[0,0],[-8.804,-10.32],[-12.535,13.837],[-0.751,1.163],[0,0],[0,0],[-0.785,-1.083],[-10.052,14.69],[10.88,10.191]],"o":[[0,0],[9.802,-11.417],[-11.475,-13.425],[-0.675,1.166],[0,0],[0,0],[-0.862,-1.087],[-13.835,-12.269],[-7.717,11.128],[0,0],[0,0],[-9.64,11.267],[11.394,13.502],[0.675,-1.165],[0,0],[0,0],[0.863,1.087],[13.755,12.344],[7.717,-11.127],[0,0]],"v":[[25.228,-2.13],[95.157,-56.972],[98.445,-94.45],[52.79,-91.981],[50.964,-89.353],[-0.524,-26.726],[-42.528,-83.751],[-44.702,-86.108],[-90.247,-82.833],[-83.077,-46.002],[-22.98,0.765],[-84.662,63.339],[-88.026,100.814],[-42.388,98.664],[-40.486,96.041],[2.467,25.345],[60.042,90.899],[62.213,93.337],[107.818,90.384],[100.805,53.481]],"c":true}]},{"i":{"x":0.48,"y":1},"o":{"x":0.333,"y":0},"t":90,"s":[{"i":[[0,0],[0,0],[9.68,9.6],[12.24,-14.56],[0.64,-1.2],[0,0],[0,0],[0.88,1.04],[9.52,-15.28],[-12,-9.6],[0,0],[0,0],[-9.76,-9.84],[-12.32,14.48],[-0.72,1.199],[0,0],[0,0],[-0.88,-1.04],[-9.68,15.2],[11.92,9.6]],"o":[[0,0],[9.6,-11.92],[-12.72,-12.8],[-0.64,1.2],[0,0],[0,0],[-0.96,-1.04],[-15.12,-11.52],[-7.44,11.52],[0,0],[0,0],[-9.44,11.76],[12.64,12.88],[0.64,-1.2],[0,0],[0,0],[0.96,1.04],[15.04,11.6],[7.44,-11.521],[0,0]],"v":[[26.96,-4.28],[94.64,-67.24],[96,-104.84],[48.48,-99.96],[46.72,-97.24],[-1.28,-27.48],[-66.24,-88.04],[-68.64,-90.28],[-116,-84.6],[-106.48,-48.2],[-23.2,1.16],[-93.76,67.16],[-95.2,104.76],[-47.68,100.2],[-45.84,97.481],[4.72,24.36],[66.16,82.281],[68.56,84.6],[116,79.241],[106.64,42.76]],"c":true}]},{"t":120,"s":[{"i":[[0,0],[0,0],[9.68,9.6],[12.24,-14.56],[0.64,-1.2],[0,0],[0,0],[0.88,1.04],[9.52,-15.28],[-12,-9.6],[0,0],[0,0],[-9.76,-9.84],[-12.32,14.48],[-0.72,1.199],[0,0],[0,0],[-0.88,-1.04],[-9.68,15.2],[11.92,9.6]],"o":[[0,0],[9.6,-11.92],[-12.72,-12.8],[-0.64,1.2],[0,0],[0,0],[-0.96,-1.04],[-15.12,-11.52],[-7.44,11.52],[0,0],[0,0],[-9.44,11.76],[12.64,12.88],[0.64,-1.2],[0,0],[0,0],[0.96,1.04],[15.04,11.6],[7.44,-11.521],[0,0]],"v":[[25.982,8.331],[93.662,-54.629],[95.022,-92.229],[47.502,-87.349],[45.742,-84.629],[-2.258,-14.869],[-67.218,-75.429],[-69.618,-77.669],[-116.978,-71.989],[-107.458,-35.589],[-24.178,13.771],[-94.738,79.771],[-96.178,117.371],[-48.658,112.811],[-46.818,110.092],[3.742,36.971],[65.182,94.892],[67.582,97.211],[115.022,91.852],[105.662,55.371]],"c":true}]}],"ix":2},"nm":"Path 1","mn":"ADBE Vector Shape - Group","hd":false},{"ty":"fl","c":{"a":0,"k":[0.258999992819,0.169000004787,0.051000000449,1],"ix":4},"o":{"a":0,"k":100,"ix":5},"r":1,"bm":0,"nm":"Fill 1","mn":"ADBE Vector Graphic - Fill","hd":false},{"ty":"tr","p":{"a":0,"k":[123.69,117.89],"ix":2},"a":{"a":0,"k":[0,0],"ix":1},"s":{"a":0,"k":[100,100],"ix":3},"r":{"a":0,"k":0,"ix":6},"o":{"a":0,"k":100,"ix":7},"sk":{"a":0,"k":0,"ix":4},"sa":{"a":0,"k":0,"ix":5},"nm":"Transform"}],"nm":"Group 1","np":2,"cix":2,"bm":0,"ix":1,"mn":"ADBE Vector Group","hd":false}],"ip":0,"op":122,"st":-100,"bm":0},{"ddd":0,"ind":7,"ty":4,"nm":"mouth","parent":2,"sr":1,"ks":{"o":{"a":0,"k":100,"ix":11},"r":{"a":0,"k":0,"ix":10},"p":{"a":0,"k":[2,223.4,0],"ix":2,"l":2},"a":{"a":0,"k":[148.73,111.65,0],"ix":1,"l":2},"s":{"a":0,"k":[100,100,100],"ix":6,"l":2}},"ao":0,"shapes":[{"ty":"gr","it":[{"ind":0,"ty":"sh","ix":1,"ks":{"a":1,"k":[{"i":{"x":0.667,"y":1},"o":{"x":0.333,"y":0},"t":-70,"s":[{"i":[[-13.514,-59.81],[59.936,-13.542],[13.46,59.573],[-59.935,13.542]],"o":[[13.514,59.81],[-59.935,13.542],[-13.461,-59.573],[59.936,-13.542]],"v":[[103.999,-2.07],[16.865,117.137],[-113.055,46.972],[-32.786,-102.613]],"c":true}]},{"i":{"x":0.667,"y":1},"o":{"x":0.333,"y":0},"t":-38,"s":[{"i":[[0,-60.64],[82,0],[0,60.4],[-82,0]],"o":[[0,60.641],[-82,0],[0,-60.399],[82,0]],"v":[[148.48,15.4],[0,111.4],[-148.48,15.4],[0,-111.4]],"c":true}]},{"i":{"x":0.667,"y":1},"o":{"x":0.75,"y":0},"t":0,"s":[{"i":[[0,-60.64],[82,0],[0,60.4],[-82,0]],"o":[[0,60.641],[-82,0],[0,-60.399],[82,0]],"v":[[146.157,23.12],[18.289,119.493],[-134.088,24.393],[18.289,-103.307]],"c":true}]},{"i":{"x":0.36,"y":1},"o":{"x":0.167,"y":0},"t":30,"s":[{"i":[[0,-60.64],[82,0],[0,60.4],[-82,0]],"o":[[0,60.641],[-82,0],[0,-60.399],[82,0]],"v":[[148.48,15.4],[0,111.4],[-148.48,15.4],[0,-111.4]],"c":true}]},{"i":{"x":0.667,"y":1},"o":{"x":0.6,"y":0},"t":60,"s":[{"i":[[0,-60.64],[82,0],[0,60.4],[-82,0]],"o":[[0,60.641],[-82,0],[0,-60.399],[82,0]],"v":[[134.67,37.722],[-11.633,124.989],[-140.465,32.858],[-11.633,-97.811]],"c":true}]},{"i":{"x":0.48,"y":1},"o":{"x":0.167,"y":0},"t":90,"s":[{"i":[[0,-60.64],[82,0],[0,60.4],[-82,0]],"o":[[0,60.641],[-82,0],[0,-60.399],[82,0]],"v":[[128.743,27.827],[0.602,139.394],[-128.227,26.967],[-0.086,-115.399]],"c":true}]},{"t":120,"s":[{"i":[[0,-60.64],[82,0],[0,60.4],[-82,0]],"o":[[0,60.641],[-82,0],[0,-60.399],[82,0]],"v":[[146.157,23.12],[18.289,119.493],[-134.088,24.393],[18.289,-103.307]],"c":true}]}],"ix":2},"nm":"Path 1","mn":"ADBE Vector Shape - Group","hd":false},{"ty":"fl","c":{"a":0,"k":[0.258999992819,0.169000004787,0.051000000449,1],"ix":4},"o":{"a":0,"k":100,"ix":5},"r":1,"bm":0,"nm":"Fill 1","mn":"ADBE Vector Graphic - Fill","hd":false},{"ty":"tr","p":{"a":0,"k":[148.73,111.65],"ix":2},"a":{"a":0,"k":[0,0],"ix":1},"s":{"a":0,"k":[100,100],"ix":3},"r":{"a":0,"k":0,"ix":6},"o":{"a":0,"k":100,"ix":7},"sk":{"a":0,"k":0,"ix":4},"sa":{"a":0,"k":0,"ix":5},"nm":"Transform"}],"nm":"Group 1","np":2,"cix":2,"bm":0,"ix":1,"mn":"ADBE Vector Group","hd":false}],"ip":0,"op":122,"st":-100,"bm":0},{"ddd":0,"ind":8,"ty":4,"nm":"base matte","parent":10,"td":1,"sr":1,"ks":{"o":{"a":0,"k":100,"ix":11},"r":{"a":0,"k":0,"ix":10},"p":{"a":0,"k":[-2,-3,0],"ix":2,"l":2},"a":{"a":0,"k":[0,0,0],"ix":1,"l":2},"s":{"a":0,"k":[100,100,100],"ix":6,"l":2}},"ao":0,"shapes":[{"ty":"gr","it":[{"ind":0,"ty":"sh","ix":1,"ks":{"a":0,"k":{"i":[[15.4,0],[0,38.4],[-27.9,0],[-10.6,-9.3],[0,-16.9],[11.5,-10.2]],"o":[[-27.9,0],[0,-38.4],[15.5,0],[11.5,10.2],[0,16.9],[-10.6,9.3]],"v":[[0,55.9],[-58,0],[0,-55.9],[40.4,-41.5],[58,0],[40.4,41.4]],"c":true},"ix":2},"nm":"Path 1","mn":"ADBE Vector Shape - Group","hd":false},{"ty":"gf","o":{"a":0,"k":100,"ix":10},"r":1,"bm":0,"g":{"p":5,"k":{"a":0,"k":[0.48,0.992,0.878,0.188,0.691,0.98,0.816,0.178,0.902,0.969,0.753,0.169,0.966,0.963,0.694,0.153,1,0.957,0.635,0.137],"ix":9}},"s":{"a":0,"k":[0,0],"ix":5},"e":{"a":0,"k":[56.225,0],"ix":6},"t":2,"h":{"a":0,"k":0,"ix":7},"a":{"a":0,"k":0,"ix":8},"nm":"Gradient Fill 1","mn":"ADBE Vector Graphic - G-Fill","hd":false},{"ty":"tr","p":{"a":0,"k":[0,0],"ix":2},"a":{"a":0,"k":[0,0],"ix":1},"s":{"a":0,"k":[100,100],"ix":3},"r":{"a":0,"k":0,"ix":6},"o":{"a":0,"k":100,"ix":7},"sk":{"a":0,"k":0,"ix":4},"sa":{"a":0,"k":0,"ix":5},"nm":"Transform"}],"nm":"Group 1","np":2,"cix":2,"bm":0,"ix":1,"mn":"ADBE Vector Group","hd":false}],"ip":0,"op":122,"st":0,"bm":0},{"ddd":0,"ind":9,"ty":4,"nm":"base shadow","parent":10,"tt":2,"sr":1,"ks":{"o":{"a":0,"k":100,"ix":11},"r":{"a":0,"k":0,"ix":10},"p":{"a":0,"k":[0,0,0],"ix":2,"l":2},"a":{"a":0,"k":[0,0,0],"ix":1,"l":2},"s":{"a":0,"k":[100,100,100],"ix":6,"l":2}},"ao":0,"shapes":[{"ty":"gr","it":[{"ind":0,"ty":"sh","ix":1,"ks":{"a":0,"k":{"i":[[15.4,0],[0,38.4],[-27.9,0],[-10.6,-9.3],[0,-16.9],[11.5,-10.2]],"o":[[-27.9,0],[0,-38.4],[15.5,0],[11.5,10.2],[0,16.9],[-10.6,9.3]],"v":[[0,55.9],[-58,0],[0,-55.9],[40.4,-41.5],[58,0],[40.4,41.4]],"c":true},"ix":2},"nm":"Path 1","mn":"ADBE Vector Shape - Group","hd":false},{"ty":"fl","c":{"a":0,"k":[0.921568627451,0.560784313725,0,1],"ix":4},"o":{"a":0,"k":100,"ix":5},"r":1,"bm":0,"nm":"Fill 1","mn":"ADBE Vector Graphic - Fill","hd":false},{"ty":"tr","p":{"a":0,"k":[0,0],"ix":2},"a":{"a":0,"k":[0,0],"ix":1},"s":{"a":0,"k":[100,100],"ix":3},"r":{"a":0,"k":0,"ix":6},"o":{"a":0,"k":100,"ix":7},"sk":{"a":0,"k":0,"ix":4},"sa":{"a":0,"k":0,"ix":5},"nm":"Transform"}],"nm":"Group 1","np":2,"cix":2,"bm":0,"ix":1,"mn":"ADBE Vector Group","hd":false}],"ip":0,"op":122,"st":0,"bm":0},{"ddd":0,"ind":10,"ty":4,"nm":"base normal","parent":1,"sr":1,"ks":{"o":{"a":0,"k":100,"ix":11},"r":{"a":0,"k":0,"ix":10},"p":{"a":0,"k":[0,0,0],"ix":2,"l":2},"a":{"a":0,"k":[0,0,0],"ix":1,"l":2},"s":{"a":0,"k":[800,800,100],"ix":6,"l":2}},"ao":0,"shapes":[{"ty":"gr","it":[{"ind":0,"ty":"sh","ix":1,"ks":{"a":0,"k":{"i":[[15.4,0],[0,38.4],[-27.9,0],[-10.6,-9.3],[0,-16.9],[11.5,-10.2]],"o":[[-27.9,0],[0,-38.4],[15.5,0],[11.5,10.2],[0,16.9],[-10.6,9.3]],"v":[[0,55.9],[-58,0],[0,-55.9],[40.4,-41.5],[58,0],[40.4,41.4]],"c":true},"ix":2},"nm":"Path 1","mn":"ADBE Vector Shape - Group","hd":false},{"ty":"gf","o":{"a":0,"k":100,"ix":10},"r":1,"bm":0,"g":{"p":5,"k":{"a":0,"k":[0.48,0.992,0.878,0.188,0.691,0.98,0.816,0.178,0.902,0.969,0.753,0.169,0.966,0.963,0.694,0.153,1,0.957,0.635,0.137],"ix":9}},"s":{"a":0,"k":[0,0],"ix":5},"e":{"a":0,"k":[56.225,0],"ix":6},"t":2,"h":{"a":0,"k":0,"ix":7},"a":{"a":0,"k":0,"ix":8},"nm":"Gradient Fill 1","mn":"ADBE Vector Graphic - G-Fill","hd":false},{"ty":"tr","p":{"a":0,"k":[0,0],"ix":2},"a":{"a":0,"k":[0,0],"ix":1},"s":{"a":0,"k":[100,100],"ix":3},"r":{"a":0,"k":0,"ix":6},"o":{"a":0,"k":100,"ix":7},"sk":{"a":0,"k":0,"ix":4},"sa":{"a":0,"k":0,"ix":5},"nm":"Transform"}],"nm":"Group 1","np":2,"cix":2,"bm":0,"ix":1,"mn":"ADBE Vector Group","hd":false}],"ip":0,"op":122,"st":0,"bm":0}]}],"layers":[{"ddd":0,"ind":1,"ty":0,"nm":"Face with crossed-out eyes","refId":"comp_0","sr":1.4,"ks":{"o":{"a":0,"k":100,"ix":11},"r":{"a":0,"k":0,"ix":10},"p":{"a":0,"k":[512,512,0],"ix":2,"l":2},"a":{"a":0,"k":[512,512,0],"ix":1,"l":2},"s":{"a":0,"k":[100,100,100],"ix":6,"l":2}},"ao":0,"w":1024,"h":1024,"ip":0,"op":170,"st":0,"bm":0}],"markers":[]}