{"v":"5.8.1","fr":60,"ip":0,"op":102,"w":1024,"h":1024,"nm":"emoji_scream-in-fear","ddd":0,"assets":[],"layers":[{"ddd":0,"ind":1,"ty":3,"nm":"Null ALL","sr":1,"ks":{"o":{"a":0,"k":0,"ix":11},"r":{"a":0,"k":0,"ix":10},"p":{"s":true,"x":{"a":0,"k":512,"ix":3},"y":{"a":1,"k":[{"i":{"x":[0],"y":[1]},"o":{"x":[0.167],"y":[0.167]},"t":0,"s":[512]},{"i":{"x":[0.667],"y":[1]},"o":{"x":[0.333],"y":[0]},"t":10,"s":[504]},{"i":{"x":[0.833],"y":[0.833]},"o":{"x":[0.318],"y":[0]},"t":17.5,"s":[504]},{"i":{"x":[0.667],"y":[1]},"o":{"x":[0.167],"y":[0.167]},"t":25,"s":[512.211]},{"i":{"x":[0],"y":[1]},"o":{"x":[0.333],"y":[0]},"t":27.5,"s":[536.166]},{"t":45,"s":[512]}],"ix":4}},"a":{"a":0,"k":[0,0,0],"ix":1,"l":2},"s":{"a":0,"k":[100,100,100],"ix":6,"l":2}},"ao":0,"ip":0,"op":102,"st":0,"bm":0},{"ddd":0,"ind":2,"ty":3,"nm":"Null Head","parent":1,"sr":1,"ks":{"o":{"a":0,"k":0,"ix":11},"r":{"a":0,"k":0,"ix":10},"p":{"s":true,"x":{"a":1,"k":[{"i":{"x":[0.833],"y":[0.833]},"o":{"x":[0.167],"y":[0.167]},"t":20,"s":[0]},{"i":{"x":[0.833],"y":[0.833]},"o":{"x":[0.167],"y":[0.167]},"t":25,"s":[-2.986]},{"i":{"x":[0.833],"y":[0.833]},"o":{"x":[0.167],"y":[0.167]},"t":30,"s":[2.984]},{"i":{"x":[0.833],"y":[0.833]},"o":{"x":[0.167],"y":[0.167]},"t":35,"s":[-2.986]},{"i":{"x":[0.833],"y":[0.833]},"o":{"x":[0.167],"y":[0.167]},"t":40,"s":[2.984]},{"i":{"x":[0.833],"y":[0.833]},"o":{"x":[0.167],"y":[0.167]},"t":45,"s":[-2.986]},{"i":{"x":[0.833],"y":[0.833]},"o":{"x":[0.167],"y":[0.167]},"t":50,"s":[2.984]},{"i":{"x":[0.833],"y":[0.833]},"o":{"x":[0.167],"y":[0.167]},"t":55,"s":[-2.986]},{"i":{"x":[0.833],"y":[0.833]},"o":{"x":[0.167],"y":[0.167]},"t":60,"s":[2.984]},{"i":{"x":[0.833],"y":[0.833]},"o":{"x":[0.167],"y":[0.167]},"t":65,"s":[-2.986]},{"i":{"x":[0.833],"y":[0.833]},"o":{"x":[0.167],"y":[0.167]},"t":70,"s":[2.984]},{"i":{"x":[0.469],"y":[1]},"o":{"x":[0.167],"y":[0.167]},"t":75,"s":[-0.486]},{"t":88,"s":[0]}],"ix":3},"y":{"a":0,"k":0,"ix":4}},"a":{"a":0,"k":[0,0,0],"ix":1,"l":2},"s":{"a":0,"k":[100,100,100],"ix":6,"l":2}},"ao":0,"ip":0,"op":102,"st":7.5,"bm":0},{"ddd":0,"ind":3,"ty":3,"nm":"Null Hands","parent":2,"sr":1,"ks":{"o":{"a":0,"k":0,"ix":11},"r":{"a":0,"k":0,"ix":10},"p":{"a":0,"k":[0,0,0],"ix":2,"l":2},"a":{"a":0,"k":[0,0,0],"ix":1,"l":2},"s":{"a":0,"k":[100,100,100],"ix":6,"l":2}},"ao":0,"ip":0,"op":102,"st":7.5,"bm":0},{"ddd":0,"ind":4,"ty":4,"nm":"HAND L 2","parent":2,"sr":1,"ks":{"o":{"a":0,"k":100,"ix":11},"r":{"a":1,"k":[{"i":{"x":[0],"y":[1]},"o":{"x":[0.167],"y":[0.167]},"t":0,"s":[0]},{"i":{"x":[0],"y":[1]},"o":{"x":[0.333],"y":[0]},"t":10,"s":[-3]},{"i":{"x":[0.833],"y":[0.833]},"o":{"x":[1],"y":[0]},"t":17.5,"s":[-3]},{"i":{"x":[0],"y":[1]},"o":{"x":[0.167],"y":[0.167]},"t":25,"s":[2]},{"i":{"x":[0.833],"y":[1]},"o":{"x":[0.333],"y":[0]},"t":45,"s":[0]},{"i":{"x":[0.667],"y":[1]},"o":{"x":[0.167],"y":[0]},"t":90,"s":[0]},{"i":{"x":[0.833],"y":[1]},"o":{"x":[0.333],"y":[0]},"t":95,"s":[0]},{"t":102.5,"s":[0]}],"ix":10},"p":{"a":1,"k":[{"i":{"x":0.667,"y":1},"o":{"x":0.167,"y":0.167},"t":0,"s":[-256.281,392.323,0],"to":[0,0,0],"ti":[0,0,0]},{"i":{"x":0,"y":0},"o":{"x":0.333,"y":0.333},"t":10,"s":[-257.281,396.323,0],"to":[0,0,0],"ti":[0,0,0]},{"i":{"x":0.833,"y":0.833},"o":{"x":1,"y":0},"t":17.5,"s":[-257.281,396.323,0],"to":[0,0,0],"ti":[0,0,0]},{"i":{"x":0,"y":1},"o":{"x":0.167,"y":0.167},"t":25,"s":[-225.281,381.323,0],"to":[0,0,0],"ti":[0,0,0]},{"i":{"x":0.833,"y":0.833},"o":{"x":0.333,"y":0.333},"t":45,"s":[-253.281,392.323,0],"to":[0,0,0],"ti":[0,0,0]},{"i":{"x":0.667,"y":1},"o":{"x":0.167,"y":0.167},"t":90,"s":[-253.281,392.323,0],"to":[0,0,0],"ti":[0,0,0]},{"i":{"x":0.833,"y":0.833},"o":{"x":0.333,"y":0},"t":95,"s":[-241.281,410.323,0],"to":[0,0,0],"ti":[0,0,0]},{"t":102.5,"s":[-256.281,392.323,0]}],"ix":2,"l":2},"a":{"a":0,"k":[-45.719,125.323,0],"ix":1,"l":2},"s":{"a":0,"k":[-100,100,100],"ix":6,"l":2}},"ao":0,"shapes":[{"ty":"gr","it":[{"ind":0,"ty":"sh","ix":1,"ks":{"a":1,"k":[{"i":{"x":0,"y":1},"o":{"x":0.167,"y":0.167},"t":0,"s":[{"i":[[20.035,7.227],[65.167,-60.426],[-5.51,-12.184],[-62.897,52.15],[-13.633,17.762]],"o":[[8.862,21.034],[-53.111,49.247],[11.06,3.897],[16.226,-15.453],[10.547,-15.921]],"v":[[173.638,-169.034],[106.833,-72.074],[47.51,15.684],[122.897,-64.65],[177.312,-119.702]],"c":true}]},{"i":{"x":0.833,"y":0.833},"o":{"x":0.333,"y":0},"t":10,"s":[{"i":[[20.035,7.227],[65.167,-60.426],[-5.51,-12.184],[-62.897,52.15],[-13.633,17.762]],"o":[[8.862,21.034],[-53.111,49.247],[11.06,3.897],[16.226,-15.453],[10.547,-15.921]],"v":[[173.638,-169.034],[106.833,-72.074],[47.51,15.684],[122.897,-64.65],[177.312,-119.702]],"c":true}]},{"i":{"x":0.833,"y":0.833},"o":{"x":0.167,"y":0.167},"t":17.5,"s":[{"i":[[20.035,7.227],[65.167,-60.426],[-5.51,-12.184],[-62.897,52.15],[-13.633,17.762]],"o":[[8.862,21.034],[-53.111,49.247],[11.06,3.897],[16.226,-15.453],[10.547,-15.921]],"v":[[173.638,-169.034],[106.833,-72.074],[47.51,15.684],[122.897,-64.65],[177.312,-119.702]],"c":true}]},{"i":{"x":0,"y":1},"o":{"x":0.167,"y":0.167},"t":25,"s":[{"i":[[20.035,7.227],[65.167,-60.426],[-5.51,-12.184],[-62.897,52.15],[-13.633,17.762]],"o":[[8.862,21.034],[-53.111,49.247],[11.06,3.897],[16.226,-15.453],[10.547,-15.921]],"v":[[173.638,-169.034],[106.833,-72.074],[47.51,15.684],[122.897,-64.65],[177.312,-119.702]],"c":true}]},{"i":{"x":0.833,"y":0.833},"o":{"x":0.333,"y":0},"t":45,"s":[{"i":[[24.96,2.96],[22.64,-81.12],[-11.2,-5.36],[-21.36,69.28],[-1.2,21.6]],"o":[[10.16,4.4],[-14,61.28],[13.2,8.88],[5.6,-20.96],[0.32,-10.88]],"v":[[126.68,-206.92],[129.32,-92.44],[79.96,21.88],[144.68,-88.52],[155,-152.52]],"c":true}]},{"i":{"x":0.667,"y":1},"o":{"x":0.167,"y":0.167},"t":90,"s":[{"i":[[24.96,2.96],[22.64,-81.12],[-11.2,-5.36],[-21.36,69.28],[-1.2,21.6]],"o":[[10.16,4.4],[-14,61.28],[13.2,8.88],[5.6,-20.96],[0.32,-10.88]],"v":[[126.68,-206.92],[129.32,-92.44],[79.96,21.88],[144.68,-88.52],[155,-152.52]],"c":true}]},{"i":{"x":0.833,"y":0.833},"o":{"x":0.333,"y":0},"t":95,"s":[{"i":[[24.96,2.96],[22.64,-81.12],[-11.2,-5.36],[-21.36,69.28],[-1.2,21.6]],"o":[[10.16,4.4],[-14,61.28],[13.2,8.88],[5.6,-20.96],[0.32,-10.88]],"v":[[126.68,-206.92],[129.32,-92.44],[79.96,21.88],[144.68,-88.52],[155,-152.52]],"c":true}]},{"t":102.5,"s":[{"i":[[20.035,7.227],[65.167,-60.426],[-5.51,-12.184],[-62.897,52.15],[-13.633,17.762]],"o":[[8.862,21.034],[-53.111,49.247],[11.06,3.897],[16.226,-15.453],[10.547,-15.921]],"v":[[173.638,-169.034],[106.833,-72.074],[47.51,15.684],[122.897,-64.65],[177.312,-119.702]],"c":true}]}],"ix":2},"nm":"Path 1","mn":"ADBE Vector Shape - Group","hd":false},{"ind":1,"ty":"sh","ix":2,"ks":{"a":1,"k":[{"i":{"x":0,"y":1},"o":{"x":0.167,"y":0.167},"t":0,"s":[{"i":[[-0.229,7.497],[19.934,-21.5],[-13.278,-14.396],[-31.809,30.628],[-13.766,19.471]],"o":[[-16.846,23.952],[-11.141,11.938],[5.868,6.362],[29.115,-28.034],[4.128,-7.013]],"v":[[94.253,-151.95],[30.309,-90.021],[-22.178,-7.021],[39.559,-76.128],[87.519,-129.895]],"c":true}]},{"i":{"x":0.833,"y":0.833},"o":{"x":0.333,"y":0},"t":10,"s":[{"i":[[-0.229,7.497],[19.934,-21.5],[-13.278,-14.396],[-31.809,30.628],[-13.766,19.471]],"o":[[-16.846,23.952],[-11.141,11.938],[5.868,6.362],[29.115,-28.034],[4.128,-7.013]],"v":[[94.253,-151.95],[30.309,-90.021],[-22.178,-7.021],[39.559,-76.128],[87.519,-129.895]],"c":true}]},{"i":{"x":0.833,"y":0.833},"o":{"x":0.167,"y":0.167},"t":17.5,"s":[{"i":[[-0.229,7.497],[19.934,-21.5],[-13.278,-14.396],[-31.809,30.628],[-13.766,19.471]],"o":[[-16.846,23.952],[-11.141,11.938],[5.868,6.362],[29.115,-28.034],[4.128,-7.013]],"v":[[94.253,-151.95],[30.309,-90.021],[-22.178,-7.021],[39.559,-76.128],[87.519,-129.895]],"c":true}]},{"i":{"x":0,"y":1},"o":{"x":0.167,"y":0.167},"t":25,"s":[{"i":[[-0.229,7.497],[19.934,-21.5],[-13.278,-14.396],[-31.809,30.628],[-13.766,19.471]],"o":[[-16.846,23.952],[-11.141,11.938],[5.868,6.362],[29.115,-28.034],[4.128,-7.013]],"v":[[94.253,-151.95],[30.309,-90.021],[-22.178,-7.021],[39.559,-76.128],[87.519,-129.895]],"c":true}]},{"i":{"x":0.833,"y":0.833},"o":{"x":0.333,"y":0},"t":45,"s":[{"i":[[3.36,7.28],[5.68,-13.92],[-10,-8.16],[-9.172,27.53],[-1.12,23.84]],"o":[[0,15.6],[-19.6,51.6],[10,8.16],[13.32,-39.98],[-0.08,-8.08]],"v":[[74.04,-167.4],[53.32,-83.56],[7.96,0.2],[63.18,-67.52],[79.24,-144.12]],"c":true}]},{"i":{"x":0.667,"y":1},"o":{"x":0.167,"y":0.167},"t":90,"s":[{"i":[[3.36,7.28],[5.68,-13.92],[-10,-8.16],[-9.172,27.53],[-1.12,23.84]],"o":[[0,15.6],[-19.6,51.6],[10,8.16],[13.32,-39.98],[-0.08,-8.08]],"v":[[74.04,-167.4],[53.32,-83.56],[7.96,0.2],[63.18,-67.52],[79.24,-144.12]],"c":true}]},{"i":{"x":0.833,"y":0.833},"o":{"x":0.333,"y":0},"t":95,"s":[{"i":[[3.36,7.28],[5.68,-13.92],[-10,-8.16],[-9.172,27.53],[-1.12,23.84]],"o":[[0,15.6],[-19.6,51.6],[10,8.16],[13.32,-39.98],[-0.08,-8.08]],"v":[[74.04,-167.4],[53.32,-83.56],[7.96,0.2],[63.18,-67.52],[79.24,-144.12]],"c":true}]},{"t":102.5,"s":[{"i":[[-0.229,7.497],[19.934,-21.5],[-13.278,-14.396],[-31.809,30.628],[-13.766,19.471]],"o":[[-16.846,23.952],[-11.141,11.938],[5.868,6.362],[29.115,-28.034],[4.128,-7.013]],"v":[[94.253,-151.95],[30.309,-90.021],[-22.178,-7.021],[39.559,-76.128],[87.519,-129.895]],"c":true}]}],"ix":2},"nm":"Path 2","mn":"ADBE Vector Shape - Group","hd":false},{"ty":"fl","c":{"a":0,"k":[0.929411764706,0.423529411765,0.188235294118,1],"ix":4},"o":{"a":0,"k":100,"ix":5},"r":1,"bm":0,"nm":"Fill 1","mn":"ADBE Vector Graphic - Fill","hd":false},{"ty":"tr","p":{"a":0,"k":[0,0],"ix":2},"a":{"a":0,"k":[0,0],"ix":1},"s":{"a":0,"k":[100,100],"ix":3},"r":{"a":0,"k":0,"ix":6},"o":{"a":0,"k":100,"ix":7},"sk":{"a":0,"k":0,"ix":4},"sa":{"a":0,"k":0,"ix":5},"nm":"Transform"}],"nm":"Shape 2","np":4,"cix":2,"bm":0,"ix":1,"mn":"ADBE Vector Group","hd":false},{"ty":"gr","it":[{"ind":0,"ty":"sh","ix":1,"ks":{"a":1,"k":[{"i":{"x":0,"y":1},"o":{"x":0.167,"y":0.167},"t":0,"s":[{"i":[[-29.167,60.793],[-24.165,30.593],[-28.535,23.796],[-6.612,-34.455],[7.456,-10.497],[-14.012,13.296],[20.563,-54.162],[57.549,-56.437],[15.282,-22.695],[26.272,-45.767],[45.379,22.533]],"o":[[18.954,-34.58],[22.965,-29.074],[16.11,-13.435],[-1.737,13.254],[16.561,-9.873],[27.339,-27.387],[1.157,1.037],[-7.864,7.712],[-26.386,45.753],[-20.99,37.122],[-69.638,-36.096]],"v":[[-120.685,24.411],[-54.404,-71.838],[20.627,-153.048],[94.617,-151.837],[72.904,-115.768],[118.226,-149.859],[181.843,-129.537],[151.451,-44.563],[98.763,17.152],[42.252,163.034],[-82.751,223.76]],"c":true}]},{"i":{"x":0.833,"y":0.833},"o":{"x":0.333,"y":0},"t":10,"s":[{"i":[[-29.167,60.793],[-24.165,30.593],[-28.535,23.796],[-6.612,-34.455],[7.456,-10.497],[-14.012,13.296],[20.563,-54.162],[57.549,-56.437],[15.282,-22.695],[26.272,-45.767],[45.379,22.533]],"o":[[18.954,-34.58],[22.965,-29.074],[16.11,-13.435],[-1.737,13.254],[16.561,-9.873],[27.339,-27.387],[1.157,1.037],[-7.864,7.712],[-26.386,45.753],[-20.99,37.122],[-69.638,-36.096]],"v":[[-120.685,24.411],[-54.404,-71.838],[20.627,-153.048],[94.617,-151.837],[72.904,-115.768],[118.226,-149.859],[181.843,-129.537],[151.451,-44.563],[98.763,17.152],[42.252,163.034],[-82.751,223.76]],"c":true}]},{"i":{"x":0.833,"y":0.833},"o":{"x":0.167,"y":0.167},"t":17.5,"s":[{"i":[[-29.167,60.793],[-24.165,30.593],[-28.535,23.796],[-6.612,-34.455],[7.456,-10.497],[-14.012,13.296],[20.563,-54.162],[57.549,-56.437],[15.282,-22.695],[26.272,-45.767],[45.379,22.533]],"o":[[18.954,-34.58],[22.965,-29.074],[16.11,-13.435],[-1.737,13.254],[16.561,-9.873],[27.339,-27.387],[1.157,1.037],[-7.864,7.712],[-26.386,45.753],[-20.99,37.122],[-69.638,-36.096]],"v":[[-120.685,24.411],[-54.404,-71.838],[20.627,-153.048],[94.617,-151.837],[72.904,-115.768],[118.226,-149.859],[181.843,-129.537],[151.451,-44.563],[98.763,17.152],[42.252,163.034],[-82.751,223.76]],"c":true}]},{"i":{"x":0,"y":1},"o":{"x":0.167,"y":0.167},"t":25,"s":[{"i":[[-29.167,60.793],[-24.165,30.593],[-28.535,23.796],[-6.612,-34.455],[7.456,-10.497],[-14.012,13.296],[20.563,-54.162],[57.549,-56.437],[15.282,-22.695],[26.272,-45.767],[45.379,22.533]],"o":[[18.954,-34.58],[22.965,-29.074],[16.11,-13.435],[-1.737,13.254],[16.561,-9.873],[27.339,-27.387],[1.157,1.037],[-7.864,7.712],[-26.386,45.753],[-20.99,37.122],[-69.638,-36.096]],"v":[[-120.685,24.411],[-54.404,-71.838],[20.627,-153.048],[94.617,-151.837],[72.904,-115.768],[118.226,-149.859],[181.843,-129.537],[151.451,-44.563],[98.763,17.152],[42.252,163.034],[-82.751,223.76]],"c":true}]},{"i":{"x":0.833,"y":0.833},"o":{"x":0.333,"y":0},"t":45,"s":[{"i":[[-60.64,46],[-15.84,20.88],[-10.24,28.64],[-16,-24.48],[0.88,-9.76],[-3.36,16.56],[-7.2,-52.48],[13.44,-94.08],[17.2,-33.04],[43.68,-29.92],[20.24,26.56]],"o":[[34.8,-26.4],[15.84,-20.88],[10.24,-28.64],[4.16,6.56],[8.72,-14.48],[8,-39.04],[0,0],[-6.72,36.64],[-43.12,81.28],[-68.32,46.72],[-34.56,-45.68]],"v":[[-109,15.56],[-24.76,-55.96],[18.36,-149.24],[74.36,-167.4],[74.36,-125.64],[92.6,-172.6],[148.6,-171.8],[165.48,-76.52],[129.48,28.68],[8.92,177.56],[-144.36,186.6]],"c":true}]},{"i":{"x":0.667,"y":1},"o":{"x":0.167,"y":0.167},"t":90,"s":[{"i":[[-60.64,46],[-15.84,20.88],[-10.24,28.64],[-16,-24.48],[0.88,-9.76],[-3.36,16.56],[-7.2,-52.48],[13.44,-94.08],[17.2,-33.04],[43.68,-29.92],[20.24,26.56]],"o":[[34.8,-26.4],[15.84,-20.88],[10.24,-28.64],[4.16,6.56],[8.72,-14.48],[8,-39.04],[0,0],[-6.72,36.64],[-43.12,81.28],[-68.32,46.72],[-34.56,-45.68]],"v":[[-109,15.56],[-24.76,-55.96],[18.36,-149.24],[74.36,-167.4],[74.36,-125.64],[92.6,-172.6],[148.6,-171.8],[165.48,-76.52],[129.48,28.68],[8.92,177.56],[-144.36,186.6]],"c":true}]},{"i":{"x":0.833,"y":0.833},"o":{"x":0.333,"y":0},"t":95,"s":[{"i":[[-60.64,46],[-15.84,20.88],[-10.24,28.64],[-16,-24.48],[0.88,-9.76],[-3.36,16.56],[-7.2,-52.48],[13.44,-94.08],[17.2,-33.04],[43.68,-29.92],[20.24,26.56]],"o":[[34.8,-26.4],[15.84,-20.88],[10.24,-28.64],[4.16,6.56],[8.72,-14.48],[8,-39.04],[0,0],[-6.72,36.64],[-43.12,81.28],[-68.32,46.72],[-34.56,-45.68]],"v":[[-109,15.56],[-24.76,-55.96],[18.36,-149.24],[74.36,-167.4],[74.36,-125.64],[92.6,-172.6],[148.6,-171.8],[165.48,-76.52],[129.48,28.68],[8.92,177.56],[-144.36,186.6]],"c":true}]},{"t":102.5,"s":[{"i":[[-29.167,60.793],[-24.165,30.593],[-28.535,23.796],[-6.612,-34.455],[7.456,-10.497],[-14.012,13.296],[20.563,-54.162],[57.549,-56.437],[15.282,-22.695],[26.272,-45.767],[45.379,22.533]],"o":[[18.954,-34.58],[22.965,-29.074],[16.11,-13.435],[-1.737,13.254],[16.561,-9.873],[27.339,-27.387],[1.157,1.037],[-7.864,7.712],[-26.386,45.753],[-20.99,37.122],[-69.638,-36.096]],"v":[[-120.685,24.411],[-54.404,-71.838],[20.627,-153.048],[94.617,-151.837],[72.904,-115.768],[118.226,-149.859],[181.843,-129.537],[151.451,-44.563],[98.763,17.152],[42.252,163.034],[-82.751,223.76]],"c":true}]}],"ix":2},"nm":"Path 2","mn":"ADBE Vector Shape - Group","hd":false},{"ty":"gf","o":{"a":0,"k":100,"ix":10},"r":1,"bm":0,"g":{"p":3,"k":{"a":0,"k":[0.196,1,0.945,0.463,0.598,1,0.857,0.231,1,1,0.769,0],"ix":9}},"s":{"a":0,"k":[-76,-46],"ix":5},"e":{"a":0,"k":[-314,210],"ix":6},"t":2,"h":{"a":0,"k":0,"ix":7},"a":{"a":0,"k":0,"ix":8},"nm":"Gradient Fill 1","mn":"ADBE Vector Graphic - G-Fill","hd":false},{"ty":"tr","p":{"a":0,"k":[0,0],"ix":2},"a":{"a":0,"k":[0,0],"ix":1},"s":{"a":0,"k":[100,100],"ix":3},"r":{"a":0,"k":0,"ix":6},"o":{"a":0,"k":100,"ix":7},"sk":{"a":0,"k":0,"ix":4},"sa":{"a":0,"k":0,"ix":5},"nm":"Transform"}],"nm":"Shape 1","np":3,"cix":2,"bm":0,"ix":2,"mn":"ADBE Vector Group","hd":false}],"ip":0,"op":102,"st":7.5,"bm":0},{"ddd":0,"ind":5,"ty":4,"nm":"HAND R","parent":2,"sr":1,"ks":{"o":{"a":0,"k":100,"ix":11},"r":{"a":1,"k":[{"i":{"x":[0],"y":[1]},"o":{"x":[0.167],"y":[0.167]},"t":0,"s":[0]},{"i":{"x":[0],"y":[1]},"o":{"x":[0.333],"y":[0]},"t":10,"s":[3]},{"i":{"x":[0.833],"y":[0.833]},"o":{"x":[1],"y":[0]},"t":17.5,"s":[3]},{"i":{"x":[0],"y":[1]},"o":{"x":[0.167],"y":[0.167]},"t":25,"s":[-2]},{"i":{"x":[0.833],"y":[1]},"o":{"x":[0.333],"y":[0]},"t":45,"s":[0]},{"i":{"x":[0.667],"y":[1]},"o":{"x":[0.167],"y":[0]},"t":90,"s":[0]},{"i":{"x":[0.833],"y":[1]},"o":{"x":[0.333],"y":[0]},"t":95,"s":[0]},{"t":102.5,"s":[0]}],"ix":10},"p":{"a":1,"k":[{"i":{"x":0.667,"y":1},"o":{"x":0.167,"y":0.167},"t":0,"s":[256.281,392.323,0],"to":[0,0,0],"ti":[0,0,0]},{"i":{"x":0,"y":0},"o":{"x":0.333,"y":0.333},"t":10,"s":[257.281,396.323,0],"to":[0,0,0],"ti":[0,0,0]},{"i":{"x":0.833,"y":0.833},"o":{"x":1,"y":0},"t":17.5,"s":[257.281,396.323,0],"to":[0,0,0],"ti":[0,0,0]},{"i":{"x":0,"y":1},"o":{"x":0.167,"y":0.167},"t":25,"s":[225.281,381.323,0],"to":[0,0,0],"ti":[0,0,0]},{"i":{"x":0.833,"y":0.833},"o":{"x":0.333,"y":0.333},"t":45,"s":[253.281,392.323,0],"to":[0,0,0],"ti":[0,0,0]},{"i":{"x":0.667,"y":1},"o":{"x":0.167,"y":0.167},"t":90,"s":[253.281,392.323,0],"to":[0,0,0],"ti":[0,0,0]},{"i":{"x":0.833,"y":0.833},"o":{"x":0.333,"y":0},"t":95,"s":[241.281,410.323,0],"to":[0,0,0],"ti":[0,0,0]},{"t":102.5,"s":[256.281,392.323,0]}],"ix":2,"l":2},"a":{"a":0,"k":[-45.719,125.323,0],"ix":1,"l":2},"s":{"a":0,"k":[100,100,100],"ix":6,"l":2}},"ao":0,"shapes":[{"ty":"gr","it":[{"ind":0,"ty":"sh","ix":1,"ks":{"a":1,"k":[{"i":{"x":0,"y":1},"o":{"x":0.167,"y":0.167},"t":0,"s":[{"i":[[20.035,7.227],[65.167,-60.426],[-5.51,-12.184],[-62.897,52.15],[-13.633,17.762]],"o":[[8.862,21.034],[-53.111,49.247],[11.06,3.897],[16.226,-15.453],[10.547,-15.921]],"v":[[173.638,-169.034],[106.833,-72.074],[47.51,15.684],[122.897,-64.65],[177.312,-119.702]],"c":true}]},{"i":{"x":0.833,"y":0.833},"o":{"x":0.333,"y":0},"t":10,"s":[{"i":[[20.035,7.227],[65.167,-60.426],[-5.51,-12.184],[-62.897,52.15],[-13.633,17.762]],"o":[[8.862,21.034],[-53.111,49.247],[11.06,3.897],[16.226,-15.453],[10.547,-15.921]],"v":[[173.638,-169.034],[106.833,-72.074],[47.51,15.684],[122.897,-64.65],[177.312,-119.702]],"c":true}]},{"i":{"x":0.833,"y":0.833},"o":{"x":0.167,"y":0.167},"t":17.5,"s":[{"i":[[20.035,7.227],[65.167,-60.426],[-5.51,-12.184],[-62.897,52.15],[-13.633,17.762]],"o":[[8.862,21.034],[-53.111,49.247],[11.06,3.897],[16.226,-15.453],[10.547,-15.921]],"v":[[173.638,-169.034],[106.833,-72.074],[47.51,15.684],[122.897,-64.65],[177.312,-119.702]],"c":true}]},{"i":{"x":0,"y":1},"o":{"x":0.167,"y":0.167},"t":25,"s":[{"i":[[20.035,7.227],[65.167,-60.426],[-5.51,-12.184],[-62.897,52.15],[-13.633,17.762]],"o":[[8.862,21.034],[-53.111,49.247],[11.06,3.897],[16.226,-15.453],[10.547,-15.921]],"v":[[173.638,-169.034],[106.833,-72.074],[47.51,15.684],[122.897,-64.65],[177.312,-119.702]],"c":true}]},{"i":{"x":0.833,"y":0.833},"o":{"x":0.333,"y":0},"t":45,"s":[{"i":[[24.96,2.96],[22.64,-81.12],[-11.2,-5.36],[-21.36,69.28],[-1.2,21.6]],"o":[[10.16,4.4],[-14,61.28],[13.2,8.88],[5.6,-20.96],[0.32,-10.88]],"v":[[126.68,-206.92],[129.32,-92.44],[79.96,21.88],[144.68,-88.52],[155,-152.52]],"c":true}]},{"i":{"x":0.667,"y":1},"o":{"x":0.167,"y":0.167},"t":90,"s":[{"i":[[24.96,2.96],[22.64,-81.12],[-11.2,-5.36],[-21.36,69.28],[-1.2,21.6]],"o":[[10.16,4.4],[-14,61.28],[13.2,8.88],[5.6,-20.96],[0.32,-10.88]],"v":[[126.68,-206.92],[129.32,-92.44],[79.96,21.88],[144.68,-88.52],[155,-152.52]],"c":true}]},{"i":{"x":0.833,"y":0.833},"o":{"x":0.333,"y":0},"t":95,"s":[{"i":[[24.96,2.96],[22.64,-81.12],[-11.2,-5.36],[-21.36,69.28],[-1.2,21.6]],"o":[[10.16,4.4],[-14,61.28],[13.2,8.88],[5.6,-20.96],[0.32,-10.88]],"v":[[126.68,-206.92],[129.32,-92.44],[79.96,21.88],[144.68,-88.52],[155,-152.52]],"c":true}]},{"t":102.5,"s":[{"i":[[20.035,7.227],[65.167,-60.426],[-5.51,-12.184],[-62.897,52.15],[-13.633,17.762]],"o":[[8.862,21.034],[-53.111,49.247],[11.06,3.897],[16.226,-15.453],[10.547,-15.921]],"v":[[173.638,-169.034],[106.833,-72.074],[47.51,15.684],[122.897,-64.65],[177.312,-119.702]],"c":true}]}],"ix":2},"nm":"Path 1","mn":"ADBE Vector Shape - Group","hd":false},{"ind":1,"ty":"sh","ix":2,"ks":{"a":1,"k":[{"i":{"x":0,"y":1},"o":{"x":0.167,"y":0.167},"t":0,"s":[{"i":[[-0.229,7.497],[19.934,-21.5],[-13.278,-14.396],[-31.809,30.628],[-13.766,19.471]],"o":[[-16.846,23.952],[-11.141,11.938],[5.868,6.362],[29.115,-28.034],[4.128,-7.013]],"v":[[94.253,-151.95],[30.309,-90.021],[-22.178,-7.021],[39.559,-76.128],[87.519,-129.895]],"c":true}]},{"i":{"x":0.833,"y":0.833},"o":{"x":0.333,"y":0},"t":10,"s":[{"i":[[-0.229,7.497],[19.934,-21.5],[-13.278,-14.396],[-31.809,30.628],[-13.766,19.471]],"o":[[-16.846,23.952],[-11.141,11.938],[5.868,6.362],[29.115,-28.034],[4.128,-7.013]],"v":[[94.253,-151.95],[30.309,-90.021],[-22.178,-7.021],[39.559,-76.128],[87.519,-129.895]],"c":true}]},{"i":{"x":0.833,"y":0.833},"o":{"x":0.167,"y":0.167},"t":17.5,"s":[{"i":[[-0.229,7.497],[19.934,-21.5],[-13.278,-14.396],[-31.809,30.628],[-13.766,19.471]],"o":[[-16.846,23.952],[-11.141,11.938],[5.868,6.362],[29.115,-28.034],[4.128,-7.013]],"v":[[94.253,-151.95],[30.309,-90.021],[-22.178,-7.021],[39.559,-76.128],[87.519,-129.895]],"c":true}]},{"i":{"x":0,"y":1},"o":{"x":0.167,"y":0.167},"t":25,"s":[{"i":[[-0.229,7.497],[19.934,-21.5],[-13.278,-14.396],[-31.809,30.628],[-13.766,19.471]],"o":[[-16.846,23.952],[-11.141,11.938],[5.868,6.362],[29.115,-28.034],[4.128,-7.013]],"v":[[94.253,-151.95],[30.309,-90.021],[-22.178,-7.021],[39.559,-76.128],[87.519,-129.895]],"c":true}]},{"i":{"x":0.833,"y":0.833},"o":{"x":0.333,"y":0},"t":45,"s":[{"i":[[3.36,7.28],[5.68,-13.92],[-10,-8.16],[-9.172,27.53],[-1.12,23.84]],"o":[[0,15.6],[-19.6,51.6],[10,8.16],[13.32,-39.98],[-0.08,-8.08]],"v":[[74.04,-167.4],[53.32,-83.56],[7.96,0.2],[63.18,-67.52],[79.24,-144.12]],"c":true}]},{"i":{"x":0.667,"y":1},"o":{"x":0.167,"y":0.167},"t":90,"s":[{"i":[[3.36,7.28],[5.68,-13.92],[-10,-8.16],[-9.172,27.53],[-1.12,23.84]],"o":[[0,15.6],[-19.6,51.6],[10,8.16],[13.32,-39.98],[-0.08,-8.08]],"v":[[74.04,-167.4],[53.32,-83.56],[7.96,0.2],[63.18,-67.52],[79.24,-144.12]],"c":true}]},{"i":{"x":0.833,"y":0.833},"o":{"x":0.333,"y":0},"t":95,"s":[{"i":[[3.36,7.28],[5.68,-13.92],[-10,-8.16],[-9.172,27.53],[-1.12,23.84]],"o":[[0,15.6],[-19.6,51.6],[10,8.16],[13.32,-39.98],[-0.08,-8.08]],"v":[[74.04,-167.4],[53.32,-83.56],[7.96,0.2],[63.18,-67.52],[79.24,-144.12]],"c":true}]},{"t":102.5,"s":[{"i":[[-0.229,7.497],[19.934,-21.5],[-13.278,-14.396],[-31.809,30.628],[-13.766,19.471]],"o":[[-16.846,23.952],[-11.141,11.938],[5.868,6.362],[29.115,-28.034],[4.128,-7.013]],"v":[[94.253,-151.95],[30.309,-90.021],[-22.178,-7.021],[39.559,-76.128],[87.519,-129.895]],"c":true}]}],"ix":2},"nm":"Path 2","mn":"ADBE Vector Shape - Group","hd":false},{"ty":"fl","c":{"a":0,"k":[0.929411764706,0.423529411765,0.188235294118,1],"ix":4},"o":{"a":0,"k":100,"ix":5},"r":1,"bm":0,"nm":"Fill 1","mn":"ADBE Vector Graphic - Fill","hd":false},{"ty":"tr","p":{"a":0,"k":[0,0],"ix":2},"a":{"a":0,"k":[0,0],"ix":1},"s":{"a":0,"k":[100,100],"ix":3},"r":{"a":0,"k":0,"ix":6},"o":{"a":0,"k":100,"ix":7},"sk":{"a":0,"k":0,"ix":4},"sa":{"a":0,"k":0,"ix":5},"nm":"Transform"}],"nm":"Shape 2","np":4,"cix":2,"bm":0,"ix":1,"mn":"ADBE Vector Group","hd":false},{"ty":"gr","it":[{"ind":0,"ty":"sh","ix":1,"ks":{"a":1,"k":[{"i":{"x":0,"y":1},"o":{"x":0.167,"y":0.167},"t":0,"s":[{"i":[[-29.167,60.793],[-24.165,30.593],[-28.535,23.796],[-6.612,-34.455],[7.456,-10.497],[-14.012,13.296],[20.563,-54.162],[57.549,-56.437],[15.282,-22.695],[26.272,-45.767],[45.379,22.533]],"o":[[18.954,-34.58],[22.965,-29.074],[16.11,-13.435],[-1.737,13.254],[16.561,-9.873],[27.339,-27.387],[1.157,1.037],[-7.864,7.712],[-26.386,45.753],[-20.99,37.122],[-69.638,-36.096]],"v":[[-120.685,24.411],[-54.404,-71.838],[20.627,-153.048],[94.617,-151.837],[72.904,-115.768],[118.226,-149.859],[181.843,-129.537],[151.451,-44.563],[98.763,17.152],[42.252,163.034],[-82.751,223.76]],"c":true}]},{"i":{"x":0.833,"y":0.833},"o":{"x":0.333,"y":0},"t":10,"s":[{"i":[[-29.167,60.793],[-24.165,30.593],[-28.535,23.796],[-6.612,-34.455],[7.456,-10.497],[-14.012,13.296],[20.563,-54.162],[57.549,-56.437],[15.282,-22.695],[26.272,-45.767],[45.379,22.533]],"o":[[18.954,-34.58],[22.965,-29.074],[16.11,-13.435],[-1.737,13.254],[16.561,-9.873],[27.339,-27.387],[1.157,1.037],[-7.864,7.712],[-26.386,45.753],[-20.99,37.122],[-69.638,-36.096]],"v":[[-120.685,24.411],[-54.404,-71.838],[20.627,-153.048],[94.617,-151.837],[72.904,-115.768],[118.226,-149.859],[181.843,-129.537],[151.451,-44.563],[98.763,17.152],[42.252,163.034],[-82.751,223.76]],"c":true}]},{"i":{"x":0.833,"y":0.833},"o":{"x":0.167,"y":0.167},"t":17.5,"s":[{"i":[[-29.167,60.793],[-24.165,30.593],[-28.535,23.796],[-6.612,-34.455],[7.456,-10.497],[-14.012,13.296],[20.563,-54.162],[57.549,-56.437],[15.282,-22.695],[26.272,-45.767],[45.379,22.533]],"o":[[18.954,-34.58],[22.965,-29.074],[16.11,-13.435],[-1.737,13.254],[16.561,-9.873],[27.339,-27.387],[1.157,1.037],[-7.864,7.712],[-26.386,45.753],[-20.99,37.122],[-69.638,-36.096]],"v":[[-120.685,24.411],[-54.404,-71.838],[20.627,-153.048],[94.617,-151.837],[72.904,-115.768],[118.226,-149.859],[181.843,-129.537],[151.451,-44.563],[98.763,17.152],[42.252,163.034],[-82.751,223.76]],"c":true}]},{"i":{"x":0,"y":1},"o":{"x":0.167,"y":0.167},"t":25,"s":[{"i":[[-29.167,60.793],[-24.165,30.593],[-28.535,23.796],[-6.612,-34.455],[7.456,-10.497],[-14.012,13.296],[20.563,-54.162],[57.549,-56.437],[15.282,-22.695],[26.272,-45.767],[45.379,22.533]],"o":[[18.954,-34.58],[22.965,-29.074],[16.11,-13.435],[-1.737,13.254],[16.561,-9.873],[27.339,-27.387],[1.157,1.037],[-7.864,7.712],[-26.386,45.753],[-20.99,37.122],[-69.638,-36.096]],"v":[[-120.685,24.411],[-54.404,-71.838],[20.627,-153.048],[94.617,-151.837],[72.904,-115.768],[118.226,-149.859],[181.843,-129.537],[151.451,-44.563],[98.763,17.152],[42.252,163.034],[-82.751,223.76]],"c":true}]},{"i":{"x":0.833,"y":0.833},"o":{"x":0.333,"y":0},"t":45,"s":[{"i":[[-60.64,46],[-15.84,20.88],[-10.24,28.64],[-16,-24.48],[0.88,-9.76],[-3.36,16.56],[-7.2,-52.48],[13.44,-94.08],[17.2,-33.04],[43.68,-29.92],[20.24,26.56]],"o":[[34.8,-26.4],[15.84,-20.88],[10.24,-28.64],[4.16,6.56],[8.72,-14.48],[8,-39.04],[0,0],[-6.72,36.64],[-43.12,81.28],[-68.32,46.72],[-34.56,-45.68]],"v":[[-109,15.56],[-24.76,-55.96],[18.36,-149.24],[74.36,-167.4],[74.36,-125.64],[92.6,-172.6],[148.6,-171.8],[165.48,-76.52],[129.48,28.68],[8.92,177.56],[-144.36,186.6]],"c":true}]},{"i":{"x":0.667,"y":1},"o":{"x":0.167,"y":0.167},"t":90,"s":[{"i":[[-60.64,46],[-15.84,20.88],[-10.24,28.64],[-16,-24.48],[0.88,-9.76],[-3.36,16.56],[-7.2,-52.48],[13.44,-94.08],[17.2,-33.04],[43.68,-29.92],[20.24,26.56]],"o":[[34.8,-26.4],[15.84,-20.88],[10.24,-28.64],[4.16,6.56],[8.72,-14.48],[8,-39.04],[0,0],[-6.72,36.64],[-43.12,81.28],[-68.32,46.72],[-34.56,-45.68]],"v":[[-109,15.56],[-24.76,-55.96],[18.36,-149.24],[74.36,-167.4],[74.36,-125.64],[92.6,-172.6],[148.6,-171.8],[165.48,-76.52],[129.48,28.68],[8.92,177.56],[-144.36,186.6]],"c":true}]},{"i":{"x":0.833,"y":0.833},"o":{"x":0.333,"y":0},"t":95,"s":[{"i":[[-60.64,46],[-15.84,20.88],[-10.24,28.64],[-16,-24.48],[0.88,-9.76],[-3.36,16.56],[-7.2,-52.48],[13.44,-94.08],[17.2,-33.04],[43.68,-29.92],[20.24,26.56]],"o":[[34.8,-26.4],[15.84,-20.88],[10.24,-28.64],[4.16,6.56],[8.72,-14.48],[8,-39.04],[0,0],[-6.72,36.64],[-43.12,81.28],[-68.32,46.72],[-34.56,-45.68]],"v":[[-109,15.56],[-24.76,-55.96],[18.36,-149.24],[74.36,-167.4],[74.36,-125.64],[92.6,-172.6],[148.6,-171.8],[165.48,-76.52],[129.48,28.68],[8.92,177.56],[-144.36,186.6]],"c":true}]},{"t":102.5,"s":[{"i":[[-29.167,60.793],[-24.165,30.593],[-28.535,23.796],[-6.612,-34.455],[7.456,-10.497],[-14.012,13.296],[20.563,-54.162],[57.549,-56.437],[15.282,-22.695],[26.272,-45.767],[45.379,22.533]],"o":[[18.954,-34.58],[22.965,-29.074],[16.11,-13.435],[-1.737,13.254],[16.561,-9.873],[27.339,-27.387],[1.157,1.037],[-7.864,7.712],[-26.386,45.753],[-20.99,37.122],[-69.638,-36.096]],"v":[[-120.685,24.411],[-54.404,-71.838],[20.627,-153.048],[94.617,-151.837],[72.904,-115.768],[118.226,-149.859],[181.843,-129.537],[151.451,-44.563],[98.763,17.152],[42.252,163.034],[-82.751,223.76]],"c":true}]}],"ix":2},"nm":"Path 2","mn":"ADBE Vector Shape - Group","hd":false},{"ty":"gf","o":{"a":0,"k":100,"ix":10},"r":1,"bm":0,"g":{"p":3,"k":{"a":0,"k":[0.196,1,0.945,0.463,0.598,1,0.857,0.231,1,1,0.769,0],"ix":9}},"s":{"a":0,"k":[-76,-46],"ix":5},"e":{"a":0,"k":[-314,210],"ix":6},"t":2,"h":{"a":0,"k":0,"ix":7},"a":{"a":0,"k":0,"ix":8},"nm":"Gradient Fill 1","mn":"ADBE Vector Graphic - G-Fill","hd":false},{"ty":"tr","p":{"a":0,"k":[0,0],"ix":2},"a":{"a":0,"k":[0,0],"ix":1},"s":{"a":0,"k":[100,100],"ix":3},"r":{"a":0,"k":0,"ix":6},"o":{"a":0,"k":100,"ix":7},"sk":{"a":0,"k":0,"ix":4},"sa":{"a":0,"k":0,"ix":5},"nm":"Transform"}],"nm":"Shape 1","np":3,"cix":2,"bm":0,"ix":2,"mn":"ADBE Vector Group","hd":false}],"ip":0,"op":102,"st":7.5,"bm":0},{"ddd":0,"ind":6,"ty":4,"nm":"base matte 3","parent":19,"td":1,"sr":1,"ks":{"o":{"a":0,"k":100,"ix":11},"r":{"a":0,"k":0,"ix":10},"p":{"s":true,"x":{"a":0,"k":0,"ix":3},"y":{"a":0,"k":0,"ix":4}},"a":{"a":0,"k":[0,0,0],"ix":1,"l":2},"s":{"a":0,"k":[100,100,100],"ix":6,"l":2}},"ao":0,"sy":[{"c":{"a":0,"k":[0.921568632126,0.560784339905,0,1],"ix":2},"o":{"a":0,"k":100,"ix":3},"a":{"a":0,"k":-55,"ix":5},"s":{"a":0,"k":0,"ix":8},"d":{"a":0,"k":30,"ix":6},"ch":{"a":0,"k":0,"ix":7},"bm":{"a":0,"k":1,"ix":1},"no":{"a":0,"k":0,"ix":9},"ty":2,"nm":"Inner Shadow"}],"shapes":[{"ty":"gr","it":[{"ind":0,"ty":"sh","ix":1,"ks":{"a":1,"k":[{"i":{"x":0,"y":1},"o":{"x":0.167,"y":0.167},"t":0,"s":[{"i":[[15.4,0],[0,38.4],[-27.9,0],[-10.6,-9.3],[0,-16.9],[11.5,-10.2]],"o":[[-27.9,0],[0,-38.4],[15.5,0],[11.5,10.2],[0,16.9],[-10.6,9.3]],"v":[[0,55.9],[-58,0],[0,-55.9],[40.4,-41.5],[58,0],[40.4,41.4]],"c":true}]},{"i":{"x":0,"y":1},"o":{"x":0.333,"y":0},"t":10,"s":[{"i":[[15.4,0],[0,38.4],[-27.9,0],[-10.6,-9.3],[0,-16.9],[11.5,-10.2]],"o":[[-27.9,0],[0,-38.4],[15.5,0],[11.5,10.2],[0,16.9],[-10.6,9.3]],"v":[[0,55.9],[-58,0],[0,-55.9],[40.4,-41.5],[58,0],[40.4,41.4]],"c":true}]},{"i":{"x":0.833,"y":0.833},"o":{"x":1,"y":0},"t":17.5,"s":[{"i":[[15.4,0],[0,38.4],[-27.9,0],[-10.6,-9.3],[0,-16.9],[11.5,-10.2]],"o":[[-27.9,0],[0,-38.4],[15.5,0],[11.5,10.2],[0,16.9],[-10.6,9.3]],"v":[[0,55.9],[-58,0],[0,-55.9],[40.4,-41.5],[58,0],[40.4,41.4]],"c":true}]},{"i":{"x":0.833,"y":0.833},"o":{"x":0.167,"y":0.167},"t":25,"s":[{"i":[[15.565,0],[0,37.12],[-28.2,0],[-10.714,-8.768],[0,-16.337],[11.624,-9.86]],"o":[[-28.2,0],[0,-37.12],[15.667,0],[11.624,9.617],[0,16.337],[-10.714,8.99]],"v":[[0,51.755],[-58.623,-2.281],[0,-55.9],[40.834,-42.324],[58.623,-2.281],[40.834,37.738]],"c":true}]},{"i":{"x":0,"y":1},"o":{"x":0.167,"y":0.167},"t":27.5,"s":[{"i":[[14.803,0],[0,39.522],[-27.9,0],[-10.6,-9.3],[0,-17.394],[11.054,-10.498]],"o":[[-26.818,0],[0,-39.522],[15.5,0],[11.5,10.2],[0,17.394],[-10.189,9.572]],"v":[[0,58.656],[-55.75,1.122],[0,-55.9],[40.4,-41.5],[55.75,1.122],[38.833,43.732]],"c":true}]},{"i":{"x":0.833,"y":0.833},"o":{"x":0.333,"y":0},"t":67.5,"s":[{"i":[[15.4,0],[0,38.4],[-27.9,0],[-10.6,-9.3],[0,-16.9],[11.5,-10.2]],"o":[[-27.9,0],[0,-38.4],[15.5,0],[11.5,10.2],[0,16.9],[-10.6,9.3]],"v":[[0,55.9],[-58,0],[0,-55.9],[40.4,-41.5],[58,0],[40.4,41.4]],"c":true}]},{"i":{"x":0.667,"y":1},"o":{"x":0.167,"y":0.167},"t":90,"s":[{"i":[[15.4,0],[0,38.4],[-27.9,0],[-10.6,-9.3],[0,-16.9],[11.5,-10.2]],"o":[[-27.9,0],[0,-38.4],[15.5,0],[11.5,10.2],[0,16.9],[-10.6,9.3]],"v":[[0,55.9],[-58,0],[0,-55.9],[40.4,-41.5],[58,0],[40.4,41.4]],"c":true}]},{"i":{"x":0.833,"y":0.833},"o":{"x":0.333,"y":0},"t":95,"s":[{"i":[[14.836,0],[0,38.821],[-26.878,0],[-10.212,-9.402],[0,-17.085],[11.079,-10.312]],"o":[[-26.878,0],[0,-38.821],[14.932,0],[11.079,10.312],[0,17.085],[-10.212,9.402]],"v":[[0,55.9],[-55.875,-0.613],[0,-57.125],[38.92,-42.567],[55.875,-0.613],[38.92,41.241]],"c":true}]},{"t":102.5,"s":[{"i":[[15.4,0],[0,38.4],[-27.9,0],[-10.6,-9.3],[0,-16.9],[11.5,-10.2]],"o":[[-27.9,0],[0,-38.4],[15.5,0],[11.5,10.2],[0,16.9],[-10.6,9.3]],"v":[[0,55.9],[-58,0],[0,-55.9],[40.4,-41.5],[58,0],[40.4,41.4]],"c":true}]}],"ix":2},"nm":"Path 1","mn":"ADBE Vector Shape - Group","hd":false},{"ty":"gf","o":{"a":0,"k":100,"ix":10},"r":1,"bm":0,"g":{"p":5,"k":{"a":0,"k":[0.48,0.992,0.878,0.188,0.691,0.98,0.816,0.178,0.902,0.969,0.753,0.169,0.966,0.963,0.694,0.153,1,0.957,0.635,0.137],"ix":9}},"s":{"a":0,"k":[0,0],"ix":5},"e":{"a":0,"k":[56.225,0],"ix":6},"t":2,"h":{"a":0,"k":0,"ix":7},"a":{"a":0,"k":0,"ix":8},"nm":"Gradient Fill 1","mn":"ADBE Vector Graphic - G-Fill","hd":false},{"ty":"tr","p":{"a":0,"k":[0,0],"ix":2},"a":{"a":0,"k":[0,0],"ix":1},"s":{"a":0,"k":[100,100],"ix":3},"r":{"a":0,"k":0,"ix":6},"o":{"a":0,"k":100,"ix":7},"sk":{"a":0,"k":0,"ix":4},"sa":{"a":0,"k":0,"ix":5},"nm":"Transform"}],"nm":"Group 1","np":2,"cix":2,"bm":0,"ix":1,"mn":"ADBE Vector Group","hd":false}],"ip":0,"op":102,"st":7.5,"bm":0},{"ddd":0,"ind":7,"ty":4,"nm":"Hand shadow L","parent":4,"tt":1,"sr":1,"ks":{"o":{"a":0,"k":66,"ix":11},"r":{"a":0,"k":4,"ix":10},"p":{"a":0,"k":[-4.459,4.564,0],"ix":2,"l":2},"a":{"a":0,"k":[-2.459,-12.436,0],"ix":1,"l":2},"s":{"a":0,"k":[100,100,100],"ix":6,"l":2}},"ao":0,"shapes":[{"ty":"gr","it":[{"ind":0,"ty":"sh","ix":1,"ks":{"a":1,"k":[{"i":{"x":0,"y":1},"o":{"x":0.167,"y":0.167},"t":0,"s":[{"i":[[49.918,-8.33],[26.638,-4.9],[0,0],[64.963,-30.75],[35.777,-46.82],[-9.84,-58.16],[0,0],[-92.64,48],[-44.48,108.8]],"o":[[-13.384,2.233],[-26.638,4.9],[0,0],[-80.618,38.16],[-35.777,46.82],[5.52,32.48],[0,0],[92.64,-48],[24.777,-69.684]],"v":[[174.638,-176.26],[120.638,-183.9],[70.177,-163.98],[1.618,-172.66],[-149.723,-50.82],[-190.922,103.34],[-169.962,144.7],[-15.356,177.14],[178.986,-83.79]],"c":true}]},{"i":{"x":0,"y":1},"o":{"x":0.333,"y":0},"t":10,"s":[{"i":[[50.155,-6.759],[26.778,-4.062],[0,0],[65.895,-28.696],[37.229,-45.675],[-8.054,-58.434],[0,0],[-94.1,45.07],[-47.872,107.351]],"o":[[-13.448,1.812],[-26.778,4.062],[0,0],[-81.775,35.612],[-37.229,45.675],[4.498,32.637],[0,0],[94.1,-45.07],[26.951,-68.873]],"v":[[187.428,-164.062],[133.695,-173.393],[82.634,-155.066],[14.381,-165.892],[-140.708,-48.86],[-186.724,103.931],[-167.072,145.929],[-13.56,183.203],[188.873,-71.501]],"c":true}]},{"i":{"x":0.833,"y":0.833},"o":{"x":1,"y":0},"t":17.5,"s":[{"i":[[50.155,-6.759],[26.778,-4.062],[0,0],[65.895,-28.696],[37.229,-45.675],[-8.054,-58.434],[0,0],[-94.1,45.07],[-47.872,107.351]],"o":[[-13.448,1.812],[-26.778,4.062],[0,0],[-81.775,35.612],[-37.229,45.675],[4.498,32.637],[0,0],[94.1,-45.07],[26.951,-68.873]],"v":[[187.428,-164.062],[133.695,-173.393],[82.634,-155.066],[14.381,-165.892],[-140.708,-48.86],[-186.724,103.931],[-167.072,145.929],[-13.56,183.203],[188.873,-71.501]],"c":true}]},{"i":{"x":0,"y":1},"o":{"x":0.167,"y":0.167},"t":25,"s":[{"i":[[49.918,-8.33],[26.638,-4.9],[0,0],[64.963,-30.75],[35.777,-46.82],[-9.84,-58.16],[0,0],[-92.64,48],[-44.48,108.8]],"o":[[-13.384,2.233],[-26.638,4.9],[0,0],[-80.618,38.16],[-35.777,46.82],[5.52,32.48],[0,0],[92.64,-48],[24.777,-69.684]],"v":[[174.638,-176.26],[120.638,-183.9],[70.177,-163.98],[1.618,-172.66],[-149.723,-50.82],[-190.922,103.34],[-169.962,144.7],[-15.356,177.14],[178.986,-83.79]],"c":true}]},{"i":{"x":0.833,"y":0.833},"o":{"x":0.333,"y":0},"t":45,"s":[{"i":[[49.918,-8.33],[30.4,-12.24],[0,0],[42.88,-57.68],[45.84,-48],[-9.84,-58.16],[0,0],[-92.64,48],[-44.48,108.8]],"o":[[-13.384,2.233],[-12.56,5.12],[0,0],[-77.92,104.64],[-29.52,30.72],[5.52,32.48],[0,0],[92.64,-48],[24.777,-69.684]],"v":[[140.638,-208.26],[100.638,-212.9],[73.677,-178.98],[9.118,-164.66],[-148.723,-16.82],[-193.922,101.34],[-172.962,142.7],[-15.356,177.14],[178.986,-83.79]],"c":true}]},{"i":{"x":0.667,"y":1},"o":{"x":0.167,"y":0.167},"t":90,"s":[{"i":[[49.918,-8.33],[30.4,-12.24],[0,0],[42.88,-57.68],[45.84,-48],[-9.84,-58.16],[0,0],[-92.64,48],[-44.48,108.8]],"o":[[-13.384,2.233],[-12.56,5.12],[0,0],[-77.92,104.64],[-29.52,30.72],[5.52,32.48],[0,0],[92.64,-48],[24.777,-69.684]],"v":[[140.638,-208.26],[100.638,-212.9],[73.677,-178.98],[9.118,-164.66],[-148.723,-16.82],[-193.922,101.34],[-172.962,142.7],[-15.356,177.14],[178.986,-83.79]],"c":true}]},{"i":{"x":0.833,"y":0.833},"o":{"x":0.333,"y":0},"t":95,"s":[{"i":[[49.918,-8.33],[30.4,-12.24],[0,0],[42.88,-57.68],[45.84,-48],[-9.84,-58.16],[0,0],[-92.64,48],[-44.48,108.8]],"o":[[-13.384,2.233],[-12.56,5.12],[0,0],[-77.92,104.64],[-29.52,30.72],[5.52,32.48],[0,0],[92.64,-48],[24.777,-69.684]],"v":[[140.638,-208.26],[100.638,-212.9],[73.677,-178.98],[9.118,-164.66],[-148.723,-16.82],[-193.922,101.34],[-172.962,142.7],[-15.356,177.14],[178.986,-83.79]],"c":true}]},{"t":102.5,"s":[{"i":[[49.918,-8.33],[26.638,-4.9],[0,0],[64.963,-30.75],[35.777,-46.82],[-9.84,-58.16],[0,0],[-92.64,48],[-44.48,108.8]],"o":[[-13.384,2.233],[-26.638,4.9],[0,0],[-80.618,38.16],[-35.777,46.82],[5.52,32.48],[0,0],[92.64,-48],[24.777,-69.684]],"v":[[174.638,-176.26],[120.638,-183.9],[70.177,-163.98],[1.618,-172.66],[-149.723,-50.82],[-190.922,103.34],[-169.962,144.7],[-15.356,177.14],[178.986,-83.79]],"c":true}]}],"ix":2},"nm":"Path 1","mn":"ADBE Vector Shape - Group","hd":false},{"ty":"gf","o":{"a":0,"k":100,"ix":10},"r":1,"bm":0,"g":{"p":3,"k":{"a":0,"k":[0,0.929,0.424,0.188,0.5,0.929,0.424,0.188,1,0.929,0.424,0.188,0,1,0.5,0.6,1,0.2],"ix":9}},"s":{"a":0,"k":[8,266],"ix":5},"e":{"a":0,"k":[0,-158],"ix":6},"t":1,"nm":"Gradient Fill 1","mn":"ADBE Vector Graphic - G-Fill","hd":false},{"ty":"tr","p":{"a":0,"k":[0,0],"ix":2},"a":{"a":0,"k":[0,0],"ix":1},"s":{"a":0,"k":[100,100],"ix":3},"r":{"a":0,"k":0,"ix":6},"o":{"a":0,"k":100,"ix":7},"sk":{"a":0,"k":0,"ix":4},"sa":{"a":0,"k":0,"ix":5},"nm":"Transform"}],"nm":"Shape 1","np":3,"cix":2,"bm":0,"ix":1,"mn":"ADBE Vector Group","hd":false}],"ip":0,"op":102,"st":7.5,"bm":0},{"ddd":0,"ind":8,"ty":4,"nm":"base matte 2","parent":19,"td":1,"sr":1,"ks":{"o":{"a":0,"k":100,"ix":11},"r":{"a":0,"k":0,"ix":10},"p":{"s":true,"x":{"a":0,"k":0,"ix":3},"y":{"a":0,"k":0,"ix":4}},"a":{"a":0,"k":[0,0,0],"ix":1,"l":2},"s":{"a":0,"k":[100,100,100],"ix":6,"l":2}},"ao":0,"sy":[{"c":{"a":0,"k":[0.921568632126,0.560784339905,0,1],"ix":2},"o":{"a":0,"k":100,"ix":3},"a":{"a":0,"k":-55,"ix":5},"s":{"a":0,"k":0,"ix":8},"d":{"a":0,"k":30,"ix":6},"ch":{"a":0,"k":0,"ix":7},"bm":{"a":0,"k":1,"ix":1},"no":{"a":0,"k":0,"ix":9},"ty":2,"nm":"Inner Shadow"}],"shapes":[{"ty":"gr","it":[{"ind":0,"ty":"sh","ix":1,"ks":{"a":1,"k":[{"i":{"x":0,"y":1},"o":{"x":0.167,"y":0.167},"t":0,"s":[{"i":[[15.4,0],[0,38.4],[-27.9,0],[-10.6,-9.3],[0,-16.9],[11.5,-10.2]],"o":[[-27.9,0],[0,-38.4],[15.5,0],[11.5,10.2],[0,16.9],[-10.6,9.3]],"v":[[0,55.9],[-58,0],[0,-55.9],[40.4,-41.5],[58,0],[40.4,41.4]],"c":true}]},{"i":{"x":0,"y":1},"o":{"x":0.333,"y":0},"t":10,"s":[{"i":[[15.4,0],[0,38.4],[-27.9,0],[-10.6,-9.3],[0,-16.9],[11.5,-10.2]],"o":[[-27.9,0],[0,-38.4],[15.5,0],[11.5,10.2],[0,16.9],[-10.6,9.3]],"v":[[0,55.9],[-58,0],[0,-55.9],[40.4,-41.5],[58,0],[40.4,41.4]],"c":true}]},{"i":{"x":0.833,"y":0.833},"o":{"x":1,"y":0},"t":17.5,"s":[{"i":[[15.4,0],[0,38.4],[-27.9,0],[-10.6,-9.3],[0,-16.9],[11.5,-10.2]],"o":[[-27.9,0],[0,-38.4],[15.5,0],[11.5,10.2],[0,16.9],[-10.6,9.3]],"v":[[0,55.9],[-58,0],[0,-55.9],[40.4,-41.5],[58,0],[40.4,41.4]],"c":true}]},{"i":{"x":0.833,"y":0.833},"o":{"x":0.167,"y":0.167},"t":25,"s":[{"i":[[15.565,0],[0,37.12],[-28.2,0],[-10.714,-8.768],[0,-16.337],[11.624,-9.86]],"o":[[-28.2,0],[0,-37.12],[15.667,0],[11.624,9.617],[0,16.337],[-10.714,8.99]],"v":[[0,51.755],[-58.623,-2.281],[0,-55.9],[40.834,-42.324],[58.623,-2.281],[40.834,37.738]],"c":true}]},{"i":{"x":0,"y":1},"o":{"x":0.167,"y":0.167},"t":27.5,"s":[{"i":[[14.803,0],[0,39.522],[-27.9,0],[-10.6,-9.3],[0,-17.394],[11.054,-10.498]],"o":[[-26.818,0],[0,-39.522],[15.5,0],[11.5,10.2],[0,17.394],[-10.189,9.572]],"v":[[0,58.656],[-55.75,1.122],[0,-55.9],[40.4,-41.5],[55.75,1.122],[38.833,43.732]],"c":true}]},{"i":{"x":0.833,"y":0.833},"o":{"x":0.333,"y":0},"t":67.5,"s":[{"i":[[15.4,0],[0,38.4],[-27.9,0],[-10.6,-9.3],[0,-16.9],[11.5,-10.2]],"o":[[-27.9,0],[0,-38.4],[15.5,0],[11.5,10.2],[0,16.9],[-10.6,9.3]],"v":[[0,55.9],[-58,0],[0,-55.9],[40.4,-41.5],[58,0],[40.4,41.4]],"c":true}]},{"i":{"x":0.667,"y":1},"o":{"x":0.167,"y":0.167},"t":90,"s":[{"i":[[15.4,0],[0,38.4],[-27.9,0],[-10.6,-9.3],[0,-16.9],[11.5,-10.2]],"o":[[-27.9,0],[0,-38.4],[15.5,0],[11.5,10.2],[0,16.9],[-10.6,9.3]],"v":[[0,55.9],[-58,0],[0,-55.9],[40.4,-41.5],[58,0],[40.4,41.4]],"c":true}]},{"i":{"x":0.833,"y":0.833},"o":{"x":0.333,"y":0},"t":95,"s":[{"i":[[14.836,0],[0,38.821],[-26.878,0],[-10.212,-9.402],[0,-17.085],[11.079,-10.312]],"o":[[-26.878,0],[0,-38.821],[14.932,0],[11.079,10.312],[0,17.085],[-10.212,9.402]],"v":[[0,55.9],[-55.875,-0.613],[0,-57.125],[38.92,-42.567],[55.875,-0.613],[38.92,41.241]],"c":true}]},{"t":102.5,"s":[{"i":[[15.4,0],[0,38.4],[-27.9,0],[-10.6,-9.3],[0,-16.9],[11.5,-10.2]],"o":[[-27.9,0],[0,-38.4],[15.5,0],[11.5,10.2],[0,16.9],[-10.6,9.3]],"v":[[0,55.9],[-58,0],[0,-55.9],[40.4,-41.5],[58,0],[40.4,41.4]],"c":true}]}],"ix":2},"nm":"Path 1","mn":"ADBE Vector Shape - Group","hd":false},{"ty":"gf","o":{"a":0,"k":100,"ix":10},"r":1,"bm":0,"g":{"p":5,"k":{"a":0,"k":[0.48,0.992,0.878,0.188,0.691,0.98,0.816,0.178,0.902,0.969,0.753,0.169,0.966,0.963,0.694,0.153,1,0.957,0.635,0.137],"ix":9}},"s":{"a":0,"k":[0,0],"ix":5},"e":{"a":0,"k":[56.225,0],"ix":6},"t":2,"h":{"a":0,"k":0,"ix":7},"a":{"a":0,"k":0,"ix":8},"nm":"Gradient Fill 1","mn":"ADBE Vector Graphic - G-Fill","hd":false},{"ty":"tr","p":{"a":0,"k":[0,0],"ix":2},"a":{"a":0,"k":[0,0],"ix":1},"s":{"a":0,"k":[100,100],"ix":3},"r":{"a":0,"k":0,"ix":6},"o":{"a":0,"k":100,"ix":7},"sk":{"a":0,"k":0,"ix":4},"sa":{"a":0,"k":0,"ix":5},"nm":"Transform"}],"nm":"Group 1","np":2,"cix":2,"bm":0,"ix":1,"mn":"ADBE Vector Group","hd":false}],"ip":0,"op":102,"st":7.5,"bm":0},{"ddd":0,"ind":9,"ty":4,"nm":"Hand shadow R","parent":5,"tt":1,"sr":1,"ks":{"o":{"a":0,"k":66,"ix":11},"r":{"a":0,"k":0,"ix":10},"p":{"a":0,"k":[-4.459,4.564,0],"ix":2,"l":2},"a":{"a":0,"k":[-2.459,-12.436,0],"ix":1,"l":2},"s":{"a":0,"k":[100,100,100],"ix":6,"l":2}},"ao":0,"shapes":[{"ty":"gr","it":[{"ind":0,"ty":"sh","ix":1,"ks":{"a":1,"k":[{"i":{"x":0,"y":1},"o":{"x":0.167,"y":0.167},"t":0,"s":[{"i":[[49.918,-8.33],[26.638,-4.9],[0,0],[64.963,-30.75],[35.777,-46.82],[-9.84,-58.16],[0,0],[-92.64,48],[-44.48,108.8]],"o":[[-13.384,2.233],[-26.638,4.9],[0,0],[-80.618,38.16],[-35.777,46.82],[5.52,32.48],[0,0],[92.64,-48],[24.777,-69.684]],"v":[[174.638,-176.26],[120.638,-183.9],[70.177,-163.98],[1.618,-172.66],[-149.723,-50.82],[-190.922,103.34],[-169.962,144.7],[-15.356,177.14],[178.986,-83.79]],"c":true}]},{"i":{"x":0,"y":1},"o":{"x":0.333,"y":0},"t":10,"s":[{"i":[[50.155,-6.759],[26.778,-4.062],[0,0],[65.895,-28.696],[37.229,-45.675],[-8.054,-58.434],[0,0],[-94.1,45.07],[-47.872,107.351]],"o":[[-13.448,1.812],[-26.778,4.062],[0,0],[-81.775,35.612],[-37.229,45.675],[4.498,32.637],[0,0],[94.1,-45.07],[26.951,-68.873]],"v":[[187.428,-164.062],[133.695,-173.393],[82.634,-155.066],[14.381,-165.892],[-140.708,-48.86],[-186.724,103.931],[-167.072,145.929],[-13.56,183.203],[188.873,-71.501]],"c":true}]},{"i":{"x":0.833,"y":0.833},"o":{"x":1,"y":0},"t":17.5,"s":[{"i":[[50.155,-6.759],[26.778,-4.062],[0,0],[65.895,-28.696],[37.229,-45.675],[-8.054,-58.434],[0,0],[-94.1,45.07],[-47.872,107.351]],"o":[[-13.448,1.812],[-26.778,4.062],[0,0],[-81.775,35.612],[-37.229,45.675],[4.498,32.637],[0,0],[94.1,-45.07],[26.951,-68.873]],"v":[[187.428,-164.062],[133.695,-173.393],[82.634,-155.066],[14.381,-165.892],[-140.708,-48.86],[-186.724,103.931],[-167.072,145.929],[-13.56,183.203],[188.873,-71.501]],"c":true}]},{"i":{"x":0,"y":1},"o":{"x":0.167,"y":0.167},"t":25,"s":[{"i":[[49.918,-8.33],[26.638,-4.9],[0,0],[64.963,-30.75],[35.777,-46.82],[-9.84,-58.16],[0,0],[-92.64,48],[-44.48,108.8]],"o":[[-13.384,2.233],[-26.638,4.9],[0,0],[-80.618,38.16],[-35.777,46.82],[5.52,32.48],[0,0],[92.64,-48],[24.777,-69.684]],"v":[[174.638,-176.26],[120.638,-183.9],[70.177,-163.98],[1.618,-172.66],[-149.723,-50.82],[-190.922,103.34],[-169.962,144.7],[-15.356,177.14],[178.986,-83.79]],"c":true}]},{"i":{"x":0.833,"y":0.833},"o":{"x":0.333,"y":0},"t":45,"s":[{"i":[[49.918,-8.33],[30.4,-12.24],[0,0],[42.88,-57.68],[45.84,-48],[-9.84,-58.16],[0,0],[-92.64,48],[-44.48,108.8]],"o":[[-13.384,2.233],[-12.56,5.12],[0,0],[-77.92,104.64],[-29.52,30.72],[5.52,32.48],[0,0],[92.64,-48],[24.777,-69.684]],"v":[[140.638,-208.26],[100.638,-212.9],[73.677,-178.98],[9.118,-164.66],[-148.723,-16.82],[-193.922,101.34],[-172.962,142.7],[-15.356,177.14],[178.986,-83.79]],"c":true}]},{"i":{"x":0.667,"y":1},"o":{"x":0.167,"y":0.167},"t":90,"s":[{"i":[[49.918,-8.33],[30.4,-12.24],[0,0],[42.88,-57.68],[45.84,-48],[-9.84,-58.16],[0,0],[-92.64,48],[-44.48,108.8]],"o":[[-13.384,2.233],[-12.56,5.12],[0,0],[-77.92,104.64],[-29.52,30.72],[5.52,32.48],[0,0],[92.64,-48],[24.777,-69.684]],"v":[[140.638,-208.26],[100.638,-212.9],[73.677,-178.98],[9.118,-164.66],[-148.723,-16.82],[-193.922,101.34],[-172.962,142.7],[-15.356,177.14],[178.986,-83.79]],"c":true}]},{"i":{"x":0.833,"y":0.833},"o":{"x":0.333,"y":0},"t":95,"s":[{"i":[[49.918,-8.33],[30.4,-12.24],[0,0],[42.88,-57.68],[45.84,-48],[-9.84,-58.16],[0,0],[-92.64,48],[-44.48,108.8]],"o":[[-13.384,2.233],[-12.56,5.12],[0,0],[-77.92,104.64],[-29.52,30.72],[5.52,32.48],[0,0],[92.64,-48],[24.777,-69.684]],"v":[[140.638,-208.26],[100.638,-212.9],[73.677,-178.98],[9.118,-164.66],[-148.723,-16.82],[-193.922,101.34],[-172.962,142.7],[-15.356,177.14],[178.986,-83.79]],"c":true}]},{"t":102.5,"s":[{"i":[[49.918,-8.33],[26.638,-4.9],[0,0],[64.963,-30.75],[35.777,-46.82],[-9.84,-58.16],[0,0],[-92.64,48],[-44.48,108.8]],"o":[[-13.384,2.233],[-26.638,4.9],[0,0],[-80.618,38.16],[-35.777,46.82],[5.52,32.48],[0,0],[92.64,-48],[24.777,-69.684]],"v":[[174.638,-176.26],[120.638,-183.9],[70.177,-163.98],[1.618,-172.66],[-149.723,-50.82],[-190.922,103.34],[-169.962,144.7],[-15.356,177.14],[178.986,-83.79]],"c":true}]}],"ix":2},"nm":"Path 1","mn":"ADBE Vector Shape - Group","hd":false},{"ty":"gf","o":{"a":0,"k":100,"ix":10},"r":1,"bm":0,"g":{"p":3,"k":{"a":0,"k":[0,0.929,0.424,0.188,0.5,0.929,0.424,0.188,1,0.929,0.424,0.188,0,1,0.5,0.6,1,0.2],"ix":9}},"s":{"a":0,"k":[8,266],"ix":5},"e":{"a":0,"k":[0,-158],"ix":6},"t":1,"nm":"Gradient Fill 1","mn":"ADBE Vector Graphic - G-Fill","hd":false},{"ty":"tr","p":{"a":0,"k":[0,0],"ix":2},"a":{"a":0,"k":[0,0],"ix":1},"s":{"a":0,"k":[100,100],"ix":3},"r":{"a":0,"k":0,"ix":6},"o":{"a":0,"k":100,"ix":7},"sk":{"a":0,"k":0,"ix":4},"sa":{"a":0,"k":0,"ix":5},"nm":"Transform"}],"nm":"Shape 1","np":3,"cix":2,"bm":0,"ix":1,"mn":"ADBE Vector Group","hd":false}],"ip":0,"op":102,"st":7.5,"bm":0},{"ddd":0,"ind":10,"ty":3,"nm":"Null Face","parent":1,"sr":1,"ks":{"o":{"a":0,"k":0,"ix":11},"r":{"a":0,"k":0,"ix":10},"p":{"s":true,"x":{"a":1,"k":[{"i":{"x":[0.833],"y":[0.833]},"o":{"x":[0.167],"y":[0.167]},"t":20,"s":[0]},{"i":{"x":[0.833],"y":[0.833]},"o":{"x":[0.167],"y":[0.167]},"t":25,"s":[-16]},{"i":{"x":[0.833],"y":[0.833]},"o":{"x":[0.167],"y":[0.167]},"t":30,"s":[16]},{"i":{"x":[0.833],"y":[0.833]},"o":{"x":[0.167],"y":[0.167]},"t":35,"s":[-16]},{"i":{"x":[0.833],"y":[0.833]},"o":{"x":[0.167],"y":[0.167]},"t":40,"s":[16]},{"i":{"x":[0.833],"y":[0.833]},"o":{"x":[0.167],"y":[0.167]},"t":45,"s":[-16]},{"i":{"x":[0.833],"y":[0.833]},"o":{"x":[0.167],"y":[0.167]},"t":50,"s":[16]},{"i":{"x":[0.833],"y":[0.833]},"o":{"x":[0.167],"y":[0.167]},"t":55,"s":[-16]},{"i":{"x":[0.833],"y":[0.833]},"o":{"x":[0.167],"y":[0.167]},"t":60,"s":[16]},{"i":{"x":[0.833],"y":[0.833]},"o":{"x":[0.167],"y":[0.167]},"t":65,"s":[-16]},{"i":{"x":[0.833],"y":[0.833]},"o":{"x":[0.167],"y":[0.167]},"t":70,"s":[16]},{"i":{"x":[0.469],"y":[1]},"o":{"x":[0.167],"y":[0.167]},"t":75,"s":[-9.313]},{"t":88,"s":[0]}],"ix":3},"y":{"a":1,"k":[{"i":{"x":[0],"y":[1]},"o":{"x":[0.167],"y":[0.167]},"t":0,"s":[0]},{"i":{"x":[0.667],"y":[1]},"o":{"x":[0.333],"y":[0]},"t":10,"s":[-40]},{"i":{"x":[0.833],"y":[0.833]},"o":{"x":[0.333],"y":[0]},"t":17.5,"s":[-40]},{"i":{"x":[0],"y":[1]},"o":{"x":[0.167],"y":[0]},"t":25,"s":[0]},{"i":{"x":[0.833],"y":[1]},"o":{"x":[0.333],"y":[0]},"t":67.5,"s":[0]},{"i":{"x":[0.667],"y":[1]},"o":{"x":[0.167],"y":[0]},"t":90,"s":[0]},{"i":{"x":[0.833],"y":[0.833]},"o":{"x":[0.333],"y":[0]},"t":95,"s":[0]},{"t":100,"s":[-40]}],"ix":4}},"a":{"a":0,"k":[0,0,0],"ix":1,"l":2},"s":{"a":0,"k":[100,100,100],"ix":6,"l":2}},"ao":0,"ip":0,"op":102,"st":7.5,"bm":0},{"ddd":0,"ind":11,"ty":4,"nm":"eyes scream","parent":10,"sr":1,"ks":{"o":{"a":0,"k":100,"ix":11},"r":{"a":0,"k":0,"ix":10},"p":{"s":true,"x":{"a":0,"k":0,"ix":3},"y":{"a":1,"k":[{"i":{"x":[0],"y":[1]},"o":{"x":[0.167],"y":[0.167]},"t":25,"s":[-89.945]},{"i":{"x":[0.833],"y":[1]},"o":{"x":[0.333],"y":[0]},"t":45,"s":[-33.945]},{"i":{"x":[0.667],"y":[1]},"o":{"x":[0.167],"y":[0.167]},"t":90,"s":[-33.945]},{"t":95,"s":[-14.945]}],"ix":4}},"a":{"a":0,"k":[0,0.055,0],"ix":1,"l":2},"s":{"a":0,"k":[100,100,100],"ix":6,"l":2}},"ao":0,"shapes":[{"ty":"gr","it":[{"ind":0,"ty":"sh","ix":1,"ks":{"a":1,"k":[{"i":{"x":0.833,"y":0.833},"o":{"x":0.167,"y":0.167},"t":25,"s":[{"i":[[0,0],[15.1,-15.874],[23.2,-3.252],[20.32,14.88],[7.92,23.824],[1.12,6.017],[0.4,6.017],[0,0],[0,0],[-1.12,5.854],[-12.48,19.027],[-19.44,11.709],[-21.84,-3.903],[0,0],[16.089,-12.51],[9.52,-18.051],[3.28,-20.165],[-6.32,-19.352],[-15.92,-12.359],[-20.16,1.301],[-15.44,13.01],[-9.28,18.295]],"o":[[-5.92,21.222],[-16.32,17.157],[-24.88,3.171],[-20,-14.799],[-1.84,-5.773],[-1.04,-5.936],[0,0],[0,0],[0.24,-5.936],[4.4,-22.442],[12.08,-19.433],[18.96,-11.627],[0,0],[-20.24,0.407],[-16,12.441],[-10,17.726],[-3.04,20.165],[6.08,19.352],[15.92,12.603],[20,-1.464],[15.6,-13.091],[0,0]],"v":[[-91.36,26.721],[-123.36,83.151],[-184.4,114.618],[-254.8,96.323],[-297.76,36.885],[-302.24,19.159],[-304.4,1.189],[-304.96,-8.162],[-304.56,-17.106],[-302.56,-34.75],[-276.96,-97.604],[-228.96,-144.927],[-165.68,-156.88],[-165.68,-154.522],[-221.68,-134.6],[-260.4,-88.253],[-280.4,-31.01],[-275.44,29.079],[-241.68,77.866],[-185.68,95.429],[-131.12,73.15],[-93.44,25.664]],"c":true}]},{"i":{"x":0,"y":1},"o":{"x":0.167,"y":0.167},"t":27.5,"s":[{"i":[[0,0],[15.12,-18.318],[23.2,-3.758],[20.32,17.191],[7.92,27.524],[1.12,6.952],[0.4,6.952],[0,0],[0,0],[-1.12,6.764],[-12.48,21.982],[-19.44,13.527],[-21.84,-4.509],[0,0],[16.08,-14.467],[9.52,-20.855],[3.28,-23.297],[-6.32,-22.358],[-15.92,-14.279],[-20.16,1.503],[-15.44,15.03],[-9.28,21.137]],"o":[[-5.92,24.519],[-16.32,19.821],[-24.88,3.664],[-20,-17.097],[-1.84,-6.67],[-1.04,-6.858],[0,0],[0,0],[0.24,-6.858],[4.4,-25.928],[12.08,-22.452],[18.96,-13.433],[0,0],[-20.24,0.47],[-16,14.373],[-10,20.479],[-3.04,23.297],[6.08,22.358],[15.92,14.561],[20,-1.691],[15.6,-15.124],[0,0]],"v":[[-91.36,55.895],[-123.36,121.089],[-184.4,157.444],[-254.8,136.308],[-297.76,67.637],[-302.24,47.158],[-304.4,26.397],[-304.96,15.594],[-304.56,5.261],[-302.56,-15.124],[-276.96,-87.74],[-228.96,-142.414],[-165.68,-156.223],[-165.68,-153.499],[-221.68,-130.483],[-260.4,-76.937],[-280.4,-10.803],[-275.44,58.619],[-241.68,114.983],[-185.68,135.274],[-131.12,109.535],[-93.44,54.673]],"c":true}]},{"i":{"x":0.833,"y":0.833},"o":{"x":0.333,"y":0},"t":45,"s":[{"i":[[0,0],[15.12,-15.6],[23.2,-3.2],[20.32,14.64],[7.92,23.44],[1.12,5.92],[0.4,5.92],[0,0],[0,0],[-1.12,5.76],[-12.48,18.72],[-19.44,11.52],[-21.84,-3.84],[0,0],[16.08,-12.32],[9.52,-17.76],[3.28,-19.84],[-6.32,-19.04],[-15.92,-12.16],[-20.16,1.28],[-15.44,12.8],[-9.28,18]],"o":[[-5.92,20.88],[-16.32,16.88],[-24.88,3.12],[-20,-14.56],[-1.84,-5.68],[-1.04,-5.84],[0,0],[0,0],[0.24,-5.84],[4.4,-22.08],[12.08,-19.12],[18.96,-11.44],[0,0],[-20.24,0.4],[-16,12.24],[-10,17.44],[-3.04,19.84],[6.08,19.04],[15.92,12.4],[20,-1.44],[15.6,-12.88],[0,0]],"v":[[-91.36,47.6],[-123.36,103.12],[-184.4,134.08],[-254.8,116.08],[-297.76,57.6],[-302.24,40.16],[-304.4,22.48],[-304.96,13.28],[-304.56,4.48],[-302.56,-12.88],[-276.96,-74.72],[-228.96,-121.28],[-165.68,-133.04],[-165.68,-130.72],[-221.68,-111.12],[-260.4,-65.52],[-280.4,-9.2],[-275.44,49.92],[-241.68,97.92],[-185.68,115.2],[-131.12,93.28],[-93.44,46.56]],"c":true}]},{"t":90,"s":[{"i":[[0,0],[15.12,-15.6],[23.2,-3.2],[20.32,14.64],[7.92,23.44],[1.12,5.92],[0.4,5.92],[0,0],[0,0],[-1.12,5.76],[-12.48,18.72],[-19.44,11.52],[-21.84,-3.84],[0,0],[16.08,-12.32],[9.52,-17.76],[3.28,-19.84],[-6.32,-19.04],[-15.92,-12.16],[-20.16,1.28],[-15.44,12.8],[-9.28,18]],"o":[[-5.92,20.88],[-16.32,16.88],[-24.88,3.12],[-20,-14.56],[-1.84,-5.68],[-1.04,-5.84],[0,0],[0,0],[0.24,-5.84],[4.4,-22.08],[12.08,-19.12],[18.96,-11.44],[0,0],[-20.24,0.4],[-16,12.24],[-10,17.44],[-3.04,19.84],[6.08,19.04],[15.92,12.4],[20,-1.44],[15.6,-12.88],[0,0]],"v":[[-91.36,47.6],[-123.36,103.12],[-184.4,134.08],[-254.8,116.08],[-297.76,57.6],[-302.24,40.16],[-304.4,22.48],[-304.96,13.28],[-304.56,4.48],[-302.56,-12.88],[-276.96,-74.72],[-228.96,-121.28],[-165.68,-133.04],[-165.68,-130.72],[-221.68,-111.12],[-260.4,-65.52],[-280.4,-9.2],[-275.44,49.92],[-241.68,97.92],[-185.68,115.2],[-131.12,93.28],[-93.44,46.56]],"c":true}]}],"ix":2},"nm":"Path 2","mn":"ADBE Vector Shape - Group","hd":false},{"ind":1,"ty":"sh","ix":2,"ks":{"a":1,"k":[{"i":{"x":0.833,"y":0.833},"o":{"x":0.167,"y":0.167},"t":25,"s":[{"i":[[0,0],[-18.96,-11.628],[-12.08,-19.433],[-4.32,-22.686],[-0.24,-5.936],[0,0],[0,0],[3.838,-11.547],[20.087,-14.789],[24.88,3.171],[16.4,17.238],[5.84,21.222],[0,0],[-15.52,-13.172],[-20.08,-1.464],[-15.92,12.603],[-6.08,19.352],[3.04,20.165],[9.92,17.807],[15.991,12.453],[20.24,0.407]],"o":[[21.84,-3.903],[19.44,11.709],[12.56,19.271],[1.04,5.854],[0,0],[0,0],[-0.48,12.115],[-7.92,23.824],[-20.32,14.961],[-23.44,-3.171],[-15.12,-15.774],[0,0],[9.2,18.214],[15.52,13.091],[20.16,1.301],[15.84,-12.441],[6.32,-19.352],[-3.12,-20.165],[-9.52,-18.051],[-16.08,-12.522],[0,0]],"v":[[166.08,-157.205],[229.36,-145.252],[277.36,-97.929],[302.96,-34.425],[304.96,-16.78],[304.96,-7.836],[304.96,1.189],[298.4,36.885],[255.44,96.242],[185.12,114.537],[123.6,83.069],[91.6,26.721],[93.68,25.583],[131.12,73.15],[185.84,95.51],[241.84,77.947],[275.52,29.16],[280.48,-30.929],[260.8,-88.416],[222.08,-134.763],[166.08,-154.684]],"c":true}]},{"i":{"x":0,"y":1},"o":{"x":0.167,"y":0.167},"t":27.5,"s":[{"i":[[0,0],[-18.96,-13.434],[-12.08,-22.452],[-4.32,-26.209],[-0.24,-6.858],[0,0],[0,0],[3.84,-13.34],[20.08,-17.097],[24.88,3.664],[16.4,19.915],[5.84,24.519],[0,0],[-15.52,-15.218],[-20.08,-1.691],[-15.92,14.561],[-6.08,22.358],[3.04,23.297],[9.92,20.573],[16,14.373],[20.24,0.47]],"o":[[21.84,-4.509],[19.44,13.527],[12.56,22.264],[1.04,6.764],[0,0],[0,0],[-0.48,13.997],[-7.92,27.524],[-20.32,17.285],[-23.44,-3.664],[-15.12,-18.224],[0,0],[9.2,21.043],[15.52,15.124],[20.16,1.503],[15.84,-14.373],[6.32,-22.358],[-3.12,-23.297],[-9.52,-20.855],[-16.08,-14.467],[0,0]],"v":[[166.08,-156.599],[229.36,-142.789],[277.36,-88.116],[302.96,-14.749],[304.96,5.637],[304.96,15.97],[304.96,26.397],[298.4,67.637],[255.44,136.214],[185.12,157.35],[123.6,120.995],[91.6,55.895],[93.68,54.579],[131.12,109.535],[185.84,135.368],[241.84,115.077],[275.52,58.713],[280.48,-10.709],[260.8,-77.125],[222.08,-130.671],[166.08,-153.686]],"c":true}]},{"i":{"x":0.833,"y":0.833},"o":{"x":0.333,"y":0},"t":45,"s":[{"i":[[0,0],[-18.96,-11.44],[-12.08,-19.12],[-4.32,-22.32],[-0.24,-5.84],[0,0],[0,0],[3.84,-11.36],[20.08,-14.56],[24.88,3.12],[16.4,16.96],[5.84,20.88],[0,0],[-15.52,-12.96],[-20.08,-1.44],[-15.92,12.4],[-6.08,19.04],[3.04,19.84],[9.92,17.52],[16,12.24],[20.24,0.4]],"o":[[21.84,-3.84],[19.44,11.52],[12.56,18.96],[1.04,5.76],[0,0],[0,0],[-0.48,11.92],[-7.92,23.44],[-20.32,14.72],[-23.44,-3.12],[-15.12,-15.52],[0,0],[9.2,17.92],[15.52,12.88],[20.16,1.28],[15.84,-12.24],[6.32,-19.04],[-3.12,-19.84],[-9.52,-17.76],[-16.08,-12.32],[0,0]],"v":[[166.08,-133.36],[229.36,-121.6],[277.36,-75.04],[302.96,-12.56],[304.96,4.8],[304.96,13.6],[304.96,22.48],[298.4,57.6],[255.44,116],[185.12,134],[123.6,103.04],[91.6,47.6],[93.68,46.48],[131.12,93.28],[185.84,115.28],[241.84,98],[275.52,50],[280.48,-9.12],[260.8,-65.68],[222.08,-111.28],[166.08,-130.88]],"c":true}]},{"t":90,"s":[{"i":[[0,0],[-18.96,-11.44],[-12.08,-19.12],[-4.32,-22.32],[-0.24,-5.84],[0,0],[0,0],[3.84,-11.36],[20.08,-14.56],[24.88,3.12],[16.4,16.96],[5.84,20.88],[0,0],[-15.52,-12.96],[-20.08,-1.44],[-15.92,12.4],[-6.08,19.04],[3.04,19.84],[9.92,17.52],[16,12.24],[20.24,0.4]],"o":[[21.84,-3.84],[19.44,11.52],[12.56,18.96],[1.04,5.76],[0,0],[0,0],[-0.48,11.92],[-7.92,23.44],[-20.32,14.72],[-23.44,-3.12],[-15.12,-15.52],[0,0],[9.2,17.92],[15.52,12.88],[20.16,1.28],[15.84,-12.24],[6.32,-19.04],[-3.12,-19.84],[-9.52,-17.76],[-16.08,-12.32],[0,0]],"v":[[166.08,-133.36],[229.36,-121.6],[277.36,-75.04],[302.96,-12.56],[304.96,4.8],[304.96,13.6],[304.96,22.48],[298.4,57.6],[255.44,116],[185.12,134],[123.6,103.04],[91.6,47.6],[93.68,46.48],[131.12,93.28],[185.84,115.28],[241.84,98],[275.52,50],[280.48,-9.12],[260.8,-65.68],[222.08,-111.28],[166.08,-130.88]],"c":true}]}],"ix":2},"nm":"Path 4","mn":"ADBE Vector Shape - Group","hd":false},{"ty":"fl","c":{"a":0,"k":[0.921568627451,0.560784313725,0,1],"ix":4},"o":{"a":0,"k":100,"ix":5},"r":1,"bm":0,"nm":"Fill 1","mn":"ADBE Vector Graphic - Fill","hd":false},{"ty":"tr","p":{"a":0,"k":[0,0],"ix":2},"a":{"a":0,"k":[0,0],"ix":1},"s":{"a":0,"k":[100,100],"ix":3},"r":{"a":0,"k":0,"ix":6},"o":{"a":0,"k":100,"ix":7},"sk":{"a":0,"k":0,"ix":4},"sa":{"a":0,"k":0,"ix":5},"nm":"Transform"}],"nm":"Shape 2","np":4,"cix":2,"bm":0,"ix":1,"mn":"ADBE Vector Group","hd":false},{"ty":"gr","it":[{"ind":0,"ty":"sh","ix":1,"ks":{"a":1,"k":[{"i":{"x":0.833,"y":0.833},"o":{"x":0.167,"y":0.167},"t":25,"s":[{"i":[[-35.84,0],[-13.76,-8.944],[36.452,-70.795],[35.76,0],[13.76,8.944],[-36.452,70.795]],"o":[[16.32,0],[45.12,29.028],[-25.12,48.787],[-16.32,0],[-45.12,-29.028],[25.12,-48.787]],"v":[[-166.16,-148.423],[-120.08,-134.682],[-92.48,33.714],[-191.12,105.023],[-237.2,91.282],[-264.8,-77.113]],"c":true}]},{"i":{"x":0,"y":1},"o":{"x":0.167,"y":0.167},"t":27.5,"s":[{"i":[[-35.84,0],[-13.76,-10.333],[36.4,-81.822],[35.76,0],[13.76,10.333],[-36.4,81.822]],"o":[[16.32,0],[45.12,33.537],[-25.12,56.364],[-16.32,0],[-45.12,-33.537],[25.12,-56.364]],"v":[[-166.16,-146.453],[-120.08,-130.577],[-92.48,63.973],[-191.12,146.359],[-237.2,130.483],[-264.8,-64.067]],"c":true}]},{"i":{"x":0.833,"y":0.833},"o":{"x":0.333,"y":0},"t":45,"s":[{"i":[[-35.84,0],[-13.76,-8.8],[36.4,-69.68],[35.76,0],[13.76,8.8],[-36.4,69.68]],"o":[[16.32,0],[45.12,28.56],[-25.12,48],[-16.32,0],[-45.12,-28.56],[25.12,-48]],"v":[[-166.08,-132.16],[-120,-118.64],[-92.4,47.04],[-191.04,117.2],[-237.12,103.68],[-264.72,-62]],"c":true}]},{"t":90,"s":[{"i":[[-35.84,0],[-13.76,-8.8],[36.4,-69.68],[35.76,0],[13.76,8.8],[-36.4,69.68]],"o":[[16.32,0],[45.12,28.56],[-25.12,48],[-16.32,0],[-45.12,-28.56],[25.12,-48]],"v":[[-166.08,-132.16],[-120,-118.64],[-92.4,47.04],[-191.04,117.2],[-237.12,103.68],[-264.72,-62]],"c":true}]}],"ix":2},"nm":"Path 1","mn":"ADBE Vector Shape - Group","hd":false},{"ind":1,"ty":"sh","ix":2,"ks":{"a":1,"k":[{"i":{"x":0.833,"y":0.833},"o":{"x":0.167,"y":0.167},"t":25,"s":[{"i":[[-16.32,0],[-25.163,-48.52],[45.12,-29.028],[16.32,0],[25.12,48.543],[-45.12,29.028]],"o":[[35.84,0],[36.56,70.497],[-13.76,9.026],[-35.76,0],[-36.8,-70.578],[13.76,-8.944]],"v":[[166,-148.423],[264.64,-77.113],[237.04,91.282],[190.96,105.105],[92.32,33.795],[119.92,-134.682]],"c":true}]},{"i":{"x":0,"y":1},"o":{"x":0.167,"y":0.167},"t":27.5,"s":[{"i":[[-16.32,0],[-25.12,-56.082],[45.12,-33.537],[16.32,0],[25.12,56.082],[-45.12,33.537]],"o":[[35.84,0],[36.56,81.446],[-13.76,10.427],[-35.76,0],[-36.8,-81.54],[13.76,-10.333]],"v":[[166,-146.453],[264.64,-64.067],[237.04,130.483],[190.96,146.453],[92.32,64.067],[119.92,-130.577]],"c":true}]},{"i":{"x":0.833,"y":0.833},"o":{"x":0.333,"y":0},"t":45,"s":[{"i":[[-16.32,0],[-25.12,-47.76],[45.12,-28.56],[16.32,0],[25.12,47.76],[-45.12,28.56]],"o":[[35.84,0],[36.56,69.36],[-13.76,8.88],[-35.76,0],[-36.8,-69.44],[13.76,-8.8]],"v":[[166.08,-132.16],[264.72,-62],[237.12,103.68],[191.04,117.28],[92.4,47.12],[120,-118.64]],"c":true}]},{"t":90,"s":[{"i":[[-16.32,0],[-25.12,-47.76],[45.12,-28.56],[16.32,0],[25.12,47.76],[-45.12,28.56]],"o":[[35.84,0],[36.56,69.36],[-13.76,8.88],[-35.76,0],[-36.8,-69.44],[13.76,-8.8]],"v":[[166.08,-132.16],[264.72,-62],[237.12,103.68],[191.04,117.28],[92.4,47.12],[120,-118.64]],"c":true}]}],"ix":2},"nm":"Path 3","mn":"ADBE Vector Shape - Group","hd":false},{"ty":"fl","c":{"a":0,"k":[1,1,1,1],"ix":4},"o":{"a":0,"k":100,"ix":5},"r":1,"bm":0,"nm":"Fill 1","mn":"ADBE Vector Graphic - Fill","hd":false},{"ty":"tr","p":{"a":0,"k":[0,0],"ix":2},"a":{"a":0,"k":[0,0],"ix":1},"s":{"a":0,"k":[100,100],"ix":3},"r":{"a":0,"k":0,"ix":6},"o":{"a":0,"k":100,"ix":7},"sk":{"a":0,"k":0,"ix":4},"sa":{"a":0,"k":0,"ix":5},"nm":"Transform"}],"nm":"Shape 1","np":4,"cix":2,"bm":0,"ix":2,"mn":"ADBE Vector Group","hd":false}],"ip":25,"op":102,"st":25,"bm":0},{"ddd":0,"ind":12,"ty":4,"nm":"eyes normal","parent":10,"sr":1,"ks":{"o":{"a":0,"k":100,"ix":11},"r":{"a":0,"k":0,"ix":10},"p":{"a":0,"k":[0,-85.601,0],"ix":2,"l":2},"a":{"a":0,"k":[27.45,6.65,0],"ix":1,"l":2},"s":{"a":0,"k":[800,800,100],"ix":6,"l":2}},"ao":0,"shapes":[{"ty":"gr","it":[{"ind":0,"ty":"sh","ix":1,"ks":{"a":1,"k":[{"i":{"x":0.833,"y":0.833},"o":{"x":0.333,"y":0},"t":17.5,"s":[{"i":[[0.899,0.8],[0,0],[0.7,-1.4],[-0.901,-0.9],[-0.701,1.4]],"o":[[0,0],[-1.4,-0.7],[-0.5,1.1],[1.399,0.7],[0.5,-1.1]],"v":[[3.601,-5.3],[3.601,-5.3],[-0.201,-4],[0.4,-0.7],[4.201,-2]],"c":true}]},{"t":22.5,"s":[{"i":[[0.899,0.822],[0,0],[0.7,-1.439],[-0.901,-0.925],[-0.701,1.439]],"o":[[0,0],[-1.4,-0.719],[-0.5,1.131],[1.399,0.72],[0.5,-1.131]],"v":[[3.601,-6.276],[3.601,-6.276],[0.424,-4.939],[0.775,-1.547],[3.951,-2.884]],"c":true}]}],"ix":2},"nm":"Path 1","mn":"ADBE Vector Shape - Group","hd":false},{"ty":"fl","c":{"a":0,"k":[0.536999990426,0.375999989229,0.141000007181,1],"ix":4},"o":{"a":0,"k":100,"ix":5},"r":1,"bm":0,"nm":"Fill 1","mn":"ADBE Vector Graphic - Fill","hd":false},{"ty":"tr","p":{"a":0,"k":[44.65,6.55],"ix":2},"a":{"a":0,"k":[0,0],"ix":1},"s":{"a":0,"k":[100,100],"ix":3},"r":{"a":0,"k":0,"ix":6},"o":{"a":0,"k":100,"ix":7},"sk":{"a":0,"k":0,"ix":4},"sa":{"a":0,"k":0,"ix":5},"nm":"Transform"}],"nm":"Group 1","np":2,"cix":2,"bm":0,"ix":1,"mn":"ADBE Vector Group","hd":false},{"ty":"gr","it":[{"ind":0,"ty":"sh","ix":1,"ks":{"a":1,"k":[{"i":{"x":0.833,"y":0.833},"o":{"x":0.333,"y":0},"t":17.5,"s":[{"i":[[4.2,0],[0,0],[0,-5.9],[-4.2,0],[0,5.9]],"o":[[0,0],[-4.2,0],[0,5.9],[4.2,0],[0,-5.9]],"v":[[2,-12.4],[2,-12.4],[-6,-3],[2,6.4],[10,-3]],"c":true}]},{"t":22.5,"s":[{"i":[[4.2,0],[0,0],[0,-7.552],[-4.2,0],[0,7.552]],"o":[[0,0],[-4.2,0],[0,7.552],[4.2,0],[0,-7.552]],"v":[[2,-12.4],[2,-12.4],[-4.75,-1.876],[2,9.605],[8.75,-1.876]],"c":true}]}],"ix":2},"nm":"Path 1","mn":"ADBE Vector Shape - Group","hd":false},{"ty":"fl","c":{"a":0,"k":[0.258999992819,0.169000004787,0.051000000449,1],"ix":4},"o":{"a":0,"k":100,"ix":5},"r":1,"bm":0,"nm":"Fill 1","mn":"ADBE Vector Graphic - Fill","hd":false},{"ty":"tr","p":{"a":0,"k":[46.65,9.65],"ix":2},"a":{"a":0,"k":[0,0],"ix":1},"s":{"a":0,"k":[100,100],"ix":3},"r":{"a":0,"k":0,"ix":6},"o":{"a":0,"k":100,"ix":7},"sk":{"a":0,"k":0,"ix":4},"sa":{"a":0,"k":0,"ix":5},"nm":"Transform"}],"nm":"Group 2","np":2,"cix":2,"bm":0,"ix":2,"mn":"ADBE Vector Group","hd":false},{"ty":"gr","it":[{"ind":0,"ty":"sh","ix":1,"ks":{"a":1,"k":[{"i":{"x":0.833,"y":0.833},"o":{"x":0.333,"y":0},"t":17.5,"s":[{"i":[[0.9,0.8],[0,0],[0.7,-1.4],[-0.9,-0.9],[-0.7,1.4]],"o":[[0,0],[-1.4,-0.7],[-0.5,1.1],[1.4,0.7],[0.6,-1.1]],"v":[[-0.45,-5.3],[-0.45,-5.3],[-4.25,-4],[-3.65,-0.7],[0.15,-2]],"c":true}]},{"t":22.5,"s":[{"i":[[0.9,0.822],[0,0],[0.7,-1.439],[-0.9,-0.925],[-0.7,1.439]],"o":[[0,0],[-1.4,-0.719],[-0.5,1.131],[1.4,0.72],[0.6,-1.131]],"v":[[-0.45,-6.276],[-0.45,-6.276],[-3.625,-4.939],[-3.275,-1.547],[-0.1,-2.884]],"c":true}]}],"ix":2},"nm":"Path 1","mn":"ADBE Vector Shape - Group","hd":false},{"ty":"fl","c":{"a":0,"k":[0.536999990426,0.375999989229,0.141000007181,1],"ix":4},"o":{"a":0,"k":100,"ix":5},"r":1,"bm":0,"nm":"Fill 1","mn":"ADBE Vector Graphic - Fill","hd":false},{"ty":"tr","p":{"a":0,"k":[6.3,6.55],"ix":2},"a":{"a":0,"k":[0,0],"ix":1},"s":{"a":0,"k":[100,100],"ix":3},"r":{"a":0,"k":0,"ix":6},"o":{"a":0,"k":100,"ix":7},"sk":{"a":0,"k":0,"ix":4},"sa":{"a":0,"k":0,"ix":5},"nm":"Transform"}],"nm":"Group 3","np":2,"cix":2,"bm":0,"ix":3,"mn":"ADBE Vector Group","hd":false},{"ty":"gr","it":[{"ind":0,"ty":"sh","ix":1,"ks":{"a":1,"k":[{"i":{"x":0.833,"y":0.833},"o":{"x":0.333,"y":0},"t":17.5,"s":[{"i":[[4.2,0],[0,0],[0,-5.9],[-4.2,0],[0,5.9]],"o":[[0,0],[-4.2,0],[0,5.9],[4.2,0],[0,-5.9]],"v":[[-2,-12.4],[-2,-12.4],[-10,-3],[-2,6.4],[6,-3]],"c":true}]},{"t":22.5,"s":[{"i":[[4.2,0],[0,0],[0,-7.552],[-4.2,0],[0,7.552]],"o":[[0,0],[-4.2,0],[0,7.552],[4.2,0],[0,-7.552]],"v":[[-2,-12.4],[-2,-12.4],[-8.75,-1.876],[-2,9.605],[4.75,-1.876]],"c":true}]}],"ix":2},"nm":"Path 1","mn":"ADBE Vector Shape - Group","hd":false},{"ty":"fl","c":{"a":0,"k":[0.258999992819,0.169000004787,0.051000000449,1],"ix":4},"o":{"a":0,"k":100,"ix":5},"r":1,"bm":0,"nm":"Fill 1","mn":"ADBE Vector Graphic - Fill","hd":false},{"ty":"tr","p":{"a":0,"k":[8.25,9.65],"ix":2},"a":{"a":0,"k":[0,0],"ix":1},"s":{"a":0,"k":[100,100],"ix":3},"r":{"a":0,"k":0,"ix":6},"o":{"a":0,"k":100,"ix":7},"sk":{"a":0,"k":0,"ix":4},"sa":{"a":0,"k":0,"ix":5},"nm":"Transform"}],"nm":"Group 4","np":2,"cix":2,"bm":0,"ix":4,"mn":"ADBE Vector Group","hd":false}],"ip":0,"op":25,"st":7.5,"bm":0},{"ddd":0,"ind":13,"ty":4,"nm":"mouth 2","parent":10,"sr":1,"ks":{"o":{"a":0,"k":100,"ix":11},"r":{"a":0,"k":0,"ix":10},"p":{"s":true,"x":{"a":0,"k":0,"ix":3},"y":{"a":1,"k":[{"i":{"x":[0.833],"y":[0.833]},"o":{"x":[0.167],"y":[0.167]},"t":25,"s":[154]},{"i":{"x":[0],"y":[1]},"o":{"x":[0.167],"y":[0.167]},"t":27.5,"s":[194]},{"i":{"x":[0.833],"y":[1]},"o":{"x":[0.333],"y":[0]},"t":45,"s":[238]},{"i":{"x":[0.667],"y":[1]},"o":{"x":[0.167],"y":[0.167]},"t":90,"s":[238]},{"t":95,"s":[255]}],"ix":4}},"a":{"a":0,"k":[0,0,0],"ix":1,"l":2},"s":{"a":0,"k":[100,100,100],"ix":6,"l":2}},"ao":0,"shapes":[{"ty":"gr","it":[{"ind":0,"ty":"sh","ix":1,"ks":{"a":1,"k":[{"i":{"x":0.833,"y":0.833},"o":{"x":0.167,"y":0.167},"t":25,"s":[{"i":[[44.454,-0.295],[0.295,44.454],[0,0],[-44.602,0],[0,-44.602],[0,0]],"o":[[-44.454,-0.295],[0,0],[0,-44.602],[44.602,0],[0,0],[-0.295,44.454]],"v":[[0,81.08],[-80.712,0.368],[-80.712,-48.368],[0,-129.08],[80.712,-48.368],[80.712,0.442]],"c":true}]},{"i":{"x":0,"y":1},"o":{"x":0.167,"y":0.167},"t":27.5,"s":[{"i":[[44.454,-0.295],[0.295,44.454],[0,0],[-44.602,0],[0,-44.602],[0,0]],"o":[[-44.454,-0.295],[0,0],[0,-44.602],[44.602,0],[0,0],[-0.295,44.454]],"v":[[0,161.08],[-80.712,80.368],[-80.712,-80.368],[0,-161.08],[80.712,-80.368],[80.712,80.442]],"c":true}]},{"i":{"x":0.833,"y":0.833},"o":{"x":0.333,"y":0},"t":45,"s":[{"i":[[48.16,-0.32],[0.32,48.16],[0,0],[-48.32,0],[0,-48.32],[0,0]],"o":[[-48.16,-0.32],[0,0],[0,-48.32],[48.32,0],[0,0],[-0.32,48.16]],"v":[[0,137.84],[-87.44,50.4],[-87.44,-50.4],[0,-137.84],[87.44,-50.4],[87.44,50.48]],"c":true}]},{"i":{"x":0.667,"y":1},"o":{"x":0.167,"y":0.167},"t":90,"s":[{"i":[[48.16,-0.32],[0.32,48.16],[0,0],[-48.32,0],[0,-48.32],[0,0]],"o":[[-48.16,-0.32],[0,0],[0,-48.32],[48.32,0],[0,0],[-0.32,48.16]],"v":[[0,137.84],[-87.44,50.4],[-87.44,-50.4],[0,-137.84],[87.44,-50.4],[87.44,50.48]],"c":true}]},{"i":{"x":0.833,"y":0.833},"o":{"x":0.333,"y":0},"t":95,"s":[{"i":[[46.336,-0.308],[0.308,46.336],[0,0],[-46.49,0],[0,-46.49],[0,0]],"o":[[-46.336,-0.308],[0,0],[0,-46.49],[46.49,0],[0,0],[-0.308,46.336]],"v":[[0,129.443],[-84.129,45.314],[-84.129,-45.314],[0,-129.443],[84.129,-45.314],[84.129,45.39]],"c":true}]},{"t":100,"s":[{"i":[[46.336,-0.308],[0.308,46.336],[0,0],[-46.49,0],[0,-46.49],[0,0]],"o":[[-46.336,-0.308],[0,0],[0,-46.49],[46.49,0],[0,0],[-0.308,46.336]],"v":[[0,49.443],[-84.129,-34.686],[-84.129,-45.314],[0,-129.443],[84.129,-45.314],[84.129,-34.61]],"c":true}]}],"ix":2},"nm":"Path 1","mn":"ADBE Vector Shape - Group","hd":false},{"ty":"fl","c":{"a":0,"k":[0.207843137255,0.133333333333,0.043137254902,1],"ix":4},"o":{"a":0,"k":100,"ix":5},"r":1,"bm":0,"nm":"Fill 1","mn":"ADBE Vector Graphic - Fill","hd":false},{"ty":"tr","p":{"a":0,"k":[0,0],"ix":2},"a":{"a":0,"k":[0,0],"ix":1},"s":{"a":0,"k":[100,100],"ix":3},"r":{"a":0,"k":0,"ix":6},"o":{"a":0,"k":100,"ix":7},"sk":{"a":0,"k":0,"ix":4},"sa":{"a":0,"k":0,"ix":5},"nm":"Transform"}],"nm":"Shape 1","np":3,"cix":2,"bm":0,"ix":1,"mn":"ADBE Vector Group","hd":false}],"ip":25,"op":102,"st":7.5,"bm":0},{"ddd":0,"ind":14,"ty":4,"nm":"mouth ","parent":10,"sr":1,"ks":{"o":{"a":0,"k":100,"ix":11},"r":{"a":0,"k":0,"ix":10},"p":{"s":true,"x":{"a":0,"k":0,"ix":3},"y":{"a":1,"k":[{"i":{"x":[0],"y":[1]},"o":{"x":[0.167],"y":[0]},"t":0,"s":[94]},{"i":{"x":[0.667],"y":[1]},"o":{"x":[0.333],"y":[0]},"t":10,"s":[94]},{"i":{"x":[0.833],"y":[0.833]},"o":{"x":[0.333],"y":[0]},"t":17.5,"s":[94]},{"t":22.5,"s":[114]}],"ix":4}},"a":{"a":0,"k":[0,0,0],"ix":1,"l":2},"s":{"a":0,"k":[100,100,100],"ix":6,"l":2}},"ao":0,"shapes":[{"ty":"gr","it":[{"ind":0,"ty":"sh","ix":1,"ks":{"a":1,"k":[{"i":{"x":0,"y":1},"o":{"x":0.167,"y":0.167},"t":0,"s":[{"i":[[17.673,0],[0,0],[0,17.673],[-17.673,0],[0,0],[0,-17.673]],"o":[[0,0],[-17.673,0],[0,-17.673],[0,0],[17.673,0],[0,17.673]],"v":[[32,32],[-32,32],[-64,0],[-32,-32],[32,-32],[64,0]],"c":true}]},{"i":{"x":0.667,"y":1},"o":{"x":0.333,"y":0},"t":10,"s":[{"i":[[17.673,0],[0,0],[0,17.673],[-17.673,0],[0,0],[0,-17.673]],"o":[[0,0],[-17.673,0],[0,-17.673],[0,0],[17.673,0],[0,17.673]],"v":[[32,32],[-32,32],[-64,0],[-32,-32],[32,-32],[64,0]],"c":true}]},{"i":{"x":0.833,"y":0.833},"o":{"x":0.333,"y":0},"t":17.5,"s":[{"i":[[17.673,0],[0,0],[0,17.673],[-17.673,0],[0,0],[0,-17.673]],"o":[[0,0],[-17.673,0],[0,-17.673],[0,0],[17.673,0],[0,17.673]],"v":[[32,32],[-32,32],[-64,0],[-32,-32],[32,-32],[64,0]],"c":true}]},{"i":{"x":0.833,"y":0.833},"o":{"x":0.167,"y":0.167},"t":22.5,"s":[{"i":[[17.673,0],[0,0],[0,45.44],[-17.673,0],[0,0],[0,-45.44]],"o":[[0,0],[-17.673,0],[0,-45.44],[0,0],[17.673,0],[0,45.44]],"v":[[9.5,47.833],[-9.5,47.833],[-59,-6.965],[-9.5,-61.763],[9.5,-61.763],[59,-6.965]],"c":true}]},{"t":25,"s":[{"i":[[17.673,0],[0,0],[0,92],[-17.673,0],[0,0],[0,-92]],"o":[[0,0],[-17.673,0],[0,-92],[0,0],[17.673,0],[0,92]],"v":[[-0.5,67.789],[0.5,67.789],[-59,-22.211],[0.5,-112.211],[-0.5,-112.211],[59,-22.211]],"c":true}]}],"ix":2},"nm":"Path 1","mn":"ADBE Vector Shape - Group","hd":false},{"ty":"fl","c":{"a":0,"k":[0.207843137255,0.133333333333,0.043137254902,1],"ix":4},"o":{"a":0,"k":100,"ix":5},"r":1,"bm":0,"nm":"Fill 1","mn":"ADBE Vector Graphic - Fill","hd":false},{"ty":"tr","p":{"a":0,"k":[0,0],"ix":2},"a":{"a":0,"k":[0,0],"ix":1},"s":{"a":0,"k":[100,100],"ix":3},"r":{"a":0,"k":0,"ix":6},"o":{"a":0,"k":100,"ix":7},"sk":{"a":0,"k":0,"ix":4},"sa":{"a":0,"k":0,"ix":5},"nm":"Transform"}],"nm":"Shape 1","np":3,"cix":2,"bm":0,"ix":1,"mn":"ADBE Vector Group","hd":false}],"ip":0,"op":25,"st":7.5,"bm":0},{"ddd":0,"ind":15,"ty":4,"nm":"base matte","parent":19,"td":1,"sr":1,"ks":{"o":{"a":0,"k":100,"ix":11},"r":{"a":0,"k":0,"ix":10},"p":{"s":true,"x":{"a":0,"k":-2.25,"ix":3},"y":{"a":0,"k":-3,"ix":4}},"a":{"a":0,"k":[0,0,0],"ix":1,"l":2},"s":{"a":0,"k":[100,100,100],"ix":6,"l":2}},"ao":0,"sy":[{"c":{"a":0,"k":[0.921568632126,0.560784339905,0,1],"ix":2},"o":{"a":0,"k":100,"ix":3},"a":{"a":0,"k":-55,"ix":5},"s":{"a":0,"k":0,"ix":8},"d":{"a":0,"k":30,"ix":6},"ch":{"a":0,"k":0,"ix":7},"bm":{"a":0,"k":1,"ix":1},"no":{"a":0,"k":0,"ix":9},"ty":2,"nm":"Inner Shadow"}],"shapes":[{"ty":"gr","it":[{"ind":0,"ty":"sh","ix":1,"ks":{"a":1,"k":[{"i":{"x":0,"y":1},"o":{"x":0.167,"y":0.167},"t":0,"s":[{"i":[[15.4,0],[0,38.4],[-27.9,0],[-10.6,-9.3],[0,-16.9],[11.5,-10.2]],"o":[[-27.9,0],[0,-38.4],[15.5,0],[11.5,10.2],[0,16.9],[-10.6,9.3]],"v":[[0,55.9],[-58,0],[0,-55.9],[40.4,-41.5],[58,0],[40.4,41.4]],"c":true}]},{"i":{"x":0,"y":1},"o":{"x":0.333,"y":0},"t":10,"s":[{"i":[[15.4,0],[0,38.4],[-27.9,0],[-10.6,-9.3],[0,-16.9],[11.5,-10.2]],"o":[[-27.9,0],[0,-38.4],[15.5,0],[11.5,10.2],[0,16.9],[-10.6,9.3]],"v":[[0,55.9],[-58,0],[0,-55.9],[40.4,-41.5],[58,0],[40.4,41.4]],"c":true}]},{"i":{"x":0.833,"y":0.833},"o":{"x":1,"y":0},"t":17.5,"s":[{"i":[[15.4,0],[0,38.4],[-27.9,0],[-10.6,-9.3],[0,-16.9],[11.5,-10.2]],"o":[[-27.9,0],[0,-38.4],[15.5,0],[11.5,10.2],[0,16.9],[-10.6,9.3]],"v":[[0,55.9],[-58,0],[0,-55.9],[40.4,-41.5],[58,0],[40.4,41.4]],"c":true}]},{"i":{"x":0.833,"y":0.833},"o":{"x":0.167,"y":0.167},"t":25,"s":[{"i":[[15.565,0],[0,37.12],[-28.2,0],[-10.714,-8.768],[0,-16.337],[11.624,-9.86]],"o":[[-28.2,0],[0,-37.12],[15.667,0],[11.624,9.617],[0,16.337],[-10.714,8.99]],"v":[[0,51.755],[-58.623,-2.281],[0,-55.9],[40.834,-42.324],[58.623,-2.281],[40.834,37.738]],"c":true}]},{"i":{"x":0,"y":1},"o":{"x":0.167,"y":0.167},"t":27.5,"s":[{"i":[[14.803,0],[0,39.522],[-27.9,0],[-10.6,-9.3],[0,-17.394],[11.054,-10.498]],"o":[[-26.818,0],[0,-39.522],[15.5,0],[11.5,10.2],[0,17.394],[-10.189,9.572]],"v":[[0,58.656],[-55.75,1.122],[0,-55.9],[40.4,-41.5],[55.75,1.122],[38.833,43.732]],"c":true}]},{"i":{"x":0.833,"y":0.833},"o":{"x":0.333,"y":0},"t":67.5,"s":[{"i":[[15.4,0],[0,38.4],[-27.9,0],[-10.6,-9.3],[0,-16.9],[11.5,-10.2]],"o":[[-27.9,0],[0,-38.4],[15.5,0],[11.5,10.2],[0,16.9],[-10.6,9.3]],"v":[[0,55.9],[-58,0],[0,-55.9],[40.4,-41.5],[58,0],[40.4,41.4]],"c":true}]},{"i":{"x":0.667,"y":1},"o":{"x":0.167,"y":0.167},"t":90,"s":[{"i":[[15.4,0],[0,38.4],[-27.9,0],[-10.6,-9.3],[0,-16.9],[11.5,-10.2]],"o":[[-27.9,0],[0,-38.4],[15.5,0],[11.5,10.2],[0,16.9],[-10.6,9.3]],"v":[[0,55.9],[-58,0],[0,-55.9],[40.4,-41.5],[58,0],[40.4,41.4]],"c":true}]},{"i":{"x":0.833,"y":0.833},"o":{"x":0.333,"y":0},"t":95,"s":[{"i":[[14.836,0],[0,38.821],[-26.878,0],[-10.212,-9.402],[0,-17.085],[11.079,-10.312]],"o":[[-26.878,0],[0,-38.821],[14.932,0],[11.079,10.312],[0,17.085],[-10.212,9.402]],"v":[[0,55.9],[-55.875,-0.613],[0,-57.125],[38.92,-42.567],[55.875,-0.613],[38.92,41.241]],"c":true}]},{"t":102.5,"s":[{"i":[[15.4,0],[0,38.4],[-27.9,0],[-10.6,-9.3],[0,-16.9],[11.5,-10.2]],"o":[[-27.9,0],[0,-38.4],[15.5,0],[11.5,10.2],[0,16.9],[-10.6,9.3]],"v":[[0,55.9],[-58,0],[0,-55.9],[40.4,-41.5],[58,0],[40.4,41.4]],"c":true}]}],"ix":2},"nm":"Path 1","mn":"ADBE Vector Shape - Group","hd":false},{"ty":"gf","o":{"a":0,"k":100,"ix":10},"r":1,"bm":0,"g":{"p":5,"k":{"a":0,"k":[0.48,0.992,0.878,0.188,0.691,0.98,0.816,0.178,0.902,0.969,0.753,0.169,0.966,0.963,0.694,0.153,1,0.957,0.635,0.137],"ix":9}},"s":{"a":0,"k":[0,0],"ix":5},"e":{"a":0,"k":[56.225,0],"ix":6},"t":2,"h":{"a":0,"k":0,"ix":7},"a":{"a":0,"k":0,"ix":8},"nm":"Gradient Fill 1","mn":"ADBE Vector Graphic - G-Fill","hd":false},{"ty":"tr","p":{"a":0,"k":[0,0],"ix":2},"a":{"a":0,"k":[0,0],"ix":1},"s":{"a":0,"k":[100,100],"ix":3},"r":{"a":0,"k":0,"ix":6},"o":{"a":0,"k":100,"ix":7},"sk":{"a":0,"k":0,"ix":4},"sa":{"a":0,"k":0,"ix":5},"nm":"Transform"}],"nm":"Group 1","np":2,"cix":2,"bm":0,"ix":1,"mn":"ADBE Vector Group","hd":false}],"ip":0,"op":102,"st":7.5,"bm":0},{"ddd":0,"ind":16,"ty":4,"nm":"base border","parent":19,"tt":2,"sr":1,"ks":{"o":{"a":0,"k":100,"ix":11},"r":{"a":0,"k":0,"ix":10},"p":{"a":0,"k":[0,0,0],"ix":2,"l":2},"a":{"a":0,"k":[0,0,0],"ix":1,"l":2},"s":{"a":0,"k":[100,100,100],"ix":6,"l":2}},"ao":0,"shapes":[{"ty":"gr","it":[{"ind":0,"ty":"sh","ix":1,"ks":{"a":1,"k":[{"i":{"x":0,"y":1},"o":{"x":0.167,"y":0.167},"t":0,"s":[{"i":[[15.4,0],[0,38.4],[-27.9,0],[-10.6,-9.3],[0,-16.9],[11.5,-10.2]],"o":[[-27.9,0],[0,-38.4],[15.5,0],[11.5,10.2],[0,16.9],[-10.6,9.3]],"v":[[0,55.9],[-58,0],[0,-55.9],[40.4,-41.5],[58,0],[40.4,41.4]],"c":true}]},{"i":{"x":0,"y":1},"o":{"x":0.333,"y":0},"t":10,"s":[{"i":[[15.4,0],[0,38.4],[-27.9,0],[-10.6,-9.3],[0,-16.9],[11.5,-10.2]],"o":[[-27.9,0],[0,-38.4],[15.5,0],[11.5,10.2],[0,16.9],[-10.6,9.3]],"v":[[0,55.9],[-58,0],[0,-55.9],[40.4,-41.5],[58,0],[40.4,41.4]],"c":true}]},{"i":{"x":0.833,"y":0.833},"o":{"x":1,"y":0},"t":17.5,"s":[{"i":[[15.4,0],[0,38.4],[-27.9,0],[-10.6,-9.3],[0,-16.9],[11.5,-10.2]],"o":[[-27.9,0],[0,-38.4],[15.5,0],[11.5,10.2],[0,16.9],[-10.6,9.3]],"v":[[0,55.9],[-58,0],[0,-55.9],[40.4,-41.5],[58,0],[40.4,41.4]],"c":true}]},{"i":{"x":0.833,"y":0.833},"o":{"x":0.167,"y":0.167},"t":25,"s":[{"i":[[15.565,0],[0,37.12],[-28.2,0],[-10.714,-8.768],[0,-16.337],[11.624,-9.86]],"o":[[-28.2,0],[0,-37.12],[15.667,0],[11.624,9.617],[0,16.337],[-10.714,8.99]],"v":[[0,51.755],[-58.623,-2.281],[0,-55.9],[40.834,-42.324],[58.623,-2.281],[40.834,37.738]],"c":true}]},{"i":{"x":0,"y":1},"o":{"x":0.167,"y":0.167},"t":27.5,"s":[{"i":[[14.803,0],[0,39.522],[-27.9,0],[-10.6,-9.3],[0,-17.394],[11.054,-10.498]],"o":[[-26.818,0],[0,-39.522],[15.5,0],[11.5,10.2],[0,17.394],[-10.189,9.572]],"v":[[0,58.656],[-55.75,1.122],[0,-55.9],[40.4,-41.5],[55.75,1.122],[38.833,43.732]],"c":true}]},{"i":{"x":0.833,"y":0.833},"o":{"x":0.333,"y":0},"t":67.5,"s":[{"i":[[15.4,0],[0,38.4],[-27.9,0],[-10.6,-9.3],[0,-16.9],[11.5,-10.2]],"o":[[-27.9,0],[0,-38.4],[15.5,0],[11.5,10.2],[0,16.9],[-10.6,9.3]],"v":[[0,55.9],[-58,0],[0,-55.9],[40.4,-41.5],[58,0],[40.4,41.4]],"c":true}]},{"i":{"x":0.667,"y":1},"o":{"x":0.167,"y":0.167},"t":90,"s":[{"i":[[15.4,0],[0,38.4],[-27.9,0],[-10.6,-9.3],[0,-16.9],[11.5,-10.2]],"o":[[-27.9,0],[0,-38.4],[15.5,0],[11.5,10.2],[0,16.9],[-10.6,9.3]],"v":[[0,55.9],[-58,0],[0,-55.9],[40.4,-41.5],[58,0],[40.4,41.4]],"c":true}]},{"i":{"x":0.833,"y":0.833},"o":{"x":0.333,"y":0},"t":95,"s":[{"i":[[14.836,0],[0,38.821],[-26.878,0],[-10.212,-9.402],[0,-17.085],[11.079,-10.312]],"o":[[-26.878,0],[0,-38.821],[14.932,0],[11.079,10.312],[0,17.085],[-10.212,9.402]],"v":[[0,55.9],[-55.875,-0.613],[0,-57.125],[38.92,-42.567],[55.875,-0.613],[38.92,41.241]],"c":true}]},{"t":102.5,"s":[{"i":[[15.4,0],[0,38.4],[-27.9,0],[-10.6,-9.3],[0,-16.9],[11.5,-10.2]],"o":[[-27.9,0],[0,-38.4],[15.5,0],[11.5,10.2],[0,16.9],[-10.6,9.3]],"v":[[0,55.9],[-58,0],[0,-55.9],[40.4,-41.5],[58,0],[40.4,41.4]],"c":true}]}],"ix":2},"nm":"Path 1","mn":"ADBE Vector Shape - Group","hd":false},{"ty":"fl","c":{"a":0,"k":[0.921568627451,0.560784313725,0,1],"ix":4},"o":{"a":0,"k":100,"ix":5},"r":1,"bm":0,"nm":"Fill 1","mn":"ADBE Vector Graphic - Fill","hd":false},{"ty":"tr","p":{"a":0,"k":[0,0],"ix":2},"a":{"a":0,"k":[0,0],"ix":1},"s":{"a":0,"k":[100,100],"ix":3},"r":{"a":0,"k":0,"ix":6},"o":{"a":0,"k":100,"ix":7},"sk":{"a":0,"k":0,"ix":4},"sa":{"a":0,"k":0,"ix":5},"nm":"Transform"}],"nm":"Group 1","np":2,"cix":2,"bm":0,"ix":1,"mn":"ADBE Vector Group","hd":false}],"ip":0,"op":102,"st":7.5,"bm":0},{"ddd":0,"ind":17,"ty":4,"nm":"gradient orange","parent":19,"sr":1,"ks":{"o":{"a":1,"k":[{"i":{"x":[0.01],"y":[1]},"o":{"x":[0.167],"y":[0.167]},"t":22.5,"s":[0]},{"i":{"x":[0.833],"y":[1]},"o":{"x":[0.167],"y":[0]},"t":27.5,"s":[100]},{"i":{"x":[0.667],"y":[1]},"o":{"x":[0.167],"y":[0.167]},"t":95,"s":[100]},{"t":100,"s":[0]}],"ix":11},"r":{"a":0,"k":0,"ix":10},"p":{"a":0,"k":[0,0,0],"ix":2,"l":2},"a":{"a":0,"k":[0,0,0],"ix":1,"l":2},"s":{"a":0,"k":[100,100,100],"ix":6,"l":2}},"ao":0,"shapes":[{"ty":"gr","it":[{"ind":0,"ty":"sh","ix":1,"ks":{"a":1,"k":[{"i":{"x":0,"y":1},"o":{"x":0.167,"y":0.167},"t":0,"s":[{"i":[[15.4,0],[0,38.4],[-27.9,0],[-10.6,-9.3],[0,-16.9],[11.5,-10.2]],"o":[[-27.9,0],[0,-38.4],[15.5,0],[11.5,10.2],[0,16.9],[-10.6,9.3]],"v":[[0,55.9],[-58,0],[0,-55.9],[40.4,-41.5],[58,0],[40.4,41.4]],"c":true}]},{"i":{"x":0,"y":1},"o":{"x":0.333,"y":0},"t":10,"s":[{"i":[[15.4,0],[0,38.4],[-27.9,0],[-10.6,-9.3],[0,-16.9],[11.5,-10.2]],"o":[[-27.9,0],[0,-38.4],[15.5,0],[11.5,10.2],[0,16.9],[-10.6,9.3]],"v":[[0,55.9],[-58,0],[0,-55.9],[40.4,-41.5],[58,0],[40.4,41.4]],"c":true}]},{"i":{"x":0.833,"y":0.833},"o":{"x":1,"y":0},"t":17.5,"s":[{"i":[[15.4,0],[0,38.4],[-27.9,0],[-10.6,-9.3],[0,-16.9],[11.5,-10.2]],"o":[[-27.9,0],[0,-38.4],[15.5,0],[11.5,10.2],[0,16.9],[-10.6,9.3]],"v":[[0,55.9],[-58,0],[0,-55.9],[40.4,-41.5],[58,0],[40.4,41.4]],"c":true}]},{"i":{"x":0.833,"y":0.833},"o":{"x":0.167,"y":0.167},"t":25,"s":[{"i":[[15.565,0],[0,37.12],[-28.2,0],[-10.714,-8.768],[0,-16.337],[11.624,-9.86]],"o":[[-28.2,0],[0,-37.12],[15.667,0],[11.624,9.617],[0,16.337],[-10.714,8.99]],"v":[[0,51.755],[-58.623,-2.281],[0,-55.9],[40.834,-42.324],[58.623,-2.281],[40.834,37.738]],"c":true}]},{"i":{"x":0,"y":1},"o":{"x":0.167,"y":0.167},"t":27.5,"s":[{"i":[[14.803,0],[0,39.522],[-27.9,0],[-10.6,-9.3],[0,-17.394],[11.054,-10.498]],"o":[[-26.818,0],[0,-39.522],[15.5,0],[11.5,10.2],[0,17.394],[-10.189,9.572]],"v":[[0,58.656],[-55.75,1.122],[0,-55.9],[40.4,-41.5],[55.75,1.122],[38.833,43.732]],"c":true}]},{"i":{"x":0.833,"y":0.833},"o":{"x":0.333,"y":0},"t":67.5,"s":[{"i":[[15.4,0],[0,38.4],[-27.9,0],[-10.6,-9.3],[0,-16.9],[11.5,-10.2]],"o":[[-27.9,0],[0,-38.4],[15.5,0],[11.5,10.2],[0,16.9],[-10.6,9.3]],"v":[[0,55.9],[-58,0],[0,-55.9],[40.4,-41.5],[58,0],[40.4,41.4]],"c":true}]},{"i":{"x":0.667,"y":1},"o":{"x":0.167,"y":0.167},"t":90,"s":[{"i":[[15.4,0],[0,38.4],[-27.9,0],[-10.6,-9.3],[0,-16.9],[11.5,-10.2]],"o":[[-27.9,0],[0,-38.4],[15.5,0],[11.5,10.2],[0,16.9],[-10.6,9.3]],"v":[[0,55.9],[-58,0],[0,-55.9],[40.4,-41.5],[58,0],[40.4,41.4]],"c":true}]},{"i":{"x":0.833,"y":0.833},"o":{"x":0.333,"y":0},"t":95,"s":[{"i":[[14.836,0],[0,38.821],[-26.878,0],[-10.212,-9.402],[0,-17.085],[11.079,-10.312]],"o":[[-26.878,0],[0,-38.821],[14.932,0],[11.079,10.312],[0,17.085],[-10.212,9.402]],"v":[[0,55.9],[-55.875,-0.613],[0,-57.125],[38.92,-42.567],[55.875,-0.613],[38.92,41.241]],"c":true}]},{"t":102.5,"s":[{"i":[[15.4,0],[0,38.4],[-27.9,0],[-10.6,-9.3],[0,-16.9],[11.5,-10.2]],"o":[[-27.9,0],[0,-38.4],[15.5,0],[11.5,10.2],[0,16.9],[-10.6,9.3]],"v":[[0,55.9],[-58,0],[0,-55.9],[40.4,-41.5],[58,0],[40.4,41.4]],"c":true}]}],"ix":2},"nm":"Path 1","mn":"ADBE Vector Shape - Group","hd":false},{"ty":"gf","o":{"a":0,"k":100,"ix":10},"r":1,"bm":0,"g":{"p":5,"k":{"a":0,"k":[0.16,0.957,0.635,0.137,0.245,0.963,0.694,0.153,0.33,0.969,0.753,0.169,0.57,0.98,0.816,0.178,0.81,0.992,0.878,0.188,0.33,1,0.57,0.5,0.81,0],"ix":9}},"s":{"a":0,"k":[0,54.5],"ix":5},"e":{"a":0,"k":[-0.025,-54.5],"ix":6},"t":1,"nm":"Gradient Fill 1","mn":"ADBE Vector Graphic - G-Fill","hd":false},{"ty":"tr","p":{"a":0,"k":[0,0],"ix":2},"a":{"a":0,"k":[0,0],"ix":1},"s":{"a":0,"k":[100,100],"ix":3},"r":{"a":0,"k":0,"ix":6},"o":{"a":0,"k":100,"ix":7},"sk":{"a":0,"k":0,"ix":4},"sa":{"a":0,"k":0,"ix":5},"nm":"Transform"}],"nm":"Group 1","np":2,"cix":2,"bm":0,"ix":1,"mn":"ADBE Vector Group","hd":false}],"ip":15,"op":102,"st":10,"bm":0},{"ddd":0,"ind":18,"ty":4,"nm":"gradient blue","parent":19,"sr":1,"ks":{"o":{"a":1,"k":[{"i":{"x":[0.01],"y":[1]},"o":{"x":[0.167],"y":[0.167]},"t":22.5,"s":[0]},{"i":{"x":[0.833],"y":[1]},"o":{"x":[0.167],"y":[0]},"t":27.5,"s":[100]},{"i":{"x":[0.667],"y":[1]},"o":{"x":[0.167],"y":[0.167]},"t":95,"s":[100]},{"t":100,"s":[0]}],"ix":11},"r":{"a":0,"k":0,"ix":10},"p":{"a":0,"k":[0,0,0],"ix":2,"l":2},"a":{"a":0,"k":[0,0,0],"ix":1,"l":2},"s":{"a":0,"k":[100,100,100],"ix":6,"l":2}},"ao":0,"shapes":[{"ty":"gr","it":[{"ind":0,"ty":"sh","ix":1,"ks":{"a":1,"k":[{"i":{"x":0,"y":1},"o":{"x":0.167,"y":0.167},"t":0,"s":[{"i":[[15.4,0],[0,38.4],[-27.9,0],[-10.6,-9.3],[0,-16.9],[11.5,-10.2]],"o":[[-27.9,0],[0,-38.4],[15.5,0],[11.5,10.2],[0,16.9],[-10.6,9.3]],"v":[[0,55.9],[-58,0],[0,-55.9],[40.4,-41.5],[58,0],[40.4,41.4]],"c":true}]},{"i":{"x":0,"y":1},"o":{"x":0.333,"y":0},"t":10,"s":[{"i":[[15.4,0],[0,38.4],[-27.9,0],[-10.6,-9.3],[0,-16.9],[11.5,-10.2]],"o":[[-27.9,0],[0,-38.4],[15.5,0],[11.5,10.2],[0,16.9],[-10.6,9.3]],"v":[[0,55.9],[-58,0],[0,-55.9],[40.4,-41.5],[58,0],[40.4,41.4]],"c":true}]},{"i":{"x":0.833,"y":0.833},"o":{"x":1,"y":0},"t":17.5,"s":[{"i":[[15.4,0],[0,38.4],[-27.9,0],[-10.6,-9.3],[0,-16.9],[11.5,-10.2]],"o":[[-27.9,0],[0,-38.4],[15.5,0],[11.5,10.2],[0,16.9],[-10.6,9.3]],"v":[[0,55.9],[-58,0],[0,-55.9],[40.4,-41.5],[58,0],[40.4,41.4]],"c":true}]},{"i":{"x":0.833,"y":0.833},"o":{"x":0.167,"y":0.167},"t":25,"s":[{"i":[[15.565,0],[0,37.12],[-28.2,0],[-10.714,-8.768],[0,-16.337],[11.624,-9.86]],"o":[[-28.2,0],[0,-37.12],[15.667,0],[11.624,9.617],[0,16.337],[-10.714,8.99]],"v":[[0,51.755],[-58.623,-2.281],[0,-55.9],[40.834,-42.324],[58.623,-2.281],[40.834,37.738]],"c":true}]},{"i":{"x":0,"y":1},"o":{"x":0.167,"y":0.167},"t":27.5,"s":[{"i":[[14.803,0],[0,39.522],[-27.9,0],[-10.6,-9.3],[0,-17.394],[11.054,-10.498]],"o":[[-26.818,0],[0,-39.522],[15.5,0],[11.5,10.2],[0,17.394],[-10.189,9.572]],"v":[[0,58.656],[-55.75,1.122],[0,-55.9],[40.4,-41.5],[55.75,1.122],[38.833,43.732]],"c":true}]},{"i":{"x":0.833,"y":0.833},"o":{"x":0.333,"y":0},"t":67.5,"s":[{"i":[[15.4,0],[0,38.4],[-27.9,0],[-10.6,-9.3],[0,-16.9],[11.5,-10.2]],"o":[[-27.9,0],[0,-38.4],[15.5,0],[11.5,10.2],[0,16.9],[-10.6,9.3]],"v":[[0,55.9],[-58,0],[0,-55.9],[40.4,-41.5],[58,0],[40.4,41.4]],"c":true}]},{"i":{"x":0.667,"y":1},"o":{"x":0.167,"y":0.167},"t":90,"s":[{"i":[[15.4,0],[0,38.4],[-27.9,0],[-10.6,-9.3],[0,-16.9],[11.5,-10.2]],"o":[[-27.9,0],[0,-38.4],[15.5,0],[11.5,10.2],[0,16.9],[-10.6,9.3]],"v":[[0,55.9],[-58,0],[0,-55.9],[40.4,-41.5],[58,0],[40.4,41.4]],"c":true}]},{"i":{"x":0.833,"y":0.833},"o":{"x":0.333,"y":0},"t":95,"s":[{"i":[[14.836,0],[0,38.821],[-26.878,0],[-10.212,-9.402],[0,-17.085],[11.079,-10.312]],"o":[[-26.878,0],[0,-38.821],[14.932,0],[11.079,10.312],[0,17.085],[-10.212,9.402]],"v":[[0,55.9],[-55.875,-0.613],[0,-57.125],[38.92,-42.567],[55.875,-0.613],[38.92,41.241]],"c":true}]},{"t":102.5,"s":[{"i":[[15.4,0],[0,38.4],[-27.9,0],[-10.6,-9.3],[0,-16.9],[11.5,-10.2]],"o":[[-27.9,0],[0,-38.4],[15.5,0],[11.5,10.2],[0,16.9],[-10.6,9.3]],"v":[[0,55.9],[-58,0],[0,-55.9],[40.4,-41.5],[58,0],[40.4,41.4]],"c":true}]}],"ix":2},"nm":"Path 1","mn":"ADBE Vector Shape - Group","hd":false},{"ty":"gf","o":{"a":0,"k":100,"ix":10},"r":1,"bm":0,"g":{"p":3,"k":{"a":0,"k":[0.39,0.251,0.753,0.906,0.695,0.312,0.616,0.953,1,0.373,0.478,1,0.39,0,0.695,0.5,1,1],"ix":9}},"s":{"a":0,"k":[0,54.5],"ix":5},"e":{"a":0,"k":[-0.025,-54.5],"ix":6},"t":1,"nm":"Gradient Fill 1","mn":"ADBE Vector Graphic - G-Fill","hd":false},{"ty":"tr","p":{"a":0,"k":[0,0],"ix":2},"a":{"a":0,"k":[0,0],"ix":1},"s":{"a":0,"k":[100,100],"ix":3},"r":{"a":0,"k":0,"ix":6},"o":{"a":0,"k":100,"ix":7},"sk":{"a":0,"k":0,"ix":4},"sa":{"a":0,"k":0,"ix":5},"nm":"Transform"}],"nm":"Group 1","np":2,"cix":2,"bm":0,"ix":1,"mn":"ADBE Vector Group","hd":false}],"ip":15,"op":102,"st":10,"bm":0},{"ddd":0,"ind":19,"ty":4,"nm":"base","parent":2,"sr":1,"ks":{"o":{"a":0,"k":100,"ix":11},"r":{"a":0,"k":0,"ix":10},"p":{"s":true,"x":{"a":0,"k":0,"ix":3},"y":{"a":1,"k":[{"i":{"x":[0],"y":[1]},"o":{"x":[0.167],"y":[0.167]},"t":0,"s":[-8]},{"i":{"x":[0.667],"y":[1]},"o":{"x":[0.333],"y":[0]},"t":10,"s":[-30]},{"i":{"x":[0.833],"y":[0.833]},"o":{"x":[0.333],"y":[0]},"t":17.5,"s":[-30]},{"i":{"x":[0],"y":[1]},"o":{"x":[0.167],"y":[0.167]},"t":25,"s":[-18.25]},{"i":{"x":[0.833],"y":[1]},"o":{"x":[0.333],"y":[0]},"t":67.5,"s":[-8]},{"i":{"x":[0.667],"y":[1]},"o":{"x":[0.167],"y":[0.167]},"t":90,"s":[-8]},{"i":{"x":[0.833],"y":[0.833]},"o":{"x":[0.333],"y":[0]},"t":95,"s":[16]},{"t":102.5,"s":[-8]}],"ix":4}},"a":{"a":0,"k":[0,0,0],"ix":1,"l":2},"s":{"a":0,"k":[800,800,100],"ix":6,"l":2}},"ao":0,"shapes":[{"ty":"gr","it":[{"ind":0,"ty":"sh","ix":1,"ks":{"a":1,"k":[{"i":{"x":0,"y":1},"o":{"x":0.167,"y":0.167},"t":0,"s":[{"i":[[15.4,0],[0,38.4],[-27.9,0],[-10.6,-9.3],[0,-16.9],[11.5,-10.2]],"o":[[-27.9,0],[0,-38.4],[15.5,0],[11.5,10.2],[0,16.9],[-10.6,9.3]],"v":[[0,55.9],[-58,0],[0,-55.9],[40.4,-41.5],[58,0],[40.4,41.4]],"c":true}]},{"i":{"x":0,"y":1},"o":{"x":0.333,"y":0},"t":10,"s":[{"i":[[15.4,0],[0,38.4],[-27.9,0],[-10.6,-9.3],[0,-16.9],[11.5,-10.2]],"o":[[-27.9,0],[0,-38.4],[15.5,0],[11.5,10.2],[0,16.9],[-10.6,9.3]],"v":[[0,55.9],[-58,0],[0,-55.9],[40.4,-41.5],[58,0],[40.4,41.4]],"c":true}]},{"i":{"x":0.833,"y":0.833},"o":{"x":1,"y":0},"t":17.5,"s":[{"i":[[15.4,0],[0,38.4],[-27.9,0],[-10.6,-9.3],[0,-16.9],[11.5,-10.2]],"o":[[-27.9,0],[0,-38.4],[15.5,0],[11.5,10.2],[0,16.9],[-10.6,9.3]],"v":[[0,55.9],[-58,0],[0,-55.9],[40.4,-41.5],[58,0],[40.4,41.4]],"c":true}]},{"i":{"x":0.833,"y":0.833},"o":{"x":0.167,"y":0.167},"t":25,"s":[{"i":[[15.565,0],[0,37.12],[-28.2,0],[-10.714,-8.768],[0,-16.337],[11.624,-9.86]],"o":[[-28.2,0],[0,-37.12],[15.667,0],[11.624,9.617],[0,16.337],[-10.714,8.99]],"v":[[0,51.755],[-58.623,-2.281],[0,-55.9],[40.834,-42.324],[58.623,-2.281],[40.834,37.738]],"c":true}]},{"i":{"x":0,"y":1},"o":{"x":0.167,"y":0.167},"t":27.5,"s":[{"i":[[14.803,0],[0,39.522],[-27.9,0],[-10.6,-9.3],[0,-17.394],[11.054,-10.498]],"o":[[-26.818,0],[0,-39.522],[15.5,0],[11.5,10.2],[0,17.394],[-10.189,9.572]],"v":[[0,58.656],[-55.75,1.122],[0,-55.9],[40.4,-41.5],[55.75,1.122],[38.833,43.732]],"c":true}]},{"i":{"x":0.833,"y":0.833},"o":{"x":0.333,"y":0},"t":67.5,"s":[{"i":[[15.4,0],[0,38.4],[-27.9,0],[-10.6,-9.3],[0,-16.9],[11.5,-10.2]],"o":[[-27.9,0],[0,-38.4],[15.5,0],[11.5,10.2],[0,16.9],[-10.6,9.3]],"v":[[0,55.9],[-58,0],[0,-55.9],[40.4,-41.5],[58,0],[40.4,41.4]],"c":true}]},{"i":{"x":0.667,"y":1},"o":{"x":0.167,"y":0.167},"t":90,"s":[{"i":[[15.4,0],[0,38.4],[-27.9,0],[-10.6,-9.3],[0,-16.9],[11.5,-10.2]],"o":[[-27.9,0],[0,-38.4],[15.5,0],[11.5,10.2],[0,16.9],[-10.6,9.3]],"v":[[0,55.9],[-58,0],[0,-55.9],[40.4,-41.5],[58,0],[40.4,41.4]],"c":true}]},{"i":{"x":0.833,"y":0.833},"o":{"x":0.333,"y":0},"t":95,"s":[{"i":[[14.836,0],[0,38.821],[-26.878,0],[-10.212,-9.402],[0,-17.085],[11.079,-10.312]],"o":[[-26.878,0],[0,-38.821],[14.932,0],[11.079,10.312],[0,17.085],[-10.212,9.402]],"v":[[0,55.9],[-55.875,-0.613],[0,-57.125],[38.92,-42.567],[55.875,-0.613],[38.92,41.241]],"c":true}]},{"t":102.5,"s":[{"i":[[15.4,0],[0,38.4],[-27.9,0],[-10.6,-9.3],[0,-16.9],[11.5,-10.2]],"o":[[-27.9,0],[0,-38.4],[15.5,0],[11.5,10.2],[0,16.9],[-10.6,9.3]],"v":[[0,55.9],[-58,0],[0,-55.9],[40.4,-41.5],[58,0],[40.4,41.4]],"c":true}]}],"ix":2},"nm":"Path 1","mn":"ADBE Vector Shape - Group","hd":false},{"ty":"gf","o":{"a":0,"k":100,"ix":10},"r":1,"bm":0,"g":{"p":5,"k":{"a":0,"k":[0.48,0.992,0.878,0.188,0.691,0.98,0.816,0.178,0.902,0.969,0.753,0.169,0.966,0.963,0.694,0.153,1,0.957,0.635,0.137],"ix":9}},"s":{"a":0,"k":[0,0],"ix":5},"e":{"a":0,"k":[56.225,0],"ix":6},"t":2,"h":{"a":0,"k":0,"ix":7},"a":{"a":0,"k":0,"ix":8},"nm":"Gradient Fill 1","mn":"ADBE Vector Graphic - G-Fill","hd":false},{"ty":"tr","p":{"a":0,"k":[0,0],"ix":2},"a":{"a":0,"k":[0,0],"ix":1},"s":{"a":0,"k":[100,100],"ix":3},"r":{"a":0,"k":0,"ix":6},"o":{"a":0,"k":100,"ix":7},"sk":{"a":0,"k":0,"ix":4},"sa":{"a":0,"k":0,"ix":5},"nm":"Transform"}],"nm":"Group 1","np":2,"cix":2,"bm":0,"ix":1,"mn":"ADBE Vector Group","hd":false}],"ip":0,"op":102,"st":7.5,"bm":0}],"markers":[{"tm":88,"cm":"rest","dr":0}]}