{"v":"5.8.1","fr":60,"ip":0,"op":202,"w":1024,"h":1024,"nm":"u1fabe","ddd":0,"assets":[],"layers":[{"ddd":0,"ind":1,"ty":3,"nm":"Null 1","sr":1,"ks":{"o":{"a":0,"k":0,"ix":11},"r":{"a":1,"k":[{"i":{"x":[0.667],"y":[1]},"o":{"x":[0.333],"y":[0]},"t":0,"s":[0]},{"i":{"x":[0.667],"y":[1]},"o":{"x":[0.333],"y":[0]},"t":14,"s":[11]},{"i":{"x":[0.667],"y":[1]},"o":{"x":[0.333],"y":[0]},"t":24,"s":[-6]},{"i":{"x":[0.667],"y":[1]},"o":{"x":[0.333],"y":[0]},"t":34,"s":[2]},{"t":42,"s":[0]}],"ix":10},"p":{"a":0,"k":[618,50,0],"ix":2,"l":2},"a":{"a":0,"k":[0,0,0],"ix":1,"l":2},"s":{"a":1,"k":[{"i":{"x":[0.667,0.667,0.667],"y":[1,1,1]},"o":{"x":[0.333,0.333,0.333],"y":[0,0,0]},"t":0,"s":[0,0,100]},{"i":{"x":[0.667,0.667,0.667],"y":[1,1,1]},"o":{"x":[0.333,0.333,0.333],"y":[0,0,0]},"t":14,"s":[120,120,100]},{"i":{"x":[0.667,0.667,0.667],"y":[1,1,1]},"o":{"x":[0.333,0.333,0.333],"y":[0,0,0]},"t":24,"s":[95,95,100]},{"i":{"x":[0.667,0.667,0.667],"y":[1,1,1]},"o":{"x":[0.333,0.333,0.333],"y":[0,0,0]},"t":34,"s":[102,102,100]},{"t":42,"s":[100,100,100]}],"ix":6,"l":2}},"ao":0,"ip":0,"op":202,"st":0,"bm":0},{"ddd":0,"ind":2,"ty":4,"nm":"tree leaves","parent":1,"sr":1,"ks":{"o":{"a":0,"k":100,"ix":11},"r":{"a":1,"k":[{"i":{"x":[0.833],"y":[0.833]},"o":{"x":[0.167],"y":[0.167]},"t":68,"s":[0]},{"i":{"x":[0.833],"y":[0.833]},"o":{"x":[0.167],"y":[0.167]},"t":84,"s":[18]},{"t":108,"s":[-18]}],"ix":10},"p":{"a":1,"k":[{"i":{"x":0.833,"y":0.833},"o":{"x":0.333,"y":0},"t":40,"s":[44.729,5.494,0],"to":[0,0,0],"ti":[0,0,0]},{"i":{"x":0.833,"y":0.833},"o":{"x":0.167,"y":0.167},"t":68,"s":[119.729,30.494,0],"to":[0,0,0],"ti":[0,0,0]},{"i":{"x":0.649,"y":0.305},"o":{"x":0.167,"y":0.167},"t":70,"s":[121.099,33.494,0],"to":[0,0,0],"ti":[-59.817,-14.023,0]},{"i":{"x":0.833,"y":0.833},"o":{"x":0.407,"y":0.311},"t":84,"s":[187.748,48.494,0],"to":[119.438,28,0],"ti":[0,0,0]},{"t":108,"s":[487.729,30.494,0]}],"ix":2,"l":2},"a":{"a":0,"k":[52.575,41.51,0],"ix":1,"l":2},"s":{"a":0,"k":[100,100,100],"ix":6,"l":2}},"ao":0,"shapes":[{"ty":"gr","it":[{"ind":0,"ty":"sh","ix":1,"ks":{"a":0,"k":{"i":[[-30.003,-6.917],[0,0],[30.003,6.916],[0,0]],"o":[[30.003,6.917],[0,0],[-30.003,-6.917],[0,0]],"v":[[7.456,-32.343],[54.325,12.524],[-7.456,32.344],[-54.325,-12.523]],"c":true},"ix":2},"nm":"Path 1","mn":"ADBE Vector Shape - Group","hd":false},{"ty":"fl","c":{"a":0,"k":[0.255000005984,0.541000007181,0.246999987434,1],"ix":4},"o":{"a":0,"k":100,"ix":5},"r":1,"bm":0,"nm":"Fill 1","mn":"ADBE Vector Graphic - Fill","hd":false},{"ty":"tr","p":{"a":0,"k":[54.575,39.51],"ix":2},"a":{"a":0,"k":[0,0],"ix":1},"s":{"a":0,"k":[100,100],"ix":3},"r":{"a":0,"k":0,"ix":6},"o":{"a":0,"k":100,"ix":7},"sk":{"a":0,"k":0,"ix":4},"sa":{"a":0,"k":0,"ix":5},"nm":"Transform"}],"nm":"Group 1","np":2,"cix":2,"bm":0,"ix":1,"mn":"ADBE Vector Group","hd":false}],"ip":0,"op":202,"st":0,"bm":0},{"ddd":0,"ind":3,"ty":3,"nm":"Null 2","sr":1,"ks":{"o":{"a":0,"k":0,"ix":11},"r":{"a":1,"k":[{"i":{"x":[0.667],"y":[1]},"o":{"x":[0.333],"y":[0]},"t":2,"s":[0]},{"i":{"x":[0.667],"y":[1]},"o":{"x":[0.333],"y":[0]},"t":18,"s":[11]},{"i":{"x":[0.667],"y":[1]},"o":{"x":[0.333],"y":[0]},"t":30,"s":[-6]},{"i":{"x":[0.667],"y":[1]},"o":{"x":[0.333],"y":[0]},"t":40,"s":[2]},{"t":48,"s":[0]}],"ix":10},"p":{"a":0,"k":[829.5,200,0],"ix":2,"l":2},"a":{"a":0,"k":[0,0,0],"ix":1,"l":2},"s":{"a":1,"k":[{"i":{"x":[0.667,0.667,0.667],"y":[1,1,1]},"o":{"x":[0.333,0.333,0.333],"y":[0,0,0]},"t":2,"s":[0,0,100]},{"i":{"x":[0.667,0.667,0.667],"y":[1,1,1]},"o":{"x":[0.333,0.333,0.333],"y":[0,0,0]},"t":18,"s":[120,120,100]},{"i":{"x":[0.667,0.667,0.667],"y":[1,1,1]},"o":{"x":[0.333,0.333,0.333],"y":[0,0,0]},"t":30,"s":[95,95,100]},{"i":{"x":[0.667,0.667,0.667],"y":[1,1,1]},"o":{"x":[0.333,0.333,0.333],"y":[0,0,0]},"t":40,"s":[102,102,100]},{"t":48,"s":[100,100,100]}],"ix":6,"l":2}},"ao":0,"ip":0,"op":202,"st":0,"bm":0},{"ddd":0,"ind":4,"ty":4,"nm":"tree leaves","parent":3,"sr":1,"ks":{"o":{"a":0,"k":100,"ix":11},"r":{"a":1,"k":[{"i":{"x":[0.833],"y":[1]},"o":{"x":[0.333],"y":[0]},"t":40,"s":[0]},{"i":{"x":[0.833],"y":[1]},"o":{"x":[0.167],"y":[0]},"t":60,"s":[25]},{"t":84,"s":[72]}],"ix":10},"p":{"a":1,"k":[{"i":{"x":0.833,"y":0.833},"o":{"x":0.333,"y":0},"t":40,"s":[-1.734,-45.827,0],"to":[9.826,4.266,0],"ti":[-44.326,-9.6,0]},{"i":{"x":0.833,"y":0.833},"o":{"x":0.167,"y":0.167},"t":60,"s":[57.223,-20.229,0],"to":[44.326,9.6,0],"ti":[-79.5,2.667,0]},{"t":84,"s":[264.223,11.771,0]}],"ix":2,"l":2},"a":{"a":0,"k":[31.442,58,0],"ix":1,"l":2},"s":{"a":0,"k":[100,100,100],"ix":6,"l":2}},"ao":0,"shapes":[{"ty":"gr","it":[{"ind":0,"ty":"sh","ix":1,"ks":{"a":0,"k":{"i":[[0,-30.79],[0,0],[0,30.79],[0,0]],"o":[[0,30.79],[0,0],[0,-30.79],[0,0]],"v":[[33.192,0],[0,55.75],[-33.192,0],[0,-55.75]],"c":true},"ix":2},"nm":"Path 1","mn":"ADBE Vector Shape - Group","hd":false},{"ty":"fl","c":{"a":0,"k":[0.255000005984,0.541000007181,0.246999987434,1],"ix":4},"o":{"a":0,"k":100,"ix":5},"r":1,"bm":0,"nm":"Fill 1","mn":"ADBE Vector Graphic - Fill","hd":false},{"ty":"tr","p":{"a":0,"k":[33.441,56],"ix":2},"a":{"a":0,"k":[0,0],"ix":1},"s":{"a":0,"k":[100,100],"ix":3},"r":{"a":0,"k":0,"ix":6},"o":{"a":0,"k":100,"ix":7},"sk":{"a":0,"k":0,"ix":4},"sa":{"a":0,"k":0,"ix":5},"nm":"Transform"}],"nm":"Group 1","np":2,"cix":2,"bm":0,"ix":1,"mn":"ADBE Vector Group","hd":false}],"ip":0,"op":202,"st":0,"bm":0},{"ddd":0,"ind":5,"ty":3,"nm":"Null 3","sr":1,"ks":{"o":{"a":0,"k":0,"ix":11},"r":{"a":1,"k":[{"i":{"x":[0.667],"y":[1]},"o":{"x":[0.333],"y":[0]},"t":4,"s":[0]},{"i":{"x":[0.667],"y":[1]},"o":{"x":[0.333],"y":[0]},"t":20,"s":[11]},{"i":{"x":[0.667],"y":[1]},"o":{"x":[0.333],"y":[0]},"t":32,"s":[-6]},{"i":{"x":[0.667],"y":[1]},"o":{"x":[0.333],"y":[0]},"t":42,"s":[2]},{"t":50,"s":[0]}],"ix":10},"p":{"a":0,"k":[768,285,0],"ix":2,"l":2},"a":{"a":0,"k":[-14,-3,0],"ix":1,"l":2},"s":{"a":1,"k":[{"i":{"x":[0.667,0.667,0.667],"y":[1,1,1]},"o":{"x":[0.333,0.333,0.333],"y":[0,0,0]},"t":4,"s":[0,0,100]},{"i":{"x":[0.667,0.667,0.667],"y":[1,1,1]},"o":{"x":[0.333,0.333,0.333],"y":[0,0,0]},"t":20,"s":[120,120,100]},{"i":{"x":[0.667,0.667,0.667],"y":[1,1,1]},"o":{"x":[0.333,0.333,0.333],"y":[0,0,0]},"t":32,"s":[95,95,100]},{"i":{"x":[0.667,0.667,0.667],"y":[1,1,1]},"o":{"x":[0.333,0.333,0.333],"y":[0,0,0]},"t":42,"s":[102,102,100]},{"t":50,"s":[100,100,100]}],"ix":6,"l":2}},"ao":0,"ip":0,"op":202,"st":0,"bm":0},{"ddd":0,"ind":6,"ty":4,"nm":"tree leaves","parent":5,"sr":1,"ks":{"o":{"a":0,"k":100,"ix":11},"r":{"a":1,"k":[{"i":{"x":[0.833],"y":[0.833]},"o":{"x":[0.333],"y":[0]},"t":40,"s":[0]},{"t":90,"s":[67]}],"ix":10},"p":{"a":1,"k":[{"i":{"x":0.833,"y":0.833},"o":{"x":0.333,"y":0},"t":40,"s":[36.553,8.6,0],"to":[4.627,2.771,0],"ti":[-42.96,-9.104,0]},{"i":{"x":0.833,"y":0.833},"o":{"x":0.167,"y":0.167},"t":60,"s":[64.315,25.224,0],"to":[42.96,9.104,0],"ti":[-123.667,23.667,0]},{"t":96,"s":[294.315,63.224,0]}],"ix":2,"l":2},"a":{"a":0,"k":[53.575,38.51,0],"ix":1,"l":2},"s":{"a":0,"k":[100,100,100],"ix":6,"l":2}},"ao":0,"shapes":[{"ty":"gr","it":[{"ind":0,"ty":"sh","ix":1,"ks":{"a":0,"k":{"i":[[-30.003,-6.917],[0,0],[30.003,6.916],[0,0]],"o":[[30.003,6.917],[0,0],[-30.003,-6.917],[0,0]],"v":[[7.456,-32.343],[54.325,12.524],[-7.456,32.344],[-54.325,-12.523]],"c":true},"ix":2},"nm":"Path 1","mn":"ADBE Vector Shape - Group","hd":false},{"ty":"fl","c":{"a":0,"k":[0.255000005984,0.541000007181,0.246999987434,1],"ix":4},"o":{"a":0,"k":100,"ix":5},"r":1,"bm":0,"nm":"Fill 1","mn":"ADBE Vector Graphic - Fill","hd":false},{"ty":"tr","p":{"a":0,"k":[54.575,39.51],"ix":2},"a":{"a":0,"k":[0,0],"ix":1},"s":{"a":0,"k":[100,100],"ix":3},"r":{"a":0,"k":0,"ix":6},"o":{"a":0,"k":100,"ix":7},"sk":{"a":0,"k":0,"ix":4},"sa":{"a":0,"k":0,"ix":5},"nm":"Transform"}],"nm":"Group 1","np":2,"cix":2,"bm":0,"ix":1,"mn":"ADBE Vector Group","hd":false}],"ip":0,"op":202,"st":0,"bm":0},{"ddd":0,"ind":7,"ty":3,"nm":"Null 3","sr":1,"ks":{"o":{"a":0,"k":0,"ix":11},"r":{"a":1,"k":[{"i":{"x":[0.667],"y":[1]},"o":{"x":[0.333],"y":[0]},"t":6,"s":[0]},{"i":{"x":[0.667],"y":[1.122]},"o":{"x":[0.333],"y":[0]},"t":20,"s":[-24]},{"i":{"x":[0.667],"y":[1]},"o":{"x":[0.333],"y":[0.808]},"t":32,"s":[1.168]},{"i":{"x":[0.667],"y":[1]},"o":{"x":[0.333],"y":[0]},"t":42,"s":[-2]},{"t":50,"s":[0]}],"ix":10},"p":{"a":0,"k":[442.75,229,0],"ix":2,"l":2},"a":{"a":0,"k":[-14,-3,0],"ix":1,"l":2},"s":{"a":1,"k":[{"i":{"x":[0.667,0.667,0.667],"y":[1,1,1]},"o":{"x":[0.333,0.333,0.333],"y":[0,0,0]},"t":4,"s":[0,0,100]},{"i":{"x":[0.667,0.667,0.667],"y":[1,1,1]},"o":{"x":[0.333,0.333,0.333],"y":[0,0,0]},"t":20,"s":[120,120,100]},{"i":{"x":[0.667,0.667,0.667],"y":[1,1,1]},"o":{"x":[0.333,0.333,0.333],"y":[0,0,0]},"t":32,"s":[95,95,100]},{"i":{"x":[0.667,0.667,0.667],"y":[1,1,1]},"o":{"x":[0.333,0.333,0.333],"y":[0,0,0]},"t":42,"s":[102,102,100]},{"t":50,"s":[100,100,100]}],"ix":6,"l":2}},"ao":0,"ip":0,"op":202,"st":0,"bm":0},{"ddd":0,"ind":8,"ty":4,"nm":"tree leaves","parent":7,"sr":1,"ks":{"o":{"a":0,"k":100,"ix":11},"r":{"a":1,"k":[{"i":{"x":[0.67],"y":[1]},"o":{"x":[0.296],"y":[0]},"t":46,"s":[0]},{"i":{"x":[0.807],"y":[1]},"o":{"x":[0.429],"y":[0]},"t":60,"s":[0]},{"i":{"x":[0.833],"y":[1]},"o":{"x":[0.167],"y":[0]},"t":70,"s":[-12]},{"i":{"x":[0.833],"y":[1]},"o":{"x":[0.709],"y":[-0.018]},"t":90,"s":[8]},{"t":140,"s":[105]}],"ix":10},"p":{"a":1,"k":[{"i":{"x":0.833,"y":0.833},"o":{"x":0.333,"y":0},"t":40,"s":[38.175,8.409,0],"to":[0,0,0],"ti":[0,0,0]},{"i":{"x":0.667,"y":1},"o":{"x":0.167,"y":0.167},"t":60,"s":[60.59,1.934,0],"to":[0,0,0],"ti":[0,0,0]},{"i":{"x":0.667,"y":1},"o":{"x":0.333,"y":0},"t":70,"s":[90.59,-7.066,0],"to":[0,0,0],"ti":[0,0,0]},{"i":{"x":0.656,"y":0.484},"o":{"x":0.297,"y":0},"t":90,"s":[55.59,8.934,0],"to":[0,0,0],"ti":[-108.945,15.202,0]},{"i":{"x":0.833,"y":0.833},"o":{"x":0.422,"y":0.363},"t":114,"s":[266.165,-73.066,0],"to":[172,-24,0],"ti":[0,0,0]},{"t":142,"s":[715.59,12.934,0]}],"ix":2,"l":2},"a":{"a":0,"k":[53.575,38.51,0],"ix":1,"l":2},"s":{"a":0,"k":[100,100,100],"ix":6,"l":2}},"ao":0,"shapes":[{"ty":"gr","it":[{"ind":0,"ty":"sh","ix":1,"ks":{"a":0,"k":{"i":[[-30.003,-6.917],[0,0],[30.003,6.916],[0,0]],"o":[[30.003,6.917],[0,0],[-30.003,-6.917],[0,0]],"v":[[7.456,-32.343],[54.325,12.524],[-7.456,32.344],[-54.325,-12.523]],"c":true},"ix":2},"nm":"Path 1","mn":"ADBE Vector Shape - Group","hd":false},{"ty":"fl","c":{"a":0,"k":[0.255000005984,0.541000007181,0.246999987434,1],"ix":4},"o":{"a":0,"k":100,"ix":5},"r":1,"bm":0,"nm":"Fill 1","mn":"ADBE Vector Graphic - Fill","hd":false},{"ty":"tr","p":{"a":0,"k":[54.575,39.51],"ix":2},"a":{"a":0,"k":[0,0],"ix":1},"s":{"a":0,"k":[100,100],"ix":3},"r":{"a":0,"k":0,"ix":6},"o":{"a":0,"k":100,"ix":7},"sk":{"a":0,"k":0,"ix":4},"sa":{"a":0,"k":0,"ix":5},"nm":"Transform"}],"nm":"Group 1","np":2,"cix":2,"bm":0,"ix":1,"mn":"ADBE Vector Group","hd":false}],"ip":0,"op":202,"st":0,"bm":0},{"ddd":0,"ind":9,"ty":3,"nm":"Null 1","sr":1,"ks":{"o":{"a":0,"k":0,"ix":11},"r":{"a":1,"k":[{"i":{"x":[0.667],"y":[1]},"o":{"x":[0.333],"y":[0]},"t":0,"s":[0]},{"i":{"x":[0.667],"y":[1]},"o":{"x":[0.333],"y":[0]},"t":14,"s":[11]},{"i":{"x":[0.667],"y":[1]},"o":{"x":[0.333],"y":[0]},"t":24,"s":[-6]},{"i":{"x":[0.667],"y":[1]},"o":{"x":[0.333],"y":[0]},"t":34,"s":[2]},{"t":42,"s":[0]}],"ix":10},"p":{"a":0,"k":[216,276,0],"ix":2,"l":2},"a":{"a":0,"k":[0,0,0],"ix":1,"l":2},"s":{"a":1,"k":[{"i":{"x":[0.667,0.667,0.667],"y":[1,1,1]},"o":{"x":[0.333,0.333,0.333],"y":[0,0,0]},"t":0,"s":[0,0,100]},{"i":{"x":[0.667,0.667,0.667],"y":[1,1,1]},"o":{"x":[0.333,0.333,0.333],"y":[0,0,0]},"t":14,"s":[120,120,100]},{"i":{"x":[0.667,0.667,0.667],"y":[1,1,1]},"o":{"x":[0.333,0.333,0.333],"y":[0,0,0]},"t":24,"s":[95,95,100]},{"i":{"x":[0.667,0.667,0.667],"y":[1,1,1]},"o":{"x":[0.333,0.333,0.333],"y":[0,0,0]},"t":34,"s":[102,102,100]},{"t":42,"s":[100,100,100]}],"ix":6,"l":2}},"ao":0,"ip":92,"op":202,"st":0,"bm":0},{"ddd":0,"ind":10,"ty":4,"nm":"tree leaves 2","parent":9,"sr":1,"ks":{"o":{"a":0,"k":100,"ix":11},"r":{"a":1,"k":[{"i":{"x":[0.833],"y":[0.833]},"o":{"x":[0.333],"y":[0]},"t":60,"s":[0]},{"i":{"x":[0.667],"y":[1]},"o":{"x":[0.167],"y":[0.167]},"t":70,"s":[-1]},{"i":{"x":[0.667],"y":[0.77]},"o":{"x":[0.333],"y":[0]},"t":84,"s":[13]},{"i":{"x":[0.667],"y":[1]},"o":{"x":[0.333],"y":[1.264]},"t":98,"s":[57]},{"i":{"x":[0.667],"y":[1]},"o":{"x":[0.333],"y":[0]},"t":112,"s":[65]},{"t":128,"s":[4]}],"ix":10},"p":{"a":1,"k":[{"i":{"x":0.833,"y":0.833},"o":{"x":0.333,"y":0},"t":40,"s":[32.065,-39.591,0],"to":[0,0,0],"ti":[0,0,0]},{"i":{"x":0.585,"y":0.653},"o":{"x":0.167,"y":0.167},"t":60,"s":[58.47,-51.354,0],"to":[0,0,0],"ti":[0,0,0]},{"i":{"x":0.833,"y":0.821},"o":{"x":0.348,"y":0.163},"t":66,"s":[91.803,-72.46,0],"to":[0,0,0],"ti":[-131.679,51.866,0]},{"i":{"x":0.833,"y":0.816},"o":{"x":0.167,"y":0.16},"t":84,"s":[277.136,-172.205,0],"to":[94.828,-37.351,0],"ti":[-113.776,-1.316,0]},{"i":{"x":0.833,"y":0.833},"o":{"x":0.167,"y":0.143},"t":112,"s":[600.557,-22.925,0],"to":[142.244,1.646,0],"ti":[0,0,0]},{"t":128,"s":[853.065,-105.591,0]}],"ix":2,"l":2},"a":{"a":0,"k":[42.518,45.334,0],"ix":1,"l":2},"s":{"a":0,"k":[100,100,100],"ix":6,"l":2}},"ao":0,"shapes":[{"ty":"gr","it":[{"ind":0,"ty":"sh","ix":1,"ks":{"a":0,"k":{"i":[[-20.565,22.915],[0,0],[20.565,-22.915],[0,0]],"o":[[20.565,-22.915],[0,0],[-20.565,22.915],[0,0]],"v":[[-24.702,-22.169],[37.236,-41.491],[24.702,22.169],[-37.237,41.492]],"c":true},"ix":2},"nm":"Path 1","mn":"ADBE Vector Shape - Group","hd":false},{"ty":"fl","c":{"a":0,"k":[0.255000005984,0.541000007181,0.246999987434,1],"ix":4},"o":{"a":0,"k":100,"ix":5},"r":1,"bm":0,"nm":"Fill 1","mn":"ADBE Vector Graphic - Fill","hd":false},{"ty":"tr","p":{"a":0,"k":[45.518,45.334],"ix":2},"a":{"a":0,"k":[0,0],"ix":1},"s":{"a":0,"k":[100,100],"ix":3},"r":{"a":0,"k":0,"ix":6},"o":{"a":0,"k":100,"ix":7},"sk":{"a":0,"k":0,"ix":4},"sa":{"a":0,"k":0,"ix":5},"nm":"Transform"}],"nm":"Group 1","np":2,"cix":2,"bm":0,"ix":1,"mn":"ADBE Vector Group","hd":false}],"ip":92,"op":202,"st":0,"bm":0},{"ddd":0,"ind":11,"ty":3,"nm":"Null 2","sr":1,"ks":{"o":{"a":0,"k":0,"ix":11},"r":{"a":1,"k":[{"i":{"x":[0.667],"y":[1]},"o":{"x":[0.333],"y":[0]},"t":8,"s":[0]},{"i":{"x":[0.667],"y":[1]},"o":{"x":[0.333],"y":[0]},"t":20,"s":[11]},{"i":{"x":[0.667],"y":[1]},"o":{"x":[0.333],"y":[0]},"t":32,"s":[-6]},{"i":{"x":[0.667],"y":[1]},"o":{"x":[0.333],"y":[0]},"t":42,"s":[2]},{"t":50,"s":[0]}],"ix":10},"p":{"a":0,"k":[129.5,508,0],"ix":2,"l":2},"a":{"a":0,"k":[0,0,0],"ix":1,"l":2},"s":{"a":1,"k":[{"i":{"x":[0.667,0.667,0.667],"y":[1,1,1]},"o":{"x":[0.333,0.333,0.333],"y":[0,0,0]},"t":8,"s":[0,0,100]},{"i":{"x":[0.667,0.667,0.667],"y":[1,1,1]},"o":{"x":[0.333,0.333,0.333],"y":[0,0,0]},"t":20,"s":[120,120,100]},{"i":{"x":[0.667,0.667,0.667],"y":[1,1,1]},"o":{"x":[0.333,0.333,0.333],"y":[0,0,0]},"t":32,"s":[95,95,100]},{"i":{"x":[0.667,0.667,0.667],"y":[1,1,1]},"o":{"x":[0.333,0.333,0.333],"y":[0,0,0]},"t":42,"s":[102,102,100]},{"t":50,"s":[100,100,100]}],"ix":6,"l":2}},"ao":0,"ip":0,"op":202,"st":0,"bm":0},{"ddd":0,"ind":12,"ty":4,"nm":"tree leaves","parent":11,"sr":1,"ks":{"o":{"a":0,"k":100,"ix":11},"r":{"a":1,"k":[{"i":{"x":[0.667],"y":[1]},"o":{"x":[0.167],"y":[0]},"t":58,"s":[0]},{"i":{"x":[0.667],"y":[1]},"o":{"x":[0.333],"y":[0]},"t":70,"s":[-12]},{"i":{"x":[0.833],"y":[1]},"o":{"x":[0.333],"y":[0]},"t":90,"s":[9]},{"t":148,"s":[215]}],"ix":10},"p":{"a":1,"k":[{"i":{"x":0.833,"y":0.833},"o":{"x":0.5,"y":0},"t":40,"s":[40.028,-35.539,0],"to":[0,0,0],"ti":[0,0,0]},{"i":{"x":0.667,"y":1},"o":{"x":0.228,"y":0.087},"t":60,"s":[49.531,-45.11,0],"to":[0,0,0],"ti":[0,0,0]},{"i":{"x":0.667,"y":1},"o":{"x":0.333,"y":0},"t":70,"s":[61.531,-80.11,0],"to":[0,0,0],"ti":[0,0,0]},{"i":{"x":0.648,"y":0.603},"o":{"x":0.333,"y":0},"t":90,"s":[55.531,-42.11,0],"to":[0,0,0],"ti":[-150,0,0]},{"i":{"x":0.833,"y":0.833},"o":{"x":0.402,"y":0.269},"t":116,"s":[331.682,-160.11,0],"to":[150,0,0],"ti":[0,0,0]},{"t":148,"s":[955.531,-42.11,0]}],"ix":2,"l":2},"a":{"a":0,"k":[47.442,47.519,0],"ix":1,"l":2},"s":{"a":0,"k":[100,100,100],"ix":6,"l":2}},"ao":0,"shapes":[{"ty":"gr","it":[{"ind":0,"ty":"sh","ix":1,"ks":{"a":0,"k":{"i":[[-22.257,21.275],[0,0],[22.257,-21.276],[0,0]],"o":[[22.257,-21.276],[0,0],[-22.257,21.275],[0,0]],"v":[[-22.935,-23.993],[40.3,-38.523],[22.935,23.993],[-40.3,38.524]],"c":true},"ix":2},"nm":"Path 1","mn":"ADBE Vector Shape - Group","hd":false},{"ty":"fl","c":{"a":0,"k":[0.255000005984,0.541000007181,0.246999987434,1],"ix":4},"o":{"a":0,"k":100,"ix":5},"r":1,"bm":0,"nm":"Fill 1","mn":"ADBE Vector Graphic - Fill","hd":false},{"ty":"tr","p":{"a":0,"k":[45.442,45.519],"ix":2},"a":{"a":0,"k":[0,0],"ix":1},"s":{"a":0,"k":[100,100],"ix":3},"r":{"a":0,"k":0,"ix":6},"o":{"a":0,"k":100,"ix":7},"sk":{"a":0,"k":0,"ix":4},"sa":{"a":0,"k":0,"ix":5},"nm":"Transform"}],"nm":"Group 1","np":2,"cix":2,"bm":0,"ix":1,"mn":"ADBE Vector Group","hd":false}],"ip":0,"op":202,"st":0,"bm":0},{"ddd":0,"ind":13,"ty":3,"nm":"Null 1","sr":1,"ks":{"o":{"a":0,"k":0,"ix":11},"r":{"a":1,"k":[{"i":{"x":[0.667],"y":[1]},"o":{"x":[0.333],"y":[0]},"t":12,"s":[0]},{"i":{"x":[0.667],"y":[1]},"o":{"x":[0.333],"y":[0]},"t":26,"s":[17]},{"i":{"x":[0.667],"y":[1]},"o":{"x":[0.333],"y":[0]},"t":38,"s":[-8]},{"i":{"x":[0.667],"y":[1]},"o":{"x":[0.333],"y":[0]},"t":48,"s":[2]},{"t":56,"s":[0]}],"ix":10},"p":{"a":0,"k":[782.25,625.5,0],"ix":2,"l":2},"a":{"a":0,"k":[0,0,0],"ix":1,"l":2},"s":{"a":1,"k":[{"i":{"x":[0.667,0.667,0.667],"y":[1,1,1]},"o":{"x":[0.333,0.333,0.333],"y":[0,0,0]},"t":12,"s":[0,0,100]},{"i":{"x":[0.667,0.667,0.667],"y":[1,1,1]},"o":{"x":[0.333,0.333,0.333],"y":[0,0,0]},"t":26,"s":[130,130,100]},{"i":{"x":[0.667,0.667,0.667],"y":[1,1,1]},"o":{"x":[0.333,0.333,0.333],"y":[0,0,0]},"t":38,"s":[94,94,100]},{"i":{"x":[0.667,0.667,0.667],"y":[1,1,1]},"o":{"x":[0.333,0.333,0.333],"y":[0,0,0]},"t":48,"s":[102,102,100]},{"t":56,"s":[100,100,100]}],"ix":6,"l":2}},"ao":0,"ip":0,"op":202,"st":0,"bm":0},{"ddd":0,"ind":14,"ty":4,"nm":"tree leaves","parent":13,"sr":1,"ks":{"o":{"a":0,"k":100,"ix":11},"r":{"a":1,"k":[{"i":{"x":[0.667],"y":[1]},"o":{"x":[0.707],"y":[0]},"t":40,"s":[0]},{"t":96,"s":[105]}],"ix":10},"p":{"a":1,"k":[{"i":{"x":0.733,"y":0.417},"o":{"x":0.406,"y":0},"t":40,"s":[52.294,17.615,0],"to":[0.404,0,0],"ti":[-11.467,0,0]},{"i":{"x":0.833,"y":0.833},"o":{"x":0.701,"y":0.207},"t":60,"s":[57.13,33.615,0],"to":[61.699,0,0],"ti":[-1.443,0,0]},{"t":96,"s":[326.294,17.615,0]}],"ix":2,"l":2},"a":{"a":0,"k":[53.353,42.24,0],"ix":1,"l":2},"s":{"a":0,"k":[100,100,100],"ix":6,"l":2}},"ao":0,"shapes":[{"ty":"gr","it":[{"ind":0,"ty":"sh","ix":1,"ks":{"a":0,"k":{"i":[[-29.328,-9.375],[0,0],[29.327,9.375],[0,0]],"o":[[29.328,9.375],[0,0],[-29.328,-9.375],[0,0]],"v":[[10.106,-31.615],[53.103,16.975],[-10.106,31.615],[-53.103,-16.974]],"c":true},"ix":2},"nm":"Path 1","mn":"ADBE Vector Shape - Group","hd":false},{"ty":"fl","c":{"a":0,"k":[0.255000005984,0.541000007181,0.246999987434,1],"ix":4},"o":{"a":0,"k":100,"ix":5},"r":1,"bm":0,"nm":"Fill 1","mn":"ADBE Vector Graphic - Fill","hd":false},{"ty":"tr","p":{"a":0,"k":[53.353,41.24],"ix":2},"a":{"a":0,"k":[0,0],"ix":1},"s":{"a":0,"k":[100,100],"ix":3},"r":{"a":0,"k":0,"ix":6},"o":{"a":0,"k":100,"ix":7},"sk":{"a":0,"k":0,"ix":4},"sa":{"a":0,"k":0,"ix":5},"nm":"Transform"}],"nm":"Group 1","np":2,"cix":2,"bm":0,"ix":1,"mn":"ADBE Vector Group","hd":false}],"ip":0,"op":202,"st":0,"bm":0},{"ddd":0,"ind":15,"ty":4,"nm":"Layer 1 Outlines 2","td":1,"sr":1,"ks":{"o":{"a":0,"k":100,"ix":11},"r":{"a":0,"k":0,"ix":10},"p":{"a":0,"k":[432,976,0],"ix":2,"l":2},"a":{"a":0,"k":[432,976,0],"ix":1,"l":2},"s":{"a":0,"k":[100,100,100],"ix":6,"l":2}},"ao":0,"shapes":[{"ty":"gr","it":[{"ind":0,"ty":"sh","ix":1,"ks":{"a":0,"k":{"i":[[0,0],[3.2,31.2],[0,0],[11.2,12],[0,0],[0,0],[1.6,-15.201]],"o":[[-2.4,27.199],[-1.6,-13.599],[0,0],[0,0],[0,0],[0,0],[0,0]],"v":[[-95.2,452],[89.6,451.2],[800,461.6],[576,-608.799],[-576.8,-567.999],[-773.6,468.801],[-96,449.6]],"c":true},"ix":2},"nm":"Path 1","mn":"ADBE Vector Shape - Group","hd":false},{"ty":"fl","c":{"a":0,"k":[0.528999956916,0.361000001197,0.317999985639,1],"ix":4},"o":{"a":0,"k":100,"ix":5},"r":1,"bm":0,"nm":"Fill 1","mn":"ADBE Vector Graphic - Fill","hd":false},{"ty":"tr","p":{"a":0,"k":[524.8,518.4],"ix":2},"a":{"a":0,"k":[0,0],"ix":1},"s":{"a":0,"k":[100,100],"ix":3},"r":{"a":0,"k":0,"ix":6},"o":{"a":0,"k":100,"ix":7},"sk":{"a":0,"k":0,"ix":4},"sa":{"a":0,"k":0,"ix":5},"nm":"Transform"}],"nm":"Group 1","np":2,"cix":2,"bm":0,"ix":1,"mn":"ADBE Vector Group","hd":false}],"ip":0,"op":202,"st":0,"bm":0},{"ddd":0,"ind":16,"ty":4,"nm":"tree","tt":1,"sr":1,"ks":{"o":{"a":0,"k":100,"ix":11},"r":{"a":1,"k":[{"i":{"x":[0.667],"y":[1]},"o":{"x":[0.333],"y":[0]},"t":40,"s":[0]},{"i":{"x":[0.667],"y":[1]},"o":{"x":[0.333],"y":[0]},"t":110,"s":[3]},{"i":{"x":[0.667],"y":[1]},"o":{"x":[0.333],"y":[0]},"t":128,"s":[-0.5]},{"i":{"x":[0.833],"y":[1]},"o":{"x":[0.333],"y":[0]},"t":144,"s":[0.5]},{"t":162,"s":[0]}],"ix":10},"p":{"a":0,"k":[432,976,0],"ix":2,"l":2},"a":{"a":0,"k":[432,976,0],"ix":1,"l":2},"s":{"a":0,"k":[100,100,100],"ix":6,"l":2}},"ao":0,"shapes":[{"ty":"gr","it":[{"ind":0,"ty":"sh","ix":1,"ks":{"a":1,"k":[{"i":{"x":0.833,"y":0.833},"o":{"x":0.333,"y":0},"t":40,"s":[{"i":[[0,0],[3.2,31.2],[0,0],[-11.2,12.801],[0,0],[-15.2,10.399],[-10.4,7.2],[-8.8,-4.8],[0,0],[0,0],[11.2,7.2],[18.4,-10.399],[0,0],[1.6,25.601],[-5.6,8],[0,0],[0,0],[11.2,-12.799],[11.2,12],[0,0],[0,0],[0,0],[0,-5.601],[0,0],[15.2,-14.399],[1.6,62.401],[16.8,18.4],[29.6,28],[2.4,16],[1.6,12],[-12,16.801],[-10.4,12],[-19.2,5.601],[0,0],[0,0],[11.2,-3.2],[20,-20.8],[9.6,-8.801],[0,-23.2],[0,0],[0,0],[11.2,12],[0,0],[0,0],[0,0],[0,0],[0,0],[-16.8,2.4],[-49.6,-8],[-48,-58.4],[-22.4,-29.6],[9.6,-25.599],[-5.6,-84.8],[1.6,-15.201]],"o":[[-2.4,27.199],[-1.6,-13.599],[0,-16.8],[0,0],[12,-13.601],[22.4,-16],[16,-10.401],[8.8,4.801],[0,0],[0,0],[-24.8,-14.401],[-21.6,12],[0,0],[0,-9.599],[17.6,-24],[0,0],[0,0],[-6.4,8],[-9.6,-10.4],[0,0],[0,0],[4,4.8],[0,0],[0.8,0],[-2.4,-112],[-1.6,-44],[-13.6,-15.201],[-7.2,-7.199],[-2.4,-14.401],[-4,-20.799],[10.4,-14.399],[10.4,-12],[19.2,-5.599],[0,0],[0,0],[-11.2,3.2],[-20,20.799],[-10.4,8.8],[0,23.2],[0,0],[-16.8,0],[0,0],[0,0],[0,0],[0,0],[0,0],[0,0],[16.8,-2.4],[52,8],[11.2,13.6],[16.8,21.6],[-20.8,56],[4,53.601],[0,0]],"v":[[-95.2,452],[89.6,451.2],[85.6,333.6],[103.2,287.2],[248.8,116.801],[288.8,80],[354.4,33.601],[401.6,31.2],[449.6,48.801],[462.4,31.2],[404,-3.199],[327.2,-0.8],[271.2,32.801],[267.2,-33.6],[275.2,-61.6],[328.8,-133.6],[311.2,-146.399],[248.8,-89.6],[213.6,-84.799],[177.6,-118.399],[164,-107.199],[208,-52.799],[214.4,-35.999],[214.4,56.801],[82.4,191.2],[112,14.4],[59.2,-82.399],[-52.8,-193.6],[-73.6,-227.199],[-81.6,-273.6],[-64.8,-329.6],[-10.4,-404.799],[34.4,-437.6],[110.4,-467.199],[104,-482.399],[11.2,-459.199],[-36.8,-430.399],[-141.6,-336.799],[-169.6,-287.999],[-164,-211.999],[-252.8,-218.399],[-308,-240.799],[-372.8,-311.999],[-393.6,-295.199],[-342.4,-217.6],[-462.4,-187.999],[-459.2,-169.6],[-361.6,-182.399],[-253.6,-171.199],[-118.4,-106.399],[-55.2,-24.799],[-44,51.2],[-90.4,223.2],[-96,449.601]],"c":true}]},{"i":{"x":0.667,"y":1},"o":{"x":0.167,"y":0.167},"t":60,"s":[{"i":[[0,0],[3.2,31.2],[0,0],[-11.2,12.801],[0,0],[-15.512,9.927],[-10.617,6.877],[-8.648,-5.068],[0,0],[0,0],[10.973,7.541],[18.711,-9.829],[0,0],[0.812,25.637],[-5.843,7.824],[0,0],[0,0],[11.588,-12.45],[10.825,12.339],[0,0],[0,0],[0,0],[0.172,-5.598],[0,0],[15.2,-14.399],[1.6,62.401],[16.8,18.4],[29.6,28],[2.4,16],[0.794,12.081],[-13.096,15.96],[-11.179,11.278],[-19.531,4.304],[0,0],[0,0],[11.389,-2.444],[21.346,-19.417],[10.166,-8.139],[1.55,-23.148],[0,0],[0,0],[9.586,13.325],[0,0],[0,0],[0,0],[0,0],[0,0],[-16.969,0.248],[-48.184,-14.231],[-48,-58.4],[-22.4,-29.6],[9.6,-25.599],[-5.6,-84.8],[1.6,-15.201]],"o":[[-2.4,27.199],[-1.6,-13.599],[0,-16.8],[0,0],[12.412,-13.225],[22.882,-15.304],[16.312,-9.904],[8.649,5.069],[0,0],[0,0],[-24.346,-15.156],[-21.958,11.331],[0,0],[0.295,-9.596],[18.33,-23.447],[0,0],[0,0],[-6.643,7.799],[-9.276,-10.69],[0,0],[0,0],[3.851,4.921],[0,0],[0.799,0.026],[-2.4,-112],[-1.6,-44],[-13.6,-15.201],[-7.2,-7.199],[-2.4,-14.401],[-2.601,-21.021],[11.339,-13.673],[11.179,-11.278],[19.532,-4.304],[0,0],[0,0],[-11.389,2.444],[-21.345,19.417],[-10.965,8.085],[-1.551,23.148],[0,0],[-16.664,-2.133],[0,0],[0,0],[0,0],[0,0],[0,0],[0,0],[16.969,-0.248],[50.563,14.536],[11.2,13.6],[16.8,21.6],[-20.8,56],[4,53.601],[0,0]],"v":[[-95.2,452],[89.6,451.2],[85.6,333.6],[103.2,287.2],[253.081,122.348],[294.193,86.795],[361.189,42.434],[408.44,41.484],[455.877,60.552],[469.212,43.354],[411.897,7.176],[335.059,7.213],[278.053,39.074],[276.096,-27.416],[284.953,-55.157],[340.742,-125.475],[323.543,-138.81],[259.427,-83.955],[224.096,-80.24],[189.146,-114.931],[175.208,-104.154],[217.514,-48.427],[223.395,-31.438],[220.542,61.317],[82.4,191.2],[112,14.4],[66.2,-82.399],[-45.8,-193.6],[-66.6,-227.199],[-68.193,-270.685],[-47.688,-325.436],[11.616,-396.832],[58.508,-426.565],[136.317,-451.019],[130.947,-466.613],[36.804,-449.667],[-13.014,-424.14],[-123.835,-337.753],[-155.034,-290.934],[-157,-211.999],[-241.98,-226.103],[-293.89,-255.33],[-349.128,-334.179],[-371.892,-320.156],[-330.957,-236.684],[-453.744,-222.557],[-452.905,-203.899],[-354.47,-204.206],[-248.765,-179.387],[-111.4,-106.399],[-48.2,-24.799],[-44,51.2],[-90.4,223.2],[-96,449.601]],"c":true}]},{"i":{"x":0.667,"y":1},"o":{"x":0.333,"y":0},"t":70,"s":[{"i":[[0,0],[3.2,31.2],[0,0],[-11.2,12.801],[0,0],[-15.869,9.347],[-10.863,6.48],[-8.456,-5.384],[0,0],[0,0],[10.687,7.94],[19.061,-9.132],[0,0],[-0.136,25.649],[-6.129,7.603],[0,0],[0,0],[12.04,-12.013],[10.363,12.73],[0,0],[0,0],[0,0],[0.379,-5.587],[0,0],[15.2,-14.399],[1.6,62.401],[15.862,19.215],[28.169,29.44],[1.6,16.1],[0.191,12.105],[-13.875,15.288],[-11.727,10.707],[-19.722,3.326],[0,0],[0,0],[11.497,-1.874],[22.286,-18.329],[10.56,-7.622],[2.702,-23.042],[0,0],[0,0],[6.808,14.936],[0,0],[0,0],[0,0],[0,0],[0,0],[-16.692,-3.06],[-44.491,-23.339],[-45.031,-60.719],[-20.897,-30.679],[9.6,-25.599],[-5.6,-84.8],[1.6,-15.201]],"o":[[-2.4,27.199],[-1.6,-13.599],[0,-16.8],[0,0],[12.893,-12.757],[23.431,-14.449],[16.667,-9.294],[8.455,5.385],[0,0],[0,0],[-23.769,-16.045],[-22.363,10.511],[0,0],[0.649,-9.578],[19.183,-22.754],[0,0],[0,0],[-6.927,7.549],[-8.875,-11.026],[0,0],[0,0],[3.666,5.059],[0,0],[0.798,0.055],[-2.4,-112],[-1.6,-44],[-12.826,-15.858],[-6.832,-7.55],[-1.68,-14.501],[-1.551,-21.124],[12.006,-13.091],[11.727,-10.707],[19.721,-3.326],[0,0],[0,0],[-11.496,1.874],[-22.287,18.33],[-11.354,7.53],[-2.702,23.043],[0,0],[-15.93,-5.335],[0,0],[0,0],[0,0],[0,0],[0,0],[0,0],[16.693,3.06],[46.766,24.102],[10.508,14.141],[15.703,22.41],[-20.8,56],[4,53.601],[0,0]],"v":[[-95.2,452],[89.6,451.2],[91.6,333.6],[109.2,287.2],[262.495,127.104],[304.893,93.096],[373.481,51.239],[420.736,52.036],[467.435,72.844],[481.396,56.15],[425.457,17.879],[348.671,15.078],[290.526,44.813],[291.027,-21.706],[300.903,-49.101],[359.25,-117.31],[342.556,-131.271],[276.457,-78.822],[241.013,-76.414],[207.368,-112.373],[193.042,-102.118],[233.261,-44.866],[238.51,-27.672],[232.233,64.915],[88.4,191.2],[118,14.4],[76.634,-80.052],[-29.688,-196.693],[-48.788,-231.288],[-48.213,-274.798],[-25.006,-328.46],[37.782,-396.813],[86.097,-424.173],[165.027,-444.721],[160.44,-460.562],[65.57,-448.328],[14.543,-425.314],[-100.445,-344.556],[-133.937,-299.349],[-139.833,-220.61],[-216.208,-249.831],[-261.435,-288.603],[-300.266,-376.698],[-325.325,-367.374],[-301.423,-277.53],[-424.611,-287.577],[-427.42,-269.113],[-330.809,-250.251],[-231.958,-205.329],[-99.55,-112.869],[-40.494,-28.222],[-38,51.2],[-84.4,223.2],[-96,449.601]],"c":true}]},{"i":{"x":0.833,"y":0.833},"o":{"x":0.333,"y":0},"t":90,"s":[{"i":[[0,0],[3.2,31.2],[0,0],[-11.2,12.801],[0,0],[-14.775,10.996],[-10.106,7.607],[-8.984,-4.448],[0,0],[0,0],[11.477,6.749],[17.972,-11.123],[0,0],[2.616,25.517],[-5.277,8.216],[0,0],[0,0],[10.682,-13.235],[11.668,11.545],[0,0],[0,0],[0,0],[-0.223,-5.596],[0,0],[15.2,-14.399],[1.6,62.401],[17.161,18.064],[30.147,27.409],[2.715,15.949],[2.48,11.849],[-10.73,17.638],[-9.488,12.734],[-18.735,6.999],[0,0],[0,0],[10.934,-4.017],[18.413,-22.217],[8.925,-9.483],[-1.71,-23.137],[0,0],[0,0],[11.858,11.349],[0,0],[0,0],[0,0],[0,0],[0,0],[-16.639,3.343],[-49.973,-5.193],[-49.144,-57.441],[-22.98,-29.152],[9.6,-25.599],[-5.6,-84.8],[1.6,-15.201]],"o":[[-2.4,27.199],[-1.6,-13.599],[0,-16.8],[0,0],[11.45,-14.066],[21.747,-16.878],[15.574,-11.028],[8.984,4.446],[0,0],[0,0],[-25.352,-13.403],[-21.106,12.849],[0,0],[-0.381,-9.592],[16.633,-24.681],[0,0],[0,0],[-6.077,8.248],[-10.005,-10.011],[0,0],[0,0],[4.188,4.637],[0,0],[0.799,-0.032],[-2.4,-112],[-1.6,-44],[-13.897,-14.929],[-7.341,-7.057],[-2.684,-14.35],[-5.521,-20.449],[9.31,-15.127],[9.488,-12.734],[18.736,-7],[0,0],[0,0],[-10.934,4.016],[-18.414,22.217],[-9.723,9.543],[1.709,23.136],[0,0],[-16.773,0.947],[0,0],[0,0],[0,0],[0,0],[0,0],[0,0],[16.638,-3.343],[52.368,5.057],[11.467,13.376],[17.224,21.264],[-20.8,56],[4,53.601],[0,0]],"v":[[-95.2,452],[89.6,451.2],[85.6,333.6],[103.2,287.2],[243.215,110.537],[281.721,72.177],[345.426,23.208],[392.493,18.935],[441.154,34.613],[453.245,16.519],[393.524,-15.534],[316.88,-10.084],[262.259,25.714],[255.624,-40.475],[262.505,-68.77],[313.202,-142.843],[295.107,-154.934],[235.014,-95.699],[200.032,-89.504],[162.726,-121.647],[149.581,-109.916],[195.708,-57.307],[202.771,-40.774],[206.458,51.952],[82.4,191.2],[112,14.4],[57.45,-82.742],[-56.724,-191.708],[-78.183,-224.891],[-90.698,-272.963],[-78.069,-330.049],[-29.358,-409.053],[12.903,-445.064],[86.516,-480.184],[79.013,-494.871],[-11.825,-464.896],[-57.572,-432.638],[-155.191,-331.571],[-179.519,-280.84],[-168.265,-207.909],[-257.341,-209.315],[-313.715,-228.569],[-382.423,-296.006],[-402.244,-278.061],[-346.753,-203.468],[-464.895,-167.155],[-460.664,-148.965],[-363.939,-167.243],[-255.48,-162.145],[-120.589,-103.23],[-55.79,-22.894],[-44,51.2],[-90.4,223.2],[-96,449.601]],"c":true}]},{"i":{"x":0.667,"y":1},"o":{"x":0.167,"y":0.167},"t":100,"s":[{"i":[[0,0],[3.2,31.2],[0,0],[-11.2,12.801],[0,0],[-15.512,9.927],[-10.617,6.877],[-8.648,-5.068],[0,0],[0,0],[10.973,7.541],[18.711,-9.829],[0,0],[0.812,25.637],[-5.843,7.824],[0,0],[0,0],[11.588,-12.45],[10.825,12.339],[0,0],[0,0],[0,0],[0.172,-5.598],[0,0],[15.2,-14.399],[1.6,62.401],[16.8,18.4],[29.6,28],[2.4,16],[0.794,12.081],[-13.096,15.96],[-11.179,11.278],[-19.531,4.304],[0,0],[0,0],[11.389,-2.444],[21.346,-19.417],[10.166,-8.139],[1.55,-23.148],[0,0],[0,0],[9.586,13.325],[0,0],[0,0],[0,0],[0,0],[0,0],[-16.969,0.248],[-48.184,-14.231],[-48,-58.4],[-22.4,-29.6],[9.6,-25.599],[-5.6,-84.8],[1.6,-15.201]],"o":[[-2.4,27.199],[-1.6,-13.599],[0,-16.8],[0,0],[12.412,-13.225],[22.882,-15.304],[16.312,-9.904],[8.649,5.069],[0,0],[0,0],[-24.346,-15.156],[-21.958,11.331],[0,0],[0.295,-9.596],[18.33,-23.447],[0,0],[0,0],[-6.643,7.799],[-9.276,-10.69],[0,0],[0,0],[3.851,4.921],[0,0],[0.799,0.026],[-2.4,-112],[-1.6,-44],[-13.6,-15.201],[-7.2,-7.199],[-2.4,-14.401],[-2.601,-21.021],[11.339,-13.673],[11.179,-11.278],[19.532,-4.304],[0,0],[0,0],[-11.389,2.444],[-21.345,19.417],[-10.965,8.085],[-1.551,23.148],[0,0],[-16.664,-2.133],[0,0],[0,0],[0,0],[0,0],[0,0],[0,0],[16.969,-0.248],[50.563,14.536],[11.2,13.6],[16.8,21.6],[-20.8,56],[4,53.601],[0,0]],"v":[[-95.2,452],[89.6,451.2],[85.6,333.6],[103.2,287.2],[253.081,122.348],[294.193,86.795],[361.189,42.434],[408.44,41.484],[455.877,60.552],[469.212,43.354],[411.897,7.176],[335.059,7.213],[278.053,39.074],[276.096,-27.416],[284.953,-55.157],[340.742,-125.475],[323.543,-138.81],[259.427,-83.955],[224.096,-80.24],[189.146,-114.931],[175.208,-104.154],[217.514,-48.427],[223.395,-31.438],[220.542,61.317],[82.4,191.2],[112,14.4],[66.2,-82.399],[-45.8,-193.6],[-66.6,-227.199],[-68.193,-270.685],[-47.688,-325.436],[11.616,-396.832],[58.508,-426.565],[136.317,-451.019],[130.947,-466.613],[36.804,-449.667],[-13.014,-424.14],[-123.835,-337.753],[-155.034,-290.934],[-157,-211.999],[-241.98,-226.103],[-293.89,-255.33],[-349.128,-334.179],[-371.892,-320.156],[-330.957,-236.684],[-453.744,-222.557],[-452.905,-203.899],[-354.47,-204.206],[-248.765,-179.387],[-111.4,-106.399],[-48.2,-24.799],[-44,51.2],[-90.4,223.2],[-96,449.601]],"c":true}]},{"i":{"x":0.667,"y":1},"o":{"x":0.333,"y":0},"t":110,"s":[{"i":[[0,0],[3.2,31.2],[0,0],[-11.2,12.801],[0,0],[-15.869,9.347],[-10.863,6.48],[-8.456,-5.384],[0,0],[0,0],[10.687,7.94],[19.061,-9.132],[0,0],[-0.136,25.649],[-6.129,7.603],[0,0],[0,0],[12.04,-12.013],[10.363,12.73],[0,0],[0,0],[0,0],[0.379,-5.587],[0,0],[15.2,-14.399],[1.6,62.401],[15.862,19.215],[28.169,29.44],[1.6,16.1],[0.191,12.105],[-13.875,15.288],[-11.727,10.707],[-19.722,3.326],[0,0],[0,0],[11.497,-1.874],[22.286,-18.329],[10.56,-7.622],[2.702,-23.042],[0,0],[0,0],[6.808,14.936],[0,0],[0,0],[0,0],[0,0],[0,0],[-16.692,-3.06],[-44.491,-23.339],[-45.031,-60.719],[-20.897,-30.679],[9.6,-25.599],[-5.6,-84.8],[1.6,-15.201]],"o":[[-2.4,27.199],[-1.6,-13.599],[0,-16.8],[0,0],[12.893,-12.757],[23.431,-14.449],[16.667,-9.294],[8.455,5.385],[0,0],[0,0],[-23.769,-16.045],[-22.363,10.511],[0,0],[0.649,-9.578],[19.183,-22.754],[0,0],[0,0],[-6.927,7.549],[-8.875,-11.026],[0,0],[0,0],[3.666,5.059],[0,0],[0.798,0.055],[-2.4,-112],[-1.6,-44],[-12.826,-15.858],[-6.832,-7.55],[-1.68,-14.501],[-1.551,-21.124],[12.006,-13.091],[11.727,-10.707],[19.721,-3.326],[0,0],[0,0],[-11.496,1.874],[-22.287,18.33],[-11.354,7.53],[-2.702,23.043],[0,0],[-15.93,-5.335],[0,0],[0,0],[0,0],[0,0],[0,0],[0,0],[16.693,3.06],[46.766,24.102],[10.508,14.141],[15.703,22.41],[-20.8,56],[4,53.601],[0,0]],"v":[[-95.2,452],[89.6,451.2],[85.6,333.6],[103.2,287.2],[256.495,127.104],[298.893,93.096],[367.481,51.239],[414.736,52.036],[461.435,72.844],[475.396,56.15],[419.457,17.879],[342.671,15.078],[284.526,44.813],[285.027,-21.706],[294.903,-49.101],[353.25,-117.31],[336.556,-131.271],[270.457,-78.822],[235.013,-76.414],[201.368,-112.373],[187.042,-102.118],[227.261,-44.866],[232.51,-27.672],[226.233,64.915],[82.4,191.2],[112,14.4],[70.634,-80.052],[-35.688,-196.693],[-54.788,-231.288],[-54.213,-274.798],[-31.006,-328.46],[31.782,-396.813],[80.097,-424.173],[159.027,-444.721],[154.44,-460.562],[59.57,-448.328],[8.543,-425.314],[-106.445,-344.556],[-139.937,-299.349],[-145.833,-220.61],[-222.208,-249.831],[-267.435,-288.603],[-306.266,-376.698],[-331.325,-367.374],[-307.423,-277.53],[-430.611,-287.577],[-433.42,-269.113],[-336.809,-250.251],[-237.958,-205.329],[-105.55,-112.869],[-46.494,-28.222],[-44,51.2],[-90.4,223.2],[-96,449.601]],"c":true}]},{"i":{"x":0.343,"y":1},"o":{"x":0.333,"y":0},"t":128,"s":[{"i":[[0,0],[3.2,31.2],[0,0],[-11.2,12.801],[0,0],[-14.775,10.996],[-10.106,7.607],[-8.984,-4.448],[0,0],[0,0],[11.477,6.749],[17.972,-11.123],[0,0],[2.616,25.517],[-5.277,8.216],[0,0],[0,0],[10.682,-13.235],[11.668,11.545],[0,0],[0,0],[0,0],[-0.223,-5.596],[0,0],[15.2,-14.399],[1.6,62.401],[17.161,18.064],[30.147,27.409],[2.715,15.949],[2.48,11.849],[-10.73,17.638],[-9.488,12.734],[-18.735,6.999],[0,0],[0,0],[10.934,-4.017],[18.413,-22.217],[8.925,-9.483],[-1.71,-23.137],[0,0],[0,0],[11.721,11.492],[0,0],[0,0],[0,0],[0,0],[0,0],[-16.678,3.143],[-49.906,-5.796],[-49.144,-57.441],[-22.98,-29.152],[9.6,-25.599],[-5.6,-84.8],[1.6,-15.201]],"o":[[-2.4,27.199],[-1.6,-13.599],[0,-16.8],[0,0],[11.45,-14.066],[21.747,-16.878],[15.574,-11.028],[8.984,4.446],[0,0],[0,0],[-25.352,-13.403],[-21.106,12.849],[0,0],[-0.381,-9.592],[16.633,-24.681],[0,0],[0,0],[-6.077,8.248],[-10.005,-10.011],[0,0],[0,0],[4.188,4.637],[0,0],[0.799,-0.032],[-2.4,-112],[-1.6,-44],[-13.897,-14.929],[-7.341,-7.057],[-2.684,-14.35],[-5.521,-20.449],[9.31,-15.127],[9.488,-12.734],[18.736,-7],[0,0],[0,0],[-10.934,4.016],[-18.414,22.217],[-9.723,9.543],[1.709,23.136],[0,0],[-16.783,0.744],[0,0],[0,0],[0,0],[0,0],[0,0],[0,0],[16.677,-3.142],[52.303,5.689],[11.467,13.376],[17.224,21.264],[-20.8,56],[4,53.601],[0,0]],"v":[[-95.2,452],[90.321,467.215],[85.6,333.6],[103.2,287.2],[243.215,110.537],[281.721,72.177],[345.426,23.208],[392.493,18.935],[441.154,34.613],[453.245,16.518],[393.524,-15.534],[316.88,-10.084],[262.259,25.714],[255.624,-40.475],[262.505,-68.77],[313.202,-142.843],[295.107,-154.934],[235.014,-95.699],[200.032,-89.504],[162.726,-121.647],[149.581,-109.916],[195.708,-57.307],[202.771,-40.774],[206.458,51.952],[82.4,191.2],[112,14.4],[57.45,-82.742],[-56.724,-191.708],[-78.183,-224.891],[-90.698,-272.963],[-78.069,-330.049],[-29.358,-409.053],[12.903,-445.064],[86.516,-480.184],[79.013,-494.871],[-11.825,-464.896],[-57.572,-432.638],[-155.191,-331.571],[-179.519,-280.84],[-168.265,-207.909],[-257.275,-210.359],[-313.412,-230.292],[-381.302,-298.553],[-401.337,-280.847],[-346.75,-205.591],[-465.322,-170.705],[-461.311,-152.465],[-364.373,-169.575],[-255.983,-163.169],[-120.589,-103.23],[-55.79,-22.894],[-44,51.2],[-90.4,223.2],[-96,449.601]],"c":true}]},{"t":144,"s":[{"i":[[0,0],[3.2,31.2],[0,0],[-11.2,12.801],[0,0],[-15.2,10.399],[-10.4,7.2],[-8.8,-4.8],[0,0],[0,0],[11.2,7.2],[18.4,-10.399],[0,0],[1.6,25.601],[-5.6,8],[0,0],[0,0],[11.2,-12.799],[11.2,12],[0,0],[0,0],[0,0],[0,-5.601],[0,0],[15.2,-14.399],[1.6,62.401],[16.8,18.4],[29.6,28],[2.4,16],[1.6,12],[-12,16.801],[-10.4,12],[-19.2,5.601],[0,0],[0,0],[11.2,-3.2],[20,-20.8],[9.6,-8.801],[0,-23.2],[0,0],[0,0],[11.2,12],[0,0],[0,0],[0,0],[0,0],[0,0],[-16.8,2.4],[-49.6,-8],[-48,-58.4],[-22.4,-29.6],[9.6,-25.599],[-5.6,-84.8],[1.6,-15.201]],"o":[[-2.4,27.199],[-1.6,-13.599],[0,-16.8],[0,0],[12,-13.601],[22.4,-16],[16,-10.401],[8.8,4.801],[0,0],[0,0],[-24.8,-14.401],[-21.6,12],[0,0],[0,-9.599],[17.6,-24],[0,0],[0,0],[-6.4,8],[-9.6,-10.4],[0,0],[0,0],[4,4.8],[0,0],[0.8,0],[-2.4,-112],[-1.6,-44],[-13.6,-15.201],[-7.2,-7.199],[-2.4,-14.401],[-4,-20.799],[10.4,-14.399],[10.4,-12],[19.2,-5.599],[0,0],[0,0],[-11.2,3.2],[-20,20.799],[-10.4,8.8],[0,23.2],[0,0],[-16.8,0],[0,0],[0,0],[0,0],[0,0],[0,0],[0,0],[16.8,-2.4],[52,8],[11.2,13.6],[16.8,21.6],[-20.8,56],[4,53.601],[0,0]],"v":[[-95.2,452],[89.6,451.2],[85.6,333.6],[103.2,287.2],[248.8,116.801],[288.8,80],[354.4,33.601],[401.6,31.2],[449.6,48.801],[462.4,31.2],[404,-3.199],[327.2,-0.8],[271.2,32.801],[267.2,-33.6],[275.2,-61.6],[328.8,-133.6],[311.2,-146.399],[248.8,-89.6],[213.6,-84.799],[177.6,-118.399],[164,-107.199],[208,-52.799],[214.4,-35.999],[214.4,56.801],[82.4,191.2],[112,14.4],[59.2,-82.399],[-52.8,-193.6],[-73.6,-227.199],[-81.6,-273.6],[-64.8,-329.6],[-10.4,-404.799],[34.4,-437.6],[110.4,-467.199],[104,-482.399],[11.2,-459.199],[-36.8,-430.399],[-141.6,-336.799],[-169.6,-287.999],[-164,-211.999],[-252.8,-218.399],[-308,-240.799],[-372.8,-311.999],[-393.6,-295.199],[-342.4,-217.6],[-462.4,-187.999],[-459.2,-169.6],[-361.6,-182.399],[-253.6,-171.199],[-118.4,-106.399],[-55.2,-24.799],[-44,51.2],[-90.4,223.2],[-96,449.601]],"c":true}]}],"ix":2},"nm":"Path 1","mn":"ADBE Vector Shape - Group","hd":false},{"ty":"fl","c":{"a":0,"k":[0.528999956916,0.361000001197,0.317999985639,1],"ix":4},"o":{"a":0,"k":100,"ix":5},"r":1,"bm":0,"nm":"Fill 1","mn":"ADBE Vector Graphic - Fill","hd":false},{"ty":"tr","p":{"a":0,"k":[524.8,518.4],"ix":2},"a":{"a":0,"k":[0,0],"ix":1},"s":{"a":0,"k":[100,100],"ix":3},"r":{"a":0,"k":0,"ix":6},"o":{"a":0,"k":100,"ix":7},"sk":{"a":0,"k":0,"ix":4},"sa":{"a":0,"k":0,"ix":5},"nm":"Transform"}],"nm":"Group 1","np":2,"cix":2,"bm":0,"ix":1,"mn":"ADBE Vector Group","hd":false},{"ty":"gr","it":[{"ind":0,"ty":"sh","ix":1,"ks":{"a":1,"k":[{"i":{"x":0.833,"y":0.833},"o":{"x":0.333,"y":0},"t":40,"s":[{"i":[[0,0],[0,0],[0,0],[0,0],[0,0],[10.4,-0.801],[0,0],[12,9.6],[0,0],[0,0],[0,0],[6.4,-0.799],[0,0],[0,0],[0,0],[-20,-18.4],[-0.8,2.4],[0,0]],"o":[[0,0],[0,0],[0,0],[0,0],[-4,8.8],[0,0],[-15.2,0.8],[0,0],[0,0],[0,0],[4,4.799],[0,0],[0,0],[0,0],[27.2,-0.8],[50.4,45.6],[0,-4],[0,0]],"v":[[219.2,47.2],[61.6,-47.2],[77.6,-140.8],[56.8,-155.2],[13.6,-61.6],[-9.6,-45.6],[-64.8,-41.6],[-108,-55.2],[-204,-132],[-220,-116.8],[-138.4,-31.2],[-143.2,-18.401],[-204,-10.401],[-201.6,7.2],[-20.8,-0.8],[53.6,26.4],[197.6,152.8],[220,47.2]],"c":true}]},{"i":{"x":0.667,"y":1},"o":{"x":0.167,"y":0.167},"t":60,"s":[{"i":[[0,0],[0,0],[0,0],[0,0],[0,0],[10.422,-0.447],[0,0],[11.667,10.002],[0,0],[0,0],[0,0],[6.423,-0.582],[0,0],[0,0],[0,0],[-19.363,-19.068],[-0.8,2.4],[0,0]],"o":[[0,0],[0,0],[0,0],[0,0],[-4.296,8.659],[0,0],[-15.219,0.283],[0,0],[0,0],[0,0],[3.835,4.933],[0,0],[0,0],[0,0],[27.211,0.124],[48.823,47.285],[0,-4],[0,0]],"v":[[219.2,47.2],[64.884,-49.218],[84.053,-142.22],[63.754,-157.318],[17.4,-65.239],[-6.33,-50.036],[-61.633,-47.912],[-104.347,-62.972],[-197.684,-142.987],[-214.191,-128.339],[-135.544,-40.018],[-140.776,-27.388],[-201.813,-21.457],[-200.012,-3.785],[-19.044,-5.642],[54.389,24.068],[197.6,152.8],[220,47.2]],"c":true}]},{"i":{"x":0.667,"y":1},"o":{"x":0.333,"y":0},"t":70,"s":[{"i":[[0,0],[0,0],[0,0],[0,0],[0,0],[10.428,0.251],[0,0],[10.973,10.759],[0,0],[0,0],[0,0],[6.448,-0.152],[0,0],[0,0],[0,0],[-18.047,-20.319],[-0.8,2.4],[0,0]],"o":[[0,0],[0,0],[0,0],[0,0],[-4.865,8.353],[0,0],[-15.203,-0.734],[0,0],[0,0],[0,0],[3.496,5.178],[0,0],[0,0],[0,0],[27.142,1.941],[45.556,50.439],[0,-4],[0,0]],"v":[[225.2,47.2],[80.08,-56.845],[105.417,-148.36],[86.171,-164.779],[33.773,-76.001],[9.081,-62.417],[-46.242,-63.991],[-87.854,-81.869],[-175.639,-167.938],[-193.088,-154.425],[-120.514,-61.049],[-126.578,-48.797],[-187.874,-46.955],[-187.257,-29.203],[-6.57,-18.971],[64.716,15.577],[203.6,152.8],[226,47.2]],"c":true}]},{"i":{"x":0.833,"y":0.833},"o":{"x":0.333,"y":0},"t":90,"s":[{"i":[[0,0],[0,0],[0,0],[0,0],[0,0],[10.386,-0.955],[0,0],[12.142,9.419],[0,0],[0,0],[0,0],[6.387,-0.896],[0,0],[0,0],[0,0],[-20.274,-18.099],[-0.8,2.4],[0,0]],"o":[[0,0],[0,0],[0,0],[0,0],[-3.867,8.859],[0,0],[-15.187,1.028],[0,0],[0,0],[0,0],[4.071,4.739],[0,0],[0,0],[0,0],[27.185,-1.207],[51.077,44.839],[0,-4],[0,0]],"v":[[219.2,47.2],[60.223,-45.699],[74.819,-139.529],[53.805,-153.615],[12.012,-59.379],[-10.945,-43.033],[-66.079,-38.207],[-109.478,-51.158],[-206.618,-126.512],[-222.388,-111.074],[-139.515,-26.705],[-144.123,-13.835],[-204.796,-4.925],[-202.133,12.637],[-21.473,1.929],[53.326,28.013],[197.6,152.8],[220,47.2]],"c":true}]},{"i":{"x":0.667,"y":1},"o":{"x":0.167,"y":0.167},"t":100,"s":[{"i":[[0,0],[0,0],[0,0],[0,0],[0,0],[10.422,-0.447],[0,0],[11.667,10.002],[0,0],[0,0],[0,0],[6.423,-0.582],[0,0],[0,0],[0,0],[-19.363,-19.068],[-0.8,2.4],[0,0]],"o":[[0,0],[0,0],[0,0],[0,0],[-4.296,8.659],[0,0],[-15.219,0.283],[0,0],[0,0],[0,0],[3.835,4.933],[0,0],[0,0],[0,0],[27.211,0.124],[48.823,47.285],[0,-4],[0,0]],"v":[[219.2,47.2],[64.884,-49.218],[84.053,-142.22],[63.754,-157.318],[17.4,-65.239],[-6.33,-50.036],[-61.633,-47.912],[-104.347,-62.972],[-197.684,-142.987],[-214.191,-128.339],[-135.544,-40.018],[-140.776,-27.388],[-201.813,-21.457],[-200.012,-3.785],[-19.044,-5.642],[54.389,24.068],[197.6,152.8],[220,47.2]],"c":true}]},{"i":{"x":0.667,"y":1},"o":{"x":0.333,"y":0},"t":110,"s":[{"i":[[0,0],[0,0],[0,0],[0,0],[0,0],[10.428,0.251],[0,0],[10.973,10.759],[0,0],[0,0],[0,0],[6.448,-0.152],[0,0],[0,0],[0,0],[-18.047,-20.319],[-0.8,2.4],[0,0]],"o":[[0,0],[0,0],[0,0],[0,0],[-4.865,8.353],[0,0],[-15.203,-0.734],[0,0],[0,0],[0,0],[3.496,5.178],[0,0],[0,0],[0,0],[27.142,1.941],[45.556,50.439],[0,-4],[0,0]],"v":[[219.2,47.2],[74.08,-56.845],[99.417,-148.36],[80.171,-164.779],[27.773,-76.001],[3.081,-62.417],[-52.242,-63.991],[-93.854,-81.869],[-181.639,-167.938],[-199.088,-154.425],[-126.514,-61.049],[-132.578,-48.797],[-193.874,-46.955],[-193.257,-29.203],[-12.57,-18.971],[58.716,15.577],[197.6,152.8],[220,47.2]],"c":true}]},{"i":{"x":0.343,"y":1},"o":{"x":0.333,"y":0},"t":128,"s":[{"i":[[0,0],[0,0],[0,0],[0,0],[0,0],[10.386,-0.955],[0,0],[12.142,9.419],[0,0],[0,0],[0,0],[6.387,-0.896],[0,0],[0,0],[0,0],[-20.274,-18.099],[-0.8,2.4],[0,0]],"o":[[0,0],[0,0],[0,0],[0,0],[-3.867,8.859],[0,0],[-15.187,1.028],[0,0],[0,0],[0,0],[4.071,4.739],[0,0],[0,0],[0,0],[27.185,-1.207],[51.077,44.839],[0,-4],[0,0]],"v":[[219.2,47.2],[60.223,-45.699],[74.819,-139.529],[53.805,-153.615],[12.012,-59.379],[-10.945,-43.033],[-66.079,-38.207],[-109.478,-51.158],[-206.618,-126.512],[-222.388,-111.074],[-139.515,-26.705],[-144.123,-13.835],[-204.796,-4.925],[-202.133,12.637],[-21.473,1.929],[53.326,28.013],[197.6,152.8],[220,47.2]],"c":true}]},{"t":152,"s":[{"i":[[0,0],[0,0],[0,0],[0,0],[0,0],[10.4,-0.801],[0,0],[12,9.6],[0,0],[0,0],[0,0],[6.4,-0.799],[0,0],[0,0],[0,0],[-20,-18.4],[-0.8,2.4],[0,0]],"o":[[0,0],[0,0],[0,0],[0,0],[-4,8.8],[0,0],[-15.2,0.8],[0,0],[0,0],[0,0],[4,4.799],[0,0],[0,0],[0,0],[27.2,-0.8],[50.4,45.6],[0,-4],[0,0]],"v":[[219.2,47.2],[61.6,-47.2],[77.6,-140.8],[56.8,-155.2],[13.6,-61.6],[-9.6,-45.6],[-64.8,-41.6],[-108,-55.2],[-204,-132],[-220,-116.8],[-138.4,-31.2],[-143.2,-18.401],[-204,-10.401],[-201.6,7.2],[-20.8,-0.8],[53.6,26.4],[197.6,152.8],[220,47.2]],"c":true}]}],"ix":2},"nm":"Path 1","mn":"ADBE Vector Shape - Group","hd":false},{"ty":"fl","c":{"a":0,"k":[0.423999980852,0.289999988032,0.255000005984,1],"ix":4},"o":{"a":0,"k":100,"ix":5},"r":1,"bm":0,"nm":"Fill 1","mn":"ADBE Vector Graphic - Fill","hd":false},{"ty":"tr","p":{"a":0,"k":[257.6,580],"ix":2},"a":{"a":0,"k":[0,0],"ix":1},"s":{"a":0,"k":[100,100],"ix":3},"r":{"a":0,"k":0,"ix":6},"o":{"a":0,"k":100,"ix":7},"sk":{"a":0,"k":0,"ix":4},"sa":{"a":0,"k":0,"ix":5},"nm":"Transform"}],"nm":"Group 2","np":2,"cix":2,"bm":0,"ix":2,"mn":"ADBE Vector Group","hd":false},{"ty":"gr","it":[{"ind":0,"ty":"sh","ix":1,"ks":{"a":1,"k":[{"i":{"x":0.833,"y":0.833},"o":{"x":0.333,"y":0},"t":40,"s":[{"i":[[0,0],[1.6,28.8],[-9.6,11.2],[0,0],[0,0],[0,0],[0.8,-19.2],[0,0]],"o":[[0,-2.4],[0,-14.4],[0,0],[0,0],[0,0],[-13.6,13.6],[0,0],[0,0]],"v":[[19.6,44.4],[16.4,-33.2],[30,-73.2],[37.2,-82],[20.4,-92.4],[-10.8,-62],[-33.2,-11.6],[-37.2,92.4]],"c":true}]},{"i":{"x":0.667,"y":1},"o":{"x":0.167,"y":0.167},"t":60,"s":[{"i":[[0,0],[-0.329,28.843],[-10.327,10.533],[0,0],[0,0],[0,0],[2.081,-19.103],[0,0]],"o":[[0.16,-2.395],[0.962,-14.367],[0,0],[0,0],[0,0],[-14.478,12.66],[0,0],[0,0]],"v":[[38.076,46.2],[40.07,-31.441],[56.313,-70.442],[64.085,-78.741],[48.017,-90.241],[14.855,-61.994],[-10.863,-13.204],[-21.805,90.296]],"c":true}]},{"i":{"x":0.667,"y":1},"o":{"x":0.333,"y":0},"t":70,"s":[{"i":[[0,0],[-1.765,28.791],[-10.839,10.006],[0,0],[0,0],[0,0],[3.031,-18.976],[0,0]],"o":[[0.279,-2.384],[1.677,-14.302],[0,0],[0,0],[0,0],[-15.091,11.923],[0,0],[0,0]],"v":[[61.875,41.477],[67.734,-35.968],[85.9,-74.112],[94.076,-82.013],[78.601,-94.299],[44.073,-67.739],[15.956,-20.291],[-0.129,82.535]],"c":true}]},{"i":{"x":0.833,"y":0.833},"o":{"x":0.333,"y":0},"t":90,"s":[{"i":[[0,0],[3.718,28.604],[-8.749,11.877],[0,0],[0,0],[0,0],[-0.616,-19.206],[0,0]],"o":[[-0.177,-2.394],[-1.061,-14.361],[0,0],[0,0],[0,0],[-12.561,14.565],[0,0],[0,0]],"v":[[5.014,46.655],[-3.895,-30.498],[6.721,-71.391],[13.253,-80.698],[-4.268,-89.832],[-33.143,-57.216],[-51.769,-5.303],[-48.095,98.71]],"c":true}]},{"i":{"x":0.667,"y":1},"o":{"x":0.167,"y":0.167},"t":100,"s":[{"i":[[0,0],[-0.329,28.843],[-10.327,10.533],[0,0],[0,0],[0,0],[2.081,-19.103],[0,0]],"o":[[0.16,-2.395],[0.962,-14.367],[0,0],[0,0],[0,0],[-14.478,12.66],[0,0],[0,0]],"v":[[38.076,46.2],[40.07,-31.441],[56.313,-70.442],[64.085,-78.741],[48.017,-90.241],[14.855,-61.994],[-10.863,-13.204],[-21.805,90.296]],"c":true}]},{"i":{"x":0.667,"y":1},"o":{"x":0.333,"y":0},"t":110,"s":[{"i":[[0,0],[-1.765,28.791],[-10.839,10.006],[0,0],[0,0],[0,0],[3.031,-18.976],[0,0]],"o":[[0.279,-2.384],[1.677,-14.302],[0,0],[0,0],[0,0],[-15.091,11.923],[0,0],[0,0]],"v":[[55.875,41.477],[61.734,-35.968],[79.9,-74.112],[88.076,-82.013],[72.601,-94.299],[38.073,-67.739],[9.956,-20.291],[-6.129,82.535]],"c":true}]},{"i":{"x":0.343,"y":1},"o":{"x":0.333,"y":0},"t":128,"s":[{"i":[[0,0],[3.718,28.604],[-8.749,11.877],[0,0],[0,0],[0,0],[-0.616,-19.206],[0,0]],"o":[[-0.177,-2.394],[-1.061,-14.361],[0,0],[0,0],[0,0],[-12.561,14.565],[0,0],[0,0]],"v":[[5.014,46.655],[-3.895,-30.498],[6.721,-71.391],[13.253,-80.698],[-4.268,-89.832],[-33.143,-57.216],[-51.769,-5.303],[-48.095,98.71]],"c":true}]},{"t":144,"s":[{"i":[[0,0],[1.6,28.8],[-9.6,11.2],[0,0],[0,0],[0,0],[0.8,-19.2],[0,0]],"o":[[0,-2.4],[0,-14.4],[0,0],[0,0],[0,0],[-13.6,13.6],[0,0],[0,0]],"v":[[19.6,44.4],[16.4,-33.2],[30,-73.2],[37.2,-82],[20.4,-92.4],[-10.8,-62],[-33.2,-11.6],[-37.2,92.4]],"c":true}]}],"ix":2},"nm":"Path 1","mn":"ADBE Vector Shape - Group","hd":false},{"ty":"fl","c":{"a":0,"k":[0.423999980852,0.289999988032,0.255000005984,1],"ix":4},"o":{"a":0,"k":100,"ix":5},"r":1,"bm":0,"nm":"Fill 1","mn":"ADBE Vector Graphic - Fill","hd":false},{"ty":"tr","p":{"a":0,"k":[404.4,125.2],"ix":2},"a":{"a":0,"k":[0,0],"ix":1},"s":{"a":0,"k":[100,100],"ix":3},"r":{"a":0,"k":0,"ix":6},"o":{"a":0,"k":100,"ix":7},"sk":{"a":0,"k":0,"ix":4},"sa":{"a":0,"k":0,"ix":5},"nm":"Transform"}],"nm":"Group 3","np":2,"cix":2,"bm":0,"ix":3,"mn":"ADBE Vector Group","hd":false},{"ty":"gr","it":[{"ind":0,"ty":"sh","ix":1,"ks":{"a":1,"k":[{"i":{"x":0.833,"y":0.833},"o":{"x":0.333,"y":0},"t":40,"s":[{"i":[[0,0],[0,0],[-18.4,4],[-22.4,26.4],[0,0],[0,0],[20,-17.6],[36,-2.4],[0,12.8],[0.8,12.8],[-5.6,7.2],[0,0],[0,0],[0,0],[8,4.8],[0,0],[0,0],[0,0],[0,-11.2],[0,0],[0,0],[0,0]],"o":[[0,0],[10.4,-16],[21.6,-4.8],[40,-45.6],[0,0],[0,0],[-16.8,14.4],[-12.8,0.8],[0,-17.6],[0,-8.8],[0,0],[0,0],[0,0],[-6.4,7.2],[0,0],[0,0],[0,0],[8.8,6.4],[0,0],[0,0],[0,0],[0,0]],"v":[[-92.8,158.4],[-18.4,45.6],[27.2,14.4],[102.4,-27.2],[164,-103.2],[145.6,-119.2],[78.4,-56],[7.2,-28.8],[-16,-50.4],[-17.6,-100],[-9.6,-124.8],[9.6,-148.8],[-6.4,-159.2],[-32,-128.8],[-57.6,-124],[-105.6,-152],[-112.8,-137.6],[-70.4,-108],[-56.8,-80],[-56.8,-12.8],[-164,104],[-93.6,159.2]],"c":true}]},{"i":{"x":0.667,"y":1},"o":{"x":0.167,"y":0.167},"t":60,"s":[{"i":[[0,0],[0,0],[-18.668,2.462],[-24.51,24.454],[0,0],[0,0],[21.389,-15.882],[36.075,0.591],[-1.06,12.756],[-0.263,12.822],[-6.177,6.712],[0,0],[0,0],[0,0],[7.574,5.447],[0,0],[0,0],[0,0],[0.928,-11.161],[0,0],[0,0],[0,0]],"o":[[0,0],[11.689,-15.084],[21.923,-2.994],[43.641,-42.129],[0,0],[0,0],[-17.935,12.959],[-12.822,-0.263],[1.458,-17.54],[0.729,-8.77],[0,0],[0,0],[0,0],[-6.974,6.645],[0,0],[0,0],[0,0],[8.24,7.107],[0,0],[0,0],[0,0],[0,0]],"v":[[-85.8,158.4],[-7.242,53.508],[40.786,26.192],[119.173,-9.035],[186.858,-79.67],[169.846,-97.14],[97.642,-39.724],[24.433,-18.516],[3.102,-41.963],[5.617,-91.525],[15.644,-115.578],[36.766,-137.904],[21.683,-149.594],[-6.348,-121.419],[-32.257,-118.757],[-77.773,-150.637],[-86.141,-136.883],[-46.339,-103.872],[-35.105,-74.842],[-40.672,-7.872],[-157,104],[-86.6,159.2]],"c":true}]},{"i":{"x":0.667,"y":1},"o":{"x":0.333,"y":0},"t":70,"s":[{"i":[[0,0],[0,0],[-18.768,1.529],[-25.698,23.203],[0,0],[0,0],[22.154,-14.797],[36,2.387],[-1.694,12.687],[-0.902,12.793],[-6.503,6.396],[0,0],[0,0],[0,0],[7.294,5.817],[0,0],[0,0],[0,0],[1.483,-11.101],[0,0],[0,0],[0,0]],"o":[[0,0],[12.427,-14.482],[22.045,-1.898],[45.685,-39.903],[0,0],[0,0],[-18.559,12.05],[-12.794,-0.901],[2.33,-17.445],[1.165,-8.723],[0,0],[0,0],[0,0],[-7.297,6.289],[0,0],[0,0],[0,0],[7.875,7.509],[0,0],[0,0],[0,0],[0,0]],"v":[[-76.365,160.803],[7.32,59.954],[56.65,35.066],[136.695,3.787],[207.814,-63.389],[191.694,-81.684],[116.719,-27.937],[42.545,-10.402],[22.408,-34.883],[27.389,-84.258],[38.601,-107.781],[60.81,-129.028],[46.327,-141.454],[16.928,-114.711],[-9.082,-113.343],[-52.953,-147.45],[-61.996,-134.131],[-23.887,-99.178],[-14.114,-69.624],[-23.01,-3.015],[-144.767,102.924],[-77.204,161.562]],"c":true}]},{"i":{"x":0.833,"y":0.833},"o":{"x":0.333,"y":0},"t":90,"s":[{"i":[[0,0],[0,0],[-18.201,4.826],[-21.185,27.384],[0,0],[0,0],[19.185,-18.486],[35.855,-4.023],[0.578,12.788],[1.378,12.751],[-5.269,7.445],[0,0],[0,0],[0,0],[8.208,4.434],[0,0],[0,0],[0,0],[-0.506,-11.189],[0,0],[0,0],[0,0]],"o":[[0,0],[9.667,-16.453],[21.361,-5.771],[37.9,-47.36],[0,0],[0,0],[-16.132,15.144],[-12.751,1.377],[-0.794,-17.582],[-0.397,-8.791],[0,0],[0,0],[0,0],[-6.069,7.482],[0,0],[0,0],[0,0],[9.08,5.996],[0,0],[0,0],[0,0],[0,0]],"v":[[-94.155,158.022],[-24.42,41.241],[19.725,8.014],[92.969,-36.939],[151.075,-115.644],[131.971,-130.796],[67.693,-64.626],[-2.206,-34.239],[-26.358,-54.77],[-30.196,-104.247],[-23.324,-129.382],[-5.227,-154.225],[-21.68,-163.892],[-45.881,-132.367],[-71.238,-126.416],[-120.454,-152.22],[-126.996,-137.509],[-83.303,-109.854],[-68.452,-82.497],[-65.418,-15.365],[-166.415,105.039],[-94.939,158.838]],"c":true}]},{"i":{"x":0.667,"y":1},"o":{"x":0.167,"y":0.167},"t":100,"s":[{"i":[[0,0],[0,0],[-18.668,2.462],[-24.51,24.454],[0,0],[0,0],[21.389,-15.882],[36.075,0.591],[-1.06,12.756],[-0.263,12.822],[-6.177,6.712],[0,0],[0,0],[0,0],[7.574,5.447],[0,0],[0,0],[0,0],[0.928,-11.161],[0,0],[0,0],[0,0]],"o":[[0,0],[11.689,-15.084],[21.923,-2.994],[43.641,-42.129],[0,0],[0,0],[-17.935,12.959],[-12.822,-0.263],[1.458,-17.54],[0.729,-8.77],[0,0],[0,0],[0,0],[-6.974,6.645],[0,0],[0,0],[0,0],[8.24,7.107],[0,0],[0,0],[0,0],[0,0]],"v":[[-85.8,158.4],[-7.242,53.508],[40.786,26.192],[119.173,-9.035],[186.858,-79.67],[169.846,-97.14],[97.642,-39.724],[24.433,-18.516],[3.102,-41.963],[5.617,-91.525],[15.644,-115.578],[36.766,-137.904],[21.683,-149.594],[-6.348,-121.419],[-32.257,-118.757],[-77.773,-150.637],[-86.141,-136.883],[-46.339,-103.872],[-35.105,-74.842],[-40.672,-7.872],[-157,104],[-86.6,159.2]],"c":true}]},{"i":{"x":0.667,"y":1},"o":{"x":0.333,"y":0},"t":110,"s":[{"i":[[0,0],[0,0],[-18.768,1.529],[-25.698,23.203],[0,0],[0,0],[22.154,-14.797],[36,2.387],[-1.694,12.687],[-0.902,12.793],[-6.503,6.396],[0,0],[0,0],[0,0],[7.294,5.817],[0,0],[0,0],[0,0],[1.483,-11.101],[0,0],[0,0],[0,0]],"o":[[0,0],[12.427,-14.482],[22.045,-1.898],[45.685,-39.903],[0,0],[0,0],[-18.559,12.05],[-12.794,-0.901],[2.33,-17.445],[1.165,-8.723],[0,0],[0,0],[0,0],[-7.297,6.289],[0,0],[0,0],[0,0],[7.875,7.509],[0,0],[0,0],[0,0],[0,0]],"v":[[-82.365,160.803],[1.32,59.954],[50.65,35.066],[130.695,3.787],[201.814,-63.389],[185.694,-81.684],[110.719,-27.937],[36.545,-10.402],[16.408,-34.883],[21.389,-84.258],[32.601,-107.781],[54.81,-129.028],[40.327,-141.454],[10.928,-114.711],[-15.082,-113.343],[-58.953,-147.45],[-67.996,-134.131],[-29.887,-99.178],[-20.114,-69.624],[-29.01,-3.015],[-150.767,102.924],[-83.204,161.562]],"c":true}]},{"i":{"x":0.343,"y":1},"o":{"x":0.333,"y":0},"t":128,"s":[{"i":[[0,0],[0,0],[-18.201,4.826],[-21.185,27.384],[0,0],[0,0],[19.185,-18.486],[35.855,-4.023],[0.578,12.788],[1.378,12.751],[-5.269,7.445],[0,0],[0,0],[0,0],[8.208,4.434],[0,0],[0,0],[0,0],[-0.506,-11.189],[0,0],[0,0],[0,0]],"o":[[0,0],[9.667,-16.453],[21.361,-5.771],[37.9,-47.36],[0,0],[0,0],[-16.132,15.144],[-12.751,1.377],[-0.794,-17.582],[-0.397,-8.791],[0,0],[0,0],[0,0],[-6.069,7.482],[0,0],[0,0],[0,0],[9.08,5.996],[0,0],[0,0],[0,0],[0,0]],"v":[[-94.155,158.022],[-24.42,41.241],[19.725,8.014],[92.969,-36.939],[151.075,-115.644],[131.971,-130.796],[67.693,-64.626],[-2.206,-34.239],[-26.358,-54.77],[-30.196,-104.247],[-23.324,-129.382],[-5.227,-154.225],[-21.68,-163.892],[-45.881,-132.367],[-71.238,-126.416],[-120.454,-152.22],[-126.996,-137.509],[-83.303,-109.854],[-68.452,-82.497],[-65.418,-15.365],[-166.415,105.039],[-94.939,158.838]],"c":true}]},{"t":152,"s":[{"i":[[0,0],[0,0],[-18.4,4],[-22.4,26.4],[0,0],[0,0],[20,-17.6],[36,-2.4],[0,12.8],[0.8,12.8],[-5.6,7.2],[0,0],[0,0],[0,0],[8,4.8],[0,0],[0,0],[0,0],[0,-11.2],[0,0],[0,0],[0,0]],"o":[[0,0],[10.4,-16],[21.6,-4.8],[40,-45.6],[0,0],[0,0],[-16.8,14.4],[-12.8,0.8],[0,-17.6],[0,-8.8],[0,0],[0,0],[0,0],[-6.4,7.2],[0,0],[0,0],[0,0],[8.8,6.4],[0,0],[0,0],[0,0],[0,0]],"v":[[-92.8,158.4],[-18.4,45.6],[27.2,14.4],[102.4,-27.2],[164,-103.2],[145.6,-119.2],[78.4,-56],[7.2,-28.8],[-16,-50.4],[-17.6,-100],[-9.6,-124.8],[9.6,-148.8],[-6.4,-159.2],[-32,-128.8],[-57.6,-124],[-105.6,-152],[-112.8,-137.6],[-70.4,-108],[-56.8,-80],[-56.8,-12.8],[-164,104],[-93.6,159.2]],"c":true}]}],"ix":2},"nm":"Path 1","mn":"ADBE Vector Shape - Group","hd":false},{"ty":"fl","c":{"a":0,"k":[0.423999980852,0.289999988032,0.255000005984,1],"ix":4},"o":{"a":0,"k":100,"ix":5},"r":1,"bm":0,"nm":"Fill 1","mn":"ADBE Vector Graphic - Fill","hd":false},{"ty":"tr","p":{"a":0,"k":[678.4,297.6],"ix":2},"a":{"a":0,"k":[0,0],"ix":1},"s":{"a":0,"k":[100,100],"ix":3},"r":{"a":0,"k":0,"ix":6},"o":{"a":0,"k":100,"ix":7},"sk":{"a":0,"k":0,"ix":4},"sa":{"a":0,"k":0,"ix":5},"nm":"Transform"}],"nm":"Group 4","np":2,"cix":2,"bm":0,"ix":4,"mn":"ADBE Vector Group","hd":false}],"ip":0,"op":202,"st":0,"bm":0},{"ddd":0,"ind":17,"ty":3,"nm":"Null 1","sr":1,"ks":{"o":{"a":0,"k":0,"ix":11},"r":{"a":1,"k":[{"i":{"x":[0.667],"y":[1]},"o":{"x":[0.333],"y":[0]},"t":0,"s":[0]},{"i":{"x":[0.667],"y":[1]},"o":{"x":[0.333],"y":[0]},"t":14,"s":[11]},{"i":{"x":[0.667],"y":[1]},"o":{"x":[0.333],"y":[0]},"t":24,"s":[-6]},{"i":{"x":[0.667],"y":[1]},"o":{"x":[0.333],"y":[0]},"t":34,"s":[2]},{"t":42,"s":[0]}],"ix":10},"p":{"a":0,"k":[216,276,0],"ix":2,"l":2},"a":{"a":0,"k":[0,0,0],"ix":1,"l":2},"s":{"a":1,"k":[{"i":{"x":[0.667,0.667,0.667],"y":[1,1,1]},"o":{"x":[0.333,0.333,0.333],"y":[0,0,0]},"t":0,"s":[0,0,100]},{"i":{"x":[0.667,0.667,0.667],"y":[1,1,1]},"o":{"x":[0.333,0.333,0.333],"y":[0,0,0]},"t":14,"s":[120,120,100]},{"i":{"x":[0.667,0.667,0.667],"y":[1,1,1]},"o":{"x":[0.333,0.333,0.333],"y":[0,0,0]},"t":24,"s":[95,95,100]},{"i":{"x":[0.667,0.667,0.667],"y":[1,1,1]},"o":{"x":[0.333,0.333,0.333],"y":[0,0,0]},"t":34,"s":[102,102,100]},{"t":42,"s":[100,100,100]}],"ix":6,"l":2}},"ao":0,"ip":0,"op":92,"st":0,"bm":0},{"ddd":0,"ind":18,"ty":4,"nm":"tree leaves","parent":17,"sr":1,"ks":{"o":{"a":0,"k":100,"ix":11},"r":{"a":1,"k":[{"i":{"x":[0.833],"y":[0.833]},"o":{"x":[0.333],"y":[0]},"t":60,"s":[0]},{"i":{"x":[0.667],"y":[1]},"o":{"x":[0.167],"y":[0.167]},"t":70,"s":[-1]},{"i":{"x":[0.667],"y":[0.77]},"o":{"x":[0.333],"y":[0]},"t":84,"s":[13]},{"i":{"x":[0.667],"y":[1]},"o":{"x":[0.333],"y":[1.264]},"t":98,"s":[57]},{"i":{"x":[0.667],"y":[1]},"o":{"x":[0.333],"y":[0]},"t":112,"s":[65]},{"t":128,"s":[4]}],"ix":10},"p":{"a":1,"k":[{"i":{"x":0.833,"y":0.833},"o":{"x":0.333,"y":0},"t":40,"s":[32.065,-39.591,0],"to":[0,0,0],"ti":[0,0,0]},{"i":{"x":0.585,"y":0.653},"o":{"x":0.167,"y":0.167},"t":60,"s":[58.47,-51.354,0],"to":[0,0,0],"ti":[0,0,0]},{"i":{"x":0.833,"y":0.821},"o":{"x":0.348,"y":0.163},"t":66,"s":[91.803,-72.46,0],"to":[0,0,0],"ti":[-131.679,51.866,0]},{"i":{"x":0.833,"y":0.816},"o":{"x":0.167,"y":0.16},"t":84,"s":[277.136,-172.205,0],"to":[94.828,-37.351,0],"ti":[-113.776,-1.316,0]},{"i":{"x":0.833,"y":0.833},"o":{"x":0.167,"y":0.143},"t":112,"s":[600.557,-22.925,0],"to":[142.244,1.646,0],"ti":[0,0,0]},{"t":128,"s":[853.065,-105.591,0]}],"ix":2,"l":2},"a":{"a":0,"k":[42.518,45.334,0],"ix":1,"l":2},"s":{"a":0,"k":[100,100,100],"ix":6,"l":2}},"ao":0,"shapes":[{"ty":"gr","it":[{"ind":0,"ty":"sh","ix":1,"ks":{"a":0,"k":{"i":[[-20.565,22.915],[0,0],[20.565,-22.915],[0,0]],"o":[[20.565,-22.915],[0,0],[-20.565,22.915],[0,0]],"v":[[-24.702,-22.169],[37.236,-41.491],[24.702,22.169],[-37.237,41.492]],"c":true},"ix":2},"nm":"Path 1","mn":"ADBE Vector Shape - Group","hd":false},{"ty":"fl","c":{"a":0,"k":[0.255000005984,0.541000007181,0.246999987434,1],"ix":4},"o":{"a":0,"k":100,"ix":5},"r":1,"bm":0,"nm":"Fill 1","mn":"ADBE Vector Graphic - Fill","hd":false},{"ty":"tr","p":{"a":0,"k":[45.518,45.334],"ix":2},"a":{"a":0,"k":[0,0],"ix":1},"s":{"a":0,"k":[100,100],"ix":3},"r":{"a":0,"k":0,"ix":6},"o":{"a":0,"k":100,"ix":7},"sk":{"a":0,"k":0,"ix":4},"sa":{"a":0,"k":0,"ix":5},"nm":"Transform"}],"nm":"Group 1","np":2,"cix":2,"bm":0,"ix":1,"mn":"ADBE Vector Group","hd":false}],"ip":0,"op":92,"st":0,"bm":0}],"markers":[{"tm":0,"cm":"rest","dr":0}]}