{"v":"5.8.1","fr":60,"ip":0,"op":120,"w":1024,"h":1024,"nm":"emoji_soccer-ball","ddd":0,"assets":[{"id":"comp_0","nm":"emoji_90_soccer-ball_v001","fr":60,"layers":[{"ddd":0,"ind":1,"ty":4,"nm":"mask","parent":3,"td":1,"sr":1,"ks":{"o":{"a":0,"k":100,"ix":11},"r":{"a":0,"k":0,"ix":10},"p":{"a":0,"k":[544.85,489.41,0],"ix":2,"l":2},"a":{"a":0,"k":[490.21,482.29,0],"ix":1,"l":2},"s":{"a":0,"k":[100,100,100],"ix":6,"l":2}},"ao":0,"shapes":[{"ty":"gr","it":[{"ind":0,"ty":"sh","ix":1,"ks":{"a":0,"k":{"i":[[261.92,3.76],[-14.16,-260.24],[-256.32,1.761],[5.6,288.32]],"o":[[-284.16,-4],[16.72,306.481],[269.28,-1.84],[-5.52,-287.84]],"v":[[5.24,-478.041],[-475.8,21.559],[16.36,480.28],[484.36,-0.76]],"c":true},"ix":2},"nm":"Path 1","mn":"ADBE Vector Shape - Group","hd":false},{"ty":"fl","c":{"a":0,"k":[0.118000000598,0.642999985639,0,1],"ix":4},"o":{"a":0,"k":100,"ix":5},"r":1,"bm":0,"nm":"Fill 1","mn":"ADBE Vector Graphic - Fill","hd":false},{"ty":"tr","p":{"a":0,"k":[490.21,482.29],"ix":2},"a":{"a":0,"k":[0,0],"ix":1},"s":{"a":0,"k":[100,100],"ix":3},"r":{"a":0,"k":0,"ix":6},"o":{"a":0,"k":100,"ix":7},"sk":{"a":0,"k":0,"ix":4},"sa":{"a":0,"k":0,"ix":5},"nm":"Transform"}],"nm":"Group 1","np":2,"cix":2,"bm":0,"ix":1,"mn":"ADBE Vector Group","hd":false}],"ip":0,"op":120,"st":0,"bm":0},{"ddd":0,"ind":2,"ty":0,"nm":"pattern loop","parent":4,"tt":1,"refId":"comp_1","sr":1,"ks":{"o":{"a":0,"k":100,"ix":11},"r":{"a":1,"k":[{"i":{"x":[0.721],"y":[0.981]},"o":{"x":[0.365],"y":[0.194]},"t":0,"s":[0]},{"i":{"x":[0.739],"y":[0.653]},"o":{"x":[0.617],"y":[0.165]},"t":10,"s":[21.544]},{"i":{"x":[0.983],"y":[0.983]},"o":{"x":[0.361],"y":[0.735]},"t":20,"s":[93.946]},{"i":{"x":[0.972],"y":[0.979]},"o":{"x":[0.396],"y":[0.651]},"t":50,"s":[235.797]},{"i":{"x":[0.744],"y":[0.778]},"o":{"x":[0.36],"y":[0.594]},"t":70,"s":[294.02]},{"t":120,"s":[360]}],"ix":10},"p":{"a":0,"k":[-5.97,-478.8,0],"ix":2,"l":2},"a":{"a":0,"k":[512,512,0],"ix":1,"l":2},"s":{"a":0,"k":[100,100,100],"ix":6,"l":2}},"ao":0,"w":1024,"h":1024,"ip":0,"op":120,"st":0,"bm":0},{"ddd":0,"ind":3,"ty":4,"nm":"base ","parent":4,"sr":1,"ks":{"o":{"a":0,"k":100,"ix":11},"r":{"a":0,"k":0,"ix":10},"p":{"a":0,"k":[-43.68,-483.839,0],"ix":2,"l":2},"a":{"a":0,"k":[517.53,485.85,0],"ix":1,"l":2},"s":{"a":0,"k":[100,100,100],"ix":6,"l":2}},"ao":0,"shapes":[{"ty":"gr","it":[{"ind":0,"ty":"sh","ix":1,"ks":{"a":0,"k":{"i":[[126.32,-72.48],[-211.84,-244.48],[-31.28,-14.24],[-100,113.2],[9.44,122.64],[84.56,68.08]],"o":[[-198.88,114],[25.92,29.92],[213.6,96.56],[79.36,-89.84],[-7.28,-95.36],[-191.2,-154.24]],"v":[[-191.815,-371.44],[-305.095,310.16],[-206.695,375.2],[365.385,210.08],[464.505,-62],[331.865,-317.52]],"c":true},"ix":2},"nm":"Path 1","mn":"ADBE Vector Shape - Group","hd":false},{"ty":"fl","c":{"a":0,"k":[1,1,1,1],"ix":4},"o":{"a":0,"k":100,"ix":5},"r":1,"bm":0,"nm":"Fill 1","mn":"ADBE Vector Graphic - Fill","hd":false},{"ty":"tr","p":{"a":0,"k":[517.185,472.01],"ix":2},"a":{"a":0,"k":[0,0],"ix":1},"s":{"a":0,"k":[100,100],"ix":3},"r":{"a":0,"k":0,"ix":6},"o":{"a":0,"k":100,"ix":7},"sk":{"a":0,"k":0,"ix":4},"sa":{"a":0,"k":0,"ix":5},"nm":"Transform"}],"nm":"Group 1","np":2,"cix":2,"bm":0,"ix":1,"mn":"ADBE Vector Group","hd":false},{"ty":"gr","it":[{"ind":0,"ty":"sh","ix":1,"ks":{"a":0,"k":{"i":[[261.92,3.76],[-14.16,-260.24],[-256.32,1.761],[5.6,288.32]],"o":[[-284.16,-4],[16.72,306.481],[269.28,-1.84],[-5.52,-287.84]],"v":[[5.24,-478.04],[-475.8,21.56],[16.36,480.28],[484.36,-0.76]],"c":true},"ix":2},"nm":"Path 1","mn":"ADBE Vector Shape - Group","hd":false},{"ty":"fl","c":{"a":0,"k":[0.783999992819,0.783999992819,0.783999992819,1],"ix":4},"o":{"a":0,"k":100,"ix":5},"r":1,"bm":0,"nm":"Fill 1","mn":"ADBE Vector Graphic - Fill","hd":false},{"ty":"tr","p":{"a":0,"k":[544.85,489.41],"ix":2},"a":{"a":0,"k":[0,0],"ix":1},"s":{"a":0,"k":[100,100],"ix":3},"r":{"a":0,"k":0,"ix":6},"o":{"a":0,"k":100,"ix":7},"sk":{"a":0,"k":0,"ix":4},"sa":{"a":0,"k":0,"ix":5},"nm":"Transform"}],"nm":"Group 2","np":2,"cix":2,"bm":0,"ix":2,"mn":"ADBE Vector Group","hd":false}],"ip":0,"op":120,"st":0,"bm":0},{"ddd":0,"ind":4,"ty":3,"nm":"Null Bounce","sr":1,"ks":{"o":{"a":0,"k":0,"ix":11},"r":{"a":0,"k":0,"ix":10},"p":{"s":true,"x":{"a":0,"k":523.97,"ix":3},"y":{"a":1,"k":[{"i":{"x":[0.667],"y":[1]},"o":{"x":[0.333],"y":[0]},"t":0,"s":[990.8]},{"i":{"x":[0.833],"y":[1]},"o":{"x":[0.333],"y":[0]},"t":10,"s":[990.8]},{"i":{"x":[0.5],"y":[1]},"o":{"x":[0.167],"y":[0.167]},"t":20,"s":[990.8]},{"i":{"x":[0.833],"y":[0.833]},"o":{"x":[0.5],"y":[0]},"t":33,"s":[922.8]},{"i":{"x":[0.667],"y":[1]},"o":{"x":[0.167],"y":[0]},"t":46,"s":[990.8]},{"i":{"x":[0.667],"y":[1]},"o":{"x":[0.333],"y":[0]},"t":50,"s":[990.8]},{"i":{"x":[0.667],"y":[1]},"o":{"x":[0.333],"y":[0]},"t":60,"s":[962.8]},{"i":{"x":[0.667],"y":[1]},"o":{"x":[0.333],"y":[0]},"t":70,"s":[990.8]},{"i":{"x":[0.667],"y":[1]},"o":{"x":[0.333],"y":[0]},"t":80,"s":[974.8]},{"t":93,"s":[990.8]}],"ix":4}},"a":{"a":0,"k":[0,0,0],"ix":1,"l":2},"s":{"a":1,"k":[{"i":{"x":[0.667,0.667,0.667],"y":[1,1,1]},"o":{"x":[0.333,0.333,0.333],"y":[0,0,0]},"t":0,"s":[100,100,100]},{"i":{"x":[0.833,0.833,0.833],"y":[0.833,0.833,1]},"o":{"x":[0.333,0.333,0.333],"y":[0,0,0]},"t":10,"s":[105,80,100]},{"i":{"x":[0.5,0.5,0.667],"y":[1,1,1]},"o":{"x":[0.167,0.167,0.167],"y":[0.167,0.167,0]},"t":20,"s":[85,102,100]},{"i":{"x":[0.833,0.833,0.833],"y":[0.833,0.833,1]},"o":{"x":[0.445,0.445,0.307],"y":[0,0,0]},"t":33,"s":[102,95,100]},{"i":{"x":[0.667,0.667,0.667],"y":[1,1,1]},"o":{"x":[0.167,0.167,0.167],"y":[0,0,0]},"t":41,"s":[100,100,100]},{"i":{"x":[0.667,0.667,0.667],"y":[1,1,1]},"o":{"x":[0.333,0.333,0.333],"y":[0,0,0]},"t":46,"s":[100,100,100]},{"i":{"x":[0.667,0.667,0.667],"y":[1,1,1]},"o":{"x":[0.333,0.333,0.333],"y":[0,0,0]},"t":50,"s":[104,90,100]},{"i":{"x":[0.667,0.667,0.667],"y":[1,1,1]},"o":{"x":[0.333,0.333,0.333],"y":[0,0,0]},"t":60,"s":[100,100,100]},{"i":{"x":[0.667,0.667,0.667],"y":[1,1,1]},"o":{"x":[0.333,0.333,0.333],"y":[0,0,0]},"t":70,"s":[102,95,100]},{"t":80,"s":[100,100,100]}],"ix":6,"l":2}},"ao":0,"ip":0,"op":120,"st":0,"bm":0}]},{"id":"comp_1","nm":"pattern Comp 1","fr":60,"layers":[{"ddd":0,"ind":1,"ty":0,"nm":"pattern","refId":"comp_2","sr":1,"ks":{"o":{"a":0,"k":100,"ix":11},"r":{"a":0,"k":0,"ix":10},"p":{"a":0,"k":[512,512,0],"ix":2,"l":2},"a":{"a":0,"k":[512,512,0],"ix":1,"l":2},"s":{"a":0,"k":[100,100,100],"ix":6,"l":2}},"ao":0,"w":1024,"h":1024,"ip":100,"op":120,"st":100,"bm":0},{"ddd":0,"ind":2,"ty":0,"nm":"pattern","refId":"comp_2","sr":1,"ks":{"o":{"a":0,"k":100,"ix":11},"r":{"a":0,"k":0,"ix":10},"p":{"a":0,"k":[512,512,0],"ix":2,"l":2},"a":{"a":0,"k":[512,512,0],"ix":1,"l":2},"s":{"a":0,"k":[100,100,100],"ix":6,"l":2}},"ao":0,"w":1024,"h":1024,"ip":80,"op":100,"st":80,"bm":0},{"ddd":0,"ind":3,"ty":0,"nm":"pattern","refId":"comp_2","sr":1,"ks":{"o":{"a":0,"k":100,"ix":11},"r":{"a":0,"k":0,"ix":10},"p":{"a":0,"k":[512,512,0],"ix":2,"l":2},"a":{"a":0,"k":[512,512,0],"ix":1,"l":2},"s":{"a":0,"k":[100,100,100],"ix":6,"l":2}},"ao":0,"w":1024,"h":1024,"ip":60,"op":80,"st":60,"bm":0},{"ddd":0,"ind":4,"ty":0,"nm":"pattern","refId":"comp_2","sr":1,"ks":{"o":{"a":0,"k":100,"ix":11},"r":{"a":0,"k":0,"ix":10},"p":{"a":0,"k":[512,512,0],"ix":2,"l":2},"a":{"a":0,"k":[512,512,0],"ix":1,"l":2},"s":{"a":0,"k":[100,100,100],"ix":6,"l":2}},"ao":0,"w":1024,"h":1024,"ip":40,"op":60,"st":40,"bm":0},{"ddd":0,"ind":5,"ty":0,"nm":"pattern","refId":"comp_2","sr":1,"ks":{"o":{"a":0,"k":100,"ix":11},"r":{"a":0,"k":0,"ix":10},"p":{"a":0,"k":[512,512,0],"ix":2,"l":2},"a":{"a":0,"k":[512,512,0],"ix":1,"l":2},"s":{"a":0,"k":[100,100,100],"ix":6,"l":2}},"ao":0,"w":1024,"h":1024,"ip":20,"op":40,"st":20,"bm":0},{"ddd":0,"ind":6,"ty":0,"nm":"pattern","refId":"comp_2","sr":1,"ks":{"o":{"a":0,"k":100,"ix":11},"r":{"a":0,"k":0,"ix":10},"p":{"a":0,"k":[512,512,0],"ix":2,"l":2},"a":{"a":0,"k":[512,512,0],"ix":1,"l":2},"s":{"a":0,"k":[100,100,100],"ix":6,"l":2}},"ao":0,"w":1024,"h":1024,"ip":0,"op":20,"st":0,"bm":0}]},{"id":"comp_2","nm":"pattern","fr":60,"layers":[{"ddd":0,"ind":1,"ty":4,"nm":"pattern ","sr":1,"ks":{"o":{"a":0,"k":100,"ix":11},"r":{"a":0,"k":0,"ix":10},"p":{"a":0,"k":[524.863,499.66,0],"ix":2,"l":2},"a":{"a":0,"k":[510.269,487.23,0],"ix":1,"l":2},"s":{"a":0,"k":[100,100,100],"ix":6,"l":2}},"ao":0,"shapes":[{"ty":"gr","it":[{"ty":"gr","it":[{"ind":0,"ty":"sh","ix":1,"ks":{"a":1,"k":[{"i":{"x":0.833,"y":0.833},"o":{"x":0.167,"y":0.167},"t":0,"s":[{"i":[[56.35,4.96],[-20.968,-11.002],[-8.48,-0.88],[-14.51,-2],[17.614,16.401]],"o":[[-33.36,-2.936],[49.55,26],[8.4,0.88],[14.51,2],[-31.53,-29.36]],"v":[[-41.92,-167.48],[-134.12,-54.52],[2.44,41.52],[206.92,42.48],[168.96,-102.16]],"c":true}]},{"t":20,"s":[{"i":[[-46.159,-32.7],[-22.698,-6.747],[-8.48,-0.88],[0.51,16],[22.252,9.17]],"o":[[49.35,34.96],[23.55,7],[8.4,0.88],[-0.466,-14.64],[-78.53,-32.36]],"v":[[-132.92,-59.48],[2.88,40.48],[154.44,42.52],[212.92,35.48],[84.96,-69.16]],"c":true}]}],"ix":2},"nm":"Path 1","mn":"ADBE Vector Shape - Group","hd":false},{"ty":"fl","c":{"a":0,"k":[0.277999997606,0.298000021542,0.310000011968,1],"ix":4},"o":{"a":0,"k":100,"ix":5},"r":1,"bm":0,"nm":"Fill 1","mn":"ADBE Vector Graphic - Fill","hd":false},{"ty":"tr","p":{"a":0,"k":[643.976,63.09],"ix":2},"a":{"a":0,"k":[0,0],"ix":1},"s":{"a":0,"k":[100,100],"ix":3},"r":{"a":0,"k":0,"ix":6},"o":{"a":0,"k":100,"ix":7},"sk":{"a":0,"k":0,"ix":4},"sa":{"a":0,"k":0,"ix":5},"nm":"Transform"}],"nm":"Group 1","np":2,"cix":2,"bm":0,"ix":1,"mn":"ADBE Vector Group","hd":false},{"ty":"gr","it":[{"ind":0,"ty":"sh","ix":1,"ks":{"a":1,"k":[{"i":{"x":0.833,"y":0.833},"o":{"x":0.167,"y":0.167},"t":0,"s":[{"i":[[-6.63,-8.96],[-6.72,0],[-42.8,34.08],[-0.88,5.84],[-1.35,7.32],[52.83,-52.12]],"o":[[6.63,8.96],[6.72,0],[57.68,-46],[0.8,-5.84],[1.35,-7.32],[-54.894,54.156]],"v":[[-171.64,79.44],[-77.16,151.28],[14.76,61.04],[101.72,-5.84],[120.64,-158.28],[-117.84,-136.48]],"c":true}]},{"i":{"x":0.833,"y":0.833},"o":{"x":0.167,"y":0.167},"t":10,"s":[{"i":[[-6.63,-8.96],[-6.72,0],[-35.785,39.72],[-0.88,5.84],[3.04,3.891],[31.83,-34.37]],"o":[[6.63,8.96],[6.72,0],[48.598,-54.151],[0.8,-5.84],[-1.9,-3.82],[-29.881,30.813]],"v":[[39.36,192.19],[234.09,270.03],[318.51,190.79],[391.22,107.535],[292.64,-78.78],[63.41,-31.73]],"c":true}]},{"t":20,"s":[{"i":[[-6.63,-8.96],[-6.72,0],[-28.77,45.36],[-0.88,5.84],[7.429,0.462],[10.83,-16.62]],"o":[[6.63,8.96],[6.72,0],[39.516,-62.302],[0.8,-5.84],[-5.15,-0.32],[-4.867,7.469]],"v":[[242.36,272.94],[481.34,356.78],[550.26,256.54],[608.72,156.91],[456.64,-31.28],[236.66,41.02]],"c":true}]}],"ix":2},"nm":"Path 1","mn":"ADBE Vector Shape - Group","hd":false},{"ty":"fl","c":{"a":0,"k":[0.277999997606,0.298000021542,0.310000011968,1],"ix":4},"o":{"a":0,"k":100,"ix":5},"r":1,"bm":0,"nm":"Fill 1","mn":"ADBE Vector Graphic - Fill","hd":false},{"ty":"tr","p":{"a":0,"k":[171.416,209.17],"ix":2},"a":{"a":0,"k":[0,0],"ix":1},"s":{"a":0,"k":[100,100],"ix":3},"r":{"a":0,"k":0,"ix":6},"o":{"a":0,"k":100,"ix":7},"sk":{"a":0,"k":0,"ix":4},"sa":{"a":0,"k":0,"ix":5},"nm":"Transform"}],"nm":"Group 2","np":2,"cix":2,"bm":0,"ix":2,"mn":"ADBE Vector Group","hd":false},{"ty":"gr","it":[{"ind":0,"ty":"sh","ix":1,"ks":{"a":1,"k":[{"i":{"x":0.833,"y":0.833},"o":{"x":0.167,"y":0.167},"t":0,"s":[{"i":[[5.04,-4.16],[7.52,-32.64],[0,0],[-30.08,-43.04],[0,0],[-0.88,6.721],[13.36,48.48],[5.04,3.361],[40.08,15.92]],"o":[[-4.56,3.761],[-7.52,32.56],[0,0],[37.28,53.28],[0,0],[0.88,-6.72],[-13.36,-48.48],[-5.04,-3.36],[-40.08,-15.92]],"v":[[-97.8,-172.92],[-136.28,-78.44],[-147.96,-14.92],[-97.8,86.2],[-12.04,177.08],[147.08,122.12],[115.32,8.44],[94.44,-97.72],[-1.64,-132.84]],"c":true}]},{"i":{"x":0.833,"y":0.833},"o":{"x":0.167,"y":0.167},"t":10,"s":[{"i":[[5.236,-4.581],[27.95,-32.295],[0,0],[-37.823,-40.295],[-7.647,-4.786],[-3.023,5.624],[4.577,53.148],[5.836,3.036],[53.544,8.699]],"o":[[-4.736,4.143],[-21.241,27.622],[0,0],[33.564,35.758],[101.955,-19.826],[3.908,-6.316],[-2.891,-33.571],[-6.097,-3.172],[-48.588,-8.289]],"v":[[215.58,-67.332],[140.238,6.13],[80.797,81.878],[146.027,192.042],[217.882,265.077],[437.753,153.74],[424.653,67.212],[416.516,-20.94],[311.448,-39.248]],"c":true}]},{"t":20,"s":[{"i":[[5.04,-4.16],[41.01,-34.2],[0,0],[-29.884,-43.176],[-12.73,-10.72],[-5.46,4.016],[-2.91,17.58],[4.79,3.58],[53.37,9.7]],"o":[[-4.56,3.761],[-29.239,24.383],[0,0],[16.03,23.16],[184.27,-23.72],[7.15,-5.26],[2.91,-17.58],[-5.222,-3.903],[-44.653,-8.116]],"v":[[488.2,17.08],[393.22,96.06],[306.54,173.08],[355.2,248.2],[386.96,282.08],[646.58,164.12],[653.32,111.94],[658.44,47.78],[571.36,30.16]],"c":true}]}],"ix":2},"nm":"Path 1","mn":"ADBE Vector Shape - Group","hd":false},{"ty":"fl","c":{"a":0,"k":[0.277999997606,0.298000021542,0.310000011968,1],"ix":4},"o":{"a":0,"k":100,"ix":5},"r":1,"bm":0,"nm":"Fill 1","mn":"ADBE Vector Graphic - Fill","hd":false},{"ty":"tr","p":{"a":0,"k":[191.176,697.209],"ix":2},"a":{"a":0,"k":[0,0],"ix":1},"s":{"a":0,"k":[100,100],"ix":3},"r":{"a":0,"k":0,"ix":6},"o":{"a":0,"k":100,"ix":7},"sk":{"a":0,"k":0,"ix":4},"sa":{"a":0,"k":0,"ix":5},"nm":"Transform"}],"nm":"Group 3","np":2,"cix":2,"bm":0,"ix":3,"mn":"ADBE Vector Group","hd":false},{"ty":"gr","it":[{"ind":0,"ty":"sh","ix":1,"ks":{"a":1,"k":[{"i":{"x":0.833,"y":0.833},"o":{"x":0.167,"y":0.167},"t":0,"s":[{"i":[[8.4,-0.8],[-0.8,-4.24],[0,0],[-78.56,42.559],[0,0],[4.16,0.8]],"o":[[-6.72,0.641],[0.8,4.16],[0,0],[78.56,-42.561],[0,0],[-4.08,-0.96]],"v":[[6.32,-130.12],[-175.92,26.2],[-103.88,138.92],[62.44,96.561],[165.84,13.16],[172.56,-100.76]],"c":true}]},{"i":{"x":0.833,"y":0.833},"o":{"x":0.167,"y":0.167},"t":10,"s":[{"i":[[9.436,-0.801],[-0.915,-4.236],[0,0],[-59.359,27.004],[0,0],[4.673,0.8]],"o":[[-7.549,0.641],[0.899,4.16],[0,0],[76.431,-33.421],[0,0],[-4.583,-0.96]],"v":[[219.811,-69.12],[68.443,64.7],[55.569,117.92],[189.613,86.061],[301.842,4.66],[312.761,-88.26]],"c":true}]},{"t":20,"s":[{"i":[[8.4,-0.8],[-0.8,-4.24],[0,0],[-27.117,11.449],[0,0],[4.16,0.8]],"o":[[-6.72,0.641],[0.8,4.16],[0,0],[57.51,-24.281],[0,0],[-4.08,-0.96]],"v":[[259.32,-64.12],[172.08,47.2],[117.12,138.92],[229.44,75.561],[325.84,-3.84],[338.56,-75.76]],"c":true}]}],"ix":2},"nm":"Path 1","mn":"ADBE Vector Shape - Group","hd":false},{"ty":"fl","c":{"a":0,"k":[0.277999997606,0.298000021542,0.310000011968,1],"ix":4},"o":{"a":0,"k":100,"ix":5},"r":1,"bm":0,"nm":"Fill 1","mn":"ADBE Vector Graphic - Fill","hd":false},{"ty":"tr","p":{"a":0,"k":[675.456,843.289],"ix":2},"a":{"a":0,"k":[0,0],"ix":1},"s":{"a":0,"k":[100,100],"ix":3},"r":{"a":0,"k":0,"ix":6},"o":{"a":0,"k":100,"ix":7},"sk":{"a":0,"k":0,"ix":4},"sa":{"a":0,"k":0,"ix":5},"nm":"Transform"}],"nm":"Group 4","np":2,"cix":2,"bm":0,"ix":4,"mn":"ADBE Vector Group","hd":false},{"ty":"gr","it":[{"ind":0,"ty":"sh","ix":1,"ks":{"a":1,"k":[{"i":{"x":0.833,"y":0.833},"o":{"x":0.167,"y":0.167},"t":0,"s":[{"i":[[0,0],[0,-8.4],[-9.2,-56.8],[-5.84,-3.36],[0,0],[11.76,112.8]],"o":[[0,0],[0,8.32],[9.2,56.8],[5.84,3.36],[0,0],[-11.76,-112.88]],"v":[[-9.88,-199],[-46.84,-70.92],[-17.56,40.2],[-15.88,185.64],[89.92,191.32],[120.08,-24.24]],"c":true}]},{"t":20,"s":[{"i":[[0,0],[-0.121,-4.276],[-4.259,-28.872],[-2.232,-1.682],[0,0],[6.02,57.368]],"o":[[0,0],[0.12,4.236],[4.259,28.872],[2.232,1.682],[0,0],[-6.024,-57.409]],"v":[[122.847,-67.504],[110.869,-2.123],[123.421,54.306],[126.144,128.339],[165.795,130.723],[173.97,20.84]],"c":true}]}],"ix":2},"nm":"Path 1","mn":"ADBE Vector Shape - Group","hd":false},{"ty":"fl","c":{"a":0,"k":[0.277999997606,0.298000021542,0.310000011968,1],"ix":4},"o":{"a":0,"k":100,"ix":5},"r":1,"bm":0,"nm":"Fill 1","mn":"ADBE Vector Graphic - Fill","hd":false},{"ty":"tr","p":{"a":0,"k":[933.416,465.69],"ix":2},"a":{"a":0,"k":[0,0],"ix":1},"s":{"a":0,"k":[100,100],"ix":3},"r":{"a":0,"k":0,"ix":6},"o":{"a":0,"k":100,"ix":7},"sk":{"a":0,"k":0,"ix":4},"sa":{"a":0,"k":0,"ix":5},"nm":"Transform"}],"nm":"Group 5","np":2,"cix":2,"bm":0,"ix":5,"mn":"ADBE Vector Group","hd":false},{"ty":"gr","it":[{"ind":0,"ty":"sh","ix":1,"ks":{"a":1,"k":[{"i":{"x":0.833,"y":0.833},"o":{"x":0.167,"y":0.167},"t":0,"s":[{"i":[[3.36,-8.4],[-1.128,-57.074],[-2.53,-3.334],[-10,2.48],[0,7.52],[7.52,1.68]],"o":[[-1.235,3.107],[1.137,57.543],[5.04,6.64],[10,-2.48],[0,-7.52],[-7.52,-1.68]],"v":[[-185.96,-122],[-185.874,-5.013],[-180.12,113.68],[58.92,193.92],[188.44,-4.16],[33.88,-194.72]],"c":true}]},{"i":{"x":0.833,"y":0.833},"o":{"x":0.167,"y":0.167},"t":10,"s":[{"i":[[0.069,-8.427],[-4.042,-59.274],[-2.527,-3.329],[-12.426,2.48],[16.695,80.46],[6.522,-1.846]],"o":[[-0.02,3.12],[4.055,59.582],[5.04,6.64],[12.426,-2.48],[-0.93,-8.035],[-6.522,1.846]],"v":[[102.67,-3.734],[116.599,116.242],[119.63,224.68],[281.462,265.17],[348.44,37.84],[233.345,-116.415]],"c":true}]},{"t":20,"s":[{"i":[[-3.223,-8.454],[-6.957,-61.473],[-2.523,-3.324],[-14.852,2.48],[33.39,153.4],[5.524,-5.372]],"o":[[1.195,3.133],[6.974,61.622],[5.04,6.64],[14.852,-2.48],[-1.861,-8.549],[-5.524,5.372]],"v":[[295.299,26.532],[323.071,149.496],[323.38,279.68],[408.005,280.42],[412.44,-8.16],[336.811,-126.109]],"c":true}]}],"ix":2},"nm":"Path 1","mn":"ADBE Vector Shape - Group","hd":false},{"ty":"fl","c":{"a":0,"k":[0.277999997606,0.298000021542,0.310000011968,1],"ix":4},"o":{"a":0,"k":100,"ix":5},"r":1,"bm":0,"nm":"Fill 1","mn":"ADBE Vector Graphic - Fill","hd":false},{"ty":"tr","p":{"a":0,"k":[593.576,371.33],"ix":2},"a":{"a":0,"k":[0,0],"ix":1},"s":{"a":0,"k":[100,100],"ix":3},"r":{"a":0,"k":0,"ix":6},"o":{"a":0,"k":100,"ix":7},"sk":{"a":0,"k":0,"ix":4},"sa":{"a":0,"k":0,"ix":5},"nm":"Transform"}],"nm":"Group 6","np":2,"cix":2,"bm":0,"ix":6,"mn":"ADBE Vector Group","hd":false},{"ty":"gr","it":[{"ind":0,"ty":"sh","ix":1,"ks":{"a":1,"k":[{"i":{"x":0.833,"y":0.833},"o":{"x":0.167,"y":0.167},"t":0,"s":[{"i":[[0,0],[93.816,-86.7]],"o":[[0,0],[0,0]],"v":[[65.602,-87.24],[-65.602,87.24]],"c":false}]},{"i":{"x":0.833,"y":0.833},"o":{"x":0.167,"y":0.167},"t":10,"s":[{"i":[[0,0],[55.545,-78.63]],"o":[[0,0],[0,0]],"v":[[129.078,-104.487],[88.924,89.74]],"c":false}]},{"t":20,"s":[{"i":[[0,0],[5.07,-70.56]],"o":[[0,0],[0,0]],"v":[[192.554,-121.735],[134.398,92.24]],"c":false}]}],"ix":2},"nm":"Path 1","mn":"ADBE Vector Shape - Group","hd":false},{"ty":"st","c":{"a":0,"k":[0.090000002992,0.090000002992,0.090000002992,1],"ix":3},"o":{"a":0,"k":100,"ix":4},"w":{"a":0,"k":32,"ix":5},"lc":2,"lj":2,"bm":0,"nm":"Stroke 1","mn":"ADBE Vector Graphic - Stroke","hd":false},{"ty":"tr","p":{"a":0,"k":[874.937,691.89],"ix":2},"a":{"a":0,"k":[0,0],"ix":1},"s":{"a":0,"k":[100,100],"ix":3},"r":{"a":0,"k":0,"ix":6},"o":{"a":0,"k":100,"ix":7},"sk":{"a":0,"k":0,"ix":4},"sa":{"a":0,"k":0,"ix":5},"nm":"Transform"}],"nm":"Group 7","np":2,"cix":2,"bm":0,"ix":7,"mn":"ADBE Vector Group","hd":false},{"ty":"gr","it":[{"ind":0,"ty":"sh","ix":1,"ks":{"a":1,"k":[{"i":{"x":0.833,"y":0.833},"o":{"x":0.167,"y":0.167},"t":0,"s":[{"i":[[0,0],[20.521,-68.042]],"o":[[0,0],[0,0]],"v":[[19.981,-71.282],[-19.98,71.282]],"c":false}]},{"i":{"x":0.833,"y":0.833},"o":{"x":0.167,"y":0.167},"t":10,"s":[{"i":[[0,0],[-9.641,-98.756]],"o":[[0,0],[0,0]],"v":[[85.642,-66.019],[193.358,144.019]],"c":false}]},{"t":20,"s":[{"i":[[0,0],[-39.803,-129.469]],"o":[[0,0],[0,0]],"v":[[151.303,-60.757],[310.697,128.757]],"c":false}]}],"ix":2},"nm":"Path 1","mn":"ADBE Vector Shape - Group","hd":false},{"ty":"st","c":{"a":0,"k":[0.090000002992,0.090000002992,0.090000002992,1],"ix":3},"o":{"a":0,"k":100,"ix":4},"w":{"a":0,"k":32,"ix":5},"lc":2,"lj":2,"bm":0,"nm":"Stroke 1","mn":"ADBE Vector Graphic - Stroke","hd":false},{"ty":"tr","p":{"a":0,"k":[633.512,151.281],"ix":2},"a":{"a":0,"k":[0,0],"ix":1},"s":{"a":0,"k":[100,100],"ix":3},"r":{"a":0,"k":0,"ix":6},"o":{"a":0,"k":100,"ix":7},"sk":{"a":0,"k":0,"ix":4},"sa":{"a":0,"k":0,"ix":5},"nm":"Transform"}],"nm":"Group 8","np":2,"cix":2,"bm":0,"ix":8,"mn":"ADBE Vector Group","hd":false},{"ty":"gr","it":[{"ind":0,"ty":"sh","ix":1,"ks":{"a":1,"k":[{"i":{"x":0.833,"y":0.833},"o":{"x":0.167,"y":0.167},"t":0,"s":[{"i":[[0,0],[0,0]],"o":[[125.011,67.117],[0,0]],"v":[[-120.842,-39.381],[120.842,39.381]],"c":false}]},{"i":{"x":0.833,"y":0.833},"o":{"x":0.167,"y":0.167},"t":10,"s":[{"i":[[0,0],[0,0]],"o":[[71.562,56.143],[0,0]],"v":[[169.516,-13.489],[350.369,74.381]],"c":false}]},{"t":20,"s":[{"i":[[0,0],[0,0]],"o":[[47.421,13.035],[0,0]],"v":[[378.658,2.619],[432.842,53.381]],"c":false}]}],"ix":2},"nm":"Path 1","mn":"ADBE Vector Shape - Group","hd":false},{"ty":"st","c":{"a":0,"k":[0.090000002992,0.090000002992,0.090000002992,1],"ix":3},"o":{"a":0,"k":100,"ix":4},"w":{"a":0,"k":32,"ix":5},"lc":2,"lj":2,"bm":0,"nm":"Stroke 1","mn":"ADBE Vector Graphic - Stroke","hd":false},{"ty":"tr","p":{"a":0,"k":[422.327,838.916],"ix":2},"a":{"a":0,"k":[0,0],"ix":1},"s":{"a":0,"k":[100,100],"ix":3},"r":{"a":0,"k":0,"ix":6},"o":{"a":0,"k":100,"ix":7},"sk":{"a":0,"k":0,"ix":4},"sa":{"a":0,"k":0,"ix":5},"nm":"Transform"}],"nm":"Group 9","np":2,"cix":2,"bm":0,"ix":9,"mn":"ADBE Vector Group","hd":false},{"ty":"gr","it":[{"ind":0,"ty":"sh","ix":1,"ks":{"a":1,"k":[{"i":{"x":0.833,"y":0.833},"o":{"x":0.167,"y":0.167},"t":0,"s":[{"i":[[0,0],[-6.48,-113.402]],"o":[[0,0],[0,0]],"v":[[-21.498,-106.728],[21.498,106.728]],"c":false}]},{"i":{"x":0.833,"y":0.833},"o":{"x":0.167,"y":0.167},"t":10,"s":[{"i":[[0,0],[34.238,-104.223]],"o":[[0,0],[0,0]],"v":[[198.977,-35.478],[228.89,167.228]],"c":false}]},{"t":20,"s":[{"i":[[0,0],[67.433,-95.044]],"o":[[0,0],[0,0]],"v":[[323.453,-20.228],[262.498,171.728]],"c":false}]}],"ix":2},"nm":"Path 1","mn":"ADBE Vector Shape - Group","hd":false},{"ty":"st","c":{"a":0,"k":[0.090000002992,0.090000002992,0.090000002992,1],"ix":3},"o":{"a":0,"k":100,"ix":4},"w":{"a":0,"k":32,"ix":5},"lc":2,"lj":2,"bm":0,"nm":"Stroke 1","mn":"ADBE Vector Graphic - Stroke","hd":false},{"ty":"tr","p":{"a":0,"k":[665.474,642.886],"ix":2},"a":{"a":0,"k":[0,0],"ix":1},"s":{"a":0,"k":[100,100],"ix":3},"r":{"a":0,"k":0,"ix":6},"o":{"a":0,"k":100,"ix":7},"sk":{"a":0,"k":0,"ix":4},"sa":{"a":0,"k":0,"ix":5},"nm":"Transform"}],"nm":"Group 10","np":2,"cix":2,"bm":0,"ix":10,"mn":"ADBE Vector Group","hd":false},{"ty":"gr","it":[{"ind":0,"ty":"sh","ix":1,"ks":{"a":1,"k":[{"i":{"x":0.833,"y":0.833},"o":{"x":0.167,"y":0.167},"t":0,"s":[{"i":[[0,0],[-66.608,58.386]],"o":[[0,0],[0,0]],"v":[[-94.59,84.453],[94.59,-84.453]],"c":false}]},{"i":{"x":0.833,"y":0.833},"o":{"x":0.167,"y":0.167},"t":10,"s":[{"i":[[0,0],[-54.033,65.056]],"o":[[0,0],[0,0]],"v":[[223.681,165.91],[390.84,17.797]],"c":false}]},{"t":20,"s":[{"i":[[0,0],[-41.458,71.725]],"o":[[0,0],[0,0]],"v":[[462.91,234.953],[591.09,64.047]],"c":false}]}],"ix":2},"nm":"Path 1","mn":"ADBE Vector Shape - Group","hd":false},{"ty":"st","c":{"a":0,"k":[0.090000002992,0.090000002992,0.090000002992,1],"ix":3},"o":{"a":0,"k":100,"ix":4},"w":{"a":0,"k":32,"ix":5},"lc":2,"lj":2,"bm":0,"nm":"Stroke 1","mn":"ADBE Vector Graphic - Stroke","hd":false},{"ty":"tr","p":{"a":0,"k":[357.274,538.798],"ix":2},"a":{"a":0,"k":[0,0],"ix":1},"s":{"a":0,"k":[100,100],"ix":3},"r":{"a":0,"k":0,"ix":6},"o":{"a":0,"k":100,"ix":7},"sk":{"a":0,"k":0,"ix":4},"sa":{"a":0,"k":0,"ix":5},"nm":"Transform"}],"nm":"Group 11","np":2,"cix":2,"bm":0,"ix":11,"mn":"ADBE Vector Group","hd":false},{"ty":"gr","it":[{"ind":0,"ty":"sh","ix":1,"ks":{"a":1,"k":[{"i":{"x":0.833,"y":0.833},"o":{"x":0.167,"y":0.167},"t":0,"s":[{"i":[[0,0],[-19.441,-107.623]],"o":[[0,0],[0,0]],"v":[[4.576,-120.072],[9.721,120.072]],"c":false}]},{"i":{"x":0.833,"y":0.833},"o":{"x":0.167,"y":0.167},"t":10,"s":[{"i":[[0,0],[-21.561,-102.149]],"o":[[0,0],[0,0]],"v":[[316.076,16.428],[327.83,224.977]],"c":false}]},{"t":20,"s":[{"i":[[0,0],[-1.035,-99.239]],"o":[[0,0],[0,0]],"v":[[555.576,88.928],[595.721,310.072]],"c":false}]}],"ix":2},"nm":"Path 1","mn":"ADBE Vector Shape - Group","hd":false},{"ty":"st","c":{"a":0,"k":[0.090000002992,0.090000002992,0.090000002992,1],"ix":3},"o":{"a":0,"k":100,"ix":4},"w":{"a":0,"k":32,"ix":5},"lc":2,"lj":2,"bm":0,"nm":"Stroke 1","mn":"ADBE Vector Graphic - Stroke","hd":false},{"ty":"tr","p":{"a":0,"k":[89.72,445.237],"ix":2},"a":{"a":0,"k":[0,0],"ix":1},"s":{"a":0,"k":[100,100],"ix":3},"r":{"a":0,"k":0,"ix":6},"o":{"a":0,"k":100,"ix":7},"sk":{"a":0,"k":0,"ix":4},"sa":{"a":0,"k":0,"ix":5},"nm":"Transform"}],"nm":"Group 12","np":2,"cix":2,"bm":0,"ix":12,"mn":"ADBE Vector Group","hd":false},{"ty":"gr","it":[{"ind":0,"ty":"sh","ix":1,"ks":{"a":1,"k":[{"i":{"x":0.833,"y":0.833},"o":{"x":0.167,"y":0.167},"t":0,"s":[{"i":[[0,0],[102.334,25.944]],"o":[[0,0],[0,0]],"v":[[95.99,37.18],[-95.99,-37.18]],"c":false}]},{"i":{"x":0.833,"y":0.833},"o":{"x":0.167,"y":0.167},"t":10,"s":[{"i":[[0,0],[98.906,23.231]],"o":[[0,0],[0,0]],"v":[[385.124,148.471],[193.51,76.195]],"c":false}]},{"t":20,"s":[{"i":[[0,0],[95.478,20.517]],"o":[[0,0],[0,0]],"v":[[578.257,171.761],[411.01,125.57]],"c":false}]}],"ix":2},"nm":"Path 1","mn":"ADBE Vector Shape - Group","hd":false},{"ty":"st","c":{"a":0,"k":[0.090000002992,0.090000002992,0.090000002992,1],"ix":3},"o":{"a":0,"k":100,"ix":4},"w":{"a":0,"k":32,"ix":5},"lc":2,"lj":2,"bm":0,"nm":"Stroke 1","mn":"ADBE Vector Graphic - Stroke","hd":false},{"ty":"tr","p":{"a":0,"k":[340.418,232.983],"ix":2},"a":{"a":0,"k":[0,0],"ix":1},"s":{"a":0,"k":[100,100],"ix":3},"r":{"a":0,"k":0,"ix":6},"o":{"a":0,"k":100,"ix":7},"sk":{"a":0,"k":0,"ix":4},"sa":{"a":0,"k":0,"ix":5},"nm":"Transform"}],"nm":"Group 13","np":2,"cix":2,"bm":0,"ix":13,"mn":"ADBE Vector Group","hd":false},{"ty":"gr","it":[{"ind":0,"ty":"sh","ix":1,"ks":{"a":1,"k":[{"i":{"x":0.833,"y":0.833},"o":{"x":0.167,"y":0.167},"t":0,"s":[{"i":[[0,0],[109.128,17.562]],"o":[[0,0],[0,0]],"v":[[91.262,24.198],[-91.262,-24.198]],"c":false}]},{"i":{"x":0.833,"y":0.833},"o":{"x":0.167,"y":0.167},"t":10,"s":[{"i":[[0,0],[109.128,17.562]],"o":[[0,0],[0,0]],"v":[[162.038,56.061],[58.738,17.802]],"c":false}]},{"t":20,"s":[{"i":[[0,0],[109.128,17.562]],"o":[[0,0],[0,0]],"v":[[232.814,87.924],[112.738,-28.198]],"c":false}]}],"ix":2},"nm":"Path 1","mn":"ADBE Vector Shape - Group","hd":false},{"ty":"st","c":{"a":0,"k":[0.090000002992,0.090000002992,0.090000002992,1],"ix":3},"o":{"a":0,"k":100,"ix":4},"w":{"a":0,"k":32,"ix":5},"lc":2,"lj":2,"bm":0,"nm":"Stroke 1","mn":"ADBE Vector Graphic - Stroke","hd":false},{"ty":"tr","p":{"a":0,"k":[821.356,380.648],"ix":2},"a":{"a":0,"k":[0,0],"ix":1},"s":{"a":0,"k":[100,100],"ix":3},"r":{"a":0,"k":0,"ix":6},"o":{"a":0,"k":100,"ix":7},"sk":{"a":0,"k":0,"ix":4},"sa":{"a":0,"k":0,"ix":5},"nm":"Transform"}],"nm":"Group 14","np":2,"cix":2,"bm":0,"ix":14,"mn":"ADBE Vector Group","hd":false},{"ty":"tr","p":{"a":0,"k":[665.949,453.934],"ix":2},"a":{"a":0,"k":[665.949,453.934],"ix":1},"s":{"a":0,"k":[100,100],"ix":3},"r":{"a":0,"k":0,"ix":6},"o":{"a":0,"k":100,"ix":7},"sk":{"a":0,"k":0,"ix":4},"sa":{"a":0,"k":0,"ix":5},"nm":"Transform"}],"nm":"Group 1","np":14,"cix":2,"bm":0,"ix":1,"mn":"ADBE Vector Group","hd":false},{"ty":"gr","it":[{"ty":"gr","it":[{"ind":0,"ty":"sh","ix":1,"ks":{"a":1,"k":[{"i":{"x":0.833,"y":0.833},"o":{"x":0.167,"y":0.167},"t":0,"s":[{"i":[[-9.271,-12.235],[-2.984,-0.451],[-19.611,37.156],[-9.205,9.878],[-1.693,7.147],[24.423,-20.092]],"o":[[8.1,10.689],[2.984,0.451],[24.643,-46.69],[9.205,-9.878],[1.693,-7.147],[-45.953,37.803]],"v":[[-332.11,-30.289],[-251.699,-0.693],[-203.399,-76.756],[-146.215,-147.722],[-137.693,-267.574],[-273.433,-238.508]],"c":true}]},{"i":{"x":0.833,"y":0.833},"o":{"x":0.167,"y":0.167},"t":20,"s":[{"i":[[-6.63,-8.96],[-6.72,0],[-42.8,34.08],[-0.88,5.84],[-1.35,7.32],[52.83,-52.12]],"o":[[6.63,8.96],[6.72,0],[57.68,-46],[0.8,-5.84],[1.35,-7.32],[-54.894,54.156]],"v":[[-175.64,75.44],[-77.16,151.28],[14.76,61.04],[101.72,-5.84],[128.64,-194.28],[-109.84,-128.48]],"c":true}]},{"t":40,"s":[{"i":[[-6.63,-8.96],[-6.72,0],[-28.77,45.36],[-0.88,5.84],[7.429,0.462],[10.83,-16.62]],"o":[[6.63,8.96],[6.72,0],[39.516,-62.302],[0.8,-5.84],[-5.15,-0.32],[-4.867,7.469]],"v":[[242.36,272.94],[481.34,356.78],[550.26,256.54],[608.72,156.91],[456.64,-31.28],[236.66,41.02]],"c":true}]}],"ix":2},"nm":"Path 1","mn":"ADBE Vector Shape - Group","hd":false},{"ty":"fl","c":{"a":0,"k":[0.277999997606,0.298000021542,0.310000011968,1],"ix":4},"o":{"a":0,"k":100,"ix":5},"r":1,"bm":0,"nm":"Fill 1","mn":"ADBE Vector Graphic - Fill","hd":false},{"ty":"tr","p":{"a":0,"k":[171.416,209.17],"ix":2},"a":{"a":0,"k":[0,0],"ix":1},"s":{"a":0,"k":[100,100],"ix":3},"r":{"a":0,"k":0,"ix":6},"o":{"a":0,"k":100,"ix":7},"sk":{"a":0,"k":0,"ix":4},"sa":{"a":0,"k":0,"ix":5},"nm":"Transform"}],"nm":"Group 2","np":2,"cix":2,"bm":0,"ix":1,"mn":"ADBE Vector Group","hd":false},{"ty":"gr","it":[{"ind":0,"ty":"sh","ix":1,"ks":{"a":1,"k":[{"i":{"x":0.833,"y":0.833},"o":{"x":0.167,"y":0.167},"t":0,"s":[{"i":[[2.969,-1.907],[7.52,-32.64],[0,0],[-30.08,-43.04],[0,0],[-0.88,6.721],[7.91,42.92],[0.959,2.675],[9.345,24.393]],"o":[[-2.685,1.724],[-7.52,32.56],[0,0],[37.28,53.28],[0,0],[0.88,-6.72],[-9.114,-49.454],[-1.301,-3.631],[-7.259,-18.949]],"v":[[-259.894,-304.101],[-280.28,-178.44],[-281.96,-102.92],[-231.8,-1.8],[-169.04,60.08],[-172.92,-39.88],[-197.68,-136.56],[-220.891,-222.853],[-242.724,-260.506]],"c":true}]},{"i":{"x":0.833,"y":0.833},"o":{"x":0.167,"y":0.167},"t":10,"s":[{"i":[[4.005,-3.033],[11.509,-31.456],[0,0],[-33.816,-43.021],[0,0],[-0.198,5.272],[6.114,40.733],[3.419,2.533],[24.712,20.156]],"o":[[-3.622,2.743],[-17.49,47.8],[0,0],[41.881,53.28],[0,0],[0.198,-5.271],[-5.809,-38.697],[-3.66,-2.979],[-23.669,-17.434]],"v":[[-178.847,-246.511],[-232.28,-154.44],[-248.587,-40.92],[-219.237,42.2],[-135.813,118.58],[-45.058,15.469],[-78.265,-82.355],[-88.658,-189.665],[-130.182,-208.673]],"c":true}]},{"i":{"x":0.833,"y":0.833},"o":{"x":0.167,"y":0.167},"t":20,"s":[{"i":[[5.04,-4.16],[7.52,-32.64],[0,0],[-30.08,-43.04],[0,0],[-0.88,6.721],[13.36,48.48],[5.04,3.361],[40.08,15.92]],"o":[[-4.56,3.761],[-7.52,32.56],[0,0],[37.28,53.28],[0,0],[0.88,-6.72],[-13.36,-48.48],[-5.04,-3.36],[-40.08,-15.92]],"v":[[-97.8,-172.92],[-136.28,-78.44],[-147.96,-14.92],[-97.8,86.2],[-12.04,177.08],[147.08,122.12],[115.32,8.44],[94.44,-97.72],[-1.64,-132.84]],"c":true}]},{"t":40,"s":[{"i":[[5.04,-4.16],[41.01,-34.2],[0,0],[-29.884,-43.176],[-12.73,-10.72],[-0.88,6.721],[-3.09,41.42],[4.79,3.58],[53.37,9.7]],"o":[[-4.56,3.761],[-29.239,24.384],[0,0],[16.03,23.16],[159.27,2.28],[0.88,-6.72],[3.502,-46.951],[-5.222,-3.903],[-44.653,-8.116]],"v":[[488.2,17.08],[393.22,96.06],[306.54,173.08],[361.2,258.2],[410.96,312.08],[650.58,237.12],[650.82,153.94],[658.44,47.78],[571.36,30.16]],"c":true}]}],"ix":2},"nm":"Path 1","mn":"ADBE Vector Shape - Group","hd":false},{"ty":"fl","c":{"a":0,"k":[0.277999997606,0.298000021542,0.310000011968,1],"ix":4},"o":{"a":0,"k":100,"ix":5},"r":1,"bm":0,"nm":"Fill 1","mn":"ADBE Vector Graphic - Fill","hd":false},{"ty":"tr","p":{"a":0,"k":[191.176,697.209],"ix":2},"a":{"a":0,"k":[0,0],"ix":1},"s":{"a":0,"k":[100,100],"ix":3},"r":{"a":0,"k":0,"ix":6},"o":{"a":0,"k":100,"ix":7},"sk":{"a":0,"k":0,"ix":4},"sa":{"a":0,"k":0,"ix":5},"nm":"Transform"}],"nm":"Group 3","np":2,"cix":2,"bm":0,"ix":2,"mn":"ADBE Vector Group","hd":false},{"ty":"gr","it":[{"ind":0,"ty":"sh","ix":1,"ks":{"a":1,"k":[{"i":{"x":0.833,"y":0.833},"o":{"x":0.167,"y":0.167},"t":0,"s":[{"i":[[0,0],[107.874,-74.993]],"o":[[0,0],[0,0]],"v":[[-96.019,-161.282],[-365.98,-114.718]],"c":false}]},{"i":{"x":0.833,"y":0.833},"o":{"x":0.167,"y":0.167},"t":10,"s":[{"i":[[0,0],[64.198,-71.518]],"o":[[0,0],[0,0]],"v":[[-38.019,-116.282],[-188.98,-5.718]],"c":false}]},{"i":{"x":0.833,"y":0.833},"o":{"x":0.167,"y":0.167},"t":20,"s":[{"i":[[0,0],[20.521,-68.042]],"o":[[0,0],[0,0]],"v":[[19.981,-71.282],[-19.98,71.282]],"c":false}]},{"t":40,"s":[{"i":[[0,0],[-66.803,-99.469]],"o":[[0,0],[0,0]],"v":[[174.303,-62.757],[324.697,93.757]],"c":false}]}],"ix":2},"nm":"Path 1","mn":"ADBE Vector Shape - Group","hd":false},{"ty":"st","c":{"a":0,"k":[0.090000002992,0.090000002992,0.090000002992,1],"ix":3},"o":{"a":0,"k":100,"ix":4},"w":{"a":0,"k":32,"ix":5},"lc":2,"lj":2,"bm":0,"nm":"Stroke 1","mn":"ADBE Vector Graphic - Stroke","hd":false},{"ty":"tr","p":{"a":0,"k":[633.512,151.281],"ix":2},"a":{"a":0,"k":[0,0],"ix":1},"s":{"a":0,"k":[100,100],"ix":3},"r":{"a":0,"k":0,"ix":6},"o":{"a":0,"k":100,"ix":7},"sk":{"a":0,"k":0,"ix":4},"sa":{"a":0,"k":0,"ix":5},"nm":"Transform"}],"nm":"Group 8","np":2,"cix":2,"bm":0,"ix":3,"mn":"ADBE Vector Group","hd":false},{"ty":"gr","it":[{"ind":0,"ty":"sh","ix":1,"ks":{"a":1,"k":[{"i":{"x":0.833,"y":0.833},"o":{"x":0.167,"y":0.167},"t":0,"s":[{"i":[[0,0],[0,0],[0,0],[-97,-48]],"o":[[13.921,29.035],[0,0],[0,0],[68.867,34.078]],"v":[[-430.842,-210.381],[-359.158,-152.619],[-264.921,21.654],[-162.922,122.654]],"c":false}]},{"i":{"x":0.833,"y":0.833},"o":{"x":0.167,"y":0.167},"t":10,"s":[{"i":[[0,0],[0,0],[0,0],[21.044,-20.69]],"o":[[53.865,46.307],[0,0],[0,0],[-12.934,14.663]],"v":[[-303.036,-145.054],[-113.809,-52.267],[-3.829,90.84],[-25.08,143.122]],"c":false}]},{"i":{"x":0.833,"y":0.833},"o":{"x":0.167,"y":0.167},"t":20,"s":[{"i":[[0,0],[0,0],[0,0],[137.921,10.035]],"o":[[125.011,67.117],[0,0],[0,0],[-94.356,-6.865]],"v":[[-120.842,-39.381],[120.842,39.381],[197.158,122.619],[3.158,166.619]],"c":false}]},{"t":40,"s":[{"i":[[0,0],[0,0],[0,0],[0,0]],"o":[[125.011,67.117],[0,0],[0,0],[0,0]],"v":[[382.658,75.619],[514.842,217.381],[382.658,75.619],[382.658,75.619]],"c":false}]}],"ix":2},"nm":"Path 1","mn":"ADBE Vector Shape - Group","hd":false},{"ty":"st","c":{"a":0,"k":[0.090000002992,0.090000002992,0.090000002992,1],"ix":3},"o":{"a":0,"k":100,"ix":4},"w":{"a":0,"k":32,"ix":5},"lc":2,"lj":2,"bm":0,"nm":"Stroke 1","mn":"ADBE Vector Graphic - Stroke","hd":false},{"ty":"tr","p":{"a":0,"k":[422.327,838.916],"ix":2},"a":{"a":0,"k":[0,0],"ix":1},"s":{"a":0,"k":[100,100],"ix":3},"r":{"a":0,"k":0,"ix":6},"o":{"a":0,"k":100,"ix":7},"sk":{"a":0,"k":0,"ix":4},"sa":{"a":0,"k":0,"ix":5},"nm":"Transform"}],"nm":"Group 9","np":2,"cix":2,"bm":0,"ix":4,"mn":"ADBE Vector Group","hd":false},{"ty":"gr","it":[{"ind":0,"ty":"sh","ix":1,"ks":{"a":1,"k":[{"i":{"x":0.833,"y":0.833},"o":{"x":0.167,"y":0.167},"t":0,"s":[{"i":[[0,0],[-66.608,58.386]],"o":[[0,0],[0,0]],"v":[[-400.491,-53.547],[-351.41,-264.453]],"c":false}]},{"i":{"x":0.833,"y":0.833},"o":{"x":0.167,"y":0.167},"t":10,"s":[{"i":[[0,0],[-66.608,58.386]],"o":[[0,0],[0,0]],"v":[[-270.16,-11.382],[-124.41,-158.453]],"c":false}]},{"i":{"x":0.833,"y":0.833},"o":{"x":0.167,"y":0.167},"t":20,"s":[{"i":[[0,0],[-66.608,58.386]],"o":[[0,0],[0,0]],"v":[[-94.59,84.453],[94.59,-84.453]],"c":false}]},{"t":40,"s":[{"i":[[0,0],[-41.458,71.725]],"o":[[0,0],[0,0]],"v":[[462.91,234.953],[591.09,64.047]],"c":false}]}],"ix":2},"nm":"Path 1","mn":"ADBE Vector Shape - Group","hd":false},{"ty":"st","c":{"a":0,"k":[0.090000002992,0.090000002992,0.090000002992,1],"ix":3},"o":{"a":0,"k":100,"ix":4},"w":{"a":0,"k":32,"ix":5},"lc":2,"lj":2,"bm":0,"nm":"Stroke 1","mn":"ADBE Vector Graphic - Stroke","hd":false},{"ty":"tr","p":{"a":0,"k":[357.274,538.798],"ix":2},"a":{"a":0,"k":[0,0],"ix":1},"s":{"a":0,"k":[100,100],"ix":3},"r":{"a":0,"k":0,"ix":6},"o":{"a":0,"k":100,"ix":7},"sk":{"a":0,"k":0,"ix":4},"sa":{"a":0,"k":0,"ix":5},"nm":"Transform"}],"nm":"Group 11","np":2,"cix":2,"bm":0,"ix":5,"mn":"ADBE Vector Group","hd":false},{"ty":"gr","it":[{"ind":0,"ty":"sh","ix":1,"ks":{"a":1,"k":[{"i":{"x":0.833,"y":0.833},"o":{"x":0.167,"y":0.167},"t":0,"s":[{"i":[[0,0],[-11.447,-49.346]],"o":[[0,0],[0,0]],"v":[[-170.716,-268.647],[-154.867,-33.321]],"c":false}]},{"i":{"x":0.833,"y":0.833},"o":{"x":0.167,"y":0.167},"t":10,"s":[{"i":[[0,0],[-15.444,-78.485]],"o":[[0,0],[0,0]],"v":[[-83.07,-194.36],[-72.573,35.376]],"c":false}]},{"i":{"x":0.833,"y":0.833},"o":{"x":0.167,"y":0.167},"t":20,"s":[{"i":[[0,0],[-19.441,-107.623]],"o":[[0,0],[0,0]],"v":[[4.576,-120.072],[9.721,120.072]],"c":false}]},{"t":40,"s":[{"i":[[0,0],[-1.035,-99.239]],"o":[[0,0],[0,0]],"v":[[555.576,88.928],[595.721,310.072]],"c":false}]}],"ix":2},"nm":"Path 1","mn":"ADBE Vector Shape - Group","hd":false},{"ty":"st","c":{"a":0,"k":[0.090000002992,0.090000002992,0.090000002992,1],"ix":3},"o":{"a":0,"k":100,"ix":4},"w":{"a":0,"k":32,"ix":5},"lc":2,"lj":2,"bm":0,"nm":"Stroke 1","mn":"ADBE Vector Graphic - Stroke","hd":false},{"ty":"tr","p":{"a":0,"k":[89.72,445.237],"ix":2},"a":{"a":0,"k":[0,0],"ix":1},"s":{"a":0,"k":[100,100],"ix":3},"r":{"a":0,"k":0,"ix":6},"o":{"a":0,"k":100,"ix":7},"sk":{"a":0,"k":0,"ix":4},"sa":{"a":0,"k":0,"ix":5},"nm":"Transform"}],"nm":"Group 12","np":2,"cix":2,"bm":0,"ix":6,"mn":"ADBE Vector Group","hd":false},{"ty":"gr","it":[{"ind":0,"ty":"sh","ix":1,"ks":{"a":1,"k":[{"i":{"x":0.833,"y":0.833},"o":{"x":0.167,"y":0.167},"t":0,"s":[{"i":[[0,0],[15.74,9.381]],"o":[[0,0],[0,0]],"v":[[-252.01,-142.82],[-336.752,-185.795]],"c":false}]},{"i":{"x":0.833,"y":0.833},"o":{"x":0.167,"y":0.167},"t":10,"s":[{"i":[[0,0],[59.037,17.663]],"o":[[0,0],[0,0]],"v":[[-74.01,-36.82],[-216.371,-111.488]],"c":false}]},{"i":{"x":0.833,"y":0.833},"o":{"x":0.167,"y":0.167},"t":20,"s":[{"i":[[0,0],[102.334,25.944]],"o":[[0,0],[0,0]],"v":[[95.99,37.18],[-95.99,-37.18]],"c":false}]},{"t":40,"s":[{"i":[[0,0],[95.478,20.517]],"o":[[0,0],[0,0]],"v":[[578.257,171.761],[411.01,125.57]],"c":false}]}],"ix":2},"nm":"Path 1","mn":"ADBE Vector Shape - Group","hd":false},{"ty":"st","c":{"a":0,"k":[0.090000002992,0.090000002992,0.090000002992,1],"ix":3},"o":{"a":0,"k":100,"ix":4},"w":{"a":0,"k":32,"ix":5},"lc":2,"lj":2,"bm":0,"nm":"Stroke 1","mn":"ADBE Vector Graphic - Stroke","hd":false},{"ty":"tr","p":{"a":0,"k":[340.418,232.983],"ix":2},"a":{"a":0,"k":[0,0],"ix":1},"s":{"a":0,"k":[100,100],"ix":3},"r":{"a":0,"k":0,"ix":6},"o":{"a":0,"k":100,"ix":7},"sk":{"a":0,"k":0,"ix":4},"sa":{"a":0,"k":0,"ix":5},"nm":"Transform"}],"nm":"Group 13","np":2,"cix":2,"bm":0,"ix":7,"mn":"ADBE Vector Group","hd":false},{"ty":"tr","p":{"a":0,"k":[269.327,486.003],"ix":2},"a":{"a":0,"k":[269.327,486.003],"ix":1},"s":{"a":0,"k":[100,100],"ix":3},"r":{"a":0,"k":0,"ix":6},"o":{"a":0,"k":100,"ix":7},"sk":{"a":0,"k":0,"ix":4},"sa":{"a":0,"k":0,"ix":5},"nm":"Transform"}],"nm":"Group 2","np":7,"cix":2,"bm":0,"ix":2,"mn":"ADBE Vector Group","hd":false}],"ip":0,"op":20,"st":0,"bm":0}]}],"layers":[{"ddd":0,"ind":1,"ty":4,"nm":"mask","parent":3,"td":1,"sr":1,"ks":{"o":{"a":0,"k":100,"ix":11},"r":{"a":0,"k":0,"ix":10},"p":{"a":0,"k":[-16.36,-480.28,0],"ix":2,"l":2},"a":{"a":0,"k":[490.21,482.29,0],"ix":1,"l":2},"s":{"a":0,"k":[100,100,100],"ix":6,"l":2}},"ao":0,"shapes":[{"ty":"gr","it":[{"ind":0,"ty":"sh","ix":1,"ks":{"a":0,"k":{"i":[[261.92,3.76],[-14.16,-260.24],[-256.32,1.761],[5.6,288.32]],"o":[[-284.16,-4],[16.72,306.481],[269.28,-1.84],[-5.52,-287.84]],"v":[[5.24,-478.041],[-475.8,21.559],[16.36,480.28],[484.36,-0.76]],"c":true},"ix":2},"nm":"Path 1","mn":"ADBE Vector Shape - Group","hd":false},{"ty":"fl","c":{"a":0,"k":[0.118000000598,0.642999985639,0,1],"ix":4},"o":{"a":0,"k":100,"ix":5},"r":1,"bm":0,"nm":"Fill 1","mn":"ADBE Vector Graphic - Fill","hd":false},{"ty":"tr","p":{"a":0,"k":[490.21,482.29],"ix":2},"a":{"a":0,"k":[0,0],"ix":1},"s":{"a":0,"k":[100,100],"ix":3},"r":{"a":0,"k":0,"ix":6},"o":{"a":0,"k":100,"ix":7},"sk":{"a":0,"k":0,"ix":4},"sa":{"a":0,"k":0,"ix":5},"nm":"Transform"}],"nm":"Group 1","np":2,"cix":2,"bm":0,"ix":1,"mn":"ADBE Vector Group","hd":false},{"ty":"st","c":{"a":0,"k":[0.117647066303,0.643137254902,0,1],"ix":3},"o":{"a":0,"k":100,"ix":4},"w":{"a":0,"k":29,"ix":5},"lc":1,"lj":1,"ml":4,"bm":0,"nm":"Stroke 1","mn":"ADBE Vector Graphic - Stroke","hd":false}],"ip":0,"op":120,"st":0,"bm":0},{"ddd":0,"ind":2,"ty":0,"nm":"emoji_90_soccer-ball_v001","tt":1,"refId":"comp_0","sr":1,"ks":{"o":{"a":0,"k":100,"ix":11},"r":{"a":0,"k":0,"ix":10},"p":{"a":0,"k":[512,512,0],"ix":2,"l":2},"a":{"a":0,"k":[512,512,0],"ix":1,"l":2},"s":{"a":0,"k":[100,100,100],"ix":6,"l":2}},"ao":0,"w":1024,"h":1024,"ip":0,"op":120,"st":0,"bm":0},{"ddd":0,"ind":3,"ty":3,"nm":"Null Bounce","sr":1,"ks":{"o":{"a":0,"k":100,"ix":11},"r":{"a":0,"k":0,"ix":10},"p":{"s":true,"x":{"a":0,"k":523.97,"ix":3},"y":{"a":1,"k":[{"i":{"x":[0.667],"y":[1]},"o":{"x":[0.333],"y":[0]},"t":0,"s":[990.8]},{"i":{"x":[0.833],"y":[1]},"o":{"x":[0.333],"y":[0]},"t":10,"s":[990.8]},{"i":{"x":[0.5],"y":[1]},"o":{"x":[0.167],"y":[0.167]},"t":20,"s":[990.8]},{"i":{"x":[0.833],"y":[0.833]},"o":{"x":[0.5],"y":[0]},"t":33,"s":[922.8]},{"i":{"x":[0.667],"y":[1]},"o":{"x":[0.167],"y":[0]},"t":46,"s":[990.8]},{"i":{"x":[0.667],"y":[1]},"o":{"x":[0.333],"y":[0]},"t":50,"s":[990.8]},{"i":{"x":[0.667],"y":[1]},"o":{"x":[0.333],"y":[0]},"t":60,"s":[962.8]},{"i":{"x":[0.667],"y":[1]},"o":{"x":[0.333],"y":[0]},"t":70,"s":[990.8]},{"i":{"x":[0.667],"y":[1]},"o":{"x":[0.333],"y":[0]},"t":80,"s":[974.8]},{"t":93,"s":[990.8]}],"ix":4}},"a":{"a":0,"k":[0,0,0],"ix":1,"l":2},"s":{"a":1,"k":[{"i":{"x":[0.667,0.667,0.667],"y":[1,1,1]},"o":{"x":[0.333,0.333,0.333],"y":[0,0,0]},"t":0,"s":[100,100,100]},{"i":{"x":[0.833,0.833,0.833],"y":[0.833,0.833,1]},"o":{"x":[0.333,0.333,0.333],"y":[0,0,0]},"t":10,"s":[105,80,100]},{"i":{"x":[0.5,0.5,0.667],"y":[1,1,1]},"o":{"x":[0.167,0.167,0.167],"y":[0.167,0.167,0]},"t":20,"s":[85,102,100]},{"i":{"x":[0.833,0.833,0.833],"y":[0.833,0.833,1]},"o":{"x":[0.445,0.445,0.307],"y":[0,0,0]},"t":33,"s":[102,95,100]},{"i":{"x":[0.667,0.667,0.667],"y":[1,1,1]},"o":{"x":[0.167,0.167,0.167],"y":[0,0,0]},"t":41,"s":[100,100,100]},{"i":{"x":[0.667,0.667,0.667],"y":[1,1,1]},"o":{"x":[0.333,0.333,0.333],"y":[0,0,0]},"t":46,"s":[100,100,100]},{"i":{"x":[0.667,0.667,0.667],"y":[1,1,1]},"o":{"x":[0.333,0.333,0.333],"y":[0,0,0]},"t":50,"s":[104,90,100]},{"i":{"x":[0.667,0.667,0.667],"y":[1,1,1]},"o":{"x":[0.333,0.333,0.333],"y":[0,0,0]},"t":60,"s":[100,100,100]},{"i":{"x":[0.667,0.667,0.667],"y":[1,1,1]},"o":{"x":[0.333,0.333,0.333],"y":[0,0,0]},"t":70,"s":[102,95,100]},{"t":80,"s":[100,100,100]}],"ix":6,"l":2}},"ao":0,"ip":0,"op":120,"st":0,"bm":0}],"markers":[{"tm":119,"cm":"rest","dr":0}]}