{"v":"5.8.1","fr":60,"ip":0,"op":136,"w":1024,"h":1024,"nm":"emoji_Trophy ","ddd":0,"assets":[{"id":"comp_0","nm":"Confetti","fr":60,"layers":[{"ddd":0,"ind":1,"ty":4,"nm":"Layer 320 Outlines 2","sr":1,"ks":{"o":{"a":0,"k":100,"ix":11},"r":{"a":1,"k":[{"i":{"x":[0.833],"y":[0.833]},"o":{"x":[0.167],"y":[0.167]},"t":48,"s":[0]},{"t":118,"s":[-150]}],"ix":10},"p":{"a":1,"k":[{"i":{"x":0.833,"y":0.833},"o":{"x":0.167,"y":0.167},"t":48,"s":[723.341,-98.565,0],"to":[-283.333,345.333,0],"ti":[347.333,-613.333,0]},{"t":118,"s":[631.341,1157.435,0]}],"ix":2,"l":2},"a":{"a":0,"k":[49.239,49.161,0],"ix":1,"l":2},"s":{"a":1,"k":[{"i":{"x":[0.667,0.667,0.667],"y":[1,1,1]},"o":{"x":[0.333,0.333,0.333],"y":[0,0,0]},"t":52,"s":[142,142,100]},{"t":86,"s":[142,-142,100]}],"ix":6,"l":2}},"ao":0,"shapes":[{"ty":"gr","it":[{"ind":0,"ty":"sh","ix":1,"ks":{"a":0,"k":{"i":[[0,0],[0,0],[0,0],[0,0]],"o":[[0,0],[0,0],[0,0],[0,0]],"v":[[-48.989,-6.356],[-6.928,-48.911],[48.989,6.356],[6.928,48.911]],"c":true},"ix":2},"nm":"Path 1","mn":"ADBE Vector Shape - Group","hd":false},{"ty":"fl","c":{"a":0,"k":[1,0.560784313725,0,1],"ix":4},"o":{"a":0,"k":100,"ix":5},"r":1,"bm":0,"nm":"Fill 1","mn":"ADBE Vector Graphic - Fill","hd":false},{"ty":"tr","p":{"a":0,"k":[49.239,49.162],"ix":2},"a":{"a":0,"k":[0,0],"ix":1},"s":{"a":0,"k":[100,100],"ix":3},"r":{"a":0,"k":0,"ix":6},"o":{"a":0,"k":100,"ix":7},"sk":{"a":0,"k":0,"ix":4},"sa":{"a":0,"k":0,"ix":5},"nm":"Transform"}],"nm":"Group 1","np":2,"cix":2,"bm":0,"ix":1,"mn":"ADBE Vector Group","hd":false}],"ip":48,"op":132,"st":48,"bm":0},{"ddd":0,"ind":2,"ty":4,"nm":"Layer 305 Outlines 3","sr":1,"ks":{"o":{"a":0,"k":100,"ix":11},"r":{"a":1,"k":[{"i":{"x":[0.833],"y":[0.833]},"o":{"x":[0.167],"y":[0.167]},"t":58,"s":[135.13]},{"t":120,"s":[545.13]}],"ix":10},"p":{"a":1,"k":[{"i":{"x":0.833,"y":0.833},"o":{"x":0.167,"y":0.167},"t":58,"s":[375.673,-66.997,0],"to":[-193.333,516,0],"ti":[101.333,-456,0]},{"t":120,"s":[463.673,1133.003,0]}],"ix":2,"l":2},"a":{"a":0,"k":[33.079,42.573,0],"ix":1,"l":2},"s":{"a":1,"k":[{"i":{"x":[0.667,0.667,0.667],"y":[1,1,1]},"o":{"x":[0.333,0.333,0.333],"y":[0,0,0]},"t":65,"s":[87,87,100]},{"t":120,"s":[-147,87,100]}],"ix":6,"l":2}},"ao":0,"shapes":[{"ty":"gr","it":[{"ind":0,"ty":"sh","ix":1,"ks":{"a":0,"k":{"i":[[0,0],[0,0],[0,0],[0,0]],"o":[[0,0],[0,0],[0,0],[0,0]],"v":[[32.829,41.775],[-32.12,42.324],[-32.829,-41.775],[32.12,-42.324]],"c":true},"ix":2},"nm":"Path 1","mn":"ADBE Vector Shape - Group","hd":false},{"ty":"fl","c":{"a":0,"k":[0.16862745098,0.737254901961,1,1],"ix":4},"o":{"a":0,"k":100,"ix":5},"r":1,"bm":0,"nm":"Fill 1","mn":"ADBE Vector Graphic - Fill","hd":false},{"ty":"tr","p":{"a":0,"k":[33.079,42.573],"ix":2},"a":{"a":0,"k":[0,0],"ix":1},"s":{"a":0,"k":[100,100],"ix":3},"r":{"a":0,"k":0,"ix":6},"o":{"a":0,"k":100,"ix":7},"sk":{"a":0,"k":0,"ix":4},"sa":{"a":0,"k":0,"ix":5},"nm":"Transform"}],"nm":"Group 1","np":2,"cix":2,"bm":0,"ix":1,"mn":"ADBE Vector Group","hd":false}],"ip":48,"op":132,"st":20,"bm":0},{"ddd":0,"ind":3,"ty":4,"nm":"Layer 337 Outlines 2","sr":1,"ks":{"o":{"a":0,"k":100,"ix":11},"r":{"a":1,"k":[{"i":{"x":[0.833],"y":[0.833]},"o":{"x":[0.167],"y":[0.167]},"t":42,"s":[0]},{"t":90,"s":[199]}],"ix":10},"p":{"a":1,"k":[{"i":{"x":0.833,"y":0.833},"o":{"x":0.167,"y":0.167},"t":42,"s":[727.651,-104.797,0],"to":[212,563.333,0],"ti":[-132,-555.333,0]},{"t":90,"s":[727.651,1187.203,0]}],"ix":2,"l":2},"a":{"a":0,"k":[53.364,51.983,0],"ix":1,"l":2},"s":{"a":0,"k":[92,92,100],"ix":6,"l":2}},"ao":0,"shapes":[{"ty":"gr","it":[{"ind":0,"ty":"sh","ix":1,"ks":{"a":0,"k":{"i":[[0,0],[0,0],[0,0],[0,0]],"o":[[0,0],[0,0],[0,0],[0,0]],"v":[[53.114,1.363],[12.108,51.734],[-53.114,-1.363],[-12.108,-51.734]],"c":true},"ix":2},"nm":"Path 1","mn":"ADBE Vector Shape - Group","hd":false},{"ty":"fl","c":{"a":0,"k":[1,0.850980451995,0,1],"ix":4},"o":{"a":0,"k":100,"ix":5},"r":1,"bm":0,"nm":"Fill 1","mn":"ADBE Vector Graphic - Fill","hd":false},{"ty":"tr","p":{"a":0,"k":[53.364,51.984],"ix":2},"a":{"a":0,"k":[0,0],"ix":1},"s":{"a":0,"k":[100,100],"ix":3},"r":{"a":0,"k":0,"ix":6},"o":{"a":0,"k":100,"ix":7},"sk":{"a":0,"k":0,"ix":4},"sa":{"a":0,"k":0,"ix":5},"nm":"Transform"}],"nm":"Group 1","np":2,"cix":2,"bm":0,"ix":1,"mn":"ADBE Vector Group","hd":false}],"ip":42,"op":132,"st":42,"bm":0},{"ddd":0,"ind":4,"ty":4,"nm":"Layer 351 Outlines 2","sr":1,"ks":{"o":{"a":0,"k":100,"ix":11},"r":{"a":1,"k":[{"i":{"x":[0.833],"y":[0.833]},"o":{"x":[0.167],"y":[0.167]},"t":38,"s":[0]},{"t":104,"s":[265]}],"ix":10},"p":{"a":1,"k":[{"i":{"x":0.833,"y":0.833},"o":{"x":0.167,"y":0.167},"t":38,"s":[459.556,-68.966,0],"to":[252.667,453.333,0],"ti":[-232.667,-505.333,0]},{"t":104,"s":[487.556,1115.034,0]}],"ix":2,"l":2},"a":{"a":0,"k":[52.302,47.918,0],"ix":1,"l":2},"s":{"a":1,"k":[{"i":{"x":[0.667,0.667,0.667],"y":[1,1,1]},"o":{"x":[0.333,0.333,0.333],"y":[0,0,0]},"t":54,"s":[83,83,100]},{"t":104,"s":[-195,83,100]}],"ix":6,"l":2}},"ao":0,"shapes":[{"ty":"gr","it":[{"ind":0,"ty":"sh","ix":1,"ks":{"a":0,"k":{"i":[[0,0],[0,0],[0,0],[0,0]],"o":[[0,0],[0,0],[0,0],[0,0]],"v":[[23.467,-47.669],[52.053,10.655],[-23.467,47.669],[-52.053,-10.654]],"c":true},"ix":2},"nm":"Path 1","mn":"ADBE Vector Shape - Group","hd":false},{"ty":"fl","c":{"a":0,"k":[1,0.850980451995,0,1],"ix":4},"o":{"a":0,"k":100,"ix":5},"r":1,"bm":0,"nm":"Fill 1","mn":"ADBE Vector Graphic - Fill","hd":false},{"ty":"tr","p":{"a":0,"k":[52.302,47.919],"ix":2},"a":{"a":0,"k":[0,0],"ix":1},"s":{"a":0,"k":[100,100],"ix":3},"r":{"a":0,"k":0,"ix":6},"o":{"a":0,"k":100,"ix":7},"sk":{"a":0,"k":0,"ix":4},"sa":{"a":0,"k":0,"ix":5},"nm":"Transform"}],"nm":"Group 1","np":2,"cix":2,"bm":0,"ix":1,"mn":"ADBE Vector Group","hd":false}],"ip":38,"op":128,"st":38,"bm":0},{"ddd":0,"ind":5,"ty":4,"nm":"Layer 356 Outlines 2","sr":1,"ks":{"o":{"a":0,"k":100,"ix":11},"r":{"a":1,"k":[{"i":{"x":[0.833],"y":[0.833]},"o":{"x":[0.167],"y":[0.167]},"t":38,"s":[0]},{"t":106,"s":[-316]}],"ix":10},"p":{"a":1,"k":[{"i":{"x":0.833,"y":0.833},"o":{"x":0.167,"y":0.167},"t":38,"s":[167.64,-54.579,0],"to":[-189.333,446,0],"ti":[185.333,-502,0]},{"t":106,"s":[135.64,1205.421,0]}],"ix":2,"l":2},"a":{"a":0,"k":[44.322,46.147,0],"ix":1,"l":2},"s":{"a":1,"k":[{"i":{"x":[0.667,0.667,0.667],"y":[1,1,1]},"o":{"x":[0.333,0.333,0.333],"y":[0,0,0]},"t":38,"s":[100,100,100]},{"t":106,"s":[100,-100,100]}],"ix":6,"l":2}},"ao":0,"shapes":[{"ty":"gr","it":[{"ind":0,"ty":"sh","ix":1,"ks":{"a":0,"k":{"i":[[0,0],[0,0],[0,0],[0,0]],"o":[[0,0],[0,0],[0,0],[0,0]],"v":[[-9.559,45.897],[-44.072,-15.985],[9.559,-45.897],[44.072,15.986]],"c":true},"ix":2},"nm":"Path 1","mn":"ADBE Vector Shape - Group","hd":false},{"ty":"fl","c":{"a":0,"k":[1,0.560999971278,0,1],"ix":4},"o":{"a":0,"k":100,"ix":5},"r":1,"bm":0,"nm":"Fill 1","mn":"ADBE Vector Graphic - Fill","hd":false},{"ty":"tr","p":{"a":0,"k":[44.322,46.147],"ix":2},"a":{"a":0,"k":[0,0],"ix":1},"s":{"a":0,"k":[100,100],"ix":3},"r":{"a":0,"k":0,"ix":6},"o":{"a":0,"k":100,"ix":7},"sk":{"a":0,"k":0,"ix":4},"sa":{"a":0,"k":0,"ix":5},"nm":"Transform"}],"nm":"Group 1","np":2,"cix":2,"bm":0,"ix":1,"mn":"ADBE Vector Group","hd":false}],"ip":38,"op":128,"st":38,"bm":0},{"ddd":0,"ind":6,"ty":4,"nm":"Layer 310 Outlines 2","sr":1,"ks":{"o":{"a":0,"k":100,"ix":11},"r":{"a":1,"k":[{"i":{"x":[0.833],"y":[0.833]},"o":{"x":[0.167],"y":[0.167]},"t":46,"s":[0]},{"t":118,"s":[349]}],"ix":10},"p":{"a":1,"k":[{"i":{"x":0.833,"y":0.833},"o":{"x":0.167,"y":0.167},"t":46,"s":[861.471,-161.528,0],"to":[198,593.333,0],"ti":[-282,-481.333,0]},{"t":118,"s":[897.471,1118.472,0]}],"ix":2,"l":2},"a":{"a":0,"k":[53.093,49.979,0],"ix":1,"l":2},"s":{"a":1,"k":[{"i":{"x":[0.667,0.667,0.667],"y":[1,1,1]},"o":{"x":[0.333,0.333,0.333],"y":[0,0,0]},"t":46,"s":[100,100,100]},{"t":118,"s":[-100,100,100]}],"ix":6,"l":2}},"ao":0,"shapes":[{"ty":"gr","it":[{"ind":0,"ty":"sh","ix":1,"ks":{"a":0,"k":{"i":[[0,0],[0,0],[0,0],[0,0]],"o":[[0,0],[0,0],[0,0],[0,0]],"v":[[52.843,-5.53],[18.708,49.729],[-52.843,5.53],[-18.708,-49.729]],"c":true},"ix":2},"nm":"Path 1","mn":"ADBE Vector Shape - Group","hd":false},{"ty":"fl","c":{"a":0,"k":[1,0.16862745098,0.16862745098,1],"ix":4},"o":{"a":0,"k":100,"ix":5},"r":1,"bm":0,"nm":"Fill 1","mn":"ADBE Vector Graphic - Fill","hd":false},{"ty":"tr","p":{"a":0,"k":[53.093,49.979],"ix":2},"a":{"a":0,"k":[0,0],"ix":1},"s":{"a":0,"k":[100,100],"ix":3},"r":{"a":0,"k":0,"ix":6},"o":{"a":0,"k":100,"ix":7},"sk":{"a":0,"k":0,"ix":4},"sa":{"a":0,"k":0,"ix":5},"nm":"Transform"}],"nm":"Group 1","np":2,"cix":2,"bm":0,"ix":1,"mn":"ADBE Vector Group","hd":false}],"ip":46,"op":136,"st":46,"bm":0},{"ddd":0,"ind":7,"ty":4,"nm":"Layer 306 Outlines 2","sr":1,"ks":{"o":{"a":0,"k":100,"ix":11},"r":{"a":1,"k":[{"i":{"x":[0.833],"y":[0.833]},"o":{"x":[0.167],"y":[0.167]},"t":48,"s":[0]},{"t":118,"s":[-550]}],"ix":10},"p":{"a":1,"k":[{"i":{"x":0.833,"y":0.833},"o":{"x":0.167,"y":0.167},"t":48,"s":[209.003,-71.925,0],"to":[-0.667,200.667,0],"ti":[-155.333,-720.667,0]},{"t":118,"s":[205.003,1132.075,0]}],"ix":2,"l":2},"a":{"a":0,"k":[36.64,40.471,0],"ix":1,"l":2},"s":{"a":1,"k":[{"i":{"x":[0.667,0.667,0.667],"y":[1,1,1]},"o":{"x":[0.333,0.333,0.333],"y":[0,0,0]},"t":48,"s":[100,100,100]},{"t":108,"s":[100,-100,100]}],"ix":6,"l":2}},"ao":0,"shapes":[{"ty":"gr","it":[{"ind":0,"ty":"sh","ix":1,"ks":{"a":0,"k":{"i":[[0,0],[0,0],[0,0],[0,0]],"o":[[0,0],[0,0],[0,0],[0,0]],"v":[[-36.389,29.559],[-24.088,-40.221],[36.389,-29.559],[24.086,40.221]],"c":true},"ix":2},"nm":"Path 1","mn":"ADBE Vector Shape - Group","hd":false},{"ty":"fl","c":{"a":0,"k":[1,0.16862745098,0.16862745098,1],"ix":4},"o":{"a":0,"k":100,"ix":5},"r":1,"bm":0,"nm":"Fill 1","mn":"ADBE Vector Graphic - Fill","hd":false},{"ty":"tr","p":{"a":0,"k":[36.639,40.471],"ix":2},"a":{"a":0,"k":[0,0],"ix":1},"s":{"a":0,"k":[100,100],"ix":3},"r":{"a":0,"k":0,"ix":6},"o":{"a":0,"k":100,"ix":7},"sk":{"a":0,"k":0,"ix":4},"sa":{"a":0,"k":0,"ix":5},"nm":"Transform"}],"nm":"Group 1","np":2,"cix":2,"bm":0,"ix":1,"mn":"ADBE Vector Group","hd":false}],"ip":48,"op":138,"st":48,"bm":0}]}],"layers":[{"ddd":0,"ind":1,"ty":4,"nm":"confetti","sr":1,"ks":{"o":{"a":0,"k":100,"ix":11},"r":{"a":1,"k":[{"i":{"x":[0.833],"y":[0.833]},"o":{"x":[0.167],"y":[0.167]},"t":70,"s":[0]},{"t":140,"s":[-150]}],"ix":10},"p":{"a":1,"k":[{"i":{"x":0.833,"y":0.833},"o":{"x":0.167,"y":0.167},"t":70,"s":[723.341,-98.565,0],"to":[-283.333,345.333,0],"ti":[347.333,-613.333,0]},{"t":140,"s":[631.341,1157.435,0]}],"ix":2,"l":2},"a":{"a":0,"k":[49.239,49.161,0],"ix":1,"l":2},"s":{"a":1,"k":[{"i":{"x":[0.667,0.667,0.667],"y":[1,1,1]},"o":{"x":[0.333,0.333,0.333],"y":[0,0,0]},"t":74,"s":[142,142,100]},{"t":108,"s":[142,-142,100]}],"ix":6,"l":2}},"ao":0,"shapes":[{"ty":"gr","it":[{"ind":0,"ty":"sh","ix":1,"ks":{"a":0,"k":{"i":[[0,0],[0,0],[0,0],[0,0]],"o":[[0,0],[0,0],[0,0],[0,0]],"v":[[-48.989,-6.356],[-6.928,-48.911],[48.989,6.356],[6.928,48.911]],"c":true},"ix":2},"nm":"Path 1","mn":"ADBE Vector Shape - Group","hd":false},{"ty":"fl","c":{"a":0,"k":[1,0.169000004787,0.169000004787,1],"ix":4},"o":{"a":0,"k":100,"ix":5},"r":1,"bm":0,"nm":"Fill 1","mn":"ADBE Vector Graphic - Fill","hd":false},{"ty":"tr","p":{"a":0,"k":[49.239,49.162],"ix":2},"a":{"a":0,"k":[0,0],"ix":1},"s":{"a":0,"k":[100,100],"ix":3},"r":{"a":0,"k":0,"ix":6},"o":{"a":0,"k":100,"ix":7},"sk":{"a":0,"k":0,"ix":4},"sa":{"a":0,"k":0,"ix":5},"nm":"Transform"}],"nm":"Group 1","np":2,"cix":2,"bm":0,"ix":1,"mn":"ADBE Vector Group","hd":false}],"ip":70,"op":136,"st":70,"bm":0},{"ddd":0,"ind":2,"ty":4,"nm":"confetti","sr":1,"ks":{"o":{"a":0,"k":100,"ix":11},"r":{"a":1,"k":[{"i":{"x":[0.833],"y":[0.833]},"o":{"x":[0.167],"y":[0.167]},"t":48,"s":[135.13]},{"t":110,"s":[545.13]}],"ix":10},"p":{"a":1,"k":[{"i":{"x":0.833,"y":0.833},"o":{"x":0.167,"y":0.167},"t":48,"s":[375.673,-66.997,0],"to":[-193.333,516,0],"ti":[101.333,-456,0]},{"t":110,"s":[463.673,1133.003,0]}],"ix":2,"l":2},"a":{"a":0,"k":[33.079,42.573,0],"ix":1,"l":2},"s":{"a":1,"k":[{"i":{"x":[0.667,0.667,0.667],"y":[1,1,1]},"o":{"x":[0.333,0.333,0.333],"y":[0,0,0]},"t":66,"s":[117,117,100]},{"t":110,"s":[-117,117,100]}],"ix":6,"l":2}},"ao":0,"shapes":[{"ty":"gr","it":[{"ind":0,"ty":"sh","ix":1,"ks":{"a":0,"k":{"i":[[0,0],[0,0],[0,0],[0,0]],"o":[[0,0],[0,0],[0,0],[0,0]],"v":[[32.829,41.775],[-32.12,42.324],[-32.829,-41.775],[32.12,-42.324]],"c":true},"ix":2},"nm":"Path 1","mn":"ADBE Vector Shape - Group","hd":false},{"ty":"fl","c":{"a":0,"k":[1,0.560784313725,0,1],"ix":4},"o":{"a":0,"k":100,"ix":5},"r":1,"bm":0,"nm":"Fill 1","mn":"ADBE Vector Graphic - Fill","hd":false},{"ty":"tr","p":{"a":0,"k":[33.079,42.573],"ix":2},"a":{"a":0,"k":[0,0],"ix":1},"s":{"a":0,"k":[100,100],"ix":3},"r":{"a":0,"k":0,"ix":6},"o":{"a":0,"k":100,"ix":7},"sk":{"a":0,"k":0,"ix":4},"sa":{"a":0,"k":0,"ix":5},"nm":"Transform"}],"nm":"Group 1","np":2,"cix":2,"bm":0,"ix":1,"mn":"ADBE Vector Group","hd":false}],"ip":38,"op":136,"st":10,"bm":0},{"ddd":0,"ind":3,"ty":4,"nm":"confetti","sr":1,"ks":{"o":{"a":0,"k":100,"ix":11},"r":{"a":1,"k":[{"i":{"x":[0.833],"y":[0.833]},"o":{"x":[0.167],"y":[0.167]},"t":26,"s":[0]},{"t":74,"s":[199]}],"ix":10},"p":{"a":1,"k":[{"i":{"x":0.833,"y":0.833},"o":{"x":0.167,"y":0.167},"t":26,"s":[727.651,-104.797,0],"to":[212,563.333,0],"ti":[-132,-555.333,0]},{"t":74,"s":[727.651,1187.203,0]}],"ix":2,"l":2},"a":{"a":0,"k":[53.364,51.983,0],"ix":1,"l":2},"s":{"a":0,"k":[134,134,100],"ix":6,"l":2}},"ao":0,"shapes":[{"ty":"gr","it":[{"ind":0,"ty":"sh","ix":1,"ks":{"a":0,"k":{"i":[[0,0],[0,0],[0,0],[0,0]],"o":[[0,0],[0,0],[0,0],[0,0]],"v":[[53.114,1.363],[12.108,51.734],[-53.114,-1.363],[-12.108,-51.734]],"c":true},"ix":2},"nm":"Path 1","mn":"ADBE Vector Shape - Group","hd":false},{"ty":"fl","c":{"a":0,"k":[1,0.850980451995,0,1],"ix":4},"o":{"a":0,"k":100,"ix":5},"r":1,"bm":0,"nm":"Fill 1","mn":"ADBE Vector Graphic - Fill","hd":false},{"ty":"tr","p":{"a":0,"k":[53.364,51.984],"ix":2},"a":{"a":0,"k":[0,0],"ix":1},"s":{"a":0,"k":[100,100],"ix":3},"r":{"a":0,"k":0,"ix":6},"o":{"a":0,"k":100,"ix":7},"sk":{"a":0,"k":0,"ix":4},"sa":{"a":0,"k":0,"ix":5},"nm":"Transform"}],"nm":"Group 1","np":2,"cix":2,"bm":0,"ix":1,"mn":"ADBE Vector Group","hd":false}],"ip":26,"op":136,"st":26,"bm":0},{"ddd":0,"ind":4,"ty":4,"nm":"confetti","sr":1,"ks":{"o":{"a":0,"k":100,"ix":11},"r":{"a":1,"k":[{"i":{"x":[0.833],"y":[0.833]},"o":{"x":[0.167],"y":[0.167]},"t":20,"s":[0]},{"t":86,"s":[265]}],"ix":10},"p":{"a":1,"k":[{"i":{"x":0.833,"y":0.833},"o":{"x":0.167,"y":0.167},"t":20,"s":[459.556,-68.966,0],"to":[252.667,453.333,0],"ti":[-232.667,-505.333,0]},{"t":86,"s":[487.556,1115.034,0]}],"ix":2,"l":2},"a":{"a":0,"k":[52.302,47.918,0],"ix":1,"l":2},"s":{"a":1,"k":[{"i":{"x":[0.667,0.667,0.667],"y":[1,1,1]},"o":{"x":[0.333,0.333,0.333],"y":[0,0,0]},"t":36,"s":[139,139,100]},{"t":86,"s":[-139,139,100]}],"ix":6,"l":2}},"ao":0,"shapes":[{"ty":"gr","it":[{"ind":0,"ty":"sh","ix":1,"ks":{"a":0,"k":{"i":[[0,0],[0,0],[0,0],[0,0]],"o":[[0,0],[0,0],[0,0],[0,0]],"v":[[23.467,-47.669],[52.053,10.655],[-23.467,47.669],[-52.053,-10.654]],"c":true},"ix":2},"nm":"Path 1","mn":"ADBE Vector Shape - Group","hd":false},{"ty":"fl","c":{"a":0,"k":[0.169000004787,0.736999990426,1,1],"ix":4},"o":{"a":0,"k":100,"ix":5},"r":1,"bm":0,"nm":"Fill 1","mn":"ADBE Vector Graphic - Fill","hd":false},{"ty":"tr","p":{"a":0,"k":[52.302,47.919],"ix":2},"a":{"a":0,"k":[0,0],"ix":1},"s":{"a":0,"k":[100,100],"ix":3},"r":{"a":0,"k":0,"ix":6},"o":{"a":0,"k":100,"ix":7},"sk":{"a":0,"k":0,"ix":4},"sa":{"a":0,"k":0,"ix":5},"nm":"Transform"}],"nm":"Group 1","np":2,"cix":2,"bm":0,"ix":1,"mn":"ADBE Vector Group","hd":false}],"ip":20,"op":136,"st":20,"bm":0},{"ddd":0,"ind":5,"ty":4,"nm":"shine Outlines","sr":1,"ks":{"o":{"a":0,"k":100,"ix":11},"r":{"a":0,"k":0,"ix":10},"p":{"a":0,"k":[714,170,0],"ix":2,"l":2},"a":{"a":0,"k":[540,960,0],"ix":1,"l":2},"s":{"a":1,"k":[{"i":{"x":[0,0,0.667],"y":[1,1,1]},"o":{"x":[0.333,0.333,0.333],"y":[0,0,0]},"t":46,"s":[0,0,100]},{"i":{"x":[0.667,0.667,0.667],"y":[1,1,1]},"o":{"x":[1,1,0.333],"y":[0,0,0]},"t":52,"s":[80,80,100]},{"t":64,"s":[0,0,100]}],"ix":6,"l":2}},"ao":0,"shapes":[{"ty":"gr","it":[{"ind":0,"ty":"sh","ix":1,"ks":{"a":0,"k":{"i":[[0,0],[5.434,16.545],[0,0],[0,0],[15.506,-7.752],[0,0],[0,0],[-5.516,-16.464],[0,0],[0,0],[-15.585,7.753],[0,0]],"o":[[-15.585,-7.752],[0,0],[0,0],[-5.435,16.465],[0,0],[0,0],[15.585,7.753],[0,0],[0,0],[5.434,-16.464],[0,0],[0,0]],"v":[[56.506,-16.664],[23.018,-50.712],[-0.08,-127.2],[-23.179,-50.712],[-56.667,-16.664],[-95.27,0.04],[-55.548,16.505],[-23.098,51.352],[0,127.2],[23.098,51.352],[55.547,16.505],[95.27,0.041]],"c":true},"ix":2},"nm":"Path 1","mn":"ADBE Vector Shape - Group","hd":false},{"ty":"fl","c":{"a":0,"k":[1,1,1,1],"ix":4},"o":{"a":0,"k":100,"ix":5},"r":1,"bm":0,"nm":"Fill 1","mn":"ADBE Vector Graphic - Fill","hd":false},{"ty":"tr","p":{"a":0,"k":[539.766,960.468],"ix":2},"a":{"a":0,"k":[0,0],"ix":1},"s":{"a":0,"k":[100,100],"ix":3},"r":{"a":0,"k":0,"ix":6},"o":{"a":0,"k":100,"ix":7},"sk":{"a":0,"k":0,"ix":4},"sa":{"a":0,"k":0,"ix":5},"nm":"Transform"}],"nm":"Group 1","np":2,"cix":2,"bm":0,"ix":1,"mn":"ADBE Vector Group","hd":false}],"ip":0,"op":136,"st":-20,"bm":0},{"ddd":0,"ind":6,"ty":4,"nm":"trophy shadows","sr":1,"ks":{"o":{"a":0,"k":100,"ix":11},"r":{"a":0,"k":0,"ix":10},"p":{"a":0,"k":[506.16,510.68,0],"ix":2,"l":2},"a":{"a":0,"k":[508.33,474.45,0],"ix":1,"l":2},"s":{"a":0,"k":[100,100,100],"ix":6,"l":2}},"ao":0,"shapes":[{"ty":"gr","it":[{"ind":0,"ty":"sh","ix":1,"ks":{"a":0,"k":{"i":[[0,0],[0.4,-11.201],[0,-6.16],[-12.64,-0.399],[-8.32,0],[-0.32,7.199],[0,8.24],[8.32,0]],"o":[[-9.04,-0.4],[-0.4,11.2],[0,6.161],[12.64,0.401],[8.32,0],[0.4,-7.2],[0,-13.68],[-8.96,-0.16]],"v":[[-65.08,-37.16],[-84.92,-24.52],[-85.32,25.239],[-67.64,37.159],[71.96,37.159],[84.92,22.76],[84.52,-23.001],[63.96,-36.681]],"c":true},"ix":2},"nm":"Path 1","mn":"ADBE Vector Shape - Group","hd":false},{"ty":"fl","c":{"a":0,"k":[0.987999949736,0.760999971278,0.097999999102,1],"ix":4},"o":{"a":0,"k":100,"ix":5},"r":1,"bm":0,"nm":"Fill 1","mn":"ADBE Vector Graphic - Fill","hd":false},{"ty":"tr","p":{"a":0,"k":[511.97,848.371],"ix":2},"a":{"a":0,"k":[0,0],"ix":1},"s":{"a":0,"k":[100,100],"ix":3},"r":{"a":0,"k":0,"ix":6},"o":{"a":0,"k":100,"ix":7},"sk":{"a":0,"k":0,"ix":4},"sa":{"a":0,"k":0,"ix":5},"nm":"Transform"}],"nm":"Group 1","np":2,"cix":2,"bm":0,"ix":1,"mn":"ADBE Vector Group","hd":false},{"ty":"gr","it":[{"ind":0,"ty":"sh","ix":1,"ks":{"a":0,"k":{"i":[[0,0],[0,0],[0,0],[0.16,-21.759],[0,0],[0,0],[0,0],[0,0]],"o":[[0,0],[0,0],[1.12,0],[0,0],[0,0],[0,0],[0,0],[0,0]],"v":[[186.12,15.56],[186.04,-98.759],[-180.92,-98.759],[-180.84,15.96],[-233,15.96],[-233,98.76],[233,98.76],[233,15.96]],"c":true},"ix":2},"nm":"Path 1","mn":"ADBE Vector Shape - Group","hd":false},{"ty":"fl","c":{"a":0,"k":[0.525,0.361000001197,0.313999998803,1],"ix":4},"o":{"a":0,"k":100,"ix":5},"r":1,"bm":0,"nm":"Fill 1","mn":"ADBE Vector Graphic - Fill","hd":false},{"ty":"tr","p":{"a":0,"k":[510.21,849.89],"ix":2},"a":{"a":0,"k":[0,0],"ix":1},"s":{"a":0,"k":[100,100],"ix":3},"r":{"a":0,"k":0,"ix":6},"o":{"a":0,"k":100,"ix":7},"sk":{"a":0,"k":0,"ix":4},"sa":{"a":0,"k":0,"ix":5},"nm":"Transform"}],"nm":"Group 2","np":2,"cix":2,"bm":0,"ix":2,"mn":"ADBE Vector Group","hd":false},{"ty":"gr","it":[{"ind":0,"ty":"sh","ix":1,"ks":{"a":0,"k":{"i":[[9.92,0.56],[7.52,-32.48],[0.72,-2.8],[-27.12,-41.76],[-8.48,8.479],[31.12,61.68],[0.72,60.96]],"o":[[-4.64,-0.24],[-2.88,12.48],[-0.72,2.8],[26.24,40.4],[8.48,-8.481],[-17.92,-35.36],[-0.48,-40.32]],"v":[[-50.32,-177.079],[-57.76,-70.919],[-68.4,-53.079],[-25.84,86.6],[60.64,168.841],[-8.08,70.281],[-44.96,-79.319]],"c":true},"ix":2},"nm":"Path 1","mn":"ADBE Vector Shape - Group","hd":false},{"ty":"fl","c":{"a":0,"k":[0.819999964097,0.438999998803,0.109999997008,1],"ix":4},"o":{"a":0,"k":100,"ix":5},"r":1,"bm":0,"nm":"Fill 1","mn":"ADBE Vector Graphic - Fill","hd":false},{"ty":"tr","p":{"a":0,"k":[328.57,316.93],"ix":2},"a":{"a":0,"k":[0,0],"ix":1},"s":{"a":0,"k":[100,100],"ix":3},"r":{"a":0,"k":0,"ix":6},"o":{"a":0,"k":100,"ix":7},"sk":{"a":0,"k":0,"ix":4},"sa":{"a":0,"k":0,"ix":5},"nm":"Transform"}],"nm":"Group 3","np":2,"cix":2,"bm":0,"ix":3,"mn":"ADBE Vector Group","hd":false},{"ty":"gr","it":[{"ind":0,"ty":"sh","ix":1,"ks":{"a":0,"k":{"i":[[20.48,-1.6],[38.96,-92.8],[-2.16,-5.68],[-32.88,46.64],[-8.56,51.04]],"o":[[-18.4,1.44],[-41.76,99.28],[2.16,5.679],[30.48,-43.2],[8.4,-51.04]],"v":[[59.6,-189.88],[14.96,52.521],[-77.92,185.8],[9.28,129.081],[66.72,-3.479]],"c":true},"ix":2},"nm":"Path 1","mn":"ADBE Vector Shape - Group","hd":false},{"ty":"fl","c":{"a":0,"k":[0.819999964097,0.438999998803,0.109999997008,1],"ix":4},"o":{"a":0,"k":100,"ix":5},"r":1,"bm":0,"nm":"Fill 1","mn":"ADBE Vector Graphic - Fill","hd":false},{"ty":"tr","p":{"a":0,"k":[672.01,312.77],"ix":2},"a":{"a":0,"k":[0,0],"ix":1},"s":{"a":0,"k":[100,100],"ix":3},"r":{"a":0,"k":0,"ix":6},"o":{"a":0,"k":100,"ix":7},"sk":{"a":0,"k":0,"ix":4},"sa":{"a":0,"k":0,"ix":5},"nm":"Transform"}],"nm":"Group 4","np":2,"cix":2,"bm":0,"ix":4,"mn":"ADBE Vector Group","hd":false},{"ty":"gr","it":[{"ind":0,"ty":"sh","ix":1,"ks":{"a":0,"k":{"i":[[-4.24,4],[-148.88,1.28],[-3.76,-2.56],[2.08,-5.68],[12,4.96],[143.2,-4.48],[6.16,-3.52],[4.24,5.68]],"o":[[6.56,-6.08],[160.16,-1.44],[4.24,2.8],[-2.16,5.68],[-12.08,-4.96],[-137.52,4.24],[-4.96,2.8],[-4.32,-5.6]],"v":[[-221.52,14.88],[-3.2,-39.68],[220.8,7.84],[227.92,29.12],[209.52,31.92],[-5.28,-12],[-207.28,37.6],[-225.68,35.44]],"c":true},"ix":2},"nm":"Path 1","mn":"ADBE Vector Shape - Group","hd":false},{"ty":"fl","c":{"a":0,"k":[0.819999964097,0.438999998803,0.109999997008,1],"ix":4},"o":{"a":0,"k":100,"ix":5},"r":1,"bm":0,"nm":"Fill 1","mn":"ADBE Vector Graphic - Fill","hd":false},{"ty":"tr","p":{"a":0,"k":[503.69,74.65],"ix":2},"a":{"a":0,"k":[0,0],"ix":1},"s":{"a":0,"k":[100,100],"ix":3},"r":{"a":0,"k":0,"ix":6},"o":{"a":0,"k":100,"ix":7},"sk":{"a":0,"k":0,"ix":4},"sa":{"a":0,"k":0,"ix":5},"nm":"Transform"}],"nm":"Group 5","np":2,"cix":2,"bm":0,"ix":5,"mn":"ADBE Vector Group","hd":false},{"ty":"gr","it":[{"ind":0,"ty":"sh","ix":1,"ks":{"a":0,"k":{"i":[[0,0],[-38.96,0],[0,0],[0,0],[31.52,0.4],[0,0]],"o":[[0,0],[38.96,0],[0,0],[0,0],[-26.24,-0.321],[0,0]],"v":[[-53.88,-18.16],[-0.76,-32],[54.92,-17.04],[55.96,31.039],[-1.48,22.56],[-55.96,32]],"c":true},"ix":2},"nm":"Path 1","mn":"ADBE Vector Shape - Group","hd":false},{"ty":"fl","c":{"a":0,"k":[0.819999964097,0.438999998803,0.109999997008,1],"ix":4},"o":{"a":0,"k":100,"ix":5},"r":1,"bm":0,"nm":"Fill 1","mn":"ADBE Vector Graphic - Fill","hd":false},{"ty":"tr","p":{"a":0,"k":[506.21,585.211],"ix":2},"a":{"a":0,"k":[0,0],"ix":1},"s":{"a":0,"k":[100,100],"ix":3},"r":{"a":0,"k":0,"ix":6},"o":{"a":0,"k":100,"ix":7},"sk":{"a":0,"k":0,"ix":4},"sa":{"a":0,"k":0,"ix":5},"nm":"Transform"}],"nm":"Group 6","np":2,"cix":2,"bm":0,"ix":6,"mn":"ADBE Vector Group","hd":false},{"ty":"gr","it":[{"ind":0,"ty":"sh","ix":1,"ks":{"a":0,"k":{"i":[[20.32,-32.96],[25.68,-17.44],[13.92,-9.44],[-2.56,8.24],[-3.04,14.32],[0,0],[-10.08,10.88],[-9.44,15.92],[-44.32,-31.04]],"o":[[-17.2,27.84],[-33.12,22.48],[3.2,-8.48],[4.16,-10.88],[8,-37.6],[0,0],[10.08,-10.88],[14.72,-24.88],[25.6,18]],"v":[[410.96,-62.881],[333.28,3.119],[236.96,68.799],[245.52,43.679],[257.12,5.199],[266.48,-65.28],[292.88,-71.52],[316.16,-132.08],[404.72,-151.52]],"c":true},"ix":2},"nm":"Path 1","mn":"ADBE Vector Shape - Group","hd":false},{"ind":1,"ty":"sh","ix":2,"ks":{"a":0,"k":{"i":[[46,32.56],[15.68,31.12],[-39.68,6.16],[-5.44,-12.4],[0,0],[-2.24,-13.28],[0,-0.4],[-0.08,-0.4],[-3.04,-12.88],[-0.08,-0.32],[-1.84,-6.32],[-5.52,-14.72]],"o":[[-21.68,-15.28],[-20.88,-41.52],[82.4,-12.96],[5.44,12.4],[0,0],[0.08,0.4],[0.08,0.4],[1.52,9.04],[0.08,0.32],[1.68,7.28],[3.68,13.28],[-8,-5.44]],"v":[[-335.52,-5.361],[-410.88,-72.16],[-375.12,-170.001],[-285.76,-68.241],[-264.8,-55.04],[-262,-34.881],[-261.84,-33.76],[-261.6,-32.561],[-254.88,0.639],[-254.64,1.6],[-249.36,22.079],[-235.68,64.4]],"c":true},"ix":2},"nm":"Path 2","mn":"ADBE Vector Shape - Group","hd":false},{"ind":2,"ty":"sh","ix":3,"ks":{"a":0,"k":{"i":[[6.16,74.56],[30.32,-10.8],[6.72,-28.8],[6.24,-2.4],[0,0],[-0.32,20.32],[0,0],[5.44,7.84],[0,0],[10.08,-4.72],[0,0],[0,0],[1.52,-4.64],[0,0],[17.04,-7.759],[66,-0.72],[0,0],[0,0],[0,0],[0,0],[0,0],[0,0],[0,0],[10.08,2.32],[0,0],[0.72,-3.12],[0,0],[-2.32,-16.32],[11.6,1.6],[44.24,21.76],[23.36,-47.36],[-73.04,-52.08],[-12.32,-41.76],[0,0],[-11.92,26],[-0.56,7.28],[-48.64,-14.72],[-28.8,0],[-4.08,0.16],[-27.92,13.84],[-22.56,30.239],[-8.4,-14.16],[0,0],[-6.96,48.159],[-48.16,31.04]],"o":[[-6.24,-74.56],[-30.32,10.8],[-5.44,23.28],[-6.88,2.56],[0,0],[0.8,-41.92],[0,0],[-5.44,-7.76],[0,0],[-10.08,4.72],[0,0],[0,0],[-1.52,4.64],[0,0],[-17.12,7.76],[-66,0.8],[0,0],[0,0],[0,0],[0,0],[0,0],[0,0],[0,0],[-10.08,-2.32],[0,0],[-0.8,3.12],[0,0],[2.32,16.32],[-11.68,-1.52],[-38.32,-18.88],[-23.28,47.36],[73.04,52.08],[14.72,49.68],[0,0],[3.84,-8.4],[27.6,36],[18.4,6.32],[4.16,0],[33.68,-1.2],[37.68,-17.439],[-0.64,7.199],[14.72,24.88],[0,0],[6.96,-48.161],[48.32,-31.12]],"v":[[453.68,-111.04],[343.36,-192.64],[286.64,-132.801],[269.52,-91.6],[256.32,-90.08],[255.52,-160.801],[269.12,-213.441],[260.96,-235.441],[245.44,-253.28],[237.68,-228.4],[216.72,-230.72],[226.8,-188.801],[208.96,24.8],[146.08,135.84],[93.28,177.039],[-4.56,205.759],[-127.28,154.48],[-184,100.079],[-225.92,-23.441],[-232.16,-149.28],[-229.52,-195.04],[-227.68,-214.16],[-230.64,-223.84],[-246.16,-220.72],[-260.16,-236.241],[-264.8,-226.881],[-266.4,-216.561],[-253.2,-188.801],[-265.6,-106.48],[-317.68,-186.48],[-436.56,-152.321],[-369.76,3.04],[-206.64,140.639],[-225.28,219.84],[-189.12,190.479],[-183.28,162.559],[-70.32,243.759],[-2.4,253.28],[9.92,252.96],[100.32,231.6],[189.76,157.28],[201.92,196.559],[241.52,222.96],[214.32,154.64],[301.28,58.319]],"c":true},"ix":2},"nm":"Path 3","mn":"ADBE Vector Shape - Group","hd":false},{"ty":"mm","mm":1,"nm":"Merge Paths 1","mn":"ADBE Vector Filter - Merge","hd":false},{"ty":"fl","c":{"a":0,"k":[1,0.658999992819,0.156999999402,1],"ix":4},"o":{"a":0,"k":100,"ix":5},"r":1,"bm":0,"nm":"Fill 1","mn":"ADBE Vector Graphic - Fill","hd":false},{"ty":"tr","p":{"a":0,"k":[507.85,319.931],"ix":2},"a":{"a":0,"k":[0,0],"ix":1},"s":{"a":0,"k":[100,100],"ix":3},"r":{"a":0,"k":0,"ix":6},"o":{"a":0,"k":100,"ix":7},"sk":{"a":0,"k":0,"ix":4},"sa":{"a":0,"k":0,"ix":5},"nm":"Transform"}],"nm":"Group 9","np":5,"cix":2,"bm":0,"ix":9,"mn":"ADBE Vector Group","hd":false}],"ip":0,"op":136,"st":-18,"bm":0},{"ddd":0,"ind":7,"ty":1,"nm":"shine mask 2","td":1,"sr":1,"ks":{"o":{"a":0,"k":100,"ix":11},"r":{"a":0,"k":0,"ix":10},"p":{"a":0,"k":[512,512,0],"ix":2,"l":2},"a":{"a":0,"k":[512,512,0],"ix":1,"l":2},"s":{"a":0,"k":[100,100,100],"ix":6,"l":2}},"ao":0,"hasMask":true,"masksProperties":[{"inv":false,"mode":"a","pt":{"a":0,"k":{"i":[[57,94],[0,0],[-135,-156],[-43.209,0.861],[-35,28]],"o":[[-305,-130],[0,0],[28.281,32.68],[45.329,-0.903],[95.643,-76.514]],"v":[[728,169],[280,187],[370,503],[510,565],[630,512]],"c":true},"ix":1},"o":{"a":0,"k":100,"ix":3},"x":{"a":0,"k":0,"ix":4},"nm":"Mask 1"}],"sw":1024,"sh":1024,"sc":"#ffffff","ip":0,"op":136,"st":-18,"bm":0},{"ddd":0,"ind":8,"ty":4,"nm":"shine 2","tt":1,"sr":1,"ks":{"o":{"a":0,"k":100,"ix":11},"r":{"a":0,"k":0,"ix":10},"p":{"a":0,"k":[366.84,331.36,0],"ix":2,"l":2},"a":{"a":0,"k":[55.17,193.77,0],"ix":1,"l":2},"s":{"a":0,"k":[100,100,100],"ix":6,"l":2}},"ao":0,"shapes":[{"ty":"gr","it":[{"ind":0,"ty":"sh","ix":1,"ks":{"a":1,"k":[{"i":{"x":0.833,"y":0.833},"o":{"x":1,"y":0},"t":-18,"s":[{"i":[[0,0],[-16.359,-83.151],[-1.76,4.01],[17.373,117.33],[-0.937,29.982]],"o":[[-1.44,4.24],[24.9,126.56],[-2.062,-3.316],[-7.753,-52.358],[0,0]],"v":[[-114.7,-177.9],[-105.74,0.08],[16.92,190.13],[-81.213,-3.69],[-91.76,-193.45]],"c":true}]},{"i":{"x":0.833,"y":0.833},"o":{"x":0.167,"y":0.167},"t":20,"s":[{"i":[[0,0],[-15.636,-83.275],[-21.765,0.632],[4.796,57.301],[-0.042,33.273]],"o":[[-12.598,0.208],[19.344,103.025],[4.718,-1.469],[-4.503,-53.801],[0,0]],"v":[[-33.242,-205.568],[-36.684,4.115],[55.175,193.508],[2.864,-2.161],[-6.842,-214.928]],"c":true}]},{"i":{"x":0,"y":1},"o":{"x":0.167,"y":0.167},"t":28,"s":[{"i":[[0,0],[-1.31,-70.727],[-12.603,3.122],[-0.882,73.958],[0.971,37]],"o":[[-3.888,5.019],[1.31,70.727],[12.397,0.622],[0.882,-73.958],[0,0]],"v":[[118.742,-237.614],[110.85,6.913],[134.763,235.018],[165.278,-5.402],[167.189,-246.36]],"c":true}]},{"t":72,"s":[{"i":[[0,0],[12.306,-83.847],[-10.26,5.22],[-26.127,136.63],[-0.937,29.982]],"o":[[-1.44,4.24],[-15.6,106.29],[19.49,-12.78],[12.186,-63.726],[0,0]],"v":[[367.8,-223],[353.76,10.35],[250.42,203.92],[376.287,-2.99],[388.24,-221.12]],"c":true}]}],"ix":2},"nm":"Path 1","mn":"ADBE Vector Shape - Group","hd":false},{"ty":"fl","c":{"a":0,"k":[1,0.987999949736,0.991999966491,1],"ix":4},"o":{"a":0,"k":100,"ix":5},"r":1,"bm":0,"nm":"Fill 1","mn":"ADBE Vector Graphic - Fill","hd":false},{"ty":"tr","p":{"a":0,"k":[55.17,193.77],"ix":2},"a":{"a":0,"k":[0,0],"ix":1},"s":{"a":0,"k":[100,100],"ix":3},"r":{"a":0,"k":0,"ix":6},"o":{"a":0,"k":100,"ix":7},"sk":{"a":0,"k":0,"ix":4},"sa":{"a":0,"k":0,"ix":5},"nm":"Transform"}],"nm":"Group 1","np":2,"cix":2,"bm":0,"ix":1,"mn":"ADBE Vector Group","hd":false}],"ip":0,"op":136,"st":-18,"bm":0},{"ddd":0,"ind":9,"ty":1,"nm":"shine mask","td":1,"sr":1,"ks":{"o":{"a":0,"k":100,"ix":11},"r":{"a":0,"k":0,"ix":10},"p":{"a":0,"k":[512,512,0],"ix":2,"l":2},"a":{"a":0,"k":[512,512,0],"ix":1,"l":2},"s":{"a":0,"k":[100,100,100],"ix":6,"l":2}},"ao":0,"hasMask":true,"masksProperties":[{"inv":false,"mode":"a","pt":{"a":0,"k":{"i":[[57,94],[0,0],[-135,-156],[-43.209,0.861],[-35,28]],"o":[[-305,-130],[0,0],[28.281,32.68],[45.329,-0.903],[95.643,-76.514]],"v":[[728,169],[280,187],[370,503],[510,565],[630,512]],"c":true},"ix":1},"o":{"a":0,"k":100,"ix":3},"x":{"a":0,"k":0,"ix":4},"nm":"Mask 1"}],"sw":1024,"sh":1024,"sc":"#ffffff","ip":0,"op":136,"st":-18,"bm":0},{"ddd":0,"ind":10,"ty":4,"nm":"shine","tt":1,"sr":1,"ks":{"o":{"a":0,"k":100,"ix":11},"r":{"a":0,"k":0,"ix":10},"p":{"a":0,"k":[412.666,341.92,0],"ix":2,"l":2},"a":{"a":0,"k":[75.984,221.29,0],"ix":1,"l":2},"s":{"a":0,"k":[100,100,100],"ix":6,"l":2}},"ao":0,"shapes":[{"ty":"gr","it":[{"ind":0,"ty":"sh","ix":1,"ks":{"a":1,"k":[{"i":{"x":0.833,"y":0.833},"o":{"x":1,"y":0},"t":-18,"s":[{"i":[[-0.3,0.322],[0,0],[-12.956,-60.507],[-101.4,-50.96],[29.212,179.493]],"o":[[0,0],[1.204,0.429],[21.514,100.475],[0,0],[-10.793,-66.32]],"v":[[-153.586,-227.96],[-134.426,-221.04],[-130.18,-7.395],[28.734,212.04],[-150.878,6.587]],"c":true}]},{"i":{"x":0.833,"y":0.833},"o":{"x":0.167,"y":0.167},"t":20,"s":[{"i":[[-1.465,0.322],[0,0],[-8.582,-73.665],[-35.445,-30.094],[15.123,173.795]],"o":[[0,0],[5.877,0.429],[7.418,90.835],[-4.757,0.392],[-7.385,-72.826]],"v":[[-80.922,-236.265],[3.143,-232.463],[12.917,7.745],[92.779,237.174],[-68.789,7.285]],"c":true}]},{"i":{"x":0,"y":1},"o":{"x":0.167,"y":0.167},"t":28,"s":[{"i":[[-2.784,0.322],[0,0],[12.065,-85.946],[31.759,-2.614],[3.999,91.005]],"o":[[0,0],[11.171,0.429],[-11.651,82.999],[-10.144,0.835],[-3.524,-80.196]],"v":[[1.385,-245.672],[178.163,-243.268],[179.269,27.026],[87.478,259.245],[-5.665,8.075]],"c":true}]},{"t":72,"s":[{"i":[[-0.3,0.322],[0,0],[12.035,-54.993],[45.6,-12.55],[-20.183,142.492]],"o":[[0,0],[1.204,0.429],[-24.486,111.885],[0,0],[10.212,-72.097]],"v":[[318.414,-258.37],[337.574,-252.45],[323.82,30.195],[168.734,206.63],[317.122,-11.823]],"c":true}]}],"ix":2},"nm":"Path 1","mn":"ADBE Vector Shape - Group","hd":false},{"ty":"fl","c":{"a":0,"k":[1,0.936999990426,0.670999983245,1],"ix":4},"o":{"a":0,"k":100,"ix":5},"r":1,"bm":0,"nm":"Fill 1","mn":"ADBE Vector Graphic - Fill","hd":false},{"ty":"tr","p":{"a":0,"k":[75.984,221.29],"ix":2},"a":{"a":0,"k":[0,0],"ix":1},"s":{"a":0,"k":[100,100],"ix":3},"r":{"a":0,"k":0,"ix":6},"o":{"a":0,"k":100,"ix":7},"sk":{"a":0,"k":0,"ix":4},"sa":{"a":0,"k":0,"ix":5},"nm":"Transform"}],"nm":"Group 1","np":2,"cix":2,"bm":0,"ix":1,"mn":"ADBE Vector Group","hd":false}],"ip":0,"op":136,"st":-18,"bm":0},{"ddd":0,"ind":11,"ty":4,"nm":"shadow","sr":1,"ks":{"o":{"a":0,"k":100,"ix":11},"r":{"a":0,"k":0,"ix":10},"p":{"a":0,"k":[500.967,343.52,0],"ix":2,"l":2},"a":{"a":0,"k":[99.684,227.93,0],"ix":1,"l":2},"s":{"a":0,"k":[100,100,100],"ix":6,"l":2}},"ao":0,"shapes":[{"ty":"gr","it":[{"ind":0,"ty":"sh","ix":1,"ks":{"a":0,"k":{"i":[[0,0],[-46.8,-0.72],[0,0],[8.56,-87.92],[8.88,-18.639],[0,0],[0,0],[0,0],[-2.012,73.872]],"o":[[0,0],[46.8,0.72],[0,0],[-8.48,87.92],[-8.56,18.081],[0,0],[0,0],[-32.94,-66.151],[0,0]],"v":[[-92.646,-222],[4.474,-226.96],[99.433,-217.04],[88.074,27.52],[37.433,199.919],[22.633,227.68],[-22.486,222.4],[-50.318,166.508],[-97.421,-46.747]],"c":true},"ix":2},"nm":"Path 1","mn":"ADBE Vector Shape - Group","hd":false},{"ty":"fl","c":{"a":0,"k":[1,0.658999992819,0.156999999402,1],"ix":4},"o":{"a":0,"k":100,"ix":5},"r":1,"bm":0,"nm":"Fill 1","mn":"ADBE Vector Graphic - Fill","hd":false},{"ty":"tr","p":{"a":0,"k":[99.683,227.93],"ix":2},"a":{"a":0,"k":[0,0],"ix":1},"s":{"a":0,"k":[100,100],"ix":3},"r":{"a":0,"k":0,"ix":6},"o":{"a":0,"k":100,"ix":7},"sk":{"a":0,"k":0,"ix":4},"sa":{"a":0,"k":0,"ix":5},"nm":"Transform"}],"nm":"Group 1","np":2,"cix":2,"bm":0,"ix":1,"mn":"ADBE Vector Group","hd":false}],"ip":0,"op":136,"st":-18,"bm":0},{"ddd":0,"ind":12,"ty":4,"nm":"mask","td":1,"sr":1,"ks":{"o":{"a":0,"k":100,"ix":11},"r":{"a":0,"k":0,"ix":10},"p":{"a":0,"k":[506.16,510.68,0],"ix":2,"l":2},"a":{"a":0,"k":[508.33,474.45,0],"ix":1,"l":2},"s":{"a":0,"k":[100,100,100],"ix":6,"l":2}},"ao":0,"shapes":[{"ty":"gr","it":[{"ind":0,"ty":"sh","ix":1,"ks":{"a":0,"k":{"i":[[0,0],[0.4,-11.201],[0,-6.16],[-12.64,-0.399],[-8.32,0],[-0.32,7.199],[0,8.24],[8.32,0]],"o":[[-9.04,-0.4],[-0.4,11.2],[0,6.161],[12.64,0.401],[8.32,0],[0.4,-7.2],[0,-13.68],[-8.96,-0.16]],"v":[[-65.08,-37.16],[-84.92,-24.52],[-85.32,25.239],[-67.64,37.159],[71.96,37.159],[84.92,22.76],[84.52,-23.001],[63.96,-36.681]],"c":true},"ix":2},"nm":"Path 1","mn":"ADBE Vector Shape - Group","hd":false},{"ty":"fl","c":{"a":0,"k":[0.987999949736,0.760999971278,0.097999999102,1],"ix":4},"o":{"a":0,"k":100,"ix":5},"r":1,"bm":0,"nm":"Fill 1","mn":"ADBE Vector Graphic - Fill","hd":false},{"ty":"tr","p":{"a":0,"k":[511.97,848.371],"ix":2},"a":{"a":0,"k":[0,0],"ix":1},"s":{"a":0,"k":[100,100],"ix":3},"r":{"a":0,"k":0,"ix":6},"o":{"a":0,"k":100,"ix":7},"sk":{"a":0,"k":0,"ix":4},"sa":{"a":0,"k":0,"ix":5},"nm":"Transform"}],"nm":"Group 1","np":2,"cix":2,"bm":0,"ix":1,"mn":"ADBE Vector Group","hd":false},{"ty":"gr","it":[{"ind":0,"ty":"sh","ix":1,"ks":{"a":0,"k":{"i":[[0,0],[0,0],[0,0],[0.16,-21.759],[0,0],[0,0],[0,0],[0,0]],"o":[[0,0],[0,0],[1.12,0],[0,0],[0,0],[0,0],[0,0],[0,0]],"v":[[186.12,15.56],[186.04,-98.759],[-180.92,-98.759],[-180.84,15.96],[-233,15.96],[-233,98.76],[233,98.76],[233,15.96]],"c":true},"ix":2},"nm":"Path 1","mn":"ADBE Vector Shape - Group","hd":false},{"ty":"fl","c":{"a":0,"k":[0.525,0.361000001197,0.313999998803,1],"ix":4},"o":{"a":0,"k":100,"ix":5},"r":1,"bm":0,"nm":"Fill 1","mn":"ADBE Vector Graphic - Fill","hd":false},{"ty":"tr","p":{"a":0,"k":[510.21,849.89],"ix":2},"a":{"a":0,"k":[0,0],"ix":1},"s":{"a":0,"k":[100,100],"ix":3},"r":{"a":0,"k":0,"ix":6},"o":{"a":0,"k":100,"ix":7},"sk":{"a":0,"k":0,"ix":4},"sa":{"a":0,"k":0,"ix":5},"nm":"Transform"}],"nm":"Group 2","np":2,"cix":2,"bm":0,"ix":2,"mn":"ADBE Vector Group","hd":false},{"ty":"gr","it":[{"ind":0,"ty":"sh","ix":1,"ks":{"a":0,"k":{"i":[[9.92,0.56],[7.52,-32.48],[0.72,-2.8],[-27.12,-41.76],[-8.48,8.479],[31.12,61.68],[0.72,60.96]],"o":[[-4.64,-0.24],[-2.88,12.48],[-0.72,2.8],[26.24,40.4],[8.48,-8.481],[-17.92,-35.36],[-0.48,-40.32]],"v":[[-50.32,-177.079],[-57.76,-70.919],[-68.4,-53.079],[-25.84,86.6],[60.64,168.841],[-8.08,70.281],[-44.96,-79.319]],"c":true},"ix":2},"nm":"Path 1","mn":"ADBE Vector Shape - Group","hd":false},{"ty":"fl","c":{"a":0,"k":[0.819999964097,0.438999998803,0.109999997008,1],"ix":4},"o":{"a":0,"k":100,"ix":5},"r":1,"bm":0,"nm":"Fill 1","mn":"ADBE Vector Graphic - Fill","hd":false},{"ty":"tr","p":{"a":0,"k":[328.57,316.93],"ix":2},"a":{"a":0,"k":[0,0],"ix":1},"s":{"a":0,"k":[100,100],"ix":3},"r":{"a":0,"k":0,"ix":6},"o":{"a":0,"k":100,"ix":7},"sk":{"a":0,"k":0,"ix":4},"sa":{"a":0,"k":0,"ix":5},"nm":"Transform"}],"nm":"Group 3","np":2,"cix":2,"bm":0,"ix":3,"mn":"ADBE Vector Group","hd":false},{"ty":"gr","it":[{"ind":0,"ty":"sh","ix":1,"ks":{"a":0,"k":{"i":[[20.48,-1.6],[38.96,-92.8],[-2.16,-5.68],[-32.88,46.64],[-8.56,51.04]],"o":[[-18.4,1.44],[-41.76,99.28],[2.16,5.679],[30.48,-43.2],[8.4,-51.04]],"v":[[59.6,-189.88],[14.96,52.521],[-77.92,185.8],[9.28,129.081],[66.72,-3.479]],"c":true},"ix":2},"nm":"Path 1","mn":"ADBE Vector Shape - Group","hd":false},{"ty":"fl","c":{"a":0,"k":[0.819999964097,0.438999998803,0.109999997008,1],"ix":4},"o":{"a":0,"k":100,"ix":5},"r":1,"bm":0,"nm":"Fill 1","mn":"ADBE Vector Graphic - Fill","hd":false},{"ty":"tr","p":{"a":0,"k":[672.01,312.77],"ix":2},"a":{"a":0,"k":[0,0],"ix":1},"s":{"a":0,"k":[100,100],"ix":3},"r":{"a":0,"k":0,"ix":6},"o":{"a":0,"k":100,"ix":7},"sk":{"a":0,"k":0,"ix":4},"sa":{"a":0,"k":0,"ix":5},"nm":"Transform"}],"nm":"Group 4","np":2,"cix":2,"bm":0,"ix":4,"mn":"ADBE Vector Group","hd":false},{"ty":"gr","it":[{"ind":0,"ty":"sh","ix":1,"ks":{"a":0,"k":{"i":[[-4.24,4],[-148.88,1.28],[-3.76,-2.56],[2.08,-5.68],[12,4.96],[143.2,-4.48],[6.16,-3.52],[4.24,5.68]],"o":[[6.56,-6.08],[160.16,-1.44],[4.24,2.8],[-2.16,5.68],[-12.08,-4.96],[-137.52,4.24],[-4.96,2.8],[-4.32,-5.6]],"v":[[-221.52,14.88],[-3.2,-39.68],[220.8,7.84],[227.92,29.12],[209.52,31.92],[-5.28,-12],[-207.28,37.6],[-225.68,35.44]],"c":true},"ix":2},"nm":"Path 1","mn":"ADBE Vector Shape - Group","hd":false},{"ty":"fl","c":{"a":0,"k":[0.819999964097,0.438999998803,0.109999997008,1],"ix":4},"o":{"a":0,"k":100,"ix":5},"r":1,"bm":0,"nm":"Fill 1","mn":"ADBE Vector Graphic - Fill","hd":false},{"ty":"tr","p":{"a":0,"k":[503.69,74.65],"ix":2},"a":{"a":0,"k":[0,0],"ix":1},"s":{"a":0,"k":[100,100],"ix":3},"r":{"a":0,"k":0,"ix":6},"o":{"a":0,"k":100,"ix":7},"sk":{"a":0,"k":0,"ix":4},"sa":{"a":0,"k":0,"ix":5},"nm":"Transform"}],"nm":"Group 5","np":2,"cix":2,"bm":0,"ix":5,"mn":"ADBE Vector Group","hd":false},{"ty":"gr","it":[{"ind":0,"ty":"sh","ix":1,"ks":{"a":0,"k":{"i":[[0,0],[-38.96,0],[0,0],[0,0],[31.52,0.4],[0,0]],"o":[[0,0],[38.96,0],[0,0],[0,0],[-26.24,-0.321],[0,0]],"v":[[-53.88,-18.16],[-0.76,-32],[54.92,-17.04],[55.96,31.039],[-1.48,22.56],[-55.96,32]],"c":true},"ix":2},"nm":"Path 1","mn":"ADBE Vector Shape - Group","hd":false},{"ty":"fl","c":{"a":0,"k":[0.819999964097,0.438999998803,0.109999997008,1],"ix":4},"o":{"a":0,"k":100,"ix":5},"r":1,"bm":0,"nm":"Fill 1","mn":"ADBE Vector Graphic - Fill","hd":false},{"ty":"tr","p":{"a":0,"k":[506.21,585.211],"ix":2},"a":{"a":0,"k":[0,0],"ix":1},"s":{"a":0,"k":[100,100],"ix":3},"r":{"a":0,"k":0,"ix":6},"o":{"a":0,"k":100,"ix":7},"sk":{"a":0,"k":0,"ix":4},"sa":{"a":0,"k":0,"ix":5},"nm":"Transform"}],"nm":"Group 6","np":2,"cix":2,"bm":0,"ix":6,"mn":"ADBE Vector Group","hd":false},{"ty":"gr","it":[{"ind":0,"ty":"sh","ix":1,"ks":{"a":0,"k":{"i":[[1.2,-14.239],[0,0],[-7.12,-36.8],[0,0],[-0.56,33.28],[0,0]],"o":[[0,0],[0,0],[7.12,36.879],[0,0],[0.56,-33.279],[0,0]],"v":[[-24.12,-90.041],[21.08,-90.601],[29.4,-4.44],[46.04,73.399],[-45.48,70.999],[-31.24,-27.081]],"c":true},"ix":2},"nm":"Path 1","mn":"ADBE Vector Shape - Group","hd":false},{"ty":"fl","c":{"a":0,"k":[1,0.658999992819,0.156999999402,1],"ix":4},"o":{"a":0,"k":100,"ix":5},"r":1,"bm":0,"nm":"Fill 1","mn":"ADBE Vector Graphic - Fill","hd":false},{"ty":"tr","p":{"a":0,"k":[510.45,688.29],"ix":2},"a":{"a":0,"k":[0,0],"ix":1},"s":{"a":0,"k":[100,100],"ix":3},"r":{"a":0,"k":0,"ix":6},"o":{"a":0,"k":100,"ix":7},"sk":{"a":0,"k":0,"ix":4},"sa":{"a":0,"k":0,"ix":5},"nm":"Transform"}],"nm":"Group 8","np":2,"cix":2,"bm":0,"ix":8,"mn":"ADBE Vector Group","hd":false},{"ty":"gr","it":[{"ind":0,"ty":"sh","ix":1,"ks":{"a":0,"k":{"i":[[20.32,-32.96],[25.68,-17.44],[13.92,-9.44],[-2.56,8.24],[-3.04,14.32],[0,0],[-10.08,10.88],[-9.44,15.92],[-44.32,-31.04]],"o":[[-17.2,27.84],[-33.12,22.48],[3.2,-8.48],[4.16,-10.88],[8,-37.6],[0,0],[10.08,-10.88],[14.72,-24.88],[25.6,18]],"v":[[410.96,-62.881],[333.28,3.119],[236.96,68.799],[245.52,43.679],[257.12,5.199],[266.48,-65.28],[292.88,-71.52],[316.16,-132.08],[404.72,-151.52]],"c":true},"ix":2},"nm":"Path 1","mn":"ADBE Vector Shape - Group","hd":false},{"ind":1,"ty":"sh","ix":2,"ks":{"a":0,"k":{"i":[[46,32.56],[15.68,31.12],[-39.68,6.16],[-5.44,-12.4],[0,0],[-2.24,-13.28],[0,-0.4],[-0.08,-0.4],[-3.04,-12.88],[-0.08,-0.32],[-1.84,-6.32],[-5.52,-14.72]],"o":[[-21.68,-15.28],[-20.88,-41.52],[82.4,-12.96],[5.44,12.4],[0,0],[0.08,0.4],[0.08,0.4],[1.52,9.04],[0.08,0.32],[1.68,7.28],[3.68,13.28],[-8,-5.44]],"v":[[-335.52,-5.361],[-410.88,-72.16],[-375.12,-170.001],[-285.76,-68.241],[-264.8,-55.04],[-262,-34.881],[-261.84,-33.76],[-261.6,-32.561],[-254.88,0.639],[-254.64,1.6],[-249.36,22.079],[-235.68,64.4]],"c":true},"ix":2},"nm":"Path 2","mn":"ADBE Vector Shape - Group","hd":false},{"ind":2,"ty":"sh","ix":3,"ks":{"a":0,"k":{"i":[[6.16,74.56],[30.32,-10.8],[6.72,-28.8],[6.24,-2.4],[0,0],[-0.32,20.32],[0,0],[5.44,7.84],[0,0],[10.08,-4.72],[0,0],[0,0],[1.52,-4.64],[0,0],[17.04,-7.759],[66,-0.72],[0,0],[0,0],[0,0],[0,0],[0,0],[0,0],[0,0],[10.08,2.32],[0,0],[0.72,-3.12],[0,0],[-2.32,-16.32],[11.6,1.6],[44.24,21.76],[23.36,-47.36],[-73.04,-52.08],[-12.32,-41.76],[0,0],[-11.92,26],[-0.56,7.28],[-48.64,-14.72],[-28.8,0],[-4.08,0.16],[-27.92,13.84],[-22.56,30.239],[-8.4,-14.16],[0,0],[-6.96,48.159],[-48.16,31.04]],"o":[[-6.24,-74.56],[-30.32,10.8],[-5.44,23.28],[-6.88,2.56],[0,0],[0.8,-41.92],[0,0],[-5.44,-7.76],[0,0],[-10.08,4.72],[0,0],[0,0],[-1.52,4.64],[0,0],[-17.12,7.76],[-66,0.8],[0,0],[0,0],[0,0],[0,0],[0,0],[0,0],[0,0],[-10.08,-2.32],[0,0],[-0.8,3.12],[0,0],[2.32,16.32],[-11.68,-1.52],[-38.32,-18.88],[-23.28,47.36],[73.04,52.08],[14.72,49.68],[0,0],[3.84,-8.4],[27.6,36],[18.4,6.32],[4.16,0],[33.68,-1.2],[37.68,-17.439],[-0.64,7.199],[14.72,24.88],[0,0],[6.96,-48.161],[48.32,-31.12]],"v":[[453.68,-111.04],[343.36,-192.64],[286.64,-132.801],[269.52,-91.6],[256.32,-90.08],[255.52,-160.801],[269.12,-213.441],[260.96,-235.441],[245.44,-253.28],[237.68,-228.4],[216.72,-230.72],[226.8,-188.801],[208.96,24.8],[146.08,135.84],[93.28,177.039],[-4.56,205.759],[-127.28,154.48],[-184,100.079],[-225.92,-23.441],[-232.16,-149.28],[-229.52,-195.04],[-227.68,-214.16],[-230.64,-223.84],[-246.16,-220.72],[-260.16,-236.241],[-264.8,-226.881],[-266.4,-216.561],[-253.2,-188.801],[-265.6,-106.48],[-317.68,-186.48],[-436.56,-152.321],[-369.76,3.04],[-206.64,140.639],[-225.28,219.84],[-189.12,190.479],[-183.28,162.559],[-70.32,243.759],[-2.4,253.28],[9.92,252.96],[100.32,231.6],[189.76,157.28],[201.92,196.559],[241.52,222.96],[214.32,154.64],[301.28,58.319]],"c":true},"ix":2},"nm":"Path 3","mn":"ADBE Vector Shape - Group","hd":false},{"ty":"mm","mm":1,"nm":"Merge Paths 1","mn":"ADBE Vector Filter - Merge","hd":false},{"ty":"fl","c":{"a":0,"k":[1,0.658999992819,0.156999999402,1],"ix":4},"o":{"a":0,"k":100,"ix":5},"r":1,"bm":0,"nm":"Fill 1","mn":"ADBE Vector Graphic - Fill","hd":false},{"ty":"tr","p":{"a":0,"k":[507.85,319.931],"ix":2},"a":{"a":0,"k":[0,0],"ix":1},"s":{"a":0,"k":[100,100],"ix":3},"r":{"a":0,"k":0,"ix":6},"o":{"a":0,"k":100,"ix":7},"sk":{"a":0,"k":0,"ix":4},"sa":{"a":0,"k":0,"ix":5},"nm":"Transform"}],"nm":"Group 9","np":5,"cix":2,"bm":0,"ix":9,"mn":"ADBE Vector Group","hd":false},{"ty":"gr","it":[{"ind":0,"ty":"sh","ix":1,"ks":{"a":0,"k":{"i":[[-0.64,3.2],[0,0],[0,2.64],[0,0],[0,0],[0,0],[0,0]],"o":[[0.64,-3.28],[0,-1.92],[0,-2.64],[0,0],[0,0],[0,0],[0.08,0.08]],"v":[[212.48,22.84],[252.88,-144.12],[280.88,-161.72],[331.76,-247.16],[416.56,-243.88],[434.16,-159.8],[391.76,-90.04]],"c":true},"ix":2},"nm":"Path 1","mn":"ADBE Vector Shape - Group","hd":false},{"ind":1,"ty":"sh","ix":2,"ks":{"a":0,"k":{"i":[[0,0],[0,0],[0,0],[0,0],[-1.92,-3.28],[0,0],[0,0]],"o":[[0,0],[0,0],[0,0],[0,0],[1.92,3.28],[0,0],[0,0]],"v":[[-402.4,-102.36],[-433.68,-197.56],[-395.84,-247.08],[-353.44,-259.48],[-297.36,-215.8],[-262.8,-145.4],[-219.76,10.44]],"c":true},"ix":2},"nm":"Path 2","mn":"ADBE Vector Shape - Group","hd":false},{"ind":2,"ty":"sh","ix":3,"ks":{"a":0,"k":{"i":[[-17.76,14.64],[-56.16,53.44],[67.44,53.04],[0,0],[51.2,24],[75.12,-0.96],[59.52,-29.2],[0,0],[85.68,-54.24],[-41.2,-45.68],[-29.28,-21.92],[0,-18.8],[3.2,1.04],[14.32,-7.84],[-40.72,-4.16],[0,0],[0,0],[0,0],[0,0],[0,0],[18.8,-33.441],[0,0],[0,0],[0,0],[0,0],[20.4,40],[0,0],[0,0],[0,0],[2.08,-4.16],[-32.8,-15.84],[3.12,27.2],[5.2,-4.16],[3.12,15.68]],"o":[[17.76,-14.64],[43.84,-41.76],[-87.68,-68.88],[0,0],[-64.48,-30.24],[-72.8,0.88],[-53.28,26.16],[0,0],[-85.6,54.32],[53.68,59.52],[29.2,21.92],[0,18.8],[-3.12,-1.04],[-19.52,10.8],[39.44,4.08],[0,0],[0,0],[0,0],[0,0],[0,0],[-18.8,33.439],[0,0],[0,0],[0,0],[0,0],[-14.56,-28.64],[0,0],[0,0],[0,0],[-2.08,4.16],[32.4,15.68],[-3.12,-27.12],[-5.2,4.16],[-3.2,-15.52]],"v":[[269.84,45.32],[446.32,-86.2],[439.68,-290.04],[267.84,-286.6],[209.28,-351.48],[-12,-392.04],[-211.36,-353.16],[-267.84,-289.72],[-423.44,-302.28],[-443.28,-93.48],[-295.84,18.28],[-238.64,79.88],[-250.16,101.8],[-273.12,90.28],[-246,148.76],[-199.04,111.16],[-192.8,70.44],[-128.08,115.32],[-57.12,173.8],[-59.2,223.881],[-81.12,295.961],[-130.16,362.76],[-131.12,393],[132,386.76],[123.68,357.56],[69.36,280.28],[52.48,222.76],[51.84,150.921],[188.4,67.24],[200.96,82.92],[231.2,145.56],[286.56,114.2],[261.52,100.6],[241.68,90.12]],"c":true},"ix":2},"nm":"Path 3","mn":"ADBE Vector Shape - Group","hd":false},{"ty":"fl","c":{"a":0,"k":[0.995999983245,0.769000004787,0.090000002992,1],"ix":4},"o":{"a":0,"k":100,"ix":5},"r":1,"bm":0,"nm":"Fill 1","mn":"ADBE Vector Graphic - Fill","hd":false},{"ty":"tr","p":{"a":0,"k":[509.29,393.25],"ix":2},"a":{"a":0,"k":[0,0],"ix":1},"s":{"a":0,"k":[100,100],"ix":3},"r":{"a":0,"k":0,"ix":6},"o":{"a":0,"k":100,"ix":7},"sk":{"a":0,"k":0,"ix":4},"sa":{"a":0,"k":0,"ix":5},"nm":"Transform"}],"nm":"Group 10","np":4,"cix":2,"bm":0,"ix":10,"mn":"ADBE Vector Group","hd":false}],"ip":0,"op":136,"st":-18,"bm":0},{"ddd":0,"ind":13,"ty":4,"nm":"shine","tt":1,"sr":1,"ks":{"o":{"a":0,"k":100,"ix":11},"r":{"a":0,"k":0,"ix":10},"p":{"a":0,"k":[506.16,510.68,0],"ix":2,"l":2},"a":{"a":0,"k":[508.33,474.45,0],"ix":1,"l":2},"s":{"a":0,"k":[100,100,100],"ix":6,"l":2}},"ao":0,"shapes":[{"ty":"gr","it":[{"ind":0,"ty":"sh","ix":1,"ks":{"a":0,"k":{"i":[[0,0],[0.4,-11.201],[0,-6.16],[-12.64,-0.399],[-8.32,0],[-0.32,7.199],[0,8.24],[8.32,0]],"o":[[-9.04,-0.4],[-0.4,11.2],[0,6.161],[12.64,0.401],[8.32,0],[0.4,-7.2],[0,-13.68],[-8.96,-0.16]],"v":[[-65.08,-37.16],[-84.92,-24.52],[-85.32,25.239],[-67.64,37.159],[71.96,37.159],[84.92,22.76],[84.52,-23.001],[63.96,-36.681]],"c":true},"ix":2},"nm":"Path 1","mn":"ADBE Vector Shape - Group","hd":false},{"ty":"fl","c":{"a":0,"k":[0.987999949736,0.760999971278,0.097999999102,1],"ix":4},"o":{"a":0,"k":100,"ix":5},"r":1,"bm":0,"nm":"Fill 1","mn":"ADBE Vector Graphic - Fill","hd":false},{"ty":"tr","p":{"a":0,"k":[511.97,848.371],"ix":2},"a":{"a":0,"k":[0,0],"ix":1},"s":{"a":0,"k":[100,100],"ix":3},"r":{"a":0,"k":0,"ix":6},"o":{"a":0,"k":100,"ix":7},"sk":{"a":0,"k":0,"ix":4},"sa":{"a":0,"k":0,"ix":5},"nm":"Transform"}],"nm":"Group 1","np":2,"cix":2,"bm":0,"ix":1,"mn":"ADBE Vector Group","hd":false},{"ty":"gr","it":[{"ind":0,"ty":"sh","ix":1,"ks":{"a":0,"k":{"i":[[0,0],[0,0],[0,0],[0.16,-21.759],[0,0],[0,0],[0,0],[0,0]],"o":[[0,0],[0,0],[1.12,0],[0,0],[0,0],[0,0],[0,0],[0,0]],"v":[[186.12,15.56],[186.04,-98.759],[-180.92,-98.759],[-180.84,15.96],[-233,15.96],[-233,98.76],[233,98.76],[233,15.96]],"c":true},"ix":2},"nm":"Path 1","mn":"ADBE Vector Shape - Group","hd":false},{"ty":"fl","c":{"a":0,"k":[0.525,0.361000001197,0.313999998803,1],"ix":4},"o":{"a":0,"k":100,"ix":5},"r":1,"bm":0,"nm":"Fill 1","mn":"ADBE Vector Graphic - Fill","hd":false},{"ty":"tr","p":{"a":0,"k":[510.21,849.89],"ix":2},"a":{"a":0,"k":[0,0],"ix":1},"s":{"a":0,"k":[100,100],"ix":3},"r":{"a":0,"k":0,"ix":6},"o":{"a":0,"k":100,"ix":7},"sk":{"a":0,"k":0,"ix":4},"sa":{"a":0,"k":0,"ix":5},"nm":"Transform"}],"nm":"Group 2","np":2,"cix":2,"bm":0,"ix":2,"mn":"ADBE Vector Group","hd":false},{"ty":"gr","it":[{"ind":0,"ty":"sh","ix":1,"ks":{"a":0,"k":{"i":[[9.92,0.56],[7.52,-32.48],[0.72,-2.8],[-27.12,-41.76],[-8.48,8.479],[31.12,61.68],[0.72,60.96]],"o":[[-4.64,-0.24],[-2.88,12.48],[-0.72,2.8],[26.24,40.4],[8.48,-8.481],[-17.92,-35.36],[-0.48,-40.32]],"v":[[-50.32,-177.079],[-57.76,-70.919],[-68.4,-53.079],[-25.84,86.6],[60.64,168.841],[-8.08,70.281],[-44.96,-79.319]],"c":true},"ix":2},"nm":"Path 1","mn":"ADBE Vector Shape - Group","hd":false},{"ty":"fl","c":{"a":0,"k":[0.819999964097,0.438999998803,0.109999997008,1],"ix":4},"o":{"a":0,"k":100,"ix":5},"r":1,"bm":0,"nm":"Fill 1","mn":"ADBE Vector Graphic - Fill","hd":false},{"ty":"tr","p":{"a":0,"k":[328.57,316.93],"ix":2},"a":{"a":0,"k":[0,0],"ix":1},"s":{"a":0,"k":[100,100],"ix":3},"r":{"a":0,"k":0,"ix":6},"o":{"a":0,"k":100,"ix":7},"sk":{"a":0,"k":0,"ix":4},"sa":{"a":0,"k":0,"ix":5},"nm":"Transform"}],"nm":"Group 3","np":2,"cix":2,"bm":0,"ix":3,"mn":"ADBE Vector Group","hd":false},{"ty":"gr","it":[{"ind":0,"ty":"sh","ix":1,"ks":{"a":0,"k":{"i":[[20.48,-1.6],[38.96,-92.8],[-2.16,-5.68],[-32.88,46.64],[-8.56,51.04]],"o":[[-18.4,1.44],[-41.76,99.28],[2.16,5.679],[30.48,-43.2],[8.4,-51.04]],"v":[[59.6,-189.88],[14.96,52.521],[-77.92,185.8],[9.28,129.081],[66.72,-3.479]],"c":true},"ix":2},"nm":"Path 1","mn":"ADBE Vector Shape - Group","hd":false},{"ty":"fl","c":{"a":0,"k":[0.819999964097,0.438999998803,0.109999997008,1],"ix":4},"o":{"a":0,"k":100,"ix":5},"r":1,"bm":0,"nm":"Fill 1","mn":"ADBE Vector Graphic - Fill","hd":false},{"ty":"tr","p":{"a":0,"k":[672.01,312.77],"ix":2},"a":{"a":0,"k":[0,0],"ix":1},"s":{"a":0,"k":[100,100],"ix":3},"r":{"a":0,"k":0,"ix":6},"o":{"a":0,"k":100,"ix":7},"sk":{"a":0,"k":0,"ix":4},"sa":{"a":0,"k":0,"ix":5},"nm":"Transform"}],"nm":"Group 4","np":2,"cix":2,"bm":0,"ix":4,"mn":"ADBE Vector Group","hd":false},{"ty":"gr","it":[{"ind":0,"ty":"sh","ix":1,"ks":{"a":0,"k":{"i":[[-4.24,4],[-148.88,1.28],[-3.76,-2.56],[2.08,-5.68],[12,4.96],[143.2,-4.48],[6.16,-3.52],[4.24,5.68]],"o":[[6.56,-6.08],[160.16,-1.44],[4.24,2.8],[-2.16,5.68],[-12.08,-4.96],[-137.52,4.24],[-4.96,2.8],[-4.32,-5.6]],"v":[[-221.52,14.88],[-3.2,-39.68],[220.8,7.84],[227.92,29.12],[209.52,31.92],[-5.28,-12],[-207.28,37.6],[-225.68,35.44]],"c":true},"ix":2},"nm":"Path 1","mn":"ADBE Vector Shape - Group","hd":false},{"ty":"fl","c":{"a":0,"k":[0.819999964097,0.438999998803,0.109999997008,1],"ix":4},"o":{"a":0,"k":100,"ix":5},"r":1,"bm":0,"nm":"Fill 1","mn":"ADBE Vector Graphic - Fill","hd":false},{"ty":"tr","p":{"a":0,"k":[503.69,74.65],"ix":2},"a":{"a":0,"k":[0,0],"ix":1},"s":{"a":0,"k":[100,100],"ix":3},"r":{"a":0,"k":0,"ix":6},"o":{"a":0,"k":100,"ix":7},"sk":{"a":0,"k":0,"ix":4},"sa":{"a":0,"k":0,"ix":5},"nm":"Transform"}],"nm":"Group 5","np":2,"cix":2,"bm":0,"ix":5,"mn":"ADBE Vector Group","hd":false},{"ty":"gr","it":[{"ind":0,"ty":"sh","ix":1,"ks":{"a":0,"k":{"i":[[0,0],[-38.96,0],[0,0],[0,0],[31.52,0.4],[0,0]],"o":[[0,0],[38.96,0],[0,0],[0,0],[-26.24,-0.321],[0,0]],"v":[[-53.88,-18.16],[-0.76,-32],[54.92,-17.04],[55.96,31.039],[-1.48,22.56],[-55.96,32]],"c":true},"ix":2},"nm":"Path 1","mn":"ADBE Vector Shape - Group","hd":false},{"ty":"fl","c":{"a":0,"k":[0.819999964097,0.438999998803,0.109999997008,1],"ix":4},"o":{"a":0,"k":100,"ix":5},"r":1,"bm":0,"nm":"Fill 1","mn":"ADBE Vector Graphic - Fill","hd":false},{"ty":"tr","p":{"a":0,"k":[506.21,585.211],"ix":2},"a":{"a":0,"k":[0,0],"ix":1},"s":{"a":0,"k":[100,100],"ix":3},"r":{"a":0,"k":0,"ix":6},"o":{"a":0,"k":100,"ix":7},"sk":{"a":0,"k":0,"ix":4},"sa":{"a":0,"k":0,"ix":5},"nm":"Transform"}],"nm":"Group 6","np":2,"cix":2,"bm":0,"ix":6,"mn":"ADBE Vector Group","hd":false},{"ty":"gr","it":[{"ind":0,"ty":"sh","ix":1,"ks":{"a":1,"k":[{"i":{"x":0.833,"y":0.833},"o":{"x":1,"y":0},"t":-18,"s":[{"i":[[0,0],[-25.6,26.12],[0,0],[0,0],[16.916,-32.843],[0,0]],"o":[[0,0],[26.697,-27.239],[0,0],[0,0],[-16.4,31.84],[0,0]],"v":[[-128.84,68.48],[-72.96,2.28],[-36.04,-61.6],[-17.16,-60.8],[-40.16,12.56],[-99.64,82.6]],"c":true}]},{"i":{"x":0,"y":1},"o":{"x":0.167,"y":0.167},"t":20,"s":[{"i":[[0,0],[-6.4,37.6],[0,0],[0,0],[2.16,-36.88],[0,0]],"o":[[0,0],[6.4,-37.6],[0,0],[0,0],[-2.16,36.88],[0,0]],"v":[[-32.84,75.48],[4.04,-11.72],[13.96,-82.6],[32.84,-81.8],[28.84,9.56],[20.36,82.6]],"c":true}]},{"t":72,"s":[{"i":[[0,0],[17.615,33.829],[0,0],[0,0],[-20.4,-33.16],[0,0]],"o":[[0,0],[-16.6,-31.88],[0,0],[0,0],[19.357,31.466],[0,0]],"v":[[177.16,75.48],[122.04,-9.72],[110.96,-67.6],[129.84,-66.8],[160.84,12.56],[230.36,75.6]],"c":true}]}],"ix":2},"nm":"Path 1","mn":"ADBE Vector Shape - Group","hd":false},{"ty":"fl","c":{"a":0,"k":[1,0.936999990426,0.670999983245,1],"ix":4},"o":{"a":0,"k":100,"ix":5},"r":1,"bm":0,"nm":"Fill 1","mn":"ADBE Vector Graphic - Fill","hd":false},{"ty":"tr","p":{"a":0,"k":[461.73,680.37],"ix":2},"a":{"a":0,"k":[0,0],"ix":1},"s":{"a":0,"k":[100,100],"ix":3},"r":{"a":0,"k":0,"ix":6},"o":{"a":0,"k":100,"ix":7},"sk":{"a":0,"k":0,"ix":4},"sa":{"a":0,"k":0,"ix":5},"nm":"Transform"}],"nm":"Group 7","np":2,"cix":2,"bm":0,"ix":7,"mn":"ADBE Vector Group","hd":false},{"ty":"gr","it":[{"ind":0,"ty":"sh","ix":1,"ks":{"a":0,"k":{"i":[[1.2,-14.239],[0,0],[-7.12,-36.8],[0,0],[-0.56,33.28],[0,0]],"o":[[0,0],[0,0],[7.12,36.879],[0,0],[0.56,-33.279],[0,0]],"v":[[-24.12,-90.041],[21.08,-90.601],[29.4,-4.44],[46.04,73.399],[-45.48,70.999],[-31.24,-27.081]],"c":true},"ix":2},"nm":"Path 1","mn":"ADBE Vector Shape - Group","hd":false},{"ty":"fl","c":{"a":0,"k":[1,0.658999992819,0.156999999402,1],"ix":4},"o":{"a":0,"k":100,"ix":5},"r":1,"bm":0,"nm":"Fill 1","mn":"ADBE Vector Graphic - Fill","hd":false},{"ty":"tr","p":{"a":0,"k":[510.45,688.29],"ix":2},"a":{"a":0,"k":[0,0],"ix":1},"s":{"a":0,"k":[100,100],"ix":3},"r":{"a":0,"k":0,"ix":6},"o":{"a":0,"k":100,"ix":7},"sk":{"a":0,"k":0,"ix":4},"sa":{"a":0,"k":0,"ix":5},"nm":"Transform"}],"nm":"Group 8","np":2,"cix":2,"bm":0,"ix":8,"mn":"ADBE Vector Group","hd":false},{"ty":"gr","it":[{"ind":0,"ty":"sh","ix":1,"ks":{"a":0,"k":{"i":[[20.32,-32.96],[25.68,-17.44],[13.92,-9.44],[-2.56,8.24],[-3.04,14.32],[0,0],[-10.08,10.88],[-9.44,15.92],[-44.32,-31.04]],"o":[[-17.2,27.84],[-33.12,22.48],[3.2,-8.48],[4.16,-10.88],[8,-37.6],[0,0],[10.08,-10.88],[14.72,-24.88],[25.6,18]],"v":[[410.96,-62.881],[333.28,3.119],[236.96,68.799],[245.52,43.679],[257.12,5.199],[266.48,-65.28],[292.88,-71.52],[316.16,-132.08],[404.72,-151.52]],"c":true},"ix":2},"nm":"Path 1","mn":"ADBE Vector Shape - Group","hd":false},{"ind":1,"ty":"sh","ix":2,"ks":{"a":0,"k":{"i":[[46,32.56],[15.68,31.12],[-39.68,6.16],[-5.44,-12.4],[0,0],[-2.24,-13.28],[0,-0.4],[-0.08,-0.4],[-3.04,-12.88],[-0.08,-0.32],[-1.84,-6.32],[-5.52,-14.72]],"o":[[-21.68,-15.28],[-20.88,-41.52],[82.4,-12.96],[5.44,12.4],[0,0],[0.08,0.4],[0.08,0.4],[1.52,9.04],[0.08,0.32],[1.68,7.28],[3.68,13.28],[-8,-5.44]],"v":[[-335.52,-5.361],[-410.88,-72.16],[-375.12,-170.001],[-285.76,-68.241],[-264.8,-55.04],[-262,-34.881],[-261.84,-33.76],[-261.6,-32.561],[-254.88,0.639],[-254.64,1.6],[-249.36,22.079],[-235.68,64.4]],"c":true},"ix":2},"nm":"Path 2","mn":"ADBE Vector Shape - Group","hd":false},{"ind":2,"ty":"sh","ix":3,"ks":{"a":0,"k":{"i":[[6.16,74.56],[30.32,-10.8],[6.72,-28.8],[6.24,-2.4],[0,0],[-0.32,20.32],[0,0],[5.44,7.84],[0,0],[10.08,-4.72],[0,0],[0,0],[1.52,-4.64],[0,0],[17.04,-7.759],[66,-0.72],[0,0],[0,0],[0,0],[0,0],[0,0],[0,0],[0,0],[10.08,2.32],[0,0],[0.72,-3.12],[0,0],[-2.32,-16.32],[11.6,1.6],[44.24,21.76],[23.36,-47.36],[-73.04,-52.08],[-12.32,-41.76],[0,0],[-11.92,26],[-0.56,7.28],[-48.64,-14.72],[-28.8,0],[-4.08,0.16],[-27.92,13.84],[-22.56,30.239],[-8.4,-14.16],[0,0],[-6.96,48.159],[-48.16,31.04]],"o":[[-6.24,-74.56],[-30.32,10.8],[-5.44,23.28],[-6.88,2.56],[0,0],[0.8,-41.92],[0,0],[-5.44,-7.76],[0,0],[-10.08,4.72],[0,0],[0,0],[-1.52,4.64],[0,0],[-17.12,7.76],[-66,0.8],[0,0],[0,0],[0,0],[0,0],[0,0],[0,0],[0,0],[-10.08,-2.32],[0,0],[-0.8,3.12],[0,0],[2.32,16.32],[-11.68,-1.52],[-38.32,-18.88],[-23.28,47.36],[73.04,52.08],[14.72,49.68],[0,0],[3.84,-8.4],[27.6,36],[18.4,6.32],[4.16,0],[33.68,-1.2],[37.68,-17.439],[-0.64,7.199],[14.72,24.88],[0,0],[6.96,-48.161],[48.32,-31.12]],"v":[[453.68,-111.04],[343.36,-192.64],[286.64,-132.801],[269.52,-91.6],[256.32,-90.08],[255.52,-160.801],[269.12,-213.441],[260.96,-235.441],[245.44,-253.28],[237.68,-228.4],[216.72,-230.72],[226.8,-188.801],[208.96,24.8],[146.08,135.84],[93.28,177.039],[-4.56,205.759],[-127.28,154.48],[-184,100.079],[-225.92,-23.441],[-232.16,-149.28],[-229.52,-195.04],[-227.68,-214.16],[-230.64,-223.84],[-246.16,-220.72],[-260.16,-236.241],[-264.8,-226.881],[-266.4,-216.561],[-253.2,-188.801],[-265.6,-106.48],[-317.68,-186.48],[-436.56,-152.321],[-369.76,3.04],[-206.64,140.639],[-225.28,219.84],[-189.12,190.479],[-183.28,162.559],[-70.32,243.759],[-2.4,253.28],[9.92,252.96],[100.32,231.6],[189.76,157.28],[201.92,196.559],[241.52,222.96],[214.32,154.64],[301.28,58.319]],"c":true},"ix":2},"nm":"Path 3","mn":"ADBE Vector Shape - Group","hd":false},{"ty":"mm","mm":1,"nm":"Merge Paths 1","mn":"ADBE Vector Filter - Merge","hd":false},{"ty":"fl","c":{"a":0,"k":[1,0.658999992819,0.156999999402,1],"ix":4},"o":{"a":0,"k":100,"ix":5},"r":1,"bm":0,"nm":"Fill 1","mn":"ADBE Vector Graphic - Fill","hd":false},{"ty":"tr","p":{"a":0,"k":[507.85,319.931],"ix":2},"a":{"a":0,"k":[0,0],"ix":1},"s":{"a":0,"k":[100,100],"ix":3},"r":{"a":0,"k":0,"ix":6},"o":{"a":0,"k":100,"ix":7},"sk":{"a":0,"k":0,"ix":4},"sa":{"a":0,"k":0,"ix":5},"nm":"Transform"}],"nm":"Group 9","np":5,"cix":2,"bm":0,"ix":9,"mn":"ADBE Vector Group","hd":false},{"ty":"gr","it":[{"ind":0,"ty":"sh","ix":1,"ks":{"a":0,"k":{"i":[[-0.64,3.2],[0,0],[0,2.64],[0,0],[0,0],[0,0],[0,0]],"o":[[0.64,-3.28],[0,-1.92],[0,-2.64],[0,0],[0,0],[0,0],[0.08,0.08]],"v":[[212.48,22.84],[252.88,-144.12],[280.88,-161.72],[331.76,-247.16],[416.56,-243.88],[434.16,-159.8],[391.76,-90.04]],"c":true},"ix":2},"nm":"Path 1","mn":"ADBE Vector Shape - Group","hd":false},{"ind":1,"ty":"sh","ix":2,"ks":{"a":0,"k":{"i":[[0,0],[0,0],[0,0],[0,0],[-1.92,-3.28],[0,0],[0,0]],"o":[[0,0],[0,0],[0,0],[0,0],[1.92,3.28],[0,0],[0,0]],"v":[[-402.4,-102.36],[-433.68,-197.56],[-395.84,-247.08],[-353.44,-259.48],[-297.36,-215.8],[-262.8,-145.4],[-219.76,10.44]],"c":true},"ix":2},"nm":"Path 2","mn":"ADBE Vector Shape - Group","hd":false},{"ind":2,"ty":"sh","ix":3,"ks":{"a":0,"k":{"i":[[-17.76,14.64],[-56.16,53.44],[67.44,53.04],[0,0],[51.2,24],[75.12,-0.96],[59.52,-29.2],[0,0],[85.68,-54.24],[-41.2,-45.68],[-29.28,-21.92],[0,-18.8],[3.2,1.04],[14.32,-7.84],[-40.72,-4.16],[0,0],[0,0],[0,0],[0,0],[0,0],[18.8,-33.441],[0,0],[0,0],[0,0],[0,0],[20.4,40],[0,0],[0,0],[0,0],[2.08,-4.16],[-32.8,-15.84],[3.12,27.2],[5.2,-4.16],[3.12,15.68]],"o":[[17.76,-14.64],[43.84,-41.76],[-87.68,-68.88],[0,0],[-64.48,-30.24],[-72.8,0.88],[-53.28,26.16],[0,0],[-85.6,54.32],[53.68,59.52],[29.2,21.92],[0,18.8],[-3.12,-1.04],[-19.52,10.8],[39.44,4.08],[0,0],[0,0],[0,0],[0,0],[0,0],[-18.8,33.439],[0,0],[0,0],[0,0],[0,0],[-14.56,-28.64],[0,0],[0,0],[0,0],[-2.08,4.16],[32.4,15.68],[-3.12,-27.12],[-5.2,4.16],[-3.2,-15.52]],"v":[[269.84,45.32],[446.32,-86.2],[439.68,-290.04],[267.84,-286.6],[209.28,-351.48],[-12,-392.04],[-211.36,-353.16],[-267.84,-289.72],[-423.44,-302.28],[-443.28,-93.48],[-295.84,18.28],[-238.64,79.88],[-250.16,101.8],[-273.12,90.28],[-246,148.76],[-199.04,111.16],[-192.8,70.44],[-128.08,115.32],[-57.12,173.8],[-59.2,223.881],[-81.12,295.961],[-130.16,362.76],[-131.12,393],[132,386.76],[123.68,357.56],[69.36,280.28],[52.48,222.76],[51.84,150.921],[188.4,67.24],[200.96,82.92],[231.2,145.56],[286.56,114.2],[261.52,100.6],[241.68,90.12]],"c":true},"ix":2},"nm":"Path 3","mn":"ADBE Vector Shape - Group","hd":false},{"ty":"fl","c":{"a":0,"k":[0.995999983245,0.769000004787,0.090000002992,1],"ix":4},"o":{"a":0,"k":100,"ix":5},"r":1,"bm":0,"nm":"Fill 1","mn":"ADBE Vector Graphic - Fill","hd":false},{"ty":"tr","p":{"a":0,"k":[509.29,393.25],"ix":2},"a":{"a":0,"k":[0,0],"ix":1},"s":{"a":0,"k":[100,100],"ix":3},"r":{"a":0,"k":0,"ix":6},"o":{"a":0,"k":100,"ix":7},"sk":{"a":0,"k":0,"ix":4},"sa":{"a":0,"k":0,"ix":5},"nm":"Transform"}],"nm":"Group 10","np":4,"cix":2,"bm":0,"ix":10,"mn":"ADBE Vector Group","hd":false}],"ip":0,"op":136,"st":-18,"bm":0},{"ddd":0,"ind":14,"ty":4,"nm":"Trophy","sr":1,"ks":{"o":{"a":0,"k":100,"ix":11},"r":{"a":0,"k":0,"ix":10},"p":{"a":0,"k":[506.16,510.68,0],"ix":2,"l":2},"a":{"a":0,"k":[508.33,474.45,0],"ix":1,"l":2},"s":{"a":0,"k":[100,100,100],"ix":6,"l":2}},"ao":0,"shapes":[{"ty":"gr","it":[{"ind":0,"ty":"sh","ix":1,"ks":{"a":0,"k":{"i":[[0,0],[0.4,-11.201],[0,-6.16],[-12.64,-0.399],[-8.32,0],[-0.32,7.199],[0,8.24],[8.32,0]],"o":[[-9.04,-0.4],[-0.4,11.2],[0,6.161],[12.64,0.401],[8.32,0],[0.4,-7.2],[0,-13.68],[-8.96,-0.16]],"v":[[-65.08,-37.16],[-84.92,-24.52],[-85.32,25.239],[-67.64,37.159],[71.96,37.159],[84.92,22.76],[84.52,-23.001],[63.96,-36.681]],"c":true},"ix":2},"nm":"Path 1","mn":"ADBE Vector Shape - Group","hd":false},{"ty":"fl","c":{"a":0,"k":[0.987999949736,0.760999971278,0.097999999102,1],"ix":4},"o":{"a":0,"k":100,"ix":5},"r":1,"bm":0,"nm":"Fill 1","mn":"ADBE Vector Graphic - Fill","hd":false},{"ty":"tr","p":{"a":0,"k":[511.97,848.371],"ix":2},"a":{"a":0,"k":[0,0],"ix":1},"s":{"a":0,"k":[100,100],"ix":3},"r":{"a":0,"k":0,"ix":6},"o":{"a":0,"k":100,"ix":7},"sk":{"a":0,"k":0,"ix":4},"sa":{"a":0,"k":0,"ix":5},"nm":"Transform"}],"nm":"Group 1","np":2,"cix":2,"bm":0,"ix":1,"mn":"ADBE Vector Group","hd":false},{"ty":"gr","it":[{"ind":0,"ty":"sh","ix":1,"ks":{"a":0,"k":{"i":[[0,0],[0,0],[0,0],[0.16,-21.759],[0,0],[0,0],[0,0],[0,0]],"o":[[0,0],[0,0],[1.12,0],[0,0],[0,0],[0,0],[0,0],[0,0]],"v":[[186.12,15.56],[186.04,-98.759],[-180.92,-98.759],[-180.84,15.96],[-233,15.96],[-233,98.76],[233,98.76],[233,15.96]],"c":true},"ix":2},"nm":"Path 1","mn":"ADBE Vector Shape - Group","hd":false},{"ty":"fl","c":{"a":0,"k":[0.525,0.361000001197,0.313999998803,1],"ix":4},"o":{"a":0,"k":100,"ix":5},"r":1,"bm":0,"nm":"Fill 1","mn":"ADBE Vector Graphic - Fill","hd":false},{"ty":"tr","p":{"a":0,"k":[510.21,849.89],"ix":2},"a":{"a":0,"k":[0,0],"ix":1},"s":{"a":0,"k":[100,100],"ix":3},"r":{"a":0,"k":0,"ix":6},"o":{"a":0,"k":100,"ix":7},"sk":{"a":0,"k":0,"ix":4},"sa":{"a":0,"k":0,"ix":5},"nm":"Transform"}],"nm":"Group 2","np":2,"cix":2,"bm":0,"ix":2,"mn":"ADBE Vector Group","hd":false},{"ty":"gr","it":[{"ind":0,"ty":"sh","ix":1,"ks":{"a":0,"k":{"i":[[9.92,0.56],[7.52,-32.48],[0.72,-2.8],[-27.12,-41.76],[-8.48,8.479],[31.12,61.68],[0.72,60.96]],"o":[[-4.64,-0.24],[-2.88,12.48],[-0.72,2.8],[26.24,40.4],[8.48,-8.481],[-17.92,-35.36],[-0.48,-40.32]],"v":[[-50.32,-177.079],[-57.76,-70.919],[-68.4,-53.079],[-25.84,86.6],[60.64,168.841],[-8.08,70.281],[-44.96,-79.319]],"c":true},"ix":2},"nm":"Path 1","mn":"ADBE Vector Shape - Group","hd":false},{"ty":"fl","c":{"a":0,"k":[0.819999964097,0.438999998803,0.109999997008,1],"ix":4},"o":{"a":0,"k":100,"ix":5},"r":1,"bm":0,"nm":"Fill 1","mn":"ADBE Vector Graphic - Fill","hd":false},{"ty":"tr","p":{"a":0,"k":[328.57,316.93],"ix":2},"a":{"a":0,"k":[0,0],"ix":1},"s":{"a":0,"k":[100,100],"ix":3},"r":{"a":0,"k":0,"ix":6},"o":{"a":0,"k":100,"ix":7},"sk":{"a":0,"k":0,"ix":4},"sa":{"a":0,"k":0,"ix":5},"nm":"Transform"}],"nm":"Group 3","np":2,"cix":2,"bm":0,"ix":3,"mn":"ADBE Vector Group","hd":false},{"ty":"gr","it":[{"ind":0,"ty":"sh","ix":1,"ks":{"a":0,"k":{"i":[[20.48,-1.6],[38.96,-92.8],[-2.16,-5.68],[-32.88,46.64],[-8.56,51.04]],"o":[[-18.4,1.44],[-41.76,99.28],[2.16,5.679],[30.48,-43.2],[8.4,-51.04]],"v":[[59.6,-189.88],[14.96,52.521],[-77.92,185.8],[9.28,129.081],[66.72,-3.479]],"c":true},"ix":2},"nm":"Path 1","mn":"ADBE Vector Shape - Group","hd":false},{"ty":"fl","c":{"a":0,"k":[0.819999964097,0.438999998803,0.109999997008,1],"ix":4},"o":{"a":0,"k":100,"ix":5},"r":1,"bm":0,"nm":"Fill 1","mn":"ADBE Vector Graphic - Fill","hd":false},{"ty":"tr","p":{"a":0,"k":[672.01,312.77],"ix":2},"a":{"a":0,"k":[0,0],"ix":1},"s":{"a":0,"k":[100,100],"ix":3},"r":{"a":0,"k":0,"ix":6},"o":{"a":0,"k":100,"ix":7},"sk":{"a":0,"k":0,"ix":4},"sa":{"a":0,"k":0,"ix":5},"nm":"Transform"}],"nm":"Group 4","np":2,"cix":2,"bm":0,"ix":4,"mn":"ADBE Vector Group","hd":false},{"ty":"gr","it":[{"ind":0,"ty":"sh","ix":1,"ks":{"a":0,"k":{"i":[[-4.24,4],[-148.88,1.28],[-3.76,-2.56],[2.08,-5.68],[12,4.96],[143.2,-4.48],[6.16,-3.52],[4.24,5.68]],"o":[[6.56,-6.08],[160.16,-1.44],[4.24,2.8],[-2.16,5.68],[-12.08,-4.96],[-137.52,4.24],[-4.96,2.8],[-4.32,-5.6]],"v":[[-221.52,14.88],[-3.2,-39.68],[220.8,7.84],[227.92,29.12],[209.52,31.92],[-5.28,-12],[-207.28,37.6],[-225.68,35.44]],"c":true},"ix":2},"nm":"Path 1","mn":"ADBE Vector Shape - Group","hd":false},{"ty":"fl","c":{"a":0,"k":[0.819999964097,0.438999998803,0.109999997008,1],"ix":4},"o":{"a":0,"k":100,"ix":5},"r":1,"bm":0,"nm":"Fill 1","mn":"ADBE Vector Graphic - Fill","hd":false},{"ty":"tr","p":{"a":0,"k":[503.69,74.65],"ix":2},"a":{"a":0,"k":[0,0],"ix":1},"s":{"a":0,"k":[100,100],"ix":3},"r":{"a":0,"k":0,"ix":6},"o":{"a":0,"k":100,"ix":7},"sk":{"a":0,"k":0,"ix":4},"sa":{"a":0,"k":0,"ix":5},"nm":"Transform"}],"nm":"Group 5","np":2,"cix":2,"bm":0,"ix":5,"mn":"ADBE Vector Group","hd":false},{"ty":"gr","it":[{"ind":0,"ty":"sh","ix":1,"ks":{"a":0,"k":{"i":[[0,0],[-38.96,0],[0,0],[0,0],[31.52,0.4],[0,0]],"o":[[0,0],[38.96,0],[0,0],[0,0],[-26.24,-0.321],[0,0]],"v":[[-53.88,-18.16],[-0.76,-32],[54.92,-17.04],[55.96,31.039],[-1.48,22.56],[-55.96,32]],"c":true},"ix":2},"nm":"Path 1","mn":"ADBE Vector Shape - Group","hd":false},{"ty":"fl","c":{"a":0,"k":[0.819999964097,0.438999998803,0.109999997008,1],"ix":4},"o":{"a":0,"k":100,"ix":5},"r":1,"bm":0,"nm":"Fill 1","mn":"ADBE Vector Graphic - Fill","hd":false},{"ty":"tr","p":{"a":0,"k":[506.21,585.211],"ix":2},"a":{"a":0,"k":[0,0],"ix":1},"s":{"a":0,"k":[100,100],"ix":3},"r":{"a":0,"k":0,"ix":6},"o":{"a":0,"k":100,"ix":7},"sk":{"a":0,"k":0,"ix":4},"sa":{"a":0,"k":0,"ix":5},"nm":"Transform"}],"nm":"Group 6","np":2,"cix":2,"bm":0,"ix":6,"mn":"ADBE Vector Group","hd":false},{"ty":"gr","it":[{"ind":0,"ty":"sh","ix":1,"ks":{"a":0,"k":{"i":[[1.2,-14.239],[0,0],[-7.12,-36.8],[0,0],[-0.56,33.28],[0,0]],"o":[[0,0],[0,0],[7.12,36.879],[0,0],[0.56,-33.279],[0,0]],"v":[[-24.12,-90.041],[21.08,-90.601],[29.4,-4.44],[46.04,73.399],[-45.48,70.999],[-31.24,-27.081]],"c":true},"ix":2},"nm":"Path 1","mn":"ADBE Vector Shape - Group","hd":false},{"ty":"fl","c":{"a":0,"k":[1,0.658999992819,0.156999999402,1],"ix":4},"o":{"a":0,"k":100,"ix":5},"r":1,"bm":0,"nm":"Fill 1","mn":"ADBE Vector Graphic - Fill","hd":false},{"ty":"tr","p":{"a":0,"k":[510.45,688.29],"ix":2},"a":{"a":0,"k":[0,0],"ix":1},"s":{"a":0,"k":[100,100],"ix":3},"r":{"a":0,"k":0,"ix":6},"o":{"a":0,"k":100,"ix":7},"sk":{"a":0,"k":0,"ix":4},"sa":{"a":0,"k":0,"ix":5},"nm":"Transform"}],"nm":"Group 8","np":2,"cix":2,"bm":0,"ix":8,"mn":"ADBE Vector Group","hd":false},{"ty":"gr","it":[{"ind":0,"ty":"sh","ix":1,"ks":{"a":0,"k":{"i":[[20.32,-32.96],[25.68,-17.44],[13.92,-9.44],[-2.56,8.24],[-3.04,14.32],[0,0],[-10.08,10.88],[-9.44,15.92],[-44.32,-31.04]],"o":[[-17.2,27.84],[-33.12,22.48],[3.2,-8.48],[4.16,-10.88],[8,-37.6],[0,0],[10.08,-10.88],[14.72,-24.88],[25.6,18]],"v":[[410.96,-62.881],[333.28,3.119],[236.96,68.799],[245.52,43.679],[257.12,5.199],[266.48,-65.28],[292.88,-71.52],[316.16,-132.08],[404.72,-151.52]],"c":true},"ix":2},"nm":"Path 1","mn":"ADBE Vector Shape - Group","hd":false},{"ind":1,"ty":"sh","ix":2,"ks":{"a":0,"k":{"i":[[46,32.56],[15.68,31.12],[-39.68,6.16],[-5.44,-12.4],[0,0],[-2.24,-13.28],[0,-0.4],[-0.08,-0.4],[-3.04,-12.88],[-0.08,-0.32],[-1.84,-6.32],[-5.52,-14.72]],"o":[[-21.68,-15.28],[-20.88,-41.52],[82.4,-12.96],[5.44,12.4],[0,0],[0.08,0.4],[0.08,0.4],[1.52,9.04],[0.08,0.32],[1.68,7.28],[3.68,13.28],[-8,-5.44]],"v":[[-335.52,-5.361],[-410.88,-72.16],[-375.12,-170.001],[-285.76,-68.241],[-264.8,-55.04],[-262,-34.881],[-261.84,-33.76],[-261.6,-32.561],[-254.88,0.639],[-254.64,1.6],[-249.36,22.079],[-235.68,64.4]],"c":true},"ix":2},"nm":"Path 2","mn":"ADBE Vector Shape - Group","hd":false},{"ind":2,"ty":"sh","ix":3,"ks":{"a":0,"k":{"i":[[6.16,74.56],[30.32,-10.8],[6.72,-28.8],[6.24,-2.4],[0,0],[-0.32,20.32],[0,0],[5.44,7.84],[0,0],[10.08,-4.72],[0,0],[0,0],[1.52,-4.64],[0,0],[17.04,-7.759],[66,-0.72],[0,0],[0,0],[0,0],[0,0],[0,0],[0,0],[0,0],[10.08,2.32],[0,0],[0.72,-3.12],[0,0],[-2.32,-16.32],[11.6,1.6],[44.24,21.76],[23.36,-47.36],[-73.04,-52.08],[-12.32,-41.76],[0,0],[-11.92,26],[-0.56,7.28],[-48.64,-14.72],[-28.8,0],[-4.08,0.16],[-27.92,13.84],[-22.56,30.239],[-8.4,-14.16],[0,0],[-6.96,48.159],[-48.16,31.04]],"o":[[-6.24,-74.56],[-30.32,10.8],[-5.44,23.28],[-6.88,2.56],[0,0],[0.8,-41.92],[0,0],[-5.44,-7.76],[0,0],[-10.08,4.72],[0,0],[0,0],[-1.52,4.64],[0,0],[-17.12,7.76],[-66,0.8],[0,0],[0,0],[0,0],[0,0],[0,0],[0,0],[0,0],[-10.08,-2.32],[0,0],[-0.8,3.12],[0,0],[2.32,16.32],[-11.68,-1.52],[-38.32,-18.88],[-23.28,47.36],[73.04,52.08],[14.72,49.68],[0,0],[3.84,-8.4],[27.6,36],[18.4,6.32],[4.16,0],[33.68,-1.2],[37.68,-17.439],[-0.64,7.199],[14.72,24.88],[0,0],[6.96,-48.161],[48.32,-31.12]],"v":[[453.68,-111.04],[343.36,-192.64],[286.64,-132.801],[269.52,-91.6],[256.32,-90.08],[255.52,-160.801],[269.12,-213.441],[260.96,-235.441],[245.44,-253.28],[237.68,-228.4],[216.72,-230.72],[226.8,-188.801],[208.96,24.8],[146.08,135.84],[93.28,177.039],[-4.56,205.759],[-127.28,154.48],[-184,100.079],[-225.92,-23.441],[-232.16,-149.28],[-229.52,-195.04],[-227.68,-214.16],[-230.64,-223.84],[-246.16,-220.72],[-260.16,-236.241],[-264.8,-226.881],[-266.4,-216.561],[-253.2,-188.801],[-265.6,-106.48],[-317.68,-186.48],[-436.56,-152.321],[-369.76,3.04],[-206.64,140.639],[-225.28,219.84],[-189.12,190.479],[-183.28,162.559],[-70.32,243.759],[-2.4,253.28],[9.92,252.96],[100.32,231.6],[189.76,157.28],[201.92,196.559],[241.52,222.96],[214.32,154.64],[301.28,58.319]],"c":true},"ix":2},"nm":"Path 3","mn":"ADBE Vector Shape - Group","hd":false},{"ty":"mm","mm":1,"nm":"Merge Paths 1","mn":"ADBE Vector Filter - Merge","hd":false},{"ty":"fl","c":{"a":0,"k":[1,0.658999992819,0.156999999402,1],"ix":4},"o":{"a":0,"k":100,"ix":5},"r":1,"bm":0,"nm":"Fill 1","mn":"ADBE Vector Graphic - Fill","hd":false},{"ty":"tr","p":{"a":0,"k":[507.85,319.931],"ix":2},"a":{"a":0,"k":[0,0],"ix":1},"s":{"a":0,"k":[100,100],"ix":3},"r":{"a":0,"k":0,"ix":6},"o":{"a":0,"k":100,"ix":7},"sk":{"a":0,"k":0,"ix":4},"sa":{"a":0,"k":0,"ix":5},"nm":"Transform"}],"nm":"Group 9","np":5,"cix":2,"bm":0,"ix":9,"mn":"ADBE Vector Group","hd":false},{"ty":"gr","it":[{"ind":0,"ty":"sh","ix":1,"ks":{"a":0,"k":{"i":[[-0.64,3.2],[0,0],[0,2.64],[0,0],[0,0],[0,0],[0,0]],"o":[[0.64,-3.28],[0,-1.92],[0,-2.64],[0,0],[0,0],[0,0],[0.08,0.08]],"v":[[212.48,22.84],[252.88,-144.12],[280.88,-161.72],[331.76,-247.16],[416.56,-243.88],[434.16,-159.8],[391.76,-90.04]],"c":true},"ix":2},"nm":"Path 1","mn":"ADBE Vector Shape - Group","hd":false},{"ind":1,"ty":"sh","ix":2,"ks":{"a":0,"k":{"i":[[0,0],[0,0],[0,0],[0,0],[-1.92,-3.28],[0,0],[0,0]],"o":[[0,0],[0,0],[0,0],[0,0],[1.92,3.28],[0,0],[0,0]],"v":[[-402.4,-102.36],[-433.68,-197.56],[-395.84,-247.08],[-353.44,-259.48],[-297.36,-215.8],[-262.8,-145.4],[-219.76,10.44]],"c":true},"ix":2},"nm":"Path 2","mn":"ADBE Vector Shape - Group","hd":false},{"ind":2,"ty":"sh","ix":3,"ks":{"a":0,"k":{"i":[[-17.76,14.64],[-56.16,53.44],[67.44,53.04],[0,0],[51.2,24],[75.12,-0.96],[59.52,-29.2],[0,0],[85.68,-54.24],[-41.2,-45.68],[-29.28,-21.92],[0,-18.8],[3.2,1.04],[14.32,-7.84],[-40.72,-4.16],[0,0],[0,0],[0,0],[0,0],[0,0],[18.8,-33.441],[0,0],[0,0],[0,0],[0,0],[20.4,40],[0,0],[0,0],[0,0],[2.08,-4.16],[-32.8,-15.84],[3.12,27.2],[5.2,-4.16],[3.12,15.68]],"o":[[17.76,-14.64],[43.84,-41.76],[-87.68,-68.88],[0,0],[-64.48,-30.24],[-72.8,0.88],[-53.28,26.16],[0,0],[-85.6,54.32],[53.68,59.52],[29.2,21.92],[0,18.8],[-3.12,-1.04],[-19.52,10.8],[39.44,4.08],[0,0],[0,0],[0,0],[0,0],[0,0],[-18.8,33.439],[0,0],[0,0],[0,0],[0,0],[-14.56,-28.64],[0,0],[0,0],[0,0],[-2.08,4.16],[32.4,15.68],[-3.12,-27.12],[-5.2,4.16],[-3.2,-15.52]],"v":[[269.84,45.32],[446.32,-86.2],[439.68,-290.04],[267.84,-286.6],[209.28,-351.48],[-12,-392.04],[-211.36,-353.16],[-267.84,-289.72],[-423.44,-302.28],[-443.28,-93.48],[-295.84,18.28],[-238.64,79.88],[-250.16,101.8],[-273.12,90.28],[-246,148.76],[-199.04,111.16],[-192.8,70.44],[-128.08,115.32],[-57.12,173.8],[-59.2,223.881],[-81.12,295.961],[-130.16,362.76],[-131.12,393],[132,386.76],[123.68,357.56],[69.36,280.28],[52.48,222.76],[51.84,150.921],[188.4,67.24],[200.96,82.92],[231.2,145.56],[286.56,114.2],[261.52,100.6],[241.68,90.12]],"c":true},"ix":2},"nm":"Path 3","mn":"ADBE Vector Shape - Group","hd":false},{"ty":"fl","c":{"a":0,"k":[0.995999983245,0.769000004787,0.090000002992,1],"ix":4},"o":{"a":0,"k":100,"ix":5},"r":1,"bm":0,"nm":"Fill 1","mn":"ADBE Vector Graphic - Fill","hd":false},{"ty":"tr","p":{"a":0,"k":[509.29,393.25],"ix":2},"a":{"a":0,"k":[0,0],"ix":1},"s":{"a":0,"k":[100,100],"ix":3},"r":{"a":0,"k":0,"ix":6},"o":{"a":0,"k":100,"ix":7},"sk":{"a":0,"k":0,"ix":4},"sa":{"a":0,"k":0,"ix":5},"nm":"Transform"}],"nm":"Group 10","np":4,"cix":2,"bm":0,"ix":10,"mn":"ADBE Vector Group","hd":false}],"ip":0,"op":136,"st":-18,"bm":0},{"ddd":0,"ind":15,"ty":4,"nm":"confetti","sr":1,"ks":{"o":{"a":0,"k":100,"ix":11},"r":{"a":1,"k":[{"i":{"x":[0.833],"y":[0.833]},"o":{"x":[0.167],"y":[0.167]},"t":20,"s":[0]},{"t":88,"s":[-316]}],"ix":10},"p":{"a":1,"k":[{"i":{"x":0.833,"y":0.833},"o":{"x":0.167,"y":0.167},"t":20,"s":[167.64,-54.579,0],"to":[-189.333,446,0],"ti":[185.333,-502,0]},{"t":88,"s":[135.64,1205.421,0]}],"ix":2,"l":2},"a":{"a":0,"k":[44.322,46.147,0],"ix":1,"l":2},"s":{"a":1,"k":[{"i":{"x":[0.667,0.667,0.667],"y":[1,1,1]},"o":{"x":[0.333,0.333,0.333],"y":[0,0,0]},"t":20,"s":[100,100,100]},{"t":88,"s":[100,-100,100]}],"ix":6,"l":2}},"ao":0,"shapes":[{"ty":"gr","it":[{"ind":0,"ty":"sh","ix":1,"ks":{"a":0,"k":{"i":[[0,0],[0,0],[0,0],[0,0]],"o":[[0,0],[0,0],[0,0],[0,0]],"v":[[-9.559,45.897],[-44.072,-15.985],[9.559,-45.897],[44.072,15.986]],"c":true},"ix":2},"nm":"Path 1","mn":"ADBE Vector Shape - Group","hd":false},{"ty":"fl","c":{"a":0,"k":[1,0.560999971278,0,1],"ix":4},"o":{"a":0,"k":100,"ix":5},"r":1,"bm":0,"nm":"Fill 1","mn":"ADBE Vector Graphic - Fill","hd":false},{"ty":"tr","p":{"a":0,"k":[44.322,46.147],"ix":2},"a":{"a":0,"k":[0,0],"ix":1},"s":{"a":0,"k":[100,100],"ix":3},"r":{"a":0,"k":0,"ix":6},"o":{"a":0,"k":100,"ix":7},"sk":{"a":0,"k":0,"ix":4},"sa":{"a":0,"k":0,"ix":5},"nm":"Transform"}],"nm":"Group 1","np":2,"cix":2,"bm":0,"ix":1,"mn":"ADBE Vector Group","hd":false}],"ip":20,"op":136,"st":20,"bm":0},{"ddd":0,"ind":16,"ty":4,"nm":"confetti","sr":1,"ks":{"o":{"a":0,"k":100,"ix":11},"r":{"a":1,"k":[{"i":{"x":[0.833],"y":[0.833]},"o":{"x":[0.167],"y":[0.167]},"t":28,"s":[0]},{"t":100,"s":[349]}],"ix":10},"p":{"a":1,"k":[{"i":{"x":0.833,"y":0.833},"o":{"x":0.167,"y":0.167},"t":28,"s":[861.471,-161.528,0],"to":[198,593.333,0],"ti":[-282,-481.333,0]},{"t":100,"s":[897.471,1118.472,0]}],"ix":2,"l":2},"a":{"a":0,"k":[53.093,49.979,0],"ix":1,"l":2},"s":{"a":1,"k":[{"i":{"x":[0.667,0.667,0.667],"y":[1,1,1]},"o":{"x":[0.333,0.333,0.333],"y":[0,0,0]},"t":28,"s":[100,100,100]},{"t":100,"s":[-100,100,100]}],"ix":6,"l":2}},"ao":0,"shapes":[{"ty":"gr","it":[{"ind":0,"ty":"sh","ix":1,"ks":{"a":0,"k":{"i":[[0,0],[0,0],[0,0],[0,0]],"o":[[0,0],[0,0],[0,0],[0,0]],"v":[[52.843,-5.53],[18.708,49.729],[-52.843,5.53],[-18.708,-49.729]],"c":true},"ix":2},"nm":"Path 1","mn":"ADBE Vector Shape - Group","hd":false},{"ty":"fl","c":{"a":0,"k":[0.169000004787,0.736999990426,1,1],"ix":4},"o":{"a":0,"k":100,"ix":5},"r":1,"bm":0,"nm":"Fill 1","mn":"ADBE Vector Graphic - Fill","hd":false},{"ty":"tr","p":{"a":0,"k":[53.093,49.979],"ix":2},"a":{"a":0,"k":[0,0],"ix":1},"s":{"a":0,"k":[100,100],"ix":3},"r":{"a":0,"k":0,"ix":6},"o":{"a":0,"k":100,"ix":7},"sk":{"a":0,"k":0,"ix":4},"sa":{"a":0,"k":0,"ix":5},"nm":"Transform"}],"nm":"Group 1","np":2,"cix":2,"bm":0,"ix":1,"mn":"ADBE Vector Group","hd":false}],"ip":28,"op":136,"st":28,"bm":0},{"ddd":0,"ind":17,"ty":4,"nm":"confetti","sr":1,"ks":{"o":{"a":0,"k":100,"ix":11},"r":{"a":1,"k":[{"i":{"x":[0.833],"y":[0.833]},"o":{"x":[0.167],"y":[0.167]},"t":30,"s":[0]},{"t":100,"s":[-550]}],"ix":10},"p":{"a":1,"k":[{"i":{"x":0.833,"y":0.833},"o":{"x":0.167,"y":0.167},"t":30,"s":[209.003,-71.925,0],"to":[-0.667,200.667,0],"ti":[-155.333,-720.667,0]},{"t":100,"s":[205.003,1132.075,0]}],"ix":2,"l":2},"a":{"a":0,"k":[36.64,40.471,0],"ix":1,"l":2},"s":{"a":1,"k":[{"i":{"x":[0.667,0.667,0.667],"y":[1,1,1]},"o":{"x":[0.333,0.333,0.333],"y":[0,0,0]},"t":30,"s":[100,100,100]},{"t":90,"s":[100,-100,100]}],"ix":6,"l":2}},"ao":0,"shapes":[{"ty":"gr","it":[{"ind":0,"ty":"sh","ix":1,"ks":{"a":0,"k":{"i":[[0,0],[0,0],[0,0],[0,0]],"o":[[0,0],[0,0],[0,0],[0,0]],"v":[[-36.389,29.559],[-24.088,-40.221],[36.389,-29.559],[24.086,40.221]],"c":true},"ix":2},"nm":"Path 1","mn":"ADBE Vector Shape - Group","hd":false},{"ty":"fl","c":{"a":0,"k":[1,0.16862745098,0.16862745098,1],"ix":4},"o":{"a":0,"k":100,"ix":5},"r":1,"bm":0,"nm":"Fill 1","mn":"ADBE Vector Graphic - Fill","hd":false},{"ty":"tr","p":{"a":0,"k":[36.639,40.471],"ix":2},"a":{"a":0,"k":[0,0],"ix":1},"s":{"a":0,"k":[100,100],"ix":3},"r":{"a":0,"k":0,"ix":6},"o":{"a":0,"k":100,"ix":7},"sk":{"a":0,"k":0,"ix":4},"sa":{"a":0,"k":0,"ix":5},"nm":"Transform"}],"nm":"Group 1","np":2,"cix":2,"bm":0,"ix":1,"mn":"ADBE Vector Group","hd":false}],"ip":30,"op":136,"st":30,"bm":0},{"ddd":0,"ind":18,"ty":1,"nm":"mask 2","td":1,"sr":1,"ks":{"o":{"a":0,"k":100,"ix":11},"r":{"a":0,"k":0,"ix":10},"p":{"a":0,"k":[508,1456,0],"ix":2,"l":2},"a":{"a":0,"k":[512,512,0],"ix":1,"l":2},"s":{"a":0,"k":[49.219,100,100],"ix":6,"l":2}},"ao":0,"sw":1024,"sh":1024,"sc":"#ffffff","ip":0,"op":136,"st":0,"bm":0},{"ddd":0,"ind":19,"ty":0,"nm":"confetti","tt":2,"refId":"comp_0","sr":1,"ks":{"o":{"a":0,"k":100,"ix":11},"r":{"a":0,"k":0,"ix":10},"p":{"a":1,"k":[{"i":{"x":0.833,"y":0.833},"o":{"x":0.167,"y":0.167},"t":42,"s":[392,324,0],"to":[0,33.13,0],"ti":[0,-70.106,0]},{"t":124,"s":[392,815.2,0]}],"ix":2,"l":2},"a":{"a":0,"k":[512,512,0],"ix":1,"l":2},"s":{"a":0,"k":[86,86,100],"ix":6,"l":2}},"ao":0,"w":1024,"h":1024,"ip":42,"op":124,"st":4,"bm":0},{"ddd":0,"ind":20,"ty":1,"nm":"mask","td":1,"sr":1,"ks":{"o":{"a":0,"k":100,"ix":11},"r":{"a":0,"k":0,"ix":10},"p":{"a":0,"k":[508,1456,0],"ix":2,"l":2},"a":{"a":0,"k":[512,512,0],"ix":1,"l":2},"s":{"a":0,"k":[49.219,100,100],"ix":6,"l":2}},"ao":0,"sw":1024,"sh":1024,"sc":"#ffffff","ip":0,"op":136,"st":0,"bm":0},{"ddd":0,"ind":21,"ty":0,"nm":"confetti","tt":2,"refId":"comp_0","sr":1,"ks":{"o":{"a":0,"k":100,"ix":11},"r":{"a":0,"k":0,"ix":10},"p":{"a":1,"k":[{"i":{"x":0.833,"y":0.833},"o":{"x":0.167,"y":0.167},"t":20,"s":[672,444,0],"to":[0,5.056,0],"ti":[0,-10.1,0]},{"i":{"x":0.833,"y":0.833},"o":{"x":0.167,"y":0.167},"t":33,"s":[648,467.407,0],"to":[0,37.845,0],"ti":[0,-18.944,0]},{"t":100,"s":[672,588,0]}],"ix":2,"l":2},"a":{"a":0,"k":[512,512,0],"ix":1,"l":2},"s":{"a":0,"k":[-86,86,100],"ix":6,"l":2}},"ao":0,"w":1024,"h":1024,"ip":20,"op":102,"st":-18,"bm":0}],"markers":[{"tm":20,"cm":"rest","dr":0}]}