{"v":"5.8.1","fr":60,"ip":0,"op":92,"w":1024,"h":1024,"nm":"emoji_party-popper","ddd":0,"assets":[],"layers":[{"ddd":0,"ind":1,"ty":4,"nm":"confetti ","sr":1,"ks":{"o":{"a":0,"k":100,"ix":11},"r":{"a":0,"k":0,"ix":10},"p":{"s":true,"x":{"a":0,"k":512.039,"ix":3},"y":{"a":1,"k":[{"i":{"x":[0.833],"y":[0.833]},"o":{"x":[0.333],"y":[0]},"t":25,"s":[508.637]},{"t":79,"s":[562.637]}],"ix":4}},"a":{"a":0,"k":[471.969,463.927,0],"ix":1,"l":2},"s":{"a":0,"k":[100,100,100],"ix":6,"l":2}},"ao":0,"shapes":[{"ty":"gr","it":[{"ind":0,"ty":"sh","ix":1,"ks":{"a":1,"k":[{"i":{"x":0.833,"y":0.833},"o":{"x":0.167,"y":0.167},"t":20,"s":[{"i":[[0,0],[0,0],[0,0],[0,0]],"o":[[0,0],[0,0],[0,0],[0,0]],"v":[[-63.674,20.979],[-2.979,56.326],[-6.325,64.021],[-67.021,28.674]],"c":true}]},{"i":{"x":0.833,"y":0.833},"o":{"x":0.167,"y":0.167},"t":25,"s":[{"i":[[0,0],[0,0],[0,0],[0,0]],"o":[[0,0],[0,0],[0,0],[0,0]],"v":[[3.316,-49.555],[49.555,3.315],[-3.314,49.555],[-49.555,-3.315]],"c":true}]},{"i":{"x":0.833,"y":0.833},"o":{"x":0.167,"y":0.167},"t":32,"s":[{"i":[[-38.208,10.149],[-6.031,-16.519],[0,0],[0,0]],"o":[[6.208,15.351],[-26.031,7.981],[0,0],[0,0]],"v":[[49.816,-63.055],[70.555,1.315],[23.686,25.555],[-12.555,-35.815]],"c":true}]},{"i":{"x":0.833,"y":0.833},"o":{"x":0.167,"y":0.167},"t":42,"s":[{"i":[[-30.792,-31.149],[8.469,-12.519],[0,0],[0,0]],"o":[[-11.792,19.351],[-12.031,-1.019],[0,0],[0,0]],"v":[[119.816,-46.555],[87.055,7.315],[57.186,5.055],[43.945,-61.815]],"c":true}]},{"i":{"x":0.833,"y":0.833},"o":{"x":0.167,"y":0.167},"t":53,"s":[{"i":[[-12.292,-13.149],[0,0],[0,0],[0,0]],"o":[[-11.792,19.351],[0,0],[0,0],[0,0]],"v":[[140.316,-38.555],[94.055,14.815],[81.686,10.555],[111.445,-52.815]],"c":true}]},{"t":72,"s":[{"i":[[0,0],[0,0],[0,0],[0,0]],"o":[[0,0],[0,0],[0,0],[0,0]],"v":[[153.816,-19.055],[100.055,21.815],[99.686,21.055],[154.445,-18.815]],"c":true}]}],"ix":2},"nm":"Path 1","mn":"ADBE Vector Shape - Group","hd":false},{"ty":"fl","c":{"a":0,"k":[0.957000014361,0.263000009574,0.211999990426,1],"ix":4},"o":{"a":0,"k":100,"ix":5},"r":1,"bm":0,"nm":"Fill 1","mn":"ADBE Vector Graphic - Fill","hd":false},{"ty":"tr","p":{"a":0,"k":[701.406,511.493],"ix":2},"a":{"a":0,"k":[0,0],"ix":1},"s":{"a":0,"k":[100,100],"ix":3},"r":{"a":0,"k":0,"ix":6},"o":{"a":1,"k":[{"t":25,"s":[100],"h":1},{"t":72,"s":[0],"h":1}],"ix":7},"sk":{"a":0,"k":0,"ix":4},"sa":{"a":0,"k":0,"ix":5},"nm":"Transform"}],"nm":"Group 1","np":2,"cix":2,"bm":0,"ix":1,"mn":"ADBE Vector Group","hd":false},{"ty":"gr","it":[{"ind":0,"ty":"sh","ix":1,"ks":{"a":1,"k":[{"i":{"x":0.833,"y":0.833},"o":{"x":0.167,"y":0.167},"t":20,"s":[{"i":[[0,0],[0,0],[0,0],[0,0]],"o":[[0,0],[0,0],[0,0],[0,0]],"v":[[-74.424,12.223],[-67.458,-2.32],[2.424,44.779],[-4.544,59.32]],"c":true}]},{"i":{"x":0.833,"y":0.833},"o":{"x":0.167,"y":0.167},"t":25,"s":[{"i":[[0,0],[0,0],[0,0],[0,0]],"o":[[0,0],[0,0],[0,0],[0,0]],"v":[[-53.424,-7.777],[-8.458,-53.32],[53.424,7.779],[8.456,53.32]],"c":true}]},{"i":{"x":0.833,"y":0.833},"o":{"x":0.167,"y":0.167},"t":32,"s":[{"i":[[0,0],[-27.624,-2.327],[0,0],[0,0]],"o":[[0,0],[0.124,24.327],[0,0],[0,0]],"v":[[-21.924,-41.277],[35.542,-61.82],[37.424,21.779],[19.456,37.82]],"c":true}]},{"i":{"x":0.833,"y":0.833},"o":{"x":0.167,"y":0.167},"t":42,"s":[{"i":[[0,0],[-12.876,-21.673],[0,0],[0,0]],"o":[[0,0],[-11.376,20.827],[0,0],[0,0]],"v":[[12.076,-59.777],[82.042,-40.32],[40.924,21.279],[17.456,19.32]],"c":true}]},{"i":{"x":0.833,"y":0.833},"o":{"x":0.167,"y":0.167},"t":47.857,"s":[{"i":[[0,0],[-12.876,-21.673],[0,0],[0,0]],"o":[[0,0],[-9.376,16.827],[0,0],[0,0]],"v":[[58.076,-53.277],[87.042,-25.82],[45.924,27.779],[32.956,21.82]],"c":true}]},{"t":63,"s":[{"i":[[0,0],[0,0],[0,0],[0,0]],"o":[[0,0],[0,0],[0,0],[0,0]],"v":[[91.076,-18.777],[91.542,-17.82],[31.424,27.279],[30.456,25.82]],"c":true}]}],"ix":2},"nm":"Path 1","mn":"ADBE Vector Shape - Group","hd":false},{"ty":"fl","c":{"a":0,"k":[0.957000014361,0.560999971278,0.694000004787,1],"ix":4},"o":{"a":0,"k":100,"ix":5},"r":1,"bm":0,"nm":"Fill 1","mn":"ADBE Vector Graphic - Fill","hd":false},{"ty":"tr","p":{"a":0,"k":[890.264,874.283],"ix":2},"a":{"a":0,"k":[0,0],"ix":1},"s":{"a":0,"k":[100,100],"ix":3},"r":{"a":0,"k":0,"ix":6},"o":{"a":1,"k":[{"t":25,"s":[100],"h":1},{"t":63,"s":[0],"h":1}],"ix":7},"sk":{"a":0,"k":0,"ix":4},"sa":{"a":0,"k":0,"ix":5},"nm":"Transform"}],"nm":"Group 2","np":2,"cix":2,"bm":0,"ix":2,"mn":"ADBE Vector Group","hd":false},{"ty":"gr","it":[{"ind":0,"ty":"sh","ix":1,"ks":{"a":1,"k":[{"i":{"x":0.833,"y":0.833},"o":{"x":0.167,"y":0.167},"t":20,"s":[{"i":[[0,0],[0,0],[0,0],[0,0]],"o":[[0,0],[0,0],[0,0],[0,0]],"v":[[-47.748,33.486],[-57.147,34.855],[-68.533,-28.161],[-47.472,-30.505]],"c":true}]},{"i":{"x":0.833,"y":0.833},"o":{"x":0.167,"y":0.167},"t":25,"s":[{"i":[[0,0],[24.16,-0.88],[0,0],[-27.76,-4.241]],"o":[[-23.92,-3.601],[0,0],[28.08,-0.96],[0,0]],"v":[[32.6,34.56],[-39.96,30.4],[-42.12,-33.6],[42.12,-28.72]],"c":true}]},{"i":{"x":0.833,"y":0.833},"o":{"x":0.167,"y":0.167},"t":32,"s":[{"i":[[0,0],[20.6,0.04],[0,0],[-16.48,-17.34]],"o":[[-18.96,-7.12],[0,0],[28.08,-0.96],[0,0]],"v":[[41.6,41.56],[-7.96,29.9],[-3.62,-33.6],[72.12,-11.22]],"c":true}]},{"i":{"x":0.833,"y":0.833},"o":{"x":0.167,"y":0.167},"t":42,"s":[{"i":[[0,0],[13.1,5.04],[0,0],[-3.48,-27.34]],"o":[[-4.96,-5.62],[0,0],[37.26,16.54],[0,0]],"v":[[42.6,47.56],[17.54,22.9],[36.38,-46.1],[87.62,14.28]],"c":true}]},{"i":{"x":0.833,"y":0.833},"o":{"x":0.167,"y":0.167},"t":51.715,"s":[{"i":[[0,0],[0,0],[0,0],[-3.48,-27.34]],"o":[[0,0],[0,0],[7.26,9.04],[0,0]],"v":[[31.6,50.06],[26.04,39.4],[66.88,-14.1],[91.62,30.28]],"c":true}]},{"t":68.142578125,"s":[{"i":[[0,0],[0,0],[0,0],[0,0]],"o":[[0,0],[0,0],[0,0],[0,0]],"v":[[22.6,56.06],[22.54,55.4],[92.38,43.4],[92.12,44.28]],"c":true}]}],"ix":2},"nm":"Path 1","mn":"ADBE Vector Shape - Group","hd":false},{"ty":"fl","c":{"a":0,"k":[0.984000052658,0.54900004069,0,1],"ix":4},"o":{"a":0,"k":100,"ix":5},"r":1,"bm":0,"nm":"Fill 1","mn":"ADBE Vector Graphic - Fill","hd":false},{"ty":"tr","p":{"a":0,"k":[890.29,743.85],"ix":2},"a":{"a":0,"k":[0,0],"ix":1},"s":{"a":0,"k":[100,100],"ix":3},"r":{"a":0,"k":0,"ix":6},"o":{"a":1,"k":[{"t":25,"s":[100],"h":1},{"t":68.142578125,"s":[0],"h":1}],"ix":7},"sk":{"a":0,"k":0,"ix":4},"sa":{"a":0,"k":0,"ix":5},"nm":"Transform"}],"nm":"Group 3","np":2,"cix":2,"bm":0,"ix":3,"mn":"ADBE Vector Group","hd":false},{"ty":"gr","it":[{"ind":0,"ty":"sh","ix":1,"ks":{"a":1,"k":[{"i":{"x":0.833,"y":0.833},"o":{"x":0.167,"y":0.167},"t":20,"s":[{"i":[[0,0],[0,0],[0,0],[0,0]],"o":[[0,0],[0,0],[0,0],[0,0]],"v":[[8.2,-42.76],[-51.4,-16.281],[-54.2,-23.84],[7,-51.24]],"c":true}]},{"i":{"x":0.833,"y":0.833},"o":{"x":0.167,"y":0.167},"t":25,"s":[{"i":[[6,-51.28],[0,0],[4.64,6.16],[0,0]],"o":[[0,0],[2.72,-22.639],[0,0],[3.84,5.04]],"v":[[38.2,51.24],[-25.4,43.719],[-44.2,-12.84],[7,-51.24]],"c":true}]},{"i":{"x":0.833,"y":0.833},"o":{"x":0.167,"y":0.167},"t":32,"s":[{"i":[[48.6,-16.24],[0,0],[4.64,6.16],[0,0]],"o":[[0,0],[15.7,-9.219],[0,0],[9.3,35.24]],"v":[[-16.8,105.74],[-49.4,53.719],[-28.7,19.16],[32,-3.24]],"c":true}]},{"i":{"x":0.833,"y":0.833},"o":{"x":0.167,"y":0.167},"t":42,"s":[{"i":[[42.6,17.76],[0,0],[-5,5.34],[0,0]],"o":[[0,0],[20.7,7.281],[0,0],[-7.2,40.74]],"v":[[-88.8,118.24],[-81.9,52.719],[-39.2,46.16],[23,63.76]],"c":true}]},{"i":{"x":0.833,"y":0.833},"o":{"x":0.167,"y":0.167},"t":51.715,"s":[{"i":[[19.1,6.26],[0,0],[-6,2.84],[0,0]],"o":[[0,0],[0,0],[0,0],[-9.7,3.24]],"v":[[-107.8,116.24],[-89.9,52.219],[-68.7,55.66],[-57.5,115.76]],"c":true}]},{"t":70.71484375,"s":[{"i":[[0,0],[0,0],[0,0],[0,0]],"o":[[0,0],[0,0],[0,0],[0,0]],"v":[[-135.8,108.74],[-102.9,49.719],[-102.2,50.66],[-134.5,110.76]],"c":true}]}],"ix":2},"nm":"Path 1","mn":"ADBE Vector Shape - Group","hd":false},{"ty":"fl","c":{"a":0,"k":[0.957000014361,0.263000009574,0.211999990426,1],"ix":4},"o":{"a":0,"k":100,"ix":5},"r":1,"bm":0,"nm":"Fill 1","mn":"ADBE Vector Graphic - Fill","hd":false},{"ty":"tr","p":{"a":0,"k":[702.13,808.29],"ix":2},"a":{"a":0,"k":[0,0],"ix":1},"s":{"a":0,"k":[100,100],"ix":3},"r":{"a":0,"k":0,"ix":6},"o":{"a":1,"k":[{"t":25,"s":[100],"h":1},{"t":70.71484375,"s":[0],"h":1}],"ix":7},"sk":{"a":0,"k":0,"ix":4},"sa":{"a":0,"k":0,"ix":5},"nm":"Transform"}],"nm":"Group 4","np":2,"cix":2,"bm":0,"ix":4,"mn":"ADBE Vector Group","hd":false},{"ty":"gr","it":[{"ind":0,"ty":"sh","ix":1,"ks":{"a":1,"k":[{"i":{"x":0.833,"y":0.833},"o":{"x":0.167,"y":0.167},"t":20,"s":[{"i":[[0,0],[0,0],[0,0],[0,0]],"o":[[0,0],[0,0],[0,0],[0,0]],"v":[[-58.493,-13.81],[-51.597,-18.279],[-32.507,42.81],[-37.403,48.279]],"c":true}]},{"i":{"x":0.833,"y":0.833},"o":{"x":0.167,"y":0.167},"t":25,"s":[{"i":[[0,0],[0,0],[0,0],[0,0]],"o":[[0,0],[0,0],[0,0],[0,0]],"v":[[-37.493,-21.81],[18.403,-39.279],[37.493,21.81],[-18.403,39.279]],"c":true}]},{"i":{"x":0.833,"y":0.833},"o":{"x":0.167,"y":0.167},"t":32,"s":[{"i":[[0,0],[-27.368,-9.077],[0.908,-20.331],[0,0]],"o":[[0,0],[0.868,18.577],[-16.592,-2.831],[0,0]],"v":[[-1.468,-32.871],[59.008,-38.537],[55.468,24.871],[12.492,28.537]],"c":true}]},{"i":{"x":0.833,"y":0.833},"o":{"x":0.167,"y":0.167},"t":42,"s":[{"i":[[0,0],[-14.132,-41.923],[14.408,-9.331],[0,0]],"o":[[0,0],[-14.132,7.077],[-7.092,-10.831],[0,0]],"v":[[74.532,-34.371],[115.508,18.463],[63.968,44.371],[42.992,25.537]],"c":true}]},{"i":{"x":0.833,"y":0.833},"o":{"x":0.167,"y":0.167},"t":67,"s":[{"i":[[0,0],[-3.132,-19.423],[0,0],[0,0]],"o":[[0,0],[-14.132,7.077],[0,0],[0,0]],"v":[[105.032,6.129],[122.008,32.963],[67.968,54.371],[62.992,45.537]],"c":true}]},{"t":76,"s":[{"i":[[0,0],[0,0],[0,0],[0,0]],"o":[[0,0],[0,0],[0,0],[0,0]],"v":[[125.032,48.129],[124.508,49.463],[63.468,59.871],[64.992,58.037]],"c":true}]}],"ix":2},"nm":"Path 1","mn":"ADBE Vector Shape - Group","hd":false},{"ty":"fl","c":{"a":0,"k":[0.984000052658,0.54900004069,0,1],"ix":4},"o":{"a":0,"k":100,"ix":5},"r":1,"bm":0,"nm":"Fill 1","mn":"ADBE Vector Graphic - Fill","hd":false},{"ty":"tr","p":{"a":0,"k":[761.553,365.75],"ix":2},"a":{"a":0,"k":[0,0],"ix":1},"s":{"a":0,"k":[100,100],"ix":3},"r":{"a":0,"k":0,"ix":6},"o":{"a":1,"k":[{"t":25,"s":[100],"h":1},{"t":76,"s":[0],"h":1}],"ix":7},"sk":{"a":0,"k":0,"ix":4},"sa":{"a":0,"k":0,"ix":5},"nm":"Transform"}],"nm":"Group 5","np":2,"cix":2,"bm":0,"ix":5,"mn":"ADBE Vector Group","hd":false},{"ty":"gr","it":[{"ind":0,"ty":"sh","ix":1,"ks":{"a":1,"k":[{"i":{"x":0.833,"y":0.833},"o":{"x":0.167,"y":0.167},"t":20,"s":[{"i":[[0,0],[0,0],[0,0.32],[0,0]],"o":[[0,0],[0,0],[0,0],[0,0]],"v":[[-8.76,60.6],[-51.76,9.12],[-47.44,-2.6],[-0.24,51.72]],"c":true}]},{"i":{"x":0.833,"y":0.833},"o":{"x":0.167,"y":0.167},"t":25,"s":[{"i":[[38.64,-36.56],[0,0],[0,0.32],[0,0]],"o":[[0,0],[23.04,-21.84],[0,0],[-0.8,5.04]],"v":[[-1.76,48.6],[-45.76,2.12],[-17.44,-48.6],[45.76,-38.28]],"c":true}]},{"i":{"x":0.833,"y":0.833},"o":{"x":0.167,"y":0.167},"t":32,"s":[{"i":[[19.32,-27.16],[0,0],[0,0.32],[0,0]],"o":[[0,0],[2.32,-13.18],[0,0],[12.3,19.22]],"v":[[30.74,-0.9],[-24.26,-22.38],[-24.94,-43.6],[32.76,-81.28]],"c":true}]},{"i":{"x":0.833,"y":0.833},"o":{"x":0.167,"y":0.167},"t":42,"s":[{"i":[[-5.18,-35.66],[0,0],[0,0.32],[0,0]],"o":[[0,0],[-1.68,-3.68],[0,0],[24.8,-7.28]],"v":[[40.74,-43.9],[-11.26,-22.38],[-24.94,-43.6],[-13.24,-86.28]],"c":true}]},{"i":{"x":0.833,"y":0.833},"o":{"x":0.167,"y":0.167},"t":65.715,"s":[{"i":[[-11.68,-6.66],[0,0],[0,0.32],[0,0]],"o":[[0,0],[0,0],[0,0],[10.3,-2.78]],"v":[[-2.26,-83.9],[-21.26,-23.38],[-33.94,-27.1],[-34.74,-86.78]],"c":true}]},{"t":73.4296875,"s":[{"i":[[0,0],[0,0],[0.157,0.279],[0,0]],"o":[[0,0],[0,0],[0,0],[0,0]],"v":[[-70.061,-77.404],[-34.425,-22.346],[-35.3,-22.367],[-70.776,-76.978]],"c":true}]}],"ix":2},"nm":"Path 1","mn":"ADBE Vector Shape - Group","hd":false},{"ty":"fl","c":{"a":0,"k":[1,0.757000014361,0.027000000898,1],"ix":4},"o":{"a":0,"k":100,"ix":5},"r":1,"bm":0,"nm":"Fill 1","mn":"ADBE Vector Graphic - Fill","hd":false},{"ty":"tr","p":{"a":0,"k":[701.37,48.85],"ix":2},"a":{"a":0,"k":[0,0],"ix":1},"s":{"a":0,"k":[100,100],"ix":3},"r":{"a":0,"k":0,"ix":6},"o":{"a":1,"k":[{"t":25,"s":[100],"h":1},{"t":73.4296875,"s":[0],"h":1}],"ix":7},"sk":{"a":0,"k":0,"ix":4},"sa":{"a":0,"k":0,"ix":5},"nm":"Transform"}],"nm":"Group 6","np":2,"cix":2,"bm":0,"ix":6,"mn":"ADBE Vector Group","hd":false},{"ty":"gr","it":[{"ind":0,"ty":"sh","ix":1,"ks":{"a":1,"k":[{"i":{"x":0.833,"y":0.833},"o":{"x":0.167,"y":0.167},"t":20,"s":[{"i":[[0,0],[0,0],[0,0],[0,0]],"o":[[0,0],[0,0],[0,0],[0,0]],"v":[[-53.287,-30.426],[-44.766,-36.103],[-25.713,53.426],[-35.234,52.103]],"c":true}]},{"i":{"x":0.833,"y":0.833},"o":{"x":0.167,"y":0.167},"t":25,"s":[{"i":[[0,0],[0,0],[0,0],[0,0]],"o":[[0,0],[0,0],[0,0],[0,0]],"v":[[-40.287,-34.426],[22.234,-48.103],[40.287,34.426],[-22.234,48.103]],"c":true}]},{"i":{"x":0.833,"y":0.833},"o":{"x":0.167,"y":0.167},"t":32,"s":[{"i":[[0,0],[-29.605,-15.422],[3.842,-21.951],[0,0]],"o":[[0,0],[-2.105,22.078],[-20.158,-4.451],[0,0]],"v":[[-10.287,-40.426],[62.734,-37.103],[53.287,41.926],[1.766,41.103]],"c":true}]},{"i":{"x":0.833,"y":0.833},"o":{"x":0.167,"y":0.167},"t":42,"s":[{"i":[[0,0],[-28.105,-37.922],[9.842,-11.951],[0,0]],"o":[[0,0],[-9.605,13.078],[-20.158,-4.451],[0,0]],"v":[[33.213,-42.926],[100.234,-12.103],[61.287,47.926],[26.766,41.103]],"c":true}]},{"i":{"x":0.833,"y":0.833},"o":{"x":0.167,"y":0.167},"t":48.572,"s":[{"i":[[0,0],[-8.605,-8.922],[0,0],[0,0]],"o":[[0,0],[-9.605,13.078],[0,0],[0,0]],"v":[[79.213,-20.926],[109.234,-0.603],[64.787,50.426],[55.766,48.603]],"c":true}]},{"t":65,"s":[{"i":[[0,0],[0,0],[0,0],[0,0]],"o":[[0,0],[0,0],[0,0],[0,0]],"v":[[134.713,30.574],[135.234,30.897],[60.287,61.926],[59.766,62.103]],"c":true}]}],"ix":2},"nm":"Path 1","mn":"ADBE Vector Shape - Group","hd":false},{"ty":"fl","c":{"a":0,"k":[0.984000052658,0.54900004069,0,1],"ix":4},"o":{"a":0,"k":100,"ix":5},"r":1,"bm":0,"nm":"Fill 1","mn":"ADBE Vector Graphic - Fill","hd":false},{"ty":"tr","p":{"a":0,"k":[584.801,112.315],"ix":2},"a":{"a":0,"k":[0,0],"ix":1},"s":{"a":0,"k":[100,100],"ix":3},"r":{"a":0,"k":0,"ix":6},"o":{"a":1,"k":[{"t":25,"s":[100],"h":1},{"t":65,"s":[0],"h":1}],"ix":7},"sk":{"a":0,"k":0,"ix":4},"sa":{"a":0,"k":0,"ix":5},"nm":"Transform"}],"nm":"Group 7","np":2,"cix":2,"bm":0,"ix":7,"mn":"ADBE Vector Group","hd":false},{"ty":"gr","it":[{"ind":0,"ty":"sh","ix":1,"ks":{"a":1,"k":[{"i":{"x":0.833,"y":0.833},"o":{"x":0.167,"y":0.167},"t":20,"s":[{"i":[[0,0],[0,0],[0,0],[0,0]],"o":[[0,0],[0,0],[0,0],[0,0]],"v":[[24,48.24],[-39.3,54.82],[-37.6,40.92],[27.6,33.76]],"c":true}]},{"i":{"x":0.833,"y":0.833},"o":{"x":0.167,"y":0.167},"t":25,"s":[{"i":[[10.16,-30.96],[0,0],[3.6,22.16],[0,0]],"o":[[0,0],[6.96,-21.28],[0,0],[5.2,32.16]],"v":[[24,48.24],[-36.8,28.32],[-31.6,-38.08],[31.6,-48.24]],"c":true}]},{"i":{"x":0.833,"y":0.833},"o":{"x":0.167,"y":0.167},"t":32,"s":[{"i":[[1.12,-27.16],[0,0],[11.22,13.16],[0,0]],"o":[[0,0],[-0.08,-16.74],[0,0],[18.02,9.32]],"v":[[34.5,-24.26],[-28.3,-18.68],[-47.1,-62.58],[-1.4,-99.24]],"c":true}]},{"i":{"x":0.833,"y":0.833},"o":{"x":0.167,"y":0.167},"t":42,"s":[{"i":[[-15.38,-25.16],[0,0],[9.72,-0.34],[0,0]],"o":[[0,0],[0,0],[0,0],[35.52,-19.18]],"v":[[14,-87.26],[-33.8,-35.68],[-55.1,-41.58],[-76.4,-103.74]],"c":true}]},{"i":{"x":0.833,"y":0.833},"o":{"x":0.167,"y":0.167},"t":53.143,"s":[{"i":[[-21.38,-5.16],[0,0],[0,0],[0,0]],"o":[[0,0],[0,0],[0,0],[10.02,-4.68]],"v":[[-36.5,-105.26],[-46.8,-40.68],[-62.1,-39.58],[-76.4,-103.74]],"c":true}]},{"t":68,"s":[{"i":[[0,0],[0,0],[0,0],[0,0]],"o":[[0,0],[0,0],[0,0],[0,0]],"v":[[-94.5,-103.26],[-64.3,-40.68],[-64.6,-40.08],[-96.9,-102.24]],"c":true}]}],"ix":2},"nm":"Path 1","mn":"ADBE Vector Shape - Group","hd":false},{"ty":"fl","c":{"a":0,"k":[0.011999999776,0.663000009574,0.957000014361,1],"ix":4},"o":{"a":0,"k":100,"ix":5},"r":1,"bm":0,"nm":"Fill 1","mn":"ADBE Vector Graphic - Fill","hd":false},{"ty":"tr","p":{"a":0,"k":[140.81,77.21],"ix":2},"a":{"a":0,"k":[0,0],"ix":1},"s":{"a":0,"k":[100,100],"ix":3},"r":{"a":0,"k":0,"ix":6},"o":{"a":1,"k":[{"t":25,"s":[100],"h":1},{"t":68,"s":[0],"h":1}],"ix":7},"sk":{"a":0,"k":0,"ix":4},"sa":{"a":0,"k":0,"ix":5},"nm":"Transform"}],"nm":"Group 8","np":2,"cix":2,"bm":0,"ix":8,"mn":"ADBE Vector Group","hd":false},{"ty":"gr","it":[{"ind":0,"ty":"sh","ix":1,"ks":{"a":1,"k":[{"i":{"x":0.833,"y":0.833},"o":{"x":0.167,"y":0.167},"t":20,"s":[{"i":[[0,0],[4.72,4.08],[0,0],[0,0]],"o":[[0,0],[0,0],[12.56,10.64],[0,0]],"v":[[60.72,47.16],[43.72,41.56],[54.24,-18.16],[67.28,-15.28]],"c":true}]},{"i":{"x":0.833,"y":0.833},"o":{"x":0.167,"y":0.167},"t":25,"s":[{"i":[[0,0],[4.72,4.08],[0,0],[-17.84,-2.4]],"o":[[-42.24,-5.68],[0,0],[12.56,10.64],[0,0]],"v":[[40.72,47.16],[-49.28,1.56],[-7.76,-47.16],[49.28,-16.28]],"c":true}]},{"i":{"x":0.833,"y":0.833},"o":{"x":0.167,"y":0.167},"t":32,"s":[{"i":[[0,0],[6.68,28.8],[0,0],[-17.38,-7.86]],"o":[[-18.82,-7.3],[0,0],[7.66,15.52],[0,0]],"v":[[-3.78,30.66],[-66.78,-31.44],[-20.76,-64.66],[19.28,-27.78]],"c":true}]},{"i":{"x":0.833,"y":0.833},"o":{"x":0.167,"y":0.167},"t":42,"s":[{"i":[[0,0],[-28.215,8.832],[0,0],[0,0]],"o":[[-10.32,-25.8],[0,0],[-7.528,3.223],[0,0]],"v":[[-68.28,-43.84],[-39.667,-114.747],[-10.572,-73.863],[-16.72,-61.28]],"c":true}]},{"i":{"x":0.833,"y":0.833},"o":{"x":0.167,"y":0.167},"t":48.715,"s":[{"i":[[0,0],[-8.933,-1.393],[0,0],[0,0]],"o":[[0.18,-6.3],[0,0],[0,0],[0,0]],"v":[[-50.28,-108.34],[-27.167,-124.747],[-8.072,-75.863],[-16.72,-69.28]],"c":true}]},{"t":65.142578125,"s":[{"i":[[0,0],[0,0],[0,0],[0,0]],"o":[[0,0],[0,0],[0,0],[0,0]],"v":[[-13.28,-140.34],[-11.667,-140.747],[-4.072,-76.863],[-4.72,-77.78]],"c":true}]}],"ix":2},"nm":"Path 1","mn":"ADBE Vector Shape - Group","hd":false},{"ty":"fl","c":{"a":0,"k":[0.984000052658,0.54900004069,0,1],"ix":4},"o":{"a":0,"k":100,"ix":5},"r":1,"bm":0,"nm":"Fill 1","mn":"ADBE Vector Graphic - Fill","hd":false},{"ty":"tr","p":{"a":0,"k":[49.53,184.93],"ix":2},"a":{"a":0,"k":[0,0],"ix":1},"s":{"a":0,"k":[100,100],"ix":3},"r":{"a":0,"k":0,"ix":6},"o":{"a":1,"k":[{"t":25,"s":[100],"h":1},{"t":65.142578125,"s":[0],"h":1}],"ix":7},"sk":{"a":0,"k":0,"ix":4},"sa":{"a":0,"k":0,"ix":5},"nm":"Transform"}],"nm":"Group 9","np":2,"cix":2,"bm":0,"ix":9,"mn":"ADBE Vector Group","hd":false},{"ty":"gr","it":[{"ind":0,"ty":"sh","ix":1,"ks":{"a":1,"k":[{"i":{"x":0.833,"y":0.833},"o":{"x":0.167,"y":0.167},"t":20,"s":[{"i":[[0,0],[0,0],[0,0],[0,0]],"o":[[0,0],[0,0],[0,0],[0,0]],"v":[[51.68,68.04],[39.96,63.48],[77.16,17.96],[86.04,25.92]],"c":true}]},{"i":{"x":0.833,"y":0.833},"o":{"x":0.167,"y":0.167},"t":25,"s":[{"i":[[0,0],[0,0],[0,0],[0,0]],"o":[[0,0],[0,0],[0,0],[0,0]],"v":[[29.68,50.04],[-53.04,9.48],[-11.84,-50.04],[53.04,-7.08]],"c":true}]},{"i":{"x":0.833,"y":0.833},"o":{"x":0.167,"y":0.167},"t":32,"s":[{"i":[[0,0],[28.52,-5.44],[-0.72,8.96],[0,0]],"o":[[0,0],[0.98,-15.06],[41.78,-12.04],[0,0]],"v":[[4.68,20.54],[-75.54,17.48],[-75.84,-49.54],[5.54,-41.58]],"c":true}]},{"i":{"x":0.833,"y":0.833},"o":{"x":0.167,"y":0.167},"t":42,"s":[{"i":[[0,0],[32.48,-12.56],[8.78,13.46],[0,0]],"o":[[0,0],[-9.02,-13.56],[39.28,-34.54],[0,0]],"v":[[-28.32,16.04],[-98.54,28.48],[-131.34,-23.04],[-27.46,-51.08]],"c":true}]},{"i":{"x":0.833,"y":0.833},"o":{"x":0.167,"y":0.167},"t":54.285,"s":[{"i":[[0,0],[9.48,-9.06],[8.78,13.46],[0,0]],"o":[[0,0],[-9.02,-13.56],[9.78,-9.54],[0,0]],"v":[[-80.32,19.04],[-107.04,37.48],[-141.84,-14.04],[-115.96,-33.08]],"c":true}]},{"t":72,"s":[{"i":[[0,0],[0,0],[0,0],[0,0]],"o":[[0,0],[0,0],[0,0],[0,0]],"v":[[-107.82,40.04],[-108.04,41.48],[-154.84,1.46],[-154.46,1.42]],"c":true}]}],"ix":2},"nm":"Path 1","mn":"ADBE Vector Shape - Group","hd":false},{"ty":"fl","c":{"a":0,"k":[1,0.757000014361,0.027000000898,1],"ix":4},"o":{"a":0,"k":100,"ix":5},"r":1,"bm":0,"nm":"Fill 1","mn":"ADBE Vector Graphic - Fill","hd":false},{"ty":"tr","p":{"a":0,"k":[182.49,294.37],"ix":2},"a":{"a":0,"k":[0,0],"ix":1},"s":{"a":0,"k":[100,100],"ix":3},"r":{"a":0,"k":0,"ix":6},"o":{"a":1,"k":[{"t":25,"s":[100],"h":1},{"t":72,"s":[0],"h":1}],"ix":7},"sk":{"a":0,"k":0,"ix":4},"sa":{"a":0,"k":0,"ix":5},"nm":"Transform"}],"nm":"Group 10","np":2,"cix":2,"bm":0,"ix":10,"mn":"ADBE Vector Group","hd":false}],"ip":20,"op":82,"st":20,"bm":0},{"ddd":0,"ind":2,"ty":4,"nm":"strip 4","td":1,"sr":1,"ks":{"o":{"a":0,"k":100,"ix":11},"r":{"a":1,"k":[{"i":{"x":[0.833],"y":[0.833]},"o":{"x":[0.167],"y":[0.167]},"t":20,"s":[-10]},{"i":{"x":[0.833],"y":[0.833]},"o":{"x":[0.167],"y":[0.167]},"t":25,"s":[0]},{"i":{"x":[0.833],"y":[0.833]},"o":{"x":[0.167],"y":[0.167]},"t":31,"s":[20]},{"i":{"x":[0.833],"y":[0.833]},"o":{"x":[0.167],"y":[0.167]},"t":38,"s":[90]},{"i":{"x":[0.833],"y":[0.833]},"o":{"x":[0.167],"y":[0.167]},"t":50,"s":[140]},{"t":81,"s":[160]}],"ix":10},"p":{"a":1,"k":[{"i":{"x":0.833,"y":0.833},"o":{"x":0.167,"y":0.167},"t":20,"s":[340.95,412.25,0],"to":[16.667,-16.667,0],"ti":[-22.667,22.833,0]},{"i":{"x":0.833,"y":0.833},"o":{"x":0.167,"y":0.167},"t":25,"s":[440.95,312.25,0],"to":[22.667,-22.833,0],"ti":[-13.5,11.833,0]},{"i":{"x":0.833,"y":0.833},"o":{"x":0.167,"y":0.167},"t":31,"s":[476.95,275.25,0],"to":[13.5,-11.833,0],"ti":[-39.58,-16.978,0]},{"i":{"x":0.833,"y":0.833},"o":{"x":0.167,"y":0.167},"t":38,"s":[528.95,248.25,0],"to":[39.05,16.75,0],"ti":[-33.009,-59.303,0]},{"i":{"x":0.833,"y":0.833},"o":{"x":0.167,"y":0.167},"t":50,"s":[579.95,443.25,0],"to":[41.05,73.75,0],"ti":[-18.833,-57,0]},{"t":81,"s":[674.95,585.25,0]}],"ix":2,"l":2},"a":{"a":0,"k":[-71.05,-199.75,0],"ix":1,"l":2},"s":{"a":1,"k":[{"i":{"x":[0.833,0.833,0.833],"y":[0.833,0.833,-0.667]},"o":{"x":[0.333,0.333,0.333],"y":[0,0,0]},"t":34,"s":[100,100,100]},{"t":81,"s":[80,80,100]}],"ix":6,"l":2}},"ao":0,"shapes":[{"ty":"gr","it":[{"ind":0,"ty":"sh","ix":1,"ks":{"a":1,"k":[{"i":{"x":0.833,"y":0.833},"o":{"x":0.167,"y":0.167},"t":20,"s":[{"i":[[0,0],[-31.497,-82.17],[-61.352,8.939],[-7.94,54.043],[66.666,7.285],[7.519,-81.277],[7,-58],[0,0],[0,0],[-15,60.5],[-4.868,52.74],[-17.5,-35],[22.765,-3.317],[21.903,58.539],[0,0]],"o":[[0,0],[33.12,86.404],[30.778,-4.484],[8.713,-59.302],[-57.997,-6.338],[-10.5,113.5],[-6.279,52.027],[0,0],[0,0],[15,-60.5],[6,-65],[17.5,35],[-28.697,4.181],[-23.48,-62.753],[0,0]],"v":[[-201.067,-374.868],[-210.9,-211.369],[-38.976,-118.567],[51.94,-200.043],[-31.003,-322.662],[-177.5,-217.5],[-107.5,-29],[-183,46.5],[-147.5,78],[-47.5,-23],[-114,-192],[-15,-238],[-47.852,-182.96],[-145.54,-236.739],[-127.834,-336.532]],"c":true}]},{"i":{"x":0.833,"y":0.833},"o":{"x":0.167,"y":0.167},"t":25,"s":[{"i":[[11,27],[0,-88],[-62,0],[-27.94,45.043],[67.003,-2.838],[8.75,-62.813],[7,-58],[0,0],[0,0],[-15,60.5],[-7,52.5],[-17.5,-35],[23.005,0],[-0.5,62.5],[-70,-5.5]],"o":[[-86.5,1],[0,92.534],[31.103,0],[31.594,-50.935],[-55.878,2.367],[-13.202,94.768],[-6.279,52.027],[0,0],[0,0],[15,-60.5],[7,-52.5],[17.5,35],[-29,0],[0.536,-67],[-11.5,-30.5]],"v":[[-29,-478.5],[-201,-311.5],[-58.5,-146],[48.94,-203.043],[-31.003,-332.662],[-157.5,-218.5],[-137.5,-44],[-183,46.5],[-147.5,78],[-76.5,-38],[-97,-199],[-9,-256],[-58,-211],[-138.5,-311.5],[3.5,-395]],"c":true}]},{"i":{"x":0.833,"y":0.833},"o":{"x":0.167,"y":0.167},"t":28,"s":[{"i":[[9,26],[3.2,-103.2],[-61.687,-3.927],[-28.788,39.009],[36.84,25.233],[33.484,-43.812],[10.187,-52.818],[0,0],[0,0],[-13.532,43.983],[-25.84,35.453],[-7.3,-28.2],[31.403,3.2],[-4.46,62.152],[-70,-5.5]],"o":[[-86.5,1],[-3.274,107.092],[39.862,3.4],[30.981,-42.544],[-36.84,-25.233],[-35.564,62.857],[-7.549,42.595],[0,0],[0,0],[13.532,-43.983],[25.041,-35.307],[7.263,28.283],[-31.393,-2.544],[5.722,-72.2],[-9.1,-31.1]],"v":[[-18.746,-473.719],[-202.746,-306.919],[-66.046,-138.419],[50.794,-186.662],[20.636,-313.877],[-117.018,-284.561],[-148.066,-119.242],[-179.778,-36.96],[-141.878,-10.66],[-91.61,-106.577],[-75.722,-245.218],[1.254,-243.619],[-61.746,-204.819],[-135.846,-302.119],[7.754,-387.019]],"c":true}]},{"i":{"x":0.833,"y":0.833},"o":{"x":0.167,"y":0.167},"t":31,"s":[{"i":[[6,24.5],[8,-126],[-61.218,-9.818],[-30.06,29.957],[13.997,47.338],[70.585,-15.311],[14.968,-45.045],[0,0],[0,0],[-11.329,19.207],[-54.099,9.883],[8,-18],[44,8],[-10.4,61.631],[-70,-5.5]],"o":[[-86.5,1],[-8.186,128.93],[53,8.5],[30.06,-29.957],[-13.997,-47.338],[-69.109,14.99],[-9.453,28.446],[0,0],[0,0],[11.329,-19.207],[52.103,-9.518],[-8.092,18.208],[-34.983,-6.36],[13.5,-80],[-5.5,-32]],"v":[[-3.366,-466.547],[-205.366,-300.047],[-77.366,-127.047],[53.574,-162.09],[84.631,-273.709],[-49.337,-334.14],[-163.914,-232.105],[-174.946,-162.15],[-133.446,-143.65],[-114.275,-209.443],[-36.846,-265.032],[16.634,-225.047],[-67.366,-195.547],[-131.866,-288.047],[14.134,-375.047]],"c":true}]},{"i":{"x":0.833,"y":0.833},"o":{"x":0.167,"y":0.167},"t":34,"s":[{"i":[[6,24.5],[1.151,-126],[-53.967,-23.096],[-35.189,19.641],[0.119,44.687],[48.631,16.443],[32.776,-30.551],[0,0],[0,0],[-16.35,12.494],[-32.805,-2.735],[15.979,-13.86],[32.371,11.8],[-6.286,52.018],[-70,-5.5]],"o":[[-86.5,1],[-2.663,105.475],[47.437,20.653],[41.302,-20.497],[0.631,-46.366],[-48.631,-16.443],[-28.666,26.72],[0,0],[0,0],[16.35,-12.494],[32.175,5.207],[-18.24,14.67],[-31.261,-14.906],[8.423,-80.477],[-5.5,-32]],"v":[[-14.352,-471.669],[-230.591,-300.235],[-120.495,-136.027],[12.36,-138.015],[75.183,-228.411],[1.156,-321.014],[-119.54,-293.531],[-154.05,-243.441],[-111.83,-201.525],[-82.938,-239.178],[-25.961,-257.42],[-6.579,-206.063],[-92.066,-199.384],[-154.519,-292.521],[3.148,-380.169]],"c":true}]},{"i":{"x":0.833,"y":0.833},"o":{"x":0.167,"y":0.167},"t":38,"s":[{"i":[[6,24.5],[-7.982,-126.001],[-44.3,-40.8],[-42.028,5.887],[-18.385,41.153],[21.955,34.613],[23.211,3.9],[0,0],[0,0],[-21.865,-4.38],[-4.413,-19.558],[26.618,-8.339],[16.866,16.867],[-0.8,39.2],[-70,-5.5]],"o":[[-86.5,1],[4.7,74.2],[40.019,36.857],[56.292,-7.885],[20.135,-45.071],[-23.712,-37.383],[-29.561,-4.967],[0,0],[0,0],[22.445,4.496],[5.604,24.841],[-31.77,9.953],[-26.3,-26.3],[1.655,-81.114],[-5.5,-32]],"v":[[-29,-478.5],[-243,-304],[-178,-148],[-42.592,-105.915],[70.085,-176.952],[67.245,-300.413],[-28.51,-353.699],[-98.012,-343.852],[-78.448,-266.164],[-43.745,-272.296],[-6.887,-234.741],[-37.53,-180.753],[-125,-204.5],[-163.5,-302],[-11.5,-387]],"c":true}]},{"i":{"x":0.833,"y":0.833},"o":{"x":0.167,"y":0.167},"t":42,"s":[{"i":[[0,0],[18.038,-161.127],[-41.922,-41.718],[-42.467,1.05],[-25.906,36.884],[14.94,38.169],[22.039,8.261],[0,0],[0,0],[-20.626,-8.475],[-0.596,-20.041],[27.53,-4.489],[20.115,21.748],[-8.202,38.341],[0,0]],"o":[[0,0],[-8.396,74.995],[41.074,40.874],[56.824,-1.405],[28.373,-40.395],[-16.136,-41.223],[-28.069,-10.521],[0,0],[0,0],[21.173,8.7],[0.757,25.454],[-37.967,6.191],[-24.05,-26.003],[25.2,-117.8],[0,0]],"v":[[-70.481,-516.945],[-266,-326],[-195.813,-141.155],[-68.901,-84.04],[58.716,-143.787],[79.509,-265.517],[-4.307,-336.112],[-74.409,-339.72],[-70.044,-259.725],[-34.808,-259.116],[-5.802,-215.213],[-49.517,-161.004],[-141,-198.5],[-181.5,-322],[-35.5,-451]],"c":true}]},{"i":{"x":0.667,"y":1},"o":{"x":0.167,"y":0.167},"t":50,"s":[{"i":[[0,0],[15.972,-105.149],[-33.365,-46.554],[-42.467,1.05],[-38.851,22.85],[-14.353,38.394],[7.176,23.67],[0,0],[0,0],[-3.518,-22.02],[15.54,-22.407],[27.53,-4.489],[15.063,24.138],[-13.226,75.202],[0,0]],"o":[[0,0],[-11.766,77.457],[33.365,46.554],[56.824,-1.405],[29.094,-17.111],[13.835,-37.009],[-8.697,-28.686],[0,0],[0,0],[3.612,22.604],[-14.512,20.925],[-37.967,6.191],[-15.063,-24.138],[13.226,-75.202],[0,0]],"v":[[-130.866,-508.974],[-230.825,-332.722],[-197.414,-145.307],[-68.901,-84.04],[51.584,-113.245],[114.509,-194.348],[113.405,-280.808],[75.859,-339.462],[9.867,-294.04],[31.51,-258.9],[16.033,-204.441],[-49.517,-161.004],[-132.422,-200.848],[-148.088,-335.994],[-75.581,-468.737]],"c":true}]},{"i":{"x":0.833,"y":0.833},"o":{"x":0.333,"y":0},"t":60,"s":[{"i":[[0,0],[25.834,-105.934],[-13.253,-53.89],[-28.801,-23.059],[-41.463,-3.334],[-37.289,18.201],[-8.528,19.602],[0,0],[0,0],[9.437,-18.126],[18.659,-7.602],[24.347,22.445],[2.932,27.896],[-16.332,85.16],[0,0]],"o":[[0,0],[-17.907,74.075],[13.29,54.368],[39.528,32.309],[45.756,7.58],[34.448,-17.247],[10.996,-24.523],[0,0],[0,0],[-9.688,18.608],[-39.701,8.39],[-30.848,-26.893],[-2.353,-35.18],[20.282,-105.151],[0,0]],"v":[[-165.565,-527.196],[-172.897,-331.442],[-211.024,-141.125],[-136.892,-30.113],[-22.942,23.295],[78.237,3.349],[144.231,-60.699],[152.07,-123.46],[78.697,-126.076],[76.385,-92.525],[24.185,-55.688],[-81.534,-85.988],[-132.239,-174.03],[-93.787,-339.389],[-76.649,-515.311]],"c":true}]},{"t":81,"s":[{"i":[[0,0],[30.124,-106.275],[-4.502,-57.081],[-22.855,-33.548],[-42.599,-14.725],[-47.268,9.416],[-15.36,17.833],[0,0],[0,0],[15.074,-16.433],[20.016,-1.16],[22.962,34.163],[-2.346,29.531],[-17.683,89.492],[0,0]],"o":[[0,0],[-20.58,72.603],[4.556,57.767],[32.004,46.976],[53.005,18.322],[43.415,-8.649],[19.563,-22.712],[0,0],[0,0],[-15.474,16.869],[-50.66,2.936],[-27.751,-41.286],[3.176,-39.984],[23.352,-118.18],[0,0]],"v":[[-177.831,-502.775],[-147.695,-330.885],[-216.945,-139.306],[-166.472,-6.652],[-55.365,82.698],[62.456,89.358],[157.643,35.061],[185.226,-29.487],[108.641,-53.002],[95.908,-20.142],[27.732,9.027],[-95.463,-53.352],[-132.16,-162.363],[-70.162,-340.866],[-109.462,-532.743]],"c":true}]}],"ix":2},"nm":"Path 1","mn":"ADBE Vector Shape - Group","hd":false},{"ty":"fl","c":{"a":0,"k":[0.956862745098,0.262745098039,0.211764705882,1],"ix":4},"o":{"a":0,"k":100,"ix":5},"r":1,"bm":0,"nm":"Fill 1","mn":"ADBE Vector Graphic - Fill","hd":false},{"ty":"tr","p":{"a":0,"k":[0,0],"ix":2},"a":{"a":0,"k":[0,0],"ix":1},"s":{"a":0,"k":[100,100],"ix":3},"r":{"a":0,"k":0,"ix":6},"o":{"a":0,"k":100,"ix":7},"sk":{"a":0,"k":0,"ix":4},"sa":{"a":0,"k":0,"ix":5},"nm":"Transform"}],"nm":"Shape 1","np":3,"cix":2,"bm":0,"ix":1,"mn":"ADBE Vector Group","hd":false}],"ip":20,"op":82,"st":-1,"bm":0},{"ddd":0,"ind":3,"ty":4,"nm":"strip 1 shadow","parent":5,"tt":1,"sr":1,"ks":{"o":{"a":0,"k":100,"ix":11},"r":{"a":0,"k":0,"ix":10},"p":{"a":0,"k":[-132.682,-180.908,0],"ix":2,"l":2},"a":{"a":0,"k":[-132.682,-180.908,0],"ix":1,"l":2},"s":{"a":0,"k":[100,100,100],"ix":6,"l":2}},"ao":0,"shapes":[{"ty":"gr","it":[{"ind":0,"ty":"sh","ix":1,"ks":{"a":1,"k":[{"i":{"x":0.833,"y":0.833},"o":{"x":0.167,"y":0.167},"t":20,"s":[{"i":[[43.088,47.786],[-0.5,-15],[0,0],[0,0]],"o":[[-7.5,20],[27.5,33],[0,0],[0,0]],"v":[[-178.102,-158.034],[-184.39,-103.453],[-59.874,-102.571],[-68.483,-115.83]],"c":true}]},{"i":{"x":0.833,"y":0.833},"o":{"x":0.167,"y":0.167},"t":25,"s":[{"i":[[39.5,58],[-0.5,-15],[0,0],[0,0]],"o":[[-7.5,20],[27.5,33],[0,0],[0,0]],"v":[[-170,-215.5],[-174,-159.5],[-82.5,-135.5],[-81,-148.5]],"c":true}]},{"t":30,"s":[{"i":[[16.267,64.733],[-32.678,-86.69],[0,0],[22.587,4.84]],"o":[[-11.536,-45.908],[32.678,86.69],[0,0],[-79.145,-16.96]],"v":[[-200.633,-230.955],[-262.709,-106.461],[-77.743,-82.958],[-70.356,-123.641]],"c":true}]}],"ix":2},"nm":"Path 1","mn":"ADBE Vector Shape - Group","hd":false},{"ty":"fl","c":{"a":0,"k":[0.788235294118,0.16862745098,0.152941176471,1],"ix":4},"o":{"a":0,"k":100,"ix":5},"r":1,"bm":0,"nm":"Fill 1","mn":"ADBE Vector Graphic - Fill","hd":false},{"ty":"tr","p":{"a":0,"k":[0,0],"ix":2},"a":{"a":0,"k":[0,0],"ix":1},"s":{"a":0,"k":[100,100],"ix":3},"r":{"a":0,"k":0,"ix":6},"o":{"a":0,"k":100,"ix":7},"sk":{"a":0,"k":0,"ix":4},"sa":{"a":0,"k":0,"ix":5},"nm":"Transform"}],"nm":"Shape 1","np":3,"cix":2,"bm":0,"ix":1,"mn":"ADBE Vector Group","hd":false}],"ip":20,"op":31,"st":0,"bm":0},{"ddd":0,"ind":4,"ty":4,"nm":"mask 3","parent":5,"td":1,"sr":1,"ks":{"o":{"a":0,"k":100,"ix":11},"r":{"a":0,"k":10,"ix":10},"p":{"a":0,"k":[140.382,-85.55,0],"ix":2,"l":2},"a":{"a":0,"k":[257,-224,0],"ix":1,"l":2},"s":{"a":0,"k":[100,100,100],"ix":6,"l":2}},"ao":0,"shapes":[{"ty":"gr","it":[{"ind":0,"ty":"sh","ix":1,"ks":{"a":1,"k":[{"i":{"x":0.833,"y":0.833},"o":{"x":0.167,"y":0.167},"t":20,"s":[{"i":[[0,0],[0,0],[-186.652,-69.495],[-112.996,11.802],[0,0],[0,0],[0,0],[0,0],[0,0],[0,0]],"o":[[0,0],[0,0],[20.589,113.095],[125.608,-13.119],[0,0],[0,0],[0,0],[0,0],[0,0],[0,0]],"v":[[319.494,-1016],[-277.319,-579.206],[-31.348,-142.505],[194.831,47],[556.908,496.696],[997.09,-214.186],[1032,-270.565],[945.768,-360.782],[912.667,-395.413],[556.208,-768.345]],"c":true}]},{"i":{"x":0.833,"y":0.833},"o":{"x":0.167,"y":0.167},"t":21,"s":[{"i":[[0,0],[0,0],[-155.532,-80.369],[-68.867,2.04],[0,0],[0,0],[0,0],[0,0],[0,0],[0,0]],"o":[[0,0],[0,0],[28.82,89.767],[124.077,-10.82],[0,0],[0,0],[0,0],[0,0],[0,0],[0,0]],"v":[[308.291,-952.511],[-304.419,-305.589],[6.352,-154.845],[189.118,-9.052],[517.126,396.157],[918.933,-212.575],[950.8,-260.852],[873.039,-344.561],[843.19,-376.693],[521.751,-722.722]],"c":true}]},{"i":{"x":0.833,"y":0.833},"o":{"x":0.167,"y":0.167},"t":23,"s":[{"i":[[0,0],[0,0],[-93.291,-102.118],[-93.41,1.834],[0,0],[0,0],[0,0],[0,0],[0,0],[0,0]],"o":[[0,0],[0,0],[19.343,106.39],[121.015,-6.224],[0,0],[0,0],[0,0],[0,0],[0,0],[0,0]],"v":[[285.885,-825.533],[-254.665,-434.895],[-42.528,-146.558],[145.092,43.46],[437.563,195.078],[762.62,-209.351],[788.4,-241.426],[727.583,-312.118],[704.237,-339.254],[452.835,-631.476]],"c":true}]},{"t":25,"s":[{"i":[[0,0],[0,0],[-31.051,-123.866],[-117.953,1.628],[0,0],[0,0],[0,0],[0,0],[0,0],[0,0]],"o":[[0,0],[0,0],[31.051,123.866],[117.953,-1.628],[0,0],[0,0],[0,0],[0,0],[0,0],[0,0]],"v":[[263.479,-698.554],[-204.911,-564.2],[-145.74,-138.593],[113.52,118.794],[358,-6],[606.307,-206.128],[626,-222],[582.125,-279.676],[565.284,-301.815],[383.919,-540.229]],"c":true}],"h":1},{"i":{"x":0.833,"y":0.833},"o":{"x":0.167,"y":0.167},"t":38,"s":[{"i":[[0,0],[0,0],[-31.051,-123.866],[-117.954,1.628],[55.497,146.058],[0,0],[0,0],[18.624,26.679],[-4.625,23.405],[0,0]],"o":[[0,0],[0,0],[31.051,123.866],[117.953,-1.628],[-39.534,-104.046],[0,0],[0,0],[-9.888,-14.164],[10.037,-50.79],[0,0]],"v":[[263.479,-698.554],[-204.911,-564.2],[-236.085,-305.44],[-18.053,-166.695],[226.331,-441.756],[-38.343,-452.011],[-0.25,-329.892],[-47.611,-348.22],[-62.405,-423.972],[128.277,-480.678]],"c":true}]},{"i":{"x":0.833,"y":0.833},"o":{"x":0.167,"y":0.167},"t":42,"s":[{"i":[[0,0],[0,0],[-31.051,-123.866],[-117.954,1.628],[-4.283,135.275],[0,0],[0,0],[37.187,30.039],[-4.161,21.058],[0,0]],"o":[[0,0],[0,0],[31.051,123.866],[117.953,-1.628],[4.283,-135.275],[0,0],[0,0],[-16.866,-13.624],[10.037,-50.79],[0,0]],"v":[[127.355,-750.709],[-245.391,-655.559],[-236.085,-305.44],[-18.053,-166.695],[233.553,-302.901],[158.331,-499.89],[64.862,-329.188],[-37.895,-337.793],[-62.404,-423.972],[128.277,-480.678]],"c":true}]},{"i":{"x":0.833,"y":0.833},"o":{"x":0.167,"y":0.167},"t":46,"s":[{"i":[[0,0],[0,0],[-31.051,-123.866],[-46.958,-29.371],[-102.334,1.993],[0,0],[0,0],[37.187,30.039],[-4.161,21.058],[0,0]],"o":[[0,0],[0,0],[31.051,123.866],[46.958,29.371],[106.972,-2.083],[0,0],[0,0],[-16.865,-13.624],[10.037,-50.79],[0,0]],"v":[[163.046,-801.681],[-248.514,-690.548],[-236.085,-305.44],[-117.638,-126.797],[79.84,-92.005],[264.754,-143.963],[48.349,-301.906],[-37.895,-337.793],[-62.405,-423.972],[128.277,-480.678]],"c":true}]},{"i":{"x":0.667,"y":1},"o":{"x":0.167,"y":0.167},"t":50,"s":[{"i":[[0,0],[0,0],[-21.766,-125.831],[-17.658,-48.245],[-33.053,-23.071],[0,0],[0,0],[14.628,45.51],[-4.161,21.058],[0,0]],"o":[[0,0],[0,0],[12.03,69.544],[19.037,52.013],[37.964,26.499],[0,0],[0,0],[-8.238,-25.628],[10.037,-50.79],[0,0]],"v":[[163.046,-801.681],[-248.514,-690.548],[-249.039,-459.531],[-206.558,-274.949],[-130.069,-182.087],[-65.668,-157.796],[9.998,-289.051],[-16.306,-339.186],[-19.594,-428.123],[128.277,-480.678]],"c":true}]},{"i":{"x":0.833,"y":0.833},"o":{"x":0.333,"y":0},"t":60,"s":[{"i":[[0,0],[0,0],[128.197,-77.868],[9.685,-60.174],[-15.841,-48.294],[0,0],[0,0],[-11.974,35.597],[-42.055,21.48],[0,0]],"o":[[0,0],[0,0],[-60.321,36.64],[-8.802,54.683],[14.43,43.991],[0,0],[0,0],[11.974,-35.597],[42.055,-21.48],[0,0]],"v":[[183.476,-933.068],[41.478,-968.978],[-166.009,-857.844],[-286.53,-733.878],[-251.698,-595.084],[-192.078,-522.966],[18.229,-547.139],[24.442,-594.252],[82.361,-656.379],[186.59,-623.68]],"c":true}]},{"t":81,"s":[{"i":[[0,0],[0,0],[128.197,-77.868],[9.685,-60.174],[-15.841,-48.294],[0,0],[0,0],[0,0],[0,0],[0,0]],"o":[[0,0],[0,0],[-60.321,36.64],[-8.802,54.683],[14.43,43.991],[0,0],[0,0],[0,0],[0,0],[0,0]],"v":[[163.045,-801.681],[21.048,-837.591],[-186.439,-726.457],[-306.961,-602.491],[-272.128,-463.697],[-158.332,-564.774],[-17.671,-663.692],[11.532,-661.041],[56.064,-678.159],[238.114,-514.261]],"c":true}]}],"ix":2},"nm":"Path 1","mn":"ADBE Vector Shape - Group","hd":false},{"ty":"fl","c":{"a":0,"k":[0.438999998803,0.243000000598,0.176000004189,1],"ix":4},"o":{"a":0,"k":100,"ix":5},"r":1,"bm":0,"nm":"Fill 1","mn":"ADBE Vector Graphic - Fill","hd":false},{"ty":"tr","p":{"a":0,"k":[0,0],"ix":2},"a":{"a":0,"k":[0,0],"ix":1},"s":{"a":0,"k":[100,100],"ix":3},"r":{"a":0,"k":0,"ix":6},"o":{"a":0,"k":100,"ix":7},"sk":{"a":0,"k":0,"ix":4},"sa":{"a":0,"k":0,"ix":5},"nm":"Transform"}],"nm":"Shape 1","np":3,"cix":2,"bm":0,"ix":1,"mn":"ADBE Vector Group","hd":false}],"ip":20,"op":82,"st":-1,"bm":0},{"ddd":0,"ind":5,"ty":4,"nm":"strip 1","tt":1,"sr":1,"ks":{"o":{"a":0,"k":100,"ix":11},"r":{"a":1,"k":[{"i":{"x":[0.833],"y":[0.833]},"o":{"x":[0.167],"y":[0.167]},"t":20,"s":[-10]},{"i":{"x":[0.833],"y":[0.833]},"o":{"x":[0.167],"y":[0.167]},"t":25,"s":[0]},{"i":{"x":[0.833],"y":[0.833]},"o":{"x":[0.167],"y":[0.167]},"t":31,"s":[20]},{"i":{"x":[0.833],"y":[0.833]},"o":{"x":[0.167],"y":[0.167]},"t":38,"s":[90]},{"i":{"x":[0.833],"y":[0.833]},"o":{"x":[0.167],"y":[0.167]},"t":50,"s":[140]},{"t":81,"s":[160]}],"ix":10},"p":{"a":1,"k":[{"i":{"x":0.833,"y":0.833},"o":{"x":0.167,"y":0.167},"t":20,"s":[340.95,412.25,0],"to":[16.667,-16.667,0],"ti":[-22.667,22.833,0]},{"i":{"x":0.833,"y":0.833},"o":{"x":0.167,"y":0.167},"t":25,"s":[440.95,312.25,0],"to":[22.667,-22.833,0],"ti":[-13.5,11.833,0]},{"i":{"x":0.833,"y":0.833},"o":{"x":0.167,"y":0.167},"t":31,"s":[476.95,275.25,0],"to":[13.5,-11.833,0],"ti":[-39.58,-16.978,0]},{"i":{"x":0.833,"y":0.833},"o":{"x":0.167,"y":0.167},"t":38,"s":[528.95,248.25,0],"to":[39.05,16.75,0],"ti":[-33.009,-59.303,0]},{"i":{"x":0.833,"y":0.833},"o":{"x":0.167,"y":0.167},"t":50,"s":[579.95,443.25,0],"to":[41.05,73.75,0],"ti":[-18.833,-57,0]},{"t":81,"s":[674.95,585.25,0]}],"ix":2,"l":2},"a":{"a":0,"k":[-71.05,-199.75,0],"ix":1,"l":2},"s":{"a":1,"k":[{"i":{"x":[0.833,0.833,0.833],"y":[0.833,0.833,-0.667]},"o":{"x":[0.333,0.333,0.333],"y":[0,0,0]},"t":34,"s":[100,100,100]},{"t":81,"s":[80,80,100]}],"ix":6,"l":2}},"ao":0,"shapes":[{"ty":"gr","it":[{"ind":0,"ty":"sh","ix":1,"ks":{"a":1,"k":[{"i":{"x":0.833,"y":0.833},"o":{"x":0.167,"y":0.167},"t":20,"s":[{"i":[[0,0],[-31.497,-82.17],[-61.352,8.939],[-7.94,54.043],[66.666,7.285],[7.519,-81.277],[7,-58],[0,0],[0,0],[-15,60.5],[-4.868,52.74],[-17.5,-35],[22.765,-3.317],[21.903,58.539],[0,0]],"o":[[0,0],[33.12,86.404],[30.778,-4.484],[8.713,-59.302],[-57.997,-6.338],[-10.5,113.5],[-6.279,52.027],[0,0],[0,0],[15,-60.5],[6,-65],[17.5,35],[-28.697,4.181],[-23.48,-62.753],[0,0]],"v":[[-201.067,-374.868],[-210.9,-211.369],[-38.976,-118.567],[51.94,-200.043],[-31.003,-322.662],[-177.5,-217.5],[-107.5,-29],[-183,46.5],[-147.5,78],[-47.5,-23],[-114,-192],[-15,-238],[-47.852,-182.96],[-145.54,-236.739],[-127.834,-336.532]],"c":true}]},{"i":{"x":0.833,"y":0.833},"o":{"x":0.167,"y":0.167},"t":25,"s":[{"i":[[11,27],[0,-88],[-62,0],[-27.94,45.043],[67.003,-2.838],[8.75,-62.813],[7,-58],[0,0],[0,0],[-15,60.5],[-7,52.5],[-17.5,-35],[23.005,0],[-0.5,62.5],[-70,-5.5]],"o":[[-86.5,1],[0,92.534],[31.103,0],[31.594,-50.935],[-55.878,2.367],[-13.202,94.768],[-6.279,52.027],[0,0],[0,0],[15,-60.5],[7,-52.5],[17.5,35],[-29,0],[0.536,-67],[-11.5,-30.5]],"v":[[-29,-478.5],[-201,-311.5],[-58.5,-146],[48.94,-203.043],[-31.003,-332.662],[-157.5,-218.5],[-137.5,-44],[-183,46.5],[-147.5,78],[-76.5,-38],[-97,-199],[-9,-256],[-58,-211],[-138.5,-311.5],[3.5,-395]],"c":true}]},{"i":{"x":0.833,"y":0.833},"o":{"x":0.167,"y":0.167},"t":28,"s":[{"i":[[9,26],[3.2,-103.2],[-61.687,-3.927],[-28.788,39.009],[36.84,25.233],[33.484,-43.812],[10.187,-52.818],[0,0],[0,0],[-13.532,43.983],[-25.84,35.453],[-7.3,-28.2],[31.403,3.2],[-4.46,62.152],[-70,-5.5]],"o":[[-86.5,1],[-3.274,107.092],[39.862,3.4],[30.981,-42.544],[-36.84,-25.233],[-35.564,62.857],[-7.549,42.595],[0,0],[0,0],[13.532,-43.983],[25.041,-35.307],[7.263,28.283],[-31.393,-2.544],[5.722,-72.2],[-9.1,-31.1]],"v":[[-18.746,-473.719],[-202.746,-306.919],[-66.046,-138.419],[50.794,-186.662],[20.636,-313.877],[-117.018,-284.561],[-148.066,-119.242],[-179.778,-36.96],[-141.878,-10.66],[-91.61,-106.577],[-75.722,-245.218],[1.254,-243.619],[-61.746,-204.819],[-135.846,-302.119],[7.754,-387.019]],"c":true}]},{"i":{"x":0.833,"y":0.833},"o":{"x":0.167,"y":0.167},"t":31,"s":[{"i":[[6,24.5],[8,-126],[-61.218,-9.818],[-30.06,29.957],[13.997,47.338],[70.585,-15.311],[14.968,-45.045],[0,0],[0,0],[-11.329,19.207],[-54.099,9.883],[8,-18],[44,8],[-10.4,61.631],[-70,-5.5]],"o":[[-86.5,1],[-8.186,128.93],[53,8.5],[30.06,-29.957],[-13.997,-47.338],[-69.109,14.99],[-9.453,28.446],[0,0],[0,0],[11.329,-19.207],[52.103,-9.518],[-8.092,18.208],[-34.983,-6.36],[13.5,-80],[-5.5,-32]],"v":[[-3.366,-466.547],[-205.366,-300.047],[-77.366,-127.047],[53.574,-162.09],[84.631,-273.709],[-49.337,-334.14],[-163.914,-232.105],[-174.946,-162.15],[-133.446,-143.65],[-114.275,-209.443],[-36.846,-265.032],[16.634,-225.047],[-67.366,-195.547],[-131.866,-288.047],[14.134,-375.047]],"c":true}]},{"i":{"x":0.833,"y":0.833},"o":{"x":0.167,"y":0.167},"t":34,"s":[{"i":[[6,24.5],[1.151,-126],[-53.967,-23.096],[-35.189,19.641],[0.119,44.687],[48.631,16.443],[32.776,-30.551],[0,0],[0,0],[-16.35,12.494],[-32.805,-2.735],[15.979,-13.86],[32.371,11.8],[-6.286,52.018],[-70,-5.5]],"o":[[-86.5,1],[-2.663,105.475],[47.437,20.653],[41.302,-20.497],[0.631,-46.366],[-48.631,-16.443],[-28.666,26.72],[0,0],[0,0],[16.35,-12.494],[32.175,5.207],[-18.24,14.67],[-31.261,-14.906],[8.423,-80.477],[-5.5,-32]],"v":[[-14.352,-471.669],[-230.591,-300.235],[-120.495,-136.027],[12.36,-138.015],[75.183,-228.411],[1.156,-321.014],[-119.54,-293.531],[-154.05,-243.441],[-111.83,-201.525],[-82.938,-239.178],[-25.961,-257.42],[-6.579,-206.063],[-92.066,-199.384],[-154.519,-292.521],[3.148,-380.169]],"c":true}]},{"i":{"x":0.833,"y":0.833},"o":{"x":0.167,"y":0.167},"t":38,"s":[{"i":[[6,24.5],[-7.982,-126.001],[-44.3,-40.8],[-42.028,5.887],[-18.385,41.153],[21.955,34.613],[23.211,3.9],[0,0],[0,0],[-21.865,-4.38],[-4.413,-19.558],[26.618,-8.339],[16.866,16.867],[-0.8,39.2],[-70,-5.5]],"o":[[-86.5,1],[4.7,74.2],[40.019,36.857],[56.292,-7.885],[20.135,-45.071],[-23.712,-37.383],[-29.561,-4.967],[0,0],[0,0],[22.445,4.496],[5.604,24.841],[-31.77,9.953],[-26.3,-26.3],[1.655,-81.114],[-5.5,-32]],"v":[[-29,-478.5],[-243,-304],[-178,-148],[-42.592,-105.915],[70.085,-176.952],[67.245,-300.413],[-28.51,-353.699],[-98.012,-343.852],[-78.448,-266.164],[-43.745,-272.296],[-6.887,-234.741],[-37.53,-180.753],[-125,-204.5],[-163.5,-302],[-11.5,-387]],"c":true}]},{"i":{"x":0.833,"y":0.833},"o":{"x":0.167,"y":0.167},"t":42,"s":[{"i":[[0,0],[18.038,-161.127],[-41.922,-41.718],[-42.467,1.05],[-25.906,36.884],[14.94,38.169],[22.039,8.261],[0,0],[0,0],[-20.626,-8.475],[-0.596,-20.041],[27.53,-4.489],[20.115,21.748],[-8.202,38.341],[0,0]],"o":[[0,0],[-8.396,74.995],[41.074,40.874],[56.824,-1.405],[28.373,-40.395],[-16.136,-41.223],[-28.069,-10.521],[0,0],[0,0],[21.173,8.7],[0.757,25.454],[-37.967,6.191],[-24.05,-26.003],[25.2,-117.8],[0,0]],"v":[[-70.481,-516.945],[-266,-326],[-195.813,-141.155],[-68.901,-84.04],[58.716,-143.787],[79.509,-265.517],[-4.307,-336.112],[-74.409,-339.72],[-70.044,-259.725],[-34.808,-259.116],[-5.802,-215.213],[-49.517,-161.004],[-141,-198.5],[-181.5,-322],[-35.5,-451]],"c":true}]},{"i":{"x":0.667,"y":1},"o":{"x":0.167,"y":0.167},"t":50,"s":[{"i":[[0,0],[15.972,-105.149],[-33.365,-46.554],[-42.467,1.05],[-38.851,22.85],[-14.353,38.394],[7.176,23.67],[0,0],[0,0],[-3.518,-22.02],[15.54,-22.407],[27.53,-4.489],[15.063,24.138],[-13.226,75.202],[0,0]],"o":[[0,0],[-11.766,77.457],[33.365,46.554],[56.824,-1.405],[29.094,-17.111],[13.835,-37.009],[-8.697,-28.686],[0,0],[0,0],[3.612,22.604],[-14.512,20.925],[-37.967,6.191],[-15.063,-24.138],[13.226,-75.202],[0,0]],"v":[[-130.866,-508.974],[-230.825,-332.722],[-197.414,-145.307],[-68.901,-84.04],[51.584,-113.245],[114.509,-194.348],[113.405,-280.808],[75.859,-339.462],[9.867,-294.04],[31.51,-258.9],[16.033,-204.441],[-49.517,-161.004],[-132.422,-200.848],[-148.088,-335.994],[-75.581,-468.737]],"c":true}]},{"i":{"x":0.833,"y":0.833},"o":{"x":0.333,"y":0},"t":60,"s":[{"i":[[0,0],[25.834,-105.934],[-13.253,-53.89],[-28.801,-23.059],[-41.463,-3.334],[-37.289,18.201],[-8.528,19.602],[0,0],[0,0],[9.437,-18.126],[18.659,-7.602],[24.347,22.445],[2.932,27.896],[-16.332,85.16],[0,0]],"o":[[0,0],[-17.907,74.075],[13.29,54.368],[39.528,32.309],[45.756,7.58],[34.448,-17.247],[10.996,-24.523],[0,0],[0,0],[-9.688,18.608],[-39.701,8.39],[-30.848,-26.893],[-2.353,-35.18],[20.282,-105.151],[0,0]],"v":[[-165.565,-527.196],[-172.897,-331.442],[-211.024,-141.125],[-136.892,-30.113],[-22.942,23.295],[78.237,3.349],[144.231,-60.699],[152.07,-123.46],[78.697,-126.076],[76.385,-92.525],[24.185,-55.688],[-81.534,-85.988],[-132.239,-174.03],[-93.787,-339.389],[-76.649,-515.311]],"c":true}]},{"t":81,"s":[{"i":[[0,0],[30.124,-106.275],[-4.502,-57.081],[-22.855,-33.548],[-42.599,-14.725],[-47.268,9.416],[-15.36,17.833],[0,0],[0,0],[15.074,-16.433],[20.016,-1.16],[22.962,34.163],[-2.346,29.531],[-17.683,89.492],[0,0]],"o":[[0,0],[-20.58,72.603],[4.556,57.767],[32.004,46.976],[53.005,18.322],[43.415,-8.649],[19.563,-22.712],[0,0],[0,0],[-15.474,16.869],[-50.66,2.936],[-27.751,-41.286],[3.176,-39.984],[23.352,-118.18],[0,0]],"v":[[-177.831,-502.775],[-147.695,-330.885],[-216.945,-139.306],[-166.472,-6.652],[-55.365,82.698],[62.456,89.358],[157.643,35.061],[185.226,-29.487],[108.641,-53.002],[95.908,-20.142],[27.732,9.027],[-95.463,-53.352],[-132.16,-162.363],[-70.162,-340.866],[-109.462,-532.743]],"c":true}]}],"ix":2},"nm":"Path 1","mn":"ADBE Vector Shape - Group","hd":false},{"ty":"fl","c":{"a":0,"k":[0.956862745098,0.262745098039,0.211764705882,1],"ix":4},"o":{"a":0,"k":100,"ix":5},"r":1,"bm":0,"nm":"Fill 1","mn":"ADBE Vector Graphic - Fill","hd":false},{"ty":"tr","p":{"a":0,"k":[0,0],"ix":2},"a":{"a":0,"k":[0,0],"ix":1},"s":{"a":0,"k":[100,100],"ix":3},"r":{"a":0,"k":0,"ix":6},"o":{"a":0,"k":100,"ix":7},"sk":{"a":0,"k":0,"ix":4},"sa":{"a":0,"k":0,"ix":5},"nm":"Transform"}],"nm":"Shape 1","np":3,"cix":2,"bm":0,"ix":1,"mn":"ADBE Vector Group","hd":false}],"ip":20,"op":82,"st":-1,"bm":0},{"ddd":0,"ind":6,"ty":4,"nm":"mask","parent":7,"td":1,"sr":1,"ks":{"o":{"a":0,"k":100,"ix":11},"r":{"a":0,"k":0,"ix":10},"p":{"a":0,"k":[257,-224,0],"ix":2,"l":2},"a":{"a":0,"k":[257,-224,0],"ix":1,"l":2},"s":{"a":0,"k":[100,100,100],"ix":6,"l":2}},"ao":0,"shapes":[{"ty":"gr","it":[{"ind":0,"ty":"sh","ix":1,"ks":{"a":1,"k":[{"i":{"x":0.833,"y":0.833},"o":{"x":0.167,"y":0.167},"t":20,"s":[{"i":[[0,0],[0,0],[37.775,-118.253],[-138.831,14.5],[0,0],[0,0]],"o":[[0,0],[0,0],[-41,128.347],[125.608,-13.119],[0,0],[0,0]],"v":[[347.494,-1004],[-249.319,-567.206],[-20,-217.847],[198.831,51],[584.908,508.696],[1060,-258.565]],"c":true}]},{"i":{"x":0.833,"y":0.833},"o":{"x":0.167,"y":0.167},"t":21,"s":[{"i":[[0,0],[0,0],[30.22,-94.602],[-111.065,11.6],[0,0],[0,0]],"o":[[0,0],[0,0],[-32.8,102.678],[100.486,-10.495],[0,0],[0,0]],"v":[[334.395,-919.6],[-190.255,-516.965],[-0.4,-186.278],[174.265,15.6],[539.526,405.757],[973.2,-251.252]],"c":true}]},{"i":{"x":0.833,"y":0.833},"o":{"x":0.167,"y":0.167},"t":23,"s":[{"i":[[0,0],[0,0],[1.801,-49.623],[-55.532,5.8],[0,0],[0,0]],"o":[[0,0],[0,0],[-2.8,77.139],[50.243,-5.248],[0,0],[0,0]],"v":[[308.197,-750.8],[-72.128,-416.483],[-101.2,-34.139],[59.132,117.8],[448.763,199.878],[799.6,-236.626]],"c":true}]},{"i":{"x":0.833,"y":0.833},"o":{"x":0.167,"y":0.167},"t":25,"s":[{"i":[[0,0],[0,0],[0,0],[0,0],[0,0],[0,0]],"o":[[0,0],[0,0],[0,0],[0,0],[0,0],[0,0]],"v":[[282,-582],[46,-316],[-132,50],[6,154],[358,-6],[626,-222]],"c":true}]},{"i":{"x":0.667,"y":1},"o":{"x":0.167,"y":0.167},"t":39,"s":[{"i":[[0,0],[0,0],[0,0],[0,0],[0,0],[0,0]],"o":[[0,0],[0,0],[0,0],[0,0],[0,0],[0,0]],"v":[[282,-582],[173.076,-373.024],[263.138,-247.62],[416.197,-7.439],[578.798,-63.342],[693.446,-343.865]],"c":true}]},{"i":{"x":0.833,"y":0.833},"o":{"x":0.333,"y":0},"t":54,"s":[{"i":[[0,0],[0,0],[0,0],[0,0],[0,0],[0,0]],"o":[[0,0],[0,0],[0,0],[0,0],[0,0],[0,0]],"v":[[282,-582],[173.076,-373.024],[434.242,-365.079],[421.085,-133.251],[704.372,-214.809],[693.446,-343.865]],"c":true}]},{"t":76,"s":[{"i":[[0,0],[0,0],[0,0],[0,0],[0,0],[0,0]],"o":[[0,0],[0,0],[0,0],[0,0],[0,0],[0,0]],"v":[[282,-582],[344.311,-498.362],[581.027,-353.062],[437.445,-57.155],[800.279,-350.789],[365.446,-613.865]],"c":true}]}],"ix":2},"nm":"Path 1","mn":"ADBE Vector Shape - Group","hd":false},{"ty":"fl","c":{"a":0,"k":[0.438999998803,0.243000000598,0.176000004189,1],"ix":4},"o":{"a":0,"k":100,"ix":5},"r":1,"bm":0,"nm":"Fill 1","mn":"ADBE Vector Graphic - Fill","hd":false},{"ty":"tr","p":{"a":0,"k":[0,0],"ix":2},"a":{"a":0,"k":[0,0],"ix":1},"s":{"a":0,"k":[100,100],"ix":3},"r":{"a":0,"k":0,"ix":6},"o":{"a":0,"k":100,"ix":7},"sk":{"a":0,"k":0,"ix":4},"sa":{"a":0,"k":0,"ix":5},"nm":"Transform"}],"nm":"Shape 1","np":3,"cix":2,"bm":0,"ix":1,"mn":"ADBE Vector Group","hd":false}],"ip":20,"op":82,"st":-1,"bm":0},{"ddd":0,"ind":7,"ty":4,"nm":"strip 2","tt":1,"sr":1,"ks":{"o":{"a":0,"k":100,"ix":11},"r":{"a":1,"k":[{"i":{"x":[0.833],"y":[0.833]},"o":{"x":[0.333],"y":[0]},"t":30,"s":[0]},{"i":{"x":[0.833],"y":[0.833]},"o":{"x":[0.167],"y":[0.167]},"t":41,"s":[10.761]},{"i":{"x":[0.833],"y":[0.833]},"o":{"x":[0.167],"y":[0.167]},"t":56,"s":[48.312]},{"t":76,"s":[87.18]}],"ix":10},"p":{"a":1,"k":[{"i":{"x":0.833,"y":0.833},"o":{"x":0.167,"y":0.167},"t":20,"s":[509.948,537.5,0],"to":[0,0,0],"ti":[0,0,0]},{"i":{"x":0.833,"y":0.833},"o":{"x":0.167,"y":0.167},"t":25,"s":[709.948,337.5,0],"to":[0,0,0],"ti":[-6.678,29.831,0]},{"i":{"x":0.833,"y":0.833},"o":{"x":0.167,"y":0.167},"t":41,"s":[668.948,257.5,0],"to":[7.052,-31.5,0],"ti":[-54.052,-2.5,0]},{"i":{"x":0.833,"y":0.833},"o":{"x":0.167,"y":0.167},"t":56,"s":[732.948,217.5,0],"to":[54.052,2.5,0],"ti":[0,-6.667,0]},{"t":76,"s":[804.948,297.5,0]}],"ix":2,"l":2},"a":{"a":0,"k":[197.948,-174.5,0],"ix":1,"l":2},"s":{"a":1,"k":[{"i":{"x":[0.833,0.833,0.833],"y":[0.833,0.833,1]},"o":{"x":[0.333,0.333,0.333],"y":[0,0,0]},"t":31,"s":[100,100,100]},{"t":76,"s":[80,80,100]}],"ix":6,"l":2}},"ao":0,"shapes":[{"ty":"gr","it":[{"ind":0,"ty":"sh","ix":1,"ks":{"a":1,"k":[{"i":{"x":0.833,"y":0.833},"o":{"x":0.167,"y":0.167},"t":20,"s":[{"i":[[0,0],[0,0],[47.004,-25.151],[110.5,-48.5],[0,0],[62.5,-38.5],[-25,-41],[0,0],[-43,18],[-94,52],[0,0],[-111,58]],"o":[[0,0],[0,0],[-57,30.5],[-89.073,39.095],[0,0],[-87.967,54.187],[18,0],[0,0],[35.975,-15.059],[48.955,-27.081],[0,0],[114.154,-59.648]],"v":[[347.284,-153.751],[254.716,-181.249],[209,-87],[28,-234.5],[28.5,-66],[-65.5,-104.5],[-59,90],[-9.5,91],[-21.5,-46.5],[106,64],[108.5,-78],[261,-19]],"c":true}]},{"i":{"x":0.833,"y":0.833},"o":{"x":0.167,"y":0.167},"t":25,"s":[{"i":[[0,0],[0,0],[47.004,-25.151],[110.5,-48.5],[2,-39],[37,-39],[9.5,-47],[0,0],[-43,18],[-23,42],[-18.991,10.017],[-111,58]],"o":[[0,0],[0,0],[-57,30.5],[-89.073,39.095],[-0.563,10.986],[-37,39],[18,0],[0,0],[35.975,-15.059],[26.872,-49.07],[45.5,-24],[114.154,-59.648]],"v":[[410,-440],[320,-405],[350,-232],[141,-263.5],[118.5,-85],[5.5,-42.5],[-59,90],[-9.5,91],[56.5,4.5],[197,-56],[183.5,-201],[402,-164]],"c":true}]},{"i":{"x":0.833,"y":0.833},"o":{"x":0.167,"y":0.167},"t":31,"s":[{"i":[[0,0],[0,0],[43.511,-38.983],[49.419,-8.97],[39.001,-49.821],[5.07,-53.519],[0,0],[0,0],[-22.746,40.689],[-46.016,44.415],[-41.633,9.573],[-70.818,68.265]],"o":[[0,0],[0,0],[-43.511,38.983],[-49.419,8.97],[-36.467,46.584],[-5.07,53.519],[0,0],[0,0],[19.03,-34.042],[45.831,-44.237],[41.633,-9.573],[75.381,-72.664]],"v":[[492.308,-342.081],[419.396,-381.77],[350.347,-254.987],[210.172,-217.999],[60.594,-133.136],[-14.413,20.108],[-6.001,128.193],[42.454,118.025],[54.72,25.649],[124.613,-74.741],[242.706,-133.398],[423.732,-194.308]],"c":true}]},{"i":{"x":0.833,"y":0.833},"o":{"x":0.167,"y":0.167},"t":39,"s":[{"i":[[0,0],[0,0],[57.029,-68.549],[53.791,-21.769],[48.074,-41.135],[-6.897,-53.403],[0,0],[0,0],[-1.548,52.241],[-30.737,15.257],[-39.196,16.989],[-76.122,62.296]],"o":[[0,0],[0,0],[-37.362,44.91],[-46.558,18.842],[-62.852,53.779],[6.886,53.316],[0,0],[0,0],[1.317,-44.451],[25.644,-12.729],[72.381,-31.373],[59.302,-48.531]],"v":[[467.328,-301.338],[461.066,-385.782],[296.571,-298.68],[193.771,-203.241],[35.724,-155.276],[-25.828,12.496],[11.87,123.528],[63.058,110.9],[48.939,21.338],[102.21,-83.717],[224.561,-123.539],[357.09,-248.493]],"c":true}]},{"t":54,"s":[{"i":[[0,0],[0,0],[92,-9.405],[45.175,-25.393],[39.001,-49.821],[5.07,-53.519],[0,0],[0,0],[-22.746,40.689],[-40.942,49.132],[-44.359,23.006],[-57.985,3.217]],"o":[[0,0],[0,0],[-66.091,6.756],[-43.784,24.611],[-36.467,46.584],[-5.07,53.519],[0,0],[0,0],[19.03,-34.042],[39.699,-47.641],[45.865,-23.787],[73.615,-4.084]],"v":[[484.132,-163.158],[521.602,-233.089],[346.805,-281.481],[188.172,-241.999],[60.594,-133.136],[-14.413,20.108],[-6.001,128.193],[42.454,118.025],[54.72,25.649],[120.647,-68.751],[226.706,-160.398],[350.732,-198.308]],"c":true}]}],"ix":2},"nm":"Path 1","mn":"ADBE Vector Shape - Group","hd":false},{"ty":"fl","c":{"a":0,"k":[0.956862745098,0.560784313725,0.694117647059,1],"ix":4},"o":{"a":0,"k":100,"ix":5},"r":1,"bm":0,"nm":"Fill 1","mn":"ADBE Vector Graphic - Fill","hd":false},{"ty":"tr","p":{"a":0,"k":[0,0],"ix":2},"a":{"a":0,"k":[0,0],"ix":1},"s":{"a":0,"k":[100,100],"ix":3},"r":{"a":0,"k":0,"ix":6},"o":{"a":0,"k":100,"ix":7},"sk":{"a":0,"k":0,"ix":4},"sa":{"a":0,"k":0,"ix":5},"nm":"Transform"}],"nm":"Shape 1","np":3,"cix":2,"bm":0,"ix":1,"mn":"ADBE Vector Group","hd":false}],"ip":20,"op":82,"st":-1,"bm":0},{"ddd":0,"ind":8,"ty":4,"nm":"mask 2","parent":9,"td":1,"sr":1,"ks":{"o":{"a":0,"k":100,"ix":11},"r":{"a":0,"k":19.678,"ix":10},"p":{"a":0,"k":[248.492,-6.601,0],"ix":2,"l":2},"a":{"a":0,"k":[257,-224,0],"ix":1,"l":2},"s":{"a":0,"k":[100,100,100],"ix":6,"l":2}},"ao":0,"shapes":[{"ty":"gr","it":[{"ind":0,"ty":"sh","ix":1,"ks":{"a":1,"k":[{"i":{"x":0.833,"y":0.833},"o":{"x":0.167,"y":0.167},"t":20,"s":[{"i":[[0,0],[0,0],[37.775,-118.253],[-138.831,14.5],[0,0],[0,0]],"o":[[0,0],[0,0],[-41,128.347],[125.608,-13.119],[0,0],[0,0]],"v":[[347.494,-1004],[-249.319,-567.206],[-20,-217.847],[198.831,51],[584.908,508.696],[1060,-258.565]],"c":true}]},{"i":{"x":0.833,"y":0.833},"o":{"x":0.167,"y":0.167},"t":21,"s":[{"i":[[0,0],[0,0],[-7.066,-99.06],[-102.1,-2.226],[0,0],[0,0]],"o":[[0,0],[0,0],[5.382,75.45],[52.926,109.397],[0,0],[0,0]],"v":[[334.395,-919.6],[-190.255,-516.965],[-11.088,-204.522],[155.615,-23.667],[586.524,449.272],[1020.198,-207.736]],"c":true}]},{"i":{"x":0.833,"y":0.833},"o":{"x":0.167,"y":0.167},"t":23,"s":[{"i":[[0,0],[0,0],[-3.533,-49.53],[-138.996,51.267],[0,0],[0,0]],"o":[[0,0],[0,0],[2.691,37.725],[26.463,54.698],[0,0],[0,0]],"v":[[308.197,-750.8],[-72.128,-416.483],[-71.544,-77.261],[168.457,11.628],[589.756,330.425],[940.593,-106.079]],"c":true}]},{"i":{"x":0.833,"y":0.833},"o":{"x":0.167,"y":0.167},"t":25,"s":[{"i":[[0,0],[0,0],[0,0],[0,0],[0,0],[0,0]],"o":[[0,0],[0,0],[0,0],[0,0],[0,0],[0,0]],"v":[[282,-582],[46,-316],[-132,50],[240.989,371.578],[592.989,211.578],[860.989,-4.422]],"c":true}]},{"i":{"x":0.667,"y":1},"o":{"x":0.167,"y":0.167},"t":36,"s":[{"i":[[0,0],[0,0],[0,0],[0,0],[0,0],[0,0]],"o":[[0,0],[0,0],[0,0],[0,0],[0,0],[0,0]],"v":[[282,-582],[173.076,-373.024],[213.02,-226.452],[495.778,-24.61],[578.798,-63.342],[693.446,-343.865]],"c":true}]},{"i":{"x":0.833,"y":0.833},"o":{"x":0.333,"y":0},"t":54,"s":[{"i":[[0,0],[0,0],[0,0],[0,0],[0,0],[0,0]],"o":[[0,0],[0,0],[0,0],[0,0],[0,0],[0,0]],"v":[[282,-582],[173.076,-373.024],[338.414,-370.419],[503.456,-183.569],[660.278,-426.733],[693.446,-343.865]],"c":true}]},{"t":84,"s":[{"i":[[0,0],[0,0],[0,0],[0,0],[0,0],[0,0]],"o":[[0,0],[0,0],[0,0],[0,0],[0,0],[0,0]],"v":[[363.781,-649.712],[254.857,-440.736],[401.334,-417.081],[553.46,-212.683],[742.059,-494.445],[775.227,-411.576]],"c":true}]}],"ix":2},"nm":"Path 1","mn":"ADBE Vector Shape - Group","hd":false},{"ty":"fl","c":{"a":0,"k":[0.438999998803,0.243000000598,0.176000004189,1],"ix":4},"o":{"a":0,"k":100,"ix":5},"r":1,"bm":0,"nm":"Fill 1","mn":"ADBE Vector Graphic - Fill","hd":false},{"ty":"tr","p":{"a":0,"k":[0,0],"ix":2},"a":{"a":0,"k":[0,0],"ix":1},"s":{"a":0,"k":[100,100],"ix":3},"r":{"a":0,"k":0,"ix":6},"o":{"a":0,"k":100,"ix":7},"sk":{"a":0,"k":0,"ix":4},"sa":{"a":0,"k":0,"ix":5},"nm":"Transform"}],"nm":"Shape 1","np":3,"cix":2,"bm":0,"ix":1,"mn":"ADBE Vector Group","hd":false}],"ip":20,"op":82,"st":-1,"bm":0},{"ddd":0,"ind":9,"ty":4,"nm":"strip 3","tt":1,"sr":1,"ks":{"o":{"a":0,"k":100,"ix":11},"r":{"a":1,"k":[{"i":{"x":[0.833],"y":[0.833]},"o":{"x":[0.167],"y":[0.167]},"t":20,"s":[-19.678]},{"i":{"x":[0.833],"y":[0.833]},"o":{"x":[0.167],"y":[0.167]},"t":25,"s":[0]},{"i":{"x":[0.833],"y":[0.833]},"o":{"x":[0.167],"y":[0.167]},"t":36,"s":[50]},{"i":{"x":[0.833],"y":[0.833]},"o":{"x":[0.167],"y":[0.167]},"t":54,"s":[80]},{"t":84,"s":[110]}],"ix":10},"p":{"a":1,"k":[{"i":{"x":0.833,"y":0.833},"o":{"x":0.167,"y":0.167},"t":20,"s":[554,613.822,0],"to":[0,0,0],"ti":[0,0,0]},{"i":{"x":0.833,"y":0.833},"o":{"x":0.167,"y":0.167},"t":25,"s":[704,618.822,0],"to":[0,0,0],"ti":[-22,24.822,0]},{"i":{"x":0.833,"y":0.833},"o":{"x":0.167,"y":0.167},"t":36,"s":[704,534.822,0],"to":[22,-24.822,0],"ti":[-34,-29.178,0]},{"i":{"x":0.833,"y":0.833},"o":{"x":0.167,"y":0.167},"t":54,"s":[785,600.822,0],"to":[34,29.178,0],"ti":[0,0,0]},{"t":84,"s":[904,664.822,0]}],"ix":2,"l":2},"a":{"a":0,"k":[192,106.822,0],"ix":1,"l":2},"s":{"a":1,"k":[{"i":{"x":[0.833,0.833,0.833],"y":[0.833,0.833,1]},"o":{"x":[0.333,0.333,0.333],"y":[0,0,0]},"t":31,"s":[100,100,100]},{"t":84,"s":[80,80,100]}],"ix":6,"l":2}},"ao":0,"shapes":[{"ty":"gr","it":[{"ind":0,"ty":"sh","ix":1,"ks":{"a":1,"k":[{"i":{"x":0.833,"y":0.833},"o":{"x":0.167,"y":0.167},"t":20,"s":[{"i":[[0,0],[11.828,-50.488],[26,-4.5],[61.788,-2.602],[40.5,-9],[0,0],[0,0],[-43.487,1.191],[-12.22,-3.303],[-141,46],[-17.26,51.76],[0,0]],"o":[[0,0],[-21.377,91.243],[-41.294,7.147],[-95,4],[-40.5,9],[0,0],[0,0],[73,-2],[18.5,5],[92.095,-30.045],[11.451,-34.342],[0,0]],"v":[[285.259,-11.124],[226.259,82.897],[194,211.5],[95,45],[4.5,164],[-59,137],[-79.5,187],[7,222],[83.5,130],[226,303],[312.505,104.457],[352.387,56.766]],"c":true}]},{"i":{"x":0.833,"y":0.833},"o":{"x":0.167,"y":0.167},"t":25,"s":[{"i":[[0,0],[40.947,-31.817],[44.91,-13.307],[61.5,6.5],[40.5,-9],[0,0],[0,0],[-43.5,-0.5],[-32.574,-1.192],[-108.5,39.5],[-45.97,29.39],[0,0]],"o":[[0,0],[-74,57.5],[-54,16],[-61.5,-6.5],[-40.5,9],[0,0],[0,0],[43.5,0.5],[41,1.5],[91.028,-33.139],[30.5,-19.5],[0,0]],"v":[[454,-43],[349,-7],[264,174.5],[116,108],[2.5,142],[-59,137],[-79.5,187],[5,200],[107.5,178],[310,247],[402.5,64],[463.5,52]],"c":true}]},{"i":{"x":0.833,"y":0.833},"o":{"x":0.167,"y":0.167},"t":36,"s":[{"i":[[0,0],[53.01,-42.838],[-1.744,-46.808],[51.678,-33.968],[25.611,-32.639],[0,0],[0,0],[-33.955,27.195],[-25.945,19.732],[-15.816,70.075],[-45.97,29.39],[0,0]],"o":[[0,0],[-72.889,58.902],[1.574,42.237],[-51.678,33.968],[-25.611,32.639],[0,0],[0,0],[33.955,-27.195],[32.656,-24.837],[10.773,-47.731],[30.5,-19.5],[0,0]],"v":[[454,-43],[324.39,-36.788],[238.347,132.209],[183.67,222.5],[117.461,320.757],[66.733,355.886],[82.584,407.548],[156.169,364.022],[221.482,282.019],[319.592,152.73],[388.121,37.576],[463.5,52]],"c":true}]},{"t":54,"s":[{"i":[[0,0],[53.01,-42.838],[-1.744,-46.808],[51.678,-33.968],[25.611,-32.639],[0,0],[0,0],[-33.955,27.195],[-25.945,19.732],[-15.816,70.075],[-45.97,29.39],[0,0]],"o":[[0,0],[-72.889,58.902],[1.574,42.237],[-51.678,33.968],[-25.611,32.639],[0,0],[0,0],[33.955,-27.195],[32.656,-24.837],[10.773,-47.731],[30.5,-19.5],[0,0]],"v":[[466.732,-72.831],[324.39,-36.788],[238.347,132.209],[183.67,222.5],[117.461,320.757],[66.733,355.886],[82.584,407.548],[156.169,364.022],[221.482,282.019],[319.592,152.73],[384.123,25.701],[490.866,10.998]],"c":true}]}],"ix":2},"nm":"Path 1","mn":"ADBE Vector Shape - Group","hd":false},{"ty":"fl","c":{"a":0,"k":[0.011764705882,0.662745098039,0.956862745098,1],"ix":4},"o":{"a":0,"k":100,"ix":5},"r":1,"bm":0,"nm":"Fill 1","mn":"ADBE Vector Graphic - Fill","hd":false},{"ty":"tr","p":{"a":0,"k":[0,0],"ix":2},"a":{"a":0,"k":[0,0],"ix":1},"s":{"a":0,"k":[100,100],"ix":3},"r":{"a":0,"k":0,"ix":6},"o":{"a":0,"k":100,"ix":7},"sk":{"a":0,"k":0,"ix":4},"sa":{"a":0,"k":0,"ix":5},"nm":"Transform"}],"nm":"Shape 1","np":3,"cix":2,"bm":0,"ix":1,"mn":"ADBE Vector Group","hd":false}],"ip":20,"op":82,"st":-1,"bm":0},{"ddd":0,"ind":10,"ty":3,"nm":"Null Scale","sr":1,"ks":{"o":{"a":0,"k":0,"ix":11},"r":{"a":1,"k":[{"i":{"x":[0],"y":[1]},"o":{"x":[0.333],"y":[0]},"t":0,"s":[45]},{"i":{"x":[0.833],"y":[0.833]},"o":{"x":[0.78],"y":[0]},"t":16,"s":[47]},{"t":21,"s":[45],"h":1}],"ix":10},"p":{"a":1,"k":[{"i":{"x":0,"y":1},"o":{"x":0.333,"y":0},"t":0,"s":[66,982,0],"to":[0,0,0],"ti":[0,0,0]},{"i":{"x":0.833,"y":0.833},"o":{"x":0.69,"y":0},"t":16,"s":[62,978,0],"to":[0,0,0],"ti":[0,0,0]},{"t":21,"s":[66,982,0],"h":1}],"ix":2,"l":2},"a":{"a":0,"k":[0,0,0],"ix":1,"l":2},"s":{"a":1,"k":[{"i":{"x":[0,0,0.667],"y":[1,1,1]},"o":{"x":[0.333,0.333,0.333],"y":[0,0,0]},"t":0,"s":[100,100,100]},{"i":{"x":[0.667,0.667,0.667],"y":[1,1,1]},"o":{"x":[1,1,0.333],"y":[0,0,0]},"t":16,"s":[124.042,60.402,100]},{"i":{"x":[0.833,0.833,0.833],"y":[0.833,0.833,1]},"o":{"x":[0.333,0.333,0.333],"y":[0,0,0]},"t":21,"s":[83.689,115.502,100]},{"i":{"x":[0.667,0.667,0.667],"y":[1,1,1]},"o":{"x":[0.167,0.167,0.167],"y":[0.167,0.167,0]},"t":25,"s":[100,100,100]},{"i":{"x":[0.667,0.667,0.667],"y":[1,1,1]},"o":{"x":[0.333,0.333,0.333],"y":[0,0,0]},"t":29,"s":[108.953,91.428,100]},{"t":40,"s":[100,100,100]}],"ix":6,"l":2}},"ao":0,"ip":0,"op":92,"st":0,"bm":0},{"ddd":0,"ind":11,"ty":4,"nm":"popper","parent":10,"sr":1,"ks":{"o":{"a":0,"k":100,"ix":11},"r":{"a":0,"k":-45,"ix":10},"p":{"a":0,"k":[-4.299,-424.547,0],"ix":2,"l":2},"a":{"a":0,"k":[321.81,327.33,0],"ix":1,"l":2},"s":{"a":0,"k":[100,100,100],"ix":6,"l":2}},"ao":0,"shapes":[{"ty":"gr","it":[{"ind":0,"ty":"sh","ix":1,"ks":{"a":0,"k":{"i":[[-87.36,-102.159],[-36.08,28.16],[94.8,109.52],[26,-24.8]],"o":[[95.2,111.36],[36.16,-28.239],[-99.36,-114.719],[-26,24.801]],"v":[[-108.52,84.44],[131.16,153.719],[101.08,-81.08],[-136.76,-138.281]],"c":true},"ix":2},"nm":"Path 1","mn":"ADBE Vector Shape - Group","hd":false},{"ty":"gf","o":{"a":0,"k":100,"ix":10},"r":1,"bm":0,"g":{"p":3,"k":{"a":0,"k":[0,0.561,0.278,0,0.5,0.5,0.261,0.088,1,0.439,0.243,0.176],"ix":9}},"s":{"a":0,"k":[126,-94],"ix":5},"e":{"a":0,"k":[-84,72],"ix":6},"t":1,"nm":"Gradient Fill 1","mn":"ADBE Vector Graphic - G-Fill","hd":false},{"ty":"tr","p":{"a":0,"k":[400.37,229.65],"ix":2},"a":{"a":0,"k":[0,0],"ix":1},"s":{"a":0,"k":[100,100],"ix":3},"r":{"a":0,"k":0,"ix":6},"o":{"a":0,"k":100,"ix":7},"sk":{"a":0,"k":0,"ix":4},"sa":{"a":0,"k":0,"ix":5},"nm":"Transform"}],"nm":"Group 1","np":2,"cix":2,"bm":0,"ix":1,"mn":"ADBE Vector Group","hd":false},{"ty":"gr","it":[{"ind":0,"ty":"sh","ix":1,"ks":{"a":0,"k":{"i":[[4.24,9.44],[0,0],[-1.68,3.52],[0,0],[0,0],[0,0]],"o":[[0,0],[-1.6,-3.6],[0,0],[0,0],[0,0],[-5.76,8.64]],"v":[[-117.88,211.6],[-117.88,211.6],[-117.8,200.4],[85.96,-222.16],[119.48,-96.16],[-94.92,213.52]],"c":true},"ix":2},"nm":"Path 1","mn":"ADBE Vector Shape - Group","hd":false},{"ty":"fl","c":{"a":0,"k":[1,0.991999966491,0.905999995213,1],"ix":4},"o":{"a":0,"k":44,"ix":5},"r":1,"bm":0,"nm":"Fill 1","mn":"ADBE Vector Graphic - Fill","hd":false},{"ty":"tr","p":{"a":0,"k":[156.21,367.93],"ix":2},"a":{"a":0,"k":[0,0],"ix":1},"s":{"a":0,"k":[100,100],"ix":3},"r":{"a":0,"k":0,"ix":6},"o":{"a":0,"k":100,"ix":7},"sk":{"a":0,"k":0,"ix":4},"sa":{"a":0,"k":0,"ix":5},"nm":"Transform"}],"nm":"Group 2","np":2,"cix":2,"bm":0,"ix":2,"mn":"ADBE Vector Group","hd":false},{"ty":"gr","it":[{"ind":0,"ty":"sh","ix":1,"ks":{"a":0,"k":{"i":[[0,0],[-25.6,-33.44],[0,0],[0,0],[29.68,37.601],[0,0]],"o":[[0,0],[30.48,39.92],[0,0],[0,0],[-22.56,-28.559],[0,0]],"v":[[-45.8,-72.8],[-8.52,5.44],[60.76,56.96],[25,72.8],[-31.8,29.519],[-60.76,-31.84]],"c":true},"ix":2},"nm":"Path 1","mn":"ADBE Vector Shape - Group","hd":false},{"ty":"fl","c":{"a":0,"k":[1,0.560999971278,0,1],"ix":4},"o":{"a":0,"k":100,"ix":5},"r":1,"bm":0,"nm":"Fill 1","mn":"ADBE Vector Graphic - Fill","hd":false},{"ty":"tr","p":{"a":0,"k":[103.57,538.57],"ix":2},"a":{"a":0,"k":[0,0],"ix":1},"s":{"a":0,"k":[100,100],"ix":3},"r":{"a":0,"k":0,"ix":6},"o":{"a":0,"k":100,"ix":7},"sk":{"a":0,"k":0,"ix":4},"sa":{"a":0,"k":0,"ix":5},"nm":"Transform"}],"nm":"Group 3","np":2,"cix":2,"bm":0,"ix":3,"mn":"ADBE Vector Group","hd":false},{"ty":"gr","it":[{"ind":0,"ty":"sh","ix":1,"ks":{"a":0,"k":{"i":[[0,0],[-42.88,-65.519],[0,0],[0,0],[49.52,67.6],[0,0]],"o":[[0,0],[50.24,76.641],[0,0],[0,0],[-30.88,-42.16],[0,0]],"v":[[-75.8,-112.92],[-26.52,4.519],[93.88,93.72],[47.24,112.92],[-54.36,29.4],[-93.88,-63.16]],"c":true},"ix":2},"nm":"Path 1","mn":"ADBE Vector Shape - Group","hd":false},{"ty":"fl","c":{"a":0,"k":[1,0.560999971278,0,1],"ix":4},"o":{"a":0,"k":100,"ix":5},"r":1,"bm":0,"nm":"Fill 1","mn":"ADBE Vector Graphic - Fill","hd":false},{"ty":"tr","p":{"a":0,"k":[177.97,455.65],"ix":2},"a":{"a":0,"k":[0,0],"ix":1},"s":{"a":0,"k":[100,100],"ix":3},"r":{"a":0,"k":0,"ix":6},"o":{"a":0,"k":100,"ix":7},"sk":{"a":0,"k":0,"ix":4},"sa":{"a":0,"k":0,"ix":5},"nm":"Transform"}],"nm":"Group 4","np":2,"cix":2,"bm":0,"ix":4,"mn":"ADBE Vector Group","hd":false},{"ty":"gr","it":[{"ind":0,"ty":"sh","ix":1,"ks":{"a":0,"k":{"i":[[0,0],[-9.6,-43.599],[-8.72,-20.72],[-37.2,-20.16],[0,0],[0,0],[42.56,20.96],[30.88,66.24],[4.48,22.08],[0,0]],"o":[[1.12,13.92],[6.56,29.92],[26.16,62.32],[63.2,34.24],[0,0],[0,0],[-40.56,-20],[-13.36,-28.72],[-5.52,-27.36],[0,0]],"v":[[-110.28,-165.72],[-96.76,-85.56],[-70.76,-3.56],[29.32,104.04],[135.48,144.68],[83.96,165.72],[10.2,138.28],[-103.48,18.2],[-129.08,-60.44],[-135.48,-103.32]],"c":true},"ix":2},"nm":"Path 1","mn":"ADBE Vector Shape - Group","hd":false},{"ty":"fl","c":{"a":0,"k":[1,0.560999971278,0,1],"ix":4},"o":{"a":0,"k":100,"ix":5},"r":1,"bm":0,"nm":"Fill 1","mn":"ADBE Vector Graphic - Fill","hd":false},{"ty":"tr","p":{"a":0,"k":[275.73,346.21],"ix":2},"a":{"a":0,"k":[0,0],"ix":1},"s":{"a":0,"k":[100,100],"ix":3},"r":{"a":0,"k":0,"ix":6},"o":{"a":0,"k":100,"ix":7},"sk":{"a":0,"k":0,"ix":4},"sa":{"a":0,"k":0,"ix":5},"nm":"Transform"}],"nm":"Group 5","np":2,"cix":2,"bm":0,"ix":5,"mn":"ADBE Vector Group","hd":false},{"ty":"gr","it":[{"ind":0,"ty":"sh","ix":1,"ks":{"a":0,"k":{"i":[[-18,-19.521],[-59.04,27.519],[-88,37.68],[-24.88,32.72],[117.92,125.28],[46.08,-32.64],[9.92,-22],[24.32,-66.96]],"o":[[18.16,19.68],[44.24,-20.56],[23.76,-10.16],[22.08,-29.12],[-119.68,-127.2],[-27.12,19.2],[-41.92,92.96],[-17.84,49.359]],"v":[[-303.56,307.4],[-151.56,265.24],[157.72,134.36],[240.92,78.2],[203.64,-199.88],[-85.4,-259.32],[-144.52,-174.84],[-270.52,155.4]],"c":true},"ix":2},"nm":"Path 1","mn":"ADBE Vector Shape - Group","hd":false},{"ty":"fl","c":{"a":0,"k":[1,0.757000014361,0.027000000898,1],"ix":4},"o":{"a":0,"k":100,"ix":5},"r":1,"bm":0,"nm":"Fill 1","mn":"ADBE Vector Graphic - Fill","hd":false},{"ty":"tr","p":{"a":0,"k":[321.81,327.33],"ix":2},"a":{"a":0,"k":[0,0],"ix":1},"s":{"a":0,"k":[100,100],"ix":3},"r":{"a":0,"k":0,"ix":6},"o":{"a":0,"k":100,"ix":7},"sk":{"a":0,"k":0,"ix":4},"sa":{"a":0,"k":0,"ix":5},"nm":"Transform"}],"nm":"Group 6","np":2,"cix":2,"bm":0,"ix":6,"mn":"ADBE Vector Group","hd":false}],"ip":0,"op":92,"st":0,"bm":10}],"markers":[{"tm":25,"cm":"rest","dr":0}]}