{"v":"5.8.1","fr":60,"ip":0,"op":120,"w":1024,"h":1024,"nm":"emoji_Head shaking up and down","ddd":0,"assets":[],"layers":[{"ddd":0,"ind":1,"ty":3,"nm":"Null move","sr":1,"ks":{"o":{"a":0,"k":0,"ix":11},"r":{"a":0,"k":0,"ix":10},"p":{"a":1,"k":[{"i":{"x":0.667,"y":1},"o":{"x":0.333,"y":0},"t":-14,"s":[512,512,0],"to":[0,0,0],"ti":[0,0,0]},{"i":{"x":0.4,"y":1},"o":{"x":0.333,"y":0},"t":-2,"s":[512,520,0],"to":[0,0,0],"ti":[0,0,0]},{"i":{"x":0.4,"y":1},"o":{"x":0.6,"y":0},"t":20,"s":[512,466,0],"to":[0,0,0],"ti":[0,0,0]},{"i":{"x":0.2,"y":1},"o":{"x":0.6,"y":0},"t":48,"s":[512,518,0],"to":[0,0,0],"ti":[0,0,0]},{"i":{"x":0.833,"y":0.34},"o":{"x":0.507,"y":0},"t":80,"s":[512,340,0],"to":[0,0,0],"ti":[0,0,0]},{"i":{"x":0.705,"y":0.916},"o":{"x":0.167,"y":0.065},"t":99,"s":[512,369.491,0],"to":[0,0,0],"ti":[0,0,0]},{"i":{"x":0.4,"y":1},"o":{"x":0.148,"y":1},"t":108,"s":[512,512,0],"to":[0,0,0],"ti":[0,0,0]},{"i":{"x":0,"y":1},"o":{"x":0.6,"y":0},"t":120,"s":[512,520,0],"to":[0,0,0],"ti":[0,0,0]},{"i":{"x":0.278,"y":1},"o":{"x":1,"y":0},"t":142,"s":[512,490,0],"to":[0,0,0],"ti":[0,0,0]},{"i":{"x":0,"y":1},"o":{"x":0.612,"y":0},"t":162,"s":[512,518,0],"to":[0,0,0],"ti":[0,0,0]},{"i":{"x":0,"y":0},"o":{"x":0.333,"y":0.333},"t":198,"s":[512,340,0],"to":[0,0,0],"ti":[0,0,0]},{"t":204,"s":[512,340,0]}],"ix":2,"l":2},"a":{"a":0,"k":[0,0,0],"ix":1,"l":2},"s":{"a":0,"k":[100,100,100],"ix":6,"l":2}},"ao":0,"ip":0,"op":120,"st":-14,"bm":0},{"ddd":0,"ind":2,"ty":4,"nm":"eyes","parent":1,"sr":1,"ks":{"o":{"a":0,"k":100,"ix":11},"r":{"a":0,"k":0,"ix":10},"p":{"a":1,"k":[{"i":{"x":0.667,"y":1},"o":{"x":0.333,"y":0},"t":-14,"s":[1.2,177.2,0],"to":[0,0,0],"ti":[0,0,0]},{"i":{"x":0.4,"y":1},"o":{"x":0.333,"y":0},"t":-2,"s":[1.2,199.2,0],"to":[0,0,0],"ti":[0,0,0]},{"i":{"x":0.4,"y":1},"o":{"x":0.6,"y":0},"t":20,"s":[1.2,69.2,0],"to":[0,0,0],"ti":[0,0,0]},{"i":{"x":0.2,"y":1},"o":{"x":0.6,"y":0},"t":48,"s":[1.2,201.2,0],"to":[0,0,0],"ti":[0,0,0]},{"i":{"x":0.833,"y":0.876},"o":{"x":0.8,"y":0},"t":80,"s":[1.2,-170.8,0],"to":[0,0,0],"ti":[0,0,0]},{"i":{"x":0.4,"y":1},"o":{"x":0.167,"y":0.841},"t":108,"s":[1.2,177.2,0],"to":[0,0,0],"ti":[0,0,0]},{"i":{"x":0,"y":1},"o":{"x":0.6,"y":0},"t":120,"s":[1.2,199.2,0],"to":[0,0,0],"ti":[0,0,0]},{"i":{"x":0.278,"y":1},"o":{"x":1,"y":0},"t":142,"s":[1.2,69.2,0],"to":[0,0,0],"ti":[0,0,0]},{"i":{"x":0,"y":1},"o":{"x":0.65,"y":0},"t":162,"s":[1.2,201.2,0],"to":[0,0,0],"ti":[0,0,0]},{"t":204,"s":[1.2,-170.8,0]}],"ix":2,"l":2},"a":{"a":0,"k":[263.05,45.45,0],"ix":1,"l":2},"s":{"a":1,"k":[{"i":{"x":[0.2,0.2,0.667],"y":[1,1,1]},"o":{"x":[0.6,0.6,0.333],"y":[0,0,0]},"t":61,"s":[100,100,100]},{"i":{"x":[0.833,0.833,0.833],"y":[0.887,1,1]},"o":{"x":[0.8,0.8,0.333],"y":[0,0,0]},"t":80,"s":[95,100,100]},{"t":99,"s":[100,100,100]}],"ix":6,"l":2}},"ao":0,"shapes":[{"ty":"gr","it":[{"ind":0,"ty":"sh","ix":1,"ks":{"a":0,"k":{"i":[[7.2,-7.2],[0,0],[1.6,-0.8],[0,0],[2.4,-1.6],[3.2,-1.599],[3.2,-0.799],[3.2,-0.8],[4,0],[0,0],[0,0],[0,0],[3.2,0.801],[3.2,2.4],[3.2,1.599],[4,4],[0,0],[0,0],[9.6,-7.2],[-4,-8],[0,0],[-0.8,-2.4],[-12,-8],[-6.4,-3.2],[-7.2,-1.6],[-4.8,0],[-0.8,0],[0,0],[-8,1.6],[-6.4,3.2],[-6.4,4],[-6.4,8.8],[0,0],[0,0],[0,1.6],[0,0],[10.4,4],[0.8,0]],"o":[[0,0],[-0.8,1.6],[0,0],[-2.4,1.599],[-2.4,1.6],[-3.2,1.601],[-3.2,0.801],[-4,0.8],[0,0],[0,0],[0,0],[-4,-0.8],[-3.2,-1.599],[-3.2,-1.6],[-4,-3.2],[0,0],[0,0],[-8.8,-8],[-7.2,5.6],[0,0],[0.8,2.4],[7.2,12],[5.6,4],[7.2,3.2],[4,0.8],[2.4,0],[0,0],[8,0],[7.2,-1.6],[6.4,-2.4],[8.8,-6.4],[0,0],[0,0],[0.8,-1.6],[0,0],[4,-10.4],[-0.8,0],[-9.6,-2.401]],"v":[[56.4,-34],[54.8,-32.4],[50.8,-29.2],[46.8,-25.2],[39.6,-20.4],[30.8,-15.601],[21.2,-11.601],[10.8,-9.2],[-0.4,-8.4],[-3.6,-8.4],[-6.8,-8.4],[-11.6,-9.2],[-22,-11.601],[-31.6,-16.4],[-40.4,-21.2],[-52.4,-30.8],[-57.2,-34.8],[-58.8,-36.4],[-91.6,-38],[-97.2,-14.8],[-96.4,-12.4],[-93.2,-6],[-63.6,25.2],[-45.2,35.6],[-23.6,42.8],[-10.8,44.4],[-5.2,45.2],[0.4,45.2],[24.4,42.8],[46,35.6],[64.4,25.2],[87.6,2.8],[90.8,-2],[94,-6.8],[96.4,-12.4],[97.2,-14],[86,-40.4],[83.6,-41.2]],"c":true},"ix":2},"nm":"Path 1","mn":"ADBE Vector Shape - Group","hd":false},{"ty":"fl","c":{"a":0,"k":[0.258999992819,0.169000004787,0.051000000449,1],"ix":4},"o":{"a":0,"k":100,"ix":5},"r":1,"bm":0,"nm":"Fill 1","mn":"ADBE Vector Graphic - Fill","hd":false},{"ty":"tr","p":{"a":0,"k":[424.65,45.45],"ix":2},"a":{"a":0,"k":[0,0],"ix":1},"s":{"a":0,"k":[100,100],"ix":3},"r":{"a":0,"k":0,"ix":6},"o":{"a":0,"k":100,"ix":7},"sk":{"a":0,"k":0,"ix":4},"sa":{"a":0,"k":0,"ix":5},"nm":"Transform"}],"nm":"Group 1","np":2,"cix":2,"bm":0,"ix":1,"mn":"ADBE Vector Group","hd":false},{"ty":"gr","it":[{"ind":0,"ty":"sh","ix":1,"ks":{"a":0,"k":{"i":[[6.4,-7.2],[0,0],[1.6,-0.8],[0,0],[2.4,-1.6],[3.2,-1.599],[3.2,-0.799],[3.2,-0.8],[4,0],[0,0],[0,0],[0,0],[3.2,0.801],[3.2,2.4],[3.2,1.599],[4,4],[0,0],[0,0],[9.6,-7.2],[-4,-8],[0,0],[-0.8,-2.4],[-12,-8],[-6.4,-3.2],[-7.2,-1.6],[-4.8,0],[-0.8,0],[0,0],[-8,1.6],[-7.2,3.2],[-6.4,4],[-6.4,8.8],[0,0],[0,0],[0,1.6],[0,0],[10.4,4],[0.8,0]],"o":[[0,0],[-0.8,1.6],[0,0],[-2.4,1.599],[-2.4,1.6],[-3.2,1.601],[-3.2,0.801],[-4,0.8],[0,0],[0,0],[0,0],[-4,-0.8],[-3.2,-1.599],[-3.2,-1.6],[-4,-3.2],[0,0],[0,0],[-8.8,-8],[-7.2,5.6],[0,0],[0.8,2.4],[7.2,12],[5.6,4],[7.2,3.2],[4,0.8],[2.4,0],[0,0],[8,0],[7.2,-1.6],[6.4,-2.4],[8.8,-6.4],[0,0],[0,0],[0.8,-1.6],[0,0],[4,-10.4],[-0.8,0],[-10.4,-2.401]],"v":[[57.2,-34],[55.6,-32.4],[51.6,-29.2],[46.8,-25.2],[39.6,-20.4],[30.8,-15.601],[21.2,-11.601],[10.8,-9.2],[-0.4,-8.4],[-3.6,-8.4],[-6.8,-8.4],[-11.6,-9.2],[-22,-11.601],[-31.6,-16.4],[-40.4,-21.2],[-52.4,-30.8],[-57.2,-34.8],[-58.8,-36.4],[-91.6,-38],[-97.2,-14.8],[-96.4,-12.4],[-93.2,-6],[-63.6,25.2],[-45.2,35.6],[-23.6,42.8],[-10.8,44.4],[-5.2,45.2],[0.4,45.2],[24.4,42.8],[46,35.6],[64.4,25.2],[87.6,2.8],[90.8,-2],[94,-6.8],[96.4,-12.4],[97.2,-14],[86,-40.4],[83.6,-41.2]],"c":true},"ix":2},"nm":"Path 1","mn":"ADBE Vector Shape - Group","hd":false},{"ty":"fl","c":{"a":0,"k":[0.258999992819,0.169000004787,0.051000000449,1],"ix":4},"o":{"a":0,"k":100,"ix":5},"r":1,"bm":0,"nm":"Fill 1","mn":"ADBE Vector Graphic - Fill","hd":false},{"ty":"tr","p":{"a":0,"k":[101.45,45.45],"ix":2},"a":{"a":0,"k":[0,0],"ix":1},"s":{"a":0,"k":[100,100],"ix":3},"r":{"a":0,"k":0,"ix":6},"o":{"a":0,"k":100,"ix":7},"sk":{"a":0,"k":0,"ix":4},"sa":{"a":0,"k":0,"ix":5},"nm":"Transform"}],"nm":"Group 2","np":2,"cix":2,"bm":0,"ix":2,"mn":"ADBE Vector Group","hd":false}],"ip":0,"op":120,"st":-14,"bm":0},{"ddd":0,"ind":3,"ty":4,"nm":"mouth","parent":2,"sr":1,"ks":{"o":{"a":0,"k":100,"ix":11},"r":{"a":0,"k":0,"ix":10},"p":{"a":1,"k":[{"i":{"x":0.4,"y":0.4},"o":{"x":0.6,"y":0.6},"t":20,"s":[262.25,219.85,0],"to":[0,0,0],"ti":[0,0,0]},{"i":{"x":0.1,"y":1},"o":{"x":0.6,"y":0},"t":48,"s":[262.25,219.85,0],"to":[0,-4.667,0],"ti":[0,0,0]},{"i":{"x":0.667,"y":1},"o":{"x":0.9,"y":0},"t":80,"s":[262.25,191.85,0],"to":[0,0,0],"ti":[0,-4.667,0]},{"t":108,"s":[262.25,219.85,0]}],"ix":2,"l":2},"a":{"a":0,"k":[134.25,36.65,0],"ix":1,"l":2},"s":{"a":0,"k":[100,100,100],"ix":6,"l":2}},"ao":0,"shapes":[{"ty":"gr","it":[{"ind":0,"ty":"sh","ix":1,"ks":{"a":0,"k":{"i":[[3.2,5.601],[10.4,-3.201],[36.8,0],[31.2,9.599],[3.2,-5.6],[-6.4,-8.801],[-57.6,0],[-13.6,17.599]],"o":[[-3.2,-5.6],[-30.4,9.599],[-36.8,0],[-10.4,-3.201],[-3.2,5.601],[12.8,18.399],[57.6,0],[5.6,-8.801]],"v":[[130.8,-30.8],[110.8,-33.199],[0.4,-20.4],[-110.8,-33.199],[-130.8,-30.8],[-127.6,-9.199],[0.4,36.4],[128.4,-9.199]],"c":true},"ix":2},"nm":"Path 1","mn":"ADBE Vector Shape - Group","hd":false},{"ty":"fl","c":{"a":0,"k":[0.258999992819,0.169000004787,0.051000000449,1],"ix":4},"o":{"a":0,"k":100,"ix":5},"r":1,"bm":0,"nm":"Fill 1","mn":"ADBE Vector Graphic - Fill","hd":false},{"ty":"tr","p":{"a":0,"k":[134.25,36.65],"ix":2},"a":{"a":0,"k":[0,0],"ix":1},"s":{"a":0,"k":[100,100],"ix":3},"r":{"a":0,"k":0,"ix":6},"o":{"a":0,"k":100,"ix":7},"sk":{"a":0,"k":0,"ix":4},"sa":{"a":0,"k":0,"ix":5},"nm":"Transform"}],"nm":"Group 1","np":2,"cix":2,"bm":0,"ix":1,"mn":"ADBE Vector Group","hd":false}],"ip":0,"op":120,"st":-14,"bm":0},{"ddd":0,"ind":4,"ty":4,"nm":"base matte","parent":1,"td":1,"sr":1,"ks":{"o":{"a":0,"k":100,"ix":11},"r":{"a":0,"k":0,"ix":10},"p":{"a":0,"k":[-13.36,58.46,0],"ix":2,"l":2},"a":{"a":0,"k":[0,0,0],"ix":1,"l":2},"s":{"a":0,"k":[718,718,100],"ix":6,"l":2}},"ao":0,"shapes":[{"ty":"gr","it":[{"ind":0,"ty":"sh","ix":1,"ks":{"a":0,"k":{"i":[[15.4,0],[0,38.4],[-27.9,0],[-10.6,-9.3],[0,-16.9],[11.5,-10.2]],"o":[[-27.9,0],[0,-38.4],[15.5,0],[11.5,10.2],[0,16.9],[-10.6,9.3]],"v":[[0,55.9],[-58,0],[0,-55.9],[40.4,-41.5],[58,0],[40.4,41.4]],"c":true},"ix":2},"nm":"Path 1","mn":"ADBE Vector Shape - Group","hd":false},{"ty":"gf","o":{"a":0,"k":100,"ix":10},"r":1,"bm":0,"g":{"p":5,"k":{"a":0,"k":[0.48,0.992,0.878,0.188,0.691,0.98,0.816,0.178,0.902,0.969,0.753,0.169,0.966,0.963,0.694,0.153,1,0.957,0.635,0.137],"ix":9}},"s":{"a":0,"k":[0,0],"ix":5},"e":{"a":0,"k":[56.225,0],"ix":6},"t":2,"h":{"a":0,"k":0,"ix":7},"a":{"a":0,"k":0,"ix":8},"nm":"Gradient Fill 1","mn":"ADBE Vector Graphic - G-Fill","hd":false},{"ty":"tr","p":{"a":0,"k":[0,0],"ix":2},"a":{"a":0,"k":[0,0],"ix":1},"s":{"a":0,"k":[100,100],"ix":3},"r":{"a":0,"k":0,"ix":6},"o":{"a":0,"k":100,"ix":7},"sk":{"a":0,"k":0,"ix":4},"sa":{"a":0,"k":0,"ix":5},"nm":"Transform"}],"nm":"Group 1","np":2,"cix":2,"bm":0,"ix":1,"mn":"ADBE Vector Group","hd":false}],"ip":0,"op":120,"st":-30,"bm":0},{"ddd":0,"ind":5,"ty":4,"nm":"base shadow","parent":1,"tt":2,"sr":1,"ks":{"o":{"a":0,"k":100,"ix":11},"r":{"a":0,"k":0,"ix":10},"p":{"a":0,"k":[1,80,0],"ix":2,"l":2},"a":{"a":0,"k":[0,0,0],"ix":1,"l":2},"s":{"a":0,"k":[718,718,100],"ix":6,"l":2}},"ao":0,"shapes":[{"ty":"gr","it":[{"ind":0,"ty":"sh","ix":1,"ks":{"a":0,"k":{"i":[[15.4,0],[0,38.4],[-27.9,0],[-10.6,-9.3],[0,-16.9],[11.5,-10.2]],"o":[[-27.9,0],[0,-38.4],[15.5,0],[11.5,10.2],[0,16.9],[-10.6,9.3]],"v":[[0,55.9],[-58,0],[0,-55.9],[40.4,-41.5],[58,0],[40.4,41.4]],"c":true},"ix":2},"nm":"Path 1","mn":"ADBE Vector Shape - Group","hd":false},{"ty":"fl","c":{"a":0,"k":[0.921568627451,0.560784313725,0,1],"ix":4},"o":{"a":0,"k":100,"ix":5},"r":1,"bm":0,"nm":"Fill 1","mn":"ADBE Vector Graphic - Fill","hd":false},{"ty":"tr","p":{"a":0,"k":[0,0],"ix":2},"a":{"a":0,"k":[0,0],"ix":1},"s":{"a":0,"k":[100,100],"ix":3},"r":{"a":0,"k":0,"ix":6},"o":{"a":0,"k":100,"ix":7},"sk":{"a":0,"k":0,"ix":4},"sa":{"a":0,"k":0,"ix":5},"nm":"Transform"}],"nm":"Group 1","np":2,"cix":2,"bm":0,"ix":1,"mn":"ADBE Vector Group","hd":false}],"ip":0,"op":120,"st":-30,"bm":0},{"ddd":0,"ind":6,"ty":4,"nm":"base normal","parent":1,"sr":1,"ks":{"o":{"a":0,"k":100,"ix":11},"r":{"a":0,"k":0,"ix":10},"p":{"a":0,"k":[1,80,0],"ix":2,"l":2},"a":{"a":0,"k":[0,0,0],"ix":1,"l":2},"s":{"a":0,"k":[718,718,100],"ix":6,"l":2}},"ao":0,"shapes":[{"ty":"gr","it":[{"ind":0,"ty":"sh","ix":1,"ks":{"a":0,"k":{"i":[[15.4,0],[0,38.4],[-27.9,0],[-10.6,-9.3],[0,-16.9],[11.5,-10.2]],"o":[[-27.9,0],[0,-38.4],[15.5,0],[11.5,10.2],[0,16.9],[-10.6,9.3]],"v":[[0,55.9],[-58,0],[0,-55.9],[40.4,-41.5],[58,0],[40.4,41.4]],"c":true},"ix":2},"nm":"Path 1","mn":"ADBE Vector Shape - Group","hd":false},{"ty":"gf","o":{"a":0,"k":100,"ix":10},"r":1,"bm":0,"g":{"p":5,"k":{"a":0,"k":[0.48,0.992,0.878,0.188,0.691,0.98,0.816,0.178,0.902,0.969,0.753,0.169,0.966,0.963,0.694,0.153,1,0.957,0.635,0.137],"ix":9}},"s":{"a":0,"k":[0,0],"ix":5},"e":{"a":0,"k":[56.225,0],"ix":6},"t":2,"h":{"a":0,"k":0,"ix":7},"a":{"a":0,"k":0,"ix":8},"nm":"Gradient Fill 1","mn":"ADBE Vector Graphic - G-Fill","hd":false},{"ty":"tr","p":{"a":0,"k":[0,0],"ix":2},"a":{"a":0,"k":[0,0],"ix":1},"s":{"a":0,"k":[100,100],"ix":3},"r":{"a":0,"k":0,"ix":6},"o":{"a":0,"k":100,"ix":7},"sk":{"a":0,"k":0,"ix":4},"sa":{"a":0,"k":0,"ix":5},"nm":"Transform"}],"nm":"Group 1","np":2,"cix":2,"bm":0,"ix":1,"mn":"ADBE Vector Group","hd":false}],"ip":0,"op":120,"st":-30,"bm":0},{"ddd":0,"ind":7,"ty":4,"nm":"line","sr":1,"ks":{"o":{"a":0,"k":100,"ix":11},"r":{"a":0,"k":0,"ix":10},"p":{"a":0,"k":[210.8,168.8,0],"ix":2,"l":2},"a":{"a":0,"k":[54,62.4,0],"ix":1,"l":2},"s":{"a":0,"k":[100,100,100],"ix":6,"l":2}},"ao":0,"shapes":[{"ty":"gr","it":[{"ind":0,"ty":"sh","ix":1,"ks":{"a":0,"k":{"i":[[0,0],[0,0]],"o":[[0,0],[0,0]],"v":[[34,42.4],[-34,-42.4]],"c":false},"ix":2},"nm":"Path 1","mn":"ADBE Vector Shape - Group","hd":false},{"ty":"st","c":{"a":0,"k":[0.689999988032,0.745000023935,0.773000021542,1],"ix":3},"o":{"a":0,"k":100,"ix":4},"w":{"a":0,"k":40,"ix":5},"lc":2,"lj":1,"ml":10,"bm":0,"nm":"Stroke 1","mn":"ADBE Vector Graphic - Stroke","hd":false},{"ty":"tr","p":{"a":0,"k":[54,62.4],"ix":2},"a":{"a":0,"k":[0,0],"ix":1},"s":{"a":0,"k":[100,100],"ix":3},"r":{"a":0,"k":0,"ix":6},"o":{"a":0,"k":100,"ix":7},"sk":{"a":0,"k":0,"ix":4},"sa":{"a":0,"k":0,"ix":5},"nm":"Transform"}],"nm":"Group 1","np":2,"cix":2,"bm":0,"ix":1,"mn":"ADBE Vector Group","hd":false},{"ty":"tm","s":{"a":1,"k":[{"i":{"x":[0.833],"y":[0.833]},"o":{"x":[0.167],"y":[0]},"t":105,"s":[50]},{"t":108,"s":[0]}],"ix":1},"e":{"a":1,"k":[{"i":{"x":[0.833],"y":[1]},"o":{"x":[0.167],"y":[0]},"t":105,"s":[100]},{"i":{"x":[0.572],"y":[0.718]},"o":{"x":[0.189],"y":[0.103]},"t":108,"s":[100]},{"i":{"x":[0.704],"y":[1]},"o":{"x":[0.336],"y":[-18.405]},"t":120,"s":[0]},{"t":130,"s":[0]}],"ix":2},"o":{"a":0,"k":0,"ix":3},"m":1,"ix":2,"nm":"Trim Paths 1","mn":"ADBE Vector Filter - Trim","hd":false}],"ip":105,"op":120,"st":104,"bm":0},{"ddd":0,"ind":8,"ty":4,"nm":"line","sr":1,"ks":{"o":{"a":0,"k":100,"ix":11},"r":{"a":0,"k":0,"ix":10},"p":{"a":0,"k":[403.2,86.8,0],"ix":2,"l":2},"a":{"a":0,"k":[35.2,81.2,0],"ix":1,"l":2},"s":{"a":0,"k":[100,100,100],"ix":6,"l":2}},"ao":0,"shapes":[{"ty":"gr","it":[{"ind":0,"ty":"sh","ix":1,"ks":{"a":0,"k":{"i":[[0,0],[0,0]],"o":[[0,0],[0,0]],"v":[[15.2,61.2],[-15.2,-61.2]],"c":false},"ix":2},"nm":"Path 1","mn":"ADBE Vector Shape - Group","hd":false},{"ty":"st","c":{"a":0,"k":[0.689999988032,0.745000023935,0.773000021542,1],"ix":3},"o":{"a":0,"k":100,"ix":4},"w":{"a":0,"k":40,"ix":5},"lc":2,"lj":1,"ml":10,"bm":0,"nm":"Stroke 1","mn":"ADBE Vector Graphic - Stroke","hd":false},{"ty":"tr","p":{"a":0,"k":[35.2,81.2],"ix":2},"a":{"a":0,"k":[0,0],"ix":1},"s":{"a":0,"k":[100,100],"ix":3},"r":{"a":0,"k":0,"ix":6},"o":{"a":0,"k":100,"ix":7},"sk":{"a":0,"k":0,"ix":4},"sa":{"a":0,"k":0,"ix":5},"nm":"Transform"}],"nm":"Group 1","np":2,"cix":2,"bm":0,"ix":1,"mn":"ADBE Vector Group","hd":false},{"ty":"tm","s":{"a":1,"k":[{"i":{"x":[0.833],"y":[0.833]},"o":{"x":[0.167],"y":[0]},"t":105,"s":[50]},{"t":108,"s":[0]}],"ix":1},"e":{"a":1,"k":[{"i":{"x":[0.833],"y":[1]},"o":{"x":[0.167],"y":[0]},"t":105,"s":[100]},{"i":{"x":[0.572],"y":[0.718]},"o":{"x":[0.189],"y":[0.103]},"t":108,"s":[100]},{"i":{"x":[0.704],"y":[1]},"o":{"x":[0.336],"y":[-18.405]},"t":120,"s":[0]},{"t":130,"s":[0]}],"ix":2},"o":{"a":0,"k":0,"ix":3},"m":1,"ix":2,"nm":"Trim Paths 1","mn":"ADBE Vector Filter - Trim","hd":false}],"ip":105,"op":120,"st":104,"bm":0},{"ddd":0,"ind":9,"ty":4,"nm":"line","sr":1,"ks":{"o":{"a":0,"k":100,"ix":11},"r":{"a":0,"k":0,"ix":10},"p":{"a":0,"k":[620.8,86.8,0],"ix":2,"l":2},"a":{"a":0,"k":[35.2,81.2,0],"ix":1,"l":2},"s":{"a":0,"k":[100,100,100],"ix":6,"l":2}},"ao":0,"shapes":[{"ty":"gr","it":[{"ind":0,"ty":"sh","ix":1,"ks":{"a":0,"k":{"i":[[0,0],[0,0]],"o":[[0,0],[0,0]],"v":[[-15.2,61.2],[15.2,-61.2]],"c":false},"ix":2},"nm":"Path 1","mn":"ADBE Vector Shape - Group","hd":false},{"ty":"st","c":{"a":0,"k":[0.689999988032,0.745000023935,0.773000021542,1],"ix":3},"o":{"a":0,"k":100,"ix":4},"w":{"a":0,"k":40,"ix":5},"lc":2,"lj":1,"ml":10,"bm":0,"nm":"Stroke 1","mn":"ADBE Vector Graphic - Stroke","hd":false},{"ty":"tr","p":{"a":0,"k":[35.2,81.2],"ix":2},"a":{"a":0,"k":[0,0],"ix":1},"s":{"a":0,"k":[100,100],"ix":3},"r":{"a":0,"k":0,"ix":6},"o":{"a":0,"k":100,"ix":7},"sk":{"a":0,"k":0,"ix":4},"sa":{"a":0,"k":0,"ix":5},"nm":"Transform"}],"nm":"Group 1","np":2,"cix":2,"bm":0,"ix":1,"mn":"ADBE Vector Group","hd":false},{"ty":"tm","s":{"a":1,"k":[{"i":{"x":[0.833],"y":[0.833]},"o":{"x":[0.167],"y":[0]},"t":105,"s":[50]},{"t":108,"s":[0]}],"ix":1},"e":{"a":1,"k":[{"i":{"x":[0.833],"y":[1]},"o":{"x":[0.167],"y":[0]},"t":105,"s":[100]},{"i":{"x":[0.572],"y":[0.718]},"o":{"x":[0.189],"y":[0.103]},"t":108,"s":[100]},{"i":{"x":[0.704],"y":[1]},"o":{"x":[0.336],"y":[-18.405]},"t":120,"s":[0]},{"t":130,"s":[0]}],"ix":2},"o":{"a":0,"k":0,"ix":3},"m":1,"ix":2,"nm":"Trim Paths 1","mn":"ADBE Vector Filter - Trim","hd":false}],"ip":105,"op":120,"st":104,"bm":0},{"ddd":0,"ind":10,"ty":4,"nm":"line","sr":1,"ks":{"o":{"a":0,"k":100,"ix":11},"r":{"a":0,"k":0,"ix":10},"p":{"a":0,"k":[813.2,168.8,0],"ix":2,"l":2},"a":{"a":0,"k":[54,62.4,0],"ix":1,"l":2},"s":{"a":0,"k":[100,100,100],"ix":6,"l":2}},"ao":0,"shapes":[{"ty":"gr","it":[{"ind":0,"ty":"sh","ix":1,"ks":{"a":0,"k":{"i":[[0,0],[0,0]],"o":[[0,0],[0,0]],"v":[[-34,42.4],[34,-42.4]],"c":false},"ix":2},"nm":"Path 1","mn":"ADBE Vector Shape - Group","hd":false},{"ty":"st","c":{"a":0,"k":[0.689999988032,0.745000023935,0.773000021542,1],"ix":3},"o":{"a":0,"k":100,"ix":4},"w":{"a":0,"k":40,"ix":5},"lc":2,"lj":1,"ml":10,"bm":0,"nm":"Stroke 1","mn":"ADBE Vector Graphic - Stroke","hd":false},{"ty":"tr","p":{"a":0,"k":[54,62.4],"ix":2},"a":{"a":0,"k":[0,0],"ix":1},"s":{"a":0,"k":[100,100],"ix":3},"r":{"a":0,"k":0,"ix":6},"o":{"a":0,"k":100,"ix":7},"sk":{"a":0,"k":0,"ix":4},"sa":{"a":0,"k":0,"ix":5},"nm":"Transform"}],"nm":"Group 1","np":2,"cix":2,"bm":0,"ix":1,"mn":"ADBE Vector Group","hd":false},{"ty":"tm","s":{"a":1,"k":[{"i":{"x":[0.833],"y":[0.833]},"o":{"x":[0.167],"y":[0]},"t":105,"s":[50]},{"t":108,"s":[0]}],"ix":1},"e":{"a":1,"k":[{"i":{"x":[0.833],"y":[1]},"o":{"x":[0.167],"y":[0]},"t":105,"s":[100]},{"i":{"x":[0.572],"y":[0.718]},"o":{"x":[0.189],"y":[0.103]},"t":108,"s":[100]},{"i":{"x":[0.704],"y":[1]},"o":{"x":[0.336],"y":[-18.405]},"t":120,"s":[0]},{"t":130,"s":[0]}],"ix":2},"o":{"a":0,"k":0,"ix":3},"m":1,"ix":2,"nm":"Trim Paths 1","mn":"ADBE Vector Filter - Trim","hd":false}],"ip":105,"op":120,"st":104,"bm":0}],"markers":[{"tm":108,"cm":"rest","dr":0}]}