{"v":"5.8.1","fr":60,"ip":0,"op":200,"w":1024,"h":1024,"nm":"emoji_head_bandage","ddd":0,"assets":[],"layers":[{"ddd":0,"ind":1,"ty":3,"nm":"Null ALL","sr":1,"ks":{"o":{"a":0,"k":0,"ix":11},"r":{"a":0,"k":0,"ix":10},"p":{"s":true,"x":{"a":0,"k":512,"ix":3},"y":{"a":0,"k":512,"ix":4}},"a":{"a":0,"k":[0,0,0],"ix":1,"l":2},"s":{"a":0,"k":[100,100,100],"ix":6,"l":2}},"ao":0,"ip":0,"op":197.5,"st":0,"bm":0},{"ddd":0,"ind":2,"ty":3,"nm":"Null Face","parent":1,"sr":1,"ks":{"o":{"a":0,"k":100,"ix":11},"r":{"a":0,"k":0,"ix":10},"p":{"a":0,"k":[-5,71.5,0],"ix":2,"l":2},"a":{"a":0,"k":[512,512,0],"ix":1,"l":2},"s":{"a":0,"k":[100,100,100],"ix":6,"l":2}},"ao":0,"ip":0,"op":200,"st":0,"bm":0},{"ddd":0,"ind":3,"ty":4,"nm":"bandage","sr":1,"ks":{"o":{"a":0,"k":100,"ix":11},"r":{"a":0,"k":0,"ix":10},"p":{"a":0,"k":[512,512,0],"ix":2,"l":2},"a":{"a":0,"k":[512,512,0],"ix":1,"l":2},"s":{"a":0,"k":[100,100,100],"ix":6,"l":2}},"ao":0,"shapes":[{"ty":"gr","it":[{"ind":0,"ty":"sh","ix":1,"ks":{"a":0,"k":{"i":[[-24.319,26.4],[12.319,-32.64],[4.16,-16.72],[1.76,-17.12],[0.961,-34.96],[-1.04,-17.52],[-3.92,-17.44],[4.08,17.6],[1.281,18],[-4.08,35.68],[-16.08,32.24]],"o":[[-16.159,31.92],[-6,16.32],[-4.64,16.64],[-3.761,34.88],[-0.399,17.439],[0.8,17.52],[-8.96,-15.681],[-3.84,-17.681],[-2.559,-35.999],[4,-36.72],[16.16,-32.48]],"v":[[48.639,-203],[5.44,-106.44],[-10.321,-57],[-19.6,-6.68],[-27.361,98.04],[-26.961,150.52],[-20.8,203],[-38.64,152.04],[-46.081,98.439],[-43.44,-9.32],[-11.68,-113.8]],"c":true},"ix":2},"nm":"Path 1","mn":"ADBE Vector Shape - Group","hd":false},{"ty":"fl","c":{"a":0,"k":[0.501999978458,0.501999978458,0.501999978458,1],"ix":4},"o":{"a":0,"k":100,"ix":5},"r":1,"bm":0,"nm":"Fill 1","mn":"ADBE Vector Graphic - Fill","hd":false},{"ty":"tr","p":{"a":0,"k":[82.24,432.2],"ix":2},"a":{"a":0,"k":[0,0],"ix":1},"s":{"a":0,"k":[100,100],"ix":3},"r":{"a":0,"k":0,"ix":6},"o":{"a":0,"k":100,"ix":7},"sk":{"a":0,"k":0,"ix":4},"sa":{"a":0,"k":0,"ix":5},"nm":"Transform"}],"nm":"Group 1","np":2,"cix":2,"bm":0,"ix":1,"mn":"ADBE Vector Group","hd":false},{"ty":"gr","it":[{"ind":0,"ty":"sh","ix":1,"ks":{"a":0,"k":{"i":[[0,0],[41.28,-1.52],[20.641,-1.12],[0,0],[41.2,-3.6],[41.281,-4.4],[0,0],[-82.639,5.92],[-41.441,0.96],[-41.359,-2.64]],"o":[[-41.6,2.48],[-20.64,0.96],[0,0],[-41.279,2.16],[-41.28,3.2],[0,0],[82.08,-11.84],[41.361,-2.8],[41.439,-0.8],[0,0]],"v":[[247.88,-13.6],[123.8,-8.48],[61.88,-6.72],[-0.12,-3.44],[-123.96,5.28],[-247.72,16.96],[-247.88,16.16],[-0.68,-10],[123.481,-16.16],[247.8,-14.32]],"c":true},"ix":2},"nm":"Path 1","mn":"ADBE Vector Shape - Group","hd":false},{"ty":"fl","c":{"a":0,"k":[0.501999978458,0.501999978458,0.501999978458,1],"ix":4},"o":{"a":0,"k":100,"ix":5},"r":1,"bm":0,"nm":"Fill 1","mn":"ADBE Vector Graphic - Fill","hd":false},{"ty":"tr","p":{"a":0,"k":[584.12,185.2],"ix":2},"a":{"a":0,"k":[0,0],"ix":1},"s":{"a":0,"k":[100,100],"ix":3},"r":{"a":0,"k":0,"ix":6},"o":{"a":0,"k":100,"ix":7},"sk":{"a":0,"k":0,"ix":4},"sa":{"a":0,"k":0,"ix":5},"nm":"Transform"}],"nm":"Group 2","np":2,"cix":2,"bm":0,"ix":2,"mn":"ADBE Vector Group","hd":false},{"ty":"gr","it":[{"ind":0,"ty":"sh","ix":1,"ks":{"a":0,"k":{"i":[[13.68,5.36],[-26.24,-13.52],[-22.801,-19.6],[-17.281,-24.4],[-7.361,-13.04],[-6,-14.4],[0,0],[0,0],[73.119,-6.64],[36.561,-3.12],[36.559,-2.72],[73.04,-7.04],[0,0],[36.48,-4.32],[-36.16,6.48],[-36.401,5.28],[-73.2,6.96],[0,0],[-36.641,3.04],[-73.2,5.68],[0,0],[15.519,24],[20.559,20.16],[25.04,14.88],[13.12,6.4]],"o":[[28.159,8.4],[26.24,13.52],[22.399,19.76],[8.639,12.24],[7.359,13.12],[0,0],[0,0],[-73.04,7.6],[-36.56,3.52],[-36.559,3.12],[-73.04,5.52],[0,0],[-36.48,3.84],[35.839,-8.08],[36.16,-6.48],[72.799,-10.56],[0,0],[36.561,-3.44],[73.12,-6.56],[0,0],[-9.84,-26.08],[-15.441,-24.24],[-20.561,-20.08],[-12.56,-7.44],[-13.04,-6.48]],"v":[[180.32,-162],[262.08,-128.8],[336.4,-79.84],[396.08,-13.12],[420.08,24.8],[440.16,65.44],[445.12,77.52],[431.679,78.88],[212.4,100.48],[102.719,110.32],[-7.04,119.52],[-226.16,138.48],[-335.68,149.52],[-445.12,162],[-336.88,140.96],[-228,123.44],[-8.96,97.36],[100.639,86.8],[210.32,76.88],[429.759,58.88],[421.28,72.32],[382.24,-3.92],[328.24,-71.12],[258.88,-123.2],[220.32,-144]],"c":true},"ix":2},"nm":"Path 1","mn":"ADBE Vector Shape - Group","hd":false},{"ty":"fl","c":{"a":0,"k":[0.501999978458,0.501999978458,0.501999978458,1],"ix":4},"o":{"a":0,"k":100,"ix":5},"r":1,"bm":0,"nm":"Fill 1","mn":"ADBE Vector Graphic - Fill","hd":false},{"ty":"tr","p":{"a":0,"k":[498.4,245.6],"ix":2},"a":{"a":0,"k":[0,0],"ix":1},"s":{"a":0,"k":[100,100],"ix":3},"r":{"a":0,"k":0,"ix":6},"o":{"a":0,"k":100,"ix":7},"sk":{"a":0,"k":0,"ix":4},"sa":{"a":0,"k":0,"ix":5},"nm":"Transform"}],"nm":"Group 3","np":2,"cix":2,"bm":0,"ix":3,"mn":"ADBE Vector Group","hd":false},{"ty":"gr","it":[{"ind":0,"ty":"sh","ix":1,"ks":{"a":0,"k":{"i":[[2.64,-1.92],[0,0],[-255.44,76.8],[0,0]],"o":[[0,0],[0,0],[0,0],[-256.96,81.52]],"v":[[-272.959,146.56],[-277.439,129.12],[232.641,-146.56],[277.439,-139.76]],"c":true},"ix":2},"nm":"Path 1","mn":"ADBE Vector Shape - Group","hd":false},{"ty":"fl","c":{"a":0,"k":[0.501999978458,0.501999978458,0.501999978458,1],"ix":4},"o":{"a":0,"k":100,"ix":5},"r":1,"bm":0,"nm":"Fill 1","mn":"ADBE Vector Graphic - Fill","hd":false},{"ty":"tr","p":{"a":0,"k":[334.48,488.64],"ix":2},"a":{"a":0,"k":[0,0],"ix":1},"s":{"a":0,"k":[100,100],"ix":3},"r":{"a":0,"k":0,"ix":6},"o":{"a":0,"k":100,"ix":7},"sk":{"a":0,"k":0,"ix":4},"sa":{"a":0,"k":0,"ix":5},"nm":"Transform"}],"nm":"Group 5","np":2,"cix":2,"bm":0,"ix":4,"mn":"ADBE Vector Group","hd":false},{"ty":"gr","it":[{"ind":0,"ty":"sh","ix":1,"ks":{"a":0,"k":{"i":[[46.561,41.36],[57.199,19.52],[0,0],[0,0],[0,0],[0,0],[0,-113.84],[-8.88,-36.72],[0,0],[0,0],[0,0]],"o":[[-44,-38.64],[0,0],[0,0],[0,0],[0,0],[-52.96,69.28],[0,43.359],[0,0],[0,0],[0,0],[-23.681,-56.72]],"v":[[340.719,-182.2],[187.44,-269.8],[172.32,-261.48],[-19.52,-170.04],[-343.6,-125.96],[-360.401,-124.12],[-446.48,149.8],[-432.64,269.8],[-125.86,86.12],[44.4,5.56],[446.48,-34.2]],"c":true},"ix":2},"nm":"Path 1","mn":"ADBE Vector Shape - Group","hd":false},{"ty":"fl","c":{"a":0,"k":[0.961000031116,0.961000031116,0.961000031116,1],"ix":4},"o":{"a":0,"k":100,"ix":5},"r":1,"bm":0,"nm":"Fill 1","mn":"ADBE Vector Graphic - Fill","hd":false},{"ty":"tr","p":{"a":0,"k":[491.281,353.4],"ix":2},"a":{"a":0,"k":[0,0],"ix":1},"s":{"a":0,"k":[100,100],"ix":3},"r":{"a":0,"k":0,"ix":6},"o":{"a":0,"k":100,"ix":7},"sk":{"a":0,"k":0,"ix":4},"sa":{"a":0,"k":0,"ix":5},"nm":"Transform"}],"nm":"Group 6","np":2,"cix":2,"bm":0,"ix":5,"mn":"ADBE Vector Group","hd":false}],"ip":0,"op":204,"st":0,"bm":0},{"ddd":0,"ind":4,"ty":4,"nm":"mouth","parent":2,"sr":1,"ks":{"o":{"a":0,"k":100,"ix":11},"r":{"a":0,"k":0,"ix":10},"p":{"a":0,"k":[517,440.5,0],"ix":2,"l":2},"a":{"a":0,"k":[512,512,0],"ix":1,"l":2},"s":{"a":0,"k":[100,100,100],"ix":6,"l":2}},"ao":0,"shapes":[{"ty":"gr","it":[{"ind":0,"ty":"sh","ix":1,"ks":{"a":0,"k":{"i":[[5.601,1.04],[2,1.76],[47.36,10.639],[43.439,-12],[2.48,0.639],[1.04,5.681],[-4.72,3.279],[-56.96,-12.88],[-28.719,-49.84],[3.359,-4.559]],"o":[[-2.56,-0.479],[-34.08,-29.44],[-47.279,-10.641],[-2.561,0.72],[-5.52,-1.441],[-1.04,-5.52],[47.36,-32.641],[56.96,12.8],[2.88,4.961],[-3.281,4.72]],"v":[[135.32,65.6],[128.36,62.16],[4.28,1.121],[-133.959,3.04],[-141.72,3.121],[-152.6,-8.56],[-146.6,-22.879],[16.6,-53.76],[150.76,44.16],[150.041,59.68]],"c":true},"ix":2},"nm":"Path 1","mn":"ADBE Vector Shape - Group","hd":false},{"ty":"fl","c":{"a":0,"k":[0.258999992819,0.169000004787,0.051000000449,1],"ix":4},"o":{"a":0,"k":100,"ix":5},"r":1,"bm":0,"nm":"Fill 1","mn":"ADBE Vector Graphic - Fill","hd":false},{"ty":"tr","p":{"a":0,"k":[553.56,738.32],"ix":2},"a":{"a":0,"k":[0,0],"ix":1},"s":{"a":0,"k":[100,100],"ix":3},"r":{"a":0,"k":0,"ix":6},"o":{"a":0,"k":100,"ix":7},"sk":{"a":0,"k":0,"ix":4},"sa":{"a":0,"k":0,"ix":5},"nm":"Transform"}],"nm":"Group 1","np":2,"cix":2,"bm":0,"ix":1,"mn":"ADBE Vector Group","hd":false}],"ip":0,"op":204,"st":0,"bm":0},{"ddd":0,"ind":5,"ty":4,"nm":"closed eyes","parent":6,"sr":1,"ks":{"o":{"a":1,"k":[{"t":30,"s":[100],"h":1},{"t":43,"s":[0],"h":1},{"t":108,"s":[100],"h":1},{"t":117,"s":[0],"h":1},{"t":132,"s":[100],"h":1},{"t":142,"s":[0],"h":1}],"ix":11},"r":{"a":0,"k":0,"ix":10},"p":{"a":0,"k":[27.85,7.538,0],"ix":2,"l":2},"a":{"a":0,"k":[0.086,0,0],"ix":1,"l":2},"s":{"a":0,"k":[12.5,12.5,100],"ix":6,"l":2}},"ao":0,"shapes":[{"ty":"gr","it":[{"ind":0,"ty":"sh","ix":1,"ks":{"a":0,"k":{"i":[[-7.267,1.759],[-5.456,0.754],[-5.456,0.426],[-10.912,-0.083],[-10.912,-0.844],[-10.912,-2.334],[2.363,-11.046],[7.626,-1.643],[10.912,-0.927],[10.912,-0.057],[10.912,0.857],[5.456,0.742],[5.456,1.309],[-2.65,11.046]],"o":[[5.456,-1.309],[5.456,-0.743],[10.912,-0.857],[10.912,0.057],[10.912,0.927],[11.046,2.363],[-1.738,8.123],[-10.912,2.334],[-10.912,0.844],[-10.912,0.083],[-5.456,-0.426],[-5.456,-0.754],[-11.046,-2.65],[1.864,-7.77]],"v":[[-214.983,-20],[-198.614,-22.925],[-182.246,-24.64],[-149.509,-25.756],[-116.773,-24.439],[-84.036,-20],[-68.314,4.279],[-84.036,20],[-116.773,24.439],[-149.509,25.756],[-182.246,24.64],[-198.614,22.925],[-214.983,20],[-230.185,-4.798]],"c":true},"ix":2},"nm":"Path 1","mn":"ADBE Vector Shape - Group","hd":false},{"ind":1,"ty":"sh","ix":2,"ks":{"a":0,"k":{"i":[[-7.267,1.759],[-5.456,0.754],[-5.456,0.426],[-10.912,-0.083],[-10.912,-0.844],[-10.912,-2.334],[2.363,-11.046],[7.626,-1.643],[10.912,-0.927],[10.912,-0.057],[10.912,0.857],[5.456,0.742],[5.456,1.309],[-2.65,11.046]],"o":[[5.456,-1.309],[5.456,-0.743],[10.912,-0.857],[10.912,0.057],[10.912,0.927],[11.046,2.363],[-1.738,8.123],[-10.912,2.334],[-10.912,0.844],[-10.912,0.083],[-5.456,-0.426],[-5.456,-0.754],[-11.046,-2.65],[1.864,-7.77]],"v":[[83.804,-20],[100.172,-22.925],[116.54,-24.64],[149.277,-25.756],[182.014,-24.439],[214.75,-20],[230.472,4.279],[214.75,20],[182.014,24.439],[149.277,25.756],[116.54,24.64],[100.172,22.925],[83.804,20],[68.601,-4.798]],"c":true},"ix":2},"nm":"Path 2","mn":"ADBE Vector Shape - Group","hd":false},{"ty":"fl","c":{"a":0,"k":[0.258823529412,0.16862745098,0.050980392157,1],"ix":4},"o":{"a":0,"k":100,"ix":5},"r":1,"bm":0,"nm":"Fill 1","mn":"ADBE Vector Graphic - Fill","hd":false},{"ty":"tr","p":{"a":0,"k":[0,0],"ix":2},"a":{"a":0,"k":[0,0],"ix":1},"s":{"a":0,"k":[100,100],"ix":3},"r":{"a":0,"k":0,"ix":6},"o":{"a":0,"k":100,"ix":7},"sk":{"a":0,"k":0,"ix":4},"sa":{"a":0,"k":0,"ix":5},"nm":"Transform"}],"nm":"Shape 1","np":4,"cix":2,"bm":0,"ix":1,"mn":"ADBE Vector Group","hd":false}],"ip":102,"op":200,"st":10,"bm":0},{"ddd":0,"ind":6,"ty":4,"nm":"eyes","parent":2,"sr":1,"ks":{"o":{"a":1,"k":[{"t":0,"s":[100],"h":1},{"t":108,"s":[0],"h":1},{"t":117,"s":[100],"h":1},{"t":132,"s":[0],"h":1},{"t":142,"s":[100],"h":1}],"ix":11},"r":{"a":0,"k":0,"ix":10},"p":{"s":true,"x":{"a":0,"k":510.5,"ix":3},"y":{"a":0,"k":442.899,"ix":4}},"a":{"a":0,"k":[27.45,6.65,0],"ix":1,"l":2},"s":{"a":0,"k":[800,800,100],"ix":6,"l":2}},"ao":0,"shapes":[{"ty":"gr","it":[{"ind":0,"ty":"sh","ix":1,"ks":{"a":1,"k":[{"i":{"x":0.833,"y":0.833},"o":{"x":0.333,"y":0},"t":102,"s":[{"i":[[0.899,0.8],[0,0],[0.7,-1.4],[-0.901,-0.9],[-0.701,1.4]],"o":[[0,0],[-1.4,-0.7],[-0.5,1.1],[1.399,0.7],[0.5,-1.1]],"v":[[1.601,-5.3],[1.601,-5.3],[-2.201,-4],[-1.6,-0.7],[2.201,-2]],"c":true}]},{"i":{"x":0.833,"y":0.833},"o":{"x":0.167,"y":0.167},"t":107,"s":[{"i":[[0.899,0.629],[0,0],[0.7,-1.1],[-0.901,-0.707],[-0.701,1.1]],"o":[[0,0],[-1.4,-0.55],[-0.5,0.865],[1.399,0.55],[0.5,-0.865]],"v":[[1.601,-4.144],[1.601,-4.144],[-2.201,-3.122],[-1.6,-0.529],[2.201,-1.55]],"c":true}]},{"i":{"x":0.667,"y":1},"o":{"x":0.167,"y":0.167},"t":117,"s":[{"i":[[0.899,0.8],[0,0],[0.7,-1.4],[-0.901,-0.9],[-0.701,1.4]],"o":[[0,0],[-1.4,-0.7],[-0.5,1.1],[1.399,0.7],[0.5,-1.1]],"v":[[1.601,-5.8],[1.601,-5.8],[-2.201,-4.5],[-1.6,-1.2],[2.201,-2.5]],"c":true}]},{"i":{"x":0.833,"y":1},"o":{"x":0.167,"y":0},"t":119.5,"s":[{"i":[[0.899,0.8],[0,0],[0.7,-1.4],[-0.901,-0.9],[-0.701,1.4]],"o":[[0,0],[-1.4,-0.7],[-0.5,1.1],[1.399,0.7],[0.5,-1.1]],"v":[[1.601,-5.3],[1.601,-5.3],[-2.201,-4],[-1.6,-0.7],[2.201,-2]],"c":true}]},{"i":{"x":0.833,"y":0.833},"o":{"x":0.333,"y":0},"t":127,"s":[{"i":[[0.899,0.8],[0,0],[0.7,-1.4],[-0.901,-0.9],[-0.701,1.4]],"o":[[0,0],[-1.4,-0.7],[-0.5,1.1],[1.399,0.7],[0.5,-1.1]],"v":[[1.601,-5.3],[1.601,-5.3],[-2.201,-4],[-1.6,-0.7],[2.201,-2]],"c":true}]},{"i":{"x":0.833,"y":0.833},"o":{"x":0.167,"y":0.167},"t":132,"s":[{"i":[[0.899,0.629],[0,0],[0.7,-1.1],[-0.901,-0.707],[-0.701,1.1]],"o":[[0,0],[-1.4,-0.55],[-0.5,0.865],[1.399,0.55],[0.5,-0.865]],"v":[[1.601,-4.144],[1.601,-4.144],[-2.201,-3.122],[-1.6,-0.529],[2.201,-1.55]],"c":true}]},{"i":{"x":0.667,"y":1},"o":{"x":0.167,"y":0.167},"t":142,"s":[{"i":[[0.899,0.8],[0,0],[0.7,-1.4],[-0.901,-0.9],[-0.701,1.4]],"o":[[0,0],[-1.4,-0.7],[-0.5,1.1],[1.399,0.7],[0.5,-1.1]],"v":[[1.601,-5.8],[1.601,-5.8],[-2.201,-4.5],[-1.6,-1.2],[2.201,-2.5]],"c":true}]},{"t":144.5,"s":[{"i":[[0.899,0.8],[0,0],[0.7,-1.4],[-0.901,-0.9],[-0.701,1.4]],"o":[[0,0],[-1.4,-0.7],[-0.5,1.1],[1.399,0.7],[0.5,-1.1]],"v":[[1.601,-5.3],[1.601,-5.3],[-2.201,-4],[-1.6,-0.7],[2.201,-2]],"c":true}]}],"ix":2},"nm":"Path 1","mn":"ADBE Vector Shape - Group","hd":false},{"ty":"fl","c":{"a":0,"k":[0.536999990426,0.375999989229,0.141000007181,1],"ix":4},"o":{"a":0,"k":100,"ix":5},"r":1,"bm":0,"nm":"Fill 1","mn":"ADBE Vector Graphic - Fill","hd":false},{"ty":"tr","p":{"a":0,"k":[44.65,6.55],"ix":2},"a":{"a":0,"k":[0,0],"ix":1},"s":{"a":0,"k":[100,100],"ix":3},"r":{"a":0,"k":0,"ix":6},"o":{"a":0,"k":100,"ix":7},"sk":{"a":0,"k":0,"ix":4},"sa":{"a":0,"k":0,"ix":5},"nm":"Transform"}],"nm":"Group 1","np":2,"cix":2,"bm":0,"ix":1,"mn":"ADBE Vector Group","hd":false},{"ty":"gr","it":[{"ind":0,"ty":"sh","ix":1,"ks":{"a":1,"k":[{"i":{"x":0.833,"y":0.833},"o":{"x":0.333,"y":0},"t":102,"s":[{"i":[[4.2,0],[0,0],[0,-5.9],[-4.2,0],[0,5.9]],"o":[[0,0],[-4.2,0],[0,5.9],[4.2,0],[0,-5.9]],"v":[[0,-12.4],[0,-12.4],[-8,-3],[0,6.4],[8,-3]],"c":true}]},{"i":{"x":0.833,"y":0.833},"o":{"x":0.167,"y":0.167},"t":107,"s":[{"i":[[4.2,0],[0,0],[0,-4.637],[-4.2,0],[0,4.637]],"o":[[0,0],[-4.2,0],[0,4.637],[4.2,0],[0,-4.637]],"v":[[0,-10.388],[0,-10.388],[-8,-3],[0,4.388],[8,-3]],"c":true}]},{"i":{"x":0.667,"y":1},"o":{"x":0.167,"y":0.167},"t":117,"s":[{"i":[[4.2,0],[0,0],[0,-5.9],[-4.2,0],[0,5.9]],"o":[[0,0],[-4.2,0],[0,5.9],[4.2,0],[0,-5.9]],"v":[[0,-12.9],[0,-12.9],[-8,-3],[0,6.9],[8,-3]],"c":true}]},{"i":{"x":0.833,"y":1},"o":{"x":0.167,"y":0},"t":119.5,"s":[{"i":[[4.2,0],[0,0],[0,-5.9],[-4.2,0],[0,5.9]],"o":[[0,0],[-4.2,0],[0,5.9],[4.2,0],[0,-5.9]],"v":[[0,-12.4],[0,-12.4],[-8,-3],[0,6.4],[8,-3]],"c":true}]},{"i":{"x":0.833,"y":0.833},"o":{"x":0.333,"y":0},"t":127,"s":[{"i":[[4.2,0],[0,0],[0,-5.9],[-4.2,0],[0,5.9]],"o":[[0,0],[-4.2,0],[0,5.9],[4.2,0],[0,-5.9]],"v":[[0,-12.4],[0,-12.4],[-8,-3],[0,6.4],[8,-3]],"c":true}]},{"i":{"x":0.833,"y":0.833},"o":{"x":0.167,"y":0.167},"t":132,"s":[{"i":[[4.2,0],[0,0],[0,-4.637],[-4.2,0],[0,4.637]],"o":[[0,0],[-4.2,0],[0,4.637],[4.2,0],[0,-4.637]],"v":[[0,-10.388],[0,-10.388],[-8,-3],[0,4.388],[8,-3]],"c":true}]},{"i":{"x":0.667,"y":1},"o":{"x":0.167,"y":0.167},"t":142,"s":[{"i":[[4.2,0],[0,0],[0,-5.9],[-4.2,0],[0,5.9]],"o":[[0,0],[-4.2,0],[0,5.9],[4.2,0],[0,-5.9]],"v":[[0,-12.9],[0,-12.9],[-8,-3],[0,6.9],[8,-3]],"c":true}]},{"t":144.5,"s":[{"i":[[4.2,0],[0,0],[0,-5.9],[-4.2,0],[0,5.9]],"o":[[0,0],[-4.2,0],[0,5.9],[4.2,0],[0,-5.9]],"v":[[0,-12.4],[0,-12.4],[-8,-3],[0,6.4],[8,-3]],"c":true}]}],"ix":2},"nm":"Path 1","mn":"ADBE Vector Shape - Group","hd":false},{"ty":"fl","c":{"a":0,"k":[0.258999992819,0.169000004787,0.051000000449,1],"ix":4},"o":{"a":0,"k":100,"ix":5},"r":1,"bm":0,"nm":"Fill 1","mn":"ADBE Vector Graphic - Fill","hd":false},{"ty":"tr","p":{"a":0,"k":[46.65,9.65],"ix":2},"a":{"a":0,"k":[0,0],"ix":1},"s":{"a":0,"k":[100,100],"ix":3},"r":{"a":0,"k":0,"ix":6},"o":{"a":0,"k":100,"ix":7},"sk":{"a":0,"k":0,"ix":4},"sa":{"a":0,"k":0,"ix":5},"nm":"Transform"}],"nm":"Group 2","np":2,"cix":2,"bm":0,"ix":2,"mn":"ADBE Vector Group","hd":false},{"ty":"gr","it":[{"ind":0,"ty":"sh","ix":1,"ks":{"a":1,"k":[{"i":{"x":0.833,"y":0.833},"o":{"x":0.333,"y":0},"t":102,"s":[{"i":[[0.9,0.8],[0,0],[0.7,-1.4],[-0.9,-0.9],[-0.7,1.4]],"o":[[0,0],[-1.4,-0.7],[-0.5,1.1],[1.4,0.7],[0.6,-1.1]],"v":[[1.55,-5.3],[1.55,-5.3],[-2.25,-4],[-1.65,-0.7],[2.15,-2]],"c":true}]},{"i":{"x":0.833,"y":0.833},"o":{"x":0.167,"y":0.167},"t":107,"s":[{"i":[[0.9,0.629],[0,0],[0.7,-1.1],[-0.9,-0.707],[-0.7,1.1]],"o":[[0,0],[-1.4,-0.55],[-0.5,0.865],[1.4,0.55],[0.6,-0.865]],"v":[[1.55,-4.144],[1.55,-4.144],[-2.25,-3.122],[-1.65,-0.529],[2.15,-1.55]],"c":true}]},{"i":{"x":0.667,"y":1},"o":{"x":0.167,"y":0.167},"t":117,"s":[{"i":[[0.9,0.8],[0,0],[0.7,-1.4],[-0.9,-0.9],[-0.7,1.4]],"o":[[0,0],[-1.4,-0.7],[-0.5,1.1],[1.4,0.7],[0.6,-1.1]],"v":[[1.55,-5.8],[1.55,-5.8],[-2.25,-4.5],[-1.65,-1.2],[2.15,-2.5]],"c":true}]},{"i":{"x":0.833,"y":1},"o":{"x":0.167,"y":0},"t":119.5,"s":[{"i":[[0.9,0.8],[0,0],[0.7,-1.4],[-0.9,-0.9],[-0.7,1.4]],"o":[[0,0],[-1.4,-0.7],[-0.5,1.1],[1.4,0.7],[0.6,-1.1]],"v":[[1.55,-5.3],[1.55,-5.3],[-2.25,-4],[-1.65,-0.7],[2.15,-2]],"c":true}]},{"i":{"x":0.833,"y":0.833},"o":{"x":0.333,"y":0},"t":127,"s":[{"i":[[0.9,0.8],[0,0],[0.7,-1.4],[-0.9,-0.9],[-0.7,1.4]],"o":[[0,0],[-1.4,-0.7],[-0.5,1.1],[1.4,0.7],[0.6,-1.1]],"v":[[1.55,-5.3],[1.55,-5.3],[-2.25,-4],[-1.65,-0.7],[2.15,-2]],"c":true}]},{"i":{"x":0.833,"y":0.833},"o":{"x":0.167,"y":0.167},"t":132,"s":[{"i":[[0.9,0.629],[0,0],[0.7,-1.1],[-0.9,-0.707],[-0.7,1.1]],"o":[[0,0],[-1.4,-0.55],[-0.5,0.865],[1.4,0.55],[0.6,-0.865]],"v":[[1.55,-4.144],[1.55,-4.144],[-2.25,-3.122],[-1.65,-0.529],[2.15,-1.55]],"c":true}]},{"i":{"x":0.667,"y":1},"o":{"x":0.167,"y":0.167},"t":142,"s":[{"i":[[0.9,0.8],[0,0],[0.7,-1.4],[-0.9,-0.9],[-0.7,1.4]],"o":[[0,0],[-1.4,-0.7],[-0.5,1.1],[1.4,0.7],[0.6,-1.1]],"v":[[1.55,-5.8],[1.55,-5.8],[-2.25,-4.5],[-1.65,-1.2],[2.15,-2.5]],"c":true}]},{"t":144.5,"s":[{"i":[[0.9,0.8],[0,0],[0.7,-1.4],[-0.9,-0.9],[-0.7,1.4]],"o":[[0,0],[-1.4,-0.7],[-0.5,1.1],[1.4,0.7],[0.6,-1.1]],"v":[[1.55,-5.3],[1.55,-5.3],[-2.25,-4],[-1.65,-0.7],[2.15,-2]],"c":true}]}],"ix":2},"nm":"Path 1","mn":"ADBE Vector Shape - Group","hd":false},{"ty":"fl","c":{"a":0,"k":[0.536999990426,0.375999989229,0.141000007181,1],"ix":4},"o":{"a":0,"k":100,"ix":5},"r":1,"bm":0,"nm":"Fill 1","mn":"ADBE Vector Graphic - Fill","hd":false},{"ty":"tr","p":{"a":0,"k":[6.3,6.55],"ix":2},"a":{"a":0,"k":[0,0],"ix":1},"s":{"a":0,"k":[100,100],"ix":3},"r":{"a":0,"k":0,"ix":6},"o":{"a":0,"k":100,"ix":7},"sk":{"a":0,"k":0,"ix":4},"sa":{"a":0,"k":0,"ix":5},"nm":"Transform"}],"nm":"Group 3","np":2,"cix":2,"bm":0,"ix":3,"mn":"ADBE Vector Group","hd":false},{"ty":"gr","it":[{"ind":0,"ty":"sh","ix":1,"ks":{"a":1,"k":[{"i":{"x":0.833,"y":0.833},"o":{"x":0.333,"y":0},"t":102,"s":[{"i":[[4.2,0],[0,0],[0,-5.9],[-4.2,0],[0,5.9]],"o":[[0,0],[-4.2,0],[0,5.9],[4.2,0],[0,-5.9]],"v":[[0,-12.4],[0,-12.4],[-8,-3],[0,6.4],[8,-3]],"c":true}]},{"i":{"x":0.833,"y":0.833},"o":{"x":0.167,"y":0.167},"t":107,"s":[{"i":[[4.2,0],[0,0],[0,-4.637],[-4.2,0],[0,4.637]],"o":[[0,0],[-4.2,0],[0,4.637],[4.2,0],[0,-4.637]],"v":[[0,-10.388],[0,-10.388],[-8,-3],[0,4.388],[8,-3]],"c":true}]},{"i":{"x":0.667,"y":1},"o":{"x":0.167,"y":0.167},"t":117,"s":[{"i":[[4.2,0],[0,0],[0,-5.9],[-4.2,0],[0,5.9]],"o":[[0,0],[-4.2,0],[0,5.9],[4.2,0],[0,-5.9]],"v":[[0,-12.9],[0,-12.9],[-8,-3],[0,6.9],[8,-3]],"c":true}]},{"i":{"x":0.833,"y":1},"o":{"x":0.167,"y":0},"t":119.5,"s":[{"i":[[4.2,0],[0,0],[0,-5.9],[-4.2,0],[0,5.9]],"o":[[0,0],[-4.2,0],[0,5.9],[4.2,0],[0,-5.9]],"v":[[0,-12.4],[0,-12.4],[-8,-3],[0,6.4],[8,-3]],"c":true}]},{"i":{"x":0.833,"y":0.833},"o":{"x":0.333,"y":0},"t":127,"s":[{"i":[[4.2,0],[0,0],[0,-5.9],[-4.2,0],[0,5.9]],"o":[[0,0],[-4.2,0],[0,5.9],[4.2,0],[0,-5.9]],"v":[[0,-12.4],[0,-12.4],[-8,-3],[0,6.4],[8,-3]],"c":true}]},{"i":{"x":0.833,"y":0.833},"o":{"x":0.167,"y":0.167},"t":132,"s":[{"i":[[4.2,0],[0,0],[0,-4.637],[-4.2,0],[0,4.637]],"o":[[0,0],[-4.2,0],[0,4.637],[4.2,0],[0,-4.637]],"v":[[0,-10.388],[0,-10.388],[-8,-3],[0,4.388],[8,-3]],"c":true}]},{"i":{"x":0.667,"y":1},"o":{"x":0.167,"y":0.167},"t":142,"s":[{"i":[[4.2,0],[0,0],[0,-5.9],[-4.2,0],[0,5.9]],"o":[[0,0],[-4.2,0],[0,5.9],[4.2,0],[0,-5.9]],"v":[[0,-12.9],[0,-12.9],[-8,-3],[0,6.9],[8,-3]],"c":true}]},{"t":144.5,"s":[{"i":[[4.2,0],[0,0],[0,-5.9],[-4.2,0],[0,5.9]],"o":[[0,0],[-4.2,0],[0,5.9],[4.2,0],[0,-5.9]],"v":[[0,-12.4],[0,-12.4],[-8,-3],[0,6.4],[8,-3]],"c":true}]}],"ix":2},"nm":"Path 1","mn":"ADBE Vector Shape - Group","hd":false},{"ty":"fl","c":{"a":0,"k":[0.258999992819,0.169000004787,0.051000000449,1],"ix":4},"o":{"a":0,"k":100,"ix":5},"r":1,"bm":0,"nm":"Fill 1","mn":"ADBE Vector Graphic - Fill","hd":false},{"ty":"tr","p":{"a":0,"k":[8.25,9.65],"ix":2},"a":{"a":0,"k":[0,0],"ix":1},"s":{"a":0,"k":[100,100],"ix":3},"r":{"a":0,"k":0,"ix":6},"o":{"a":0,"k":100,"ix":7},"sk":{"a":0,"k":0,"ix":4},"sa":{"a":0,"k":0,"ix":5},"nm":"Transform"}],"nm":"Group 4","np":2,"cix":2,"bm":0,"ix":4,"mn":"ADBE Vector Group","hd":false}],"ip":0,"op":200,"st":0,"bm":0},{"ddd":0,"ind":7,"ty":4,"nm":"base matte","parent":9,"td":1,"sr":1,"ks":{"o":{"a":0,"k":100,"ix":11},"r":{"a":0,"k":0,"ix":10},"p":{"a":0,"k":[-2,-3,0],"ix":2,"l":2},"a":{"a":0,"k":[0,0,0],"ix":1,"l":2},"s":{"a":0,"k":[100,100,100],"ix":6,"l":2}},"ao":0,"shapes":[{"ty":"gr","it":[{"ind":0,"ty":"sh","ix":1,"ks":{"a":0,"k":{"i":[[15.4,0],[0,38.4],[-27.9,0],[-10.6,-9.3],[0,-16.9],[11.5,-10.2]],"o":[[-27.9,0],[0,-38.4],[15.5,0],[11.5,10.2],[0,16.9],[-10.6,9.3]],"v":[[0,55.9],[-58,0],[0,-55.9],[40.4,-41.5],[58,0],[40.4,41.4]],"c":true},"ix":2},"nm":"Path 1","mn":"ADBE Vector Shape - Group","hd":false},{"ty":"gf","o":{"a":0,"k":100,"ix":10},"r":1,"bm":0,"g":{"p":5,"k":{"a":0,"k":[0.48,0.992,0.878,0.188,0.691,0.98,0.816,0.178,0.902,0.969,0.753,0.169,0.966,0.963,0.694,0.153,1,0.957,0.635,0.137],"ix":9}},"s":{"a":0,"k":[0,0],"ix":5},"e":{"a":0,"k":[56.225,0],"ix":6},"t":2,"h":{"a":0,"k":0,"ix":7},"a":{"a":0,"k":0,"ix":8},"nm":"Gradient Fill 1","mn":"ADBE Vector Graphic - G-Fill","hd":false},{"ty":"tr","p":{"a":0,"k":[0,0],"ix":2},"a":{"a":0,"k":[0,0],"ix":1},"s":{"a":0,"k":[100,100],"ix":3},"r":{"a":0,"k":0,"ix":6},"o":{"a":0,"k":100,"ix":7},"sk":{"a":0,"k":0,"ix":4},"sa":{"a":0,"k":0,"ix":5},"nm":"Transform"}],"nm":"Group 1","np":2,"cix":2,"bm":0,"ix":1,"mn":"ADBE Vector Group","hd":false}],"ip":0,"op":200,"st":0,"bm":0},{"ddd":0,"ind":8,"ty":4,"nm":"base shadow","parent":9,"tt":2,"sr":1,"ks":{"o":{"a":0,"k":100,"ix":11},"r":{"a":0,"k":0,"ix":10},"p":{"a":0,"k":[0,0,0],"ix":2,"l":2},"a":{"a":0,"k":[0,0,0],"ix":1,"l":2},"s":{"a":0,"k":[100,100,100],"ix":6,"l":2}},"ao":0,"shapes":[{"ty":"gr","it":[{"ind":0,"ty":"sh","ix":1,"ks":{"a":0,"k":{"i":[[15.4,0],[0,38.4],[-27.9,0],[-10.6,-9.3],[0,-16.9],[11.5,-10.2]],"o":[[-27.9,0],[0,-38.4],[15.5,0],[11.5,10.2],[0,16.9],[-10.6,9.3]],"v":[[0,55.9],[-58,0],[0,-55.9],[40.4,-41.5],[58,0],[40.4,41.4]],"c":true},"ix":2},"nm":"Path 1","mn":"ADBE Vector Shape - Group","hd":false},{"ty":"fl","c":{"a":0,"k":[0.921568627451,0.560784313725,0,1],"ix":4},"o":{"a":0,"k":100,"ix":5},"r":1,"bm":0,"nm":"Fill 1","mn":"ADBE Vector Graphic - Fill","hd":false},{"ty":"tr","p":{"a":0,"k":[0,0],"ix":2},"a":{"a":0,"k":[0,0],"ix":1},"s":{"a":0,"k":[100,100],"ix":3},"r":{"a":0,"k":0,"ix":6},"o":{"a":0,"k":100,"ix":7},"sk":{"a":0,"k":0,"ix":4},"sa":{"a":0,"k":0,"ix":5},"nm":"Transform"}],"nm":"Group 1","np":2,"cix":2,"bm":0,"ix":1,"mn":"ADBE Vector Group","hd":false}],"ip":0,"op":200,"st":0,"bm":0},{"ddd":0,"ind":9,"ty":4,"nm":"base normal","parent":1,"sr":1,"ks":{"o":{"a":0,"k":100,"ix":11},"r":{"a":0,"k":0,"ix":10},"p":{"a":0,"k":[-3,-8,0],"ix":2,"l":2},"a":{"a":0,"k":[0,0,0],"ix":1,"l":2},"s":{"a":0,"k":[800,800,100],"ix":6,"l":2}},"ao":0,"shapes":[{"ty":"gr","it":[{"ind":0,"ty":"sh","ix":1,"ks":{"a":0,"k":{"i":[[15.4,0],[0,38.4],[-27.9,0],[-10.6,-9.3],[0,-16.9],[11.5,-10.2]],"o":[[-27.9,0],[0,-38.4],[15.5,0],[11.5,10.2],[0,16.9],[-10.6,9.3]],"v":[[0,55.9],[-58,0],[0,-55.9],[40.4,-41.5],[58,0],[40.4,41.4]],"c":true},"ix":2},"nm":"Path 1","mn":"ADBE Vector Shape - Group","hd":false},{"ty":"gf","o":{"a":0,"k":100,"ix":10},"r":1,"bm":0,"g":{"p":5,"k":{"a":0,"k":[0.48,0.992,0.878,0.188,0.691,0.98,0.816,0.178,0.902,0.969,0.753,0.169,0.966,0.963,0.694,0.153,1,0.957,0.635,0.137],"ix":9}},"s":{"a":0,"k":[0,0],"ix":5},"e":{"a":0,"k":[56.225,0],"ix":6},"t":2,"h":{"a":0,"k":0,"ix":7},"a":{"a":0,"k":0,"ix":8},"nm":"Gradient Fill 1","mn":"ADBE Vector Graphic - G-Fill","hd":false},{"ty":"tr","p":{"a":0,"k":[0,0],"ix":2},"a":{"a":0,"k":[0,0],"ix":1},"s":{"a":0,"k":[100,100],"ix":3},"r":{"a":0,"k":0,"ix":6},"o":{"a":0,"k":100,"ix":7},"sk":{"a":0,"k":0,"ix":4},"sa":{"a":0,"k":0,"ix":5},"nm":"Transform"}],"nm":"Group 1","np":2,"cix":2,"bm":0,"ix":1,"mn":"ADBE Vector Group","hd":false}],"ip":0,"op":200,"st":0,"bm":0}],"markers":[{"tm":49,"cm":"rest","dr":0}]}