{"v":"5.8.1","fr":60,"ip":0,"op":180,"w":1024,"h":1024,"nm":"emoji_Nerd face","ddd":0,"assets":[],"layers":[{"ddd":0,"ind":1,"ty":1,"nm":"Null tongue","parent":2,"sr":1,"ks":{"o":{"a":0,"k":0,"ix":11},"r":{"a":0,"k":0,"ix":10},"p":{"a":1,"k":[{"i":{"x":0.066,"y":1},"o":{"x":0.333,"y":0},"t":26,"s":[0,0,0],"to":[0,10,0],"ti":[0,0,0]},{"i":{"x":0.604,"y":1},"o":{"x":1,"y":0},"t":36,"s":[0,60,0],"to":[0,0,0],"ti":[0,4.333,0]},{"i":{"x":0.667,"y":1},"o":{"x":0.333,"y":0},"t":52,"s":[0,0,0],"to":[0,-4.333,0],"ti":[0,-3,0]},{"i":{"x":0.667,"y":1},"o":{"x":0.333,"y":0},"t":66,"s":[0,34,0],"to":[0,3,0],"ti":[0,2,0]},{"i":{"x":0.667,"y":1},"o":{"x":0.333,"y":0},"t":78,"s":[0,18,0],"to":[0,-2,0],"ti":[0,-0.667,0]},{"i":{"x":0.667,"y":0.667},"o":{"x":0.333,"y":0.333},"t":90,"s":[0,22,0],"to":[0,0,0],"ti":[0,0,0]},{"i":{"x":0.667,"y":1},"o":{"x":0.333,"y":0},"t":138,"s":[0,22,0],"to":[0,0,0],"ti":[0,0,0]},{"i":{"x":0.833,"y":1},"o":{"x":0.333,"y":0},"t":146,"s":[0,46,0],"to":[0,-3.667,0],"ti":[0,7.667,0]},{"t":156,"s":[0,0,0]}],"ix":2,"l":2},"a":{"a":0,"k":[0,0,0],"ix":1,"l":2},"s":{"a":0,"k":[100,100,100],"ix":6,"l":2}},"ao":0,"sw":100,"sh":100,"sc":"#ffffff","ip":0,"op":180,"st":0,"bm":0},{"ddd":0,"ind":2,"ty":3,"nm":"Null ALL","sr":1,"ks":{"o":{"a":0,"k":0,"ix":11},"r":{"a":0,"k":0,"ix":10},"p":{"a":1,"k":[{"i":{"x":0.667,"y":1},"o":{"x":0.333,"y":0},"t":24,"s":[510,502,0],"to":[0,2.333,0],"ti":[0,2,0]},{"i":{"x":0.667,"y":1},"o":{"x":0.333,"y":0},"t":34,"s":[510,516,0],"to":[0,-2,0],"ti":[0,2,0]},{"i":{"x":0.667,"y":1},"o":{"x":0.333,"y":0},"t":50,"s":[510,490,0],"to":[0,-2,0],"ti":[0,-2,0]},{"i":{"x":0.667,"y":1},"o":{"x":0.333,"y":0},"t":64,"s":[510,504,0],"to":[0,2,0],"ti":[0,0.333,0]},{"i":{"x":0.667,"y":0.667},"o":{"x":0.333,"y":0.333},"t":76,"s":[510,502,0],"to":[0,0,0],"ti":[0,0,0]},{"i":{"x":0.667,"y":1},"o":{"x":0.333,"y":0},"t":138,"s":[510,502,0],"to":[0,1.333,0],"ti":[0,0.667,0]},{"i":{"x":0.667,"y":1},"o":{"x":0.333,"y":0},"t":146,"s":[510,510,0],"to":[0,-0.667,0],"ti":[0,1,0]},{"i":{"x":0.667,"y":1},"o":{"x":0.167,"y":0},"t":156,"s":[510,498,0],"to":[0,-1,0],"ti":[0,-0.667,0]},{"i":{"x":0.667,"y":1},"o":{"x":0.167,"y":0},"t":166,"s":[510,504,0],"to":[0,0.667,0],"ti":[0,0.333,0]},{"t":176,"s":[510,502,0]}],"ix":2,"l":2},"a":{"a":0,"k":[0,0,0],"ix":1,"l":2},"s":{"a":0,"k":[100,100,100],"ix":6,"l":2}},"ao":0,"ip":0,"op":180,"st":0,"bm":0},{"ddd":0,"ind":3,"ty":1,"nm":"Null FACE","parent":2,"sr":1,"ks":{"o":{"a":0,"k":0,"ix":11},"r":{"a":0,"k":0,"ix":10},"p":{"a":1,"k":[{"i":{"x":0.066,"y":1},"o":{"x":0.333,"y":0},"t":24,"s":[0,0,0],"to":[0,10,0],"ti":[0,0,0]},{"i":{"x":0.604,"y":1},"o":{"x":1,"y":0},"t":34,"s":[0,60,0],"to":[0,0,0],"ti":[0,4.333,0]},{"i":{"x":0.667,"y":1},"o":{"x":0.333,"y":0},"t":50,"s":[0,0,0],"to":[0,-4.333,0],"ti":[0,-3,0]},{"i":{"x":0.667,"y":1},"o":{"x":0.333,"y":0},"t":64,"s":[0,34,0],"to":[0,3,0],"ti":[0,2,0]},{"i":{"x":0.667,"y":1},"o":{"x":0.333,"y":0},"t":76,"s":[0,18,0],"to":[0,-2,0],"ti":[0,-0.667,0]},{"i":{"x":0.667,"y":0.667},"o":{"x":0.333,"y":0.333},"t":86,"s":[0,22,0],"to":[0,0,0],"ti":[0,0,0]},{"i":{"x":0.667,"y":1},"o":{"x":0.333,"y":0},"t":138,"s":[0,22,0],"to":[0,0,0],"ti":[0,0,0]},{"i":{"x":0.667,"y":1},"o":{"x":0.333,"y":0},"t":146,"s":[0,38,0],"to":[0,-3.667,0],"ti":[0,5.667,0]},{"i":{"x":0.667,"y":1},"o":{"x":0.167,"y":0},"t":156,"s":[0,-10,0],"to":[0,-5.667,0],"ti":[0,-1.667,0]},{"i":{"x":0.667,"y":1},"o":{"x":0.167,"y":0},"t":166,"s":[0,4,0],"to":[0,1.667,0],"ti":[0,0.667,0]},{"t":176,"s":[0,0,0]}],"ix":2,"l":2},"a":{"a":0,"k":[0,0,0],"ix":1,"l":2},"s":{"a":0,"k":[100,100,100],"ix":6,"l":2}},"ao":0,"sw":100,"sh":100,"sc":"#ffffff","ip":0,"op":180,"st":0,"bm":0},{"ddd":0,"ind":4,"ty":4,"nm":"glasses","parent":3,"sr":1,"ks":{"o":{"a":0,"k":100,"ix":11},"r":{"a":0,"k":0,"ix":10},"p":{"a":1,"k":[{"i":{"x":0.667,"y":1},"o":{"x":0.333,"y":0},"t":26,"s":[2.04,-118.86,0],"to":[0,0,0],"ti":[0,0,0]},{"i":{"x":0.667,"y":1},"o":{"x":0.333,"y":0},"t":36,"s":[2.04,-108.86,0],"to":[0,0,0],"ti":[0,0,0]},{"i":{"x":0.667,"y":1},"o":{"x":0.333,"y":0},"t":52,"s":[2.04,-130.86,0],"to":[0,0,0],"ti":[0,-1.333,0]},{"i":{"x":0.667,"y":1},"o":{"x":0.333,"y":0},"t":66,"s":[2.04,-112.86,0],"to":[0,1.333,0],"ti":[0,0.667,0]},{"i":{"x":0.667,"y":1},"o":{"x":0.333,"y":0},"t":76,"s":[2.04,-122.86,0],"to":[0,-0.667,0],"ti":[0,-0.667,0]},{"i":{"x":0.667,"y":1},"o":{"x":0.167,"y":0},"t":86,"s":[2.04,-116.86,0],"to":[0,0.667,0],"ti":[0,0.333,0]},{"i":{"x":0.667,"y":0.667},"o":{"x":0.167,"y":0.167},"t":96,"s":[2.04,-118.86,0],"to":[0,0,0],"ti":[0,0,0]},{"i":{"x":0.667,"y":1},"o":{"x":0.167,"y":0},"t":140,"s":[2.04,-118.86,0],"to":[0,1,0],"ti":[0,0.667,0]},{"i":{"x":0.667,"y":1},"o":{"x":0.167,"y":0},"t":148,"s":[2.04,-112.86,0],"to":[0,-0.667,0],"ti":[0,0.667,0]},{"i":{"x":0.667,"y":1},"o":{"x":0.167,"y":0},"t":158,"s":[2.04,-122.86,0],"to":[0,-0.667,0],"ti":[0,-0.667,0]},{"i":{"x":0.667,"y":1},"o":{"x":0.167,"y":0},"t":168,"s":[2.04,-116.86,0],"to":[0,0.667,0],"ti":[0,0.333,0]},{"t":178,"s":[2.04,-118.86,0]}],"ix":2,"l":2},"a":{"a":0,"k":[495.25,185.69,0],"ix":1,"l":2},"s":{"a":0,"k":[100,100,100],"ix":6,"l":2}},"ao":0,"shapes":[{"ty":"gr","it":[{"ind":0,"ty":"sh","ix":1,"ks":{"a":0,"k":{"i":[[7.92,-72.88],[80.4,-4.56],[14.56,67.52],[-7.36,12.56],[-124.4,4.32],[-5.92,-8.72]],"o":[[-12.8,117.28],[-124.88,7.119],[-14.64,-67.36],[7.28,-12.64],[124.48,-4.4],[5.92,8.8]],"v":[[400.12,6.08],[251,127.76],[93.24,21.36],[91.88,-87.76],[241.4,-132.72],[393.24,-103.12]],"c":true},"ix":2},"nm":"Path 1","mn":"ADBE Vector Shape - Group","hd":false},{"ind":1,"ty":"sh","ix":2,"ks":{"a":0,"k":{"i":[[9.759,-44.88],[124.88,7.119],[12.881,117.28],[-6,8.8],[-124.4,-4.4],[-7.279,-12.64],[-0.32,-0.56],[0,0]],"o":[[-14.561,67.52],[-80.4,-4.56],[-7.92,-72.88],[5.919,-8.72],[124.4,4.4],[0.32,0.48],[0,0],[2.96,17.36]],"v":[[-93.239,21.36],[-251,127.76],[-400.2,6.08],[-393.319,-103.12],[-241.48,-132.72],[-91.96,-87.76],[-91.08,-86.16],[-85.8,-68.72]],"c":true},"ix":2},"nm":"Path 2","mn":"ADBE Vector Shape - Group","hd":false},{"ind":2,"ty":"sh","ix":3,"ks":{"a":0,"k":{"i":[[0,0],[153.04,14.24],[13.76,-12.8],[0,0],[16,0],[0,0],[13.281,-0.8],[201.92,-18.8],[0,0],[0,0],[-14.8,-18.32],[-23.92,-47.6],[0,0],[-36.64,63.28],[-2,14.64],[-12.641,0.16],[-7.92,-5.12],[-32.08,-55.28],[0,0],[-37.04,73.92],[-14.719,18.08],[0,0]],"o":[[0,0],[-203.761,-18.96],[0,0],[-15.28,-0.96],[0,0],[-7.84,0.08],[-14.719,-13.52],[-152.96,14.24],[0,0],[0,0],[14.72,18.08],[37.04,73.92],[0,0],[33.2,-57.2],[7.6,-4.4],[14.159,0.16],[2.639,18.08],[36.64,63.2],[0,0],[23.92,-47.68],[14.72,-18.32],[0,0]],"v":[[493.96,-138],[332.681,-166.48],[42.04,-116],[40.6,-116.08],[-5.16,-118],[-5.88,-118],[-42.6,-116.32],[-332.84,-166.48],[-494.04,-138],[-495,-80.24],[-457.4,-55.44],[-411.88,111.52],[-190.68,166.72],[-78.92,109.36],[-31.4,-42.64],[-1.239,-50.64],[31.641,-41.04],[78.92,109.28],[190.681,166.64],[411.88,111.44],[457.4,-55.52],[495,-80.32]],"c":true},"ix":2},"nm":"Path 3","mn":"ADBE Vector Shape - Group","hd":false},{"ty":"mm","mm":1,"nm":"Merge Paths 1","mn":"ADBE Vector Filter - Merge","hd":false},{"ty":"fl","c":{"a":0,"k":[0.20800000359,0.13300000359,0.043000000598,1],"ix":4},"o":{"a":0,"k":100,"ix":5},"r":1,"bm":0,"nm":"Fill 1","mn":"ADBE Vector Graphic - Fill","hd":false},{"ty":"tr","p":{"a":0,"k":[495.25,185.69],"ix":2},"a":{"a":0,"k":[0,0],"ix":1},"s":{"a":0,"k":[100,100],"ix":3},"r":{"a":0,"k":0,"ix":6},"o":{"a":0,"k":100,"ix":7},"sk":{"a":0,"k":0,"ix":4},"sa":{"a":0,"k":0,"ix":5},"nm":"Transform"}],"nm":"Group 1","np":5,"cix":2,"bm":0,"ix":1,"mn":"ADBE Vector Group","hd":false}],"ip":0,"op":360,"st":0,"bm":0},{"ddd":0,"ind":5,"ty":4,"nm":"eyes","parent":3,"sr":1,"ks":{"o":{"a":1,"k":[{"t":24,"s":[100],"h":1},{"t":30,"s":[0],"h":1},{"t":48,"s":[100],"h":1},{"t":104,"s":[0],"h":1},{"t":118,"s":[100],"h":1}],"ix":11},"r":{"a":0,"k":0,"ix":10},"p":{"a":0,"k":[0.76,-113.12,0],"ix":2,"l":2},"a":{"a":0,"k":[273.65,75.61,0],"ix":1,"l":2},"s":{"a":1,"k":[{"i":{"x":[0.833,0.833,0.833],"y":[1,0.833,1]},"o":{"x":[0.333,0.333,0.333],"y":[0,0,0]},"t":24,"s":[100,100,100]},{"i":{"x":[0.833,0.833,0.833],"y":[0.833,0.833,0.833]},"o":{"x":[0.167,0.167,0.167],"y":[0.167,0.167,0.167]},"t":28,"s":[100,79,100]},{"i":{"x":[0.667,0.667,0.667],"y":[1,1,1]},"o":{"x":[0.167,0.167,0.167],"y":[0,0.167,0]},"t":48,"s":[100,79,100]},{"i":{"x":[0.833,0.833,0.833],"y":[1,1,1]},"o":{"x":[0.333,0.333,0.333],"y":[0,0,0]},"t":54,"s":[100,106,100]},{"i":{"x":[0.667,0.667,0.667],"y":[1,1,1]},"o":{"x":[0.167,0.167,0.167],"y":[0,0,0]},"t":60,"s":[100,100,100]},{"i":{"x":[0.833,0.833,0.833],"y":[1,0.833,1]},"o":{"x":[0.333,0.333,0.333],"y":[0,0,0]},"t":100,"s":[100,100,100]},{"i":{"x":[0.833,0.833,0.833],"y":[0.833,0.833,0.833]},"o":{"x":[0.167,0.167,0.167],"y":[0.167,0.167,0.167]},"t":104,"s":[100,79,100]},{"i":{"x":[0.667,0.667,0.667],"y":[1,1,1]},"o":{"x":[0.167,0.167,0.167],"y":[0,0.167,0]},"t":118,"s":[100,79,100]},{"i":{"x":[0.833,0.833,0.833],"y":[1,1,1]},"o":{"x":[0.333,0.333,0.333],"y":[0,0,0]},"t":122,"s":[100,106,100]},{"t":126,"s":[100,100,100]}],"ix":6,"l":2}},"ao":0,"shapes":[{"ty":"gr","it":[{"ind":0,"ty":"sh","ix":1,"ks":{"a":0,"k":{"i":[[8.24,5.76],[0,0],[8,-11.52],[-8.24,-5.76],[-8,11.52]],"o":[[0,0],[-8.24,-5.76],[-8,11.6],[8.24,5.76],[8,-11.6]],"v":[[12.88,-18.56],[12.88,-18.56],[-15.76,-10.96],[-12.88,18.56],[15.76,10.96]],"c":true},"ix":2},"nm":"Path 1","mn":"ADBE Vector Shape - Group","hd":false},{"ty":"fl","c":{"a":0,"k":[0.536999990426,0.375999989229,0.141000007181,1],"ix":4},"o":{"a":0,"k":100,"ix":5},"r":1,"bm":0,"nm":"Fill 1","mn":"ADBE Vector Graphic - Fill","hd":false},{"ty":"tr","p":{"a":0,"k":[48.25,50.25],"ix":2},"a":{"a":0,"k":[0,0],"ix":1},"s":{"a":0,"k":[100,100],"ix":3},"r":{"a":0,"k":0,"ix":6},"o":{"a":0,"k":100,"ix":7},"sk":{"a":0,"k":0,"ix":4},"sa":{"a":0,"k":0,"ix":5},"nm":"Transform"}],"nm":"Group 1","np":2,"cix":2,"bm":0,"ix":1,"mn":"ADBE Vector Group","hd":false},{"ty":"gr","it":[{"ind":0,"ty":"sh","ix":1,"ks":{"a":0,"k":{"i":[[33.52,0],[0,0],[0,-47.04],[-33.521,0],[0,47.04]],"o":[[0,0],[-33.521,0],[0,47.04],[33.52,0],[0,-47.04]],"v":[[0,-75.36],[0,-75.36],[-64,0],[0,75.36],[64,0]],"c":true},"ix":2},"nm":"Path 1","mn":"ADBE Vector Shape - Group","hd":false},{"ty":"fl","c":{"a":0,"k":[0.20800000359,0.13300000359,0.043000000598,1],"ix":4},"o":{"a":0,"k":100,"ix":5},"r":1,"bm":0,"nm":"Fill 1","mn":"ADBE Vector Graphic - Fill","hd":false},{"ty":"tr","p":{"a":0,"k":[64.25,75.61],"ix":2},"a":{"a":0,"k":[0,0],"ix":1},"s":{"a":0,"k":[100,100],"ix":3},"r":{"a":0,"k":0,"ix":6},"o":{"a":0,"k":100,"ix":7},"sk":{"a":0,"k":0,"ix":4},"sa":{"a":0,"k":0,"ix":5},"nm":"Transform"}],"nm":"Group 2","np":2,"cix":2,"bm":0,"ix":2,"mn":"ADBE Vector Group","hd":false},{"ty":"gr","it":[{"ind":0,"ty":"sh","ix":1,"ks":{"a":0,"k":{"i":[[8.32,5.76],[0,0],[8,-11.52],[-8.24,-5.76],[-8,11.52]],"o":[[0,0],[-8.239,-5.76],[-8,11.6],[8.24,5.76],[8.08,-11.6]],"v":[[12.84,-18.56],[12.84,-18.56],[-15.8,-10.96],[-12.92,18.56],[15.72,10.96]],"c":true},"ix":2},"nm":"Path 1","mn":"ADBE Vector Shape - Group","hd":false},{"ty":"fl","c":{"a":0,"k":[0.536999990426,0.375999989229,0.141000007181,1],"ix":4},"o":{"a":0,"k":100,"ix":5},"r":1,"bm":0,"nm":"Fill 1","mn":"ADBE Vector Graphic - Fill","hd":false},{"ty":"tr","p":{"a":0,"k":[467.09,50.25],"ix":2},"a":{"a":0,"k":[0,0],"ix":1},"s":{"a":0,"k":[100,100],"ix":3},"r":{"a":0,"k":0,"ix":6},"o":{"a":0,"k":100,"ix":7},"sk":{"a":0,"k":0,"ix":4},"sa":{"a":0,"k":0,"ix":5},"nm":"Transform"}],"nm":"Group 3","np":2,"cix":2,"bm":0,"ix":3,"mn":"ADBE Vector Group","hd":false},{"ty":"gr","it":[{"ind":0,"ty":"sh","ix":1,"ks":{"a":0,"k":{"i":[[33.521,0],[0,0],[0,-47.04],[-33.52,0],[0,47.04]],"o":[[0,0],[-33.52,0],[0,47.04],[33.521,0],[0,-47.04]],"v":[[0,-75.36],[0,-75.36],[-64,0],[0,75.36],[64,0]],"c":true},"ix":2},"nm":"Path 1","mn":"ADBE Vector Shape - Group","hd":false},{"ty":"fl","c":{"a":0,"k":[0.20800000359,0.13300000359,0.043000000598,1],"ix":4},"o":{"a":0,"k":100,"ix":5},"r":1,"bm":0,"nm":"Fill 1","mn":"ADBE Vector Graphic - Fill","hd":false},{"ty":"tr","p":{"a":0,"k":[483.05,75.61],"ix":2},"a":{"a":0,"k":[0,0],"ix":1},"s":{"a":0,"k":[100,100],"ix":3},"r":{"a":0,"k":0,"ix":6},"o":{"a":0,"k":100,"ix":7},"sk":{"a":0,"k":0,"ix":4},"sa":{"a":0,"k":0,"ix":5},"nm":"Transform"}],"nm":"Group 4","np":2,"cix":2,"bm":0,"ix":4,"mn":"ADBE Vector Group","hd":false}],"ip":0,"op":360,"st":0,"bm":0},{"ddd":0,"ind":6,"ty":4,"nm":"closed eyes 2","parent":3,"sr":1,"ks":{"o":{"a":0,"k":100,"ix":11},"r":{"a":0,"k":0,"ix":10},"p":{"a":0,"k":[-0.619,-115.033,0],"ix":2,"l":2},"a":{"a":0,"k":[306.309,31.385,0],"ix":1,"l":2},"s":{"a":0,"k":[100,100,100],"ix":6,"l":2}},"ao":0,"shapes":[{"ty":"gr","it":[{"ind":0,"ty":"sh","ix":1,"ks":{"a":0,"k":{"i":[[45.726,-14.971],[0,0],[-17.189,10.201],[-15.68,3.203],[-33.351,-20.391],[16.53,6.534]],"o":[[0,0],[-17.385,6.141],[12.984,-7.425],[43.764,-9.594],[16.727,10.595],[-42.035,-15.681]],"v":[[-68.682,20.92],[-68.682,20.92],[-82.052,-5.39],[-38.323,-21.542],[82.514,-1.281],[68.529,24.602]],"c":true},"ix":2},"nm":"Path 1","mn":"ADBE Vector Shape - Group","hd":false},{"ty":"fl","c":{"a":0,"k":[0.20800000359,0.13300000359,0.043000000598,1],"ix":4},"o":{"a":0,"k":100,"ix":5},"r":1,"bm":0,"nm":"Fill 1","mn":"ADBE Vector Graphic - Fill","hd":false},{"ty":"tr","p":{"a":0,"k":[99.491,31.386],"ix":2},"a":{"a":0,"k":[0,0],"ix":1},"s":{"a":0,"k":[100,100],"ix":3},"r":{"a":0,"k":0,"ix":6},"o":{"a":0,"k":100,"ix":7},"sk":{"a":0,"k":0,"ix":4},"sa":{"a":0,"k":0,"ix":5},"nm":"Transform"}],"nm":"Group 1","np":2,"cix":2,"bm":0,"ix":1,"mn":"ADBE Vector Group","hd":false},{"ty":"gr","it":[{"ind":0,"ty":"sh","ix":1,"ks":{"a":0,"k":{"i":[[45.726,-14.971],[0,0],[-17.189,10.201],[-15.681,3.203],[-33.35,-20.391],[16.529,6.534]],"o":[[0,0],[-17.386,6.141],[12.984,-7.425],[43.764,-9.594],[16.727,10.595],[-42.035,-15.681]],"v":[[-68.682,20.92],[-68.682,20.92],[-82.052,-5.39],[-38.323,-21.542],[82.513,-1.281],[68.529,24.602]],"c":true},"ix":2},"nm":"Path 1","mn":"ADBE Vector Shape - Group","hd":false},{"ty":"fl","c":{"a":0,"k":[0.20800000359,0.13300000359,0.043000000598,1],"ix":4},"o":{"a":0,"k":100,"ix":5},"r":1,"bm":0,"nm":"Fill 1","mn":"ADBE Vector Graphic - Fill","hd":false},{"ty":"tr","p":{"a":0,"k":[513.127,31.386],"ix":2},"a":{"a":0,"k":[0,0],"ix":1},"s":{"a":0,"k":[100,100],"ix":3},"r":{"a":0,"k":0,"ix":6},"o":{"a":0,"k":100,"ix":7},"sk":{"a":0,"k":0,"ix":4},"sa":{"a":0,"k":0,"ix":5},"nm":"Transform"}],"nm":"Group 2","np":2,"cix":2,"bm":0,"ix":2,"mn":"ADBE Vector Group","hd":false}],"ip":104,"op":118,"st":104,"bm":0},{"ddd":0,"ind":7,"ty":4,"nm":"closed eyes","parent":3,"sr":1,"ks":{"o":{"a":0,"k":100,"ix":11},"r":{"a":0,"k":0,"ix":10},"p":{"a":0,"k":[-0.619,-115.033,0],"ix":2,"l":2},"a":{"a":0,"k":[306.309,31.385,0],"ix":1,"l":2},"s":{"a":0,"k":[100,100,100],"ix":6,"l":2}},"ao":0,"shapes":[{"ty":"gr","it":[{"ind":0,"ty":"sh","ix":1,"ks":{"a":0,"k":{"i":[[45.726,-14.971],[0,0],[-17.189,10.201],[-15.68,3.203],[-33.351,-20.391],[16.53,6.534]],"o":[[0,0],[-17.385,6.141],[12.984,-7.425],[43.764,-9.594],[16.727,10.595],[-42.035,-15.681]],"v":[[-68.682,20.92],[-68.682,20.92],[-82.052,-5.39],[-38.323,-21.542],[82.514,-1.281],[68.529,24.602]],"c":true},"ix":2},"nm":"Path 1","mn":"ADBE Vector Shape - Group","hd":false},{"ty":"fl","c":{"a":0,"k":[0.20800000359,0.13300000359,0.043000000598,1],"ix":4},"o":{"a":0,"k":100,"ix":5},"r":1,"bm":0,"nm":"Fill 1","mn":"ADBE Vector Graphic - Fill","hd":false},{"ty":"tr","p":{"a":0,"k":[99.491,31.386],"ix":2},"a":{"a":0,"k":[0,0],"ix":1},"s":{"a":0,"k":[100,100],"ix":3},"r":{"a":0,"k":0,"ix":6},"o":{"a":0,"k":100,"ix":7},"sk":{"a":0,"k":0,"ix":4},"sa":{"a":0,"k":0,"ix":5},"nm":"Transform"}],"nm":"Group 1","np":2,"cix":2,"bm":0,"ix":1,"mn":"ADBE Vector Group","hd":false},{"ty":"gr","it":[{"ind":0,"ty":"sh","ix":1,"ks":{"a":0,"k":{"i":[[45.726,-14.971],[0,0],[-17.189,10.201],[-15.681,3.203],[-33.35,-20.391],[16.529,6.534]],"o":[[0,0],[-17.386,6.141],[12.984,-7.425],[43.764,-9.594],[16.727,10.595],[-42.035,-15.681]],"v":[[-68.682,20.92],[-68.682,20.92],[-82.052,-5.39],[-38.323,-21.542],[82.513,-1.281],[68.529,24.602]],"c":true},"ix":2},"nm":"Path 1","mn":"ADBE Vector Shape - Group","hd":false},{"ty":"fl","c":{"a":0,"k":[0.20800000359,0.13300000359,0.043000000598,1],"ix":4},"o":{"a":0,"k":100,"ix":5},"r":1,"bm":0,"nm":"Fill 1","mn":"ADBE Vector Graphic - Fill","hd":false},{"ty":"tr","p":{"a":0,"k":[513.127,31.386],"ix":2},"a":{"a":0,"k":[0,0],"ix":1},"s":{"a":0,"k":[100,100],"ix":3},"r":{"a":0,"k":0,"ix":6},"o":{"a":0,"k":100,"ix":7},"sk":{"a":0,"k":0,"ix":4},"sa":{"a":0,"k":0,"ix":5},"nm":"Transform"}],"nm":"Group 2","np":2,"cix":2,"bm":0,"ix":2,"mn":"ADBE Vector Group","hd":false}],"ip":30,"op":48,"st":30,"bm":0},{"ddd":0,"ind":8,"ty":4,"nm":"mouth 4","parent":3,"sr":1,"ks":{"o":{"a":0,"k":100,"ix":11},"r":{"a":0,"k":0,"ix":10},"p":{"a":0,"k":[-6.633,116.724,0],"ix":2,"l":2},"a":{"a":0,"k":[124.363,27.136,0],"ix":1,"l":2},"s":{"a":1,"k":[{"i":{"x":[0.667,0.667,0.667],"y":[1,1,1]},"o":{"x":[0.167,0.167,0.167],"y":[0,0,0]},"t":144,"s":[242,242,100]},{"t":152,"s":[100,100,100]}],"ix":6,"l":2}},"ao":0,"shapes":[{"ty":"gr","it":[{"ind":0,"ty":"sh","ix":1,"ks":{"a":1,"k":[{"i":{"x":0.667,"y":1},"o":{"x":0.167,"y":0},"t":144,"s":[{"i":[[-73.612,1.439],[-13.033,19.834],[3.229,7.311],[5.214,-0.057],[1.813,-0.623],[34.511,0.056],[32.869,9.974],[1.926,0.114],[2.38,-4.703],[-4.987,-6.233]],"o":[[89.205,-1.744],[4.987,-6.29],[-2.494,-4.59],[-1.927,0.113],[-33.15,9.464],[-34.342,0.227],[-1.813,-0.623],[-5.214,-0.169],[-3.287,7.31],[12.467,20.402]],"v":[[-0.34,70.639],[127.793,-5.31],[130.627,-32.783],[118.159,-40.149],[112.492,-39.016],[-0.254,-24.85],[-108.304,-39.584],[-113.97,-40.717],[-126.437,-33.35],[-124.017,-3.811]],"c":true}]},{"t":152,"s":[{"i":[[-60.636,0],[-13.033,19.834],[3.229,7.311],[5.214,-0.057],[1.813,-0.623],[34.511,0.056],[32.869,9.974],[1.926,0.114],[2.38,-4.703],[-4.987,-6.233]],"o":[[61.202,0],[4.987,-6.29],[-2.494,-4.59],[-1.927,0.113],[-33.15,9.464],[-34.342,0.227],[-1.813,-0.623],[-5.214,-0.169],[-3.287,7.31],[12.467,20.402]],"v":[[-0.254,40.886],[117.049,-10.682],[119.884,-32.783],[107.416,-40.149],[101.749,-39.016],[-0.254,-24.85],[-101.692,-39.584],[-107.358,-40.717],[-119.825,-33.35],[-116.992,-11.249]],"c":true}]}],"ix":2},"nm":"Path 1","mn":"ADBE Vector Shape - Group","hd":false},{"ty":"fl","c":{"a":0,"k":[0.207843154669,0.133333340287,0.043137256056,1],"ix":4},"o":{"a":0,"k":100,"ix":5},"r":1,"bm":0,"nm":"Fill 1","mn":"ADBE Vector Graphic - Fill","hd":false},{"ty":"tr","p":{"a":0,"k":[123.362,41.137],"ix":2},"a":{"a":0,"k":[0,0],"ix":1},"s":{"a":0,"k":[100,100],"ix":3},"r":{"a":0,"k":0,"ix":6},"o":{"a":0,"k":100,"ix":7},"sk":{"a":0,"k":0,"ix":4},"sa":{"a":0,"k":0,"ix":5},"nm":"Transform"}],"nm":"Group 1","np":2,"cix":2,"bm":0,"ix":1,"mn":"ADBE Vector Group","hd":false}],"ip":150,"op":186,"st":144,"bm":0},{"ddd":0,"ind":9,"ty":4,"nm":"mouth 1","parent":3,"sr":1,"ks":{"o":{"a":0,"k":100,"ix":11},"r":{"a":0,"k":0,"ix":10},"p":{"a":0,"k":[-6.633,116.724,0],"ix":2,"l":2},"a":{"a":0,"k":[124.363,27.136,0],"ix":1,"l":2},"s":{"a":1,"k":[{"i":{"x":[0.667,0.667,0.667],"y":[1,1,1]},"o":{"x":[0.915,0.915,0.333],"y":[0,0,0]},"t":36,"s":[100,100,100]},{"t":46,"s":[242,242,100]}],"ix":6,"l":2}},"ao":0,"shapes":[{"ty":"gr","it":[{"ind":0,"ty":"sh","ix":1,"ks":{"a":1,"k":[{"i":{"x":0.833,"y":1},"o":{"x":0.915,"y":0},"t":36,"s":[{"i":[[-60.636,0],[-13.033,19.834],[3.229,7.311],[5.214,-0.057],[1.813,-0.623],[34.511,0.056],[32.869,9.974],[1.926,0.114],[2.38,-4.703],[-4.987,-6.233]],"o":[[61.202,0],[4.987,-6.29],[-2.494,-4.59],[-1.927,0.113],[-33.15,9.464],[-34.342,0.227],[-1.813,-0.623],[-5.214,-0.169],[-3.287,7.31],[12.467,20.402]],"v":[[-0.254,40.886],[117.049,-10.682],[119.884,-32.783],[107.416,-40.149],[101.749,-39.016],[-0.254,-24.85],[-101.692,-39.584],[-107.358,-40.717],[-119.825,-33.35],[-116.992,-11.249]],"c":true}]},{"t":46,"s":[{"i":[[-73.612,1.439],[-13.033,19.834],[3.229,7.311],[5.214,-0.057],[1.813,-0.623],[34.511,0.056],[32.869,9.974],[1.926,0.114],[2.38,-4.703],[-4.987,-6.233]],"o":[[89.205,-1.744],[4.987,-6.29],[-2.494,-4.59],[-1.927,0.113],[-33.15,9.464],[-34.342,0.227],[-1.813,-0.623],[-5.214,-0.169],[-3.287,7.31],[12.467,20.402]],"v":[[-0.34,70.639],[127.793,-5.31],[130.627,-32.783],[118.159,-40.149],[112.492,-39.016],[-0.254,-24.85],[-108.304,-39.584],[-113.97,-40.717],[-126.437,-33.35],[-124.017,-3.811]],"c":true}]}],"ix":2},"nm":"Path 1","mn":"ADBE Vector Shape - Group","hd":false},{"ty":"fl","c":{"a":0,"k":[0.207843154669,0.133333340287,0.043137256056,1],"ix":4},"o":{"a":0,"k":100,"ix":5},"r":1,"bm":0,"nm":"Fill 1","mn":"ADBE Vector Graphic - Fill","hd":false},{"ty":"tr","p":{"a":0,"k":[123.362,41.137],"ix":2},"a":{"a":0,"k":[0,0],"ix":1},"s":{"a":0,"k":[100,100],"ix":3},"r":{"a":0,"k":0,"ix":6},"o":{"a":0,"k":100,"ix":7},"sk":{"a":0,"k":0,"ix":4},"sa":{"a":0,"k":0,"ix":5},"nm":"Transform"}],"nm":"Group 1","np":2,"cix":2,"bm":0,"ix":1,"mn":"ADBE Vector Group","hd":false}],"ip":0,"op":42,"st":0,"bm":0},{"ddd":0,"ind":10,"ty":4,"nm":"lips","parent":15,"sr":1,"ks":{"o":{"a":0,"k":100,"ix":11},"r":{"a":0,"k":0,"ix":10},"p":{"a":0,"k":[317.731,57.611,0],"ix":2,"l":2},"a":{"a":0,"k":[320.45,67.29,0],"ix":1,"l":2},"s":{"a":0,"k":[100,100,100],"ix":6,"l":2}},"ao":0,"shapes":[{"ty":"gr","it":[{"ind":0,"ty":"sh","ix":1,"ks":{"a":0,"k":{"i":[[0,0],[0,0],[-64.639,12.319],[-15.92,4.239],[0,0],[-3.2,0.239],[-5.12,-2.16],[-3.599,-10.241],[-3.84,7.92],[-0.08,0.24],[2.08,21.359],[20.241,7.441],[9.92,-1.36],[4.08,-1.359],[0,0],[15.521,-3.679],[64.16,-1.599],[0,0],[62.08,14.48],[15.12,4.641],[0,0],[4.881,0.559],[9.919,-3.76],[2.881,-21.441],[-0.16,-0.241],[-9.521,27.201],[-10.08,4.241],[-6.16,-0.641],[-3.679,-0.96],[0,0],[-16.081,-3.12],[-65.359,1.039]],"o":[[0,0],[65.359,1.119],[16.16,-3.12],[0,0],[3.601,-0.96],[6.08,-0.561],[10.159,4.241],[9.521,27.2],[0.16,-0.24],[6.48,-15.601],[-2.16,-21.521],[-10,-3.76],[-4.88,0.559],[0,0],[-15.12,4.641],[-62.08,14.48],[0,0],[-64.16,-1.519],[-15.52,-3.679],[0,0],[-4.16,-1.359],[-9.92,-1.36],[-20.241,7.441],[-4.639,35.04],[3.84,7.92],[3.6,-10.24],[5.12,-2.16],[3.199,0.239],[0,0],[16,4.239],[64.56,12.239],[0,0]],"v":[[-0.76,-1.6],[-0.76,-1.6],[182.439,-22.72],[230.599,-33.68],[242.519,-36.96],[252.04,-38.8],[269.16,-36.321],[297.399,-9.04],[295.319,57.759],[305.24,40.96],[318.12,-13.68],[279.479,-62.401],[248.92,-65.68],[234.76,-62.321],[223.479,-58.641],[177.479,-46.161],[0.04,-22.481],[-1.88,-22.481],[-176.2,-46.161],[-222.2,-58.641],[-233.481,-62.321],[-247.641,-65.68],[-278.2,-62.401],[-315.561,-13.84],[-288.281,59.12],[-294.84,-9.201],[-267.96,-36.321],[-250.84,-38.8],[-241.321,-36.96],[-229.401,-33.68],[-181.24,-22.72],[-2.601,-1.6]],"c":false},"ix":2},"nm":"Path 1","mn":"ADBE Vector Shape - Group","hd":false},{"ty":"fl","c":{"a":0,"k":[0.922000002394,0.560999971278,0,1],"ix":4},"o":{"a":0,"k":100,"ix":5},"r":1,"bm":0,"nm":"Fill 1","mn":"ADBE Vector Graphic - Fill","hd":false},{"ty":"tr","p":{"a":0,"k":[320.45,67.29],"ix":2},"a":{"a":0,"k":[0,0],"ix":1},"s":{"a":0,"k":[100,100],"ix":3},"r":{"a":0,"k":0,"ix":6},"o":{"a":0,"k":100,"ix":7},"sk":{"a":0,"k":0,"ix":4},"sa":{"a":0,"k":0,"ix":5},"nm":"Transform"}],"nm":"Group 1","np":2,"cix":2,"bm":0,"ix":1,"mn":"ADBE Vector Group","hd":false}],"ip":42,"op":150,"st":46,"bm":0},{"ddd":0,"ind":11,"ty":4,"nm":"mouth 3","parent":15,"td":1,"sr":1,"ks":{"o":{"a":0,"k":100,"ix":11},"r":{"a":0,"k":0,"ix":10},"p":{"a":0,"k":[320.97,137.49,0],"ix":2,"l":2},"a":{"a":0,"k":[320.97,136.49,0],"ix":1,"l":2},"s":{"a":0,"k":[100,100,100],"ix":6,"l":2}},"ao":0,"shapes":[{"ty":"gr","it":[{"ind":0,"ty":"sh","ix":1,"ks":{"a":0,"k":{"i":[[10.88,20.08],[24,-7.44],[88.96,-0.08],[71.681,22.401],[10.641,-19.68],[-9.12,-20.161],[-138.399,-0.4],[0,0],[-51.361,112.799]],"o":[[-10.641,-19.68],[-71.68,22.401],[-88.96,-0.08],[-23.919,-7.44],[-10.88,20.16],[51.361,112.799],[0,0],[138.4,-0.4],[9.28,-20.161]],"v":[[309.841,-108],[252.72,-128.8],[0,-93.36],[-252.72,-128.8],[-309.841,-108],[-303.68,-44.479],[-0.721,136.24],[0.56,136.24],[303.521,-44.479]],"c":true},"ix":2},"nm":"Path 1","mn":"ADBE Vector Shape - Group","hd":false},{"ty":"fl","c":{"a":0,"k":[0.20800000359,0.13300000359,0.043000000598,1],"ix":4},"o":{"a":0,"k":100,"ix":5},"r":1,"bm":0,"nm":"Fill 1","mn":"ADBE Vector Graphic - Fill","hd":false},{"ty":"tr","p":{"a":0,"k":[320.97,136.49],"ix":2},"a":{"a":0,"k":[0,0],"ix":1},"s":{"a":0,"k":[100,100],"ix":3},"r":{"a":0,"k":0,"ix":6},"o":{"a":0,"k":100,"ix":7},"sk":{"a":0,"k":0,"ix":4},"sa":{"a":0,"k":0,"ix":5},"nm":"Transform"}],"nm":"Group 4","np":2,"cix":2,"bm":0,"ix":1,"mn":"ADBE Vector Group","hd":false}],"ip":42,"op":150,"st":46,"bm":0},{"ddd":0,"ind":12,"ty":4,"nm":"teeth","parent":3,"tt":1,"sr":1,"ks":{"o":{"a":0,"k":100,"ix":11},"r":{"a":0,"k":0,"ix":10},"p":{"a":1,"k":[{"i":{"x":0.667,"y":1},"o":{"x":0.167,"y":0.167},"t":42,"s":[-2.72,59.4,0],"to":[0,3,0],"ti":[0,-3,0]},{"i":{"x":0.667,"y":0.667},"o":{"x":0.167,"y":0.167},"t":46,"s":[-2.72,77.4,0],"to":[0,0,0],"ti":[0,0,0]},{"i":{"x":0.833,"y":0.833},"o":{"x":0.167,"y":0},"t":144,"s":[-2.72,77.4,0],"to":[0,-4.333,0],"ti":[0,4.333,0]},{"t":148,"s":[-2.72,51.4,0]}],"ix":2,"l":2},"a":{"a":0,"k":[314.25,57.01,0],"ix":1,"l":2},"s":{"a":0,"k":[100,100,100],"ix":6,"l":2}},"ao":0,"shapes":[{"ty":"gr","it":[{"ind":0,"ty":"sh","ix":1,"ks":{"a":0,"k":{"i":[[24,-7.521],[88.96,-0.08],[71.68,22.399],[10.641,-19.68],[0.8,-3.279],[-3.6,-1.44],[-109.121,0],[-93.52,45.281],[-2.8,1.44],[2.64,4.88]],"o":[[-71.68,22.399],[-88.96,-0.08],[-23.92,-7.44],[-1.679,3.12],[2.639,1.361],[96.8,49.36],[104.72,0],[3.76,-1.599],[-0.72,-5.12],[-10.561,-19.68]],"v":[[252.16,-49.24],[-0.56,-13.8],[-253.28,-49.24],[-310.401,-28.439],[-314,-18.84],[-304.72,-14.679],[5.68,56.76],[304.32,-8.921],[314,-13.479],[309.2,-28.439]],"c":true},"ix":2},"nm":"Path 1","mn":"ADBE Vector Shape - Group","hd":false},{"ty":"fl","c":{"a":0,"k":[1,1,1,1],"ix":4},"o":{"a":0,"k":100,"ix":5},"r":1,"bm":0,"nm":"Fill 1","mn":"ADBE Vector Graphic - Fill","hd":false},{"ty":"tr","p":{"a":0,"k":[314.25,57.01],"ix":2},"a":{"a":0,"k":[0,0],"ix":1},"s":{"a":0,"k":[100,100],"ix":3},"r":{"a":0,"k":0,"ix":6},"o":{"a":0,"k":100,"ix":7},"sk":{"a":0,"k":0,"ix":4},"sa":{"a":0,"k":0,"ix":5},"nm":"Transform"}],"nm":"Group 1","np":2,"cix":2,"bm":0,"ix":1,"mn":"ADBE Vector Group","hd":false}],"ip":42,"op":150,"st":46,"bm":0},{"ddd":0,"ind":13,"ty":4,"nm":"mouth 2","parent":15,"td":1,"sr":1,"ks":{"o":{"a":0,"k":100,"ix":11},"r":{"a":0,"k":0,"ix":10},"p":{"a":0,"k":[320.97,137.49,0],"ix":2,"l":2},"a":{"a":0,"k":[320.97,136.49,0],"ix":1,"l":2},"s":{"a":0,"k":[100,100,100],"ix":6,"l":2}},"ao":0,"shapes":[{"ty":"gr","it":[{"ind":0,"ty":"sh","ix":1,"ks":{"a":0,"k":{"i":[[10.88,20.08],[24,-7.44],[88.96,-0.08],[71.681,22.401],[10.641,-19.68],[-9.12,-20.161],[-138.399,-0.4],[0,0],[-51.361,112.799]],"o":[[-10.641,-19.68],[-71.68,22.401],[-88.96,-0.08],[-23.919,-7.44],[-10.88,20.16],[51.361,112.799],[0,0],[138.4,-0.4],[9.28,-20.161]],"v":[[309.841,-108],[252.72,-128.8],[0,-93.36],[-252.72,-128.8],[-309.841,-108],[-303.68,-44.479],[-0.721,136.24],[0.56,136.24],[303.521,-44.479]],"c":true},"ix":2},"nm":"Path 1","mn":"ADBE Vector Shape - Group","hd":false},{"ty":"fl","c":{"a":0,"k":[0.20800000359,0.13300000359,0.043000000598,1],"ix":4},"o":{"a":0,"k":100,"ix":5},"r":1,"bm":0,"nm":"Fill 1","mn":"ADBE Vector Graphic - Fill","hd":false},{"ty":"tr","p":{"a":0,"k":[320.97,136.49],"ix":2},"a":{"a":0,"k":[0,0],"ix":1},"s":{"a":0,"k":[100,100],"ix":3},"r":{"a":0,"k":0,"ix":6},"o":{"a":0,"k":100,"ix":7},"sk":{"a":0,"k":0,"ix":4},"sa":{"a":0,"k":0,"ix":5},"nm":"Transform"}],"nm":"Group 4","np":2,"cix":2,"bm":0,"ix":1,"mn":"ADBE Vector Group","hd":false}],"ip":42,"op":150,"st":46,"bm":0},{"ddd":0,"ind":14,"ty":4,"nm":"tongue","parent":1,"tt":1,"sr":1,"ks":{"o":{"a":0,"k":100,"ix":11},"r":{"a":0,"k":0,"ix":10},"p":{"a":0,"k":[-6.001,250.6,0],"ix":2,"l":2},"a":{"a":0,"k":[136.25,41.77,0],"ix":1,"l":2},"s":{"a":0,"k":[100,100,100],"ix":6,"l":2}},"ao":0,"shapes":[{"ty":"gr","it":[{"ind":0,"ty":"sh","ix":1,"ks":{"a":0,"k":{"i":[[2.079,2.96],[3.04,2.56],[48.879,0],[34.399,-27.36],[3.04,-2.64],[1.841,-2.56],[-49.92,-0.16],[0,0],[-40.239,15.201]],"o":[[-2.961,-2.72],[-33.2,-27.761],[-48.72,0],[-3.12,2.48],[-2.481,2.8],[41.681,16.56],[0,0],[47.679,-0.16],[-1.439,-2.719]],"v":[[130.801,9.52],[121.761,1.76],[3.361,-41.52],[-120.319,0.24],[-129.599,7.76],[-139.5,21.51],[1.66,53.52],[2.941,53.52],[141.5,26.669]],"c":true},"ix":2},"nm":"Path 1","mn":"ADBE Vector Shape - Group","hd":false},{"ty":"fl","c":{"a":0,"k":[0.929000016755,0.46699999641,0.438999998803,1],"ix":4},"o":{"a":0,"k":100,"ix":5},"r":1,"bm":0,"nm":"Fill 1","mn":"ADBE Vector Graphic - Fill","hd":false},{"ty":"tr","p":{"a":0,"k":[136.25,41.77],"ix":2},"a":{"a":0,"k":[0,0],"ix":1},"s":{"a":0,"k":[100,100],"ix":3},"r":{"a":0,"k":0,"ix":6},"o":{"a":0,"k":100,"ix":7},"sk":{"a":0,"k":0,"ix":4},"sa":{"a":0,"k":0,"ix":5},"nm":"Transform"}],"nm":"Group 1","np":2,"cix":2,"bm":0,"ix":1,"mn":"ADBE Vector Group","hd":false}],"ip":42,"op":150,"st":46,"bm":0},{"ddd":0,"ind":15,"ty":4,"nm":"mouth","parent":3,"sr":1,"ks":{"o":{"a":0,"k":100,"ix":11},"r":{"a":0,"k":0,"ix":10},"p":{"a":1,"k":[{"i":{"x":0.667,"y":1},"o":{"x":0.915,"y":0},"t":36,"s":[-3.28,138.96,0],"to":[0,3,0],"ti":[0,-3,0]},{"i":{"x":0.667,"y":0.667},"o":{"x":0.167,"y":0.167},"t":46,"s":[-3.28,156.96,0],"to":[0,0,0],"ti":[0,0,0]},{"i":{"x":0.667,"y":1},"o":{"x":0.167,"y":0},"t":144,"s":[-3.28,156.96,0],"to":[0,-3,0],"ti":[0,3,0]},{"t":152,"s":[-3.28,138.96,0]}],"ix":2,"l":2},"a":{"a":0,"k":[320.97,136.49,0],"ix":1,"l":2},"s":{"a":1,"k":[{"i":{"x":[0.667,0.667,0.667],"y":[1,1,1]},"o":{"x":[0.915,0.915,0.333],"y":[0,0,0]},"t":36,"s":[35,35,100]},{"i":{"x":[0.833,0.833,0.833],"y":[1,1,1]},"o":{"x":[0.333,0.333,0.333],"y":[0,0,0]},"t":46,"s":[100,100,100]},{"i":{"x":[0.667,0.667,0.667],"y":[1,1,1]},"o":{"x":[0.167,0.167,0.167],"y":[0,0,0]},"t":144,"s":[100,100,100]},{"t":152,"s":[35,35,100]}],"ix":6,"l":2}},"ao":0,"shapes":[{"ty":"gr","it":[{"ind":0,"ty":"sh","ix":1,"ks":{"a":0,"k":{"i":[[10.88,20.08],[24,-7.44],[88.96,-0.08],[71.681,22.401],[10.641,-19.68],[-9.12,-20.161],[-138.399,-0.4],[0,0],[-51.361,112.799]],"o":[[-10.641,-19.68],[-71.68,22.401],[-88.96,-0.08],[-23.919,-7.44],[-10.88,20.16],[51.361,112.799],[0,0],[138.4,-0.4],[9.28,-20.161]],"v":[[309.841,-108],[252.72,-128.8],[0,-93.36],[-252.72,-128.8],[-309.841,-108],[-303.68,-44.479],[-0.721,136.24],[0.56,136.24],[303.521,-44.479]],"c":true},"ix":2},"nm":"Path 1","mn":"ADBE Vector Shape - Group","hd":false},{"ty":"fl","c":{"a":0,"k":[0.20800000359,0.13300000359,0.043000000598,1],"ix":4},"o":{"a":0,"k":100,"ix":5},"r":1,"bm":0,"nm":"Fill 1","mn":"ADBE Vector Graphic - Fill","hd":false},{"ty":"tr","p":{"a":0,"k":[320.97,136.49],"ix":2},"a":{"a":0,"k":[0,0],"ix":1},"s":{"a":0,"k":[100,100],"ix":3},"r":{"a":0,"k":0,"ix":6},"o":{"a":0,"k":100,"ix":7},"sk":{"a":0,"k":0,"ix":4},"sa":{"a":0,"k":0,"ix":5},"nm":"Transform"}],"nm":"Group 4","np":2,"cix":2,"bm":0,"ix":1,"mn":"ADBE Vector Group","hd":false}],"ip":42,"op":150,"st":46,"bm":0},{"ddd":0,"ind":16,"ty":4,"nm":"base matte","parent":18,"td":1,"sr":1,"ks":{"o":{"a":0,"k":100,"ix":11},"r":{"a":0,"k":0,"ix":10},"p":{"a":0,"k":[-2,-3,0],"ix":2,"l":2},"a":{"a":0,"k":[0,0,0],"ix":1,"l":2},"s":{"a":0,"k":[100,100,100],"ix":6,"l":2}},"ao":0,"shapes":[{"ty":"gr","it":[{"ind":0,"ty":"sh","ix":1,"ks":{"a":0,"k":{"i":[[15.4,0],[0,38.4],[-27.9,0],[-10.6,-9.3],[0,-16.9],[11.5,-10.2]],"o":[[-27.9,0],[0,-38.4],[15.5,0],[11.5,10.2],[0,16.9],[-10.6,9.3]],"v":[[0,55.9],[-58,0],[0,-55.9],[40.4,-41.5],[58,0],[40.4,41.4]],"c":true},"ix":2},"nm":"Path 1","mn":"ADBE Vector Shape - Group","hd":false},{"ty":"gf","o":{"a":0,"k":100,"ix":10},"r":1,"bm":0,"g":{"p":5,"k":{"a":0,"k":[0.48,0.992,0.878,0.188,0.691,0.98,0.816,0.178,0.902,0.969,0.753,0.169,0.966,0.963,0.694,0.153,1,0.957,0.635,0.137],"ix":9}},"s":{"a":0,"k":[0,0],"ix":5},"e":{"a":0,"k":[56.225,0],"ix":6},"t":2,"h":{"a":0,"k":0,"ix":7},"a":{"a":0,"k":0,"ix":8},"nm":"Gradient Fill 1","mn":"ADBE Vector Graphic - G-Fill","hd":false},{"ty":"tr","p":{"a":0,"k":[0,0],"ix":2},"a":{"a":0,"k":[0,0],"ix":1},"s":{"a":0,"k":[100,100],"ix":3},"r":{"a":0,"k":0,"ix":6},"o":{"a":0,"k":100,"ix":7},"sk":{"a":0,"k":0,"ix":4},"sa":{"a":0,"k":0,"ix":5},"nm":"Transform"}],"nm":"Group 1","np":2,"cix":2,"bm":0,"ix":1,"mn":"ADBE Vector Group","hd":false}],"ip":0,"op":180,"st":0,"bm":0},{"ddd":0,"ind":17,"ty":4,"nm":"base shadow","parent":18,"tt":2,"sr":1,"ks":{"o":{"a":0,"k":100,"ix":11},"r":{"a":0,"k":0,"ix":10},"p":{"a":0,"k":[0,0,0],"ix":2,"l":2},"a":{"a":0,"k":[0,0,0],"ix":1,"l":2},"s":{"a":0,"k":[100,100,100],"ix":6,"l":2}},"ao":0,"shapes":[{"ty":"gr","it":[{"ind":0,"ty":"sh","ix":1,"ks":{"a":0,"k":{"i":[[15.4,0],[0,38.4],[-27.9,0],[-10.6,-9.3],[0,-16.9],[11.5,-10.2]],"o":[[-27.9,0],[0,-38.4],[15.5,0],[11.5,10.2],[0,16.9],[-10.6,9.3]],"v":[[0,55.9],[-58,0],[0,-55.9],[40.4,-41.5],[58,0],[40.4,41.4]],"c":true},"ix":2},"nm":"Path 1","mn":"ADBE Vector Shape - Group","hd":false},{"ty":"fl","c":{"a":0,"k":[0.921568627451,0.560784313725,0,1],"ix":4},"o":{"a":0,"k":100,"ix":5},"r":1,"bm":0,"nm":"Fill 1","mn":"ADBE Vector Graphic - Fill","hd":false},{"ty":"tr","p":{"a":0,"k":[0,0],"ix":2},"a":{"a":0,"k":[0,0],"ix":1},"s":{"a":0,"k":[100,100],"ix":3},"r":{"a":0,"k":0,"ix":6},"o":{"a":0,"k":100,"ix":7},"sk":{"a":0,"k":0,"ix":4},"sa":{"a":0,"k":0,"ix":5},"nm":"Transform"}],"nm":"Group 1","np":2,"cix":2,"bm":0,"ix":1,"mn":"ADBE Vector Group","hd":false}],"ip":0,"op":180,"st":0,"bm":0},{"ddd":0,"ind":18,"ty":4,"nm":"base normal","parent":2,"sr":1,"ks":{"o":{"a":0,"k":100,"ix":11},"r":{"a":0,"k":0,"ix":10},"p":{"a":0,"k":[0,0,0],"ix":2,"l":2},"a":{"a":0,"k":[0,0,0],"ix":1,"l":2},"s":{"a":0,"k":[800,800,100],"ix":6,"l":2}},"ao":0,"shapes":[{"ty":"gr","it":[{"ind":0,"ty":"sh","ix":1,"ks":{"a":0,"k":{"i":[[15.4,0],[0,38.4],[-27.9,0],[-10.6,-9.3],[0,-16.9],[11.5,-10.2]],"o":[[-27.9,0],[0,-38.4],[15.5,0],[11.5,10.2],[0,16.9],[-10.6,9.3]],"v":[[0,55.9],[-58,0],[0,-55.9],[40.4,-41.5],[58,0],[40.4,41.4]],"c":true},"ix":2},"nm":"Path 1","mn":"ADBE Vector Shape - Group","hd":false},{"ty":"gf","o":{"a":0,"k":100,"ix":10},"r":1,"bm":0,"g":{"p":5,"k":{"a":0,"k":[0.48,0.992,0.878,0.188,0.691,0.98,0.816,0.178,0.902,0.969,0.753,0.169,0.966,0.963,0.694,0.153,1,0.957,0.635,0.137],"ix":9}},"s":{"a":0,"k":[0,0],"ix":5},"e":{"a":0,"k":[56.225,0],"ix":6},"t":2,"h":{"a":0,"k":0,"ix":7},"a":{"a":0,"k":0,"ix":8},"nm":"Gradient Fill 1","mn":"ADBE Vector Graphic - G-Fill","hd":false},{"ty":"tr","p":{"a":0,"k":[0,0],"ix":2},"a":{"a":0,"k":[0,0],"ix":1},"s":{"a":0,"k":[100,100],"ix":3},"r":{"a":0,"k":0,"ix":6},"o":{"a":0,"k":100,"ix":7},"sk":{"a":0,"k":0,"ix":4},"sa":{"a":0,"k":0,"ix":5},"nm":"Transform"}],"nm":"Group 1","np":2,"cix":2,"bm":0,"ix":1,"mn":"ADBE Vector Group","hd":false}],"ip":0,"op":180,"st":0,"bm":0}],"markers":[{"tm":96,"cm":"rest","dr":0}]}