{"v":"5.8.1","fr":60,"ip":0,"op":103,"w":1024,"h":1024,"nm":"emoji_weary","ddd":0,"assets":[],"layers":[{"ddd":0,"ind":1,"ty":3,"nm":"Null ALL","sr":1,"ks":{"o":{"a":0,"k":0,"ix":11},"r":{"a":1,"k":[{"i":{"x":[0.667],"y":[1]},"o":{"x":[0.167],"y":[0]},"t":0,"s":[0]},{"i":{"x":[0.667],"y":[1]},"o":{"x":[0.333],"y":[0]},"t":20,"s":[0]},{"i":{"x":[0.667],"y":[1]},"o":{"x":[0.333],"y":[0]},"t":27.5,"s":[-0.5]},{"i":{"x":[0.667],"y":[1]},"o":{"x":[0.333],"y":[0]},"t":42.5,"s":[0.5]},{"i":{"x":[0.667],"y":[1]},"o":{"x":[0.333],"y":[0]},"t":55,"s":[-0.2]},{"t":70,"s":[0]}],"ix":10},"p":{"s":true,"x":{"a":1,"k":[{"i":{"x":[0.667],"y":[1]},"o":{"x":[0.167],"y":[0]},"t":0,"s":[512]},{"i":{"x":[0.667],"y":[1]},"o":{"x":[0.333],"y":[0]},"t":22.5,"s":[512]},{"i":{"x":[0.667],"y":[1]},"o":{"x":[0.333],"y":[0]},"t":35,"s":[508]},{"i":{"x":[0.667],"y":[1]},"o":{"x":[0.333],"y":[0]},"t":47.5,"s":[516]},{"i":{"x":[0.667],"y":[1]},"o":{"x":[0.333],"y":[0]},"t":62.5,"s":[510]},{"t":77.5,"s":[512]}],"ix":3},"y":{"a":1,"k":[{"i":{"x":[0.827],"y":[0.729]},"o":{"x":[0.167],"y":[0.167]},"t":0,"s":[512]},{"i":{"x":[0.667],"y":[1]},"o":{"x":[0.184],"y":[0.583]},"t":7.5,"s":[496.308]},{"i":{"x":[0.696],"y":[0.554]},"o":{"x":[1],"y":[0]},"t":17.5,"s":[486]},{"i":{"x":[0.393],"y":[1]},"o":{"x":[0.049],"y":[0.689]},"t":22.5,"s":[509.76]},{"i":{"x":[0.393],"y":[1]},"o":{"x":[0.21],"y":[0]},"t":80,"s":[538.146]},{"i":{"x":[0.833],"y":[0.833]},"o":{"x":[0.21],"y":[0]},"t":92.5,"s":[538.146]},{"i":{"x":[0.833],"y":[0.833]},"o":{"x":[0.167],"y":[0.167]},"t":97.5,"s":[536]},{"t":102.5,"s":[512]}],"ix":4}},"a":{"a":0,"k":[0,0,0],"ix":1,"l":2},"s":{"a":0,"k":[100,100,100],"ix":6,"l":2}},"ao":0,"ip":0,"op":102.5,"st":0,"bm":0},{"ddd":0,"ind":2,"ty":3,"nm":"Null Face","parent":1,"sr":1,"ks":{"o":{"a":0,"k":0,"ix":11},"r":{"a":0,"k":0,"ix":10},"p":{"s":true,"x":{"a":1,"k":[{"i":{"x":[0.667],"y":[1]},"o":{"x":[0.167],"y":[0]},"t":0,"s":[0]},{"i":{"x":[0.667],"y":[1]},"o":{"x":[0.333],"y":[0]},"t":22.5,"s":[0]},{"i":{"x":[0.667],"y":[1]},"o":{"x":[0.333],"y":[0]},"t":35,"s":[-50]},{"i":{"x":[0.667],"y":[1]},"o":{"x":[0.333],"y":[0]},"t":47.5,"s":[30]},{"i":{"x":[0.667],"y":[1]},"o":{"x":[0.333],"y":[0]},"t":62.5,"s":[-18]},{"i":{"x":[0.667],"y":[1]},"o":{"x":[0.333],"y":[0]},"t":77.5,"s":[0]},{"t":95,"s":[0]}],"ix":3},"y":{"a":1,"k":[{"i":{"x":[0],"y":[1]},"o":{"x":[0.167],"y":[0.167]},"t":0,"s":[0]},{"i":{"x":[0.667],"y":[1]},"o":{"x":[0.333],"y":[0]},"t":7.5,"s":[-52]},{"i":{"x":[0.942],"y":[0.924]},"o":{"x":[1],"y":[0]},"t":17.5,"s":[-52]},{"i":{"x":[0.085],"y":[1]},"o":{"x":[0.069],"y":[0.32]},"t":22.5,"s":[-10.69]},{"i":{"x":[0.667],"y":[1]},"o":{"x":[0.333],"y":[0]},"t":35,"s":[18]},{"i":{"x":[0.667],"y":[1]},"o":{"x":[0.333],"y":[0]},"t":80,"s":[34]},{"i":{"x":[0.833],"y":[0.833]},"o":{"x":[0.243],"y":[0]},"t":95,"s":[34]},{"i":{"x":[0.833],"y":[0.833]},"o":{"x":[0.167],"y":[0.167]},"t":97.5,"s":[72]},{"t":102.5,"s":[0]}],"ix":4}},"a":{"a":0,"k":[0,0,0],"ix":1,"l":2},"s":{"a":0,"k":[100,100,100],"ix":6,"l":2}},"ao":0,"ip":0,"op":102.5,"st":0,"bm":0},{"ddd":0,"ind":3,"ty":4,"nm":"eyebrows","parent":2,"sr":1,"ks":{"o":{"a":0,"k":100,"ix":11},"r":{"a":0,"k":0,"ix":10},"p":{"a":0,"k":[0,-272.15,0],"ix":2,"l":2},"a":{"a":0,"k":[234.89,67.49,0],"ix":1,"l":2},"s":{"a":0,"k":[100,100,100],"ix":6,"l":2}},"ao":0,"shapes":[{"ty":"gr","it":[{"ind":0,"ty":"sh","ix":1,"ks":{"a":1,"k":[{"i":{"x":0,"y":1},"o":{"x":0.167,"y":0.167},"t":0,"s":[{"i":[[-43.6,-17.68],[18.96,3.28],[24.159,34.8],[4.64,14.88],[-7.68,2.64],[-3.279,-6.64],[0,0]],"o":[[16.561,6.88],[-41.521,-8.56],[-9.361,-12.48],[-2.64,-7.6],[6.96,-2.4],[0,0],[23.121,40.96]],"v":[[58.36,34.6],[51.241,63.32],[-51.079,-4.12],[-72.28,-45.56],[-63.241,-64.2],[-45.321,-56.84],[-44.681,-55.88]],"c":true}]},{"i":{"x":0.667,"y":1},"o":{"x":1,"y":0},"t":7.5,"s":[{"i":[[-43.6,-17.68],[18.96,3.28],[24.159,34.8],[4.64,14.88],[-7.68,2.64],[-3.279,-6.64],[0,0]],"o":[[16.561,6.88],[-41.521,-8.56],[-9.361,-12.48],[-2.64,-7.6],[6.96,-2.4],[0,0],[23.121,40.96]],"v":[[38.36,4.6],[31.241,33.32],[-71.079,-34.12],[-92.28,-75.56],[-83.241,-94.2],[-65.321,-86.84],[-64.681,-85.88]],"c":true}]},{"i":{"x":0.833,"y":0.833},"o":{"x":1,"y":0},"t":17.5,"s":[{"i":[[-43.6,-17.68],[18.96,3.28],[24.159,34.8],[4.64,14.88],[-7.68,2.64],[-3.279,-6.64],[0,0]],"o":[[16.561,6.88],[-41.521,-8.56],[-9.361,-12.48],[-2.64,-7.6],[6.96,-2.4],[0,0],[23.121,40.96]],"v":[[38.36,4.6],[31.241,33.32],[-71.079,-34.12],[-92.28,-75.56],[-83.241,-94.2],[-65.321,-86.84],[-64.681,-85.88]],"c":true}]},{"i":{"x":0,"y":1},"o":{"x":0.167,"y":0.167},"t":22.5,"s":[{"i":[[-43.6,-17.68],[18.96,3.28],[24.159,34.8],[4.64,14.88],[-7.68,2.64],[-3.279,-6.64],[0,0]],"o":[[16.561,6.88],[-41.521,-8.56],[-9.361,-12.48],[-2.64,-7.6],[6.96,-2.4],[0,0],[23.121,40.96]],"v":[[38.36,4.6],[31.241,33.32],[-71.079,-34.12],[-92.28,-75.56],[-83.241,-94.2],[-65.321,-86.84],[-64.681,-85.88]],"c":true}]},{"t":35,"s":[{"i":[[-43.6,-17.68],[18.96,3.28],[24.159,34.8],[4.64,14.88],[-7.68,2.64],[-3.279,-6.64],[0,0]],"o":[[16.561,6.88],[-41.521,-8.56],[-9.361,-12.48],[-2.64,-7.6],[6.96,-2.4],[0,0],[23.121,40.96]],"v":[[58.36,34.6],[51.241,63.32],[-51.079,-4.12],[-72.28,-45.56],[-63.241,-64.2],[-45.321,-56.84],[-44.681,-55.88]],"c":true}]}],"ix":2},"nm":"Path 1","mn":"ADBE Vector Shape - Group","hd":false},{"ty":"fl","c":{"a":0,"k":[0.258999992819,0.169000004787,0.051000000449,1],"ix":4},"o":{"a":0,"k":100,"ix":5},"r":1,"bm":0,"nm":"Fill 1","mn":"ADBE Vector Graphic - Fill","hd":false},{"ty":"tr","p":{"a":0,"k":[394.61,68.13],"ix":2},"a":{"a":0,"k":[0,0],"ix":1},"s":{"a":0,"k":[100,100],"ix":3},"r":{"a":0,"k":0,"ix":6},"o":{"a":0,"k":100,"ix":7},"sk":{"a":0,"k":0,"ix":4},"sa":{"a":0,"k":0,"ix":5},"nm":"Transform"}],"nm":"Group 1","np":2,"cix":2,"bm":0,"ix":1,"mn":"ADBE Vector Group","hd":false},{"ty":"gr","it":[{"ind":0,"ty":"sh","ix":1,"ks":{"a":1,"k":[{"i":{"x":0,"y":1},"o":{"x":0.167,"y":0.167},"t":0,"s":[{"i":[[43.6,-17.68],[-18.96,3.28],[-24.16,34.8],[-4.72,14.88],[7.52,3.12],[3.12,-7.52],[0,0]],"o":[[-16.56,6.88],[41.52,-8.56],[9.36,-12.56],[3.12,-7.44],[-7.52,-3.12],[0,0],[-23.04,40.96]],"v":[[-58.64,35.24],[-51.52,63.96],[50.8,-3.48],[72.08,-44.92],[64.16,-64.12],[44.96,-56.2],[44.32,-55.24]],"c":true}]},{"i":{"x":0.667,"y":1},"o":{"x":1,"y":0},"t":7.5,"s":[{"i":[[43.6,-17.68],[-18.96,3.28],[-24.16,34.8],[-4.72,14.88],[7.52,3.12],[3.12,-7.52],[0,0]],"o":[[-16.56,6.88],[41.52,-8.56],[9.36,-12.56],[3.12,-7.44],[-7.52,-3.12],[0,0],[-23.04,40.96]],"v":[[-38.64,5.24],[-31.52,33.96],[70.8,-33.48],[92.08,-74.92],[84.16,-94.12],[64.96,-86.2],[64.32,-85.24]],"c":true}]},{"i":{"x":0.833,"y":0.833},"o":{"x":1,"y":0},"t":17.5,"s":[{"i":[[43.6,-17.68],[-18.96,3.28],[-24.16,34.8],[-4.72,14.88],[7.52,3.12],[3.12,-7.52],[0,0]],"o":[[-16.56,6.88],[41.52,-8.56],[9.36,-12.56],[3.12,-7.44],[-7.52,-3.12],[0,0],[-23.04,40.96]],"v":[[-38.64,5.24],[-31.52,33.96],[70.8,-33.48],[92.08,-74.92],[84.16,-94.12],[64.96,-86.2],[64.32,-85.24]],"c":true}]},{"i":{"x":0,"y":1},"o":{"x":0.167,"y":0.167},"t":22.5,"s":[{"i":[[43.6,-17.68],[-18.96,3.28],[-24.16,34.8],[-4.72,14.88],[7.52,3.12],[3.12,-7.52],[0,0]],"o":[[-16.56,6.88],[41.52,-8.56],[9.36,-12.56],[3.12,-7.44],[-7.52,-3.12],[0,0],[-23.04,40.96]],"v":[[-38.64,5.24],[-31.52,33.96],[70.8,-33.48],[92.08,-74.92],[84.16,-94.12],[64.96,-86.2],[64.32,-85.24]],"c":true}]},{"t":35,"s":[{"i":[[43.6,-17.68],[-18.96,3.28],[-24.16,34.8],[-4.72,14.88],[7.52,3.12],[3.12,-7.52],[0,0]],"o":[[-16.56,6.88],[41.52,-8.56],[9.36,-12.56],[3.12,-7.44],[-7.52,-3.12],[0,0],[-23.04,40.96]],"v":[[-58.64,35.24],[-51.52,63.96],[50.8,-3.48],[72.08,-44.92],[64.16,-64.12],[44.96,-56.2],[44.32,-55.24]],"c":true}]}],"ix":2},"nm":"Path 1","mn":"ADBE Vector Shape - Group","hd":false},{"ty":"fl","c":{"a":0,"k":[0.258999992819,0.169000004787,0.051000000449,1],"ix":4},"o":{"a":0,"k":100,"ix":5},"r":1,"bm":0,"nm":"Fill 1","mn":"ADBE Vector Graphic - Fill","hd":false},{"ty":"tr","p":{"a":0,"k":[75.45,67.49],"ix":2},"a":{"a":0,"k":[0,0],"ix":1},"s":{"a":0,"k":[100,100],"ix":3},"r":{"a":0,"k":0,"ix":6},"o":{"a":0,"k":100,"ix":7},"sk":{"a":0,"k":0,"ix":4},"sa":{"a":0,"k":0,"ix":5},"nm":"Transform"}],"nm":"Group 2","np":2,"cix":2,"bm":0,"ix":2,"mn":"ADBE Vector Group","hd":false}],"ip":0,"op":102.5,"st":0,"bm":0},{"ddd":0,"ind":4,"ty":4,"nm":"eyes closed","parent":2,"sr":1,"ks":{"o":{"a":1,"k":[{"t":0,"s":[0],"h":1},{"t":22.5,"s":[100],"h":1},{"t":97.5,"s":[0],"h":1}],"ix":11},"r":{"a":0,"k":0,"ix":10},"p":{"s":true,"x":{"a":0,"k":0,"ix":3},"y":{"a":1,"k":[{"i":{"x":[0],"y":[1]},"o":{"x":[0.167],"y":[0.167]},"t":22.5,"s":[-132.171]},{"t":35,"s":[-104.171]}],"ix":4}},"a":{"a":0,"k":[271.468,83.467,0],"ix":1,"l":2},"s":{"a":0,"k":[100,100,100],"ix":6,"l":2}},"ao":0,"shapes":[{"ty":"gr","it":[{"ind":0,"ty":"sh","ix":1,"ks":{"a":1,"k":[{"i":{"x":0.833,"y":1},"o":{"x":0.333,"y":0},"t":25,"s":[{"i":[[-31.542,-3.038],[-17.853,27.119],[-1.501,3.65],[-3.676,-29.286],[0.171,-6.304],[14.673,-13.292],[9.32,-5.383],[35.29,21.772]],"o":[[29.58,4.667],[4.643,-5.964],[12.37,-27.739],[0.526,6.133],[-1.746,26.006],[-14.673,13.292],[-36.361,19.497],[-27.216,-16.879]],"v":[[-55.757,4.521],[27.443,-22.68],[43.923,-55.479],[101.522,-45.878],[102.323,-23.479],[72.306,41.884],[43.922,63.72],[-75.278,61.322]],"c":true}]},{"i":{"x":0.667,"y":1},"o":{"x":0.167,"y":0},"t":35,"s":[{"i":[[-30.506,-3.038],[-17.266,27.119],[-1.452,3.65],[-3.676,-29.286],[0.171,-6.304],[14.673,-13.292],[9.014,-5.383],[34.13,21.772]],"o":[[28.608,4.667],[4.49,-5.964],[11.964,-27.739],[0.526,6.133],[-1.746,26.006],[-14.673,13.292],[-35.166,19.497],[-26.322,-16.879]],"v":[[-52.075,4.521],[28.391,-22.68],[44.329,-55.479],[101.522,-45.878],[102.323,-23.479],[72.306,41.884],[44.328,63.72],[-70.955,61.322]],"c":true}]},{"i":{"x":0.833,"y":1},"o":{"x":0.333,"y":0},"t":47.5,"s":[{"i":[[-31.542,-3.038],[-17.853,27.119],[-1.501,3.65],[-3.676,-29.286],[0.171,-6.304],[14.673,-13.292],[9.32,-5.383],[35.29,21.772]],"o":[[29.58,4.667],[4.643,-5.964],[12.37,-27.739],[0.526,6.133],[-1.746,26.006],[-14.673,13.292],[-36.361,19.497],[-27.216,-16.879]],"v":[[-55.757,4.521],[27.443,-22.68],[43.923,-55.479],[101.522,-45.878],[102.323,-23.479],[72.306,41.884],[43.922,63.72],[-75.278,61.322]],"c":true}]},{"i":{"x":0.667,"y":1},"o":{"x":0.167,"y":0},"t":62.5,"s":[{"i":[[-30.506,-3.038],[-17.266,27.119],[-1.452,3.65],[-3.676,-29.286],[0.171,-6.304],[14.673,-13.292],[9.014,-5.383],[34.13,21.772]],"o":[[28.608,4.667],[4.49,-5.964],[11.964,-27.739],[0.526,6.133],[-1.746,26.006],[-14.673,13.292],[-35.166,19.497],[-26.322,-16.879]],"v":[[-52.075,4.521],[28.391,-22.68],[44.329,-55.479],[101.522,-45.878],[102.323,-23.479],[72.306,41.884],[44.328,63.72],[-70.955,61.322]],"c":true}]},{"t":77.5,"s":[{"i":[[-31.542,-3.038],[-17.853,27.119],[-1.501,3.65],[-3.676,-29.286],[0.171,-6.304],[14.673,-13.292],[9.32,-5.383],[35.29,21.772]],"o":[[29.58,4.667],[4.643,-5.964],[12.37,-27.739],[0.526,6.133],[-1.746,26.006],[-14.673,13.292],[-36.361,19.497],[-27.216,-16.879]],"v":[[-55.757,4.521],[27.443,-22.68],[43.923,-55.479],[101.522,-45.878],[102.323,-23.479],[72.306,41.884],[43.922,63.72],[-75.278,61.322]],"c":true}]}],"ix":2},"nm":"Path 1","mn":"ADBE Vector Shape - Group","hd":false},{"ty":"fl","c":{"a":0,"k":[0.258999992819,0.169000004787,0.051000000449,1],"ix":4},"o":{"a":0,"k":100,"ix":5},"r":1,"bm":0,"nm":"Fill 1","mn":"ADBE Vector Graphic - Fill","hd":false},{"ty":"tr","p":{"a":0,"k":[102.744,83.468],"ix":2},"a":{"a":0,"k":[0,0],"ix":1},"s":{"a":0,"k":[100,100],"ix":3},"r":{"a":0,"k":0,"ix":6},"o":{"a":0,"k":100,"ix":7},"sk":{"a":0,"k":0,"ix":4},"sa":{"a":0,"k":0,"ix":5},"nm":"Transform"}],"nm":"Group 1","np":2,"cix":2,"bm":0,"ix":1,"mn":"ADBE Vector Group","hd":false},{"ty":"gr","it":[{"ind":0,"ty":"sh","ix":1,"ks":{"a":1,"k":[{"i":{"x":0.667,"y":1},"o":{"x":0.333,"y":0},"t":25,"s":[{"i":[[31.542,-3.038],[17.853,27.119],[1.501,3.65],[3.677,-29.286],[-0.172,-6.304],[-14.674,-13.292],[-9.32,-5.383],[-35.291,21.772]],"o":[[-29.581,4.667],[-4.643,-5.964],[-12.37,-27.739],[-0.525,6.133],[1.745,26.006],[14.672,13.292],[36.362,19.497],[27.216,-16.879]],"v":[[55.757,4.521],[-27.443,-22.68],[-43.923,-55.479],[-101.523,-45.878],[-102.323,-23.479],[-72.306,41.884],[-43.923,63.72],[75.278,61.322]],"c":true}]},{"i":{"x":0.833,"y":1},"o":{"x":0.333,"y":0},"t":35,"s":[{"i":[[31.542,-3.038],[17.853,27.119],[1.501,3.65],[3.677,-29.286],[-0.172,-6.304],[-14.674,-13.292],[-9.32,-5.383],[-35.291,21.772]],"o":[[-29.581,4.667],[-4.643,-5.964],[-12.37,-27.739],[-0.525,6.133],[1.745,26.006],[14.672,13.292],[36.362,19.497],[27.216,-16.879]],"v":[[55.757,4.521],[-27.443,-22.68],[-43.923,-55.479],[-101.523,-45.878],[-102.323,-23.479],[-72.306,41.884],[-43.923,63.72],[75.278,61.322]],"c":true}]},{"i":{"x":0.667,"y":1},"o":{"x":0.167,"y":0},"t":47.5,"s":[{"i":[[30.505,-3.038],[17.266,27.119],[1.452,3.65],[3.677,-29.286],[-0.172,-6.304],[-14.674,-13.292],[-9.014,-5.383],[-34.131,21.772]],"o":[[-28.609,4.667],[-4.49,-5.964],[-11.964,-27.739],[-0.525,6.133],[1.745,26.006],[14.672,13.292],[35.167,19.497],[26.322,-16.879]],"v":[[52.076,4.521],[-28.391,-22.68],[-44.329,-55.479],[-101.523,-45.878],[-102.323,-23.479],[-72.306,41.884],[-44.329,63.72],[70.955,61.322]],"c":true}]},{"i":{"x":0.667,"y":1},"o":{"x":0.333,"y":0},"t":62.5,"s":[{"i":[[31.238,-3.038],[17.681,27.119],[1.487,3.65],[3.677,-29.286],[-0.172,-6.304],[-14.674,-13.292],[-9.23,-5.383],[-34.95,21.772]],"o":[[-29.296,4.667],[-4.598,-5.964],[-12.251,-27.739],[-0.525,6.133],[1.745,26.006],[14.672,13.292],[36.011,19.497],[26.953,-16.879]],"v":[[54.676,4.521],[-27.721,-22.68],[-44.042,-55.479],[-101.523,-45.878],[-102.323,-23.479],[-72.306,41.884],[-44.042,63.72],[74.008,61.322]],"c":true}]},{"t":77.5,"s":[{"i":[[31.542,-3.038],[17.853,27.119],[1.501,3.65],[3.677,-29.286],[-0.172,-6.304],[-14.674,-13.292],[-9.32,-5.383],[-35.291,21.772]],"o":[[-29.581,4.667],[-4.643,-5.964],[-12.37,-27.739],[-0.525,6.133],[1.745,26.006],[14.672,13.292],[36.362,19.497],[27.216,-16.879]],"v":[[55.757,4.521],[-27.443,-22.68],[-43.923,-55.479],[-101.523,-45.878],[-102.323,-23.479],[-72.306,41.884],[-43.923,63.72],[75.278,61.322]],"c":true}]}],"ix":2},"nm":"Path 1","mn":"ADBE Vector Shape - Group","hd":false},{"ty":"fl","c":{"a":0,"k":[0.258999992819,0.169000004787,0.051000000449,1],"ix":4},"o":{"a":0,"k":100,"ix":5},"r":1,"bm":0,"nm":"Fill 1","mn":"ADBE Vector Graphic - Fill","hd":false},{"ty":"tr","p":{"a":0,"k":[440.191,83.468],"ix":2},"a":{"a":0,"k":[0,0],"ix":1},"s":{"a":0,"k":[100,100],"ix":3},"r":{"a":0,"k":0,"ix":6},"o":{"a":0,"k":100,"ix":7},"sk":{"a":0,"k":0,"ix":4},"sa":{"a":0,"k":0,"ix":5},"nm":"Transform"}],"nm":"Group 2","np":2,"cix":2,"bm":0,"ix":2,"mn":"ADBE Vector Group","hd":false}],"ip":0,"op":102.5,"st":0,"bm":0},{"ddd":0,"ind":5,"ty":4,"nm":"eyes","parent":2,"sr":1,"ks":{"o":{"a":1,"k":[{"t":0,"s":[100],"h":1},{"t":22.5,"s":[0],"h":1},{"t":97.5,"s":[100],"h":1}],"ix":11},"r":{"a":0,"k":0,"ix":10},"p":{"a":0,"k":[0,-110.101,0],"ix":2,"l":2},"a":{"a":0,"k":[27.45,6.65,0],"ix":1,"l":2},"s":{"a":0,"k":[800,800,100],"ix":6,"l":2}},"ao":0,"shapes":[{"ty":"gr","it":[{"ind":0,"ty":"sh","ix":1,"ks":{"a":0,"k":{"i":[[0.899,0.8],[0,0],[0.7,-1.4],[-0.901,-0.9],[-0.701,1.4]],"o":[[0,0],[-1.4,-0.7],[-0.5,1.1],[1.399,0.7],[0.5,-1.1]],"v":[[1.601,-5.3],[1.601,-5.3],[-2.201,-4],[-1.6,-0.7],[2.201,-2]],"c":true},"ix":2},"nm":"Path 1","mn":"ADBE Vector Shape - Group","hd":false},{"ty":"fl","c":{"a":0,"k":[0.536999990426,0.375999989229,0.141000007181,1],"ix":4},"o":{"a":0,"k":100,"ix":5},"r":1,"bm":0,"nm":"Fill 1","mn":"ADBE Vector Graphic - Fill","hd":false},{"ty":"tr","p":{"a":0,"k":[44.65,6.55],"ix":2},"a":{"a":0,"k":[0,0],"ix":1},"s":{"a":0,"k":[100,100],"ix":3},"r":{"a":0,"k":0,"ix":6},"o":{"a":0,"k":100,"ix":7},"sk":{"a":0,"k":0,"ix":4},"sa":{"a":0,"k":0,"ix":5},"nm":"Transform"}],"nm":"Group 1","np":2,"cix":2,"bm":0,"ix":1,"mn":"ADBE Vector Group","hd":false},{"ty":"gr","it":[{"ind":0,"ty":"sh","ix":1,"ks":{"a":0,"k":{"i":[[4.2,0],[0,0],[0,-5.9],[-4.2,0],[0,5.9]],"o":[[0,0],[-4.2,0],[0,5.9],[4.2,0],[0,-5.9]],"v":[[0,-12.4],[0,-12.4],[-8,-3],[0,6.4],[8,-3]],"c":true},"ix":2},"nm":"Path 1","mn":"ADBE Vector Shape - Group","hd":false},{"ty":"fl","c":{"a":0,"k":[0.258999992819,0.169000004787,0.051000000449,1],"ix":4},"o":{"a":0,"k":100,"ix":5},"r":1,"bm":0,"nm":"Fill 1","mn":"ADBE Vector Graphic - Fill","hd":false},{"ty":"tr","p":{"a":0,"k":[46.65,9.65],"ix":2},"a":{"a":0,"k":[0,0],"ix":1},"s":{"a":0,"k":[100,100],"ix":3},"r":{"a":0,"k":0,"ix":6},"o":{"a":0,"k":100,"ix":7},"sk":{"a":0,"k":0,"ix":4},"sa":{"a":0,"k":0,"ix":5},"nm":"Transform"}],"nm":"Group 2","np":2,"cix":2,"bm":0,"ix":2,"mn":"ADBE Vector Group","hd":false},{"ty":"gr","it":[{"ind":0,"ty":"sh","ix":1,"ks":{"a":0,"k":{"i":[[0.9,0.8],[0,0],[0.7,-1.4],[-0.9,-0.9],[-0.7,1.4]],"o":[[0,0],[-1.4,-0.7],[-0.5,1.1],[1.4,0.7],[0.6,-1.1]],"v":[[1.55,-5.3],[1.55,-5.3],[-2.25,-4],[-1.65,-0.7],[2.15,-2]],"c":true},"ix":2},"nm":"Path 1","mn":"ADBE Vector Shape - Group","hd":false},{"ty":"fl","c":{"a":0,"k":[0.536999990426,0.375999989229,0.141000007181,1],"ix":4},"o":{"a":0,"k":100,"ix":5},"r":1,"bm":0,"nm":"Fill 1","mn":"ADBE Vector Graphic - Fill","hd":false},{"ty":"tr","p":{"a":0,"k":[6.3,6.55],"ix":2},"a":{"a":0,"k":[0,0],"ix":1},"s":{"a":0,"k":[100,100],"ix":3},"r":{"a":0,"k":0,"ix":6},"o":{"a":0,"k":100,"ix":7},"sk":{"a":0,"k":0,"ix":4},"sa":{"a":0,"k":0,"ix":5},"nm":"Transform"}],"nm":"Group 3","np":2,"cix":2,"bm":0,"ix":3,"mn":"ADBE Vector Group","hd":false},{"ty":"gr","it":[{"ind":0,"ty":"sh","ix":1,"ks":{"a":0,"k":{"i":[[4.2,0],[0,0],[0,-5.9],[-4.2,0],[0,5.9]],"o":[[0,0],[-4.2,0],[0,5.9],[4.2,0],[0,-5.9]],"v":[[0,-12.4],[0,-12.4],[-8,-3],[0,6.4],[8,-3]],"c":true},"ix":2},"nm":"Path 1","mn":"ADBE Vector Shape - Group","hd":false},{"ty":"fl","c":{"a":0,"k":[0.258999992819,0.169000004787,0.051000000449,1],"ix":4},"o":{"a":0,"k":100,"ix":5},"r":1,"bm":0,"nm":"Fill 1","mn":"ADBE Vector Graphic - Fill","hd":false},{"ty":"tr","p":{"a":0,"k":[8.25,9.65],"ix":2},"a":{"a":0,"k":[0,0],"ix":1},"s":{"a":0,"k":[100,100],"ix":3},"r":{"a":0,"k":0,"ix":6},"o":{"a":0,"k":100,"ix":7},"sk":{"a":0,"k":0,"ix":4},"sa":{"a":0,"k":0,"ix":5},"nm":"Transform"}],"nm":"Group 4","np":2,"cix":2,"bm":0,"ix":4,"mn":"ADBE Vector Group","hd":false}],"ip":0,"op":102.5,"st":0,"bm":0},{"ddd":0,"ind":6,"ty":4,"nm":"mouth","parent":2,"sr":1,"ks":{"o":{"a":0,"k":100,"ix":11},"r":{"a":0,"k":0,"ix":10},"p":{"s":true,"x":{"a":0,"k":0,"ix":3},"y":{"a":1,"k":[{"i":{"x":[0.667],"y":[1]},"o":{"x":[0.167],"y":[0]},"t":0,"s":[115.303]},{"i":{"x":[0],"y":[1]},"o":{"x":[0.333],"y":[0]},"t":17.5,"s":[115.303]},{"i":{"x":[0],"y":[1]},"o":{"x":[0.167],"y":[0]},"t":35,"s":[160.303]},{"i":{"x":[0.833],"y":[0.833]},"o":{"x":[0.167],"y":[0]},"t":95,"s":[160.303]},{"t":102.5,"s":[115.303]}],"ix":4}},"a":{"a":0,"k":[0,-1.956,0],"ix":1,"l":2},"s":{"a":1,"k":[{"i":{"x":[0.667,0.667,0.667],"y":[1,1,1]},"o":{"x":[0.333,0.333,0.333],"y":[0,0,0]},"t":35,"s":[100,100,100]},{"i":{"x":[0.667,0.667,0.667],"y":[1,1,1]},"o":{"x":[0.333,0.333,0.333],"y":[0,0,0]},"t":80,"s":[100,95,100]},{"i":{"x":[0.833,0.833,0.833],"y":[1,0.833,1]},"o":{"x":[0.333,0.333,0.333],"y":[0,0,0]},"t":95,"s":[100,95,100]},{"t":102.5,"s":[100,100,100]}],"ix":6,"l":2}},"ao":0,"shapes":[{"ty":"gr","it":[{"ind":0,"ty":"sh","ix":1,"ks":{"a":1,"k":[{"i":{"x":0,"y":1},"o":{"x":0.167,"y":0.167},"t":0,"s":[{"i":[[1.761,19.661],[13.333,23.846],[57.832,0],[27.384,-51.234],[0.12,-27.409],[-20.036,-0.952],[-4.523,0.524],[-40.271,0.332],[36.604,-5.749],[3.863,16.563],[-15.755,26.977],[-53.464,0],[-26.715,-46.901],[2.872,-23.29],[15.932,1.771],[40.143,-0.112],[-36.393,-5.995],[-4.73,0.261]],"o":[[-0.12,-27.409],[-27.384,-51.234],[-57.832,0],[-13.333,23.846],[-1.76,19.661],[4.73,0.261],[36.393,-5.995],[-40.143,-0.112],[-15.932,1.771],[-2.872,-23.29],[26.715,-46.901],[53.464,0],[15.755,26.977],[-3.863,16.563],[-36.604,-5.749],[40.271,0.332],[4.523,0.524],[20.036,-0.952]],"v":[[-89.893,-98.409],[-111.105,-174.764],[-251.479,-247.471],[-391.852,-174.764],[-413.064,-98.409],[-379.685,-58.764],[-365.649,-59.382],[-251.479,-70.076],[-366.792,-63.768],[-403.057,-87.594],[-383.222,-167.867],[-251.479,-229.224],[-119.734,-167.867],[-99.9,-87.594],[-136.164,-63.768],[-251.478,-70.076],[-137.308,-59.382],[-123.271,-58.764]],"c":true}]},{"i":{"x":0.667,"y":1},"o":{"x":1,"y":0},"t":7.5,"s":[{"i":[[1.761,19.661],[13.333,27.274],[57.832,0],[27.384,-58.601],[0.12,-27.409],[-20.036,-0.952],[-4.523,0.524],[-40.271,0.332],[36.604,-5.749],[3.863,16.563],[-15.755,30.856],[-53.464,0],[-26.715,-53.645],[2.872,-23.29],[15.932,1.771],[40.143,-0.112],[-36.393,-5.995],[-4.73,0.261]],"o":[[-0.12,-27.409],[-27.384,-58.601],[-57.832,0],[-13.333,27.274],[-1.76,19.661],[4.73,0.261],[36.393,-5.995],[-40.143,-0.112],[-15.932,1.771],[-2.872,-23.29],[26.715,-53.645],[53.464,0],[15.755,30.856],[-3.863,16.563],[-36.604,-5.749],[40.271,0.332],[4.523,0.524],[20.036,-0.952]],"v":[[-89.893,-98.409],[-113.584,-196.491],[-251.458,-280.471],[-389.331,-196.491],[-413.064,-98.409],[-379.685,-58.764],[-365.649,-59.382],[-251.479,-70.076],[-366.792,-63.768],[-403.057,-87.594],[-380.701,-188.602],[-251.458,-262.224],[-122.213,-188.602],[-99.9,-87.594],[-136.164,-63.768],[-251.478,-70.076],[-137.308,-59.382],[-123.271,-58.764]],"c":true}]},{"i":{"x":0.833,"y":0.833},"o":{"x":1,"y":0},"t":17.5,"s":[{"i":[[1.761,19.661],[13.333,27.274],[57.832,0],[27.384,-58.601],[0.12,-27.409],[-20.036,-0.952],[-4.523,0.524],[-40.271,0.332],[36.604,-5.749],[3.863,16.563],[-15.755,30.856],[-53.464,0],[-26.715,-53.645],[2.872,-23.29],[15.932,1.771],[40.143,-0.112],[-36.393,-5.995],[-4.73,0.261]],"o":[[-0.12,-27.409],[-27.384,-58.601],[-57.832,0],[-13.333,27.274],[-1.76,19.661],[4.73,0.261],[36.393,-5.995],[-40.143,-0.112],[-15.932,1.771],[-2.872,-23.29],[26.715,-53.645],[53.464,0],[15.755,30.856],[-3.863,16.563],[-36.604,-5.749],[40.271,0.332],[4.523,0.524],[20.036,-0.952]],"v":[[-89.893,-98.409],[-113.584,-196.491],[-251.458,-280.471],[-389.331,-196.491],[-413.064,-98.409],[-379.685,-58.764],[-365.649,-59.382],[-251.479,-70.076],[-366.792,-63.768],[-403.057,-87.594],[-380.701,-188.602],[-251.458,-262.224],[-122.213,-188.602],[-99.9,-87.594],[-136.164,-63.768],[-251.478,-70.076],[-137.308,-59.382],[-123.271,-58.764]],"c":true}]},{"i":{"x":0,"y":1},"o":{"x":0.167,"y":0.167},"t":22.5,"s":[{"i":[[2.36,26.311],[17.87,33.175],[77.508,0],[36.701,-71.278],[0.16,-36.679],[-26.854,-1.274],[-6.062,1.608],[-53.973,1.018],[49.057,-17.627],[5.177,22.165],[-20.325,36.178],[-71.655,0],[-35.804,-65.25],[4.64,-37.573],[21.353,5.43],[53.801,-0.344],[-48.776,-18.381],[-6.34,0.349]],"o":[[-0.16,-36.679],[-36.701,-71.278],[-77.508,0],[-17.87,33.175],[-2.36,26.311],[6.34,0.349],[48.776,-18.381],[-53.801,-0.344],[-21.353,5.43],[-4.64,-37.573],[35.804,-65.25],[71.655,0],[20.325,36.178],[-5.177,22.165],[-49.057,-17.627],[53.972,1.018],[6.062,1.608],[26.854,-1.274]],"v":[[-34.916,-81.086],[-64.258,-193.212],[-251.472,-292.726],[-438.684,-193.212],[-468.041,-81.086],[-423.306,-28.031],[-404.494,-30.026],[-251.479,-62.815],[-406.027,-35.38],[-456.573,-64.673],[-427.118,-185.556],[-251.472,-271.216],[-75.823,-185.556],[-46.383,-64.673],[-96.93,-35.38],[-251.477,-62.815],[-98.463,-30.026],[-79.65,-28.031]],"c":true}]},{"i":{"x":0.667,"y":1},"o":{"x":0.333,"y":0},"t":35,"s":[{"i":[[2.709,30.191],[20.517,36.618],[88.989,0],[42.138,-78.675],[-2.691,-42.003],[-30.859,0.647],[-6.791,2.71],[-61.967,1.419],[54.515,-28.346],[7.667,24.968],[-22.991,39.284],[-82.269,0],[-41.107,-72.021],[5.672,-45.907],[24.515,7.565],[61.77,-0.479],[-56.001,-25.607],[-7.279,0.401]],"o":[[-0.184,-42.089],[-42.138,-78.675],[-88.989,0],[-20.517,36.618],[-0.641,30.305],[7.289,-0.097],[54.121,-29.372],[-61.771,-0.479],[-23.942,9.221],[-8.794,-45.412],[41.107,-72.021],[82.269,0],[22.991,39.284],[-5.944,25.434],[-56.324,-24.557],[61.967,1.419],[6.96,2.24],[30.831,-1.462]],"v":[[-2.837,-70.978],[-35.477,-191.299],[-251.479,-299.876],[-467.48,-191.299],[-492.279,-68.467],[-436.88,-11.238],[-415.523,-15.506],[-251.479,-58.578],[-417.683,-21.29],[-478.643,-49.676],[-454.201,-183.778],[-251.479,-276.462],[-48.756,-183.778],[-15.158,-51.299],[-74.038,-18.817],[-251.477,-58.578],[-75.797,-12.898],[-54.198,-10.099]],"c":true}]},{"i":{"x":0.667,"y":1},"o":{"x":0.333,"y":0},"t":47.5,"s":[{"i":[[1.287,30.285],[20.517,36.618],[88.989,0],[42.138,-78.675],[0.184,-42.089],[-30.831,-1.462],[-6.96,2.24],[-61.967,1.419],[56.324,-24.557],[5.944,25.434],[-22.991,39.284],[-82.269,0],[-41.107,-72.021],[7.824,-45.589],[24.133,8.709],[61.77,-0.479],[-54.735,-28.212],[-7.29,0.058]],"o":[[1.795,-42.051],[-42.138,-78.675],[-88.989,0],[-20.517,36.618],[-2.709,30.191],[7.279,0.401],[56.001,-25.607],[-61.771,-0.479],[-24.516,7.565],[-5.672,-45.907],[41.107,-72.021],[82.269,0],[22.991,39.284],[-7.133,25.126],[-55.107,-27.178],[61.967,1.419],[6.847,2.565],[30.866,-0.011]],"v":[[-7.755,-68.712],[-35.477,-191.299],[-251.479,-299.876],[-467.48,-191.299],[-500.119,-70.978],[-448.758,-10.099],[-427.159,-12.898],[-251.479,-58.578],[-428.919,-18.817],[-487.799,-51.299],[-454.201,-183.778],[-251.479,-276.462],[-48.756,-183.778],[-20.987,-49.633],[-81.329,-19.955],[-251.477,-58.578],[-83.365,-14.126],[-61.921,-10.314]],"c":true}]},{"i":{"x":0.667,"y":1},"o":{"x":0.333,"y":0},"t":62.5,"s":[{"i":[[2.208,30.224],[20.517,36.618],[88.989,0],[42.138,-78.675],[-1.679,-42.033],[-30.849,-0.095],[-6.85,2.545],[-61.967,1.419],[55.152,-27.012],[7.06,25.132],[-22.991,39.284],[-82.269,0],[-41.107,-72.021],[6.429,-45.795],[24.381,7.967],[61.77,-0.479],[-55.555,-26.524],[-7.283,0.28]],"o":[[0.512,-42.075],[-42.138,-78.675],[-88.989,0],[-20.517,36.618],[-1.369,30.265],[7.286,0.078],[54.783,-28.047],[-61.771,-0.479],[-24.144,8.638],[-7.695,-45.586],[41.107,-72.021],[82.269,0],[22.991,39.284],[-6.362,25.325],[-55.896,-25.48],[61.967,1.419],[6.92,2.354],[30.843,-0.951]],"v":[[-4.568,-70.18],[-35.477,-191.299],[-251.479,-299.876],[-467.48,-191.299],[-495.039,-69.351],[-441.061,-10.837],[-419.619,-14.588],[-251.479,-58.578],[-421.638,-20.42],[-481.866,-50.247],[-454.201,-183.778],[-251.479,-276.462],[-48.756,-183.778],[-17.21,-50.713],[-76.604,-19.218],[-251.477,-58.578],[-78.461,-13.33],[-56.917,-10.175]],"c":true}]},{"i":{"x":0,"y":1},"o":{"x":0.333,"y":0},"t":77.5,"s":[{"i":[[2.709,30.191],[20.517,36.618],[88.989,0],[42.138,-78.675],[0.184,-42.089],[-30.831,-1.462],[-6.96,2.24],[-61.967,1.419],[56.324,-24.557],[5.944,25.434],[-22.991,39.284],[-82.269,0],[-41.107,-72.021],[5.672,-45.907],[24.515,7.565],[61.77,-0.479],[-56.001,-25.607],[-7.279,0.401]],"o":[[-0.184,-42.089],[-42.138,-78.675],[-88.989,0],[-20.517,36.618],[-2.709,30.191],[7.279,0.401],[56.001,-25.607],[-61.771,-0.479],[-24.516,7.565],[-5.672,-45.907],[41.107,-72.021],[82.269,0],[22.991,39.284],[-5.944,25.434],[-56.324,-24.557],[61.967,1.419],[6.96,2.24],[30.831,-1.462]],"v":[[-2.837,-70.978],[-35.477,-191.299],[-251.479,-299.876],[-467.48,-191.299],[-500.119,-70.978],[-448.758,-10.099],[-427.159,-12.898],[-251.479,-58.578],[-428.919,-18.817],[-487.799,-51.299],[-454.201,-183.778],[-251.479,-276.462],[-48.756,-183.778],[-15.158,-51.299],[-74.038,-18.817],[-251.477,-58.578],[-75.797,-12.898],[-54.198,-10.099]],"c":true}]},{"i":{"x":0.833,"y":0.833},"o":{"x":0.167,"y":0},"t":95,"s":[{"i":[[2.709,30.191],[20.517,36.618],[88.989,0],[42.138,-78.675],[0.184,-42.089],[-30.831,-1.462],[-6.96,2.24],[-61.967,1.419],[56.324,-24.557],[5.944,25.434],[-22.991,39.284],[-82.269,0],[-41.107,-72.021],[5.672,-45.907],[24.515,7.565],[61.77,-0.479],[-56.001,-25.607],[-7.279,0.401]],"o":[[-0.184,-42.089],[-42.138,-78.675],[-88.989,0],[-20.517,36.618],[-2.709,30.191],[7.279,0.401],[56.001,-25.607],[-61.771,-0.479],[-24.516,7.565],[-5.672,-45.907],[41.107,-72.021],[82.269,0],[22.991,39.284],[-5.944,25.434],[-56.324,-24.557],[61.967,1.419],[6.96,2.24],[30.831,-1.462]],"v":[[-2.837,-70.978],[-35.477,-191.299],[-251.479,-299.876],[-467.48,-191.299],[-500.119,-70.978],[-448.758,-10.099],[-427.159,-12.898],[-251.479,-58.578],[-428.919,-18.817],[-487.799,-51.299],[-454.201,-183.778],[-251.479,-276.462],[-48.756,-183.778],[-15.158,-51.299],[-74.038,-18.817],[-251.477,-58.578],[-75.797,-12.898],[-54.198,-10.099]],"c":true}]},{"t":102.5,"s":[{"i":[[1.761,19.661],[13.333,23.846],[57.832,0],[27.384,-51.234],[0.12,-27.409],[-20.036,-0.952],[-4.523,0.524],[-40.271,0.332],[36.604,-5.749],[3.863,16.563],[-15.755,26.977],[-53.464,0],[-26.715,-46.901],[2.872,-23.29],[15.932,1.771],[40.143,-0.112],[-36.393,-5.995],[-4.73,0.261]],"o":[[-0.12,-27.409],[-27.384,-51.234],[-57.832,0],[-13.333,23.846],[-1.76,19.661],[4.73,0.261],[36.393,-5.995],[-40.143,-0.112],[-15.932,1.771],[-2.872,-23.29],[26.715,-46.901],[53.464,0],[15.755,26.977],[-3.863,16.563],[-36.604,-5.749],[40.271,0.332],[4.523,0.524],[20.036,-0.952]],"v":[[-89.893,-98.409],[-111.105,-174.764],[-251.479,-247.471],[-391.852,-174.764],[-413.064,-98.409],[-379.685,-58.764],[-365.649,-59.382],[-251.479,-70.076],[-366.792,-63.768],[-403.057,-87.594],[-383.222,-167.867],[-251.479,-229.224],[-119.734,-167.867],[-99.9,-87.594],[-136.164,-63.768],[-251.478,-70.076],[-137.308,-59.382],[-123.271,-58.764]],"c":true}]}],"ix":2},"nm":"Path 1","mn":"ADBE Vector Shape - Group","hd":false},{"ty":"fl","c":{"a":0,"k":[0.921568627451,0.560784313725,0,1],"ix":4},"o":{"a":0,"k":100,"ix":5},"r":1,"bm":0,"nm":"Fill 1","mn":"ADBE Vector Graphic - Fill","hd":false},{"ty":"tr","p":{"a":0,"k":[251.478,152.987],"ix":2},"a":{"a":0,"k":[0,0],"ix":1},"s":{"a":0,"k":[100,100],"ix":3},"r":{"a":0,"k":0,"ix":6},"o":{"a":0,"k":100,"ix":7},"sk":{"a":0,"k":0,"ix":4},"sa":{"a":0,"k":0,"ix":5},"nm":"Transform"}],"nm":"Group 3","np":2,"cix":2,"bm":0,"ix":1,"mn":"ADBE Vector Group","hd":false},{"ty":"gr","it":[{"ind":0,"ty":"sh","ix":1,"ks":{"a":1,"k":[{"i":{"x":0,"y":1},"o":{"x":0.167,"y":0.167},"t":0,"s":[{"i":[[-43.411,-13.024],[47.259,0],[29.998,-49.649],[-45.907,-0.521]],"o":[[-31.402,-49.493],[-51.366,0],[43.931,-13.285],[45.283,-0.573]],"v":[[-116.457,-83.818],[-250.279,-146.813],[-385.817,-81.297],[-250.279,-102.573]],"c":true}]},{"i":{"x":0.667,"y":1},"o":{"x":1,"y":0},"t":7.5,"s":[{"i":[[-43.411,-14.897],[47.259,0],[29.998,-56.787],[-45.907,-0.596]],"o":[[-31.402,-56.608],[-51.366,0],[43.931,-15.195],[45.283,-0.655]],"v":[[-118.936,-105.845],[-250.258,-179.813],[-383.296,-102.962],[-250.258,-127.297]],"c":true}]},{"i":{"x":0.833,"y":0.833},"o":{"x":1,"y":0},"t":17.5,"s":[{"i":[[-43.411,-14.897],[47.259,0],[29.998,-56.787],[-45.907,-0.596]],"o":[[-31.402,-56.608],[-51.366,0],[43.931,-15.195],[45.283,-0.655]],"v":[[-118.936,-105.845],[-250.258,-179.813],[-383.296,-102.962],[-250.258,-127.297]],"c":true}]},{"i":{"x":0,"y":1},"o":{"x":0.167,"y":0.167},"t":22.5,"s":[{"i":[[-58.182,-18.12],[63.338,0],[40.205,-69.072],[-61.526,-0.725]],"o":[[-42.086,-68.855],[-68.843,0],[58.879,-18.482],[60.69,-0.797]],"v":[[-71.839,-102.115],[-250.272,-189.491],[-431.003,-100.547],[-250.272,-128.207]],"c":true}]},{"i":{"x":0.667,"y":1},"o":{"x":0.333,"y":0},"t":35,"s":[{"i":[[-66.8,-20],[72.72,0],[46.16,-76.24],[-70.64,-0.8]],"o":[[-48.32,-76],[-79.04,0],[67.6,-20.4],[69.68,-0.88]],"v":[[-44.359,-99.938],[-250.279,-195.138],[-458.839,-99.138],[-250.279,-128.738]],"c":true}]},{"i":{"x":0.667,"y":1},"o":{"x":0.333,"y":0},"t":47.5,"s":[{"i":[[-66.8,-20],[72.72,0],[46.16,-76.24],[-70.64,-0.8]],"o":[[-48.32,-76],[-79.04,0],[67.6,-20.4],[69.68,-0.88]],"v":[[-44.359,-99.938],[-250.279,-195.138],[-458.839,-99.138],[-250.279,-128.738]],"c":true}]},{"i":{"x":0.667,"y":1},"o":{"x":0.333,"y":0},"t":62.5,"s":[{"i":[[-66.8,-20],[72.72,0],[46.16,-76.24],[-70.64,-0.8]],"o":[[-48.32,-76],[-79.04,0],[67.6,-20.4],[69.68,-0.88]],"v":[[-44.359,-99.938],[-250.279,-195.138],[-458.839,-99.138],[-250.279,-128.738]],"c":true}]},{"i":{"x":0,"y":1},"o":{"x":0.333,"y":0},"t":77.5,"s":[{"i":[[-66.8,-20],[72.72,0],[46.16,-76.24],[-70.64,-0.8]],"o":[[-48.32,-76],[-79.04,0],[67.6,-20.4],[69.68,-0.88]],"v":[[-44.359,-99.938],[-250.279,-195.138],[-458.839,-99.138],[-250.279,-128.738]],"c":true}]},{"i":{"x":0.833,"y":0.833},"o":{"x":0.167,"y":0},"t":95,"s":[{"i":[[-66.8,-20],[72.72,0],[46.16,-76.24],[-70.64,-0.8]],"o":[[-48.32,-76],[-79.04,0],[67.6,-20.4],[69.68,-0.88]],"v":[[-44.359,-99.938],[-250.279,-195.138],[-458.839,-99.138],[-250.279,-128.738]],"c":true}]},{"t":102.5,"s":[{"i":[[-43.411,-13.024],[47.259,0],[29.998,-49.649],[-45.907,-0.521]],"o":[[-31.402,-49.493],[-51.366,0],[43.931,-13.285],[45.283,-0.573]],"v":[[-116.457,-83.818],[-250.279,-146.813],[-385.817,-81.297],[-250.279,-102.573]],"c":true}]}],"ix":2},"nm":"Path 1","mn":"ADBE Vector Shape - Group","hd":false},{"ty":"fl","c":{"a":0,"k":[1,1,1,1],"ix":4},"o":{"a":0,"k":100,"ix":5},"r":1,"bm":0,"nm":"Fill 1","mn":"ADBE Vector Graphic - Fill","hd":false},{"ty":"tr","p":{"a":0,"k":[250.278,59.947],"ix":2},"a":{"a":0,"k":[0,0],"ix":1},"s":{"a":0,"k":[100,100],"ix":3},"r":{"a":0,"k":0,"ix":6},"o":{"a":0,"k":100,"ix":7},"sk":{"a":0,"k":0,"ix":4},"sa":{"a":0,"k":0,"ix":5},"nm":"Transform"}],"nm":"Group 2","np":2,"cix":2,"bm":0,"ix":2,"mn":"ADBE Vector Group","hd":false},{"ty":"gr","it":[{"ind":0,"ty":"sh","ix":1,"ks":{"a":1,"k":[{"i":{"x":0,"y":1},"o":{"x":0.167,"y":0.167},"t":0,"s":[{"i":[[16.169,24.798],[70.578,0],[31.558,-41.365],[0.208,-29.174],[-18.3,-0.26],[-4.679,0.716],[-38.473,0.254],[-34.833,-5.009],[-8.162,16.463],[0.104,5.262]],"o":[[-29.27,-40.428],[-70.578,0],[-15.233,24.85],[-0.26,18.338],[5.251,0.052],[34.885,-4.993],[38.524,0.223],[16.377,2.481],[2.34,-4.741],[-0.312,-29.643]],"v":[[-117.779,-170.209],[-251.601,-232.205],[-387.138,-169.428],[-410.69,-86.853],[-378.04,-53.198],[-362.859,-54.233],[-251.601,-62.184],[-140.342,-54.233],[-95.943,-71.641],[-92.512,-86.853]],"c":true}]},{"i":{"x":0.667,"y":1},"o":{"x":1,"y":0},"t":7.5,"s":[{"i":[[16.169,28.364],[70.578,0],[31.558,-47.313],[0.208,-29.174],[-18.3,-0.26],[-4.679,0.716],[-38.473,0.254],[-34.833,-5.009],[-8.162,16.463],[0.104,5.262]],"o":[[-29.27,-46.24],[-70.578,0],[-15.233,28.423],[-0.26,18.338],[5.251,0.052],[34.885,-4.993],[38.524,0.223],[16.377,2.481],[2.34,-4.741],[-0.312,-29.643]],"v":[[-120.258,-192.381],[-251.58,-265.205],[-384.617,-191.487],[-410.69,-86.853],[-378.04,-53.198],[-362.859,-54.233],[-251.601,-62.184],[-140.342,-54.233],[-95.943,-71.641],[-92.512,-86.853]],"c":true}]},{"i":{"x":0.833,"y":0.833},"o":{"x":1,"y":0},"t":17.5,"s":[{"i":[[16.169,28.364],[70.578,0],[31.558,-47.313],[0.208,-29.174],[-18.3,-0.26],[-4.679,0.716],[-38.473,0.254],[-34.833,-5.009],[-8.162,16.463],[0.104,5.262]],"o":[[-29.27,-46.24],[-70.578,0],[-15.233,28.423],[-0.26,18.338],[5.251,0.052],[34.885,-4.993],[38.524,0.223],[16.377,2.481],[2.34,-4.741],[-0.312,-29.643]],"v":[[-120.258,-192.381],[-251.58,-265.205],[-384.617,-191.487],[-410.69,-86.853],[-378.04,-53.198],[-362.859,-54.233],[-251.601,-62.184],[-140.342,-54.233],[-95.943,-71.641],[-92.512,-86.853]],"c":true}]},{"i":{"x":0,"y":1},"o":{"x":0.167,"y":0.167},"t":22.5,"s":[{"i":[[21.67,34.5],[94.591,0],[42.295,-57.548],[0.279,-39.042],[-24.527,-0.349],[-6.271,2.537],[-51.562,0.902],[-46.685,-17.76],[-10.94,22.031],[0.139,7.041]],"o":[[-39.229,-56.243],[-94.591,0],[-20.416,34.572],[-0.348,24.541],[7.038,0.07],[46.755,-17.704],[51.632,0.789],[21.949,8.795],[3.135,-6.344],[-0.418,-39.67]],"v":[[-73.161,-187.928],[-251.593,-274.883],[-432.325,-186.84],[-464.818,-68.208],[-421.06,-23.17],[-400.714,-26.886],[-251.601,-55.077],[-102.488,-26.886],[-42.982,-47.851],[-38.384,-68.208]],"c":true}]},{"i":{"x":0.667,"y":1},"o":{"x":0.333,"y":0},"t":35,"s":[{"i":[[24.88,38.08],[108.602,0],[48.56,-63.52],[-2.74,-44.717],[-28.122,1.524],[-6.937,4.083],[-59.2,1.28],[-53.6,-25.2],[-12.56,25.28],[0.16,8.08]],"o":[[-45.04,-62.08],[-108.602,0],[-23.44,38.16],[1.524,28.122],[8.067,-0.472],[51.839,-28.727],[59.28,1.12],[25.2,12.48],[3.6,-7.28],[-0.48,-45.52]],"v":[[-45.681,-185.329],[-251.601,-280.529],[-460.161,-184.129],[-488.16,-55.095],[-434.508,-6.967],[-411.563,-13.83],[-251.601,-50.929],[-80.401,-10.929],[-12.081,-33.969],[-6.801,-57.329]],"c":true}]},{"i":{"x":0.667,"y":1},"o":{"x":0.333,"y":0},"t":47.5,"s":[{"i":[[24.88,38.08],[108.602,0],[48.56,-63.52],[0.32,-44.8],[-28.16,-0.4],[-7.2,3.6],[-59.2,1.28],[-52.356,-27.692],[-13.688,24.687],[-0.22,8.078]],"o":[[-45.04,-62.08],[-108.602,0],[-23.44,38.16],[-0.4,28.16],[8.08,0.08],[53.68,-25.12],[59.28,1.12],[24.586,13.651],[3.938,-7.103],[1.66,-45.492]],"v":[[-45.681,-185.329],[-251.601,-280.529],[-460.161,-184.129],[-496.401,-57.329],[-446.161,-5.649],[-422.801,-10.929],[-251.601,-50.929],[-87.697,-12.362],[-18.369,-32.164],[-11.997,-55.25]],"c":true}]},{"i":{"x":0.667,"y":1},"o":{"x":0.333,"y":0},"t":62.5,"s":[{"i":[[24.88,38.08],[108.602,0],[48.56,-63.52],[-1.663,-44.746],[-28.135,0.847],[-7.03,3.913],[-59.2,1.28],[-53.162,-26.077],[-12.957,25.071],[0.026,8.079]],"o":[[-45.04,-62.08],[-108.602,0],[-23.44,38.16],[0.847,28.135],[8.071,-0.278],[52.487,-27.458],[59.28,1.12],[24.984,12.892],[3.719,-7.218],[0.273,-45.51]],"v":[[-45.681,-185.329],[-251.601,-280.529],[-460.161,-184.129],[-491.061,-55.882],[-438.61,-6.503],[-415.519,-12.809],[-251.601,-50.929],[-82.969,-11.434],[-14.294,-33.334],[-8.63,-56.598]],"c":true}]},{"i":{"x":0,"y":1},"o":{"x":0.333,"y":0},"t":77.5,"s":[{"i":[[24.88,38.08],[108.602,0],[48.56,-63.52],[0.32,-44.8],[-28.16,-0.4],[-7.2,3.6],[-59.2,1.28],[-53.6,-25.2],[-12.56,25.28],[0.16,8.08]],"o":[[-45.04,-62.08],[-108.602,0],[-23.44,38.16],[-0.4,28.16],[8.08,0.08],[53.68,-25.12],[59.28,1.12],[25.2,12.48],[3.6,-7.28],[-0.48,-45.52]],"v":[[-45.681,-185.329],[-251.601,-280.529],[-460.161,-184.129],[-496.401,-57.329],[-446.161,-5.649],[-422.801,-10.929],[-251.601,-50.929],[-80.401,-10.929],[-12.081,-33.969],[-6.801,-57.329]],"c":true}]},{"i":{"x":0.833,"y":0.833},"o":{"x":0.167,"y":0},"t":95,"s":[{"i":[[24.88,38.08],[108.602,0],[48.56,-63.52],[0.32,-44.8],[-28.16,-0.4],[-7.2,3.6],[-59.2,1.28],[-53.6,-25.2],[-12.56,25.28],[0.16,8.08]],"o":[[-45.04,-62.08],[-108.602,0],[-23.44,38.16],[-0.4,28.16],[8.08,0.08],[53.68,-25.12],[59.28,1.12],[25.2,12.48],[3.6,-7.28],[-0.48,-45.52]],"v":[[-45.681,-185.329],[-251.601,-280.529],[-460.161,-184.129],[-496.401,-57.329],[-446.161,-5.649],[-422.801,-10.929],[-251.601,-50.929],[-80.401,-10.929],[-12.081,-33.969],[-6.801,-57.329]],"c":true}]},{"t":102.5,"s":[{"i":[[16.169,24.798],[70.578,0],[31.558,-41.365],[0.208,-29.174],[-18.3,-0.26],[-4.679,0.716],[-38.473,0.254],[-34.833,-5.009],[-8.162,16.463],[0.104,5.262]],"o":[[-29.27,-40.428],[-70.578,0],[-15.233,24.85],[-0.26,18.338],[5.251,0.052],[34.885,-4.993],[38.524,0.223],[16.377,2.481],[2.34,-4.741],[-0.312,-29.643]],"v":[[-117.779,-170.209],[-251.601,-232.205],[-387.138,-169.428],[-410.69,-86.853],[-378.04,-53.198],[-362.859,-54.233],[-251.601,-62.184],[-140.342,-54.233],[-95.943,-71.641],[-92.512,-86.853]],"c":true}]}],"ix":2},"nm":"Path 1","mn":"ADBE Vector Shape - Group","hd":false},{"ty":"fl","c":{"a":0,"k":[0.258823529412,0.16862745098,0.050980392157,1],"ix":4},"o":{"a":0,"k":100,"ix":5},"r":1,"bm":0,"nm":"Fill 1","mn":"ADBE Vector Graphic - Fill","hd":false},{"ty":"tr","p":{"a":0,"k":[251.6,145.339],"ix":2},"a":{"a":0,"k":[0,0],"ix":1},"s":{"a":0,"k":[100,100],"ix":3},"r":{"a":0,"k":0,"ix":6},"o":{"a":0,"k":100,"ix":7},"sk":{"a":0,"k":0,"ix":4},"sa":{"a":0,"k":0,"ix":5},"nm":"Transform"}],"nm":"Group 1","np":2,"cix":2,"bm":0,"ix":3,"mn":"ADBE Vector Group","hd":false}],"ip":0,"op":102.5,"st":0,"bm":0},{"ddd":0,"ind":7,"ty":4,"nm":"base matte","parent":9,"td":1,"sr":1,"ks":{"o":{"a":0,"k":100,"ix":11},"r":{"a":0,"k":0,"ix":10},"p":{"a":0,"k":[-2,-3,0],"ix":2,"l":2},"a":{"a":0,"k":[0,0,0],"ix":1,"l":2},"s":{"a":0,"k":[100,100,100],"ix":6,"l":2}},"ao":0,"shapes":[{"ty":"gr","it":[{"ind":0,"ty":"sh","ix":1,"ks":{"a":0,"k":{"i":[[15.4,0],[0,38.4],[-27.9,0],[-10.6,-9.3],[0,-16.9],[11.5,-10.2]],"o":[[-27.9,0],[0,-38.4],[15.5,0],[11.5,10.2],[0,16.9],[-10.6,9.3]],"v":[[0,55.9],[-58,0],[0,-55.9],[40.4,-41.5],[58,0],[40.4,41.4]],"c":true},"ix":2},"nm":"Path 1","mn":"ADBE Vector Shape - Group","hd":false},{"ty":"gf","o":{"a":0,"k":100,"ix":10},"r":1,"bm":0,"g":{"p":5,"k":{"a":0,"k":[0.48,0.992,0.878,0.188,0.691,0.98,0.816,0.178,0.902,0.969,0.753,0.169,0.966,0.963,0.694,0.153,1,0.957,0.635,0.137],"ix":9}},"s":{"a":0,"k":[0,0],"ix":5},"e":{"a":0,"k":[56.225,0],"ix":6},"t":2,"h":{"a":0,"k":0,"ix":7},"a":{"a":0,"k":0,"ix":8},"nm":"Gradient Fill 1","mn":"ADBE Vector Graphic - G-Fill","hd":false},{"ty":"tr","p":{"a":0,"k":[0,0],"ix":2},"a":{"a":0,"k":[0,0],"ix":1},"s":{"a":0,"k":[100,100],"ix":3},"r":{"a":0,"k":0,"ix":6},"o":{"a":0,"k":100,"ix":7},"sk":{"a":0,"k":0,"ix":4},"sa":{"a":0,"k":0,"ix":5},"nm":"Transform"}],"nm":"Group 1","np":2,"cix":2,"bm":0,"ix":1,"mn":"ADBE Vector Group","hd":false}],"ip":0,"op":102.5,"st":0,"bm":0},{"ddd":0,"ind":8,"ty":4,"nm":"base shadow","parent":9,"tt":2,"sr":1,"ks":{"o":{"a":0,"k":100,"ix":11},"r":{"a":0,"k":0,"ix":10},"p":{"a":0,"k":[0,0,0],"ix":2,"l":2},"a":{"a":0,"k":[0,0,0],"ix":1,"l":2},"s":{"a":0,"k":[100,100,100],"ix":6,"l":2}},"ao":0,"shapes":[{"ty":"gr","it":[{"ind":0,"ty":"sh","ix":1,"ks":{"a":0,"k":{"i":[[15.4,0],[0,38.4],[-27.9,0],[-10.6,-9.3],[0,-16.9],[11.5,-10.2]],"o":[[-27.9,0],[0,-38.4],[15.5,0],[11.5,10.2],[0,16.9],[-10.6,9.3]],"v":[[0,55.9],[-58,0],[0,-55.9],[40.4,-41.5],[58,0],[40.4,41.4]],"c":true},"ix":2},"nm":"Path 1","mn":"ADBE Vector Shape - Group","hd":false},{"ty":"fl","c":{"a":0,"k":[0.921568627451,0.560784313725,0,1],"ix":4},"o":{"a":0,"k":100,"ix":5},"r":1,"bm":0,"nm":"Fill 1","mn":"ADBE Vector Graphic - Fill","hd":false},{"ty":"tr","p":{"a":0,"k":[0,0],"ix":2},"a":{"a":0,"k":[0,0],"ix":1},"s":{"a":0,"k":[100,100],"ix":3},"r":{"a":0,"k":0,"ix":6},"o":{"a":0,"k":100,"ix":7},"sk":{"a":0,"k":0,"ix":4},"sa":{"a":0,"k":0,"ix":5},"nm":"Transform"}],"nm":"Group 1","np":2,"cix":2,"bm":0,"ix":1,"mn":"ADBE Vector Group","hd":false}],"ip":0,"op":102.5,"st":0,"bm":0},{"ddd":0,"ind":9,"ty":4,"nm":"base normal","parent":1,"sr":1,"ks":{"o":{"a":0,"k":100,"ix":11},"r":{"a":0,"k":0,"ix":10},"p":{"a":0,"k":[0,0,0],"ix":2,"l":2},"a":{"a":0,"k":[0,0,0],"ix":1,"l":2},"s":{"a":0,"k":[800,800,100],"ix":6,"l":2}},"ao":0,"shapes":[{"ty":"gr","it":[{"ind":0,"ty":"sh","ix":1,"ks":{"a":0,"k":{"i":[[15.4,0],[0,38.4],[-27.9,0],[-10.6,-9.3],[0,-16.9],[11.5,-10.2]],"o":[[-27.9,0],[0,-38.4],[15.5,0],[11.5,10.2],[0,16.9],[-10.6,9.3]],"v":[[0,55.9],[-58,0],[0,-55.9],[40.4,-41.5],[58,0],[40.4,41.4]],"c":true},"ix":2},"nm":"Path 1","mn":"ADBE Vector Shape - Group","hd":false},{"ty":"gf","o":{"a":0,"k":100,"ix":10},"r":1,"bm":0,"g":{"p":5,"k":{"a":0,"k":[0.48,0.992,0.878,0.188,0.691,0.98,0.816,0.178,0.902,0.969,0.753,0.169,0.966,0.963,0.694,0.153,1,0.957,0.635,0.137],"ix":9}},"s":{"a":0,"k":[0,0],"ix":5},"e":{"a":0,"k":[56.225,0],"ix":6},"t":2,"h":{"a":0,"k":0,"ix":7},"a":{"a":0,"k":0,"ix":8},"nm":"Gradient Fill 1","mn":"ADBE Vector Graphic - G-Fill","hd":false},{"ty":"tr","p":{"a":0,"k":[0,0],"ix":2},"a":{"a":0,"k":[0,0],"ix":1},"s":{"a":0,"k":[100,100],"ix":3},"r":{"a":0,"k":0,"ix":6},"o":{"a":0,"k":100,"ix":7},"sk":{"a":0,"k":0,"ix":4},"sa":{"a":0,"k":0,"ix":5},"nm":"Transform"}],"nm":"Group 1","np":2,"cix":2,"bm":0,"ix":1,"mn":"ADBE Vector Group","hd":false}],"ip":0,"op":102.5,"st":0,"bm":0}],"markers":[{"tm":84,"cm":"rest","dr":0}]}