{"v":"5.8.1","fr":60,"ip":0,"op":105,"w":1024,"h":1024,"nm":"emoji_blowing-kiss ok","ddd":0,"assets":[{"id":"comp_0","nm":"emoji_blowing-kiss","fr":60,"layers":[{"ddd":0,"ind":1,"ty":3,"nm":"Null FACE","sr":1,"ks":{"o":{"a":0,"k":0,"ix":11},"r":{"a":0,"k":0,"ix":10},"p":{"s":true,"x":{"a":0,"k":512,"ix":3},"y":{"a":1,"k":[{"i":{"x":[0.667],"y":[1]},"o":{"x":[0.333],"y":[0]},"t":0,"s":[512]},{"i":{"x":[0.29],"y":[1]},"o":{"x":[0.333],"y":[0]},"t":10,"s":[512]},{"i":{"x":[0.833],"y":[0.833]},"o":{"x":[0.47],"y":[0]},"t":22.5,"s":[482]},{"i":{"x":[0.833],"y":[0.833]},"o":{"x":[0.234],"y":[0.132]},"t":40,"s":[524.048]},{"i":{"x":[0.212],"y":[0.789]},"o":{"x":[0.167],"y":[0.167]},"t":42.5,"s":[582.474]},{"i":{"x":[0.699],"y":[0.148]},"o":{"x":[0.403],"y":[-0.828]},"t":50,"s":[608.795]},{"i":{"x":[0.517],"y":[0.62]},"o":{"x":[0.095],"y":[0.023]},"t":67.5,"s":[600.795]},{"i":{"x":[0.669],"y":[0.748]},"o":{"x":[0.326],"y":[0.347]},"t":80,"s":[533.472]},{"i":{"x":[0.707],"y":[1]},"o":{"x":[0.361],"y":[-0.748]},"t":90,"s":[493.633]},{"t":102.5,"s":[512]}],"ix":4}},"a":{"a":0,"k":[0,0,0],"ix":1,"l":2},"s":{"a":0,"k":[100,100,100],"ix":6,"l":2}},"ao":0,"ip":0,"op":105,"st":0,"bm":0},{"ddd":0,"ind":2,"ty":4,"nm":"mouth kiss","parent":1,"sr":1,"ks":{"o":{"a":1,"k":[{"t":10,"s":[0],"h":1},{"t":60,"s":[100],"h":1},{"t":85,"s":[0],"h":1}],"ix":11},"r":{"a":0,"k":0,"ix":10},"p":{"a":0,"k":[31,175,0],"ix":2,"l":2},"a":{"a":0,"k":[0,0,0],"ix":1,"l":2},"s":{"a":0,"k":[800,800,100],"ix":6,"l":2}},"ao":0,"shapes":[{"ty":"gr","it":[{"ind":0,"ty":"sh","ix":1,"ks":{"a":1,"k":[{"i":{"x":0.667,"y":1},"o":{"x":0.167,"y":0.167},"t":57.5,"s":[{"i":[[0,0],[-0.258,2.332],[1.29,1.251],[0,0],[0.014,-2.267],[-0.607,-0.48],[0.075,-0.487],[0.083,-2.562],[-0.72,-0.713],[0.687,-0.408],[0.318,-1.258],[-4.891,0.195],[-0.107,2.506]],"o":[[0,0],[0.258,-2.332],[-1.799,-1.745],[-1.975,0.326],[-0.009,1.485],[0.607,0.48],[0.075,0.701],[-0.058,1.812],[0.668,0.662],[-0.343,0.278],[-0.277,1.096],[4.452,-0.178],[0.05,-2.77]],"v":[[4.617,-7.659],[6.992,-11.481],[4.96,-17.188],[1.18,-19.221],[-2.514,-15.858],[-0.795,-12.98],[0.05,-11.451],[-1.708,-7.688],[0.282,-4.912],[0.125,-3.967],[-2.223,-2.096],[1.923,2.428],[7.232,-3.506]],"c":true}]},{"i":{"x":0.833,"y":0.833},"o":{"x":0.333,"y":0},"t":60,"s":[{"i":[[2.1,1.81],[-0.22,2.27],[1.18,1.57],[0,0],[0.053,-2.397],[-1.321,-0.504],[-0.12,-3.09],[0.42,-3.7],[0,-2.52],[2.112,0.137],[0.83,-1.917],[-4.857,-0.608],[0.001,4.173]],"o":[[1.71,-1.51],[0.19,-3.6],[-2.71,-3.65],[-1.991,-0.207],[0.193,1.392],[2.865,1.151],[0.14,3.46],[-0.42,3.7],[0,1.93],[-1.823,-0.128],[-0.83,1.917],[7.637,0.953],[0.05,-2.77]],"v":[[13.43,-3.361],[16.43,-9.231],[14.52,-15.641],[0.781,-19.714],[-3.818,-16.903],[-1.362,-13.83],[10.33,-9.201],[4.73,-3.501],[9.979,1.276],[2.476,2.318],[-3.64,3.715],[0.856,8.968],[16.67,3.869]],"c":true}]},{"i":{"x":0.833,"y":0.833},"o":{"x":0.167,"y":0.167},"t":82.5,"s":[{"i":[[2.1,1.81],[-0.22,2.27],[1.18,1.57],[0,0],[-0.29,-2.38],[-1.38,-0.31],[-0.12,-3.09],[0.42,-3.7],[0,-2.52],[2.07,-0.44],[0.28,-2.07],[-4.84,0.73],[0,2.56]],"o":[[1.71,-1.51],[0.19,-3.6],[-2.71,-3.65],[-2,0.08],[0.39,1.35],[3,0.73],[0.14,3.46],[-0.42,3.7],[0,1.93],[-1.79,0.37],[-0.28,2.07],[7.61,-1.15],[0.05,-2.77]],"v":[[5.23,-3.955],[8.23,-9.825],[6.32,-16.235],[-4.08,-19.015],[-8.23,-15.575],[-5.36,-12.885],[2.13,-9.795],[-3.47,-4.095],[2.13,1.615],[-1.94,4.315],[-7.45,7.315],[-1.7,11.155],[8.47,3.275]],"c":true}]},{"i":{"x":0.667,"y":1},"o":{"x":0.167,"y":0.167},"t":87.5,"s":[{"i":[[2.1,1.81],[-0.22,2.27],[1.18,1.57],[0,0],[-0.29,-2.38],[-1.38,-0.31],[-0.12,-3.09],[0.42,-3.7],[0,-2.52],[2.07,-0.44],[0.28,-2.07],[-4.84,0.73],[0,2.56]],"o":[[1.71,-1.51],[0.19,-3.6],[-2.71,-3.65],[-2,0.08],[0.39,1.35],[3,0.73],[0.14,3.46],[-0.42,3.7],[0,1.93],[-1.79,0.37],[-0.28,2.07],[7.61,-1.15],[0.05,-2.77]],"v":[[5.23,-3.955],[8.23,-9.825],[6.32,-16.235],[-4.08,-19.015],[-8.23,-15.575],[-5.36,-12.885],[2.13,-9.795],[-3.47,-4.095],[2.13,1.615],[-1.94,4.315],[-7.45,7.315],[-1.7,11.155],[8.47,3.275]],"c":true}]},{"t":92.5,"s":[{"i":[[0,0],[-0.03,1.699],[3.056,1.4],[0,0],[-0.29,-2.38],[-1.38,-0.31],[0,0],[0.187,-2.329],[0,0],[2.113,-0.053],[0.706,-1.966],[-4.886,-0.297],[0.001,2.943]],"o":[[0,0],[0.058,-3.305],[-3.055,-1.4],[-2,0.08],[0.39,1.35],[4.39,0.523],[0,0],[-0.159,1.981],[0,0],[-1.227,0.031],[-0.706,1.966],[7.682,0.464],[0.05,-2.091]],"v":[[6.7,-9.585],[7.905,-13.065],[3.507,-18.715],[-4.11,-19.52],[-8.26,-16.08],[-5.39,-13.39],[0.569,-11.965],[-0.375,-9.35],[1.1,-6.189],[-2.551,-6.189],[-7.316,-4.401],[-2.494,0.555],[8.44,-5.686]],"c":true}]}],"ix":2},"nm":"Path 1","mn":"ADBE Vector Shape - Group","hd":false},{"ty":"fl","c":{"a":0,"k":[0.258823529412,0.16862745098,0.050980392157,1],"ix":4},"o":{"a":0,"k":100,"ix":5},"r":1,"bm":0,"nm":"Fill 1","mn":"ADBE Vector Graphic - Fill","hd":false},{"ty":"tr","p":{"a":0,"k":[0,0],"ix":2},"a":{"a":0,"k":[0,0],"ix":1},"s":{"a":0,"k":[100,100],"ix":3},"r":{"a":0,"k":0,"ix":6},"o":{"a":0,"k":100,"ix":7},"sk":{"a":0,"k":0,"ix":4},"sa":{"a":0,"k":0,"ix":5},"nm":"Transform"}],"nm":"Shape 1","np":3,"cix":2,"bm":0,"ix":1,"mn":"ADBE Vector Group","hd":false}],"ip":0,"op":105,"st":0,"bm":0},{"ddd":0,"ind":3,"ty":4,"nm":"mouth ","parent":1,"sr":1,"ks":{"o":{"a":1,"k":[{"t":0,"s":[100],"h":1},{"t":60,"s":[0],"h":1},{"t":85,"s":[100],"h":1}],"ix":11},"r":{"a":0,"k":0,"ix":10},"p":{"a":1,"k":[{"i":{"x":0,"y":1},"o":{"x":0.333,"y":0},"t":40,"s":[21.5,79,0],"to":[0,0,0],"ti":[0,0,0]},{"i":{"x":0,"y":0},"o":{"x":0.355,"y":0.355},"t":42.5,"s":[21.5,59,0],"to":[0,0,0],"ti":[0,0,0]},{"i":{"x":0.833,"y":0.833},"o":{"x":0.355,"y":0},"t":55,"s":[21.5,59,0],"to":[0,0,0],"ti":[0,0,0]},{"t":60,"s":[21.5,102.5,0],"h":1},{"i":{"x":0.29,"y":1},"o":{"x":0.167,"y":0.167},"t":82.5,"s":[21.5,122.5,0],"to":[0,0,0],"ti":[0,0,0]},{"t":87.5,"s":[21.5,79,0]}],"ix":2,"l":2},"a":{"a":0,"k":[0,0,0],"ix":1,"l":2},"s":{"a":0,"k":[800,800,100],"ix":6,"l":2}},"ao":0,"shapes":[{"ty":"gr","it":[{"ind":0,"ty":"sh","ix":1,"ks":{"a":1,"k":[{"i":{"x":0.833,"y":0.833},"o":{"x":0.167,"y":0.167},"t":15,"s":[{"i":[[0,0],[-1.331,0.059],[-1.278,0.212],[-1.135,0.372],[-0.966,0.595],[0,0],[-0.725,-1.176],[0.673,-0.803],[1.626,-0.755],[1.661,-0.259],[1.62,0.094],[1.687,0.467],[-0.37,1.335],[-1.094,0.006]],"o":[[1.254,-0.006],[1.353,-0.079],[1.275,-0.207],[1.116,-0.404],[0,0],[1.176,-0.725],[0.58,0.941],[-1.213,1.444],[-1.627,0.747],[-1.664,0.246],[-1.643,-0.099],[-1.335,-0.369],[0.306,-1.106],[0,0]],"v":[[-30.043,-13.07],[-25.996,-13.169],[-22.022,-13.545],[-18.378,-14.39],[-15.275,-15.85],[-15.004,-16.017],[-11.562,-15.2],[-11.776,-12.279],[-16.16,-8.971],[-21.129,-7.546],[-26.056,-7.352],[-30.902,-8.144],[-32.65,-11.23],[-30.249,-13.069]],"c":true}]},{"i":{"x":0,"y":1},"o":{"x":0.15,"y":0.593},"t":40,"s":[{"i":[[0,0],[-1.331,0.059],[-1.278,0.212],[-1.135,0.372],[-0.966,0.595],[0,0],[-0.725,-1.176],[0.673,-0.803],[1.626,-0.755],[1.661,-0.259],[1.62,0.094],[1.687,0.467],[-0.37,1.335],[-1.094,0.006]],"o":[[1.254,-0.006],[1.353,-0.079],[1.275,-0.207],[1.116,-0.404],[0,0],[1.176,-0.725],[0.58,0.941],[-1.213,1.444],[-1.627,0.747],[-1.664,0.246],[-1.643,-0.099],[-1.335,-0.369],[0.306,-1.106],[0,0]],"v":[[-30.043,-13.07],[-25.996,-13.169],[-22.022,-13.545],[-18.378,-14.39],[-15.275,-15.85],[-15.004,-16.017],[-11.562,-15.2],[-11.776,-12.279],[-16.16,-8.971],[-21.129,-7.546],[-26.056,-7.352],[-30.902,-8.144],[-32.65,-11.23],[-30.249,-13.069]],"c":true}]},{"i":{"x":0.833,"y":0.833},"o":{"x":0.355,"y":0},"t":55,"s":[{"i":[[0,0],[-1.848,0.145],[-1.695,0.583],[-1.062,0.695],[-0.894,0.699],[0,0],[-0.851,-1.088],[0.581,-0.872],[1.99,-1.466],[2.216,-0.709],[2.651,-0.088],[1.687,0.467],[-0.37,1.335],[-1.094,0.006]],"o":[[1.254,-0.006],[2.371,-0.186],[3.124,-1.074],[1.485,-0.971],[0,0],[1.088,-0.851],[0.681,0.871],[-1.045,1.57],[-1.92,1.415],[-2.219,0.71],[-2.288,0.076],[-1.335,-0.369],[0.306,-1.106],[0,0]],"v":[[-30.043,-13.07],[-24.715,-13.189],[-18.219,-14.457],[-13.11,-16.935],[-9.869,-19.746],[-9.618,-19.942],[-6.106,-19.513],[-5.994,-16.585],[-9.991,-12.096],[-15.913,-8.864],[-24.121,-7.381],[-30.902,-8.144],[-32.65,-11.23],[-30.249,-13.069]],"c":true}]},{"t":60,"s":[{"i":[[0,0],[-0.446,0.18],[-0.439,-0.008],[-0.348,-0.063],[-0.19,-0.342],[0,0],[-0.103,-1.204],[0.304,-0.482],[0.596,-0.311],[0.578,0.035],[0.531,0.225],[0.572,0.417],[-0.125,1.193],[-0.255,0.274]],"o":[[0.374,-0.675],[0.486,-0.196],[0.638,0.012],[0.475,0.085],[0,0],[0.46,0.444],[0.082,0.964],[-0.548,0.868],[-0.595,0.311],[-0.578,-0.035],[-0.532,-0.181],[-0.452,-0.33],[0.104,-0.988],[0,0]],"v":[[-17.16,-13.219],[-15.777,-14.427],[-14.289,-14.777],[-12.855,-14.711],[-11.597,-14.144],[-11.554,-14.082],[-10.51,-12.017],[-10.791,-9.954],[-12.238,-8.542],[-14.001,-8.103],[-15.547,-8.3],[-17.033,-9.164],[-17.86,-11.296],[-17.23,-13.219]],"c":true}],"h":1},{"i":{"x":0,"y":1},"o":{"x":0.167,"y":0.167},"t":82.5,"s":[{"i":[[0,0],[-0.446,0.18],[-0.439,-0.008],[-0.348,-0.063],[-0.19,-0.342],[0,0],[-0.103,-1.204],[0.304,-0.482],[0.596,-0.311],[0.578,0.035],[0.531,0.225],[0.572,0.417],[-0.125,1.193],[-0.255,0.274]],"o":[[0.374,-0.675],[0.486,-0.196],[0.638,0.012],[0.475,0.085],[0,0],[0.46,0.444],[0.082,0.964],[-0.548,0.868],[-0.595,0.311],[-0.578,-0.035],[-0.532,-0.181],[-0.452,-0.33],[0.104,-0.988],[0,0]],"v":[[-23.285,-13.161],[-21.902,-14.368],[-20.414,-14.719],[-18.98,-14.653],[-17.722,-14.086],[-17.679,-14.023],[-16.635,-11.959],[-16.916,-9.896],[-18.363,-8.484],[-20.126,-8.044],[-21.672,-8.242],[-23.158,-9.106],[-23.985,-11.238],[-23.355,-13.161]],"c":true}]},{"i":{"x":0,"y":1},"o":{"x":0.333,"y":0},"t":87.5,"s":[{"i":[[0,0],[-1.331,0.059],[-1.278,0.212],[-1.135,0.372],[-0.966,0.595],[0,0],[-0.725,-1.176],[0.673,-0.803],[1.626,-0.755],[1.661,-0.259],[1.62,0.094],[1.687,0.467],[-0.37,1.335],[-1.094,0.006]],"o":[[1.254,-0.006],[1.353,-0.079],[1.275,-0.207],[1.116,-0.404],[0,0],[1.176,-0.725],[0.58,0.941],[-1.213,1.444],[-1.627,0.747],[-1.664,0.246],[-1.643,-0.099],[-1.335,-0.369],[0.306,-1.106],[0,0]],"v":[[-30.043,-13.07],[-25.996,-13.169],[-22.022,-13.545],[-18.378,-14.39],[-15.275,-15.85],[-15.004,-16.017],[-11.562,-15.2],[-11.776,-12.279],[-16.16,-8.971],[-21.129,-7.546],[-26.056,-7.352],[-30.902,-8.144],[-32.65,-11.23],[-30.249,-13.069]],"c":true}]},{"t":92.5,"s":[{"i":[[0,0],[-1.331,0.059],[-1.278,0.212],[-1.135,0.372],[-0.966,0.595],[0,0],[-0.725,-1.176],[0.673,-0.803],[1.626,-0.755],[1.661,-0.259],[1.62,0.094],[1.687,0.467],[-0.37,1.335],[-1.094,0.006]],"o":[[1.254,-0.006],[1.353,-0.079],[1.275,-0.207],[1.116,-0.404],[0,0],[1.176,-0.725],[0.58,0.941],[-1.213,1.444],[-1.627,0.747],[-1.664,0.246],[-1.643,-0.099],[-1.335,-0.369],[0.306,-1.106],[0,0]],"v":[[-30.043,-13.07],[-25.996,-13.169],[-22.022,-13.545],[-18.378,-14.39],[-15.275,-15.85],[-15.004,-16.017],[-11.562,-15.2],[-11.776,-12.279],[-16.16,-8.971],[-21.129,-7.546],[-26.056,-7.352],[-30.902,-8.144],[-32.65,-11.23],[-30.249,-13.069]],"c":true}]}],"ix":2},"nm":"Path 1","mn":"ADBE Vector Shape - Group","hd":false},{"ty":"fl","c":{"a":0,"k":[0.258999992819,0.169000004787,0.051000000449,1],"ix":4},"o":{"a":0,"k":100,"ix":5},"r":1,"bm":0,"nm":"Fill 1","mn":"ADBE Vector Graphic - Fill","hd":false},{"ty":"tr","p":{"a":0,"k":[22,12],"ix":2},"a":{"a":0,"k":[0,0],"ix":1},"s":{"a":0,"k":[100,100],"ix":3},"r":{"a":0,"k":0,"ix":6},"o":{"a":0,"k":100,"ix":7},"sk":{"a":0,"k":0,"ix":4},"sa":{"a":0,"k":0,"ix":5},"nm":"Transform"}],"nm":"Group 1","np":2,"cix":2,"bm":0,"ix":1,"mn":"ADBE Vector Group","hd":false}],"ip":0,"op":105,"st":-5,"bm":0},{"ddd":0,"ind":4,"ty":3,"nm":"Null Particles","sr":1,"ks":{"o":{"a":0,"k":0,"ix":11},"r":{"a":0,"k":0,"ix":10},"p":{"a":0,"k":[844,280,0],"ix":2,"l":2},"a":{"a":0,"k":[0,0,0],"ix":1,"l":2},"s":{"a":0,"k":[110,110,100],"ix":6,"l":2}},"ao":0,"ip":0,"op":25,"st":0,"bm":0},{"ddd":0,"ind":5,"ty":4,"nm":"HEART Particle 3","parent":4,"sr":1,"ks":{"o":{"a":0,"k":100,"ix":11},"r":{"a":1,"k":[{"i":{"x":[0.667],"y":[1]},"o":{"x":[0.178],"y":[0.143]},"t":0,"s":[-17.347]},{"i":{"x":[0.833],"y":[0.833]},"o":{"x":[0.333],"y":[0]},"t":15,"s":[-45.753]},{"t":25,"s":[-30.67]}],"ix":10},"p":{"a":1,"k":[{"i":{"x":0.833,"y":0.833},"o":{"x":0.167,"y":0.167},"t":0,"s":[69.565,38.416,0],"to":[0,0,0],"ti":[-7.545,24.897,0]},{"i":{"x":0.833,"y":0.833},"o":{"x":0.167,"y":0.167},"t":7.5,"s":[107.955,-5.603,0],"to":[7.545,-24.897,0],"ti":[-12.195,48.596,0]},{"t":25,"s":[108.195,-118.596,0]}],"ix":2,"l":2},"a":{"a":0,"k":[97.049,75.675,0],"ix":1,"l":2},"s":{"a":1,"k":[{"i":{"x":[0.833,0.833,0.833],"y":[0.833,0.833,1]},"o":{"x":[0.333,0.333,0.333],"y":[0,0,0]},"t":0,"s":[500,500,100]},{"t":25,"s":[200,200,100]}],"ix":6,"l":2}},"ao":0,"shapes":[{"ty":"gr","it":[{"ind":0,"ty":"sh","ix":1,"ks":{"a":1,"k":[{"i":{"x":0.833,"y":0.833},"o":{"x":0.167,"y":0.167},"t":0,"s":[{"i":[[0.689,0.227],[-0.212,0.484],[-0.238,1.032],[0.108,0.981],[1.354,1.546],[-0.464,-1.622],[-0.025,-1.182],[0.519,-1.032]],"o":[[-0.689,-0.227],[0.212,-0.484],[0.239,-1.037],[-0.18,-1.64],[2.216,1.142],[0.254,0.888],[-0.034,0.942],[-0.519,1.032]],"v":[[-1.591,10.561],[-2.347,9.214],[-1.501,6.968],[-1.119,3.533],[-3.382,-2.174],[0.646,3.489],[1.131,6.419],[0.349,9.266]],"c":true}]},{"t":25,"s":[{"i":[[0.079,0.031],[-0.028,0.052],[0.004,0.139],[0.073,0.408],[0.323,0.28],[-0.095,-0.448],[-0.044,-0.494],[0.061,-0.188]],"o":[[-0.079,-0.031],[0.028,-0.052],[-0.028,-0.231],[-0.123,-0.682],[0.894,0.583],[0.119,0.437],[0.012,0.394],[-0.068,0.11]],"v":[[0.942,7.827],[0.862,7.671],[0.937,7.018],[0.863,5.971],[-0.143,4.495],[1.042,6.068],[1.233,7.073],[1.178,7.7]],"c":true}]}],"ix":2},"nm":"Path 1","mn":"ADBE Vector Shape - Group","hd":false},{"ty":"fl","c":{"a":0,"k":[0.776000019148,0.156999999402,0.156999999402,1],"ix":4},"o":{"a":0,"k":100,"ix":5},"r":1,"bm":0,"nm":"Fill 1","mn":"ADBE Vector Graphic - Fill","hd":false},{"ty":"tr","p":{"a":0,"k":[98.645,65.87],"ix":2},"a":{"a":0,"k":[0,0],"ix":1},"s":{"a":0,"k":[100,100],"ix":3},"r":{"a":0,"k":0,"ix":6},"o":{"a":0,"k":100,"ix":7},"sk":{"a":0,"k":0,"ix":4},"sa":{"a":0,"k":0,"ix":5},"nm":"Transform"}],"nm":"Group 6","np":2,"cix":2,"bm":0,"ix":1,"mn":"ADBE Vector Group","hd":false},{"ty":"gr","it":[{"ind":0,"ty":"sh","ix":1,"ks":{"a":1,"k":[{"i":{"x":0.833,"y":0.833},"o":{"x":0.167,"y":0.167},"t":0,"s":[{"i":[[-3.493,2.37],[-0.828,-2.151],[1.775,-3.008],[2.33,-0.381],[0.28,1.398]],"o":[[3.375,-2.29],[1.037,2.694],[-1.956,3.316],[-1.229,0.201],[-0.205,-1.023]],"v":[[-0.698,-2.361],[6.559,-2.528],[3.003,3.015],[-0.722,9.912],[-3,7.108]],"c":true}]},{"t":25,"s":[{"i":[[-1.489,0.972],[-0.279,-1.29],[1.074,-0.986],[1.039,0.052],[-0.241,1.448]],"o":[[1.817,-1.186],[0.304,1.405],[-1.292,1.186],[-0.788,-0.039],[0.072,-0.432]],"v":[[7.546,3.009],[11.243,3.646],[9.494,6.135],[6.668,8.752],[5.444,6.672]],"c":true}]}],"ix":2},"nm":"Path 1","mn":"ADBE Vector Shape - Group","hd":false},{"ty":"fl","c":{"a":0,"k":[0.936999990426,0.325,0.313999998803,1],"ix":4},"o":{"a":0,"k":100,"ix":5},"r":1,"bm":0,"nm":"Fill 1","mn":"ADBE Vector Graphic - Fill","hd":false},{"ty":"tr","p":{"a":0,"k":[86.725,67.835],"ix":2},"a":{"a":0,"k":[0,0],"ix":1},"s":{"a":0,"k":[100,100],"ix":3},"r":{"a":0,"k":0,"ix":6},"o":{"a":0,"k":100,"ix":7},"sk":{"a":0,"k":0,"ix":4},"sa":{"a":0,"k":0,"ix":5},"nm":"Transform"}],"nm":"Group 7","np":2,"cix":2,"bm":0,"ix":2,"mn":"ADBE Vector Group","hd":false},{"ty":"gr","it":[{"ind":0,"ty":"sh","ix":1,"ks":{"a":1,"k":[{"i":{"x":0.833,"y":0.833},"o":{"x":0.167,"y":0.167},"t":0,"s":[{"i":[[3.455,0.226],[1.914,-0.378],[-1.83,0.935],[-3.421,0.572],[-1.525,1.263],[-0.519,1.783],[0,0],[-0.715,-1.057],[3.057,-2.885]],"o":[[-4.241,-0.277],[0.002,-0.228],[1.83,-0.935],[3.421,-0.572],[1.184,-0.982],[0.564,-1.938],[0,0],[2.679,3.965],[-4.033,3.806]],"v":[[-3.045,7.929],[-10.685,8.129],[-7.317,5.345],[0.203,3.446],[7.506,-0.331],[10.218,-4.399],[9.391,-8.336],[11.718,-6.08],[10.454,4.943]],"c":true}]},{"t":25,"s":[{"i":[[2.516,0.242],[1.299,0.96],[-1.428,0.157],[-0.64,0.158],[-0.731,0.582],[-0.258,0.755],[0,0],[-0.193,-0.509],[0.884,-1.039]],"o":[[-1.568,-0.151],[0.012,-0.105],[1.485,-0.164],[1.105,-0.273],[0.731,-0.582],[0.258,-0.755],[0,0],[0.533,1.406],[-1.191,1.399]],"v":[[-0.545,0.457],[-4.823,-1.224],[-1.983,-1.611],[1.203,-2.098],[3.43,-3.11],[4.678,-4.789],[4.853,-6.457],[5.618,-5.367],[4.539,-1.219]],"c":true}]}],"ix":2},"nm":"Path 1","mn":"ADBE Vector Shape - Group","hd":false},{"ty":"fl","c":{"a":0,"k":[0.776000019148,0.156999999402,0.156999999402,1],"ix":4},"o":{"a":0,"k":100,"ix":5},"r":1,"bm":0,"nm":"Fill 1","mn":"ADBE Vector Graphic - Fill","hd":false},{"ty":"tr","p":{"a":0,"k":[97.56,81.1],"ix":2},"a":{"a":0,"k":[0,0],"ix":1},"s":{"a":0,"k":[100,100],"ix":3},"r":{"a":0,"k":0,"ix":6},"o":{"a":0,"k":100,"ix":7},"sk":{"a":0,"k":0,"ix":4},"sa":{"a":0,"k":0,"ix":5},"nm":"Transform"}],"nm":"Group 8","np":2,"cix":2,"bm":0,"ix":3,"mn":"ADBE Vector Group","hd":false},{"ty":"gr","it":[{"ind":0,"ty":"sh","ix":1,"ks":{"a":1,"k":[{"i":{"x":0.833,"y":0.833},"o":{"x":0.167,"y":0.167},"t":0,"s":[{"i":[[0.51,2.166],[3.681,0.268],[1.262,-0.491],[6.068,1.07],[2.461,-2.431],[-1.25,-3.738],[-1.092,-2.484],[-6.492,6.669]],"o":[[-0.762,-3.238],[-2.45,-0.179],[0.561,-2.982],[-2.831,-0.499],[-4.518,4.463],[1.48,4.424],[8.319,-4.919],[1.948,-2.001]],"v":[[13.04,1.488],[6.23,-4.656],[1.406,-4.176],[-4.319,-13.227],[-12.287,-10.852],[-13.833,3.187],[-9.84,13.231],[10.765,8.271]],"c":true}]},{"t":25,"s":[{"i":[[-0.066,1.557],[1.265,0.571],[0.498,-0.03],[2.533,0.739],[1.144,-0.892],[-0.267,-1.634],[-0.64,-0.575],[-2.389,1.556]],"o":[[0.061,-1.443],[-0.404,-0.182],[0.155,-1.258],[-1.181,-0.345],[-2.101,1.637],[0.374,2.289],[2.951,0.612],[0.813,-0.522]],"v":[[6.007,0.259],[4.33,-2.34],[2.867,-2.569],[0.362,-6.237],[-3.118,-5.635],[-5.303,0.552],[-3.985,3.935],[4.53,3.1]],"c":true}]}],"ix":2},"nm":"Path 1","mn":"ADBE Vector Shape - Group","hd":false},{"ty":"fl","c":{"a":0,"k":[0.898000021542,0.224000010771,0.20800000359,1],"ix":4},"o":{"a":0,"k":100,"ix":5},"r":1,"bm":0,"nm":"Fill 1","mn":"ADBE Vector Graphic - Fill","hd":false},{"ty":"tr","p":{"a":0,"k":[96.775,75.97],"ix":2},"a":{"a":0,"k":[0,0],"ix":1},"s":{"a":0,"k":[100,100],"ix":3},"r":{"a":0,"k":0,"ix":6},"o":{"a":0,"k":100,"ix":7},"sk":{"a":0,"k":0,"ix":4},"sa":{"a":0,"k":0,"ix":5},"nm":"Transform"}],"nm":"Group 9","np":2,"cix":2,"bm":0,"ix":4,"mn":"ADBE Vector Group","hd":false}],"ip":0,"op":25,"st":-140,"bm":0},{"ddd":0,"ind":6,"ty":4,"nm":"HEART Particle 2","parent":4,"sr":1,"ks":{"o":{"a":0,"k":100,"ix":11},"r":{"a":1,"k":[{"i":{"x":[0.667],"y":[1]},"o":{"x":[0.167],"y":[0.167]},"t":0,"s":[-67.347]},{"t":25,"s":[-25.347]}],"ix":10},"p":{"a":1,"k":[{"i":{"x":0.833,"y":0.833},"o":{"x":0.167,"y":0.167},"t":0,"s":[-54.435,2.416,0],"to":[0,0,0],"ti":[11.154,23.2,0]},{"i":{"x":0.833,"y":0.833},"o":{"x":0.167,"y":0.167},"t":7.5,"s":[-108.346,-37.3,0],"to":[-11.154,-23.2,0],"ti":[0,0,0]},{"t":25,"s":[-119.805,-138.596,0]}],"ix":2,"l":2},"a":{"a":0,"k":[97.049,75.675,0],"ix":1,"l":2},"s":{"a":1,"k":[{"i":{"x":[0.833,0.833,0.833],"y":[0.833,0.833,1]},"o":{"x":[0.333,0.333,0.333],"y":[0,0,0]},"t":0,"s":[500,500,100]},{"t":25,"s":[200,200,100]}],"ix":6,"l":2}},"ao":0,"shapes":[{"ty":"gr","it":[{"ind":0,"ty":"sh","ix":1,"ks":{"a":1,"k":[{"i":{"x":0.833,"y":0.833},"o":{"x":0.167,"y":0.167},"t":0,"s":[{"i":[[0.689,0.227],[-0.212,0.484],[-0.238,1.032],[0.108,0.981],[1.354,1.546],[-0.464,-1.622],[-0.025,-1.182],[0.519,-1.032]],"o":[[-0.689,-0.227],[0.212,-0.484],[0.239,-1.037],[-0.18,-1.64],[2.216,1.142],[0.254,0.888],[-0.034,0.942],[-0.519,1.032]],"v":[[-1.591,10.561],[-2.347,9.214],[-1.501,6.968],[-1.119,3.533],[-3.382,-2.174],[0.646,3.489],[1.131,6.419],[0.349,9.266]],"c":true}]},{"t":25,"s":[{"i":[[0.079,0.031],[-0.028,0.052],[0.004,0.139],[0.073,0.408],[0.323,0.28],[-0.095,-0.448],[-0.044,-0.494],[0.061,-0.188]],"o":[[-0.079,-0.031],[0.028,-0.052],[-0.028,-0.231],[-0.123,-0.682],[0.894,0.583],[0.119,0.437],[0.012,0.394],[-0.068,0.11]],"v":[[0.942,7.827],[0.862,7.671],[0.937,7.018],[0.863,5.971],[-0.143,4.495],[1.042,6.068],[1.233,7.073],[1.178,7.7]],"c":true}]}],"ix":2},"nm":"Path 1","mn":"ADBE Vector Shape - Group","hd":false},{"ty":"fl","c":{"a":0,"k":[0.776000019148,0.156999999402,0.156999999402,1],"ix":4},"o":{"a":0,"k":100,"ix":5},"r":1,"bm":0,"nm":"Fill 1","mn":"ADBE Vector Graphic - Fill","hd":false},{"ty":"tr","p":{"a":0,"k":[98.645,65.87],"ix":2},"a":{"a":0,"k":[0,0],"ix":1},"s":{"a":0,"k":[100,100],"ix":3},"r":{"a":0,"k":0,"ix":6},"o":{"a":0,"k":100,"ix":7},"sk":{"a":0,"k":0,"ix":4},"sa":{"a":0,"k":0,"ix":5},"nm":"Transform"}],"nm":"Group 6","np":2,"cix":2,"bm":0,"ix":1,"mn":"ADBE Vector Group","hd":false},{"ty":"gr","it":[{"ind":0,"ty":"sh","ix":1,"ks":{"a":1,"k":[{"i":{"x":0.833,"y":0.833},"o":{"x":0.167,"y":0.167},"t":0,"s":[{"i":[[-3.493,2.37],[-0.828,-2.151],[1.775,-3.008],[2.33,-0.381],[0.28,1.398]],"o":[[3.375,-2.29],[1.037,2.694],[-1.956,3.316],[-1.229,0.201],[-0.205,-1.023]],"v":[[-0.698,-2.361],[6.559,-2.528],[3.003,3.015],[-0.722,9.912],[-3,7.108]],"c":true}]},{"t":25,"s":[{"i":[[-1.489,0.972],[-0.279,-1.29],[1.074,-0.986],[1.039,0.052],[-0.241,1.448]],"o":[[1.817,-1.186],[0.304,1.405],[-1.292,1.186],[-0.788,-0.039],[0.072,-0.432]],"v":[[7.546,3.009],[11.243,3.646],[9.494,6.135],[6.668,8.752],[5.444,6.672]],"c":true}]}],"ix":2},"nm":"Path 1","mn":"ADBE Vector Shape - Group","hd":false},{"ty":"fl","c":{"a":0,"k":[0.936999990426,0.325,0.313999998803,1],"ix":4},"o":{"a":0,"k":100,"ix":5},"r":1,"bm":0,"nm":"Fill 1","mn":"ADBE Vector Graphic - Fill","hd":false},{"ty":"tr","p":{"a":0,"k":[86.725,67.835],"ix":2},"a":{"a":0,"k":[0,0],"ix":1},"s":{"a":0,"k":[100,100],"ix":3},"r":{"a":0,"k":0,"ix":6},"o":{"a":0,"k":100,"ix":7},"sk":{"a":0,"k":0,"ix":4},"sa":{"a":0,"k":0,"ix":5},"nm":"Transform"}],"nm":"Group 7","np":2,"cix":2,"bm":0,"ix":2,"mn":"ADBE Vector Group","hd":false},{"ty":"gr","it":[{"ind":0,"ty":"sh","ix":1,"ks":{"a":1,"k":[{"i":{"x":0.833,"y":0.833},"o":{"x":0.167,"y":0.167},"t":0,"s":[{"i":[[3.455,0.226],[1.914,-0.378],[-1.83,0.935],[-3.421,0.572],[-1.525,1.263],[-0.519,1.783],[0,0],[-0.715,-1.057],[3.057,-2.885]],"o":[[-4.241,-0.277],[0.002,-0.228],[1.83,-0.935],[3.421,-0.572],[1.184,-0.982],[0.564,-1.938],[0,0],[2.679,3.965],[-4.033,3.806]],"v":[[-3.045,7.929],[-10.685,8.129],[-7.317,5.345],[0.203,3.446],[7.506,-0.331],[10.218,-4.399],[9.391,-8.336],[11.718,-6.08],[10.454,4.943]],"c":true}]},{"t":25,"s":[{"i":[[2.516,0.242],[1.299,0.96],[-1.428,0.157],[-0.64,0.158],[-0.731,0.582],[-0.258,0.755],[0,0],[-0.193,-0.509],[0.884,-1.039]],"o":[[-1.568,-0.151],[0.012,-0.105],[1.485,-0.164],[1.105,-0.273],[0.731,-0.582],[0.258,-0.755],[0,0],[0.533,1.406],[-1.191,1.399]],"v":[[-0.545,0.457],[-4.823,-1.224],[-1.983,-1.611],[1.203,-2.098],[3.43,-3.11],[4.678,-4.789],[4.853,-6.457],[5.618,-5.367],[4.539,-1.219]],"c":true}]}],"ix":2},"nm":"Path 1","mn":"ADBE Vector Shape - Group","hd":false},{"ty":"fl","c":{"a":0,"k":[0.776000019148,0.156999999402,0.156999999402,1],"ix":4},"o":{"a":0,"k":100,"ix":5},"r":1,"bm":0,"nm":"Fill 1","mn":"ADBE Vector Graphic - Fill","hd":false},{"ty":"tr","p":{"a":0,"k":[97.56,81.1],"ix":2},"a":{"a":0,"k":[0,0],"ix":1},"s":{"a":0,"k":[100,100],"ix":3},"r":{"a":0,"k":0,"ix":6},"o":{"a":0,"k":100,"ix":7},"sk":{"a":0,"k":0,"ix":4},"sa":{"a":0,"k":0,"ix":5},"nm":"Transform"}],"nm":"Group 8","np":2,"cix":2,"bm":0,"ix":3,"mn":"ADBE Vector Group","hd":false},{"ty":"gr","it":[{"ind":0,"ty":"sh","ix":1,"ks":{"a":1,"k":[{"i":{"x":0.833,"y":0.833},"o":{"x":0.167,"y":0.167},"t":0,"s":[{"i":[[0.51,2.166],[3.681,0.268],[1.262,-0.491],[6.068,1.07],[2.461,-2.431],[-1.25,-3.738],[-1.092,-2.484],[-6.492,6.669]],"o":[[-0.762,-3.238],[-2.45,-0.179],[0.561,-2.982],[-2.831,-0.499],[-4.518,4.463],[1.48,4.424],[8.319,-4.919],[1.948,-2.001]],"v":[[13.04,1.488],[6.23,-4.656],[1.406,-4.176],[-4.319,-13.227],[-12.287,-10.852],[-13.833,3.187],[-9.84,13.231],[10.765,8.271]],"c":true}]},{"t":25,"s":[{"i":[[-0.066,1.557],[1.265,0.571],[0.498,-0.03],[2.533,0.739],[1.144,-0.892],[-0.267,-1.634],[-0.64,-0.575],[-2.389,1.556]],"o":[[0.061,-1.443],[-0.404,-0.182],[0.155,-1.258],[-1.181,-0.345],[-2.101,1.637],[0.374,2.289],[2.951,0.612],[0.813,-0.522]],"v":[[6.007,0.259],[4.33,-2.34],[2.867,-2.569],[0.362,-6.237],[-3.118,-5.635],[-5.303,0.552],[-3.985,3.935],[4.53,3.1]],"c":true}]}],"ix":2},"nm":"Path 1","mn":"ADBE Vector Shape - Group","hd":false},{"ty":"fl","c":{"a":0,"k":[0.898000021542,0.224000010771,0.20800000359,1],"ix":4},"o":{"a":0,"k":100,"ix":5},"r":1,"bm":0,"nm":"Fill 1","mn":"ADBE Vector Graphic - Fill","hd":false},{"ty":"tr","p":{"a":0,"k":[96.775,75.97],"ix":2},"a":{"a":0,"k":[0,0],"ix":1},"s":{"a":0,"k":[100,100],"ix":3},"r":{"a":0,"k":0,"ix":6},"o":{"a":0,"k":100,"ix":7},"sk":{"a":0,"k":0,"ix":4},"sa":{"a":0,"k":0,"ix":5},"nm":"Transform"}],"nm":"Group 9","np":2,"cix":2,"bm":0,"ix":4,"mn":"ADBE Vector Group","hd":false}],"ip":0,"op":25,"st":-140,"bm":0},{"ddd":0,"ind":7,"ty":4,"nm":"HEART Particle 1","parent":4,"sr":1,"ks":{"o":{"a":0,"k":100,"ix":11},"r":{"a":1,"k":[{"i":{"x":[0.667],"y":[1]},"o":{"x":[0.167],"y":[0.167]},"t":0,"s":[-35.436]},{"i":{"x":[0.667],"y":[1]},"o":{"x":[0.333],"y":[0]},"t":10,"s":[-29.65]},{"t":25,"s":[-48.056]}],"ix":10},"p":{"a":1,"k":[{"i":{"x":0.833,"y":0.833},"o":{"x":0.167,"y":0.167},"t":0,"s":[32.195,-76.596,0],"to":[0,0,0],"ti":[-8.706,35.396,0]},{"i":{"x":0.833,"y":0.833},"o":{"x":0.167,"y":0.167},"t":7.5,"s":[29.794,-135.604,0],"to":[8.706,-35.396,0],"ti":[7.805,21.096,0]},{"t":25,"s":[24.195,-218.596,0]}],"ix":2,"l":2},"a":{"a":0,"k":[97.049,75.675,0],"ix":1,"l":2},"s":{"a":1,"k":[{"i":{"x":[0.833,0.833,0.833],"y":[0.833,0.833,1]},"o":{"x":[0.333,0.333,0.333],"y":[0,0,0]},"t":0,"s":[500,500,100]},{"t":25,"s":[200,200,100]}],"ix":6,"l":2}},"ao":0,"shapes":[{"ty":"gr","it":[{"ind":0,"ty":"sh","ix":1,"ks":{"a":1,"k":[{"i":{"x":0.833,"y":0.833},"o":{"x":0.167,"y":0.167},"t":0,"s":[{"i":[[0.689,0.227],[-0.212,0.484],[-0.238,1.032],[0.108,0.981],[1.354,1.546],[-0.464,-1.622],[-0.025,-1.182],[0.519,-1.032]],"o":[[-0.689,-0.227],[0.212,-0.484],[0.239,-1.037],[-0.18,-1.64],[2.216,1.142],[0.254,0.888],[-0.034,0.942],[-0.519,1.032]],"v":[[-1.591,10.561],[-2.347,9.214],[-1.501,6.968],[-1.119,3.533],[-3.382,-2.174],[0.646,3.489],[1.131,6.419],[0.349,9.266]],"c":true}]},{"t":25,"s":[{"i":[[0.079,0.031],[-0.028,0.052],[0.004,0.139],[0.073,0.408],[0.323,0.28],[-0.095,-0.448],[-0.044,-0.494],[0.061,-0.188]],"o":[[-0.079,-0.031],[0.028,-0.052],[-0.028,-0.231],[-0.123,-0.682],[0.894,0.583],[0.119,0.437],[0.012,0.394],[-0.068,0.11]],"v":[[0.942,7.827],[0.862,7.671],[0.937,7.018],[0.863,5.971],[-0.143,4.495],[1.042,6.068],[1.233,7.073],[1.178,7.7]],"c":true}]}],"ix":2},"nm":"Path 1","mn":"ADBE Vector Shape - Group","hd":false},{"ty":"fl","c":{"a":0,"k":[0.776000019148,0.156999999402,0.156999999402,1],"ix":4},"o":{"a":0,"k":100,"ix":5},"r":1,"bm":0,"nm":"Fill 1","mn":"ADBE Vector Graphic - Fill","hd":false},{"ty":"tr","p":{"a":0,"k":[98.645,65.87],"ix":2},"a":{"a":0,"k":[0,0],"ix":1},"s":{"a":0,"k":[100,100],"ix":3},"r":{"a":0,"k":0,"ix":6},"o":{"a":0,"k":100,"ix":7},"sk":{"a":0,"k":0,"ix":4},"sa":{"a":0,"k":0,"ix":5},"nm":"Transform"}],"nm":"Group 6","np":2,"cix":2,"bm":0,"ix":1,"mn":"ADBE Vector Group","hd":false},{"ty":"gr","it":[{"ind":0,"ty":"sh","ix":1,"ks":{"a":1,"k":[{"i":{"x":0.833,"y":0.833},"o":{"x":0.167,"y":0.167},"t":0,"s":[{"i":[[-3.493,2.37],[-0.828,-2.151],[1.775,-3.008],[2.33,-0.381],[0.28,1.398]],"o":[[3.375,-2.29],[1.037,2.694],[-1.956,3.316],[-1.229,0.201],[-0.205,-1.023]],"v":[[-0.698,-2.361],[6.559,-2.528],[3.003,3.015],[-0.722,9.912],[-3,7.108]],"c":true}]},{"t":25,"s":[{"i":[[-1.489,0.972],[-0.279,-1.29],[1.074,-0.986],[1.039,0.052],[-0.241,1.448]],"o":[[1.817,-1.186],[0.304,1.405],[-1.292,1.186],[-0.788,-0.039],[0.072,-0.432]],"v":[[7.546,3.009],[11.243,3.646],[9.494,6.135],[6.668,8.752],[5.444,6.672]],"c":true}]}],"ix":2},"nm":"Path 1","mn":"ADBE Vector Shape - Group","hd":false},{"ty":"fl","c":{"a":0,"k":[0.936999990426,0.325,0.313999998803,1],"ix":4},"o":{"a":0,"k":100,"ix":5},"r":1,"bm":0,"nm":"Fill 1","mn":"ADBE Vector Graphic - Fill","hd":false},{"ty":"tr","p":{"a":0,"k":[86.725,67.835],"ix":2},"a":{"a":0,"k":[0,0],"ix":1},"s":{"a":0,"k":[100,100],"ix":3},"r":{"a":0,"k":0,"ix":6},"o":{"a":0,"k":100,"ix":7},"sk":{"a":0,"k":0,"ix":4},"sa":{"a":0,"k":0,"ix":5},"nm":"Transform"}],"nm":"Group 7","np":2,"cix":2,"bm":0,"ix":2,"mn":"ADBE Vector Group","hd":false},{"ty":"gr","it":[{"ind":0,"ty":"sh","ix":1,"ks":{"a":1,"k":[{"i":{"x":0.833,"y":0.833},"o":{"x":0.167,"y":0.167},"t":0,"s":[{"i":[[3.455,0.226],[1.914,-0.378],[-1.83,0.935],[-3.421,0.572],[-1.525,1.263],[-0.519,1.783],[0,0],[-0.715,-1.057],[3.057,-2.885]],"o":[[-4.241,-0.277],[0.002,-0.228],[1.83,-0.935],[3.421,-0.572],[1.184,-0.982],[0.564,-1.938],[0,0],[2.679,3.965],[-4.033,3.806]],"v":[[-3.045,7.929],[-10.685,8.129],[-7.317,5.345],[0.203,3.446],[7.506,-0.331],[10.218,-4.399],[9.391,-8.336],[11.718,-6.08],[10.454,4.943]],"c":true}]},{"t":25,"s":[{"i":[[2.516,0.242],[1.299,0.96],[-1.428,0.157],[-0.64,0.158],[-0.731,0.582],[-0.258,0.755],[0,0],[-0.193,-0.509],[0.884,-1.039]],"o":[[-1.568,-0.151],[0.012,-0.105],[1.485,-0.164],[1.105,-0.273],[0.731,-0.582],[0.258,-0.755],[0,0],[0.533,1.406],[-1.191,1.399]],"v":[[-0.545,0.457],[-4.823,-1.224],[-1.983,-1.611],[1.203,-2.098],[3.43,-3.11],[4.678,-4.789],[4.853,-6.457],[5.618,-5.367],[4.539,-1.219]],"c":true}]}],"ix":2},"nm":"Path 1","mn":"ADBE Vector Shape - Group","hd":false},{"ty":"fl","c":{"a":0,"k":[0.776000019148,0.156999999402,0.156999999402,1],"ix":4},"o":{"a":0,"k":100,"ix":5},"r":1,"bm":0,"nm":"Fill 1","mn":"ADBE Vector Graphic - Fill","hd":false},{"ty":"tr","p":{"a":0,"k":[97.56,81.1],"ix":2},"a":{"a":0,"k":[0,0],"ix":1},"s":{"a":0,"k":[100,100],"ix":3},"r":{"a":0,"k":0,"ix":6},"o":{"a":0,"k":100,"ix":7},"sk":{"a":0,"k":0,"ix":4},"sa":{"a":0,"k":0,"ix":5},"nm":"Transform"}],"nm":"Group 8","np":2,"cix":2,"bm":0,"ix":3,"mn":"ADBE Vector Group","hd":false},{"ty":"gr","it":[{"ind":0,"ty":"sh","ix":1,"ks":{"a":1,"k":[{"i":{"x":0.833,"y":0.833},"o":{"x":0.167,"y":0.167},"t":0,"s":[{"i":[[0.51,2.166],[3.681,0.268],[1.262,-0.491],[6.068,1.07],[2.461,-2.431],[-1.25,-3.738],[-1.092,-2.484],[-6.492,6.669]],"o":[[-0.762,-3.238],[-2.45,-0.179],[0.561,-2.982],[-2.831,-0.499],[-4.518,4.463],[1.48,4.424],[8.319,-4.919],[1.948,-2.001]],"v":[[13.04,1.488],[6.23,-4.656],[1.406,-4.176],[-4.319,-13.227],[-12.287,-10.852],[-13.833,3.187],[-9.84,13.231],[10.765,8.271]],"c":true}]},{"t":25,"s":[{"i":[[-0.066,1.557],[1.265,0.571],[0.498,-0.03],[2.533,0.739],[1.144,-0.892],[-0.267,-1.634],[-0.64,-0.575],[-2.389,1.556]],"o":[[0.061,-1.443],[-0.404,-0.182],[0.155,-1.258],[-1.181,-0.345],[-2.101,1.637],[0.374,2.289],[2.951,0.612],[0.813,-0.522]],"v":[[6.007,0.259],[4.33,-2.34],[2.867,-2.569],[0.362,-6.237],[-3.118,-5.635],[-5.303,0.552],[-3.985,3.935],[4.53,3.1]],"c":true}]}],"ix":2},"nm":"Path 1","mn":"ADBE Vector Shape - Group","hd":false},{"ty":"fl","c":{"a":0,"k":[0.898000021542,0.224000010771,0.20800000359,1],"ix":4},"o":{"a":0,"k":100,"ix":5},"r":1,"bm":0,"nm":"Fill 1","mn":"ADBE Vector Graphic - Fill","hd":false},{"ty":"tr","p":{"a":0,"k":[96.775,75.97],"ix":2},"a":{"a":0,"k":[0,0],"ix":1},"s":{"a":0,"k":[100,100],"ix":3},"r":{"a":0,"k":0,"ix":6},"o":{"a":0,"k":100,"ix":7},"sk":{"a":0,"k":0,"ix":4},"sa":{"a":0,"k":0,"ix":5},"nm":"Transform"}],"nm":"Group 9","np":2,"cix":2,"bm":0,"ix":4,"mn":"ADBE Vector Group","hd":false}],"ip":0,"op":25,"st":-140,"bm":0},{"ddd":0,"ind":8,"ty":4,"nm":"HEART 2","sr":1,"ks":{"o":{"a":0,"k":100,"ix":11},"r":{"a":1,"k":[{"i":{"x":[0.833],"y":[0.833]},"o":{"x":[0.167],"y":[0.167]},"t":67,"s":[30]},{"i":{"x":[0.569],"y":[0.775]},"o":{"x":[0.167],"y":[0.167]},"t":76,"s":[0]},{"i":{"x":[0.703],"y":[1]},"o":{"x":[0.322],"y":[1.516]},"t":85,"s":[-38.629]},{"t":105,"s":[-48.146]}],"ix":10},"p":{"a":1,"k":[{"i":{"x":0.833,"y":0.833},"o":{"x":0.167,"y":0.167},"t":67,"s":[820.195,713.404,0],"to":[0.333,-1,0],"ti":[0,0,0]},{"i":{"x":0.833,"y":0.833},"o":{"x":0.167,"y":0.167},"t":76,"s":[822.195,707.404,0],"to":[18.515,-19.235,0],"ti":[-18.916,150.867,0]},{"t":105,"s":[856.195,283.404,0]}],"ix":2,"l":2},"a":{"a":0,"k":[97.049,75.675,0],"ix":1,"l":2},"s":{"a":0,"k":[800,800,100],"ix":6,"l":2}},"ao":0,"shapes":[{"ty":"gr","it":[{"ind":0,"ty":"sh","ix":1,"ks":{"a":1,"k":[{"i":{"x":0.833,"y":0.833},"o":{"x":0.167,"y":0.167},"t":67,"s":[{"i":[[0.045,-0.12],[0.129,0.003],[0.334,0.268],[0.838,0.397],[0,0],[-1.294,-0.029],[-0.52,-0.379],[-0.145,-0.292]],"o":[[-0.057,0.121],[-0.291,-0.006],[-0.334,-0.268],[-1.51,-0.716],[0,0],[1.741,0.039],[0.578,0.386],[0.074,0.15]],"v":[[-0.571,5.649],[-0.8,5.76],[-1.832,5.116],[-3.641,4.034],[-8.791,2.984],[-6.501,3.008],[-1.443,4.512],[-0.591,5.288]],"c":true}]},{"i":{"x":0.833,"y":0.833},"o":{"x":0.167,"y":0.167},"t":76,"s":[{"i":[[0.45,0.059],[0.093,0.46],[-0.228,0.955],[0.13,1.179],[0.78,1.73],[-0.669,-1.628],[0.045,-1.415],[0.891,-0.76]],"o":[[-0.46,-0.101],[-0.21,-1.04],[0.3,-1.15],[-0.15,-1.891],[1.76,1.091],[0.669,1.628],[-0.045,1.415],[-0.457,0.39]],"v":[[-0.535,6.791],[-1.535,5.92],[-0.455,3.05],[-0.205,-0.469],[-2.505,-6.85],[1.555,-2.31],[2.425,2.59],[0.895,6.39]],"c":true}]},{"i":{"x":0.833,"y":0.833},"o":{"x":0.167,"y":0.167},"t":94,"s":[{"i":[[0.584,0.885],[-0.53,0.494],[-0.782,1.367],[-0.127,1.582],[0.78,1.73],[-0.241,-1.456],[0.421,-2.31],[1.298,-1.021]],"o":[[-0.584,-0.885],[0.53,-0.494],[0.338,-0.591],[0.127,-1.582],[1.722,1.798],[0.241,1.456],[-0.314,1.723],[-0.977,0.768]],"v":[[0.054,6.137],[0.165,3.977],[2.094,1.774],[2.99,-1.551],[2.354,-7.889],[5.046,-2.589],[4.93,2.108],[2.635,6.132]],"c":true}]},{"t":105,"s":[{"i":[[0.697,0.201],[-0.194,0.492],[-0.068,1.057],[0.265,0.95],[0.634,1.073],[-0.719,-1.526],[-0.216,-1.163],[0.48,-1.051]],"o":[[-0.697,-0.201],[0.194,-0.492],[0.068,-1.061],[-0.443,-1.589],[2.216,1.142],[0.394,0.835],[0.119,0.935],[-0.48,1.051]],"v":[[-0.217,9.499],[-1.023,8.183],[-0.368,6.112],[-0.545,2.66],[-2.865,-1.996],[1.189,2.332],[2.141,5.145],[1.672,8.132]],"c":true}]}],"ix":2},"nm":"Path 1","mn":"ADBE Vector Shape - Group","hd":false},{"ty":"fl","c":{"a":0,"k":[0.776000019148,0.156999999402,0.156999999402,1],"ix":4},"o":{"a":0,"k":100,"ix":5},"r":1,"bm":0,"nm":"Fill 1","mn":"ADBE Vector Graphic - Fill","hd":false},{"ty":"tr","p":{"a":0,"k":[98.645,65.87],"ix":2},"a":{"a":0,"k":[0,0],"ix":1},"s":{"a":0,"k":[100,100],"ix":3},"r":{"a":0,"k":0,"ix":6},"o":{"a":0,"k":100,"ix":7},"sk":{"a":0,"k":0,"ix":4},"sa":{"a":0,"k":0,"ix":5},"nm":"Transform"}],"nm":"Group 6","np":2,"cix":2,"bm":0,"ix":1,"mn":"ADBE Vector Group","hd":false},{"ty":"gr","it":[{"ind":0,"ty":"sh","ix":1,"ks":{"a":1,"k":[{"i":{"x":0.833,"y":0.833},"o":{"x":0.167,"y":0.167},"t":67,"s":[{"i":[[-2.551,2.882],[-0.27,-1.403],[0.71,-1.45],[0.622,-1.075],[0.83,1.149]],"o":[[2.551,-2.882],[0.349,1.813],[-0.978,1.998],[-0.622,1.075],[-1.938,-2.683]],"v":[[-2.579,4.187],[3.322,3.777],[1.511,7.918],[-0.728,12.829],[-3.319,13.518]],"c":true}]},{"i":{"x":0.833,"y":0.833},"o":{"x":0.167,"y":0.167},"t":76,"s":[{"i":[[-4.002,3.317],[-0.085,-1.919],[1.242,-1.785],[0.845,-1.445],[1.24,1.457]],"o":[[4.002,-3.317],[0.11,2.48],[-1.711,2.459],[-0.845,1.445],[-3.41,-4.006]],"v":[[-1.515,-6.955],[6.503,-6.315],[3.245,-1.175],[0.208,6.97],[-3.315,7.896]],"c":true}]},{"i":{"x":0.833,"y":0.833},"o":{"x":0.167,"y":0.167},"t":94,"s":[{"i":[[-4.3,3.823],[-1.019,-3.469],[3.139,-3.85],[1.948,-0.629],[0.422,1.589]],"o":[[4.155,-3.694],[1.277,4.346],[-2.442,2.995],[-1.488,0.48],[-0.422,-1.589]],"v":[[-0.033,-8.954],[10.576,-9.487],[3.245,-1.175],[-0.93,4.394],[-3.76,1.498]],"c":true}]},{"t":105,"s":[{"i":[[-3.493,2.37],[-0.828,-2.151],[1.775,-3.008],[2.33,-0.381],[0.28,1.398]],"o":[[3.375,-2.29],[1.037,2.694],[-1.956,3.316],[-1.229,0.201],[-0.205,-1.023]],"v":[[-0.698,-2.361],[6.559,-2.528],[3.003,3.015],[-0.974,10.017],[-3.252,7.213]],"c":true}]}],"ix":2},"nm":"Path 1","mn":"ADBE Vector Shape - Group","hd":false},{"ty":"fl","c":{"a":0,"k":[0.936999990426,0.325,0.313999998803,1],"ix":4},"o":{"a":0,"k":100,"ix":5},"r":1,"bm":0,"nm":"Fill 1","mn":"ADBE Vector Graphic - Fill","hd":false},{"ty":"tr","p":{"a":0,"k":[86.725,67.835],"ix":2},"a":{"a":0,"k":[0,0],"ix":1},"s":{"a":0,"k":[100,100],"ix":3},"r":{"a":0,"k":0,"ix":6},"o":{"a":0,"k":100,"ix":7},"sk":{"a":0,"k":0,"ix":4},"sa":{"a":0,"k":0,"ix":5},"nm":"Transform"}],"nm":"Group 7","np":2,"cix":2,"bm":0,"ix":2,"mn":"ADBE Vector Group","hd":false},{"ty":"gr","it":[{"ind":0,"ty":"sh","ix":1,"ks":{"a":1,"k":[{"i":{"x":0.833,"y":0.833},"o":{"x":0.167,"y":0.167},"t":67,"s":[{"i":[[7.727,0],[2.89,1.637],[-6.503,-0.073],[-2.144,0.299],[-1.647,2.626],[-0.341,2.4],[0,0],[-0.837,-1.885],[2.228,-3.453]],"o":[[-0.861,0],[0.11,-0.171],[2.213,0.025],[3.021,-0.421],[0.956,-1.488],[0.45,-3.167],[0,0],[1.441,3.246],[-2.802,4.405]],"v":[[-8.036,11.336],[-15.448,10.068],[-8.21,10.059],[-1.646,9.663],[5.365,5.127],[7.268,-0.194],[5.563,-7.233],[8.024,-4.049],[7.211,6.347]],"c":true}]},{"i":{"x":0.833,"y":0.833},"o":{"x":0.167,"y":0.167},"t":76,"s":[{"i":[[10.23,0],[3.93,2.2],[-8.61,-0.14],[-2.84,0.691],[-2.24,3.529],[0.25,2.41],[2.22,2.219],[-1.22,-1.3],[3.03,-4.64]],"o":[[-1.14,0],[0.15,-0.23],[2.93,0.059],[4,-1],[1.3,-2],[-0.46,-3.111],[1.71,0.52],[3.28,3.939],[-3.81,5.92]],"v":[[-4.82,12.93],[-19.66,9.82],[-5.05,9.9],[3.64,8.959],[13.64,2.43],[16.04,-4.72],[11.91,-12.93],[16.38,-10.15],[16.15,4.07]],"c":true}]},{"i":{"x":0.833,"y":0.833},"o":{"x":0.167,"y":0.167},"t":94,"s":[{"i":[[10.862,-0.343],[3.052,-0.669],[-8.476,1.517],[-2.84,0.691],[-2.744,2.368],[0.192,2.866],[0,0],[-0.77,-1.332],[3.004,-4.083]],"o":[[-3.72,0.118],[0.002,-0.275],[3.797,-0.68],[4,-1],[1.847,-1.594],[-0.204,-3.046],[0,0],[2.129,3.682],[-3.004,4.083]],"v":[[-3.446,11.279],[-15.895,13.811],[-5.149,8.478],[3.499,7.491],[12.841,2.475],[16.415,-4.301],[13.684,-10.575],[16.291,-7.721],[15.876,4.232]],"c":true}]},{"t":105,"s":[{"i":[[6.641,0.684],[2.555,-0.153],[-2.734,0.721],[-2.295,0.783],[-1.525,1.263],[-0.519,1.783],[0,0],[-0.639,-1.105],[2.395,-3.455]],"o":[[-3.069,-0.316],[0.002,-0.228],[3.805,-1.003],[2.18,-0.744],[1.184,-0.982],[0.564,-1.938],[0,0],[1.765,3.054],[-3.226,4.654]],"v":[[-2.807,8.618],[-10.566,8.178],[-6.079,5.124],[1.873,2.847],[7.761,-0.192],[10.218,-4.399],[9.391,-8.336],[11.718,-6.08],[11.087,4.335]],"c":true}]}],"ix":2},"nm":"Path 1","mn":"ADBE Vector Shape - Group","hd":false},{"ty":"fl","c":{"a":0,"k":[0.776000019148,0.156999999402,0.156999999402,1],"ix":4},"o":{"a":0,"k":100,"ix":5},"r":1,"bm":0,"nm":"Fill 1","mn":"ADBE Vector Graphic - Fill","hd":false},{"ty":"tr","p":{"a":0,"k":[97.56,81.1],"ix":2},"a":{"a":0,"k":[0,0],"ix":1},"s":{"a":0,"k":[100,100],"ix":3},"r":{"a":0,"k":0,"ix":6},"o":{"a":0,"k":100,"ix":7},"sk":{"a":0,"k":0,"ix":4},"sa":{"a":0,"k":0,"ix":5},"nm":"Transform"}],"nm":"Group 8","np":2,"cix":2,"bm":0,"ix":3,"mn":"ADBE Vector Group","hd":false},{"ty":"gr","it":[{"ind":0,"ty":"sh","ix":1,"ks":{"a":1,"k":[{"i":{"x":0.833,"y":0.833},"o":{"x":0.167,"y":0.167},"t":67,"s":[{"i":[[0.389,1.957],[3.589,2.39],[0.205,-0.12],[4.412,-0.052],[1.157,-2.387],[-1.246,-4.551],[-0.243,-1.715],[-3.913,6.028]],"o":[[-0.816,-4.108],[-1.222,-0.814],[-2.608,-2.229],[-2.169,0.026],[-2.062,4.42],[0.735,2.686],[14.915,2.895],[1.103,-1.659]],"v":[[8.974,4.155],[4.574,-3.358],[1.483,-4.803],[-8.411,-7.143],[-14.792,-2.989],[-15.06,9.364],[-14.604,15.205],[7.864,9.81]],"c":true}]},{"i":{"x":0.833,"y":0.833},"o":{"x":0.167,"y":0.167},"t":76,"s":[{"i":[[0.53,2.63],[5.53,-1.12],[0.75,-0.36],[5.61,0.35],[2.03,-2.94],[-1.68,-6.12],[2.9,-2.371],[-5.32,8.1]],"o":[[-1.11,-5.521],[-0.82,0.169],[0.35,-5.61],[-3.57,-0.22],[-3.65,5.46],[1,3.61],[20.28,3.89],[1.5,-2.23]],"v":[[18.265,-0.64],[6.245,-8.62],[3.875,-7.83],[-5.645,-18.63],[-14.665,-14.25],[-15.665,5.11],[-18.795,14.96],[16.755,6.96]],"c":true}]},{"i":{"x":0.833,"y":0.833},"o":{"x":0.167,"y":0.167},"t":94,"s":[{"i":[[0.615,2.611],[4.316,1.092],[1.349,-0.036],[7.471,1.726],[3.029,-3.921],[-0.439,-6.331],[-1.317,-2.994],[-7.831,8.039]],"o":[[-0.919,-3.904],[-1.379,-0.349],[1.016,-6.87],[-3.485,-0.805],[-5.562,7.199],[0.391,5.638],[7.424,-4.196],[2.35,-2.412]],"v":[[17.724,0.348],[10.256,-7.514],[6.258,-7.699],[-2.168,-21.493],[-12.335,-17.176],[-17.211,6.663],[-15.037,18.906],[15.288,8.694]],"c":true}]},{"t":105,"s":[{"i":[[0.51,2.166],[3.578,0.906],[1.154,-0.207],[6.068,1.07],[2.461,-2.431],[-0.997,-3.813],[-1.092,-2.484],[-6.492,6.669]],"o":[[-0.762,-3.238],[-1.143,-0.289],[0.072,-3.033],[-2.831,-0.499],[-4.518,4.463],[1.396,5.341],[6.155,-3.481],[1.948,-2.001]],"v":[[13.04,1.488],[6.383,-5.114],[2.357,-5.186],[-4.319,-13.227],[-12.287,-10.852],[-14.085,3.292],[-9.721,13.28],[11.021,8.411]],"c":true}]}],"ix":2},"nm":"Path 1","mn":"ADBE Vector Shape - Group","hd":false},{"ty":"fl","c":{"a":0,"k":[0.898000021542,0.224000010771,0.20800000359,1],"ix":4},"o":{"a":0,"k":100,"ix":5},"r":1,"bm":0,"nm":"Fill 1","mn":"ADBE Vector Graphic - Fill","hd":false},{"ty":"tr","p":{"a":0,"k":[96.775,75.97],"ix":2},"a":{"a":0,"k":[0,0],"ix":1},"s":{"a":0,"k":[100,100],"ix":3},"r":{"a":0,"k":0,"ix":6},"o":{"a":0,"k":100,"ix":7},"sk":{"a":0,"k":0,"ix":4},"sa":{"a":0,"k":0,"ix":5},"nm":"Transform"}],"nm":"Group 9","np":2,"cix":2,"bm":0,"ix":4,"mn":"ADBE Vector Group","hd":false}],"ip":67,"op":105,"st":-2.5,"bm":0},{"ddd":0,"ind":9,"ty":4,"nm":"HEART BALLOON 2","parent":8,"sr":1,"ks":{"o":{"a":0,"k":100,"ix":11},"r":{"a":0,"k":-30,"ix":10},"p":{"a":1,"k":[{"i":{"x":0.833,"y":0.833},"o":{"x":0.167,"y":0.167},"t":60,"s":[84.322,88.698,0],"to":[0,0,0],"ti":[0,0,0]},{"i":{"x":0.833,"y":0.833},"o":{"x":0.167,"y":0.167},"t":62,"s":[85.85,87.094,0],"to":[0,0,0],"ti":[0,0,0]},{"i":{"x":0.833,"y":0.833},"o":{"x":0.167,"y":0.167},"t":64.5,"s":[87.66,82.729,0],"to":[0,0,0],"ti":[0,0,0]},{"t":67,"s":[86.727,82.113,0]}],"ix":2,"l":2},"a":{"a":0,"k":[219.929,208.717,0],"ix":1,"l":2},"s":{"a":0,"k":[12.5,12.5,100],"ix":6,"l":2}},"ao":0,"shapes":[{"ty":"gr","it":[{"ind":0,"ty":"sh","ix":1,"ks":{"a":1,"k":[{"i":{"x":0.833,"y":0.833},"o":{"x":0.167,"y":0.167},"t":59.5,"s":[{"i":[[8.755,-5.33],[2.94,-8.352],[-15.352,10.341],[0.07,8.352]],"o":[[-7.839,4.773],[-2.94,8.352],[15.352,-10.341],[-0.07,-8.352]],"v":[[175.856,181.932],[160.504,202.614],[183.102,214.421],[220.834,190.193]],"c":true}]},{"i":{"x":0.833,"y":0.833},"o":{"x":0.167,"y":0.167},"t":62,"s":[{"i":[[14.913,-1.455],[4.5,-10.5],[-23.5,13],[0.108,10.5]],"o":[[-20.5,2],[-4.5,10.5],[23.5,-13],[-0.108,-10.5]],"v":[[208.5,156],[175,182],[205,202.5],[247.5,164.5]],"c":true}]},{"i":{"x":0.833,"y":0.833},"o":{"x":0.167,"y":0.167},"t":64.5,"s":[{"i":[[13.401,-6.701],[4.5,-10.5],[-23.5,13],[0.108,10.5]],"o":[[-12,6],[-4.5,10.5],[23.5,-13],[-0.108,-10.5]],"v":[[216,159.5],[194.5,196.5],[222.5,211],[255,173]],"c":true}]},{"i":{"x":0.833,"y":0.833},"o":{"x":0.167,"y":0.167},"t":67,"s":[{"i":[[15.338,-12.499],[2.575,-14.789],[-26.505,23.523],[0.244,29.614]],"o":[[-13.734,11.192],[-2.575,14.789],[26.505,-23.523],[-0.114,-13.877]],"v":[[229.821,136.391],[195.409,186.146],[230.35,190.622],[282.756,140.386]],"c":true}]},{"t":69.5,"s":[{"i":[[10.693,-13.587],[-0.455,-13.505],[-18.138,25.181],[5.261,11.331]],"o":[[-9.575,12.166],[0.455,13.505],[18.138,-25.181],[-5.261,-11.331]],"v":[[206.642,142.87],[202.359,193.121],[238.677,195.626],[253.943,139.099]],"c":true}]}],"ix":2},"nm":"Path 1","mn":"ADBE Vector Shape - Group","hd":false},{"ty":"fl","c":{"a":0,"k":[0.937254901961,0.325490196078,0.313725490196,1],"ix":4},"o":{"a":0,"k":100,"ix":5},"r":1,"bm":0,"nm":"Fill 1","mn":"ADBE Vector Graphic - Fill","hd":false},{"ty":"tr","p":{"a":0,"k":[0,0],"ix":2},"a":{"a":0,"k":[0,0],"ix":1},"s":{"a":0,"k":[100,100],"ix":3},"r":{"a":0,"k":0,"ix":6},"o":{"a":0,"k":100,"ix":7},"sk":{"a":0,"k":0,"ix":4},"sa":{"a":0,"k":0,"ix":5},"nm":"Transform"}],"nm":"Shape 3","np":3,"cix":2,"bm":0,"ix":1,"mn":"ADBE Vector Group","hd":false},{"ty":"gr","it":[{"ind":0,"ty":"sh","ix":1,"ks":{"a":1,"k":[{"i":{"x":0.833,"y":0.833},"o":{"x":0.167,"y":0.167},"t":59.5,"s":[{"i":[[0,0],[5.08,-10.155],[11.45,-2.708],[0,0],[-35.639,4.665],[-4.233,11.203]],"o":[[0,0],[-5.577,11.147],[-21.522,5.09],[0,0],[17.724,-2.32],[5.694,-15.07]],"v":[[235.201,197.401],[232.327,225.353],[204.208,245.698],[163.216,243.727],[207.503,253.96],[237.233,228.797]],"c":true}]},{"i":{"x":0.833,"y":0.833},"o":{"x":0.167,"y":0.167},"t":62,"s":[{"i":[[0,0],[5.705,-17.368],[17.526,-4.385],[0,0],[-54.554,7.555],[-3.194,19.379]],"o":[[0,0],[-5.525,16.819],[-32.945,8.242],[0,0],[27.13,-3.757],[4.236,-25.7]],"v":[[279.194,175.504],[277.473,227.244],[244.381,257.961],[170.152,251.734],[249.425,271.34],[288.045,225.938]],"c":true}]},{"i":{"x":0.833,"y":0.833},"o":{"x":0.167,"y":0.167},"t":64.5,"s":[{"i":[[0,0],[9,-19],[22.61,-3.325],[0,0],[-69.75,3.5],[-6.033,21.491]],"o":[[0,0],[-8.716,18.399],[-42.5,6.25],[0,0],[34.687,-1.741],[8,-28.5]],"v":[[308.5,187.5],[301,245.5],[246,277],[125.75,246],[251,292.5],[314.5,245]],"c":true}]},{"i":{"x":0.833,"y":0.833},"o":{"x":0.167,"y":0.167},"t":67,"s":[{"i":[[0,0],[5.774,-27.011],[28.367,-10.842],[0,0],[-89.62,24.772],[-1.137,29.346]],"o":[[0,0],[-5.592,26.157],[-53.322,20.38],[0,0],[44.569,-12.319],[1.508,-38.917]],"v":[[339.74,166.609],[348.091,243.256],[299.399,296.781],[130.335,262.61],[310.74,315.228],[365.492,238.689]],"c":true}]},{"t":69.5,"s":[{"i":[[0,0],[0.071,-24.842],[21.954,-14.273],[0,0],[-71.04,36.709],[4.246,26.142]],"o":[[0,0],[-0.068,24.057],[-41.267,26.83],[0,0],[35.329,-18.256],[-5.631,-34.668]],"v":[[311.955,118.73],[332.574,185.138],[301.081,240.518],[154.92,279.22],[313.898,254.96],[346.411,178.226]],"c":true}]}],"ix":2},"nm":"Path 1","mn":"ADBE Vector Shape - Group","hd":false},{"ty":"fl","c":{"a":0,"k":[0.776470588235,0.156862745098,0.156862745098,1],"ix":4},"o":{"a":0,"k":100,"ix":5},"r":1,"bm":0,"nm":"Fill 1","mn":"ADBE Vector Graphic - Fill","hd":false},{"ty":"tr","p":{"a":0,"k":[0,0],"ix":2},"a":{"a":0,"k":[0,0],"ix":1},"s":{"a":0,"k":[100,100],"ix":3},"r":{"a":0,"k":0,"ix":6},"o":{"a":0,"k":100,"ix":7},"sk":{"a":0,"k":0,"ix":4},"sa":{"a":0,"k":0,"ix":5},"nm":"Transform"}],"nm":"Shape 2","np":3,"cix":2,"bm":0,"ix":2,"mn":"ADBE Vector Group","hd":false},{"ty":"gr","it":[{"ind":0,"ty":"sh","ix":1,"ks":{"a":1,"k":[{"i":{"x":0.833,"y":0.833},"o":{"x":0.167,"y":0.167},"t":59.5,"s":[{"i":[[32.984,1.116],[8.84,-10.764],[-0.462,-11.32],[-7.799,-4.871],[-30.914,4.027],[-0.583,17.761]],"o":[[-11.759,-0.398],[-10.452,12.727],[0.748,18.314],[7.103,4.436],[22.294,-2.904],[0.641,-19.553]],"v":[[197.087,170.398],[161.81,185.909],[150.61,220.327],[169.609,246.909],[203.068,250.455],[239.34,217.427]],"c":true}]},{"i":{"x":0.833,"y":0.833},"o":{"x":0.167,"y":0.167},"t":62,"s":[{"i":[[50.49,1.403],[13.532,-13.532],[-0.708,-18.33],[-11.938,-7.887],[-47.322,6.521],[-0.892,28.76]],"o":[[-18,-0.5],[-16,16],[1.145,29.657],[10.873,7.184],[34.126,-4.703],[0.982,-31.663]],"v":[[222,142.5],[168,162],[150.855,213.843],[179.938,256.887],[242.635,265.665],[286.678,209.146]],"c":true}]},{"i":{"x":0.833,"y":0.833},"o":{"x":0.167,"y":0.167},"t":64.5,"s":[{"i":[[60.5,-4.5],[22.5,-32],[6.841,-7.001],[-9,-2.875],[-60.5,3],[-4.087,32.246]],"o":[[-48.623,3.617],[-12.842,18.265],[-5.144,5.265],[9,2.875],[43.63,-2.163],[4.5,-35.5]],"v":[[232,135],[160.5,198.5],[128.967,237.09],[127.875,247.125],[243,285.5],[314.5,226]],"c":true}]},{"i":{"x":0.833,"y":0.833},"o":{"x":0.167,"y":0.167},"t":67,"s":[{"i":[[77.278,-23.367],[15.139,-38.652],[5.272,-8.909],[-9.899,-0.872],[-77.746,21.441],[4.75,42.589]],"o":[[-62.107,18.779],[-8.641,22.061],[-3.964,6.699],[9.899,0.872],[56.067,-15.462],[-5.229,-46.887]],"v":[[234.982,126.284],[164.187,204.917],[131.437,252.567],[132.782,263.281],[298.151,308.566],[359.561,214.295]],"c":true}]},{"t":69.5,"s":[{"i":[[60.901,-33.427],[7.778,-45.304],[3.703,-10.817],[-10.798,1.131],[-61.636,31.802],[11.549,36.882]],"o":[[-48.945,26.865],[-4.439,25.858],[-2.784,8.134],[10.798,-1.131],[44.449,-22.934],[-12.714,-40.604]],"v":[[211.317,108.763],[167.875,211.334],[153.907,268.044],[157.688,279.436],[302.12,251.147],[337.093,157.631]],"c":true}]}],"ix":2},"nm":"Path 1","mn":"ADBE Vector Shape - Group","hd":false},{"ty":"fl","c":{"a":0,"k":[0.898039215686,0.223529411765,0.207843137255,1],"ix":4},"o":{"a":0,"k":100,"ix":5},"r":1,"bm":0,"nm":"Fill 1","mn":"ADBE Vector Graphic - Fill","hd":false},{"ty":"tr","p":{"a":0,"k":[0,0],"ix":2},"a":{"a":0,"k":[0,0],"ix":1},"s":{"a":0,"k":[100,100],"ix":3},"r":{"a":0,"k":0,"ix":6},"o":{"a":0,"k":100,"ix":7},"sk":{"a":0,"k":0,"ix":4},"sa":{"a":0,"k":0,"ix":5},"nm":"Transform"}],"nm":"Shape 1","np":3,"cix":2,"bm":0,"ix":3,"mn":"ADBE Vector Group","hd":false}],"ip":60,"op":67,"st":-60.5,"bm":0},{"ddd":0,"ind":10,"ty":4,"nm":"eyebrow R","parent":1,"sr":1,"ks":{"o":{"a":1,"k":[{"t":10,"s":[100],"h":1},{"t":42.5,"s":[0],"h":1},{"t":80,"s":[100],"h":1}],"ix":11},"r":{"a":1,"k":[{"i":{"x":[0.833],"y":[1]},"o":{"x":[0.333],"y":[0]},"t":22.5,"s":[0]},{"i":{"x":[0.833],"y":[1]},"o":{"x":[0.333],"y":[0]},"t":30,"s":[0]},{"i":{"x":[0.833],"y":[1]},"o":{"x":[0.333],"y":[0]},"t":45,"s":[0]},{"t":80,"s":[0],"h":1}],"ix":10},"p":{"a":1,"k":[{"i":{"x":0,"y":1},"o":{"x":0.167,"y":0.167},"t":10,"s":[218.936,-208.311,0],"to":[0,0,0],"ti":[0,0,0]},{"i":{"x":0,"y":0},"o":{"x":0.333,"y":0.333},"t":22.5,"s":[218.936,-264.311,0],"to":[0,0,0],"ti":[0,0,0]},{"i":{"x":0,"y":1},"o":{"x":0.333,"y":0},"t":30,"s":[218.936,-264.311,0],"to":[0,0,0],"ti":[0,0,0]},{"i":{"x":0.833,"y":0.833},"o":{"x":0.333,"y":0},"t":45,"s":[218.936,-224.311,0],"to":[0,0,0],"ti":[0,0,0]},{"i":{"x":0.833,"y":0.833},"o":{"x":0.167,"y":0.167},"t":60,"s":[218.936,-200.311,0],"to":[0,0,0],"ti":[0,0,0]},{"i":{"x":0,"y":1},"o":{"x":0.167,"y":0.167},"t":80,"s":[218.936,-176.311,0],"to":[0,0,0],"ti":[0,0,0]},{"t":95,"s":[218.936,-208.311,0]}],"ix":2,"l":2},"a":{"a":0,"k":[27.742,-0.351,0],"ix":1,"l":2},"s":{"a":0,"k":[800,800,100],"ix":6,"l":2}},"ao":0,"shapes":[{"ty":"gr","it":[{"ind":0,"ty":"sh","ix":1,"ks":{"a":1,"k":[{"i":{"x":0.833,"y":1},"o":{"x":0.333,"y":0},"t":22.5,"s":[{"i":[[-3.21,-4.92],[0.9,2.3],[4.84,2.16],[1.94,0.23],[-2.21,-0.67],[0,0]],"o":[[1.19,1.88],[-2.02,-4.9],[-1.77,-0.82],[-2.49,-0.25],[0,0],[5.57,1.88]],"v":[[33.51,6.26],[36.84,4.69],[26.16,-6.31],[20.56,-7.89],[19.96,-4.25],[19.96,-4.25]],"c":true}]},{"i":{"x":0.833,"y":1},"o":{"x":0.333,"y":0},"t":30,"s":[{"i":[[-3.21,-4.92],[0.9,2.3],[4.84,2.16],[1.94,0.23],[-2.21,-0.67],[0,0]],"o":[[1.19,1.88],[-2.02,-4.9],[-1.77,-0.82],[-2.49,-0.25],[0,0],[5.57,1.88]],"v":[[33.51,6.26],[36.84,4.69],[26.16,-6.31],[20.56,-7.89],[19.96,-4.25],[19.96,-4.25]],"c":true}]},{"i":{"x":0.833,"y":0.833},"o":{"x":0.333,"y":0},"t":45,"s":[{"i":[[-3.21,-4.92],[0.9,2.3],[4.84,2.16],[1.94,0.23],[-2.21,-0.67],[0,0]],"o":[[1.19,1.88],[-2.02,-4.9],[-1.77,-0.82],[-2.49,-0.25],[0,0],[5.57,1.88]],"v":[[33.51,6.26],[36.84,4.69],[26.16,-6.31],[20.56,-7.89],[19.96,-4.25],[19.96,-4.25]],"c":true}]},{"t":80,"s":[{"i":[[-3.21,-4.92],[0.9,2.3],[4.84,2.16],[1.94,0.23],[-2.21,-0.67],[0,0]],"o":[[1.19,1.88],[-2.02,-4.9],[-1.77,-0.82],[-2.49,-0.25],[0,0],[5.57,1.88]],"v":[[33.51,6.26],[36.84,4.69],[26.16,-6.31],[20.56,-7.89],[19.96,-4.25],[19.96,-4.25]],"c":true}],"h":1}],"ix":2},"nm":"Path 2","mn":"ADBE Vector Shape - Group","hd":false},{"ty":"fl","c":{"a":0,"k":[0.258823529412,0.16862745098,0.050980392157,1],"ix":4},"o":{"a":0,"k":100,"ix":5},"r":1,"bm":0,"nm":"Fill 1","mn":"ADBE Vector Graphic - Fill","hd":false},{"ty":"tr","p":{"a":0,"k":[0,0],"ix":2},"a":{"a":0,"k":[0,0],"ix":1},"s":{"a":0,"k":[100,100],"ix":3},"r":{"a":0,"k":0,"ix":6},"o":{"a":0,"k":100,"ix":7},"sk":{"a":0,"k":0,"ix":4},"sa":{"a":0,"k":0,"ix":5},"nm":"Transform"}],"nm":"Shape 1","np":3,"cix":2,"bm":0,"ix":1,"mn":"ADBE Vector Group","hd":false}],"ip":0,"op":105,"st":0,"bm":0},{"ddd":0,"ind":11,"ty":4,"nm":"eyebrow L","parent":1,"sr":1,"ks":{"o":{"a":0,"k":100,"ix":11},"r":{"a":0,"k":0,"ix":10},"p":{"a":1,"k":[{"i":{"x":0,"y":1},"o":{"x":0.167,"y":0.167},"t":10,"s":[-224.935,-208.311,0],"to":[0,0,0],"ti":[0,0,0]},{"i":{"x":0,"y":0},"o":{"x":0.315,"y":0.315},"t":22.5,"s":[-224.935,-264.311,0],"to":[0,0,0],"ti":[0,0,0]},{"i":{"x":0.833,"y":0.833},"o":{"x":0.315,"y":0},"t":30,"s":[-224.935,-264.311,0],"to":[0,0,0],"ti":[0,0,0]},{"i":{"x":0.833,"y":0.833},"o":{"x":0.167,"y":0.167},"t":45,"s":[-224.935,-208.311,0],"to":[0,0,0],"ti":[0,0,0]},{"t":80,"s":[-224.935,-208.311,0]}],"ix":2,"l":2},"a":{"a":0,"k":[-27.742,-0.351,0],"ix":1,"l":2},"s":{"a":0,"k":[800,800,100],"ix":6,"l":2}},"ao":0,"shapes":[{"ty":"gr","it":[{"ind":0,"ty":"sh","ix":1,"ks":{"a":0,"k":{"i":[[-5.57,1.88],[0,0],[2.49,-0.25],[1.77,-0.82],[2.02,-4.9],[-1.19,1.88]],"o":[[0,0],[2.21,-0.67],[-1.94,0.23],[-4.84,2.16],[-0.9,2.3],[3.21,-4.92]],"v":[[-19.96,-4.25],[-19.96,-4.25],[-20.56,-7.89],[-26.16,-6.31],[-36.84,4.69],[-33.51,6.26]],"c":true},"ix":2},"nm":"Path 1","mn":"ADBE Vector Shape - Group","hd":false},{"ty":"fl","c":{"a":0,"k":[0.258823529412,0.16862745098,0.050980392157,1],"ix":4},"o":{"a":0,"k":100,"ix":5},"r":1,"bm":0,"nm":"Fill 1","mn":"ADBE Vector Graphic - Fill","hd":false},{"ty":"tr","p":{"a":0,"k":[0,0],"ix":2},"a":{"a":0,"k":[0,0],"ix":1},"s":{"a":0,"k":[100,100],"ix":3},"r":{"a":0,"k":0,"ix":6},"o":{"a":0,"k":100,"ix":7},"sk":{"a":0,"k":0,"ix":4},"sa":{"a":0,"k":0,"ix":5},"nm":"Transform"}],"nm":"Shape 1","np":3,"cix":2,"bm":0,"ix":1,"mn":"ADBE Vector Group","hd":false}],"ip":0,"op":105,"st":0,"bm":0},{"ddd":0,"ind":12,"ty":4,"nm":"eye blink","parent":1,"sr":1,"ks":{"o":{"a":1,"k":[{"t":10,"s":[0],"h":1},{"t":42.5,"s":[100],"h":1},{"t":80,"s":[0],"h":1}],"ix":11},"r":{"a":0,"k":0,"ix":10},"p":{"a":0,"k":[171.671,-104.933,0],"ix":2,"l":2},"a":{"a":0,"k":[-0.041,-0.179,0],"ix":1,"l":2},"s":{"a":0,"k":[800,800,100],"ix":6,"l":2}},"ao":0,"shapes":[{"ty":"gr","it":[{"ind":0,"ty":"sh","ix":1,"ks":{"a":0,"k":{"i":[[0,0],[4.298,0.734],[-2.719,0.938],[3.711,-0.666],[4.844,-6.112],[-0.38,-1.171],[-1.766,1],[-2.887,-0.41],[-2.519,-1.857],[1.827,2.452]],"o":[[-2.545,-3.669],[2.71,-1.496],[3.463,-1.649],[-7.737,1.014],[-0.73,0.89],[0.251,2.091],[2.809,-0.77],[3.096,0.454],[2.434,1.854],[0,0]],"v":[[12.197,5.356],[0.977,-1.004],[9.526,-4.974],[7.426,-10.323],[-12.664,1.096],[-13.624,4.296],[-9.314,6.296],[-0.594,5.866],[8.336,9.136],[12.176,5.346]],"c":true},"ix":2},"nm":"Path 1","mn":"ADBE Vector Shape - Group","hd":false},{"ty":"fl","c":{"a":0,"k":[0.258823529412,0.16862745098,0.050980392157,1],"ix":4},"o":{"a":0,"k":100,"ix":5},"r":1,"bm":0,"nm":"Fill 1","mn":"ADBE Vector Graphic - Fill","hd":false},{"ty":"tr","p":{"a":0,"k":[0,0],"ix":2},"a":{"a":0,"k":[0,0],"ix":1},"s":{"a":0,"k":[100,100],"ix":3},"r":{"a":0,"k":0,"ix":6},"o":{"a":0,"k":100,"ix":7},"sk":{"a":0,"k":0,"ix":4},"sa":{"a":0,"k":0,"ix":5},"nm":"Transform"}],"nm":"Shape 1","np":3,"cix":2,"bm":0,"ix":1,"mn":"ADBE Vector Group","hd":false}],"ip":20,"op":105,"st":0,"bm":0},{"ddd":0,"ind":13,"ty":4,"nm":"eye L","parent":1,"sr":1,"ks":{"o":{"a":0,"k":100,"ix":11},"r":{"a":0,"k":0,"ix":10},"p":{"a":0,"k":[-160.726,-101.25,0],"ix":2,"l":2},"a":{"a":0,"k":[-20.216,0,0],"ix":1,"l":2},"s":{"a":0,"k":[800,800,100],"ix":6,"l":2}},"ao":0,"shapes":[{"ty":"gr","it":[{"ind":0,"ty":"sh","ix":1,"ks":{"a":0,"k":{"i":[[0.89,0.86],[0,0],[0.69,-1.42],[-0.89,-0.86],[0,0],[-0.69,1.42]],"o":[[0,0],[-1.42,-0.68],[-0.53,1.11],[0,0],[1.42,0.68],[0.53,-1.11]],"v":[[-66.131,-12.37],[-66.131,-12.37],[-69.951,-11.03],[-69.351,-7.73],[-69.351,-7.73],[-65.531,-9.07]],"c":true},"ix":2},"nm":"Path 1","mn":"ADBE Vector Shape - Group","hd":false},{"ty":"fl","c":{"a":0,"k":[0.536999990426,0.375999989229,0.141000007181,1],"ix":4},"o":{"a":0,"k":100,"ix":5},"r":1,"bm":0,"nm":"Fill 1","mn":"ADBE Vector Graphic - Fill","hd":false},{"ty":"tr","p":{"a":0,"k":[45.525,6.894],"ix":2},"a":{"a":0,"k":[0,0],"ix":1},"s":{"a":0,"k":[100,100],"ix":3},"r":{"a":0,"k":0,"ix":6},"o":{"a":0,"k":100,"ix":7},"sk":{"a":0,"k":0,"ix":4},"sa":{"a":0,"k":0,"ix":5},"nm":"Transform"}],"nm":"Group 1","np":2,"cix":2,"bm":0,"ix":1,"mn":"ADBE Vector Group","hd":false},{"ty":"gr","it":[{"ind":0,"ty":"sh","ix":1,"ks":{"a":0,"k":{"i":[[4.19,0],[0,0],[0,-5.88],[-4.19,0],[0,0],[0,5.87]],"o":[[0,0],[-4.19,0],[0,5.88],[0,0],[4.19,0],[0,-5.87]],"v":[[-66.866,-19.065],[-66.866,-19.065],[-74.866,-9.645],[-66.866,-0.235],[-66.866,-0.235],[-58.866,-9.645]],"c":true},"ix":2},"nm":"Path 1","mn":"ADBE Vector Shape - Group","hd":false},{"ty":"fl","c":{"a":0,"k":[0.258999992819,0.169000004787,0.051000000449,1],"ix":4},"o":{"a":0,"k":100,"ix":5},"r":1,"bm":0,"nm":"Fill 1","mn":"ADBE Vector Graphic - Fill","hd":false},{"ty":"tr","p":{"a":0,"k":[46.65,9.65],"ix":2},"a":{"a":0,"k":[0,0],"ix":1},"s":{"a":0,"k":[100,100],"ix":3},"r":{"a":0,"k":0,"ix":6},"o":{"a":0,"k":100,"ix":7},"sk":{"a":0,"k":0,"ix":4},"sa":{"a":0,"k":0,"ix":5},"nm":"Transform"}],"nm":"Group 2","np":2,"cix":2,"bm":0,"ix":2,"mn":"ADBE Vector Group","hd":false}],"ip":0,"op":105,"st":0,"bm":0},{"ddd":0,"ind":14,"ty":4,"nm":"eye R","parent":1,"sr":1,"ks":{"o":{"a":1,"k":[{"t":40,"s":[100],"h":1},{"t":42.5,"s":[0],"h":1},{"t":80,"s":[100],"h":1}],"ix":11},"r":{"a":0,"k":0,"ix":10},"p":{"a":0,"k":[162.726,-101.25,0],"ix":2,"l":2},"a":{"a":0,"k":[20.216,0,0],"ix":1,"l":2},"s":{"a":0,"k":[800,800,100],"ix":6,"l":2}},"ao":0,"shapes":[{"ty":"gr","it":[{"ind":0,"ty":"sh","ix":1,"ks":{"a":1,"k":[{"i":{"x":0.833,"y":0.833},"o":{"x":0.333,"y":0},"t":22.5,"s":[{"i":[[0.89,0.86],[0,0],[0.69,-1.42],[-0.89,-0.86],[0,0],[-0.69,1.42]],"o":[[0,0],[-1.42,-0.68],[-0.53,1.11],[0,0],[1.42,0.68],[0.53,-1.11]],"v":[[12.651,-12.37],[12.651,-12.37],[8.831,-11.03],[9.431,-7.73],[9.431,-7.73],[13.251,-9.07]],"c":true}]},{"t":40,"s":[{"i":[[0.89,0.86],[0,0],[0.69,-1.42],[-0.89,-0.86],[0,0],[-0.69,1.42]],"o":[[0,0],[-1.42,-0.68],[-0.53,1.11],[0,0],[1.42,0.68],[0.53,-1.11]],"v":[[12.609,-13.119],[12.609,-13.119],[8.789,-11.779],[9.389,-8.479],[9.389,-8.479],[13.209,-9.819]],"c":true}],"h":1},{"t":80,"s":[{"i":[[0.89,0.86],[0,0],[0.69,-1.42],[-0.89,-0.86],[0,0],[-0.69,1.42]],"o":[[0,0],[-1.42,-0.68],[-0.53,1.11],[0,0],[1.42,0.68],[0.53,-1.11]],"v":[[12.651,-12.37],[12.651,-12.37],[8.831,-11.03],[9.431,-7.73],[9.431,-7.73],[13.251,-9.07]],"c":true}],"h":1}],"ix":2},"nm":"Path 1","mn":"ADBE Vector Shape - Group","hd":false},{"ty":"fl","c":{"a":0,"k":[0.536999990426,0.375999989229,0.141000007181,1],"ix":4},"o":{"a":0,"k":100,"ix":5},"r":1,"bm":0,"nm":"Fill 1","mn":"ADBE Vector Graphic - Fill","hd":false},{"ty":"tr","p":{"a":0,"k":[7.175,6.894],"ix":2},"a":{"a":0,"k":[0,0],"ix":1},"s":{"a":0,"k":[100,100],"ix":3},"r":{"a":0,"k":0,"ix":6},"o":{"a":0,"k":100,"ix":7},"sk":{"a":0,"k":0,"ix":4},"sa":{"a":0,"k":0,"ix":5},"nm":"Transform"}],"nm":"Group 3","np":2,"cix":2,"bm":0,"ix":1,"mn":"ADBE Vector Group","hd":false},{"ty":"gr","it":[{"ind":0,"ty":"sh","ix":1,"ks":{"a":1,"k":[{"i":{"x":0.833,"y":0.833},"o":{"x":0.333,"y":0},"t":22.5,"s":[{"i":[[4.19,0],[0,0],[0,-5.88],[-4.19,0],[0,0],[0,5.87]],"o":[[0,0],[-4.19,0],[0,5.88],[0,0],[4.19,0],[0,-5.87]],"v":[[11.966,-19.065],[11.966,-19.065],[3.966,-9.645],[11.966,-0.235],[11.966,-0.235],[19.966,-9.645]],"c":true}]},{"t":40,"s":[{"i":[[4.19,0],[0,0],[0,-4.931],[-4.19,0],[0,0],[0,4.922]],"o":[[0,0],[-4.19,0],[0,4.931],[0,0],[4.19,0],[0,-4.922]],"v":[[11.966,-19.065],[11.966,-19.065],[3.966,-11.166],[11.966,-3.275],[11.966,-3.275],[19.966,-11.166]],"c":true}],"h":1},{"t":80,"s":[{"i":[[4.19,0],[0,0],[0,-5.88],[-4.19,0],[0,0],[0,5.87]],"o":[[0,0],[-4.19,0],[0,5.88],[0,0],[4.19,0],[0,-5.87]],"v":[[11.966,-19.065],[11.966,-19.065],[3.966,-9.645],[11.966,-0.235],[11.966,-0.235],[19.966,-9.645]],"c":true}],"h":1}],"ix":2},"nm":"Path 1","mn":"ADBE Vector Shape - Group","hd":false},{"ty":"fl","c":{"a":0,"k":[0.258999992819,0.169000004787,0.051000000449,1],"ix":4},"o":{"a":0,"k":100,"ix":5},"r":1,"bm":0,"nm":"Fill 1","mn":"ADBE Vector Graphic - Fill","hd":false},{"ty":"tr","p":{"a":0,"k":[8.25,9.65],"ix":2},"a":{"a":0,"k":[0,0],"ix":1},"s":{"a":0,"k":[100,100],"ix":3},"r":{"a":0,"k":0,"ix":6},"o":{"a":0,"k":100,"ix":7},"sk":{"a":0,"k":0,"ix":4},"sa":{"a":0,"k":0,"ix":5},"nm":"Transform"}],"nm":"Group 4","np":2,"cix":2,"bm":0,"ix":2,"mn":"ADBE Vector Group","hd":false}],"ip":0,"op":105,"st":0,"bm":0},{"ddd":0,"ind":15,"ty":4,"nm":"base matte","parent":17,"td":1,"sr":1,"ks":{"o":{"a":0,"k":100,"ix":11},"r":{"a":0,"k":0,"ix":10},"p":{"s":true,"x":{"a":0,"k":-2,"ix":3},"y":{"a":0,"k":-3,"ix":4}},"a":{"a":0,"k":[0,0,0],"ix":1,"l":2},"s":{"a":0,"k":[100,100,100],"ix":6,"l":2}},"ao":0,"shapes":[{"ty":"gr","it":[{"ind":0,"ty":"sh","ix":1,"ks":{"a":0,"k":{"i":[[15.4,0],[0,38.4],[-27.9,0],[-10.6,-9.3],[0,-16.9],[11.5,-10.2]],"o":[[-27.9,0],[0,-38.4],[15.5,0],[11.5,10.2],[0,16.9],[-10.6,9.3]],"v":[[0,55.9],[-58,0],[0,-55.9],[40.4,-41.5],[58,0],[40.4,41.4]],"c":true},"ix":2},"nm":"Path 1","mn":"ADBE Vector Shape - Group","hd":false},{"ty":"gf","o":{"a":0,"k":100,"ix":10},"r":1,"bm":0,"g":{"p":5,"k":{"a":0,"k":[0.48,0.992,0.878,0.188,0.691,0.98,0.816,0.178,0.902,0.969,0.753,0.169,0.966,0.963,0.694,0.153,1,0.957,0.635,0.137],"ix":9}},"s":{"a":0,"k":[0,0],"ix":5},"e":{"a":0,"k":[56.225,0],"ix":6},"t":2,"h":{"a":0,"k":0,"ix":7},"a":{"a":0,"k":0,"ix":8},"nm":"Gradient Fill 1","mn":"ADBE Vector Graphic - G-Fill","hd":false},{"ty":"tr","p":{"a":0,"k":[0,0],"ix":2},"a":{"a":0,"k":[0,0],"ix":1},"s":{"a":0,"k":[100,100],"ix":3},"r":{"a":0,"k":0,"ix":6},"o":{"a":0,"k":100,"ix":7},"sk":{"a":0,"k":0,"ix":4},"sa":{"a":0,"k":0,"ix":5},"nm":"Transform"}],"nm":"Group 1","np":2,"cix":2,"bm":0,"ix":1,"mn":"ADBE Vector Group","hd":false}],"ip":0,"op":105,"st":0,"bm":0},{"ddd":0,"ind":16,"ty":4,"nm":"base shadow","parent":17,"tt":2,"sr":1,"ks":{"o":{"a":0,"k":100,"ix":11},"r":{"a":0,"k":0,"ix":10},"p":{"s":true,"x":{"a":0,"k":0,"ix":3},"y":{"a":0,"k":0,"ix":4}},"a":{"a":0,"k":[0,0,0],"ix":1,"l":2},"s":{"a":0,"k":[100,100,100],"ix":6,"l":2}},"ao":0,"shapes":[{"ty":"gr","it":[{"ind":0,"ty":"sh","ix":1,"ks":{"a":0,"k":{"i":[[15.4,0],[0,38.4],[-27.9,0],[-10.6,-9.3],[0,-16.9],[11.5,-10.2]],"o":[[-27.9,0],[0,-38.4],[15.5,0],[11.5,10.2],[0,16.9],[-10.6,9.3]],"v":[[0,55.9],[-58,0],[0,-55.9],[40.4,-41.5],[58,0],[40.4,41.4]],"c":true},"ix":2},"nm":"Path 1","mn":"ADBE Vector Shape - Group","hd":false},{"ty":"fl","c":{"a":0,"k":[0.921568627451,0.560784313725,0,1],"ix":4},"o":{"a":0,"k":100,"ix":5},"r":1,"bm":0,"nm":"Fill 1","mn":"ADBE Vector Graphic - Fill","hd":false},{"ty":"tr","p":{"a":0,"k":[0,0],"ix":2},"a":{"a":0,"k":[0,0],"ix":1},"s":{"a":0,"k":[100,100],"ix":3},"r":{"a":0,"k":0,"ix":6},"o":{"a":0,"k":100,"ix":7},"sk":{"a":0,"k":0,"ix":4},"sa":{"a":0,"k":0,"ix":5},"nm":"Transform"}],"nm":"Group 1","np":2,"cix":2,"bm":0,"ix":1,"mn":"ADBE Vector Group","hd":false}],"ip":0,"op":105,"st":0,"bm":0},{"ddd":0,"ind":17,"ty":4,"nm":"base","sr":1,"ks":{"o":{"a":0,"k":100,"ix":11},"r":{"a":0,"k":0,"ix":10},"p":{"s":true,"x":{"a":0,"k":512,"ix":3},"y":{"a":1,"k":[{"i":{"x":[0.667],"y":[1]},"o":{"x":[0.167],"y":[0]},"t":0,"s":[512]},{"i":{"x":[0.667],"y":[1]},"o":{"x":[0.333],"y":[0]},"t":10,"s":[512]},{"i":{"x":[0.521],"y":[1]},"o":{"x":[0.525],"y":[0]},"t":22.5,"s":[500]},{"i":{"x":[0.667],"y":[1]},"o":{"x":[0.706],"y":[0]},"t":55,"s":[531.636]},{"i":{"x":[0.667],"y":[1]},"o":{"x":[0.167],"y":[0]},"t":90,"s":[504]},{"t":102.5,"s":[512]}],"ix":4}},"a":{"a":0,"k":[0,0,0],"ix":1,"l":2},"s":{"a":0,"k":[800,800,100],"ix":6,"l":2}},"ao":0,"shapes":[{"ty":"gr","it":[{"ind":0,"ty":"sh","ix":1,"ks":{"a":0,"k":{"i":[[15.4,0],[0,38.4],[-27.9,0],[-10.6,-9.3],[0,-16.9],[11.5,-10.2]],"o":[[-27.9,0],[0,-38.4],[15.5,0],[11.5,10.2],[0,16.9],[-10.6,9.3]],"v":[[0,55.9],[-58,0],[0,-55.9],[40.4,-41.5],[58,0],[40.4,41.4]],"c":true},"ix":2},"nm":"Path 1","mn":"ADBE Vector Shape - Group","hd":false},{"ty":"gf","o":{"a":0,"k":100,"ix":10},"r":1,"bm":0,"g":{"p":5,"k":{"a":0,"k":[0.48,0.992,0.878,0.188,0.691,0.98,0.816,0.178,0.902,0.969,0.753,0.169,0.966,0.963,0.694,0.153,1,0.957,0.635,0.137],"ix":9}},"s":{"a":0,"k":[0,0],"ix":5},"e":{"a":0,"k":[56.225,0],"ix":6},"t":2,"h":{"a":0,"k":0,"ix":7},"a":{"a":0,"k":0,"ix":8},"nm":"Gradient Fill 1","mn":"ADBE Vector Graphic - G-Fill","hd":false},{"ty":"tr","p":{"a":0,"k":[0,0],"ix":2},"a":{"a":0,"k":[0,0],"ix":1},"s":{"a":0,"k":[100,100],"ix":3},"r":{"a":0,"k":0,"ix":6},"o":{"a":0,"k":100,"ix":7},"sk":{"a":0,"k":0,"ix":4},"sa":{"a":0,"k":0,"ix":5},"nm":"Transform"}],"nm":"Group 1","np":2,"cix":2,"bm":0,"ix":1,"mn":"ADBE Vector Group","hd":false}],"ip":0,"op":105,"st":0,"bm":0}]}],"layers":[{"ddd":0,"ind":1,"ty":0,"nm":"emoji_blowing-kiss","refId":"comp_0","sr":1,"ks":{"o":{"a":0,"k":100,"ix":11},"r":{"a":0,"k":0,"ix":10},"p":{"a":0,"k":[512,512,0],"ix":2,"l":2},"a":{"a":0,"k":[512,512,0],"ix":1,"l":2},"s":{"a":0,"k":[100,100,100],"ix":6,"l":2}},"ao":0,"w":1024,"h":1024,"ip":79,"op":105,"st":79,"bm":0},{"ddd":0,"ind":2,"ty":0,"nm":"emoji_blowing-kiss","refId":"comp_0","sr":1,"ks":{"o":{"a":0,"k":100,"ix":11},"r":{"a":0,"k":0,"ix":10},"p":{"a":0,"k":[512,512,0],"ix":2,"l":2},"a":{"a":0,"k":[512,512,0],"ix":1,"l":2},"s":{"a":0,"k":[100,100,100],"ix":6,"l":2}},"ao":0,"w":1024,"h":1024,"ip":0,"op":79,"st":-26,"bm":0}],"markers":[{"tm":51,"cm":"rest","dr":0}]}