{"v":"5.8.1","fr":60,"ip":0,"op":185,"w":1024,"h":1024,"nm":"emoji_Pouring liquid","ddd":0,"assets":[],"layers":[{"ddd":0,"ind":1,"ty":4,"nm":"liquid shine","parent":4,"sr":1,"ks":{"o":{"a":0,"k":100,"ix":11},"r":{"a":0,"k":0,"ix":10},"p":{"a":0,"k":[226.76,423.36,0],"ix":2,"l":2},"a":{"a":0,"k":[10.77,47.13,0],"ix":1,"l":2},"s":{"a":0,"k":[100,100,100],"ix":6,"l":2}},"ao":0,"shapes":[{"ty":"gr","it":[{"ind":0,"ty":"sh","ix":1,"ks":{"a":1,"k":[{"i":{"x":0.833,"y":0.833},"o":{"x":0.167,"y":0.167},"t":83,"s":[{"i":[[8.046,-3.962],[-7.301,-14.695],[-9.044,5.466],[8.373,17.557]],"o":[[-5.964,2.937],[8.12,16.344],[8.976,-5.425],[-7.414,-15.546]],"v":[[90.266,-350.931],[96.12,-318.704],[126.925,-291.059],[120.654,-322.814]],"c":true}]},{"i":{"x":0.833,"y":0.833},"o":{"x":0.167,"y":0.167},"t":84,"s":[{"i":[[10.389,0.326],[0.465,-28.05],[-12.245,0.304],[0.505,25.626]],"o":[[-7.7,-0.242],[-0.464,27.99],[12.152,-0.302],[-0.371,-18.842]],"v":[[85.603,-200.638],[84.605,-145.596],[94.226,-81.663],[106.776,-145.899]],"c":true}]},{"i":{"x":0.833,"y":0.833},"o":{"x":0.167,"y":0.167},"t":86,"s":[{"i":[[9.435,0.419],[0.422,-36.099],[-11.122,0.392],[0.458,32.98]],"o":[[-6.993,-0.311],[-0.421,36.021],[11.037,-0.389],[-0.337,-24.248]],"v":[[79.228,-99.235],[73.722,-32.214],[78.435,46.248],[93.859,-32.604]],"c":true}]},{"i":{"x":0.833,"y":0.833},"o":{"x":0.167,"y":0.167},"t":87,"s":[{"i":[[8.958,0.466],[0.401,-40.123],[-10.56,0.436],[0.435,36.657]],"o":[[-6.64,-0.346],[-0.4,40.037],[10.48,-0.432],[-0.32,-26.951]],"v":[[76.04,-108.534],[68.28,-35.523],[70.54,50.204],[87.4,-35.957]],"c":true}]},{"i":{"x":0.833,"y":0.833},"o":{"x":0.167,"y":0.167},"t":89,"s":[{"i":[[8.96,0.4],[0.4,-37.04],[-10.56,0.4],[0.4,33.84]],"o":[[-6.64,-0.319],[-0.4,36.96],[10.48,-0.399],[-0.32,-24.88]],"v":[[66.04,-108.561],[58.28,-41.161],[60.54,27.979],[77.4,-41.561]],"c":true}]},{"i":{"x":0.833,"y":0.833},"o":{"x":0.167,"y":0.167},"t":97,"s":[{"i":[[8.96,0.4],[0.4,-37.04],[-10.56,0.4],[0.4,33.84]],"o":[[-6.64,-0.319],[-0.4,36.96],[10.48,-0.399],[-0.32,-24.88]],"v":[[12.04,-66.561],[2.28,-22.161],[4.54,46.979],[21.4,-22.561]],"c":true}]},{"i":{"x":0.833,"y":0.833},"o":{"x":0.167,"y":0.167},"t":99,"s":[{"i":[[8.96,0.4],[0.4,-37.04],[-23.8,1.16],[0.4,33.84]],"o":[[-6.64,-0.319],[-0.4,36.96],[10.475,-0.511],[-0.32,-24.88]],"v":[[-0.46,-58.561],[-10.22,-14.161],[-10.46,59.979],[8.9,-14.561]],"c":true}]},{"i":{"x":0.833,"y":0.833},"o":{"x":0.167,"y":0.167},"t":100,"s":[{"i":[[8.959,0.383],[0.401,-32.995],[-10.56,0.358],[0.435,30.144]],"o":[[-6.64,-0.284],[-0.4,32.923],[10.48,-0.355],[-0.32,-22.163]],"v":[[0.04,-86.595],[-9.72,-47.044],[0.04,-3.717],[9.4,-47.401]],"c":true}]},{"i":{"x":0.833,"y":0.833},"o":{"x":0.167,"y":0.167},"t":101,"s":[{"i":[[8.96,0.4],[0.4,-37.04],[-10.56,0.4],[0.4,33.84]],"o":[[-6.64,-0.319],[-0.4,36.96],[10.48,-0.399],[-0.32,-24.88]],"v":[[0.04,-46.561],[-9.72,-2.161],[0.04,46.479],[9.4,-2.561]],"c":true}]},{"i":{"x":0.833,"y":0.833},"o":{"x":0.167,"y":0.167},"t":102,"s":[{"i":[[8.96,0.4],[0.4,-37.04],[-10.56,0.4],[0.4,33.84]],"o":[[-6.64,-0.319],[-0.4,36.96],[10.48,-0.399],[-0.32,-24.88]],"v":[[0.04,-26.561],[-9.72,17.839],[0.04,66.479],[9.4,17.439]],"c":true}]},{"i":{"x":0.833,"y":0.833},"o":{"x":0.167,"y":0.167},"t":105,"s":[{"i":[[5.342,0.43],[0.239,-37.04],[-6.298,0.402],[0.26,33.84]],"o":[[-3.96,-0.319],[-0.239,36.96],[6.25,-0.399],[-0.191,-24.88]],"v":[[11.181,-25.561],[5.36,18.839],[9.538,71.479],[16.763,18.439]],"c":true}]},{"i":{"x":0.833,"y":0.833},"o":{"x":0.167,"y":0.167},"t":108,"s":[{"i":[[4.808,-0.125],[-0.992,-25.353],[-5.638,0.769],[1.336,23.125]],"o":[[-3.564,0.092],[0.99,25.298],[5.596,-0.763],[-0.982,-17.002]],"v":[[11.509,35.051],[7.733,65.876],[13.197,101.552],[17.952,64.708]],"c":true}]},{"t":109,"s":[{"i":[[6.511,-0.125],[-1.344,-25.353],[-7.635,0.769],[1.809,23.125]],"o":[[-4.826,0.092],[1.341,25.298],[7.578,-0.763],[-1.33,-17.002]],"v":[[13.254,79.551],[8.14,110.376],[15.54,146.052],[21.979,109.208]],"c":true}]}],"ix":2},"nm":"Path 1","mn":"ADBE Vector Shape - Group","hd":false},{"ty":"fl","c":{"a":0,"k":[1,1,1,1],"ix":4},"o":{"a":0,"k":100,"ix":5},"r":1,"bm":0,"nm":"Fill 1","mn":"ADBE Vector Graphic - Fill","hd":false},{"ty":"tr","p":{"a":0,"k":[10.77,47.13],"ix":2},"a":{"a":0,"k":[0,0],"ix":1},"s":{"a":0,"k":[100,100],"ix":3},"r":{"a":0,"k":0,"ix":6},"o":{"a":0,"k":100,"ix":7},"sk":{"a":0,"k":0,"ix":4},"sa":{"a":0,"k":0,"ix":5},"nm":"Transform"}],"nm":"Group 1","np":2,"cix":2,"bm":0,"ix":1,"mn":"ADBE Vector Group","hd":false}],"ip":83,"op":110,"st":0,"bm":0},{"ddd":0,"ind":2,"ty":4,"nm":"liquid","parent":4,"sr":1,"ks":{"o":{"a":0,"k":100,"ix":11},"r":{"a":0,"k":0,"ix":10},"p":{"a":1,"k":[{"i":{"x":0.833,"y":0.833},"o":{"x":0.167,"y":0.167},"t":100,"s":[238,502,0],"to":[-0.333,8.333,0],"ti":[0.333,-8.333,0]},{"t":101,"s":[236,552,0]}],"ix":2,"l":2},"a":{"a":0,"k":[221.978,393.407,0],"ix":1,"l":2},"s":{"a":0,"k":[217,217,100],"ix":6,"l":2}},"ao":0,"shapes":[{"ty":"gr","it":[{"d":1,"ty":"el","s":{"a":0,"k":[32,32],"ix":2},"p":{"a":0,"k":[0,0],"ix":3},"nm":"Ellipse Path 1","mn":"ADBE Vector Shape - Ellipse","hd":false},{"ty":"fl","c":{"a":0,"k":[0.525490196078,0.360784313725,0.313725490196,1],"ix":4},"o":{"a":0,"k":100,"ix":5},"r":1,"bm":0,"nm":"Fill 1","mn":"ADBE Vector Graphic - Fill","hd":false},{"ty":"tr","p":{"a":0,"k":[221,395],"ix":2},"a":{"a":0,"k":[0,0],"ix":1},"s":{"a":0,"k":[100,100],"ix":3},"r":{"a":0,"k":0,"ix":6},"o":{"a":0,"k":100,"ix":7},"sk":{"a":0,"k":0,"ix":4},"sa":{"a":0,"k":0,"ix":5},"nm":"Transform"}],"nm":"Ellipse 1","np":3,"cix":2,"bm":0,"ix":1,"mn":"ADBE Vector Group","hd":false}],"ip":100,"op":185,"st":-35,"bm":0},{"ddd":0,"ind":3,"ty":4,"nm":"liquid detail","parent":4,"sr":1,"ks":{"o":{"a":0,"k":100,"ix":11},"r":{"a":0,"k":0,"ix":10},"p":{"a":1,"k":[{"i":{"x":0.833,"y":0.833},"o":{"x":0.167,"y":0.167},"t":108,"s":[0,-190,0],"to":[0,56.667,0],"ti":[0,-56.667,0]},{"t":116,"s":[0,150,0]}],"ix":2,"l":2},"a":{"a":0,"k":[0,0,0],"ix":1,"l":2},"s":{"a":0,"k":[100,100,100],"ix":6,"l":2}},"ao":0,"shapes":[{"ty":"gr","it":[{"d":1,"ty":"el","s":{"a":0,"k":[32,32],"ix":2},"p":{"a":0,"k":[0,0],"ix":3},"nm":"Ellipse Path 1","mn":"ADBE Vector Shape - Ellipse","hd":false},{"ty":"fl","c":{"a":0,"k":[0.525490196078,0.360784313725,0.313725490196,1],"ix":4},"o":{"a":0,"k":100,"ix":5},"r":1,"bm":0,"nm":"Fill 1","mn":"ADBE Vector Graphic - Fill","hd":false},{"ty":"tr","p":{"a":0,"k":[221,395],"ix":2},"a":{"a":0,"k":[0,0],"ix":1},"s":{"a":0,"k":[100,100],"ix":3},"r":{"a":0,"k":0,"ix":6},"o":{"a":0,"k":100,"ix":7},"sk":{"a":0,"k":0,"ix":4},"sa":{"a":0,"k":0,"ix":5},"nm":"Transform"}],"nm":"Ellipse 1","np":3,"cix":2,"bm":0,"ix":1,"mn":"ADBE Vector Group","hd":false}],"ip":108,"op":185,"st":-20,"bm":0},{"ddd":0,"ind":4,"ty":4,"nm":"liquid","sr":1,"ks":{"o":{"a":0,"k":100,"ix":11},"r":{"a":0,"k":0,"ix":10},"p":{"a":1,"k":[{"i":{"x":0.833,"y":0.833},"o":{"x":0.167,"y":0.167},"t":101,"s":[512,512,0],"to":[-1.644,2.242,0],"ti":[4.475,-2.673,0]},{"i":{"x":0.833,"y":0.833},"o":{"x":0.167,"y":0.167},"t":102,"s":[507.525,514.854,0],"to":[-2.586,1.544,0],"ti":[3.218,-3.287,0]},{"i":{"x":0.833,"y":0.833},"o":{"x":0.167,"y":0.167},"t":103,"s":[493.762,524.809,0],"to":[-3.63,3.708,0],"ti":[2.679,-3.654,0]},{"i":{"x":0.833,"y":0.833},"o":{"x":0.167,"y":0.167},"t":104,"s":[481.004,543.995,0],"to":[-2.265,3.088,0],"ti":[1.355,-2.792,0]},{"i":{"x":0.833,"y":0.833},"o":{"x":0.167,"y":0.167},"t":105,"s":[465.668,549.841,0],"to":[-4.129,8.509,0],"ti":[2.761,-3.765,0]},{"i":{"x":0.833,"y":0.833},"o":{"x":0.167,"y":0.167},"t":107,"s":[468,572,0],"to":[-7.333,10,0],"ti":[0.167,0,0]},{"t":108,"s":[461,572,0]}],"ix":2,"l":2},"a":{"a":0,"k":[0,0,0],"ix":1,"l":2},"s":{"a":0,"k":[100,100,100],"ix":6,"l":2}},"ao":0,"shapes":[{"ty":"gr","it":[{"ind":0,"ty":"sh","ix":1,"ks":{"a":1,"k":[{"i":{"x":0.833,"y":0.833},"o":{"x":0.167,"y":0.167},"t":83,"s":[{"i":[[137.5,-3.5],[-16,-97],[-33.475,10.266],[47,75]],"o":[[-0.5,44.5],[13.224,80.17],[37.5,-11.5],[-75.085,-119.817]],"v":[[183.5,-150.5],[271,73],[386.5,161.5],[407,19]],"c":true}]},{"i":{"x":0.833,"y":0.833},"o":{"x":0.167,"y":0.167},"t":84,"s":[{"i":[[179.5,22.5],[-20,-145],[-74.5,-19.5],[20.471,87.931]],"o":[[38,186.5],[14.462,107.275],[74.5,19.5],[-26.043,-251.409]],"v":[[194,-104.5],[286,203],[328.5,439.5],[419,310]],"c":true}]},{"i":{"x":0.833,"y":0.833},"o":{"x":0.167,"y":0.167},"t":85,"s":[{"i":[[221.5,48.5],[-9,-264],[-35.011,0.473],[-2.886,101.003]],"o":[[21.5,300.5],[4.821,141.428],[37,-0.5],[11,-385]],"v":[[204.5,-72.5],[285,317],[290.5,679.5],[439,601]],"c":true}]},{"i":{"x":0.833,"y":0.833},"o":{"x":0.167,"y":0.167},"t":88,"s":[{"i":[[196.632,46.47],[5.871,-227.423],[-60.08,0.372],[-2.018,100.989]],"o":[[-40.268,299.27],[-3.303,141.449],[53.929,-0.393],[9.393,-327.191]],"v":[[191.268,-60.27],[268.929,322.223],[285.25,674.196],[402.448,548.768]],"c":true}]},{"i":{"x":0.833,"y":0.833},"o":{"x":0.167,"y":0.167},"t":90,"s":[{"i":[[180.054,45.116],[1.786,-201.705],[-76.793,0.304],[-1.439,100.979]],"o":[[-47.446,266.116],[-1.253,141.504],[65.214,-0.321],[8.322,-288.652]],"v":[[183.446,-62.116],[258.214,325.705],[281.75,670.661],[378.08,513.946]],"c":true}]},{"i":{"x":0.833,"y":0.833},"o":{"x":0.167,"y":0.167},"t":95,"s":[{"i":[[138.607,41.732],[12,-266],[-118.575,0.135],[0.008,100.955]],"o":[[-48.393,259.732],[-6.377,141.366],[93.429,-0.143],[5.644,-192.304]],"v":[[182.393,-33.732],[231.429,334.411],[273,661.821],[317.161,426.893]],"c":true}]},{"i":{"x":0.833,"y":0.833},"o":{"x":0.167,"y":0.167},"t":99,"s":[{"i":[[107.125,23.188],[12,-266],[-152,0],[2.434,100.991]],"o":[[-14.75,179.125],[-6.377,141.366],[116,0],[-1.298,-116.025]],"v":[[173.75,23.875],[210,341.375],[238,654.75],[271.625,357.25]],"c":true}]},{"i":{"x":0.833,"y":0.833},"o":{"x":0.167,"y":0.167},"t":100,"s":[{"i":[[104,20],[5.023,-266.223],[-35.011,0.473],[3,101]],"o":[[13.5,107.5],[-1,53],[37,-0.5],[-2.918,-98.227]],"v":[[169.5,65.5],[205,343],[234.5,459.5],[261,341]],"c":true}]},{"i":{"x":0.833,"y":0.833},"o":{"x":0.167,"y":0.167},"t":101,"s":[{"i":[[99.5,21.5],[12,-266],[-35.011,0.473],[3,101]],"o":[[13.5,107.5],[-6.377,141.366],[37,-0.5],[-2.918,-98.227]],"v":[[168.5,73.5],[205,343],[234.5,499.5],[261,341]],"c":true}]},{"i":{"x":0.833,"y":0.833},"o":{"x":0.167,"y":0.167},"t":105,"s":[{"i":[[93.832,17.659],[2.332,-243.841],[-35.011,0.473],[3,101]],"o":[[4,57.5],[-1.406,146.997],[37,-0.5],[-2.918,-98.227]],"v":[[186,114.5],[225,349],[240.5,579.5],[257,351]],"c":true}]},{"i":{"x":0.833,"y":0.833},"o":{"x":0.167,"y":0.167},"t":106,"s":[{"i":[[87.05,19.8],[-0.3,-272.5],[-35.011,0.473],[3.814,100.972]],"o":[[20.05,35.8],[0.162,147.003],[37,-0.5],[-8.8,-233]],"v":[[177.45,115.2],[225.8,431],[241.3,661.5],[257.8,433]],"c":true}]},{"i":{"x":0.833,"y":0.833},"o":{"x":0.167,"y":0.167},"t":107,"s":[{"i":[[85.6,22.6],[-2.6,-306],[-35.011,0.473],[6.046,100.863]],"o":[[28.85,36.85],[1.249,146.998],[37,-0.5],[-19.6,-327]],"v":[[177.4,119.4],[226.6,513],[242.1,743.5],[258.6,515]],"c":true}]},{"i":{"x":0.833,"y":0.833},"o":{"x":0.167,"y":0.167},"t":108,"s":[{"i":[[25.567,-2.767],[-2.337,-292.755],[-35.011,0.473],[5.03,100.909]],"o":[[-16.433,1.233],[1.166,146.999],[37,-0.5],[-14.039,-250.742]],"v":[[220.433,256.267],[227.4,595],[242.9,825.5],[259.4,597]],"c":true}]},{"t":110,"s":[{"i":[[23.5,-5.5],[-1.811,-266.264],[-35.011,0.473],[3,101]],"o":[[-28.5,2.5],[1,147],[37,-0.5],[-2.918,-98.227]],"v":[[240.5,531.5],[229,759],[244.5,989.5],[261,761]],"c":true}]}],"ix":2},"nm":"Path 1","mn":"ADBE Vector Shape - Group","hd":false},{"ty":"fl","c":{"a":0,"k":[0.525490196078,0.360784313725,0.313725490196,1],"ix":4},"o":{"a":0,"k":100,"ix":5},"r":1,"bm":0,"nm":"Fill 1","mn":"ADBE Vector Graphic - Fill","hd":false},{"ty":"tr","p":{"a":0,"k":[0,0],"ix":2},"a":{"a":0,"k":[0,0],"ix":1},"s":{"a":0,"k":[100,100],"ix":3},"r":{"a":0,"k":0,"ix":6},"o":{"a":0,"k":100,"ix":7},"sk":{"a":0,"k":0,"ix":4},"sa":{"a":0,"k":0,"ix":5},"nm":"Transform"}],"nm":"Shape 1","np":3,"cix":2,"bm":0,"ix":1,"mn":"ADBE Vector Group","hd":false}],"ip":83,"op":185,"st":-12,"bm":0},{"ddd":0,"ind":5,"ty":4,"nm":"glass shine","parent":11,"sr":1,"ks":{"o":{"a":0,"k":100,"ix":11},"r":{"a":0,"k":0,"ix":10},"p":{"a":0,"k":[512,512,0],"ix":2,"l":2},"a":{"a":0,"k":[512,512,0],"ix":1,"l":2},"s":{"a":0,"k":[100,100,100],"ix":6,"l":2}},"ao":0,"shapes":[{"ty":"gr","it":[{"ind":0,"ty":"sh","ix":1,"ks":{"a":1,"k":[{"i":{"x":0.104,"y":1},"o":{"x":0.654,"y":0},"t":68,"s":[{"i":[[-0.431,-19.228],[114.145,-2.364],[0.583,25.924],[-130.34,2.699]],"o":[[0.626,27.906],[-130.34,2.699],[-0.49,-21.805],[130.34,-2.699]],"v":[[235.265,-11.477],[-0.629,39.883],[-234.88,-8.014],[-2.834,-58.347]],"c":true}]},{"i":{"x":0.833,"y":1},"o":{"x":0.167,"y":0},"t":94,"s":[{"i":[[-0.801,-37.148],[114.145,-2.461],[1.08,50.088],[-130.34,2.81]],"o":[[1.163,53.916],[-130.34,2.811],[-0.908,-42.129],[130.34,-2.81]],"v":[[233.505,-5.568],[0.559,94.892],[-233.76,-7.494],[-3.533,-94.892]],"c":true}]},{"i":{"x":0.667,"y":1},"o":{"x":0.998,"y":0},"t":110,"s":[{"i":[[-0.801,-37.148],[114.145,-2.461],[1.08,50.088],[-130.34,2.81]],"o":[[1.163,53.916],[-130.34,2.811],[-0.908,-42.129],[130.34,-2.81]],"v":[[233.505,-5.568],[0.559,94.892],[-233.76,-7.494],[-3.533,-94.892]],"c":true}]},{"t":129,"s":[{"i":[[-0.431,-19.228],[114.145,-2.364],[0.583,25.925],[-130.34,2.699]],"o":[[0.626,27.906],[-130.34,2.699],[-0.49,-21.805],[130.34,-2.699]],"v":[[235.265,-11.477],[-0.629,39.883],[-234.88,-8.014],[-2.834,-58.347]],"c":true}]}],"ix":2},"nm":"Path 1","mn":"ADBE Vector Shape - Group","hd":false},{"ty":"st","c":{"a":0,"k":[1,1,1,1],"ix":3},"o":{"a":0,"k":100,"ix":4},"w":{"a":0,"k":20,"ix":5},"lc":2,"lj":1,"ml":10,"bm":0,"nm":"Stroke 1","mn":"ADBE Vector Graphic - Stroke","hd":false},{"ty":"tr","p":{"a":0,"k":[500.438,270.167],"ix":2},"a":{"a":0,"k":[0,0],"ix":1},"s":{"a":0,"k":[100,100],"ix":3},"r":{"a":0,"k":0,"ix":6},"o":{"a":0,"k":100,"ix":7},"sk":{"a":0,"k":0,"ix":4},"sa":{"a":0,"k":0,"ix":5},"nm":"Transform"}],"nm":"Group 1","np":2,"cix":2,"bm":0,"ix":1,"mn":"ADBE Vector Group","hd":false},{"ty":"tm","s":{"a":1,"k":[{"i":{"x":[0.225],"y":[1]},"o":{"x":[0.167],"y":[0]},"t":76,"s":[49]},{"i":{"x":[0.833],"y":[1]},"o":{"x":[0.333],"y":[0]},"t":91,"s":[51]},{"i":{"x":[0.833],"y":[1]},"o":{"x":[0.998],"y":[0]},"t":110,"s":[51]},{"t":126,"s":[49]}],"ix":1},"e":{"a":1,"k":[{"i":{"x":[0.225],"y":[1]},"o":{"x":[0.167],"y":[0]},"t":76,"s":[100]},{"i":{"x":[0.833],"y":[1]},"o":{"x":[0.333],"y":[0]},"t":91,"s":[100]},{"i":{"x":[0.833],"y":[1]},"o":{"x":[0.998],"y":[0]},"t":110,"s":[100]},{"t":126,"s":[100]}],"ix":2},"o":{"a":1,"k":[{"i":{"x":[0.225],"y":[1]},"o":{"x":[0.167],"y":[0]},"t":76,"s":[-351]},{"i":{"x":[0.833],"y":[1]},"o":{"x":[0.333],"y":[0]},"t":91,"s":[-181]},{"i":{"x":[0.833],"y":[1]},"o":{"x":[0.998],"y":[0]},"t":110,"s":[-181]},{"t":126,"s":[-351]}],"ix":3},"m":1,"ix":2,"nm":"Trim Paths 1","mn":"ADBE Vector Filter - Trim","hd":false}],"ip":0,"op":185,"st":0,"bm":0},{"ddd":0,"ind":6,"ty":4,"nm":"glass border","parent":7,"sr":1,"ks":{"o":{"a":0,"k":100,"ix":11},"r":{"a":1,"k":[{"i":{"x":[0],"y":[1]},"o":{"x":[0.333],"y":[0]},"t":60,"s":[2]},{"i":{"x":[0.833],"y":[1]},"o":{"x":[0.167],"y":[0]},"t":68,"s":[0]},{"i":{"x":[0.65],"y":[1]},"o":{"x":[0.3],"y":[0]},"t":76,"s":[2]},{"i":{"x":[0.824],"y":[1]},"o":{"x":[0.41],"y":[0]},"t":94,"s":[0]},{"i":{"x":[0.215],"y":[1]},"o":{"x":[0.333],"y":[0]},"t":101,"s":[0]},{"i":{"x":[0.833],"y":[1]},"o":{"x":[0.998],"y":[0]},"t":109,"s":[6]},{"i":{"x":[0.833],"y":[1]},"o":{"x":[0.167],"y":[0]},"t":129,"s":[0]},{"t":139,"s":[2]}],"ix":10},"p":{"a":1,"k":[{"i":{"x":0.632,"y":0.371},"o":{"x":0.449,"y":0},"t":68,"s":[498,960,0],"to":[-2.844,0.089,0],"ti":[30.11,-0.947,0]},{"i":{"x":0.373,"y":1},"o":{"x":0.128,"y":0.162},"t":80,"s":[477.807,869.061,0],"to":[-20.054,0.631,0],"ti":[0,0,0]},{"i":{"x":0.373,"y":0.373},"o":{"x":0.167,"y":0.167},"t":94,"s":[353.903,964.531,0],"to":[0,0,0],"ti":[0,0,0]},{"i":{"x":0.811,"y":0.799},"o":{"x":0.509,"y":0},"t":109,"s":[353.903,964.531,0],"to":[0,0,0],"ti":[-19.318,0.607,0]},{"i":{"x":0.632,"y":0.801},"o":{"x":0.699,"y":0.189},"t":121,"s":[288.114,901.983,0],"to":[37.899,-1.192,0],"ti":[-29.04,-20.535,0]},{"i":{"x":0.571,"y":1},"o":{"x":0.251,"y":0.165},"t":127,"s":[475.019,914.515,0],"to":[7.494,5.299,0],"ti":[3.506,-0.11,0]},{"t":129,"s":[498,960,0]}],"ix":2,"l":2},"a":{"a":0,"k":[498,956,0],"ix":1,"l":2},"s":{"a":0,"k":[100,100,100],"ix":6,"l":2}},"ao":0,"shapes":[{"ty":"gr","it":[{"ind":0,"ty":"sh","ix":1,"ks":{"a":1,"k":[{"i":{"x":0.104,"y":1},"o":{"x":0.654,"y":0},"t":68,"s":[{"i":[[-77.483,-0.021],[-47.808,18.576],[0,0],[0,0],[26.746,-12.235],[83.714,1.188],[21.392,10.059],[0,0],[0,0],[-56.043,-18.221]],"o":[[87.233,0.039],[46.239,-17.975],[0,0],[0,0],[-26.823,12.251],[-115.767,-1.686],[-22.918,-10.774],[0,0],[0,0],[53.316,17.261]],"v":[[-4.816,34.937],[219.655,2.212],[259.42,-34.205],[225.456,-34.976],[207.474,-13.627],[-10.746,20.17],[-210.67,-10.045],[-232.857,-32.164],[-262.138,-29.006],[-209.851,11.577]],"c":true}]},{"i":{"x":0.833,"y":1},"o":{"x":0.167,"y":0},"t":94,"s":[{"i":[[-77.538,-1.913],[-47.368,33.845],[0,0],[0,0],[26.454,-22.406],[83.803,4.261],[21.665,19.469],[0,0],[0,0],[-56.548,-35.683]],"o":[[87.294,2.181],[45.813,-32.749],[0,0],[0,0],[-26.528,22.433],[-115.891,-5.973],[-23.208,-20.854],[0,0],[0,0],[53.794,33.812]],"v":[[-3.138,106.956],[220.655,50.722],[259.518,-16.931],[225.51,-19.204],[208.06,20.586],[-9.449,78.99],[-210.284,17.229],[-233.05,-24.982],[-262.271,-19.739],[-208.912,57.987]],"c":true}]},{"i":{"x":0.667,"y":1},"o":{"x":0.998,"y":0},"t":109,"s":[{"i":[[-77.538,-1.913],[-47.368,33.845],[0,0],[0,0],[26.454,-22.406],[83.803,4.261],[21.665,19.469],[0,0],[0,0],[-56.548,-35.683]],"o":[[87.294,2.181],[45.813,-32.749],[0,0],[0,0],[-26.528,22.433],[-115.891,-5.973],[-23.208,-20.854],[0,0],[0,0],[53.794,33.812]],"v":[[-3.138,106.956],[220.655,50.722],[259.518,-16.931],[225.51,-19.204],[208.06,20.586],[-9.449,78.99],[-210.284,17.229],[-233.05,-24.982],[-262.271,-19.739],[-208.912,57.987]],"c":true}]},{"t":129,"s":[{"i":[[-77.483,-0.021],[-47.808,18.576],[0,0],[0,0],[26.746,-12.235],[83.714,1.188],[21.392,10.059],[0,0],[0,0],[-56.043,-18.221]],"o":[[87.233,0.039],[46.239,-17.975],[0,0],[0,0],[-26.823,12.251],[-115.767,-1.686],[-22.918,-10.774],[0,0],[0,0],[53.316,17.261]],"v":[[-4.816,34.937],[219.655,2.212],[259.42,-34.205],[225.456,-34.976],[207.474,-13.627],[-10.746,20.17],[-210.67,-10.045],[-232.857,-32.164],[-262.138,-29.006],[-209.851,11.577]],"c":true}]}],"ix":2},"nm":"Path 1","mn":"ADBE Vector Shape - Group","hd":false},{"ty":"fl","c":{"a":0,"k":[0.783999992819,0.783999992819,0.783999992819,1],"ix":4},"o":{"a":0,"k":100,"ix":5},"r":1,"bm":0,"nm":"Fill 1","mn":"ADBE Vector Graphic - Fill","hd":false},{"ty":"tr","p":{"a":0,"k":[498.639,289.756],"ix":2},"a":{"a":0,"k":[0,0],"ix":1},"s":{"a":0,"k":[100,100],"ix":3},"r":{"a":0,"k":0,"ix":6},"o":{"a":0,"k":100,"ix":7},"sk":{"a":0,"k":0,"ix":4},"sa":{"a":0,"k":0,"ix":5},"nm":"Transform"}],"nm":"Group 2","np":2,"cix":2,"bm":0,"ix":2,"mn":"ADBE Vector Group","hd":false}],"ip":0,"op":185,"st":0,"bm":0},{"ddd":0,"ind":7,"ty":3,"nm":"Null move","sr":1,"ks":{"o":{"a":0,"k":100,"ix":11},"r":{"a":1,"k":[{"i":{"x":[0.104],"y":[1]},"o":{"x":[0.654],"y":[0]},"t":74,"s":[0]},{"i":{"x":[0.833],"y":[1]},"o":{"x":[0.167],"y":[0]},"t":94,"s":[111]},{"i":{"x":[0.833],"y":[1]},"o":{"x":[0.167],"y":[0]},"t":104,"s":[110.5]},{"i":{"x":[0.833],"y":[1]},"o":{"x":[0.998],"y":[0]},"t":109,"s":[110.5]},{"t":129,"s":[0]}],"ix":10},"p":{"a":0,"k":[512,512,0],"ix":2,"l":2},"a":{"a":0,"k":[512,512,0],"ix":1,"l":2},"s":{"a":0,"k":[100,100,100],"ix":6,"l":2}},"ao":0,"ip":0,"op":185,"st":0,"bm":0},{"ddd":0,"ind":8,"ty":4,"nm":"glass shines","parent":7,"sr":1,"ks":{"o":{"a":0,"k":100,"ix":11},"r":{"a":1,"k":[{"i":{"x":[0],"y":[1]},"o":{"x":[0.333],"y":[0]},"t":60,"s":[2]},{"i":{"x":[0.833],"y":[1]},"o":{"x":[0.167],"y":[0]},"t":68,"s":[0]},{"i":{"x":[0.65],"y":[1]},"o":{"x":[0.3],"y":[0]},"t":76,"s":[2]},{"i":{"x":[0.824],"y":[1]},"o":{"x":[0.41],"y":[0]},"t":94,"s":[0]},{"i":{"x":[0.215],"y":[1]},"o":{"x":[0.333],"y":[0]},"t":101,"s":[0]},{"i":{"x":[0.833],"y":[1]},"o":{"x":[0.998],"y":[0]},"t":109,"s":[6]},{"i":{"x":[0.833],"y":[1]},"o":{"x":[0.167],"y":[0]},"t":129,"s":[0]},{"t":139,"s":[2]}],"ix":10},"p":{"a":1,"k":[{"i":{"x":0.632,"y":0.371},"o":{"x":0.449,"y":0},"t":68,"s":[498,960,0],"to":[-2.844,0.089,0],"ti":[30.11,-0.947,0]},{"i":{"x":0.373,"y":1},"o":{"x":0.128,"y":0.162},"t":80,"s":[477.807,869.061,0],"to":[-20.054,0.631,0],"ti":[0,0,0]},{"i":{"x":0.373,"y":0.373},"o":{"x":0.167,"y":0.167},"t":94,"s":[353.903,964.531,0],"to":[0,0,0],"ti":[0,0,0]},{"i":{"x":0.811,"y":0.799},"o":{"x":0.509,"y":0},"t":109,"s":[353.903,964.531,0],"to":[0,0,0],"ti":[-19.318,0.607,0]},{"i":{"x":0.632,"y":0.801},"o":{"x":0.699,"y":0.189},"t":121,"s":[288.114,901.983,0],"to":[37.899,-1.192,0],"ti":[-29.04,-20.535,0]},{"i":{"x":0.571,"y":1},"o":{"x":0.251,"y":0.165},"t":127,"s":[475.019,914.515,0],"to":[7.494,5.299,0],"ti":[3.506,-0.11,0]},{"t":129,"s":[498,960,0]}],"ix":2,"l":2},"a":{"a":0,"k":[498,956,0],"ix":1,"l":2},"s":{"a":0,"k":[100,100,100],"ix":6,"l":2}},"ao":0,"shapes":[{"ty":"gr","it":[{"ind":0,"ty":"sh","ix":1,"ks":{"a":1,"k":[{"i":{"x":0.104,"y":1},"o":{"x":0.654,"y":0},"t":68,"s":[{"i":[[-77.483,-0.021],[-47.808,18.576],[0,0],[0,0],[26.746,-12.235],[83.714,1.188],[21.392,10.059],[0,0],[0,0],[-56.043,-18.221]],"o":[[87.233,0.039],[46.239,-17.975],[0,0],[0,0],[-26.823,12.251],[-115.767,-1.686],[-22.918,-10.774],[0,0],[0,0],[53.316,17.261]],"v":[[-4.816,34.937],[219.655,2.212],[259.42,-34.205],[225.456,-34.976],[207.474,-13.627],[-10.746,20.17],[-210.67,-10.045],[-232.857,-32.164],[-262.138,-29.006],[-209.851,11.577]],"c":true}]},{"i":{"x":0.833,"y":1},"o":{"x":0.167,"y":0},"t":94,"s":[{"i":[[-77.538,-1.913],[-47.368,33.845],[0,0],[0,0],[26.454,-22.406],[83.803,4.261],[21.665,19.469],[0,0],[0,0],[-56.548,-35.683]],"o":[[87.294,2.181],[45.813,-32.749],[0,0],[0,0],[-26.528,22.433],[-115.891,-5.973],[-23.208,-20.854],[0,0],[0,0],[53.794,33.812]],"v":[[-3.138,106.956],[220.655,50.722],[259.518,-16.931],[225.51,-19.204],[208.06,20.586],[-9.449,78.99],[-210.284,17.229],[-233.05,-24.982],[-262.271,-19.739],[-208.912,57.987]],"c":true}]},{"i":{"x":0.667,"y":1},"o":{"x":0.998,"y":0},"t":109,"s":[{"i":[[-77.538,-1.913],[-47.368,33.845],[0,0],[0,0],[26.454,-22.406],[83.803,4.261],[21.665,19.469],[0,0],[0,0],[-56.548,-35.683]],"o":[[87.294,2.181],[45.813,-32.749],[0,0],[0,0],[-26.528,22.433],[-115.891,-5.973],[-23.208,-20.854],[0,0],[0,0],[53.794,33.812]],"v":[[-3.138,106.956],[220.655,50.722],[259.518,-16.931],[225.51,-19.204],[208.06,20.586],[-9.449,78.99],[-210.284,17.229],[-233.05,-24.982],[-262.271,-19.739],[-208.912,57.987]],"c":true}]},{"t":129,"s":[{"i":[[-77.483,-0.021],[-47.808,18.576],[0,0],[0,0],[26.746,-12.235],[83.714,1.188],[21.392,10.059],[0,0],[0,0],[-56.043,-18.221]],"o":[[87.233,0.039],[46.239,-17.975],[0,0],[0,0],[-26.823,12.251],[-115.767,-1.686],[-22.918,-10.774],[0,0],[0,0],[53.316,17.261]],"v":[[-4.816,34.937],[219.655,2.212],[259.42,-34.205],[225.456,-34.976],[207.474,-13.627],[-10.746,20.17],[-210.67,-10.045],[-232.857,-32.164],[-262.138,-29.006],[-209.851,11.577]],"c":true}]}],"ix":2},"nm":"Path 1","mn":"ADBE Vector Shape - Group","hd":false},{"ty":"fl","c":{"a":0,"k":[0.783999992819,0.783999992819,0.783999992819,1],"ix":4},"o":{"a":0,"k":100,"ix":5},"r":1,"bm":0,"nm":"Fill 1","mn":"ADBE Vector Graphic - Fill","hd":false},{"ty":"tr","p":{"a":0,"k":[498.639,289.756],"ix":2},"a":{"a":0,"k":[0,0],"ix":1},"s":{"a":0,"k":[100,100],"ix":3},"r":{"a":0,"k":0,"ix":6},"o":{"a":0,"k":100,"ix":7},"sk":{"a":0,"k":0,"ix":4},"sa":{"a":0,"k":0,"ix":5},"nm":"Transform"}],"nm":"Group 2","np":2,"cix":2,"bm":0,"ix":2,"mn":"ADBE Vector Group","hd":false},{"ty":"gr","it":[{"ind":0,"ty":"sh","ix":1,"ks":{"a":1,"k":[{"i":{"x":0.104,"y":1},"o":{"x":0.654,"y":0},"t":68,"s":[{"i":[[-0.159,-13.142],[0,0],[-53.876,15.39],[-63.249,1.756],[-53.861,-14.169],[0,0],[0,0],[65.076,16.945],[70.66,-2.509],[43.609,-13.404]],"o":[[0,0],[0,0],[48.6,-13.915],[70.506,-1.98],[41.33,10.858],[0,0],[0,0],[-64.359,-16.781],[-85.093,3.074],[-42.76,13.134]],"v":[[-262.221,30.753],[-235.251,37.018],[-192.052,4.343],[-18.248,-19.354],[183.244,-1.022],[225.489,24.578],[259.454,25.349],[197.304,-15.542],[-18.498,-34.508],[-207.222,-7.57]],"c":true}]},{"i":{"x":0.833,"y":1},"o":{"x":0.167,"y":0},"t":94,"s":[{"i":[[-0.495,-24.766],[0,0],[-53.521,27.695],[-63.249,1.781],[-54.26,-27.998],[0,0],[0,0],[65.553,33.499],[70.645,-3.019],[43.297,-24.2]],"o":[[0,0],[0,0],[48.279,-25.044],[70.505,-2.027],[41.637,21.456],[0,0],[0,0],[-64.833,-33.171],[-85.074,3.736],[-42.456,23.712]],"v":[[-262.35,40.164],[-235.202,52.618],[-192.806,-7.901],[-19.485,-48.351],[182.615,-8.941],[225.543,40.314],[259.551,42.588],[196.315,-35.959],[-20.122,-76.909],[-208.29,-30.715]],"c":true}]},{"i":{"x":0.667,"y":1},"o":{"x":0.998,"y":0},"t":109,"s":[{"i":[[-0.495,-24.766],[0,0],[-53.521,27.695],[-63.249,1.781],[-54.26,-27.998],[0,0],[0,0],[65.553,33.499],[70.645,-3.019],[43.297,-24.2]],"o":[[0,0],[0,0],[48.279,-25.044],[70.505,-2.027],[41.637,21.456],[0,0],[0,0],[-64.833,-33.171],[-85.074,3.736],[-42.456,23.712]],"v":[[-262.35,40.164],[-235.202,52.618],[-192.806,-7.901],[-19.485,-48.351],[182.615,-8.941],[225.543,40.314],[259.551,42.588],[196.315,-35.959],[-20.122,-76.909],[-208.29,-30.715]],"c":true}]},{"t":129,"s":[{"i":[[-0.159,-13.142],[0,0],[-53.876,15.39],[-63.249,1.756],[-53.861,-14.169],[0,0],[0,0],[65.076,16.945],[70.66,-2.509],[43.609,-13.404]],"o":[[0,0],[0,0],[48.6,-13.915],[70.506,-1.98],[41.33,10.858],[0,0],[0,0],[-64.359,-16.781],[-85.093,3.074],[-42.76,13.134]],"v":[[-262.221,30.753],[-235.251,37.018],[-192.052,4.343],[-18.248,-19.354],[183.244,-1.022],[225.489,24.578],[259.454,25.349],[197.304,-15.542],[-18.498,-34.508],[-207.222,-7.57]],"c":true}]}],"ix":2},"nm":"Path 1","mn":"ADBE Vector Shape - Group","hd":false},{"ty":"fl","c":{"a":0,"k":[0.783999992819,0.783999992819,0.783999992819,1],"ix":4},"o":{"a":0,"k":100,"ix":5},"r":1,"bm":0,"nm":"Fill 1","mn":"ADBE Vector Graphic - Fill","hd":false},{"ty":"tr","p":{"a":0,"k":[498.578,230.163],"ix":2},"a":{"a":0,"k":[0,0],"ix":1},"s":{"a":0,"k":[100,100],"ix":3},"r":{"a":0,"k":0,"ix":6},"o":{"a":0,"k":100,"ix":7},"sk":{"a":0,"k":0,"ix":4},"sa":{"a":0,"k":0,"ix":5},"nm":"Transform"}],"nm":"Group 3","np":2,"cix":2,"bm":0,"ix":3,"mn":"ADBE Vector Group","hd":false},{"ty":"gr","it":[{"ind":0,"ty":"sh","ix":1,"ks":{"a":1,"k":[{"i":{"x":0.833,"y":0.833},"o":{"x":0.654,"y":0},"t":68,"s":[{"i":[[-13.3,11.728],[-2.696,36.07],[0,0],[0,0],[0.132,-66.26],[-17.85,-11.275]],"o":[[17.776,-15.594],[2.669,-35.995],[0,0],[0,0],[-0.133,66.258],[13.406,8.464]],"v":[[11.079,168.355],[40.422,94.79],[56.272,-183.514],[-52.372,-147.358],[-56.139,67.29],[-36.972,175.05]],"c":true}]},{"i":{"x":0.104,"y":1},"o":{"x":0.167,"y":0.167},"t":79,"s":[{"i":[[-13.239,10.094],[-0.194,52.887],[0,0],[0,0],[-1.932,-49.343],[-18.023,-13.433]],"o":[[17.657,-13.434],[0.182,-52.854],[0,0],[0,0],[1.947,49.384],[13.509,10.095]],"v":[[-130.424,238.822],[-108.262,145.943],[-102.708,-128.91],[-207.607,-127.358],[-204.422,150.45],[-178.561,238.724]],"c":true}]},{"i":{"x":0.833,"y":1},"o":{"x":0.167,"y":0},"t":94,"s":[{"i":[[-13.19,8.797],[1.791,66.235],[0,0],[0,0],[-3.57,-35.916],[-18.161,-15.145]],"o":[[17.562,-11.719],[-1.792,-66.235],[0,0],[0,0],[3.597,35.991],[13.59,11.39]],"v":[[-240.231,158.973],[-223.768,50.766],[-228.887,-85.571],[-330.815,-111.484],[-319.61,80.675],[-288.435,153.484]],"c":true}]},{"i":{"x":0.833,"y":0.833},"o":{"x":0.998,"y":0},"t":109,"s":[{"i":[[-13.19,8.797],[1.791,66.235],[0,0],[0,0],[-3.57,-35.916],[-18.161,-15.145]],"o":[[17.562,-11.719],[-1.792,-66.235],[0,0],[0,0],[3.597,35.991],[13.59,11.39]],"v":[[-240.231,158.973],[-223.768,50.766],[-228.887,-85.571],[-330.815,-111.484],[-319.61,80.675],[-288.435,153.484]],"c":true}]},{"i":{"x":0.667,"y":1},"o":{"x":0.167,"y":0.167},"t":124,"s":[{"i":[[-13.245,10.269],[-0.463,51.085],[0,0],[0,0],[-1.711,-51.156],[-18.005,-13.201]],"o":[[17.669,-13.665],[0.449,-51.047],[0,0],[0,0],[1.724,51.193],[13.498,9.92]],"v":[[-113.221,188.024],[-90.289,97.216],[-84.527,-124.98],[-189.828,-119.719],[-186.492,98.291],[-161.348,188.654]],"c":true}]},{"t":129,"s":[{"i":[[-13.3,11.728],[-2.696,36.07],[0,0],[0,0],[0.132,-66.26],[-17.85,-11.275]],"o":[[17.776,-15.594],[2.669,-35.995],[0,0],[0,0],[-0.133,66.258],[13.406,8.464]],"v":[[11.079,168.355],[40.422,94.79],[56.272,-183.514],[-52.372,-147.358],[-56.139,67.29],[-36.972,175.05]],"c":true}]}],"ix":2},"nm":"Path 1","mn":"ADBE Vector Shape - Group","hd":false},{"ty":"fl","c":{"a":0,"k":[1,1,1,1],"ix":4},"o":{"a":0,"k":100,"ix":5},"r":1,"bm":0,"nm":"Fill 1","mn":"ADBE Vector Graphic - Fill","hd":false},{"ty":"tr","p":{"a":0,"k":[655.443,468.429],"ix":2},"a":{"a":0,"k":[0,0],"ix":1},"s":{"a":0,"k":[100,100],"ix":3},"r":{"a":0,"k":0,"ix":6},"o":{"a":0,"k":100,"ix":7},"sk":{"a":0,"k":0,"ix":4},"sa":{"a":0,"k":0,"ix":5},"nm":"Transform"}],"nm":"Group 4","np":2,"cix":2,"bm":0,"ix":4,"mn":"ADBE Vector Group","hd":false},{"ty":"gr","it":[{"ind":0,"ty":"sh","ix":1,"ks":{"a":1,"k":[{"i":{"x":0.104,"y":1},"o":{"x":0.654,"y":0},"t":68,"s":[{"i":[[-5.551,-16.021],[-82.805,13.073],[15.061,13.868],[69.284,-11.239]],"o":[[3.579,10.443],[55.641,-8.794],[-14.515,-13.325],[-69.974,11.367]],"v":[[-102.872,14.697],[10.21,19.951],[93.362,-19.699],[-9.099,-4.137]],"c":true}]},{"i":{"x":0.833,"y":1},"o":{"x":0.167,"y":0},"t":94,"s":[{"i":[[0.964,-29.757],[-86.748,8.379],[9.261,27.628],[72.704,-7.552]],"o":[[-0.668,19.392],[58.294,-5.647],[-8.941,-26.551],[-73.434,7.655]],"v":[[-147.723,31.246],[-38.528,61.267],[59.225,5.261],[-47.869,14.528]],"c":true}]},{"i":{"x":0.667,"y":1},"o":{"x":0.998,"y":0},"t":109,"s":[{"i":[[0.964,-29.757],[-86.748,8.379],[9.261,27.628],[72.704,-7.552]],"o":[[-0.668,19.392],[58.294,-5.647],[-8.941,-26.551],[-73.434,7.655]],"v":[[-147.723,31.246],[-38.528,61.267],[59.225,5.261],[-47.869,14.528]],"c":true}]},{"t":129,"s":[{"i":[[-5.551,-16.021],[-82.805,13.073],[15.061,13.868],[69.284,-11.239]],"o":[[3.579,10.443],[55.641,-8.794],[-14.515,-13.325],[-69.974,11.367]],"v":[[-102.872,14.697],[10.21,19.951],[93.362,-19.699],[-9.099,-4.137]],"c":true}]}],"ix":2},"nm":"Path 1","mn":"ADBE Vector Shape - Group","hd":false},{"ty":"fl","c":{"a":0,"k":[1,1,1,1],"ix":4},"o":{"a":0,"k":100,"ix":5},"r":1,"bm":0,"nm":"Fill 1","mn":"ADBE Vector Graphic - Fill","hd":false},{"ty":"tr","p":{"a":0,"k":[566.862,898.459],"ix":2},"a":{"a":0,"k":[0,0],"ix":1},"s":{"a":0,"k":[100,100],"ix":3},"r":{"a":0,"k":0,"ix":6},"o":{"a":0,"k":100,"ix":7},"sk":{"a":0,"k":0,"ix":4},"sa":{"a":0,"k":0,"ix":5},"nm":"Transform"}],"nm":"Group 5","np":2,"cix":2,"bm":0,"ix":5,"mn":"ADBE Vector Group","hd":false}],"ip":0,"op":185,"st":0,"bm":0},{"ddd":0,"ind":9,"ty":4,"nm":"liquid","parent":11,"sr":1,"ks":{"o":{"a":0,"k":100,"ix":11},"r":{"a":0,"k":-2,"ix":10},"p":{"a":0,"k":[501.113,659.907,0],"ix":2,"l":2},"a":{"a":0,"k":[218.25,259.445,0],"ix":1,"l":2},"s":{"a":0,"k":[100,100,100],"ix":6,"l":2}},"ao":0,"shapes":[{"ty":"gr","it":[{"ind":0,"ty":"sh","ix":1,"ks":{"a":1,"k":[{"i":{"x":0.833,"y":0.833},"o":{"x":0.167,"y":0},"t":2,"s":[{"i":[[-1.445,35.023],[2.286,-35.802],[73.165,-5.889],[0.797,27.559],[0,0],[-126.111,-3]],"o":[[0,0],[-1.863,29.178],[-99.735,8.029],[-0.985,-34.074],[0,0],[110.406,2.627]],"v":[[181.5,177.782],[178.73,197.111],[10.824,251.166],[-193.7,201.091],[-196,149.805],[-34.333,193.805]],"c":true}]},{"i":{"x":0.833,"y":0.833},"o":{"x":0.167,"y":0.167},"t":14,"s":[{"i":[[-1.445,83.523],[2.286,-35.802],[73.165,-5.889],[0.797,27.559],[0,0],[-87.111,-69]],"o":[[0,0],[-1.863,29.178],[-99.735,8.029],[-0.985,-34.074],[0,0],[86.57,68.571]],"v":[[200,-15.718],[178.73,197.111],[10.824,251.166],[-193.7,201.09],[-203,-6.195],[-21.333,36.805]],"c":true}]},{"i":{"x":0.667,"y":1},"o":{"x":0.167,"y":0.167},"t":20,"s":[{"i":[[-11.445,33.523],[2.286,-35.802],[73.165,-5.889],[0.797,27.559],[0,0],[-104.112,-1.5]],"o":[[0,0],[-1.863,29.178],[-99.735,8.029],[-0.985,-34.074],[0,0],[92.889,1.5]],"v":[[209,-135.718],[178.73,197.111],[10.824,251.166],[-193.7,201.09],[-210.5,-132.695],[29.667,-132.695]],"c":true}]},{"i":{"x":0.833,"y":0.833},"o":{"x":0.333,"y":0},"t":28,"s":[{"i":[[-21.445,-16.477],[2.286,-35.802],[73.165,-5.889],[0.797,27.559],[0,0],[-169.111,108]],"o":[[0,0],[-1.863,29.178],[-99.735,8.029],[-0.985,-34.074],[0,0],[87.461,-55.855]],"v":[[218,-255.718],[178.73,197.111],[10.824,251.166],[-193.7,201.09],[-218,-259.195],[34.667,-242.195]],"c":true}]},{"i":{"x":0.833,"y":0.833},"o":{"x":0.167,"y":0.167},"t":40,"s":[{"i":[[3.556,-38.477],[2.286,-35.802],[73.165,-5.889],[0.797,27.559],[0,0],[-222.614,80.434]],"o":[[0,0],[-1.863,29.178],[-99.735,8.029],[-0.985,-34.074],[0,0],[34.225,-12.366]],"v":[[218,-215.718],[178.73,197.111],[10.824,251.167],[-193.7,201.09],[-216.066,-194.047],[171.17,-230.629]],"c":true}]},{"i":{"x":0.833,"y":1},"o":{"x":0.167,"y":0.167},"t":41,"s":[{"i":[[3.556,-38.477],[2.286,-35.802],[73.165,-5.889],[0.797,27.559],[0,0],[-158.614,45.434]],"o":[[0,0],[-1.863,29.178],[-99.735,8.029],[-0.985,-34.074],[0,0],[34.983,-10.021]],"v":[[218,-215.718],[178.73,197.111],[10.824,251.167],[-193.7,201.09],[-216.066,-194.047],[60.17,-197.629]],"c":true}]},{"i":{"x":0.833,"y":0.833},"o":{"x":0.167,"y":0},"t":42,"s":[{"i":[[3.556,-38.477],[2.286,-35.802],[73.165,-5.889],[0.797,27.559],[0,0],[-21.934,-7.449]],"o":[[0,0],[-1.863,29.178],[-99.735,8.029],[-0.985,-34.074],[0,0],[154.386,52.434]],"v":[[218,-215.718],[178.73,197.11],[10.824,251.167],[-193.7,201.09],[-216.066,-194.047],[-179.83,-192.629]],"c":true}]},{"i":{"x":0.833,"y":1},"o":{"x":0.167,"y":0.167},"t":49,"s":[{"i":[[-0.127,6.45],[2.286,-35.802],[73.165,-5.889],[0.797,27.559],[0,0],[-118.39,-11.697]],"o":[[0,0],[-1.863,29.178],[-99.735,8.029],[-0.985,-34.074],[0,0],[118.39,11.697]],"v":[[218,-226.03],[178.73,197.11],[10.824,251.167],[-193.7,201.09],[-216.066,-223.507],[-56.834,-191.893]],"c":true}]},{"i":{"x":0.833,"y":1},"o":{"x":0.167,"y":0},"t":52,"s":[{"i":[[-1.445,22.523],[2.286,-35.802],[73.165,-5.889],[0.797,27.559],[0,0],[-138.614,-7.566]],"o":[[0,0],[-1.863,29.178],[-99.735,8.029],[-0.985,-34.074],[0,0],[120.953,6.602]],"v":[[218,-229.718],[178.73,197.11],[10.824,251.167],[-193.7,201.09],[-216.066,-234.047],[-12.83,-191.629]],"c":true}]},{"i":{"x":0.833,"y":1},"o":{"x":0.167,"y":0},"t":60,"s":[{"i":[[-1.445,22.523],[2.286,-35.802],[73.165,-5.889],[0.797,27.559],[0,0],[-131.621,-0.508]],"o":[[0,0],[-1.863,29.178],[-99.735,8.029],[-0.985,-34.074],[0,0],[112.386,0.434]],"v":[[218,-229.718],[178.73,197.11],[10.824,251.167],[-193.7,201.09],[-216.066,-222.047],[19.17,-184.629]],"c":true}]},{"i":{"x":0.833,"y":1},"o":{"x":0.167,"y":0},"t":68,"s":[{"i":[[-1.445,22.523],[2.286,-35.802],[73.165,-5.889],[0.797,27.559],[0,0],[-131.621,-0.508]],"o":[[0,0],[-1.863,29.178],[-99.735,8.029],[-0.985,-34.074],[0,0],[112.386,0.434]],"v":[[218,-229.718],[178.73,197.11],[10.824,251.167],[-193.7,201.09],[-216.066,-222.047],[3.17,-180.629]],"c":true}]},{"i":{"x":0.833,"y":1},"o":{"x":0.167,"y":0},"t":72,"s":[{"i":[[-1.445,22.523],[2.286,-35.802],[73.165,-5.889],[0.797,27.559],[0,0],[-131.621,-0.508]],"o":[[0,0],[-1.863,29.178],[-99.735,8.029],[-0.985,-34.074],[0,0],[112.386,0.434]],"v":[[218,-229.718],[178.73,197.11],[10.824,251.167],[-193.7,201.09],[-216.066,-222.047],[3.17,-180.629]],"c":true}]},{"i":{"x":0.833,"y":0.833},"o":{"x":0.167,"y":0},"t":78,"s":[{"i":[[-1.445,22.523],[2.286,-35.802],[73.165,-5.889],[0.797,27.559],[0,0],[-130.803,14.658]],"o":[[0,0],[-1.863,29.178],[-99.735,8.029],[-0.985,-34.074],[0,0],[129.619,-14.526]],"v":[[224.722,-255.425],[178.73,197.11],[10.824,251.167],[-193.7,201.09],[-209.67,-184.469],[3.17,-180.629]],"c":true}]},{"i":{"x":0.833,"y":0.833},"o":{"x":0.167,"y":0.167},"t":79,"s":[{"i":[[-1.445,22.523],[2.286,-35.802],[72.995,-5.281],[1.109,27.616],[-3.992,15.486],[-129.427,29.645]],"o":[[0,0],[-1.863,29.178],[-97.932,7.294],[7.012,-30.615],[4.312,-16.726],[138.561,-38.842]],"v":[[226.731,-267.288],[178.73,197.11],[12.142,252.043],[-187.803,200.963],[-197.218,-143.805],[17.892,-198.315]],"c":true}]},{"i":{"x":0.833,"y":0.833},"o":{"x":0.167,"y":0.167},"t":80,"s":[{"i":[[-1.445,22.523],[2.286,-35.802],[72.731,-4.335],[1.596,27.704],[-3.321,85.664],[-127.284,52.97]],"o":[[0,0],[-1.863,29.178],[-95.126,6.151],[-3.109,-80.97],[1.711,-44.123],[152.478,-76.689]],"v":[[229.858,-285.752],[178.73,197.11],[14.192,253.407],[-178.624,200.764],[-174.879,-88.529],[40.806,-225.843]],"c":true}]},{"i":{"x":0.833,"y":0.833},"o":{"x":0.167,"y":0.167},"t":81,"s":[{"i":[[-1.445,22.523],[2.286,-35.802],[72.761,-3.491],[1.596,27.704],[-5.8,86.892],[-127.284,52.97]],"o":[[0,0],[-1.863,29.178],[-82.727,5.092],[-3.109,-80.97],[3.427,-43.989],[152.478,-76.689]],"v":[[229.858,-285.752],[178.73,197.11],[17.486,256.716],[-179.458,197.183],[-180.538,-84.752],[58.664,-273.962]],"c":true}]},{"i":{"x":0.833,"y":0.833},"o":{"x":0.167,"y":0.167},"t":82,"s":[{"i":[[-1.445,22.523],[2.286,-35.802],[72.791,-2.648],[1.596,27.704],[-53.993,103.635],[-127.284,52.97]],"o":[[0,0],[-1.863,29.178],[-70.329,4.033],[-3.109,-80.97],[20.402,-39.16],[152.478,-76.689]],"v":[[229.858,-285.752],[178.73,197.11],[20.78,260.025],[-180.293,193.601],[-114.054,-126.908],[76.521,-322.082]],"c":true}]},{"i":{"x":0.833,"y":0.833},"o":{"x":0.167,"y":0.167},"t":85,"s":[{"i":[[-1.445,22.523],[2.286,-35.802],[72.881,-0.118],[1.596,27.704],[-3.321,85.663],[-127.284,52.97]],"o":[[0,0],[-1.863,29.178],[-33.133,0.855],[-3.11,-80.97],[1.711,-44.123],[152.478,-76.689]],"v":[[229.858,-285.752],[178.73,197.11],[30.663,269.951],[6.069,151.566],[9.814,-137.728],[130.094,-466.441]],"c":true}]},{"i":{"x":0.833,"y":0.833},"o":{"x":0.167,"y":0.167},"t":90,"s":[{"i":[[-7.446,-5.634],[2.881,-35.748],[33.184,40.599],[6.701,50.782],[7.927,69.519],[-116.976,50.174]],"o":[[0,0],[-2.052,26.615],[-24.866,-27.479],[-13.63,-81.007],[-4.098,-43.882],[154.676,-71.766]],"v":[[229.735,-319.68],[176.747,191.183],[102.558,216.311],[63.479,61.131],[25.518,-190.894],[158.353,-490.308]],"c":true}]},{"i":{"x":0.833,"y":0.833},"o":{"x":0.167,"y":0.167},"t":97,"s":[{"i":[[-15.848,-45.053],[3.714,-35.672],[11.025,53.506],[5.685,84.173],[2.064,47.958],[-102.545,46.261]],"o":[[0,0],[-2.316,23.027],[-12.844,-75.37],[-7.378,-83.654],[-9.617,-97.801],[157.754,-64.874]],"v":[[229.562,-367.18],[173.971,182.886],[124.854,144.786],[97.422,-70.852],[74.673,-276.307],[234.144,-460.988]],"c":true}]},{"i":{"x":0.833,"y":0.833},"o":{"x":0.167,"y":0.167},"t":101,"s":[{"i":[[10.636,-91.296],[4.191,-35.629],[-4.675,66.031],[-10.415,102.817],[-6.071,35.045],[-94.299,44.024]],"o":[[0,0],[-2.467,20.976],[9.681,-102.218],[8.583,-84.728],[7.537,-43.508],[159.513,-60.935]],"v":[[229.783,-352.16],[172.384,178.144],[146.734,106.557],[163.3,-143.695],[174.487,-322.598],[262.583,-448.581]],"c":true}]},{"i":{"x":0.833,"y":0.833},"o":{"x":0.167,"y":0.167},"t":105,"s":[{"i":[[2.976,-83.461],[4.191,-35.629],[-4.675,66.031],[-10.415,102.818],[-6.071,35.045],[-52.58,23.738]],"o":[[0,0],[-2.467,20.976],[9.681,-102.218],[8.583,-84.728],[7.537,-43.508],[159.513,-60.935]],"v":[[229.783,-352.16],[181.123,76.625],[170.411,71.745],[191.079,-186.733],[202.614,-337.809],[262.583,-448.581]],"c":true}]},{"t":107,"s":[{"i":[[2.976,-83.461],[4.191,-35.629],[-4.675,66.031],[-3.462,29.84],[-6.071,35.045],[-52.58,23.738]],"o":[[0,0],[-2.467,20.976],[5.593,-81.342],[9.814,-84.594],[7.537,-43.508],[159.513,-60.935]],"v":[[229.783,-352.16],[189.224,-29.953],[187.781,-87.495],[199.811,-224.454],[215.087,-354.109],[266.387,-440.364]],"c":true}]}],"ix":2},"nm":"Path 1","mn":"ADBE Vector Shape - Group","hd":false},{"ty":"fl","c":{"a":0,"k":[0.525,0.361000001197,0.313999998803,1],"ix":4},"o":{"a":0,"k":100,"ix":5},"r":1,"bm":0,"nm":"Fill 1","mn":"ADBE Vector Graphic - Fill","hd":false},{"ty":"tr","p":{"a":0,"k":[218.25,259.445],"ix":2},"a":{"a":0,"k":[0,0],"ix":1},"s":{"a":0,"k":[100,100],"ix":3},"r":{"a":0,"k":0,"ix":6},"o":{"a":0,"k":100,"ix":7},"sk":{"a":0,"k":0,"ix":4},"sa":{"a":0,"k":0,"ix":5},"nm":"Transform"}],"nm":"Group 1","np":2,"cix":2,"bm":0,"ix":1,"mn":"ADBE Vector Group","hd":false}],"ip":2,"op":108,"st":0,"bm":0},{"ddd":0,"ind":10,"ty":4,"nm":"liquid back","sr":1,"ks":{"o":{"a":0,"k":100,"ix":11},"r":{"a":0,"k":0,"ix":10},"p":{"a":0,"k":[509.72,444.568,0],"ix":2,"l":2},"a":{"a":0,"k":[219.974,75.349,0],"ix":1,"l":2},"s":{"a":0,"k":[100,100,100],"ix":6,"l":2}},"ao":0,"shapes":[{"ty":"gr","it":[{"ind":0,"ty":"sh","ix":1,"ks":{"a":1,"k":[{"i":{"x":0.833,"y":0.833},"o":{"x":0.167,"y":0.167},"t":2,"s":[{"i":[[173.263,3.451],[-3.448,-35.531],[-58.285,-6.971],[0,0]],"o":[[-67.526,-1.345],[3.695,38.075],[245.314,29.342],[0,0]],"v":[[-20.983,367.981],[-192.276,376.432],[-33.257,430.757],[181.724,396.909]],"c":true}]},{"i":{"x":0.833,"y":0.833},"o":{"x":0.167,"y":0.167},"t":10,"s":[{"i":[[187.929,-32.994],[-3.448,-35.531],[-58.285,-6.971],[0,0]],"o":[[-110.527,19.405],[3.695,38.075],[245.314,29.342],[0,0]],"v":[[40.35,271.425],[-197.609,283.988],[-35.701,345.201],[190.168,300.687]],"c":true}]},{"i":{"x":0.833,"y":0.833},"o":{"x":0.167,"y":0.167},"t":14,"s":[{"i":[[175.105,-32.207],[-3.448,-35.531],[-58.285,-6.971],[0,0]],"o":[[-141.933,26.383],[3.695,38.075],[245.314,29.342],[0,0]],"v":[[33.16,185.362],[-200.276,210.337],[-27.352,319.281],[198.962,215.433]],"c":true}]},{"i":{"x":0.833,"y":0.833},"o":{"x":0.167,"y":0.167},"t":17,"s":[{"i":[[165.487,-31.617],[-3.448,-35.531],[-58.285,-6.971],[0,0]],"o":[[-165.487,31.617],[3.695,38.075],[245.314,29.342],[0,0]],"v":[[27.767,120.814],[-202.276,155.099],[-29.84,205.34],[205.557,151.492]],"c":true}]},{"i":{"x":0.833,"y":0.833},"o":{"x":0.167,"y":0.167},"t":20,"s":[{"i":[[144.336,6.75],[-3.448,-35.531],[-58.285,-6.971],[0,0]],"o":[[-137.756,-2.486],[3.695,38.075],[245.314,29.342],[0,0]],"v":[[3.928,63.035],[-208.026,88.539],[-31.9,182.543],[208.331,90.945]],"c":true}]},{"i":{"x":0.667,"y":1},"o":{"x":0.167,"y":0.167},"t":25,"s":[{"i":[[109.084,70.697],[-3.448,-35.531],[-58.285,-6.971],[0,0]],"o":[[-91.537,-59.324],[3.695,38.075],[245.314,29.342],[0,0]],"v":[[-35.804,-33.265],[-213.859,-8.56],[-35.332,144.547],[212.954,-9.968]],"c":true}]},{"i":{"x":0.833,"y":0.833},"o":{"x":0.333,"y":0},"t":28,"s":[{"i":[[141.202,55.64],[-3.448,-35.531],[-58.285,-6.971],[0,0]],"o":[[-85.995,-45.976],[3.695,38.075],[245.314,29.342],[0,0]],"v":[[-45.043,-39.901],[-215.708,-39.474],[-37.392,121.749],[214.516,-15.996]],"c":true}]},{"i":{"x":0.833,"y":0.833},"o":{"x":0.167,"y":0.167},"t":32,"s":[{"i":[[184.026,35.564],[-3.448,-35.531],[-58.285,-6.971],[0,0]],"o":[[-78.606,-28.179],[3.695,38.075],[245.314,29.342],[0,0]],"v":[[-57.362,-48.748],[-216.507,-29.026],[-40.138,91.352],[216.599,-24.034]],"c":true}]},{"i":{"x":0.833,"y":0.833},"o":{"x":0.167,"y":0.167},"t":38,"s":[{"i":[[248.263,5.451],[-3.448,-35.531],[-58.544,-4.279],[0,0]],"o":[[-67.523,-1.482],[3.695,38.075],[296.537,21.675],[0,0]],"v":[[-73.983,-36.019],[-213.276,13.432],[-44.257,45.757],[219.724,-36.091]],"c":true}]},{"i":{"x":0.833,"y":0.833},"o":{"x":0.167,"y":0.167},"t":40,"s":[{"i":[[247.857,4.799],[-3.194,-35.547],[-58.517,-4.56],[0,0]],"o":[[-67.525,-1.305],[3.368,36.138],[291.195,22.474],[0,0]],"v":[[-70.542,-25.645],[-213.38,21.356],[-43.371,45.966],[219.828,-33.067]],"c":true}]},{"i":{"x":0.833,"y":0.833},"o":{"x":0.167,"y":0.167},"t":41,"s":[{"i":[[247.673,4.504],[-3.08,-35.554],[-58.505,-4.687],[0,0]],"o":[[-67.525,-1.224],[3.219,35.26],[288.773,22.837],[0,0]],"v":[[-68.981,-27.413],[-213.428,23.476],[-42.969,46.06],[219.876,-31.696]],"c":true}]},{"i":{"x":0.667,"y":1},"o":{"x":0.167,"y":0.167},"t":42,"s":[{"i":[[247.493,4.214],[-2.967,-35.561],[-58.493,-4.812],[0,0]],"o":[[-67.526,-1.145],[3.073,34.396],[286.393,23.193],[0,0]],"v":[[-67.448,-29.151],[-213.474,23.879],[-42.574,46.153],[219.922,-30.348]],"c":true}]},{"i":{"x":0.667,"y":1},"o":{"x":0.333,"y":0},"t":49,"s":[{"i":[[246.495,2.611],[-2.343,-35.6],[-58.426,-5.503],[0,0]],"o":[[-67.53,-0.709],[2.268,29.632],[273.254,25.16],[0,0]],"v":[[-58.983,-38.746],[-213.731,0.023],[-40.393,46.666],[220.179,-22.909]],"c":true}]},{"i":{"x":0.667,"y":1},"o":{"x":0.333,"y":0},"t":52,"s":[{"i":[[245.859,1.589],[-1.945,-35.625],[-58.384,-5.943],[0,0]],"o":[[-67.533,-0.43],[1.754,26.592],[264.872,26.414],[0,0]],"v":[[-53.583,-39.728],[-213.294,-10.404],[-39.002,46.993],[220.342,-18.164]],"c":true}]},{"i":{"x":0.667,"y":1},"o":{"x":0.333,"y":0},"t":54,"s":[{"i":[[245.435,0.908],[-1.68,-35.642],[-58.356,-6.237],[0,0]],"o":[[-67.535,-0.244],[1.412,24.566],[259.284,27.251],[0,0]],"v":[[-49.983,-40.383],[-213.003,-9.023],[-38.075,47.212],[220.451,-15]],"c":true}]},{"i":{"x":0.833,"y":0.833},"o":{"x":0.333,"y":0},"t":60,"s":[{"i":[[244.374,-0.796],[-1.017,-35.683],[-58.285,-6.971],[0,0]],"o":[[-67.539,0.22],[0.556,19.5],[245.314,29.342],[0,0]],"v":[[-40.983,-42.019],[-214.276,-5.068],[-35.757,47.757],[220.724,-7.091]],"c":true}]},{"i":{"x":0.833,"y":1},"o":{"x":0.167,"y":0.167},"t":63,"s":[{"i":[[244.249,-6.842],[-1.899,-35.643],[-58.432,-5.526],[0,0]],"o":[[-67.505,1.891],[1.038,19.478],[245.935,23.259],[0,0]],"v":[[-56.382,-40.264],[-228.686,0.959],[-48.937,49.344],[205.141,-12.474]],"c":true}]},{"i":{"x":0.833,"y":0.833},"o":{"x":0.167,"y":0},"t":68,"s":[{"i":[[244.191,-9.475],[-2.284,-35.625],[-58.496,-4.897],[0,0]],"o":[[-67.489,2.619],[1.248,19.468],[246.201,20.61],[0,0]],"v":[[-59.057,-37.93],[-230.928,5.153],[-50.645,51.604],[200.226,-14.819]],"c":true}]},{"i":{"x":0.833,"y":1},"o":{"x":0.167,"y":0.167},"t":70,"s":[{"i":[[244.25,-7.574],[-2.006,-35.64],[-58.454,-5.352],[0,0]],"o":[[-67.505,2.093],[1.096,19.476],[246.026,22.526],[0,0]],"v":[[-55.662,-41.633],[-227.858,0.109],[-47.948,47.961],[203.425,-16.505]],"c":true}]},{"i":{"x":0.833,"y":0.833},"o":{"x":0.167,"y":0},"t":72,"s":[{"i":[[244.309,-5.672],[-1.729,-35.656],[-58.412,-5.807],[0,0]],"o":[[-67.521,1.568],[0.945,19.485],[245.851,24.441],[0,0]],"v":[[-50.268,-46.836],[-222.789,-6.435],[-43.252,42.818],[208.623,-19.691]],"c":true}]},{"i":{"x":0.833,"y":0.833},"o":{"x":0.167,"y":0.167},"t":75,"s":[{"i":[[245.428,-13.702],[-1.729,-35.656],[-58.412,-5.807],[0,0]],"o":[[-67.4,3.749],[0.945,19.485],[245.851,24.441],[0,0]],"v":[[-21.768,-55.586],[-210.789,-17.185],[-31.252,32.068],[223.623,-52.691]],"c":true}]},{"i":{"x":0.833,"y":1},"o":{"x":0.167,"y":0.167},"t":77,"s":[{"i":[[246.257,-19.646],[-1.729,-35.656],[-58.412,-5.807],[0,0]],"o":[[-67.31,5.364],[0.945,19.485],[245.851,24.441],[0,0]],"v":[[-3.17,-71.96],[-204.406,-35.039],[-24.868,14.214],[231.477,-77.87]],"c":true}]},{"i":{"x":0.833,"y":1},"o":{"x":0.167,"y":0},"t":78,"s":[{"i":[[246.548,-21.732],[-1.729,-35.656],[-58.412,-5.807],[0,0]],"o":[[-67.279,5.93],[0.945,19.485],[245.851,24.441],[0,0]],"v":[[6.732,-87.836],[-200.039,-51.435],[-19.252,-2.182],[237.123,-85.691]],"c":true}]},{"i":{"x":0.833,"y":1},"o":{"x":0.167,"y":0},"t":79,"s":[{"i":[[246.548,-21.732],[-1.729,-35.656],[-58.412,-5.807],[0,0]],"o":[[-67.279,5.93],[0.945,19.485],[245.851,24.441],[0,0]],"v":[[13.732,-83.836],[-189.039,-35.435],[-19.252,-2.182],[247.123,-93.691]],"c":true}]},{"i":{"x":0.833,"y":0.833},"o":{"x":0.167,"y":0},"t":80,"s":[{"i":[[179.547,-19.732],[50.819,-109.634],[-58.412,-5.807],[0,0]],"o":[[-67.135,7.378],[-8.204,17.699],[245.851,24.441],[0,0]],"v":[[87.232,-84.336],[-175.539,-21.935],[-19.252,-2.182],[261.123,-87.191]],"c":true}]},{"i":{"x":0.833,"y":0.833},"o":{"x":0.167,"y":0.167},"t":81,"s":[{"i":[[179.568,-19.544],[50.819,-109.633],[-58.412,-5.807],[0,0]],"o":[[-82.423,8.909],[-8.204,17.699],[245.851,24.441],[0,0]],"v":[[72.528,-64.661],[-263.055,232.869],[-54.874,10.451],[241.655,-50.948]],"c":true}]},{"i":{"x":0.833,"y":0.833},"o":{"x":0.167,"y":0.167},"t":82,"s":[{"i":[[179.597,-19.273],[50.819,-109.634],[-58.412,-5.807],[0,0]],"o":[[-104.406,11.109],[-8.204,17.699],[245.851,24.441],[0,0]],"v":[[-44.616,34.629],[-357.776,83.105],[-146.095,100.617],[213.663,1.167]],"c":true}]},{"i":{"x":0.833,"y":1},"o":{"x":0.167,"y":0.167},"t":83,"s":[{"i":[[179.624,-19.019],[50.819,-109.634],[-58.412,-5.807],[0,0]],"o":[[-124.963,13.167],[-8.204,17.699],[245.851,24.441],[0,0]],"v":[[-10.389,21.149],[-356.018,-48.98],[-171.495,77.105],[187.484,49.903]],"c":true}]},{"i":{"x":0.833,"y":0.833},"o":{"x":0.167,"y":0},"t":84,"s":[{"i":[[179.645,-18.822],[50.819,-109.634],[-58.412,-5.807],[0,0]],"o":[[-140.953,14.768],[-8.204,17.699],[245.851,24.441],[0,0]],"v":[[16.232,10.664],[-331.539,-133.935],[-191.252,58.818],[167.123,87.809]],"c":true}]},{"i":{"x":0.833,"y":0.833},"o":{"x":0.167,"y":0.167},"t":85,"s":[{"i":[[182.007,3.254],[58.689,-88.923],[-58.412,-5.807],[0,0]],"o":[[-138.432,-0.544],[-26.777,16.232],[245.851,24.441],[0,0]],"v":[[11.883,9.628],[-316.722,-177.054],[-191.252,58.818],[178.307,97.543]],"c":true}]},{"i":{"x":0.833,"y":0.833},"o":{"x":0.167,"y":0.167},"t":86,"s":[{"i":[[185.402,34.996],[70.005,-59.143],[-58.412,-5.807],[0,0]],"o":[[-134.809,-22.56],[-53.483,14.123],[245.851,24.441],[0,0]],"v":[[5.629,8.139],[-284.095,-204.276],[-191.252,58.818],[194.388,111.539]],"c":true}]},{"i":{"x":0.833,"y":1},"o":{"x":0.167,"y":0.167},"t":87,"s":[{"i":[[188.578,64.68],[80.588,-31.294],[-58.412,-5.807],[0,0]],"o":[[-131.42,-43.15],[-78.458,12.151],[245.851,24.441],[0,0]],"v":[[-0.219,6.747],[-246.095,-209.772],[-191.252,58.818],[209.427,124.628]],"c":true}]},{"t":88,"s":[{"i":[[191.047,87.768],[88.819,-9.634],[-58.412,-5.807],[0,0]],"o":[[-128.784,-59.164],[-97.883,10.617],[245.851,24.441],[0,0]],"v":[[-4.768,5.664],[-216.539,-206.935],[-191.252,58.818],[221.123,134.809]],"c":true}]}],"ix":2},"nm":"Path 1","mn":"ADBE Vector Shape - Group","hd":false},{"ty":"fl","c":{"a":0,"k":[0.670999983245,0.458999992819,0.4,1],"ix":4},"o":{"a":0,"k":100,"ix":5},"r":1,"bm":0,"nm":"Fill 1","mn":"ADBE Vector Graphic - Fill","hd":false},{"ty":"tr","p":{"a":0,"k":[219.974,75.349],"ix":2},"a":{"a":0,"k":[0,0],"ix":1},"s":{"a":0,"k":[100,100],"ix":3},"r":{"a":0,"k":0,"ix":6},"o":{"a":0,"k":100,"ix":7},"sk":{"a":0,"k":0,"ix":4},"sa":{"a":0,"k":0,"ix":5},"nm":"Transform"}],"nm":"Group 1","np":2,"cix":2,"bm":0,"ix":1,"mn":"ADBE Vector Group","hd":false}],"ip":2,"op":81,"st":0,"bm":0},{"ddd":0,"ind":11,"ty":4,"nm":"glass","parent":7,"sr":1,"ks":{"o":{"a":0,"k":100,"ix":11},"r":{"a":1,"k":[{"i":{"x":[0],"y":[1]},"o":{"x":[0.333],"y":[0]},"t":60,"s":[2]},{"i":{"x":[0.833],"y":[1]},"o":{"x":[0.167],"y":[0]},"t":68,"s":[0]},{"i":{"x":[0.65],"y":[1]},"o":{"x":[0.3],"y":[0]},"t":76,"s":[2]},{"i":{"x":[0.824],"y":[1]},"o":{"x":[0.41],"y":[0]},"t":94,"s":[0]},{"i":{"x":[0.215],"y":[1]},"o":{"x":[0.333],"y":[0]},"t":101,"s":[0]},{"i":{"x":[0.833],"y":[1]},"o":{"x":[0.998],"y":[0]},"t":109,"s":[6]},{"i":{"x":[0.833],"y":[1]},"o":{"x":[0.167],"y":[0]},"t":129,"s":[0]},{"t":139,"s":[2]}],"ix":10},"p":{"a":1,"k":[{"i":{"x":0.632,"y":0.371},"o":{"x":0.449,"y":0},"t":68,"s":[498,960,0],"to":[-2.844,0.089,0],"ti":[30.11,-0.947,0]},{"i":{"x":0.373,"y":1},"o":{"x":0.128,"y":0.162},"t":80,"s":[477.807,869.061,0],"to":[-20.054,0.631,0],"ti":[0,0,0]},{"i":{"x":0.373,"y":0.373},"o":{"x":0.167,"y":0.167},"t":94,"s":[353.903,964.531,0],"to":[0,0,0],"ti":[0,0,0]},{"i":{"x":0.811,"y":0.799},"o":{"x":0.509,"y":0},"t":109,"s":[353.903,964.531,0],"to":[0,0,0],"ti":[-19.318,0.607,0]},{"i":{"x":0.632,"y":0.801},"o":{"x":0.699,"y":0.189},"t":121,"s":[288.114,901.983,0],"to":[37.899,-1.192,0],"ti":[-29.04,-20.535,0]},{"i":{"x":0.571,"y":1},"o":{"x":0.251,"y":0.165},"t":127,"s":[475.019,914.515,0],"to":[7.494,5.299,0],"ti":[3.506,-0.11,0]},{"t":129,"s":[498,960,0]}],"ix":2,"l":2},"a":{"a":0,"k":[498,956,0],"ix":1,"l":2},"s":{"a":0,"k":[100,100,100],"ix":6,"l":2}},"ao":0,"shapes":[{"ty":"gr","it":[{"ind":0,"ty":"sh","ix":1,"ks":{"a":1,"k":[{"i":{"x":0.104,"y":1},"o":{"x":0.654,"y":0},"t":68,"s":[{"i":[[-77.483,-0.021],[-47.808,18.576],[0,0],[0,0],[26.746,-12.235],[83.714,1.188],[21.392,10.059],[0,0],[0,0],[-56.043,-18.221]],"o":[[87.233,0.039],[46.239,-17.975],[0,0],[0,0],[-26.823,12.251],[-115.767,-1.686],[-22.918,-10.774],[0,0],[0,0],[53.316,17.261]],"v":[[-4.816,34.937],[219.655,2.212],[259.42,-34.205],[225.456,-34.976],[207.474,-13.627],[-10.746,20.17],[-210.67,-10.045],[-232.857,-32.164],[-262.138,-29.006],[-209.851,11.577]],"c":true}]},{"i":{"x":0.833,"y":1},"o":{"x":0.167,"y":0},"t":94,"s":[{"i":[[-77.538,-1.913],[-47.368,33.845],[0,0],[0,0],[26.454,-22.406],[83.803,4.261],[21.665,19.469],[0,0],[0,0],[-56.548,-35.683]],"o":[[87.294,2.181],[45.813,-32.749],[0,0],[0,0],[-26.528,22.433],[-115.891,-5.973],[-23.208,-20.854],[0,0],[0,0],[53.794,33.812]],"v":[[-3.138,106.956],[220.655,50.722],[259.518,-16.931],[225.51,-19.204],[208.06,20.586],[-9.449,78.99],[-210.284,17.229],[-233.05,-24.982],[-262.271,-19.739],[-208.912,57.987]],"c":true}]},{"i":{"x":0.667,"y":1},"o":{"x":0.998,"y":0},"t":109,"s":[{"i":[[-77.538,-1.913],[-47.368,33.845],[0,0],[0,0],[26.454,-22.406],[83.803,4.261],[21.665,19.469],[0,0],[0,0],[-56.548,-35.683]],"o":[[87.294,2.181],[45.813,-32.749],[0,0],[0,0],[-26.528,22.433],[-115.891,-5.973],[-23.208,-20.854],[0,0],[0,0],[53.794,33.812]],"v":[[-3.138,106.956],[220.655,50.722],[259.518,-16.931],[225.51,-19.204],[208.06,20.586],[-9.449,78.99],[-210.284,17.229],[-233.05,-24.982],[-262.271,-19.739],[-208.912,57.987]],"c":true}]},{"t":129,"s":[{"i":[[-77.483,-0.021],[-47.808,18.576],[0,0],[0,0],[26.746,-12.235],[83.714,1.188],[21.392,10.059],[0,0],[0,0],[-56.043,-18.221]],"o":[[87.233,0.039],[46.239,-17.975],[0,0],[0,0],[-26.823,12.251],[-115.767,-1.686],[-22.918,-10.774],[0,0],[0,0],[53.316,17.261]],"v":[[-4.816,34.937],[219.655,2.212],[259.42,-34.205],[225.456,-34.976],[207.474,-13.627],[-10.746,20.17],[-210.67,-10.045],[-232.857,-32.164],[-262.138,-29.006],[-209.851,11.577]],"c":true}]}],"ix":2},"nm":"Path 1","mn":"ADBE Vector Shape - Group","hd":false},{"ty":"fl","c":{"a":0,"k":[0.783999992819,0.783999992819,0.783999992819,1],"ix":4},"o":{"a":0,"k":100,"ix":5},"r":1,"bm":0,"nm":"Fill 1","mn":"ADBE Vector Graphic - Fill","hd":false},{"ty":"tr","p":{"a":0,"k":[498.639,289.756],"ix":2},"a":{"a":0,"k":[0,0],"ix":1},"s":{"a":0,"k":[100,100],"ix":3},"r":{"a":0,"k":0,"ix":6},"o":{"a":0,"k":100,"ix":7},"sk":{"a":0,"k":0,"ix":4},"sa":{"a":0,"k":0,"ix":5},"nm":"Transform"}],"nm":"Group 2","np":2,"cix":2,"bm":0,"ix":2,"mn":"ADBE Vector Group","hd":false},{"ty":"gr","it":[{"ind":0,"ty":"sh","ix":1,"ks":{"a":1,"k":[{"i":{"x":0.104,"y":1},"o":{"x":0.654,"y":0},"t":68,"s":[{"i":[[-0.159,-13.142],[0,0],[-53.876,15.39],[-63.249,1.756],[-53.861,-14.169],[0,0],[0,0],[65.076,16.945],[70.66,-2.509],[43.609,-13.404]],"o":[[0,0],[0,0],[48.6,-13.915],[70.506,-1.98],[41.33,10.858],[0,0],[0,0],[-64.359,-16.781],[-85.093,3.074],[-42.76,13.134]],"v":[[-262.221,30.753],[-235.251,37.018],[-192.052,4.343],[-18.248,-19.354],[183.244,-1.022],[225.489,24.578],[259.454,25.349],[197.304,-15.542],[-18.498,-34.508],[-207.222,-7.57]],"c":true}]},{"i":{"x":0.833,"y":1},"o":{"x":0.167,"y":0},"t":94,"s":[{"i":[[-0.495,-24.766],[0,0],[-53.521,27.695],[-63.249,1.781],[-54.26,-27.998],[0,0],[0,0],[65.553,33.499],[70.645,-3.019],[43.297,-24.2]],"o":[[0,0],[0,0],[48.279,-25.044],[70.505,-2.027],[41.637,21.456],[0,0],[0,0],[-64.833,-33.171],[-85.074,3.736],[-42.456,23.712]],"v":[[-262.35,40.164],[-235.202,52.618],[-192.806,-7.901],[-19.485,-48.351],[182.615,-8.941],[225.543,40.314],[259.551,42.588],[196.315,-35.959],[-20.122,-76.909],[-208.29,-30.715]],"c":true}]},{"i":{"x":0.667,"y":1},"o":{"x":0.998,"y":0},"t":109,"s":[{"i":[[-0.495,-24.766],[0,0],[-53.521,27.695],[-63.249,1.781],[-54.26,-27.998],[0,0],[0,0],[65.553,33.499],[70.645,-3.019],[43.297,-24.2]],"o":[[0,0],[0,0],[48.279,-25.044],[70.505,-2.027],[41.637,21.456],[0,0],[0,0],[-64.833,-33.171],[-85.074,3.736],[-42.456,23.712]],"v":[[-262.35,40.164],[-235.202,52.618],[-192.806,-7.901],[-19.485,-48.351],[182.615,-8.941],[225.543,40.314],[259.551,42.588],[196.315,-35.959],[-20.122,-76.909],[-208.29,-30.715]],"c":true}]},{"t":129,"s":[{"i":[[-0.159,-13.142],[0,0],[-53.876,15.39],[-63.249,1.756],[-53.861,-14.169],[0,0],[0,0],[65.076,16.945],[70.66,-2.509],[43.609,-13.404]],"o":[[0,0],[0,0],[48.6,-13.915],[70.506,-1.98],[41.33,10.858],[0,0],[0,0],[-64.359,-16.781],[-85.093,3.074],[-42.76,13.134]],"v":[[-262.221,30.753],[-235.251,37.018],[-192.052,4.343],[-18.248,-19.354],[183.244,-1.022],[225.489,24.578],[259.454,25.349],[197.304,-15.542],[-18.498,-34.508],[-207.222,-7.57]],"c":true}]}],"ix":2},"nm":"Path 1","mn":"ADBE Vector Shape - Group","hd":false},{"ty":"fl","c":{"a":0,"k":[0.783999992819,0.783999992819,0.783999992819,1],"ix":4},"o":{"a":0,"k":100,"ix":5},"r":1,"bm":0,"nm":"Fill 1","mn":"ADBE Vector Graphic - Fill","hd":false},{"ty":"tr","p":{"a":0,"k":[498.578,230.163],"ix":2},"a":{"a":0,"k":[0,0],"ix":1},"s":{"a":0,"k":[100,100],"ix":3},"r":{"a":0,"k":0,"ix":6},"o":{"a":0,"k":100,"ix":7},"sk":{"a":0,"k":0,"ix":4},"sa":{"a":0,"k":0,"ix":5},"nm":"Transform"}],"nm":"Group 3","np":2,"cix":2,"bm":0,"ix":3,"mn":"ADBE Vector Group","hd":false},{"ty":"gr","it":[{"ind":0,"ty":"sh","ix":1,"ks":{"a":1,"k":[{"i":{"x":0.104,"y":1},"o":{"x":0.654,"y":0},"t":68,"s":[{"i":[[-5.551,-16.021],[-82.805,13.073],[15.061,13.868],[69.284,-11.239]],"o":[[3.579,10.443],[55.641,-8.794],[-14.515,-13.325],[-69.974,11.367]],"v":[[-102.872,14.697],[10.21,19.951],[93.362,-19.699],[-9.099,-4.137]],"c":true}]},{"i":{"x":0.833,"y":1},"o":{"x":0.167,"y":0},"t":94,"s":[{"i":[[0.964,-29.757],[-86.748,8.379],[9.261,27.628],[72.704,-7.552]],"o":[[-0.668,19.392],[58.294,-5.647],[-8.941,-26.551],[-73.434,7.655]],"v":[[-147.723,31.246],[-38.528,61.267],[59.225,5.261],[-47.869,14.528]],"c":true}]},{"i":{"x":0.667,"y":1},"o":{"x":0.998,"y":0},"t":109,"s":[{"i":[[0.964,-29.757],[-86.748,8.379],[9.261,27.628],[72.704,-7.552]],"o":[[-0.668,19.392],[58.294,-5.647],[-8.941,-26.551],[-73.434,7.655]],"v":[[-147.723,31.246],[-38.528,61.267],[59.225,5.261],[-47.869,14.528]],"c":true}]},{"t":129,"s":[{"i":[[-5.551,-16.021],[-82.805,13.073],[15.061,13.868],[69.284,-11.239]],"o":[[3.579,10.443],[55.641,-8.794],[-14.515,-13.325],[-69.974,11.367]],"v":[[-102.872,14.697],[10.21,19.951],[93.362,-19.699],[-9.099,-4.137]],"c":true}]}],"ix":2},"nm":"Path 1","mn":"ADBE Vector Shape - Group","hd":false},{"ty":"fl","c":{"a":0,"k":[1,1,1,1],"ix":4},"o":{"a":0,"k":100,"ix":5},"r":1,"bm":0,"nm":"Fill 1","mn":"ADBE Vector Graphic - Fill","hd":false},{"ty":"tr","p":{"a":0,"k":[566.862,898.459],"ix":2},"a":{"a":0,"k":[0,0],"ix":1},"s":{"a":0,"k":[100,100],"ix":3},"r":{"a":0,"k":0,"ix":6},"o":{"a":0,"k":100,"ix":7},"sk":{"a":0,"k":0,"ix":4},"sa":{"a":0,"k":0,"ix":5},"nm":"Transform"}],"nm":"Group 5","np":2,"cix":2,"bm":0,"ix":5,"mn":"ADBE Vector Group","hd":false},{"ty":"gr","it":[{"ind":0,"ty":"sh","ix":1,"ks":{"a":1,"k":[{"i":{"x":0.104,"y":1},"o":{"x":0.654,"y":0},"t":68,"s":[{"i":[[-1.612,-29.991],[-92.081,8.206],[-0.259,26.047],[86.385,-4.758]],"o":[[1.47,28.495],[92.081,-8.206],[0.26,-26.048],[-86.284,4.782]],"v":[[-170.906,3.664],[16.244,48.164],[172.258,-10.183],[-3.183,-51.612]],"c":true}]},{"i":{"x":0.833,"y":1},"o":{"x":0.167,"y":0},"t":94,"s":[{"i":[[-2.34,-55.177],[-91.943,12.979],[0.371,47.884],[86.328,-6.77]],"o":[[2.161,52.425],[91.943,-12.979],[-0.371,-47.883],[-86.224,6.816]],"v":[[-172.008,-31.366],[16.343,54.734],[171.047,-48.968],[-5.514,-129.154]],"c":true}]},{"i":{"x":0.667,"y":1},"o":{"x":0.998,"y":0},"t":109,"s":[{"i":[[-2.34,-55.177],[-91.943,12.979],[0.371,47.884],[86.328,-6.77]],"o":[[2.161,52.425],[91.943,-12.979],[-0.371,-47.883],[-86.224,6.816]],"v":[[-172.008,-31.366],[16.343,54.734],[171.047,-48.968],[-5.514,-129.154]],"c":true}]},{"t":129,"s":[{"i":[[-1.612,-29.991],[-92.081,8.206],[-0.259,26.047],[86.385,-4.758]],"o":[[1.47,28.495],[92.081,-8.206],[0.26,-26.048],[-86.284,4.782]],"v":[[-170.906,3.664],[16.244,48.164],[172.258,-10.183],[-3.183,-51.612]],"c":true}]}],"ix":2},"nm":"Path 1","mn":"ADBE Vector Shape - Group","hd":false},{"ty":"fl","c":{"a":0,"k":[0.811999990426,0.811999990426,0.811999990426,1],"ix":4},"o":{"a":0,"k":100,"ix":5},"r":1,"bm":0,"nm":"Fill 1","mn":"ADBE Vector Graphic - Fill","hd":false},{"ty":"tr","p":{"a":0,"k":[503.167,863.955],"ix":2},"a":{"a":0,"k":[0,0],"ix":1},"s":{"a":0,"k":[100,100],"ix":3},"r":{"a":0,"k":0,"ix":6},"o":{"a":0,"k":100,"ix":7},"sk":{"a":0,"k":0,"ix":4},"sa":{"a":0,"k":0,"ix":5},"nm":"Transform"}],"nm":"Group 6","np":2,"cix":2,"bm":0,"ix":6,"mn":"ADBE Vector Group","hd":false},{"ty":"gr","it":[{"ind":0,"ty":"sh","ix":1,"ks":{"a":1,"k":[{"i":{"x":0.104,"y":1},"o":{"x":0.654,"y":0},"t":68,"s":[{"i":[[0,0],[-149.681,4.905],[0,0],[0,0],[0,0],[0,0],[0,0],[0,0],[0,0]],"o":[[0,0],[156.18,-5.104],[0,0],[0,0],[0,0],[0,0],[0,0],[0,0],[0,0]],"v":[[-201.177,333.579],[7.193,372.992],[214.095,317.312],[260.741,-320.919],[238.672,-335.347],[173.457,-361.017],[22.091,-373.371],[-165.204,-358.016],[-260.741,-315.735]],"c":true}]},{"i":{"x":0.833,"y":1},"o":{"x":0.167,"y":0},"t":94,"s":[{"i":[[0,0],[-149.661,5.592],[0,0],[0,0],[0,0],[0,0],[0,0],[0,0],[0,0]],"o":[[0,0],[156.159,-5.808],[0,0],[0,0],[0,0],[0,0],[0,0],[0,0],[0,0]],"v":[[-201.276,333.279],[8.187,410.514],[213.876,312.883],[260.839,-303.668],[238.386,-331.386],[172.471,-381.327],[20.683,-408.263],[-166.35,-383.857],[-260.876,-306.504]],"c":true}]},{"i":{"x":0.667,"y":1},"o":{"x":0.998,"y":0},"t":109,"s":[{"i":[[0,0],[-149.661,5.592],[0,0],[0,0],[0,0],[0,0],[0,0],[0,0],[0,0]],"o":[[0,0],[156.159,-5.808],[0,0],[0,0],[0,0],[0,0],[0,0],[0,0],[0,0]],"v":[[-201.276,333.279],[8.187,410.514],[213.876,312.883],[260.839,-303.668],[238.386,-331.386],[172.471,-381.327],[20.683,-408.263],[-166.35,-383.857],[-260.876,-306.504]],"c":true}]},{"t":129,"s":[{"i":[[0,0],[-149.681,4.905],[0,0],[0,0],[0,0],[0,0],[0,0],[0,0],[0,0]],"o":[[0,0],[156.18,-5.104],[0,0],[0,0],[0,0],[0,0],[0,0],[0,0],[0,0]],"v":[[-201.177,333.579],[7.193,372.992],[214.095,317.312],[260.741,-320.919],[238.672,-335.347],[173.457,-361.017],[22.091,-373.371],[-165.204,-358.016],[-260.741,-315.735]],"c":true}]}],"ix":2},"nm":"Path 1","mn":"ADBE Vector Shape - Group","hd":false},{"ty":"fl","c":{"a":0,"k":[0.877999997606,0.877999997606,0.877999997606,1],"ix":4},"o":{"a":0,"k":100,"ix":5},"r":1,"bm":0,"nm":"Fill 1","mn":"ADBE Vector Graphic - Fill","hd":false},{"ty":"tr","p":{"a":0,"k":[497.216,576.446],"ix":2},"a":{"a":0,"k":[0,0],"ix":1},"s":{"a":0,"k":[100,100],"ix":3},"r":{"a":0,"k":0,"ix":6},"o":{"a":0,"k":100,"ix":7},"sk":{"a":0,"k":0,"ix":4},"sa":{"a":0,"k":0,"ix":5},"nm":"Transform"}],"nm":"Group 7","np":2,"cix":2,"bm":0,"ix":7,"mn":"ADBE Vector Group","hd":false}],"ip":0,"op":185,"st":0,"bm":0}],"markers":[{"tm":101,"cm":"Rest","dr":0}]}