{"v":"5.8.1","fr":60,"ip":0,"op":184,"w":1024,"h":1024,"nm":"emoji?Love letter","ddd":0,"assets":[],"layers":[{"ddd":0,"ind":1,"ty":3,"nm":"NL ENVELOPE","sr":1,"ks":{"o":{"a":0,"k":0,"ix":11},"r":{"a":0,"k":0,"ix":10},"p":{"a":1,"k":[{"i":{"x":0.833,"y":1},"o":{"x":0.197,"y":0},"t":14,"s":[512,512,0],"to":[0,0,0],"ti":[0,0,0]},{"i":{"x":0,"y":1},"o":{"x":0.197,"y":0},"t":26,"s":[512,488,0],"to":[0,0,0],"ti":[0,0,0]},{"i":{"x":0.178,"y":0.178},"o":{"x":0.47,"y":0.47},"t":48,"s":[512,662,0],"to":[0,0,0],"ti":[0,0,0]},{"i":{"x":0.654,"y":1},"o":{"x":0.321,"y":0},"t":140,"s":[512,662,0],"to":[0,0,0],"ti":[0,0,0]},{"i":{"x":0.15,"y":1},"o":{"x":0.85,"y":0},"t":146,"s":[512,682,0],"to":[0,0,0],"ti":[0,0,0]},{"i":{"x":0.667,"y":1},"o":{"x":0.167,"y":0},"t":166,"s":[512,502,0],"to":[0,0,0],"ti":[0,0,0]},{"t":178,"s":[512,512,0]}],"ix":2,"l":2},"a":{"a":0,"k":[50,50,0],"ix":1,"l":2},"s":{"a":0,"k":[100,100,100],"ix":6,"l":2}},"ao":0,"ip":0,"op":184,"st":0,"bm":0},{"ddd":0,"ind":2,"ty":4,"nm":"HEART","parent":1,"sr":1,"ks":{"o":{"a":0,"k":100,"ix":11},"r":{"a":0,"k":0,"ix":10},"p":{"a":1,"k":[{"i":{"x":0.15,"y":1},"o":{"x":0.45,"y":0},"t":12,"s":[50,50,0],"to":[0,0,0],"ti":[0,0,0]},{"i":{"x":0.876,"y":0.341},"o":{"x":0.623,"y":0},"t":20,"s":[50,74,0],"to":[0,0,0],"ti":[0,0,0]},{"i":{"x":0.835,"y":0},"o":{"x":0.334,"y":1},"t":36,"s":[49.864,-57.507,0],"to":[0,0,0],"ti":[0,0,0]},{"i":{"x":0.576,"y":0.238},"o":{"x":0.288,"y":0.771},"t":38,"s":[49.75,-86.746,0],"to":[0,0,0],"ti":[0,0,0]},{"i":{"x":0.59,"y":0.786},"o":{"x":0.268,"y":0.172},"t":39,"s":[49.686,-119.909,0],"to":[0,0,0],"ti":[0,0,0]},{"i":{"x":0.377,"y":1},"o":{"x":0.124,"y":0.466},"t":40,"s":[49.64,-212.925,0],"to":[0,0,0],"ti":[0,0,0]},{"t":56,"s":[49.5,-419.5,0]}],"ix":2,"l":2},"a":{"a":0,"k":[0,0,0],"ix":1,"l":2},"s":{"a":1,"k":[{"i":{"x":[0.876,0.876,0.575],"y":[1,0.631,1]},"o":{"x":[0.623,0.623,0.171],"y":[0,0,0]},"t":20,"s":[100,100,100]},{"i":{"x":[0.765,0.765,0.666],"y":[1,-0.808,1]},"o":{"x":[0.53,0.53,0.332],"y":[0,1.031,0]},"t":36,"s":[100,49.631,100]},{"i":{"x":[0.47,0.47,0.668],"y":[1,0.302,1]},"o":{"x":[0.235,0.235,0.334],"y":[0,0.588,0]},"t":38,"s":[100,40,100]},{"i":{"x":[0.377,0.377,0.829],"y":[1,1,1]},"o":{"x":[0.124,0.124,0.425],"y":[0,0.351,0]},"t":40,"s":[100,10.368,100]},{"t":56,"s":[100,-100,100]}],"ix":6,"l":2}},"ao":0,"shapes":[{"ty":"gr","it":[{"ty":"gr","it":[{"ind":0,"ty":"sh","ix":1,"ks":{"a":1,"k":[{"i":{"x":0.667,"y":1},"o":{"x":0.333,"y":0},"t":38,"s":[{"i":[[49.6,0],[0,0],[66.08,0],[-20.88,-89.44],[0,0],[-20.96,89.44]],"o":[[-65.6,0],[0,0],[-49.68,0],[20.88,89.44],[0,0],[20.8,-89.44]],"v":[[89.773,-184.16],[0.093,-105.76],[-89.747,-184.16],[-175.107,-55.36],[0.253,145.52],[175.133,-55.36]],"c":true}]},{"t":40,"s":[{"i":[[49.6,0],[0,0],[66.08,0],[-20.88,-89.44],[0,0],[-20.96,89.44]],"o":[[-65.6,0],[0,0],[-49.68,0],[20.88,89.44],[0,0],[20.8,-89.44]],"v":[[89.686,-331.248],[0.326,-197.389],[-89.854,-340.894],[-173.107,-137.344],[2.146,145.52],[177.133,-137.344]],"c":true}]}],"ix":2},"nm":"Path 1","mn":"ADBE Vector Shape - Group","hd":false},{"ty":"fl","c":{"a":0,"k":[0.956862747669,0.262745112181,0.211764708161,1],"ix":4},"o":{"a":0,"k":100,"ix":5},"r":1,"bm":0,"nm":"Fill 1","mn":"ADBE Vector Graphic - Fill","hd":false},{"ty":"tr","p":{"a":0,"k":[0,0],"ix":2},"a":{"a":0,"k":[0,0],"ix":1},"s":{"a":0,"k":[100,100],"ix":3},"r":{"a":0,"k":0,"ix":6},"o":{"a":0,"k":100,"ix":7},"sk":{"a":0,"k":0,"ix":4},"sa":{"a":0,"k":0,"ix":5},"nm":"Transform"}],"nm":"Group 1","np":2,"cix":2,"bm":0,"ix":1,"mn":"ADBE Vector Group","hd":false},{"ty":"tr","p":{"a":0,"k":[0,0],"ix":2},"a":{"a":0,"k":[0,0],"ix":1},"s":{"a":0,"k":[100,100],"ix":3},"r":{"a":0,"k":0,"ix":6},"o":{"a":0,"k":100,"ix":7},"sk":{"a":0,"k":0,"ix":4},"sa":{"a":0,"k":0,"ix":5},"nm":"Transform"}],"nm":"Group 1","np":1,"cix":2,"bm":0,"ix":1,"mn":"ADBE Vector Group","hd":false},{"ty":"gr","it":[{"ty":"gr","it":[{"ind":0,"ty":"sh","ix":1,"ks":{"a":1,"k":[{"i":{"x":0.667,"y":1},"o":{"x":0.333,"y":0},"t":38,"s":[{"i":[[56.16,0],[0,0],[74.72,0],[-23.68,-99.84],[0,0],[-23.68,99.92]],"o":[[-74.16,0],[0,0],[-56.16,0],[23.68,99.92],[0,0],[23.6,-99.84]],"v":[[101.453,-184.16],[0.093,-96.56],[-101.507,-184.16],[-197.987,-40.32],[0.253,184.08],[197.933,-40.32]],"c":true}]},{"t":40,"s":[{"i":[[56.16,0],[0,0],[74.72,0],[-2.653,-136.931],[0,0],[-5.204,102.556]],"o":[[-74.16,0],[0,0],[-56.16,0],[1.989,102.668],[0,0],[7.927,-156.221]],"v":[[101.453,-287.845],[0.093,-96.56],[-101.507,-287.845],[-197.987,-40.32],[0.146,348.047],[197.933,-40.32]],"c":true}]}],"ix":2},"nm":"Path 1","mn":"ADBE Vector Shape - Group","hd":false},{"ty":"fl","c":{"a":0,"k":[0.717647075653,0.109803922474,0.109803922474,1],"ix":4},"o":{"a":0,"k":100,"ix":5},"r":1,"bm":0,"nm":"Fill 1","mn":"ADBE Vector Graphic - Fill","hd":false},{"ty":"tr","p":{"a":0,"k":[0,0],"ix":2},"a":{"a":0,"k":[0,0],"ix":1},"s":{"a":0,"k":[100,100],"ix":3},"r":{"a":0,"k":0,"ix":6},"o":{"a":0,"k":100,"ix":7},"sk":{"a":0,"k":0,"ix":4},"sa":{"a":0,"k":0,"ix":5},"nm":"Transform"}],"nm":"Group 1","np":2,"cix":2,"bm":0,"ix":1,"mn":"ADBE Vector Group","hd":false},{"ty":"tr","p":{"a":0,"k":[0,0],"ix":2},"a":{"a":0,"k":[0,0],"ix":1},"s":{"a":0,"k":[100,100],"ix":3},"r":{"a":0,"k":0,"ix":6},"o":{"a":0,"k":100,"ix":7},"sk":{"a":0,"k":0,"ix":4},"sa":{"a":0,"k":0,"ix":5},"nm":"Transform"}],"nm":"Group 2","np":1,"cix":2,"bm":0,"ix":2,"mn":"ADBE Vector Group","hd":false}],"ip":0,"op":41,"st":0,"bm":0},{"ddd":0,"ind":3,"ty":4,"nm":"ENVELOPE MASK 4","parent":13,"td":1,"sr":1,"ks":{"o":{"a":0,"k":100,"ix":11},"r":{"a":0,"k":0,"ix":10},"p":{"a":1,"k":[{"i":{"x":0.833,"y":0.833},"o":{"x":0.167,"y":0.167},"t":104,"s":[0,0,0],"to":[0,52.667,0],"ti":[0,-52.667,0]},{"t":106,"s":[0,316,0]}],"ix":2,"l":2},"a":{"a":0,"k":[0,0,0],"ix":1,"l":2},"s":{"a":0,"k":[100,100,100],"ix":6,"l":2}},"ao":0,"shapes":[{"ty":"gr","it":[{"ind":0,"ty":"sh","ix":1,"ks":{"a":0,"k":{"i":[[0,0],[13.403,13.006],[0,0],[41.5,0.741],[13.837,-10.453],[0,0],[0.124,-0.135],[0,0],[0,0],[-4.475,-3.631],[0,0],[0,0],[0,0],[-25.989,-0.589],[-19.279,17.233],[0,0],[0,0],[0,0],[-0.09,0.02],[0,0]],"o":[[-0.124,-0.135],[0,0],[-14.337,-9.953],[-24.5,-1.259],[0,0],[-9.812,9.516],[0,0],[0,0],[0.091,0.021],[0,0],[0,0],[0,0],[19.196,17.229],[25.819,-0.587],[0,0],[0,0],[0,0],[4.46,-3.698],[0,0],[0,0]],"v":[[459.076,-284.07],[732.097,-528.006],[633.337,-1188.047],[69,-1272.741],[-748.837,-1235.047],[-580.688,-403.016],[-459.656,-286.07],[-458.454,-282.056],[-458.139,-280.773],[-444.596,-274.972],[-205.702,-51.989],[-167.371,-25.754],[-69.896,61.328],[0.125,88.96],[70.057,61.328],[166.908,-25.609],[202.901,-51.257],[444.521,-274.977],[458.043,-280.77],[461.396,-281.533]],"c":true},"ix":2},"nm":"Path 1","mn":"ADBE Vector Shape - Group","hd":false},{"ty":"fl","c":{"a":0,"k":[0.435294121504,0.749019622803,0.941176474094,1],"ix":4},"o":{"a":0,"k":100,"ix":5},"r":1,"bm":0,"nm":"Fill 1","mn":"ADBE Vector Graphic - Fill","hd":false},{"ty":"tr","p":{"a":0,"k":[0,0],"ix":2},"a":{"a":0,"k":[0,0],"ix":1},"s":{"a":0,"k":[100,100],"ix":3},"r":{"a":0,"k":0,"ix":6},"o":{"a":0,"k":100,"ix":7},"sk":{"a":0,"k":0,"ix":4},"sa":{"a":0,"k":0,"ix":5},"nm":"Transform"}],"nm":"Group 1","np":2,"cix":2,"bm":0,"ix":1,"mn":"ADBE Vector Group","hd":false}],"ip":20,"op":154,"st":0,"bm":0},{"ddd":0,"ind":4,"ty":4,"nm":"HEART 10","tt":1,"sr":1,"ks":{"o":{"a":0,"k":100,"ix":11},"r":{"a":1,"k":[{"i":{"x":[0.833],"y":[1]},"o":{"x":[0.333],"y":[0]},"t":70,"s":[14]},{"t":150,"s":[-14]}],"ix":10},"p":{"a":1,"k":[{"i":{"x":0.833,"y":0.833},"o":{"x":0.167,"y":0.167},"t":70,"s":[350.145,784.163,0],"to":[0,0,0],"ti":[34.313,231.241,0]},{"i":{"x":0.833,"y":0.833},"o":{"x":0.167,"y":0.167},"t":112,"s":[474.145,433.163,0],"to":[-28.91,-194.826,0],"ti":[-3.333,205.25,0]},{"t":160,"s":[323.145,18.163,0]}],"ix":2,"l":2},"a":{"a":0,"k":[130.402,12.088,0],"ix":1,"l":2},"s":{"a":1,"k":[{"i":{"x":[0.667,0.667,0.667],"y":[1,1,1]},"o":{"x":[0.167,0.167,0.167],"y":[0,0,0]},"t":70,"s":[25.139,25.139,100]},{"i":{"x":[0.667,0.667,0.667],"y":[1,1,1]},"o":{"x":[0.333,0.333,0.333],"y":[0,0,0]},"t":112,"s":[134.338,134.338,100]},{"t":160,"s":[0,0,100]}],"ix":6,"l":2}},"ao":0,"shapes":[{"ty":"gr","it":[{"ty":"gr","it":[{"ind":0,"ty":"sh","ix":1,"ks":{"a":0,"k":{"i":[[55.82,0],[11.875,-6.42],[-10.067,0],[20.414,-88.546],[31.261,-35.188],[0.436,-2.306],[-20.757,88.826]],"o":[[-16.893,0],[8.228,-3.148],[50.522,0],[-17.516,76.016],[-0.686,0.779],[13.433,-9.88],[21.755,-93.065]],"v":[[223.767,-159.471],[180.787,-148.781],[209.056,-152.521],[284.386,-25.671],[133.257,177.756],[131.574,182.899],[312.53,-25.453]],"c":true},"ix":2},"nm":"Path 1","mn":"ADBE Vector Shape - Group","hd":false},{"ty":"fl","c":{"a":0,"k":[0.854901969433,0.180392161012,0.458823531866,1],"ix":4},"o":{"a":0,"k":100,"ix":5},"r":1,"bm":0,"nm":"Fill 1","mn":"ADBE Vector Graphic - Fill","hd":false},{"ty":"tr","p":{"a":0,"k":[0,0],"ix":2},"a":{"a":0,"k":[0,0],"ix":1},"s":{"a":0,"k":[100,100],"ix":3},"r":{"a":0,"k":0,"ix":6},"o":{"a":0,"k":100,"ix":7},"sk":{"a":0,"k":0,"ix":4},"sa":{"a":0,"k":0,"ix":5},"nm":"Transform"}],"nm":"Group 1","np":2,"cix":2,"bm":0,"ix":1,"mn":"ADBE Vector Group","hd":false},{"ty":"gr","it":[{"ind":0,"ty":"sh","ix":1,"ks":{"a":0,"k":{"i":[[-17.454,0],[-8.602,-23.344],[-1.403,3.241],[0,0],[51.955,0],[17.672,-14.991]],"o":[[53.607,0],[1.216,3.335],[0,0],[-11.064,-35.375],[-21.505,0],[15.615,-10.254]],"v":[[26.323,-152.521],[115.149,-71.549],[122.411,-71.362],[130.265,-89.688],[36.858,-159.471],[-25.04,-137.374]],"c":true},"ix":2},"nm":"Path 1","mn":"ADBE Vector Shape - Group","hd":false},{"ty":"fl","c":{"a":0,"k":[0.854901969433,0.180392161012,0.458823531866,1],"ix":4},"o":{"a":0,"k":100,"ix":5},"r":1,"bm":0,"nm":"Fill 1","mn":"ADBE Vector Graphic - Fill","hd":false},{"ty":"tr","p":{"a":0,"k":[0,0],"ix":2},"a":{"a":0,"k":[0,0],"ix":1},"s":{"a":0,"k":[100,100],"ix":3},"r":{"a":0,"k":0,"ix":6},"o":{"a":0,"k":100,"ix":7},"sk":{"a":0,"k":0,"ix":4},"sa":{"a":0,"k":0,"ix":5},"nm":"Transform"}],"nm":"Group 2","np":2,"cix":2,"bm":0,"ix":2,"mn":"ADBE Vector Group","hd":false},{"ty":"tr","p":{"a":0,"k":[0,0],"ix":2},"a":{"a":0,"k":[0,0],"ix":1},"s":{"a":0,"k":[100,100],"ix":3},"r":{"a":0,"k":0,"ix":6},"o":{"a":0,"k":100,"ix":7},"sk":{"a":0,"k":0,"ix":4},"sa":{"a":0,"k":0,"ix":5},"nm":"Transform"}],"nm":"Group 1","np":2,"cix":2,"bm":0,"ix":1,"mn":"ADBE Vector Group","hd":false},{"ty":"gr","it":[{"ind":0,"ty":"sh","ix":1,"ks":{"a":0,"k":{"i":[[55.82,0],[0,0],[68.786,0],[-21.755,-93.096],[0,0],[-21.786,93.096]],"o":[[-68.287,0],[0,0],[-51.675,0],[21.755,93.096],[0,0],[21.786,-93.096]],"v":[[223.767,-159.471],[130.39,-89.688],[36.858,-159.471],[-51.968,-25.422],[130.546,183.647],[312.499,-25.422]],"c":true},"ix":2},"nm":"Path 1","mn":"ADBE Vector Shape - Group","hd":false},{"ty":"fl","c":{"a":0,"k":[0.937254905701,0.333333343267,0.572549045086,1],"ix":4},"o":{"a":0,"k":100,"ix":5},"r":1,"bm":0,"nm":"Fill 1","mn":"ADBE Vector Graphic - Fill","hd":false},{"ty":"tr","p":{"a":0,"k":[0,0],"ix":2},"a":{"a":0,"k":[0,0],"ix":1},"s":{"a":0,"k":[100,100],"ix":3},"r":{"a":0,"k":0,"ix":6},"o":{"a":0,"k":100,"ix":7},"sk":{"a":0,"k":0,"ix":4},"sa":{"a":0,"k":0,"ix":5},"nm":"Transform"}],"nm":"Group 2","np":2,"cix":2,"bm":0,"ix":2,"mn":"ADBE Vector Group","hd":false}],"ip":40,"op":164,"st":-24,"bm":0},{"ddd":0,"ind":5,"ty":4,"nm":"ENVELOPE MASK OK","parent":1,"td":1,"sr":1,"ks":{"o":{"a":0,"k":100,"ix":11},"r":{"a":0,"k":0,"ix":10},"p":{"a":1,"k":[{"i":{"x":0.833,"y":0.833},"o":{"x":0.167,"y":0.167},"t":50,"s":[50,50,0],"to":[6.667,0,0],"ti":[-13.333,0,0]},{"i":{"x":0.833,"y":0.833},"o":{"x":0.167,"y":0.167},"t":52,"s":[90,50,0],"to":[13.333,0,0],"ti":[-20,0,0]},{"i":{"x":0.833,"y":0.833},"o":{"x":0.167,"y":0.167},"t":56,"s":[130,50,0],"to":[20,0,0],"ti":[-16.667,3.333,0]},{"i":{"x":0.833,"y":0.833},"o":{"x":0.167,"y":0.167},"t":60,"s":[210,50,0],"to":[16.667,-3.333,0],"ti":[-3.333,3.333,0]},{"t":70,"s":[230,30,0]}],"ix":2,"l":2},"a":{"a":0,"k":[0,0,0],"ix":1,"l":2},"s":{"a":0,"k":[100,100,100],"ix":6,"l":2}},"ao":0,"shapes":[{"ty":"gr","it":[{"ind":0,"ty":"sh","ix":1,"ks":{"a":1,"k":[{"i":{"x":0.15,"y":1},"o":{"x":0.45,"y":0},"t":12,"s":[{"i":[[0,0],[15.926,-12.447],[0,0],[18.001,-0.581],[13.95,11.069],[0,0],[0.124,-0.135],[0,0],[0,0],[-4.475,-3.631],[0,0],[0,0],[0,0],[-25.989,-0.589],[-19.279,17.233],[0,0],[0,0],[0,0],[-0.09,0.021],[0,0]],"o":[[-0.124,-0.135],[0,0],[-13.95,11.069],[-18.001,-0.581],[0,0],[-15.914,-12.437],[0,0],[0,0],[0.091,0.021],[0,0],[0,0],[0,0],[19.196,17.229],[25.818,-0.587],[0,0],[0,0],[0,0],[4.46,-3.698],[0,0],[0,0]],"v":[[459.076,-284.07],[430.597,-285.006],[44.337,22.453],[0,50.759],[-48.337,20.453],[-430.688,-285.015],[-459.156,-284.07],[-461.454,-281.556],[-458.139,-280.773],[-444.596,-274.972],[-204.404,-49.489],[-167.371,-25.754],[-69.896,61.328],[0.125,88.96],[70.057,61.328],[166.908,-25.609],[201.801,-50.757],[444.521,-274.977],[458.043,-280.77],[461.396,-281.533]],"c":true}]},{"i":{"x":0.15,"y":1},"o":{"x":1,"y":0},"t":20,"s":[{"i":[[0,0],[15.926,-12.447],[0,0],[18.001,-0.581],[13.95,11.069],[0,0],[0.124,-0.135],[0,0],[0,0],[-4.475,-3.631],[0,0],[0,0],[0,0],[-25.989,-0.589],[-19.279,17.233],[0,0],[0,0],[0,0],[-0.09,0.021],[0,0]],"o":[[-0.124,-0.135],[0,0],[-13.95,11.069],[-18.001,-0.581],[0,0],[-15.914,-12.437],[0,0],[0,0],[0.091,0.021],[0,0],[0,0],[0,0],[19.196,17.229],[25.818,-0.587],[0,0],[0,0],[0,0],[4.46,-3.698],[0,0],[0,0]],"v":[[459.076,-284.07],[430.597,-285.006],[48.837,48.953],[0,66.759],[-48.837,48.953],[-430.688,-285.015],[-459.156,-284.07],[-461.454,-281.556],[-458.139,-280.773],[-444.596,-274.972],[-205.904,-24.989],[-167.371,-9.754],[-69.896,77.328],[0.125,104.96],[70.057,77.328],[166.908,-9.609],[202.801,-25.757],[444.521,-274.977],[458.043,-280.77],[461.396,-281.533]],"c":true}]},{"i":{"x":0.833,"y":0.833},"o":{"x":0.45,"y":0},"t":56,"s":[{"i":[[0,0],[13.403,13.006],[0,0],[41.5,0.741],[13.837,-10.453],[0,0],[0.124,-0.135],[0,0],[0,0],[-4.475,-3.631],[0,0],[0,0],[0,0],[-25.989,-0.589],[-19.279,17.233],[0,0],[0,0],[0,0],[-0.09,0.021],[0,0]],"o":[[-0.124,-0.135],[0,0],[-14.337,-9.953],[-24.5,-1.259],[0,0],[-9.812,9.515],[0,0],[0,0],[0.091,0.021],[0,0],[0,0],[0,0],[19.196,17.229],[25.818,-0.587],[0,0],[0,0],[0,0],[4.46,-3.698],[0,0],[0,0]],"v":[[459.076,-284.07],[442.097,-322.006],[71.337,-574.047],[-3,-600.741],[-72.837,-573.047],[-455.688,-315.015],[-459.656,-286.07],[-458.454,-282.056],[-458.139,-280.773],[-444.596,-274.972],[-205.702,-51.989],[-167.371,-25.754],[-69.896,61.328],[0.125,88.96],[70.057,61.328],[166.908,-25.609],[202.9,-51.257],[444.521,-274.977],[458.043,-280.77],[461.396,-281.533]],"c":true}]},{"t":58,"s":[{"i":[[0,0],[50.844,45.87],[0,0],[157.426,2.613],[52.489,-36.867],[0,0],[0.47,-0.477],[0,0],[0,0],[-16.976,-12.805],[0,0],[0,0],[0,0],[-98.588,-2.077],[-73.134,60.777],[0,0],[0,0],[0,0],[-0.341,0.072],[0,0]],"o":[[-0.471,-0.477],[0,0],[-54.386,-35.104],[-92.939,-4.44],[0,0],[-37.219,33.559],[0,0],[0,0],[0.345,0.076],[0,0],[0,0],[0,0],[72.82,60.765],[97.939,-2.07],[0,0],[0,0],[0,0],[16.918,-13.041],[0,0],[0,0]],"v":[[1747.202,-357.609],[1682.792,-491.404],[276.344,-1369.346],[-5.647,-1463.492],[-270.568,-1365.819],[-1722.885,-466.749],[-1737.937,-364.663],[-1733.376,-350.507],[-1732.182,-345.983],[-1680.808,-325.523],[-774.582,460.899],[-629.176,553.426],[-259.412,860.549],[6.207,958],[271.487,860.547],[638.885,553.938],[775.419,463.48],[1691.986,-325.54],[1743.282,-345.971],[1756,-348.663]],"c":true}]}],"ix":2},"nm":"Path 1","mn":"ADBE Vector Shape - Group","hd":false},{"ty":"fl","c":{"a":0,"k":[0.435294121504,0.749019622803,0.941176474094,1],"ix":4},"o":{"a":0,"k":100,"ix":5},"r":1,"bm":0,"nm":"Fill 1","mn":"ADBE Vector Graphic - Fill","hd":false},{"ty":"tr","p":{"a":0,"k":[0,0],"ix":2},"a":{"a":0,"k":[0,0],"ix":1},"s":{"a":0,"k":[100,100],"ix":3},"r":{"a":0,"k":0,"ix":6},"o":{"a":0,"k":100,"ix":7},"sk":{"a":0,"k":0,"ix":4},"sa":{"a":0,"k":0,"ix":5},"nm":"Transform"}],"nm":"Group 1","np":2,"cix":2,"bm":0,"ix":1,"mn":"ADBE Vector Group","hd":false}],"ip":0,"op":184,"st":0,"bm":0},{"ddd":0,"ind":6,"ty":4,"nm":"HEART 11","tt":1,"sr":1,"ks":{"o":{"a":0,"k":100,"ix":11},"r":{"a":1,"k":[{"i":{"x":[0.556],"y":[1.007]},"o":{"x":[0.246],"y":[-0.002]},"t":28,"s":[0]},{"i":{"x":[0.591],"y":[0.771]},"o":{"x":[0.266],"y":[0.003]},"t":52,"s":[20.658]},{"i":{"x":[0.667],"y":[1]},"o":{"x":[0.299],"y":[-0.156]},"t":82,"s":[-15.763]},{"t":112,"s":[23.332]}],"ix":10},"p":{"a":1,"k":[{"i":{"x":0.833,"y":0.833},"o":{"x":0.167,"y":0.167},"t":28,"s":[288.145,754.644,0],"to":[81.5,-253.333,0],"ti":[-94.516,130.879,0]},{"i":{"x":0.667,"y":1},"o":{"x":0.167,"y":0.167},"t":64,"s":[707.145,499.644,0],"to":[65.12,-90.173,0],"ti":[-131.426,88.75,0]},{"t":112,"s":[790.145,81.644,0]}],"ix":2,"l":2},"a":{"a":0,"k":[130.402,12.088,0],"ix":1,"l":2},"s":{"a":1,"k":[{"i":{"x":[0.475,0.475,0.667],"y":[1,1,1]},"o":{"x":[0.167,0.167,0.167],"y":[0.158,0.158,0.158]},"t":28,"s":[28,28,100]},{"i":{"x":[0.667,0.667,0.667],"y":[1,1,1]},"o":{"x":[0.525,0.525,0.333],"y":[0,0,0]},"t":66,"s":[101,101,100]},{"t":116,"s":[0,0,100]}],"ix":6,"l":2}},"ao":0,"shapes":[{"ty":"gr","it":[{"ty":"gr","it":[{"ind":0,"ty":"sh","ix":1,"ks":{"a":0,"k":{"i":[[55.82,0],[11.875,-6.42],[-10.067,0],[20.414,-88.546],[31.261,-35.188],[0.436,-2.306],[-20.757,88.826]],"o":[[-16.893,0],[8.228,-3.148],[50.522,0],[-17.516,76.016],[-0.686,0.779],[13.433,-9.88],[21.755,-93.065]],"v":[[223.767,-159.471],[180.787,-148.781],[209.056,-152.521],[284.386,-25.671],[133.257,177.756],[131.574,182.899],[312.53,-25.453]],"c":true},"ix":2},"nm":"Path 1","mn":"ADBE Vector Shape - Group","hd":false},{"ty":"fl","c":{"a":0,"k":[0.854901969433,0.180392161012,0.458823531866,1],"ix":4},"o":{"a":0,"k":100,"ix":5},"r":1,"bm":0,"nm":"Fill 1","mn":"ADBE Vector Graphic - Fill","hd":false},{"ty":"tr","p":{"a":0,"k":[0,0],"ix":2},"a":{"a":0,"k":[0,0],"ix":1},"s":{"a":0,"k":[100,100],"ix":3},"r":{"a":0,"k":0,"ix":6},"o":{"a":0,"k":100,"ix":7},"sk":{"a":0,"k":0,"ix":4},"sa":{"a":0,"k":0,"ix":5},"nm":"Transform"}],"nm":"Group 1","np":2,"cix":2,"bm":0,"ix":1,"mn":"ADBE Vector Group","hd":false},{"ty":"gr","it":[{"ind":0,"ty":"sh","ix":1,"ks":{"a":0,"k":{"i":[[-17.454,0],[-8.602,-23.344],[-1.403,3.241],[0,0],[51.955,0],[17.672,-14.991]],"o":[[53.607,0],[1.216,3.335],[0,0],[-11.064,-35.375],[-21.505,0],[15.615,-10.254]],"v":[[26.323,-152.521],[115.149,-71.549],[122.411,-71.362],[130.265,-89.688],[36.858,-159.471],[-25.04,-137.374]],"c":true},"ix":2},"nm":"Path 1","mn":"ADBE Vector Shape - Group","hd":false},{"ty":"fl","c":{"a":0,"k":[0.854901969433,0.180392161012,0.458823531866,1],"ix":4},"o":{"a":0,"k":100,"ix":5},"r":1,"bm":0,"nm":"Fill 1","mn":"ADBE Vector Graphic - Fill","hd":false},{"ty":"tr","p":{"a":0,"k":[0,0],"ix":2},"a":{"a":0,"k":[0,0],"ix":1},"s":{"a":0,"k":[100,100],"ix":3},"r":{"a":0,"k":0,"ix":6},"o":{"a":0,"k":100,"ix":7},"sk":{"a":0,"k":0,"ix":4},"sa":{"a":0,"k":0,"ix":5},"nm":"Transform"}],"nm":"Group 2","np":2,"cix":2,"bm":0,"ix":2,"mn":"ADBE Vector Group","hd":false},{"ty":"tr","p":{"a":0,"k":[0,0],"ix":2},"a":{"a":0,"k":[0,0],"ix":1},"s":{"a":0,"k":[100,100],"ix":3},"r":{"a":0,"k":0,"ix":6},"o":{"a":0,"k":100,"ix":7},"sk":{"a":0,"k":0,"ix":4},"sa":{"a":0,"k":0,"ix":5},"nm":"Transform"}],"nm":"Group 1","np":2,"cix":2,"bm":0,"ix":1,"mn":"ADBE Vector Group","hd":false},{"ty":"gr","it":[{"ind":0,"ty":"sh","ix":1,"ks":{"a":0,"k":{"i":[[55.82,0],[0,0],[68.786,0],[-21.755,-93.096],[0,0],[-21.786,93.096]],"o":[[-68.287,0],[0,0],[-51.675,0],[21.755,93.096],[0,0],[21.786,-93.096]],"v":[[223.767,-159.471],[130.39,-89.688],[36.858,-159.471],[-51.968,-25.422],[130.546,183.647],[312.499,-25.422]],"c":true},"ix":2},"nm":"Path 1","mn":"ADBE Vector Shape - Group","hd":false},{"ty":"fl","c":{"a":0,"k":[0.937254905701,0.333333343267,0.572549045086,1],"ix":4},"o":{"a":0,"k":100,"ix":5},"r":1,"bm":0,"nm":"Fill 1","mn":"ADBE Vector Graphic - Fill","hd":false},{"ty":"tr","p":{"a":0,"k":[0,0],"ix":2},"a":{"a":0,"k":[0,0],"ix":1},"s":{"a":0,"k":[100,100],"ix":3},"r":{"a":0,"k":0,"ix":6},"o":{"a":0,"k":100,"ix":7},"sk":{"a":0,"k":0,"ix":4},"sa":{"a":0,"k":0,"ix":5},"nm":"Transform"}],"nm":"Group 2","np":2,"cix":2,"bm":0,"ix":2,"mn":"ADBE Vector Group","hd":false}],"ip":20,"op":110,"st":-28,"bm":0},{"ddd":0,"ind":7,"ty":4,"nm":"ENVELOPE MASK 2","parent":13,"td":1,"sr":1,"ks":{"o":{"a":0,"k":100,"ix":11},"r":{"a":0,"k":0,"ix":10},"p":{"a":1,"k":[{"i":{"x":0.833,"y":0.833},"o":{"x":0.167,"y":0.167},"t":58,"s":[0,0,0],"to":[0,52.667,0],"ti":[0,-52.667,0]},{"t":60,"s":[0,316,0]}],"ix":2,"l":2},"a":{"a":0,"k":[0,0,0],"ix":1,"l":2},"s":{"a":0,"k":[100,100,100],"ix":6,"l":2}},"ao":0,"shapes":[{"ty":"gr","it":[{"ind":0,"ty":"sh","ix":1,"ks":{"a":0,"k":{"i":[[0,0],[13.403,13.006],[0,0],[41.5,0.741],[13.837,-10.453],[0,0],[0.124,-0.135],[0,0],[0,0],[-4.475,-3.631],[0,0],[0,0],[0,0],[-25.989,-0.589],[-19.279,17.233],[0,0],[0,0],[0,0],[-0.09,0.02],[0,0]],"o":[[-0.124,-0.135],[0,0],[-14.337,-9.953],[-24.5,-1.259],[0,0],[-9.812,9.516],[0,0],[0,0],[0.091,0.021],[0,0],[0,0],[0,0],[19.196,17.229],[25.819,-0.587],[0,0],[0,0],[0,0],[4.46,-3.698],[0,0],[0,0]],"v":[[459.076,-284.07],[732.097,-528.006],[633.337,-1188.047],[69,-1272.741],[-748.837,-1235.047],[-580.688,-403.016],[-459.656,-286.07],[-458.454,-282.056],[-458.139,-280.773],[-444.596,-274.972],[-205.702,-51.989],[-167.371,-25.754],[-69.896,61.328],[0.125,88.96],[70.057,61.328],[166.908,-25.609],[202.901,-51.257],[444.521,-274.977],[458.043,-280.77],[461.396,-281.533]],"c":true},"ix":2},"nm":"Path 1","mn":"ADBE Vector Shape - Group","hd":false},{"ty":"fl","c":{"a":0,"k":[0.435294121504,0.749019622803,0.941176474094,1],"ix":4},"o":{"a":0,"k":100,"ix":5},"r":1,"bm":0,"nm":"Fill 1","mn":"ADBE Vector Graphic - Fill","hd":false},{"ty":"tr","p":{"a":0,"k":[0,0],"ix":2},"a":{"a":0,"k":[0,0],"ix":1},"s":{"a":0,"k":[100,100],"ix":3},"r":{"a":0,"k":0,"ix":6},"o":{"a":0,"k":100,"ix":7},"sk":{"a":0,"k":0,"ix":4},"sa":{"a":0,"k":0,"ix":5},"nm":"Transform"}],"nm":"Group 1","np":2,"cix":2,"bm":0,"ix":1,"mn":"ADBE Vector Group","hd":false}],"ip":48,"op":154,"st":0,"bm":0},{"ddd":0,"ind":8,"ty":4,"nm":"HEART 14","tt":1,"sr":1,"ks":{"o":{"a":0,"k":100,"ix":11},"r":{"a":1,"k":[{"i":{"x":[0.667],"y":[1]},"o":{"x":[0.333],"y":[0]},"t":42,"s":[18]},{"i":{"x":[0.667],"y":[1]},"o":{"x":[0.333],"y":[0]},"t":74,"s":[-14.659]},{"t":112,"s":[14]}],"ix":10},"p":{"a":1,"k":[{"i":{"x":0.667,"y":1},"o":{"x":0.167,"y":0.167},"t":42,"s":[345.145,775.689,0],"to":[181,-311.222,0],"ti":[-155.333,335.333,0]},{"t":124,"s":[193.145,131.689,0]}],"ix":2,"l":2},"a":{"a":0,"k":[130.402,12.088,0],"ix":1,"l":2},"s":{"a":1,"k":[{"i":{"x":[0.667,0.667,0.667],"y":[1,1,1]},"o":{"x":[0.167,0.167,0.167],"y":[0.094,0.094,-4.258]},"t":52,"s":[25,25,100]},{"i":{"x":[0.667,0.667,0.667],"y":[1,1,1]},"o":{"x":[0.333,0.333,0.333],"y":[0,0,0]},"t":84,"s":[79.712,79.712,100]},{"t":124,"s":[0,0,100]}],"ix":6,"l":2}},"ao":0,"shapes":[{"ty":"gr","it":[{"ty":"gr","it":[{"ind":0,"ty":"sh","ix":1,"ks":{"a":0,"k":{"i":[[55.82,0],[11.875,-6.42],[-10.067,0],[20.414,-88.546],[31.261,-35.188],[0.436,-2.306],[-20.757,88.826]],"o":[[-16.893,0],[8.228,-3.148],[50.522,0],[-17.516,76.016],[-0.686,0.779],[13.433,-9.88],[21.755,-93.065]],"v":[[223.767,-159.471],[180.787,-148.781],[209.056,-152.521],[284.386,-25.671],[133.257,177.756],[131.574,182.899],[312.53,-25.453]],"c":true},"ix":2},"nm":"Path 1","mn":"ADBE Vector Shape - Group","hd":false},{"ty":"fl","c":{"a":0,"k":[0.854901969433,0.180392161012,0.458823531866,1],"ix":4},"o":{"a":0,"k":100,"ix":5},"r":1,"bm":0,"nm":"Fill 1","mn":"ADBE Vector Graphic - Fill","hd":false},{"ty":"tr","p":{"a":0,"k":[0,0],"ix":2},"a":{"a":0,"k":[0,0],"ix":1},"s":{"a":0,"k":[100,100],"ix":3},"r":{"a":0,"k":0,"ix":6},"o":{"a":0,"k":100,"ix":7},"sk":{"a":0,"k":0,"ix":4},"sa":{"a":0,"k":0,"ix":5},"nm":"Transform"}],"nm":"Group 1","np":2,"cix":2,"bm":0,"ix":1,"mn":"ADBE Vector Group","hd":false},{"ty":"gr","it":[{"ind":0,"ty":"sh","ix":1,"ks":{"a":0,"k":{"i":[[-17.454,0],[-8.602,-23.344],[-1.403,3.241],[0,0],[51.955,0],[17.672,-14.991]],"o":[[53.607,0],[1.216,3.335],[0,0],[-11.064,-35.375],[-21.505,0],[15.615,-10.254]],"v":[[26.323,-152.521],[115.149,-71.549],[122.411,-71.362],[130.265,-89.688],[36.858,-159.471],[-25.04,-137.374]],"c":true},"ix":2},"nm":"Path 1","mn":"ADBE Vector Shape - Group","hd":false},{"ty":"fl","c":{"a":0,"k":[0.854901969433,0.180392161012,0.458823531866,1],"ix":4},"o":{"a":0,"k":100,"ix":5},"r":1,"bm":0,"nm":"Fill 1","mn":"ADBE Vector Graphic - Fill","hd":false},{"ty":"tr","p":{"a":0,"k":[0,0],"ix":2},"a":{"a":0,"k":[0,0],"ix":1},"s":{"a":0,"k":[100,100],"ix":3},"r":{"a":0,"k":0,"ix":6},"o":{"a":0,"k":100,"ix":7},"sk":{"a":0,"k":0,"ix":4},"sa":{"a":0,"k":0,"ix":5},"nm":"Transform"}],"nm":"Group 2","np":2,"cix":2,"bm":0,"ix":2,"mn":"ADBE Vector Group","hd":false},{"ty":"tr","p":{"a":0,"k":[0,0],"ix":2},"a":{"a":0,"k":[0,0],"ix":1},"s":{"a":0,"k":[100,100],"ix":3},"r":{"a":0,"k":0,"ix":6},"o":{"a":0,"k":100,"ix":7},"sk":{"a":0,"k":0,"ix":4},"sa":{"a":0,"k":0,"ix":5},"nm":"Transform"}],"nm":"Group 1","np":2,"cix":2,"bm":0,"ix":1,"mn":"ADBE Vector Group","hd":false},{"ty":"gr","it":[{"ind":0,"ty":"sh","ix":1,"ks":{"a":0,"k":{"i":[[55.82,0],[0,0],[68.786,0],[-21.755,-93.096],[0,0],[-21.786,93.096]],"o":[[-68.287,0],[0,0],[-51.675,0],[21.755,93.096],[0,0],[21.786,-93.096]],"v":[[223.767,-159.471],[130.39,-89.688],[36.858,-159.471],[-51.968,-25.422],[130.546,183.647],[312.499,-25.422]],"c":true},"ix":2},"nm":"Path 1","mn":"ADBE Vector Shape - Group","hd":false},{"ty":"fl","c":{"a":0,"k":[0.937254905701,0.333333343267,0.572549045086,1],"ix":4},"o":{"a":0,"k":100,"ix":5},"r":1,"bm":0,"nm":"Fill 1","mn":"ADBE Vector Graphic - Fill","hd":false},{"ty":"tr","p":{"a":0,"k":[0,0],"ix":2},"a":{"a":0,"k":[0,0],"ix":1},"s":{"a":0,"k":[100,100],"ix":3},"r":{"a":0,"k":0,"ix":6},"o":{"a":0,"k":100,"ix":7},"sk":{"a":0,"k":0,"ix":4},"sa":{"a":0,"k":0,"ix":5},"nm":"Transform"}],"nm":"Group 2","np":2,"cix":2,"bm":0,"ix":2,"mn":"ADBE Vector Group","hd":false}],"ip":42,"op":136,"st":-18,"bm":0},{"ddd":0,"ind":9,"ty":4,"nm":"ENVELOPE MASK","parent":13,"td":1,"sr":1,"ks":{"o":{"a":0,"k":100,"ix":11},"r":{"a":0,"k":0,"ix":10},"p":{"a":1,"k":[{"i":{"x":0.833,"y":0.833},"o":{"x":0.167,"y":0.167},"t":88,"s":[0,0,0],"to":[0,52.667,0],"ti":[0,-52.667,0]},{"t":90,"s":[0,316,0]}],"ix":2,"l":2},"a":{"a":0,"k":[0,0,0],"ix":1,"l":2},"s":{"a":0,"k":[100,100,100],"ix":6,"l":2}},"ao":0,"shapes":[{"ty":"gr","it":[{"ind":0,"ty":"sh","ix":1,"ks":{"a":0,"k":{"i":[[0,0],[13.403,13.006],[0,0],[41.5,0.741],[13.837,-10.453],[0,0],[0.124,-0.135],[0,0],[0,0],[-4.475,-3.631],[0,0],[0,0],[0,0],[-25.989,-0.589],[-19.279,17.233],[0,0],[0,0],[0,0],[-0.09,0.02],[0,0]],"o":[[-0.124,-0.135],[0,0],[-14.337,-9.953],[-24.5,-1.259],[0,0],[-9.812,9.516],[0,0],[0,0],[0.091,0.021],[0,0],[0,0],[0,0],[19.196,17.229],[25.819,-0.587],[0,0],[0,0],[0,0],[4.46,-3.698],[0,0],[0,0]],"v":[[459.076,-284.07],[732.097,-528.006],[633.337,-1188.047],[69,-1272.741],[-748.837,-1235.047],[-580.688,-403.016],[-459.656,-286.07],[-458.454,-282.056],[-458.139,-280.773],[-444.596,-274.972],[-205.702,-51.989],[-167.371,-25.754],[-69.896,61.328],[0.125,88.96],[70.057,61.328],[166.908,-25.609],[202.901,-51.257],[444.521,-274.977],[458.043,-280.77],[461.396,-281.533]],"c":true},"ix":2},"nm":"Path 1","mn":"ADBE Vector Shape - Group","hd":false},{"ty":"fl","c":{"a":0,"k":[0.435294121504,0.749019622803,0.941176474094,1],"ix":4},"o":{"a":0,"k":100,"ix":5},"r":1,"bm":0,"nm":"Fill 1","mn":"ADBE Vector Graphic - Fill","hd":false},{"ty":"tr","p":{"a":0,"k":[0,0],"ix":2},"a":{"a":0,"k":[0,0],"ix":1},"s":{"a":0,"k":[100,100],"ix":3},"r":{"a":0,"k":0,"ix":6},"o":{"a":0,"k":100,"ix":7},"sk":{"a":0,"k":0,"ix":4},"sa":{"a":0,"k":0,"ix":5},"nm":"Transform"}],"nm":"Group 1","np":2,"cix":2,"bm":0,"ix":1,"mn":"ADBE Vector Group","hd":false}],"ip":48,"op":154,"st":0,"bm":0},{"ddd":0,"ind":10,"ty":4,"nm":"HEART 9","tt":1,"sr":1,"ks":{"o":{"a":0,"k":100,"ix":11},"r":{"a":1,"k":[{"i":{"x":[0.833],"y":[1.03]},"o":{"x":[0.167],"y":[0.167]},"t":52,"s":[0]},{"i":{"x":[0.833],"y":[0.97]},"o":{"x":[0.167],"y":[0.032]},"t":74,"s":[26]},{"i":{"x":[0.833],"y":[1.774]},"o":{"x":[0.161],"y":[0.264]},"t":108,"s":[-12]},{"i":{"x":[0.825],"y":[0.931]},"o":{"x":[0.167],"y":[0.059]},"t":132,"s":[-14.97]},{"t":148,"s":[11]}],"ix":10},"p":{"a":1,"k":[{"i":{"x":0.833,"y":0.833},"o":{"x":0.167,"y":0.167},"t":52,"s":[411.145,846.159,0],"to":[0,0,0],"ti":[-32.641,47.44,0]},{"i":{"x":0.833,"y":0.833},"o":{"x":0.167,"y":0.167},"t":74,"s":[479.145,635.159,0],"to":[39.333,-57.167,0],"ti":[-66.227,-1.039,0]},{"i":{"x":0.833,"y":0.833},"o":{"x":0.167,"y":0.167},"t":98,"s":[683.145,542.159,0],"to":[64.825,1.017,0],"ti":[-21.024,17.972,0]},{"i":{"x":0.833,"y":0.833},"o":{"x":0.167,"y":0.167},"t":120,"s":[852.145,500.159,0],"to":[71.75,-61.333,0],"ti":[24.333,48.833,0]},{"t":148,"s":[876.145,277.159,0]}],"ix":2,"l":2},"a":{"a":0,"k":[130.402,12.088,0],"ix":1,"l":2},"s":{"a":1,"k":[{"i":{"x":[0.667,0.667,0.667],"y":[1,1,1]},"o":{"x":[0.167,0.167,0.167],"y":[0,0,0]},"t":52,"s":[17.904,17.904,100]},{"i":{"x":[0.833,0.833,0.833],"y":[0.739,0.739,46.291]},"o":{"x":[0.333,0.333,0.333],"y":[0,0,0]},"t":98,"s":[80.035,80.035,100]},{"t":148,"s":[0,0,100]}],"ix":6,"l":2}},"ao":0,"shapes":[{"ty":"gr","it":[{"ty":"gr","it":[{"ind":0,"ty":"sh","ix":1,"ks":{"a":0,"k":{"i":[[55.82,0],[11.875,-6.42],[-10.067,0],[20.414,-88.546],[31.261,-35.188],[0.436,-2.306],[-20.757,88.826]],"o":[[-16.893,0],[8.228,-3.148],[50.522,0],[-17.516,76.016],[-0.686,0.779],[13.433,-9.88],[21.755,-93.065]],"v":[[223.767,-159.471],[180.787,-148.781],[209.056,-152.521],[284.386,-25.671],[133.257,177.756],[131.574,182.899],[312.53,-25.453]],"c":true},"ix":2},"nm":"Path 1","mn":"ADBE Vector Shape - Group","hd":false},{"ty":"fl","c":{"a":0,"k":[0.854901969433,0.180392161012,0.458823531866,1],"ix":4},"o":{"a":0,"k":100,"ix":5},"r":1,"bm":0,"nm":"Fill 1","mn":"ADBE Vector Graphic - Fill","hd":false},{"ty":"tr","p":{"a":0,"k":[0,0],"ix":2},"a":{"a":0,"k":[0,0],"ix":1},"s":{"a":0,"k":[100,100],"ix":3},"r":{"a":0,"k":0,"ix":6},"o":{"a":0,"k":100,"ix":7},"sk":{"a":0,"k":0,"ix":4},"sa":{"a":0,"k":0,"ix":5},"nm":"Transform"}],"nm":"Group 1","np":2,"cix":2,"bm":0,"ix":1,"mn":"ADBE Vector Group","hd":false},{"ty":"gr","it":[{"ind":0,"ty":"sh","ix":1,"ks":{"a":0,"k":{"i":[[-17.454,0],[-8.602,-23.344],[-1.403,3.241],[0,0],[51.955,0],[17.672,-14.991]],"o":[[53.607,0],[1.216,3.335],[0,0],[-11.064,-35.375],[-21.505,0],[15.615,-10.254]],"v":[[26.323,-152.521],[115.149,-71.549],[122.411,-71.362],[130.265,-89.688],[36.858,-159.471],[-25.04,-137.374]],"c":true},"ix":2},"nm":"Path 1","mn":"ADBE Vector Shape - Group","hd":false},{"ty":"fl","c":{"a":0,"k":[0.854901969433,0.180392161012,0.458823531866,1],"ix":4},"o":{"a":0,"k":100,"ix":5},"r":1,"bm":0,"nm":"Fill 1","mn":"ADBE Vector Graphic - Fill","hd":false},{"ty":"tr","p":{"a":0,"k":[0,0],"ix":2},"a":{"a":0,"k":[0,0],"ix":1},"s":{"a":0,"k":[100,100],"ix":3},"r":{"a":0,"k":0,"ix":6},"o":{"a":0,"k":100,"ix":7},"sk":{"a":0,"k":0,"ix":4},"sa":{"a":0,"k":0,"ix":5},"nm":"Transform"}],"nm":"Group 2","np":2,"cix":2,"bm":0,"ix":2,"mn":"ADBE Vector Group","hd":false},{"ty":"tr","p":{"a":0,"k":[0,0],"ix":2},"a":{"a":0,"k":[0,0],"ix":1},"s":{"a":0,"k":[100,100],"ix":3},"r":{"a":0,"k":0,"ix":6},"o":{"a":0,"k":100,"ix":7},"sk":{"a":0,"k":0,"ix":4},"sa":{"a":0,"k":0,"ix":5},"nm":"Transform"}],"nm":"Group 1","np":2,"cix":2,"bm":0,"ix":1,"mn":"ADBE Vector Group","hd":false},{"ty":"gr","it":[{"ind":0,"ty":"sh","ix":1,"ks":{"a":0,"k":{"i":[[55.82,0],[0,0],[68.786,0],[-21.755,-93.096],[0,0],[-21.786,93.096]],"o":[[-68.287,0],[0,0],[-51.675,0],[21.755,93.096],[0,0],[21.786,-93.096]],"v":[[223.767,-159.471],[130.39,-89.688],[36.858,-159.471],[-51.968,-25.422],[130.546,183.647],[312.499,-25.422]],"c":true},"ix":2},"nm":"Path 1","mn":"ADBE Vector Shape - Group","hd":false},{"ty":"fl","c":{"a":0,"k":[0.937254905701,0.333333343267,0.572549045086,1],"ix":4},"o":{"a":0,"k":100,"ix":5},"r":1,"bm":0,"nm":"Fill 1","mn":"ADBE Vector Graphic - Fill","hd":false},{"ty":"tr","p":{"a":0,"k":[0,0],"ix":2},"a":{"a":0,"k":[0,0],"ix":1},"s":{"a":0,"k":[100,100],"ix":3},"r":{"a":0,"k":0,"ix":6},"o":{"a":0,"k":100,"ix":7},"sk":{"a":0,"k":0,"ix":4},"sa":{"a":0,"k":0,"ix":5},"nm":"Transform"}],"nm":"Group 2","np":2,"cix":2,"bm":0,"ix":2,"mn":"ADBE Vector Group","hd":false}],"ip":48,"op":154,"st":0,"bm":0},{"ddd":0,"ind":11,"ty":4,"nm":"HEART 7","parent":1,"sr":1,"ks":{"o":{"a":0,"k":100,"ix":11},"r":{"a":0,"k":0,"ix":10},"p":{"a":1,"k":[{"i":{"x":0.15,"y":1},"o":{"x":0.45,"y":0},"t":-10,"s":[50,50,0],"to":[0,0,0],"ti":[0,0,0]},{"i":{"x":0.15,"y":1},"o":{"x":0.85,"y":0},"t":10,"s":[50,60,0],"to":[0,0,0],"ti":[0,0,0]},{"i":{"x":0.15,"y":1},"o":{"x":0.45,"y":0},"t":46,"s":[49.5,-419.5,0],"to":[0,0,0],"ti":[0,0,0]},{"i":{"x":0.15,"y":0.15},"o":{"x":0.45,"y":0.45},"t":64,"s":[51.25,-400.5,0],"to":[0,0,0],"ti":[0,0,0]},{"i":{"x":0.925,"y":0.343},"o":{"x":0.85,"y":0},"t":136,"s":[51.25,-400.5,0],"to":[0,0,0],"ti":[0,0,0]},{"i":{"x":0.47,"y":0.793},"o":{"x":0.235,"y":0.235},"t":154,"s":[50.625,-229.002,0],"to":[0,0,0],"ti":[0,0,0]},{"i":{"x":0.377,"y":1},"o":{"x":0.124,"y":0.574},"t":156,"s":[50.312,-61.954,0],"to":[0,0,0],"ti":[0,0,0]},{"t":172,"s":[50,50.5,0]}],"ix":2,"l":2},"a":{"a":0,"k":[0,0,0],"ix":1,"l":2},"s":{"a":1,"k":[{"i":{"x":[0.15,0.15,0.833],"y":[1,1,1]},"o":{"x":[0.85,0.85,0.167],"y":[0,0,0]},"t":10,"s":[100,100,100]},{"i":{"x":[0.15,0.15,0.833],"y":[1,1,1]},"o":{"x":[0.45,0.45,0.167],"y":[0,0,0]},"t":46,"s":[100,-100,100]},{"i":{"x":[0.925,0.925,0.583],"y":[1,0.533,1]},"o":{"x":[0.85,0.85,0.167],"y":[0,0,0]},"t":136,"s":[100,-100,100]},{"i":{"x":[0.15,0.15,0.833],"y":[1,1,1]},"o":{"x":[0.075,0.075,0.417],"y":[0,0.448,0]},"t":154,"s":[100,7,100]},{"t":169,"s":[100,100,100]}],"ix":6,"l":2}},"ao":0,"shapes":[{"ty":"gr","it":[{"ty":"gr","it":[{"ind":0,"ty":"sh","ix":1,"ks":{"a":1,"k":[{"i":{"x":0.833,"y":0.833},"o":{"x":0.167,"y":0.167},"t":154,"s":[{"i":[[49.6,0],[0,0],[66.08,0],[-20.88,-89.44],[0,0],[-20.96,89.44]],"o":[[-65.6,0],[0,0],[-49.68,0],[20.88,89.44],[0,0],[20.8,-89.44]],"v":[[89.773,-327.017],[0.093,-105.76],[-89.747,-327.017],[-175.107,-55.36],[0.253,145.52],[175.133,-55.36]],"c":true}]},{"i":{"x":0.833,"y":0.833},"o":{"x":0.167,"y":0.167},"t":155,"s":[{"i":[[49.6,0],[0,0],[66.08,0],[-20.88,-89.44],[0,0],[-20.96,89.44]],"o":[[-65.6,0],[0,0],[-49.68,0],[20.88,89.44],[0,0],[20.8,-89.44]],"v":[[89.773,-184.16],[0.093,-105.76],[-89.747,-184.16],[-175.107,-55.36],[0.253,145.52],[175.133,-55.36]],"c":true}]},{"t":156,"s":[{"i":[[49.6,0],[0,0],[66.08,0],[-20.88,-89.44],[0,0],[-20.96,89.44]],"o":[[-65.6,0],[0,0],[-49.68,0],[20.88,89.44],[0,0],[20.8,-89.44]],"v":[[89.773,-184.16],[0.093,-105.76],[-89.747,-184.16],[-175.107,-55.36],[0.253,145.52],[175.133,-55.36]],"c":true}]}],"ix":2},"nm":"Path 1","mn":"ADBE Vector Shape - Group","hd":false},{"ty":"fl","c":{"a":0,"k":[0.956862747669,0.262745112181,0.211764708161,1],"ix":4},"o":{"a":0,"k":100,"ix":5},"r":1,"bm":0,"nm":"Fill 1","mn":"ADBE Vector Graphic - Fill","hd":false},{"ty":"tr","p":{"a":0,"k":[0,0],"ix":2},"a":{"a":0,"k":[0,0],"ix":1},"s":{"a":0,"k":[100,100],"ix":3},"r":{"a":0,"k":0,"ix":6},"o":{"a":0,"k":100,"ix":7},"sk":{"a":0,"k":0,"ix":4},"sa":{"a":0,"k":0,"ix":5},"nm":"Transform"}],"nm":"Group 1","np":2,"cix":2,"bm":0,"ix":1,"mn":"ADBE Vector Group","hd":false},{"ty":"tr","p":{"a":0,"k":[0,0],"ix":2},"a":{"a":0,"k":[0,0],"ix":1},"s":{"a":0,"k":[100,100],"ix":3},"r":{"a":0,"k":0,"ix":6},"o":{"a":0,"k":100,"ix":7},"sk":{"a":0,"k":0,"ix":4},"sa":{"a":0,"k":0,"ix":5},"nm":"Transform"}],"nm":"Group 1","np":1,"cix":2,"bm":0,"ix":1,"mn":"ADBE Vector Group","hd":false},{"ty":"gr","it":[{"ty":"gr","it":[{"ind":0,"ty":"sh","ix":1,"ks":{"a":1,"k":[{"i":{"x":0.833,"y":0.833},"o":{"x":0.167,"y":0.167},"t":154,"s":[{"i":[[56.16,0],[0,0],[74.72,0],[-23.68,-99.84],[0,0],[-23.68,99.92]],"o":[[-74.16,0],[0,0],[-56.16,0],[23.68,99.92],[0,0],[23.6,-99.84]],"v":[[101.453,-184.16],[0.093,-96.56],[-101.507,-184.16],[-197.987,-4.606],[0.13,312.651],[197.933,-4.606]],"c":true}]},{"i":{"x":0.833,"y":0.833},"o":{"x":0.167,"y":0.167},"t":155,"s":[{"i":[[56.16,0],[0,0],[74.72,0],[-23.68,-99.84],[0,0],[-23.68,99.92]],"o":[[-74.16,0],[0,0],[-56.16,0],[23.68,99.92],[0,0],[23.6,-99.84]],"v":[[101.453,-184.16],[0.093,-96.56],[-101.507,-184.16],[-197.987,-40.32],[0.253,184.08],[197.933,-40.32]],"c":true}]},{"t":156,"s":[{"i":[[56.16,0],[0,0],[74.72,0],[-23.68,-99.84],[0,0],[-23.68,99.92]],"o":[[-74.16,0],[0,0],[-56.16,0],[23.68,99.92],[0,0],[23.6,-99.84]],"v":[[101.453,-184.16],[0.093,-96.56],[-101.507,-184.16],[-197.987,-40.32],[0.253,184.08],[197.933,-40.32]],"c":true}]}],"ix":2},"nm":"Path 1","mn":"ADBE Vector Shape - Group","hd":false},{"ty":"fl","c":{"a":0,"k":[0.717647075653,0.109803922474,0.109803922474,1],"ix":4},"o":{"a":0,"k":100,"ix":5},"r":1,"bm":0,"nm":"Fill 1","mn":"ADBE Vector Graphic - Fill","hd":false},{"ty":"tr","p":{"a":0,"k":[0,0],"ix":2},"a":{"a":0,"k":[0,0],"ix":1},"s":{"a":0,"k":[100,100],"ix":3},"r":{"a":0,"k":0,"ix":6},"o":{"a":0,"k":100,"ix":7},"sk":{"a":0,"k":0,"ix":4},"sa":{"a":0,"k":0,"ix":5},"nm":"Transform"}],"nm":"Group 1","np":2,"cix":2,"bm":0,"ix":1,"mn":"ADBE Vector Group","hd":false},{"ty":"tr","p":{"a":0,"k":[0,0],"ix":2},"a":{"a":0,"k":[0,0],"ix":1},"s":{"a":0,"k":[100,100],"ix":3},"r":{"a":0,"k":0,"ix":6},"o":{"a":0,"k":100,"ix":7},"sk":{"a":0,"k":0,"ix":4},"sa":{"a":0,"k":0,"ix":5},"nm":"Transform"}],"nm":"Group 2","np":1,"cix":2,"bm":0,"ix":2,"mn":"ADBE Vector Group","hd":false}],"ip":154,"op":184,"st":-10,"bm":0},{"ddd":0,"ind":12,"ty":4,"nm":"ENVELOPE 2","parent":1,"sr":1,"ks":{"o":{"a":0,"k":100,"ix":11},"r":{"a":0,"k":0,"ix":10},"p":{"a":0,"k":[50,50,0],"ix":2,"l":2},"a":{"a":0,"k":[0,0,0],"ix":1,"l":2},"s":{"a":0,"k":[100,100,100],"ix":6,"l":2}},"ao":0,"shapes":[{"ty":"gr","it":[{"ind":0,"ty":"sh","ix":1,"ks":{"a":1,"k":[{"i":{"x":0.15,"y":1},"o":{"x":0.45,"y":0},"t":12,"s":[{"i":[[0,0],[15.926,-12.447],[0,0],[18.001,-0.581],[13.95,11.069],[0,0],[0.124,-0.135],[0,0],[0,0],[-4.475,-3.631],[0,0],[0,0],[0,0],[-25.989,-0.589],[-19.279,17.233],[0,0],[0,0],[0,0],[-0.09,0.021],[0,0]],"o":[[-0.124,-0.135],[0,0],[-13.95,11.069],[-18.001,-0.581],[0,0],[-15.914,-12.437],[0,0],[0,0],[0.091,0.021],[0,0],[0,0],[0,0],[19.196,17.229],[25.818,-0.587],[0,0],[0,0],[0,0],[4.46,-3.698],[0,0],[0,0]],"v":[[459.076,-284.07],[430.597,-285.006],[44.337,22.453],[0,50.759],[-48.337,20.453],[-430.688,-285.015],[-459.156,-284.07],[-461.454,-281.556],[-458.139,-280.773],[-444.596,-274.972],[-204.404,-49.489],[-167.371,-25.754],[-69.896,61.328],[0.125,88.96],[70.057,61.328],[166.908,-25.609],[201.801,-50.757],[444.521,-274.977],[458.043,-280.77],[461.396,-281.533]],"c":true}]},{"i":{"x":0.15,"y":1},"o":{"x":1,"y":0},"t":20,"s":[{"i":[[0,0],[15.926,-12.447],[0,0],[18.001,-0.581],[13.95,11.069],[0,0],[0.124,-0.135],[0,0],[0,0],[-4.475,-3.631],[0,0],[0,0],[0,0],[-25.989,-0.589],[-19.279,17.233],[0,0],[0,0],[0,0],[-0.09,0.021],[0,0]],"o":[[-0.124,-0.135],[0,0],[-13.95,11.069],[-18.001,-0.581],[0,0],[-15.914,-12.437],[0,0],[0,0],[0.091,0.021],[0,0],[0,0],[0,0],[19.196,17.229],[25.818,-0.587],[0,0],[0,0],[0,0],[4.46,-3.698],[0,0],[0,0]],"v":[[459.076,-284.07],[430.597,-285.006],[48.837,48.953],[0,66.759],[-48.837,48.953],[-430.688,-285.015],[-459.156,-284.07],[-461.454,-281.556],[-458.139,-280.773],[-444.596,-274.972],[-205.904,-24.989],[-167.371,-9.754],[-69.896,77.328],[0.125,104.96],[70.057,77.328],[166.908,-9.609],[202.801,-25.757],[444.521,-274.977],[458.043,-280.77],[461.396,-281.533]],"c":true}]},{"i":{"x":0.667,"y":1},"o":{"x":0.45,"y":0},"t":56,"s":[{"i":[[0,0],[13.403,13.006],[0,0],[41.5,0.741],[13.837,-10.453],[0,0],[0.124,-0.135],[0,0],[0,0],[-4.475,-3.631],[0,0],[0,0],[0,0],[-25.989,-0.589],[-19.279,17.233],[0,0],[0,0],[0,0],[-0.09,0.021],[0,0]],"o":[[-0.124,-0.135],[0,0],[-14.337,-9.953],[-24.5,-1.259],[0,0],[-9.812,9.515],[0,0],[0,0],[0.091,0.021],[0,0],[0,0],[0,0],[19.196,17.229],[25.818,-0.587],[0,0],[0,0],[0,0],[4.46,-3.698],[0,0],[0,0]],"v":[[459.076,-284.07],[448.097,-319.006],[71.337,-574.047],[-3,-600.741],[-72.837,-573.047],[-455.688,-315.015],[-459.656,-286.07],[-458.454,-282.056],[-458.139,-280.773],[-444.596,-274.972],[-205.702,-51.989],[-167.371,-25.754],[-69.896,61.328],[0.125,88.96],[70.057,61.328],[166.908,-25.609],[202.9,-51.257],[444.521,-274.977],[458.043,-280.77],[461.396,-281.533]],"c":true}]},{"i":{"x":0.667,"y":1},"o":{"x":0.333,"y":0},"t":68,"s":[{"i":[[0,0],[13.403,13.006],[0,0],[41.5,0.741],[13.837,-10.453],[0,0],[0.124,-0.135],[0,0],[0,0],[-4.475,-3.631],[0,0],[0,0],[0,0],[-25.989,-0.589],[-19.279,17.233],[0,0],[0,0],[0,0],[-0.09,0.021],[0,0]],"o":[[-0.124,-0.135],[0,0],[-14.337,-9.953],[-24.5,-1.259],[0,0],[-9.812,9.515],[0,0],[0,0],[0.091,0.021],[0,0],[0,0],[0,0],[19.196,17.229],[25.818,-0.587],[0,0],[0,0],[0,0],[4.46,-3.698],[0,0],[0,0]],"v":[[459.076,-284.07],[451.097,-317.506],[71.337,-558.047],[-3,-584.741],[-72.837,-557.047],[-455.688,-315.015],[-459.656,-286.07],[-458.454,-282.056],[-458.139,-280.773],[-444.596,-274.972],[-205.702,-51.989],[-167.371,-25.754],[-69.896,61.328],[0.125,88.96],[70.057,61.328],[166.908,-25.609],[202.9,-51.257],[444.521,-274.977],[458.043,-280.77],[461.396,-281.533]],"c":true}]},{"i":{"x":0.667,"y":1},"o":{"x":0.333,"y":0},"t":80,"s":[{"i":[[0,0],[13.403,13.006],[0,0],[41.5,0.741],[13.837,-10.453],[0,0],[0.124,-0.135],[0,0],[0,0],[-4.475,-3.631],[0,0],[0,0],[0,0],[-25.989,-0.589],[-19.279,17.233],[0,0],[0,0],[0,0],[-0.09,0.021],[0,0]],"o":[[-0.124,-0.135],[0,0],[-14.337,-9.953],[-24.5,-1.259],[0,0],[-9.812,9.515],[0,0],[0,0],[0.091,0.021],[0,0],[0,0],[0,0],[19.196,17.229],[25.818,-0.587],[0,0],[0,0],[0,0],[4.46,-3.698],[0,0],[0,0]],"v":[[459.076,-284.07],[453.097,-316.256],[71.337,-566.047],[-3,-592.741],[-72.837,-565.047],[-455.688,-315.015],[-459.656,-286.07],[-458.454,-282.056],[-458.139,-280.773],[-444.596,-274.972],[-205.702,-51.989],[-167.371,-25.754],[-69.896,61.328],[0.125,88.96],[70.057,61.328],[166.908,-25.609],[202.9,-51.257],[444.521,-274.977],[458.043,-280.77],[461.396,-281.533]],"c":true}]},{"i":{"x":0.15,"y":1},"o":{"x":0.333,"y":0},"t":92,"s":[{"i":[[0,0],[13.403,13.006],[0,0],[41.5,0.741],[13.837,-10.453],[0,0],[0.124,-0.135],[0,0],[0,0],[-4.475,-3.631],[0,0],[0,0],[0,0],[-25.989,-0.589],[-19.279,17.233],[0,0],[0,0],[0,0],[-0.09,0.021],[0,0]],"o":[[-0.124,-0.135],[0,0],[-14.337,-9.953],[-24.5,-1.259],[0,0],[-9.812,9.515],[0,0],[0,0],[0.091,0.021],[0,0],[0,0],[0,0],[19.196,17.229],[25.818,-0.587],[0,0],[0,0],[0,0],[4.46,-3.698],[0,0],[0,0]],"v":[[459.076,-284.07],[453.597,-316.006],[71.337,-562.047],[-3,-588.741],[-72.837,-561.047],[-454.688,-315.515],[-459.656,-286.07],[-458.454,-282.056],[-458.139,-280.773],[-444.596,-274.972],[-205.702,-51.989],[-167.371,-25.754],[-69.896,61.328],[0.125,88.96],[70.057,61.328],[166.908,-25.609],[202.9,-51.257],[444.521,-274.977],[458.043,-280.77],[461.396,-281.533]],"c":true}]},{"i":{"x":0.15,"y":1},"o":{"x":0.85,"y":0},"t":136,"s":[{"i":[[0,0],[13.403,13.006],[0,0],[41.5,0.741],[13.837,-10.453],[0,0],[0.124,-0.135],[0,0],[0,0],[-4.475,-3.631],[0,0],[0,0],[0,0],[-25.989,-0.589],[-19.279,17.233],[0,0],[0,0],[0,0],[-0.09,0.021],[0,0]],"o":[[-0.124,-0.135],[0,0],[-14.337,-9.953],[-24.5,-1.259],[0,0],[-9.812,9.515],[0,0],[0,0],[0.091,0.021],[0,0],[0,0],[0,0],[19.196,17.229],[25.818,-0.587],[0,0],[0,0],[0,0],[4.46,-3.698],[0,0],[0,0]],"v":[[459.076,-284.07],[453.097,-316.756],[71.337,-562.047],[-3,-588.741],[-72.837,-561.047],[-453.188,-316.015],[-459.656,-286.07],[-458.454,-282.056],[-458.139,-280.773],[-444.596,-274.972],[-205.702,-51.989],[-167.371,-25.754],[-69.896,61.328],[0.125,88.96],[70.057,61.328],[166.908,-25.609],[202.9,-51.257],[444.521,-274.977],[458.043,-280.77],[461.396,-281.533]],"c":true}]},{"t":172,"s":[{"i":[[0,0],[15.926,-12.447],[0,0],[18.001,-0.581],[13.95,11.069],[0,0],[0.124,-0.135],[0,0],[0,0],[-4.475,-3.631],[0,0],[0,0],[0,0],[-25.989,-0.589],[-19.279,17.233],[0,0],[0,0],[0,0],[-0.09,0.021],[0,0]],"o":[[-0.124,-0.135],[0,0],[-13.95,11.069],[-18.001,-0.581],[0,0],[-15.914,-12.437],[0,0],[0,0],[0.091,0.021],[0,0],[0,0],[0,0],[19.196,17.229],[25.818,-0.587],[0,0],[0,0],[0,0],[4.46,-3.698],[0,0],[0,0]],"v":[[459.076,-284.07],[430.597,-285.006],[44.337,22.453],[0,50.759],[-48.337,20.453],[-430.688,-285.015],[-459.156,-284.07],[-461.454,-281.556],[-458.139,-280.773],[-444.596,-274.972],[-204.404,-49.489],[-167.371,-25.754],[-69.896,61.328],[0.125,88.96],[70.057,61.328],[166.908,-25.609],[201.801,-50.757],[444.521,-274.977],[458.043,-280.77],[461.396,-281.533]],"c":true}]}],"ix":2},"nm":"Path 1","mn":"ADBE Vector Shape - Group","hd":false},{"ty":"fl","c":{"a":0,"k":[0.435294121504,0.749019622803,0.941176474094,1],"ix":4},"o":{"a":0,"k":100,"ix":5},"r":1,"bm":0,"nm":"Fill 1","mn":"ADBE Vector Graphic - Fill","hd":false},{"ty":"tr","p":{"a":0,"k":[0,0],"ix":2},"a":{"a":0,"k":[0,0],"ix":1},"s":{"a":0,"k":[100,100],"ix":3},"r":{"a":0,"k":0,"ix":6},"o":{"a":0,"k":100,"ix":7},"sk":{"a":0,"k":0,"ix":4},"sa":{"a":0,"k":0,"ix":5},"nm":"Transform"}],"nm":"Group 1","np":2,"cix":2,"bm":0,"ix":1,"mn":"ADBE Vector Group","hd":false}],"ip":0,"op":184,"st":0,"bm":0},{"ddd":0,"ind":13,"ty":4,"nm":"ENVELOPE BASE","parent":1,"sr":1,"ks":{"o":{"a":0,"k":100,"ix":11},"r":{"a":0,"k":0,"ix":10},"p":{"a":0,"k":[50,50,0],"ix":2,"l":2},"a":{"a":0,"k":[0,0,0],"ix":1,"l":2},"s":{"a":0,"k":[100,100,100],"ix":6,"l":2}},"ao":0,"shapes":[{"ty":"gr","it":[{"ind":0,"ty":"sh","ix":1,"ks":{"a":0,"k":{"i":[[16.88,0],[0,0],[0,16.96],[0,0],[-16.96,0],[0,0],[0,-16.96],[0,0]],"o":[[0,0],[-21.92,0],[0,0],[0,-16.96],[0,0],[16.96,0],[0,0],[0.08,16.96]],"v":[[429.12,306.48],[-429.12,306.48],[-459.76,275.84],[-459.76,-275.84],[-429.12,-306.48],[429.04,-306.48],[459.68,-275.84],[459.68,275.84]],"c":true},"ix":2},"nm":"Path 1","mn":"ADBE Vector Shape - Group","hd":false},{"ty":"st","c":{"a":0,"k":[0.435294121504,0.749019622803,0.941176474094,1],"ix":3},"o":{"a":0,"k":100,"ix":4},"w":{"a":0,"k":32,"ix":5},"lc":1,"lj":1,"ml":10,"bm":0,"nm":"Stroke 1","mn":"ADBE Vector Graphic - Stroke","hd":false},{"ty":"tr","p":{"a":0,"k":[0,0],"ix":2},"a":{"a":0,"k":[0,0],"ix":1},"s":{"a":0,"k":[100,100],"ix":3},"r":{"a":0,"k":0,"ix":6},"o":{"a":0,"k":100,"ix":7},"sk":{"a":0,"k":0,"ix":4},"sa":{"a":0,"k":0,"ix":5},"nm":"Transform"}],"nm":"Group 1","np":2,"cix":2,"bm":0,"ix":1,"mn":"ADBE Vector Group","hd":false},{"ty":"gr","it":[{"ind":0,"ty":"sh","ix":1,"ks":{"a":1,"k":[{"i":{"x":0.833,"y":1},"o":{"x":0.45,"y":0},"t":24,"s":[{"i":[[0,0],[18.001,-0.581],[13.95,11.069],[0,0],[0,0],[-2.88,-2.772],[-3.086,0],[-1.639,1.59],[0,0],[0,0],[0,0],[-25.989,-0.589],[-19.279,17.233],[0,0],[0,0],[0,0],[-3.826,3.684],[2.166,2.499],[0,0]],"o":[[-13.95,11.069],[-18.001,-0.581],[0,0],[0,0],[-2.169,2.499],[2.235,2.151],[2.197,0],[0,0],[0,0],[0,0],[19.196,17.229],[25.818,-0.587],[0,0],[0,0],[0,0],[3.941,3.824],[2.879,-2.771],[0,0],[0,0]],"v":[[48.837,17.953],[0,35.759],[-48.837,17.953],[-205.702,-51.989],[-451.081,283.306],[-449.92,291.963],[-441.369,295.477],[-435.408,293.195],[-435.334,293.124],[-167.317,-26.091],[-69.896,61.328],[0.125,88.96],[70.057,61.328],[166.824,-25.597],[429.497,292.952],[429.647,293.115],[444.16,291.883],[445.323,283.229],[202.9,-51.257]],"c":true}]},{"i":{"x":0.15,"y":1},"o":{"x":0.45,"y":0},"t":32,"s":[{"i":[[0,0],[18.001,-0.581],[13.95,11.069],[0,0],[0,0],[-2.88,-2.772],[-3.086,0],[-1.639,1.59],[0,0],[0,0],[0,0],[-25.989,-0.589],[-19.279,17.233],[0,0],[0,0],[0,0],[-3.826,3.684],[2.166,2.499],[0,0]],"o":[[-13.95,11.069],[-18.001,-0.581],[0,0],[0,0],[-2.169,2.499],[2.235,2.151],[2.197,0],[0,0],[0,0],[0,0],[19.196,17.229],[25.818,-0.587],[0,0],[0,0],[0,0],[3.941,3.824],[2.879,-2.771],[0,0],[0,0]],"v":[[48.837,17.953],[0,35.759],[-48.837,17.953],[-205.702,-51.989],[-451.081,283.306],[-449.92,291.963],[-441.369,295.477],[-435.408,293.195],[-435.334,293.124],[-167.317,-26.091],[-69.896,61.328],[0.125,88.96],[70.057,61.328],[166.824,-25.597],[429.497,292.952],[429.647,293.115],[444.16,291.883],[445.323,283.229],[202.9,-51.257]],"c":true}]},{"i":{"x":0.833,"y":0.833},"o":{"x":0.45,"y":0},"t":38,"s":[{"i":[[0,0],[18.001,-0.581],[13.95,11.069],[0,0],[0,0],[-2.88,-2.772],[-3.086,0],[-1.639,1.59],[0,0],[0,0],[0,0],[-25.989,-0.589],[-19.279,17.233],[0,0],[0,0],[0,0],[-3.826,3.684],[2.166,2.499],[0,0]],"o":[[-13.95,11.069],[-18.001,-0.581],[0,0],[0,0],[-2.169,2.499],[2.235,2.151],[2.197,0],[0,0],[0,0],[0,0],[19.196,17.229],[25.818,-0.587],[0,0],[0,0],[0,0],[3.941,3.824],[2.879,-2.771],[0,0],[0,0]],"v":[[49.837,25.953],[1,43.759],[-47.837,25.953],[-204.702,-52.489],[-451.081,283.306],[-449.92,291.963],[-441.369,295.477],[-435.408,293.195],[-435.334,293.124],[-167.317,-26.091],[-68.896,60.328],[1.125,87.96],[71.057,60.328],[166.824,-25.598],[429.497,292.952],[429.647,293.115],[444.16,291.883],[445.323,283.229],[200.9,-53.757]],"c":true}]},{"i":{"x":0.833,"y":0.833},"o":{"x":0.167,"y":0.167},"t":46,"s":[{"i":[[0,0],[18.001,-0.581],[13.95,11.069],[0,0],[0,0],[-2.88,-2.772],[-3.086,0],[-1.639,1.59],[0,0],[0,0],[0,0],[-25.989,-0.589],[-19.279,17.233],[0,0],[0,0],[0,0],[-3.826,3.684],[2.166,2.499],[0,0]],"o":[[-13.95,11.069],[-18.001,-0.581],[0,0],[0,0],[-2.169,2.499],[2.235,2.151],[2.197,0],[0,0],[0,0],[0,0],[19.196,17.229],[25.818,-0.587],[0,0],[0,0],[0,0],[3.941,3.824],[2.879,-2.771],[0,0],[0,0]],"v":[[49.815,25.78],[0.978,43.585],[-47.859,25.78],[-204.724,-52.478],[-451.081,283.306],[-449.92,291.963],[-441.369,295.477],[-435.408,293.195],[-435.334,293.124],[-167.317,-26.091],[-68.918,60.35],[1.103,87.981],[71.035,60.35],[166.824,-25.598],[429.497,292.952],[429.647,293.115],[444.16,291.883],[445.323,283.229],[200.944,-53.703]],"c":true}]},{"i":{"x":0.15,"y":1},"o":{"x":0.167,"y":0.167},"t":56,"s":[{"i":[[0,0],[18.001,-0.581],[13.95,11.069],[0,0],[0,0],[-2.88,-2.772],[-3.086,0],[-1.639,1.59],[0,0],[0,0],[0,0],[-25.989,-0.589],[-19.279,17.233],[0,0],[0,0],[0,0],[-3.826,3.684],[2.166,2.499],[0,0]],"o":[[-13.95,11.069],[-18.001,-0.581],[0,0],[0,0],[-2.169,2.499],[2.235,2.151],[2.197,0],[0,0],[0,0],[0,0],[19.196,17.229],[25.818,-0.587],[0,0],[0,0],[0,0],[3.941,3.824],[2.879,-2.771],[0,0],[0,0]],"v":[[49.748,25.244],[0.911,43.05],[-47.926,25.244],[-204.791,-52.445],[-451.081,283.306],[-449.92,291.963],[-441.369,295.477],[-435.408,293.195],[-435.334,293.124],[-167.317,-26.091],[-68.985,60.417],[1.036,88.048],[70.968,60.416],[166.824,-25.598],[429.497,292.952],[429.647,293.115],[444.16,291.883],[445.323,283.229],[201.078,-53.536]],"c":true}]},{"i":{"x":0.15,"y":1},"o":{"x":0.45,"y":0},"t":136,"s":[{"i":[[0,0],[18.001,-0.581],[13.95,11.069],[0,0],[0,0],[-2.88,-2.772],[-3.086,0],[-1.639,1.59],[0,0],[0,0],[0,0],[-25.989,-0.589],[-19.279,17.233],[0,0],[0,0],[0,0],[-3.826,3.684],[2.166,2.499],[0,0]],"o":[[-13.95,11.069],[-18.001,-0.581],[0,0],[0,0],[-2.169,2.499],[2.235,2.151],[2.197,0],[0,0],[0,0],[0,0],[19.196,17.229],[25.818,-0.587],[0,0],[0,0],[0,0],[3.941,3.824],[2.879,-2.771],[0,0],[0,0]],"v":[[48.837,17.953],[0,35.759],[-48.837,17.953],[-205.702,-51.989],[-451.081,283.306],[-449.92,291.963],[-441.369,295.477],[-435.408,293.195],[-435.334,293.124],[-167.317,-26.091],[-69.896,61.328],[0.125,88.96],[70.057,61.328],[166.824,-25.597],[429.497,292.952],[429.647,293.115],[444.16,291.883],[445.323,283.229],[202.9,-51.257]],"c":true}]},{"t":172,"s":[{"i":[[0,0],[18.001,-0.581],[13.95,11.069],[0,0],[0,0],[-2.88,-2.772],[-3.086,0],[-1.639,1.59],[0,0],[0,0],[0,0],[-25.989,-0.589],[-19.279,17.233],[0,0],[0,0],[0,0],[-3.826,3.684],[2.166,2.499],[0,0]],"o":[[-13.95,11.069],[-18.001,-0.581],[0,0],[0,0],[-2.169,2.499],[2.235,2.151],[2.197,0],[0,0],[0,0],[0,0],[19.196,17.229],[25.818,-0.587],[0,0],[0,0],[0,0],[3.941,3.824],[2.879,-2.771],[0,0],[0,0]],"v":[[48.837,17.953],[0,35.759],[-48.837,17.953],[-205.702,-51.989],[-451.081,283.306],[-449.92,291.963],[-441.369,295.477],[-435.408,293.195],[-435.334,293.124],[-167.317,-26.091],[-69.896,61.328],[0.125,88.96],[70.057,61.328],[166.824,-25.597],[429.497,292.952],[429.647,293.115],[444.16,291.883],[445.323,283.229],[202.9,-51.257]],"c":true}]}],"ix":2},"nm":"Path 1","mn":"ADBE Vector Shape - Group","hd":false},{"ty":"fl","c":{"a":0,"k":[0.435294121504,0.749019622803,0.941176474094,1],"ix":4},"o":{"a":0,"k":100,"ix":5},"r":1,"bm":0,"nm":"Fill 1","mn":"ADBE Vector Graphic - Fill","hd":false},{"ty":"tr","p":{"a":0,"k":[0,0],"ix":2},"a":{"a":0,"k":[0,0],"ix":1},"s":{"a":0,"k":[100,100],"ix":3},"r":{"a":0,"k":0,"ix":6},"o":{"a":0,"k":100,"ix":7},"sk":{"a":0,"k":0,"ix":4},"sa":{"a":0,"k":0,"ix":5},"nm":"Transform"}],"nm":"Group 2","np":2,"cix":2,"bm":0,"ix":2,"mn":"ADBE Vector Group","hd":false},{"ty":"gr","it":[{"ind":0,"ty":"sh","ix":1,"ks":{"a":0,"k":{"i":[[16.88,0],[0,0],[0,16.96],[0,0],[-16.96,0],[0,0],[0,-16.96],[0,0]],"o":[[0,0],[-21.92,0],[0,0],[0,-16.96],[0,0],[16.96,0],[0,0],[0.08,16.96]],"v":[[429.12,306.48],[-429.12,306.48],[-459.76,275.84],[-459.76,-275.84],[-429.12,-306.48],[429.04,-306.48],[459.68,-275.84],[459.68,275.84]],"c":true},"ix":2},"nm":"Path 1","mn":"ADBE Vector Shape - Group","hd":false},{"ty":"fl","c":{"a":0,"k":[1,1,1,1],"ix":4},"o":{"a":0,"k":100,"ix":5},"r":1,"bm":0,"nm":"Fill 1","mn":"ADBE Vector Graphic - Fill","hd":false},{"ty":"tr","p":{"a":0,"k":[0,0],"ix":2},"a":{"a":0,"k":[0,0],"ix":1},"s":{"a":0,"k":[100,100],"ix":3},"r":{"a":0,"k":0,"ix":6},"o":{"a":0,"k":100,"ix":7},"sk":{"a":0,"k":0,"ix":4},"sa":{"a":0,"k":0,"ix":5},"nm":"Transform"}],"nm":"Group 3","np":2,"cix":2,"bm":0,"ix":3,"mn":"ADBE Vector Group","hd":false}],"ip":0,"op":184,"st":0,"bm":0},{"ddd":0,"ind":14,"ty":4,"nm":"ENVELOPE 4","parent":1,"sr":1,"ks":{"o":{"a":0,"k":100,"ix":11},"r":{"a":0,"k":0,"ix":10},"p":{"a":0,"k":[50,50,0],"ix":2,"l":2},"a":{"a":0,"k":[0,0,0],"ix":1,"l":2},"s":{"a":0,"k":[100,100,100],"ix":6,"l":2}},"ao":0,"shapes":[{"ty":"gr","it":[{"ind":0,"ty":"sh","ix":1,"ks":{"a":1,"k":[{"i":{"x":0.833,"y":0.833},"o":{"x":0.167,"y":0.167},"t":142,"s":[{"i":[[0,0],[13.868,8.318],[37.172,0.498],[0,0],[0.124,-0.135],[0,0],[0,0],[-4.475,-3.631],[0,0],[0,0],[0,0],[-25.989,-0.589],[-19.279,17.233],[0,0],[0,0],[0,0],[-0.09,0.021],[0,0]],"o":[[-0.124,-0.135],[0,0],[-23.303,-1.134],[-13.27,7.573],[0,0],[0,0],[0.091,0.021],[0,0],[0,0],[0,0],[19.196,17.229],[25.818,-0.587],[0,0],[0,0],[0,0],[4.46,-3.698],[0,0],[0,0]],"v":[[459.076,-284.07],[449.457,-319.441],[5.553,-564.792],[-447.23,-318.74],[-459.564,-285.701],[-459.007,-281.964],[-458.139,-280.773],[-444.596,-274.972],[-205.739,-47.016],[-167.371,-22.807],[-69.896,64.275],[0.125,91.907],[70.057,64.275],[166.908,-22.662],[202.882,-46.56],[444.52,-274.977],[458.043,-280.77],[461.395,-281.533]],"c":true}]},{"i":{"x":0.833,"y":0.833},"o":{"x":0.167,"y":0.167},"t":148,"s":[{"i":[[0,0],[13.868,8.318],[16.525,0],[0,0],[0.124,-0.135],[0,0],[0,0],[-4.475,-3.631],[0,0],[0,0],[0,0],[-25.989,-0.589],[-19.279,17.233],[0,0],[0,0],[0,0],[-0.09,0.021],[0,0]],"o":[[-0.124,-0.135],[0,0],[-27.475,0],[-13.27,7.573],[0,0],[0,0],[0.091,0.021],[0,0],[0,0],[0,0],[19.196,17.229],[25.818,-0.587],[0,0],[0,0],[0,0],[4.46,-3.698],[0,0],[0,0]],"v":[[459.076,-284.07],[449.457,-319.441],[5.475,-527.792],[-447.23,-318.74],[-459.564,-285.701],[-459.007,-281.964],[-458.139,-280.773],[-444.596,-274.972],[-205.739,-47.016],[-167.371,-22.807],[-69.896,64.275],[0.125,91.907],[70.057,64.275],[166.908,-22.661],[202.882,-46.56],[444.52,-274.977],[458.043,-280.77],[461.395,-281.533]],"c":true}]},{"i":{"x":0.833,"y":0.833},"o":{"x":0.167,"y":0.167},"t":152,"s":[{"i":[[0,0],[21.543,11.614],[5.509,0],[0,0],[0.124,-0.135],[0,0],[0,0],[-4.475,-3.631],[0,0],[0,0],[0,0],[-25.989,-0.589],[-19.279,17.233],[0,0],[0,0],[0,0],[-0.09,0.021],[0,0]],"o":[[-0.124,-0.135],[0,0],[-9.158,0],[-13.27,7.573],[0,0],[0,0],[0.091,0.021],[0,0],[0,0],[0,0],[19.196,17.229],[25.818,-0.587],[0,0],[0,0],[0,0],[4.46,-3.698],[0,0],[0,0]],"v":[[459.076,-284.07],[446.957,-319.441],[1.273,-428.792],[-447.23,-318.74],[-459.564,-285.701],[-459.007,-281.964],[-458.139,-280.773],[-444.596,-274.972],[-205.74,-47.016],[-167.371,-22.807],[-69.896,64.275],[0.125,91.907],[70.057,64.275],[166.908,-22.662],[202.882,-46.56],[444.52,-274.977],[458.043,-280.77],[461.395,-281.533]],"c":true}]},{"t":154,"s":[{"i":[[0,0],[13.868,8.318],[0,0],[0,0],[0.124,-0.135],[0,0],[0,0],[-4.475,-3.631],[0,0],[0,0],[0,0],[-25.989,-0.589],[-19.279,17.233],[0,0],[0,0],[0,0],[-0.09,0.021],[0,0]],"o":[[-0.124,-0.135],[0,0],[0,0],[-13.27,7.573],[0,0],[0,0],[0.091,0.021],[0,0],[0,0],[0,0],[19.196,17.229],[25.818,-0.587],[0,0],[0,0],[0,0],[4.46,-3.698],[0,0],[0,0]],"v":[[459.076,-284.07],[449.457,-319.441],[5.922,-320.792],[-447.23,-318.74],[-459.564,-285.701],[-459.007,-281.964],[-458.139,-280.773],[-444.596,-274.972],[-205.739,-47.016],[-167.371,-22.807],[-69.896,64.275],[0.125,91.907],[70.057,64.275],[166.908,-22.662],[202.882,-46.56],[444.52,-274.977],[458.043,-280.77],[461.395,-281.533]],"c":true}]}],"ix":2},"nm":"Path 1","mn":"ADBE Vector Shape - Group","hd":false},{"ty":"fl","c":{"a":0,"k":[0.435294121504,0.749019622803,0.941176474094,1],"ix":4},"o":{"a":0,"k":100,"ix":5},"r":1,"bm":0,"nm":"Fill 1","mn":"ADBE Vector Graphic - Fill","hd":false},{"ty":"tr","p":{"a":0,"k":[0,0],"ix":2},"a":{"a":0,"k":[0,0],"ix":1},"s":{"a":0,"k":[100,100],"ix":3},"r":{"a":0,"k":0,"ix":6},"o":{"a":0,"k":100,"ix":7},"sk":{"a":0,"k":0,"ix":4},"sa":{"a":0,"k":0,"ix":5},"nm":"Transform"}],"nm":"Group 1","np":2,"cix":2,"bm":0,"ix":1,"mn":"ADBE Vector Group","hd":false}],"ip":142,"op":156,"st":96,"bm":0},{"ddd":0,"ind":15,"ty":4,"nm":"ENVELOPE 3","parent":1,"sr":1,"ks":{"o":{"a":0,"k":100,"ix":11},"r":{"a":0,"k":0,"ix":10},"p":{"a":0,"k":[50,50,0],"ix":2,"l":2},"a":{"a":0,"k":[0,0,0],"ix":1,"l":2},"s":{"a":0,"k":[100,100,100],"ix":6,"l":2}},"ao":0,"shapes":[{"ty":"gr","it":[{"ind":0,"ty":"sh","ix":1,"ks":{"a":1,"k":[{"i":{"x":0.833,"y":0.833},"o":{"x":0.167,"y":0.167},"t":41,"s":[{"i":[[0,0],[13.868,8.318],[0,0],[21.505,-0.427],[18.974,-4.49],[0,0],[0.124,-0.135],[0,0],[0,0],[-4.475,-3.631],[0,0],[0,0],[0,0],[-25.989,-0.589],[-19.279,17.233],[0,0],[0,0],[0,0],[-0.09,0.021],[0,0]],"o":[[-0.124,-0.135],[0,0],[-18.885,-3.674],[-20.245,-0.427],[0,0],[-10.936,5.472],[0,0],[0,0],[0.091,0.021],[0,0],[0,0],[0,0],[19.196,17.229],[25.818,-0.587],[0,0],[0,0],[0,0],[4.46,-3.698],[0,0],[0,0]],"v":[[459.076,-284.07],[439.957,-321.441],[67.385,-413.794],[-1.255,-423.292],[-68.224,-412.978],[-447.23,-318.74],[-459.564,-285.701],[-459.007,-281.964],[-458.139,-280.773],[-444.596,-274.972],[-205.739,-47.016],[-167.371,-22.807],[-69.896,64.275],[0.125,91.907],[70.057,64.275],[166.908,-22.661],[202.882,-46.56],[444.52,-274.977],[458.043,-280.77],[461.395,-281.533]],"c":true}]},{"i":{"x":0.833,"y":0.833},"o":{"x":0.167,"y":0.167},"t":42,"s":[{"i":[[0,0],[13.868,8.318],[0,0],[37.171,0.498],[13.858,-6.489],[0,0],[0.124,-0.135],[0,0],[0,0],[-4.475,-3.631],[0,0],[0,0],[0,0],[-25.989,-0.589],[-19.279,17.233],[0,0],[0,0],[0,0],[-0.09,0.021],[0,0]],"o":[[-0.124,-0.135],[0,0],[-14.266,-6.081],[-23.303,-1.134],[0,0],[-10.936,5.472],[0,0],[0,0],[0.091,0.021],[0,0],[0,0],[0,0],[19.196,17.229],[25.818,-0.587],[0,0],[0,0],[0,0],[4.46,-3.698],[0,0],[0,0]],"v":[[459.076,-284.07],[439.957,-321.441],[67.193,-459.294],[-2.447,-477.792],[-68.416,-458.478],[-447.23,-318.74],[-459.564,-285.701],[-459.007,-281.964],[-458.139,-280.773],[-444.596,-274.972],[-205.739,-47.016],[-167.371,-22.807],[-69.896,64.275],[0.125,91.907],[70.057,64.275],[166.908,-22.661],[202.882,-46.56],[444.52,-274.977],[458.043,-280.77],[461.395,-281.533]],"c":true}]},{"i":{"x":0.833,"y":0.833},"o":{"x":0.167,"y":0.167},"t":44,"s":[{"i":[[0,0],[13.868,8.318],[0,0],[37.171,0.498],[13.858,-6.489],[0,0],[0.124,-0.135],[0,0],[0,0],[-4.475,-3.631],[0,0],[0,0],[0,0],[-25.989,-0.589],[-19.279,17.233],[0,0],[0,0],[0,0],[-0.09,0.021],[0,0]],"o":[[-0.124,-0.135],[0,0],[-14.266,-6.081],[-23.303,-1.134],[0,0],[-10.936,5.472],[0,0],[0,0],[0.091,0.021],[0,0],[0,0],[0,0],[19.196,17.229],[25.818,-0.587],[0,0],[0,0],[0,0],[4.46,-3.698],[0,0],[0,0]],"v":[[459.076,-284.07],[439.957,-321.441],[67.245,-507.544],[-2.394,-526.042],[-68.363,-506.728],[-447.23,-318.74],[-459.564,-285.701],[-459.007,-281.964],[-458.139,-280.773],[-444.596,-274.972],[-205.739,-47.016],[-167.371,-22.807],[-69.896,64.275],[0.125,91.907],[70.057,64.275],[166.908,-22.662],[202.882,-46.56],[444.52,-274.977],[458.043,-280.77],[461.395,-281.533]],"c":true}]},{"i":{"x":0.833,"y":0.833},"o":{"x":0.167,"y":0.167},"t":46,"s":[{"i":[[0,0],[13.868,8.318],[0,0],[37.172,0.498],[13.858,-6.489],[0,0],[0.124,-0.135],[0,0],[0,0],[-4.475,-3.631],[0,0],[0,0],[0,0],[-25.989,-0.589],[-19.279,17.233],[0,0],[0,0],[0,0],[-0.09,0.021],[0,0]],"o":[[-0.124,-0.135],[0,0],[-14.266,-6.081],[-23.303,-1.134],[0,0],[-10.936,5.472],[0,0],[0,0],[0.091,0.021],[0,0],[0,0],[0,0],[19.196,17.229],[25.818,-0.587],[0,0],[0,0],[0,0],[4.46,-3.698],[0,0],[0,0]],"v":[[459.076,-284.07],[446.957,-319.191],[67.351,-538.044],[-2.289,-556.542],[-68.258,-537.228],[-447.23,-318.74],[-459.564,-285.701],[-459.007,-281.964],[-458.139,-280.773],[-444.596,-274.972],[-205.739,-47.016],[-167.371,-22.807],[-69.896,64.275],[0.125,91.907],[70.057,64.275],[166.908,-22.662],[202.882,-46.56],[444.52,-274.977],[458.043,-280.77],[461.395,-281.533]],"c":true}]},{"t":48,"s":[{"i":[[0,0],[13.868,8.318],[0,0],[37.172,0.498],[13.858,-6.489],[0,0],[0.124,-0.135],[0,0],[0,0],[-4.475,-3.631],[0,0],[0,0],[0,0],[-25.989,-0.589],[-19.279,17.233],[0,0],[0,0],[0,0],[-0.09,0.021],[0,0]],"o":[[-0.124,-0.135],[0,0],[-14.266,-6.081],[-23.303,-1.134],[0,0],[-10.936,5.472],[0,0],[0,0],[0.091,0.021],[0,0],[0,0],[0,0],[19.196,17.229],[25.818,-0.587],[0,0],[0,0],[0,0],[4.46,-3.698],[0,0],[0,0]],"v":[[459.076,-284.07],[446.457,-320.441],[67.351,-538.044],[-2.289,-556.542],[-68.258,-537.228],[-447.23,-318.74],[-459.564,-285.701],[-459.007,-281.964],[-458.139,-280.773],[-444.596,-274.972],[-205.739,-47.016],[-167.371,-22.807],[-69.896,64.275],[0.125,91.907],[70.057,64.275],[166.908,-22.662],[202.882,-46.56],[444.52,-274.977],[458.043,-280.77],[461.395,-281.533]],"c":true}]}],"ix":2},"nm":"Path 1","mn":"ADBE Vector Shape - Group","hd":false},{"ty":"fl","c":{"a":0,"k":[0.435294121504,0.749019622803,0.941176474094,1],"ix":4},"o":{"a":0,"k":100,"ix":5},"r":1,"bm":0,"nm":"Fill 1","mn":"ADBE Vector Graphic - Fill","hd":false},{"ty":"tr","p":{"a":0,"k":[0,0],"ix":2},"a":{"a":0,"k":[0,0],"ix":1},"s":{"a":0,"k":[100,100],"ix":3},"r":{"a":0,"k":0,"ix":6},"o":{"a":0,"k":100,"ix":7},"sk":{"a":0,"k":0,"ix":4},"sa":{"a":0,"k":0,"ix":5},"nm":"Transform"}],"nm":"Group 1","np":2,"cix":2,"bm":0,"ix":1,"mn":"ADBE Vector Group","hd":false}],"ip":41,"op":51,"st":0,"bm":0},{"ddd":0,"ind":16,"ty":4,"nm":"HEART 15","parent":1,"sr":1,"ks":{"o":{"a":0,"k":100,"ix":11},"r":{"a":0,"k":0,"ix":10},"p":{"a":1,"k":[{"i":{"x":0.15,"y":1},"o":{"x":0.45,"y":0},"t":0,"s":[50,50,0],"to":[0,0,0],"ti":[0,0,0]},{"i":{"x":0.795,"y":0.485},"o":{"x":1.031,"y":0},"t":20,"s":[50,60,0],"to":[0,0,0],"ti":[0,0,0]},{"i":{"x":0.66,"y":0.712},"o":{"x":0.355,"y":0.098},"t":40,"s":[49.625,-215.94,0],"to":[0,0,0],"ti":[0,0,0]},{"i":{"x":0.606,"y":0.618},"o":{"x":0.29,"y":0.897},"t":41,"s":[49.986,-341.994,0],"to":[0,0,0],"ti":[0,0,0]},{"i":{"x":0.351,"y":1},"o":{"x":0.072,"y":1},"t":42,"s":[50.299,-376.653,0],"to":[0,0,0],"ti":[0,0,0]},{"i":{"x":0.667,"y":1},"o":{"x":0.396,"y":0},"t":56,"s":[51.25,-410.5,0],"to":[0,0,0],"ti":[0,0,0]},{"i":{"x":0.667,"y":1},"o":{"x":0.333,"y":0},"t":68,"s":[51.25,-396.5,0],"to":[0,0,0],"ti":[0,0,0]},{"i":{"x":0.667,"y":1},"o":{"x":0.333,"y":0},"t":80,"s":[51.25,-404.5,0],"to":[0,0,0],"ti":[0,0,0]},{"i":{"x":0.216,"y":0.216},"o":{"x":0.333,"y":0.333},"t":92,"s":[51.25,-400.5,0],"to":[0,0,0],"ti":[0,0,0]},{"i":{"x":0.852,"y":0.49},"o":{"x":0.576,"y":0},"t":136,"s":[51.25,-400.5,0],"to":[0,0,0],"ti":[0,0,0]},{"i":{"x":-0.049,"y":1},"o":{"x":0.269,"y":0.378},"t":152,"s":[51.003,-295.404,0],"to":[0,0,0],"ti":[0,0,0]},{"t":174,"s":[50,60,0]}],"ix":2,"l":2},"a":{"a":0,"k":[0,0,0],"ix":1,"l":2},"s":{"a":1,"k":[{"i":{"x":[0.577,0.577,0.669],"y":[1,0.065,1]},"o":{"x":[1.031,1.031,0.163],"y":[0,0,0]},"t":20,"s":[100,100,100]},{"i":{"x":[0.471,0.471,0.824],"y":[1,1,1]},"o":{"x":[0.175,0.175,0.431],"y":[0,0.593,0]},"t":42,"s":[100,-41.315,100]},{"i":{"x":[0.15,0.15,0.833],"y":[1,1,1]},"o":{"x":[0.45,0.45,0.167],"y":[0,0,0]},"t":56,"s":[100,-100,100]},{"i":{"x":[0.15,0.15,0.833],"y":[1,1,1]},"o":{"x":[0.85,0.85,0.167],"y":[0,0,0]},"t":136,"s":[100,-100,100]},{"t":174,"s":[100,100,100]}],"ix":6,"l":2}},"ao":0,"shapes":[{"ty":"gr","it":[{"ty":"gr","it":[{"ind":0,"ty":"sh","ix":1,"ks":{"a":0,"k":{"i":[[49.6,0],[0,0],[66.08,0],[-20.88,-89.44],[0,0],[-20.96,89.44]],"o":[[-65.6,0],[0,0],[-49.68,0],[20.88,89.44],[0,0],[20.8,-89.44]],"v":[[89.773,-184.16],[0.093,-105.76],[-89.747,-184.16],[-175.107,-55.36],[0.253,145.52],[175.133,-55.36]],"c":true},"ix":2},"nm":"Path 1","mn":"ADBE Vector Shape - Group","hd":false},{"ty":"fl","c":{"a":0,"k":[0.717647058824,0.109803929048,0.109803929048,1],"ix":4},"o":{"a":0,"k":100,"ix":5},"r":1,"bm":0,"nm":"Fill 1","mn":"ADBE Vector Graphic - Fill","hd":false},{"ty":"tr","p":{"a":0,"k":[0,0],"ix":2},"a":{"a":0,"k":[0,0],"ix":1},"s":{"a":0,"k":[100,100],"ix":3},"r":{"a":0,"k":0,"ix":6},"o":{"a":0,"k":100,"ix":7},"sk":{"a":0,"k":0,"ix":4},"sa":{"a":0,"k":0,"ix":5},"nm":"Transform"}],"nm":"Group 1","np":2,"cix":2,"bm":0,"ix":1,"mn":"ADBE Vector Group","hd":false},{"ty":"tr","p":{"a":0,"k":[0,0],"ix":2},"a":{"a":0,"k":[0,0],"ix":1},"s":{"a":0,"k":[100,100],"ix":3},"r":{"a":0,"k":0,"ix":6},"o":{"a":0,"k":100,"ix":7},"sk":{"a":0,"k":0,"ix":4},"sa":{"a":0,"k":0,"ix":5},"nm":"Transform"}],"nm":"Group 1","np":1,"cix":2,"bm":0,"ix":1,"mn":"ADBE Vector Group","hd":false},{"ty":"gr","it":[{"ty":"gr","it":[{"ind":0,"ty":"sh","ix":1,"ks":{"a":0,"k":{"i":[[56.16,0],[0,0],[74.72,0],[-23.68,-99.84],[0,0],[-23.68,99.92]],"o":[[-74.16,0],[0,0],[-56.16,0],[23.68,99.92],[0,0],[23.6,-99.84]],"v":[[101.453,-184.16],[0.093,-96.56],[-101.507,-184.16],[-197.987,-40.32],[0.253,184.08],[197.933,-40.32]],"c":true},"ix":2},"nm":"Path 1","mn":"ADBE Vector Shape - Group","hd":false},{"ty":"fl","c":{"a":0,"k":[0.717647075653,0.109803922474,0.109803922474,1],"ix":4},"o":{"a":0,"k":100,"ix":5},"r":1,"bm":0,"nm":"Fill 1","mn":"ADBE Vector Graphic - Fill","hd":false},{"ty":"tr","p":{"a":0,"k":[0,0],"ix":2},"a":{"a":0,"k":[0,0],"ix":1},"s":{"a":0,"k":[100,100],"ix":3},"r":{"a":0,"k":0,"ix":6},"o":{"a":0,"k":100,"ix":7},"sk":{"a":0,"k":0,"ix":4},"sa":{"a":0,"k":0,"ix":5},"nm":"Transform"}],"nm":"Group 1","np":2,"cix":2,"bm":0,"ix":1,"mn":"ADBE Vector Group","hd":false},{"ty":"tr","p":{"a":0,"k":[0,0],"ix":2},"a":{"a":0,"k":[0,0],"ix":1},"s":{"a":0,"k":[100,100],"ix":3},"r":{"a":0,"k":0,"ix":6},"o":{"a":0,"k":100,"ix":7},"sk":{"a":0,"k":0,"ix":4},"sa":{"a":0,"k":0,"ix":5},"nm":"Transform"}],"nm":"Group 2","np":1,"cix":2,"bm":0,"ix":2,"mn":"ADBE Vector Group","hd":false}],"ip":41,"op":154,"st":0,"bm":0}],"markers":[{"tm":180,"cm":"rest","dr":0}]}