{"v":"5.8.1","fr":60,"ip":0,"op":130,"w":1024,"h":1024,"nm":"emoji_drooling","ddd":0,"assets":[],"layers":[{"ddd":0,"ind":1,"ty":3,"nm":"Null ALL","sr":1,"ks":{"o":{"a":0,"k":0,"ix":11},"r":{"a":0,"k":0,"ix":10},"p":{"s":true,"x":{"a":0,"k":512,"ix":3},"y":{"a":1,"k":[{"i":{"x":[0.833],"y":[0.833]},"o":{"x":[0.167],"y":[0.167]},"t":0,"s":[512]},{"i":{"x":[0.305],"y":[1]},"o":{"x":[0.167],"y":[0.167]},"t":17.5,"s":[512]},{"i":{"x":[0.667],"y":[1]},"o":{"x":[0.387],"y":[0]},"t":55,"s":[514]},{"i":{"x":[0.667],"y":[1]},"o":{"x":[0.333],"y":[0]},"t":70,"s":[496.985]},{"i":{"x":[0.667],"y":[1]},"o":{"x":[0.333],"y":[0]},"t":82.5,"s":[509.075]},{"i":{"x":[0.667],"y":[1]},"o":{"x":[0.333],"y":[0]},"t":100,"s":[504]},{"i":{"x":[0.833],"y":[0.833]},"o":{"x":[0.673],"y":[0]},"t":112.5,"s":[504]},{"t":130,"s":[512]}],"ix":4}},"a":{"a":0,"k":[0,0,0],"ix":1,"l":2},"s":{"a":0,"k":[200,200,100],"ix":6,"l":2}},"ao":0,"ip":0,"op":130,"st":-35,"bm":0},{"ddd":0,"ind":2,"ty":3,"nm":"Null Face","parent":1,"sr":1,"ks":{"o":{"a":0,"k":0,"ix":11},"r":{"a":0,"k":0,"ix":10},"p":{"s":true,"x":{"a":0,"k":0,"ix":3},"y":{"a":1,"k":[{"i":{"x":[0.833],"y":[0.833]},"o":{"x":[0.167],"y":[0.167]},"t":0,"s":[15]},{"i":{"x":[0.304],"y":[1]},"o":{"x":[0.167],"y":[0.167]},"t":17.5,"s":[0]},{"i":{"x":[0.833],"y":[0.833]},"o":{"x":[0.485],"y":[0]},"t":55,"s":[-2]},{"i":{"x":[0.667],"y":[1]},"o":{"x":[0.167],"y":[0.167]},"t":70,"s":[-28.68]},{"i":{"x":[0],"y":[1]},"o":{"x":[0.333],"y":[0]},"t":82.5,"s":[2.216]},{"t":95,"s":[-1.996],"h":1},{"i":{"x":[0],"y":[1]},"o":{"x":[0.167],"y":[0.167]},"t":100,"s":[-1.996]},{"i":{"x":[0.833],"y":[0.833]},"o":{"x":[1],"y":[0]},"t":112.5,"s":[-27.842]},{"t":130,"s":[15]}],"ix":4}},"a":{"a":0,"k":[0,0,0],"ix":1,"l":2},"s":{"a":0,"k":[100,100,100],"ix":6,"l":2}},"ao":0,"ip":0,"op":130,"st":-35,"bm":0},{"ddd":0,"ind":3,"ty":4,"nm":"eyebrows ","parent":2,"sr":1,"ks":{"o":{"a":0,"k":100,"ix":11},"r":{"a":0,"k":0,"ix":10},"p":{"a":0,"k":[-0.173,-129.4,0],"ix":2,"l":2},"a":{"a":0,"k":[37.95,11,0],"ix":1,"l":2},"s":{"a":0,"k":[400,400,100],"ix":6,"l":2}},"ao":0,"shapes":[{"ty":"gr","it":[{"ind":0,"ty":"sh","ix":1,"ks":{"a":1,"k":[{"i":{"x":0,"y":1},"o":{"x":0.167,"y":0.167},"t":0,"s":[{"i":[[-3.7,-4.6],[1.1,2.1],[5,1.6],[1.9,0],[0.1,-1],[-0.9,-0.1],[0,0]],"o":[[1.4,1.7],[-2.6,-4.6],[-1.8,-0.6],[-1,0],[0,0.9],[0,0],[5.8,1.2]],"v":[[5.95,7.95],[9.15,6.05],[-2.65,-3.65],[-8.35,-4.65],[-10.25,-2.85],[-8.75,-1.05],[-8.65,-1.05]],"c":true}]},{"i":{"x":0.833,"y":0.833},"o":{"x":0.333,"y":0},"t":55,"s":[{"i":[[-3.7,-4.6],[1.1,2.1],[5,1.6],[1.9,0],[0.1,-1],[-0.9,-0.1],[0,0]],"o":[[1.4,1.7],[-2.6,-4.6],[-1.8,-0.6],[-1,0],[0,0.9],[0,0],[5.8,1.2]],"v":[[5.95,7.95],[9.15,6.05],[-2.65,-3.65],[-8.35,-4.65],[-10.25,-2.85],[-8.75,-1.05],[-8.65,-1.05]],"c":true}]},{"i":{"x":0.833,"y":0.833},"o":{"x":0.167,"y":0.167},"t":70,"s":[{"i":[[-4.075,-4.081],[1.288,1.925],[5.024,1.031],[1.845,-0.199],[-0.007,-0.982],[-0.885,-0.003],[0,0]],"o":[[1.537,1.505],[-3.006,-4.196],[-1.811,-0.395],[-0.971,0.105],[0.094,0.874],[0,0],[5.759,0.559]],"v":[[5.356,11.043],[8.265,8.863],[-4.21,0.675],[-9.851,0.299],[-11.508,2.246],[-9.863,3.838],[-9.766,3.827]],"c":true}]},{"i":{"x":0,"y":1},"o":{"x":0.167,"y":0.167},"t":82.5,"s":[{"i":[[-4.075,-4.081],[1.288,1.925],[5.024,1.031],[1.845,-0.199],[-0.007,-0.982],[-0.885,-0.003],[0,0]],"o":[[1.537,1.505],[-3.006,-4.196],[-1.811,-0.395],[-0.971,0.105],[0.094,0.874],[0,0],[5.759,0.559]],"v":[[5.356,11.043],[8.265,8.863],[-4.21,0.675],[-9.851,0.299],[-11.508,2.246],[-9.863,3.838],[-9.766,3.827]],"c":true}]},{"t":95,"s":[{"i":[[-4.075,-4.081],[1.288,1.925],[5.024,1.031],[1.845,-0.199],[-0.007,-0.982],[-0.885,-0.003],[0,0]],"o":[[1.537,1.505],[-3.006,-4.196],[-1.811,-0.395],[-0.971,0.105],[0.094,0.874],[0,0],[5.759,0.559]],"v":[[5.356,11.043],[8.265,8.863],[-4.21,0.675],[-9.851,0.299],[-11.508,2.246],[-9.863,3.838],[-9.766,3.827]],"c":true}],"h":1},{"i":{"x":0.667,"y":1},"o":{"x":0.167,"y":0.167},"t":100,"s":[{"i":[[-4.075,-4.081],[1.288,1.925],[5.024,1.031],[1.845,-0.199],[-0.007,-0.982],[-0.885,-0.003],[0,0]],"o":[[1.537,1.505],[-3.006,-4.196],[-1.811,-0.395],[-0.971,0.105],[0.094,0.874],[0,0],[5.759,0.559]],"v":[[5.356,11.043],[8.265,8.863],[-4.21,0.675],[-9.851,0.299],[-11.508,2.246],[-9.863,3.838],[-9.766,3.827]],"c":true}]},{"i":{"x":0.833,"y":0.833},"o":{"x":1,"y":0},"t":112.5,"s":[{"i":[[-4.075,-4.081],[1.288,1.925],[5.024,1.031],[1.845,-0.199],[-0.007,-0.982],[-0.885,-0.003],[0,0]],"o":[[1.537,1.505],[-3.006,-4.196],[-1.811,-0.395],[-0.971,0.105],[0.094,0.874],[0,0],[5.759,0.559]],"v":[[5.356,12.043],[8.265,9.863],[-4.21,1.675],[-9.851,1.299],[-11.508,3.246],[-9.863,4.838],[-9.766,4.827]],"c":true}]},{"t":130,"s":[{"i":[[-3.7,-4.6],[1.1,2.1],[5,1.6],[1.9,0],[0.1,-1],[-0.9,-0.1],[0,0]],"o":[[1.4,1.7],[-2.6,-4.6],[-1.8,-0.6],[-1,0],[0,0.9],[0,0],[5.8,1.2]],"v":[[5.95,7.95],[9.15,6.05],[-2.65,-3.65],[-8.35,-4.65],[-10.25,-2.85],[-8.75,-1.05],[-8.65,-1.05]],"c":true}]}],"ix":2},"nm":"Path 1","mn":"ADBE Vector Shape - Group","hd":false},{"ty":"fl","c":{"a":0,"k":[0.258999992819,0.169000004787,0.051000000449,1],"ix":4},"o":{"a":0,"k":100,"ix":5},"r":1,"bm":0,"nm":"Fill 1","mn":"ADBE Vector Graphic - Fill","hd":false},{"ty":"tr","p":{"a":0,"k":[65.4,7.4],"ix":2},"a":{"a":0,"k":[0,0],"ix":1},"s":{"a":0,"k":[100,100],"ix":3},"r":{"a":0,"k":0,"ix":6},"o":{"a":0,"k":100,"ix":7},"sk":{"a":0,"k":0,"ix":4},"sa":{"a":0,"k":0,"ix":5},"nm":"Transform"}],"nm":"Group 1","np":2,"cix":2,"bm":0,"ix":1,"mn":"ADBE Vector Group","hd":false},{"ty":"gr","it":[{"ind":0,"ty":"sh","ix":1,"ks":{"a":1,"k":[{"i":{"x":0,"y":1},"o":{"x":0.167,"y":0.167},"t":0,"s":[{"i":[[3.5,-4.8],[-1,2.2],[-5,1.9],[-2,0.1],[-0.2,-1],[1,-0.2],[0,0]],"o":[[-1.3,1.8],[2.3,-4.8],[1.8,-0.8],[1,-0.1],[0.2,1],[0,0],[-5.8,1.6]],"v":[[-5.85,5.85],[-9.15,4.15],[2.15,-6.25],[7.85,-7.55],[9.95,-6.05],[8.45,-3.95],[8.35,-3.95]],"c":true}]},{"i":{"x":0.833,"y":0.833},"o":{"x":0.333,"y":0},"t":55,"s":[{"i":[[3.5,-4.8],[-1,2.2],[-5,1.9],[-2,0.1],[-0.2,-1],[1,-0.2],[0,0]],"o":[[-1.3,1.8],[2.3,-4.8],[1.8,-0.8],[1,-0.1],[0.2,1],[0,0],[-5.8,1.6]],"v":[[-5.85,5.85],[-9.15,4.15],[2.15,-6.25],[7.85,-7.55],[9.95,-6.05],[8.45,-3.95],[8.35,-3.95]],"c":true}]},{"i":{"x":0.833,"y":0.833},"o":{"x":0.167,"y":0.167},"t":70,"s":[{"i":[[3.862,-4.379],[-1.18,2.06],[-5.066,1.399],[-1.966,-0.086],[-0.104,-0.997],[0.997,-0.104],[0,0]],"o":[[-1.437,1.641],[2.691,-4.484],[1.834,-0.617],[0.987,-0.006],[0.104,0.997],[0,0],[-5.821,1.032]],"v":[[-5.938,6.787],[-9.01,4.821],[2.999,-4.314],[8.694,-5.062],[10.611,-3.402],[8.951,-1.485],[8.853,-1.495]],"c":true}]},{"i":{"x":0,"y":1},"o":{"x":0.167,"y":0.167},"t":82.5,"s":[{"i":[[3.862,-4.379],[-1.18,2.06],[-5.066,1.399],[-1.966,-0.086],[-0.104,-0.997],[0.997,-0.104],[0,0]],"o":[[-1.437,1.641],[2.691,-4.484],[1.834,-0.617],[0.987,-0.006],[0.104,0.997],[0,0],[-5.821,1.032]],"v":[[-5.938,6.787],[-9.01,4.821],[2.999,-4.314],[8.694,-5.062],[10.611,-3.402],[8.951,-1.485],[8.853,-1.495]],"c":true}]},{"t":95,"s":[{"i":[[3.862,-4.379],[-1.18,2.06],[-5.066,1.399],[-1.966,-0.086],[-0.104,-0.997],[0.997,-0.104],[0,0]],"o":[[-1.437,1.641],[2.691,-4.484],[1.834,-0.617],[0.987,-0.006],[0.104,0.997],[0,0],[-5.821,1.032]],"v":[[-5.938,6.787],[-9.01,4.821],[2.999,-4.314],[8.694,-5.062],[10.611,-3.402],[8.951,-1.485],[8.853,-1.495]],"c":true}],"h":1},{"i":{"x":0.667,"y":1},"o":{"x":0.167,"y":0.167},"t":100,"s":[{"i":[[3.862,-4.379],[-1.18,2.06],[-5.066,1.399],[-1.966,-0.086],[-0.104,-0.997],[0.997,-0.104],[0,0]],"o":[[-1.437,1.641],[2.691,-4.484],[1.834,-0.617],[0.987,-0.006],[0.104,0.997],[0,0],[-5.821,1.032]],"v":[[-5.938,6.787],[-9.01,4.821],[2.999,-4.314],[8.694,-5.062],[10.611,-3.402],[8.951,-1.485],[8.853,-1.495]],"c":true}]},{"i":{"x":0.833,"y":0.833},"o":{"x":1,"y":0},"t":112.5,"s":[{"i":[[3.862,-4.379],[-1.18,2.06],[-5.066,1.399],[-1.966,-0.086],[-0.104,-0.997],[0.997,-0.104],[0,0]],"o":[[-1.437,1.641],[2.691,-4.484],[1.834,-0.617],[0.987,-0.006],[0.104,0.997],[0,0],[-5.821,1.032]],"v":[[-5.938,6.287],[-9.01,4.321],[2.999,-4.814],[8.694,-5.562],[10.611,-3.902],[8.951,-1.985],[8.853,-1.995]],"c":true}]},{"t":130,"s":[{"i":[[3.5,-4.8],[-1,2.2],[-5,1.9],[-2,0.1],[-0.2,-1],[1,-0.2],[0,0]],"o":[[-1.3,1.8],[2.3,-4.8],[1.8,-0.8],[1,-0.1],[0.2,1],[0,0],[-5.8,1.6]],"v":[[-5.85,5.85],[-9.15,4.15],[2.15,-6.25],[7.85,-7.55],[9.95,-6.05],[8.45,-3.95],[8.35,-3.95]],"c":true}]}],"ix":2},"nm":"Path 1","mn":"ADBE Vector Shape - Group","hd":false},{"ty":"fl","c":{"a":0,"k":[0.258999992819,0.169000004787,0.051000000449,1],"ix":4},"o":{"a":0,"k":100,"ix":5},"r":1,"bm":0,"nm":"Fill 1","mn":"ADBE Vector Graphic - Fill","hd":false},{"ty":"tr","p":{"a":0,"k":[10.4,14.1],"ix":2},"a":{"a":0,"k":[0,0],"ix":1},"s":{"a":0,"k":[100,100],"ix":3},"r":{"a":0,"k":0,"ix":6},"o":{"a":0,"k":100,"ix":7},"sk":{"a":0,"k":0,"ix":4},"sa":{"a":0,"k":0,"ix":5},"nm":"Transform"}],"nm":"Group 2","np":2,"cix":2,"bm":0,"ix":2,"mn":"ADBE Vector Group","hd":false}],"ip":0,"op":130,"st":-35,"bm":0},{"ddd":0,"ind":4,"ty":4,"nm":"eyes normal","parent":2,"sr":1,"ks":{"o":{"a":1,"k":[{"t":0,"s":[0],"h":1},{"t":72.5,"s":[100],"h":1},{"t":130,"s":[0],"h":1}],"ix":11},"r":{"a":0,"k":0,"ix":10},"p":{"a":0,"k":[-1.601,-33.256,0],"ix":2,"l":2},"a":{"a":0,"k":[27.45,9.65,0],"ix":1,"l":2},"s":{"a":0,"k":[400,400,100],"ix":6,"l":2}},"ao":0,"shapes":[{"ty":"gr","it":[{"ind":0,"ty":"sh","ix":1,"ks":{"a":1,"k":[{"i":{"x":0,"y":1},"o":{"x":0.167,"y":0.167},"t":70,"s":[{"i":[[1.318,0.669],[0.794,-1.16],[-1.022,-0.746],[-0.795,1.16]],"o":[[-1.403,-0.712],[-0.567,0.912],[1.587,0.58],[0.567,-0.912]],"v":[[1.547,-4.401],[-2.765,-3.323],[-2.083,-0.589],[2.227,-1.666]],"c":true}]},{"i":{"x":0,"y":1},"o":{"x":0.333,"y":0},"t":77.5,"s":[{"i":[[1.162,0.808],[0.7,-1.4],[-0.901,-0.9],[-0.701,1.4]],"o":[[-1.237,-0.859],[-0.5,1.1],[1.399,0.7],[0.5,-1.1]],"v":[[1.601,-2.3],[-2.201,-1],[-1.6,2.3],[2.201,1]],"c":true}]},{"t":95,"s":[{"i":[[1.162,0.808],[0.7,-1.4],[-0.901,-0.9],[-0.701,1.4]],"o":[[-1.237,-0.859],[-0.5,1.1],[1.399,0.7],[0.5,-1.1]],"v":[[1.601,-2.3],[-2.201,-1],[-1.6,2.3],[2.201,1]],"c":true}],"h":1},{"i":{"x":0.833,"y":0.833},"o":{"x":0.333,"y":0},"t":122.5,"s":[{"i":[[1.162,0.808],[0.7,-1.4],[-0.901,-0.9],[-0.701,1.4]],"o":[[-1.237,-0.859],[-0.5,1.1],[1.399,0.7],[0.5,-1.1]],"v":[[1.601,-2.3],[-2.201,-1],[-1.6,2.3],[2.201,1]],"c":true}]},{"t":130,"s":[{"i":[[1.318,0.669],[0.794,-1.16],[-1.022,-0.746],[-0.795,1.16]],"o":[[-1.403,-0.712],[-0.567,0.912],[1.587,0.58],[0.567,-0.912]],"v":[[1.547,-4.401],[-2.765,-3.323],[-2.083,-0.589],[2.227,-1.666]],"c":true}]}],"ix":2},"nm":"Path 1","mn":"ADBE Vector Shape - Group","hd":false},{"ty":"fl","c":{"a":0,"k":[0.536999990426,0.375999989229,0.141000007181,1],"ix":4},"o":{"a":0,"k":100,"ix":5},"r":1,"bm":0,"nm":"Fill 1","mn":"ADBE Vector Graphic - Fill","hd":false},{"ty":"tr","p":{"a":0,"k":[44.65,6.55],"ix":2},"a":{"a":0,"k":[0,0],"ix":1},"s":{"a":0,"k":[100,100],"ix":3},"r":{"a":0,"k":0,"ix":6},"o":{"a":0,"k":100,"ix":7},"sk":{"a":0,"k":0,"ix":4},"sa":{"a":0,"k":0,"ix":5},"nm":"Transform"}],"nm":"Group 1","np":2,"cix":2,"bm":0,"ix":1,"mn":"ADBE Vector Group","hd":false},{"ty":"gr","it":[{"ind":0,"ty":"sh","ix":1,"ks":{"a":1,"k":[{"i":{"x":0,"y":1},"o":{"x":0.167,"y":0.167},"t":70,"s":[{"i":[[5.048,-0.144],[0,-4.89],[-4.764,0],[0,4.89]],"o":[[-4.475,0.127],[0,4.89],[4.764,0],[0,-4.89]],"v":[[0,-10.816],[-9.075,-3.026],[0,4.765],[9.075,-3.026]],"c":true}]},{"i":{"x":0,"y":1},"o":{"x":0.333,"y":0},"t":77.5,"s":[{"i":[[4.45,-0.173],[0,-5.9],[-4.2,0],[0,5.9]],"o":[[-3.945,0.154],[0,5.9],[4.2,0],[0,-5.9]],"v":[[0,-9.4],[-8,0],[0,9.4],[8,0]],"c":true}]},{"t":95,"s":[{"i":[[4.45,-0.173],[0,-5.9],[-4.2,0],[0,5.9]],"o":[[-3.945,0.154],[0,5.9],[4.2,0],[0,-5.9]],"v":[[0,-9.4],[-8,0],[0,9.4],[8,0]],"c":true}],"h":1},{"i":{"x":0.833,"y":0.833},"o":{"x":0.333,"y":0},"t":122.5,"s":[{"i":[[4.45,-0.173],[0,-5.9],[-4.2,0],[0,5.9]],"o":[[-3.945,0.154],[0,5.9],[4.2,0],[0,-5.9]],"v":[[0,-9.4],[-8,0],[0,9.4],[8,0]],"c":true}]},{"t":130,"s":[{"i":[[5.048,-0.144],[0,-4.89],[-4.764,0],[0,4.89]],"o":[[-4.475,0.127],[0,4.89],[4.764,0],[0,-4.89]],"v":[[0,-10.816],[-9.075,-3.026],[0,4.765],[9.075,-3.026]],"c":true}]}],"ix":2},"nm":"Path 1","mn":"ADBE Vector Shape - Group","hd":false},{"ty":"fl","c":{"a":0,"k":[0.258999992819,0.169000004787,0.051000000449,1],"ix":4},"o":{"a":0,"k":100,"ix":5},"r":1,"bm":0,"nm":"Fill 1","mn":"ADBE Vector Graphic - Fill","hd":false},{"ty":"tr","p":{"a":0,"k":[46.65,9.65],"ix":2},"a":{"a":0,"k":[0,0],"ix":1},"s":{"a":0,"k":[100,100],"ix":3},"r":{"a":0,"k":0,"ix":6},"o":{"a":0,"k":100,"ix":7},"sk":{"a":0,"k":0,"ix":4},"sa":{"a":0,"k":0,"ix":5},"nm":"Transform"}],"nm":"Group 2","np":2,"cix":2,"bm":0,"ix":2,"mn":"ADBE Vector Group","hd":false},{"ty":"gr","it":[{"ind":0,"ty":"sh","ix":1,"ks":{"a":1,"k":[{"i":{"x":0,"y":1},"o":{"x":0.167,"y":0.167},"t":70,"s":[{"i":[[1.225,0.548],[0.807,-1.16],[-1.038,-0.746],[-0.807,1.16]],"o":[[-1.225,-0.548],[-0.577,0.912],[1.614,0.58],[0.692,-0.912]],"v":[[1.489,-4.401],[-2.893,-3.323],[-2.201,-0.589],[2.181,-1.666]],"c":true}]},{"i":{"x":0,"y":1},"o":{"x":0.333,"y":0},"t":77.5,"s":[{"i":[[1.063,0.661],[0.7,-1.4],[-0.9,-0.9],[-0.7,1.4]],"o":[[-1.063,-0.661],[-0.5,1.1],[1.4,0.7],[0.6,-1.1]],"v":[[1.55,-2.3],[-2.25,-1],[-1.65,2.3],[2.15,1]],"c":true}]},{"t":95,"s":[{"i":[[1.063,0.661],[0.7,-1.4],[-0.9,-0.9],[-0.7,1.4]],"o":[[-1.063,-0.661],[-0.5,1.1],[1.4,0.7],[0.6,-1.1]],"v":[[1.55,-2.3],[-2.25,-1],[-1.65,2.3],[2.15,1]],"c":true}],"h":1},{"i":{"x":0.833,"y":0.833},"o":{"x":0.333,"y":0},"t":122.5,"s":[{"i":[[1.063,0.661],[0.7,-1.4],[-0.9,-0.9],[-0.7,1.4]],"o":[[-1.063,-0.661],[-0.5,1.1],[1.4,0.7],[0.6,-1.1]],"v":[[1.55,-2.3],[-2.25,-1],[-1.65,2.3],[2.15,1]],"c":true}]},{"t":130,"s":[{"i":[[1.225,0.548],[0.807,-1.16],[-1.038,-0.746],[-0.807,1.16]],"o":[[-1.225,-0.548],[-0.577,0.912],[1.614,0.58],[0.692,-0.912]],"v":[[1.489,-4.401],[-2.893,-3.323],[-2.201,-0.589],[2.181,-1.666]],"c":true}]}],"ix":2},"nm":"Path 1","mn":"ADBE Vector Shape - Group","hd":false},{"ty":"fl","c":{"a":0,"k":[0.536999990426,0.375999989229,0.141000007181,1],"ix":4},"o":{"a":0,"k":100,"ix":5},"r":1,"bm":0,"nm":"Fill 1","mn":"ADBE Vector Graphic - Fill","hd":false},{"ty":"tr","p":{"a":0,"k":[6.3,6.55],"ix":2},"a":{"a":0,"k":[0,0],"ix":1},"s":{"a":0,"k":[100,100],"ix":3},"r":{"a":0,"k":0,"ix":6},"o":{"a":0,"k":100,"ix":7},"sk":{"a":0,"k":0,"ix":4},"sa":{"a":0,"k":0,"ix":5},"nm":"Transform"}],"nm":"Group 3","np":2,"cix":2,"bm":0,"ix":3,"mn":"ADBE Vector Group","hd":false},{"ty":"gr","it":[{"ind":0,"ty":"sh","ix":1,"ks":{"a":1,"k":[{"i":{"x":0,"y":1},"o":{"x":0.167,"y":0.167},"t":70,"s":[{"i":[[4.353,0.247],[0,-4.89],[-4.843,0],[0,4.89]],"o":[[-4.353,-0.247],[0,4.89],[4.843,0],[0,-4.89]],"v":[[0,-10.816],[-9.225,-3.026],[0,4.765],[9.225,-3.026]],"c":true}]},{"i":{"x":0,"y":1},"o":{"x":0.333,"y":0},"t":77.5,"s":[{"i":[[3.775,0.298],[0,-5.9],[-4.2,0],[0,5.9]],"o":[[-3.775,-0.298],[0,5.9],[4.2,0],[0,-5.9]],"v":[[0,-9.4],[-8,0],[0,9.4],[8,0]],"c":true}]},{"t":95,"s":[{"i":[[3.775,0.298],[0,-5.9],[-4.2,0],[0,5.9]],"o":[[-3.775,-0.298],[0,5.9],[4.2,0],[0,-5.9]],"v":[[0,-9.4],[-8,0],[0,9.4],[8,0]],"c":true}],"h":1},{"i":{"x":0.833,"y":0.833},"o":{"x":0.333,"y":0},"t":122.5,"s":[{"i":[[3.775,0.298],[0,-5.9],[-4.2,0],[0,5.9]],"o":[[-3.775,-0.298],[0,5.9],[4.2,0],[0,-5.9]],"v":[[0,-9.4],[-8,0],[0,9.4],[8,0]],"c":true}]},{"t":130,"s":[{"i":[[4.353,0.247],[0,-4.89],[-4.843,0],[0,4.89]],"o":[[-4.353,-0.247],[0,4.89],[4.843,0],[0,-4.89]],"v":[[0,-10.816],[-9.225,-3.026],[0,4.765],[9.225,-3.026]],"c":true}]}],"ix":2},"nm":"Path 1","mn":"ADBE Vector Shape - Group","hd":false},{"ty":"fl","c":{"a":0,"k":[0.258999992819,0.169000004787,0.051000000449,1],"ix":4},"o":{"a":0,"k":100,"ix":5},"r":1,"bm":0,"nm":"Fill 1","mn":"ADBE Vector Graphic - Fill","hd":false},{"ty":"tr","p":{"a":0,"k":[8.25,9.65],"ix":2},"a":{"a":0,"k":[0,0],"ix":1},"s":{"a":0,"k":[100,100],"ix":3},"r":{"a":0,"k":0,"ix":6},"o":{"a":0,"k":100,"ix":7},"sk":{"a":0,"k":0,"ix":4},"sa":{"a":0,"k":0,"ix":5},"nm":"Transform"}],"nm":"Group 4","np":2,"cix":2,"bm":0,"ix":4,"mn":"ADBE Vector Group","hd":false}],"ip":0,"op":130,"st":-35,"bm":0},{"ddd":0,"ind":5,"ty":4,"nm":"eyes ","parent":2,"sr":1,"ks":{"o":{"a":1,"k":[{"t":0,"s":[100],"h":1},{"t":72.5,"s":[0],"h":1},{"t":130,"s":[100],"h":1}],"ix":11},"r":{"a":0,"k":0,"ix":10},"p":{"a":0,"k":[-1.7,-42,0],"ix":2,"l":2},"a":{"a":0,"k":[35.75,6.55,0],"ix":1,"l":2},"s":{"a":0,"k":[400,400,100],"ix":6,"l":2}},"ao":0,"shapes":[{"ty":"gr","it":[{"ind":0,"ty":"sh","ix":1,"ks":{"a":1,"k":[{"i":{"x":0,"y":1},"o":{"x":0.333,"y":0},"t":0,"s":[{"i":[[-1.432,1.162],[0,0],[1.262,1.435],[0.197,0.105],[3.517,0.938],[3.592,-0.464],[-0.132,-1.798],[-0.111,-0.296],[-1.798,0.132],[-2.61,-0.554],[-2.149,-1.667]],"o":[[0,0],[1.435,-1.262],[-0.195,-0.205],[-2.84,-2.278],[-3.515,-0.838],[-1.898,0.134],[0.005,0.3],[0.63,1.689],[2.694,-0.348],[2.614,0.754],[1.47,1.14]],"v":[[11.438,5.067],[11.438,5.067],[11.668,0.271],[11.082,-0.245],[1.172,-4.979],[-9.64,-5.587],[-12.877,-2.028],[-12.763,-1.23],[-8.616,1.396],[-0.608,1.754],[6.535,5.134]],"c":true}]},{"t":17.5,"s":[{"i":[[-1.432,1.162],[0,0],[1.262,1.435],[0.197,0.105],[3.472,1.094],[3.609,-0.303],[-0.051,-1.802],[-0.097,-0.301],[-1.802,0.051],[-2.583,-0.67],[-2.149,-1.667]],"o":[[0,0],[1.435,-1.262],[-0.195,-0.205],[-2.84,-2.278],[-3.474,-0.994],[-1.902,0.049],[-0.008,0.3],[0.554,1.716],[2.707,-0.227],[2.577,0.87],[1.47,1.14]],"v":[[11.438,5.067],[11.438,5.067],[11.668,0.271],[11.082,-0.245],[1.515,-5.305],[-9.26,-6.397],[-12.653,-2.987],[-12.575,-2.185],[-8.549,0.625],[-0.565,1.341],[6.535,5.134]],"c":true}]}],"ix":2},"nm":"Path 1","mn":"ADBE Vector Shape - Group","hd":false},{"ty":"fl","c":{"a":0,"k":[0.258999992819,0.169000004787,0.051000000449,1],"ix":4},"o":{"a":0,"k":100,"ix":5},"r":1,"bm":0,"nm":"Fill 1","mn":"ADBE Vector Graphic - Fill","hd":false},{"ty":"tr","p":{"a":0,"k":[58.35,6.55],"ix":2},"a":{"a":0,"k":[0,0],"ix":1},"s":{"a":0,"k":[100,100],"ix":3},"r":{"a":0,"k":0,"ix":6},"o":{"a":0,"k":100,"ix":7},"sk":{"a":0,"k":0,"ix":4},"sa":{"a":0,"k":0,"ix":5},"nm":"Transform"}],"nm":"Group 1","np":2,"cix":2,"bm":0,"ix":1,"mn":"ADBE Vector Group","hd":false},{"ty":"gr","it":[{"ind":0,"ty":"sh","ix":1,"ks":{"a":1,"k":[{"i":{"x":0,"y":1},"o":{"x":0.333,"y":0},"t":0,"s":[{"i":[[1.429,1.165],[0,0],[-1.265,1.432],[-0.197,0.105],[-3.527,0.9],[-3.587,-0.502],[0.051,-1.799],[0.114,-0.295],[1.796,0.151],[2.616,-0.526],[2.153,-1.662]],"o":[[0,0],[-1.432,-1.265],[0.195,-0.205],[2.845,-2.271],[3.524,-0.8],[1.896,0.154],[-0.009,0.3],[-0.648,1.682],[-2.69,-0.377],[-2.622,0.726],[-1.472,1.137]],"v":[[-11.369,5.065],[-11.369,5.065],[-11.587,0.269],[-11,-0.245],[-0.993,-4.842],[9.826,-5.334],[13.025,-1.742],[12.902,-0.945],[8.727,1.637],[0.716,1.909],[-6.466,5.145]],"c":true}]},{"t":17.5,"s":[{"i":[[1.429,1.165],[0,0],[-1.265,1.432],[-0.197,0.105],[-3.474,1.086],[-3.609,-0.311],[-0.044,-1.799],[0.098,-0.301],[1.802,0.056],[2.584,-0.664],[2.153,-1.662]],"o":[[0,0],[-1.432,-1.265],[0.195,-0.205],[2.845,-2.271],[3.477,-0.986],[1.902,0.053],[0.007,0.3],[-0.558,1.714],[-2.707,-0.234],[-2.58,0.864],[-1.472,1.137]],"v":[[-11.369,5.065],[-11.369,5.065],[-11.587,0.269],[-11,-0.245],[-1.421,-5.282],[9.356,-6.348],[12.741,-2.93],[12.661,-2.128],[8.629,0.672],[0.643,1.369],[-6.466,5.145]],"c":true}]}],"ix":2},"nm":"Path 1","mn":"ADBE Vector Shape - Group","hd":false},{"ty":"fl","c":{"a":0,"k":[0.258999992819,0.169000004787,0.051000000449,1],"ix":4},"o":{"a":0,"k":100,"ix":5},"r":1,"bm":0,"nm":"Fill 1","mn":"ADBE Vector Graphic - Fill","hd":false},{"ty":"tr","p":{"a":0,"k":[13.1,6.55],"ix":2},"a":{"a":0,"k":[0,0],"ix":1},"s":{"a":0,"k":[100,100],"ix":3},"r":{"a":0,"k":0,"ix":6},"o":{"a":0,"k":100,"ix":7},"sk":{"a":0,"k":0,"ix":4},"sa":{"a":0,"k":0,"ix":5},"nm":"Transform"}],"nm":"Group 2","np":2,"cix":2,"bm":0,"ix":2,"mn":"ADBE Vector Group","hd":false}],"ip":0,"op":130,"st":-35,"bm":0},{"ddd":0,"ind":6,"ty":4,"nm":"drool","parent":7,"sr":1,"ks":{"o":{"a":1,"k":[{"t":0,"s":[100],"h":1},{"t":82.5,"s":[0],"h":1},{"t":117.5,"s":[100],"h":1}],"ix":11},"r":{"a":0,"k":0,"ix":10},"p":{"a":0,"k":[27.15,23.1,0],"ix":2,"l":2},"a":{"a":0,"k":[27.15,23.1,0],"ix":1,"l":2},"s":{"a":0,"k":[100,100,100],"ix":6,"l":2}},"ao":0,"shapes":[{"ty":"gr","it":[{"ty":"gr","it":[{"ind":0,"ty":"sh","ix":1,"ks":{"a":1,"k":[{"i":{"x":0.833,"y":0.833},"o":{"x":0.167,"y":0.167},"t":0,"s":[{"i":[[0.924,-1.61],[0.53,1.16],[-2.068,-0.153]],"o":[[-0.532,0.928],[-0.54,-1.181],[2.467,0.182]],"v":[[2.889,-5.094],[-0.531,-5.252],[0.962,-13.199]],"c":true}]},{"i":{"x":0,"y":1},"o":{"x":0.167,"y":0.167},"t":17.5,"s":[{"i":[[1.5,-2.3],[0,2.7],[-1.5,-1.3]],"o":[[-1.1,1.7],[0,-1.8],[2.4,2.099]],"v":[[1,5.25],[-2.5,3.851],[-0.6,-5.65]],"c":true}]},{"i":{"x":0.833,"y":0.833},"o":{"x":0.333,"y":0},"t":55,"s":[{"i":[[1.185,-4.601],[-0.795,2.838],[-1.68,-1.329]],"o":[[-0.551,2.137],[1.246,-4.448],[1.794,1.419]],"v":[[1.015,7.563],[-2.858,6.722],[-0.859,-5.025]],"c":true}]},{"i":{"x":0.833,"y":0.833},"o":{"x":0.167,"y":0.167},"t":62.5,"s":[{"i":[[1.185,-4.601],[-0.28,2.934],[-1.68,-1.329]],"o":[[-0.551,2.137],[0.371,-3.882],[1.794,1.419]],"v":[[1.015,9.438],[-2.858,8.597],[-0.859,-0.963]],"c":true}]},{"i":{"x":0.833,"y":0.833},"o":{"x":0.167,"y":0.167},"t":67.5,"s":[{"i":[[0.88,-2.061],[0.624,2.319],[-1.982,-0.709]],"o":[[-0.667,1.619],[-0.446,-1.556],[2.322,0.724]],"v":[[1.053,-6.907],[-3.573,-7.701],[-1.465,-15.804]],"c":true}]},{"i":{"x":0.833,"y":0.833},"o":{"x":0.167,"y":0.167},"t":72.5,"s":[{"i":[[-0.388,-2.23],[1.056,2.72],[-2.449,0.433]],"o":[[0.534,3.069],[-1.056,-2.72],[2.346,-0.415]],"v":[[2.901,-29.245],[-2.056,-26.255],[-1.688,-32.628]],"c":true}]},{"i":{"x":0.833,"y":0.833},"o":{"x":0.167,"y":0.167},"t":75,"s":[{"i":[[-0.035,-1.364],[0.899,1.569],[-2.449,0.391]],"o":[[0.197,1.633],[-0.824,-1.527],[2.346,-0.375]],"v":[[2.057,-32.333],[-3.462,-30.314],[-1.813,-34.003]],"c":true}]},{"i":{"x":0.833,"y":0.833},"o":{"x":0.167,"y":0.167},"t":77.5,"s":[{"i":[[0.317,-0.497],[0.742,0.418],[-2.449,0.349]],"o":[[-0.141,0.198],[-0.593,-0.334],[2.346,-0.334]],"v":[[1.213,-33.546],[-4.869,-32.497],[-1.938,-33.502]],"c":true}]},{"i":{"x":0.667,"y":1},"o":{"x":0.167,"y":0.167},"t":82.5,"s":[{"i":[[0.254,-0.061],[0.599,-0.061],[-1.958,0.322]],"o":[[-0.113,0.027],[-0.479,0.049],[1.876,-0.308]],"v":[[-0.666,-32.044],[-5.651,-31.254],[-3.294,-31.642]],"c":true}]},{"i":{"x":0.833,"y":0.833},"o":{"x":1,"y":0},"t":112.5,"s":[{"i":[[0.238,-0.133],[0.56,-0.133],[-1.832,0.698]],"o":[[-0.105,0.058],[-0.448,0.106],[1.755,-0.669]],"v":[[-0.944,-29.43],[-5.609,-27.717],[-3.404,-28.56]],"c":true}]},{"t":130,"s":[{"i":[[0.924,-1.61],[0.53,1.16],[-2.068,-0.153]],"o":[[-0.532,0.928],[-0.54,-1.181],[2.467,0.182]],"v":[[2.889,-5.094],[-0.531,-5.252],[0.962,-13.199]],"c":true}]}],"ix":2},"nm":"Path 1","mn":"ADBE Vector Shape - Group","hd":false},{"ty":"fl","c":{"a":0,"k":[0.505999995213,0.830999995213,0.980000035903,1],"ix":4},"o":{"a":0,"k":100,"ix":5},"r":1,"bm":0,"nm":"Fill 1","mn":"ADBE Vector Graphic - Fill","hd":false},{"ty":"tr","p":{"a":0,"k":[41.95,34.9],"ix":2},"a":{"a":0,"k":[0,0],"ix":1},"s":{"a":0,"k":[100,100],"ix":3},"r":{"a":0,"k":0,"ix":6},"o":{"a":0,"k":100,"ix":7},"sk":{"a":0,"k":0,"ix":4},"sa":{"a":0,"k":0,"ix":5},"nm":"Transform"}],"nm":"Group 1","np":2,"cix":2,"bm":0,"ix":1,"mn":"ADBE Vector Group","hd":false},{"ty":"gr","it":[{"ind":0,"ty":"sh","ix":1,"ks":{"a":1,"k":[{"i":{"x":0.833,"y":0.833},"o":{"x":0.167,"y":0.167},"t":0,"s":[{"i":[[0.27,5.132],[0.75,3.963],[0,0],[3.256,-1.005],[5,-1],[4.9,-0.8],[0,0],[-3.363,-0.426],[0.424,-4.59],[-5.914,0.244]],"o":[[-0.329,-6.234],[-0.823,-4.351],[0,0],[-2.025,0.625],[-4.3,0.901],[-4.3,0.8],[2.4,0.8],[3.95,0.5],[-0.567,6.138],[5.633,-0.233]],"v":[[14.754,-1.957],[11.837,-12.163],[13.989,-17.866],[9.675,-17.763],[2.15,-14.338],[-9.325,-14.9],[-14.6,-12.576],[-7.3,-11.013],[-5.346,-1.338],[5.767,7.345]],"c":true}]},{"i":{"x":0,"y":1},"o":{"x":0.167,"y":0.167},"t":17.5,"s":[{"i":[[1.399,6.601],[-0.401,2.9],[0,0],[1.699,-0.799],[5,-1],[4.9,-0.8],[0,0],[-2.5,-0.2],[0.6,-3],[-9.599,0.301]],"o":[[-1,-4.6],[0.7,-5.699],[-1.8,-0.401],[-3.301,1.5],[-4.3,0.901],[-4.3,0.8],[2.4,0.8],[8,0.901],[-1.101,5.8],[7,-0.1]],"v":[[12.6,2.9],[10.4,-9.1],[14.6,-16.799],[9.3,-16.201],[2.4,-12.9],[-9.2,-13.4],[-14.6,-11.201],[-7.3,-9.701],[-0.9,1.299],[5.999,16.9]],"c":true}]},{"i":{"x":0.833,"y":0.833},"o":{"x":0.333,"y":0},"t":55,"s":[{"i":[[1.535,7.203],[-0.401,2.9],[0,0],[1.699,-0.799],[5,-1],[4.9,-0.8],[0,0],[-2.5,-0.2],[0.643,-3.277],[-10.279,0.329]],"o":[[-1.071,-5.025],[0.7,-5.699],[-1.8,-0.401],[-3.301,1.5],[-4.3,0.901],[-4.3,0.8],[2.4,0.8],[8,0.901],[-1.179,6.336],[7.496,-0.109]],"v":[[11.768,3.762],[9.9,-8.038],[14.6,-16.362],[9.3,-15.763],[2.4,-12.463],[-9.2,-12.963],[-14.6,-10.763],[-7.3,-9.263],[-0.828,1.998],[6.091,19.721]],"c":true}]},{"i":{"x":0.833,"y":0.833},"o":{"x":0.167,"y":0.167},"t":62.5,"s":[{"i":[[3.274,6.597],[-0.401,2.9],[0,0],[1.699,-0.799],[5,-1],[4.9,-0.8],[0,0],[-2.5,-0.2],[0.643,-3.277],[-10.279,0.329]],"o":[[-2.305,-4.646],[0.7,-5.699],[-1.8,-0.401],[-3.301,1.5],[-4.3,0.901],[-4.3,0.8],[2.4,0.8],[8,0.901],[-1.179,6.336],[7.496,-0.109]],"v":[[10.83,6.199],[8.962,-8.663],[14.6,-16.362],[9.3,-15.763],[2.4,-12.463],[-9.2,-12.963],[-14.6,-10.763],[-7.3,-9.263],[-0.828,3.873],[6.091,21.596]],"c":true}]},{"i":{"x":0.833,"y":0.833},"o":{"x":0.167,"y":0.167},"t":67.5,"s":[{"i":[[0.573,5.462],[-0.506,2.396],[0,0],[2.213,-0.55],[5.037,-1.007],[4.473,-0.131],[0,0],[-2.517,-0.195],[-0.616,-4.695],[-8.98,0.312]],"o":[[-0.349,-3.947],[0.613,-4.189],[0,0],[-2.807,1.045],[-5.401,1.079],[-3.787,0.111],[0,0],[6.128,0.668],[0.616,4.695],[6.751,-0.153]],"v":[[12.171,-6.848],[11.638,-15.86],[14.547,-20.878],[9.925,-20.973],[2.131,-17.667],[-7.626,-18.245],[-15.051,-16.145],[-9.651,-14.958],[-1.092,-6.891],[5.543,5.45]],"c":true}]},{"i":{"x":0.833,"y":0.833},"o":{"x":0.167,"y":0.167},"t":70,"s":[{"i":[[-0.134,5.003],[-0.253,1.198],[0,0],[2.606,-0.07],[3.674,-0.733],[2.904,-0.601],[-0.045,0],[-1.258,-0.097],[-0.852,-2.981],[-5.793,0.284]],"o":[[-0.009,-2.866],[0.306,-2.094],[0,0],[-2.348,0.393],[-4.26,0.849],[-2.561,0.59],[0.045,0],[3.064,0.334],[1.611,3.865],[5.749,-0.309]],"v":[[12.902,-13.975],[12.499,-20.319],[13.985,-22.899],[9.882,-24.26],[3.079,-22.486],[-4.749,-21.593],[-9.437,-18.485],[-6.77,-17.865],[-1.711,-12.375],[6.004,-4.736]],"c":true}]},{"i":{"x":0.833,"y":0.833},"o":{"x":0.167,"y":0.167},"t":72.5,"s":[{"i":[[-0.84,4.545],[0,0],[0,0],[2.998,0.41],[2.311,-0.458],[1.335,-1.071],[-0.091,0],[0,0],[-1.088,-1.267],[-2.605,0.255]],"o":[[0.33,-1.785],[0,0],[0,0],[-1.89,-0.259],[-3.12,0.619],[-1.334,1.07],[0.091,0],[0,0],[2.606,3.034],[4.748,-0.465]],"v":[[13.633,-21.102],[13.361,-24.778],[13.423,-24.92],[9.84,-27.548],[4.027,-27.304],[-1.872,-24.942],[-3.823,-21.451],[-3.889,-21.398],[-2.33,-17.86],[6.465,-14.923]],"c":true}]},{"i":{"x":0.833,"y":0.833},"o":{"x":0.167,"y":0.167},"t":75,"s":[{"i":[[-0.949,2.502],[0,0],[0,0],[3.393,-0.137],[3.463,-0.36],[0.667,-0.535],[-0.045,0],[0,0],[-1.157,-0.628],[-2.585,0.336]],"o":[[0.639,-1.098],[0,0],[0,0],[-1.657,-0.001],[-3.539,0.422],[-0.667,0.535],[0.045,0],[0,0],[2.793,1.503],[4.311,-0.548]],"v":[[12.82,-24.636],[13.048,-26.847],[13.11,-26.975],[8.558,-28.517],[1.933,-27.667],[-3.107,-25.598],[-4.01,-23.841],[-4.076,-23.789],[-2.362,-21.906],[5.902,-20.693]],"c":true}]},{"i":{"x":0.833,"y":0.833},"o":{"x":0.167,"y":0.167},"t":77.5,"s":[{"i":[[-1.057,0.459],[0,0],[0,0],[3.789,-0.684],[4.615,-0.262],[0,0],[0,0],[0,0],[-1.227,0.012],[-2.566,0.418]],"o":[[0.948,-0.411],[0,0],[0,0],[-1.424,0.257],[-3.958,0.225],[0,0],[0,0],[0,0],[2.981,-0.029],[3.874,-0.631]],"v":[[12.007,-26.294],[12.735,-27.04],[12.797,-27.155],[7.277,-27.61],[-0.161,-26.155],[-4.341,-24.38],[-4.198,-24.357],[-4.264,-24.305],[-2.393,-24.078],[5.339,-24.588]],"c":true}]},{"i":{"x":0.667,"y":1},"o":{"x":0.167,"y":0.167},"t":82.5,"s":[{"i":[[-0.848,0.17],[0,0],[0,0],[3.028,-0.502],[4.53,-0.229],[0,0],[0,0],[0,0],[-1.642,-0.009],[-2.066,0.264]],"o":[[0.76,-0.152],[0,0],[0,0],[-1.138,0.189],[-3.947,0.2],[0,0],[0,0],[0,0],[2.219,0.013],[3.12,-0.399]],"v":[[8.796,-25.941],[9.379,-26.07],[9.428,-26.083],[5.916,-25.502],[-0.005,-24.774],[-4.341,-24.615],[-4.198,-24.614],[-4.264,-24.612],[-2.893,-24.59],[4.367,-25.153]],"c":true}]},{"i":{"x":0.833,"y":0.833},"o":{"x":1,"y":0},"t":112.5,"s":[{"i":[[-0.793,0.368],[0,0],[0,0],[2.834,-1.089],[4.239,-0.497],[0,0],[0,0],[0,0],[-1.537,-0.02],[-1.934,0.573]],"o":[[0.712,-0.33],[0,0],[0,0],[-1.065,0.409],[-3.694,0.433],[0,0],[0,0],[0,0],[2.077,0.027],[2.92,-0.866]],"v":[[8.501,-23.384],[9.046,-23.664],[9.093,-23.691],[5.806,-22.43],[0.265,-21.021],[-3.793,-20.675],[-3.659,-20.674],[-3.721,-20.67],[-2.438,-20.622],[4.356,-21.675]],"c":true}]},{"t":130,"s":[{"i":[[0.27,5.132],[0.75,3.963],[0,0],[3.256,-1.005],[5,-1],[4.9,-0.8],[0,0],[-3.363,-0.426],[0.424,-4.59],[-5.914,0.244]],"o":[[-0.329,-6.234],[-0.823,-4.351],[0,0],[-2.025,0.625],[-4.3,0.901],[-4.3,0.8],[2.4,0.8],[3.95,0.5],[-0.567,6.138],[5.633,-0.233]],"v":[[14.754,-1.957],[11.837,-12.163],[13.989,-17.866],[9.675,-17.763],[2.15,-14.338],[-9.325,-14.9],[-14.6,-12.576],[-7.3,-11.013],[-5.346,-1.338],[5.767,7.345]],"c":true}]}],"ix":2},"nm":"Path 1","mn":"ADBE Vector Shape - Group","hd":false},{"ty":"gf","o":{"a":0,"k":100,"ix":10},"r":1,"bm":0,"g":{"p":3,"k":{"a":0,"k":[0,0.161,0.714,0.965,0.5,0.143,0.643,0.939,1,0.125,0.573,0.914],"ix":9}},"s":{"a":0,"k":[4,2],"ix":5},"e":{"a":0,"k":[4.375,-12.5],"ix":6},"t":1,"nm":"Gradient Fill 1","mn":"ADBE Vector Graphic - G-Fill","hd":false},{"ty":"tr","p":{"a":0,"k":[32.75,28.75],"ix":2},"a":{"a":0,"k":[0,0],"ix":1},"s":{"a":0,"k":[100,100],"ix":3},"r":{"a":0,"k":0,"ix":6},"o":{"a":0,"k":100,"ix":7},"sk":{"a":0,"k":0,"ix":4},"sa":{"a":0,"k":0,"ix":5},"nm":"Transform"}],"nm":"Group 2","np":2,"cix":2,"bm":0,"ix":2,"mn":"ADBE Vector Group","hd":false},{"ty":"tr","p":{"a":0,"k":[35.142,12.655],"ix":2},"a":{"a":0,"k":[35.142,12.655],"ix":1},"s":{"a":0,"k":[100,100],"ix":3},"r":{"a":0,"k":0,"ix":6},"o":{"a":0,"k":100,"ix":7},"sk":{"a":0,"k":0,"ix":4},"sa":{"a":0,"k":0,"ix":5},"nm":"Transform"}],"nm":"Group 4","np":2,"cix":2,"bm":0,"ix":1,"mn":"ADBE Vector Group","hd":false}],"ip":0,"op":130,"st":-35,"bm":0},{"ddd":0,"ind":7,"ty":4,"nm":"mouth ","parent":2,"sr":1,"ks":{"o":{"a":0,"k":100,"ix":11},"r":{"a":0,"k":0,"ix":10},"p":{"a":0,"k":[-2,150.201,0],"ix":2,"l":2},"a":{"a":0,"k":[27.15,23.1,0],"ix":1,"l":2},"s":{"a":0,"k":[400,400,100],"ix":6,"l":2}},"ao":0,"shapes":[{"ty":"gr","it":[{"ind":0,"ty":"sh","ix":1,"ks":{"a":1,"k":[{"i":{"x":0.833,"y":0.833},"o":{"x":0.167,"y":0.167},"t":0,"s":[{"i":[[13.2,0],[2.97,4.184],[-0.635,1.628],[-1.199,0.048],[-0.404,-0.085],[-9.6,0],[-6.842,1.575],[-0.499,-0.039],[-0.521,-1.043],[1.205,-1.311]],"o":[[-13.3,0],[-1.155,-1.355],[0.559,-1.023],[0.4,-0.016],[6.779,1.829],[9.6,0],[0.407,-0.07],[1.196,0.093],[0.574,1.65],[-3.323,4.055]],"v":[[-0.1,7.425],[-25.175,-3.388],[-25.971,-8.26],[-23.238,-9.971],[-21.931,-9.823],[0,-5.875],[21.574,-9.832],[22.886,-9.932],[25.554,-8.12],[24.577,-3.281]],"c":true}]},{"i":{"x":0,"y":1},"o":{"x":0.167,"y":0.167},"t":17.5,"s":[{"i":[[13.2,0],[2.8,4.3],[-0.7,1.601],[-1.2,0],[-0.4,-0.101],[-9.6,0],[-6.7,2.099],[-0.5,0],[-0.6,-1],[1.1,-1.4]],"o":[[-13.3,0],[-1.1,-1.4],[0.6,-1],[0.4,0],[6.7,2.099],[9.6,0],[0.4,-0.101],[1.2,0],[0.7,1.601],[-3,4.3]],"v":[[-0.1,9.3],[-25.6,-2.8],[-26.2,-7.7],[-23.4,-9.3],[-22.1,-9.099],[0,-4],[22.1,-9.099],[23.4,-9.3],[26.2,-7.7],[25.6,-2.8]],"c":true}]},{"i":{"x":0.833,"y":0.833},"o":{"x":0.333,"y":0},"t":55,"s":[{"i":[[13.2,0],[2.8,4.599],[-0.7,1.712],[-1.2,0],[-0.4,-0.108],[-9.6,0],[-6.7,2.245],[-0.5,0],[-0.6,-1.069],[1.1,-1.497]],"o":[[-13.3,0],[-1.1,-1.497],[0.6,-1.069],[0.4,0],[6.7,2.245],[9.6,0],[0.4,-0.108],[1.2,0],[0.7,1.712],[-3,4.599]],"v":[[-0.1,9.738],[-25.6,-2.348],[-26.2,-7.589],[-23.4,-9.3],[-22.1,-9.085],[0,-4],[22.1,-9.085],[23.4,-9.3],[26.2,-7.589],[25.6,-2.348]],"c":true}]},{"i":{"x":0.833,"y":0.833},"o":{"x":0.167,"y":0.167},"t":62.5,"s":[{"i":[[13.2,0],[2.8,4.599],[-0.7,1.712],[-1.2,0],[-0.4,-0.108],[-9.6,0],[-6.7,2.245],[-0.5,0],[-0.6,-1.069],[1.1,-1.497]],"o":[[-13.3,0],[-1.1,-1.497],[0.6,-1.069],[0.4,0],[6.7,2.245],[9.6,0],[0.4,-0.108],[1.2,0],[0.7,1.712],[-3,4.599]],"v":[[-0.1,9.738],[-25.6,-2.348],[-26.2,-7.589],[-23.4,-9.3],[-22.1,-9.085],[0,-4],[22.1,-9.085],[23.4,-9.3],[26.2,-7.589],[25.6,-2.348]],"c":true}]},{"i":{"x":0,"y":1},"o":{"x":0.167,"y":0.167},"t":75,"s":[{"i":[[11.63,0],[2.22,2.275],[-0.055,1.308],[-0.607,0.317],[-0.221,0.035],[-8.458,0],[-2.975,-0.091],[-0.239,-0.148],[-0.081,-0.826],[0.812,-0.58]],"o":[[-11.718,0],[-0.818,-0.691],[0.117,-0.86],[0.202,-0.106],[3.035,-0.071],[9.251,0],[0.212,0.053],[0.573,0.356],[0.006,1.245],[-2.314,1.895]],"v":[[-0.167,-4.823],[-22.199,-9.189],[-23.263,-11.426],[-22.145,-13.289],[-21.449,-13.491],[-0.244,-12.703],[20.325,-13.394],[20.986,-13.139],[21.994,-11.272],[20.872,-8.81]],"c":true}]},{"t":95,"s":[{"i":[[11.63,0],[2.082,1.979],[-0.126,1.049],[-0.62,0.215],[-0.222,0.013],[-8.458,0],[-2.958,0.13],[-0.245,-0.103],[-0.126,-0.659],[0.774,-0.522]],"o":[[-11.718,0],[-0.775,-0.611],[0.163,-0.684],[0.207,-0.072],[3.017,0.145],[9.251,0],[0.213,0.028],[0.588,0.247],[0.074,1.001],[-2.193,1.682]],"v":[[-0.167,-5.481],[-22.136,-9.675],[-23.072,-11.546],[-21.861,-12.97],[-21.159,-13.086],[-0.244,-11.563],[19.924,-13.054],[20.595,-12.893],[21.699,-11.46],[20.721,-9.404]],"c":true}],"h":1},{"i":{"x":0,"y":1},"o":{"x":0.167,"y":0.167},"t":100,"s":[{"i":[[11.63,0],[2.082,1.979],[-0.126,1.049],[-0.62,0.215],[-0.222,0.013],[-8.458,0],[-2.958,0.13],[-0.245,-0.103],[-0.126,-0.659],[0.774,-0.522]],"o":[[-11.718,0],[-0.775,-0.611],[0.163,-0.684],[0.207,-0.072],[3.017,0.145],[9.251,0],[0.213,0.028],[0.588,0.247],[0.074,1.001],[-2.193,1.682]],"v":[[-0.167,-5.481],[-22.136,-9.675],[-23.072,-11.546],[-21.861,-12.97],[-21.159,-13.086],[-0.244,-11.563],[19.924,-13.054],[20.595,-12.893],[21.699,-11.46],[20.721,-9.404]],"c":true}]},{"i":{"x":0.833,"y":0.833},"o":{"x":1,"y":0},"t":112.5,"s":[{"i":[[11.63,0],[1.405,2.81],[-0.465,1.062],[-0.68,0.01],[-0.222,-0.063],[-8.458,0],[-2.945,0.924],[-0.272,-0.046],[-0.29,-0.676],[0.65,-0.768]],"o":[[-11.718,0],[-0.564,-0.913],[0.382,-0.664],[0.227,-0.003],[2.922,1.204],[9.251,0],[0.221,-0.026],[0.653,0.111],[0.323,1.059],[-1.79,2.394]],"v":[[-0.167,-1.356],[-23.072,-9.52],[-23.385,-11.817],[-21.73,-12.896],[-21.002,-12.775],[-0.244,-9.063],[19.997,-12.781],[20.712,-12.786],[22.177,-11.534],[21.702,-9.058]],"c":true}]},{"t":130,"s":[{"i":[[13.2,0],[2.97,4.184],[-0.635,1.628],[-1.199,0.048],[-0.404,-0.085],[-9.6,0],[-6.842,1.575],[-0.499,-0.039],[-0.521,-1.043],[1.205,-1.311]],"o":[[-13.3,0],[-1.155,-1.355],[0.559,-1.023],[0.4,-0.016],[6.779,1.829],[9.6,0],[0.407,-0.07],[1.196,0.093],[0.574,1.65],[-3.323,4.055]],"v":[[-0.1,7.425],[-25.175,-3.388],[-25.971,-8.26],[-23.238,-9.971],[-21.931,-9.823],[0,-5.875],[21.574,-9.832],[22.886,-9.932],[25.554,-8.12],[24.577,-3.281]],"c":true}]}],"ix":2},"nm":"Path 1","mn":"ADBE Vector Shape - Group","hd":false},{"ty":"fl","c":{"a":0,"k":[0.258999992819,0.169000004787,0.051000000449,1],"ix":4},"o":{"a":0,"k":100,"ix":5},"r":1,"bm":0,"nm":"Fill 1","mn":"ADBE Vector Graphic - Fill","hd":false},{"ty":"tr","p":{"a":0,"k":[27.15,9.55],"ix":2},"a":{"a":0,"k":[0,0],"ix":1},"s":{"a":0,"k":[100,100],"ix":3},"r":{"a":0,"k":0,"ix":6},"o":{"a":0,"k":100,"ix":7},"sk":{"a":0,"k":0,"ix":4},"sa":{"a":0,"k":0,"ix":5},"nm":"Transform"}],"nm":"Group 3","np":2,"cix":2,"bm":0,"ix":1,"mn":"ADBE Vector Group","hd":false}],"ip":0,"op":130,"st":-35,"bm":0},{"ddd":0,"ind":8,"ty":4,"nm":"base matte","parent":10,"td":1,"sr":1,"ks":{"o":{"a":0,"k":100,"ix":11},"r":{"a":0,"k":0,"ix":10},"p":{"a":0,"k":[-2,-3,0],"ix":2,"l":2},"a":{"a":0,"k":[0,0,0],"ix":1,"l":2},"s":{"a":0,"k":[100,100,100],"ix":6,"l":2}},"ao":0,"shapes":[{"ty":"gr","it":[{"ind":0,"ty":"sh","ix":1,"ks":{"a":0,"k":{"i":[[15.4,0],[0,38.4],[-27.9,0],[-10.6,-9.3],[0,-16.9],[11.5,-10.2]],"o":[[-27.9,0],[0,-38.4],[15.5,0],[11.5,10.2],[0,16.9],[-10.6,9.3]],"v":[[0,55.9],[-58,0],[0,-55.9],[40.4,-41.5],[58,0],[40.4,41.4]],"c":true},"ix":2},"nm":"Path 1","mn":"ADBE Vector Shape - Group","hd":false},{"ty":"gf","o":{"a":0,"k":100,"ix":10},"r":1,"bm":0,"g":{"p":5,"k":{"a":0,"k":[0.48,0.992,0.878,0.188,0.691,0.98,0.816,0.178,0.902,0.969,0.753,0.169,0.966,0.963,0.694,0.153,1,0.957,0.635,0.137],"ix":9}},"s":{"a":0,"k":[0,0],"ix":5},"e":{"a":0,"k":[56.225,0],"ix":6},"t":2,"h":{"a":0,"k":0,"ix":7},"a":{"a":0,"k":0,"ix":8},"nm":"Gradient Fill 1","mn":"ADBE Vector Graphic - G-Fill","hd":false},{"ty":"tr","p":{"a":0,"k":[0,0],"ix":2},"a":{"a":0,"k":[0,0],"ix":1},"s":{"a":0,"k":[100,100],"ix":3},"r":{"a":0,"k":0,"ix":6},"o":{"a":0,"k":100,"ix":7},"sk":{"a":0,"k":0,"ix":4},"sa":{"a":0,"k":0,"ix":5},"nm":"Transform"}],"nm":"Group 1","np":2,"cix":2,"bm":0,"ix":1,"mn":"ADBE Vector Group","hd":false}],"ip":0,"op":212.5,"st":0,"bm":0},{"ddd":0,"ind":9,"ty":4,"nm":"base shadow","parent":10,"tt":2,"sr":1,"ks":{"o":{"a":0,"k":100,"ix":11},"r":{"a":0,"k":0,"ix":10},"p":{"a":0,"k":[0,0,0],"ix":2,"l":2},"a":{"a":0,"k":[0,0,0],"ix":1,"l":2},"s":{"a":0,"k":[100,100,100],"ix":6,"l":2}},"ao":0,"shapes":[{"ty":"gr","it":[{"ind":0,"ty":"sh","ix":1,"ks":{"a":0,"k":{"i":[[15.4,0],[0,38.4],[-27.9,0],[-10.6,-9.3],[0,-16.9],[11.5,-10.2]],"o":[[-27.9,0],[0,-38.4],[15.5,0],[11.5,10.2],[0,16.9],[-10.6,9.3]],"v":[[0,55.9],[-58,0],[0,-55.9],[40.4,-41.5],[58,0],[40.4,41.4]],"c":true},"ix":2},"nm":"Path 1","mn":"ADBE Vector Shape - Group","hd":false},{"ty":"fl","c":{"a":0,"k":[0.921568627451,0.560784313725,0,1],"ix":4},"o":{"a":0,"k":100,"ix":5},"r":1,"bm":0,"nm":"Fill 1","mn":"ADBE Vector Graphic - Fill","hd":false},{"ty":"tr","p":{"a":0,"k":[0,0],"ix":2},"a":{"a":0,"k":[0,0],"ix":1},"s":{"a":0,"k":[100,100],"ix":3},"r":{"a":0,"k":0,"ix":6},"o":{"a":0,"k":100,"ix":7},"sk":{"a":0,"k":0,"ix":4},"sa":{"a":0,"k":0,"ix":5},"nm":"Transform"}],"nm":"Group 1","np":2,"cix":2,"bm":0,"ix":1,"mn":"ADBE Vector Group","hd":false}],"ip":0,"op":212.5,"st":0,"bm":0},{"ddd":0,"ind":10,"ty":4,"nm":"base","parent":1,"sr":1,"ks":{"o":{"a":0,"k":100,"ix":11},"r":{"a":0,"k":0,"ix":10},"p":{"a":0,"k":[0,-4.401,0],"ix":2,"l":2},"a":{"a":0,"k":[0,0,0],"ix":1,"l":2},"s":{"a":0,"k":[400,400,100],"ix":6,"l":2}},"ao":0,"shapes":[{"ty":"gr","it":[{"ind":0,"ty":"sh","ix":1,"ks":{"a":0,"k":{"i":[[15.4,0],[0,38.4],[-27.9,0],[-10.6,-9.3],[0,-16.9],[11.5,-10.2]],"o":[[-27.9,0],[0,-38.4],[15.5,0],[11.5,10.2],[0,16.9],[-10.6,9.3]],"v":[[0,55.9],[-58,0],[0,-55.9],[40.4,-41.5],[58,0],[40.4,41.4]],"c":true},"ix":2},"nm":"Path 1","mn":"ADBE Vector Shape - Group","hd":false},{"ty":"gf","o":{"a":0,"k":100,"ix":10},"r":1,"bm":0,"g":{"p":5,"k":{"a":0,"k":[0.48,0.992,0.878,0.188,0.691,0.98,0.816,0.178,0.902,0.969,0.753,0.169,0.966,0.963,0.694,0.153,1,0.957,0.635,0.137],"ix":9}},"s":{"a":0,"k":[0,0],"ix":5},"e":{"a":0,"k":[56.225,0],"ix":6},"t":2,"h":{"a":0,"k":0,"ix":7},"a":{"a":0,"k":0,"ix":8},"nm":"Gradient Fill 1","mn":"ADBE Vector Graphic - G-Fill","hd":false},{"ty":"tr","p":{"a":0,"k":[0,0],"ix":2},"a":{"a":0,"k":[0,0],"ix":1},"s":{"a":0,"k":[100,100],"ix":3},"r":{"a":0,"k":0,"ix":6},"o":{"a":0,"k":100,"ix":7},"sk":{"a":0,"k":0,"ix":4},"sa":{"a":0,"k":0,"ix":5},"nm":"Transform"}],"nm":"Group 1","np":2,"cix":2,"bm":0,"ix":1,"mn":"ADBE Vector Group","hd":false}],"ip":0,"op":212.5,"st":0,"bm":0}],"markers":[{"tm":55,"cm":"rest","dr":0}]}