{"v":"5.8.1","fr":60,"ip":0,"op":143,"w":1024,"h":1024,"nm":"emoji_see-no-evil-monkey","ddd":0,"assets":[],"layers":[{"ddd":0,"ind":1,"ty":3,"nm":"Null All","sr":1,"ks":{"o":{"a":0,"k":0,"ix":11},"r":{"a":0,"k":0,"ix":10},"p":{"s":true,"x":{"a":0,"k":512,"ix":3},"y":{"a":1,"k":[{"i":{"x":[0],"y":[1]},"o":{"x":[0.333],"y":[0]},"t":23,"s":[512]},{"i":{"x":[0.375],"y":[1]},"o":{"x":[0.636],"y":[0]},"t":27,"s":[508]},{"i":{"x":[0.667],"y":[1]},"o":{"x":[0.333],"y":[0]},"t":41,"s":[516]},{"i":{"x":[0.667],"y":[1]},"o":{"x":[0.333],"y":[0.222]},"t":82,"s":[512]},{"i":{"x":[0.667],"y":[1]},"o":{"x":[0.333],"y":[0]},"t":98,"s":[512]},{"i":{"x":[0.667],"y":[1]},"o":{"x":[0.333],"y":[0]},"t":102,"s":[516]},{"i":{"x":[0.667],"y":[1]},"o":{"x":[0.333],"y":[0]},"t":106,"s":[504]},{"t":116,"s":[512]}],"ix":4}},"a":{"a":0,"k":[0,0,0],"ix":1,"l":2},"s":{"a":0,"k":[100,100,100],"ix":6,"l":2}},"ao":0,"ip":0,"op":143,"st":0,"bm":0},{"ddd":0,"ind":2,"ty":4,"nm":"arm R","parent":1,"sr":1,"ks":{"o":{"a":0,"k":100,"ix":11},"r":{"a":0,"k":0,"ix":10},"p":{"s":true,"x":{"a":0,"k":0,"ix":3},"y":{"a":1,"k":[{"i":{"x":[0.667],"y":[1]},"o":{"x":[0.167],"y":[0]},"t":0,"s":[118.794]},{"i":{"x":[0.833],"y":[0.833]},"o":{"x":[0.333],"y":[0]},"t":15,"s":[118.794]},{"i":{"x":[0],"y":[1]},"o":{"x":[0.167],"y":[0.167]},"t":31,"s":[198.794]},{"t":63,"s":[206.794],"h":1},{"i":{"x":[0.833],"y":[0.833]},"o":{"x":[0.333],"y":[0]},"t":94,"s":[206.794]},{"i":{"x":[0.833],"y":[0.833]},"o":{"x":[0.167],"y":[0.167]},"t":99,"s":[196.794]},{"i":{"x":[0.833],"y":[0.833]},"o":{"x":[0.167],"y":[0.167]},"t":107,"s":[123.669]},{"i":{"x":[0.667],"y":[1]},"o":{"x":[0.167],"y":[0]},"t":112,"s":[118.794]},{"t":123,"s":[118.794]}],"ix":4}},"a":{"a":0,"k":[495.465,295.204,0],"ix":1,"l":2},"s":{"a":0,"k":[100,100,100],"ix":6,"l":2}},"ao":0,"shapes":[{"ty":"gr","it":[{"ind":0,"ty":"sh","ix":1,"ks":{"a":1,"k":[{"i":{"x":0.667,"y":1},"o":{"x":0.167,"y":0.167},"t":0,"s":[{"i":[[2.4,-6.08],[-18.88,-14.56],[3.04,-3.68],[-17.6,7.28],[6.64,7.28],[-5.68,11.52]],"o":[[-3.76,9.44],[18.88,14.64],[-3.04,3.68],[17.68,-7.28],[-6.72,-7.28],[5.6,-11.6]],"v":[[-29.08,-25.88],[-16.28,11.24],[1.08,36.2],[17.48,35],[2.6,1.56],[-17.16,-30.68]],"c":true}]},{"i":{"x":0.833,"y":0.833},"o":{"x":0.333,"y":0},"t":15,"s":[{"i":[[2.4,-6.08],[-18.88,-14.56],[3.04,-3.68],[-17.6,7.28],[6.64,7.28],[-5.68,11.52]],"o":[[-3.76,9.44],[18.88,14.64],[-3.04,3.68],[17.68,-7.28],[-6.72,-7.28],[5.6,-11.6]],"v":[[-29.08,-25.88],[-16.28,11.24],[1.08,36.2],[17.48,35],[2.6,1.56],[-17.16,-30.68]],"c":true}]},{"i":{"x":0,"y":1},"o":{"x":0.167,"y":0.167},"t":31,"s":[{"i":[[5.619,-3.34],[-6.093,-23.05],[0,0],[-6.096,0.144],[0.827,9.819],[-9.667,8.327]],"o":[[-8.735,5.192],[8.186,30.557],[0,0],[19.115,-0.451],[-0.89,-9.867],[-1.167,-2.173]],"v":[[247.226,-36.487],[237.748,2.743],[228.297,31.112],[243.03,38.156],[251.616,2.076],[254.602,-39.027]],"c":true}]},{"t":63,"s":[{"i":[[6.306,-1.722],[0.27,-23.841],[0,0],[-5.914,-1.486],[-1.82,9.684],[-11.537,5.449]],"o":[[-9.802,2.676],[-0.253,31.634],[0,0],[18.544,4.66],[1.772,-9.748],[-0.546,-2.406]],"v":[[312.239,-27.256],[292.65,8.029],[275.98,32.854],[288.303,43.57],[306.193,11.083],[320.025,-27.738]],"c":true}],"h":1},{"i":{"x":0.833,"y":0.833},"o":{"x":0.333,"y":0},"t":94,"s":[{"i":[[6.306,-1.722],[0.27,-23.841],[0,0],[-5.914,-1.486],[-1.82,9.684],[-11.537,5.449]],"o":[[-9.802,2.676],[-0.253,31.634],[0,0],[18.544,4.66],[1.772,-9.748],[-0.546,-2.406]],"v":[[312.239,-27.256],[292.65,8.029],[275.98,32.854],[288.303,43.57],[306.193,11.083],[320.025,-27.738]],"c":true}]},{"i":{"x":0.833,"y":0.833},"o":{"x":0.167,"y":0.167},"t":99,"s":[{"i":[[6.461,-0.991],[4.706,-20.753],[0,0],[-5.706,-2.151],[-2.912,9.413],[-12.083,4.098]],"o":[[-10.044,1.541],[-4.706,20.753],[0,0],[17.891,6.744],[2.872,-9.482],[0.268,-1.835]],"v":[[282.627,-14.773],[262.391,25.297],[242.749,38.558],[253.769,51.86],[275.248,21.625],[295.667,-14.115]],"c":true}]},{"i":{"x":0.833,"y":0.833},"o":{"x":0.167,"y":0.167},"t":104,"s":[{"i":[[4.309,-4.656],[-5.061,-12.35],[0,0],[0.186,1.282],[3.475,8.911],[-9.181,8.655]],"o":[[-6.699,7.239],[5.061,12.35],[0,0],[17.693,-6.403],[-3.547,-8.939],[8.387,-8.842]],"v":[[7.611,-51.438],[6.373,-16.139],[22.684,5.222],[36.248,13.929],[26.84,-15.813],[20.391,-52]],"c":true}]},{"i":{"x":0.833,"y":0.833},"o":{"x":0.167,"y":0.167},"t":107,"s":[{"i":[[2.246,-6.139],[-19.285,-14.02],[2.935,-3.765],[-17.399,7.747],[6.843,7.089],[-5.352,11.676]],"o":[[-3.491,9.543],[19.287,14.1],[-2.935,3.765],[17.467,-7.777],[-6.923,-7.087],[5.269,-11.754]],"v":[[-40.327,-31.145],[-26.481,5.598],[-8.422,30.057],[7.938,28.393],[-7.883,-4.612],[-28.547,-36.28]],"c":true}]},{"i":{"x":0.667,"y":1},"o":{"x":0.167,"y":0.167},"t":112,"s":[{"i":[[2.246,-6.139],[-19.285,-14.02],[2.935,-3.765],[-17.399,7.747],[6.843,7.089],[-5.352,11.676]],"o":[[-3.491,9.543],[19.287,14.1],[-2.935,3.765],[17.467,-7.777],[-6.923,-7.087],[5.269,-11.754]],"v":[[-40.327,-23.145],[-26.481,13.598],[-8.422,38.057],[7.938,36.393],[-7.883,3.388],[-28.547,-28.28]],"c":true}]},{"t":123,"s":[{"i":[[2.4,-6.08],[-18.88,-14.56],[3.04,-3.68],[-17.6,7.28],[6.64,7.28],[-5.68,11.52]],"o":[[-3.76,9.44],[18.88,14.64],[-3.04,3.68],[17.68,-7.28],[-6.72,-7.28],[5.6,-11.6]],"v":[[-29.08,-25.88],[-16.28,11.24],[1.08,36.2],[17.48,35],[2.6,1.56],[-17.16,-30.68]],"c":true}]}],"ix":2},"nm":"Path 1","mn":"ADBE Vector Shape - Group","hd":false},{"ty":"fl","c":{"a":0,"k":[0.525,0.356999984442,0.322000002394,1],"ix":4},"o":{"a":0,"k":100,"ix":5},"r":1,"bm":0,"nm":"Fill 1","mn":"ADBE Vector Graphic - Fill","hd":false},{"ty":"tr","p":{"a":0,"k":[660.53,46.61],"ix":2},"a":{"a":0,"k":[0,0],"ix":1},"s":{"a":0,"k":[100,100],"ix":3},"r":{"a":0,"k":0,"ix":6},"o":{"a":0,"k":100,"ix":7},"sk":{"a":0,"k":0,"ix":4},"sa":{"a":0,"k":0,"ix":5},"nm":"Transform"}],"nm":"Group 1","np":2,"cix":2,"bm":0,"ix":1,"mn":"ADBE Vector Group","hd":false},{"ty":"gr","it":[{"ind":0,"ty":"sh","ix":1,"ks":{"a":1,"k":[{"i":{"x":0.667,"y":1},"o":{"x":0.167,"y":0.167},"t":0,"s":[{"i":[[10.4,-15.2],[-32.08,-51.12],[-38.32,-10.961],[-24.72,-15.36],[-18.56,-26.96],[30.16,-16.481],[2,13.92],[7.92,8.48],[38.32,20.721],[17.04,5.84],[17.04,41.44],[-17.84,20.72]],"o":[[-4,5.84],[22.96,36.64],[38.32,10.96],[37.76,23.439],[22.24,32.24],[-12.88,7.04],[-3.68,-25.28],[-7.92,-8.561],[-38.32,-20.719],[-29.84,-10.32],[-16,-38.88],[11.12,-12.8]],"v":[[-114.52,-183.4],[-133.96,-77.08],[-34.76,-22.12],[72.04,25.64],[144.76,100.52],[141.4,191.56],[139.56,151.4],[116.76,103.64],[43.72,40.039],[-70.12,-3.16],[-155.56,-73.8],[-137.72,-172.84]],"c":true}]},{"i":{"x":0.833,"y":0.833},"o":{"x":0.333,"y":0},"t":15,"s":[{"i":[[10.4,-15.2],[-32.08,-51.12],[-38.32,-10.961],[-24.72,-15.36],[-18.56,-26.96],[30.16,-16.481],[2,13.92],[7.92,8.48],[38.32,20.721],[17.04,5.84],[17.04,41.44],[-17.84,20.72]],"o":[[-4,5.84],[22.96,36.64],[38.32,10.96],[37.76,23.439],[22.24,32.24],[-12.88,7.04],[-3.68,-25.28],[-7.92,-8.561],[-38.32,-20.719],[-29.84,-10.32],[-16,-38.88],[11.12,-12.8]],"v":[[-114.52,-183.4],[-133.96,-77.08],[-34.76,-22.12],[72.04,25.64],[144.76,100.52],[141.4,191.56],[139.56,151.4],[116.76,103.64],[43.72,40.039],[-70.12,-3.16],[-155.56,-73.8],[-137.72,-172.84]],"c":true}]},{"i":{"x":0,"y":1},"o":{"x":0.167,"y":0.167},"t":31,"s":[{"i":[[17.512,-5.703],[5.765,-60.076],[-19.584,-23.767],[-7.526,-28.308],[-2.405,-30.62],[24.455,-10.66],[0.705,21.5],[0.905,24.24],[15.754,41.654],[9.949,15.016],[-11.737,43.242],[-26.772,5.552]],"o":[[-6.731,2.192],[-4.131,43.042],[19.584,23.767],[7.526,28.308],[1.799,22.905],[-11.901,5.188],[-0.705,-21.5],[-0.905,-24.24],[-15.411,-40.746],[-17.366,-26.369],[11.014,-40.575],[16.617,-3.37]],"v":[[149.842,-237.841],[69.626,-165.402],[117.771,-60.867],[151.328,10.592],[163.26,96.02],[152.9,182.56],[136.06,153.9],[133.26,101.64],[118.101,16.746],[75.182,-67.889],[50.503,-175.967],[125.013,-243.61]],"c":true}]},{"t":63,"s":[{"i":[[18.399,-0.829],[21.567,-56.367],[-12.542,-28.126],[-4.474,-36.692],[-2.405,-30.62],[24.455,-10.66],[0.705,21.5],[2.672,24.11],[6.754,43.154],[5.588,17.124],[-22.837,38.55],[-27.284,-1.783]],"o":[[-7.071,0.319],[-15.452,40.384],[12.542,28.126],[3.545,29.076],[1.799,22.905],[-11.901,5.188],[-0.705,-21.5],[-3.905,-35.24],[-6.736,-43.039],[-9.711,-30.044],[21.429,-36.173],[16.914,1.181]],"v":[[214.266,-252.288],[117.647,-203.847],[138.692,-86.762],[154.328,8.592],[163.26,96.02],[152.9,182.56],[136.06,153.9],[133.26,101.64],[119.101,1.246],[99.514,-104.88],[102.031,-219.126],[191.873,-264.466]],"c":true}],"h":1},{"i":{"x":0.833,"y":0.833},"o":{"x":0.333,"y":0},"t":94,"s":[{"i":[[18.399,-0.829],[21.567,-56.367],[-12.542,-28.126],[-4.474,-36.692],[-2.405,-30.62],[24.455,-10.66],[0.705,21.5],[2.672,24.11],[6.754,43.154],[5.588,17.124],[-22.837,38.55],[-27.284,-1.783]],"o":[[-7.071,0.319],[-15.452,40.384],[12.542,28.126],[3.545,29.076],[1.799,22.905],[-11.901,5.188],[-0.705,-21.5],[-3.905,-35.24],[-6.736,-43.039],[-9.711,-30.044],[21.429,-36.173],[16.914,1.181]],"v":[[214.266,-252.288],[117.647,-203.847],[138.692,-86.762],[154.328,8.592],[163.26,96.02],[152.9,182.56],[136.06,153.9],[133.26,101.64],[119.101,1.246],[99.514,-104.88],[102.031,-219.126],[191.873,-264.466]],"c":true}]},{"i":{"x":0.833,"y":0.833},"o":{"x":0.167,"y":0.167},"t":99,"s":[{"i":[[18.307,-2.009],[22.709,-69.534],[-16.437,-40.475],[-12.669,-34.725],[-7.052,-30.881],[22.955,-4.16],[0.705,21.5],[2.672,24.11],[15.913,43.872],[13.802,37.462],[-20.313,39.937],[-43.969,-1.522]],"o":[[-7.036,0.772],[-13.424,41.103],[16.437,40.475],[11.786,32.303],[6.595,28.88],[-12.774,2.315],[-0.705,-21.5],[-3.905,-35.24],[-14.854,-40.952],[-13.802,-37.462],[19.061,-37.475],[14.056,0.487]],"v":[[192.203,-261.114],[85.395,-210.066],[104.917,-80.075],[138.069,11.596],[164.26,110.02],[152.9,173.56],[136.06,144.9],[133.26,92.64],[106.942,-3.472],[69.157,-101.139],[67.33,-225.561],[162.824,-276.328]],"c":true}]},{"i":{"x":0.833,"y":0.833},"o":{"x":0.167,"y":0.167},"t":104,"s":[{"i":[[13.774,-11.645],[-16.556,-57.265],[-33.267,-20.561],[-23.967,-16.57],[-17.841,-27.205],[29.71,-15.711],[1.919,14.394],[7.592,9.457],[36.92,22.168],[14.726,11.303],[5.338,43.557],[-23.223,14.614]],"o":[[-5.294,4.476],[12.129,40.544],[33.267,20.561],[36.137,23.993],[21.262,32.03],[-12.873,6.745],[-3.494,-25.044],[-7.669,-10.228],[-36.853,-21.984],[-25.52,-18.021],[-5.009,-40.871],[13.643,-9.214]],"v":[[-61.94,-224.029],[-108.691,-129.079],[-29.762,-50.303],[76.167,8.762],[145.979,101.114],[142.119,190.435],[139.341,150.994],[117.791,102.952],[47.671,21.32],[-67.886,-41.964],[-130.015,-131.689],[-86.911,-220.444]],"c":true}]},{"i":{"x":0.833,"y":0.833},"o":{"x":0.167,"y":0.167},"t":107,"s":[{"i":[[9.973,-15.483],[-33.481,-50.213],[-37.489,-13.533],[-24.217,-16.141],[-19.341,-26.406],[29.68,-17.331],[2.393,13.858],[8.157,8.252],[38.892,19.627],[17.198,5.355],[18.217,40.936],[-17.246,21.217]],"o":[[-3.833,5.951],[23.988,35.976],[43.977,15.875],[32.868,21.906],[23.144,31.598],[-12.676,7.402],[-4.394,-25.166],[-8.159,-8.333],[-38.891,-19.626],[-30.12,-9.471],[-17.094,-38.412],[10.753,-13.11]],"v":[[-124.414,-186.89],[-140.838,-80.063],[-40.122,-25.682],[67.987,26.786],[142.797,97.578],[142.015,188.677],[139.039,148.585],[114.896,101.489],[40.086,39.981],[-74.931,-7.979],[-162.336,-76.173],[-147.306,-175.678]],"c":true}]},{"i":{"x":0.667,"y":1},"o":{"x":0.167,"y":0.167},"t":112,"s":[{"i":[[9.973,-15.483],[-33.481,-50.213],[-38.615,-9.871],[-25.151,-14.643],[-19.341,-26.406],[29.68,-17.331],[2.393,13.858],[8.157,8.252],[38.892,19.627],[17.198,5.355],[18.217,40.936],[-17.246,21.217]],"o":[[-3.833,5.951],[23.988,35.976],[38.615,9.871],[38.408,22.361],[23.144,31.598],[-12.676,7.402],[-4.394,-25.166],[-8.159,-8.333],[-38.891,-19.626],[-30.12,-9.471],[-17.094,-38.412],[10.753,-13.11]],"v":[[-124.414,-178.89],[-140.838,-72.063],[-40.122,-19.932],[67.987,24.786],[142.797,97.578],[142.015,188.677],[139.039,148.585],[114.896,101.489],[40.086,39.981],[-74.931,0.021],[-162.336,-68.173],[-147.306,-167.678]],"c":true}]},{"t":123,"s":[{"i":[[10.4,-15.2],[-32.08,-51.12],[-38.32,-10.961],[-24.72,-15.36],[-18.56,-26.96],[30.16,-16.481],[2,13.92],[7.92,8.48],[38.32,20.721],[17.04,5.84],[17.04,41.44],[-17.84,20.72]],"o":[[-4,5.84],[22.96,36.64],[38.32,10.96],[37.76,23.439],[22.24,32.24],[-12.88,7.04],[-3.68,-25.28],[-7.92,-8.561],[-38.32,-20.719],[-29.84,-10.32],[-16,-38.88],[11.12,-12.8]],"v":[[-114.52,-183.4],[-133.96,-77.08],[-34.76,-22.12],[72.04,25.64],[144.76,100.52],[141.4,191.56],[139.56,151.4],[116.76,103.64],[43.72,40.039],[-70.12,-3.16],[-155.56,-73.8],[-137.72,-172.84]],"c":true}]}],"ix":2},"nm":"Path 1","mn":"ADBE Vector Shape - Group","hd":false},{"ty":"fl","c":{"a":0,"k":[0.525,0.356999984442,0.322000002394,1],"ix":4},"o":{"a":0,"k":100,"ix":5},"r":1,"bm":0,"nm":"Fill 1","mn":"ADBE Vector Graphic - Fill","hd":false},{"ty":"tr","p":{"a":0,"k":[682.61,251.01],"ix":2},"a":{"a":0,"k":[0,0],"ix":1},"s":{"a":0,"k":[100,100],"ix":3},"r":{"a":0,"k":0,"ix":6},"o":{"a":0,"k":100,"ix":7},"sk":{"a":0,"k":0,"ix":4},"sa":{"a":0,"k":0,"ix":5},"nm":"Transform"}],"nm":"Group 3","np":2,"cix":2,"bm":0,"ix":2,"mn":"ADBE Vector Group","hd":false},{"ty":"gr","it":[{"ind":0,"ty":"sh","ix":1,"ks":{"a":1,"k":[{"i":{"x":0.667,"y":1},"o":{"x":0.167,"y":0.167},"t":0,"s":[{"i":[[0,0],[0,0],[-112,2.401],[33.28,89.281],[0,0],[0,0],[34.88,-9.76],[0,0],[16.24,8.08],[38.56,-70.96],[0,0],[0,0],[0,0],[0,0],[1.68,-5.679],[12.96,19.44]],"o":[[0,0],[0,0],[112,-2.4],[-33.28,-89.28],[0,0],[0,0],[-34.88,9.76],[0,0],[-16.24,-8.08],[-34.08,62.8],[0,0],[0,0],[0,0],[0,0],[-1.6,5.68],[-12.96,-19.439]],"v":[[16.36,66.12],[-71,166.761],[94.84,289.4],[225.08,82.52],[97,-106.76],[-18.28,-232.52],[-109.56,-282.04],[-78.28,-217.96],[-103.48,-209.4],[-219.16,-196.44],[-204.92,-102.68],[-114.04,-51.56],[-10.12,-8.52],[50.76,50.761],[79.96,121.4],[36.68,97.08]],"c":true}]},{"i":{"x":0.833,"y":0.833},"o":{"x":0.333,"y":0},"t":15,"s":[{"i":[[0,0],[0,0],[-112,2.401],[33.28,89.281],[44.994,48.62],[0,0],[34.88,-9.76],[0,0],[16.24,8.08],[38.56,-70.96],[0,0],[0,0],[0,0],[0,0],[1.68,-5.679],[12.96,19.44]],"o":[[0,0],[0,0],[112,-2.4],[-33.28,-89.28],[-40.561,-43.829],[0,0],[-34.88,9.76],[0,0],[-16.24,-8.08],[-34.08,62.8],[0,0],[0,0],[0,0],[0,0],[-1.6,5.68],[-12.96,-19.439]],"v":[[16.36,66.12],[-71,166.761],[94.84,289.4],[225.08,82.52],[66.75,-140.26],[-18.28,-232.52],[-109.56,-282.04],[-78.28,-217.96],[-103.48,-209.4],[-219.16,-196.44],[-204.92,-102.68],[-114.04,-51.56],[-10.12,-8.52],[50.76,50.761],[79.96,121.4],[36.68,97.08]],"c":true}]},{"i":{"x":0,"y":1},"o":{"x":0.167,"y":0.167},"t":31,"s":[{"i":[[0,0],[25.494,-49.401],[-94.347,0.899],[-7.086,73.34],[9.019,49.787],[2.781,38.509],[27.9,10.386],[0,0],[7.95,16.304],[73.802,-32.794],[0,0],[0,0],[0,0],[0,0],[0,0],[17.564,17.263]],"o":[[0,0],[33.494,88.599],[109.154,-1.04],[6.751,-69.876],[-9.019,-49.787],[-2.781,-38.509],[-33.944,-12.636],[0,0],[-7.95,-16.304],[-65.295,29.014],[0,0],[0,0],[0,0],[0,0],[0,0],[-27.186,-26.72]],"v":[[-7.64,17.119],[-116,84.761],[92.84,281.899],[228.08,132.02],[217.514,-57.667],[199.776,-168.132],[170.595,-282.526],[151.335,-215.66],[131.139,-221.233],[35.032,-276.968],[-13.327,-166.458],[30.062,-98.038],[65.713,-22.076],[80.76,74.261],[69.46,99.9],[36.18,84.08]],"c":true}]},{"t":63,"s":[{"i":[[0,0],[25.494,-49.401],[-94.346,0.975],[-5.086,75.34],[4.481,47.027],[-7.939,37.784],[24.123,17.446],[0,0],[3.317,17.833],[79.873,-11.94],[0,0],[0,0],[0,0],[0,0],[0,0],[23.314,26.499]],"o":[[0,0],[32.994,95.599],[100.654,-1.04],[4.728,-70.042],[-3.499,-36.722],[8.695,-41.38],[-29.349,-21.225],[0,0],[-3.317,-17.833],[-70.666,10.563],[0,0],[0,0],[0,0],[0,0],[0,0],[-25.179,-28.619]],"v":[[-5.14,13.619],[-113.5,82.261],[95.34,284.399],[228.08,132.02],[221.764,-51.417],[229.799,-150.76],[235.16,-268.794],[198.776,-209.479],[180.797,-220.233],[100.518,-303.064],[24.457,-209.438],[50.543,-128.43],[65.713,-22.076],[80.76,74.261],[69.46,98.9],[42.68,88.08]],"c":true}],"h":1},{"i":{"x":0.833,"y":0.833},"o":{"x":0.333,"y":0},"t":94,"s":[{"i":[[0,0],[25.494,-49.401],[-94.346,0.975],[-5.086,75.34],[4.481,47.027],[-7.939,37.784],[24.123,17.446],[0,0],[3.317,17.833],[79.873,-11.94],[0,0],[0,0],[0,0],[0,0],[0,0],[23.314,26.499]],"o":[[0,0],[32.994,95.599],[100.654,-1.04],[4.728,-70.042],[-3.499,-36.722],[8.695,-41.38],[-29.349,-21.225],[0,0],[-3.317,-17.833],[-70.666,10.563],[0,0],[0,0],[0,0],[0,0],[0,0],[-25.179,-28.619]],"v":[[-5.14,13.619],[-113.5,82.261],[95.34,284.399],[228.08,132.02],[221.764,-51.417],[229.799,-150.76],[235.16,-268.794],[198.776,-209.479],[180.797,-220.233],[100.518,-303.064],[24.457,-209.438],[50.543,-128.43],[65.713,-22.076],[80.76,74.261],[69.46,98.9],[42.68,88.08]],"c":true}]},{"i":{"x":0.833,"y":0.833},"o":{"x":0.167,"y":0.167},"t":99,"s":[{"i":[[0,0],[25.494,-49.401],[-94.346,0.975],[-5.086,75.34],[13.495,51.649],[-13.712,29.443],[21.976,20.083],[0,0],[1.262,18.095],[78.941,-17.046],[0,0],[0,0],[0,0],[0,0],[0,0],[9.768,6.538]],"o":[[0,0],[25.994,81.599],[100.654,-1.04],[4.728,-70.043],[-9.325,-35.69],[17.78,-38.179],[-26.737,-24.434],[0,0],[-1.262,-18.095],[-69.842,15.081],[0,0],[0,0],[0,0],[0,0],[0,0],[-36.186,-24.22]],"v":[[-8.14,12.119],[-116,82.761],[95.84,274.399],[226.58,130.02],[201.999,-45.29],[192.215,-158.962],[207.745,-266.221],[165.084,-210.693],[148.449,-224.677],[75.668,-309.897],[-5.472,-209.329],[19.763,-122.664],[47.155,-33.985],[80.76,65.261],[79.46,83.9],[65.18,91.079]],"c":true}]},{"i":{"x":0.833,"y":0.833},"o":{"x":0.167,"y":0.167},"t":104,"s":[{"i":[[0,0],[1.593,-3.088],[-110.897,2.312],[30.882,88.41],[0.843,3.228],[26.382,28.03],[34.852,2.949],[0,0],[14.349,10.203],[54.815,-57.024],[0,0],[0,0],[0,0],[0,0],[1.575,-5.324],[12.76,18.634]],"o":[[0,0],[1.625,5.1],[111.291,-2.315],[-30.904,-88.078],[-0.583,-2.231],[-26.382,-28.03],[-35.051,-3.299],[0,0],[-18.771,-13.348],[-48.495,50.449],[0,0],[0,0],[0,0],[0,0],[-1.5,5.325],[-14.412,-19.738]],"v":[[13.454,62.745],[-93.812,138.136],[94.903,289.087],[225.174,85.488],[103.563,-118.919],[-5.124,-243.923],[-70.153,-302.118],[-63.07,-233.506],[-66.484,-236.105],[-172.127,-247.351],[-184.604,-153.629],[-111.561,-82.634],[-6.54,-26.112],[52.635,51.667],[79.929,119.056],[35.836,96.08]],"c":true}]},{"i":{"x":0.833,"y":0.833},"o":{"x":0.167,"y":0.167},"t":107,"s":[{"i":[[0,0],[0,0],[-111.887,5.569],[35.794,88.303],[0,0],[32.965,29.403],[34.59,-10.743],[0,0],[16.462,7.617],[36.496,-72.043],[0,0],[0,0],[0,0],[0,0],[1.519,-5.724],[13.505,19.065]],"o":[[0,0],[0,0],[111.887,-5.569],[-35.793,-88.302],[0,0],[-10.362,-9.243],[-34.59,10.743],[0,0],[-16.462,-7.617],[-32.289,63.739],[0,0],[0,0],[0,0],[0,0],[-1.439,5.723],[-13.505,-19.064]],"v":[[16.36,66.119],[-71,166.761],[99.375,285.759],[223.708,75.276],[90.323,-110.304],[-28.47,-240.751],[-121.115,-287.667],[-88.034,-224.498],[-112.982,-215.229],[-228.249,-199],[-211.361,-105.681],[-119.07,-57.153],[-13.974,-9.071],[48.559,48.463],[79.747,118.247],[35.792,94.879]],"c":true}]},{"i":{"x":0.667,"y":1},"o":{"x":0.167,"y":0.167},"t":112,"s":[{"i":[[0,0],[0,0],[-111.887,5.569],[35.794,88.303],[0,0],[0,0],[34.59,-10.743],[0,0],[16.462,7.617],[36.496,-72.043],[0,0],[0,0],[0,0],[0,0],[1.519,-5.724],[13.505,19.065]],"o":[[0,0],[0,0],[111.887,-5.569],[-35.793,-88.302],[0,0],[0,0],[-34.59,10.743],[0,0],[-16.462,-7.617],[-32.289,63.739],[0,0],[0,0],[0,0],[0,0],[-1.439,5.723],[-13.505,-19.064]],"v":[[16.36,66.12],[-71,166.761],[99.375,285.759],[223.708,75.276],[90.323,-110.304],[-28.47,-232.751],[-121.115,-279.667],[-88.034,-216.498],[-112.982,-207.229],[-228.249,-191],[-211.361,-97.681],[-119.07,-49.153],[-13.974,-9.071],[48.559,48.463],[79.747,118.247],[35.792,94.879]],"c":true}]},{"t":123,"s":[{"i":[[0,0],[0,0],[-112,2.401],[33.28,89.281],[0,0],[0,0],[34.88,-9.76],[0,0],[16.24,8.08],[38.56,-70.96],[0,0],[0,0],[0,0],[0,0],[1.68,-5.679],[12.96,19.44]],"o":[[0,0],[0,0],[112,-2.4],[-33.28,-89.28],[0,0],[0,0],[-34.88,9.76],[0,0],[-16.24,-8.08],[-34.08,62.8],[0,0],[0,0],[0,0],[0,0],[-1.6,5.68],[-12.96,-19.439]],"v":[[16.36,66.12],[-71,166.761],[94.84,289.4],[225.08,82.52],[97,-106.76],[-18.28,-232.52],[-109.56,-282.04],[-78.28,-217.96],[-103.48,-209.4],[-219.16,-196.44],[-204.92,-102.68],[-114.04,-51.56],[-10.12,-8.52],[50.76,50.761],[79.96,121.4],[36.68,97.08]],"c":true}]}],"ix":2},"nm":"Path 1","mn":"ADBE Vector Shape - Group","hd":false},{"ty":"fl","c":{"a":0,"k":[0.722000002394,0.532999973671,0.352999997606,1],"ix":4},"o":{"a":0,"k":100,"ix":5},"r":1,"bm":0,"nm":"Fill 1","mn":"ADBE Vector Graphic - Fill","hd":false},{"ty":"tr","p":{"a":0,"k":[753.97,292.051],"ix":2},"a":{"a":0,"k":[0,0],"ix":1},"s":{"a":0,"k":[100,100],"ix":3},"r":{"a":0,"k":0,"ix":6},"o":{"a":0,"k":100,"ix":7},"sk":{"a":0,"k":0,"ix":4},"sa":{"a":0,"k":0,"ix":5},"nm":"Transform"}],"nm":"Group 5","np":2,"cix":2,"bm":0,"ix":3,"mn":"ADBE Vector Group","hd":false}],"ip":0,"op":143,"st":0,"bm":0},{"ddd":0,"ind":3,"ty":4,"nm":"arm L","parent":1,"sr":1,"ks":{"o":{"a":0,"k":100,"ix":11},"r":{"a":0,"k":0,"ix":10},"p":{"s":true,"x":{"a":0,"k":0,"ix":3},"y":{"a":1,"k":[{"i":{"x":[0.667],"y":[1]},"o":{"x":[0.167],"y":[0]},"t":0,"s":[118.794]},{"i":{"x":[0.833],"y":[0.833]},"o":{"x":[1],"y":[0]},"t":17,"s":[118.794]},{"i":{"x":[0],"y":[1]},"o":{"x":[0.167],"y":[0.167]},"t":34,"s":[198.794]},{"t":66,"s":[206.794],"h":1},{"i":{"x":[0.833],"y":[0.833]},"o":{"x":[0.333],"y":[0]},"t":97,"s":[206.794]},{"i":{"x":[0.833],"y":[0.833]},"o":{"x":[0.167],"y":[0.167]},"t":103,"s":[196.794]},{"i":{"x":[0.833],"y":[0.833]},"o":{"x":[0.167],"y":[0.167]},"t":107,"s":[123.669]},{"i":{"x":[0.667],"y":[1]},"o":{"x":[0.167],"y":[0]},"t":112,"s":[118.794]},{"t":123,"s":[118.794]}],"ix":4}},"a":{"a":0,"k":[495.465,295.204,0],"ix":1,"l":2},"s":{"a":0,"k":[100,100,100],"ix":6,"l":2}},"ao":0,"shapes":[{"ty":"gr","it":[{"ind":0,"ty":"sh","ix":1,"ks":{"a":1,"k":[{"i":{"x":0.667,"y":1},"o":{"x":0.167,"y":0.167},"t":0,"s":[{"i":[[15.52,12.72],[16.48,-9.44],[-15.731,-16.398],[-10.264,6.291]],"o":[[-3.92,-3.2],[-16,9.2],[0.944,-2.182],[13.44,-8.24]],"v":[[13.44,-35.32],[-3.84,-10.36],[-19.255,27.278],[-3.04,7]],"c":true}]},{"i":{"x":0.833,"y":0.833},"o":{"x":0.333,"y":0},"t":17,"s":[{"i":[[15.52,12.72],[16.48,-9.44],[-15.731,-16.398],[-10.264,6.291]],"o":[[-3.92,-3.2],[-16,9.2],[0.944,-2.182],[13.44,-8.24]],"v":[[13.44,-35.32],[-3.84,-10.36],[-19.255,27.278],[-3.04,7]],"c":true}]},{"i":{"x":0,"y":1},"o":{"x":0.167,"y":0.167},"t":34,"s":[{"i":[[20.063,-0.394],[7.326,-28.679],[-9.846,15.429],[-3.874,11.827]],"o":[[1.835,4.973],[-7.156,28.013],[-14.096,-1.571],[4.908,-14.982]],"v":[[-264.321,-49.343],[-264.579,1.617],[-239.015,17.701],[-249.48,-6.421]],"c":true}]},{"t":66,"s":[{"i":[[19.392,-5.159],[0.288,-29.598],[-5.889,17.33],[0.765,13.52]],"o":[[2.966,4.393],[-0.281,28.911],[-14.064,1.83],[-0.89,-15.74]],"v":[[-328.882,-39.295],[-315.002,9.762],[-286.469,21.047],[-303.25,-0.139]],"c":true}],"h":1},{"i":{"x":0.833,"y":0.833},"o":{"x":0.333,"y":0},"t":97,"s":[{"i":[[19.392,-5.159],[0.288,-29.598],[-5.889,17.33],[0.765,13.52]],"o":[[2.966,4.393],[-0.281,28.911],[-14.064,1.83],[-0.89,-15.74]],"v":[[-328.882,-39.295],[-315.002,9.762],[-286.469,21.047],[-303.25,-0.139]],"c":true}]},{"i":{"x":0.833,"y":0.833},"o":{"x":0.167,"y":0.167},"t":103,"s":[{"i":[[18.97,-6.543],[-1.846,-29.542],[-4.625,17.709],[1.737,13.429]],"o":[[3.275,4.168],[1.803,28.856],[-13.896,2.839],[-2.022,-15.635]],"v":[[-303.364,-35.912],[-285.234,10.017],[-254.212,16.717],[-274.727,-0.205]],"c":true}]},{"i":{"x":0.833,"y":0.833},"o":{"x":0.167,"y":0.167},"t":107,"s":[{"i":[[15.736,11.516],[15.335,-10.696],[-15.037,-14.266],[-9.514,6.737]],"o":[[-3.47,-2.739],[-14.887,10.429],[0.017,-1.868],[12.474,-8.702]],"v":[[-6.36,-35.357],[-21.427,-9.086],[-33.94,26.618],[-20.02,6.55]],"c":true}]},{"i":{"x":0.667,"y":1},"o":{"x":0.167,"y":0.167},"t":112,"s":[{"i":[[15.238,13.057],[16.686,-9.072],[-15.335,-16.768],[-10.41,6.046]],"o":[[-3.843,-3.293],[-16.215,8.816],[0.996,-2.159],[13.633,-7.917]],"v":[[21.963,-33.539],[4.092,-8.998],[-12.216,28.262],[4.478,8.376]],"c":true}]},{"t":123,"s":[{"i":[[15.52,12.72],[16.48,-9.44],[-15.731,-16.398],[-10.264,6.291]],"o":[[-3.92,-3.2],[-16,9.2],[0.944,-2.182],[13.44,-8.24]],"v":[[13.44,-35.32],[-3.84,-10.36],[-19.255,27.278],[-3.04,7]],"c":true}]}],"ix":2},"nm":"Path 1","mn":"ADBE Vector Shape - Group","hd":false},{"ty":"fl","c":{"a":0,"k":[0.522000002394,0.356999984442,0.325,1],"ix":4},"o":{"a":0,"k":100,"ix":5},"r":1,"bm":0,"nm":"Fill 1","mn":"ADBE Vector Graphic - Fill","hd":false},{"ty":"tr","p":{"a":0,"k":[343.45,58.53],"ix":2},"a":{"a":0,"k":[0,0],"ix":1},"s":{"a":0,"k":[100,100],"ix":3},"r":{"a":0,"k":0,"ix":6},"o":{"a":0,"k":100,"ix":7},"sk":{"a":0,"k":0,"ix":4},"sa":{"a":0,"k":0,"ix":5},"nm":"Transform"}],"nm":"Group 2","np":2,"cix":2,"bm":0,"ix":1,"mn":"ADBE Vector Group","hd":false},{"ty":"gr","it":[{"ind":0,"ty":"sh","ix":1,"ks":{"a":1,"k":[{"i":{"x":0.667,"y":1},"o":{"x":0.167,"y":0.167},"t":0,"s":[{"i":[[-5.76,-10.4],[10.8,-46.88],[60.08,-22.88],[48.4,-57.76],[-27.36,-16.48],[-13.36,32.32],[-45.68,23.76],[-32.24,49.92],[12.8,17.92]],"o":[[4.48,8.08],[-8.16,35.52],[-60.88,23.12],[-37.76,45.04],[17.92,10.8],[13.36,-32.24],[45.68,-23.759],[32.24,-49.92],[-16.4,-23.12]],"v":[[123.04,-187.56],[154.48,-113.88],[54.96,-29.24],[-138.32,73],[-160.24,187.16],[-145.36,132.04],[-43.36,38.28],[155.36,-61.56],[160.72,-161.16]],"c":true}]},{"i":{"x":0.833,"y":0.833},"o":{"x":0.333,"y":0},"t":17,"s":[{"i":[[-5.76,-10.4],[10.8,-46.88],[60.08,-22.88],[48.4,-57.76],[-27.36,-16.48],[-13.36,32.32],[-45.68,23.76],[-32.24,49.92],[12.8,17.92]],"o":[[4.48,8.08],[-8.16,35.52],[-60.88,23.12],[-37.76,45.04],[17.92,10.8],[13.36,-32.24],[45.68,-23.759],[32.24,-49.92],[-16.4,-23.12]],"v":[[123.04,-187.56],[154.48,-113.88],[54.96,-29.24],[-138.32,73],[-160.24,187.16],[-145.36,132.04],[-43.36,38.28],[155.36,-61.56],[160.72,-161.16]],"c":true}]},{"i":{"x":0,"y":1},"o":{"x":0.167,"y":0.167},"t":34,"s":[{"i":[[-1.514,-2.923],[-22.148,-42.706],[40.228,-50.148],[10.954,-89.88],[-24.626,0.96],[-0.006,31.58],[-17.164,50.582],[6.526,75.477],[24.427,8.603]],"o":[[4.249,8.204],[16.779,32.353],[-40.384,50.341],[-7.111,58.343],[10.469,-0.408],[0.006,-34.899],[27.499,-81.038],[-3.812,-44.086],[-27.468,-7.002]],"v":[[-147.852,-240.207],[-75.187,-188.66],[-106.482,-71.221],[-162.32,97],[-143.24,184.16],[-130.86,137.54],[-116.365,14.658],[-46.392,-159.856],[-109.293,-238.233]],"c":true}]},{"t":66,"s":[{"i":[[-2.167,-2.479],[-31.678,-36.206],[27.133,-58.283],[10.954,-89.88],[-24.626,0.96],[-0.006,31.58],[-10.458,54.879],[20.627,66.285],[25.773,2.54]],"o":[[6.08,6.956],[23.998,27.429],[-27.238,58.508],[-7.111,58.343],[10.469,-0.408],[0.006,-34.899],[16.019,-84.064],[-13.148,-42.252],[-28.345,-0.261]],"v":[[-214.289,-255.3],[-128.317,-224.41],[-130.379,-94.647],[-162.32,97],[-143.24,184.16],[-130.86,137.54],[-110.908,-48.259],[-93.492,-202.664],[-174.494,-263.188]],"c":true}],"h":1},{"i":{"x":0.833,"y":0.833},"o":{"x":0.333,"y":0},"t":97,"s":[{"i":[[-2.167,-2.479],[-31.678,-36.206],[27.133,-58.283],[10.954,-89.88],[-24.626,0.96],[-0.006,31.58],[-10.458,54.879],[20.627,66.285],[25.773,2.54]],"o":[[6.08,6.956],[23.998,27.429],[-27.238,58.508],[-7.111,58.343],[10.469,-0.408],[0.006,-34.899],[16.019,-84.064],[-13.148,-42.252],[-28.345,-0.261]],"v":[[-214.289,-255.3],[-128.317,-224.41],[-130.379,-94.647],[-162.32,97],[-143.24,184.16],[-130.86,137.54],[-110.908,-48.259],[-93.492,-202.664],[-174.494,-263.188]],"c":true}]},{"i":{"x":0.833,"y":0.833},"o":{"x":0.167,"y":0.167},"t":103,"s":[{"i":[[-2.34,-2.316],[-34.205,-33.829],[18.924,-61.441],[14.954,-65.88],[-24.626,0.96],[0.333,31.578],[-29.674,67.648],[25.35,64.626],[25.889,0.676]],"o":[[6.566,6.5],[25.913,25.628],[-21.41,69.513],[-13.01,57.316],[10.469,-0.408],[-0.506,-47.92],[34.376,-78.369],[-16.159,-41.194],[-28.29,1.782]],"v":[[-191.724,-263.581],[-99.75,-239.967],[-93.455,-102.893],[-162.82,104.5],[-143.24,175.16],[-130.86,128.54],[-90.192,-43.028],[-63.449,-220.787],[-152.601,-274.316]],"c":true}]},{"i":{"x":0.833,"y":0.833},"o":{"x":0.167,"y":0.167},"t":107,"s":[{"i":[[-5.546,-9.895],[7.987,-46.064],[57.508,-25.29],[46.31,-58.268],[-27.189,-15.39],[-12.504,32.274],[-44.68,26.503],[-28.641,50.839],[13.618,16.842]],"o":[[4.61,7.981],[-6.03,34.902],[-58.413,26.02],[-36.213,45.807],[17.454,10.099],[12.493,-33.22],[44.973,-27.172],[29.215,-49.375],[-17.143,-21.564]],"v":[[103.367,-192.311],[138.591,-121.76],[45.684,-33.843],[-139.851,74.969],[-159.177,186.41],[-144.454,131.821],[-46.287,33.198],[141.684,-71.512],[141.137,-168.232]],"c":true}]},{"i":{"x":0.667,"y":1},"o":{"x":0.167,"y":0.167},"t":112,"s":[{"i":[[-5.515,-10.532],[11.886,-46.616],[60.628,-21.384],[49.778,-56.577],[-26.955,-17.135],[-14.155,31.98],[-46.234,22.663],[-33.421,49.137],[12.369,18.22]],"o":[[4.286,8.185],[-9.005,35.315],[-61.414,21.662],[-38.823,44.127],[17.657,11.224],[14.125,-31.912],[46.234,-22.663],[33.421,-49.137],[-15.844,-23.505]],"v":[[130.599,-184.014],[160.273,-109.605],[58.762,-27.362],[-136.901,70.239],[-161.537,183.844],[-145.347,129.095],[-41.14,37.794],[159.905,-57.279],[167.639,-156.722]],"c":true}]},{"t":123,"s":[{"i":[[-5.76,-10.4],[10.8,-46.88],[60.08,-22.88],[48.4,-57.76],[-27.36,-16.48],[-13.36,32.32],[-45.68,23.76],[-32.24,49.92],[12.8,17.92]],"o":[[4.48,8.08],[-8.16,35.52],[-60.88,23.12],[-37.76,45.04],[17.92,10.8],[13.36,-32.24],[45.68,-23.759],[32.24,-49.92],[-16.4,-23.12]],"v":[[123.04,-187.56],[154.48,-113.88],[54.96,-29.24],[-138.32,73],[-160.24,187.16],[-145.36,132.04],[-43.36,38.28],[155.36,-61.56],[160.72,-161.16]],"c":true}]}],"ix":2},"nm":"Path 1","mn":"ADBE Vector Shape - Group","hd":false},{"ty":"fl","c":{"a":0,"k":[0.525,0.356999984442,0.322000002394,1],"ix":4},"o":{"a":0,"k":100,"ix":5},"r":1,"bm":0,"nm":"Fill 1","mn":"ADBE Vector Graphic - Fill","hd":false},{"ty":"tr","p":{"a":0,"k":[308.33,250.29],"ix":2},"a":{"a":0,"k":[0,0],"ix":1},"s":{"a":0,"k":[100,100],"ix":3},"r":{"a":0,"k":0,"ix":6},"o":{"a":0,"k":100,"ix":7},"sk":{"a":0,"k":0,"ix":4},"sa":{"a":0,"k":0,"ix":5},"nm":"Transform"}],"nm":"Group 4","np":2,"cix":2,"bm":0,"ix":2,"mn":"ADBE Vector Group","hd":false},{"ty":"gr","it":[{"ind":0,"ty":"sh","ix":1,"ks":{"a":1,"k":[{"i":{"x":0.667,"y":1},"o":{"x":0.167,"y":0.167},"t":0,"s":[{"i":[[0,0],[0,0],[0,0],[3.2,16.24],[24.32,9.76],[20.08,-11.52],[2.64,21.12],[0,0],[19.44,5.68],[8.96,-4.88],[0,0],[0,0],[1.68,-84.4],[-103.92,12.96],[0,0],[0,0],[20.24,8.96],[0,0]],"o":[[0,0],[0,0],[0,0],[-3.28,-16.24],[-24.32,-9.76],[-16.4,9.44],[-1.12,-8.88],[0,0],[-19.44,-5.68],[-8.96,4.88],[0,0],[0,0],[-1.68,84.4],[103.92,-12.96],[0,0],[0,0],[-20.24,-8.96],[0,0]],"v":[[0.08,-10.6],[95.04,-51.16],[192.4,-80.36],[235.44,-155.88],[194.08,-235.4],[121.36,-229.64],[83.28,-215.64],[118.88,-258.52],[108.56,-277.72],[43.92,-258.92],[1.68,-233.72],[-155.76,-31.72],[-236.96,133.88],[-81.36,270.44],[98.24,110.36],[-21.92,54.36],[-78.72,128.2],[-73.84,64.12]],"c":true}]},{"i":{"x":0.833,"y":0.833},"o":{"x":0.333,"y":0},"t":17,"s":[{"i":[[0,0],[0,0],[0,0],[3.2,16.24],[24.32,9.76],[20.08,-11.52],[2.64,21.12],[0,0],[19.44,5.68],[8.96,-4.88],[0,0],[39.165,-49.083],[1.68,-84.4],[-103.92,12.96],[0,0],[0,0],[20.24,8.96],[0,0]],"o":[[0,0],[0,0],[0,0],[-3.28,-16.24],[-24.32,-9.76],[-16.4,9.44],[-1.12,-8.88],[0,0],[-19.44,-5.68],[-8.96,4.88],[0,0],[-39.165,49.083],[-1.68,84.4],[103.92,-12.96],[0,0],[0,0],[-20.24,-8.96],[0,0]],"v":[[0.08,-10.6],[95.04,-51.16],[192.4,-80.36],[235.44,-155.88],[194.08,-235.4],[121.36,-229.64],[83.28,-215.64],[118.88,-258.52],[108.56,-277.72],[43.92,-258.92],[1.68,-233.72],[-119.26,-77.22],[-236.96,133.88],[-81.36,270.44],[98.24,110.36],[-21.92,54.36],[-78.72,128.2],[-73.84,64.12]],"c":true}]},{"i":{"x":0,"y":1},"o":{"x":0.167,"y":0.167},"t":34,"s":[{"i":[[-4.958,18.36],[-18.764,27.593],[-4.471,30.804],[12.953,10.305],[23.429,-2.941],[11.217,-20.251],[16.719,7.645],[0,0],[18.493,-8.258],[3.263,-26.145],[4.887,-27.592],[8.261,-69.266],[-11.113,-83.682],[-103.92,12.96],[-3.335,29.68],[44.995,3.32],[6.705,-1.48],[-1.415,17.44]],"o":[[6.757,-25.023],[18.764,-27.593],[4.47,-30.804],[-13.014,-10.253],[-23.429,2.941],[-7.738,13.969],[-8.14,-3.722],[0,0],[-18.493,8.258],[-3.263,26.145],[-4.887,27.592],[-6.506,54.552],[9.535,71.8],[103.92,-12.96],[-29.665,-37.68],[-16.505,29.82],[-6.705,1.48],[1.415,-17.44]],"v":[[-69.967,-15.18],[-34.189,-92.227],[8.104,-167.516],[-2.99,-248.437],[-74.496,-285.261],[-120.687,-249.289],[-149.894,-215.465],[-150.026,-276.443],[-170.322,-284.394],[-196.162,-226.465],[-201.538,-150.412],[-223.686,-5.575],[-221.96,160.88],[-68.36,275.44],[113.24,92.36],[-7.92,39.36],[-63.72,104.7],[-77.34,55.62]],"c":true}]},{"t":66,"s":[{"i":[[-0.444,19.013],[-11.656,31.266],[2.991,30.982],[15.034,6.925],[22.055,-8.435],[6.074,-22.339],[18.058,3.445],[0,0],[15.995,-12.423],[-3.055,-26.17],[-5.689,-40.256],[5.279,-66.433],[-9.792,-83.847],[-103.92,12.96],[-3.335,29.68],[44.995,3.32],[6.705,-1.48],[-1.415,17.44]],"o":[[0.606,-25.912],[11.656,-31.266],[-2.991,-30.982],[-15.081,-6.86],[-22.055,8.435],[-4.19,15.41],[-8.792,-1.677],[0,0],[-15.995,12.423],[3.055,26.17],[5.69,40.262],[-3.239,40.755],[8.035,68.8],[103.92,-12.96],[-29.665,-37.68],[-16.505,29.82],[-6.705,1.48],[1.415,-17.44]],"v":[[-70.634,-33.06],[-54.226,-116.41],[-31.073,-199.603],[-59.612,-284.431],[-141.204,-303.048],[-175.379,-255.364],[-195.943,-208.559],[-212.463,-269.002],[-234.068,-271.893],[-242.75,-208.728],[-224.116,-129.581],[-225.686,-3.075],[-222.96,161.88],[-70.86,277.94],[113.24,92.36],[-7.92,36.86],[-63.72,104.2],[-77.34,55.62]],"c":true}],"h":1},{"i":{"x":0.833,"y":0.833},"o":{"x":0.333,"y":0},"t":97,"s":[{"i":[[-0.444,19.013],[-11.656,31.266],[2.991,30.982],[15.034,6.925],[22.055,-8.435],[6.074,-22.339],[18.058,3.445],[0,0],[15.995,-12.423],[-3.055,-26.17],[-5.689,-40.256],[5.279,-66.433],[-9.792,-83.847],[-103.92,12.96],[-3.335,29.68],[44.995,3.32],[6.705,-1.48],[-1.415,17.44]],"o":[[0.606,-25.912],[11.655,-31.266],[-2.991,-30.982],[-15.081,-6.86],[-22.055,8.435],[-4.19,15.41],[-8.792,-1.677],[0,0],[-15.995,12.423],[3.055,26.17],[5.69,40.262],[-3.239,40.755],[8.035,68.8],[103.92,-12.96],[-29.665,-37.68],[-16.505,29.82],[-6.705,1.48],[1.415,-17.44]],"v":[[-70.634,-33.06],[-54.226,-116.41],[-31.073,-199.603],[-59.612,-284.431],[-141.204,-303.048],[-175.379,-255.364],[-195.943,-208.559],[-212.463,-269.002],[-234.068,-271.893],[-242.75,-208.728],[-224.116,-129.581],[-225.686,-3.075],[-222.96,161.88],[-70.86,277.94],[113.24,92.36],[-7.92,36.86],[-63.72,104.2],[-77.34,55.62]],"c":true}]},{"i":{"x":0.833,"y":0.833},"o":{"x":0.167,"y":0.167},"t":103,"s":[{"i":[[0.927,18.995],[-9.372,32.025],[0.284,31.125],[15.494,5.823],[21.39,-10.002],[4.448,-22.718],[18.259,2.135],[0,0],[15.059,-13.543],[-7.866,-25.147],[-2.415,-10.475],[10.258,-65.848],[-9.792,-83.847],[-103.92,12.96],[-3.335,29.68],[44.995,3.32],[6.705,-1.48],[-1.415,17.44]],"o":[[-1.263,-25.888],[9.372,-32.025],[-0.41,-44.974],[-15.536,-5.755],[-21.39,10.002],[-3.069,15.672],[-8.89,-1.039],[0,0],[-15.059,13.543],[8.875,28.373],[9.134,39.622],[-7.316,46.961],[8.035,68.8],[103.92,-12.96],[-29.665,-37.68],[-16.505,29.82],[-6.705,1.48],[1.415,-17.44]],"v":[[-27.972,-41.385],[-17.614,-125.7],[-0.516,-210.346],[-36.094,-298.896],[-118.815,-311.586],[-148.465,-255.563],[-165.603,-207.397],[-186.435,-266.494],[-208.193,-267.82],[-209.05,-203.693],[-187.511,-150.845],[-211.11,-9.281],[-222.96,152.88],[-70.86,268.94],[113.24,92.36],[-14.92,36.86],[-70.72,95.2],[-77.34,46.62]],"c":true}]},{"i":{"x":0.833,"y":0.833},"o":{"x":0.167,"y":0.167},"t":107,"s":[{"i":[[0.058,1.187],[-0.586,2.002],[0.018,1.945],[3.968,15.589],[24.137,8.525],[19.103,-12.22],[3.616,19.933],[0,0],[19.166,4.479],[7.908,-6.147],[-0.151,-0.655],[0.641,-4.115],[0.963,-84.365],[-103.92,12.96],[-0.208,1.855],[2.812,0.208],[19.394,8.307],[-0.088,1.09]],"o":[[-0.079,-1.618],[0.586,-2.002],[-0.026,-2.811],[-4.046,-15.585],[-24.137,-8.525],[-15.567,9.829],[-1.606,-8.39],[0,0],[-19.166,-4.479],[-7.845,6.348],[0.571,2.476],[-0.457,2.935],[-1.073,83.425],[103.92,-12.96],[-1.854,-2.355],[-1.032,1.864],[-19.394,-8.308],[0.088,-1.09]],"v":[[-1.673,-12.524],[87.999,-55.819],[180.343,-88.484],[218.469,-164.819],[174.524,-240.162],[104.496,-231.26],[67.725,-215.125],[99.798,-259.018],[88.763,-277.101],[28.109,-255.468],[-10.144,-228.54],[-159.219,-30.318],[-236.085,135.068],[-80.704,270.971],[99.178,109.235],[-21.67,52.016],[-78.408,125.513],[-74.059,63.026]],"c":true}]},{"i":{"x":0.667,"y":1},"o":{"x":0.167,"y":0.167},"t":112,"s":[{"i":[[0,0],[0,0],[0,0],[2.812,16.312],[24.08,10.337],[20.333,-11.067],[2.159,21.175],[0,0],[19.299,6.142],[9.074,-4.665],[0,0],[0,0],[3.692,-84.336],[-104.199,10.478],[0,0],[0,0],[20.021,9.44],[0,0]],"o":[[0,0],[0,0],[0,0],[-2.892,-16.314],[-24.08,-10.337],[-16.621,9.046],[-0.908,-8.904],[0,0],[-19.299,-6.142],[-9.074,4.665],[0,0],[0,0],[-3.692,84.336],[104.199,-10.478],[0,0],[0,0],[-20.021,-9.44],[0,0]],"v":[[2.39,-11.705],[98.29,-49.989],[196.319,-76.859],[241.147,-151.331],[201.696,-231.815],[128.859,-227.791],[90.456,-214.703],[127.068,-256.722],[117.209,-276.162],[52.139,-258.909],[9.31,-234.724],[-152.902,-36.536],[-238.029,127.081],[-85.73,267.313],[98.24,110.36],[-21.92,54.36],[-79.698,125.176],[-73.291,61.231]],"c":true}]},{"t":123,"s":[{"i":[[0,0],[0,0],[0,0],[3.2,16.24],[24.32,9.76],[20.08,-11.52],[2.64,21.12],[0,0],[19.44,5.68],[8.96,-4.88],[0,0],[0,0],[1.68,-84.4],[-103.92,12.96],[0,0],[0,0],[20.24,8.96],[0,0]],"o":[[0,0],[0,0],[0,0],[-3.28,-16.24],[-24.32,-9.76],[-16.4,9.44],[-1.12,-8.88],[0,0],[-19.44,-5.68],[-8.96,4.88],[0,0],[0,0],[-1.68,84.4],[103.92,-12.96],[0,0],[0,0],[-20.24,-8.96],[0,0]],"v":[[0.08,-10.6],[95.04,-51.16],[192.4,-80.36],[235.44,-155.88],[194.08,-235.4],[121.36,-229.64],[83.28,-215.64],[118.88,-258.52],[108.56,-277.72],[43.92,-258.92],[1.68,-233.72],[-155.76,-31.72],[-236.96,133.88],[-81.36,270.44],[98.24,110.36],[-21.92,54.36],[-78.72,128.2],[-73.84,64.12]],"c":true}]}],"ix":2},"nm":"Path 1","mn":"ADBE Vector Shape - Group","hd":false},{"ty":"fl","c":{"a":0,"k":[0.722000002394,0.532999973671,0.352999997606,1],"ix":4},"o":{"a":0,"k":100,"ix":5},"r":1,"bm":0,"nm":"Fill 1","mn":"ADBE Vector Graphic - Fill","hd":false},{"ty":"tr","p":{"a":0,"k":[238.89,295.73],"ix":2},"a":{"a":0,"k":[0,0],"ix":1},"s":{"a":0,"k":[100,100],"ix":3},"r":{"a":0,"k":0,"ix":6},"o":{"a":0,"k":100,"ix":7},"sk":{"a":0,"k":0,"ix":4},"sa":{"a":0,"k":0,"ix":5},"nm":"Transform"}],"nm":"Group 6","np":2,"cix":2,"bm":0,"ix":3,"mn":"ADBE Vector Group","hd":false}],"ip":0,"op":143,"st":0,"bm":0},{"ddd":0,"ind":4,"ty":3,"nm":"Null face","parent":1,"sr":1,"ks":{"o":{"a":0,"k":0,"ix":11},"r":{"a":0,"k":0,"ix":10},"p":{"s":true,"x":{"a":1,"k":[{"i":{"x":[0.5],"y":[1]},"o":{"x":[0.5],"y":[0]},"t":21,"s":[0]},{"t":31,"s":[38],"h":1},{"i":{"x":[0.5],"y":[1]},"o":{"x":[0.5],"y":[0]},"t":60,"s":[38]},{"t":71,"s":[-22],"h":1},{"i":{"x":[0.5],"y":[1]},"o":{"x":[0.5],"y":[0]},"t":97,"s":[-22]},{"t":112,"s":[0]}],"ix":3},"y":{"a":1,"k":[{"i":{"x":[0.667],"y":[1]},"o":{"x":[0.333],"y":[0]},"t":18,"s":[0]},{"i":{"x":[0.331],"y":[1]},"o":{"x":[0.563],"y":[0]},"t":24,"s":[-8]},{"i":{"x":[0.667],"y":[1]},"o":{"x":[0.333],"y":[0]},"t":33,"s":[8]},{"i":{"x":[0.833],"y":[1]},"o":{"x":[0.333],"y":[0]},"t":44,"s":[0]},{"i":{"x":[0.667],"y":[1]},"o":{"x":[0.167],"y":[0.167]},"t":98,"s":[0]},{"i":{"x":[0.833],"y":[0.833]},"o":{"x":[0.333],"y":[0]},"t":102,"s":[21]},{"i":{"x":[0],"y":[1]},"o":{"x":[0.167],"y":[0.167]},"t":108,"s":[-4]},{"t":123,"s":[0]}],"ix":4}},"a":{"a":0,"k":[0,0,0],"ix":1,"l":2},"s":{"a":0,"k":[100,100,100],"ix":6,"l":2}},"ao":0,"ip":0,"op":143,"st":0,"bm":0},{"ddd":0,"ind":5,"ty":4,"nm":"eyes ","parent":4,"sr":1,"ks":{"o":{"a":0,"k":100,"ix":11},"r":{"a":0,"k":0,"ix":10},"p":{"s":true,"x":{"a":1,"k":[{"i":{"x":[0.5],"y":[1]},"o":{"x":[0.5],"y":[0]},"t":21,"s":[-0.877]},{"t":31,"s":[17.123],"h":1},{"i":{"x":[0.5],"y":[1]},"o":{"x":[0.5],"y":[0]},"t":60,"s":[17.123]},{"t":71,"s":[-23.877],"h":1},{"i":{"x":[0.5],"y":[1]},"o":{"x":[0.5],"y":[0]},"t":97,"s":[-23.877]},{"t":112,"s":[-0.877]}],"ix":3},"y":{"a":0,"k":-45.04,"ix":4}},"a":{"a":0,"k":[152.37,57.53,0],"ix":1,"l":2},"s":{"a":0,"k":[100,100,100],"ix":6,"l":2}},"ao":0,"shapes":[{"ty":"gr","it":[{"ind":0,"ty":"sh","ix":1,"ks":{"a":0,"k":{"i":[[0.8,-31.68],[22.64,1.68],[-2,26.96],[-28.64,-2.72]],"o":[[-1.04,40.96],[-22.64,-1.68],[2,-27.04],[22.64,2.16]],"v":[[43,0.08],[-6.04,52.48],[-41.8,-1.52],[6.92,-51.44]],"c":true},"ix":2},"nm":"Path 1","mn":"ADBE Vector Shape - Group","hd":false},{"ty":"fl","c":{"a":0,"k":[0.224000010771,0.20800000359,0.19199999641,1],"ix":4},"o":{"a":0,"k":100,"ix":5},"r":1,"bm":0,"nm":"Fill 1","mn":"ADBE Vector Graphic - Fill","hd":false},{"ty":"tr","p":{"a":0,"k":[260.69,54.41],"ix":2},"a":{"a":0,"k":[0,0],"ix":1},"s":{"a":0,"k":[100,100],"ix":3},"r":{"a":0,"k":0,"ix":6},"o":{"a":0,"k":100,"ix":7},"sk":{"a":0,"k":0,"ix":4},"sa":{"a":0,"k":0,"ix":5},"nm":"Transform"}],"nm":"Group 1","np":2,"cix":2,"bm":0,"ix":1,"mn":"ADBE Vector Group","hd":false},{"ty":"gr","it":[{"ind":0,"ty":"sh","ix":1,"ks":{"a":0,"k":{"i":[[-3.44,-33.76],[23.92,-2.4],[2.96,28.8],[-30.4,2.4]],"o":[[3.6,35.6],[-23.92,2.4],[-2.96,-28.8],[24,-1.92]],"v":[[44,-8.56],[4,53.28],[-44.64,5.52],[-5.28,-53.76]],"c":true},"ix":2},"nm":"Path 1","mn":"ADBE Vector Shape - Group","hd":false},{"ty":"fl","c":{"a":0,"k":[0.224000010771,0.20800000359,0.19199999641,1],"ix":4},"o":{"a":0,"k":100,"ix":5},"r":1,"bm":0,"nm":"Fill 1","mn":"ADBE Vector Graphic - Fill","hd":false},{"ty":"tr","p":{"a":0,"k":[47.85,59.13],"ix":2},"a":{"a":0,"k":[0,0],"ix":1},"s":{"a":0,"k":[100,100],"ix":3},"r":{"a":0,"k":0,"ix":6},"o":{"a":0,"k":100,"ix":7},"sk":{"a":0,"k":0,"ix":4},"sa":{"a":0,"k":0,"ix":5},"nm":"Transform"}],"nm":"Group 2","np":2,"cix":2,"bm":0,"ix":2,"mn":"ADBE Vector Group","hd":false}],"ip":0,"op":143,"st":0,"bm":0},{"ddd":0,"ind":6,"ty":4,"nm":"mouth ","parent":4,"sr":1,"ks":{"o":{"a":0,"k":100,"ix":11},"r":{"a":0,"k":0,"ix":10},"p":{"s":true,"x":{"a":1,"k":[{"i":{"x":[0.5],"y":[1]},"o":{"x":[0.5],"y":[0]},"t":21,"s":[-0.019]},{"t":31,"s":[10.981],"h":1},{"i":{"x":[0.5],"y":[1]},"o":{"x":[0.5],"y":[0]},"t":60,"s":[10.981]},{"t":71,"s":[-19.269],"h":1},{"i":{"x":[0.5],"y":[1]},"o":{"x":[0.5],"y":[0]},"t":97,"s":[-19.269]},{"t":112,"s":[-0.019]}],"ix":3},"y":{"a":0,"k":143.76,"ix":4}},"a":{"a":0,"k":[152.97,56.73,0],"ix":1,"l":2},"s":{"a":0,"k":[100,100,100],"ix":6,"l":2}},"ao":0,"shapes":[{"ty":"gr","it":[{"ind":0,"ty":"sh","ix":1,"ks":{"a":1,"k":[{"i":{"x":0.667,"y":1},"o":{"x":0.167,"y":0.167},"t":0,"s":[{"i":[[-82.72,-0.96],[1.12,-21.921],[96.16,0.8],[1.2,29.68]],"o":[[132.72,1.6],[-1.6,30.88],[-100.64,-0.881],[-1.2,-29.2]],"v":[[-2.64,-55.52],[151.6,-11.28],[1.04,55.68],[-151.52,-9.28]],"c":true}]},{"i":{"x":0.833,"y":0.833},"o":{"x":1,"y":0},"t":21,"s":[{"i":[[-82.72,-0.96],[1.12,-21.921],[96.16,0.8],[1.2,29.68]],"o":[[132.72,1.6],[-1.6,30.88],[-100.64,-0.881],[-1.2,-29.2]],"v":[[-2.64,-55.52],[151.6,-11.28],[1.04,55.68],[-151.52,-9.28]],"c":true}]},{"i":{"x":0.833,"y":0.833},"o":{"x":0.167,"y":0.167},"t":29,"s":[{"i":[[-69.383,-0.879],[0.941,-19.924],[80.657,0.734],[1.008,26.976]],"o":[[111.323,1.454],[-1.342,28.067],[-84.415,-0.801],[-1.007,-26.54]],"v":[[-2.214,-55.611],[127.159,-15.401],[0.872,45.46],[-127.091,-13.583]],"c":true}]},{"i":{"x":0,"y":1},"o":{"x":0.167,"y":0.167},"t":30,"s":[{"i":[[-26.949,-0.558],[0.37,-12.267],[31.328,0.471],[0.397,16.61]],"o":[[43.24,0.895],[-0.521,17.281],[-32.789,-0.493],[-0.391,-16.341]],"v":[[-0.86,-55.709],[49.392,-30.951],[0.339,6.521],[-49.365,-29.832]],"c":true}]},{"i":{"x":0.667,"y":1},"o":{"x":0.333,"y":0},"t":41,"s":[{"i":[[-18.017,-0.318],[0.247,-6.981],[20.944,0.268],[0.266,9.452]],"o":[[28.908,0.51],[-0.349,9.834],[-21.921,-0.281],[-0.261,-9.299]],"v":[[-0.574,-55.193],[33.021,-41.103],[0.228,-19.778],[-33.002,-40.466]],"c":true}]},{"i":{"x":0.833,"y":0.833},"o":{"x":0.333,"y":0},"t":98,"s":[{"i":[[-18.017,-0.318],[0.247,-6.981],[20.944,0.268],[0.266,9.452]],"o":[[28.908,0.51],[-0.349,9.834],[-21.921,-0.281],[-0.261,-9.299]],"v":[[-0.574,-55.193],[33.021,-41.103],[0.228,-19.778],[-33.002,-40.466]],"c":true}]},{"i":{"x":0,"y":1},"o":{"x":0.167,"y":0.167},"t":102,"s":[{"i":[[-56.07,-0.973],[0.77,-21.389],[65.18,0.821],[0.827,28.96]],"o":[[89.962,1.561],[-1.085,30.131],[-68.217,-0.86],[-0.813,-28.492]],"v":[[-1.789,-55.543],[102.76,-12.376],[0.705,52.959],[-102.705,-10.425]],"c":true}]},{"t":116,"s":[{"i":[[-82.72,-0.96],[1.12,-21.921],[96.16,0.8],[1.2,29.68]],"o":[[132.72,1.6],[-1.6,30.88],[-100.64,-0.881],[-1.2,-29.2]],"v":[[-2.64,-55.52],[151.6,-11.28],[1.04,55.68],[-151.52,-9.28]],"c":true}]}],"ix":2},"nm":"Path 1","mn":"ADBE Vector Shape - Group","hd":false},{"ty":"fl","c":{"a":0,"k":[1,0.419999994016,0.090000002992,1],"ix":4},"o":{"a":0,"k":100,"ix":5},"r":1,"bm":0,"nm":"Fill 1","mn":"ADBE Vector Graphic - Fill","hd":false},{"ty":"tr","p":{"a":0,"k":[152.97,56.73],"ix":2},"a":{"a":0,"k":[0,0],"ix":1},"s":{"a":0,"k":[100,100],"ix":3},"r":{"a":0,"k":0,"ix":6},"o":{"a":0,"k":100,"ix":7},"sk":{"a":0,"k":0,"ix":4},"sa":{"a":0,"k":0,"ix":5},"nm":"Transform"}],"nm":"Group 1","np":2,"cix":2,"bm":0,"ix":1,"mn":"ADBE Vector Group","hd":false}],"ip":0,"op":143,"st":0,"bm":0},{"ddd":0,"ind":7,"ty":4,"nm":"nose","parent":4,"sr":1,"ks":{"o":{"a":0,"k":100,"ix":11},"r":{"a":0,"k":0,"ix":10},"p":{"s":true,"x":{"a":1,"k":[{"i":{"x":[0.5],"y":[1]},"o":{"x":[0.5],"y":[0]},"t":21,"s":[0.883]},{"t":31,"s":[24.883],"h":1},{"i":{"x":[0.5],"y":[1]},"o":{"x":[0.5],"y":[0]},"t":60,"s":[24.883]},{"t":71,"s":[-23.117],"h":1},{"i":{"x":[0.5],"y":[1]},"o":{"x":[0.5],"y":[0]},"t":97,"s":[-23.117]},{"t":112,"s":[0.883]}],"ix":3},"y":{"a":0,"k":4.16,"ix":4}},"a":{"a":0,"k":[261.93,251.93,0],"ix":1,"l":2},"s":{"a":0,"k":[100,100,100],"ix":6,"l":2}},"ao":0,"shapes":[{"ty":"gr","it":[{"ind":0,"ty":"sh","ix":1,"ks":{"a":0,"k":{"i":[[-30.48,-0.64],[1.04,-15.52],[19.44,-0.32],[1.52,14.241]],"o":[[31.04,0.64],[-0.64,9.76],[-16.4,0.32],[-1.68,-16.16]],"v":[[0.2,-22.56],[41.56,-6.4],[1.4,23.12],[-40.92,-7.28]],"c":true},"ix":2},"nm":"Path 1","mn":"ADBE Vector Shape - Group","hd":false},{"ty":"fl","c":{"a":0,"k":[0.224000010771,0.20800000359,0.19199999641,1],"ix":4},"o":{"a":0,"k":100,"ix":5},"r":1,"bm":0,"nm":"Fill 1","mn":"ADBE Vector Graphic - Fill","hd":false},{"ty":"tr","p":{"a":0,"k":[260.77,290.25],"ix":2},"a":{"a":0,"k":[0,0],"ix":1},"s":{"a":0,"k":[100,100],"ix":3},"r":{"a":0,"k":0,"ix":6},"o":{"a":0,"k":100,"ix":7},"sk":{"a":0,"k":0,"ix":4},"sa":{"a":0,"k":0,"ix":5},"nm":"Transform"}],"nm":"Group 1","np":2,"cix":2,"bm":0,"ix":1,"mn":"ADBE Vector Group","hd":false}],"ip":0,"op":143,"st":0,"bm":0},{"ddd":0,"ind":8,"ty":4,"nm":"face","parent":4,"sr":1,"ks":{"o":{"a":0,"k":100,"ix":11},"r":{"a":0,"k":0,"ix":10},"p":{"s":true,"x":{"a":0,"k":0,"ix":3},"y":{"a":0,"k":24.298,"ix":4}},"a":{"a":0,"k":[262.495,272.068,0],"ix":1,"l":2},"s":{"a":0,"k":[100,100,100],"ix":6,"l":2}},"ao":0,"shapes":[{"ty":"gr","it":[{"ind":0,"ty":"sh","ix":1,"ks":{"a":0,"k":{"i":[[-63.36,1.92],[-71.68,-65.52],[-1.68,-56.8],[37.2,-71.44],[102.24,1.84],[21.92,64.96],[2.48,48.64],[-67.44,48.96]],"o":[[59.68,-1.84],[65.76,60.08],[1.36,47.04],[-30,57.6],[-131.52,-2.4],[-21.36,-63.28],[-2.4,-48.72],[91.68,-66.56]],"v":[[-0.08,-163.2],[195.92,-181.44],[211.36,-8.96],[221.92,143.6],[11.2,249.84],[-229.52,133.84],[-207.44,-13.04],[-194.24,-185.12]],"c":true},"ix":2},"nm":"Path 1","mn":"ADBE Vector Shape - Group","hd":false},{"ty":"fl","c":{"a":0,"k":[1,0.804000016755,0.532999973671,1],"ix":4},"o":{"a":0,"k":100,"ix":5},"r":1,"bm":0,"nm":"Fill 1","mn":"ADBE Vector Graphic - Fill","hd":false},{"ty":"tr","p":{"a":0,"k":[261.93,251.93],"ix":2},"a":{"a":0,"k":[0,0],"ix":1},"s":{"a":0,"k":[100,100],"ix":3},"r":{"a":0,"k":0,"ix":6},"o":{"a":0,"k":100,"ix":7},"sk":{"a":0,"k":0,"ix":4},"sa":{"a":0,"k":0,"ix":5},"nm":"Transform"}],"nm":"Group 2","np":2,"cix":2,"bm":0,"ix":1,"mn":"ADBE Vector Group","hd":false}],"ip":0,"op":143,"st":0,"bm":0},{"ddd":0,"ind":9,"ty":4,"nm":"head ","parent":1,"sr":1,"ks":{"o":{"a":0,"k":100,"ix":11},"r":{"a":0,"k":0,"ix":10},"p":{"a":0,"k":[-1.151,-20.04,0],"ix":2,"l":2},"a":{"a":0,"k":[445.57,350.771,0],"ix":1,"l":2},"s":{"a":0,"k":[100,100,100],"ix":6,"l":2}},"ao":0,"shapes":[{"ty":"gr","it":[{"ind":0,"ty":"sh","ix":1,"ks":{"a":0,"k":{"i":[[-2.32,1.6],[1.52,-66.56],[7.28,4.879],[-0.64,36.159]],"o":[[4.32,-2.88],[-1.6,71.44],[-3.76,-2.56],[0.64,-33.44]],"v":[[-32.96,-72.8],[36,1.04],[-33.76,70.8],[-31.36,-0.64]],"c":true},"ix":2},"nm":"Path 1","mn":"ADBE Vector Shape - Group","hd":false},{"ty":"fl","c":{"a":0,"k":[1,0.804000016755,0.532999973671,1],"ix":4},"o":{"a":0,"k":100,"ix":5},"r":1,"bm":0,"nm":"Fill 1","mn":"ADBE Vector Graphic - Fill","hd":false},{"ty":"tr","p":{"a":0,"k":[810.57,386.73],"ix":2},"a":{"a":0,"k":[0,0],"ix":1},"s":{"a":0,"k":[100,100],"ix":3},"r":{"a":0,"k":0,"ix":6},"o":{"a":0,"k":100,"ix":7},"sk":{"a":0,"k":0,"ix":4},"sa":{"a":0,"k":0,"ix":5},"nm":"Transform"}],"nm":"Group 1","np":2,"cix":2,"bm":0,"ix":1,"mn":"ADBE Vector Group","hd":false},{"ty":"gr","it":[{"ind":0,"ty":"sh","ix":1,"ks":{"a":0,"k":{"i":[[-6.48,2.399],[2,35.12],[0.88,1.36],[0,-65.679]],"o":[[2.88,-1.04],[-1.84,-33.04],[-3.28,-4.88],[0,65.681]],"v":[[33.88,70.641],[29.8,-1.599],[28.2,-68.159],[-36.76,-4.88]],"c":true},"ix":2},"nm":"Path 1","mn":"ADBE Vector Shape - Group","hd":false},{"ty":"fl","c":{"a":0,"k":[1,0.804000016755,0.532999973671,1],"ix":4},"o":{"a":0,"k":100,"ix":5},"r":1,"bm":0,"nm":"Fill 1","mn":"ADBE Vector Graphic - Fill","hd":false},{"ty":"tr","p":{"a":0,"k":[78.21,385.37],"ix":2},"a":{"a":0,"k":[0,0],"ix":1},"s":{"a":0,"k":[100,100],"ix":3},"r":{"a":0,"k":0,"ix":6},"o":{"a":0,"k":100,"ix":7},"sk":{"a":0,"k":0,"ix":4},"sa":{"a":0,"k":0,"ix":5},"nm":"Transform"}],"nm":"Group 2","np":2,"cix":2,"bm":0,"ix":2,"mn":"ADBE Vector Group","hd":false},{"ty":"gr","it":[{"ind":0,"ty":"sh","ix":1,"ks":{"a":0,"k":{"i":[[0,0],[4,-108],[-25.92,-3.28]],"o":[[0,0],[-4,108],[25.92,3.2]],"v":[[40.96,-115.64],[-73.44,-10.92],[51.52,115.72]],"c":true},"ix":2},"nm":"Path 1","mn":"ADBE Vector Shape - Group","hd":false},{"ty":"fl","c":{"a":0,"k":[0.713999968884,0.532999973671,0.352999997606,1],"ix":4},"o":{"a":0,"k":100,"ix":5},"r":1,"bm":0,"nm":"Fill 1","mn":"ADBE Vector Graphic - Fill","hd":false},{"ty":"tr","p":{"a":0,"k":[77.69,384.13],"ix":2},"a":{"a":0,"k":[0,0],"ix":1},"s":{"a":0,"k":[100,100],"ix":3},"r":{"a":0,"k":0,"ix":6},"o":{"a":0,"k":100,"ix":7},"sk":{"a":0,"k":0,"ix":4},"sa":{"a":0,"k":0,"ix":5},"nm":"Transform"}],"nm":"Group 3","np":2,"cix":2,"bm":0,"ix":3,"mn":"ADBE Vector Group","hd":false},{"ty":"gr","it":[{"ind":0,"ty":"sh","ix":1,"ks":{"a":0,"k":{"i":[[0,0],[1.6,-107.12],[21.12,0.8]],"o":[[0,0],[-1.6,107.12],[-21.12,-0.8]],"v":[[-45.24,-115.04],[71.64,-3.04],[-52.12,114.24]],"c":true},"ix":2},"nm":"Path 1","mn":"ADBE Vector Shape - Group","hd":false},{"ty":"fl","c":{"a":0,"k":[0.713999968884,0.532999973671,0.352999997606,1],"ix":4},"o":{"a":0,"k":100,"ix":5},"r":1,"bm":0,"nm":"Fill 1","mn":"ADBE Vector Graphic - Fill","hd":false},{"ty":"tr","p":{"a":0,"k":[817.65,380.73],"ix":2},"a":{"a":0,"k":[0,0],"ix":1},"s":{"a":0,"k":[100,100],"ix":3},"r":{"a":0,"k":0,"ix":6},"o":{"a":0,"k":100,"ix":7},"sk":{"a":0,"k":0,"ix":4},"sa":{"a":0,"k":0,"ix":5},"nm":"Transform"}],"nm":"Group 4","np":2,"cix":2,"bm":0,"ix":4,"mn":"ADBE Vector Group","hd":false},{"ty":"gr","it":[{"ind":0,"ty":"sh","ix":1,"ks":{"a":0,"k":{"i":[[0,-186.96],[255.6,2.161],[1.6,198.8],[-232.96,0]],"o":[[0,186.96],[-281.2,-2.4],[-1.52,-186.96],[218.72,-0.08]],"v":[[345.88,-1.081],[3.8,348.359],[-344.36,12.359],[-4.68,-350.44]],"c":true},"ix":2},"nm":"Path 1","mn":"ADBE Vector Shape - Group","hd":false},{"ty":"fl","c":{"a":0,"k":[0.713999968884,0.532999973671,0.352999997606,1],"ix":4},"o":{"a":0,"k":100,"ix":5},"r":1,"bm":0,"nm":"Fill 1","mn":"ADBE Vector Graphic - Fill","hd":false},{"ty":"tr","p":{"a":0,"k":[447.17,350.771],"ix":2},"a":{"a":0,"k":[0,0],"ix":1},"s":{"a":0,"k":[100,100],"ix":3},"r":{"a":0,"k":0,"ix":6},"o":{"a":0,"k":100,"ix":7},"sk":{"a":0,"k":0,"ix":4},"sa":{"a":0,"k":0,"ix":5},"nm":"Transform"}],"nm":"Group 5","np":2,"cix":2,"bm":0,"ix":5,"mn":"ADBE Vector Group","hd":false}],"ip":0,"op":143,"st":0,"bm":0}],"markers":[{"tm":128,"cm":"rest","dr":0}]}