{"v":"5.8.1","fr":60,"ip":0,"op":168,"w":1024,"h":1024,"nm":"emoji_35_plus","ddd":0,"assets":[],"layers":[{"ddd":0,"ind":1,"ty":3,"nm":"Null ALL","sr":1,"ks":{"o":{"a":0,"k":0,"ix":11},"r":{"a":0,"k":0,"ix":10},"p":{"a":0,"k":[512,512,0],"ix":2,"l":2},"a":{"a":0,"k":[0,0,0],"ix":1,"l":2},"s":{"a":1,"k":[{"i":{"x":[0.667,0.667,0.667],"y":[1,1,1]},"o":{"x":[0.333,0.333,0.333],"y":[0,0,0]},"t":0,"s":[100,100,100]},{"i":{"x":[0.739,0.739,0.667],"y":[0.823,0.823,1]},"o":{"x":[0.333,0.333,0.333],"y":[0,0,0]},"t":12,"s":[102,102,100]},{"i":{"x":[0.221,0.221,0.667],"y":[1,1,1]},"o":{"x":[0.113,0.113,0.333],"y":[0.304,0.304,0]},"t":30,"s":[44.989,44.989,100]},{"i":{"x":[0.221,0.221,0.667],"y":[1,1,1]},"o":{"x":[0.333,0.333,0.333],"y":[0,0,0]},"t":40,"s":[37,37,100]},{"i":{"x":[0.72,0.72,0.667],"y":[0.526,0.526,0.569]},"o":{"x":[0.425,0.425,0.333],"y":[0,0,0]},"t":48,"s":[37,37,100]},{"i":{"x":[0.377,0.377,0.667],"y":[1,1,1]},"o":{"x":[0.201,0.201,0.333],"y":[0.569,0.569,0.719]},"t":60,"s":[70.526,70.526,100]},{"i":{"x":[0.667,0.667,0.667],"y":[1,1,1]},"o":{"x":[0.333,0.333,0.333],"y":[0,0,0]},"t":80,"s":[104,104,100]},{"t":98,"s":[100,100,100]}],"ix":6,"l":2}},"ao":0,"ip":0,"op":168,"st":0,"bm":0},{"ddd":0,"ind":2,"ty":4,"nm":"reflection  corners 2","parent":6,"sr":1,"ks":{"o":{"a":0,"k":100,"ix":11},"r":{"a":0,"k":0,"ix":10},"p":{"a":0,"k":[256.49,259.37,0],"ix":2,"l":2},"a":{"a":0,"k":[231.61,233.93,0],"ix":1,"l":2},"s":{"a":0,"k":[100,100,100],"ix":6,"l":2}},"ao":0,"shapes":[{"ty":"gr","it":[{"ind":0,"ty":"sh","ix":1,"ks":{"a":1,"k":[{"i":{"x":0,"y":1},"o":{"x":0.167,"y":0.167},"t":140,"s":[{"i":[[0.06,-3.072],[3.175,-2.395],[2.95,0.39],[0.881,2.367],[-1.53,2.377],[-3.399,0.231]],"o":[[-0.078,4.024],[-2.271,2.165],[-2.176,-0.288],[-0.752,-2.021],[1.343,-2.085],[4.531,-0.308]],"v":[[-39.106,-40.894],[-42.421,-32.684],[-50.75,-30.23],[-55.578,-34.926],[-54.162,-43.226],[-47.421,-46.812]],"c":true}]},{"t":168,"s":[{"i":[[-0.8,-12.8],[17.04,-16.32],[12.8,0.4],[4.154,11.5],[-4.539,9.42],[-25.626,1.74]],"o":[[1.04,16.88],[-17.12,16.32],[-7.285,-0.228],[-5.655,-15.654],[8.116,-16.846],[34.16,-2.32]],"v":[[60.48,-32.68],[1.04,7.72],[-39.76,49.72],[-56.365,29.814],[-52.481,-20.261],[1.84,-47.8]],"c":true}]}],"ix":2},"nm":"Path 1","mn":"ADBE Vector Shape - Group","hd":false},{"ind":1,"ty":"sh","ix":2,"ks":{"a":1,"k":[{"i":{"x":0,"y":1},"o":{"x":0.167,"y":0.167},"t":140,"s":[{"i":[[3.335,-2.948],[-4.735,-3.588],[-2.434,2.445],[0.095,3.296],[4.153,1.729]],"o":[[-5.004,4.424],[4.735,3.588],[2.694,-2.708],[-0.091,-3.141],[-2.519,-1.049]],"v":[[-391.375,320.284],[-390.606,334.571],[-378.477,333.816],[-375.139,326.251],[-380.1,318.946]],"c":true}]},{"t":168,"s":[{"i":[[6.751,-7.441],[-22.96,0],[-35.12,13.44],[-0.8,14.64],[27.679,0.686]],"o":[[-12.72,14],[25.68,0],[35.12,-13.44],[0.625,-12.326],[-25.496,-0.632]],"v":[[-385.92,320.28],[-378.24,417.24],[-325.92,363.64],[-273.6,328.6],[-327.297,309.634]],"c":true}]}],"ix":2},"nm":"Path 2","mn":"ADBE Vector Shape - Group","hd":false},{"ty":"fl","c":{"a":1,"k":[{"i":{"x":[0.667],"y":[1]},"o":{"x":[0.333],"y":[0]},"t":140,"s":[1,0.917647063732,0.588235318661,1]},{"t":168,"s":[0.603999956916,0.603999956916,0.603999956916,1]}],"ix":4},"o":{"a":0,"k":100,"ix":5},"r":1,"bm":0,"nm":"Fill 1","mn":"ADBE Vector Graphic - Fill","hd":false},{"ty":"tr","p":{"a":0,"k":[401.45,50.37],"ix":2},"a":{"a":0,"k":[0,0],"ix":1},"s":{"a":0,"k":[100,100],"ix":3},"r":{"a":0,"k":0,"ix":6},"o":{"a":0,"k":100,"ix":7},"sk":{"a":0,"k":0,"ix":4},"sa":{"a":0,"k":0,"ix":5},"nm":"Transform"}],"nm":"Group 1","np":3,"cix":2,"bm":0,"ix":1,"mn":"ADBE Vector Group","hd":false}],"ip":136,"op":822,"st":0,"bm":0},{"ddd":0,"ind":3,"ty":4,"nm":"reflection  corners","parent":6,"sr":1,"ks":{"o":{"a":0,"k":100,"ix":11},"r":{"a":0,"k":0,"ix":10},"p":{"a":0,"k":[256.49,259.37,0],"ix":2,"l":2},"a":{"a":0,"k":[231.61,233.93,0],"ix":1,"l":2},"s":{"a":0,"k":[100,100,100],"ix":6,"l":2}},"ao":0,"shapes":[{"ty":"gr","it":[{"ind":0,"ty":"sh","ix":1,"ks":{"a":1,"k":[{"i":{"x":0.833,"y":0.833},"o":{"x":0.167,"y":0.167},"t":20,"s":[{"i":[[12.744,-1.82],[-22.2,-1.306],[-13.686,6.495],[23.76,0.356]],"o":[[-33.622,4.8],[22.2,1.306],[24.17,-11.47],[-8.999,-0.135]],"v":[[190.753,311.643],[191.617,340.699],[246.624,329.165],[247.946,311.761]],"c":true}]},{"i":{"x":0.667,"y":1},"o":{"x":0.167,"y":0.167},"t":30,"s":[{"i":[[31.34,-0.431],[-22.2,-1.306],[-35.258,-8.714],[23.506,3.486]],"o":[[-33.96,0.467],[22.2,1.306],[35.258,8.714],[-23.506,-3.486]],"v":[[203.37,312.845],[191.617,340.699],[331.342,326.761],[370.518,312.845]],"c":true}]},{"i":{"x":0.833,"y":1},"o":{"x":0.333,"y":0},"t":48,"s":[{"i":[[31.34,-0.431],[-22.2,-1.306],[-49.414,-38.07],[40.449,6.477]],"o":[[-33.96,0.467],[22.2,1.306],[78.921,60.804],[-23.464,-3.757]],"v":[[256.861,308.115],[256.37,325.158],[429.175,372.032],[441.604,311.493]],"c":true}]},{"i":{"x":0.833,"y":0.833},"o":{"x":0.167,"y":0},"t":60,"s":[{"i":[[31.34,-0.431],[-22.2,-1.306],[-62.008,6.79],[40.449,6.477]],"o":[[-33.96,0.467],[22.2,1.306],[28.819,-3.156],[-23.464,-3.757]],"v":[[205.462,307.582],[204.97,335.968],[356.506,326.658],[384.888,311.502]],"c":true}]},{"t":72,"s":[{"i":[[12.744,-1.82],[-22.2,-1.306],[-13.686,6.495],[23.76,0.356]],"o":[[-33.622,4.8],[22.2,1.306],[24.17,-11.47],[-8.999,-0.135]],"v":[[194.429,312.821],[195.293,341.876],[250.3,330.343],[251.622,312.939]],"c":true}]}],"ix":2},"nm":"Path 3","mn":"ADBE Vector Shape - Group","hd":false},{"ind":1,"ty":"sh","ix":2,"ks":{"a":1,"k":[{"i":{"x":0.833,"y":0.833},"o":{"x":0.167,"y":0.167},"t":20,"s":[{"i":[[1.233,-36.511],[0.345,-20.893],[-6.531,18.873],[1.604,25.558]],"o":[[-0.886,26.22],[-0.345,20.893],[6.531,-18.873],[-1.604,-25.558]],"v":[[-59.38,522.226],[-63.565,588.985],[-42.169,581.05],[-35.235,530.054]],"c":true}]},{"i":{"x":0.667,"y":1},"o":{"x":0.167,"y":0.167},"t":30,"s":[{"i":[[1.233,-36.511],[0.345,-20.893],[-7.721,33.339],[1.93,44.399]],"o":[[-0.886,26.22],[-0.345,20.893],[7.721,-33.339],[-1.93,-44.399]],"v":[[-59.38,522.226],[-63.86,771.641],[-35.254,799.756],[-30.428,560.096]],"c":true}]},{"i":{"x":0.833,"y":1},"o":{"x":0.333,"y":0},"t":48,"s":[{"i":[[1.233,-36.511],[0.345,-20.893],[-7.721,33.339],[1.93,44.399]],"o":[[-0.886,26.22],[-0.345,20.893],[7.721,-33.339],[-1.93,-44.399]],"v":[[-62.195,543.848],[-63.156,793.263],[-7.805,791.648],[6.171,560.096]],"c":true}]},{"i":{"x":0.833,"y":0.833},"o":{"x":0.167,"y":0},"t":60,"s":[{"i":[[1.233,-36.511],[0.345,-20.893],[-7.721,33.339],[1.93,44.399]],"o":[[-0.886,26.22],[-0.345,20.893],[7.721,-33.339],[-1.93,-44.399]],"v":[[-62.195,543.848],[-63.156,793.263],[-43.253,777.469],[-27.505,537.409]],"c":true}]},{"t":72,"s":[{"i":[[1.233,-36.511],[0.345,-20.893],[-6.531,18.873],[1.604,25.558]],"o":[[-0.886,26.22],[-0.345,20.893],[6.531,-18.873],[-1.604,-25.558]],"v":[[-59.955,525.704],[-64.14,592.463],[-42.744,584.527],[-35.81,533.531]],"c":true}]}],"ix":2},"nm":"Path 4","mn":"ADBE Vector Shape - Group","hd":false},{"ty":"fl","c":{"a":1,"k":[{"i":{"x":[0],"y":[1]},"o":{"x":[0.167],"y":[0.213]},"t":64,"s":[0.603999956916,0.603999956916,0.603999956916,1]},{"i":{"x":[0.667],"y":[1]},"o":{"x":[0.333],"y":[0]},"t":70,"s":[1,0.917647063732,0.588235318661,1]},{"i":{"x":[0.667],"y":[1]},"o":{"x":[0.333],"y":[0]},"t":140,"s":[1,0.917647063732,0.588235318661,1]},{"t":168,"s":[0.603999956916,0.603999956916,0.603999956916,1]}],"ix":4},"o":{"a":0,"k":100,"ix":5},"r":1,"bm":0,"nm":"Fill 2","mn":"ADBE Vector Graphic - Fill","hd":false},{"ty":"tr","p":{"a":0,"k":[401.45,50.37],"ix":2},"a":{"a":0,"k":[0,0],"ix":1},"s":{"a":0,"k":[100,100],"ix":3},"r":{"a":0,"k":0,"ix":6},"o":{"a":1,"k":[{"t":0,"s":[0],"h":1},{"t":20,"s":[100],"h":1},{"t":66,"s":[0],"h":1}],"ix":7},"sk":{"a":0,"k":0,"ix":4},"sa":{"a":0,"k":0,"ix":5},"nm":"Transform"}],"nm":"Group 2","np":3,"cix":2,"bm":0,"ix":1,"mn":"ADBE Vector Group","hd":false},{"ty":"gr","it":[{"ind":0,"ty":"sh","ix":1,"ks":{"a":1,"k":[{"i":{"x":0.667,"y":1},"o":{"x":0.333,"y":0},"t":0,"s":[{"i":[[-0.8,-12.8],[17.04,-16.32],[12.8,0.4],[4.154,11.5],[-4.539,9.42],[-25.626,1.74]],"o":[[1.04,16.88],[-17.12,16.32],[-7.285,-0.228],[-5.655,-15.654],[8.116,-16.846],[34.16,-2.32]],"v":[[60.48,-32.68],[1.04,7.72],[-39.76,49.72],[-56.365,29.814],[-52.481,-20.261],[1.84,-47.8]],"c":true}]},{"i":{"x":0.667,"y":1},"o":{"x":0.333,"y":0},"t":12,"s":[{"i":[[3.298,-12.676],[21.731,-10.412],[12.293,4.463],[-2.192,15.535],[-9.806,6.369],[-25.332,-2.273]],"o":[[-4.365,16.711],[-21.809,10.387],[-8.161,-2.963],[1.11,-7.866],[14.69,-9.541],[44.752,4.016]],"v":[[108.467,-34.379],[-1.322,7.966],[-54.284,35.734],[-63.45,4.685],[-43.184,-36.465],[17.129,-45.655]],"c":true}]},{"i":{"x":0.667,"y":1},"o":{"x":0.333,"y":0},"t":30,"s":[{"i":[[-1.293,-10.339],[9.047,-56.863],[23.263,-2.585],[1.13,11.92],[-2.885,28.091],[-34.728,-0.038]],"o":[[1.293,10.339],[-9.047,56.863],[-13.241,1.471],[-0.856,-9.022],[2.242,-21.829],[34.917,0.038]],"v":[[65.261,-36.754],[-10.986,39.494],[-27.786,265.653],[-45.769,250.814],[-48.103,-26.585],[4.856,-45.689]],"c":true}]},{"i":{"x":0.833,"y":1},"o":{"x":0.333,"y":0},"t":48,"s":[{"i":[[-0.588,-10.403],[9.047,-56.863],[23.263,-2.585],[1.13,11.92],[-2.885,28.091],[-104.165,-1.205]],"o":[[2.941,52.022],[-9.047,56.863],[-13.241,1.471],[-0.856,-9.022],[2.242,-21.829],[34.914,0.404]],"v":[[125.791,-34.051],[15.759,17.872],[-33.417,208.896],[-51.399,194.057],[-48.103,-26.585],[61.162,-47.04]],"c":true}]},{"i":{"x":0.833,"y":0.833},"o":{"x":0.167,"y":0},"t":60,"s":[{"i":[[-0.078,-10.419],[46.104,-78.625],[10.697,-7.334],[0.273,9.632],[-2.885,28.091],[-104.165,-1.205]],"o":[[0.765,102.329],[-29.125,49.669],[-10.987,7.534],[-0.257,-9.059],[2.242,-21.829],[34.914,0.404]],"v":[[125.791,-34.051],[76.907,185.186],[-37.453,295.389],[-50.957,291.893],[-48.103,-26.585],[61.162,-47.04]],"c":true}]},{"i":{"x":0.667,"y":1},"o":{"x":0.167,"y":0.167},"t":72,"s":[{"i":[[3.298,-12.676],[21.731,-10.412],[12.293,4.463],[-2.192,15.535],[-9.806,6.369],[-25.332,-2.273]],"o":[[-4.365,16.711],[-21.809,10.387],[-8.161,-2.963],[1.11,-7.866],[14.69,-9.541],[44.752,4.016]],"v":[[108.467,-34.379],[-1.322,7.966],[-54.284,35.734],[-63.45,4.685],[-43.184,-36.465],[17.129,-45.655]],"c":true}]},{"i":{"x":0.833,"y":0.833},"o":{"x":0.333,"y":0},"t":84,"s":[{"i":[[3.298,-12.676],[21.731,-10.412],[11.742,5.76],[-2.192,15.535],[-9.806,6.369],[-25.332,-2.273]],"o":[[-4.365,16.711],[-21.809,10.387],[-14.192,-6.962],[1.11,-7.866],[14.69,-9.541],[44.752,4.016]],"v":[[58.343,-22.585],[3.592,10.915],[-40.524,50.476],[-55.587,9.6],[-35.322,-28.602],[12.215,-41.724]],"c":true}]},{"t":96,"s":[{"i":[[3.298,-12.676],[31.06,-30.496],[11.742,5.76],[-0.087,15.688],[-17.129,13.052],[-25.38,1.658]],"o":[[-4.365,16.711],[-31.06,30.496],[-14.192,-6.962],[0.139,-25.15],[13.933,-10.616],[58.25,-3.806]],"v":[[137.289,-34.577],[6.59,116.842],[-58.512,180.387],[-61.583,40.578],[-25.328,-16.61],[41.195,-44.722]],"c":true}]}],"ix":2},"nm":"Path 1","mn":"ADBE Vector Shape - Group","hd":false},{"ind":1,"ty":"sh","ix":2,"ks":{"a":1,"k":[{"i":{"x":0.667,"y":1},"o":{"x":0.333,"y":0},"t":0,"s":[{"i":[[6.751,-7.441],[-22.96,0],[-35.12,13.44],[-0.8,14.64],[27.679,0.686]],"o":[[-12.72,14],[25.68,0],[35.12,-13.44],[0.625,-12.326],[-25.496,-0.632]],"v":[[-385.92,320.28],[-378.24,417.24],[-325.92,363.64],[-273.6,328.6],[-327.297,309.634]],"c":true}]},{"i":{"x":0.667,"y":1},"o":{"x":0.333,"y":0},"t":12,"s":[{"i":[[6.723,-7.41],[-23.448,0],[-35.867,13.726],[-0.817,14.951],[44.114,-1.658]],"o":[[-12.991,14.298],[26.226,0],[35.867,-13.726],[0.653,-12.877],[-44.114,1.658]],"v":[[-386.076,320.853],[-378.808,396.537],[-325.399,354.491],[-225.399,324.946],[-307.405,307.953]],"c":true}]},{"i":{"x":0.667,"y":1},"o":{"x":0.333,"y":0},"t":30,"s":[{"i":[[2.334,-23.415],[-12.899,5.159],[-29.665,2.58],[34.825,19.347],[33.535,2.58]],"o":[[-6.19,62.086],[12.899,-5.159],[29.665,-2.58],[-34.825,-19.347],[-33.535,-2.58]],"v":[[-389.89,336.583],[-379.572,453.957],[-339.587,372.698],[-200.286,321.105],[-322.819,315.946]],"c":true}]},{"i":{"x":0.833,"y":1},"o":{"x":0.333,"y":0},"t":48,"s":[{"i":[[4.838,-23.029],[-13.801,1.588],[-29.771,0.617],[9.883,38.593],[175.65,-5.408]],"o":[[-4.323,20.577],[19.142,-2.203],[162.857,-3.376],[-5.301,-20.702],[-33.618,1.035]],"v":[[-388.483,331.853],[-378.164,379.633],[-338.179,344.32],[-99.638,320.43],[-309.446,307.162]],"c":true}]},{"i":{"x":0.833,"y":0.833},"o":{"x":0.167,"y":0},"t":60,"s":[{"i":[[4.838,-23.029],[-13.801,1.588],[-92.042,36.159],[-0.673,4.491],[202.932,-1.384]],"o":[[-4.323,20.577],[19.142,-2.203],[83.67,-32.87],[1.23,-8.206],[-33.633,0.229]],"v":[[-388.483,331.853],[-383.071,442.73],[-215.884,396.074],[-65.076,311.922],[-309.446,307.162]],"c":true}]},{"i":{"x":0.667,"y":1},"o":{"x":0.167,"y":0.167},"t":72,"s":[{"i":[[6.723,-7.41],[-23.448,0],[-35.867,13.726],[-0.817,14.951],[44.114,-1.658]],"o":[[-12.991,14.298],[26.226,0],[35.867,-13.726],[0.653,-12.877],[-44.114,1.658]],"v":[[-386.076,320.853],[-378.808,396.537],[-325.399,354.491],[-225.399,324.946],[-307.405,307.953]],"c":true}]},{"i":{"x":0.833,"y":0.833},"o":{"x":0.333,"y":0},"t":84,"s":[{"i":[[6.723,-7.41],[-23.448,0],[-35.867,13.726],[-0.817,14.951],[16.605,2.024]],"o":[[-12.991,14.298],[26.226,0],[35.867,-13.726],[0.653,-12.877],[-16.605,-2.024]],"v":[[-378.213,320.853],[-372.911,412.262],[-319.502,362.354],[-269.626,328.877],[-327.062,311.884]],"c":true}]},{"t":96,"s":[{"i":[[16.974,-22.619],[-23.448,0],[-35.867,13.726],[-0.817,14.951],[30.889,-2.567]],"o":[[-11.595,15.451],[26.226,0],[35.867,-13.726],[0.653,-12.877],[-40.173,3.338]],"v":[[-385.208,344.837],[-380.906,469.223],[-307.51,388.336],[-122.726,316.885],[-317.069,308.887]],"c":true}]}],"ix":2},"nm":"Path 2","mn":"ADBE Vector Shape - Group","hd":false},{"ty":"fl","c":{"a":1,"k":[{"i":{"x":[0],"y":[1]},"o":{"x":[0.167],"y":[0.213]},"t":64,"s":[0.603999956916,0.603999956916,0.603999956916,1]},{"i":{"x":[0.667],"y":[1]},"o":{"x":[0.333],"y":[0]},"t":70,"s":[1,0.917647063732,0.588235318661,1]},{"i":{"x":[0.667],"y":[1]},"o":{"x":[0.333],"y":[0]},"t":140,"s":[1,0.917647063732,0.588235318661,1]},{"t":168,"s":[0.603999956916,0.603999956916,0.603999956916,1]}],"ix":4},"o":{"a":0,"k":100,"ix":5},"r":1,"bm":0,"nm":"Fill 1","mn":"ADBE Vector Graphic - Fill","hd":false},{"ty":"tr","p":{"a":0,"k":[401.45,50.37],"ix":2},"a":{"a":0,"k":[0,0],"ix":1},"s":{"a":0,"k":[100,100],"ix":3},"r":{"a":0,"k":0,"ix":6},"o":{"a":0,"k":100,"ix":7},"sk":{"a":0,"k":0,"ix":4},"sa":{"a":0,"k":0,"ix":5},"nm":"Transform"}],"nm":"Group 1","np":3,"cix":2,"bm":0,"ix":2,"mn":"ADBE Vector Group","hd":false}],"ip":0,"op":98,"st":0,"bm":0},{"ddd":0,"ind":4,"ty":4,"nm":"PLUS matte","parent":6,"td":1,"sr":1,"ks":{"o":{"a":0,"k":100,"ix":11},"r":{"a":0,"k":0,"ix":10},"p":{"s":true,"x":{"a":0,"k":474.45,"ix":3},"y":{"a":0,"k":463.81,"ix":4}},"a":{"a":0,"k":[474.45,463.81,0],"ix":1,"l":2},"s":{"a":0,"k":[100,100,100],"ix":6,"l":2}},"ao":0,"shapes":[{"ty":"gr","it":[{"ind":0,"ty":"sh","ix":1,"ks":{"a":0,"k":{"i":[[14.226,-0.529],[0.64,-21.04],[0,-10.88],[-14,-0.641],[-93.988,-0.026],[-0.72,-30.5],[0,0],[-34.48,-2.56],[-23.6,0],[-1.28,20.4],[-0.032,78.664],[-18.391,0.101],[-12.556,0.066],[-0.64,29.36],[0,15.92],[24.24,-1.28],[27.006,1.15],[-0.28,21],[0,0],[26,-0.24],[13.44,0.32],[-0.16,-19.12],[0.328,-77.614],[16.5,0.092]],"o":[[-19.12,0.72],[-0.64,21.04],[0,10.879],[10.825,0.495],[27.563,0.008],[0.72,30.5],[0,17.199],[34.48,2.56],[23.6,0],[1.059,-16.877],[0.007,-16.42],[82.354,-0.451],[21.68,-0.08],[0.64,-29.36],[0,-15.92],[-19.048,1.006],[-27.006,-1.15],[0.28,-21],[0,-15.28],[-17.84,0.16],[-16.96,-0.4],[0.134,15.427],[-0.065,15.357],[-78.915,-0.438]],"v":[[-420.68,-80.12],[-445.56,-51.4],[-445.56,53.88],[-430.92,81.32],[-145.64,81.953],[-100.36,118.16],[-100.36,391.56],[-53.16,433],[49,434.28],[93,404.92],[94.273,108.16],[123.863,81.718],[417.48,79.96],[445.56,38.52],[444.28,-53.96],[409.8,-78.2],[123.366,-79.351],[91.08,-114.84],[91.08,-410.76],[59.16,-434.52],[-73.88,-435.16],[-98.44,-404.6],[-99.616,-103.344],[-126.142,-78.989]],"c":true},"ix":2},"nm":"Path 1","mn":"ADBE Vector Shape - Group","hd":false},{"ty":"fl","c":{"a":0,"k":[1,0.835294127464,0,1],"ix":4},"o":{"a":0,"k":100,"ix":5},"r":1,"bm":0,"nm":"Fill 1","mn":"ADBE Vector Graphic - Fill","hd":false},{"ty":"tr","p":{"a":0,"k":[474.45,463.81],"ix":2},"a":{"a":0,"k":[0,0],"ix":1},"s":{"a":0,"k":[100,100],"ix":3},"r":{"a":0,"k":0,"ix":6},"o":{"a":0,"k":100,"ix":7},"sk":{"a":0,"k":0,"ix":4},"sa":{"a":0,"k":0,"ix":5},"nm":"Transform"}],"nm":"Group 1","np":2,"cix":2,"bm":0,"ix":1,"mn":"ADBE Vector Group","hd":false}],"ip":0,"op":822,"st":0,"bm":0},{"ddd":0,"ind":5,"ty":4,"nm":"reflection passby","parent":6,"tt":1,"sr":1,"ks":{"o":{"a":0,"k":100,"ix":11},"r":{"a":0,"k":0,"ix":10},"p":{"a":0,"k":[473.008,462.995,0],"ix":2,"l":2},"a":{"a":0,"k":[-1.802,-19.975,0],"ix":1,"l":2},"s":{"a":0,"k":[100,100,100],"ix":6,"l":2}},"ao":0,"shapes":[{"ty":"gr","it":[{"ind":0,"ty":"sh","ix":1,"ks":{"a":1,"k":[{"i":{"x":0.833,"y":0.833},"o":{"x":0.167,"y":0.167},"t":96,"s":[{"i":[[31.379,26.747],[89.691,-69.949],[51.964,-46.195],[-9.845,-6.311],[-114.173,43.042],[-20.083,37.586],[-107.273,94.651]],"o":[[-16.308,-13.901],[-56.159,43.798],[-72.199,64.182],[38.454,24.65],[136.304,-51.385],[23.794,-44.533],[81.623,-72.019]],"v":[[102.25,-475.763],[-93.688,-415.718],[-409.719,-93.709],[-443.844,64.271],[-325.779,-17.644],[-125.41,-125.782],[-37.653,-289.733]],"c":true}]},{"i":{"x":0.833,"y":0.833},"o":{"x":0.167,"y":0.167},"t":116,"s":[{"i":[[35.358,9.787],[31.706,-21.694],[110.618,-55.849],[-12.685,-23.085],[-89.266,52.192],[-55.303,61.527],[-34.275,26.144]],"o":[[-27.243,-2.87],[-31.706,21.694],[-70.426,35.557],[12.685,23.085],[89.266,-52.192],[57.089,-65.07],[34.275,-26.144]],"v":[[192.134,-138.18],[73.706,-85.694],[-244.618,93.849],[-338.685,246.915],[-177.266,222.192],[19.137,25.168],[165.725,-87.856]],"c":true}]},{"i":{"x":0.833,"y":0.833},"o":{"x":0.167,"y":0.167},"t":126,"s":[{"i":[[40,-10],[44,-56],[124,-96],[-2,-30],[-116.462,36.394],[-96.393,89.457],[-6.983,19.952]],"o":[[-40,10],[-44,56],[-76.386,59.137],[2,30],[80.192,-25.06],[95.932,-89.03],[14,-40]],"v":[[466,-130],[360,-4],[0,330],[-216,460],[-4,502],[287.441,296.609],[468,100]],"c":true}]},{"t":134,"s":[{"i":[[40,-10],[44,-56],[124,-96],[-2,-30],[-116.462,36.394],[-96.393,89.457],[-6.983,19.952]],"o":[[-40,10],[-44,56],[-76.386,59.137],[2,30],[80.192,-25.06],[95.932,-89.03],[14,-40]],"v":[[622,46],[516,172],[156,506],[-60,636],[152,678],[443.441,472.609],[624,276]],"c":true}]}],"ix":2},"nm":"Path 1","mn":"ADBE Vector Shape - Group","hd":false},{"ind":1,"ty":"sh","ix":2,"ks":{"a":1,"k":[{"i":{"x":0.833,"y":0.833},"o":{"x":0.167,"y":0.167},"t":96,"s":[{"i":[[68,6],[72,-36],[22,-16],[60,-78],[0,-52],[-46,-30],[-84,50],[-58,46],[-56,44]],"o":[[-68,-6],[-72,36],[-22,16],[-60,78],[0,52],[46,30],[84,-50],[58,-46],[56,-44]],"v":[[-283.624,-891.601],[-561.625,-793.601],[-715.624,-735.601],[-821.624,-591.601],[-929.624,-415.601],[-827.624,-319.601],[-527.624,-395.601],[-267.624,-579.601],[-123.624,-723.601]],"c":true}]},{"i":{"x":0.833,"y":0.833},"o":{"x":0.167,"y":0.167},"t":116,"s":[{"i":[[38.875,-16.83],[62.875,-64.83],[22,-16],[60,-78],[0,-52],[-53.904,10.506],[-74.703,63.052],[-58,46],[-0.875,70.83]],"o":[[-62.645,27.121],[-56.043,57.786],[-22,16],[-60,78],[0,52],[106.875,-20.83],[102.875,-86.83],[58,-46],[0.875,-70.83]],"v":[[55.125,-475.17],[-104.875,-335.17],[-260.875,-209.17],[-366.875,-89.17],[-502.875,92.83],[-340.875,128.83],[-146.875,-7.17],[81.125,-135.17],[111.125,-393.17]],"c":true}]},{"i":{"x":0.833,"y":0.833},"o":{"x":0.167,"y":0.167},"t":126,"s":[{"i":[[68,6],[72,-36],[22,-16],[60,-78],[0,-52],[-46,-30],[-84,50],[-58,46],[-56,44]],"o":[[-68,-6],[-72,36],[-22,16],[-60,78],[0,52],[46,30],[84,-50],[58,-46],[56,-44]],"v":[[264,-310],[-14,-212],[-168,-154],[-274,-10],[-382,166],[-280,262],[20,186],[280,2],[424,-142]],"c":true}]},{"i":{"x":0.833,"y":0.833},"o":{"x":0.167,"y":0.167},"t":134,"s":[{"i":[[68,6],[88,-76],[68,-54],[60,-78],[0,-52],[-46,-30],[-84,50],[-58,46],[-56,44]],"o":[[-68,-6],[-60.923,52.615],[-21.303,16.917],[-60,78],[0,52],[46,30],[84,-50],[58,-46],[56,-44]],"v":[[440,-122],[156,-68],[-30,74],[-160,236],[-244,394],[-142,490],[158,414],[418,230],[562,86]],"c":true}]},{"i":{"x":0.833,"y":0.833},"o":{"x":0.167,"y":0.167},"t":142,"s":[{"i":[[68,6],[44,-34],[110,-132],[98,-44],[0,-52],[-46,-30],[-84,50],[-58,46],[-56,44]],"o":[[-68,-6],[-63.025,48.701],[-38.025,45.63],[-89.774,40.307],[0,52],[46,30],[84,-50],[58,-46],[56,-44]],"v":[[408,-100],[308,8],[86,208],[-96,324],[-244,394],[-142,490],[158,414],[418,230],[562,86]],"c":true}]},{"t":150,"s":[{"i":[[19.616,-65.385],[68,-10],[31.428,-168.927],[116,-2],[0,-52],[-46,-30],[-84,50],[-58,46],[-56,44]],"o":[[-12,40],[-78.802,11.588],[-16,86],[-98.393,1.696],[0,52],[46,30],[84,-50],[58,-46],[56,-44]],"v":[[522,-12],[444,112],[150,338],[-10,440],[-152,484],[-50,580],[250,504],[510,320],[654,176]],"c":true}]}],"ix":2},"nm":"Path 2","mn":"ADBE Vector Shape - Group","hd":false},{"ty":"fl","c":{"a":1,"k":[{"i":{"x":[0.667],"y":[1]},"o":{"x":[0.333],"y":[0]},"t":140,"s":[1,0.917647063732,0.588235318661,1]},{"t":168,"s":[0.603999956916,0.603999956916,0.603999956916,1]}],"ix":4},"o":{"a":0,"k":100,"ix":5},"r":1,"bm":0,"nm":"Fill 1","mn":"ADBE Vector Graphic - Fill","hd":false},{"ty":"tr","p":{"a":0,"k":[0,0],"ix":2},"a":{"a":0,"k":[0,0],"ix":1},"s":{"a":0,"k":[100,100],"ix":3},"r":{"a":0,"k":0,"ix":6},"o":{"a":0,"k":100,"ix":7},"sk":{"a":0,"k":0,"ix":4},"sa":{"a":0,"k":0,"ix":5},"nm":"Transform"}],"nm":"Shape 2","np":4,"cix":2,"bm":0,"ix":1,"mn":"ADBE Vector Group","hd":false}],"ip":96,"op":152,"st":0,"bm":0},{"ddd":0,"ind":6,"ty":4,"nm":"PLUS ","parent":1,"sr":1,"ks":{"o":{"a":0,"k":100,"ix":11},"r":{"a":0,"k":0,"ix":10},"p":{"s":true,"x":{"a":1,"k":[{"i":{"x":[0.833],"y":[0.833]},"o":{"x":[0.167],"y":[0.167]},"t":0,"s":[-0.36]},{"i":{"x":[0.667],"y":[1]},"o":{"x":[0.167],"y":[0.167]},"t":40,"s":[-0.36]},{"i":{"x":[0.833],"y":[0.833]},"o":{"x":[0.333],"y":[0]},"t":48,"s":[21.262]},{"i":{"x":[0.667],"y":[1]},"o":{"x":[0.167],"y":[0.167]},"t":60,"s":[-57.077]},{"t":70,"s":[-0.36]}],"ix":3},"y":{"a":0,"k":-19.16,"ix":4}},"a":{"a":0,"k":[474.45,463.81,0],"ix":1,"l":2},"s":{"a":1,"k":[{"i":{"x":[0.667,0.667,0.667],"y":[1,1,1]},"o":{"x":[0.167,0.167,0.167],"y":[0.167,0,0]},"t":40,"s":[100,100,100]},{"i":{"x":[0.833,0.833,0.833],"y":[0.833,1,1]},"o":{"x":[0.333,0.333,0.333],"y":[0,0,0]},"t":48,"s":[96,100,100]},{"i":{"x":[0.833,0.833,0.833],"y":[0.833,0.833,0.833]},"o":{"x":[0.167,0.167,0.167],"y":[0.167,0.167,0.167]},"t":54,"s":[100,100,100]},{"i":{"x":[0,0,0.667],"y":[1,1,1]},"o":{"x":[0.167,0.167,0.167],"y":[0.167,0,0]},"t":60,"s":[80,100,100]},{"t":70,"s":[100,100,100]}],"ix":6,"l":2}},"ao":0,"shapes":[{"ty":"gr","it":[{"ind":0,"ty":"sh","ix":1,"ks":{"a":0,"k":{"i":[[17.2,-0.64],[0.64,-21.04],[0,-10.88],[-14,-0.641],[0,0],[0,0],[-34.48,-2.56],[-23.6,0],[-1.28,20.4],[0,0],[-15.36,0.08],[-0.64,29.36],[0,15.92],[24.24,-1.28],[0,0],[0,0],[26,-0.24],[13.44,0.32],[-0.16,-19.12],[0,0]],"o":[[-19.12,0.72],[-0.64,21.04],[0,10.879],[14,0.64],[0,0],[0,17.199],[34.48,2.56],[23.6,0],[1.28,-20.4],[0,0],[21.68,-0.08],[0.64,-29.36],[0,-15.92],[-24.24,1.28],[0,0],[0,-15.28],[-17.84,0.16],[-16.96,-0.4],[0.16,18.48],[0,0]],"v":[[-448.68,-104.12],[-473.56,-75.4],[-473.56,73.88],[-458.92,101.32],[-132.36,101.96],[-132.36,419.56],[-85.16,461],[73,462.28],[117,432.92],[118.28,101.88],[445.48,99.96],[473.56,58.52],[472.28,-77.96],[437.8,-102.2],[115.08,-103.48],[115.08,-438.76],[83.16,-462.52],[-105.88,-463.16],[-130.44,-432.6],[-131.72,-102.84]],"c":true},"ix":2},"nm":"Path 1","mn":"ADBE Vector Shape - Group","hd":false},{"ty":"fl","c":{"a":1,"k":[{"i":{"x":[0.833],"y":[0.833]},"o":{"x":[0.167],"y":[0.167]},"t":0,"s":[0.380000005984,0.383999992819,0.4,1]},{"i":{"x":[0],"y":[1]},"o":{"x":[0.167],"y":[0.233]},"t":64,"s":[0.380000005984,0.383999992819,0.4,1]},{"i":{"x":[0.667],"y":[1]},"o":{"x":[0.333],"y":[0]},"t":70,"s":[1,0.835294127464,0,1]},{"i":{"x":[0.667],"y":[1]},"o":{"x":[0.333],"y":[0]},"t":140,"s":[1,0.835294127464,0,1]},{"t":168,"s":[0.380000005984,0.383999992819,0.4,1]}],"ix":4},"o":{"a":0,"k":100,"ix":5},"r":1,"bm":0,"nm":"Fill 1","mn":"ADBE Vector Graphic - Fill","hd":false},{"ty":"tr","p":{"a":0,"k":[474.45,463.81],"ix":2},"a":{"a":0,"k":[0,0],"ix":1},"s":{"a":0,"k":[100,100],"ix":3},"r":{"a":0,"k":0,"ix":6},"o":{"a":0,"k":100,"ix":7},"sk":{"a":0,"k":0,"ix":4},"sa":{"a":0,"k":0,"ix":5},"nm":"Transform"}],"nm":"Group 1","np":2,"cix":2,"bm":0,"ix":1,"mn":"ADBE Vector Group","hd":false}],"ip":0,"op":822,"st":0,"bm":0},{"ddd":0,"ind":7,"ty":4,"nm":"bevel","parent":6,"sr":1,"ks":{"o":{"a":0,"k":100,"ix":11},"r":{"a":0,"k":0,"ix":10},"p":{"s":true,"x":{"a":1,"k":[{"i":{"x":[0.833],"y":[0.833]},"o":{"x":[0.167],"y":[0.167]},"t":0,"s":[474.45]},{"i":{"x":[0.667],"y":[1]},"o":{"x":[0.167],"y":[0.167]},"t":40,"s":[474.45]},{"i":{"x":[0.833],"y":[0.833]},"o":{"x":[0.297],"y":[0]},"t":48,"s":[446.297]},{"i":{"x":[0.833],"y":[0.833]},"o":{"x":[0.167],"y":[0.167]},"t":54,"s":[477.382]},{"i":{"x":[0],"y":[1]},"o":{"x":[0.167],"y":[0.167]},"t":60,"s":[616.242]},{"t":70,"s":[474.45]}],"ix":3},"y":{"a":1,"k":[{"i":{"x":[0.833],"y":[0.833]},"o":{"x":[0.167],"y":[0.167]},"t":0,"s":[498.81]},{"i":{"x":[0.833],"y":[0.833]},"o":{"x":[0.167],"y":[0.167]},"t":40,"s":[498.81]},{"i":{"x":[0],"y":[1]},"o":{"x":[0.167],"y":[0]},"t":60,"s":[498.81]},{"t":70,"s":[498.81]}],"ix":4}},"a":{"a":0,"k":[0.087,0.195,0],"ix":1,"l":2},"s":{"a":0,"k":[100,100,100],"ix":6,"l":2}},"ao":0,"shapes":[{"ty":"gr","it":[{"ind":0,"ty":"sh","ix":1,"ks":{"a":1,"k":[{"i":{"x":0.667,"y":1},"o":{"x":0.167,"y":0.167},"t":40,"s":[{"i":[[0,6.773],[24.24,-1.28],[0,0],[0,15.28],[26,-0.24],[13.44,0.32],[-0.16,-19.12],[0,0],[17.2,-0.64],[0.64,-21.04],[-0.24,-5.52],[-11.68,0.24],[-62.746,-0.72],[0.054,-6],[-33.84,0],[-14,0.64],[-0.64,15.92],[0.778,135.789],[-11.441,-0.606],[-0.64,11.44]],"o":[[0,-15.92],[-24.24,1.28],[0,0],[0,-15.28],[-17.84,0.16],[-16.96,-0.4],[0.16,18.48],[0,0],[-19.12,0.72],[-0.222,7.285],[0.4,10.72],[10.207,-0.28],[-0.077,130.627],[-0.16,16.88],[33.84,0],[14,-0.64],[0.417,-10.384],[31.215,0.002],[12.08,0.64],[0.64,-11.52]],"v":[[-1.419,-546.85],[-35.899,-571.09],[-358.619,-572.37],[-358.619,-907.65],[-390.539,-931.41],[-579.579,-932.05],[-604.139,-901.49],[-605.419,-571.73],[-922.379,-573.01],[-947.259,-544.29],[-946.619,-380.05],[-928.619,-364.69],[-606.203,-361.414],[-606.459,-26.13],[-568.459,4.83],[-383.499,3.55],[-357.739,-20.61],[-359.145,-363.81],[-21.259,-363.17],[-2.139,-378.45]],"c":true}]},{"i":{"x":0.833,"y":0.833},"o":{"x":0.333,"y":0},"t":48,"s":[{"i":[[0,6.773],[24.24,-1.28],[0,0],[0,15.28],[26,-0.24],[13.44,0.32],[-0.16,-19.12],[0,0],[17.2,-0.64],[0.64,-21.04],[-0.24,-5.52],[-11.68,0.24],[-62.746,-0.72],[-0.089,-5.999],[-33.84,0],[-14,0.64],[0.059,15.933],[0.778,135.789],[-11.441,-0.606],[-0.64,11.44]],"o":[[0,-15.92],[-24.24,1.28],[0,0],[0,-15.28],[-17.84,0.16],[-16.96,-0.4],[0.16,18.48],[0,0],[-19.12,0.72],[-0.222,7.285],[0.4,10.72],[10.207,-0.28],[-0.077,130.627],[0.373,25.053],[33.84,0],[14,-0.64],[-0.117,-31.818],[31.215,0.002],[12.08,0.64],[0.64,-11.52]],"v":[[-1.419,-546.85],[-35.899,-571.09],[-358.619,-572.37],[-358.619,-907.65],[-390.539,-931.41],[-561.983,-958.401],[-604.151,-912.977],[-605.419,-571.73],[-903.376,-600.037],[-946.923,-555.777],[-946.619,-380.05],[-928.619,-364.69],[-606.203,-361.414],[-606.68,-48.765],[-561.069,5.035],[-390.537,3.826],[-329.586,-58.448],[-359.145,-363.81],[-26.186,-363.398],[24.607,-414.936]],"c":true}]},{"i":{"x":0.833,"y":0.833},"o":{"x":0.167,"y":0.167},"t":51,"s":[{"i":[[0,6.773],[24.24,-1.28],[0,0],[0,15.28],[26,-0.24],[13.44,0.32],[-0.16,-19.12],[0,0],[17.2,-0.64],[0.64,-21.04],[-0.24,-5.52],[-11.68,0.24],[-62.746,-0.72],[-0.037,-5.999],[-33.84,0],[-14,0.64],[-0.195,15.928],[0.778,135.789],[-11.441,-0.606],[-0.64,11.44]],"o":[[0,-15.92],[-24.24,1.28],[0,0],[0,-15.28],[-17.84,0.16],[-16.96,-0.4],[0.16,18.48],[0,0],[-19.12,0.72],[-0.222,7.285],[0.4,10.72],[10.207,-0.28],[-0.077,130.627],[0.18,22.087],[33.84,0],[14,-0.64],[0.077,-24.039],[31.215,0.002],[12.08,0.64],[0.64,-11.52]],"v":[[-1.419,-546.85],[-35.899,-571.09],[-358.619,-572.37],[-358.619,-907.65],[-390.539,-931.41],[-569.025,-959.061],[-604.147,-908.808],[-605.419,-571.73],[-913.551,-600.451],[-947.045,-551.608],[-946.619,-380.05],[-928.619,-364.69],[-606.203,-361.414],[-606.6,-40.55],[-563.751,4.961],[-387.983,3.726],[-339.804,-44.715],[-359.145,-363.81],[-24.398,-363.315],[14.9,-401.694]],"c":true}]},{"i":{"x":0.833,"y":0.833},"o":{"x":0.167,"y":0.167},"t":54,"s":[{"i":[[0,6.773],[24.24,-1.28],[0,0],[0,15.28],[26,-0.24],[13.44,0.32],[-0.16,-19.12],[0,0],[17.2,-0.64],[0.64,-21.04],[-0.24,-5.52],[-11.68,0.24],[-62.746,-0.72],[0.054,-6],[-33.84,0],[-14,0.64],[-0.64,15.92],[0.778,135.789],[-11.441,-0.606],[-0.64,11.44]],"o":[[0,-15.92],[-24.24,1.28],[0,0],[0,-15.28],[-17.84,0.16],[-16.96,-0.4],[0.16,18.48],[0,0],[-19.12,0.72],[-0.222,7.285],[0.4,10.72],[10.207,-0.28],[-0.077,130.627],[-0.16,16.88],[33.84,0],[14,-0.64],[0.417,-10.384],[31.215,0.002],[12.08,0.64],[0.64,-11.52]],"v":[[-1.154,-574.166],[-35.634,-598.406],[-358.354,-599.686],[-358.81,-933.873],[-390.73,-957.633],[-580.019,-954.995],[-604.579,-924.435],[-605.86,-594.675],[-922.82,-595.955],[-947.699,-567.235],[-946.619,-380.05],[-928.619,-364.69],[-606.203,-361.414],[-606.459,-26.13],[-568.459,4.83],[-383.499,3.55],[-357.739,-20.61],[-359.145,-363.81],[-21.259,-363.17],[-2.139,-378.45]],"c":true}]},{"i":{"x":0,"y":1},"o":{"x":0.167,"y":0.167},"t":60,"s":[{"i":[[0,6.773],[24.24,-1.28],[0,0],[0,15.28],[26,-0.24],[13.44,0.32],[-0.16,-19.12],[0,0],[17.2,-0.64],[0.64,-21.04],[-0.24,-5.52],[-11.68,0.24],[-62.746,-0.72],[-34.059,-16.607],[-33.84,0],[-14,0.64],[-0.64,15.92],[0.778,135.789],[-11.441,-0.606],[-0.64,11.44]],"o":[[0,-15.92],[-24.24,1.28],[0,0],[0,-15.28],[-17.84,0.16],[-16.96,-0.4],[0.16,18.48],[0,0],[-19.12,0.72],[-0.222,7.285],[0.4,10.72],[10.207,-0.28],[-0.077,130.627],[20.85,10.166],[33.84,0],[14,-0.64],[0.417,-10.384],[31.215,0.002],[12.08,0.64],[0.64,-11.52]],"v":[[-1.419,-546.85],[-168.829,-600.157],[-358.619,-572.37],[-358.619,-907.65],[-524.355,-960.477],[-579.579,-932.05],[-604.139,-901.49],[-605.419,-571.73],[-922.379,-573.01],[-1083.733,-544.052],[-1084.866,-403.446],[-928.619,-364.69],[-746.223,-361.211],[-722.551,-42.436],[-568.459,4.83],[-383.499,3.55],[-357.739,-20.61],[-359.145,-363.81],[-21.259,-363.17],[-2.139,-378.45]],"c":true}]},{"i":{"x":0.667,"y":1},"o":{"x":0.167,"y":0},"t":70,"s":[{"i":[[0,6.773],[24.24,-1.28],[0,0],[0,15.28],[26,-0.24],[13.44,0.32],[-0.16,-19.12],[0,0],[17.2,-0.64],[0.64,-21.04],[-0.24,-5.52],[-11.68,0.24],[-62.746,-0.72],[0.054,-6],[-33.84,0],[-14,0.64],[-0.64,15.92],[0.778,135.789],[-11.441,-0.606],[-0.64,11.44]],"o":[[0,-15.92],[-24.24,1.28],[0,0],[0,-15.28],[-17.84,0.16],[-16.96,-0.4],[0.16,18.48],[0,0],[-19.12,0.72],[-0.222,7.285],[0.4,10.72],[10.207,-0.28],[-0.077,130.627],[-0.16,16.88],[33.84,0],[14,-0.64],[0.417,-10.384],[31.215,0.002],[12.08,0.64],[0.64,-11.52]],"v":[[-1.419,-546.85],[-20.577,-597.648],[-358.619,-572.37],[-358.392,-933.817],[-390.312,-957.577],[-579.579,-932.05],[-604.139,-901.49],[-605.419,-571.73],[-922.379,-573.01],[-947.259,-544.29],[-946.619,-380.05],[-928.619,-364.69],[-606.203,-361.414],[-606.459,-26.13],[-568.459,4.83],[-383.499,3.55],[-357.739,-20.61],[-359.145,-363.81],[-21.259,-363.17],[-2.139,-378.45]],"c":true}]},{"t":78,"s":[{"i":[[0,6.773],[24.24,-1.28],[0,0],[0,15.28],[26,-0.24],[13.44,0.32],[-0.16,-19.12],[0,0],[17.2,-0.64],[0.64,-21.04],[-0.24,-5.52],[-11.68,0.24],[-62.746,-0.72],[0.054,-6],[-33.84,0],[-14,0.64],[-0.64,15.92],[0.778,135.789],[-11.441,-0.606],[-0.64,11.44]],"o":[[0,-15.92],[-24.24,1.28],[0,0],[0,-15.28],[-17.84,0.16],[-16.96,-0.4],[0.16,18.48],[0,0],[-19.12,0.72],[-0.222,7.285],[0.4,10.72],[10.207,-0.28],[-0.077,130.627],[-0.16,16.88],[33.84,0],[14,-0.64],[0.417,-10.384],[31.215,0.002],[12.08,0.64],[0.64,-11.52]],"v":[[-1.419,-546.85],[-35.899,-571.09],[-358.619,-572.37],[-358.619,-907.65],[-390.539,-931.41],[-579.579,-932.05],[-604.139,-901.49],[-605.419,-571.73],[-922.379,-573.01],[-947.259,-544.29],[-946.619,-380.05],[-928.619,-364.69],[-606.203,-361.414],[-606.459,-26.13],[-568.459,4.83],[-383.499,3.55],[-357.739,-20.61],[-359.145,-363.81],[-21.259,-363.17],[-2.139,-378.45]],"c":true}]}],"ix":2},"nm":"Path 1","mn":"ADBE Vector Shape - Group","hd":false},{"ty":"fl","c":{"a":1,"k":[{"i":{"x":[0.833],"y":[0.833]},"o":{"x":[0.167],"y":[0.167]},"t":0,"s":[0.274509803922,0.298039215686,0.309803921569,1]},{"i":{"x":[0],"y":[1]},"o":{"x":[0.167],"y":[0.197]},"t":64,"s":[0.274509803922,0.298039215686,0.309803921569,1]},{"i":{"x":[0.667],"y":[1]},"o":{"x":[0.333],"y":[0]},"t":70,"s":[0.831372559071,0.623529434204,0.172549024224,1]},{"i":{"x":[0.667],"y":[1]},"o":{"x":[0.333],"y":[0]},"t":140,"s":[0.831372559071,0.623529434204,0.172549024224,1]},{"t":168,"s":[0.274509803922,0.298039215686,0.309803921569,1]}],"ix":4},"o":{"a":0,"k":100,"ix":5},"r":1,"bm":0,"nm":"Fill 1","mn":"ADBE Vector Graphic - Fill","hd":false},{"ty":"tr","p":{"a":0,"k":[474.45,463.81],"ix":2},"a":{"a":0,"k":[0,0],"ix":1},"s":{"a":0,"k":[100,100],"ix":3},"r":{"a":0,"k":0,"ix":6},"o":{"a":0,"k":100,"ix":7},"sk":{"a":0,"k":0,"ix":4},"sa":{"a":0,"k":0,"ix":5},"nm":"Transform"}],"nm":"Group 1","np":2,"cix":2,"bm":0,"ix":1,"mn":"ADBE Vector Group","hd":false}],"ip":0,"op":822,"st":0,"bm":0}],"markers":[{"tm":0,"cm":"rest","dr":0}]}