{"v":"5.8.1","fr":60,"ip":0,"op":108,"w":1024,"h":1024,"nm":"emoji_Scorpion","ddd":0,"assets":[],"layers":[{"ddd":0,"ind":1,"ty":4,"nm":"closed eyes","parent":3,"sr":1,"ks":{"o":{"a":0,"k":100,"ix":11},"r":{"a":1,"k":[{"i":{"x":[0.539],"y":[1]},"o":{"x":[0.488],"y":[0]},"t":18,"s":[0]},{"i":{"x":[0.52],"y":[1]},"o":{"x":[0.51],"y":[0]},"t":34,"s":[3]},{"i":{"x":[0.539],"y":[1]},"o":{"x":[0.488],"y":[0]},"t":48,"s":[0]},{"i":{"x":[0.833],"y":[1]},"o":{"x":[0.643],"y":[0]},"t":64,"s":[3]},{"t":72,"s":[0]}],"ix":10},"p":{"a":1,"k":[{"i":{"x":0.539,"y":1},"o":{"x":0.488,"y":0},"t":18,"s":[417.422,525.606,0],"to":[0,0,0],"ti":[0,0,0]},{"i":{"x":0.52,"y":1},"o":{"x":0.51,"y":0},"t":34,"s":[505.422,535.606,0],"to":[0,0,0],"ti":[0,0,0]},{"i":{"x":0.539,"y":1},"o":{"x":0.488,"y":0},"t":48,"s":[414.422,524.606,0],"to":[0,0,0],"ti":[0,0,0]},{"i":{"x":0.667,"y":0.591},"o":{"x":0.746,"y":0},"t":64,"s":[505.422,535.606,0],"to":[0,0,0],"ti":[0,0,0]},{"i":{"x":0.667,"y":1},"o":{"x":0.333,"y":0.263},"t":70,"s":[484.11,540.043,0],"to":[0,0,0],"ti":[0,0,0]},{"t":72,"s":[473.422,543.606,0]}],"ix":2,"l":2},"a":{"a":0,"k":[512,512,0],"ix":1,"l":2},"s":{"a":0,"k":[100,100,100],"ix":6,"l":2}},"ao":0,"shapes":[{"ty":"gr","it":[{"ind":0,"ty":"sh","ix":1,"ks":{"a":0,"k":{"i":[[0,0],[16.118,4.785],[2.671,-13.025]],"o":[[4.93,-14.429],[-19.642,-5.851],[0,0]],"v":[[24.346,21.622],[6.001,-15.771],[-29.276,5.922]],"c":false},"ix":2},"nm":"Path 1","mn":"ADBE Vector Shape - Group","hd":false},{"ty":"st","c":{"a":0,"k":[0.216000007181,0.176000004189,0.169000004787,1],"ix":3},"o":{"a":0,"k":100,"ix":4},"w":{"a":0,"k":16,"ix":5},"lc":2,"lj":1,"ml":10,"bm":0,"nm":"Stroke 1","mn":"ADBE Vector Graphic - Stroke","hd":false},{"ty":"tr","p":{"a":0,"k":[545.357,585.942],"ix":2},"a":{"a":0,"k":[0,0],"ix":1},"s":{"a":0,"k":[100,100],"ix":3},"r":{"a":0,"k":0,"ix":6},"o":{"a":0,"k":100,"ix":7},"sk":{"a":0,"k":0,"ix":4},"sa":{"a":0,"k":0,"ix":5},"nm":"Transform"}],"nm":"Group 1","np":2,"cix":2,"bm":0,"ix":1,"mn":"ADBE Vector Group","hd":false},{"ty":"gr","it":[{"ind":0,"ty":"sh","ix":1,"ks":{"a":0,"k":{"i":[[0,0],[19.988,6.436],[4.547,-15.186]],"o":[[2.61,-12.462],[-14.353,-4.581],[0,0]],"v":[[25.007,19.507],[5.327,-14.926],[-27.617,2.161]],"c":false},"ix":2},"nm":"Path 1","mn":"ADBE Vector Shape - Group","hd":false},{"ty":"st","c":{"a":0,"k":[0.216000007181,0.176000004189,0.169000004787,1],"ix":3},"o":{"a":0,"k":100,"ix":4},"w":{"a":0,"k":16,"ix":5},"lc":2,"lj":1,"ml":10,"bm":0,"nm":"Stroke 1","mn":"ADBE Vector Graphic - Stroke","hd":false},{"ty":"tr","p":{"a":0,"k":[439.782,558.742],"ix":2},"a":{"a":0,"k":[0,0],"ix":1},"s":{"a":0,"k":[100,100],"ix":3},"r":{"a":0,"k":0,"ix":6},"o":{"a":0,"k":100,"ix":7},"sk":{"a":0,"k":0,"ix":4},"sa":{"a":0,"k":0,"ix":5},"nm":"Transform"}],"nm":"Group 2","np":2,"cix":2,"bm":0,"ix":2,"mn":"ADBE Vector Group","hd":false}],"ip":18,"op":74,"st":0,"bm":0},{"ddd":0,"ind":2,"ty":4,"nm":"tail","parent":3,"sr":1,"ks":{"o":{"a":0,"k":100,"ix":11},"r":{"a":1,"k":[{"i":{"x":[0.667],"y":[1]},"o":{"x":[0.167],"y":[0]},"t":60,"s":[0]},{"i":{"x":[0.667],"y":[1]},"o":{"x":[0.333],"y":[0]},"t":68,"s":[2]},{"i":{"x":[0.833],"y":[1]},"o":{"x":[0.333],"y":[0]},"t":78,"s":[-3]},{"i":{"x":[0.833],"y":[1]},"o":{"x":[0.167],"y":[0]},"t":88,"s":[1]},{"t":100,"s":[0]}],"ix":10},"p":{"a":0,"k":[581.45,289.01,0],"ix":2,"l":2},"a":{"a":0,"k":[581.278,288.405,0],"ix":1,"l":2},"s":{"a":0,"k":[100,100,100],"ix":6,"l":2}},"ao":0,"shapes":[{"ty":"gr","it":[{"ind":0,"ty":"sh","ix":1,"ks":{"a":1,"k":[{"i":{"x":0.553,"y":1},"o":{"x":0.333,"y":0},"t":0,"s":[{"i":[[-4.4,4.64],[27.44,17.68],[6,-8.4],[-2.24,1.68],[-15.84,-8.48],[-4,0]],"o":[[4.4,-4.64],[-32.08,-20.64],[-6,8.4],[7.44,-5.44],[28.24,15.04],[4,0]],"v":[[43.48,34.16],[18.44,-19.52],[-38.04,-14.72],[-45.64,-1.92],[5,-0.08],[32.04,40.16]],"c":true}]},{"i":{"x":0.539,"y":1},"o":{"x":0.488,"y":0},"t":18,"s":[{"i":[[-4.556,4.487],[26.819,18.607],[6.284,-8.19],[-2.296,1.603],[-15.541,-9.016],[-3.998,-0.136]],"o":[[4.556,-4.487],[-31.357,-21.724],[-6.283,8.191],[7.621,-5.183],[27.71,15.996],[3.997,0.137]],"v":[[-33.235,33.895],[-56.426,-20.609],[-113.038,-17.742],[-121.07,-5.209],[-70.523,-1.64],[-44.873,39.5]],"c":true}]},{"i":{"x":0.52,"y":1},"o":{"x":0.51,"y":0},"t":34,"s":[{"i":[[-4.669,4.369],[26.334,19.289],[6.491,-8.026],[-2.336,1.543],[-15.305,-9.412],[-3.993,-0.239]],"o":[[4.67,-4.369],[-30.789,-22.521],[-6.492,8.026],[7.752,-4.986],[27.29,16.701],[3.993,0.239]],"v":[[128.099,33.591],[106.313,-21.49],[49.647,-20.075],[41.295,-7.752],[91.735,-2.888],[116.321,38.896]],"c":true}]},{"i":{"x":0.539,"y":1},"o":{"x":0.488,"y":0},"t":48,"s":[{"i":[[-4.556,4.487],[26.819,18.607],[6.284,-8.19],[-2.296,1.603],[-15.541,-9.016],[-3.998,-0.136]],"o":[[4.556,-4.487],[-31.357,-21.724],[-6.283,8.191],[7.621,-5.183],[27.71,15.996],[3.997,0.137]],"v":[[-33.235,33.895],[-56.426,-20.609],[-113.038,-17.742],[-121.07,-5.209],[-70.523,-1.64],[-44.873,39.5]],"c":true}]},{"i":{"x":0.667,"y":1},"o":{"x":0.581,"y":0},"t":64,"s":[{"i":[[-4.669,4.369],[26.334,19.289],[6.491,-8.026],[-2.336,1.543],[-15.305,-9.412],[-3.993,-0.239]],"o":[[4.67,-4.369],[-30.789,-22.521],[-6.492,8.026],[7.752,-4.986],[27.29,16.701],[3.993,0.239]],"v":[[128.099,33.591],[106.313,-21.49],[49.647,-20.075],[41.295,-7.752],[91.735,-2.888],[116.321,38.896]],"c":true}]},{"i":{"x":0.667,"y":1},"o":{"x":0.333,"y":0},"t":74,"s":[{"i":[[-4.739,4.293],[26.02,19.71],[6.62,-7.921],[-2.361,1.506],[-15.152,-9.656],[-3.989,-0.303]],"o":[[4.739,-4.293],[-30.422,-23.014],[-6.62,7.92],[7.831,-4.86],[27.018,17.139],[3.988,0.303]],"v":[[41.32,33.355],[20.423,-22.069],[-36.258,-21.566],[-44.807,-9.38],[5.548,-3.705],[29.458,38.47]],"c":true}]},{"t":82,"s":[{"i":[[-4.4,4.64],[27.44,17.68],[6,-8.4],[-2.24,1.68],[-15.84,-8.48],[-4,0]],"o":[[4.4,-4.64],[-32.08,-20.64],[-6,8.4],[7.44,-5.44],[28.24,15.04],[4,0]],"v":[[43.48,34.16],[18.44,-19.52],[-38.04,-14.72],[-45.64,-1.92],[5,-0.08],[32.04,40.16]],"c":true}]}],"ix":2},"nm":"Path 1","mn":"ADBE Vector Shape - Group","hd":false},{"ty":"fl","c":{"a":0,"k":[0.702000038297,0.513999968884,0.328999986836,1],"ix":4},"o":{"a":0,"k":100,"ix":5},"r":1,"bm":0,"nm":"Fill 1","mn":"ADBE Vector Graphic - Fill","hd":false},{"ty":"tr","p":{"a":0,"k":[391.81,102.57],"ix":2},"a":{"a":0,"k":[0,0],"ix":1},"s":{"a":0,"k":[100,100],"ix":3},"r":{"a":0,"k":0,"ix":6},"o":{"a":0,"k":100,"ix":7},"sk":{"a":0,"k":0,"ix":4},"sa":{"a":0,"k":0,"ix":5},"nm":"Transform"}],"nm":"Group 3","np":2,"cix":2,"bm":0,"ix":3,"mn":"ADBE Vector Group","hd":false},{"ty":"gr","it":[{"ind":0,"ty":"sh","ix":1,"ks":{"a":1,"k":[{"i":{"x":0.553,"y":1},"o":{"x":0.333,"y":0},"t":0,"s":[{"i":[[-15.2,2],[6,-26],[4.4,-3.36],[0.88,3.68],[-5.2,20.8]],"o":[[14.32,-1.92],[-7.84,34],[-5.2,4],[-2,-8.4],[5.2,-20.8]],"v":[[6.12,-46.2],[19.32,-5.8],[-8.92,39.64],[-23.32,44.44],[-7.72,3]],"c":true}]},{"i":{"x":0.539,"y":1},"o":{"x":0.488,"y":0},"t":18,"s":[{"i":[[-14.779,4.078],[2.356,-26.579],[3.894,-3.935],[1.379,3.523],[-2.281,21.318]],"o":[[13.918,-3.877],[-3.074,34.757],[-4.598,4.679],[-3.14,-8.044],[2.281,-21.319]],"v":[[-72.308,-45.739],[-53.661,-7.547],[-75.362,41.356],[-86.052,41.033],[-79.228,4.901]],"c":true}]},{"i":{"x":0.52,"y":1},"o":{"x":0.51,"y":0},"t":34,"s":[{"i":[[-15.292,1.088],[7.544,-25.595],[4.593,-3.092],[0.659,3.726],[-6.434,20.452]],"o":[[14.409,-1.061],[-9.858,33.47],[-5.429,3.681],[-1.494,-8.505],[6.434,-20.452]],"v":[[97.507,-42.431],[108.268,-1.314],[77.362,42.357],[62.701,46.287],[80.751,5.854]],"c":true}]},{"i":{"x":0.539,"y":1},"o":{"x":0.488,"y":0},"t":48,"s":[{"i":[[-14.779,4.078],[2.356,-26.579],[3.894,-3.935],[1.379,3.523],[-2.281,21.318]],"o":[[13.918,-3.877],[-3.074,34.757],[-4.598,4.679],[-3.14,-8.044],[2.281,-21.319]],"v":[[-72.308,-45.739],[-53.661,-7.547],[-75.362,41.356],[-86.052,41.033],[-79.228,4.901]],"c":true}]},{"i":{"x":0.667,"y":1},"o":{"x":0.581,"y":0},"t":64,"s":[{"i":[[-15.292,1.088],[7.544,-25.595],[4.593,-3.092],[0.659,3.726],[-6.434,20.452]],"o":[[14.409,-1.061],[-9.858,33.47],[-5.429,3.681],[-1.494,-8.505],[6.434,-20.452]],"v":[[97.507,-42.431],[108.268,-1.314],[77.362,42.357],[62.701,46.287],[80.751,5.854]],"c":true}]},{"i":{"x":0.667,"y":1},"o":{"x":0.333,"y":0},"t":74,"s":[{"i":[[-15.308,0.842],[7.955,-25.47],[4.642,-3.016],[0.598,3.736],[-6.763,20.345]],"o":[[14.424,-0.828],[-10.396,33.307],[-5.488,3.594],[-1.357,-8.527],[6.762,-20.346]],"v":[[12.503,-41.432],[22.601,-0.147],[-9.004,43.02],[-23.726,46.714],[-5.028,6.577]],"c":true}]},{"t":82,"s":[{"i":[[-15.2,2],[6,-26],[4.4,-3.36],[0.88,3.68],[-5.2,20.8]],"o":[[14.32,-1.92],[-7.84,34],[-5.2,4],[-2,-8.4],[5.2,-20.8]],"v":[[6.12,-46.2],[19.32,-5.8],[-8.92,39.64],[-23.32,44.44],[-7.72,3]],"c":true}]}],"ix":2},"nm":"Path 1","mn":"ADBE Vector Shape - Group","hd":false},{"ty":"fl","c":{"a":0,"k":[0.702000038297,0.513999968884,0.328999986836,1],"ix":4},"o":{"a":0,"k":100,"ix":5},"r":1,"bm":0,"nm":"Fill 1","mn":"ADBE Vector Graphic - Fill","hd":false},{"ty":"tr","p":{"a":0,"k":[498.29,67.65],"ix":2},"a":{"a":0,"k":[0,0],"ix":1},"s":{"a":0,"k":[100,100],"ix":3},"r":{"a":0,"k":0,"ix":6},"o":{"a":0,"k":100,"ix":7},"sk":{"a":0,"k":0,"ix":4},"sa":{"a":0,"k":0,"ix":5},"nm":"Transform"}],"nm":"Group 4","np":2,"cix":2,"bm":0,"ix":4,"mn":"ADBE Vector Group","hd":false},{"ty":"gr","it":[{"ind":0,"ty":"sh","ix":1,"ks":{"a":1,"k":[{"i":{"x":0.553,"y":1},"o":{"x":0.333,"y":0},"t":0,"s":[{"i":[[-3.76,1.12],[-8.56,8.72],[-2.08,8.64],[8.88,3.84],[6.4,-13.92],[1.2,-5.68]],"o":[[6,-1.76],[10.32,-10.48],[2.08,-8.64],[-15.28,-6.72],[-6.48,13.84],[-1.04,5.28]],"v":[[-17.68,40.6],[4.8,23.64],[24.32,-11.56],[16.24,-35.48],[-4.88,1.72],[-25.36,36.92]],"c":true}]},{"i":{"x":0.539,"y":1},"o":{"x":0.488,"y":0},"t":18,"s":[{"i":[[-3.57,1.628],[-7.275,9.817],[-0.869,8.845],[9.325,2.578],[4.418,-14.67],[0.405,-5.792]],"o":[[5.7,-2.571],[8.776,-11.804],[0.868,-8.844],[-16.061,-4.548],[-4.509,14.601],[-0.302,5.373]],"v":[[-81.387,29.617],[-61.462,9.718],[-46.984,-27.839],[-58.287,-50.415],[-74.073,-10.657],[-89.501,27.032]],"c":true}]},{"i":{"x":0.52,"y":1},"o":{"x":0.51,"y":0},"t":34,"s":[{"i":[[-3.895,0.471],[-9.906,7.155],[-3.505,8.167],[8.108,5.28],[8.652,-12.645],[2.139,-5.397]],"o":[[6.211,-0.725],[11.936,-8.594],[3.504,-8.167],[-13.931,-9.195],[-8.716,12.552],[-1.914,5.03]],"v":[[58.721,53.579],[83.735,40.644],[108.9,9.232],[104.96,-15.708],[77.881,17.409],[51.77,48.659]],"c":true}]},{"i":{"x":0.539,"y":1},"o":{"x":0.488,"y":0},"t":48,"s":[{"i":[[-3.57,1.628],[-7.275,9.817],[-0.869,8.845],[9.325,2.578],[4.418,-14.67],[0.405,-5.792]],"o":[[5.7,-2.571],[8.776,-11.804],[0.868,-8.844],[-16.061,-4.548],[-4.509,14.601],[-0.302,5.373]],"v":[[-81.387,29.617],[-61.462,9.718],[-46.984,-27.839],[-58.287,-50.415],[-74.073,-10.657],[-89.501,27.032]],"c":true}]},{"i":{"x":0.667,"y":1},"o":{"x":0.581,"y":0},"t":64,"s":[{"i":[[-3.895,0.471],[-9.906,7.155],[-3.505,8.167],[8.108,5.28],[8.652,-12.645],[2.139,-5.397]],"o":[[6.211,-0.725],[11.936,-8.594],[3.504,-8.167],[-13.931,-9.195],[-8.716,12.552],[-1.914,5.03]],"v":[[58.721,53.579],[83.735,40.644],[108.9,9.232],[104.96,-15.708],[77.881,17.409],[51.77,48.659]],"c":true}]},{"i":{"x":0.667,"y":1},"o":{"x":0.333,"y":0},"t":74,"s":[{"i":[[-3.834,0.832],[-9.196,8.045],[-2.73,8.457],[8.563,4.502],[7.437,-13.395],[1.627,-5.572]],"o":[[6.116,-1.3],[11.085,-9.668],[2.729,-8.458],[-14.726,-7.86],[-7.511,13.309],[-1.437,5.186]],"v":[[-20.001,50.749],[3.7,35.543],[25.834,1.925],[19.591,-22.539],[-4.289,12.952],[-27.38,46.497]],"c":true}]},{"t":82,"s":[{"i":[[-3.76,1.12],[-8.56,8.72],[-2.08,8.64],[8.88,3.84],[6.4,-13.92],[1.2,-5.68]],"o":[[6,-1.76],[10.32,-10.48],[2.08,-8.64],[-15.28,-6.72],[-6.48,13.84],[-1.04,5.28]],"v":[[-17.68,40.6],[4.8,23.64],[24.32,-11.56],[16.24,-35.48],[-4.88,1.72],[-25.36,36.92]],"c":true}]}],"ix":2},"nm":"Path 1","mn":"ADBE Vector Shape - Group","hd":false},{"ty":"fl","c":{"a":0,"k":[0.702000038297,0.513999968884,0.328999986836,1],"ix":4},"o":{"a":0,"k":100,"ix":5},"r":1,"bm":0,"nm":"Fill 1","mn":"ADBE Vector Graphic - Fill","hd":false},{"ty":"tr","p":{"a":0,"k":[597.29,92.77],"ix":2},"a":{"a":0,"k":[0,0],"ix":1},"s":{"a":0,"k":[100,100],"ix":3},"r":{"a":0,"k":0,"ix":6},"o":{"a":0,"k":100,"ix":7},"sk":{"a":0,"k":0,"ix":4},"sa":{"a":0,"k":0,"ix":5},"nm":"Transform"}],"nm":"Group 5","np":2,"cix":2,"bm":0,"ix":5,"mn":"ADBE Vector Group","hd":false},{"ty":"gr","it":[{"ind":0,"ty":"sh","ix":1,"ks":{"a":1,"k":[{"i":{"x":0.553,"y":1},"o":{"x":0.333,"y":0},"t":0,"s":[{"i":[[0,0],[-11.28,0.08],[-2.56,-16.64],[16.16,1.92],[5.84,4.64]],"o":[[0,0],[11.28,-0.08],[2.16,14.24],[-17.92,-2.16],[-5.68,-4.56]],"v":[[-44.52,-14.08],[-8.2,-10.08],[42.36,-1.52],[2.52,16.24],[-37.88,2]],"c":true}]},{"i":{"x":0.539,"y":1},"o":{"x":0.488,"y":0},"t":18,"s":[{"i":[[0,0],[-11.273,0.404],[-3.037,-16.56],[16.208,1.455],[5.971,4.47]],"o":[[0,0],[11.273,-0.405],[2.569,14.172],[-17.975,-1.643],[-5.809,-4.395]],"v":[[-111.03,-27.099],[-74.61,-24.145],[-23.825,-17.043],[-63.137,1.855],[-103.93,-11.217]],"c":true}]},{"i":{"x":0.52,"y":1},"o":{"x":0.51,"y":0},"t":34,"s":[{"i":[[0,0],[-11.133,-1.819],[0.277,-16.834],[15.606,4.612],[4.976,5.557]],"o":[[0,0],[11.133,1.82],[-0.267,14.4],[-17.301,-5.145],[-4.831,-5.45]],"v":[[25.643,-2.524],[60.772,7.531],[109.17,24.478],[66.91,35.28],[29.482,14.444]],"c":true}]},{"i":{"x":0.539,"y":1},"o":{"x":0.488,"y":0},"t":48,"s":[{"i":[[0,0],[-11.273,0.404],[-3.037,-16.56],[16.208,1.455],[5.971,4.47]],"o":[[0,0],[11.273,-0.405],[2.569,14.172],[-17.975,-1.643],[-5.809,-4.395]],"v":[[-111.03,-27.099],[-74.61,-24.145],[-23.825,-17.043],[-63.137,1.855],[-103.93,-11.217]],"c":true}]},{"i":{"x":0.667,"y":1},"o":{"x":0.581,"y":0},"t":64,"s":[{"i":[[0,0],[-11.133,-1.819],[0.277,-16.834],[15.606,4.612],[4.976,5.557]],"o":[[0,0],[11.133,1.82],[-0.267,14.4],[-17.301,-5.145],[-4.831,-5.45]],"v":[[25.643,-2.524],[60.772,7.531],[109.17,24.478],[66.91,35.28],[29.482,14.444]],"c":true}]},{"i":{"x":0.667,"y":1},"o":{"x":0.333,"y":0},"t":74,"s":[{"i":[[0,0],[-11.28,0.08],[-2.56,-16.64],[16.16,1.92],[5.84,4.64]],"o":[[0,0],[11.28,-0.08],[2.16,14.24],[-17.92,-2.16],[-5.68,-4.56]],"v":[[-44.52,-3.299],[-8.2,0.701],[42.36,9.261],[2.52,27.021],[-37.88,12.781]],"c":true}]},{"t":82,"s":[{"i":[[0,0],[-11.28,0.08],[-2.56,-16.64],[16.16,1.92],[5.84,4.64]],"o":[[0,0],[11.28,-0.08],[2.16,14.24],[-17.92,-2.16],[-5.68,-4.56]],"v":[[-44.52,-14.08],[-8.2,-10.08],[42.36,-1.52],[2.52,16.24],[-37.88,2]],"c":true}]}],"ix":2},"nm":"Path 1","mn":"ADBE Vector Shape - Group","hd":false},{"ty":"fl","c":{"a":0,"k":[0.702000038297,0.513999968884,0.328999986836,1],"ix":4},"o":{"a":0,"k":100,"ix":5},"r":1,"bm":0,"nm":"Fill 1","mn":"ADBE Vector Graphic - Fill","hd":false},{"ty":"tr","p":{"a":0,"k":[618.85,184.97],"ix":2},"a":{"a":0,"k":[0,0],"ix":1},"s":{"a":0,"k":[100,100],"ix":3},"r":{"a":0,"k":0,"ix":6},"o":{"a":0,"k":100,"ix":7},"sk":{"a":0,"k":0,"ix":4},"sa":{"a":0,"k":0,"ix":5},"nm":"Transform"}],"nm":"Group 6","np":2,"cix":2,"bm":0,"ix":6,"mn":"ADBE Vector Group","hd":false},{"ty":"gr","it":[{"ind":0,"ty":"sh","ix":1,"ks":{"a":1,"k":[{"i":{"x":0.553,"y":1},"o":{"x":0.333,"y":0},"t":0,"s":[{"i":[[0,0],[-12.64,-3.92],[4.4,-14],[5.04,2.4],[4.8,12]],"o":[[0,0],[20.4,6.4],[-4.56,14.48],[-6.32,-3.04],[-2.48,-6.48]],"v":[[-40.44,-29.76],[-10.04,-10.96],[36.04,15.28],[-9.24,17.12],[-37.24,-6.88]],"c":true}]},{"i":{"x":0.539,"y":1},"o":{"x":0.488,"y":0},"t":18,"s":[{"i":[[0,0],[-12.747,-3.554],[3.995,-14.12],[5.107,2.254],[5.143,11.857]],"o":[[0,0],[20.576,5.811],[-4.142,14.605],[-6.405,-2.857],[-2.666,-6.406]],"v":[[-104.779,-42.225],[-73.851,-24.308],[-27.035,0.596],[-72.243,3.738],[-100.922,-19.447]],"c":true}]},{"i":{"x":0.52,"y":1},"o":{"x":0.51,"y":0},"t":34,"s":[{"i":[[0,0],[-11.8,-5.991],[6.693,-13.06],[4.564,3.214],[2.712,12.637]],"o":[[0,0],[19.032,9.742],[-6.932,13.506],[-5.718,-4.06],[-1.354,-6.804]],"v":[[17.357,-22.696],[44.16,0.952],[85.167,34.572],[40.223,28.766],[16.661,0.396]],"c":true}]},{"i":{"x":0.539,"y":1},"o":{"x":0.488,"y":0},"t":48,"s":[{"i":[[0,0],[-12.747,-3.554],[3.995,-14.12],[5.107,2.254],[5.143,11.857]],"o":[[0,0],[20.576,5.811],[-4.142,14.605],[-6.405,-2.857],[-2.666,-6.406]],"v":[[-104.779,-42.225],[-73.851,-24.308],[-27.035,0.596],[-72.243,3.738],[-100.922,-19.447]],"c":true}]},{"i":{"x":0.667,"y":1},"o":{"x":0.581,"y":0},"t":64,"s":[{"i":[[0,0],[-11.8,-5.991],[6.693,-13.06],[4.564,3.214],[2.712,12.637]],"o":[[0,0],[19.032,9.742],[-6.932,13.506],[-5.718,-4.06],[-1.354,-6.804]],"v":[[17.357,-22.696],[44.16,0.952],[85.167,34.572],[40.223,28.766],[16.661,0.396]],"c":true}]},{"i":{"x":0.667,"y":1},"o":{"x":0.333,"y":0},"t":74,"s":[{"i":[[0,0],[-12.64,-3.92],[4.4,-14],[5.04,2.4],[4.8,12]],"o":[[0,0],[20.4,6.4],[-4.56,14.48],[-6.32,-3.04],[-2.48,-6.48]],"v":[[-40.44,-18.979],[-10.04,-0.179],[36.04,26.061],[-9.24,27.901],[-37.24,3.901]],"c":true}]},{"t":82,"s":[{"i":[[0,0],[-12.64,-3.92],[4.4,-14],[5.04,2.4],[4.8,12]],"o":[[0,0],[20.4,6.4],[-4.56,14.48],[-6.32,-3.04],[-2.48,-6.48]],"v":[[-40.44,-29.76],[-10.04,-10.96],[36.04,15.28],[-9.24,17.12],[-37.24,-6.88]],"c":true}]}],"ix":2},"nm":"Path 1","mn":"ADBE Vector Shape - Group","hd":false},{"ty":"fl","c":{"a":0,"k":[0.702000038297,0.513999968884,0.328999986836,1],"ix":4},"o":{"a":0,"k":100,"ix":5},"r":1,"bm":0,"nm":"Fill 1","mn":"ADBE Vector Graphic - Fill","hd":false},{"ty":"tr","p":{"a":0,"k":[594.45,275.85],"ix":2},"a":{"a":0,"k":[0,0],"ix":1},"s":{"a":0,"k":[100,100],"ix":3},"r":{"a":0,"k":0,"ix":6},"o":{"a":0,"k":100,"ix":7},"sk":{"a":0,"k":0,"ix":4},"sa":{"a":0,"k":0,"ix":5},"nm":"Transform"}],"nm":"Group 7","np":2,"cix":2,"bm":0,"ix":7,"mn":"ADBE Vector Group","hd":false},{"ty":"gr","it":[{"ind":0,"ty":"sh","ix":1,"ks":{"a":1,"k":[{"i":{"x":0.553,"y":1},"o":{"x":0.333,"y":0},"t":0,"s":[{"i":[[0,0],[-6,31.28],[0,0],[11.04,49.52],[0,0],[38.8,10.72],[0,0],[28.16,1.76],[14.4,-13.2],[0,0],[-4.8,-45.04],[-15.6,-9.04],[-19.2,-5.36],[-10.24,1.2],[9.12,27.84],[0,0],[-17.36,9.6],[0,0],[-19.36,-8.88],[0,0],[-1.2,-16.8],[0,0],[4.48,-22.96],[0,0],[0,0]],"o":[[0,0],[6,-31.28],[0,0],[-9.6,-43.2],[0,0],[-39.04,-10.8],[0,0],[-28.24,-1.84],[-19.44,17.76],[0,0],[4.8,45.04],[15.6,9.04],[19.2,5.36],[10.24,-1.2],[-8.4,-25.84],[0,0],[11.12,-6.08],[0,0],[31.2,14.4],[0,0],[0.96,13.04],[0,0],[-4.8,24.64],[0,0],[0,0]],"v":[[127.52,-70.295],[171.36,-126.775],[168.96,-185.655],[178.56,-258.935],[128.72,-309.415],[80.08,-360.455],[8.64,-355.655],[-24.96,-376.055],[-95.84,-350.215],[-135.44,-291.335],[-169.04,-218.055],[-126.4,-148.375],[-77.76,-137.575],[-42.32,-112.375],[-36.32,-181.415],[-69.92,-235.495],[-38.72,-248.695],[-8.72,-271.495],[18.32,-252.295],[84.96,-247.495],[77.76,-222.855],[85.6,-193.415],[59.76,-156.215],[68.8,-100.935],[75.139,-61.55]],"c":true}]},{"i":{"x":0.539,"y":1},"o":{"x":0.488,"y":0},"t":18,"s":[{"i":[[0,0],[-5.098,31.44],[0,0],[12.46,49.182],[0,0],[39.908,5.266],[0,0],[28.083,2.721],[14.842,-12.7],[0,0],[13.281,-43.304],[-10.794,-14.441],[-15.55,-12.472],[-9.888,-2.919],[-2.551,29.185],[0,0],[-17.678,9.001],[0,0],[-20.4,-6.124],[0,0],[-1.683,-16.758],[0,0],[3.818,-23.079],[0,0],[0,0]],"o":[[0,0],[5.098,-31.439],[0,0],[-10.839,-42.906],[0,0],[-40.156,-5.31],[0,0],[-28.161,-2.804],[-20.036,17.086],[0,0],[-13.28,43.305],[10.794,14.442],[15.551,12.472],[9.888,2.919],[2.427,-27.062],[0,0],[11.321,-5.697],[0,0],[32.888,9.959],[0,0],[1.335,13.007],[0,0],[-4.089,24.768],[0,0],[0,0]],"v":[[64.93,-84.726],[107.127,-142.444],[103.035,-201.231],[110.523,-274.756],[55.684,-325.718],[0.468,-369.56],[-69.626,-354.95],[-97.095,-375.091],[-168.816,-351.688],[-210.405,-294.194],[-256.96,-243.081],[-245.123,-162.252],[-204.637,-133.211],[-181.946,-96.114],[-149.305,-157.246],[-146.831,-236.149],[-115.198,-248.275],[-75.21,-269.199],[-45.78,-253.914],[20.885,-258.353],[10.802,-235.792],[19.486,-206.589],[-5.274,-168.662],[5.353,-113.665],[18.837,-78.565]],"c":true}]},{"i":{"x":0.52,"y":1},"o":{"x":0.51,"y":0},"t":34,"s":[{"i":[[0,0],[-11.178,29.825],[0,0],[2.549,50.671],[0,0],[36.443,17.096],[0,0],[28.004,3.44],[15.163,-12.316],[0,0],[-2.098,-45.246],[-15.032,-9.956],[-18.845,-6.498],[-10.293,0.586],[7.439,28.335],[0,0],[-17.903,8.545],[0,0],[-18.794,-10.022],[0,0],[1.644,-16.762],[0,0],[8.28,-21.879],[0,0],[0,0]],"o":[[0,0],[11.179,-29.824],[0,0],[-2.193,-44.199],[0,0],[-36.666,-17.216],[0,0],[-28.079,-3.525],[-20.467,16.566],[0,0],[2.099,45.246],[15.031,9.957],[18.845,6.498],[10.294,-0.585],[-6.841,-26.296],[0,0],[11.464,-5.404],[0,0],[30.284,16.239],[0,0],[-1.248,13.015],[0,0],[-8.878,23.48],[0,0],[0,0]],"v":[[173.963,-52.763],[226.682,-101.06],[234.225,-159.504],[256.02,-230.123],[215.386,-288.271],[176.029,-346.768],[99.968,-351.998],[67.648,-374.37],[-4.65,-352.814],[-47.699,-296.406],[-85.62,-225.266],[-47.221,-153.162],[0.686,-139.473],[34.556,-112.2],[44.673,-180.757],[14.366,-236.75],[46.299,-248.061],[77.608,-269.026],[103.452,-248.244],[161.83,-234.598],[150.586,-211.521],[153.36,-181.181],[121.628,-148.86],[121.236,-92.848],[145.56,-74.356]],"c":true}]},{"i":{"x":0.833,"y":0.833},"o":{"x":0.488,"y":0},"t":48,"s":[{"i":[[0,0],[-5.098,31.44],[0,0],[12.46,49.182],[0,0],[39.908,5.266],[0,0],[28.083,2.721],[14.842,-12.7],[0,0],[13.281,-43.304],[-10.794,-14.441],[-15.55,-12.472],[-9.888,-2.919],[-2.551,29.185],[0,0],[-17.678,9.001],[0,0],[-20.4,-6.124],[0,0],[-1.683,-16.758],[0,0],[3.818,-23.079],[0,0],[0,0]],"o":[[0,0],[5.098,-31.439],[0,0],[-10.839,-42.906],[0,0],[-40.156,-5.31],[0,0],[-28.161,-2.804],[-20.036,17.086],[0,0],[-13.28,43.305],[10.794,14.442],[15.551,12.472],[9.888,2.919],[2.427,-27.062],[0,0],[11.321,-5.697],[0,0],[32.888,9.959],[0,0],[1.335,13.007],[0,0],[-4.089,24.768],[0,0],[0,0]],"v":[[64.93,-84.726],[107.127,-142.444],[103.035,-201.231],[110.523,-274.756],[55.684,-325.718],[0.468,-369.56],[-69.626,-354.95],[-97.095,-375.091],[-168.816,-351.688],[-210.405,-294.194],[-256.96,-243.081],[-245.123,-162.252],[-204.637,-133.211],[-181.946,-96.114],[-149.305,-157.246],[-146.831,-236.149],[-115.198,-248.275],[-75.21,-269.199],[-45.78,-253.914],[20.885,-258.353],[10.802,-235.792],[19.486,-206.589],[-5.274,-168.662],[5.353,-113.665],[32.837,-100.315]],"c":true}]},{"i":{"x":0.539,"y":1},"o":{"x":0.167,"y":0.167},"t":54,"s":[{"i":[[0,0],[-6.687,31.018],[0,0],[9.87,49.571],[0,0],[39.003,8.357],[0,0],[28.062,2.909],[14.926,-12.6],[0,0],[9.262,-43.811],[-11.901,-13.269],[-16.411,-10.911],[-9.994,-2.003],[0.059,28.963],[0,0],[-17.737,8.882],[0,0],[-19.98,-7.143],[0,0],[-0.814,-16.759],[0,0],[4.984,-22.765],[0,0],[0,0]],"o":[[0,0],[6.687,-31.017],[0,0],[-8.58,-43.244],[0,0],[-39.244,-8.421],[0,0],[-28.14,-2.992],[-20.149,16.95],[0,0],[-9.261,43.812],[11.901,13.27],[16.412,10.911],[9.994,2.003],[0.005,-26.862],[0,0],[11.358,-5.62],[0,0],[32.208,11.6],[0,0],[0.66,13.009],[0,0],[-5.34,24.431],[0,0],[0,0]],"v":[[93.421,-76.374],[138.367,-131.63],[137.316,-190.328],[148.542,-263.093],[97.415,-315.933],[46.343,-363.605],[-25.31,-354.179],[-54.046,-374.903],[-125.918,-351.983],[-167.889,-294.772],[-212.188,-238.426],[-193.41,-159.877],[-150.985,-134.848],[-125.372,-100.318],[-98.617,-163.39],[-104.709,-236.306],[-72.998,-248.219],[-35.278,-269.154],[-6.785,-252.433],[57.715,-252.146],[47.329,-229.45],[54.468,-199.95],[27.886,-163.488],[35.634,-108.226],[62.293,-93.532]],"c":true}]},{"i":{"x":0.667,"y":1},"o":{"x":0.581,"y":0},"t":64,"s":[{"i":[[0,0],[-11.178,29.825],[0,0],[2.549,50.671],[0,0],[36.443,17.096],[0,0],[28.004,3.44],[15.163,-12.316],[0,0],[-2.098,-45.246],[-15.032,-9.956],[-18.845,-6.498],[-10.293,0.586],[7.439,28.335],[0,0],[-17.903,8.545],[0,0],[-18.794,-10.022],[0,0],[1.644,-16.762],[0,0],[8.28,-21.879],[0,0],[0,0]],"o":[[0,0],[11.179,-29.824],[0,0],[-2.193,-44.199],[0,0],[-36.666,-17.216],[0,0],[-28.079,-3.525],[-20.467,16.566],[0,0],[2.099,45.246],[15.031,9.957],[18.845,6.498],[10.294,-0.585],[-6.841,-26.296],[0,0],[11.464,-5.404],[0,0],[30.284,16.239],[0,0],[-1.248,13.015],[0,0],[-8.878,23.48],[0,0],[0,0]],"v":[[173.963,-52.763],[226.682,-101.06],[234.225,-159.504],[256.02,-230.123],[215.386,-288.271],[176.029,-346.768],[99.968,-351.998],[67.648,-374.37],[-4.65,-352.814],[-47.699,-296.406],[-85.62,-225.266],[-47.221,-153.162],[0.686,-139.473],[34.556,-112.2],[44.673,-180.757],[14.366,-236.75],[46.299,-248.061],[77.608,-269.026],[103.452,-248.244],[161.83,-234.598],[150.586,-211.521],[153.36,-181.181],[121.628,-148.86],[121.236,-92.848],[145.56,-74.356]],"c":true}]},{"i":{"x":0.667,"y":1},"o":{"x":0.333,"y":0},"t":74,"s":[{"i":[[0,0],[-6,31.28],[0,0],[11.04,49.52],[0,0],[37.875,13.631],[0,0],[27.945,3.89],[15.36,-12.071],[0,0],[5.791,-44.924],[-13.074,-12.416],[-17.43,-9.672],[-10.238,-1.211],[2.406,29.196],[0,0],[-18.038,8.256],[0,0],[-18.631,-10.323],[0,0],[0.078,-16.842],[0,0],[4.48,-22.96],[0,0],[0,0]],"o":[[0,0],[6,-31.28],[0,0],[-9.6,-43.2],[0,0],[-38.109,-13.73],[0,0],[-28.019,-3.977],[-20.731,16.234],[0,0],[-5.791,44.923],[13.074,12.416],[17.431,9.673],[10.239,1.21],[-2.169,-27.085],[0,0],[11.549,-5.219],[0,0],[30.018,16.725],[0,0],[-0.031,13.076],[0,0],[-4.8,24.64],[0,0],[0,0]],"v":[[127.52,-59.514],[171.36,-115.994],[168.96,-174.874],[178.56,-248.154],[131.177,-295.815],[86.548,-350.397],[14.95,-351.029],[-17.006,-373.918],[-89.642,-353.528],[-133.593,-297.821],[-177.07,-236.943],[-151.778,-159.266],[-106.976,-137.466],[-78.357,-104.724],[-56.488,-170.483],[-72.497,-237.173],[-40.386,-247.969],[-8.743,-268.428],[16.763,-247.233],[82.847,-237.392],[73.799,-213.37],[85.6,-182.634],[59.76,-145.434],[68.8,-90.154],[74.793,-48.719]],"c":true}]},{"i":{"x":0.667,"y":1},"o":{"x":0.333,"y":0},"t":82,"s":[{"i":[[0,0],[-6,31.28],[0,0],[11.04,49.52],[0,0],[38.8,10.72],[0,0],[28.16,1.76],[14.4,-13.2],[0,0],[-7.97,-44.588],[-16.2,-7.915],[-19.531,-3.99],[-10.13,1.921],[11.064,27.126],[0,0],[-17.36,9.6],[0,0],[-19.36,-8.88],[0,0],[-1.2,-16.8],[0,0],[4.48,-22.96],[0,0],[0,0]],"o":[[0,0],[6,-31.28],[0,0],[-9.6,-43.2],[0,0],[-39.04,-10.8],[0,0],[-28.24,-1.84],[-19.44,17.76],[0,0],[7.97,44.588],[16.2,7.915],[19.531,3.99],[10.13,-1.921],[-10.205,-25.182],[0,0],[11.12,-6.08],[0,0],[31.2,14.4],[0,0],[0.96,13.04],[0,0],[-4.8,24.64],[0,0],[0,0]],"v":[[127.52,-70.295],[171.36,-126.775],[168.96,-185.655],[178.56,-258.935],[128.72,-309.415],[80.08,-360.455],[8.64,-355.655],[-24.96,-376.055],[-95.84,-350.215],[-141.717,-288.643],[-170.056,-213.172],[-122.599,-146.679],[-73.318,-139.343],[-36.186,-116.71],[-35.079,-186.001],[-72.416,-237.572],[-38.72,-248.695],[-8.72,-271.495],[18.32,-252.295],[84.96,-247.495],[77.76,-222.855],[85.6,-193.415],[59.76,-156.215],[68.8,-100.935],[76.624,-62.531]],"c":true}]},{"t":92,"s":[{"i":[[0,0],[-6,31.28],[0,0],[11.04,49.52],[0,0],[38.8,10.72],[0,0],[28.16,1.76],[14.4,-13.2],[0,0],[-4.8,-45.04],[-15.6,-9.04],[-19.2,-5.36],[-10.24,1.2],[9.12,27.84],[0,0],[-17.36,9.6],[0,0],[-19.36,-8.88],[0,0],[-1.2,-16.8],[0,0],[4.48,-22.96],[0,0],[0,0]],"o":[[0,0],[6,-31.28],[0,0],[-9.6,-43.2],[0,0],[-39.04,-10.8],[0,0],[-28.24,-1.84],[-19.44,17.76],[0,0],[4.8,45.04],[15.6,9.04],[19.2,5.36],[10.24,-1.2],[-8.4,-25.84],[0,0],[11.12,-6.08],[0,0],[31.2,14.4],[0,0],[0.96,13.04],[0,0],[-4.8,24.64],[0,0],[0,0]],"v":[[127.52,-70.295],[171.36,-126.775],[168.96,-185.655],[178.56,-258.935],[128.72,-309.415],[80.08,-360.455],[8.64,-355.655],[-24.96,-376.055],[-95.84,-350.215],[-135.44,-291.335],[-169.04,-218.055],[-126.4,-148.375],[-77.76,-137.575],[-42.32,-112.375],[-36.32,-181.415],[-69.92,-235.495],[-38.72,-248.695],[-8.72,-271.495],[18.32,-252.295],[84.96,-247.495],[77.76,-222.855],[85.6,-193.415],[59.76,-156.215],[68.8,-100.935],[95.889,-86.8]],"c":true}]}],"ix":2},"nm":"Path 1","mn":"ADBE Vector Shape - Group","hd":false},{"ty":"fl","c":{"a":0,"k":[0.948999980852,0.630999995213,0.349000010771,1],"ix":4},"o":{"a":0,"k":100,"ix":5},"r":1,"bm":0,"nm":"Fill 1","mn":"ADBE Vector Graphic - Fill","hd":false},{"ty":"tr","p":{"a":0,"k":[493.93,378.145],"ix":2},"a":{"a":0,"k":[0,0],"ix":1},"s":{"a":0,"k":[100,100],"ix":3},"r":{"a":0,"k":0,"ix":6},"o":{"a":0,"k":100,"ix":7},"sk":{"a":0,"k":0,"ix":4},"sa":{"a":0,"k":0,"ix":5},"nm":"Transform"}],"nm":"Group 12","np":2,"cix":2,"bm":0,"ix":12,"mn":"ADBE Vector Group","hd":false}],"ip":0,"op":108,"st":0,"bm":0},{"ddd":0,"ind":3,"ty":4,"nm":"body","sr":1,"ks":{"o":{"a":0,"k":100,"ix":11},"r":{"a":0,"k":0,"ix":10},"p":{"a":1,"k":[{"i":{"x":0.553,"y":1},"o":{"x":0.333,"y":0},"t":0,"s":[496.45,509.009,0],"to":[5.833,0,0],"ti":[2.167,0,0]},{"i":{"x":0.539,"y":1},"o":{"x":0.488,"y":0},"t":18,"s":[531.45,509.009,0],"to":[-2.167,0,0],"ti":[-0.333,0,0]},{"i":{"x":0.52,"y":1},"o":{"x":0.51,"y":0},"t":34,"s":[483.45,509.009,0],"to":[0.333,0,0],"ti":[0,0,0]},{"i":{"x":0.539,"y":1},"o":{"x":0.488,"y":0},"t":48,"s":[533.45,509.009,0],"to":[0,0,0],"ti":[6,0,0]},{"i":{"x":0.667,"y":1},"o":{"x":0.581,"y":0},"t":64,"s":[483.45,509.009,0],"to":[-6,0,0],"ti":[-2.167,0,0]},{"i":{"x":0.667,"y":1},"o":{"x":0.333,"y":0},"t":74,"s":[497.45,509.009,0],"to":[2.167,0,0],"ti":[0.167,0,0]},{"t":82,"s":[496.45,509.009,0]}],"ix":2,"l":2},"a":{"a":0,"k":[430.45,503.01,0],"ix":1,"l":2},"s":{"a":0,"k":[100,100,100],"ix":6,"l":2}},"ao":0,"shapes":[{"ty":"gr","it":[{"ind":0,"ty":"sh","ix":1,"ks":{"a":1,"k":[{"i":{"x":0.553,"y":1},"o":{"x":0.333,"y":0},"t":0,"s":[{"i":[[16.8,0.64],[-0.64,-13.281],[-17.44,-1.28],[-1.04,13.28]],"o":[[-20.48,-0.801],[0.64,13.28],[19.2,1.361],[1.2,-15.201]],"v":[[0.6,-28.479],[-28.2,1.281],[-2.36,27.919],[27.64,3.201]],"c":true}]},{"i":{"x":0.667,"y":1},"o":{"x":0.333,"y":0},"t":18,"s":[{"i":[[16.8,0.64],[-0.64,-13.281],[-17.44,-1.28],[-1.04,13.28]],"o":[[-20.48,-0.801],[0.64,13.28],[19.2,1.361],[1.2,-15.201]],"v":[[-52.4,-35.479],[-81.2,-5.719],[-55.36,20.919],[-25.36,-3.799]],"c":true}]},{"i":{"x":0.667,"y":1},"o":{"x":0.333,"y":0},"t":74,"s":[{"i":[[16.8,0.64],[-0.64,-13.281],[-17.44,-1.28],[-1.04,13.28]],"o":[[-20.48,-0.801],[0.64,13.28],[19.2,1.361],[1.2,-15.201]],"v":[[-0.4,-20.479],[-29.2,9.281],[-3.36,35.919],[26.64,11.201]],"c":true}]},{"t":82,"s":[{"i":[[16.8,0.64],[-0.64,-13.281],[-17.44,-1.28],[-1.04,13.28]],"o":[[-20.48,-0.801],[0.64,13.28],[19.2,1.361],[1.2,-15.201]],"v":[[0.6,-28.479],[-28.2,1.281],[-2.36,27.919],[27.64,3.201]],"c":true}]}],"ix":2},"nm":"Path 1","mn":"ADBE Vector Shape - Group","hd":false},{"ty":"fl","c":{"a":0,"k":[0.216000007181,0.176000004189,0.169000004787,1],"ix":4},"o":{"a":0,"k":100,"ix":5},"r":1,"bm":0,"nm":"Fill 1","mn":"ADBE Vector Graphic - Fill","hd":false},{"ty":"tr","p":{"a":0,"k":[500.77,610.25],"ix":2},"a":{"a":0,"k":[0,0],"ix":1},"s":{"a":0,"k":[100,100],"ix":3},"r":{"a":0,"k":0,"ix":6},"o":{"a":1,"k":[{"t":16,"s":[100],"h":1},{"t":18,"s":[0],"h":1},{"t":74,"s":[100],"h":1}],"ix":7},"sk":{"a":0,"k":0,"ix":4},"sa":{"a":0,"k":0,"ix":5},"nm":"Transform"}],"nm":"Group 1","np":2,"cix":2,"bm":0,"ix":1,"mn":"ADBE Vector Group","hd":false},{"ty":"gr","it":[{"ind":0,"ty":"sh","ix":1,"ks":{"a":1,"k":[{"i":{"x":0.553,"y":1},"o":{"x":0.333,"y":0},"t":0,"s":[{"i":[[0.64,-15.84],[-21.04,-0.64],[0.56,12.719],[20.96,1.28]],"o":[[-0.48,12.8],[21.04,0.64],[-0.56,-12.72],[-15.04,-0.88]],"v":[[-27.68,-2.72],[-0.64,27.68],[27.6,1.04],[0,-27.44]],"c":true}]},{"i":{"x":0.667,"y":1},"o":{"x":0.333,"y":0},"t":18,"s":[{"i":[[0.64,-15.84],[-21.04,-0.64],[0.56,12.719],[20.96,1.28]],"o":[[-0.48,12.8],[21.04,0.64],[-0.56,-12.72],[-15.04,-0.88]],"v":[[-80.68,-9.72],[-53.64,20.68],[-25.4,-5.96],[-53,-34.44]],"c":true}]},{"i":{"x":0.667,"y":1},"o":{"x":0.333,"y":0},"t":74,"s":[{"i":[[0.64,-15.84],[-21.04,-0.64],[0.56,12.719],[20.96,1.28]],"o":[[-0.48,12.8],[21.04,0.64],[-0.56,-12.72],[-15.04,-0.88]],"v":[[-28.68,5.28],[-1.64,35.68],[26.6,9.04],[-1,-19.44]],"c":true}]},{"t":82,"s":[{"i":[[0.64,-15.84],[-21.04,-0.64],[0.56,12.719],[20.96,1.28]],"o":[[-0.48,12.8],[21.04,0.64],[-0.56,-12.72],[-15.04,-0.88]],"v":[[-27.68,-2.72],[-0.64,27.68],[27.6,1.04],[0,-27.44]],"c":true}]}],"ix":2},"nm":"Path 1","mn":"ADBE Vector Shape - Group","hd":false},{"ty":"fl","c":{"a":0,"k":[0.216000007181,0.176000004189,0.169000004787,1],"ix":4},"o":{"a":0,"k":100,"ix":5},"r":1,"bm":0,"nm":"Fill 1","mn":"ADBE Vector Graphic - Fill","hd":false},{"ty":"tr","p":{"a":0,"k":[396.33,580.09],"ix":2},"a":{"a":0,"k":[0,0],"ix":1},"s":{"a":0,"k":[100,100],"ix":3},"r":{"a":0,"k":0,"ix":6},"o":{"a":1,"k":[{"t":16,"s":[100],"h":1},{"t":18,"s":[0],"h":1},{"t":74,"s":[100],"h":1}],"ix":7},"sk":{"a":0,"k":0,"ix":4},"sa":{"a":0,"k":0,"ix":5},"nm":"Transform"}],"nm":"Group 2","np":2,"cix":2,"bm":0,"ix":2,"mn":"ADBE Vector Group","hd":false},{"ty":"gr","it":[{"ind":0,"ty":"sh","ix":1,"ks":{"a":1,"k":[{"i":{"x":0.553,"y":1},"o":{"x":0.333,"y":0},"t":0,"s":[{"i":[[0,0],[-30.88,1.2],[-18.56,-9.84],[0,0],[6.88,9.6],[80.72,0.24],[3.44,-3.76]],"o":[[0,0],[28.48,-1.12],[40.64,21.6],[0,0],[-2.96,-4.16],[-59.28,-0.16],[-7.04,7.52]],"v":[[-104.32,-0.12],[-32.24,-28.36],[40.64,-13.96],[99.92,46.12],[98.08,17.32],[-13.84,-45.96],[-97.92,-17.32]],"c":true}]},{"i":{"x":0.539,"y":1},"o":{"x":0.488,"y":0},"t":18,"s":[{"i":[[0,0],[-30.833,2.088],[-18.835,-9.302],[0,0],[7.153,9.398],[80.693,-2.082],[3.33,-3.857]],"o":[[0,0],[28.436,-1.938],[41.244,20.422],[0,0],[-3.079,-4.073],[-59.26,1.545],[-6.821,7.719]],"v":[[-164.863,-9.312],[-93.625,-39.614],[-20.361,-27.316],[40.623,31.034],[37.955,2.299],[-75.739,-57.735],[-158.96,-26.689]],"c":true}]},{"i":{"x":0.52,"y":1},"o":{"x":0.51,"y":0},"t":34,"s":[{"i":[[0,0],[-30.901,0.425],[-18.308,-10.302],[0,0],[6.637,9.77],[80.689,2.265],[3.534,-3.672]],"o":[[0,0],[28.499,-0.405],[40.085,22.613],[0,0],[-2.855,-4.233],[-59.257,-1.647],[-7.226,7.341]],"v":[[-66.904,-2.185],[5.862,-28.608],[78.358,-12.384],[136.112,49.164],[134.995,20.327],[24.697,-45.741],[-60.075,-19.219]],"c":true}]},{"i":{"x":0.539,"y":1},"o":{"x":0.488,"y":0},"t":48,"s":[{"i":[[0,0],[-30.833,2.088],[-18.835,-9.302],[0,0],[7.153,9.398],[80.693,-2.082],[3.33,-3.857]],"o":[[0,0],[28.436,-1.938],[41.244,20.422],[0,0],[-3.079,-4.073],[-59.26,1.545],[-6.821,7.719]],"v":[[-164.863,-9.312],[-93.625,-39.614],[-20.361,-27.316],[40.623,31.034],[37.955,2.299],[-75.739,-57.735],[-158.96,-26.689]],"c":true}]},{"i":{"x":0.667,"y":1},"o":{"x":0.581,"y":0},"t":64,"s":[{"i":[[0,0],[-30.901,0.425],[-18.308,-10.302],[0,0],[6.637,9.77],[80.689,2.265],[3.534,-3.672]],"o":[[0,0],[28.499,-0.405],[40.085,22.613],[0,0],[-2.855,-4.233],[-59.257,-1.647],[-7.226,7.341]],"v":[[-66.904,-2.185],[5.862,-28.608],[78.358,-12.384],[136.112,49.164],[134.995,20.327],[24.697,-45.741],[-60.075,-19.219]],"c":true}]},{"i":{"x":0.667,"y":1},"o":{"x":0.333,"y":0},"t":74,"s":[{"i":[[0,0],[-30.88,1.2],[-18.56,-9.84],[0,0],[6.88,9.6],[80.72,0.24],[3.44,-3.76]],"o":[[0,0],[28.48,-1.12],[40.64,21.6],[0,0],[-2.96,-4.16],[-59.28,-0.16],[-7.04,7.52]],"v":[[-104.32,10.661],[-32.24,-17.579],[40.64,-3.179],[99.92,56.901],[98.08,28.101],[-13.84,-35.179],[-97.92,-6.539]],"c":true}]},{"t":82,"s":[{"i":[[0,0],[-30.88,1.2],[-18.56,-9.84],[0,0],[6.88,9.6],[80.72,0.24],[3.44,-3.76]],"o":[[0,0],[28.48,-1.12],[40.64,21.6],[0,0],[-2.96,-4.16],[-59.28,-0.16],[-7.04,7.52]],"v":[[-104.32,-0.12],[-32.24,-28.36],[40.64,-13.96],[99.92,46.12],[98.08,17.32],[-13.84,-45.96],[-97.92,-17.32]],"c":true}]}],"ix":2},"nm":"Path 1","mn":"ADBE Vector Shape - Group","hd":false},{"ty":"fl","c":{"a":0,"k":[0.728999956916,0.532999973671,0.33300000359,1],"ix":4},"o":{"a":0,"k":100,"ix":5},"r":1,"bm":0,"nm":"Fill 1","mn":"ADBE Vector Graphic - Fill","hd":false},{"ty":"tr","p":{"a":0,"k":[542.65,376.53],"ix":2},"a":{"a":0,"k":[0,0],"ix":1},"s":{"a":0,"k":[100,100],"ix":3},"r":{"a":0,"k":0,"ix":6},"o":{"a":0,"k":100,"ix":7},"sk":{"a":0,"k":0,"ix":4},"sa":{"a":0,"k":0,"ix":5},"nm":"Transform"}],"nm":"Group 8","np":2,"cix":2,"bm":0,"ix":8,"mn":"ADBE Vector Group","hd":false},{"ty":"gr","it":[{"ind":0,"ty":"sh","ix":1,"ks":{"a":1,"k":[{"i":{"x":0.553,"y":1},"o":{"x":0.333,"y":0},"t":0,"s":[{"i":[[-2.4,-6.4],[-61.6,-6.4],[0,0],[0.4,5.6],[6.96,7.36],[43.84,4.56],[5.6,-4.8]],"o":[[0,0],[56.8,5.84],[0,0],[-0.4,-5.6],[-11.6,-12.4],[-50.08,-5.2],[-5.6,4.88]],"v":[[-110.52,2.12],[0.76,-27.08],[109.48,51.16],[112.52,34.12],[95.08,5.48],[5.56,-45.96],[-98.92,-21.56]],"c":true}]},{"i":{"x":0.539,"y":1},"o":{"x":0.488,"y":0},"t":18,"s":[{"i":[[-2.583,-6.329],[-61.759,-4.625],[0,0],[0.561,5.586],[7.168,7.157],[43.953,3.297],[5.46,-4.959]],"o":[[0,0],[56.945,4.204],[0,0],[-0.561,-5.586],[-11.952,-12.062],[-50.209,-3.757],[-5.457,5.039]],"v":[[-169.18,-6.282],[-58.786,-38.671],[52.14,36.409],[54.688,19.289],[36.432,-8.837],[-54.531,-57.681],[-158.266,-30.286]],"c":true}]},{"i":{"x":0.52,"y":1},"o":{"x":0.51,"y":0},"t":34,"s":[{"i":[[-2.239,-6.458],[-61.42,-7.943],[0,0],[0.259,5.608],[6.773,7.532],[43.711,5.659],[5.719,-4.659]],"o":[[0,0],[56.636,7.263],[0,0],[-0.259,-5.608],[-11.285,-12.687],[-49.934,-6.454],[-5.72,4.737]],"v":[[-74.726,-0.678],[37.251,-27.077],[143.975,53.866],[147.441,36.907],[130.725,7.839],[42.524,-45.831],[-62.536,-24.059]],"c":true}]},{"i":{"x":0.539,"y":1},"o":{"x":0.488,"y":0},"t":48,"s":[{"i":[[-2.583,-6.329],[-61.759,-4.625],[0,0],[0.561,5.586],[7.168,7.157],[43.953,3.297],[5.46,-4.959]],"o":[[0,0],[56.945,4.204],[0,0],[-0.561,-5.586],[-11.952,-12.062],[-50.209,-3.757],[-5.457,5.039]],"v":[[-169.18,-6.282],[-58.786,-38.671],[52.14,36.409],[54.688,19.289],[36.432,-8.837],[-54.531,-57.681],[-158.266,-30.286]],"c":true}]},{"i":{"x":0.667,"y":1},"o":{"x":0.581,"y":0},"t":64,"s":[{"i":[[-2.239,-6.458],[-61.42,-7.943],[0,0],[0.259,5.608],[6.773,7.532],[43.711,5.659],[5.719,-4.659]],"o":[[0,0],[56.636,7.263],[0,0],[-0.259,-5.608],[-11.285,-12.687],[-49.934,-6.454],[-5.72,4.737]],"v":[[-74.726,-0.678],[37.251,-27.077],[143.975,53.866],[147.441,36.907],[130.725,7.839],[42.524,-45.831],[-62.536,-24.059]],"c":true}]},{"i":{"x":0.667,"y":1},"o":{"x":0.333,"y":0},"t":74,"s":[{"i":[[-2.4,-6.4],[-61.6,-6.4],[0,0],[0.4,5.6],[6.96,7.36],[43.84,4.56],[5.6,-4.8]],"o":[[0,0],[56.8,5.84],[0,0],[-0.4,-5.6],[-11.6,-12.4],[-50.08,-5.2],[-5.6,4.88]],"v":[[-110.52,12.901],[0.76,-16.299],[109.48,61.941],[112.52,44.901],[95.08,16.261],[5.56,-35.179],[-98.92,-10.779]],"c":true}]},{"t":82,"s":[{"i":[[-2.4,-6.4],[-61.6,-6.4],[0,0],[0.4,5.6],[6.96,7.36],[43.84,4.56],[5.6,-4.8]],"o":[[0,0],[56.8,5.84],[0,0],[-0.4,-5.6],[-11.6,-12.4],[-50.08,-5.2],[-5.6,4.88]],"v":[[-110.52,2.12],[0.76,-27.08],[109.48,51.16],[112.52,34.12],[95.08,5.48],[5.56,-45.96],[-98.92,-21.56]],"c":true}]}],"ix":2},"nm":"Path 1","mn":"ADBE Vector Shape - Group","hd":false},{"ty":"fl","c":{"a":0,"k":[0.728999956916,0.532999973671,0.33300000359,1],"ix":4},"o":{"a":0,"k":100,"ix":5},"r":1,"bm":0,"nm":"Fill 1","mn":"ADBE Vector Graphic - Fill","hd":false},{"ty":"tr","p":{"a":0,"k":[520.45,439.33],"ix":2},"a":{"a":0,"k":[0,0],"ix":1},"s":{"a":0,"k":[100,100],"ix":3},"r":{"a":0,"k":0,"ix":6},"o":{"a":0,"k":100,"ix":7},"sk":{"a":0,"k":0,"ix":4},"sa":{"a":0,"k":0,"ix":5},"nm":"Transform"}],"nm":"Group 9","np":2,"cix":2,"bm":0,"ix":9,"mn":"ADBE Vector Group","hd":false},{"ty":"gr","it":[{"ind":0,"ty":"sh","ix":1,"ks":{"a":1,"k":[{"i":{"x":0.553,"y":1},"o":{"x":0.333,"y":0},"t":0,"s":[{"i":[[-1.6,-6.4],[-42.64,10.8],[-40,-23.36],[0,0],[3.2,10.401],[53.84,24.16],[37.84,-9.2],[10.4,-8.8]],"o":[[0,0],[25.36,-6.4],[58.88,34.24],[0,0],[-3.2,-10.399],[-34.64,-15.6],[-21.84,5.28],[-8,6.8]],"v":[[-133.2,-2.719],[-61.76,-41.759],[55.92,-27.919],[131.6,65.76],[131.6,32.72],[51.12,-48.319],[-57.6,-56.56],[-114.08,-26.719]],"c":true}]},{"i":{"x":0.539,"y":1},"o":{"x":0.488,"y":0},"t":18,"s":[{"i":[[-1.783,-6.351],[-42.311,12.022],[-40.656,-22.2],[0,0],[3.498,10.303],[54.513,22.602],[37.56,-10.285],[10.142,-9.095]],"o":[[0,0],[25.166,-7.127],[59.84,32.532],[0,0],[-3.498,-10.304],[-35.074,-14.597],[-21.679,5.906],[-7.801,7.027]],"v":[[-189.734,-9.378],[-119.447,-50.457],[-1.417,-40.007],[76.926,51.457],[75.976,18.431],[-6.802,-60.261],[-115.714,-65.37],[-171.312,-33.918]],"c":true}]},{"i":{"x":0.52,"y":1},"o":{"x":0.51,"y":0},"t":34,"s":[{"i":[[-1.439,-6.438],[-42.898,9.727],[-39.402,-24.356],[0,0],[2.938,10.477],[53.217,25.503],[38.059,-8.248],[10.618,-8.536]],"o":[[0,0],[25.512,-5.762],[58.002,35.707],[0,0],[-2.939,-10.477],[-34.238,-16.465],[-21.966,4.73],[-8.168,6.597]],"v":[[-99.219,-7.088],[-26.822,-44.323],[90.474,-27.536],[163.78,68.014],[164.609,34.984],[86.187,-48.049],[-22.292,-59.014],[-79.503,-30.601]],"c":true}]},{"i":{"x":0.539,"y":1},"o":{"x":0.488,"y":0},"t":48,"s":[{"i":[[-1.783,-6.351],[-42.311,12.022],[-40.656,-22.2],[0,0],[3.498,10.303],[54.513,22.602],[37.56,-10.285],[10.142,-9.095]],"o":[[0,0],[25.166,-7.127],[59.84,32.532],[0,0],[-3.498,-10.304],[-35.074,-14.597],[-21.679,5.906],[-7.801,7.027]],"v":[[-189.734,-9.378],[-119.447,-50.457],[-1.417,-40.007],[76.926,51.457],[75.976,18.431],[-6.802,-60.261],[-115.714,-65.37],[-171.312,-33.918]],"c":true}]},{"i":{"x":0.667,"y":1},"o":{"x":0.581,"y":0},"t":64,"s":[{"i":[[-1.439,-6.438],[-42.898,9.727],[-39.402,-24.356],[0,0],[2.938,10.477],[53.217,25.503],[38.059,-8.248],[10.618,-8.536]],"o":[[0,0],[25.512,-5.762],[58.002,35.707],[0,0],[-2.939,-10.477],[-34.238,-16.465],[-21.966,4.73],[-8.168,6.597]],"v":[[-99.219,-7.088],[-26.822,-44.323],[90.474,-27.536],[163.78,68.014],[164.609,34.984],[86.187,-48.049],[-22.292,-59.014],[-79.503,-30.601]],"c":true}]},{"i":{"x":0.667,"y":1},"o":{"x":0.333,"y":0},"t":74,"s":[{"i":[[-1.6,-6.4],[-42.64,10.8],[-40,-23.36],[0,0],[3.2,10.401],[53.84,24.16],[37.84,-9.2],[10.4,-8.8]],"o":[[0,0],[25.36,-6.4],[58.88,34.24],[0,0],[-3.2,-10.399],[-34.64,-15.6],[-21.84,5.28],[-8,6.8]],"v":[[-133.2,8.062],[-61.76,-30.978],[55.92,-17.138],[131.6,76.541],[131.6,43.501],[51.12,-37.538],[-57.6,-45.779],[-114.08,-15.938]],"c":true}]},{"t":82,"s":[{"i":[[-1.6,-6.4],[-42.64,10.8],[-40,-23.36],[0,0],[3.2,10.401],[53.84,24.16],[37.84,-9.2],[10.4,-8.8]],"o":[[0,0],[25.36,-6.4],[58.88,34.24],[0,0],[-3.2,-10.399],[-34.64,-15.6],[-21.84,5.28],[-8,6.8]],"v":[[-133.2,-2.719],[-61.76,-41.759],[55.92,-27.919],[131.6,65.76],[131.6,32.72],[51.12,-48.319],[-57.6,-56.56],[-114.08,-26.719]],"c":true}]}],"ix":2},"nm":"Path 1","mn":"ADBE Vector Shape - Group","hd":false},{"ty":"fl","c":{"a":0,"k":[0.728999956916,0.532999973671,0.33300000359,1],"ix":4},"o":{"a":0,"k":100,"ix":5},"r":1,"bm":0,"nm":"Fill 1","mn":"ADBE Vector Graphic - Fill","hd":false},{"ty":"tr","p":{"a":0,"k":[481.45,517.21],"ix":2},"a":{"a":0,"k":[0,0],"ix":1},"s":{"a":0,"k":[100,100],"ix":3},"r":{"a":0,"k":0,"ix":6},"o":{"a":0,"k":100,"ix":7},"sk":{"a":0,"k":0,"ix":4},"sa":{"a":0,"k":0,"ix":5},"nm":"Transform"}],"nm":"Group 10","np":2,"cix":2,"bm":0,"ix":10,"mn":"ADBE Vector Group","hd":false},{"ty":"gr","it":[{"ind":0,"ty":"sh","ix":1,"ks":{"a":1,"k":[{"i":{"x":0.553,"y":1},"o":{"x":0.333,"y":0},"t":0,"s":[{"i":[[10.96,-5.521],[-9.04,-10.721],[-5.36,1.92],[0,0],[-21.68,-1.759],[-5.44,4.48],[6.56,4.399],[2.8,-4.561],[6.4,3.599],[0.56,5.679],[4.24,-5.681],[8,0.801]],"o":[[-8.56,4.319],[9.04,10.8],[5.44,-1.92],[0,0],[18.4,1.441],[5.44,-4.48],[-6.64,-4.4],[-5.44,8.88],[-10.24,-5.68],[-1.04,-10.321],[-4.24,5.68],[-7.6,-0.88]],"v":[[-56.36,-24.16],[-47.96,4.96],[-21.56,13.84],[-7.72,6.88],[20.68,28.239],[54.12,16.4],[58.36,-3.2],[40.92,5.68],[16.92,10.72],[7.32,-18.4],[-7.72,-22.24],[-30.92,-3.841]],"c":true}]},{"i":{"x":0.539,"y":1},"o":{"x":0.488,"y":0},"t":18,"s":[{"i":[[10.797,-5.833],[-9.345,-10.456],[-5.303,2.074],[0,0],[-21.721,-1.136],[-5.309,4.635],[6.684,4.209],[2.668,-4.638],[6.501,3.415],[0.723,5.661],[4.075,-5.8],[8.02,0.569]],"o":[[-8.432,4.564],[9.347,10.535],[5.382,-2.075],[0,0],[18.434,0.91],[5.309,-4.634],[-6.763,-4.208],[-5.182,9.033],[-10.399,-5.383],[-1.336,-10.286],[-4.075,5.799],[-7.622,-0.661]],"v":[[-109.511,-31.68],[-100.277,-2.813],[-73.632,5.303],[-59.998,-2.051],[-30.996,18.483],[2.09,5.685],[5.764,-14.028],[-11.413,-4.65],[-35.258,1.078],[-45.692,-27.753],[-60.836,-31.159],[-83.497,-12.1]],"c":true}]},{"i":{"x":0.52,"y":1},"o":{"x":0.51,"y":0},"t":34,"s":[{"i":[[11.095,-5.244],[-8.768,-10.943],[-5.407,1.786],[0,0],[-21.629,-2.302],[-5.551,4.342],[6.448,4.563],[2.913,-4.489],[6.308,3.76],[0.418,5.693],[4.381,-5.572],[7.978,1.001]],"o":[[-8.666,4.104],[8.766,11.024],[5.486,-1.782],[0,0],[18.358,1.902],[5.55,-4.341],[-6.527,-4.565],[-5.661,8.741],[-10.094,-5.936],[-0.78,-10.342],[-4.382,5.572],[-7.575,-1.07]],"v":[[-25.348,-27.856],[-17.681,1.465],[8.488,11.004],[22.497,4.394],[50.352,26.459],[84.079,15.462],[88.81,-4.025],[71.152,4.415],[47.034,8.851],[38.167,-20.501],[23.229,-24.717],[-0.426,-6.905]],"c":true}]},{"i":{"x":0.539,"y":1},"o":{"x":0.488,"y":0},"t":48,"s":[{"i":[[10.797,-5.833],[-9.345,-10.456],[-5.303,2.074],[0,0],[-21.721,-1.136],[-5.309,4.635],[6.684,4.209],[2.668,-4.638],[6.501,3.415],[0.723,5.661],[4.075,-5.8],[8.02,0.569]],"o":[[-8.432,4.564],[9.347,10.535],[5.382,-2.075],[0,0],[18.434,0.91],[5.309,-4.634],[-6.763,-4.208],[-5.182,9.033],[-10.399,-5.383],[-1.336,-10.286],[-4.075,5.799],[-7.622,-0.661]],"v":[[-109.511,-31.68],[-100.277,-2.813],[-73.632,5.303],[-59.998,-2.051],[-30.996,18.483],[2.09,5.685],[5.764,-14.028],[-11.413,-4.65],[-35.258,1.078],[-45.692,-27.753],[-60.836,-31.159],[-83.497,-12.1]],"c":true}]},{"i":{"x":0.667,"y":1},"o":{"x":0.581,"y":0},"t":64,"s":[{"i":[[11.095,-5.244],[-8.768,-10.943],[-5.407,1.786],[0,0],[-21.629,-2.302],[-5.551,4.342],[6.448,4.563],[2.913,-4.489],[6.308,3.76],[0.418,5.693],[4.381,-5.572],[7.978,1.001]],"o":[[-8.666,4.104],[8.766,11.024],[5.486,-1.782],[0,0],[18.358,1.902],[5.55,-4.341],[-6.527,-4.565],[-5.661,8.741],[-10.094,-5.936],[-0.78,-10.342],[-4.382,5.572],[-7.575,-1.07]],"v":[[-25.348,-27.856],[-17.681,1.465],[8.488,11.004],[22.497,4.394],[50.352,26.459],[84.079,15.462],[88.81,-4.025],[71.152,4.415],[47.034,8.851],[38.167,-20.501],[23.229,-24.717],[-0.426,-6.905]],"c":true}]},{"i":{"x":0.667,"y":1},"o":{"x":0.333,"y":0},"t":74,"s":[{"i":[[10.96,-5.521],[-9.04,-10.721],[-5.36,1.92],[0,0],[-21.68,-1.759],[-5.44,4.48],[6.56,4.399],[2.8,-4.561],[6.4,3.599],[0.56,5.679],[4.24,-5.681],[8,0.801]],"o":[[-8.56,4.319],[9.04,10.8],[5.44,-1.92],[0,0],[18.4,1.441],[5.44,-4.48],[-6.64,-4.4],[-5.44,8.88],[-10.24,-5.68],[-1.04,-10.321],[-4.24,5.68],[-7.6,-0.88]],"v":[[-56.36,-13.379],[-47.96,15.741],[-21.56,24.621],[-7.72,17.661],[20.68,39.02],[54.12,27.181],[58.36,7.581],[40.92,16.461],[16.92,21.501],[7.32,-7.619],[-7.72,-11.459],[-30.92,6.94]],"c":true}]},{"t":82,"s":[{"i":[[10.96,-5.521],[-9.04,-10.721],[-5.36,1.92],[0,0],[-21.68,-1.759],[-5.44,4.48],[6.56,4.399],[2.8,-4.561],[6.4,3.599],[0.56,5.679],[4.24,-5.681],[8,0.801]],"o":[[-8.56,4.319],[9.04,10.8],[5.44,-1.92],[0,0],[18.4,1.441],[5.44,-4.48],[-6.64,-4.4],[-5.44,8.88],[-10.24,-5.68],[-1.04,-10.321],[-4.24,5.68],[-7.6,-0.88]],"v":[[-56.36,-24.16],[-47.96,4.96],[-21.56,13.84],[-7.72,6.88],[20.68,28.239],[54.12,16.4],[58.36,-3.2],[40.92,5.68],[16.92,10.72],[7.32,-18.4],[-7.72,-22.24],[-30.92,-3.841]],"c":true}]}],"ix":2},"nm":"Path 1","mn":"ADBE Vector Shape - Group","hd":false},{"ty":"fl","c":{"a":0,"k":[0.216000007181,0.176000004189,0.169000004787,1],"ix":4},"o":{"a":0,"k":100,"ix":5},"r":1,"bm":0,"nm":"Fill 1","mn":"ADBE Vector Graphic - Fill","hd":false},{"ty":"tr","p":{"a":0,"k":[432.85,656.65],"ix":2},"a":{"a":0,"k":[0,0],"ix":1},"s":{"a":0,"k":[100,100],"ix":3},"r":{"a":0,"k":0,"ix":6},"o":{"a":0,"k":100,"ix":7},"sk":{"a":0,"k":0,"ix":4},"sa":{"a":0,"k":0,"ix":5},"nm":"Transform"}],"nm":"Group 11","np":2,"cix":2,"bm":0,"ix":11,"mn":"ADBE Vector Group","hd":false},{"ty":"gr","it":[{"ind":0,"ty":"sh","ix":1,"ks":{"a":1,"k":[{"i":{"x":0.553,"y":1},"o":{"x":0.333,"y":0},"t":0,"s":[{"i":[[24,-31.2],[10.16,-49.52],[-103.68,-34.56],[-18,38.32],[-3.6,18],[0,59.04],[0,0],[0,0],[26.48,-16.8]],"o":[[-12.4,16.08],[-10.24,49.84],[87.84,29.28],[25.6,-54.32],[3.6,-18],[0,-67.28],[0,0],[0,0],[-42.8,27.28]],"v":[[-91.04,76.265],[-179.36,202.985],[-73.68,347.865],[97.52,291.545],[120.32,162.105],[150.32,7.145],[127.52,-70.295],[68.8,-100.935],[1.52,-91.335]],"c":true}]},{"i":{"x":0.539,"y":1},"o":{"x":0.488,"y":0},"t":18,"s":[{"i":[[23.093,-31.877],[8.731,-49.791],[-104.631,-31.564],[-16.89,38.822],[-3.081,18.096],[1.698,59.015],[0,0],[0,0],[25.986,-17.555]],"o":[[-11.932,16.43],[-8.803,50.114],[88.646,26.741],[24.027,-55.034],[3.08,-18.097],[-1.935,-67.252],[0,0],[0,0],[-41.998,28.5]],"v":[[-149.324,68.06],[-233.962,197.268],[-124.159,339.048],[45.35,277.827],[64.418,147.785],[89.948,-7.974],[64.93,-84.726],[5.353,-113.665],[-61.623,-102.133]],"c":true}]},{"i":{"x":0.52,"y":1},"o":{"x":0.51,"y":0},"t":34,"s":[{"i":[[24.775,-30.588],[11.399,-49.25],[-102.78,-37.15],[-18.956,37.857],[-4.05,17.905],[-1.481,59.021],[0,0],[0,0],[26.893,-16.13]],"o":[[-12.799,15.764],[-11.487,49.567],[87.078,31.475],[26.955,-53.66],[4.05,-17.904],[1.688,-67.259],[0,0],[0,0],[-43.471,26.198]],"v":[[-55.569,73.286],[-147.04,197.751],[-45.028,345.236],[127.531,293.228],[153.571,164.401],[187.449,10.243],[173.963,-52.763],[121.236,-92.848],[41.166,-91.939]],"c":true}]},{"i":{"x":0.539,"y":1},"o":{"x":0.488,"y":0},"t":48,"s":[{"i":[[23.093,-31.877],[8.731,-49.791],[-104.631,-31.564],[-16.89,38.822],[-3.081,18.096],[1.698,59.015],[0,0],[0,0],[25.986,-17.555]],"o":[[-11.932,16.43],[-8.803,50.114],[88.646,26.741],[24.027,-55.034],[3.08,-18.097],[-1.935,-67.252],[0,0],[0,0],[-41.998,28.5]],"v":[[-149.324,68.06],[-233.962,197.268],[-124.159,339.048],[45.35,277.827],[64.418,147.785],[89.948,-7.974],[64.93,-84.726],[5.353,-113.665],[-61.623,-102.133]],"c":true}]},{"i":{"x":0.667,"y":1},"o":{"x":0.581,"y":0},"t":64,"s":[{"i":[[24.775,-30.588],[11.399,-49.25],[-102.78,-37.15],[-18.956,37.857],[-4.05,17.905],[-1.481,59.021],[0,0],[0,0],[26.893,-16.13]],"o":[[-12.799,15.764],[-11.487,49.567],[87.078,31.475],[26.955,-53.66],[4.05,-17.904],[1.688,-67.259],[0,0],[0,0],[-43.471,26.198]],"v":[[-55.569,73.286],[-147.04,197.751],[-45.028,345.236],[127.531,293.228],[153.571,164.401],[187.449,10.243],[173.963,-52.763],[121.236,-92.848],[41.166,-91.939]],"c":true}]},{"i":{"x":0.667,"y":1},"o":{"x":0.333,"y":0},"t":74,"s":[{"i":[[24,-31.2],[10.16,-49.52],[-103.68,-34.56],[-18,38.32],[-3.6,18],[0,59.04],[0,0],[0,0],[26.48,-16.8]],"o":[[-12.4,16.08],[-10.24,49.84],[87.84,29.28],[25.6,-54.32],[3.6,-18],[0,-67.28],[0,0],[0,0],[-42.8,27.28]],"v":[[-91.04,87.046],[-179.36,213.766],[-73.68,358.646],[97.52,302.326],[120.32,172.886],[150.32,17.926],[127.52,-59.514],[68.8,-90.154],[1.52,-80.554]],"c":true}]},{"i":{"x":0.667,"y":1},"o":{"x":0.333,"y":0},"t":82,"s":[{"i":[[24,-31.2],[10.16,-49.52],[-103.68,-34.56],[-18,38.32],[-3.6,18],[0,59.04],[0,0],[0,0],[26.48,-16.8]],"o":[[-12.4,16.08],[-10.24,49.84],[87.84,29.28],[25.6,-54.32],[3.6,-18],[0,-67.28],[0,0],[0,0],[-42.8,27.28]],"v":[[-91.04,76.265],[-179.36,202.985],[-73.68,347.865],[97.52,291.545],[120.32,162.105],[150.32,7.145],[127.52,-70.295],[68.8,-100.935],[1.52,-91.335]],"c":true}]},{"t":92,"s":[{"i":[[24,-31.2],[10.16,-49.52],[-103.68,-34.56],[-18,38.32],[-3.6,18],[0,59.04],[0,0],[0,0],[26.48,-16.8]],"o":[[-12.4,16.08],[-10.24,49.84],[87.84,29.28],[25.6,-54.32],[3.6,-18],[0,-67.28],[0,0],[0,0],[-42.8,27.28]],"v":[[-91.04,76.265],[-179.36,202.985],[-73.68,347.865],[97.52,291.545],[120.32,162.105],[150.32,7.145],[127.52,-70.295],[68.8,-100.935],[1.52,-91.335]],"c":true}]}],"ix":2},"nm":"Path 1","mn":"ADBE Vector Shape - Group","hd":false},{"ty":"fl","c":{"a":0,"k":[0.948999980852,0.630999995213,0.349000010771,1],"ix":4},"o":{"a":0,"k":100,"ix":5},"r":1,"bm":0,"nm":"Fill 1","mn":"ADBE Vector Graphic - Fill","hd":false},{"ty":"tr","p":{"a":0,"k":[493.93,378.145],"ix":2},"a":{"a":0,"k":[0,0],"ix":1},"s":{"a":0,"k":[100,100],"ix":3},"r":{"a":0,"k":0,"ix":6},"o":{"a":0,"k":100,"ix":7},"sk":{"a":0,"k":0,"ix":4},"sa":{"a":0,"k":0,"ix":5},"nm":"Transform"}],"nm":"Group 12","np":2,"cix":2,"bm":0,"ix":12,"mn":"ADBE Vector Group","hd":false},{"ty":"gr","it":[{"ind":0,"ty":"sh","ix":1,"ks":{"a":1,"k":[{"i":{"x":0.553,"y":1},"o":{"x":0.333,"y":0},"t":0,"s":[{"i":[[-10.16,0],[-1.84,-12.72],[10.16,0],[0,16.8]],"o":[[10.24,0],[2.4,16.8],[-6,0],[0,-16.88]],"v":[[-0.04,-19.52],[25.8,-4.48],[-0.6,19.52],[-28.2,1.52]],"c":true}]},{"i":{"x":0.539,"y":1},"o":{"x":0.488,"y":0},"t":18,"s":[{"i":[[-10.156,0.292],[-2.205,-12.662],[10.156,-0.292],[0.483,16.793]],"o":[[10.236,-0.294],[2.882,16.724],[-5.997,0.173],[-0.486,-16.873]],"v":[[-53.158,-33.846],[-26.896,-19.555],[-52.595,5.194],[-80.701,-12.004]],"c":true}]},{"i":{"x":0.52,"y":1},"o":{"x":0.51,"y":0},"t":34,"s":[{"i":[[-10.157,-0.255],[-1.521,-12.762],[10.157,0.255],[-0.421,16.795]],"o":[[10.237,0.257],[1.977,16.855],[-5.998,-0.151],[0.424,-16.875]],"v":[[30.783,-17.284],[56.238,-1.6],[29.244,21.73],[2.104,3.043]],"c":true}]},{"i":{"x":0.539,"y":1},"o":{"x":0.488,"y":0},"t":48,"s":[{"i":[[-10.156,0.292],[-2.205,-12.662],[10.156,-0.292],[0.483,16.793]],"o":[[10.236,-0.294],[2.882,16.724],[-5.997,0.173],[-0.486,-16.873]],"v":[[-53.158,-33.846],[-26.896,-19.555],[-52.595,5.194],[-80.701,-12.004]],"c":true}]},{"i":{"x":0.667,"y":1},"o":{"x":0.581,"y":0},"t":64,"s":[{"i":[[-10.157,-0.255],[-1.521,-12.762],[10.157,0.255],[-0.421,16.795]],"o":[[10.237,0.257],[1.977,16.855],[-5.998,-0.151],[0.424,-16.875]],"v":[[30.783,-17.284],[56.238,-1.6],[29.244,21.73],[2.104,3.043]],"c":true}]},{"i":{"x":0.667,"y":1},"o":{"x":0.333,"y":0},"t":74,"s":[{"i":[[-10.16,0],[-1.84,-12.72],[10.16,0],[0,16.8]],"o":[[10.24,0],[2.4,16.8],[-6,0],[0,-16.88]],"v":[[-0.04,-8.739],[25.8,6.301],[-0.6,30.301],[-28.2,12.301]],"c":true}]},{"t":82,"s":[{"i":[[-10.16,0],[-1.84,-12.72],[10.16,0],[0,16.8]],"o":[[10.24,0],[2.4,16.8],[-6,0],[0,-16.88]],"v":[[-0.04,-19.52],[25.8,-4.48],[-0.6,19.52],[-28.2,1.52]],"c":true}]}],"ix":2},"nm":"Path 1","mn":"ADBE Vector Shape - Group","hd":false},{"ty":"fl","c":{"a":0,"k":[0.948999980852,0.630999995213,0.349000010771,1],"ix":4},"o":{"a":0,"k":100,"ix":5},"r":1,"bm":0,"nm":"Fill 1","mn":"ADBE Vector Graphic - Fill","hd":false},{"ty":"tr","p":{"a":0,"k":[613.09,656.57],"ix":2},"a":{"a":0,"k":[0,0],"ix":1},"s":{"a":0,"k":[100,100],"ix":3},"r":{"a":0,"k":0,"ix":6},"o":{"a":0,"k":100,"ix":7},"sk":{"a":0,"k":0,"ix":4},"sa":{"a":0,"k":0,"ix":5},"nm":"Transform"}],"nm":"Group 13","np":2,"cix":2,"bm":0,"ix":13,"mn":"ADBE Vector Group","hd":false},{"ty":"gr","it":[{"ind":0,"ty":"sh","ix":1,"ks":{"a":1,"k":[{"i":{"x":0.553,"y":1},"o":{"x":0.333,"y":0},"t":0,"s":[{"i":[[66.08,5.44],[13.2,-39.6],[1.76,-4.8],[12.16,-8.24],[-12.08,-9.68],[-13.6,4.96],[-12.32,-4.72],[18.56,-13.2],[-3.6,-8.48],[-19.76,2.4],[-34.8,40.881],[2.48,45.68]],"o":[[-35.92,-2.96],[-13.2,39.6],[-1.84,4.8],[-19.2,13.2],[18.88,15.12],[31.2,-11.44],[25.2,9.6],[-17.52,12.48],[3.6,8.4],[19.84,-2.4],[31.84,-37.359],[-2,-36.72]],"v":[[48.64,-154.68],[-25.84,-97.64],[-29.44,-11.16],[-73.92,22.44],[-109.92,66.92],[-41.44,63.32],[15.04,41.72],[-17.36,104.76],[-97.2,149.24],[-56.4,154.68],[77.52,83.799],[119.52,-49.56]],"c":true}]},{"i":{"x":0.539,"y":1},"o":{"x":0.488,"y":0},"t":18,"s":[{"i":[[63.413,-19.362],[-2.367,-41.674],[-0.138,-5.111],[8.255,-12.15],[-14.802,-4.53],[-10.805,9.634],[-13.192,0.167],[12.369,-19.124],[-6.478,-6.55],[-17.475,9.532],[-17.231,50.845],[19.185,41.531]],"o":[[-34.471,10.523],[2.367,41.675],[0.064,5.139],[-12.963,19.36],[23.131,7.073],[24.764,-22.159],[26.964,-0.391],[-11.668,18.071],[6.45,6.474],[17.549,-9.561],[15.781,-46.482],[-15.427,-33.382]],"v":[[3.408,-185.861],[-44.723,-105.336],[-16.112,-23.646],[-45.028,24.012],[-62.043,78.646],[0.26,49.996],[44.76,9.054],[37.948,79.605],[-19.805,150.44],[20.118,140.418],[118.368,25.069],[108.115,-114.373]],"c":true}]},{"i":{"x":0.52,"y":1},"o":{"x":0.51,"y":0},"t":34,"s":[{"i":[[62.701,21.558],[22.552,-35.126],[2.888,-4.218],[13.815,-4.989],[-9.322,-12.359],[-14.403,1.455],[-10.777,-7.611],[21.241,-8.219],[-1.399,-9.106],[-19.742,-2.544],[-43.802,31.042],[-8.854,44.882]],"o":[[-34.083,-11.722],[-22.553,35.125],[-2.967,4.198],[-21.861,8.061],[14.571,19.306],[33.057,-3.398],[22.057,15.514],[-20.055,7.777],[1.419,9.028],[19.82,2.563],[40.065,-28.36],[7.112,-36.08]],"v":[[60.743,-132.282],[-25.497,-95.357],[-50.299,-12.432],[-101.688,9.169],[-147.54,43.405],[-80.285,56.793],[-20.224,49.779],[-67.161,102.889],[-155.501,126.321],[-117.3,141.648],[29.958,105.959],[103.529,-12.936]],"c":true}]},{"i":{"x":0.539,"y":1},"o":{"x":0.488,"y":0},"t":48,"s":[{"i":[[63.413,-19.362],[-2.367,-41.674],[-0.138,-5.111],[8.255,-12.15],[-14.802,-4.53],[-10.805,9.634],[-13.192,0.167],[12.369,-19.124],[-6.478,-6.55],[-17.475,9.532],[-17.231,50.845],[19.185,41.531]],"o":[[-34.471,10.523],[2.367,41.675],[0.064,5.139],[-12.963,19.36],[23.131,7.073],[24.764,-22.159],[26.964,-0.391],[-11.668,18.071],[6.45,6.474],[17.549,-9.561],[15.781,-46.482],[-15.427,-33.382]],"v":[[3.408,-185.861],[-44.723,-105.336],[-16.112,-23.646],[-45.028,24.012],[-62.043,78.646],[0.26,49.996],[44.76,9.054],[37.948,79.605],[-19.805,150.44],[20.118,140.418],[118.368,25.069],[108.115,-114.373]],"c":true}]},{"i":{"x":0.667,"y":1},"o":{"x":0.581,"y":0},"t":64,"s":[{"i":[[62.701,21.558],[22.552,-35.126],[2.888,-4.218],[13.815,-4.989],[-9.322,-12.359],[-14.403,1.455],[-10.777,-7.611],[21.241,-8.219],[-1.399,-9.106],[-19.742,-2.544],[-43.802,31.042],[-8.854,44.882]],"o":[[-34.083,-11.722],[-22.553,35.125],[-2.967,4.198],[-21.861,8.061],[14.571,19.306],[33.057,-3.398],[22.057,15.514],[-20.055,7.777],[1.419,9.028],[19.82,2.563],[40.065,-28.36],[7.112,-36.08]],"v":[[60.743,-132.282],[-25.497,-95.357],[-50.299,-12.432],[-101.688,9.169],[-147.54,43.405],[-80.285,56.793],[-20.224,49.779],[-67.161,102.889],[-155.501,126.321],[-117.3,141.648],[29.958,105.959],[103.529,-12.936]],"c":true}]},{"i":{"x":0.667,"y":1},"o":{"x":0.333,"y":0},"t":74,"s":[{"i":[[66.08,5.44],[11.932,-40],[1.606,-4.854],[11.891,-8.623],[-12.385,-9.287],[-13.435,5.391],[-12.464,-4.325],[18.12,-13.798],[-3.897,-8.348],[-19.675,3.018],[-33.506,41.949],[3.941,45.577]],"o":[[-35.92,-2.96],[-11.932,40],[-1.686,4.856],[-18.77,13.805],[19.352,14.511],[30.82,-12.428],[25.493,8.793],[-17.114,13.031],[3.866,8.281],[19.754,-3.031],[30.634,-38.354],[-3.168,-36.638]],"v":[[48.64,-143.899],[-26.28,-85.981],[-27.124,0.569],[-70.512,35.569],[-105.077,81.172],[-36.747,75.394],[19.017,52.006],[-11.359,116.046],[-89.743,163.046],[-48.79,167.184],[82.805,92.075],[120.538,-42.554]],"c":true}]},{"i":{"x":0.667,"y":1},"o":{"x":0.333,"y":0},"t":84,"s":[{"i":[[66.08,5.44],[14.082,-39.295],[1.867,-4.759],[12.341,-7.966],[-11.864,-9.944],[-13.707,4.655],[-12.211,-4.994],[18.841,-12.796],[-3.439,-8.547],[-19.81,1.948],[-35.729,40.072],[1.466,45.724]],"o":[[-35.92,-2.96],[-14.082,39.295],[-1.947,4.758],[-19.49,12.768],[18.537,15.538],[31.448,-10.74],[24.979,10.161],[-17.795,12.085],[3.411,8.478],[19.889,-1.956],[32.667,-36.638],[-1.179,-36.755]],"v":[[48.64,-154.68],[-24.41,-98.19],[-29.942,-11.813],[-75.162,20.785],[-112.147,64.449],[-43.604,62.381],[13.345,42.048],[-20.456,104.349],[-101.27,147.033],[-60.602,153.383],[74.869,85.513],[119.839,-46.874]],"c":true}]},{"t":92,"s":[{"i":[[66.08,5.44],[13.2,-39.6],[1.76,-4.8],[12.16,-8.24],[-12.08,-9.68],[-13.6,4.96],[-12.32,-4.72],[18.56,-13.2],[-3.6,-8.48],[-19.76,2.4],[-34.8,40.881],[2.48,45.68]],"o":[[-35.92,-2.96],[-13.2,39.6],[-1.84,4.8],[-19.2,13.2],[18.88,15.12],[31.2,-11.44],[25.2,9.6],[-17.52,12.48],[3.6,8.4],[19.84,-2.4],[31.84,-37.359],[-2,-36.72]],"v":[[48.64,-154.68],[-25.84,-97.64],[-29.44,-11.16],[-73.92,22.44],[-109.92,66.92],[-41.44,63.32],[15.04,41.72],[-17.36,104.76],[-97.2,149.24],[-56.4,154.68],[77.52,83.799],[119.52,-49.56]],"c":true}]}],"ix":2},"nm":"Path 1","mn":"ADBE Vector Shape - Group","hd":false},{"ty":"fl","c":{"a":0,"k":[0.948999980852,0.630999995213,0.349000010771,1],"ix":4},"o":{"a":0,"k":100,"ix":5},"r":1,"bm":0,"nm":"Fill 1","mn":"ADBE Vector Graphic - Fill","hd":false},{"ty":"tr","p":{"a":0,"k":[641.93,846.93],"ix":2},"a":{"a":0,"k":[0,0],"ix":1},"s":{"a":0,"k":[100,100],"ix":3},"r":{"a":0,"k":0,"ix":6},"o":{"a":0,"k":100,"ix":7},"sk":{"a":0,"k":0,"ix":4},"sa":{"a":0,"k":0,"ix":5},"nm":"Transform"}],"nm":"Group 14","np":2,"cix":2,"bm":0,"ix":14,"mn":"ADBE Vector Group","hd":false},{"ty":"gr","it":[{"ind":0,"ty":"sh","ix":1,"ks":{"a":1,"k":[{"i":{"x":0.553,"y":1},"o":{"x":0.333,"y":0},"t":0,"s":[{"i":[[9.12,-8],[-9.68,-10.239],[-12,10.8],[15.68,16.8]],"o":[[-13.84,12],[9.68,10.24],[12,-10.801],[-11.04,-11.84]],"v":[[-21.32,-30.84],[-18.28,15.399],[23.16,28.04],[15.32,-20.601]],"c":true}]},{"i":{"x":0.539,"y":1},"o":{"x":0.488,"y":0},"t":18,"s":[{"i":[[8.886,-8.259],[-9.971,-9.957],[-11.684,11.141],[16.157,16.342]],"o":[[-13.489,12.394],[9.97,9.957],[11.685,-11.14],[-11.376,-11.518]],"v":[[-75.876,-34.59],[-71.507,11.544],[-29.721,22.986],[-38.957,-25.408]],"c":true}]},{"i":{"x":0.52,"y":1},"o":{"x":0.51,"y":0},"t":34,"s":[{"i":[[9.318,-7.769],[-9.42,-10.48],[-12.267,10.495],[15.253,17.188]],"o":[[-14.137,11.649],[9.42,10.479],[12.267,-10.497],[-10.74,-12.113]],"v":[[11.005,-37.791],[12.884,8.511],[53.994,22.187],[47.377,-26.635]],"c":true}]},{"i":{"x":0.539,"y":1},"o":{"x":0.488,"y":0},"t":48,"s":[{"i":[[8.886,-8.259],[-9.971,-9.957],[-11.684,11.141],[16.157,16.342]],"o":[[-13.489,12.394],[9.97,9.957],[11.685,-11.14],[-11.376,-11.518]],"v":[[-75.876,-34.59],[-71.507,11.544],[-29.721,22.986],[-38.957,-25.408]],"c":true}]},{"i":{"x":0.667,"y":1},"o":{"x":0.581,"y":0},"t":64,"s":[{"i":[[9.318,-7.769],[-9.42,-10.48],[-12.267,10.495],[15.253,17.188]],"o":[[-14.137,11.649],[9.42,10.479],[12.267,-10.497],[-10.74,-12.113]],"v":[[11.005,-37.791],[12.884,8.511],[53.994,22.187],[47.377,-26.635]],"c":true}]},{"i":{"x":0.667,"y":1},"o":{"x":0.333,"y":0},"t":74,"s":[{"i":[[9.12,-8],[-9.68,-10.239],[-12,10.8],[15.68,16.8]],"o":[[-13.84,12],[9.68,10.24],[12,-10.801],[-11.04,-11.84]],"v":[[-21.32,-20.059],[-18.28,26.18],[23.16,38.821],[15.32,-9.82]],"c":true}]},{"t":82,"s":[{"i":[[9.12,-8],[-9.68,-10.239],[-12,10.8],[15.68,16.8]],"o":[[-13.84,12],[9.68,10.24],[12,-10.801],[-11.04,-11.84]],"v":[[-21.32,-30.84],[-18.28,15.399],[23.16,28.04],[15.32,-20.601]],"c":true}]}],"ix":2},"nm":"Path 1","mn":"ADBE Vector Shape - Group","hd":false},{"ty":"fl","c":{"a":0,"k":[0.948999980852,0.630999995213,0.349000010771,1],"ix":4},"o":{"a":0,"k":100,"ix":5},"r":1,"bm":0,"nm":"Fill 1","mn":"ADBE Vector Graphic - Fill","hd":false},{"ty":"tr","p":{"a":0,"k":[267.49,612.61],"ix":2},"a":{"a":0,"k":[0,0],"ix":1},"s":{"a":0,"k":[100,100],"ix":3},"r":{"a":0,"k":0,"ix":6},"o":{"a":0,"k":100,"ix":7},"sk":{"a":0,"k":0,"ix":4},"sa":{"a":0,"k":0,"ix":5},"nm":"Transform"}],"nm":"Group 15","np":2,"cix":2,"bm":0,"ix":15,"mn":"ADBE Vector Group","hd":false},{"ty":"gr","it":[{"ind":0,"ty":"sh","ix":1,"ks":{"a":1,"k":[{"i":{"x":0.553,"y":1},"o":{"x":0.333,"y":0},"t":0,"s":[{"i":[[46.4,40.88],[29.68,-108.88],[-30.8,-40.4],[-13.6,5.6],[9.6,24],[-7.2,-0.881],[-27.28,-16.8],[-5.6,0.799],[20.8,36],[-1.6,3.2],[-5.76,9.84]],"o":[[-28.08,-24.64],[-29.68,108.88],[26.4,34.64],[10.96,-4.479],[-7.92,-19.841],[12.8,1.599],[16.64,10.24],[8.4,-1.201],[-20.8,-36],[1.6,-3.2],[8.32,-14.32]],"v":[[61.32,-167.04],[-78.04,-78.96],[-42.04,138.4],[37.24,186.08],[-2.76,107.601],[-5.16,43.521],[61.32,125.2],[94.92,139.601],[58.92,57.12],[27.72,-0.96],[73.4,-53.84]],"c":true}]},{"i":{"x":0.539,"y":1},"o":{"x":0.488,"y":0},"t":18,"s":[{"i":[[59.666,16.253],[-21.331,-110.819],[-45.45,-22.695],[-9.741,11.02],[19.193,17.315],[-6.851,2.381],[-31.891,-3.062],[-4.675,3.185],[34.534,23.152],[-0.026,3.577],[-0.835,11.371]],"o":[[-36.064,-9.746],[21.331,110.818],[38.962,19.464],[7.864,-8.85],[-15.851,-14.321],[12.195,-4.205],[19.45,1.86],[7.012,-4.778],[-34.535,-23.152],[0.027,-3.579],[1.159,-16.522]],"v":[[-0.096,-137.143],[-86.389,3.331],[41.701,182.591],[133.879,190.461],[63.391,137.635],[33.002,81.169],[128.67,125.2],[165.178,123.322],[96.519,65.142],[42.919,26.752],[60.626,-40.846]],"c":true}]},{"i":{"x":0.52,"y":1},"o":{"x":0.51,"y":0},"t":34,"s":[{"i":[[35.365,50.729],[54.687,-98.717],[-20.325,-46.558],[-14.541,2.211],[3.626,25.593],[-6.785,-2.564],[-22.51,-22.798],[-5.63,-0.553],[11.656,39.909],[-2.314,2.728],[-7.932,8.19]],"o":[[-21.426,-30.604],[-54.686,98.718],[17.419,39.919],[11.71,-1.749],[-2.982,-21.153],[12.054,4.594],[13.733,13.898],[8.444,0.829],[-11.656,-39.91],[2.315,-2.729],[11.483,-11.935]],"v":[[103.256,-187.586],[-53.034,-135.119],[-69.68,84.572],[-3.99,149.715],[-24.209,63.981],[-11.324,1.164],[33.858,96.295],[63.078,118.262],[47.694,29.593],[31.178,-34.235],[88.109,-74.755]],"c":true}]},{"i":{"x":0.539,"y":1},"o":{"x":0.488,"y":0},"t":48,"s":[{"i":[[59.666,16.253],[-21.331,-110.819],[-45.45,-22.695],[-9.741,11.02],[19.193,17.315],[-6.851,2.381],[-31.891,-3.062],[-4.675,3.185],[34.534,23.152],[-0.026,3.577],[-0.835,11.371]],"o":[[-36.064,-9.746],[21.331,110.818],[38.962,19.464],[7.864,-8.85],[-15.851,-14.321],[12.195,-4.205],[19.45,1.86],[7.012,-4.778],[-34.535,-23.152],[0.027,-3.579],[1.159,-16.522]],"v":[[-0.096,-137.143],[-86.389,3.331],[41.701,182.591],[133.879,190.461],[63.391,137.635],[33.002,81.169],[128.67,125.2],[165.178,123.322],[96.519,65.142],[42.919,26.752],[60.626,-40.846]],"c":true}]},{"i":{"x":0.667,"y":1},"o":{"x":0.581,"y":0},"t":64,"s":[{"i":[[35.365,50.729],[54.687,-98.717],[-20.325,-46.558],[-14.541,2.211],[3.626,25.593],[-6.785,-2.564],[-22.51,-22.798],[-5.63,-0.553],[11.656,39.909],[-2.314,2.728],[-7.932,8.19]],"o":[[-21.426,-30.604],[-54.686,98.718],[17.419,39.919],[11.71,-1.749],[-2.982,-21.153],[12.054,4.594],[13.733,13.898],[8.444,0.829],[-11.656,-39.91],[2.315,-2.729],[11.483,-11.935]],"v":[[103.256,-187.586],[-53.034,-135.119],[-69.68,84.572],[-3.99,149.715],[-24.209,63.981],[-11.324,1.164],[33.858,96.295],[63.078,118.262],[47.694,29.593],[31.178,-34.235],[88.109,-74.755]],"c":true}]},{"i":{"x":0.667,"y":1},"o":{"x":0.333,"y":0},"t":74,"s":[{"i":[[46.4,40.88],[24.49,-110.163],[-32.673,-38.901],[-13.32,6.238],[10.709,23.526],[-7.232,-0.557],[-28.05,-15.48],[-5.556,1.065],[22.482,34.975],[-1.447,3.272],[-5.288,10.102]],"o":[[-28.08,-24.64],[-24.49,110.163],[28.011,33.351],[10.736,-4.993],[-8.851,-19.444],[12.861,0.991],[17.106,9.441],[8.334,-1.597],[-22.482,-34.975],[1.447,-3.272],[7.633,-14.698]],"v":[[61.32,-156.259],[-75.785,-64.497],[-29.532,150.915],[51.917,194.787],[8.245,118.29],[2.813,54.395],[73.087,132.834],[107.331,145.628],[67.466,64.945],[33.55,8.407],[76.674,-46.577]],"c":true}]},{"i":{"x":0.833,"y":1},"o":{"x":0.333,"y":0},"t":84,"s":[{"i":[[46.4,40.88],[25.04,-110.04],[-32.478,-39.064],[-13.351,6.171],[10.592,23.579],[-7.229,-0.593],[-27.972,-15.62],[-5.561,1.037],[22.307,35.086],[-1.463,3.265],[-5.338,10.075]],"o":[[-28.08,-24.64],[-25.04,110.04],[27.844,33.49],[10.76,-4.939],[-8.754,-19.488],[12.856,1.055],[17.059,9.526],[8.342,-1.556],[-22.307,-35.086],[1.463,-3.265],[7.706,-14.66]],"v":[[61.32,-167.04],[-81.399,-75.674],[-36.221,139.966],[45.008,184.243],[1.718,107.53],[-3.395,43.609],[66.487,122.398],[100.667,135.362],[61.204,54.481],[27.571,-2.225],[70.969,-56.993]],"c":true}]},{"t":92,"s":[{"i":[[46.4,40.88],[29.68,-108.88],[-30.8,-40.4],[-13.6,5.6],[9.6,24],[-7.2,-0.881],[-27.28,-16.8],[-5.6,0.799],[20.8,36],[-1.6,3.2],[-5.76,9.84]],"o":[[-28.08,-24.64],[-29.68,108.88],[26.4,34.64],[10.96,-4.479],[-7.92,-19.841],[12.8,1.599],[16.64,10.24],[8.4,-1.201],[-20.8,-36],[1.6,-3.2],[8.32,-14.32]],"v":[[61.32,-167.04],[-78.04,-78.96],[-42.04,138.4],[37.24,186.08],[-2.76,107.601],[-5.16,43.521],[61.32,125.2],[94.92,139.601],[58.92,57.12],[27.72,-0.96],[73.4,-53.84]],"c":true}]}],"ix":2},"nm":"Path 1","mn":"ADBE Vector Shape - Group","hd":false},{"ty":"fl","c":{"a":0,"k":[0.948999980852,0.630999995213,0.349000010771,1],"ix":4},"o":{"a":0,"k":100,"ix":5},"r":1,"bm":0,"nm":"Fill 1","mn":"ADBE Vector Graphic - Fill","hd":false},{"ty":"tr","p":{"a":0,"k":[107.97,738.17],"ix":2},"a":{"a":0,"k":[0,0],"ix":1},"s":{"a":0,"k":[100,100],"ix":3},"r":{"a":0,"k":0,"ix":6},"o":{"a":0,"k":100,"ix":7},"sk":{"a":0,"k":0,"ix":4},"sa":{"a":0,"k":0,"ix":5},"nm":"Transform"}],"nm":"Group 16","np":2,"cix":2,"bm":0,"ix":16,"mn":"ADBE Vector Group","hd":false},{"ty":"gr","it":[{"ind":0,"ty":"sh","ix":1,"ks":{"a":1,"k":[{"i":{"x":0.553,"y":1},"o":{"x":0.333,"y":0},"t":0,"s":[{"i":[[0,0],[0,0],[14.4,14.4],[3.6,-10.8],[-14.48,-21.68],[7.2,-7.2],[33.04,19.2],[7.28,-1.2],[18,-4.8],[-0.64,-10.24],[-30.4,1.2],[-28.8,-3.6],[9.6,-6],[14.4,2.4],[21.6,-2.4],[1.2,-8.4],[-42.08,1.2],[-15.6,-2.4],[0,0],[0,0],[0,0],[25.2,3.6],[0,0],[31.28,2.4],[9.6,-15.6],[0,0],[-7.2,-2.4],[-2.16,8.24],[2.4,20.48],[0,0],[0,0],[0,0],[-13.92,4.079],[0,0],[-27.68,-7.2],[0,0],[0,0],[-34.24,6.64],[0,0],[-13.2,-9.6],[0,0],[24,-14.48],[-3.44,-11.52],[0,0],[0,0],[0,0],[26.4,26.48],[0,0],[3.6,4.8],[0,0],[-7.84,1.2],[-22.64,-14.4],[3.28,20.48],[38.48,33.68],[13.2,1.2],[2.4,14.4],[-16.16,17.44],[-10.8,-1.2],[-16.8,-10.88],[7.2,28.88],[37.28,36.08],[15.6,1.2],[0,0],[-8.4,9.6],[0,0],[-16.88,2.4],[0,8.4],[12,2.4],[7.28,0],[6.32,-8],[0,0]],"o":[[-36,-1.2],[0,0],[-14.4,-14.4],[-3.6,10.8],[14.48,21.68],[-7.2,7.2],[-33.44,-19.44],[-7.2,1.2],[-18,4.8],[0.48,8.48],[30.64,-1.2],[28.8,3.6],[-9.6,6],[-14.4,-2.4],[-21.6,2.4],[-1.2,8.4],[42,-1.2],[15.6,2.4],[0,0],[0,0],[0,0],[-25.2,-3.6],[0,0],[-31.2,-2.4],[-9.6,15.6],[0,0],[7.2,2.4],[3.04,-11.44],[-2.4,-20.4],[0,0],[0,0],[0,0],[14.4,-4.241],[0,0],[27.68,7.2],[0,0],[0,0],[18.32,-3.52],[0,0],[13.2,9.6],[0,0],[-24,14.4],[4.24,13.84],[0,0],[0,0],[0,0],[-26.4,-26.48],[0,0],[-3.6,-4.8],[0,0],[24.96,-3.84],[22.8,14.4],[-3.04,-18.64],[-38.48,-33.68],[-13.2,-1.2],[-2.4,-14.4],[16.24,-17.44],[10.8,1.2],[16.8,10.8],[-4.4,-17.52],[-37.2,-36],[-15.6,-1.2],[0,0],[8.4,-9.6],[0,0],[16.8,-2.4],[0,-8.4],[-12,-2.4],[-7.28,0],[-9.04,11.44],[0,0]],"v":[[63.8,-267.56],[-46.68,-245.96],[-80.28,-310.2],[-149.96,-321.64],[-101.88,-277.16],[-76.68,-220.68],[-127.16,-249.48],[-174.04,-265.08],[-249.08,-228.44],[-327.72,-215.8],[-262.84,-195.4],[-169.16,-218.2],[-119.88,-178.6],[-162.52,-197.24],[-238.76,-173.8],[-319.24,-169],[-241.16,-146.2],[-164.28,-156.44],[-124.68,-121],[-123.48,-87.4],[-147.48,-85],[-184.68,-111.4],[-225.48,-105.4],[-283.16,-134.2],[-360.04,-109],[-402.04,143.24],[-321.56,250.76],[-300.52,241.72],[-316.76,179.24],[-325.16,98.76],[-353.96,12.28],[-281.88,-0.92],[-244.68,-4.519],[-215.88,-23.72],[-166.6,3.88],[-92.36,-2.12],[9.72,24.28],[117.8,37.48],[150.2,25.48],[167,59.08],[170.6,222.44],[135.8,274.12],[81.72,318.6],[108.76,325.8],[223.48,272.92],[291.96,61.56],[271.56,-8.12],[217.48,-26.12],[213.24,-41.16],[198.2,-50.2],[242.04,-69.4],[329.08,-10.52],[398.76,9.88],[345.88,-38.2],[253.4,-119.88],[172.92,-94.68],[204.12,-139.16],[243.72,-171.56],[308.6,-121.08],[387.88,-99.48],[317,-152.36],[235.32,-228.04],[169.88,-166.76],[207.08,-226.84],[230.52,-255.64],[277.4,-246.04],[317,-264.04],[275,-274.84],[225.72,-294.04],[194.52,-267.64],[150.68,-217.8]],"c":true}]},{"i":{"x":0.539,"y":1},"o":{"x":0.488,"y":0},"t":18,"s":[{"i":[[0,0],[0,0],[14.808,13.98],[3.6,-10.8],[-15.097,-21.254],[6.99,-7.404],[33.579,18.242],[7.242,-1.408],[15.339,-10.57],[-0.64,-10.24],[-28.227,11.349],[-28.891,-2.77],[9.423,-6.274],[14.463,1.985],[20.691,-6.65],[1.2,-8.4],[-41,9.548],[-15.663,-1.95],[0,0],[0,0],[0,0],[25.293,2.873],[0,0],[29.137,-11.627],[1.744,-18.235],[0,0],[-7.521,1.018],[1.692,8.349],[11.178,17.327],[0,0],[0,0],[0,0],[-10.699,9.797],[0,0],[-27.875,-6.4],[0,0],[0,0],[-34.035,7.622],[0,0],[-15.813,-4.043],[0,0],[16.951,-22.323],[-7.453,-9.433],[0,0],[0,0],[0,0],[34.317,14.851],[0,0],[3.737,4.694],[0,0],[-7.802,1.425],[-22.64,-14.399],[3.28,20.48],[38.48,33.679],[13.23,0.82],[2.813,14.325],[-15.651,17.898],[-10.83,-0.889],[-16.8,-10.88],[7.2,28.881],[37.28,36.08],[15.628,0.751],[0,0],[-8.12,9.838],[0,0],[-16.88,2.4],[0,8.4],[12,2.4],[7.277,-0.209],[6.087,-8.178],[0,0]],"o":[[-36.02,-0.164],[0,0],[-14.808,-13.98],[-3.6,10.8],[15.098,21.254],[-6.99,7.404],[-33.985,-18.469],[-7.163,1.407],[-15.339,10.572],[0.48,8.48],[28.454,-11.429],[28.892,2.77],[-9.424,6.273],[-14.463,-1.985],[-20.69,6.65],[-1.2,8.4],[40.921,-9.533],[15.662,1.95],[0,0],[0,0],[0,0],[-25.293,-2.874],[0,0],[-29.066,11.593],[-1.745,18.234],[0,0],[7.521,-1.018],[-2.312,-11.609],[-11.143,-17.256],[0,0],[0,0],[0,0],[11.058,-10.15],[0,0],[27.876,6.401],[0,0],[0,0],[18.211,-4.045],[0,0],[15.813,4.043],[0,0],[-16.98,22.249],[9.054,11.294],[0,0],[0,0],[0,0],[-34.316,-14.851],[0,0],[-3.736,-4.695],[0,0],[24.839,-4.556],[22.8,14.401],[-3.04,-18.64],[-38.48,-33.68],[-13.229,-0.819],[-2.814,-14.325],[15.732,-17.9],[10.83,0.889],[16.8,10.8],[-4.4,-17.519],[-37.2,-36],[-15.628,-0.751],[0,0],[8.12,-9.837],[0,0],[16.8,-2.4],[0,-8.4],[-12,-2.4],[-7.277,0.209],[-8.708,11.695],[0,0]],"v":[[4.067,-279.183],[-105.746,-254.414],[-130.18,-327.661],[-184.605,-321.528],[-150.821,-294.013],[-135.006,-228.281],[-186.294,-255.618],[-233.603,-269.863],[-289.678,-229.68],[-362.365,-215.688],[-291.532,-193.937],[-227.377,-223.142],[-176.978,-184.976],[-220.137,-202.382],[-276.175,-173.651],[-353.885,-168.888],[-273.035,-146.125],[-220.722,-161.548],[-180.119,-127.262],[-177.953,-93.71],[-201.874,-90.621],[-239.818,-115.94],[-280.429,-108.769],[-359.306,-103.744],[-417.217,-47.246],[-343.779,197.694],[-224.157,258.753],[-209.253,241.367],[-251.361,192.435],[-294.363,123.889],[-358.321,58.947],[-299.431,15.338],[-267.623,-4.286],[-258.275,-19.602],[-218.43,-1.228],[-144.393,-9.361],[-41.596,14.092],[66.819,24.177],[98.86,11.251],[141.206,49.061],[204.916,199.528],[191.676,260.41],[157.86,321.725],[185.647,318.424],[272.707,226.895],[258.238,5.19],[213.533,-52.02],[164.628,-52.263],[159.957,-57.175],[144.664,-65.779],[187.933,-86.232],[294.435,-20.409],[364.115,9.992],[311.235,-48.088],[197.836,-137.018],[118.115,-109.513],[148.022,-154.872],[186.674,-188.398],[273.955,-130.968],[353.235,-99.369],[282.355,-162.248],[176.653,-244.613],[113.003,-181.476],[148.459,-242.601],[171.061,-272.063],[242.755,-255.928],[282.355,-263.928],[240.355,-284.728],[165.158,-310.309],[134.731,-283.023],[92.342,-231.942]],"c":true}]},{"i":{"x":0.52,"y":1},"o":{"x":0.51,"y":0},"t":34,"s":[{"i":[[0,0],[0,0],[14.4,14.4],[3.6,-10.8],[-16.889,-19.861],[7.378,-7.017],[32.547,20.023],[7.307,-1.017],[18,-4.8],[-0.64,-10.24],[-30.4,1.2],[-28.701,-4.321],[9.748,-5.757],[14.335,2.761],[21.6,-2.4],[1.2,-8.4],[-42.08,1.2],[-15.535,-2.79],[0,0],[0,0],[0,0],[25.101,4.231],[0,0],[29.815,9.76],[13.029,-12.874],[0,0],[-6.424,-4.041],[-4.055,7.491],[-2.532,20.464],[0,0],[0,0],[0,0],[-14.491,0.658],[0,0],[-27.491,-7.891],[0,0],[0,0],[-34.396,5.778],[0,0],[-10.427,-12.557],[0,0],[26.829,-8.118],[-0.494,-12.013],[0,0],[0,0],[0,0],[19.059,32.169],[0,0],[3.479,4.889],[0,0],[-7.868,1.003],[-22.64,-14.399],[3.28,20.48],[38.48,33.679],[13.165,1.531],[2.038,14.457],[-16.593,17.028],[-10.766,-1.47],[-16.8,-10.88],[7.2,28.881],[37.28,36.081],[15.565,1.591],[0,0],[-8.638,9.387],[0,0],[-17.034,-0.735],[0,8.4],[11.357,4.559],[7.278,0.183],[6.518,-7.839],[0,0]],"o":[[-35.959,-2.103],[0,0],[-14.4,-14.4],[-3.6,10.8],[16.889,19.86],[-7.378,7.017],[-32.942,-20.273],[-7.228,1.019],[-18,4.8],[0.48,8.48],[30.64,-1.2],[28.701,4.322],[-9.747,5.758],[-14.335,-2.76],[-21.6,2.4],[-1.2,8.4],[42,-1.201],[15.535,2.79],[0,0],[0,0],[0,0],[-25.102,-4.231],[0,0],[-29.738,-9.739],[-13.03,12.874],[0,0],[6.424,4.041],[5.67,-10.39],[2.513,-20.386],[0,0],[0,0],[0,0],[14.995,-0.699],[0,0],[27.491,7.893],[0,0],[0,0],[18.402,-3.06],[0,0],[10.427,12.558],[0,0],[-26.808,8.041],[0.699,14.458],[0,0],[0,0],[0,0],[-19.06,-32.169],[0,0],[-3.478,-4.889],[0,0],[25.048,-3.212],[22.8,14.401],[-3.04,-18.64],[-38.48,-33.68],[-13.166,-1.531],[-2.038,-14.455],[16.672,-17.027],[10.767,1.471],[16.8,10.8],[-4.4,-17.519],[-37.2,-35.999],[-15.565,-1.591],[0,0],[8.639,-9.386],[0,0],[16.955,0.72],[0,-8.4],[-11.357,-4.559],[-7.278,-0.182],[-9.324,11.21],[0,0]],"v":[[100.453,-267.525],[-10.534,-248.704],[-59.912,-305.308],[-134.854,-322.948],[-74.934,-271.278],[-41.159,-224.184],[-90.9,-254.241],[-137.374,-271.012],[-233.974,-242.748],[-312.614,-217.108],[-247.734,-209.708],[-133.672,-224.025],[-85.401,-183.201],[-127.56,-202.905],[-223.654,-185.108],[-304.134,-170.308],[-226.054,-157.508],[-130.343,-162.162],[-91.644,-125.74],[-91.288,-92.12],[-115.34,-90.323],[-151.866,-117.648],[-192.804,-112.673],[-233.801,-152.369],[-314.466,-146.146],[-415.164,88.906],[-362.519,212.461],[-339.934,208.676],[-340.872,144.127],[-329.921,63.954],[-337.361,-26.891],[-264.208,-22.596],[-227.217,-17.26],[-185.256,-30.778],[-136.684,-1.951],[-62.317,-6.087],[39.069,22.867],[146.784,38.774],[179.475,27.59],[171.209,64.229],[134.438,223.437],[87.974,264.947],[24.6,294.727],[49.032,308.369],[173.246,285.393],[291.704,97.429],[289.106,14.871],[248.028,-22.306],[244.166,-37.448],[229.358,-46.862],[273.666,-64.957],[344.186,-11.829],[413.866,8.572],[360.986,-39.508],[286.289,-115.135],[205.202,-91.963],[237.508,-135.645],[277.908,-167.042],[323.706,-122.388],[402.986,-100.789],[332.106,-153.669],[270.928,-223.715],[203.971,-164.096],[242.666,-223.224],[266.822,-251.426],[289.846,-247.372],[332.106,-265.348],[292.766,-276.124],[262.986,-289.935],[231.134,-264.326],[186.057,-215.601]],"c":true}]},{"i":{"x":0.539,"y":1},"o":{"x":0.488,"y":0},"t":48,"s":[{"i":[[0,0],[0,0],[14.808,13.98],[3.6,-10.8],[-15.097,-21.254],[6.99,-7.404],[33.579,18.242],[7.242,-1.408],[15.339,-10.57],[-0.64,-10.24],[-28.227,11.349],[-28.891,-2.77],[9.423,-6.274],[14.463,1.985],[20.691,-6.65],[1.2,-8.4],[-41,9.548],[-15.663,-1.95],[0,0],[0,0],[0,0],[25.293,2.873],[0,0],[29.137,-11.627],[1.744,-18.235],[0,0],[-7.521,1.018],[1.692,8.349],[11.178,17.327],[0,0],[0,0],[0,0],[-10.699,9.797],[0,0],[-27.875,-6.4],[0,0],[0,0],[-34.035,7.622],[0,0],[-15.813,-4.043],[0,0],[16.951,-22.323],[-7.453,-9.433],[0,0],[0,0],[0,0],[34.317,14.851],[0,0],[3.737,4.694],[0,0],[-7.802,1.425],[-22.64,-14.399],[3.28,20.48],[38.48,33.679],[13.23,0.82],[2.813,14.325],[-15.651,17.898],[-10.83,-0.889],[-16.8,-10.88],[7.2,28.881],[37.28,36.08],[15.628,0.751],[0,0],[-8.12,9.838],[0,0],[-16.88,2.4],[0,8.4],[12,2.4],[7.277,-0.209],[6.087,-8.178],[0,0]],"o":[[-36.02,-0.164],[0,0],[-14.808,-13.98],[-3.6,10.8],[15.098,21.254],[-6.99,7.404],[-33.985,-18.469],[-7.163,1.407],[-15.339,10.572],[0.48,8.48],[28.454,-11.429],[28.892,2.77],[-9.424,6.273],[-14.463,-1.985],[-20.69,6.65],[-1.2,8.4],[40.921,-9.533],[15.662,1.95],[0,0],[0,0],[0,0],[-25.293,-2.874],[0,0],[-29.066,11.593],[-1.745,18.234],[0,0],[7.521,-1.018],[-2.312,-11.609],[-11.143,-17.256],[0,0],[0,0],[0,0],[11.058,-10.15],[0,0],[27.876,6.401],[0,0],[0,0],[18.211,-4.045],[0,0],[15.813,4.043],[0,0],[-16.98,22.249],[9.054,11.294],[0,0],[0,0],[0,0],[-34.316,-14.851],[0,0],[-3.736,-4.695],[0,0],[24.839,-4.556],[22.8,14.401],[-3.04,-18.64],[-38.48,-33.68],[-13.229,-0.819],[-2.814,-14.325],[15.732,-17.9],[10.83,0.889],[16.8,10.8],[-4.4,-17.519],[-37.2,-36],[-15.628,-0.751],[0,0],[8.12,-9.837],[0,0],[16.8,-2.4],[0,-8.4],[-12,-2.4],[-7.277,0.209],[-8.708,11.695],[0,0]],"v":[[4.067,-279.183],[-105.746,-254.414],[-130.18,-327.661],[-184.605,-321.528],[-150.821,-294.013],[-135.006,-228.281],[-186.294,-255.618],[-233.603,-269.863],[-289.678,-229.68],[-362.365,-215.688],[-291.532,-193.937],[-227.377,-223.142],[-176.978,-184.976],[-220.137,-202.382],[-276.175,-173.651],[-353.885,-168.888],[-273.035,-146.125],[-220.722,-161.548],[-180.119,-127.262],[-177.953,-93.71],[-201.874,-90.621],[-239.818,-115.94],[-280.429,-108.769],[-359.306,-103.744],[-417.217,-47.246],[-343.779,197.694],[-224.157,258.753],[-209.253,241.367],[-251.361,192.435],[-294.363,123.889],[-358.321,58.947],[-299.431,15.338],[-267.623,-4.286],[-258.275,-19.602],[-218.43,-1.228],[-144.393,-9.361],[-41.596,14.092],[66.819,24.177],[98.86,11.251],[141.206,49.061],[204.916,199.528],[191.676,260.41],[157.86,321.725],[185.647,318.424],[272.707,226.895],[258.238,5.19],[213.533,-52.02],[164.628,-52.263],[159.957,-57.175],[144.664,-65.779],[187.933,-86.232],[294.435,-20.409],[364.115,9.992],[311.235,-48.088],[197.836,-137.018],[118.115,-109.513],[148.022,-154.872],[186.674,-188.398],[273.955,-130.968],[353.235,-99.369],[282.355,-162.248],[176.653,-244.613],[113.003,-181.476],[148.459,-242.601],[171.061,-272.063],[242.755,-255.928],[282.355,-263.928],[240.355,-284.728],[165.158,-310.309],[134.731,-283.023],[92.342,-231.942]],"c":true}]},{"i":{"x":0.667,"y":1},"o":{"x":0.581,"y":0},"t":64,"s":[{"i":[[0,0],[0,0],[14.4,14.4],[3.6,-10.8],[-16.889,-19.861],[7.378,-7.017],[32.547,20.023],[7.307,-1.017],[18,-4.8],[-0.64,-10.24],[-30.4,1.2],[-28.701,-4.321],[9.748,-5.757],[14.335,2.761],[21.6,-2.4],[1.2,-8.4],[-42.08,1.2],[-15.535,-2.79],[0,0],[0,0],[0,0],[25.101,4.231],[0,0],[29.815,9.76],[13.029,-12.874],[0,0],[-6.424,-4.041],[-4.055,7.491],[-2.532,20.464],[0,0],[0,0],[0,0],[-14.491,0.658],[0,0],[-27.491,-7.891],[0,0],[0,0],[-34.396,5.778],[0,0],[-10.427,-12.557],[0,0],[26.829,-8.118],[-0.494,-12.013],[0,0],[0,0],[0,0],[19.059,32.169],[0,0],[3.479,4.889],[0,0],[-7.868,1.003],[-22.64,-14.399],[3.28,20.48],[38.48,33.679],[13.165,1.531],[2.038,14.457],[-16.593,17.028],[-10.766,-1.47],[-16.8,-10.88],[7.2,28.881],[37.28,36.081],[15.565,1.591],[0,0],[-8.638,9.387],[0,0],[-17.034,-0.735],[0,8.4],[11.357,4.559],[7.278,0.183],[6.518,-7.839],[0,0]],"o":[[-35.959,-2.103],[0,0],[-14.4,-14.4],[-3.6,10.8],[16.889,19.86],[-7.378,7.017],[-32.942,-20.273],[-7.228,1.019],[-18,4.8],[0.48,8.48],[30.64,-1.2],[28.701,4.322],[-9.747,5.758],[-14.335,-2.76],[-21.6,2.4],[-1.2,8.4],[42,-1.201],[15.535,2.79],[0,0],[0,0],[0,0],[-25.102,-4.231],[0,0],[-29.738,-9.739],[-13.03,12.874],[0,0],[6.424,4.041],[5.67,-10.39],[2.513,-20.386],[0,0],[0,0],[0,0],[14.995,-0.699],[0,0],[27.491,7.893],[0,0],[0,0],[18.402,-3.06],[0,0],[10.427,12.558],[0,0],[-26.808,8.041],[0.699,14.458],[0,0],[0,0],[0,0],[-19.06,-32.169],[0,0],[-3.478,-4.889],[0,0],[25.048,-3.212],[22.8,14.401],[-3.04,-18.64],[-38.48,-33.68],[-13.166,-1.531],[-2.038,-14.455],[16.672,-17.027],[10.767,1.471],[16.8,10.8],[-4.4,-17.519],[-37.2,-35.999],[-15.565,-1.591],[0,0],[8.639,-9.386],[0,0],[16.955,0.72],[0,-8.4],[-11.357,-4.559],[-7.278,-0.182],[-9.324,11.21],[0,0]],"v":[[100.453,-267.525],[-10.534,-248.704],[-59.912,-305.308],[-134.854,-322.948],[-74.934,-271.278],[-41.159,-224.184],[-90.9,-254.241],[-137.374,-271.012],[-233.974,-242.748],[-312.614,-217.108],[-247.734,-209.708],[-133.672,-224.025],[-85.401,-183.201],[-127.56,-202.905],[-223.654,-185.108],[-304.134,-170.308],[-226.054,-157.508],[-130.343,-162.162],[-91.644,-125.74],[-91.288,-92.12],[-115.34,-90.323],[-151.866,-117.648],[-192.804,-112.673],[-233.801,-152.369],[-314.466,-146.146],[-415.164,88.906],[-362.519,212.461],[-339.934,208.676],[-340.872,144.127],[-329.921,63.954],[-337.361,-26.891],[-264.208,-22.596],[-227.217,-17.26],[-185.256,-30.778],[-136.684,-1.951],[-62.317,-6.087],[39.069,22.867],[146.784,38.774],[179.475,27.59],[171.209,64.229],[134.438,223.437],[87.974,264.947],[24.6,294.727],[49.032,308.369],[173.246,285.393],[291.704,97.429],[289.106,14.871],[248.028,-22.306],[244.166,-37.448],[229.358,-46.862],[273.666,-64.957],[344.186,-11.829],[413.866,8.572],[360.986,-39.508],[286.289,-115.135],[205.202,-91.963],[237.508,-135.645],[277.908,-167.042],[323.706,-122.388],[402.986,-100.789],[332.106,-153.669],[270.928,-223.715],[203.971,-164.096],[242.666,-223.224],[266.822,-251.426],[289.846,-247.372],[332.106,-265.348],[292.766,-276.124],[262.986,-289.935],[231.134,-264.326],[186.057,-215.601]],"c":true}]},{"i":{"x":0.667,"y":1},"o":{"x":0.333,"y":0},"t":74,"s":[{"i":[[0,0],[0,0],[14.4,14.4],[3.6,-10.8],[-14.48,-21.68],[7.2,-7.2],[33.04,19.2],[7.28,-1.2],[18,-4.8],[-0.64,-10.24],[-30.4,1.2],[-28.8,-3.6],[9.6,-6],[14.4,2.4],[21.6,-2.4],[1.2,-8.4],[-42.08,1.2],[-15.6,-2.4],[0,0],[0,0],[0,0],[25.2,3.6],[0,0],[31.28,2.4],[9.6,-15.6],[0,0],[-7.306,-2.056],[-1.767,8.333],[3.376,20.342],[0,0],[0,0],[0,0],[-13.92,4.079],[0,0],[-27.68,-7.2],[0,0],[0,0],[-34.24,6.64],[0,0],[-13.2,-9.6],[0,0],[23.527,-15.237],[-3.805,-11.405],[0,0],[0,0],[0,0],[26.4,26.48],[0,0],[3.6,4.8],[0,0],[-7.84,1.2],[-22.64,-14.4],[3.28,20.48],[38.48,33.68],[13.2,1.2],[2.4,14.4],[-16.16,17.44],[-10.8,-1.2],[-16.8,-10.88],[7.2,28.88],[37.28,36.08],[15.6,1.2],[0,0],[-8.4,9.6],[0,0],[-16.88,2.4],[0,8.4],[12,2.4],[7.28,0],[6.32,-8],[0,0]],"o":[[-36,-1.2],[0,0],[-14.4,-14.4],[-3.6,10.8],[14.48,21.68],[-7.2,7.2],[-33.44,-19.44],[-7.2,1.2],[-18,4.8],[0.48,8.48],[30.64,-1.2],[28.8,3.6],[-9.6,6],[-14.4,-2.4],[-21.6,2.4],[-1.2,8.4],[42,-1.2],[15.6,2.4],[0,0],[0,0],[0,0],[-25.2,-3.6],[0,0],[-31.2,-2.4],[-9.6,15.6],[0,0],[7.306,2.056],[2.495,-11.571],[-3.363,-20.263],[0,0],[0,0],[0,0],[14.4,-4.241],[0,0],[27.68,7.2],[0,0],[0,0],[18.32,-3.52],[0,0],[13.2,9.6],[0,0],[-23.529,15.157],[4.678,13.698],[0,0],[0,0],[0,0],[-26.4,-26.48],[0,0],[-3.6,-4.8],[0,0],[24.96,-3.84],[22.8,14.4],[-3.04,-18.64],[-38.48,-33.68],[-13.2,-1.2],[-2.4,-14.4],[16.24,-17.44],[10.8,1.2],[16.8,10.8],[-4.4,-17.52],[-37.2,-36],[-15.6,-1.2],[0,0],[8.4,-9.6],[0,0],[16.8,-2.4],[0,-8.4],[-12,-2.4],[-7.28,0],[-9.04,11.44],[0,0]],"v":[[63.8,-256.779],[-46.68,-235.179],[-80.28,-299.419],[-149.96,-320.859],[-101.88,-266.379],[-76.68,-209.899],[-127.16,-238.699],[-174.04,-254.299],[-249.08,-227.659],[-327.72,-215.019],[-262.84,-194.619],[-169.16,-207.419],[-119.88,-167.819],[-162.52,-186.459],[-238.76,-173.019],[-319.24,-168.219],[-241.16,-135.419],[-164.28,-145.659],[-124.68,-110.219],[-123.48,-76.619],[-147.48,-74.219],[-184.68,-100.619],[-225.48,-94.619],[-283.16,-123.419],[-360.04,-98.219],[-392.363,156.265],[-306.881,259.853],[-286.293,249.827],[-305.474,188.186],[-317.676,108.194],[-353.96,23.061],[-281.88,9.861],[-244.68,6.262],[-215.88,-12.939],[-166.6,14.661],[-92.36,8.661],[9.72,35.061],[117.8,48.261],[150.2,36.261],[167,69.861],[174.818,233.607],[141.681,286.369],[89.044,332.548],[116.3,338.883],[229.278,282.377],[291.96,72.341],[271.56,2.661],[217.48,-15.339],[213.24,-30.379],[198.2,-39.419],[242.04,-58.619],[329.08,-9.739],[398.76,10.661],[345.88,-37.419],[253.4,-109.099],[172.92,-83.899],[204.12,-128.379],[243.72,-160.779],[308.6,-120.299],[387.88,-98.699],[317,-151.579],[235.32,-217.259],[169.88,-155.979],[207.08,-216.059],[230.52,-244.859],[277.4,-245.259],[317,-263.259],[275,-274.059],[225.72,-283.259],[194.52,-256.859],[150.68,-207.019]],"c":true}]},{"i":{"x":0.667,"y":1},"o":{"x":0.333,"y":0},"t":84,"s":[{"i":[[0,0],[0,0],[14.4,14.4],[3.6,-10.8],[-14.48,-21.68],[7.2,-7.2],[33.04,19.2],[7.28,-1.2],[18,-4.8],[-0.64,-10.24],[-30.4,1.2],[-28.8,-3.6],[9.6,-6],[14.4,2.4],[21.6,-2.4],[1.2,-8.4],[-42.08,1.2],[-15.6,-2.4],[0,0],[0,0],[0,0],[25.2,3.6],[0,0],[31.28,2.4],[9.6,-15.6],[0,0],[-7.295,-2.093],[-1.809,8.324],[3.275,20.359],[0,0],[0,0],[0,0],[-13.92,4.079],[0,0],[-27.68,-7.2],[0,0],[0,0],[-34.24,6.64],[0,0],[-13.2,-9.6],[0,0],[24.318,-13.94],[-3.182,-11.594],[0,0],[0,0],[0,0],[26.4,26.48],[0,0],[3.6,4.8],[0,0],[-7.84,1.2],[-22.64,-14.4],[3.28,20.48],[38.48,33.68],[13.2,1.2],[2.4,14.4],[-16.16,17.44],[-10.8,-1.2],[-16.8,-10.88],[7.2,28.88],[37.28,36.08],[15.6,1.2],[0,0],[-8.4,9.6],[0,0],[-16.88,2.4],[0,8.4],[12,2.4],[7.28,0],[6.32,-8],[0,0]],"o":[[-36,-1.2],[0,0],[-14.4,-14.4],[-3.6,10.8],[14.48,21.68],[-7.2,7.2],[-33.44,-19.44],[-7.2,1.2],[-18,4.8],[0.48,8.48],[30.64,-1.2],[28.8,3.6],[-9.6,6],[-14.4,-2.4],[-21.6,2.4],[-1.2,8.4],[42,-1.2],[15.6,2.4],[0,0],[0,0],[0,0],[-25.2,-3.6],[0,0],[-31.2,-2.4],[-9.6,15.6],[0,0],[7.295,2.093],[2.553,-11.559],[-3.262,-20.28],[0,0],[0,0],[0,0],[14.4,-4.241],[0,0],[27.68,7.2],[0,0],[0,0],[18.32,-3.52],[0,0],[13.2,9.6],[0,0],[-24.316,13.86],[3.93,13.931],[0,0],[0,0],[0,0],[-26.4,-26.48],[0,0],[-3.6,-4.8],[0,0],[24.96,-3.84],[22.8,14.4],[-3.04,-18.64],[-38.48,-33.68],[-13.2,-1.2],[-2.4,-14.4],[16.24,-17.44],[10.8,1.2],[16.8,10.8],[-4.4,-17.52],[-37.2,-36],[-15.6,-1.2],[0,0],[8.4,-9.6],[0,0],[16.8,-2.4],[0,-8.4],[-12,-2.4],[-7.28,0],[-9.04,11.44],[0,0]],"v":[[63.8,-267.56],[-46.68,-245.96],[-80.28,-310.2],[-149.96,-321.64],[-101.88,-277.16],[-76.68,-220.68],[-127.16,-249.48],[-174.04,-265.08],[-249.08,-228.44],[-327.72,-215.8],[-262.84,-195.4],[-169.16,-218.2],[-119.88,-178.6],[-162.52,-197.24],[-238.76,-173.8],[-319.24,-169],[-241.16,-146.2],[-164.28,-156.44],[-124.68,-121],[-123.48,-87.4],[-147.48,-85],[-184.68,-111.4],[-225.48,-105.4],[-283.16,-134.2],[-360.04,-109],[-398.755,145.256],[-313.792,249.269],[-293.154,239.346],[-312.026,177.61],[-323.829,97.558],[-353.96,12.28],[-281.88,-0.92],[-244.68,-4.519],[-215.88,-23.72],[-166.6,3.88],[-92.36,-2.12],[9.72,24.28],[117.8,37.48],[150.2,25.48],[167,59.08],[168.753,222.146],[132.807,273.035],[77.746,316.296],[104.618,324.098],[220.491,273.795],[291.96,61.56],[271.56,-8.12],[217.48,-26.12],[213.24,-41.16],[198.2,-50.2],[242.04,-69.4],[329.08,-10.52],[398.76,9.88],[345.88,-38.2],[253.4,-119.88],[172.92,-94.68],[204.12,-139.16],[243.72,-171.56],[308.6,-121.08],[387.88,-99.48],[317,-152.36],[235.32,-228.04],[169.88,-166.76],[207.08,-226.84],[230.52,-255.64],[277.4,-246.04],[317,-264.04],[275,-274.84],[225.72,-294.04],[194.52,-267.64],[150.68,-217.8]],"c":true}]},{"t":92,"s":[{"i":[[0,0],[0,0],[14.4,14.4],[3.6,-10.8],[-14.48,-21.68],[7.2,-7.2],[33.04,19.2],[7.28,-1.2],[18,-4.8],[-0.64,-10.24],[-30.4,1.2],[-28.8,-3.6],[9.6,-6],[14.4,2.4],[21.6,-2.4],[1.2,-8.4],[-42.08,1.2],[-15.6,-2.4],[0,0],[0,0],[0,0],[25.2,3.6],[0,0],[31.28,2.4],[9.6,-15.6],[0,0],[-7.2,-2.4],[-2.16,8.24],[2.4,20.48],[0,0],[0,0],[0,0],[-13.92,4.079],[0,0],[-27.68,-7.2],[0,0],[0,0],[-34.24,6.64],[0,0],[-13.2,-9.6],[0,0],[24,-14.48],[-3.44,-11.52],[0,0],[0,0],[0,0],[26.4,26.48],[0,0],[3.6,4.8],[0,0],[-7.84,1.2],[-22.64,-14.4],[3.28,20.48],[38.48,33.68],[13.2,1.2],[2.4,14.4],[-16.16,17.44],[-10.8,-1.2],[-16.8,-10.88],[7.2,28.88],[37.28,36.08],[15.6,1.2],[0,0],[-8.4,9.6],[0,0],[-16.88,2.4],[0,8.4],[12,2.4],[7.28,0],[6.32,-8],[0,0]],"o":[[-36,-1.2],[0,0],[-14.4,-14.4],[-3.6,10.8],[14.48,21.68],[-7.2,7.2],[-33.44,-19.44],[-7.2,1.2],[-18,4.8],[0.48,8.48],[30.64,-1.2],[28.8,3.6],[-9.6,6],[-14.4,-2.4],[-21.6,2.4],[-1.2,8.4],[42,-1.2],[15.6,2.4],[0,0],[0,0],[0,0],[-25.2,-3.6],[0,0],[-31.2,-2.4],[-9.6,15.6],[0,0],[7.2,2.4],[3.04,-11.44],[-2.4,-20.4],[0,0],[0,0],[0,0],[14.4,-4.241],[0,0],[27.68,7.2],[0,0],[0,0],[18.32,-3.52],[0,0],[13.2,9.6],[0,0],[-24,14.4],[4.24,13.84],[0,0],[0,0],[0,0],[-26.4,-26.48],[0,0],[-3.6,-4.8],[0,0],[24.96,-3.84],[22.8,14.4],[-3.04,-18.64],[-38.48,-33.68],[-13.2,-1.2],[-2.4,-14.4],[16.24,-17.44],[10.8,1.2],[16.8,10.8],[-4.4,-17.52],[-37.2,-36],[-15.6,-1.2],[0,0],[8.4,-9.6],[0,0],[16.8,-2.4],[0,-8.4],[-12,-2.4],[-7.28,0],[-9.04,11.44],[0,0]],"v":[[63.8,-267.56],[-46.68,-245.96],[-80.28,-310.2],[-149.96,-321.64],[-101.88,-277.16],[-76.68,-220.68],[-127.16,-249.48],[-174.04,-265.08],[-249.08,-228.44],[-327.72,-215.8],[-262.84,-195.4],[-169.16,-218.2],[-119.88,-178.6],[-162.52,-197.24],[-238.76,-173.8],[-319.24,-169],[-241.16,-146.2],[-164.28,-156.44],[-124.68,-121],[-123.48,-87.4],[-147.48,-85],[-184.68,-111.4],[-225.48,-105.4],[-283.16,-134.2],[-360.04,-109],[-402.04,143.24],[-321.56,250.76],[-300.52,241.72],[-316.76,179.24],[-325.16,98.76],[-353.96,12.28],[-281.88,-0.92],[-244.68,-4.519],[-215.88,-23.72],[-166.6,3.88],[-92.36,-2.12],[9.72,24.28],[117.8,37.48],[150.2,25.48],[167,59.08],[170.6,222.44],[135.8,274.12],[81.72,318.6],[108.76,325.8],[223.48,272.92],[291.96,61.56],[271.56,-8.12],[217.48,-26.12],[213.24,-41.16],[198.2,-50.2],[242.04,-69.4],[329.08,-10.52],[398.76,9.88],[345.88,-38.2],[253.4,-119.88],[172.92,-94.68],[204.12,-139.16],[243.72,-171.56],[308.6,-121.08],[387.88,-99.48],[317,-152.36],[235.32,-228.04],[169.88,-166.76],[207.08,-226.84],[230.52,-255.64],[277.4,-246.04],[317,-264.04],[275,-274.84],[225.72,-294.04],[194.52,-267.64],[150.68,-217.8]],"c":true}]}],"ix":2},"nm":"Path 1","mn":"ADBE Vector Shape - Group","hd":false},{"ty":"fl","c":{"a":0,"k":[0.728999956916,0.532999973671,0.33300000359,1],"ix":4},"o":{"a":0,"k":100,"ix":5},"r":1,"bm":0,"nm":"Fill 1","mn":"ADBE Vector Graphic - Fill","hd":false},{"ty":"tr","p":{"a":0,"k":[458.61,673.33],"ix":2},"a":{"a":0,"k":[0,0],"ix":1},"s":{"a":0,"k":[100,100],"ix":3},"r":{"a":0,"k":0,"ix":6},"o":{"a":0,"k":100,"ix":7},"sk":{"a":0,"k":0,"ix":4},"sa":{"a":0,"k":0,"ix":5},"nm":"Transform"}],"nm":"Group 17","np":2,"cix":2,"bm":0,"ix":17,"mn":"ADBE Vector Group","hd":false}],"ip":0,"op":108,"st":0,"bm":0}],"markers":[]}