{"v":"5.8.1","fr":60,"ip":0,"op":180,"w":1024,"h":1024,"nm":"emoji_Kissing Face","ddd":0,"assets":[],"layers":[{"ddd":0,"ind":1,"ty":3,"nm":"Null ALL","sr":1,"ks":{"o":{"a":0,"k":0,"ix":11},"r":{"a":0,"k":0,"ix":10},"p":{"s":true,"x":{"a":0,"k":509,"ix":3,"x":"var $bm_rt;\n$bm_rt = transform.xPosition;"},"y":{"a":1,"k":[{"i":{"x":[0.228],"y":[1.176]},"o":{"x":[0.193],"y":[0]},"t":0,"s":[506]},{"i":{"x":[0.704],"y":[1]},"o":{"x":[0.585],"y":[0]},"t":20.1,"s":[530.276]},{"i":{"x":[0.833],"y":[1]},"o":{"x":[0.167],"y":[0]},"t":50,"s":[486]},{"i":{"x":[0.833],"y":[1]},"o":{"x":[0.167],"y":[0]},"t":74,"s":[498]},{"i":{"x":[0.833],"y":[1]},"o":{"x":[0.167],"y":[0]},"t":98,"s":[486]},{"i":{"x":[0.833],"y":[1]},"o":{"x":[0.167],"y":[0]},"t":124,"s":[506]},{"i":{"x":[0.833],"y":[1]},"o":{"x":[0.167],"y":[0]},"t":146,"s":[502]},{"t":168,"s":[506]}],"ix":4}},"a":{"a":0,"k":[0,0,0],"ix":1,"l":2},"s":{"a":0,"k":[100,100,100],"ix":6,"l":2}},"ao":0,"ip":-16,"op":182,"st":-16,"bm":0},{"ddd":0,"ind":2,"ty":1,"nm":"Null FACE","parent":1,"sr":1,"ks":{"o":{"a":0,"k":0,"ix":11},"r":{"a":1,"k":[{"i":{"x":[0.229],"y":[1]},"o":{"x":[0.174],"y":[0]},"t":0,"s":[0]},{"i":{"x":[0.667],"y":[1]},"o":{"x":[0.655],"y":[-0.442]},"t":20.1,"s":[10]},{"i":{"x":[0.833],"y":[1]},"o":{"x":[0.333],"y":[0]},"t":52,"s":[-3]},{"i":{"x":[0.833],"y":[1]},"o":{"x":[0.167],"y":[0]},"t":76,"s":[0]},{"i":{"x":[0.833],"y":[1]},"o":{"x":[0.167],"y":[0]},"t":100.117,"s":[-4]},{"t":127.646484375,"s":[0]}],"ix":10},"p":{"s":true,"x":{"a":1,"k":[{"i":{"x":[0.229],"y":[1]},"o":{"x":[0.174],"y":[0]},"t":0,"s":[-20]},{"i":{"x":[0.667],"y":[1]},"o":{"x":[0.494],"y":[0.155]},"t":20,"s":[-48]},{"t":52,"s":[-20]}],"ix":3},"y":{"a":1,"k":[{"i":{"x":[0.229],"y":[1]},"o":{"x":[0.174],"y":[0]},"t":0,"s":[18]},{"i":{"x":[0.667],"y":[1]},"o":{"x":[0.655],"y":[-0.04]},"t":20,"s":[86]},{"i":{"x":[0.833],"y":[1]},"o":{"x":[0.333],"y":[0]},"t":50,"s":[-48]},{"i":{"x":[0.833],"y":[1]},"o":{"x":[0.167],"y":[0]},"t":74,"s":[0]},{"i":{"x":[0.833],"y":[1]},"o":{"x":[0.167],"y":[0]},"t":98,"s":[-40]},{"i":{"x":[0.833],"y":[1]},"o":{"x":[0.167],"y":[0]},"t":125.529,"s":[20]},{"i":{"x":[0.833],"y":[1]},"o":{"x":[0.167],"y":[0]},"t":144.588,"s":[-4]},{"t":170,"s":[18]}],"ix":4}},"a":{"a":0,"k":[0,0,0],"ix":1,"l":2},"s":{"a":0,"k":[100,100,100],"ix":6,"l":2}},"ao":0,"sw":100,"sh":100,"sc":"#ffffff","ip":-16,"op":182,"st":-16,"bm":0},{"ddd":0,"ind":3,"ty":4,"nm":"closed eyes","parent":2,"sr":1,"ks":{"o":{"a":0,"k":100,"ix":11},"r":{"a":0,"k":0,"ix":10},"p":{"a":0,"k":[24.52,-112.12,0],"ix":2,"l":2},"a":{"a":0,"k":[254.17,59.97,0],"ix":1,"l":2},"s":{"a":0,"k":[100,100,100],"ix":6,"l":2}},"ao":0,"shapes":[{"ty":"gr","it":[{"ind":0,"ty":"sh","ix":1,"ks":{"a":0,"k":{"i":[[7.52,9.44],[0,0],[0,0],[0,0],[2,2.08],[2.24,1.68],[2.4,1.2],[1.84,0.4],[0.56,-0.08],[0,0],[0,0],[0,0],[0,0],[-0.4,0],[0,0],[0,0],[0,0],[1.68,-0.96],[2.08,-1.6],[2.08,-2.08],[2.4,-3.12],[0,0],[0,0],[14.08,10.08],[-1.76,10.8],[-1.6,5.68],[-4.32,7.28],[-11.04,8.32],[-8.64,3.12],[-2.48,0.64],[-2.72,0.48],[0,0],[0,0],[0,0],[0,0],[0,0],[-2.64,-0.4],[-4.88,-1.84],[-7.28,-5.6],[-6.8,-12],[-1.76,-4.48],[-1.04,-3.68],[-0.24,-1.92],[0,0],[16.32,-2.56],[0.239,0]],"o":[[0,0],[0,0],[0,0],[-1.76,-2],[-2,-2.08],[-2.08,-1.6],[-1.6,-0.88],[-0.56,-0.08],[0,0],[0,0],[0,0],[0,0],[-1.2,0],[0,0],[0.64,0],[0,0],[-1.84,0.4],[-2.32,1.2],[-2.4,1.76],[-4.24,4.08],[0,0],[0,0],[-11.6,12.88],[-8.96,-6.24],[0,0],[2.4,-8.16],[6.8,-12],[7.28,-5.6],[2.4,-0.96],[2.64,-0.8],[0,0],[0,0],[0,0],[0,0],[0,0],[2.72,0],[5.2,0.88],[8.64,3.12],[11.04,8.32],[2.48,4.16],[1.52,3.52],[0.56,1.92],[0,0],[2.56,16.32],[-0.24,0],[-11.921,2]],"v":[[36.36,43.24],[35.08,41.64],[31.64,37.24],[27.4,32.68],[21.56,26.68],[14.84,20.92],[8.12,16.6],[2.92,14.6],[1.24,14.6],[0.52,14.6],[-0.12,14.6],[2.04,14.6],[-2.36,14.6],[-2.36,14.6],[-1.72,14.6],[-1.72,14.6],[-2.6,14.6],[-7.88,16.6],[-14.52,20.92],[-21.24,26.68],[-31.64,37.8],[-35.8,42.6],[-37.56,44.76],[-82.6,49.64],[-94.36,21.8],[-92.2,12.92],[-82.2,-10.36],[-55.24,-41.16],[-31.24,-54.36],[-23.88,-56.68],[-15.88,-58.52],[-10.92,-59.24],[-6.92,-59.72],[-2.52,-59.72],[3.8,-59.72],[7.88,-59.72],[15.88,-58.6],[31,-54.52],[55,-41.32],[82.04,-10.52],[88.44,2.52],[92.28,13.32],[93.56,19.08],[93.56,21.08],[68.6,55.24],[67.881,55.32]],"c":true},"ix":2},"nm":"Path 1","mn":"ADBE Vector Shape - Group","hd":false},{"ty":"fl","c":{"a":0,"k":[0.258999992819,0.169000004787,0.051000000449,1],"ix":4},"o":{"a":0,"k":100,"ix":5},"r":1,"bm":0,"nm":"Fill 1","mn":"ADBE Vector Graphic - Fill","hd":false},{"ty":"tr","p":{"a":0,"k":[411.97,59.97],"ix":2},"a":{"a":0,"k":[0,0],"ix":1},"s":{"a":0,"k":[100,100],"ix":3},"r":{"a":0,"k":0,"ix":6},"o":{"a":0,"k":100,"ix":7},"sk":{"a":0,"k":0,"ix":4},"sa":{"a":0,"k":0,"ix":5},"nm":"Transform"}],"nm":"Group 1","np":2,"cix":2,"bm":0,"ix":1,"mn":"ADBE Vector Group","hd":false},{"ty":"gr","it":[{"ind":0,"ty":"sh","ix":1,"ks":{"a":0,"k":{"i":[[7.44,9.12],[0,0],[0,0],[0,0],[2,2.08],[2.24,1.68],[2.4,1.2],[1.84,0.4],[0.56,-0.08],[0,0],[0,0],[0,0],[0,0],[-0.4,0],[0,0],[0,0],[0,0],[1.68,-0.96],[2.08,-1.6],[2.08,-2.08],[2.4,-3.12],[0,0],[0,0],[14,10.08],[-1.76,10.8],[-1.52,5.68],[-4.24,7.36],[-11.04,8.32],[-8.64,3.12],[-2.48,0.64],[-2.72,0.48],[0,0],[0,0],[0,0],[0,0],[0,0],[-2.64,-0.4],[-4.88,-1.84],[-7.28,-5.6],[-6.8,-12],[-1.76,-4.48],[-1.04,-3.76],[-0.24,-1.92],[0,0],[16.32,-2.4],[0.4,-0.08]],"o":[[0,0],[0,0],[0,0],[-1.76,-2],[-2,-2.08],[-2.08,-1.6],[-1.6,-0.88],[-0.56,-0.08],[0,0],[0,0],[0,0],[0,0],[-1.2,0],[0,0],[0.64,0],[0,0],[-1.84,0.4],[-2.32,1.28],[-2.32,1.76],[-4.24,4.08],[0,0],[0,0],[-11.52,12.88],[-8.96,-6.24],[0,0],[2.4,-8.08],[6.8,-12],[7.28,-5.6],[2.4,-0.96],[2.64,-0.8],[0,0],[0,0],[0,0],[0,0],[0,0],[2.72,0],[5.12,0.88],[8.64,3.12],[11.04,8.32],[2.48,4.16],[1.52,3.6],[0.56,1.92],[0,0],[2.4,16.32],[-0.4,0.08],[-11.68,1.68]],"v":[[36.36,43.24],[35.16,41.64],[31.72,37.24],[27.48,32.68],[21.64,26.68],[14.92,20.92],[8.2,16.6],[3,14.6],[1.32,14.6],[0.6,14.6],[-0.04,14.6],[2.12,14.6],[-2.28,14.6],[-2.28,14.6],[-1.64,14.6],[-1.64,14.6],[-2.52,14.6],[-7.8,16.6],[-14.52,20.92],[-21.16,26.68],[-31.56,37.8],[-35.72,42.6],[-37.56,44.76],[-82.52,49.64],[-94.28,21.8],[-92.2,12.92],[-82.2,-10.36],[-55.16,-41.16],[-31.16,-54.36],[-23.8,-56.68],[-15.8,-58.52],[-10.92,-59.24],[-6.84,-59.72],[-2.44,-59.72],[3.88,-59.72],[7.96,-59.72],[15.96,-58.6],[31.08,-54.52],[55.08,-41.32],[82.12,-10.52],[88.52,2.52],[92.36,13.48],[93.64,19.24],[93.64,21.24],[68.36,55.16],[67.16,55.32]],"c":true},"ix":2},"nm":"Path 1","mn":"ADBE Vector Shape - Group","hd":false},{"ty":"fl","c":{"a":0,"k":[0.258999992819,0.169000004787,0.051000000449,1],"ix":4},"o":{"a":0,"k":100,"ix":5},"r":1,"bm":0,"nm":"Fill 1","mn":"ADBE Vector Graphic - Fill","hd":false},{"ty":"tr","p":{"a":0,"k":[96.29,59.97],"ix":2},"a":{"a":0,"k":[0,0],"ix":1},"s":{"a":0,"k":[100,100],"ix":3},"r":{"a":0,"k":0,"ix":6},"o":{"a":0,"k":100,"ix":7},"sk":{"a":0,"k":0,"ix":4},"sa":{"a":0,"k":0,"ix":5},"nm":"Transform"}],"nm":"Group 2","np":2,"cix":2,"bm":0,"ix":2,"mn":"ADBE Vector Group","hd":false}],"ip":0,"op":196,"st":0,"bm":0},{"ddd":0,"ind":4,"ty":4,"nm":"kiss 3","parent":2,"sr":1,"ks":{"o":{"a":0,"k":100,"ix":11},"r":{"a":0,"k":0,"ix":10},"p":{"a":0,"k":[51.029,135.068,0],"ix":2,"l":2},"a":{"a":0,"k":[68.41,108.102,0],"ix":1,"l":2},"s":{"a":1,"k":[{"i":{"x":[0.667,0.667,0.667],"y":[1,1,1]},"o":{"x":[0.333,0.333,0.333],"y":[0,0,0]},"t":6,"s":[100,100,100]},{"i":{"x":[0.667,0.667,0.667],"y":[1,1,1]},"o":{"x":[0.333,0.333,0.333],"y":[0,0,0]},"t":20,"s":[100,90,100]},{"i":{"x":[0.667,0.667,0.667],"y":[1,1,1]},"o":{"x":[0.333,0.333,0.333],"y":[0,0,0]},"t":36,"s":[100,90,100]},{"i":{"x":[0.667,0.667,0.667],"y":[1,1,1]},"o":{"x":[0.333,0.333,0.333],"y":[0,0,0]},"t":50,"s":[100,100,100]},{"i":{"x":[0.833,0.833,0.833],"y":[1,1,1]},"o":{"x":[0.167,0.167,0.167],"y":[0,0,0]},"t":74,"s":[100,87,100]},{"i":{"x":[0.833,0.833,0.833],"y":[1,1,1]},"o":{"x":[0.167,0.167,0.167],"y":[0,0,0]},"t":96,"s":[100,100,100]},{"i":{"x":[0.833,0.833,0.833],"y":[1,1,1]},"o":{"x":[0.167,0.167,0.167],"y":[0,0,0]},"t":112,"s":[100,95,100]},{"t":136,"s":[100,100,100]}],"ix":6,"l":2}},"ao":0,"shapes":[{"ty":"gr","it":[{"ind":0,"ty":"sh","ix":1,"ks":{"a":0,"k":{"i":[[16.8,14.48],[-1.76,18.16],[9.44,12.56],[0,0],[-2.32,-19.04],[-11.04,-2.48],[-0.96,-24.72],[3.36,-29.6],[0,-20.16],[16.56,-3.52],[2.24,-16.56],[-38.72,5.84],[0,20.48]],"o":[[13.68,-12.08],[1.521,-28.8],[-21.68,-29.2],[-16,0.64],[3.12,10.8],[24,5.84],[1.12,27.68],[-3.36,29.6],[0,15.44],[-14.32,2.96],[-2.24,16.56],[60.88,-9.2],[0.4,-22.16]],"v":[[41.841,19.588],[65.841,-27.372],[50.56,-78.652],[-32.638,-100.891],[-65.84,-73.372],[-42.879,-51.852],[17.04,-27.132],[-27.76,18.468],[17.04,64.149],[-15.52,85.748],[-59.599,109.748],[-13.599,140.468],[67.76,77.429]],"c":true},"ix":2},"nm":"Path 1","mn":"ADBE Vector Shape - Group","hd":false},{"ty":"fl","c":{"a":0,"k":[0.258999992819,0.169000004787,0.051000000449,1],"ix":4},"o":{"a":0,"k":100,"ix":5},"r":1,"bm":0,"nm":"Fill 1","mn":"ADBE Vector Graphic - Fill","hd":false},{"ty":"tr","p":{"a":0,"k":[68.409,108.102],"ix":2},"a":{"a":0,"k":[0,0],"ix":1},"s":{"a":0,"k":[100,100],"ix":3},"r":{"a":0,"k":0,"ix":6},"o":{"a":0,"k":100,"ix":7},"sk":{"a":0,"k":0,"ix":4},"sa":{"a":0,"k":0,"ix":5},"nm":"Transform"}],"nm":"Group 1","np":2,"cix":2,"bm":0,"ix":1,"mn":"ADBE Vector Group","hd":false}],"ip":0,"op":200,"st":2,"bm":0},{"ddd":0,"ind":6,"ty":4,"nm":"base matte","parent":8,"td":1,"sr":1,"ks":{"o":{"a":0,"k":100,"ix":11},"r":{"a":0,"k":0,"ix":10},"p":{"a":0,"k":[-2,-3,0],"ix":2,"l":2},"a":{"a":0,"k":[0,0,0],"ix":1,"l":2},"s":{"a":0,"k":[100,100,100],"ix":6,"l":2}},"ao":0,"shapes":[{"ty":"gr","it":[{"ind":0,"ty":"sh","ix":1,"ks":{"a":0,"k":{"i":[[15.4,0],[0,38.4],[-27.9,0],[-10.6,-9.3],[0,-16.9],[11.5,-10.2]],"o":[[-27.9,0],[0,-38.4],[15.5,0],[11.5,10.2],[0,16.9],[-10.6,9.3]],"v":[[0,55.9],[-58,0],[0,-55.9],[40.4,-41.5],[58,0],[40.4,41.4]],"c":true},"ix":2},"nm":"Path 1","mn":"ADBE Vector Shape - Group","hd":false},{"ty":"gf","o":{"a":0,"k":100,"ix":10},"r":1,"bm":0,"g":{"p":5,"k":{"a":0,"k":[0.48,0.992,0.878,0.188,0.691,0.98,0.816,0.178,0.902,0.969,0.753,0.169,0.966,0.963,0.694,0.153,1,0.957,0.635,0.137],"ix":9}},"s":{"a":0,"k":[0,0],"ix":5},"e":{"a":0,"k":[56.225,0],"ix":6},"t":2,"h":{"a":0,"k":0,"ix":7},"a":{"a":0,"k":0,"ix":8},"nm":"Gradient Fill 1","mn":"ADBE Vector Graphic - G-Fill","hd":false},{"ty":"tr","p":{"a":0,"k":[0,0],"ix":2},"a":{"a":0,"k":[0,0],"ix":1},"s":{"a":0,"k":[100,100],"ix":3},"r":{"a":0,"k":0,"ix":6},"o":{"a":0,"k":100,"ix":7},"sk":{"a":0,"k":0,"ix":4},"sa":{"a":0,"k":0,"ix":5},"nm":"Transform"}],"nm":"Group 1","np":2,"cix":2,"bm":0,"ix":1,"mn":"ADBE Vector Group","hd":false}],"ip":-16,"op":182,"st":-16,"bm":0},{"ddd":0,"ind":7,"ty":4,"nm":"base shadow","parent":8,"tt":2,"sr":1,"ks":{"o":{"a":0,"k":100,"ix":11},"r":{"a":0,"k":0,"ix":10},"p":{"a":0,"k":[0,0,0],"ix":2,"l":2},"a":{"a":0,"k":[0,0,0],"ix":1,"l":2},"s":{"a":0,"k":[100,100,100],"ix":6,"l":2}},"ao":0,"shapes":[{"ty":"gr","it":[{"ind":0,"ty":"sh","ix":1,"ks":{"a":0,"k":{"i":[[15.4,0],[0,38.4],[-27.9,0],[-10.6,-9.3],[0,-16.9],[11.5,-10.2]],"o":[[-27.9,0],[0,-38.4],[15.5,0],[11.5,10.2],[0,16.9],[-10.6,9.3]],"v":[[0,55.9],[-58,0],[0,-55.9],[40.4,-41.5],[58,0],[40.4,41.4]],"c":true},"ix":2},"nm":"Path 1","mn":"ADBE Vector Shape - Group","hd":false},{"ty":"fl","c":{"a":0,"k":[0.921568627451,0.560784313725,0,1],"ix":4},"o":{"a":0,"k":100,"ix":5},"r":1,"bm":0,"nm":"Fill 1","mn":"ADBE Vector Graphic - Fill","hd":false},{"ty":"tr","p":{"a":0,"k":[0,0],"ix":2},"a":{"a":0,"k":[0,0],"ix":1},"s":{"a":0,"k":[100,100],"ix":3},"r":{"a":0,"k":0,"ix":6},"o":{"a":0,"k":100,"ix":7},"sk":{"a":0,"k":0,"ix":4},"sa":{"a":0,"k":0,"ix":5},"nm":"Transform"}],"nm":"Group 1","np":2,"cix":2,"bm":0,"ix":1,"mn":"ADBE Vector Group","hd":false}],"ip":-16,"op":182,"st":-16,"bm":0},{"ddd":0,"ind":8,"ty":4,"nm":"base normal","parent":1,"sr":1,"ks":{"o":{"a":0,"k":100,"ix":11},"r":{"a":0,"k":0,"ix":10},"p":{"a":0,"k":[0,0,0],"ix":2,"l":2},"a":{"a":0,"k":[0,0,0],"ix":1,"l":2},"s":{"a":0,"k":[800,800,100],"ix":6,"l":2}},"ao":0,"shapes":[{"ty":"gr","it":[{"ind":0,"ty":"sh","ix":1,"ks":{"a":0,"k":{"i":[[15.4,0],[0,38.4],[-27.9,0],[-10.6,-9.3],[0,-16.9],[11.5,-10.2]],"o":[[-27.9,0],[0,-38.4],[15.5,0],[11.5,10.2],[0,16.9],[-10.6,9.3]],"v":[[0,55.9],[-58,0],[0,-55.9],[40.4,-41.5],[58,0],[40.4,41.4]],"c":true},"ix":2},"nm":"Path 1","mn":"ADBE Vector Shape - Group","hd":false},{"ty":"gf","o":{"a":0,"k":100,"ix":10},"r":1,"bm":0,"g":{"p":5,"k":{"a":0,"k":[0.48,0.992,0.878,0.188,0.691,0.98,0.816,0.178,0.902,0.969,0.753,0.169,0.966,0.963,0.694,0.153,1,0.957,0.635,0.137],"ix":9}},"s":{"a":0,"k":[0,0],"ix":5},"e":{"a":0,"k":[56.225,0],"ix":6},"t":2,"h":{"a":0,"k":0,"ix":7},"a":{"a":0,"k":0,"ix":8},"nm":"Gradient Fill 1","mn":"ADBE Vector Graphic - G-Fill","hd":false},{"ty":"tr","p":{"a":0,"k":[0,0],"ix":2},"a":{"a":0,"k":[0,0],"ix":1},"s":{"a":0,"k":[100,100],"ix":3},"r":{"a":0,"k":0,"ix":6},"o":{"a":0,"k":100,"ix":7},"sk":{"a":0,"k":0,"ix":4},"sa":{"a":0,"k":0,"ix":5},"nm":"Transform"}],"nm":"Group 1","np":2,"cix":2,"bm":0,"ix":1,"mn":"ADBE Vector Group","hd":false}],"ip":-16,"op":182,"st":-16,"bm":0}],"markers":[{"tm":0,"cm":"rest","dr":0}]}