{"v":"5.8.1","fr":60,"ip":0,"op":110,"w":1024,"h":1024,"nm":"emoji_crying","ddd":0,"assets":[{"id":"comp_0","nm":"emoji_crying - 60 fps","fr":60,"layers":[{"ddd":0,"ind":1,"ty":4,"nm":"DROP 2","parent":4,"sr":1,"ks":{"o":{"a":0,"k":100,"ix":11},"r":{"a":1,"k":[{"i":{"x":[0.833],"y":[0.833]},"o":{"x":[0.167],"y":[0.167]},"t":95,"s":[0]},{"i":{"x":[0.833],"y":[0.833]},"o":{"x":[0.167],"y":[0.167]},"t":107.5,"s":[-10]},{"t":115,"s":[-34.4]}],"ix":10},"p":{"s":true,"x":{"a":1,"k":[{"i":{"x":[0.833],"y":[0.833]},"o":{"x":[0.167],"y":[0.167]},"t":95,"s":[-6.494]},{"i":{"x":[0.833],"y":[0.833]},"o":{"x":[0.167],"y":[0.167]},"t":107.5,"s":[19.247]},{"t":115,"s":[122]}],"ix":3},"y":{"a":1,"k":[{"i":{"x":[0.833],"y":[0.833]},"o":{"x":[0.167],"y":[0.167]},"t":95,"s":[441.754]},{"i":{"x":[0.833],"y":[0.833]},"o":{"x":[0.167],"y":[0.167]},"t":107.5,"s":[514.284]},{"t":115,"s":[556.194]}],"ix":4}},"a":{"a":0,"k":[-0.727,82.01,0],"ix":1,"l":2},"s":{"a":0,"k":[100,100,100],"ix":6,"l":2}},"ao":0,"shapes":[{"ty":"gr","it":[{"ind":0,"ty":"sh","ix":1,"ks":{"a":1,"k":[{"i":{"x":0.833,"y":0.833},"o":{"x":0.167,"y":0.167},"t":95,"s":[{"i":[[3.874,-39.004],[6.228,23.814],[9.072,9.359],[-28.104,-6.344]],"o":[[-2.555,25.719],[-6.228,-23.814],[-9.072,-9.359],[26.378,5.954]],"v":[[71.953,75.114],[25.628,78.003],[-0.977,32.78],[19.943,4.231]],"c":true}]},{"i":{"x":0.833,"y":0.833},"o":{"x":0.167,"y":0.167},"t":101,"s":[{"i":[[-8.055,-21.51],[11.326,15.759],[7.414,7.052],[-10.884,-0.878]],"o":[[8.164,21.799],[-6.136,-8.538],[-9.927,-9.443],[14.11,1.138]],"v":[[50.494,68.768],[31.193,89.571],[-0.076,57.668],[8.151,37.878]],"c":true}]},{"i":{"x":0.833,"y":0.833},"o":{"x":0.167,"y":0.167},"t":107.5,"s":[{"i":[[-13.964,-10.817],[7.659,4.636],[9.66,9.499],[-2.176,2.599]],"o":[[24.517,18.992],[-4.357,-2.637],[-8.486,-8.345],[5.954,-7.109]],"v":[[8.964,70.317],[3.184,89.453],[-22.931,67.441],[-35.846,48.443]],"c":true}]},{"t":115,"s":[{"i":[[-10.688,-12.228],[7.765,4.322],[5.305,9.05],[-3.803,4.345]],"o":[[11.418,13.063],[-6.669,-3.712],[-3.913,-6.675],[2.096,-2.394]],"v":[[1.074,88.626],[-3.132,98.91],[-25.423,74.694],[-32.657,52.743]],"c":true}]}],"ix":2},"nm":"Path 1","mn":"ADBE Vector Shape - Group","hd":false},{"ty":"fl","c":{"a":0,"k":[0.505882352941,0.83137254902,0.980392156863,1],"ix":4},"o":{"a":0,"k":100,"ix":5},"r":1,"bm":0,"nm":"Fill 1","mn":"ADBE Vector Graphic - Fill","hd":false},{"ty":"tr","p":{"a":0,"k":[0,0],"ix":2},"a":{"a":0,"k":[0,0],"ix":1},"s":{"a":0,"k":[100,100],"ix":3},"r":{"a":0,"k":0,"ix":6},"o":{"a":0,"k":100,"ix":7},"sk":{"a":0,"k":0,"ix":4},"sa":{"a":0,"k":0,"ix":5},"nm":"Transform"}],"nm":"Shape 2","np":3,"cix":2,"bm":0,"ix":1,"mn":"ADBE Vector Group","hd":false},{"ty":"gr","it":[{"ind":0,"ty":"sh","ix":1,"ks":{"a":1,"k":[{"i":{"x":0.833,"y":0.833},"o":{"x":0.167,"y":0.167},"t":95,"s":[{"i":[[63.572,0],[0,58.069],[-10.934,10.411],[-8.931,2.407],[-9.356,-0.159],[-10.604,-3.965],[-10.966,-11.91],[0.489,-24.775]],"o":[[-64.563,0],[0,-34.726],[14.913,-14.2],[14.085,-3.796],[15.115,0.256],[12.14,4.539],[16.401,17.812],[-1.12,56.781]],"v":[[-7.954,173.708],[-114.49,76.323],[-84.903,8.348],[-47.202,-15.329],[-5.387,-20.471],[34.279,-12.571],[72.559,13.782],[95.443,80.74]],"c":true}]},{"i":{"x":0.833,"y":0.833},"o":{"x":0.167,"y":0.167},"t":101,"s":[{"i":[[36.442,-4.169],[9.169,25.542],[-2.728,11.58],[-10.153,8.081],[-13.534,1.518],[-15.04,-6.076],[-6.183,-11.664],[3.196,-29.065]],"o":[[-36.985,4.211],[-5.422,-15.104],[2.728,-11.58],[10.153,-8.081],[13.534,-1.518],[15.06,6.084],[7.432,14.021],[-2.341,21.29]],"v":[[22.477,150.393],[-51.567,111.785],[-51.871,65.789],[-34.935,37.242],[-4.434,24.605],[34.31,30.416],[66.537,58.576],[74.074,106.138]],"c":true}]},{"i":{"x":0.833,"y":0.833},"o":{"x":0.167,"y":0.167},"t":107.5,"s":[{"i":[[9.313,-8.337],[18.569,11.568],[6.547,9.167],[2.233,6.53],[-4.928,4.946],[-6.753,-5.074],[-9.684,-7.221],[-5.901,-7.641]],"o":[[-9.408,8.422],[-11.22,-6.99],[-7.213,-10.099],[-5.5,-16.084],[7.961,-7.991],[13.347,10.029],[15.372,11.462],[9.543,12.356]],"v":[[52.908,127.078],[3.181,128.932],[-28.537,99.099],[-47.5,66.584],[-46.122,36.95],[-12.847,45.471],[21.128,69.288],[53.457,93.144]],"c":true}]},{"t":115,"s":[{"i":[[3.425,-2.114],[17.381,12.058],[13.712,16.618],[0.953,8.743],[-2.536,0.575],[-6.14,-5.8],[-7.897,-8.175],[-7.343,-8.771]],"o":[[-7.425,4.583],[-10.216,-7.088],[-8.996,-10.902],[-0.808,-7.414],[3.533,-0.801],[10.549,9.965],[11.471,11.875],[6.238,7.452]],"v":[[57.141,140.934],[13.472,121.324],[-25.298,85.935],[-41.366,53.079],[-37.617,42.201],[-22.149,50.082],[22.53,95.148],[54.348,128.621]],"c":true}]}],"ix":2},"nm":"Path 1","mn":"ADBE Vector Shape - Group","hd":false},{"ty":"gf","o":{"a":0,"k":100,"ix":10},"r":1,"bm":0,"g":{"p":3,"k":{"a":0,"k":[0.426,0.161,0.714,0.965,0.713,0.139,0.624,0.931,1,0.118,0.533,0.898],"ix":9}},"s":{"a":0,"k":[10.39,-49.351],"ix":5},"e":{"a":0,"k":[274.026,-10.39],"ix":6},"t":2,"h":{"a":0,"k":0,"ix":7},"a":{"a":0,"k":0,"ix":8},"nm":"Gradient Fill 1","mn":"ADBE Vector Graphic - G-Fill","hd":false},{"ty":"tr","p":{"a":0,"k":[0,0],"ix":2},"a":{"a":0,"k":[0,0],"ix":1},"s":{"a":0,"k":[100,100],"ix":3},"r":{"a":0,"k":0,"ix":6},"o":{"a":0,"k":100,"ix":7},"sk":{"a":0,"k":0,"ix":4},"sa":{"a":0,"k":0,"ix":5},"nm":"Transform"}],"nm":"Shape 1","np":3,"cix":2,"bm":0,"ix":2,"mn":"ADBE Vector Group","hd":false}],"ip":95,"op":110,"st":-27.5,"bm":0},{"ddd":0,"ind":2,"ty":3,"nm":"Null All","sr":1,"ks":{"o":{"a":0,"k":0,"ix":11},"r":{"a":0,"k":0,"ix":10},"p":{"s":true,"x":{"a":0,"k":512,"ix":3},"y":{"a":1,"k":[{"i":{"x":[0.446],"y":[1]},"o":{"x":[0.333],"y":[0]},"t":0,"s":[512]},{"i":{"x":[0.446],"y":[1]},"o":{"x":[0.671],"y":[0]},"t":25,"s":[486.545]},{"i":{"x":[0.877],"y":[0.749]},"o":{"x":[0.671],"y":[0]},"t":37.5,"s":[486.545]},{"i":{"x":[0.241],"y":[1]},"o":{"x":[0.093],"y":[0.295]},"t":52.5,"s":[504]},{"i":{"x":[0.667],"y":[1]},"o":{"x":[0.333],"y":[0]},"t":73.928,"s":[520]},{"t":102.5,"s":[512]}],"ix":4}},"a":{"a":0,"k":[0,0,0],"ix":1,"l":2},"s":{"a":0,"k":[100,100,100],"ix":6,"l":2}},"ao":0,"ip":0,"op":110,"st":0,"bm":0},{"ddd":0,"ind":3,"ty":3,"nm":"Null Face","parent":2,"sr":1,"ks":{"o":{"a":0,"k":0,"ix":11},"r":{"a":0,"k":0,"ix":10},"p":{"s":true,"x":{"a":0,"k":0,"ix":3},"y":{"a":1,"k":[{"i":{"x":[0.365],"y":[1]},"o":{"x":[0.333],"y":[0]},"t":0,"s":[0]},{"i":{"x":[0.365],"y":[1]},"o":{"x":[0.639],"y":[0]},"t":27.5,"s":[-28]},{"i":{"x":[0.86],"y":[0.961]},"o":{"x":[0.639],"y":[0]},"t":42.5,"s":[-28]},{"i":{"x":[0.26],"y":[1]},"o":{"x":[0.093],"y":[0.016]},"t":68.215,"s":[0]},{"i":{"x":[0.667],"y":[1]},"o":{"x":[0.333],"y":[0]},"t":73.928,"s":[10]},{"i":{"x":[0.833],"y":[0.833]},"o":{"x":[0.333],"y":[0]},"t":89.762,"s":[0]},{"t":105,"s":[0]}],"ix":4}},"a":{"a":0,"k":[0,0,0],"ix":1,"l":2},"s":{"a":0,"k":[100,100,100],"ix":6,"l":2}},"ao":0,"ip":0,"op":110,"st":0,"bm":0},{"ddd":0,"ind":4,"ty":3,"nm":"Null DROP","parent":3,"sr":1,"ks":{"o":{"a":0,"k":0,"ix":11},"r":{"a":0,"k":0,"ix":10},"p":{"a":0,"k":[-206.727,15.791,0],"ix":2,"l":2},"a":{"a":0,"k":[0,0,0],"ix":1,"l":2},"s":{"a":0,"k":[77,77,100],"ix":6,"l":2}},"ao":0,"ip":0,"op":110,"st":0,"bm":0},{"ddd":0,"ind":5,"ty":4,"nm":"eyebrows","parent":3,"sr":1,"ks":{"o":{"a":0,"k":100,"ix":11},"r":{"a":0,"k":0,"ix":10},"p":{"a":0,"k":[0,-181.459,0],"ix":2,"l":2},"a":{"a":0,"k":[0,-3.459,0],"ix":1,"l":2},"s":{"a":0,"k":[100,100,100],"ix":6,"l":2}},"ao":0,"shapes":[{"ty":"gr","it":[{"ind":0,"ty":"sh","ix":1,"ks":{"a":1,"k":[{"i":{"x":0.833,"y":0.833},"o":{"x":0.333,"y":0},"t":0,"s":[{"i":[[12.88,-19.68],[-6.96,17.92],[-24.955,17.915],[-25.7,2.117],[-1.6,-7.92],[10.325,-3.62],[18.239,-13.994]],"o":[[-10,14.8],[12.094,-28.732],[23.113,-16.593],[8.053,-0.663],[1.6,7.92],[-22.883,8.022],[-18.239,13.994]],"v":[[-269.135,49.132],[-295.935,36.492],[-238.888,-34.444],[-165.135,-63.268],[-147.855,-51.828],[-160.415,-34.548],[-222.277,-1.452]],"c":true}]},{"i":{"x":0.667,"y":1},"o":{"x":0.167,"y":0.167},"t":10,"s":[{"i":[[12.88,-19.68],[-6.96,17.92],[-24.955,17.915],[-25.7,2.117],[-1.6,-7.92],[10.325,-3.62],[18.239,-13.994]],"o":[[-10,14.8],[12.094,-28.732],[23.113,-16.593],[8.053,-0.663],[1.6,7.92],[-22.883,8.022],[-18.239,13.994]],"v":[[-235.135,29.132],[-261.935,16.492],[-204.888,-54.444],[-131.135,-83.268],[-113.855,-71.828],[-126.415,-54.548],[-188.277,-21.452]],"c":true}]},{"i":{"x":0.833,"y":0.833},"o":{"x":0.333,"y":0},"t":22.5,"s":[{"i":[[15.639,-17.567],[-9.524,16.699],[-23.699,19.546],[-23.807,9.91],[-3.956,-7.045],[8.714,-6.617],[17.261,-15.184]],"o":[[-12.072,13.165],[16.196,-26.636],[21.95,-18.104],[7.459,-3.105],[3.956,7.045],[-19.311,14.665],[-17.261,15.184]],"v":[[-217.206,20.525],[-241.851,4.074],[-185.895,-64.078],[-121.199,-101.777],[-101.241,-96.199],[-107.884,-75.896],[-167.111,-32.273]],"c":true}]},{"i":{"x":0,"y":1},"o":{"x":0.167,"y":0.167},"t":27.5,"s":[{"i":[[15.639,-17.567],[-9.524,16.699],[-23.699,19.546],[-23.807,9.91],[-3.956,-7.045],[8.714,-6.617],[17.261,-15.184]],"o":[[-12.072,13.165],[16.196,-26.636],[21.95,-18.104],[7.459,-3.105],[3.956,7.045],[-19.311,14.665],[-17.261,15.184]],"v":[[-217.206,20.525],[-241.851,4.074],[-185.895,-64.078],[-121.199,-101.777],[-101.241,-96.199],[-107.884,-75.896],[-167.111,-32.273]],"c":true}]},{"i":{"x":0,"y":1},"o":{"x":1,"y":0},"t":35,"s":[{"i":[[15.639,-17.567],[-9.524,16.699],[-23.699,19.546],[-23.807,9.91],[-3.956,-7.045],[8.714,-6.617],[17.261,-15.184]],"o":[[-12.072,13.165],[16.196,-26.636],[21.95,-18.104],[7.459,-3.105],[3.956,7.045],[-19.311,14.665],[-17.261,15.184]],"v":[[-217.206,20.525],[-241.851,4.074],[-185.895,-64.078],[-121.199,-101.777],[-101.241,-96.199],[-107.884,-75.896],[-167.111,-32.273]],"c":true}]},{"i":{"x":0.833,"y":0.833},"o":{"x":1,"y":0},"t":45,"s":[{"i":[[15.639,-17.567],[-9.524,16.699],[-23.699,19.546],[-23.807,9.91],[-3.956,-7.045],[8.714,-6.617],[17.261,-15.184]],"o":[[-12.072,13.165],[16.196,-26.636],[21.95,-18.104],[7.459,-3.105],[3.956,7.045],[-19.311,14.665],[-17.261,15.184]],"v":[[-217.206,20.525],[-241.851,4.074],[-185.895,-64.078],[-121.199,-101.777],[-101.241,-96.199],[-107.884,-75.896],[-167.111,-32.273]],"c":true}]},{"i":{"x":0,"y":1},"o":{"x":0.167,"y":0.167},"t":60,"s":[{"i":[[14.259,-18.624],[-8.242,17.309],[-24.327,18.73],[-24.753,6.014],[-2.778,-7.483],[9.519,-5.118],[17.75,-14.589]],"o":[[-11.036,13.982],[14.145,-27.684],[22.532,-17.348],[7.756,-1.884],[2.778,7.483],[-21.097,11.343],[-17.75,14.59]],"v":[[-243.171,34.828],[-268.893,20.283],[-212.391,-49.261],[-143.167,-82.523],[-124.548,-74.014],[-134.149,-55.222],[-194.694,-16.862]],"c":true}]},{"t":85.953125,"s":[{"i":[[12.88,-19.68],[-6.96,17.92],[-24.955,17.915],[-25.7,2.117],[-1.6,-7.92],[10.325,-3.62],[18.239,-13.994]],"o":[[-10,14.8],[12.094,-28.732],[23.113,-16.593],[8.053,-0.663],[1.6,7.92],[-22.883,8.022],[-18.239,13.994]],"v":[[-269.135,49.132],[-295.935,36.492],[-238.888,-34.444],[-165.135,-63.268],[-147.855,-51.828],[-160.415,-34.548],[-222.277,-1.452]],"c":true}]}],"ix":2},"nm":"Path 1","mn":"ADBE Vector Shape - Group","hd":false},{"ind":1,"ty":"sh","ix":2,"ks":{"a":1,"k":[{"i":{"x":0.833,"y":0.833},"o":{"x":0.333,"y":0},"t":0,"s":[{"i":[[-12.88,-19.68],[6.96,17.92],[24.955,17.915],[25.7,2.117],[1.6,-7.92],[-10.326,-3.62],[-18.239,-13.994]],"o":[[10,14.8],[-12.094,-28.732],[-23.113,-16.593],[-8.053,-0.663],[-1.6,7.92],[22.883,8.022],[18.239,13.994]],"v":[[269.134,49.132],[295.934,36.492],[238.887,-34.444],[165.134,-63.268],[147.854,-51.828],[160.414,-34.548],[222.276,-1.452]],"c":true}]},{"i":{"x":0.667,"y":1},"o":{"x":0.167,"y":0.167},"t":10,"s":[{"i":[[-12.88,-19.68],[6.96,17.92],[24.955,17.915],[25.7,2.117],[1.6,-7.92],[-10.326,-3.62],[-18.239,-13.994]],"o":[[10,14.8],[-12.094,-28.732],[-23.113,-16.593],[-8.053,-0.663],[-1.6,7.92],[22.883,8.022],[18.239,13.994]],"v":[[235.134,29.132],[261.934,16.492],[204.887,-54.444],[131.134,-83.268],[113.854,-71.828],[126.414,-54.548],[188.276,-21.452]],"c":true}]},{"i":{"x":0.833,"y":0.833},"o":{"x":0.333,"y":0},"t":22.5,"s":[{"i":[[-15.037,-18.086],[8.955,17.011],[22.922,20.451],[22.96,11.74],[4.494,-6.715],[-8.17,-7.278],[-16.659,-15.843]],"o":[[11.62,13.565],[-15.286,-27.168],[-21.231,-18.942],[-7.194,-3.679],[-4.494,6.715],[18.107,16.129],[16.659,15.843]],"v":[[216.714,20.234],[241.901,4.625],[186.465,-63.836],[124.147,-104.064],[103.813,-100.063],[108.85,-79.303],[166.461,-32.783]],"c":true}]},{"i":{"x":0,"y":1},"o":{"x":0.167,"y":0.167},"t":27.5,"s":[{"i":[[-15.037,-18.086],[8.955,17.011],[22.922,20.451],[22.96,11.74],[4.494,-6.715],[-8.17,-7.278],[-16.659,-15.843]],"o":[[11.62,13.565],[-15.286,-27.168],[-21.231,-18.942],[-7.194,-3.679],[-4.494,6.715],[18.107,16.129],[16.659,15.843]],"v":[[216.714,20.234],[241.901,4.625],[186.465,-63.836],[124.147,-104.064],[103.813,-100.063],[108.85,-79.303],[166.461,-32.783]],"c":true}]},{"i":{"x":0,"y":1},"o":{"x":1,"y":0},"t":35,"s":[{"i":[[-15.037,-18.086],[8.955,17.011],[22.922,20.451],[22.96,11.74],[4.494,-6.715],[-8.17,-7.278],[-16.659,-15.843]],"o":[[11.62,13.565],[-15.286,-27.168],[-21.231,-18.942],[-7.194,-3.679],[-4.494,6.715],[18.107,16.129],[16.659,15.843]],"v":[[216.714,20.234],[241.901,4.625],[186.465,-63.836],[124.147,-104.064],[103.813,-100.063],[108.85,-79.303],[166.461,-32.783]],"c":true}]},{"i":{"x":0.833,"y":0.833},"o":{"x":1,"y":0},"t":45,"s":[{"i":[[-15.037,-18.086],[8.955,17.011],[22.922,20.451],[22.96,11.74],[4.494,-6.715],[-8.17,-7.278],[-16.659,-15.843]],"o":[[11.62,13.565],[-15.286,-27.168],[-21.231,-18.942],[-7.194,-3.679],[-4.494,6.715],[18.107,16.129],[16.659,15.843]],"v":[[216.714,20.234],[241.901,4.625],[186.465,-63.836],[124.147,-104.064],[103.813,-100.063],[108.85,-79.303],[166.461,-32.783]],"c":true}]},{"i":{"x":0,"y":1},"o":{"x":0.167,"y":0.167},"t":60,"s":[{"i":[[-13.958,-18.883],[7.958,17.466],[23.938,19.183],[24.33,6.929],[3.047,-7.317],[-9.248,-5.449],[-17.449,-14.919]],"o":[[10.81,14.183],[-13.69,-27.95],[-22.172,-17.768],[-7.623,-2.171],[-3.047,7.317],[20.495,12.075],[17.449,14.919]],"v":[[242.924,34.683],[268.917,20.558],[212.676,-49.14],[144.64,-83.666],[125.834,-75.946],[134.632,-56.926],[194.369,-17.118]],"c":true}]},{"t":85.953125,"s":[{"i":[[-12.88,-19.68],[6.96,17.92],[24.955,17.915],[25.7,2.117],[1.6,-7.92],[-10.326,-3.62],[-18.239,-13.994]],"o":[[10,14.8],[-12.094,-28.732],[-23.113,-16.593],[-8.053,-0.663],[-1.6,7.92],[22.883,8.022],[18.239,13.994]],"v":[[269.134,49.132],[295.934,36.492],[238.887,-34.444],[165.134,-63.268],[147.854,-51.828],[160.414,-34.548],[222.276,-1.452]],"c":true}]}],"ix":2},"nm":"Path 2","mn":"ADBE Vector Shape - Group","hd":false},{"ty":"fl","c":{"a":0,"k":[0.258823529412,0.16862745098,0.050980392157,1],"ix":4},"o":{"a":0,"k":100,"ix":5},"r":1,"bm":0,"nm":"Fill 1","mn":"ADBE Vector Graphic - Fill","hd":false},{"ty":"tr","p":{"a":0,"k":[0,0],"ix":2},"a":{"a":0,"k":[0,0],"ix":1},"s":{"a":0,"k":[100,100],"ix":3},"r":{"a":0,"k":0,"ix":6},"o":{"a":0,"k":100,"ix":7},"sk":{"a":0,"k":0,"ix":4},"sa":{"a":0,"k":0,"ix":5},"nm":"Transform"}],"nm":"Shape 1","np":4,"cix":2,"bm":0,"ix":1,"mn":"ADBE Vector Group","hd":false}],"ip":0,"op":110,"st":0,"bm":0},{"ddd":0,"ind":6,"ty":4,"nm":"DROP 6","parent":4,"sr":1,"ks":{"o":{"a":0,"k":100,"ix":11},"r":{"a":0,"k":0,"ix":10},"p":{"s":true,"x":{"a":0,"k":-11.688,"ix":3},"y":{"a":1,"k":[{"i":{"x":[0.833],"y":[0.833]},"o":{"x":[0.333],"y":[0]},"t":48,"s":[23.972]},{"i":{"x":[0.833],"y":[0.833]},"o":{"x":[0.167],"y":[0.167]},"t":55,"s":[143.453]},{"i":{"x":[0.57],"y":[0.462]},"o":{"x":[0.194],"y":[0.187]},"t":57.5,"s":[169.427]},{"i":{"x":[0.671],"y":[0.72]},"o":{"x":[0.321],"y":[0.398]},"t":60,"s":[200.733]},{"i":{"x":[0.706],"y":[0.906]},"o":{"x":[0.362],"y":[0.28]},"t":62.5,"s":[232.276]},{"i":{"x":[0.661],"y":[0.89]},"o":{"x":[0.328],"y":[0.097]},"t":65,"s":[267]},{"i":{"x":[0.795],"y":[0.707]},"o":{"x":[0.368],"y":[0.36]},"t":67.5,"s":[304.639]},{"t":95,"s":[441.754]}],"ix":4}},"a":{"a":0,"k":[-0.727,82.01,0],"ix":1,"l":2},"s":{"a":1,"k":[{"i":{"x":[0.667,0.667,0.667],"y":[1,1,1]},"o":{"x":[0.167,0.167,0.167],"y":[0.167,0.167,-2.083]},"t":57.5,"s":[90,90,100]},{"i":{"x":[0.833,0.833,0.833],"y":[1,1,1]},"o":{"x":[0.333,0.333,0.333],"y":[0,0,0]},"t":65,"s":[100,100,100]},{"t":91.189453125,"s":[100,100,100]}],"ix":6,"l":2}},"ao":0,"shapes":[{"ty":"gr","it":[{"ind":0,"ty":"sh","ix":1,"ks":{"a":1,"k":[{"i":{"x":0.833,"y":0.833},"o":{"x":0.167,"y":0.167},"t":15,"s":[{"i":[[6.136,-3.126],[10.579,3.178],[-8.64,2.55],[-7.229,0.806]],"o":[[-5.43,2.766],[-3.997,-1.201],[5.855,-1.728],[11.552,-1.287]],"v":[[128.658,52.379],[101.007,53.883],[101.954,43.003],[122.781,39.932]],"c":true}]},{"i":{"x":0.833,"y":0.833},"o":{"x":0.167,"y":0.167},"t":33,"s":[{"i":[[14.6,-9.555],[15.901,6.723],[-9.06,3.292],[-11.4,0.765]],"o":[[-15.992,10.51],[-16.724,-7.293],[13.22,-4.929],[14.252,-0.985]],"v":[[114.68,84.772],[60.009,96.313],[60.739,69.818],[102.773,63.725]],"c":true}]},{"i":{"x":0.833,"y":0.833},"o":{"x":0.167,"y":0.167},"t":48,"s":[{"i":[[16.956,-11.345],[17.383,7.71],[-9.177,3.498],[-12.561,0.754]],"o":[[-18.932,12.666],[-20.266,-8.989],[15.27,-5.82],[15.004,-0.9]],"v":[[113.049,93.789],[48.596,108.125],[49.266,77.283],[99.463,70.348]],"c":true}]},{"i":{"x":0.833,"y":0.833},"o":{"x":0.167,"y":0.167},"t":55,"s":[{"i":[[15.832,-33.759],[6.911,21.685],[-5.623,24.856],[-18.17,-4.748]],"o":[[-9.603,20.046],[-6.911,-13.037],[5.41,-23.241],[26.367,11.804]],"v":[[89.143,67.674],[41.857,71.302],[40.087,11.172],[72.946,-30.523]],"c":true}]},{"i":{"x":0.667,"y":1},"o":{"x":0.167,"y":0.167},"t":60,"s":[{"i":[[21.261,-33.252],[0,39.532],[-4.601,34.755],[-9.726,-8.379]],"o":[[-14.93,24.154],[0,-13.588],[3.96,-29.91],[34.315,29.549]],"v":[[70.797,128.522],[21.942,108.313],[27.988,29.074],[47.972,-15.703]],"c":true}]},{"i":{"x":0.667,"y":1},"o":{"x":0.333,"y":0},"t":70,"s":[{"i":[[21.261,-33.252],[0,39.532],[-4.601,34.755],[-9.726,-8.379]],"o":[[-14.93,24.154],[0,-13.588],[3.96,-29.91],[34.315,29.549]],"v":[[70.797,128.522],[21.942,108.313],[27.988,16.217],[47.972,-28.561]],"c":true}]},{"i":{"x":0.833,"y":0.833},"o":{"x":0.333,"y":0},"t":82.5,"s":[{"i":[[21.261,-33.252],[0,39.532],[-4.601,34.755],[-9.726,-8.379]],"o":[[-14.93,24.154],[0,-13.588],[3.96,-29.91],[34.315,29.549]],"v":[[70.797,128.522],[21.942,108.313],[27.988,16.217],[47.972,-28.561]],"c":true}]},{"t":95,"s":[{"i":[[3.874,-39.004],[6.228,23.814],[9.072,9.359],[-28.104,-6.344]],"o":[[-2.555,25.719],[-6.228,-23.814],[-9.072,-9.359],[26.378,5.954]],"v":[[71.953,75.114],[25.628,78.003],[-0.977,32.78],[19.943,4.231]],"c":true}]}],"ix":2},"nm":"Path 1","mn":"ADBE Vector Shape - Group","hd":false},{"ty":"fl","c":{"a":0,"k":[0.505882352941,0.83137254902,0.980392156863,1],"ix":4},"o":{"a":0,"k":100,"ix":5},"r":1,"bm":0,"nm":"Fill 1","mn":"ADBE Vector Graphic - Fill","hd":false},{"ty":"tr","p":{"a":0,"k":[0,0],"ix":2},"a":{"a":0,"k":[0,0],"ix":1},"s":{"a":0,"k":[100,100],"ix":3},"r":{"a":0,"k":0,"ix":6},"o":{"a":0,"k":100,"ix":7},"sk":{"a":0,"k":0,"ix":4},"sa":{"a":0,"k":0,"ix":5},"nm":"Transform"}],"nm":"Shape 2","np":3,"cix":2,"bm":0,"ix":1,"mn":"ADBE Vector Group","hd":false},{"ty":"gr","it":[{"ind":0,"ty":"sh","ix":1,"ks":{"a":1,"k":[{"i":{"x":0.833,"y":0.833},"o":{"x":0.167,"y":0.167},"t":15,"s":[{"i":[[22.338,-0.059],[9.168,6.432],[-0.718,3.791],[-9.38,-0.999],[-15.299,0.429],[-14.26,0.329],[-1.68,-5.81],[13.887,-6.546]],"o":[[-20.46,0.054],[-7.915,-5.553],[1.408,-7.431],[13.857,1.475],[16.111,-0.452],[9.418,-0.217],[2.212,7.652],[-11.21,5.284]],"v":[[84.24,67.486],[39.262,53.39],[27.014,38.857],[46.71,31.974],[84.86,34.984],[132.47,30.029],[150.871,35.622],[132.796,57.468]],"c":true}]},{"i":{"x":0.833,"y":0.833},"o":{"x":0.167,"y":0.167},"t":33,"s":[{"i":[[34.487,4.018],[15.052,22.942],[-11.776,18.448],[-17.525,-1.598],[-17.067,-2.204],[-14.577,-4.139],[-2.926,-12.952],[41.748,-18.233]],"o":[[-23.633,-2.621],[-12.883,-19.24],[11.936,-19.203],[24.715,2.308],[24.558,3.422],[14.663,4.945],[3.401,15.405],[-20.159,8.852]],"v":[[22.681,118.453],[-40.837,81.574],[-42.881,20.824],[11.208,-5.035],[72.549,4.574],[130.432,15.721],[155.533,38.785],[106.71,104.692]],"c":true}]},{"i":{"x":0.833,"y":0.833},"o":{"x":0.167,"y":0.167},"t":48,"s":[{"i":[[40.129,4.035],[18.046,24.787],[-12.704,23.888],[-19.987,2.497],[-17.419,-3.735],[-11.506,-12.396],[-1.917,-11.776],[47.244,-21.939]],"o":[[-24.631,-2.477],[-18.239,-25.052],[12.381,-23.281],[27.488,-3.434],[26.693,5.724],[13.884,14.959],[2.887,17.734],[-22.404,10.404]],"v":[[11.419,136.256],[-62.457,97.554],[-62.564,12.866],[5.003,-33.136],[77.385,-26.975],[135.603,5.818],[152.312,44.184],[101.707,117.839]],"c":true}]},{"i":{"x":0.833,"y":0.833},"o":{"x":0.167,"y":0.167},"t":55,"s":[{"i":[[55.775,4.525],[4.916,47.07],[-20.985,26.412],[-21.046,13.675],[-12.65,-0.987],[-7.945,-7.773],[-7.009,-22.984],[5.919,-39.506]],"o":[[-56.114,-4.525],[-4.916,-44.486],[15.28,-19.022],[16.968,-10.169],[18.888,1.28],[15.018,15.569],[13.232,40.306],[-5.94,47.11]],"v":[[2.553,153.096],[-98.601,63.269],[-63.282,-57.705],[-15.057,-103.124],[36.524,-113.726],[78.812,-100.814],[107.778,-48.624],[123.507,54.822]],"c":true}]},{"i":{"x":0.667,"y":1},"o":{"x":0.167,"y":0.167},"t":60,"s":[{"i":[[65.192,0],[0,56.601],[-38.322,37.58],[-20.847,13.405],[-9.119,-2.989],[-2.682,-8.836],[-6.221,-29.602],[0,-39.854]],"o":[[-66.208,0],[0,-48.849],[18.326,-17.972],[6.751,-4.459],[9.503,3.115],[7.927,22.491],[17.577,83.638],[1.485,55.796]],"v":[[0.117,205.471],[-119.277,82.849],[-43.291,-98.845],[12.098,-147.106],[38.108,-149.585],[57.705,-132.154],[75.268,-58.514],[117.792,83.654]],"c":true}]},{"i":{"x":0.667,"y":1},"o":{"x":0.333,"y":0},"t":70,"s":[{"i":[[65.192,0],[0,56.601],[-24.707,63.456],[-15.634,28.099],[-9.596,0],[-5.301,-11.047],[-15.165,-34.862],[0,-39.854]],"o":[[-66.208,0],[0,-48.849],[11.816,-30.346],[5.026,-9.263],[10.001,0],[14.539,27.616],[42.758,98.549],[1.485,55.796]],"v":[[0.117,205.471],[-117.134,82.849],[-64.293,-96.456],[-26.694,-186.953],[-2.751,-201.45],[21.301,-186.953],[60.931,-94.604],[115.649,83.654]],"c":true}]},{"i":{"x":0.833,"y":0.833},"o":{"x":0.333,"y":0},"t":82.5,"s":[{"i":[[65.192,0],[0,56.601],[-24.707,63.456],[-15.634,28.099],[-9.596,0],[-5.301,-11.047],[-15.165,-34.862],[0,-39.854]],"o":[[-66.208,0],[0,-48.849],[11.816,-30.346],[5.026,-9.263],[10.001,0],[14.539,27.616],[42.758,98.549],[1.485,55.796]],"v":[[0.117,205.471],[-117.134,82.849],[-64.293,-96.456],[-26.694,-186.953],[-2.751,-201.45],[21.301,-186.953],[60.931,-94.604],[115.649,83.654]],"c":true}]},{"t":95,"s":[{"i":[[63.572,0],[0,58.069],[-10.934,10.411],[-8.931,2.407],[-9.356,-0.159],[-10.604,-3.965],[-10.966,-11.91],[0.489,-24.775]],"o":[[-64.563,0],[0,-34.726],[14.913,-14.2],[14.085,-3.796],[15.115,0.256],[12.14,4.539],[16.401,17.812],[-1.12,56.781]],"v":[[-7.954,173.708],[-114.49,76.323],[-84.903,8.348],[-47.202,-15.329],[-5.387,-20.471],[34.279,-12.571],[72.559,13.782],[95.443,80.74]],"c":true}]}],"ix":2},"nm":"Path 1","mn":"ADBE Vector Shape - Group","hd":false},{"ty":"gf","o":{"a":0,"k":100,"ix":10},"r":1,"bm":0,"g":{"p":3,"k":{"a":0,"k":[0.426,0.161,0.714,0.965,0.713,0.139,0.624,0.931,1,0.118,0.533,0.898],"ix":9}},"s":{"a":0,"k":[10.39,-49.351],"ix":5},"e":{"a":0,"k":[274.026,-10.39],"ix":6},"t":2,"h":{"a":0,"k":0,"ix":7},"a":{"a":0,"k":0,"ix":8},"nm":"Gradient Fill 1","mn":"ADBE Vector Graphic - G-Fill","hd":false},{"ty":"tr","p":{"a":0,"k":[0,0],"ix":2},"a":{"a":0,"k":[0,0],"ix":1},"s":{"a":0,"k":[100,100],"ix":3},"r":{"a":0,"k":0,"ix":6},"o":{"a":0,"k":100,"ix":7},"sk":{"a":0,"k":0,"ix":4},"sa":{"a":0,"k":0,"ix":5},"nm":"Transform"}],"nm":"Shape 1","np":3,"cix":2,"bm":0,"ix":2,"mn":"ADBE Vector Group","hd":false}],"ip":15,"op":95,"st":15,"bm":0},{"ddd":0,"ind":7,"ty":4,"nm":"eyes normal","parent":3,"sr":1,"ks":{"o":{"a":0,"k":100,"ix":11},"r":{"a":0,"k":0,"ix":10},"p":{"a":0,"k":[0,-51.601,0],"ix":2,"l":2},"a":{"a":0,"k":[27.45,6.65,0],"ix":1,"l":2},"s":{"a":0,"k":[800,800,100],"ix":6,"l":2}},"ao":0,"shapes":[{"ty":"gr","it":[{"ind":0,"ty":"sh","ix":1,"ks":{"a":0,"k":{"i":[[0.899,0.8],[0,0],[0.7,-1.4],[-0.901,-0.9],[-0.701,1.4]],"o":[[0,0],[-1.4,-0.7],[-0.5,1.1],[1.399,0.7],[0.5,-1.1]],"v":[[1.601,-5.3],[1.601,-5.3],[-2.201,-4],[-1.6,-0.7],[2.201,-2]],"c":true},"ix":2},"nm":"Path 1","mn":"ADBE Vector Shape - Group","hd":false},{"ty":"fl","c":{"a":0,"k":[0.536999990426,0.375999989229,0.141000007181,1],"ix":4},"o":{"a":0,"k":100,"ix":5},"r":1,"bm":0,"nm":"Fill 1","mn":"ADBE Vector Graphic - Fill","hd":false},{"ty":"tr","p":{"a":0,"k":[44.65,6.55],"ix":2},"a":{"a":0,"k":[0,0],"ix":1},"s":{"a":0,"k":[100,100],"ix":3},"r":{"a":0,"k":0,"ix":6},"o":{"a":0,"k":100,"ix":7},"sk":{"a":0,"k":0,"ix":4},"sa":{"a":0,"k":0,"ix":5},"nm":"Transform"}],"nm":"Group 1","np":2,"cix":2,"bm":0,"ix":1,"mn":"ADBE Vector Group","hd":false},{"ty":"gr","it":[{"ind":0,"ty":"sh","ix":1,"ks":{"a":0,"k":{"i":[[4.2,0],[0,0],[0,-5.9],[-4.2,0],[0,5.9]],"o":[[0,0],[-4.2,0],[0,5.9],[4.2,0],[0,-5.9]],"v":[[0,-12.4],[0,-12.4],[-8,-3],[0,6.4],[8,-3]],"c":true},"ix":2},"nm":"Path 1","mn":"ADBE Vector Shape - Group","hd":false},{"ty":"fl","c":{"a":0,"k":[0.258999992819,0.169000004787,0.051000000449,1],"ix":4},"o":{"a":0,"k":100,"ix":5},"r":1,"bm":0,"nm":"Fill 1","mn":"ADBE Vector Graphic - Fill","hd":false},{"ty":"tr","p":{"a":0,"k":[46.65,9.65],"ix":2},"a":{"a":0,"k":[0,0],"ix":1},"s":{"a":0,"k":[100,100],"ix":3},"r":{"a":0,"k":0,"ix":6},"o":{"a":0,"k":100,"ix":7},"sk":{"a":0,"k":0,"ix":4},"sa":{"a":0,"k":0,"ix":5},"nm":"Transform"}],"nm":"Group 2","np":2,"cix":2,"bm":0,"ix":2,"mn":"ADBE Vector Group","hd":false},{"ty":"gr","it":[{"ind":0,"ty":"sh","ix":1,"ks":{"a":0,"k":{"i":[[0.9,0.8],[0,0],[0.7,-1.4],[-0.9,-0.9],[-0.7,1.4]],"o":[[0,0],[-1.4,-0.7],[-0.5,1.1],[1.4,0.7],[0.6,-1.1]],"v":[[1.55,-5.3],[1.55,-5.3],[-2.25,-4],[-1.65,-0.7],[2.15,-2]],"c":true},"ix":2},"nm":"Path 1","mn":"ADBE Vector Shape - Group","hd":false},{"ty":"fl","c":{"a":0,"k":[0.536999990426,0.375999989229,0.141000007181,1],"ix":4},"o":{"a":0,"k":100,"ix":5},"r":1,"bm":0,"nm":"Fill 1","mn":"ADBE Vector Graphic - Fill","hd":false},{"ty":"tr","p":{"a":0,"k":[6.3,6.55],"ix":2},"a":{"a":0,"k":[0,0],"ix":1},"s":{"a":0,"k":[100,100],"ix":3},"r":{"a":0,"k":0,"ix":6},"o":{"a":0,"k":100,"ix":7},"sk":{"a":0,"k":0,"ix":4},"sa":{"a":0,"k":0,"ix":5},"nm":"Transform"}],"nm":"Group 3","np":2,"cix":2,"bm":0,"ix":3,"mn":"ADBE Vector Group","hd":false},{"ty":"gr","it":[{"ind":0,"ty":"sh","ix":1,"ks":{"a":0,"k":{"i":[[4.2,0],[0,0],[0,-5.9],[-4.2,0],[0,5.9]],"o":[[0,0],[-4.2,0],[0,5.9],[4.2,0],[0,-5.9]],"v":[[0,-12.4],[0,-12.4],[-8,-3],[0,6.4],[8,-3]],"c":true},"ix":2},"nm":"Path 1","mn":"ADBE Vector Shape - Group","hd":false},{"ty":"fl","c":{"a":0,"k":[0.258999992819,0.169000004787,0.051000000449,1],"ix":4},"o":{"a":0,"k":100,"ix":5},"r":1,"bm":0,"nm":"Fill 1","mn":"ADBE Vector Graphic - Fill","hd":false},{"ty":"tr","p":{"a":0,"k":[8.25,9.65],"ix":2},"a":{"a":0,"k":[0,0],"ix":1},"s":{"a":0,"k":[100,100],"ix":3},"r":{"a":0,"k":0,"ix":6},"o":{"a":0,"k":100,"ix":7},"sk":{"a":0,"k":0,"ix":4},"sa":{"a":0,"k":0,"ix":5},"nm":"Transform"}],"nm":"Group 4","np":2,"cix":2,"bm":0,"ix":4,"mn":"ADBE Vector Group","hd":false}],"ip":0,"op":110,"st":0,"bm":0},{"ddd":0,"ind":8,"ty":4,"nm":"mouth ","parent":3,"sr":1,"ks":{"o":{"a":0,"k":100,"ix":11},"r":{"a":0,"k":0,"ix":10},"p":{"s":true,"x":{"a":0,"k":0,"ix":3},"y":{"a":0,"k":192.29,"ix":4}},"a":{"a":0,"k":[0.018,-0.566,0],"ix":1,"l":2},"s":{"a":0,"k":[100,100,100],"ix":6,"l":2}},"ao":0,"shapes":[{"ty":"gr","it":[{"ind":0,"ty":"sh","ix":1,"ks":{"a":1,"k":[{"i":{"x":0.667,"y":1},"o":{"x":0.333,"y":0},"t":0,"s":[{"i":[[-67.646,0],[-14.541,-28],[3.604,-10.32],[6.924,1.49],[34.463,-0.039],[32.334,-8.078],[4.721,13.991],[-5.563,8.8]],"o":[[68.279,0],[5.563,8.88],[-6.442,12.911],[-22.298,-4.8],[-34.293,-0.155],[-6.27,1.566],[-3.667,-10.32],[13.909,-28.8]],"v":[[-22.285,-72.488],[108.583,0.312],[111.744,31.512],[85.27,46.535],[-22.251,36.097],[-129.207,46.922],[-155.681,32.312],[-152.52,1.112]],"c":true}]},{"i":{"x":0.833,"y":0.833},"o":{"x":0.333,"y":0},"t":17.5,"s":[{"i":[[-66.186,0],[-31.373,-44.586],[3.526,-7.707],[15.151,5.989],[71.16,-0.602],[17.545,-7.968],[4.619,10.449],[-6.373,7.638]],"o":[[66.804,0],[5.259,7.474],[-6.303,9.642],[-10.572,-4.179],[-71.16,0.602],[-11.346,5.152],[-3.588,-7.707],[45.043,-53.989]],"v":[[-22.279,-91.103],[144.899,-13.198],[148.742,10.332],[122.089,16.324],[-22.246,-22.673],[-166.028,16.612],[-192.68,10.929],[-188.837,-12.6]],"c":true}]},{"i":{"x":0.667,"y":1},"o":{"x":0.167,"y":0.167},"t":27.5,"s":[{"i":[[-66.186,0],[-31.373,-44.586],[3.526,-7.707],[15.151,5.989],[71.16,-0.602],[17.545,-7.968],[4.619,10.449],[-6.373,7.638]],"o":[[66.804,0],[5.259,7.474],[-6.303,9.642],[-10.572,-4.179],[-71.16,0.602],[-11.346,5.152],[-3.588,-7.707],[45.043,-53.989]],"v":[[-22.279,-91.103],[144.899,-13.198],[148.742,10.332],[122.089,16.324],[-22.246,-22.673],[-166.028,16.612],[-192.68,10.929],[-188.837,-12.6]],"c":true}]},{"i":{"x":0.667,"y":1},"o":{"x":0.333,"y":0},"t":35,"s":[{"i":[[-66.186,0],[-31.373,-44.586],[3.526,-7.707],[15.151,5.989],[71.16,-0.602],[17.545,-7.968],[4.619,10.449],[-6.373,7.638]],"o":[[66.804,0],[5.259,7.474],[-6.303,9.642],[-10.572,-4.179],[-71.16,0.602],[-11.346,5.152],[-3.588,-7.707],[45.043,-53.989]],"v":[[-22.279,-91.103],[144.899,-13.198],[148.742,10.332],[122.089,16.324],[-22.246,-22.673],[-166.028,16.612],[-192.68,10.929],[-188.837,-12.6]],"c":true}]},{"i":{"x":0.667,"y":1},"o":{"x":0.333,"y":0},"t":87.5,"s":[{"i":[[-67.647,0],[-32.065,-45.57],[3.604,-7.877],[16.247,3.647],[72.731,-0.615],[34.725,-9.148],[4.721,10.68],[-6.513,7.807]],"o":[[68.279,0],[5.375,7.639],[-6.442,9.855],[-22.049,-4.949],[-72.731,0.615],[-12.316,3.245],[-3.667,-7.877],[46.038,-55.18]],"v":[[-22.285,-71.856],[148.583,5.214],[151.744,30.03],[125.27,40.497],[-22.251,20.529],[-169.207,40.793],[-195.681,30.64],[-192.52,5.825]],"c":true}]},{"i":{"x":0.833,"y":0.833},"o":{"x":0.333,"y":0},"t":105,"s":[{"i":[[-67.647,0],[-32.065,-45.57],[3.604,-7.877],[16.247,3.647],[72.731,-0.615],[34.725,-9.148],[4.721,10.68],[-6.513,7.807]],"o":[[68.279,0],[5.375,7.639],[-6.442,9.855],[-22.049,-4.949],[-72.731,0.615],[-12.316,3.245],[-3.667,-7.877],[46.038,-55.18]],"v":[[-22.285,-71.856],[148.583,5.214],[151.744,30.03],[125.27,40.497],[-22.251,20.529],[-169.207,40.793],[-195.681,30.64],[-192.52,5.825]],"c":true}]},{"t":110,"s":[{"i":[[-67.646,0],[-14.541,-28],[3.604,-10.32],[6.924,1.49],[34.463,-0.039],[32.334,-8.078],[4.721,13.991],[-5.563,8.8]],"o":[[68.279,0],[5.563,8.88],[-6.442,12.911],[-22.298,-4.8],[-34.293,-0.155],[-6.27,1.566],[-3.667,-10.32],[13.909,-28.8]],"v":[[-22.285,-72.488],[108.583,0.312],[111.744,31.512],[85.27,46.535],[-22.251,36.097],[-129.207,46.922],[-155.681,32.312],[-152.52,1.112]],"c":true}]}],"ix":2},"nm":"Path 1","mn":"ADBE Vector Shape - Group","hd":false},{"ty":"fl","c":{"a":0,"k":[0.258999992819,0.169000004787,0.051000000449,1],"ix":4},"o":{"a":0,"k":100,"ix":5},"r":1,"bm":0,"nm":"Fill 1","mn":"ADBE Vector Graphic - Fill","hd":false},{"ty":"tr","p":{"a":0,"k":[22,12],"ix":2},"a":{"a":0,"k":[0,0],"ix":1},"s":{"a":0,"k":[100,100],"ix":3},"r":{"a":0,"k":0,"ix":6},"o":{"a":0,"k":100,"ix":7},"sk":{"a":0,"k":0,"ix":4},"sa":{"a":0,"k":0,"ix":5},"nm":"Transform"}],"nm":"Group 1","np":2,"cix":2,"bm":0,"ix":1,"mn":"ADBE Vector Group","hd":false}],"ip":0,"op":110,"st":0,"bm":0},{"ddd":0,"ind":9,"ty":4,"nm":"base matte","parent":11,"td":1,"sr":1,"ks":{"o":{"a":0,"k":100,"ix":11},"r":{"a":0,"k":0,"ix":10},"p":{"s":true,"x":{"a":0,"k":-2,"ix":3},"y":{"a":0,"k":-3,"ix":4}},"a":{"a":0,"k":[0,0,0],"ix":1,"l":2},"s":{"a":0,"k":[100,100,100],"ix":6,"l":2}},"ao":0,"shapes":[{"ty":"gr","it":[{"ind":0,"ty":"sh","ix":1,"ks":{"a":0,"k":{"i":[[15.4,0],[0,38.4],[-27.9,0],[-10.6,-9.3],[0,-16.9],[11.5,-10.2]],"o":[[-27.9,0],[0,-38.4],[15.5,0],[11.5,10.2],[0,16.9],[-10.6,9.3]],"v":[[0,55.9],[-58,0],[0,-55.9],[40.4,-41.5],[58,0],[40.4,41.4]],"c":true},"ix":2},"nm":"Path 1","mn":"ADBE Vector Shape - Group","hd":false},{"ty":"fl","c":{"a":0,"k":[0.921568627451,0.560784313725,0,1],"ix":4},"o":{"a":0,"k":100,"ix":5},"r":1,"bm":0,"nm":"Fill 1","mn":"ADBE Vector Graphic - Fill","hd":false},{"ty":"tr","p":{"a":0,"k":[0,0],"ix":2},"a":{"a":0,"k":[0,0],"ix":1},"s":{"a":0,"k":[100,100],"ix":3},"r":{"a":0,"k":0,"ix":6},"o":{"a":0,"k":100,"ix":7},"sk":{"a":0,"k":0,"ix":4},"sa":{"a":0,"k":0,"ix":5},"nm":"Transform"}],"nm":"Group 1","np":2,"cix":2,"bm":0,"ix":1,"mn":"ADBE Vector Group","hd":false}],"ip":0,"op":110,"st":0,"bm":0},{"ddd":0,"ind":10,"ty":4,"nm":"base shadow","parent":11,"tt":2,"sr":1,"ks":{"o":{"a":0,"k":100,"ix":11},"r":{"a":0,"k":0,"ix":10},"p":{"s":true,"x":{"a":0,"k":0,"ix":3},"y":{"a":0,"k":0,"ix":4}},"a":{"a":0,"k":[0,0,0],"ix":1,"l":2},"s":{"a":0,"k":[100,100,100],"ix":6,"l":2}},"ao":0,"shapes":[{"ty":"gr","it":[{"ind":0,"ty":"sh","ix":1,"ks":{"a":0,"k":{"i":[[15.4,0],[0,38.4],[-27.9,0],[-10.6,-9.3],[0,-16.9],[11.5,-10.2]],"o":[[-27.9,0],[0,-38.4],[15.5,0],[11.5,10.2],[0,16.9],[-10.6,9.3]],"v":[[0,55.9],[-58,0],[0,-55.9],[40.4,-41.5],[58,0],[40.4,41.4]],"c":true},"ix":2},"nm":"Path 1","mn":"ADBE Vector Shape - Group","hd":false},{"ty":"fl","c":{"a":0,"k":[0.921568627451,0.560784313725,0,1],"ix":4},"o":{"a":0,"k":100,"ix":5},"r":1,"bm":0,"nm":"Fill 1","mn":"ADBE Vector Graphic - Fill","hd":false},{"ty":"tr","p":{"a":0,"k":[0,0],"ix":2},"a":{"a":0,"k":[0,0],"ix":1},"s":{"a":0,"k":[100,100],"ix":3},"r":{"a":0,"k":0,"ix":6},"o":{"a":0,"k":100,"ix":7},"sk":{"a":0,"k":0,"ix":4},"sa":{"a":0,"k":0,"ix":5},"nm":"Transform"}],"nm":"Group 1","np":2,"cix":2,"bm":0,"ix":1,"mn":"ADBE Vector Group","hd":false}],"ip":0,"op":110,"st":0,"bm":0},{"ddd":0,"ind":11,"ty":4,"nm":"base","parent":2,"sr":1,"ks":{"o":{"a":0,"k":100,"ix":11},"r":{"a":0,"k":0,"ix":10},"p":{"s":true,"x":{"a":0,"k":0,"ix":3},"y":{"a":0,"k":0,"ix":4}},"a":{"a":0,"k":[0,0,0],"ix":1,"l":2},"s":{"a":0,"k":[800,800,100],"ix":6,"l":2}},"ao":0,"shapes":[{"ty":"gr","it":[{"ind":0,"ty":"sh","ix":1,"ks":{"a":0,"k":{"i":[[15.4,0],[0,38.4],[-27.9,0],[-10.6,-9.3],[0,-16.9],[11.5,-10.2]],"o":[[-27.9,0],[0,-38.4],[15.5,0],[11.5,10.2],[0,16.9],[-10.6,9.3]],"v":[[0,55.9],[-58,0],[0,-55.9],[40.4,-41.5],[58,0],[40.4,41.4]],"c":true},"ix":2},"nm":"Path 1","mn":"ADBE Vector Shape - Group","hd":false},{"ty":"gf","o":{"a":0,"k":100,"ix":10},"r":1,"bm":0,"g":{"p":5,"k":{"a":0,"k":[0.48,0.992,0.878,0.188,0.691,0.98,0.816,0.178,0.902,0.969,0.753,0.169,0.966,0.963,0.694,0.153,1,0.957,0.635,0.137],"ix":9}},"s":{"a":0,"k":[0,0],"ix":5},"e":{"a":0,"k":[56.225,0],"ix":6},"t":2,"h":{"a":0,"k":0,"ix":7},"a":{"a":0,"k":0,"ix":8},"nm":"Gradient Fill 1","mn":"ADBE Vector Graphic - G-Fill","hd":false},{"ty":"tr","p":{"a":0,"k":[0,0],"ix":2},"a":{"a":0,"k":[0,0],"ix":1},"s":{"a":0,"k":[100,100],"ix":3},"r":{"a":0,"k":0,"ix":6},"o":{"a":0,"k":100,"ix":7},"sk":{"a":0,"k":0,"ix":4},"sa":{"a":0,"k":0,"ix":5},"nm":"Transform"}],"nm":"Group 1","np":2,"cix":2,"bm":0,"ix":1,"mn":"ADBE Vector Group","hd":false}],"ip":0,"op":110,"st":0,"bm":0},{"ddd":0,"ind":12,"ty":4,"nm":"DROP Back","parent":4,"sr":1,"ks":{"o":{"a":0,"k":100,"ix":11},"r":{"a":1,"k":[{"i":{"x":[0.667],"y":[1]},"o":{"x":[0.167],"y":[0.167]},"t":-50,"s":[-13.2]},{"i":{"x":[0.833],"y":[0.833]},"o":{"x":[0.333],"y":[0]},"t":-30,"s":[-3.2]},{"i":{"x":[0.833],"y":[0.833]},"o":{"x":[0.167],"y":[0.167]},"t":-15,"s":[0]},{"i":{"x":[0.833],"y":[0.833]},"o":{"x":[0.167],"y":[0.167]},"t":-5,"s":[-10]},{"t":7,"s":[-34.4]}],"ix":10},"p":{"s":true,"x":{"a":1,"k":[{"i":{"x":[0.966],"y":[1]},"o":{"x":[0.034],"y":[0]},"t":-137.5,"s":[-164.336]},{"i":{"x":[0.991],"y":[1]},"o":{"x":[0.009],"y":[0]},"t":-120,"s":[-176.755]},{"i":{"x":[0.973],"y":[0.968]},"o":{"x":[0.027],"y":[0]},"t":-50,"s":[-160.035]},{"i":{"x":[0.833],"y":[0.833]},"o":{"x":[0.048],"y":[-0.006]},"t":-27.5,"s":[-207.555]},{"i":{"x":[0.732],"y":[0.55]},"o":{"x":[0.167],"y":[0.167]},"t":-15,"s":[-6.494]},{"i":{"x":[0.708],"y":[0.117]},"o":{"x":[0.372],"y":[0.438]},"t":-5,"s":[19.247]},{"i":{"x":[0.797],"y":[0.827]},"o":{"x":[0.452],"y":[0.416]},"t":0,"s":[37.585]},{"t":7,"s":[122]}],"ix":3},"y":{"a":1,"k":[{"i":{"x":[0.966],"y":[0.949]},"o":{"x":[0.034],"y":[0.183]},"t":-137.5,"s":[-294.628]},{"i":{"x":[0.991],"y":[0.434]},"o":{"x":[0.009],"y":[0.077]},"t":-120,"s":[-211.822]},{"i":{"x":[0.973],"y":[1]},"o":{"x":[0.027],"y":[0.145]},"t":-50,"s":[-140.538]},{"i":{"x":[0.833],"y":[0.833]},"o":{"x":[0.048],"y":[0]},"t":-27.5,"s":[44.454]},{"i":{"x":[0.74],"y":[0.836]},"o":{"x":[0.167],"y":[0.167]},"t":-15,"s":[441.754]},{"i":{"x":[0.677],"y":[0.105]},"o":{"x":[0.325],"y":[3.101]},"t":-5,"s":[527.272]},{"i":{"x":[0.809],"y":[0.846]},"o":{"x":[0.431],"y":[0.26]},"t":0,"s":[530.108]},{"t":7,"s":[548.401]}],"ix":4}},"a":{"a":0,"k":[-0.727,82.01,0],"ix":1,"l":2},"s":{"a":0,"k":[100,100,100],"ix":6,"l":2}},"ao":0,"shapes":[{"ty":"gr","it":[{"ind":0,"ty":"sh","ix":1,"ks":{"a":1,"k":[{"i":{"x":0.833,"y":0.833},"o":{"x":0.167,"y":0.167},"t":-137.5,"s":[{"i":[[50.203,-39.022],[6.806,5.17],[-13.059,14.838],[-26.259,8.988]],"o":[[-10.691,8.309],[-6.806,-5.17],[16.558,-18.813],[48.028,-16.439]],"v":[[37.797,49.522],[7.557,53.278],[12.942,22.313],[35.472,-51.061]],"c":true}]},{"i":{"x":0.667,"y":1},"o":{"x":0.167,"y":0.167},"t":-127.5,"s":[{"i":[[26.047,-40.147],[8.015,3.847],[1.424,15.016],[-15.825,2.486]],"o":[[-8.622,13.289],[-8.015,-3.847],[-2.848,-30.032],[15.825,-2.486]],"v":[[84.953,69.866],[58.502,82.538],[42.848,52.751],[62.675,-67.295]],"c":true}]},{"i":{"x":0.833,"y":0.833},"o":{"x":0.333,"y":0},"t":-115,"s":[{"i":[[21.261,-33.252],[10.348,3.13],[0,19.766],[-21.027,-18.116]],"o":[[-7.465,12.077],[-10.347,-3.13],[0,-25.281],[34.315,29.549]],"v":[[72.797,128.522],[42.771,142.3],[23.942,108.313],[49.972,-25.561]],"c":true}]},{"i":{"x":0.833,"y":0.833},"o":{"x":0.167,"y":0.167},"t":-85,"s":[{"i":[[21.261,-33.252],[10.347,3.13],[0,19.766],[-21.027,-18.116]],"o":[[-7.465,12.077],[-10.348,-3.13],[0,-25.281],[34.315,29.549]],"v":[[70.797,128.522],[40.771,142.3],[21.942,108.313],[47.972,-25.561]],"c":true}]},{"i":{"x":0.667,"y":1},"o":{"x":0.167,"y":0.167},"t":-65,"s":[{"i":[[21.261,-33.252],[10.347,3.13],[0,19.766],[-21.027,-18.116]],"o":[[-7.465,12.077],[-10.348,-3.13],[0,-25.281],[34.315,29.549]],"v":[[70.797,128.522],[40.771,142.3],[21.942,108.313],[47.972,-28.561]],"c":true}]},{"i":{"x":0.833,"y":0.833},"o":{"x":0.333,"y":0},"t":-50,"s":[{"i":[[21.261,-33.252],[10.347,3.13],[0,19.766],[-21.027,-18.116]],"o":[[-7.465,12.077],[-10.348,-3.13],[0,-25.281],[34.315,29.549]],"v":[[70.797,128.522],[40.771,142.3],[21.942,108.313],[47.972,-28.561]],"c":true}]},{"i":{"x":0.833,"y":0.833},"o":{"x":0.167,"y":0.167},"t":-25,"s":[{"i":[[1.703,-43.522],[16.071,-3.035],[6.779,29.594],[-21.797,17.181]],"o":[[-0.792,20.244],[-16.071,3.035],[-5.645,-24.643],[24.028,-18.939]],"v":[[89.797,-0.978],[58.359,37.795],[17.942,1.813],[-2.028,-61.561]],"c":true}]},{"i":{"x":0.833,"y":0.833},"o":{"x":0.167,"y":0.167},"t":-15,"s":[{"i":[[3.874,-39.004],[6.228,23.814],[11.116,6.807],[-28.804,0.626]],"o":[[-2.555,25.719],[-6.228,-23.814],[-11.116,-6.807],[36.536,-0.794]],"v":[[71.953,75.114],[25.628,78.003],[-14.406,37.439],[-1.249,4.582]],"c":true}]},{"i":{"x":0.833,"y":0.833},"o":{"x":0.167,"y":0.167},"t":-10,"s":[{"i":[[-8.055,-21.51],[11.326,15.759],[7.414,7.052],[-10.884,-0.878]],"o":[[8.164,21.799],[-6.136,-8.538],[-9.927,-9.443],[14.11,1.138]],"v":[[50.494,68.768],[31.193,89.571],[-0.076,57.668],[8.151,37.878]],"c":true}]},{"i":{"x":0.833,"y":0.833},"o":{"x":0.167,"y":0.167},"t":-5,"s":[{"i":[[-13.964,-10.817],[7.659,4.636],[9.66,9.499],[-2.176,2.599]],"o":[[24.517,18.992],[-4.357,-2.637],[-8.486,-8.345],[5.954,-7.109]],"v":[[8.964,70.317],[3.184,89.453],[-22.931,67.441],[-35.846,48.443]],"c":true}]},{"t":7,"s":[{"i":[[-10.688,-12.228],[7.765,4.322],[5.305,9.05],[-3.803,4.345]],"o":[[11.418,13.063],[-6.669,-3.712],[-3.913,-6.675],[2.096,-2.394]],"v":[[1.074,88.626],[-3.132,98.91],[-25.423,74.694],[-32.657,52.743]],"c":true}]}],"ix":2},"nm":"Path 1","mn":"ADBE Vector Shape - Group","hd":false},{"ty":"fl","c":{"a":0,"k":[0.505882352941,0.83137254902,0.980392156863,1],"ix":4},"o":{"a":0,"k":100,"ix":5},"r":1,"bm":0,"nm":"Fill 1","mn":"ADBE Vector Graphic - Fill","hd":false},{"ty":"tr","p":{"a":0,"k":[0,0],"ix":2},"a":{"a":0,"k":[0,0],"ix":1},"s":{"a":0,"k":[100,100],"ix":3},"r":{"a":0,"k":0,"ix":6},"o":{"a":0,"k":100,"ix":7},"sk":{"a":0,"k":0,"ix":4},"sa":{"a":0,"k":0,"ix":5},"nm":"Transform"}],"nm":"Shape 2","np":3,"cix":2,"bm":0,"ix":1,"mn":"ADBE Vector Group","hd":false},{"ty":"gr","it":[{"ind":0,"ty":"sh","ix":1,"ks":{"a":1,"k":[{"i":{"x":0.833,"y":0.833},"o":{"x":0.167,"y":0.167},"t":-137.5,"s":[{"i":[[57.266,-11.971],[16.134,31.151],[-15.915,18.184],[-10.968,6.474],[-10.542,2.108],[-13.301,-3.797],[-8.681,-11.646],[7.149,-26.346]],"o":[[-39.105,8.175],[-13.762,-26.572],[15.793,-18.044],[17.444,-10.297],[17.751,-3.55],[11.603,3.312],[12.17,16.326],[-7.149,26.346]],"v":[[0.234,86.471],[-97.634,52.349],[-82.043,-26.456],[-41.944,-59.203],[-0.688,-76.7],[42.426,-76.266],[78.431,-53.104],[91.149,7.154]],"c":true}]},{"i":{"x":0.667,"y":1},"o":{"x":0.167,"y":0.167},"t":-127.5,"s":[{"i":[[64.843,-0.346],[6.023,52.095],[-19.743,36.746],[-14.936,15.242],[-13.042,4.714],[-15.314,-9.329],[-9.746,-42.375],[11.602,-57.173]],"o":[[-72.68,0.388],[-7.069,-61.146],[20.894,-38.888],[14.936,-15.242],[13.042,-4.714],[17.438,10.623],[11.053,48.057],[-10.727,52.862]],"v":[[0.157,166.065],[-114.931,71.864],[-79.894,-81.893],[-33.936,-147.539],[9.958,-177.567],[51.563,-172.904],[100.947,-82.338],[107.227,69.357]],"c":true}]},{"i":{"x":0.833,"y":0.833},"o":{"x":0.333,"y":0},"t":-115,"s":[{"i":[[65.192,0],[0,56.601],[-24.707,61.772],[-15.634,27.354],[-9.596,0],[-5.301,-10.754],[-15.132,-33.952],[0,-39.854]],"o":[[-66.208,0],[0,-48.849],[11.816,-29.541],[5.026,-9.017],[10.001,0],[14.539,26.883],[42.758,95.934],[1.485,55.796]],"v":[[0.117,205.471],[-119.134,82.849],[-65.293,-93.791],[-26.694,-181.888],[-2.751,-196],[21.301,-181.888],[61.931,-91.989],[117.649,83.654]],"c":true}]},{"i":{"x":0.833,"y":0.833},"o":{"x":0.167,"y":0.167},"t":-85,"s":[{"i":[[65.192,0],[0,56.601],[-24.707,61.772],[-15.634,27.354],[-9.596,0],[-5.301,-10.754],[-15.132,-33.952],[0,-39.854]],"o":[[-66.208,0],[0,-48.849],[11.816,-29.541],[5.026,-9.017],[10.001,0],[14.539,26.883],[42.758,95.934],[1.485,55.796]],"v":[[0.117,205.471],[-117.134,82.849],[-64.293,-93.791],[-26.694,-181.888],[-2.751,-196],[21.301,-181.888],[60.931,-91.989],[115.649,83.654]],"c":true}]},{"i":{"x":0.667,"y":1},"o":{"x":0.167,"y":0.167},"t":-65,"s":[{"i":[[65.192,0],[0,56.601],[-24.707,63.456],[-15.634,28.099],[-9.596,0],[-5.301,-11.047],[-15.165,-34.862],[0,-39.854]],"o":[[-66.208,0],[0,-48.849],[11.816,-30.346],[5.026,-9.263],[10.001,0],[14.539,27.616],[42.758,98.549],[1.485,55.796]],"v":[[0.117,205.471],[-117.134,82.849],[-64.293,-96.456],[-26.694,-186.953],[-2.751,-201.45],[21.301,-186.953],[60.931,-94.604],[115.649,83.654]],"c":true}]},{"i":{"x":0.833,"y":0.833},"o":{"x":0.333,"y":0},"t":-50,"s":[{"i":[[65.192,0],[0,56.601],[-24.707,63.456],[-15.634,28.099],[-9.596,0],[-5.301,-11.047],[-15.165,-34.862],[0,-39.854]],"o":[[-66.208,0],[0,-48.849],[11.816,-30.346],[5.026,-9.263],[10.001,0],[14.539,27.616],[42.758,98.549],[1.485,55.796]],"v":[[0.117,205.471],[-117.134,82.849],[-64.293,-96.456],[-26.694,-186.953],[-2.751,-201.45],[21.301,-186.953],[60.931,-94.604],[115.649,83.654]],"c":true}]},{"i":{"x":0.833,"y":0.833},"o":{"x":0.167,"y":0.167},"t":-25,"s":[{"i":[[65.192,0],[0,56.601],[-11.213,10.148],[-9.159,2.346],[-9.595,-0.155],[-10.874,-3.865],[-11.246,-11.609],[0.501,-24.149]],"o":[[-66.208,0],[0,-33.849],[15.293,-13.841],[14.444,-3.7],[15.501,0.25],[12.449,4.425],[16.819,17.362],[-1.149,55.346]],"v":[[4.617,110.471],[-104.634,8.849],[-74.293,-57.409],[-35.632,-80.487],[7.249,-85.5],[47.926,-77.8],[87.181,-52.112],[110.649,13.154]],"c":true}]},{"i":{"x":0.833,"y":0.833},"o":{"x":0.167,"y":0.167},"t":-15,"s":[{"i":[[63.572,0],[0,58.069],[-10.934,10.411],[-8.931,2.407],[-9.356,-0.159],[-10.604,-3.965],[-10.966,-11.91],[0.489,-24.775]],"o":[[-64.563,0],[0,-34.726],[14.913,-14.2],[14.085,-3.796],[15.115,0.256],[12.14,4.539],[16.401,17.812],[-1.12,56.781]],"v":[[-7.954,173.708],[-114.49,76.323],[-84.903,8.348],[-47.202,-15.329],[-5.387,-20.471],[34.279,-12.571],[72.559,13.782],[95.443,80.74]],"c":true}]},{"i":{"x":0.833,"y":0.833},"o":{"x":0.167,"y":0.167},"t":-10,"s":[{"i":[[36.442,-4.169],[9.169,25.542],[-2.728,11.58],[-10.153,8.081],[-13.534,1.518],[-15.04,-6.076],[-6.183,-11.664],[3.196,-29.065]],"o":[[-36.985,4.211],[-5.422,-15.104],[2.728,-11.58],[10.153,-8.081],[13.534,-1.518],[15.06,6.084],[7.432,14.021],[-2.341,21.29]],"v":[[22.477,150.393],[-51.567,111.785],[-51.871,65.789],[-34.935,37.242],[-4.434,24.605],[34.31,30.416],[66.537,58.576],[74.074,106.138]],"c":true}]},{"i":{"x":0.833,"y":0.833},"o":{"x":0.167,"y":0.167},"t":-5,"s":[{"i":[[9.313,-8.337],[18.569,11.568],[6.547,9.167],[2.233,6.53],[-4.928,4.946],[-6.753,-5.074],[-9.684,-7.221],[-5.901,-7.641]],"o":[[-9.408,8.422],[-11.22,-6.99],[-7.213,-10.099],[-5.5,-16.084],[7.961,-7.991],[13.347,10.029],[15.372,11.462],[9.543,12.356]],"v":[[52.908,127.078],[3.181,128.932],[-28.537,99.099],[-47.5,66.584],[-46.122,36.95],[-12.847,45.471],[21.128,69.288],[53.457,93.144]],"c":true}]},{"t":7,"s":[{"i":[[3.425,-2.114],[17.381,12.058],[13.712,16.618],[0.953,8.743],[-2.536,0.575],[-6.14,-5.8],[-7.897,-8.175],[-7.343,-8.771]],"o":[[-7.425,4.583],[-10.216,-7.088],[-8.996,-10.902],[-0.808,-7.414],[3.533,-0.801],[10.549,9.965],[11.471,11.875],[6.238,7.452]],"v":[[57.141,140.934],[13.472,121.324],[-25.298,85.935],[-41.366,53.079],[-37.617,42.201],[-22.149,50.082],[22.53,95.148],[54.348,128.621]],"c":true}]}],"ix":2},"nm":"Path 1","mn":"ADBE Vector Shape - Group","hd":false},{"ty":"gf","o":{"a":0,"k":100,"ix":10},"r":1,"bm":0,"g":{"p":3,"k":{"a":0,"k":[0.426,0.161,0.714,0.965,0.713,0.139,0.624,0.931,1,0.118,0.533,0.898],"ix":9}},"s":{"a":0,"k":[10.39,-49.351],"ix":5},"e":{"a":0,"k":[274.026,-10.39],"ix":6},"t":2,"h":{"a":0,"k":0,"ix":7},"a":{"a":0,"k":0,"ix":8},"nm":"Gradient Fill 1","mn":"ADBE Vector Graphic - G-Fill","hd":false},{"ty":"tr","p":{"a":0,"k":[0,0],"ix":2},"a":{"a":0,"k":[0,0],"ix":1},"s":{"a":0,"k":[100,100],"ix":3},"r":{"a":0,"k":0,"ix":6},"o":{"a":0,"k":100,"ix":7},"sk":{"a":0,"k":0,"ix":4},"sa":{"a":0,"k":0,"ix":5},"nm":"Transform"}],"nm":"Shape 1","np":3,"cix":2,"bm":0,"ix":2,"mn":"ADBE Vector Group","hd":false}],"ip":0,"op":8,"st":-137.5,"bm":0}]}],"layers":[{"ddd":0,"ind":1,"ty":0,"nm":"emoji_crying - 60 fps","refId":"comp_0","sr":1,"ks":{"o":{"a":0,"k":100,"ix":11},"r":{"a":0,"k":0,"ix":10},"p":{"a":0,"k":[512,512,0],"ix":2,"l":2},"a":{"a":0,"k":[512,512,0],"ix":1,"l":2},"s":{"a":0,"k":[100,100,100],"ix":6,"l":2}},"ao":0,"w":1024,"h":1024,"ip":102,"op":110,"st":102,"bm":0},{"ddd":0,"ind":2,"ty":0,"nm":"emoji_crying - 60 fps","refId":"comp_0","sr":1,"ks":{"o":{"a":0,"k":100,"ix":11},"r":{"a":0,"k":0,"ix":10},"p":{"a":0,"k":[512,512,0],"ix":2,"l":2},"a":{"a":0,"k":[512,512,0],"ix":1,"l":2},"s":{"a":0,"k":[100,100,100],"ix":6,"l":2}},"ao":0,"w":1024,"h":1024,"ip":0,"op":102,"st":-8,"bm":0}],"markers":[{"tm":61,"cm":"rest","dr":0}]}