{"v":"5.8.1","fr":60,"ip":0,"op":210,"w":1024,"h":1024,"nm":"emoji_Grinning cat with smiling eyes","ddd":0,"assets":[],"layers":[{"ddd":0,"ind":1,"ty":3,"nm":"MOVE ALL","sr":1,"ks":{"o":{"a":0,"k":0,"ix":11},"r":{"a":0,"k":0,"ix":10},"p":{"a":1,"k":[{"i":{"x":0.148,"y":1},"o":{"x":0.333,"y":0},"t":14,"s":[512,512,0],"to":[0,3,0],"ti":[0,2.667,0]},{"i":{"x":0.4,"y":1},"o":{"x":0.73,"y":0},"t":26,"s":[512,530,0],"to":[0,-2.667,0],"ti":[0,2.667,0]},{"i":{"x":0.667,"y":1},"o":{"x":0.687,"y":0},"t":44,"s":[512,496,0],"to":[0,-2.667,0],"ti":[0,-2.333,0]},{"i":{"x":0.667,"y":1},"o":{"x":0.167,"y":0},"t":62,"s":[512,514,0],"to":[0,2.333,0],"ti":[0,-1,0]},{"i":{"x":0.667,"y":1},"o":{"x":0.167,"y":0},"t":74,"s":[512,510,0],"to":[0,1,0],"ti":[0,0,0]},{"i":{"x":0.667,"y":1},"o":{"x":0.167,"y":0},"t":86,"s":[512,520,0],"to":[0,0,0],"ti":[0,0,0]},{"i":{"x":0.667,"y":1},"o":{"x":0.167,"y":0},"t":98,"s":[512,510,0],"to":[0,0,0],"ti":[0,1.333,0]},{"i":{"x":0.667,"y":1},"o":{"x":0.167,"y":0},"t":108,"s":[512,520,0],"to":[0,-1.333,0],"ti":[0,0.667,0]},{"i":{"x":0.667,"y":1},"o":{"x":0.167,"y":0},"t":120,"s":[512,502,0],"to":[0,-0.667,0],"ti":[0,0.333,0]},{"i":{"x":0.667,"y":1},"o":{"x":0.333,"y":0},"t":132,"s":[512,516,0],"to":[0,-0.333,0],"ti":[0,-0.667,0]},{"i":{"x":0.833,"y":1},"o":{"x":0.333,"y":0},"t":140,"s":[512,500,0],"to":[0,0.667,0],"ti":[0,-1.333,0]},{"i":{"x":0.833,"y":1},"o":{"x":0.333,"y":0},"t":150,"s":[512,520,0],"to":[0,1.333,0],"ti":[0,1.333,0]},{"i":{"x":0.833,"y":1},"o":{"x":0.333,"y":0},"t":158,"s":[512,508,0],"to":[0,-1.333,0],"ti":[0,-0.667,0]},{"t":166,"s":[512,512,0]}],"ix":2,"l":2},"a":{"a":0,"k":[0,0,0],"ix":1,"l":2},"s":{"a":0,"k":[100,100,100],"ix":6,"l":2}},"ao":0,"ip":0,"op":212,"st":0,"bm":0},{"ddd":0,"ind":2,"ty":3,"nm":"MOVE HEAD","parent":1,"sr":1,"ks":{"o":{"a":0,"k":0,"ix":11},"r":{"a":0,"k":0,"ix":10},"p":{"a":1,"k":[{"i":{"x":0.148,"y":1},"o":{"x":0.333,"y":0},"t":16,"s":[0,0,0],"to":[0,12.667,0],"ti":[0,5.333,0]},{"i":{"x":0.4,"y":1},"o":{"x":0.73,"y":0},"t":26,"s":[0,76,0],"to":[0,-5.333,0],"ti":[0,12.667,0]},{"i":{"x":0.667,"y":1},"o":{"x":0.687,"y":0},"t":44,"s":[0,-32,0],"to":[0,-12.667,0],"ti":[0,-3,0]},{"i":{"x":0.667,"y":1},"o":{"x":0.167,"y":0},"t":62,"s":[0,0,0],"to":[0,3,0],"ti":[0,0,0]},{"i":{"x":0.667,"y":1},"o":{"x":0.167,"y":0},"t":74,"s":[0,-14,0],"to":[0,0,0],"ti":[0,0,0]},{"i":{"x":0.667,"y":1},"o":{"x":0.167,"y":0},"t":86,"s":[0,0,0],"to":[0,0,0],"ti":[0,0,0]},{"i":{"x":0.667,"y":1},"o":{"x":0.167,"y":0},"t":98,"s":[0,-14,0],"to":[0,0,0],"ti":[0,0.667,0]},{"i":{"x":0.667,"y":1},"o":{"x":0.167,"y":0},"t":108,"s":[0,0,0],"to":[0,-0.667,0],"ti":[0,-0.667,0]},{"i":{"x":0.667,"y":1},"o":{"x":0.167,"y":0},"t":120,"s":[0,-18,0],"to":[0,0.667,0],"ti":[0,1,0]},{"i":{"x":0.667,"y":1},"o":{"x":0.333,"y":0},"t":132,"s":[0,4,0],"to":[0,-1,0],"ti":[0,-1.333,0]},{"i":{"x":0.833,"y":1},"o":{"x":0.333,"y":0},"t":140,"s":[0,-24,0],"to":[0,1.333,0],"ti":[0,-3.333,0]},{"i":{"x":0.833,"y":1},"o":{"x":0.333,"y":0},"t":150,"s":[0,12,0],"to":[0,3.333,0],"ti":[0,2,0]},{"i":{"x":0.833,"y":1},"o":{"x":0.333,"y":0},"t":158,"s":[0,-4,0],"to":[0,-2,0],"ti":[0,-0.667,0]},{"t":166,"s":[0,0,0]}],"ix":2,"l":2},"a":{"a":0,"k":[0,0,0],"ix":1,"l":2},"s":{"a":0,"k":[100,100,100],"ix":6,"l":2}},"ao":0,"ip":0,"op":212,"st":0,"bm":0},{"ddd":0,"ind":3,"ty":3,"nm":"MOVE HEAD 2","parent":1,"sr":1,"ks":{"o":{"a":0,"k":0,"ix":11},"r":{"a":0,"k":0,"ix":10},"p":{"a":1,"k":[{"i":{"x":0.833,"y":1},"o":{"x":0.333,"y":0},"t":16,"s":[0,0,0],"to":[0,2.667,0],"ti":[0,2.667,0]},{"i":{"x":0.4,"y":1},"o":{"x":0.333,"y":0},"t":26,"s":[0,16,0],"to":[0,-2.667,0],"ti":[0,3.333,0]},{"i":{"x":0.667,"y":1},"o":{"x":0.687,"y":0},"t":44,"s":[0,-16,0],"to":[0,-3.333,0],"ti":[0,-0.333,0]},{"i":{"x":0.667,"y":1},"o":{"x":0.167,"y":0},"t":62,"s":[0,-4,0],"to":[0,0.333,0],"ti":[0,0.667,0]},{"i":{"x":0.667,"y":1},"o":{"x":0.167,"y":0},"t":74,"s":[0,-14,0],"to":[0,-0.667,0],"ti":[0,0,0]},{"i":{"x":0.667,"y":1},"o":{"x":0.167,"y":0},"t":86,"s":[0,-8,0],"to":[0,0,0],"ti":[0,0,0]},{"i":{"x":0.667,"y":1},"o":{"x":0.167,"y":0},"t":98,"s":[0,-14,0],"to":[0,0,0],"ti":[0,0.667,0]},{"i":{"x":0.667,"y":1},"o":{"x":0.167,"y":0},"t":108,"s":[0,-8,0],"to":[0,-0.667,0],"ti":[0,-0.667,0]},{"i":{"x":0.667,"y":1},"o":{"x":0.167,"y":0},"t":120,"s":[0,-18,0],"to":[0,0.667,0],"ti":[0,0.333,0]},{"i":{"x":0.667,"y":1},"o":{"x":0.333,"y":0},"t":132,"s":[0,-4,0],"to":[0,-0.333,0],"ti":[0,-1.333,0]},{"i":{"x":0.833,"y":1},"o":{"x":0.333,"y":0},"t":140,"s":[0,-20,0],"to":[0,1.333,0],"ti":[0,-2.667,0]},{"i":{"x":0.833,"y":1},"o":{"x":0.333,"y":0},"t":150,"s":[0,4,0],"to":[0,2.667,0],"ti":[0,0.667,0]},{"i":{"x":0.833,"y":1},"o":{"x":0.333,"y":0},"t":158,"s":[0,-4,0],"to":[0,-0.667,0],"ti":[0,-0.667,0]},{"t":166,"s":[0,0,0]}],"ix":2,"l":2},"a":{"a":0,"k":[0,0,0],"ix":1,"l":2},"s":{"a":0,"k":[100,100,100],"ix":6,"l":2}},"ao":0,"ip":0,"op":212,"st":0,"bm":0},{"ddd":0,"ind":4,"ty":4,"nm":"smile 2","parent":2,"sr":1,"ks":{"o":{"a":0,"k":100,"ix":11},"r":{"a":0,"k":0,"ix":10},"p":{"a":0,"k":[-0.075,253.139,0],"ix":2,"l":2},"a":{"a":0,"k":[223.33,98.53,0],"ix":1,"l":2},"s":{"a":0,"k":[99.125,99.125,100],"ix":6,"l":2}},"ao":0,"shapes":[{"ty":"gr","it":[{"ind":0,"ty":"sh","ix":1,"ks":{"a":1,"k":[{"i":{"x":0.165,"y":1},"o":{"x":0.333,"y":0},"t":34,"s":[{"i":[[12.4,12.56],[37.36,-12.3],[38.03,21.03],[0,0],[0,0],[41.22,-16.417],[21.68,8.08],[10.338,-10.106],[-16.112,-9.458],[-69.969,1.062],[-21.979,17.124]],"o":[[-12.394,-10.664],[-21.68,8.16],[-33.526,-18.54],[0,0],[0,0],[-42.157,16.79],[-22.44,-9.245],[-12.621,12.338],[45.49,26.703],[73.24,1.062],[21.979,-17.124]],"v":[[202.261,-80.753],[149.73,-51.957],[41.711,-46.178],[0.305,-98.28],[-2.255,-98.28],[-52.544,-44.936],[-150.816,-54.184],[-200.1,-80.386],[-179.697,-31.121],[-1.275,14.891],[176.838,-28.343]],"c":true}]},{"i":{"x":0.833,"y":0.833},"o":{"x":0.167,"y":0},"t":44,"s":[{"i":[[12.4,12.56],[19.68,-7.36],[38.03,21.03],[0,0],[0,0],[40.456,-18.219],[21.68,8.08],[13.2,-13.36],[-8.8,-16.48],[-129.6,-0.48],[-18.56,34.8]],"o":[[-16.73,-16.79],[-21.68,8.16],[-33.526,-18.54],[0,0],[0,0],[-44.2,19.905],[-22.44,-9.245],[-12.4,12.56],[18.56,34.8],[129.6,-0.4],[8.88,-16.48]],"v":[[211.52,-47.42],[156.52,-51.34],[32.76,-41.24],[0.305,-98.28],[-2.255,-98.28],[-35.26,-40.615],[-154.52,-51.715],[-211.52,-47.67],[-213.03,-2.38],[-0.04,91.78],[212.95,-2.38]],"c":true}]},{"i":{"x":0.833,"y":0.833},"o":{"x":0.167,"y":0.167},"t":62,"s":[{"i":[[12.4,12.56],[19.68,-7.36],[38.03,21.03],[0,0],[0,0],[40.456,-18.219],[21.68,8.08],[13.2,-13.36],[-8.8,-16.48],[-129.6,-0.48],[-18.56,34.8]],"o":[[-16.73,-16.79],[-21.68,8.16],[-33.526,-18.54],[0,0],[0,0],[-44.2,19.905],[-22.44,-9.245],[-12.4,12.56],[18.56,34.8],[129.6,-0.4],[8.88,-16.48]],"v":[[211.52,-47.42],[156.52,-51.34],[32.76,-41.24],[0.305,-98.28],[-2.255,-98.28],[-35.26,-40.615],[-154.52,-51.715],[-211.52,-47.67],[-213.03,-2.38],[-0.04,91.78],[212.95,-2.38]],"c":true}]},{"i":{"x":0.833,"y":0.833},"o":{"x":0.167,"y":0.167},"t":72,"s":[{"i":[[12.4,12.56],[19.68,-7.36],[38.03,21.03],[0,0],[0,0],[40.456,-18.219],[21.68,8.08],[13.2,-13.36],[-8.8,-16.48],[-129.6,-0.48],[-18.56,34.8]],"o":[[-16.73,-16.79],[-21.68,8.16],[-33.526,-18.54],[0,0],[0,0],[-44.2,19.905],[-22.44,-9.245],[-12.4,12.56],[18.56,34.8],[129.6,-0.4],[8.88,-16.48]],"v":[[211.52,-47.42],[156.52,-51.34],[32.76,-41.24],[0.305,-98.28],[-2.255,-98.28],[-35.26,-40.615],[-154.52,-51.715],[-211.52,-47.67],[-213.03,-2.38],[-0.04,83.709],[212.95,-2.38]],"c":true}]},{"i":{"x":0.833,"y":0.833},"o":{"x":0.167,"y":0.167},"t":82,"s":[{"i":[[12.4,12.56],[19.68,-7.36],[38.03,21.03],[0,0],[0,0],[40.456,-18.219],[21.68,8.08],[13.2,-13.36],[-8.8,-16.48],[-129.6,-0.48],[-18.56,34.8]],"o":[[-16.73,-16.79],[-21.68,8.16],[-33.526,-18.54],[0,0],[0,0],[-44.2,19.905],[-22.44,-9.245],[-12.4,12.56],[18.56,34.8],[129.6,-0.4],[8.88,-16.48]],"v":[[211.52,-47.42],[156.52,-51.34],[32.76,-41.24],[0.305,-98.28],[-2.255,-98.28],[-35.26,-40.615],[-154.52,-51.715],[-211.52,-47.67],[-213.03,-2.38],[-0.04,91.78],[212.95,-2.38]],"c":true}]},{"i":{"x":0.833,"y":0.833},"o":{"x":0.167,"y":0.167},"t":92,"s":[{"i":[[12.4,12.56],[19.68,-7.36],[38.03,21.03],[0,0],[0,0],[40.456,-18.219],[21.68,8.08],[13.2,-13.36],[-8.8,-16.48],[-129.6,-0.48],[-18.56,34.8]],"o":[[-16.73,-16.79],[-21.68,8.16],[-33.526,-18.54],[0,0],[0,0],[-44.2,19.905],[-22.44,-9.245],[-12.4,12.56],[18.56,34.8],[129.6,-0.4],[8.88,-16.48]],"v":[[211.52,-47.42],[156.52,-51.34],[32.76,-41.24],[0.305,-98.28],[-2.255,-98.28],[-35.26,-40.615],[-154.52,-51.715],[-211.52,-47.67],[-213.03,-2.38],[-0.04,83.709],[212.95,-2.38]],"c":true}]},{"i":{"x":0.833,"y":0.833},"o":{"x":0.167,"y":0.167},"t":102,"s":[{"i":[[12.4,12.56],[19.68,-7.36],[38.03,21.03],[0,0],[0,0],[40.456,-18.219],[21.68,8.08],[13.2,-13.36],[-8.8,-16.48],[-129.6,-0.48],[-18.56,34.8]],"o":[[-16.73,-16.79],[-21.68,8.16],[-33.526,-18.54],[0,0],[0,0],[-44.2,19.905],[-22.44,-9.245],[-12.4,12.56],[18.56,34.8],[129.6,-0.4],[8.88,-16.48]],"v":[[211.52,-47.42],[156.52,-51.34],[32.76,-41.24],[0.305,-98.28],[-2.255,-98.28],[-35.26,-40.615],[-154.52,-51.715],[-211.52,-47.67],[-213.03,-2.38],[-0.04,91.78],[212.95,-2.38]],"c":true}]},{"i":{"x":0.833,"y":0.833},"o":{"x":0.167,"y":0.167},"t":114,"s":[{"i":[[12.4,12.56],[19.68,-7.36],[38.03,21.03],[0,0],[0,0],[40.456,-18.219],[21.68,8.08],[13.2,-13.36],[-8.8,-16.48],[-129.6,-0.48],[-18.56,34.8]],"o":[[-16.73,-16.79],[-21.68,8.16],[-33.526,-18.54],[0,0],[0,0],[-44.2,19.905],[-22.44,-9.245],[-12.4,12.56],[18.56,34.8],[129.6,-0.4],[8.88,-16.48]],"v":[[211.52,-47.42],[156.52,-51.34],[32.76,-41.24],[0.305,-98.28],[-2.255,-98.28],[-35.26,-40.615],[-154.52,-51.715],[-211.52,-47.67],[-213.03,-2.38],[-0.04,83.709],[212.95,-2.38]],"c":true}]},{"i":{"x":0.833,"y":1},"o":{"x":0.167,"y":0.167},"t":124,"s":[{"i":[[12.4,12.56],[19.68,-7.36],[38.03,21.03],[0,0],[0,0],[40.456,-18.219],[21.68,8.08],[13.2,-13.36],[-8.8,-16.48],[-129.6,-0.48],[-18.56,34.8]],"o":[[-16.73,-16.79],[-21.68,8.16],[-33.526,-18.54],[0,0],[0,0],[-44.2,19.905],[-22.44,-9.245],[-12.4,12.56],[18.56,34.8],[129.6,-0.4],[8.88,-16.48]],"v":[[211.52,-47.42],[156.52,-51.34],[32.76,-41.24],[0.305,-98.28],[-2.255,-98.28],[-35.26,-40.615],[-154.52,-51.715],[-211.52,-47.67],[-213.03,-2.38],[-0.04,91.78],[212.95,-2.38]],"c":true}]},{"i":{"x":0.667,"y":1},"o":{"x":1,"y":0},"t":138,"s":[{"i":[[12.4,12.56],[19.68,-7.36],[38.03,21.03],[0,0],[0,0],[40.456,-18.219],[21.68,8.08],[13.2,-13.36],[-8.8,-16.48],[-129.6,-0.48],[-18.56,34.8]],"o":[[-16.73,-16.79],[-21.68,8.16],[-33.526,-18.54],[0,0],[0,0],[-44.2,19.905],[-22.44,-9.245],[-12.4,12.56],[18.56,34.8],[129.6,-0.4],[8.88,-16.48]],"v":[[211.52,-47.42],[156.52,-51.34],[32.76,-41.24],[0.305,-98.28],[-2.255,-98.28],[-35.26,-40.615],[-154.52,-51.715],[-211.52,-47.67],[-213.03,-2.38],[-0.04,91.78],[212.95,-2.38]],"c":true}]},{"t":144,"s":[{"i":[[12.4,12.56],[37.36,-12.3],[38.03,21.03],[0,0],[0,0],[41.22,-16.417],[21.68,8.08],[10.338,-10.106],[-16.112,-9.458],[-69.969,1.062],[-21.979,17.124]],"o":[[-12.394,-10.664],[-21.68,8.16],[-33.526,-18.54],[0,0],[0,0],[-42.157,16.79],[-22.44,-9.245],[-12.621,12.338],[45.49,26.703],[73.24,1.062],[21.979,-17.124]],"v":[[202.261,-80.753],[149.73,-51.957],[41.711,-46.178],[0.305,-98.28],[-2.255,-98.28],[-52.544,-44.936],[-150.816,-54.184],[-200.1,-80.386],[-179.697,-38.182],[-1.275,7.829],[176.838,-35.405]],"c":true}]}],"ix":2},"nm":"Path 1","mn":"ADBE Vector Shape - Group","hd":false},{"ty":"st","c":{"a":0,"k":[0,0,0,1],"ix":3},"o":{"a":0,"k":100,"ix":4},"w":{"a":1,"k":[{"i":{"x":[0.667],"y":[1]},"o":{"x":[0.333],"y":[0]},"t":32,"s":[33]},{"i":{"x":[0.833],"y":[1]},"o":{"x":[0.333],"y":[0]},"t":44,"s":[27]},{"i":{"x":[0.667],"y":[1]},"o":{"x":[0.762],"y":[0]},"t":138,"s":[27]},{"t":146,"s":[40]}],"ix":5},"lc":1,"lj":1,"ml":4,"bm":0,"nm":"Stroke 1","mn":"ADBE Vector Graphic - Stroke","hd":false},{"ty":"tr","p":{"a":0,"k":[223.33,98.53],"ix":2},"a":{"a":0,"k":[0,0],"ix":1},"s":{"a":0,"k":[100,100],"ix":3},"r":{"a":0,"k":0,"ix":6},"o":{"a":0,"k":100,"ix":7},"sk":{"a":0,"k":0,"ix":4},"sa":{"a":0,"k":0,"ix":5},"nm":"Transform"}],"nm":"Group 6","np":3,"cix":2,"bm":0,"ix":6,"mn":"ADBE Vector Group","hd":false}],"ip":36,"op":144,"st":36,"bm":0},{"ddd":0,"ind":5,"ty":4,"nm":"smile 3","parent":2,"td":1,"sr":1,"ks":{"o":{"a":0,"k":100,"ix":11},"r":{"a":0,"k":0,"ix":10},"p":{"a":0,"k":[-0.075,253.139,0],"ix":2,"l":2},"a":{"a":0,"k":[223.33,98.53,0],"ix":1,"l":2},"s":{"a":0,"k":[99.125,99.125,100],"ix":6,"l":2}},"ao":0,"shapes":[{"ty":"gr","it":[{"ind":0,"ty":"sh","ix":1,"ks":{"a":1,"k":[{"i":{"x":0.165,"y":1},"o":{"x":0.333,"y":0},"t":34,"s":[{"i":[[12.4,12.56],[37.36,-12.3],[38.03,21.03],[0,0],[0,0],[41.22,-16.417],[21.68,8.08],[10.338,-10.106],[-16.112,-9.458],[-69.969,1.062],[-21.979,17.124]],"o":[[-12.394,-10.664],[-21.68,8.16],[-33.526,-18.54],[0,0],[0,0],[-42.157,16.79],[-22.44,-9.245],[-12.621,12.338],[45.49,26.703],[73.24,1.062],[21.979,-17.124]],"v":[[202.261,-80.753],[149.73,-51.957],[41.711,-46.178],[0.305,-98.28],[-2.255,-98.28],[-52.544,-44.936],[-150.816,-54.184],[-200.1,-80.386],[-179.697,-38.182],[-1.275,7.829],[176.838,-35.405]],"c":true}]},{"i":{"x":0.833,"y":1},"o":{"x":0.167,"y":0},"t":44,"s":[{"i":[[12.4,12.56],[19.68,-7.36],[38.03,21.03],[0,0],[0,0],[40.456,-18.219],[21.68,8.08],[13.2,-13.36],[-8.8,-16.48],[-129.6,-0.48],[-18.56,34.8]],"o":[[-16.73,-16.79],[-21.68,8.16],[-33.526,-18.54],[0,0],[0,0],[-44.2,19.905],[-22.44,-9.245],[-12.4,12.56],[18.56,34.8],[129.6,-0.4],[8.88,-16.48]],"v":[[211.52,-47.42],[156.52,-51.34],[32.76,-41.24],[0.305,-98.28],[-2.255,-98.28],[-35.26,-40.615],[-154.52,-51.715],[-211.52,-47.67],[-213.03,-2.38],[-0.04,91.78],[212.95,-2.38]],"c":true}]},{"i":{"x":0.667,"y":1},"o":{"x":1,"y":0},"t":138,"s":[{"i":[[12.4,12.56],[19.68,-7.36],[38.03,21.03],[0,0],[0,0],[40.456,-18.219],[21.68,8.08],[13.2,-13.36],[-8.8,-16.48],[-129.6,-0.48],[-18.56,34.8]],"o":[[-16.73,-16.79],[-21.68,8.16],[-33.526,-18.54],[0,0],[0,0],[-44.2,19.905],[-22.44,-9.245],[-12.4,12.56],[18.56,34.8],[129.6,-0.4],[8.88,-16.48]],"v":[[211.52,-47.42],[156.52,-51.34],[32.76,-41.24],[0.305,-98.28],[-2.255,-98.28],[-35.26,-40.615],[-154.52,-51.715],[-211.52,-47.67],[-213.03,-2.38],[-0.04,91.78],[212.95,-2.38]],"c":true}]},{"t":144,"s":[{"i":[[12.4,12.56],[37.36,-12.3],[38.03,21.03],[0,0],[0,0],[41.22,-16.417],[21.68,8.08],[10.338,-10.106],[-16.112,-9.458],[-69.969,1.062],[-21.979,17.124]],"o":[[-12.394,-10.664],[-21.68,8.16],[-33.526,-18.54],[0,0],[0,0],[-42.157,16.79],[-22.44,-9.245],[-12.621,12.338],[45.49,26.703],[73.24,1.062],[21.979,-17.124]],"v":[[202.261,-80.753],[149.73,-51.957],[41.711,-46.178],[0.305,-98.28],[-2.255,-98.28],[-52.544,-44.936],[-150.816,-54.184],[-200.1,-80.386],[-179.697,-38.182],[-1.275,7.829],[176.838,-35.405]],"c":true}]}],"ix":2},"nm":"Path 1","mn":"ADBE Vector Shape - Group","hd":false},{"ty":"st","c":{"a":0,"k":[0,0,0,1],"ix":3},"o":{"a":0,"k":100,"ix":4},"w":{"a":1,"k":[{"i":{"x":[0.667],"y":[1]},"o":{"x":[0.333],"y":[0]},"t":32,"s":[40]},{"i":{"x":[0.833],"y":[1]},"o":{"x":[0.333],"y":[0]},"t":44,"s":[27]},{"i":{"x":[0.667],"y":[1]},"o":{"x":[0.762],"y":[0]},"t":138,"s":[27]},{"t":146,"s":[40]}],"ix":5},"lc":1,"lj":1,"ml":4,"bm":0,"nm":"Stroke 1","mn":"ADBE Vector Graphic - Stroke","hd":false},{"ty":"fl","c":{"a":0,"k":[1,1,1,1],"ix":4},"o":{"a":0,"k":100,"ix":5},"r":1,"bm":0,"nm":"Fill 1","mn":"ADBE Vector Graphic - Fill","hd":false},{"ty":"tr","p":{"a":0,"k":[223.33,98.53],"ix":2},"a":{"a":0,"k":[0,0],"ix":1},"s":{"a":0,"k":[100,100],"ix":3},"r":{"a":0,"k":0,"ix":6},"o":{"a":0,"k":100,"ix":7},"sk":{"a":0,"k":0,"ix":4},"sa":{"a":0,"k":0,"ix":5},"nm":"Transform"}],"nm":"Group 6","np":3,"cix":2,"bm":0,"ix":6,"mn":"ADBE Vector Group","hd":false}],"ip":36,"op":144,"st":36,"bm":0},{"ddd":0,"ind":6,"ty":4,"nm":"smile","parent":2,"tt":1,"sr":1,"ks":{"o":{"a":0,"k":100,"ix":11},"r":{"a":0,"k":0,"ix":10},"p":{"a":0,"k":[-0.075,253.139,0],"ix":2,"l":2},"a":{"a":0,"k":[223.33,98.53,0],"ix":1,"l":2},"s":{"a":0,"k":[99.125,99.125,100],"ix":6,"l":2}},"ao":0,"shapes":[{"ty":"gr","it":[{"ind":0,"ty":"sh","ix":1,"ks":{"a":0,"k":{"i":[[0,0],[0,0]],"o":[[0,0],[0,0]],"v":[[307.61,56.41],[307.61,169.85]],"c":false},"ix":2},"nm":"Path 1","mn":"ADBE Vector Shape - Group","hd":false},{"ty":"st","c":{"a":0,"k":[0,0,0,1],"ix":3},"o":{"a":0,"k":100,"ix":4},"w":{"a":0,"k":16,"ix":5},"lc":1,"lj":1,"ml":10,"bm":0,"nm":"Stroke 1","mn":"ADBE Vector Graphic - Stroke","hd":false},{"ty":"tr","p":{"a":0,"k":[0,0],"ix":2},"a":{"a":0,"k":[0,0],"ix":1},"s":{"a":0,"k":[100,100],"ix":3},"r":{"a":0,"k":0,"ix":6},"o":{"a":0,"k":100,"ix":7},"sk":{"a":0,"k":0,"ix":4},"sa":{"a":0,"k":0,"ix":5},"nm":"Transform"}],"nm":"Group 1","np":2,"cix":2,"bm":0,"ix":1,"mn":"ADBE Vector Group","hd":false},{"ty":"gr","it":[{"ind":0,"ty":"sh","ix":1,"ks":{"a":0,"k":{"i":[[0,0],[0,0]],"o":[[0,0],[0,0]],"v":[[391.93,39.69],[391.93,138.33]],"c":false},"ix":2},"nm":"Path 1","mn":"ADBE Vector Shape - Group","hd":false},{"ty":"st","c":{"a":0,"k":[0,0,0,1],"ix":3},"o":{"a":0,"k":100,"ix":4},"w":{"a":0,"k":16,"ix":5},"lc":1,"lj":1,"ml":10,"bm":0,"nm":"Stroke 1","mn":"ADBE Vector Graphic - Stroke","hd":false},{"ty":"tr","p":{"a":0,"k":[0,0],"ix":2},"a":{"a":0,"k":[0,0],"ix":1},"s":{"a":0,"k":[100,100],"ix":3},"r":{"a":0,"k":0,"ix":6},"o":{"a":0,"k":100,"ix":7},"sk":{"a":0,"k":0,"ix":4},"sa":{"a":0,"k":0,"ix":5},"nm":"Transform"}],"nm":"Group 2","np":2,"cix":2,"bm":0,"ix":2,"mn":"ADBE Vector Group","hd":false},{"ty":"gr","it":[{"ind":0,"ty":"sh","ix":1,"ks":{"a":0,"k":{"i":[[0,0],[0,0]],"o":[[0,0],[0,0]],"v":[[223.37,26.97],[223.37,186.249]],"c":false},"ix":2},"nm":"Path 1","mn":"ADBE Vector Shape - Group","hd":false},{"ty":"st","c":{"a":0,"k":[0,0,0,1],"ix":3},"o":{"a":0,"k":100,"ix":4},"w":{"a":0,"k":16,"ix":5},"lc":1,"lj":1,"ml":10,"bm":0,"nm":"Stroke 1","mn":"ADBE Vector Graphic - Stroke","hd":false},{"ty":"tr","p":{"a":0,"k":[0,0],"ix":2},"a":{"a":0,"k":[0,0],"ix":1},"s":{"a":0,"k":[100,100],"ix":3},"r":{"a":0,"k":0,"ix":6},"o":{"a":0,"k":100,"ix":7},"sk":{"a":0,"k":0,"ix":4},"sa":{"a":0,"k":0,"ix":5},"nm":"Transform"}],"nm":"Group 3","np":2,"cix":2,"bm":0,"ix":3,"mn":"ADBE Vector Group","hd":false},{"ty":"gr","it":[{"ind":0,"ty":"sh","ix":1,"ks":{"a":0,"k":{"i":[[0,0],[0,0]],"o":[[0,0],[0,0]],"v":[[139.13,64.57],[139.13,173.77]],"c":false},"ix":2},"nm":"Path 1","mn":"ADBE Vector Shape - Group","hd":false},{"ty":"st","c":{"a":0,"k":[0,0,0,1],"ix":3},"o":{"a":0,"k":100,"ix":4},"w":{"a":0,"k":16,"ix":5},"lc":1,"lj":1,"ml":10,"bm":0,"nm":"Stroke 1","mn":"ADBE Vector Graphic - Stroke","hd":false},{"ty":"tr","p":{"a":0,"k":[0,0],"ix":2},"a":{"a":0,"k":[0,0],"ix":1},"s":{"a":0,"k":[100,100],"ix":3},"r":{"a":0,"k":0,"ix":6},"o":{"a":0,"k":100,"ix":7},"sk":{"a":0,"k":0,"ix":4},"sa":{"a":0,"k":0,"ix":5},"nm":"Transform"}],"nm":"Group 4","np":2,"cix":2,"bm":0,"ix":4,"mn":"ADBE Vector Group","hd":false},{"ty":"gr","it":[{"ind":0,"ty":"sh","ix":1,"ks":{"a":0,"k":{"i":[[0,0],[0,0]],"o":[[0,0],[0,0]],"v":[[54.81,48.89],[54.81,147.53]],"c":false},"ix":2},"nm":"Path 1","mn":"ADBE Vector Shape - Group","hd":false},{"ty":"st","c":{"a":0,"k":[0,0,0,1],"ix":3},"o":{"a":0,"k":100,"ix":4},"w":{"a":0,"k":16,"ix":5},"lc":1,"lj":1,"ml":10,"bm":0,"nm":"Stroke 1","mn":"ADBE Vector Graphic - Stroke","hd":false},{"ty":"tr","p":{"a":0,"k":[0,0],"ix":2},"a":{"a":0,"k":[0,0],"ix":1},"s":{"a":0,"k":[100,100],"ix":3},"r":{"a":0,"k":0,"ix":6},"o":{"a":0,"k":100,"ix":7},"sk":{"a":0,"k":0,"ix":4},"sa":{"a":0,"k":0,"ix":5},"nm":"Transform"}],"nm":"Group 5","np":2,"cix":2,"bm":0,"ix":5,"mn":"ADBE Vector Group","hd":false},{"ty":"gr","it":[{"ind":0,"ty":"sh","ix":1,"ks":{"a":0,"k":{"i":[[12.4,12.56],[19.68,-7.36],[33.76,21.44],[0,0],[0,0],[26.88,-15.36],[21.68,8.08],[13.2,-13.36],[-8.8,-16.48],[-129.6,-0.48],[-18.56,34.8]],"o":[[-13.12,-13.36],[-21.68,8.16],[-29.68,-18.8],[0,0],[0,0],[-34.8,20],[-19.6,-7.36],[-12.4,12.56],[18.56,34.8],[129.6,-0.4],[8.88,-16.48]],"v":[[208.52,-42.92],[154.52,-52.84],[32.76,-41.24],[4.68,-98.28],[-7.88,-98.28],[-32.76,-41.24],[-154.52,-52.84],[-208.52,-42.92],[-214.28,4.12],[-0.04,98.28],[214.2,4.12]],"c":true},"ix":2},"nm":"Path 1","mn":"ADBE Vector Shape - Group","hd":false},{"ty":"fl","c":{"a":0,"k":[1,1,1,1],"ix":4},"o":{"a":0,"k":100,"ix":5},"r":1,"bm":0,"nm":"Fill 1","mn":"ADBE Vector Graphic - Fill","hd":false},{"ty":"tr","p":{"a":0,"k":[223.33,98.53],"ix":2},"a":{"a":0,"k":[0,0],"ix":1},"s":{"a":0,"k":[100,100],"ix":3},"r":{"a":0,"k":0,"ix":6},"o":{"a":0,"k":100,"ix":7},"sk":{"a":0,"k":0,"ix":4},"sa":{"a":0,"k":0,"ix":5},"nm":"Transform"}],"nm":"Group 6","np":2,"cix":2,"bm":0,"ix":6,"mn":"ADBE Vector Group","hd":false}],"ip":36,"op":248,"st":36,"bm":0},{"ddd":0,"ind":7,"ty":4,"nm":"ear","parent":27,"sr":1,"ks":{"o":{"a":0,"k":100,"ix":11},"r":{"a":0,"k":0,"ix":10},"p":{"a":0,"k":[204.41,200.41,0],"ix":2,"l":2},"a":{"a":0,"k":[72.09,114.97,0],"ix":1,"l":2},"s":{"a":0,"k":[100,100,100],"ix":6,"l":2}},"ao":0,"shapes":[{"ty":"gr","it":[{"ind":0,"ty":"sh","ix":1,"ks":{"a":0,"k":{"i":[[0,0],[-7.2,14.32],[-14.64,11.6],[-7.12,-30.64],[14.16,-42.4],[11.84,10.32]],"o":[[-12.32,-10.32],[17.28,-34.48],[24,-19.04],[13.2,56.64],[-4.96,14.96],[0,0]],"v":[[-59.52,33.84],[-64.32,-7.44],[8.96,-89.28],[58.64,-84.08],[56.64,91.84],[24.48,104.4]],"c":true},"ix":2},"nm":"Path 1","mn":"ADBE Vector Shape - Group","hd":false},{"ty":"fl","c":{"a":0,"k":[1,0.819999964097,0.819999964097,1],"ix":4},"o":{"a":0,"k":100,"ix":5},"r":1,"bm":0,"nm":"Fill 1","mn":"ADBE Vector Graphic - Fill","hd":false},{"ty":"tr","p":{"a":0,"k":[72.09,114.97],"ix":2},"a":{"a":0,"k":[0,0],"ix":1},"s":{"a":0,"k":[100,100],"ix":3},"r":{"a":0,"k":0,"ix":6},"o":{"a":0,"k":100,"ix":7},"sk":{"a":0,"k":0,"ix":4},"sa":{"a":0,"k":0,"ix":5},"nm":"Transform"}],"nm":"Group 1","np":2,"cix":2,"bm":0,"ix":1,"mn":"ADBE Vector Group","hd":false}],"ip":0,"op":212,"st":0,"bm":0},{"ddd":0,"ind":8,"ty":4,"nm":"ear","parent":28,"sr":1,"ks":{"o":{"a":0,"k":100,"ix":11},"r":{"a":0,"k":0,"ix":10},"p":{"a":0,"k":[163.29,200.41,0],"ix":2,"l":2},"a":{"a":0,"k":[72.09,114.97,0],"ix":1,"l":2},"s":{"a":0,"k":[100,100,100],"ix":6,"l":2}},"ao":0,"shapes":[{"ty":"gr","it":[{"ind":0,"ty":"sh","ix":1,"ks":{"a":0,"k":{"i":[[0,0],[7.2,14.32],[14.64,11.6],[7.12,-30.64],[-14.16,-42.4],[-11.84,10.32]],"o":[[12.32,-10.32],[-17.28,-34.48],[-24,-19.04],[-13.2,56.64],[4.96,14.96],[0,0]],"v":[[59.52,33.84],[64.32,-7.44],[-8.96,-89.28],[-58.64,-84.08],[-56.64,91.84],[-24.48,104.4]],"c":true},"ix":2},"nm":"Path 1","mn":"ADBE Vector Shape - Group","hd":false},{"ty":"fl","c":{"a":0,"k":[1,0.819999964097,0.819999964097,1],"ix":4},"o":{"a":0,"k":100,"ix":5},"r":1,"bm":0,"nm":"Fill 1","mn":"ADBE Vector Graphic - Fill","hd":false},{"ty":"tr","p":{"a":0,"k":[72.09,114.97],"ix":2},"a":{"a":0,"k":[0,0],"ix":1},"s":{"a":0,"k":[100,100],"ix":3},"r":{"a":0,"k":0,"ix":6},"o":{"a":0,"k":100,"ix":7},"sk":{"a":0,"k":0,"ix":4},"sa":{"a":0,"k":0,"ix":5},"nm":"Transform"}],"nm":"Group 1","np":2,"cix":2,"bm":0,"ix":1,"mn":"ADBE Vector Group","hd":false}],"ip":0,"op":212,"st":0,"bm":0},{"ddd":0,"ind":9,"ty":4,"nm":"eyes","parent":2,"sr":1,"ks":{"o":{"a":1,"k":[{"t":30,"s":[100],"h":1},{"t":38,"s":[0],"h":1},{"t":144,"s":[100],"h":1}],"ix":11},"r":{"a":0,"k":0,"ix":10},"p":{"a":0,"k":[0,8.92,0],"ix":2,"l":2},"a":{"a":0,"k":[237.45,65.889,0],"ix":1,"l":2},"s":{"a":1,"k":[{"i":{"x":[0.833,0.833,0.833],"y":[1,0.833,1]},"o":{"x":[0.333,0.333,0.333],"y":[0,0,0]},"t":32,"s":[100,100,100]},{"i":{"x":[0.833,0.833,0.833],"y":[0.833,0.833,0.833]},"o":{"x":[0.167,0.167,0.167],"y":[0.167,0.167,0.167]},"t":36,"s":[100,83,100]},{"i":{"x":[0.833,0.833,0.833],"y":[1,1,1]},"o":{"x":[0.167,0.167,0.167],"y":[0,0.167,0]},"t":144,"s":[100,83,100]},{"t":148,"s":[100,100,100]}],"ix":6,"l":2}},"ao":0,"shapes":[{"ty":"gr","it":[{"ind":0,"ty":"sh","ix":1,"ks":{"a":0,"k":{"i":[[-0.64,35.761],[31.52,0.56],[0.64,-35.76],[-31.52,-0.559]],"o":[[0.64,-35.76],[-31.52,-0.559],[-0.64,35.76],[31.52,0.56]],"v":[[53.96,0.599],[-2.04,-65.08],[-53.96,-0.599],[2.04,65.079]],"c":true},"ix":2},"nm":"Path 1","mn":"ADBE Vector Shape - Group","hd":false},{"ty":"fl","c":{"a":0,"k":[0,0,0,1],"ix":4},"o":{"a":0,"k":100,"ix":5},"r":1,"bm":0,"nm":"Fill 1","mn":"ADBE Vector Graphic - Fill","hd":false},{"ty":"tr","p":{"a":0,"k":[420.05,65.89],"ix":2},"a":{"a":0,"k":[0,0],"ix":1},"s":{"a":0,"k":[100,100],"ix":3},"r":{"a":0,"k":0,"ix":6},"o":{"a":0,"k":100,"ix":7},"sk":{"a":0,"k":0,"ix":4},"sa":{"a":0,"k":0,"ix":5},"nm":"Transform"}],"nm":"Group 1","np":2,"cix":2,"bm":0,"ix":1,"mn":"ADBE Vector Group","hd":false},{"ty":"gr","it":[{"ind":0,"ty":"sh","ix":1,"ks":{"a":0,"k":{"i":[[0.64,35.761],[-31.52,0.56],[-0.64,-35.76],[31.52,-0.559]],"o":[[-0.64,-35.76],[31.52,-0.559],[0.64,35.76],[-31.52,0.56]],"v":[[-53.96,0.599],[2.04,-65.08],[53.96,-0.599],[-2.04,65.079]],"c":true},"ix":2},"nm":"Path 1","mn":"ADBE Vector Shape - Group","hd":false},{"ty":"fl","c":{"a":0,"k":[0,0,0,1],"ix":4},"o":{"a":0,"k":100,"ix":5},"r":1,"bm":0,"nm":"Fill 1","mn":"ADBE Vector Graphic - Fill","hd":false},{"ty":"tr","p":{"a":0,"k":[54.85,65.89],"ix":2},"a":{"a":0,"k":[0,0],"ix":1},"s":{"a":0,"k":[100,100],"ix":3},"r":{"a":0,"k":0,"ix":6},"o":{"a":0,"k":100,"ix":7},"sk":{"a":0,"k":0,"ix":4},"sa":{"a":0,"k":0,"ix":5},"nm":"Transform"}],"nm":"Group 2","np":2,"cix":2,"bm":0,"ix":2,"mn":"ADBE Vector Group","hd":false}],"ip":0,"op":212,"st":0,"bm":0},{"ddd":0,"ind":10,"ty":4,"nm":"closed eyes","parent":2,"sr":1,"ks":{"o":{"a":0,"k":100,"ix":11},"r":{"a":0,"k":0,"ix":10},"p":{"a":0,"k":[0,5.48,0],"ix":2,"l":2},"a":{"a":0,"k":[272.01,44.33,0],"ix":1,"l":2},"s":{"a":0,"k":[100,100,100],"ix":6,"l":2}},"ao":0,"shapes":[{"ty":"gr","it":[{"ind":0,"ty":"sh","ix":1,"ks":{"a":0,"k":{"i":[[-6.8,0],[-2.32,1.041],[4,8.96],[46,0],[3.04,-6.16],[-8.8,-4.32],[-6.4,7.12],[-19.92,0],[-5.6,-8.48]],"o":[[2.4,0],[8.96,-3.919],[-2.8,-6.4],[-45.44,0],[-4.32,8.8],[8.8,4.32],[7.76,-8.641],[20,0],[4.08,6.159]],"v":[[59.52,43.6],[66.64,42.079],[75.76,18.72],[0.96,-44.08],[-75.44,16],[-67.36,39.76],[-43.6,31.68],[0.96,3.68],[43.2,32.88]],"c":true},"ix":2},"nm":"Path 1","mn":"ADBE Vector Shape - Group","hd":false},{"ty":"fl","c":{"a":0,"k":[0,0,0,1],"ix":4},"o":{"a":0,"k":100,"ix":5},"r":1,"bm":0,"nm":"Fill 1","mn":"ADBE Vector Graphic - Fill","hd":false},{"ty":"tr","p":{"a":0,"k":[464.01,44.33],"ix":2},"a":{"a":0,"k":[0,0],"ix":1},"s":{"a":0,"k":[100,100],"ix":3},"r":{"a":0,"k":0,"ix":6},"o":{"a":0,"k":100,"ix":7},"sk":{"a":0,"k":0,"ix":4},"sa":{"a":0,"k":0,"ix":5},"nm":"Transform"}],"nm":"Group 1","np":2,"cix":2,"bm":0,"ix":1,"mn":"ADBE Vector Group","hd":false},{"ty":"gr","it":[{"ind":0,"ty":"sh","ix":1,"ks":{"a":0,"k":{"i":[[6.8,0],[2.32,1.041],[-4,8.96],[-46,0],[-3.04,-6.16],[8.8,-4.32],[6.4,7.12],[19.92,0],[5.6,-8.48]],"o":[[-2.4,0],[-8.96,-3.919],[2.8,-6.4],[45.44,0],[4.32,8.8],[-8.8,4.32],[-7.76,-8.641],[-20,0],[-4.08,6.159]],"v":[[-59.52,43.6],[-66.64,42.079],[-75.76,18.72],[-0.96,-44.08],[75.44,16],[67.36,39.76],[43.6,31.68],[-0.96,3.68],[-43.2,32.88]],"c":true},"ix":2},"nm":"Path 1","mn":"ADBE Vector Shape - Group","hd":false},{"ty":"fl","c":{"a":0,"k":[0,0,0,1],"ix":4},"o":{"a":0,"k":100,"ix":5},"r":1,"bm":0,"nm":"Fill 1","mn":"ADBE Vector Graphic - Fill","hd":false},{"ty":"tr","p":{"a":0,"k":[80.01,44.33],"ix":2},"a":{"a":0,"k":[0,0],"ix":1},"s":{"a":0,"k":[100,100],"ix":3},"r":{"a":0,"k":0,"ix":6},"o":{"a":0,"k":100,"ix":7},"sk":{"a":0,"k":0,"ix":4},"sa":{"a":0,"k":0,"ix":5},"nm":"Transform"}],"nm":"Group 2","np":2,"cix":2,"bm":0,"ix":2,"mn":"ADBE Vector Group","hd":false}],"ip":38,"op":144,"st":-4,"bm":0},{"ddd":0,"ind":11,"ty":4,"nm":"mouth 2","parent":13,"sr":1,"ks":{"o":{"a":0,"k":100,"ix":11},"r":{"a":0,"k":0,"ix":10},"p":{"a":0,"k":[64.97,94.091,0],"ix":2,"l":2},"a":{"a":0,"k":[265.84,121.92,0],"ix":1,"l":2},"s":{"a":0,"k":[100,100,100],"ix":6,"l":2}},"ao":0,"shapes":[{"ty":"gr","it":[{"ind":0,"ty":"sh","ix":1,"ks":{"a":1,"k":[{"i":{"x":0.833,"y":0.833},"o":{"x":0.167,"y":0.167},"t":144,"s":[{"i":[[0,0],[63.12,0],[0,0]],"o":[[0,0],[-76,0],[0,0]],"v":[[95.44,2.559],[0,41.919],[-95.44,-41.919]],"c":false}]},{"i":{"x":0,"y":1},"o":{"x":0.167,"y":0.167},"t":150,"s":[{"i":[[0,0],[63.12,0],[0,0]],"o":[[0,0],[-76,0],[0,0]],"v":[[79.703,2.252],[-5.246,42.121],[-95.44,-41.919]],"c":false}]},{"t":168,"s":[{"i":[[0,0],[63.12,0],[0,0]],"o":[[0,0],[-76,0],[0,0]],"v":[[95.44,2.559],[0,41.919],[-95.44,-41.919]],"c":false}]}],"ix":2},"nm":"Path 1","mn":"ADBE Vector Shape - Group","hd":false},{"ty":"st","c":{"a":0,"k":[0,0,0,1],"ix":3},"o":{"a":0,"k":100,"ix":4},"w":{"a":0,"k":32,"ix":5},"lc":2,"lj":1,"ml":10,"bm":0,"nm":"Stroke 1","mn":"ADBE Vector Graphic - Stroke","hd":false},{"ty":"tr","p":{"a":0,"k":[356.24,121.92],"ix":2},"a":{"a":0,"k":[0,0],"ix":1},"s":{"a":0,"k":[100,100],"ix":3},"r":{"a":0,"k":0,"ix":6},"o":{"a":0,"k":100,"ix":7},"sk":{"a":0,"k":0,"ix":4},"sa":{"a":0,"k":0,"ix":5},"nm":"Transform"}],"nm":"Group 1","np":2,"cix":2,"bm":0,"ix":1,"mn":"ADBE Vector Group","hd":false},{"ty":"gr","it":[{"ind":0,"ty":"sh","ix":1,"ks":{"a":1,"k":[{"i":{"x":0.833,"y":0.833},"o":{"x":0.167,"y":0.167},"t":144,"s":[{"i":[[0,0],[-63.12,0],[0,0]],"o":[[0,0],[76,0],[0,0]],"v":[[-95.44,2.559],[0,41.919],[95.44,-41.919]],"c":false}]},{"i":{"x":0,"y":1},"o":{"x":0.167,"y":0.167},"t":150,"s":[{"i":[[0,0],[-63.12,0],[0,0]],"o":[[0,0],[76,0],[0,0]],"v":[[-81.202,2.252],[5.246,42.121],[95.44,-41.919]],"c":false}]},{"t":168,"s":[{"i":[[0,0],[-63.12,0],[0,0]],"o":[[0,0],[76,0],[0,0]],"v":[[-95.44,2.559],[0,41.919],[95.44,-41.919]],"c":false}]}],"ix":2},"nm":"Path 1","mn":"ADBE Vector Shape - Group","hd":false},{"ty":"st","c":{"a":0,"k":[0,0,0,1],"ix":3},"o":{"a":0,"k":100,"ix":4},"w":{"a":0,"k":32,"ix":5},"lc":2,"lj":1,"ml":10,"bm":0,"nm":"Stroke 1","mn":"ADBE Vector Graphic - Stroke","hd":false},{"ty":"tr","p":{"a":0,"k":[175.44,121.92],"ix":2},"a":{"a":0,"k":[0,0],"ix":1},"s":{"a":0,"k":[100,100],"ix":3},"r":{"a":0,"k":0,"ix":6},"o":{"a":0,"k":100,"ix":7},"sk":{"a":0,"k":0,"ix":4},"sa":{"a":0,"k":0,"ix":5},"nm":"Transform"}],"nm":"Group 2","np":2,"cix":2,"bm":0,"ix":2,"mn":"ADBE Vector Group","hd":false}],"ip":144,"op":214,"st":144,"bm":0},{"ddd":0,"ind":12,"ty":4,"nm":"mouth","parent":13,"sr":1,"ks":{"o":{"a":0,"k":100,"ix":11},"r":{"a":0,"k":0,"ix":10},"p":{"a":0,"k":[64.97,94.091,0],"ix":2,"l":2},"a":{"a":0,"k":[265.84,121.92,0],"ix":1,"l":2},"s":{"a":0,"k":[100,100,100],"ix":6,"l":2}},"ao":0,"shapes":[{"ty":"gr","it":[{"ind":0,"ty":"sh","ix":1,"ks":{"a":1,"k":[{"i":{"x":0.667,"y":1},"o":{"x":0.333,"y":0},"t":14,"s":[{"i":[[0,0],[63.12,0],[0,0]],"o":[[0,0],[-76,0],[0,0]],"v":[[95.44,2.559],[0,41.919],[-95.44,-41.919]],"c":false}]},{"t":26,"s":[{"i":[[0,0],[63.12,0],[0,0]],"o":[[0,0],[-76,0],[0,0]],"v":[[53.44,1.738],[-14,42.458],[-95.44,-41.919]],"c":false}]}],"ix":2},"nm":"Path 1","mn":"ADBE Vector Shape - Group","hd":false},{"ty":"st","c":{"a":0,"k":[0,0,0,1],"ix":3},"o":{"a":0,"k":100,"ix":4},"w":{"a":0,"k":32,"ix":5},"lc":2,"lj":1,"ml":10,"bm":0,"nm":"Stroke 1","mn":"ADBE Vector Graphic - Stroke","hd":false},{"ty":"tr","p":{"a":0,"k":[356.24,121.92],"ix":2},"a":{"a":0,"k":[0,0],"ix":1},"s":{"a":0,"k":[100,100],"ix":3},"r":{"a":0,"k":0,"ix":6},"o":{"a":0,"k":100,"ix":7},"sk":{"a":0,"k":0,"ix":4},"sa":{"a":0,"k":0,"ix":5},"nm":"Transform"}],"nm":"Group 1","np":2,"cix":2,"bm":0,"ix":1,"mn":"ADBE Vector Group","hd":false},{"ty":"gr","it":[{"ind":0,"ty":"sh","ix":1,"ks":{"a":1,"k":[{"i":{"x":0.667,"y":1},"o":{"x":0.333,"y":0},"t":14,"s":[{"i":[[0,0],[-63.12,0],[0,0]],"o":[[0,0],[76,0],[0,0]],"v":[[-95.44,2.559],[0,41.919],[95.44,-41.919]],"c":false}]},{"t":26,"s":[{"i":[[0,0],[-63.12,0],[0,0]],"o":[[0,0],[76,0],[0,0]],"v":[[-57.44,1.738],[14,42.458],[95.44,-41.919]],"c":false}]}],"ix":2},"nm":"Path 1","mn":"ADBE Vector Shape - Group","hd":false},{"ty":"st","c":{"a":0,"k":[0,0,0,1],"ix":3},"o":{"a":0,"k":100,"ix":4},"w":{"a":0,"k":32,"ix":5},"lc":2,"lj":1,"ml":10,"bm":0,"nm":"Stroke 1","mn":"ADBE Vector Graphic - Stroke","hd":false},{"ty":"tr","p":{"a":0,"k":[175.44,121.92],"ix":2},"a":{"a":0,"k":[0,0],"ix":1},"s":{"a":0,"k":[100,100],"ix":3},"r":{"a":0,"k":0,"ix":6},"o":{"a":0,"k":100,"ix":7},"sk":{"a":0,"k":0,"ix":4},"sa":{"a":0,"k":0,"ix":5},"nm":"Transform"}],"nm":"Group 2","np":2,"cix":2,"bm":0,"ix":2,"mn":"ADBE Vector Group","hd":false}],"ip":0,"op":36,"st":0,"bm":0},{"ddd":0,"ind":13,"ty":4,"nm":"nose","parent":2,"sr":1,"ks":{"o":{"a":0,"k":100,"ix":11},"r":{"a":0,"k":0,"ix":10},"p":{"a":1,"k":[{"i":{"x":0.667,"y":1},"o":{"x":0.333,"y":0},"t":44,"s":[-0.04,113.639,0],"to":[0,-0.5,0],"ti":[0,0,0]},{"i":{"x":0.667,"y":1},"o":{"x":0.333,"y":0},"t":62,"s":[-0.04,110.639,0],"to":[0,0,0],"ti":[0,-0.5,0]},{"t":86,"s":[-0.04,113.639,0]}],"ix":2,"l":2},"a":{"a":0,"k":[64.93,43.33,0],"ix":1,"l":2},"s":{"a":0,"k":[100,100,100],"ix":6,"l":2}},"ao":0,"shapes":[{"ty":"gr","it":[{"ind":0,"ty":"sh","ix":1,"ks":{"a":0,"k":{"i":[[0.4,22.881],[-31.12,0.479],[-0.4,-22.88],[24.72,0]],"o":[[-0.4,-22.88],[31.12,-0.561],[0.4,22.881],[-24.72,0]],"v":[[-64.28,-8.12],[-0.68,-42.519],[64.28,-10.04],[0.68,43.08]],"c":true},"ix":2},"nm":"Path 1","mn":"ADBE Vector Shape - Group","hd":false},{"ty":"fl","c":{"a":0,"k":[0,0,0,1],"ix":4},"o":{"a":0,"k":100,"ix":5},"r":1,"bm":0,"nm":"Fill 1","mn":"ADBE Vector Graphic - Fill","hd":false},{"ty":"tr","p":{"a":0,"k":[64.93,43.33],"ix":2},"a":{"a":0,"k":[0,0],"ix":1},"s":{"a":0,"k":[100,100],"ix":3},"r":{"a":0,"k":0,"ix":6},"o":{"a":0,"k":100,"ix":7},"sk":{"a":0,"k":0,"ix":4},"sa":{"a":0,"k":0,"ix":5},"nm":"Transform"}],"nm":"Group 1","np":2,"cix":2,"bm":0,"ix":1,"mn":"ADBE Vector Group","hd":false}],"ip":0,"op":212,"st":0,"bm":0},{"ddd":0,"ind":14,"ty":4,"nm":"mask","parent":2,"sr":1,"ks":{"o":{"a":0,"k":100,"ix":11},"r":{"a":0,"k":0,"ix":10},"p":{"a":0,"k":[0,-2.494,0],"ix":2,"l":2},"a":{"a":0,"k":[0,0,0],"ix":1,"l":2},"s":{"a":0,"k":[100,100,100],"ix":6,"l":2}},"ao":0,"shapes":[{"ty":"gr","it":[{"ind":0,"ty":"sh","ix":1,"ks":{"a":0,"k":{"i":[[0,0],[-108,-105.621],[-82,117.379],[0,0],[-103,111],[0,0]],"o":[[0,0],[7.805,7.633],[5,7],[0,0],[103,-111],[0,0]],"v":[[-203,-89.379],[-190,167],[-2,152],[8,168],[191,164],[202,-87]],"c":true},"ix":2},"nm":"Path 1","mn":"ADBE Vector Shape - Group","hd":false},{"ty":"fl","c":{"a":0,"k":[1,0.752941236309,0.133333333333,1],"ix":4},"o":{"a":0,"k":100,"ix":5},"r":1,"bm":0,"nm":"Fill 1","mn":"ADBE Vector Graphic - Fill","hd":false},{"ty":"tr","p":{"a":0,"k":[0,0],"ix":2},"a":{"a":0,"k":[0,0],"ix":1},"s":{"a":0,"k":[100,100],"ix":3},"r":{"a":0,"k":0,"ix":6},"o":{"a":0,"k":100,"ix":7},"sk":{"a":0,"k":0,"ix":4},"sa":{"a":0,"k":0,"ix":5},"nm":"Transform"}],"nm":"Shape 1","np":3,"cix":2,"bm":0,"ix":1,"mn":"ADBE Vector Group","hd":false}],"ip":144,"op":214,"st":144,"bm":0},{"ddd":0,"ind":15,"ty":4,"nm":"mouth 3","parent":13,"sr":1,"ks":{"o":{"a":0,"k":100,"ix":11},"r":{"a":0,"k":0,"ix":10},"p":{"a":1,"k":[{"i":{"x":0.833,"y":1},"o":{"x":0.167,"y":0.167},"t":140,"s":[67.13,86.29,0],"to":[0,13.333,0],"ti":[0,-13.333,0]},{"t":158,"s":[67.13,166.29,0]}],"ix":2,"l":2},"a":{"a":0,"k":[178.695,113.215,0],"ix":1,"l":2},"s":{"a":0,"k":[100,100,100],"ix":6,"l":2}},"ao":0,"shapes":[{"ty":"gr","it":[{"ind":0,"ty":"sh","ix":1,"ks":{"a":1,"k":[{"i":{"x":0.833,"y":1},"o":{"x":0.167,"y":0.167},"t":140,"s":[{"i":[[0,0],[67.837,-0.622],[0,0]],"o":[[0,0],[-59.16,0.542],[0,0]],"v":[[103.2,-30.72],[2,-29.28],[-104.2,-30.72]],"c":false}]},{"t":160,"s":[{"i":[[0,0],[67.84,0],[0,0]],"o":[[0,0],[-65.04,0],[0,0]],"v":[[103.2,-37.72],[0,37.72],[-103.2,-37.72]],"c":false}]}],"ix":2},"nm":"Path 1","mn":"ADBE Vector Shape - Group","hd":false},{"ty":"st","c":{"a":0,"k":[0,0,0,1],"ix":3},"o":{"a":0,"k":100,"ix":4},"w":{"a":0,"k":30.198,"ix":5},"lc":1,"lj":1,"ml":10,"bm":0,"nm":"Stroke 1","mn":"ADBE Vector Graphic - Stroke","hd":false},{"ty":"tr","p":{"a":0,"k":[178.695,113.215],"ix":2},"a":{"a":0,"k":[0,0],"ix":1},"s":{"a":0,"k":[100,100],"ix":3},"r":{"a":0,"k":0,"ix":6},"o":{"a":0,"k":100,"ix":7},"sk":{"a":0,"k":0,"ix":4},"sa":{"a":0,"k":0,"ix":5},"nm":"Transform"}],"nm":"Group 1","np":2,"cix":2,"bm":0,"ix":1,"mn":"ADBE Vector Group","hd":false},{"ty":"gr","it":[{"ind":0,"ty":"sh","ix":1,"ks":{"a":1,"k":[{"i":{"x":0.833,"y":1},"o":{"x":0.167,"y":0.167},"t":140,"s":[{"i":[[-7.6,-1.68],[-0.88,-0.16],[-9.6,-5.28],[-0.48,-1.52],[0.56,-1.519],[6.4,-5.599],[31.84,1.919],[16.32,24.8],[0.08,1.441],[-0.8,1.2],[-7.12,3.761],[-9.68,10.801],[-5.84,2.719],[-7.12,-5.6],[-9.44,-2.72]],"o":[[0.8,0.16],[10.4,1.92],[1.28,0.72],[0.56,1.52],[-3.44,8.24],[-32.6,3.862],[-27.52,-1.601],[-0.8,-1.2],[-0.08,-1.519],[4.72,-7.12],[12.4,-6.4],[4.48,-4.96],[10.32,-4.801],[8,6.24],[7.68,2.16]],"v":[[52.8,-20.16],[55.28,-19.68],[84.88,-10.88],[88.08,-7.76],[87.52,-2.96],[55.28,-3.96],[-12.56,-18.639],[-90.96,-6.12],[-92.56,-10.04],[-91.12,-14.2],[-67.36,-11.28],[-33.92,-37.36],[-19.36,-50.479],[2.24,-41.12],[29.84,-27.04]],"c":true}]},{"t":160,"s":[{"i":[[-7.6,-1.68],[-0.88,-0.16],[-9.6,-5.28],[-0.48,-1.52],[0.56,-1.519],[6.4,-5.599],[31.84,1.919],[16.32,24.8],[0.08,1.441],[-0.8,1.2],[-7.12,3.761],[-9.68,10.801],[-5.84,2.719],[-7.12,-5.6],[-9.44,-2.72]],"o":[[0.8,0.16],[10.4,1.92],[1.28,0.72],[0.56,1.52],[-3.44,8.24],[-27.6,24],[-27.52,-1.601],[-0.8,-1.2],[-0.08,-1.519],[4.72,-7.12],[12.4,-6.4],[4.48,-4.96],[10.32,-4.801],[8,6.24],[7.68,2.16]],"v":[[52.8,-20.16],[55.28,-19.68],[84.88,-10.88],[88.08,-7.76],[87.52,-2.96],[63.28,16.04],[-16.56,54.361],[-90.96,-6.12],[-92.56,-10.04],[-91.12,-14.2],[-67.36,-11.28],[-33.92,-37.36],[-19.36,-50.479],[2.24,-41.12],[29.84,-27.04]],"c":true}]}],"ix":2},"nm":"Path 1","mn":"ADBE Vector Shape - Group","hd":false},{"ty":"fl","c":{"a":0,"k":[0.936999990426,0.497999991623,0.616000007181,1],"ix":4},"o":{"a":0,"k":100,"ix":5},"r":1,"bm":0,"nm":"Fill 1","mn":"ADBE Vector Graphic - Fill","hd":false},{"ty":"tr","p":{"a":0,"k":[186.855,91.575],"ix":2},"a":{"a":0,"k":[0,0],"ix":1},"s":{"a":0,"k":[100,100],"ix":3},"r":{"a":0,"k":0,"ix":6},"o":{"a":0,"k":100,"ix":7},"sk":{"a":0,"k":0,"ix":4},"sa":{"a":0,"k":0,"ix":5},"nm":"Transform"}],"nm":"Group 2","np":2,"cix":2,"bm":0,"ix":2,"mn":"ADBE Vector Group","hd":false}],"ip":144,"op":214,"st":144,"bm":0},{"ddd":0,"ind":16,"ty":4,"nm":"mask 2","parent":2,"sr":1,"ks":{"o":{"a":0,"k":100,"ix":11},"r":{"a":0,"k":0,"ix":10},"p":{"a":0,"k":[0,-2.494,0],"ix":2,"l":2},"a":{"a":0,"k":[0,0,0],"ix":1,"l":2},"s":{"a":0,"k":[100,100,100],"ix":6,"l":2}},"ao":0,"shapes":[{"ty":"gr","it":[{"ind":0,"ty":"sh","ix":1,"ks":{"a":0,"k":{"i":[[0,0],[-108,-105.621],[-82,117.379],[0,0],[-103,111],[0,0]],"o":[[0,0],[7.805,7.633],[5,7],[0,0],[103,-111],[0,0]],"v":[[-203,-89.379],[-190,167],[-2,152],[8,168],[191,164],[202,-87]],"c":true},"ix":2},"nm":"Path 1","mn":"ADBE Vector Shape - Group","hd":false},{"ty":"fl","c":{"a":0,"k":[1,0.752941236309,0.133333333333,1],"ix":4},"o":{"a":0,"k":100,"ix":5},"r":1,"bm":0,"nm":"Fill 1","mn":"ADBE Vector Graphic - Fill","hd":false},{"ty":"tr","p":{"a":0,"k":[0,0],"ix":2},"a":{"a":0,"k":[0,0],"ix":1},"s":{"a":0,"k":[100,100],"ix":3},"r":{"a":0,"k":0,"ix":6},"o":{"a":0,"k":100,"ix":7},"sk":{"a":0,"k":0,"ix":4},"sa":{"a":0,"k":0,"ix":5},"nm":"Transform"}],"nm":"Shape 1","np":3,"cix":2,"bm":0,"ix":1,"mn":"ADBE Vector Group","hd":false}],"ip":0,"op":26,"st":0,"bm":0},{"ddd":0,"ind":17,"ty":4,"nm":"mouth","parent":13,"sr":1,"ks":{"o":{"a":0,"k":100,"ix":11},"r":{"a":0,"k":0,"ix":10},"p":{"a":1,"k":[{"i":{"x":0.667,"y":1},"o":{"x":0.333,"y":0},"t":14,"s":[67.13,166.29,0],"to":[0,-13.333,0],"ti":[0,13.333,0]},{"t":26,"s":[67.13,86.29,0]}],"ix":2,"l":2},"a":{"a":0,"k":[178.695,113.215,0],"ix":1,"l":2},"s":{"a":0,"k":[100,100,100],"ix":6,"l":2}},"ao":0,"shapes":[{"ty":"gr","it":[{"ind":0,"ty":"sh","ix":1,"ks":{"a":1,"k":[{"i":{"x":0.667,"y":1},"o":{"x":0.333,"y":0},"t":16,"s":[{"i":[[0,0],[67.84,0],[0,0]],"o":[[0,0],[-65.04,0],[0,0]],"v":[[103.2,-37.72],[0,37.72],[-103.2,-37.72]],"c":false}]},{"t":26,"s":[{"i":[[0,0],[67.837,-0.622],[0,0]],"o":[[0,0],[-59.16,0.542],[0,0]],"v":[[103.2,-30.72],[2,-29.28],[-104.2,-30.72]],"c":false}]}],"ix":2},"nm":"Path 1","mn":"ADBE Vector Shape - Group","hd":false},{"ty":"st","c":{"a":0,"k":[0,0,0,1],"ix":3},"o":{"a":0,"k":100,"ix":4},"w":{"a":0,"k":30.198,"ix":5},"lc":1,"lj":1,"ml":10,"bm":0,"nm":"Stroke 1","mn":"ADBE Vector Graphic - Stroke","hd":false},{"ty":"tr","p":{"a":0,"k":[178.695,113.215],"ix":2},"a":{"a":0,"k":[0,0],"ix":1},"s":{"a":0,"k":[100,100],"ix":3},"r":{"a":0,"k":0,"ix":6},"o":{"a":0,"k":100,"ix":7},"sk":{"a":0,"k":0,"ix":4},"sa":{"a":0,"k":0,"ix":5},"nm":"Transform"}],"nm":"Group 1","np":2,"cix":2,"bm":0,"ix":1,"mn":"ADBE Vector Group","hd":false},{"ty":"gr","it":[{"ind":0,"ty":"sh","ix":1,"ks":{"a":1,"k":[{"i":{"x":0.667,"y":1},"o":{"x":0.333,"y":0},"t":16,"s":[{"i":[[-7.6,-1.68],[-0.88,-0.16],[-9.6,-5.28],[-0.48,-1.52],[0.56,-1.519],[6.4,-5.599],[31.84,1.919],[16.32,24.8],[0.08,1.441],[-0.8,1.2],[-7.12,3.761],[-9.68,10.801],[-5.84,2.719],[-7.12,-5.6],[-9.44,-2.72]],"o":[[0.8,0.16],[10.4,1.92],[1.28,0.72],[0.56,1.52],[-3.44,8.24],[-27.6,24],[-27.52,-1.601],[-0.8,-1.2],[-0.08,-1.519],[4.72,-7.12],[12.4,-6.4],[4.48,-4.96],[10.32,-4.801],[8,6.24],[7.68,2.16]],"v":[[52.8,-20.16],[55.28,-19.68],[84.88,-10.88],[88.08,-7.76],[87.52,-2.96],[63.28,16.04],[-16.56,54.361],[-90.96,-6.12],[-92.56,-10.04],[-91.12,-14.2],[-67.36,-11.28],[-33.92,-37.36],[-19.36,-50.479],[2.24,-41.12],[29.84,-27.04]],"c":true}]},{"t":26,"s":[{"i":[[-7.6,-1.68],[-0.88,-0.16],[-9.6,-5.28],[-0.48,-1.52],[0.56,-1.519],[6.4,-5.599],[31.84,1.919],[16.32,24.8],[0.08,1.441],[-0.8,1.2],[-7.12,3.761],[-9.68,10.801],[-5.84,2.719],[-7.12,-5.6],[-9.44,-2.72]],"o":[[0.8,0.16],[10.4,1.92],[1.28,0.72],[0.56,1.52],[-3.44,8.24],[-32.6,3.862],[-27.52,-1.601],[-0.8,-1.2],[-0.08,-1.519],[4.72,-7.12],[12.4,-6.4],[4.48,-4.96],[10.32,-4.801],[8,6.24],[7.68,2.16]],"v":[[52.8,-20.16],[55.28,-19.68],[84.88,-10.88],[88.08,-7.76],[87.52,-2.96],[55.28,-3.96],[-12.56,-18.639],[-90.96,-6.12],[-92.56,-10.04],[-91.12,-14.2],[-67.36,-11.28],[-33.92,-37.36],[-19.36,-50.479],[2.24,-41.12],[29.84,-27.04]],"c":true}]}],"ix":2},"nm":"Path 1","mn":"ADBE Vector Shape - Group","hd":false},{"ty":"fl","c":{"a":0,"k":[0.936999990426,0.497999991623,0.616000007181,1],"ix":4},"o":{"a":0,"k":100,"ix":5},"r":1,"bm":0,"nm":"Fill 1","mn":"ADBE Vector Graphic - Fill","hd":false},{"ty":"tr","p":{"a":0,"k":[186.855,91.575],"ix":2},"a":{"a":0,"k":[0,0],"ix":1},"s":{"a":0,"k":[100,100],"ix":3},"r":{"a":0,"k":0,"ix":6},"o":{"a":0,"k":100,"ix":7},"sk":{"a":0,"k":0,"ix":4},"sa":{"a":0,"k":0,"ix":5},"nm":"Transform"}],"nm":"Group 2","np":2,"cix":2,"bm":0,"ix":2,"mn":"ADBE Vector Group","hd":false}],"ip":0,"op":26,"st":0,"bm":0},{"ddd":0,"ind":18,"ty":4,"nm":"HEAD 2","parent":26,"td":1,"sr":1,"ks":{"o":{"a":0,"k":100,"ix":11},"r":{"a":0,"k":0,"ix":10},"p":{"a":0,"k":[409.53,363.49,0],"ix":2,"l":2},"a":{"a":0,"k":[409.53,363.49,0],"ix":1,"l":2},"s":{"a":0,"k":[100,100,100],"ix":6,"l":2}},"ao":0,"shapes":[{"ty":"gr","it":[{"ind":0,"ty":"sh","ix":1,"ks":{"a":0,"k":{"i":[[8.4,121.12],[243.52,0],[14.4,-207.84],[-96.32,-65.6],[-166.48,-2.08],[0,0]],"o":[[-14.4,-207.84],[-243.52,0],[-8.4,121.12],[0,0],[166.48,-2.08],[96.24,-65.6]],"v":[[400.88,-7.56],[0,-363.24],[-400.88,-7.56],[-264.16,282.12],[0,363.24],[264.16,282.12]],"c":true},"ix":2},"nm":"Path 1","mn":"ADBE Vector Shape - Group","hd":false},{"ty":"fl","c":{"a":0,"k":[1,0.752999997606,0.13300000359,1],"ix":4},"o":{"a":0,"k":100,"ix":5},"r":1,"bm":0,"nm":"Fill 1","mn":"ADBE Vector Graphic - Fill","hd":false},{"ty":"tr","p":{"a":0,"k":[409.53,363.49],"ix":2},"a":{"a":0,"k":[0,0],"ix":1},"s":{"a":0,"k":[100,100],"ix":3},"r":{"a":0,"k":0,"ix":6},"o":{"a":0,"k":100,"ix":7},"sk":{"a":0,"k":0,"ix":4},"sa":{"a":0,"k":0,"ix":5},"nm":"Transform"}],"nm":"Group 1","np":2,"cix":2,"bm":0,"ix":1,"mn":"ADBE Vector Group","hd":false}],"ip":0,"op":212,"st":0,"bm":0},{"ddd":0,"ind":19,"ty":4,"nm":"head","parent":3,"tt":1,"sr":1,"ks":{"o":{"a":0,"k":47,"ix":11},"r":{"a":0,"k":0,"ix":10},"p":{"a":0,"k":[0,-223.938,0],"ix":2,"l":2},"a":{"a":0,"k":[128.8,76.942,0],"ix":1,"l":2},"s":{"a":0,"k":[100,100,100],"ix":6,"l":2}},"ao":0,"shapes":[{"ty":"gr","it":[{"ind":0,"ty":"sh","ix":1,"ks":{"a":0,"k":{"i":[[16.72,-14.24],[10.64,12.32],[-8.4,77.92],[-4.107,-0.25],[-24.531,-5.706],[13.2,-20.88]],"o":[[-9.04,7.68],[-12.88,-14.96],[1.38,-26.12],[26.849,1.634],[5.44,1.265],[-26.64,43.68]],"v":[[4.386,72.099],[-33.614,66.339],[-51.534,-76.941],[-32.637,-144.839],[80.51,-124.267],[54.146,-61.181]],"c":true},"ix":2},"nm":"Path 1","mn":"ADBE Vector Shape - Group","hd":false},{"ty":"fl","c":{"a":0,"k":[1,0.438999998803,0.263000009574,1],"ix":4},"o":{"a":0,"k":100,"ix":5},"r":1,"bm":0,"nm":"Fill 1","mn":"ADBE Vector Graphic - Fill","hd":false},{"ty":"tr","p":{"a":0,"k":[203.454,76.942],"ix":2},"a":{"a":0,"k":[0,0],"ix":1},"s":{"a":0,"k":[100,100],"ix":3},"r":{"a":0,"k":0,"ix":6},"o":{"a":0,"k":100,"ix":7},"sk":{"a":0,"k":0,"ix":4},"sa":{"a":0,"k":0,"ix":5},"nm":"Transform"}],"nm":"Group 1","np":2,"cix":2,"bm":0,"ix":1,"mn":"ADBE Vector Group","hd":false},{"ty":"gr","it":[{"ind":0,"ty":"sh","ix":1,"ks":{"a":0,"k":{"i":[[-16.72,-14.24],[-10.64,12.32],[8.4,77.92],[5.917,-0.426],[24.868,-6.209],[-10.7,-30.38]],"o":[[9.04,7.68],[12.88,-14.96],[-2.38,-34.62],[-27.321,1.966],[-3.156,0.788],[26.64,43.68]],"v":[[-4.386,72.099],[33.614,66.339],[51.534,-76.941],[30.624,-157.473],[-99.742,-181.644],[-54.146,-61.181]],"c":true},"ix":2},"nm":"Path 1","mn":"ADBE Vector Shape - Group","hd":false},{"ty":"fl","c":{"a":0,"k":[1,0.438999998803,0.263000009574,1],"ix":4},"o":{"a":0,"k":100,"ix":5},"r":1,"bm":0,"nm":"Fill 1","mn":"ADBE Vector Graphic - Fill","hd":false},{"ty":"tr","p":{"a":0,"k":[54.146,76.942],"ix":2},"a":{"a":0,"k":[0,0],"ix":1},"s":{"a":0,"k":[100,100],"ix":3},"r":{"a":0,"k":0,"ix":6},"o":{"a":0,"k":100,"ix":7},"sk":{"a":0,"k":0,"ix":4},"sa":{"a":0,"k":0,"ix":5},"nm":"Transform"}],"nm":"Group 2","np":2,"cix":2,"bm":0,"ix":2,"mn":"ADBE Vector Group","hd":false}],"ip":0,"op":212,"st":0,"bm":0},{"ddd":0,"ind":20,"ty":4,"nm":"moustachey","parent":2,"sr":1,"ks":{"o":{"a":0,"k":100,"ix":11},"r":{"a":1,"k":[{"i":{"x":[0.667],"y":[1]},"o":{"x":[0.333],"y":[0]},"t":14,"s":[0]},{"i":{"x":[0.833],"y":[1]},"o":{"x":[0.333],"y":[0]},"t":24,"s":[-4]},{"i":{"x":[0.667],"y":[1]},"o":{"x":[0.167],"y":[0]},"t":38,"s":[6]},{"i":{"x":[0.667],"y":[1]},"o":{"x":[0.333],"y":[0]},"t":50,"s":[-3]},{"i":{"x":[0.833],"y":[1]},"o":{"x":[0.333],"y":[0]},"t":62,"s":[2]},{"i":{"x":[0.833],"y":[1]},"o":{"x":[0.167],"y":[0]},"t":70,"s":[-1]},{"i":{"x":[0.833],"y":[1]},"o":{"x":[0.167],"y":[0]},"t":80,"s":[0]},{"i":{"x":[0.833],"y":[1]},"o":{"x":[0.167],"y":[0]},"t":132,"s":[0]},{"i":{"x":[0.833],"y":[1]},"o":{"x":[0.167],"y":[0]},"t":142,"s":[6]},{"i":{"x":[0.833],"y":[1]},"o":{"x":[0.167],"y":[0]},"t":156,"s":[-3]},{"i":{"x":[0.833],"y":[1]},"o":{"x":[0.167],"y":[0]},"t":168,"s":[2]},{"i":{"x":[0.833],"y":[1]},"o":{"x":[0.167],"y":[0]},"t":176,"s":[-1]},{"t":186,"s":[0]}],"ix":10},"p":{"a":0,"k":[329.84,73.68,0],"ix":2,"l":2},"a":{"a":0,"k":[59.52,110,0],"ix":1,"l":2},"s":{"a":0,"k":[100,100,100],"ix":6,"l":2}},"ao":0,"shapes":[{"ty":"gr","it":[{"ind":0,"ty":"sh","ix":1,"ks":{"a":1,"k":[{"i":{"x":0.667,"y":1},"o":{"x":0.333,"y":0},"t":40,"s":[{"i":[[0,0],[84.16,-48]],"o":[[0,0],[0,0]],"v":[[79.52,-12.96],[-79.52,24]],"c":false}]},{"i":{"x":0.833,"y":1},"o":{"x":0.333,"y":0},"t":62,"s":[{"i":[[0,0],[84.16,-48]],"o":[[0,0],[0,0]],"v":[[55.208,-50.134],[-78.556,22.966]],"c":false}]},{"i":{"x":0.833,"y":1},"o":{"x":0.167,"y":0},"t":130,"s":[{"i":[[0,0],[84.16,-48]],"o":[[0,0],[0,0]],"v":[[55.208,-50.134],[-78.556,22.966]],"c":false}]},{"t":152,"s":[{"i":[[0,0],[84.16,-48]],"o":[[0,0],[0,0]],"v":[[79.52,-12.96],[-79.52,24]],"c":false}]}],"ix":2},"nm":"Path 1","mn":"ADBE Vector Shape - Group","hd":false},{"ty":"st","c":{"a":0,"k":[0.620000023935,0.620000023935,0.620000023935,1],"ix":3},"o":{"a":0,"k":100,"ix":4},"w":{"a":0,"k":24,"ix":5},"lc":2,"lj":1,"ml":10,"bm":0,"nm":"Stroke 1","mn":"ADBE Vector Graphic - Stroke","hd":false},{"ty":"tr","p":{"a":0,"k":[139.52,84],"ix":2},"a":{"a":0,"k":[0,0],"ix":1},"s":{"a":0,"k":[100,100],"ix":3},"r":{"a":0,"k":0,"ix":6},"o":{"a":0,"k":100,"ix":7},"sk":{"a":0,"k":0,"ix":4},"sa":{"a":0,"k":0,"ix":5},"nm":"Transform"}],"nm":"Group 1","np":2,"cix":2,"bm":0,"ix":1,"mn":"ADBE Vector Group","hd":false}],"ip":0,"op":212,"st":0,"bm":0},{"ddd":0,"ind":21,"ty":4,"nm":"moustache","parent":2,"sr":1,"ks":{"o":{"a":0,"k":100,"ix":11},"r":{"a":1,"k":[{"i":{"x":[0.667],"y":[1]},"o":{"x":[0.333],"y":[0]},"t":16,"s":[0]},{"i":{"x":[0.833],"y":[1]},"o":{"x":[0.333],"y":[0]},"t":26,"s":[-6]},{"i":{"x":[0.667],"y":[1]},"o":{"x":[0.167],"y":[0]},"t":40,"s":[5]},{"i":{"x":[0.667],"y":[1]},"o":{"x":[0.333],"y":[0]},"t":52,"s":[-4]},{"i":{"x":[0.833],"y":[1]},"o":{"x":[0.333],"y":[0]},"t":64,"s":[2]},{"i":{"x":[0.833],"y":[1]},"o":{"x":[0.167],"y":[0]},"t":72,"s":[-1]},{"i":{"x":[0.833],"y":[1]},"o":{"x":[0.167],"y":[0]},"t":82,"s":[0]},{"i":{"x":[0.833],"y":[1]},"o":{"x":[0.167],"y":[0]},"t":130,"s":[0]},{"i":{"x":[0.833],"y":[1]},"o":{"x":[0.167],"y":[0]},"t":140,"s":[5]},{"i":{"x":[0.833],"y":[1]},"o":{"x":[0.167],"y":[0]},"t":162,"s":[-4]},{"i":{"x":[0.833],"y":[1]},"o":{"x":[0.167],"y":[0]},"t":174,"s":[2]},{"i":{"x":[0.833],"y":[1]},"o":{"x":[0.167],"y":[0]},"t":182,"s":[-1]},{"t":192,"s":[0]}],"ix":10},"p":{"a":0,"k":[340.36,130.72,0],"ix":2,"l":2},"a":{"a":0,"k":[61.16,81.76,0],"ix":1,"l":2},"s":{"a":0,"k":[100,100,100],"ix":6,"l":2}},"ao":0,"shapes":[{"ty":"gr","it":[{"ind":0,"ty":"sh","ix":1,"ks":{"a":1,"k":[{"i":{"x":0.667,"y":1},"o":{"x":0.333,"y":0},"t":42,"s":[{"i":[[0,0],[87.68,-18.64]],"o":[[0,0],[0,0]],"v":[[77.16,13.76],[-77.16,4.88]],"c":false}]},{"i":{"x":0.833,"y":1},"o":{"x":0.333,"y":0},"t":62,"s":[{"i":[[0,0],[87.68,-18.64]],"o":[[0,0],[0,0]],"v":[[66.285,-25.005],[-77.16,4.88]],"c":false}]},{"i":{"x":0.833,"y":1},"o":{"x":0.167,"y":0},"t":130,"s":[{"i":[[0,0],[87.68,-18.64]],"o":[[0,0],[0,0]],"v":[[66.285,-25.005],[-77.16,4.88]],"c":false}]},{"t":154,"s":[{"i":[[0,0],[87.68,-18.64]],"o":[[0,0],[0,0]],"v":[[77.16,13.76],[-77.16,4.88]],"c":false}]}],"ix":2},"nm":"Path 1","mn":"ADBE Vector Shape - Group","hd":false},{"ty":"st","c":{"a":0,"k":[0.620000023935,0.620000023935,0.620000023935,1],"ix":3},"o":{"a":0,"k":100,"ix":4},"w":{"a":0,"k":24,"ix":5},"lc":2,"lj":1,"ml":10,"bm":0,"nm":"Stroke 1","mn":"ADBE Vector Graphic - Stroke","hd":false},{"ty":"tr","p":{"a":0,"k":[137.16,73.76],"ix":2},"a":{"a":0,"k":[0,0],"ix":1},"s":{"a":0,"k":[100,100],"ix":3},"r":{"a":0,"k":0,"ix":6},"o":{"a":0,"k":100,"ix":7},"sk":{"a":0,"k":0,"ix":4},"sa":{"a":0,"k":0,"ix":5},"nm":"Transform"}],"nm":"Group 1","np":2,"cix":2,"bm":0,"ix":1,"mn":"ADBE Vector Group","hd":false}],"ip":0,"op":212,"st":0,"bm":0},{"ddd":0,"ind":22,"ty":4,"nm":"moustache","parent":2,"sr":1,"ks":{"o":{"a":0,"k":100,"ix":11},"r":{"a":1,"k":[{"i":{"x":[0.667],"y":[1]},"o":{"x":[0.333],"y":[0]},"t":12,"s":[0]},{"i":{"x":[0.833],"y":[1]},"o":{"x":[0.333],"y":[0]},"t":24,"s":[-5]},{"i":{"x":[0.667],"y":[1]},"o":{"x":[0.167],"y":[0]},"t":42,"s":[6]},{"i":{"x":[0.833],"y":[1]},"o":{"x":[0.333],"y":[0]},"t":56,"s":[-3]},{"i":{"x":[0.833],"y":[1]},"o":{"x":[0.167],"y":[0]},"t":68,"s":[2]},{"i":{"x":[0.833],"y":[1]},"o":{"x":[0.167],"y":[0]},"t":76,"s":[-1]},{"i":{"x":[0.833],"y":[1]},"o":{"x":[0.167],"y":[0]},"t":86,"s":[0]},{"i":{"x":[0.833],"y":[1]},"o":{"x":[0.167],"y":[0]},"t":130,"s":[0]},{"i":{"x":[0.833],"y":[1]},"o":{"x":[0.167],"y":[0]},"t":140,"s":[6]},{"i":{"x":[0.833],"y":[1]},"o":{"x":[0.167],"y":[0]},"t":158,"s":[-3]},{"i":{"x":[0.833],"y":[1]},"o":{"x":[0.167],"y":[0]},"t":170,"s":[2]},{"i":{"x":[0.833],"y":[1]},"o":{"x":[0.167],"y":[0]},"t":180,"s":[-1]},{"t":190,"s":[0]}],"ix":10},"p":{"a":0,"k":[331.28,183.32,0],"ix":2,"l":2},"a":{"a":0,"k":[63.76,59.8,0],"ix":1,"l":2},"s":{"a":0,"k":[100,100,100],"ix":6,"l":2}},"ao":0,"shapes":[{"ty":"gr","it":[{"ind":0,"ty":"sh","ix":1,"ks":{"a":1,"k":[{"i":{"x":0.667,"y":1},"o":{"x":0.333,"y":0},"t":42,"s":[{"i":[[0,0],[79.6,4.241]],"o":[[0,0],[0,0]],"v":[[71.76,21.8],[-71.76,-21.8]],"c":false}]},{"i":{"x":0.833,"y":1},"o":{"x":0.333,"y":0},"t":62,"s":[{"i":[[0,0],[66.297,21.027]],"o":[[0,0],[0,0]],"v":[[69.725,25.783],[-68.76,-21.774]],"c":false}]},{"i":{"x":0.833,"y":1},"o":{"x":0.167,"y":0},"t":130,"s":[{"i":[[0,0],[66.297,21.027]],"o":[[0,0],[0,0]],"v":[[69.725,25.783],[-68.76,-21.774]],"c":false}]},{"t":152,"s":[{"i":[[0,0],[79.6,4.241]],"o":[[0,0],[0,0]],"v":[[71.76,21.8],[-71.76,-21.8]],"c":false}]}],"ix":2},"nm":"Path 1","mn":"ADBE Vector Shape - Group","hd":false},{"ty":"st","c":{"a":0,"k":[0.620000023935,0.620000023935,0.620000023935,1],"ix":3},"o":{"a":0,"k":100,"ix":4},"w":{"a":0,"k":24,"ix":5},"lc":2,"lj":1,"ml":10,"bm":0,"nm":"Stroke 1","mn":"ADBE Vector Graphic - Stroke","hd":false},{"ty":"tr","p":{"a":0,"k":[131.76,81.8],"ix":2},"a":{"a":0,"k":[0,0],"ix":1},"s":{"a":0,"k":[100,100],"ix":3},"r":{"a":0,"k":0,"ix":6},"o":{"a":0,"k":100,"ix":7},"sk":{"a":0,"k":0,"ix":4},"sa":{"a":0,"k":0,"ix":5},"nm":"Transform"}],"nm":"Group 1","np":2,"cix":2,"bm":0,"ix":1,"mn":"ADBE Vector Group","hd":false}],"ip":0,"op":212,"st":0,"bm":0},{"ddd":0,"ind":23,"ty":4,"nm":"moustache","parent":2,"sr":1,"ks":{"o":{"a":0,"k":100,"ix":11},"r":{"a":1,"k":[{"i":{"x":[0.667],"y":[1]},"o":{"x":[0.333],"y":[0]},"t":14,"s":[0]},{"i":{"x":[0.667],"y":[1]},"o":{"x":[0.333],"y":[0]},"t":24,"s":[5]},{"i":{"x":[0.667],"y":[1]},"o":{"x":[0.333],"y":[0]},"t":40,"s":[-5]},{"i":{"x":[0.667],"y":[1]},"o":{"x":[0.333],"y":[0]},"t":58,"s":[5]},{"i":{"x":[0.667],"y":[1]},"o":{"x":[0.333],"y":[0]},"t":68,"s":[-3]},{"i":{"x":[0.667],"y":[1]},"o":{"x":[0.333],"y":[0]},"t":78,"s":[2]},{"i":{"x":[0.667],"y":[1]},"o":{"x":[0.333],"y":[0]},"t":88,"s":[-1]},{"i":{"x":[0.833],"y":[1]},"o":{"x":[0.333],"y":[0]},"t":96,"s":[0]},{"i":{"x":[0.667],"y":[1]},"o":{"x":[0.167],"y":[0]},"t":132,"s":[0]},{"i":{"x":[0.667],"y":[1]},"o":{"x":[0.333],"y":[0]},"t":142,"s":[-5]},{"i":{"x":[0.667],"y":[1]},"o":{"x":[0.333],"y":[0]},"t":158,"s":[5]},{"i":{"x":[0.667],"y":[1]},"o":{"x":[0.333],"y":[0]},"t":168,"s":[-3]},{"i":{"x":[0.667],"y":[1]},"o":{"x":[0.333],"y":[0]},"t":178,"s":[2]},{"i":{"x":[0.667],"y":[1]},"o":{"x":[0.333],"y":[0]},"t":190,"s":[-1]},{"t":200,"s":[0]}],"ix":10},"p":{"a":0,"k":[-332.68,84.4,0],"ix":2,"l":2},"a":{"a":0,"k":[220.12,106.561,0],"ix":1,"l":2},"s":{"a":0,"k":[100,100,100],"ix":6,"l":2}},"ao":0,"shapes":[{"ty":"gr","it":[{"ind":0,"ty":"sh","ix":1,"ks":{"a":1,"k":[{"i":{"x":0.667,"y":1},"o":{"x":0.333,"y":0},"t":40,"s":[{"i":[[0,0],[-85.76,-45.121]],"o":[[0,0],[0,0]],"v":[[-80.12,-9.04],[80.12,22.561]],"c":false}]},{"i":{"x":0.833,"y":1},"o":{"x":0.333,"y":0},"t":62,"s":[{"i":[[0,0],[-86.147,-41.713]],"o":[[0,0],[0,0]],"v":[[-57.738,-51.924],[79.586,8.571]],"c":false}]},{"i":{"x":0.833,"y":1},"o":{"x":0.167,"y":0},"t":130,"s":[{"i":[[0,0],[-86.147,-41.713]],"o":[[0,0],[0,0]],"v":[[-57.738,-51.924],[79.586,8.571]],"c":false}]},{"t":152,"s":[{"i":[[0,0],[-85.76,-45.121]],"o":[[0,0],[0,0]],"v":[[-80.12,-9.04],[80.12,22.561]],"c":false}]}],"ix":2},"nm":"Path 1","mn":"ADBE Vector Shape - Group","hd":false},{"ty":"st","c":{"a":0,"k":[0.620000023935,0.620000023935,0.620000023935,1],"ix":3},"o":{"a":0,"k":100,"ix":4},"w":{"a":0,"k":24,"ix":5},"lc":2,"lj":1,"ml":10,"bm":0,"nm":"Stroke 1","mn":"ADBE Vector Graphic - Stroke","hd":false},{"ty":"tr","p":{"a":0,"k":[140.12,82.561],"ix":2},"a":{"a":0,"k":[0,0],"ix":1},"s":{"a":0,"k":[100,100],"ix":3},"r":{"a":0,"k":0,"ix":6},"o":{"a":0,"k":100,"ix":7},"sk":{"a":0,"k":0,"ix":4},"sa":{"a":0,"k":0,"ix":5},"nm":"Transform"}],"nm":"Group 1","np":2,"cix":2,"bm":0,"ix":1,"mn":"ADBE Vector Group","hd":false}],"ip":0,"op":212,"st":0,"bm":0},{"ddd":0,"ind":24,"ty":4,"nm":"moustache","parent":2,"sr":1,"ks":{"o":{"a":0,"k":100,"ix":11},"r":{"a":1,"k":[{"i":{"x":[0.667],"y":[1]},"o":{"x":[0.333],"y":[0]},"t":16,"s":[0]},{"i":{"x":[0.667],"y":[1]},"o":{"x":[0.333],"y":[0]},"t":26,"s":[8]},{"i":{"x":[0.667],"y":[1]},"o":{"x":[0.333],"y":[0]},"t":42,"s":[-9]},{"i":{"x":[0.667],"y":[1]},"o":{"x":[0.333],"y":[0]},"t":60,"s":[5]},{"i":{"x":[0.667],"y":[1]},"o":{"x":[0.333],"y":[0]},"t":70,"s":[-3]},{"i":{"x":[0.667],"y":[1]},"o":{"x":[0.333],"y":[0]},"t":80,"s":[2]},{"i":{"x":[0.667],"y":[1]},"o":{"x":[0.333],"y":[0]},"t":90,"s":[-1]},{"i":{"x":[0.833],"y":[1]},"o":{"x":[0.167],"y":[0]},"t":98,"s":[0]},{"i":{"x":[0.667],"y":[1]},"o":{"x":[0.167],"y":[0]},"t":130,"s":[0]},{"i":{"x":[0.667],"y":[1]},"o":{"x":[0.333],"y":[0]},"t":140,"s":[-9]},{"i":{"x":[0.667],"y":[1]},"o":{"x":[0.333],"y":[0]},"t":156,"s":[5]},{"i":{"x":[0.667],"y":[1]},"o":{"x":[0.333],"y":[0]},"t":166,"s":[-3]},{"i":{"x":[0.667],"y":[1]},"o":{"x":[0.333],"y":[0]},"t":176,"s":[2]},{"i":{"x":[0.667],"y":[1]},"o":{"x":[0.333],"y":[0]},"t":186,"s":[-1]},{"t":194,"s":[0]}],"ix":10},"p":{"a":0,"k":[-344.56,138.32,0],"ix":2,"l":2},"a":{"a":0,"k":[208.96,74.88,0],"ix":1,"l":2},"s":{"a":0,"k":[100,100,100],"ix":6,"l":2}},"ao":0,"shapes":[{"ty":"gr","it":[{"ind":0,"ty":"sh","ix":1,"ks":{"a":1,"k":[{"i":{"x":0.667,"y":1},"o":{"x":0.333,"y":0},"t":42,"s":[{"i":[[0,0],[-88.24,-15.68]],"o":[[0,0],[0,0]],"v":[[-76.96,14.88],[76.96,0.8]],"c":false}]},{"i":{"x":0.833,"y":1},"o":{"x":0.333,"y":0},"t":62,"s":[{"i":[[0,0],[-94.352,-10.649]],"o":[[0,0],[0,0]],"v":[[-69.042,-27.808],[76.015,-12.166]],"c":false}]},{"i":{"x":0.833,"y":1},"o":{"x":0.167,"y":0},"t":130,"s":[{"i":[[0,0],[-94.352,-10.649]],"o":[[0,0],[0,0]],"v":[[-69.042,-27.808],[76.015,-12.166]],"c":false}]},{"t":154,"s":[{"i":[[0,0],[-88.24,-15.68]],"o":[[0,0],[0,0]],"v":[[-76.96,14.88],[76.96,0.8]],"c":false}]}],"ix":2},"nm":"Path 1","mn":"ADBE Vector Shape - Group","hd":false},{"ty":"st","c":{"a":0,"k":[0.620000023935,0.620000023935,0.620000023935,1],"ix":3},"o":{"a":0,"k":100,"ix":4},"w":{"a":0,"k":24,"ix":5},"lc":2,"lj":1,"ml":10,"bm":0,"nm":"Stroke 1","mn":"ADBE Vector Graphic - Stroke","hd":false},{"ty":"tr","p":{"a":0,"k":[136.96,74.88],"ix":2},"a":{"a":0,"k":[0,0],"ix":1},"s":{"a":0,"k":[100,100],"ix":3},"r":{"a":0,"k":0,"ix":6},"o":{"a":0,"k":100,"ix":7},"sk":{"a":0,"k":0,"ix":4},"sa":{"a":0,"k":0,"ix":5},"nm":"Transform"}],"nm":"Group 1","np":2,"cix":2,"bm":0,"ix":1,"mn":"ADBE Vector Group","hd":false}],"ip":0,"op":212,"st":0,"bm":0},{"ddd":0,"ind":25,"ty":4,"nm":"moustache","parent":2,"sr":1,"ks":{"o":{"a":0,"k":100,"ix":11},"r":{"a":1,"k":[{"i":{"x":[0.667],"y":[1]},"o":{"x":[0.333],"y":[0]},"t":12,"s":[0]},{"i":{"x":[0.667],"y":[1]},"o":{"x":[0.333],"y":[0]},"t":24,"s":[8]},{"i":{"x":[0.667],"y":[1]},"o":{"x":[0.333],"y":[0]},"t":40,"s":[-7]},{"i":{"x":[0.667],"y":[1]},"o":{"x":[0.333],"y":[0]},"t":64,"s":[5]},{"i":{"x":[0.667],"y":[1]},"o":{"x":[0.333],"y":[0]},"t":74,"s":[-3]},{"i":{"x":[0.667],"y":[1]},"o":{"x":[0.333],"y":[0]},"t":84,"s":[2]},{"i":{"x":[0.667],"y":[1]},"o":{"x":[0.333],"y":[0]},"t":94,"s":[-1]},{"i":{"x":[0.833],"y":[1]},"o":{"x":[0.167],"y":[0]},"t":102,"s":[0]},{"i":{"x":[0.667],"y":[1]},"o":{"x":[0.167],"y":[0]},"t":130,"s":[0]},{"i":{"x":[0.667],"y":[1]},"o":{"x":[0.333],"y":[0]},"t":142,"s":[-7]},{"i":{"x":[0.667],"y":[1]},"o":{"x":[0.333],"y":[0]},"t":162,"s":[5]},{"i":{"x":[0.667],"y":[1]},"o":{"x":[0.333],"y":[0]},"t":172,"s":[-3]},{"i":{"x":[0.667],"y":[1]},"o":{"x":[0.333],"y":[0]},"t":182,"s":[2]},{"i":{"x":[0.667],"y":[1]},"o":{"x":[0.333],"y":[0]},"t":192,"s":[-1]},{"t":200,"s":[0]}],"ix":10},"p":{"a":0,"k":[-331,194.721,0],"ix":2,"l":2},"a":{"a":0,"k":[197,60.24,0],"ix":1,"l":2},"s":{"a":0,"k":[100,100,100],"ix":6,"l":2}},"ao":0,"shapes":[{"ty":"gr","it":[{"ind":0,"ty":"sh","ix":1,"ks":{"a":1,"k":[{"i":{"x":0.667,"y":1},"o":{"x":0.333,"y":0},"t":42,"s":[{"i":[[0,0],[-79.44,7.039]],"o":[[0,0],[0,0]],"v":[[-71,24.239],[71,-24.239]],"c":false}]},{"i":{"x":0.833,"y":1},"o":{"x":0.333,"y":0},"t":62,"s":[{"i":[[0,0],[-70.084,26.013]],"o":[[0,0],[0,0]],"v":[[-71,24.239],[65.187,-33.79]],"c":false}]},{"i":{"x":0.833,"y":1},"o":{"x":0.167,"y":0},"t":130,"s":[{"i":[[0,0],[-70.084,26.013]],"o":[[0,0],[0,0]],"v":[[-71,24.239],[65.187,-33.79]],"c":false}]},{"t":152,"s":[{"i":[[0,0],[-79.44,7.039]],"o":[[0,0],[0,0]],"v":[[-71,24.239],[71,-24.239]],"c":false}]}],"ix":2},"nm":"Path 1","mn":"ADBE Vector Shape - Group","hd":false},{"ty":"st","c":{"a":0,"k":[0.620000023935,0.620000023935,0.620000023935,1],"ix":3},"o":{"a":0,"k":100,"ix":4},"w":{"a":0,"k":24,"ix":5},"lc":2,"lj":1,"ml":10,"bm":0,"nm":"Stroke 1","mn":"ADBE Vector Graphic - Stroke","hd":false},{"ty":"tr","p":{"a":0,"k":[131,84.24],"ix":2},"a":{"a":0,"k":[0,0],"ix":1},"s":{"a":0,"k":[100,100],"ix":3},"r":{"a":0,"k":0,"ix":6},"o":{"a":0,"k":100,"ix":7},"sk":{"a":0,"k":0,"ix":4},"sa":{"a":0,"k":0,"ix":5},"nm":"Transform"}],"nm":"Group 1","np":2,"cix":2,"bm":0,"ix":1,"mn":"ADBE Vector Group","hd":false}],"ip":0,"op":212,"st":0,"bm":0},{"ddd":0,"ind":26,"ty":4,"nm":"HEAD","parent":1,"sr":1,"ks":{"o":{"a":0,"k":100,"ix":11},"r":{"a":0,"k":0,"ix":10},"p":{"a":0,"k":[0,61.64,0],"ix":2,"l":2},"a":{"a":0,"k":[409.53,363.49,0],"ix":1,"l":2},"s":{"a":0,"k":[100,100,100],"ix":6,"l":2}},"ao":0,"shapes":[{"ty":"gr","it":[{"ind":0,"ty":"sh","ix":1,"ks":{"a":0,"k":{"i":[[8.4,121.12],[243.52,0],[14.4,-207.84],[-96.32,-65.6],[-166.48,-2.08],[0,0]],"o":[[-14.4,-207.84],[-243.52,0],[-8.4,121.12],[0,0],[166.48,-2.08],[96.24,-65.6]],"v":[[400.88,-7.56],[0,-363.24],[-400.88,-7.56],[-264.16,282.12],[0,363.24],[264.16,282.12]],"c":true},"ix":2},"nm":"Path 1","mn":"ADBE Vector Shape - Group","hd":false},{"ty":"fl","c":{"a":0,"k":[1,0.752999997606,0.13300000359,1],"ix":4},"o":{"a":0,"k":100,"ix":5},"r":1,"bm":0,"nm":"Fill 1","mn":"ADBE Vector Graphic - Fill","hd":false},{"ty":"tr","p":{"a":0,"k":[409.53,363.49],"ix":2},"a":{"a":0,"k":[0,0],"ix":1},"s":{"a":0,"k":[100,100],"ix":3},"r":{"a":0,"k":0,"ix":6},"o":{"a":0,"k":100,"ix":7},"sk":{"a":0,"k":0,"ix":4},"sa":{"a":0,"k":0,"ix":5},"nm":"Transform"}],"nm":"Group 1","np":2,"cix":2,"bm":0,"ix":1,"mn":"ADBE Vector Group","hd":false}],"ip":0,"op":212,"st":0,"bm":0},{"ddd":0,"ind":27,"ty":4,"nm":"ear","parent":1,"sr":1,"ks":{"o":{"a":0,"k":100,"ix":11},"r":{"a":1,"k":[{"i":{"x":[0.667],"y":[1]},"o":{"x":[0.333],"y":[0]},"t":14.084,"s":[0]},{"i":{"x":[0.833],"y":[1]},"o":{"x":[0.333],"y":[0]},"t":23.668,"s":[-4]},{"i":{"x":[0.833],"y":[1]},"o":{"x":[0.167],"y":[0]},"t":39.084,"s":[2]},{"i":{"x":[0.833],"y":[1]},"o":{"x":[0.167],"y":[0]},"t":50.668,"s":[-1]},{"i":{"x":[0.833],"y":[1]},"o":{"x":[0.167],"y":[0]},"t":68,"s":[0]},{"i":{"x":[0.667],"y":[1]},"o":{"x":[0.167],"y":[0]},"t":132,"s":[0]},{"i":{"x":[0.833],"y":[1]},"o":{"x":[0.333],"y":[0]},"t":142,"s":[-4]},{"i":{"x":[0.833],"y":[1]},"o":{"x":[0.167],"y":[0]},"t":153.455,"s":[2]},{"i":{"x":[0.833],"y":[1]},"o":{"x":[0.167],"y":[0]},"t":165,"s":[-1]},{"t":178.455078125,"s":[0]}],"ix":10},"p":{"a":1,"k":[{"i":{"x":0.667,"y":1},"o":{"x":0.333,"y":0},"t":16,"s":[286.24,-192,0],"to":[0,2,0],"ti":[0,1.333,0]},{"i":{"x":0.667,"y":1},"o":{"x":0.333,"y":0},"t":26,"s":[286.24,-180,0],"to":[0,-1.333,0],"ti":[0,2,0]},{"i":{"x":0.667,"y":1},"o":{"x":0.333,"y":0},"t":44,"s":[286.24,-200,0],"to":[0,-2,0],"ti":[0,-1.333,0]},{"t":62,"s":[286.24,-192,0]}],"ix":2,"l":2},"a":{"a":0,"k":[205.621,264.459,0],"ix":1,"l":2},"s":{"a":0,"k":[100,100,100],"ix":6,"l":2}},"ao":0,"shapes":[{"ty":"gr","it":[{"ind":0,"ty":"sh","ix":1,"ks":{"a":0,"k":{"i":[[0,0],[26.88,43.6],[18.88,-5.92],[59.36,-153.6]],"o":[[76.08,-198.64],[-10.64,-17.28],[-49.76,15.68],[0,0]],"v":[[107.52,208.16],[109.84,-186.08],[59.84,-202.24],[-183.6,76.8]],"c":false},"ix":2},"nm":"Path 1","mn":"ADBE Vector Shape - Group","hd":false},{"ty":"fl","c":{"a":0,"k":[1,0.752999997606,0.13300000359,1],"ix":4},"o":{"a":0,"k":100,"ix":5},"r":1,"bm":0,"nm":"Fill 1","mn":"ADBE Vector Graphic - Fill","hd":false},{"ty":"tr","p":{"a":0,"k":[183.85,208.41],"ix":2},"a":{"a":0,"k":[0,0],"ix":1},"s":{"a":0,"k":[100,100],"ix":3},"r":{"a":0,"k":0,"ix":6},"o":{"a":0,"k":100,"ix":7},"sk":{"a":0,"k":0,"ix":4},"sa":{"a":0,"k":0,"ix":5},"nm":"Transform"}],"nm":"Group 1","np":2,"cix":2,"bm":0,"ix":1,"mn":"ADBE Vector Group","hd":false}],"ip":0,"op":212,"st":0,"bm":0},{"ddd":0,"ind":28,"ty":4,"nm":"ear","parent":1,"sr":1,"ks":{"o":{"a":0,"k":100,"ix":11},"r":{"a":1,"k":[{"i":{"x":[0.667],"y":[1]},"o":{"x":[0.333],"y":[0]},"t":16,"s":[0]},{"i":{"x":[0.833],"y":[1]},"o":{"x":[0.333],"y":[0]},"t":25.584,"s":[4]},{"i":{"x":[0.833],"y":[1]},"o":{"x":[0.167],"y":[0]},"t":41,"s":[-2]},{"i":{"x":[0.833],"y":[1]},"o":{"x":[0.167],"y":[0]},"t":52.584,"s":[1]},{"i":{"x":[0.667],"y":[1]},"o":{"x":[0.167],"y":[0]},"t":66.084,"s":[0]},{"i":{"x":[0.667],"y":[1]},"o":{"x":[0.333],"y":[0]},"t":132,"s":[0]},{"i":{"x":[0.833],"y":[1]},"o":{"x":[0.333],"y":[0]},"t":142,"s":[4]},{"i":{"x":[0.833],"y":[1]},"o":{"x":[0.167],"y":[0]},"t":153.455,"s":[-2]},{"i":{"x":[0.833],"y":[1]},"o":{"x":[0.167],"y":[0]},"t":165,"s":[1]},{"t":178.455078125,"s":[0]}],"ix":10},"p":{"a":1,"k":[{"i":{"x":0.667,"y":1},"o":{"x":0.333,"y":0},"t":16,"s":[-276.24,-186,0],"to":[0,2,0],"ti":[0,1.333,0]},{"i":{"x":0.667,"y":1},"o":{"x":0.333,"y":0},"t":26,"s":[-276.24,-174,0],"to":[0,-1.333,0],"ti":[0,2,0]},{"i":{"x":0.667,"y":1},"o":{"x":0.333,"y":0},"t":44,"s":[-276.24,-194,0],"to":[0,-2,0],"ti":[0,-1.333,0]},{"t":62,"s":[-276.24,-186,0]}],"ix":2,"l":2},"a":{"a":0,"k":[171.937,270.41,0],"ix":1,"l":2},"s":{"a":0,"k":[100,100,100],"ix":6,"l":2}},"ao":0,"shapes":[{"ty":"gr","it":[{"ind":0,"ty":"sh","ix":1,"ks":{"a":0,"k":{"i":[[0,0],[-26.88,43.6],[-18.88,-5.92],[-59.36,-153.6]],"o":[[-76.08,-198.64],[10.64,-17.28],[49.76,15.68],[0,0]],"v":[[-107.52,208.16],[-109.84,-186.08],[-59.84,-202.24],[183.6,76.8]],"c":false},"ix":2},"nm":"Path 1","mn":"ADBE Vector Shape - Group","hd":false},{"ty":"fl","c":{"a":0,"k":[1,0.752999997606,0.13300000359,1],"ix":4},"o":{"a":0,"k":100,"ix":5},"r":1,"bm":0,"nm":"Fill 1","mn":"ADBE Vector Graphic - Fill","hd":false},{"ty":"tr","p":{"a":0,"k":[183.85,208.41],"ix":2},"a":{"a":0,"k":[0,0],"ix":1},"s":{"a":0,"k":[100,100],"ix":3},"r":{"a":0,"k":0,"ix":6},"o":{"a":0,"k":100,"ix":7},"sk":{"a":0,"k":0,"ix":4},"sa":{"a":0,"k":0,"ix":5},"nm":"Transform"}],"nm":"Group 1","np":2,"cix":2,"bm":0,"ix":1,"mn":"ADBE Vector Group","hd":false}],"ip":0,"op":212,"st":0,"bm":0}],"markers":[{"tm":62,"cm":"rest","dr":0}]}