{"v":"5.8.1","fr":60,"ip":0,"op":126,"w":1024,"h":1024,"nm":"emoji_Flag in hole","ddd":0,"assets":[{"id":"comp_0","nm":"Ball","fr":60,"layers":[{"ddd":0,"ind":1,"ty":4,"nm":"ball","parent":3,"sr":1,"ks":{"o":{"a":0,"k":26,"ix":11},"r":{"a":1,"k":[{"i":{"x":[0.667],"y":[1]},"o":{"x":[0.167],"y":[0.167]},"t":0,"s":[0]},{"i":{"x":[0.667],"y":[1]},"o":{"x":[0.333],"y":[0]},"t":52,"s":[508]},{"t":57,"s":[615]}],"ix":10},"p":{"a":0,"k":[38.783,38.518,0],"ix":2,"l":2},"a":{"a":0,"k":[34.949,34.95,0],"ix":1,"l":2},"s":{"a":0,"k":[100,100,100],"ix":6,"l":2}},"ao":0,"shapes":[{"ty":"gr","it":[{"ind":0,"ty":"sh","ix":1,"ks":{"a":0,"k":{"i":[[0,-3.867],[3.867,0],[0,3.867],[-3.867,0]],"o":[[0,3.867],[-3.867,0],[0,-3.867],[3.867,0]],"v":[[7.002,0],[0,7.002],[-7.002,0],[0,-7.002]],"c":true},"ix":2},"nm":"Path 1","mn":"ADBE Vector Shape - Group","hd":false},{"ty":"fl","c":{"a":0,"k":[0.811999990426,0.811999990426,0.811999990426,1],"ix":4},"o":{"a":0,"k":100,"ix":5},"r":1,"bm":0,"nm":"Fill 1","mn":"ADBE Vector Graphic - Fill","hd":false},{"ty":"tr","p":{"a":0,"k":[43.09,9.635],"ix":2},"a":{"a":0,"k":[0,0],"ix":1},"s":{"a":0,"k":[100,100],"ix":3},"r":{"a":0,"k":0,"ix":6},"o":{"a":0,"k":100,"ix":7},"sk":{"a":0,"k":0,"ix":4},"sa":{"a":0,"k":0,"ix":5},"nm":"Transform"}],"nm":"Group 1","np":2,"cix":2,"bm":0,"ix":1,"mn":"ADBE Vector Group","hd":false},{"ty":"gr","it":[{"ind":0,"ty":"sh","ix":1,"ks":{"a":0,"k":{"i":[[0,-3.867],[3.867,0],[0,3.867],[-3.867,0]],"o":[[0,3.867],[-3.867,0],[0,-3.867],[3.867,0]],"v":[[7.002,0],[0,7.002],[-7.002,0],[0,-7.002]],"c":true},"ix":2},"nm":"Path 1","mn":"ADBE Vector Shape - Group","hd":false},{"ty":"fl","c":{"a":0,"k":[0.811999990426,0.811999990426,0.811999990426,1],"ix":4},"o":{"a":0,"k":100,"ix":5},"r":1,"bm":0,"nm":"Fill 1","mn":"ADBE Vector Graphic - Fill","hd":false},{"ty":"tr","p":{"a":0,"k":[62.895,21.083],"ix":2},"a":{"a":0,"k":[0,0],"ix":1},"s":{"a":0,"k":[100,100],"ix":3},"r":{"a":0,"k":0,"ix":6},"o":{"a":0,"k":100,"ix":7},"sk":{"a":0,"k":0,"ix":4},"sa":{"a":0,"k":0,"ix":5},"nm":"Transform"}],"nm":"Group 2","np":2,"cix":2,"bm":0,"ix":2,"mn":"ADBE Vector Group","hd":false},{"ty":"gr","it":[{"ind":0,"ty":"sh","ix":1,"ks":{"a":0,"k":{"i":[[-3.108,-2.301],[2.302,-3.107],[3.108,2.302],[-2.302,3.107]],"o":[[3.108,2.301],[-2.301,3.108],[-3.108,-2.301],[2.301,-3.108]],"v":[[3.525,-5.628],[4.985,4.166],[-4.809,5.626],[-3.294,-1.964]],"c":true},"ix":2},"nm":"Path 1","mn":"ADBE Vector Shape - Group","hd":false},{"ty":"fl","c":{"a":0,"k":[0.811999990426,0.811999990426,0.811999990426,1],"ix":4},"o":{"a":0,"k":100,"ix":5},"r":1,"bm":0,"nm":"Fill 1","mn":"ADBE Vector Graphic - Fill","hd":false},{"ty":"tr","p":{"a":0,"k":[7.287,16.394],"ix":2},"a":{"a":0,"k":[0,0],"ix":1},"s":{"a":0,"k":[100,100],"ix":3},"r":{"a":0,"k":0,"ix":6},"o":{"a":0,"k":100,"ix":7},"sk":{"a":0,"k":0,"ix":4},"sa":{"a":0,"k":0,"ix":5},"nm":"Transform"}],"nm":"Group 3","np":2,"cix":2,"bm":0,"ix":3,"mn":"ADBE Vector Group","hd":false},{"ty":"gr","it":[{"ind":0,"ty":"sh","ix":1,"ks":{"a":0,"k":{"i":[[0,-3.867],[3.867,0],[0,3.867],[-3.867,0]],"o":[[0,3.867],[-3.867,0],[0,-3.867],[3.867,0]],"v":[[7.002,0],[0,7.002],[-7.002,0],[0,-7.002]],"c":true},"ix":2},"nm":"Path 1","mn":"ADBE Vector Shape - Group","hd":false},{"ty":"fl","c":{"a":0,"k":[0.811999990426,0.811999990426,0.811999990426,1],"ix":4},"o":{"a":0,"k":100,"ix":5},"r":1,"bm":0,"nm":"Fill 1","mn":"ADBE Vector Graphic - Fill","hd":false},{"ty":"tr","p":{"a":0,"k":[24.446,7.003],"ix":2},"a":{"a":0,"k":[0,0],"ix":1},"s":{"a":0,"k":[100,100],"ix":3},"r":{"a":0,"k":0,"ix":6},"o":{"a":0,"k":100,"ix":7},"sk":{"a":0,"k":0,"ix":4},"sa":{"a":0,"k":0,"ix":5},"nm":"Transform"}],"nm":"Group 4","np":2,"cix":2,"bm":0,"ix":4,"mn":"ADBE Vector Group","hd":false},{"ty":"gr","it":[{"ind":0,"ty":"sh","ix":1,"ks":{"a":0,"k":{"i":[[0,-3.867],[3.867,0],[0,3.867],[-3.867,0]],"o":[[0,3.867],[-3.867,0],[0,-3.867],[3.867,0]],"v":[[7.002,0],[0,7.002],[-7.002,0],[0,-7.002]],"c":true},"ix":2},"nm":"Path 1","mn":"ADBE Vector Shape - Group","hd":false},{"ty":"fl","c":{"a":0,"k":[0.811999990426,0.811999990426,0.811999990426,1],"ix":4},"o":{"a":0,"k":100,"ix":5},"r":1,"bm":0,"nm":"Fill 1","mn":"ADBE Vector Graphic - Fill","hd":false},{"ty":"tr","p":{"a":0,"k":[45.224,25.764],"ix":2},"a":{"a":0,"k":[0,0],"ix":1},"s":{"a":0,"k":[100,100],"ix":3},"r":{"a":0,"k":0,"ix":6},"o":{"a":0,"k":100,"ix":7},"sk":{"a":0,"k":0,"ix":4},"sa":{"a":0,"k":0,"ix":5},"nm":"Transform"}],"nm":"Group 5","np":2,"cix":2,"bm":0,"ix":5,"mn":"ADBE Vector Group","hd":false},{"ty":"gr","it":[{"ind":0,"ty":"sh","ix":1,"ks":{"a":0,"k":{"i":[[0,-3.867],[3.867,0],[0,3.866],[-3.867,0]],"o":[[0,3.866],[-3.867,0],[0,-3.867],[3.867,0]],"v":[[7.002,0],[0,7.002],[-7.002,0],[0,-7.002]],"c":true},"ix":2},"nm":"Path 1","mn":"ADBE Vector Shape - Group","hd":false},{"ty":"fl","c":{"a":0,"k":[0.811999990426,0.811999990426,0.811999990426,1],"ix":4},"o":{"a":0,"k":100,"ix":5},"r":1,"bm":0,"nm":"Fill 1","mn":"ADBE Vector Graphic - Fill","hd":false},{"ty":"tr","p":{"a":0,"k":[22.974,45.492],"ix":2},"a":{"a":0,"k":[0,0],"ix":1},"s":{"a":0,"k":[100,100],"ix":3},"r":{"a":0,"k":0,"ix":6},"o":{"a":0,"k":100,"ix":7},"sk":{"a":0,"k":0,"ix":4},"sa":{"a":0,"k":0,"ix":5},"nm":"Transform"}],"nm":"Group 6","np":2,"cix":2,"bm":0,"ix":6,"mn":"ADBE Vector Group","hd":false},{"ty":"gr","it":[{"ind":0,"ty":"sh","ix":1,"ks":{"a":0,"k":{"i":[[0,-3.867],[3.867,0],[0,3.867],[-3.867,0]],"o":[[0,3.867],[-3.867,0],[0,-3.867],[3.867,0]],"v":[[7.002,0],[0,7.002],[-7.002,0],[0,-7.002]],"c":true},"ix":2},"nm":"Path 1","mn":"ADBE Vector Shape - Group","hd":false},{"ty":"fl","c":{"a":0,"k":[0.811999990426,0.811999990426,0.811999990426,1],"ix":4},"o":{"a":0,"k":100,"ix":5},"r":1,"bm":0,"nm":"Fill 1","mn":"ADBE Vector Graphic - Fill","hd":false},{"ty":"tr","p":{"a":0,"k":[8.969,55.896],"ix":2},"a":{"a":0,"k":[0,0],"ix":1},"s":{"a":0,"k":[100,100],"ix":3},"r":{"a":0,"k":0,"ix":6},"o":{"a":0,"k":100,"ix":7},"sk":{"a":0,"k":0,"ix":4},"sa":{"a":0,"k":0,"ix":5},"nm":"Transform"}],"nm":"Group 7","np":2,"cix":2,"bm":0,"ix":7,"mn":"ADBE Vector Group","hd":false},{"ty":"gr","it":[{"ind":0,"ty":"sh","ix":1,"ks":{"a":0,"k":{"i":[[0,-3.867],[3.867,0],[0,3.867],[-3.867,0]],"o":[[0,3.867],[-3.867,0],[0,-3.867],[3.867,0]],"v":[[7.002,0],[0,7.002],[-7.002,0],[0,-7.002]],"c":true},"ix":2},"nm":"Path 1","mn":"ADBE Vector Shape - Group","hd":false},{"ty":"fl","c":{"a":0,"k":[0.811999990426,0.811999990426,0.811999990426,1],"ix":4},"o":{"a":0,"k":100,"ix":5},"r":1,"bm":0,"nm":"Fill 1","mn":"ADBE Vector Graphic - Fill","hd":false},{"ty":"tr","p":{"a":0,"k":[24.446,25.764],"ix":2},"a":{"a":0,"k":[0,0],"ix":1},"s":{"a":0,"k":[100,100],"ix":3},"r":{"a":0,"k":0,"ix":6},"o":{"a":0,"k":100,"ix":7},"sk":{"a":0,"k":0,"ix":4},"sa":{"a":0,"k":0,"ix":5},"nm":"Transform"}],"nm":"Group 8","np":2,"cix":2,"bm":0,"ix":8,"mn":"ADBE Vector Group","hd":false},{"ty":"gr","it":[{"ind":0,"ty":"sh","ix":1,"ks":{"a":0,"k":{"i":[[0,-3.867],[3.867,0],[0,3.867],[-3.867,0]],"o":[[0,3.867],[-3.867,0],[0,-3.867],[3.867,0]],"v":[[7.002,0],[0,7.001],[-7.002,0],[0,-7.001]],"c":true},"ix":2},"nm":"Path 1","mn":"ADBE Vector Shape - Group","hd":false},{"ty":"fl","c":{"a":0,"k":[0.811999990426,0.811999990426,0.811999990426,1],"ix":4},"o":{"a":0,"k":100,"ix":5},"r":1,"bm":0,"nm":"Fill 1","mn":"ADBE Vector Graphic - Fill","hd":false},{"ty":"tr","p":{"a":0,"k":[7.003,34.889],"ix":2},"a":{"a":0,"k":[0,0],"ix":1},"s":{"a":0,"k":[100,100],"ix":3},"r":{"a":0,"k":0,"ix":6},"o":{"a":0,"k":100,"ix":7},"sk":{"a":0,"k":0,"ix":4},"sa":{"a":0,"k":0,"ix":5},"nm":"Transform"}],"nm":"Group 9","np":2,"cix":2,"bm":0,"ix":9,"mn":"ADBE Vector Group","hd":false},{"ty":"gr","it":[{"ind":0,"ty":"sh","ix":1,"ks":{"a":0,"k":{"i":[[0,-3.867],[3.866,0],[0,3.867],[-3.868,0]],"o":[[0,3.867],[-3.868,0],[0,-3.867],[3.866,0]],"v":[[7.002,-0.001],[0,7.002],[-7.002,-0.001],[0,-7.002]],"c":true},"ix":2},"nm":"Path 1","mn":"ADBE Vector Shape - Group","hd":false},{"ty":"fl","c":{"a":0,"k":[0.811999990426,0.811999990426,0.811999990426,1],"ix":4},"o":{"a":0,"k":100,"ix":5},"r":1,"bm":0,"nm":"Fill 1","mn":"ADBE Vector Graphic - Fill","hd":false},{"ty":"tr","p":{"a":0,"k":[40.536,41.892],"ix":2},"a":{"a":0,"k":[0,0],"ix":1},"s":{"a":0,"k":[100,100],"ix":3},"r":{"a":0,"k":0,"ix":6},"o":{"a":0,"k":100,"ix":7},"sk":{"a":0,"k":0,"ix":4},"sa":{"a":0,"k":0,"ix":5},"nm":"Transform"}],"nm":"Group 10","np":2,"cix":2,"bm":0,"ix":10,"mn":"ADBE Vector Group","hd":false},{"ty":"gr","it":[{"ind":0,"ty":"sh","ix":1,"ks":{"a":0,"k":{"i":[[0,-3.867],[3.866,0],[0,3.867],[-3.867,0]],"o":[[0,3.867],[-3.867,0],[0,-3.867],[3.866,0]],"v":[[7.003,0],[0,7.002],[-7.003,0],[0,-7.002]],"c":true},"ix":2},"nm":"Path 1","mn":"ADBE Vector Shape - Group","hd":false},{"ty":"fl","c":{"a":0,"k":[0.811999990426,0.811999990426,0.811999990426,1],"ix":4},"o":{"a":0,"k":100,"ix":5},"r":1,"bm":0,"nm":"Fill 1","mn":"ADBE Vector Graphic - Fill","hd":false},{"ty":"tr","p":{"a":0,"k":[57.094,38.489],"ix":2},"a":{"a":0,"k":[0,0],"ix":1},"s":{"a":0,"k":[100,100],"ix":3},"r":{"a":0,"k":0,"ix":6},"o":{"a":0,"k":100,"ix":7},"sk":{"a":0,"k":0,"ix":4},"sa":{"a":0,"k":0,"ix":5},"nm":"Transform"}],"nm":"Group 11","np":2,"cix":2,"bm":0,"ix":11,"mn":"ADBE Vector Group","hd":false},{"ty":"gr","it":[{"ind":0,"ty":"sh","ix":1,"ks":{"a":0,"k":{"i":[[0,-3.867],[3.867,0],[0,3.867],[-3.867,0]],"o":[[0,3.867],[-3.867,0],[0,-3.867],[3.867,0]],"v":[[7.002,0],[0,7.002],[-7.002,0],[0,-7.002]],"c":true},"ix":2},"nm":"Path 1","mn":"ADBE Vector Shape - Group","hd":false},{"ty":"fl","c":{"a":0,"k":[0.811999990426,0.811999990426,0.811999990426,1],"ix":4},"o":{"a":0,"k":100,"ix":5},"r":1,"bm":0,"nm":"Fill 1","mn":"ADBE Vector Graphic - Fill","hd":false},{"ty":"tr","p":{"a":0,"k":[31.448,62.898],"ix":2},"a":{"a":0,"k":[0,0],"ix":1},"s":{"a":0,"k":[100,100],"ix":3},"r":{"a":0,"k":0,"ix":6},"o":{"a":0,"k":100,"ix":7},"sk":{"a":0,"k":0,"ix":4},"sa":{"a":0,"k":0,"ix":5},"nm":"Transform"}],"nm":"Group 12","np":2,"cix":2,"bm":0,"ix":12,"mn":"ADBE Vector Group","hd":false},{"ty":"gr","it":[{"ind":0,"ty":"sh","ix":1,"ks":{"a":0,"k":{"i":[[0,-3.867],[3.867,0],[0,3.867],[-3.866,0]],"o":[[0,3.867],[-3.866,0],[0,-3.867],[3.867,0]],"v":[[7.003,0],[-0.001,7.002],[-7.003,0],[-0.001,-7.002]],"c":true},"ix":2},"nm":"Path 1","mn":"ADBE Vector Shape - Group","hd":false},{"ty":"fl","c":{"a":0,"k":[0.811999990426,0.811999990426,0.811999990426,1],"ix":4},"o":{"a":0,"k":100,"ix":5},"r":1,"bm":0,"nm":"Fill 1","mn":"ADBE Vector Graphic - Fill","hd":false},{"ty":"tr","p":{"a":0,"k":[50.092,55.896],"ix":2},"a":{"a":0,"k":[0,0],"ix":1},"s":{"a":0,"k":[100,100],"ix":3},"r":{"a":0,"k":0,"ix":6},"o":{"a":0,"k":100,"ix":7},"sk":{"a":0,"k":0,"ix":4},"sa":{"a":0,"k":0,"ix":5},"nm":"Transform"}],"nm":"Group 13","np":2,"cix":2,"bm":0,"ix":13,"mn":"ADBE Vector Group","hd":false}],"ip":0,"op":126,"st":0,"bm":0},{"ddd":0,"ind":2,"ty":4,"nm":"ball","parent":3,"sr":1,"ks":{"o":{"a":0,"k":100,"ix":11},"r":{"a":0,"k":0,"ix":10},"p":{"a":0,"k":[35.282,36.333,0],"ix":2,"l":2},"a":{"a":0,"k":[31.698,31.698,0],"ix":1,"l":2},"s":{"a":0,"k":[100,100,100],"ix":6,"l":2}},"ao":0,"shapes":[{"ty":"gr","it":[{"ind":0,"ty":"sh","ix":1,"ks":{"a":0,"k":{"i":[[0,-17.368],[17.368,0],[0,17.368],[-17.368,0]],"o":[[0,17.368],[-17.368,0],[0,-17.368],[17.368,0]],"v":[[31.448,0],[0,31.448],[-31.448,0],[0,-31.448]],"c":true},"ix":2},"nm":"Path 1","mn":"ADBE Vector Shape - Group","hd":false},{"ty":"fl","c":{"a":0,"k":[1,1,1,1],"ix":4},"o":{"a":0,"k":100,"ix":5},"r":1,"bm":0,"nm":"Fill 1","mn":"ADBE Vector Graphic - Fill","hd":false},{"ty":"tr","p":{"a":0,"k":[31.698,31.698],"ix":2},"a":{"a":0,"k":[0,0],"ix":1},"s":{"a":0,"k":[100,100],"ix":3},"r":{"a":0,"k":0,"ix":6},"o":{"a":0,"k":100,"ix":7},"sk":{"a":0,"k":0,"ix":4},"sa":{"a":0,"k":0,"ix":5},"nm":"Transform"}],"nm":"Group 1","np":2,"cix":2,"bm":0,"ix":1,"mn":"ADBE Vector Group","hd":false}],"ip":0,"op":126,"st":0,"bm":0},{"ddd":0,"ind":3,"ty":4,"nm":"ball shadow","sr":1,"ks":{"o":{"a":0,"k":100,"ix":11},"r":{"a":0,"k":0,"ix":10},"p":{"a":0,"k":[112.464,572.301,0],"ix":2,"l":2},"a":{"a":0,"k":[42.056,42.057,0],"ix":1,"l":2},"s":{"a":0,"k":[100,100,100],"ix":6,"l":2}},"ao":0,"shapes":[{"ty":"gr","it":[{"ind":0,"ty":"sh","ix":1,"ks":{"a":0,"k":{"i":[[0,-23.089],[23.089,0],[0,23.089],[-23.089,0]],"o":[[0,23.089],[-23.089,0],[0,-23.089],[23.089,0]],"v":[[41.807,0],[0,41.807],[-41.807,0],[0,-41.807]],"c":true},"ix":2},"nm":"Path 1","mn":"ADBE Vector Shape - Group","hd":false},{"ty":"fl","c":{"a":0,"k":[0.811999990426,0.811999990426,0.811999990426,1],"ix":4},"o":{"a":0,"k":100,"ix":5},"r":1,"bm":0,"nm":"Fill 1","mn":"ADBE Vector Graphic - Fill","hd":false},{"ty":"tr","p":{"a":0,"k":[42.056,42.057],"ix":2},"a":{"a":0,"k":[0,0],"ix":1},"s":{"a":0,"k":[100,100],"ix":3},"r":{"a":0,"k":0,"ix":6},"o":{"a":0,"k":100,"ix":7},"sk":{"a":0,"k":0,"ix":4},"sa":{"a":0,"k":0,"ix":5},"nm":"Transform"}],"nm":"Group 1","np":2,"cix":2,"bm":0,"ix":1,"mn":"ADBE Vector Group","hd":false}],"ip":0,"op":126,"st":0,"bm":0}]}],"layers":[{"ddd":0,"ind":1,"ty":4,"nm":"grass mask","sr":1,"ks":{"o":{"a":0,"k":100,"ix":11},"r":{"a":0,"k":0,"ix":10},"p":{"a":0,"k":[521.04,753.32,0],"ix":2,"l":2},"a":{"a":0,"k":[479.77,255.33,0],"ix":1,"l":2},"s":{"a":0,"k":[100,100,100],"ix":6,"l":2}},"ao":0,"shapes":[{"ty":"gr","it":[{"ind":0,"ty":"sh","ix":1,"ks":{"a":0,"k":{"i":[[-1.28,-40.8],[23.872,21.504],[72.8,-9.957],[14.447,-5.642]],"o":[[0.701,21.506],[-128.136,-115.427],[-66.26,9.063],[-30.32,11.84]],"v":[[-478.24,-124.681],[-331.904,-63.893],[-298.896,-226.27],[-418.88,-198.44]],"c":true},"ix":2},"nm":"Path 1","mn":"ADBE Vector Shape - Group","hd":false},{"ty":"fl","c":{"a":0,"k":[0.579999976065,0.651000019148,0.113999998803,1],"ix":4},"o":{"a":0,"k":100,"ix":5},"r":1,"bm":0,"nm":"Fill 1","mn":"ADBE Vector Graphic - Fill","hd":false},{"ty":"tr","p":{"a":0,"k":[479.77,255.33],"ix":2},"a":{"a":0,"k":[0,0],"ix":1},"s":{"a":0,"k":[100,100],"ix":3},"r":{"a":0,"k":0,"ix":6},"o":{"a":0,"k":100,"ix":7},"sk":{"a":0,"k":0,"ix":4},"sa":{"a":0,"k":0,"ix":5},"nm":"Transform"}],"nm":"Group 2","np":2,"cix":2,"bm":0,"ix":1,"mn":"ADBE Vector Group","hd":false}],"ip":0,"op":14,"st":0,"bm":0},{"ddd":0,"ind":2,"ty":1,"nm":"hole mask","td":1,"sr":1,"ks":{"o":{"a":0,"k":100,"ix":11},"r":{"a":0,"k":0,"ix":10},"p":{"a":0,"k":[512,512,0],"ix":2,"l":2},"a":{"a":0,"k":[512,512,0],"ix":1,"l":2},"s":{"a":0,"k":[100,100,100],"ix":6,"l":2}},"ao":0,"hasMask":true,"masksProperties":[{"inv":false,"mode":"a","pt":{"a":0,"k":{"i":[[0,0],[14,-20],[0,0],[0,0],[62.959,-45.696],[0,0]],"o":[[0,0],[-14,20],[0,0],[0,0],[-62,45],[0,0]],"v":[[404,701],[308,920],[860,944],[706,702],[598,709.5],[473,708]],"c":true},"ix":1},"o":{"a":0,"k":100,"ix":3},"x":{"a":0,"k":0,"ix":4},"nm":"Mask 1"}],"sw":1024,"sh":1024,"sc":"#ffffff","ip":0,"op":126,"st":0,"bm":0},{"ddd":0,"ind":3,"ty":0,"nm":"Ball","tt":2,"refId":"comp_0","sr":1,"ks":{"o":{"a":0,"k":100,"ix":11},"r":{"a":0,"k":0,"ix":10},"p":{"a":1,"k":[{"i":{"x":0.855,"y":0.855},"o":{"x":0.167,"y":0.167},"t":0,"s":[50,582,0],"to":[18.227,-33.895,0],"ti":[-7.646,2.011,0]},{"i":{"x":0.584,"y":0.634},"o":{"x":0.187,"y":0.138},"t":10,"s":[126.75,522.244,0],"to":[178.27,-46.891,0],"ti":[-56.393,-61.636,0]},{"i":{"x":0.667,"y":0.801},"o":{"x":0.332,"y":0.787},"t":36,"s":[462.16,575.124,0],"to":[18.095,19.777,0],"ti":[-10.057,-22.584,0]},{"i":{"x":0.692,"y":1},"o":{"x":0.325,"y":0.029},"t":52,"s":[511.84,639.682,0],"to":[6.238,14.008,0],"ti":[-1.637,-8.419,0]},{"i":{"x":0.833,"y":0.833},"o":{"x":0.333,"y":0},"t":54,"s":[524.895,707.586,0],"to":[8.538,43.924,0],"ti":[1.919,-11.721,0]},{"t":56,"s":[530,752,0]}],"ix":2,"l":2},"a":{"a":0,"k":[106,576,0],"ix":1,"l":2},"s":{"a":1,"k":[{"i":{"x":[0.833,0.833,0.833],"y":[1,1,1]},"o":{"x":[0.167,0.167,0.167],"y":[0.167,0.167,0.513]},"t":12,"s":[63,63,100]},{"i":{"x":[0.648,0.648,0.648],"y":[0.936,0.936,0.959]},"o":{"x":[0.307,0.307,0.307],"y":[0,0,0]},"t":28,"s":[100,100,100]},{"i":{"x":[0.833,0.833,0.833],"y":[0.833,0.833,4.677]},"o":{"x":[0.33,0.33,0.33],"y":[-0.016,-0.016,0.006]},"t":52,"s":[130,130,100]},{"t":56,"s":[111,111,100]}],"ix":6,"l":2}},"ao":0,"w":1024,"h":1024,"ip":0,"op":58,"st":0,"bm":0},{"ddd":0,"ind":4,"ty":1,"nm":"mask","td":1,"sr":1,"ks":{"o":{"a":0,"k":100,"ix":11},"r":{"a":0,"k":0,"ix":10},"p":{"a":1,"k":[{"i":{"x":0.833,"y":0.833},"o":{"x":0.167,"y":0.167},"t":104,"s":[512,512,0],"to":[0,10,0],"ti":[0,-10,0]},{"t":106,"s":[512,572,0]}],"ix":2,"l":2},"a":{"a":0,"k":[512,512,0],"ix":1,"l":2},"s":{"a":0,"k":[100,100,100],"ix":6,"l":2}},"ao":0,"hasMask":true,"masksProperties":[{"inv":false,"mode":"a","pt":{"a":0,"k":{"i":[[0,0],[0,0],[0,-3.5],[-15,-0.5],[0,0],[0,0],[10.5,-0.75],[0,0]],"o":[[0,0],[0,0],[0,3.5],[15,0.5],[0,0],[0,0],[-10.75,0],[0,0]],"v":[[495.5,695.5],[453.5,700.5],[461.5,798.5],[674.5,801],[669,698],[555.5,697.5],[534.5,705.438],[512.5,697]],"c":true},"ix":1},"o":{"a":0,"k":100,"ix":3},"x":{"a":0,"k":0,"ix":4},"nm":"Mask 1"}],"sw":1024,"sh":1024,"sc":"#ffffff","ip":0,"op":126,"st":0,"bm":0},{"ddd":0,"ind":5,"ty":4,"nm":"stick","tt":2,"sr":1,"ks":{"o":{"a":0,"k":100,"ix":11},"r":{"a":1,"k":[{"i":{"x":[0.833],"y":[0.984]},"o":{"x":[0.333],"y":[0]},"t":34,"s":[0]},{"i":{"x":[0.667],"y":[1]},"o":{"x":[0.167],"y":[-0.025]},"t":42,"s":[19]},{"i":{"x":[0.667],"y":[1]},"o":{"x":[0.333],"y":[0]},"t":52,"s":[4]},{"i":{"x":[0.667],"y":[1]},"o":{"x":[0.633],"y":[0]},"t":60,"s":[4]},{"i":{"x":[0.667],"y":[1]},"o":{"x":[0.333],"y":[0]},"t":78,"s":[-5]},{"i":{"x":[0.833],"y":[1]},"o":{"x":[0.333],"y":[0]},"t":90,"s":[1]},{"i":{"x":[0.833],"y":[1]},"o":{"x":[0.167],"y":[0]},"t":98,"s":[-0.5]},{"t":106,"s":[0]}],"ix":10},"p":{"a":1,"k":[{"i":{"x":0.833,"y":0.707},"o":{"x":0.333,"y":0},"t":34,"s":[532.12,691.6,0],"to":[0,0,0],"ti":[0,0,0]},{"i":{"x":0.667,"y":1},"o":{"x":0.167,"y":0.124},"t":42,"s":[550.12,639.6,0],"to":[0,0,0],"ti":[0,0,0]},{"i":{"x":0.667,"y":0.667},"o":{"x":0.333,"y":0.333},"t":52,"s":[710.12,667.6,0],"to":[0,0,0],"ti":[0,0,0]},{"i":{"x":0.667,"y":1},"o":{"x":0.633,"y":0},"t":60,"s":[710.12,667.6,0],"to":[0,0,0],"ti":[0,0,0]},{"i":{"x":0.667,"y":1},"o":{"x":0.333,"y":0},"t":78,"s":[530.12,667.6,0],"to":[0,0,0],"ti":[0,0,0]},{"i":{"x":0.667,"y":1},"o":{"x":0.167,"y":0},"t":90,"s":[532.12,705.6,0],"to":[0,0,0],"ti":[0,0,0]},{"i":{"x":0.667,"y":1},"o":{"x":0.333,"y":0},"t":98,"s":[532.12,687.6,0],"to":[0,0,0],"ti":[0,0,0]},{"t":106,"s":[532.12,691.6,0]}],"ix":2,"l":2},"a":{"a":0,"k":[19.17,661.85,0],"ix":1,"l":2},"s":{"a":0,"k":[100,100,100],"ix":6,"l":2}},"ao":0,"shapes":[{"ty":"gr","it":[{"ind":0,"ty":"sh","ix":1,"ks":{"a":0,"k":{"i":[[16.64,0],[0,-10.16],[0,0],[-15.2,0],[0,0],[0,0]],"o":[[-13.68,0],[0,0],[0,0],[15.12,0],[0,0],[0,0]],"v":[[-1.4,-337.6],[-20.92,-318.8],[-20.92,329.2],[-0.04,337.6],[20.92,329.2],[18.04,-324.56]],"c":true},"ix":2},"nm":"Path 1","mn":"ADBE Vector Shape - Group","hd":false},{"ty":"fl","c":{"a":0,"k":[0.969000004787,0.783999992819,0.458999992819,1],"ix":4},"o":{"a":0,"k":100,"ix":5},"r":1,"bm":0,"nm":"Fill 1","mn":"ADBE Vector Graphic - Fill","hd":false},{"ty":"tr","p":{"a":0,"k":[21.17,337.85],"ix":2},"a":{"a":0,"k":[0,0],"ix":1},"s":{"a":0,"k":[100,100],"ix":3},"r":{"a":0,"k":0,"ix":6},"o":{"a":0,"k":100,"ix":7},"sk":{"a":0,"k":0,"ix":4},"sa":{"a":0,"k":0,"ix":5},"nm":"Transform"}],"nm":"Group 1","np":2,"cix":2,"bm":0,"ix":1,"mn":"ADBE Vector Group","hd":false}],"ip":0,"op":126,"st":0,"bm":0},{"ddd":0,"ind":6,"ty":4,"nm":"hole 2","sr":1,"ks":{"o":{"a":0,"k":100,"ix":11},"r":{"a":0,"k":0,"ix":10},"p":{"a":0,"k":[534.44,697.68,0],"ix":2,"l":2},"a":{"a":0,"k":[77.09,47.13,0],"ix":1,"l":2},"s":{"a":0,"k":[100,100,100],"ix":6,"l":2}},"ao":0,"shapes":[{"ty":"gr","it":[{"ind":0,"ty":"sh","ix":1,"ks":{"a":0,"k":{"i":[[52.08,2.32],[0,-35.52],[-46.16,0],[0.72,20.88]],"o":[[-49.04,-2.16],[0,30.32],[55.6,0],[-0.8,-23.76]],"v":[[6.12,-44.72],[-76.84,3.6],[6.12,46.88],[76.12,2.16]],"c":true},"ix":2},"nm":"Path 1","mn":"ADBE Vector Shape - Group","hd":false},{"ty":"fl","c":{"a":0,"k":[0.289999988032,0.289999988032,0.161000001197,1],"ix":4},"o":{"a":0,"k":100,"ix":5},"r":1,"bm":0,"nm":"Fill 1","mn":"ADBE Vector Graphic - Fill","hd":false},{"ty":"tr","p":{"a":0,"k":[77.09,47.13],"ix":2},"a":{"a":0,"k":[0,0],"ix":1},"s":{"a":0,"k":[100,100],"ix":3},"r":{"a":0,"k":0,"ix":6},"o":{"a":0,"k":100,"ix":7},"sk":{"a":0,"k":0,"ix":4},"sa":{"a":0,"k":0,"ix":5},"nm":"Transform"}],"nm":"Group 1","np":2,"cix":2,"bm":0,"ix":1,"mn":"ADBE Vector Group","hd":false}],"ip":0,"op":126,"st":0,"bm":0},{"ddd":0,"ind":7,"ty":4,"nm":"flag","parent":5,"sr":1,"ks":{"o":{"a":0,"k":100,"ix":11},"r":{"a":1,"k":[{"i":{"x":[0.667],"y":[1]},"o":{"x":[0.333],"y":[0]},"t":34,"s":[0]},{"i":{"x":[0.717],"y":[0.684]},"o":{"x":[0.303],"y":[0]},"t":42,"s":[-19]},{"i":{"x":[0.773],"y":[1]},"o":{"x":[0.423],"y":[0.684]},"t":48,"s":[-8.727]},{"i":{"x":[0.773],"y":[1]},"o":{"x":[0.167],"y":[0]},"t":52,"s":[-4]},{"i":{"x":[0.833],"y":[1]},"o":{"x":[0.551],"y":[0]},"t":60,"s":[-4]},{"i":{"x":[0.833],"y":[1]},"o":{"x":[0.167],"y":[0]},"t":72,"s":[5]},{"i":{"x":[0.667],"y":[1]},"o":{"x":[0.167],"y":[0]},"t":84,"s":[0]},{"t":98,"s":[0]}],"ix":10},"p":{"a":1,"k":[{"i":{"x":0.667,"y":1},"o":{"x":0.333,"y":0},"t":34,"s":[43.498,180.478,0],"to":[-5.967,4.17,0],"ti":[1.761,-2.205,0]},{"i":{"x":0.667,"y":0.609},"o":{"x":0.333,"y":0},"t":42,"s":[7.693,205.498,0],"to":[-1.521,1.905,0],"ti":[-7.317,3.677,0]},{"i":{"x":0.667,"y":1},"o":{"x":0.333,"y":0.216},"t":48,"s":[16.349,196.328,0],"to":[1.154,-0.58,0],"ti":[-0.573,0.268,0]},{"i":{"x":0.667,"y":1},"o":{"x":0.167,"y":0},"t":52,"s":[32.932,193.709,0],"to":[4.207,-1.965,0],"ti":[-0.573,0.268,0]},{"i":{"x":0.667,"y":1},"o":{"x":0.374,"y":0},"t":60,"s":[32.932,193.709,0],"to":[4.207,-1.965,0],"ti":[-0.573,0.268,0]},{"i":{"x":0.667,"y":1},"o":{"x":0.167,"y":0},"t":84,"s":[32.932,193.709,0],"to":[4.207,-1.965,0],"ti":[-1.761,2.205,0]},{"t":98,"s":[43.498,180.478,0]}],"ix":2,"l":2},"a":{"a":0,"k":[8.778,168.879,0],"ix":1,"l":2},"s":{"a":0,"k":[100,100,100],"ix":6,"l":2}},"ao":0,"shapes":[{"ty":"gr","it":[{"ind":0,"ty":"sh","ix":1,"ks":{"a":1,"k":[{"i":{"x":0.833,"y":1},"o":{"x":0.167,"y":0},"t":0,"s":[{"i":[[-2.16,-3.6],[38.08,-21.28],[43.28,-16.56],[22.08,-12.4],[4.32,3.6],[0.88,78.16],[-1.36,1.36],[-5.84,-5.04],[-67.84,-20.16],[-48.32,-2.16]],"o":[[2.08,3.52],[-49.04,27.44],[-43.28,16.56],[-16.48,9.28],[-2.24,-1.92],[-0.8,-71.44],[2.88,-2.88],[5.84,5.04],[67.84,20.16],[48.32,2.16]],"v":[[194.16,-61],[132,-7.56],[-46.96,74.68],[-151.6,117.24],[-192,151.16],[-195.44,-11.72],[-192.72,-149.72],[-177.52,-149.72],[-55.28,-102.44],[118.48,-66.6]],"c":true}]},{"i":{"x":0.667,"y":1},"o":{"x":0.333,"y":0},"t":34,"s":[{"i":[[-2.16,-3.6],[38.08,-21.28],[43.28,-16.56],[22.08,-12.4],[4.32,3.6],[0.88,78.16],[-1.36,1.36],[-5.84,-5.04],[-67.84,-20.16],[-48.32,-2.16]],"o":[[2.08,3.52],[-49.04,27.44],[-43.28,16.56],[-16.48,9.28],[-2.24,-1.92],[-0.8,-71.44],[2.88,-2.88],[5.84,5.04],[67.84,20.16],[48.32,2.16]],"v":[[194.16,-61],[132,-7.56],[-46.96,74.68],[-151.6,117.24],[-192,151.16],[-195.44,-11.72],[-192.72,-149.72],[-177.52,-149.72],[-55.28,-102.44],[118.48,-66.6]],"c":true}]},{"i":{"x":1,"y":1},"o":{"x":0.333,"y":0},"t":42,"s":[{"i":[[3.905,1.542],[30.734,30.957],[46.03,5.352],[24.883,-4.704],[2.945,4.791],[-24.112,74.353],[-1.723,0.854],[-3.926,-6.641],[-50.805,-49.27],[-10.912,-47.121]],"o":[[-3.793,-1.526],[-39.615,-39.856],[-46.029,-5.352],[-18.58,3.534],[-1.51,-2.535],[22.044,-67.958],[3.649,-1.811],[3.926,6.64],[50.805,49.27],[10.911,47.122]],"v":[[110.208,211.99],[67.044,150.347],[-45.844,101.409],[-145.616,113.172],[-194.73,132.423],[-146.003,-23.036],[-99.379,-152.949],[-84.974,-148.098],[28.76,-59.448],[120.275,121.451]],"c":true}]},{"i":{"x":0.833,"y":0.833},"o":{"x":0.167,"y":0},"t":48,"s":[{"i":[[3.203,2.715],[19.417,39.063],[44.636,12.45],[22.9,-10.81],[4.055,3.896],[-4.641,78.028],[-1.453,1.261],[-5.47,-5.44],[-49.739,-50.346],[4.489,-48.159]],"o":[[-3.119,-2.644],[-10.482,-20.847],[-27.987,-7.806],[-17.094,8.093],[-2.099,-2.073],[4.246,-71.317],[3.076,-2.669],[5.47,5.44],[72.226,73.108],[-4.489,48.159]],"v":[[44.391,252.933],[4.589,165.438],[-61.916,114.088],[-151.447,118.804],[-194.141,149.787],[-174.068,-13.882],[-149.583,-158.297],[-134.421,-157.224],[5.216,-50.028],[64.213,154.782]],"c":true}]},{"i":{"x":0.833,"y":0.833},"o":{"x":0.167,"y":0.167},"t":52,"s":[{"i":[[3.248,2.612],[20.261,38.288],[44.695,11.404],[22.851,-10.896],[4.069,3.879],[-4.335,78.022],[-1.448,1.266],[-5.49,-5.417],[-50.536,-49.242],[3.241,-47.921]],"o":[[-3.163,-2.546],[-11.698,-20.738],[-29.147,-7.067],[-17.057,8.157],[-2.106,-2.064],[3.966,-71.312],[3.065,-2.68],[5.49,5.417],[72.631,71.221],[-3.241,47.921]],"v":[[-0.917,251.684],[-12.021,166.083],[-78.515,113.604],[-150.988,118.673],[-193.548,149.813],[-186.116,-12.886],[-174.199,-150.355],[-159.038,-149.342],[-20.409,-51.119],[37.925,155.219]],"c":true}]},{"i":{"x":1,"y":1},"o":{"x":0.167,"y":0.167},"t":64,"s":[{"i":[[3.893,1.166],[32.187,27.337],[45.53,-3.37],[22.157,-12.111],[4.266,3.638],[-0.014,77.942],[-1.372,1.341],[-5.766,-5.092],[-61.795,-33.637],[-14.393,-44.557]],"o":[[-3.784,-1.161],[-28.876,-19.19],[-45.53,3.37],[-16.538,9.065],[-2.212,-1.94],[0.018,-71.239],[2.904,-2.839],[5.766,5.092],[78.352,44.562],[14.392,44.557]],"v":[[86.607,160.6],[26.866,97.686],[-53.478,74.993],[-144.503,116.823],[-185.172,150.183],[-186.743,-12.26],[-182.457,-149.824],[-167.301,-149.651],[-32.165,-100.525],[75.84,65.444]],"c":true}]},{"i":{"x":1,"y":1},"o":{"x":0,"y":0},"t":72,"s":[{"i":[[4.196,-0.144],[40.529,16.134],[44.347,-13.444],[20.944,-14.234],[4.611,3.218],[7.533,77.801],[-1.239,1.471],[-6.248,-4.525],[-66.236,-24.927],[-28.794,-38.864]],"o":[[-4.087,0.112],[-52.221,-20.757],[-44.347,13.444],[-15.63,10.65],[-2.396,-1.722],[-6.88,-71.112],[2.624,-3.115],[6.248,4.524],[66.237,24.928],[28.795,38.863]],"v":[[142.713,102.17],[78.55,62.85],[-44.488,62.979],[-131.297,113.547],[-168.662,150.785],[-185.96,-11.211],[-195.001,-148.941],[-179.856,-150.235],[-40.208,-114.285],[115.845,15.126]],"c":true}]},{"i":{"x":0.833,"y":1},"o":{"x":0,"y":0},"t":84,"s":[{"i":[[-2.523,-3.356],[35.661,-25.124],[42.432,-18.625],[22.08,-12.4],[4.32,3.6],[0.88,78.16],[-1.36,1.36],[-5.84,-5.04],[-68.732,-16.87],[-48.283,2.877]],"o":[[2.435,3.285],[-45.92,32.391],[-42.433,18.625],[-16.48,9.28],[-2.24,-1.92],[-0.8,-71.44],[2.88,-2.88],[5.84,5.04],[68.732,16.87],[48.283,-2.876]],"v":[[186.718,-90.717],[130.452,-31.103],[-43.14,69.936],[-151.6,117.24],[-192,151.16],[-195.44,-11.72],[-192.72,-149.72],[-177.52,-149.72],[-59.978,-106.578],[110.866,-88.417]],"c":true}]},{"i":{"x":0.833,"y":1},"o":{"x":0.167,"y":0},"t":98,"s":[{"i":[[-1.789,-3.798],[39.889,-17.657],[43.28,-16.56],[22.08,-12.4],[4.32,3.6],[0.88,78.16],[-1.36,1.36],[-5.84,-5.04],[-67.84,-20.16],[-47.908,-6.658]],"o":[[1.743,3.699],[-51.386,22.746],[-43.28,16.56],[-16.48,9.28],[-2.24,-1.92],[-0.8,-71.44],[2.88,-2.88],[5.84,5.04],[67.84,20.16],[47.908,6.658]],"v":[[197.305,-51.154],[130.431,-3.746],[-46.96,74.68],[-151.6,117.24],[-192,151.16],[-195.44,-11.72],[-192.72,-149.72],[-177.52,-149.72],[-55.28,-102.44],[122.477,-63.789]],"c":true}]},{"t":108,"s":[{"i":[[-2.16,-3.6],[38.08,-21.28],[43.28,-16.56],[22.08,-12.4],[4.32,3.6],[0.88,78.16],[-1.36,1.36],[-5.84,-5.04],[-67.84,-20.16],[-48.32,-2.16]],"o":[[2.08,3.52],[-49.04,27.44],[-43.28,16.56],[-16.48,9.28],[-2.24,-1.92],[-0.8,-71.44],[2.88,-2.88],[5.84,5.04],[67.84,20.16],[48.32,2.16]],"v":[[194.16,-61],[132,-7.56],[-46.96,74.68],[-151.6,117.24],[-192,151.16],[-195.44,-11.72],[-192.72,-149.72],[-177.52,-149.72],[-55.28,-102.44],[118.48,-66.6]],"c":true}]}],"ix":2},"nm":"Path 1","mn":"ADBE Vector Shape - Group","hd":false},{"ty":"fl","c":{"a":0,"k":[1,0.310000011968,0.156999999402,1],"ix":4},"o":{"a":0,"k":100,"ix":5},"r":1,"bm":0,"nm":"Fill 1","mn":"ADBE Vector Graphic - Fill","hd":false},{"ty":"tr","p":{"a":0,"k":[196.49,155.01],"ix":2},"a":{"a":0,"k":[0,0],"ix":1},"s":{"a":0,"k":[100,100],"ix":3},"r":{"a":0,"k":0,"ix":6},"o":{"a":0,"k":100,"ix":7},"sk":{"a":0,"k":0,"ix":4},"sa":{"a":0,"k":0,"ix":5},"nm":"Transform"}],"nm":"Group 1","np":2,"cix":2,"bm":0,"ix":1,"mn":"ADBE Vector Group","hd":false}],"ip":0,"op":126,"st":0,"bm":0},{"ddd":0,"ind":8,"ty":4,"nm":"hole","sr":1,"ks":{"o":{"a":0,"k":100,"ix":11},"r":{"a":0,"k":0,"ix":10},"p":{"a":0,"k":[534.44,697.68,0],"ix":2,"l":2},"a":{"a":0,"k":[77.09,47.13,0],"ix":1,"l":2},"s":{"a":0,"k":[100,100,100],"ix":6,"l":2}},"ao":0,"shapes":[{"ty":"gr","it":[{"ind":0,"ty":"sh","ix":1,"ks":{"a":0,"k":{"i":[[52.08,2.32],[0,-35.52],[-46.16,0],[0.72,20.88]],"o":[[-49.04,-2.16],[0,30.32],[55.6,0],[-0.8,-23.76]],"v":[[6.12,-44.72],[-76.84,3.6],[6.12,46.88],[76.12,2.16]],"c":true},"ix":2},"nm":"Path 1","mn":"ADBE Vector Shape - Group","hd":false},{"ty":"fl","c":{"a":0,"k":[0.289999988032,0.289999988032,0.161000001197,1],"ix":4},"o":{"a":0,"k":100,"ix":5},"r":1,"bm":0,"nm":"Fill 1","mn":"ADBE Vector Graphic - Fill","hd":false},{"ty":"tr","p":{"a":0,"k":[77.09,47.13],"ix":2},"a":{"a":0,"k":[0,0],"ix":1},"s":{"a":0,"k":[100,100],"ix":3},"r":{"a":0,"k":0,"ix":6},"o":{"a":0,"k":100,"ix":7},"sk":{"a":0,"k":0,"ix":4},"sa":{"a":0,"k":0,"ix":5},"nm":"Transform"}],"nm":"Group 1","np":2,"cix":2,"bm":0,"ix":1,"mn":"ADBE Vector Group","hd":false}],"ip":0,"op":126,"st":0,"bm":0},{"ddd":0,"ind":9,"ty":4,"nm":"shadow 2","sr":1,"ks":{"o":{"a":0,"k":100,"ix":11},"r":{"a":0,"k":0,"ix":10},"p":{"a":1,"k":[{"i":{"x":0.667,"y":1},"o":{"x":0.167,"y":0.167},"t":42,"s":[541.412,695.721,0],"to":[28.5,2,0],"ti":[-28.5,-2,0]},{"i":{"x":0.667,"y":0.667},"o":{"x":0.333,"y":0.333},"t":52,"s":[712.412,707.721,0],"to":[0,0,0],"ti":[0,0,0]},{"i":{"x":0.667,"y":1},"o":{"x":0.333,"y":0},"t":60,"s":[712.412,707.721,0],"to":[-22.667,0,0],"ti":[22.667,0,0]},{"t":78,"s":[576.412,707.721,0]}],"ix":2,"l":2},"a":{"a":0,"k":[50.047,14.238,0],"ix":1,"l":2},"s":{"a":0,"k":[61.599,96.599,100],"ix":6,"l":2}},"ao":0,"shapes":[{"ty":"gr","it":[{"ind":0,"ty":"sh","ix":1,"ks":{"a":0,"k":{"i":[[0,-7.726],[27.502,0],[0,7.726],[-27.502,0]],"o":[[0,7.726],[-27.502,0],[0,-7.726],[27.502,0]],"v":[[49.797,0],[0,13.988],[-49.797,0],[0,-13.988]],"c":true},"ix":2},"nm":"Path 1","mn":"ADBE Vector Shape - Group","hd":false},{"ty":"fl","c":{"a":0,"k":[0.579999976065,0.651000019148,0.113999998803,1],"ix":4},"o":{"a":0,"k":100,"ix":5},"r":1,"bm":0,"nm":"Fill 1","mn":"ADBE Vector Graphic - Fill","hd":false},{"ty":"tr","p":{"a":0,"k":[50.047,14.238],"ix":2},"a":{"a":0,"k":[0,0],"ix":1},"s":{"a":0,"k":[100,100],"ix":3},"r":{"a":0,"k":0,"ix":6},"o":{"a":0,"k":100,"ix":7},"sk":{"a":0,"k":0,"ix":4},"sa":{"a":0,"k":0,"ix":5},"nm":"Transform"}],"nm":"Group 1","np":2,"cix":2,"bm":0,"ix":1,"mn":"ADBE Vector Group","hd":false}],"ip":22,"op":82,"st":0,"bm":0},{"ddd":0,"ind":10,"ty":4,"nm":"shadow","parent":3,"sr":1,"ks":{"o":{"a":0,"k":100,"ix":11},"r":{"a":0,"k":0,"ix":10},"p":{"a":0,"k":[113.988,611.393,0],"ix":2,"l":2},"a":{"a":0,"k":[50.047,14.238,0],"ix":1,"l":2},"s":{"a":0,"k":[100.7,100.7,100],"ix":6,"l":2}},"ao":0,"shapes":[{"ty":"gr","it":[{"ind":0,"ty":"sh","ix":1,"ks":{"a":0,"k":{"i":[[0,-7.726],[27.502,0],[0,7.726],[-27.502,0]],"o":[[0,7.726],[-27.502,0],[0,-7.726],[27.502,0]],"v":[[49.797,0],[0,13.988],[-49.797,0],[0,-13.988]],"c":true},"ix":2},"nm":"Path 1","mn":"ADBE Vector Shape - Group","hd":false},{"ty":"fl","c":{"a":0,"k":[0.579999976065,0.651000019148,0.113999998803,1],"ix":4},"o":{"a":0,"k":100,"ix":5},"r":1,"bm":0,"nm":"Fill 1","mn":"ADBE Vector Graphic - Fill","hd":false},{"ty":"tr","p":{"a":0,"k":[50.047,14.238],"ix":2},"a":{"a":0,"k":[0,0],"ix":1},"s":{"a":0,"k":[100,100],"ix":3},"r":{"a":0,"k":0,"ix":6},"o":{"a":0,"k":100,"ix":7},"sk":{"a":0,"k":0,"ix":4},"sa":{"a":0,"k":0,"ix":5},"nm":"Transform"}],"nm":"Group 1","np":2,"cix":2,"bm":0,"ix":1,"mn":"ADBE Vector Group","hd":false}],"ip":22,"op":50,"st":0,"bm":0},{"ddd":0,"ind":11,"ty":4,"nm":"Grass","sr":1,"ks":{"o":{"a":0,"k":100,"ix":11},"r":{"a":0,"k":0,"ix":10},"p":{"a":0,"k":[521.04,753.32,0],"ix":2,"l":2},"a":{"a":0,"k":[479.77,255.33,0],"ix":1,"l":2},"s":{"a":0,"k":[100,100,100],"ix":6,"l":2}},"ao":0,"shapes":[{"ty":"gr","it":[{"ind":0,"ty":"sh","ix":1,"ks":{"a":0,"k":{"i":[[-9.2,-50.08],[-50.08,-64.639],[-75.12,-30],[-157.92,49.041],[271.36,57.04]],"o":[[6.24,33.841],[50.08,64.641],[52.72,21.12],[174,-54.08],[-257.04,-54.08]],"v":[[-377.04,-106.92],[-245.2,-2.76],[-98.88,146.2],[212.24,143.559],[80.4,-138.52]],"c":true},"ix":2},"nm":"Path 1","mn":"ADBE Vector Shape - Group","hd":false},{"ty":"fl","c":{"a":0,"k":[0.717999985639,0.819999964097,0.093999997307,1],"ix":4},"o":{"a":0,"k":100,"ix":5},"r":1,"bm":0,"nm":"Fill 1","mn":"ADBE Vector Graphic - Fill","hd":false},{"ty":"tr","p":{"a":0,"k":[502.49,212.53],"ix":2},"a":{"a":0,"k":[0,0],"ix":1},"s":{"a":0,"k":[100,100],"ix":3},"r":{"a":0,"k":0,"ix":6},"o":{"a":0,"k":100,"ix":7},"sk":{"a":0,"k":0,"ix":4},"sa":{"a":0,"k":0,"ix":5},"nm":"Transform"}],"nm":"Group 1","np":2,"cix":2,"bm":0,"ix":1,"mn":"ADBE Vector Group","hd":false},{"ty":"gr","it":[{"ind":0,"ty":"sh","ix":1,"ks":{"a":0,"k":{"i":[[-1.28,-40.8],[-56.88,-42.479],[-89.68,-34.32],[-144.96,32.96],[24.4,87.2],[268.96,28.96],[30.32,-11.84]],"o":[[2.32,71.2],[77.76,58],[89.68,34.321],[144.96,-32.961],[-30.32,-108.08],[-268.96,-28.961],[-30.32,11.84]],"v":[[-478.24,-124.68],[-306.88,-4.68],[-109.12,203.64],[252.08,222.121],[455.12,16.439],[20.08,-226.119],[-418.88,-198.44]],"c":true},"ix":2},"nm":"Path 1","mn":"ADBE Vector Shape - Group","hd":false},{"ty":"fl","c":{"a":0,"k":[0.579999976065,0.651000019148,0.113999998803,1],"ix":4},"o":{"a":0,"k":100,"ix":5},"r":1,"bm":0,"nm":"Fill 1","mn":"ADBE Vector Graphic - Fill","hd":false},{"ty":"tr","p":{"a":0,"k":[479.77,255.33],"ix":2},"a":{"a":0,"k":[0,0],"ix":1},"s":{"a":0,"k":[100,100],"ix":3},"r":{"a":0,"k":0,"ix":6},"o":{"a":0,"k":100,"ix":7},"sk":{"a":0,"k":0,"ix":4},"sa":{"a":0,"k":0,"ix":5},"nm":"Transform"}],"nm":"Group 2","np":2,"cix":2,"bm":0,"ix":2,"mn":"ADBE Vector Group","hd":false}],"ip":0,"op":126,"st":0,"bm":0}],"markers":[{"tm":0,"cm":"Rest","dr":0}]}