{"v":"5.8.1","fr":60,"ip":0,"op":254,"w":1024,"h":1024,"nm":"emoji_Last quarter moon face","ddd":0,"assets":[],"layers":[{"ddd":0,"ind":1,"ty":4,"nm":"EYE 2","parent":7,"sr":1,"ks":{"o":{"a":0,"k":100,"ix":11},"r":{"a":0,"k":0,"ix":10},"p":{"a":0,"k":[284.17,461.25,0],"ix":2,"l":2},"a":{"a":0,"k":[69.61,66.451,0],"ix":1,"l":2},"s":{"a":1,"k":[{"i":{"x":[0.667,0.667,0.667],"y":[1,1,1]},"o":{"x":[0.167,0.167,0.167],"y":[0,0.167,0]},"t":146,"s":[100,72,100]},{"t":150,"s":[100,100,100]}],"ix":6,"l":2}},"ao":0,"shapes":[{"ty":"gr","it":[{"ind":0,"ty":"sh","ix":1,"ks":{"a":0,"k":{"i":[[-40.08,-6.961],[-3.04,25.92],[9.84,8.4],[-2.16,-69.439],[-3.6,-2.72],[-24.08,10.801],[-1.6,-1.12]],"o":[[28,4.88],[2.4,-20.72],[-41.12,-35.121],[0.16,4.481],[3.04,-5.84],[1.76,-0.799],[2.16,1.52]],"v":[[13.52,61.32],[66.96,17.081],[51.28,-31.08],[-67.2,38.439],[-61.84,50.359],[-29.2,7.16],[-23.52,7.48]],"c":true},"ix":2},"nm":"Path 1","mn":"ADBE Vector Shape - Group","hd":false},{"ty":"fl","c":{"a":0,"k":[0.365000017952,0.250999989229,0.216000007181,1],"ix":4},"o":{"a":0,"k":100,"ix":5},"r":1,"bm":0,"nm":"Fill 1","mn":"ADBE Vector Graphic - Fill","hd":false},{"ty":"tr","p":{"a":0,"k":[69.61,66.451],"ix":2},"a":{"a":0,"k":[0,0],"ix":1},"s":{"a":0,"k":[100,100],"ix":3},"r":{"a":0,"k":0,"ix":6},"o":{"a":0,"k":100,"ix":7},"sk":{"a":0,"k":0,"ix":4},"sa":{"a":0,"k":0,"ix":5},"nm":"Transform"}],"nm":"Group 1","np":2,"cix":2,"bm":0,"ix":1,"mn":"ADBE Vector Group","hd":false}],"ip":146,"op":264,"st":146,"bm":0},{"ddd":0,"ind":2,"ty":4,"nm":"EYE","parent":7,"sr":1,"ks":{"o":{"a":0,"k":100,"ix":11},"r":{"a":0,"k":0,"ix":10},"p":{"a":0,"k":[284.17,461.25,0],"ix":2,"l":2},"a":{"a":0,"k":[69.61,66.451,0],"ix":1,"l":2},"s":{"a":1,"k":[{"i":{"x":[0.833,0.833,0.833],"y":[1,0.833,1]},"o":{"x":[0.333,0.333,0.333],"y":[0,0,0]},"t":14,"s":[100,100,100]},{"t":18,"s":[100,72,100]}],"ix":6,"l":2}},"ao":0,"shapes":[{"ty":"gr","it":[{"ind":0,"ty":"sh","ix":1,"ks":{"a":0,"k":{"i":[[-40.08,-6.961],[-3.04,25.92],[9.84,8.4],[-2.16,-69.439],[-3.6,-2.72],[-24.08,10.801],[-1.6,-1.12]],"o":[[28,4.88],[2.4,-20.72],[-41.12,-35.121],[0.16,4.481],[3.04,-5.84],[1.76,-0.799],[2.16,1.52]],"v":[[13.52,61.32],[66.96,17.081],[51.28,-31.08],[-67.2,38.439],[-61.84,50.359],[-29.2,7.16],[-23.52,7.48]],"c":true},"ix":2},"nm":"Path 1","mn":"ADBE Vector Shape - Group","hd":false},{"ty":"fl","c":{"a":0,"k":[0.365000017952,0.250999989229,0.216000007181,1],"ix":4},"o":{"a":0,"k":100,"ix":5},"r":1,"bm":0,"nm":"Fill 1","mn":"ADBE Vector Graphic - Fill","hd":false},{"ty":"tr","p":{"a":0,"k":[69.61,66.451],"ix":2},"a":{"a":0,"k":[0,0],"ix":1},"s":{"a":0,"k":[100,100],"ix":3},"r":{"a":0,"k":0,"ix":6},"o":{"a":0,"k":100,"ix":7},"sk":{"a":0,"k":0,"ix":4},"sa":{"a":0,"k":0,"ix":5},"nm":"Transform"}],"nm":"Group 1","np":2,"cix":2,"bm":0,"ix":1,"mn":"ADBE Vector Group","hd":false}],"ip":0,"op":20,"st":0,"bm":0},{"ddd":0,"ind":3,"ty":4,"nm":"close eye","parent":7,"sr":1,"ks":{"o":{"a":0,"k":100,"ix":11},"r":{"a":0,"k":-9.583,"ix":10},"p":{"a":0,"k":[296.774,497.522,0],"ix":2,"l":2},"a":{"a":0,"k":[74.59,38.422,0],"ix":1,"l":2},"s":{"a":0,"k":[-100,100,100],"ix":6,"l":2}},"ao":0,"shapes":[{"ty":"gr","it":[{"ind":0,"ty":"sh","ix":1,"ks":{"a":1,"k":[{"i":{"x":0,"y":1},"o":{"x":0.167,"y":0.167},"t":18,"s":[{"i":[[-2.976,-3.483],[-26.797,1.155],[-30.215,4.38],[-2.586,1.298],[-1.209,-2.351],[1.134,-2.953],[2.245,-3.194],[34.76,12.451],[6.609,17.927],[0.513,5.9]],"o":[[6.072,3.297],[22.709,-1.041],[2.198,-0.555],[2.351,-1.209],[1.612,3.27],[-1.764,3.482],[-20.103,29.36],[-18.37,-6.272],[-2.121,-5.547],[-0.394,-4.622]],"v":[[-65.45,-36.439],[0.396,-19.95],[58.798,-27.837],[66.282,-30.021],[72.728,-27.953],[70.507,-18.658],[64.477,-8.638],[-29.71,25.721],[-69.908,-13.826],[-73.947,-31.201]],"c":true}]},{"i":{"x":0.667,"y":1},"o":{"x":0.333,"y":0},"t":26,"s":[{"i":[[-2.976,-3.483],[-26.797,1.155],[-19.527,11.407],[-2.586,1.298],[-1.209,-2.351],[1.134,-2.953],[2.245,-3.194],[34.76,12.451],[6.609,17.927],[0.513,5.9]],"o":[[16.825,19.037],[22.709,-1.041],[2.485,-1.377],[2.351,-1.209],[1.612,3.27],[-1.764,3.482],[-20.103,29.36],[-18.37,-6.272],[-2.121,-5.547],[-0.394,-4.622]],"v":[[-65.575,-34.689],[-4.533,-2.238],[58.923,-25.837],[66.282,-30.021],[72.728,-27.953],[70.507,-18.658],[64.477,-8.638],[-29.71,25.721],[-69.908,-13.826],[-73.947,-31.201]],"c":true}]},{"i":{"x":0.833,"y":0.833},"o":{"x":1,"y":0},"t":138,"s":[{"i":[[-2.976,-3.483],[-26.797,1.155],[-19.527,11.407],[-2.586,1.298],[-1.209,-2.351],[1.134,-2.953],[2.245,-3.194],[34.76,12.451],[6.609,17.927],[0.513,5.9]],"o":[[16.825,19.037],[22.709,-1.041],[2.485,-1.377],[2.351,-1.209],[1.612,3.27],[-1.764,3.482],[-20.103,29.36],[-18.37,-6.272],[-2.121,-5.547],[-0.394,-4.622]],"v":[[-65.575,-34.689],[-4.533,-2.238],[58.923,-25.837],[66.282,-30.021],[72.728,-27.953],[70.507,-18.658],[64.477,-8.638],[-29.71,25.721],[-69.908,-13.826],[-73.947,-31.201]],"c":true}]},{"t":144,"s":[{"i":[[-2.976,-3.483],[-26.797,1.155],[-30.215,4.38],[-2.586,1.298],[-1.209,-2.351],[1.134,-2.953],[2.245,-3.194],[34.76,12.451],[6.609,17.927],[0.513,5.9]],"o":[[6.072,3.297],[22.709,-1.041],[2.198,-0.555],[2.351,-1.209],[1.612,3.27],[-1.764,3.482],[-20.103,29.36],[-18.37,-6.272],[-2.121,-5.547],[-0.394,-4.622]],"v":[[-65.45,-36.439],[0.396,-19.95],[58.798,-27.837],[66.282,-30.021],[72.728,-27.953],[70.507,-18.658],[64.477,-8.638],[-29.71,25.721],[-69.908,-13.826],[-73.947,-31.201]],"c":true}]}],"ix":2},"nm":"Path 1","mn":"ADBE Vector Shape - Group","hd":false},{"ty":"fl","c":{"a":0,"k":[0.365000017952,0.250999989229,0.216000007181,1],"ix":4},"o":{"a":0,"k":100,"ix":5},"r":1,"bm":0,"nm":"Fill 1","mn":"ADBE Vector Graphic - Fill","hd":false},{"ty":"tr","p":{"a":0,"k":[74.59,38.422],"ix":2},"a":{"a":0,"k":[0,0],"ix":1},"s":{"a":0,"k":[100,100],"ix":3},"r":{"a":0,"k":0,"ix":6},"o":{"a":0,"k":100,"ix":7},"sk":{"a":0,"k":0,"ix":4},"sa":{"a":0,"k":0,"ix":5},"nm":"Transform"}],"nm":"Group 1","np":2,"cix":2,"bm":0,"ix":1,"mn":"ADBE Vector Group","hd":false}],"ip":20,"op":146,"st":16,"bm":0},{"ddd":0,"ind":4,"ty":4,"nm":"mouth","parent":7,"sr":1,"ks":{"o":{"a":0,"k":100,"ix":11},"r":{"a":0,"k":0,"ix":10},"p":{"a":0,"k":[462.85,680.41,0],"ix":2,"l":2},"a":{"a":0,"k":[90.93,35.45,0],"ix":1,"l":2},"s":{"a":0,"k":[100,100,100],"ix":6,"l":2}},"ao":0,"shapes":[{"ty":"gr","it":[{"ind":0,"ty":"sh","ix":1,"ks":{"a":0,"k":{"i":[[44.96,0],[12.48,15.92],[-5.6,4.08],[-4.08,-2.241],[-43.92,22.88],[-5.92,-5.759],[6.32,-8.88]],"o":[[-52.16,0],[-4.32,-5.44],[3.76,-2.72],[38.64,21.359],[8.72,-4.559],[6,5.76],[-10.24,14.641]],"v":[[6.52,35.199],[-86.36,-3.84],[-83.8,-21.279],[-70.92,-22.159],[63.96,-19.68],[84.68,-29.44],[82.44,-0.72]],"c":true},"ix":2},"nm":"Path 1","mn":"ADBE Vector Shape - Group","hd":false},{"ty":"fl","c":{"a":0,"k":[0.365000017952,0.250999989229,0.216000007181,1],"ix":4},"o":{"a":0,"k":100,"ix":5},"r":1,"bm":0,"nm":"Fill 1","mn":"ADBE Vector Graphic - Fill","hd":false},{"ty":"tr","p":{"a":0,"k":[90.93,35.45],"ix":2},"a":{"a":0,"k":[0,0],"ix":1},"s":{"a":0,"k":[100,100],"ix":3},"r":{"a":0,"k":0,"ix":6},"o":{"a":0,"k":100,"ix":7},"sk":{"a":0,"k":0,"ix":4},"sa":{"a":0,"k":0,"ix":5},"nm":"Transform"}],"nm":"Group 1","np":2,"cix":2,"bm":0,"ix":1,"mn":"ADBE Vector Group","hd":false}],"ip":0,"op":254,"st":0,"bm":0},{"ddd":0,"ind":5,"ty":4,"nm":"gradient","parent":7,"sr":1,"ks":{"o":{"a":0,"k":100,"ix":11},"r":{"a":0,"k":0,"ix":10},"p":{"a":0,"k":[247.512,596.719,0],"ix":2,"l":2},"a":{"a":0,"k":[98.85,69.733,0],"ix":1,"l":2},"s":{"a":0,"k":[-100,100,100],"ix":6,"l":2}},"ao":0,"shapes":[{"ty":"gr","it":[{"ty":"gr","it":[{"ind":0,"ty":"sh","ix":1,"ks":{"a":0,"k":{"i":[[17.481,-7.257],[-12.4,-30],[-47.6,19.759],[12.4,29.92],[27.421,0.001]],"o":[[-47.6,19.68],[12.4,30.001],[47.6,-19.68],[-7.846,-18.982],[-15.916,-0.001]],"v":[[-22.44,-58.756],[-86.2,31.164],[22.44,49.724],[86.2,-40.196],[28.574,-69.482]],"c":true},"ix":2},"nm":"Path 2","mn":"ADBE Vector Shape - Group","hd":false},{"ty":"tr","p":{"a":0,"k":[0,0],"ix":2},"a":{"a":0,"k":[0,0],"ix":1},"s":{"a":0,"k":[100,100],"ix":3},"r":{"a":0,"k":0,"ix":6},"o":{"a":0,"k":100,"ix":7},"sk":{"a":0,"k":0,"ix":4},"sa":{"a":0,"k":0,"ix":5},"nm":"Transform"}],"nm":"Group 1","np":1,"cix":2,"bm":0,"ix":1,"mn":"ADBE Vector Group","hd":false},{"ty":"gf","o":{"a":0,"k":100,"ix":10},"r":1,"bm":0,"g":{"p":3,"k":{"a":0,"k":[0,0.984,0.753,0.176,0.625,0.984,0.753,0.176,1,0.984,0.753,0.176,0,1,0.5,0.5,1,0],"ix":9}},"s":{"a":0,"k":[-22.067,-45.731],"ix":5},"e":{"a":0,"k":[83.18,-66.297],"ix":6},"t":2,"h":{"a":0,"k":0.865,"ix":7},"a":{"a":0,"k":-155.59,"ix":8},"nm":"Gradient Fill 1","mn":"ADBE Vector Graphic - G-Fill","hd":false},{"ty":"tr","p":{"a":0,"k":[98.85,71.733],"ix":2},"a":{"a":0,"k":[0,0],"ix":1},"s":{"a":0,"k":[100,100],"ix":3},"r":{"a":0,"k":0,"ix":6},"o":{"a":0,"k":100,"ix":7},"sk":{"a":0,"k":0,"ix":4},"sa":{"a":0,"k":0,"ix":5},"nm":"Transform"}],"nm":"Group 1","np":2,"cix":2,"bm":0,"ix":1,"mn":"ADBE Vector Group","hd":false}],"ip":0,"op":264,"st":0,"bm":0},{"ddd":0,"ind":6,"ty":4,"nm":"gradient 2","parent":7,"sr":1,"ks":{"o":{"a":0,"k":100,"ix":11},"r":{"a":0,"k":0,"ix":10},"p":{"a":0,"k":[237.153,313.763,0],"ix":2,"l":2},"a":{"a":0,"k":[235.77,314.37,0],"ix":1,"l":2},"s":{"a":0,"k":[-100,100,100],"ix":6,"l":2}},"ao":0,"shapes":[{"ty":"gr","it":[{"ty":"gr","it":[{"ind":0,"ty":"sh","ix":1,"ks":{"a":0,"k":{"i":[[-35.36,-98.72],[192,-68.079],[0,0],[-86.64,42.56],[-22.45,-3.486],[-13.304,4.703],[9.12,17.36],[0,0]],"o":[[29.04,81.12],[0,0],[4.8,-4],[13.867,-6.807],[20.547,3.19],[133.92,-47.44],[-141.52,-271.44],[0,0]],"v":[[-93.68,-134.2],[-235.52,180.279],[-97.84,314.12],[-11.6,217],[47.374,217.163],[101.6,218.84],[154.16,-37.88],[-226.8,-314.12]],"c":true},"ix":2},"nm":"Path 2","mn":"ADBE Vector Shape - Group","hd":false},{"ty":"tr","p":{"a":0,"k":[0,0],"ix":2},"a":{"a":0,"k":[0,0],"ix":1},"s":{"a":0,"k":[100,100],"ix":3},"r":{"a":0,"k":0,"ix":6},"o":{"a":0,"k":100,"ix":7},"sk":{"a":0,"k":0,"ix":4},"sa":{"a":0,"k":0,"ix":5},"nm":"Transform"}],"nm":"Group 1","np":1,"cix":2,"bm":0,"ix":1,"mn":"ADBE Vector Group","hd":false},{"ty":"gf","o":{"a":0,"k":100,"ix":10},"r":1,"bm":0,"g":{"p":3,"k":{"a":0,"k":[0,1,0.969,0.702,0.625,1,0.969,0.702,1,1,0.969,0.702,0,1,0.5,0.5,1,0],"ix":9}},"s":{"a":0,"k":[-75.205,-97.078],"ix":5},"e":{"a":0,"k":[-411.172,-91.692],"ix":6},"t":2,"h":{"a":0,"k":0,"ix":7},"a":{"a":0,"k":0,"ix":8},"nm":"Gradient Fill 1","mn":"ADBE Vector Graphic - G-Fill","hd":false},{"ty":"tr","p":{"a":0,"k":[235.77,314.37],"ix":2},"a":{"a":0,"k":[0,0],"ix":1},"s":{"a":0,"k":[100,100],"ix":3},"r":{"a":0,"k":0,"ix":6},"o":{"a":0,"k":100,"ix":7},"sk":{"a":0,"k":0,"ix":4},"sa":{"a":0,"k":0,"ix":5},"nm":"Transform"}],"nm":"Group 1","np":2,"cix":2,"bm":0,"ix":1,"mn":"ADBE Vector Group","hd":false}],"ip":0,"op":266,"st":0,"bm":0},{"ddd":0,"ind":7,"ty":4,"nm":"moon","sr":1,"ks":{"o":{"a":0,"k":100,"ix":11},"r":{"a":1,"k":[{"i":{"x":[0.1],"y":[1]},"o":{"x":[0.552],"y":[0]},"t":0,"s":[0]},{"i":{"x":[0.309],"y":[1]},"o":{"x":[0.651],"y":[0]},"t":58,"s":[-41]},{"i":{"x":[0.667],"y":[1]},"o":{"x":[0.456],"y":[0]},"t":124,"s":[20]},{"i":{"x":[0.667],"y":[1]},"o":{"x":[0.333],"y":[0]},"t":158,"s":[-3]},{"i":{"x":[0.833],"y":[1]},"o":{"x":[0.333],"y":[0]},"t":180,"s":[1]},{"t":200,"s":[0]}],"ix":10},"p":{"a":1,"k":[{"i":{"x":0.1,"y":1},"o":{"x":0.552,"y":0},"t":0,"s":[511.89,511.63,0],"to":[-3.333,5,0],"ti":[0,1,0]},{"i":{"x":0.309,"y":1},"o":{"x":0.651,"y":0},"t":58,"s":[491.89,541.63,0],"to":[0,-1,0],"ti":[-3.333,5,0]},{"i":{"x":0.667,"y":1},"o":{"x":0.456,"y":0},"t":124,"s":[511.89,505.63,0],"to":[3.333,-5,0],"ti":[0,-1,0]},{"i":{"x":0.667,"y":0.667},"o":{"x":0.333,"y":0.333},"t":158,"s":[511.89,511.63,0],"to":[0,0,0],"ti":[0,0,0]},{"t":180,"s":[511.89,511.63,0]}],"ix":2,"l":2},"a":{"a":0,"k":[484.14,481.72,0],"ix":1,"l":2},"s":{"a":0,"k":[100,100,100],"ix":6,"l":2}},"ao":0,"shapes":[{"ty":"gr","it":[{"ind":0,"ty":"sh","ix":1,"ks":{"a":0,"k":{"i":[[-1.28,-0.319],[-1.12,2.56],[11.92,50.08],[0.96,1.84],[0,0],[19.36,-11.199],[5.28,-4.16],[0.32,-6.72],[-7.92,-3.279]],"o":[[-0.48,-2.56],[3.76,-8.719],[-0.64,-2.559],[0,0],[-3.84,22],[-5.84,3.36],[-5.28,4.16],[-0.48,8.561],[1.2,0.56]],"v":[[-22.44,50.12],[-21.64,42.44],[28.6,-43.641],[26.28,-50.119],[26.04,-49.96],[-12.76,2.12],[-30.04,12.44],[-40.04,29.24],[-26.12,49]],"c":true},"ix":2},"nm":"Path 1","mn":"ADBE Vector Shape - Group","hd":false},{"ty":"fl","c":{"a":0,"k":[0.948999980852,0.651000019148,0,1],"ix":4},"o":{"a":0,"k":100,"ix":5},"r":1,"bm":0,"nm":"Fill 1","mn":"ADBE Vector Graphic - Fill","hd":false},{"ty":"tr","p":{"a":0,"k":[520.69,558.61],"ix":2},"a":{"a":0,"k":[0,0],"ix":1},"s":{"a":0,"k":[100,100],"ix":3},"r":{"a":0,"k":0,"ix":6},"o":{"a":0,"k":100,"ix":7},"sk":{"a":0,"k":0,"ix":4},"sa":{"a":0,"k":0,"ix":5},"nm":"Transform"}],"nm":"Group 2","np":2,"cix":2,"bm":0,"ix":2,"mn":"ADBE Vector Group","hd":false},{"ty":"gr","it":[{"ind":0,"ty":"sh","ix":1,"ks":{"a":0,"k":{"i":[[26.8,-23.359],[114.72,6.48],[11.6,244.481],[-27.12,65.04],[-4.24,-88.72],[-244.32,-13.839],[-89.44,144.48],[1.12,4.321]],"o":[[-97.04,84.24],[-244.32,-13.839],[-3.28,-69.84],[-37.92,72.88],[11.6,244.481],[184.64,10.4],[2.8,-4.48],[-17.92,29.12]],"v":[[380.12,183.68],[24.12,306.16],[-428.92,-151.2],[-391.4,-356.56],[-444.92,-111.2],[8.12,346.16],[445.8,118.48],[448.04,104.88]],"c":true},"ix":2},"nm":"Path 1","mn":"ADBE Vector Shape - Group","hd":false},{"ty":"fl","c":{"a":0,"k":[0.984000052658,0.752999997606,0.176000004189,1],"ix":4},"o":{"a":0,"k":100,"ix":5},"r":1,"bm":0,"nm":"Fill 1","mn":"ADBE Vector Graphic - Fill","hd":false},{"ty":"tr","p":{"a":0,"k":[482.69,615.13],"ix":2},"a":{"a":0,"k":[0,0],"ix":1},"s":{"a":0,"k":[100,100],"ix":3},"r":{"a":0,"k":0,"ix":6},"o":{"a":0,"k":100,"ix":7},"sk":{"a":0,"k":0,"ix":4},"sa":{"a":0,"k":0,"ix":5},"nm":"Transform"}],"nm":"Group 4","np":2,"cix":2,"bm":0,"ix":4,"mn":"ADBE Vector Group","hd":false},{"ty":"gr","it":[{"ind":0,"ty":"sh","ix":1,"ks":{"a":0,"k":{"i":[[53.92,1.52],[44.08,17.68],[13.6,7.2],[3.84,4.8],[1.76,5.12],[3.84,1.92],[-5.84,13.68],[11.92,50.08],[58.08,21.12],[15.76,21.28],[-24.4,82.56],[-48.48,48.24],[17.12,-2],[-12.16,-257.36],[-244.32,-13.84],[-89.44,144.48],[16.16,-5.92]],"o":[[-47.44,-1.36],[-14.32,-5.76],[-5.28,-2.8],[-3.44,-4.32],[-6.96,-20.32],[-10.4,-5.281],[3.76,-8.72],[-5.84,-24.401],[-24.88,-9.04],[-52.4,-70.48],[19.36,-65.6],[12.24,-12.16],[-247.04,28.72],[11.6,244.48],[184.64,10.4],[9.04,-14.64],[-47.44,17.52]],"v":[[272.2,246.12],[133.56,217.32],[91.32,198.36],[75.56,188.04],[69.72,172.76],[41.96,148.84],[17.4,115.08],[67.64,29],[-14.28,-5.72],[-75.32,-54.68],[-108.28,-278.68],[-4.36,-452.76],[-19,-483.72],[-443.8,17.96],[9.24,475.32],[446.92,247.64],[425.24,221.24]],"c":true},"ix":2},"nm":"Path 1","mn":"ADBE Vector Shape - Group","hd":false},{"ty":"fl","c":{"a":0,"k":[1,0.898000021542,0.344999994016,1],"ix":4},"o":{"a":0,"k":100,"ix":5},"r":1,"bm":0,"nm":"Fill 2","mn":"ADBE Vector Graphic - Fill","hd":false},{"ty":"fl","c":{"a":0,"k":[1,0.898000021542,0.344999994016,1],"ix":4},"o":{"a":0,"k":100,"ix":5},"r":1,"bm":0,"nm":"Fill 1","mn":"ADBE Vector Graphic - Fill","hd":false},{"ty":"tr","p":{"a":0,"k":[481.57,485.97],"ix":2},"a":{"a":0,"k":[0,0],"ix":1},"s":{"a":0,"k":[100,100],"ix":3},"r":{"a":0,"k":0,"ix":6},"o":{"a":0,"k":100,"ix":7},"sk":{"a":0,"k":0,"ix":4},"sa":{"a":0,"k":0,"ix":5},"nm":"Transform"}],"nm":"Group 5","np":3,"cix":2,"bm":0,"ix":5,"mn":"ADBE Vector Group","hd":false}],"ip":0,"op":254,"st":0,"bm":0}],"markers":[{"tm":0,"cm":"Rest","dr":0}]}